warning: function `derived` is never used
   --> ARCH/projects/chirality-piping/core/reporting/result_export/src/source_blocks.rs:433:4
    |
433 | fn derived(recipe: &Value, row: &Value, inputs: &[&Value]) -> Result<(), String> {
    |    ^^^^^^^
    |
    = note: `#[warn(dead_code)]` (part of `#[warn(unused)]`) on by default

warning: `open_pipe_stress_result_export` (lib) generated 1 warning
warning: unnecessary parentheses around function argument
    --> src/retained_memory.rs:1607:27
     |
1607 | ...er((up(1, max_usize(4, fkr::KIND_ALIGN)) + up(4, max_usize(4, fkr::KIND_ALIGN)) + up(fkr::KIND, max_usize(4, fkr::KIND_ALIGN))), m...
     |       ^                                                                                                                          ^
     |
     = note: `#[warn(unused_parens)]` (part of `#[warn(unused)]`) on by default
help: remove these parentheses
     |
1607 -         (btree_node_upper((up(1, max_usize(4, fkr::KIND_ALIGN)) + up(4, max_usize(4, fkr::KIND_ALIGN)) + up(fkr::KIND, max_usize(4, fkr::KIND_ALIGN))), max_usize(4, fkr::KIND_ALIGN), 0, 1)) as u64, // Node(TrackerKey,()) (TrackerSet.holding: BTreeSet<(RuleTest, u32, Kind)>)
1607 +         (btree_node_upper(up(1, max_usize(4, fkr::KIND_ALIGN)) + up(4, max_usize(4, fkr::KIND_ALIGN)) + up(fkr::KIND, max_usize(4, fkr::KIND_ALIGN)), max_usize(4, fkr::KIND_ALIGN), 0, 1)) as u64, // Node(TrackerKey,()) (TrackerSet.holding: BTreeSet<(RuleTest, u32, Kind)>)
     |

warning: unnecessary parentheses around function argument
    --> src/retained_memory.rs:1608:27
     |
1608 | ...er((up(1, max_usize(4, fkr::KIND_ALIGN)) + up(4, max_usize(4, fkr::KIND_ALIGN)) + up(fkr::KIND, max_usize(4, fkr::KIND_ALIGN))), m...
     |       ^                                                                                                                          ^
     |
help: remove these parentheses
     |
1608 -         (btree_node_upper((up(1, max_usize(4, fkr::KIND_ALIGN)) + up(4, max_usize(4, fkr::KIND_ALIGN)) + up(fkr::KIND, max_usize(4, fkr::KIND_ALIGN))), max_usize(4, fkr::KIND_ALIGN), fkr::TRACKER, fkr::TRACKER_ALIGN)) as u64, // Node(TrackerKey,Tracker) (TrackerSet.trackers: BTreeMap<(RuleTest, u32, Kind), BoundedExtremeTracker>; RuleTest (private, fieldless) <= 1 byte)
1608 +         (btree_node_upper(up(1, max_usize(4, fkr::KIND_ALIGN)) + up(4, max_usize(4, fkr::KIND_ALIGN)) + up(fkr::KIND, max_usize(4, fkr::KIND_ALIGN)), max_usize(4, fkr::KIND_ALIGN), fkr::TRACKER, fkr::TRACKER_ALIGN)) as u64, // Node(TrackerKey,Tracker) (TrackerSet.trackers: BTreeMap<(RuleTest, u32, Kind), BoundedExtremeTracker>; RuleTest (private, fieldless) <= 1 byte)
     |

warning: function `is_exact_pressure_result_kind` is never used
     --> src/lib.rs:10337:4
      |
10337 | fn is_exact_pressure_result_kind(kind: &str) -> bool {
      |    ^^^^^^^^^^^^^^^^^^^^^^^^^^^^^
      |
      = note: `#[warn(dead_code)]` (part of `#[warn(unused)]`) on by default

warning: fields `support_id`, `global_dof`, `value`, and `functional_index` are never read
   --> src/source_recovery.rs:146:9
    |
145 | pub(super) struct SpringAction {
    |                   ------------ fields in this struct
146 |     pub support_id: String,
    |         ^^^^^^^^^^
147 |     pub global_dof: usize,
    |         ^^^^^^^^^^
148 |     pub value: f64,
    |         ^^^^^
149 |     pub functional_index: usize,
    |         ^^^^^^^^^^^^^^^^
    |
    = note: `SpringAction` has derived impls for the traits `Clone` and `Debug`, but these are intentionally ignored during dead code analysis

warning: multiple fields are never read
   --> src/source_recovery.rs:171:9
    |
170 | pub(super) struct RecoverySummary {
    |                   --------------- fields in this struct
171 |     pub dofs: usize,
    |         ^^^^
172 |     pub stiffness_contributions: usize,
    |         ^^^^^^^^^^^^^^^^^^^^^^^
173 |     pub identified_load_contributions: usize,
    |         ^^^^^^^^^^^^^^^^^^^^^^^^^^^^^
174 |     pub blocks: usize,
    |         ^^^^^^
175 |     pub largest_block: usize,
    |         ^^^^^^^^^^^^^
176 |     pub member_end_components: usize,
    |         ^^^^^^^^^^^^^^^^^^^^^
177 |     pub section_components: usize,
    |         ^^^^^^^^^^^^^^^^^^
178 |     pub spring_actions: usize,
    |         ^^^^^^^^^^^^^^
179 |     pub support_components: usize,
    |         ^^^^^^^^^^^^^^^^^^
180 |     pub published_nodal_components: usize,
    |         ^^^^^^^^^^^^^^^^^^^^^^^^^^
181 |     pub functional_count: usize,
    |         ^^^^^^^^^^^^^^^^
182 |     pub dof_projection_count: usize,
    |         ^^^^^^^^^^^^^^^^^^^^
183 |     pub max_absolute_projection_error: f64,
    |         ^^^^^^^^^^^^^^^^^^^^^^^^^^^^^
184 |     pub max_relative_projection_error: f64,
185 |     pub relative_limit: f64,
    |         ^^^^^^^^^^^^^^
    |
    = note: `RecoverySummary` has derived impls for the traits `Clone` and `Debug`, but these are intentionally ignored during dead code analysis

warning: field `springs` is never read
   --> src/source_recovery.rs:198:5
    |
192 | pub(super) struct SelectedSourceRecovery {
    |                   ---------------------- field in this struct
...
198 |     springs: Vec<SpringAction>,
    |     ^^^^^^^
    |
    = note: `SelectedSourceRecovery` has a derived impl for the trait `Debug`, but this is intentionally ignored during dead code analysis

warning: method `spring_actions` is never used
   --> src/source_recovery.rs:224:12
    |
207 | impl SelectedSourceRecovery {
    | --------------------------- method in this implementation
...
224 |     pub fn spring_actions(&self) -> &[SpringAction] {
    |            ^^^^^^^^^^^^^^

warning: `open_pipe_stress_product_physics` (lib test) generated 7 warnings (run `cargo fix --lib -p open_pipe_stress_product_physics --tests` to apply 2 suggestions)
    Finished `test` profile [unoptimized + debuginfo] target(s) in 0.01s
     Running unittests src/lib.rs (WT/targets/i98-b2w/debug/deps/open_pipe_stress_product_physics-e08917abb99aa3a9)

running 1 test
test retained_memory::zz_i98_probe::zz_i98_files ... I98_FILE milestone file_sha=dcdc8e652edcddf656fae37fc70720f98c3d604b0f5100d6cdde356fa699140b
I98_FILE cb2_case_c file_sha=ce1b76a8f0ddce84bdd86e9bd416b1d61a6a8a675cdd8bd51dfe5bb2dcca9884
I98_FILE cb3_a file_sha=b42309107c13b5c31972a0bf24f61b96fd128f75f91326e5b6db4a25f209a6fa
I98_FILE cb3_v1_b file_sha=f09d0664dbed500b6dc45ac5c6651f7aea6073e8ab3390e2ccc716cd2a309fe5
I98_FILE cb3_v1_ab file_sha=63fad09d4e186f8ac9d0f9aad81c35689686632fb36d5c2cc0cbce0f3754faa9
I98_FILE i86_case_a file_sha=39c44bc3cb9ffa9889d79dcf460d0c78acf900f49126533f6c941e8cc5fe3fac
I98_CENSUS milestone input_sha=8d1967a756b09072f7359cafa5818aad259c2e01dc45f9305cdf5459cd422c76 profile=Registered census_complete=true domain=None refusal=None required=Some(3575778286) loads_per_case=[3] loads_total=3 combinations=0 over=[] at_cap=["ModelMaterialsCapacity=4/4", "LoadCasesCapacity=1/1", "MaterialExpansionLawsCapacity=4/4"] rows=["Nodes=2/32", "NodesCapacity=2/32", "Members=1/32", "MembersCapacity=1/32", "Supports=4/32", "SupportsCapacity=4/32", "Restraints=6/192", "Springs=3/192", "Loads=3/128", "LoadsCapacity=3/128", "ModelMaterials=1/4", "RequestMaterials=0/4", "TemperaturePoints=0/16", "LoadCasesCapacity=1/1", "TypedTextBytes=46/128", "RawTextBytes=46/128", "RawKeyTextBytes=23/128", "RawValues=150/16384", "RawDepth=7/16", "RawStringBytes=1039/65536", "RawKeyBytes=855/65536", "RawArrayCapacity=18/32768", "RawStringCapacity=1039/131072", "RawKeyCapacity=855/131072", "DigestCapacity=64/128", "ControlBytes=0/0"]
I98_BEGIN milestone sparse_interactive registered=true input_sha=8d1967a756b09072f7359cafa5818aad259c2e01dc45f9305cdf5459cd422c76
I98_ORDINARY milestone sparse_interactive status={"mechanics":"MECHANICS_SOLVED","professional_acceptance":"NOT_PROVIDED","rule_check":"RULE_INPUTS_INCOMPLETE"} results=98 plain_sha=9c7ec1a144a729f456a25fedb5dbe6a7dafde67d52b9cc8caff6c39bb0050871 plain_len=68250 published_verdicts=[{"ref":"case","solve_quality":"sensitive"}] rcond=["2.606477882912165e-8"] refinement_attempts=["0"] assembly=["rel=0.0 amp=0.0 load=0.0"] d5=["formation_check: reason=estimate; row=N1:RX; doubled_correction=8.093801056572112e-14; scale=3.333666549241316e-5; trigger_ratio=2.427897612739378"] range_scaling=[] diagnostics={"LOAD_CATEGORY_PREVIEW_MAPPED:warning": 3, "NUMERICAL_INTEGRITY_SENSITIVE:warning": 1, "RULE_CHECK_INPUTS_MISSING:warning": 1, "SOURCE_BLOCK_RECOVERY_UNAVAILABLE:info": 1} ms=4
I98_MARK ordinary_done t_us=1791417164054738
I98_SEEDS site=permitted_run mechanics="MECHANICS_SOLVED" exact_selected=false quality=[{"ref":"case","solve_quality":"sensitive"}] seeds=[{"case":"case","d5_ref":"diagnostic:numerical-integrity:case","initial":{"kind":"report","outcome":"NUMERICAL_INTEGRITY_SENSITIVE","ref":"diagnostic:numerical-integrity:case"},"legacy":"unavailable(stage=source closure)","load_row_finding":false,"recovery_demoted":false,"w2":{"kind":"not_triggered"}}]
I98_SEEDS site=retained_w1 mechanics="MECHANICS_SOLVED" exact_selected=false quality=[{"ref":"case","solve_quality":"sensitive"}] seeds=[{"case":"case","d5_ref":"diagnostic:numerical-integrity:case","initial":{"kind":"report","outcome":"NUMERICAL_INTEGRITY_SENSITIVE","ref":"diagnostic:numerical-integrity:case"},"legacy":"unavailable(stage=source closure)","load_row_finding":false,"recovery_demoted":false,"w2":{"kind":"not_triggered"}}]
I98_W1_START case=case
I98_MARK w1_start t_us=1791417164055607
I98_MARK prepared t_us=1791417164056229
I98_NATIVE_OUTCOME Selected
I98_MARK native_selected t_us=1791417164099896
I51_DUAL_LANES (LaneReadouts { anchor: ProofAnchor { owner: ProductOwnerStamp { run: 0, .. } }, law: AdmittedK, rows: [Enclosure { lo: Z+, hi: Z+ }, Enclosure { lo: Z+, hi: Z+ }, Enclosure { lo: Z+, hi: Z+ }, Enclosure { lo: +8bcf64e5ec10eaaaaaaaaaaaaaaaaaaaaaaaaaaaaaaaaaaaaaaaaaaaaaaaaaaaaaaaaa960c49ca6366513da9bec544c691a3b0279d0dd3c0ca4587e6b74f0329161f9add3c0ca4587e6b74f0329161f9add3c0ca4587e6b74f0329161f9add3c0ca4587e6b74f0329161f9add3c0ca4587e6b74f0329161f9add3c0c86ac1e74p-15, hi: +8bcf64e5ec10eaaaaaaaaaaaaaaaaaaaaaaaaaaaaaaaaaaaaaaaaaaaaaaaaaaaaaaaaabf4dca3d9c99aec256413abb396e5c4fd862f22c3f35ba781948b0fcd6e9e06522c3f35ba781948b0fcd6e9e06522c3f35ba781948b0fcd6e9e06522c3f35ba781948b0fcd6e9e06522c3f35ba781948b0fcd6e9e06522c3f37953e18cp-15 }, Enclosure { lo: +a4ed3f1b0e725c3dee78183f91e646f156191148fd9fd36f7e3d1cc100e6afcce1c43849dc784a6513da9bec544c691a3b0279d0dd3c0ca4587e6b74f0329161f9add3c0ca4587e6b74f0329161f9add3c0ca4587e6b74f0329161f9add3c0ca4587e6b74f0329161f9add3c0ca4587e6b...[cut by sanitize.py: 55873 bytes, sha256 a5a384cd048e9c7832d6fc5526042f89b93ee090a8b6f3705ddcd4f058e19b4a]
I51_FROZEN_ROWS {"g5a":"None","numeric_pass":true,"observables":"None","rows":[{"bits":"3ff0000000000000","id":"result:solver-mode:linear-solve-basis","kind":"linear_solver_mode_basis","unit":"mode_code","value":1.0},{"bits":"0000000000000000","id":"result:disp:N0","kind":"displacement_magnitude","unit":"mm","value":0.0},{"bits":"3fb821e751965334","id":"result:disp:N1","kind":"displacement_magnitude","unit":"mm","value":0.09426732770800755},{"bits":"0000000000000000","id":"result:disp:N0:ux","kind":"global_nodal_displacement_x","unit":"mm","value":0.0},{"bits":"0000000000000000","id":"result:disp:N0:uy","kind":"global_nodal_displacement_y","unit":"mm","value":0.0},{"bits":"0000000000000000","id":"result:disp:N0:uz","kind":"global_nodal_displacement_z","unit":"mm","value":0.0},{"bits":"3f0179ec9cbd821d","id":"result:disp:N0:rx","kind":"global_nodal_rotation_x","unit":"rad","value":0.00003333333333333333},{"bits":"3e449da7e361ce4c","id":"result:disp:N0:ry","kind":"global_nodal_rotation_y...[cut by sanitize.py: 38836 bytes, sha256 554a46440c56e0fe131eba2310cc175e641eb0b7b1568be5bf4809e10df34b2f]
I98_MARK candidate t_us=1791417164644312
I98_MARK staged t_us=1791417164644360
I98_MARK serialized t_us=1791417164665166
I98_MARK precommit_ok t_us=1791417164704867
I98_ADMISSION milestone sparse_interactive profile=Registered allowance=Unselected refusal=None domain=None required=Some(3575778286) census_complete=true
I98_W1 milestone sparse_interactive cause=Ok(successor) phase=E_mov,max (successor) counts=Counts { runs: 1, complete_gates: 1 } one_run_through_g_c=true armed_before=[] armed_after=[] envelope_is_plain=true published_successor=true notices=0 bytes_eq_with_notice_plain_case_none=false bytes_eq_plain=false published_sha=1d9ba7098dd20390357851e84a136890581a625ae21bf928864c30bc98a1a8c9 published_len=113733 direct_ms=654
I98_SUCCESSOR milestone sparse_interactive receipt_sha256="efc1a39bbe83840df6bd0761c932b8020285d3b8c005ba8fd0b45ba10d667494" rust_reader=PASS invocation_bound=true numerical_eligible=true classifications=98 case_status="selected" ordinary_initial={"kind":"report","outcome":"sensitive","report_diagnostic_ref":"diagnostic:numerical-integrity:case"} ordinary_w2={"kind":"not_triggered"}
I98_SUCCESSOR_FILE milestone sparse_interactive successor_milestone_sparse_interactive.json sha=1d9ba7098dd20390357851e84a136890581a625ae21bf928864c30bc98a1a8c9
I98_MARK witness_ordinary_done t_us=1791417164760196
I98_SEEDS site=retained_w1 mechanics="MECHANICS_SOLVED" exact_selected=false quality=[{"ref":"case","solve_quality":"sensitive"}] seeds=[{"case":"case","d5_ref":"diagnostic:numerical-integrity:case","initial":{"kind":"report","outcome":"NUMERICAL_INTEGRITY_SENSITIVE","ref":"diagnostic:numerical-integrity:case"},"legacy":"unavailable(stage=source closure)","load_row_finding":false,"recovery_demoted":false,"w2":{"kind":"not_triggered"}}]
I98_W1_START case=case
I98_MARK w1_start t_us=1791417164760611
I98_MARK prepared t_us=1791417164761224
I98_NATIVE_OUTCOME Selected
I98_MARK native_selected t_us=1791417164805156
I51_DUAL_LANES (LaneReadouts { anchor: ProofAnchor { owner: ProductOwnerStamp { run: 0, .. } }, law: AdmittedK, rows: [Enclosure { lo: Z+, hi: Z+ }, Enclosure { lo: Z+, hi: Z+ }, Enclosure { lo: Z+, hi: Z+ }, Enclosure { lo: +8bcf64e5ec10eaaaaaaaaaaaaaaaaaaaaaaaaaaaaaaaaaaaaaaaaaaaaaaaaaaaaaaaaa960c49ca6366513da9bec544c691a3b0279d0dd3c0ca4587e6b74f0329161f9add3c0ca4587e6b74f0329161f9add3c0ca4587e6b74f0329161f9add3c0ca4587e6b74f0329161f9add3c0ca4587e6b74f0329161f9add3c0c86ac1e74p-15, hi: +8bcf64e5ec10eaaaaaaaaaaaaaaaaaaaaaaaaaaaaaaaaaaaaaaaaaaaaaaaaaaaaaaaaabf4dca3d9c99aec256413abb396e5c4fd862f22c3f35ba781948b0fcd6e9e06522c3f35ba781948b0fcd6e9e06522c3f35ba781948b0fcd6e9e06522c3f35ba781948b0fcd6e9e06522c3f35ba781948b0fcd6e9e06522c3f37953e18cp-15 }, Enclosure { lo: +a4ed3f1b0e725c3dee78183f91e646f156191148fd9fd36f7e3d1cc100e6afcce1c43849dc784a6513da9bec544c691a3b0279d0dd3c0ca4587e6b74f0329161f9add3c0ca4587e6b74f0329161f9add3c0ca4587e6b74f0329161f9add3c0ca4587e6b74f0329161f9add3c0ca4587e6b...[cut by sanitize.py: 55873 bytes, sha256 a5a384cd048e9c7832d6fc5526042f89b93ee090a8b6f3705ddcd4f058e19b4a]
I51_FROZEN_ROWS {"g5a":"None","numeric_pass":true,"observables":"None","rows":[{"bits":"3ff0000000000000","id":"result:solver-mode:linear-solve-basis","kind":"linear_solver_mode_basis","unit":"mode_code","value":1.0},{"bits":"0000000000000000","id":"result:disp:N0","kind":"displacement_magnitude","unit":"mm","value":0.0},{"bits":"3fb821e751965334","id":"result:disp:N1","kind":"displacement_magnitude","unit":"mm","value":0.09426732770800755},{"bits":"0000000000000000","id":"result:disp:N0:ux","kind":"global_nodal_displacement_x","unit":"mm","value":0.0},{"bits":"0000000000000000","id":"result:disp:N0:uy","kind":"global_nodal_displacement_y","unit":"mm","value":0.0},{"bits":"0000000000000000","id":"result:disp:N0:uz","kind":"global_nodal_displacement_z","unit":"mm","value":0.0},{"bits":"3f0179ec9cbd821d","id":"result:disp:N0:rx","kind":"global_nodal_rotation_x","unit":"rad","value":0.00003333333333333333},{"bits":"3e449da7e361ce4c","id":"result:disp:N0:ry","kind":"global_nodal_rotation_y...[cut by sanitize.py: 38836 bytes, sha256 554a46440c56e0fe131eba2310cc175e641eb0b7b1568be5bf4809e10df34b2f]
I98_MARK candidate t_us=1791417165350787
I98_MARK staged t_us=1791417165350835
I98_MARK serialized t_us=1791417165371363
I98_MARK precommit_ok t_us=1791417165406444
I98_WITNESS milestone sparse_interactive stack=4194304 ran=Successor furthest_phase=E_mov,max (successor) ms=650
I98_BEGIN milestone dense_scrutiny registered=true input_sha=8d1967a756b09072f7359cafa5818aad259c2e01dc45f9305cdf5459cd422c76
I98_ORDINARY milestone dense_scrutiny status={"mechanics":"MECHANICS_SOLVED","professional_acceptance":"NOT_PROVIDED","rule_check":"RULE_INPUTS_INCOMPLETE"} results=99 plain_sha=21ca629c27e6ca03b1411c8c51097f7a50f90429045b1e36313163014dd4278a plain_len=69366 published_verdicts=[{"ref":"case","solve_quality":"sensitive"}] rcond=["2.606477892402732e-8"] refinement_attempts=["0"] assembly=["rel=0.0 amp=0.0 load=0.0"] d5=["formation_check: reason=estimate; row=N1:RX; doubled_correction=1.6176971209150903e-13; scale=3.3336665371059296e-5; trigger_ratio=4.852606290728372"] range_scaling=[] diagnostics={"LOAD_CATEGORY_PREVIEW_MAPPED:warning": 3, "NUMERICAL_INTEGRITY_SENSITIVE:warning": 1, "RULE_CHECK_INPUTS_MISSING:warning": 1, "SOURCE_BLOCK_RECOVERY_UNAVAILABLE:info": 1} ms=4
I98_MARK ordinary_done t_us=1791417165420216
I98_SEEDS site=permitted_run mechanics="MECHANICS_SOLVED" exact_selected=false quality=[{"ref":"case","solve_quality":"sensitive"}] seeds=[{"case":"case","d5_ref":"diagnostic:numerical-integrity:case","initial":{"kind":"report","outcome":"NUMERICAL_INTEGRITY_SENSITIVE","ref":"diagnostic:numerical-integrity:case"},"legacy":"unavailable(stage=source closure)","load_row_finding":false,"recovery_demoted":false,"w2":{"kind":"not_triggered"}}]
I98_SEEDS site=retained_w1 mechanics="MECHANICS_SOLVED" exact_selected=false quality=[{"ref":"case","solve_quality":"sensitive"}] seeds=[{"case":"case","d5_ref":"diagnostic:numerical-integrity:case","initial":{"kind":"report","outcome":"NUMERICAL_INTEGRITY_SENSITIVE","ref":"diagnostic:numerical-integrity:case"},"legacy":"unavailable(stage=source closure)","load_row_finding":false,"recovery_demoted":false,"w2":{"kind":"not_triggered"}}]
I98_W1_START case=case
I98_MARK w1_start t_us=1791417165421071
I98_MARK prepared t_us=1791417165421814
I98_NATIVE_OUTCOME Selected
I98_MARK native_selected t_us=1791417165465720
I51_DUAL_LANES (LaneReadouts { anchor: ProofAnchor { owner: ProductOwnerStamp { run: 0, .. } }, law: AdmittedK, rows: [Enclosure { lo: Z+, hi: Z+ }, Enclosure { lo: Z+, hi: Z+ }, Enclosure { lo: Z+, hi: Z+ }, Enclosure { lo: +8bcf64e5ec10eaaaaaaaaaaaaaaaaaaaaaaaaaaaaaaaaaaaaaaaaaaaaaaaaaaaaaaaaa960c49ca6366513da9bec544c691a3b0279d0dd3c0ca4587e6b74f0329161f9add3c0ca4587e6b74f0329161f9add3c0ca4587e6b74f0329161f9add3c0ca4587e6b74f0329161f9add3c0ca4587e6b74f0329161f9add3c0c86ac1e74p-15, hi: +8bcf64e5ec10eaaaaaaaaaaaaaaaaaaaaaaaaaaaaaaaaaaaaaaaaaaaaaaaaaaaaaaaaabf4dca3d9c99aec256413abb396e5c4fd862f22c3f35ba781948b0fcd6e9e06522c3f35ba781948b0fcd6e9e06522c3f35ba781948b0fcd6e9e06522c3f35ba781948b0fcd6e9e06522c3f35ba781948b0fcd6e9e06522c3f37953e18cp-15 }, Enclosure { lo: +a4ed3f1b0e725c3dee78183f91e646f156191148fd9fd36f7e3d1cc100e6afcce1c43849dc784a6513da9bec544c691a3b0279d0dd3c0ca4587e6b74f0329161f9add3c0ca4587e6b74f0329161f9add3c0ca4587e6b74f0329161f9add3c0ca4587e6b74f0329161f9add3c0ca4587e6b...[cut by sanitize.py: 55873 bytes, sha256 a5a384cd048e9c7832d6fc5526042f89b93ee090a8b6f3705ddcd4f058e19b4a]
I51_FROZEN_ROWS {"g5a":"None","numeric_pass":true,"observables":"None","rows":[{"bits":"4000000000000000","id":"result:solver-mode:linear-solve-basis","kind":"linear_solver_mode_basis","unit":"mode_code","value":2.0},{"bits":"3e2c76280d1333f1","id":"result:sparse-live:dense-parity-relative-delta","kind":"sparse_live_path_dense_parity_relative_delta","unit":"unitless","value":3.31336034355847e-9},{"bits":"0000000000000000","id":"result:disp:N0","kind":"displacement_magnitude","unit":"mm","value":0.0},{"bits":"3fb821e751965334","id":"result:disp:N1","kind":"displacement_magnitude","unit":"mm","value":0.09426732770800755},{"bits":"0000000000000000","id":"result:disp:N0:ux","kind":"global_nodal_displacement_x","unit":"mm","value":0.0},{"bits":"0000000000000000","id":"result:disp:N0:uy","kind":"global_nodal_displacement_y","unit":"mm","value":0.0},{"bits":"0000000000000000","id":"result:disp:N0:uz","kind":"global_nodal_displacement_z","unit":"mm","value":0.0},{"bits":"3f0179ec9cbd821d","id"...[cut by sanitize.py: 39144 bytes, sha256 786ce70d7482f22ba1c350e495f1a7a09fe802961924b7d2356e604622d27ecb]
I98_MARK candidate t_us=1791417166006831
I98_MARK staged t_us=1791417166006874
I98_MARK serialized t_us=1791417166027008
I98_MARK precommit_ok t_us=1791417166060404
I98_ADMISSION milestone dense_scrutiny profile=Registered allowance=Unselected refusal=None domain=None required=Some(3595488734) census_complete=true
I98_W1 milestone dense_scrutiny cause=Ok(successor) phase=E_mov,max (successor) counts=Counts { runs: 1, complete_gates: 1 } one_run_through_g_c=true armed_before=[] armed_after=[] envelope_is_plain=true published_successor=true notices=0 bytes_eq_with_notice_plain_case_none=false bytes_eq_plain=false published_sha=7c5fe5c59f2bcc3b3313055223214d0f4884dc44981e3f6bb615a8d84acca595 published_len=114894 direct_ms=644
I98_SUCCESSOR milestone dense_scrutiny receipt_sha256="3e26499f17caff8f5fc0d46406bbe54acf43e8cb16e761784aa5074413b0ac4a" rust_reader=PASS invocation_bound=true numerical_eligible=true classifications=99 case_status="selected" ordinary_initial={"kind":"report","outcome":"sensitive","report_diagnostic_ref":"diagnostic:numerical-integrity:case"} ordinary_w2={"kind":"not_triggered"}
I98_SUCCESSOR_FILE milestone dense_scrutiny successor_milestone_dense_scrutiny.json sha=7c5fe5c59f2bcc3b3313055223214d0f4884dc44981e3f6bb615a8d84acca595
I98_MARK witness_ordinary_done t_us=1791417166111937
I98_SEEDS site=retained_w1 mechanics="MECHANICS_SOLVED" exact_selected=false quality=[{"ref":"case","solve_quality":"sensitive"}] seeds=[{"case":"case","d5_ref":"diagnostic:numerical-integrity:case","initial":{"kind":"report","outcome":"NUMERICAL_INTEGRITY_SENSITIVE","ref":"diagnostic:numerical-integrity:case"},"legacy":"unavailable(stage=source closure)","load_row_finding":false,"recovery_demoted":false,"w2":{"kind":"not_triggered"}}]
I98_W1_START case=case
I98_MARK w1_start t_us=1791417166112325
I98_MARK prepared t_us=1791417166112893
I98_NATIVE_OUTCOME Selected
I98_MARK native_selected t_us=1791417166154855
I51_DUAL_LANES (LaneReadouts { anchor: ProofAnchor { owner: ProductOwnerStamp { run: 0, .. } }, law: AdmittedK, rows: [Enclosure { lo: Z+, hi: Z+ }, Enclosure { lo: Z+, hi: Z+ }, Enclosure { lo: Z+, hi: Z+ }, Enclosure { lo: +8bcf64e5ec10eaaaaaaaaaaaaaaaaaaaaaaaaaaaaaaaaaaaaaaaaaaaaaaaaaaaaaaaaa960c49ca6366513da9bec544c691a3b0279d0dd3c0ca4587e6b74f0329161f9add3c0ca4587e6b74f0329161f9add3c0ca4587e6b74f0329161f9add3c0ca4587e6b74f0329161f9add3c0ca4587e6b74f0329161f9add3c0c86ac1e74p-15, hi: +8bcf64e5ec10eaaaaaaaaaaaaaaaaaaaaaaaaaaaaaaaaaaaaaaaaaaaaaaaaaaaaaaaaabf4dca3d9c99aec256413abb396e5c4fd862f22c3f35ba781948b0fcd6e9e06522c3f35ba781948b0fcd6e9e06522c3f35ba781948b0fcd6e9e06522c3f35ba781948b0fcd6e9e06522c3f35ba781948b0fcd6e9e06522c3f37953e18cp-15 }, Enclosure { lo: +a4ed3f1b0e725c3dee78183f91e646f156191148fd9fd36f7e3d1cc100e6afcce1c43849dc784a6513da9bec544c691a3b0279d0dd3c0ca4587e6b74f0329161f9add3c0ca4587e6b74f0329161f9add3c0ca4587e6b74f0329161f9add3c0ca4587e6b74f0329161f9add3c0ca4587e6b...[cut by sanitize.py: 55873 bytes, sha256 a5a384cd048e9c7832d6fc5526042f89b93ee090a8b6f3705ddcd4f058e19b4a]
I51_FROZEN_ROWS {"g5a":"None","numeric_pass":true,"observables":"None","rows":[{"bits":"4000000000000000","id":"result:solver-mode:linear-solve-basis","kind":"linear_solver_mode_basis","unit":"mode_code","value":2.0},{"bits":"3e2c76280d1333f1","id":"result:sparse-live:dense-parity-relative-delta","kind":"sparse_live_path_dense_parity_relative_delta","unit":"unitless","value":3.31336034355847e-9},{"bits":"0000000000000000","id":"result:disp:N0","kind":"displacement_magnitude","unit":"mm","value":0.0},{"bits":"3fb821e751965334","id":"result:disp:N1","kind":"displacement_magnitude","unit":"mm","value":0.09426732770800755},{"bits":"0000000000000000","id":"result:disp:N0:ux","kind":"global_nodal_displacement_x","unit":"mm","value":0.0},{"bits":"0000000000000000","id":"result:disp:N0:uy","kind":"global_nodal_displacement_y","unit":"mm","value":0.0},{"bits":"0000000000000000","id":"result:disp:N0:uz","kind":"global_nodal_displacement_z","unit":"mm","value":0.0},{"bits":"3f0179ec9cbd821d","id"...[cut by sanitize.py: 39144 bytes, sha256 786ce70d7482f22ba1c350e495f1a7a09fe802961924b7d2356e604622d27ecb]
I98_MARK candidate t_us=1791417166682133
I98_MARK staged t_us=1791417166682201
I98_MARK serialized t_us=1791417166702573
I98_MARK precommit_ok t_us=1791417166735472
I98_WITNESS milestone dense_scrutiny stack=4194304 ran=Successor furthest_phase=E_mov,max (successor) ms=627
I98_CENSUS cb2_case_c input_sha=3649b4dcb96ecb9e8a32ee9ae95bddea65648d3d6aff10860785cb95f73306b3 profile=Registered census_complete=true domain=None refusal=None required=Some(3575778286) loads_per_case=[5] loads_total=5 combinations=0 over=[] at_cap=["ModelMaterialsCapacity=4/4", "LoadCasesCapacity=1/1", "MaterialExpansionLawsCapacity=4/4"] rows=["Nodes=4/32", "NodesCapacity=4/32", "Members=2/32", "MembersCapacity=2/32", "Supports=5/32", "SupportsCapacity=5/32", "Restraints=12/192", "Springs=3/192", "Loads=5/128", "LoadsCapacity=5/128", "ModelMaterials=2/4", "RequestMaterials=0/4", "TemperaturePoints=0/16", "LoadCasesCapacity=1/1", "TypedTextBytes=46/128", "RawTextBytes=46/128", "RawKeyTextBytes=23/128", "RawValues=226/16384", "RawDepth=7/16", "RawStringBytes=1640/65536", "RawKeyBytes=1226/65536", "RawArrayCapacity=31/32768", "RawStringCapacity=1640/131072", "RawKeyCapacity=1226/131072", "DigestCapacity=64/128", "ControlBytes=0/0"]
I98_BEGIN cb2_case_c sparse_interactive registered=true input_sha=3649b4dcb96ecb9e8a32ee9ae95bddea65648d3d6aff10860785cb95f73306b3
I98_ORDINARY cb2_case_c sparse_interactive status={"mechanics":"MECHANICS_SOLVED","professional_acceptance":"NOT_PROVIDED","rule_check":"RULE_INPUTS_INCOMPLETE"} results=171 plain_sha=a200ae94fc6abfe3c969defd0dc1b1429d6f37a8250a4f382763b0f88292d512 plain_len=116424 published_verdicts=[{"ref":"case","solve_quality":"sensitive"}] rcond=["2.606477882912165e-8"] refinement_attempts=["0"] assembly=["rel=0.0 amp=0.0 load=0.0"] d5=["formation_check: reason=estimate; row=N1:RX; doubled_correction=8.093801056572112e-14; scale=3.333666549241316e-5; trigger_ratio=2.427897612739378 range_scaling: force_scale_exponent=518; basis=exact power-of-two; record=residual_rows.residual@node:section-b:UY:subnormal(relative_precision=0.0625); ...[850 bytes]"] range_scaling=["518"] diagnostics={"HIGH_DISPLACEMENT_REVIEW:warning": 1, "LOAD_CATEGORY_PREVIEW_MAPPED:warning": 5, "NUMERICAL_INTEGRITY_SENSITIVE:warning": 1, "RULE_CHECK_INPUTS_MISSING:warning": 1, "SOURCE_BLOCK_RECOVERY_UNAVAILABLE:info": 1} ms=6
I98_MARK ordinary_done t_us=1791417166759460
I98_SEEDS site=permitted_run mechanics="MECHANICS_SOLVED" exact_selected=false quality=[{"ref":"case","solve_quality":"sensitive"}] seeds=[{"case":"case","d5_ref":"diagnostic:numerical-integrity:case","initial":{"diagnostic_ref":null,"error":"Range(\"arithmetic outside normal range\")","kind":"structural_failure","tag":"range"},"legacy":"unavailable(stage=source closure)","load_row_finding":false,"recovery_demoted":false,"w2":{"force_scale_exponent":518,"kind":"published","report_ref":"diagnostic:numerical-integrity:case","trigger":"Evaluation(Range(\"arithmetic outside normal range\"))"}}]
I98_SEEDS site=retained_w1 mechanics="MECHANICS_SOLVED" exact_selected=false quality=[{"ref":"case","solve_quality":"sensitive"}] seeds=[{"case":"case","d5_ref":"diagnostic:numerical-integrity:case","initial":{"diagnostic_ref":null,"error":"Range(\"arithmetic outside normal range\")","kind":"structural_failure","tag":"range"},"legacy":"unavailable(stage=source closure)","load_row_finding":false,"recovery_demoted":false,"w2":{"force_scale_exponent":518,"kind":"published","report_ref":"diagnostic:numerical-integrity:case","trigger":"Evaluation(Range(\"arithmetic outside normal range\"))"}}]
I98_W1_START case=case
I98_MARK w1_start t_us=1791417166760822
I98_MARK prepared t_us=1791417166761918
I98_NATIVE_OUTCOME Unresolved reason=Ceiling attempts=[(128, "Candidate", "Rejected(StopRule { quantity: Displacement(Dof { node: 3, component: Uy }), body: 1, kind: Translation })"), (256, "VerificationThenCandidate", "Rejected(StopRule { quantity: EndAction { member: 1, end: I, component: Ux }, body: 1, kind: Force })"), (512, "VerificationThenCandidate", "Rejected(Charge { quantity: EndAction { member: 1, end: I, component: Ux }, body: 1, kind: Force })"), (1024, "Verification", "Solved")]
I98_MARK native_unavailable t_us=1791417166925867
I98_ADMISSION cb2_case_c sparse_interactive profile=Registered allowance=Unselected refusal=None domain=None required=Some(3575778286) census_complete=true
I98_W1 cb2_case_c sparse_interactive cause=Err(Native) phase=W2 counts=Counts { runs: 1, complete_gates: 1 } one_run_through_g_c=true armed_before=[] armed_after=[] envelope_is_plain=false published_successor=false notices=1 bytes_eq_with_notice_plain_case_none=true bytes_eq_plain=false published_sha=e28f03dc10dc2384dec9ec1ad714f9009c66ee358ef3d80cf0f4c65e46265864 published_len=116743 direct_ms=173
I98_MARK witness_ordinary_done t_us=1791417166943456
I98_SEEDS site=retained_w1 mechanics="MECHANICS_SOLVED" exact_selected=false quality=[{"ref":"case","solve_quality":"sensitive"}] seeds=[{"case":"case","d5_ref":"diagnostic:numerical-integrity:case","initial":{"diagnostic_ref":null,"error":"Range(\"arithmetic outside normal range\")","kind":"structural_failure","tag":"range"},"legacy":"unavailable(stage=source closure)","load_row_finding":false,"recovery_demoted":false,"w2":{"force_scale_exponent":518,"kind":"published","report_ref":"diagnostic:numerical-integrity:case","trigger":"Evaluation(Range(\"arithmetic outside normal range\"))"}}]
I98_W1_START case=case
I98_MARK w1_start t_us=1791417166944068
I98_MARK prepared t_us=1791417166945093
I98_NATIVE_OUTCOME Unresolved reason=Ceiling attempts=[(128, "Candidate", "Rejected(StopRule { quantity: Displacement(Dof { node: 3, component: Uy }), body: 1, kind: Translation })"), (256, "VerificationThenCandidate", "Rejected(StopRule { quantity: EndAction { member: 1, end: I, component: Ux }, body: 1, kind: Force })"), (512, "VerificationThenCandidate", "Rejected(Charge { quantity: EndAction { member: 1, end: I, component: Ux }, body: 1, kind: Force })"), (1024, "Verification", "Solved")]
I98_MARK native_unavailable t_us=1791417167109026
I98_WITNESS cb2_case_c sparse_interactive stack=4194304 ran=Fallback(Native) furthest_phase=W2 ms=172
I98_BEGIN cb2_case_c dense_scrutiny registered=true input_sha=3649b4dcb96ecb9e8a32ee9ae95bddea65648d3d6aff10860785cb95f73306b3
I98_ORDINARY cb2_case_c dense_scrutiny status={"mechanics":"MECHANICS_SOLVED","professional_acceptance":"NOT_PROVIDED","rule_check":"RULE_INPUTS_INCOMPLETE"} results=171 plain_sha=eafe810829725cb54027ae14b1929b9296914a6ff13ac3902340ad54b08dc3a6 plain_len=116670 published_verdicts=[{"ref":"case","solve_quality":"sensitive"}] rcond=["2.606477892402732e-8"] refinement_attempts=["0"] assembly=["rel=0.0 amp=0.0 load=0.0"] d5=["formation_check: reason=estimate; row=N1:RX; doubled_correction=1.6176971209150903e-13; scale=3.3336665371059296e-5; trigger_ratio=4.852606290728372 range_scaling: force_scale_exponent=518; basis=exact power-of-two; record=residual_rows.residual@node:section-b:UY:subnormal(relative_precision=0.0625)...[846 bytes]"] range_scaling=["518"] diagnostics={"HIGH_DISPLACEMENT_REVIEW:warning": 1, "LOAD_CATEGORY_PREVIEW_MAPPED:warning": 5, "NUMERICAL_INTEGRITY_SENSITIVE:warning": 1, "RULE_CHECK_INPUTS_MISSING:warning": 1, "SOURCE_BLOCK_RECOVERY_UNAVAILABLE:info": 1} ms=7
I98_MARK ordinary_done t_us=1791417167131396
I98_SEEDS site=permitted_run mechanics="MECHANICS_SOLVED" exact_selected=false quality=[{"ref":"case","solve_quality":"sensitive"}] seeds=[{"case":"case","d5_ref":"diagnostic:numerical-integrity:case","initial":{"diagnostic_ref":null,"error":"Range(\"arithmetic outside normal range\")","kind":"structural_failure","tag":"range"},"legacy":"unavailable(stage=source closure)","load_row_finding":false,"recovery_demoted":false,"w2":{"force_scale_exponent":518,"kind":"published","report_ref":"diagnostic:numerical-integrity:case","trigger":"Evaluation(Range(\"arithmetic outside normal range\"))"}}]
I98_SEEDS site=retained_w1 mechanics="MECHANICS_SOLVED" exact_selected=false quality=[{"ref":"case","solve_quality":"sensitive"}] seeds=[{"case":"case","d5_ref":"diagnostic:numerical-integrity:case","initial":{"diagnostic_ref":null,"error":"Range(\"arithmetic outside normal range\")","kind":"structural_failure","tag":"range"},"legacy":"unavailable(stage=source closure)","load_row_finding":false,"recovery_demoted":false,"w2":{"force_scale_exponent":518,"kind":"published","report_ref":"diagnostic:numerical-integrity:case","trigger":"Evaluation(Range(\"arithmetic outside normal range\"))"}}]
I98_W1_START case=case
I98_MARK w1_start t_us=1791417167132675
I98_MARK prepared t_us=1791417167133687
I98_NATIVE_OUTCOME Unresolved reason=Ceiling attempts=[(128, "Candidate", "Rejected(StopRule { quantity: Displacement(Dof { node: 3, component: Uy }), body: 1, kind: Translation })"), (256, "VerificationThenCandidate", "Rejected(StopRule { quantity: EndAction { member: 1, end: I, component: Ux }, body: 1, kind: Force })"), (512, "VerificationThenCandidate", "Rejected(Charge { quantity: EndAction { member: 1, end: I, component: Ux }, body: 1, kind: Force })"), (1024, "Verification", "Solved")]
I98_MARK native_unavailable t_us=1791417167295895
I98_ADMISSION cb2_case_c dense_scrutiny profile=Registered allowance=Unselected refusal=None domain=None required=Some(3595488734) census_complete=true
I98_W1 cb2_case_c dense_scrutiny cause=Err(Native) phase=W2 counts=Counts { runs: 1, complete_gates: 1 } one_run_through_g_c=true armed_before=[] armed_after=[] envelope_is_plain=false published_successor=false notices=1 bytes_eq_with_notice_plain_case_none=true bytes_eq_plain=false published_sha=8a399b239e04fb2b41e1aa57dde27209e6a5177a37326a67443f96e76ca89ddb published_len=116989 direct_ms=171
I98_MARK witness_ordinary_done t_us=1791417167312984
I98_SEEDS site=retained_w1 mechanics="MECHANICS_SOLVED" exact_selected=false quality=[{"ref":"case","solve_quality":"sensitive"}] seeds=[{"case":"case","d5_ref":"diagnostic:numerical-integrity:case","initial":{"diagnostic_ref":null,"error":"Range(\"arithmetic outside normal range\")","kind":"structural_failure","tag":"range"},"legacy":"unavailable(stage=source closure)","load_row_finding":false,"recovery_demoted":false,"w2":{"force_scale_exponent":518,"kind":"published","report_ref":"diagnostic:numerical-integrity:case","trigger":"Evaluation(Range(\"arithmetic outside normal range\"))"}}]
I98_W1_START case=case
I98_MARK w1_start t_us=1791417167313608
I98_MARK prepared t_us=1791417167314631
I98_NATIVE_OUTCOME Unresolved reason=Ceiling attempts=[(128, "Candidate", "Rejected(StopRule { quantity: Displacement(Dof { node: 3, component: Uy }), body: 1, kind: Translation })"), (256, "VerificationThenCandidate", "Rejected(StopRule { quantity: EndAction { member: 1, end: I, component: Ux }, body: 1, kind: Force })"), (512, "VerificationThenCandidate", "Rejected(Charge { quantity: EndAction { member: 1, end: I, component: Ux }, body: 1, kind: Force })"), (1024, "Verification", "Solved")]
I98_MARK native_unavailable t_us=1791417167477763
I98_WITNESS cb2_case_c dense_scrutiny stack=4194304 ran=Fallback(Native) furthest_phase=W2 ms=171
I98_CENSUS cb3_a input_sha=5e562856313420a9b44a13652c564989170d4c55ace49a9b9f38445dc041db5a profile=Registered census_complete=true domain=None refusal=None required=Some(3575778286) loads_per_case=[3] loads_total=3 combinations=0 over=[] at_cap=["ModelMaterialsCapacity=4/4", "LoadCasesCapacity=1/1", "MaterialExpansionLawsCapacity=4/4"] rows=["Nodes=3/32", "NodesCapacity=3/32", "Members=1/32", "MembersCapacity=1/32", "Supports=5/32", "SupportsCapacity=5/32", "Restraints=12/192", "Springs=3/192", "Loads=3/128", "LoadsCapacity=3/128", "ModelMaterials=1/4", "RequestMaterials=0/4", "TemperaturePoints=0/16", "LoadCasesCapacity=1/1", "TypedTextBytes=46/128", "RawTextBytes=46/128", "RawKeyTextBytes=23/128", "RawValues=168/16384", "RawDepth=7/16", "RawStringBytes=1155/65536", "RawKeyBytes=904/65536", "RawArrayCapacity=26/32768", "RawStringCapacity=1155/131072", "RawKeyCapacity=904/131072", "DigestCapacity=64/128", "ControlBytes=0/0"]
I98_BEGIN cb3_a sparse_interactive registered=true input_sha=5e562856313420a9b44a13652c564989170d4c55ace49a9b9f38445dc041db5a
I98_ORDINARY cb3_a sparse_interactive status={"mechanics":"MECHANICS_SOLVED","professional_acceptance":"NOT_PROVIDED","rule_check":"RULE_INPUTS_INCOMPLETE"} results=113 plain_sha=00a77d5c082033b1aab74e2dc9b2ab4eddbdb41557c339980f98c3ebe35e55cd plain_len=74568 published_verdicts=[{"ref":"case","solve_quality":"sensitive"}] rcond=["2.606477882912165e-8"] refinement_attempts=["0"] assembly=["rel=0.0 amp=0.0 load=0.0"] d5=["formation_check: reason=estimate; row=N1:RX; doubled_correction=8.093801056572112e-14; scale=3.333666549241316e-5; trigger_ratio=2.427897612739378"] range_scaling=[] diagnostics={"LOAD_CATEGORY_PREVIEW_MAPPED:warning": 3, "NUMERICAL_INTEGRITY_SENSITIVE:warning": 1, "RULE_CHECK_INPUTS_MISSING:warning": 1, "SOURCE_BLOCK_RECOVERY_UNAVAILABLE:info": 1} ms=3
I98_MARK ordinary_done t_us=1791417167492118
I98_SEEDS site=permitted_run mechanics="MECHANICS_SOLVED" exact_selected=false quality=[{"ref":"case","solve_quality":"sensitive"}] seeds=[{"case":"case","d5_ref":"diagnostic:numerical-integrity:case","initial":{"kind":"report","outcome":"NUMERICAL_INTEGRITY_SENSITIVE","ref":"diagnostic:numerical-integrity:case"},"legacy":"unavailable(stage=source closure)","load_row_finding":false,"recovery_demoted":false,"w2":{"kind":"not_triggered"}}]
I98_SEEDS site=retained_w1 mechanics="MECHANICS_SOLVED" exact_selected=false quality=[{"ref":"case","solve_quality":"sensitive"}] seeds=[{"case":"case","d5_ref":"diagnostic:numerical-integrity:case","initial":{"kind":"report","outcome":"NUMERICAL_INTEGRITY_SENSITIVE","ref":"diagnostic:numerical-integrity:case"},"legacy":"unavailable(stage=source closure)","load_row_finding":false,"recovery_demoted":false,"w2":{"kind":"not_triggered"}}]
I98_W1_START case=case
I98_MARK w1_start t_us=1791417167492973
I98_MARK prepared t_us=1791417167493540
I98_NATIVE_OUTCOME Selected
I98_MARK native_selected t_us=1791417167535948
I51_DUAL_LANES (LaneReadouts { anchor: ProofAnchor { owner: ProductOwnerStamp { run: 0, .. } }, law: AdmittedK, rows: [Enclosure { lo: Z+, hi: Z+ }, Enclosure { lo: Z+, hi: Z+ }, Enclosure { lo: Z+, hi: Z+ }, Enclosure { lo: +8bcf64e5ec10eaaaaaaaaaaaaaaaaaaaaaaaaaaaaaaaaaaaaaaaaaaaaaaaaaaaaaaaaa960c49ca6366513da9bec544c691a3b0279d0dd3c0ca4587e6b74f0329161f9add3c0ca4587e6b74f0329161f9add3c0ca4587e6b74f0329161f9add3c0ca4587e6b74f0329161f9add3c0ca4587e6b74f0329161f9add3c0c86ac1e74p-15, hi: +8bcf64e5ec10eaaaaaaaaaaaaaaaaaaaaaaaaaaaaaaaaaaaaaaaaaaaaaaaaaaaaaaaaabf4dca3d9c99aec256413abb396e5c4fd862f22c3f35ba781948b0fcd6e9e06522c3f35ba781948b0fcd6e9e06522c3f35ba781948b0fcd6e9e06522c3f35ba781948b0fcd6e9e06522c3f35ba781948b0fcd6e9e06522c3f37953e18cp-15 }, Enclosure { lo: +a4ed3f1b0e725c3dee78183f91e646f156191148fd9fd36f7e3d1cc100e6afcce1c43849dc784a6513da9bec544c691a3b0279d0dd3c0ca4587e6b74f0329161f9add3c0ca4587e6b74f0329161f9add3c0ca4587e6b74f0329161f9add3c0ca4587e6b74f0329161f9add3c0ca4587e6b...[cut by sanitize.py: 56773 bytes, sha256 126349bac6014b16cd9ea7b1307a6f7b2c40952159064735660dc7a8d39c6915]
I51_FROZEN_ROWS {"g5a":"None","numeric_pass":true,"observables":"None","rows":[{"bits":"3ff0000000000000","id":"result:solver-mode:linear-solve-basis","kind":"linear_solver_mode_basis","unit":"mode_code","value":1.0},{"bits":"0000000000000000","id":"result:disp:N0","kind":"displacement_magnitude","unit":"mm","value":0.0},{"bits":"3fb821e751965334","id":"result:disp:N1","kind":"displacement_magnitude","unit":"mm","value":0.09426732770800755},{"bits":"0000000000000000","id":"result:disp:N2","kind":"displacement_magnitude","unit":"mm","value":0.0},{"bits":"0000000000000000","id":"result:disp:N0:ux","kind":"global_nodal_displacement_x","unit":"mm","value":0.0},{"bits":"0000000000000000","id":"result:disp:N0:uy","kind":"global_nodal_displacement_y","unit":"mm","value":0.0},{"bits":"0000000000000000","id":"result:disp:N0:uz","kind":"global_nodal_displacement_z","unit":"mm","value":0.0},{"bits":"3f0179ec9cbd821d","id":"result:disp:N0:rx","kind":"global_nodal_rotation_x","unit":"rad","value":0...[cut by sanitize.py: 43344 bytes, sha256 27c653603d2488e0337747d49192bdb44d860e78d86f6a82a7ef9994e8b953ed]
I98_MARK candidate t_us=1791417168093423
I98_MARK staged t_us=1791417168093485
I98_MARK serialized t_us=1791417168116243
I98_MARK precommit_ok t_us=1791417168153581
I98_ADMISSION cb3_a sparse_interactive profile=Registered allowance=Unselected refusal=None domain=None required=Some(3575778286) census_complete=true
I98_W1 cb3_a sparse_interactive cause=Ok(successor) phase=E_mov,max (successor) counts=Counts { runs: 1, complete_gates: 1 } one_run_through_g_c=true armed_before=[] armed_after=[] envelope_is_plain=true published_successor=true notices=0 bytes_eq_with_notice_plain_case_none=false bytes_eq_plain=false published_sha=9b425066029969b992278306a678303717400a5f16636d3427c5b9b8150ac83a published_len=126034 direct_ms=665
I98_SUCCESSOR cb3_a sparse_interactive receipt_sha256="c00cbe76954e5188c63b0ef69738cd40a8db15d303b1113a86524e6c3119dd72" rust_reader=PASS invocation_bound=true numerical_eligible=true classifications=113 case_status="selected" ordinary_initial={"kind":"report","outcome":"sensitive","report_diagnostic_ref":"diagnostic:numerical-integrity:case"} ordinary_w2={"kind":"not_triggered"}
I98_SUCCESSOR_FILE cb3_a sparse_interactive successor_cb3_a_sparse_interactive.json sha=9b425066029969b992278306a678303717400a5f16636d3427c5b9b8150ac83a
I98_MARK witness_ordinary_done t_us=1791417168210403
I98_SEEDS site=retained_w1 mechanics="MECHANICS_SOLVED" exact_selected=false quality=[{"ref":"case","solve_quality":"sensitive"}] seeds=[{"case":"case","d5_ref":"diagnostic:numerical-integrity:case","initial":{"kind":"report","outcome":"NUMERICAL_INTEGRITY_SENSITIVE","ref":"diagnostic:numerical-integrity:case"},"legacy":"unavailable(stage=source closure)","load_row_finding":false,"recovery_demoted":false,"w2":{"kind":"not_triggered"}}]
I98_W1_START case=case
I98_MARK w1_start t_us=1791417168210833
I98_MARK prepared t_us=1791417168211411
I98_NATIVE_OUTCOME Selected
I98_MARK native_selected t_us=1791417168253185
I51_DUAL_LANES (LaneReadouts { anchor: ProofAnchor { owner: ProductOwnerStamp { run: 0, .. } }, law: AdmittedK, rows: [Enclosure { lo: Z+, hi: Z+ }, Enclosure { lo: Z+, hi: Z+ }, Enclosure { lo: Z+, hi: Z+ }, Enclosure { lo: +8bcf64e5ec10eaaaaaaaaaaaaaaaaaaaaaaaaaaaaaaaaaaaaaaaaaaaaaaaaaaaaaaaaa960c49ca6366513da9bec544c691a3b0279d0dd3c0ca4587e6b74f0329161f9add3c0ca4587e6b74f0329161f9add3c0ca4587e6b74f0329161f9add3c0ca4587e6b74f0329161f9add3c0ca4587e6b74f0329161f9add3c0c86ac1e74p-15, hi: +8bcf64e5ec10eaaaaaaaaaaaaaaaaaaaaaaaaaaaaaaaaaaaaaaaaaaaaaaaaaaaaaaaaabf4dca3d9c99aec256413abb396e5c4fd862f22c3f35ba781948b0fcd6e9e06522c3f35ba781948b0fcd6e9e06522c3f35ba781948b0fcd6e9e06522c3f35ba781948b0fcd6e9e06522c3f35ba781948b0fcd6e9e06522c3f37953e18cp-15 }, Enclosure { lo: +a4ed3f1b0e725c3dee78183f91e646f156191148fd9fd36f7e3d1cc100e6afcce1c43849dc784a6513da9bec544c691a3b0279d0dd3c0ca4587e6b74f0329161f9add3c0ca4587e6b74f0329161f9add3c0ca4587e6b74f0329161f9add3c0ca4587e6b74f0329161f9add3c0ca4587e6b...[cut by sanitize.py: 56773 bytes, sha256 126349bac6014b16cd9ea7b1307a6f7b2c40952159064735660dc7a8d39c6915]
I51_FROZEN_ROWS {"g5a":"None","numeric_pass":true,"observables":"None","rows":[{"bits":"3ff0000000000000","id":"result:solver-mode:linear-solve-basis","kind":"linear_solver_mode_basis","unit":"mode_code","value":1.0},{"bits":"0000000000000000","id":"result:disp:N0","kind":"displacement_magnitude","unit":"mm","value":0.0},{"bits":"3fb821e751965334","id":"result:disp:N1","kind":"displacement_magnitude","unit":"mm","value":0.09426732770800755},{"bits":"0000000000000000","id":"result:disp:N2","kind":"displacement_magnitude","unit":"mm","value":0.0},{"bits":"0000000000000000","id":"result:disp:N0:ux","kind":"global_nodal_displacement_x","unit":"mm","value":0.0},{"bits":"0000000000000000","id":"result:disp:N0:uy","kind":"global_nodal_displacement_y","unit":"mm","value":0.0},{"bits":"0000000000000000","id":"result:disp:N0:uz","kind":"global_nodal_displacement_z","unit":"mm","value":0.0},{"bits":"3f0179ec9cbd821d","id":"result:disp:N0:rx","kind":"global_nodal_rotation_x","unit":"rad","value":0...[cut by sanitize.py: 43344 bytes, sha256 27c653603d2488e0337747d49192bdb44d860e78d86f6a82a7ef9994e8b953ed]
I98_MARK candidate t_us=1791417168809367
I98_MARK staged t_us=1791417168809412
I98_MARK serialized t_us=1791417168831654
I98_MARK precommit_ok t_us=1791417168869478
I98_WITNESS cb3_a sparse_interactive stack=4194304 ran=Successor furthest_phase=E_mov,max (successor) ms=663
I98_BEGIN cb3_a dense_scrutiny registered=true input_sha=5e562856313420a9b44a13652c564989170d4c55ace49a9b9f38445dc041db5a
I98_ORDINARY cb3_a dense_scrutiny status={"mechanics":"MECHANICS_SOLVED","professional_acceptance":"NOT_PROVIDED","rule_check":"RULE_INPUTS_INCOMPLETE"} results=114 plain_sha=ffad370043fcb614fab4fc8325089065d911a2ea37a71ff9239abadb9016885a plain_len=75684 published_verdicts=[{"ref":"case","solve_quality":"sensitive"}] rcond=["2.606477892402732e-8"] refinement_attempts=["0"] assembly=["rel=0.0 amp=0.0 load=0.0"] d5=["formation_check: reason=estimate; row=N1:RX; doubled_correction=1.6176971209150903e-13; scale=3.3336665371059296e-5; trigger_ratio=4.852606290728372"] range_scaling=[] diagnostics={"LOAD_CATEGORY_PREVIEW_MAPPED:warning": 3, "NUMERICAL_INTEGRITY_SENSITIVE:warning": 1, "RULE_CHECK_INPUTS_MISSING:warning": 1, "SOURCE_BLOCK_RECOVERY_UNAVAILABLE:info": 1} ms=4
I98_MARK ordinary_done t_us=1791417168883246
I98_SEEDS site=permitted_run mechanics="MECHANICS_SOLVED" exact_selected=false quality=[{"ref":"case","solve_quality":"sensitive"}] seeds=[{"case":"case","d5_ref":"diagnostic:numerical-integrity:case","initial":{"kind":"report","outcome":"NUMERICAL_INTEGRITY_SENSITIVE","ref":"diagnostic:numerical-integrity:case"},"legacy":"unavailable(stage=source closure)","load_row_finding":false,"recovery_demoted":false,"w2":{"kind":"not_triggered"}}]
I98_SEEDS site=retained_w1 mechanics="MECHANICS_SOLVED" exact_selected=false quality=[{"ref":"case","solve_quality":"sensitive"}] seeds=[{"case":"case","d5_ref":"diagnostic:numerical-integrity:case","initial":{"kind":"report","outcome":"NUMERICAL_INTEGRITY_SENSITIVE","ref":"diagnostic:numerical-integrity:case"},"legacy":"unavailable(stage=source closure)","load_row_finding":false,"recovery_demoted":false,"w2":{"kind":"not_triggered"}}]
I98_W1_START case=case
I98_MARK w1_start t_us=1791417168884121
I98_MARK prepared t_us=1791417168884711
I98_NATIVE_OUTCOME Selected
I98_MARK native_selected t_us=1791417168926133
I51_DUAL_LANES (LaneReadouts { anchor: ProofAnchor { owner: ProductOwnerStamp { run: 0, .. } }, law: AdmittedK, rows: [Enclosure { lo: Z+, hi: Z+ }, Enclosure { lo: Z+, hi: Z+ }, Enclosure { lo: Z+, hi: Z+ }, Enclosure { lo: +8bcf64e5ec10eaaaaaaaaaaaaaaaaaaaaaaaaaaaaaaaaaaaaaaaaaaaaaaaaaaaaaaaaa960c49ca6366513da9bec544c691a3b0279d0dd3c0ca4587e6b74f0329161f9add3c0ca4587e6b74f0329161f9add3c0ca4587e6b74f0329161f9add3c0ca4587e6b74f0329161f9add3c0ca4587e6b74f0329161f9add3c0c86ac1e74p-15, hi: +8bcf64e5ec10eaaaaaaaaaaaaaaaaaaaaaaaaaaaaaaaaaaaaaaaaaaaaaaaaaaaaaaaaabf4dca3d9c99aec256413abb396e5c4fd862f22c3f35ba781948b0fcd6e9e06522c3f35ba781948b0fcd6e9e06522c3f35ba781948b0fcd6e9e06522c3f35ba781948b0fcd6e9e06522c3f35ba781948b0fcd6e9e06522c3f37953e18cp-15 }, Enclosure { lo: +a4ed3f1b0e725c3dee78183f91e646f156191148fd9fd36f7e3d1cc100e6afcce1c43849dc784a6513da9bec544c691a3b0279d0dd3c0ca4587e6b74f0329161f9add3c0ca4587e6b74f0329161f9add3c0ca4587e6b74f0329161f9add3c0ca4587e6b74f0329161f9add3c0ca4587e6b...[cut by sanitize.py: 56773 bytes, sha256 126349bac6014b16cd9ea7b1307a6f7b2c40952159064735660dc7a8d39c6915]
I51_FROZEN_ROWS {"g5a":"None","numeric_pass":true,"observables":"None","rows":[{"bits":"4000000000000000","id":"result:solver-mode:linear-solve-basis","kind":"linear_solver_mode_basis","unit":"mode_code","value":2.0},{"bits":"3e2c76280d1333f1","id":"result:sparse-live:dense-parity-relative-delta","kind":"sparse_live_path_dense_parity_relative_delta","unit":"unitless","value":3.31336034355847e-9},{"bits":"0000000000000000","id":"result:disp:N0","kind":"displacement_magnitude","unit":"mm","value":0.0},{"bits":"3fb821e751965334","id":"result:disp:N1","kind":"displacement_magnitude","unit":"mm","value":0.09426732770800755},{"bits":"0000000000000000","id":"result:disp:N2","kind":"displacement_magnitude","unit":"mm","value":0.0},{"bits":"0000000000000000","id":"result:disp:N0:ux","kind":"global_nodal_displacement_x","unit":"mm","value":0.0},{"bits":"0000000000000000","id":"result:disp:N0:uy","kind":"global_nodal_displacement_y","unit":"mm","value":0.0},{"bits":"0000000000000000","id":"result...[cut by sanitize.py: 43654 bytes, sha256 a81efdfeba9e5b427651b8bdb4e5b54cd35321cdff42c15d65b70dbdadbca408]
I98_MARK candidate t_us=1791417169526814
I98_MARK staged t_us=1791417169526862
I98_MARK serialized t_us=1791417169549324
I98_MARK precommit_ok t_us=1791417169587780
I98_ADMISSION cb3_a dense_scrutiny profile=Registered allowance=Unselected refusal=None domain=None required=Some(3595488734) census_complete=true
I98_W1 cb3_a dense_scrutiny cause=Ok(successor) phase=E_mov,max (successor) counts=Counts { runs: 1, complete_gates: 1 } one_run_through_g_c=true armed_before=[] armed_after=[] envelope_is_plain=true published_successor=true notices=0 bytes_eq_with_notice_plain_case_none=false bytes_eq_plain=false published_sha=5d84fce64bb0810da24df9ea5d6ad354b18d864f07826dd09e191e345e4dea48 published_len=127196 direct_ms=708
I98_SUCCESSOR cb3_a dense_scrutiny receipt_sha256="0b4250c8139ba25ab9d35fc2d443a01d85de943a8e3d0eb9193f5dd5061ce994" rust_reader=PASS invocation_bound=true numerical_eligible=true classifications=114 case_status="selected" ordinary_initial={"kind":"report","outcome":"sensitive","report_diagnostic_ref":"diagnostic:numerical-integrity:case"} ordinary_w2={"kind":"not_triggered"}
I98_SUCCESSOR_FILE cb3_a dense_scrutiny successor_cb3_a_dense_scrutiny.json sha=5d84fce64bb0810da24df9ea5d6ad354b18d864f07826dd09e191e345e4dea48
I98_MARK witness_ordinary_done t_us=1791417169645626
I98_SEEDS site=retained_w1 mechanics="MECHANICS_SOLVED" exact_selected=false quality=[{"ref":"case","solve_quality":"sensitive"}] seeds=[{"case":"case","d5_ref":"diagnostic:numerical-integrity:case","initial":{"kind":"report","outcome":"NUMERICAL_INTEGRITY_SENSITIVE","ref":"diagnostic:numerical-integrity:case"},"legacy":"unavailable(stage=source closure)","load_row_finding":false,"recovery_demoted":false,"w2":{"kind":"not_triggered"}}]
I98_W1_START case=case
I98_MARK w1_start t_us=1791417169646067
I98_MARK prepared t_us=1791417169646687
I98_NATIVE_OUTCOME Selected
I98_MARK native_selected t_us=1791417169688850
I51_DUAL_LANES (LaneReadouts { anchor: ProofAnchor { owner: ProductOwnerStamp { run: 0, .. } }, law: AdmittedK, rows: [Enclosure { lo: Z+, hi: Z+ }, Enclosure { lo: Z+, hi: Z+ }, Enclosure { lo: Z+, hi: Z+ }, Enclosure { lo: +8bcf64e5ec10eaaaaaaaaaaaaaaaaaaaaaaaaaaaaaaaaaaaaaaaaaaaaaaaaaaaaaaaaa960c49ca6366513da9bec544c691a3b0279d0dd3c0ca4587e6b74f0329161f9add3c0ca4587e6b74f0329161f9add3c0ca4587e6b74f0329161f9add3c0ca4587e6b74f0329161f9add3c0ca4587e6b74f0329161f9add3c0c86ac1e74p-15, hi: +8bcf64e5ec10eaaaaaaaaaaaaaaaaaaaaaaaaaaaaaaaaaaaaaaaaaaaaaaaaaaaaaaaaabf4dca3d9c99aec256413abb396e5c4fd862f22c3f35ba781948b0fcd6e9e06522c3f35ba781948b0fcd6e9e06522c3f35ba781948b0fcd6e9e06522c3f35ba781948b0fcd6e9e06522c3f35ba781948b0fcd6e9e06522c3f37953e18cp-15 }, Enclosure { lo: +a4ed3f1b0e725c3dee78183f91e646f156191148fd9fd36f7e3d1cc100e6afcce1c43849dc784a6513da9bec544c691a3b0279d0dd3c0ca4587e6b74f0329161f9add3c0ca4587e6b74f0329161f9add3c0ca4587e6b74f0329161f9add3c0ca4587e6b74f0329161f9add3c0ca4587e6b...[cut by sanitize.py: 56773 bytes, sha256 126349bac6014b16cd9ea7b1307a6f7b2c40952159064735660dc7a8d39c6915]
I51_FROZEN_ROWS {"g5a":"None","numeric_pass":true,"observables":"None","rows":[{"bits":"4000000000000000","id":"result:solver-mode:linear-solve-basis","kind":"linear_solver_mode_basis","unit":"mode_code","value":2.0},{"bits":"3e2c76280d1333f1","id":"result:sparse-live:dense-parity-relative-delta","kind":"sparse_live_path_dense_parity_relative_delta","unit":"unitless","value":3.31336034355847e-9},{"bits":"0000000000000000","id":"result:disp:N0","kind":"displacement_magnitude","unit":"mm","value":0.0},{"bits":"3fb821e751965334","id":"result:disp:N1","kind":"displacement_magnitude","unit":"mm","value":0.09426732770800755},{"bits":"0000000000000000","id":"result:disp:N2","kind":"displacement_magnitude","unit":"mm","value":0.0},{"bits":"0000000000000000","id":"result:disp:N0:ux","kind":"global_nodal_displacement_x","unit":"mm","value":0.0},{"bits":"0000000000000000","id":"result:disp:N0:uy","kind":"global_nodal_displacement_y","unit":"mm","value":0.0},{"bits":"0000000000000000","id":"result...[cut by sanitize.py: 43654 bytes, sha256 a81efdfeba9e5b427651b8bdb4e5b54cd35321cdff42c15d65b70dbdadbca408]
I98_MARK candidate t_us=1791417170248935
I98_MARK staged t_us=1791417170248993
I98_MARK serialized t_us=1791417170270964
I98_MARK precommit_ok t_us=1791417170308872
I98_WITNESS cb3_a dense_scrutiny stack=4194304 ran=Successor furthest_phase=E_mov,max (successor) ms=668
I98_CENSUS cb3_v1_b input_sha=295a32872385ea2f478318cb470558481cb81c4e7e9ca88e0e51a3f81b4d2b4a profile=Registered census_complete=true domain=None refusal=None required=Some(3575778286) loads_per_case=[1] loads_total=1 combinations=0 over=[] at_cap=["ModelMaterialsCapacity=4/4", "LoadCasesCapacity=1/1", "MaterialExpansionLawsCapacity=4/4"] rows=["Nodes=3/32", "NodesCapacity=3/32", "Members=1/32", "MembersCapacity=1/32", "Supports=5/32", "SupportsCapacity=5/32", "Restraints=12/192", "Springs=3/192", "Loads=1/128", "LoadsCapacity=1/128", "ModelMaterials=1/4", "RequestMaterials=0/4", "TemperaturePoints=0/16", "LoadCasesCapacity=1/1", "TypedTextBytes=46/128", "RawTextBytes=46/128", "RawKeyTextBytes=23/128", "RawValues=144/16384", "RawDepth=7/16", "RawStringBytes=984/65536", "RawKeyBytes=764/65536", "RawArrayCapacity=24/32768", "RawStringCapacity=984/131072", "RawKeyCapacity=764/131072", "DigestCapacity=64/128", "ControlBytes=0/0"]
I98_BEGIN cb3_v1_b sparse_interactive registered=true input_sha=295a32872385ea2f478318cb470558481cb81c4e7e9ca88e0e51a3f81b4d2b4a
I98_ORDINARY cb3_v1_b sparse_interactive status={"mechanics":"MECHANICS_SOLVED","professional_acceptance":"NOT_PROVIDED","rule_check":"RULE_INPUTS_INCOMPLETE"} results=113 plain_sha=365adec99094e024b9497c77c534ec49f5290962e6b8cb7b83b703dce821c4ff plain_len=70169 published_verdicts=[{"ref":"case:b","solve_quality":"checks_passed"}] rcond=["2.606477882912165e-8"] refinement_attempts=["0"] assembly=["rel=0.0 amp=0.0 load=0.0"] d5=["none"] range_scaling=[] diagnostics={"LOAD_CATEGORY_PREVIEW_MAPPED:warning": 1, "NUMERICAL_INTEGRITY_CHECKS_PASSED:info": 1, "RULE_CHECK_INPUTS_MISSING:warning": 1} ms=3
I98_MARK ordinary_done t_us=1791417170321977
I98_SEEDS site=permitted_run mechanics="MECHANICS_SOLVED" exact_selected=false quality=[{"ref":"case:b","solve_quality":"checks_passed"}] seeds=[{"case":"case:b","d5_ref":null,"initial":{"kind":"report","outcome":"NUMERICAL_INTEGRITY_CHECKS_PASSED","ref":"diagnostic:numerical-integrity:case:b"},"legacy":"not_required","load_row_finding":false,"recovery_demoted":false,"w2":{"kind":"not_triggered"}}]
I98_SEEDS site=retained_w1 mechanics="MECHANICS_SOLVED" exact_selected=false quality=[{"ref":"case:b","solve_quality":"checks_passed"}] seeds=[{"case":"case:b","d5_ref":null,"initial":{"kind":"report","outcome":"NUMERICAL_INTEGRITY_CHECKS_PASSED","ref":"diagnostic:numerical-integrity:case:b"},"legacy":"not_required","load_row_finding":false,"recovery_demoted":false,"w2":{"kind":"not_triggered"}}]
I98_W1_START case=case:b
I98_MARK w1_start t_us=1791417170322834
I98_MARK prepared t_us=1791417170323394
I98_NATIVE_OUTCOME Selected
I98_MARK native_selected t_us=1791417170345369
I98_CANDIDATE_REFUSAL len=3207 error=Proof(ProductProofFailure { failure: ProductFailure { cause: Native(MissingUniquenessWarrant(0)) }, work: ProductCertificateSpent { rows: [], verdicts: [], failure: None, coverage: [], native: None, native_k: Some(ResidualWork { readout_law: AdmittedK, numeric: NumericWork { wide: AttemptWork { widths: [WidthWork { add: 0, sub: 0, mul: 0, div: 0, sqrt: 0, round: 0, two_sum: 0, two_product: 0 }, WidthWork { add: 0, sub: 0, mul: 0, div: 0, sqrt: 0, round: 0, two_sum: 0, two_product: 0 }, WidthWork { add: 0, sub: 0, mul: 0, div: 125, sqrt: 6, round: 1701, two_sum: 0, two_product: 351 }] }, sums: SumWork { term_limbs: 17174, shift_limbs: 17626, net_limbs: 24775, rounded_limbs: 7995, max_span_bits: 2052 }, entries: [332, 66, 1171, 125, 0, 0, 6], f64_arithmetic: 0, status: Exact }, point: AttemptWork { widths: [WidthWork { add: 0, sub: 0, mul: 0, div: 0, sqrt: 0, round: 0, two_sum: 0, two_product: 0 }, WidthWork { add: 0, sub: 0, mul: 0, div: 0, sqrt: 0, round: 0, two_sum: 0, two_product: 0 }, WidthWork { add: 0, sub: 0, mul: 0, div: 0, sqrt: 0, round: 0, two_sum: 0, two_product: 0 }] }, view: SourceBridgeViewWork { visits: 1649, f64_operations: 10, prescribed_capacity: 18, data_capacity: 1 }, correction: SourceCorrectionWork { cast: AttemptWork { widths: [WidthWork { add: 0, sub: 0, mul: 0, div: 0, sqrt: 0, round: 0, two_sum: 0, two_product: 0 }, WidthWork { add: 0, sub: 0, mul: 0, div: 0, sqrt: 0, round: 0, two_sum: 0, two_product: 0 }, WidthWork { add: 0, sub: 0, mul: 0, div: 0,
I98_ADMISSION cb3_v1_b sparse_interactive profile=Registered allowance=Unselected refusal=None domain=None required=Some(3575778286) census_complete=true
I98_W1 cb3_v1_b sparse_interactive cause=Err(Candidate) phase=W2 counts=Counts { runs: 1, complete_gates: 1 } one_run_through_g_c=true armed_before=[] armed_after=[] envelope_is_plain=false published_successor=false notices=1 bytes_eq_with_notice_plain_case_none=true bytes_eq_plain=false published_sha=1466b1d6a94b3dde66cd6c714d3bc2a8598f1f3090af839ce481ca6a8e00879b published_len=70492 direct_ms=60
I98_MARK witness_ordinary_done t_us=1791417170388690
I98_SEEDS site=retained_w1 mechanics="MECHANICS_SOLVED" exact_selected=false quality=[{"ref":"case:b","solve_quality":"checks_passed"}] seeds=[{"case":"case:b","d5_ref":null,"initial":{"kind":"report","outcome":"NUMERICAL_INTEGRITY_CHECKS_PASSED","ref":"diagnostic:numerical-integrity:case:b"},"legacy":"not_required","load_row_finding":false,"recovery_demoted":false,"w2":{"kind":"not_triggered"}}]
I98_W1_START case=case:b
I98_MARK w1_start t_us=1791417170389103
I98_MARK prepared t_us=1791417170389675
I98_NATIVE_OUTCOME Selected
I98_MARK native_selected t_us=1791417170411980
I98_CANDIDATE_REFUSAL len=3207 error=Proof(ProductProofFailure { failure: ProductFailure { cause: Native(MissingUniquenessWarrant(0)) }, work: ProductCertificateSpent { rows: [], verdicts: [], failure: None, coverage: [], native: None, native_k: Some(ResidualWork { readout_law: AdmittedK, numeric: NumericWork { wide: AttemptWork { widths: [WidthWork { add: 0, sub: 0, mul: 0, div: 0, sqrt: 0, round: 0, two_sum: 0, two_product: 0 }, WidthWork { add: 0, sub: 0, mul: 0, div: 0, sqrt: 0, round: 0, two_sum: 0, two_product: 0 }, WidthWork { add: 0, sub: 0, mul: 0, div: 125, sqrt: 6, round: 1701, two_sum: 0, two_product: 351 }] }, sums: SumWork { term_limbs: 17174, shift_limbs: 17626, net_limbs: 24775, rounded_limbs: 7995, max_span_bits: 2052 }, entries: [332, 66, 1171, 125, 0, 0, 6], f64_arithmetic: 0, status: Exact }, point: AttemptWork { widths: [WidthWork { add: 0, sub: 0, mul: 0, div: 0, sqrt: 0, round: 0, two_sum: 0, two_product: 0 }, WidthWork { add: 0, sub: 0, mul: 0, div: 0, sqrt: 0, round: 0, two_sum: 0, two_product: 0 }, WidthWork { add: 0, sub: 0, mul: 0, div: 0, sqrt: 0, round: 0, two_sum: 0, two_product: 0 }] }, view: SourceBridgeViewWork { visits: 1649, f64_operations: 10, prescribed_capacity: 18, data_capacity: 1 }, correction: SourceCorrectionWork { cast: AttemptWork { widths: [WidthWork { add: 0, sub: 0, mul: 0, div: 0, sqrt: 0, round: 0, two_sum: 0, two_product: 0 }, WidthWork { add: 0, sub: 0, mul: 0, div: 0, sqrt: 0, round: 0, two_sum: 0, two_product: 0 }, WidthWork { add: 0, sub: 0, mul: 0, div: 0,
I98_WITNESS cb3_v1_b sparse_interactive stack=4194304 ran=Fallback(Candidate) furthest_phase=W2 ms=58
I98_BEGIN cb3_v1_b dense_scrutiny registered=true input_sha=295a32872385ea2f478318cb470558481cb81c4e7e9ca88e0e51a3f81b4d2b4a
I98_ORDINARY cb3_v1_b dense_scrutiny status={"mechanics":"MECHANICS_SOLVED","professional_acceptance":"NOT_PROVIDED","rule_check":"RULE_INPUTS_INCOMPLETE"} results=114 plain_sha=4a4ad89042bb697161b4bc7e6ac29d156e4a5c849a46f693d88bbddf72d793d2 plain_len=71200 published_verdicts=[{"ref":"case:b","solve_quality":"checks_passed"}] rcond=["2.606477892402732e-8"] refinement_attempts=["0"] assembly=["rel=0.0 amp=0.0 load=0.0"] d5=["none"] range_scaling=[] diagnostics={"LOAD_CATEGORY_PREVIEW_MAPPED:warning": 1, "NUMERICAL_INTEGRITY_CHECKS_PASSED:info": 1, "RULE_CHECK_INPUTS_MISSING:warning": 1} ms=3
I98_MARK ordinary_done t_us=1791417170455939
I98_SEEDS site=permitted_run mechanics="MECHANICS_SOLVED" exact_selected=false quality=[{"ref":"case:b","solve_quality":"checks_passed"}] seeds=[{"case":"case:b","d5_ref":null,"initial":{"kind":"report","outcome":"NUMERICAL_INTEGRITY_CHECKS_PASSED","ref":"diagnostic:numerical-integrity:case:b"},"legacy":"not_required","load_row_finding":false,"recovery_demoted":false,"w2":{"kind":"not_triggered"}}]
I98_SEEDS site=retained_w1 mechanics="MECHANICS_SOLVED" exact_selected=false quality=[{"ref":"case:b","solve_quality":"checks_passed"}] seeds=[{"case":"case:b","d5_ref":null,"initial":{"kind":"report","outcome":"NUMERICAL_INTEGRITY_CHECKS_PASSED","ref":"diagnostic:numerical-integrity:case:b"},"legacy":"not_required","load_row_finding":false,"recovery_demoted":false,"w2":{"kind":"not_triggered"}}]
I98_W1_START case=case:b
I98_MARK w1_start t_us=1791417170456823
I98_MARK prepared t_us=1791417170457389
I98_NATIVE_OUTCOME Selected
I98_MARK native_selected t_us=1791417170479644
I98_CANDIDATE_REFUSAL len=3207 error=Proof(ProductProofFailure { failure: ProductFailure { cause: Native(MissingUniquenessWarrant(0)) }, work: ProductCertificateSpent { rows: [], verdicts: [], failure: None, coverage: [], native: None, native_k: Some(ResidualWork { readout_law: AdmittedK, numeric: NumericWork { wide: AttemptWork { widths: [WidthWork { add: 0, sub: 0, mul: 0, div: 0, sqrt: 0, round: 0, two_sum: 0, two_product: 0 }, WidthWork { add: 0, sub: 0, mul: 0, div: 0, sqrt: 0, round: 0, two_sum: 0, two_product: 0 }, WidthWork { add: 0, sub: 0, mul: 0, div: 125, sqrt: 6, round: 1701, two_sum: 0, two_product: 351 }] }, sums: SumWork { term_limbs: 17174, shift_limbs: 17626, net_limbs: 24775, rounded_limbs: 7995, max_span_bits: 2052 }, entries: [332, 66, 1171, 125, 0, 0, 6], f64_arithmetic: 0, status: Exact }, point: AttemptWork { widths: [WidthWork { add: 0, sub: 0, mul: 0, div: 0, sqrt: 0, round: 0, two_sum: 0, two_product: 0 }, WidthWork { add: 0, sub: 0, mul: 0, div: 0, sqrt: 0, round: 0, two_sum: 0, two_product: 0 }, WidthWork { add: 0, sub: 0, mul: 0, div: 0, sqrt: 0, round: 0, two_sum: 0, two_product: 0 }] }, view: SourceBridgeViewWork { visits: 1649, f64_operations: 10, prescribed_capacity: 18, data_capacity: 1 }, correction: SourceCorrectionWork { cast: AttemptWork { widths: [WidthWork { add: 0, sub: 0, mul: 0, div: 0, sqrt: 0, round: 0, two_sum: 0, two_product: 0 }, WidthWork { add: 0, sub: 0, mul: 0, div: 0, sqrt: 0, round: 0, two_sum: 0, two_product: 0 }, WidthWork { add: 0, sub: 0, mul: 0, div: 0,
I98_ADMISSION cb3_v1_b dense_scrutiny profile=Registered allowance=Unselected refusal=None domain=None required=Some(3595488734) census_complete=true
I98_W1 cb3_v1_b dense_scrutiny cause=Err(Candidate) phase=W2 counts=Counts { runs: 1, complete_gates: 1 } one_run_through_g_c=true armed_before=[] armed_after=[] envelope_is_plain=false published_successor=false notices=1 bytes_eq_with_notice_plain_case_none=true bytes_eq_plain=false published_sha=756206df9917a26a8cc2fbafe8b663cf39882a1c3e9430e5c1e5d0cbd31431d5 published_len=71523 direct_ms=60
I98_MARK witness_ordinary_done t_us=1791417170522378
I98_SEEDS site=retained_w1 mechanics="MECHANICS_SOLVED" exact_selected=false quality=[{"ref":"case:b","solve_quality":"checks_passed"}] seeds=[{"case":"case:b","d5_ref":null,"initial":{"kind":"report","outcome":"NUMERICAL_INTEGRITY_CHECKS_PASSED","ref":"diagnostic:numerical-integrity:case:b"},"legacy":"not_required","load_row_finding":false,"recovery_demoted":false,"w2":{"kind":"not_triggered"}}]
I98_W1_START case=case:b
I98_MARK w1_start t_us=1791417170522830
I98_MARK prepared t_us=1791417170523397
I98_NATIVE_OUTCOME Selected
I98_MARK native_selected t_us=1791417170545251
I98_CANDIDATE_REFUSAL len=3207 error=Proof(ProductProofFailure { failure: ProductFailure { cause: Native(MissingUniquenessWarrant(0)) }, work: ProductCertificateSpent { rows: [], verdicts: [], failure: None, coverage: [], native: None, native_k: Some(ResidualWork { readout_law: AdmittedK, numeric: NumericWork { wide: AttemptWork { widths: [WidthWork { add: 0, sub: 0, mul: 0, div: 0, sqrt: 0, round: 0, two_sum: 0, two_product: 0 }, WidthWork { add: 0, sub: 0, mul: 0, div: 0, sqrt: 0, round: 0, two_sum: 0, two_product: 0 }, WidthWork { add: 0, sub: 0, mul: 0, div: 125, sqrt: 6, round: 1701, two_sum: 0, two_product: 351 }] }, sums: SumWork { term_limbs: 17174, shift_limbs: 17626, net_limbs: 24775, rounded_limbs: 7995, max_span_bits: 2052 }, entries: [332, 66, 1171, 125, 0, 0, 6], f64_arithmetic: 0, status: Exact }, point: AttemptWork { widths: [WidthWork { add: 0, sub: 0, mul: 0, div: 0, sqrt: 0, round: 0, two_sum: 0, two_product: 0 }, WidthWork { add: 0, sub: 0, mul: 0, div: 0, sqrt: 0, round: 0, two_sum: 0, two_product: 0 }, WidthWork { add: 0, sub: 0, mul: 0, div: 0, sqrt: 0, round: 0, two_sum: 0, two_product: 0 }] }, view: SourceBridgeViewWork { visits: 1649, f64_operations: 10, prescribed_capacity: 18, data_capacity: 1 }, correction: SourceCorrectionWork { cast: AttemptWork { widths: [WidthWork { add: 0, sub: 0, mul: 0, div: 0, sqrt: 0, round: 0, two_sum: 0, two_product: 0 }, WidthWork { add: 0, sub: 0, mul: 0, div: 0, sqrt: 0, round: 0, two_sum: 0, two_product: 0 }, WidthWork { add: 0, sub: 0, mul: 0, div: 0,
I98_WITNESS cb3_v1_b dense_scrutiny stack=4194304 ran=Fallback(Candidate) furthest_phase=W2 ms=58
I98_CENSUS cb3_v1_ab input_sha=e588aba3fd9de37729a5f8dbc16a0c89c04f3cb26fb3014685da58774e7efd3b profile=Registered census_complete=true domain=None refusal=None required=Some(3575778286) loads_per_case=[4] loads_total=4 combinations=0 over=[] at_cap=["ModelMaterialsCapacity=4/4", "LoadCasesCapacity=1/1", "MaterialExpansionLawsCapacity=4/4"] rows=["Nodes=3/32", "NodesCapacity=3/32", "Members=1/32", "MembersCapacity=1/32", "Supports=5/32", "SupportsCapacity=5/32", "Restraints=12/192", "Springs=3/192", "Loads=4/128", "LoadsCapacity=4/128", "ModelMaterials=1/4", "RequestMaterials=0/4", "TemperaturePoints=0/16", "LoadCasesCapacity=1/1", "TypedTextBytes=46/128", "RawTextBytes=46/128", "RawKeyTextBytes=23/128", "RawValues=180/16384", "RawDepth=7/16", "RawStringBytes=1249/65536", "RawKeyBytes=974/65536", "RawArrayCapacity=27/32768", "RawStringCapacity=1249/131072", "RawKeyCapacity=974/131072", "DigestCapacity=64/128", "ControlBytes=0/0"]
I98_BEGIN cb3_v1_ab sparse_interactive registered=true input_sha=e588aba3fd9de37729a5f8dbc16a0c89c04f3cb26fb3014685da58774e7efd3b
I98_ORDINARY cb3_v1_ab sparse_interactive status={"mechanics":"MECHANICS_SOLVED","professional_acceptance":"NOT_PROVIDED","rule_check":"RULE_INPUTS_INCOMPLETE"} results=113 plain_sha=4502871cb1157b8b57051d95b73945a88891a9d7d74f6091f095d6498040a934 plain_len=75455 published_verdicts=[{"ref":"case:ab","solve_quality":"sensitive"}] rcond=["2.606477882912165e-8"] refinement_attempts=["0"] assembly=["rel=0.0 amp=0.0 load=0.0"] d5=["formation_check: reason=estimate; row=N1:RX; doubled_correction=8.093801056572112e-14; scale=3.333666549241316e-5; trigger_ratio=2.427897612739378"] range_scaling=[] diagnostics={"LOAD_CATEGORY_PREVIEW_MAPPED:warning": 4, "NUMERICAL_INTEGRITY_SENSITIVE:warning": 1, "RULE_CHECK_INPUTS_MISSING:warning": 1, "SOURCE_BLOCK_RECOVERY_UNAVAILABLE:info": 1} ms=4
I98_MARK ordinary_done t_us=1791417170593346
I98_SEEDS site=permitted_run mechanics="MECHANICS_SOLVED" exact_selected=false quality=[{"ref":"case:ab","solve_quality":"sensitive"}] seeds=[{"case":"case:ab","d5_ref":"diagnostic:numerical-integrity:case:ab","initial":{"kind":"report","outcome":"NUMERICAL_INTEGRITY_SENSITIVE","ref":"diagnostic:numerical-integrity:case:ab"},"legacy":"unavailable(stage=source closure)","load_row_finding":false,"recovery_demoted":false,"w2":{"kind":"not_triggered"}}]
I98_SEEDS site=retained_w1 mechanics="MECHANICS_SOLVED" exact_selected=false quality=[{"ref":"case:ab","solve_quality":"sensitive"}] seeds=[{"case":"case:ab","d5_ref":"diagnostic:numerical-integrity:case:ab","initial":{"kind":"report","outcome":"NUMERICAL_INTEGRITY_SENSITIVE","ref":"diagnostic:numerical-integrity:case:ab"},"legacy":"unavailable(stage=source closure)","load_row_finding":false,"recovery_demoted":false,"w2":{"kind":"not_triggered"}}]
I98_W1_START case=case:ab
I98_MARK w1_start t_us=1791417170594295
I98_MARK prepared t_us=1791417170594907
I98_NATIVE_OUTCOME Selected
I98_MARK native_selected t_us=1791417170642972
I51_DUAL_LANES (LaneReadouts { anchor: ProofAnchor { owner: ProductOwnerStamp { run: 0, .. } }, law: AdmittedK, rows: [Enclosure { lo: Z+, hi: Z+ }, Enclosure { lo: Z+, hi: Z+ }, Enclosure { lo: Z+, hi: Z+ }, Enclosure { lo: +8bcf64e5ec10eaaaaaaaaaaaaaaaaaaaaaaaaaaaaaaaaaaaaaaaaaaaaaaaaaaaaaaaaa960c49ca6366513da9bec544c691a3b0279d0dd3c0ca4587e6b74f0329161f9add3c0ca4587e6b74f0329161f9add3c0ca4587e6b74f0329161f9add3c0ca4587e6b74f0329161f9add3c0ca4587e6b74f0329161f9add3c0c86ac1e74p-15, hi: +8bcf64e5ec10eaaaaaaaaaaaaaaaaaaaaaaaaaaaaaaaaaaaaaaaaaaaaaaaaaaaaaaaaabf4dca3d9c99aec256413abb396e5c4fd862f22c3f35ba781948b0fcd6e9e06522c3f35ba781948b0fcd6e9e06522c3f35ba781948b0fcd6e9e06522c3f35ba781948b0fcd6e9e06522c3f35ba781948b0fcd6e9e06522c3f37953e18cp-15 }, Enclosure { lo: +a4ed3f1b0e725c3dee78183f91e646f156191148fd9fd36f7e3d1cc100e6afcce1c43849dc784a6513da9bec544c691a3b0279d0dd3c0ca4587e6b74f0329161f9add3c0ca4587e6b74f0329161f9add3c0ca4587e6b74f0329161f9add3c0ca4587e6b74f0329161f9add3c0ca4587e6b...[cut by sanitize.py: 58829 bytes, sha256 d3d2b0be889961ea1d549ff01b2443894bea4250b4de96044169a41130dc7044]
I51_FROZEN_ROWS {"g5a":"None","numeric_pass":true,"observables":"None","rows":[{"bits":"3ff0000000000000","id":"result:solver-mode:linear-solve-basis","kind":"linear_solver_mode_basis","unit":"mode_code","value":1.0},{"bits":"0000000000000000","id":"result:disp:N0","kind":"displacement_magnitude","unit":"mm","value":0.0},{"bits":"3fb821e751965334","id":"result:disp:N1","kind":"displacement_magnitude","unit":"mm","value":0.09426732770800755},{"bits":"0000000000000000","id":"result:disp:N2","kind":"displacement_magnitude","unit":"mm","value":0.0},{"bits":"0000000000000000","id":"result:disp:N0:ux","kind":"global_nodal_displacement_x","unit":"mm","value":0.0},{"bits":"0000000000000000","id":"result:disp:N0:uy","kind":"global_nodal_displacement_y","unit":"mm","value":0.0},{"bits":"0000000000000000","id":"result:disp:N0:uz","kind":"global_nodal_displacement_z","unit":"mm","value":0.0},{"bits":"3f0179ec9cbd821d","id":"result:disp:N0:rx","kind":"global_nodal_rotation_x","unit":"rad","value":0...[cut by sanitize.py: 43469 bytes, sha256 3c0eab30a79a5a6e06c1e5b6e193820847270c0bcba8be05dd88aac0b8ca5a16]
I98_MARK candidate t_us=1791417171230200
I98_MARK staged t_us=1791417171230248
I98_MARK serialized t_us=1791417171252248
I98_MARK precommit_ok t_us=1791417171289513
I98_ADMISSION cb3_v1_ab sparse_interactive profile=Registered allowance=Unselected refusal=None domain=None required=Some(3575778286) census_complete=true
I98_W1 cb3_v1_ab sparse_interactive cause=Ok(successor) phase=E_mov,max (successor) counts=Counts { runs: 1, complete_gates: 1 } one_run_through_g_c=true armed_before=[] armed_after=[] envelope_is_plain=true published_successor=true notices=0 bytes_eq_with_notice_plain_case_none=false bytes_eq_plain=false published_sha=80abadc6fe908345ba1f1d3def1ffe123f366e6fb163ca88e1b395d2115e8cc1 published_len=127192 direct_ms=700
I98_SUCCESSOR cb3_v1_ab sparse_interactive receipt_sha256="7fab5632b65a9146ac15287749bb1d9a27f7dce697b7768eb93df69dac5b2bc0" rust_reader=PASS invocation_bound=true numerical_eligible=true classifications=113 case_status="selected" ordinary_initial={"kind":"report","outcome":"sensitive","report_diagnostic_ref":"diagnostic:numerical-integrity:case:ab"} ordinary_w2={"kind":"not_triggered"}
I98_SUCCESSOR_FILE cb3_v1_ab sparse_interactive successor_cb3_v1_ab_sparse_interactive.json sha=80abadc6fe908345ba1f1d3def1ffe123f366e6fb163ca88e1b395d2115e8cc1
I98_MARK witness_ordinary_done t_us=1791417171346326
I98_SEEDS site=retained_w1 mechanics="MECHANICS_SOLVED" exact_selected=false quality=[{"ref":"case:ab","solve_quality":"sensitive"}] seeds=[{"case":"case:ab","d5_ref":"diagnostic:numerical-integrity:case:ab","initial":{"kind":"report","outcome":"NUMERICAL_INTEGRITY_SENSITIVE","ref":"diagnostic:numerical-integrity:case:ab"},"legacy":"unavailable(stage=source closure)","load_row_finding":false,"recovery_demoted":false,"w2":{"kind":"not_triggered"}}]
I98_W1_START case=case:ab
I98_MARK w1_start t_us=1791417171346738
I98_MARK prepared t_us=1791417171347311
I98_NATIVE_OUTCOME Selected
I98_MARK native_selected t_us=1791417171389605
I51_DUAL_LANES (LaneReadouts { anchor: ProofAnchor { owner: ProductOwnerStamp { run: 0, .. } }, law: AdmittedK, rows: [Enclosure { lo: Z+, hi: Z+ }, Enclosure { lo: Z+, hi: Z+ }, Enclosure { lo: Z+, hi: Z+ }, Enclosure { lo: +8bcf64e5ec10eaaaaaaaaaaaaaaaaaaaaaaaaaaaaaaaaaaaaaaaaaaaaaaaaaaaaaaaaa960c49ca6366513da9bec544c691a3b0279d0dd3c0ca4587e6b74f0329161f9add3c0ca4587e6b74f0329161f9add3c0ca4587e6b74f0329161f9add3c0ca4587e6b74f0329161f9add3c0ca4587e6b74f0329161f9add3c0c86ac1e74p-15, hi: +8bcf64e5ec10eaaaaaaaaaaaaaaaaaaaaaaaaaaaaaaaaaaaaaaaaaaaaaaaaaaaaaaaaabf4dca3d9c99aec256413abb396e5c4fd862f22c3f35ba781948b0fcd6e9e06522c3f35ba781948b0fcd6e9e06522c3f35ba781948b0fcd6e9e06522c3f35ba781948b0fcd6e9e06522c3f35ba781948b0fcd6e9e06522c3f37953e18cp-15 }, Enclosure { lo: +a4ed3f1b0e725c3dee78183f91e646f156191148fd9fd36f7e3d1cc100e6afcce1c43849dc784a6513da9bec544c691a3b0279d0dd3c0ca4587e6b74f0329161f9add3c0ca4587e6b74f0329161f9add3c0ca4587e6b74f0329161f9add3c0ca4587e6b74f0329161f9add3c0ca4587e6b...[cut by sanitize.py: 58829 bytes, sha256 d3d2b0be889961ea1d549ff01b2443894bea4250b4de96044169a41130dc7044]
I51_FROZEN_ROWS {"g5a":"None","numeric_pass":true,"observables":"None","rows":[{"bits":"3ff0000000000000","id":"result:solver-mode:linear-solve-basis","kind":"linear_solver_mode_basis","unit":"mode_code","value":1.0},{"bits":"0000000000000000","id":"result:disp:N0","kind":"displacement_magnitude","unit":"mm","value":0.0},{"bits":"3fb821e751965334","id":"result:disp:N1","kind":"displacement_magnitude","unit":"mm","value":0.09426732770800755},{"bits":"0000000000000000","id":"result:disp:N2","kind":"displacement_magnitude","unit":"mm","value":0.0},{"bits":"0000000000000000","id":"result:disp:N0:ux","kind":"global_nodal_displacement_x","unit":"mm","value":0.0},{"bits":"0000000000000000","id":"result:disp:N0:uy","kind":"global_nodal_displacement_y","unit":"mm","value":0.0},{"bits":"0000000000000000","id":"result:disp:N0:uz","kind":"global_nodal_displacement_z","unit":"mm","value":0.0},{"bits":"3f0179ec9cbd821d","id":"result:disp:N0:rx","kind":"global_nodal_rotation_x","unit":"rad","value":0...[cut by sanitize.py: 43469 bytes, sha256 3c0eab30a79a5a6e06c1e5b6e193820847270c0bcba8be05dd88aac0b8ca5a16]
I98_MARK candidate t_us=1791417171951648
I98_MARK staged t_us=1791417171951695
I98_MARK serialized t_us=1791417171973897
I98_MARK precommit_ok t_us=1791417172012221
I98_WITNESS cb3_v1_ab sparse_interactive stack=4194304 ran=Successor furthest_phase=E_mov,max (successor) ms=670
I98_BEGIN cb3_v1_ab dense_scrutiny registered=true input_sha=e588aba3fd9de37729a5f8dbc16a0c89c04f3cb26fb3014685da58774e7efd3b
I98_ORDINARY cb3_v1_ab dense_scrutiny status={"mechanics":"MECHANICS_SOLVED","professional_acceptance":"NOT_PROVIDED","rule_check":"RULE_INPUTS_INCOMPLETE"} results=114 plain_sha=030d11d89c093baa1f7c0cf4fb98de9bb3acd059b08a7d726aead074f3efecb0 plain_len=76574 published_verdicts=[{"ref":"case:ab","solve_quality":"sensitive"}] rcond=["2.606477892402732e-8"] refinement_attempts=["0"] assembly=["rel=0.0 amp=0.0 load=0.0"] d5=["formation_check: reason=estimate; row=N1:RX; doubled_correction=1.6176971209150903e-13; scale=3.3336665371059296e-5; trigger_ratio=4.852606290728372"] range_scaling=[] diagnostics={"LOAD_CATEGORY_PREVIEW_MAPPED:warning": 4, "NUMERICAL_INTEGRITY_SENSITIVE:warning": 1, "RULE_CHECK_INPUTS_MISSING:warning": 1, "SOURCE_BLOCK_RECOVERY_UNAVAILABLE:info": 1} ms=4
I98_MARK ordinary_done t_us=1791417172026398
I98_SEEDS site=permitted_run mechanics="MECHANICS_SOLVED" exact_selected=false quality=[{"ref":"case:ab","solve_quality":"sensitive"}] seeds=[{"case":"case:ab","d5_ref":"diagnostic:numerical-integrity:case:ab","initial":{"kind":"report","outcome":"NUMERICAL_INTEGRITY_SENSITIVE","ref":"diagnostic:numerical-integrity:case:ab"},"legacy":"unavailable(stage=source closure)","load_row_finding":false,"recovery_demoted":false,"w2":{"kind":"not_triggered"}}]
I98_SEEDS site=retained_w1 mechanics="MECHANICS_SOLVED" exact_selected=false quality=[{"ref":"case:ab","solve_quality":"sensitive"}] seeds=[{"case":"case:ab","d5_ref":"diagnostic:numerical-integrity:case:ab","initial":{"kind":"report","outcome":"NUMERICAL_INTEGRITY_SENSITIVE","ref":"diagnostic:numerical-integrity:case:ab"},"legacy":"unavailable(stage=source closure)","load_row_finding":false,"recovery_demoted":false,"w2":{"kind":"not_triggered"}}]
I98_W1_START case=case:ab
I98_MARK w1_start t_us=1791417172027292
I98_MARK prepared t_us=1791417172027869
I98_NATIVE_OUTCOME Selected
I98_MARK native_selected t_us=1791417172071014
I51_DUAL_LANES (LaneReadouts { anchor: ProofAnchor { owner: ProductOwnerStamp { run: 0, .. } }, law: AdmittedK, rows: [Enclosure { lo: Z+, hi: Z+ }, Enclosure { lo: Z+, hi: Z+ }, Enclosure { lo: Z+, hi: Z+ }, Enclosure { lo: +8bcf64e5ec10eaaaaaaaaaaaaaaaaaaaaaaaaaaaaaaaaaaaaaaaaaaaaaaaaaaaaaaaaa960c49ca6366513da9bec544c691a3b0279d0dd3c0ca4587e6b74f0329161f9add3c0ca4587e6b74f0329161f9add3c0ca4587e6b74f0329161f9add3c0ca4587e6b74f0329161f9add3c0ca4587e6b74f0329161f9add3c0c86ac1e74p-15, hi: +8bcf64e5ec10eaaaaaaaaaaaaaaaaaaaaaaaaaaaaaaaaaaaaaaaaaaaaaaaaaaaaaaaaabf4dca3d9c99aec256413abb396e5c4fd862f22c3f35ba781948b0fcd6e9e06522c3f35ba781948b0fcd6e9e06522c3f35ba781948b0fcd6e9e06522c3f35ba781948b0fcd6e9e06522c3f35ba781948b0fcd6e9e06522c3f37953e18cp-15 }, Enclosure { lo: +a4ed3f1b0e725c3dee78183f91e646f156191148fd9fd36f7e3d1cc100e6afcce1c43849dc784a6513da9bec544c691a3b0279d0dd3c0ca4587e6b74f0329161f9add3c0ca4587e6b74f0329161f9add3c0ca4587e6b74f0329161f9add3c0ca4587e6b74f0329161f9add3c0ca4587e6b...[cut by sanitize.py: 58829 bytes, sha256 d3d2b0be889961ea1d549ff01b2443894bea4250b4de96044169a41130dc7044]
I51_FROZEN_ROWS {"g5a":"None","numeric_pass":true,"observables":"None","rows":[{"bits":"4000000000000000","id":"result:solver-mode:linear-solve-basis","kind":"linear_solver_mode_basis","unit":"mode_code","value":2.0},{"bits":"3e2c76280d1333f1","id":"result:sparse-live:dense-parity-relative-delta","kind":"sparse_live_path_dense_parity_relative_delta","unit":"unitless","value":3.31336034355847e-9},{"bits":"0000000000000000","id":"result:disp:N0","kind":"displacement_magnitude","unit":"mm","value":0.0},{"bits":"3fb821e751965334","id":"result:disp:N1","kind":"displacement_magnitude","unit":"mm","value":0.09426732770800755},{"bits":"0000000000000000","id":"result:disp:N2","kind":"displacement_magnitude","unit":"mm","value":0.0},{"bits":"0000000000000000","id":"result:disp:N0:ux","kind":"global_nodal_displacement_x","unit":"mm","value":0.0},{"bits":"0000000000000000","id":"result:disp:N0:uy","kind":"global_nodal_displacement_y","unit":"mm","value":0.0},{"bits":"0000000000000000","id":"result...[cut by sanitize.py: 43779 bytes, sha256 31422e647bfda1eaba1508199f1199cd54b593793198169798db30e207290a05]
I98_MARK candidate t_us=1791417172636294
I98_MARK staged t_us=1791417172636365
I98_MARK serialized t_us=1791417172658695
I98_MARK precommit_ok t_us=1791417172696209
I98_ADMISSION cb3_v1_ab dense_scrutiny profile=Registered allowance=Unselected refusal=None domain=None required=Some(3595488734) census_complete=true
I98_W1 cb3_v1_ab dense_scrutiny cause=Ok(successor) phase=E_mov,max (successor) counts=Counts { runs: 1, complete_gates: 1 } one_run_through_g_c=true armed_before=[] armed_after=[] envelope_is_plain=true published_successor=true notices=0 bytes_eq_with_notice_plain_case_none=false bytes_eq_plain=false published_sha=ebae7245654464755abd4ccac82e4c1b5d3b0dd6d72df99463644e47b994ab98 published_len=128357 direct_ms=674
I98_SUCCESSOR cb3_v1_ab dense_scrutiny receipt_sha256="d24b74a4163d26630644ec3467115ba57cbc076bc0f0627b9d70254a74637740" rust_reader=PASS invocation_bound=true numerical_eligible=true classifications=114 case_status="selected" ordinary_initial={"kind":"report","outcome":"sensitive","report_diagnostic_ref":"diagnostic:numerical-integrity:case:ab"} ordinary_w2={"kind":"not_triggered"}
I98_SUCCESSOR_FILE cb3_v1_ab dense_scrutiny successor_cb3_v1_ab_dense_scrutiny.json sha=ebae7245654464755abd4ccac82e4c1b5d3b0dd6d72df99463644e47b994ab98
I98_MARK witness_ordinary_done t_us=1791417172753348
I98_SEEDS site=retained_w1 mechanics="MECHANICS_SOLVED" exact_selected=false quality=[{"ref":"case:ab","solve_quality":"sensitive"}] seeds=[{"case":"case:ab","d5_ref":"diagnostic:numerical-integrity:case:ab","initial":{"kind":"report","outcome":"NUMERICAL_INTEGRITY_SENSITIVE","ref":"diagnostic:numerical-integrity:case:ab"},"legacy":"unavailable(stage=source closure)","load_row_finding":false,"recovery_demoted":false,"w2":{"kind":"not_triggered"}}]
I98_W1_START case=case:ab
I98_MARK w1_start t_us=1791417172753768
I98_MARK prepared t_us=1791417172754354
I98_NATIVE_OUTCOME Selected
I98_MARK native_selected t_us=1791417172797034
I51_DUAL_LANES (LaneReadouts { anchor: ProofAnchor { owner: ProductOwnerStamp { run: 0, .. } }, law: AdmittedK, rows: [Enclosure { lo: Z+, hi: Z+ }, Enclosure { lo: Z+, hi: Z+ }, Enclosure { lo: Z+, hi: Z+ }, Enclosure { lo: +8bcf64e5ec10eaaaaaaaaaaaaaaaaaaaaaaaaaaaaaaaaaaaaaaaaaaaaaaaaaaaaaaaaa960c49ca6366513da9bec544c691a3b0279d0dd3c0ca4587e6b74f0329161f9add3c0ca4587e6b74f0329161f9add3c0ca4587e6b74f0329161f9add3c0ca4587e6b74f0329161f9add3c0ca4587e6b74f0329161f9add3c0c86ac1e74p-15, hi: +8bcf64e5ec10eaaaaaaaaaaaaaaaaaaaaaaaaaaaaaaaaaaaaaaaaaaaaaaaaaaaaaaaaabf4dca3d9c99aec256413abb396e5c4fd862f22c3f35ba781948b0fcd6e9e06522c3f35ba781948b0fcd6e9e06522c3f35ba781948b0fcd6e9e06522c3f35ba781948b0fcd6e9e06522c3f35ba781948b0fcd6e9e06522c3f37953e18cp-15 }, Enclosure { lo: +a4ed3f1b0e725c3dee78183f91e646f156191148fd9fd36f7e3d1cc100e6afcce1c43849dc784a6513da9bec544c691a3b0279d0dd3c0ca4587e6b74f0329161f9add3c0ca4587e6b74f0329161f9add3c0ca4587e6b74f0329161f9add3c0ca4587e6b74f0329161f9add3c0ca4587e6b...[cut by sanitize.py: 58829 bytes, sha256 d3d2b0be889961ea1d549ff01b2443894bea4250b4de96044169a41130dc7044]
I51_FROZEN_ROWS {"g5a":"None","numeric_pass":true,"observables":"None","rows":[{"bits":"4000000000000000","id":"result:solver-mode:linear-solve-basis","kind":"linear_solver_mode_basis","unit":"mode_code","value":2.0},{"bits":"3e2c76280d1333f1","id":"result:sparse-live:dense-parity-relative-delta","kind":"sparse_live_path_dense_parity_relative_delta","unit":"unitless","value":3.31336034355847e-9},{"bits":"0000000000000000","id":"result:disp:N0","kind":"displacement_magnitude","unit":"mm","value":0.0},{"bits":"3fb821e751965334","id":"result:disp:N1","kind":"displacement_magnitude","unit":"mm","value":0.09426732770800755},{"bits":"0000000000000000","id":"result:disp:N2","kind":"displacement_magnitude","unit":"mm","value":0.0},{"bits":"0000000000000000","id":"result:disp:N0:ux","kind":"global_nodal_displacement_x","unit":"mm","value":0.0},{"bits":"0000000000000000","id":"result:disp:N0:uy","kind":"global_nodal_displacement_y","unit":"mm","value":0.0},{"bits":"0000000000000000","id":"result...[cut by sanitize.py: 43779 bytes, sha256 31422e647bfda1eaba1508199f1199cd54b593793198169798db30e207290a05]
I98_MARK candidate t_us=1791417173386204
I98_MARK staged t_us=1791417173386260
I98_MARK serialized t_us=1791417173409758
I98_MARK precommit_ok t_us=1791417173449947
I98_WITNESS cb3_v1_ab dense_scrutiny stack=4194304 ran=Successor furthest_phase=E_mov,max (successor) ms=701
I98_CENSUS i86_case_a input_sha=8756006a612b6ed66c1dd01b2af228b339b6b51cd43a6fd416638c6f87c215b0 profile=Registered census_complete=true domain=None refusal=None required=Some(3575778286) loads_per_case=[128] loads_total=128 combinations=0 over=[] at_cap=["Nodes=32/32", "NodesCapacity=32/32", "Members=32/32", "MembersCapacity=32/32", "Supports=32/32", "SupportsCapacity=32/32", "Loads=128/128", "LoadsCapacity=128/128", "ModelMaterials=4/4", "ModelMaterialsCapacity=4/4", "RequestMaterials=4/4", "RequestMaterialsCapacity=4/4", "TemperaturePoints=16/16", "TemperaturePointsCapacity=16/16", "LoadCasesCapacity=1/1", "MaterialExpansionLawsCapacity=4/4", "TypedTextBytes=128/128", "TypedTextCapacity=128/128", "RawTextBytes=128/128", "RawDepth=16/16"] rows=["Nodes=32/32", "NodesCapacity=32/32", "Members=32/32", "MembersCapacity=32/32", "Supports=32/32", "SupportsCapacity=32/32", "Restraints=66/192", "Springs=21/192", "Loads=128/128", "LoadsCapacity=128/128", "ModelMaterials=4/4", "RequestMaterials=4/4", "TemperaturePoints=16/16", "LoadCasesCapacity=1/1", "TypedTextBytes=128/128", "RawTextBytes=128/128", "RawKeyTextBytes=23/128", "RawValues=3165/16384", "RawDepth=16/16", "RawStringBytes=26828/65536", "RawKeyBytes=16651/65536", "RawArrayCapacity=441/32768", "RawStringCapacity=26828/131072", "RawKeyCapacity=16651/131072", "DigestCapacity=64/128", "ControlBytes=0/0"]
I98_BEGIN i86_case_a sparse_interactive registered=true input_sha=8756006a612b6ed66c1dd01b2af228b339b6b51cd43a6fd416638c6f87c215b0
I98_ORDINARY i86_case_a sparse_interactive status={"mechanics":"MECHANICS_SOLVED","professional_acceptance":"NOT_PROVIDED","rule_check":"RULE_INPUTS_INCOMPLETE"} results=2113 plain_sha=8cab22cbaeecdc720af0478c50366196fd4c1be2c5b7b122ed823b762afcf7dd plain_len=1387514 published_verdicts=[{"ref":"case:a","solve_quality":"sensitive"}] rcond=["2.0384254872829075e-8"] refinement_attempts=["0"] assembly=["rel=5.517719525168333e-17 amp=2.7068536768165634e-9 load=0.0"] d5=["formation_check: reason=estimate; row=C0:N1:RX; doubled_correction=8.093801056572112e-14; scale=3.333666549241316e-5; trigger_ratio=2.427897612739378"] range_scaling=[] diagnostics={"LOAD_CATEGORY_PREVIEW_MAPPED:warning": 128, "NUMERICAL_INTEGRITY_SENSITIVE:warning": 1, "RULE_CHECK_INPUTS_MISSING:warning": 1, "SOURCE_BLOCK_RECOVERY_UNAVAILABLE:info": 1} ms=90
I98_MARK ordinary_done t_us=1791417173753590
I98_SEEDS site=permitted_run mechanics="MECHANICS_SOLVED" exact_selected=false quality=[{"ref":"case:a","solve_quality":"sensitive"}] seeds=[{"case":"case:a","d5_ref":"diagnostic:numerical-integrity:case:a","initial":{"kind":"report","outcome":"NUMERICAL_INTEGRITY_SENSITIVE","ref":"diagnostic:numerical-integrity:case:a"},"legacy":"unavailable(stage=source closure)","load_row_finding":false,"recovery_demoted":false,"w2":{"kind":"not_triggered"}}]
I98_SEEDS site=retained_w1 mechanics="MECHANICS_SOLVED" exact_selected=false quality=[{"ref":"case:a","solve_quality":"sensitive"}] seeds=[{"case":"case:a","d5_ref":"diagnostic:numerical-integrity:case:a","initial":{"kind":"report","outcome":"NUMERICAL_INTEGRITY_SENSITIVE","ref":"diagnostic:numerical-integrity:case:a"},"legacy":"unavailable(stage=source closure)","load_row_finding":false,"recovery_demoted":false,"w2":{"kind":"not_triggered"}}]
I98_W1_START case=case:a
I98_MARK w1_start t_us=1791417173769069
I98_MARK prepared t_us=1791417173786790
I98_NATIVE_OUTCOME Selected
I98_MARK native_selected t_us=1791417174386665
I51_DUAL_LANES (LaneReadouts { anchor: ProofAnchor { owner: ProductOwnerStamp { run: 0, .. } }, law: AdmittedK, rows: [Enclosure { lo: Z+, hi: Z+ }, Enclosure { lo: Z+, hi: Z+ }, Enclosure { lo: Z+, hi: Z+ }, Enclosure { lo: +8bcf64e5ec10eaaaaaaaaaaaaaaaaaaaaaaaaaaaaaaaaaaaaaaaaaaaaaaaaaaaaaaaaa960c49ca6366513da9bec544c691a3b0279d0dd3c0ca4587e6b74f0329161f9add3c0ca4587e6b74f0329161f9add3c0ca4587e6b74f0329161f9add3c0ca4587e6b74f0329161f9add3c0ca4587e6b74f0329161f9add3c0c86ac1e74p-15, hi: +8bcf64e5ec10eaaaaaaaaaaaaaaaaaaaaaaaaaaaaaaaaaaaaaaaaaaaaaaaaaaaaaaaaabf4dca3d9c99aec256413abb396e5c4fd862f22c3f35ba781948b0fcd6e9e06522c3f35ba781948b0fcd6e9e06522c3f35ba781948b0fcd6e9e06522c3f35ba781948b0fcd6e9e06522c3f35ba781948b0fcd6e9e06522c3f37953e18cp-15 }, Enclosure { lo: +a4ed3f1b0e725c3dee78183f91e646f156191148fd9fd36f7e3d1cc100e6afcce1c43849dc784a6513da9bec544c691a3b0279d0dd3c0ca4587e6b74f0329161f9add3c0ca4587e6b74f0329161f9add3c0ca4587e6b74f0329161f9add3c0ca4587e6b74f0329161f9add3c0ca4587e6b...[cut by sanitize.py: 443989 bytes, sha256 ffc973823bd3e47cb30ca6257176e046883ca22ac40c489167edc641d896795e]
I51_FROZEN_ROWS {"g5a":"None","numeric_pass":true,"observables":"None","rows":[{"bits":"3ff0000000000000","id":"result:solver-mode:linear-solve-basis","kind":"linear_solver_mode_basis","unit":"mode_code","value":1.0},{"bits":"0000000000000000","id":"result:disp:C0-N0","kind":"displacement_magnitude","unit":"mm","value":0.0},{"bits":"3fb821e751965334","id":"result:disp:C0-N1","kind":"displacement_magnitude","unit":"mm","value":0.09426732770800755},{"bits":"0000000000000000","id":"result:disp:C1-N0","kind":"displacement_magnitude","unit":"mm","value":0.0},{"bits":"3fb821e751965334","id":"result:disp:C1-N1","kind":"displacement_magnitude","unit":"mm","value":0.09426732770800755},{"bits":"0000000000000000","id":"result:disp:C2-N0","kind":"displacement_magnitude","unit":"mm","value":0.0},{"bits":"3fb821e751965334","id":"result:disp:C2-N1","kind":"displacement_magnitude","unit":"mm","value":0.09426732770800755},{"bits":"0000000000000000","id":"result:disp:C3-N0","kind":"displacement_magnitud...[cut by sanitize.py: 704200 bytes, sha256 d95e810dd929767f59fcda551afe1977cd8fda8624310c591347ebc4cbe9a4b0]
I98_MARK candidate t_us=1791417189395014
I98_MARK staged t_us=1791417189395585
I98_MARK serialized t_us=1791417189773006
I98_MARK precommit_ok t_us=1791417190681431
I98_ADMISSION i86_case_a sparse_interactive profile=Registered allowance=Unselected refusal=None domain=None required=Some(3575778286) census_complete=true
I98_W1 i86_case_a sparse_interactive cause=Ok(successor) phase=E_mov,max (successor) counts=Counts { runs: 1, complete_gates: 1 } one_run_through_g_c=true armed_before=[] armed_after=[] envelope_is_plain=true published_successor=true notices=0 bytes_eq_with_notice_plain_case_none=false bytes_eq_plain=false published_sha=5ef1b317e59d63e6786bc2b59ab625c48c33a03ca5950712943cd0829a78ee88 published_len=2182734 direct_ms=17019
I98_SUCCESSOR i86_case_a sparse_interactive receipt_sha256="d13ee8dd00d54729420e3c2a5296b473cc0aaaee7f926a4b7ab4225c098133c8" rust_reader=PASS invocation_bound=true numerical_eligible=true classifications=2113 case_status="selected" ordinary_initial={"kind":"report","outcome":"sensitive","report_diagnostic_ref":"diagnostic:numerical-integrity:case:a"} ordinary_w2={"kind":"not_triggered"}
I98_SUCCESSOR_FILE i86_case_a sparse_interactive successor_i86_case_a_sparse_interactive.json sha=5ef1b317e59d63e6786bc2b59ab625c48c33a03ca5950712943cd0829a78ee88
I98_MARK witness_ordinary_done t_us=1791417191955739
I98_SEEDS site=retained_w1 mechanics="MECHANICS_SOLVED" exact_selected=false quality=[{"ref":"case:a","solve_quality":"sensitive"}] seeds=[{"case":"case:a","d5_ref":"diagnostic:numerical-integrity:case:a","initial":{"kind":"report","outcome":"NUMERICAL_INTEGRITY_SENSITIVE","ref":"diagnostic:numerical-integrity:case:a"},"legacy":"unavailable(stage=source closure)","load_row_finding":false,"recovery_demoted":false,"w2":{"kind":"not_triggered"}}]
I98_W1_START case=case:a
I98_MARK w1_start t_us=1791417191962838
I98_MARK prepared t_us=1791417191979851
I98_NATIVE_OUTCOME Selected
I98_MARK native_selected t_us=1791417192562242
I51_DUAL_LANES (LaneReadouts { anchor: ProofAnchor { owner: ProductOwnerStamp { run: 0, .. } }, law: AdmittedK, rows: [Enclosure { lo: Z+, hi: Z+ }, Enclosure { lo: Z+, hi: Z+ }, Enclosure { lo: Z+, hi: Z+ }, Enclosure { lo: +8bcf64e5ec10eaaaaaaaaaaaaaaaaaaaaaaaaaaaaaaaaaaaaaaaaaaaaaaaaaaaaaaaaa960c49ca6366513da9bec544c691a3b0279d0dd3c0ca4587e6b74f0329161f9add3c0ca4587e6b74f0329161f9add3c0ca4587e6b74f0329161f9add3c0ca4587e6b74f0329161f9add3c0ca4587e6b74f0329161f9add3c0c86ac1e74p-15, hi: +8bcf64e5ec10eaaaaaaaaaaaaaaaaaaaaaaaaaaaaaaaaaaaaaaaaaaaaaaaaaaaaaaaaabf4dca3d9c99aec256413abb396e5c4fd862f22c3f35ba781948b0fcd6e9e06522c3f35ba781948b0fcd6e9e06522c3f35ba781948b0fcd6e9e06522c3f35ba781948b0fcd6e9e06522c3f35ba781948b0fcd6e9e06522c3f37953e18cp-15 }, Enclosure { lo: +a4ed3f1b0e725c3dee78183f91e646f156191148fd9fd36f7e3d1cc100e6afcce1c43849dc784a6513da9bec544c691a3b0279d0dd3c0ca4587e6b74f0329161f9add3c0ca4587e6b74f0329161f9add3c0ca4587e6b74f0329161f9add3c0ca4587e6b74f0329161f9add3c0ca4587e6b...[cut by sanitize.py: 443989 bytes, sha256 ffc973823bd3e47cb30ca6257176e046883ca22ac40c489167edc641d896795e]
I51_FROZEN_ROWS {"g5a":"None","numeric_pass":true,"observables":"None","rows":[{"bits":"3ff0000000000000","id":"result:solver-mode:linear-solve-basis","kind":"linear_solver_mode_basis","unit":"mode_code","value":1.0},{"bits":"0000000000000000","id":"result:disp:C0-N0","kind":"displacement_magnitude","unit":"mm","value":0.0},{"bits":"3fb821e751965334","id":"result:disp:C0-N1","kind":"displacement_magnitude","unit":"mm","value":0.09426732770800755},{"bits":"0000000000000000","id":"result:disp:C1-N0","kind":"displacement_magnitude","unit":"mm","value":0.0},{"bits":"3fb821e751965334","id":"result:disp:C1-N1","kind":"displacement_magnitude","unit":"mm","value":0.09426732770800755},{"bits":"0000000000000000","id":"result:disp:C2-N0","kind":"displacement_magnitude","unit":"mm","value":0.0},{"bits":"3fb821e751965334","id":"result:disp:C2-N1","kind":"displacement_magnitude","unit":"mm","value":0.09426732770800755},{"bits":"0000000000000000","id":"result:disp:C3-N0","kind":"displacement_magnitud...[cut by sanitize.py: 704200 bytes, sha256 d95e810dd929767f59fcda551afe1977cd8fda8624310c591347ebc4cbe9a4b0]
I98_MARK candidate t_us=1791417207561813
I98_MARK staged t_us=1791417207562395
I98_MARK serialized t_us=1791417207939246
I98_MARK precommit_ok t_us=1791417208819807
I98_WITNESS i86_case_a sparse_interactive stack=4194304 ran=Successor furthest_phase=E_mov,max (successor) ms=16957
I98_BEGIN i86_case_a dense_scrutiny registered=true input_sha=8756006a612b6ed66c1dd01b2af228b339b6b51cd43a6fd416638c6f87c215b0
I98_ORDINARY i86_case_a dense_scrutiny status={"mechanics":"MECHANICS_SOLVED","professional_acceptance":"NOT_PROVIDED","rule_check":"RULE_INPUTS_INCOMPLETE"} results=2114 plain_sha=d22683d8316959962dcb6c9892af37779c076b1fabce240d6dcb89480df9eaf5 plain_len=1388919 published_verdicts=[{"ref":"case:a","solve_quality":"sensitive"}] rcond=["2.0384254947051128e-8"] refinement_attempts=["0"] assembly=["rel=5.517719525168333e-17 amp=2.7068536669605133e-9 load=0.0"] d5=["formation_check: reason=estimate; row=C0:N1:RX; doubled_correction=1.6176971209150903e-13; scale=3.3336665371059296e-5; trigger_ratio=4.852606290728372"] range_scaling=[] diagnostics={"LOAD_CATEGORY_PREVIEW_MAPPED:warning": 128, "NUMERICAL_INTEGRITY_SENSITIVE:warning": 1, "RULE_CHECK_INPUTS_MISSING:warning": 1, "SOURCE_BLOCK_RECOVERY_UNAVAILABLE:info": 1} ms=130
I98_MARK ordinary_done t_us=1791417209183080
I98_SEEDS site=permitted_run mechanics="MECHANICS_SOLVED" exact_selected=false quality=[{"ref":"case:a","solve_quality":"sensitive"}] seeds=[{"case":"case:a","d5_ref":"diagnostic:numerical-integrity:case:a","initial":{"kind":"report","outcome":"NUMERICAL_INTEGRITY_SENSITIVE","ref":"diagnostic:numerical-integrity:case:a"},"legacy":"unavailable(stage=source closure)","load_row_finding":false,"recovery_demoted":false,"w2":{"kind":"not_triggered"}}]
I98_SEEDS site=retained_w1 mechanics="MECHANICS_SOLVED" exact_selected=false quality=[{"ref":"case:a","solve_quality":"sensitive"}] seeds=[{"case":"case:a","d5_ref":"diagnostic:numerical-integrity:case:a","initial":{"kind":"report","outcome":"NUMERICAL_INTEGRITY_SENSITIVE","ref":"diagnostic:numerical-integrity:case:a"},"legacy":"unavailable(stage=source closure)","load_row_finding":false,"recovery_demoted":false,"w2":{"kind":"not_triggered"}}]
I98_W1_START case=case:a
I98_MARK w1_start t_us=1791417209198080
I98_MARK prepared t_us=1791417209215128
I98_NATIVE_OUTCOME Selected
I98_MARK native_selected t_us=1791417209799422
I51_DUAL_LANES (LaneReadouts { anchor: ProofAnchor { owner: ProductOwnerStamp { run: 0, .. } }, law: AdmittedK, rows: [Enclosure { lo: Z+, hi: Z+ }, Enclosure { lo: Z+, hi: Z+ }, Enclosure { lo: Z+, hi: Z+ }, Enclosure { lo: +8bcf64e5ec10eaaaaaaaaaaaaaaaaaaaaaaaaaaaaaaaaaaaaaaaaaaaaaaaaaaaaaaaaa960c49ca6366513da9bec544c691a3b0279d0dd3c0ca4587e6b74f0329161f9add3c0ca4587e6b74f0329161f9add3c0ca4587e6b74f0329161f9add3c0ca4587e6b74f0329161f9add3c0ca4587e6b74f0329161f9add3c0c86ac1e74p-15, hi: +8bcf64e5ec10eaaaaaaaaaaaaaaaaaaaaaaaaaaaaaaaaaaaaaaaaaaaaaaaaaaaaaaaaabf4dca3d9c99aec256413abb396e5c4fd862f22c3f35ba781948b0fcd6e9e06522c3f35ba781948b0fcd6e9e06522c3f35ba781948b0fcd6e9e06522c3f35ba781948b0fcd6e9e06522c3f35ba781948b0fcd6e9e06522c3f37953e18cp-15 }, Enclosure { lo: +a4ed3f1b0e725c3dee78183f91e646f156191148fd9fd36f7e3d1cc100e6afcce1c43849dc784a6513da9bec544c691a3b0279d0dd3c0ca4587e6b74f0329161f9add3c0ca4587e6b74f0329161f9add3c0ca4587e6b74f0329161f9add3c0ca4587e6b74f0329161f9add3c0ca4587e6b...[cut by sanitize.py: 443989 bytes, sha256 ffc973823bd3e47cb30ca6257176e046883ca22ac40c489167edc641d896795e]
I51_FROZEN_ROWS {"g5a":"None","numeric_pass":true,"observables":"None","rows":[{"bits":"4000000000000000","id":"result:solver-mode:linear-solve-basis","kind":"linear_solver_mode_basis","unit":"mode_code","value":2.0},{"bits":"3e2c76280d1333f1","id":"result:sparse-live:dense-parity-relative-delta","kind":"sparse_live_path_dense_parity_relative_delta","unit":"unitless","value":3.31336034355847e-9},{"bits":"0000000000000000","id":"result:disp:C0-N0","kind":"displacement_magnitude","unit":"mm","value":0.0},{"bits":"3fb821e751965334","id":"result:disp:C0-N1","kind":"displacement_magnitude","unit":"mm","value":0.09426732770800755},{"bits":"0000000000000000","id":"result:disp:C1-N0","kind":"displacement_magnitude","unit":"mm","value":0.0},{"bits":"3fb821e751965334","id":"result:disp:C1-N1","kind":"displacement_magnitude","unit":"mm","value":0.09426732770800755},{"bits":"0000000000000000","id":"result:disp:C2-N0","kind":"displacement_magnitude","unit":"mm","value":0.0},{"bits":"3fb821e75196533...[cut by sanitize.py: 704512 bytes, sha256 7b6ffff27f8454299d01286db140bdf60307b9044ef6fa7771c3e15a8c24c51c]
I98_MARK candidate t_us=1791417224731951
I98_MARK staged t_us=1791417224732474
I98_MARK serialized t_us=1791417225097122
I98_MARK precommit_ok t_us=1791417225999397
I98_ADMISSION i86_case_a dense_scrutiny profile=Registered allowance=Unselected refusal=None domain=None required=Some(3595488734) census_complete=true
I98_W1 i86_case_a dense_scrutiny cause=Ok(successor) phase=E_mov,max (successor) counts=Counts { runs: 1, complete_gates: 1 } one_run_through_g_c=true armed_before=[] armed_after=[] envelope_is_plain=true published_successor=true notices=0 bytes_eq_with_notice_plain_case_none=false bytes_eq_plain=false published_sha=3c602c8ac3d6a5379d351f1d2df075ee3322799e976222df6489b229658fb0e7 published_len=2184078 direct_ms=16948
I98_SUCCESSOR i86_case_a dense_scrutiny receipt_sha256="54873f655b0c16930a6a04768b6c7988777f7246e97a58adac15b553ea8b08ee" rust_reader=PASS invocation_bound=true numerical_eligible=true classifications=2114 case_status="selected" ordinary_initial={"kind":"report","outcome":"sensitive","report_diagnostic_ref":"diagnostic:numerical-integrity:case:a"} ordinary_w2={"kind":"not_triggered"}
I98_SUCCESSOR_FILE i86_case_a dense_scrutiny successor_i86_case_a_dense_scrutiny.json sha=3c602c8ac3d6a5379d351f1d2df075ee3322799e976222df6489b229658fb0e7
I98_MARK witness_ordinary_done t_us=1791417227323201
I98_SEEDS site=retained_w1 mechanics="MECHANICS_SOLVED" exact_selected=false quality=[{"ref":"case:a","solve_quality":"sensitive"}] seeds=[{"case":"case:a","d5_ref":"diagnostic:numerical-integrity:case:a","initial":{"kind":"report","outcome":"NUMERICAL_INTEGRITY_SENSITIVE","ref":"diagnostic:numerical-integrity:case:a"},"legacy":"unavailable(stage=source closure)","load_row_finding":false,"recovery_demoted":false,"w2":{"kind":"not_triggered"}}]
I98_W1_START case=case:a
I98_MARK w1_start t_us=1791417227330619
I98_MARK prepared t_us=1791417227348299
I98_NATIVE_OUTCOME Selected
I98_MARK native_selected t_us=1791417227946917
I51_DUAL_LANES (LaneReadouts { anchor: ProofAnchor { owner: ProductOwnerStamp { run: 0, .. } }, law: AdmittedK, rows: [Enclosure { lo: Z+, hi: Z+ }, Enclosure { lo: Z+, hi: Z+ }, Enclosure { lo: Z+, hi: Z+ }, Enclosure { lo: +8bcf64e5ec10eaaaaaaaaaaaaaaaaaaaaaaaaaaaaaaaaaaaaaaaaaaaaaaaaaaaaaaaaa960c49ca6366513da9bec544c691a3b0279d0dd3c0ca4587e6b74f0329161f9add3c0ca4587e6b74f0329161f9add3c0ca4587e6b74f0329161f9add3c0ca4587e6b74f0329161f9add3c0ca4587e6b74f0329161f9add3c0c86ac1e74p-15, hi: +8bcf64e5ec10eaaaaaaaaaaaaaaaaaaaaaaaaaaaaaaaaaaaaaaaaaaaaaaaaaaaaaaaaabf4dca3d9c99aec256413abb396e5c4fd862f22c3f35ba781948b0fcd6e9e06522c3f35ba781948b0fcd6e9e06522c3f35ba781948b0fcd6e9e06522c3f35ba781948b0fcd6e9e06522c3f35ba781948b0fcd6e9e06522c3f37953e18cp-15 }, Enclosure { lo: +a4ed3f1b0e725c3dee78183f91e646f156191148fd9fd36f7e3d1cc100e6afcce1c43849dc784a6513da9bec544c691a3b0279d0dd3c0ca4587e6b74f0329161f9add3c0ca4587e6b74f0329161f9add3c0ca4587e6b74f0329161f9add3c0ca4587e6b74f0329161f9add3c0ca4587e6b...[cut by sanitize.py: 443989 bytes, sha256 ffc973823bd3e47cb30ca6257176e046883ca22ac40c489167edc641d896795e]
I51_FROZEN_ROWS {"g5a":"None","numeric_pass":true,"observables":"None","rows":[{"bits":"4000000000000000","id":"result:solver-mode:linear-solve-basis","kind":"linear_solver_mode_basis","unit":"mode_code","value":2.0},{"bits":"3e2c76280d1333f1","id":"result:sparse-live:dense-parity-relative-delta","kind":"sparse_live_path_dense_parity_relative_delta","unit":"unitless","value":3.31336034355847e-9},{"bits":"0000000000000000","id":"result:disp:C0-N0","kind":"displacement_magnitude","unit":"mm","value":0.0},{"bits":"3fb821e751965334","id":"result:disp:C0-N1","kind":"displacement_magnitude","unit":"mm","value":0.09426732770800755},{"bits":"0000000000000000","id":"result:disp:C1-N0","kind":"displacement_magnitude","unit":"mm","value":0.0},{"bits":"3fb821e751965334","id":"result:disp:C1-N1","kind":"displacement_magnitude","unit":"mm","value":0.09426732770800755},{"bits":"0000000000000000","id":"result:disp:C2-N0","kind":"displacement_magnitude","unit":"mm","value":0.0},{"bits":"3fb821e75196533...[cut by sanitize.py: 704512 bytes, sha256 7b6ffff27f8454299d01286db140bdf60307b9044ef6fa7771c3e15a8c24c51c]
I98_MARK candidate t_us=1791417242991228
I98_MARK staged t_us=1791417242991818
I98_MARK serialized t_us=1791417243360316
I98_MARK precommit_ok t_us=1791417244277167
I98_WITNESS i86_case_a dense_scrutiny stack=4194304 ran=Successor furthest_phase=E_mov,max (successor) ms=17092
ok

test result: ok. 1 passed; 0 failed; 0 ignored; 0 measured; 558 filtered out; finished in 80.25s

