ClaimKey,DeliverableID,UnitKind,ClaimType,ClaimClass,ClaimSummary,NormativeSource,DecisionBasis,DeclaredState,RecordedRemaining,ImplementationEvidence,VerificationEvidence,VerificationClass,ValidationEvidence,SourceReliability,LifecycleState,Disposition,Confidence,CauseTag,AuthorityTier,BaselineClass,DivergenceLayers,FindingGroup,CanonicalSituation,AdoptedByReference,ContextRefs,RemainingWork,AuthorityNeeded,SelectableUnderCurrentLoop,Notes,SourceStateSHA
DEL-06-05:SOW,DEL-06-05,SURFACE,DECLARED_STATE,GOVERNANCE,Scope of Work surface for the invented non-code example rule pack.,projects/chirality-piping/execution/PKG-06_Rule Packs and User-Supplied Code Check Engine/1_Working/DEL-06-05_Invented non-code example rule pack/ScopeOfWork.md,,names 'OpenPipeStress governance and invariant documents' (CLM-012.r01),,projects/chirality-piping/execution/PKG-06_Rule Packs and User-Supplied Code Check Engine/1_Working/DEL-06-05_Invented non-code example rule pack/ScopeOfWork.md;examples/rule_packs/invented_demo.yaml;projects/chirality-piping/docs/_Examples/rule_pack_notice.md,NOT_APPLICABLE,NONE,NOT_APPLICABLE,NOT_APPLICABLE,IN_PROGRESS,STALE_REVIEW_OR_EVIDENCE,HIGH,RENAME_OR_IDENTITY,LOCAL_DESIGN,NONE,RECORD,,CP-04,,NOT_APPLICABLE,Rename residue for the R4 rename class: the SOW text and the example/notice it names carry the former product name.,OWNER,NOT_APPLICABLE,"CP-04 default variant, recorded once on the SURFACE (C1). The SOW names OpenPipeStress governance documents; the example it names carries rule_pack_kind open_pipe_stress_rule_pack and OpenPipeStress provenance labels, and the notice says OpenPipeStress rule-pack schema surface. Items are judged on their own substance. The front-matter pin is SOW.s01.",00115c71931bcae79909602d653740d3bb72dfa1
DEL-06-05:SOW.s01,DEL-06-05,SUBCLAIM,DECLARED_STATE,GOVERNANCE,Front matter pins decomposition_basis to SOFTWARE_DECOMP.md at commit eaad463c (revision 0.8).,projects/chirality-piping/execution/PKG-06_Rule Packs and User-Supplied Code Check Engine/1_Working/DEL-06-05_Invented non-code example rule pack/ScopeOfWork.md,projects/chirality-piping/execution/_Decomposition/SOFTWARE_DECOMP.md,revision 0.8 pin,,projects/chirality-piping/execution/_Decomposition/SOFTWARE_DECOMP.md,NOT_APPLICABLE,NONE,NOT_APPLICABLE,NOT_APPLICABLE,IN_PROGRESS,STALE_REVIEW_OR_EVIDENCE,HIGH,BASIS_POINTER_STALE,LOCAL_DESIGN,NONE,RECORD,,CP-02,,NOT_APPLICABLE,Repin decomposition_basis to revision 0.12 at the next SOW catch-up.,NO,NOT_APPLICABLE,Sub-claim because the SURFACE row carries the CP-04 finding; frozen basis is revision 0.12.,00115c71931bcae79909602d653740d3bb72dfa1
DEL-06-05:SOW#purpose-and-objective-traceability,DEL-06-05,BLOCK,DECLARED_STATE,GOVERNANCE,"SOW defines DEL-06-05 in service of scope SOW-016 and objectives OBJ-005, OBJ-011.",projects/chirality-piping/execution/PKG-06_Rule Packs and User-Supplied Code Check Engine/1_Working/DEL-06-05_Invented non-code example rule pack/ScopeOfWork.md,projects/chirality-piping/docs/_Registers/Deliverables.csv;projects/chirality-piping/execution/_Decomposition/SOFTWARE_DECOMP.md,,,projects/chirality-piping/docs/_Registers/Deliverables.csv;projects/chirality-piping/execution/_Decomposition/SOFTWARE_DECOMP.md,NOT_APPLICABLE,NONE,NOT_APPLICABLE,NOT_APPLICABLE,IN_PROGRESS,ALIGNED,HIGH,,,,NONE,,,,NOT_APPLICABLE,NONE,NO,NOT_APPLICABLE,Matches Deliverables.csv and the SOFTWARE_DECOMP rev 0.12 row.,00115c71931bcae79909602d653740d3bb72dfa1
DEL-06-05:SOW#purpose-and-objective-traceability/OUT-001,DEL-06-05,ITEM,REQUIREMENT,DOCUMENTATION,"Output: invented example rule-pack contract with demonstration schema shape, artificial values, provenance/redistribution fields, placeholders, notices, verification.",projects/chirality-piping/execution/PKG-06_Rule Packs and User-Supplied Code Check Engine/1_Working/DEL-06-05_Invented non-code example rule pack/ScopeOfWork.md,projects/chirality-piping/docs/IP_AND_DATA_BOUNDARY.md;projects/chirality-piping/docs/CONTRACT.md,,,examples/rule_packs/invented_demo.yaml;projects/chirality-piping/docs/_Examples/rule_pack_notice.md;schemas/rule_pack.schema.yaml,tests/test_rule_pack_schema.py;core/rules/rule_pack_document/tests/invented_demo_document.rs;GATE:GATE_EVIDENCE/B4_4_SWEEP_9D55/SUMMARY.json;GATE:GATE_EVIDENCE/B4_4_SWEEP_9D55/sweep.log.gz,UNIT;STATIC_CHECK,NOT_APPLICABLE,NOT_APPLICABLE,IN_PROGRESS,ALIGNED,HIGH,,,,NONE,,,,NOT_APPLICABLE,NONE,NO,NOT_APPLICABLE,"The example carries invented metadata, classification, provenance, required inputs, declarative formulas, checks, diagnostics and a JCS checksum, and validates against the schema; the notice document states the non-engineering boundary.",00115c71931bcae79909602d653740d3bb72dfa1
DEL-06-05:SOW#deliverable-definition-ontology,DEL-06-05,BLOCK,NON_NORMATIVE,DOCUMENTATION,Section wrapper for the ontology blocks.,projects/chirality-piping/execution/PKG-06_Rule Packs and User-Supplied Code Check Engine/1_Working/DEL-06-05_Invented non-code example rule pack/ScopeOfWork.md,,,,NOT_APPLICABLE,NOT_APPLICABLE,NONE,NOT_APPLICABLE,NOT_APPLICABLE,IN_PROGRESS,NOT_ASSESSED,HIGH,,,,NONE,,,,NOT_APPLICABLE,NONE,NO,NOT_APPLICABLE,Pre-typed NON_NORMATIVE section wrapper.,00115c71931bcae79909602d653740d3bb72dfa1
DEL-06-05:SOW#CLM-001,DEL-06-05,BLOCK,NON_NORMATIVE,DOCUMENTATION,Datasheet heading with a currentness marker comment.,projects/chirality-piping/execution/PKG-06_Rule Packs and User-Supplied Code Check Engine/1_Working/DEL-06-05_Invented non-code example rule pack/ScopeOfWork.md,,,,NOT_APPLICABLE,NOT_APPLICABLE,NONE,NOT_APPLICABLE,NOT_APPLICABLE,IN_PROGRESS,NOT_ASSESSED,HIGH,,,,NONE,,,,NOT_APPLICABLE,NONE,NO,NOT_APPLICABLE,Pre-typed NON_NORMATIVE heading block.,00115c71931bcae79909602d653740d3bb72dfa1
DEL-06-05:SOW#CLM-002,DEL-06-05,BLOCK,DECLARED_STATE,GOVERNANCE,D-41 current declaration: authority is SOFTWARE_DECOMP revision 0.8 and DAG-007; implemented slice supersedes setup wording; residuals are those in _STATUS Remaining.,projects/chirality-piping/execution/PKG-06_Rule Packs and User-Supplied Code Check Engine/1_Working/DEL-06-05_Invented non-code example rule pack/ScopeOfWork.md,projects/chirality-piping/execution/_Decomposition/SOFTWARE_DECOMP.md;projects/chirality-piping/execution/_DAG/_LATEST.md,revision 0.8; DAG-007,,projects/chirality-piping/execution/_Decomposition/SOFTWARE_DECOMP.md;projects/chirality-piping/execution/_DAG/_LATEST.md,NOT_APPLICABLE,NONE,NOT_APPLICABLE,NOT_APPLICABLE,IN_PROGRESS,STALE_REVIEW_OR_EVIDENCE,HIGH,BASIS_POINTER_STALE,LOCAL_DESIGN,NONE,RECORD,FG-DEL-06-05-01,CP-03,,projects/chirality-piping/execution/PKG-06_Rule Packs and User-Supplied Code Check Engine/1_Working/DEL-06-05_Invented non-code example rule pack/_run_records/WORKING_ITEMS_RUN_2026-07-12_D41-R5-T7-PDU055-CURRENTNESS.md,Repin the declaration to revision 0.12 and DAG-010 at the next SOW catch-up.,NO,NOT_APPLICABLE,"Own DECLARED_STATE row (CP-03); siblings judged separately. Pins revision 0.8 and DAG-007 while the frozen basis is revision 0.12 and DAG-010, so CP-02 fields apply. Its supersession clause does not change sibling dispositions (C1), and its residual delegation to an empty Remaining section is not relied on (A4). CANONICAL_DEPARTURE: differs from DEL-06-04 CP-03 rows only because CP-03 prescribes CP-02 fields when a declaration pins superseded revisions; the DEL-06-04 declarations pin none.",00115c71931bcae79909602d653740d3bb72dfa1
DEL-06-05:SOW#CLM-009,DEL-06-05,BLOCK,DECLARED_STATE,GOVERNANCE,D-41 current declaration: authority is SOFTWARE_DECOMP revision 0.8 and DAG-007; implemented slice supersedes setup wording; residuals are those in _STATUS Remaining.,projects/chirality-piping/execution/PKG-06_Rule Packs and User-Supplied Code Check Engine/1_Working/DEL-06-05_Invented non-code example rule pack/ScopeOfWork.md,projects/chirality-piping/execution/_Decomposition/SOFTWARE_DECOMP.md;projects/chirality-piping/execution/_DAG/_LATEST.md,revision 0.8; DAG-007,,projects/chirality-piping/execution/_Decomposition/SOFTWARE_DECOMP.md;projects/chirality-piping/execution/_DAG/_LATEST.md,NOT_APPLICABLE,NONE,NOT_APPLICABLE,NOT_APPLICABLE,IN_PROGRESS,STALE_REVIEW_OR_EVIDENCE,HIGH,BASIS_POINTER_STALE,LOCAL_DESIGN,NONE,RECORD,FG-DEL-06-05-01,CP-03,,projects/chirality-piping/execution/PKG-06_Rule Packs and User-Supplied Code Check Engine/1_Working/DEL-06-05_Invented non-code example rule pack/_run_records/WORKING_ITEMS_RUN_2026-07-12_D41-R5-T7-PDU055-CURRENTNESS.md,Repin the declaration to revision 0.12 and DAG-010 at the next SOW catch-up.,NO,NOT_APPLICABLE,"Own DECLARED_STATE row (CP-03); siblings judged separately. Pins revision 0.8 and DAG-007 while the frozen basis is revision 0.12 and DAG-010, so CP-02 fields apply. Its supersession clause does not change sibling dispositions (C1), and its residual delegation to an empty Remaining section is not relied on (A4). CANONICAL_DEPARTURE: differs from DEL-06-04 CP-03 rows only because CP-03 prescribes CP-02 fields when a declaration pins superseded revisions; the DEL-06-04 declarations pin none.",00115c71931bcae79909602d653740d3bb72dfa1
DEL-06-05:SOW#CLM-016,DEL-06-05,BLOCK,DECLARED_STATE,GOVERNANCE,D-41 current declaration: authority is SOFTWARE_DECOMP revision 0.8 and DAG-007; implemented slice supersedes setup wording; residuals are those in _STATUS Remaining.,projects/chirality-piping/execution/PKG-06_Rule Packs and User-Supplied Code Check Engine/1_Working/DEL-06-05_Invented non-code example rule pack/ScopeOfWork.md,projects/chirality-piping/execution/_Decomposition/SOFTWARE_DECOMP.md;projects/chirality-piping/execution/_DAG/_LATEST.md,revision 0.8; DAG-007,,projects/chirality-piping/execution/_Decomposition/SOFTWARE_DECOMP.md;projects/chirality-piping/execution/_DAG/_LATEST.md,NOT_APPLICABLE,NONE,NOT_APPLICABLE,NOT_APPLICABLE,IN_PROGRESS,STALE_REVIEW_OR_EVIDENCE,HIGH,BASIS_POINTER_STALE,LOCAL_DESIGN,NONE,RECORD,FG-DEL-06-05-01,CP-03,,projects/chirality-piping/execution/PKG-06_Rule Packs and User-Supplied Code Check Engine/1_Working/DEL-06-05_Invented non-code example rule pack/_run_records/WORKING_ITEMS_RUN_2026-07-12_D41-R5-T7-PDU055-CURRENTNESS.md,Repin the declaration to revision 0.12 and DAG-010 at the next SOW catch-up.,NO,NOT_APPLICABLE,"Own DECLARED_STATE row (CP-03); siblings judged separately. Pins revision 0.8 and DAG-007 while the frozen basis is revision 0.12 and DAG-010, so CP-02 fields apply. Its supersession clause does not change sibling dispositions (C1), and its residual delegation to an empty Remaining section is not relied on (A4). CANONICAL_DEPARTURE: differs from DEL-06-04 CP-03 rows only because CP-03 prescribes CP-02 fields when a declaration pins superseded revisions; the DEL-06-04 declarations pin none.",00115c71931bcae79909602d653740d3bb72dfa1
DEL-06-05:SOW#CLM-023,DEL-06-05,BLOCK,DECLARED_STATE,GOVERNANCE,D-41 current declaration: authority is SOFTWARE_DECOMP revision 0.8 and DAG-007; implemented slice supersedes setup wording; residuals are those in _STATUS Remaining.,projects/chirality-piping/execution/PKG-06_Rule Packs and User-Supplied Code Check Engine/1_Working/DEL-06-05_Invented non-code example rule pack/ScopeOfWork.md,projects/chirality-piping/execution/_Decomposition/SOFTWARE_DECOMP.md;projects/chirality-piping/execution/_DAG/_LATEST.md,revision 0.8; DAG-007,,projects/chirality-piping/execution/_Decomposition/SOFTWARE_DECOMP.md;projects/chirality-piping/execution/_DAG/_LATEST.md,NOT_APPLICABLE,NONE,NOT_APPLICABLE,NOT_APPLICABLE,IN_PROGRESS,STALE_REVIEW_OR_EVIDENCE,HIGH,BASIS_POINTER_STALE,LOCAL_DESIGN,NONE,RECORD,FG-DEL-06-05-01,CP-03,,projects/chirality-piping/execution/PKG-06_Rule Packs and User-Supplied Code Check Engine/1_Working/DEL-06-05_Invented non-code example rule pack/_run_records/WORKING_ITEMS_RUN_2026-07-12_D41-R5-T7-PDU055-CURRENTNESS.md,Repin the declaration to revision 0.12 and DAG-010 at the next SOW catch-up.,NO,NOT_APPLICABLE,"Own DECLARED_STATE row (CP-03); siblings judged separately. Pins revision 0.8 and DAG-007 while the frozen basis is revision 0.12 and DAG-010, so CP-02 fields apply. Its supersession clause does not change sibling dispositions (C1), and its residual delegation to an empty Remaining section is not relied on (A4). CANONICAL_DEPARTURE: differs from DEL-06-04 CP-03 rows only because CP-03 prescribes CP-02 fields when a declaration pins superseded revisions; the DEL-06-04 declarations pin none.",00115c71931bcae79909602d653740d3bb72dfa1
DEL-06-05:SOW#CLM-003,DEL-06-05,BLOCK,CONTAINER,GOVERNANCE,Identification table; substance carried by rows .r01-.r08.,projects/chirality-piping/execution/PKG-06_Rule Packs and User-Supplied Code Check Engine/1_Working/DEL-06-05_Invented non-code example rule pack/ScopeOfWork.md,,,,NOT_APPLICABLE,NOT_APPLICABLE,NONE,NOT_APPLICABLE,NOT_APPLICABLE,IN_PROGRESS,COVERED_BY_CHILDREN,HIGH,,,,NONE,,,,NOT_APPLICABLE,NONE,NO,NOT_APPLICABLE,Split because r07 and r08 diverge (C1 all-or-none).,00115c71931bcae79909602d653740d3bb72dfa1
DEL-06-05:SOW#CLM-003.r01,DEL-06-05,ITEM,DECLARED_STATE,GOVERNANCE,Deliverable ID is DEL-06-05.,projects/chirality-piping/execution/PKG-06_Rule Packs and User-Supplied Code Check Engine/1_Working/DEL-06-05_Invented non-code example rule pack/ScopeOfWork.md,projects/chirality-piping/docs/_Registers/Deliverables.csv;projects/chirality-piping/execution/_Decomposition/SOFTWARE_DECOMP.md,,,projects/chirality-piping/docs/_Registers/Deliverables.csv,NOT_APPLICABLE,NONE,NOT_APPLICABLE,NOT_APPLICABLE,IN_PROGRESS,ALIGNED,HIGH,,,,NONE,,,,NOT_APPLICABLE,NONE,NO,NOT_APPLICABLE,Matches the registers.,00115c71931bcae79909602d653740d3bb72dfa1
DEL-06-05:SOW#CLM-003.r02,DEL-06-05,ITEM,DECLARED_STATE,GOVERNANCE,Deliverable name is Invented non-code example rule pack.,projects/chirality-piping/execution/PKG-06_Rule Packs and User-Supplied Code Check Engine/1_Working/DEL-06-05_Invented non-code example rule pack/ScopeOfWork.md,projects/chirality-piping/docs/_Registers/Deliverables.csv;projects/chirality-piping/execution/_Decomposition/SOFTWARE_DECOMP.md,,,projects/chirality-piping/docs/_Registers/Deliverables.csv,NOT_APPLICABLE,NONE,NOT_APPLICABLE,NOT_APPLICABLE,IN_PROGRESS,ALIGNED,HIGH,,,,NONE,,,,NOT_APPLICABLE,NONE,NO,NOT_APPLICABLE,Matches the registers.,00115c71931bcae79909602d653740d3bb72dfa1
DEL-06-05:SOW#CLM-003.r03,DEL-06-05,ITEM,DECLARED_STATE,GOVERNANCE,Package ID is PKG-06.,projects/chirality-piping/execution/PKG-06_Rule Packs and User-Supplied Code Check Engine/1_Working/DEL-06-05_Invented non-code example rule pack/ScopeOfWork.md,projects/chirality-piping/docs/_Registers/Deliverables.csv;projects/chirality-piping/execution/_Decomposition/SOFTWARE_DECOMP.md,,,projects/chirality-piping/docs/_Registers/Deliverables.csv,NOT_APPLICABLE,NONE,NOT_APPLICABLE,NOT_APPLICABLE,IN_PROGRESS,ALIGNED,HIGH,,,,NONE,,,,NOT_APPLICABLE,NONE,NO,NOT_APPLICABLE,Matches the registers.,00115c71931bcae79909602d653740d3bb72dfa1
DEL-06-05:SOW#CLM-003.r04,DEL-06-05,ITEM,DECLARED_STATE,GOVERNANCE,Package name is Rule Packs and User-Supplied Code Check Engine.,projects/chirality-piping/execution/PKG-06_Rule Packs and User-Supplied Code Check Engine/1_Working/DEL-06-05_Invented non-code example rule pack/ScopeOfWork.md,projects/chirality-piping/docs/_Registers/Deliverables.csv;projects/chirality-piping/execution/_Decomposition/SOFTWARE_DECOMP.md,,,projects/chirality-piping/docs/_Registers/Deliverables.csv,NOT_APPLICABLE,NONE,NOT_APPLICABLE,NOT_APPLICABLE,IN_PROGRESS,ALIGNED,HIGH,,,,NONE,,,,NOT_APPLICABLE,NONE,NO,NOT_APPLICABLE,Matches SOFTWARE_DECOMP rev 0.12.,00115c71931bcae79909602d653740d3bb72dfa1
DEL-06-05:SOW#CLM-003.r05,DEL-06-05,ITEM,DECLARED_STATE,GOVERNANCE,Deliverable type is DOC_UPDATE.,projects/chirality-piping/execution/PKG-06_Rule Packs and User-Supplied Code Check Engine/1_Working/DEL-06-05_Invented non-code example rule pack/ScopeOfWork.md,projects/chirality-piping/docs/_Registers/Deliverables.csv;projects/chirality-piping/execution/_Decomposition/SOFTWARE_DECOMP.md,,,projects/chirality-piping/docs/_Registers/Deliverables.csv,NOT_APPLICABLE,NONE,NOT_APPLICABLE,NOT_APPLICABLE,IN_PROGRESS,ALIGNED,HIGH,,,,NONE,,,,NOT_APPLICABLE,NONE,NO,NOT_APPLICABLE,Matches Deliverables.csv and SOFTWARE_DECOMP rev 0.12.,00115c71931bcae79909602d653740d3bb72dfa1
DEL-06-05:SOW#CLM-003.r06,DEL-06-05,ITEM,DECLARED_STATE,GOVERNANCE,Context envelope is S.,projects/chirality-piping/execution/PKG-06_Rule Packs and User-Supplied Code Check Engine/1_Working/DEL-06-05_Invented non-code example rule pack/ScopeOfWork.md,projects/chirality-piping/docs/_Registers/Deliverables.csv;projects/chirality-piping/execution/_Decomposition/SOFTWARE_DECOMP.md,,,projects/chirality-piping/docs/_Registers/Deliverables.csv,NOT_APPLICABLE,NONE,NOT_APPLICABLE,NOT_APPLICABLE,IN_PROGRESS,ALIGNED,HIGH,,,,NONE,,,,NOT_APPLICABLE,NONE,NO,NOT_APPLICABLE,Matches SOFTWARE_DECOMP rev 0.12 (S; example only).,00115c71931bcae79909602d653740d3bb72dfa1
DEL-06-05:SOW#CLM-003.r07,DEL-06-05,ITEM,DECLARED_STATE,GOVERNANCE,Current execution mode: setup/document production only.,projects/chirality-piping/execution/PKG-06_Rule Packs and User-Supplied Code Check Engine/1_Working/DEL-06-05_Invented non-code example rule pack/ScopeOfWork.md,,setup/document production only,,examples/rule_packs/invented_demo.yaml;projects/chirality-piping/docs/_Examples/rule_pack_notice.md,tests/test_rule_pack_schema.py;core/rules/rule_pack_document/tests/invented_demo_document.rs;GATE:GATE_EVIDENCE/B4_4_SWEEP_9D55/SUMMARY.json;GATE:GATE_EVIDENCE/B4_4_SWEEP_9D55/sweep.log.gz,UNIT,NOT_APPLICABLE,NOT_APPLICABLE,IN_PROGRESS,STALE_SETUP_SPECIFICATION,HIGH,DOC_BEHIND_CODE,LOCAL_DESIGN,NONE,RECORD,FG-DEL-06-05-02,,,NOT_APPLICABLE,Restate the execution mode as the implemented example slice at the next SOW catch-up.,NO,NOT_APPLICABLE,"DEL-06-05 committed the repo-level example and notice (73506b7, 2026-05-02) and the example was later upgraded (d3885f4ba, e200e47a3, f737985ab). Setup-era text: first present at 7bee9ae41 (git grep of the initial-migration tree), so STALE_SETUP_SPECIFICATION under F3.",00115c71931bcae79909602d653740d3bb72dfa1
DEL-06-05:SOW#CLM-003.r08,DEL-06-05,ITEM,DECLARED_STATE,GOVERNANCE,Write boundary: this deliverable folder only.,projects/chirality-piping/execution/PKG-06_Rule Packs and User-Supplied Code Check Engine/1_Working/DEL-06-05_Invented non-code example rule pack/ScopeOfWork.md,,deliverable folder only,,examples/rule_packs/invented_demo.yaml;projects/chirality-piping/docs/_Examples/rule_pack_notice.md,NOT_APPLICABLE,NONE,NOT_APPLICABLE,NOT_APPLICABLE,IN_PROGRESS,STALE_SETUP_SPECIFICATION,HIGH,DOC_BEHIND_CODE,LOCAL_DESIGN,NONE,RECORD,FG-DEL-06-05-02,,,NOT_APPLICABLE,Restate the write boundary to include the authorised example and notice paths.,NO,NOT_APPLICABLE,"DEL-06-05 committed the repo-level example and notice (73506b7, 2026-05-02) and the example was later upgraded (d3885f4ba, e200e47a3, f737985ab). Setup-era text: first present at 7bee9ae41 (git grep of the initial-migration tree), so STALE_SETUP_SPECIFICATION under F3.",00115c71931bcae79909602d653740d3bb72dfa1
DEL-06-05:SOW#CLM-004,DEL-06-05,BLOCK,DECLARED_STATE,GOVERNANCE,"Attributes: SOW-016 scope, OBJ-005/OBJ-011, demonstration-only posture, invented values only, professional boundary, rule packs grant no approval.",projects/chirality-piping/execution/PKG-06_Rule Packs and User-Supplied Code Check Engine/1_Working/DEL-06-05_Invented non-code example rule pack/ScopeOfWork.md,projects/chirality-piping/docs/_Registers/ScopeLedger.csv;projects/chirality-piping/docs/CONTRACT.md,,,projects/chirality-piping/docs/_Registers/ScopeLedger.csv;examples/rule_packs/invented_demo.yaml;projects/chirality-piping/docs/_Examples/rule_pack_notice.md,tests/test_rule_pack_schema.py;core/rules/rule_pack_document/tests/invented_demo_document.rs;GATE:GATE_EVIDENCE/B4_4_SWEEP_9D55/SUMMARY.json;GATE:GATE_EVIDENCE/B4_4_SWEEP_9D55/sweep.log.gz,UNIT,NOT_APPLICABLE,NOT_APPLICABLE,IN_PROGRESS,ALIGNED,HIGH,,,,NONE,,,,NOT_APPLICABLE,NONE,NO,NOT_APPLICABLE,"Assessed as one block; every row matches the registers, the contract and the example. Boundary rows (IP, professional) hold.",00115c71931bcae79909602d653740d3bb72dfa1
DEL-06-05:SOW#CLM-005,DEL-06-05,BLOCK,CONTAINER,SECURITY,Conditions table; substance carried by rows .r01-.r05.,projects/chirality-piping/execution/PKG-06_Rule Packs and User-Supplied Code Check Engine/1_Working/DEL-06-05_Invented non-code example rule pack/ScopeOfWork.md,,,,NOT_APPLICABLE,NOT_APPLICABLE,NONE,NOT_APPLICABLE,NOT_APPLICABLE,IN_PROGRESS,COVERED_BY_CHILDREN,HIGH,,,,NONE,,,,NOT_APPLICABLE,NONE,NO,NOT_APPLICABLE,Split because r03 and r04 diverge (C1 all-or-none).,00115c71931bcae79909602d653740d3bb72dfa1
DEL-06-05:SOW#CLM-005.r01,DEL-06-05,ITEM,REQUIREMENT,SECURITY,"Protected standards content in candidate material: stop, quarantine and escalate; never paraphrase into public artifacts.",projects/chirality-piping/execution/PKG-06_Rule Packs and User-Supplied Code Check Engine/1_Working/DEL-06-05_Invented non-code example rule pack/ScopeOfWork.md,projects/chirality-piping/docs/CONTRACT.md;projects/chirality-piping/docs/IP_AND_DATA_BOUNDARY.md,,,examples/rule_packs/invented_demo.yaml;projects/chirality-piping/docs/_Examples/rule_pack_notice.md,tests/test_report_protected_content_linter.py;GATE:GATE_EVIDENCE/B4_4_SWEEP_9D55/SUMMARY.json,STATIC_CHECK,NOT_APPLICABLE,NOT_APPLICABLE,IN_PROGRESS,ALIGNED,MEDIUM,,,,NONE,,,,NOT_APPLICABLE,NONE,NO,NOT_APPLICABLE,Boundary: IP and data. The example is invented content with protected_content_review completed_no_protected_content.,00115c71931bcae79909602d653740d3bb72dfa1
DEL-06-05:SOW#CLM-005.r02,DEL-06-05,ITEM,REQUIREMENT,SECURITY,Code-specific or owner-specific candidate values: mark TBD or keep private; keep out of the public example.,projects/chirality-piping/execution/PKG-06_Rule Packs and User-Supplied Code Check Engine/1_Working/DEL-06-05_Invented non-code example rule pack/ScopeOfWork.md,projects/chirality-piping/docs/CONTRACT.md,,,examples/rule_packs/invented_demo.yaml,tests/test_rule_pack_schema.py;core/rules/rule_pack_document/tests/invented_demo_document.rs;GATE:GATE_EVIDENCE/B4_4_SWEEP_9D55/SUMMARY.json;GATE:GATE_EVIDENCE/B4_4_SWEEP_9D55/sweep.log.gz,UNIT,NOT_APPLICABLE,NOT_APPLICABLE,IN_PROGRESS,ALIGNED,MEDIUM,,,,NONE,,,,NOT_APPLICABLE,NONE,NO,NOT_APPLICABLE,Example values are invented demonstration quantities (demo_unit).,00115c71931bcae79909602d653740d3bb72dfa1
DEL-06-05:SOW#CLM-005.r03,DEL-06-05,ITEM,REQUIREMENT,WORKFLOW,A future example artifact outside the setup folder requires a separate authorized write scope.,projects/chirality-piping/execution/PKG-06_Rule Packs and User-Supplied Code Check Engine/1_Working/DEL-06-05_Invented non-code example rule pack/ScopeOfWork.md,,,,examples/rule_packs/invented_demo.yaml,NOT_APPLICABLE,NONE,NOT_APPLICABLE,NOT_APPLICABLE,IN_PROGRESS,STALE_SETUP_SPECIFICATION,MEDIUM,DOC_BEHIND_CODE,LOCAL_DESIGN,NONE,RECORD,FG-DEL-06-05-02,,,NOT_APPLICABLE,Drop or restate the future-artifact condition now that the example exists.,NO,NOT_APPLICABLE,"The example exists under its own authorised implementation dispatch; the trigger can no longer arise for this deliverable. DEL-06-05 committed the repo-level example and notice (73506b7, 2026-05-02) and the example was later upgraded (d3885f4ba, e200e47a3, f737985ab). Setup-era text: first present at 7bee9ae41 (git grep of the initial-migration tree), so STALE_SETUP_SPECIFICATION under F3.",00115c71931bcae79909602d653740d3bb72dfa1
DEL-06-05:SOW#CLM-005.r04,DEL-06-05,ITEM,REQUIREMENT,SCHEMA,"If a checksum is discussed before a concrete JSON/YAML payload exists, mark it TBD; never invent a digest.",projects/chirality-piping/execution/PKG-06_Rule Packs and User-Supplied Code Check Engine/1_Working/DEL-06-05_Invented non-code example rule pack/ScopeOfWork.md,,,,examples/rule_packs/invented_demo.yaml;core/rules/rule_pack_document/src/lib.rs,core/rules/rule_pack_document/tests/invented_demo_document.rs;GATE:GATE_EVIDENCE/B4_4_SWEEP_9D55/SUMMARY.json,UNIT,NOT_APPLICABLE,NOT_APPLICABLE,IN_PROGRESS,STALE_SETUP_SPECIFICATION,MEDIUM,DOC_BEHIND_CODE,LOCAL_DESIGN,NONE,RECORD,FG-DEL-06-05-02,,,NOT_APPLICABLE,Restate the checksum condition now that the payload exists and carries a verified JCS checksum.,NO,NOT_APPLICABLE,"The example now carries a JCS checksum c2b4ddce... with verification_status verified, recomputable by compute_rule_pack_checksum. Setup-era text: first present at 7bee9ae41 (git grep of the initial-migration tree), so STALE_SETUP_SPECIFICATION under F3.",00115c71931bcae79909602d653740d3bb72dfa1
DEL-06-05:SOW#CLM-005.r05,DEL-06-05,ITEM,REQUIREMENT,GOVERNANCE,Wording that implies professional approval is rewritten to decision-support language with HUMAN_REVIEW_REQUIRED posture.,projects/chirality-piping/execution/PKG-06_Rule Packs and User-Supplied Code Check Engine/1_Working/DEL-06-05_Invented non-code example rule pack/ScopeOfWork.md,projects/chirality-piping/docs/PROFESSIONAL_BOUNDARY.md,,,examples/rule_packs/invented_demo.yaml;projects/chirality-piping/docs/_Examples/rule_pack_notice.md,tests/test_claims_language_surface.py;GATE:GATE_EVIDENCE/B4_4_SWEEP_9D55/SUMMARY.json,STATIC_CHECK,NOT_APPLICABLE,NOT_APPLICABLE,IN_PROGRESS,ALIGNED,HIGH,,,,NONE,,,,NOT_APPLICABLE,NONE,NO,NOT_APPLICABLE,Boundary: professional. The example sets human_review_required true and all claim flags false.,00115c71931bcae79909602d653740d3bb72dfa1
DEL-06-05:SOW#CLM-006,DEL-06-05,BLOCK,REQUIREMENT,DOCUMENTATION,Construction: setup describes a future invented example without writing repo-level example paths; allowable content classes listed; real allowables out of scope.,projects/chirality-piping/execution/PKG-06_Rule Packs and User-Supplied Code Check Engine/1_Working/DEL-06-05_Invented non-code example rule pack/ScopeOfWork.md,,,,examples/rule_packs/invented_demo.yaml,tests/test_rule_pack_schema.py;core/rules/rule_pack_document/tests/invented_demo_document.rs;GATE:GATE_EVIDENCE/B4_4_SWEEP_9D55/SUMMARY.json;GATE:GATE_EVIDENCE/B4_4_SWEEP_9D55/sweep.log.gz,UNIT,NOT_APPLICABLE,NOT_APPLICABLE,IN_PROGRESS,STALE_SETUP_SPECIFICATION,HIGH,DOC_BEHIND_CODE,LOCAL_DESIGN,NONE,RECORD,FG-DEL-06-05-02,,,NOT_APPLICABLE,Restate the construction note for the implemented example at the next SOW catch-up.,NO,NOT_APPLICABLE,"Block assessed on its own prose (future example; no repo-level writes), which is overtaken; its content-class rows are judged separately. DEL-06-05 committed the repo-level example and notice (73506b7, 2026-05-02) and the example was later upgraded (d3885f4ba, e200e47a3, f737985ab). Setup-era text: first present at 7bee9ae41 (git grep of the initial-migration tree), so STALE_SETUP_SPECIFICATION under F3.",00115c71931bcae79909602d653740d3bb72dfa1
DEL-06-05:SOW#CLM-006.r01,DEL-06-05,ITEM,REQUIREMENT,SCHEMA,"Metadata: example ID, display name, version, source notice, redistribution status and checksum field.",projects/chirality-piping/execution/PKG-06_Rule Packs and User-Supplied Code Check Engine/1_Working/DEL-06-05_Invented non-code example rule pack/ScopeOfWork.md,,,,examples/rule_packs/invented_demo.yaml,tests/test_rule_pack_schema.py;core/rules/rule_pack_document/tests/invented_demo_document.rs;GATE:GATE_EVIDENCE/B4_4_SWEEP_9D55/SUMMARY.json;GATE:GATE_EVIDENCE/B4_4_SWEEP_9D55/sweep.log.gz,UNIT,NOT_APPLICABLE,NOT_APPLICABLE,IN_PROGRESS,ALIGNED,HIGH,,,,NONE,,,,NOT_APPLICABLE,NONE,NO,NOT_APPLICABLE,Example metadata and checksums carry all six.,00115c71931bcae79909602d653740d3bb72dfa1
DEL-06-05:SOW#CLM-006.r02,DEL-06-05,ITEM,REQUIREMENT,SCHEMA,Notices: clear non-engineering and professional-boundary notice.,projects/chirality-piping/execution/PKG-06_Rule Packs and User-Supplied Code Check Engine/1_Working/DEL-06-05_Invented non-code example rule pack/ScopeOfWork.md,,,,examples/rule_packs/invented_demo.yaml;projects/chirality-piping/docs/_Examples/rule_pack_notice.md,tests/test_rule_pack_schema.py;core/rules/rule_pack_document/tests/invented_demo_document.rs;GATE:GATE_EVIDENCE/B4_4_SWEEP_9D55/SUMMARY.json;GATE:GATE_EVIDENCE/B4_4_SWEEP_9D55/sweep.log.gz,UNIT,NOT_APPLICABLE,NOT_APPLICABLE,IN_PROGRESS,ALIGNED,HIGH,,,,NONE,,,,NOT_APPLICABLE,NONE,NO,NOT_APPLICABLE,"source_notice, reliance_notice and the notice document state it.",00115c71931bcae79909602d653740d3bb72dfa1
DEL-06-05:SOW#CLM-006.r03,DEL-06-05,ITEM,REQUIREMENT,SCHEMA,Required inputs: invented names or placeholders only; no real code-required values.,projects/chirality-piping/execution/PKG-06_Rule Packs and User-Supplied Code Check Engine/1_Working/DEL-06-05_Invented non-code example rule pack/ScopeOfWork.md,,,,examples/rule_packs/invented_demo.yaml,tests/test_rule_pack_schema.py;core/rules/rule_pack_document/tests/invented_demo_document.rs;GATE:GATE_EVIDENCE/B4_4_SWEEP_9D55/SUMMARY.json;GATE:GATE_EVIDENCE/B4_4_SWEEP_9D55/sweep.log.gz,UNIT,NOT_APPLICABLE,NOT_APPLICABLE,IN_PROGRESS,ALIGNED,HIGH,,,,NONE,,,,NOT_APPLICABLE,NONE,NO,NOT_APPLICABLE,Required inputs are invented demonstration quantities.,00115c71931bcae79909602d653740d3bb72dfa1
DEL-06-05:SOW#CLM-006.r04,DEL-06-05,ITEM,REQUIREMENT,SCHEMA,Variables/formulas/checks: declarative invented expressions only after the schema and evaluator grammar are authorized.,projects/chirality-piping/execution/PKG-06_Rule Packs and User-Supplied Code Check Engine/1_Working/DEL-06-05_Invented non-code example rule pack/ScopeOfWork.md,projects/chirality-piping/execution/_Decomposition/SOFTWARE_DECOMP.md,,,examples/rule_packs/invented_demo.yaml,tests/test_rule_pack_schema.py;core/rules/rule_pack_document/tests/invented_demo_document.rs;GATE:GATE_EVIDENCE/B4_4_SWEEP_9D55/SUMMARY.json;GATE:GATE_EVIDENCE/B4_4_SWEEP_9D55/sweep.log.gz,UNIT,NOT_APPLICABLE,NOT_APPLICABLE,IN_PROGRESS,ALIGNED,HIGH,,,,NONE,,,,NOT_APPLICABLE,NONE,NO,NOT_APPLICABLE,The declarative_ast formula was added after DEC-022 (d3885f4ba).,00115c71931bcae79909602d653740d3bb72dfa1
DEL-06-05:SOW#CLM-006.r05,DEL-06-05,ITEM,REQUIREMENT,SCHEMA,Provenance: PUBLIC_DOMAIN_OR_ORIGINAL or an equivalent invented/original label.,projects/chirality-piping/execution/PKG-06_Rule Packs and User-Supplied Code Check Engine/1_Working/DEL-06-05_Invented non-code example rule pack/ScopeOfWork.md,,,,examples/rule_packs/invented_demo.yaml,tests/test_rule_pack_schema.py;core/rules/rule_pack_document/tests/invented_demo_document.rs;GATE:GATE_EVIDENCE/B4_4_SWEEP_9D55/SUMMARY.json;GATE:GATE_EVIDENCE/B4_4_SWEEP_9D55/sweep.log.gz,UNIT,NOT_APPLICABLE,NOT_APPLICABLE,IN_PROGRESS,ALIGNED,HIGH,,,,NONE,,,,NOT_APPLICABLE,NONE,NO,NOT_APPLICABLE,source_type invented_public_example is the equivalent label.,00115c71931bcae79909602d653740d3bb72dfa1
DEL-06-05:SOW#CLM-006.r06,DEL-06-05,ITEM,REQUIREMENT,SCHEMA,Diagnostics: placeholder or absent inputs are explicit findings rather than defaults.,projects/chirality-piping/execution/PKG-06_Rule Packs and User-Supplied Code Check Engine/1_Working/DEL-06-05_Invented non-code example rule pack/ScopeOfWork.md,,,,examples/rule_packs/invented_demo.yaml;core/rules/completeness_checker/src/lib.rs,tests/test_rule_pack_schema.py;core/rules/rule_pack_document/tests/invented_demo_document.rs;GATE:GATE_EVIDENCE/B4_4_SWEEP_9D55/SUMMARY.json;GATE:GATE_EVIDENCE/B4_4_SWEEP_9D55/sweep.log.gz,UNIT,NOT_APPLICABLE,NOT_APPLICABLE,IN_PROGRESS,ALIGNED,HIGH,,,,NONE,,,,NOT_APPLICABLE,NONE,NO,NOT_APPLICABLE,"Required inputs declare missing_value_diagnostic RULE_INPUT_MISSING; the completeness checker blocks on them. GAP_WORDING_CHECKED: the matched word is a field or diagnostic-code name in the example, not an unmet element of this claim.",00115c71931bcae79909602d653740d3bb72dfa1
DEL-06-05:SOW#CLM-007,DEL-06-05,BLOCK,CONTAINER,DOCUMENTATION,References table; substance carried by rows .r01-.r11.,projects/chirality-piping/execution/PKG-06_Rule Packs and User-Supplied Code Check Engine/1_Working/DEL-06-05_Invented non-code example rule pack/ScopeOfWork.md,,,,NOT_APPLICABLE,NOT_APPLICABLE,NONE,NOT_APPLICABLE,NOT_APPLICABLE,IN_PROGRESS,COVERED_BY_CHILDREN,HIGH,,,,NONE,,,,NOT_APPLICABLE,NONE,NO,NOT_APPLICABLE,Split because r03 diverges (C1 all-or-none).,00115c71931bcae79909602d653740d3bb72dfa1
DEL-06-05:SOW#CLM-007.r01,DEL-06-05,ITEM,CONTEXT,DOCUMENTATION,"_CONTEXT.md: identity, package, scope, objectives, decomposition revision, architecture basis.",projects/chirality-piping/execution/PKG-06_Rule Packs and User-Supplied Code Check Engine/1_Working/DEL-06-05_Invented non-code example rule pack/ScopeOfWork.md,,,,projects/chirality-piping/execution/PKG-06_Rule Packs and User-Supplied Code Check Engine/1_Working/DEL-06-05_Invented non-code example rule pack/_CONTEXT.md,NOT_APPLICABLE,NONE,NOT_APPLICABLE,NOT_APPLICABLE,IN_PROGRESS,ALIGNED,HIGH,,,,NONE,,,,NOT_APPLICABLE,NONE,NO,NOT_APPLICABLE,Exists; its pins are judged on the CONTEXT rows.,00115c71931bcae79909602d653740d3bb72dfa1
DEL-06-05:SOW#CLM-007.r02,DEL-06-05,ITEM,CONTEXT,DOCUMENTATION,_REFERENCES.md: local reference inventory.,projects/chirality-piping/execution/PKG-06_Rule Packs and User-Supplied Code Check Engine/1_Working/DEL-06-05_Invented non-code example rule pack/ScopeOfWork.md,,,,projects/chirality-piping/execution/PKG-06_Rule Packs and User-Supplied Code Check Engine/1_Working/DEL-06-05_Invented non-code example rule pack/_REFERENCES.md,NOT_APPLICABLE,NONE,NOT_APPLICABLE,NOT_APPLICABLE,IN_PROGRESS,ALIGNED,HIGH,,,,NONE,,,,NOT_APPLICABLE,NONE,NO,NOT_APPLICABLE,Exists.,00115c71931bcae79909602d653740d3bb72dfa1
DEL-06-05:SOW#CLM-007.r04,DEL-06-05,ITEM,CONTEXT,DOCUMENTATION,AGENTS.md: Type 2 dispatch and write-scope rule.,projects/chirality-piping/execution/PKG-06_Rule Packs and User-Supplied Code Check Engine/1_Working/DEL-06-05_Invented non-code example rule pack/ScopeOfWork.md,,,,projects/chirality-piping/AGENTS.md,NOT_APPLICABLE,NONE,NOT_APPLICABLE,NOT_APPLICABLE,IN_PROGRESS,ALIGNED,HIGH,,,,NONE,,,,NOT_APPLICABLE,NONE,NO,NOT_APPLICABLE,Exists and carries the authorised-scope write rule.,00115c71931bcae79909602d653740d3bb72dfa1
DEL-06-05:SOW#CLM-007.r05,DEL-06-05,ITEM,CONTEXT,DOCUMENTATION,"docs/CONTRACT.md: rule-pack, protected-content, provenance, authority and agent invariants.",projects/chirality-piping/execution/PKG-06_Rule Packs and User-Supplied Code Check Engine/1_Working/DEL-06-05_Invented non-code example rule pack/ScopeOfWork.md,,,,projects/chirality-piping/docs/CONTRACT.md,NOT_APPLICABLE,NONE,NOT_APPLICABLE,NOT_APPLICABLE,IN_PROGRESS,ALIGNED,HIGH,,,,NONE,,,,NOT_APPLICABLE,NONE,NO,NOT_APPLICABLE,Exists.,00115c71931bcae79909602d653740d3bb72dfa1
DEL-06-05:SOW#CLM-007.r06,DEL-06-05,ITEM,CONTEXT,DOCUMENTATION,"docs/DIRECTIVE.md: founding intent, product principles and stop rules.",projects/chirality-piping/execution/PKG-06_Rule Packs and User-Supplied Code Check Engine/1_Working/DEL-06-05_Invented non-code example rule pack/ScopeOfWork.md,,,,projects/chirality-piping/docs/DIRECTIVE.md,NOT_APPLICABLE,NONE,NOT_APPLICABLE,NOT_APPLICABLE,IN_PROGRESS,ALIGNED,HIGH,,,,NONE,,,,NOT_APPLICABLE,NONE,NO,NOT_APPLICABLE,Exists.,00115c71931bcae79909602d653740d3bb72dfa1
DEL-06-05:SOW#CLM-007.r07,DEL-06-05,ITEM,CONTEXT,DOCUMENTATION,"docs/TYPES.md: analysis status, epistemic labels, provenance labels and rule-pack vocabulary.",projects/chirality-piping/execution/PKG-06_Rule Packs and User-Supplied Code Check Engine/1_Working/DEL-06-05_Invented non-code example rule pack/ScopeOfWork.md,,,,projects/chirality-piping/docs/TYPES.md,NOT_APPLICABLE,NONE,NOT_APPLICABLE,NOT_APPLICABLE,IN_PROGRESS,ALIGNED,HIGH,,,,NONE,,,,NOT_APPLICABLE,NONE,NO,NOT_APPLICABLE,Exists.,00115c71931bcae79909602d653740d3bb72dfa1
DEL-06-05:SOW#CLM-007.r08,DEL-06-05,ITEM,CONTEXT,DOCUMENTATION,"docs/SPEC.md: rule-pack evaluator sections, reporting notices and validation expectations.",projects/chirality-piping/execution/PKG-06_Rule Packs and User-Supplied Code Check Engine/1_Working/DEL-06-05_Invented non-code example rule pack/ScopeOfWork.md,,,,projects/chirality-piping/docs/SPEC.md,NOT_APPLICABLE,NONE,NOT_APPLICABLE,NOT_APPLICABLE,IN_PROGRESS,ALIGNED,HIGH,,,,NONE,,,,NOT_APPLICABLE,NONE,NO,NOT_APPLICABLE,Exists.,00115c71931bcae79909602d653740d3bb72dfa1
DEL-06-05:SOW#CLM-007.r09,DEL-06-05,ITEM,CONTEXT,DOCUMENTATION,SOFTWARE_DECOMP.md: PKG-06 and DEL-06-05 decomposition context and objectives.,projects/chirality-piping/execution/PKG-06_Rule Packs and User-Supplied Code Check Engine/1_Working/DEL-06-05_Invented non-code example rule pack/ScopeOfWork.md,,,,projects/chirality-piping/execution/_Decomposition/SOFTWARE_DECOMP.md,NOT_APPLICABLE,NONE,NOT_APPLICABLE,NOT_APPLICABLE,IN_PROGRESS,ALIGNED,HIGH,,,,NONE,,,,NOT_APPLICABLE,NONE,NO,NOT_APPLICABLE,Exists.,00115c71931bcae79909602d653740d3bb72dfa1
DEL-06-05:SOW#CLM-007.r10,DEL-06-05,ITEM,CONTEXT,DOCUMENTATION,Deliverables.csv: deliverable register row.,projects/chirality-piping/execution/PKG-06_Rule Packs and User-Supplied Code Check Engine/1_Working/DEL-06-05_Invented non-code example rule pack/ScopeOfWork.md,,,,projects/chirality-piping/docs/_Registers/Deliverables.csv,NOT_APPLICABLE,NONE,NOT_APPLICABLE,NOT_APPLICABLE,IN_PROGRESS,ALIGNED,HIGH,,,,NONE,,,,NOT_APPLICABLE,NONE,NO,NOT_APPLICABLE,Exists with the DEL-06-05 row.,00115c71931bcae79909602d653740d3bb72dfa1
DEL-06-05:SOW#CLM-007.r11,DEL-06-05,ITEM,CONTEXT,DOCUMENTATION,ScopeLedger.csv: scope mapping for SOW-016.,projects/chirality-piping/execution/PKG-06_Rule Packs and User-Supplied Code Check Engine/1_Working/DEL-06-05_Invented non-code example rule pack/ScopeOfWork.md,,,,projects/chirality-piping/docs/_Registers/ScopeLedger.csv,NOT_APPLICABLE,NONE,NOT_APPLICABLE,NOT_APPLICABLE,IN_PROGRESS,ALIGNED,HIGH,,,,NONE,,,,NOT_APPLICABLE,NONE,NO,NOT_APPLICABLE,Exists with SOW-016.,00115c71931bcae79909602d653740d3bb72dfa1
DEL-06-05:SOW#CLM-007.r03,DEL-06-05,ITEM,CONTEXT,DOCUMENTATION,INIT.md: bootstrap boundaries for protected data and professional reliance.,projects/chirality-piping/execution/PKG-06_Rule Packs and User-Supplied Code Check Engine/1_Working/DEL-06-05_Invented non-code example rule pack/ScopeOfWork.md,,,,NONE_FOUND,NOT_APPLICABLE,NONE,NOT_APPLICABLE,NOT_APPLICABLE,IN_PROGRESS,STALE_SETUP_SPECIFICATION,HIGH,BASIS_POINTER_STALE,LOCAL_DESIGN,NONE,RECORD,FG-DEL-06-05-04,CP-02,,projects/chirality-piping/AGENTS.md,Replace the INIT.md reference with its successor at the next SOW catch-up.,NO,NOT_APPLICABLE,"INIT.md is absent at the freeze (removed 9c4caf8fd). CANONICAL_DEPARTURE: CP-02 names STALE_REVIEW_OR_EVIDENCE, but F3 classes text first present at 7bee9ae41 as STALE_SETUP_SPECIFICATION and this is not a revision pin.",00115c71931bcae79909602d653740d3bb72dfa1
DEL-06-05:SOW#completion-and-reliance-basis-epistemology,DEL-06-05,BLOCK,NON_NORMATIVE,DOCUMENTATION,Section wrapper for the specification blocks.,projects/chirality-piping/execution/PKG-06_Rule Packs and User-Supplied Code Check Engine/1_Working/DEL-06-05_Invented non-code example rule pack/ScopeOfWork.md,,,,NOT_APPLICABLE,NOT_APPLICABLE,NONE,NOT_APPLICABLE,NOT_APPLICABLE,IN_PROGRESS,NOT_ASSESSED,HIGH,,,,NONE,,,,NOT_APPLICABLE,NONE,NO,NOT_APPLICABLE,Pre-typed NON_NORMATIVE section wrapper.,00115c71931bcae79909602d653740d3bb72dfa1
DEL-06-05:SOW#CLM-008,DEL-06-05,BLOCK,NON_NORMATIVE,DOCUMENTATION,Specification heading with a currentness marker comment.,projects/chirality-piping/execution/PKG-06_Rule Packs and User-Supplied Code Check Engine/1_Working/DEL-06-05_Invented non-code example rule pack/ScopeOfWork.md,,,,NOT_APPLICABLE,NOT_APPLICABLE,NONE,NOT_APPLICABLE,NOT_APPLICABLE,IN_PROGRESS,NOT_ASSESSED,HIGH,,,,NONE,,,,NOT_APPLICABLE,NONE,NO,NOT_APPLICABLE,Pre-typed NON_NORMATIVE heading block.,00115c71931bcae79909602d653740d3bb72dfa1
DEL-06-05:SOW#CLM-010,DEL-06-05,BLOCK,DECLARED_STATE,DOCUMENTATION,"Scope: setup documentation only, local folder, does not create repo-level examples such as invented_demo.yaml; covers boundary, notices, traceability; excludes real values and engines.",projects/chirality-piping/execution/PKG-06_Rule Packs and User-Supplied Code Check Engine/1_Working/DEL-06-05_Invented non-code example rule pack/ScopeOfWork.md,,does not create examples/rule_packs/invented_demo.yaml,,examples/rule_packs/invented_demo.yaml;projects/chirality-piping/docs/_Examples/rule_pack_notice.md,tests/test_rule_pack_schema.py;core/rules/rule_pack_document/tests/invented_demo_document.rs;GATE:GATE_EVIDENCE/B4_4_SWEEP_9D55/SUMMARY.json;GATE:GATE_EVIDENCE/B4_4_SWEEP_9D55/sweep.log.gz,UNIT,NOT_APPLICABLE,NOT_APPLICABLE,IN_PROGRESS,STALE_SETUP_SPECIFICATION,HIGH,DOC_BEHIND_CODE,LOCAL_DESIGN,NONE,RECORD,FG-DEL-06-05-02,,,NOT_APPLICABLE,Restate the scope to include the committed example and notice at the next SOW catch-up.,NO,NOT_APPLICABLE,"Coverage and exclusions hold; the statement that the deliverable does not create the repo-level example is overtaken. DEL-06-05 committed the repo-level example and notice (73506b7, 2026-05-02) and the example was later upgraded (d3885f4ba, e200e47a3, f737985ab). Setup-era text: first present at 7bee9ae41 (git grep of the initial-migration tree), so STALE_SETUP_SPECIFICATION under F3.",00115c71931bcae79909602d653740d3bb72dfa1
DEL-06-05:SOW#CLM-011,DEL-06-05,BLOCK,CONTAINER,DOCUMENTATION,Requirements table; substance carried by DEL-06-05-REQ-01 to REQ-08.,projects/chirality-piping/execution/PKG-06_Rule Packs and User-Supplied Code Check Engine/1_Working/DEL-06-05_Invented non-code example rule pack/ScopeOfWork.md,,,,NOT_APPLICABLE,NOT_APPLICABLE,NONE,NOT_APPLICABLE,NOT_APPLICABLE,IN_PROGRESS,COVERED_BY_CHILDREN,HIGH,,,,NONE,,,,NOT_APPLICABLE,NONE,NO,NOT_APPLICABLE,Children carry every requirement.,00115c71931bcae79909602d653740d3bb72dfa1
DEL-06-05:SOW#CLM-011/DEL-06-05-REQ-01,DEL-06-05,ITEM,REQUIREMENT,DOCUMENTATION,Setup documentation states that public rule-pack examples use invented non-code values and clear non-engineering notices.,projects/chirality-piping/execution/PKG-06_Rule Packs and User-Supplied Code Check Engine/1_Working/DEL-06-05_Invented non-code example rule pack/ScopeOfWork.md,projects/chirality-piping/docs/CONTRACT.md;projects/chirality-piping/docs/_Registers/ScopeLedger.csv,,,projects/chirality-piping/execution/PKG-06_Rule Packs and User-Supplied Code Check Engine/1_Working/DEL-06-05_Invented non-code example rule pack/ScopeOfWork.md;examples/rule_packs/invented_demo.yaml;projects/chirality-piping/docs/_Examples/rule_pack_notice.md,tests/test_rule_pack_schema.py;core/rules/rule_pack_document/tests/invented_demo_document.rs;GATE:GATE_EVIDENCE/B4_4_SWEEP_9D55/SUMMARY.json;GATE:GATE_EVIDENCE/B4_4_SWEEP_9D55/sweep.log.gz,UNIT;DOCUMENT_REVIEW,NOT_APPLICABLE,NOT_APPLICABLE,IN_PROGRESS,ALIGNED,HIGH,,,,NONE,,,,NOT_APPLICABLE,NONE,NO,NOT_APPLICABLE,"The SOW states it (CLM-004, CLM-025) and the example and notice follow it.",00115c71931bcae79909602d653740d3bb72dfa1
DEL-06-05:SOW#CLM-011/DEL-06-05-REQ-02,DEL-06-05,ITEM,EXCLUSION,SECURITY,"Setup documentation prohibits protected standards text, tables, figures, copied formulas, allowables, SIF/flexibility and proprietary data.",projects/chirality-piping/execution/PKG-06_Rule Packs and User-Supplied Code Check Engine/1_Working/DEL-06-05_Invented non-code example rule pack/ScopeOfWork.md,projects/chirality-piping/docs/CONTRACT.md;projects/chirality-piping/docs/IP_AND_DATA_BOUNDARY.md,,,projects/chirality-piping/execution/PKG-06_Rule Packs and User-Supplied Code Check Engine/1_Working/DEL-06-05_Invented non-code example rule pack/ScopeOfWork.md;examples/rule_packs/invented_demo.yaml,tests/test_report_protected_content_linter.py;GATE:GATE_EVIDENCE/B4_4_SWEEP_9D55/SUMMARY.json,STATIC_CHECK;DOCUMENT_REVIEW,NOT_APPLICABLE,NOT_APPLICABLE,IN_PROGRESS,ALIGNED,HIGH,,,,NONE,,,,NOT_APPLICABLE,NONE,NO,NOT_APPLICABLE,Boundary: IP and data (INVARIANT subject). Stated in CLM-005 and CLM-010; the example holds invented content only.,00115c71931bcae79909602d653740d3bb72dfa1
DEL-06-05:SOW#CLM-011/DEL-06-05-REQ-03,DEL-06-05,ITEM,EXCLUSION,GOVERNANCE,"Setup documentation distinguishes a user-rule check from professional approval; no certification, sealing, authentication or compliance claim.",projects/chirality-piping/execution/PKG-06_Rule Packs and User-Supplied Code Check Engine/1_Working/DEL-06-05_Invented non-code example rule pack/ScopeOfWork.md,projects/chirality-piping/docs/PROFESSIONAL_BOUNDARY.md;projects/chirality-piping/docs/CONTRACT.md,,,projects/chirality-piping/execution/PKG-06_Rule Packs and User-Supplied Code Check Engine/1_Working/DEL-06-05_Invented non-code example rule pack/ScopeOfWork.md;examples/rule_packs/invented_demo.yaml;projects/chirality-piping/docs/_Examples/rule_pack_notice.md,tests/test_claims_language_surface.py;GATE:GATE_EVIDENCE/B4_4_SWEEP_9D55/SUMMARY.json,STATIC_CHECK;DOCUMENT_REVIEW,NOT_APPLICABLE,NOT_APPLICABLE,IN_PROGRESS,ALIGNED,HIGH,,,,NONE,,,,NOT_APPLICABLE,NONE,NO,NOT_APPLICABLE,Boundary: professional (INVARIANT subject). CLM-025.r03 and the example's professional_boundary block state it.,00115c71931bcae79909602d653740d3bb72dfa1
DEL-06-05:SOW#CLM-011/DEL-06-05-REQ-04,DEL-06-05,ITEM,REQUIREMENT,DOCUMENTATION,Setup documentation keeps code-specific values user-supplied or private and marks unknowns TBD rather than defaulting.,projects/chirality-piping/execution/PKG-06_Rule Packs and User-Supplied Code Check Engine/1_Working/DEL-06-05_Invented non-code example rule pack/ScopeOfWork.md,projects/chirality-piping/docs/CONTRACT.md,,,projects/chirality-piping/execution/PKG-06_Rule Packs and User-Supplied Code Check Engine/1_Working/DEL-06-05_Invented non-code example rule pack/ScopeOfWork.md;examples/rule_packs/invented_demo.yaml,tests/test_rule_pack_schema.py;core/rules/rule_pack_document/tests/invented_demo_document.rs;GATE:GATE_EVIDENCE/B4_4_SWEEP_9D55/SUMMARY.json;GATE:GATE_EVIDENCE/B4_4_SWEEP_9D55/sweep.log.gz,UNIT;DOCUMENT_REVIEW,NOT_APPLICABLE,NOT_APPLICABLE,IN_PROGRESS,ALIGNED,HIGH,,,,NONE,,,,NOT_APPLICABLE,NONE,NO,NOT_APPLICABLE,Stated in CLM-005.r02 and CLM-025; the example holds invented values only. The row's source column also cites the retired INIT.md; that pointer is recorded on CLM-007.r03.,00115c71931bcae79909602d653740d3bb72dfa1
DEL-06-05:SOW#CLM-011/DEL-06-05-REQ-05,DEL-06-05,ITEM,REQUIREMENT,SCHEMA,A future example carries source/provenance and redistribution fields; checksum values stay TBD until a concrete payload exists.,projects/chirality-piping/execution/PKG-06_Rule Packs and User-Supplied Code Check Engine/1_Working/DEL-06-05_Invented non-code example rule pack/ScopeOfWork.md,projects/chirality-piping/docs/CONTRACT.md,,,examples/rule_packs/invented_demo.yaml;core/rules/rule_pack_document/src/lib.rs,tests/test_rule_pack_schema.py;core/rules/rule_pack_document/tests/invented_demo_document.rs;GATE:GATE_EVIDENCE/B4_4_SWEEP_9D55/SUMMARY.json;GATE:GATE_EVIDENCE/B4_4_SWEEP_9D55/sweep.log.gz,UNIT,NOT_APPLICABLE,NOT_APPLICABLE,IN_PROGRESS,ALIGNED,HIGH,,,,NONE,,,,NOT_APPLICABLE,NONE,NO,NOT_APPLICABLE,"The example carries provenance and redistribution_status; its payload now exists and carries a verified JCS checksum, consistent with the conditional.",00115c71931bcae79909602d653740d3bb72dfa1
DEL-06-05:SOW#CLM-011/DEL-06-05-REQ-06,DEL-06-05,ITEM,REQUIREMENT,MECHANICS,A future example stays declarative and non-executable; grammar and sandbox belong to separate PKG-06 deliverables.,projects/chirality-piping/execution/PKG-06_Rule Packs and User-Supplied Code Check Engine/1_Working/DEL-06-05_Invented non-code example rule pack/ScopeOfWork.md,projects/chirality-piping/docs/CONTRACT.md;projects/chirality-piping/execution/_Decomposition/SOFTWARE_DECOMP.md,,,examples/rule_packs/invented_demo.yaml;core/rules/expression_evaluator/src/lib.rs;core/rules/rule_pack_document/src/lib.rs,tests/test_rule_pack_schema.py;core/rules/rule_pack_document/tests/invented_demo_document.rs;GATE:GATE_EVIDENCE/B4_4_SWEEP_9D55/SUMMARY.json;GATE:GATE_EVIDENCE/B4_4_SWEEP_9D55/sweep.log.gz,UNIT,NOT_APPLICABLE,NOT_APPLICABLE,IN_PROGRESS,ALIGNED,HIGH,,,,NONE,,,,NOT_APPLICABLE,NONE,NO,NOT_APPLICABLE,The formula is a declarative_ast payload decoded by the DEL-06-02 grammar; nothing in the example executes.,00115c71931bcae79909602d653740d3bb72dfa1
DEL-06-05:SOW#CLM-011/DEL-06-05-REQ-07,DEL-06-05,ITEM,EXCLUSION,WORKFLOW,This setup run does not write outside the assigned deliverable folder or move any artifact to ISSUED.,projects/chirality-piping/execution/PKG-06_Rule Packs and User-Supplied Code Check Engine/1_Working/DEL-06-05_Invented non-code example rule pack/ScopeOfWork.md,projects/chirality-piping/AGENTS.md,,,examples/rule_packs/invented_demo.yaml;projects/chirality-piping/execution/PKG-06_Rule Packs and User-Supplied Code Check Engine/1_Working/DEL-06-05_Invented non-code example rule pack/_STATUS.md,NOT_APPLICABLE,NONE,NOT_APPLICABLE,NOT_APPLICABLE,IN_PROGRESS,STALE_SETUP_SPECIFICATION,MEDIUM,DOC_BEHIND_CODE,LOCAL_DESIGN,NONE,RECORD,FG-DEL-06-05-02,,,NOT_APPLICABLE,Restate or retire the setup-run write boundary at the next SOW catch-up.,NO,NOT_APPLICABLE,"Setup-run constraint still presented as a current requirement while the deliverable's implemented slice lives at repo-level paths; no ISSUED transition occurred. Setup-era text: first present at 7bee9ae41 (git grep of the initial-migration tree), so STALE_SETUP_SPECIFICATION under F3.",00115c71931bcae79909602d653740d3bb72dfa1
DEL-06-05:SOW#CLM-011/DEL-06-05-REQ-08,DEL-06-05,ITEM,REQUIREMENT,SCHEMA,"Setup outputs preserve architecture-basis constraints for examples: schema-first records, provenance, diagnostics, protected-content gates, no-bypass.",projects/chirality-piping/execution/PKG-06_Rule Packs and User-Supplied Code Check Engine/1_Working/DEL-06-05_Invented non-code example rule pack/ScopeOfWork.md,projects/chirality-piping/execution/_Decomposition/SOFTWARE_DECOMP.md,,,examples/rule_packs/invented_demo.yaml;schemas/rule_pack.schema.yaml,tests/test_rule_pack_schema.py;core/rules/rule_pack_document/tests/invented_demo_document.rs;GATE:GATE_EVIDENCE/B4_4_SWEEP_9D55/SUMMARY.json;GATE:GATE_EVIDENCE/B4_4_SWEEP_9D55/sweep.log.gz,UNIT;STATIC_CHECK,NOT_APPLICABLE,NOT_APPLICABLE,IN_PROGRESS,ALIGNED,MEDIUM,,,,NONE,,,,NOT_APPLICABLE,NONE,NO,NOT_APPLICABLE,"The example is a schema-conformant record with provenance, diagnostics and protected-content review fields.",00115c71931bcae79909602d653740d3bb72dfa1
DEL-06-05:SOW#CLM-012,DEL-06-05,BLOCK,CONTEXT,GOVERNANCE,"No external engineering code, standard, table or proprietary design basis is used as an authority for this deliverable.",projects/chirality-piping/execution/PKG-06_Rule Packs and User-Supplied Code Check Engine/1_Working/DEL-06-05_Invented non-code example rule pack/ScopeOfWork.md,projects/chirality-piping/docs/IP_AND_DATA_BOUNDARY.md,,,examples/rule_packs/invented_demo.yaml;projects/chirality-piping/docs/_Examples/rule_pack_notice.md,NOT_APPLICABLE,NONE,NOT_APPLICABLE,NOT_APPLICABLE,IN_PROGRESS,ALIGNED,HIGH,,,,NONE,,,,NOT_APPLICABLE,NONE,NO,NOT_APPLICABLE,"Block assessed on its own sentence, which holds; its status rows are split below.",00115c71931bcae79909602d653740d3bb72dfa1
DEL-06-05:SOW#CLM-012.r01,DEL-06-05,ITEM,CONTEXT,GOVERNANCE,Governance and invariant documents: accessible local governing source.,projects/chirality-piping/execution/PKG-06_Rule Packs and User-Supplied Code Check Engine/1_Working/DEL-06-05_Invented non-code example rule pack/ScopeOfWork.md,,,,projects/chirality-piping/docs/CONTRACT.md,NOT_APPLICABLE,NONE,NOT_APPLICABLE,NOT_APPLICABLE,IN_PROGRESS,ALIGNED,HIGH,,,,NONE,,,,NOT_APPLICABLE,NONE,NO,NOT_APPLICABLE,Substance holds. The row names the former product; that residue is recorded once on the SOW SURFACE row (CP-04).,00115c71931bcae79909602d653740d3bb72dfa1
DEL-06-05:SOW#CLM-012.r02,DEL-06-05,ITEM,EXCLUSION,SECURITY,Engineering code or standards-body text: not used; protected or user-supplied unless licensed and authorized.,projects/chirality-piping/execution/PKG-06_Rule Packs and User-Supplied Code Check Engine/1_Working/DEL-06-05_Invented non-code example rule pack/ScopeOfWork.md,projects/chirality-piping/docs/IP_AND_DATA_BOUNDARY.md,,,examples/rule_packs/invented_demo.yaml,NOT_APPLICABLE,NONE,NOT_APPLICABLE,NOT_APPLICABLE,IN_PROGRESS,ALIGNED,HIGH,,,,NONE,,,,NOT_APPLICABLE,NONE,NO,NOT_APPLICABLE,Holds for the example and notice.,00115c71931bcae79909602d653740d3bb72dfa1
DEL-06-05:SOW#CLM-012.r03,DEL-06-05,ITEM,DECLARED_STATE,MECHANICS,Rule-pack evaluator expression grammar: TBD; separate PKG-06 implementation decision.,projects/chirality-piping/execution/PKG-06_Rule Packs and User-Supplied Code Check Engine/1_Working/DEL-06-05_Invented non-code example rule pack/ScopeOfWork.md,projects/chirality-piping/execution/_Decomposition/SOFTWARE_DECOMP.md,,,core/rules/expression_evaluator/src/lib.rs;examples/rule_packs/invented_demo.yaml,NOT_APPLICABLE,NONE,NOT_APPLICABLE,NOT_APPLICABLE,IN_PROGRESS,STALE_SETUP_SPECIFICATION,HIGH,SCOPE_REDIRECTED_BY_RULING,LOCAL_DESIGN,NONE,RECORD,,,,NOT_APPLICABLE,Record DEC-022 as the grammar decision.,NO,NOT_APPLICABLE,"DEC-022 froze the expression grammar (v1.0.0), and the example declares it. Setup-era text: first present at 7bee9ae41 (git grep of the initial-migration tree), so STALE_SETUP_SPECIFICATION under F3.",00115c71931bcae79909602d653740d3bb72dfa1
DEL-06-05:SOW#CLM-012.r04,DEL-06-05,ITEM,DECLARED_STATE,SCHEMA,Rule-pack schema final file path: TBD; separate DEL-06-01 deliverable.,projects/chirality-piping/execution/PKG-06_Rule Packs and User-Supplied Code Check Engine/1_Working/DEL-06-05_Invented non-code example rule pack/ScopeOfWork.md,,,,schemas/rule_pack.schema.yaml,tests/test_rule_pack_schema.py,UNIT,NOT_APPLICABLE,NOT_APPLICABLE,IN_PROGRESS,STALE_SETUP_SPECIFICATION,HIGH,DOC_BEHIND_CODE,LOCAL_DESIGN,NONE,RECORD,,,,NOT_APPLICABLE,Record schemas/rule_pack.schema.yaml as the schema path.,NO,NOT_APPLICABLE,"DEL-06-01 committed the schema at schemas/rule_pack.schema.yaml. Setup-era text: first present at 7bee9ae41 (git grep of the initial-migration tree), so STALE_SETUP_SPECIFICATION under F3.",00115c71931bcae79909602d653740d3bb72dfa1
DEL-06-05:SOW#CLM-013,DEL-06-05,BLOCK,CONTAINER,VALIDATION,Verification table; substance carried by DEL-06-05-VER-01 to VER-06.,projects/chirality-piping/execution/PKG-06_Rule Packs and User-Supplied Code Check Engine/1_Working/DEL-06-05_Invented non-code example rule pack/ScopeOfWork.md,,,,NOT_APPLICABLE,NOT_APPLICABLE,NONE,NOT_APPLICABLE,NOT_APPLICABLE,IN_PROGRESS,COVERED_BY_CHILDREN,HIGH,,,,NONE,,,,NOT_APPLICABLE,NONE,NO,NOT_APPLICABLE,Children carry every check.,00115c71931bcae79909602d653740d3bb72dfa1
DEL-06-05:SOW#CLM-013/DEL-06-05-VER-01,DEL-06-05,ITEM,ACCEPTANCE,DOCUMENTATION,Four-document kit exists locally (check_four_documents.sh).,projects/chirality-piping/execution/PKG-06_Rule Packs and User-Supplied Code Check Engine/1_Working/DEL-06-05_Invented non-code example rule pack/ScopeOfWork.md,,,,projects/chirality-piping/execution/PKG-06_Rule Packs and User-Supplied Code Check Engine/1_Working/DEL-06-05_Invented non-code example rule pack/ScopeOfWork.md,NONE_FOUND,NONE,NOT_APPLICABLE,NOT_APPLICABLE,IN_PROGRESS,STALE_SETUP_SPECIFICATION,HIGH,REPRESENTATION_MIGRATED,LOCAL_DESIGN,NONE,RECORD,FG-DEL-06-05-03,CP-01,,NOT_APPLICABLE,Replace with a ScopeOfWork.md check at the next SOW catch-up.,NO,NOT_APPLICABLE,"Four-document kit replaced by ScopeOfWork.md (20d8c89c8). Setup-era text: first present at 7bee9ae41 (git grep of the initial-migration tree), so STALE_SETUP_SPECIFICATION under F3.",00115c71931bcae79909602d653740d3bb72dfa1
DEL-06-05:SOW#CLM-013/DEL-06-05-VER-02,DEL-06-05,ITEM,ACCEPTANCE,WORKFLOW,No repo-level example path was edited (git status limited to the deliverable folder).,projects/chirality-piping/execution/PKG-06_Rule Packs and User-Supplied Code Check Engine/1_Working/DEL-06-05_Invented non-code example rule pack/ScopeOfWork.md,,,,examples/rule_packs/invented_demo.yaml,NOT_APPLICABLE,NONE,NOT_APPLICABLE,NOT_APPLICABLE,IN_PROGRESS,STALE_SETUP_SPECIFICATION,HIGH,DOC_BEHIND_CODE,LOCAL_DESIGN,NONE,RECORD,FG-DEL-06-05-02,,,NOT_APPLICABLE,Retire the setup-only check at the next SOW catch-up.,NO,NOT_APPLICABLE,"The deliverable's own implementation edited the repo-level example. DEL-06-05 committed the repo-level example and notice (73506b7, 2026-05-02) and the example was later upgraded (d3885f4ba, e200e47a3, f737985ab). Setup-era text: first present at 7bee9ae41 (git grep of the initial-migration tree), so STALE_SETUP_SPECIFICATION under F3.",00115c71931bcae79909602d653740d3bb72dfa1
DEL-06-05:SOW#CLM-013/DEL-06-05-VER-03,DEL-06-05,ITEM,ACCEPTANCE,DOCUMENTATION,Dependency register is schema-valid (validate_dependencies_schema.py).,projects/chirality-piping/execution/PKG-06_Rule Packs and User-Supplied Code Check Engine/1_Working/DEL-06-05_Invented non-code example rule pack/ScopeOfWork.md,,,,projects/chirality-piping/execution/PKG-06_Rule Packs and User-Supplied Code Check Engine/1_Working/DEL-06-05_Invented non-code example rule pack/Dependencies.csv,projects/chirality-piping/execution/PKG-06_Rule Packs and User-Supplied Code Check Engine/1_Working/DEL-06-05_Invented non-code example rule pack/_run_records/TASK_RUN_2026-06-16_2359_dependency-semantic-refresh.md;projects/chirality-piping/tools/validation/validate_dependencies_schema.py,STATIC_CHECK,NOT_APPLICABLE,NOT_APPLICABLE,IN_PROGRESS,ALIGNED,HIGH,,,,NONE,,,,NOT_APPLICABLE,NONE,NO,NOT_APPLICABLE,"2026-06-16 record: VALID (20 rows, 29 columns); Dependencies.csv unchanged since (28219696d). Not rerun.",00115c71931bcae79909602d653740d3bb72dfa1
DEL-06-05:SOW#CLM-013/DEL-06-05-VER-04,DEL-06-05,ITEM,ACCEPTANCE,DOCUMENTATION,Dependency enums are canonical (validate_enum.py).,projects/chirality-piping/execution/PKG-06_Rule Packs and User-Supplied Code Check Engine/1_Working/DEL-06-05_Invented non-code example rule pack/ScopeOfWork.md,,,,projects/chirality-piping/execution/PKG-06_Rule Packs and User-Supplied Code Check Engine/1_Working/DEL-06-05_Invented non-code example rule pack/Dependencies.csv,projects/chirality-piping/execution/PKG-06_Rule Packs and User-Supplied Code Check Engine/1_Working/DEL-06-05_Invented non-code example rule pack/_run_records/TASK_RUN_2026-06-16_2359_dependency-semantic-refresh.md;tools/validation/validate_enum.py,STATIC_CHECK,NOT_APPLICABLE,NOT_APPLICABLE,IN_PROGRESS,ALIGNED,MEDIUM,,,,NONE,,,,NOT_APPLICABLE,NONE,NO,NOT_APPLICABLE,"The 2026-06-16 record states the schema validator covers the canonical field checks, VALID on the unchanged file. Not rerun.",00115c71931bcae79909602d653740d3bb72dfa1
DEL-06-05:SOW#CLM-013/DEL-06-05-VER-05,DEL-06-05,ITEM,ACCEPTANCE,GOVERNANCE,"Professional and protected-data boundaries are visible in the documents (non-engineering, no-certification, no-protected-content language).",projects/chirality-piping/execution/PKG-06_Rule Packs and User-Supplied Code Check Engine/1_Working/DEL-06-05_Invented non-code example rule pack/ScopeOfWork.md,projects/chirality-piping/docs/PROFESSIONAL_BOUNDARY.md;projects/chirality-piping/docs/IP_AND_DATA_BOUNDARY.md,,,projects/chirality-piping/execution/PKG-06_Rule Packs and User-Supplied Code Check Engine/1_Working/DEL-06-05_Invented non-code example rule pack/ScopeOfWork.md;projects/chirality-piping/docs/_Examples/rule_pack_notice.md,tests/test_claims_language_surface.py,DOCUMENT_REVIEW;STATIC_CHECK,NOT_APPLICABLE,NOT_APPLICABLE,IN_PROGRESS,ALIGNED,HIGH,,,,NONE,,,,NOT_APPLICABLE,NONE,NO,NOT_APPLICABLE,"Boundary language present in the SOW, the example and the notice.",00115c71931bcae79909602d653740d3bb72dfa1
DEL-06-05:SOW#CLM-013/DEL-06-05-VER-06,DEL-06-05,ITEM,ACCEPTANCE,DOCUMENTATION,"_SEMANTIC.md, _SEMANTIC_LENSING.md and _run_records entries exist locally.",projects/chirality-piping/execution/PKG-06_Rule Packs and User-Supplied Code Check Engine/1_Working/DEL-06-05_Invented non-code example rule pack/ScopeOfWork.md,,,,projects/chirality-piping/execution/PKG-06_Rule Packs and User-Supplied Code Check Engine/1_Working/DEL-06-05_Invented non-code example rule pack/_SEMANTIC.md;projects/chirality-piping/execution/PKG-06_Rule Packs and User-Supplied Code Check Engine/1_Working/DEL-06-05_Invented non-code example rule pack/_SEMANTIC_LENSING.md;projects/chirality-piping/execution/PKG-06_Rule Packs and User-Supplied Code Check Engine/1_Working/DEL-06-05_Invented non-code example rule pack/_run_records,NOT_APPLICABLE,DOCUMENT_REVIEW,NOT_APPLICABLE,NOT_APPLICABLE,IN_PROGRESS,ALIGNED,HIGH,,,,NONE,,,,NOT_APPLICABLE,NONE,NO,NOT_APPLICABLE,All present at the freeze.,00115c71931bcae79909602d653740d3bb72dfa1
DEL-06-05:SOW#CLM-014,DEL-06-05,BLOCK,DECLARED_STATE,DOCUMENTATION,"Required setup artifacts: four documents, semantic artifacts, dependency files, run records, status; repo-level examples outside write scope.",projects/chirality-piping/execution/PKG-06_Rule Packs and User-Supplied Code Check Engine/1_Working/DEL-06-05_Invented non-code example rule pack/ScopeOfWork.md,,,,projects/chirality-piping/execution/PKG-06_Rule Packs and User-Supplied Code Check Engine/1_Working/DEL-06-05_Invented non-code example rule pack/ScopeOfWork.md;examples/rule_packs/invented_demo.yaml,NOT_APPLICABLE,NONE,NOT_APPLICABLE,NOT_APPLICABLE,IN_PROGRESS,STALE_SETUP_SPECIFICATION,HIGH,REPRESENTATION_MIGRATED,LOCAL_DESIGN,NONE,RECORD,FG-DEL-06-05-03,CP-01,,NOT_APPLICABLE,Restate required artifacts as ScopeOfWork.md plus the example and notice.,NO,NOT_APPLICABLE,"Names the retired four-document kit as current, and places the example outside scope though the deliverable owns it. Setup-era text: first present at 7bee9ae41 (git grep of the initial-migration tree), so STALE_SETUP_SPECIFICATION under F3.",00115c71931bcae79909602d653740d3bb72dfa1
DEL-06-05:SOW#completion-and-reliance-basis-epistemology/AC-001,DEL-06-05,ITEM,ACCEPTANCE,SECURITY,"Contract keeps invented-only posture, declarative boundary, no silent defaults, protected-content exclusions and non-reliance notice; details TBD until owners resolve them.",projects/chirality-piping/execution/PKG-06_Rule Packs and User-Supplied Code Check Engine/1_Working/DEL-06-05_Invented non-code example rule pack/ScopeOfWork.md,projects/chirality-piping/docs/CONTRACT.md;projects/chirality-piping/execution/_Decomposition/SOFTWARE_DECOMP.md,,,examples/rule_packs/invented_demo.yaml;projects/chirality-piping/docs/_Examples/rule_pack_notice.md;schemas/rule_pack.schema.yaml;core/rules/rule_pack_document/src/lib.rs,tests/test_rule_pack_schema.py;core/rules/rule_pack_document/tests/invented_demo_document.rs;GATE:GATE_EVIDENCE/B4_4_SWEEP_9D55/SUMMARY.json;GATE:GATE_EVIDENCE/B4_4_SWEEP_9D55/sweep.log.gz,UNIT,NOT_APPLICABLE,NOT_APPLICABLE,IN_PROGRESS,ALIGNED,MEDIUM,,,,NONE,,,,NOT_APPLICABLE,NONE,NO,NOT_APPLICABLE,"Each named posture holds. The owning deliverables have since resolved schema (DEL-06-01), grammar/evaluator (DEC-022) and checksum (DEL-06-04), as the criterion anticipated.",00115c71931bcae79909602d653740d3bb72dfa1
DEL-06-05:SOW#production-and-verification-method-praxeology,DEL-06-05,BLOCK,NON_NORMATIVE,DOCUMENTATION,Section wrapper for the procedure blocks.,projects/chirality-piping/execution/PKG-06_Rule Packs and User-Supplied Code Check Engine/1_Working/DEL-06-05_Invented non-code example rule pack/ScopeOfWork.md,,,,NOT_APPLICABLE,NOT_APPLICABLE,NONE,NOT_APPLICABLE,NOT_APPLICABLE,IN_PROGRESS,NOT_ASSESSED,HIGH,,,,NONE,,,,NOT_APPLICABLE,NONE,NO,NOT_APPLICABLE,Pre-typed NON_NORMATIVE section wrapper.,00115c71931bcae79909602d653740d3bb72dfa1
DEL-06-05:SOW#CLM-015,DEL-06-05,BLOCK,NON_NORMATIVE,DOCUMENTATION,Procedure heading with a currentness marker comment.,projects/chirality-piping/execution/PKG-06_Rule Packs and User-Supplied Code Check Engine/1_Working/DEL-06-05_Invented non-code example rule pack/ScopeOfWork.md,,,,NOT_APPLICABLE,NOT_APPLICABLE,NONE,NOT_APPLICABLE,NOT_APPLICABLE,IN_PROGRESS,NOT_ASSESSED,HIGH,,,,NONE,,,,NOT_APPLICABLE,NONE,NO,NOT_APPLICABLE,Pre-typed NON_NORMATIVE heading block.,00115c71931bcae79909602d653740d3bb72dfa1
DEL-06-05:SOW#CLM-017,DEL-06-05,BLOCK,DECLARED_STATE,WORKFLOW,Procedure purpose: local setup for the example documentation without editing repo-level examples.,projects/chirality-piping/execution/PKG-06_Rule Packs and User-Supplied Code Check Engine/1_Working/DEL-06-05_Invented non-code example rule pack/ScopeOfWork.md,,,,examples/rule_packs/invented_demo.yaml,NOT_APPLICABLE,NONE,NOT_APPLICABLE,NOT_APPLICABLE,IN_PROGRESS,STALE_SETUP_SPECIFICATION,HIGH,DOC_BEHIND_CODE,LOCAL_DESIGN,NONE,RECORD,FG-DEL-06-05-02,,,NOT_APPLICABLE,Restate the procedure purpose for the implemented example at the next SOW catch-up.,NO,NOT_APPLICABLE,"DEL-06-05 committed the repo-level example and notice (73506b7, 2026-05-02) and the example was later upgraded (d3885f4ba, e200e47a3, f737985ab). Setup-era text: first present at 7bee9ae41 (git grep of the initial-migration tree), so STALE_SETUP_SPECIFICATION under F3.",00115c71931bcae79909602d653740d3bb72dfa1
DEL-06-05:SOW#CLM-018,DEL-06-05,BLOCK,CONTAINER,WORKFLOW,Prerequisites table; substance carried by rows .r01-.r05.,projects/chirality-piping/execution/PKG-06_Rule Packs and User-Supplied Code Check Engine/1_Working/DEL-06-05_Invented non-code example rule pack/ScopeOfWork.md,,,,NOT_APPLICABLE,NOT_APPLICABLE,NONE,NOT_APPLICABLE,NOT_APPLICABLE,IN_PROGRESS,COVERED_BY_CHILDREN,HIGH,,,,NONE,,,,NOT_APPLICABLE,NONE,NO,NOT_APPLICABLE,Split because r02 and r03 diverge (C1 all-or-none).,00115c71931bcae79909602d653740d3bb72dfa1
DEL-06-05:SOW#CLM-018.r01,DEL-06-05,ITEM,REQUIREMENT,WORKFLOW,"Sealed context: DEL-06-05, PKG-06 and local write scope are known.",projects/chirality-piping/execution/PKG-06_Rule Packs and User-Supplied Code Check Engine/1_Working/DEL-06-05_Invented non-code example rule pack/ScopeOfWork.md,,,,projects/chirality-piping/execution/PKG-06_Rule Packs and User-Supplied Code Check Engine/1_Working/DEL-06-05_Invented non-code example rule pack/_CONTEXT.md,NOT_APPLICABLE,NONE,NOT_APPLICABLE,NOT_APPLICABLE,IN_PROGRESS,ALIGNED,HIGH,,,,NONE,,,,NOT_APPLICABLE,NONE,NO,NOT_APPLICABLE,Identity and package are recorded in _CONTEXT.md.,00115c71931bcae79909602d653740d3bb72dfa1
DEL-06-05:SOW#CLM-018.r02,DEL-06-05,ITEM,REQUIREMENT,WORKFLOW,"Governing sources read: _CONTEXT, _REFERENCES, INIT.md, AGENTS.md, CONTRACT, DIRECTIVE, TYPES, SPEC, decomposition, registers.",projects/chirality-piping/execution/PKG-06_Rule Packs and User-Supplied Code Check Engine/1_Working/DEL-06-05_Invented non-code example rule pack/ScopeOfWork.md,,,,projects/chirality-piping/AGENTS.md;projects/chirality-piping/docs/CONTRACT.md,NOT_APPLICABLE,NONE,NOT_APPLICABLE,NOT_APPLICABLE,IN_PROGRESS,STALE_SETUP_SPECIFICATION,HIGH,BASIS_POINTER_STALE,LOCAL_DESIGN,NONE,RECORD,FG-DEL-06-05-04,CP-02,,NOT_APPLICABLE,Replace INIT.md with its successor at the next SOW catch-up.,NO,NOT_APPLICABLE,"INIT.md is absent at the freeze; the other sources resolve. CANONICAL_DEPARTURE: CP-02 names STALE_REVIEW_OR_EVIDENCE, but F3 classes text first present at 7bee9ae41 as STALE_SETUP_SPECIFICATION.",00115c71931bcae79909602d653740d3bb72dfa1
DEL-06-05:SOW#CLM-018.r03,DEL-06-05,ITEM,REQUIREMENT,GOVERNANCE,"Current lifecycle state is OPEN, INITIALIZED or SEMANTIC_READY before setup refresh.",projects/chirality-piping/execution/PKG-06_Rule Packs and User-Supplied Code Check Engine/1_Working/DEL-06-05_Invented non-code example rule pack/ScopeOfWork.md,,,,projects/chirality-piping/execution/PKG-06_Rule Packs and User-Supplied Code Check Engine/1_Working/DEL-06-05_Invented non-code example rule pack/_STATUS.md,NOT_APPLICABLE,NONE,NOT_APPLICABLE,NOT_APPLICABLE,IN_PROGRESS,STALE_SETUP_SPECIFICATION,HIGH,RECORD_DRIFT,LOCAL_DESIGN,NONE,RECORD,FG-DEL-06-05-05,,,NOT_APPLICABLE,Restate the lifecycle prerequisite against IN_PROGRESS or retire it.,NO,NOT_APPLICABLE,"The deliverable is IN_PROGRESS at the freeze. Setup-era text: first present at 7bee9ae41 (git grep of the initial-migration tree), so STALE_SETUP_SPECIFICATION under F3.",00115c71931bcae79909602d653740d3bb72dfa1
DEL-06-05:SOW#CLM-018.r04,DEL-06-05,ITEM,REQUIREMENT,SECURITY,"Protected-data posture: no protected standards text, formulas, tables, examples or proprietary data used.",projects/chirality-piping/execution/PKG-06_Rule Packs and User-Supplied Code Check Engine/1_Working/DEL-06-05_Invented non-code example rule pack/ScopeOfWork.md,projects/chirality-piping/docs/IP_AND_DATA_BOUNDARY.md,,,examples/rule_packs/invented_demo.yaml,tests/test_report_protected_content_linter.py,STATIC_CHECK,NOT_APPLICABLE,NOT_APPLICABLE,IN_PROGRESS,ALIGNED,MEDIUM,,,,NONE,,,,NOT_APPLICABLE,NONE,NO,NOT_APPLICABLE,Boundary: IP and data. Holds for the example.,00115c71931bcae79909602d653740d3bb72dfa1
DEL-06-05:SOW#CLM-018.r05,DEL-06-05,ITEM,REQUIREMENT,GOVERNANCE,Professional-boundary posture: standard claim fence applies.,projects/chirality-piping/execution/PKG-06_Rule Packs and User-Supplied Code Check Engine/1_Working/DEL-06-05_Invented non-code example rule pack/ScopeOfWork.md,projects/chirality-piping/docs/PROFESSIONAL_BOUNDARY.md,,,examples/rule_packs/invented_demo.yaml;projects/chirality-piping/docs/_Examples/rule_pack_notice.md,tests/test_claims_language_surface.py,STATIC_CHECK,NOT_APPLICABLE,NOT_APPLICABLE,IN_PROGRESS,ALIGNED,HIGH,,,,NONE,,,,NOT_APPLICABLE,NONE,NO,NOT_APPLICABLE,Boundary: professional. Fence text present; the example keeps human review required.,00115c71931bcae79909602d653740d3bb72dfa1
DEL-06-05:SOW#CLM-019,DEL-06-05,BLOCK,REQUIREMENT,WORKFLOW,"Steps 1-12: draft/refresh the four-document kit, semantic and lensing runs, dependency extraction, run records, leave SEMANTIC_READY.",projects/chirality-piping/execution/PKG-06_Rule Packs and User-Supplied Code Check Engine/1_Working/DEL-06-05_Invented non-code example rule pack/ScopeOfWork.md,,,,projects/chirality-piping/execution/PKG-06_Rule Packs and User-Supplied Code Check Engine/1_Working/DEL-06-05_Invented non-code example rule pack/ScopeOfWork.md,NOT_APPLICABLE,NONE,NOT_APPLICABLE,NOT_APPLICABLE,IN_PROGRESS,STALE_SETUP_SPECIFICATION,HIGH,REPRESENTATION_MIGRATED,LOCAL_DESIGN,NONE,RECORD,FG-DEL-06-05-03,CP-01,,NOT_APPLICABLE,Rewrite the procedure steps for ScopeOfWork.md and the implemented example.,NO,NOT_APPLICABLE,"Steps center on the retired four-document kit and a SEMANTIC_READY exit state. Setup-era text: first present at 7bee9ae41 (git grep of the initial-migration tree), so STALE_SETUP_SPECIFICATION under F3.",00115c71931bcae79909602d653740d3bb72dfa1
DEL-06-05:SOW#CLM-020,DEL-06-05,BLOCK,CONTAINER,VALIDATION,Setup verification table; substance carried by rows .r01-.r06.,projects/chirality-piping/execution/PKG-06_Rule Packs and User-Supplied Code Check Engine/1_Working/DEL-06-05_Invented non-code example rule pack/ScopeOfWork.md,,,,NOT_APPLICABLE,NOT_APPLICABLE,NONE,NOT_APPLICABLE,NOT_APPLICABLE,IN_PROGRESS,COVERED_BY_CHILDREN,HIGH,,,,NONE,,,,NOT_APPLICABLE,NONE,NO,NOT_APPLICABLE,Split because rows diverge (C1 all-or-none).,00115c71931bcae79909602d653740d3bb72dfa1
DEL-06-05:SOW#CLM-020.r01,DEL-06-05,ITEM,ACCEPTANCE,DOCUMENTATION,Check: four-document kit present (check_four_documents.sh).,projects/chirality-piping/execution/PKG-06_Rule Packs and User-Supplied Code Check Engine/1_Working/DEL-06-05_Invented non-code example rule pack/ScopeOfWork.md,,,,projects/chirality-piping/execution/PKG-06_Rule Packs and User-Supplied Code Check Engine/1_Working/DEL-06-05_Invented non-code example rule pack/ScopeOfWork.md,NONE_FOUND,NONE,NOT_APPLICABLE,NOT_APPLICABLE,IN_PROGRESS,STALE_SETUP_SPECIFICATION,HIGH,REPRESENTATION_MIGRATED,LOCAL_DESIGN,NONE,RECORD,FG-DEL-06-05-03,CP-01,,NOT_APPLICABLE,Replace with a ScopeOfWork.md check.,NO,NOT_APPLICABLE,"Setup-era text: first present at 7bee9ae41 (git grep of the initial-migration tree), so STALE_SETUP_SPECIFICATION under F3.",00115c71931bcae79909602d653740d3bb72dfa1
DEL-06-05:SOW#CLM-020.r02,DEL-06-05,ITEM,ACCEPTANCE,DOCUMENTATION,Check: dependency CSV schema valid.,projects/chirality-piping/execution/PKG-06_Rule Packs and User-Supplied Code Check Engine/1_Working/DEL-06-05_Invented non-code example rule pack/ScopeOfWork.md,,,,projects/chirality-piping/execution/PKG-06_Rule Packs and User-Supplied Code Check Engine/1_Working/DEL-06-05_Invented non-code example rule pack/Dependencies.csv,projects/chirality-piping/execution/PKG-06_Rule Packs and User-Supplied Code Check Engine/1_Working/DEL-06-05_Invented non-code example rule pack/_run_records/TASK_RUN_2026-06-16_2359_dependency-semantic-refresh.md,STATIC_CHECK,NOT_APPLICABLE,NOT_APPLICABLE,IN_PROGRESS,ALIGNED,HIGH,,,,NONE,,,,NOT_APPLICABLE,NONE,NO,NOT_APPLICABLE,2026-06-16 record VALID on the unchanged file. Not rerun.,00115c71931bcae79909602d653740d3bb72dfa1
DEL-06-05:SOW#CLM-020.r03,DEL-06-05,ITEM,ACCEPTANCE,DOCUMENTATION,Check: dependency enums valid (validate_enum.py).,projects/chirality-piping/execution/PKG-06_Rule Packs and User-Supplied Code Check Engine/1_Working/DEL-06-05_Invented non-code example rule pack/ScopeOfWork.md,,,,projects/chirality-piping/execution/PKG-06_Rule Packs and User-Supplied Code Check Engine/1_Working/DEL-06-05_Invented non-code example rule pack/Dependencies.csv,projects/chirality-piping/execution/PKG-06_Rule Packs and User-Supplied Code Check Engine/1_Working/DEL-06-05_Invented non-code example rule pack/_run_records/TASK_RUN_2026-06-16_2359_dependency-semantic-refresh.md;tools/validation/validate_enum.py,STATIC_CHECK,NOT_APPLICABLE,NOT_APPLICABLE,IN_PROGRESS,ALIGNED,MEDIUM,,,,NONE,,,,NOT_APPLICABLE,NONE,NO,NOT_APPLICABLE,Record states the schema validator covers canonical field checks; VALID. Not rerun.,00115c71931bcae79909602d653740d3bb72dfa1
DEL-06-05:SOW#CLM-020.r04,DEL-06-05,ITEM,ACCEPTANCE,WORKFLOW,Check: no repo-level example edited (git status review).,projects/chirality-piping/execution/PKG-06_Rule Packs and User-Supplied Code Check Engine/1_Working/DEL-06-05_Invented non-code example rule pack/ScopeOfWork.md,,,,examples/rule_packs/invented_demo.yaml,NOT_APPLICABLE,NONE,NOT_APPLICABLE,NOT_APPLICABLE,IN_PROGRESS,STALE_SETUP_SPECIFICATION,HIGH,DOC_BEHIND_CODE,LOCAL_DESIGN,NONE,RECORD,FG-DEL-06-05-02,,,NOT_APPLICABLE,Retire the setup-only check.,NO,NOT_APPLICABLE,"DEL-06-05 committed the repo-level example and notice (73506b7, 2026-05-02) and the example was later upgraded (d3885f4ba, e200e47a3, f737985ab). Setup-era text: first present at 7bee9ae41 (git grep of the initial-migration tree), so STALE_SETUP_SPECIFICATION under F3.",00115c71931bcae79909602d653740d3bb72dfa1
DEL-06-05:SOW#CLM-020.r05,DEL-06-05,ITEM,ACCEPTANCE,SECURITY,"Check: no standards-derived tables, formulas, allowables or certification language in local artifacts.",projects/chirality-piping/execution/PKG-06_Rule Packs and User-Supplied Code Check Engine/1_Working/DEL-06-05_Invented non-code example rule pack/ScopeOfWork.md,projects/chirality-piping/docs/IP_AND_DATA_BOUNDARY.md,,,projects/chirality-piping/execution/PKG-06_Rule Packs and User-Supplied Code Check Engine/1_Working/DEL-06-05_Invented non-code example rule pack/ScopeOfWork.md;examples/rule_packs/invented_demo.yaml,tests/test_report_protected_content_linter.py;tests/test_claims_language_surface.py,STATIC_CHECK,NOT_APPLICABLE,NOT_APPLICABLE,IN_PROGRESS,ALIGNED,MEDIUM,,,,NONE,,,,NOT_APPLICABLE,NONE,NO,NOT_APPLICABLE,Boundary: IP and professional. Holds at the freeze.,00115c71931bcae79909602d653740d3bb72dfa1
DEL-06-05:SOW#CLM-020.r06,DEL-06-05,ITEM,ACCEPTANCE,DOCUMENTATION,Check: _run_records holds one record per required setup step.,projects/chirality-piping/execution/PKG-06_Rule Packs and User-Supplied Code Check Engine/1_Working/DEL-06-05_Invented non-code example rule pack/ScopeOfWork.md,,,,projects/chirality-piping/execution/PKG-06_Rule Packs and User-Supplied Code Check Engine/1_Working/DEL-06-05_Invented non-code example rule pack/_run_records,NOT_APPLICABLE,DOCUMENT_REVIEW,NOT_APPLICABLE,NOT_APPLICABLE,IN_PROGRESS,ALIGNED,HIGH,,,,NONE,,,,NOT_APPLICABLE,NONE,NO,NOT_APPLICABLE,"Records exist for four-documents P1/P2 and P3, semantic-matrix-build, lens-register, dependency-extract and validation (2026-04-30).",00115c71931bcae79909602d653740d3bb72dfa1
DEL-06-05:SOW#CLM-021,DEL-06-05,BLOCK,DECLARED_STATE,DOCUMENTATION,"Setup run leaves four production documents, semantic artifacts, dependency files, run records and status history.",projects/chirality-piping/execution/PKG-06_Rule Packs and User-Supplied Code Check Engine/1_Working/DEL-06-05_Invented non-code example rule pack/ScopeOfWork.md,,,,projects/chirality-piping/execution/PKG-06_Rule Packs and User-Supplied Code Check Engine/1_Working/DEL-06-05_Invented non-code example rule pack/_SEMANTIC.md;projects/chirality-piping/execution/PKG-06_Rule Packs and User-Supplied Code Check Engine/1_Working/DEL-06-05_Invented non-code example rule pack/Dependencies.csv,NOT_APPLICABLE,NONE,NOT_APPLICABLE,NOT_APPLICABLE,IN_PROGRESS,STALE_SETUP_SPECIFICATION,HIGH,REPRESENTATION_MIGRATED,LOCAL_DESIGN,NONE,RECORD,FG-DEL-06-05-03,CP-01,,NOT_APPLICABLE,Restate the records list without the retired production documents.,NO,NOT_APPLICABLE,"Names the four production documents as current records. Setup-era text: first present at 7bee9ae41 (git grep of the initial-migration tree), so STALE_SETUP_SPECIFICATION under F3.",00115c71931bcae79909602d653740d3bb72dfa1
DEL-06-05:SOW#production-and-verification-method-praxeology/VER-001,DEL-06-05,ITEM,ACCEPTANCE,VALIDATION,"Validate the contract and review parity, invented values and notices, provenance, protected-content exclusions, boundaries, ownership, example-path limits, residuals.",projects/chirality-piping/execution/PKG-06_Rule Packs and User-Supplied Code Check Engine/1_Working/DEL-06-05_Invented non-code example rule pack/ScopeOfWork.md,,,,projects/chirality-piping/execution/PKG-06_Rule Packs and User-Supplied Code Check Engine/1_Working/DEL-06-05_Invented non-code example rule pack/ScopeOfWork.md,execution/_Coordination/AgentRuns/SOW-STAGE2-EXEC-20260712-01/instances/CHANGE-P2/checks/DEL-06-05/parity.md;execution/_Coordination/AgentRuns/SOW-STAGE2-EXEC-20260712-01/instances/CHANGE-P2/checks/DEL-06-05/claim-map.csv,DOCUMENT_REVIEW,NOT_APPLICABLE,NOT_APPLICABLE,IN_PROGRESS,STALE_REVIEW_OR_EVIDENCE,HIGH,EVIDENCE_OVERTAKEN,LOCAL_DESIGN,NONE,RECORD,FG-DEL-06-05-06,CP-09,,NOT_APPLICABLE,Rerun SOW parity against the frozen ScopeOfWork.md.,NO,NOT_APPLICABLE,"EVIDENCE_MAP: PASS parity records exist (latest CHANGE-P2, 2026-07-14) but none matches the frozen SOW (AnyPassMatchesFrozen=NO); the SOW changed 2026-07-17 (D-48 Wave 2).",00115c71931bcae79909602d653740d3bb72dfa1
DEL-06-05:SOW#governing-values-and-decisions-axiology,DEL-06-05,BLOCK,NON_NORMATIVE,DOCUMENTATION,Section wrapper for the guidance blocks.,projects/chirality-piping/execution/PKG-06_Rule Packs and User-Supplied Code Check Engine/1_Working/DEL-06-05_Invented non-code example rule pack/ScopeOfWork.md,,,,NOT_APPLICABLE,NOT_APPLICABLE,NONE,NOT_APPLICABLE,NOT_APPLICABLE,IN_PROGRESS,NOT_ASSESSED,HIGH,,,,NONE,,,,NOT_APPLICABLE,NONE,NO,NOT_APPLICABLE,Pre-typed NON_NORMATIVE section wrapper.,00115c71931bcae79909602d653740d3bb72dfa1
DEL-06-05:SOW#CLM-022,DEL-06-05,BLOCK,NON_NORMATIVE,DOCUMENTATION,Guidance heading with a currentness marker comment.,projects/chirality-piping/execution/PKG-06_Rule Packs and User-Supplied Code Check Engine/1_Working/DEL-06-05_Invented non-code example rule pack/ScopeOfWork.md,,,,NOT_APPLICABLE,NOT_APPLICABLE,NONE,NOT_APPLICABLE,NOT_APPLICABLE,IN_PROGRESS,NOT_ASSESSED,HIGH,,,,NONE,,,,NOT_APPLICABLE,NONE,NO,NOT_APPLICABLE,Pre-typed NON_NORMATIVE heading block.,00115c71931bcae79909602d653740d3bb72dfa1
DEL-06-05:SOW#CLM-024,DEL-06-05,BLOCK,DECLARED_STATE,DOCUMENTATION,Purpose: prepare the local setup record for a future invented example before any public example content is placed in repo-level paths.,projects/chirality-piping/execution/PKG-06_Rule Packs and User-Supplied Code Check Engine/1_Working/DEL-06-05_Invented non-code example rule pack/ScopeOfWork.md,,,,examples/rule_packs/invented_demo.yaml;projects/chirality-piping/docs/_Examples/rule_pack_notice.md,NOT_APPLICABLE,NONE,NOT_APPLICABLE,NOT_APPLICABLE,IN_PROGRESS,STALE_SETUP_SPECIFICATION,HIGH,DOC_BEHIND_CODE,LOCAL_DESIGN,NONE,RECORD,FG-DEL-06-05-02,,,NOT_APPLICABLE,Restate the purpose around the committed example.,NO,NOT_APPLICABLE,"DEL-06-05 committed the repo-level example and notice (73506b7, 2026-05-02) and the example was later upgraded (d3885f4ba, e200e47a3, f737985ab). Setup-era text: first present at 7bee9ae41 (git grep of the initial-migration tree), so STALE_SETUP_SPECIFICATION under F3.",00115c71931bcae79909602d653740d3bb72dfa1
DEL-06-05:SOW#CLM-025,DEL-06-05,BLOCK,CONTAINER,GOVERNANCE,Principles table; substance carried by rows .r01-.r06.,projects/chirality-piping/execution/PKG-06_Rule Packs and User-Supplied Code Check Engine/1_Working/DEL-06-05_Invented non-code example rule pack/ScopeOfWork.md,,,,NOT_APPLICABLE,NOT_APPLICABLE,NONE,NOT_APPLICABLE,NOT_APPLICABLE,IN_PROGRESS,COVERED_BY_CHILDREN,HIGH,,,,NONE,,,,NOT_APPLICABLE,NONE,NO,NOT_APPLICABLE,Split because r06 diverges (C1 all-or-none).,00115c71931bcae79909602d653740d3bb72dfa1
DEL-06-05:SOW#CLM-025.r01,DEL-06-05,ITEM,REQUIREMENT,GOVERNANCE,Invented-only public content: original artificial non-engineering values; when in doubt use TBD and document the source.,projects/chirality-piping/execution/PKG-06_Rule Packs and User-Supplied Code Check Engine/1_Working/DEL-06-05_Invented non-code example rule pack/ScopeOfWork.md,projects/chirality-piping/docs/CONTRACT.md,,,examples/rule_packs/invented_demo.yaml,tests/test_rule_pack_schema.py;core/rules/rule_pack_document/tests/invented_demo_document.rs;GATE:GATE_EVIDENCE/B4_4_SWEEP_9D55/SUMMARY.json;GATE:GATE_EVIDENCE/B4_4_SWEEP_9D55/sweep.log.gz,UNIT,NOT_APPLICABLE,NOT_APPLICABLE,IN_PROGRESS,ALIGNED,HIGH,,,,NONE,,,,NOT_APPLICABLE,NONE,NO,NOT_APPLICABLE,The example uses invented values only.,00115c71931bcae79909602d653740d3bb72dfa1
DEL-06-05:SOW#CLM-025.r02,DEL-06-05,ITEM,REQUIREMENT,GOVERNANCE,"Code-neutral posture: demonstrate the mechanism without encoding a real code, owner specification or proprietary basis.",projects/chirality-piping/execution/PKG-06_Rule Packs and User-Supplied Code Check Engine/1_Working/DEL-06-05_Invented non-code example rule pack/ScopeOfWork.md,projects/chirality-piping/docs/CONTRACT.md,,,examples/rule_packs/invented_demo.yaml,tests/test_rule_pack_schema.py;core/rules/rule_pack_document/tests/invented_demo_document.rs;GATE:GATE_EVIDENCE/B4_4_SWEEP_9D55/SUMMARY.json;GATE:GATE_EVIDENCE/B4_4_SWEEP_9D55/sweep.log.gz,UNIT,NOT_APPLICABLE,NOT_APPLICABLE,IN_PROGRESS,ALIGNED,HIGH,,,,NONE,,,,NOT_APPLICABLE,NONE,NO,NOT_APPLICABLE,Holds for the example.,00115c71931bcae79909602d653740d3bb72dfa1
DEL-06-05:SOW#CLM-025.r03,DEL-06-05,ITEM,REQUIREMENT,GOVERNANCE,Professional boundary: a rule-pack check is software computation; acceptance and compliance determinations stay with the responsible engineer.,projects/chirality-piping/execution/PKG-06_Rule Packs and User-Supplied Code Check Engine/1_Working/DEL-06-05_Invented non-code example rule pack/ScopeOfWork.md,projects/chirality-piping/docs/CONTRACT.md,,,examples/rule_packs/invented_demo.yaml;projects/chirality-piping/docs/_Examples/rule_pack_notice.md,tests/test_rule_pack_schema.py;core/rules/rule_pack_document/tests/invented_demo_document.rs;GATE:GATE_EVIDENCE/B4_4_SWEEP_9D55/SUMMARY.json;GATE:GATE_EVIDENCE/B4_4_SWEEP_9D55/sweep.log.gz,UNIT,NOT_APPLICABLE,NOT_APPLICABLE,IN_PROGRESS,ALIGNED,HIGH,,,,NONE,,,,NOT_APPLICABLE,NONE,NO,NOT_APPLICABLE,Boundary: professional. Example and notice state it.,00115c71931bcae79909602d653740d3bb72dfa1
DEL-06-05:SOW#CLM-025.r04,DEL-06-05,ITEM,REQUIREMENT,GOVERNANCE,"Provenance first: every value class in a future example states its origin (invented, private, licensed or unknown).",projects/chirality-piping/execution/PKG-06_Rule Packs and User-Supplied Code Check Engine/1_Working/DEL-06-05_Invented non-code example rule pack/ScopeOfWork.md,projects/chirality-piping/docs/CONTRACT.md,,,examples/rule_packs/invented_demo.yaml,tests/test_rule_pack_schema.py;core/rules/rule_pack_document/tests/invented_demo_document.rs;GATE:GATE_EVIDENCE/B4_4_SWEEP_9D55/SUMMARY.json;GATE:GATE_EVIDENCE/B4_4_SWEEP_9D55/sweep.log.gz,UNIT,NOT_APPLICABLE,NOT_APPLICABLE,IN_PROGRESS,ALIGNED,HIGH,,,,NONE,,,,NOT_APPLICABLE,NONE,NO,NOT_APPLICABLE,Every provenance block in the example names invented_public_example.,00115c71931bcae79909602d653740d3bb72dfa1
DEL-06-05:SOW#CLM-025.r05,DEL-06-05,ITEM,REQUIREMENT,GOVERNANCE,"No silent defaults: missing solve- or rule-check-required information is a finding, not a plausible placeholder.",projects/chirality-piping/execution/PKG-06_Rule Packs and User-Supplied Code Check Engine/1_Working/DEL-06-05_Invented non-code example rule pack/ScopeOfWork.md,projects/chirality-piping/docs/CONTRACT.md,,,examples/rule_packs/invented_demo.yaml;core/rules/completeness_checker/src/lib.rs,tests/test_rule_pack_schema.py;core/rules/rule_pack_document/tests/invented_demo_document.rs;GATE:GATE_EVIDENCE/B4_4_SWEEP_9D55/SUMMARY.json;GATE:GATE_EVIDENCE/B4_4_SWEEP_9D55/sweep.log.gz,UNIT,NOT_APPLICABLE,NOT_APPLICABLE,IN_PROGRESS,ALIGNED,HIGH,,,,NONE,,,,NOT_APPLICABLE,NONE,NO,NOT_APPLICABLE,"Required inputs declare RULE_INPUT_MISSING diagnostics; completeness checker blocks. GAP_WORDING_CHECKED: the matched word is a field or diagnostic-code name in the example, not an unmet element of this claim.",00115c71931bcae79909602d653740d3bb72dfa1
DEL-06-05:SOW#CLM-025.r06,DEL-06-05,ITEM,DECLARED_STATE,WORKFLOW,Local setup only: this run documents the concept inside the folder and does not write the repo-level example file.,projects/chirality-piping/execution/PKG-06_Rule Packs and User-Supplied Code Check Engine/1_Working/DEL-06-05_Invented non-code example rule pack/ScopeOfWork.md,,,,examples/rule_packs/invented_demo.yaml,NOT_APPLICABLE,NONE,NOT_APPLICABLE,NOT_APPLICABLE,IN_PROGRESS,STALE_SETUP_SPECIFICATION,HIGH,DOC_BEHIND_CODE,LOCAL_DESIGN,NONE,RECORD,FG-DEL-06-05-02,,,NOT_APPLICABLE,Retire the local-setup-only principle.,NO,NOT_APPLICABLE,"DEL-06-05 committed the repo-level example and notice (73506b7, 2026-05-02) and the example was later upgraded (d3885f4ba, e200e47a3, f737985ab). Setup-era text: first present at 7bee9ae41 (git grep of the initial-migration tree), so STALE_SETUP_SPECIFICATION under F3.",00115c71931bcae79909602d653740d3bb72dfa1
DEL-06-05:SOW#CLM-026,DEL-06-05,BLOCK,CONTEXT,GOVERNANCE,"Considerations: example near a sensitive boundary; keep grammar, evaluator and checksum TBD until authorized; invented labels; strong notices; no standards clauses.",projects/chirality-piping/execution/PKG-06_Rule Packs and User-Supplied Code Check Engine/1_Working/DEL-06-05_Invented non-code example rule pack/ScopeOfWork.md,projects/chirality-piping/docs/IP_AND_DATA_BOUNDARY.md;projects/chirality-piping/execution/_Decomposition/SOFTWARE_DECOMP.md,,,examples/rule_packs/invented_demo.yaml;projects/chirality-piping/docs/_Examples/rule_pack_notice.md,tests/test_rule_pack_schema.py;core/rules/rule_pack_document/tests/invented_demo_document.rs;GATE:GATE_EVIDENCE/B4_4_SWEEP_9D55/SUMMARY.json;GATE:GATE_EVIDENCE/B4_4_SWEEP_9D55/sweep.log.gz,UNIT,NOT_APPLICABLE,NOT_APPLICABLE,IN_PROGRESS,ALIGNED,MEDIUM,,,,NONE,,,,NOT_APPLICABLE,NONE,NO,NOT_APPLICABLE,The guidance was followed: grammar and checksum entered the example only after DEC-022 and the DEL-06-04 seam; labels are demo terms; notices are explicit.,00115c71931bcae79909602d653740d3bb72dfa1
DEL-06-05:SOW#CLM-027,DEL-06-05,BLOCK,CONTEXT,GOVERNANCE,Trade-offs: artificial values over realism; schema details TBD until DEL-06-01; public examples invented; pass/fail display with human-review notice.,projects/chirality-piping/execution/PKG-06_Rule Packs and User-Supplied Code Check Engine/1_Working/DEL-06-05_Invented non-code example rule pack/ScopeOfWork.md,,,,examples/rule_packs/invented_demo.yaml;schemas/rule_pack.schema.yaml,tests/test_rule_pack_schema.py;core/rules/rule_pack_document/tests/invented_demo_document.rs;GATE:GATE_EVIDENCE/B4_4_SWEEP_9D55/SUMMARY.json;GATE:GATE_EVIDENCE/B4_4_SWEEP_9D55/sweep.log.gz,UNIT,NOT_APPLICABLE,NOT_APPLICABLE,IN_PROGRESS,ALIGNED,HIGH,,,,NONE,,,,NOT_APPLICABLE,NONE,NO,NOT_APPLICABLE,Assessed as one block; each preference holds and DEL-06-01 has since fixed the schema.,00115c71931bcae79909602d653740d3bb72dfa1
DEL-06-05:SOW#CLM-028,DEL-06-05,BLOCK,CONTEXT,DOCUMENTATION,"Examples: permitted notice sentence and a placeholder YAML (source notice, redistribution, checksum TBD); illustration, not a production pack.",projects/chirality-piping/execution/PKG-06_Rule Packs and User-Supplied Code Check Engine/1_Working/DEL-06-05_Invented non-code example rule pack/ScopeOfWork.md,,,,projects/chirality-piping/execution/PKG-06_Rule Packs and User-Supplied Code Check Engine/1_Working/DEL-06-05_Invented non-code example rule pack/ScopeOfWork.md;projects/chirality-piping/docs/_Examples/rule_pack_notice.md,NOT_APPLICABLE,NONE,NOT_APPLICABLE,NOT_APPLICABLE,IN_PROGRESS,ALIGNED,HIGH,,,,NONE,,,,NOT_APPLICABLE,NONE,NO,NOT_APPLICABLE,Illustrative only and labelled so; carries no protected or real values.,00115c71931bcae79909602d653740d3bb72dfa1
DEL-06-05:SOW#CLM-029,DEL-06-05,BLOCK,DECLARED_STATE,GOVERNANCE,Conflict table: none; no unresolved source conflict identified during setup drafting.,projects/chirality-piping/execution/PKG-06_Rule Packs and User-Supplied Code Check Engine/1_Working/DEL-06-05_Invented non-code example rule pack/ScopeOfWork.md,,,,projects/chirality-piping/execution/PKG-06_Rule Packs and User-Supplied Code Check Engine/1_Working/DEL-06-05_Invented non-code example rule pack/ScopeOfWork.md,NOT_APPLICABLE,NONE,NOT_APPLICABLE,NOT_APPLICABLE,IN_PROGRESS,ALIGNED,MEDIUM,,,,NONE,,,,NOT_APPLICABLE,NONE,NO,NOT_APPLICABLE,Assessed as one block (single .r01 row). No source conflict for this deliverable found at the freeze.,00115c71931bcae79909602d653740d3bb72dfa1
DEL-06-05:SOW#output-and-evaluation-matrix,DEL-06-05,BLOCK,CONTAINER,GOVERNANCE,Output matrix; substance carried by OUT-001.,projects/chirality-piping/execution/PKG-06_Rule Packs and User-Supplied Code Check Engine/1_Working/DEL-06-05_Invented non-code example rule pack/ScopeOfWork.md,,,,NOT_APPLICABLE,NOT_APPLICABLE,NONE,NOT_APPLICABLE,NOT_APPLICABLE,IN_PROGRESS,COVERED_BY_CHILDREN,HIGH,,,,NONE,,,,NOT_APPLICABLE,NONE,NO,NOT_APPLICABLE,Single-row matrix carried by its child.,00115c71931bcae79909602d653740d3bb72dfa1
DEL-06-05:SOW#output-and-evaluation-matrix/OUT-001,DEL-06-05,ITEM,ACCEPTANCE,VALIDATION,"OUT-001 traces to CLM-008, AC-001, VER-001; evidence expectation claim map, parity report and verification evidence.",projects/chirality-piping/execution/PKG-06_Rule Packs and User-Supplied Code Check Engine/1_Working/DEL-06-05_Invented non-code example rule pack/ScopeOfWork.md,,,,projects/chirality-piping/execution/PKG-06_Rule Packs and User-Supplied Code Check Engine/1_Working/DEL-06-05_Invented non-code example rule pack/ScopeOfWork.md,execution/_Coordination/AgentRuns/SOW-STAGE2-EXEC-20260712-01/instances/CHANGE-P2/checks/DEL-06-05/parity.md;execution/_Coordination/AgentRuns/SOW-STAGE2-EXEC-20260712-01/instances/CHANGE-P2/checks/DEL-06-05/claim-map.csv,DOCUMENT_REVIEW,NOT_APPLICABLE,NOT_APPLICABLE,IN_PROGRESS,STALE_REVIEW_OR_EVIDENCE,HIGH,EVIDENCE_OVERTAKEN,LOCAL_DESIGN,NONE,RECORD,FG-DEL-06-05-06,CP-09,,NOT_APPLICABLE,Rerun SOW parity against the frozen ScopeOfWork.md.,NO,NOT_APPLICABLE,"PASS parity exists for production hash 3b05da1f..., not the frozen SOW 8a7d0db1...",00115c71931bcae79909602d653740d3bb72dfa1
DEL-06-05:STATUS,DEL-06-05,SURFACE,DECLARED_STATE,GOVERNANCE,Status surface: Current State IN_PROGRESS; Last Updated 2026-07-12; Remaining empty.,projects/chirality-piping/execution/PKG-06_Rule Packs and User-Supplied Code Check Engine/1_Working/DEL-06-05_Invented non-code example rule pack/_STATUS.md,,IN_PROGRESS; Last Updated 2026-07-12,,projects/chirality-piping/execution/PKG-06_Rule Packs and User-Supplied Code Check Engine/1_Working/DEL-06-05_Invented non-code example rule pack/_STATUS.md,NOT_APPLICABLE,NONE,NOT_APPLICABLE,NOT_APPLICABLE,IN_PROGRESS,STALE_REVIEW_OR_EVIDENCE,HIGH,RECORD_DRIFT,LOCAL_DESIGN,NONE,RECORD,,CP-05,,NOT_APPLICABLE,Advance Last Updated to the latest history entry (2026-07-16).,NO,NOT_APPLICABLE,Last Updated 2026-07-12 is older than the 2026-07-16 history entry; Current State IN_PROGRESS is accurate.,00115c71931bcae79909602d653740d3bb72dfa1
DEL-06-05:STATUS#remaining,DEL-06-05,BLOCK,NON_NORMATIVE,GOVERNANCE,Remaining section heading with no items.,projects/chirality-piping/execution/PKG-06_Rule Packs and User-Supplied Code Check Engine/1_Working/DEL-06-05_Invented non-code example rule pack/_STATUS.md,,,,NOT_APPLICABLE,NOT_APPLICABLE,NONE,NOT_APPLICABLE,NOT_APPLICABLE,IN_PROGRESS,NOT_ASSESSED,HIGH,,,,NONE,,,,NOT_APPLICABLE,NONE,NO,NOT_APPLICABLE,Pre-typed NON_NORMATIVE (empty section).,00115c71931bcae79909602d653740d3bb72dfa1
DEL-06-05:STATUS#history,DEL-06-05,BLOCK,HISTORY,GOVERNANCE,"Dated lifecycle history 2026-04-30 to 2026-07-16 (setup, CHECKING, corrections, D-41 refresh, DEC-081).",projects/chirality-piping/execution/PKG-06_Rule Packs and User-Supplied Code Check Engine/1_Working/DEL-06-05_Invented non-code example rule pack/_STATUS.md,,,,projects/chirality-piping/execution/PKG-06_Rule Packs and User-Supplied Code Check Engine/1_Working/DEL-06-05_Invented non-code example rule pack/_STATUS.md,NOT_APPLICABLE,NONE,NOT_APPLICABLE,NOT_APPLICABLE,IN_PROGRESS,ALIGNED,HIGH,,,,NONE,,,,projects/chirality-piping/execution/_Reconciliation/LifecycleCorrection/LIFECYCLE_CORRECTION_2026-07-02_2050/Decision_Log.md,NONE,NO,NOT_APPLICABLE,History rule (C1): entries accurately record past events.,00115c71931bcae79909602d653740d3bb72dfa1
DEL-06-05:CONTEXT,DEL-06-05,SURFACE,DECLARED_STATE,GOVERNANCE,"Context surface: identification, description, artifacts, scope/objective refs, envelope, references, architecture basis.",projects/chirality-piping/execution/PKG-06_Rule Packs and User-Supplied Code Check Engine/1_Working/DEL-06-05_Invented non-code example rule pack/_CONTEXT.md,,,,projects/chirality-piping/execution/PKG-06_Rule Packs and User-Supplied Code Check Engine/1_Working/DEL-06-05_Invented non-code example rule pack/_CONTEXT.md,NOT_APPLICABLE,NONE,NOT_APPLICABLE,NOT_APPLICABLE,IN_PROGRESS,ALIGNED,HIGH,,,,NONE,,,,NOT_APPLICABLE,NONE,NO,NOT_APPLICABLE,Identification matches the registers; no defect is common to every block (pins are on their CS rows).,00115c71931bcae79909602d653740d3bb72dfa1
DEL-06-05:CONTEXT#description,DEL-06-05,BLOCK,REQUIREMENT,DOCUMENTATION,Create a demonstration rule pack using invented values and explicit non-engineering notices.,projects/chirality-piping/execution/PKG-06_Rule Packs and User-Supplied Code Check Engine/1_Working/DEL-06-05_Invented non-code example rule pack/_CONTEXT.md,projects/chirality-piping/docs/_Registers/Deliverables.csv,,,examples/rule_packs/invented_demo.yaml;projects/chirality-piping/docs/_Examples/rule_pack_notice.md,tests/test_rule_pack_schema.py;core/rules/rule_pack_document/tests/invented_demo_document.rs;GATE:GATE_EVIDENCE/B4_4_SWEEP_9D55/SUMMARY.json;GATE:GATE_EVIDENCE/B4_4_SWEEP_9D55/sweep.log.gz,UNIT,NOT_APPLICABLE,NOT_APPLICABLE,IN_PROGRESS,ALIGNED,HIGH,,,,NONE,,,,NOT_APPLICABLE,NONE,NO,NOT_APPLICABLE,The invented demo pack and notice exist and validate.,00115c71931bcae79909602d653740d3bb72dfa1
DEL-06-05:CONTEXT#anticipated-artifacts,DEL-06-05,BLOCK,DECLARED_STATE,DOCUMENTATION,Anticipated artifacts: examples/rule_packs/invented_demo.yaml; docs example notice.,projects/chirality-piping/execution/PKG-06_Rule Packs and User-Supplied Code Check Engine/1_Working/DEL-06-05_Invented non-code example rule pack/_CONTEXT.md,,,,examples/rule_packs/invented_demo.yaml;projects/chirality-piping/docs/_Examples/rule_pack_notice.md,tests/test_rule_pack_schema.py;core/rules/rule_pack_document/tests/invented_demo_document.rs;GATE:GATE_EVIDENCE/B4_4_SWEEP_9D55/SUMMARY.json;GATE:GATE_EVIDENCE/B4_4_SWEEP_9D55/sweep.log.gz,UNIT,NOT_APPLICABLE,NOT_APPLICABLE,IN_PROGRESS,ALIGNED,HIGH,,,,NONE,,,,NOT_APPLICABLE,NONE,NO,NOT_APPLICABLE,Both artifacts exist.,00115c71931bcae79909602d653740d3bb72dfa1
DEL-06-05:CONTEXT#scope-coverage,DEL-06-05,BLOCK,DECLARED_STATE,GOVERNANCE,Scope coverage SOW-016.,projects/chirality-piping/execution/PKG-06_Rule Packs and User-Supplied Code Check Engine/1_Working/DEL-06-05_Invented non-code example rule pack/_CONTEXT.md,,,,projects/chirality-piping/docs/_Registers/Deliverables.csv,NOT_APPLICABLE,NONE,NOT_APPLICABLE,NOT_APPLICABLE,IN_PROGRESS,ALIGNED,HIGH,,,,NONE,,CS-06,,NOT_APPLICABLE,NONE,NO,NOT_APPLICABLE,CS-06-OK.,00115c71931bcae79909602d653740d3bb72dfa1
DEL-06-05:CONTEXT#objective-support,DEL-06-05,BLOCK,DECLARED_STATE,GOVERNANCE,"Objective support OBJ-005, OBJ-011.",projects/chirality-piping/execution/PKG-06_Rule Packs and User-Supplied Code Check Engine/1_Working/DEL-06-05_Invented non-code example rule pack/_CONTEXT.md,,,,projects/chirality-piping/docs/_Registers/Deliverables.csv,NOT_APPLICABLE,NONE,NOT_APPLICABLE,NOT_APPLICABLE,IN_PROGRESS,ALIGNED,HIGH,,,,NONE,,CS-06,,NOT_APPLICABLE,NONE,NO,NOT_APPLICABLE,CS-06-OK.,00115c71931bcae79909602d653740d3bb72dfa1
DEL-06-05:CONTEXT#context-envelope,DEL-06-05,BLOCK,DECLARED_STATE,SECURITY,Envelope S; example only; no proprietary content.,projects/chirality-piping/execution/PKG-06_Rule Packs and User-Supplied Code Check Engine/1_Working/DEL-06-05_Invented non-code example rule pack/_CONTEXT.md,projects/chirality-piping/execution/_Decomposition/SOFTWARE_DECOMP.md,,,examples/rule_packs/invented_demo.yaml,NOT_APPLICABLE,NONE,NOT_APPLICABLE,NOT_APPLICABLE,IN_PROGRESS,ALIGNED,HIGH,,,,NONE,,,,NOT_APPLICABLE,NONE,NO,NOT_APPLICABLE,Matches decomposition; the example holds invented content only.,00115c71931bcae79909602d653740d3bb72dfa1
DEL-06-05:CONTEXT#context-budget-qa,DEL-06-05,BLOCK,NON_NORMATIVE,GOVERNANCE,Setup context-budget metadata.,projects/chirality-piping/execution/PKG-06_Rule Packs and User-Supplied Code Check Engine/1_Working/DEL-06-05_Invented non-code example rule pack/_CONTEXT.md,,,,NOT_APPLICABLE,NOT_APPLICABLE,NONE,NOT_APPLICABLE,NOT_APPLICABLE,IN_PROGRESS,NOT_ASSESSED,HIGH,,,,NONE,,CS-07,,NOT_APPLICABLE,NONE,NO,NOT_APPLICABLE,CS-07.,00115c71931bcae79909602d653740d3bb72dfa1
DEL-06-05:CONTEXT#package-reference,DEL-06-05,BLOCK,DECLARED_STATE,GOVERNANCE,"Package PKG-06 name, scope, assigned items and exclusions.",projects/chirality-piping/execution/PKG-06_Rule Packs and User-Supplied Code Check Engine/1_Working/DEL-06-05_Invented non-code example rule pack/_CONTEXT.md,,,,projects/chirality-piping/execution/_Decomposition/SOFTWARE_DECOMP.md,NOT_APPLICABLE,NONE,NOT_APPLICABLE,NOT_APPLICABLE,IN_PROGRESS,ALIGNED,HIGH,,,,NONE,,CS-06,,NOT_APPLICABLE,NONE,NO,NOT_APPLICABLE,CS-06-OK.,00115c71931bcae79909602d653740d3bb72dfa1
DEL-06-05:CONTEXT#decomposition-reference,DEL-06-05,BLOCK,DECLARED_STATE,GOVERNANCE,"Decomposition reference pins Accepted Revision 0.7, current_basis.",projects/chirality-piping/execution/PKG-06_Rule Packs and User-Supplied Code Check Engine/1_Working/DEL-06-05_Invented non-code example rule pack/_CONTEXT.md,projects/chirality-piping/execution/_Decomposition/SOFTWARE_DECOMP.md,,,projects/chirality-piping/execution/_Decomposition/SOFTWARE_DECOMP.md,NOT_APPLICABLE,NONE,NOT_APPLICABLE,NOT_APPLICABLE,IN_PROGRESS,STALE_REVIEW_OR_EVIDENCE,HIGH,BASIS_POINTER_STALE,LOCAL_DESIGN,NONE,RECORD,,CS-01,,NOT_APPLICABLE,Repin to revision 0.12.,NO,NOT_APPLICABLE,CS-01.,00115c71931bcae79909602d653740d3bb72dfa1
DEL-06-05:CONTEXT#register-references,DEL-06-05,BLOCK,DECLARED_STATE,GOVERNANCE,"Register references: Deliverables.csv row, ScopeLedger SOW-016, ContextBudgetQA row.",projects/chirality-piping/execution/PKG-06_Rule Packs and User-Supplied Code Check Engine/1_Working/DEL-06-05_Invented non-code example rule pack/_CONTEXT.md,,,,projects/chirality-piping/docs/_Registers/Deliverables.csv;projects/chirality-piping/docs/_Registers/ScopeLedger.csv;projects/chirality-piping/docs/_Registers/ContextBudgetQA.csv,NOT_APPLICABLE,NONE,NOT_APPLICABLE,NOT_APPLICABLE,IN_PROGRESS,ALIGNED,HIGH,,,,NONE,,,,NOT_APPLICABLE,NONE,NO,NOT_APPLICABLE,All three registers carry the referenced rows.,00115c71931bcae79909602d653740d3bb72dfa1
DEL-06-05:CONTEXT#architecture-basis-injection,DEL-06-05,BLOCK,DECLARED_STATE,GOVERNANCE,Architecture basis injection pins decomposition revision 0.7.,projects/chirality-piping/execution/PKG-06_Rule Packs and User-Supplied Code Check Engine/1_Working/DEL-06-05_Invented non-code example rule pack/_CONTEXT.md,projects/chirality-piping/execution/_Decomposition/SOFTWARE_DECOMP.md,,,projects/chirality-piping/execution/_Decomposition/SOFTWARE_DECOMP.md,NOT_APPLICABLE,NONE,NOT_APPLICABLE,NOT_APPLICABLE,IN_PROGRESS,STALE_REVIEW_OR_EVIDENCE,HIGH,BASIS_POINTER_STALE,LOCAL_DESIGN,NONE,RECORD,,CS-04,,NOT_APPLICABLE,Repin to revision 0.12.,NO,NOT_APPLICABLE,CS-04 covers the pin only; the SEMANTIC_READY statement and the Still TBD list are .s01 and .s02.,00115c71931bcae79909602d653740d3bb72dfa1
DEL-06-05:CONTEXT#architecture-basis-injection.s01,DEL-06-05,SUBCLAIM,DECLARED_STATE,GOVERNANCE,PKG-00 at SEMANTIC_READY supplies dispatchable architecture-basis constraints for this sealed context.,projects/chirality-piping/execution/PKG-06_Rule Packs and User-Supplied Code Check Engine/1_Working/DEL-06-05_Invented non-code example rule pack/_CONTEXT.md,projects/chirality-piping/execution/_Decomposition/SOFTWARE_DECOMP.md,,,NOT_APPLICABLE,NOT_APPLICABLE,NONE,NOT_APPLICABLE,NOT_APPLICABLE,IN_PROGRESS,STALE_REVIEW_OR_EVIDENCE,HIGH,SCOPE_REDIRECTED_BY_RULING,LOCAL_DESIGN,NONE,RECORD,,,,NOT_APPLICABLE,Drop the PKG-00 readiness framing at the next context refresh.,NO,NOT_APPLICABLE,"PKG-00 deliverables are IN_PROGRESS at the freeze and D-43 removed the PKG-00 readiness gate. Readiness state treated as a review state (W1 AGENT reading, cluster SR-1).",00115c71931bcae79909602d653740d3bb72dfa1
DEL-06-05:CONTEXT#architecture-basis-injection.s02,DEL-06-05,SUBCLAIM,DECLARED_STATE,GOVERNANCE,Still TBD includes rule expression grammar/library and physical project package/container.,projects/chirality-piping/execution/PKG-06_Rule Packs and User-Supplied Code Check Engine/1_Working/DEL-06-05_Invented non-code example rule pack/_CONTEXT.md,projects/chirality-piping/execution/_Decomposition/SOFTWARE_DECOMP.md,,,core/rules/expression_evaluator/src/lib.rs;examples/rule_packs/invented_demo.yaml,NOT_APPLICABLE,NONE,NOT_APPLICABLE,NOT_APPLICABLE,IN_PROGRESS,STALE_SETUP_SPECIFICATION,HIGH,SCOPE_REDIRECTED_BY_RULING,LOCAL_DESIGN,NONE,RECORD,,,,NOT_APPLICABLE,Remove the ruled items from the Still TBD list at the next context refresh.,NO,NOT_APPLICABLE,"DEC-022 froze the rule expression grammar; DEC-017 and DEC-028 settled the physical container (DEC-012 records the supersession). Setup-era text: first present at 7bee9ae41 (git grep of the initial-migration tree), so STALE_SETUP_SPECIFICATION under F3.",00115c71931bcae79909602d653740d3bb72dfa1
DEL-06-05:CONTEXT#preparation-notes,DEL-06-05,BLOCK,HISTORY,GOVERNANCE,PREPARATION: structural scaffold only.,projects/chirality-piping/execution/PKG-06_Rule Packs and User-Supplied Code Check Engine/1_Working/DEL-06-05_Invented non-code example rule pack/_CONTEXT.md,,,,projects/chirality-piping/execution/PKG-06_Rule Packs and User-Supplied Code Check Engine/1_Working/DEL-06-05_Invented non-code example rule pack/_CONTEXT.md,NOT_APPLICABLE,NONE,NOT_APPLICABLE,NOT_APPLICABLE,IN_PROGRESS,ALIGNED,HIGH,,,,NONE,,CS-02,,NOT_APPLICABLE,NONE,NO,NOT_APPLICABLE,CS-02 history.,00115c71931bcae79909602d653740d3bb72dfa1
DEL-06-05:MEMORY,DEL-06-05,SURFACE,HISTORY,DOCUMENTATION,"Deliverable memory: implementation summary, verification, reconciliation and addenda; undated Open Items list checksum generation, storage, GUI and API as TBD.",projects/chirality-piping/execution/PKG-06_Rule Packs and User-Supplied Code Check Engine/1_Working/DEL-06-05_Invented non-code example rule pack/MEMORY.md,,,,examples/rule_packs/invented_demo.yaml;core/rules/rule_pack_document/src/lib.rs;apps/desktop/src-tauri/src/lib.rs;apps/desktop/src/features/rule-packs/RulePackManagerPanel.tsx;core/rules/completeness_checker/src/lib.rs,core/rules/rule_pack_document/tests/invented_demo_document.rs;GATE:GATE_EVIDENCE/B4_4_SWEEP_9D55/SUMMARY.json,UNIT,NOT_APPLICABLE,NOT_APPLICABLE,IN_PROGRESS,STALE_SETUP_SPECIFICATION,HIGH,DOC_BEHIND_CODE,LOCAL_DESIGN,NONE,RECORD,,,,NOT_APPLICABLE,"Update the undated Open Items list: checksum generation, local storage, GUI presentation, API transport and completeness checking now exist.",NO,NOT_APPLICABLE,"Dated entries are accurate history (its 2026-06-12 entry names the grammar marker of that time, which is history, not residue). The undated Open Items block still reads as current: the example now carries a verified JCS checksum and the desktop app provides local storage, rule-pack GUI, Tauri commands and completeness checking. The block was first present at 7bee9ae41, hence STALE_SETUP_SPECIFICATION under F3.",00115c71931bcae79909602d653740d3bb72dfa1
#END,,,,,,,,,,,,,,,,,,,,,,,,,,,,,124,
