OpenPipeStress 4-surface partial evidence sweep (execute) — DEC-025 + DEC-093
repo: <wt>/sweep-skewpin/projects/chirality-piping

surfaces (sequential, F-4-safe order): 4
1. cargo_crate_sweep
   execution capability: sandboxed
   Rust crate tests across all discovered crate manifests.
   command: <VENV>/bin/python tools/release/check_release_readiness.py --profile cargo --execute
2. python_pytest
   execution capability: sandboxed
   Repository Python contract, governance, and validation tests.
   command: <VENV>/bin/python -m pytest -q tests
3. desktop_vitest
   execution capability: sandboxed
   Desktop unit/contract tests; wasm engine built first.
   command: npm run build:wasm:desktop
   command: npm run test:desktop
4. desktop_production_build
   execution capability: sandboxed
   Desktop production build (tsc -b && vite build).
   command: npm run build:desktop
surface selection: only sandboxed (partial DEC-025 sweep)
[evidence-sweep] prerequisite preflight: PASS (local/offline)
[evidence-sweep] cargo_crate_sweep: <VENV>/bin/python tools/release/check_release_readiness.py --profile cargo --execute
OpenPipeStress release readiness profile (execute)
repo: <wt>/sweep-skewpin/projects/chirality-piping

discovered cargo manifests: 40
  - core/gui/viewport_editor/Cargo.toml
  - core/library_import/library_import_document/Cargo.toml
  - core/loads/load_case_algebra/Cargo.toml
  - core/loads/primitive_loads/Cargo.toml
  - core/loads/self_weight_wasm/Cargo.toml
  - core/loads/stress_recovery/Cargo.toml
  - core/loads/user_loads/Cargo.toml
  - core/model_operations/operation_applier/Cargo.toml
  - core/product_physics/Cargo.toml
  - core/reporting/audit_manifest/Cargo.toml
  - core/reporting/pdf_emitter/Cargo.toml
  - core/reporting/protected_content_linter/Cargo.toml
  - core/reporting/report_generator/Cargo.toml
  - core/reporting/report_package/Cargo.toml
  - core/reporting/report_renderer/Cargo.toml
  - core/reporting/report_sections/Cargo.toml
  - core/reporting/result_export/Cargo.toml
  - core/rules/completeness_checker/Cargo.toml
  - core/rules/expression_evaluator/Cargo.toml
  - core/rules/rule_check_runner/Cargo.toml
  - core/rules/rule_pack_document/Cargo.toml
  - core/rules/rule_pack_lifecycle/Cargo.toml
  - core/runner/headless/Cargo.toml
  - core/serialization/canonical_json/Cargo.toml
  - core/solver/curved_bend/Cargo.toml
  - core/solver/diagnostics/Cargo.toml
  - core/solver/frame_kernel/Cargo.toml
  - core/solver/linear_supports/Cargo.toml
  - core/solver/nonlinear_integration/Cargo.toml
  - core/solver/nonlinear_supports/Cargo.toml
  - core/solver/performance_harness/Cargo.toml
  - core/solver/sparse_direct/Cargo.toml
  - core/solver/straight_pipe/Cargo.toml
  - core/units/Cargo.toml
  - validation/benchmarks/mechanics/Cargo.toml
  - validation/benchmarks/nonlinear/Cargo.toml
  - validation/benchmarks/numerical_integrity/Cargo.toml
  - validation/benchmarks/numerical_robustness/Cargo.toml
  - validation/benchmarks/physics_audit_regression/Cargo.toml
  - validation/benchmarks/stress/Cargo.toml

planned checks: 40
1. cargo test core/gui/viewport_editor
   Run crate-local Rust tests without assuming a root workspace.
   command: cargo test --offline --manifest-path core/gui/viewport_editor/Cargo.toml
2. cargo test core/library_import/library_import_document
   Run crate-local Rust tests without assuming a root workspace.
   command: cargo test --offline --manifest-path core/library_import/library_import_document/Cargo.toml
3. cargo test core/loads/load_case_algebra
   Run crate-local Rust tests without assuming a root workspace.
   command: cargo test --offline --manifest-path core/loads/load_case_algebra/Cargo.toml
4. cargo test core/loads/primitive_loads
   Run crate-local Rust tests without assuming a root workspace.
   command: cargo test --offline --manifest-path core/loads/primitive_loads/Cargo.toml
5. cargo test core/loads/self_weight_wasm
   Run crate-local Rust tests without assuming a root workspace.
   command: cargo test --offline --manifest-path core/loads/self_weight_wasm/Cargo.toml
6. cargo test core/loads/stress_recovery
   Run crate-local Rust tests without assuming a root workspace.
   command: cargo test --offline --manifest-path core/loads/stress_recovery/Cargo.toml
7. cargo test core/loads/user_loads
   Run crate-local Rust tests without assuming a root workspace.
   command: cargo test --offline --manifest-path core/loads/user_loads/Cargo.toml
8. cargo test core/model_operations/operation_applier
   Run crate-local Rust tests without assuming a root workspace.
   command: cargo test --offline --manifest-path core/model_operations/operation_applier/Cargo.toml
9. cargo test core/product_physics
   Run crate-local Rust tests without assuming a root workspace.
   command: cargo test --offline --manifest-path core/product_physics/Cargo.toml
10. cargo test core/reporting/audit_manifest
   Run crate-local Rust tests without assuming a root workspace.
   command: cargo test --offline --manifest-path core/reporting/audit_manifest/Cargo.toml
11. cargo test core/reporting/pdf_emitter
   Run crate-local Rust tests without assuming a root workspace.
   command: cargo test --offline --manifest-path core/reporting/pdf_emitter/Cargo.toml
12. cargo test core/reporting/protected_content_linter
   Run crate-local Rust tests without assuming a root workspace.
   command: cargo test --offline --manifest-path core/reporting/protected_content_linter/Cargo.toml
13. cargo test core/reporting/report_generator
   Run crate-local Rust tests without assuming a root workspace.
   command: cargo test --offline --manifest-path core/reporting/report_generator/Cargo.toml
14. cargo test core/reporting/report_package
   Run crate-local Rust tests without assuming a root workspace.
   command: cargo test --offline --manifest-path core/reporting/report_package/Cargo.toml
15. cargo test core/reporting/report_renderer
   Run crate-local Rust tests without assuming a root workspace.
   command: cargo test --offline --manifest-path core/reporting/report_renderer/Cargo.toml
16. cargo test core/reporting/report_sections
   Run crate-local Rust tests without assuming a root workspace.
   command: cargo test --offline --manifest-path core/reporting/report_sections/Cargo.toml
17. cargo test core/reporting/result_export
   Run crate-local Rust tests without assuming a root workspace.
   command: cargo test --offline --manifest-path core/reporting/result_export/Cargo.toml
18. cargo test core/rules/completeness_checker
   Run crate-local Rust tests without assuming a root workspace.
   command: cargo test --offline --manifest-path core/rules/completeness_checker/Cargo.toml
19. cargo test core/rules/expression_evaluator
   Run crate-local Rust tests without assuming a root workspace.
   command: cargo test --offline --manifest-path core/rules/expression_evaluator/Cargo.toml
20. cargo test core/rules/rule_check_runner
   Run crate-local Rust tests without assuming a root workspace.
   command: cargo test --offline --manifest-path core/rules/rule_check_runner/Cargo.toml
21. cargo test core/rules/rule_pack_document
   Run crate-local Rust tests without assuming a root workspace.
   command: cargo test --offline --manifest-path core/rules/rule_pack_document/Cargo.toml
22. cargo test core/rules/rule_pack_lifecycle
   Run crate-local Rust tests without assuming a root workspace.
   command: cargo test --offline --manifest-path core/rules/rule_pack_lifecycle/Cargo.toml
23. cargo test core/runner/headless
   Run crate-local Rust tests without assuming a root workspace.
   command: cargo test --offline --manifest-path core/runner/headless/Cargo.toml
24. cargo test core/serialization/canonical_json
   Run crate-local Rust tests without assuming a root workspace.
   command: cargo test --offline --manifest-path core/serialization/canonical_json/Cargo.toml
25. cargo test core/solver/curved_bend
   Run crate-local Rust tests without assuming a root workspace.
   command: cargo test --offline --manifest-path core/solver/curved_bend/Cargo.toml
26. cargo test core/solver/diagnostics
   Run crate-local Rust tests without assuming a root workspace.
   command: cargo test --offline --manifest-path core/solver/diagnostics/Cargo.toml
27. cargo test core/solver/frame_kernel
   Run crate-local Rust tests without assuming a root workspace.
   command: cargo test --offline --manifest-path core/solver/frame_kernel/Cargo.toml
28. cargo test core/solver/linear_supports
   Run crate-local Rust tests without assuming a root workspace.
   command: cargo test --offline --manifest-path core/solver/linear_supports/Cargo.toml
29. cargo test core/solver/nonlinear_integration
   Run crate-local Rust tests without assuming a root workspace.
   command: cargo test --offline --manifest-path core/solver/nonlinear_integration/Cargo.toml
30. cargo test core/solver/nonlinear_supports
   Run crate-local Rust tests without assuming a root workspace.
   command: cargo test --offline --manifest-path core/solver/nonlinear_supports/Cargo.toml
31. cargo test core/solver/performance_harness
   Run crate-local Rust tests without assuming a root workspace.
   command: cargo test --offline --manifest-path core/solver/performance_harness/Cargo.toml
32. cargo test core/solver/sparse_direct
   Run crate-local Rust tests without assuming a root workspace.
   command: cargo test --offline --manifest-path core/solver/sparse_direct/Cargo.toml
33. cargo test core/solver/straight_pipe
   Run crate-local Rust tests without assuming a root workspace.
   command: cargo test --offline --manifest-path core/solver/straight_pipe/Cargo.toml
34. cargo test core/units
   Run crate-local Rust tests without assuming a root workspace.
   command: cargo test --offline --manifest-path core/units/Cargo.toml
35. cargo test validation/benchmarks/mechanics
   Run crate-local Rust tests without assuming a root workspace.
   command: cargo test --offline --manifest-path validation/benchmarks/mechanics/Cargo.toml
36. cargo test validation/benchmarks/nonlinear
   Run crate-local Rust tests without assuming a root workspace.
   command: cargo test --offline --manifest-path validation/benchmarks/nonlinear/Cargo.toml
37. cargo test validation/benchmarks/numerical_integrity
   Run crate-local Rust tests without assuming a root workspace.
   command: cargo test --offline --manifest-path validation/benchmarks/numerical_integrity/Cargo.toml
38. cargo test validation/benchmarks/numerical_robustness
   Run crate-local Rust tests without assuming a root workspace.
   command: cargo test --offline --manifest-path validation/benchmarks/numerical_robustness/Cargo.toml
39. cargo test validation/benchmarks/physics_audit_regression
   Run crate-local Rust tests without assuming a root workspace.
   command: cargo test --offline --manifest-path validation/benchmarks/physics_audit_regression/Cargo.toml
40. cargo test validation/benchmarks/stress
   Run crate-local Rust tests without assuming a root workspace.
   command: cargo test --offline --manifest-path validation/benchmarks/stress/Cargo.toml
running: cargo test core/gui/viewport_editor
    Finished `test` profile [unoptimized + debuginfo] target(s) in 0.01s
     Running unittests src/lib.rs (core/gui/viewport_editor/target/debug/deps/open_pipe_stress_viewport_editor-538d7a81e79f0469)

running 6 tests
test tests::pipe_run_intent_keeps_durable_mutation_as_command_intent ... ok
test tests::node_intent_requires_unit_aware_service_validation ... ok
test tests::component_symbol_intents_are_limited_to_simple_symbols ... ok
test tests::invalid_point_becomes_diagnostic_not_silent_default ... ok
test tests::selection_is_transient_and_deterministically_ordered ... ok
test tests::viewport_status_preserves_bounded_contract ... ok

test result: ok. 6 passed; 0 failed; 0 ignored; 0 measured; 0 filtered out; finished in 0.00s

   Doc-tests open_pipe_stress_viewport_editor

running 0 tests

test result: ok. 0 passed; 0 failed; 0 ignored; 0 measured; 0 filtered out; finished in 0.00s

running: cargo test core/library_import/library_import_document
    Finished `test` profile [unoptimized + debuginfo] target(s) in 0.02s
     Running unittests src/lib.rs (core/library_import/library_import_document/target/debug/deps/open_pipe_stress_library_import_document-f2ebd2880780c552)

running 11 tests
test tests::missing_library_metadata_and_records_block ... ok
test tests::incomplete_provenance_lists_sorted_missing_fields ... ok
test tests::item_level_status_overrides_provenance_status ... ok
test tests::nested_value_without_units_or_provenance_is_flagged ... ok
test tests::diagnostic_envelope_carries_pkg02_shape ... ok
test tests::non_object_record_is_rejected ... ok
test tests::private_only_is_blocked_for_public_visibility ... ok
test tests::private_privacy_class_blocks_public_import_even_with_permissive_redistribution ... ok
test tests::rejected_source_disposition_blocks_import ... ok
test tests::token_parsers_reject_unsupported_inputs ... ok
test tests::unaccepted_public_redistribution_is_flagged ... ok

test result: ok. 11 passed; 0 failed; 0 ignored; 0 measured; 0 filtered out; finished in 0.00s

     Running tests/provenance_parity.rs (core/library_import/library_import_document/target/debug/deps/provenance_parity-8fc242d02c1a06a6)

running 8 tests
test private_material_import_can_remain_local_with_tbd_rights ... ok
test missing_provenance_blocks_import_without_defaults ... ok
test protected_suspected_metadata_quarantines_import ... ok
test import_findings_map_to_pkg02_diagnostic_envelope ... ok
test public_material_import_with_tbd_rights_is_rejected_for_review ... ok
test public_component_import_requires_accepted_public_provenance ... ok
test unit_metadata_is_preserved_for_imported_values ... ok
test hanger_shared_cases_match_python_codes_paths_severities_and_outcomes ... ok

test result: ok. 8 passed; 0 failed; 0 ignored; 0 measured; 0 filtered out; finished in 0.10s

   Doc-tests open_pipe_stress_library_import_document

running 0 tests

test result: ok. 0 passed; 0 failed; 0 ignored; 0 measured; 0 filtered out; finished in 0.00s

running: cargo test core/loads/load_case_algebra
    Finished `test` profile [unoptimized + debuginfo] target(s) in 0.00s
     Running unittests src/lib.rs (core/loads/load_case_algebra/target/debug/deps/open_pipe_stress_load_case_algebra-f73fe7573bd852a8)

running 21 tests
test tests::algebra_result_boundary_rejects_incompatible_unit_dimension ... ok
test s11k_tests::k6_exact_products_of_non_unit_factors ... ok
test s11k_tests::k6_range_and_non_finite_paths ... ok
test s11k_tests::k6_cancelling_combinations_are_exact ... ok
test tests::algebra_result_boundary_rejects_load_case_schema_binding ... ok
test tests::algebra_result_boundary_rejects_load_schema_binding ... ok
test tests::blocked_result_export_still_validates_unit_metadata ... ok
test tests::algebra_result_exports_explicit_unit_and_result_envelope_metadata ... ok
test tests::dimension_mismatch_blocks_result ... ok
test tests::human_approval_status_blocks_automatic_algebra_output ... ok
test tests::linear_combination_sums_compatible_quantities ... ok
test tests::missing_and_duplicate_operands_are_findings ... ok
test tests::missing_status_metadata_blocks_algebra_output ... ok
test tests::model_incomplete_status_blocks_algebra_output ... ok
test tests::non_finite_factor_is_rejected_at_boundary ... ok
test tests::range_envelope_selects_extreme_value ... ok
test tests::range_envelope_ties_are_ordered_by_operand_id ... ok
test tests::range_mode_tokens_round_trip ... ok
test tests::status_propagation_preserves_rule_findings_without_human_approval ... ok
test tests::subtraction_reports_duplicate_and_missing_state_boundaries ... ok
test tests::subtraction_requires_distinct_compatible_result_states ... ok

test result: ok. 21 passed; 0 failed; 0 ignored; 0 measured; 0 filtered out; finished in 0.00s

   Doc-tests open_pipe_stress_load_case_algebra

running 0 tests

test result: ok. 0 passed; 0 failed; 0 ignored; 0 measured; 0 filtered out; finished in 0.00s

running: cargo test core/loads/primitive_loads
    Finished `test` profile [unoptimized + debuginfo] target(s) in 0.00s
     Running unittests src/lib.rs (core/loads/primitive_loads/target/debug/deps/open_pipe_stress_primitive_loads-ec776275e03b77e4)

running 49 tests
test tests::canonical_dimension_parser_rejects_retired_aliases ... ok
test tests::boundary_quantity_record_rejects_missing_unit_and_dimension_mismatch ... ok
test tests::equivalent_static_helper_requires_basis_and_allowed_categories ... ok
test tests::boundary_quantity_record_carries_unit_schema_and_hash_metadata ... ok
test tests::generated_equivalent_static_loads_pass_the_boundary_helper ... ok
test tests::imposed_displacement_preserves_support_dof_boundary ... ok
test tests::deterministic_sorting_stabilizes_application_outputs ... ok
test tests::invalid_targets_and_dimensions_are_findings ... ok
test tests::load_case_assembly_findings_convert_to_boundary_diagnostic_records ... ok
test tests::load_case_assembly_reports_invalid_contributions_without_partial_vector ... ok
test tests::load_case_assembly_requires_source_ids_and_finite_sums ... ok
test tests::load_case_assembly_sorts_and_sums_repeated_dofs ... ok
test tests::load_diagnostic_records_reject_missing_provenance ... ok
test tests::load_extent_constructor_validates_fractions ... ok
test tests::lumped_api_does_not_change_prepare_loads_element_behavior ... ok
test tests::lumped_conversion_applies_lever_rule_shares_for_partial_extents ... ok
test tests::lumped_conversion_rejects_pressure_thermal_rotational_and_dynamic_inputs ... ok
test tests::lumped_conversion_reports_invalid_indices_and_connectivity ... ok
test tests::lumped_conversion_reports_missing_and_invalid_spans ... ok
test tests::lumped_equivalent_nodal_loads_accept_dof_translation_direction ... ok
test tests::lumped_equivalent_nodal_loads_split_force_per_length_by_connectivity ... ok
test tests::missing_load_ids_and_nonfinite_public_quantities_are_findings ... ok
test tests::missing_target_and_magnitude_are_findings ... ok
test tests::nonfinite_and_nonpositive_quantities_are_rejected_at_construction ... ok
test tests::pressure_and_hydrotest_accept_pressure_or_equivalent_line_load ... ok
test tests::pressure_and_thermal_do_not_prepare_nodal_user_loads ... ok
test tests::primitive_category_and_dimension_metadata_are_stable ... ok
test tests::primitive_load_case_kind_maps_to_schema_load_type_values ... ok
test tests::primitive_load_case_record_binds_model_load_case_and_sorts_load_ids ... ok
test tests::primitive_load_case_record_rejects_empty_duplicate_and_mismatched_loads ... ok
test tests::primitive_load_case_record_rejects_wrong_schema_and_missing_metadata ... ok
test tests::primitive_load_findings_convert_to_boundary_diagnostic_records ... ok
test tests::quantity_unit_metadata_rejects_unresolved_dimension ... ok
test tests::scalar_pressure_accepts_legacy_rotational_direction ... ok
test tests::seismic_generation_blocks_on_missing_or_invalid_inputs_without_defaults ... ok
test tests::seismic_generation_synthesizes_distributed_loads_from_mass_and_user_factors ... ok
test tests::straight_pipe_axial_effects_block_all_outputs_when_any_finding_exists ... ok
test tests::straight_pipe_axial_effects_prepare_thermal_and_pressure_forces ... ok
test tests::straight_pipe_axial_effects_reject_overflowing_computed_force ... ok
test tests::thermal_load_keeps_explicit_temperature_change_boundary ... ok
test tests::thermal_load_rejects_force_per_length_fallthrough ... ok
test tests::weight_load_prepares_element_force_per_length ... ok
test tests::wind_and_seismic_prepare_only_explicit_equivalent_mechanics_loads ... ok
test tests::wind_and_seismic_reject_dynamic_placeholder_dimensions ... ok
test tests::wind_generation_blocks_on_invalid_partial_extents ... ok
test tests::wind_generation_blocks_on_missing_marked_spans_or_invalid_inputs ... ok
test tests::wind_generation_emits_deterministic_partial_extent_loads ... ok
test tests::wind_generation_projects_pressure_onto_exposed_diameter_of_marked_spans ... ok
test tests::wind_seismic_and_occasional_can_prepare_nodal_loads ... ok

test result: ok. 49 passed; 0 failed; 0 ignored; 0 measured; 0 filtered out; finished in 0.00s

   Doc-tests open_pipe_stress_primitive_loads

running 0 tests

test result: ok. 0 passed; 0 failed; 0 ignored; 0 measured; 0 filtered out; finished in 0.00s

running: cargo test core/loads/self_weight_wasm
warning: function `is_exact_pressure_result_kind` is never used
    --> <wt>/sweep-skewpin/projects/chirality-piping/core/product_physics/src/lib.rs:9668:4
     |
9668 | fn is_exact_pressure_result_kind(kind: &str) -> bool {
     |    ^^^^^^^^^^^^^^^^^^^^^^^^^^^^^
     |
     = note: `#[warn(dead_code)]` (part of `#[warn(unused)]`) on by default

warning: field `stage` is never read
  --> <wt>/sweep-skewpin/projects/chirality-piping/core/product_physics/src/source_recovery.rs:68:9
   |
67 | pub(super) struct RecoveryFailure {
   |                   --------------- field in this struct
68 |     pub stage: &'static str,
   |         ^^^^^
   |
   = note: `RecoveryFailure` has derived impls for the traits `Clone` and `Debug`, but these are intentionally ignored during dead code analysis

warning: fields `support_id`, `global_dof`, `value`, and `functional_index` are never read
   --> <wt>/sweep-skewpin/projects/chirality-piping/core/product_physics/src/source_recovery.rs:146:9
    |
145 | pub(super) struct SpringAction {
    |                   ------------ fields in this struct
146 |     pub support_id: String,
    |         ^^^^^^^^^^
147 |     pub global_dof: usize,
    |         ^^^^^^^^^^
148 |     pub value: f64,
    |         ^^^^^
149 |     pub functional_index: usize,
    |         ^^^^^^^^^^^^^^^^
    |
    = note: `SpringAction` has derived impls for the traits `Clone` and `Debug`, but these are intentionally ignored during dead code analysis

warning: multiple fields are never read
   --> <wt>/sweep-skewpin/projects/chirality-piping/core/product_physics/src/source_recovery.rs:171:9
    |
170 | pub(super) struct RecoverySummary {
    |                   --------------- fields in this struct
171 |     pub dofs: usize,
    |         ^^^^
172 |     pub stiffness_contributions: usize,
    |         ^^^^^^^^^^^^^^^^^^^^^^^
173 |     pub identified_load_contributions: usize,
    |         ^^^^^^^^^^^^^^^^^^^^^^^^^^^^^
174 |     pub blocks: usize,
    |         ^^^^^^
175 |     pub largest_block: usize,
    |         ^^^^^^^^^^^^^
176 |     pub member_end_components: usize,
    |         ^^^^^^^^^^^^^^^^^^^^^
177 |     pub section_components: usize,
    |         ^^^^^^^^^^^^^^^^^^
178 |     pub spring_actions: usize,
    |         ^^^^^^^^^^^^^^
179 |     pub support_components: usize,
    |         ^^^^^^^^^^^^^^^^^^
180 |     pub published_nodal_components: usize,
    |         ^^^^^^^^^^^^^^^^^^^^^^^^^^
181 |     pub functional_count: usize,
    |         ^^^^^^^^^^^^^^^^
182 |     pub dof_projection_count: usize,
    |         ^^^^^^^^^^^^^^^^^^^^
183 |     pub max_absolute_projection_error: f64,
    |         ^^^^^^^^^^^^^^^^^^^^^^^^^^^^^
184 |     pub max_relative_projection_error: f64,
185 |     pub relative_limit: f64,
    |         ^^^^^^^^^^^^^^
    |
    = note: `RecoverySummary` has derived impls for the traits `Clone` and `Debug`, but these are intentionally ignored during dead code analysis

warning: field `springs` is never read
   --> <wt>/sweep-skewpin/projects/chirality-piping/core/product_physics/src/source_recovery.rs:198:5
    |
192 | pub(super) struct SelectedSourceRecovery {
    |                   ---------------------- field in this struct
...
198 |     springs: Vec<SpringAction>,
    |     ^^^^^^^
    |
    = note: `SelectedSourceRecovery` has a derived impl for the trait `Debug`, but this is intentionally ignored during dead code analysis

warning: method `spring_actions` is never used
   --> <wt>/sweep-skewpin/projects/chirality-piping/core/product_physics/src/source_recovery.rs:224:12
    |
207 | impl SelectedSourceRecovery {
    | --------------------------- method in this implementation
...
224 |     pub fn spring_actions(&self) -> &[SpringAction] {
    |            ^^^^^^^^^^^^^^

warning: method `mode` is never used
   --> <wt>/sweep-skewpin/projects/chirality-piping/core/product_physics/src/source_receipt.rs:130:19
    |
108 | impl CapturedInvocation {
    | ----------------------- method in this implementation
...
130 |     pub(super) fn mode(&self) -> PreviewSolverMode {
    |                   ^^^^

warning: function `expected_primary` is never used
  --> <wt>/sweep-skewpin/projects/chirality-piping/core/product_physics/src/source_receipt/rows.rs:55:15
   |
55 | pub(super) fn expected_primary(
   |               ^^^^^^^^^^^^^^^^

warning: function `derived` is never used
   --> <wt>/sweep-skewpin/projects/chirality-piping/core/product_physics/src/source_receipt/rows.rs:329:15
    |
329 | pub(super) fn derived(
    |               ^^^^^^^

warning: `open_pipe_stress_product_physics` (lib) generated 9 warnings
    Finished `test` profile [unoptimized + debuginfo] target(s) in 0.04s
     Running unittests src/lib.rs (core/loads/self_weight_wasm/target/debug/deps/open_pipe_stress_self_weight_wasm-99b05631dddeba0c)

running 5 tests
test tests::full_original_hash_rejects_stale_unknown_model_field ... ok
test tests::refresh_request_retains_strict_shape_and_original_hash_guards ... ok
test tests::malformed_json_blocks_and_key_order_is_canonical ... ok
test tests::rejects_malformed_hash_shapes_and_unknown_options ... ok
test tests::ready_exact_module_and_json_transport_parity ... ok

test result: ok. 5 passed; 0 failed; 0 ignored; 0 measured; 0 filtered out; finished in 0.01s

     Running tests/applied_self_weight.rs (core/loads/self_weight_wasm/target/debug/deps/applied_self_weight-f9beac1119fc37b2)

running 9 tests
test preapply_source_hash_guard_rejects_dependency_edit ... ok
test known_v1_requires_explicit_method_refresh_and_retains_original_provenance ... ok
test queued_refresh_rejects_a_later_dependency_edit_even_with_current_claim ... ok
test modified_weight_requires_explicit_preservation_and_remains_fixed_manual ... ok
test density_edit_must_not_solve_with_stale_applied_self_weight ... ok
test span_edit_scales_weight_and_preserves_manual_load_after_save_reopen ... ok
test real_generated_mill_contents_and_insulation_record_refreshes_through_applier ... ok
test shared_section_edit_propagates_then_requires_weight_refresh ... ok
test valid_imported_retarget_can_be_kept_manual_after_old_pipe_is_removed ... ok

test result: ok. 9 passed; 0 failed; 0 ignored; 0 measured; 0 filtered out; finished in 0.07s

   Doc-tests open_pipe_stress_self_weight_wasm

running 0 tests

test result: ok. 0 passed; 0 failed; 0 ignored; 0 measured; 0 filtered out; finished in 0.00s

running: cargo test core/loads/stress_recovery
    Finished `test` profile [unoptimized + debuginfo] target(s) in 0.00s
     Running unittests src/lib.rs (core/loads/stress_recovery/target/debug/deps/open_pipe_stress_stress_recovery-1d8477c2c7b1bf8a)

running 48 tests
test elastic_extrema::tests::directed_averages_enclose_extreme_and_opposite_values ... ok
test elastic_extrema::tests::constant_zero_and_constant_biaxial_fields_are_enclosed ... ok
test elastic_extrema::tests::axial_zero_crossing_and_simultaneous_bending_zero_need_no_root_special_case ... ok
test elastic_extrema::tests::discontinuity_retains_both_one_sided_values_and_governing_span ... ok
test elastic_extrema::tests::exact_interior_quadratic_peak_is_located_and_bounded ... ok
test elastic_extrema::tests::invalid_or_unrepresentable_inputs_never_become_zero_maxima ... ok
test elastic_extrema::tests::no_budget_or_depth_is_an_explicit_unresolved_result ... ok
test elastic_extrema::tests::repeated_stationary_root_with_zero_bending_vector_is_safe ... ok
test elastic_extrema::tests::scaled_norm_does_not_square_large_components_and_bounds_subnormals ... ok
test elastic_section::tests::action_reversal_retains_absolute_normal_and_reverses_signed_outputs ... ok
test elastic_extrema::tests::section_axis_quarter_rotation_and_action_reversal_preserve_bound ... ok
test elastic_extrema::tests::short_interval_preserves_the_local_witness_when_station_rounds ... ok
test elastic_section::tests::arbitrary_section_axis_rotation_preserves_normal_extrema ... ok
test elastic_extrema::tests::x1_certifies_the_peak_missed_by_eight_sign_candidates ... ok
test elastic_section::tests::compression_and_zero_actions_preserve_signed_normal_extrema ... ok
test elastic_section::tests::finite_subnormal_results_are_retained_but_nonzero_underflow_is_rejected ... ok
test elastic_section::tests::nonrepresentable_component_norm_and_extrema_are_rejected ... ok
test elastic_section::tests::pressure_wall_force_is_counted_once_and_effective_force_is_not_an_input ... ok
test elastic_section::tests::rejects_every_invalid_section_and_nonfinite_action_slot ... ok
test elastic_section::tests::s1_exact_si_annulus_recovers_circular_extrema_and_torsion ... ok
test elastic_section::tests::s2_pure_torsion_has_no_normal_stress ... ok
test elastic_section::tests::scaled_arithmetic_avoids_intermediate_overflow_and_underflow ... ok
test tests::boundary_constructor_rejects_invalid_positive_values ... ok
test tests::element_end_resultants_construct_force_resultants_for_stress_recovery ... ok
test tests::element_end_resultants_reject_non_finite_inputs ... ok
test tests::human_approval_status_is_not_accepted_as_software_output ... ok
test tests::incomplete_status_blocks_mechanics_recovery ... ok
test tests::missing_resultant_blocks_recovery ... ok
test tests::non_finite_pressure_is_reported ... ok
test tests::non_finite_recovered_values_are_reported ... ok
test tests::non_positive_section_property_blocks_recovery ... ok
test tests::recovers_axial_bending_torsion_and_pressure_components ... ok
test tests::recovers_mechanics_stress_ranges_without_code_categories ... ok
test tests::station_resultants_recover_station_stresses ... ok
test tests::station_resultants_reject_nonfinite_and_invalid_station_inputs ... ok
test tests::station_stress_sweep_preserves_order_and_station_identity ... ok
test tests::station_stress_sweep_rejects_invalid_station_resultants ... ok
test tests::stress_component_boundary_record_carries_result_schema_and_hash_metadata ... ok
test tests::stress_range_blocks_asymmetric_optional_components ... ok
test tests::stress_component_boundary_record_rejects_load_case_schema_binding ... ok
test tests::stress_range_blocks_when_either_state_is_incomplete ... ok
test tests::stress_range_modulus_basis_record_rejects_empty_labels ... ok
test tests::stress_range_reports_non_finite_difference ... ok
test tests::stress_range_with_modulus_basis_records_both_state_bases_verbatim ... ok
test tests::stress_recovery_rejects_force_per_length_as_force_resultant_metadata ... ok
test tests::stress_recovery_unit_metadata_blocks_missing_or_wrong_dimensions ... ok
test tests::stress_recovery_with_unit_metadata_validates_boundary_before_recovery ... ok
test tests::summarizes_extreme_normal_and_shear_without_allowables ... ok

test result: ok. 48 passed; 0 failed; 0 ignored; 0 measured; 0 filtered out; finished in 0.00s

   Doc-tests open_pipe_stress_stress_recovery

running 0 tests

test result: ok. 0 passed; 0 failed; 0 ignored; 0 measured; 0 filtered out; finished in 0.00s

running: cargo test core/loads/user_loads
    Finished `test` profile [unoptimized + debuginfo] target(s) in 0.00s
     Running unittests src/lib.rs (core/loads/user_loads/target/debug/deps/open_pipe_stress_user_loads-81a3c21a1b632f4c)

running 28 tests
test tests::concentrated_moment_maps_to_rotational_nodal_dof ... ok
test tests::distributed_load_can_defer_equivalent_total_until_element_length_known ... ok
test tests::concentrated_force_maps_to_translational_nodal_dof ... ok
test tests::contributions_are_sorted_deterministically ... ok
test tests::generic_station_targets_validate_before_geometry_gap ... ok
test tests::generic_user_load_application_reports_element_station_geometry_gap ... ok
test tests::invalid_dimensions_and_directions_are_findings ... ok
test tests::invalid_span_and_length_are_findings ... ok
test tests::missing_and_out_of_range_targets_are_findings ... ok
test tests::missing_quantity_blocks_load_application ... ok
test tests::nodal_user_load_boundary_record_requires_unit_and_model_load_binding ... ok
test tests::non_finite_quantity_is_rejected_at_construction ... ok
test tests::distributed_user_load_boundary_record_uses_force_per_length_dimension_metadata ... ok
test tests::recovery_hook_boundary_record_rejects_load_case_binding ... ok
test tests::recovery_hook_boundary_record_rejects_load_record_binding ... ok
test tests::straight_pipe_equivalent_user_loads_recover_full_span_distribution ... ok
test tests::straight_pipe_equivalent_user_loads_recover_interior_point_force ... ok
test tests::straight_pipe_equivalent_user_loads_include_axial_effects ... ok
test tests::straight_pipe_equivalent_user_loads_recover_partial_span_distribution ... ok
test tests::straight_pipe_equivalent_user_loads_reject_bad_length_and_rotational_distribution ... ok
test tests::straight_pipe_equivalent_user_loads_reject_invalid_span_and_unsupported_station_moment ... ok
test tests::straight_pipe_equivalent_user_loads_reject_nonfinite_axial_effect ... ok
test tests::straight_pipe_equivalent_user_loads_reject_wrong_axial_effect_element ... ok
test tests::straight_pipe_equivalent_user_loads_transform_global_load_directions ... ok
test tests::uniform_distributed_load_records_span_and_equivalent_total ... ok
test tests::straight_pipe_equivalent_user_loads_transform_partial_span_distribution ... ok
test tests::straight_pipe_equivalent_user_loads_transform_station_point_force ... ok
test tests::unsupported_target_kind_combinations_are_findings ... ok

test result: ok. 28 passed; 0 failed; 0 ignored; 0 measured; 0 filtered out; finished in 0.00s

   Doc-tests open_pipe_stress_user_loads

running 0 tests

test result: ok. 0 passed; 0 failed; 0 ignored; 0 measured; 0 filtered out; finished in 0.00s

running: cargo test core/model_operations/operation_applier
warning: function `is_exact_pressure_result_kind` is never used
    --> <wt>/sweep-skewpin/projects/chirality-piping/core/product_physics/src/lib.rs:9668:4
     |
9668 | fn is_exact_pressure_result_kind(kind: &str) -> bool {
     |    ^^^^^^^^^^^^^^^^^^^^^^^^^^^^^
     |
     = note: `#[warn(dead_code)]` (part of `#[warn(unused)]`) on by default

warning: field `stage` is never read
  --> <wt>/sweep-skewpin/projects/chirality-piping/core/product_physics/src/source_recovery.rs:68:9
   |
67 | pub(super) struct RecoveryFailure {
   |                   --------------- field in this struct
68 |     pub stage: &'static str,
   |         ^^^^^
   |
   = note: `RecoveryFailure` has derived impls for the traits `Clone` and `Debug`, but these are intentionally ignored during dead code analysis

warning: fields `support_id`, `global_dof`, `value`, and `functional_index` are never read
   --> <wt>/sweep-skewpin/projects/chirality-piping/core/product_physics/src/source_recovery.rs:146:9
    |
145 | pub(super) struct SpringAction {
    |                   ------------ fields in this struct
146 |     pub support_id: String,
    |         ^^^^^^^^^^
147 |     pub global_dof: usize,
    |         ^^^^^^^^^^
148 |     pub value: f64,
    |         ^^^^^
149 |     pub functional_index: usize,
    |         ^^^^^^^^^^^^^^^^
    |
    = note: `SpringAction` has derived impls for the traits `Clone` and `Debug`, but these are intentionally ignored during dead code analysis

warning: multiple fields are never read
   --> <wt>/sweep-skewpin/projects/chirality-piping/core/product_physics/src/source_recovery.rs:171:9
    |
170 | pub(super) struct RecoverySummary {
    |                   --------------- fields in this struct
171 |     pub dofs: usize,
    |         ^^^^
172 |     pub stiffness_contributions: usize,
    |         ^^^^^^^^^^^^^^^^^^^^^^^
173 |     pub identified_load_contributions: usize,
    |         ^^^^^^^^^^^^^^^^^^^^^^^^^^^^^
174 |     pub blocks: usize,
    |         ^^^^^^
175 |     pub largest_block: usize,
    |         ^^^^^^^^^^^^^
176 |     pub member_end_components: usize,
    |         ^^^^^^^^^^^^^^^^^^^^^
177 |     pub section_components: usize,
    |         ^^^^^^^^^^^^^^^^^^
178 |     pub spring_actions: usize,
    |         ^^^^^^^^^^^^^^
179 |     pub support_components: usize,
    |         ^^^^^^^^^^^^^^^^^^
180 |     pub published_nodal_components: usize,
    |         ^^^^^^^^^^^^^^^^^^^^^^^^^^
181 |     pub functional_count: usize,
    |         ^^^^^^^^^^^^^^^^
182 |     pub dof_projection_count: usize,
    |         ^^^^^^^^^^^^^^^^^^^^
183 |     pub max_absolute_projection_error: f64,
    |         ^^^^^^^^^^^^^^^^^^^^^^^^^^^^^
184 |     pub max_relative_projection_error: f64,
185 |     pub relative_limit: f64,
    |         ^^^^^^^^^^^^^^
    |
    = note: `RecoverySummary` has derived impls for the traits `Clone` and `Debug`, but these are intentionally ignored during dead code analysis

warning: field `springs` is never read
   --> <wt>/sweep-skewpin/projects/chirality-piping/core/product_physics/src/source_recovery.rs:198:5
    |
192 | pub(super) struct SelectedSourceRecovery {
    |                   ---------------------- field in this struct
...
198 |     springs: Vec<SpringAction>,
    |     ^^^^^^^
    |
    = note: `SelectedSourceRecovery` has a derived impl for the trait `Debug`, but this is intentionally ignored during dead code analysis

warning: method `spring_actions` is never used
   --> <wt>/sweep-skewpin/projects/chirality-piping/core/product_physics/src/source_recovery.rs:224:12
    |
207 | impl SelectedSourceRecovery {
    | --------------------------- method in this implementation
...
224 |     pub fn spring_actions(&self) -> &[SpringAction] {
    |            ^^^^^^^^^^^^^^

warning: method `mode` is never used
   --> <wt>/sweep-skewpin/projects/chirality-piping/core/product_physics/src/source_receipt.rs:130:19
    |
108 | impl CapturedInvocation {
    | ----------------------- method in this implementation
...
130 |     pub(super) fn mode(&self) -> PreviewSolverMode {
    |                   ^^^^

warning: function `expected_primary` is never used
  --> <wt>/sweep-skewpin/projects/chirality-piping/core/product_physics/src/source_receipt/rows.rs:55:15
   |
55 | pub(super) fn expected_primary(
   |               ^^^^^^^^^^^^^^^^

warning: function `derived` is never used
   --> <wt>/sweep-skewpin/projects/chirality-piping/core/product_physics/src/source_receipt/rows.rs:329:15
    |
329 | pub(super) fn derived(
    |               ^^^^^^^

warning: `open_pipe_stress_product_physics` (lib) generated 9 warnings
    Finished `test` profile [unoptimized + debuginfo] target(s) in 0.04s
     Running unittests src/lib.rs (core/model_operations/operation_applier/target/debug/deps/open_pipe_stress_operation_applier-612ba865a9422823)

running 140 tests
test atomic_batch::tests::duplicate_ids_and_empty_batches_are_preflight_failures ... ok
test atomic_batch::tests::late_reference_failure_rolls_back_and_stops_replay ... ok
test atomic_batch::tests::late_stale_before_discards_earlier_success ... ok
test atomic_batch::tests::dependent_create_case_and_load_apply_atomically_and_deterministically ... ok
test atomic_batch::tests::author_metadata_is_preserved_and_user_agent_have_same_semantics ... ok
test atomic_batch::tests::submitted_validation_claims_are_untrusted_and_cannot_override_engine_failure ... ok
test atomic_batch::tests::mandatory_complete_initial_hash_rejects_null_malformed_mismatch_before_replay ... ok
test atomic_batch::tests::section_geometry_batch_validates_each_intermediate_state_and_never_publishes_failure ... ok
test atomic_batch::tests::validation_simulates_dependencies_without_any_application_or_acceptance ... ok
test boundary_association::integration_tests::actual_single_hash_guard_preservation_and_append_rejection ... ok
test boundary_association::tests::association_exact_shapes_and_source_preservation ... ok
test boundary_association::tests::batch_member_intent_requires_exact_target_and_shape ... ok
test boundary_association::tests::batch_rejects_duplicate_metadata_node_order_and_member_identity ... ok
test boundary_association::tests::exact_token_replay_accepts_second_member_and_preserves_inputs ... ok
test boundary_association::integration_tests::actual_associated_configuration_scalar_delete_require_hash_and_preserve_metadata ... ok
test boundary_association::tests::hash_guard_covers_creation_configuration_scalar_delete_and_null_association ... ok
test boundary_association::tests::independent_groups_and_legacy_supports_remain_valid ... ok
test boundary_association::tests::original_base_collisions_reject_even_after_delete_intent ... ok
test boundary_association::tests::members_require_canonical_mechanics_and_positive_dimensioned_quantities ... ok
test boundary_association::tests::single_new_passes_append_and_payload_bypass_reject ... ok
test display_units::tests::display_conversion_is_pure_and_distinguishes_absolute_and_interval_temperature ... ok
test display_units::tests::display_conversion_rejects_pressure_reference_payload_and_overflow ... ok
test display_units::tests::same_unit_display_preserves_small_values_and_still_validates_metadata ... ok
test atomic_batch::tests::preflight_rejects_each_boundary_flag_missing_agent_attribution_and_bad_source_shape ... ok
test boundary_association::tests::token_rejects_payload_drift_wrong_context_missing_and_injected_prefix ... ok
test geometry_operations::tests::split_conserves_lengths_preserves_endpoints_metadata_and_nodal_attachments ... ok
test geometry_operations::tests::split_rejects_rounding_overflow_zero_and_collisions ... ok
test boundary_association::integration_tests::actual_batch_replay_agent_parity_atomic_failure_and_roundtrip ... ok
test geometry_operations::tests::transform_rejects_incident_unselected_pipe_and_realized_overflow ... ok
test geometry_operations::tests::transforms_explicit_geometry_and_directions_without_mutating_source ... ok
test rich_authoring::tests::constant_hanger_and_spring_have_no_inferred_inputs ... ok
test rich_authoring::tests::interpolation_requires_strict_bracket_and_all_endpoint_properties ... ok
test rich_authoring::tests::material_partial_rows_warn_and_exact_selection_cannot_be_broken ... ok
test rich_authoring::tests::nonlinear_aliases_and_explicit_normal_sources_match_consumers ... ok
test rich_authoring::tests::stale_before_and_bad_envelope_fail_without_mutating_input ... ok
test geometry_operations::tests::transform_requires_complete_maps_valid_frames_and_known_shapes ... ok
test rich_authoring::tests::support_projection_preserves_identity_and_rejects_dependent_reaction_breakage ... ok
test rich_authoring::tests::variable_hanger_requires_explicit_loads_travel_and_correct_stiffness_units ... ok
test rich_authoring::tests::table_rejects_duplicate_ids_normalized_temperatures_and_unknown_fields ... ok
test rich_authoring::tests::wind_atomic_switch_allows_adjacent_spans_and_preserves_authored_order ... ok
test rich_authoring::tests::wind_rejects_overlap_collision_missing_refs_units_and_fraction_bounds ... ok
test geometry_operations::tests::common_operation_route_geometry_preview_apply_and_hash_guards ... ok
test tests::apply_blocks_a_stale_before_value_without_application ... ok
test tests::apply_blocks_missing_targets_and_dangling_references ... ok
test tests::apply_blocks_unit_mismatch_without_conversion ... ok
test tests::apply_blocks_non_numeric_and_non_positive_quantities ... ok
test geometry_operations::tests::reference_guard_matrix_blocks_attached_engineering_data ... ok
test tests::apply_blocks_unknown_dimension_tokens ... ok
test tests::bend_creation_blocks_missing_and_inconsistent_explicit_connectivity ... ok
test tests::apply_returns_a_new_model_with_only_the_requested_field_changed ... ok
test tests::bend_geometry_authoring_creates_absent_optional_slots_from_explicit_entry ... ok
test tests::bend_pipe_ref_requires_an_existing_pipe_segment ... ok
test tests::center_of_gravity_stays_unsupported_pending_payload_ruling ... ok
test tests::bend_radius_value_edit_applies_to_existing_component_geometry ... ok
test tests::combination_term_creation_requires_a_mechanics_basis_target ... ok
test tests::combination_basis_edits_validate_the_closed_set_and_payload_shape ... ok
test tests::combination_term_factor_applies_without_whole_term_editing ... ok
test tests::create_material_blocks_duplicate_id_and_invalid_quantity_payloads ... ok
test tests::deferred_inspector_fields_block_with_explicit_scope_finding ... ok
test tests::create_support_blocks_duplicate_id_and_missing_node_reference ... ok
test tests::create_section_blocks_duplicate_id_and_invalid_geometry_payloads ... ok
test tests::claimed_model_hash_gate_accepts_only_the_current_supported_model_basis ... ok
test tests::delete_node_blocks_model_references ... ok
test tests::delete_pipe_run_blocks_primitive_load_reference ... ok
test tests::delete_support_blocks_imposed_displacement_reference ... ok
test tests::direct_mutation_requests_are_blocked ... ok
test tests::dimensionless_modifier_values_accept_the_stored_none_unit_marker ... ok
test tests::derived_normal_source_survives_delete_and_scalar_restraint_routes ... ok
test tests::expansion_joint_creation_blocks_invalid_dimensions_and_nonpositive_values ... ok
test tests::expansion_joint_creation_blocks_missing_geometry_or_stiffness_data ... ok
test tests::expansion_joint_creation_blocks_unknown_or_nonincident_selected_pipe ... ok
test tests::equivalent_static_generation_inputs_author_nested_user_entered_slots ... ok
test tests::explicit_connect_pipe_payload_applies_without_mutating_input ... ok
test tests::expansion_joint_stiffness_edits_apply_and_preserve_entered_units ... ok
test tests::explicit_bend_creation_applies_with_geometry_connectivity_and_claimed_hash_gate ... ok
test tests::explicit_connect_pipe_payload_preserves_compatible_entered_length_units ... ok
test tests::explicit_create_combination_payload_creates_mechanics_record_with_initial_term ... ok
test tests::explicit_create_combination_term_payload_appends_one_term_only ... ok
test tests::explicit_create_load_case_payload_applies_empty_shell_only ... ok
test tests::explicit_create_material_payload_applies_without_mutating_input ... ok
test tests::explicit_create_material_payload_preserves_compatible_entered_units ... ok
test tests::explicit_create_node_payload_applies_without_mutating_input ... ok
test tests::explicit_create_node_payload_normalizes_compatible_entered_length_units ... ok
test tests::explicit_create_primitive_load_payload_applies_concentrated_force_only ... ok
test tests::explicit_create_primitive_load_payload_applies_concentrated_moment_only ... ok
test tests::explicit_create_primitive_load_payload_applies_distributed_force_only ... ok
test tests::explicit_create_primitive_load_payload_applies_imposed_displacement_only ... ok
test tests::explicit_create_primitive_load_payload_applies_pressure_and_thermal_only ... ok
test tests::explicit_create_primitive_load_preserves_compatible_entered_units ... ok
test tests::explicit_create_section_payload_applies_without_mutating_input ... ok
test tests::explicit_create_section_payload_preserves_compatible_entered_length_unit ... ok
test tests::explicit_create_support_payload_applies_without_mutating_input ... ok
test tests::explicit_create_range_envelope_combination_creates_operand_mode_record ... ok
test tests::explicit_create_support_preserves_entered_linear_stiffness_unit ... ok
test tests::explicit_create_subtraction_combination_creates_minuend_subtrahend_record ... ok
test tests::explicit_delete_combination_term_removes_one_indexed_term_only ... ok
test tests::explicit_delete_combination_removes_one_combination_only ... ok
test tests::explicit_delete_load_case_removes_unreferenced_case_only ... ok
test tests::explicit_delete_node_removes_unreferenced_node_only ... ok
test tests::explicit_delete_pipe_run_removes_unreferenced_pipe_only ... ok
test tests::explicit_delete_primitive_load_removes_one_indexed_load_only ... ok
test tests::explicit_delete_support_removes_unreferenced_support_only ... ok
test tests::explicit_expansion_joint_creation_applies_and_preserves_entered_refs_and_units ... ok
test tests::load_case_delete_stays_blocked_for_subtraction_and_range_references ... ok
test tests::explicit_tee_creation_applies_with_two_incident_pipes_and_explicit_geometry ... ok
test tests::load_case_status_and_kind_metadata_apply_without_mutating_input ... ok
test tests::explicit_reducer_valve_and_flange_creation_apply_through_rigid_geometry_contract ... ok
test tests::material_temperature_point_shear_modulus_edit_targets_stable_point_id ... ok
test tests::mill_tolerance_accepts_explicit_zero_and_rejects_negative_entries ... ok
test tests::missing_intent_fields_are_reported_per_field ... ok
test tests::material_temperature_point_shear_modulus_edit_blocks_missing_stale_and_invalid ... ok
test tests::modulus_basis_temperature_blocks_when_exact_basis_is_present ... ok
test tests::modulus_basis_temperature_authors_an_explicit_temperature_quantity ... ok
test tests::entity_deletes_guard_record_staleness_missing_ids_and_all_reference_forms ... ok
test tests::negative_load_magnitudes_remain_editable ... ok
test tests::modulus_basis_ref_enforces_the_schema_id_shape ... ok
test tests::optional_quantity_rules_enforce_dimension_unit_and_positivity ... ok
test tests::node_position_edits_resolve_units_from_the_project_unit_system ... ok
test tests::optional_slot_authoring_is_deterministic_and_never_mutates_input ... ok
test tests::outcomes_are_deterministic_for_identical_inputs ... ok
test tests::primitive_magnitude_edit_preserves_compatible_entered_unit ... ok
test tests::professional_boundary_never_claims_compliance_or_approval ... ok
test tests::primitive_creation_validates_project_tokens_and_preserves_legacy_c ... ok
test tests::rich_support_create_rejects_raw_data_that_legacy_projection_would_drop ... ok
test tests::rich_authoring_uses_common_preview_apply_and_stale_guards ... ok
test tests::optional_mass_quantities_preserve_explicit_units_and_warn_on_incomplete_insulation ... ok
test tests::shared_section_propagates_atomic_geometry_and_full_diffs_then_detaches ... ok
test tests::sibling_quantity_edit_preserves_compatible_entered_units ... ok
test tests::shared_wall_update_fails_atomically_on_one_local_mill_tolerance ... ok
test tests::tee_and_rigid_component_creation_block_incomplete_or_disconnected_geometry ... ok
test tests::support_restraints_apply_with_vocabulary_enforcement ... ok
test tests::tee_creation_blocks_equal_header_and_branch_pipe_refs_without_applied_model ... ok
test tests::thermal_expansion_authoring_requires_existing_quantity ... ok
test tests::underspecified_connect_pipe_gesture_remains_blocked ... ok
test tests::underspecified_viewport_node_gestures_block_instead_of_invention ... ok
test tests::section_grid_edits_validate_and_apply_same_geometry ... ok
test tests::unsupported_field_paths_and_object_types_are_blocked ... ok
test tests::validate_passes_and_never_mutates_for_a_current_quantity_edit ... ok
test tests::section_binding_rejects_stale_missing_duplicate_unsupported_and_invalid_sources ... ok
test tests::wind_no_op_preserves_optional_array_presence_and_hash ... ok

test result: ok. 140 passed; 0 failed; 0 ignored; 0 measured; 0 filtered out; finished in 0.07s

     Running tests/canonical_hash_parity.rs (core/model_operations/operation_applier/target/debug/deps/canonical_hash_parity-b7ed72f85da71e59)

running 2 tests
test checked_ijson_corpus_matches_native_engine ... ok
test canonical_hash_corpus_matches_native_engine ... ok

test result: ok. 2 passed; 0 failed; 0 ignored; 0 measured; 0 filtered out; finished in 0.00s

     Running tests/contract_corpus.rs (core/model_operations/operation_applier/target/debug/deps/contract_corpus-62fff7da10a5b59a)

running 2 tests
test contract_corpus_covers_the_required_kinds_and_block_classes ... ok
test contract_corpus_cases_match_the_rust_contract_reference ... ok

test result: ok. 2 passed; 0 failed; 0 ignored; 0 measured; 0 filtered out; finished in 0.08s

     Running tests/create_pipe_section_inputs.rs (core/model_operations/operation_applier/target/debug/deps/create_pipe_section_inputs-0dd58b52503a76b0)

running 6 tests
test creation_rejects_shared_section_reference_instead_of_silently_detaching ... ok
test absent_null_and_incomplete_inputs_are_preserved_without_defaults ... ok
test creation_matches_set_field_for_all_optional_section_quantities ... ok
test late_invalid_creation_rolls_back_prior_creation_atomically ... ok
test original_native_density_survives_public_create_and_self_weight_planning ... ok
test invalid_optional_quantities_and_unknown_section_fields_are_rejected ... ok

test result: ok. 6 passed; 0 failed; 0 ignored; 0 measured; 0 filtered out; finished in 0.02s

     Running tests/exact_authoring.rs (core/model_operations/operation_applier/target/debug/deps/exact_authoring-212af6ca9741470d)

running 8 tests
test exact_authoring_blocks_missing_explicit_inputs_and_stale_basis ... ok
test exact_authoring_atomic_batch_rejects_stale_caller_and_plan_hashes_before_simulation ... ok
test negative_nu_temperature_points_and_exact_material_creation_keep_values ... ok
test exact_authoring_atomic_batch_late_invalid_profile_rolls_back_every_edit ... ok
test exact_authoring_atomic_batch_complete_review_and_apply ... ok
test pressure_terminal_nodes_block_direct_and_batch_delete_in_incomplete_models ... ok
test pressure_region_members_block_direct_and_batch_pipe_delete_until_explicit_removal ... ok
test exact_authoring_review_apply_serialization_and_real_solve ... ok

test result: ok. 8 passed; 0 failed; 0 ignored; 0 measured; 0 filtered out; finished in 0.04s

     Running tests/generated_self_weight.rs (core/model_operations/operation_applier/target/debug/deps/generated_self_weight-4ece530261131c23)

running 13 tests
test explicit_manual_preservation_allows_existing_retarget_with_deleted_original_pipe ... ok
test internally_valid_doubled_gravity_cannot_replace_original_explicit_gravity ... ok
test canonical_transport_preserves_integral_float_manual_records_and_detached_physics ... ok
test manual_detach_preserves_every_physical_field ... ok
test changed_or_ambiguous_legacy_record_cannot_be_managed_refreshed ... ok
test managed_refresh_cannot_rewrite_original_user_generation_provenance ... ok
test mill_tolerance_uses_absolute_length_for_refresh_and_preservation ... ok
test refresh_needs_current_hash_and_preserves_identity ... ok
test source_inspection_prevents_direct_and_imported_override_replacement ... ok
test source_plan_guard_and_late_failure_publish_no_model ... ok
test stable_mass_method_and_verbatim_legacy_lineage_are_required ... ok
test source_inspection_rejects_forged_or_stale_after_basis_even_with_current_hash ... ok
test target_case_requires_complete_reconciliation_of_all_generated_records ... ok

test result: ok. 13 passed; 0 failed; 0 ignored; 0 measured; 0 filtered out; finished in 0.07s

     Running tests/load_state_authoring.rs (core/model_operations/operation_applier/target/debug/deps/load_state_authoring-f3b0059f6b49c5e1)

running 16 tests
test an_unchanged_payload_is_a_true_no_op_with_no_write ... ok
test atomic_batch_removes_the_states_before_their_configuration_and_passes ... ok
test exact_0_3_0_points_still_demand_the_expansion_coefficient ... ok
test delete_operations_refuse_targets_named_by_load_state_records ... ok
test duplicate_ids_and_dangling_references_are_refused ... ok
test load_state_operations_apply_as_one_atomic_batch_or_not_at_all ... ok
test point_ref_resolves_only_on_the_selected_material ... ok
test pressure_profile_cannot_change_a_0_4_0_model ... ok
test expansion_laws_apply_undo_redo_and_resolve_as_closed_form_predicts ... ok
test explicit_null_wrong_version_missing_hash_and_envelope_are_refused ... ok
test support_deletion_scans_every_case_not_only_the_first ... ok
test replacing_or_removing_owners_cannot_orphan_case_references ... ok
test temperature_points_replacement_cannot_orphan_an_exact_point ... ok
test reference_configurations_apply_undo_redo_and_resolve_as_closed_form_predicts ... ok
test typed_refusals_match_the_product_typed_boundary ... ok
test analysis_state_apply_undo_redo_and_boundary_motion_moves_the_tip_rigidly ... ok

test result: ok. 16 passed; 0 failed; 0 ignored; 0 measured; 0 filtered out; finished in 0.79s

     Running tests/load_state_delete_control.rs (core/model_operations/operation_applier/target/debug/deps/load_state_delete_control-653e2a79e0af63b2)

running 2 tests
test pressure_profile_and_temperature_point_outcomes_before_0_4_0_are_byte_identical_to_the_base_revision ... ok
test delete_outcomes_without_load_state_records_are_byte_identical_to_the_base_revision ... ok

test result: ok. 2 passed; 0 failed; 0 ignored; 0 measured; 0 filtered out; finished in 0.09s

     Running tests/support_authoring_conflicts.rs (core/model_operations/operation_applier/target/debug/deps/support_authoring_conflicts-98889055d0fd2020)

running 5 tests
test late_invalid_configuration_rolls_back_earlier_valid_support_creation ... ok
test equal_duplicates_and_single_source_us_stiffness_preserve_entered_json ... ok
test explicit_family_tokens_are_exact_while_absence_and_null_are_preserved ... ok
test public_create_and_replace_reject_conflicting_stiffness_dof_or_exact_normalized_value ... ok
test invalid_families_reject_without_valid_payload_precedence_bypass ... ok

test result: ok. 5 passed; 0 failed; 0 ignored; 0 measured; 0 filtered out; finished in 0.07s

   Doc-tests open_pipe_stress_operation_applier

running 0 tests

test result: ok. 0 passed; 0 failed; 0 ignored; 0 measured; 0 filtered out; finished in 0.00s

running: cargo test core/product_physics
warning: function `is_exact_pressure_result_kind` is never used
    --> src/lib.rs:9668:4
     |
9668 | fn is_exact_pressure_result_kind(kind: &str) -> bool {
     |    ^^^^^^^^^^^^^^^^^^^^^^^^^^^^^
     |
     = note: `#[warn(dead_code)]` (part of `#[warn(unused)]`) on by default

warning: field `stage` is never read
  --> src/source_recovery.rs:68:9
   |
67 | pub(super) struct RecoveryFailure {
   |                   --------------- field in this struct
68 |     pub stage: &'static str,
   |         ^^^^^
   |
   = note: `RecoveryFailure` has derived impls for the traits `Clone` and `Debug`, but these are intentionally ignored during dead code analysis

warning: fields `support_id`, `global_dof`, `value`, and `functional_index` are never read
   --> src/source_recovery.rs:146:9
    |
145 | pub(super) struct SpringAction {
    |                   ------------ fields in this struct
146 |     pub support_id: String,
    |         ^^^^^^^^^^
147 |     pub global_dof: usize,
    |         ^^^^^^^^^^
148 |     pub value: f64,
    |         ^^^^^
149 |     pub functional_index: usize,
    |         ^^^^^^^^^^^^^^^^
    |
    = note: `SpringAction` has derived impls for the traits `Clone` and `Debug`, but these are intentionally ignored during dead code analysis

warning: multiple fields are never read
   --> src/source_recovery.rs:171:9
    |
170 | pub(super) struct RecoverySummary {
    |                   --------------- fields in this struct
171 |     pub dofs: usize,
    |         ^^^^
172 |     pub stiffness_contributions: usize,
    |         ^^^^^^^^^^^^^^^^^^^^^^^
173 |     pub identified_load_contributions: usize,
    |         ^^^^^^^^^^^^^^^^^^^^^^^^^^^^^
174 |     pub blocks: usize,
    |         ^^^^^^
175 |     pub largest_block: usize,
    |         ^^^^^^^^^^^^^
176 |     pub member_end_components: usize,
    |         ^^^^^^^^^^^^^^^^^^^^^
177 |     pub section_components: usize,
    |         ^^^^^^^^^^^^^^^^^^
178 |     pub spring_actions: usize,
    |         ^^^^^^^^^^^^^^
179 |     pub support_components: usize,
    |         ^^^^^^^^^^^^^^^^^^
180 |     pub published_nodal_components: usize,
    |         ^^^^^^^^^^^^^^^^^^^^^^^^^^
181 |     pub functional_count: usize,
    |         ^^^^^^^^^^^^^^^^
182 |     pub dof_projection_count: usize,
    |         ^^^^^^^^^^^^^^^^^^^^
183 |     pub max_absolute_projection_error: f64,
    |         ^^^^^^^^^^^^^^^^^^^^^^^^^^^^^
184 |     pub max_relative_projection_error: f64,
185 |     pub relative_limit: f64,
    |         ^^^^^^^^^^^^^^
    |
    = note: `RecoverySummary` has derived impls for the traits `Clone` and `Debug`, but these are intentionally ignored during dead code analysis

warning: field `springs` is never read
   --> src/source_recovery.rs:198:5
    |
192 | pub(super) struct SelectedSourceRecovery {
    |                   ---------------------- field in this struct
...
198 |     springs: Vec<SpringAction>,
    |     ^^^^^^^
    |
    = note: `SelectedSourceRecovery` has a derived impl for the trait `Debug`, but this is intentionally ignored during dead code analysis

warning: method `spring_actions` is never used
   --> src/source_recovery.rs:224:12
    |
207 | impl SelectedSourceRecovery {
    | --------------------------- method in this implementation
...
224 |     pub fn spring_actions(&self) -> &[SpringAction] {
    |            ^^^^^^^^^^^^^^

warning: method `mode` is never used
   --> src/source_receipt.rs:130:19
    |
108 | impl CapturedInvocation {
    | ----------------------- method in this implementation
...
130 |     pub(super) fn mode(&self) -> PreviewSolverMode {
    |                   ^^^^

warning: function `expected_primary` is never used
  --> src/source_receipt/rows.rs:55:15
   |
55 | pub(super) fn expected_primary(
   |               ^^^^^^^^^^^^^^^^

warning: function `derived` is never used
   --> src/source_receipt/rows.rs:329:15
    |
329 | pub(super) fn derived(
    |               ^^^^^^^

warning: `open_pipe_stress_product_physics` (lib) generated 9 warnings
warning: `open_pipe_stress_product_physics` (lib test) generated 6 warnings (6 duplicates)
    Finished `test` profile [unoptimized + debuginfo] target(s) in 0.05s
     Running unittests src/lib.rs (core/product_physics/target/debug/deps/open_pipe_stress_product_physics-a8933fa875cb39e7)

running 414 tests
test annulus_geometry::tests::ordinary_source_areas_and_solid_core_are_explicit ... ok
test annulus_geometry::tests::area_does_not_require_distinct_rounded_radii ... ok
test annulus_geometry::tests::scaled_area_avoids_intermediate_underflow_before_final_rounding ... ok
test annulus_geometry::tests::invalid_and_positive_unrepresentable_areas_fail_closed ... ok
test annulus_geometry::tests::scaled_source_area_does_not_depend_on_resolving_squared_radius_difference ... ok
test case_state::material::tests::equivalent_authored_units_produce_same_selected_values_and_temperatures ... ok
test case_state::material::tests::actual_and_selected_temperature_remain_distinct_and_known_mismatch_needs_override ... ok
test case_state::material::tests::duplicate_normalized_temperatures_missing_pairs_and_extrapolation_are_rejected ... ok
test case_state::material::tests::exact_selection_consumes_only_its_point_and_does_not_require_unrelated_property_pairs ... ok
test case_state::material::tests::fixed_base_requires_applicability_and_ignores_retained_g_without_inventing_temperature ... ok
test case_state::material::tests::every_consumed_pair_obeys_adjacent_producer_representability_boundaries ... ok
test case_state::material::tests::invalid_units_basis_absolute_temperature_and_override_fail_explicitly ... ok
test case_state::material::tests::named_points_bind_to_actual_material_and_cannot_resolve_unknown_or_duplicate_ids ... ok
test case_state::material::tests::same_actual_material_resolves_independently_for_two_members_without_mutation ... ok
test case_state::material::tests::bracket_selection_sorts_by_temperature_not_authored_order ... ok
test case_state::material::tests::exact_endpoints_and_strict_adjacent_interpolation_use_common_e_nu_not_interpolated_g ... ok
test case_state::temperature::tests::exactly_equal_temperatures_share_a_representative_and_order_is_checked ... ok
test case_state::temperature::tests::equivalent_authored_units_have_one_exact_identity ... ok
test case_state::tests::closed_namespace_refuses_sibling_keys_on_field_free_branches_and_quantities ... ok
test case_state::tests::blocked_load_state_envelopes_keep_the_load_reference_identity ... ok
test case_state::tests::declared_sources_apply_once_and_unreferenced_or_duplicate_sources_do_not ... ok
test case_state::tests::material_records_keep_typed_duplicate_key_refusal_with_positions ... ok
test case_state::tests::dense_observation_lanes_observe_the_prescribed_boundary_system ... ok
test case_state::tests::an_explicit_null_new_key_is_authored_presence_in_every_version ... ok
test case_state::tests::older_documents_carrying_the_new_namespace_block_instead_of_ignoring_it ... ok
test case_state::tests::all_prescribed_single_bar_has_no_free_axial_motion_but_nonzero_reactions ... ok
test case_state::tests::pressure_recovery_uses_each_cases_resolved_pair_and_eigenstrain_once ... ok
test case_state::tests::prescribed_root_translation_couples_through_partitioned_solve_and_unreduced_reactions ... ok
test case_state::tests::temperature_identity_is_exact_across_authored_units ... ok
test case_state::thermal::tests::constant_secant_and_interval_routes_need_no_absolute_temperature ... ok
test case_state::thermal::tests::coverage_duplicate_datum_and_nonpositive_free_length_fail_explicitly ... ok
test case_state::thermal::tests::datum_length_integral_and_logarithmic_definitions_remain_distinct ... ok
test case_state::thermal::tests::engineering_dilation_table_requires_zero_at_datum_and_integrates_segment_slopes ... ok
test case_state::thermal::tests::multi_segment_integrals_use_every_interior_segment_in_both_directions ... ok
test case_state::tests::public_route_refuses_sibling_fields_on_every_field_free_branch_and_quantity ... ok
test case_state::thermal::tests::secant_datum_conversion_matches_43_over_25009_from_verification_two_point_table ... ok
test case_state::thermal::tests::secant_table_covers_only_the_evaluated_interval_and_refuses_uncovered_evaluation ... ok
test case_state::thermal::tests::reversed_split_and_exact_endpoint_intervals_compose_as_free_length_ratios ... ok
test case_state::thermal::tests::signed_fit_composes_multiplicatively_with_thermal_state ... ok
test case_state::thermal::tests::small_interval_is_evaluated_directly_rather_than_from_rounded_long_stretches ... ok
test f1a_tests::f1a_composition_with_s11g_layout_and_no_op_rule ... ok
test f1a_tests::f1a_evidence_line_exact_text ... ok
test case_state::tests::thermal_datum_and_table_identities_are_exact_across_units ... ok
test f1a_tests::f1a_no_record_is_byte_identical_to_main ... ok
test case_state::tests::product_route_reproduces_single_and_multi_segment_free_length_references ... ok
test f1a_tests::f1a_reason_tokens_are_the_enum_variants ... ok
test f1a_tests::f1a_kd5_demoted_case_carries_exactly_one_d5_line ... ok
test f1a_tests::f1a_case_demoted_by_both_kd5_and_s11g_has_the_d5_line_alone ... ok
test f1b_tests::f1b_admission_names_each_family ... ok
test f1b_tests::f1b_a_non_range_failure_never_engages_w2 ... ok
test f1b_tests::f1b_each_modulus_basis_has_its_own_sparse_values ... ok
test f1b_tests::f1b_force_scaling_refusal_exact_template ... ok
test f1b_tests::f1b_guard_decision_below_at_and_above_the_ceiling ... ok
test f1b_tests::f1b_an_in_range_reaction_is_the_scaled_exact_sum_rounded_once ... ok
test f1b_tests::f1b_a_subnormal_spring_action_is_the_checked_helpers_value ... ok
test f1b_tests::f1b_lowered_ceiling_refuses_dense_scrutiny_before_any_mechanics ... ok
test f1b_tests::f1b_no_range_record_is_byte_identical_to_main ... ok
test f1b_tests::f1b_non_range_failure_at_b_keeps_the_integrity_code ... ok
test f1b_tests::f1b_observation_lane_estimate_equals_the_lanes_profile ... ok
test f1b_tests::f1b_publication_refuses_an_underflowing_reaction_by_name ... ok
test f1b_tests::f1b_lowered_ceiling_skips_the_observation_lane_with_a_named_reason ... ok
test f1b_tests::f1b_range_formation_decline_is_named_and_charges_nothing ... ok
test f1b_tests::f1b_range_scaling_line_composition_and_no_op_rule ... ok
test f1b_tests::f1b_range_scaling_line_exact_text_named_and_more ... ok
test f1a_tests::f1a_non_demoted_cases_carry_no_d5_line ... ok
test f1b_tests::f1b_rv11_n4_a_pre_scaled_ledger_is_detected_by_the_values ... ok
test f1b_tests::f1b_solve_ordinary_refuses_force_scaled_evidence_with_zero_work ... ok
test f1b_tests::f1b_source_recovery_budget_refusal_precedes_every_stiffness_read ... ok
test f1b_tests::f1b_range_classification_equals_the_orchestrators ... ok
test membrane_publication_range::original_subnormal_wall_force_direct_extrema_preserves_membrane ... ok
test membrane_publication_range::original_subnormal_wall_force_direct_publisher_preserves_membrane ... ok
test nonlinear_context_passthrough_tests::assembled_loop_context_is_a_pure_passthrough ... ok
test pressure_exact::tests::annulus_accepts_reference_and_adjacent_representable_radii ... ok
test pressure_exact::tests::annulus_rejects_invalid_and_nonrepresentable_geometry ... ok
test pressure_exact::tests::balanced_product_preserves_applied_eigen_rhs_from_subnormal_partial_product ... ok
test pressure_exact::tests::balanced_product_preserves_wall_force_from_subnormal_partial_product ... ok
test pressure_exact::tests::cap_and_applied_eigen_rhs_have_frozen_local_signs ... ok
test pressure_exact::tests::eigen_rhs_avoids_underflowing_eigenstrain_intermediate ... ok
test pressure_exact::tests::final_force_conversion_preserves_gradual_underflow_and_signed_zero ... ok
test pressure_exact::tests::four_rational_pi_states_match_frozen_oracle ... ok
test pressure_exact::tests::lame_matches_boundaries_interior_and_constant_sum ... ok
test pressure_exact::tests::lame_rejects_radii_outside_closed_wall_interval ... ok
test pressure_exact::tests::lame_uses_pressure_scale_for_adjacent_radius_boundary_tractions ... ok
test pressure_exact::tests::lame_zero_and_signed_pressure_scale_linearly ... ok
test pressure_exact::tests::material_derives_single_shear_modulus_authority ... ok
test pressure_exact::tests::material_rejects_invalid_bounds_and_nonrepresentable_g ... ok
test pressure_exact::tests::nonfinite_strains_and_true_output_overflow_return_errors ... ok
test pressure_exact::tests::numeric_edge_cases_preserve_frozen_outputs ... ok
test pressure_exact::tests::opposed_finite_strains_do_not_overflow_before_stress_scaling ... ok
test pressure_exact::tests::overflowing_force_terms_cancel_to_representable_applied_eigen_rhs ... ok
test pressure_exact::tests::overflowing_force_terms_cancel_to_representable_axial_state ... ok
test pressure_exact::tests::pressure_accepts_finite_signed_values_only ... ok
test pressure_exact::tests::reductions_auxetic_behavior_and_superposition_hold ... ok
test pressure_exact::tests::rounded_subnormal_area_does_not_control_normal_force_outputs ... ok
test pressure_exact::tests::squared_radius_ratio_stays_scaled_until_final_stress ... ok
test pressure_exact::tests::subnormal_area_intermediates_do_not_erase_representable_stress ... ok
test pressure_exact::tests::subnormal_pressure_rounding_is_accepted_without_blanket_rejection ... ok
test pressure_exact::tests::underflowed_fluid_force_does_not_erase_representable_stress ... ok
test pressure_exact::tests::wall_effective_and_membrane_identities_remain_independent ... ok
test pressure_runtime::grouping_identity_tests::either_derived_zero_direction_sign_contributes_no_force_group ... ok
test pressure_runtime::grouping_identity_tests::source_bore_identity_does_not_round_distinct_sources_to_match ... ok
test pressure_runtime::tests::chain_geometry_and_region_ownership_reject_ambiguous_composition ... ok
test pressure_runtime::tests::closure_ledger_excludes_remote_supports_and_does_not_invent_second_cap ... ok
test pressure_runtime::tests::explicit_terminals_members_and_pressure_basis_are_required ... ok
test pressure_runtime::tests::generic_node_and_support_row_suffix_collisions_block_exact_publication ... ok
test pressure_runtime::tests::malformed_pressure_namespaces_and_competing_selectors_never_fall_back ... ok
test pressure_runtime::tests::normalized_unit_path_and_nonrepresentable_output_are_explicit ... ok
test pressure_runtime::tests::profile_dispatch_requires_explicit_regions_and_refuses_legacy_pressure ... ok
test pressure_runtime::tests::region_identity_and_pipe_ownership_are_scoped_to_the_case ... ok
test pressure_runtime::tests::region_load_ledgers_are_separate_and_orientation_invariant ... ok
test pressure_runtime::tests::signed_pressure_and_zero_poisson_limit_do_not_include_thermal_load ... ok
test pressure_runtime::tests::unequal_wall_and_material_preserve_bore_caps_and_local_poisson_loads ... ok
test pressure_sum::tests::cancellation_retains_source_coefficients_and_is_order_independent ... ok
test pressure_sum::tests::normal_subnormal_boundary_and_nonfinite_rejection ... ok
test pressure_sum::tests::rounding_ties_and_sticky_bits_are_explicit ... ok
test pressure_sum::tests::wide_range_cancellation_never_overflows_an_intermediate_float ... ok
test preview_physics::tests::coverage_reports_unavailable_and_outside_domain_members ... ok
test preview_physics::tests::limitations_match_the_frozen_table ... ok
test preview_physics::tests::only_two_residual_devices_on_one_node_dof_are_ambiguous ... ok
test s11f_tests::f10_pressure_and_joint_thrust_g1e8 ... ok
test s11f_tests::f10_pressure_and_joint_thrust_g1e80 ... ok
test f1b_tests::f1b_relabelling_and_permutation_give_the_same_answers ... ok
test s11f_tests::f14_p1_probe_a_cases_publish_the_exact_net_answer_on_both_entries ... ok
test f1b_tests::f1b_sparse_wiring_is_bit_identical_to_the_dense_assembly_on_the_declared_subset ... ok
test s11f_tests::f2_probe_a_through_the_product_g1e80 ... ok
test s11f_tests::f2_probe_a_through_the_product_g1e8 ... ok
test s11f_tests::f3_realistic_hot_run_on_the_0_4_0_eigen_route ... ok
test f1b_tests::f1b_no_automatic_dense_fallback ... ok
test s11f_tests::f3_realistic_hot_run_publishes_the_exact_net_displacement ... ok
test s11f_tests::f6_multi_case_pre_0_4_invocation_never_errs_on_cancelling_loads ... ok
test s11f_tests::f8_curved_bend_thermal_cancelling_strains ... ok
test s11f_tests::f8_curved_bend_thermal_terms_are_exact_products ... ok
test s11f_tests::f8_curved_bend_uniform_g1e8 ... ok
test s11f_tests::f4_retained_source_selects_the_cancelling_case_and_matches_the_exact_net ... ok
test s11f_tests::f8_curved_bend_uniform_g1e80 ... ok
test s11f_tests::n6_product_residual_rows_use_the_exact_numerator ... ok
test s11f_tests::s1_sensitive_mapping_names_every_flagged_row_and_refuses_nothing ... ok
test s11f_tests::s1_unauditable_load_row_is_published_sensitive_with_the_warning ... ok
test s11f_tests::f9_support_motion_on_the_0_4_0_route_is_exact ... ok
test s11g_tests::d21_1_second_test_adds_the_bound_exactly ... ok
test s11g_tests::e1_ordinary_err_guard_fired_case_keeps_mains_attempt ... ok
test s11g_tests::exact_pressure_operand_bound_is_gamma_20 ... ok
test s11g_tests::exact_pressure_operand_rows_carry_their_bound ... ok
test s11g_tests::m10_families_are_combined_exactly ... ok
test s11g_tests::m18_threshold_constant_is_rounded_down ... ok
test s11g_tests::no_op_rule_leaves_a_non_passed_record_untouched ... ok
test s11g_tests::rb_prime_clauses_at_their_boundaries ... ok
test s11g_tests::curved_thermal_records_name_the_pushed_products ... ok
test s11g_tests::restrained_rows_take_the_all_rows_scale ... ok
test s11g_tests::ruling2_boundary_of_the_first_clause ... ok
test s11g_tests::t10_routing_predicates ... ok
test s11g_tests::ruling1_both_guards_fire_and_the_load_row_sentence_stands ... ok
test s11g_tests::t11_inplane_rows_are_demoted_by_rb_prime_alone ... ok
test s11g_tests::t13_committed_fallback_uz_is_byte_identical ... FAILED
test s11g_tests::t13b_already_sensitive_case_is_left_untouched ... ok
test s11f_tests::f5_eigen_join_is_selected_and_publishes_the_exact_net ... ok
test s11g_tests::t15_curved_uniform_load_is_cannot_bound ... ok
test s11g_tests::t18_path2_invocation_is_not_refused ... ok
test s11f_tests::f1_f11_f12_rf_cancel_cases_meet_the_binding_predicate_on_both_entries ... ok
test s11g_tests::t1_udl_w1e8_is_demoted_on_both_entries_and_modes ... ok
test s11g_tests::t19_path1_load_row_variant_is_not_refused ... ok
test s11g_tests::t21_selection_is_declined_for_a_formation_finding ... ok
test s11g_tests::t22_invocation_budget_equals_main_on_a_passed_guard_fired_case ... ok
test s11g_tests::t2_udl_w1e80_is_demoted_on_the_typed_entry ... ok
test s11g_tests::t3_udl_w1e5_stays_checks_passed ... ok
test s11g_tests::t4_nodal_cancellation_is_never_demoted_by_the_load_row_guard ... ok
test s11g_tests::t4b_exact_formed_terms_cancelled_by_inputs_stay_silent ... ok
test s11g_tests::t5_probe_a_same_expression_defects_cancel ... ok
test s11g_tests::t20_characterization_rb_prime_residual_c1 ... ok
test s11g_tests::t6_collinear_skew_pair_cancels_signed_defects ... ok
test s11g_tests::t6b_floor_never_hides_a_net_defect ... ok
test self_weight::tests::applied_legacy_without_source_hash_is_inspected_without_fabrication ... ok
test self_weight::tests::applied_self_weight_checks_each_consumed_input ... ok
test self_weight::tests::applied_self_weight_fails_closed_for_malformed_lineage_but_ignores_manual ... ok
test self_weight::tests::applied_self_weight_ignores_unconsumed_edits_and_equivalent_units ... ok
test self_weight::tests::applied_self_weight_invalid_current_geometry_is_input_invalid ... ok
test self_weight::tests::applied_self_weight_invalid_units_and_shared_cache_are_not_stale ... ok
test self_weight::tests::applied_self_weight_is_pure_and_density_drift_blocks ... ok
test self_weight::tests::applied_self_weight_modified_requires_explicit_manual_preservation ... ok
test self_weight::tests::applied_self_weight_snapshot_cannot_authenticate_itself ... ok
test self_weight::tests::genuine_v1_requires_method_refresh_and_retains_verbatim_history ... ok
test self_weight::tests::modified_retarget_can_be_preserved_after_original_source_is_removed ... ok
test self_weight::tests::ordinary_manual_mentions_and_near_prefixes_are_not_lineage ... ok
test self_weight::tests::self_weight_alternate_units_and_all_mass_sources ... ok
test self_weight::tests::self_weight_invalid_quantities_fail_without_partial_plan ... ok
test self_weight::tests::self_weight_rejects_unknown_request_options ... ok
test self_weight::tests::self_weight_section_resolution_and_unselected_isolation ... ok
test self_weight::tests::self_weight_selection_geometry_and_collisions ... ok
test self_weight::tests::self_weight_signed_axes_shape_and_immutable_inputs ... ok
test self_weight::tests::stable_mass_ranges_fail_but_actual_optional_zero_is_valid ... ok
test self_weight::tests::stable_method_tag_is_mandatory_and_not_inferred ... ok
test self_weight::tests::stable_source_areas_preserve_thin_wall_and_insulation ... ok
test s11g_tests::t6a_collinear_runs_are_silent_with_the_floor ... ok
test s11g_tests::t16_formation_rows_are_published_non_passed_on_both_entries ... ok
test source_receipt::composite::tests::checked_support_norm_composes_interval_and_arithmetic_error ... ok
test source_receipt::endpoint_maximum::tests::axial_and_zero_constant_fields_are_not_unique_endpoint_maxima ... ok
test source_receipt::endpoint_maximum::tests::cancellation_sensitive_action_is_bounded_not_recovered_from_displacements ... ok
test source_receipt::endpoint_maximum::tests::extreme_normal_and_subnormal_projection_controls ... ok
test source_receipt::endpoint_maximum::tests::invalid_numeric_inputs_and_contradicted_constant_n_are_refused ... ok
test source_receipt::endpoint_maximum::tests::primitive_criterion_does_not_automatically_qualify_the_derived_recipe ... ok
test source_receipt::endpoint_maximum::tests::projection_uncertainty_is_composed_and_not_reported_as_exact_equality ... ok
test source_receipt::endpoint_maximum::tests::pure_biaxial_opposite_and_strict_controls ... ok
test source_budget_tests::smaller_case_and_invocation_caps_deny_without_refunding_work ... ok
test source_receipt::load_state_fallback_tests::a_join_that_passes_the_replay_screen_but_cannot_finalize_falls_back_at_the_public_limit ... ok
test source_budget_tests::real_multicase_run_debits_one_invocation_and_keeps_actual_maximum ... ok
test source_receipt::load_state_fallback_tests::a_selected_case_whose_own_finalization_fails_after_the_reservation_falls_back ... ok
test source_receipt::load_state_fallback_tests::reviewer_scenario_a_budget_cliff_publishes_the_ordinary_route_instead_of_blocking ... ok
test source_receipt::load_state_fallback_tests::a_republication_reports_a_case_s_own_replay_screen_refusal ... ok
test source_receipt::load_state_fallback_tests::reviewer_scenario_b_composite_with_sensitive_pressure_case_publishes_the_ordinary_route ... ok
test source_receipt::load_state_fallback_tests::the_pre04_composite_finalization_failure_is_unchanged_by_this_fallback ... ok
test source_receipt::load_state_fallback_tests::the_committed_witness_still_selects_and_finalizes_within_the_public_limit ... ok
test source_receipt::load_state_join_tests::a_resolved_motion_without_exactly_one_rigid_owner_is_refused_at_source_closure ... ok
test source_receipt::load_state_join_tests::a_primitive_load_colliding_with_the_reserved_eigen_source_id_is_refused_at_closure ... ok
test source_receipt::load_state_join_tests::a_zero_valued_pressure_region_is_not_joined ... ok
test source_receipt::load_state_fallback_tests::a_fallback_after_invocation_limit_exhaustion_stays_within_the_invocation_limit ... ok
test source_receipt::load_state_join_tests::post_capture_perturbations_accepted_live_are_refused_by_captured_replay ... ok
test source_receipt::load_state_join_tests::a_selected_case_whose_member_pair_differs_from_the_base_qualifies_with_its_own_pair ... ok
test source_receipt::load_state_join_tests::two_selected_cases_with_different_pairs_and_motions_each_bind_their_own_state ... ok
test source_receipt::load_state_tests::a_resolved_eigenload_without_its_built_section_blocks_instead_of_disappearing ... ok
test source_receipt::load_state_tests::a_resolved_operand_perturbed_after_capture_is_refused_by_receipt_replay ... ok
test source_receipt::load_state_tests::an_unavailable_join_keeps_the_ordinary_load_reference_publication ... ok
test s11g_tests::t12_accurate_small_moment_rows_below_the_floor_stay_passed ... ok
test source_receipt::load_state_tests::physical_binding_refuses_a_changed_published_load_reference_record_or_member_material ... ok
test source_receipt::load_state_tests::source_closure_refuses_live_resolved_operands_that_did_not_reach_formation ... ok
test source_receipt::load_state_tests::unperturbed_capture_replays_and_binds_the_selected_joined_response ... ok
test source_receipt::tests::actual_capture_replay_rejects_changed_material_or_load_source ... ok
test source_receipt::tests::captured_invocation_keeps_unknown_absence_material_and_actual_mode ... ok
test source_receipt::tests::checked_norm_does_not_hide_overflow_or_underflow ... ok
test source_receipt::tests::composite_adapter_refuses_missing_zero_and_nonzero_regions ... ok
test source_receipt::tests::composite_captured_exact_empty_regions_replay_and_overrides ... ok
test source_receipt::tests::composite_fields_work_measurement ... ignored, bounded resource measurement with private 16M test budget; not public qualification
test source_receipt::tests::composite_recipe_reserves_before_failures_and_geometry_changes ... ok
test source_receipt::load_state_tests::joined_publication_uses_its_own_semantics_profile_policy_and_case_record ... ok
test source_receipt::tests::legacy_model_three_retains_ordinary_route_without_old_source_namespace ... ok
test source_receipt::tests::receipt_domain_hashes_are_acyclic_and_distinct ... ok
test source_receipt::tests::selected_projection_mapping_rejects_value_unit_entity_missing_duplicate ... ok
test source_recovery::tests::coincident_ideal_ownership_is_not_copied_to_multiple_supports ... ok
test source_recovery::tests::omitted_zero_load_producer_and_source_mutations_are_rejected ... ok
test source_recovery::tests::selection_failure_preserves_denied_whole_attempt_work ... ok
test source_recovery::tests::signed_permutation_uses_all_actual_entries_without_tolerance ... ok
test source_recovery::tests::source_plan_preserves_absorbed_loads_and_distinct_colocated_springs ... ok
test tests::absent_mill_tolerance_slot_means_no_reduction ... ok
test tests::audit_ground_spring_stability_and_duplicate_constraints ... ok
test tests::audit_nonfinite_computed_mechanics_never_publishes_solved_rows ... ok
test source_receipt::load_state_join_tests::the_mixed_joined_envelope_binds_its_ordinary_pressure_case_record ... ok
test tests::audit_retained_spring_fixture_uses_selected_node_state ... ok
test tests::base_material_values_are_used_when_no_modulus_basis_is_named ... ok
test source_receipt::tests::composite_resource_policy_cannot_promote_old_method_or_refund_failure ... ok
test tests::bend_component_user_multipliers_emit_stress_review_rows ... ok
test tests::branch_component_user_multipliers_emit_side_specific_stress_review_rows ... ok
test tests::combination_stress_summary_rows_are_skipped_with_diagnostics ... ok
test tests::constant_effort_applies_in_every_solved_load_case ... ok
test tests::constant_effort_consumption_matches_superposition_identity ... ok
test tests::constant_effort_direction_follows_declared_translational_dof_positive_axis ... ok
test tests::constant_effort_missing_or_nonpositive_load_keeps_existing_blocking_and_no_defaults ... ok
test tests::constant_effort_non_consuming_shapes_warn_without_force_or_blocking ... ok
test tests::constant_effort_user_limit_comparison_warns_from_user_data_only ... ok
test tests::contact_recovery_failed_sparse_and_dense_attempt_emits_no_success_fallback ... ok
test tests::contact_recovery_product_crosses_preflight_and_absent_linear_solution ... ok
test tests::contact_recovery_product_insufficient_or_invalid_potential_restraint_stays_blocked ... ok
test tests::contact_recovery_product_selected_tip_matches_axial_oracle_and_reverse_blocks ... ok
test tests::constant_effort_coexists_with_nonlinear_supports_and_nonlinear_field_precedence ... ok
test tests::curved_bend_macro_element_anchored_thermal_produces_reactions ... ok
test tests::curved_bend_macro_element_assembles_arc_stiffness_without_straight_chord ... ok
test tests::curved_bend_macro_element_blocks_on_missing_or_inconsistent_geometry ... ok
test tests::curved_bend_macro_element_consumes_arc_consistent_uniform_weight ... ok
test source_receipt::load_state_join_tests::joined_rows_agree_with_the_ordinary_route_and_closed_forms ... ok
test tests::curved_bend_macro_element_keeps_dense_sparse_parity ... ok
test tests::curved_bend_macro_element_multiplier_applies_sif_only ... ok
test tests::curved_bend_macro_element_emits_arc_interior_station_results ... ok
test tests::curved_bend_macro_element_review_row_states_assembled_consumption ... ok
test tests::curved_bend_macro_element_solves_assembled_nonlinear_loop ... ok
test tests::curved_bend_macro_element_thermal_free_expansion_is_stress_free ... ok
test tests::curved_bend_macro_span_pressure_reaches_nonlinear_loop_with_same_vector_historical_pressure_premise ... ok
test tests::dec092_fixture_consumes_exact_and_interpolated_g_with_provenance_and_combination_carry_through ... ok
test tests::declared_solve_temperature_interpolates_e_and_alpha_with_provenance ... ok
test tests::displacement_component_rows_are_deterministic_across_runs ... ok
test tests::displacement_component_rows_carry_signed_global_directions ... ok
test tests::duplicate_ids_block_with_diagnostic ... ok
test tests::empty_ids_block_with_diagnostic ... ok
test tests::endpoint_section_cut_curved_bend_pressure_shows_membrane_end_and_station_state_historical_pressure_premise ... ok
test tests::endpoint_section_cut_curved_endpoints_use_all_six_arc_resultants_historical_pressure_premise ... ok
test tests::endpoint_section_cut_curved_endpoints_use_all_six_arc_resultants_without_pressure ... ok
test tests::endpoint_section_cut_fixed_and_free_pressure_thermal_match_uniform_stations_historical_pressure_premise ... ok
test tests::endpoint_section_cut_genuine_pressure_preserves_existing_result_leaves_historical_pressure_premise ... ok
test tests::dense_scrutiny_mode_keeps_sparse_parity_row ... ok
test tests::endpoint_section_cut_mixed_hydrotest_pressure_blocks_entire_solve ... ok
test tests::authored_coordinate_units_preserve_preview_results_and_source ... ok
test tests::envelope_keeps_status_boundaries_separate ... ok
test tests::exact_and_interpolated_basis_fields_are_mutually_exclusive ... ok
test tests::endpoint_section_cut_two_genuine_pressures_sum_once_for_thrust_and_stress_historical_pressure_premise ... ok
test tests::endpoint_section_cut_straight_axial_torsion_and_bending_match_every_station ... ok
test tests::explicit_anchor_all_six_preserves_complete_restraint ... ok
test tests::explicit_anchor_mixed_dofs_leave_uy_spring_and_other_dofs_free ... ok
test tests::explicit_anchor_repair_preserves_named_and_implicit_family_fallbacks ... ok
test tests::explicit_anchor_rx_only_preserves_partial_rotation_through_boundary ... ok
test tests::expansion_joint_pressure_thrust_uses_user_effective_area_as_load_side_evidence_historical_pressure_premise ... ok
test tests::f3_explicit_six_dof_guide_keeps_family_and_reports_invalid_rotations ... ok
test tests::f3_family_tokens_accept_exact_canonical_vocabulary ... ok
test tests::expansion_joint_user_stiffness_emits_macro_element_review_rows ... ok
test tests::f3_invalid_family_blocks_every_payload_before_mechanics ... ok
test tests::f3_canonical_spring_retains_elastic_stiffness ... ok
test tests::fixed_fixed_thermal_load_applies_axial_fixed_end_correction ... ok
test tests::friction_preview_derives_normal_from_named_support_reaction ... ok
test tests::friction_preview_slides_and_converges_with_explicit_normal_evidence ... ok
test tests::friction_preview_surfaces_explicit_normal_evidence_without_combining_it ... ok
test tests::gap_preview_closes_to_explicit_clearance_through_dense_loop ... ok
test tests::generated_result_metadata_and_historical_quantization_match_legacy_fixture_historical_pressure_premise ... ok
test tests::guide_preview_mapping_remains_guide_with_entered_dofs ... ok
test tests::historical_round6_demonstrates_subquantum_information_loss ... ok
test tests::incompatible_material_unit_blocks_with_diagnostic ... ok
test tests::current_composite_derived_normal_friction_and_reversal ... ok
test tests::input_contract_guided_rest_preserves_disjoint_restraint ... ok
test tests::input_contract_hydrotest_pressure_blocks_instead_of_silently_ignoring ... ok
test tests::input_contract_local_provenance_is_traceability_not_clearance ... ok
test tests::input_contract_authored_moment_axes_reach_live_solve ... ok
test tests::f3_missing_and_null_family_preserve_existing_inference_and_payloads ... ok
test tests::input_contract_repair_conflicting_spring_family_constant_hanger_blocks ... ok
test tests::input_contract_repair_colocated_constant_force_and_contact_obey_equilibrium ... ok
test tests::input_contract_repair_colocated_spring_and_contact_obey_equilibrium ... ok
test tests::input_contract_unused_stiffness_and_conflicting_spring_axis_block ... ok
test tests::integrity_disconnected_body_is_not_restrained_by_another_bodys_anchor ... ok
test tests::integrity_exact_case_ids_do_not_alias_passing_and_unassessed_cases ... ok
test tests::integrity_exact_case_ids_keep_actual_linear_passes_and_component_warnings_distinct ... ok
test tests::input_contract_repair_skew_authored_moments_match_rotated_analytical_couples ... ok
test tests::interpolation_blocks_at_and_beyond_stored_range_edges ... ok
test tests::invalid_combination_records_block_with_diagnostics ... ok
test tests::invalid_load_unit_blocks_with_diagnostic ... ok
test tests::invalid_subtraction_and_range_records_block_with_named_diagnostics ... ok
test tests::integrity_oblique_torsion_requires_actual_rotational_ground_in_both_modes ... ok
test tests::lift_off_preview_releases_contact_through_dense_loop ... ok
test tests::load_case_modulus_basis_selects_exact_user_entered_hot_point ... ok
test tests::mill_tolerance_reduces_derived_effective_wall_and_section_modulus ... ok
test tests::integrity_multicase_evidence_and_component_diagnostics_have_unique_real_case_identity ... ok
test tests::missing_all_primitive_loads_blocks_with_diagnostic ... ok
test tests::missing_load_input_blocks_with_diagnostic ... ok
test tests::missing_material_blocks_with_diagnostic ... ok
test tests::missing_or_invalid_project_length_units_block_preview ... ok
test tests::missing_pipe_orientation_blocks_with_diagnostic ... ok
test tests::missing_public_preview_provenance_blocks_with_diagnostic ... ok
test tests::mixed_nonlinear_preview_bundle_converges_and_emits_each_support_state ... ok
test tests::legacy_bend_mode_keeps_multiplier_and_chord_realization_unchanged ... ok
test tests::f3_real_hanger_nonlinear_and_dof_aliases_remain_supported ... ok
test tests::mill_tolerance_units_are_normalized_at_preview_boundary ... ok
test tests::modulus_basis_point_without_elastic_modulus_is_blocking ... ok
test tests::named_line_stop_reaches_solver_family_with_entered_dof ... ok
test tests::named_vertical_support_reaches_solver_family_with_entered_dof ... ok
test tests::node_normalization_preserves_quantities_directions_and_authored_metadata ... ok
test tests::nonlinear_support_current_pressure_free_law_in_both_modes ... ok
test tests::mixed_units_are_normalized_at_preview_mechanics_boundary_historical_pressure_premise ... ok
test tests::mixed_units_are_normalized_at_preview_mechanics_boundary_without_pressure ... ok
test tests::models_without_constant_effort_supports_are_untouched_by_the_consumption_path ... ok
test tests::p5_combined_magnitude_withholds_incomplete_vector ... ok
test tests::p5_combinations_cancel_vectors_and_preserve_subquantum_inputs ... ok
test tests::p5_constant_signed_cut_fields_and_fixed_thermal_compression ... ok
test tests::p5_effective_thermal_alpha_and_duplicate_wind_fail_closed ... ok
test tests::p5_disjoint_spans_superpose_signed_member_fields ... ok
test tests::p5_piecewise_extrema_find_interior_peak_and_preserve_reversed_axes ... ok
test tests::operation_authored_primitive_categories_map_to_preview_mechanics ... ok
test tests::precision_nonfinite_values_are_rejected_not_serialized_as_null ... ok
test tests::precision_same_unit_raw_quantity_bits_and_numeric_strings_roundtrip ... ok
test tests::precision_n01_bending_and_summary_match_independent_eb_reference ... ok
test tests::precision_solved_and_blocked_headers_bind_actual_producer_without_assessment ... ok
test tests::present_but_invalid_mill_tolerance_is_blocking ... ok
test tests::pressure_load_direction_does_not_change_thrust_magnitude_or_sign_historical_pressure_premise ... ok
test tests::pressure_thrust_applies_axial_fixed_end_correction_without_longitudinal_rows_historical_pressure_premise ... ok
test tests::pressure_thrust_on_macro_span_assembles_complete_self_equilibrated_arc_system ... ok
test tests::p5_uniform_full_partial_and_rotated_beams_match_independent_equilibrium ... ok
test tests::private_historical_scope_restores_after_unwind_and_is_thread_local ... ok
test tests::p5_adjacent_spans_and_qualified_case_edges_preserve_physics ... ok
test tests::private_historical_pressure_scope_restores_public_refusal_and_rejects_exact ... ok
test tests::range_combination_records_each_operand_modulus_basis ... ok
test tests::seismic_generation_with_partial_insulation_pair_is_blocking ... ok
test tests::seismic_generation_without_material_density_is_blocking ... ok
test tests::seismic_generation_without_user_gravity_is_blocking_not_defaulted ... ok
test tests::seismic_equivalent_static_generation_matches_authored_distributed_load ... ok
test tests::precision_signed_subquantum_torsion_both_modes_matches_independent_annulus ... ok
test tests::shared_section_blank_reference_identity_blocks_common_entry ... ok
test tests::shared_section_equivalent_but_different_cache_representation_is_stale ... ok
test tests::shared_section_local_mill_tolerance_must_leave_positive_wall ... ok
test tests::selected_basis_blocks_missing_invalid_or_dimensionally_wrong_point_g ... ok
test tests::shared_section_matching_reference_resolves_and_preserves_local_inputs ... ok
test tests::shared_section_stale_cache_blocks_common_solver_entry ... ok
test tests::shared_section_wire_is_optional_and_retained ... ok
test tests::spring_hanger_missing_stiffness_blocks_without_defaulting ... ok
test tests::shared_section_reference_failures_are_explicit ... ok
test tests::subspan_wind_double_marking_same_pipe_is_blocking ... ok
test tests::subspan_wind_generation_matches_hand_computed_lever_rule_nodal_forces ... ok
test tests::subspan_wind_invalid_fractions_are_blocking ... ok
test tests::subspan_wind_missing_span_fields_is_blocking ... ok
test tests::selected_point_g_is_base_independent_and_selected_g_sensitive ... ok
test tests::range_envelope_combination_selects_each_shipped_mode_deterministically ... ok
test tests::subspan_wind_on_curved_bend_macro_span_is_blocking ... ok
test tests::subspan_wind_unknown_pipe_ref_is_blocking ... ok
test tests::subspan_wind_mixed_whole_and_partial_marking_superposes_on_distinct_pipes ... ok
test tests::subspan_wind_overlapping_extents_are_blocking_but_disjoint_extents_solve ... ok
test tests::successor_mixed_product_evaluates_actual_final_rows_in_both_modes ... ok
test tests::temperature_g_interpolation_uses_adjacent_points_and_duplicate_temperatures_still_block ... ok
test tests::thermal_load_requires_explicit_material_expansion_coefficient ... ok
test tests::under_restrained_model_reports_solver_diagnostic ... ok
test tests::thermal_load_direction_does_not_change_thermal_magnitude_or_sign ... ok
test tests::unresolved_exact_modulus_basis_is_blocking_without_defaulting ... ok
test tests::unit_contract_rotational_gap_cannot_consume_a_length_as_an_angle ... ok
test tests::spring_hanger_user_inputs_emit_review_rows_without_catalog_defaults ... ok
test tests::subtraction_combination_subtracts_solved_rows_with_signed_determinism ... ok
test tests::valid_invented_model_exposes_element_force_components ... ok
test tests::valid_invented_model_exposes_endpoint_stress_components_historical_pressure_premise ... ok
test tests::valid_invented_model_exposes_explicit_load_combination_results ... ok
test tests::valid_invented_model_exposes_endpoint_stress_components_without_pressure ... ok
test tests::wind_equivalent_static_generation_matches_authored_distributed_load ... ok
test tests::wind_generation_without_marked_spans_is_blocking ... ok
test tests::valid_invented_model_exposes_global_displacement_components ... ok
test tests::valid_invented_model_solves_deterministically ... ok
test tests::valid_invented_model_exposes_nonlinear_support_loop_evidence_historical_pressure_premise ... ok

failures:

---- s11g_tests::t13_committed_fallback_uz_is_byte_identical stdout ----

thread 's11g_tests::t13_committed_fallback_uz_is_byte_identical' (16439384) panicked at src/s11g_tests.rs:1666:9:
SparseInteractive: committed bytes changed
note: run with `RUST_BACKTRACE=1` environment variable to display a backtrace


failures:
    s11g_tests::t13_committed_fallback_uz_is_byte_identical

test result: FAILED. 412 passed; 1 failed; 1 ignored; 0 measured; 0 filtered out; finished in 5.14s

error: test failed, to rerun pass `--lib`
failed: cargo test core/product_physics exited 101
[evidence-sweep] FAILED at surface cargo_crate_sweep; remaining surfaces recorded as not_run

[evidence-sweep] overall: fail
[evidence-sweep] commit: 597c81ba4b3dcf9a1154ef438a3c827054a57ad9
[evidence-sweep] summary: validation/evidence/sweeps/SWEEP_20260930T003007Z_597c81ba4b3d.json
