{
  "checks": [
    "practitioner_harness",
    "validation"
  ],
  "paths": [
    "projects/chirality-runtime/README.md",
    "projects/chirality-runtime/execution/PKG-02_Runtime_Product/1_Working/DEL-02-06_Generic_Runtime_Stewardship_and_Release_Assurance/_run_records/DEL-02-06-RUNTIME-SPEC-001/ABSENCE_PROOF.json",
    "projects/chirality-runtime/execution/PKG-02_Runtime_Product/1_Working/DEL-02-06_Generic_Runtime_Stewardship_and_Release_Assurance/_run_records/DEL-02-06-RUNTIME-SPEC-001/ACTIVATION.md",
    "projects/chirality-runtime/execution/PKG-02_Runtime_Product/1_Working/DEL-02-06_Generic_Runtime_Stewardship_and_Release_Assurance/_run_records/DEL-02-06-RUNTIME-SPEC-001/BOOTSTRAP_FILES.json",
    "projects/chirality-runtime/execution/PKG-02_Runtime_Product/1_Working/DEL-02-06_Generic_Runtime_Stewardship_and_Release_Assurance/_run_records/DEL-02-06-RUNTIME-SPEC-001/BOUNDED_V2_TRANCHE_CLARIFICATION.md",
    "projects/chirality-runtime/execution/PKG-02_Runtime_Product/1_Working/DEL-02-06_Generic_Runtime_Stewardship_and_Release_Assurance/_run_records/DEL-02-06-RUNTIME-SPEC-001/CHILD_SESSIONS.json",
    "projects/chirality-runtime/execution/PKG-02_Runtime_Product/1_Working/DEL-02-06_Generic_Runtime_Stewardship_and_Release_Assurance/_run_records/DEL-02-06-RUNTIME-SPEC-001/CONCURRENT_EDIT_REVALIDATION.json",
    "projects/chirality-runtime/execution/PKG-02_Runtime_Product/1_Working/DEL-02-06_Generic_Runtime_Stewardship_and_Release_Assurance/_run_records/DEL-02-06-RUNTIME-SPEC-001/CURRENT_BASIS.json",
    "projects/chirality-runtime/execution/PKG-02_Runtime_Product/1_Working/DEL-02-06_Generic_Runtime_Stewardship_and_Release_Assurance/_run_records/DEL-02-06-RUNTIME-SPEC-001/CURRENT_SOURCE_PINS.json",
    "projects/chirality-runtime/execution/PKG-02_Runtime_Product/1_Working/DEL-02-06_Generic_Runtime_Stewardship_and_Release_Assurance/_run_records/DEL-02-06-RUNTIME-SPEC-001/FINAL_ARTIFACTS.sha256",
    "projects/chirality-runtime/execution/PKG-02_Runtime_Product/1_Working/DEL-02-06_Generic_Runtime_Stewardship_and_Release_Assurance/_run_records/DEL-02-06-RUNTIME-SPEC-001/IMPLEMENTATION_AUTHORITY_INTERPRETATION.md",
    "projects/chirality-runtime/execution/PKG-02_Runtime_Product/1_Working/DEL-02-06_Generic_Runtime_Stewardship_and_Release_Assurance/_run_records/DEL-02-06-RUNTIME-SPEC-001/MANAGER_RETURN.md",
    "projects/chirality-runtime/execution/PKG-02_Runtime_Product/1_Working/DEL-02-06_Generic_Runtime_Stewardship_and_Release_Assurance/_run_records/DEL-02-06-RUNTIME-SPEC-001/N0_ACCEPTANCE.md",
    "projects/chirality-runtime/execution/PKG-02_Runtime_Product/1_Working/DEL-02-06_Generic_Runtime_Stewardship_and_Release_Assurance/_run_records/DEL-02-06-RUNTIME-SPEC-001/N1_ACCEPTANCE.md",
    "projects/chirality-runtime/execution/PKG-02_Runtime_Product/1_Working/DEL-02-06_Generic_Runtime_Stewardship_and_Release_Assurance/_run_records/DEL-02-06-RUNTIME-SPEC-001/N2_ACCEPTANCE.md",
    "projects/chirality-runtime/execution/PKG-02_Runtime_Product/1_Working/DEL-02-06_Generic_Runtime_Stewardship_and_Release_Assurance/_run_records/DEL-02-06-RUNTIME-SPEC-001/N3_ACCEPTANCE.md",
    "projects/chirality-runtime/execution/PKG-02_Runtime_Product/1_Working/DEL-02-06_Generic_Runtime_Stewardship_and_Release_Assurance/_run_records/DEL-02-06-RUNTIME-SPEC-001/N4_ACCEPTANCE.md",
    "projects/chirality-runtime/execution/PKG-02_Runtime_Product/1_Working/DEL-02-06_Generic_Runtime_Stewardship_and_Release_Assurance/_run_records/DEL-02-06-RUNTIME-SPEC-001/N5_REVIEW.md",
    "projects/chirality-runtime/execution/PKG-02_Runtime_Product/1_Working/DEL-02-06_Generic_Runtime_Stewardship_and_Release_Assurance/_run_records/DEL-02-06-RUNTIME-SPEC-001/PRE_INTEGRATION_MEMBER_CHECK.json",
    "projects/chirality-runtime/execution/PKG-02_Runtime_Product/1_Working/DEL-02-06_Generic_Runtime_Stewardship_and_Release_Assurance/_run_records/DEL-02-06-RUNTIME-SPEC-001/READ_AMENDMENT.md",
    "projects/chirality-runtime/execution/PKG-02_Runtime_Product/1_Working/DEL-02-06_Generic_Runtime_Stewardship_and_Release_Assurance/_run_records/DEL-02-06-RUNTIME-SPEC-001/READ_AMENDMENT_V2.md",
    "projects/chirality-runtime/execution/PKG-02_Runtime_Product/1_Working/DEL-02-06_Generic_Runtime_Stewardship_and_Release_Assurance/_run_records/DEL-02-06-RUNTIME-SPEC-001/READ_AMENDMENT_V3.json",
    "projects/chirality-runtime/execution/PKG-02_Runtime_Product/1_Working/DEL-02-06_Generic_Runtime_Stewardship_and_Release_Assurance/_run_records/DEL-02-06-RUNTIME-SPEC-001/RUNTIME_EVENTS.jsonl",
    "projects/chirality-runtime/execution/PKG-02_Runtime_Product/1_Working/DEL-02-06_Generic_Runtime_Stewardship_and_Release_Assurance/_run_records/DEL-02-06-RUNTIME-SPEC-001/RUNTIME_SUMMARY.json",
    "projects/chirality-runtime/execution/PKG-02_Runtime_Product/1_Working/DEL-02-06_Generic_Runtime_Stewardship_and_Release_Assurance/_run_records/DEL-02-06-RUNTIME-SPEC-001/WORK_GRAPH.json",
    "projects/chirality-runtime/execution/PKG-02_Runtime_Product/1_Working/DEL-02-06_Generic_Runtime_Stewardship_and_Release_Assurance/_run_records/DEL-02-06-RUNTIME-SPEC-001/WORK_GRAPH_STATUS.json",
    "projects/chirality-runtime/execution/PKG-02_Runtime_Product/1_Working/DEL-02-06_Generic_Runtime_Stewardship_and_Release_Assurance/_run_records/DEL-02-06-RUNTIME-SPEC-001/accepted_inputs/CANDIDATE_SET_MANIFEST.sha256",
    "projects/chirality-runtime/execution/PKG-02_Runtime_Product/1_Working/DEL-02-06_Generic_Runtime_Stewardship_and_Release_Assurance/_run_records/DEL-02-06-RUNTIME-SPEC-001/accepted_inputs/DEGRADED_MODE_CONTRACT_CANDIDATE.md",
    "projects/chirality-runtime/execution/PKG-02_Runtime_Product/1_Working/DEL-02-06_Generic_Runtime_Stewardship_and_Release_Assurance/_run_records/DEL-02-06-RUNTIME-SPEC-001/accepted_inputs/OPEN_ITEMS.csv",
    "projects/chirality-runtime/execution/PKG-02_Runtime_Product/1_Working/DEL-02-06_Generic_Runtime_Stewardship_and_Release_Assurance/_run_records/DEL-02-06-RUNTIME-SPEC-001/accepted_inputs/OWNER_GATE.md",
    "projects/chirality-runtime/execution/PKG-02_Runtime_Product/1_Working/DEL-02-06_Generic_Runtime_Stewardship_and_Release_Assurance/_run_records/DEL-02-06-RUNTIME-SPEC-001/accepted_inputs/OWNER_SELECTION.md",
    "projects/chirality-runtime/execution/PKG-02_Runtime_Product/1_Working/DEL-02-06_Generic_Runtime_Stewardship_and_Release_Assurance/_run_records/DEL-02-06-RUNTIME-SPEC-001/accepted_inputs/ROOT_COMPATIBILITY_POLICY_CANDIDATE.md",
    "projects/chirality-runtime/execution/PKG-02_Runtime_Product/1_Working/DEL-02-06_Generic_Runtime_Stewardship_and_Release_Assurance/_run_records/DEL-02-06-RUNTIME-SPEC-001/basis/BASIS_REPORT.json",
    "projects/chirality-runtime/execution/PKG-02_Runtime_Product/1_Working/DEL-02-06_Generic_Runtime_Stewardship_and_Release_Assurance/_run_records/DEL-02-06-RUNTIME-SPEC-001/basis/BASIS_REPORT_FINAL.json",
    "projects/chirality-runtime/execution/PKG-02_Runtime_Product/1_Working/DEL-02-06_Generic_Runtime_Stewardship_and_Release_Assurance/_run_records/DEL-02-06-RUNTIME-SPEC-001/briefs/N0.md",
    "projects/chirality-runtime/execution/PKG-02_Runtime_Product/1_Working/DEL-02-06_Generic_Runtime_Stewardship_and_Release_Assurance/_run_records/DEL-02-06-RUNTIME-SPEC-001/briefs/N1.md",
    "projects/chirality-runtime/execution/PKG-02_Runtime_Product/1_Working/DEL-02-06_Generic_Runtime_Stewardship_and_Release_Assurance/_run_records/DEL-02-06-RUNTIME-SPEC-001/briefs/N2.md",
    "projects/chirality-runtime/execution/PKG-02_Runtime_Product/1_Working/DEL-02-06_Generic_Runtime_Stewardship_and_Release_Assurance/_run_records/DEL-02-06-RUNTIME-SPEC-001/briefs/N3.md",
    "projects/chirality-runtime/execution/PKG-02_Runtime_Product/1_Working/DEL-02-06_Generic_Runtime_Stewardship_and_Release_Assurance/_run_records/DEL-02-06-RUNTIME-SPEC-001/briefs/N4.md",
    "projects/chirality-runtime/execution/PKG-02_Runtime_Product/1_Working/DEL-02-06_Generic_Runtime_Stewardship_and_Release_Assurance/_run_records/DEL-02-06-RUNTIME-SPEC-001/briefs/N5.md",
    "projects/chirality-runtime/execution/PKG-02_Runtime_Product/1_Working/DEL-02-06_Generic_Runtime_Stewardship_and_Release_Assurance/_run_records/DEL-02-06-RUNTIME-SPEC-001/briefs/N6.md",
    "projects/chirality-runtime/execution/PKG-02_Runtime_Product/1_Working/DEL-02-06_Generic_Runtime_Stewardship_and_Release_Assurance/_run_records/DEL-02-06-RUNTIME-SPEC-001/clients/AFFECTED_CLIENT_CENSUS.md",
    "projects/chirality-runtime/execution/PKG-02_Runtime_Product/1_Working/DEL-02-06_Generic_Runtime_Stewardship_and_Release_Assurance/_run_records/DEL-02-06-RUNTIME-SPEC-001/clients/MANIFEST.sha256",
    "projects/chirality-runtime/execution/PKG-02_Runtime_Product/1_Working/DEL-02-06_Generic_Runtime_Stewardship_and_Release_Assurance/_run_records/DEL-02-06-RUNTIME-SPEC-001/clients/RETURN.json",
    "projects/chirality-runtime/execution/PKG-02_Runtime_Product/1_Working/DEL-02-06_Generic_Runtime_Stewardship_and_Release_Assurance/_run_records/DEL-02-06-RUNTIME-SPEC-001/clients/SOURCE_PINS.json",
    "projects/chirality-runtime/execution/PKG-02_Runtime_Product/1_Working/DEL-02-06_Generic_Runtime_Stewardship_and_Release_Assurance/_run_records/DEL-02-06-RUNTIME-SPEC-001/evidence/MANIFEST.sha256",
    "projects/chirality-runtime/execution/PKG-02_Runtime_Product/1_Working/DEL-02-06_Generic_Runtime_Stewardship_and_Release_Assurance/_run_records/DEL-02-06-RUNTIME-SPEC-001/evidence/PARENT_TECHNICAL_EVIDENCE.json",
    "projects/chirality-runtime/execution/PKG-02_Runtime_Product/1_Working/DEL-02-06_Generic_Runtime_Stewardship_and_Release_Assurance/_run_records/DEL-02-06-RUNTIME-SPEC-001/evidence/REQUIREMENT_EVIDENCE.csv",
    "projects/chirality-runtime/execution/PKG-02_Runtime_Product/1_Working/DEL-02-06_Generic_Runtime_Stewardship_and_Release_Assurance/_run_records/DEL-02-06-RUNTIME-SPEC-001/evidence/RETURN.json",
    "projects/chirality-runtime/execution/PKG-02_Runtime_Product/1_Working/DEL-02-06_Generic_Runtime_Stewardship_and_Release_Assurance/_run_records/DEL-02-06-RUNTIME-SPEC-001/evidence/ROLLBACK_AND_PROFILE.md",
    "projects/chirality-runtime/execution/PKG-02_Runtime_Product/1_Working/DEL-02-06_Generic_Runtime_Stewardship_and_Release_Assurance/_run_records/DEL-02-06-RUNTIME-SPEC-001/evidence/SIX_CARRIER_FAN_IN.csv",
    "projects/chirality-runtime/execution/PKG-02_Runtime_Product/1_Working/DEL-02-06_Generic_Runtime_Stewardship_and_Release_Assurance/_run_records/DEL-02-06-RUNTIME-SPEC-001/evidence/TEN_FAILURE_CONDITIONS.csv",
    "projects/chirality-runtime/execution/PKG-02_Runtime_Product/1_Working/DEL-02-06_Generic_Runtime_Stewardship_and_Release_Assurance/_run_records/DEL-02-06-RUNTIME-SPEC-001/handoff/HANDOFF.md",
    "projects/chirality-runtime/execution/PKG-02_Runtime_Product/1_Working/DEL-02-06_Generic_Runtime_Stewardship_and_Release_Assurance/_run_records/DEL-02-06-RUNTIME-SPEC-001/handoff/INPUT_PINS.json",
    "projects/chirality-runtime/execution/PKG-02_Runtime_Product/1_Working/DEL-02-06_Generic_Runtime_Stewardship_and_Release_Assurance/_run_records/DEL-02-06-RUNTIME-SPEC-001/handoff/MANIFEST.sha256",
    "projects/chirality-runtime/execution/PKG-02_Runtime_Product/1_Working/DEL-02-06_Generic_Runtime_Stewardship_and_Release_Assurance/_run_records/DEL-02-06-RUNTIME-SPEC-001/handoff/RETURN.json",
    "projects/chirality-runtime/execution/PKG-02_Runtime_Product/1_Working/DEL-02-06_Generic_Runtime_Stewardship_and_Release_Assurance/_run_records/DEL-02-06-RUNTIME-SPEC-001/integration/HOLD_MAP.csv",
    "projects/chirality-runtime/execution/PKG-02_Runtime_Product/1_Working/DEL-02-06_Generic_Runtime_Stewardship_and_Release_Assurance/_run_records/DEL-02-06-RUNTIME-SPEC-001/integration/IMPLEMENTATION_TRANCHE.md",
    "projects/chirality-runtime/execution/PKG-02_Runtime_Product/1_Working/DEL-02-06_Generic_Runtime_Stewardship_and_Release_Assurance/_run_records/DEL-02-06-RUNTIME-SPEC-001/integration/INPUT_PINS.json",
    "projects/chirality-runtime/execution/PKG-02_Runtime_Product/1_Working/DEL-02-06_Generic_Runtime_Stewardship_and_Release_Assurance/_run_records/DEL-02-06-RUNTIME-SPEC-001/integration/INTEGRATION.md",
    "projects/chirality-runtime/execution/PKG-02_Runtime_Product/1_Working/DEL-02-06_Generic_Runtime_Stewardship_and_Release_Assurance/_run_records/DEL-02-06-RUNTIME-SPEC-001/integration/MANIFEST.sha256",
    "projects/chirality-runtime/execution/PKG-02_Runtime_Product/1_Working/DEL-02-06_Generic_Runtime_Stewardship_and_Release_Assurance/_run_records/DEL-02-06-RUNTIME-SPEC-001/integration/RETURN.json",
    "projects/chirality-runtime/execution/PKG-02_Runtime_Product/1_Working/DEL-02-06_Generic_Runtime_Stewardship_and_Release_Assurance/_run_records/DEL-02-06-RUNTIME-SPEC-001/integration/SELF_CHECK.json",
    "projects/chirality-runtime/execution/PKG-02_Runtime_Product/1_Working/DEL-02-06_Generic_Runtime_Stewardship_and_Release_Assurance/_run_records/DEL-02-06-RUNTIME-SPEC-001/integration/TBD_DISPOSITIONS.csv",
    "projects/chirality-runtime/execution/PKG-02_Runtime_Product/1_Working/DEL-02-06_Generic_Runtime_Stewardship_and_Release_Assurance/_run_records/DEL-02-06-RUNTIME-SPEC-001/inventory/CURRENT_STATE_MATRIX.md",
    "projects/chirality-runtime/execution/PKG-02_Runtime_Product/1_Working/DEL-02-06_Generic_Runtime_Stewardship_and_Release_Assurance/_run_records/DEL-02-06-RUNTIME-SPEC-001/inventory/MANIFEST.sha256",
    "projects/chirality-runtime/execution/PKG-02_Runtime_Product/1_Working/DEL-02-06_Generic_Runtime_Stewardship_and_Release_Assurance/_run_records/DEL-02-06-RUNTIME-SPEC-001/inventory/SOURCE_CHECK.json",
    "projects/chirality-runtime/execution/_Coordination/AgentRuns/RUNTIME_EXECUTION_2026-09-06/AGENT0_HANDOFF.md",
    "projects/chirality-runtime/execution/_Coordination/AgentRuns/RUNTIME_EXECUTION_2026-09-06/BASELINE_CODE_PINS.json",
    "projects/chirality-runtime/execution/_Coordination/AgentRuns/RUNTIME_EXECUTION_2026-09-06/IMPLEMENTATION/APPROVAL/MANAGER_ROUTING/ARTIFACTS.sha256",
    "projects/chirality-runtime/execution/_Coordination/AgentRuns/RUNTIME_EXECUTION_2026-09-06/IMPLEMENTATION/APPROVAL/MANAGER_ROUTING/FINAL/ARTIFACTS.sha256",
    "projects/chirality-runtime/execution/_Coordination/AgentRuns/RUNTIME_EXECUTION_2026-09-06/IMPLEMENTATION/APPROVAL/MANAGER_ROUTING/FINAL/RETURN.md",
    "projects/chirality-runtime/execution/_Coordination/AgentRuns/RUNTIME_EXECUTION_2026-09-06/IMPLEMENTATION/APPROVAL/MANAGER_ROUTING/FINAL/SOURCE_HASHES.json",
    "projects/chirality-runtime/execution/_Coordination/AgentRuns/RUNTIME_EXECUTION_2026-09-06/IMPLEMENTATION/APPROVAL/MANAGER_ROUTING/FINAL/VALIDATION.md",
    "projects/chirality-runtime/execution/_Coordination/AgentRuns/RUNTIME_EXECUTION_2026-09-06/IMPLEMENTATION/APPROVAL/MANAGER_ROUTING/IMPLEMENTATION_BRIEF.md",
    "projects/chirality-runtime/execution/_Coordination/AgentRuns/RUNTIME_EXECUTION_2026-09-06/IMPLEMENTATION/APPROVAL/MANAGER_ROUTING/PLAN.md",
    "projects/chirality-runtime/execution/_Coordination/AgentRuns/RUNTIME_EXECUTION_2026-09-06/IMPLEMENTATION/APPROVAL/MANAGER_ROUTING/SOURCE_HASHES.json",
    "projects/chirality-runtime/execution/_Coordination/AgentRuns/RUNTIME_EXECUTION_2026-09-06/IMPLEMENTATION/APPROVAL/NATIVE_POSTURES/BRIEF.json",
    "projects/chirality-runtime/execution/_Coordination/AgentRuns/RUNTIME_EXECUTION_2026-09-06/IMPLEMENTATION/APPROVAL/NATIVE_POSTURES/CHECKS.json",
    "projects/chirality-runtime/execution/_Coordination/AgentRuns/RUNTIME_EXECUTION_2026-09-06/IMPLEMENTATION/APPROVAL/NATIVE_POSTURES/REPAIR_AND_FILE_READ.json",
    "projects/chirality-runtime/execution/_Coordination/AgentRuns/RUNTIME_EXECUTION_2026-09-06/IMPLEMENTATION/APPROVAL/NATIVE_POSTURES/preimages/packages/daemon/src/codex-containment.ts",
    "projects/chirality-runtime/execution/_Coordination/AgentRuns/RUNTIME_EXECUTION_2026-09-06/IMPLEMENTATION/APPROVAL/NATIVE_POSTURES/preimages/packages/daemon/src/standalone.ts",
    "projects/chirality-runtime/execution/_Coordination/AgentRuns/RUNTIME_EXECUTION_2026-09-06/IMPLEMENTATION/APPROVAL/NATIVE_POSTURES/preimages/tests/codex-containment.test.ts.source",
    "projects/chirality-runtime/execution/_Coordination/AgentRuns/RUNTIME_EXECUTION_2026-09-06/IMPLEMENTATION/APPROVAL/PROVIDER_INTEGRATION/ARTIFACTS.sha256",
    "projects/chirality-runtime/execution/_Coordination/AgentRuns/RUNTIME_EXECUTION_2026-09-06/IMPLEMENTATION/APPROVAL/PROVIDER_INTEGRATION/PLAN.md",
    "projects/chirality-runtime/execution/_Coordination/AgentRuns/RUNTIME_EXECUTION_2026-09-06/IMPLEMENTATION/APPROVAL/PROVIDER_INTEGRATION/PROXY_FEATURE_REPAIR/ARTIFACTS.sha256",
    "projects/chirality-runtime/execution/_Coordination/AgentRuns/RUNTIME_EXECUTION_2026-09-06/IMPLEMENTATION/APPROVAL/PROVIDER_INTEGRATION/PROXY_FEATURE_REPAIR/BRIEF.md",
    "projects/chirality-runtime/execution/_Coordination/AgentRuns/RUNTIME_EXECUTION_2026-09-06/IMPLEMENTATION/APPROVAL/PROVIDER_INTEGRATION/PROXY_FEATURE_REPAIR/RETURN.md",
    "projects/chirality-runtime/execution/_Coordination/AgentRuns/RUNTIME_EXECUTION_2026-09-06/IMPLEMENTATION/APPROVAL/PROVIDER_INTEGRATION/PROXY_FEATURE_REPAIR/SOURCE_HASHES.json",
    "projects/chirality-runtime/execution/_Coordination/AgentRuns/RUNTIME_EXECUTION_2026-09-06/IMPLEMENTATION/APPROVAL/PROVIDER_INTEGRATION/PROXY_FEATURE_REPAIR/packages__daemon__src__codex-session.ts.before.gz",
    "projects/chirality-runtime/execution/_Coordination/AgentRuns/RUNTIME_EXECUTION_2026-09-06/IMPLEMENTATION/APPROVAL/PROVIDER_INTEGRATION/PROXY_FEATURE_REPAIR/tests.log",
    "projects/chirality-runtime/execution/_Coordination/AgentRuns/RUNTIME_EXECUTION_2026-09-06/IMPLEMENTATION/APPROVAL/PROVIDER_INTEGRATION/PROXY_FEATURE_REPAIR/tests__codex-session.test.ts.before.gz",
    "projects/chirality-runtime/execution/_Coordination/AgentRuns/RUNTIME_EXECUTION_2026-09-06/IMPLEMENTATION/APPROVAL/PROVIDER_INTEGRATION/PROXY_FEATURE_REPAIR/typecheck.log",
    "projects/chirality-runtime/execution/_Coordination/AgentRuns/RUNTIME_EXECUTION_2026-09-06/IMPLEMENTATION/APPROVAL/PROVIDER_INTEGRATION/RETURN.md",
    "projects/chirality-runtime/execution/_Coordination/AgentRuns/RUNTIME_EXECUTION_2026-09-06/IMPLEMENTATION/APPROVAL/PROVIDER_INTEGRATION/SOURCE/codex-rs__app-server-protocol__src__protocol__common.rs.gz",
    "projects/chirality-runtime/execution/_Coordination/AgentRuns/RUNTIME_EXECUTION_2026-09-06/IMPLEMENTATION/APPROVAL/PROVIDER_INTEGRATION/SOURCE/codex-rs__app-server-protocol__src__protocol__v2__command_exec.rs.gz",
    "projects/chirality-runtime/execution/_Coordination/AgentRuns/RUNTIME_EXECUTION_2026-09-06/IMPLEMENTATION/APPROVAL/PROVIDER_INTEGRATION/SOURCE/codex-rs__app-server-protocol__src__protocol__v2__item.rs.gz",
    "projects/chirality-runtime/execution/_Coordination/AgentRuns/RUNTIME_EXECUTION_2026-09-06/IMPLEMENTATION/APPROVAL/PROVIDER_INTEGRATION/SOURCE/codex-rs__app-server-protocol__src__protocol__v2__mod.rs.gz",
    "projects/chirality-runtime/execution/_Coordination/AgentRuns/RUNTIME_EXECUTION_2026-09-06/IMPLEMENTATION/APPROVAL/PROVIDER_INTEGRATION/SOURCE/codex-rs__app-server-protocol__src__protocol__v2__notification.rs.gz",
    "projects/chirality-runtime/execution/_Coordination/AgentRuns/RUNTIME_EXECUTION_2026-09-06/IMPLEMENTATION/APPROVAL/PROVIDER_INTEGRATION/SOURCE/codex-rs__app-server-protocol__src__protocol__v2__permissions.rs.gz",
    "projects/chirality-runtime/execution/_Coordination/AgentRuns/RUNTIME_EXECUTION_2026-09-06/IMPLEMENTATION/APPROVAL/PROVIDER_INTEGRATION/SOURCE/codex-rs__app-server-protocol__src__protocol__v2__shared.rs.gz",
    "projects/chirality-runtime/execution/_Coordination/AgentRuns/RUNTIME_EXECUTION_2026-09-06/IMPLEMENTATION/APPROVAL/PROVIDER_INTEGRATION/SOURCE/codex-rs__app-server__src__bespoke_event_handling.rs.gz",
    "projects/chirality-runtime/execution/_Coordination/AgentRuns/RUNTIME_EXECUTION_2026-09-06/IMPLEMENTATION/APPROVAL/PROVIDER_INTEGRATION/SOURCE/codex-rs__config__src__permissions_toml.rs.gz",
    "projects/chirality-runtime/execution/_Coordination/AgentRuns/RUNTIME_EXECUTION_2026-09-06/IMPLEMENTATION/APPROVAL/PROVIDER_INTEGRATION/SOURCE/codex-rs__core__src__config__network_proxy_spec.rs.gz",
    "projects/chirality-runtime/execution/_Coordination/AgentRuns/RUNTIME_EXECUTION_2026-09-06/IMPLEMENTATION/APPROVAL/PROVIDER_INTEGRATION/SOURCE/codex-rs__core__src__config__permissions.rs.gz",
    "projects/chirality-runtime/execution/_Coordination/AgentRuns/RUNTIME_EXECUTION_2026-09-06/IMPLEMENTATION/APPROVAL/PROVIDER_INTEGRATION/SOURCE/codex-rs__core__src__network_policy_decision.rs.gz",
    "projects/chirality-runtime/execution/_Coordination/AgentRuns/RUNTIME_EXECUTION_2026-09-06/IMPLEMENTATION/APPROVAL/PROVIDER_INTEGRATION/SOURCE/codex-rs__core__src__tools__network_approval.rs.gz",
    "projects/chirality-runtime/execution/_Coordination/AgentRuns/RUNTIME_EXECUTION_2026-09-06/IMPLEMENTATION/APPROVAL/PROVIDER_INTEGRATION/SOURCE/codex-rs__network-proxy__src__config.rs.gz",
    "projects/chirality-runtime/execution/_Coordination/AgentRuns/RUNTIME_EXECUTION_2026-09-06/IMPLEMENTATION/APPROVAL/PROVIDER_INTEGRATION/SOURCE/codex-rs__protocol__src__network_policy.rs.gz",
    "projects/chirality-runtime/execution/_Coordination/AgentRuns/RUNTIME_EXECUTION_2026-09-06/IMPLEMENTATION/APPROVAL/PROVIDER_INTEGRATION/SOURCE/codex-rs__protocol__src__protocol.rs.gz",
    "projects/chirality-runtime/execution/_Coordination/AgentRuns/RUNTIME_EXECUTION_2026-09-06/IMPLEMENTATION/APPROVAL/PROVIDER_INTEGRATION/SOURCE/tree.json.gz",
    "projects/chirality-runtime/execution/_Coordination/AgentRuns/RUNTIME_EXECUTION_2026-09-06/IMPLEMENTATION/APPROVAL/PROVIDER_INTEGRATION/SOURCE_HASHES.json",
    "projects/chirality-runtime/execution/_Coordination/AgentRuns/RUNTIME_EXECUTION_2026-09-06/IMPLEMENTATION/APPROVAL/PROVIDER_INTEGRATION/SOURCE_PINS.json",
    "projects/chirality-runtime/execution/_Coordination/AgentRuns/RUNTIME_EXECUTION_2026-09-06/IMPLEMENTATION/APPROVAL/PROVIDER_INTEGRATION/packages__client__src__client.ts.before.gz",
    "projects/chirality-runtime/execution/_Coordination/AgentRuns/RUNTIME_EXECUTION_2026-09-06/IMPLEMENTATION/APPROVAL/PROVIDER_INTEGRATION/packages__contracts__src__delegated.ts.before.gz",
    "projects/chirality-runtime/execution/_Coordination/AgentRuns/RUNTIME_EXECUTION_2026-09-06/IMPLEMENTATION/APPROVAL/PROVIDER_INTEGRATION/packages__core__src__approval-store.ts.before.gz",
    "projects/chirality-runtime/execution/_Coordination/AgentRuns/RUNTIME_EXECUTION_2026-09-06/IMPLEMENTATION/APPROVAL/PROVIDER_INTEGRATION/packages__core__src__delegated-runtime.ts.before.gz",
    "projects/chirality-runtime/execution/_Coordination/AgentRuns/RUNTIME_EXECUTION_2026-09-06/IMPLEMENTATION/APPROVAL/PROVIDER_INTEGRATION/packages__daemon__src__codex-session.ts.before.gz",
    "projects/chirality-runtime/execution/_Coordination/AgentRuns/RUNTIME_EXECUTION_2026-09-06/IMPLEMENTATION/APPROVAL/PROVIDER_INTEGRATION/packages__daemon__src__codex-supervisor.ts.before.gz",
    "projects/chirality-runtime/execution/_Coordination/AgentRuns/RUNTIME_EXECUTION_2026-09-06/IMPLEMENTATION/APPROVAL/PROVIDER_INTEGRATION/packages__daemon__src__supervisor-server.ts.before.gz",
    "projects/chirality-runtime/execution/_Coordination/AgentRuns/RUNTIME_EXECUTION_2026-09-06/IMPLEMENTATION/APPROVAL/PROVIDER_INTEGRATION/tests.log",
    "projects/chirality-runtime/execution/_Coordination/AgentRuns/RUNTIME_EXECUTION_2026-09-06/IMPLEMENTATION/APPROVAL/PROVIDER_INTEGRATION/tests.pre-dynamic-cancel.log",
    "projects/chirality-runtime/execution/_Coordination/AgentRuns/RUNTIME_EXECUTION_2026-09-06/IMPLEMENTATION/APPROVAL/PROVIDER_INTEGRATION/typecheck.log",
    "projects/chirality-runtime/execution/_Coordination/AgentRuns/RUNTIME_EXECUTION_2026-09-06/IMPLEMENTATION/APPROVAL/REVIEWER_PIN/ARTIFACTS.sha256",
    "projects/chirality-runtime/execution/_Coordination/AgentRuns/RUNTIME_EXECUTION_2026-09-06/IMPLEMENTATION/APPROVAL/REVIEWER_PIN/BRIEF.md",
    "projects/chirality-runtime/execution/_Coordination/AgentRuns/RUNTIME_EXECUTION_2026-09-06/IMPLEMENTATION/APPROVAL/REVIEWER_PIN/OPERATION_PIN/ARTIFACTS.sha256",
    "projects/chirality-runtime/execution/_Coordination/AgentRuns/RUNTIME_EXECUTION_2026-09-06/IMPLEMENTATION/APPROVAL/REVIEWER_PIN/OPERATION_PIN/BRIEF.md",
    "projects/chirality-runtime/execution/_Coordination/AgentRuns/RUNTIME_EXECUTION_2026-09-06/IMPLEMENTATION/APPROVAL/REVIEWER_PIN/OPERATION_PIN/RETURN.md",
    "projects/chirality-runtime/execution/_Coordination/AgentRuns/RUNTIME_EXECUTION_2026-09-06/IMPLEMENTATION/APPROVAL/REVIEWER_PIN/OPERATION_PIN/SOURCE_HASHES.json",
    "projects/chirality-runtime/execution/_Coordination/AgentRuns/RUNTIME_EXECUTION_2026-09-06/IMPLEMENTATION/APPROVAL/REVIEWER_PIN/OPERATION_PIN/SOURCE_PINS.json",
    "projects/chirality-runtime/execution/_Coordination/AgentRuns/RUNTIME_EXECUTION_2026-09-06/IMPLEMENTATION/APPROVAL/REVIEWER_PIN/OPERATION_PIN/codex-rs__app-server-protocol__src__protocol__v2__thread.rs.source.gz",
    "projects/chirality-runtime/execution/_Coordination/AgentRuns/RUNTIME_EXECUTION_2026-09-06/IMPLEMENTATION/APPROVAL/REVIEWER_PIN/OPERATION_PIN/codex-rs__app-server-protocol__src__protocol__v2__turn.rs.source.gz",
    "projects/chirality-runtime/execution/_Coordination/AgentRuns/RUNTIME_EXECUTION_2026-09-06/IMPLEMENTATION/APPROVAL/REVIEWER_PIN/OPERATION_PIN/codex-rs__app-server__src__request_processors__thread_processor.rs.source.gz",
    "projects/chirality-runtime/execution/_Coordination/AgentRuns/RUNTIME_EXECUTION_2026-09-06/IMPLEMENTATION/APPROVAL/REVIEWER_PIN/OPERATION_PIN/packages__daemon__src__codex-session.ts.before.gz",
    "projects/chirality-runtime/execution/_Coordination/AgentRuns/RUNTIME_EXECUTION_2026-09-06/IMPLEMENTATION/APPROVAL/REVIEWER_PIN/OPERATION_PIN/tests-final.log",
    "projects/chirality-runtime/execution/_Coordination/AgentRuns/RUNTIME_EXECUTION_2026-09-06/IMPLEMENTATION/APPROVAL/REVIEWER_PIN/OPERATION_PIN/tests.log",
    "projects/chirality-runtime/execution/_Coordination/AgentRuns/RUNTIME_EXECUTION_2026-09-06/IMPLEMENTATION/APPROVAL/REVIEWER_PIN/OPERATION_PIN/tests__codex-session.test.ts.before.gz",
    "projects/chirality-runtime/execution/_Coordination/AgentRuns/RUNTIME_EXECUTION_2026-09-06/IMPLEMENTATION/APPROVAL/REVIEWER_PIN/OPERATION_PIN/tests__codex-supervisor.test.ts.before.gz",
    "projects/chirality-runtime/execution/_Coordination/AgentRuns/RUNTIME_EXECUTION_2026-09-06/IMPLEMENTATION/APPROVAL/REVIEWER_PIN/OPERATION_PIN/typecheck.log",
    "projects/chirality-runtime/execution/_Coordination/AgentRuns/RUNTIME_EXECUTION_2026-09-06/IMPLEMENTATION/APPROVAL/REVIEWER_PIN/RETURN.md",
    "projects/chirality-runtime/execution/_Coordination/AgentRuns/RUNTIME_EXECUTION_2026-09-06/IMPLEMENTATION/APPROVAL/REVIEWER_PIN/SOURCE_HASHES.json",
    "projects/chirality-runtime/execution/_Coordination/AgentRuns/RUNTIME_EXECUTION_2026-09-06/IMPLEMENTATION/APPROVAL/REVIEWER_PIN/SOURCE_PINS.json",
    "projects/chirality-runtime/execution/_Coordination/AgentRuns/RUNTIME_EXECUTION_2026-09-06/IMPLEMENTATION/APPROVAL/REVIEWER_PIN/codex-rs__app-server-protocol__src__protocol__v2__config.rs.source.gz",
    "projects/chirality-runtime/execution/_Coordination/AgentRuns/RUNTIME_EXECUTION_2026-09-06/IMPLEMENTATION/APPROVAL/REVIEWER_PIN/codex-rs__app-server-protocol__src__protocol__v2__shared.rs.source.gz",
    "projects/chirality-runtime/execution/_Coordination/AgentRuns/RUNTIME_EXECUTION_2026-09-06/IMPLEMENTATION/APPROVAL/REVIEWER_PIN/codex-rs__core__src__config__config_tests.rs.source.gz",
    "projects/chirality-runtime/execution/_Coordination/AgentRuns/RUNTIME_EXECUTION_2026-09-06/IMPLEMENTATION/APPROVAL/REVIEWER_PIN/packages__daemon__src__codex-session.ts.before.gz",
    "projects/chirality-runtime/execution/_Coordination/AgentRuns/RUNTIME_EXECUTION_2026-09-06/IMPLEMENTATION/APPROVAL/REVIEWER_PIN/tests.log",
    "projects/chirality-runtime/execution/_Coordination/AgentRuns/RUNTIME_EXECUTION_2026-09-06/IMPLEMENTATION/APPROVAL/REVIEWER_PIN/tests__codex-containment.test.ts.before.gz",
    "projects/chirality-runtime/execution/_Coordination/AgentRuns/RUNTIME_EXECUTION_2026-09-06/IMPLEMENTATION/APPROVAL/REVIEWER_PIN/tests__codex-session.test.ts.before.gz",
    "projects/chirality-runtime/execution/_Coordination/AgentRuns/RUNTIME_EXECUTION_2026-09-06/IMPLEMENTATION/APPROVAL/REVIEWER_PIN/tests__codex-supervisor.test.ts.before.gz",
    "projects/chirality-runtime/execution/_Coordination/AgentRuns/RUNTIME_EXECUTION_2026-09-06/IMPLEMENTATION/APPROVAL/ROLE_CONFORMANCE/ARTIFACTS.sha256",
    "projects/chirality-runtime/execution/_Coordination/AgentRuns/RUNTIME_EXECUTION_2026-09-06/IMPLEMENTATION/APPROVAL/ROLE_CONFORMANCE/BRIEF.md",
    "projects/chirality-runtime/execution/_Coordination/AgentRuns/RUNTIME_EXECUTION_2026-09-06/IMPLEMENTATION/APPROVAL/ROLE_CONFORMANCE/RETURN.md",
    "projects/chirality-runtime/execution/_Coordination/AgentRuns/RUNTIME_EXECUTION_2026-09-06/IMPLEMENTATION/APPROVAL/ROLE_CONFORMANCE/SOURCE_HASHES.json",
    "projects/chirality-runtime/execution/_Coordination/AgentRuns/RUNTIME_EXECUTION_2026-09-06/IMPLEMENTATION/APPROVAL/ROLE_CONFORMANCE/local-tests.log",
    "projects/chirality-runtime/execution/_Coordination/AgentRuns/RUNTIME_EXECUTION_2026-09-06/IMPLEMENTATION/APPROVAL/SSL_CONFIG_LEAF/BRIEF.json",
    "projects/chirality-runtime/execution/_Coordination/AgentRuns/RUNTIME_EXECUTION_2026-09-06/IMPLEMENTATION/APPROVAL/SSL_CONFIG_LEAF/REPAIR_SCOPE_ADDENDUM.json",
    "projects/chirality-runtime/execution/_Coordination/AgentRuns/RUNTIME_EXECUTION_2026-09-06/IMPLEMENTATION/APPROVAL/SSL_CONFIG_LEAF/preimages/packages/daemon/src/codex-containment.ts.source",
    "projects/chirality-runtime/execution/_Coordination/AgentRuns/RUNTIME_EXECUTION_2026-09-06/IMPLEMENTATION/APPROVAL/SSL_CONFIG_LEAF/preimages/packages/daemon/src/codex-supervisor.ts.source",
    "projects/chirality-runtime/execution/_Coordination/AgentRuns/RUNTIME_EXECUTION_2026-09-06/IMPLEMENTATION/APPROVAL/SSL_CONFIG_LEAF/preimages/tests/codex-containment.test.ts.source",
    "projects/chirality-runtime/execution/_Coordination/AgentRuns/RUNTIME_EXECUTION_2026-09-06/IMPLEMENTATION/APPROVAL/SSL_CONFIG_LEAF/preimages/tests/codex-supervisor.test.ts.source",
    "projects/chirality-runtime/execution/_Coordination/AgentRuns/RUNTIME_EXECUTION_2026-09-06/IMPLEMENTATION/APPROVALS/ARTIFACTS.sha256",
    "projects/chirality-runtime/execution/_Coordination/AgentRuns/RUNTIME_EXECUTION_2026-09-06/IMPLEMENTATION/APPROVALS/BRIEF.md",
    "projects/chirality-runtime/execution/_Coordination/AgentRuns/RUNTIME_EXECUTION_2026-09-06/IMPLEMENTATION/APPROVALS/CHECKS.json",
    "projects/chirality-runtime/execution/_Coordination/AgentRuns/RUNTIME_EXECUTION_2026-09-06/IMPLEMENTATION/APPROVALS/PRE_CONTROL_STORAGE_CORRECTION/ARTIFACTS.sha256",
    "projects/chirality-runtime/execution/_Coordination/AgentRuns/RUNTIME_EXECUTION_2026-09-06/IMPLEMENTATION/APPROVALS/PRE_CONTROL_STORAGE_CORRECTION/BRIEF.md",
    "projects/chirality-runtime/execution/_Coordination/AgentRuns/RUNTIME_EXECUTION_2026-09-06/IMPLEMENTATION/APPROVALS/PRE_CONTROL_STORAGE_CORRECTION/CHECKS.json",
    "projects/chirality-runtime/execution/_Coordination/AgentRuns/RUNTIME_EXECUTION_2026-09-06/IMPLEMENTATION/APPROVALS/PRE_CONTROL_STORAGE_CORRECTION/RETURN.md",
    "projects/chirality-runtime/execution/_Coordination/AgentRuns/RUNTIME_EXECUTION_2026-09-06/IMPLEMENTATION/APPROVALS/PRE_CONTROL_STORAGE_CORRECTION/SOURCE_HASHES.json",
    "projects/chirality-runtime/execution/_Coordination/AgentRuns/RUNTIME_EXECUTION_2026-09-06/IMPLEMENTATION/APPROVALS/PRE_CONTROL_STORAGE_CORRECTION/tests.log",
    "projects/chirality-runtime/execution/_Coordination/AgentRuns/RUNTIME_EXECUTION_2026-09-06/IMPLEMENTATION/APPROVALS/PRE_CONTROL_STORAGE_CORRECTION/typecheck.log",
    "projects/chirality-runtime/execution/_Coordination/AgentRuns/RUNTIME_EXECUTION_2026-09-06/IMPLEMENTATION/APPROVALS/RETURN.md",
    "projects/chirality-runtime/execution/_Coordination/AgentRuns/RUNTIME_EXECUTION_2026-09-06/IMPLEMENTATION/APPROVALS/SOURCE_HASHES.json",
    "projects/chirality-runtime/execution/_Coordination/AgentRuns/RUNTIME_EXECUTION_2026-09-06/IMPLEMENTATION/APPROVALS/tests.log",
    "projects/chirality-runtime/execution/_Coordination/AgentRuns/RUNTIME_EXECUTION_2026-09-06/IMPLEMENTATION/APPROVALS/typecheck.log",
    "projects/chirality-runtime/execution/_Coordination/AgentRuns/RUNTIME_EXECUTION_2026-09-06/IMPLEMENTATION/CAPABILITY_MATRIX.md",
    "projects/chirality-runtime/execution/_Coordination/AgentRuns/RUNTIME_EXECUTION_2026-09-06/IMPLEMENTATION/CODEX/ARTIFACTS.sha256",
    "projects/chirality-runtime/execution/_Coordination/AgentRuns/RUNTIME_EXECUTION_2026-09-06/IMPLEMENTATION/CODEX/BRIEF.md",
    "projects/chirality-runtime/execution/_Coordination/AgentRuns/RUNTIME_EXECUTION_2026-09-06/IMPLEMENTATION/CODEX/CHECKS.json",
    "projects/chirality-runtime/execution/_Coordination/AgentRuns/RUNTIME_EXECUTION_2026-09-06/IMPLEMENTATION/CODEX/OUTPUTS.sha256",
    "projects/chirality-runtime/execution/_Coordination/AgentRuns/RUNTIME_EXECUTION_2026-09-06/IMPLEMENTATION/CODEX/READ_SOURCES.json",
    "projects/chirality-runtime/execution/_Coordination/AgentRuns/RUNTIME_EXECUTION_2026-09-06/IMPLEMENTATION/CODEX/RETURN.md",
    "projects/chirality-runtime/execution/_Coordination/AgentRuns/RUNTIME_EXECUTION_2026-09-06/IMPLEMENTATION/CODEX_SESSION/ARTIFACTS.sha256",
    "projects/chirality-runtime/execution/_Coordination/AgentRuns/RUNTIME_EXECUTION_2026-09-06/IMPLEMENTATION/CODEX_SESSION/BRIEF.md",
    "projects/chirality-runtime/execution/_Coordination/AgentRuns/RUNTIME_EXECUTION_2026-09-06/IMPLEMENTATION/CODEX_SESSION/CHECKS.json",
    "projects/chirality-runtime/execution/_Coordination/AgentRuns/RUNTIME_EXECUTION_2026-09-06/IMPLEMENTATION/CODEX_SESSION/DIAGNOSTIC_EXTENSION/ARTIFACTS.sha256",
    "projects/chirality-runtime/execution/_Coordination/AgentRuns/RUNTIME_EXECUTION_2026-09-06/IMPLEMENTATION/CODEX_SESSION/DIAGNOSTIC_EXTENSION/BRIEF.md",
    "projects/chirality-runtime/execution/_Coordination/AgentRuns/RUNTIME_EXECUTION_2026-09-06/IMPLEMENTATION/CODEX_SESSION/DIAGNOSTIC_EXTENSION/OUTPUTS.sha256",
    "projects/chirality-runtime/execution/_Coordination/AgentRuns/RUNTIME_EXECUTION_2026-09-06/IMPLEMENTATION/CODEX_SESSION/DIAGNOSTIC_EXTENSION/READ_SOURCES.json",
    "projects/chirality-runtime/execution/_Coordination/AgentRuns/RUNTIME_EXECUTION_2026-09-06/IMPLEMENTATION/CODEX_SESSION/DIAGNOSTIC_EXTENSION/RETURN.md",
    "projects/chirality-runtime/execution/_Coordination/AgentRuns/RUNTIME_EXECUTION_2026-09-06/IMPLEMENTATION/CODEX_SESSION/DIAGNOSTIC_EXTENSION/codex-session.test.ts.PRE_EXTENSION.gz",
    "projects/chirality-runtime/execution/_Coordination/AgentRuns/RUNTIME_EXECUTION_2026-09-06/IMPLEMENTATION/CODEX_SESSION/DIAGNOSTIC_EXTENSION/codex-session.ts.PRE_EXTENSION.gz",
    "projects/chirality-runtime/execution/_Coordination/AgentRuns/RUNTIME_EXECUTION_2026-09-06/IMPLEMENTATION/CODEX_SESSION/DOCUMENTATION_BASIS.md",
    "projects/chirality-runtime/execution/_Coordination/AgentRuns/RUNTIME_EXECUTION_2026-09-06/IMPLEMENTATION/CODEX_SESSION/OUTPUTS.sha256",
    "projects/chirality-runtime/execution/_Coordination/AgentRuns/RUNTIME_EXECUTION_2026-09-06/IMPLEMENTATION/CODEX_SESSION/PERSISTENCE_REPAIR/ARTIFACTS.sha256",
    "projects/chirality-runtime/execution/_Coordination/AgentRuns/RUNTIME_EXECUTION_2026-09-06/IMPLEMENTATION/CODEX_SESSION/PERSISTENCE_REPAIR/BRIEF.md",
    "projects/chirality-runtime/execution/_Coordination/AgentRuns/RUNTIME_EXECUTION_2026-09-06/IMPLEMENTATION/CODEX_SESSION/PERSISTENCE_REPAIR/CHECKS.json",
    "projects/chirality-runtime/execution/_Coordination/AgentRuns/RUNTIME_EXECUTION_2026-09-06/IMPLEMENTATION/CODEX_SESSION/PERSISTENCE_REPAIR/OUTPUTS.sha256",
    "projects/chirality-runtime/execution/_Coordination/AgentRuns/RUNTIME_EXECUTION_2026-09-06/IMPLEMENTATION/CODEX_SESSION/PERSISTENCE_REPAIR/RETURN.md",
    "projects/chirality-runtime/execution/_Coordination/AgentRuns/RUNTIME_EXECUTION_2026-09-06/IMPLEMENTATION/CODEX_SESSION/PERSISTENCE_REPAIR/codex-session.test.ts.PRE_PERSISTENCE.gz",
    "projects/chirality-runtime/execution/_Coordination/AgentRuns/RUNTIME_EXECUTION_2026-09-06/IMPLEMENTATION/CODEX_SESSION/PERSISTENCE_REPAIR/codex-session.ts.PRE_PERSISTENCE.gz",
    "projects/chirality-runtime/execution/_Coordination/AgentRuns/RUNTIME_EXECUTION_2026-09-06/IMPLEMENTATION/CODEX_SESSION/READ_SOURCES.json",
    "projects/chirality-runtime/execution/_Coordination/AgentRuns/RUNTIME_EXECUTION_2026-09-06/IMPLEMENTATION/CODEX_SESSION/RETURN.md",
    "projects/chirality-runtime/execution/_Coordination/AgentRuns/RUNTIME_EXECUTION_2026-09-06/IMPLEMENTATION/CODEX_SUPERVISOR/ARTIFACTS.sha256",
    "projects/chirality-runtime/execution/_Coordination/AgentRuns/RUNTIME_EXECUTION_2026-09-06/IMPLEMENTATION/CODEX_SUPERVISOR/BRIEF.md",
    "projects/chirality-runtime/execution/_Coordination/AgentRuns/RUNTIME_EXECUTION_2026-09-06/IMPLEMENTATION/CODEX_SUPERVISOR/OUTPUTS.json",
    "projects/chirality-runtime/execution/_Coordination/AgentRuns/RUNTIME_EXECUTION_2026-09-06/IMPLEMENTATION/CODEX_SUPERVISOR/RETURN.md",
    "projects/chirality-runtime/execution/_Coordination/AgentRuns/RUNTIME_EXECUTION_2026-09-06/IMPLEMENTATION/CODEX_SUPERVISOR/codex-supervisor.test.ts.v4.gz",
    "projects/chirality-runtime/execution/_Coordination/AgentRuns/RUNTIME_EXECUTION_2026-09-06/IMPLEMENTATION/CODEX_SUPERVISOR/codex-supervisor.ts.v4.gz",
    "projects/chirality-runtime/execution/_Coordination/AgentRuns/RUNTIME_EXECUTION_2026-09-06/IMPLEMENTATION/CODEX_SUPERVISOR/standalone-bin.pre-amendment4.ts.gz",
    "projects/chirality-runtime/execution/_Coordination/AgentRuns/RUNTIME_EXECUTION_2026-09-06/IMPLEMENTATION/CODEX_SUPERVISOR/standalone-bin.ts.v4.gz",
    "projects/chirality-runtime/execution/_Coordination/AgentRuns/RUNTIME_EXECUTION_2026-09-06/IMPLEMENTATION/CODEX_SUPERVISOR/standalone.pre-amendment4.ts.gz",
    "projects/chirality-runtime/execution/_Coordination/AgentRuns/RUNTIME_EXECUTION_2026-09-06/IMPLEMENTATION/CODEX_SUPERVISOR/standalone.test.pre-amendment4.ts.gz",
    "projects/chirality-runtime/execution/_Coordination/AgentRuns/RUNTIME_EXECUTION_2026-09-06/IMPLEMENTATION/CODEX_SUPERVISOR/standalone.test.ts.v4.gz",
    "projects/chirality-runtime/execution/_Coordination/AgentRuns/RUNTIME_EXECUTION_2026-09-06/IMPLEMENTATION/CODEX_SUPERVISOR/standalone.ts.v4.gz",
    "projects/chirality-runtime/execution/_Coordination/AgentRuns/RUNTIME_EXECUTION_2026-09-06/IMPLEMENTATION/CONFORMANCE/ARTIFACTS.sha256",
    "projects/chirality-runtime/execution/_Coordination/AgentRuns/RUNTIME_EXECUTION_2026-09-06/IMPLEMENTATION/CONFORMANCE/BRIEF.md",
    "projects/chirality-runtime/execution/_Coordination/AgentRuns/RUNTIME_EXECUTION_2026-09-06/IMPLEMENTATION/CONFORMANCE/DEPENDENCY_INTEGRITY/ANCESTOR_REPAIR/ARTIFACTS.sha256",
    "projects/chirality-runtime/execution/_Coordination/AgentRuns/RUNTIME_EXECUTION_2026-09-06/IMPLEMENTATION/CONFORMANCE/DEPENDENCY_INTEGRITY/ANCESTOR_REPAIR/BRIEF.md",
    "projects/chirality-runtime/execution/_Coordination/AgentRuns/RUNTIME_EXECUTION_2026-09-06/IMPLEMENTATION/CONFORMANCE/DEPENDENCY_INTEGRITY/ANCESTOR_REPAIR/OUTPUTS.json",
    "projects/chirality-runtime/execution/_Coordination/AgentRuns/RUNTIME_EXECUTION_2026-09-06/IMPLEMENTATION/CONFORMANCE/DEPENDENCY_INTEGRITY/ANCESTOR_REPAIR/RETURN.md",
    "projects/chirality-runtime/execution/_Coordination/AgentRuns/RUNTIME_EXECUTION_2026-09-06/IMPLEMENTATION/CONFORMANCE/DEPENDENCY_INTEGRITY/ANCESTOR_REPAIR/benchmark.json",
    "projects/chirality-runtime/execution/_Coordination/AgentRuns/RUNTIME_EXECUTION_2026-09-06/IMPLEMENTATION/CONFORMANCE/DEPENDENCY_INTEGRITY/ANCESTOR_REPAIR/runtime-dependencies.test.ts.postimage.gz",
    "projects/chirality-runtime/execution/_Coordination/AgentRuns/RUNTIME_EXECUTION_2026-09-06/IMPLEMENTATION/CONFORMANCE/DEPENDENCY_INTEGRITY/ANCESTOR_REPAIR/runtime-dependencies.test.ts.preimage.gz",
    "projects/chirality-runtime/execution/_Coordination/AgentRuns/RUNTIME_EXECUTION_2026-09-06/IMPLEMENTATION/CONFORMANCE/DEPENDENCY_INTEGRITY/ANCESTOR_REPAIR/runtime-dependencies.ts.postimage.gz",
    "projects/chirality-runtime/execution/_Coordination/AgentRuns/RUNTIME_EXECUTION_2026-09-06/IMPLEMENTATION/CONFORMANCE/DEPENDENCY_INTEGRITY/ANCESTOR_REPAIR/runtime-dependencies.ts.preimage.gz",
    "projects/chirality-runtime/execution/_Coordination/AgentRuns/RUNTIME_EXECUTION_2026-09-06/IMPLEMENTATION/CONFORMANCE/DEPENDENCY_INTEGRITY/ANCESTOR_REPAIR/tests-final.log",
    "projects/chirality-runtime/execution/_Coordination/AgentRuns/RUNTIME_EXECUTION_2026-09-06/IMPLEMENTATION/CONFORMANCE/DEPENDENCY_INTEGRITY/ANCESTOR_REPAIR/tests-stable.log",
    "projects/chirality-runtime/execution/_Coordination/AgentRuns/RUNTIME_EXECUTION_2026-09-06/IMPLEMENTATION/CONFORMANCE/DEPENDENCY_INTEGRITY/ANCESTOR_REPAIR/tests.log",
    "projects/chirality-runtime/execution/_Coordination/AgentRuns/RUNTIME_EXECUTION_2026-09-06/IMPLEMENTATION/CONFORMANCE/DEPENDENCY_INTEGRITY/ARTIFACTS.sha256",
    "projects/chirality-runtime/execution/_Coordination/AgentRuns/RUNTIME_EXECUTION_2026-09-06/IMPLEMENTATION/CONFORMANCE/DEPENDENCY_INTEGRITY/BRIEF.md",
    "projects/chirality-runtime/execution/_Coordination/AgentRuns/RUNTIME_EXECUTION_2026-09-06/IMPLEMENTATION/CONFORMANCE/DEPENDENCY_INTEGRITY/OUTPUTS.json",
    "projects/chirality-runtime/execution/_Coordination/AgentRuns/RUNTIME_EXECUTION_2026-09-06/IMPLEMENTATION/CONFORMANCE/DEPENDENCY_INTEGRITY/RETURN.md",
    "projects/chirality-runtime/execution/_Coordination/AgentRuns/RUNTIME_EXECUTION_2026-09-06/IMPLEMENTATION/CONFORMANCE/DEPENDENCY_INTEGRITY/SOURCE_PINS.json",
    "projects/chirality-runtime/execution/_Coordination/AgentRuns/RUNTIME_EXECUTION_2026-09-06/IMPLEMENTATION/CONFORMANCE/DEPENDENCY_INTEGRITY/benchmark.json",
    "projects/chirality-runtime/execution/_Coordination/AgentRuns/RUNTIME_EXECUTION_2026-09-06/IMPLEMENTATION/CONFORMANCE/DEPENDENCY_INTEGRITY/benchmark.mjs",
    "projects/chirality-runtime/execution/_Coordination/AgentRuns/RUNTIME_EXECUTION_2026-09-06/IMPLEMENTATION/CONFORMANCE/DEPENDENCY_INTEGRITY/runtime-conformance.test.ts.postimage.gz",
    "projects/chirality-runtime/execution/_Coordination/AgentRuns/RUNTIME_EXECUTION_2026-09-06/IMPLEMENTATION/CONFORMANCE/DEPENDENCY_INTEGRITY/runtime-conformance.test.ts.upstream-preimage.gz",
    "projects/chirality-runtime/execution/_Coordination/AgentRuns/RUNTIME_EXECUTION_2026-09-06/IMPLEMENTATION/CONFORMANCE/DEPENDENCY_INTEGRITY/runtime-conformance.ts.postimage.gz",
    "projects/chirality-runtime/execution/_Coordination/AgentRuns/RUNTIME_EXECUTION_2026-09-06/IMPLEMENTATION/CONFORMANCE/DEPENDENCY_INTEGRITY/runtime-conformance.ts.upstream-preimage.gz",
    "projects/chirality-runtime/execution/_Coordination/AgentRuns/RUNTIME_EXECUTION_2026-09-06/IMPLEMENTATION/CONFORMANCE/DEPENDENCY_INTEGRITY/runtime-dependencies.test.ts.postimage.gz",
    "projects/chirality-runtime/execution/_Coordination/AgentRuns/RUNTIME_EXECUTION_2026-09-06/IMPLEMENTATION/CONFORMANCE/DEPENDENCY_INTEGRITY/runtime-dependencies.ts.postimage.gz",
    "projects/chirality-runtime/execution/_Coordination/AgentRuns/RUNTIME_EXECUTION_2026-09-06/IMPLEMENTATION/CONFORMANCE/DEPENDENCY_INTEGRITY/tests-final.log",
    "projects/chirality-runtime/execution/_Coordination/AgentRuns/RUNTIME_EXECUTION_2026-09-06/IMPLEMENTATION/CONFORMANCE/DEPENDENCY_INTEGRITY/tests-sealed.log",
    "projects/chirality-runtime/execution/_Coordination/AgentRuns/RUNTIME_EXECUTION_2026-09-06/IMPLEMENTATION/CONFORMANCE/DEPENDENCY_INTEGRITY/tests-verified.log",
    "projects/chirality-runtime/execution/_Coordination/AgentRuns/RUNTIME_EXECUTION_2026-09-06/IMPLEMENTATION/CONFORMANCE/DEPENDENCY_INTEGRITY/tests.log",
    "projects/chirality-runtime/execution/_Coordination/AgentRuns/RUNTIME_EXECUTION_2026-09-06/IMPLEMENTATION/CONFORMANCE/GENERATION_FREEZE/ARTIFACTS.sha256",
    "projects/chirality-runtime/execution/_Coordination/AgentRuns/RUNTIME_EXECUTION_2026-09-06/IMPLEMENTATION/CONFORMANCE/GENERATION_FREEZE/BRIEF.md",
    "projects/chirality-runtime/execution/_Coordination/AgentRuns/RUNTIME_EXECUTION_2026-09-06/IMPLEMENTATION/CONFORMANCE/GENERATION_FREEZE/CALIBRATION_ADDENDUM.md",
    "projects/chirality-runtime/execution/_Coordination/AgentRuns/RUNTIME_EXECUTION_2026-09-06/IMPLEMENTATION/CONFORMANCE/GENERATION_FREEZE/OUTPUTS.json",
    "projects/chirality-runtime/execution/_Coordination/AgentRuns/RUNTIME_EXECUTION_2026-09-06/IMPLEMENTATION/CONFORMANCE/GENERATION_FREEZE/runtime-conformance.test.ts.postimage.gz",
    "projects/chirality-runtime/execution/_Coordination/AgentRuns/RUNTIME_EXECUTION_2026-09-06/IMPLEMENTATION/CONFORMANCE/GENERATION_FREEZE/runtime-conformance.ts.postimage.gz",
    "projects/chirality-runtime/execution/_Coordination/AgentRuns/RUNTIME_EXECUTION_2026-09-06/IMPLEMENTATION/CONFORMANCE/GENERATION_FREEZE/runtime-conformance.ts.preimage.gz",
    "projects/chirality-runtime/execution/_Coordination/AgentRuns/RUNTIME_EXECUTION_2026-09-06/IMPLEMENTATION/CONFORMANCE/OUTPUTS.json",
    "projects/chirality-runtime/execution/_Coordination/AgentRuns/RUNTIME_EXECUTION_2026-09-06/IMPLEMENTATION/CONFORMANCE/RETURN.md",
    "projects/chirality-runtime/execution/_Coordination/AgentRuns/RUNTIME_EXECUTION_2026-09-06/IMPLEMENTATION/CONFORMANCE/SOURCE_PINS.json",
    "projects/chirality-runtime/execution/_Coordination/AgentRuns/RUNTIME_EXECUTION_2026-09-06/IMPLEMENTATION/CONFORMANCE/codex-supervisor.test.ts.postimage.gz",
    "projects/chirality-runtime/execution/_Coordination/AgentRuns/RUNTIME_EXECUTION_2026-09-06/IMPLEMENTATION/CONFORMANCE/codex-supervisor.test.ts.preimage.gz",
    "projects/chirality-runtime/execution/_Coordination/AgentRuns/RUNTIME_EXECUTION_2026-09-06/IMPLEMENTATION/CONFORMANCE/codex-supervisor.ts.postimage.gz",
    "projects/chirality-runtime/execution/_Coordination/AgentRuns/RUNTIME_EXECUTION_2026-09-06/IMPLEMENTATION/CONFORMANCE/codex-supervisor.ts.preimage.gz",
    "projects/chirality-runtime/execution/_Coordination/AgentRuns/RUNTIME_EXECUTION_2026-09-06/IMPLEMENTATION/CONFORMANCE/index.ts.postimage.gz",
    "projects/chirality-runtime/execution/_Coordination/AgentRuns/RUNTIME_EXECUTION_2026-09-06/IMPLEMENTATION/CONFORMANCE/runtime-conformance.test.ts.postimage.gz",
    "projects/chirality-runtime/execution/_Coordination/AgentRuns/RUNTIME_EXECUTION_2026-09-06/IMPLEMENTATION/CONFORMANCE/runtime-conformance.ts.postimage.gz",
    "projects/chirality-runtime/execution/_Coordination/AgentRuns/RUNTIME_EXECUTION_2026-09-06/IMPLEMENTATION/CONFORMANCE/standalone.test.ts.postimage.gz",
    "projects/chirality-runtime/execution/_Coordination/AgentRuns/RUNTIME_EXECUTION_2026-09-06/IMPLEMENTATION/CONFORMANCE/standalone.test.ts.preimage.gz",
    "projects/chirality-runtime/execution/_Coordination/AgentRuns/RUNTIME_EXECUTION_2026-09-06/IMPLEMENTATION/CONFORMANCE/standalone.ts.postimage.gz",
    "projects/chirality-runtime/execution/_Coordination/AgentRuns/RUNTIME_EXECUTION_2026-09-06/IMPLEMENTATION/CONFORMANCE/standalone.ts.preimage.gz",
    "projects/chirality-runtime/execution/_Coordination/AgentRuns/RUNTIME_EXECUTION_2026-09-06/IMPLEMENTATION/CONTAINMENT/BRIEF.md",
    "projects/chirality-runtime/execution/_Coordination/AgentRuns/RUNTIME_EXECUTION_2026-09-06/IMPLEMENTATION/CONTAINMENT/NATIVE_POLICY/BRIEF.md",
    "projects/chirality-runtime/execution/_Coordination/AgentRuns/RUNTIME_EXECUTION_2026-09-06/IMPLEMENTATION/CONTAINMENT/NATIVE_POLICY/CONFIG_SHADOW_EXTENSION/OUTPUTS.json",
    "projects/chirality-runtime/execution/_Coordination/AgentRuns/RUNTIME_EXECUTION_2026-09-06/IMPLEMENTATION/CONTAINMENT/NATIVE_POLICY/CONFIG_SHADOW_EXTENSION/RETURN.md",
    "projects/chirality-runtime/execution/_Coordination/AgentRuns/RUNTIME_EXECUTION_2026-09-06/IMPLEMENTATION/CONTAINMENT/NATIVE_POLICY/DEDICATED_BINARY_CORRECTION/OUTPUTS.json",
    "projects/chirality-runtime/execution/_Coordination/AgentRuns/RUNTIME_EXECUTION_2026-09-06/IMPLEMENTATION/CONTAINMENT/NATIVE_POLICY/DEDICATED_BINARY_CORRECTION/RETURN.md",
    "projects/chirality-runtime/execution/_Coordination/AgentRuns/RUNTIME_EXECUTION_2026-09-06/IMPLEMENTATION/CONTAINMENT/NATIVE_POLICY/INLINE_TABLE_CORRECTION/OUTPUTS.json",
    "projects/chirality-runtime/execution/_Coordination/AgentRuns/RUNTIME_EXECUTION_2026-09-06/IMPLEMENTATION/CONTAINMENT/NATIVE_POLICY/INLINE_TABLE_CORRECTION/RETURN.md",
    "projects/chirality-runtime/execution/_Coordination/AgentRuns/RUNTIME_EXECUTION_2026-09-06/IMPLEMENTATION/CONTAINMENT/NATIVE_POLICY/LITERAL_ROOT_ANALYSIS/ASSESSMENT.md",
    "projects/chirality-runtime/execution/_Coordination/AgentRuns/RUNTIME_EXECUTION_2026-09-06/IMPLEMENTATION/CONTAINMENT/NATIVE_POLICY/LITERAL_ROOT_ANALYSIS/CLOSURE/ASSESSMENT.md",
    "projects/chirality-runtime/execution/_Coordination/AgentRuns/RUNTIME_EXECUTION_2026-09-06/IMPLEMENTATION/CONTAINMENT/NATIVE_POLICY/LITERAL_ROOT_ANALYSIS/CLOSURE/BUILD_FEASIBILITY/CANDIDATE/ACCEPTED_ARTIFACT_UNCHANGED.json",
    "projects/chirality-runtime/execution/_Coordination/AgentRuns/RUNTIME_EXECUTION_2026-09-06/IMPLEMENTATION/CONTAINMENT/NATIVE_POLICY/LITERAL_ROOT_ANALYSIS/CLOSURE/BUILD_FEASIBILITY/CANDIDATE/APPLIED.patch",
    "projects/chirality-runtime/execution/_Coordination/AgentRuns/RUNTIME_EXECUTION_2026-09-06/IMPLEMENTATION/CONTAINMENT/NATIVE_POLICY/LITERAL_ROOT_ANALYSIS/CLOSURE/BUILD_FEASIBILITY/CANDIDATE/BASELINE_MANIFEST.json",
    "projects/chirality-runtime/execution/_Coordination/AgentRuns/RUNTIME_EXECUTION_2026-09-06/IMPLEMENTATION/CONTAINMENT/NATIVE_POLICY/LITERAL_ROOT_ANALYSIS/CLOSURE/BUILD_FEASIBILITY/CANDIDATE/BRIEF.md",
    "projects/chirality-runtime/execution/_Coordination/AgentRuns/RUNTIME_EXECUTION_2026-09-06/IMPLEMENTATION/CONTAINMENT/NATIVE_POLICY/LITERAL_ROOT_ANALYSIS/CLOSURE/BUILD_FEASIBILITY/CANDIDATE/BUILD_REVIEW_CHECKPOINT.md",
    "projects/chirality-runtime/execution/_Coordination/AgentRuns/RUNTIME_EXECUTION_2026-09-06/IMPLEMENTATION/CONTAINMENT/NATIVE_POLICY/LITERAL_ROOT_ANALYSIS/CLOSURE/BUILD_FEASIBILITY/CANDIDATE/CRATE_CHECKSUMS.json",
    "projects/chirality-runtime/execution/_Coordination/AgentRuns/RUNTIME_EXECUTION_2026-09-06/IMPLEMENTATION/CONTAINMENT/NATIVE_POLICY/LITERAL_ROOT_ANALYSIS/CLOSURE/BUILD_FEASIBILITY/CANDIDATE/FINAL_SOURCE_STATUS.txt",
    "projects/chirality-runtime/execution/_Coordination/AgentRuns/RUNTIME_EXECUTION_2026-09-06/IMPLEMENTATION/CONTAINMENT/NATIVE_POLICY/LITERAL_ROOT_ANALYSIS/CLOSURE/BUILD_FEASIBILITY/CANDIDATE/GIT_DEPENDENCY_CHECKOUTS.json",
    "projects/chirality-runtime/execution/_Coordination/AgentRuns/RUNTIME_EXECUTION_2026-09-06/IMPLEMENTATION/CONTAINMENT/NATIVE_POLICY/LITERAL_ROOT_ANALYSIS/CLOSURE/BUILD_FEASIBILITY/CANDIDATE/LOCK_NORMALIZATION.json",
    "projects/chirality-runtime/execution/_Coordination/AgentRuns/RUNTIME_EXECUTION_2026-09-06/IMPLEMENTATION/CONTAINMENT/NATIVE_POLICY/LITERAL_ROOT_ANALYSIS/CLOSURE/BUILD_FEASIBILITY/CANDIDATE/LOCK_NORMALIZATION_V2.json",
    "projects/chirality-runtime/execution/_Coordination/AgentRuns/RUNTIME_EXECUTION_2026-09-06/IMPLEMENTATION/CONTAINMENT/NATIVE_POLICY/LITERAL_ROOT_ANALYSIS/CLOSURE/BUILD_FEASIBILITY/CANDIDATE/OUTPUTS.sha256",
    "projects/chirality-runtime/execution/_Coordination/AgentRuns/RUNTIME_EXECUTION_2026-09-06/IMPLEMENTATION/CONTAINMENT/NATIVE_POLICY/LITERAL_ROOT_ANALYSIS/CLOSURE/BUILD_FEASIBILITY/CANDIDATE/PATCHED_MANIFEST.json",
    "projects/chirality-runtime/execution/_Coordination/AgentRuns/RUNTIME_EXECUTION_2026-09-06/IMPLEMENTATION/CONTAINMENT/NATIVE_POLICY/LITERAL_ROOT_ANALYSIS/CLOSURE/BUILD_FEASIBILITY/CANDIDATE/PATCH_IDENTITY.json",
    "projects/chirality-runtime/execution/_Coordination/AgentRuns/RUNTIME_EXECUTION_2026-09-06/IMPLEMENTATION/CONTAINMENT/NATIVE_POLICY/LITERAL_ROOT_ANALYSIS/CLOSURE/BUILD_FEASIBILITY/CANDIDATE/README.md",
    "projects/chirality-runtime/execution/_Coordination/AgentRuns/RUNTIME_EXECUTION_2026-09-06/IMPLEMENTATION/CONTAINMENT/NATIVE_POLICY/LITERAL_ROOT_ANALYSIS/CLOSURE/BUILD_FEASIBILITY/CANDIDATE/REPRODUCE.md",
    "projects/chirality-runtime/execution/_Coordination/AgentRuns/RUNTIME_EXECUTION_2026-09-06/IMPLEMENTATION/CONTAINMENT/NATIVE_POLICY/LITERAL_ROOT_ANALYSIS/CLOSURE/BUILD_FEASIBILITY/CANDIDATE/RETURN.md",
    "projects/chirality-runtime/execution/_Coordination/AgentRuns/RUNTIME_EXECUTION_2026-09-06/IMPLEMENTATION/CONTAINMENT/NATIVE_POLICY/LITERAL_ROOT_ANALYSIS/CLOSURE/BUILD_FEASIBILITY/CANDIDATE/SOURCE_VERIFICATION.json",
    "projects/chirality-runtime/execution/_Coordination/AgentRuns/RUNTIME_EXECUTION_2026-09-06/IMPLEMENTATION/CONTAINMENT/NATIVE_POLICY/LITERAL_ROOT_ANALYSIS/CLOSURE/BUILD_FEASIBILITY/CANDIDATE/TOOLCHAIN_IDENTITY.json",
    "projects/chirality-runtime/execution/_Coordination/AgentRuns/RUNTIME_EXECUTION_2026-09-06/IMPLEMENTATION/CONTAINMENT/NATIVE_POLICY/LITERAL_ROOT_ANALYSIS/CLOSURE/BUILD_FEASIBILITY/CANDIDATE/V8_VERIFIED.json",
    "projects/chirality-runtime/execution/_Coordination/AgentRuns/RUNTIME_EXECUTION_2026-09-06/IMPLEMENTATION/CONTAINMENT/NATIVE_POLICY/LITERAL_ROOT_ANALYSIS/CLOSURE/BUILD_FEASIBILITY/CANDIDATE/baseline-inspection.json",
    "projects/chirality-runtime/execution/_Coordination/AgentRuns/RUNTIME_EXECUTION_2026-09-06/IMPLEMENTATION/CONTAINMENT/NATIVE_POLICY/LITERAL_ROOT_ANALYSIS/CLOSURE/BUILD_FEASIBILITY/CANDIDATE/baseline.json",
    "projects/chirality-runtime/execution/_Coordination/AgentRuns/RUNTIME_EXECUTION_2026-09-06/IMPLEMENTATION/CONTAINMENT/NATIVE_POLICY/LITERAL_ROOT_ANALYSIS/CLOSURE/BUILD_FEASIBILITY/CANDIDATE/baseline.log",
    "projects/chirality-runtime/execution/_Coordination/AgentRuns/RUNTIME_EXECUTION_2026-09-06/IMPLEMENTATION/CONTAINMENT/NATIVE_POLICY/LITERAL_ROOT_ANALYSIS/CLOSURE/BUILD_FEASIBILITY/CANDIDATE/capture.py",
    "projects/chirality-runtime/execution/_Coordination/AgentRuns/RUNTIME_EXECUTION_2026-09-06/IMPLEMENTATION/CONTAINMENT/NATIVE_POLICY/LITERAL_ROOT_ANALYSIS/CLOSURE/BUILD_FEASIBILITY/CANDIDATE/fetch.initial-lock-failure.json",
    "projects/chirality-runtime/execution/_Coordination/AgentRuns/RUNTIME_EXECUTION_2026-09-06/IMPLEMENTATION/CONTAINMENT/NATIVE_POLICY/LITERAL_ROOT_ANALYSIS/CLOSURE/BUILD_FEASIBILITY/CANDIDATE/fetch.json",
    "projects/chirality-runtime/execution/_Coordination/AgentRuns/RUNTIME_EXECUTION_2026-09-06/IMPLEMENTATION/CONTAINMENT/NATIVE_POLICY/LITERAL_ROOT_ANALYSIS/CLOSURE/BUILD_FEASIBILITY/CANDIDATE/fetch.partial-normalization-failure.json",
    "projects/chirality-runtime/execution/_Coordination/AgentRuns/RUNTIME_EXECUTION_2026-09-06/IMPLEMENTATION/CONTAINMENT/NATIVE_POLICY/LITERAL_ROOT_ANALYSIS/CLOSURE/BUILD_FEASIBILITY/CANDIDATE/fetch_v8.py",
    "projects/chirality-runtime/execution/_Coordination/AgentRuns/RUNTIME_EXECUTION_2026-09-06/IMPLEMENTATION/CONTAINMENT/NATIVE_POLICY/LITERAL_ROOT_ANALYSIS/CLOSURE/BUILD_FEASIBILITY/CANDIDATE/local-tests.json",
    "projects/chirality-runtime/execution/_Coordination/AgentRuns/RUNTIME_EXECUTION_2026-09-06/IMPLEMENTATION/CONTAINMENT/NATIVE_POLICY/LITERAL_ROOT_ANALYSIS/CLOSURE/BUILD_FEASIBILITY/CANDIDATE/local-tests.log",
    "projects/chirality-runtime/execution/_Coordination/AgentRuns/RUNTIME_EXECUTION_2026-09-06/IMPLEMENTATION/CONTAINMENT/NATIVE_POLICY/LITERAL_ROOT_ANALYSIS/CLOSURE/BUILD_FEASIBILITY/CANDIDATE/patched-inspection.json",
    "projects/chirality-runtime/execution/_Coordination/AgentRuns/RUNTIME_EXECUTION_2026-09-06/IMPLEMENTATION/CONTAINMENT/NATIVE_POLICY/LITERAL_ROOT_ANALYSIS/CLOSURE/BUILD_FEASIBILITY/CANDIDATE/patched.json",
    "projects/chirality-runtime/execution/_Coordination/AgentRuns/RUNTIME_EXECUTION_2026-09-06/IMPLEMENTATION/CONTAINMENT/NATIVE_POLICY/LITERAL_ROOT_ANALYSIS/CLOSURE/BUILD_FEASIBILITY/CANDIDATE/patched.log",
    "projects/chirality-runtime/execution/_Coordination/AgentRuns/RUNTIME_EXECUTION_2026-09-06/IMPLEMENTATION/CONTAINMENT/NATIVE_POLICY/LITERAL_ROOT_ANALYSIS/CLOSURE/BUILD_FEASIBILITY/CANDIDATE/policy-regression-initial.json",
    "projects/chirality-runtime/execution/_Coordination/AgentRuns/RUNTIME_EXECUTION_2026-09-06/IMPLEMENTATION/CONTAINMENT/NATIVE_POLICY/LITERAL_ROOT_ANALYSIS/CLOSURE/BUILD_FEASIBILITY/CANDIDATE/policy-regression-initial.py",
    "projects/chirality-runtime/execution/_Coordination/AgentRuns/RUNTIME_EXECUTION_2026-09-06/IMPLEMENTATION/CONTAINMENT/NATIVE_POLICY/LITERAL_ROOT_ANALYSIS/CLOSURE/BUILD_FEASIBILITY/CANDIDATE/policy-regression.json",
    "projects/chirality-runtime/execution/_Coordination/AgentRuns/RUNTIME_EXECUTION_2026-09-06/IMPLEMENTATION/CONTAINMENT/NATIVE_POLICY/LITERAL_ROOT_ANALYSIS/CLOSURE/BUILD_FEASIBILITY/CANDIDATE/policy-regression.py",
    "projects/chirality-runtime/execution/_Coordination/AgentRuns/RUNTIME_EXECUTION_2026-09-06/IMPLEMENTATION/CONTAINMENT/NATIVE_POLICY/LITERAL_ROOT_ANALYSIS/CLOSURE/BUILD_FEASIBILITY/CANDIDATE/release-lock-normalization.patch",
    "projects/chirality-runtime/execution/_Coordination/AgentRuns/RUNTIME_EXECUTION_2026-09-06/IMPLEMENTATION/CONTAINMENT/NATIVE_POLICY/LITERAL_ROOT_ANALYSIS/CLOSURE/BUILD_FEASIBILITY/CANDIDATE/run.py",
    "projects/chirality-runtime/execution/_Coordination/AgentRuns/RUNTIME_EXECUTION_2026-09-06/IMPLEMENTATION/CONTAINMENT/NATIVE_POLICY/LITERAL_ROOT_ANALYSIS/CLOSURE/BUILD_FEASIBILITY/CANDIDATE_2/APPLIED_CANDIDATE_2.patch",
    "projects/chirality-runtime/execution/_Coordination/AgentRuns/RUNTIME_EXECUTION_2026-09-06/IMPLEMENTATION/CONTAINMENT/NATIVE_POLICY/LITERAL_ROOT_ANALYSIS/CLOSURE/BUILD_FEASIBILITY/CANDIDATE_2/BRIEF.md",
    "projects/chirality-runtime/execution/_Coordination/AgentRuns/RUNTIME_EXECUTION_2026-09-06/IMPLEMENTATION/CONTAINMENT/NATIVE_POLICY/LITERAL_ROOT_ANALYSIS/CLOSURE/BUILD_FEASIBILITY/CANDIDATE_2/CHECKPOINT.md",
    "projects/chirality-runtime/execution/_Coordination/AgentRuns/RUNTIME_EXECUTION_2026-09-06/IMPLEMENTATION/CONTAINMENT/NATIVE_POLICY/LITERAL_ROOT_ANALYSIS/CLOSURE/BUILD_FEASIBILITY/CANDIDATE_2/CHECKPOINT_OUTPUTS.sha256",
    "projects/chirality-runtime/execution/_Coordination/AgentRuns/RUNTIME_EXECUTION_2026-09-06/IMPLEMENTATION/CONTAINMENT/NATIVE_POLICY/LITERAL_ROOT_ANALYSIS/CLOSURE/BUILD_FEASIBILITY/CANDIDATE_2/DESIGN.md",
    "projects/chirality-runtime/execution/_Coordination/AgentRuns/RUNTIME_EXECUTION_2026-09-06/IMPLEMENTATION/CONTAINMENT/NATIVE_POLICY/LITERAL_ROOT_ANALYSIS/CLOSURE/BUILD_FEASIBILITY/CANDIDATE_2/INPUTS.sha256",
    "projects/chirality-runtime/execution/_Coordination/AgentRuns/RUNTIME_EXECUTION_2026-09-06/IMPLEMENTATION/CONTAINMENT/NATIVE_POLICY/LITERAL_ROOT_ANALYSIS/CLOSURE/BUILD_FEASIBILITY/CANDIDATE_2/INTERRUPTED_CHECKPOINT.json",
    "projects/chirality-runtime/execution/_Coordination/AgentRuns/RUNTIME_EXECUTION_2026-09-06/IMPLEMENTATION/CONTAINMENT/NATIVE_POLICY/LITERAL_ROOT_ANALYSIS/CLOSURE/BUILD_FEASIBILITY/CANDIDATE_2/PROPOSED_NETWORK.patch",
    "projects/chirality-runtime/execution/_Coordination/AgentRuns/RUNTIME_EXECUTION_2026-09-06/IMPLEMENTATION/CONTAINMENT/NATIVE_POLICY/LITERAL_ROOT_ANALYSIS/CLOSURE/BUILD_FEASIBILITY/CANDIDATE_2/PROPOSED_NO_SESSION_TEST.patch",
    "projects/chirality-runtime/execution/_Coordination/AgentRuns/RUNTIME_EXECUTION_2026-09-06/IMPLEMENTATION/CONTAINMENT/NATIVE_POLICY/LITERAL_ROOT_ANALYSIS/CLOSURE/BUILD_FEASIBILITY/CANDIDATE_2/PROPOSED_TEST.patch",
    "projects/chirality-runtime/execution/_Coordination/AgentRuns/RUNTIME_EXECUTION_2026-09-06/IMPLEMENTATION/CONTAINMENT/NATIVE_POLICY/LITERAL_ROOT_ANALYSIS/CLOSURE/BUILD_FEASIBILITY/CANDIDATE_2/SOURCE_AFTER.json",
    "projects/chirality-runtime/execution/_Coordination/AgentRuns/RUNTIME_EXECUTION_2026-09-06/IMPLEMENTATION/CONTAINMENT/NATIVE_POLICY/LITERAL_ROOT_ANALYSIS/CLOSURE/BUILD_FEASIBILITY/CANDIDATE_2/candidate2-interrupted.log",
    "projects/chirality-runtime/execution/_Coordination/AgentRuns/RUNTIME_EXECUTION_2026-09-06/IMPLEMENTATION/CONTAINMENT/NATIVE_POLICY/LITERAL_ROOT_ANALYSIS/CLOSURE/BUILD_FEASIBILITY/CANDIDATE_2/run.py",
    "projects/chirality-runtime/execution/_Coordination/AgentRuns/RUNTIME_EXECUTION_2026-09-06/IMPLEMENTATION/CONTAINMENT/NATIVE_POLICY/LITERAL_ROOT_ANALYSIS/CLOSURE/BUILD_FEASIBILITY/OUTPUTS.json",
    "projects/chirality-runtime/execution/_Coordination/AgentRuns/RUNTIME_EXECUTION_2026-09-06/IMPLEMENTATION/CONTAINMENT/NATIVE_POLICY/LITERAL_ROOT_ANALYSIS/CLOSURE/BUILD_FEASIBILITY/PLAN.md",
    "projects/chirality-runtime/execution/_Coordination/AgentRuns/RUNTIME_EXECUTION_2026-09-06/IMPLEMENTATION/CONTAINMENT/NATIVE_POLICY/LITERAL_ROOT_ANALYSIS/CLOSURE/BUILD_FEASIBILITY/SOURCE_PINS.json",
    "projects/chirality-runtime/execution/_Coordination/AgentRuns/RUNTIME_EXECUTION_2026-09-06/IMPLEMENTATION/CONTAINMENT/NATIVE_POLICY/LITERAL_ROOT_ANALYSIS/CLOSURE/BUILD_FEASIBILITY/candidate.patch",
    "projects/chirality-runtime/execution/_Coordination/AgentRuns/RUNTIME_EXECUTION_2026-09-06/IMPLEMENTATION/CONTAINMENT/NATIVE_POLICY/LITERAL_ROOT_ANALYSIS/CLOSURE/OUTPUTS.json",
    "projects/chirality-runtime/execution/_Coordination/AgentRuns/RUNTIME_EXECUTION_2026-09-06/IMPLEMENTATION/CONTAINMENT/NATIVE_POLICY/LITERAL_ROOT_ANALYSIS/CLOSURE/PARENT_DIFFERENTIAL.json",
    "projects/chirality-runtime/execution/_Coordination/AgentRuns/RUNTIME_EXECUTION_2026-09-06/IMPLEMENTATION/CONTAINMENT/NATIVE_POLICY/LITERAL_ROOT_ANALYSIS/OUTPUTS.json",
    "projects/chirality-runtime/execution/_Coordination/AgentRuns/RUNTIME_EXECUTION_2026-09-06/IMPLEMENTATION/CONTAINMENT/NATIVE_POLICY/OUTPUTS.json",
    "projects/chirality-runtime/execution/_Coordination/AgentRuns/RUNTIME_EXECUTION_2026-09-06/IMPLEMENTATION/CONTAINMENT/NATIVE_POLICY/POSTURE_EXTENSION/OUTPUTS.json",
    "projects/chirality-runtime/execution/_Coordination/AgentRuns/RUNTIME_EXECUTION_2026-09-06/IMPLEMENTATION/CONTAINMENT/NATIVE_POLICY/POSTURE_EXTENSION/RETURN.md",
    "projects/chirality-runtime/execution/_Coordination/AgentRuns/RUNTIME_EXECUTION_2026-09-06/IMPLEMENTATION/CONTAINMENT/NATIVE_POLICY/POSTURE_EXTENSION/tests.log",
    "projects/chirality-runtime/execution/_Coordination/AgentRuns/RUNTIME_EXECUTION_2026-09-06/IMPLEMENTATION/CONTAINMENT/NATIVE_POLICY/PROTECTED_LITERAL_EXTENSION/OUTPUTS.json",
    "projects/chirality-runtime/execution/_Coordination/AgentRuns/RUNTIME_EXECUTION_2026-09-06/IMPLEMENTATION/CONTAINMENT/NATIVE_POLICY/PROTECTED_LITERAL_EXTENSION/RETURN.md",
    "projects/chirality-runtime/execution/_Coordination/AgentRuns/RUNTIME_EXECUTION_2026-09-06/IMPLEMENTATION/CONTAINMENT/NATIVE_POLICY/PROTECTED_PATTERNS/OUTPUTS.json",
    "projects/chirality-runtime/execution/_Coordination/AgentRuns/RUNTIME_EXECUTION_2026-09-06/IMPLEMENTATION/CONTAINMENT/NATIVE_POLICY/PROTECTED_PATTERNS/RETURN.md",
    "projects/chirality-runtime/execution/_Coordination/AgentRuns/RUNTIME_EXECUTION_2026-09-06/IMPLEMENTATION/CONTAINMENT/NATIVE_POLICY/PROTECTED_PATTERNS/exact_binary_strings.txt",
    "projects/chirality-runtime/execution/_Coordination/AgentRuns/RUNTIME_EXECUTION_2026-09-06/IMPLEMENTATION/CONTAINMENT/NATIVE_POLICY/RETURN.md",
    "projects/chirality-runtime/execution/_Coordination/AgentRuns/RUNTIME_EXECUTION_2026-09-06/IMPLEMENTATION/CONTAINMENT/NATIVE_POLICY/tests.log",
    "projects/chirality-runtime/execution/_Coordination/AgentRuns/RUNTIME_EXECUTION_2026-09-06/IMPLEMENTATION/CONTAINMENT/NESTED/OUTPUTS.json",
    "projects/chirality-runtime/execution/_Coordination/AgentRuns/RUNTIME_EXECUTION_2026-09-06/IMPLEMENTATION/CONTAINMENT/NESTED/RETURN.md",
    "projects/chirality-runtime/execution/_Coordination/AgentRuns/RUNTIME_EXECUTION_2026-09-06/IMPLEMENTATION/CONTAINMENT/NESTED/final.log",
    "projects/chirality-runtime/execution/_Coordination/AgentRuns/RUNTIME_EXECUTION_2026-09-06/IMPLEMENTATION/CONTAINMENT/NESTED/initial.log",
    "projects/chirality-runtime/execution/_Coordination/AgentRuns/RUNTIME_EXECUTION_2026-09-06/IMPLEMENTATION/CONTAINMENT/NESTED/isolate.py",
    "projects/chirality-runtime/execution/_Coordination/AgentRuns/RUNTIME_EXECUTION_2026-09-06/IMPLEMENTATION/CONTAINMENT/NESTED/isolation.jsonl",
    "projects/chirality-runtime/execution/_Coordination/AgentRuns/RUNTIME_EXECUTION_2026-09-06/IMPLEMENTATION/CONTAINMENT/OUTPUTS.json",
    "projects/chirality-runtime/execution/_Coordination/AgentRuns/RUNTIME_EXECUTION_2026-09-06/IMPLEMENTATION/CONTAINMENT/RETURN.md",
    "projects/chirality-runtime/execution/_Coordination/AgentRuns/RUNTIME_EXECUTION_2026-09-06/IMPLEMENTATION/CONTAINMENT/TOPOLOGY_ASSESSMENT/ASSESSMENT.md",
    "projects/chirality-runtime/execution/_Coordination/AgentRuns/RUNTIME_EXECUTION_2026-09-06/IMPLEMENTATION/CONTAINMENT/TOPOLOGY_ASSESSMENT/SOURCE_HASHES.json",
    "projects/chirality-runtime/execution/_Coordination/AgentRuns/RUNTIME_EXECUTION_2026-09-06/IMPLEMENTATION/CONTAINMENT/tests.log",
    "projects/chirality-runtime/execution/_Coordination/AgentRuns/RUNTIME_EXECUTION_2026-09-06/IMPLEMENTATION/CONTINUITY/ARTIFACTS.sha256",
    "projects/chirality-runtime/execution/_Coordination/AgentRuns/RUNTIME_EXECUTION_2026-09-06/IMPLEMENTATION/CONTINUITY/BRIEF.md",
    "projects/chirality-runtime/execution/_Coordination/AgentRuns/RUNTIME_EXECUTION_2026-09-06/IMPLEMENTATION/CONTINUITY/FINAL_REPAIR/ARTIFACTS.sha256",
    "projects/chirality-runtime/execution/_Coordination/AgentRuns/RUNTIME_EXECUTION_2026-09-06/IMPLEMENTATION/CONTINUITY/FINAL_REPAIR/BRIEF.md",
    "projects/chirality-runtime/execution/_Coordination/AgentRuns/RUNTIME_EXECUTION_2026-09-06/IMPLEMENTATION/CONTINUITY/FINAL_REPAIR/OUTPUTS.json",
    "projects/chirality-runtime/execution/_Coordination/AgentRuns/RUNTIME_EXECUTION_2026-09-06/IMPLEMENTATION/CONTINUITY/FINAL_REPAIR/RETURN.md",
    "projects/chirality-runtime/execution/_Coordination/AgentRuns/RUNTIME_EXECUTION_2026-09-06/IMPLEMENTATION/CONTINUITY/FINAL_REPAIR/worker-retirement.test.ts.pre-repair.gz",
    "projects/chirality-runtime/execution/_Coordination/AgentRuns/RUNTIME_EXECUTION_2026-09-06/IMPLEMENTATION/CONTINUITY/FINAL_REPAIR/worker-retirement.test.ts.repaired.gz",
    "projects/chirality-runtime/execution/_Coordination/AgentRuns/RUNTIME_EXECUTION_2026-09-06/IMPLEMENTATION/CONTINUITY/FINAL_REPAIR/worker-retirement.ts.pre-repair.gz",
    "projects/chirality-runtime/execution/_Coordination/AgentRuns/RUNTIME_EXECUTION_2026-09-06/IMPLEMENTATION/CONTINUITY/FINAL_REPAIR/worker-retirement.ts.repaired.gz",
    "projects/chirality-runtime/execution/_Coordination/AgentRuns/RUNTIME_EXECUTION_2026-09-06/IMPLEMENTATION/CONTINUITY/OUTPUTS.json",
    "projects/chirality-runtime/execution/_Coordination/AgentRuns/RUNTIME_EXECUTION_2026-09-06/IMPLEMENTATION/CONTINUITY/RETURN.md",
    "projects/chirality-runtime/execution/_Coordination/AgentRuns/RUNTIME_EXECUTION_2026-09-06/IMPLEMENTATION/DESCENDANT_TRACKING/ARTIFACTS.sha256",
    "projects/chirality-runtime/execution/_Coordination/AgentRuns/RUNTIME_EXECUTION_2026-09-06/IMPLEMENTATION/DESCENDANT_TRACKING/BRIEF.md",
    "projects/chirality-runtime/execution/_Coordination/AgentRuns/RUNTIME_EXECUTION_2026-09-06/IMPLEMENTATION/DESCENDANT_TRACKING/OUTPUTS.json",
    "projects/chirality-runtime/execution/_Coordination/AgentRuns/RUNTIME_EXECUTION_2026-09-06/IMPLEMENTATION/DESCENDANT_TRACKING/RETURN.md",
    "projects/chirality-runtime/execution/_Coordination/AgentRuns/RUNTIME_EXECUTION_2026-09-06/IMPLEMENTATION/DESCENDANT_TRACKING/SIBLING_BASIS.json",
    "projects/chirality-runtime/execution/_Coordination/AgentRuns/RUNTIME_EXECUTION_2026-09-06/IMPLEMENTATION/DESCENDANT_TRACKING/codex-supervisor.test.ts.pre-tracking.gz",
    "projects/chirality-runtime/execution/_Coordination/AgentRuns/RUNTIME_EXECUTION_2026-09-06/IMPLEMENTATION/DESCENDANT_TRACKING/codex-supervisor.test.ts.tracked.gz",
    "projects/chirality-runtime/execution/_Coordination/AgentRuns/RUNTIME_EXECUTION_2026-09-06/IMPLEMENTATION/DESCENDANT_TRACKING/codex-supervisor.ts.pre-tracking.gz",
    "projects/chirality-runtime/execution/_Coordination/AgentRuns/RUNTIME_EXECUTION_2026-09-06/IMPLEMENTATION/DESCENDANT_TRACKING/codex-supervisor.ts.tracked.gz",
    "projects/chirality-runtime/execution/_Coordination/AgentRuns/RUNTIME_EXECUTION_2026-09-06/IMPLEMENTATION/DETERMINISTIC_PROVIDER_STUDY/ARTIFACTS.sha256",
    "projects/chirality-runtime/execution/_Coordination/AgentRuns/RUNTIME_EXECUTION_2026-09-06/IMPLEMENTATION/DETERMINISTIC_PROVIDER_STUDY/DIAGNOSTIC_CONTROLS/ARTIFACTS.sha256",
    "projects/chirality-runtime/execution/_Coordination/AgentRuns/RUNTIME_EXECUTION_2026-09-06/IMPLEMENTATION/DETERMINISTIC_PROVIDER_STUDY/DIAGNOSTIC_CONTROLS/RETURN.md",
    "projects/chirality-runtime/execution/_Coordination/AgentRuns/RUNTIME_EXECUTION_2026-09-06/IMPLEMENTATION/DETERMINISTIC_PROVIDER_STUDY/DIAGNOSTIC_CONTROLS/SOURCE_HASHES.sha256",
    "projects/chirality-runtime/execution/_Coordination/AgentRuns/RUNTIME_EXECUTION_2026-09-06/IMPLEMENTATION/DETERMINISTIC_PROVIDER_STUDY/NARROW_READ_ROOTS/ARTIFACTS.sha256",
    "projects/chirality-runtime/execution/_Coordination/AgentRuns/RUNTIME_EXECUTION_2026-09-06/IMPLEMENTATION/DETERMINISTIC_PROVIDER_STUDY/NARROW_READ_ROOTS/RETURN.md",
    "projects/chirality-runtime/execution/_Coordination/AgentRuns/RUNTIME_EXECUTION_2026-09-06/IMPLEMENTATION/DETERMINISTIC_PROVIDER_STUDY/NARROW_READ_ROOTS/SOURCE_HASHES.json",
    "projects/chirality-runtime/execution/_Coordination/AgentRuns/RUNTIME_EXECUTION_2026-09-06/IMPLEMENTATION/DETERMINISTIC_PROVIDER_STUDY/NARROW_READ_ROOTS/directories.txt",
    "projects/chirality-runtime/execution/_Coordination/AgentRuns/RUNTIME_EXECUTION_2026-09-06/IMPLEMENTATION/DETERMINISTIC_PROVIDER_STUDY/NARROW_READ_ROOTS/fixture-diagnostics-checks.log",
    "projects/chirality-runtime/execution/_Coordination/AgentRuns/RUNTIME_EXECUTION_2026-09-06/IMPLEMENTATION/DETERMINISTIC_PROVIDER_STUDY/NARROW_READ_ROOTS/macho-dependencies.txt",
    "projects/chirality-runtime/execution/_Coordination/AgentRuns/RUNTIME_EXECUTION_2026-09-06/IMPLEMENTATION/DETERMINISTIC_PROVIDER_STUDY/PLAN.md",
    "projects/chirality-runtime/execution/_Coordination/AgentRuns/RUNTIME_EXECUTION_2026-09-06/IMPLEMENTATION/DETERMINISTIC_PROVIDER_STUDY/POLICY_READBACK_DELTA/ARTIFACTS.sha256",
    "projects/chirality-runtime/execution/_Coordination/AgentRuns/RUNTIME_EXECUTION_2026-09-06/IMPLEMENTATION/DETERMINISTIC_PROVIDER_STUDY/POLICY_READBACK_DELTA/RETURN.md",
    "projects/chirality-runtime/execution/_Coordination/AgentRuns/RUNTIME_EXECUTION_2026-09-06/IMPLEMENTATION/DETERMINISTIC_PROVIDER_STUDY/POLICY_READBACK_DELTA/SOURCE_HASHES.json",
    "projects/chirality-runtime/execution/_Coordination/AgentRuns/RUNTIME_EXECUTION_2026-09-06/IMPLEMENTATION/DETERMINISTIC_PROVIDER_STUDY/PROFILE_DIAGNOSTICS/ARTIFACTS.sha256",
    "projects/chirality-runtime/execution/_Coordination/AgentRuns/RUNTIME_EXECUTION_2026-09-06/IMPLEMENTATION/DETERMINISTIC_PROVIDER_STUDY/PROFILE_DIAGNOSTICS/RETURN.md",
    "projects/chirality-runtime/execution/_Coordination/AgentRuns/RUNTIME_EXECUTION_2026-09-06/IMPLEMENTATION/DETERMINISTIC_PROVIDER_STUDY/PROFILE_DIAGNOSTICS/SOURCE_HASHES.json",
    "projects/chirality-runtime/execution/_Coordination/AgentRuns/RUNTIME_EXECUTION_2026-09-06/IMPLEMENTATION/DETERMINISTIC_PROVIDER_STUDY/PROFILE_DIAGNOSTICS/checks.log",
    "projects/chirality-runtime/execution/_Coordination/AgentRuns/RUNTIME_EXECUTION_2026-09-06/IMPLEMENTATION/DETERMINISTIC_PROVIDER_STUDY/RESUME_NAMESPACE_DELTA/ARTIFACTS.sha256",
    "projects/chirality-runtime/execution/_Coordination/AgentRuns/RUNTIME_EXECUTION_2026-09-06/IMPLEMENTATION/DETERMINISTIC_PROVIDER_STUDY/RESUME_NAMESPACE_DELTA/RETURN.md",
    "projects/chirality-runtime/execution/_Coordination/AgentRuns/RUNTIME_EXECUTION_2026-09-06/IMPLEMENTATION/DETERMINISTIC_PROVIDER_STUDY/RESUME_NAMESPACE_DELTA/SOURCE_HASHES.sha256",
    "projects/chirality-runtime/execution/_Coordination/AgentRuns/RUNTIME_EXECUTION_2026-09-06/IMPLEMENTATION/DETERMINISTIC_PROVIDER_STUDY/RETURN.md",
    "projects/chirality-runtime/execution/_Coordination/AgentRuns/RUNTIME_EXECUTION_2026-09-06/IMPLEMENTATION/DETERMINISTIC_PROVIDER_STUDY/RPC_DIAGNOSTICS/ARTIFACTS.sha256",
    "projects/chirality-runtime/execution/_Coordination/AgentRuns/RUNTIME_EXECUTION_2026-09-06/IMPLEMENTATION/DETERMINISTIC_PROVIDER_STUDY/RPC_DIAGNOSTICS/RETURN.md",
    "projects/chirality-runtime/execution/_Coordination/AgentRuns/RUNTIME_EXECUTION_2026-09-06/IMPLEMENTATION/DETERMINISTIC_PROVIDER_STUDY/RPC_DIAGNOSTICS/SOURCE_HASHES.json",
    "projects/chirality-runtime/execution/_Coordination/AgentRuns/RUNTIME_EXECUTION_2026-09-06/IMPLEMENTATION/DETERMINISTIC_PROVIDER_STUDY/RPC_DIAGNOSTICS/checks.log",
    "projects/chirality-runtime/execution/_Coordination/AgentRuns/RUNTIME_EXECUTION_2026-09-06/IMPLEMENTATION/DETERMINISTIC_PROVIDER_STUDY/SOURCE_HASHES.json",
    "projects/chirality-runtime/execution/_Coordination/AgentRuns/RUNTIME_EXECUTION_2026-09-06/IMPLEMENTATION/DETERMINISTIC_PROVIDER_STUDY/fixture-checks.log",
    "projects/chirality-runtime/execution/_Coordination/AgentRuns/RUNTIME_EXECUTION_2026-09-06/IMPLEMENTATION/DYNAMIC_TOOLS/ARTIFACTS.sha256",
    "projects/chirality-runtime/execution/_Coordination/AgentRuns/RUNTIME_EXECUTION_2026-09-06/IMPLEMENTATION/DYNAMIC_TOOLS/BRIEF.md",
    "projects/chirality-runtime/execution/_Coordination/AgentRuns/RUNTIME_EXECUTION_2026-09-06/IMPLEMENTATION/DYNAMIC_TOOLS/CHECKS.json",
    "projects/chirality-runtime/execution/_Coordination/AgentRuns/RUNTIME_EXECUTION_2026-09-06/IMPLEMENTATION/DYNAMIC_TOOLS/DOCUMENTATION_BASIS.md",
    "projects/chirality-runtime/execution/_Coordination/AgentRuns/RUNTIME_EXECUTION_2026-09-06/IMPLEMENTATION/DYNAMIC_TOOLS/EXACT_FIXTURE/ACTION_CANARIES/ARTIFACTS.sha256",
    "projects/chirality-runtime/execution/_Coordination/AgentRuns/RUNTIME_EXECUTION_2026-09-06/IMPLEMENTATION/DYNAMIC_TOOLS/EXACT_FIXTURE/ACTION_CANARIES/BRIEF.md",
    "projects/chirality-runtime/execution/_Coordination/AgentRuns/RUNTIME_EXECUTION_2026-09-06/IMPLEMENTATION/DYNAMIC_TOOLS/EXACT_FIXTURE/ACTION_CANARIES/OUTPUTS.sha256",
    "projects/chirality-runtime/execution/_Coordination/AgentRuns/RUNTIME_EXECUTION_2026-09-06/IMPLEMENTATION/DYNAMIC_TOOLS/EXACT_FIXTURE/ACTION_CANARIES/RETURN.md",
    "projects/chirality-runtime/execution/_Coordination/AgentRuns/RUNTIME_EXECUTION_2026-09-06/IMPLEMENTATION/DYNAMIC_TOOLS/EXACT_FIXTURE/ACTION_CANARIES/SOURCE_REFERENCES.sha256",
    "projects/chirality-runtime/execution/_Coordination/AgentRuns/RUNTIME_EXECUTION_2026-09-06/IMPLEMENTATION/DYNAMIC_TOOLS/EXACT_FIXTURE/ACTION_CANARIES/exact-codex-conformance.test.ts.PRE_ACTION_CANARIES.gz",
    "projects/chirality-runtime/execution/_Coordination/AgentRuns/RUNTIME_EXECUTION_2026-09-06/IMPLEMENTATION/DYNAMIC_TOOLS/EXACT_FIXTURE/ACTION_CANARIES/response-provider.mjs.PRE_ACTION_CANARIES.gz",
    "projects/chirality-runtime/execution/_Coordination/AgentRuns/RUNTIME_EXECUTION_2026-09-06/IMPLEMENTATION/DYNAMIC_TOOLS/EXACT_FIXTURE/ARTIFACTS.sha256",
    "projects/chirality-runtime/execution/_Coordination/AgentRuns/RUNTIME_EXECUTION_2026-09-06/IMPLEMENTATION/DYNAMIC_TOOLS/EXACT_FIXTURE/BRIEF.md",
    "projects/chirality-runtime/execution/_Coordination/AgentRuns/RUNTIME_EXECUTION_2026-09-06/IMPLEMENTATION/DYNAMIC_TOOLS/EXACT_FIXTURE/CANDIDATE_IDENTITY/ARTIFACTS.sha256",
    "projects/chirality-runtime/execution/_Coordination/AgentRuns/RUNTIME_EXECUTION_2026-09-06/IMPLEMENTATION/DYNAMIC_TOOLS/EXACT_FIXTURE/CANDIDATE_IDENTITY/BRIEF.md",
    "projects/chirality-runtime/execution/_Coordination/AgentRuns/RUNTIME_EXECUTION_2026-09-06/IMPLEMENTATION/DYNAMIC_TOOLS/EXACT_FIXTURE/CANDIDATE_IDENTITY/INPUTS.sha256",
    "projects/chirality-runtime/execution/_Coordination/AgentRuns/RUNTIME_EXECUTION_2026-09-06/IMPLEMENTATION/DYNAMIC_TOOLS/EXACT_FIXTURE/CANDIDATE_IDENTITY/OUTPUTS.sha256",
    "projects/chirality-runtime/execution/_Coordination/AgentRuns/RUNTIME_EXECUTION_2026-09-06/IMPLEMENTATION/DYNAMIC_TOOLS/EXACT_FIXTURE/CANDIDATE_IDENTITY/RETURN.md",
    "projects/chirality-runtime/execution/_Coordination/AgentRuns/RUNTIME_EXECUTION_2026-09-06/IMPLEMENTATION/DYNAMIC_TOOLS/EXACT_FIXTURE/CANDIDATE_IDENTITY/exact-codex-conformance.test.ts.PRE_CANDIDATE_IDENTITY.gz",
    "projects/chirality-runtime/execution/_Coordination/AgentRuns/RUNTIME_EXECUTION_2026-09-06/IMPLEMENTATION/DYNAMIC_TOOLS/EXACT_FIXTURE/CHECKS.json",
    "projects/chirality-runtime/execution/_Coordination/AgentRuns/RUNTIME_EXECUTION_2026-09-06/IMPLEMENTATION/DYNAMIC_TOOLS/EXACT_FIXTURE/CURL_SSL_LEAF/ARTIFACTS.sha256",
    "projects/chirality-runtime/execution/_Coordination/AgentRuns/RUNTIME_EXECUTION_2026-09-06/IMPLEMENTATION/DYNAMIC_TOOLS/EXACT_FIXTURE/CURL_SSL_LEAF/BRIEF.md",
    "projects/chirality-runtime/execution/_Coordination/AgentRuns/RUNTIME_EXECUTION_2026-09-06/IMPLEMENTATION/DYNAMIC_TOOLS/EXACT_FIXTURE/CURL_SSL_LEAF/OUTPUTS.sha256",
    "projects/chirality-runtime/execution/_Coordination/AgentRuns/RUNTIME_EXECUTION_2026-09-06/IMPLEMENTATION/DYNAMIC_TOOLS/EXACT_FIXTURE/CURL_SSL_LEAF/RETURN.md",
    "projects/chirality-runtime/execution/_Coordination/AgentRuns/RUNTIME_EXECUTION_2026-09-06/IMPLEMENTATION/DYNAMIC_TOOLS/EXACT_FIXTURE/CURL_SSL_LEAF/exact-network-conformance.test.ts.PRE_SSL_LEAF.gz",
    "projects/chirality-runtime/execution/_Coordination/AgentRuns/RUNTIME_EXECUTION_2026-09-06/IMPLEMENTATION/DYNAMIC_TOOLS/EXACT_FIXTURE/CURL_SSL_LEAF/exact-network-runtime-conformance.test.ts.PRE_SSL_LEAF.gz",
    "projects/chirality-runtime/execution/_Coordination/AgentRuns/RUNTIME_EXECUTION_2026-09-06/IMPLEMENTATION/DYNAMIC_TOOLS/EXACT_FIXTURE/DEFERRED_NATIVE_TOOLS/ARTIFACTS.sha256",
    "projects/chirality-runtime/execution/_Coordination/AgentRuns/RUNTIME_EXECUTION_2026-09-06/IMPLEMENTATION/DYNAMIC_TOOLS/EXACT_FIXTURE/DEFERRED_NATIVE_TOOLS/BRIEF.md",
    "projects/chirality-runtime/execution/_Coordination/AgentRuns/RUNTIME_EXECUTION_2026-09-06/IMPLEMENTATION/DYNAMIC_TOOLS/EXACT_FIXTURE/DEFERRED_NATIVE_TOOLS/OUTPUTS.sha256",
    "projects/chirality-runtime/execution/_Coordination/AgentRuns/RUNTIME_EXECUTION_2026-09-06/IMPLEMENTATION/DYNAMIC_TOOLS/EXACT_FIXTURE/DEFERRED_NATIVE_TOOLS/RETURN.md",
    "projects/chirality-runtime/execution/_Coordination/AgentRuns/RUNTIME_EXECUTION_2026-09-06/IMPLEMENTATION/DYNAMIC_TOOLS/EXACT_FIXTURE/DEFERRED_NATIVE_TOOLS/SOURCES.sha256",
    "projects/chirality-runtime/execution/_Coordination/AgentRuns/RUNTIME_EXECUTION_2026-09-06/IMPLEMENTATION/DYNAMIC_TOOLS/EXACT_FIXTURE/DEFERRED_NATIVE_TOOLS/exact-codex-conformance.test.ts.PRE_DEFERRED_TOOLS.gz",
    "projects/chirality-runtime/execution/_Coordination/AgentRuns/RUNTIME_EXECUTION_2026-09-06/IMPLEMENTATION/DYNAMIC_TOOLS/EXACT_FIXTURE/DEFERRED_NATIVE_TOOLS/response-provider.mjs.PRE_DEFERRED_TOOLS.gz",
    "projects/chirality-runtime/execution/_Coordination/AgentRuns/RUNTIME_EXECUTION_2026-09-06/IMPLEMENTATION/DYNAMIC_TOOLS/EXACT_FIXTURE/NETWORK_NEGATIVE_REPAIR/ARTIFACTS.sha256",
    "projects/chirality-runtime/execution/_Coordination/AgentRuns/RUNTIME_EXECUTION_2026-09-06/IMPLEMENTATION/DYNAMIC_TOOLS/EXACT_FIXTURE/NETWORK_NEGATIVE_REPAIR/BRIEF.md",
    "projects/chirality-runtime/execution/_Coordination/AgentRuns/RUNTIME_EXECUTION_2026-09-06/IMPLEMENTATION/DYNAMIC_TOOLS/EXACT_FIXTURE/NETWORK_NEGATIVE_REPAIR/OUTPUTS.sha256",
    "projects/chirality-runtime/execution/_Coordination/AgentRuns/RUNTIME_EXECUTION_2026-09-06/IMPLEMENTATION/DYNAMIC_TOOLS/EXACT_FIXTURE/NETWORK_NEGATIVE_REPAIR/PRE_NETWORK_REPAIR.gz",
    "projects/chirality-runtime/execution/_Coordination/AgentRuns/RUNTIME_EXECUTION_2026-09-06/IMPLEMENTATION/DYNAMIC_TOOLS/EXACT_FIXTURE/NETWORK_NEGATIVE_REPAIR/RETURN.md",
    "projects/chirality-runtime/execution/_Coordination/AgentRuns/RUNTIME_EXECUTION_2026-09-06/IMPLEMENTATION/DYNAMIC_TOOLS/EXACT_FIXTURE/NETWORK_OUTPUT_DIAGNOSTICS/ARTIFACTS.sha256",
    "projects/chirality-runtime/execution/_Coordination/AgentRuns/RUNTIME_EXECUTION_2026-09-06/IMPLEMENTATION/DYNAMIC_TOOLS/EXACT_FIXTURE/NETWORK_OUTPUT_DIAGNOSTICS/BRIEF.md",
    "projects/chirality-runtime/execution/_Coordination/AgentRuns/RUNTIME_EXECUTION_2026-09-06/IMPLEMENTATION/DYNAMIC_TOOLS/EXACT_FIXTURE/NETWORK_OUTPUT_DIAGNOSTICS/OUTPUTS.sha256",
    "projects/chirality-runtime/execution/_Coordination/AgentRuns/RUNTIME_EXECUTION_2026-09-06/IMPLEMENTATION/DYNAMIC_TOOLS/EXACT_FIXTURE/NETWORK_OUTPUT_DIAGNOSTICS/RETURN.md",
    "projects/chirality-runtime/execution/_Coordination/AgentRuns/RUNTIME_EXECUTION_2026-09-06/IMPLEMENTATION/DYNAMIC_TOOLS/EXACT_FIXTURE/NETWORK_OUTPUT_DIAGNOSTICS/exact-network-conformance.test.ts.PRE_DIAGNOSTICS.gz",
    "projects/chirality-runtime/execution/_Coordination/AgentRuns/RUNTIME_EXECUTION_2026-09-06/IMPLEMENTATION/DYNAMIC_TOOLS/EXACT_FIXTURE/NETWORK_OUTPUT_DIAGNOSTICS/exact-network-runtime-conformance.test.ts.PRE_DIAGNOSTICS.gz",
    "projects/chirality-runtime/execution/_Coordination/AgentRuns/RUNTIME_EXECUTION_2026-09-06/IMPLEMENTATION/DYNAMIC_TOOLS/EXACT_FIXTURE/NETWORK_POSTURES/ARTIFACTS.sha256",
    "projects/chirality-runtime/execution/_Coordination/AgentRuns/RUNTIME_EXECUTION_2026-09-06/IMPLEMENTATION/DYNAMIC_TOOLS/EXACT_FIXTURE/NETWORK_POSTURES/BRIEF.md",
    "projects/chirality-runtime/execution/_Coordination/AgentRuns/RUNTIME_EXECUTION_2026-09-06/IMPLEMENTATION/DYNAMIC_TOOLS/EXACT_FIXTURE/NETWORK_POSTURES/INPUTS.sha256",
    "projects/chirality-runtime/execution/_Coordination/AgentRuns/RUNTIME_EXECUTION_2026-09-06/IMPLEMENTATION/DYNAMIC_TOOLS/EXACT_FIXTURE/NETWORK_POSTURES/OUTPUTS.sha256",
    "projects/chirality-runtime/execution/_Coordination/AgentRuns/RUNTIME_EXECUTION_2026-09-06/IMPLEMENTATION/DYNAMIC_TOOLS/EXACT_FIXTURE/NETWORK_POSTURES/RETURN.md",
    "projects/chirality-runtime/execution/_Coordination/AgentRuns/RUNTIME_EXECUTION_2026-09-06/IMPLEMENTATION/DYNAMIC_TOOLS/EXACT_FIXTURE/NETWORK_POSTURES/exact-codex-conformance.test.ts.PRE_NETWORK_POSTURES.gz",
    "projects/chirality-runtime/execution/_Coordination/AgentRuns/RUNTIME_EXECUTION_2026-09-06/IMPLEMENTATION/DYNAMIC_TOOLS/EXACT_FIXTURE/NETWORK_RUNTIME_ATTRIBUTION/ARTIFACTS.sha256",
    "projects/chirality-runtime/execution/_Coordination/AgentRuns/RUNTIME_EXECUTION_2026-09-06/IMPLEMENTATION/DYNAMIC_TOOLS/EXACT_FIXTURE/NETWORK_RUNTIME_ATTRIBUTION/BRIEF.md",
    "projects/chirality-runtime/execution/_Coordination/AgentRuns/RUNTIME_EXECUTION_2026-09-06/IMPLEMENTATION/DYNAMIC_TOOLS/EXACT_FIXTURE/NETWORK_RUNTIME_ATTRIBUTION/OUTPUTS.sha256",
    "projects/chirality-runtime/execution/_Coordination/AgentRuns/RUNTIME_EXECUTION_2026-09-06/IMPLEMENTATION/DYNAMIC_TOOLS/EXACT_FIXTURE/NETWORK_RUNTIME_ATTRIBUTION/RETURN.md",
    "projects/chirality-runtime/execution/_Coordination/AgentRuns/RUNTIME_EXECUTION_2026-09-06/IMPLEMENTATION/DYNAMIC_TOOLS/EXACT_FIXTURE/OUTPUTS.sha256",
    "projects/chirality-runtime/execution/_Coordination/AgentRuns/RUNTIME_EXECUTION_2026-09-06/IMPLEMENTATION/DYNAMIC_TOOLS/EXACT_FIXTURE/POLICY_ERROR_DIAGNOSTICS/ARTIFACTS.sha256",
    "projects/chirality-runtime/execution/_Coordination/AgentRuns/RUNTIME_EXECUTION_2026-09-06/IMPLEMENTATION/DYNAMIC_TOOLS/EXACT_FIXTURE/POLICY_ERROR_DIAGNOSTICS/BRIEF.md",
    "projects/chirality-runtime/execution/_Coordination/AgentRuns/RUNTIME_EXECUTION_2026-09-06/IMPLEMENTATION/DYNAMIC_TOOLS/EXACT_FIXTURE/POLICY_ERROR_DIAGNOSTICS/OUTPUTS.sha256",
    "projects/chirality-runtime/execution/_Coordination/AgentRuns/RUNTIME_EXECUTION_2026-09-06/IMPLEMENTATION/DYNAMIC_TOOLS/EXACT_FIXTURE/POLICY_ERROR_DIAGNOSTICS/RETURN.md",
    "projects/chirality-runtime/execution/_Coordination/AgentRuns/RUNTIME_EXECUTION_2026-09-06/IMPLEMENTATION/DYNAMIC_TOOLS/EXACT_FIXTURE/POLICY_ERROR_DIAGNOSTICS/exact-network-conformance.test.ts.PRE_POLICY_DIAGNOSTICS.gz",
    "projects/chirality-runtime/execution/_Coordination/AgentRuns/RUNTIME_EXECUTION_2026-09-06/IMPLEMENTATION/DYNAMIC_TOOLS/EXACT_FIXTURE/POLICY_ERROR_DIAGNOSTICS/exact-network-runtime-conformance.test.ts.PRE_POLICY_DIAGNOSTICS.gz",
    "projects/chirality-runtime/execution/_Coordination/AgentRuns/RUNTIME_EXECUTION_2026-09-06/IMPLEMENTATION/DYNAMIC_TOOLS/EXACT_FIXTURE/POLICY_ERROR_PREFIX_REPAIR/ARTIFACTS.sha256",
    "projects/chirality-runtime/execution/_Coordination/AgentRuns/RUNTIME_EXECUTION_2026-09-06/IMPLEMENTATION/DYNAMIC_TOOLS/EXACT_FIXTURE/POLICY_ERROR_PREFIX_REPAIR/BRIEF.md",
    "projects/chirality-runtime/execution/_Coordination/AgentRuns/RUNTIME_EXECUTION_2026-09-06/IMPLEMENTATION/DYNAMIC_TOOLS/EXACT_FIXTURE/POLICY_ERROR_PREFIX_REPAIR/OUTPUTS.sha256",
    "projects/chirality-runtime/execution/_Coordination/AgentRuns/RUNTIME_EXECUTION_2026-09-06/IMPLEMENTATION/DYNAMIC_TOOLS/EXACT_FIXTURE/POLICY_ERROR_PREFIX_REPAIR/RETURN.md",
    "projects/chirality-runtime/execution/_Coordination/AgentRuns/RUNTIME_EXECUTION_2026-09-06/IMPLEMENTATION/DYNAMIC_TOOLS/EXACT_FIXTURE/POLICY_ERROR_PREFIX_REPAIR/exact-network-conformance.test.ts.PRE_PREFIX_REPAIR.gz",
    "projects/chirality-runtime/execution/_Coordination/AgentRuns/RUNTIME_EXECUTION_2026-09-06/IMPLEMENTATION/DYNAMIC_TOOLS/EXACT_FIXTURE/POLICY_ERROR_PREFIX_REPAIR/exact-network-runtime-conformance.test.ts.PRE_PREFIX_REPAIR.gz",
    "projects/chirality-runtime/execution/_Coordination/AgentRuns/RUNTIME_EXECUTION_2026-09-06/IMPLEMENTATION/DYNAMIC_TOOLS/EXACT_FIXTURE/PUBLIC_TARGET_AM13/ARTIFACTS.sha256",
    "projects/chirality-runtime/execution/_Coordination/AgentRuns/RUNTIME_EXECUTION_2026-09-06/IMPLEMENTATION/DYNAMIC_TOOLS/EXACT_FIXTURE/PUBLIC_TARGET_AM13/AUTHORITY.sha256",
    "projects/chirality-runtime/execution/_Coordination/AgentRuns/RUNTIME_EXECUTION_2026-09-06/IMPLEMENTATION/DYNAMIC_TOOLS/EXACT_FIXTURE/PUBLIC_TARGET_AM13/BRIEF.md",
    "projects/chirality-runtime/execution/_Coordination/AgentRuns/RUNTIME_EXECUTION_2026-09-06/IMPLEMENTATION/DYNAMIC_TOOLS/EXACT_FIXTURE/PUBLIC_TARGET_AM13/OUTPUTS.sha256",
    "projects/chirality-runtime/execution/_Coordination/AgentRuns/RUNTIME_EXECUTION_2026-09-06/IMPLEMENTATION/DYNAMIC_TOOLS/EXACT_FIXTURE/PUBLIC_TARGET_AM13/RETURN.md",
    "projects/chirality-runtime/execution/_Coordination/AgentRuns/RUNTIME_EXECUTION_2026-09-06/IMPLEMENTATION/DYNAMIC_TOOLS/EXACT_FIXTURE/PUBLIC_TARGET_AM13/exact-network-conformance.test.ts.PRE_AM13.gz",
    "projects/chirality-runtime/execution/_Coordination/AgentRuns/RUNTIME_EXECUTION_2026-09-06/IMPLEMENTATION/DYNAMIC_TOOLS/EXACT_FIXTURE/PUBLIC_TARGET_AM13/exact-network-runtime-conformance.test.ts.PRE_AM13.gz",
    "projects/chirality-runtime/execution/_Coordination/AgentRuns/RUNTIME_EXECUTION_2026-09-06/IMPLEMENTATION/DYNAMIC_TOOLS/EXACT_FIXTURE/RETURN.md",
    "projects/chirality-runtime/execution/_Coordination/AgentRuns/RUNTIME_EXECUTION_2026-09-06/IMPLEMENTATION/DYNAMIC_TOOLS/EXACT_FIXTURE/exact-codex-conformance.test.ts.PRE_DYNAMIC_FIXTURE.gz",
    "projects/chirality-runtime/execution/_Coordination/AgentRuns/RUNTIME_EXECUTION_2026-09-06/IMPLEMENTATION/DYNAMIC_TOOLS/EXACT_FIXTURE/response-provider.mjs.PRE_DYNAMIC_FIXTURE.gz",
    "projects/chirality-runtime/execution/_Coordination/AgentRuns/RUNTIME_EXECUTION_2026-09-06/IMPLEMENTATION/DYNAMIC_TOOLS/MANAGED_PI_FIXTURE/ARTIFACTS.sha256",
    "projects/chirality-runtime/execution/_Coordination/AgentRuns/RUNTIME_EXECUTION_2026-09-06/IMPLEMENTATION/DYNAMIC_TOOLS/MANAGED_PI_FIXTURE/BRIEF.md",
    "projects/chirality-runtime/execution/_Coordination/AgentRuns/RUNTIME_EXECUTION_2026-09-06/IMPLEMENTATION/DYNAMIC_TOOLS/MANAGED_PI_FIXTURE/INPUTS.sha256",
    "projects/chirality-runtime/execution/_Coordination/AgentRuns/RUNTIME_EXECUTION_2026-09-06/IMPLEMENTATION/DYNAMIC_TOOLS/MANAGED_PI_FIXTURE/OUTPUTS.sha256",
    "projects/chirality-runtime/execution/_Coordination/AgentRuns/RUNTIME_EXECUTION_2026-09-06/IMPLEMENTATION/DYNAMIC_TOOLS/MANAGED_PI_FIXTURE/RETURN.md",
    "projects/chirality-runtime/execution/_Coordination/AgentRuns/RUNTIME_EXECUTION_2026-09-06/IMPLEMENTATION/DYNAMIC_TOOLS/MANAGED_PI_FIXTURE/exact-codex-conformance.test.ts.PRE_AM11.gz",
    "projects/chirality-runtime/execution/_Coordination/AgentRuns/RUNTIME_EXECUTION_2026-09-06/IMPLEMENTATION/DYNAMIC_TOOLS/MANAGED_PI_FIXTURE/response-provider.mjs.PRE_AM11.gz",
    "projects/chirality-runtime/execution/_Coordination/AgentRuns/RUNTIME_EXECUTION_2026-09-06/IMPLEMENTATION/DYNAMIC_TOOLS/OUTPUTS.sha256",
    "projects/chirality-runtime/execution/_Coordination/AgentRuns/RUNTIME_EXECUTION_2026-09-06/IMPLEMENTATION/DYNAMIC_TOOLS/RETURN.md",
    "projects/chirality-runtime/execution/_Coordination/AgentRuns/RUNTIME_EXECUTION_2026-09-06/IMPLEMENTATION/DYNAMIC_TOOLS/SYSTEM_DIAGNOSTIC1_INPUT.json",
    "projects/chirality-runtime/execution/_Coordination/AgentRuns/RUNTIME_EXECUTION_2026-09-06/IMPLEMENTATION/DYNAMIC_TOOLS/codex-session.test.ts.PRE_DYNAMIC.gz",
    "projects/chirality-runtime/execution/_Coordination/AgentRuns/RUNTIME_EXECUTION_2026-09-06/IMPLEMENTATION/DYNAMIC_TOOLS/codex-session.ts.PRE_DYNAMIC.gz",
    "projects/chirality-runtime/execution/_Coordination/AgentRuns/RUNTIME_EXECUTION_2026-09-06/IMPLEMENTATION/HELD_PATCHES/packages/cli/src/cli.ts",
    "projects/chirality-runtime/execution/_Coordination/AgentRuns/RUNTIME_EXECUTION_2026-09-06/IMPLEMENTATION/HELD_PATCHES/packages/contracts/src/errors.ts",
    "projects/chirality-runtime/execution/_Coordination/AgentRuns/RUNTIME_EXECUTION_2026-09-06/IMPLEMENTATION/JOBS/ARTIFACTS.sha256",
    "projects/chirality-runtime/execution/_Coordination/AgentRuns/RUNTIME_EXECUTION_2026-09-06/IMPLEMENTATION/JOBS/BRIEF.md",
    "projects/chirality-runtime/execution/_Coordination/AgentRuns/RUNTIME_EXECUTION_2026-09-06/IMPLEMENTATION/JOBS/OUTPUTS.sha256",
    "projects/chirality-runtime/execution/_Coordination/AgentRuns/RUNTIME_EXECUTION_2026-09-06/IMPLEMENTATION/JOBS/READ_SOURCES.json",
    "projects/chirality-runtime/execution/_Coordination/AgentRuns/RUNTIME_EXECUTION_2026-09-06/IMPLEMENTATION/JOBS/RETURN.md",
    "projects/chirality-runtime/execution/_Coordination/AgentRuns/RUNTIME_EXECUTION_2026-09-06/IMPLEMENTATION/LOGIN/ARTIFACTS.sha256",
    "projects/chirality-runtime/execution/_Coordination/AgentRuns/RUNTIME_EXECUTION_2026-09-06/IMPLEMENTATION/LOGIN/BRIEF.md",
    "projects/chirality-runtime/execution/_Coordination/AgentRuns/RUNTIME_EXECUTION_2026-09-06/IMPLEMENTATION/LOGIN/CHECKS.json",
    "projects/chirality-runtime/execution/_Coordination/AgentRuns/RUNTIME_EXECUTION_2026-09-06/IMPLEMENTATION/LOGIN/DOCUMENTATION_BASIS.md",
    "projects/chirality-runtime/execution/_Coordination/AgentRuns/RUNTIME_EXECUTION_2026-09-06/IMPLEMENTATION/LOGIN/OUTPUTS.sha256",
    "projects/chirality-runtime/execution/_Coordination/AgentRuns/RUNTIME_EXECUTION_2026-09-06/IMPLEMENTATION/LOGIN/READ_SOURCES.json",
    "projects/chirality-runtime/execution/_Coordination/AgentRuns/RUNTIME_EXECUTION_2026-09-06/IMPLEMENTATION/LOGIN/RETURN.md",
    "projects/chirality-runtime/execution/_Coordination/AgentRuns/RUNTIME_EXECUTION_2026-09-06/IMPLEMENTATION/LOGIN/codex-session.test.ts.PRE_LOGIN.gz",
    "projects/chirality-runtime/execution/_Coordination/AgentRuns/RUNTIME_EXECUTION_2026-09-06/IMPLEMENTATION/LOGIN/codex-session.ts.PRE_LOGIN.gz",
    "projects/chirality-runtime/execution/_Coordination/AgentRuns/RUNTIME_EXECUTION_2026-09-06/IMPLEMENTATION/MANAGER_BRIEF.json",
    "projects/chirality-runtime/execution/_Coordination/AgentRuns/RUNTIME_EXECUTION_2026-09-06/IMPLEMENTATION/MANAGER_COMPOSITION/COMPOSITION/ARTIFACTS.sha256",
    "projects/chirality-runtime/execution/_Coordination/AgentRuns/RUNTIME_EXECUTION_2026-09-06/IMPLEMENTATION/MANAGER_COMPOSITION/COMPOSITION/BRIEF.md",
    "projects/chirality-runtime/execution/_Coordination/AgentRuns/RUNTIME_EXECUTION_2026-09-06/IMPLEMENTATION/MANAGER_COMPOSITION/COMPOSITION/DELEGATION_RESERVATION/ARTIFACTS.sha256",
    "projects/chirality-runtime/execution/_Coordination/AgentRuns/RUNTIME_EXECUTION_2026-09-06/IMPLEMENTATION/MANAGER_COMPOSITION/COMPOSITION/DELEGATION_RESERVATION/BRIEF.md",
    "projects/chirality-runtime/execution/_Coordination/AgentRuns/RUNTIME_EXECUTION_2026-09-06/IMPLEMENTATION/MANAGER_COMPOSITION/COMPOSITION/DELEGATION_RESERVATION/OUTPUTS.json",
    "projects/chirality-runtime/execution/_Coordination/AgentRuns/RUNTIME_EXECUTION_2026-09-06/IMPLEMENTATION/MANAGER_COMPOSITION/COMPOSITION/DELEGATION_RESERVATION/RETURN.md",
    "projects/chirality-runtime/execution/_Coordination/AgentRuns/RUNTIME_EXECUTION_2026-09-06/IMPLEMENTATION/MANAGER_COMPOSITION/COMPOSITION/DELEGATION_RESERVATION/agent1-run-coordinator.test.ts.postimage.gz",
    "projects/chirality-runtime/execution/_Coordination/AgentRuns/RUNTIME_EXECUTION_2026-09-06/IMPLEMENTATION/MANAGER_COMPOSITION/COMPOSITION/DELEGATION_RESERVATION/agent1-run-coordinator.ts.postimage.gz",
    "projects/chirality-runtime/execution/_Coordination/AgentRuns/RUNTIME_EXECUTION_2026-09-06/IMPLEMENTATION/MANAGER_COMPOSITION/COMPOSITION/FAILURE_DRAIN/ARTIFACTS.sha256",
    "projects/chirality-runtime/execution/_Coordination/AgentRuns/RUNTIME_EXECUTION_2026-09-06/IMPLEMENTATION/MANAGER_COMPOSITION/COMPOSITION/FAILURE_DRAIN/BRIEF.md",
    "projects/chirality-runtime/execution/_Coordination/AgentRuns/RUNTIME_EXECUTION_2026-09-06/IMPLEMENTATION/MANAGER_COMPOSITION/COMPOSITION/FAILURE_DRAIN/OUTPUTS.json",
    "projects/chirality-runtime/execution/_Coordination/AgentRuns/RUNTIME_EXECUTION_2026-09-06/IMPLEMENTATION/MANAGER_COMPOSITION/COMPOSITION/FAILURE_DRAIN/RETURN.md",
    "projects/chirality-runtime/execution/_Coordination/AgentRuns/RUNTIME_EXECUTION_2026-09-06/IMPLEMENTATION/MANAGER_COMPOSITION/COMPOSITION/FAILURE_DRAIN/agent1-run-coordinator.test.ts.postimage.gz",
    "projects/chirality-runtime/execution/_Coordination/AgentRuns/RUNTIME_EXECUTION_2026-09-06/IMPLEMENTATION/MANAGER_COMPOSITION/COMPOSITION/FAILURE_DRAIN/agent1-run-coordinator.ts.postimage.gz",
    "projects/chirality-runtime/execution/_Coordination/AgentRuns/RUNTIME_EXECUTION_2026-09-06/IMPLEMENTATION/MANAGER_COMPOSITION/COMPOSITION/FAILURE_DRAIN/agent1-run-coordinator.ts.preimage.gz",
    "projects/chirality-runtime/execution/_Coordination/AgentRuns/RUNTIME_EXECUTION_2026-09-06/IMPLEMENTATION/MANAGER_COMPOSITION/COMPOSITION/FAILURE_DRAIN/manager-pi-integration.test.ts.postimage.gz",
    "projects/chirality-runtime/execution/_Coordination/AgentRuns/RUNTIME_EXECUTION_2026-09-06/IMPLEMENTATION/MANAGER_COMPOSITION/COMPOSITION/LIVE_HARNESS/ARTIFACTS.sha256",
    "projects/chirality-runtime/execution/_Coordination/AgentRuns/RUNTIME_EXECUTION_2026-09-06/IMPLEMENTATION/MANAGER_COMPOSITION/COMPOSITION/LIVE_HARNESS/BRIEF.md",
    "projects/chirality-runtime/execution/_Coordination/AgentRuns/RUNTIME_EXECUTION_2026-09-06/IMPLEMENTATION/MANAGER_COMPOSITION/COMPOSITION/LIVE_HARNESS/OUTPUTS.json",
    "projects/chirality-runtime/execution/_Coordination/AgentRuns/RUNTIME_EXECUTION_2026-09-06/IMPLEMENTATION/MANAGER_COMPOSITION/COMPOSITION/LIVE_HARNESS/RETURN.md",
    "projects/chirality-runtime/execution/_Coordination/AgentRuns/RUNTIME_EXECUTION_2026-09-06/IMPLEMENTATION/MANAGER_COMPOSITION/COMPOSITION/LIVE_HARNESS/manager-pi-integration.test.ts.postimage.gz",
    "projects/chirality-runtime/execution/_Coordination/AgentRuns/RUNTIME_EXECUTION_2026-09-06/IMPLEMENTATION/MANAGER_COMPOSITION/COMPOSITION/LIVE_HARNESS/pi-omlx-integration.test.ts.postimage.gz",
    "projects/chirality-runtime/execution/_Coordination/AgentRuns/RUNTIME_EXECUTION_2026-09-06/IMPLEMENTATION/MANAGER_COMPOSITION/COMPOSITION/LIVE_HARNESS/pi-omlx-integration.test.ts.preimage.gz",
    "projects/chirality-runtime/execution/_Coordination/AgentRuns/RUNTIME_EXECUTION_2026-09-06/IMPLEMENTATION/MANAGER_COMPOSITION/COMPOSITION/OUTPUTS.json",
    "projects/chirality-runtime/execution/_Coordination/AgentRuns/RUNTIME_EXECUTION_2026-09-06/IMPLEMENTATION/MANAGER_COMPOSITION/COMPOSITION/RETURN.md",
    "projects/chirality-runtime/execution/_Coordination/AgentRuns/RUNTIME_EXECUTION_2026-09-06/IMPLEMENTATION/MANAGER_COMPOSITION/COMPOSITION/manager-pi-integration.test.ts.postimage.gz",
    "projects/chirality-runtime/execution/_Coordination/AgentRuns/RUNTIME_EXECUTION_2026-09-06/IMPLEMENTATION/MANAGER_COMPOSITION/COMPOSITION/standalone.test.ts.postimage.gz",
    "projects/chirality-runtime/execution/_Coordination/AgentRuns/RUNTIME_EXECUTION_2026-09-06/IMPLEMENTATION/MANAGER_COMPOSITION/COMPOSITION/standalone.test.ts.preimage.gz",
    "projects/chirality-runtime/execution/_Coordination/AgentRuns/RUNTIME_EXECUTION_2026-09-06/IMPLEMENTATION/MANAGER_COMPOSITION/COMPOSITION/standalone.ts.postimage.gz",
    "projects/chirality-runtime/execution/_Coordination/AgentRuns/RUNTIME_EXECUTION_2026-09-06/IMPLEMENTATION/MANAGER_COMPOSITION/COMPOSITION/standalone.ts.preimage.gz",
    "projects/chirality-runtime/execution/_Coordination/AgentRuns/RUNTIME_EXECUTION_2026-09-06/IMPLEMENTATION/MANAGER_COMPOSITION/CORE/INPUTS.json",
    "projects/chirality-runtime/execution/_Coordination/AgentRuns/RUNTIME_EXECUTION_2026-09-06/IMPLEMENTATION/MANAGER_COMPOSITION/CORE/RETURN.json",
    "projects/chirality-runtime/execution/_Coordination/AgentRuns/RUNTIME_EXECUTION_2026-09-06/IMPLEMENTATION/MANAGER_COMPOSITION/CORE/RETURN.md",
    "projects/chirality-runtime/execution/_Coordination/AgentRuns/RUNTIME_EXECUTION_2026-09-06/IMPLEMENTATION/MANAGER_COMPOSITION/CORE/agent1-run-coordinator.preimage.ts",
    "projects/chirality-runtime/execution/_Coordination/AgentRuns/RUNTIME_EXECUTION_2026-09-06/IMPLEMENTATION/MANAGER_COMPOSITION/CORE/bound-and-regression.log",
    "projects/chirality-runtime/execution/_Coordination/AgentRuns/RUNTIME_EXECUTION_2026-09-06/IMPLEMENTATION/MANAGER_COMPOSITION/CORE/typecheck.log",
    "projects/chirality-runtime/execution/_Coordination/AgentRuns/RUNTIME_EXECUTION_2026-09-06/IMPLEMENTATION/MANAGER_COMPOSITION/IMPLEMENTATION_SPLIT.json",
    "projects/chirality-runtime/execution/_Coordination/AgentRuns/RUNTIME_EXECUTION_2026-09-06/IMPLEMENTATION/MANAGER_COMPOSITION/PLAN.md",
    "projects/chirality-runtime/execution/_Coordination/AgentRuns/RUNTIME_EXECUTION_2026-09-06/IMPLEMENTATION/MANAGER_COMPOSITION/PORT/MANIFEST.json",
    "projects/chirality-runtime/execution/_Coordination/AgentRuns/RUNTIME_EXECUTION_2026-09-06/IMPLEMENTATION/MANAGER_COMPOSITION/PORT/REPAIR_01/BRIEF.md",
    "projects/chirality-runtime/execution/_Coordination/AgentRuns/RUNTIME_EXECUTION_2026-09-06/IMPLEMENTATION/MANAGER_COMPOSITION/PORT/REPAIR_01/MANIFEST.json",
    "projects/chirality-runtime/execution/_Coordination/AgentRuns/RUNTIME_EXECUTION_2026-09-06/IMPLEMENTATION/MANAGER_COMPOSITION/PORT/REPAIR_01/REPORT.md",
    "projects/chirality-runtime/execution/_Coordination/AgentRuns/RUNTIME_EXECUTION_2026-09-06/IMPLEMENTATION/MANAGER_COMPOSITION/PORT/REPAIR_01/codex-manager.preimage.ts",
    "projects/chirality-runtime/execution/_Coordination/AgentRuns/RUNTIME_EXECUTION_2026-09-06/IMPLEMENTATION/MANAGER_COMPOSITION/PORT/REPAIR_01/codex-manager.test.preimage.ts",
    "projects/chirality-runtime/execution/_Coordination/AgentRuns/RUNTIME_EXECUTION_2026-09-06/IMPLEMENTATION/MANAGER_COMPOSITION/PORT/REPORT.md",
    "projects/chirality-runtime/execution/_Coordination/AgentRuns/RUNTIME_EXECUTION_2026-09-06/IMPLEMENTATION/MANAGER_COMPOSITION/PORT/preimages/codex-supervisor.test.ts.source",
    "projects/chirality-runtime/execution/_Coordination/AgentRuns/RUNTIME_EXECUTION_2026-09-06/IMPLEMENTATION/MANAGER_COMPOSITION/PORT/preimages/codex-supervisor.ts",
    "projects/chirality-runtime/execution/_Coordination/AgentRuns/RUNTIME_EXECUTION_2026-09-06/IMPLEMENTATION/MANAGER_COMPOSITION/PORT/preimages/supervisor-server.ts",
    "projects/chirality-runtime/execution/_Coordination/AgentRuns/RUNTIME_EXECUTION_2026-09-06/IMPLEMENTATION/MANAGER_INTEGRATION_UPDATE.json",
    "projects/chirality-runtime/execution/_Coordination/AgentRuns/RUNTIME_EXECUTION_2026-09-06/IMPLEMENTATION/NATIVE_CONFORMANCE/NETWORK_MARKER_CALIBRATION.json",
    "projects/chirality-runtime/execution/_Coordination/AgentRuns/RUNTIME_EXECUTION_2026-09-06/IMPLEMENTATION/NATIVE_CONFORMANCE/P1_READ_ENVIRONMENT/ARTIFACTS.sha256",
    "projects/chirality-runtime/execution/_Coordination/AgentRuns/RUNTIME_EXECUTION_2026-09-06/IMPLEMENTATION/NATIVE_CONFORMANCE/P1_READ_ENVIRONMENT/BRIEF.md",
    "projects/chirality-runtime/execution/_Coordination/AgentRuns/RUNTIME_EXECUTION_2026-09-06/IMPLEMENTATION/NATIVE_CONFORMANCE/P1_READ_ENVIRONMENT/OUTPUTS.sha256",
    "projects/chirality-runtime/execution/_Coordination/AgentRuns/RUNTIME_EXECUTION_2026-09-06/IMPLEMENTATION/NATIVE_CONFORMANCE/P1_READ_ENVIRONMENT/RETURN.md",
    "projects/chirality-runtime/execution/_Coordination/AgentRuns/RUNTIME_EXECUTION_2026-09-06/IMPLEMENTATION/NATIVE_CONFORMANCE/P1_READ_ENVIRONMENT/SOURCES.sha256",
    "projects/chirality-runtime/execution/_Coordination/AgentRuns/RUNTIME_EXECUTION_2026-09-06/IMPLEMENTATION/NATIVE_CONFORMANCE/PROCESS/ARTIFACTS.sha256",
    "projects/chirality-runtime/execution/_Coordination/AgentRuns/RUNTIME_EXECUTION_2026-09-06/IMPLEMENTATION/NATIVE_CONFORMANCE/PROCESS/BRIEF.md",
    "projects/chirality-runtime/execution/_Coordination/AgentRuns/RUNTIME_EXECUTION_2026-09-06/IMPLEMENTATION/NATIVE_CONFORMANCE/PROCESS/FOLLOWON_01/ARTIFACTS.sha256",
    "projects/chirality-runtime/execution/_Coordination/AgentRuns/RUNTIME_EXECUTION_2026-09-06/IMPLEMENTATION/NATIVE_CONFORMANCE/PROCESS/FOLLOWON_01/BRIEF.md",
    "projects/chirality-runtime/execution/_Coordination/AgentRuns/RUNTIME_EXECUTION_2026-09-06/IMPLEMENTATION/NATIVE_CONFORMANCE/PROCESS/FOLLOWON_01/CHECKPOINT.md",
    "projects/chirality-runtime/execution/_Coordination/AgentRuns/RUNTIME_EXECUTION_2026-09-06/IMPLEMENTATION/NATIVE_CONFORMANCE/PROCESS/FOLLOWON_01/OUTPUTS.json",
    "projects/chirality-runtime/execution/_Coordination/AgentRuns/RUNTIME_EXECUTION_2026-09-06/IMPLEMENTATION/NATIVE_CONFORMANCE/PROCESS/FOLLOWON_01/exact-process-conformance.test.ts.checkpoint.gz",
    "projects/chirality-runtime/execution/_Coordination/AgentRuns/RUNTIME_EXECUTION_2026-09-06/IMPLEMENTATION/NATIVE_CONFORMANCE/PROCESS/FOLLOWON_01/exact-process-conformance.test.ts.preimage.gz",
    "projects/chirality-runtime/execution/_Coordination/AgentRuns/RUNTIME_EXECUTION_2026-09-06/IMPLEMENTATION/NATIVE_CONFORMANCE/PROCESS/FOLLOWON_01/parent-normal-output.log.gz",
    "projects/chirality-runtime/execution/_Coordination/AgentRuns/RUNTIME_EXECUTION_2026-09-06/IMPLEMENTATION/NATIVE_CONFORMANCE/PROCESS/FOLLOWON_01/parent-normal-process-conformance.json.gz",
    "projects/chirality-runtime/execution/_Coordination/AgentRuns/RUNTIME_EXECUTION_2026-09-06/IMPLEMENTATION/NATIVE_CONFORMANCE/PROCESS/FOLLOWON_01/process-response-provider.mjs.checkpoint.gz",
    "projects/chirality-runtime/execution/_Coordination/AgentRuns/RUNTIME_EXECUTION_2026-09-06/IMPLEMENTATION/NATIVE_CONFORMANCE/PROCESS/FOLLOWON_01/process-response-provider.mjs.preimage.gz",
    "projects/chirality-runtime/execution/_Coordination/AgentRuns/RUNTIME_EXECUTION_2026-09-06/IMPLEMENTATION/NATIVE_CONFORMANCE/PROCESS/FOLLOWON_01/tests.log",
    "projects/chirality-runtime/execution/_Coordination/AgentRuns/RUNTIME_EXECUTION_2026-09-06/IMPLEMENTATION/NATIVE_CONFORMANCE/PROCESS/INPUTS.sha256",
    "projects/chirality-runtime/execution/_Coordination/AgentRuns/RUNTIME_EXECUTION_2026-09-06/IMPLEMENTATION/NATIVE_CONFORMANCE/PROCESS/OUTPUTS.sha256",
    "projects/chirality-runtime/execution/_Coordination/AgentRuns/RUNTIME_EXECUTION_2026-09-06/IMPLEMENTATION/NATIVE_CONFORMANCE/PROCESS/RETURN.md",
    "projects/chirality-runtime/execution/_Coordination/AgentRuns/RUNTIME_EXECUTION_2026-09-06/IMPLEMENTATION/NATIVE_CONFORMANCE/REMAINING_LIMBS/ARTIFACTS.sha256",
    "projects/chirality-runtime/execution/_Coordination/AgentRuns/RUNTIME_EXECUTION_2026-09-06/IMPLEMENTATION/NATIVE_CONFORMANCE/REMAINING_LIMBS/BRIEF.md",
    "projects/chirality-runtime/execution/_Coordination/AgentRuns/RUNTIME_EXECUTION_2026-09-06/IMPLEMENTATION/NATIVE_CONFORMANCE/REMAINING_LIMBS/PLAN.md",
    "projects/chirality-runtime/execution/_Coordination/AgentRuns/RUNTIME_EXECUTION_2026-09-06/IMPLEMENTATION/NATIVE_CONFORMANCE/REMAINING_LIMBS/SOURCES.sha256",
    "projects/chirality-runtime/execution/_Coordination/AgentRuns/RUNTIME_EXECUTION_2026-09-06/IMPLEMENTATION/NATIVE_POLICY/ARTIFACTS.sha256",
    "projects/chirality-runtime/execution/_Coordination/AgentRuns/RUNTIME_EXECUTION_2026-09-06/IMPLEMENTATION/NATIVE_POLICY/BRIEF.md",
    "projects/chirality-runtime/execution/_Coordination/AgentRuns/RUNTIME_EXECUTION_2026-09-06/IMPLEMENTATION/NATIVE_POLICY/OUTPUTS.json",
    "projects/chirality-runtime/execution/_Coordination/AgentRuns/RUNTIME_EXECUTION_2026-09-06/IMPLEMENTATION/NATIVE_POLICY/RETURN.md",
    "projects/chirality-runtime/execution/_Coordination/AgentRuns/RUNTIME_EXECUTION_2026-09-06/IMPLEMENTATION/NATIVE_POLICY/SIBLING_BASIS.json",
    "projects/chirality-runtime/execution/_Coordination/AgentRuns/RUNTIME_EXECUTION_2026-09-06/IMPLEMENTATION/NATIVE_POLICY/codex-supervisor.test.ts.native.gz",
    "projects/chirality-runtime/execution/_Coordination/AgentRuns/RUNTIME_EXECUTION_2026-09-06/IMPLEMENTATION/NATIVE_POLICY/codex-supervisor.test.ts.pre-native.gz",
    "projects/chirality-runtime/execution/_Coordination/AgentRuns/RUNTIME_EXECUTION_2026-09-06/IMPLEMENTATION/NATIVE_POLICY/codex-supervisor.ts.native.gz",
    "projects/chirality-runtime/execution/_Coordination/AgentRuns/RUNTIME_EXECUTION_2026-09-06/IMPLEMENTATION/NATIVE_POLICY/codex-supervisor.ts.pre-native.gz",
    "projects/chirality-runtime/execution/_Coordination/AgentRuns/RUNTIME_EXECUTION_2026-09-06/IMPLEMENTATION/NATIVE_POLICY_BINDING/ALL_METHOD_FIELDS/ARTIFACTS.sha256",
    "projects/chirality-runtime/execution/_Coordination/AgentRuns/RUNTIME_EXECUTION_2026-09-06/IMPLEMENTATION/NATIVE_POLICY_BINDING/ALL_METHOD_FIELDS/BRIEF.md",
    "projects/chirality-runtime/execution/_Coordination/AgentRuns/RUNTIME_EXECUTION_2026-09-06/IMPLEMENTATION/NATIVE_POLICY_BINDING/ALL_METHOD_FIELDS/DISCOVERY6_INPUT.json",
    "projects/chirality-runtime/execution/_Coordination/AgentRuns/RUNTIME_EXECUTION_2026-09-06/IMPLEMENTATION/NATIVE_POLICY_BINDING/ALL_METHOD_FIELDS/OUTPUTS.sha256",
    "projects/chirality-runtime/execution/_Coordination/AgentRuns/RUNTIME_EXECUTION_2026-09-06/IMPLEMENTATION/NATIVE_POLICY_BINDING/ALL_METHOD_FIELDS/RETURN.md",
    "projects/chirality-runtime/execution/_Coordination/AgentRuns/RUNTIME_EXECUTION_2026-09-06/IMPLEMENTATION/NATIVE_POLICY_BINDING/ALL_METHOD_FIELDS/codex-session.test.ts.PRE_ALL_FIELDS.gz",
    "projects/chirality-runtime/execution/_Coordination/AgentRuns/RUNTIME_EXECUTION_2026-09-06/IMPLEMENTATION/NATIVE_POLICY_BINDING/ALL_METHOD_FIELDS/codex-session.ts.PRE_ALL_FIELDS.gz",
    "projects/chirality-runtime/execution/_Coordination/AgentRuns/RUNTIME_EXECUTION_2026-09-06/IMPLEMENTATION/NATIVE_POLICY_BINDING/ARTIFACTS.sha256",
    "projects/chirality-runtime/execution/_Coordination/AgentRuns/RUNTIME_EXECUTION_2026-09-06/IMPLEMENTATION/NATIVE_POLICY_BINDING/BRIEF.md",
    "projects/chirality-runtime/execution/_Coordination/AgentRuns/RUNTIME_EXECUTION_2026-09-06/IMPLEMENTATION/NATIVE_POLICY_BINDING/CHECKS.json",
    "projects/chirality-runtime/execution/_Coordination/AgentRuns/RUNTIME_EXECUTION_2026-09-06/IMPLEMENTATION/NATIVE_POLICY_BINDING/OUTPUTS.sha256",
    "projects/chirality-runtime/execution/_Coordination/AgentRuns/RUNTIME_EXECUTION_2026-09-06/IMPLEMENTATION/NATIVE_POLICY_BINDING/READ_SOURCES.json",
    "projects/chirality-runtime/execution/_Coordination/AgentRuns/RUNTIME_EXECUTION_2026-09-06/IMPLEMENTATION/NATIVE_POLICY_BINDING/RETURN.md",
    "projects/chirality-runtime/execution/_Coordination/AgentRuns/RUNTIME_EXECUTION_2026-09-06/IMPLEMENTATION/NATIVE_POLICY_BINDING/THREAD_START_FIELD/ARTIFACTS.sha256",
    "projects/chirality-runtime/execution/_Coordination/AgentRuns/RUNTIME_EXECUTION_2026-09-06/IMPLEMENTATION/NATIVE_POLICY_BINDING/THREAD_START_FIELD/BRIEF.md",
    "projects/chirality-runtime/execution/_Coordination/AgentRuns/RUNTIME_EXECUTION_2026-09-06/IMPLEMENTATION/NATIVE_POLICY_BINDING/THREAD_START_FIELD/DISCOVERY5_INPUT.json",
    "projects/chirality-runtime/execution/_Coordination/AgentRuns/RUNTIME_EXECUTION_2026-09-06/IMPLEMENTATION/NATIVE_POLICY_BINDING/THREAD_START_FIELD/OUTPUTS.sha256",
    "projects/chirality-runtime/execution/_Coordination/AgentRuns/RUNTIME_EXECUTION_2026-09-06/IMPLEMENTATION/NATIVE_POLICY_BINDING/THREAD_START_FIELD/RETURN.md",
    "projects/chirality-runtime/execution/_Coordination/AgentRuns/RUNTIME_EXECUTION_2026-09-06/IMPLEMENTATION/NATIVE_POLICY_BINDING/THREAD_START_FIELD/codex-session.test.ts.PRE_START_FIELD.gz",
    "projects/chirality-runtime/execution/_Coordination/AgentRuns/RUNTIME_EXECUTION_2026-09-06/IMPLEMENTATION/NATIVE_POLICY_BINDING/THREAD_START_FIELD/codex-session.ts.PRE_START_FIELD.gz",
    "projects/chirality-runtime/execution/_Coordination/AgentRuns/RUNTIME_EXECUTION_2026-09-06/IMPLEMENTATION/NATIVE_POLICY_BINDING/codex-session.test.ts.PRE_NATIVE.gz",
    "projects/chirality-runtime/execution/_Coordination/AgentRuns/RUNTIME_EXECUTION_2026-09-06/IMPLEMENTATION/NATIVE_POLICY_BINDING/codex-session.ts.PRE_NATIVE.gz",
    "projects/chirality-runtime/execution/_Coordination/AgentRuns/RUNTIME_EXECUTION_2026-09-06/IMPLEMENTATION/NATIVE_POLICY_READBACK/ARTIFACTS.sha256",
    "projects/chirality-runtime/execution/_Coordination/AgentRuns/RUNTIME_EXECUTION_2026-09-06/IMPLEMENTATION/NATIVE_POLICY_READBACK/BRIEF.md",
    "projects/chirality-runtime/execution/_Coordination/AgentRuns/RUNTIME_EXECUTION_2026-09-06/IMPLEMENTATION/NATIVE_POLICY_READBACK/CHECKS.json",
    "projects/chirality-runtime/execution/_Coordination/AgentRuns/RUNTIME_EXECUTION_2026-09-06/IMPLEMENTATION/NATIVE_POLICY_READBACK/OBSERVED_DEFAULTS/ARTIFACTS.sha256",
    "projects/chirality-runtime/execution/_Coordination/AgentRuns/RUNTIME_EXECUTION_2026-09-06/IMPLEMENTATION/NATIVE_POLICY_READBACK/OBSERVED_DEFAULTS/BRIEF.md",
    "projects/chirality-runtime/execution/_Coordination/AgentRuns/RUNTIME_EXECUTION_2026-09-06/IMPLEMENTATION/NATIVE_POLICY_READBACK/OBSERVED_DEFAULTS/CHECKS.json",
    "projects/chirality-runtime/execution/_Coordination/AgentRuns/RUNTIME_EXECUTION_2026-09-06/IMPLEMENTATION/NATIVE_POLICY_READBACK/OBSERVED_DEFAULTS/DISCOVERY3_INPUT.json",
    "projects/chirality-runtime/execution/_Coordination/AgentRuns/RUNTIME_EXECUTION_2026-09-06/IMPLEMENTATION/NATIVE_POLICY_READBACK/OBSERVED_DEFAULTS/OUTPUTS.sha256",
    "projects/chirality-runtime/execution/_Coordination/AgentRuns/RUNTIME_EXECUTION_2026-09-06/IMPLEMENTATION/NATIVE_POLICY_READBACK/OBSERVED_DEFAULTS/RETURN.md",
    "projects/chirality-runtime/execution/_Coordination/AgentRuns/RUNTIME_EXECUTION_2026-09-06/IMPLEMENTATION/NATIVE_POLICY_READBACK/OBSERVED_DEFAULTS/codex-session.test.ts.PRE_DEFAULTS.gz",
    "projects/chirality-runtime/execution/_Coordination/AgentRuns/RUNTIME_EXECUTION_2026-09-06/IMPLEMENTATION/NATIVE_POLICY_READBACK/OBSERVED_DEFAULTS/codex-session.ts.PRE_DEFAULTS.gz",
    "projects/chirality-runtime/execution/_Coordination/AgentRuns/RUNTIME_EXECUTION_2026-09-06/IMPLEMENTATION/NATIVE_POLICY_READBACK/OUTPUTS.sha256",
    "projects/chirality-runtime/execution/_Coordination/AgentRuns/RUNTIME_EXECUTION_2026-09-06/IMPLEMENTATION/NATIVE_POLICY_READBACK/READ_SOURCES.json",
    "projects/chirality-runtime/execution/_Coordination/AgentRuns/RUNTIME_EXECUTION_2026-09-06/IMPLEMENTATION/NATIVE_POLICY_READBACK/RETURN.md",
    "projects/chirality-runtime/execution/_Coordination/AgentRuns/RUNTIME_EXECUTION_2026-09-06/IMPLEMENTATION/NATIVE_POLICY_READBACK/codex-session.test.ts.PRE_READBACK.gz",
    "projects/chirality-runtime/execution/_Coordination/AgentRuns/RUNTIME_EXECUTION_2026-09-06/IMPLEMENTATION/NATIVE_POLICY_READBACK/codex-session.ts.PRE_READBACK.gz",
    "projects/chirality-runtime/execution/_Coordination/AgentRuns/RUNTIME_EXECUTION_2026-09-06/IMPLEMENTATION/PI_BINDING_ASSESSMENT/ARTIFACTS.sha256",
    "projects/chirality-runtime/execution/_Coordination/AgentRuns/RUNTIME_EXECUTION_2026-09-06/IMPLEMENTATION/PI_BINDING_ASSESSMENT/ASSESSMENT.md",
    "projects/chirality-runtime/execution/_Coordination/AgentRuns/RUNTIME_EXECUTION_2026-09-06/IMPLEMENTATION/PI_BINDING_ASSESSMENT/SOURCE_HASHES.json",
    "projects/chirality-runtime/execution/_Coordination/AgentRuns/RUNTIME_EXECUTION_2026-09-06/IMPLEMENTATION/PI_IMPLEMENTATION/BRIEF.json",
    "projects/chirality-runtime/execution/_Coordination/AgentRuns/RUNTIME_EXECUTION_2026-09-06/IMPLEMENTATION/PI_IMPLEMENTATION/COMPACTION/PLAN.md",
    "projects/chirality-runtime/execution/_Coordination/AgentRuns/RUNTIME_EXECUTION_2026-09-06/IMPLEMENTATION/PI_IMPLEMENTATION/COMPACTION/pi-event-mapper.ts.before.gz",
    "projects/chirality-runtime/execution/_Coordination/AgentRuns/RUNTIME_EXECUTION_2026-09-06/IMPLEMENTATION/PI_IMPLEMENTATION/COMPACTION/pi-turn-runtime.test.ts.before.gz",
    "projects/chirality-runtime/execution/_Coordination/AgentRuns/RUNTIME_EXECUTION_2026-09-06/IMPLEMENTATION/PI_IMPLEMENTATION/COMPACTION/pi-turn-runtime.ts.before.gz",
    "projects/chirality-runtime/execution/_Coordination/AgentRuns/RUNTIME_EXECUTION_2026-09-06/IMPLEMENTATION/PI_IMPLEMENTATION/COMPOSITION/ARTIFACTS.sha256",
    "projects/chirality-runtime/execution/_Coordination/AgentRuns/RUNTIME_EXECUTION_2026-09-06/IMPLEMENTATION/PI_IMPLEMENTATION/COMPOSITION/BRIEF.md",
    "projects/chirality-runtime/execution/_Coordination/AgentRuns/RUNTIME_EXECUTION_2026-09-06/IMPLEMENTATION/PI_IMPLEMENTATION/COMPOSITION/OUTPUTS.json",
    "projects/chirality-runtime/execution/_Coordination/AgentRuns/RUNTIME_EXECUTION_2026-09-06/IMPLEMENTATION/PI_IMPLEMENTATION/COMPOSITION/RETURN.md",
    "projects/chirality-runtime/execution/_Coordination/AgentRuns/RUNTIME_EXECUTION_2026-09-06/IMPLEMENTATION/PI_IMPLEMENTATION/COMPOSITION/VALIDATION.json",
    "projects/chirality-runtime/execution/_Coordination/AgentRuns/RUNTIME_EXECUTION_2026-09-06/IMPLEMENTATION/PI_IMPLEMENTATION/COMPOSITION/pi-omlx-integration.test.ts.postimage.gz",
    "projects/chirality-runtime/execution/_Coordination/AgentRuns/RUNTIME_EXECUTION_2026-09-06/IMPLEMENTATION/PI_IMPLEMENTATION/COMPOSITION/standalone.test.ts.postimage.gz",
    "projects/chirality-runtime/execution/_Coordination/AgentRuns/RUNTIME_EXECUTION_2026-09-06/IMPLEMENTATION/PI_IMPLEMENTATION/COMPOSITION/standalone.test.ts.preimage.gz",
    "projects/chirality-runtime/execution/_Coordination/AgentRuns/RUNTIME_EXECUTION_2026-09-06/IMPLEMENTATION/PI_IMPLEMENTATION/COMPOSITION/standalone.ts.postimage.gz",
    "projects/chirality-runtime/execution/_Coordination/AgentRuns/RUNTIME_EXECUTION_2026-09-06/IMPLEMENTATION/PI_IMPLEMENTATION/COMPOSITION/standalone.ts.preimage.gz",
    "projects/chirality-runtime/execution/_Coordination/AgentRuns/RUNTIME_EXECUTION_2026-09-06/IMPLEMENTATION/PI_IMPLEMENTATION/CONTINUITY_BINDINGS/ARTIFACTS.sha256",
    "projects/chirality-runtime/execution/_Coordination/AgentRuns/RUNTIME_EXECUTION_2026-09-06/IMPLEMENTATION/PI_IMPLEMENTATION/CONTINUITY_BINDINGS/RETURN.md",
    "projects/chirality-runtime/execution/_Coordination/AgentRuns/RUNTIME_EXECUTION_2026-09-06/IMPLEMENTATION/PI_IMPLEMENTATION/CONTINUITY_BINDINGS/SOURCE_HASHES.json",
    "projects/chirality-runtime/execution/_Coordination/AgentRuns/RUNTIME_EXECUTION_2026-09-06/IMPLEMENTATION/PI_IMPLEMENTATION/CONTINUITY_BINDINGS/tests.log",
    "projects/chirality-runtime/execution/_Coordination/AgentRuns/RUNTIME_EXECUTION_2026-09-06/IMPLEMENTATION/PI_IMPLEMENTATION/CONTINUITY_BINDINGS/typecheck.log",
    "projects/chirality-runtime/execution/_Coordination/AgentRuns/RUNTIME_EXECUTION_2026-09-06/IMPLEMENTATION/PI_IMPLEMENTATION/PORT/ARTIFACTS.sha256",
    "projects/chirality-runtime/execution/_Coordination/AgentRuns/RUNTIME_EXECUTION_2026-09-06/IMPLEMENTATION/PI_IMPLEMENTATION/PORT/RETURN.md",
    "projects/chirality-runtime/execution/_Coordination/AgentRuns/RUNTIME_EXECUTION_2026-09-06/IMPLEMENTATION/PI_IMPLEMENTATION/PORT/SOURCE_HASHES.json",
    "projects/chirality-runtime/execution/_Coordination/AgentRuns/RUNTIME_EXECUTION_2026-09-06/IMPLEMENTATION/PI_IMPLEMENTATION/PORT/tests.log",
    "projects/chirality-runtime/execution/_Coordination/AgentRuns/RUNTIME_EXECUTION_2026-09-06/IMPLEMENTATION/PI_IMPLEMENTATION/PORT/typecheck.log",
    "projects/chirality-runtime/execution/_Coordination/AgentRuns/RUNTIME_EXECUTION_2026-09-06/IMPLEMENTATION/PI_IMPLEMENTATION/npm-install.log",
    "projects/chirality-runtime/execution/_Coordination/AgentRuns/RUNTIME_EXECUTION_2026-09-06/IMPLEMENTATION/PLAN.md",
    "projects/chirality-runtime/execution/_Coordination/AgentRuns/RUNTIME_EXECUTION_2026-09-06/IMPLEMENTATION/PLAN.sha256",
    "projects/chirality-runtime/execution/_Coordination/AgentRuns/RUNTIME_EXECUTION_2026-09-06/IMPLEMENTATION/PLAN_V2.md",
    "projects/chirality-runtime/execution/_Coordination/AgentRuns/RUNTIME_EXECUTION_2026-09-06/IMPLEMENTATION/PLAN_V2.sha256",
    "projects/chirality-runtime/execution/_Coordination/AgentRuns/RUNTIME_EXECUTION_2026-09-06/IMPLEMENTATION/POLICY_INTEGRATION/ARTIFACTS.sha256",
    "projects/chirality-runtime/execution/_Coordination/AgentRuns/RUNTIME_EXECUTION_2026-09-06/IMPLEMENTATION/POLICY_INTEGRATION/BRIEF.md",
    "projects/chirality-runtime/execution/_Coordination/AgentRuns/RUNTIME_EXECUTION_2026-09-06/IMPLEMENTATION/POLICY_INTEGRATION/CHECKS.json",
    "projects/chirality-runtime/execution/_Coordination/AgentRuns/RUNTIME_EXECUTION_2026-09-06/IMPLEMENTATION/POLICY_INTEGRATION/RETURN.md",
    "projects/chirality-runtime/execution/_Coordination/AgentRuns/RUNTIME_EXECUTION_2026-09-06/IMPLEMENTATION/POLICY_INTEGRATION/SHUTDOWN_REPAIR/ARTIFACTS.sha256",
    "projects/chirality-runtime/execution/_Coordination/AgentRuns/RUNTIME_EXECUTION_2026-09-06/IMPLEMENTATION/POLICY_INTEGRATION/SHUTDOWN_REPAIR/BRIEF.md",
    "projects/chirality-runtime/execution/_Coordination/AgentRuns/RUNTIME_EXECUTION_2026-09-06/IMPLEMENTATION/POLICY_INTEGRATION/SHUTDOWN_REPAIR/CHECKS.json",
    "projects/chirality-runtime/execution/_Coordination/AgentRuns/RUNTIME_EXECUTION_2026-09-06/IMPLEMENTATION/POLICY_INTEGRATION/SHUTDOWN_REPAIR/RETURN.md",
    "projects/chirality-runtime/execution/_Coordination/AgentRuns/RUNTIME_EXECUTION_2026-09-06/IMPLEMENTATION/POLICY_INTEGRATION/SHUTDOWN_REPAIR/SOURCE_HASHES.json",
    "projects/chirality-runtime/execution/_Coordination/AgentRuns/RUNTIME_EXECUTION_2026-09-06/IMPLEMENTATION/POLICY_INTEGRATION/SHUTDOWN_REPAIR/login-tests-final.log",
    "projects/chirality-runtime/execution/_Coordination/AgentRuns/RUNTIME_EXECUTION_2026-09-06/IMPLEMENTATION/POLICY_INTEGRATION/SHUTDOWN_REPAIR/login-tests.log",
    "projects/chirality-runtime/execution/_Coordination/AgentRuns/RUNTIME_EXECUTION_2026-09-06/IMPLEMENTATION/POLICY_INTEGRATION/SHUTDOWN_REPAIR/typecheck.log",
    "projects/chirality-runtime/execution/_Coordination/AgentRuns/RUNTIME_EXECUTION_2026-09-06/IMPLEMENTATION/POLICY_INTEGRATION/SOURCE_HASHES.json",
    "projects/chirality-runtime/execution/_Coordination/AgentRuns/RUNTIME_EXECUTION_2026-09-06/IMPLEMENTATION/POLICY_INTEGRATION/tests.log",
    "projects/chirality-runtime/execution/_Coordination/AgentRuns/RUNTIME_EXECUTION_2026-09-06/IMPLEMENTATION/POLICY_INTEGRATION/typecheck.log",
    "projects/chirality-runtime/execution/_Coordination/AgentRuns/RUNTIME_EXECUTION_2026-09-06/IMPLEMENTATION/PROCESS_RECONCILIATION/OUTPUTS.json",
    "projects/chirality-runtime/execution/_Coordination/AgentRuns/RUNTIME_EXECUTION_2026-09-06/IMPLEMENTATION/PROCESS_RECONCILIATION/PLAN.md",
    "projects/chirality-runtime/execution/_Coordination/AgentRuns/RUNTIME_EXECUTION_2026-09-06/IMPLEMENTATION/PROCESS_RECONCILIATION/RETURN.md",
    "projects/chirality-runtime/execution/_Coordination/AgentRuns/RUNTIME_EXECUTION_2026-09-06/IMPLEMENTATION/PROCESS_RECONCILIATION/system_read_dependencies.log",
    "projects/chirality-runtime/execution/_Coordination/AgentRuns/RUNTIME_EXECUTION_2026-09-06/IMPLEMENTATION/PROCESS_RECONCILIATION/tests.log",
    "projects/chirality-runtime/execution/_Coordination/AgentRuns/RUNTIME_EXECUTION_2026-09-06/IMPLEMENTATION/REVIEW/ACCUMULATED/BRIEF.md",
    "projects/chirality-runtime/execution/_Coordination/AgentRuns/RUNTIME_EXECUTION_2026-09-06/IMPLEMENTATION/REVIEW/ACCUMULATED/FINDINGS.md",
    "projects/chirality-runtime/execution/_Coordination/AgentRuns/RUNTIME_EXECUTION_2026-09-06/IMPLEMENTATION/REVIEW/ACCUMULATED/REPAIR_02/BRIEF.md",
    "projects/chirality-runtime/execution/_Coordination/AgentRuns/RUNTIME_EXECUTION_2026-09-06/IMPLEMENTATION/REVIEW/ACCUMULATED/REPAIR_02/RETURN.md",
    "projects/chirality-runtime/execution/_Coordination/AgentRuns/RUNTIME_EXECUTION_2026-09-06/IMPLEMENTATION/REVIEW/ACCUMULATED/REPAIR_02/SEAL.json",
    "projects/chirality-runtime/execution/_Coordination/AgentRuns/RUNTIME_EXECUTION_2026-09-06/IMPLEMENTATION/REVIEW/ACCUMULATED/REPAIR_02/SOURCE_DRIFT.json",
    "projects/chirality-runtime/execution/_Coordination/AgentRuns/RUNTIME_EXECUTION_2026-09-06/IMPLEMENTATION/REVIEW/ACCUMULATED/REPAIR_02/SOURCE_PINS.json",
    "projects/chirality-runtime/execution/_Coordination/AgentRuns/RUNTIME_EXECUTION_2026-09-06/IMPLEMENTATION/REVIEW/ACCUMULATED/REPAIR_02/backcheck.log",
    "projects/chirality-runtime/execution/_Coordination/AgentRuns/RUNTIME_EXECUTION_2026-09-06/IMPLEMENTATION/REVIEW/ACCUMULATED/REPAIR_02/backcheck.test.ts.source",
    "projects/chirality-runtime/execution/_Coordination/AgentRuns/RUNTIME_EXECUTION_2026-09-06/IMPLEMENTATION/REVIEW/ACCUMULATED/REPAIR_02/manager-integration.log",
    "projects/chirality-runtime/execution/_Coordination/AgentRuns/RUNTIME_EXECUTION_2026-09-06/IMPLEMENTATION/REVIEW/ACCUMULATED/REPAIR_02/publication-backcheck.log",
    "projects/chirality-runtime/execution/_Coordination/AgentRuns/RUNTIME_EXECUTION_2026-09-06/IMPLEMENTATION/REVIEW/ACCUMULATED/REPAIR_02/publication-backcheck.test.ts.source",
    "projects/chirality-runtime/execution/_Coordination/AgentRuns/RUNTIME_EXECUTION_2026-09-06/IMPLEMENTATION/REVIEW/ACCUMULATED/RETURN.md",
    "projects/chirality-runtime/execution/_Coordination/AgentRuns/RUNTIME_EXECUTION_2026-09-06/IMPLEMENTATION/REVIEW/ACCUMULATED/REVIEW_DRIFT.json",
    "projects/chirality-runtime/execution/_Coordination/AgentRuns/RUNTIME_EXECUTION_2026-09-06/IMPLEMENTATION/REVIEW/ACCUMULATED/SEAL.json",
    "projects/chirality-runtime/execution/_Coordination/AgentRuns/RUNTIME_EXECUTION_2026-09-06/IMPLEMENTATION/REVIEW/ACCUMULATED/SOURCE_PINS.json",
    "projects/chirality-runtime/execution/_Coordination/AgentRuns/RUNTIME_EXECUTION_2026-09-06/IMPLEMENTATION/REVIEW/ACCUMULATED/focused-suite-unsandboxed.log",
    "projects/chirality-runtime/execution/_Coordination/AgentRuns/RUNTIME_EXECUTION_2026-09-06/IMPLEMENTATION/REVIEW/ACCUMULATED/focused-suite.log",
    "projects/chirality-runtime/execution/_Coordination/AgentRuns/RUNTIME_EXECUTION_2026-09-06/IMPLEMENTATION/REVIEW/ACCUMULATED/persistence-repro.log",
    "projects/chirality-runtime/execution/_Coordination/AgentRuns/RUNTIME_EXECUTION_2026-09-06/IMPLEMENTATION/REVIEW/ACCUMULATED/persistence-repro.test.ts.source",
    "projects/chirality-runtime/execution/_Coordination/AgentRuns/RUNTIME_EXECUTION_2026-09-06/IMPLEMENTATION/REVIEW/ACCUMULATED/repro.log",
    "projects/chirality-runtime/execution/_Coordination/AgentRuns/RUNTIME_EXECUTION_2026-09-06/IMPLEMENTATION/REVIEW/ACCUMULATED/review-repro.test.ts.source",
    "projects/chirality-runtime/execution/_Coordination/AgentRuns/RUNTIME_EXECUTION_2026-09-06/IMPLEMENTATION/REVIEW/APPROVAL_BACKCHECK/A1_A2_REPAIR/BRIEF.md",
    "projects/chirality-runtime/execution/_Coordination/AgentRuns/RUNTIME_EXECUTION_2026-09-06/IMPLEMENTATION/REVIEW/APPROVAL_BACKCHECK/A1_A2_REPAIR/RETURN.md",
    "projects/chirality-runtime/execution/_Coordination/AgentRuns/RUNTIME_EXECUTION_2026-09-06/IMPLEMENTATION/REVIEW/APPROVAL_BACKCHECK/A1_A2_REPAIR/SEAL.json",
    "projects/chirality-runtime/execution/_Coordination/AgentRuns/RUNTIME_EXECUTION_2026-09-06/IMPLEMENTATION/REVIEW/APPROVAL_BACKCHECK/A1_A2_REPAIR/SOURCE_DRIFT.json",
    "projects/chirality-runtime/execution/_Coordination/AgentRuns/RUNTIME_EXECUTION_2026-09-06/IMPLEMENTATION/REVIEW/APPROVAL_BACKCHECK/A1_A2_REPAIR/SOURCE_PINS.json",
    "projects/chirality-runtime/execution/_Coordination/AgentRuns/RUNTIME_EXECUTION_2026-09-06/IMPLEMENTATION/REVIEW/APPROVAL_BACKCHECK/A1_A2_REPAIR/focused-suite.log",
    "projects/chirality-runtime/execution/_Coordination/AgentRuns/RUNTIME_EXECUTION_2026-09-06/IMPLEMENTATION/REVIEW/APPROVAL_BACKCHECK/A1_A2_REPAIR/repro-backcheck.log",
    "projects/chirality-runtime/execution/_Coordination/AgentRuns/RUNTIME_EXECUTION_2026-09-06/IMPLEMENTATION/REVIEW/APPROVAL_BACKCHECK/A1_A2_REPAIR/transport-backcheck.test.ts.source",
    "projects/chirality-runtime/execution/_Coordination/AgentRuns/RUNTIME_EXECUTION_2026-09-06/IMPLEMENTATION/REVIEW/APPROVAL_BACKCHECK/A3_REPAIR/BRIEF.md",
    "projects/chirality-runtime/execution/_Coordination/AgentRuns/RUNTIME_EXECUTION_2026-09-06/IMPLEMENTATION/REVIEW/APPROVAL_BACKCHECK/A3_REPAIR/RETURN.md",
    "projects/chirality-runtime/execution/_Coordination/AgentRuns/RUNTIME_EXECUTION_2026-09-06/IMPLEMENTATION/REVIEW/APPROVAL_BACKCHECK/A3_REPAIR/SEAL.json",
    "projects/chirality-runtime/execution/_Coordination/AgentRuns/RUNTIME_EXECUTION_2026-09-06/IMPLEMENTATION/REVIEW/APPROVAL_BACKCHECK/A3_REPAIR/SOURCE_DRIFT.json",
    "projects/chirality-runtime/execution/_Coordination/AgentRuns/RUNTIME_EXECUTION_2026-09-06/IMPLEMENTATION/REVIEW/APPROVAL_BACKCHECK/A3_REPAIR/SOURCE_PINS.json",
    "projects/chirality-runtime/execution/_Coordination/AgentRuns/RUNTIME_EXECUTION_2026-09-06/IMPLEMENTATION/REVIEW/APPROVAL_BACKCHECK/A3_REPAIR/concurrent-delegation-backcheck.test.ts.source",
    "projects/chirality-runtime/execution/_Coordination/AgentRuns/RUNTIME_EXECUTION_2026-09-06/IMPLEMENTATION/REVIEW/APPROVAL_BACKCHECK/A3_REPAIR/failed-child-review-backcheck.test.ts.source",
    "projects/chirality-runtime/execution/_Coordination/AgentRuns/RUNTIME_EXECUTION_2026-09-06/IMPLEMENTATION/REVIEW/APPROVAL_BACKCHECK/A3_REPAIR/tests.log",
    "projects/chirality-runtime/execution/_Coordination/AgentRuns/RUNTIME_EXECUTION_2026-09-06/IMPLEMENTATION/REVIEW/APPROVAL_BACKCHECK/BRIEF.md",
    "projects/chirality-runtime/execution/_Coordination/AgentRuns/RUNTIME_EXECUTION_2026-09-06/IMPLEMENTATION/REVIEW/APPROVAL_BACKCHECK/EXACT_SOURCE_PINS.json",
    "projects/chirality-runtime/execution/_Coordination/AgentRuns/RUNTIME_EXECUTION_2026-09-06/IMPLEMENTATION/REVIEW/APPROVAL_BACKCHECK/FINDINGS.md",
    "projects/chirality-runtime/execution/_Coordination/AgentRuns/RUNTIME_EXECUTION_2026-09-06/IMPLEMENTATION/REVIEW/APPROVAL_BACKCHECK/RENAME_MAP.json",
    "projects/chirality-runtime/execution/_Coordination/AgentRuns/RUNTIME_EXECUTION_2026-09-06/IMPLEMENTATION/REVIEW/APPROVAL_BACKCHECK/RETURN.md",
    "projects/chirality-runtime/execution/_Coordination/AgentRuns/RUNTIME_EXECUTION_2026-09-06/IMPLEMENTATION/REVIEW/APPROVAL_BACKCHECK/SEAL.json",
    "projects/chirality-runtime/execution/_Coordination/AgentRuns/RUNTIME_EXECUTION_2026-09-06/IMPLEMENTATION/REVIEW/APPROVAL_BACKCHECK/SOURCE_PINS.json",
    "projects/chirality-runtime/execution/_Coordination/AgentRuns/RUNTIME_EXECUTION_2026-09-06/IMPLEMENTATION/REVIEW/APPROVAL_BACKCHECK/codex-rs__core__src__config__mod.rs.gz",
    "projects/chirality-runtime/execution/_Coordination/AgentRuns/RUNTIME_EXECUTION_2026-09-06/IMPLEMENTATION/REVIEW/APPROVAL_BACKCHECK/codex-rs__features__src__feature_configs.rs.gz",
    "projects/chirality-runtime/execution/_Coordination/AgentRuns/RUNTIME_EXECUTION_2026-09-06/IMPLEMENTATION/REVIEW/APPROVAL_BACKCHECK/codex-rs__features__src__lib.rs.gz",
    "projects/chirality-runtime/execution/_Coordination/AgentRuns/RUNTIME_EXECUTION_2026-09-06/IMPLEMENTATION/REVIEW/APPROVAL_BACKCHECK/concurrent-delegation-repro.test.ts.source",
    "projects/chirality-runtime/execution/_Coordination/AgentRuns/RUNTIME_EXECUTION_2026-09-06/IMPLEMENTATION/REVIEW/APPROVAL_BACKCHECK/failed-child-review-repro.log",
    "projects/chirality-runtime/execution/_Coordination/AgentRuns/RUNTIME_EXECUTION_2026-09-06/IMPLEMENTATION/REVIEW/APPROVAL_BACKCHECK/failed-child-review-repro.test.ts.source",
    "projects/chirality-runtime/execution/_Coordination/AgentRuns/RUNTIME_EXECUTION_2026-09-06/IMPLEMENTATION/REVIEW/APPROVAL_BACKCHECK/governed-binding-backcheck.test.ts.source",
    "projects/chirality-runtime/execution/_Coordination/AgentRuns/RUNTIME_EXECUTION_2026-09-06/IMPLEMENTATION/REVIEW/APPROVAL_BACKCHECK/pi-governed-tests.log",
    "projects/chirality-runtime/execution/_Coordination/AgentRuns/RUNTIME_EXECUTION_2026-09-06/IMPLEMENTATION/REVIEW/APPROVAL_BACKCHECK/transport-failure-repro.log",
    "projects/chirality-runtime/execution/_Coordination/AgentRuns/RUNTIME_EXECUTION_2026-09-06/IMPLEMENTATION/REVIEW/APPROVAL_BACKCHECK/transport-failure-repro.test.ts.source",
    "projects/chirality-runtime/execution/_Coordination/AgentRuns/RUNTIME_EXECUTION_2026-09-06/IMPLEMENTATION/REVIEW/ARTIFACTS.sha256",
    "projects/chirality-runtime/execution/_Coordination/AgentRuns/RUNTIME_EXECUTION_2026-09-06/IMPLEMENTATION/REVIEW/CONFORMANCE_ADMISSION/BRIEF.md",
    "projects/chirality-runtime/execution/_Coordination/AgentRuns/RUNTIME_EXECUTION_2026-09-06/IMPLEMENTATION/REVIEW/CONFORMANCE_ADMISSION/GENERATION_REPAIR/BRIEF.md",
    "projects/chirality-runtime/execution/_Coordination/AgentRuns/RUNTIME_EXECUTION_2026-09-06/IMPLEMENTATION/REVIEW/CONFORMANCE_ADMISSION/GENERATION_REPAIR/GENERATION_REPRO.log",
    "projects/chirality-runtime/execution/_Coordination/AgentRuns/RUNTIME_EXECUTION_2026-09-06/IMPLEMENTATION/REVIEW/CONFORMANCE_ADMISSION/GENERATION_REPAIR/REQUIREMENT_SOURCE_PINS.json",
    "projects/chirality-runtime/execution/_Coordination/AgentRuns/RUNTIME_EXECUTION_2026-09-06/IMPLEMENTATION/REVIEW/CONFORMANCE_ADMISSION/GENERATION_REPAIR/RETURN.md",
    "projects/chirality-runtime/execution/_Coordination/AgentRuns/RUNTIME_EXECUTION_2026-09-06/IMPLEMENTATION/REVIEW/CONFORMANCE_ADMISSION/GENERATION_REPAIR/SEAL.json",
    "projects/chirality-runtime/execution/_Coordination/AgentRuns/RUNTIME_EXECUTION_2026-09-06/IMPLEMENTATION/REVIEW/CONFORMANCE_ADMISSION/GENERATION_REPAIR/SOURCE_DRIFT.json",
    "projects/chirality-runtime/execution/_Coordination/AgentRuns/RUNTIME_EXECUTION_2026-09-06/IMPLEMENTATION/REVIEW/CONFORMANCE_ADMISSION/GENERATION_REPAIR/SOURCE_PINS.json",
    "projects/chirality-runtime/execution/_Coordination/AgentRuns/RUNTIME_EXECUTION_2026-09-06/IMPLEMENTATION/REVIEW/CONFORMANCE_ADMISSION/GENERATION_REPAIR/TESTS.log",
    "projects/chirality-runtime/execution/_Coordination/AgentRuns/RUNTIME_EXECUTION_2026-09-06/IMPLEMENTATION/REVIEW/CONFORMANCE_ADMISSION/GENERATION_REPAIR/generation-repro.mjs",
    "projects/chirality-runtime/execution/_Coordination/AgentRuns/RUNTIME_EXECUTION_2026-09-06/IMPLEMENTATION/REVIEW/CONFORMANCE_ADMISSION/GENERATION_REPRO.log",
    "projects/chirality-runtime/execution/_Coordination/AgentRuns/RUNTIME_EXECUTION_2026-09-06/IMPLEMENTATION/REVIEW/CONFORMANCE_ADMISSION/RETURN.md",
    "projects/chirality-runtime/execution/_Coordination/AgentRuns/RUNTIME_EXECUTION_2026-09-06/IMPLEMENTATION/REVIEW/CONFORMANCE_ADMISSION/SEAL.json",
    "projects/chirality-runtime/execution/_Coordination/AgentRuns/RUNTIME_EXECUTION_2026-09-06/IMPLEMENTATION/REVIEW/CONFORMANCE_ADMISSION/SOURCE_DRIFT.json",
    "projects/chirality-runtime/execution/_Coordination/AgentRuns/RUNTIME_EXECUTION_2026-09-06/IMPLEMENTATION/REVIEW/CONFORMANCE_ADMISSION/SOURCE_PINS.json",
    "projects/chirality-runtime/execution/_Coordination/AgentRuns/RUNTIME_EXECUTION_2026-09-06/IMPLEMENTATION/REVIEW/CONFORMANCE_ADMISSION/TESTS.log",
    "projects/chirality-runtime/execution/_Coordination/AgentRuns/RUNTIME_EXECUTION_2026-09-06/IMPLEMENTATION/REVIEW/CONFORMANCE_ADMISSION/generation-repro.mjs",
    "projects/chirality-runtime/execution/_Coordination/AgentRuns/RUNTIME_EXECUTION_2026-09-06/IMPLEMENTATION/REVIEW/DEPENDENCY_INTEGRITY/ANCESTOR_REPRO.log",
    "projects/chirality-runtime/execution/_Coordination/AgentRuns/RUNTIME_EXECUTION_2026-09-06/IMPLEMENTATION/REVIEW/DEPENDENCY_INTEGRITY/BRIEF.md",
    "projects/chirality-runtime/execution/_Coordination/AgentRuns/RUNTIME_EXECUTION_2026-09-06/IMPLEMENTATION/REVIEW/DEPENDENCY_INTEGRITY/RENAME_MAP.json",
    "projects/chirality-runtime/execution/_Coordination/AgentRuns/RUNTIME_EXECUTION_2026-09-06/IMPLEMENTATION/REVIEW/DEPENDENCY_INTEGRITY/REPAIR_01/BRIEF.md",
    "projects/chirality-runtime/execution/_Coordination/AgentRuns/RUNTIME_EXECUTION_2026-09-06/IMPLEMENTATION/REVIEW/DEPENDENCY_INTEGRITY/REPAIR_01/FLAT_FILE_REPRO.log",
    "projects/chirality-runtime/execution/_Coordination/AgentRuns/RUNTIME_EXECUTION_2026-09-06/IMPLEMENTATION/REVIEW/DEPENDENCY_INTEGRITY/REPAIR_01/RENAME_MAP.json",
    "projects/chirality-runtime/execution/_Coordination/AgentRuns/RUNTIME_EXECUTION_2026-09-06/IMPLEMENTATION/REVIEW/DEPENDENCY_INTEGRITY/REPAIR_01/RETURN.md",
    "projects/chirality-runtime/execution/_Coordination/AgentRuns/RUNTIME_EXECUTION_2026-09-06/IMPLEMENTATION/REVIEW/DEPENDENCY_INTEGRITY/REPAIR_01/SEAL.json",
    "projects/chirality-runtime/execution/_Coordination/AgentRuns/RUNTIME_EXECUTION_2026-09-06/IMPLEMENTATION/REVIEW/DEPENDENCY_INTEGRITY/REPAIR_01/SOURCE_PINS.json",
    "projects/chirality-runtime/execution/_Coordination/AgentRuns/RUNTIME_EXECUTION_2026-09-06/IMPLEMENTATION/REVIEW/DEPENDENCY_INTEGRITY/REPAIR_01/flat-file-repro.test.ts.source",
    "projects/chirality-runtime/execution/_Coordination/AgentRuns/RUNTIME_EXECUTION_2026-09-06/IMPLEMENTATION/REVIEW/DEPENDENCY_INTEGRITY/REPAIR_02/BRIEF.md",
    "projects/chirality-runtime/execution/_Coordination/AgentRuns/RUNTIME_EXECUTION_2026-09-06/IMPLEMENTATION/REVIEW/DEPENDENCY_INTEGRITY/REPAIR_02/RENAME_MAP.json",
    "projects/chirality-runtime/execution/_Coordination/AgentRuns/RUNTIME_EXECUTION_2026-09-06/IMPLEMENTATION/REVIEW/DEPENDENCY_INTEGRITY/REPAIR_02/RETURN.md",
    "projects/chirality-runtime/execution/_Coordination/AgentRuns/RUNTIME_EXECUTION_2026-09-06/IMPLEMENTATION/REVIEW/DEPENDENCY_INTEGRITY/REPAIR_02/SEAL.json",
    "projects/chirality-runtime/execution/_Coordination/AgentRuns/RUNTIME_EXECUTION_2026-09-06/IMPLEMENTATION/REVIEW/DEPENDENCY_INTEGRITY/REPAIR_02/SOURCE_DRIFT.json",
    "projects/chirality-runtime/execution/_Coordination/AgentRuns/RUNTIME_EXECUTION_2026-09-06/IMPLEMENTATION/REVIEW/DEPENDENCY_INTEGRITY/REPAIR_02/SOURCE_PINS.json",
    "projects/chirality-runtime/execution/_Coordination/AgentRuns/RUNTIME_EXECUTION_2026-09-06/IMPLEMENTATION/REVIEW/DEPENDENCY_INTEGRITY/REPAIR_02/TESTS.log",
    "projects/chirality-runtime/execution/_Coordination/AgentRuns/RUNTIME_EXECUTION_2026-09-06/IMPLEMENTATION/REVIEW/DEPENDENCY_INTEGRITY/REPAIR_02/ancestor-resolution-repro.test.ts.source",
    "projects/chirality-runtime/execution/_Coordination/AgentRuns/RUNTIME_EXECUTION_2026-09-06/IMPLEMENTATION/REVIEW/DEPENDENCY_INTEGRITY/REPAIR_02/flat-file-repro.test.ts.source",
    "projects/chirality-runtime/execution/_Coordination/AgentRuns/RUNTIME_EXECUTION_2026-09-06/IMPLEMENTATION/REVIEW/DEPENDENCY_INTEGRITY/RETURN.md",
    "projects/chirality-runtime/execution/_Coordination/AgentRuns/RUNTIME_EXECUTION_2026-09-06/IMPLEMENTATION/REVIEW/DEPENDENCY_INTEGRITY/SEAL.json",
    "projects/chirality-runtime/execution/_Coordination/AgentRuns/RUNTIME_EXECUTION_2026-09-06/IMPLEMENTATION/REVIEW/DEPENDENCY_INTEGRITY/SOURCE_DRIFT.json",
    "projects/chirality-runtime/execution/_Coordination/AgentRuns/RUNTIME_EXECUTION_2026-09-06/IMPLEMENTATION/REVIEW/DEPENDENCY_INTEGRITY/SOURCE_PINS.json",
    "projects/chirality-runtime/execution/_Coordination/AgentRuns/RUNTIME_EXECUTION_2026-09-06/IMPLEMENTATION/REVIEW/DEPENDENCY_INTEGRITY/TESTS.log",
    "projects/chirality-runtime/execution/_Coordination/AgentRuns/RUNTIME_EXECUTION_2026-09-06/IMPLEMENTATION/REVIEW/DEPENDENCY_INTEGRITY/ancestor-resolution-repro.test.ts.source",
    "projects/chirality-runtime/execution/_Coordination/AgentRuns/RUNTIME_EXECUTION_2026-09-06/IMPLEMENTATION/REVIEW/FINAL_INTEGRATION/ARTIFACTS.sha256",
    "projects/chirality-runtime/execution/_Coordination/AgentRuns/RUNTIME_EXECUTION_2026-09-06/IMPLEMENTATION/REVIEW/FINAL_INTEGRATION/FINAL_SOURCE_HASHES.json",
    "projects/chirality-runtime/execution/_Coordination/AgentRuns/RUNTIME_EXECUTION_2026-09-06/IMPLEMENTATION/REVIEW/FINAL_INTEGRATION/FINDINGS_INITIAL.md",
    "projects/chirality-runtime/execution/_Coordination/AgentRuns/RUNTIME_EXECUTION_2026-09-06/IMPLEMENTATION/REVIEW/FINAL_INTEGRATION/READ_SOURCES_INITIAL.json",
    "projects/chirality-runtime/execution/_Coordination/AgentRuns/RUNTIME_EXECUTION_2026-09-06/IMPLEMENTATION/REVIEW/FINAL_INTEGRATION/RETURN.md",
    "projects/chirality-runtime/execution/_Coordination/AgentRuns/RUNTIME_EXECUTION_2026-09-06/IMPLEMENTATION/REVIEW/FINAL_INTEGRATION/final-checks.log",
    "projects/chirality-runtime/execution/_Coordination/AgentRuns/RUNTIME_EXECUTION_2026-09-06/IMPLEMENTATION/REVIEW/FINAL_INTEGRATION/final-rebuilt-broker-checks.log",
    "projects/chirality-runtime/execution/_Coordination/AgentRuns/RUNTIME_EXECUTION_2026-09-06/IMPLEMENTATION/REVIEW/FINAL_INTEGRATION/initial-checks.log",
    "projects/chirality-runtime/execution/_Coordination/AgentRuns/RUNTIME_EXECUTION_2026-09-06/IMPLEMENTATION/REVIEW/FINAL_INTEGRATION/race-backcheck.json",
    "projects/chirality-runtime/execution/_Coordination/AgentRuns/RUNTIME_EXECUTION_2026-09-06/IMPLEMENTATION/REVIEW/FINAL_INTEGRATION/race-repro.json",
    "projects/chirality-runtime/execution/_Coordination/AgentRuns/RUNTIME_EXECUTION_2026-09-06/IMPLEMENTATION/REVIEW/FINAL_INTEGRATION/race-repro.mjs",
    "projects/chirality-runtime/execution/_Coordination/AgentRuns/RUNTIME_EXECUTION_2026-09-06/IMPLEMENTATION/REVIEW/FINAL_SOURCE_HASHES.json",
    "projects/chirality-runtime/execution/_Coordination/AgentRuns/RUNTIME_EXECUTION_2026-09-06/IMPLEMENTATION/REVIEW/FINDINGS_INITIAL.md",
    "projects/chirality-runtime/execution/_Coordination/AgentRuns/RUNTIME_EXECUTION_2026-09-06/IMPLEMENTATION/REVIEW/INITIAL_READ_SOURCES.json",
    "projects/chirality-runtime/execution/_Coordination/AgentRuns/RUNTIME_EXECUTION_2026-09-06/IMPLEMENTATION/REVIEW/MANAGER_APPROVAL_ROUTING/BRIEF.md",
    "projects/chirality-runtime/execution/_Coordination/AgentRuns/RUNTIME_EXECUTION_2026-09-06/IMPLEMENTATION/REVIEW/MANAGER_APPROVAL_ROUTING/LATE_GRANT_TESTS.log",
    "projects/chirality-runtime/execution/_Coordination/AgentRuns/RUNTIME_EXECUTION_2026-09-06/IMPLEMENTATION/REVIEW/MANAGER_APPROVAL_ROUTING/RENAME_MAP.json",
    "projects/chirality-runtime/execution/_Coordination/AgentRuns/RUNTIME_EXECUTION_2026-09-06/IMPLEMENTATION/REVIEW/MANAGER_APPROVAL_ROUTING/RETURN.md",
    "projects/chirality-runtime/execution/_Coordination/AgentRuns/RUNTIME_EXECUTION_2026-09-06/IMPLEMENTATION/REVIEW/MANAGER_APPROVAL_ROUTING/SEAL.json",
    "projects/chirality-runtime/execution/_Coordination/AgentRuns/RUNTIME_EXECUTION_2026-09-06/IMPLEMENTATION/REVIEW/MANAGER_APPROVAL_ROUTING/SOURCE_DRIFT.json",
    "projects/chirality-runtime/execution/_Coordination/AgentRuns/RUNTIME_EXECUTION_2026-09-06/IMPLEMENTATION/REVIEW/MANAGER_APPROVAL_ROUTING/SOURCE_PINS.json",
    "projects/chirality-runtime/execution/_Coordination/AgentRuns/RUNTIME_EXECUTION_2026-09-06/IMPLEMENTATION/REVIEW/MANAGER_APPROVAL_ROUTING/SUPPLEMENTAL_READ_PINS.json",
    "projects/chirality-runtime/execution/_Coordination/AgentRuns/RUNTIME_EXECUTION_2026-09-06/IMPLEMENTATION/REVIEW/MANAGER_APPROVAL_ROUTING/TESTS.log",
    "projects/chirality-runtime/execution/_Coordination/AgentRuns/RUNTIME_EXECUTION_2026-09-06/IMPLEMENTATION/REVIEW/MANAGER_APPROVAL_ROUTING/late-grant-repro.test.ts.source",
    "projects/chirality-runtime/execution/_Coordination/AgentRuns/RUNTIME_EXECUTION_2026-09-06/IMPLEMENTATION/REVIEW/NATIVE_POLICY/BRIEF.md",
    "projects/chirality-runtime/execution/_Coordination/AgentRuns/RUNTIME_EXECUTION_2026-09-06/IMPLEMENTATION/REVIEW/NATIVE_POLICY/EARLY_FINDINGS.md",
    "projects/chirality-runtime/execution/_Coordination/AgentRuns/RUNTIME_EXECUTION_2026-09-06/IMPLEMENTATION/REVIEW/NATIVE_POLICY/EARLY_FINDING_1_CORRECTION.md",
    "projects/chirality-runtime/execution/_Coordination/AgentRuns/RUNTIME_EXECUTION_2026-09-06/IMPLEMENTATION/REVIEW/NATIVE_POLICY/EARLY_SOURCE_HASHES.json",
    "projects/chirality-runtime/execution/_Coordination/AgentRuns/RUNTIME_EXECUTION_2026-09-06/IMPLEMENTATION/REVIEW/REPORT_EXTENSIONS/ARTIFACTS.sha256",
    "projects/chirality-runtime/execution/_Coordination/AgentRuns/RUNTIME_EXECUTION_2026-09-06/IMPLEMENTATION/REVIEW/REPORT_EXTENSIONS/RETURN.md",
    "projects/chirality-runtime/execution/_Coordination/AgentRuns/RUNTIME_EXECUTION_2026-09-06/IMPLEMENTATION/REVIEW/REPORT_EXTENSIONS/SOURCE_HASHES.json",
    "projects/chirality-runtime/execution/_Coordination/AgentRuns/RUNTIME_EXECUTION_2026-09-06/IMPLEMENTATION/REVIEW/REPORT_EXTENSIONS/checks.log",
    "projects/chirality-runtime/execution/_Coordination/AgentRuns/RUNTIME_EXECUTION_2026-09-06/IMPLEMENTATION/REVIEW/RETURN.md",
    "projects/chirality-runtime/execution/_Coordination/AgentRuns/RUNTIME_EXECUTION_2026-09-06/IMPLEMENTATION/REVIEW/REVIEWER_PIN/BRIEF.md",
    "projects/chirality-runtime/execution/_Coordination/AgentRuns/RUNTIME_EXECUTION_2026-09-06/IMPLEMENTATION/REVIEW/REVIEWER_PIN/RENAME_MAP.json",
    "projects/chirality-runtime/execution/_Coordination/AgentRuns/RUNTIME_EXECUTION_2026-09-06/IMPLEMENTATION/REVIEW/REVIEWER_PIN/REPAIR_01/BRIEF.md",
    "projects/chirality-runtime/execution/_Coordination/AgentRuns/RUNTIME_EXECUTION_2026-09-06/IMPLEMENTATION/REVIEW/REVIEWER_PIN/REPAIR_01/RENAME_MAP.json",
    "projects/chirality-runtime/execution/_Coordination/AgentRuns/RUNTIME_EXECUTION_2026-09-06/IMPLEMENTATION/REVIEW/REVIEWER_PIN/REPAIR_01/RETURN.md",
    "projects/chirality-runtime/execution/_Coordination/AgentRuns/RUNTIME_EXECUTION_2026-09-06/IMPLEMENTATION/REVIEW/REVIEWER_PIN/REPAIR_01/SEAL.json",
    "projects/chirality-runtime/execution/_Coordination/AgentRuns/RUNTIME_EXECUTION_2026-09-06/IMPLEMENTATION/REVIEW/REVIEWER_PIN/REPAIR_01/SOURCE_DRIFT.json",
    "projects/chirality-runtime/execution/_Coordination/AgentRuns/RUNTIME_EXECUTION_2026-09-06/IMPLEMENTATION/REVIEW/REVIEWER_PIN/REPAIR_01/SOURCE_PINS.json",
    "projects/chirality-runtime/execution/_Coordination/AgentRuns/RUNTIME_EXECUTION_2026-09-06/IMPLEMENTATION/REVIEW/REVIEWER_PIN/REPAIR_01/TESTS.log",
    "projects/chirality-runtime/execution/_Coordination/AgentRuns/RUNTIME_EXECUTION_2026-09-06/IMPLEMENTATION/REVIEW/REVIEWER_PIN/REPAIR_01/resume-reviewer-repro.test.ts.source",
    "projects/chirality-runtime/execution/_Coordination/AgentRuns/RUNTIME_EXECUTION_2026-09-06/IMPLEMENTATION/REVIEW/REVIEWER_PIN/RESUME_REPRO.log",
    "projects/chirality-runtime/execution/_Coordination/AgentRuns/RUNTIME_EXECUTION_2026-09-06/IMPLEMENTATION/REVIEW/REVIEWER_PIN/RETURN.md",
    "projects/chirality-runtime/execution/_Coordination/AgentRuns/RUNTIME_EXECUTION_2026-09-06/IMPLEMENTATION/REVIEW/REVIEWER_PIN/SEAL.json",
    "projects/chirality-runtime/execution/_Coordination/AgentRuns/RUNTIME_EXECUTION_2026-09-06/IMPLEMENTATION/REVIEW/REVIEWER_PIN/SOURCE_DRIFT.json",
    "projects/chirality-runtime/execution/_Coordination/AgentRuns/RUNTIME_EXECUTION_2026-09-06/IMPLEMENTATION/REVIEW/REVIEWER_PIN/SOURCE_PINS.json",
    "projects/chirality-runtime/execution/_Coordination/AgentRuns/RUNTIME_EXECUTION_2026-09-06/IMPLEMENTATION/REVIEW/REVIEWER_PIN/SUPPLIER_SOURCE_PINS.json",
    "projects/chirality-runtime/execution/_Coordination/AgentRuns/RUNTIME_EXECUTION_2026-09-06/IMPLEMENTATION/REVIEW/REVIEWER_PIN/TESTS.log",
    "projects/chirality-runtime/execution/_Coordination/AgentRuns/RUNTIME_EXECUTION_2026-09-06/IMPLEMENTATION/REVIEW/REVIEWER_PIN/app-server__src__config_manager.rs.gz",
    "projects/chirality-runtime/execution/_Coordination/AgentRuns/RUNTIME_EXECUTION_2026-09-06/IMPLEMENTATION/REVIEW/REVIEWER_PIN/app-server__src__request_processors__persisted_resume_settings.rs.gz",
    "projects/chirality-runtime/execution/_Coordination/AgentRuns/RUNTIME_EXECUTION_2026-09-06/IMPLEMENTATION/REVIEW/REVIEWER_PIN/app-server__src__request_processors__thread_processor.rs.gz",
    "projects/chirality-runtime/execution/_Coordination/AgentRuns/RUNTIME_EXECUTION_2026-09-06/IMPLEMENTATION/REVIEW/REVIEWER_PIN/core__src__config__mod.rs.gz",
    "projects/chirality-runtime/execution/_Coordination/AgentRuns/RUNTIME_EXECUTION_2026-09-06/IMPLEMENTATION/REVIEW/REVIEWER_PIN/resume-reviewer-repro.test.ts.source",
    "projects/chirality-runtime/execution/_Coordination/AgentRuns/RUNTIME_EXECUTION_2026-09-06/IMPLEMENTATION/REVIEW/ROOT_BINDING_DELTA/ARTIFACTS.sha256",
    "projects/chirality-runtime/execution/_Coordination/AgentRuns/RUNTIME_EXECUTION_2026-09-06/IMPLEMENTATION/REVIEW/ROOT_BINDING_DELTA/RETURN.md",
    "projects/chirality-runtime/execution/_Coordination/AgentRuns/RUNTIME_EXECUTION_2026-09-06/IMPLEMENTATION/REVIEW/ROOT_BINDING_DELTA/SOURCE_HASHES.json",
    "projects/chirality-runtime/execution/_Coordination/AgentRuns/RUNTIME_EXECUTION_2026-09-06/IMPLEMENTATION/REVIEW/SSL_IMMUTABLE_READ/BRIEF.md",
    "projects/chirality-runtime/execution/_Coordination/AgentRuns/RUNTIME_EXECUTION_2026-09-06/IMPLEMENTATION/REVIEW/SSL_IMMUTABLE_READ/METADATA_REPRO.log",
    "projects/chirality-runtime/execution/_Coordination/AgentRuns/RUNTIME_EXECUTION_2026-09-06/IMPLEMENTATION/REVIEW/SSL_IMMUTABLE_READ/RENAME_MAP.json",
    "projects/chirality-runtime/execution/_Coordination/AgentRuns/RUNTIME_EXECUTION_2026-09-06/IMPLEMENTATION/REVIEW/SSL_IMMUTABLE_READ/REPAIR_01/BRIEF.md",
    "projects/chirality-runtime/execution/_Coordination/AgentRuns/RUNTIME_EXECUTION_2026-09-06/IMPLEMENTATION/REVIEW/SSL_IMMUTABLE_READ/REPAIR_01/RENAME_MAP.json",
    "projects/chirality-runtime/execution/_Coordination/AgentRuns/RUNTIME_EXECUTION_2026-09-06/IMPLEMENTATION/REVIEW/SSL_IMMUTABLE_READ/REPAIR_01/RETURN.md",
    "projects/chirality-runtime/execution/_Coordination/AgentRuns/RUNTIME_EXECUTION_2026-09-06/IMPLEMENTATION/REVIEW/SSL_IMMUTABLE_READ/REPAIR_01/SEAL.json",
    "projects/chirality-runtime/execution/_Coordination/AgentRuns/RUNTIME_EXECUTION_2026-09-06/IMPLEMENTATION/REVIEW/SSL_IMMUTABLE_READ/REPAIR_01/SOURCE_DRIFT.json",
    "projects/chirality-runtime/execution/_Coordination/AgentRuns/RUNTIME_EXECUTION_2026-09-06/IMPLEMENTATION/REVIEW/SSL_IMMUTABLE_READ/REPAIR_01/SOURCE_PINS.json",
    "projects/chirality-runtime/execution/_Coordination/AgentRuns/RUNTIME_EXECUTION_2026-09-06/IMPLEMENTATION/REVIEW/SSL_IMMUTABLE_READ/REPAIR_01/TESTS.log",
    "projects/chirality-runtime/execution/_Coordination/AgentRuns/RUNTIME_EXECUTION_2026-09-06/IMPLEMENTATION/REVIEW/SSL_IMMUTABLE_READ/REPAIR_01/metadata-repro.test.ts.source",
    "projects/chirality-runtime/execution/_Coordination/AgentRuns/RUNTIME_EXECUTION_2026-09-06/IMPLEMENTATION/REVIEW/SSL_IMMUTABLE_READ/RETURN.md",
    "projects/chirality-runtime/execution/_Coordination/AgentRuns/RUNTIME_EXECUTION_2026-09-06/IMPLEMENTATION/REVIEW/SSL_IMMUTABLE_READ/SEAL.json",
    "projects/chirality-runtime/execution/_Coordination/AgentRuns/RUNTIME_EXECUTION_2026-09-06/IMPLEMENTATION/REVIEW/SSL_IMMUTABLE_READ/SOURCE_DRIFT.json",
    "projects/chirality-runtime/execution/_Coordination/AgentRuns/RUNTIME_EXECUTION_2026-09-06/IMPLEMENTATION/REVIEW/SSL_IMMUTABLE_READ/SOURCE_PINS.json",
    "projects/chirality-runtime/execution/_Coordination/AgentRuns/RUNTIME_EXECUTION_2026-09-06/IMPLEMENTATION/REVIEW/SSL_IMMUTABLE_READ/SYSTEM_FILE_OBSERVATION.json",
    "projects/chirality-runtime/execution/_Coordination/AgentRuns/RUNTIME_EXECUTION_2026-09-06/IMPLEMENTATION/REVIEW/SSL_IMMUTABLE_READ/metadata-repro.test.ts.source",
    "projects/chirality-runtime/execution/_Coordination/AgentRuns/RUNTIME_EXECUTION_2026-09-06/IMPLEMENTATION/REVIEW/SUPPLIER_CANDIDATE_2/BRIEF.md",
    "projects/chirality-runtime/execution/_Coordination/AgentRuns/RUNTIME_EXECUTION_2026-09-06/IMPLEMENTATION/REVIEW/SUPPLIER_CANDIDATE_2/DESIGN.md",
    "projects/chirality-runtime/execution/_Coordination/AgentRuns/RUNTIME_EXECUTION_2026-09-06/IMPLEMENTATION/REVIEW/SUPPLIER_CANDIDATE_2/PROPOSED_NETWORK.patch",
    "projects/chirality-runtime/execution/_Coordination/AgentRuns/RUNTIME_EXECUTION_2026-09-06/IMPLEMENTATION/REVIEW/SUPPLIER_CANDIDATE_2/PROPOSED_NO_SESSION_TEST.patch",
    "projects/chirality-runtime/execution/_Coordination/AgentRuns/RUNTIME_EXECUTION_2026-09-06/IMPLEMENTATION/REVIEW/SUPPLIER_CANDIDATE_2/PROPOSED_TEST.patch",
    "projects/chirality-runtime/execution/_Coordination/AgentRuns/RUNTIME_EXECUTION_2026-09-06/IMPLEMENTATION/REVIEW/SUPPLIER_CANDIDATE_2/RETURN.md",
    "projects/chirality-runtime/execution/_Coordination/AgentRuns/RUNTIME_EXECUTION_2026-09-06/IMPLEMENTATION/REVIEW/SUPPLIER_CANDIDATE_2/SEAL.json",
    "projects/chirality-runtime/execution/_Coordination/AgentRuns/RUNTIME_EXECUTION_2026-09-06/IMPLEMENTATION/REVIEW/SUPPLIER_CANDIDATE_2/SOURCE_PINS.json",
    "projects/chirality-runtime/execution/_Coordination/AgentRuns/RUNTIME_EXECUTION_2026-09-06/IMPLEMENTATION/REVIEW/SUPPLIER_CANDIDATE_2/core__src__config__mod.rs.gz",
    "projects/chirality-runtime/execution/_Coordination/AgentRuns/RUNTIME_EXECUTION_2026-09-06/IMPLEMENTATION/REVIEW/SUPPLIER_CANDIDATE_2/core__src__config__network_proxy_spec.rs.gz",
    "projects/chirality-runtime/execution/_Coordination/AgentRuns/RUNTIME_EXECUTION_2026-09-06/IMPLEMENTATION/REVIEW/SUPPLIER_CANDIDATE_2/core__src__session__session.rs.gz",
    "projects/chirality-runtime/execution/_Coordination/AgentRuns/RUNTIME_EXECUTION_2026-09-06/IMPLEMENTATION/REVIEW/SUPPLIER_CANDIDATE_2/core__src__tools__network_approval.rs.gz",
    "projects/chirality-runtime/execution/_Coordination/AgentRuns/RUNTIME_EXECUTION_2026-09-06/IMPLEMENTATION/REVIEW/SUPPLIER_CANDIDATE_2/network-proxy__src__network_policy.rs.gz",
    "projects/chirality-runtime/execution/_Coordination/AgentRuns/RUNTIME_EXECUTION_2026-09-06/IMPLEMENTATION/REVIEW/adversarial-repro.json",
    "projects/chirality-runtime/execution/_Coordination/AgentRuns/RUNTIME_EXECUTION_2026-09-06/IMPLEMENTATION/REVIEW/adversarial-repro.mjs",
    "projects/chirality-runtime/execution/_Coordination/AgentRuns/RUNTIME_EXECUTION_2026-09-06/IMPLEMENTATION/REVIEW/final-admission-backcheck.log",
    "projects/chirality-runtime/execution/_Coordination/AgentRuns/RUNTIME_EXECUTION_2026-09-06/IMPLEMENTATION/REVIEW/final-focused-backcheck.log",
    "projects/chirality-runtime/execution/_Coordination/AgentRuns/RUNTIME_EXECUTION_2026-09-06/IMPLEMENTATION/REVIEW/focused-checks-unsandboxed.log",
    "projects/chirality-runtime/execution/_Coordination/AgentRuns/RUNTIME_EXECUTION_2026-09-06/IMPLEMENTATION/REVIEW/focused-checks.log",
    "projects/chirality-runtime/execution/_Coordination/AgentRuns/RUNTIME_EXECUTION_2026-09-06/IMPLEMENTATION/REVIEW/full-runtime-backcheck.log",
    "projects/chirality-runtime/execution/_Coordination/AgentRuns/RUNTIME_EXECUTION_2026-09-06/IMPLEMENTATION/SESSION_HANDOFF.md",
    "projects/chirality-runtime/execution/_Coordination/AgentRuns/RUNTIME_EXECUTION_2026-09-06/IMPLEMENTATION/SESSION_HANDOFF.sha256",
    "projects/chirality-runtime/execution/_Coordination/AgentRuns/RUNTIME_EXECUTION_2026-09-06/IMPLEMENTATION/SESSION_SOURCE_STATE.json",
    "projects/chirality-runtime/execution/_Coordination/AgentRuns/RUNTIME_EXECUTION_2026-09-06/IMPLEMENTATION/STANDALONE/ARTIFACTS.sha256",
    "projects/chirality-runtime/execution/_Coordination/AgentRuns/RUNTIME_EXECUTION_2026-09-06/IMPLEMENTATION/STANDALONE/BRIEF.md",
    "projects/chirality-runtime/execution/_Coordination/AgentRuns/RUNTIME_EXECUTION_2026-09-06/IMPLEMENTATION/STANDALONE/OUTPUTS.json",
    "projects/chirality-runtime/execution/_Coordination/AgentRuns/RUNTIME_EXECUTION_2026-09-06/IMPLEMENTATION/STANDALONE/RETURN.md",
    "projects/chirality-runtime/execution/_Coordination/AgentRuns/RUNTIME_EXECUTION_2026-09-06/IMPLEMENTATION/SUPERVISOR/ARTIFACTS.sha256",
    "projects/chirality-runtime/execution/_Coordination/AgentRuns/RUNTIME_EXECUTION_2026-09-06/IMPLEMENTATION/SUPERVISOR/BRIEF.md",
    "projects/chirality-runtime/execution/_Coordination/AgentRuns/RUNTIME_EXECUTION_2026-09-06/IMPLEMENTATION/SUPERVISOR/CHECKS.json",
    "projects/chirality-runtime/execution/_Coordination/AgentRuns/RUNTIME_EXECUTION_2026-09-06/IMPLEMENTATION/SUPERVISOR/OUTPUTS.sha256",
    "projects/chirality-runtime/execution/_Coordination/AgentRuns/RUNTIME_EXECUTION_2026-09-06/IMPLEMENTATION/SUPERVISOR/READ_SOURCES.json",
    "projects/chirality-runtime/execution/_Coordination/AgentRuns/RUNTIME_EXECUTION_2026-09-06/IMPLEMENTATION/SUPERVISOR/RETURN.md",
    "projects/chirality-runtime/execution/_Coordination/AgentRuns/RUNTIME_EXECUTION_2026-09-06/IMPLEMENTATION/SUPPLY/ARTIFACTS.sha256",
    "projects/chirality-runtime/execution/_Coordination/AgentRuns/RUNTIME_EXECUTION_2026-09-06/IMPLEMENTATION/SUPPLY/BRIEF.md",
    "projects/chirality-runtime/execution/_Coordination/AgentRuns/RUNTIME_EXECUTION_2026-09-06/IMPLEMENTATION/SUPPLY/OUTPUTS.json",
    "projects/chirality-runtime/execution/_Coordination/AgentRuns/RUNTIME_EXECUTION_2026-09-06/IMPLEMENTATION/SUPPLY/RETURN.md",
    "projects/chirality-runtime/execution/_Coordination/AgentRuns/RUNTIME_EXECUTION_2026-09-06/IMPLEMENTATION/V2_POLICY/ARTIFACTS.sha256",
    "projects/chirality-runtime/execution/_Coordination/AgentRuns/RUNTIME_EXECUTION_2026-09-06/IMPLEMENTATION/V2_POLICY/BRIEF.md",
    "projects/chirality-runtime/execution/_Coordination/AgentRuns/RUNTIME_EXECUTION_2026-09-06/IMPLEMENTATION/V2_POLICY/OUTPUTS.json",
    "projects/chirality-runtime/execution/_Coordination/AgentRuns/RUNTIME_EXECUTION_2026-09-06/IMPLEMENTATION/V2_POLICY/RETURN.md",
    "projects/chirality-runtime/execution/_Coordination/AgentRuns/RUNTIME_EXECUTION_2026-09-06/IMPLEMENTATION/V2_POLICY/tests.log",
    "projects/chirality-runtime/execution/_Coordination/AgentRuns/RUNTIME_EXECUTION_2026-09-06/IMPLEMENTATION/V2_POLICY/typecheck.log",
    "projects/chirality-runtime/execution/_Coordination/AgentRuns/RUNTIME_EXECUTION_2026-09-06/IMPLEMENTATION/cli-approval-repaired-final.log",
    "projects/chirality-runtime/execution/_Coordination/AgentRuns/RUNTIME_EXECUTION_2026-09-06/IMPLEMENTATION/cli-approval-repaired.log",
    "projects/chirality-runtime/execution/_Coordination/AgentRuns/RUNTIME_EXECUTION_2026-09-06/IMPLEMENTATION/codex-actual-offline.json",
    "projects/chirality-runtime/execution/_Coordination/AgentRuns/RUNTIME_EXECUTION_2026-09-06/IMPLEMENTATION/integration-repaired.log",
    "projects/chirality-runtime/execution/_Coordination/AgentRuns/RUNTIME_EXECUTION_2026-09-06/IMPLEMENTATION/on-cli-suite.log",
    "projects/chirality-runtime/execution/_Coordination/AgentRuns/RUNTIME_EXECUTION_2026-09-06/IMPLEMENTATION/repair-suite-final.log",
    "projects/chirality-runtime/execution/_Coordination/AgentRuns/RUNTIME_EXECUTION_2026-09-06/IMPLEMENTATION/repair-suite.log",
    "projects/chirality-runtime/execution/_Coordination/AgentRuns/RUNTIME_EXECUTION_2026-09-06/IMPLEMENTATION/runtime-tests-first.log",
    "projects/chirality-runtime/execution/_Coordination/AgentRuns/RUNTIME_EXECUTION_2026-09-06/IMPLEMENTATION/runtime-tests-integrated.log",
    "projects/chirality-runtime/execution/_Coordination/AgentRuns/RUNTIME_EXECUTION_2026-09-06/IMPLEMENTATION/tracker-integration-first.log",
    "projects/chirality-runtime/execution/_Coordination/AgentRuns/RUNTIME_EXECUTION_2026-09-06/IMPLEMENTATION/tracker-integration-repaired.log",
    "projects/chirality-runtime/execution/_Coordination/AgentRuns/RUNTIME_EXECUTION_2026-09-06/IMPLEMENTATION_AMENDMENT_1.json",
    "projects/chirality-runtime/execution/_Coordination/AgentRuns/RUNTIME_EXECUTION_2026-09-06/IMPLEMENTATION_AMENDMENT_10.json",
    "projects/chirality-runtime/execution/_Coordination/AgentRuns/RUNTIME_EXECUTION_2026-09-06/IMPLEMENTATION_AMENDMENT_11.json",
    "projects/chirality-runtime/execution/_Coordination/AgentRuns/RUNTIME_EXECUTION_2026-09-06/IMPLEMENTATION_AMENDMENT_12.json",
    "projects/chirality-runtime/execution/_Coordination/AgentRuns/RUNTIME_EXECUTION_2026-09-06/IMPLEMENTATION_AMENDMENT_13.json",
    "projects/chirality-runtime/execution/_Coordination/AgentRuns/RUNTIME_EXECUTION_2026-09-06/IMPLEMENTATION_AMENDMENT_14.json",
    "projects/chirality-runtime/execution/_Coordination/AgentRuns/RUNTIME_EXECUTION_2026-09-06/IMPLEMENTATION_AMENDMENT_2.json",
    "projects/chirality-runtime/execution/_Coordination/AgentRuns/RUNTIME_EXECUTION_2026-09-06/IMPLEMENTATION_AMENDMENT_3.json",
    "projects/chirality-runtime/execution/_Coordination/AgentRuns/RUNTIME_EXECUTION_2026-09-06/IMPLEMENTATION_AMENDMENT_4.json",
    "projects/chirality-runtime/execution/_Coordination/AgentRuns/RUNTIME_EXECUTION_2026-09-06/IMPLEMENTATION_AMENDMENT_5.json",
    "projects/chirality-runtime/execution/_Coordination/AgentRuns/RUNTIME_EXECUTION_2026-09-06/IMPLEMENTATION_AMENDMENT_6.json",
    "projects/chirality-runtime/execution/_Coordination/AgentRuns/RUNTIME_EXECUTION_2026-09-06/IMPLEMENTATION_AMENDMENT_7.json",
    "projects/chirality-runtime/execution/_Coordination/AgentRuns/RUNTIME_EXECUTION_2026-09-06/IMPLEMENTATION_AMENDMENT_8.json",
    "projects/chirality-runtime/execution/_Coordination/AgentRuns/RUNTIME_EXECUTION_2026-09-06/IMPLEMENTATION_AMENDMENT_9.json",
    "projects/chirality-runtime/execution/_Coordination/AgentRuns/RUNTIME_EXECUTION_2026-09-06/IMPLEMENTATION_RELEASE.json",
    "projects/chirality-runtime/execution/_Coordination/AgentRuns/RUNTIME_EXECUTION_2026-09-06/INTEGRATION_RELEASE.json",
    "projects/chirality-runtime/execution/_Coordination/AgentRuns/RUNTIME_EXECUTION_2026-09-06/LOCAL_PROVIDER_AUTHORIZATION.json",
    "projects/chirality-runtime/execution/_Coordination/AgentRuns/RUNTIME_EXECUTION_2026-09-06/NATIVE_TOPOLOGY_RESOLUTION.md",
    "projects/chirality-runtime/execution/_Coordination/AgentRuns/RUNTIME_EXECUTION_2026-09-06/ORCHESTRATION_PLAN.md",
    "projects/chirality-runtime/execution/_Coordination/AgentRuns/RUNTIME_EXECUTION_2026-09-06/OWNER_DIRECTION.md",
    "projects/chirality-runtime/execution/_Coordination/AgentRuns/RUNTIME_EXECUTION_2026-09-06/PARENT_CHECKS/0.log",
    "projects/chirality-runtime/execution/_Coordination/AgentRuns/RUNTIME_EXECUTION_2026-09-06/PARENT_CHECKS/1.log",
    "projects/chirality-runtime/execution/_Coordination/AgentRuns/RUNTIME_EXECUTION_2026-09-06/PARENT_CHECKS/2.log",
    "projects/chirality-runtime/execution/_Coordination/AgentRuns/RUNTIME_EXECUTION_2026-09-06/PARENT_CHECKS/3.log",
    "projects/chirality-runtime/execution/_Coordination/AgentRuns/RUNTIME_EXECUTION_2026-09-06/PARENT_CHECKS/4.log",
    "projects/chirality-runtime/execution/_Coordination/AgentRuns/RUNTIME_EXECUTION_2026-09-06/PARENT_CHECKS/5.log",
    "projects/chirality-runtime/execution/_Coordination/AgentRuns/RUNTIME_EXECUTION_2026-09-06/PARENT_CHECKS/6.log",
    "projects/chirality-runtime/execution/_Coordination/AgentRuns/RUNTIME_EXECUTION_2026-09-06/PARENT_CHECKS/7.log",
    "projects/chirality-runtime/execution/_Coordination/AgentRuns/RUNTIME_EXECUTION_2026-09-06/PARENT_CHECKS/8.log",
    "projects/chirality-runtime/execution/_Coordination/AgentRuns/RUNTIME_EXECUTION_2026-09-06/PARENT_CHECKS/ACCEPTED_BASIS_CHECK.json",
    "projects/chirality-runtime/execution/_Coordination/AgentRuns/RUNTIME_EXECUTION_2026-09-06/PARENT_CHECKS/CURRENTNESS_2026-09-06.json",
    "projects/chirality-runtime/execution/_Coordination/AgentRuns/RUNTIME_EXECUTION_2026-09-06/PARENT_CHECKS/EXACT_LOCAL_DISCOVERY/ASK_1/MANIFEST.json",
    "projects/chirality-runtime/execution/_Coordination/AgentRuns/RUNTIME_EXECUTION_2026-09-06/PARENT_CHECKS/EXACT_LOCAL_DISCOVERY/ASK_1/RESULT.json",
    "projects/chirality-runtime/execution/_Coordination/AgentRuns/RUNTIME_EXECUTION_2026-09-06/PARENT_CHECKS/EXACT_LOCAL_DISCOVERY/MANIFEST.json",
    "projects/chirality-runtime/execution/_Coordination/AgentRuns/RUNTIME_EXECUTION_2026-09-06/PARENT_CHECKS/EXACT_LOCAL_DISCOVERY/ON_1/MANIFEST.json",
    "projects/chirality-runtime/execution/_Coordination/AgentRuns/RUNTIME_EXECUTION_2026-09-06/PARENT_CHECKS/EXACT_LOCAL_DISCOVERY/ON_1/RESULT.json",
    "projects/chirality-runtime/execution/_Coordination/AgentRuns/RUNTIME_EXECUTION_2026-09-06/PARENT_CHECKS/EXACT_LOCAL_DISCOVERY/discovery-1.json",
    "projects/chirality-runtime/execution/_Coordination/AgentRuns/RUNTIME_EXECUTION_2026-09-06/PARENT_CHECKS/EXACT_LOCAL_DISCOVERY/discovery-2.json",
    "projects/chirality-runtime/execution/_Coordination/AgentRuns/RUNTIME_EXECUTION_2026-09-06/PARENT_CHECKS/EXACT_LOCAL_DISCOVERY/discovery-3.json",
    "projects/chirality-runtime/execution/_Coordination/AgentRuns/RUNTIME_EXECUTION_2026-09-06/PARENT_CHECKS/EXACT_LOCAL_DISCOVERY/discovery-4.json",
    "projects/chirality-runtime/execution/_Coordination/AgentRuns/RUNTIME_EXECUTION_2026-09-06/PARENT_CHECKS/EXACT_LOCAL_DISCOVERY/discovery-5.json",
    "projects/chirality-runtime/execution/_Coordination/AgentRuns/RUNTIME_EXECUTION_2026-09-06/PARENT_CHECKS/EXACT_LOCAL_DISCOVERY/discovery-6.json",
    "projects/chirality-runtime/execution/_Coordination/AgentRuns/RUNTIME_EXECUTION_2026-09-06/PARENT_CHECKS/EXACT_LOCAL_DISCOVERY/discovery-7.json",
    "projects/chirality-runtime/execution/_Coordination/AgentRuns/RUNTIME_EXECUTION_2026-09-06/PARENT_CHECKS/EXACT_LOCAL_DISCOVERY/discovery-8.json",
    "projects/chirality-runtime/execution/_Coordination/AgentRuns/RUNTIME_EXECUTION_2026-09-06/PARENT_CHECKS/EXACT_LOCAL_DISCOVERY/dynamic-1.json",
    "projects/chirality-runtime/execution/_Coordination/AgentRuns/RUNTIME_EXECUTION_2026-09-06/PARENT_CHECKS/EXACT_LOCAL_DISCOVERY/exercise-1.json",
    "projects/chirality-runtime/execution/_Coordination/AgentRuns/RUNTIME_EXECUTION_2026-09-06/PARENT_CHECKS/EXACT_LOCAL_DISCOVERY/exercise-2-crash-summary.json",
    "projects/chirality-runtime/execution/_Coordination/AgentRuns/RUNTIME_EXECUTION_2026-09-06/PARENT_CHECKS/EXACT_LOCAL_DISCOVERY/exercise-2.json",
    "projects/chirality-runtime/execution/_Coordination/AgentRuns/RUNTIME_EXECUTION_2026-09-06/PARENT_CHECKS/EXACT_LOCAL_DISCOVERY/exercise-3.json",
    "projects/chirality-runtime/execution/_Coordination/AgentRuns/RUNTIME_EXECUTION_2026-09-06/PARENT_CHECKS/EXACT_LOCAL_DISCOVERY/literal-root-RESULTS.json",
    "projects/chirality-runtime/execution/_Coordination/AgentRuns/RUNTIME_EXECUTION_2026-09-06/PARENT_CHECKS/EXACT_LOCAL_DISCOVERY/literal-root-both.sb",
    "projects/chirality-runtime/execution/_Coordination/AgentRuns/RUNTIME_EXECUTION_2026-09-06/PARENT_CHECKS/EXACT_LOCAL_DISCOVERY/literal-root-data.sb",
    "projects/chirality-runtime/execution/_Coordination/AgentRuns/RUNTIME_EXECUTION_2026-09-06/PARENT_CHECKS/EXACT_LOCAL_DISCOVERY/literal-root-none.sb",
    "projects/chirality-runtime/execution/_Coordination/AgentRuns/RUNTIME_EXECUTION_2026-09-06/PARENT_CHECKS/EXACT_LOCAL_DISCOVERY/system-diagnostic-1.json",
    "projects/chirality-runtime/execution/_Coordination/AgentRuns/RUNTIME_EXECUTION_2026-09-06/PARENT_CHECKS/LIVE_PI/EXACT_MANAGED_1/EXACT_MANAGED_PI.json",
    "projects/chirality-runtime/execution/_Coordination/AgentRuns/RUNTIME_EXECUTION_2026-09-06/PARENT_CHECKS/LIVE_PI/EXACT_MANAGED_1/MANIFEST.json",
    "projects/chirality-runtime/execution/_Coordination/AgentRuns/RUNTIME_EXECUTION_2026-09-06/PARENT_CHECKS/LIVE_PI/MANAGED_1/MANIFEST.json",
    "projects/chirality-runtime/execution/_Coordination/AgentRuns/RUNTIME_EXECUTION_2026-09-06/PARENT_CHECKS/LIVE_PI/MANAGED_1/PI_LIVE_MANAGED_INTEGRATION.json",
    "projects/chirality-runtime/execution/_Coordination/AgentRuns/RUNTIME_EXECUTION_2026-09-06/PARENT_CHECKS/LIVE_PI/MANAGED_1/SOURCE_BEFORE.json",
    "projects/chirality-runtime/execution/_Coordination/AgentRuns/RUNTIME_EXECUTION_2026-09-06/PARENT_CHECKS/LIVE_PI/MANAGED_1/SOURCE_STABILITY.json",
    "projects/chirality-runtime/execution/_Coordination/AgentRuns/RUNTIME_EXECUTION_2026-09-06/PARENT_CHECKS/LIVE_PI/MANIFEST.json",
    "projects/chirality-runtime/execution/_Coordination/AgentRuns/RUNTIME_EXECUTION_2026-09-06/PARENT_CHECKS/LIVE_PI/live-1.json",
    "projects/chirality-runtime/execution/_Coordination/AgentRuns/RUNTIME_EXECUTION_2026-09-06/PARENT_CHECKS/LIVE_PI/live-2.json",
    "projects/chirality-runtime/execution/_Coordination/AgentRuns/RUNTIME_EXECUTION_2026-09-06/PARENT_CHECKS/OMLX_LOCAL_SMOKE.json",
    "projects/chirality-runtime/execution/_Coordination/AgentRuns/RUNTIME_EXECUTION_2026-09-06/PARENT_CHECKS/PACKAGING/ORIGINAL_BYTES.json",
    "projects/chirality-runtime/execution/_Coordination/AgentRuns/RUNTIME_EXECUTION_2026-09-06/PARENT_CHECKS/PACKAGING/README.md",
    "projects/chirality-runtime/execution/_Coordination/AgentRuns/RUNTIME_EXECUTION_2026-09-06/PARENT_CHECKS/PR_FINAL/0.log",
    "projects/chirality-runtime/execution/_Coordination/AgentRuns/RUNTIME_EXECUTION_2026-09-06/PARENT_CHECKS/PR_FINAL/1.log",
    "projects/chirality-runtime/execution/_Coordination/AgentRuns/RUNTIME_EXECUTION_2026-09-06/PARENT_CHECKS/PR_FINAL/2.log",
    "projects/chirality-runtime/execution/_Coordination/AgentRuns/RUNTIME_EXECUTION_2026-09-06/PARENT_CHECKS/PR_FINAL/3.log",
    "projects/chirality-runtime/execution/_Coordination/AgentRuns/RUNTIME_EXECUTION_2026-09-06/PARENT_CHECKS/PR_FINAL/5.log",
    "projects/chirality-runtime/execution/_Coordination/AgentRuns/RUNTIME_EXECUTION_2026-09-06/PARENT_CHECKS/PR_FINAL/6.log",
    "projects/chirality-runtime/execution/_Coordination/AgentRuns/RUNTIME_EXECUTION_2026-09-06/PARENT_CHECKS/PR_FINAL/7.log",
    "projects/chirality-runtime/execution/_Coordination/AgentRuns/RUNTIME_EXECUTION_2026-09-06/PARENT_CHECKS/REGISTERED_INITIAL_ATTEMPT.json",
    "projects/chirality-runtime/execution/_Coordination/AgentRuns/RUNTIME_EXECUTION_2026-09-06/PARENT_CHECKS/RESULTS_INITIAL.json",
    "projects/chirality-runtime/execution/_Coordination/AgentRuns/RUNTIME_EXECUTION_2026-09-06/PARENT_CHECKS/SESSION_CHECKPOINT/FILES.json",
    "projects/chirality-runtime/execution/_Coordination/AgentRuns/RUNTIME_EXECUTION_2026-09-06/PARENT_CHECKS/SUPPLIER_COMPARISON/BASELINE_1/MANIFEST.json",
    "projects/chirality-runtime/execution/_Coordination/AgentRuns/RUNTIME_EXECUTION_2026-09-06/PARENT_CHECKS/SUPPLIER_COMPARISON/BASELINE_1/RESULT.json",
    "projects/chirality-runtime/execution/_Coordination/AgentRuns/RUNTIME_EXECUTION_2026-09-06/PARENT_CHECKS/SUPPLIER_COMPARISON/BOUNDARY_1/CHECK.json",
    "projects/chirality-runtime/execution/_Coordination/AgentRuns/RUNTIME_EXECUTION_2026-09-06/PARENT_CHECKS/SUPPLIER_COMPARISON/BOUNDARY_1/EXACT_BOUNDARY_P1.json",
    "projects/chirality-runtime/execution/_Coordination/AgentRuns/RUNTIME_EXECUTION_2026-09-06/PARENT_CHECKS/SUPPLIER_COMPARISON/BOUNDARY_1/output.log",
    "projects/chirality-runtime/execution/_Coordination/AgentRuns/RUNTIME_EXECUTION_2026-09-06/PARENT_CHECKS/SUPPLIER_COMPARISON/FILE_CHANGE_1/CHECK.json",
    "projects/chirality-runtime/execution/_Coordination/AgentRuns/RUNTIME_EXECUTION_2026-09-06/PARENT_CHECKS/SUPPLIER_COMPARISON/FILE_CHANGE_1/RESULT.json",
    "projects/chirality-runtime/execution/_Coordination/AgentRuns/RUNTIME_EXECUTION_2026-09-06/PARENT_CHECKS/SUPPLIER_COMPARISON/FILE_CHANGE_1/output.log",
    "projects/chirality-runtime/execution/_Coordination/AgentRuns/RUNTIME_EXECUTION_2026-09-06/PARENT_CHECKS/SUPPLIER_COMPARISON/FILE_CHANGE_2/CHECK.json",
    "projects/chirality-runtime/execution/_Coordination/AgentRuns/RUNTIME_EXECUTION_2026-09-06/PARENT_CHECKS/SUPPLIER_COMPARISON/FILE_CHANGE_2/MANIFEST.json",
    "projects/chirality-runtime/execution/_Coordination/AgentRuns/RUNTIME_EXECUTION_2026-09-06/PARENT_CHECKS/SUPPLIER_COMPARISON/FILE_CHANGE_2/RESULT.json",
    "projects/chirality-runtime/execution/_Coordination/AgentRuns/RUNTIME_EXECUTION_2026-09-06/PARENT_CHECKS/SUPPLIER_COMPARISON/FILE_CHANGE_2/output.log",
    "projects/chirality-runtime/execution/_Coordination/AgentRuns/RUNTIME_EXECUTION_2026-09-06/PARENT_CHECKS/SUPPLIER_COMPARISON/NETWORK_ASK_ALLOW_1/CHECK.json",
    "projects/chirality-runtime/execution/_Coordination/AgentRuns/RUNTIME_EXECUTION_2026-09-06/PARENT_CHECKS/SUPPLIER_COMPARISON/NETWORK_ASK_ALLOW_1/RESULT.json",
    "projects/chirality-runtime/execution/_Coordination/AgentRuns/RUNTIME_EXECUTION_2026-09-06/PARENT_CHECKS/SUPPLIER_COMPARISON/NETWORK_ASK_ALLOW_1/output.log",
    "projects/chirality-runtime/execution/_Coordination/AgentRuns/RUNTIME_EXECUTION_2026-09-06/PARENT_CHECKS/SUPPLIER_COMPARISON/NETWORK_CONTROL_ASSESSMENT_1.json",
    "projects/chirality-runtime/execution/_Coordination/AgentRuns/RUNTIME_EXECUTION_2026-09-06/PARENT_CHECKS/SUPPLIER_COMPARISON/NETWORK_OFF_1/CHECK.json",
    "projects/chirality-runtime/execution/_Coordination/AgentRuns/RUNTIME_EXECUTION_2026-09-06/PARENT_CHECKS/SUPPLIER_COMPARISON/NETWORK_OFF_1/RESULT.json",
    "projects/chirality-runtime/execution/_Coordination/AgentRuns/RUNTIME_EXECUTION_2026-09-06/PARENT_CHECKS/SUPPLIER_COMPARISON/NETWORK_OFF_1/output.log",
    "projects/chirality-runtime/execution/_Coordination/AgentRuns/RUNTIME_EXECUTION_2026-09-06/PARENT_CHECKS/SUPPLIER_COMPARISON/NETWORK_ON_1/CHECK.json",
    "projects/chirality-runtime/execution/_Coordination/AgentRuns/RUNTIME_EXECUTION_2026-09-06/PARENT_CHECKS/SUPPLIER_COMPARISON/NETWORK_ON_1/RESULT.json",
    "projects/chirality-runtime/execution/_Coordination/AgentRuns/RUNTIME_EXECUTION_2026-09-06/PARENT_CHECKS/SUPPLIER_COMPARISON/NETWORK_ON_1/output.log",
    "projects/chirality-runtime/execution/_Coordination/AgentRuns/RUNTIME_EXECUTION_2026-09-06/PARENT_CHECKS/SUPPLIER_COMPARISON/NETWORK_ON_2/CHECK.json",
    "projects/chirality-runtime/execution/_Coordination/AgentRuns/RUNTIME_EXECUTION_2026-09-06/PARENT_CHECKS/SUPPLIER_COMPARISON/NETWORK_ON_2/RESULT.json",
    "projects/chirality-runtime/execution/_Coordination/AgentRuns/RUNTIME_EXECUTION_2026-09-06/PARENT_CHECKS/SUPPLIER_COMPARISON/NETWORK_ON_2/output.log",
    "projects/chirality-runtime/execution/_Coordination/AgentRuns/RUNTIME_EXECUTION_2026-09-06/PARENT_CHECKS/SUPPLIER_COMPARISON/NETWORK_ON_3/CHECK.json",
    "projects/chirality-runtime/execution/_Coordination/AgentRuns/RUNTIME_EXECUTION_2026-09-06/PARENT_CHECKS/SUPPLIER_COMPARISON/NETWORK_ON_3/RESULT.json",
    "projects/chirality-runtime/execution/_Coordination/AgentRuns/RUNTIME_EXECUTION_2026-09-06/PARENT_CHECKS/SUPPLIER_COMPARISON/NETWORK_ON_3/output.log",
    "projects/chirality-runtime/execution/_Coordination/AgentRuns/RUNTIME_EXECUTION_2026-09-06/PARENT_CHECKS/SUPPLIER_COMPARISON/PATCHED_1/CHECK.json",
    "projects/chirality-runtime/execution/_Coordination/AgentRuns/RUNTIME_EXECUTION_2026-09-06/PARENT_CHECKS/SUPPLIER_COMPARISON/PATCHED_1/MANIFEST.json",
    "projects/chirality-runtime/execution/_Coordination/AgentRuns/RUNTIME_EXECUTION_2026-09-06/PARENT_CHECKS/SUPPLIER_COMPARISON/PATCHED_1/RESULT.json",
    "projects/chirality-runtime/execution/_Coordination/AgentRuns/RUNTIME_EXECUTION_2026-09-06/PARENT_CHECKS/SUPPLIER_COMPARISON/PATCHED_1/output.log",
    "projects/chirality-runtime/execution/_Coordination/AgentRuns/RUNTIME_EXECUTION_2026-09-06/PARENT_CHECKS/SUPPLIER_COMPARISON/PROCESS_NORMAL_1/CHECK.json",
    "projects/chirality-runtime/execution/_Coordination/AgentRuns/RUNTIME_EXECUTION_2026-09-06/PARENT_CHECKS/SUPPLIER_COMPARISON/PROCESS_NORMAL_1/output.log",
    "projects/chirality-runtime/execution/_Coordination/AgentRuns/RUNTIME_EXECUTION_2026-09-06/PARENT_CHECKS/SUPPLIER_COMPARISON/PROCESS_NORMAL_1/process-conformance.json",
    "projects/chirality-runtime/execution/_Coordination/AgentRuns/RUNTIME_EXECUTION_2026-09-06/PARENT_CHECKS/SUPPLIER_COMPARISON/PUBLIC_ASK_ALLOW_1/CHECK.json",
    "projects/chirality-runtime/execution/_Coordination/AgentRuns/RUNTIME_EXECUTION_2026-09-06/PARENT_CHECKS/SUPPLIER_COMPARISON/PUBLIC_ASK_ALLOW_1/RESULT.json",
    "projects/chirality-runtime/execution/_Coordination/AgentRuns/RUNTIME_EXECUTION_2026-09-06/PARENT_CHECKS/SUPPLIER_COMPARISON/PUBLIC_ASK_ALLOW_1/output.log",
    "projects/chirality-runtime/execution/_Coordination/AgentRuns/RUNTIME_EXECUTION_2026-09-06/PARENT_CHECKS/SUPPLIER_COMPARISON/PUBLIC_ASK_ALLOW_2/CHECK.json",
    "projects/chirality-runtime/execution/_Coordination/AgentRuns/RUNTIME_EXECUTION_2026-09-06/PARENT_CHECKS/SUPPLIER_COMPARISON/PUBLIC_ASK_ALLOW_2/RESULT.json",
    "projects/chirality-runtime/execution/_Coordination/AgentRuns/RUNTIME_EXECUTION_2026-09-06/PARENT_CHECKS/SUPPLIER_COMPARISON/PUBLIC_ASK_ALLOW_2/output.log",
    "projects/chirality-runtime/execution/_Coordination/AgentRuns/RUNTIME_EXECUTION_2026-09-06/PARENT_CHECKS/SUPPLIER_COMPARISON/PUBLIC_ASK_ALLOW_3/CHECK.json",
    "projects/chirality-runtime/execution/_Coordination/AgentRuns/RUNTIME_EXECUTION_2026-09-06/PARENT_CHECKS/SUPPLIER_COMPARISON/PUBLIC_ASK_ALLOW_3/RESULT.json",
    "projects/chirality-runtime/execution/_Coordination/AgentRuns/RUNTIME_EXECUTION_2026-09-06/PARENT_CHECKS/SUPPLIER_COMPARISON/PUBLIC_ASK_ALLOW_3/output.log",
    "projects/chirality-runtime/execution/_Coordination/AgentRuns/RUNTIME_EXECUTION_2026-09-06/PARENT_CHECKS/SUPPLIER_COMPARISON/PUBLIC_OFF_1/CHECK.json",
    "projects/chirality-runtime/execution/_Coordination/AgentRuns/RUNTIME_EXECUTION_2026-09-06/PARENT_CHECKS/SUPPLIER_COMPARISON/PUBLIC_OFF_1/RESULT.json",
    "projects/chirality-runtime/execution/_Coordination/AgentRuns/RUNTIME_EXECUTION_2026-09-06/PARENT_CHECKS/SUPPLIER_COMPARISON/PUBLIC_OFF_1/output.log",
    "projects/chirality-runtime/execution/_Coordination/AgentRuns/RUNTIME_EXECUTION_2026-09-06/PARENT_CHECKS/SUPPLIER_COMPARISON/PUBLIC_ON_1/CHECK.json",
    "projects/chirality-runtime/execution/_Coordination/AgentRuns/RUNTIME_EXECUTION_2026-09-06/PARENT_CHECKS/SUPPLIER_COMPARISON/PUBLIC_ON_1/RESULT.json",
    "projects/chirality-runtime/execution/_Coordination/AgentRuns/RUNTIME_EXECUTION_2026-09-06/PARENT_CHECKS/SUPPLIER_COMPARISON/PUBLIC_ON_1/output.log",
    "projects/chirality-runtime/execution/_Coordination/AgentRuns/RUNTIME_EXECUTION_2026-09-06/PARENT_CHECKS/SUPPLIER_COMPARISON/ROLE_1/CHECK.json",
    "projects/chirality-runtime/execution/_Coordination/AgentRuns/RUNTIME_EXECUTION_2026-09-06/PARENT_CHECKS/SUPPLIER_COMPARISON/ROLE_1/EXACT_ROLE_CANARY.json",
    "projects/chirality-runtime/execution/_Coordination/AgentRuns/RUNTIME_EXECUTION_2026-09-06/PARENT_CHECKS/SUPPLIER_COMPARISON/ROLE_1/output.log",
    "projects/chirality-runtime/execution/_Coordination/AgentRuns/RUNTIME_EXECUTION_2026-09-06/PARENT_CHECKS/SUPPLY_MANIFEST_CHECK.json",
    "projects/chirality-runtime/execution/_Coordination/AgentRuns/RUNTIME_EXECUTION_2026-09-06/PARENT_CHECKS/WORKER_PRIVATE_SCOPE_FINDING.json",
    "projects/chirality-runtime/execution/_Coordination/AgentRuns/RUNTIME_EXECUTION_2026-09-06/PARENT_CHECKS/affected.log",
    "projects/chirality-runtime/execution/_Coordination/AgentRuns/RUNTIME_EXECUTION_2026-09-06/PROJECTLESS_CHAT_DESIGN.md",
    "projects/chirality-runtime/execution/_Coordination/AgentRuns/RUNTIME_EXECUTION_2026-09-06/PROJECTLESS_CHAT_ROUTING.json",
    "projects/chirality-runtime/execution/_Coordination/AgentRuns/RUNTIME_EXECUTION_2026-09-06/PROTOCOL_DOCUMENTATION_CHECK.md",
    "projects/chirality-runtime/execution/_Coordination/AgentRuns/RUNTIME_EXECUTION_2026-09-06/PROVIDER_VALIDATION_REQUEST.md",
    "projects/chirality-runtime/execution/_Coordination/AgentRuns/RUNTIME_EXECUTION_2026-09-06/SPEC_FAN_IN.json",
    "projects/chirality-runtime/execution/_Coordination/AgentRuns/RUNTIME_EXECUTION_2026-09-06/SUPPLY_PROBE/ADMISSION_EXTENSION/ARTIFACTS.sha256",
    "projects/chirality-runtime/execution/_Coordination/AgentRuns/RUNTIME_EXECUTION_2026-09-06/SUPPLY_PROBE/ADMISSION_EXTENSION/DOCUMENTATION_BASIS.md",
    "projects/chirality-runtime/execution/_Coordination/AgentRuns/RUNTIME_EXECUTION_2026-09-06/SUPPLY_PROBE/ADMISSION_EXTENSION/POST_EXECUTION_IDENTITY.json",
    "projects/chirality-runtime/execution/_Coordination/AgentRuns/RUNTIME_EXECUTION_2026-09-06/SUPPLY_PROBE/ADMISSION_EXTENSION/RETURN.md",
    "projects/chirality-runtime/execution/_Coordination/AgentRuns/RUNTIME_EXECUTION_2026-09-06/SUPPLY_PROBE/ADMISSION_EXTENSION/SUPPORTED_SANDBOX_INPUT.jsonl",
    "projects/chirality-runtime/execution/_Coordination/AgentRuns/RUNTIME_EXECUTION_2026-09-06/SUPPLY_PROBE/ADMISSION_EXTENSION/SUPPORTED_SANDBOX_RESPONSE.json",
    "projects/chirality-runtime/execution/_Coordination/AgentRuns/RUNTIME_EXECUTION_2026-09-06/SUPPLY_PROBE/ADMISSION_EXTENSION/admission-input.jsonl",
    "projects/chirality-runtime/execution/_Coordination/AgentRuns/RUNTIME_EXECUTION_2026-09-06/SUPPLY_PROBE/ADMISSION_EXTENSION/admission.json",
    "projects/chirality-runtime/execution/_Coordination/AgentRuns/RUNTIME_EXECUTION_2026-09-06/SUPPLY_PROBE/ADMISSION_EXTENSION/admission.py",
    "projects/chirality-runtime/execution/_Coordination/AgentRuns/RUNTIME_EXECUTION_2026-09-06/SUPPLY_PROBE/ADMISSION_EXTENSION/containment-preflight.json",
    "projects/chirality-runtime/execution/_Coordination/AgentRuns/RUNTIME_EXECUTION_2026-09-06/SUPPLY_PROBE/ARTIFACTS.sha256",
    "projects/chirality-runtime/execution/_Coordination/AgentRuns/RUNTIME_EXECUTION_2026-09-06/SUPPLY_PROBE/BASIS.json",
    "projects/chirality-runtime/execution/_Coordination/AgentRuns/RUNTIME_EXECUTION_2026-09-06/SUPPLY_PROBE/COMMAND_CONTAINMENT/ARTIFACTS.sha256",
    "projects/chirality-runtime/execution/_Coordination/AgentRuns/RUNTIME_EXECUTION_2026-09-06/SUPPLY_PROBE/COMMAND_CONTAINMENT/CONTROLS/ARTIFACTS.sha256",
    "projects/chirality-runtime/execution/_Coordination/AgentRuns/RUNTIME_EXECUTION_2026-09-06/SUPPLY_PROBE/COMMAND_CONTAINMENT/CONTROLS/ASSESSMENT.md",
    "projects/chirality-runtime/execution/_Coordination/AgentRuns/RUNTIME_EXECUTION_2026-09-06/SUPPLY_PROBE/COMMAND_CONTAINMENT/CONTROLS/command-devices-input.jsonl",
    "projects/chirality-runtime/execution/_Coordination/AgentRuns/RUNTIME_EXECUTION_2026-09-06/SUPPLY_PROBE/COMMAND_CONTAINMENT/CONTROLS/command-devices.json",
    "projects/chirality-runtime/execution/_Coordination/AgentRuns/RUNTIME_EXECUTION_2026-09-06/SUPPLY_PROBE/COMMAND_CONTAINMENT/CONTROLS/command-devices.py",
    "projects/chirality-runtime/execution/_Coordination/AgentRuns/RUNTIME_EXECUTION_2026-09-06/SUPPLY_PROBE/COMMAND_CONTAINMENT/CONTROLS/command-devices.sb",
    "projects/chirality-runtime/execution/_Coordination/AgentRuns/RUNTIME_EXECUTION_2026-09-06/SUPPLY_PROBE/COMMAND_CONTAINMENT/CONTROLS/command-named-input.jsonl",
    "projects/chirality-runtime/execution/_Coordination/AgentRuns/RUNTIME_EXECUTION_2026-09-06/SUPPLY_PROBE/COMMAND_CONTAINMENT/CONTROLS/command-named.json",
    "projects/chirality-runtime/execution/_Coordination/AgentRuns/RUNTIME_EXECUTION_2026-09-06/SUPPLY_PROBE/COMMAND_CONTAINMENT/CONTROLS/command-named.py",
    "projects/chirality-runtime/execution/_Coordination/AgentRuns/RUNTIME_EXECUTION_2026-09-06/SUPPLY_PROBE/COMMAND_CONTAINMENT/CONTROLS/command-profile-input.jsonl",
    "projects/chirality-runtime/execution/_Coordination/AgentRuns/RUNTIME_EXECUTION_2026-09-06/SUPPLY_PROBE/COMMAND_CONTAINMENT/CONTROLS/command-profile.json",
    "projects/chirality-runtime/execution/_Coordination/AgentRuns/RUNTIME_EXECUTION_2026-09-06/SUPPLY_PROBE/COMMAND_CONTAINMENT/CONTROLS/command-profile.py",
    "projects/chirality-runtime/execution/_Coordination/AgentRuns/RUNTIME_EXECUTION_2026-09-06/SUPPLY_PROBE/COMMAND_CONTAINMENT/CONTROLS/command-restricted-input.jsonl",
    "projects/chirality-runtime/execution/_Coordination/AgentRuns/RUNTIME_EXECUTION_2026-09-06/SUPPLY_PROBE/COMMAND_CONTAINMENT/CONTROLS/command-restricted.json",
    "projects/chirality-runtime/execution/_Coordination/AgentRuns/RUNTIME_EXECUTION_2026-09-06/SUPPLY_PROBE/COMMAND_CONTAINMENT/CONTROLS/command-restricted.py",
    "projects/chirality-runtime/execution/_Coordination/AgentRuns/RUNTIME_EXECUTION_2026-09-06/SUPPLY_PROBE/COMMAND_CONTAINMENT/CONTROLS/matrix2-home.sb",
    "projects/chirality-runtime/execution/_Coordination/AgentRuns/RUNTIME_EXECUTION_2026-09-06/SUPPLY_PROBE/COMMAND_CONTAINMENT/CONTROLS/matrix2-keychain.sb",
    "projects/chirality-runtime/execution/_Coordination/AgentRuns/RUNTIME_EXECUTION_2026-09-06/SUPPLY_PROBE/COMMAND_CONTAINMENT/CONTROLS/matrix2-network-home.sb",
    "projects/chirality-runtime/execution/_Coordination/AgentRuns/RUNTIME_EXECUTION_2026-09-06/SUPPLY_PROBE/COMMAND_CONTAINMENT/CONTROLS/matrix2-network-keychain.sb",
    "projects/chirality-runtime/execution/_Coordination/AgentRuns/RUNTIME_EXECUTION_2026-09-06/SUPPLY_PROBE/COMMAND_CONTAINMENT/CONTROLS/matrix2-network-write-home-keychain.sb",
    "projects/chirality-runtime/execution/_Coordination/AgentRuns/RUNTIME_EXECUTION_2026-09-06/SUPPLY_PROBE/COMMAND_CONTAINMENT/CONTROLS/matrix2-network-write.sb",
    "projects/chirality-runtime/execution/_Coordination/AgentRuns/RUNTIME_EXECUTION_2026-09-06/SUPPLY_PROBE/COMMAND_CONTAINMENT/CONTROLS/matrix2-network.sb",
    "projects/chirality-runtime/execution/_Coordination/AgentRuns/RUNTIME_EXECUTION_2026-09-06/SUPPLY_PROBE/COMMAND_CONTAINMENT/CONTROLS/matrix2-write.sb",
    "projects/chirality-runtime/execution/_Coordination/AgentRuns/RUNTIME_EXECUTION_2026-09-06/SUPPLY_PROBE/COMMAND_CONTAINMENT/CONTROLS/nested-control.json",
    "projects/chirality-runtime/execution/_Coordination/AgentRuns/RUNTIME_EXECUTION_2026-09-06/SUPPLY_PROBE/COMMAND_CONTAINMENT/CONTROLS/nested-control.py",
    "projects/chirality-runtime/execution/_Coordination/AgentRuns/RUNTIME_EXECUTION_2026-09-06/SUPPLY_PROBE/COMMAND_CONTAINMENT/CONTROLS/nested-control.sb",
    "projects/chirality-runtime/execution/_Coordination/AgentRuns/RUNTIME_EXECUTION_2026-09-06/SUPPLY_PROBE/COMMAND_CONTAINMENT/CONTROLS/nested-matrix.json",
    "projects/chirality-runtime/execution/_Coordination/AgentRuns/RUNTIME_EXECUTION_2026-09-06/SUPPLY_PROBE/COMMAND_CONTAINMENT/CONTROLS/nested-matrix.py",
    "projects/chirality-runtime/execution/_Coordination/AgentRuns/RUNTIME_EXECUTION_2026-09-06/SUPPLY_PROBE/COMMAND_CONTAINMENT/CONTROLS/nested-matrix2.json",
    "projects/chirality-runtime/execution/_Coordination/AgentRuns/RUNTIME_EXECUTION_2026-09-06/SUPPLY_PROBE/COMMAND_CONTAINMENT/CONTROLS/nested-matrix2.py",
    "projects/chirality-runtime/execution/_Coordination/AgentRuns/RUNTIME_EXECUTION_2026-09-06/SUPPLY_PROBE/COMMAND_CONTAINMENT/CONTROLS/nested-original.sb",
    "projects/chirality-runtime/execution/_Coordination/AgentRuns/RUNTIME_EXECUTION_2026-09-06/SUPPLY_PROBE/COMMAND_CONTAINMENT/CONTROLS/nested-stricter.json",
    "projects/chirality-runtime/execution/_Coordination/AgentRuns/RUNTIME_EXECUTION_2026-09-06/SUPPLY_PROBE/COMMAND_CONTAINMENT/CONTROLS/nested-stricter.py",
    "projects/chirality-runtime/execution/_Coordination/AgentRuns/RUNTIME_EXECUTION_2026-09-06/SUPPLY_PROBE/COMMAND_CONTAINMENT/CONTROLS/nested-without_home_read_deny.sb",
    "projects/chirality-runtime/execution/_Coordination/AgentRuns/RUNTIME_EXECUTION_2026-09-06/SUPPLY_PROBE/COMMAND_CONTAINMENT/CONTROLS/nested-without_keychain_deny.sb",
    "projects/chirality-runtime/execution/_Coordination/AgentRuns/RUNTIME_EXECUTION_2026-09-06/SUPPLY_PROBE/COMMAND_CONTAINMENT/CONTROLS/nested-without_write_deny.sb",
    "projects/chirality-runtime/execution/_Coordination/AgentRuns/RUNTIME_EXECUTION_2026-09-06/SUPPLY_PROBE/COMMAND_CONTAINMENT/CONTROLS/permission-list-input.jsonl",
    "projects/chirality-runtime/execution/_Coordination/AgentRuns/RUNTIME_EXECUTION_2026-09-06/SUPPLY_PROBE/COMMAND_CONTAINMENT/CONTROLS/permission-list.json",
    "projects/chirality-runtime/execution/_Coordination/AgentRuns/RUNTIME_EXECUTION_2026-09-06/SUPPLY_PROBE/COMMAND_CONTAINMENT/CONTROLS/permission-list.py",
    "projects/chirality-runtime/execution/_Coordination/AgentRuns/RUNTIME_EXECUTION_2026-09-06/SUPPLY_PROBE/COMMAND_CONTAINMENT/CONTROLS/permission-profile-candidate.toml",
    "projects/chirality-runtime/execution/_Coordination/AgentRuns/RUNTIME_EXECUTION_2026-09-06/SUPPLY_PROBE/COMMAND_CONTAINMENT/CONTROLS/permission-profile-original.toml",
    "projects/chirality-runtime/execution/_Coordination/AgentRuns/RUNTIME_EXECUTION_2026-09-06/SUPPLY_PROBE/COMMAND_CONTAINMENT/RETURN.md",
    "projects/chirality-runtime/execution/_Coordination/AgentRuns/RUNTIME_EXECUTION_2026-09-06/SUPPLY_PROBE/COMMAND_CONTAINMENT/command-contained-input.jsonl",
    "projects/chirality-runtime/execution/_Coordination/AgentRuns/RUNTIME_EXECUTION_2026-09-06/SUPPLY_PROBE/COMMAND_CONTAINMENT/command-contained.json",
    "projects/chirality-runtime/execution/_Coordination/AgentRuns/RUNTIME_EXECUTION_2026-09-06/SUPPLY_PROBE/COMMAND_CONTAINMENT/command-contained.py",
    "projects/chirality-runtime/execution/_Coordination/AgentRuns/RUNTIME_EXECUTION_2026-09-06/SUPPLY_PROBE/COMMAND_CONTAINMENT/network-deny.sb",
    "projects/chirality-runtime/execution/_Coordination/AgentRuns/RUNTIME_EXECUTION_2026-09-06/SUPPLY_PROBE/COMMAND_SCHEMA_NEGATIVE/ARTIFACTS.sha256",
    "projects/chirality-runtime/execution/_Coordination/AgentRuns/RUNTIME_EXECUTION_2026-09-06/SUPPLY_PROBE/COMMAND_SCHEMA_NEGATIVE/RETURN.md",
    "projects/chirality-runtime/execution/_Coordination/AgentRuns/RUNTIME_EXECUTION_2026-09-06/SUPPLY_PROBE/COMMAND_SCHEMA_NEGATIVE/command-negative-input.jsonl",
    "projects/chirality-runtime/execution/_Coordination/AgentRuns/RUNTIME_EXECUTION_2026-09-06/SUPPLY_PROBE/COMMAND_SCHEMA_NEGATIVE/command-negative.json",
    "projects/chirality-runtime/execution/_Coordination/AgentRuns/RUNTIME_EXECUTION_2026-09-06/SUPPLY_PROBE/COMMAND_SCHEMA_NEGATIVE/command-negative.py",
    "projects/chirality-runtime/execution/_Coordination/AgentRuns/RUNTIME_EXECUTION_2026-09-06/SUPPLY_PROBE/COMMAND_SCHEMA_NEGATIVE/network-deny.sb",
    "projects/chirality-runtime/execution/_Coordination/AgentRuns/RUNTIME_EXECUTION_2026-09-06/SUPPLY_PROBE/IDENTITY.json",
    "projects/chirality-runtime/execution/_Coordination/AgentRuns/RUNTIME_EXECUTION_2026-09-06/SUPPLY_PROBE/LOGIN_SCHEMA_NEGATIVE/ARTIFACTS.sha256",
    "projects/chirality-runtime/execution/_Coordination/AgentRuns/RUNTIME_EXECUTION_2026-09-06/SUPPLY_PROBE/LOGIN_SCHEMA_NEGATIVE/RETURN.md",
    "projects/chirality-runtime/execution/_Coordination/AgentRuns/RUNTIME_EXECUTION_2026-09-06/SUPPLY_PROBE/LOGIN_SCHEMA_NEGATIVE/login-negative-input.jsonl",
    "projects/chirality-runtime/execution/_Coordination/AgentRuns/RUNTIME_EXECUTION_2026-09-06/SUPPLY_PROBE/LOGIN_SCHEMA_NEGATIVE/login-negative.json",
    "projects/chirality-runtime/execution/_Coordination/AgentRuns/RUNTIME_EXECUTION_2026-09-06/SUPPLY_PROBE/LOGIN_SCHEMA_NEGATIVE/login-negative.py",
    "projects/chirality-runtime/execution/_Coordination/AgentRuns/RUNTIME_EXECUTION_2026-09-06/SUPPLY_PROBE/LOGIN_SCHEMA_NEGATIVE/network-deny.sb",
    "projects/chirality-runtime/execution/_Coordination/AgentRuns/RUNTIME_EXECUTION_2026-09-06/SUPPLY_PROBE/NEGATIVE_TURN_SCHEMA/ARTIFACTS.sha256",
    "projects/chirality-runtime/execution/_Coordination/AgentRuns/RUNTIME_EXECUTION_2026-09-06/SUPPLY_PROBE/NEGATIVE_TURN_SCHEMA/RETURN.md",
    "projects/chirality-runtime/execution/_Coordination/AgentRuns/RUNTIME_EXECUTION_2026-09-06/SUPPLY_PROBE/NEGATIVE_TURN_SCHEMA/negative-input.jsonl",
    "projects/chirality-runtime/execution/_Coordination/AgentRuns/RUNTIME_EXECUTION_2026-09-06/SUPPLY_PROBE/NEGATIVE_TURN_SCHEMA/negative.json",
    "projects/chirality-runtime/execution/_Coordination/AgentRuns/RUNTIME_EXECUTION_2026-09-06/SUPPLY_PROBE/NEGATIVE_TURN_SCHEMA/negative.py",
    "projects/chirality-runtime/execution/_Coordination/AgentRuns/RUNTIME_EXECUTION_2026-09-06/SUPPLY_PROBE/NEGATIVE_TURN_SCHEMA/network-deny.sb",
    "projects/chirality-runtime/execution/_Coordination/AgentRuns/RUNTIME_EXECUTION_2026-09-06/SUPPLY_PROBE/OFFLINE_TURN_FAILURE/ARTIFACTS.sha256",
    "projects/chirality-runtime/execution/_Coordination/AgentRuns/RUNTIME_EXECUTION_2026-09-06/SUPPLY_PROBE/OFFLINE_TURN_FAILURE/RETURN.md",
    "projects/chirality-runtime/execution/_Coordination/AgentRuns/RUNTIME_EXECUTION_2026-09-06/SUPPLY_PROBE/OFFLINE_TURN_FAILURE/TEARDOWN.json",
    "projects/chirality-runtime/execution/_Coordination/AgentRuns/RUNTIME_EXECUTION_2026-09-06/SUPPLY_PROBE/OFFLINE_TURN_FAILURE/network-deny.sb",
    "projects/chirality-runtime/execution/_Coordination/AgentRuns/RUNTIME_EXECUTION_2026-09-06/SUPPLY_PROBE/OFFLINE_TURN_FAILURE/offline-failure.json",
    "projects/chirality-runtime/execution/_Coordination/AgentRuns/RUNTIME_EXECUTION_2026-09-06/SUPPLY_PROBE/OFFLINE_TURN_FAILURE/offline-failure.py",
    "projects/chirality-runtime/execution/_Coordination/AgentRuns/RUNTIME_EXECUTION_2026-09-06/SUPPLY_PROBE/OFFLINE_TURN_FAILURE/offline-preflight.json",
    "projects/chirality-runtime/execution/_Coordination/AgentRuns/RUNTIME_EXECUTION_2026-09-06/SUPPLY_PROBE/PROBE_CONFIG.toml",
    "projects/chirality-runtime/execution/_Coordination/AgentRuns/RUNTIME_EXECUTION_2026-09-06/SUPPLY_PROBE/RETURN.md",
    "projects/chirality-runtime/execution/_Coordination/AgentRuns/RUNTIME_EXECUTION_2026-09-06/SUPPLY_PROBE/TEARDOWN.json",
    "projects/chirality-runtime/execution/_Coordination/AgentRuns/RUNTIME_EXECUTION_2026-09-06/SUPPLY_PROBE/containment-preflight.json",
    "projects/chirality-runtime/execution/_Coordination/AgentRuns/RUNTIME_EXECUTION_2026-09-06/SUPPLY_PROBE/input.jsonl",
    "projects/chirality-runtime/execution/_Coordination/AgentRuns/RUNTIME_EXECUTION_2026-09-06/SUPPLY_PROBE/interactive.json",
    "projects/chirality-runtime/execution/_Coordination/AgentRuns/RUNTIME_EXECUTION_2026-09-06/SUPPLY_PROBE/interactive.py",
    "projects/chirality-runtime/execution/_Coordination/AgentRuns/RUNTIME_EXECUTION_2026-09-06/SUPPLY_PROBE/network-deny.sb",
    "projects/chirality-runtime/execution/_Coordination/AgentRuns/RUNTIME_EXECUTION_2026-09-06/SUPPLY_PROBE/probe.py",
    "projects/chirality-runtime/execution/_Coordination/AgentRuns/RUNTIME_EXECUTION_2026-09-06/SUPPLY_PROBE/protocol.json",
    "projects/chirality-runtime/execution/_Coordination/AgentRuns/RUNTIME_EXECUTION_2026-09-06/SUPPLY_PROBE/signature.json",
    "projects/chirality-runtime/execution/_Coordination/AgentRuns/RUNTIME_EXECUTION_2026-09-06/SUPPLY_PROBE/version.json",
    "projects/chirality-runtime/execution/_Coordination/AgentRuns/RUNTIME_EXECUTION_2026-09-06/TECHNICAL_AUDIT/ARTIFACTS.sha256",
    "projects/chirality-runtime/execution/_Coordination/AgentRuns/RUNTIME_EXECUTION_2026-09-06/TECHNICAL_AUDIT/CHECKS.json",
    "projects/chirality-runtime/execution/_Coordination/AgentRuns/RUNTIME_EXECUTION_2026-09-06/TECHNICAL_AUDIT/REPORT.md",
    "projects/chirality-runtime/execution/_Coordination/AgentRuns/RUNTIME_EXECUTION_2026-09-06/TECHNICAL_AUDIT/SOURCE_INVENTORY.json",
    "projects/chirality-runtime/execution/_Coordination/AgentRuns/RUNTIME_EXECUTION_2026-09-06/TECHNICAL_AUDIT/runtime-build.log",
    "projects/chirality-runtime/execution/_Coordination/AgentRuns/RUNTIME_EXECUTION_2026-09-06/TECHNICAL_AUDIT/runtime-tests-full.log",
    "projects/chirality-runtime/execution/_Coordination/AgentRuns/RUNTIME_EXECUTION_2026-09-06/TECHNICAL_AUDIT/runtime-tests.log",
    "projects/chirality-runtime/execution/_Coordination/AgentRuns/RUNTIME_EXECUTION_2026-09-06/TECHNICAL_AUDIT/runtime-typecheck.log",
    "projects/chirality-runtime/execution/_Coordination/HANDOFF_STATE.md",
    "projects/chirality-runtime/package-lock.json",
    "projects/chirality-runtime/packages/cli/src/cli.ts",
    "projects/chirality-runtime/packages/cli/src/index.ts",
    "projects/chirality-runtime/packages/cli/src/runtime-jobs.ts",
    "projects/chirality-runtime/packages/cli/test/cli.test.ts",
    "projects/chirality-runtime/packages/cli/test/runtime-jobs.test.ts",
    "projects/chirality-runtime/packages/client/src/client.ts",
    "projects/chirality-runtime/packages/contracts/src/delegated.ts",
    "projects/chirality-runtime/packages/contracts/src/errors.ts",
    "projects/chirality-runtime/packages/contracts/src/index.ts",
    "projects/chirality-runtime/packages/contracts/src/v2-events.ts",
    "projects/chirality-runtime/packages/core/src/agent1-run-coordinator.ts",
    "projects/chirality-runtime/packages/core/src/approval-store.ts",
    "projects/chirality-runtime/packages/core/src/delegated-runtime.ts",
    "projects/chirality-runtime/packages/core/src/descendant-tracker.ts",
    "projects/chirality-runtime/packages/core/src/exact-supply.ts",
    "projects/chirality-runtime/packages/core/src/hosted-consent.ts",
    "projects/chirality-runtime/packages/core/src/index.ts",
    "projects/chirality-runtime/packages/core/src/process-supervisor.ts",
    "projects/chirality-runtime/packages/core/src/role-policy.ts",
    "projects/chirality-runtime/packages/core/src/runtime-conformance.ts",
    "projects/chirality-runtime/packages/core/src/runtime-dependencies.ts",
    "projects/chirality-runtime/packages/core/src/worker-retirement.ts",
    "projects/chirality-runtime/packages/daemon/package.json",
    "projects/chirality-runtime/packages/daemon/src/codex-containment.ts",
    "projects/chirality-runtime/packages/daemon/src/codex-login.ts",
    "projects/chirality-runtime/packages/daemon/src/codex-manager.ts",
    "projects/chirality-runtime/packages/daemon/src/codex-session.ts",
    "projects/chirality-runtime/packages/daemon/src/codex-supervisor.ts",
    "projects/chirality-runtime/packages/daemon/src/codex-worker.ts",
    "projects/chirality-runtime/packages/daemon/src/index.ts",
    "projects/chirality-runtime/packages/daemon/src/runtime-daemon.ts",
    "projects/chirality-runtime/packages/daemon/src/standalone-bin.ts",
    "projects/chirality-runtime/packages/daemon/src/standalone.ts",
    "projects/chirality-runtime/packages/daemon/src/supervisor-server.ts",
    "projects/chirality-runtime/packages/daemon/tsconfig.json",
    "projects/chirality-runtime/packages/engine-pi-omlx/package.json",
    "projects/chirality-runtime/packages/engine-pi-omlx/src/index.ts",
    "projects/chirality-runtime/packages/engine-pi-omlx/src/pi-event-mapper.ts",
    "projects/chirality-runtime/packages/engine-pi-omlx/src/pi-read-tool.ts",
    "projects/chirality-runtime/packages/engine-pi-omlx/src/pi-turn-runtime.ts",
    "projects/chirality-runtime/software-workflow.json",
    "projects/chirality-runtime/tests/agent1-run-coordinator.test.ts",
    "projects/chirality-runtime/tests/approval-store.test.ts",
    "projects/chirality-runtime/tests/codex-containment.test.ts",
    "projects/chirality-runtime/tests/codex-immutable-file.test.ts",
    "projects/chirality-runtime/tests/codex-login.test.ts",
    "projects/chirality-runtime/tests/codex-manager.test.ts",
    "projects/chirality-runtime/tests/codex-session.test.ts",
    "projects/chirality-runtime/tests/codex-supervisor.test.ts",
    "projects/chirality-runtime/tests/codex-worker.test.ts",
    "projects/chirality-runtime/tests/delegated-runtime.test.ts",
    "projects/chirality-runtime/tests/descendant-tracker.test.ts",
    "projects/chirality-runtime/tests/exact-boundary-conformance.test.ts",
    "projects/chirality-runtime/tests/exact-codex-conformance.test.ts",
    "projects/chirality-runtime/tests/exact-managed-pi-integration.test.ts",
    "projects/chirality-runtime/tests/exact-network-conformance.test.ts",
    "projects/chirality-runtime/tests/exact-network-runtime-conformance.test.ts",
    "projects/chirality-runtime/tests/exact-process-conformance.test.ts",
    "projects/chirality-runtime/tests/exact-role-conformance.test.ts",
    "projects/chirality-runtime/tests/exact-supply.test.ts",
    "projects/chirality-runtime/tests/fixtures/boundary-response-provider.mjs",
    "projects/chirality-runtime/tests/fixtures/delegated-worker.mjs",
    "projects/chirality-runtime/tests/fixtures/process-response-provider.mjs",
    "projects/chirality-runtime/tests/fixtures/response-provider.mjs",
    "projects/chirality-runtime/tests/hosted-consent.test.ts",
    "projects/chirality-runtime/tests/manager-approval-integration.test.ts",
    "projects/chirality-runtime/tests/manager-pi-integration.test.ts",
    "projects/chirality-runtime/tests/pi-omlx-integration.test.ts",
    "projects/chirality-runtime/tests/pi-turn-runtime.test.ts",
    "projects/chirality-runtime/tests/role-policy.test.ts",
    "projects/chirality-runtime/tests/runtime-conformance.test.ts",
    "projects/chirality-runtime/tests/runtime-dependencies.test.ts",
    "projects/chirality-runtime/tests/standalone.test.ts",
    "projects/chirality-runtime/tests/supervisor.test.ts",
    "projects/chirality-runtime/tests/v2-contracts.test.ts",
    "projects/chirality-runtime/tests/worker-retirement.test.ts"
  ],
  "reasons": {},
  "schema": "chirality-affected-checks/v1"
}
[run-affected] running 2 suite(s); skipping 15: analysis, coordination, decomp, drawing_extract, equation_audit, pdf2md, publication, reporting, retrieval, scope_of_work, software_workflow, source_audit, source_catalog, taskmgmt, workflow_runtime
[run-affected] /Users/ryan/.local/share/mise/installs/python/3.13/bin/python3 -m pytest -q -n auto --dist loadscope tools/practitioner_harness tools/validation
bringing up nodes...
bringing up nodes...

........................................................................ [  8%]
........................................................................ [ 17%]
........................................................................ [ 26%]
........................................................................ [ 34%]
........................................................................ [ 43%]
........................................................................ [ 52%]
........................................................................ [ 61%]
......................................u................................. [ 69%]
........................................................................ [ 78%]
........................................................................ [ 87%]
..................................u.uuuuuu.u............................ [ 94%]
..........................................                               [100%]
825 passed, 9 subtests passed in 39.61s
