case	mode	entry	outcome	ok	exit	summary_envelope_sha256	full_envelope_sha256	error_text_sha256	stderr_tail_sha256
FX-N01	dense_scrutiny	captured	solved	ok	0	f0f9a77ccf63027e40c5a86dd613f15c4f01fb2d44c712bc6a3324a985581362	1e76ce578e9887eec8edc9cf037ed5654bf9aa3c05733d3f3707d6745173c10c	-	e3b0c44298fc1c149afbf4c8996fb92427ae41e4649b934ca495991b7852b855
FX-N01	dense_scrutiny	typed	solved	ok	0	f0f9a77ccf63027e40c5a86dd613f15c4f01fb2d44c712bc6a3324a985581362	1e76ce578e9887eec8edc9cf037ed5654bf9aa3c05733d3f3707d6745173c10c	-	e3b0c44298fc1c149afbf4c8996fb92427ae41e4649b934ca495991b7852b855
FX-N01	sparse_interactive	captured	solved	ok	0	3939d52b5a888b5db245ff21e4d7b807cb537651599601069f84a5eb4146e97e	02d6fd0f975192ae04025c45f88dd76264379cac1aa69363023f966f042d3f7f	-	e3b0c44298fc1c149afbf4c8996fb92427ae41e4649b934ca495991b7852b855
FX-N01	sparse_interactive	typed	solved	ok	0	3939d52b5a888b5db245ff21e4d7b807cb537651599601069f84a5eb4146e97e	02d6fd0f975192ae04025c45f88dd76264379cac1aa69363023f966f042d3f7f	-	e3b0c44298fc1c149afbf4c8996fb92427ae41e4649b934ca495991b7852b855
FX-N02-loaded	dense_scrutiny	captured	refused_blocked	ok	0	78191642671519fb60691e1ce3a6ec997ec7c7c56d1ed0ccfdb5289a22ae585d	79dc0bf60d7a831f6165996aeb36768dcdfed2bbe7222e49f8e2b3a8888d2c06	-	e3b0c44298fc1c149afbf4c8996fb92427ae41e4649b934ca495991b7852b855
FX-N02-loaded	dense_scrutiny	typed	refused_blocked	ok	0	0c17ec10993300d8d56eb8bc1ff94d2dbe41231b87822b2cbc75c4c5c919d46e	c9219a7436bd23b0bcba6071802b30f6c977e054bd2b5fc2f9ea6487fb26379a	-	e3b0c44298fc1c149afbf4c8996fb92427ae41e4649b934ca495991b7852b855
FX-N02-loaded	sparse_interactive	captured	refused_blocked	ok	0	78191642671519fb60691e1ce3a6ec997ec7c7c56d1ed0ccfdb5289a22ae585d	79dc0bf60d7a831f6165996aeb36768dcdfed2bbe7222e49f8e2b3a8888d2c06	-	e3b0c44298fc1c149afbf4c8996fb92427ae41e4649b934ca495991b7852b855
FX-N02-loaded	sparse_interactive	typed	refused_blocked	ok	0	0c17ec10993300d8d56eb8bc1ff94d2dbe41231b87822b2cbc75c4c5c919d46e	c9219a7436bd23b0bcba6071802b30f6c977e054bd2b5fc2f9ea6487fb26379a	-	e3b0c44298fc1c149afbf4c8996fb92427ae41e4649b934ca495991b7852b855
FX-N02-unloaded-R07	dense_scrutiny	captured	refused_blocked	ok	0	caf61d5dc920c391539c3fafac8979e5a4fabb36a001ab07b1354423c4d4f283	d01d7effb947248c87f16e8dac24acaa297254edfd873dd26c9a09099cae4730	-	e3b0c44298fc1c149afbf4c8996fb92427ae41e4649b934ca495991b7852b855
FX-N02-unloaded-R07	dense_scrutiny	typed	refused_blocked	ok	0	caf61d5dc920c391539c3fafac8979e5a4fabb36a001ab07b1354423c4d4f283	d01d7effb947248c87f16e8dac24acaa297254edfd873dd26c9a09099cae4730	-	e3b0c44298fc1c149afbf4c8996fb92427ae41e4649b934ca495991b7852b855
FX-N02-unloaded-R07	sparse_interactive	captured	refused_blocked	ok	0	caf61d5dc920c391539c3fafac8979e5a4fabb36a001ab07b1354423c4d4f283	d01d7effb947248c87f16e8dac24acaa297254edfd873dd26c9a09099cae4730	-	e3b0c44298fc1c149afbf4c8996fb92427ae41e4649b934ca495991b7852b855
FX-N02-unloaded-R07	sparse_interactive	typed	refused_blocked	ok	0	caf61d5dc920c391539c3fafac8979e5a4fabb36a001ab07b1354423c4d4f283	d01d7effb947248c87f16e8dac24acaa297254edfd873dd26c9a09099cae4730	-	e3b0c44298fc1c149afbf4c8996fb92427ae41e4649b934ca495991b7852b855
FX-N03-RX-stabilized	dense_scrutiny	captured	solved	ok	0	aa734f53590a11f3db15743df9a63f553dbb2a1c984eaf8ae4af8d305344236d	30f4b4f0e74d55d9cca93c79de83ffc65c7ae55833c5649f712be47bd51ec27a	-	e3b0c44298fc1c149afbf4c8996fb92427ae41e4649b934ca495991b7852b855
FX-N03-RX-stabilized	dense_scrutiny	typed	solved	ok	0	aa734f53590a11f3db15743df9a63f553dbb2a1c984eaf8ae4af8d305344236d	30f4b4f0e74d55d9cca93c79de83ffc65c7ae55833c5649f712be47bd51ec27a	-	e3b0c44298fc1c149afbf4c8996fb92427ae41e4649b934ca495991b7852b855
FX-N03-RX-stabilized	sparse_interactive	captured	solved	ok	0	383f338ccf839d0de242beb14fc955038b2852c3cb1089ae90e951ee465de465	d527c8bef4d7c7ba527b6f4df8b7376014b9227a9b13850b12d75fa8aba55999	-	e3b0c44298fc1c149afbf4c8996fb92427ae41e4649b934ca495991b7852b855
FX-N03-RX-stabilized	sparse_interactive	typed	solved	ok	0	383f338ccf839d0de242beb14fc955038b2852c3cb1089ae90e951ee465de465	d527c8bef4d7c7ba527b6f4df8b7376014b9227a9b13850b12d75fa8aba55999	-	e3b0c44298fc1c149afbf4c8996fb92427ae41e4649b934ca495991b7852b855
FX-N03-RZ-not-stabilized	dense_scrutiny	captured	refused_blocked	ok	0	39228c1d24bf86fa5a7440b05ee4e8a6da607bea0315f493cf818c18f4ce3ef2	ffc052711a3b500e4896356600264b156485ded5d40dd893d17315b4ba112f90	-	e3b0c44298fc1c149afbf4c8996fb92427ae41e4649b934ca495991b7852b855
FX-N03-RZ-not-stabilized	dense_scrutiny	typed	refused_blocked	ok	0	0c17ec10993300d8d56eb8bc1ff94d2dbe41231b87822b2cbc75c4c5c919d46e	c9219a7436bd23b0bcba6071802b30f6c977e054bd2b5fc2f9ea6487fb26379a	-	e3b0c44298fc1c149afbf4c8996fb92427ae41e4649b934ca495991b7852b855
FX-N03-RZ-not-stabilized	sparse_interactive	captured	refused_blocked	ok	0	39228c1d24bf86fa5a7440b05ee4e8a6da607bea0315f493cf818c18f4ce3ef2	ffc052711a3b500e4896356600264b156485ded5d40dd893d17315b4ba112f90	-	e3b0c44298fc1c149afbf4c8996fb92427ae41e4649b934ca495991b7852b855
FX-N03-RZ-not-stabilized	sparse_interactive	typed	refused_blocked	ok	0	0c17ec10993300d8d56eb8bc1ff94d2dbe41231b87822b2cbc75c4c5c919d46e	c9219a7436bd23b0bcba6071802b30f6c977e054bd2b5fc2f9ea6487fb26379a	-	e3b0c44298fc1c149afbf4c8996fb92427ae41e4649b934ca495991b7852b855
FX-N04	dense_scrutiny	captured	refused_blocked	ok	0	ae36073c4de8dddbda36852219a48eaa31f15d9d2f2743684417d67ea67267ed	3ee124d23bc9b569bae8437f6acb0e87cfcea34344f5c6ee4119dd6008e6f79c	-	e3b0c44298fc1c149afbf4c8996fb92427ae41e4649b934ca495991b7852b855
FX-N04	dense_scrutiny	typed	refused_blocked	ok	0	0f294702a129a6dba8e1ad64be15b81cc9a995a7faba04d10cd94bd0e4f3ba70	ffb5f684f9fb6a49ad39427b80811683289c3d3e0176d4848a0c603756e8c277	-	e3b0c44298fc1c149afbf4c8996fb92427ae41e4649b934ca495991b7852b855
FX-N04	sparse_interactive	captured	refused_blocked	ok	0	ae36073c4de8dddbda36852219a48eaa31f15d9d2f2743684417d67ea67267ed	3ee124d23bc9b569bae8437f6acb0e87cfcea34344f5c6ee4119dd6008e6f79c	-	e3b0c44298fc1c149afbf4c8996fb92427ae41e4649b934ca495991b7852b855
FX-N04	sparse_interactive	typed	refused_blocked	ok	0	0f294702a129a6dba8e1ad64be15b81cc9a995a7faba04d10cd94bd0e4f3ba70	ffb5f684f9fb6a49ad39427b80811683289c3d3e0176d4848a0c603756e8c277	-	e3b0c44298fc1c149afbf4c8996fb92427ae41e4649b934ca495991b7852b855
FX-N05	dense_scrutiny	captured	solved	ok	0	66db730b300a02ee6835c751b03ad6e8bfa94e64b81785b3c2fb79a319fd81f0	ebc586bd29942d4609db2fa40bc701cdd382367ea261daf7ee25f18a1f0d4c1d	-	e3b0c44298fc1c149afbf4c8996fb92427ae41e4649b934ca495991b7852b855
FX-N05	dense_scrutiny	typed	solved	ok	0	87a07928038ed406657b7cc4810cd1a46127029b370821f683a70003be120d92	506d00e9885a1801f11b4d6d632b8b78b6035bc41112de034a3770fd064ac14d	-	e3b0c44298fc1c149afbf4c8996fb92427ae41e4649b934ca495991b7852b855
FX-N05	sparse_interactive	captured	solved	ok	0	17c8331a47d96571f2aab971a37ed684bd1cd7dce287424d638373f9baf9bcea	eb157c8865752eee2a4364bf8c4b668d35d1ebb53bd586a5f6b7edf6ce1f06f7	-	e3b0c44298fc1c149afbf4c8996fb92427ae41e4649b934ca495991b7852b855
FX-N05	sparse_interactive	typed	solved	ok	0	aba7c71c9183900b178ad122cabf8bed3b05d5fca4228b2bfccb0f3392eb0cb1	040ac5ce4256c35943813ecdcf4d533553a36037f4b02550c171999f1c2363af	-	e3b0c44298fc1c149afbf4c8996fb92427ae41e4649b934ca495991b7852b855
FX-N06	dense_scrutiny	captured	solved	ok	0	e18d714a35b92618fda3cc5dbcf24cfe95cfb7a8850f40072e8ccb25c15f3fe3	1c80ffd028403ed3688e18a1ab056f1145c304142b24db5919e4778e5ffffc82	-	e3b0c44298fc1c149afbf4c8996fb92427ae41e4649b934ca495991b7852b855
FX-N06	dense_scrutiny	typed	refused_blocked	ok	0	1c674c8b0fcac95d64185574a3d00ed92db18b29bff25703e7af752dd4261334	78ec25cf1f940eb88e2c7ec39e1e8c125eec010e8cf77941a60b368f9726e84b	-	e3b0c44298fc1c149afbf4c8996fb92427ae41e4649b934ca495991b7852b855
FX-N06	sparse_interactive	captured	solved	ok	0	8a6f7075aa2413789976d697a3951742e872aaf9d223509dc67c8e74c359446d	dc8b68d09e36176011c9a9c4706ebaeccaf25a217ab85f14328f2717843f939b	-	e3b0c44298fc1c149afbf4c8996fb92427ae41e4649b934ca495991b7852b855
FX-N06	sparse_interactive	typed	refused_blocked	ok	0	1c674c8b0fcac95d64185574a3d00ed92db18b29bff25703e7af752dd4261334	78ec25cf1f940eb88e2c7ec39e1e8c125eec010e8cf77941a60b368f9726e84b	-	e3b0c44298fc1c149afbf4c8996fb92427ae41e4649b934ca495991b7852b855
FX-N08-T-0.1	dense_scrutiny	captured	solved	ok	0	3b9f1bc2ef89f7d3a91f8b3014238c334e4462b137d13b7fd413eed9f559283e	f8157ec7751b381e95999eeb7aa86ccef03e1fec83a79b59b32975b61d1750e4	-	e3b0c44298fc1c149afbf4c8996fb92427ae41e4649b934ca495991b7852b855
FX-N08-T-0.1	dense_scrutiny	typed	solved	ok	0	3b9f1bc2ef89f7d3a91f8b3014238c334e4462b137d13b7fd413eed9f559283e	f8157ec7751b381e95999eeb7aa86ccef03e1fec83a79b59b32975b61d1750e4	-	e3b0c44298fc1c149afbf4c8996fb92427ae41e4649b934ca495991b7852b855
FX-N08-T-0.1	sparse_interactive	captured	solved	ok	0	01a40c7956cedfc963bb90eb013102b620aa4dc0fd7a21a52f792c08008c19b3	d5626b25f1c4cab32b8398c50b88432b74e225069a5e54aae02dd0a9975b2905	-	e3b0c44298fc1c149afbf4c8996fb92427ae41e4649b934ca495991b7852b855
FX-N08-T-0.1	sparse_interactive	typed	solved	ok	0	01a40c7956cedfc963bb90eb013102b620aa4dc0fd7a21a52f792c08008c19b3	d5626b25f1c4cab32b8398c50b88432b74e225069a5e54aae02dd0a9975b2905	-	e3b0c44298fc1c149afbf4c8996fb92427ae41e4649b934ca495991b7852b855
FX-N08-T-1	dense_scrutiny	captured	solved	ok	0	1f266990fcba7aba1f7992f9aa079b31ca77b40fc9d0f557d5acc87f8e3f36c1	df5939837843acf273a79837d9da908379c087be594d06b1ea24f112c9532464	-	e3b0c44298fc1c149afbf4c8996fb92427ae41e4649b934ca495991b7852b855
FX-N08-T-1	dense_scrutiny	typed	solved	ok	0	1f266990fcba7aba1f7992f9aa079b31ca77b40fc9d0f557d5acc87f8e3f36c1	df5939837843acf273a79837d9da908379c087be594d06b1ea24f112c9532464	-	e3b0c44298fc1c149afbf4c8996fb92427ae41e4649b934ca495991b7852b855
FX-N08-T-1	sparse_interactive	captured	solved	ok	0	534193cdf2234749b9a80b9b4e43675df158bb8a0e51a6f330641d3b26f8c94f	0fcfbb91b4879430dffcebdeace507d63ead5894b49c552c9025d3843cf7f7ca	-	e3b0c44298fc1c149afbf4c8996fb92427ae41e4649b934ca495991b7852b855
FX-N08-T-1	sparse_interactive	typed	solved	ok	0	534193cdf2234749b9a80b9b4e43675df158bb8a0e51a6f330641d3b26f8c94f	0fcfbb91b4879430dffcebdeace507d63ead5894b49c552c9025d3843cf7f7ca	-	e3b0c44298fc1c149afbf4c8996fb92427ae41e4649b934ca495991b7852b855
FX-N08-T0.1	dense_scrutiny	captured	solved	ok	0	b6980ecbe4c0f7611dbfc4b68b4a8ff10cddea6a7c0ccbdd423bdf14b5001de8	f84b1a854c6d2d5c712412c136ac3001dbef65a3800f8b418372d7605b204c3d	-	e3b0c44298fc1c149afbf4c8996fb92427ae41e4649b934ca495991b7852b855
FX-N08-T0.1	dense_scrutiny	typed	solved	ok	0	b6980ecbe4c0f7611dbfc4b68b4a8ff10cddea6a7c0ccbdd423bdf14b5001de8	f84b1a854c6d2d5c712412c136ac3001dbef65a3800f8b418372d7605b204c3d	-	e3b0c44298fc1c149afbf4c8996fb92427ae41e4649b934ca495991b7852b855
FX-N08-T0.1	sparse_interactive	captured	solved	ok	0	0ec7713d658509cb3e0680423c4115cbe682f207041cb2dba59911283e2ec390	6687c6b3ad80808e8fd46f64ba598cb5ed1932e9b29f5387a9a482296b63d2c3	-	e3b0c44298fc1c149afbf4c8996fb92427ae41e4649b934ca495991b7852b855
FX-N08-T0.1	sparse_interactive	typed	solved	ok	0	0ec7713d658509cb3e0680423c4115cbe682f207041cb2dba59911283e2ec390	6687c6b3ad80808e8fd46f64ba598cb5ed1932e9b29f5387a9a482296b63d2c3	-	e3b0c44298fc1c149afbf4c8996fb92427ae41e4649b934ca495991b7852b855
FX-N08-T1	dense_scrutiny	captured	solved	ok	0	8f8d0b04e58b8d4243590204d45fc22005321fe7f8bcf28d71b2e8a099a5e6c8	365fcbf02922e9a8dd7304be9dd2e0309026fbd794e9f9bb73cd1dc55d73956a	-	e3b0c44298fc1c149afbf4c8996fb92427ae41e4649b934ca495991b7852b855
FX-N08-T1	dense_scrutiny	typed	solved	ok	0	8f8d0b04e58b8d4243590204d45fc22005321fe7f8bcf28d71b2e8a099a5e6c8	365fcbf02922e9a8dd7304be9dd2e0309026fbd794e9f9bb73cd1dc55d73956a	-	e3b0c44298fc1c149afbf4c8996fb92427ae41e4649b934ca495991b7852b855
FX-N08-T1	sparse_interactive	captured	solved	ok	0	103cb4e42b0d665e82ffb56f5ee5fc3c6f0bdc7365dfdf0cdc601c56b2547c99	5682af440771df98e4ffd47d4ce1babd0b8d321dde0189078fd8a44bfab1e650	-	e3b0c44298fc1c149afbf4c8996fb92427ae41e4649b934ca495991b7852b855
FX-N08-T1	sparse_interactive	typed	solved	ok	0	103cb4e42b0d665e82ffb56f5ee5fc3c6f0bdc7365dfdf0cdc601c56b2547c99	5682af440771df98e4ffd47d4ce1babd0b8d321dde0189078fd8a44bfab1e650	-	e3b0c44298fc1c149afbf4c8996fb92427ae41e4649b934ca495991b7852b855
FX-N09-bending	dense_scrutiny	captured	solved	ok	0	fbf3e740501d0b751de2aea6071a19ee10aee4e6815c25fd38501451d9c51aaf	85f08cba374a80e4edf28b1a91c028ddc7532a3e2e86bcb4c889387b9ca5fa82	-	e3b0c44298fc1c149afbf4c8996fb92427ae41e4649b934ca495991b7852b855
FX-N09-bending	dense_scrutiny	typed	solved	ok	0	fbf3e740501d0b751de2aea6071a19ee10aee4e6815c25fd38501451d9c51aaf	85f08cba374a80e4edf28b1a91c028ddc7532a3e2e86bcb4c889387b9ca5fa82	-	e3b0c44298fc1c149afbf4c8996fb92427ae41e4649b934ca495991b7852b855
FX-N09-bending	sparse_interactive	captured	solved	ok	0	efa2b44e7c5924040d02f26cad7856e4687bcef90d1e5ee6b9d7d09c70eaaf30	ed7fbab0f1b156b60335c2e129e4602cc8eea612f78638dcababf9a9aa521e77	-	e3b0c44298fc1c149afbf4c8996fb92427ae41e4649b934ca495991b7852b855
FX-N09-bending	sparse_interactive	typed	solved	ok	0	efa2b44e7c5924040d02f26cad7856e4687bcef90d1e5ee6b9d7d09c70eaaf30	ed7fbab0f1b156b60335c2e129e4602cc8eea612f78638dcababf9a9aa521e77	-	e3b0c44298fc1c149afbf4c8996fb92427ae41e4649b934ca495991b7852b855
FX-N09-torsion	dense_scrutiny	captured	solved	ok	0	5dc22f7d85b5317f52c500b55c58628ac27ade8814b65778ffa3cf2bf185a982	812a8008d1cc071a97fdae477c8c0c7b437eb5ef6928f01e81748fe9c65e4d22	-	e3b0c44298fc1c149afbf4c8996fb92427ae41e4649b934ca495991b7852b855
FX-N09-torsion	dense_scrutiny	typed	solved	ok	0	5dc22f7d85b5317f52c500b55c58628ac27ade8814b65778ffa3cf2bf185a982	812a8008d1cc071a97fdae477c8c0c7b437eb5ef6928f01e81748fe9c65e4d22	-	e3b0c44298fc1c149afbf4c8996fb92427ae41e4649b934ca495991b7852b855
FX-N09-torsion	sparse_interactive	captured	solved	ok	0	17f680e7f5c29717c2baba7829999064bb9a7c60c475f27e618ab3b92adaa6a0	549219618155ecea8c6a767b5de6c008f5fe9c3d26a2d1ccd86fb95aa179005d	-	e3b0c44298fc1c149afbf4c8996fb92427ae41e4649b934ca495991b7852b855
FX-N09-torsion	sparse_interactive	typed	solved	ok	0	17f680e7f5c29717c2baba7829999064bb9a7c60c475f27e618ab3b92adaa6a0	549219618155ecea8c6a767b5de6c008f5fe9c3d26a2d1ccd86fb95aa179005d	-	e3b0c44298fc1c149afbf4c8996fb92427ae41e4649b934ca495991b7852b855
FX-NP-A-ulp-.25	dense_scrutiny	captured	solved	ok	0	6867c8178c099ff50033b370411a5cce6333858e1a3948b5dd68f0c0cb010825	5e7b7c0dc4ed2424f7f3948f3712647a21dc15a3d80fcf3d0c19d2ce77ee230b	-	e3b0c44298fc1c149afbf4c8996fb92427ae41e4649b934ca495991b7852b855
FX-NP-A-ulp-.25	dense_scrutiny	typed	refused_blocked	ok	0	1c674c8b0fcac95d64185574a3d00ed92db18b29bff25703e7af752dd4261334	fba4dbad420edba23acecaf33a0b0fe9a3fe6d74cd85ff7c43a0bad1cfe5f95a	-	e3b0c44298fc1c149afbf4c8996fb92427ae41e4649b934ca495991b7852b855
FX-NP-A-ulp-.25	sparse_interactive	captured	solved	ok	0	703af6dd48b4e033ec4f0f51477ad91d572f48b3230eb98778f18c895e440022	9483adbabedd4aba68d0a270a6e2f92bb30bf02ec650e6b3fa9ca71b52dcd522	-	e3b0c44298fc1c149afbf4c8996fb92427ae41e4649b934ca495991b7852b855
FX-NP-A-ulp-.25	sparse_interactive	typed	refused_blocked	ok	0	1c674c8b0fcac95d64185574a3d00ed92db18b29bff25703e7af752dd4261334	fba4dbad420edba23acecaf33a0b0fe9a3fe6d74cd85ff7c43a0bad1cfe5f95a	-	e3b0c44298fc1c149afbf4c8996fb92427ae41e4649b934ca495991b7852b855
FX-NP-A-ulp-.5	dense_scrutiny	captured	solved	ok	0	bdeb5e1882a2cc80d6040c60949f26e5d4b6f3e4366e47d8ef908b4ba0362cff	c5bafdfc96b0b380bc00a19bd0f778b4ac8fd90c43329dd6a46e5fbc63158ec3	-	e3b0c44298fc1c149afbf4c8996fb92427ae41e4649b934ca495991b7852b855
FX-NP-A-ulp-.5	dense_scrutiny	typed	refused_blocked	ok	0	1c674c8b0fcac95d64185574a3d00ed92db18b29bff25703e7af752dd4261334	952142fde747288cec05aaac9e58647142f66a5ac94eb3cfd258f53de7f81cea	-	e3b0c44298fc1c149afbf4c8996fb92427ae41e4649b934ca495991b7852b855
FX-NP-A-ulp-.5	sparse_interactive	captured	solved	ok	0	514d1323f73969f49655bd74df00be1269a2250370d8b943e2aa7e1ebaf7087e	064b4738ea43d91cfacb350fed493a4ed43c009e1924c6fdcb838e7cac03986a	-	e3b0c44298fc1c149afbf4c8996fb92427ae41e4649b934ca495991b7852b855
FX-NP-A-ulp-.5	sparse_interactive	typed	refused_blocked	ok	0	1c674c8b0fcac95d64185574a3d00ed92db18b29bff25703e7af752dd4261334	952142fde747288cec05aaac9e58647142f66a5ac94eb3cfd258f53de7f81cea	-	e3b0c44298fc1c149afbf4c8996fb92427ae41e4649b934ca495991b7852b855
FX-NP-A-ulp-.75	dense_scrutiny	captured	solved	ok	0	fd88d2794068bce50c359bf5d0036052e813333c6a5737e227a82321574321ef	cc579bfc0ec157ac2b3c2c17e037e4a6d31819b76916128f76988221bcf3b9de	-	e3b0c44298fc1c149afbf4c8996fb92427ae41e4649b934ca495991b7852b855
FX-NP-A-ulp-.75	dense_scrutiny	typed	refused_blocked	ok	0	b6036777c2793bb2daa3953a6d68630eb9a0abba41a700a87b9c6adb0bb74c82	7ab9fc4afa9967de157c02b3012b9c86ec95a6d76212ef2b7ce7088ee8f81b2e	-	e3b0c44298fc1c149afbf4c8996fb92427ae41e4649b934ca495991b7852b855
FX-NP-A-ulp-.75	sparse_interactive	captured	solved	ok	0	4a24eaf132e3762a8533aa34980841c3fcd5334a791b58e27f8ee7b13972ed41	f05afbed38241900801cbd78b87dc346ad1b6fa3e12b7e88f6e7d2ed847f6919	-	e3b0c44298fc1c149afbf4c8996fb92427ae41e4649b934ca495991b7852b855
FX-NP-A-ulp-.75	sparse_interactive	typed	refused_blocked	ok	0	fdb1c0df9741da474ccdfe1f5672bcc2d131e7b2ee1924e25aacf7270e6d1730	5fc1a7d489a69d12f2e061f5cf9d5b6d88c2018b6849a3f4a5b9894246f8e9b3	-	e3b0c44298fc1c149afbf4c8996fb92427ae41e4649b934ca495991b7852b855
FX-NP-A-ulp-1	dense_scrutiny	captured	solved	ok	0	6c65bb471558b92cb4be2fab27931630aa4aeedbfda8175bc90b4f342bd70198	400bd0a2356a8b7cbc729a80dd0c55f240e5495c9fb5047e58a6b8e2fb91bd17	-	e3b0c44298fc1c149afbf4c8996fb92427ae41e4649b934ca495991b7852b855
FX-NP-A-ulp-1	dense_scrutiny	typed	refused_blocked	ok	0	b6036777c2793bb2daa3953a6d68630eb9a0abba41a700a87b9c6adb0bb74c82	19a8a9b290b07b826e6d18fcee06a59eb4b5bc6faad337c8315c75b27a95a0c8	-	e3b0c44298fc1c149afbf4c8996fb92427ae41e4649b934ca495991b7852b855
FX-NP-A-ulp-1	sparse_interactive	captured	solved	ok	0	7eaec07dc7bf901280cf878c4c1904dc251714f31d02f512e9e64939b651d04a	c217beed1ee670f3ffb5c924d7991a60d2fcb2cfc7dd95c2a2b66cfbb6b26fec	-	e3b0c44298fc1c149afbf4c8996fb92427ae41e4649b934ca495991b7852b855
FX-NP-A-ulp-1	sparse_interactive	typed	refused_blocked	ok	0	fdb1c0df9741da474ccdfe1f5672bcc2d131e7b2ee1924e25aacf7270e6d1730	fb7f4a650b65042fcbd01e0dd62d8ee4e8a4c943094188256e6adb6774bf9415	-	e3b0c44298fc1c149afbf4c8996fb92427ae41e4649b934ca495991b7852b855
FX-NP-A-ulp-1.5	dense_scrutiny	captured	solved	ok	0	dd9e2664c746e25c457f59fb64543c55020de0a90601fb33f422945b3022f2a1	827459531bdfe93f59a7f479994faed22c7d107dec891b67916ad3d1070306e5	-	e3b0c44298fc1c149afbf4c8996fb92427ae41e4649b934ca495991b7852b855
FX-NP-A-ulp-1.5	dense_scrutiny	typed	refused_blocked	ok	0	b6036777c2793bb2daa3953a6d68630eb9a0abba41a700a87b9c6adb0bb74c82	4241dbe1ab50283c857503bad3d972b87d93d2c68b9a4aa269661e0c435ce0e7	-	e3b0c44298fc1c149afbf4c8996fb92427ae41e4649b934ca495991b7852b855
FX-NP-A-ulp-1.5	sparse_interactive	captured	solved	ok	0	bff52794c5eb81c39b239a6f09e0c38b6f6a103b0a8f730a6f144e6c5087cc86	886b4a4a896b0c0873a09eff1fdde2d7d058fea1df35679aa1e8408553565c5c	-	e3b0c44298fc1c149afbf4c8996fb92427ae41e4649b934ca495991b7852b855
FX-NP-A-ulp-1.5	sparse_interactive	typed	refused_blocked	ok	0	fdb1c0df9741da474ccdfe1f5672bcc2d131e7b2ee1924e25aacf7270e6d1730	7d906907c7064ed76b4af936b4565ecb9283bda1f3b33cf15261a386e64c238d	-	e3b0c44298fc1c149afbf4c8996fb92427ae41e4649b934ca495991b7852b855
FX-NP-A-ulp-2	dense_scrutiny	captured	solved	ok	0	3f7c13a6c5e6f932b1d03600a853e2adcd4326f3f9b9644bebe665f79bb2242e	811961df90da6ef43b9eab071eb839a955603627245acce75a1c5ed715c270b0	-	e3b0c44298fc1c149afbf4c8996fb92427ae41e4649b934ca495991b7852b855
FX-NP-A-ulp-2	dense_scrutiny	typed	refused_blocked	ok	0	b6036777c2793bb2daa3953a6d68630eb9a0abba41a700a87b9c6adb0bb74c82	a1592c46f925877d982fbe758738d24db9cc8cc3063ffd38d91add9defd76afa	-	e3b0c44298fc1c149afbf4c8996fb92427ae41e4649b934ca495991b7852b855
FX-NP-A-ulp-2	sparse_interactive	captured	solved	ok	0	610073104c85f759497d53f75d39e47ed628d34b97bfd8ebc324314f2d8d105f	984d00a86e714415eef4acccf05bb23d76f445ece7187a0170ff7c618560734d	-	e3b0c44298fc1c149afbf4c8996fb92427ae41e4649b934ca495991b7852b855
FX-NP-A-ulp-2	sparse_interactive	typed	refused_blocked	ok	0	fdb1c0df9741da474ccdfe1f5672bcc2d131e7b2ee1924e25aacf7270e6d1730	53593d99b4bea0a43c8036677f4f7afe18a273e5972df3c467bfc2ab870d9a77	-	e3b0c44298fc1c149afbf4c8996fb92427ae41e4649b934ca495991b7852b855
FX-R01	dense_scrutiny	captured	solved	ok	0	fb3d200ec1f7b6fbe0e4ef2bcdcb565ae250fc7c7d521d0e8f2509504caf6d5a	b56bf3c7f3dc34d6cae2de3b6938622a4c7ba32bf1b4d8c58b5b0ea00428108c	-	e3b0c44298fc1c149afbf4c8996fb92427ae41e4649b934ca495991b7852b855
FX-R01	dense_scrutiny	typed	solved	ok	0	fb3d200ec1f7b6fbe0e4ef2bcdcb565ae250fc7c7d521d0e8f2509504caf6d5a	b56bf3c7f3dc34d6cae2de3b6938622a4c7ba32bf1b4d8c58b5b0ea00428108c	-	e3b0c44298fc1c149afbf4c8996fb92427ae41e4649b934ca495991b7852b855
FX-R01	sparse_interactive	captured	solved	ok	0	5044908cf032fd18798ac4701a55eb0ca42b039e66464be79ea9c3516fb49658	9c298e76c0ee8fe8b94baae249accf6df5d5046aa7c7427f26cabb66f36f4a76	-	e3b0c44298fc1c149afbf4c8996fb92427ae41e4649b934ca495991b7852b855
FX-R01	sparse_interactive	typed	solved	ok	0	5044908cf032fd18798ac4701a55eb0ca42b039e66464be79ea9c3516fb49658	9c298e76c0ee8fe8b94baae249accf6df5d5046aa7c7427f26cabb66f36f4a76	-	e3b0c44298fc1c149afbf4c8996fb92427ae41e4649b934ca495991b7852b855
FX-R04	dense_scrutiny	captured	refused_blocked	ok	0	2c5a3e973ff2275ca2e0e0448451477923185317a35a799babbd502251181840	75fe8bed1db8d530e2301f575fe81a31d81632757f49eb5980a580878c856966	-	e3b0c44298fc1c149afbf4c8996fb92427ae41e4649b934ca495991b7852b855
FX-R04	dense_scrutiny	typed	refused_error	ERR	0	-	-	3c46c77d4ea94a2e67d87cbea80194c8e321c13a8e5b73bac7720d352307a3c7	e3b0c44298fc1c149afbf4c8996fb92427ae41e4649b934ca495991b7852b855
FX-R04	sparse_interactive	captured	refused_blocked	ok	0	2c5a3e973ff2275ca2e0e0448451477923185317a35a799babbd502251181840	75fe8bed1db8d530e2301f575fe81a31d81632757f49eb5980a580878c856966	-	e3b0c44298fc1c149afbf4c8996fb92427ae41e4649b934ca495991b7852b855
FX-R04	sparse_interactive	typed	refused_error	ERR	0	-	-	3c46c77d4ea94a2e67d87cbea80194c8e321c13a8e5b73bac7720d352307a3c7	e3b0c44298fc1c149afbf4c8996fb92427ae41e4649b934ca495991b7852b855
FX-R05	dense_scrutiny	captured	solved	ok	0	bb12f36263fb852b2e1987c9ba9b9c58e3a32dab2cc356745627036091d21729	c7ae8bd4fefadddb848fcff5178e8a95fdc32f5192755ab038b7d7281371d7ed	-	e3b0c44298fc1c149afbf4c8996fb92427ae41e4649b934ca495991b7852b855
FX-R05	dense_scrutiny	typed	solved	ok	0	bb12f36263fb852b2e1987c9ba9b9c58e3a32dab2cc356745627036091d21729	c7ae8bd4fefadddb848fcff5178e8a95fdc32f5192755ab038b7d7281371d7ed	-	e3b0c44298fc1c149afbf4c8996fb92427ae41e4649b934ca495991b7852b855
FX-R05	sparse_interactive	captured	solved	ok	0	5f9a9fa4d92932433bb2203825b102dbfceca5c0641656c97658ddd95d3f7587	69ab1e0790f0925b7c97708faa2704f7e492c6c6a72a1303193612239cecee89	-	e3b0c44298fc1c149afbf4c8996fb92427ae41e4649b934ca495991b7852b855
FX-R05	sparse_interactive	typed	solved	ok	0	5f9a9fa4d92932433bb2203825b102dbfceca5c0641656c97658ddd95d3f7587	69ab1e0790f0925b7c97708faa2704f7e492c6c6a72a1303193612239cecee89	-	e3b0c44298fc1c149afbf4c8996fb92427ae41e4649b934ca495991b7852b855
FX-R06	dense_scrutiny	captured	solved	ok	0	4635bcbc92902a62414f3fe8bce2af9f251d6b79c11500922cbc0089937e0c93	d486d6d324f6cd1ee21d66f52a27a57b88ed0dedfb5fed085996e8e85e175189	-	e3b0c44298fc1c149afbf4c8996fb92427ae41e4649b934ca495991b7852b855
FX-R06	dense_scrutiny	typed	solved	ok	0	4635bcbc92902a62414f3fe8bce2af9f251d6b79c11500922cbc0089937e0c93	d486d6d324f6cd1ee21d66f52a27a57b88ed0dedfb5fed085996e8e85e175189	-	e3b0c44298fc1c149afbf4c8996fb92427ae41e4649b934ca495991b7852b855
FX-R06	sparse_interactive	captured	solved	ok	0	7aa7697e1e365e2869a7aa632737705a4b7f76d1200c4cf8a4f485f9f9a0c1af	6a42240c0a1d6d5f9f0ec529828167e57f751a3a566bd8993ea2e2bf6078f384	-	e3b0c44298fc1c149afbf4c8996fb92427ae41e4649b934ca495991b7852b855
FX-R06	sparse_interactive	typed	solved	ok	0	7aa7697e1e365e2869a7aa632737705a4b7f76d1200c4cf8a4f485f9f9a0c1af	6a42240c0a1d6d5f9f0ec529828167e57f751a3a566bd8993ea2e2bf6078f384	-	e3b0c44298fc1c149afbf4c8996fb92427ae41e4649b934ca495991b7852b855
RF-CANCEL-F-G1e5-GGn	dense_scrutiny	captured	solved	ok	0	d35dbeb1171c0ff5179e815fbdbff5df19f2857e50a4321e2345c402184708a5	fbf3b740da12aea90b2fa52760154042e5b5138192de08258b81cc2e712280d6	-	e3b0c44298fc1c149afbf4c8996fb92427ae41e4649b934ca495991b7852b855
RF-CANCEL-F-G1e5-GGn	dense_scrutiny	typed	solved	ok	0	d35dbeb1171c0ff5179e815fbdbff5df19f2857e50a4321e2345c402184708a5	fbf3b740da12aea90b2fa52760154042e5b5138192de08258b81cc2e712280d6	-	e3b0c44298fc1c149afbf4c8996fb92427ae41e4649b934ca495991b7852b855
RF-CANCEL-F-G1e5-GGn	sparse_interactive	captured	solved	ok	0	11ddc2c09e754dd654ad3b3a5b074f250a545c0fbc0afc2d760fd37ffc42916f	a12c1a7e3da4a9d4fed3cadb780b674515ce9aaf8720e7f5b5e30deadcc3a0ca	-	e3b0c44298fc1c149afbf4c8996fb92427ae41e4649b934ca495991b7852b855
RF-CANCEL-F-G1e5-GGn	sparse_interactive	typed	solved	ok	0	11ddc2c09e754dd654ad3b3a5b074f250a545c0fbc0afc2d760fd37ffc42916f	a12c1a7e3da4a9d4fed3cadb780b674515ce9aaf8720e7f5b5e30deadcc3a0ca	-	e3b0c44298fc1c149afbf4c8996fb92427ae41e4649b934ca495991b7852b855
RF-CANCEL-F-G1e5-GnG	dense_scrutiny	captured	solved	ok	0	d35dbeb1171c0ff5179e815fbdbff5df19f2857e50a4321e2345c402184708a5	d14efb0fd3b2aa181a8e812d3487aaf964e89c1164a0bb5ca28ed354d30cc5a4	-	e3b0c44298fc1c149afbf4c8996fb92427ae41e4649b934ca495991b7852b855
RF-CANCEL-F-G1e5-GnG	dense_scrutiny	typed	solved	ok	0	d35dbeb1171c0ff5179e815fbdbff5df19f2857e50a4321e2345c402184708a5	d14efb0fd3b2aa181a8e812d3487aaf964e89c1164a0bb5ca28ed354d30cc5a4	-	e3b0c44298fc1c149afbf4c8996fb92427ae41e4649b934ca495991b7852b855
RF-CANCEL-F-G1e5-GnG	sparse_interactive	captured	solved	ok	0	11ddc2c09e754dd654ad3b3a5b074f250a545c0fbc0afc2d760fd37ffc42916f	33bf67d0295887b80ca3c72d711c1336c43da844764434cf057b38f5a3cea8ef	-	e3b0c44298fc1c149afbf4c8996fb92427ae41e4649b934ca495991b7852b855
RF-CANCEL-F-G1e5-GnG	sparse_interactive	typed	solved	ok	0	11ddc2c09e754dd654ad3b3a5b074f250a545c0fbc0afc2d760fd37ffc42916f	33bf67d0295887b80ca3c72d711c1336c43da844764434cf057b38f5a3cea8ef	-	e3b0c44298fc1c149afbf4c8996fb92427ae41e4649b934ca495991b7852b855
RF-CANCEL-F-G1e5-nGG	dense_scrutiny	captured	solved	ok	0	d35dbeb1171c0ff5179e815fbdbff5df19f2857e50a4321e2345c402184708a5	5bd050e476d4ee6fe6e66144038d432b61917673a1daf43944d7b2ffd0dd9f63	-	e3b0c44298fc1c149afbf4c8996fb92427ae41e4649b934ca495991b7852b855
RF-CANCEL-F-G1e5-nGG	dense_scrutiny	typed	solved	ok	0	d35dbeb1171c0ff5179e815fbdbff5df19f2857e50a4321e2345c402184708a5	5bd050e476d4ee6fe6e66144038d432b61917673a1daf43944d7b2ffd0dd9f63	-	e3b0c44298fc1c149afbf4c8996fb92427ae41e4649b934ca495991b7852b855
RF-CANCEL-F-G1e5-nGG	sparse_interactive	captured	solved	ok	0	11ddc2c09e754dd654ad3b3a5b074f250a545c0fbc0afc2d760fd37ffc42916f	a15bd3857ceb320c4895dcbdb04ecf195d7214d61db85c0922cba20d6a342e7c	-	e3b0c44298fc1c149afbf4c8996fb92427ae41e4649b934ca495991b7852b855
RF-CANCEL-F-G1e5-nGG	sparse_interactive	typed	solved	ok	0	11ddc2c09e754dd654ad3b3a5b074f250a545c0fbc0afc2d760fd37ffc42916f	a15bd3857ceb320c4895dcbdb04ecf195d7214d61db85c0922cba20d6a342e7c	-	e3b0c44298fc1c149afbf4c8996fb92427ae41e4649b934ca495991b7852b855
RF-CANCEL-F-G1e6-GGn	dense_scrutiny	captured	solved	ok	0	d35dbeb1171c0ff5179e815fbdbff5df19f2857e50a4321e2345c402184708a5	5e6e3649ac2bbd277f55eb6981581780054427fd766d8446d646ca18345bd747	-	e3b0c44298fc1c149afbf4c8996fb92427ae41e4649b934ca495991b7852b855
RF-CANCEL-F-G1e6-GGn	dense_scrutiny	typed	solved	ok	0	d35dbeb1171c0ff5179e815fbdbff5df19f2857e50a4321e2345c402184708a5	5e6e3649ac2bbd277f55eb6981581780054427fd766d8446d646ca18345bd747	-	e3b0c44298fc1c149afbf4c8996fb92427ae41e4649b934ca495991b7852b855
RF-CANCEL-F-G1e6-GGn	sparse_interactive	captured	solved	ok	0	11ddc2c09e754dd654ad3b3a5b074f250a545c0fbc0afc2d760fd37ffc42916f	2de18e674924ab9b87462e922aff834f8fed35e0cb41b844f7ed500bfa8693af	-	e3b0c44298fc1c149afbf4c8996fb92427ae41e4649b934ca495991b7852b855
RF-CANCEL-F-G1e6-GGn	sparse_interactive	typed	solved	ok	0	11ddc2c09e754dd654ad3b3a5b074f250a545c0fbc0afc2d760fd37ffc42916f	2de18e674924ab9b87462e922aff834f8fed35e0cb41b844f7ed500bfa8693af	-	e3b0c44298fc1c149afbf4c8996fb92427ae41e4649b934ca495991b7852b855
RF-CANCEL-F-G1e6-GnG	dense_scrutiny	captured	solved	ok	0	d35dbeb1171c0ff5179e815fbdbff5df19f2857e50a4321e2345c402184708a5	ec8b027ef27de313a4ae684a2729805e5d8bd8ae30fb7e3ab7d3f05e73469700	-	e3b0c44298fc1c149afbf4c8996fb92427ae41e4649b934ca495991b7852b855
RF-CANCEL-F-G1e6-GnG	dense_scrutiny	typed	solved	ok	0	d35dbeb1171c0ff5179e815fbdbff5df19f2857e50a4321e2345c402184708a5	ec8b027ef27de313a4ae684a2729805e5d8bd8ae30fb7e3ab7d3f05e73469700	-	e3b0c44298fc1c149afbf4c8996fb92427ae41e4649b934ca495991b7852b855
RF-CANCEL-F-G1e6-GnG	sparse_interactive	captured	solved	ok	0	11ddc2c09e754dd654ad3b3a5b074f250a545c0fbc0afc2d760fd37ffc42916f	d4a19055ac9b0df31d54d735886d1508b08bea7d78df2b60d96b8e286f621bb8	-	e3b0c44298fc1c149afbf4c8996fb92427ae41e4649b934ca495991b7852b855
RF-CANCEL-F-G1e6-GnG	sparse_interactive	typed	solved	ok	0	11ddc2c09e754dd654ad3b3a5b074f250a545c0fbc0afc2d760fd37ffc42916f	d4a19055ac9b0df31d54d735886d1508b08bea7d78df2b60d96b8e286f621bb8	-	e3b0c44298fc1c149afbf4c8996fb92427ae41e4649b934ca495991b7852b855
RF-CANCEL-F-G1e6-nGG	dense_scrutiny	captured	solved	ok	0	d35dbeb1171c0ff5179e815fbdbff5df19f2857e50a4321e2345c402184708a5	c1cf136c0b0629d97828597fd1db36e4a27ece3008e00b7cfb9aeac247c52f80	-	e3b0c44298fc1c149afbf4c8996fb92427ae41e4649b934ca495991b7852b855
RF-CANCEL-F-G1e6-nGG	dense_scrutiny	typed	solved	ok	0	d35dbeb1171c0ff5179e815fbdbff5df19f2857e50a4321e2345c402184708a5	c1cf136c0b0629d97828597fd1db36e4a27ece3008e00b7cfb9aeac247c52f80	-	e3b0c44298fc1c149afbf4c8996fb92427ae41e4649b934ca495991b7852b855
RF-CANCEL-F-G1e6-nGG	sparse_interactive	captured	solved	ok	0	11ddc2c09e754dd654ad3b3a5b074f250a545c0fbc0afc2d760fd37ffc42916f	59bc7da0c20d934fd60702cd8b172bd08c29c09ed236b89cad35288373efbe2b	-	e3b0c44298fc1c149afbf4c8996fb92427ae41e4649b934ca495991b7852b855
RF-CANCEL-F-G1e6-nGG	sparse_interactive	typed	solved	ok	0	11ddc2c09e754dd654ad3b3a5b074f250a545c0fbc0afc2d760fd37ffc42916f	59bc7da0c20d934fd60702cd8b172bd08c29c09ed236b89cad35288373efbe2b	-	e3b0c44298fc1c149afbf4c8996fb92427ae41e4649b934ca495991b7852b855
RF-CANCEL-F-G1e7-GGn	dense_scrutiny	captured	solved	ok	0	d35dbeb1171c0ff5179e815fbdbff5df19f2857e50a4321e2345c402184708a5	93bc1978619fbea6ff34a94e7b127102dcd4504007df5915da3b5eb6fd860a22	-	e3b0c44298fc1c149afbf4c8996fb92427ae41e4649b934ca495991b7852b855
RF-CANCEL-F-G1e7-GGn	dense_scrutiny	typed	solved	ok	0	d35dbeb1171c0ff5179e815fbdbff5df19f2857e50a4321e2345c402184708a5	93bc1978619fbea6ff34a94e7b127102dcd4504007df5915da3b5eb6fd860a22	-	e3b0c44298fc1c149afbf4c8996fb92427ae41e4649b934ca495991b7852b855
RF-CANCEL-F-G1e7-GGn	sparse_interactive	captured	solved	ok	0	11ddc2c09e754dd654ad3b3a5b074f250a545c0fbc0afc2d760fd37ffc42916f	cd3ad234c7d5a4f7f770ed15d229b0772b2b95c65865d5a084c9defecce868d5	-	e3b0c44298fc1c149afbf4c8996fb92427ae41e4649b934ca495991b7852b855
RF-CANCEL-F-G1e7-GGn	sparse_interactive	typed	solved	ok	0	11ddc2c09e754dd654ad3b3a5b074f250a545c0fbc0afc2d760fd37ffc42916f	cd3ad234c7d5a4f7f770ed15d229b0772b2b95c65865d5a084c9defecce868d5	-	e3b0c44298fc1c149afbf4c8996fb92427ae41e4649b934ca495991b7852b855
RF-CANCEL-F-G1e7-GnG	dense_scrutiny	captured	solved	ok	0	d35dbeb1171c0ff5179e815fbdbff5df19f2857e50a4321e2345c402184708a5	436a1937213efe56de6167528c4c6f6e5a4feb6e94fbf2348551b6d44f965751	-	e3b0c44298fc1c149afbf4c8996fb92427ae41e4649b934ca495991b7852b855
RF-CANCEL-F-G1e7-GnG	dense_scrutiny	typed	solved	ok	0	d35dbeb1171c0ff5179e815fbdbff5df19f2857e50a4321e2345c402184708a5	436a1937213efe56de6167528c4c6f6e5a4feb6e94fbf2348551b6d44f965751	-	e3b0c44298fc1c149afbf4c8996fb92427ae41e4649b934ca495991b7852b855
RF-CANCEL-F-G1e7-GnG	sparse_interactive	captured	solved	ok	0	11ddc2c09e754dd654ad3b3a5b074f250a545c0fbc0afc2d760fd37ffc42916f	177ad104a02c5a361ce253aee0fd37717c9f4719fe1f893ca6ac8643b7937431	-	e3b0c44298fc1c149afbf4c8996fb92427ae41e4649b934ca495991b7852b855
RF-CANCEL-F-G1e7-GnG	sparse_interactive	typed	solved	ok	0	11ddc2c09e754dd654ad3b3a5b074f250a545c0fbc0afc2d760fd37ffc42916f	177ad104a02c5a361ce253aee0fd37717c9f4719fe1f893ca6ac8643b7937431	-	e3b0c44298fc1c149afbf4c8996fb92427ae41e4649b934ca495991b7852b855
RF-CANCEL-F-G1e7-nGG	dense_scrutiny	captured	solved	ok	0	d35dbeb1171c0ff5179e815fbdbff5df19f2857e50a4321e2345c402184708a5	43f47fe1cfd252f5a7bb64f2c2bc2968404bb9e6d3b7bd25a64559ac8a8e028e	-	e3b0c44298fc1c149afbf4c8996fb92427ae41e4649b934ca495991b7852b855
RF-CANCEL-F-G1e7-nGG	dense_scrutiny	typed	solved	ok	0	d35dbeb1171c0ff5179e815fbdbff5df19f2857e50a4321e2345c402184708a5	43f47fe1cfd252f5a7bb64f2c2bc2968404bb9e6d3b7bd25a64559ac8a8e028e	-	e3b0c44298fc1c149afbf4c8996fb92427ae41e4649b934ca495991b7852b855
RF-CANCEL-F-G1e7-nGG	sparse_interactive	captured	solved	ok	0	11ddc2c09e754dd654ad3b3a5b074f250a545c0fbc0afc2d760fd37ffc42916f	ebee6d72dc7f9a41797a89a0f14188a05b027877c065ac640e69c8d3b8c0566e	-	e3b0c44298fc1c149afbf4c8996fb92427ae41e4649b934ca495991b7852b855
RF-CANCEL-F-G1e7-nGG	sparse_interactive	typed	solved	ok	0	11ddc2c09e754dd654ad3b3a5b074f250a545c0fbc0afc2d760fd37ffc42916f	ebee6d72dc7f9a41797a89a0f14188a05b027877c065ac640e69c8d3b8c0566e	-	e3b0c44298fc1c149afbf4c8996fb92427ae41e4649b934ca495991b7852b855
RF-CANCEL-F-G1e8-GGn	dense_scrutiny	captured	solved	ok	0	d35dbeb1171c0ff5179e815fbdbff5df19f2857e50a4321e2345c402184708a5	8dbc5bf0d300e41d9bbb878496fc26f3b6183acc6b966b6fac024ee847b7aa6b	-	e3b0c44298fc1c149afbf4c8996fb92427ae41e4649b934ca495991b7852b855
RF-CANCEL-F-G1e8-GGn	dense_scrutiny	typed	solved	ok	0	d35dbeb1171c0ff5179e815fbdbff5df19f2857e50a4321e2345c402184708a5	8dbc5bf0d300e41d9bbb878496fc26f3b6183acc6b966b6fac024ee847b7aa6b	-	e3b0c44298fc1c149afbf4c8996fb92427ae41e4649b934ca495991b7852b855
RF-CANCEL-F-G1e8-GGn	sparse_interactive	captured	solved	ok	0	11ddc2c09e754dd654ad3b3a5b074f250a545c0fbc0afc2d760fd37ffc42916f	b7530dbe9c0a7981e82f8ded58976514db8c8926aab5923faa573bd4228a3309	-	e3b0c44298fc1c149afbf4c8996fb92427ae41e4649b934ca495991b7852b855
RF-CANCEL-F-G1e8-GGn	sparse_interactive	typed	solved	ok	0	11ddc2c09e754dd654ad3b3a5b074f250a545c0fbc0afc2d760fd37ffc42916f	b7530dbe9c0a7981e82f8ded58976514db8c8926aab5923faa573bd4228a3309	-	e3b0c44298fc1c149afbf4c8996fb92427ae41e4649b934ca495991b7852b855
RF-CANCEL-F-G1e8-GnG	dense_scrutiny	captured	solved	ok	0	d35dbeb1171c0ff5179e815fbdbff5df19f2857e50a4321e2345c402184708a5	0def221f827ae5e5b13dffa1fb8dfd443f842d697d66cbe65f1635270a032c86	-	e3b0c44298fc1c149afbf4c8996fb92427ae41e4649b934ca495991b7852b855
RF-CANCEL-F-G1e8-GnG	dense_scrutiny	typed	solved	ok	0	d35dbeb1171c0ff5179e815fbdbff5df19f2857e50a4321e2345c402184708a5	0def221f827ae5e5b13dffa1fb8dfd443f842d697d66cbe65f1635270a032c86	-	e3b0c44298fc1c149afbf4c8996fb92427ae41e4649b934ca495991b7852b855
RF-CANCEL-F-G1e8-GnG	sparse_interactive	captured	solved	ok	0	11ddc2c09e754dd654ad3b3a5b074f250a545c0fbc0afc2d760fd37ffc42916f	4b26987965cfae2cb5130c0a8618d343ef74146264d287a89f33eb34b956fc3b	-	e3b0c44298fc1c149afbf4c8996fb92427ae41e4649b934ca495991b7852b855
RF-CANCEL-F-G1e8-GnG	sparse_interactive	typed	solved	ok	0	11ddc2c09e754dd654ad3b3a5b074f250a545c0fbc0afc2d760fd37ffc42916f	4b26987965cfae2cb5130c0a8618d343ef74146264d287a89f33eb34b956fc3b	-	e3b0c44298fc1c149afbf4c8996fb92427ae41e4649b934ca495991b7852b855
RF-CANCEL-F-G1e8-GnG-INPLANE	dense_scrutiny	captured	solved	ok	0	8bdaf45ad426243ff60f4728a5851f22443cf824b3bdcf36fb8192480839cbb6	c70b24908d1623b242a51e18396f01041d853dcced727b04a29fe2ea4c0fa947	-	e3b0c44298fc1c149afbf4c8996fb92427ae41e4649b934ca495991b7852b855
RF-CANCEL-F-G1e8-GnG-INPLANE	dense_scrutiny	typed	solved	ok	0	8bdaf45ad426243ff60f4728a5851f22443cf824b3bdcf36fb8192480839cbb6	c70b24908d1623b242a51e18396f01041d853dcced727b04a29fe2ea4c0fa947	-	e3b0c44298fc1c149afbf4c8996fb92427ae41e4649b934ca495991b7852b855
RF-CANCEL-F-G1e8-GnG-INPLANE	sparse_interactive	captured	solved	ok	0	962228f0f7bc8444dfb20eecf19a8aaf20cd93f81e1dcff72716febdb8966b35	2c7e11c43bf252978cf83e22625e66c4f47c0df294e9dda09139a1f74c7087e2	-	e3b0c44298fc1c149afbf4c8996fb92427ae41e4649b934ca495991b7852b855
RF-CANCEL-F-G1e8-GnG-INPLANE	sparse_interactive	typed	solved	ok	0	962228f0f7bc8444dfb20eecf19a8aaf20cd93f81e1dcff72716febdb8966b35	2c7e11c43bf252978cf83e22625e66c4f47c0df294e9dda09139a1f74c7087e2	-	e3b0c44298fc1c149afbf4c8996fb92427ae41e4649b934ca495991b7852b855
RF-CANCEL-F-G1e8-GnG-ORTHO	dense_scrutiny	captured	solved	ok	0	ba315ef01de2b07d77f6fbbaeaf39ef147cc404c60f30bd50c2d9bb0bc897a4c	7df771d0f16bf9cc1423d04006ebc63ef3011f0bb527c6a8dd37d16d2456549e	-	e3b0c44298fc1c149afbf4c8996fb92427ae41e4649b934ca495991b7852b855
RF-CANCEL-F-G1e8-GnG-ORTHO	dense_scrutiny	typed	solved	ok	0	ba315ef01de2b07d77f6fbbaeaf39ef147cc404c60f30bd50c2d9bb0bc897a4c	7df771d0f16bf9cc1423d04006ebc63ef3011f0bb527c6a8dd37d16d2456549e	-	e3b0c44298fc1c149afbf4c8996fb92427ae41e4649b934ca495991b7852b855
RF-CANCEL-F-G1e8-GnG-ORTHO	sparse_interactive	captured	solved	ok	0	89d9b34ffc473e3c013e812a54b69606434e539cc08a0d6e5aed70cc341f46e0	124e97c5277d74c17483a2cac879c0e429ead854cee2228e95f6e7781c5b3cba	-	e3b0c44298fc1c149afbf4c8996fb92427ae41e4649b934ca495991b7852b855
RF-CANCEL-F-G1e8-GnG-ORTHO	sparse_interactive	typed	solved	ok	0	89d9b34ffc473e3c013e812a54b69606434e539cc08a0d6e5aed70cc341f46e0	124e97c5277d74c17483a2cac879c0e429ead854cee2228e95f6e7781c5b3cba	-	e3b0c44298fc1c149afbf4c8996fb92427ae41e4649b934ca495991b7852b855
RF-CANCEL-F-G1e8-nGG	dense_scrutiny	captured	solved	ok	0	d35dbeb1171c0ff5179e815fbdbff5df19f2857e50a4321e2345c402184708a5	b91355dc7652bf5768b5aad42743973786dc6a0ab56912315d3b055753470386	-	e3b0c44298fc1c149afbf4c8996fb92427ae41e4649b934ca495991b7852b855
RF-CANCEL-F-G1e8-nGG	dense_scrutiny	typed	solved	ok	0	d35dbeb1171c0ff5179e815fbdbff5df19f2857e50a4321e2345c402184708a5	b91355dc7652bf5768b5aad42743973786dc6a0ab56912315d3b055753470386	-	e3b0c44298fc1c149afbf4c8996fb92427ae41e4649b934ca495991b7852b855
RF-CANCEL-F-G1e8-nGG	sparse_interactive	captured	solved	ok	0	11ddc2c09e754dd654ad3b3a5b074f250a545c0fbc0afc2d760fd37ffc42916f	18fd46b069e4b530a1d1299b036be56c2f6bb75b651a683f42a5a52bf4c0065f	-	e3b0c44298fc1c149afbf4c8996fb92427ae41e4649b934ca495991b7852b855
RF-CANCEL-F-G1e8-nGG	sparse_interactive	typed	solved	ok	0	11ddc2c09e754dd654ad3b3a5b074f250a545c0fbc0afc2d760fd37ffc42916f	18fd46b069e4b530a1d1299b036be56c2f6bb75b651a683f42a5a52bf4c0065f	-	e3b0c44298fc1c149afbf4c8996fb92427ae41e4649b934ca495991b7852b855
RF-CANCEL-F-G1e80-GGn	dense_scrutiny	captured	refused_capture	ERR	0	-	-	8bdc81187827a50ff3f016f7bb05fcece3732297e94f9a1bdb3f1fd28352d365	e3b0c44298fc1c149afbf4c8996fb92427ae41e4649b934ca495991b7852b855
RF-CANCEL-F-G1e80-GGn	dense_scrutiny	typed	solved	ok	0	6519183827615e6156ee9a176b9b1da540e225b18d4dc4d434081f497efd075c	0ff4deefb510a09c1e02a5c5e72fd99ca0eaa46b74ad82c2d917888d19ed6c27	-	e3b0c44298fc1c149afbf4c8996fb92427ae41e4649b934ca495991b7852b855
RF-CANCEL-F-G1e80-GGn	sparse_interactive	captured	refused_capture	ERR	0	-	-	8bdc81187827a50ff3f016f7bb05fcece3732297e94f9a1bdb3f1fd28352d365	e3b0c44298fc1c149afbf4c8996fb92427ae41e4649b934ca495991b7852b855
RF-CANCEL-F-G1e80-GGn	sparse_interactive	typed	solved	ok	0	fcad0aa7789c528d1835062ccc194e8c7017626228008281eda1e38be27da4b4	c70cf3cccd36bfb66f871085b4f025d3630127e37a28a2b5697073ef1a044eb2	-	e3b0c44298fc1c149afbf4c8996fb92427ae41e4649b934ca495991b7852b855
RF-CANCEL-F-G1e80-GnG	dense_scrutiny	captured	refused_capture	ERR	0	-	-	8bdc81187827a50ff3f016f7bb05fcece3732297e94f9a1bdb3f1fd28352d365	e3b0c44298fc1c149afbf4c8996fb92427ae41e4649b934ca495991b7852b855
RF-CANCEL-F-G1e80-GnG	dense_scrutiny	typed	solved	ok	0	6519183827615e6156ee9a176b9b1da540e225b18d4dc4d434081f497efd075c	5d014d2738ad42317dccc83ae5d907ba381ae575ea28132faf5cb645e6cc2e85	-	e3b0c44298fc1c149afbf4c8996fb92427ae41e4649b934ca495991b7852b855
RF-CANCEL-F-G1e80-GnG	sparse_interactive	captured	refused_capture	ERR	0	-	-	8bdc81187827a50ff3f016f7bb05fcece3732297e94f9a1bdb3f1fd28352d365	e3b0c44298fc1c149afbf4c8996fb92427ae41e4649b934ca495991b7852b855
RF-CANCEL-F-G1e80-GnG	sparse_interactive	typed	solved	ok	0	fcad0aa7789c528d1835062ccc194e8c7017626228008281eda1e38be27da4b4	15ee5a4365635ef31d6b82f4b63b9845ca0569d150e0c88b836e0a5380d325d2	-	e3b0c44298fc1c149afbf4c8996fb92427ae41e4649b934ca495991b7852b855
RF-CANCEL-F-G1e80-GnG-INPLANE	dense_scrutiny	captured	refused_capture	ERR	0	-	-	8bdc81187827a50ff3f016f7bb05fcece3732297e94f9a1bdb3f1fd28352d365	e3b0c44298fc1c149afbf4c8996fb92427ae41e4649b934ca495991b7852b855
RF-CANCEL-F-G1e80-GnG-INPLANE	dense_scrutiny	typed	solved	ok	0	843b3f38f27a01c7a388a6781a8b9b84e5861fa3b9e73eef78b1b410001cb57c	1e5b1629a6decf04221bb358103fb1bdb6b7fdb4c70d8e2edbab496a05804dcf	-	e3b0c44298fc1c149afbf4c8996fb92427ae41e4649b934ca495991b7852b855
RF-CANCEL-F-G1e80-GnG-INPLANE	sparse_interactive	captured	refused_capture	ERR	0	-	-	8bdc81187827a50ff3f016f7bb05fcece3732297e94f9a1bdb3f1fd28352d365	e3b0c44298fc1c149afbf4c8996fb92427ae41e4649b934ca495991b7852b855
RF-CANCEL-F-G1e80-GnG-INPLANE	sparse_interactive	typed	solved	ok	0	fb858eda955ff5110c645c1a605dce62c4e2cca6681f507b9845a88d834b616b	446f59ec00f8c769db2f466d0f42965ac9edd13c056f25c627e2fa17a12a5bab	-	e3b0c44298fc1c149afbf4c8996fb92427ae41e4649b934ca495991b7852b855
RF-CANCEL-F-G1e80-GnG-ORTHO	dense_scrutiny	captured	refused_capture	ERR	0	-	-	8bdc81187827a50ff3f016f7bb05fcece3732297e94f9a1bdb3f1fd28352d365	e3b0c44298fc1c149afbf4c8996fb92427ae41e4649b934ca495991b7852b855
RF-CANCEL-F-G1e80-GnG-ORTHO	dense_scrutiny	typed	solved	ok	0	a96ed1303aa466a6e26b906b80c59345866aba8e248066983e2d9f27cb63f36c	f47f4cab336521af6a1c82a976abac0dbf01a5df148404ccd835130bf7a4f56b	-	e3b0c44298fc1c149afbf4c8996fb92427ae41e4649b934ca495991b7852b855
RF-CANCEL-F-G1e80-GnG-ORTHO	sparse_interactive	captured	refused_capture	ERR	0	-	-	8bdc81187827a50ff3f016f7bb05fcece3732297e94f9a1bdb3f1fd28352d365	e3b0c44298fc1c149afbf4c8996fb92427ae41e4649b934ca495991b7852b855
RF-CANCEL-F-G1e80-GnG-ORTHO	sparse_interactive	typed	solved	ok	0	81764037b4948d30bb549272f47de5cffa63547a9a001626ea1cad16fb3d310f	208285527a66d879b51decd4534724f9eec4709bdf8d41635e0a48f90d9694bd	-	e3b0c44298fc1c149afbf4c8996fb92427ae41e4649b934ca495991b7852b855
RF-CANCEL-F-G1e80-nGG	dense_scrutiny	captured	refused_capture	ERR	0	-	-	8bdc81187827a50ff3f016f7bb05fcece3732297e94f9a1bdb3f1fd28352d365	e3b0c44298fc1c149afbf4c8996fb92427ae41e4649b934ca495991b7852b855
RF-CANCEL-F-G1e80-nGG	dense_scrutiny	typed	solved	ok	0	6519183827615e6156ee9a176b9b1da540e225b18d4dc4d434081f497efd075c	b24c297e1e80ceecc0dd0210c07b2573a8a060e68767b97b9c054326d4f4ef36	-	e3b0c44298fc1c149afbf4c8996fb92427ae41e4649b934ca495991b7852b855
RF-CANCEL-F-G1e80-nGG	sparse_interactive	captured	refused_capture	ERR	0	-	-	8bdc81187827a50ff3f016f7bb05fcece3732297e94f9a1bdb3f1fd28352d365	e3b0c44298fc1c149afbf4c8996fb92427ae41e4649b934ca495991b7852b855
RF-CANCEL-F-G1e80-nGG	sparse_interactive	typed	solved	ok	0	fcad0aa7789c528d1835062ccc194e8c7017626228008281eda1e38be27da4b4	003f598d339762e97b68e4e42f5ac931d4bdc41f158be2c1e21e6296a1dcf455	-	e3b0c44298fc1c149afbf4c8996fb92427ae41e4649b934ca495991b7852b855
RF-CANCEL-M-G1e5-GGn	dense_scrutiny	captured	solved	ok	0	12c426679d780aeb3c327db227b2f8ca95576da5841adfc67f89a8767875409f	70ee3eb9e0035207a0047cc8eac1635d9430dd9f7353914307d68b9ed1d6d5a2	-	e3b0c44298fc1c149afbf4c8996fb92427ae41e4649b934ca495991b7852b855
RF-CANCEL-M-G1e5-GGn	dense_scrutiny	typed	solved	ok	0	12c426679d780aeb3c327db227b2f8ca95576da5841adfc67f89a8767875409f	70ee3eb9e0035207a0047cc8eac1635d9430dd9f7353914307d68b9ed1d6d5a2	-	e3b0c44298fc1c149afbf4c8996fb92427ae41e4649b934ca495991b7852b855
RF-CANCEL-M-G1e5-GGn	sparse_interactive	captured	solved	ok	0	b3652e654d358dd4f1f8f31de506980dd3c25978dc1189b7d8fd9bb144984fd0	129f83e59ab0ecffaa74d61e46d215b004afff65e79a41c81f2eb175aa540fd1	-	e3b0c44298fc1c149afbf4c8996fb92427ae41e4649b934ca495991b7852b855
RF-CANCEL-M-G1e5-GGn	sparse_interactive	typed	solved	ok	0	b3652e654d358dd4f1f8f31de506980dd3c25978dc1189b7d8fd9bb144984fd0	129f83e59ab0ecffaa74d61e46d215b004afff65e79a41c81f2eb175aa540fd1	-	e3b0c44298fc1c149afbf4c8996fb92427ae41e4649b934ca495991b7852b855
RF-CANCEL-M-G1e5-GnG	dense_scrutiny	captured	solved	ok	0	12c426679d780aeb3c327db227b2f8ca95576da5841adfc67f89a8767875409f	fc50964dd2ee390e4507a31570fd3a7b5c8caadd92d88682be8510d6897ade33	-	e3b0c44298fc1c149afbf4c8996fb92427ae41e4649b934ca495991b7852b855
RF-CANCEL-M-G1e5-GnG	dense_scrutiny	typed	solved	ok	0	12c426679d780aeb3c327db227b2f8ca95576da5841adfc67f89a8767875409f	fc50964dd2ee390e4507a31570fd3a7b5c8caadd92d88682be8510d6897ade33	-	e3b0c44298fc1c149afbf4c8996fb92427ae41e4649b934ca495991b7852b855
RF-CANCEL-M-G1e5-GnG	sparse_interactive	captured	solved	ok	0	b3652e654d358dd4f1f8f31de506980dd3c25978dc1189b7d8fd9bb144984fd0	78fdc7d82b846c6e088b02bf2a3ab5d2b67bb17c1664110b6da85b1d3106edfd	-	e3b0c44298fc1c149afbf4c8996fb92427ae41e4649b934ca495991b7852b855
RF-CANCEL-M-G1e5-GnG	sparse_interactive	typed	solved	ok	0	b3652e654d358dd4f1f8f31de506980dd3c25978dc1189b7d8fd9bb144984fd0	78fdc7d82b846c6e088b02bf2a3ab5d2b67bb17c1664110b6da85b1d3106edfd	-	e3b0c44298fc1c149afbf4c8996fb92427ae41e4649b934ca495991b7852b855
RF-CANCEL-M-G1e5-nGG	dense_scrutiny	captured	solved	ok	0	12c426679d780aeb3c327db227b2f8ca95576da5841adfc67f89a8767875409f	26b6788858b067ef8c33d0567a987b84bc838fe8781d76552187b44794be6753	-	e3b0c44298fc1c149afbf4c8996fb92427ae41e4649b934ca495991b7852b855
RF-CANCEL-M-G1e5-nGG	dense_scrutiny	typed	solved	ok	0	12c426679d780aeb3c327db227b2f8ca95576da5841adfc67f89a8767875409f	26b6788858b067ef8c33d0567a987b84bc838fe8781d76552187b44794be6753	-	e3b0c44298fc1c149afbf4c8996fb92427ae41e4649b934ca495991b7852b855
RF-CANCEL-M-G1e5-nGG	sparse_interactive	captured	solved	ok	0	b3652e654d358dd4f1f8f31de506980dd3c25978dc1189b7d8fd9bb144984fd0	8b4aa03a8950971173663699041515b2de4157f415ba27ccd6625f073c4b5809	-	e3b0c44298fc1c149afbf4c8996fb92427ae41e4649b934ca495991b7852b855
RF-CANCEL-M-G1e5-nGG	sparse_interactive	typed	solved	ok	0	b3652e654d358dd4f1f8f31de506980dd3c25978dc1189b7d8fd9bb144984fd0	8b4aa03a8950971173663699041515b2de4157f415ba27ccd6625f073c4b5809	-	e3b0c44298fc1c149afbf4c8996fb92427ae41e4649b934ca495991b7852b855
RF-CANCEL-M-G1e6-GGn	dense_scrutiny	captured	solved	ok	0	12c426679d780aeb3c327db227b2f8ca95576da5841adfc67f89a8767875409f	7a7627b473cb14d2b21c74ab2e7375183e1c605cfacb906c37ab95932df6e08d	-	e3b0c44298fc1c149afbf4c8996fb92427ae41e4649b934ca495991b7852b855
RF-CANCEL-M-G1e6-GGn	dense_scrutiny	typed	solved	ok	0	12c426679d780aeb3c327db227b2f8ca95576da5841adfc67f89a8767875409f	7a7627b473cb14d2b21c74ab2e7375183e1c605cfacb906c37ab95932df6e08d	-	e3b0c44298fc1c149afbf4c8996fb92427ae41e4649b934ca495991b7852b855
RF-CANCEL-M-G1e6-GGn	sparse_interactive	captured	solved	ok	0	b3652e654d358dd4f1f8f31de506980dd3c25978dc1189b7d8fd9bb144984fd0	4e06c8f9052150f0d6affd6bbb6aea638a34a85437d4c58fa2c75837ca2fd30e	-	e3b0c44298fc1c149afbf4c8996fb92427ae41e4649b934ca495991b7852b855
RF-CANCEL-M-G1e6-GGn	sparse_interactive	typed	solved	ok	0	b3652e654d358dd4f1f8f31de506980dd3c25978dc1189b7d8fd9bb144984fd0	4e06c8f9052150f0d6affd6bbb6aea638a34a85437d4c58fa2c75837ca2fd30e	-	e3b0c44298fc1c149afbf4c8996fb92427ae41e4649b934ca495991b7852b855
RF-CANCEL-M-G1e6-GnG	dense_scrutiny	captured	solved	ok	0	12c426679d780aeb3c327db227b2f8ca95576da5841adfc67f89a8767875409f	68770f2d6f58af6d9e368fb5cf855cd2da3022a34f8b66f47c356d3eb2f3dc0f	-	e3b0c44298fc1c149afbf4c8996fb92427ae41e4649b934ca495991b7852b855
RF-CANCEL-M-G1e6-GnG	dense_scrutiny	typed	solved	ok	0	12c426679d780aeb3c327db227b2f8ca95576da5841adfc67f89a8767875409f	68770f2d6f58af6d9e368fb5cf855cd2da3022a34f8b66f47c356d3eb2f3dc0f	-	e3b0c44298fc1c149afbf4c8996fb92427ae41e4649b934ca495991b7852b855
RF-CANCEL-M-G1e6-GnG	sparse_interactive	captured	solved	ok	0	b3652e654d358dd4f1f8f31de506980dd3c25978dc1189b7d8fd9bb144984fd0	e75d5d60a080d90dec25ded561dd10a15f72729d522a8c95d43530e830c18e7e	-	e3b0c44298fc1c149afbf4c8996fb92427ae41e4649b934ca495991b7852b855
RF-CANCEL-M-G1e6-GnG	sparse_interactive	typed	solved	ok	0	b3652e654d358dd4f1f8f31de506980dd3c25978dc1189b7d8fd9bb144984fd0	e75d5d60a080d90dec25ded561dd10a15f72729d522a8c95d43530e830c18e7e	-	e3b0c44298fc1c149afbf4c8996fb92427ae41e4649b934ca495991b7852b855
RF-CANCEL-M-G1e6-nGG	dense_scrutiny	captured	solved	ok	0	12c426679d780aeb3c327db227b2f8ca95576da5841adfc67f89a8767875409f	1644b64a9e949ad8083155e12cd2efb04c2005b850ed011beca52d3fd4c2fd45	-	e3b0c44298fc1c149afbf4c8996fb92427ae41e4649b934ca495991b7852b855
RF-CANCEL-M-G1e6-nGG	dense_scrutiny	typed	solved	ok	0	12c426679d780aeb3c327db227b2f8ca95576da5841adfc67f89a8767875409f	1644b64a9e949ad8083155e12cd2efb04c2005b850ed011beca52d3fd4c2fd45	-	e3b0c44298fc1c149afbf4c8996fb92427ae41e4649b934ca495991b7852b855
RF-CANCEL-M-G1e6-nGG	sparse_interactive	captured	solved	ok	0	b3652e654d358dd4f1f8f31de506980dd3c25978dc1189b7d8fd9bb144984fd0	cde30e458a5a2bd81baad3bee8b945a928a843db469c265006313e33c49aeef5	-	e3b0c44298fc1c149afbf4c8996fb92427ae41e4649b934ca495991b7852b855
RF-CANCEL-M-G1e6-nGG	sparse_interactive	typed	solved	ok	0	b3652e654d358dd4f1f8f31de506980dd3c25978dc1189b7d8fd9bb144984fd0	cde30e458a5a2bd81baad3bee8b945a928a843db469c265006313e33c49aeef5	-	e3b0c44298fc1c149afbf4c8996fb92427ae41e4649b934ca495991b7852b855
RF-CANCEL-M-G1e7-GGn	dense_scrutiny	captured	solved	ok	0	12c426679d780aeb3c327db227b2f8ca95576da5841adfc67f89a8767875409f	f0730a5d7051a56cc9fbb683023be92bab1bca78cbb22c7a6dd90fe6b3b002eb	-	e3b0c44298fc1c149afbf4c8996fb92427ae41e4649b934ca495991b7852b855
RF-CANCEL-M-G1e7-GGn	dense_scrutiny	typed	solved	ok	0	12c426679d780aeb3c327db227b2f8ca95576da5841adfc67f89a8767875409f	f0730a5d7051a56cc9fbb683023be92bab1bca78cbb22c7a6dd90fe6b3b002eb	-	e3b0c44298fc1c149afbf4c8996fb92427ae41e4649b934ca495991b7852b855
RF-CANCEL-M-G1e7-GGn	sparse_interactive	captured	solved	ok	0	b3652e654d358dd4f1f8f31de506980dd3c25978dc1189b7d8fd9bb144984fd0	5c5ea7c742ecd3d00d09d6670a28e20ffab3a880ba376a419e3a0bd5407dc20d	-	e3b0c44298fc1c149afbf4c8996fb92427ae41e4649b934ca495991b7852b855
RF-CANCEL-M-G1e7-GGn	sparse_interactive	typed	solved	ok	0	b3652e654d358dd4f1f8f31de506980dd3c25978dc1189b7d8fd9bb144984fd0	5c5ea7c742ecd3d00d09d6670a28e20ffab3a880ba376a419e3a0bd5407dc20d	-	e3b0c44298fc1c149afbf4c8996fb92427ae41e4649b934ca495991b7852b855
RF-CANCEL-M-G1e7-GnG	dense_scrutiny	captured	solved	ok	0	12c426679d780aeb3c327db227b2f8ca95576da5841adfc67f89a8767875409f	ab8f9d8aa82f3d89c34be6df07c8252d58acec485a5e99aa2b626813660e96a3	-	e3b0c44298fc1c149afbf4c8996fb92427ae41e4649b934ca495991b7852b855
RF-CANCEL-M-G1e7-GnG	dense_scrutiny	typed	solved	ok	0	12c426679d780aeb3c327db227b2f8ca95576da5841adfc67f89a8767875409f	ab8f9d8aa82f3d89c34be6df07c8252d58acec485a5e99aa2b626813660e96a3	-	e3b0c44298fc1c149afbf4c8996fb92427ae41e4649b934ca495991b7852b855
RF-CANCEL-M-G1e7-GnG	sparse_interactive	captured	solved	ok	0	b3652e654d358dd4f1f8f31de506980dd3c25978dc1189b7d8fd9bb144984fd0	bbe9efad8e2a5c9a24a87863b3c743145fbd2de5f36d328e78a8974cdd60f01e	-	e3b0c44298fc1c149afbf4c8996fb92427ae41e4649b934ca495991b7852b855
RF-CANCEL-M-G1e7-GnG	sparse_interactive	typed	solved	ok	0	b3652e654d358dd4f1f8f31de506980dd3c25978dc1189b7d8fd9bb144984fd0	bbe9efad8e2a5c9a24a87863b3c743145fbd2de5f36d328e78a8974cdd60f01e	-	e3b0c44298fc1c149afbf4c8996fb92427ae41e4649b934ca495991b7852b855
RF-CANCEL-M-G1e7-nGG	dense_scrutiny	captured	solved	ok	0	12c426679d780aeb3c327db227b2f8ca95576da5841adfc67f89a8767875409f	d9f7ebb81f191ac4a07c719e0893433236e2fec1de437c893ac7f6dfbedf2589	-	e3b0c44298fc1c149afbf4c8996fb92427ae41e4649b934ca495991b7852b855
RF-CANCEL-M-G1e7-nGG	dense_scrutiny	typed	solved	ok	0	12c426679d780aeb3c327db227b2f8ca95576da5841adfc67f89a8767875409f	d9f7ebb81f191ac4a07c719e0893433236e2fec1de437c893ac7f6dfbedf2589	-	e3b0c44298fc1c149afbf4c8996fb92427ae41e4649b934ca495991b7852b855
RF-CANCEL-M-G1e7-nGG	sparse_interactive	captured	solved	ok	0	b3652e654d358dd4f1f8f31de506980dd3c25978dc1189b7d8fd9bb144984fd0	e8b75b24a4a471fdba1f70eb03578350a1d17b7b21b5d37d72faea97ad108920	-	e3b0c44298fc1c149afbf4c8996fb92427ae41e4649b934ca495991b7852b855
RF-CANCEL-M-G1e7-nGG	sparse_interactive	typed	solved	ok	0	b3652e654d358dd4f1f8f31de506980dd3c25978dc1189b7d8fd9bb144984fd0	e8b75b24a4a471fdba1f70eb03578350a1d17b7b21b5d37d72faea97ad108920	-	e3b0c44298fc1c149afbf4c8996fb92427ae41e4649b934ca495991b7852b855
RF-CANCEL-M-G1e8-GGn	dense_scrutiny	captured	solved	ok	0	12c426679d780aeb3c327db227b2f8ca95576da5841adfc67f89a8767875409f	27d60d8f44e14ec8dd28883b6acd9a517308781b62957c06d58ae2b48043b231	-	e3b0c44298fc1c149afbf4c8996fb92427ae41e4649b934ca495991b7852b855
RF-CANCEL-M-G1e8-GGn	dense_scrutiny	typed	solved	ok	0	12c426679d780aeb3c327db227b2f8ca95576da5841adfc67f89a8767875409f	27d60d8f44e14ec8dd28883b6acd9a517308781b62957c06d58ae2b48043b231	-	e3b0c44298fc1c149afbf4c8996fb92427ae41e4649b934ca495991b7852b855
RF-CANCEL-M-G1e8-GGn	sparse_interactive	captured	solved	ok	0	b3652e654d358dd4f1f8f31de506980dd3c25978dc1189b7d8fd9bb144984fd0	78a3cfed62446247ac8a07054aae22e7a135cc6efd0ea41e2c60b0d9159df8df	-	e3b0c44298fc1c149afbf4c8996fb92427ae41e4649b934ca495991b7852b855
RF-CANCEL-M-G1e8-GGn	sparse_interactive	typed	solved	ok	0	b3652e654d358dd4f1f8f31de506980dd3c25978dc1189b7d8fd9bb144984fd0	78a3cfed62446247ac8a07054aae22e7a135cc6efd0ea41e2c60b0d9159df8df	-	e3b0c44298fc1c149afbf4c8996fb92427ae41e4649b934ca495991b7852b855
RF-CANCEL-M-G1e8-GnG	dense_scrutiny	captured	solved	ok	0	12c426679d780aeb3c327db227b2f8ca95576da5841adfc67f89a8767875409f	90d4e8b6d5c29cfe13f1b6169d85022f35dccfc8189609dd3ddff87c3a8503e6	-	e3b0c44298fc1c149afbf4c8996fb92427ae41e4649b934ca495991b7852b855
RF-CANCEL-M-G1e8-GnG	dense_scrutiny	typed	solved	ok	0	12c426679d780aeb3c327db227b2f8ca95576da5841adfc67f89a8767875409f	90d4e8b6d5c29cfe13f1b6169d85022f35dccfc8189609dd3ddff87c3a8503e6	-	e3b0c44298fc1c149afbf4c8996fb92427ae41e4649b934ca495991b7852b855
RF-CANCEL-M-G1e8-GnG	sparse_interactive	captured	solved	ok	0	b3652e654d358dd4f1f8f31de506980dd3c25978dc1189b7d8fd9bb144984fd0	6265ba3c8eb5e466c2f4de68229118a889c5eb1b4270c07de843e7a6c6a5361e	-	e3b0c44298fc1c149afbf4c8996fb92427ae41e4649b934ca495991b7852b855
RF-CANCEL-M-G1e8-GnG	sparse_interactive	typed	solved	ok	0	b3652e654d358dd4f1f8f31de506980dd3c25978dc1189b7d8fd9bb144984fd0	6265ba3c8eb5e466c2f4de68229118a889c5eb1b4270c07de843e7a6c6a5361e	-	e3b0c44298fc1c149afbf4c8996fb92427ae41e4649b934ca495991b7852b855
RF-CANCEL-M-G1e8-GnG-INPLANE	dense_scrutiny	captured	solved	ok	0	7bca97b153926c0a9632b83894d3f3a853b32ed34f3b9e4373ec02c9511eba1b	7e4be0e88a4ddc9511b7363f65fbc492bda4abf4a5e734183876379e9b96ddda	-	e3b0c44298fc1c149afbf4c8996fb92427ae41e4649b934ca495991b7852b855
RF-CANCEL-M-G1e8-GnG-INPLANE	dense_scrutiny	typed	solved	ok	0	7bca97b153926c0a9632b83894d3f3a853b32ed34f3b9e4373ec02c9511eba1b	7e4be0e88a4ddc9511b7363f65fbc492bda4abf4a5e734183876379e9b96ddda	-	e3b0c44298fc1c149afbf4c8996fb92427ae41e4649b934ca495991b7852b855
RF-CANCEL-M-G1e8-GnG-INPLANE	sparse_interactive	captured	solved	ok	0	4e5dcee714774cacfd419766da03d7c85c8d86842a140bbe64d6a9021f56aa62	461d62c14ca9880b66b4a949b5ad487984524913a09799b44a74eb27b41fb574	-	e3b0c44298fc1c149afbf4c8996fb92427ae41e4649b934ca495991b7852b855
RF-CANCEL-M-G1e8-GnG-INPLANE	sparse_interactive	typed	solved	ok	0	4e5dcee714774cacfd419766da03d7c85c8d86842a140bbe64d6a9021f56aa62	461d62c14ca9880b66b4a949b5ad487984524913a09799b44a74eb27b41fb574	-	e3b0c44298fc1c149afbf4c8996fb92427ae41e4649b934ca495991b7852b855
RF-CANCEL-M-G1e8-GnG-ORTHO	dense_scrutiny	captured	solved	ok	0	3a22c0bb1ecf4b81123f5f2c9426d6dd3f4dcd9d52c51d63b42d8ac08e426fc2	1d50a34c56ee6d47bab9670789162585d42bffb4ef10e71a76d9f5d1fd0dde88	-	e3b0c44298fc1c149afbf4c8996fb92427ae41e4649b934ca495991b7852b855
RF-CANCEL-M-G1e8-GnG-ORTHO	dense_scrutiny	typed	solved	ok	0	3a22c0bb1ecf4b81123f5f2c9426d6dd3f4dcd9d52c51d63b42d8ac08e426fc2	1d50a34c56ee6d47bab9670789162585d42bffb4ef10e71a76d9f5d1fd0dde88	-	e3b0c44298fc1c149afbf4c8996fb92427ae41e4649b934ca495991b7852b855
RF-CANCEL-M-G1e8-GnG-ORTHO	sparse_interactive	captured	solved	ok	0	7a81debed736386379069c5249f96ecd03b749f373cf0d5d56028879556bde5f	c7392768948ca61c580afcf7a1f0d04a50d68ba829058aa2398f0d6795ca0f9d	-	e3b0c44298fc1c149afbf4c8996fb92427ae41e4649b934ca495991b7852b855
RF-CANCEL-M-G1e8-GnG-ORTHO	sparse_interactive	typed	solved	ok	0	7a81debed736386379069c5249f96ecd03b749f373cf0d5d56028879556bde5f	c7392768948ca61c580afcf7a1f0d04a50d68ba829058aa2398f0d6795ca0f9d	-	e3b0c44298fc1c149afbf4c8996fb92427ae41e4649b934ca495991b7852b855
RF-CANCEL-M-G1e8-nGG	dense_scrutiny	captured	solved	ok	0	12c426679d780aeb3c327db227b2f8ca95576da5841adfc67f89a8767875409f	682284f6cb193a925c27a82a7e32b7fa9f22ab3a71ba1bca2f90ecdc8093a2af	-	e3b0c44298fc1c149afbf4c8996fb92427ae41e4649b934ca495991b7852b855
RF-CANCEL-M-G1e8-nGG	dense_scrutiny	typed	solved	ok	0	12c426679d780aeb3c327db227b2f8ca95576da5841adfc67f89a8767875409f	682284f6cb193a925c27a82a7e32b7fa9f22ab3a71ba1bca2f90ecdc8093a2af	-	e3b0c44298fc1c149afbf4c8996fb92427ae41e4649b934ca495991b7852b855
RF-CANCEL-M-G1e8-nGG	sparse_interactive	captured	solved	ok	0	b3652e654d358dd4f1f8f31de506980dd3c25978dc1189b7d8fd9bb144984fd0	d10e6691535d80237485b63beec2954f38c7be3366fc1cc2a1789571e50c201e	-	e3b0c44298fc1c149afbf4c8996fb92427ae41e4649b934ca495991b7852b855
RF-CANCEL-M-G1e8-nGG	sparse_interactive	typed	solved	ok	0	b3652e654d358dd4f1f8f31de506980dd3c25978dc1189b7d8fd9bb144984fd0	d10e6691535d80237485b63beec2954f38c7be3366fc1cc2a1789571e50c201e	-	e3b0c44298fc1c149afbf4c8996fb92427ae41e4649b934ca495991b7852b855
RF-CANCEL-M-G1e80-GGn	dense_scrutiny	captured	refused_capture	ERR	0	-	-	8bdc81187827a50ff3f016f7bb05fcece3732297e94f9a1bdb3f1fd28352d365	e3b0c44298fc1c149afbf4c8996fb92427ae41e4649b934ca495991b7852b855
RF-CANCEL-M-G1e80-GGn	dense_scrutiny	typed	solved	ok	0	9e95c181fb6e31cccbcbd52aa8f4fb7809a793eb8eca2150fa27cdb3032a1621	4cf8af40f9f002d34667cf3c1725bae2bb377c8a3f6ef0db933b347252ab7725	-	e3b0c44298fc1c149afbf4c8996fb92427ae41e4649b934ca495991b7852b855
RF-CANCEL-M-G1e80-GGn	sparse_interactive	captured	refused_capture	ERR	0	-	-	8bdc81187827a50ff3f016f7bb05fcece3732297e94f9a1bdb3f1fd28352d365	e3b0c44298fc1c149afbf4c8996fb92427ae41e4649b934ca495991b7852b855
RF-CANCEL-M-G1e80-GGn	sparse_interactive	typed	solved	ok	0	c6ff5b32476ae44606e12908c39852332270cf2945346a2afeab2be29fbc1b2f	725edabf91be0addc6bd16258404ef6de1c8438bb69a43f433ca731112d86190	-	e3b0c44298fc1c149afbf4c8996fb92427ae41e4649b934ca495991b7852b855
RF-CANCEL-M-G1e80-GnG	dense_scrutiny	captured	refused_capture	ERR	0	-	-	8bdc81187827a50ff3f016f7bb05fcece3732297e94f9a1bdb3f1fd28352d365	e3b0c44298fc1c149afbf4c8996fb92427ae41e4649b934ca495991b7852b855
RF-CANCEL-M-G1e80-GnG	dense_scrutiny	typed	solved	ok	0	9e95c181fb6e31cccbcbd52aa8f4fb7809a793eb8eca2150fa27cdb3032a1621	f4945b2e95df6e21c8cb5e4c158a4983f1f600c3a79b28c323ae171dc8b786ec	-	e3b0c44298fc1c149afbf4c8996fb92427ae41e4649b934ca495991b7852b855
RF-CANCEL-M-G1e80-GnG	sparse_interactive	captured	refused_capture	ERR	0	-	-	8bdc81187827a50ff3f016f7bb05fcece3732297e94f9a1bdb3f1fd28352d365	e3b0c44298fc1c149afbf4c8996fb92427ae41e4649b934ca495991b7852b855
RF-CANCEL-M-G1e80-GnG	sparse_interactive	typed	solved	ok	0	c6ff5b32476ae44606e12908c39852332270cf2945346a2afeab2be29fbc1b2f	7469ba32330d5d1828899254c71eb4852e81ce86131aa3dfaf2af38d00cdb9dc	-	e3b0c44298fc1c149afbf4c8996fb92427ae41e4649b934ca495991b7852b855
RF-CANCEL-M-G1e80-GnG-INPLANE	dense_scrutiny	captured	refused_capture	ERR	0	-	-	8bdc81187827a50ff3f016f7bb05fcece3732297e94f9a1bdb3f1fd28352d365	e3b0c44298fc1c149afbf4c8996fb92427ae41e4649b934ca495991b7852b855
RF-CANCEL-M-G1e80-GnG-INPLANE	dense_scrutiny	typed	solved	ok	0	c432c744a8576ff41fe14c2e1e09a095f0cfbe5edf66ac7dbc67cb04017cf3e2	953f10a1f7c5504d324d60ecd9c9afaf17ec9d71db628a25ff20306971d71026	-	e3b0c44298fc1c149afbf4c8996fb92427ae41e4649b934ca495991b7852b855
RF-CANCEL-M-G1e80-GnG-INPLANE	sparse_interactive	captured	refused_capture	ERR	0	-	-	8bdc81187827a50ff3f016f7bb05fcece3732297e94f9a1bdb3f1fd28352d365	e3b0c44298fc1c149afbf4c8996fb92427ae41e4649b934ca495991b7852b855
RF-CANCEL-M-G1e80-GnG-INPLANE	sparse_interactive	typed	solved	ok	0	b7522f3cc9ba959e8e9101f69b048acde3a85201350c5186107b3a179d4dc762	8fb9deb322b9c83d6bb5ec5cfe024003d8ebb6c39918969922bf4cef9705381d	-	e3b0c44298fc1c149afbf4c8996fb92427ae41e4649b934ca495991b7852b855
RF-CANCEL-M-G1e80-GnG-ORTHO	dense_scrutiny	captured	refused_capture	ERR	0	-	-	8bdc81187827a50ff3f016f7bb05fcece3732297e94f9a1bdb3f1fd28352d365	e3b0c44298fc1c149afbf4c8996fb92427ae41e4649b934ca495991b7852b855
RF-CANCEL-M-G1e80-GnG-ORTHO	dense_scrutiny	typed	solved	ok	0	19a902f892d2305ba18cc83591b7399ca723e682f41a3bd5abd03b8aed18e512	ddb0beca1cb0da2dff50d62714a34c1155433a88cefcea261e3304fd7fc149dc	-	e3b0c44298fc1c149afbf4c8996fb92427ae41e4649b934ca495991b7852b855
RF-CANCEL-M-G1e80-GnG-ORTHO	sparse_interactive	captured	refused_capture	ERR	0	-	-	8bdc81187827a50ff3f016f7bb05fcece3732297e94f9a1bdb3f1fd28352d365	e3b0c44298fc1c149afbf4c8996fb92427ae41e4649b934ca495991b7852b855
RF-CANCEL-M-G1e80-GnG-ORTHO	sparse_interactive	typed	solved	ok	0	1ce0ab5727653d82572f5b156631e5b687ceb9655063997a1bcc78c24757828f	b52f9d6ac6a50ae9a3760131c3adc35cd5114d9937b7dba6d09c3e1cd1ce7a52	-	e3b0c44298fc1c149afbf4c8996fb92427ae41e4649b934ca495991b7852b855
RF-CANCEL-M-G1e80-nGG	dense_scrutiny	captured	refused_capture	ERR	0	-	-	8bdc81187827a50ff3f016f7bb05fcece3732297e94f9a1bdb3f1fd28352d365	e3b0c44298fc1c149afbf4c8996fb92427ae41e4649b934ca495991b7852b855
RF-CANCEL-M-G1e80-nGG	dense_scrutiny	typed	solved	ok	0	9e95c181fb6e31cccbcbd52aa8f4fb7809a793eb8eca2150fa27cdb3032a1621	66eafbe367bb43a10c7344c186238b06f433486a1d45a4ac88d59468846aa4a2	-	e3b0c44298fc1c149afbf4c8996fb92427ae41e4649b934ca495991b7852b855
RF-CANCEL-M-G1e80-nGG	sparse_interactive	captured	refused_capture	ERR	0	-	-	8bdc81187827a50ff3f016f7bb05fcece3732297e94f9a1bdb3f1fd28352d365	e3b0c44298fc1c149afbf4c8996fb92427ae41e4649b934ca495991b7852b855
RF-CANCEL-M-G1e80-nGG	sparse_interactive	typed	solved	ok	0	c6ff5b32476ae44606e12908c39852332270cf2945346a2afeab2be29fbc1b2f	25df809c699deb69c21414dd31fc182aad162d19d4e003fb9c13e2e429c733d1	-	e3b0c44298fc1c149afbf4c8996fb92427ae41e4649b934ca495991b7852b855
RF-CANCEL-UDL-W1e5	dense_scrutiny	captured	solved	ok	0	0f69836169921428f284e5d71c9eae9254905a17486e6bcf286fbab9b3e72c54	9d50cd0c04751a1f2bf1e980be53babe0f229970b7acc9fd48d56ccc76f0cc00	-	e3b0c44298fc1c149afbf4c8996fb92427ae41e4649b934ca495991b7852b855
RF-CANCEL-UDL-W1e5	dense_scrutiny	typed	solved	ok	0	0f69836169921428f284e5d71c9eae9254905a17486e6bcf286fbab9b3e72c54	9d50cd0c04751a1f2bf1e980be53babe0f229970b7acc9fd48d56ccc76f0cc00	-	e3b0c44298fc1c149afbf4c8996fb92427ae41e4649b934ca495991b7852b855
RF-CANCEL-UDL-W1e5	sparse_interactive	captured	solved	ok	0	3f05e53487ee1991bffdd8ea34ec40188dd4c616310602d230081976c808a6d4	6dfe0501895506564918819804726a5ed8fc8b18bda691c0174caad83f286d7e	-	e3b0c44298fc1c149afbf4c8996fb92427ae41e4649b934ca495991b7852b855
RF-CANCEL-UDL-W1e5	sparse_interactive	typed	solved	ok	0	3f05e53487ee1991bffdd8ea34ec40188dd4c616310602d230081976c808a6d4	6dfe0501895506564918819804726a5ed8fc8b18bda691c0174caad83f286d7e	-	e3b0c44298fc1c149afbf4c8996fb92427ae41e4649b934ca495991b7852b855
RF-CANCEL-UDL-W1e8	dense_scrutiny	captured	solved	ok	0	b5e55cf33b54248ee0196cda2d32337911fdb0722bfe7d97b187e67918b70720	f6ca8aa8e4f8b1a991c72d1a092a25c6f1df848de08680253b951c291cc97074	-	e3b0c44298fc1c149afbf4c8996fb92427ae41e4649b934ca495991b7852b855
RF-CANCEL-UDL-W1e8	dense_scrutiny	typed	solved	ok	0	3496eb8580e046fc82c8c71ea2e3f86f63afe873c488f681d8316ca836d8e3d0	c5b920a9f8cb872d9f118c04812479e92cea9aeec653227b45ffc0f764350027	-	e3b0c44298fc1c149afbf4c8996fb92427ae41e4649b934ca495991b7852b855
RF-CANCEL-UDL-W1e8	sparse_interactive	captured	solved	ok	0	5e15851b392ea4924c1a56df4d7ed88313c692dc13515362269921f720286373	f80d71359df6339c229de4e9e92e9cabef83b6b8c69374dcf0501113392b7138	-	e3b0c44298fc1c149afbf4c8996fb92427ae41e4649b934ca495991b7852b855
RF-CANCEL-UDL-W1e8	sparse_interactive	typed	solved	ok	0	0533644b9a2ecee373f95c3d2296de6ff6a5034abb5fce0bd3f5ccf0512140ad	32a7f782db2e5437d6022267db7c892ff9b480f8e266c4c2b34e7a9f9161e15a	-	e3b0c44298fc1c149afbf4c8996fb92427ae41e4649b934ca495991b7852b855
RF-CANCEL-UDL-W1e80	dense_scrutiny	captured	refused_capture	ERR	0	-	-	8bdc81187827a50ff3f016f7bb05fcece3732297e94f9a1bdb3f1fd28352d365	e3b0c44298fc1c149afbf4c8996fb92427ae41e4649b934ca495991b7852b855
RF-CANCEL-UDL-W1e80	dense_scrutiny	typed	solved	ok	0	3a8af549cc2beec1bced9604daa3d40f46b7c3939487f1ff82ec504b7eb18cbe	c74415d89be892c219a958b2d6bfb12323729fa362a56d12ef54f4fa1a683166	-	e3b0c44298fc1c149afbf4c8996fb92427ae41e4649b934ca495991b7852b855
RF-CANCEL-UDL-W1e80	sparse_interactive	captured	refused_capture	ERR	0	-	-	8bdc81187827a50ff3f016f7bb05fcece3732297e94f9a1bdb3f1fd28352d365	e3b0c44298fc1c149afbf4c8996fb92427ae41e4649b934ca495991b7852b855
RF-CANCEL-UDL-W1e80	sparse_interactive	typed	solved	ok	0	ad7c3b5e5b7ac4fa4348b9822b7b8b7cbfb48dc8616197eb2236a76a653ac5bc	9795f4ee249a87e2a5d6bc102b77fd2d24e220fc51473579fd16613bf3e72cc1	-	e3b0c44298fc1c149afbf4c8996fb92427ae41e4649b934ca495991b7852b855
RF-CHAIN-A-n03-r1e-04	dense_scrutiny	captured	solved	ok	0	eae7cb01bf0f39833f71157ae08cbfff5da58fbf562961bdad12878682ad3b1a	25fd7a5fe6a0be709f32e8ad086108d2a0946a20f729521a74d3b005a059a11a	-	e3b0c44298fc1c149afbf4c8996fb92427ae41e4649b934ca495991b7852b855
RF-CHAIN-A-n03-r1e-04	dense_scrutiny	typed	solved	ok	0	eae7cb01bf0f39833f71157ae08cbfff5da58fbf562961bdad12878682ad3b1a	25fd7a5fe6a0be709f32e8ad086108d2a0946a20f729521a74d3b005a059a11a	-	e3b0c44298fc1c149afbf4c8996fb92427ae41e4649b934ca495991b7852b855
RF-CHAIN-A-n03-r1e-04	sparse_interactive	captured	solved	ok	0	44d60f9af59440e74296275092af601877dc153afa1b2b5f862cc663ee5d5a3c	12c93d9e72a5e365603130e03e8bc49bae86797bddc166fa18083c97b4f36387	-	e3b0c44298fc1c149afbf4c8996fb92427ae41e4649b934ca495991b7852b855
RF-CHAIN-A-n03-r1e-04	sparse_interactive	typed	solved	ok	0	44d60f9af59440e74296275092af601877dc153afa1b2b5f862cc663ee5d5a3c	12c93d9e72a5e365603130e03e8bc49bae86797bddc166fa18083c97b4f36387	-	e3b0c44298fc1c149afbf4c8996fb92427ae41e4649b934ca495991b7852b855
RF-CHAIN-A-n03-r1e-06	dense_scrutiny	captured	solved	ok	0	a7dfc9198d5071386b4d9dbeaa586f02c1bf9bb66344cc317e6123575299f5c7	34d39f4b821b911f98a9bed56395137f5a5910b2344fe1238033197bb6e47e16	-	e3b0c44298fc1c149afbf4c8996fb92427ae41e4649b934ca495991b7852b855
RF-CHAIN-A-n03-r1e-06	dense_scrutiny	typed	solved	ok	0	a7dfc9198d5071386b4d9dbeaa586f02c1bf9bb66344cc317e6123575299f5c7	34d39f4b821b911f98a9bed56395137f5a5910b2344fe1238033197bb6e47e16	-	e3b0c44298fc1c149afbf4c8996fb92427ae41e4649b934ca495991b7852b855
RF-CHAIN-A-n03-r1e-06	sparse_interactive	captured	solved	ok	0	028d7fea5533b8303ea8ea0d3de56feba5c09ff8cdeded3d23b1b2962f2f823a	86a878286f0c2acdc53bb04b298bcd225ec04f1d539d14e250f9f6aef6ab0f0c	-	e3b0c44298fc1c149afbf4c8996fb92427ae41e4649b934ca495991b7852b855
RF-CHAIN-A-n03-r1e-06	sparse_interactive	typed	solved	ok	0	028d7fea5533b8303ea8ea0d3de56feba5c09ff8cdeded3d23b1b2962f2f823a	86a878286f0c2acdc53bb04b298bcd225ec04f1d539d14e250f9f6aef6ab0f0c	-	e3b0c44298fc1c149afbf4c8996fb92427ae41e4649b934ca495991b7852b855
RF-CHAIN-A-n03-r1e-08	dense_scrutiny	captured	solved	ok	0	d788387fffda8233ab09f3dcdd5aa6f299d68707592bf321d799cc079a7dfe29	d7e26851c9563bba819798298a5ae6d66238a82dc5ff2a59e9a48adb9caefe06	-	e3b0c44298fc1c149afbf4c8996fb92427ae41e4649b934ca495991b7852b855
RF-CHAIN-A-n03-r1e-08	dense_scrutiny	typed	solved	ok	0	f588380dcfe09a437b573496b10cab32f336cef73de2645443647bc13233d9a9	ffb67b6d5d4087a594585ef5b596738fbc1105f5ccae5daafd77353b284e4ed8	-	e3b0c44298fc1c149afbf4c8996fb92427ae41e4649b934ca495991b7852b855
RF-CHAIN-A-n03-r1e-08	sparse_interactive	captured	solved	ok	0	343b56e6289fa57a2e3c7717dfa44333230702b6d4261f0b5b360087d1379019	e2af7336d2ede4a13a907568c9f0586309186d8ffd5e1f0b36ad7eea358920dc	-	e3b0c44298fc1c149afbf4c8996fb92427ae41e4649b934ca495991b7852b855
RF-CHAIN-A-n03-r1e-08	sparse_interactive	typed	solved	ok	0	d064cf9a6ebaac8b84267d10bc92e39ef2c0d10771e723faf770fce2fe467a9e	fd964d7b043a33316e92b01bd276104e05a29b5b930035cf9d17d7740f3549d1	-	e3b0c44298fc1c149afbf4c8996fb92427ae41e4649b934ca495991b7852b855
RF-CHAIN-A-n03-r1e-10	dense_scrutiny	captured	solved	ok	0	ed2a86fa9a5b8b9affb0d624ac9ce7b288c9fe6dbb61491425f6d74fbcc23007	6e254af2c26b90352a067d01e7e1063fd1bbc38de4b024429ad766fc90c37850	-	e3b0c44298fc1c149afbf4c8996fb92427ae41e4649b934ca495991b7852b855
RF-CHAIN-A-n03-r1e-10	dense_scrutiny	typed	solved	ok	0	d4a4d4fc11ef6ddb70fe2a910a2eabc400d08eeac97584a8ea1eba9d61aa666b	51ff5242200c9db1ebb1781ca5e9c06faf788edad22b3f10b8c5c8d4dd13b2c7	-	e3b0c44298fc1c149afbf4c8996fb92427ae41e4649b934ca495991b7852b855
RF-CHAIN-A-n03-r1e-10	sparse_interactive	captured	solved	ok	0	9c1f4ded808c1a78cda7e0f200fe9a0e21be9cecaf641917ddc77ce5a94789a6	ed1fdcf9481e5d1f95c0b730512e6ac66c75bef87b6f677a0eb76a5078206e91	-	e3b0c44298fc1c149afbf4c8996fb92427ae41e4649b934ca495991b7852b855
RF-CHAIN-A-n03-r1e-10	sparse_interactive	typed	solved	ok	0	fd3719f4b49709c9acf19f772b651254f5286328b3d048af27dea4f6c50817d3	190b1c93716194e1a08e0702971168f607e4132845b85ac694534a36702bb5c4	-	e3b0c44298fc1c149afbf4c8996fb92427ae41e4649b934ca495991b7852b855
RF-CHAIN-A-n03-r1e-12	dense_scrutiny	captured	solved	ok	0	2aa3750c1de1a559e845245653564537dac7d640f3efc45341ccfbda8703684c	146c229c27162e1ee5928dab9c06a39e06e3513b7539126116c11b124ecf51e0	-	e3b0c44298fc1c149afbf4c8996fb92427ae41e4649b934ca495991b7852b855
RF-CHAIN-A-n03-r1e-12	dense_scrutiny	typed	solved	ok	0	030cbbd1d7edf8d70475371ac64d7abc5c25dc5e949e2900514d675cd9bf98dc	f2954d754c91865a95d87bafa02f4994616b7d0014740a787a2165df4d97d8b6	-	e3b0c44298fc1c149afbf4c8996fb92427ae41e4649b934ca495991b7852b855
RF-CHAIN-A-n03-r1e-12	sparse_interactive	captured	solved	ok	0	bca0bcf5f477ee58495e82af62e6c11db03a0c115a03e75b4bb36afa13028b73	ec970ee027ee1c141b2e2588cb2869fcb725fc63a6fde3c5c56363ac400935f8	-	e3b0c44298fc1c149afbf4c8996fb92427ae41e4649b934ca495991b7852b855
RF-CHAIN-A-n03-r1e-12	sparse_interactive	typed	solved	ok	0	e9d327d8c4939ac41b8dcc7fae97d1c6c350878bcd0b5741218ba0baff169d2d	408529f1d54c578ff2d62ff138a5798db085c92ed299838397c278c98a51e8e1	-	e3b0c44298fc1c149afbf4c8996fb92427ae41e4649b934ca495991b7852b855
RF-CHAIN-A-n05-r1e-04	dense_scrutiny	captured	solved	ok	0	41af9b162dc982bde7c443eba8c5d7eab68e97e1f945e06e99ca6f76afb0909b	9d511763bfd8c7518206b8342124bdbd876c5c6214694c38525aad13085cd053	-	e3b0c44298fc1c149afbf4c8996fb92427ae41e4649b934ca495991b7852b855
RF-CHAIN-A-n05-r1e-04	dense_scrutiny	typed	solved	ok	0	41af9b162dc982bde7c443eba8c5d7eab68e97e1f945e06e99ca6f76afb0909b	9d511763bfd8c7518206b8342124bdbd876c5c6214694c38525aad13085cd053	-	e3b0c44298fc1c149afbf4c8996fb92427ae41e4649b934ca495991b7852b855
RF-CHAIN-A-n05-r1e-04	sparse_interactive	captured	solved	ok	0	5642d07677fff4fce3a9a75e88601dfbf56b7aae439dd6835bc213d44d8fffa5	7630440c4ee38ba80e037eb93b4aa58aa6860815df963d77e32ee067caf4a344	-	e3b0c44298fc1c149afbf4c8996fb92427ae41e4649b934ca495991b7852b855
RF-CHAIN-A-n05-r1e-04	sparse_interactive	typed	solved	ok	0	5642d07677fff4fce3a9a75e88601dfbf56b7aae439dd6835bc213d44d8fffa5	7630440c4ee38ba80e037eb93b4aa58aa6860815df963d77e32ee067caf4a344	-	e3b0c44298fc1c149afbf4c8996fb92427ae41e4649b934ca495991b7852b855
RF-CHAIN-A-n05-r1e-06	dense_scrutiny	captured	solved	ok	0	b38ea296c93321a65e72b3444e8a0d51459522954a45d4f562ad694a8d3695de	8a520288c42e8a97f95d2ddf5c59f4e5ad5ef1d4063b37438279c10eaff8208f	-	e3b0c44298fc1c149afbf4c8996fb92427ae41e4649b934ca495991b7852b855
RF-CHAIN-A-n05-r1e-06	dense_scrutiny	typed	solved	ok	0	9196ff12324797f0026c177e42698b272d8dc38a2b5548aa424065fca11ad2e7	34c9fbe8c022cc226e30d85f75b379ac799ef637bffcd740aa0074cfe82fe544	-	e3b0c44298fc1c149afbf4c8996fb92427ae41e4649b934ca495991b7852b855
RF-CHAIN-A-n05-r1e-06	sparse_interactive	captured	solved	ok	0	13c418478f7fce0ab4380305b1a4fdef6c98fa7d23248d5d0b2d6befc627a240	4a7f2085452a8f56b235aff5bb77bd576cc7b60b21a4d2e1eb1c82463b7c505c	-	e3b0c44298fc1c149afbf4c8996fb92427ae41e4649b934ca495991b7852b855
RF-CHAIN-A-n05-r1e-06	sparse_interactive	typed	solved	ok	0	2bbc044e03103b3284711387d4502e194d6d409e71a65d5a273a50f6053bc294	fae132bf3ba65614572ec30c8e41a3d3b630faabd586483076a0c05cde0b519c	-	e3b0c44298fc1c149afbf4c8996fb92427ae41e4649b934ca495991b7852b855
RF-CHAIN-A-n05-r1e-08	dense_scrutiny	captured	solved	ok	0	50846881aa642c4cd074ec7c7211682b6b195aa75250cd8facaf77b466607a6a	281d23a14bec407051678f3bbd70c67de3ce327f75fc99017c54867a36d50a30	-	e3b0c44298fc1c149afbf4c8996fb92427ae41e4649b934ca495991b7852b855
RF-CHAIN-A-n05-r1e-08	dense_scrutiny	typed	solved	ok	0	daa8a62848c655292c54de7ec03c8a3e5587f5cdbd899363f4643d84eea3a426	c1779128084806e4f17a9a87fba06359bef49f7298a435116e01466dc80e7dcb	-	e3b0c44298fc1c149afbf4c8996fb92427ae41e4649b934ca495991b7852b855
RF-CHAIN-A-n05-r1e-08	sparse_interactive	captured	solved	ok	0	acfd5fd39dd6a11346efb053a1659c6f31d2b5faff2e0476a65bcad208c1c691	101a171488de9ba47f82d4e764d97417ed0e33f8f408af8a0036eaf2917ec09a	-	e3b0c44298fc1c149afbf4c8996fb92427ae41e4649b934ca495991b7852b855
RF-CHAIN-A-n05-r1e-08	sparse_interactive	typed	solved	ok	0	5a45d9e926dc5df49f8f3eb405650d20552f913393d8cdc17ec8440e3b21b24d	b889e27b29cd654ea5f0085d39d2fa0f7ddc5d1eb9d9c3df49ce8b45bc2abfb0	-	e3b0c44298fc1c149afbf4c8996fb92427ae41e4649b934ca495991b7852b855
RF-CHAIN-A-n05-r1e-10	dense_scrutiny	captured	solved	ok	0	384edf9371d91c8431ccc0026507ae25c1a85046f370fb3d0769ecfc575f4107	d02c68181150329420bc4ff5ff5ecba7e1e8a01f6070320f981bfa9c85655ab9	-	e3b0c44298fc1c149afbf4c8996fb92427ae41e4649b934ca495991b7852b855
RF-CHAIN-A-n05-r1e-10	dense_scrutiny	typed	solved	ok	0	1047cea34ee0f4827aea677c6f9d31e12288b9c110d3e2a478b70efe909250d2	02a2939a936138ffbc1ef47d9e00d18651ec79328b488749a4d465028e673f3c	-	e3b0c44298fc1c149afbf4c8996fb92427ae41e4649b934ca495991b7852b855
RF-CHAIN-A-n05-r1e-10	sparse_interactive	captured	solved	ok	0	4bdc2051ffc7cf358797e6c82e275076c355648aedca30285ba1092fec06febb	2ce641b2f436c985f149710e1e03f59f2d438adea18944a62850e715210a5165	-	e3b0c44298fc1c149afbf4c8996fb92427ae41e4649b934ca495991b7852b855
RF-CHAIN-A-n05-r1e-10	sparse_interactive	typed	solved	ok	0	c9da7f14070fb9d583b4b49b655e7049c980fa6bbcfe4bf76e6578773d777eb4	ba90a67afa5a360f6386c7827949f5d38e04754f07bbe56fbf4bd6eac477c2d4	-	e3b0c44298fc1c149afbf4c8996fb92427ae41e4649b934ca495991b7852b855
RF-CHAIN-A-n05-r1e-12	dense_scrutiny	captured	solved	ok	0	0c2521bf3f443e566283f064152ab828b41bd1112a4988ff8b7d953568fe9109	766bf2d7fb42a939627150fabb4b9be7498d4f55306e78b9431ea64e67427408	-	e3b0c44298fc1c149afbf4c8996fb92427ae41e4649b934ca495991b7852b855
RF-CHAIN-A-n05-r1e-12	dense_scrutiny	typed	solved	ok	0	792e0d74fa928abae4288e3164e9f1abadc2bc91384e0876abc75951155f23e0	ce964c443e8a610610f20e8a9ddaab768936bf564e8cb9da835b08b22b560b65	-	e3b0c44298fc1c149afbf4c8996fb92427ae41e4649b934ca495991b7852b855
RF-CHAIN-A-n05-r1e-12	sparse_interactive	captured	solved	ok	0	a5650b511370c27d14e570f88f86815b5557af40c00c467e6b4308b1c61c9178	bcf900c8a4237cf8834933baec0642f9fd60a6056052116c08a3da7bfb21e389	-	e3b0c44298fc1c149afbf4c8996fb92427ae41e4649b934ca495991b7852b855
RF-CHAIN-A-n05-r1e-12	sparse_interactive	typed	solved	ok	0	0b1a4ff4d36e2616bcbad833f9657b13a5344da268b0c592ceef4762fd14c102	75ffe91a549d37643bc8ac5331eaf22b5ba8785223553bc908ccdc2769eacea3	-	e3b0c44298fc1c149afbf4c8996fb92427ae41e4649b934ca495991b7852b855
RF-CHAIN-A-n10-r1e-04	dense_scrutiny	captured	solved	ok	0	0af7c7a2a519950e12be1c936c8f7e0ce91baa7a6f60cb88c7bb96e0c6ac0940	f2ed9b0dc5c7ef8f5a13213b5e0d980b5948651ab045914bc86bc78e0afea53f	-	e3b0c44298fc1c149afbf4c8996fb92427ae41e4649b934ca495991b7852b855
RF-CHAIN-A-n10-r1e-04	dense_scrutiny	typed	solved	ok	0	0af7c7a2a519950e12be1c936c8f7e0ce91baa7a6f60cb88c7bb96e0c6ac0940	f2ed9b0dc5c7ef8f5a13213b5e0d980b5948651ab045914bc86bc78e0afea53f	-	e3b0c44298fc1c149afbf4c8996fb92427ae41e4649b934ca495991b7852b855
RF-CHAIN-A-n10-r1e-04	sparse_interactive	captured	solved	ok	0	d805f0e33618a75fb59ef57631d0016fda9d4c63ce8915a9203fd354fcaeeb79	66e0af093af2fe2f71a8be3b9d462f56866ba54a55a21bdcacf22fc45935a21a	-	e3b0c44298fc1c149afbf4c8996fb92427ae41e4649b934ca495991b7852b855
RF-CHAIN-A-n10-r1e-04	sparse_interactive	typed	solved	ok	0	d805f0e33618a75fb59ef57631d0016fda9d4c63ce8915a9203fd354fcaeeb79	66e0af093af2fe2f71a8be3b9d462f56866ba54a55a21bdcacf22fc45935a21a	-	e3b0c44298fc1c149afbf4c8996fb92427ae41e4649b934ca495991b7852b855
RF-CHAIN-A-n10-r1e-06	dense_scrutiny	captured	solved	ok	0	6a1236afda418daed2a40e2c6a5e604f6af66369cd19385e29f8093a4655ca6a	8094370ef6018554e99dfcefc6a7aafc878529b918f8ccf2ab439bddcc12b49c	-	e3b0c44298fc1c149afbf4c8996fb92427ae41e4649b934ca495991b7852b855
RF-CHAIN-A-n10-r1e-06	dense_scrutiny	typed	solved	ok	0	772d4e7178d3ed8d96f8f199383c1eef22c1c4d5155d37712f33c001bd75c720	2ea438d5e43fa03a85e026c3b513ea9e103d1bad71eb89587227248e58bcd23c	-	e3b0c44298fc1c149afbf4c8996fb92427ae41e4649b934ca495991b7852b855
RF-CHAIN-A-n10-r1e-06	sparse_interactive	captured	solved	ok	0	ee1b76eacd93e8cf182c18e44e4ad22fb90f397a2ba36b8468dfafbce82e7dca	75507c0392e201b58791aa7886f384dbf74d8ff4a0b6c361c3980e2d0c06ac07	-	e3b0c44298fc1c149afbf4c8996fb92427ae41e4649b934ca495991b7852b855
RF-CHAIN-A-n10-r1e-06	sparse_interactive	typed	solved	ok	0	1bd0104ac1676de794f01359ad29db37788c7a8aca7b32e7917a9d2877fa78f5	334efbd75e2ec11c4e5a907b71132128c1145f4a1f9425dd02fe513ede1dec64	-	e3b0c44298fc1c149afbf4c8996fb92427ae41e4649b934ca495991b7852b855
RF-CHAIN-A-n10-r1e-08	dense_scrutiny	captured	solved	ok	0	09b5f8b84c5fc7790a008b5202df56c832ecadc0f276f6e1b8c0ef661b91697f	6c59f77c37074ab192d4d185de6d0abf4c69d73eae792ee452d49feefc6e5e28	-	e3b0c44298fc1c149afbf4c8996fb92427ae41e4649b934ca495991b7852b855
RF-CHAIN-A-n10-r1e-08	dense_scrutiny	typed	solved	ok	0	d0d9f6362e91469959b0b06d84d27b76d82ef5a426ced816d69407eeda8edf2a	387434de302aba3a53cfd5c678e7b6284c074264df7c41e554f96e6225cafd0a	-	e3b0c44298fc1c149afbf4c8996fb92427ae41e4649b934ca495991b7852b855
RF-CHAIN-A-n10-r1e-08	sparse_interactive	captured	solved	ok	0	05f12fd2bdd2a5459df20bf7b66f91aa4384bf6086ef31132f28e7108fdc09e2	b2a8336c94caba797ab51aebfd5ec970e04f45efa8cd749562b9ab17f3ec4708	-	e3b0c44298fc1c149afbf4c8996fb92427ae41e4649b934ca495991b7852b855
RF-CHAIN-A-n10-r1e-08	sparse_interactive	typed	solved	ok	0	730bc6e1ded2a7268a5d12ae29e98565997b707ef67a890ec6c2c378ee3a242e	c007c0116318c644592d6c5bc66fc34422c8c4897d34dd874b7282cdbd7dcc65	-	e3b0c44298fc1c149afbf4c8996fb92427ae41e4649b934ca495991b7852b855
RF-CHAIN-A-n10-r1e-10	dense_scrutiny	captured	solved	ok	0	64bb73b6869351b8b304dee4a3b5857e78cd75286936fb24bb5c5244afaac57a	0d77f9d7611d284759c0c7a902ae0ae52203621cf056434277a95d127c4a080f	-	e3b0c44298fc1c149afbf4c8996fb92427ae41e4649b934ca495991b7852b855
RF-CHAIN-A-n10-r1e-10	dense_scrutiny	typed	solved	ok	0	c09bc05823ac70df85d2759f5d61b9e768e5044c8961cb20855be337ce1fab1a	d5d6d56bf090aa6b94f37e59bc9873a90e38e164faab12f46533cb4f2380a39b	-	e3b0c44298fc1c149afbf4c8996fb92427ae41e4649b934ca495991b7852b855
RF-CHAIN-A-n10-r1e-10	sparse_interactive	captured	solved	ok	0	97e16be91f8ce6a9006ee3ba8fce9ecada762312f3e97a0ebab72b3d3cda8648	b5127bf5d11ea346f4acb4648255efa1bf5f47c614c27bcea731439717c0c276	-	e3b0c44298fc1c149afbf4c8996fb92427ae41e4649b934ca495991b7852b855
RF-CHAIN-A-n10-r1e-10	sparse_interactive	typed	solved	ok	0	d619e35e94071551c02896dc1a5669b3189c428104d81cbc509074d2f975e52b	5c04c18beaa90ff57cc0c9ca2be8e4cd1feeb7371fe9d0e60963c1dbce3b2e12	-	e3b0c44298fc1c149afbf4c8996fb92427ae41e4649b934ca495991b7852b855
RF-CHAIN-A-n10-r1e-12	dense_scrutiny	captured	refused_blocked	ok	0	ae7f7cba43ee1630576fe516e5583691733efe6c552b846d2fec3474c1acf593	81e36334102026078027abfb15d26e86a90da0fdb676f4287f55338d6ba7fba1	-	e3b0c44298fc1c149afbf4c8996fb92427ae41e4649b934ca495991b7852b855
RF-CHAIN-A-n10-r1e-12	dense_scrutiny	typed	refused_blocked	ok	0	afcfc3e98c5103e89dcfd9754610f86c95e9a97c2b9d64603fab5cc2c5843467	d4719fc091daa266c5b1dfc16f5881a0e295c52c29d639f25d8a07dab7221d18	-	e3b0c44298fc1c149afbf4c8996fb92427ae41e4649b934ca495991b7852b855
RF-CHAIN-A-n10-r1e-12	sparse_interactive	captured	solved	ok	0	146cf89949c7df84b587425de0e612654ef135ce1067fb19c58cde1c7a2ec163	de798803ab6667c564286e3c209c5fd8835a8132abbe2ec1dc1bc8b737256333	-	e3b0c44298fc1c149afbf4c8996fb92427ae41e4649b934ca495991b7852b855
RF-CHAIN-A-n10-r1e-12	sparse_interactive	typed	solved	ok	0	cbffea86c21257ab64b8888460fb6e816a962304e5304a19434a3d1a36ae6212	1463afedd9ed993b71087acf0ed2b6f4a8ed0e92a2b8eb81839707f17b119aa0	-	e3b0c44298fc1c149afbf4c8996fb92427ae41e4649b934ca495991b7852b855
RF-CHAIN-T-n03-r1e-04	dense_scrutiny	captured	solved	ok	0	b30e92f280e9d112626d3d90364dbdabecfd11fd70566eb8fdd569efbfffc198	f68b1b138b1620fe696a22e71ecb02d36481c974e9a97343162b33f0b5dbbabd	-	e3b0c44298fc1c149afbf4c8996fb92427ae41e4649b934ca495991b7852b855
RF-CHAIN-T-n03-r1e-04	dense_scrutiny	typed	solved	ok	0	b30e92f280e9d112626d3d90364dbdabecfd11fd70566eb8fdd569efbfffc198	f68b1b138b1620fe696a22e71ecb02d36481c974e9a97343162b33f0b5dbbabd	-	e3b0c44298fc1c149afbf4c8996fb92427ae41e4649b934ca495991b7852b855
RF-CHAIN-T-n03-r1e-04	sparse_interactive	captured	solved	ok	0	58b1cf56140867b2a0d65c76d7f3a37ad03e57a8c2b06d4ae671c6117060772b	fbb3b8208f5bcebc163dbcb6f34e95a654a3b169f0e73be75b02506f306cfd3f	-	e3b0c44298fc1c149afbf4c8996fb92427ae41e4649b934ca495991b7852b855
RF-CHAIN-T-n03-r1e-04	sparse_interactive	typed	solved	ok	0	58b1cf56140867b2a0d65c76d7f3a37ad03e57a8c2b06d4ae671c6117060772b	fbb3b8208f5bcebc163dbcb6f34e95a654a3b169f0e73be75b02506f306cfd3f	-	e3b0c44298fc1c149afbf4c8996fb92427ae41e4649b934ca495991b7852b855
RF-CHAIN-T-n03-r1e-06	dense_scrutiny	captured	solved	ok	0	fafeddaab3ec9240bb35e9ecbba576694b7dbea5e1cecba244dbbca0c59465fb	aa6e4468a1d1195211161755f82d77361e8179448ef50efbd74194764e1b73c5	-	e3b0c44298fc1c149afbf4c8996fb92427ae41e4649b934ca495991b7852b855
RF-CHAIN-T-n03-r1e-06	dense_scrutiny	typed	solved	ok	0	fafeddaab3ec9240bb35e9ecbba576694b7dbea5e1cecba244dbbca0c59465fb	aa6e4468a1d1195211161755f82d77361e8179448ef50efbd74194764e1b73c5	-	e3b0c44298fc1c149afbf4c8996fb92427ae41e4649b934ca495991b7852b855
RF-CHAIN-T-n03-r1e-06	sparse_interactive	captured	solved	ok	0	323a0350c649f74c78b72cad46275bcd77faf2605475927c2f3e154f26e3302b	09d18782a8bcb8f9d5441605cbfdb0f367a74da3a1c32ae75c0788f01e654fc2	-	e3b0c44298fc1c149afbf4c8996fb92427ae41e4649b934ca495991b7852b855
RF-CHAIN-T-n03-r1e-06	sparse_interactive	typed	solved	ok	0	323a0350c649f74c78b72cad46275bcd77faf2605475927c2f3e154f26e3302b	09d18782a8bcb8f9d5441605cbfdb0f367a74da3a1c32ae75c0788f01e654fc2	-	e3b0c44298fc1c149afbf4c8996fb92427ae41e4649b934ca495991b7852b855
RF-CHAIN-T-n03-r1e-08	dense_scrutiny	captured	solved	ok	0	f57f81f8dda17207671732eaafa4f3e667dde91cd3cb93c06cc89e7ec1b2bc65	a5c9e7e5f2ae01ac6b7868683085119f312b109ef03a18c9295b0bfe4acf1703	-	e3b0c44298fc1c149afbf4c8996fb92427ae41e4649b934ca495991b7852b855
RF-CHAIN-T-n03-r1e-08	dense_scrutiny	typed	solved	ok	0	4f06f5534d28e977e65398559400df35a1d2b3abcb1b731aae7f24fbadc8629d	02ee7e9ed0aaf8ae12adb2cb96ef907dbf4f9faf3721dc87203ce42265232f7b	-	e3b0c44298fc1c149afbf4c8996fb92427ae41e4649b934ca495991b7852b855
RF-CHAIN-T-n03-r1e-08	sparse_interactive	captured	solved	ok	0	122d75441fa01d9e320b5b10feb00054c4c01e37ed3163996441e8a26b532002	ba97381a0b297caaa26df76c60399121a26e6e4b50e7916712a76af95e6cbe72	-	e3b0c44298fc1c149afbf4c8996fb92427ae41e4649b934ca495991b7852b855
RF-CHAIN-T-n03-r1e-08	sparse_interactive	typed	solved	ok	0	b62fad53294ac7a08885d9aa3a1b161bb6a1d0741424d1704c6df86c28fa8723	c2edd2ffdb8ad8e4e07fd61017633a02b91402f0da5b30cacd2babbc1f3659b5	-	e3b0c44298fc1c149afbf4c8996fb92427ae41e4649b934ca495991b7852b855
RF-CHAIN-T-n03-r1e-10	dense_scrutiny	captured	solved	ok	0	2d72522165dd8ff0af2b649e52b49d2ee0b03c9339eb3d884c2a70dfa5987014	4841b27a11a07f655a4f9d50c207b27646ac86f14660f49431dd9c69fd65c2b2	-	e3b0c44298fc1c149afbf4c8996fb92427ae41e4649b934ca495991b7852b855
RF-CHAIN-T-n03-r1e-10	dense_scrutiny	typed	solved	ok	0	d6b29b92e717ac7b6b2743679342e6fe22a1fc21d827fb99626a66aa15a83611	3c4eb1668569ed9dfb1a9484dc93578d14f776678bcb5fd5cc90bb7ddcae4451	-	e3b0c44298fc1c149afbf4c8996fb92427ae41e4649b934ca495991b7852b855
RF-CHAIN-T-n03-r1e-10	sparse_interactive	captured	solved	ok	0	f212b182df0cb345868db7aeb3fde729d6a8d700f2f886e77e673faf0cd30d2d	392259c7a2cbc3f571d45f0942e06cfcc66799666c6b366edac1337ac03dc788	-	e3b0c44298fc1c149afbf4c8996fb92427ae41e4649b934ca495991b7852b855
RF-CHAIN-T-n03-r1e-10	sparse_interactive	typed	solved	ok	0	4b008052182f8801835bc3cbc67ad8009afab27822e65d7f966a010bc1f22a85	2891305dfe2bb61fec54046709c896adaf8cf1839885a18f041e12beed5e9722	-	e3b0c44298fc1c149afbf4c8996fb92427ae41e4649b934ca495991b7852b855
RF-CHAIN-T-n03-r1e-12	dense_scrutiny	captured	solved	ok	0	73e3e7aa48b53145fb485adfc65590418607d98b5b9e71d77d2234d26d2f5279	b01e580b12244f5c24d18765bca2896dcadc29afd51fd7713c0808b6078f2bd7	-	e3b0c44298fc1c149afbf4c8996fb92427ae41e4649b934ca495991b7852b855
RF-CHAIN-T-n03-r1e-12	dense_scrutiny	typed	solved	ok	0	8b60291d059452bfcaac54d81482efae0dc5aaab8678c5ee44302e1451dd3861	d6c4e9121d78ffa0983991554801ebdaa1849796cf49e043c0ddb05feb57db2a	-	e3b0c44298fc1c149afbf4c8996fb92427ae41e4649b934ca495991b7852b855
RF-CHAIN-T-n03-r1e-12	sparse_interactive	captured	solved	ok	0	d02f7971e033d97170a94e9c93862bd7cec3fb5af378bbc66bc9cf960f8f018c	da3e325c2b94405113ff48e874e2c5454389226bea9d76cd22c1a425e0a767ab	-	e3b0c44298fc1c149afbf4c8996fb92427ae41e4649b934ca495991b7852b855
RF-CHAIN-T-n03-r1e-12	sparse_interactive	typed	solved	ok	0	03e966f81e76fd1367caa6f0746dd48ffdbc8f8a0e4cf831c3197ac66b6569a9	384ea2ed9f96d6fef33e6e3ad1e6dd15c0f71d989d13383420ffe82c65a650b2	-	e3b0c44298fc1c149afbf4c8996fb92427ae41e4649b934ca495991b7852b855
RF-CHAIN-T-n05-r1e-04	dense_scrutiny	captured	solved	ok	0	42ecb42235c083191064aee37d2984a1d502576c4f3c2d54280f8f0677710ca8	20d2a31f6c3f0f1f88b9f78ab4fd698dc09b160b4ebf1b3ee82c47eabdb0aaf3	-	e3b0c44298fc1c149afbf4c8996fb92427ae41e4649b934ca495991b7852b855
RF-CHAIN-T-n05-r1e-04	dense_scrutiny	typed	solved	ok	0	42ecb42235c083191064aee37d2984a1d502576c4f3c2d54280f8f0677710ca8	20d2a31f6c3f0f1f88b9f78ab4fd698dc09b160b4ebf1b3ee82c47eabdb0aaf3	-	e3b0c44298fc1c149afbf4c8996fb92427ae41e4649b934ca495991b7852b855
RF-CHAIN-T-n05-r1e-04	sparse_interactive	captured	solved	ok	0	acd529c13de3001529218dba7c603ca193a379a180c09a632a3005e000a55601	51515ee4c678c565aacaeeb868daa6e026f3c00cb07bc43844e8676bddd63596	-	e3b0c44298fc1c149afbf4c8996fb92427ae41e4649b934ca495991b7852b855
RF-CHAIN-T-n05-r1e-04	sparse_interactive	typed	solved	ok	0	acd529c13de3001529218dba7c603ca193a379a180c09a632a3005e000a55601	51515ee4c678c565aacaeeb868daa6e026f3c00cb07bc43844e8676bddd63596	-	e3b0c44298fc1c149afbf4c8996fb92427ae41e4649b934ca495991b7852b855
RF-CHAIN-T-n05-r1e-06	dense_scrutiny	captured	solved	ok	0	c9362e8525714cd01e5c1e27f2341dc92d0bfb4ded7f47dfe65cd8a8555e3b19	983484c4cf82a221bff0d06082b4b38a530b162f7bbc6beb6b61f65149c8986d	-	e3b0c44298fc1c149afbf4c8996fb92427ae41e4649b934ca495991b7852b855
RF-CHAIN-T-n05-r1e-06	dense_scrutiny	typed	solved	ok	0	2f792df6f14dff5d55c23b0aa8498b99ea5b34605753b402620e35a6e4203c87	7d2fef3e99c78979791590e3371d9c3a03ca8850fb54ae691426a0b5839471a6	-	e3b0c44298fc1c149afbf4c8996fb92427ae41e4649b934ca495991b7852b855
RF-CHAIN-T-n05-r1e-06	sparse_interactive	captured	solved	ok	0	e55dfa92dff3fc0a01c4955d1ccefedbf96ad8f0a24824c6742f7c52403e97e1	6f2f14d4b210e104e2452fee3208e5a3e2bed8874f9581651a919b2061e9bb52	-	e3b0c44298fc1c149afbf4c8996fb92427ae41e4649b934ca495991b7852b855
RF-CHAIN-T-n05-r1e-06	sparse_interactive	typed	solved	ok	0	0fecb2b3751ab6607abb127d66beb4b7e751cc94ac6ef09e98e8cf8d40f1be9e	b22edbb0ce62ff4e8aaef6063366e35b0fc89c49b6d3a2b99fc9549868a75639	-	e3b0c44298fc1c149afbf4c8996fb92427ae41e4649b934ca495991b7852b855
RF-CHAIN-T-n05-r1e-08	dense_scrutiny	captured	solved	ok	0	793a19efac99eddc65bc850deaa3497adb08d47b3913023a8c81c1643bfe8ae3	9d13f01c1efdad0ffc33cf1f6deb5e33f89517ecd9e6de6e81eae5743fa71056	-	e3b0c44298fc1c149afbf4c8996fb92427ae41e4649b934ca495991b7852b855
RF-CHAIN-T-n05-r1e-08	dense_scrutiny	typed	solved	ok	0	d287433886eca68f44b6639437fde251147d86942dd5ecb03df176b61f11896b	2760def244b84076826f477be6c3487e9bad9edc5c4be3d9473bcffabf91d135	-	e3b0c44298fc1c149afbf4c8996fb92427ae41e4649b934ca495991b7852b855
RF-CHAIN-T-n05-r1e-08	sparse_interactive	captured	solved	ok	0	9e1708183bb2e1c6f8596aaaa278e68abadb2c1db598a472142f47dd0421f967	e8c319d28682d4086cf875a921269cbbc55cd2cd5093584b36c6e7d3dc1d438f	-	e3b0c44298fc1c149afbf4c8996fb92427ae41e4649b934ca495991b7852b855
RF-CHAIN-T-n05-r1e-08	sparse_interactive	typed	solved	ok	0	565dd947e1b174b92326af2a5a8de19ac2693e16288d4b87c977b8b617e87557	845b266b2adf1ea24196d6f47f15f54cfbfad0e675f017b501de82a6ea8d0796	-	e3b0c44298fc1c149afbf4c8996fb92427ae41e4649b934ca495991b7852b855
RF-CHAIN-T-n05-r1e-10	dense_scrutiny	captured	solved	ok	0	fa16a3b710433c353d9e7c7c63d6ee11249b6e9dee7379883d4472006341d8e1	5c3956c5b68848874bedc45b42e58055ccfd1b10281e59ff4c69edba6ba08632	-	e3b0c44298fc1c149afbf4c8996fb92427ae41e4649b934ca495991b7852b855
RF-CHAIN-T-n05-r1e-10	dense_scrutiny	typed	solved	ok	0	13a3fba363a7efa69b8c84276b7d5f587b33f2580097f30e1e7ae1896be9acc6	d0bec88d3f4c465201252904cfedddd5652a3a8d1aeb9b1a44eb45e6cdb5ff68	-	e3b0c44298fc1c149afbf4c8996fb92427ae41e4649b934ca495991b7852b855
RF-CHAIN-T-n05-r1e-10	sparse_interactive	captured	solved	ok	0	f50a6c0d04535d908aa6e1367594bf0cb67de58092ac696d23772bdfb514f2b3	f09bdbb267411add4217f512630f77a1c6ca2329c9ae2754566756a351f1ba89	-	e3b0c44298fc1c149afbf4c8996fb92427ae41e4649b934ca495991b7852b855
RF-CHAIN-T-n05-r1e-10	sparse_interactive	typed	solved	ok	0	a6e0f0a0c509c032b91a9b841123475ea821cb9c85a1a7553c8c9abac8825dac	65ce7064d0677f618127a5e991d8a930828eb60d8433cc9e4bda6f036da80d7d	-	e3b0c44298fc1c149afbf4c8996fb92427ae41e4649b934ca495991b7852b855
RF-CHAIN-T-n05-r1e-12	dense_scrutiny	captured	solved	ok	0	d974ba92aea87f4e97c083a6c8b3d7ebced1891fdf4ef3007d28230f1c6edc7f	8910086fbf2cee11d71e8af73128ca6cc1f829b8c02cb27a46b304bff955f9ed	-	e3b0c44298fc1c149afbf4c8996fb92427ae41e4649b934ca495991b7852b855
RF-CHAIN-T-n05-r1e-12	dense_scrutiny	typed	solved	ok	0	6ecc103b74839050b99665173c6ad008b017e7a2497e6306e9fc201d38e8f3a8	cb536c286abc552266672d5df67070fd758af4e74da379710c6e6f8f27ebdbb8	-	e3b0c44298fc1c149afbf4c8996fb92427ae41e4649b934ca495991b7852b855
RF-CHAIN-T-n05-r1e-12	sparse_interactive	captured	solved	ok	0	9fb3fa38b13ac0c35083bbd8633f3d643361e8c93409683466a834f2884bbaf0	8e4a62677d1913ea0b54896a112cbe1474491e32b170d3ea2c8e6e8edc988012	-	e3b0c44298fc1c149afbf4c8996fb92427ae41e4649b934ca495991b7852b855
RF-CHAIN-T-n05-r1e-12	sparse_interactive	typed	solved	ok	0	957027f701d4297c5cdd06a42739beda817a40a960103e72c195350a61f326ff	93d0ab122d1d1e6b02e6eb884e2e957b19d069af874b70a7bd5b8102df97024d	-	e3b0c44298fc1c149afbf4c8996fb92427ae41e4649b934ca495991b7852b855
RF-CHAIN-T-n10-r1e-04	dense_scrutiny	captured	solved	ok	0	4b980f9f9e9f25a49e60449c8fe8b632c92f76001b9c940c7df0995371552b83	bba8b1d39e75ab12b5f0eb98ebe4fe42572b3634af00ee49ccc6e21214794495	-	e3b0c44298fc1c149afbf4c8996fb92427ae41e4649b934ca495991b7852b855
RF-CHAIN-T-n10-r1e-04	dense_scrutiny	typed	solved	ok	0	4b980f9f9e9f25a49e60449c8fe8b632c92f76001b9c940c7df0995371552b83	bba8b1d39e75ab12b5f0eb98ebe4fe42572b3634af00ee49ccc6e21214794495	-	e3b0c44298fc1c149afbf4c8996fb92427ae41e4649b934ca495991b7852b855
RF-CHAIN-T-n10-r1e-04	sparse_interactive	captured	solved	ok	0	536a4b3938118d97d8d5153364bf7108f8b5ba5209a9517c7e088090ed1960c9	ed3f51cdafa7155611f5adc0fab88137f27553dd57ebc80eb6aaf9309735de1f	-	e3b0c44298fc1c149afbf4c8996fb92427ae41e4649b934ca495991b7852b855
RF-CHAIN-T-n10-r1e-04	sparse_interactive	typed	solved	ok	0	536a4b3938118d97d8d5153364bf7108f8b5ba5209a9517c7e088090ed1960c9	ed3f51cdafa7155611f5adc0fab88137f27553dd57ebc80eb6aaf9309735de1f	-	e3b0c44298fc1c149afbf4c8996fb92427ae41e4649b934ca495991b7852b855
RF-CHAIN-T-n10-r1e-06	dense_scrutiny	captured	solved	ok	0	256b6e71f786700a12300c2bb9e73c83da47f3feb0000405cdfb82e9c4fc64cd	4bd838087e0a433bc647545e7540facb8a67c8e9aa17605e69de36fc4534c8bb	-	e3b0c44298fc1c149afbf4c8996fb92427ae41e4649b934ca495991b7852b855
RF-CHAIN-T-n10-r1e-06	dense_scrutiny	typed	solved	ok	0	7f5a8cc755bc54e304b1f37e6d824da906deb341e884dac72c861c0df6b72ae8	a59b3ef97a04658240634b13e3b0afccf4997436ddabe4df6b131842728d2fb8	-	e3b0c44298fc1c149afbf4c8996fb92427ae41e4649b934ca495991b7852b855
RF-CHAIN-T-n10-r1e-06	sparse_interactive	captured	solved	ok	0	700edbf2b8436bd235b0426b48fb28b84d4315540f65a8a46ca80e60e454627d	554ff4c4ac9a6bcacb5a6f21cfea527362045d6bbc3e228a33ae8629cd8c95ad	-	e3b0c44298fc1c149afbf4c8996fb92427ae41e4649b934ca495991b7852b855
RF-CHAIN-T-n10-r1e-06	sparse_interactive	typed	solved	ok	0	76486d9bfc1e788e62a8a65075df457d5d3a1298dd2402953591a4b5a707f042	8d84023f36e3eaa6dd4b132cec9bd8803c2c924b45ad2aba9c28da6d547c0871	-	e3b0c44298fc1c149afbf4c8996fb92427ae41e4649b934ca495991b7852b855
RF-CHAIN-T-n10-r1e-08	dense_scrutiny	captured	solved	ok	0	8b3dfbb737684ff22756ef3b3b1be6ef285b5f672f562c5a248961c5751ed63f	841a4542a9f615cf7ee67087e73564b11e64233bf1ef95abf15dca300d34de47	-	e3b0c44298fc1c149afbf4c8996fb92427ae41e4649b934ca495991b7852b855
RF-CHAIN-T-n10-r1e-08	dense_scrutiny	typed	solved	ok	0	5376165d6bb52f4c034d84d0eaec1afcaf1887982c65ae787c211e6b3374f741	798f51fa0a5f4ce02a99cf4f84938e37d78ee9a7bde5f33a7e50c5222a928cf2	-	e3b0c44298fc1c149afbf4c8996fb92427ae41e4649b934ca495991b7852b855
RF-CHAIN-T-n10-r1e-08	sparse_interactive	captured	solved	ok	0	f8d951358e9ee77234797bbe0dcbd4f59b6cfee025e4b20ca3dca3a5545a40c6	922ca66344296cfe60a88cb09941088cdc42928d9ec78c7b68d1c5e7cbe141c0	-	e3b0c44298fc1c149afbf4c8996fb92427ae41e4649b934ca495991b7852b855
RF-CHAIN-T-n10-r1e-08	sparse_interactive	typed	solved	ok	0	202b48555a685177d0735aeec35c6a05b86b284559d2ec43b48da396ae0124f8	66f0632e39b28bbec5b06e8b98a9a48971c2879e38dbe9d1c53fad425619d2df	-	e3b0c44298fc1c149afbf4c8996fb92427ae41e4649b934ca495991b7852b855
RF-CHAIN-T-n10-r1e-10	dense_scrutiny	captured	solved	ok	0	c7396eed0eac6d70452b077a610245c0836ebb6d9e1459541277956b7820c17d	5c4f2d153bca6138a1c5964caf059e1f600d21c0926785ea6bfe2c157c4d0dce	-	e3b0c44298fc1c149afbf4c8996fb92427ae41e4649b934ca495991b7852b855
RF-CHAIN-T-n10-r1e-10	dense_scrutiny	typed	solved	ok	0	1f0792349427ff1ad09ae6f70300186d4fc90865df09682a41ba4fa5659e8ac3	52410c9674e4c1d3266c19035a246e964cc985c9889bdb9723b1352f9afddbe7	-	e3b0c44298fc1c149afbf4c8996fb92427ae41e4649b934ca495991b7852b855
RF-CHAIN-T-n10-r1e-10	sparse_interactive	captured	solved	ok	0	c30500b594f151a7f1801e1b0a46cf7384eeb2df9d3f1e08f2c4953ce121303b	d5beb599c30b1dd0fe2819666473ff55b04ab1ad091ec53886930e1d6e60af1d	-	e3b0c44298fc1c149afbf4c8996fb92427ae41e4649b934ca495991b7852b855
RF-CHAIN-T-n10-r1e-10	sparse_interactive	typed	solved	ok	0	7ce53a57b7a44e2d0ff5fd145d54ba1160dadabbd09d1ce7b3195a446104b84d	708516b047cbfb435b498be75671ed2ecd53ba3f012cdeeb8cb59e7f634894d5	-	e3b0c44298fc1c149afbf4c8996fb92427ae41e4649b934ca495991b7852b855
RF-CHAIN-T-n10-r1e-12	dense_scrutiny	captured	refused_blocked	ok	0	2b85692fdc76fdcc00f13a85af387dd015a9aed2fc710347aec5e8c83f14b9b2	42302f432ffb53064e6acfe44c9ddcffc2995c72a1957bdec62793ca1f778167	-	e3b0c44298fc1c149afbf4c8996fb92427ae41e4649b934ca495991b7852b855
RF-CHAIN-T-n10-r1e-12	dense_scrutiny	typed	refused_blocked	ok	0	2da4a7ee131fa9543c4e21a485b465ae659e569bd0a22926a5e288b61a9e92dd	a04ab406c483c85e51231ce181054899eb40b2371e30328e72b1c2cd44424256	-	e3b0c44298fc1c149afbf4c8996fb92427ae41e4649b934ca495991b7852b855
RF-CHAIN-T-n10-r1e-12	sparse_interactive	captured	solved	ok	0	0c3c5cef5f27604c0bd4ecdc0eeddf654cbb2a681980f9fcb233bf58dc25b263	811629f9c390a273137c76b240afc32fdbdf2ba2746476e259573579195cfd23	-	e3b0c44298fc1c149afbf4c8996fb92427ae41e4649b934ca495991b7852b855
RF-CHAIN-T-n10-r1e-12	sparse_interactive	typed	solved	ok	0	2c9016d773af5c6a7633cb3efea546557881c6347ca53d99016b1289004c0629	03f4e25858c0b109ed4a13abe9c40190f3eaa22f4eb12f010c1d2bd8eab3a92a	-	e3b0c44298fc1c149afbf4c8996fb92427ae41e4649b934ca495991b7852b855
RF-FINITE-ROT-Q9-NONMULT	dense_scrutiny	captured	solved	ok	0	afc48fbad9ba9ea29fae4489793f2fc0dd4623473b2fedf220d79fc99690d804	14b4bb556bee665c3b04a362737e54e8a62dd2841cf3794c993078cd53c6240c	-	e3b0c44298fc1c149afbf4c8996fb92427ae41e4649b934ca495991b7852b855
RF-FINITE-ROT-Q9-NONMULT	dense_scrutiny	typed	solved	ok	0	afc48fbad9ba9ea29fae4489793f2fc0dd4623473b2fedf220d79fc99690d804	14b4bb556bee665c3b04a362737e54e8a62dd2841cf3794c993078cd53c6240c	-	e3b0c44298fc1c149afbf4c8996fb92427ae41e4649b934ca495991b7852b855
RF-FINITE-ROT-Q9-NONMULT	sparse_interactive	captured	solved	ok	0	b60278d742052b46009621e9b0f6305625d41dec186d22ea15861c9b6e51bc63	d0f1c19642d18c44a7f93efecf35d7accd6c1dc5a8b18da3f1a11554698749a7	-	e3b0c44298fc1c149afbf4c8996fb92427ae41e4649b934ca495991b7852b855
RF-FINITE-ROT-Q9-NONMULT	sparse_interactive	typed	solved	ok	0	b60278d742052b46009621e9b0f6305625d41dec186d22ea15861c9b6e51bc63	d0f1c19642d18c44a7f93efecf35d7accd6c1dc5a8b18da3f1a11554698749a7	-	e3b0c44298fc1c149afbf4c8996fb92427ae41e4649b934ca495991b7852b855
RF-FINITE-TENTHS-O1e6	dense_scrutiny	captured	solved	ok	0	0dc2eeb5115a97ee123d6ef5a58a4f56ade356e9f61163eb2869d7cea1011f67	853b3233168382445d0e718bad27e64b1729e523716e10e6ec90b90ffa9bdd76	-	e3b0c44298fc1c149afbf4c8996fb92427ae41e4649b934ca495991b7852b855
RF-FINITE-TENTHS-O1e6	dense_scrutiny	typed	solved	ok	0	0dc2eeb5115a97ee123d6ef5a58a4f56ade356e9f61163eb2869d7cea1011f67	853b3233168382445d0e718bad27e64b1729e523716e10e6ec90b90ffa9bdd76	-	e3b0c44298fc1c149afbf4c8996fb92427ae41e4649b934ca495991b7852b855
RF-FINITE-TENTHS-O1e6	sparse_interactive	captured	solved	ok	0	9cf42d6bc1b80d07401129d337374bb24e578556f18d1d78ed1ecb4d3e27eeb3	457fd3e09888e3178c9abeadbe5c214c045339d95e84cf175dd2c2b472860321	-	e3b0c44298fc1c149afbf4c8996fb92427ae41e4649b934ca495991b7852b855
RF-FINITE-TENTHS-O1e6	sparse_interactive	typed	solved	ok	0	9cf42d6bc1b80d07401129d337374bb24e578556f18d1d78ed1ecb4d3e27eeb3	457fd3e09888e3178c9abeadbe5c214c045339d95e84cf175dd2c2b472860321	-	e3b0c44298fc1c149afbf4c8996fb92427ae41e4649b934ca495991b7852b855
RF-FINITE-THIRDS-O0	dense_scrutiny	captured	solved	ok	0	0da400a85a5b74d50c8f24c6ab990c5b72cafaaa84f304567a7f2d8a2e4ad544	6522b736986eb2b69368a948fc769fa30ca6368f307e60fb6eaf97748b000378	-	e3b0c44298fc1c149afbf4c8996fb92427ae41e4649b934ca495991b7852b855
RF-FINITE-THIRDS-O0	dense_scrutiny	typed	solved	ok	0	0da400a85a5b74d50c8f24c6ab990c5b72cafaaa84f304567a7f2d8a2e4ad544	6522b736986eb2b69368a948fc769fa30ca6368f307e60fb6eaf97748b000378	-	e3b0c44298fc1c149afbf4c8996fb92427ae41e4649b934ca495991b7852b855
RF-FINITE-THIRDS-O0	sparse_interactive	captured	solved	ok	0	2048fc24c7eff0e7f14b221207e42092186d2ed81b381057ca510c3e611b9818	e6692b93347d88ff8f88d566f1b70f6e27c284ab966208acc6d313c4908a96c6	-	e3b0c44298fc1c149afbf4c8996fb92427ae41e4649b934ca495991b7852b855
RF-FINITE-THIRDS-O0	sparse_interactive	typed	solved	ok	0	2048fc24c7eff0e7f14b221207e42092186d2ed81b381057ca510c3e611b9818	e6692b93347d88ff8f88d566f1b70f6e27c284ab966208acc6d313c4908a96c6	-	e3b0c44298fc1c149afbf4c8996fb92427ae41e4649b934ca495991b7852b855
RF-FINITE-THIRDS-O1e3	dense_scrutiny	captured	solved	ok	0	ace1b09e6773af5dba1861a976ebe1f8bd1ccd7cc87aced4413d42849edcdb33	e7d66e2268d027dde2ad55efe8b014a582ac1ce2d6686756bb9991bc12b27958	-	e3b0c44298fc1c149afbf4c8996fb92427ae41e4649b934ca495991b7852b855
RF-FINITE-THIRDS-O1e3	dense_scrutiny	typed	solved	ok	0	ace1b09e6773af5dba1861a976ebe1f8bd1ccd7cc87aced4413d42849edcdb33	e7d66e2268d027dde2ad55efe8b014a582ac1ce2d6686756bb9991bc12b27958	-	e3b0c44298fc1c149afbf4c8996fb92427ae41e4649b934ca495991b7852b855
RF-FINITE-THIRDS-O1e3	sparse_interactive	captured	solved	ok	0	71d604e61fd0e12093a2c6eab44838135962f6fcf3910a2d0fc2b734079a6d2d	e320676e17682da692072656a3ad4e09ca3495c7664069b4dc963ceb30c1c3a3	-	e3b0c44298fc1c149afbf4c8996fb92427ae41e4649b934ca495991b7852b855
RF-FINITE-THIRDS-O1e3	sparse_interactive	typed	solved	ok	0	71d604e61fd0e12093a2c6eab44838135962f6fcf3910a2d0fc2b734079a6d2d	e320676e17682da692072656a3ad4e09ca3495c7664069b4dc963ceb30c1c3a3	-	e3b0c44298fc1c149afbf4c8996fb92427ae41e4649b934ca495991b7852b855
RF-FINITE-THIRDS-O1e6	dense_scrutiny	captured	solved	ok	0	e4eb6a47d10154a922de05c1cc2c74baa3f6192b63a87937455c49be950548ab	99569a180c9cf08130b8e92b38e0e2791e4e15af36c0e9d74e01aec181e053e0	-	e3b0c44298fc1c149afbf4c8996fb92427ae41e4649b934ca495991b7852b855
RF-FINITE-THIRDS-O1e6	dense_scrutiny	typed	solved	ok	0	e4eb6a47d10154a922de05c1cc2c74baa3f6192b63a87937455c49be950548ab	99569a180c9cf08130b8e92b38e0e2791e4e15af36c0e9d74e01aec181e053e0	-	e3b0c44298fc1c149afbf4c8996fb92427ae41e4649b934ca495991b7852b855
RF-FINITE-THIRDS-O1e6	sparse_interactive	captured	solved	ok	0	53c3105e3d2af7924ad7884374ca980655f520c80d05daa29e212cae8848be58	2c2cda7355580f20e0408ba75c153bdd4bddab02822d4ec24e795a122a499853	-	e3b0c44298fc1c149afbf4c8996fb92427ae41e4649b934ca495991b7852b855
RF-FINITE-THIRDS-O1e6	sparse_interactive	typed	solved	ok	0	53c3105e3d2af7924ad7884374ca980655f520c80d05daa29e212cae8848be58	2c2cda7355580f20e0408ba75c153bdd4bddab02822d4ec24e795a122a499853	-	e3b0c44298fc1c149afbf4c8996fb92427ae41e4649b934ca495991b7852b855
RF-FINITE-THIRTIETHS-O1e6	dense_scrutiny	captured	solved	ok	0	facb582f773fa563fb279f3bc24a0ce19bb077e2d57df826f1365cb17337dd9e	017263418f9aca80c2c41e7a01ff4fc77f53212883bb5114fe4519285955c7d4	-	e3b0c44298fc1c149afbf4c8996fb92427ae41e4649b934ca495991b7852b855
RF-FINITE-THIRTIETHS-O1e6	dense_scrutiny	typed	solved	ok	0	facb582f773fa563fb279f3bc24a0ce19bb077e2d57df826f1365cb17337dd9e	017263418f9aca80c2c41e7a01ff4fc77f53212883bb5114fe4519285955c7d4	-	e3b0c44298fc1c149afbf4c8996fb92427ae41e4649b934ca495991b7852b855
RF-FINITE-THIRTIETHS-O1e6	sparse_interactive	captured	solved	ok	0	5678564b76984e23d6cba15ab6fc71629f810882fe1940f39d5aee92194b4a53	a2884a85df2749a1857d8bd6b2bbc01f9723b66c9ff803f22096d511a41dd606	-	e3b0c44298fc1c149afbf4c8996fb92427ae41e4649b934ca495991b7852b855
RF-FINITE-THIRTIETHS-O1e6	sparse_interactive	typed	solved	ok	0	5678564b76984e23d6cba15ab6fc71629f810882fe1940f39d5aee92194b4a53	a2884a85df2749a1857d8bd6b2bbc01f9723b66c9ff803f22096d511a41dd606	-	e3b0c44298fc1c149afbf4c8996fb92427ae41e4649b934ca495991b7852b855
RF-INVARIANCE-CONT4-BASE	dense_scrutiny	captured	solved	ok	0	e39b046c48b22885d0ab705d2f8b2fa8afd3e17acf9af4b88026f97665993b31	35d1d810294fce4633e588c4197f0c29cb0c77c79e095feca97ea9abd549895e	-	e3b0c44298fc1c149afbf4c8996fb92427ae41e4649b934ca495991b7852b855
RF-INVARIANCE-CONT4-BASE	dense_scrutiny	typed	solved	ok	0	e39b046c48b22885d0ab705d2f8b2fa8afd3e17acf9af4b88026f97665993b31	35d1d810294fce4633e588c4197f0c29cb0c77c79e095feca97ea9abd549895e	-	e3b0c44298fc1c149afbf4c8996fb92427ae41e4649b934ca495991b7852b855
RF-INVARIANCE-CONT4-BASE	sparse_interactive	captured	solved	ok	0	0be587e0f9ac4256e03235369dbff1643fe3622f1f9df1502e31f421ae84382a	b2ae8d35c79e4ec29763d944f882f2ffd33b7b90d6cd7da907be176ff68f5699	-	e3b0c44298fc1c149afbf4c8996fb92427ae41e4649b934ca495991b7852b855
RF-INVARIANCE-CONT4-BASE	sparse_interactive	typed	solved	ok	0	0be587e0f9ac4256e03235369dbff1643fe3622f1f9df1502e31f421ae84382a	b2ae8d35c79e4ec29763d944f882f2ffd33b7b90d6cd7da907be176ff68f5699	-	e3b0c44298fc1c149afbf4c8996fb92427ae41e4649b934ca495991b7852b855
RF-INVARIANCE-CONT4-OFF-1e3	dense_scrutiny	captured	solved	ok	0	e39b046c48b22885d0ab705d2f8b2fa8afd3e17acf9af4b88026f97665993b31	525aa79ef0d2ae7b5772c116be37a786232a64fbf5cb0581fb3c7fdb048e4047	-	e3b0c44298fc1c149afbf4c8996fb92427ae41e4649b934ca495991b7852b855
RF-INVARIANCE-CONT4-OFF-1e3	dense_scrutiny	typed	solved	ok	0	e39b046c48b22885d0ab705d2f8b2fa8afd3e17acf9af4b88026f97665993b31	525aa79ef0d2ae7b5772c116be37a786232a64fbf5cb0581fb3c7fdb048e4047	-	e3b0c44298fc1c149afbf4c8996fb92427ae41e4649b934ca495991b7852b855
RF-INVARIANCE-CONT4-OFF-1e3	sparse_interactive	captured	solved	ok	0	0be587e0f9ac4256e03235369dbff1643fe3622f1f9df1502e31f421ae84382a	7c6cbf25c08827e987117a40c758d04879f7be0b3dab3f11427be6c3d26a146b	-	e3b0c44298fc1c149afbf4c8996fb92427ae41e4649b934ca495991b7852b855
RF-INVARIANCE-CONT4-OFF-1e3	sparse_interactive	typed	solved	ok	0	0be587e0f9ac4256e03235369dbff1643fe3622f1f9df1502e31f421ae84382a	7c6cbf25c08827e987117a40c758d04879f7be0b3dab3f11427be6c3d26a146b	-	e3b0c44298fc1c149afbf4c8996fb92427ae41e4649b934ca495991b7852b855
RF-INVARIANCE-CONT4-OFF-1e6	dense_scrutiny	captured	solved	ok	0	e39b046c48b22885d0ab705d2f8b2fa8afd3e17acf9af4b88026f97665993b31	b39fb2b1c2daad0ce7b1ccd7df03f9ec96db2c4698243b43b942d8ae5193e0b6	-	e3b0c44298fc1c149afbf4c8996fb92427ae41e4649b934ca495991b7852b855
RF-INVARIANCE-CONT4-OFF-1e6	dense_scrutiny	typed	solved	ok	0	e39b046c48b22885d0ab705d2f8b2fa8afd3e17acf9af4b88026f97665993b31	b39fb2b1c2daad0ce7b1ccd7df03f9ec96db2c4698243b43b942d8ae5193e0b6	-	e3b0c44298fc1c149afbf4c8996fb92427ae41e4649b934ca495991b7852b855
RF-INVARIANCE-CONT4-OFF-1e6	sparse_interactive	captured	solved	ok	0	0be587e0f9ac4256e03235369dbff1643fe3622f1f9df1502e31f421ae84382a	dc839c78807a8dec7edbe5ecd384a61acb269c4ed92b0fe4df55e8a02b4c550d	-	e3b0c44298fc1c149afbf4c8996fb92427ae41e4649b934ca495991b7852b855
RF-INVARIANCE-CONT4-OFF-1e6	sparse_interactive	typed	solved	ok	0	0be587e0f9ac4256e03235369dbff1643fe3622f1f9df1502e31f421ae84382a	dc839c78807a8dec7edbe5ecd384a61acb269c4ed92b0fe4df55e8a02b4c550d	-	e3b0c44298fc1c149afbf4c8996fb92427ae41e4649b934ca495991b7852b855
RF-INVARIANCE-CONT4-RELABEL	dense_scrutiny	captured	solved	ok	0	a756f52d9eec61cba9f3e9899d619e39507fbb7870fd9919c820ba620828036b	431166e29650aed6022adf7682522cf0e8db87ab4b45a9be7fd25da40c09b17e	-	e3b0c44298fc1c149afbf4c8996fb92427ae41e4649b934ca495991b7852b855
RF-INVARIANCE-CONT4-RELABEL	dense_scrutiny	typed	solved	ok	0	a756f52d9eec61cba9f3e9899d619e39507fbb7870fd9919c820ba620828036b	431166e29650aed6022adf7682522cf0e8db87ab4b45a9be7fd25da40c09b17e	-	e3b0c44298fc1c149afbf4c8996fb92427ae41e4649b934ca495991b7852b855
RF-INVARIANCE-CONT4-RELABEL	sparse_interactive	captured	solved	ok	0	acf4a20f062341dedb0483abb2430e229be0fc7ad2c1316f99a8cffb3f042c56	191574acef6e0e848e938df31a26f4feb351ca58e51217d0671854df49c38a80	-	e3b0c44298fc1c149afbf4c8996fb92427ae41e4649b934ca495991b7852b855
RF-INVARIANCE-CONT4-RELABEL	sparse_interactive	typed	solved	ok	0	acf4a20f062341dedb0483abb2430e229be0fc7ad2c1316f99a8cffb3f042c56	191574acef6e0e848e938df31a26f4feb351ca58e51217d0671854df49c38a80	-	e3b0c44298fc1c149afbf4c8996fb92427ae41e4649b934ca495991b7852b855
RF-INVARIANCE-CONT4-ROT-Q3	dense_scrutiny	captured	solved	ok	0	dbd251686f73ff980022dee62b9dd2472941000caca24baadff4ce6a4e3cd2dc	07b219bc24e42c98b395c89a9c22a8e4f69e34bb95660a7a0cf6e1607b635c67	-	e3b0c44298fc1c149afbf4c8996fb92427ae41e4649b934ca495991b7852b855
RF-INVARIANCE-CONT4-ROT-Q3	dense_scrutiny	typed	solved	ok	0	dbd251686f73ff980022dee62b9dd2472941000caca24baadff4ce6a4e3cd2dc	07b219bc24e42c98b395c89a9c22a8e4f69e34bb95660a7a0cf6e1607b635c67	-	e3b0c44298fc1c149afbf4c8996fb92427ae41e4649b934ca495991b7852b855
RF-INVARIANCE-CONT4-ROT-Q3	sparse_interactive	captured	solved	ok	0	d78efa7d8e2b8cc431a2b1a4c81fd14896d310ecaaaf8bfe1ff4ae8e01290957	dc2b71edd52511800e6056b4470b2627baa759a1e33462238546e64c7cbcf5ed	-	e3b0c44298fc1c149afbf4c8996fb92427ae41e4649b934ca495991b7852b855
RF-INVARIANCE-CONT4-ROT-Q3	sparse_interactive	typed	solved	ok	0	d78efa7d8e2b8cc431a2b1a4c81fd14896d310ecaaaf8bfe1ff4ae8e01290957	dc2b71edd52511800e6056b4470b2627baa759a1e33462238546e64c7cbcf5ed	-	e3b0c44298fc1c149afbf4c8996fb92427ae41e4649b934ca495991b7852b855
RF-INVARIANCE-CONT4-ROT-Q9	dense_scrutiny	captured	solved	ok	0	643e6a37ce38c50afe9fef6b6fb67f65dd93174329f46ce04f6b98dab0ebf64b	45bbc6e31283d995f1aeccb27d81bba6807db397503fa8bb12b7b3487258d91b	-	e3b0c44298fc1c149afbf4c8996fb92427ae41e4649b934ca495991b7852b855
RF-INVARIANCE-CONT4-ROT-Q9	dense_scrutiny	typed	solved	ok	0	643e6a37ce38c50afe9fef6b6fb67f65dd93174329f46ce04f6b98dab0ebf64b	45bbc6e31283d995f1aeccb27d81bba6807db397503fa8bb12b7b3487258d91b	-	e3b0c44298fc1c149afbf4c8996fb92427ae41e4649b934ca495991b7852b855
RF-INVARIANCE-CONT4-ROT-Q9	sparse_interactive	captured	solved	ok	0	254431424640cd164b53ddd41144cb20d09aea475c633c8660dce3dbc0b1b745	5480bd8c8c3ef940933af28e8978e0689f9ac6ceaeff96810d5b621bfcc307d2	-	e3b0c44298fc1c149afbf4c8996fb92427ae41e4649b934ca495991b7852b855
RF-INVARIANCE-CONT4-ROT-Q9	sparse_interactive	typed	solved	ok	0	254431424640cd164b53ddd41144cb20d09aea475c633c8660dce3dbc0b1b745	5480bd8c8c3ef940933af28e8978e0689f9ac6ceaeff96810d5b621bfcc307d2	-	e3b0c44298fc1c149afbf4c8996fb92427ae41e4649b934ca495991b7852b855
RF-INVARIANCE-CONT4-UNITS-mm	dense_scrutiny	captured	solved	ok	0	e39b046c48b22885d0ab705d2f8b2fa8afd3e17acf9af4b88026f97665993b31	386e34304c51bbde35039034a1ed401320a635c9e69c033356d020ccec3b21cb	-	e3b0c44298fc1c149afbf4c8996fb92427ae41e4649b934ca495991b7852b855
RF-INVARIANCE-CONT4-UNITS-mm	dense_scrutiny	typed	solved	ok	0	e39b046c48b22885d0ab705d2f8b2fa8afd3e17acf9af4b88026f97665993b31	386e34304c51bbde35039034a1ed401320a635c9e69c033356d020ccec3b21cb	-	e3b0c44298fc1c149afbf4c8996fb92427ae41e4649b934ca495991b7852b855
RF-INVARIANCE-CONT4-UNITS-mm	sparse_interactive	captured	solved	ok	0	0be587e0f9ac4256e03235369dbff1643fe3622f1f9df1502e31f421ae84382a	d351222092ec5034acfa9e3b411be6eb6a2739ffe168b4496138c1ce0460f62e	-	e3b0c44298fc1c149afbf4c8996fb92427ae41e4649b934ca495991b7852b855
RF-INVARIANCE-CONT4-UNITS-mm	sparse_interactive	typed	solved	ok	0	0be587e0f9ac4256e03235369dbff1643fe3622f1f9df1502e31f421ae84382a	d351222092ec5034acfa9e3b411be6eb6a2739ffe168b4496138c1ce0460f62e	-	e3b0c44298fc1c149afbf4c8996fb92427ae41e4649b934ca495991b7852b855
RF-INVARIANCE-LFRAME-BASE	dense_scrutiny	captured	solved	ok	0	39e3ded4a9964c025528fd6958314e37ae8eb2b512041d29e8132bd2fce6a2cc	cbe5a4a439df91ba2bc1bfd2fdc0608edf2c5b309824874eff7fc3c353a90839	-	e3b0c44298fc1c149afbf4c8996fb92427ae41e4649b934ca495991b7852b855
RF-INVARIANCE-LFRAME-BASE	dense_scrutiny	typed	solved	ok	0	39e3ded4a9964c025528fd6958314e37ae8eb2b512041d29e8132bd2fce6a2cc	cbe5a4a439df91ba2bc1bfd2fdc0608edf2c5b309824874eff7fc3c353a90839	-	e3b0c44298fc1c149afbf4c8996fb92427ae41e4649b934ca495991b7852b855
RF-INVARIANCE-LFRAME-BASE	sparse_interactive	captured	solved	ok	0	bc10221cc3fef0f351d5313aec5d44f85af966d2d7fb7806513b79728c021498	4cbb8f2df69664e8c50d04b7f7c0d114cd1832872851c36f963c6ada7ce2fb3b	-	e3b0c44298fc1c149afbf4c8996fb92427ae41e4649b934ca495991b7852b855
RF-INVARIANCE-LFRAME-BASE	sparse_interactive	typed	solved	ok	0	bc10221cc3fef0f351d5313aec5d44f85af966d2d7fb7806513b79728c021498	4cbb8f2df69664e8c50d04b7f7c0d114cd1832872851c36f963c6ada7ce2fb3b	-	e3b0c44298fc1c149afbf4c8996fb92427ae41e4649b934ca495991b7852b855
RF-INVARIANCE-LFRAME-OFF-1e3	dense_scrutiny	captured	solved	ok	0	39e3ded4a9964c025528fd6958314e37ae8eb2b512041d29e8132bd2fce6a2cc	84189176460ec4338d8ebb305a28851200f0d2b256ef12be95fb7a9c8e757b98	-	e3b0c44298fc1c149afbf4c8996fb92427ae41e4649b934ca495991b7852b855
RF-INVARIANCE-LFRAME-OFF-1e3	dense_scrutiny	typed	solved	ok	0	39e3ded4a9964c025528fd6958314e37ae8eb2b512041d29e8132bd2fce6a2cc	84189176460ec4338d8ebb305a28851200f0d2b256ef12be95fb7a9c8e757b98	-	e3b0c44298fc1c149afbf4c8996fb92427ae41e4649b934ca495991b7852b855
RF-INVARIANCE-LFRAME-OFF-1e3	sparse_interactive	captured	solved	ok	0	bc10221cc3fef0f351d5313aec5d44f85af966d2d7fb7806513b79728c021498	a9ec4a82e18d510d2e20ea69cc1529d5b9a9c1c47848bd32b5b34532c1d1863e	-	e3b0c44298fc1c149afbf4c8996fb92427ae41e4649b934ca495991b7852b855
RF-INVARIANCE-LFRAME-OFF-1e3	sparse_interactive	typed	solved	ok	0	bc10221cc3fef0f351d5313aec5d44f85af966d2d7fb7806513b79728c021498	a9ec4a82e18d510d2e20ea69cc1529d5b9a9c1c47848bd32b5b34532c1d1863e	-	e3b0c44298fc1c149afbf4c8996fb92427ae41e4649b934ca495991b7852b855
RF-INVARIANCE-LFRAME-OFF-1e6	dense_scrutiny	captured	solved	ok	0	39e3ded4a9964c025528fd6958314e37ae8eb2b512041d29e8132bd2fce6a2cc	14b1456de7d4e0ce881e2c16361f818154c1b2a32b54447c45815c6e6e6b05ce	-	e3b0c44298fc1c149afbf4c8996fb92427ae41e4649b934ca495991b7852b855
RF-INVARIANCE-LFRAME-OFF-1e6	dense_scrutiny	typed	solved	ok	0	39e3ded4a9964c025528fd6958314e37ae8eb2b512041d29e8132bd2fce6a2cc	14b1456de7d4e0ce881e2c16361f818154c1b2a32b54447c45815c6e6e6b05ce	-	e3b0c44298fc1c149afbf4c8996fb92427ae41e4649b934ca495991b7852b855
RF-INVARIANCE-LFRAME-OFF-1e6	sparse_interactive	captured	solved	ok	0	bc10221cc3fef0f351d5313aec5d44f85af966d2d7fb7806513b79728c021498	82ebee5f8d791b47b264dd81a6667a9786a0f3589f8e2a0e21e2d24fd57aed1b	-	e3b0c44298fc1c149afbf4c8996fb92427ae41e4649b934ca495991b7852b855
RF-INVARIANCE-LFRAME-OFF-1e6	sparse_interactive	typed	solved	ok	0	bc10221cc3fef0f351d5313aec5d44f85af966d2d7fb7806513b79728c021498	82ebee5f8d791b47b264dd81a6667a9786a0f3589f8e2a0e21e2d24fd57aed1b	-	e3b0c44298fc1c149afbf4c8996fb92427ae41e4649b934ca495991b7852b855
RF-INVARIANCE-LFRAME-RELABEL	dense_scrutiny	captured	solved	ok	0	0bd4027b45910f95ec55d62b75c3d143f90b91dc40d92b3e6bc6794fa5a8f8cc	c6f76c032355cfd63c4b2c1e578badcf87c40098584f6800d226730b90259468	-	e3b0c44298fc1c149afbf4c8996fb92427ae41e4649b934ca495991b7852b855
RF-INVARIANCE-LFRAME-RELABEL	dense_scrutiny	typed	solved	ok	0	0bd4027b45910f95ec55d62b75c3d143f90b91dc40d92b3e6bc6794fa5a8f8cc	c6f76c032355cfd63c4b2c1e578badcf87c40098584f6800d226730b90259468	-	e3b0c44298fc1c149afbf4c8996fb92427ae41e4649b934ca495991b7852b855
RF-INVARIANCE-LFRAME-RELABEL	sparse_interactive	captured	solved	ok	0	04a352d5e581a5a71cee9ff4fb447ae5503e26cf0892b04e3edfb1b3a9da4633	4f6b80ab3b8478285904e4aeae3c4cb605cc3c528b9edce8cc6009de132120d9	-	e3b0c44298fc1c149afbf4c8996fb92427ae41e4649b934ca495991b7852b855
RF-INVARIANCE-LFRAME-RELABEL	sparse_interactive	typed	solved	ok	0	04a352d5e581a5a71cee9ff4fb447ae5503e26cf0892b04e3edfb1b3a9da4633	4f6b80ab3b8478285904e4aeae3c4cb605cc3c528b9edce8cc6009de132120d9	-	e3b0c44298fc1c149afbf4c8996fb92427ae41e4649b934ca495991b7852b855
RF-INVARIANCE-PINTOR-BASE	dense_scrutiny	captured	solved	ok	0	e76cae3e66806c894e4f5d9e121d783d518cea1233c96051b25992ecb746e953	a9a9e9efb5aa5d689d1fabcfd00a79734c5cd29c7fe0112c1056bbd4c575eca7	-	e3b0c44298fc1c149afbf4c8996fb92427ae41e4649b934ca495991b7852b855
RF-INVARIANCE-PINTOR-BASE	dense_scrutiny	typed	solved	ok	0	46f6d1bf263c02f646149006cc08ac3d2066943121ed55811af2c490b5c007e4	7f30f47b2996e2cc5ca7584f703e7e346bb40ac3547da9be15a1e751d264416d	-	e3b0c44298fc1c149afbf4c8996fb92427ae41e4649b934ca495991b7852b855
RF-INVARIANCE-PINTOR-BASE	sparse_interactive	captured	solved	ok	0	36a8cb53a7a337ee82f4872dfec798a9befc509394288f3c8c6676be46272730	9be9a6258868b404c8b37f509c4180eec8bdee359b6e230b42a86fbd0934e299	-	e3b0c44298fc1c149afbf4c8996fb92427ae41e4649b934ca495991b7852b855
RF-INVARIANCE-PINTOR-BASE	sparse_interactive	typed	solved	ok	0	9237a073298b0c18a9f6c237eed3ba8b9567c9b5b0f2251bd6636acc9bdf0936	204e2eef49312f849c5c700987ad736b741f69187623d9d265f34e97263a3764	-	e3b0c44298fc1c149afbf4c8996fb92427ae41e4649b934ca495991b7852b855
RF-INVARIANCE-PINTOR-OFF-1e3	dense_scrutiny	captured	solved	ok	0	23583dd7e20507a0c516334fe1d37b377526c458bf459026d221d663e242cb87	01ae909c919b2c8d1072469f8ff6565c5ee6055841661b3daefb6aeb424a82ea	-	e3b0c44298fc1c149afbf4c8996fb92427ae41e4649b934ca495991b7852b855
RF-INVARIANCE-PINTOR-OFF-1e3	dense_scrutiny	typed	solved	ok	0	46f6d1bf263c02f646149006cc08ac3d2066943121ed55811af2c490b5c007e4	a50da92560298ebfba1ff125bb17bba124ee2f7488509a813b7468c7a3e13a84	-	e3b0c44298fc1c149afbf4c8996fb92427ae41e4649b934ca495991b7852b855
RF-INVARIANCE-PINTOR-OFF-1e3	sparse_interactive	captured	solved	ok	0	c4a38cad6df486239f38eedc36d476dc93f0a94a7a50417cfda0503ad625e821	4d442a5cdcffb461254f87d5ad9abafac1b1286f5c04dfed5b6d07d8377a653e	-	e3b0c44298fc1c149afbf4c8996fb92427ae41e4649b934ca495991b7852b855
RF-INVARIANCE-PINTOR-OFF-1e3	sparse_interactive	typed	solved	ok	0	9237a073298b0c18a9f6c237eed3ba8b9567c9b5b0f2251bd6636acc9bdf0936	8966ae7e2382966f5ed086d127be184c51299c7f463152e7a249e9b1d6312abd	-	e3b0c44298fc1c149afbf4c8996fb92427ae41e4649b934ca495991b7852b855
RF-INVARIANCE-PINTOR-OFF-1e6	dense_scrutiny	captured	solved	ok	0	23583dd7e20507a0c516334fe1d37b377526c458bf459026d221d663e242cb87	84a65ef14d0427b71a2574c9e697598798e9bbb3b47ec196914fb17fdbbe556a	-	e3b0c44298fc1c149afbf4c8996fb92427ae41e4649b934ca495991b7852b855
RF-INVARIANCE-PINTOR-OFF-1e6	dense_scrutiny	typed	solved	ok	0	46f6d1bf263c02f646149006cc08ac3d2066943121ed55811af2c490b5c007e4	a1f23f9d2299dc40ec87b677a22a9b6027730ce9bccccc4ae32ea68103a1c9ec	-	e3b0c44298fc1c149afbf4c8996fb92427ae41e4649b934ca495991b7852b855
RF-INVARIANCE-PINTOR-OFF-1e6	sparse_interactive	captured	solved	ok	0	c4a38cad6df486239f38eedc36d476dc93f0a94a7a50417cfda0503ad625e821	8e9147e0ab3bc988cdabd8625d2d25805aedc18f7478ce3378a69c9c23c00c83	-	e3b0c44298fc1c149afbf4c8996fb92427ae41e4649b934ca495991b7852b855
RF-INVARIANCE-PINTOR-OFF-1e6	sparse_interactive	typed	solved	ok	0	9237a073298b0c18a9f6c237eed3ba8b9567c9b5b0f2251bd6636acc9bdf0936	cb5b0c4a06a76c9bda67014f4a9d62b95146d33f63421dda27965c27cc96f1fd	-	e3b0c44298fc1c149afbf4c8996fb92427ae41e4649b934ca495991b7852b855
RF-INVARIANCE-PINTOR-RELABEL	dense_scrutiny	captured	solved	ok	0	9ccc4be1fb98671ea6ceeb37cb9a10877494a8f1b072eb1d1bc3d3b8e0498004	4ebac27c583361e29e1dae51997db57e951563ad20d0a0519c33780e0116fee5	-	e3b0c44298fc1c149afbf4c8996fb92427ae41e4649b934ca495991b7852b855
RF-INVARIANCE-PINTOR-RELABEL	dense_scrutiny	typed	solved	ok	0	b8c8d4a2676d9629d5b09aa393b30d8807a9ff775ee201a1c38d12d82e492293	5229ed993f0c0e1b8bbc3725df6a8a475ad9f47af297195061b0e002bc848d60	-	e3b0c44298fc1c149afbf4c8996fb92427ae41e4649b934ca495991b7852b855
RF-INVARIANCE-PINTOR-RELABEL	sparse_interactive	captured	solved	ok	0	ce579eae07fc027c727dd1e0bea6278a22bdff35de66d50da1bd556976858d3c	e74667682fc3e81f42675aec14cb279f311b2674e8abadc3716fe723d7032d5f	-	e3b0c44298fc1c149afbf4c8996fb92427ae41e4649b934ca495991b7852b855
RF-INVARIANCE-PINTOR-RELABEL	sparse_interactive	typed	solved	ok	0	24f850276662d771637be1f6c5a56e59bd715d168d2649fba0ab380388e4e13b	07d8b101346d931c494e4329ab4b9e174a444c31dee2754061af7800b367f0ee	-	e3b0c44298fc1c149afbf4c8996fb92427ae41e4649b934ca495991b7852b855
RF-INVARIANCE-TREE100-BASE	dense_scrutiny	captured	solved	ok	0	5475aa10e5fe7b6e396121319ca9da76e52207a5a7ca885ac9d96e017b7e13fd	e860649857bc5c7c581cf3971bf0775863e3f70b6300669578631df263c5f815	-	e3b0c44298fc1c149afbf4c8996fb92427ae41e4649b934ca495991b7852b855
RF-INVARIANCE-TREE100-BASE	dense_scrutiny	typed	solved	ok	0	3d15fb55832980012a8a725861abb497bec9530af0c236e218ee8a20cc60c90f	d2c5571c273c85412caa2d70b852b5523c9b31abba5c5929a56261315f7617f2	-	e3b0c44298fc1c149afbf4c8996fb92427ae41e4649b934ca495991b7852b855
RF-INVARIANCE-TREE100-BASE	sparse_interactive	captured	solved	ok	0	fd6aac88e3d8b87b4c9e03d0809042e399c3114c05b7c8c9da179c66dcbf81cf	701a763a43712f55935a3bddc791a05899786bb4c5da38a9fd1d06a42a809c10	-	e3b0c44298fc1c149afbf4c8996fb92427ae41e4649b934ca495991b7852b855
RF-INVARIANCE-TREE100-BASE	sparse_interactive	typed	solved	ok	0	0393704db95f91c17d83e3a8da57a592dd099696cc0250860922c602eadc0b27	057b67c8e139e1d73651cb9443b8aa9ae87b85e25ac0882ca94a8d1cb834017b	-	e3b0c44298fc1c149afbf4c8996fb92427ae41e4649b934ca495991b7852b855
RF-INVARIANCE-TREE100-OFF-1e3	dense_scrutiny	captured	solved	ok	0	5475aa10e5fe7b6e396121319ca9da76e52207a5a7ca885ac9d96e017b7e13fd	5c6e97f1672cc0583f74d853bb394b89e7d0871da5d2b495feb23ddd1bda0a02	-	e3b0c44298fc1c149afbf4c8996fb92427ae41e4649b934ca495991b7852b855
RF-INVARIANCE-TREE100-OFF-1e3	dense_scrutiny	typed	solved	ok	0	3d15fb55832980012a8a725861abb497bec9530af0c236e218ee8a20cc60c90f	37d17a1bcb602bbd8771a4c1eb46e341da458b64c0d13f812c886355d63201da	-	e3b0c44298fc1c149afbf4c8996fb92427ae41e4649b934ca495991b7852b855
RF-INVARIANCE-TREE100-OFF-1e3	sparse_interactive	captured	solved	ok	0	fd6aac88e3d8b87b4c9e03d0809042e399c3114c05b7c8c9da179c66dcbf81cf	eaad0efb18ca50083eb5af362470c6fc718fd459294d613e7d4c55d42add065e	-	e3b0c44298fc1c149afbf4c8996fb92427ae41e4649b934ca495991b7852b855
RF-INVARIANCE-TREE100-OFF-1e3	sparse_interactive	typed	solved	ok	0	0393704db95f91c17d83e3a8da57a592dd099696cc0250860922c602eadc0b27	2b266f5dc47ddd55fccdb83fef6c176105b8d5652634dd4d700e908101125bbb	-	e3b0c44298fc1c149afbf4c8996fb92427ae41e4649b934ca495991b7852b855
RF-INVARIANCE-TREE100-OFF-1e6	dense_scrutiny	captured	solved	ok	0	5475aa10e5fe7b6e396121319ca9da76e52207a5a7ca885ac9d96e017b7e13fd	47a44399029e64d7b243c546f61712ec6ec301dbf94e515fa64bcfd2b9395072	-	e3b0c44298fc1c149afbf4c8996fb92427ae41e4649b934ca495991b7852b855
RF-INVARIANCE-TREE100-OFF-1e6	dense_scrutiny	typed	solved	ok	0	3d15fb55832980012a8a725861abb497bec9530af0c236e218ee8a20cc60c90f	d747aed4e895e9964da4fd65db0e62f76d7cbae97b8b06a5581e8868a5fd5b1c	-	e3b0c44298fc1c149afbf4c8996fb92427ae41e4649b934ca495991b7852b855
RF-INVARIANCE-TREE100-OFF-1e6	sparse_interactive	captured	solved	ok	0	fd6aac88e3d8b87b4c9e03d0809042e399c3114c05b7c8c9da179c66dcbf81cf	1defd985fd5c0d9738ffa24711e4422af5e2a3eac2dce8fec0bda52e3c1e76e2	-	e3b0c44298fc1c149afbf4c8996fb92427ae41e4649b934ca495991b7852b855
RF-INVARIANCE-TREE100-OFF-1e6	sparse_interactive	typed	solved	ok	0	0393704db95f91c17d83e3a8da57a592dd099696cc0250860922c602eadc0b27	7377ab1990a3515eaa027f376c770c0d72f8b3fa09495924a865e1a545f5a3a4	-	e3b0c44298fc1c149afbf4c8996fb92427ae41e4649b934ca495991b7852b855
RF-INVARIANCE-TREE100-RELABEL	dense_scrutiny	captured	solved	ok	0	a1ba53b2f4e351ba1680fd5aece6369a0a4aaab340638492064b91d7aa750969	c453b2fc643b76ad9b7143c39ce53a14c30b70d62f0fe01fc16c5fbc024d074b	-	e3b0c44298fc1c149afbf4c8996fb92427ae41e4649b934ca495991b7852b855
RF-INVARIANCE-TREE100-RELABEL	dense_scrutiny	typed	solved	ok	0	5c3972e5fd011ad70754ad03c98adb272614957ca7a4ab3264b65a751679cd35	994cf6958c115f7704eea25d811fa729c0347b31f07de7d53b863b612f2da49b	-	e3b0c44298fc1c149afbf4c8996fb92427ae41e4649b934ca495991b7852b855
RF-INVARIANCE-TREE100-RELABEL	sparse_interactive	captured	solved	ok	0	49a6a714dc4193146bcaed1103ab808af9e916494472a1cb4558181a6b0398b5	b977af1bc4c9e7d44f911643fd3056fb7401c43ad3ba75e1200f8924c710e7c1	-	e3b0c44298fc1c149afbf4c8996fb92427ae41e4649b934ca495991b7852b855
RF-INVARIANCE-TREE100-RELABEL	sparse_interactive	typed	solved	ok	0	013146a94c25c6ceeb6b3555a83be808a5377ed2a8db63382211009ffc597012	d317411652ec9f7e344a3ba960df97a14014509cc63f1d4cc1c61f9b6b791d57	-	e3b0c44298fc1c149afbf4c8996fb92427ae41e4649b934ca495991b7852b855
RF-LARGE-CHAIN-n00010-AX	dense_scrutiny	captured	solved	ok	0	0b3f894dfeda112b22c311b57a2f3810172ea5df62c007d3a51740c15db7375f	4b4c4eb1104b5e2cd8dc7130080b3f230a836a113508fd4cf231498698996a88	-	e3b0c44298fc1c149afbf4c8996fb92427ae41e4649b934ca495991b7852b855
RF-LARGE-CHAIN-n00010-AX	dense_scrutiny	typed	solved	ok	0	0b3f894dfeda112b22c311b57a2f3810172ea5df62c007d3a51740c15db7375f	4b4c4eb1104b5e2cd8dc7130080b3f230a836a113508fd4cf231498698996a88	-	e3b0c44298fc1c149afbf4c8996fb92427ae41e4649b934ca495991b7852b855
RF-LARGE-CHAIN-n00010-AX	sparse_interactive	captured	solved	ok	0	19f58fcccc96769203b4f80eeb51699eb00901402a9bcf786d5bc33c910b7900	06003e20ce45b9a7059d48aab3ce95d2977c83abc571c5ed9068f9c81dc0f637	-	e3b0c44298fc1c149afbf4c8996fb92427ae41e4649b934ca495991b7852b855
RF-LARGE-CHAIN-n00010-AX	sparse_interactive	typed	solved	ok	0	19f58fcccc96769203b4f80eeb51699eb00901402a9bcf786d5bc33c910b7900	06003e20ce45b9a7059d48aab3ce95d2977c83abc571c5ed9068f9c81dc0f637	-	e3b0c44298fc1c149afbf4c8996fb92427ae41e4649b934ca495991b7852b855
RF-LARGE-CHAIN-n00010-ROT	dense_scrutiny	captured	solved	ok	0	22cf34e7dad08c7636375cbcce4d75d8700c04652f1ae6ec427b87bd8da13a28	e198833ff04162046d4f7ae8dc97719b80617452d351a88d2879faf702077265	-	e3b0c44298fc1c149afbf4c8996fb92427ae41e4649b934ca495991b7852b855
RF-LARGE-CHAIN-n00010-ROT	dense_scrutiny	typed	solved	ok	0	22cf34e7dad08c7636375cbcce4d75d8700c04652f1ae6ec427b87bd8da13a28	e198833ff04162046d4f7ae8dc97719b80617452d351a88d2879faf702077265	-	e3b0c44298fc1c149afbf4c8996fb92427ae41e4649b934ca495991b7852b855
RF-LARGE-CHAIN-n00010-ROT	sparse_interactive	captured	solved	ok	0	ccdd63240bb1e015d2684baa4a277ac4d2f2ed306302ea2c8f1ffc7cfbfb410e	132e7c639004df734e7a9fe60adc6488a1ac5a687fa4e8c5aecd39b65bbd776b	-	e3b0c44298fc1c149afbf4c8996fb92427ae41e4649b934ca495991b7852b855
RF-LARGE-CHAIN-n00010-ROT	sparse_interactive	typed	solved	ok	0	ccdd63240bb1e015d2684baa4a277ac4d2f2ed306302ea2c8f1ffc7cfbfb410e	132e7c639004df734e7a9fe60adc6488a1ac5a687fa4e8c5aecd39b65bbd776b	-	e3b0c44298fc1c149afbf4c8996fb92427ae41e4649b934ca495991b7852b855
RF-LARGE-CHAIN-n00100-AX	dense_scrutiny	captured	solved	ok	0	804f1ec09e8a78a6b251ecf8bc893b79b6239d640401bb2f7579c198e08f6460	0424fdb4baffd9c1b714b4a5b7b6153be81ca2fcf49a2c745b2e5065c43392e6	-	e3b0c44298fc1c149afbf4c8996fb92427ae41e4649b934ca495991b7852b855
RF-LARGE-CHAIN-n00100-AX	dense_scrutiny	typed	solved	ok	0	9a5c76753a27b440492a5f7661475ecc9fd7decaabf3cde8499bcd949a4096cc	ce113e0e379bbb271497ab73dbb9270c0ada59ad1f85d194b06907d9b219191c	-	e3b0c44298fc1c149afbf4c8996fb92427ae41e4649b934ca495991b7852b855
RF-LARGE-CHAIN-n00100-AX	sparse_interactive	captured	solved	ok	0	158690ecdc1fe4737221f3ea4e8166c07a222c769421d4eb7513a15ac4962d80	bec77d30891fb8e6fd003c004226478de8e1152c6ed1a7cf9f1d68e2b834031e	-	e3b0c44298fc1c149afbf4c8996fb92427ae41e4649b934ca495991b7852b855
RF-LARGE-CHAIN-n00100-AX	sparse_interactive	typed	solved	ok	0	fa6d52aee44f9aad8bd373aec58d8a8752091fe96b05b8a3e80ce1cd97552226	e62dface111d408e30dd527f3b35016527503a86d6c6a2326c9ce6a38de5f13a	-	e3b0c44298fc1c149afbf4c8996fb92427ae41e4649b934ca495991b7852b855
RF-LARGE-CHAIN-n00100-ROT	dense_scrutiny	captured	solved	ok	0	cd95c83d5d87748ba2ff4a58468f9d351f22206db808e1b6f52fbae870327867	01d318e42d7cf8cf76a29278af087b90582a381a5a2a291636b8713da5bd6e4c	-	e3b0c44298fc1c149afbf4c8996fb92427ae41e4649b934ca495991b7852b855
RF-LARGE-CHAIN-n00100-ROT	dense_scrutiny	typed	solved	ok	0	e1f0af0bd38b08d774835e62c792d2a57d4aa4ad52bebb383b164d35ddc35682	db588757472884f19d78533f7bc1f1528f1d091a3afdd8472c7604356dc6c62c	-	e3b0c44298fc1c149afbf4c8996fb92427ae41e4649b934ca495991b7852b855
RF-LARGE-CHAIN-n00100-ROT	sparse_interactive	captured	solved	ok	0	6da053d4c7327e5a6ed5576520797a052d0f70467b167fa60c5fe0af431d0cf0	11a200980270f6fd5b832417cec380e377edb9d3b04706eebc411c935c87493d	-	e3b0c44298fc1c149afbf4c8996fb92427ae41e4649b934ca495991b7852b855
RF-LARGE-CHAIN-n00100-ROT	sparse_interactive	typed	solved	ok	0	68a3630af8cdd9b19939778e551ee9292bac2bbd91e787676230a59221da97c9	fb435603b4bd21144476bca3163a8eb6ce9007ddbf99d411fa27304aab3aac69	-	e3b0c44298fc1c149afbf4c8996fb92427ae41e4649b934ca495991b7852b855
RF-LARGE-CHAIN-n01000-AX	dense_scrutiny	captured	solved	ok	0	818b4d48a00a57ba368bd5f204c2e2848cedfb070de5142e15c4adee774ef164	1b2b63cbf6489aa9005fbbfe6d15f76cc2f17cd07f7443d6829165eb0ab86bc4	-	e3b0c44298fc1c149afbf4c8996fb92427ae41e4649b934ca495991b7852b855
RF-LARGE-CHAIN-n01000-AX	dense_scrutiny	typed	solved	ok	0	6f26cf99e39fa48d2a19f4a11d0a292a9d1e5101b927496311a0bb0de2709b9a	a3c29dc613e37484c141a6ca847c29ac007b7260701a20f9bf97e527f6304807	-	e3b0c44298fc1c149afbf4c8996fb92427ae41e4649b934ca495991b7852b855
RF-LARGE-CHAIN-n01000-AX	sparse_interactive	captured	solved	ok	0	6e8f8aa97ca2a9075cfaa2c6ef0c674a5a95b30ae2630e86d65f4c274b3588f0	0a01bb7dc592de8949406a9bb6dd1c08e13f455ee6f197cd80fb0957c22f89fb	-	e3b0c44298fc1c149afbf4c8996fb92427ae41e4649b934ca495991b7852b855
RF-LARGE-CHAIN-n01000-AX	sparse_interactive	typed	solved	ok	0	156104a97633c535c6347cec8e01fadbbe32b2f5551f5d9416e116677391c7f3	e8f418512ebc19e263a6292f3f0e15d86f989184c230800236d2375756701f11	-	e3b0c44298fc1c149afbf4c8996fb92427ae41e4649b934ca495991b7852b855
RF-LARGE-CHAIN-n01000-ROT	sparse_interactive	captured	solved	ok	0	8a7bb41b573517f03dc3769f98e8815a4cae371200b22dfb63d1c12ca03b3181	ac494e6c32474e85751420646bec77bd54f3a31c62a5f22b50b12944f917b0fc	-	e3b0c44298fc1c149afbf4c8996fb92427ae41e4649b934ca495991b7852b855
RF-LARGE-CHAIN-n01000-ROT	sparse_interactive	typed	solved	ok	0	e4020c735085e5ec3f3b8ca9c44bb12af97239597d76aba2335f4187560cbe01	9f16f8d50bc31171977e144a01cf51d53139e08d19f72fc7dc87a166925f3d24	-	e3b0c44298fc1c149afbf4c8996fb92427ae41e4649b934ca495991b7852b855
RF-LARGE-CHAIN-n10000-AX	dense_scrutiny	captured	refused_blocked	ok	0	41bce4dbffe0f45c5691d96aa37384cb47bc376b11c6f862d362f741f4bc4d7d	639875f325a11da20ee9979af546ba814677cb49f8bf9299aaf289f807b0d49e	-	e3b0c44298fc1c149afbf4c8996fb92427ae41e4649b934ca495991b7852b855
RF-LARGE-CHAIN-n10000-AX	dense_scrutiny	typed	refused_blocked	ok	0	41bce4dbffe0f45c5691d96aa37384cb47bc376b11c6f862d362f741f4bc4d7d	639875f325a11da20ee9979af546ba814677cb49f8bf9299aaf289f807b0d49e	-	e3b0c44298fc1c149afbf4c8996fb92427ae41e4649b934ca495991b7852b855
RF-LARGE-CHAIN-n10000-AX	sparse_interactive	captured	refused_blocked	ok	0	5126a818d624334b1f52cf22b488974b852de532807c86eabc598e9b475989bb	1012d45f2073be7dce67ac5617a539f545e781081481ebb21e138294ec976cdb	-	e3b0c44298fc1c149afbf4c8996fb92427ae41e4649b934ca495991b7852b855
RF-LARGE-CHAIN-n10000-AX	sparse_interactive	typed	refused_blocked	ok	0	c3058e5c7fc0b381fc2975d004a7f2f40b4e48676c037d6cac7fed9880463fe1	7d38b764dc7e4c6620d96e88c05ea2e44d2772176d15c4a3052de82a8f617bb0	-	e3b0c44298fc1c149afbf4c8996fb92427ae41e4649b934ca495991b7852b855
RF-LARGE-CHAIN-n10000-ROT	dense_scrutiny	captured	refused_blocked	ok	0	41bce4dbffe0f45c5691d96aa37384cb47bc376b11c6f862d362f741f4bc4d7d	d2eab39af2eeb1782da9559fe2545ab250c5ce7dae5058b85a04134c8bf25717	-	e3b0c44298fc1c149afbf4c8996fb92427ae41e4649b934ca495991b7852b855
RF-LARGE-CHAIN-n10000-ROT	dense_scrutiny	typed	refused_blocked	ok	0	41bce4dbffe0f45c5691d96aa37384cb47bc376b11c6f862d362f741f4bc4d7d	d2eab39af2eeb1782da9559fe2545ab250c5ce7dae5058b85a04134c8bf25717	-	e3b0c44298fc1c149afbf4c8996fb92427ae41e4649b934ca495991b7852b855
RF-LARGE-CHAIN-n10000-ROT	sparse_interactive	captured	refused_blocked	ok	0	005f1e93d9ac55675cc697b004919a264193133bf7aec4771dbd670740d2a3fc	4b305c5d0a712b4d9b8c9ea191ecb6f9884d7ed74fe99fe176f983c0424d5472	-	e3b0c44298fc1c149afbf4c8996fb92427ae41e4649b934ca495991b7852b855
RF-LARGE-CHAIN-n10000-ROT	sparse_interactive	typed	refused_blocked	ok	0	6156b93ec5e8d6757787c32cf4e7b2f5c6e4471c0bf3761f3395cb56b4c3813c	e33127846e5bd5b3c2c2b98a84558e4aabd11cefb614b2ca6afd55edbb36ed11	-	e3b0c44298fc1c149afbf4c8996fb92427ae41e4649b934ca495991b7852b855
RF-LARGE-CONT-n00010-AX	dense_scrutiny	captured	solved	ok	0	5d412949022189846d3b603a9fc3a83c1d48db599b69dd79fcddffc07f91f3e6	3b877a427b678ad007ea228457c93107dc7bf06bbd3b32b4213ff3fe0ba0ccd4	-	e3b0c44298fc1c149afbf4c8996fb92427ae41e4649b934ca495991b7852b855
RF-LARGE-CONT-n00010-AX	dense_scrutiny	typed	solved	ok	0	5d412949022189846d3b603a9fc3a83c1d48db599b69dd79fcddffc07f91f3e6	3b877a427b678ad007ea228457c93107dc7bf06bbd3b32b4213ff3fe0ba0ccd4	-	e3b0c44298fc1c149afbf4c8996fb92427ae41e4649b934ca495991b7852b855
RF-LARGE-CONT-n00010-AX	sparse_interactive	captured	solved	ok	0	6569218eb40623b4528f1f591ab8550e0f1f6d6526a11c92e1ab47e4dffac66f	f8cec25aa804a432c2566a75b834ba01c3c0f8f00b6c1bae88fc137b409a7518	-	e3b0c44298fc1c149afbf4c8996fb92427ae41e4649b934ca495991b7852b855
RF-LARGE-CONT-n00010-AX	sparse_interactive	typed	solved	ok	0	6569218eb40623b4528f1f591ab8550e0f1f6d6526a11c92e1ab47e4dffac66f	f8cec25aa804a432c2566a75b834ba01c3c0f8f00b6c1bae88fc137b409a7518	-	e3b0c44298fc1c149afbf4c8996fb92427ae41e4649b934ca495991b7852b855
RF-LARGE-CONT-n00010-ROT	dense_scrutiny	captured	solved	ok	0	22cf6d6f9155fd40b9aa64c8946ea0a4251e414b7371d284b4ed2b177a5ee2d0	53aa6a6e6e2250adef59f3479962d7b05ac7d0f002eae43a6c3d78514654b05c	-	e3b0c44298fc1c149afbf4c8996fb92427ae41e4649b934ca495991b7852b855
RF-LARGE-CONT-n00010-ROT	dense_scrutiny	typed	solved	ok	0	22cf6d6f9155fd40b9aa64c8946ea0a4251e414b7371d284b4ed2b177a5ee2d0	53aa6a6e6e2250adef59f3479962d7b05ac7d0f002eae43a6c3d78514654b05c	-	e3b0c44298fc1c149afbf4c8996fb92427ae41e4649b934ca495991b7852b855
RF-LARGE-CONT-n00010-ROT	sparse_interactive	captured	solved	ok	0	44464b6933b22f16b4b01138be61ff1a4c923e3e62200db9c5bdca210f6fb9b0	916e4042ad77f367dad1fb4a2fb9a0cea54d6699245bfb6397b0e2adba76ee94	-	e3b0c44298fc1c149afbf4c8996fb92427ae41e4649b934ca495991b7852b855
RF-LARGE-CONT-n00010-ROT	sparse_interactive	typed	solved	ok	0	44464b6933b22f16b4b01138be61ff1a4c923e3e62200db9c5bdca210f6fb9b0	916e4042ad77f367dad1fb4a2fb9a0cea54d6699245bfb6397b0e2adba76ee94	-	e3b0c44298fc1c149afbf4c8996fb92427ae41e4649b934ca495991b7852b855
RF-LARGE-CONT-n00100-AX	dense_scrutiny	captured	solved	ok	0	7ca9a9e5382ff06ec4a559f4c2dae1a4b61454e1a1d6bccc7bf522488843df02	4d7f4816fb60d336e108d10bda55f363d5c2acbe1f58d1b8babec097ec9f0285	-	e3b0c44298fc1c149afbf4c8996fb92427ae41e4649b934ca495991b7852b855
RF-LARGE-CONT-n00100-AX	dense_scrutiny	typed	solved	ok	0	7ca9a9e5382ff06ec4a559f4c2dae1a4b61454e1a1d6bccc7bf522488843df02	4d7f4816fb60d336e108d10bda55f363d5c2acbe1f58d1b8babec097ec9f0285	-	e3b0c44298fc1c149afbf4c8996fb92427ae41e4649b934ca495991b7852b855
RF-LARGE-CONT-n00100-AX	sparse_interactive	captured	solved	ok	0	11130d010a861669f6c06d106afe6139bc1a6027ccf9be827b273364d58fdf5f	340fbf8a0d4947edee532a34f34d7786e78015d503c02e4e39f1a9dbd4026a43	-	e3b0c44298fc1c149afbf4c8996fb92427ae41e4649b934ca495991b7852b855
RF-LARGE-CONT-n00100-AX	sparse_interactive	typed	solved	ok	0	11130d010a861669f6c06d106afe6139bc1a6027ccf9be827b273364d58fdf5f	340fbf8a0d4947edee532a34f34d7786e78015d503c02e4e39f1a9dbd4026a43	-	e3b0c44298fc1c149afbf4c8996fb92427ae41e4649b934ca495991b7852b855
RF-LARGE-CONT-n00100-ROT	dense_scrutiny	captured	solved	ok	0	f4e0ebbf62f421f0b3f21928f292f3422f7fdc0d93b2687b2e60af229ae3a7a7	b65fc873f1998dbf451e4986b98884902b33ae8a5c6ec726dd422dc7be9f0681	-	e3b0c44298fc1c149afbf4c8996fb92427ae41e4649b934ca495991b7852b855
RF-LARGE-CONT-n00100-ROT	dense_scrutiny	typed	solved	ok	0	f4e0ebbf62f421f0b3f21928f292f3422f7fdc0d93b2687b2e60af229ae3a7a7	b65fc873f1998dbf451e4986b98884902b33ae8a5c6ec726dd422dc7be9f0681	-	e3b0c44298fc1c149afbf4c8996fb92427ae41e4649b934ca495991b7852b855
RF-LARGE-CONT-n00100-ROT	sparse_interactive	captured	solved	ok	0	907cdde56d98f35b4621e40bb2740f8aaf1b1544e660998a4e6d804531ee2ccb	87f77e5a44dad9cfab90293660ff1a6a51e3af79072ecbff9106ddc6f95b3ab5	-	e3b0c44298fc1c149afbf4c8996fb92427ae41e4649b934ca495991b7852b855
RF-LARGE-CONT-n00100-ROT	sparse_interactive	typed	solved	ok	0	907cdde56d98f35b4621e40bb2740f8aaf1b1544e660998a4e6d804531ee2ccb	87f77e5a44dad9cfab90293660ff1a6a51e3af79072ecbff9106ddc6f95b3ab5	-	e3b0c44298fc1c149afbf4c8996fb92427ae41e4649b934ca495991b7852b855
RF-LARGE-CONT-n01000-AX	dense_scrutiny	captured	solved	ok	0	b21553e32009b3a4e385b1c59d7dac9e81aca6665a317c46fe6b84269d9564a5	56ffcfbc04897b548a4c7aad32f0cce4c0fc0d110fcd723b7ceb99822d1f54fe	-	e3b0c44298fc1c149afbf4c8996fb92427ae41e4649b934ca495991b7852b855
RF-LARGE-CONT-n01000-AX	dense_scrutiny	typed	solved	ok	0	b21553e32009b3a4e385b1c59d7dac9e81aca6665a317c46fe6b84269d9564a5	56ffcfbc04897b548a4c7aad32f0cce4c0fc0d110fcd723b7ceb99822d1f54fe	-	e3b0c44298fc1c149afbf4c8996fb92427ae41e4649b934ca495991b7852b855
RF-LARGE-CONT-n01000-AX	sparse_interactive	captured	solved	ok	0	4ae5daa15deba531eeb96714703f1f0d6144edccf45d014157a97b767e411171	29b3bb2a84439711deda817d0663fbcffffeb1e4c7861027a7cda6cda40c7e6e	-	e3b0c44298fc1c149afbf4c8996fb92427ae41e4649b934ca495991b7852b855
RF-LARGE-CONT-n01000-AX	sparse_interactive	typed	solved	ok	0	4ae5daa15deba531eeb96714703f1f0d6144edccf45d014157a97b767e411171	29b3bb2a84439711deda817d0663fbcffffeb1e4c7861027a7cda6cda40c7e6e	-	e3b0c44298fc1c149afbf4c8996fb92427ae41e4649b934ca495991b7852b855
RF-LARGE-CONT-n01000-ROT	dense_scrutiny	captured	solved	ok	0	3b1ec8a3933d839a319e9c234b488241358d073127f6a7cdc8fbca2727910516	8c29a5ee105af7b677b6d8c90889ef98304769adcc7df4323637d5fbc8537a2c	-	e3b0c44298fc1c149afbf4c8996fb92427ae41e4649b934ca495991b7852b855
RF-LARGE-CONT-n01000-ROT	dense_scrutiny	typed	solved	ok	0	3b1ec8a3933d839a319e9c234b488241358d073127f6a7cdc8fbca2727910516	8c29a5ee105af7b677b6d8c90889ef98304769adcc7df4323637d5fbc8537a2c	-	e3b0c44298fc1c149afbf4c8996fb92427ae41e4649b934ca495991b7852b855
RF-LARGE-CONT-n01000-ROT	sparse_interactive	captured	solved	ok	0	96209053511a117fcdd7b70cbf721d1cfaf2e81c5ae546c17ce9304d2ec6f666	f8c3779b06d8fd4e810a6719f4881996af6471b981667826cb2e832376d0947a	-	e3b0c44298fc1c149afbf4c8996fb92427ae41e4649b934ca495991b7852b855
RF-LARGE-CONT-n01000-ROT	sparse_interactive	typed	solved	ok	0	96209053511a117fcdd7b70cbf721d1cfaf2e81c5ae546c17ce9304d2ec6f666	f8c3779b06d8fd4e810a6719f4881996af6471b981667826cb2e832376d0947a	-	e3b0c44298fc1c149afbf4c8996fb92427ae41e4649b934ca495991b7852b855
RF-LARGE-CONT-n10000-AX	dense_scrutiny	captured	refused_blocked	ok	0	41bce4dbffe0f45c5691d96aa37384cb47bc376b11c6f862d362f741f4bc4d7d	aec07d05fe9dcd34c01e497f396fa5cbc80585567e631e743e02c4886fa705ec	-	e3b0c44298fc1c149afbf4c8996fb92427ae41e4649b934ca495991b7852b855
RF-LARGE-CONT-n10000-AX	dense_scrutiny	typed	refused_blocked	ok	0	41bce4dbffe0f45c5691d96aa37384cb47bc376b11c6f862d362f741f4bc4d7d	aec07d05fe9dcd34c01e497f396fa5cbc80585567e631e743e02c4886fa705ec	-	e3b0c44298fc1c149afbf4c8996fb92427ae41e4649b934ca495991b7852b855
RF-LARGE-CONT-n10000-AX	sparse_interactive	captured	solved	ok	0	eea102f18841115b16204d1004bbec403820d859e8fad160f463c1b492ee2246	1acae243e06233d354eed4f34fcc4359fbcdb95e80d129bc447eabc876f3e51b	-	e3b0c44298fc1c149afbf4c8996fb92427ae41e4649b934ca495991b7852b855
RF-LARGE-CONT-n10000-AX	sparse_interactive	typed	solved	ok	0	df3ab495dd103469298d438e209c144257733cf9d35647e7f305cbe485cbc396	6980bf60e7d9098e1353414137288b8832b850a1dd2f2fd9993e329f1904e171	-	e3b0c44298fc1c149afbf4c8996fb92427ae41e4649b934ca495991b7852b855
RF-LARGE-CONT-n10000-ROT	dense_scrutiny	captured	refused_blocked	ok	0	41bce4dbffe0f45c5691d96aa37384cb47bc376b11c6f862d362f741f4bc4d7d	f2cbb2eb43a856237462484a4ed345709efcdbb4107163cc8291947bef4fec7f	-	e3b0c44298fc1c149afbf4c8996fb92427ae41e4649b934ca495991b7852b855
RF-LARGE-CONT-n10000-ROT	dense_scrutiny	typed	refused_blocked	ok	0	41bce4dbffe0f45c5691d96aa37384cb47bc376b11c6f862d362f741f4bc4d7d	f2cbb2eb43a856237462484a4ed345709efcdbb4107163cc8291947bef4fec7f	-	e3b0c44298fc1c149afbf4c8996fb92427ae41e4649b934ca495991b7852b855
RF-LARGE-CONT-n10000-ROT	sparse_interactive	captured	solved	ok	0	5313b9d476dc83c9c9e7c28f046754fb3b56a04a1e02b6ca3ffd393d1e13ebcb	16f078a01631834bbd4009d749797d29d9e87fd8c73c907f40a7d8389d98a23a	-	e3b0c44298fc1c149afbf4c8996fb92427ae41e4649b934ca495991b7852b855
RF-LARGE-CONT-n10000-ROT	sparse_interactive	typed	solved	ok	0	d121518b72b5554269b22ebcd24361b8dd5ddd91d3a911ac868a98c1ed48d5be	9f6d3d3d6eae42844d6a05f1b72244710388a12a497c23f8678e7cffd7b2ad0d	-	e3b0c44298fc1c149afbf4c8996fb92427ae41e4649b934ca495991b7852b855
RF-LARGE-TREE-n00010-AX	dense_scrutiny	captured	solved	ok	0	a39df5034eafd8c064ca3520dd06ddb9b02d515edc19aa0b5c45dfb90e80c03a	22788c4105b037e8aa2bbb64a3ebb5481e8e904b30b743503eda7a914a18c864	-	e3b0c44298fc1c149afbf4c8996fb92427ae41e4649b934ca495991b7852b855
RF-LARGE-TREE-n00010-AX	dense_scrutiny	typed	solved	ok	0	a39df5034eafd8c064ca3520dd06ddb9b02d515edc19aa0b5c45dfb90e80c03a	22788c4105b037e8aa2bbb64a3ebb5481e8e904b30b743503eda7a914a18c864	-	e3b0c44298fc1c149afbf4c8996fb92427ae41e4649b934ca495991b7852b855
RF-LARGE-TREE-n00010-AX	sparse_interactive	captured	solved	ok	0	945f54445dc31c32a76fae0897188c2d7c5db5f28eee1214d5a7f1c6191a8f36	545bf6b218a80d0e3986bdff186aa4b1d9b8bb75a35f59d8433ce1e98b743b75	-	e3b0c44298fc1c149afbf4c8996fb92427ae41e4649b934ca495991b7852b855
RF-LARGE-TREE-n00010-AX	sparse_interactive	typed	solved	ok	0	945f54445dc31c32a76fae0897188c2d7c5db5f28eee1214d5a7f1c6191a8f36	545bf6b218a80d0e3986bdff186aa4b1d9b8bb75a35f59d8433ce1e98b743b75	-	e3b0c44298fc1c149afbf4c8996fb92427ae41e4649b934ca495991b7852b855
RF-LARGE-TREE-n00010-ROT	dense_scrutiny	captured	solved	ok	0	e5c12dfe169e23e27f5c92ef8061ee3faecbe9c5a5981050fefc15d193cb8d8d	1fe4aacf196133cef09a2b035f10e8ed3cfbcf07c170aeaaf7057ad95d743d73	-	e3b0c44298fc1c149afbf4c8996fb92427ae41e4649b934ca495991b7852b855
RF-LARGE-TREE-n00010-ROT	dense_scrutiny	typed	solved	ok	0	e5c12dfe169e23e27f5c92ef8061ee3faecbe9c5a5981050fefc15d193cb8d8d	1fe4aacf196133cef09a2b035f10e8ed3cfbcf07c170aeaaf7057ad95d743d73	-	e3b0c44298fc1c149afbf4c8996fb92427ae41e4649b934ca495991b7852b855
RF-LARGE-TREE-n00010-ROT	sparse_interactive	captured	solved	ok	0	49b80fa58344002995c1e91ec354b677bb8d88fbb4e5b9c93bbf074e2eb3de3a	457733c37f99819ee9050f9692da64ab2ccb9dc7772e9a5bbe1672f46a9b7576	-	e3b0c44298fc1c149afbf4c8996fb92427ae41e4649b934ca495991b7852b855
RF-LARGE-TREE-n00010-ROT	sparse_interactive	typed	solved	ok	0	49b80fa58344002995c1e91ec354b677bb8d88fbb4e5b9c93bbf074e2eb3de3a	457733c37f99819ee9050f9692da64ab2ccb9dc7772e9a5bbe1672f46a9b7576	-	e3b0c44298fc1c149afbf4c8996fb92427ae41e4649b934ca495991b7852b855
RF-LARGE-TREE-n00100-AX	dense_scrutiny	captured	solved	ok	0	5475aa10e5fe7b6e396121319ca9da76e52207a5a7ca885ac9d96e017b7e13fd	5b45cfe68ed5edade3c5dcc8ac4fedb58b3cefeccdaf46036e45a96173a9bf87	-	e3b0c44298fc1c149afbf4c8996fb92427ae41e4649b934ca495991b7852b855
RF-LARGE-TREE-n00100-AX	dense_scrutiny	typed	solved	ok	0	3d15fb55832980012a8a725861abb497bec9530af0c236e218ee8a20cc60c90f	dd8548d4462e75adae85c79d6aafd8ddb07b1358dbf6ec0c3f9e12b47076b4f9	-	e3b0c44298fc1c149afbf4c8996fb92427ae41e4649b934ca495991b7852b855
RF-LARGE-TREE-n00100-AX	sparse_interactive	captured	solved	ok	0	fd6aac88e3d8b87b4c9e03d0809042e399c3114c05b7c8c9da179c66dcbf81cf	cd88529e83a0e92b38e3c70ea09790aeb36467cb9fad1efa4aab2aa7345dc53d	-	e3b0c44298fc1c149afbf4c8996fb92427ae41e4649b934ca495991b7852b855
RF-LARGE-TREE-n00100-AX	sparse_interactive	typed	solved	ok	0	0393704db95f91c17d83e3a8da57a592dd099696cc0250860922c602eadc0b27	7ffa795dc29dab4881701d95c725d9dc09e02f184205054df2c122a7bae1efd7	-	e3b0c44298fc1c149afbf4c8996fb92427ae41e4649b934ca495991b7852b855
RF-LARGE-TREE-n00100-ROT	dense_scrutiny	captured	solved	ok	0	2e0762376dd82ec4bfdcfc432eb0b23c3eb7efbfc04ca7412224f7fcce0dcaf4	4281b2ca1a1999e9894ec237547b368df5149dc10ea015326d49f2f1106cdb2b	-	e3b0c44298fc1c149afbf4c8996fb92427ae41e4649b934ca495991b7852b855
RF-LARGE-TREE-n00100-ROT	dense_scrutiny	typed	solved	ok	0	c4116b24d3d201393ab677f0643461e5d2c12ba9a24de30f30bf11e9c515a1bd	94cb4f8de43284bf86a9fd99bab21029ae4fde236a1a4cbf91f2999730c66d8a	-	e3b0c44298fc1c149afbf4c8996fb92427ae41e4649b934ca495991b7852b855
RF-LARGE-TREE-n00100-ROT	sparse_interactive	captured	solved	ok	0	0b8db9dab579d669bd663c9394d71f01f890d5c4222ac2cb8a23145583c7d964	e7401eb09b79ce0ed7be4665175d01612fd95fa2c4616719893a6b3be5893732	-	e3b0c44298fc1c149afbf4c8996fb92427ae41e4649b934ca495991b7852b855
RF-LARGE-TREE-n00100-ROT	sparse_interactive	typed	solved	ok	0	d98d8e99cb1ce6f94133122abbc161254a6fa35cc3e86d7ed36b1cba3fdcbada	52198b85b27d159cf3b55e0bef0eaa12386b2f3b962fab0f01b2f0a1aaa483a3	-	e3b0c44298fc1c149afbf4c8996fb92427ae41e4649b934ca495991b7852b855
RF-LARGE-TREE-n01000-AX	sparse_interactive	captured	solved	ok	0	189d88d5c25a7fb5cd2833170d246906fccc00462d9fc9ffb7ff01c398d5377b	f1c6bd8880c073a465e72c3c8ab0df786622a1ce1d6a49fc8ed85b4530f18d51	-	e3b0c44298fc1c149afbf4c8996fb92427ae41e4649b934ca495991b7852b855
RF-LARGE-TREE-n01000-AX	sparse_interactive	typed	solved	ok	0	cd09303ef6110ebdee9f84a88e3d0000556b739b1c6c1dc6fa4f7fe37bf52649	af6351b011ece7740ef4a616c784c533546f223bc3670aa6e857a1152ecb3790	-	e3b0c44298fc1c149afbf4c8996fb92427ae41e4649b934ca495991b7852b855
RF-LARGE-TREE-n01000-ROT	dense_scrutiny	captured	solved	ok	0	23cb2769fa0cce670e3c539c321596f8919df3de4b34be092b1963c69220a913	afb23701de4dffb5d367b28be8d33390ca569ea802b8da8780e1aa6e4992f380	-	e3b0c44298fc1c149afbf4c8996fb92427ae41e4649b934ca495991b7852b855
RF-LARGE-TREE-n01000-ROT	dense_scrutiny	typed	solved	ok	0	50f8a98f696f1fea8562f40671d46bea4c267c63b483c2f338a2cdd9b5affc5e	073ac1166ba34ee9871d764c1e4a2b17f46db107dfbc1fc3f524bf2b21712795	-	e3b0c44298fc1c149afbf4c8996fb92427ae41e4649b934ca495991b7852b855
RF-LARGE-TREE-n01000-ROT	sparse_interactive	captured	solved	ok	0	3c1130e7c0c456e6180cb22037ed7f28caf0b74d60fdb746a68311cf6eece4fc	e4695d8752b76c2f2204efe93df05f407c38a4b30d89e8cceb917e4e4f6b6059	-	e3b0c44298fc1c149afbf4c8996fb92427ae41e4649b934ca495991b7852b855
RF-LARGE-TREE-n01000-ROT	sparse_interactive	typed	solved	ok	0	e66fc5a36c1aa2c3d5bc6b2eb4eb9f863144dc30592e24259da1e98927c7983d	42e70b39f02d4f7a7f05447c632f31465d4a329e31685f070c38023611e6499c	-	e3b0c44298fc1c149afbf4c8996fb92427ae41e4649b934ca495991b7852b855
RF-LARGE-TREE-n10000-AX	dense_scrutiny	captured	refused_blocked	ok	0	41bce4dbffe0f45c5691d96aa37384cb47bc376b11c6f862d362f741f4bc4d7d	f350c5ccac021b98b15a4a9c09b6532ffed65df14743498b4a01e6feea4ee1bf	-	e3b0c44298fc1c149afbf4c8996fb92427ae41e4649b934ca495991b7852b855
RF-LARGE-TREE-n10000-AX	dense_scrutiny	typed	refused_blocked	ok	0	41bce4dbffe0f45c5691d96aa37384cb47bc376b11c6f862d362f741f4bc4d7d	f350c5ccac021b98b15a4a9c09b6532ffed65df14743498b4a01e6feea4ee1bf	-	e3b0c44298fc1c149afbf4c8996fb92427ae41e4649b934ca495991b7852b855
RF-LARGE-TREE-n10000-AX	sparse_interactive	captured	refused_blocked	ok	0	039dbdb8a0664b27cffe8a7ba01b201a43665b53c468fff3be448a838a5c794e	2bbe4ec12891066fa0e6429e6bbf5af825a6cf3f5f033966b788cdc0bc475d13	-	e3b0c44298fc1c149afbf4c8996fb92427ae41e4649b934ca495991b7852b855
RF-LARGE-TREE-n10000-AX	sparse_interactive	typed	refused_blocked	ok	0	67934eef864add8c8e070590fb504801d2cd669bffd2a1942baf6de84dca5e63	0d50112698655e16594846bb5a43896e3a08100411b0c551397e34ddda88dcc1	-	e3b0c44298fc1c149afbf4c8996fb92427ae41e4649b934ca495991b7852b855
RF-LARGE-TREE-n10000-ROT	dense_scrutiny	captured	refused_blocked	ok	0	41bce4dbffe0f45c5691d96aa37384cb47bc376b11c6f862d362f741f4bc4d7d	7b00bf1e7ccc517eaeb73724f8c3943e12005ae9fb629b3af2a0f3cff4c082fa	-	e3b0c44298fc1c149afbf4c8996fb92427ae41e4649b934ca495991b7852b855
RF-LARGE-TREE-n10000-ROT	dense_scrutiny	typed	refused_blocked	ok	0	41bce4dbffe0f45c5691d96aa37384cb47bc376b11c6f862d362f741f4bc4d7d	7b00bf1e7ccc517eaeb73724f8c3943e12005ae9fb629b3af2a0f3cff4c082fa	-	e3b0c44298fc1c149afbf4c8996fb92427ae41e4649b934ca495991b7852b855
RF-LARGE-TREE-n10000-ROT	sparse_interactive	captured	refused_blocked	ok	0	ddea348f484c9d0fc45bc894de0c2f526f9abab5b5849411d2d3397dfd84a4f1	b00fdc81e73ed1df7d609c62cc3b5c958eabd0710c5e2a93f2ae7ca4fc9dd68c	-	e3b0c44298fc1c149afbf4c8996fb92427ae41e4649b934ca495991b7852b855
RF-LARGE-TREE-n10000-ROT	sparse_interactive	typed	refused_blocked	ok	0	fba9759010f8854bff65b3bf1f2d8bead5a284bc0406141535dcbf965d39ccae	83961d9f8392a5139874790cc1ec9b3f9c35d89965bb5100f0a281403edd9bfb	-	e3b0c44298fc1c149afbf4c8996fb92427ae41e4649b934ca495991b7852b855
RF-MECH-DISC-CHAIN100	dense_scrutiny	captured	refused_blocked	ok	0	2437180b51eac12c70a2a183f2fdb20addd4c7357d503ef7220fe0c170f32721	5048a866d5230dbf5ec67f6b7846bf9d255673795ec7987980499124e3aeabeb	-	e3b0c44298fc1c149afbf4c8996fb92427ae41e4649b934ca495991b7852b855
RF-MECH-DISC-CHAIN100	dense_scrutiny	typed	refused_blocked	ok	0	a159c673b93eb4737c7df20afe8fb65cf10fe49f89e6a56f37bb4ffdcc5e1d66	fbd2be77d8b558425a4a02d7489d19157761bac7267bb95493e88b63d49ebd0e	-	e3b0c44298fc1c149afbf4c8996fb92427ae41e4649b934ca495991b7852b855
RF-MECH-DISC-CHAIN100	sparse_interactive	captured	refused_blocked	ok	0	2437180b51eac12c70a2a183f2fdb20addd4c7357d503ef7220fe0c170f32721	5048a866d5230dbf5ec67f6b7846bf9d255673795ec7987980499124e3aeabeb	-	e3b0c44298fc1c149afbf4c8996fb92427ae41e4649b934ca495991b7852b855
RF-MECH-DISC-CHAIN100	sparse_interactive	typed	refused_blocked	ok	0	a159c673b93eb4737c7df20afe8fb65cf10fe49f89e6a56f37bb4ffdcc5e1d66	fbd2be77d8b558425a4a02d7489d19157761bac7267bb95493e88b63d49ebd0e	-	e3b0c44298fc1c149afbf4c8996fb92427ae41e4649b934ca495991b7852b855
RF-MECH-DISC-CHAIN100-SPRING	dense_scrutiny	captured	refused_blocked	ok	0	9bda422d4342f6cea31cbdea7ddf61d09d32f47e38cecd388be4b80b149beff9	923b013524d8815d8aa33d8a2a2d5ac3ee7ea28f2ba97acfbcc519d2130c2994	-	e3b0c44298fc1c149afbf4c8996fb92427ae41e4649b934ca495991b7852b855
RF-MECH-DISC-CHAIN100-SPRING	dense_scrutiny	typed	refused_blocked	ok	0	a0cb84bc9caf81cb329d52749002377526fb92b839036723169940f86daa2dd5	00186d56ea3d282577d5a36bd575dc9f1d4d75d2999273c0f90257813f9f3352	-	e3b0c44298fc1c149afbf4c8996fb92427ae41e4649b934ca495991b7852b855
RF-MECH-DISC-CHAIN100-SPRING	sparse_interactive	captured	refused_blocked	ok	0	9bda422d4342f6cea31cbdea7ddf61d09d32f47e38cecd388be4b80b149beff9	923b013524d8815d8aa33d8a2a2d5ac3ee7ea28f2ba97acfbcc519d2130c2994	-	e3b0c44298fc1c149afbf4c8996fb92427ae41e4649b934ca495991b7852b855
RF-MECH-DISC-CHAIN100-SPRING	sparse_interactive	typed	refused_blocked	ok	0	a0cb84bc9caf81cb329d52749002377526fb92b839036723169940f86daa2dd5	00186d56ea3d282577d5a36bd575dc9f1d4d75d2999273c0f90257813f9f3352	-	e3b0c44298fc1c149afbf4c8996fb92427ae41e4649b934ca495991b7852b855
RF-MECH-K0	dense_scrutiny	captured	refused_blocked	ok	0	bd9e8447713b3e754d81825deda382765004c3cec25ba6a9871895777f76f178	29c3d3d3ed9bb553edaf4f98e3ccb79e456fb53ce55f7c13d4af591c9bb833ce	-	e3b0c44298fc1c149afbf4c8996fb92427ae41e4649b934ca495991b7852b855
RF-MECH-K0	dense_scrutiny	typed	refused_blocked	ok	0	bd9e8447713b3e754d81825deda382765004c3cec25ba6a9871895777f76f178	29c3d3d3ed9bb553edaf4f98e3ccb79e456fb53ce55f7c13d4af591c9bb833ce	-	e3b0c44298fc1c149afbf4c8996fb92427ae41e4649b934ca495991b7852b855
RF-MECH-K0	sparse_interactive	captured	refused_blocked	ok	0	bd9e8447713b3e754d81825deda382765004c3cec25ba6a9871895777f76f178	29c3d3d3ed9bb553edaf4f98e3ccb79e456fb53ce55f7c13d4af591c9bb833ce	-	e3b0c44298fc1c149afbf4c8996fb92427ae41e4649b934ca495991b7852b855
RF-MECH-K0	sparse_interactive	typed	refused_blocked	ok	0	bd9e8447713b3e754d81825deda382765004c3cec25ba6a9871895777f76f178	29c3d3d3ed9bb553edaf4f98e3ccb79e456fb53ce55f7c13d4af591c9bb833ce	-	e3b0c44298fc1c149afbf4c8996fb92427ae41e4649b934ca495991b7852b855
RF-MECH-LINE-IN-CHAIN1000	dense_scrutiny	captured	refused_blocked	ok	0	347960af5b114df50ba2b51b30420b34ff05c4105378c7b72dc6158e3bed06e4	232b0cecf2947d66413e6c20bb902ac8c37b578f024a3847776440d25dd4afbd	-	e3b0c44298fc1c149afbf4c8996fb92427ae41e4649b934ca495991b7852b855
RF-MECH-LINE-IN-CHAIN1000	dense_scrutiny	typed	refused_blocked	ok	0	5b73144ab7a56952216be2e8ae011a9bda1f9c68aeb3d4726f7ae9e819f5a0dd	d80e1b9609905740e3461544e348f16f295cd14c1fd7fddce979e1792609b7ac	-	e3b0c44298fc1c149afbf4c8996fb92427ae41e4649b934ca495991b7852b855
RF-MECH-LINE-IN-CHAIN1000	sparse_interactive	captured	refused_blocked	ok	0	347960af5b114df50ba2b51b30420b34ff05c4105378c7b72dc6158e3bed06e4	232b0cecf2947d66413e6c20bb902ac8c37b578f024a3847776440d25dd4afbd	-	e3b0c44298fc1c149afbf4c8996fb92427ae41e4649b934ca495991b7852b855
RF-MECH-LINE-IN-CHAIN1000	sparse_interactive	typed	refused_blocked	ok	0	5b73144ab7a56952216be2e8ae011a9bda1f9c68aeb3d4726f7ae9e819f5a0dd	d80e1b9609905740e3461544e348f16f295cd14c1fd7fddce979e1792609b7ac	-	e3b0c44298fc1c149afbf4c8996fb92427ae41e4649b934ca495991b7852b855
RF-MECH-LINE122-PERP	dense_scrutiny	captured	refused_blocked	ok	0	db73a051de10bf6f0222f43b8b3ddbb7522ec06b0ab5165bc8d6e112ac77f193	66c77a8c02aeacd54d0edb9d8957df96a36a7909cb9863f2861b461042b3c9a1	-	e3b0c44298fc1c149afbf4c8996fb92427ae41e4649b934ca495991b7852b855
RF-MECH-LINE122-PERP	dense_scrutiny	typed	refused_blocked	ok	0	208a8108cb5a226eff84b2c844e236217f8a95081383aad3071b8872a637e397	43f72621b716af40e4fc3efd82c3897c1d4e881a4a83c4b737f2ddc433f5dec8	-	e3b0c44298fc1c149afbf4c8996fb92427ae41e4649b934ca495991b7852b855
RF-MECH-LINE122-PERP	sparse_interactive	captured	refused_blocked	ok	0	db73a051de10bf6f0222f43b8b3ddbb7522ec06b0ab5165bc8d6e112ac77f193	66c77a8c02aeacd54d0edb9d8957df96a36a7909cb9863f2861b461042b3c9a1	-	e3b0c44298fc1c149afbf4c8996fb92427ae41e4649b934ca495991b7852b855
RF-MECH-LINE122-PERP	sparse_interactive	typed	refused_blocked	ok	0	208a8108cb5a226eff84b2c844e236217f8a95081383aad3071b8872a637e397	43f72621b716af40e4fc3efd82c3897c1d4e881a4a83c4b737f2ddc433f5dec8	-	e3b0c44298fc1c149afbf4c8996fb92427ae41e4649b934ca495991b7852b855
RF-MECH-LINE122-TORQUE	dense_scrutiny	captured	refused_blocked	ok	0	cb524e39280d936aeca0a70d0241d6c29333b3dfd2dc000d4198ea9754358b10	b0c2bb7594061b33f56bd2d0ed412f43ec77c7960eb62dfd81fb3d245336bb3b	-	e3b0c44298fc1c149afbf4c8996fb92427ae41e4649b934ca495991b7852b855
RF-MECH-LINE122-TORQUE	dense_scrutiny	typed	refused_blocked	ok	0	208a8108cb5a226eff84b2c844e236217f8a95081383aad3071b8872a637e397	18821feaf93ceeb8988030d43243c7a04900c58ae8bb158d1245ebef61e39513	-	e3b0c44298fc1c149afbf4c8996fb92427ae41e4649b934ca495991b7852b855
RF-MECH-LINE122-TORQUE	sparse_interactive	captured	refused_blocked	ok	0	cb524e39280d936aeca0a70d0241d6c29333b3dfd2dc000d4198ea9754358b10	b0c2bb7594061b33f56bd2d0ed412f43ec77c7960eb62dfd81fb3d245336bb3b	-	e3b0c44298fc1c149afbf4c8996fb92427ae41e4649b934ca495991b7852b855
RF-MECH-LINE122-TORQUE	sparse_interactive	typed	refused_blocked	ok	0	208a8108cb5a226eff84b2c844e236217f8a95081383aad3071b8872a637e397	18821feaf93ceeb8988030d43243c7a04900c58ae8bb158d1245ebef61e39513	-	e3b0c44298fc1c149afbf4c8996fb92427ae41e4649b934ca495991b7852b855
RF-MECH-LINE122-UNLOADED	dense_scrutiny	captured	refused_blocked	ok	0	caf61d5dc920c391539c3fafac8979e5a4fabb36a001ab07b1354423c4d4f283	c21a5412f831bd680ba5bfd33934a25b22418f82ab0bea40ed8a33312516439f	-	e3b0c44298fc1c149afbf4c8996fb92427ae41e4649b934ca495991b7852b855
RF-MECH-LINE122-UNLOADED	dense_scrutiny	typed	refused_blocked	ok	0	caf61d5dc920c391539c3fafac8979e5a4fabb36a001ab07b1354423c4d4f283	c21a5412f831bd680ba5bfd33934a25b22418f82ab0bea40ed8a33312516439f	-	e3b0c44298fc1c149afbf4c8996fb92427ae41e4649b934ca495991b7852b855
RF-MECH-LINE122-UNLOADED	sparse_interactive	captured	refused_blocked	ok	0	caf61d5dc920c391539c3fafac8979e5a4fabb36a001ab07b1354423c4d4f283	c21a5412f831bd680ba5bfd33934a25b22418f82ab0bea40ed8a33312516439f	-	e3b0c44298fc1c149afbf4c8996fb92427ae41e4649b934ca495991b7852b855
RF-MECH-LINE122-UNLOADED	sparse_interactive	typed	refused_blocked	ok	0	caf61d5dc920c391539c3fafac8979e5a4fabb36a001ab07b1354423c4d4f283	c21a5412f831bd680ba5bfd33934a25b22418f82ab0bea40ed8a33312516439f	-	e3b0c44298fc1c149afbf4c8996fb92427ae41e4649b934ca495991b7852b855
RF-MECH-LINE345-RX-COMPANION	dense_scrutiny	captured	solved	ok	0	ac9fcff7105b75e5311b71595608ddb3be789bc74e1cb6e676200a864aa86494	f743aeb43ffaae01370edd0e6dbb40e09755a30336e51eb53dacb6039b0885b3	-	e3b0c44298fc1c149afbf4c8996fb92427ae41e4649b934ca495991b7852b855
RF-MECH-LINE345-RX-COMPANION	dense_scrutiny	typed	solved	ok	0	ac9fcff7105b75e5311b71595608ddb3be789bc74e1cb6e676200a864aa86494	f743aeb43ffaae01370edd0e6dbb40e09755a30336e51eb53dacb6039b0885b3	-	e3b0c44298fc1c149afbf4c8996fb92427ae41e4649b934ca495991b7852b855
RF-MECH-LINE345-RX-COMPANION	sparse_interactive	captured	solved	ok	0	6dc93c3924ee50fea90183e340c5edf42321842f2171cfb003b5da0286c710a8	f78e0ea1b782d2ac9746c1f05b47a4228ae8ae48b865945c38a82cf866eac970	-	e3b0c44298fc1c149afbf4c8996fb92427ae41e4649b934ca495991b7852b855
RF-MECH-LINE345-RX-COMPANION	sparse_interactive	typed	solved	ok	0	6dc93c3924ee50fea90183e340c5edf42321842f2171cfb003b5da0286c710a8	f78e0ea1b782d2ac9746c1f05b47a4228ae8ae48b865945c38a82cf866eac970	-	e3b0c44298fc1c149afbf4c8996fb92427ae41e4649b934ca495991b7852b855
RF-MECH-LINE345-RZ	dense_scrutiny	captured	refused_blocked	ok	0	a0005c0fb31f5a85cea5d54f39386d8a3b705064e0085ed5996b85988a1ea545	d3dc5f6b1e50926190d3c1759c1edff923f431d902aedd1076e9da4afd04b1b4	-	e3b0c44298fc1c149afbf4c8996fb92427ae41e4649b934ca495991b7852b855
RF-MECH-LINE345-RZ	dense_scrutiny	typed	refused_blocked	ok	0	b4f96bb9f526edc581e265e9d890f5371c0d61b52ce8b2400ddbe396280cd437	55ad808225053fade4946a3ae12d8cbfb40f76bacb203dfcbca21ff33c339ee1	-	e3b0c44298fc1c149afbf4c8996fb92427ae41e4649b934ca495991b7852b855
RF-MECH-LINE345-RZ	sparse_interactive	captured	refused_blocked	ok	0	a0005c0fb31f5a85cea5d54f39386d8a3b705064e0085ed5996b85988a1ea545	d3dc5f6b1e50926190d3c1759c1edff923f431d902aedd1076e9da4afd04b1b4	-	e3b0c44298fc1c149afbf4c8996fb92427ae41e4649b934ca495991b7852b855
RF-MECH-LINE345-RZ	sparse_interactive	typed	refused_blocked	ok	0	b4f96bb9f526edc581e265e9d890f5371c0d61b52ce8b2400ddbe396280cd437	55ad808225053fade4946a3ae12d8cbfb40f76bacb203dfcbca21ff33c339ee1	-	e3b0c44298fc1c149afbf4c8996fb92427ae41e4649b934ca495991b7852b855
RF-RANGE-CHAIN-E+960	dense_scrutiny	captured	refused_capture	ERR	0	-	-	fd74a201202446c048a28751ac5bd42de071c8dc29b8e125ba78c63903d5b137	e3b0c44298fc1c149afbf4c8996fb92427ae41e4649b934ca495991b7852b855
RF-RANGE-CHAIN-E+960	dense_scrutiny	typed	solved	ok	0	649f028db28a502eb57e8e03c6e9ae48bab4c15f7f1f4080b0af4197acbe318e	da3de7da442e6adf800692a2d9830ae6ae46333e4a451eb22c50ed4060bb53aa	-	e3b0c44298fc1c149afbf4c8996fb92427ae41e4649b934ca495991b7852b855
RF-RANGE-CHAIN-E+960	sparse_interactive	captured	refused_capture	ERR	0	-	-	fd74a201202446c048a28751ac5bd42de071c8dc29b8e125ba78c63903d5b137	e3b0c44298fc1c149afbf4c8996fb92427ae41e4649b934ca495991b7852b855
RF-RANGE-CHAIN-E+960	sparse_interactive	typed	solved	ok	0	751effe7ecb6985b9465396c4d227faef4d0aede9c01b25a2aa9cf2b6829b0d7	c65b642055060818467b97033cc8162d5bac05428bed94e747bb0640a9d7e9d2	-	e3b0c44298fc1c149afbf4c8996fb92427ae41e4649b934ca495991b7852b855
RF-RANGE-CHAIN-E-1000	dense_scrutiny	captured	solved	ok	0	c19b3534ba3b226f9771e783275209a6ac96ce17c5a06fa294a0ab7aa99bad75	7e3dd894239b1012e13ecdf00c560c0437714807997242d20039678115eed7ec	-	e3b0c44298fc1c149afbf4c8996fb92427ae41e4649b934ca495991b7852b855
RF-RANGE-CHAIN-E-1000	dense_scrutiny	typed	solved	ok	0	59f9bf963f9abc79c36a7a3f66fd7d1fb782cb2fe13fd09a2795852f5e589241	02d21b5cde3739c5b41df65bd8feb03a178071a7952675581184059ad2f3be03	-	e3b0c44298fc1c149afbf4c8996fb92427ae41e4649b934ca495991b7852b855
RF-RANGE-CHAIN-E-1000	sparse_interactive	captured	solved	ok	0	aec88dccc4bd0be79b21f53448dcb50df1c110af269b825b52da3659f645757a	9fde99000559b0ff01ae9cd9ea4317554778f0831e898dfd35c29d6bcf5aee0c	-	e3b0c44298fc1c149afbf4c8996fb92427ae41e4649b934ca495991b7852b855
RF-RANGE-CHAIN-E-1000	sparse_interactive	typed	solved	ok	0	533e7c4248087987e75551d436c4740d8d85c6c218eaf8fedae56e2fe59a7c80	06499d3a7fc117c7bc3bee8a46b2b9c1d6934290ef520cde0e10d76c0b69d408	-	e3b0c44298fc1c149afbf4c8996fb92427ae41e4649b934ca495991b7852b855
RF-RANGE-CHAIN-F+960	dense_scrutiny	captured	refused_capture	ERR	0	-	-	317a453f086e615a2250474b0aaee05c769ffce5d4964372513562c27920e200	e3b0c44298fc1c149afbf4c8996fb92427ae41e4649b934ca495991b7852b855
RF-RANGE-CHAIN-F+960	dense_scrutiny	typed	solved	ok	0	04e66b5a00ac4d4bbaa42d56b94475bb340f5e05e66f8c5e470e16d5e5afbbb3	e708b2ded24cfe7fa918c5edd44eb5222f1ee2ac8f3f62b4c8fa6ebccc12c3ee	-	e3b0c44298fc1c149afbf4c8996fb92427ae41e4649b934ca495991b7852b855
RF-RANGE-CHAIN-F+960	sparse_interactive	captured	refused_capture	ERR	0	-	-	317a453f086e615a2250474b0aaee05c769ffce5d4964372513562c27920e200	e3b0c44298fc1c149afbf4c8996fb92427ae41e4649b934ca495991b7852b855
RF-RANGE-CHAIN-F+960	sparse_interactive	typed	solved	ok	0	10cd6323e03832f0f77d1d8dcea0e847f0310ca208d77d0f4d4d731b6a2f7351	6393b4a8e9225c60d8e53242db14711a6bd35ebfabf00532449faa916b080b5c	-	e3b0c44298fc1c149afbf4c8996fb92427ae41e4649b934ca495991b7852b855
RF-RANGE-CHAIN-F-960	dense_scrutiny	captured	solved	ok	0	db42ed64c2aa9e56120c656dbe5c0235c482ca9f53e4e6bb772fd31f1defec66	f8fdd309f14a6f0702d93a34f018769600dded694df28855ff187dd647299752	-	e3b0c44298fc1c149afbf4c8996fb92427ae41e4649b934ca495991b7852b855
RF-RANGE-CHAIN-F-960	dense_scrutiny	typed	solved	ok	0	85345a89dac727d8d83a15adce907d1670db12d1feb61da399930f85b2909bd3	0108f080321351672c8a862a4e4ea72cb5e5765555e8c01f0c4bedea047ed19a	-	e3b0c44298fc1c149afbf4c8996fb92427ae41e4649b934ca495991b7852b855
RF-RANGE-CHAIN-F-960	sparse_interactive	captured	solved	ok	0	f226a9677d15f2065d7e852e46ef3946ac5d6583dcb798865439ca98eeb14f56	8ee22cd5b452f599e0b1e19f6ba68746fcceaa8d578f3a9739aec3c7c41cf8e9	-	e3b0c44298fc1c149afbf4c8996fb92427ae41e4649b934ca495991b7852b855
RF-RANGE-CHAIN-F-960	sparse_interactive	typed	solved	ok	0	1790d823ce263687725512e2ff87a55c1d348ee06f0d8d57b63c7d43d2c57fc0	12829d8d7f0191f8715dda72a668d634ec867bc58d9792e62cd47f0e05704ed4	-	e3b0c44298fc1c149afbf4c8996fb92427ae41e4649b934ca495991b7852b855
RF-RANGE-CHAIN-L+240	dense_scrutiny	captured	refused_capture	ERR	0	-	-	1d34f2625719ea3eb655de0b646f3846121651f1010eda41056a9965bfc5b0d3	e3b0c44298fc1c149afbf4c8996fb92427ae41e4649b934ca495991b7852b855
RF-RANGE-CHAIN-L+240	dense_scrutiny	typed	solved	ok	0	a32fe3aaa062e6bf219e62a119a8e9d9fc21d00927e84cc2929e04fec32d538c	7a2ad24cc9903edaf71842cab30b370ac7d17f2068acef6721c314d687c8af61	-	e3b0c44298fc1c149afbf4c8996fb92427ae41e4649b934ca495991b7852b855
RF-RANGE-CHAIN-L+240	sparse_interactive	captured	refused_capture	ERR	0	-	-	1d34f2625719ea3eb655de0b646f3846121651f1010eda41056a9965bfc5b0d3	e3b0c44298fc1c149afbf4c8996fb92427ae41e4649b934ca495991b7852b855
RF-RANGE-CHAIN-L+240	sparse_interactive	typed	solved	ok	0	c8fe53086cd988d6c174b00b5f482e9e867746ee7673cd795f9f74941334d0b4	853926bf91756bd2e8250c3008ca3bb0979b9ea09a7567b12d311fed68b7a57e	-	e3b0c44298fc1c149afbf4c8996fb92427ae41e4649b934ca495991b7852b855
RF-RANGE-CHAIN-L-240	dense_scrutiny	captured	refused_blocked	ok	0	aee7886c7ba518499065fba836cef167ef81ec80ff7b47c6d02aa0b7a6df2115	4d9fd30d66d928ca8a96084489072e7c19bb7afbe057b22f3a3d71d66c0e2f77	-	e3b0c44298fc1c149afbf4c8996fb92427ae41e4649b934ca495991b7852b855
RF-RANGE-CHAIN-L-240	dense_scrutiny	typed	refused_blocked	ok	0	aee7886c7ba518499065fba836cef167ef81ec80ff7b47c6d02aa0b7a6df2115	4d9fd30d66d928ca8a96084489072e7c19bb7afbe057b22f3a3d71d66c0e2f77	-	e3b0c44298fc1c149afbf4c8996fb92427ae41e4649b934ca495991b7852b855
RF-RANGE-CHAIN-L-240	sparse_interactive	captured	refused_blocked	ok	0	aee7886c7ba518499065fba836cef167ef81ec80ff7b47c6d02aa0b7a6df2115	4d9fd30d66d928ca8a96084489072e7c19bb7afbe057b22f3a3d71d66c0e2f77	-	e3b0c44298fc1c149afbf4c8996fb92427ae41e4649b934ca495991b7852b855
RF-RANGE-CHAIN-L-240	sparse_interactive	typed	refused_blocked	ok	0	aee7886c7ba518499065fba836cef167ef81ec80ff7b47c6d02aa0b7a6df2115	4d9fd30d66d928ca8a96084489072e7c19bb7afbe057b22f3a3d71d66c0e2f77	-	e3b0c44298fc1c149afbf4c8996fb92427ae41e4649b934ca495991b7852b855
RF-RANGE-CHAIN-LEF-large	dense_scrutiny	captured	refused_capture	ERR	0	-	-	967ff7b7fc0e754107c25e3f89bbc8f3249653cdd042aaeb1487fc94c7cadaa3	e3b0c44298fc1c149afbf4c8996fb92427ae41e4649b934ca495991b7852b855
RF-RANGE-CHAIN-LEF-large	dense_scrutiny	typed	solved	ok	0	b49316bed704ed6b3a22175e3f31399b27889fb264fff6e314a40ed70e7585bb	8e09322dcc9868ce8e22817b858f5c0e3a864f83aef86b90cb7d317f665958b7	-	e3b0c44298fc1c149afbf4c8996fb92427ae41e4649b934ca495991b7852b855
RF-RANGE-CHAIN-LEF-large	sparse_interactive	captured	refused_capture	ERR	0	-	-	967ff7b7fc0e754107c25e3f89bbc8f3249653cdd042aaeb1487fc94c7cadaa3	e3b0c44298fc1c149afbf4c8996fb92427ae41e4649b934ca495991b7852b855
RF-RANGE-CHAIN-LEF-large	sparse_interactive	typed	solved	ok	0	d437c0e46ef6ca0b46ba39a44abeadf9ffc70aeb7bf0dbe340efd2a11ba30da9	e51da9a0ff4560858f27f1fb38562878e2f0cc3fb2360777e18d0c37af12bd84	-	e3b0c44298fc1c149afbf4c8996fb92427ae41e4649b934ca495991b7852b855
RF-RANGE-CHAIN-LEF-small	dense_scrutiny	captured	refused_blocked	ok	0	aee7886c7ba518499065fba836cef167ef81ec80ff7b47c6d02aa0b7a6df2115	d206674d86225b25155cefce628c5254dad32a612ef4f29c585aa310418de4d4	-	e3b0c44298fc1c149afbf4c8996fb92427ae41e4649b934ca495991b7852b855
RF-RANGE-CHAIN-LEF-small	dense_scrutiny	typed	refused_blocked	ok	0	aee7886c7ba518499065fba836cef167ef81ec80ff7b47c6d02aa0b7a6df2115	d206674d86225b25155cefce628c5254dad32a612ef4f29c585aa310418de4d4	-	e3b0c44298fc1c149afbf4c8996fb92427ae41e4649b934ca495991b7852b855
RF-RANGE-CHAIN-LEF-small	sparse_interactive	captured	refused_blocked	ok	0	aee7886c7ba518499065fba836cef167ef81ec80ff7b47c6d02aa0b7a6df2115	d206674d86225b25155cefce628c5254dad32a612ef4f29c585aa310418de4d4	-	e3b0c44298fc1c149afbf4c8996fb92427ae41e4649b934ca495991b7852b855
RF-RANGE-CHAIN-LEF-small	sparse_interactive	typed	refused_blocked	ok	0	aee7886c7ba518499065fba836cef167ef81ec80ff7b47c6d02aa0b7a6df2115	d206674d86225b25155cefce628c5254dad32a612ef4f29c585aa310418de4d4	-	e3b0c44298fc1c149afbf4c8996fb92427ae41e4649b934ca495991b7852b855
RF-RANGE-CHAIN-SIM-a	dense_scrutiny	captured	refused_capture	ERR	0	-	-	bb5cbf2ce5c90f201a8bfbca08eeb2e08f903e0443625cb3ae4f3d97d8bc4c59	e3b0c44298fc1c149afbf4c8996fb92427ae41e4649b934ca495991b7852b855
RF-RANGE-CHAIN-SIM-a	dense_scrutiny	typed	refused_blocked	ok	0	aee7886c7ba518499065fba836cef167ef81ec80ff7b47c6d02aa0b7a6df2115	367cd28a140cee062d73d61ed0065d7f95e64fb761f1248d32ae3339885f2837	-	e3b0c44298fc1c149afbf4c8996fb92427ae41e4649b934ca495991b7852b855
RF-RANGE-CHAIN-SIM-a	sparse_interactive	captured	refused_capture	ERR	0	-	-	bb5cbf2ce5c90f201a8bfbca08eeb2e08f903e0443625cb3ae4f3d97d8bc4c59	e3b0c44298fc1c149afbf4c8996fb92427ae41e4649b934ca495991b7852b855
RF-RANGE-CHAIN-SIM-a	sparse_interactive	typed	refused_blocked	ok	0	aee7886c7ba518499065fba836cef167ef81ec80ff7b47c6d02aa0b7a6df2115	367cd28a140cee062d73d61ed0065d7f95e64fb761f1248d32ae3339885f2837	-	e3b0c44298fc1c149afbf4c8996fb92427ae41e4649b934ca495991b7852b855
RF-RANGE-CHAIN-SIM-b	dense_scrutiny	captured	refused_capture	ERR	0	-	-	3856806e49b64bc7fdada4c2a0a522e1960339044674a7adb28d8da490145f22	e3b0c44298fc1c149afbf4c8996fb92427ae41e4649b934ca495991b7852b855
RF-RANGE-CHAIN-SIM-b	dense_scrutiny	typed	solved	ok	0	beaaf52dce3046a4c07c1fd257d6d28feb153993af234d46390d2a497b129543	7479e4f4b8d8d4836a777389c529d3b403db1ef69e80c56de78e762d08edf52a	-	e3b0c44298fc1c149afbf4c8996fb92427ae41e4649b934ca495991b7852b855
RF-RANGE-CHAIN-SIM-b	sparse_interactive	captured	refused_capture	ERR	0	-	-	3856806e49b64bc7fdada4c2a0a522e1960339044674a7adb28d8da490145f22	e3b0c44298fc1c149afbf4c8996fb92427ae41e4649b934ca495991b7852b855
RF-RANGE-CHAIN-SIM-b	sparse_interactive	typed	solved	ok	0	4b72c33177b479edde3a841fa039eaff1bf6b15d390bf75c384a23d81ec06037	2b0b8837bfe0764b636f88ef1e5ac821e0b6a2409b74694e986caac8d1178a30	-	e3b0c44298fc1c149afbf4c8996fb92427ae41e4649b934ca495991b7852b855
RF-RANGE-CONT-E+960	dense_scrutiny	captured	refused_capture	ERR	0	-	-	fd74a201202446c048a28751ac5bd42de071c8dc29b8e125ba78c63903d5b137	e3b0c44298fc1c149afbf4c8996fb92427ae41e4649b934ca495991b7852b855
RF-RANGE-CONT-E+960	dense_scrutiny	typed	solved	ok	0	44db7cd39a460282ce45afdffa35afaba9bde5ceec582cc891ad0c3f64b613b5	dc18893a42407f9ff5a818f006068d188fbe2aa5e73553eadb0d81f205a482b7	-	e3b0c44298fc1c149afbf4c8996fb92427ae41e4649b934ca495991b7852b855
RF-RANGE-CONT-E+960	sparse_interactive	captured	refused_capture	ERR	0	-	-	fd74a201202446c048a28751ac5bd42de071c8dc29b8e125ba78c63903d5b137	e3b0c44298fc1c149afbf4c8996fb92427ae41e4649b934ca495991b7852b855
RF-RANGE-CONT-E+960	sparse_interactive	typed	solved	ok	0	22ef78ffa013052e0e32629ecd89542cd1a1d31914af73c936676a081a9b7e48	3de9e2aa781219cba5f077520a4b8b8729943189d43e675d3d25e99273c72a27	-	e3b0c44298fc1c149afbf4c8996fb92427ae41e4649b934ca495991b7852b855
RF-RANGE-CONT-E-1000	dense_scrutiny	captured	refused_blocked	ok	0	a42468302a78e83f48db9d1f77ea7e3419d2abd64aec6fb6b322504d3212aae8	73651eec06bf3f3a270adadff1208c26d03b14f173d6e633e0310490bc37a46a	-	e3b0c44298fc1c149afbf4c8996fb92427ae41e4649b934ca495991b7852b855
RF-RANGE-CONT-E-1000	dense_scrutiny	typed	refused_blocked	ok	0	6f58a8da86d570f1ef7221ee8701be061624f9e1941f4149637b1026118e839a	0dd1ac7dc0912fcd697a39a49cbe393513b618d0f0013ff650c556020443661c	-	e3b0c44298fc1c149afbf4c8996fb92427ae41e4649b934ca495991b7852b855
RF-RANGE-CONT-E-1000	sparse_interactive	captured	refused_blocked	ok	0	892ac0df9fa6e946889caa13ee3fa8426bc989e7097d241fb7667b79c1059d31	84389adea58ff58cd594327a0f178afadf99ba1a103c1e77af77afbd3f394b20	-	e3b0c44298fc1c149afbf4c8996fb92427ae41e4649b934ca495991b7852b855
RF-RANGE-CONT-E-1000	sparse_interactive	typed	refused_blocked	ok	0	e7d5f29cd099ab6edbfa2c087ae664819f526c9912ee0e6b02f649c1eaec079b	32ab82e78f5e024a0af20b9af958e523cfff55770cc9cfe66e67217038313533	-	e3b0c44298fc1c149afbf4c8996fb92427ae41e4649b934ca495991b7852b855
RF-RANGE-CONT-F+960	dense_scrutiny	captured	refused_capture	ERR	0	-	-	e1890ca8891a526c16661ecd18e9ec4a3bae73304a7b346a2cf5cd8ad8c76e3d	e3b0c44298fc1c149afbf4c8996fb92427ae41e4649b934ca495991b7852b855
RF-RANGE-CONT-F+960	dense_scrutiny	typed	refused_blocked	ok	0	2c7bb817239c8fb68cf7d89aa94c20f8ed6922eecfd0059dd903ace9535cf1ac	c65ca6fa3230e2a6c9e4dace370b193308bed2b0807e6711f70f68740ca35214	-	e3b0c44298fc1c149afbf4c8996fb92427ae41e4649b934ca495991b7852b855
RF-RANGE-CONT-F+960	sparse_interactive	captured	refused_capture	ERR	0	-	-	e1890ca8891a526c16661ecd18e9ec4a3bae73304a7b346a2cf5cd8ad8c76e3d	e3b0c44298fc1c149afbf4c8996fb92427ae41e4649b934ca495991b7852b855
RF-RANGE-CONT-F+960	sparse_interactive	typed	refused_blocked	ok	0	a5d6996afd43823e27ec69a484b2fbdb35c8e358a7f4d3d84855cb0384ac680a	6b0b797c25452514740bd08ad02f8a9c69184ef47b5abee20a1641e241d8eb67	-	e3b0c44298fc1c149afbf4c8996fb92427ae41e4649b934ca495991b7852b855
RF-RANGE-CONT-F-960	dense_scrutiny	captured	solved	ok	0	bd961812c321a31046c65b275fc46cc4bea7d55799c9763a7ffd53f013d6bc53	c4877dbd8311779ca47b7a274abafeeb20aa6297449c11533d1057de42bd4adb	-	e3b0c44298fc1c149afbf4c8996fb92427ae41e4649b934ca495991b7852b855
RF-RANGE-CONT-F-960	dense_scrutiny	typed	solved	ok	0	bd961812c321a31046c65b275fc46cc4bea7d55799c9763a7ffd53f013d6bc53	c4877dbd8311779ca47b7a274abafeeb20aa6297449c11533d1057de42bd4adb	-	e3b0c44298fc1c149afbf4c8996fb92427ae41e4649b934ca495991b7852b855
RF-RANGE-CONT-F-960	sparse_interactive	captured	solved	ok	0	868d981949ff57b4f960cb346cb05cf604b454a91bdc7adeb9c76afd50b391ce	c37a4cd3ab2d146cc2b1f53b8c8997aad5bff6cb15c624a27515a8cba1f7fb80	-	e3b0c44298fc1c149afbf4c8996fb92427ae41e4649b934ca495991b7852b855
RF-RANGE-CONT-F-960	sparse_interactive	typed	solved	ok	0	868d981949ff57b4f960cb346cb05cf604b454a91bdc7adeb9c76afd50b391ce	c37a4cd3ab2d146cc2b1f53b8c8997aad5bff6cb15c624a27515a8cba1f7fb80	-	e3b0c44298fc1c149afbf4c8996fb92427ae41e4649b934ca495991b7852b855
RF-RANGE-CONT-L+240	dense_scrutiny	captured	refused_capture	ERR	0	-	-	170bd845478bc61f9a5cf985ae22829143eb22dd5772443ca40fb0fb17f77541	e3b0c44298fc1c149afbf4c8996fb92427ae41e4649b934ca495991b7852b855
RF-RANGE-CONT-L+240	dense_scrutiny	typed	solved	ok	0	9f6fa8c309db5518bd3ec0ce8917bccdbc1971c1fa734405b534b759879fd161	1c560641250aaca27ad23945f878ecdc47324c0d9c68a1b165ea15a3720e03ca	-	e3b0c44298fc1c149afbf4c8996fb92427ae41e4649b934ca495991b7852b855
RF-RANGE-CONT-L+240	sparse_interactive	captured	refused_capture	ERR	0	-	-	170bd845478bc61f9a5cf985ae22829143eb22dd5772443ca40fb0fb17f77541	e3b0c44298fc1c149afbf4c8996fb92427ae41e4649b934ca495991b7852b855
RF-RANGE-CONT-L+240	sparse_interactive	typed	solved	ok	0	debf3fce0251f86d4a57b89dd5c49db58ecd8ea94bae0217e0492787e400e485	8624af76e4119fe91d56ff6ff9274312f3b5f2b73ea56cca855e8601a953cf5b	-	e3b0c44298fc1c149afbf4c8996fb92427ae41e4649b934ca495991b7852b855
RF-RANGE-CONT-L-240	dense_scrutiny	captured	refused_blocked	ok	0	80bc1146d4d9c76690d83a6af006ca37e42461e438c340c6803bb3c90451c8d1	05bdf62f01f5ffc6bc704c4eb6fdae3fc1b339997ebcec226318d2c46bf22601	-	e3b0c44298fc1c149afbf4c8996fb92427ae41e4649b934ca495991b7852b855
RF-RANGE-CONT-L-240	dense_scrutiny	typed	refused_blocked	ok	0	80bc1146d4d9c76690d83a6af006ca37e42461e438c340c6803bb3c90451c8d1	05bdf62f01f5ffc6bc704c4eb6fdae3fc1b339997ebcec226318d2c46bf22601	-	e3b0c44298fc1c149afbf4c8996fb92427ae41e4649b934ca495991b7852b855
RF-RANGE-CONT-L-240	sparse_interactive	captured	refused_blocked	ok	0	80bc1146d4d9c76690d83a6af006ca37e42461e438c340c6803bb3c90451c8d1	05bdf62f01f5ffc6bc704c4eb6fdae3fc1b339997ebcec226318d2c46bf22601	-	e3b0c44298fc1c149afbf4c8996fb92427ae41e4649b934ca495991b7852b855
RF-RANGE-CONT-L-240	sparse_interactive	typed	refused_blocked	ok	0	80bc1146d4d9c76690d83a6af006ca37e42461e438c340c6803bb3c90451c8d1	05bdf62f01f5ffc6bc704c4eb6fdae3fc1b339997ebcec226318d2c46bf22601	-	e3b0c44298fc1c149afbf4c8996fb92427ae41e4649b934ca495991b7852b855
RF-RANGE-CONT-LEF-large	dense_scrutiny	captured	refused_capture	ERR	0	-	-	47e49f9d40238d263e9c8f3bf039e0a8809d7dc49a840ac81fecf0454198d033	e3b0c44298fc1c149afbf4c8996fb92427ae41e4649b934ca495991b7852b855
RF-RANGE-CONT-LEF-large	dense_scrutiny	typed	solved	ok	0	afc169cfdec54bcf33d912ee9e73db3d162e7db2f1573a4c72042ea60a0a727d	732dc596367ae62efe7129892ad1c52b0885b1ea9003a7c83fa22b9b0a322c19	-	e3b0c44298fc1c149afbf4c8996fb92427ae41e4649b934ca495991b7852b855
RF-RANGE-CONT-LEF-large	sparse_interactive	captured	refused_capture	ERR	0	-	-	47e49f9d40238d263e9c8f3bf039e0a8809d7dc49a840ac81fecf0454198d033	e3b0c44298fc1c149afbf4c8996fb92427ae41e4649b934ca495991b7852b855
RF-RANGE-CONT-LEF-large	sparse_interactive	typed	solved	ok	0	777d9a9033bebd5e10dbf78ffc43d17d3ea1940770e1fe83dfe93dfe95ffe2d5	14687b6f8eccad67763c15f110e6cd90b4bdf90a93628b72d261d87addbac479	-	e3b0c44298fc1c149afbf4c8996fb92427ae41e4649b934ca495991b7852b855
RF-RANGE-CONT-LEF-small	dense_scrutiny	captured	refused_blocked	ok	0	80bc1146d4d9c76690d83a6af006ca37e42461e438c340c6803bb3c90451c8d1	c679d31d15972d3f75ec5dd3fe90c83af51ef57602e891a046a22c0fd75bab86	-	e3b0c44298fc1c149afbf4c8996fb92427ae41e4649b934ca495991b7852b855
RF-RANGE-CONT-LEF-small	dense_scrutiny	typed	refused_blocked	ok	0	80bc1146d4d9c76690d83a6af006ca37e42461e438c340c6803bb3c90451c8d1	c679d31d15972d3f75ec5dd3fe90c83af51ef57602e891a046a22c0fd75bab86	-	e3b0c44298fc1c149afbf4c8996fb92427ae41e4649b934ca495991b7852b855
RF-RANGE-CONT-LEF-small	sparse_interactive	captured	refused_blocked	ok	0	80bc1146d4d9c76690d83a6af006ca37e42461e438c340c6803bb3c90451c8d1	c679d31d15972d3f75ec5dd3fe90c83af51ef57602e891a046a22c0fd75bab86	-	e3b0c44298fc1c149afbf4c8996fb92427ae41e4649b934ca495991b7852b855
RF-RANGE-CONT-LEF-small	sparse_interactive	typed	refused_blocked	ok	0	80bc1146d4d9c76690d83a6af006ca37e42461e438c340c6803bb3c90451c8d1	c679d31d15972d3f75ec5dd3fe90c83af51ef57602e891a046a22c0fd75bab86	-	e3b0c44298fc1c149afbf4c8996fb92427ae41e4649b934ca495991b7852b855
RF-RANGE-CONT-SIM-a	dense_scrutiny	captured	refused_capture	ERR	0	-	-	8a03f164011b8b761881c3c0c34c6e60e3e799a2648babb5be9dd274301278ea	e3b0c44298fc1c149afbf4c8996fb92427ae41e4649b934ca495991b7852b855
RF-RANGE-CONT-SIM-a	dense_scrutiny	typed	refused_blocked	ok	0	80bc1146d4d9c76690d83a6af006ca37e42461e438c340c6803bb3c90451c8d1	dea20f5be0d488fd4b97192b74c2e948c0f29ab236240b9445de9275eec212d3	-	e3b0c44298fc1c149afbf4c8996fb92427ae41e4649b934ca495991b7852b855
RF-RANGE-CONT-SIM-a	sparse_interactive	captured	refused_capture	ERR	0	-	-	8a03f164011b8b761881c3c0c34c6e60e3e799a2648babb5be9dd274301278ea	e3b0c44298fc1c149afbf4c8996fb92427ae41e4649b934ca495991b7852b855
RF-RANGE-CONT-SIM-a	sparse_interactive	typed	refused_blocked	ok	0	80bc1146d4d9c76690d83a6af006ca37e42461e438c340c6803bb3c90451c8d1	dea20f5be0d488fd4b97192b74c2e948c0f29ab236240b9445de9275eec212d3	-	e3b0c44298fc1c149afbf4c8996fb92427ae41e4649b934ca495991b7852b855
RF-RANGE-CONT-SIM-b	dense_scrutiny	captured	refused_capture	ERR	0	-	-	b574c1ad7943c3eb208d58206f9a4f2a8f2704ccbaac3f029039a88ccd8c6d77	e3b0c44298fc1c149afbf4c8996fb92427ae41e4649b934ca495991b7852b855
RF-RANGE-CONT-SIM-b	dense_scrutiny	typed	solved	ok	0	84bce46df61cc718620e2cb9c01c213db9c4b42bc2835730c18e3775e40d4c85	0e6607999433248da34c7501a24abc21ef9a5151b57a0e4ff351b8bba045698c	-	e3b0c44298fc1c149afbf4c8996fb92427ae41e4649b934ca495991b7852b855
RF-RANGE-CONT-SIM-b	sparse_interactive	captured	refused_capture	ERR	0	-	-	b574c1ad7943c3eb208d58206f9a4f2a8f2704ccbaac3f029039a88ccd8c6d77	e3b0c44298fc1c149afbf4c8996fb92427ae41e4649b934ca495991b7852b855
RF-RANGE-CONT-SIM-b	sparse_interactive	typed	solved	ok	0	970b1c7435919f99660d02ab42b22ab9ff3437dc79187231392208d42551353a	c86d90f638e20875b9badaed5ab647d8ab2140214273f7a203963011ff4b36a0	-	e3b0c44298fc1c149afbf4c8996fb92427ae41e4649b934ca495991b7852b855
RF-RANGE-SKEW-E+960	dense_scrutiny	captured	refused_capture	ERR	0	-	-	fd74a201202446c048a28751ac5bd42de071c8dc29b8e125ba78c63903d5b137	e3b0c44298fc1c149afbf4c8996fb92427ae41e4649b934ca495991b7852b855
RF-RANGE-SKEW-E+960	dense_scrutiny	typed	refused_blocked	ok	0	d8ea845c98e9d9ab71ab06e9c7366d459d05bdd9af1d7fcc8e7618d43c27dd17	328bfa90e10b183443b5df80303ef989edc80da6737caf845fd686740f2c5a72	-	e3b0c44298fc1c149afbf4c8996fb92427ae41e4649b934ca495991b7852b855
RF-RANGE-SKEW-E+960	sparse_interactive	captured	refused_capture	ERR	0	-	-	fd74a201202446c048a28751ac5bd42de071c8dc29b8e125ba78c63903d5b137	e3b0c44298fc1c149afbf4c8996fb92427ae41e4649b934ca495991b7852b855
RF-RANGE-SKEW-E+960	sparse_interactive	typed	refused_blocked	ok	0	d8ea845c98e9d9ab71ab06e9c7366d459d05bdd9af1d7fcc8e7618d43c27dd17	328bfa90e10b183443b5df80303ef989edc80da6737caf845fd686740f2c5a72	-	e3b0c44298fc1c149afbf4c8996fb92427ae41e4649b934ca495991b7852b855
RF-RANGE-SKEW-E-1000	dense_scrutiny	captured	refused_blocked	ok	0	1f9422d41ef20379d938f92f40930cc3d1a2f311ba5c9617c9283fec86031942	b2365fe620878d075eff32294961c084fc3eaf53276cee6eca65d7a1d631c62b	-	e3b0c44298fc1c149afbf4c8996fb92427ae41e4649b934ca495991b7852b855
RF-RANGE-SKEW-E-1000	dense_scrutiny	typed	refused_blocked	ok	0	f943645fd5bd91bf61a50d4b7683fb5e32312469ba13009dda22e06b2a26efb6	747266d547f308b46d2b3cd66ebcdc8a2befafec9c350477d08a3eff863b3308	-	e3b0c44298fc1c149afbf4c8996fb92427ae41e4649b934ca495991b7852b855
RF-RANGE-SKEW-E-1000	sparse_interactive	captured	refused_blocked	ok	0	00fcecd120c72fd54f4ff61badc109ddb5769e48912166836a8b8be3bb34c479	4a45262a4097434c3e09d842c381b834619a635098e4e668c040a751c883d2f1	-	e3b0c44298fc1c149afbf4c8996fb92427ae41e4649b934ca495991b7852b855
RF-RANGE-SKEW-E-1000	sparse_interactive	typed	refused_blocked	ok	0	f2a9179a19fb50dac5028005ea973d7cb6ed8c90feefee08bb262d91cf827591	385cbc7606033145d96a276652e9b2b4f9ec59f546c12888391c54d2983f05ef	-	e3b0c44298fc1c149afbf4c8996fb92427ae41e4649b934ca495991b7852b855
RF-RANGE-SKEW-F+960	dense_scrutiny	captured	refused_capture	ERR	0	-	-	e1203d7a26d4a47fb8ad74ded85824be93595b1e60f5717b846c48e31221dafe	e3b0c44298fc1c149afbf4c8996fb92427ae41e4649b934ca495991b7852b855
RF-RANGE-SKEW-F+960	dense_scrutiny	typed	refused_blocked	ok	0	7e88f8dbbb26169f8031a5401d0b9080819bb15e9316874636430bba1abadcfd	bd74c1235fe6a089d515ccab4555f3b8f553a6186d624af11223bc8ee64804a1	-	e3b0c44298fc1c149afbf4c8996fb92427ae41e4649b934ca495991b7852b855
RF-RANGE-SKEW-F+960	sparse_interactive	captured	refused_capture	ERR	0	-	-	e1203d7a26d4a47fb8ad74ded85824be93595b1e60f5717b846c48e31221dafe	e3b0c44298fc1c149afbf4c8996fb92427ae41e4649b934ca495991b7852b855
RF-RANGE-SKEW-F+960	sparse_interactive	typed	refused_blocked	ok	0	720f992d68662ea32cd6328730b0d97f37c229fe1ac83e69be0d896113901803	f3be8fac9694f23ec5f5f9e2eb4b8617610232f29ae622548a3648a670711907	-	e3b0c44298fc1c149afbf4c8996fb92427ae41e4649b934ca495991b7852b855
RF-RANGE-SKEW-F-960	dense_scrutiny	captured	refused_blocked	ok	0	72f63950042cd5ecaae43f284af43d92d6f07b2103bd80de915e2b48a3e4fe51	f9452894ae99579ea775b2d1ce8a4c383b757a58f9b095e2d015879d65e0da02	-	e3b0c44298fc1c149afbf4c8996fb92427ae41e4649b934ca495991b7852b855
RF-RANGE-SKEW-F-960	dense_scrutiny	typed	refused_blocked	ok	0	e92db156d7db90d5bb1f3ce802f27b08010ac4d7a18f6436c68a661704fc8ee9	d2244cbd9fa475d1987edd9a8bdbe8b829e738fda731157a7f30d6e07a5ce190	-	e3b0c44298fc1c149afbf4c8996fb92427ae41e4649b934ca495991b7852b855
RF-RANGE-SKEW-F-960	sparse_interactive	captured	refused_blocked	ok	0	f33d542d8a4c67b77be27ae9bc7bf0776ddb9393e0bb07ebaf60b63c5c4e5611	cd8c2331432ca2b8956c2f564446ff4b6a6046bb514eb59d5bb2b5cb03a6f026	-	e3b0c44298fc1c149afbf4c8996fb92427ae41e4649b934ca495991b7852b855
RF-RANGE-SKEW-F-960	sparse_interactive	typed	refused_blocked	ok	0	301ecd7d1e0d1b256b4957fca4b8c5bd737c830fc00177d603e54ed8ceed7b65	84bcd0ec0880af00b9c1824050b197c059646f2786f7b690cc878adebf1a5710	-	e3b0c44298fc1c149afbf4c8996fb92427ae41e4649b934ca495991b7852b855
RF-RANGE-SKEW-L+240	dense_scrutiny	captured	refused_capture	ERR	0	-	-	9310575e3db3f0443e9a3ac3a72c9e4a5bbd1b9774ae152e6fb9fcad1dc4872a	e3b0c44298fc1c149afbf4c8996fb92427ae41e4649b934ca495991b7852b855
RF-RANGE-SKEW-L+240	dense_scrutiny	typed	solved	ok	0	3832ca4c3909684648c2bb92641be7074c48e272358c2a450e85cbf709f6c1cb	e7732a7c8429b4e13e809b894f72aca429083b0755c2fd4c65db4c46fd205e9d	-	e3b0c44298fc1c149afbf4c8996fb92427ae41e4649b934ca495991b7852b855
RF-RANGE-SKEW-L+240	sparse_interactive	captured	refused_capture	ERR	0	-	-	9310575e3db3f0443e9a3ac3a72c9e4a5bbd1b9774ae152e6fb9fcad1dc4872a	e3b0c44298fc1c149afbf4c8996fb92427ae41e4649b934ca495991b7852b855
RF-RANGE-SKEW-L+240	sparse_interactive	typed	solved	ok	0	a1383589c9991ad22f4ce3d6cb480343464f0b06d5542307a17ea34133b4eb87	66abda1d114af08e66fd86286f737636a544342086030c016b88dbacfb5cfafd	-	e3b0c44298fc1c149afbf4c8996fb92427ae41e4649b934ca495991b7852b855
RF-RANGE-SKEW-L-240	dense_scrutiny	captured	refused_blocked	ok	0	b561bcdcc1c1d605ac7fff5be284a56bc92c6dc55b5c053d85db4b2d869ae5c0	6d80f178b3674520e8d287c052e95c7af3aacd7e35ed2578e4be2408f18cacdf	-	e3b0c44298fc1c149afbf4c8996fb92427ae41e4649b934ca495991b7852b855
RF-RANGE-SKEW-L-240	dense_scrutiny	typed	refused_blocked	ok	0	b561bcdcc1c1d605ac7fff5be284a56bc92c6dc55b5c053d85db4b2d869ae5c0	6d80f178b3674520e8d287c052e95c7af3aacd7e35ed2578e4be2408f18cacdf	-	e3b0c44298fc1c149afbf4c8996fb92427ae41e4649b934ca495991b7852b855
RF-RANGE-SKEW-L-240	sparse_interactive	captured	refused_blocked	ok	0	b561bcdcc1c1d605ac7fff5be284a56bc92c6dc55b5c053d85db4b2d869ae5c0	6d80f178b3674520e8d287c052e95c7af3aacd7e35ed2578e4be2408f18cacdf	-	e3b0c44298fc1c149afbf4c8996fb92427ae41e4649b934ca495991b7852b855
RF-RANGE-SKEW-L-240	sparse_interactive	typed	refused_blocked	ok	0	b561bcdcc1c1d605ac7fff5be284a56bc92c6dc55b5c053d85db4b2d869ae5c0	6d80f178b3674520e8d287c052e95c7af3aacd7e35ed2578e4be2408f18cacdf	-	e3b0c44298fc1c149afbf4c8996fb92427ae41e4649b934ca495991b7852b855
RF-RANGE-SKEW-LEF-large	dense_scrutiny	captured	refused_capture	ERR	0	-	-	00c2a619c8408986f82d6a8d39bc02387326a10bab99cb1316b0439a775925bb	e3b0c44298fc1c149afbf4c8996fb92427ae41e4649b934ca495991b7852b855
RF-RANGE-SKEW-LEF-large	dense_scrutiny	typed	solved	ok	0	a8769cf932c9927f2bbff916fbf16a9ead5d4ec6c11eab7fd533a5b9111216d0	620d3deaeb2fe683c434cbc36fd98e3d622ff793c0b7c9853ee8a0ef0c24b80e	-	e3b0c44298fc1c149afbf4c8996fb92427ae41e4649b934ca495991b7852b855
RF-RANGE-SKEW-LEF-large	sparse_interactive	captured	refused_capture	ERR	0	-	-	00c2a619c8408986f82d6a8d39bc02387326a10bab99cb1316b0439a775925bb	e3b0c44298fc1c149afbf4c8996fb92427ae41e4649b934ca495991b7852b855
RF-RANGE-SKEW-LEF-large	sparse_interactive	typed	solved	ok	0	32b3fb907c26a0fc254da7aa8b90f9f640ac64502cd3ccc6964b3fa389bd3a95	d7592f6ea17392d892a2b5fe4e27db1a612e7ec5d5e44c7c2e0b932ec2be152f	-	e3b0c44298fc1c149afbf4c8996fb92427ae41e4649b934ca495991b7852b855
RF-RANGE-SKEW-LEF-small	dense_scrutiny	captured	refused_blocked	ok	0	b561bcdcc1c1d605ac7fff5be284a56bc92c6dc55b5c053d85db4b2d869ae5c0	ea9e14da5e11ebca34d15966fa857394fa1ad7acee1b29ad56e93b3969d82df4	-	e3b0c44298fc1c149afbf4c8996fb92427ae41e4649b934ca495991b7852b855
RF-RANGE-SKEW-LEF-small	dense_scrutiny	typed	refused_blocked	ok	0	b561bcdcc1c1d605ac7fff5be284a56bc92c6dc55b5c053d85db4b2d869ae5c0	ea9e14da5e11ebca34d15966fa857394fa1ad7acee1b29ad56e93b3969d82df4	-	e3b0c44298fc1c149afbf4c8996fb92427ae41e4649b934ca495991b7852b855
RF-RANGE-SKEW-LEF-small	sparse_interactive	captured	refused_blocked	ok	0	b561bcdcc1c1d605ac7fff5be284a56bc92c6dc55b5c053d85db4b2d869ae5c0	ea9e14da5e11ebca34d15966fa857394fa1ad7acee1b29ad56e93b3969d82df4	-	e3b0c44298fc1c149afbf4c8996fb92427ae41e4649b934ca495991b7852b855
RF-RANGE-SKEW-LEF-small	sparse_interactive	typed	refused_blocked	ok	0	b561bcdcc1c1d605ac7fff5be284a56bc92c6dc55b5c053d85db4b2d869ae5c0	ea9e14da5e11ebca34d15966fa857394fa1ad7acee1b29ad56e93b3969d82df4	-	e3b0c44298fc1c149afbf4c8996fb92427ae41e4649b934ca495991b7852b855
RF-RANGE-SKEW-SIM-a	dense_scrutiny	captured	refused_capture	ERR	0	-	-	a3bb3dc9bc3be1b7a3dda904cb566690190ddd7b7c5503e6727cb1bd3ea633c1	e3b0c44298fc1c149afbf4c8996fb92427ae41e4649b934ca495991b7852b855
RF-RANGE-SKEW-SIM-a	dense_scrutiny	typed	refused_blocked	ok	0	b561bcdcc1c1d605ac7fff5be284a56bc92c6dc55b5c053d85db4b2d869ae5c0	6d07d201970f31653f78663f0b7c198b90a78d00d63c8b304108601390542e1a	-	e3b0c44298fc1c149afbf4c8996fb92427ae41e4649b934ca495991b7852b855
RF-RANGE-SKEW-SIM-a	sparse_interactive	captured	refused_capture	ERR	0	-	-	a3bb3dc9bc3be1b7a3dda904cb566690190ddd7b7c5503e6727cb1bd3ea633c1	e3b0c44298fc1c149afbf4c8996fb92427ae41e4649b934ca495991b7852b855
RF-RANGE-SKEW-SIM-a	sparse_interactive	typed	refused_blocked	ok	0	b561bcdcc1c1d605ac7fff5be284a56bc92c6dc55b5c053d85db4b2d869ae5c0	6d07d201970f31653f78663f0b7c198b90a78d00d63c8b304108601390542e1a	-	e3b0c44298fc1c149afbf4c8996fb92427ae41e4649b934ca495991b7852b855
RF-RANGE-SKEW-SIM-b	dense_scrutiny	captured	refused_capture	ERR	0	-	-	a124eb7fd740e783d46d71450f78e35edc359b42505940131be7489da4c0dc2c	e3b0c44298fc1c149afbf4c8996fb92427ae41e4649b934ca495991b7852b855
RF-RANGE-SKEW-SIM-b	dense_scrutiny	typed	solved	ok	0	405fd588453e2d1974ff3cbcb98ae64e78da591eed4bacd50b2121f61b2ad777	124a03bb364be96e71194b86710fb8b67eb526108b8f82244ec13eee1696fabd	-	e3b0c44298fc1c149afbf4c8996fb92427ae41e4649b934ca495991b7852b855
RF-RANGE-SKEW-SIM-b	sparse_interactive	captured	refused_capture	ERR	0	-	-	a124eb7fd740e783d46d71450f78e35edc359b42505940131be7489da4c0dc2c	e3b0c44298fc1c149afbf4c8996fb92427ae41e4649b934ca495991b7852b855
RF-RANGE-SKEW-SIM-b	sparse_interactive	typed	solved	ok	0	b05ef6c0390c2ee40dfaf32521b9bcfbc6d3a54302040527c97573ebe8bad729	3b49f7c1946bff5cc6052240d1b96bbe2ad1a542af491b45b125be0f43ef7690	-	e3b0c44298fc1c149afbf4c8996fb92427ae41e4649b934ca495991b7852b855
RF-RANGE-THIN-A	dense_scrutiny	captured	refused_capture	ERR	0	-	-	9dbc394b8c45d0c70c19701c81558299cf4f778270297ac338922138381ae24e	e3b0c44298fc1c149afbf4c8996fb92427ae41e4649b934ca495991b7852b855
RF-RANGE-THIN-A	dense_scrutiny	typed	solved	ok	0	cbd1b6bec8d2d54e6dcaecb6d78f55215c2e0d9178fd478e3cae7727f3c3088f	4a9a25914fe9e7c8934aaf79e03e9ad857af0afb87217fd4c550cb973b14dda1	-	e3b0c44298fc1c149afbf4c8996fb92427ae41e4649b934ca495991b7852b855
RF-RANGE-THIN-A	sparse_interactive	captured	refused_capture	ERR	0	-	-	9dbc394b8c45d0c70c19701c81558299cf4f778270297ac338922138381ae24e	e3b0c44298fc1c149afbf4c8996fb92427ae41e4649b934ca495991b7852b855
RF-RANGE-THIN-A	sparse_interactive	typed	solved	ok	0	5868e74bb213fedcc5dbd3af22414b12a1b6c507dfa7c4e37c1589c34d0917e7	9821e5010724475ede1519ab9bcabd21056bfffca60c8c8fea3c005b434c2117	-	e3b0c44298fc1c149afbf4c8996fb92427ae41e4649b934ca495991b7852b855
RF-RANGE-THIN-B	dense_scrutiny	captured	solved	ok	0	0ebe6527343ced04f0dc1223ac59cb5328dcc731933b4350a9ba36a6dd19a54f	247ca7e0535f578652a0f0f9c833ae8f7de80cd5acbcb4338126b82d3729f9d8	-	e3b0c44298fc1c149afbf4c8996fb92427ae41e4649b934ca495991b7852b855
RF-RANGE-THIN-B	dense_scrutiny	typed	solved	ok	0	2829b8b6f9f7bcd737b35603d46d6f19e9c1664b2c11779461ed555bb871b599	4fe2c0203252f16c0c4c66df5c5278deef6390ebc0d0edae5b9a258efa6c1036	-	e3b0c44298fc1c149afbf4c8996fb92427ae41e4649b934ca495991b7852b855
RF-RANGE-THIN-B	sparse_interactive	captured	solved	ok	0	59feeebef89294472caadfaceed5ca2a2716265faca7f543fd577be8481b3bf6	9c59a335ff235f47ca08620adf730de95a0088965282dd699e9521bbba06f937	-	e3b0c44298fc1c149afbf4c8996fb92427ae41e4649b934ca495991b7852b855
RF-RANGE-THIN-B	sparse_interactive	typed	solved	ok	0	188b0640bca710f8105ecee292721d9103f850b5c9076ac2d87112c146a76e1f	e203217a4c16ea594838a58f09d2bc7b32d93868dd1838362917875d08b4a16e	-	e3b0c44298fc1c149afbf4c8996fb92427ae41e4649b934ca495991b7852b855
RF-SKEW-A-CANT-OFF-122-r1e-04	dense_scrutiny	captured	solved	ok	0	7380a0a5ddecd44acc3f04584cde6ea9b082e25ee3bb20db30707b72a7b17989	e8d1666d51b6a3624fac79853842475145d8709f035a8df494e6a4a44288ec91	-	e3b0c44298fc1c149afbf4c8996fb92427ae41e4649b934ca495991b7852b855
RF-SKEW-A-CANT-OFF-122-r1e-04	dense_scrutiny	typed	solved	ok	0	7380a0a5ddecd44acc3f04584cde6ea9b082e25ee3bb20db30707b72a7b17989	e8d1666d51b6a3624fac79853842475145d8709f035a8df494e6a4a44288ec91	-	e3b0c44298fc1c149afbf4c8996fb92427ae41e4649b934ca495991b7852b855
RF-SKEW-A-CANT-OFF-122-r1e-04	sparse_interactive	captured	solved	ok	0	a91d0dcba52b4cb855cc540e120a17500a0958da15a70822aea64eddde98852e	37cb60cd22944cf7ef67eed19948abb883611f8cc5d9f36c4d73487755bf3b39	-	e3b0c44298fc1c149afbf4c8996fb92427ae41e4649b934ca495991b7852b855
RF-SKEW-A-CANT-OFF-122-r1e-04	sparse_interactive	typed	solved	ok	0	a91d0dcba52b4cb855cc540e120a17500a0958da15a70822aea64eddde98852e	37cb60cd22944cf7ef67eed19948abb883611f8cc5d9f36c4d73487755bf3b39	-	e3b0c44298fc1c149afbf4c8996fb92427ae41e4649b934ca495991b7852b855
RF-SKEW-A-CANT-OFF-122-r1e-08	dense_scrutiny	captured	solved	ok	0	2876bbb8cf46e2fbca4e5124b14ad25d4cdae354aa658b942040128dced7e29e	f4acdad3f2c48cf18cf020f909bec89823899f84ee3693c5e76866a3bc9fa4c3	-	e3b0c44298fc1c149afbf4c8996fb92427ae41e4649b934ca495991b7852b855
RF-SKEW-A-CANT-OFF-122-r1e-08	dense_scrutiny	typed	solved	ok	0	2bf8dc115980d1ad84a7e10d11409abe22e1b87c7923e4f2e0269efcca332a6e	a0d4f44e1ea81faeb621bb27d26aa2726ad4c0944c3b61b2189dea4afdd04408	-	e3b0c44298fc1c149afbf4c8996fb92427ae41e4649b934ca495991b7852b855
RF-SKEW-A-CANT-OFF-122-r1e-08	sparse_interactive	captured	solved	ok	0	c4d4b16b702f31e400403f403c50d677b8ff082896edaec4cc2407d4afbad9fb	7627a266fd83628cc74b02de82d22ce3e7bff7e526b3122f87186e172844a0d4	-	e3b0c44298fc1c149afbf4c8996fb92427ae41e4649b934ca495991b7852b855
RF-SKEW-A-CANT-OFF-122-r1e-08	sparse_interactive	typed	solved	ok	0	732e6dbc0b7e28e2a881c36459e0835bfc6938912b500ec3e3ea4a2f36f931f5	5919620a78609f35065fef3f43c081f9448b43be850d85868db82e6107656a4a	-	e3b0c44298fc1c149afbf4c8996fb92427ae41e4649b934ca495991b7852b855
RF-SKEW-A-CANT-OFF-122-r1e-12	dense_scrutiny	captured	solved	ok	0	fbd645cf54e11340a122729b48fd32b1eebd24d5c48bbeaef905b172e32fe532	284e32a88d49462e23ab25eb7efe64362fdb4c55ec324fb8215d702a4bc0de7c	-	e3b0c44298fc1c149afbf4c8996fb92427ae41e4649b934ca495991b7852b855
RF-SKEW-A-CANT-OFF-122-r1e-12	dense_scrutiny	typed	solved	ok	0	bda8a3f76d696b6964514fe25c6d44e06866fffe5ac041dc387ca67155e2cdcd	a12e432c4d37866d950bf58b852d52d5334ba92373bdf16e9697ca1216fee057	-	e3b0c44298fc1c149afbf4c8996fb92427ae41e4649b934ca495991b7852b855
RF-SKEW-A-CANT-OFF-122-r1e-12	sparse_interactive	captured	solved	ok	0	c22dee1b6b0b9ebd6aee6cdc1adc4b92c47034434d5a4a5e0cff4b50998ca34a	68c9cc9c6a57d9ae8ea0d796de63d6f21e76ea6ed23ae0674ff68e367366c9f5	-	e3b0c44298fc1c149afbf4c8996fb92427ae41e4649b934ca495991b7852b855
RF-SKEW-A-CANT-OFF-122-r1e-12	sparse_interactive	typed	solved	ok	0	55e6c7242832437edf65128471902d62d383f6555a63cbff0127e68dc83633dd	5cef868db51128dea18322b9f6b261caba946cb54bb1ca1f5edae83165ea6705	-	e3b0c44298fc1c149afbf4c8996fb92427ae41e4649b934ca495991b7852b855
RF-SKEW-A-CANT-OFF-345-r1e-04	dense_scrutiny	captured	solved	ok	0	67d05e395c8ca5cf4f1120212edf7191245d41c37e716fc19fb99adda004d799	b33997a44b6d8e732eabd1163780c606eccc152b5af1900599bad8dceef21ba6	-	e3b0c44298fc1c149afbf4c8996fb92427ae41e4649b934ca495991b7852b855
RF-SKEW-A-CANT-OFF-345-r1e-04	dense_scrutiny	typed	solved	ok	0	67d05e395c8ca5cf4f1120212edf7191245d41c37e716fc19fb99adda004d799	b33997a44b6d8e732eabd1163780c606eccc152b5af1900599bad8dceef21ba6	-	e3b0c44298fc1c149afbf4c8996fb92427ae41e4649b934ca495991b7852b855
RF-SKEW-A-CANT-OFF-345-r1e-04	sparse_interactive	captured	solved	ok	0	d62d3fcff3c9a63d6a83d18abf31a00c3f77fbefcdb1133b3ec8a0685ed29f07	ffedaca8ef1df0939999107da259e330d1b61a6e0d1d702d737cbe4b56d264a4	-	e3b0c44298fc1c149afbf4c8996fb92427ae41e4649b934ca495991b7852b855
RF-SKEW-A-CANT-OFF-345-r1e-04	sparse_interactive	typed	solved	ok	0	d62d3fcff3c9a63d6a83d18abf31a00c3f77fbefcdb1133b3ec8a0685ed29f07	ffedaca8ef1df0939999107da259e330d1b61a6e0d1d702d737cbe4b56d264a4	-	e3b0c44298fc1c149afbf4c8996fb92427ae41e4649b934ca495991b7852b855
RF-SKEW-A-CANT-OFF-345-r1e-08	dense_scrutiny	captured	solved	ok	0	e2542c9f3a0720503e26c63160303e88d8c966e7ae03eeabfdb6982ef4055902	562d9019048b95835dc0999293f75c89629f0daed1b8a783e2aad1f536e44738	-	e3b0c44298fc1c149afbf4c8996fb92427ae41e4649b934ca495991b7852b855
RF-SKEW-A-CANT-OFF-345-r1e-08	dense_scrutiny	typed	solved	ok	0	972fc8d9d50a18277aa4bd099f58296f047f56750acc3dad1970ef23c665621f	bd2fa1011f27bc10f039bf6d642faea4e4f2b9477b636aa598f5ea0192543194	-	e3b0c44298fc1c149afbf4c8996fb92427ae41e4649b934ca495991b7852b855
RF-SKEW-A-CANT-OFF-345-r1e-08	sparse_interactive	captured	solved	ok	0	ebaeedb6660ceae07741dd3550ad9111c82f72bbb6b1086f082d4c8c80202f75	e0e04595629bed3901044b5a8614105ba1513792cad9ed7ab968e5e00e744e35	-	e3b0c44298fc1c149afbf4c8996fb92427ae41e4649b934ca495991b7852b855
RF-SKEW-A-CANT-OFF-345-r1e-08	sparse_interactive	typed	solved	ok	0	bebfe8a2fcefb4dd10a334f1f08708919b061ff8fe9b950e84b2f763f4694622	e6541e27a5b0e019da5facfef143e58c0f32a4117c02397ed87d8ee0ceea292e	-	e3b0c44298fc1c149afbf4c8996fb92427ae41e4649b934ca495991b7852b855
RF-SKEW-A-CANT-OFF-345-r1e-12	dense_scrutiny	captured	solved	ok	0	cb98c23e0eb100ab99b83b5c7ff700ea248b609c69e8932497ca1fd1ef2e9579	d2c40f1030709c6dc4bdd900acf4e481bbcd6810c6ebcca0e1d8fee213acf684	-	e3b0c44298fc1c149afbf4c8996fb92427ae41e4649b934ca495991b7852b855
RF-SKEW-A-CANT-OFF-345-r1e-12	dense_scrutiny	typed	solved	ok	0	6523264fbeade89a8ff985056ac4b58252fa03d3544062f2d0c31cd9e4521e5e	ec1f97923c723052335007dec2f754c37bc79d47ed8546803ceef098169d9656	-	e3b0c44298fc1c149afbf4c8996fb92427ae41e4649b934ca495991b7852b855
RF-SKEW-A-CANT-OFF-345-r1e-12	sparse_interactive	captured	solved	ok	0	6f51d399d527e849fd159ebb631f69d5edcae4f6e7d0ccc348bcd685c9946ff1	1c0484908f8c2d5ac7d2a221adbdae53006f05f24a72248bf3116dee3c5b3a4f	-	e3b0c44298fc1c149afbf4c8996fb92427ae41e4649b934ca495991b7852b855
RF-SKEW-A-CANT-OFF-345-r1e-12	sparse_interactive	typed	solved	ok	0	022148182a739d5047e8398521653e0a2cd22de2f8bf0f48239750579a0c39f0	9d0588410cd20fc6fe9249a62cd2777dd005624fbc27d8c0198dce5668e4f87b	-	e3b0c44298fc1c149afbf4c8996fb92427ae41e4649b934ca495991b7852b855
RF-SKEW-T-CANT-OFF-122-r1e-04	dense_scrutiny	captured	solved	ok	0	7585d64b2d9c640764df3ec6885118f9cc106f902014871b6885c3ddf4621502	aa8b93ba9717bcc61bf708bb3dd7ab4848d655334dd1f3f6d5e852c2d40f8a8d	-	e3b0c44298fc1c149afbf4c8996fb92427ae41e4649b934ca495991b7852b855
RF-SKEW-T-CANT-OFF-122-r1e-04	dense_scrutiny	typed	solved	ok	0	b4196a2b4c3b2a48862a92ba593b9f6f93a9e9f2801736a2b58bce34434c75ab	b367c56882adf530393b77da64c66da4d69ded3d30d7d6467ff463185f4ca267	-	e3b0c44298fc1c149afbf4c8996fb92427ae41e4649b934ca495991b7852b855
RF-SKEW-T-CANT-OFF-122-r1e-04	sparse_interactive	captured	solved	ok	0	6f0f4e820f5ba93ca9ad2ae8573d5d94b25ae7b3e401ddfe222f87418a2f8a74	9c7ec1a144a729f456a25fedb5dbe6a7dafde67d52b9cc8caff6c39bb0050871	-	e3b0c44298fc1c149afbf4c8996fb92427ae41e4649b934ca495991b7852b855
RF-SKEW-T-CANT-OFF-122-r1e-04	sparse_interactive	typed	solved	ok	0	011654b5f29e3a85912a4dcc181bda58013159f2338cb94a9c676fcad0ee939a	f13a7ba4cb531ff03748ccc2edded08ad5c453fb1d57ebb79964562d889fadb2	-	e3b0c44298fc1c149afbf4c8996fb92427ae41e4649b934ca495991b7852b855
RF-SKEW-T-CANT-OFF-122-r1e-08	dense_scrutiny	captured	solved	ok	0	cf6723dd07dcba6b4bface57b5b4eb5a3578e57c013f370f4cf8d4a785778b18	22ec908a69fe756ce0c294296349d8eb9ea888a829e025ce2f7677c1321710c4	-	e3b0c44298fc1c149afbf4c8996fb92427ae41e4649b934ca495991b7852b855
RF-SKEW-T-CANT-OFF-122-r1e-08	dense_scrutiny	typed	solved	ok	0	c2d749044442439580b584aa0cfe3c734ebadb8190df78b6123c128744fa99d4	233826de7b78c438c2c823df99ba11c6935afe52ae6d28ee923156a87f31f9fe	-	e3b0c44298fc1c149afbf4c8996fb92427ae41e4649b934ca495991b7852b855
RF-SKEW-T-CANT-OFF-122-r1e-08	sparse_interactive	captured	solved	ok	0	0b585e8ce37a18423f0894bbb6858670892b213563c24f7bbcd89ab1c83a61f5	eb1bcec8ffeda97bdb68dc21722fbb14114194298ebbf2af42c19e4b2b0b6a57	-	e3b0c44298fc1c149afbf4c8996fb92427ae41e4649b934ca495991b7852b855
RF-SKEW-T-CANT-OFF-122-r1e-08	sparse_interactive	typed	solved	ok	0	d340c9c0c6128755442e396cf0c3fdb86b60053190b1ce326094c16084f76c05	91fc39226872de659102b6df1d55d268f781c21a8ea67a4ec0629df1d3be15cb	-	e3b0c44298fc1c149afbf4c8996fb92427ae41e4649b934ca495991b7852b855
RF-SKEW-T-CANT-OFF-122-r1e-12	dense_scrutiny	captured	solved	ok	0	a1b6e9591038f703c3102bdc89bb8f2ef1f1244ad9d8f372d9d1136f0ab45c71	381230529a92a850eb4192dd6c59f27f09548fab2001e3bec29b349042c4b201	-	e3b0c44298fc1c149afbf4c8996fb92427ae41e4649b934ca495991b7852b855
RF-SKEW-T-CANT-OFF-122-r1e-12	dense_scrutiny	typed	solved	ok	0	df946baebaba92f41804af97df06dd0c0e9f54c9fdcdaf86f893d2bd37c42c63	537360aa1895b19932f9c69dbf42ad2262379354293c49e56a0e9371b1ebd089	-	e3b0c44298fc1c149afbf4c8996fb92427ae41e4649b934ca495991b7852b855
RF-SKEW-T-CANT-OFF-122-r1e-12	sparse_interactive	captured	refused_blocked	ok	0	7244f9595e762cba65d67779b23ac87205d9679137c27549be7a56dfbf848cca	f552af331a02cb656f388a493e3bf82dfa5ec7f94fb47a8fa6052f9e2777cebf	-	e3b0c44298fc1c149afbf4c8996fb92427ae41e4649b934ca495991b7852b855
RF-SKEW-T-CANT-OFF-122-r1e-12	sparse_interactive	typed	refused_blocked	ok	0	15a29df6ceaa020ced7e89d19a22b2bd5b3835fe14c442da46ce57007c398be0	5abf35232ab2616e2e980055cdde368cc76e8c3d1649897e51807d98e1f25314	-	e3b0c44298fc1c149afbf4c8996fb92427ae41e4649b934ca495991b7852b855
RF-SKEW-T-CANT-OFF-345-r1e-04	dense_scrutiny	captured	solved	ok	0	ebbf995d6ca4dc21c0a0b3cf764ccf79b218be6f981a50b537332160a391b7a5	1c40e25d4e880ae325b5dca80035b0f149ff2c03fe61d3187d07d660d6d16f2f	-	e3b0c44298fc1c149afbf4c8996fb92427ae41e4649b934ca495991b7852b855
RF-SKEW-T-CANT-OFF-345-r1e-04	dense_scrutiny	typed	solved	ok	0	ebbf995d6ca4dc21c0a0b3cf764ccf79b218be6f981a50b537332160a391b7a5	1c40e25d4e880ae325b5dca80035b0f149ff2c03fe61d3187d07d660d6d16f2f	-	e3b0c44298fc1c149afbf4c8996fb92427ae41e4649b934ca495991b7852b855
RF-SKEW-T-CANT-OFF-345-r1e-04	sparse_interactive	captured	solved	ok	0	d9c9472b31d87f0881ef34eced23048d1a36e5122726e80730da5870883ee220	6882f4a1b20d822261ebdf0900b271f89ba74a8e9523febf4c3fde691e8df90e	-	e3b0c44298fc1c149afbf4c8996fb92427ae41e4649b934ca495991b7852b855
RF-SKEW-T-CANT-OFF-345-r1e-04	sparse_interactive	typed	solved	ok	0	d9c9472b31d87f0881ef34eced23048d1a36e5122726e80730da5870883ee220	6882f4a1b20d822261ebdf0900b271f89ba74a8e9523febf4c3fde691e8df90e	-	e3b0c44298fc1c149afbf4c8996fb92427ae41e4649b934ca495991b7852b855
RF-SKEW-T-CANT-OFF-345-r1e-08	dense_scrutiny	captured	solved	ok	0	e74de58b210f5283ea444583153a7cf3c2674b9527f1a388583aeff2c8d583aa	d8cbc90413c0bdca073b5e04f368b2fbed1fc598e32aa7bbb704edf0b0cc220b	-	e3b0c44298fc1c149afbf4c8996fb92427ae41e4649b934ca495991b7852b855
RF-SKEW-T-CANT-OFF-345-r1e-08	dense_scrutiny	typed	solved	ok	0	dd64e8c3ae4725ca0543f85a9ecb37e309fada637cb36b5892620ed96f6803ee	c67f7b2dffa2b6f5ad922ccda6cea681f7063d57fb481b40f475484d3a0bd6c7	-	e3b0c44298fc1c149afbf4c8996fb92427ae41e4649b934ca495991b7852b855
RF-SKEW-T-CANT-OFF-345-r1e-08	sparse_interactive	captured	solved	ok	0	e444419d78fa16bf647d57d15274f4585fd5a7a6a9bb70a0169b26d51ecafa51	f5b6336f229cba808bdd461a3dbbad80625652417defe3dc9f7696b0b194eabf	-	e3b0c44298fc1c149afbf4c8996fb92427ae41e4649b934ca495991b7852b855
RF-SKEW-T-CANT-OFF-345-r1e-08	sparse_interactive	typed	solved	ok	0	0db33c6e5d50aa120b55164fcf7684ac25c12d58a8cf055fda16b83e4fc89847	ce2577982cf6b167b7f37d38844d5124153e228f2820372422cbcb5d2c102565	-	e3b0c44298fc1c149afbf4c8996fb92427ae41e4649b934ca495991b7852b855
RF-SKEW-T-CANT-OFF-345-r1e-12	dense_scrutiny	captured	solved	ok	0	fc9ead2f11593ed441f02b785a543782ce09ba80dad429ae8a259bcb55d7b310	94285e75d5f19c11bb3572d8688f503b39a45542ba17cdafb7d10036d7139f92	-	e3b0c44298fc1c149afbf4c8996fb92427ae41e4649b934ca495991b7852b855
RF-SKEW-T-CANT-OFF-345-r1e-12	dense_scrutiny	typed	solved	ok	0	2f7dae6d6cbba8f201011f0829b5d7ca4c8d79cae8c5639b4e5156c4dd84b97a	976e34005efada9b8518ab40d9b1a018a003c44ce2e6ea0e1d2b1a6dea0dad80	-	e3b0c44298fc1c149afbf4c8996fb92427ae41e4649b934ca495991b7852b855
RF-SKEW-T-CANT-OFF-345-r1e-12	sparse_interactive	captured	solved	ok	0	fd2196e62fab96a8f605db496967b5976333a48722eabaf7b752f5388c63ec1e	c4e640e365ba610f751a8f3010bfed2ce6f31d25c5440d252c81b17ab4b651de	-	e3b0c44298fc1c149afbf4c8996fb92427ae41e4649b934ca495991b7852b855
RF-SKEW-T-CANT-OFF-345-r1e-12	sparse_interactive	typed	solved	ok	0	1c071f71211312033b8d05dd260529be42bfff428ed4bd31a1b5694d89f49854	5fab43a926b12ea14f1315dbbcc458e92883fd119d2817b7643bcb7acfe93cbe	-	e3b0c44298fc1c149afbf4c8996fb92427ae41e4649b934ca495991b7852b855
RF-SKEW-T-PIN-OFF-122-r1e-04	dense_scrutiny	captured	solved	ok	0	2f905c15c01f2d1115c4c6acd0640ed0509b642e0bd6ca01417f07c919c82816	77359fa27a0b0b893e2984dfa0a8b5506cd927dc5a2adf48ef63b55032f34e3c	-	e3b0c44298fc1c149afbf4c8996fb92427ae41e4649b934ca495991b7852b855
RF-SKEW-T-PIN-OFF-122-r1e-04	dense_scrutiny	typed	solved	ok	0	2f905c15c01f2d1115c4c6acd0640ed0509b642e0bd6ca01417f07c919c82816	77359fa27a0b0b893e2984dfa0a8b5506cd927dc5a2adf48ef63b55032f34e3c	-	e3b0c44298fc1c149afbf4c8996fb92427ae41e4649b934ca495991b7852b855
RF-SKEW-T-PIN-OFF-122-r1e-04	sparse_interactive	captured	solved	ok	0	e708a34ce17987346b720e8cebc3e65d540456d35a5ce4ec4ffb54446105f3f9	05f8473114e694182c50ea4a2b7926b7d244833691381f05d3c17a9bcbfd70ed	-	e3b0c44298fc1c149afbf4c8996fb92427ae41e4649b934ca495991b7852b855
RF-SKEW-T-PIN-OFF-122-r1e-04	sparse_interactive	typed	solved	ok	0	e708a34ce17987346b720e8cebc3e65d540456d35a5ce4ec4ffb54446105f3f9	05f8473114e694182c50ea4a2b7926b7d244833691381f05d3c17a9bcbfd70ed	-	e3b0c44298fc1c149afbf4c8996fb92427ae41e4649b934ca495991b7852b855
RF-SKEW-T-PIN-OFF-122-r1e-08	dense_scrutiny	captured	solved	ok	0	0d2e77475b502423b07f48562d6cca8eeed9de6a09fe74c9f369949b8ce696f5	52e2a2a1de0f2772c549a48a7a2f155cf6e04aba5690a2957a56e617e9d53399	-	e3b0c44298fc1c149afbf4c8996fb92427ae41e4649b934ca495991b7852b855
RF-SKEW-T-PIN-OFF-122-r1e-08	dense_scrutiny	typed	solved	ok	0	70fa4f49fb5ca831839749a2215e45b53ecb1fbccc2107fc385204366643d1e0	964854f887bbebe50270378d4f689662650b90bdd40622504e5f6fda1b46f4d1	-	e3b0c44298fc1c149afbf4c8996fb92427ae41e4649b934ca495991b7852b855
RF-SKEW-T-PIN-OFF-122-r1e-08	sparse_interactive	captured	solved	ok	0	6e0a2c15d452e9e795e383ad3e95ccccbfd7980a8a146945a3cc12cd07c2fd44	eeb2f81133ac115e01db9acf323cd1c4a0462bbc3364a27db13e612c82b15511	-	e3b0c44298fc1c149afbf4c8996fb92427ae41e4649b934ca495991b7852b855
RF-SKEW-T-PIN-OFF-122-r1e-08	sparse_interactive	typed	solved	ok	0	40266c5e025ae6c56f2abba86bfe139df42a6787ffc8de481875c14c7abcc936	a6c8a0c98e40a0f11772a9fd3568bcc6e1ea741130518afad6ad3d7df89617d0	-	e3b0c44298fc1c149afbf4c8996fb92427ae41e4649b934ca495991b7852b855
RF-SKEW-T-PIN-OFF-122-r1e-12	dense_scrutiny	captured	refused_blocked	ok	0	3e4d407523797685cee7942e64a6131af391580f0de6b332dfeb070786372f70	e0ffe8af306a31011c4bb706f211b4d318c9ad3550ddadaab2503e8247efd679	-	e3b0c44298fc1c149afbf4c8996fb92427ae41e4649b934ca495991b7852b855
RF-SKEW-T-PIN-OFF-122-r1e-12	dense_scrutiny	typed	refused_blocked	ok	0	fed765a5d7fd0247a31be5a2b188d2e98b0fd91e3d185382c72ca49265a75fc5	e4437ec606c250e4afd9072afd9e8bf37a2ac80818503e1f5e8f0da77f1c8c0d	-	e3b0c44298fc1c149afbf4c8996fb92427ae41e4649b934ca495991b7852b855
RF-SKEW-T-PIN-OFF-122-r1e-12	sparse_interactive	captured	solved	ok	0	71273f961d0cf73b746ff4cfe56bf2864f82ba04b7ee913a5217065c262f8725	44eaca99e97cb4b860dc1602ec1a965ab37bd48cd437957192e370570a9ff484	-	e3b0c44298fc1c149afbf4c8996fb92427ae41e4649b934ca495991b7852b855
RF-SKEW-T-PIN-OFF-122-r1e-12	sparse_interactive	typed	solved	ok	0	d281ef833665c61409e616b608c981e86a3864ffb13fefe82f16e86ff35912ad	860903d8bc02b4ba85154e8a9fac57f781b6206bd9d4f538d9e815ee858d7db1	-	e3b0c44298fc1c149afbf4c8996fb92427ae41e4649b934ca495991b7852b855
RF-SKEW-T-PIN-OFF-345-r1e-04	dense_scrutiny	captured	solved	ok	0	ab0f5012e17397b5c86c936f6a6d0f90342ab2b03e52013c69b966c89498dcbc	0aefd9a1b22f8eafee99be75c272d81bd7ec1fb7d47b4b3516f36f50155ec651	-	e3b0c44298fc1c149afbf4c8996fb92427ae41e4649b934ca495991b7852b855
RF-SKEW-T-PIN-OFF-345-r1e-04	dense_scrutiny	typed	solved	ok	0	ab0f5012e17397b5c86c936f6a6d0f90342ab2b03e52013c69b966c89498dcbc	0aefd9a1b22f8eafee99be75c272d81bd7ec1fb7d47b4b3516f36f50155ec651	-	e3b0c44298fc1c149afbf4c8996fb92427ae41e4649b934ca495991b7852b855
RF-SKEW-T-PIN-OFF-345-r1e-04	sparse_interactive	captured	solved	ok	0	92cedd116af8c26f1bc28e11924628d0b1f141925afdf7c25490e84c3b587eb0	62f70dee632e8b5e471dd246f6a408884ab8c1801ec52b04870e4ad973c2f8ee	-	e3b0c44298fc1c149afbf4c8996fb92427ae41e4649b934ca495991b7852b855
RF-SKEW-T-PIN-OFF-345-r1e-04	sparse_interactive	typed	solved	ok	0	92cedd116af8c26f1bc28e11924628d0b1f141925afdf7c25490e84c3b587eb0	62f70dee632e8b5e471dd246f6a408884ab8c1801ec52b04870e4ad973c2f8ee	-	e3b0c44298fc1c149afbf4c8996fb92427ae41e4649b934ca495991b7852b855
RF-SKEW-T-PIN-OFF-345-r1e-08	dense_scrutiny	captured	solved	ok	0	e83ef2f8f99a154981a0ef62b2104360d5dfe9610c3381e1669eef3e15cfd5ba	426389f0633d716d5f3e7d161af5dd2f06276e055b7129c40995b1e3af8c78bf	-	e3b0c44298fc1c149afbf4c8996fb92427ae41e4649b934ca495991b7852b855
RF-SKEW-T-PIN-OFF-345-r1e-08	dense_scrutiny	typed	solved	ok	0	9c8820089649f29dae92cb0510217e4c4a628a24d313a24528b2ff9c32e3abd0	8e2d8c03be334ad13cc99e4380a41ac7696763829127ceac8afbe96d7d286188	-	e3b0c44298fc1c149afbf4c8996fb92427ae41e4649b934ca495991b7852b855
RF-SKEW-T-PIN-OFF-345-r1e-08	sparse_interactive	captured	solved	ok	0	16df31ff89e9cd382ddfa5e33991563ecd427fe3f169547bab13c256753152a0	c1c554dcc5923a3e97bb057873e267cdb8b975e18bd81853f443102240731d18	-	e3b0c44298fc1c149afbf4c8996fb92427ae41e4649b934ca495991b7852b855
RF-SKEW-T-PIN-OFF-345-r1e-08	sparse_interactive	typed	solved	ok	0	39d3b17f696cd63e8ff26db0bb57c7ed1a0cf14bcb3a06c148ca1b6db528dcee	b7e9e88302844f6feef2811c605b1f66631ac93d3f35c19754a4246826c0edb3	-	e3b0c44298fc1c149afbf4c8996fb92427ae41e4649b934ca495991b7852b855
RF-SKEW-T-PIN-OFF-345-r1e-12	dense_scrutiny	captured	solved	ok	0	80e88f5ab8c1ed430ae00164a4f71608ba68acc1fe88548711d4fcac17237cab	1782101b662441d7a9b28bda0196f71f0e83aa30e4f8ef573ecfed5e464b14d6	-	e3b0c44298fc1c149afbf4c8996fb92427ae41e4649b934ca495991b7852b855
RF-SKEW-T-PIN-OFF-345-r1e-12	dense_scrutiny	typed	solved	ok	0	8ff04c767ca9273cd2cd6eb81a8d8d6be3afcbb21a694e1c9c07b2d202db6e70	1729a3d52b925c50eaea5656fb2551d3dd761515d811f50868367bf49d2ad9b6	-	e3b0c44298fc1c149afbf4c8996fb92427ae41e4649b934ca495991b7852b855
RF-SKEW-T-PIN-OFF-345-r1e-12	sparse_interactive	captured	solved	ok	0	8ab1db618e0be9f28da6fb9f993681f3bbc5daca790206319e54142a8cb74581	29f88ae111c2386f0fca77afc868812df8a0fcf0bebf00feb71413f28e4114a1	-	e3b0c44298fc1c149afbf4c8996fb92427ae41e4649b934ca495991b7852b855
RF-SKEW-T-PIN-OFF-345-r1e-12	sparse_interactive	typed	solved	ok	0	c4c95122bd0467b677e3eb158ebed02474bdbda1ee983ec0b1fee2cfa7d5e03b	b78e5afb28a4f2bef40b6a6a1909c7d5e87d62420f9ecd878485abe0b4820972	-	e3b0c44298fc1c149afbf4c8996fb92427ae41e4649b934ca495991b7852b855
RF-WEAK-W-3D-rho1e-04	dense_scrutiny	captured	solved	ok	0	d6ddb56f28f09557362839dccd558c95d08c4867350fa100eae5ce71bffdb743	8f35745b1c1064a8aa75465d3de0982e75083b8bd0d611da59bf1bb51843ab5e	-	e3b0c44298fc1c149afbf4c8996fb92427ae41e4649b934ca495991b7852b855
RF-WEAK-W-3D-rho1e-04	dense_scrutiny	typed	solved	ok	0	d6ddb56f28f09557362839dccd558c95d08c4867350fa100eae5ce71bffdb743	8f35745b1c1064a8aa75465d3de0982e75083b8bd0d611da59bf1bb51843ab5e	-	e3b0c44298fc1c149afbf4c8996fb92427ae41e4649b934ca495991b7852b855
RF-WEAK-W-3D-rho1e-04	sparse_interactive	captured	solved	ok	0	d00ec248cb858c77f7968c1a34d487eb0fcd80cdab26ebbc1b43452c46410b9f	c62361b00d66f6ee8090d31a6af8959e8d853e98c0fdda5128ecb4b85eaa37d8	-	e3b0c44298fc1c149afbf4c8996fb92427ae41e4649b934ca495991b7852b855
RF-WEAK-W-3D-rho1e-04	sparse_interactive	typed	solved	ok	0	d00ec248cb858c77f7968c1a34d487eb0fcd80cdab26ebbc1b43452c46410b9f	c62361b00d66f6ee8090d31a6af8959e8d853e98c0fdda5128ecb4b85eaa37d8	-	e3b0c44298fc1c149afbf4c8996fb92427ae41e4649b934ca495991b7852b855
RF-WEAK-W-3D-rho1e-08	dense_scrutiny	captured	solved	ok	0	21bad601f06dc0721acb0a70365a4df7ab5a5e4feefaa4e3ef309a242b69727a	191bea676080cb239318707abc3cb31399f86685b993f3bdda8e1e3c1345f5f7	-	e3b0c44298fc1c149afbf4c8996fb92427ae41e4649b934ca495991b7852b855
RF-WEAK-W-3D-rho1e-08	dense_scrutiny	typed	solved	ok	0	21bad601f06dc0721acb0a70365a4df7ab5a5e4feefaa4e3ef309a242b69727a	191bea676080cb239318707abc3cb31399f86685b993f3bdda8e1e3c1345f5f7	-	e3b0c44298fc1c149afbf4c8996fb92427ae41e4649b934ca495991b7852b855
RF-WEAK-W-3D-rho1e-08	sparse_interactive	captured	solved	ok	0	b7542aff6cd632022ea0c8bfaf6d6350b9173e7e69c694100e4b601142c9a624	bcb43fb096cc7f9b3c6c999aedd34203a557d13307b83862297ce4c16d8ca72a	-	e3b0c44298fc1c149afbf4c8996fb92427ae41e4649b934ca495991b7852b855
RF-WEAK-W-3D-rho1e-08	sparse_interactive	typed	solved	ok	0	b7542aff6cd632022ea0c8bfaf6d6350b9173e7e69c694100e4b601142c9a624	bcb43fb096cc7f9b3c6c999aedd34203a557d13307b83862297ce4c16d8ca72a	-	e3b0c44298fc1c149afbf4c8996fb92427ae41e4649b934ca495991b7852b855
RF-WEAK-W-3D-rho1e-12	dense_scrutiny	captured	solved	ok	0	0b9c9568a8e34d2c09b9822a22bba1770591e47c96cc24ff81ddb57dadc440d2	fb49d2fde0ef429e41015a74a6c0531d258b290a87212a6af20dc99762a6aee9	-	e3b0c44298fc1c149afbf4c8996fb92427ae41e4649b934ca495991b7852b855
RF-WEAK-W-3D-rho1e-12	dense_scrutiny	typed	solved	ok	0	0b9c9568a8e34d2c09b9822a22bba1770591e47c96cc24ff81ddb57dadc440d2	fb49d2fde0ef429e41015a74a6c0531d258b290a87212a6af20dc99762a6aee9	-	e3b0c44298fc1c149afbf4c8996fb92427ae41e4649b934ca495991b7852b855
RF-WEAK-W-3D-rho1e-12	sparse_interactive	captured	solved	ok	0	8aca0903f07b6be7a33b684946d9c18865261afd849326527f788f25a1c4bc82	fad9675dae7fc71b11897d187a7baccd70a48ba1aba6d216bffdad8dda938528	-	e3b0c44298fc1c149afbf4c8996fb92427ae41e4649b934ca495991b7852b855
RF-WEAK-W-3D-rho1e-12	sparse_interactive	typed	solved	ok	0	8aca0903f07b6be7a33b684946d9c18865261afd849326527f788f25a1c4bc82	fad9675dae7fc71b11897d187a7baccd70a48ba1aba6d216bffdad8dda938528	-	e3b0c44298fc1c149afbf4c8996fb92427ae41e4649b934ca495991b7852b855
RF-WEAK-W-AX-rho1e-04	dense_scrutiny	captured	solved	ok	0	948331b94bb3975506134c75d7acbb96b6b34a1d3acd1dfd16b9a704b9abb671	d259c00ff0fc6a4b79e33d92be25a8b577d8eebad65b7ff848d7db28f4d564df	-	e3b0c44298fc1c149afbf4c8996fb92427ae41e4649b934ca495991b7852b855
RF-WEAK-W-AX-rho1e-04	dense_scrutiny	typed	solved	ok	0	948331b94bb3975506134c75d7acbb96b6b34a1d3acd1dfd16b9a704b9abb671	d259c00ff0fc6a4b79e33d92be25a8b577d8eebad65b7ff848d7db28f4d564df	-	e3b0c44298fc1c149afbf4c8996fb92427ae41e4649b934ca495991b7852b855
RF-WEAK-W-AX-rho1e-04	sparse_interactive	captured	solved	ok	0	d6592a578ef6520e5cd2b8d77e23644653c1500112f43aac589d6e7ed4114bb2	3f40e5b06a912e9cce3cdb46cef0d82d726895de62da7ef21fa92b2db469b628	-	e3b0c44298fc1c149afbf4c8996fb92427ae41e4649b934ca495991b7852b855
RF-WEAK-W-AX-rho1e-04	sparse_interactive	typed	solved	ok	0	d6592a578ef6520e5cd2b8d77e23644653c1500112f43aac589d6e7ed4114bb2	3f40e5b06a912e9cce3cdb46cef0d82d726895de62da7ef21fa92b2db469b628	-	e3b0c44298fc1c149afbf4c8996fb92427ae41e4649b934ca495991b7852b855
RF-WEAK-W-AX-rho1e-08	dense_scrutiny	captured	solved	ok	0	89f1876f3af2c08159d0fa5fa9b94d0b2f8a6e8c4184471b1c84ceded19e58d6	7c6f31413960a0ee6a679973e49b58414abaf407154a114a938a59b65ae30e43	-	e3b0c44298fc1c149afbf4c8996fb92427ae41e4649b934ca495991b7852b855
RF-WEAK-W-AX-rho1e-08	dense_scrutiny	typed	solved	ok	0	89f1876f3af2c08159d0fa5fa9b94d0b2f8a6e8c4184471b1c84ceded19e58d6	7c6f31413960a0ee6a679973e49b58414abaf407154a114a938a59b65ae30e43	-	e3b0c44298fc1c149afbf4c8996fb92427ae41e4649b934ca495991b7852b855
RF-WEAK-W-AX-rho1e-08	sparse_interactive	captured	solved	ok	0	be6fab21c85eabd910f9b07c34a357c17ffe8ecfb2dcb8f90d4eb544daa5fa41	04304eebfcaac5f654c95e5f56a7ee5217484ed8f49172b23738d2a95bc539cc	-	e3b0c44298fc1c149afbf4c8996fb92427ae41e4649b934ca495991b7852b855
RF-WEAK-W-AX-rho1e-08	sparse_interactive	typed	solved	ok	0	be6fab21c85eabd910f9b07c34a357c17ffe8ecfb2dcb8f90d4eb544daa5fa41	04304eebfcaac5f654c95e5f56a7ee5217484ed8f49172b23738d2a95bc539cc	-	e3b0c44298fc1c149afbf4c8996fb92427ae41e4649b934ca495991b7852b855
RF-WEAK-W-AX-rho1e-12	dense_scrutiny	captured	solved	ok	0	abbf39135e4673900491f927be091223190261f004636d16bc194d2a1e82a57e	1e88f386dfd2e58d0cba1fa90199384977a977ca41afd209f2e45f45963912df	-	e3b0c44298fc1c149afbf4c8996fb92427ae41e4649b934ca495991b7852b855
RF-WEAK-W-AX-rho1e-12	dense_scrutiny	typed	solved	ok	0	abbf39135e4673900491f927be091223190261f004636d16bc194d2a1e82a57e	1e88f386dfd2e58d0cba1fa90199384977a977ca41afd209f2e45f45963912df	-	e3b0c44298fc1c149afbf4c8996fb92427ae41e4649b934ca495991b7852b855
RF-WEAK-W-AX-rho1e-12	sparse_interactive	captured	solved	ok	0	1c5557f1546d58cd37a86d930163209a32c23f9f46cfd19c26f04e09120ebda1	86cb1c14eec259600f9abe3b479ab3bd59f6184f61cf33b995b7c74458238709	-	e3b0c44298fc1c149afbf4c8996fb92427ae41e4649b934ca495991b7852b855
RF-WEAK-W-AX-rho1e-12	sparse_interactive	typed	solved	ok	0	1c5557f1546d58cd37a86d930163209a32c23f9f46cfd19c26f04e09120ebda1	86cb1c14eec259600f9abe3b479ab3bd59f6184f61cf33b995b7c74458238709	-	e3b0c44298fc1c149afbf4c8996fb92427ae41e4649b934ca495991b7852b855
RF-WEAK-W-L-r1e-04	dense_scrutiny	captured	solved	ok	0	79abfb5b16c1f6f2f4f9ca1b755d489923fe45065baf76d76f4c5edd991ae509	0b49a848ca5dd85701e014d506be3d288c4a64d830ad71fc96fbbf1fb9e387d8	-	e3b0c44298fc1c149afbf4c8996fb92427ae41e4649b934ca495991b7852b855
RF-WEAK-W-L-r1e-04	dense_scrutiny	typed	solved	ok	0	79abfb5b16c1f6f2f4f9ca1b755d489923fe45065baf76d76f4c5edd991ae509	0b49a848ca5dd85701e014d506be3d288c4a64d830ad71fc96fbbf1fb9e387d8	-	e3b0c44298fc1c149afbf4c8996fb92427ae41e4649b934ca495991b7852b855
RF-WEAK-W-L-r1e-04	sparse_interactive	captured	solved	ok	0	fe30612a70f78f8fb14c5e7a2bfb1bf1d133197ac8f922ca2533e69bfee55ecb	eb50096d470074ff75767a015b4d455148db9ab3eb87e160742f33a4ac19ae8e	-	e3b0c44298fc1c149afbf4c8996fb92427ae41e4649b934ca495991b7852b855
RF-WEAK-W-L-r1e-04	sparse_interactive	typed	solved	ok	0	fe30612a70f78f8fb14c5e7a2bfb1bf1d133197ac8f922ca2533e69bfee55ecb	eb50096d470074ff75767a015b4d455148db9ab3eb87e160742f33a4ac19ae8e	-	e3b0c44298fc1c149afbf4c8996fb92427ae41e4649b934ca495991b7852b855
RF-WEAK-W-L-r1e-08	dense_scrutiny	captured	solved	ok	0	cb646dd2bdc0f78ceaa294dcb0204a88583b8d4fc0a3eda1001677b9cd318964	ded8dead38cdfc43849e965284c4a11094e8f2d1e2e61b948ec4abe205e78c47	-	e3b0c44298fc1c149afbf4c8996fb92427ae41e4649b934ca495991b7852b855
RF-WEAK-W-L-r1e-08	dense_scrutiny	typed	solved	ok	0	bcf1cdc97243ac8af55fae12327013c40af8cf05eab84d8e837697691c4856ad	8f19b067ee5e16eeb1c799d485fe7b4ed6bbb3b54758326537083b7bb3a36996	-	e3b0c44298fc1c149afbf4c8996fb92427ae41e4649b934ca495991b7852b855
RF-WEAK-W-L-r1e-08	sparse_interactive	captured	solved	ok	0	f6f63750a2f0cca447efa805424934714e0b3e476a495de586e043f257f81009	72b3558550da638882b389afe4b1276d750ae09cd2ebc1add2e0bf1742cf8d68	-	e3b0c44298fc1c149afbf4c8996fb92427ae41e4649b934ca495991b7852b855
RF-WEAK-W-L-r1e-08	sparse_interactive	typed	solved	ok	0	c144b9cec56120f0f055d7ae275ca2d754bec8b7faf8ac9b57944bd31c8be214	9dde97d8c97d7dc8e47dbae827eb70bbcb156b2b5a4a1f3dacadb2f5c4fce73f	-	e3b0c44298fc1c149afbf4c8996fb92427ae41e4649b934ca495991b7852b855
RF-WEAK-W-L-r1e-12	dense_scrutiny	captured	refused_blocked	ok	0	d2db9eeb423b2ca75e464dc4c88ef87cbdcac4e6aadf7404e0cc0a60b9b26471	5d72bb27c1f10df8a1e93d963c1b1385697f7e8bfc14f0ec3b9173f9b543d3df	-	e3b0c44298fc1c149afbf4c8996fb92427ae41e4649b934ca495991b7852b855
RF-WEAK-W-L-r1e-12	dense_scrutiny	typed	refused_blocked	ok	0	836de0cb56ded9a495eabc48d2e9110d52f63e1ca254c1839488750724b9bc5f	c8c54aace30259a2a74df3068d44251c27587a76c711161f25a938dc2ebb74f3	-	e3b0c44298fc1c149afbf4c8996fb92427ae41e4649b934ca495991b7852b855
RF-WEAK-W-L-r1e-12	sparse_interactive	captured	solved	ok	0	45fbe7b2c07a1f8bc713c94c796397ff2b942b69153aa511c5352e03a9f666c7	61e6f65f2d49017609ae7a0a229f0ff2af6931cf2545c223e5561b4a10bb84b3	-	e3b0c44298fc1c149afbf4c8996fb92427ae41e4649b934ca495991b7852b855
RF-WEAK-W-L-r1e-12	sparse_interactive	typed	solved	ok	0	22f53f877cdd2f6ddfe5b5d2e2dfc9e182e4b6eae50839db5585209b33db63aa	706e7f6b19bbffa68f083b8e688b79ed3bdcaa0b71f1c83327f3b60b8520bd02	-	e3b0c44298fc1c149afbf4c8996fb92427ae41e4649b934ca495991b7852b855
RF-ZERO-PLANAR	dense_scrutiny	captured	solved	ok	0	d2a6ed7a937b55c0b886b1d03d45d3cf50929f56aae16dea4f8c00b7dbb9edab	404580a2f606e0dcd630fc7494c5498a63b00d6137c03a2fc88765e3edcaef16	-	e3b0c44298fc1c149afbf4c8996fb92427ae41e4649b934ca495991b7852b855
RF-ZERO-PLANAR	dense_scrutiny	typed	solved	ok	0	d2a6ed7a937b55c0b886b1d03d45d3cf50929f56aae16dea4f8c00b7dbb9edab	404580a2f606e0dcd630fc7494c5498a63b00d6137c03a2fc88765e3edcaef16	-	e3b0c44298fc1c149afbf4c8996fb92427ae41e4649b934ca495991b7852b855
RF-ZERO-PLANAR	sparse_interactive	captured	solved	ok	0	ef7b1bb2163c92101bb533b9583436bc7a58cc86a7fa8ada46f68743d53599b2	b3e184bcae87de25dabf013f17092b0c2871c4bc2992eb522f563729754f7ce2	-	e3b0c44298fc1c149afbf4c8996fb92427ae41e4649b934ca495991b7852b855
RF-ZERO-PLANAR	sparse_interactive	typed	solved	ok	0	ef7b1bb2163c92101bb533b9583436bc7a58cc86a7fa8ada46f68743d53599b2	b3e184bcae87de25dabf013f17092b0c2871c4bc2992eb522f563729754f7ce2	-	e3b0c44298fc1c149afbf4c8996fb92427ae41e4649b934ca495991b7852b855
RF-ZERO-SYM	dense_scrutiny	captured	solved	ok	0	6176bba469f334fef69e925e80f4866d5ab6832e83acf79e326cf02c47ae57f9	2dfbbd4a5c0977d26603c027c1ea039da82b184a81655ec9373ed0c042645a4a	-	e3b0c44298fc1c149afbf4c8996fb92427ae41e4649b934ca495991b7852b855
RF-ZERO-SYM	dense_scrutiny	typed	solved	ok	0	6176bba469f334fef69e925e80f4866d5ab6832e83acf79e326cf02c47ae57f9	2dfbbd4a5c0977d26603c027c1ea039da82b184a81655ec9373ed0c042645a4a	-	e3b0c44298fc1c149afbf4c8996fb92427ae41e4649b934ca495991b7852b855
RF-ZERO-SYM	sparse_interactive	captured	solved	ok	0	ba74cf98ada7d65004964ba8178cf5101b45ebaf2aae2c37eff3924ffc011f90	23c3b63b94ea9833597d6aeb825f4f1e42b0d2a70c55dab6a56c1f6f6fbea023	-	e3b0c44298fc1c149afbf4c8996fb92427ae41e4649b934ca495991b7852b855
RF-ZERO-SYM	sparse_interactive	typed	solved	ok	0	ba74cf98ada7d65004964ba8178cf5101b45ebaf2aae2c37eff3924ffc011f90	23c3b63b94ea9833597d6aeb825f4f1e42b0d2a70c55dab6a56c1f6f6fbea023	-	e3b0c44298fc1c149afbf4c8996fb92427ae41e4649b934ca495991b7852b855
RF-ZERO-TINY	dense_scrutiny	captured	solved	ok	0	40646bd438e9b283ed39869e968c379c9013305a43ffeb1131434c6cd35f0d61	f778568bcd9c3607a2a786d62320cac1cda948e77660fd83f03f6f2edc3e08dd	-	e3b0c44298fc1c149afbf4c8996fb92427ae41e4649b934ca495991b7852b855
RF-ZERO-TINY	dense_scrutiny	typed	solved	ok	0	40646bd438e9b283ed39869e968c379c9013305a43ffeb1131434c6cd35f0d61	f778568bcd9c3607a2a786d62320cac1cda948e77660fd83f03f6f2edc3e08dd	-	e3b0c44298fc1c149afbf4c8996fb92427ae41e4649b934ca495991b7852b855
RF-ZERO-TINY	sparse_interactive	captured	solved	ok	0	61ca03d7d87a05d8e61cd31fe96d6ec3a7321093b88b09cb24e184de8bd16536	470b7565529d8c80e00268fe044f63750dff9d9630ac60b8a35afb0ede98396b	-	e3b0c44298fc1c149afbf4c8996fb92427ae41e4649b934ca495991b7852b855
RF-ZERO-TINY	sparse_interactive	typed	solved	ok	0	61ca03d7d87a05d8e61cd31fe96d6ec3a7321093b88b09cb24e184de8bd16536	470b7565529d8c80e00268fe044f63750dff9d9630ac60b8a35afb0ede98396b	-	e3b0c44298fc1c149afbf4c8996fb92427ae41e4649b934ca495991b7852b855
RF-ZERO-TORSION	dense_scrutiny	captured	solved	ok	0	1247cf0286b36f262ff2bc514d19a4d38c13963b77bb82fa412f84c782ef8916	216d025fb6e5520ed0ac662be0969fde8abe6353080b95d70c1dcb97150ccf64	-	e3b0c44298fc1c149afbf4c8996fb92427ae41e4649b934ca495991b7852b855
RF-ZERO-TORSION	dense_scrutiny	typed	solved	ok	0	1247cf0286b36f262ff2bc514d19a4d38c13963b77bb82fa412f84c782ef8916	216d025fb6e5520ed0ac662be0969fde8abe6353080b95d70c1dcb97150ccf64	-	e3b0c44298fc1c149afbf4c8996fb92427ae41e4649b934ca495991b7852b855
RF-ZERO-TORSION	sparse_interactive	captured	solved	ok	0	75a890529b95bfe2b692b9f52ce7bb25cdaaa7f7108eea3950c6a393b3b06b06	89e0b30c883ac66c531ce792db003e2632e6b663614c11c20709e4ca0927ac45	-	e3b0c44298fc1c149afbf4c8996fb92427ae41e4649b934ca495991b7852b855
RF-ZERO-TORSION	sparse_interactive	typed	solved	ok	0	75a890529b95bfe2b692b9f52ce7bb25cdaaa7f7108eea3950c6a393b3b06b06	89e0b30c883ac66c531ce792db003e2632e6b663614c11c20709e4ca0927ac45	-	e3b0c44298fc1c149afbf4c8996fb92427ae41e4649b934ca495991b7852b855
S11-PROBE-A-G1e5	dense_scrutiny	captured	solved	ok	0	0c96140886456661dc532ba050a5238ee14694c26c91eb3b2e5f8b4afe5bdb0f	6f8504fcae96bb13514f6b118fbd34ad2ce314686859f290d65dca8a8301ca57	-	e3b0c44298fc1c149afbf4c8996fb92427ae41e4649b934ca495991b7852b855
S11-PROBE-A-G1e5	dense_scrutiny	typed	solved	ok	0	0c96140886456661dc532ba050a5238ee14694c26c91eb3b2e5f8b4afe5bdb0f	6f8504fcae96bb13514f6b118fbd34ad2ce314686859f290d65dca8a8301ca57	-	e3b0c44298fc1c149afbf4c8996fb92427ae41e4649b934ca495991b7852b855
S11-PROBE-A-G1e5	sparse_interactive	captured	solved	ok	0	909c45589438c3cdb1dc4a71a7b95549c8bea4474fa0bd1120261f5820c23099	b8769c1f4e1c58a51a265aac81899fe0eb6538691782f4e0d7241f81ed93bb42	-	e3b0c44298fc1c149afbf4c8996fb92427ae41e4649b934ca495991b7852b855
S11-PROBE-A-G1e5	sparse_interactive	typed	solved	ok	0	909c45589438c3cdb1dc4a71a7b95549c8bea4474fa0bd1120261f5820c23099	b8769c1f4e1c58a51a265aac81899fe0eb6538691782f4e0d7241f81ed93bb42	-	e3b0c44298fc1c149afbf4c8996fb92427ae41e4649b934ca495991b7852b855
S11-PROBE-A-G1e6	dense_scrutiny	captured	solved	ok	0	0c96140886456661dc532ba050a5238ee14694c26c91eb3b2e5f8b4afe5bdb0f	1e38d7f0520086f62dda985bd67e201dae5a06fd0ab77b8da884432fcbc3511b	-	e3b0c44298fc1c149afbf4c8996fb92427ae41e4649b934ca495991b7852b855
S11-PROBE-A-G1e6	dense_scrutiny	typed	solved	ok	0	0c96140886456661dc532ba050a5238ee14694c26c91eb3b2e5f8b4afe5bdb0f	1e38d7f0520086f62dda985bd67e201dae5a06fd0ab77b8da884432fcbc3511b	-	e3b0c44298fc1c149afbf4c8996fb92427ae41e4649b934ca495991b7852b855
S11-PROBE-A-G1e6	sparse_interactive	captured	solved	ok	0	909c45589438c3cdb1dc4a71a7b95549c8bea4474fa0bd1120261f5820c23099	e4c51e30b8fe11657cca6d8b1791cabbb3b4ab0c088d78f7d1fc1237d738bc88	-	e3b0c44298fc1c149afbf4c8996fb92427ae41e4649b934ca495991b7852b855
S11-PROBE-A-G1e6	sparse_interactive	typed	solved	ok	0	909c45589438c3cdb1dc4a71a7b95549c8bea4474fa0bd1120261f5820c23099	e4c51e30b8fe11657cca6d8b1791cabbb3b4ab0c088d78f7d1fc1237d738bc88	-	e3b0c44298fc1c149afbf4c8996fb92427ae41e4649b934ca495991b7852b855
S11-PROBE-A-G1e7	dense_scrutiny	captured	solved	ok	0	0c96140886456661dc532ba050a5238ee14694c26c91eb3b2e5f8b4afe5bdb0f	c11f308b11537bb192725ecc7c7a12c05e6dc337775ff63a649ecccfadea4cb1	-	e3b0c44298fc1c149afbf4c8996fb92427ae41e4649b934ca495991b7852b855
S11-PROBE-A-G1e7	dense_scrutiny	typed	solved	ok	0	0c96140886456661dc532ba050a5238ee14694c26c91eb3b2e5f8b4afe5bdb0f	c11f308b11537bb192725ecc7c7a12c05e6dc337775ff63a649ecccfadea4cb1	-	e3b0c44298fc1c149afbf4c8996fb92427ae41e4649b934ca495991b7852b855
S11-PROBE-A-G1e7	sparse_interactive	captured	solved	ok	0	909c45589438c3cdb1dc4a71a7b95549c8bea4474fa0bd1120261f5820c23099	3cd1b872478c579a639be15e07a510cdd56565c4ed18210255aa61f5afe833c9	-	e3b0c44298fc1c149afbf4c8996fb92427ae41e4649b934ca495991b7852b855
S11-PROBE-A-G1e7	sparse_interactive	typed	solved	ok	0	909c45589438c3cdb1dc4a71a7b95549c8bea4474fa0bd1120261f5820c23099	3cd1b872478c579a639be15e07a510cdd56565c4ed18210255aa61f5afe833c9	-	e3b0c44298fc1c149afbf4c8996fb92427ae41e4649b934ca495991b7852b855
S11-PROBE-A-G1e8	dense_scrutiny	captured	solved	ok	0	0c96140886456661dc532ba050a5238ee14694c26c91eb3b2e5f8b4afe5bdb0f	62fb7a56240ba35f68792cd916028b33ea7eb2650c7816c0af410e73f115a66d	-	e3b0c44298fc1c149afbf4c8996fb92427ae41e4649b934ca495991b7852b855
S11-PROBE-A-G1e8	dense_scrutiny	typed	solved	ok	0	0c96140886456661dc532ba050a5238ee14694c26c91eb3b2e5f8b4afe5bdb0f	62fb7a56240ba35f68792cd916028b33ea7eb2650c7816c0af410e73f115a66d	-	e3b0c44298fc1c149afbf4c8996fb92427ae41e4649b934ca495991b7852b855
S11-PROBE-A-G1e8	sparse_interactive	captured	solved	ok	0	909c45589438c3cdb1dc4a71a7b95549c8bea4474fa0bd1120261f5820c23099	3b0ebf5bf2e915434cca7a93e66932afa41bdb39c3e0c4c1b6bc529223589776	-	e3b0c44298fc1c149afbf4c8996fb92427ae41e4649b934ca495991b7852b855
S11-PROBE-A-G1e8	sparse_interactive	typed	solved	ok	0	909c45589438c3cdb1dc4a71a7b95549c8bea4474fa0bd1120261f5820c23099	3b0ebf5bf2e915434cca7a93e66932afa41bdb39c3e0c4c1b6bc529223589776	-	e3b0c44298fc1c149afbf4c8996fb92427ae41e4649b934ca495991b7852b855
V1-CHECK-L-MIXED	dense_scrutiny	captured	refused_capture	ERR	0	-	-	8bdc81187827a50ff3f016f7bb05fcece3732297e94f9a1bdb3f1fd28352d365	e3b0c44298fc1c149afbf4c8996fb92427ae41e4649b934ca495991b7852b855
V1-CHECK-L-MIXED	dense_scrutiny	typed	solved	ok	0	843ce67d4c0dbedc222362a3f921ad869e169c2c0577b3b0dc9b8cfb96b16a5d	a101f3b015d6502450d98f402d17dd498d34d6318d695b61b6504a68a1590ea9	-	e3b0c44298fc1c149afbf4c8996fb92427ae41e4649b934ca495991b7852b855
V1-CHECK-L-MIXED	sparse_interactive	captured	refused_capture	ERR	0	-	-	8bdc81187827a50ff3f016f7bb05fcece3732297e94f9a1bdb3f1fd28352d365	e3b0c44298fc1c149afbf4c8996fb92427ae41e4649b934ca495991b7852b855
V1-CHECK-L-MIXED	sparse_interactive	typed	solved	ok	0	3ae3a2e047e231f7b24b1b2bf7770bb6a62497364fe5682b312ddc641ea2d4be	1a71395690baa80ab31dc9998eaa23af3d2198036036c3f2d26e235b46fe16d8	-	e3b0c44298fc1c149afbf4c8996fb92427ae41e4649b934ca495991b7852b855
V1-CHECK-L-ONLY	dense_scrutiny	captured	refused_capture	ERR	0	-	-	8bdc81187827a50ff3f016f7bb05fcece3732297e94f9a1bdb3f1fd28352d365	e3b0c44298fc1c149afbf4c8996fb92427ae41e4649b934ca495991b7852b855
V1-CHECK-L-ONLY	dense_scrutiny	typed	solved	ok	0	9e744282ea5d2115b0a2f13066eaa440ae4061cfa4dee65735bf79d1b2a06235	e2aa0e805954bc3dd2df16cb9cb5278fd38512c90369382f3feb4c4446173d69	-	e3b0c44298fc1c149afbf4c8996fb92427ae41e4649b934ca495991b7852b855
V1-CHECK-L-ONLY	sparse_interactive	captured	refused_capture	ERR	0	-	-	8bdc81187827a50ff3f016f7bb05fcece3732297e94f9a1bdb3f1fd28352d365	e3b0c44298fc1c149afbf4c8996fb92427ae41e4649b934ca495991b7852b855
V1-CHECK-L-ONLY	sparse_interactive	typed	solved	ok	0	76c5f4f23e0ee0958a18a303f1a6cab4af15104a655f042d00015233afe2fd4c	e4e5fd36fef462fc9323fe0cddae451b8b1841ebf5e2df16baf7e7154fb00ccc	-	e3b0c44298fc1c149afbf4c8996fb92427ae41e4649b934ca495991b7852b855
