                 U _CCRandomGenerateBytes
                 U __NSGetArgc
                 U __NSGetArgv
                 U __NSGetEnviron
                 U __Unwind_Backtrace
                 U __Unwind_DeleteException
                 U __Unwind_GetDataRelBase
                 U __Unwind_GetIP
                 U __Unwind_GetIPInfo
                 U __Unwind_GetLanguageSpecificData
                 U __Unwind_GetRegionStart
                 U __Unwind_GetTextRelBase
                 U __Unwind_RaiseException
                 U __Unwind_Resume
                 U __Unwind_SetGR
                 U __Unwind_SetIP
                 U ___error
                 U __dyld_get_image_header
                 U __dyld_get_image_name
                 U __dyld_get_image_vmaddr_slide
                 U __dyld_image_count
                 U __exit
                 U __tlv_atexit
                 U __tlv_bootstrap
                 U _abort
                 U _bzero
                 U _calloc
                 U _chdir
                 U _chroot
                 U _clock_gettime
                 U _close
                 U _closedir
                 U _dirfd
                 U _dispatch_release
                 U _dispatch_semaphore_create
                 U _dispatch_semaphore_signal
                 U _dispatch_semaphore_wait
                 U _dispatch_time
                 U _dlsym
                 U _dup
                 U _dup2
                 U _execvp
                 U _exit
                 U _fcntl
                 U _fmod
                 U _fork
                 U _free
                 U _fstat
                 U _getcwd
                 U _getenv
                 U _getpwuid_r
                 U _getuid
                 U _ioctl
                 U _isatty
                 U _lseek
                 U _malloc
                 U _memcmp
                 U _memcpy
                 U _memmove
                 U _memset
                 U _mmap
                 U _mprotect
                 U _munmap
                 U _open
                 U _opendir
                 U _pause
                 U _pipe
                 U _poll
                 U _posix_memalign
                 U _posix_spawn_file_actions_adddup2
                 U _posix_spawn_file_actions_destroy
                 U _posix_spawn_file_actions_init
                 U _posix_spawnattr_destroy
                 U _posix_spawnattr_init
                 U _posix_spawnattr_setflags
                 U _posix_spawnattr_setpgroup
                 U _posix_spawnattr_setsigdefault
                 U _posix_spawnp
                 U _pthread_attr_destroy
                 U _pthread_attr_init
                 U _pthread_attr_setstacksize
                 U _pthread_create
                 U _pthread_detach
                 U _pthread_get_stackaddr_np
                 U _pthread_get_stacksize_np
                 U _pthread_join
                 U _pthread_mutex_destroy
                 U _pthread_mutex_init
                 U _pthread_mutex_lock
                 U _pthread_mutex_trylock
                 U _pthread_mutex_unlock
                 U _pthread_mutexattr_destroy
                 U _pthread_mutexattr_init
                 U _pthread_mutexattr_settype
                 U _pthread_self
                 U _pthread_setname_np
                 U _pthread_threadid_np
                 U _read
                 U _readdir_r
                 U _readv
                 U _realloc
                 U _sched_yield
                 U _setgid
                 U _setgroups
                 U _setpgid
                 U _setsid
                 U _setuid
                 U _sigaction
                 U _sigaddset
                 U _sigaltstack
                 U _sigemptyset
                 U _signal
                 U _stat
                 U _strerror_r
                 U _strlen
                 U _sysconf
                 U _waitpid
                 U _write
                 U _writev
                 U dyld_stub_binder
0000000100000000 T __mh_execute_header
0000000100000888 t __RINvCs3O4ZRUMviTO_4test18assert_test_resultuECsfte4izoMjk9_3rcm
000000010000093c t __RINvMNtNtCsgtPOCBgevO_4core3fmt2rtNtB3_8Argument9new_debugRINtNtCslJsSqIQKwiA_5alloc3vec3VecIBW_jEEECsfte4izoMjk9_3rcm
0000000100000968 t __RINvMs2_NtCsgtPOCBgevO_4core3fmtNtB6_9Arguments3newKjd_Kj2_ECsfte4izoMjk9_3rcm
0000000100000984 t __RINvMsj_NtCslJsSqIQKwiA_5alloc3vecINtB6_3VecIBx_jEE14extend_trustedINtNtNtNtCsgtPOCBgevO_4core4iter8adapters3map3MapINtNtNtB1c_3ops5range5RangejENCNvCsfte4izoMjk9_3rcms_56k4s_rcm_equals_sparse_directs_on_seeded_synthetic_graphs0EEB2n_
0000000100000aa8 t __RINvMsj_NtCslJsSqIQKwiA_5alloc3vecINtB6_3VecIBx_jEE14extend_trustedINtNtNtNtCsgtPOCBgevO_4core4iter8adapters3map3MapINtNtNtB1c_3ops5range5RangejENCNvCsfte4izoMjk9_3rcms_56k4s_rcm_equals_sparse_directs_on_seeded_synthetic_graphss0_0EEB2n_
0000000100000bcc t __RINvMsj_NtCslJsSqIQKwiA_5alloc3vecINtB6_3VecIBx_jEE14extend_trustedINtNtNtNtCsgtPOCBgevO_4core4iter8adapters3map3MapINtNtNtB1c_3ops5range5RangelENCNvCsfte4izoMjk9_3rcms_56k4s_rcm_equals_sparse_directs_on_seeded_synthetic_graphss_0EEB2n_
0000000100000cf0 t __RINvNtCsa9BKTri5B3M_3std2rt10lang_startuECsfte4izoMjk9_3rcm
0000000100000d50 t __RINvNtCsgtPOCBgevO_4core3ptr9drop_glueINtNtCslJsSqIQKwiA_5alloc3vec3VecIBB_IBB_jEEEECsfte4izoMjk9_3rcm
0000000100000dac t __RINvNtCsgtPOCBgevO_4core3ptr9drop_glueINtNtCslJsSqIQKwiA_5alloc5boxed3BoxINtNtNtB4_3mem12maybe_uninit11MaybeUninitAjj1_EEECsfte4izoMjk9_3rcm
0000000100000dd8 t __RINvNtCsgtPOCBgevO_4core3ptr9drop_glueINtNtCslJsSqIQKwiA_5alloc7raw_vec6RawVecINtNtBF_3vec3VecIB1f_jEEEECsfte4izoMjk9_3rcm
0000000100000dfc t __RINvNtCsgtPOCBgevO_4core3ptr9drop_glueNCINvMsj_NtCslJsSqIQKwiA_5alloc3vecINtBJ_3VecIB1a_jEE14extend_trustedINtNtNtNtB4_4iter8adapters3map3MapINtNtNtB4_3ops5range5RangejENCNvCsfte4izoMjk9_3rcms_56k4s_rcm_equals_sparse_directs_on_seeded_synthetic_graphs0EE0EB2L_
0000000100000e20 t __RINvNtCsgtPOCBgevO_4core3ptr9drop_glueNCINvMsj_NtCslJsSqIQKwiA_5alloc3vecINtBJ_3VecIB1a_jEE14extend_trustedINtNtNtNtB4_4iter8adapters3map3MapINtNtNtB4_3ops5range5RangejENCNvCsfte4izoMjk9_3rcms_56k4s_rcm_equals_sparse_directs_on_seeded_synthetic_graphss0_0EE0EB2L_
0000000100000e44 t __RINvNtCsgtPOCBgevO_4core3ptr9drop_glueNCINvMsj_NtCslJsSqIQKwiA_5alloc3vecINtBJ_3VecIB1a_jEE14extend_trustedINtNtNtNtB4_4iter8adapters3map3MapINtNtNtB4_3ops5range5RangelENCNvCsfte4izoMjk9_3rcms_56k4s_rcm_equals_sparse_directs_on_seeded_synthetic_graphss_0EE0EB2L_
0000000100000e68 t __RINvNtCsgtPOCBgevO_4core3ptr9drop_glueNCINvNtNtNtB4_4iter8adapters3map8map_foldjINtNtCslJsSqIQKwiA_5alloc3vec3VecjEuNCNvCsfte4izoMjk9_3rcms_56k4s_rcm_equals_sparse_directs_on_seeded_synthetic_graphs0NCINvNvNtNtNtBJ_6traits8iterator8Iterator8for_each4callB1g_NCINvMsj_B1j_IB1h_B1g_E14extend_trustedINtBF_3MapINtNtNtB4_3ops5range5RangejEB1Q_EE0E0E0EB1U_
0000000100000e8c t __RINvNtCsgtPOCBgevO_4core3ptr9drop_glueNCINvNtNtNtB4_4iter8adapters3map8map_foldjINtNtCslJsSqIQKwiA_5alloc3vec3VecjEuNCNvCsfte4izoMjk9_3rcms_56k4s_rcm_equals_sparse_directs_on_seeded_synthetic_graphss0_0NCINvNvNtNtNtBJ_6traits8iterator8Iterator8for_each4callB1g_NCINvMsj_B1j_IB1h_B1g_E14extend_trustedINtBF_3MapINtNtNtB4_3ops5range5RangejEB1Q_EE0E0E0EB1U_
0000000100000eb0 t __RINvNtCsgtPOCBgevO_4core3ptr9drop_glueNCINvNtNtNtB4_4iter8adapters3map8map_foldlINtNtCslJsSqIQKwiA_5alloc3vec3VecjEuNCNvCsfte4izoMjk9_3rcms_56k4s_rcm_equals_sparse_directs_on_seeded_synthetic_graphss_0NCINvNvNtNtNtBJ_6traits8iterator8Iterator8for_each4callB1g_NCINvMsj_B1j_IB1h_B1g_E14extend_trustedINtBF_3MapINtNtNtB4_3ops5range5RangelEB1Q_EE0E0E0EB1U_
0000000100000ed4 t __RINvNtCsgtPOCBgevO_4core3ptr9drop_glueNCINvNvNtNtNtNtB4_4iter6traits8iterator8Iterator8for_each4callINtNtCslJsSqIQKwiA_5alloc3vec3VecjENCINvMsj_B1D_IB1B_B1A_E14extend_trustedINtNtNtBN_8adapters3map3MapINtNtNtB4_3ops5range5RangejENCNvCsfte4izoMjk9_3rcms_56k4s_rcm_equals_sparse_directs_on_seeded_synthetic_graphs0EE0E0EB3J_
0000000100000ef8 t __RINvNtCsgtPOCBgevO_4core3ptr9drop_glueNCINvNvNtNtNtNtB4_4iter6traits8iterator8Iterator8for_each4callINtNtCslJsSqIQKwiA_5alloc3vec3VecjENCINvMsj_B1D_IB1B_B1A_E14extend_trustedINtNtNtBN_8adapters3map3MapINtNtNtB4_3ops5range5RangejENCNvCsfte4izoMjk9_3rcms_56k4s_rcm_equals_sparse_directs_on_seeded_synthetic_graphss0_0EE0E0EB3J_
0000000100000f1c t __RINvNtCsgtPOCBgevO_4core3ptr9drop_glueNCINvNvNtNtNtNtB4_4iter6traits8iterator8Iterator8for_each4callINtNtCslJsSqIQKwiA_5alloc3vec3VecjENCINvMsj_B1D_IB1B_B1A_E14extend_trustedINtNtNtBN_8adapters3map3MapINtNtNtB4_3ops5range5RangelENCNvCsfte4izoMjk9_3rcms_56k4s_rcm_equals_sparse_directs_on_seeded_synthetic_graphss_0EE0E0EB3J_
0000000100000f40 t __RINvNtCsgtPOCBgevO_4core3ptr9drop_glueSINtNtCslJsSqIQKwiA_5alloc3vec3VecIBC_jEEECsfte4izoMjk9_3rcm
0000000100001004 t __RINvNtNtCsa9BKTri5B3M_3std3sys9backtrace28___rust_begin_short_backtraceFEuuECsfte4izoMjk9_3rcm
0000000100001028 t __RINvXs0_NtNtNtCsgtPOCBgevO_4core4iter8adapters3mapINtB6_3MapINtNtNtBc_3ops5range5RangejENCNvCsfte4izoMjk9_3rcms_56k4s_rcm_equals_sparse_directs_on_seeded_synthetic_graphs0ENtNtNtBa_6traits8iterator8Iterator4folduNCINvNvB2K_8for_each4callINtNtCslJsSqIQKwiA_5alloc3vec3VecjENCINvMsj_B3Q_IB3O_B3N_E14extend_trustedBM_E0E0EB1s_
0000000100001064 t __RINvXs0_NtNtNtCsgtPOCBgevO_4core4iter8adapters3mapINtB6_3MapINtNtNtBc_3ops5range5RangejENCNvCsfte4izoMjk9_3rcms_56k4s_rcm_equals_sparse_directs_on_seeded_synthetic_graphss0_0ENtNtNtBa_6traits8iterator8Iterator4folduNCINvNvB2N_8for_each4callINtNtCslJsSqIQKwiA_5alloc3vec3VecjENCINvMsj_B3T_IB3R_B3Q_E14extend_trustedBM_E0E0EB1s_
00000001000010a0 t __RINvXs0_NtNtNtCsgtPOCBgevO_4core4iter8adapters3mapINtB6_3MapINtNtNtBc_3ops5range5RangelENCNvCsfte4izoMjk9_3rcms_56k4s_rcm_equals_sparse_directs_on_seeded_synthetic_graphss_0ENtNtNtBa_6traits8iterator8Iterator4folduNCINvNvB2M_8for_each4callINtNtCslJsSqIQKwiA_5alloc3vec3VecjENCINvMsj_B3S_IB3Q_B3P_E14extend_trustedBM_E0E0EB1s_
00000001000010dc t __RINvXs2J_NtNtCsgtPOCBgevO_4core5slice4iterINtB7_4IterNtNtCs9Vr3m8bx7MY_27piping_numerical_robustness5cases4CaseENtNtNtNtBb_4iter6traits8iterator8Iterator4findQNCNvCsfte4izoMjk9_3rcms_58k4s_rcm_equals_sparse_directs_on_every_ci_models_adjacency0EB2B_
00000001000011c0 t __RINvXse_NtCslJsSqIQKwiA_5alloc3vecINtB6_3VecIBx_jEEINtNtNtNtCsgtPOCBgevO_4core4iter6traits7collect12FromIteratorBG_E9from_iterINtNtNtBU_8adapters3map3MapINtNtNtBW_3ops5range5RangejENCNvCsfte4izoMjk9_3rcms_56k4s_rcm_equals_sparse_directs_on_seeded_synthetic_graphs0EEB2X_
00000001000011f0 t __RINvXse_NtCslJsSqIQKwiA_5alloc3vecINtB6_3VecIBx_jEEINtNtNtNtCsgtPOCBgevO_4core4iter6traits7collect12FromIteratorBG_E9from_iterINtNtNtBU_8adapters3map3MapINtNtNtBW_3ops5range5RangejENCNvCsfte4izoMjk9_3rcms_56k4s_rcm_equals_sparse_directs_on_seeded_synthetic_graphss0_0EEB2X_
0000000100001220 t __RINvXse_NtCslJsSqIQKwiA_5alloc3vecINtB6_3VecIBx_jEEINtNtNtNtCsgtPOCBgevO_4core4iter6traits7collect12FromIteratorBG_E9from_iterINtNtNtBU_8adapters3map3MapINtNtNtBW_3ops5range5RangelENCNvCsfte4izoMjk9_3rcms_56k4s_rcm_equals_sparse_directs_on_seeded_synthetic_graphss_0EEB2X_
0000000100001250 t __RINvYINtNtNtCsgtPOCBgevO_4core3ops5range5RangejENtNtNtNtBa_4iter6traits8iterator8Iterator3mapINtNtCslJsSqIQKwiA_5alloc3vec3VecjENCNvCsfte4izoMjk9_3rcms_56k4s_rcm_equals_sparse_directs_on_seeded_synthetic_graphs0EB26_
0000000100001264 t __RINvYINtNtNtCsgtPOCBgevO_4core3ops5range5RangejENtNtNtNtBa_4iter6traits8iterator8Iterator3mapINtNtCslJsSqIQKwiA_5alloc3vec3VecjENCNvCsfte4izoMjk9_3rcms_56k4s_rcm_equals_sparse_directs_on_seeded_synthetic_graphss0_0EB26_
0000000100001278 t __RINvYINtNtNtCsgtPOCBgevO_4core3ops5range5RangejENtNtNtNtBa_4iter6traits8iterator8Iterator4folduNCINvNtNtBQ_8adapters3map8map_foldjINtNtCslJsSqIQKwiA_5alloc3vec3VecjEuNCNvCsfte4izoMjk9_3rcms_56k4s_rcm_equals_sparse_directs_on_seeded_synthetic_graphs0NCINvNvBK_8for_each4callB24_NCINvMsj_B27_IB25_B24_E14extend_trustedINtB1A_3MapB3_B2E_EE0E0E0EB2I_
0000000100001350 t __RINvYINtNtNtCsgtPOCBgevO_4core3ops5range5RangejENtNtNtNtBa_4iter6traits8iterator8Iterator4folduNCINvNtNtBQ_8adapters3map8map_foldjINtNtCslJsSqIQKwiA_5alloc3vec3VecjEuNCNvCsfte4izoMjk9_3rcms_56k4s_rcm_equals_sparse_directs_on_seeded_synthetic_graphss0_0NCINvNvBK_8for_each4callB24_NCINvMsj_B27_IB25_B24_E14extend_trustedINtB1A_3MapB3_B2E_EE0E0E0EB2I_
0000000100001428 t __RINvYINtNtNtCsgtPOCBgevO_4core3ops5range5RangelENtNtNtNtBa_4iter6traits8iterator8Iterator3mapINtNtCslJsSqIQKwiA_5alloc3vec3VecjENCNvCsfte4izoMjk9_3rcms_56k4s_rcm_equals_sparse_directs_on_seeded_synthetic_graphss_0EB26_
000000010000143c t __RINvYINtNtNtCsgtPOCBgevO_4core3ops5range5RangelENtNtNtNtBa_4iter6traits8iterator8Iterator4folduNCINvNtNtBQ_8adapters3map8map_foldlINtNtCslJsSqIQKwiA_5alloc3vec3VecjEuNCNvCsfte4izoMjk9_3rcms_56k4s_rcm_equals_sparse_directs_on_seeded_synthetic_graphss_0NCINvNvBK_8for_each4callB24_NCINvMsj_B27_IB25_B24_E14extend_trustedINtB1A_3MapB3_B2E_EE0E0E0EB2I_
000000010000151c t __RINvYINtNtNtCsgtPOCBgevO_4core5slice4iter4IterNtNtCs9Vr3m8bx7MY_27piping_numerical_robustness5cases4CaseENtNtNtNtBa_4iter6traits8iterator8Iterator6filterNCNvCsfte4izoMjk9_3rcms_58k4s_rcm_equals_sparse_directs_on_every_ci_models_adjacency0EB2v_
0000000100001538 t __RINvYINtNtNtNtCsgtPOCBgevO_4core4iter8adapters3map3MapINtNtNtBc_3ops5range5RangejENCNvCsfte4izoMjk9_3rcms_56k4s_rcm_equals_sparse_directs_on_seeded_synthetic_graphs0ENtNtNtBa_6traits8iterator8Iterator7collectINtNtCslJsSqIQKwiA_5alloc3vec3VecIB3l_jEEEB1m_
000000010000155c t __RINvYINtNtNtNtCsgtPOCBgevO_4core4iter8adapters3map3MapINtNtNtBc_3ops5range5RangejENCNvCsfte4izoMjk9_3rcms_56k4s_rcm_equals_sparse_directs_on_seeded_synthetic_graphs0ENtNtNtBa_6traits8iterator8Iterator8for_eachNCINvMsj_NtCslJsSqIQKwiA_5alloc3vecINtB3u_3VecIB3V_jEE14extend_trustedB3_E0EB1m_
0000000100001598 t __RINvYINtNtNtNtCsgtPOCBgevO_4core4iter8adapters3map3MapINtNtNtBc_3ops5range5RangejENCNvCsfte4izoMjk9_3rcms_56k4s_rcm_equals_sparse_directs_on_seeded_synthetic_graphss0_0ENtNtNtBa_6traits8iterator8Iterator7collectINtNtCslJsSqIQKwiA_5alloc3vec3VecIB3o_jEEEB1m_
00000001000015bc t __RINvYINtNtNtNtCsgtPOCBgevO_4core4iter8adapters3map3MapINtNtNtBc_3ops5range5RangejENCNvCsfte4izoMjk9_3rcms_56k4s_rcm_equals_sparse_directs_on_seeded_synthetic_graphss0_0ENtNtNtBa_6traits8iterator8Iterator8for_eachNCINvMsj_NtCslJsSqIQKwiA_5alloc3vecINtB3x_3VecIB3Y_jEE14extend_trustedB3_E0EB1m_
00000001000015f8 t __RINvYINtNtNtNtCsgtPOCBgevO_4core4iter8adapters3map3MapINtNtNtBc_3ops5range5RangelENCNvCsfte4izoMjk9_3rcms_56k4s_rcm_equals_sparse_directs_on_seeded_synthetic_graphss_0ENtNtNtBa_6traits8iterator8Iterator7collectINtNtCslJsSqIQKwiA_5alloc3vec3VecIB3n_jEEEB1m_
000000010000161c t __RINvYINtNtNtNtCsgtPOCBgevO_4core4iter8adapters3map3MapINtNtNtBc_3ops5range5RangelENCNvCsfte4izoMjk9_3rcms_56k4s_rcm_equals_sparse_directs_on_seeded_synthetic_graphss_0ENtNtNtBa_6traits8iterator8Iterator8for_eachNCINvMsj_NtCslJsSqIQKwiA_5alloc3vecINtB3w_3VecIB3X_jEE14extend_trustedB3_E0EB1m_
0000000100001658 t __RNCINvMsj_NtCslJsSqIQKwiA_5alloc3vecINtB8_3VecIBz_jEE14extend_trustedINtNtNtNtCsgtPOCBgevO_4core4iter8adapters3map3MapINtNtNtB1e_3ops5range5RangejENCNvCsfte4izoMjk9_3rcms_56k4s_rcm_equals_sparse_directs_on_seeded_synthetic_graphs0EE0B2p_
000000010000169c t __RNCINvMsj_NtCslJsSqIQKwiA_5alloc3vecINtB8_3VecIBz_jEE14extend_trustedINtNtNtNtCsgtPOCBgevO_4core4iter8adapters3map3MapINtNtNtB1e_3ops5range5RangejENCNvCsfte4izoMjk9_3rcms_56k4s_rcm_equals_sparse_directs_on_seeded_synthetic_graphss0_0EE0B2p_
00000001000016e0 t __RNCINvMsj_NtCslJsSqIQKwiA_5alloc3vecINtB8_3VecIBz_jEE14extend_trustedINtNtNtNtCsgtPOCBgevO_4core4iter8adapters3map3MapINtNtNtB1e_3ops5range5RangelENCNvCsfte4izoMjk9_3rcms_56k4s_rcm_equals_sparse_directs_on_seeded_synthetic_graphss_0EE0B2p_
0000000100001724 t __RNCINvNtCsa9BKTri5B3M_3std2rt10lang_startuE0Csfte4izoMjk9_3rcm
0000000100001758 t __RNCINvNtNtNtCsgtPOCBgevO_4core4iter8adapters3map8map_foldjINtNtCslJsSqIQKwiA_5alloc3vec3VecjEuNCNvCsfte4izoMjk9_3rcms_56k4s_rcm_equals_sparse_directs_on_seeded_synthetic_graphs0NCINvNvNtNtNtB8_6traits8iterator8Iterator8for_each4callBU_NCINvMsj_BX_IBV_BU_E14extend_trustedINtB4_3MapINtNtNtBa_3ops5range5RangejEB1u_EE0E0E0B1y_
00000001000017e0 t __RNCINvNtNtNtCsgtPOCBgevO_4core4iter8adapters3map8map_foldjINtNtCslJsSqIQKwiA_5alloc3vec3VecjEuNCNvCsfte4izoMjk9_3rcms_56k4s_rcm_equals_sparse_directs_on_seeded_synthetic_graphss0_0NCINvNvNtNtNtB8_6traits8iterator8Iterator8for_each4callBU_NCINvMsj_BX_IBV_BU_E14extend_trustedINtB4_3MapINtNtNtBa_3ops5range5RangejEB1u_EE0E0E0B1y_
0000000100001868 t __RNCINvNtNtNtCsgtPOCBgevO_4core4iter8adapters3map8map_foldlINtNtCslJsSqIQKwiA_5alloc3vec3VecjEuNCNvCsfte4izoMjk9_3rcms_56k4s_rcm_equals_sparse_directs_on_seeded_synthetic_graphss_0NCINvNvNtNtNtB8_6traits8iterator8Iterator8for_each4callBU_NCINvMsj_BX_IBV_BU_E14extend_trustedINtB4_3MapINtNtNtBa_3ops5range5RangelEB1u_EE0E0E0B1y_
00000001000018f0 t __RNCINvNvNtNtNtNtCsgtPOCBgevO_4core4iter6traits8iterator8Iterator8for_each4callINtNtCslJsSqIQKwiA_5alloc3vec3VecjENCINvMsj_B1h_IB1f_B1e_E14extend_trustedINtNtNtBc_8adapters3map3MapINtNtNtBe_3ops5range5RangejENCNvCsfte4izoMjk9_3rcms_56k4s_rcm_equals_sparse_directs_on_seeded_synthetic_graphs0EE0E0B3n_
000000010000192c t __RNCINvNvNtNtNtNtCsgtPOCBgevO_4core4iter6traits8iterator8Iterator8for_each4callINtNtCslJsSqIQKwiA_5alloc3vec3VecjENCINvMsj_B1h_IB1f_B1e_E14extend_trustedINtNtNtBc_8adapters3map3MapINtNtNtBe_3ops5range5RangejENCNvCsfte4izoMjk9_3rcms_56k4s_rcm_equals_sparse_directs_on_seeded_synthetic_graphss0_0EE0E0B3n_
0000000100001968 t __RNCINvNvNtNtNtNtCsgtPOCBgevO_4core4iter6traits8iterator8Iterator8for_each4callINtNtCslJsSqIQKwiA_5alloc3vec3VecjENCINvMsj_B1h_IB1f_B1e_E14extend_trustedINtNtNtBc_8adapters3map3MapINtNtNtBe_3ops5range5RangelENCNvCsfte4izoMjk9_3rcms_56k4s_rcm_equals_sparse_directs_on_seeded_synthetic_graphss_0EE0E0B3n_
00000001000019a4 t __RNCNvCsfte4izoMjk9_3rcm56k4s_rcm_equals_sparse_directs_on_seeded_synthetic_graphs0B3_
00000001000019d0 t __RNCNvCsfte4izoMjk9_3rcm58k4s_rcm_equals_sparse_directs_on_every_ci_models_adjacency0B3_
00000001000019fc t __RNCNvCsfte4izoMjk9_3rcms_56k4s_rcm_equals_sparse_directs_on_seeded_synthetic_graphs0B3_
0000000100001b84 t __RNCNvCsfte4izoMjk9_3rcms_56k4s_rcm_equals_sparse_directs_on_seeded_synthetic_graphss0_0B3_
0000000100001ca4 t __RNCNvCsfte4izoMjk9_3rcms_56k4s_rcm_equals_sparse_directs_on_seeded_synthetic_graphss_0B3_
0000000100001cf8 t __RNCNvCsfte4izoMjk9_3rcms_58k4s_rcm_equals_sparse_directs_on_every_ci_models_adjacency0B3_
0000000100001d28 t __RNSNvYNCINvNtCsa9BKTri5B3M_3std2rt10lang_startuE0INtNtNtCsgtPOCBgevO_4core3ops8function6FnOnceuE9call_once6vtableCsfte4izoMjk9_3rcm
0000000100001d50 t __RNvCsfte4izoMjk9_3rcm4main
0000000100001d74 t __RNvCsfte4izoMjk9_3rcms_56k4s_rcm_equals_sparse_directs_on_seeded_synthetic_graphs
00000001000023fc t __RNvCsfte4izoMjk9_3rcms_58k4s_rcm_equals_sparse_directs_on_every_ci_models_adjacency
0000000100002780 t __RNvMCsfte4izoMjk9_3rcmNtB2_3Rng4next
0000000100002824 t __RNvMNtCsgtPOCBgevO_4core5sliceSINtNtCslJsSqIQKwiA_5alloc3vec3VecIBu_jEE4iterCsfte4izoMjk9_3rcm
000000010000284c t __RNvMNtCslJsSqIQKwiA_5alloc3vecINtB2_3VecIBt_IBt_jEEE3newCsfte4izoMjk9_3rcm
0000000100002860 t __RNvMNtCslJsSqIQKwiA_5alloc5allocNtB2_6Global18alloc_impl_runtimeCsfte4izoMjk9_3rcm
00000001000029e8 t __RNvMs3_NtCslJsSqIQKwiA_5alloc7raw_vecINtB5_6RawVecINtNtB7_3vec3VecIBN_jEEE8grow_oneCsfte4izoMjk9_3rcm
0000000100002a6c t __RNvMs4_NtNtCsgtPOCBgevO_4core5slice4iterINtB5_4IterINtNtCslJsSqIQKwiA_5alloc3vec3VecIBO_jEEE3newCsfte4izoMjk9_3rcm
0000000100002ac4 t __RNvMsF_NtCslJsSqIQKwiA_5alloc3vecINtB5_3VecIBw_IBw_jEEE4pushCsfte4izoMjk9_3rcm
0000000100002ae8 t __RNvMsF_NtCslJsSqIQKwiA_5alloc3vecINtB5_3VecIBw_IBw_jEEE8push_mutCsfte4izoMjk9_3rcm
0000000100002bdc t __RNvNtCslJsSqIQKwiA_5alloc3fmt6formatCsfte4izoMjk9_3rcm
0000000100002cb4 t __RNvNtCslJsSqIQKwiA_5alloc5boxed14box_new_uninitCsfte4izoMjk9_3rcm
0000000100002d38 t __RNvNvMNtNtCsgtPOCBgevO_4core3mem9alignmentNtB4_9Alignment13new_unchecked18precondition_checkCsfte4izoMjk9_3rcm
0000000100002da8 t __RNvNvMNtNtCsgtPOCBgevO_4core5alloc6layoutNtB4_6Layout29from_size_alignment_unchecked18precondition_checkCsfte4izoMjk9_3rcm
0000000100002e10 t __RNvNvMs1_NtNtCsgtPOCBgevO_4core3ptr8non_nullINtB7_7NonNullpE13new_unchecked18precondition_checkCsfte4izoMjk9_3rcm
0000000100002e68 t __RNvNvMs_NtCslJsSqIQKwiA_5alloc3vecINtB6_3VecppE17from_raw_parts_in18precondition_checkCsfte4izoMjk9_3rcm
0000000100002ec8 t __RNvNvNtNtCsgtPOCBgevO_4core5slice3raw14from_raw_parts18precondition_checkCsfte4izoMjk9_3rcm
0000000100002fb4 t __RNvXNtNtCslJsSqIQKwiA_5alloc3vec14spec_from_iterINtB4_3VecIBL_jEEINtB2_12SpecFromIterBU_INtNtNtNtCsgtPOCBgevO_4core4iter8adapters3map3MapINtNtNtB1x_3ops5range5RangejENCNvCsfte4izoMjk9_3rcms_56k4s_rcm_equals_sparse_directs_on_seeded_synthetic_graphs0EE9from_iterB2I_
0000000100002fd8 t __RNvXNtNtCslJsSqIQKwiA_5alloc3vec14spec_from_iterINtB4_3VecIBL_jEEINtB2_12SpecFromIterBU_INtNtNtNtCsgtPOCBgevO_4core4iter8adapters3map3MapINtNtNtB1x_3ops5range5RangejENCNvCsfte4izoMjk9_3rcms_56k4s_rcm_equals_sparse_directs_on_seeded_synthetic_graphss0_0EE9from_iterB2I_
0000000100002ffc t __RNvXNtNtCslJsSqIQKwiA_5alloc3vec14spec_from_iterINtB4_3VecIBL_jEEINtB2_12SpecFromIterBU_INtNtNtNtCsgtPOCBgevO_4core4iter8adapters3map3MapINtNtNtB1x_3ops5range5RangelENCNvCsfte4izoMjk9_3rcms_56k4s_rcm_equals_sparse_directs_on_seeded_synthetic_graphss_0EE9from_iterB2I_
0000000100003020 t __RNvXNtNtNtCsgtPOCBgevO_4core4iter6traits7collectINtNtNtB6_8adapters3map3MapINtNtNtB8_3ops5range5RangejENCNvCsfte4izoMjk9_3rcms_56k4s_rcm_equals_sparse_directs_on_seeded_synthetic_graphs0ENtB2_12IntoIterator9into_iterB1H_
0000000100003034 t __RNvXNtNtNtCsgtPOCBgevO_4core4iter6traits7collectINtNtNtB6_8adapters3map3MapINtNtNtB8_3ops5range5RangejENCNvCsfte4izoMjk9_3rcms_56k4s_rcm_equals_sparse_directs_on_seeded_synthetic_graphss0_0ENtB2_12IntoIterator9into_iterB1H_
0000000100003048 t __RNvXNtNtNtCsgtPOCBgevO_4core4iter6traits7collectINtNtNtB6_8adapters3map3MapINtNtNtB8_3ops5range5RangelENCNvCsfte4izoMjk9_3rcms_56k4s_rcm_equals_sparse_directs_on_seeded_synthetic_graphss_0ENtB2_12IntoIterator9into_iterB1H_
000000010000305c t __RNvXNtNtNtCsgtPOCBgevO_4core4iter6traits7collectINtNtNtB6_8adapters6filter6FilterINtNtNtB8_5slice4iter4IterNtNtCs9Vr3m8bx7MY_27piping_numerical_robustness5cases4CaseENCNvCsfte4izoMjk9_3rcms_58k4s_rcm_equals_sparse_directs_on_every_ci_models_adjacency0ENtB2_12IntoIterator9into_iterB2I_
0000000100003078 t __RNvXNtNtNtCsgtPOCBgevO_4core4iter6traits7collectINtNtNtB6_8adapters9enumerate9EnumerateINtNtNtB8_5slice4iter4IterINtNtCslJsSqIQKwiA_5alloc3vec3VecIB1O_jEEEENtB2_12IntoIterator9into_iterCsfte4izoMjk9_3rcm
0000000100003090 t __RNvXs0_NtNtNtCsgtPOCBgevO_4core4iter8adapters3mapINtB5_3MapINtNtNtBb_3ops5range5RangejENCNvCsfte4izoMjk9_3rcms_56k4s_rcm_equals_sparse_directs_on_seeded_synthetic_graphs0ENtNtNtB9_6traits8iterator8Iterator9size_hintB1r_
00000001000030b4 t __RNvXs0_NtNtNtCsgtPOCBgevO_4core4iter8adapters3mapINtB5_3MapINtNtNtBb_3ops5range5RangejENCNvCsfte4izoMjk9_3rcms_56k4s_rcm_equals_sparse_directs_on_seeded_synthetic_graphss0_0ENtNtNtB9_6traits8iterator8Iterator9size_hintB1r_
00000001000030d8 t __RNvXs0_NtNtNtCsgtPOCBgevO_4core4iter8adapters3mapINtB5_3MapINtNtNtBb_3ops5range5RangelENCNvCsfte4izoMjk9_3rcms_56k4s_rcm_equals_sparse_directs_on_seeded_synthetic_graphss_0ENtNtNtB9_6traits8iterator8Iterator9size_hintB1r_
00000001000030fc t __RNvXs1_NtCslJsSqIQKwiA_5alloc7raw_vecINtB5_6RawVecINtNtB7_3vec3VecIBN_jEEENtNtNtCsgtPOCBgevO_4core3ops4drop4Drop4dropCsfte4izoMjk9_3rcm
0000000100003130 t __RNvXs1_NtNtNtCsgtPOCBgevO_4core3ops8function5implsQNCNvCsfte4izoMjk9_3rcms_58k4s_rcm_equals_sparse_directs_on_every_ci_models_adjacency0INtB7_5FnMutTRRNtNtCs9Vr3m8bx7MY_27piping_numerical_robustness5cases4CaseEE8call_mutBR_
0000000100003160 t __RNvXs1_NtNtNtCsgtPOCBgevO_4core4iter8adapters6filterINtB5_6FilterINtNtNtBb_5slice4iter4IterNtNtCs9Vr3m8bx7MY_27piping_numerical_robustness5cases4CaseENCNvCsfte4izoMjk9_3rcms_58k4s_rcm_equals_sparse_directs_on_every_ci_models_adjacency0ENtNtNtB9_6traits8iterator8Iterator4nextB2s_
000000010000318c t __RNvXs1g_NtCsgtPOCBgevO_4core3fmtRINtNtCslJsSqIQKwiA_5alloc3vec3VecIBw_jEENtB6_5Debug3fmtCsfte4izoMjk9_3rcm
00000001000031bc t __RNvXs2J_NtNtCsgtPOCBgevO_4core5slice4iterINtB6_4IterINtNtCslJsSqIQKwiA_5alloc3vec3VecIBP_jEEENtNtNtNtBa_4iter6traits8iterator8Iterator4nextCsfte4izoMjk9_3rcm
0000000100003240 t __RNvXs7_NtCslJsSqIQKwiA_5alloc3vecINtB5_3VecIBw_IBw_jEEENtNtNtCsgtPOCBgevO_4core3ops5deref5Deref5derefCsfte4izoMjk9_3rcm
0000000100003260 t __RNvXs7_NtCslJsSqIQKwiA_5alloc3vecINtB5_3VecNtNtCs9Vr3m8bx7MY_27piping_numerical_robustness5cases4CaseENtNtNtCsgtPOCBgevO_4core3ops5deref5Deref5derefCsfte4izoMjk9_3rcm
0000000100003280 t __RNvXs8_NtCslJsSqIQKwiA_5alloc5boxedINtB5_3BoxINtNtNtCsgtPOCBgevO_4core3mem12maybe_uninit11MaybeUninitAjj1_EENtNtNtBO_3ops4drop4Drop4dropCsfte4izoMjk9_3rcm
000000010000334c t __RNvXsZ_NtCsa9BKTri5B3M_3std7processuNtB5_11Termination6reportCsfte4izoMjk9_3rcm
000000010000335c t __RNvXs_NtCslJsSqIQKwiA_5alloc5allocNtB4_6GlobalNtNtCsgtPOCBgevO_4core5alloc9Allocator10deallocateCsfte4izoMjk9_3rcm
00000001000033ac t __RNvXs_NtNtCslJsSqIQKwiA_5alloc3vec11spec_extendINtB6_3VecIBK_jEEINtB4_10SpecExtendBT_INtNtNtNtCsgtPOCBgevO_4core4iter8adapters3map3MapINtNtNtB1u_3ops5range5RangejENCNvCsfte4izoMjk9_3rcms_56k4s_rcm_equals_sparse_directs_on_seeded_synthetic_graphs0EE11spec_extendB2F_
00000001000033d8 t __RNvXs_NtNtCslJsSqIQKwiA_5alloc3vec11spec_extendINtB6_3VecIBK_jEEINtB4_10SpecExtendBT_INtNtNtNtCsgtPOCBgevO_4core4iter8adapters3map3MapINtNtNtB1u_3ops5range5RangejENCNvCsfte4izoMjk9_3rcms_56k4s_rcm_equals_sparse_directs_on_seeded_synthetic_graphss0_0EE11spec_extendB2F_
0000000100003404 t __RNvXs_NtNtCslJsSqIQKwiA_5alloc3vec11spec_extendINtB6_3VecIBK_jEEINtB4_10SpecExtendBT_INtNtNtNtCsgtPOCBgevO_4core4iter8adapters3map3MapINtNtNtB1u_3ops5range5RangelENCNvCsfte4izoMjk9_3rcms_56k4s_rcm_equals_sparse_directs_on_seeded_synthetic_graphss_0EE11spec_extendB2F_
0000000100003430 t __RNvXs_NtNtCslJsSqIQKwiA_5alloc3vec21spec_from_iter_nestedINtB6_3VecIBU_jEEINtB4_18SpecFromIterNestedB13_INtNtNtNtCsgtPOCBgevO_4core4iter8adapters3map3MapINtNtNtB1N_3ops5range5RangejENCNvCsfte4izoMjk9_3rcms_56k4s_rcm_equals_sparse_directs_on_seeded_synthetic_graphs0EE9from_iterB2Y_
0000000100003560 t __RNvXs_NtNtCslJsSqIQKwiA_5alloc3vec21spec_from_iter_nestedINtB6_3VecIBU_jEEINtB4_18SpecFromIterNestedB13_INtNtNtNtCsgtPOCBgevO_4core4iter8adapters3map3MapINtNtNtB1N_3ops5range5RangejENCNvCsfte4izoMjk9_3rcms_56k4s_rcm_equals_sparse_directs_on_seeded_synthetic_graphss0_0EE9from_iterB2Y_
0000000100003690 t __RNvXs_NtNtCslJsSqIQKwiA_5alloc3vec21spec_from_iter_nestedINtB6_3VecIBU_jEEINtB4_18SpecFromIterNestedB13_INtNtNtNtCsgtPOCBgevO_4core4iter8adapters3map3MapINtNtNtB1N_3ops5range5RangelENCNvCsfte4izoMjk9_3rcms_56k4s_rcm_equals_sparse_directs_on_seeded_synthetic_graphss_0EE9from_iterB2Y_
00000001000037c0 t __RNvXs_NtNtNtCsgtPOCBgevO_4core4iter8adapters9enumerateINtB4_9EnumerateINtNtNtBa_5slice4iter4IterINtNtCslJsSqIQKwiA_5alloc3vec3VecIB1x_jEEEENtNtNtB8_6traits8iterator8Iterator4nextCsfte4izoMjk9_3rcm
00000001000038a0 t __RNvXso_NtCslJsSqIQKwiA_5alloc3vecINtB5_3VecIBw_IBw_jEEENtNtNtCsgtPOCBgevO_4core3ops4drop4Drop4dropCsfte4izoMjk9_3rcm
00000001000038e0 t __RNvYFEuINtNtNtCsgtPOCBgevO_4core3ops8function6FnOnceuE9call_onceCsfte4izoMjk9_3rcm
0000000100003900 t __RNvYINtNtNtCsgtPOCBgevO_4core5slice4iter4IterINtNtCslJsSqIQKwiA_5alloc3vec3VecIBI_jEEENtNtNtNtB9_4iter6traits8iterator8Iterator9enumerateCsfte4izoMjk9_3rcm
0000000100003928 t __RNvYNCINvNtCsa9BKTri5B3M_3std2rt10lang_startuE0INtNtNtCsgtPOCBgevO_4core3ops8function6FnOnceuE9call_onceCsfte4izoMjk9_3rcm
0000000100003974 t __RNvYNCNvCsfte4izoMjk9_3rcm56k4s_rcm_equals_sparse_directs_on_seeded_synthetic_graphs0INtNtNtCsgtPOCBgevO_4core3ops8function6FnOnceuE9call_onceB6_
00000001000039b0 t __RNvYNCNvCsfte4izoMjk9_3rcm58k4s_rcm_equals_sparse_directs_on_every_ci_models_adjacency0INtNtNtCsgtPOCBgevO_4core3ops8function6FnOnceuE9call_onceB6_
00000001000039ec T _main
0000000100003a18 T __RNvCs9wFQrvczXsK_7___rustc12___rust_alloc
0000000100003a1c T __RNvCs9wFQrvczXsK_7___rustc14___rust_dealloc
0000000100003a20 T __RNvCs9wFQrvczXsK_7___rustc14___rust_realloc
0000000100003a24 T __RNvCs9wFQrvczXsK_7___rustc19___rust_alloc_zeroed
0000000100003a28 T __RNvCs9wFQrvczXsK_7___rustc35___rust_no_alloc_shim_is_unstable_v2
0000000100003a2c t __RINvCs3O4ZRUMviTO_4test28___rust_begin_short_backtraceINtNtCsgtPOCBgevO_4core6result6ResultuNtNtCslJsSqIQKwiA_5alloc6string6StringEFEBQ_EB2_
0000000100003a50 t __RINvCs3O4ZRUMviTO_4test28___rust_begin_short_backtraceINtNtCsgtPOCBgevO_4core6result6ResultuNtNtCslJsSqIQKwiA_5alloc6string6StringEINtNtB1w_5boxed3BoxDINtNtNtBV_3ops8function6FnOnceuEp6OutputBQ_NtNtBV_6marker4SendEL_EEB2_
0000000100003ad8 t __RINvCs3O4ZRUMviTO_4test28___rust_begin_short_backtraceINtNtCsgtPOCBgevO_4core6result6ResultuNtNtCslJsSqIQKwiA_5alloc6string6StringENCNCNvMs2_NtB2_5typesNtB2f_12RunnableTest3run00EB2_
0000000100003b00 t __RINvCs3O4ZRUMviTO_4test28___rust_begin_short_backtraceINtNtCsgtPOCBgevO_4core6result6ResultuNtNtCslJsSqIQKwiA_5alloc6string6StringENCNCNvMs2_NtB2_5typesNtB2f_12RunnableTest3runs_00EB2_
0000000100003b30 t __RINvMNtCsgtPOCBgevO_4core3stre12trim_matchesNvMNtNtB5_4char7methodsc13is_whitespaceECs3O4ZRUMviTO_4test
0000000100003d74 t __RINvMNtNtCs3O4ZRUMviTO_4test10formatters5terseINtB3_14TerseFormatterNtNtNtCsa9BKTri5B3M_3std2io5stdio10StdoutLockE11write_plainNtNtCslJsSqIQKwiA_5alloc6string6StringEB7_
0000000100003e08 t __RINvMNtNtCs3O4ZRUMviTO_4test10formatters5terseINtB3_14TerseFormatterNtNtNtCsa9BKTri5B3M_3std2io5stdio10StdoutLockE11write_plainReEB7_
0000000100003e58 t __RINvMNtNtCs3O4ZRUMviTO_4test10formatters5terseINtB3_14TerseFormatterNtNtNtCsa9BKTri5B3M_3std2io5stdio6StdoutE11write_plainNtNtCslJsSqIQKwiA_5alloc6string6StringEB7_
0000000100003eec t __RINvMNtNtCs3O4ZRUMviTO_4test10formatters5terseINtB3_14TerseFormatterNtNtNtCsa9BKTri5B3M_3std2io5stdio6StdoutE11write_plainReEB7_
0000000100003f3c t __RINvMNtNtCs3O4ZRUMviTO_4test10formatters6prettyINtB3_15PrettyFormatterNtNtNtCsa9BKTri5B3M_3std2io5stdio10StdoutLockE11write_plainNtNtCslJsSqIQKwiA_5alloc6string6StringEB7_
0000000100003fd0 t __RINvMNtNtCs3O4ZRUMviTO_4test10formatters6prettyINtB3_15PrettyFormatterNtNtNtCsa9BKTri5B3M_3std2io5stdio10StdoutLockE11write_plainReEB7_
0000000100004020 t __RINvMNtNtCs3O4ZRUMviTO_4test10formatters6prettyINtB3_15PrettyFormatterNtNtNtCsa9BKTri5B3M_3std2io5stdio6StdoutE11write_plainNtNtCslJsSqIQKwiA_5alloc6string6StringEB7_
00000001000040b4 t __RINvMNtNtCs3O4ZRUMviTO_4test10formatters6prettyINtB3_15PrettyFormatterNtNtNtCsa9BKTri5B3M_3std2io5stdio6StdoutE11write_plainReEB7_
0000000100004104 t __RINvMs1_NtCs9nAj5kJTqSU_9hashbrown3mapINtB6_7HashMapNtNtCs3O4ZRUMviTO_4test5types6TestIdNtNvBS_9run_tests11RunningTestINtNtCsgtPOCBgevO_4core4hash18BuildHasherDefaultNtNtNtCsa9BKTri5B3M_3std4hash6random13DefaultHasherEE6removeBO_EBS_
0000000100004258 t __RINvMs2_NtNtCsa9BKTri5B3M_3std6thread5localINtB6_8LocalKeyINtNtCsgtPOCBgevO_4core4cell4CellTyyEEE4withNCNvMNtNtBa_4hash6randomNtB1H_11RandomState3new0B20_ECs3O4ZRUMviTO_4test
00000001000042bc t __RINvMs3_NtCslJsSqIQKwiA_5alloc3stre7replaceReECs3O4ZRUMviTO_4test
0000000100004510 T __RINvMs3_NtNtCsa9BKTri5B3M_3std2io5errorNtB6_5Error3newNtNtCslJsSqIQKwiA_5alloc6string6StringECs3O4ZRUMviTO_4test
0000000100004598 t __RINvMsa_NtCs9nAj5kJTqSU_9hashbrown3rawNtB6_13RawTableInner22fallible_with_capacityNtNtCslJsSqIQKwiA_5alloc5alloc6GlobalECs3O4ZRUMviTO_4test
00000001000046f0 t __RINvMsj_NtCslJsSqIQKwiA_5alloc3vecINtB6_3VecNtNtB8_6string6StringE14extend_trustedINtNtNtNtCsgtPOCBgevO_4core4iter8adapters8peekable8PeekableINtNtB6_9into_iter8IntoIterBG_EEECs3O4ZRUMviTO_4test
00000001000048c4 t __RINvMsx_NtNtCsgtPOCBgevO_4core3str7patternNtB6_14TwoWaySearcher4nextNtB6_9MatchOnlyECs3O4ZRUMviTO_4test
0000000100004a58 t __RINvNtCsa9BKTri5B3M_3std2io19default_read_to_endINtNtNtCsgtPOCBgevO_4core2io4util4TakeQDNtB2_4ReadEL_EECs3O4ZRUMviTO_4test
0000000100004da8 t __RINvNtCsgtPOCBgevO_4core3ptr9drop_glueINtNtB4_3pin3PinINtNtCslJsSqIQKwiA_5alloc5boxed3BoxNtNtNtNtNtNtCsa9BKTri5B3M_3std3sys3pal4unix4sync5mutex5MutexEEECs3O4ZRUMviTO_4test
0000000100004df0 t __RINvNtCsgtPOCBgevO_4core3ptr9drop_glueINtNtB4_4cell10UnsafeCellINtNtB4_6option6OptionINtNtB4_6result6ResultuINtNtCslJsSqIQKwiA_5alloc5boxed3BoxDNtNtB4_3any3AnyNtNtB4_6marker4SendEL_EEEEECs3O4ZRUMviTO_4test
0000000100004e6c t __RINvNtCsgtPOCBgevO_4core3ptr9drop_glueINtNtB4_4cell10UnsafeCellNtNtNtNtCsa9BKTri5B3M_3std4sync4mpmc4zero5InnerEECs3O4ZRUMviTO_4test
0000000100004ee0 t __RINvNtCsgtPOCBgevO_4core3ptr9drop_glueINtNtB4_4cell10UnsafeCellNtNtNtNtCsa9BKTri5B3M_3std4sync4mpmc5waker5WakerEECs3O4ZRUMviTO_4test
0000000100004f1c t __RINvNtCsgtPOCBgevO_4core3ptr9drop_glueINtNtB4_6option6OptionINtNtCslJsSqIQKwiA_5alloc5boxed3BoxDNtNtB4_3any3AnyNtNtB4_6marker4SendEL_EEECs3O4ZRUMviTO_4test
0000000100004f98 t __RINvNtCsgtPOCBgevO_4core3ptr9drop_glueINtNtB4_6option6OptionINtNtNtCsa9BKTri5B3M_3std6thread11join_handle10JoinHandleuEEECs3O4ZRUMviTO_4test
0000000100005060 t __RINvNtCsgtPOCBgevO_4core3ptr9drop_glueINtNtB4_6option6OptionNCNvMs1_NtNtNtCsa9BKTri5B3M_3std4sync4mpmc4zeroINtB14_7ChannelNtNtCs3O4ZRUMviTO_4test5event13CompletedTestE4send0EEB20_
0000000100005148 t __RINvNtCsgtPOCBgevO_4core3ptr9drop_glueINtNtB4_6result6ResultIBB_INtNtB4_6option6OptionNtNtCs3O4ZRUMviTO_4test5stats7SummaryENtNtCslJsSqIQKwiA_5alloc6string6StringEINtNtB22_5boxed3BoxDNtNtB4_3any3AnyNtNtB4_6marker4SendEL_EEEB1q_
00000001000051dc t __RINvNtCsgtPOCBgevO_4core3ptr9drop_glueINtNtB4_6result6ResultNtNtCs3O4ZRUMviTO_4test5event13CompletedTestNtNtNtCsa9BKTri5B3M_3std4sync4mpsc16RecvTimeoutErrorEEB10_
0000000100005290 t __RINvNtCsgtPOCBgevO_4core3ptr9drop_glueINtNtB4_6result6ResultNtNtCslJsSqIQKwiA_5alloc6string6StringNtBY_13FromUtf8ErrorEECs3O4ZRUMviTO_4test
00000001000052cc t __RINvNtCsgtPOCBgevO_4core3ptr9drop_glueINtNtB4_6result6ResultNtNtNtCs3O4ZRUMviTO_4test4term8terminfo8TermInfoNtBY_5ErrorEEB12_
00000001000053cc t __RINvNtCsgtPOCBgevO_4core3ptr9drop_glueINtNtB4_6result6ResultuNtNtNtCsa9BKTri5B3M_3std2io5error5ErrorEECs3O4ZRUMviTO_4test
00000001000053dc t __RINvNtCsgtPOCBgevO_4core3ptr9drop_glueINtNtCs9nAj5kJTqSU_9hashbrown10scopeguard10ScopeGuardQNtNtBF_3raw13RawTableInnerNCNvMsa_B1u_B1s_15rehash_in_place0EECs3O4ZRUMviTO_4test
00000001000057bc t __RINvNtCsgtPOCBgevO_4core3ptr9drop_glueINtNtCslJsSqIQKwiA_5alloc3vec3VecIBB_TjNtCs2kLJYcThBmZ_7getopts6OptvalEEEECs3O4ZRUMviTO_4test
00000001000058a4 t __RINvNtCsgtPOCBgevO_4core3ptr9drop_glueINtNtCslJsSqIQKwiA_5alloc3vec3VecINtNtBF_5boxed3BoxDINtNtNtB4_3ops8function5FnMutuEp6OutputINtNtB4_6result6ResultuNtNtNtCsa9BKTri5B3M_3std2io5error5ErrorENtNtB4_6marker4SyncNtB36_4SendEL_EEECs3O4ZRUMviTO_4test
000000010000599c t __RINvNtCsgtPOCBgevO_4core3ptr9drop_glueINtNtCslJsSqIQKwiA_5alloc3vec3VecNtCs2kLJYcThBmZ_7getopts3OptEECs3O4ZRUMviTO_4test
0000000100005a80 t __RINvNtCsgtPOCBgevO_4core3ptr9drop_glueINtNtCslJsSqIQKwiA_5alloc3vec3VecNtNtBF_6string6StringEECs3O4ZRUMviTO_4test
0000000100005b00 t __RINvNtCsgtPOCBgevO_4core3ptr9drop_glueINtNtCslJsSqIQKwiA_5alloc3vec3VecNtNtCs3O4ZRUMviTO_4test5types13TestDescAndFnEEB1b_
0000000100005c28 t __RINvNtCsgtPOCBgevO_4core3ptr9drop_glueINtNtCslJsSqIQKwiA_5alloc3vec3VecNtNtCs3O4ZRUMviTO_4test5types8TestDescEEB1b_
0000000100005ce8 t __RINvNtCsgtPOCBgevO_4core3ptr9drop_glueINtNtCslJsSqIQKwiA_5alloc3vec3VecNtNtCsa9BKTri5B3M_3std4path7PathBufEECs3O4ZRUMviTO_4test
0000000100005d68 t __RINvNtCsgtPOCBgevO_4core3ptr9drop_glueINtNtCslJsSqIQKwiA_5alloc3vec3VecNtNtNtNtCsa9BKTri5B3M_3std4sync4mpmc5waker5EntryEECs3O4ZRUMviTO_4test
0000000100005e84 t __RINvNtCsgtPOCBgevO_4core3ptr9drop_glueINtNtCslJsSqIQKwiA_5alloc3vec3VecTNtNtCs3O4ZRUMviTO_4test5types6TestIdNtB1a_13TestDescAndFnEEEB1c_
0000000100005fac t __RINvNtCsgtPOCBgevO_4core3ptr9drop_glueINtNtCslJsSqIQKwiA_5alloc3vec3VecTNtNtCs3O4ZRUMviTO_4test5types8TestDescIBB_hEEEEB1c_
0000000100006088 t __RINvNtCsgtPOCBgevO_4core3ptr9drop_glueINtNtCslJsSqIQKwiA_5alloc3vec3VecTNtNtCs3O4ZRUMviTO_4test5types8TestDescNtNtB1c_11test_result10TestResultNtNtB4_4time8DurationIBB_hEEEEB1c_
00000001000060d4 t __RINvNtCsgtPOCBgevO_4core3ptr9drop_glueINtNtCslJsSqIQKwiA_5alloc4sync8ArcInnerINtNtNtNtCsa9BKTri5B3M_3std4sync6poison5mutex5MutexINtNtBF_3vec3VechEEEECs3O4ZRUMviTO_4test
0000000100006180 t __RINvNtCsgtPOCBgevO_4core3ptr9drop_glueINtNtCslJsSqIQKwiA_5alloc4sync8ArcInnerNtNtNtCsa9BKTri5B3M_3std6thread9spawnhook9SpawnHookEECs3O4ZRUMviTO_4test
0000000100006248 t __RINvNtCsgtPOCBgevO_4core3ptr9drop_glueINtNtCslJsSqIQKwiA_5alloc5boxed3BoxDG_INtNtNtB4_3ops8function2FnTQL0_NtNtCs3O4ZRUMviTO_4test5bench7BencherEEp6OutputINtNtB4_6result6ResultuNtNtBF_6string6StringENtNtB4_6marker4SendEL_EEB1L_
00000001000062c0 t __RINvNtCsgtPOCBgevO_4core3ptr9drop_glueINtNtCslJsSqIQKwiA_5alloc5boxed3BoxINtNtNtNtCsa9BKTri5B3M_3std4sync4mpmc7counter7CounterINtNtB1e_4zero7ChannelNtNtCs3O4ZRUMviTO_4test5event13CompletedTestEEEEB2q_
0000000100006388 t __RINvNtCsgtPOCBgevO_4core3ptr9drop_glueINtNtCslJsSqIQKwiA_5alloc5boxed3BoxINtNtNtNtCsa9BKTri5B3M_3std4sync4mpmc7counter7CounterINtNtB1e_5array7ChannelNtNtCs3O4ZRUMviTO_4test5event13CompletedTestEEEEB2r_
0000000100006420 t __RINvNtCsgtPOCBgevO_4core3ptr9drop_glueINtNtNtCs3O4ZRUMviTO_4test10formatters4json13JsonFormatterNtNtNtCsa9BKTri5B3M_3std2io5stdio10StdoutLockEEBH_
00000001000064b4 t __RINvNtCsgtPOCBgevO_4core3ptr9drop_glueINtNtNtCs3O4ZRUMviTO_4test10formatters4json13JsonFormatterNtNtNtCsa9BKTri5B3M_3std2io5stdio6StdoutEEBH_
0000000100006528 t __RINvNtCsgtPOCBgevO_4core3ptr9drop_glueINtNtNtCs3O4ZRUMviTO_4test10formatters5junit14JunitFormatterNtNtNtCsa9BKTri5B3M_3std2io5stdio6StdoutEEBH_
00000001000065dc t __RINvNtCsgtPOCBgevO_4core3ptr9drop_glueINtNtNtCs3O4ZRUMviTO_4test10formatters5terse14TerseFormatterNtNtNtCsa9BKTri5B3M_3std2io5stdio10StdoutLockEEBH_
0000000100006670 t __RINvNtCsgtPOCBgevO_4core3ptr9drop_glueINtNtNtCs3O4ZRUMviTO_4test10formatters5terse14TerseFormatterNtNtNtCsa9BKTri5B3M_3std2io5stdio6StdoutEEBH_
00000001000066e4 t __RINvNtCsgtPOCBgevO_4core3ptr9drop_glueINtNtNtCs3O4ZRUMviTO_4test10formatters6pretty15PrettyFormatterNtNtNtCsa9BKTri5B3M_3std2io5stdio10StdoutLockEEBH_
0000000100006778 t __RINvNtCsgtPOCBgevO_4core3ptr9drop_glueINtNtNtCs3O4ZRUMviTO_4test10formatters6pretty15PrettyFormatterNtNtNtCsa9BKTri5B3M_3std2io5stdio6StdoutEEBH_
00000001000067ec t __RINvNtCsgtPOCBgevO_4core3ptr9drop_glueINtNtNtCs3O4ZRUMviTO_4test4term8terminfo16TerminfoTerminalNtNtNtCsa9BKTri5B3M_3std2io5stdio6StdoutEEBH_
0000000100006874 t __RINvNtCsgtPOCBgevO_4core3ptr9drop_glueINtNtNtCsa9BKTri5B3M_3std4sync4mpsc6SenderNtNtCs3O4ZRUMviTO_4test5event13CompletedTestEEB1k_
00000001000069b0 t __RINvNtCsgtPOCBgevO_4core3ptr9drop_glueINtNtNtCsa9BKTri5B3M_3std4sync4mpsc8ReceiverNtNtCs3O4ZRUMviTO_4test5event13CompletedTestEEB1m_
0000000100006ec0 t __RINvNtCsgtPOCBgevO_4core3ptr9drop_glueINtNtNtCsa9BKTri5B3M_3std4sync4mpsc9SendErrorNtNtCs3O4ZRUMviTO_4test5event13CompletedTestEEB1n_
0000000100006f68 t __RINvNtCsgtPOCBgevO_4core3ptr9drop_glueINtNtNtCsa9BKTri5B3M_3std4sync6poison11PoisonErrorINtNtBD_5mutex10MutexGuardINtNtB4_6option6OptionNCNvCs3O4ZRUMviTO_4test8run_test0EEEEB2e_
0000000100006fb8 t __RINvNtCsgtPOCBgevO_4core3ptr9drop_glueINtNtNtCsa9BKTri5B3M_3std6thread9lifecycle6PacketuEECs3O4ZRUMviTO_4test
0000000100007194 t __RINvNtCsgtPOCBgevO_4core3ptr9drop_glueINtNtNtCslJsSqIQKwiA_5alloc11collections9vec_deque8VecDequeNtNvCs3O4ZRUMviTO_4test9run_tests12TimeoutEntryEEB1B_
0000000100007320 t __RINvNtCsgtPOCBgevO_4core3ptr9drop_glueINtNtNtCslJsSqIQKwiA_5alloc11collections9vec_deque8VecDequeTNtNtCs3O4ZRUMviTO_4test5types6TestIdNtB1A_13TestDescAndFnEEEB1C_
0000000100007544 t __RINvNtCsgtPOCBgevO_4core3ptr9drop_glueINtNtNtCslJsSqIQKwiA_5alloc3vec13in_place_drop11InPlaceDropNtNtCs3O4ZRUMviTO_4test5types13TestDescAndFnEEB1B_
0000000100007624 t __RINvNtCsgtPOCBgevO_4core3ptr9drop_glueINtNtNtCslJsSqIQKwiA_5alloc3vec13in_place_drop24InPlaceDstDataSrcBufDropNtNtCs3O4ZRUMviTO_4test5types13TestDescAndFnB1K_EEB1O_
0000000100007744 t __RINvNtCsgtPOCBgevO_4core3ptr9drop_glueINtNtNtCslJsSqIQKwiA_5alloc3vec5drain5DrainNtNtNtNtCsa9BKTri5B3M_3std4sync4mpmc5waker5EntryEECs3O4ZRUMviTO_4test
000000010000786c t __RINvNtCsgtPOCBgevO_4core3ptr9drop_glueINtNtNtCslJsSqIQKwiA_5alloc3vec9into_iter8IntoIterNtNtCs3O4ZRUMviTO_4test5types13TestDescAndFnEEB1s_
00000001000079a4 t __RINvNtCsgtPOCBgevO_4core3ptr9drop_glueINtNtNtCslJsSqIQKwiA_5alloc3vec9into_iter8IntoIterNtNtCs3O4ZRUMviTO_4test5types8TestDescEEB1s_
0000000100007a64 t __RINvNtCsgtPOCBgevO_4core3ptr9drop_glueINtNtNtCslJsSqIQKwiA_5alloc3vec9into_iter8IntoIterNtNtCsa9BKTri5B3M_3std4path7PathBufEECs3O4ZRUMviTO_4test
0000000100007afc t __RINvNtCsgtPOCBgevO_4core3ptr9drop_glueINtNtNtCslJsSqIQKwiA_5alloc3vec9into_iter8IntoIterTNtNtCs3O4ZRUMviTO_4test5types6TestIdNtB1r_13TestDescAndFnEEEB1t_
0000000100007c2c t __RINvNtCsgtPOCBgevO_4core3ptr9drop_glueINtNtNtCslJsSqIQKwiA_5alloc3vec9into_iter8IntoIterTNtNtCs3O4ZRUMviTO_4test5types8TestDescNtNtB1t_11test_result10TestResultNtNtB4_4time8DurationINtBF_3VechEEEEB1t_
0000000100007c94 t __RINvNtCsgtPOCBgevO_4core3ptr9drop_glueINtNtNtNtB4_4iter8adapters8peekable8PeekableINtNtNtCslJsSqIQKwiA_5alloc3vec9into_iter8IntoIterNtNtB1p_6string6StringEEECs3O4ZRUMviTO_4test
0000000100007d44 t __RINvNtCsgtPOCBgevO_4core3ptr9drop_glueINtNtNtNtCsa9BKTri5B3M_3std11collections4hash3map7HashMapNtNtCs3O4ZRUMviTO_4test5types6TestIdNtNvB1z_9run_tests11RunningTestINtNtB4_4hash18BuildHasherDefaultNtNtNtBJ_4hash6random13DefaultHasherEEEB1z_
0000000100007e1c t __RINvNtCsgtPOCBgevO_4core3ptr9drop_glueINtNtNtNtCsa9BKTri5B3M_3std11collections4hash3map7HashMapNtNtCslJsSqIQKwiA_5alloc6string6StringINtNtB1z_3vec3VechEEECs3O4ZRUMviTO_4test
0000000100007f24 t __RINvNtCsgtPOCBgevO_4core3ptr9drop_glueINtNtNtNtCsa9BKTri5B3M_3std11collections4hash3map7HashMapNtNtCslJsSqIQKwiA_5alloc6string6StringbEECs3O4ZRUMviTO_4test
0000000100008008 t __RINvNtCsgtPOCBgevO_4core3ptr9drop_glueINtNtNtNtCsa9BKTri5B3M_3std11collections4hash3map7HashMapNtNtCslJsSqIQKwiA_5alloc6string6StringmEECs3O4ZRUMviTO_4test
00000001000080ec t __RINvNtCsgtPOCBgevO_4core3ptr9drop_glueINtNtNtNtCsa9BKTri5B3M_3std2io8buffered9bufreader9BufReaderNtNtBJ_2fs4FileEECs3O4ZRUMviTO_4test
0000000100008120 t __RINvNtCsgtPOCBgevO_4core3ptr9drop_glueINtNtNtNtCsa9BKTri5B3M_3std3sys4sync8once_box7OnceBoxNtNtNtNtNtBH_3pal4unix4sync5mutex5MutexEECs3O4ZRUMviTO_4test
0000000100008180 t __RINvNtCsgtPOCBgevO_4core3ptr9drop_glueINtNtNtNtCsa9BKTri5B3M_3std4sync4mpmc4zero6PacketNtNtCs3O4ZRUMviTO_4test5event13CompletedTestEEB1r_
0000000100008234 t __RINvNtCsgtPOCBgevO_4core3ptr9drop_glueINtNtNtNtCsa9BKTri5B3M_3std4sync4mpmc5error16SendTimeoutErrorNtNtCs3O4ZRUMviTO_4test5event13CompletedTestEEB1D_
0000000100008304 t __RINvNtCsgtPOCBgevO_4core3ptr9drop_glueINtNtNtNtCsa9BKTri5B3M_3std4sync4mpmc7counter7CounterINtNtBF_4list7ChannelNtNtCs3O4ZRUMviTO_4test5event13CompletedTestEEEB1Q_
0000000100008430 t __RINvNtCsgtPOCBgevO_4core3ptr9drop_glueINtNtNtNtCsa9BKTri5B3M_3std4sync6poison5mutex10MutexGuardINtNtB4_6option6OptionNCNvCs3O4ZRUMviTO_4test8run_test0EEEB1V_
0000000100008488 t __RINvNtCsgtPOCBgevO_4core3ptr9drop_glueINtNtNtNtCsa9BKTri5B3M_3std4sync6poison5mutex5MutexINtNtB4_6option6OptionNCNvCs3O4ZRUMviTO_4test8run_test0EEEB1P_
0000000100008534 t __RINvNtCsgtPOCBgevO_4core3ptr9drop_glueINtNtNtNtCsa9BKTri5B3M_3std4sync6poison5mutex5MutexNtNtNtBH_4mpmc5waker5WakerEECs3O4ZRUMviTO_4test
00000001000085d8 t __RINvNtCsgtPOCBgevO_4core3ptr9drop_glueINtNvNtCsa9BKTri5B3M_3std2io17default_write_fmt7AdapterINtNtCslJsSqIQKwiA_5alloc3vec3VechEEECs3O4ZRUMviTO_4test
00000001000085e8 t __RINvNtCsgtPOCBgevO_4core3ptr9drop_glueINtNvXs5_NtNtCslJsSqIQKwiA_5alloc3vec5drainINtBJ_5DrainppENtNtNtB4_3ops4drop4Drop4drop9DropGuardNtNtNtNtCsa9BKTri5B3M_3std4sync4mpmc5waker5EntryNtNtBN_5alloc6GlobalEECs3O4ZRUMviTO_4test
0000000100008650 t __RINvNtCsgtPOCBgevO_4core3ptr9drop_glueINtNvXs_NtNtCslJsSqIQKwiA_5alloc11collections9vec_dequeINtBI_8VecDequeppENtNtNtB4_3ops4drop4Drop4drop7DropperTNtNtCs3O4ZRUMviTO_4test5types6TestIdNtB2o_13TestDescAndFnEEEB2q_
0000000100008714 t __RINvNtCsgtPOCBgevO_4core3ptr9drop_glueNCINvCs3O4ZRUMviTO_4test15test_main_innerNCNvBF_16test_main_static0E0EBF_
0000000100008780 t __RINvNtCsgtPOCBgevO_4core3ptr9drop_glueNCINvNtNtCsa9BKTri5B3M_3std6thread9lifecycle15spawn_uncheckedNCNvCs3O4ZRUMviTO_4test8run_tests_0uEs_0EB1D_
0000000100008828 t __RINvNtCsgtPOCBgevO_4core3ptr9drop_glueNCNCINvCs3O4ZRUMviTO_4test15test_main_innerNCNvBH_16test_main_static0Es_00EBH_
000000010000884c t __RINvNtCsgtPOCBgevO_4core3ptr9drop_glueNCNvCs3O4ZRUMviTO_4test8run_test0EBE_
00000001000088dc t __RINvNtCsgtPOCBgevO_4core3ptr9drop_glueNtCs2kLJYcThBmZ_7getopts3OptECs3O4ZRUMviTO_4test
0000000100008974 t __RINvNtCsgtPOCBgevO_4core3ptr9drop_glueNtCs2kLJYcThBmZ_7getopts4FailECs3O4ZRUMviTO_4test
000000010000898c t __RINvNtCsgtPOCBgevO_4core3ptr9drop_glueNtCs2kLJYcThBmZ_7getopts7MatchesECs3O4ZRUMviTO_4test
0000000100008ae8 t __RINvNtCsgtPOCBgevO_4core3ptr9drop_glueNtCs2kLJYcThBmZ_7getopts7OptionsECs3O4ZRUMviTO_4test
0000000100008ba4 t __RINvNtCsgtPOCBgevO_4core3ptr9drop_glueNtNtCs3O4ZRUMviTO_4test3cli8TestOptsEBE_
0000000100008c8c t __RINvNtCsgtPOCBgevO_4core3ptr9drop_glueNtNtCs3O4ZRUMviTO_4test5event13CompletedTestEBE_
0000000100008d34 t __RINvNtCsgtPOCBgevO_4core3ptr9drop_glueNtNtCs3O4ZRUMviTO_4test5event9TestEventEBE_
0000000100008ea8 t __RINvNtCsgtPOCBgevO_4core3ptr9drop_glueNtNtCs3O4ZRUMviTO_4test5types12RunnableTestEBE_
0000000100008f48 t __RINvNtCsgtPOCBgevO_4core3ptr9drop_glueNtNtCs3O4ZRUMviTO_4test5types13TestDescAndFnEBE_
0000000100008fc0 t __RINvNtCsgtPOCBgevO_4core3ptr9drop_glueNtNtCs3O4ZRUMviTO_4test5types6TestFnEBE_
000000010000907c t __RINvNtCsgtPOCBgevO_4core3ptr9drop_glueNtNtCs3O4ZRUMviTO_4test5types8TestDescEBE_
00000001000090d8 t __RINvNtCsgtPOCBgevO_4core3ptr9drop_glueNtNtCs3O4ZRUMviTO_4test5types8TestNameEBE_
0000000100009130 t __RINvNtCsgtPOCBgevO_4core3ptr9drop_glueNtNtCs3O4ZRUMviTO_4test7console16ConsoleTestStateEBE_
0000000100009218 t __RINvNtCsgtPOCBgevO_4core3ptr9drop_glueNtNtCsa9BKTri5B3M_3std3env4ArgsECs3O4ZRUMviTO_4test
00000001000092b0 t __RINvNtCsgtPOCBgevO_4core3ptr9drop_glueNtNtCsa9BKTri5B3M_3std7process7CommandECs3O4ZRUMviTO_4test
0000000100009550 t __RINvNtCsgtPOCBgevO_4core3ptr9drop_glueNtNtCslJsSqIQKwiA_5alloc6string6StringECs3O4ZRUMviTO_4test
0000000100009568 t __RINvNtCsgtPOCBgevO_4core3ptr9drop_glueNtNtNtCsa9BKTri5B3M_3std2io5error5ErrorECs3O4ZRUMviTO_4test
000000010000961c t __RINvNtCsgtPOCBgevO_4core3ptr9drop_glueNtNtNtCsa9BKTri5B3M_3std6thread9lifecycle10ThreadInitECs3O4ZRUMviTO_4test
00000001000096c4 t __RINvNtCsgtPOCBgevO_4core3ptr9drop_glueNtNtNtCsa9BKTri5B3M_3std6thread9spawnhook10SpawnHooksECs3O4ZRUMviTO_4test
0000000100009744 t __RINvNtCsgtPOCBgevO_4core3ptr9drop_glueNtNtNtCsa9BKTri5B3M_3std6thread9spawnhook15ChildSpawnHooksECs3O4ZRUMviTO_4test
00000001000097d8 t __RINvNtCsgtPOCBgevO_4core3ptr9drop_glueNtNtNtNtCsa9BKTri5B3M_3std3sys7process3env10CommandEnvECs3O4ZRUMviTO_4test
0000000100009894 t __RINvNtCsgtPOCBgevO_4core3ptr9drop_glueNtNtNtNtCsa9BKTri5B3M_3std4sync4mpmc5waker5WakerECs3O4ZRUMviTO_4test
00000001000098d0 t __RINvNtCsgtPOCBgevO_4core3ptr9drop_glueNtNvCs3O4ZRUMviTO_4test9run_tests12TimeoutEntryEBE_
000000010000992c t __RINvNtCsgtPOCBgevO_4core3ptr9drop_glueNtNvXsf_NtNtCslJsSqIQKwiA_5alloc5boxed7convertINtBK_3BoxDNtNtB4_5error5ErrorNtNtB4_6marker4SyncNtB1Q_4SendEL_EINtNtB4_7convert4FromNtNtBM_6string6StringE4from11StringErrorECs3O4ZRUMviTO_4test
0000000100009944 t __RINvNtCsgtPOCBgevO_4core3ptr9drop_glueSNtCs2kLJYcThBmZ_7getopts3OptECs3O4ZRUMviTO_4test
00000001000099d0 t __RINvNtCsgtPOCBgevO_4core3ptr9drop_glueSTNtNtCs3O4ZRUMviTO_4test5types8TestDescNtNtBG_11test_result10TestResultNtNtB4_4time8DurationINtNtCslJsSqIQKwiA_5alloc3vec3VechEEEBG_
0000000100009ab8 t __RINvNtCsgtPOCBgevO_4core3ptr9drop_glueTNtNtCs3O4ZRUMviTO_4test5types6TestIdNtBD_13TestDescAndFnEEBF_
0000000100009b30 t __RINvNtCsgtPOCBgevO_4core3ptr9drop_glueTNtNtCs3O4ZRUMviTO_4test5types8TestDescINtNtCslJsSqIQKwiA_5alloc3vec3VechEEEBF_
0000000100009bc0 t __RINvNtCsgtPOCBgevO_4core3ptr9drop_glueTNtNtCs3O4ZRUMviTO_4test5types8TestDescNtNtBF_11test_result10TestResultNtNtB4_4time8DurationINtNtCslJsSqIQKwiA_5alloc3vec3VechEEEBF_
0000000100009c68 T __RINvNtNtCsa9BKTri5B3M_3std3sys9backtrace28___rust_begin_short_backtraceNCNCNCINvNtNtB6_6thread9lifecycle15spawn_uncheckedNCNvCs3O4ZRUMviTO_4test8run_tests_0uEs_000uEB1Z_
0000000100009c90 T __RINvNtNtCsa9BKTri5B3M_3std3sys9backtrace28___rust_begin_short_backtraceNCNvCs3O4ZRUMviTO_4test8run_tests_0uEB1b_
0000000100009e24 t __RINvNtNtCsgtPOCBgevO_4core4iter8adapters11try_processINtNtB2_10filter_map9FilterMapINtNtNtB6_3ops5range5RangejENCNvNtNtNtNtCs3O4ZRUMviTO_4test4term8terminfo6parser8compiled5parses0_0ETNtNtCslJsSqIQKwiA_5alloc6string6StringmEINtNtB6_6result6ResultNtNtB6_7convert10InfallibleNtNtNtCsa9BKTri5B3M_3std2io5error5ErrorENCINvXso_B3D_IB3B_INtNtNtNtB4t_11collections4hash3map7HashMapB2W_mEB4n_EINtNtNtB4_6traits7collect12FromIteratorIB3B_B2V_B4n_EE9from_iterBP_E0B5j_EB1X_
000000010000a140 t __RINvNtNtCsgtPOCBgevO_4core4iter8adapters11try_processINtNtB2_10filter_map9FilterMapINtNtNtB6_3ops5range5RangejENCNvNtNtNtNtCs3O4ZRUMviTO_4test4term8terminfo6parser8compiled5parses_0ETNtNtCslJsSqIQKwiA_5alloc6string6StringbEINtNtB6_6result6ResultNtNtB6_7convert10InfallibleNtNtNtCsa9BKTri5B3M_3std2io5error5ErrorENCINvXso_B3C_IB3A_INtNtNtNtB4s_11collections4hash3map7HashMapB2V_bEB4m_EINtNtNtB4_6traits7collect12FromIteratorIB3A_B2U_B4m_EE9from_iterBP_E0B5i_EB1X_
000000010000a6f0 t __RINvNtNtCsgtPOCBgevO_4core4iter8adapters11try_processINtNtB2_3map3MapINtNtB2_6filter6FilterINtNtB2_9enumerate9EnumerateINtNtNtCslJsSqIQKwiA_5alloc3vec9into_iter8IntoItertEENCNvNtNtNtNtCs3O4ZRUMviTO_4test4term8terminfo6parser8compiled5parses2_0ENCB2M_s3_0ETNtNtB20_6string6StringINtB1Y_3VechEEINtNtB6_6result6ResultNtNtB6_7convert10InfallibleB46_ENCINvXso_B4J_IB4H_INtNtNtNtCsa9BKTri5B3M_3std11collections4hash3map7HashMapB46_B4s_EB46_EINtNtNtB4_6traits7collect12FromIteratorIB4H_B45_B46_EE9from_iterBP_E0B5Q_EB2W_
000000010000ab9c t __RINvNtNtCsgtPOCBgevO_4core4iter8adapters11try_processINtNtB2_3map3MapINtNtNtB6_3ops5range5RangejENCNvNtNtNtNtCs3O4ZRUMviTO_4test4term8terminfo6parser8compiled5parses1_0EtINtNtB6_6result6ResultNtNtB6_7convert10InfallibleNtNtNtCsa9BKTri5B3M_3std2io5error5ErrorENCINvXso_B2L_IB2J_INtNtCslJsSqIQKwiA_5alloc3vec3VectEB3v_EINtNtNtB4_6traits7collect12FromIteratorIB2J_tB3v_EE9from_iterBP_E0B4r_EB1J_
000000010000ad34 T __RINvNtNtNtCsgtPOCBgevO_4core5slice4sort6stable14driftsort_mainNtNtCslJsSqIQKwiA_5alloc6string6StringNvYBY_NtNtB8_3cmp10PartialOrd2ltINtNtB12_3vec3VecBY_EECs3O4ZRUMviTO_4test
000000010000ae80 T __RINvNtNtNtCsgtPOCBgevO_4core5slice4sort6stable14driftsort_maindNCINvMNtCslJsSqIQKwiA_5alloc5sliceSd7sort_byNCNvNtCs3O4ZRUMviTO_4test5stats10local_sort0E0INtNtB17_3vec3VecdEEB1N_
000000010000afa4 T __RINvNtNtNtCsgtPOCBgevO_4core5slice4sort8unstable7ipnsortjNvYjNtNtB8_3cmp10PartialOrd2ltECs3O4ZRUMviTO_4test
000000010000b0d0 t __RINvNtNtNtNtCsa9BKTri5B3M_3std3sys12thread_local6native4lazy7destroyINtNtCsgtPOCBgevO_4core4cell4CellINtNtB19_6option6OptionNtNtNtNtBa_4sync4mpmc7context7ContextEEECs3O4ZRUMviTO_4test
000000010000b120 t __RINvNtNtNtNtCsa9BKTri5B3M_3std3sys12thread_local6native5eager7destroyINtNtCsgtPOCBgevO_4core4cell4CellNtNtNtBa_6thread9spawnhook10SpawnHooksEECs3O4ZRUMviTO_4test
000000010000b1a4 t __RINvNtNtNtNtCsgtPOCBgevO_4core5slice4sort6shared5pivot11median3_recNtNtCslJsSqIQKwiA_5alloc6string6StringNvYB13_NtNtBa_3cmp10PartialOrd2ltECs3O4ZRUMviTO_4test
000000010000b2d8 t __RINvNtNtNtNtCsgtPOCBgevO_4core5slice4sort6shared5pivot11median3_recdNCINvMNtCslJsSqIQKwiA_5alloc5sliceSd7sort_byNCNvNtCs3O4ZRUMviTO_4test5stats10local_sort0E0EB1S_
000000010000b3bc t __RINvNtNtNtNtCsgtPOCBgevO_4core5slice4sort6shared5pivot11median3_recjNvYjNtNtBa_3cmp10PartialOrd2ltECs3O4ZRUMviTO_4test
000000010000b488 t __RINvNtNtNtNtCsgtPOCBgevO_4core5slice4sort6shared9smallsort12sort4_stableNtNtCslJsSqIQKwiA_5alloc6string6StringNvYB18_NtNtBa_3cmp10PartialOrd2ltECs3O4ZRUMviTO_4test
000000010000b608 t __RINvNtNtNtNtCsgtPOCBgevO_4core5slice4sort6shared9smallsort12sort8_stabledNCINvMNtCslJsSqIQKwiA_5alloc5sliceSd7sort_byNCNvNtCs3O4ZRUMviTO_4test5stats10local_sort0E0EB1X_
000000010000b990 t __RINvNtNtNtNtCsgtPOCBgevO_4core5slice4sort6shared9smallsort25insertion_sort_shift_leftNtNtCslJsSqIQKwiA_5alloc6string6StringNvYB1l_NtNtBa_3cmp10PartialOrd2ltECs3O4ZRUMviTO_4test
000000010000ba84 t __RINvNtNtNtNtCsgtPOCBgevO_4core5slice4sort6shared9smallsort25insertion_sort_shift_leftdNCINvMNtCslJsSqIQKwiA_5alloc5sliceSd7sort_byNCNvNtCs3O4ZRUMviTO_4test5stats10local_sort0E0EB2a_
000000010000bb08 t __RINvNtNtNtNtCsgtPOCBgevO_4core5slice4sort6shared9smallsort25insertion_sort_shift_leftjNvYjNtNtBa_3cmp10PartialOrd2ltECs3O4ZRUMviTO_4test
000000010000bb7c t __RINvNtNtNtNtCsgtPOCBgevO_4core5slice4sort6stable5drift4sortNtNtCslJsSqIQKwiA_5alloc6string6StringNvYBV_NtNtBa_3cmp10PartialOrd2ltECs3O4ZRUMviTO_4test
000000010000c160 t __RINvNtNtNtNtCsgtPOCBgevO_4core5slice4sort6stable5drift4sortdNCINvMNtCslJsSqIQKwiA_5alloc5sliceSd7sort_byNCNvNtCs3O4ZRUMviTO_4test5stats10local_sort0E0EB1K_
000000010000c6c8 T __RINvNtNtNtNtCsgtPOCBgevO_4core5slice4sort6stable9quicksort9quicksortNtNtCslJsSqIQKwiA_5alloc6string6StringNvYB14_NtNtBa_3cmp10PartialOrd2ltECs3O4ZRUMviTO_4test
000000010000cefc T __RINvNtNtNtNtCsgtPOCBgevO_4core5slice4sort6stable9quicksort9quicksortdNCINvMNtCslJsSqIQKwiA_5alloc5sliceSd7sort_byNCNvNtCs3O4ZRUMviTO_4test5stats10local_sort0E0EB1T_
000000010000d8a0 T __RINvNtNtNtNtCsgtPOCBgevO_4core5slice4sort8unstable8heapsort8heapsortjNvYjNtNtBa_3cmp10PartialOrd2ltECs3O4ZRUMviTO_4test
000000010000d954 t __RINvNtNtNtNtCsgtPOCBgevO_4core5slice4sort8unstable9quicksort9quicksortjNvYjNtNtBa_3cmp10PartialOrd2ltECs3O4ZRUMviTO_4test
000000010000e1a8 t __RINvNvNtCsa9BKTri5B3M_3std2io19default_read_to_end16small_probe_readINtNtNtCsgtPOCBgevO_4core2io4util4TakeQDNtB4_4ReadEL_EECs3O4ZRUMviTO_4test
000000010000e378 t __RINvXs_NvMNtCslJsSqIQKwiA_5alloc5sliceSp9to_vec_inhNtB5_10ConvertVec6to_vecNtNtBa_5alloc6GlobalECs3O4ZRUMviTO_4test
000000010000e3ec t __RINvYINtNtCsgtPOCBgevO_4core4hash18BuildHasherDefaultNtNtNtCsa9BKTri5B3M_3std4hash6random13DefaultHasherENtB6_11BuildHasher8hash_oneRNtNtCs3O4ZRUMviTO_4test5types6TestIdEB2b_
000000010000e4f4 t __RINvYNtNtNtCsa9BKTri5B3M_3std4hash6random11RandomStateNtNtCsgtPOCBgevO_4core4hash11BuildHasher8hash_oneRNtNtCslJsSqIQKwiA_5alloc6string6StringECs3O4ZRUMviTO_4test
000000010000e618 t __RINvYNtNtNtCsa9BKTri5B3M_3std4hash6random11RandomStateNtNtCsgtPOCBgevO_4core4hash11BuildHasher8hash_oneReECs3O4ZRUMviTO_4test
000000010000e740 t __RINvYNtNtNtCsgtPOCBgevO_4core3str4iter11CharIndicesNtNtNtNtB9_4iter6traits8iterator8Iterator8try_foldINtNtNtB9_3num7nonzero7NonZerojENCNvXs_NvBN_10advance_byB3_NtB2e_13SpecAdvanceBy15spec_advance_by0INtNtB9_6option6OptionB1B_EECs3O4ZRUMviTO_4test
000000010000e7b0 t __RNCINvCs3O4ZRUMviTO_4test15test_main_innerNCNvB4_16test_main_static0E0B4_
000000010000e98c t __RNCINvMs6_NtCs9nAj5kJTqSU_9hashbrown3rawINtB8_8RawTableTNtNtCs3O4ZRUMviTO_4test5types6TestIdNtNvBW_9run_tests11RunningTestEE14reserve_rehashNCINvNtBa_3map11make_hasherBS_B1s_INtNtCsgtPOCBgevO_4core4hash18BuildHasherDefaultNtNtNtCsa9BKTri5B3M_3std4hash6random13DefaultHasherEE0E0BW_
000000010000e99c t __RNCINvMs6_NtCs9nAj5kJTqSU_9hashbrown3rawINtB8_8RawTableTNtNtCslJsSqIQKwiA_5alloc6string6StringINtNtBW_3vec3VechEEE14reserve_rehashNCINvNtBa_3map11make_hasherBS_B1u_NtNtNtCsa9BKTri5B3M_3std4hash6random11RandomStateE0E0Cs3O4ZRUMviTO_4test
000000010000e9c0 t __RNCINvMs6_NtCs9nAj5kJTqSU_9hashbrown3rawINtB8_8RawTableTNtNtCslJsSqIQKwiA_5alloc6string6StringbEE14reserve_rehashNCINvNtBa_3map11make_hasherBS_bNtNtNtCsa9BKTri5B3M_3std4hash6random11RandomStateE0E0Cs3O4ZRUMviTO_4test
000000010000e9dc t __RNCINvMs6_NtCs9nAj5kJTqSU_9hashbrown3rawINtB8_8RawTableTNtNtCslJsSqIQKwiA_5alloc6string6StringmEE14reserve_rehashNCINvNtBa_3map11make_hasherBS_mNtNtNtCsa9BKTri5B3M_3std4hash6random11RandomStateE0E0Cs3O4ZRUMviTO_4test
000000010000e9f8 t __RNCNCINvNtNtCsa9BKTri5B3M_3std6thread9spawnhook14add_spawn_hookNCINvCs3O4ZRUMviTO_4test15test_main_innerNCNvB14_16test_main_static0Es_0NCNCB11_s_00E00B14_
000000010000eb00 t __RNCNvCs3O4ZRUMviTO_4test8run_test0B3_
000000010000f810 t __RNCNvMs1_NtNtNtCsa9BKTri5B3M_3std4sync4mpmc4listINtB7_7ChannelNtNtCs3O4ZRUMviTO_4test5event13CompletedTestE4recvs_0B12_
000000010000f9cc t __RNCNvMs1_NtNtNtCsa9BKTri5B3M_3std4sync4mpmc4zeroINtB7_7ChannelNtNtCs3O4ZRUMviTO_4test5event13CompletedTestE4send0B12_
0000000100010068 t __RNCNvMs_NtNtNtCsa9BKTri5B3M_3std4sync4mpmc5arrayINtB6_7ChannelNtNtCs3O4ZRUMviTO_4test5event13CompletedTestE4send0B12_
0000000100010234 t __RNCNvNtCs3O4ZRUMviTO_4test7console17run_tests_consoles0_0B5_
0000000100011308 t __RNSNvYNCINvCs3O4ZRUMviTO_4test15test_main_innerNCNvB9_16test_main_static0E0INtNtNtCsgtPOCBgevO_4core3ops8function6FnOnceTRNtNtCsa9BKTri5B3M_3std5panic13PanicHookInfoEE9call_once6vtableB9_
00000001000113a4 t __RNSNvYNCINvNtNtCsa9BKTri5B3M_3std6thread9lifecycle15spawn_uncheckedNCNvCs3O4ZRUMviTO_4test8run_tests_0uEs_0INtNtNtCsgtPOCBgevO_4core3ops8function6FnOnceuE9call_once6vtableB17_
0000000100011508 t __RNSNvYNCNCINvCs3O4ZRUMviTO_4test15test_main_innerNCNvBb_16test_main_static0Es_00INtNtNtCsgtPOCBgevO_4core3ops8function6FnOnceuE9call_once6vtableBb_
000000010001154c t __RNSNvYNCNCINvNtNtCsa9BKTri5B3M_3std6thread9spawnhook14add_spawn_hookNCINvCs3O4ZRUMviTO_4test15test_main_innerNCNvB19_16test_main_static0Es_0NCNCB16_s_00E00INtNtNtCsgtPOCBgevO_4core3ops8function6FnOnceTRNtNtBd_6thread6ThreadEE9call_once6vtableB19_
0000000100011550 T __RNvCs3O4ZRUMviTO_4test12filter_tests
0000000100012820 T __RNvCs3O4ZRUMviTO_4test16test_main_static
0000000100012cec T __RNvCs3O4ZRUMviTO_4test27convert_benchmarks_to_tests
0000000100012f70 T __RNvCs3O4ZRUMviTO_4test8run_test
0000000100014aec T __RNvMNtCs3O4ZRUMviTO_4test5statsNtB2_7Summary3new
0000000100015034 t __RNvMNtCslJsSqIQKwiA_5alloc6stringNtB2_6String9from_utf8
00000001000150e0 t __RNvMNtNtCs3O4ZRUMviTO_4test10formatters4jsonINtB2_13JsonFormatterNtNtNtCsa9BKTri5B3M_3std2io5stdio10StdoutLockE11write_eventB6_
00000001000154b4 t __RNvMNtNtCs3O4ZRUMviTO_4test10formatters4jsonINtB2_13JsonFormatterNtNtNtCsa9BKTri5B3M_3std2io5stdio6StdoutE11write_eventB6_
0000000100015888 t __RNvMNtNtCs3O4ZRUMviTO_4test10formatters5junitINtB2_14JunitFormatterNtNtNtCsa9BKTri5B3M_3std2io5stdio6StdoutE13write_messageB6_
0000000100015914 t __RNvMNtNtCs3O4ZRUMviTO_4test10formatters5terseINtB2_14TerseFormatterNtNtNtCsa9BKTri5B3M_3std2io5stdio10StdoutLockE14write_progressB6_
00000001000159f4 t __RNvMNtNtCs3O4ZRUMviTO_4test10formatters5terseINtB2_14TerseFormatterNtNtNtCsa9BKTri5B3M_3std2io5stdio10StdoutLockE15write_test_nameB6_
0000000100015c10 t __RNvMNtNtCs3O4ZRUMviTO_4test10formatters5terseINtB2_14TerseFormatterNtNtNtCsa9BKTri5B3M_3std2io5stdio10StdoutLockE18write_short_resultB6_
0000000100015d5c t __RNvMNtNtCs3O4ZRUMviTO_4test10formatters5terseINtB2_14TerseFormatterNtNtNtCsa9BKTri5B3M_3std2io5stdio6StdoutE14write_progressB6_
0000000100015e3c t __RNvMNtNtCs3O4ZRUMviTO_4test10formatters5terseINtB2_14TerseFormatterNtNtNtCsa9BKTri5B3M_3std2io5stdio6StdoutE15write_test_nameB6_
0000000100016058 t __RNvMNtNtCs3O4ZRUMviTO_4test10formatters5terseINtB2_14TerseFormatterNtNtNtCsa9BKTri5B3M_3std2io5stdio6StdoutE18write_short_resultB6_
00000001000161a4 t __RNvMNtNtCs3O4ZRUMviTO_4test10formatters6prettyINtB2_15PrettyFormatterNtNtNtCsa9BKTri5B3M_3std2io5stdio10StdoutLockE13write_resultsB6_
0000000100016874 t __RNvMNtNtCs3O4ZRUMviTO_4test10formatters6prettyINtB2_15PrettyFormatterNtNtNtCsa9BKTri5B3M_3std2io5stdio10StdoutLockE15write_test_nameB6_
0000000100016a90 t __RNvMNtNtCs3O4ZRUMviTO_4test10formatters6prettyINtB2_15PrettyFormatterNtNtNtCsa9BKTri5B3M_3std2io5stdio6StdoutE13write_resultsB6_
0000000100017160 t __RNvMNtNtCs3O4ZRUMviTO_4test10formatters6prettyINtB2_15PrettyFormatterNtNtNtCsa9BKTri5B3M_3std2io5stdio6StdoutE15write_test_nameB6_
000000010001737c t __RNvMNtNtNtCsa9BKTri5B3M_3std4sync4mpmc5wakerNtB2_5Waker6notify
0000000100017470 T __RNvMNvCs3O4ZRUMviTO_4test9run_testsNtB2_11RunningTest4join
00000001000176a0 T __RNvMs0_NtCs3O4ZRUMviTO_4test4timeNtB5_13TimeThreshold12from_env_var
00000001000179e4 t __RNvMs0_NtNtNtCsa9BKTri5B3M_3std4sync4mpmc5wakerNtB5_9SyncWaker10disconnect
0000000100017b88 t __RNvMs0_NtNtNtCsa9BKTri5B3M_3std4sync4mpmc5wakerNtB5_9SyncWaker10unregister
0000000100017d70 t __RNvMs0_NtNtNtCsa9BKTri5B3M_3std4sync4mpmc5wakerNtB5_9SyncWaker6notify
0000000100017ff4 t __RNvMs0_NtNtNtCsa9BKTri5B3M_3std4sync4mpmc5wakerNtB5_9SyncWaker8register
00000001000181ac t __RNvMs1_NtCs9nAj5kJTqSU_9hashbrown3mapINtB5_7HashMapNtNtCslJsSqIQKwiA_5alloc6string6StringINtNtBR_3vec3VechENtNtNtCsa9BKTri5B3M_3std4hash6random11RandomStateE6insertCs3O4ZRUMviTO_4test
000000010001846c t __RNvMs1_NtCs9nAj5kJTqSU_9hashbrown3mapINtB5_7HashMapNtNtCslJsSqIQKwiA_5alloc6string6StringmNtNtNtCsa9BKTri5B3M_3std4hash6random11RandomStateE6insertCs3O4ZRUMviTO_4test
00000001000186ac t __RNvMs1_NtNtNtCsa9BKTri5B3M_3std4sync4mpmc4listINtB5_7ChannelNtNtCs3O4ZRUMviTO_4test5event13CompletedTestE4recvB10_
0000000100018b18 t __RNvMs1_NtNtNtCsa9BKTri5B3M_3std4sync4mpmc4zeroINtB5_7ChannelNtNtCs3O4ZRUMviTO_4test5event13CompletedTestE10disconnectB10_
0000000100018d08 t __RNvMs2_NtCs3O4ZRUMviTO_4test5typesNtB5_12RunnableTest3run
0000000100018ee8 t __RNvMs2_NtNtCs3O4ZRUMviTO_4test4term8terminfoINtB5_16TerminfoTerminalNtNtNtCsa9BKTri5B3M_3std2io5stdio6StdoutE3newB9_
000000010001b170 t __RNvMs2_NtNtCsa9BKTri5B3M_3std4sync4mpmcINtB5_6SenderNtNtCs3O4ZRUMviTO_4test5event13CompletedTestE4sendBS_
000000010001be0c T __RNvMs4_NtCs3O4ZRUMviTO_4test5typesNtB5_8TestDesc11padded_name
000000010001c028 t __RNvMsF_NtCslJsSqIQKwiA_5alloc3vecINtB5_3VecTjNtCs2kLJYcThBmZ_7getopts6OptvalEE8push_mutCs3O4ZRUMviTO_4test
000000010001c0a4 T __RNvMs_NtNtCs3O4ZRUMviTO_4test7helpers7metricsNtB4_9MetricMap13insert_metric
000000010001c9b8 t __RNvMsa_NtCs9nAj5kJTqSU_9hashbrown3rawNtB5_13RawTableInner15rehash_in_place
000000010001cc2c T __RNvMsn_NtCslJsSqIQKwiA_5alloc4syncINtB5_3ArcINtNtNtCsa9BKTri5B3M_3std6thread9lifecycle6PacketuEE9drop_slowCs3O4ZRUMviTO_4test
000000010001ccc4 T __RNvMsn_NtCslJsSqIQKwiA_5alloc4syncINtB5_3ArcINtNtNtNtCsa9BKTri5B3M_3std4sync6poison5mutex5MutexINtNtCsgtPOCBgevO_4core6option6OptionNCNvCs3O4ZRUMviTO_4test8run_test0EEE9drop_slowB2a_
000000010001cd5c T __RNvMsn_NtCslJsSqIQKwiA_5alloc4syncINtB5_3ArcNtNtNtCsa9BKTri5B3M_3std6thread6scoped9ScopeDataE9drop_slowCs3O4ZRUMviTO_4test
000000010001ce0c T __RNvMsn_NtCslJsSqIQKwiA_5alloc4syncINtB5_3ArcNtNtNtNtCsa9BKTri5B3M_3std4sync4mpmc7context5InnerE9drop_slowCs3O4ZRUMviTO_4test
000000010001cebc t __RNvMsz_NtNtNtCslJsSqIQKwiA_5alloc11collections5btree3mapINtB5_8IntoIterNtNtBb_6string6StringNtNtNtCs3O4ZRUMviTO_4test7helpers7metrics6MetricE10dying_nextB1y_
000000010001d0bc t __RNvMsz_NtNtNtCslJsSqIQKwiA_5alloc11collections5btree3mapINtB5_8IntoIterNtNtNtCsa9BKTri5B3M_3std3ffi6os_str8OsStringINtNtCsgtPOCBgevO_4core6option6OptionB17_EE10dying_nextCs3O4ZRUMviTO_4test
000000010001d2bc t __RNvNtCs3O4ZRUMviTO_4test11test_result11calc_result
000000010001d5fc t __RNvNtCs3O4ZRUMviTO_4test3cli10get_format
000000010001d870 T __RNvNtCs3O4ZRUMviTO_4test3cli10parse_opts
000000010001fd70 t __RNvNtCs3O4ZRUMviTO_4test3cli12get_log_file
000000010001fe58 t __RNvNtCs3O4ZRUMviTO_4test3cli13get_nocapture
000000010001ff34 t __RNvNtCs3O4ZRUMviTO_4test3cli15get_run_ignored
000000010001ffe4 t __RNvNtCs3O4ZRUMviTO_4test3cli16get_color_config
000000010002015c t __RNvNtCs3O4ZRUMviTO_4test3cli16get_test_threads
0000000100020394 t __RNvNtCs3O4ZRUMviTO_4test3cli9optgroups
000000010002079c T __RNvNtCs3O4ZRUMviTO_4test5bench17fmt_bench_samples
0000000100020948 t __RNvNtCs3O4ZRUMviTO_4test5bench17fmt_thousands_sep
0000000100020bec t __RNvNtCs3O4ZRUMviTO_4test5stats20percentile_of_sorted
0000000100020cf0 t __RNvNtCs3O4ZRUMviTO_4test7console13get_formatter
00000001000210cc T __RNvNtCs3O4ZRUMviTO_4test7console17run_tests_console
000000010002365c T __RNvNtCs3O4ZRUMviTO_4test7console18list_tests_console
0000000100023e44 t __RNvNtCsgtPOCBgevO_4core3ptr25swap_nonoverlapping_bytes
0000000100023f6c t __RNvNtCslJsSqIQKwiA_5alloc3fmt6format
0000000100024000 T __RNvNtNtCs3O4ZRUMviTO_4test10formatters5junit12str_to_cdata
000000010002433c T __RNvNtNtCs3O4ZRUMviTO_4test10formatters5junit16parse_class_name
0000000100024a1c T __RNvNtNtCs3O4ZRUMviTO_4test7helpers11concurrency15get_concurrency
0000000100024b34 T __RNvNtNtCs3O4ZRUMviTO_4test7helpers7shuffle13shuffle_tests
0000000100025018 T __RNvNtNtNtCs3O4ZRUMviTO_4test4term8terminfo4parm6expand
0000000100026474 t __RNvNtNtNtCs3O4ZRUMviTO_4test4term8terminfo4parm6format
00000001000268ec t __RNvNtNtNtNtCs3O4ZRUMviTO_4test4term8terminfo6parser8compiled9read_byte
00000001000269fc T __RNvNvCs3O4ZRUMviTO_4test9run_tests19get_timed_out_tests
0000000100026cd4 t __RNvXNtCsgtPOCBgevO_4core3anyNtNtCslJsSqIQKwiA_5alloc6string6StringNtB2_3Any7type_idCs3O4ZRUMviTO_4test
0000000100026ce8 t __RNvXNtNtCsgtPOCBgevO_4core4iter8adaptersINtB2_12GenericShuntINtNtB2_3map3MapINtNtNtB6_5slice4iter4IterNtNtCslJsSqIQKwiA_5alloc6string6StringENCINvMs0_Cs2kLJYcThBmZ_7getoptsNtB2o_7Options5parseRSB1C_Es0_0EINtNtB6_6result6ResultNtNtB6_7convert10InfallibleNtB2o_4FailEENtNtNtB4_6traits8iterator8Iterator4nextCs3O4ZRUMviTO_4test
0000000100026e34 t __RNvXNtNtCslJsSqIQKwiA_5alloc3vec21spec_from_iter_nestedINtB4_3VecNtNtB6_6string6StringEINtB2_18SpecFromIterNestedB11_INtNtNtNtCsgtPOCBgevO_4core4iter8adapters3map3MapINtNtNtB20_3str4iter5SplitcENCNvNtNtNtNtCs3O4ZRUMviTO_4test4term8terminfo6parser8compiled5parse0EE9from_iterB3i_
0000000100027114 t __RNvXNtNtCslJsSqIQKwiA_5alloc3vec21spec_from_iter_nestedINtB4_3VecNtNtB6_6string6StringEINtB2_18SpecFromIterNestedB11_NtNtCsa9BKTri5B3M_3std3env4ArgsE9from_iterCs3O4ZRUMviTO_4test
000000010002742c t __RNvXNtNtCslJsSqIQKwiA_5alloc3vec21spec_from_iter_nestedINtB4_3VecReEINtB2_18SpecFromIterNestedB11_INtNtNtCsgtPOCBgevO_4core3str4iter5SplitB11_EE9from_iterCs3O4ZRUMviTO_4test
0000000100027660 t __RNvXNvNtCsa9BKTri5B3M_3std2io17default_write_fmtINtB2_7AdapterINtNtCslJsSqIQKwiA_5alloc3vec3VechEENtNtCsgtPOCBgevO_4core3fmt5Write9write_strCs3O4ZRUMviTO_4test
00000001000276e4 t __RNvXNvNtCsa9BKTri5B3M_3std2io17default_write_fmtINtB2_7AdapterINtNtNtCs3O4ZRUMviTO_4test4term8terminfo16TerminfoTerminalNtNtB4_5stdio6StdoutEENtNtCsgtPOCBgevO_4core3fmt5Write9write_strB15_
0000000100027734 t __RNvXNvNtCsa9BKTri5B3M_3std2io17default_write_fmtINtB2_7AdapterNtNtNtNtB6_3sys5stdio4unix6StderrENtNtCsgtPOCBgevO_4core3fmt5Write9write_strCs3O4ZRUMviTO_4test
0000000100027784 t __RNvXs0_NtNtCs3O4ZRUMviTO_4test10formatters4jsonINtB5_13EscapedStringINtNtCslJsSqIQKwiA_5alloc6borrow3CoweEENtNtCsgtPOCBgevO_4core3fmt7Display3fmtB9_
0000000100027ad8 t __RNvXs0_NtNtCs3O4ZRUMviTO_4test10formatters4jsonINtB5_13EscapedStringRNtNtCslJsSqIQKwiA_5alloc6string6StringENtNtCsgtPOCBgevO_4core3fmt7Display3fmtB9_
0000000100027e2c t __RNvXs0_NtNtCs3O4ZRUMviTO_4test10formatters4jsonINtB5_13EscapedStringRReENtNtCsgtPOCBgevO_4core3fmt7Display3fmtB9_
0000000100028180 t __RNvXs0_NtNtCs3O4ZRUMviTO_4test10formatters4jsonINtB5_13EscapedStringReENtNtCsgtPOCBgevO_4core3fmt7Display3fmtB9_
00000001000284d4 t __RNvXs1_NtNtCs3O4ZRUMviTO_4test4term8terminfoINtB5_16TerminfoTerminalNtNtNtCsa9BKTri5B3M_3std2io5stdio6StdoutENtB7_8Terminal2fgB9_
00000001000286e4 t __RNvXs1_NtNtCs3O4ZRUMviTO_4test4term8terminfoINtB5_16TerminfoTerminalNtNtNtCsa9BKTri5B3M_3std2io5stdio6StdoutENtB7_8Terminal5resetB9_
0000000100028a64 t __RNvXs1g_NtCsgtPOCBgevO_4core3fmtRINtNtB8_6option6OptioncENtB6_5Debug3fmtCs3O4ZRUMviTO_4test
0000000100028ac8 t __RNvXs1g_NtCsgtPOCBgevO_4core3fmtRNtNtB8_4time8DurationNtB6_5Debug3fmtCs3O4ZRUMviTO_4test
0000000100028ad0 t __RNvXs1g_NtCsgtPOCBgevO_4core3fmtRNtNtNtCsa9BKTri5B3M_3std3ffi6os_str5OsStrNtB6_5Debug3fmtCs3O4ZRUMviTO_4test
0000000100028ae0 t __RNvXs1g_NtCsgtPOCBgevO_4core3fmtRcNtB6_5Debug3fmtCs3O4ZRUMviTO_4test
0000000100028ae8 t __RNvXs1g_NtCsgtPOCBgevO_4core3fmtReNtB6_5Debug3fmtCs3O4ZRUMviTO_4test
0000000100028af8 t __RNvXs1i_NtCsgtPOCBgevO_4core3fmtRNtNtCs3O4ZRUMviTO_4test4time12TestExecTimeNtB6_7Display3fmtBz_
0000000100028b60 t __RNvXs1i_NtCsgtPOCBgevO_4core3fmtRNtNtCs3O4ZRUMviTO_4test4time17TestSuiteExecTimeNtB6_7Display3fmtBz_
0000000100028bc8 t __RNvXs1i_NtCsgtPOCBgevO_4core3fmtRNtNtCs3O4ZRUMviTO_4test5types8TestNameNtB6_7Display3fmtBz_
0000000100028bfc t __RNvXs1i_NtCsgtPOCBgevO_4core3fmtRNtNtCslJsSqIQKwiA_5alloc6string6StringNtB6_7Display3fmtCs3O4ZRUMviTO_4test
0000000100028c0c t __RNvXs1i_NtCsgtPOCBgevO_4core3fmtRReNtB6_7Display3fmtCs3O4ZRUMviTO_4test
0000000100028c1c t __RNvXs1i_NtCsgtPOCBgevO_4core3fmtRbNtB6_7Display3fmtCs3O4ZRUMviTO_4test
0000000100028c24 t __RNvXs1i_NtCsgtPOCBgevO_4core3fmtReNtB6_7Display3fmtCs3O4ZRUMviTO_4test
0000000100028c34 t __RNvXs1i_NtCsgtPOCBgevO_4core3fmtRjNtB6_7Display3fmtCs3O4ZRUMviTO_4test
0000000100028c3c t __RNvXs3_NtNtCs3O4ZRUMviTO_4test4term8terminfoINtB5_16TerminfoTerminalNtNtNtCsa9BKTri5B3M_3std2io5stdio6StdoutENtB18_5Write5flushB9_
0000000100028c44 t __RNvXs3_NtNtCs3O4ZRUMviTO_4test4term8terminfoINtB5_16TerminfoTerminalNtNtNtCsa9BKTri5B3M_3std2io5stdio6StdoutENtB18_5Write5writeB9_
0000000100028c4c t __RNvXs3_NtNtCsgtPOCBgevO_4core3str4iterNtB5_11CharIndicesNtNtNtNtB9_4iter6traits8iterator8Iterator4next
0000000100028d30 t __RNvXs3_NtNtCsgtPOCBgevO_4core4hash3sipINtB5_6HasherNtB5_11Sip13RoundsENtB7_6Hasher5writeCs3O4ZRUMviTO_4test
0000000100028f18 t __RNvXs3_NtNtNtCsa9BKTri5B3M_3std2io8buffered9bufreaderINtB5_9BufReaderNtNtBb_2fs4FileENtB9_4Read10read_exactCs3O4ZRUMviTO_4test
0000000100029144 t __RNvXs3_NtNtNtCsa9BKTri5B3M_3std2io8buffered9bufreaderINtB5_9BufReaderNtNtBb_2fs4FileENtB9_4Read11read_to_endCs3O4ZRUMviTO_4test
0000000100029280 t __RNvXs3_NtNtNtCsa9BKTri5B3M_3std2io8buffered9bufreaderINtB5_9BufReaderNtNtBb_2fs4FileENtB9_4Read13read_vectoredCs3O4ZRUMviTO_4test
00000001000294a0 t __RNvXs3_NtNtNtCsa9BKTri5B3M_3std2io8buffered9bufreaderINtB5_9BufReaderNtNtBb_2fs4FileENtB9_4Read14read_buf_exactCs3O4ZRUMviTO_4test
00000001000295d4 t __RNvXs3_NtNtNtCsa9BKTri5B3M_3std2io8buffered9bufreaderINtB5_9BufReaderNtNtBb_2fs4FileENtB9_4Read14read_to_stringCs3O4ZRUMviTO_4test
000000010002978c t __RNvXs3_NtNtNtCsa9BKTri5B3M_3std2io8buffered9bufreaderINtB5_9BufReaderNtNtBb_2fs4FileENtB9_4Read16is_read_vectoredCs3O4ZRUMviTO_4test
0000000100029794 t __RNvXs3_NtNtNtCsa9BKTri5B3M_3std2io8buffered9bufreaderINtB5_9BufReaderNtNtBb_2fs4FileENtB9_4Read4readCs3O4ZRUMviTO_4test
00000001000298bc t __RNvXs3_NtNtNtCsa9BKTri5B3M_3std2io8buffered9bufreaderINtB5_9BufReaderNtNtBb_2fs4FileENtB9_4Read8read_bufCs3O4ZRUMviTO_4test
00000001000299d0 t __RNvXsC_NtCslJsSqIQKwiA_5alloc6stringNtNtNtCsa9BKTri5B3M_3std2io5error5ErrorNtB5_12SpecToString14spec_to_stringCs3O4ZRUMviTO_4test
0000000100029a8c t __RNvXsJ_NtNtCsa9BKTri5B3M_3std4sync4mpscNtB5_9RecvErrorNtNtCsgtPOCBgevO_4core3fmt5Debug3fmt
0000000100029aa0 t __RNvXsK_NtCsgtPOCBgevO_4core3fmtNtB5_5ErrorNtB5_5Debug3fmt
0000000100029ab4 t __RNvXsX_NtNtCsa9BKTri5B3M_3std4sync4mpscNtB5_16RecvTimeoutErrorNtNtCsgtPOCBgevO_4core3fmt5Debug3fmt
0000000100029ae8 t __RNvXsZ_NtCslJsSqIQKwiA_5alloc6stringNtB5_6StringNtNtCsgtPOCBgevO_4core3fmt5Write10write_char
0000000100029c00 t __RNvXsZ_NtCslJsSqIQKwiA_5alloc6stringNtB5_6StringNtNtCsgtPOCBgevO_4core3fmt5Write9write_str
0000000100029c84 T __RNvXs_NtCs3O4ZRUMviTO_4test5statsSdNtB4_5Stats10percentile
0000000100029d88 T __RNvXs_NtCs3O4ZRUMviTO_4test5statsSdNtB4_5Stats14median_abs_dev
0000000100029ed4 T __RNvXs_NtCs3O4ZRUMviTO_4test5statsSdNtB4_5Stats3sum
000000010002a0b0 T __RNvXs_NtCs3O4ZRUMviTO_4test5statsSdNtB4_5Stats9quartiles
000000010002a2cc T __RNvXs_NtCs3O4ZRUMviTO_4test5typesNtB4_8TestNameNtNtCsgtPOCBgevO_4core3fmt7Display3fmt
000000010002a300 t __RNvXs_NtNtCs3O4ZRUMviTO_4test10formatters4jsonINtB4_13JsonFormatterNtNtNtCsa9BKTri5B3M_3std2io5stdio10StdoutLockENtB6_15OutputFormatter12write_resultB8_
000000010002a848 t __RNvXs_NtNtCs3O4ZRUMviTO_4test10formatters4jsonINtB4_13JsonFormatterNtNtNtCsa9BKTri5B3M_3std2io5stdio10StdoutLockENtB6_15OutputFormatter13write_timeoutB8_
000000010002a9c8 t __RNvXs_NtNtCs3O4ZRUMviTO_4test10formatters4jsonINtB4_13JsonFormatterNtNtNtCsa9BKTri5B3M_3std2io5stdio10StdoutLockENtB6_15OutputFormatter15write_run_startB8_
000000010002aba0 t __RNvXs_NtNtCs3O4ZRUMviTO_4test10formatters4jsonINtB4_13JsonFormatterNtNtNtCsa9BKTri5B3M_3std2io5stdio10StdoutLockENtB6_15OutputFormatter16write_run_finishB8_
000000010002ae54 t __RNvXs_NtNtCs3O4ZRUMviTO_4test10formatters4jsonINtB4_13JsonFormatterNtNtNtCsa9BKTri5B3M_3std2io5stdio10StdoutLockENtB6_15OutputFormatter16write_test_startB8_
000000010002afd4 t __RNvXs_NtNtCs3O4ZRUMviTO_4test10formatters4jsonINtB4_13JsonFormatterNtNtNtCsa9BKTri5B3M_3std2io5stdio10StdoutLockENtB6_15OutputFormatter21write_discovery_startB8_
000000010002afe4 t __RNvXs_NtNtCs3O4ZRUMviTO_4test10formatters4jsonINtB4_13JsonFormatterNtNtNtCsa9BKTri5B3M_3std2io5stdio10StdoutLockENtB6_15OutputFormatter21write_test_discoveredB8_
000000010002b1fc t __RNvXs_NtNtCs3O4ZRUMviTO_4test10formatters4jsonINtB4_13JsonFormatterNtNtNtCsa9BKTri5B3M_3std2io5stdio10StdoutLockENtB6_15OutputFormatter22write_discovery_finishB8_
000000010002b388 t __RNvXs_NtNtCs3O4ZRUMviTO_4test10formatters4jsonINtB4_13JsonFormatterNtNtNtCsa9BKTri5B3M_3std2io5stdio10StdoutLockENtB6_15OutputFormatter27write_merged_doctests_timesB8_
000000010002b4e8 t __RNvXs_NtNtCs3O4ZRUMviTO_4test10formatters4jsonINtB4_13JsonFormatterNtNtNtCsa9BKTri5B3M_3std2io5stdio6StdoutENtB6_15OutputFormatter12write_resultB8_
000000010002ba30 t __RNvXs_NtNtCs3O4ZRUMviTO_4test10formatters4jsonINtB4_13JsonFormatterNtNtNtCsa9BKTri5B3M_3std2io5stdio6StdoutENtB6_15OutputFormatter13write_timeoutB8_
000000010002bbb0 t __RNvXs_NtNtCs3O4ZRUMviTO_4test10formatters4jsonINtB4_13JsonFormatterNtNtNtCsa9BKTri5B3M_3std2io5stdio6StdoutENtB6_15OutputFormatter15write_run_startB8_
000000010002bd88 t __RNvXs_NtNtCs3O4ZRUMviTO_4test10formatters4jsonINtB4_13JsonFormatterNtNtNtCsa9BKTri5B3M_3std2io5stdio6StdoutENtB6_15OutputFormatter16write_run_finishB8_
000000010002c03c t __RNvXs_NtNtCs3O4ZRUMviTO_4test10formatters4jsonINtB4_13JsonFormatterNtNtNtCsa9BKTri5B3M_3std2io5stdio6StdoutENtB6_15OutputFormatter16write_test_startB8_
000000010002c1bc t __RNvXs_NtNtCs3O4ZRUMviTO_4test10formatters4jsonINtB4_13JsonFormatterNtNtNtCsa9BKTri5B3M_3std2io5stdio6StdoutENtB6_15OutputFormatter21write_discovery_startB8_
000000010002c1cc t __RNvXs_NtNtCs3O4ZRUMviTO_4test10formatters4jsonINtB4_13JsonFormatterNtNtNtCsa9BKTri5B3M_3std2io5stdio6StdoutENtB6_15OutputFormatter21write_test_discoveredB8_
000000010002c3e4 t __RNvXs_NtNtCs3O4ZRUMviTO_4test10formatters4jsonINtB4_13JsonFormatterNtNtNtCsa9BKTri5B3M_3std2io5stdio6StdoutENtB6_15OutputFormatter22write_discovery_finishB8_
000000010002c570 t __RNvXs_NtNtCs3O4ZRUMviTO_4test10formatters4jsonINtB4_13JsonFormatterNtNtNtCsa9BKTri5B3M_3std2io5stdio6StdoutENtB6_15OutputFormatter27write_merged_doctests_timesB8_
000000010002c6d0 t __RNvXs_NtNtCs3O4ZRUMviTO_4test10formatters5junitINtB4_14JunitFormatterNtNtNtCsa9BKTri5B3M_3std2io5stdio6StdoutENtB6_15OutputFormatter12write_resultB8_
000000010002c9dc t __RNvXs_NtNtCs3O4ZRUMviTO_4test10formatters5junitINtB4_14JunitFormatterNtNtNtCsa9BKTri5B3M_3std2io5stdio6StdoutENtB6_15OutputFormatter13write_timeoutB8_
000000010002c9e4 t __RNvXs_NtNtCs3O4ZRUMviTO_4test10formatters5junitINtB4_14JunitFormatterNtNtNtCsa9BKTri5B3M_3std2io5stdio6StdoutENtB6_15OutputFormatter15write_run_startB8_
000000010002ca44 t __RNvXs_NtNtCs3O4ZRUMviTO_4test10formatters5junitINtB4_14JunitFormatterNtNtNtCsa9BKTri5B3M_3std2io5stdio6StdoutENtB6_15OutputFormatter16write_run_finishB8_
000000010002da74 t __RNvXs_NtNtCs3O4ZRUMviTO_4test10formatters5junitINtB4_14JunitFormatterNtNtNtCsa9BKTri5B3M_3std2io5stdio6StdoutENtB6_15OutputFormatter21write_discovery_startB8_
000000010002da80 t __RNvXs_NtNtCs3O4ZRUMviTO_4test10formatters5junitINtB4_14JunitFormatterNtNtNtCsa9BKTri5B3M_3std2io5stdio6StdoutENtB6_15OutputFormatter21write_test_discoveredB8_
000000010002da8c t __RNvXs_NtNtCs3O4ZRUMviTO_4test10formatters5junitINtB4_14JunitFormatterNtNtNtCsa9BKTri5B3M_3std2io5stdio6StdoutENtB6_15OutputFormatter22write_discovery_finishB8_
000000010002da98 t __RNvXs_NtNtCs3O4ZRUMviTO_4test10formatters5junitINtB4_14JunitFormatterNtNtNtCsa9BKTri5B3M_3std2io5stdio6StdoutENtB6_15OutputFormatter27write_merged_doctests_timesB8_
000000010002dbd8 t __RNvXs_NtNtCs3O4ZRUMviTO_4test10formatters5terseINtB4_14TerseFormatterNtNtNtCsa9BKTri5B3M_3std2io5stdio10StdoutLockENtB6_15OutputFormatter12write_resultB8_
000000010002e010 t __RNvXs_NtNtCs3O4ZRUMviTO_4test10formatters5terseINtB4_14TerseFormatterNtNtNtCsa9BKTri5B3M_3std2io5stdio10StdoutLockENtB6_15OutputFormatter13write_timeoutB8_
000000010002e0dc t __RNvXs_NtNtCs3O4ZRUMviTO_4test10formatters5terseINtB4_14TerseFormatterNtNtNtCsa9BKTri5B3M_3std2io5stdio10StdoutLockENtB6_15OutputFormatter15write_run_startB8_
000000010002e25c t __RNvXs_NtNtCs3O4ZRUMviTO_4test10formatters5terseINtB4_14TerseFormatterNtNtNtCsa9BKTri5B3M_3std2io5stdio10StdoutLockENtB6_15OutputFormatter16write_run_finishB8_
000000010002f224 t __RNvXs_NtNtCs3O4ZRUMviTO_4test10formatters5terseINtB4_14TerseFormatterNtNtNtCsa9BKTri5B3M_3std2io5stdio10StdoutLockENtB6_15OutputFormatter16write_test_startB8_
000000010002f254 t __RNvXs_NtNtCs3O4ZRUMviTO_4test10formatters5terseINtB4_14TerseFormatterNtNtNtCsa9BKTri5B3M_3std2io5stdio10StdoutLockENtB6_15OutputFormatter21write_discovery_startB8_
000000010002f25c t __RNvXs_NtNtCs3O4ZRUMviTO_4test10formatters5terseINtB4_14TerseFormatterNtNtNtCsa9BKTri5B3M_3std2io5stdio10StdoutLockENtB6_15OutputFormatter21write_test_discoveredB8_
000000010002f328 t __RNvXs_NtNtCs3O4ZRUMviTO_4test10formatters5terseINtB4_14TerseFormatterNtNtNtCsa9BKTri5B3M_3std2io5stdio10StdoutLockENtB6_15OutputFormatter27write_merged_doctests_timesB8_
000000010002f3ec t __RNvXs_NtNtCs3O4ZRUMviTO_4test10formatters5terseINtB4_14TerseFormatterNtNtNtCsa9BKTri5B3M_3std2io5stdio6StdoutENtB6_15OutputFormatter12write_resultB8_
000000010002f824 t __RNvXs_NtNtCs3O4ZRUMviTO_4test10formatters5terseINtB4_14TerseFormatterNtNtNtCsa9BKTri5B3M_3std2io5stdio6StdoutENtB6_15OutputFormatter13write_timeoutB8_
000000010002f8f0 t __RNvXs_NtNtCs3O4ZRUMviTO_4test10formatters5terseINtB4_14TerseFormatterNtNtNtCsa9BKTri5B3M_3std2io5stdio6StdoutENtB6_15OutputFormatter15write_run_startB8_
000000010002fa70 t __RNvXs_NtNtCs3O4ZRUMviTO_4test10formatters5terseINtB4_14TerseFormatterNtNtNtCsa9BKTri5B3M_3std2io5stdio6StdoutENtB6_15OutputFormatter16write_run_finishB8_
0000000100030a38 t __RNvXs_NtNtCs3O4ZRUMviTO_4test10formatters5terseINtB4_14TerseFormatterNtNtNtCsa9BKTri5B3M_3std2io5stdio6StdoutENtB6_15OutputFormatter16write_test_startB8_
0000000100030a68 t __RNvXs_NtNtCs3O4ZRUMviTO_4test10formatters5terseINtB4_14TerseFormatterNtNtNtCsa9BKTri5B3M_3std2io5stdio6StdoutENtB6_15OutputFormatter21write_test_discoveredB8_
0000000100030b34 t __RNvXs_NtNtCs3O4ZRUMviTO_4test10formatters5terseINtB4_14TerseFormatterNtNtNtCsa9BKTri5B3M_3std2io5stdio6StdoutENtB6_15OutputFormatter27write_merged_doctests_timesB8_
0000000100030bf8 t __RNvXs_NtNtCs3O4ZRUMviTO_4test10formatters6prettyINtB4_15PrettyFormatterNtNtNtCsa9BKTri5B3M_3std2io5stdio10StdoutLockENtB6_15OutputFormatter12write_resultB8_
00000001000314a4 t __RNvXs_NtNtCs3O4ZRUMviTO_4test10formatters6prettyINtB4_15PrettyFormatterNtNtNtCsa9BKTri5B3M_3std2io5stdio10StdoutLockENtB6_15OutputFormatter13write_timeoutB8_
0000000100031570 t __RNvXs_NtNtCs3O4ZRUMviTO_4test10formatters6prettyINtB4_15PrettyFormatterNtNtNtCsa9BKTri5B3M_3std2io5stdio10StdoutLockENtB6_15OutputFormatter15write_run_startB8_
00000001000316ec t __RNvXs_NtNtCs3O4ZRUMviTO_4test10formatters6prettyINtB4_15PrettyFormatterNtNtNtCsa9BKTri5B3M_3std2io5stdio10StdoutLockENtB6_15OutputFormatter16write_run_finishB8_
0000000100031b14 t __RNvXs_NtNtCs3O4ZRUMviTO_4test10formatters6prettyINtB4_15PrettyFormatterNtNtNtCsa9BKTri5B3M_3std2io5stdio10StdoutLockENtB6_15OutputFormatter16write_test_startB8_
0000000100031b28 t __RNvXs_NtNtCs3O4ZRUMviTO_4test10formatters6prettyINtB4_15PrettyFormatterNtNtNtCsa9BKTri5B3M_3std2io5stdio10StdoutLockENtB6_15OutputFormatter21write_test_discoveredB8_
0000000100031bf4 t __RNvXs_NtNtCs3O4ZRUMviTO_4test10formatters6prettyINtB4_15PrettyFormatterNtNtNtCsa9BKTri5B3M_3std2io5stdio10StdoutLockENtB6_15OutputFormatter22write_discovery_finishB8_
0000000100031e58 t __RNvXs_NtNtCs3O4ZRUMviTO_4test10formatters6prettyINtB4_15PrettyFormatterNtNtNtCsa9BKTri5B3M_3std2io5stdio10StdoutLockENtB6_15OutputFormatter27write_merged_doctests_timesB8_
0000000100031f1c t __RNvXs_NtNtCs3O4ZRUMviTO_4test10formatters6prettyINtB4_15PrettyFormatterNtNtNtCsa9BKTri5B3M_3std2io5stdio6StdoutENtB6_15OutputFormatter12write_resultB8_
00000001000327c8 t __RNvXs_NtNtCs3O4ZRUMviTO_4test10formatters6prettyINtB4_15PrettyFormatterNtNtNtCsa9BKTri5B3M_3std2io5stdio6StdoutENtB6_15OutputFormatter13write_timeoutB8_
0000000100032894 t __RNvXs_NtNtCs3O4ZRUMviTO_4test10formatters6prettyINtB4_15PrettyFormatterNtNtNtCsa9BKTri5B3M_3std2io5stdio6StdoutENtB6_15OutputFormatter15write_run_startB8_
0000000100032a10 t __RNvXs_NtNtCs3O4ZRUMviTO_4test10formatters6prettyINtB4_15PrettyFormatterNtNtNtCsa9BKTri5B3M_3std2io5stdio6StdoutENtB6_15OutputFormatter16write_run_finishB8_
0000000100032e38 t __RNvXs_NtNtCs3O4ZRUMviTO_4test10formatters6prettyINtB4_15PrettyFormatterNtNtNtCsa9BKTri5B3M_3std2io5stdio6StdoutENtB6_15OutputFormatter16write_test_startB8_
0000000100032e4c t __RNvXs_NtNtCs3O4ZRUMviTO_4test10formatters6prettyINtB4_15PrettyFormatterNtNtNtCsa9BKTri5B3M_3std2io5stdio6StdoutENtB6_15OutputFormatter21write_test_discoveredB8_
0000000100032f18 t __RNvXs_NtNtCs3O4ZRUMviTO_4test10formatters6prettyINtB4_15PrettyFormatterNtNtNtCsa9BKTri5B3M_3std2io5stdio6StdoutENtB6_15OutputFormatter22write_discovery_finishB8_
000000010003317c t __RNvXs_NtNtCs3O4ZRUMviTO_4test10formatters6prettyINtB4_15PrettyFormatterNtNtNtCsa9BKTri5B3M_3std2io5stdio6StdoutENtB6_15OutputFormatter27write_merged_doctests_timesB8_
0000000100033240 t __RNvXs_NtNtCsa9BKTri5B3M_3std4sync6poisonINtB4_11PoisonErrorINtNtB4_5mutex10MutexGuardINtNtCsgtPOCBgevO_4core6option6OptionNCNvCs3O4ZRUMviTO_4test8run_test0EEENtNtB1q_3fmt5Debug3fmtB20_
0000000100033278 t __RNvXs_NtNtCsgtPOCBgevO_4core3str7patternNtB4_12CharSearcherNtB4_8Searcher10next_match
000000010003345c t __RNvXs_NtNtCslJsSqIQKwiA_5alloc3vec21spec_from_iter_nestedINtB6_3VecNtNtCs3O4ZRUMviTO_4test5types13TestDescAndFnEINtB4_18SpecFromIterNestedB13_INtNtNtNtCsgtPOCBgevO_4core4iter8adapters3map3MapINtNtNtB2p_5slice4iter4IterRB13_ENvB17_15make_owned_testEE9from_iterB17_
00000001000337a0 t __RNvXsa_NtCslJsSqIQKwiA_5alloc3vecINtB5_3VecNtNtB7_6string6StringENtNtCsgtPOCBgevO_4core5clone5Clone5cloneCs3O4ZRUMviTO_4test
000000010003387c t __RNvXsg_NtNtCsa9BKTri5B3M_3std4sync4mpscINtB5_9SendErrorNtNtCs3O4ZRUMviTO_4test5event13CompletedTestENtNtCsgtPOCBgevO_4core3fmt5Debug3fmtBV_
00000001000338b4 t __RNvXsq_NtCslJsSqIQKwiA_5alloc6stringNtB5_6StringNtNtCsgtPOCBgevO_4core3fmt7Display3fmt
00000001000338c4 t __RNvXst_NtNtCsgtPOCBgevO_4core3str7patternReNtB5_7Pattern15is_contained_in
0000000100033d84 t __RNvXsv_NtNtCsgtPOCBgevO_4core3str7patternNtB5_11StrSearcherNtB5_8Searcher10next_match
0000000100033f38 t __RNvXsz_NtCsa9BKTri5B3M_3std4timeNtB5_15SystemTimeErrorNtNtCsgtPOCBgevO_4core3fmt5Debug3fmt
0000000100033f78 t __RNvYINtNtCs3O4ZRUMviTO_4test7console14OutputLocationNtNtNtCsa9BKTri5B3M_3std2io5stdio10StdoutLockENtBS_5Write9write_allB7_
00000001000340a8 t __RNvYINtNtCs3O4ZRUMviTO_4test7console14OutputLocationNtNtNtCsa9BKTri5B3M_3std2io5stdio6StdoutENtBS_5Write9write_allB7_
00000001000341d8 t __RNvYINtNtNtCs3O4ZRUMviTO_4test4term8terminfo16TerminfoTerminalNtNtNtCsa9BKTri5B3M_3std2io5stdio6StdoutENtB12_5Write14write_vectoredB9_
0000000100034210 t __RNvYINtNtNtCs3O4ZRUMviTO_4test4term8terminfo16TerminfoTerminalNtNtNtCsa9BKTri5B3M_3std2io5stdio6StdoutENtB12_5Write17is_write_vectoredB9_
0000000100034218 t __RNvYINtNtNtCs3O4ZRUMviTO_4test4term8terminfo16TerminfoTerminalNtNtNtCsa9BKTri5B3M_3std2io5stdio6StdoutENtB12_5Write18write_all_vectoredB9_
000000010003443c t __RNvYINtNtNtCs3O4ZRUMviTO_4test4term8terminfo16TerminfoTerminalNtNtNtCsa9BKTri5B3M_3std2io5stdio6StdoutENtB12_5Write9write_allB9_
0000000100034548 t __RNvYINtNtNtCs3O4ZRUMviTO_4test4term8terminfo16TerminfoTerminalNtNtNtCsa9BKTri5B3M_3std2io5stdio6StdoutENtB12_5Write9write_fmtB9_
00000001000345e4 t __RNvYINtNvNtCsa9BKTri5B3M_3std2io17default_write_fmt7AdapterINtNtCslJsSqIQKwiA_5alloc3vec3VechEENtNtCsgtPOCBgevO_4core3fmt5Write10write_charCs3O4ZRUMviTO_4test
00000001000346f4 t __RNvYINtNvNtCsa9BKTri5B3M_3std2io17default_write_fmt7AdapterINtNtCslJsSqIQKwiA_5alloc3vec3VechEENtNtCsgtPOCBgevO_4core3fmt5Write9write_fmtCs3O4ZRUMviTO_4test
0000000100034708 t __RNvYINtNvNtCsa9BKTri5B3M_3std2io17default_write_fmt7AdapterINtNtNtCs3O4ZRUMviTO_4test4term8terminfo16TerminfoTerminalNtNtB7_5stdio6StdoutEENtNtCsgtPOCBgevO_4core3fmt5Write10write_charB12_
0000000100034830 t __RNvYINtNvNtCsa9BKTri5B3M_3std2io17default_write_fmt7AdapterINtNtNtCs3O4ZRUMviTO_4test4term8terminfo16TerminfoTerminalNtNtB7_5stdio6StdoutEENtNtCsgtPOCBgevO_4core3fmt5Write9write_fmtB12_
0000000100034844 t __RNvYINtNvNtCsa9BKTri5B3M_3std2io17default_write_fmt7AdapterNtNtNtNtB9_3sys5stdio4unix6StderrENtNtCsgtPOCBgevO_4core3fmt5Write10write_charCs3O4ZRUMviTO_4test
000000010003496c t __RNvYINtNvNtCsa9BKTri5B3M_3std2io17default_write_fmt7AdapterNtNtNtNtB9_3sys5stdio4unix6StderrENtNtCsgtPOCBgevO_4core3fmt5Write9write_fmtCs3O4ZRUMviTO_4test
0000000100034980 t __RNvYNCINvMs6_NtCs9nAj5kJTqSU_9hashbrown3rawINtBb_8RawTableTNtNtCs3O4ZRUMviTO_4test5types6TestIdNtNvBZ_9run_tests11RunningTestEE14reserve_rehashNCINvNtBd_3map11make_hasherBV_B1v_INtNtCsgtPOCBgevO_4core4hash18BuildHasherDefaultNtNtNtCsa9BKTri5B3M_3std4hash6random13DefaultHasherEE0Es_0INtNtNtB2U_3ops8function6FnOnceTOhEE9call_onceBZ_
0000000100034988 t __RNvYNCINvMs6_NtCs9nAj5kJTqSU_9hashbrown3rawINtBb_8RawTableTNtNtCslJsSqIQKwiA_5alloc6string6StringINtNtBZ_3vec3VechEEE14reserve_rehashNCINvNtBd_3map11make_hasherBV_B1x_NtNtNtCsa9BKTri5B3M_3std4hash6random11RandomStateE0Es_0INtNtNtCsgtPOCBgevO_4core3ops8function6FnOnceTOhEE9call_onceCs3O4ZRUMviTO_4test
00000001000349d4 t __RNvYNCINvMs6_NtCs9nAj5kJTqSU_9hashbrown3rawINtBb_8RawTableTNtNtCslJsSqIQKwiA_5alloc6string6StringbEE14reserve_rehashNCINvNtBd_3map11make_hasherBV_bNtNtNtCsa9BKTri5B3M_3std4hash6random11RandomStateE0Es_0INtNtNtCsgtPOCBgevO_4core3ops8function6FnOnceTOhEE9call_onceCs3O4ZRUMviTO_4test
00000001000349ec t __RNvYNtNtCsa9BKTri5B3M_3std2fs4FileNtNtB6_2io5Write9write_allCs3O4ZRUMviTO_4test
0000000100034af8 t __RNvYNtNtCslJsSqIQKwiA_5alloc6string6StringNtNtCsgtPOCBgevO_4core3fmt5Write9write_fmtCs3O4ZRUMviTO_4test
0000000100034b0c t __RNvYNtNtNtNtCsa9BKTri5B3M_3std3sys5stdio4unix6StderrNtNtBa_2io5Write9write_allCs3O4ZRUMviTO_4test
0000000100034c18 t __RNvYNtNtNtNtCsa9BKTri5B3M_3std3sys5stdio4unix6StderrNtNtBa_2io5Write9write_fmtCs3O4ZRUMviTO_4test
0000000100034cb4 t __RNvYNtNvXsf_NtNtCslJsSqIQKwiA_5alloc5boxed7convertINtBc_3BoxDNtNtCsgtPOCBgevO_4core5error5ErrorNtNtB11_6marker4SyncNtB1x_4SendEL_EINtNtB11_7convert4FromNtNtBe_6string6StringE4from11StringErrorBX_11descriptionCs3O4ZRUMviTO_4test
0000000100034cc4 t __RNvYNtNvXsf_NtNtCslJsSqIQKwiA_5alloc5boxed7convertINtBc_3BoxDNtNtCsgtPOCBgevO_4core5error5ErrorNtNtB11_6marker4SyncNtB1x_4SendEL_EINtNtB11_7convert4FromNtNtBe_6string6StringE4from11StringErrorBX_5causeCs3O4ZRUMviTO_4test
0000000100034ccc t __RNvYNtNvXsf_NtNtCslJsSqIQKwiA_5alloc5boxed7convertINtBc_3BoxDNtNtCsgtPOCBgevO_4core5error5ErrorNtNtB11_6marker4SyncNtB1x_4SendEL_EINtNtB11_7convert4FromNtNtBe_6string6StringE4from11StringErrorBX_7provideCs3O4ZRUMviTO_4test
0000000100034cd0 t __RNvYNtNvXsf_NtNtCslJsSqIQKwiA_5alloc5boxed7convertINtBc_3BoxDNtNtCsgtPOCBgevO_4core5error5ErrorNtNtB11_6marker4SyncNtB1x_4SendEL_EINtNtB11_7convert4FromNtNtBe_6string6StringE4from11StringErrorBX_7type_idCs3O4ZRUMviTO_4test
0000000100034ce4 t __RINvNtCsgtPOCBgevO_4core3ptr9drop_glueINtNtCslJsSqIQKwiA_5alloc3vec3VecNtNtBF_6string6StringEECs2kLJYcThBmZ_7getopts
0000000100034d64 t __RINvNtCsgtPOCBgevO_4core3ptr9drop_glueINtNtCslJsSqIQKwiA_5alloc3vec3VecTjNtCs2kLJYcThBmZ_7getopts6OptvalEEEB1b_
0000000100034de4 t __RINvNtCsgtPOCBgevO_4core3ptr9drop_glueINtNtNtCslJsSqIQKwiA_5alloc3vec13in_place_drop24InPlaceDstDataSrcBufDropTjNtCs2kLJYcThBmZ_7getopts6OptvalENtNtBH_6string6StringEEB1O_
0000000100034e5c t __RINvNtCsgtPOCBgevO_4core3ptr9drop_glueINtNtNtNtB4_4iter8adapters10filter_map9FilterMapINtNtNtCslJsSqIQKwiA_5alloc3vec9into_iter8IntoIterTjNtCs2kLJYcThBmZ_7getopts6OptvalEENCNvMs4_B2e_NtB2e_7Matches8opt_strs0EEB2e_
0000000100034ee8 t __RINvNtCsgtPOCBgevO_4core3ptr9drop_glueINtNtNtNtB4_4iter8adapters3map3MapINtNtNtB4_5slice4iter4IterNtCs2kLJYcThBmZ_7getopts8OptGroupENCNvMs0_B1A_NtB1A_7Options11usage_itemss_0EEB1A_
0000000100034f00 t __RINvNtCsgtPOCBgevO_4core3ptr9drop_glueNtCs2kLJYcThBmZ_7getopts8OptGroupEBC_
0000000100034f74 t __RINvNtCslJsSqIQKwiA_5alloc3str17join_generic_copyehNtNtB4_6string6StringECs2kLJYcThBmZ_7getopts
0000000100035320 t __RNCNvMs0_Cs2kLJYcThBmZ_7getoptsNtB7_7Options11usage_itemss_0B7_
000000010003638c T __RNvCs2kLJYcThBmZ_7getopts8find_opt
000000010003656c T __RNvMs0_Cs2kLJYcThBmZ_7getoptsNtB5_7Options11usage_items
0000000100036718 T __RNvMs0_Cs2kLJYcThBmZ_7getoptsNtB5_7Options5usage
0000000100036ab0 T __RNvMs0_Cs2kLJYcThBmZ_7getoptsNtB5_7Options6optopt
0000000100036d4c T __RNvMs0_Cs2kLJYcThBmZ_7getoptsNtB5_7Options7optflag
0000000100036f78 T __RNvMs0_Cs2kLJYcThBmZ_7getoptsNtB5_7Options8optmulti
0000000100037214 T __RNvMs2_Cs2kLJYcThBmZ_7getoptsNtB5_4Name8from_str
00000001000372a4 T __RNvMs2_Cs2kLJYcThBmZ_7getoptsNtB5_4Name9to_string
00000001000373dc T __RNvMs3_Cs2kLJYcThBmZ_7getoptsNtB5_8OptGroup13long_to_short
00000001000375dc T __RNvMs4_Cs2kLJYcThBmZ_7getoptsNtB5_7Matches11opt_present
0000000100037668 T __RNvMs4_Cs2kLJYcThBmZ_7getoptsNtB5_7Matches7opt_str
0000000100037754 T __RNvMs4_Cs2kLJYcThBmZ_7getoptsNtB5_7Matches8opt_strs
00000001000378d4 T __RNvMs4_Cs2kLJYcThBmZ_7getoptsNtB5_7Matches8opt_vals
0000000100037b30 t __RNvXs0_NtNtNtCsgtPOCBgevO_4core4iter8adapters3mapINtB5_3MapINtNtNtBb_5slice4iter4IterNtCs2kLJYcThBmZ_7getopts8OptGroupENCNvMs0_B1n_NtB1n_7Options11usage_itemss_0ENtNtNtB9_6traits8iterator8Iterator4nextB1n_
0000000100037b5c t __RNvXs0_NtNtNtCsgtPOCBgevO_4core4iter8adapters3mapINtB5_3MapINtNtNtBb_5slice4iter4IterNtCs2kLJYcThBmZ_7getopts8OptGroupENCNvMs0_B1n_NtB1n_7Options11usage_itemss_0ENtNtNtB9_6traits8iterator8Iterator9size_hintB1n_
0000000100037b8c t __RNvXs1i_NtCsgtPOCBgevO_4core3fmtReNtB6_7Display3fmtCs2kLJYcThBmZ_7getopts
0000000100037b9c T __RNvXs5_Cs2kLJYcThBmZ_7getoptsNtB5_4FailNtNtCsgtPOCBgevO_4core3fmt7Display3fmt
0000000100037c64 t __RNvXsH_Cs2kLJYcThBmZ_7getoptsNtB5_8OptGroupNtNtCsgtPOCBgevO_4core5clone5Clone5clone
0000000100037d5c t __RNvXsq_NtCslJsSqIQKwiA_5alloc6stringNtB5_6StringNtNtCsgtPOCBgevO_4core3fmt7Display3fmt
0000000100037d6c t __RNvYINtNtNtNtCsgtPOCBgevO_4core4iter8adapters3map3MapINtNtNtBb_5slice4iter4IterNtCs2kLJYcThBmZ_7getopts8OptGroupENCNvMs0_B1h_NtB1h_7Options11usage_itemss_0ENtNtNtB9_6traits8iterator8Iterator10advance_byB1h_
0000000100037dec t __RNvYINtNtNtNtCsgtPOCBgevO_4core4iter8adapters3map3MapINtNtNtBb_5slice4iter4IterNtCs2kLJYcThBmZ_7getopts8OptGroupENCNvMs0_B1h_NtB1h_7Options11usage_itemss_0ENtNtNtB9_6traits8iterator8Iterator3nthB1h_
0000000100037eb4 T __RINvMNtNtNtCslJsSqIQKwiA_5alloc11collections5btree6appendINtNtB5_4node7NodeRefNtNtBW_6marker5OwnedNtNtB9_6string6StringB1y_NtB1g_14LeafOrInternalE9bulk_pushINtNtB5_17dedup_sorted_iter15DedupSortedIterB1y_B1y_INtNtNtB9_3vec9into_iter8IntoIterTB1y_B1y_EEENtNtB9_5alloc6GlobalECs9Vr3m8bx7MY_27piping_numerical_robustness
0000000100038358 T __RINvMs0_NtNtNtCslJsSqIQKwiA_5alloc11collections5btree6searchINtNtB8_4node7NodeRefNtNtBZ_6marker3MutjNtNtB8_7set_val9SetValZSTNtB1j_14LeafOrInternalE14find_key_indexjECs9Vr3m8bx7MY_27piping_numerical_robustness
0000000100038598 T __RINvMs8_NtNtNtCslJsSqIQKwiA_5alloc11collections5btree4nodeINtB6_7NodeRefNtNtB6_6marker5OwnedNtNtBc_6string6StringB1s_NtB1a_4LeafE13from_new_leafNtNtBc_5alloc6GlobalECs9Vr3m8bx7MY_27piping_numerical_robustness
00000001000385f0 T __RINvMs8_NtNtNtCslJsSqIQKwiA_5alloc11collections5btree4nodeINtB6_7NodeRefNtNtB6_6marker5OwnedNtNtBc_6string6StringB1s_NtB1a_4LeafE8new_leafNtNtBc_5alloc6GlobalECs9Vr3m8bx7MY_27piping_numerical_robustness
0000000100038630 T __RINvMs8_NtNtNtCslJsSqIQKwiA_5alloc11collections5btree4nodeINtB6_7NodeRefNtNtB6_6marker5OwnedjNtNtB8_7set_val9SetValZSTNtB1a_4LeafE13from_new_leafNtNtBc_5alloc6GlobalECs9Vr3m8bx7MY_27piping_numerical_robustness
0000000100038688 T __RINvMs8_NtNtNtCslJsSqIQKwiA_5alloc11collections5btree4nodeINtB6_7NodeRefNtNtB6_6marker5OwnedjNtNtB8_7set_val9SetValZSTNtB1a_4LeafE8new_leafNtNtBc_5alloc6GlobalECs9Vr3m8bx7MY_27piping_numerical_robustness
00000001000386c8 T __RINvMs9_NtNtNtCslJsSqIQKwiA_5alloc11collections5btree4nodeINtB6_7NodeRefNtNtB6_6marker5OwnedNtNtBc_6string6StringB1s_NtB1a_8InternalE12new_internalNtNtBc_5alloc6GlobalECs9Vr3m8bx7MY_27piping_numerical_robustness
00000001000387e0 T __RINvMs9_NtNtNtCslJsSqIQKwiA_5alloc11collections5btree4nodeINtB6_7NodeRefNtNtB6_6marker5OwnedNtNtBc_6string6StringB1s_NtB1a_8InternalE17from_new_internalNtNtBc_5alloc6GlobalECs9Vr3m8bx7MY_27piping_numerical_robustness
00000001000388a8 T __RINvMs9_NtNtNtCslJsSqIQKwiA_5alloc11collections5btree4nodeINtB6_7NodeRefNtNtB6_6marker5OwnedjNtNtB8_7set_val9SetValZSTNtB1a_8InternalE12new_internalNtNtBc_5alloc6GlobalECs9Vr3m8bx7MY_27piping_numerical_robustness
00000001000389c0 T __RINvMs9_NtNtNtCslJsSqIQKwiA_5alloc11collections5btree4nodeINtB6_7NodeRefNtNtB6_6marker5OwnedjNtNtB8_7set_val9SetValZSTNtB1a_8InternalE17from_new_internalNtNtBc_5alloc6GlobalECs9Vr3m8bx7MY_27piping_numerical_robustness
0000000100038a88 T __RINvMsK_NtNtNtCslJsSqIQKwiA_5alloc11collections5btree4nodeINtB6_6HandleINtB6_7NodeRefNtNtB6_6marker3MutjNtNtB8_7set_val9SetValZSTNtB1n_4LeafENtB1n_4EdgeE6insertNtNtBc_5alloc6GlobalECs9Vr3m8bx7MY_27piping_numerical_robustness
0000000100038d70 T __RINvMsM_NtNtNtCslJsSqIQKwiA_5alloc11collections5btree4nodeINtB6_6HandleINtB6_7NodeRefNtNtB6_6marker3MutjNtNtB8_7set_val9SetValZSTNtB1n_8InternalENtB1n_4EdgeE6insertNtNtBc_5alloc6GlobalECs9Vr3m8bx7MY_27piping_numerical_robustness
0000000100039030 T __RINvMsN_NtNtNtCslJsSqIQKwiA_5alloc11collections5btree4nodeINtB6_6HandleINtB6_7NodeRefNtNtB6_6marker3MutjNtNtB8_7set_val9SetValZSTNtB1n_4LeafENtB1n_4EdgeE16insert_recursingNtNtBc_5alloc6GlobalNCNvMs4_NtNtB8_3map5entryINtB3b_11VacantEntryjB1E_E12insert_entry0ECs9Vr3m8bx7MY_27piping_numerical_robustness
0000000100039410 T __RINvMsV_NtNtNtCslJsSqIQKwiA_5alloc11collections5btree4nodeINtB6_6HandleINtB6_7NodeRefNtNtB6_6marker3MutjNtNtB8_7set_val9SetValZSTNtB1n_4LeafENtB1n_2KVE5splitNtNtBc_5alloc6GlobalECs9Vr3m8bx7MY_27piping_numerical_robustness
000000010003951c T __RINvMsW_NtNtNtCslJsSqIQKwiA_5alloc11collections5btree4nodeINtB6_6HandleINtB6_7NodeRefNtNtB6_6marker3MutjNtNtB8_7set_val9SetValZSTNtB1n_8InternalENtB1n_2KVE5splitNtNtBc_5alloc6GlobalECs9Vr3m8bx7MY_27piping_numerical_robustness
00000001000397d8 T __RINvMs_NtNtNtCslJsSqIQKwiA_5alloc11collections5btree6searchINtNtB7_4node7NodeRefNtNtBY_6marker3MutjNtNtB7_7set_val9SetValZSTNtB1i_14LeafOrInternalE11search_treejECs9Vr3m8bx7MY_27piping_numerical_robustness
0000000100039a6c T __RINvMsh_NtNtNtCslJsSqIQKwiA_5alloc11collections5btree4nodeINtB6_7NodeRefNtNtB6_6marker5DyingNtNtBc_6string6StringB1s_NtB1a_14LeafOrInternalE21deallocate_and_ascendNtNtBc_5alloc6GlobalECs9Vr3m8bx7MY_27piping_numerical_robustness
0000000100039b68 T __RINvMsh_NtNtNtCslJsSqIQKwiA_5alloc11collections5btree4nodeINtB6_7NodeRefNtNtB6_6marker5DyingjNtNtB8_7set_val9SetValZSTNtB1a_14LeafOrInternalE21deallocate_and_ascendNtNtBc_5alloc6GlobalECs9Vr3m8bx7MY_27piping_numerical_robustness
0000000100039c64 T __RINvMsj_NtNtNtCslJsSqIQKwiA_5alloc11collections5btree8navigateINtNtB8_4node6HandleINtB11_7NodeRefNtNtB11_6marker5DyingNtNtBc_6string6StringB1S_NtB1z_4LeafENtB1z_4EdgeE16deallocating_endNtNtBc_5alloc6GlobalECs9Vr3m8bx7MY_27piping_numerical_robustness
0000000100039d10 T __RINvMsj_NtNtNtCslJsSqIQKwiA_5alloc11collections5btree8navigateINtNtB8_4node6HandleINtB11_7NodeRefNtNtB11_6marker5DyingNtNtBc_6string6StringB1S_NtB1z_4LeafENtB1z_4EdgeE17deallocating_nextNtNtBc_5alloc6GlobalECs9Vr3m8bx7MY_27piping_numerical_robustness
0000000100039f18 T __RINvMsj_NtNtNtCslJsSqIQKwiA_5alloc11collections5btree8navigateINtNtB8_4node6HandleINtB11_7NodeRefNtNtB11_6marker5DyingjNtNtB8_7set_val9SetValZSTNtB1z_4LeafENtB1z_4EdgeE16deallocating_endNtNtBc_5alloc6GlobalECs9Vr3m8bx7MY_27piping_numerical_robustness
0000000100039fc4 T __RINvMsj_NtNtNtCslJsSqIQKwiA_5alloc11collections5btree8navigateINtNtB8_4node6HandleINtB11_7NodeRefNtNtB11_6marker5DyingjNtNtB8_7set_val9SetValZSTNtB1z_4LeafENtB1z_4EdgeE17deallocating_nextNtNtBc_5alloc6GlobalECs9Vr3m8bx7MY_27piping_numerical_robustness
000000010003a1cc T __RINvMsp_NtNtNtCslJsSqIQKwiA_5alloc11collections5btree4nodeINtB6_7NodeRefNtNtB6_6marker3MutNtNtBc_6string6StringB1q_NtB1a_8InternalE30correct_childrens_parent_linksINtNtNtCsgtPOCBgevO_4core3ops5range14RangeInclusivejEECs9Vr3m8bx7MY_27piping_numerical_robustness
000000010003a280 T __RINvMsp_NtNtNtCslJsSqIQKwiA_5alloc11collections5btree4nodeINtB6_7NodeRefNtNtB6_6marker3MutNtNtBc_6string6StringB1q_NtB1a_8InternalE30correct_childrens_parent_linksINtNtNtCsgtPOCBgevO_4core3ops5range5RangejEECs9Vr3m8bx7MY_27piping_numerical_robustness
000000010003a334 T __RINvMsp_NtNtNtCslJsSqIQKwiA_5alloc11collections5btree4nodeINtB6_7NodeRefNtNtB6_6marker3MutjNtNtB8_7set_val9SetValZSTNtB1a_8InternalE30correct_childrens_parent_linksINtNtNtCsgtPOCBgevO_4core3ops5range14RangeInclusivejEECs9Vr3m8bx7MY_27piping_numerical_robustness
000000010003a3e8 T __RINvMsp_NtNtNtCslJsSqIQKwiA_5alloc11collections5btree4nodeINtB6_7NodeRefNtNtB6_6marker3MutjNtNtB8_7set_val9SetValZSTNtB1a_8InternalE30correct_childrens_parent_linksINtNtNtCsgtPOCBgevO_4core3ops5range5RangejEECs9Vr3m8bx7MY_27piping_numerical_robustness
000000010003a49c T __RINvNtNtNtCslJsSqIQKwiA_5alloc11collections5btree4node12slice_insertINtNtNtCsgtPOCBgevO_4core3ptr8non_null7NonNullINtB2_8LeafNodejNtNtB4_7set_val9SetValZSTEEECs9Vr3m8bx7MY_27piping_numerical_robustness
000000010003a5b0 T __RINvNtNtNtCslJsSqIQKwiA_5alloc11collections5btree4node13move_to_sliceINtNtNtCsgtPOCBgevO_4core3ptr8non_null7NonNullINtB2_8LeafNodeNtNtB8_6string6StringB24_EEECs9Vr3m8bx7MY_27piping_numerical_robustness
000000010003a660 T __RINvNtNtNtCslJsSqIQKwiA_5alloc11collections5btree4node13move_to_sliceINtNtNtCsgtPOCBgevO_4core3ptr8non_null7NonNullINtB2_8LeafNodejNtNtB4_7set_val9SetValZSTEEECs9Vr3m8bx7MY_27piping_numerical_robustness
000000010003a710 T __RINvNtNtNtCslJsSqIQKwiA_5alloc11collections5btree4node9slice_shrINtNtNtCsgtPOCBgevO_4core3ptr8non_null7NonNullINtB2_8LeafNodeNtNtB8_6string6StringB1Z_EEECs9Vr3m8bx7MY_27piping_numerical_robustness
000000010003a7c4 T __RINvNtNtNtCslJsSqIQKwiA_5alloc11collections5btree4node9slice_shrNtNtB8_6string6StringECs9Vr3m8bx7MY_27piping_numerical_robustness
000000010003a87c T __RNCINvMss_NtNtNtCslJsSqIQKwiA_5alloc11collections5btree4nodeINtB8_7NodeRefNtNtB8_6marker5OwnedNtNtBe_6string6StringB1u_NtB1c_14LeafOrInternalE19push_internal_levelNtNtBe_5alloc6GlobalE0Cs9Vr3m8bx7MY_27piping_numerical_robustness
000000010003a8b0 T __RNCINvMss_NtNtNtCslJsSqIQKwiA_5alloc11collections5btree4nodeINtB8_7NodeRefNtNtB8_6marker5OwnedjNtNtBa_7set_val9SetValZSTNtB1c_14LeafOrInternalE19push_internal_levelNtNtBe_5alloc6GlobalE0Cs9Vr3m8bx7MY_27piping_numerical_robustness
000000010003a8e4 T __RNvMs0_NtNtNtCslJsSqIQKwiA_5alloc11collections5btree3fixINtNtB7_4node7NodeRefNtNtBV_6marker5OwnedNtNtBb_6string6StringB1x_NtB1f_14LeafOrInternalE29fix_right_border_of_plentifulCs9Vr3m8bx7MY_27piping_numerical_robustness
000000010003aa30 T __RNvMs10_NtNtNtCslJsSqIQKwiA_5alloc11collections5btree4nodeINtB6_16BalancingContextNtNtBc_6string6StringB1i_E15bulk_steal_leftCs9Vr3m8bx7MY_27piping_numerical_robustness
000000010003b310 T __RNvMsJ_NtNtNtCslJsSqIQKwiA_5alloc11collections5btree4nodeINtB5_6HandleINtB5_7NodeRefNtNtB5_6marker3MutjNtNtB7_7set_val9SetValZSTNtB1m_4LeafENtB1m_4EdgeE10insert_fitCs9Vr3m8bx7MY_27piping_numerical_robustness
000000010003b4b4 T __RNvMsL_NtNtNtCslJsSqIQKwiA_5alloc11collections5btree4nodeINtB5_6HandleINtB5_7NodeRefNtNtB5_6marker3MutNtNtBb_6string6StringB1C_NtB1m_8InternalENtB1m_4EdgeE19correct_parent_linkCs9Vr3m8bx7MY_27piping_numerical_robustness
000000010003b594 T __RNvMsL_NtNtNtCslJsSqIQKwiA_5alloc11collections5btree4nodeINtB5_6HandleINtB5_7NodeRefNtNtB5_6marker3MutjNtNtB7_7set_val9SetValZSTNtB1m_8InternalENtB1m_4EdgeE19correct_parent_linkCs9Vr3m8bx7MY_27piping_numerical_robustness
000000010003b674 T __RNvMsM_NtNtNtCslJsSqIQKwiA_5alloc11collections5btree4nodeINtB5_6HandleINtB5_7NodeRefNtNtB5_6marker3MutjNtNtB7_7set_val9SetValZSTNtB1m_8InternalENtB1m_4EdgeE10insert_fitCs9Vr3m8bx7MY_27piping_numerical_robustness
000000010003b8b0 T __RNvMsP_NtNtNtCslJsSqIQKwiA_5alloc11collections5btree4nodeINtB5_6HandleINtB5_7NodeRefNtNtB5_6marker5ImmutjNtNtB7_7set_val9SetValZSTNtB1m_4LeafENtB1m_2KVE7into_kvCs9Vr3m8bx7MY_27piping_numerical_robustness
000000010003b990 T __RNvMsP_NtNtNtCslJsSqIQKwiA_5alloc11collections5btree4nodeINtB5_6HandleINtB5_7NodeRefNtNtB5_6marker5ImmutjNtNtB7_7set_val9SetValZSTNtB1m_8InternalENtB1m_2KVE7into_kvCs9Vr3m8bx7MY_27piping_numerical_robustness
000000010003ba70 T __RNvMsQ_NtNtNtCslJsSqIQKwiA_5alloc11collections5btree4nodeINtB5_6HandleINtB5_7NodeRefNtNtB5_6marker3MutNtNtBb_6string6StringB1C_NtB1m_4LeafENtB1m_2KVE12into_val_mutCs9Vr3m8bx7MY_27piping_numerical_robustness
000000010003bb04 T __RNvMsQ_NtNtNtCslJsSqIQKwiA_5alloc11collections5btree4nodeINtB5_6HandleINtB5_7NodeRefNtNtB5_6marker3MutjNtNtB7_7set_val9SetValZSTNtB1m_14LeafOrInternalENtB1m_2KVE12into_val_mutCs9Vr3m8bx7MY_27piping_numerical_robustness
000000010003bb98 T __RNvMsQ_NtNtNtCslJsSqIQKwiA_5alloc11collections5btree4nodeINtB5_6HandleINtB5_7NodeRefNtNtB5_6marker3MutjNtNtB7_7set_val9SetValZSTNtB1m_4LeafENtB1m_2KVE12into_val_mutCs9Vr3m8bx7MY_27piping_numerical_robustness
000000010003bc2c T __RNvMsS_NtNtNtCslJsSqIQKwiA_5alloc11collections5btree4nodeINtB5_6HandleINtB5_7NodeRefNtNtB5_6marker3MutNtNtBb_6string6StringB1C_NtB1m_8InternalENtB1m_2KVE10replace_kvCs9Vr3m8bx7MY_27piping_numerical_robustness
000000010003bd40 T __RNvMsS_NtNtNtCslJsSqIQKwiA_5alloc11collections5btree4nodeINtB5_6HandleINtB5_7NodeRefNtNtB5_6marker3MutNtNtBb_6string6StringB1C_NtB1m_8InternalENtB1m_2KVE6kv_mutCs9Vr3m8bx7MY_27piping_numerical_robustness
000000010003be50 T __RNvMsS_NtNtNtCslJsSqIQKwiA_5alloc11collections5btree4nodeINtB5_6HandleINtB5_7NodeRefNtNtB5_6marker3MutjNtNtB7_7set_val9SetValZSTNtB1m_14LeafOrInternalENtB1m_2KVE6kv_mutCs9Vr3m8bx7MY_27piping_numerical_robustness
000000010003bf58 T __RNvMsT_NtNtNtCslJsSqIQKwiA_5alloc11collections5btree4nodeINtB5_6HandleINtB5_7NodeRefNtNtB5_6marker5DyingNtNtBb_6string6StringB1E_NtB1m_14LeafOrInternalENtB1m_2KVE12drop_key_valCs9Vr3m8bx7MY_27piping_numerical_robustness
000000010003c084 T __RNvMsT_NtNtNtCslJsSqIQKwiA_5alloc11collections5btree4nodeINtB5_6HandleINtB5_7NodeRefNtNtB5_6marker5DyingjNtNtB7_7set_val9SetValZSTNtB1m_14LeafOrInternalENtB1m_2KVE12drop_key_valCs9Vr3m8bx7MY_27piping_numerical_robustness
000000010003c17c T __RNvMsT_NtNtNtCslJsSqIQKwiA_5alloc11collections5btree4nodeINtB5_6HandleINtB5_7NodeRefNtNtB5_6marker5DyingjNtNtB7_7set_val9SetValZSTNtB1m_14LeafOrInternalENtB1m_2KVE12into_key_valCs9Vr3m8bx7MY_27piping_numerical_robustness
000000010003c274 T __RNvMsU_NtNtNtCslJsSqIQKwiA_5alloc11collections5btree4nodeINtB5_6HandleINtB5_7NodeRefNtNtB5_6marker3MutjNtNtB7_7set_val9SetValZSTNtB1m_4LeafENtB1m_2KVE15split_leaf_dataCs9Vr3m8bx7MY_27piping_numerical_robustness
000000010003c5d4 T __RNvMsU_NtNtNtCslJsSqIQKwiA_5alloc11collections5btree4nodeINtB5_6HandleINtB5_7NodeRefNtNtB5_6marker3MutjNtNtB7_7set_val9SetValZSTNtB1m_8InternalENtB1m_2KVE15split_leaf_dataCs9Vr3m8bx7MY_27piping_numerical_robustness
000000010003c934 T __RNvMsX_NtNtNtCslJsSqIQKwiA_5alloc11collections5btree4nodeINtB5_6HandleINtB5_7NodeRefNtNtB5_6marker3MutNtNtBb_6string6StringB1C_NtB1m_8InternalENtB1m_2KVE22consider_for_balancingCs9Vr3m8bx7MY_27piping_numerical_robustness
000000010003cacc T __RNvMse_NtNtNtCslJsSqIQKwiA_5alloc11collections5btree4nodeINtB5_7NodeRefNtNtB5_6marker3MutNtNtBb_6string6StringB1p_NtB19_14LeafOrInternalE6ascendCs9Vr3m8bx7MY_27piping_numerical_robustness
000000010003cc20 T __RNvMse_NtNtNtCslJsSqIQKwiA_5alloc11collections5btree4nodeINtB5_7NodeRefNtNtB5_6marker3MutjNtNtB7_7set_val9SetValZSTNtB19_14LeafOrInternalE6ascendCs9Vr3m8bx7MY_27piping_numerical_robustness
000000010003cd74 T __RNvMse_NtNtNtCslJsSqIQKwiA_5alloc11collections5btree4nodeINtB5_7NodeRefNtNtB5_6marker5DyingNtNtBb_6string6StringB1r_NtB19_14LeafOrInternalE6ascendCs9Vr3m8bx7MY_27piping_numerical_robustness
000000010003cec8 T __RNvMse_NtNtNtCslJsSqIQKwiA_5alloc11collections5btree4nodeINtB5_7NodeRefNtNtB5_6marker5DyingjNtNtB7_7set_val9SetValZSTNtB19_14LeafOrInternalE6ascendCs9Vr3m8bx7MY_27piping_numerical_robustness
000000010003d01c T __RNvMsn_NtNtNtCslJsSqIQKwiA_5alloc11collections5btree8navigateINtNtB7_4node7NodeRefNtNtB10_6marker3MutNtNtBb_6string6StringB1B_NtB1k_14LeafOrInternalE14last_leaf_edgeCs9Vr3m8bx7MY_27piping_numerical_robustness
000000010003d13c T __RNvMsp_NtNtNtCslJsSqIQKwiA_5alloc11collections5btree8navigateINtNtB7_4node6HandleINtB10_7NodeRefNtNtB10_6marker5DyingNtNtBb_6string6StringB1R_NtB1y_14LeafOrInternalENtB1y_2KVE14next_leaf_edgeCs9Vr3m8bx7MY_27piping_numerical_robustness
000000010003d3cc T __RNvMsp_NtNtNtCslJsSqIQKwiA_5alloc11collections5btree8navigateINtNtB7_4node6HandleINtB10_7NodeRefNtNtB10_6marker5DyingjNtNtB7_7set_val9SetValZSTNtB1y_14LeafOrInternalENtB1y_2KVE14next_leaf_edgeCs9Vr3m8bx7MY_27piping_numerical_robustness
000000010003d65c T __RNvMsu_NtNtNtCslJsSqIQKwiA_5alloc11collections5btree4nodeINtB5_7NodeRefNtNtB5_6marker3MutNtNtBb_6string6StringB1p_NtB19_4LeafE16push_with_handleCs9Vr3m8bx7MY_27piping_numerical_robustness
000000010003d8c8 T __RNvMsu_NtNtNtCslJsSqIQKwiA_5alloc11collections5btree4nodeINtB5_7NodeRefNtNtB5_6marker3MutjNtNtB7_7set_val9SetValZSTNtB19_4LeafE16push_with_handleCs9Vr3m8bx7MY_27piping_numerical_robustness
000000010003da6c T __RNvMsv_NtNtNtCslJsSqIQKwiA_5alloc11collections5btree4nodeINtB5_7NodeRefNtNtB5_6marker3MutNtNtBb_6string6StringB1p_NtB19_8InternalE4pushCs9Vr3m8bx7MY_27piping_numerical_robustness
000000010003ddcc T __RNvMsv_NtNtNtCslJsSqIQKwiA_5alloc11collections5btree4nodeINtB5_7NodeRefNtNtB5_6marker3MutjNtNtB7_7set_val9SetValZSTNtB19_8InternalE4pushCs9Vr3m8bx7MY_27piping_numerical_robustness
000000010003e074 T __RNvXNvMsT_NtNtNtCslJsSqIQKwiA_5alloc11collections5btree4nodeINtB8_6HandleINtB8_7NodeRefNtNtB8_6marker5DyingpppENtB1p_2KVE12drop_key_valINtB2_7DropperNtNtBe_6string6StringENtNtNtCsgtPOCBgevO_4core3ops4drop4Drop4dropCs9Vr3m8bx7MY_27piping_numerical_robustness
000000010003e0a4 T __RINvMsj_NtCslJsSqIQKwiA_5alloc3vecINtB6_3VecNtNtB8_6string6StringE14extend_trustedINtNtNtNtCsgtPOCBgevO_4core4iter8adapters3map3MapINtNtNtB1r_5slice4iter4IterNtNtCscNegbyJkm8k_10serde_json5value5ValueENvNtCs9Vr3m8bx7MY_27piping_numerical_robustness5cases4textEEB3h_
000000010003e1c8 T __RINvMsj_NtCslJsSqIQKwiA_5alloc3vecINtB6_3VecNtNtCs9Vr3m8bx7MY_27piping_numerical_robustness5cases10SpringSpecE14extend_trustedINtNtNtNtCsgtPOCBgevO_4core4iter8adapters3map3MapINtNtNtB29_5slice4iter4IterNtNtCscNegbyJkm8k_10serde_json5value5ValueENCNvBI_11parse_models0_0EEBK_
000000010003e2ec T __RINvMsj_NtCslJsSqIQKwiA_5alloc3vecINtB6_3VecNtNtCs9Vr3m8bx7MY_27piping_numerical_robustness5cases3RowE14extend_trustedINtNtNtNtCsgtPOCBgevO_4core4iter8adapters3map3MapINtNtNtB21_5slice4iter4IterNtNtCscNegbyJkm8k_10serde_json5value5ValueENCNvBI_10parse_case0EEBK_
000000010003e410 T __RINvMsj_NtCslJsSqIQKwiA_5alloc3vecINtB6_3VecNtNtCs9Vr3m8bx7MY_27piping_numerical_robustness5cases4CaseE16extend_desugaredINtNtNtNtCsgtPOCBgevO_4core4iter8adapters3map3MapINtNtB20_6filter6FilterNtNtNtB24_3str4iter5LinesNCNvBI_9load_files_0ENvBI_10parse_caseEEBK_
000000010003e5ec T __RINvMsj_NtCslJsSqIQKwiA_5alloc3vecINtB6_3VecNtNtCs9Vr3m8bx7MY_27piping_numerical_robustness5cases4CaseE16extend_desugaredINtNtNtNtCsgtPOCBgevO_4core4iter8adapters7flatten7FlatMapINtNtNtB24_5slice4iter4IterTReB3i_EEBw_NCNvBI_8load_all0EEBK_
000000010003e7dc T __RINvMsj_NtCslJsSqIQKwiA_5alloc3vecINtB6_3VecNtNtCs9Vr3m8bx7MY_27piping_numerical_robustness5cases6MemberE14extend_trustedINtNtNtNtCsgtPOCBgevO_4core4iter8adapters3map3MapINtNtNtB24_5slice4iter4IterNtNtCscNegbyJkm8k_10serde_json5value5ValueENCNvBI_11parse_models_0EEBK_
000000010003e900 T __RINvMsj_NtCslJsSqIQKwiA_5alloc3vecINtB6_3VecNtNtCs9Vr3m8bx7MY_27piping_numerical_robustness5cases7ControlE14extend_trustedINtNtNtNtCsgtPOCBgevO_4core4iter8adapters3map3MapINtNtNtB25_5slice4iter4IterNtNtCscNegbyJkm8k_10serde_json5value5ValueENCNvBI_10parse_cases_0EEBK_
000000010003ea24 T __RINvMsj_NtCslJsSqIQKwiA_5alloc3vecINtB6_3VecTNtNtB8_6string6StringBH_EE16extend_desugaredINtNtNtNtCsgtPOCBgevO_4core4iter8adapters3map3MapNtNtCscNegbyJkm8k_10serde_json3map4IterNCNCNCNvNtCs9Vr3m8bx7MY_27piping_numerical_robustness5cases10parse_cases0_000EEB2Z_
000000010003ebfc T __RINvMsj_NtCslJsSqIQKwiA_5alloc3vecINtB6_3VecTNtNtB8_6string6StringBH_EE16extend_desugaredINtNtNtNtCsgtPOCBgevO_4core4iter8adapters3map3MapNtNtCscNegbyJkm8k_10serde_json3map4IterNCNCNvNtCs9Vr3m8bx7MY_27piping_numerical_robustness5cases10parse_cases_00EEB2X_
000000010003edd4 T __RINvMsj_NtCslJsSqIQKwiA_5alloc3vecINtB6_3VecTmjEE14extend_trustedINtNtNtNtCsgtPOCBgevO_4core4iter8adapters3map3MapINtNtNtB1a_5slice4iter4IterNtNtCscNegbyJkm8k_10serde_json5value5ValueENCNvNtCs9Vr3m8bx7MY_27piping_numerical_robustness5cases11parse_models1_0EEB32_
000000010003eef8 T __RINvMsj_NtCslJsSqIQKwiA_5alloc3vecINtB6_3VecTmjdNtNtB8_6string6StringEE14extend_trustedINtNtNtNtCsgtPOCBgevO_4core4iter8adapters3map3MapINtNtNtB1w_5slice4iter4IterNtNtCscNegbyJkm8k_10serde_json5value5ValueENCNvNtCs9Vr3m8bx7MY_27piping_numerical_robustness5cases11parse_models2_0EEB3o_
000000010003f01c T __RINvMsj_NtCslJsSqIQKwiA_5alloc3vecINtB6_3VecTmmdEE14extend_trustedINtNtNtNtCsgtPOCBgevO_4core4iter8adapters3map3MapINtNtNtB1b_5slice4iter4IterNtNtCscNegbyJkm8k_10serde_json5value5ValueENCNvNtCs9Vr3m8bx7MY_27piping_numerical_robustness5cases11parse_models3_0EEB33_
000000010003f140 T __RINvMsj_NtCslJsSqIQKwiA_5alloc3vecINtB6_3VecjE14extend_trustedINtNtNtNtB8_11collections5btree3set8IntoIterjEECs9Vr3m8bx7MY_27piping_numerical_robustness
000000010003f29c T __RINvMsj_NtCslJsSqIQKwiA_5alloc3vecINtB6_3VecjE14extend_trustedINtNtNtNtCsgtPOCBgevO_4core4iter8adapters3map3MapINtNtNtB17_3ops5range5RangejENCNvNtCs9Vr3m8bx7MY_27piping_numerical_robustness3rcm14free_adjacencys0_0EEB2k_
000000010003f3cc T __RINvMsj_NtCslJsSqIQKwiA_5alloc3vecINtB6_3VecjE16extend_desugaredINtNtNtNtCsgtPOCBgevO_4core4iter8adapters7flatten7FlatMapINtNtNtB19_5slice4iter4ItermEINtNtB15_3map3MapINtNtNtB19_3ops5range5RangejENCNCNvNtCs9Vr3m8bx7MY_27piping_numerical_robustness3rcm14free_adjacencys_00ENCB3c_s_0EEB3g_
000000010003f574 T __RINvNtCslJsSqIQKwiA_5alloc3vec9from_elemINtNtNtNtB4_11collections5btree3set8BTreeSetjEECs9Vr3m8bx7MY_27piping_numerical_robustness
000000010003f594 T __RINvXse_NtCslJsSqIQKwiA_5alloc3vecINtB6_3VecIBx_jEEINtNtNtNtCsgtPOCBgevO_4core4iter6traits7collect12FromIteratorBG_E9from_iterINtNtNtBU_8adapters3map3MapINtNtB6_9into_iter8IntoIterINtNtNtNtB8_11collections5btree3set8BTreeSetjEENCNvNtCs9Vr3m8bx7MY_27piping_numerical_robustness3rcm14free_adjacencys1_0EEB3J_
000000010003f5c8 T __RINvXse_NtCslJsSqIQKwiA_5alloc3vecINtB6_3VecNtNtB8_6string6StringEINtNtNtNtCsgtPOCBgevO_4core4iter6traits7collect12FromIteratorBG_E9from_iterINtNtNtB19_8adapters3map3MapINtNtNtB1b_5slice4iter4IterNtNtCscNegbyJkm8k_10serde_json5value5ValueENvNtCs9Vr3m8bx7MY_27piping_numerical_robustness5cases4textEEB3T_
000000010003f600 T __RINvXse_NtCslJsSqIQKwiA_5alloc3vecINtB6_3VecNtNtCs9Vr3m8bx7MY_27piping_numerical_robustness5cases10SpringSpecEINtNtNtNtCsgtPOCBgevO_4core4iter6traits7collect12FromIteratorBG_E9from_iterINtNtNtB1R_8adapters3map3MapINtNtNtB1T_5slice4iter4IterNtNtCscNegbyJkm8k_10serde_json5value5ValueENCNvBI_11parse_models0_0EEBK_
000000010003f638 T __RINvXse_NtCslJsSqIQKwiA_5alloc3vecINtB6_3VecNtNtCs9Vr3m8bx7MY_27piping_numerical_robustness5cases3RowEINtNtNtNtCsgtPOCBgevO_4core4iter6traits7collect12FromIteratorBG_E9from_iterINtNtNtB1J_8adapters3map3MapINtNtNtB1L_5slice4iter4IterNtNtCscNegbyJkm8k_10serde_json5value5ValueENCNvBI_10parse_case0EEBK_
000000010003f670 T __RINvXse_NtCslJsSqIQKwiA_5alloc3vecINtB6_3VecNtNtCs9Vr3m8bx7MY_27piping_numerical_robustness5cases4CaseEINtNtNtNtCsgtPOCBgevO_4core4iter6traits7collect12FromIteratorBG_E9from_iterINtNtNtB1K_8adapters3map3MapINtNtB2V_6filter6FilterNtNtNtB1M_3str4iter5LinesNCNvBI_9load_files_0ENvBI_10parse_caseEEBK_
000000010003f6a4 T __RINvXse_NtCslJsSqIQKwiA_5alloc3vecINtB6_3VecNtNtCs9Vr3m8bx7MY_27piping_numerical_robustness5cases4CaseEINtNtNtNtCsgtPOCBgevO_4core4iter6traits7collect12FromIteratorBG_E9from_iterINtNtNtB1K_8adapters7flatten7FlatMapINtNtNtB1M_5slice4iter4IterTReB3S_EEBw_NCNvBI_8load_all0EEBK_
000000010003f6d8 T __RINvXse_NtCslJsSqIQKwiA_5alloc3vecINtB6_3VecNtNtCs9Vr3m8bx7MY_27piping_numerical_robustness5cases6MemberEINtNtNtNtCsgtPOCBgevO_4core4iter6traits7collect12FromIteratorBG_E9from_iterINtNtNtB1M_8adapters3map3MapINtNtNtB1O_5slice4iter4IterNtNtCscNegbyJkm8k_10serde_json5value5ValueENCNvBI_11parse_models_0EEBK_
000000010003f710 T __RINvXse_NtCslJsSqIQKwiA_5alloc3vecINtB6_3VecNtNtCs9Vr3m8bx7MY_27piping_numerical_robustness5cases7ControlEINtNtNtNtCsgtPOCBgevO_4core4iter6traits7collect12FromIteratorBG_E9from_iterINtNtNtB1N_8adapters3map3MapINtNtNtB1P_5slice4iter4IterNtNtCscNegbyJkm8k_10serde_json5value5ValueENCNvBI_10parse_cases_0EEBK_
000000010003f748 T __RINvXse_NtCslJsSqIQKwiA_5alloc3vecINtB6_3VecTNtNtB8_6string6StringBH_EEINtNtNtNtCsgtPOCBgevO_4core4iter6traits7collect12FromIteratorBG_E9from_iterINtNtNtB1e_8adapters3map3MapNtNtCscNegbyJkm8k_10serde_json3map4IterNCNCNCNvNtCs9Vr3m8bx7MY_27piping_numerical_robustness5cases10parse_cases0_000EEB3z_
000000010003f77c T __RINvXse_NtCslJsSqIQKwiA_5alloc3vecINtB6_3VecTNtNtB8_6string6StringBH_EEINtNtNtNtCsgtPOCBgevO_4core4iter6traits7collect12FromIteratorBG_E9from_iterINtNtNtB1e_8adapters3map3MapNtNtCscNegbyJkm8k_10serde_json3map4IterNCNCNvNtCs9Vr3m8bx7MY_27piping_numerical_robustness5cases10parse_cases_00EEB3x_
000000010003f7b0 T __RINvXse_NtCslJsSqIQKwiA_5alloc3vecINtB6_3VecTmjEEINtNtNtNtCsgtPOCBgevO_4core4iter6traits7collect12FromIteratorBG_E9from_iterINtNtNtBS_8adapters3map3MapINtNtNtBU_5slice4iter4IterNtNtCscNegbyJkm8k_10serde_json5value5ValueENCNvNtCs9Vr3m8bx7MY_27piping_numerical_robustness5cases11parse_models1_0EEB3C_
000000010003f7e8 T __RINvXse_NtCslJsSqIQKwiA_5alloc3vecINtB6_3VecTmjdNtNtB8_6string6StringEEINtNtNtNtCsgtPOCBgevO_4core4iter6traits7collect12FromIteratorBG_E9from_iterINtNtNtB1e_8adapters3map3MapINtNtNtB1g_5slice4iter4IterNtNtCscNegbyJkm8k_10serde_json5value5ValueENCNvNtCs9Vr3m8bx7MY_27piping_numerical_robustness5cases11parse_models2_0EEB40_
000000010003f820 T __RINvXse_NtCslJsSqIQKwiA_5alloc3vecINtB6_3VecTmmdEEINtNtNtNtCsgtPOCBgevO_4core4iter6traits7collect12FromIteratorBG_E9from_iterINtNtNtBT_8adapters3map3MapINtNtNtBV_5slice4iter4IterNtNtCscNegbyJkm8k_10serde_json5value5ValueENCNvNtCs9Vr3m8bx7MY_27piping_numerical_robustness5cases11parse_models3_0EEB3D_
000000010003f858 T __RINvXse_NtCslJsSqIQKwiA_5alloc3vecINtB6_3VecjEINtNtNtNtCsgtPOCBgevO_4core4iter6traits7collect12FromIteratorjE9from_iterINtNtNtBP_8adapters3map3MapINtNtNtBR_3ops5range5RangejENCNvNtCs9Vr3m8bx7MY_27piping_numerical_robustness3rcm14free_adjacencys0_0EEB2S_
000000010003f88c T __RINvXse_NtCslJsSqIQKwiA_5alloc3vecINtB6_3VecjEINtNtNtNtCsgtPOCBgevO_4core4iter6traits7collect12FromIteratorjE9from_iterINtNtNtBP_8adapters7flatten7FlatMapINtNtNtBR_5slice4iter4ItermEINtNtB1Y_3map3MapINtNtNtBR_3ops5range5RangejENCNCNvNtCs9Vr3m8bx7MY_27piping_numerical_robustness3rcm14free_adjacencys_00ENCB3H_s_0EEB3L_
000000010003f8c0 T __RINvXse_NtCslJsSqIQKwiA_5alloc3vecINtB6_3VecjEINtNtNtNtCsgtPOCBgevO_4core4iter6traits7collect12FromIteratorjE9from_iterINtNtNtNtB8_11collections5btree3set8IntoIterjEECs9Vr3m8bx7MY_27piping_numerical_robustness
000000010003f8f4 T __RNCINvMsj_NtCslJsSqIQKwiA_5alloc3vecINtB8_3VecNtNtBa_6string6StringE14extend_trustedINtNtNtNtCsgtPOCBgevO_4core4iter8adapters3map3MapINtNtNtB1t_5slice4iter4IterNtNtCscNegbyJkm8k_10serde_json5value5ValueENvNtCs9Vr3m8bx7MY_27piping_numerical_robustness5cases4textEE0B3j_
000000010003f938 T __RNCINvMsj_NtCslJsSqIQKwiA_5alloc3vecINtB8_3VecNtNtCs9Vr3m8bx7MY_27piping_numerical_robustness5cases10SpringSpecE14extend_trustedINtNtNtNtCsgtPOCBgevO_4core4iter8adapters3map3MapINtNtNtB2b_5slice4iter4IterNtNtCscNegbyJkm8k_10serde_json5value5ValueENCNvBK_11parse_models0_0EE0BM_
000000010003f98c T __RNCINvMsj_NtCslJsSqIQKwiA_5alloc3vecINtB8_3VecNtNtCs9Vr3m8bx7MY_27piping_numerical_robustness5cases3RowE14extend_trustedINtNtNtNtCsgtPOCBgevO_4core4iter8adapters3map3MapINtNtNtB23_5slice4iter4IterNtNtCscNegbyJkm8k_10serde_json5value5ValueENCNvBK_10parse_case0EE0BM_
000000010003f9e0 T __RNCINvMsj_NtCslJsSqIQKwiA_5alloc3vecINtB8_3VecNtNtCs9Vr3m8bx7MY_27piping_numerical_robustness5cases6MemberE14extend_trustedINtNtNtNtCsgtPOCBgevO_4core4iter8adapters3map3MapINtNtNtB26_5slice4iter4IterNtNtCscNegbyJkm8k_10serde_json5value5ValueENCNvBK_11parse_models_0EE0BM_
000000010003fa34 T __RNCINvMsj_NtCslJsSqIQKwiA_5alloc3vecINtB8_3VecNtNtCs9Vr3m8bx7MY_27piping_numerical_robustness5cases7ControlE14extend_trustedINtNtNtNtCsgtPOCBgevO_4core4iter8adapters3map3MapINtNtNtB27_5slice4iter4IterNtNtCscNegbyJkm8k_10serde_json5value5ValueENCNvBK_10parse_cases_0EE0BM_
000000010003fa80 T __RNCINvMsj_NtCslJsSqIQKwiA_5alloc3vecINtB8_3VecTmjEE14extend_trustedINtNtNtNtCsgtPOCBgevO_4core4iter8adapters3map3MapINtNtNtB1c_5slice4iter4IterNtNtCscNegbyJkm8k_10serde_json5value5ValueENCNvNtCs9Vr3m8bx7MY_27piping_numerical_robustness5cases11parse_models1_0EE0B34_
000000010003fabc T __RNCINvMsj_NtCslJsSqIQKwiA_5alloc3vecINtB8_3VecTmjdNtNtBa_6string6StringEE14extend_trustedINtNtNtNtCsgtPOCBgevO_4core4iter8adapters3map3MapINtNtNtB1y_5slice4iter4IterNtNtCscNegbyJkm8k_10serde_json5value5ValueENCNvNtCs9Vr3m8bx7MY_27piping_numerical_robustness5cases11parse_models2_0EE0B3q_
000000010003fb10 T __RNCINvMsj_NtCslJsSqIQKwiA_5alloc3vecINtB8_3VecTmmdEE14extend_trustedINtNtNtNtCsgtPOCBgevO_4core4iter8adapters3map3MapINtNtNtB1d_5slice4iter4IterNtNtCscNegbyJkm8k_10serde_json5value5ValueENCNvNtCs9Vr3m8bx7MY_27piping_numerical_robustness5cases11parse_models3_0EE0B35_
000000010003fb40 T __RNCINvMsj_NtCslJsSqIQKwiA_5alloc3vecINtB8_3VecjE14extend_trustedINtNtNtNtBa_11collections5btree3set8IntoIterjEE0Cs9Vr3m8bx7MY_27piping_numerical_robustness
000000010003fb70 T __RNCINvMsj_NtCslJsSqIQKwiA_5alloc3vecINtB8_3VecjE14extend_trustedINtNtNtNtCsgtPOCBgevO_4core4iter8adapters3map3MapINtNtNtB19_3ops5range5RangejENCNvNtCs9Vr3m8bx7MY_27piping_numerical_robustness3rcm14free_adjacencys0_0EE0B2m_
000000010003fba0 T __RNvMs3_NtCslJsSqIQKwiA_5alloc3vecINtB5_3VecINtNtNtNtB7_11collections5btree3set8BTreeSetjEE11extend_withCs9Vr3m8bx7MY_27piping_numerical_robustness
000000010003fdb4 T __RNvMs_NtCslJsSqIQKwiA_5alloc3vecINtB4_3VecINtNtNtNtB6_11collections5btree3set8BTreeSetjEE7reserveCs9Vr3m8bx7MY_27piping_numerical_robustness
000000010003fe5c T __RNvMs_NtCslJsSqIQKwiA_5alloc3vecINtB4_3VecNtNtCs9Vr3m8bx7MY_27piping_numerical_robustness5cases10SpringSpecE7reserveBI_
000000010003ff04 T __RNvMs_NtCslJsSqIQKwiA_5alloc3vecINtB4_3VecNtNtCs9Vr3m8bx7MY_27piping_numerical_robustness5cases3RowE7reserveBI_
000000010003ffac T __RNvMs_NtCslJsSqIQKwiA_5alloc3vecINtB4_3VecNtNtCs9Vr3m8bx7MY_27piping_numerical_robustness5cases4CaseE7reserveBI_
0000000100040054 T __RNvMs_NtCslJsSqIQKwiA_5alloc3vecINtB4_3VecNtNtCs9Vr3m8bx7MY_27piping_numerical_robustness5cases6MemberE7reserveBI_
00000001000400fc T __RNvMs_NtCslJsSqIQKwiA_5alloc3vecINtB4_3VecNtNtCs9Vr3m8bx7MY_27piping_numerical_robustness5cases7ControlE7reserveBI_
00000001000401a4 T __RNvMs_NtCslJsSqIQKwiA_5alloc3vecINtB4_3VecTNtNtB6_6string6StringBF_EE7reserveCs9Vr3m8bx7MY_27piping_numerical_robustness
000000010004024c T __RNvMs_NtCslJsSqIQKwiA_5alloc3vecINtB4_3VecTmjEE7reserveCs9Vr3m8bx7MY_27piping_numerical_robustness
00000001000402f4 T __RNvMs_NtCslJsSqIQKwiA_5alloc3vecINtB4_3VecTmjdNtNtB6_6string6StringEE7reserveCs9Vr3m8bx7MY_27piping_numerical_robustness
000000010004039c T __RNvMs_NtCslJsSqIQKwiA_5alloc3vecINtB4_3VecTmmdEE7reserveCs9Vr3m8bx7MY_27piping_numerical_robustness
0000000100040444 t __RNvNvMs_NtCslJsSqIQKwiA_5alloc3vecINtB6_3VecppE13from_parts_in18precondition_checkCs9Vr3m8bx7MY_27piping_numerical_robustness
00000001000404a4 t __RNvNvMs_NtCslJsSqIQKwiA_5alloc3vecINtB6_3VecppE7set_len18precondition_checkCs9Vr3m8bx7MY_27piping_numerical_robustness
0000000100040504 T __RNvXNtNtCslJsSqIQKwiA_5alloc3vec11spec_extendINtB4_3VecNtNtCs9Vr3m8bx7MY_27piping_numerical_robustness5cases4CaseEINtB2_10SpecExtendBR_INtNtNtNtCsgtPOCBgevO_4core4iter8adapters3map3MapINtNtB2e_6filter6FilterNtNtNtB2i_3str4iter5LinesNCNvBT_9load_files_0ENvBT_10parse_caseEE11spec_extendBV_
0000000100040528 T __RNvXNtNtCslJsSqIQKwiA_5alloc3vec11spec_extendINtB4_3VecNtNtCs9Vr3m8bx7MY_27piping_numerical_robustness5cases4CaseEINtB2_10SpecExtendBR_INtNtNtNtCsgtPOCBgevO_4core4iter8adapters7flatten7FlatMapINtNtNtB2i_5slice4iter4IterTReB3w_EEBH_NCNvBT_8load_all0EE11spec_extendBV_
000000010004054c T __RNvXNtNtCslJsSqIQKwiA_5alloc3vec11spec_extendINtB4_3VecTNtNtB6_6string6StringBS_EEINtB2_10SpecExtendBR_INtNtNtNtCsgtPOCBgevO_4core4iter8adapters3map3MapNtNtCscNegbyJkm8k_10serde_json3map4IterNCNCNCNvNtCs9Vr3m8bx7MY_27piping_numerical_robustness5cases10parse_cases0_000EE11spec_extendB3d_
0000000100040570 T __RNvXNtNtCslJsSqIQKwiA_5alloc3vec11spec_extendINtB4_3VecTNtNtB6_6string6StringBS_EEINtB2_10SpecExtendBR_INtNtNtNtCsgtPOCBgevO_4core4iter8adapters3map3MapNtNtCscNegbyJkm8k_10serde_json3map4IterNCNCNvNtCs9Vr3m8bx7MY_27piping_numerical_robustness5cases10parse_cases_00EE11spec_extendB3b_
0000000100040594 T __RNvXNtNtCslJsSqIQKwiA_5alloc3vec11spec_extendINtB4_3VecjEINtB2_10SpecExtendjINtNtNtNtCsgtPOCBgevO_4core4iter8adapters7flatten7FlatMapINtNtNtB1l_5slice4iter4ItermEINtNtB1h_3map3MapINtNtNtB1l_3ops5range5RangejENCNCNvNtCs9Vr3m8bx7MY_27piping_numerical_robustness3rcm14free_adjacencys_00ENCB3o_s_0EE11spec_extendB3s_
00000001000405b8 T __RNvXNtNtCslJsSqIQKwiA_5alloc3vec14spec_from_iterINtB4_3VecNtNtB6_6string6StringEINtB2_12SpecFromIterBU_INtNtNtNtCsgtPOCBgevO_4core4iter8adapters3map3MapINtNtNtB1M_5slice4iter4IterNtNtCscNegbyJkm8k_10serde_json5value5ValueENvNtCs9Vr3m8bx7MY_27piping_numerical_robustness5cases4textEE9from_iterB3C_
00000001000405e4 T __RNvXNtNtCslJsSqIQKwiA_5alloc3vec14spec_from_iterINtB4_3VecNtNtCs9Vr3m8bx7MY_27piping_numerical_robustness5cases10SpringSpecEINtB2_12SpecFromIterBU_INtNtNtNtCsgtPOCBgevO_4core4iter8adapters3map3MapINtNtNtB2u_5slice4iter4IterNtNtCscNegbyJkm8k_10serde_json5value5ValueENCNvBW_11parse_models0_0EE9from_iterBY_
0000000100040610 T __RNvXNtNtCslJsSqIQKwiA_5alloc3vec14spec_from_iterINtB4_3VecNtNtCs9Vr3m8bx7MY_27piping_numerical_robustness5cases3RowEINtB2_12SpecFromIterBU_INtNtNtNtCsgtPOCBgevO_4core4iter8adapters3map3MapINtNtNtB2m_5slice4iter4IterNtNtCscNegbyJkm8k_10serde_json5value5ValueENCNvBW_10parse_case0EE9from_iterBY_
000000010004063c T __RNvXNtNtCslJsSqIQKwiA_5alloc3vec14spec_from_iterINtB4_3VecNtNtCs9Vr3m8bx7MY_27piping_numerical_robustness5cases4CaseEINtB2_12SpecFromIterBU_INtNtNtNtCsgtPOCBgevO_4core4iter8adapters3map3MapINtNtB2j_6filter6FilterNtNtNtB2n_3str4iter5LinesNCNvBW_9load_files_0ENvBW_10parse_caseEE9from_iterBY_
0000000100040650 T __RNvXNtNtCslJsSqIQKwiA_5alloc3vec14spec_from_iterINtB4_3VecNtNtCs9Vr3m8bx7MY_27piping_numerical_robustness5cases4CaseEINtB2_12SpecFromIterBU_INtNtNtNtCsgtPOCBgevO_4core4iter8adapters7flatten7FlatMapINtNtNtB2n_5slice4iter4IterTReB3B_EEBK_NCNvBW_8load_all0EE9from_iterBY_
0000000100040664 T __RNvXNtNtCslJsSqIQKwiA_5alloc3vec14spec_from_iterINtB4_3VecNtNtCs9Vr3m8bx7MY_27piping_numerical_robustness5cases6MemberEINtB2_12SpecFromIterBU_INtNtNtNtCsgtPOCBgevO_4core4iter8adapters3map3MapINtNtNtB2p_5slice4iter4IterNtNtCscNegbyJkm8k_10serde_json5value5ValueENCNvBW_11parse_models_0EE9from_iterBY_
0000000100040690 T __RNvXNtNtCslJsSqIQKwiA_5alloc3vec14spec_from_iterINtB4_3VecNtNtCs9Vr3m8bx7MY_27piping_numerical_robustness5cases7ControlEINtB2_12SpecFromIterBU_INtNtNtNtCsgtPOCBgevO_4core4iter8adapters3map3MapINtNtNtB2q_5slice4iter4IterNtNtCscNegbyJkm8k_10serde_json5value5ValueENCNvBW_10parse_cases_0EE9from_iterBY_
00000001000406bc T __RNvXNtNtCslJsSqIQKwiA_5alloc3vec14spec_from_iterINtB4_3VecTNtNtB6_6string6StringBV_EEINtB2_12SpecFromIterBU_INtNtNtNtCsgtPOCBgevO_4core4iter8adapters3map3MapNtNtCscNegbyJkm8k_10serde_json3map4IterNCNCNCNvNtCs9Vr3m8bx7MY_27piping_numerical_robustness5cases10parse_cases0_000EE9from_iterB3i_
00000001000406d0 T __RNvXNtNtCslJsSqIQKwiA_5alloc3vec14spec_from_iterINtB4_3VecTNtNtB6_6string6StringBV_EEINtB2_12SpecFromIterBU_INtNtNtNtCsgtPOCBgevO_4core4iter8adapters3map3MapNtNtCscNegbyJkm8k_10serde_json3map4IterNCNCNvNtCs9Vr3m8bx7MY_27piping_numerical_robustness5cases10parse_cases_00EE9from_iterB3g_
00000001000406e4 T __RNvXNtNtCslJsSqIQKwiA_5alloc3vec14spec_from_iterINtB4_3VecTmjEEINtB2_12SpecFromIterBU_INtNtNtNtCsgtPOCBgevO_4core4iter8adapters3map3MapINtNtNtB1v_5slice4iter4IterNtNtCscNegbyJkm8k_10serde_json5value5ValueENCNvNtCs9Vr3m8bx7MY_27piping_numerical_robustness5cases11parse_models1_0EE9from_iterB3n_
0000000100040710 T __RNvXNtNtCslJsSqIQKwiA_5alloc3vec14spec_from_iterINtB4_3VecTmjdNtNtB6_6string6StringEEINtB2_12SpecFromIterBU_INtNtNtNtCsgtPOCBgevO_4core4iter8adapters3map3MapINtNtNtB1R_5slice4iter4IterNtNtCscNegbyJkm8k_10serde_json5value5ValueENCNvNtCs9Vr3m8bx7MY_27piping_numerical_robustness5cases11parse_models2_0EE9from_iterB3J_
000000010004073c T __RNvXNtNtCslJsSqIQKwiA_5alloc3vec14spec_from_iterINtB4_3VecTmmdEEINtB2_12SpecFromIterBU_INtNtNtNtCsgtPOCBgevO_4core4iter8adapters3map3MapINtNtNtB1w_5slice4iter4IterNtNtCscNegbyJkm8k_10serde_json5value5ValueENCNvNtCs9Vr3m8bx7MY_27piping_numerical_robustness5cases11parse_models3_0EE9from_iterB3o_
0000000100040768 T __RNvXNtNtCslJsSqIQKwiA_5alloc3vec14spec_from_iterINtB4_3VecjEINtB2_12SpecFromIterjINtNtNtNtB6_11collections5btree3set8IntoIterjEE9from_iterCs9Vr3m8bx7MY_27piping_numerical_robustness
000000010004077c T __RNvXNtNtCslJsSqIQKwiA_5alloc3vec14spec_from_iterINtB4_3VecjEINtB2_12SpecFromIterjINtNtNtNtCsgtPOCBgevO_4core4iter8adapters3map3MapINtNtNtB1q_3ops5range5RangejENCNvNtCs9Vr3m8bx7MY_27piping_numerical_robustness3rcm14free_adjacencys0_0EE9from_iterB2D_
0000000100040790 T __RNvXNtNtCslJsSqIQKwiA_5alloc3vec14spec_from_iterINtB4_3VecjEINtB2_12SpecFromIterjINtNtNtNtCsgtPOCBgevO_4core4iter8adapters7flatten7FlatMapINtNtNtB1q_5slice4iter4ItermEINtNtB1m_3map3MapINtNtNtB1q_3ops5range5RangejENCNCNvNtCs9Vr3m8bx7MY_27piping_numerical_robustness3rcm14free_adjacencys_00ENCB3t_s_0EE9from_iterB3x_
00000001000407a4 T __RNvXNtNtCslJsSqIQKwiA_5alloc3vec21spec_from_iter_nestedINtB4_3VecNtNtCs9Vr3m8bx7MY_27piping_numerical_robustness5cases4CaseEINtB2_18SpecFromIterNestedB11_INtNtNtNtCsgtPOCBgevO_4core4iter8adapters3map3MapINtNtB2x_6filter6FilterNtNtNtB2B_3str4iter5LinesNCNvB13_9load_files_0ENvB13_10parse_caseEE9from_iterB15_
00000001000409f8 T __RNvXNtNtCslJsSqIQKwiA_5alloc3vec21spec_from_iter_nestedINtB4_3VecNtNtCs9Vr3m8bx7MY_27piping_numerical_robustness5cases4CaseEINtB2_18SpecFromIterNestedB11_INtNtNtNtCsgtPOCBgevO_4core4iter8adapters7flatten7FlatMapINtNtNtB2B_5slice4iter4IterTReB3P_EEBR_NCNvB13_8load_all0EE9from_iterB15_
0000000100040c60 T __RNvXNtNtCslJsSqIQKwiA_5alloc3vec21spec_from_iter_nestedINtB4_3VecTNtNtB6_6string6StringB12_EEINtB2_18SpecFromIterNestedB11_INtNtNtNtCsgtPOCBgevO_4core4iter8adapters3map3MapNtNtCscNegbyJkm8k_10serde_json3map4IterNCNCNCNvNtCs9Vr3m8bx7MY_27piping_numerical_robustness5cases10parse_cases0_000EE9from_iterB3x_
0000000100040eb0 T __RNvXNtNtCslJsSqIQKwiA_5alloc3vec21spec_from_iter_nestedINtB4_3VecTNtNtB6_6string6StringB12_EEINtB2_18SpecFromIterNestedB11_INtNtNtNtCsgtPOCBgevO_4core4iter8adapters3map3MapNtNtCscNegbyJkm8k_10serde_json3map4IterNCNCNvNtCs9Vr3m8bx7MY_27piping_numerical_robustness5cases10parse_cases_00EE9from_iterB3v_
0000000100041100 T __RNvXNtNtCslJsSqIQKwiA_5alloc3vec21spec_from_iter_nestedINtB4_3VecjEINtB2_18SpecFromIterNestedjINtNtNtNtCsgtPOCBgevO_4core4iter8adapters7flatten7FlatMapINtNtNtB1D_5slice4iter4ItermEINtNtB1z_3map3MapINtNtNtB1D_3ops5range5RangejENCNCNvNtCs9Vr3m8bx7MY_27piping_numerical_robustness3rcm14free_adjacencys_00ENCB3G_s_0EE9from_iterB3K_
0000000100041328 T __RNvXs8_NtCslJsSqIQKwiA_5alloc5sliceINtNtB7_3vec3VecTNtNtB7_6string6StringBO_EEINtNtNtNtCsgtPOCBgevO_4core5slice4sort6stable8BufGuardBN_E13with_capacityCs9Vr3m8bx7MY_27piping_numerical_robustness
000000010004136c T __RNvXs8_NtCslJsSqIQKwiA_5alloc5sliceINtNtB7_3vec3VecTNtNtB7_6string6StringBO_EEINtNtNtNtCsgtPOCBgevO_4core5slice4sort6stable8BufGuardBN_E19as_uninit_slice_mutCs9Vr3m8bx7MY_27piping_numerical_robustness
0000000100041434 T __RNvXs_NtNtCslJsSqIQKwiA_5alloc3vec11spec_extendINtB6_3VecNtNtB8_6string6StringEINtB4_10SpecExtendBT_INtNtNtNtCsgtPOCBgevO_4core4iter8adapters3map3MapINtNtNtB1J_5slice4iter4IterNtNtCscNegbyJkm8k_10serde_json5value5ValueENvNtCs9Vr3m8bx7MY_27piping_numerical_robustness5cases4textEE11spec_extendB3z_
0000000100041468 T __RNvXs_NtNtCslJsSqIQKwiA_5alloc3vec11spec_extendINtB6_3VecNtNtCs9Vr3m8bx7MY_27piping_numerical_robustness5cases10SpringSpecEINtB4_10SpecExtendBT_INtNtNtNtCsgtPOCBgevO_4core4iter8adapters3map3MapINtNtNtB2r_5slice4iter4IterNtNtCscNegbyJkm8k_10serde_json5value5ValueENCNvBV_11parse_models0_0EE11spec_extendBX_
000000010004149c T __RNvXs_NtNtCslJsSqIQKwiA_5alloc3vec11spec_extendINtB6_3VecNtNtCs9Vr3m8bx7MY_27piping_numerical_robustness5cases3RowEINtB4_10SpecExtendBT_INtNtNtNtCsgtPOCBgevO_4core4iter8adapters3map3MapINtNtNtB2j_5slice4iter4IterNtNtCscNegbyJkm8k_10serde_json5value5ValueENCNvBV_10parse_case0EE11spec_extendBX_
00000001000414d0 T __RNvXs_NtNtCslJsSqIQKwiA_5alloc3vec11spec_extendINtB6_3VecNtNtCs9Vr3m8bx7MY_27piping_numerical_robustness5cases6MemberEINtB4_10SpecExtendBT_INtNtNtNtCsgtPOCBgevO_4core4iter8adapters3map3MapINtNtNtB2m_5slice4iter4IterNtNtCscNegbyJkm8k_10serde_json5value5ValueENCNvBV_11parse_models_0EE11spec_extendBX_
0000000100041504 T __RNvXs_NtNtCslJsSqIQKwiA_5alloc3vec11spec_extendINtB6_3VecNtNtCs9Vr3m8bx7MY_27piping_numerical_robustness5cases7ControlEINtB4_10SpecExtendBT_INtNtNtNtCsgtPOCBgevO_4core4iter8adapters3map3MapINtNtNtB2n_5slice4iter4IterNtNtCscNegbyJkm8k_10serde_json5value5ValueENCNvBV_10parse_cases_0EE11spec_extendBX_
0000000100041538 T __RNvXs_NtNtCslJsSqIQKwiA_5alloc3vec11spec_extendINtB6_3VecTmjEEINtB4_10SpecExtendBT_INtNtNtNtCsgtPOCBgevO_4core4iter8adapters3map3MapINtNtNtB1s_5slice4iter4IterNtNtCscNegbyJkm8k_10serde_json5value5ValueENCNvNtCs9Vr3m8bx7MY_27piping_numerical_robustness5cases11parse_models1_0EE11spec_extendB3k_
000000010004156c T __RNvXs_NtNtCslJsSqIQKwiA_5alloc3vec11spec_extendINtB6_3VecTmjdNtNtB8_6string6StringEEINtB4_10SpecExtendBT_INtNtNtNtCsgtPOCBgevO_4core4iter8adapters3map3MapINtNtNtB1O_5slice4iter4IterNtNtCscNegbyJkm8k_10serde_json5value5ValueENCNvNtCs9Vr3m8bx7MY_27piping_numerical_robustness5cases11parse_models2_0EE11spec_extendB3G_
00000001000415a0 T __RNvXs_NtNtCslJsSqIQKwiA_5alloc3vec11spec_extendINtB6_3VecTmmdEEINtB4_10SpecExtendBT_INtNtNtNtCsgtPOCBgevO_4core4iter8adapters3map3MapINtNtNtB1t_5slice4iter4IterNtNtCscNegbyJkm8k_10serde_json5value5ValueENCNvNtCs9Vr3m8bx7MY_27piping_numerical_robustness5cases11parse_models3_0EE11spec_extendB3l_
00000001000415d4 T __RNvXs_NtNtCslJsSqIQKwiA_5alloc3vec11spec_extendINtB6_3VecjEINtB4_10SpecExtendjINtNtNtNtB8_11collections5btree3set8IntoIterjEE11spec_extendCs9Vr3m8bx7MY_27piping_numerical_robustness
00000001000415f8 T __RNvXs_NtNtCslJsSqIQKwiA_5alloc3vec11spec_extendINtB6_3VecjEINtB4_10SpecExtendjINtNtNtNtCsgtPOCBgevO_4core4iter8adapters3map3MapINtNtNtB1n_3ops5range5RangejENCNvNtCs9Vr3m8bx7MY_27piping_numerical_robustness3rcm14free_adjacencys0_0EE11spec_extendB2A_
000000010004161c T __RNvXs_NtNtCslJsSqIQKwiA_5alloc3vec16in_place_collectINtB6_3VecIBP_jEEINtNtB6_14spec_from_iter12SpecFromIterBY_INtNtNtNtCsgtPOCBgevO_4core4iter8adapters3map3MapINtNtB6_9into_iter8IntoIterINtNtNtNtB8_11collections5btree3set8BTreeSetjEENCNvNtCs9Vr3m8bx7MY_27piping_numerical_robustness3rcm14free_adjacencys1_0EE9from_iterB3P_
0000000100041644 T __RNvXs_NtNtCslJsSqIQKwiA_5alloc3vec21spec_from_iter_nestedINtB6_3VecNtNtB8_6string6StringEINtB4_18SpecFromIterNestedB13_INtNtNtNtCsgtPOCBgevO_4core4iter8adapters3map3MapINtNtNtB22_5slice4iter4IterNtNtCscNegbyJkm8k_10serde_json5value5ValueENvNtCs9Vr3m8bx7MY_27piping_numerical_robustness5cases4textEE9from_iterB3S_
0000000100041774 T __RNvXs_NtNtCslJsSqIQKwiA_5alloc3vec21spec_from_iter_nestedINtB6_3VecNtNtCs9Vr3m8bx7MY_27piping_numerical_robustness5cases10SpringSpecEINtB4_18SpecFromIterNestedB13_INtNtNtNtCsgtPOCBgevO_4core4iter8adapters3map3MapINtNtNtB2K_5slice4iter4IterNtNtCscNegbyJkm8k_10serde_json5value5ValueENCNvB15_11parse_models0_0EE9from_iterB17_
00000001000418a4 T __RNvXs_NtNtCslJsSqIQKwiA_5alloc3vec21spec_from_iter_nestedINtB6_3VecNtNtCs9Vr3m8bx7MY_27piping_numerical_robustness5cases3RowEINtB4_18SpecFromIterNestedB13_INtNtNtNtCsgtPOCBgevO_4core4iter8adapters3map3MapINtNtNtB2C_5slice4iter4IterNtNtCscNegbyJkm8k_10serde_json5value5ValueENCNvB15_10parse_case0EE9from_iterB17_
00000001000419d4 T __RNvXs_NtNtCslJsSqIQKwiA_5alloc3vec21spec_from_iter_nestedINtB6_3VecNtNtCs9Vr3m8bx7MY_27piping_numerical_robustness5cases6MemberEINtB4_18SpecFromIterNestedB13_INtNtNtNtCsgtPOCBgevO_4core4iter8adapters3map3MapINtNtNtB2F_5slice4iter4IterNtNtCscNegbyJkm8k_10serde_json5value5ValueENCNvB15_11parse_models_0EE9from_iterB17_
0000000100041b04 T __RNvXs_NtNtCslJsSqIQKwiA_5alloc3vec21spec_from_iter_nestedINtB6_3VecNtNtCs9Vr3m8bx7MY_27piping_numerical_robustness5cases7ControlEINtB4_18SpecFromIterNestedB13_INtNtNtNtCsgtPOCBgevO_4core4iter8adapters3map3MapINtNtNtB2G_5slice4iter4IterNtNtCscNegbyJkm8k_10serde_json5value5ValueENCNvB15_10parse_cases_0EE9from_iterB17_
0000000100041c34 T __RNvXs_NtNtCslJsSqIQKwiA_5alloc3vec21spec_from_iter_nestedINtB6_3VecTmjEEINtB4_18SpecFromIterNestedB13_INtNtNtNtCsgtPOCBgevO_4core4iter8adapters3map3MapINtNtNtB1L_5slice4iter4IterNtNtCscNegbyJkm8k_10serde_json5value5ValueENCNvNtCs9Vr3m8bx7MY_27piping_numerical_robustness5cases11parse_models1_0EE9from_iterB3D_
0000000100041d64 T __RNvXs_NtNtCslJsSqIQKwiA_5alloc3vec21spec_from_iter_nestedINtB6_3VecTmjdNtNtB8_6string6StringEEINtB4_18SpecFromIterNestedB13_INtNtNtNtCsgtPOCBgevO_4core4iter8adapters3map3MapINtNtNtB27_5slice4iter4IterNtNtCscNegbyJkm8k_10serde_json5value5ValueENCNvNtCs9Vr3m8bx7MY_27piping_numerical_robustness5cases11parse_models2_0EE9from_iterB3Z_
0000000100041e94 T __RNvXs_NtNtCslJsSqIQKwiA_5alloc3vec21spec_from_iter_nestedINtB6_3VecTmmdEEINtB4_18SpecFromIterNestedB13_INtNtNtNtCsgtPOCBgevO_4core4iter8adapters3map3MapINtNtNtB1M_5slice4iter4IterNtNtCscNegbyJkm8k_10serde_json5value5ValueENCNvNtCs9Vr3m8bx7MY_27piping_numerical_robustness5cases11parse_models3_0EE9from_iterB3E_
0000000100041fc4 T __RNvXs_NtNtCslJsSqIQKwiA_5alloc3vec21spec_from_iter_nestedINtB6_3VecjEINtB4_18SpecFromIterNestedjINtNtNtNtB8_11collections5btree3set8IntoIterjEE9from_iterCs9Vr3m8bx7MY_27piping_numerical_robustness
0000000100042108 T __RNvXs_NtNtCslJsSqIQKwiA_5alloc3vec21spec_from_iter_nestedINtB6_3VecjEINtB4_18SpecFromIterNestedjINtNtNtNtCsgtPOCBgevO_4core4iter8adapters3map3MapINtNtNtB1F_3ops5range5RangejENCNvNtCs9Vr3m8bx7MY_27piping_numerical_robustness3rcm14free_adjacencys0_0EE9from_iterB2S_
0000000100042238 T __RNvXsc_NtCslJsSqIQKwiA_5alloc3vecINtB5_3VecNtNtCscNegbyJkm8k_10serde_json5value5ValueEINtNtNtCsgtPOCBgevO_4core3ops5index5IndexjE5indexCs9Vr3m8bx7MY_27piping_numerical_robustness
000000010004227c T __RNvXsd_NtCslJsSqIQKwiA_5alloc3vecINtB5_3VecINtNtNtNtB7_11collections5btree3set8BTreeSetjEEINtNtNtCsgtPOCBgevO_4core3ops5index8IndexMutjE9index_mutCs9Vr3m8bx7MY_27piping_numerical_robustness
00000001000422c0 T __RNvXsf_NtCslJsSqIQKwiA_5alloc3vecINtB5_3VecINtNtNtNtB7_11collections5btree3set8BTreeSetjEENtNtNtNtCsgtPOCBgevO_4core4iter6traits7collect12IntoIterator9into_iterCs9Vr3m8bx7MY_27piping_numerical_robustness
000000010004236c T __RNvXsf_NtCslJsSqIQKwiA_5alloc3vecINtB5_3VecNtNtCs9Vr3m8bx7MY_27piping_numerical_robustness5cases4CaseENtNtNtNtCsgtPOCBgevO_4core4iter6traits7collect12IntoIterator9into_iterBJ_
0000000100042418 T __RNvXsf_NtCslJsSqIQKwiA_5alloc3vecINtB5_3VecTNtNtB7_6string6StringBG_EENtNtNtNtCsgtPOCBgevO_4core4iter6traits7collect12IntoIterator9into_iterCs9Vr3m8bx7MY_27piping_numerical_robustness
00000001000424c4 T __RNvXsg_NtCslJsSqIQKwiA_5alloc3vecRINtB5_3VecNtNtCs9Vr3m8bx7MY_27piping_numerical_robustness5cases10SpringSpecENtNtNtNtCsgtPOCBgevO_4core4iter6traits7collect12IntoIterator9into_iterBK_
000000010004252c T __RNvXsg_NtCslJsSqIQKwiA_5alloc3vecRINtB5_3VecNtNtCs9Vr3m8bx7MY_27piping_numerical_robustness5cases6MemberENtNtNtNtCsgtPOCBgevO_4core4iter6traits7collect12IntoIterator9into_iterBK_
0000000100042594 T __RNvXsg_NtCslJsSqIQKwiA_5alloc3vecRINtB5_3VecTmjEENtNtNtNtCsgtPOCBgevO_4core4iter6traits7collect12IntoIterator9into_iterCs9Vr3m8bx7MY_27piping_numerical_robustness
00000001000425f4 T __RNvXsn_NtNtNtCsgtPOCBgevO_4core4iter8adapters7flattenINtNtCslJsSqIQKwiA_5alloc3vec3VecNtNtCs9Vr3m8bx7MY_27piping_numerical_robustness5cases4CaseENtB5_21ConstSizeIntoIterator4sizeB1q_
000000010004260c T __RNvXso_NtCslJsSqIQKwiA_5alloc3vecINtB5_3VecINtNtNtNtB7_11collections5btree3set8BTreeSetjEENtNtNtCsgtPOCBgevO_4core3ops4drop4Drop4dropCs9Vr3m8bx7MY_27piping_numerical_robustness
000000010004264c T __RNvXso_NtCslJsSqIQKwiA_5alloc3vecINtB5_3VecNtNtCs9Vr3m8bx7MY_27piping_numerical_robustness5cases10SpringSpecENtNtNtCsgtPOCBgevO_4core3ops4drop4Drop4dropBJ_
000000010004268c T __RNvXso_NtCslJsSqIQKwiA_5alloc3vecINtB5_3VecNtNtCs9Vr3m8bx7MY_27piping_numerical_robustness5cases3RowENtNtNtCsgtPOCBgevO_4core3ops4drop4Drop4dropBJ_
00000001000426cc T __RNvXso_NtCslJsSqIQKwiA_5alloc3vecINtB5_3VecNtNtCs9Vr3m8bx7MY_27piping_numerical_robustness5cases4CaseENtNtNtCsgtPOCBgevO_4core3ops4drop4Drop4dropBJ_
000000010004270c T __RNvXso_NtCslJsSqIQKwiA_5alloc3vecINtB5_3VecNtNtCs9Vr3m8bx7MY_27piping_numerical_robustness5cases6MemberENtNtNtCsgtPOCBgevO_4core3ops4drop4Drop4dropBJ_
000000010004274c T __RNvXso_NtCslJsSqIQKwiA_5alloc3vecINtB5_3VecNtNtCs9Vr3m8bx7MY_27piping_numerical_robustness5cases7ControlENtNtNtCsgtPOCBgevO_4core3ops4drop4Drop4dropBJ_
000000010004278c T __RNvXso_NtCslJsSqIQKwiA_5alloc3vecINtB5_3VecTNtNtB7_6string6StringBG_EENtNtNtCsgtPOCBgevO_4core3ops4drop4Drop4dropCs9Vr3m8bx7MY_27piping_numerical_robustness
00000001000427cc T __RNvXso_NtCslJsSqIQKwiA_5alloc3vecINtB5_3VecTmjEENtNtNtCsgtPOCBgevO_4core3ops4drop4Drop4dropCs9Vr3m8bx7MY_27piping_numerical_robustness
00000001000427f8 T __RNvXso_NtCslJsSqIQKwiA_5alloc3vecINtB5_3VecTmjdNtNtB7_6string6StringEENtNtNtCsgtPOCBgevO_4core3ops4drop4Drop4dropCs9Vr3m8bx7MY_27piping_numerical_robustness
0000000100042838 T __RNvXso_NtCslJsSqIQKwiA_5alloc3vecINtB5_3VecTmmdEENtNtNtCsgtPOCBgevO_4core3ops4drop4Drop4dropCs9Vr3m8bx7MY_27piping_numerical_robustness
0000000100042864 T __RINvXs2J_NtNtCsgtPOCBgevO_4core5slice4iterINtB7_4IterNtNtCscNegbyJkm8k_10serde_json5value5ValueENtNtNtNtBb_4iter6traits8iterator8Iterator4folduNCINvNtNtB1C_8adapters3map8map_foldRBP_NtNtCs9Vr3m8bx7MY_27piping_numerical_robustness5cases10SpringSpecuNCNvB2W_11parse_models0_0NCINvNvB1w_8for_each4callB2U_NCINvMsj_NtCslJsSqIQKwiA_5alloc3vecINtB4Z_3VecB2U_E14extend_trustedINtB2m_3MapBE_B3Y_EE0E0E0EB2Y_
0000000100042a28 T __RINvXs2J_NtNtCsgtPOCBgevO_4core5slice4iterINtB7_4IterNtNtCscNegbyJkm8k_10serde_json5value5ValueENtNtNtNtBb_4iter6traits8iterator8Iterator4folduNCINvNtNtB1C_8adapters3map8map_foldRBP_NtNtCs9Vr3m8bx7MY_27piping_numerical_robustness5cases3RowuNCNvB2W_10parse_case0NCINvNvB1w_8for_each4callB2U_NCINvMsj_NtCslJsSqIQKwiA_5alloc3vecINtB4N_3VecB2U_E14extend_trustedINtB2m_3MapBE_B3Q_EE0E0E0EB2Y_
0000000100042bec T __RINvXs2J_NtNtCsgtPOCBgevO_4core5slice4iterINtB7_4IterNtNtCscNegbyJkm8k_10serde_json5value5ValueENtNtNtNtBb_4iter6traits8iterator8Iterator4folduNCINvNtNtB1C_8adapters3map8map_foldRBP_NtNtCs9Vr3m8bx7MY_27piping_numerical_robustness5cases6MemberuNCNvB2W_11parse_models_0NCINvNvB1w_8for_each4callB2U_NCINvMsj_NtCslJsSqIQKwiA_5alloc3vecINtB4T_3VecB2U_E14extend_trustedINtB2m_3MapBE_B3T_EE0E0E0EB2Y_
0000000100042db0 T __RINvXs2J_NtNtCsgtPOCBgevO_4core5slice4iterINtB7_4IterNtNtCscNegbyJkm8k_10serde_json5value5ValueENtNtNtNtBb_4iter6traits8iterator8Iterator4folduNCINvNtNtB1C_8adapters3map8map_foldRBP_NtNtCs9Vr3m8bx7MY_27piping_numerical_robustness5cases7ControluNCNvB2W_10parse_cases_0NCINvNvB1w_8for_each4callB2U_NCINvMsj_NtCslJsSqIQKwiA_5alloc3vecINtB4T_3VecB2U_E14extend_trustedINtB2m_3MapBE_B3U_EE0E0E0EB2Y_
0000000100042f74 T __RINvXs2J_NtNtCsgtPOCBgevO_4core5slice4iterINtB7_4IterNtNtCscNegbyJkm8k_10serde_json5value5ValueENtNtNtNtBb_4iter6traits8iterator8Iterator4folduNCINvNtNtB1C_8adapters3map8map_foldRBP_NtNtCslJsSqIQKwiA_5alloc6string6StringuNvNtCs9Vr3m8bx7MY_27piping_numerical_robustness5cases4textNCINvNvB1w_8for_each4callB2U_NCINvMsj_NtB2Y_3vecINtB55_3VecB2U_E14extend_trustedINtB2m_3MapBE_B3x_EE0E0E0EB3B_
0000000100043138 T __RINvXs2J_NtNtCsgtPOCBgevO_4core5slice4iterINtB7_4IterNtNtCscNegbyJkm8k_10serde_json5value5ValueENtNtNtNtBb_4iter6traits8iterator8Iterator4folduNCINvNtNtB1C_8adapters3map8map_foldRBP_TmjEuNCNvNtCs9Vr3m8bx7MY_27piping_numerical_robustness5cases11parse_models1_0NCINvNvB1w_8for_each4callB2U_NCINvMsj_NtCslJsSqIQKwiA_5alloc3vecINtB4L_3VecB2U_E14extend_trustedINtB2m_3MapBE_B2Z_EE0E0E0EB35_
00000001000432fc T __RINvXs2J_NtNtCsgtPOCBgevO_4core5slice4iterINtB7_4IterNtNtCscNegbyJkm8k_10serde_json5value5ValueENtNtNtNtBb_4iter6traits8iterator8Iterator4folduNCINvNtNtB1C_8adapters3map8map_foldRBP_TmjdNtNtCslJsSqIQKwiA_5alloc6string6StringEuNCNvNtCs9Vr3m8bx7MY_27piping_numerical_robustness5cases11parse_models2_0NCINvNvB1w_8for_each4callB2U_NCINvMsj_NtB32_3vecINtB5o_3VecB2U_E14extend_trustedINtB2m_3MapBE_B3C_EE0E0E0EB3I_
00000001000434c0 T __RINvXs2J_NtNtCsgtPOCBgevO_4core5slice4iterINtB7_4IterNtNtCscNegbyJkm8k_10serde_json5value5ValueENtNtNtNtBb_4iter6traits8iterator8Iterator4folduNCINvNtNtB1C_8adapters3map8map_foldRBP_TmmdEuNCNvNtCs9Vr3m8bx7MY_27piping_numerical_robustness5cases11parse_models3_0NCINvNvB1w_8for_each4callB2U_NCINvMsj_NtCslJsSqIQKwiA_5alloc3vecINtB4M_3VecB2U_E14extend_trustedINtB2m_3MapBE_B30_EE0E0E0EB36_
0000000100043684 T __RINvYINtNtNtCsgtPOCBgevO_4core5slice4iter4IterNtNtCscNegbyJkm8k_10serde_json5value5ValueENtNtNtNtBa_4iter6traits8iterator8Iterator3mapNtNtCs9Vr3m8bx7MY_27piping_numerical_robustness5cases10SpringSpecNCNvB2a_11parse_models0_0EB2c_
00000001000436a0 T __RINvYINtNtNtCsgtPOCBgevO_4core5slice4iter4IterNtNtCscNegbyJkm8k_10serde_json5value5ValueENtNtNtNtBa_4iter6traits8iterator8Iterator3mapNtNtCs9Vr3m8bx7MY_27piping_numerical_robustness5cases3RowNCNvB2a_10parse_case0EB2c_
00000001000436bc T __RINvYINtNtNtCsgtPOCBgevO_4core5slice4iter4IterNtNtCscNegbyJkm8k_10serde_json5value5ValueENtNtNtNtBa_4iter6traits8iterator8Iterator3mapNtNtCs9Vr3m8bx7MY_27piping_numerical_robustness5cases6MemberNCNvB2a_11parse_models_0EB2c_
00000001000436d8 T __RINvYINtNtNtCsgtPOCBgevO_4core5slice4iter4IterNtNtCscNegbyJkm8k_10serde_json5value5ValueENtNtNtNtBa_4iter6traits8iterator8Iterator3mapNtNtCs9Vr3m8bx7MY_27piping_numerical_robustness5cases7ControlNCNvB2a_10parse_cases_0EB2c_
00000001000436f4 T __RINvYINtNtNtCsgtPOCBgevO_4core5slice4iter4IterNtNtCscNegbyJkm8k_10serde_json5value5ValueENtNtNtNtBa_4iter6traits8iterator8Iterator3mapNtNtCslJsSqIQKwiA_5alloc6string6StringNvNtCs9Vr3m8bx7MY_27piping_numerical_robustness5cases4textEB2O_
0000000100043710 T __RINvYINtNtNtCsgtPOCBgevO_4core5slice4iter4IterNtNtCscNegbyJkm8k_10serde_json5value5ValueENtNtNtNtBa_4iter6traits8iterator8Iterator3mapTmjENCNvNtCs9Vr3m8bx7MY_27piping_numerical_robustness5cases11parse_models1_0EB2i_
000000010004372c T __RINvYINtNtNtCsgtPOCBgevO_4core5slice4iter4IterNtNtCscNegbyJkm8k_10serde_json5value5ValueENtNtNtNtBa_4iter6traits8iterator8Iterator3mapTmjdNtNtCslJsSqIQKwiA_5alloc6string6StringENCNvNtCs9Vr3m8bx7MY_27piping_numerical_robustness5cases11parse_models2_0EB2V_
0000000100043748 T __RINvYINtNtNtCsgtPOCBgevO_4core5slice4iter4IterNtNtCscNegbyJkm8k_10serde_json5value5ValueENtNtNtNtBa_4iter6traits8iterator8Iterator3mapTmmdENCNvNtCs9Vr3m8bx7MY_27piping_numerical_robustness5cases11parse_models3_0EB2j_
0000000100043764 T __RINvYINtNtNtCsgtPOCBgevO_4core5slice4iter4IterTReBJ_EENtNtNtNtBa_4iter6traits8iterator8Iterator3mapINtNtCslJsSqIQKwiA_5alloc3vec3VecNtNtCs9Vr3m8bx7MY_27piping_numerical_robustness5cases4CaseENCNvB28_8load_all0EB2a_
0000000100043780 T __RINvYINtNtNtCsgtPOCBgevO_4core5slice4iter4IterTReBJ_EENtNtNtNtBa_4iter6traits8iterator8Iterator8flat_mapINtNtCslJsSqIQKwiA_5alloc3vec3VecNtNtCs9Vr3m8bx7MY_27piping_numerical_robustness5cases4CaseENCNvB2d_8load_all0EB2f_
0000000100043808 T __RINvYINtNtNtCsgtPOCBgevO_4core5slice4iter4ItermENtNtNtNtBa_4iter6traits8iterator8Iterator3mapINtNtNtBQ_8adapters3map3MapINtNtNtBa_3ops5range5RangejENCNCNvNtCs9Vr3m8bx7MY_27piping_numerical_robustness3rcm14free_adjacencys_00ENCB2q_s_0EB2u_
0000000100043824 T __RINvYINtNtNtCsgtPOCBgevO_4core5slice4iter4ItermENtNtNtNtBa_4iter6traits8iterator8Iterator8flat_mapINtNtNtBQ_8adapters3map3MapINtNtNtBa_3ops5range5RangejENCNCNvNtCs9Vr3m8bx7MY_27piping_numerical_robustness3rcm14free_adjacencys_00ENCB2v_s_0EB2z_
00000001000438ac T __RNvMs4_NtNtCsgtPOCBgevO_4core5slice4iterINtB5_4IterNtNtCs9Vr3m8bx7MY_27piping_numerical_robustness5cases4CaseE3newBR_
0000000100043904 T __RNvMs4_NtNtCsgtPOCBgevO_4core5slice4iterINtB5_4IterTReBO_EE3newCs9Vr3m8bx7MY_27piping_numerical_robustness
0000000100043954 T __RNvXs2J_NtNtCsgtPOCBgevO_4core5slice4iterINtB6_4IterNtNtCs9Vr3m8bx7MY_27piping_numerical_robustness5cases10SpringSpecENtNtNtNtBa_4iter6traits8iterator8Iterator4nextBS_
00000001000439d8 T __RNvXs2J_NtNtCsgtPOCBgevO_4core5slice4iterINtB6_4IterNtNtCs9Vr3m8bx7MY_27piping_numerical_robustness5cases6MemberENtNtNtNtBa_4iter6traits8iterator8Iterator4nextBS_
0000000100043a5c T __RNvXs2J_NtNtCsgtPOCBgevO_4core5slice4iterINtB6_4IterTReBP_EENtNtNtNtBa_4iter6traits8iterator8Iterator4nextCs9Vr3m8bx7MY_27piping_numerical_robustness
0000000100043ae0 T __RNvXs2J_NtNtCsgtPOCBgevO_4core5slice4iterINtB6_4IterTReBP_EENtNtNtNtBa_4iter6traits8iterator8Iterator9size_hintCs9Vr3m8bx7MY_27piping_numerical_robustness
0000000100043b94 T __RNvXs2J_NtNtCsgtPOCBgevO_4core5slice4iterINtB6_4IterTmjEENtNtNtNtBa_4iter6traits8iterator8Iterator4nextCs9Vr3m8bx7MY_27piping_numerical_robustness
0000000100043c18 T __RINvMNtCsgtPOCBgevO_4core4boolb4thenNtNtCs9Vr3m8bx7MY_27piping_numerical_robustness5cases5ModelNCNvBA_10parse_cases1_0EBC_
0000000100043c88 T __RNCINvNvNtNtNtNtCsgtPOCBgevO_4core4iter6traits8iterator8Iterator4find5checkReQNCNvNtCs9Vr3m8bx7MY_27piping_numerical_robustness5cases9load_files_0E0B1k_
0000000100043d0c T __RNCINvNvNtNtNtNtCsgtPOCBgevO_4core4iter6traits8iterator8Iterator8for_each4callNtNtCs9Vr3m8bx7MY_27piping_numerical_robustness5cases10SpringSpecNCINvMsj_NtCslJsSqIQKwiA_5alloc3vecINtB2q_3VecB1e_E14extend_trustedINtNtNtBc_8adapters3map3MapINtNtNtBe_5slice4iter4IterNtNtCscNegbyJkm8k_10serde_json5value5ValueENCNvB1g_11parse_models0_0EE0E0B1i_
0000000100043d4c T __RNCINvNvNtNtNtNtCsgtPOCBgevO_4core4iter6traits8iterator8Iterator8for_each4callNtNtCs9Vr3m8bx7MY_27piping_numerical_robustness5cases3RowNCINvMsj_NtCslJsSqIQKwiA_5alloc3vecINtB2i_3VecB1e_E14extend_trustedINtNtNtBc_8adapters3map3MapINtNtNtBe_5slice4iter4IterNtNtCscNegbyJkm8k_10serde_json5value5ValueENCNvB1g_10parse_case0EE0E0B1i_
0000000100043d8c T __RNCINvNvNtNtNtNtCsgtPOCBgevO_4core4iter6traits8iterator8Iterator8for_each4callNtNtCs9Vr3m8bx7MY_27piping_numerical_robustness5cases6MemberNCINvMsj_NtCslJsSqIQKwiA_5alloc3vecINtB2l_3VecB1e_E14extend_trustedINtNtNtBc_8adapters3map3MapINtNtNtBe_5slice4iter4IterNtNtCscNegbyJkm8k_10serde_json5value5ValueENCNvB1g_11parse_models_0EE0E0B1i_
0000000100043dcc T __RNCINvNvNtNtNtNtCsgtPOCBgevO_4core4iter6traits8iterator8Iterator8for_each4callNtNtCs9Vr3m8bx7MY_27piping_numerical_robustness5cases7ControlNCINvMsj_NtCslJsSqIQKwiA_5alloc3vecINtB2m_3VecB1e_E14extend_trustedINtNtNtBc_8adapters3map3MapINtNtNtBe_5slice4iter4IterNtNtCscNegbyJkm8k_10serde_json5value5ValueENCNvB1g_10parse_cases_0EE0E0B1i_
0000000100043e0c T __RNCINvNvNtNtNtNtCsgtPOCBgevO_4core4iter6traits8iterator8Iterator8for_each4callNtNtCslJsSqIQKwiA_5alloc6string6StringNCINvMsj_NtB1i_3vecINtB1Z_3VecB1e_E14extend_trustedINtNtNtBc_8adapters3map3MapINtNtNtBe_5slice4iter4IterNtNtCscNegbyJkm8k_10serde_json5value5ValueENvNtCs9Vr3m8bx7MY_27piping_numerical_robustness5cases4textEE0E0B4h_
0000000100043e48 T __RNCINvNvNtNtNtNtCsgtPOCBgevO_4core4iter6traits8iterator8Iterator8for_each4callTmjENCINvMsj_NtCslJsSqIQKwiA_5alloc3vecINtB1r_3VecB1e_E14extend_trustedINtNtNtBc_8adapters3map3MapINtNtNtBe_5slice4iter4IterNtNtCscNegbyJkm8k_10serde_json5value5ValueENCNvNtCs9Vr3m8bx7MY_27piping_numerical_robustness5cases11parse_models1_0EE0E0B41_
0000000100043e74 T __RNCINvNvNtNtNtNtCsgtPOCBgevO_4core4iter6traits8iterator8Iterator8for_each4callTmjdNtNtCslJsSqIQKwiA_5alloc6string6StringENCINvMsj_NtB1m_3vecINtB24_3VecB1e_E14extend_trustedINtNtNtBc_8adapters3map3MapINtNtNtBe_5slice4iter4IterNtNtCscNegbyJkm8k_10serde_json5value5ValueENCNvNtCs9Vr3m8bx7MY_27piping_numerical_robustness5cases11parse_models2_0EE0E0B4o_
0000000100043eb4 T __RNCINvNvNtNtNtNtCsgtPOCBgevO_4core4iter6traits8iterator8Iterator8for_each4callTmmdENCINvMsj_NtCslJsSqIQKwiA_5alloc3vecINtB1s_3VecB1e_E14extend_trustedINtNtNtBc_8adapters3map3MapINtNtNtBe_5slice4iter4IterNtNtCscNegbyJkm8k_10serde_json5value5ValueENCNvNtCs9Vr3m8bx7MY_27piping_numerical_robustness5cases11parse_models3_0EE0E0B42_
0000000100043ee4 T __RNCINvNvNtNtNtNtCsgtPOCBgevO_4core4iter6traits8iterator8Iterator8for_each4calljNCINvMsj_NtCslJsSqIQKwiA_5alloc3vecINtB1o_3VecjE14extend_trustedINtNtNtBc_8adapters3map3MapINtNtNtBe_3ops5range5RangejENCNvNtCs9Vr3m8bx7MY_27piping_numerical_robustness3rcm14free_adjacencys0_0EE0E0B3g_
0000000100043f0c T __RNCINvNvNtNtNtNtCsgtPOCBgevO_4core4iter6traits8iterator8Iterator8for_each4calljNCINvMsj_NtCslJsSqIQKwiA_5alloc3vecINtB1o_3VecjE14extend_trustedINtNtNtNtB1q_11collections5btree3set8IntoIterjEE0E0Cs9Vr3m8bx7MY_27piping_numerical_robustness
0000000100043f34 t __RNvMsD_NtCsgtPOCBgevO_4core3numy14from_str_radixCs9Vr3m8bx7MY_27piping_numerical_robustness
0000000100043f60 t __RNvMsD_NtCsgtPOCBgevO_4core3numy16from_ascii_radixCs9Vr3m8bx7MY_27piping_numerical_robustness
00000001000443b4 t __RNvNvMNtNtCsgtPOCBgevO_4core3ptr9const_ptrPp20offset_from_unsigned18precondition_checkCs9Vr3m8bx7MY_27piping_numerical_robustness
0000000100044414 t __RNvNvMNtNtCsgtPOCBgevO_4core5alloc6layoutNtB4_6Layout25from_size_align_unchecked18precondition_checkCs9Vr3m8bx7MY_27piping_numerical_robustness
00000001000444cc t __RNvNvMNtNtCsgtPOCBgevO_4core5alloc6layoutNtB4_6Layout29from_size_alignment_unchecked18precondition_checkCs9Vr3m8bx7MY_27piping_numerical_robustness
0000000100044534 t __RNvNvMs9_NtCsgtPOCBgevO_4core3numj13unchecked_add18precondition_checkCs9Vr3m8bx7MY_27piping_numerical_robustness
0000000100044598 t __RNvNvMs9_NtCsgtPOCBgevO_4core3numj13unchecked_mul18precondition_checkCs9Vr3m8bx7MY_27piping_numerical_robustness
00000001000445f8 t __RNvNvXs5_NtNtCsgtPOCBgevO_4core3str6traitsINtNtNtBb_3ops5range5RangejEINtNtNtBb_5slice5index10SliceIndexeE13get_unchecked18precondition_checkCs9Vr3m8bx7MY_27piping_numerical_robustness
0000000100044678 T __RINvMNtCslJsSqIQKwiA_5alloc5sliceSTNtNtB5_6string6StringBx_E7sort_byNCINvXs1o_NtNtNtB5_11collections5btree3mapINtB1e_8BTreeMapBx_Bx_EINtNtNtNtCsgtPOCBgevO_4core4iter6traits7collect12FromIteratorBw_E9from_iterINtNtNtB2e_8adapters3map3MapNtNtCscNegbyJkm8k_10serde_json3map4IterNCNCNCNvNtCs9Vr3m8bx7MY_27piping_numerical_robustness5cases10parse_cases0_000EE0EB4z_
00000001000446c0 T __RINvNtNtNtNtCsgtPOCBgevO_4core5slice4sort6shared9smallsort11insert_tailTNtNtCslJsSqIQKwiA_5alloc6string6StringB18_ENCINvMNtB1c_5sliceSB17_7sort_byNCINvXs1o_NtNtNtB1c_11collections5btree3mapINtB2u_8BTreeMapB18_B18_EINtNtNtNtBa_4iter6traits7collect12FromIteratorB17_E9from_iterINtNtNtB3x_8adapters3map3MapNtNtCscNegbyJkm8k_10serde_json3map4IterNCNCNCNvNtCs9Vr3m8bx7MY_27piping_numerical_robustness5cases10parse_cases0_000EE0E0EB5E_
0000000100044894 T __RINvNtNtNtNtCsgtPOCBgevO_4core5slice4sort6shared9smallsort12sort4_stableTNtNtCslJsSqIQKwiA_5alloc6string6StringB19_ENCINvMNtB1d_5sliceSB18_7sort_byNCINvXs1o_NtNtNtB1d_11collections5btree3mapINtB2v_8BTreeMapB19_B19_EINtNtNtNtBa_4iter6traits7collect12FromIteratorB18_E9from_iterINtNtNtB3y_8adapters3map3MapNtNtCscNegbyJkm8k_10serde_json3map4IterNCNCNCNvNtCs9Vr3m8bx7MY_27piping_numerical_robustness5cases10parse_cases0_000EE0E0EB5F_
0000000100044ffc T __RINvNtNtNtNtCsgtPOCBgevO_4core5slice4sort6shared9smallsort19bidirectional_mergeTNtNtCslJsSqIQKwiA_5alloc6string6StringB1g_ENCINvMNtB1k_5sliceSB1f_7sort_byNCINvXs1o_NtNtNtB1k_11collections5btree3mapINtB2C_8BTreeMapB1g_B1g_EINtNtNtNtBa_4iter6traits7collect12FromIteratorB1f_E9from_iterINtNtNtB3F_8adapters3map3MapNtNtCscNegbyJkm8k_10serde_json3map4IterNCNCNCNvNtCs9Vr3m8bx7MY_27piping_numerical_robustness5cases10parse_cases0_000EE0E0EB5M_
000000010004551c T __RINvNtNtNtNtCsgtPOCBgevO_4core5slice4sort6shared9smallsort25insertion_sort_shift_leftTNtNtCslJsSqIQKwiA_5alloc6string6StringB1m_ENCINvMNtB1q_5sliceSB1l_7sort_byNCINvXs1o_NtNtNtB1q_11collections5btree3mapINtB2I_8BTreeMapB1m_B1m_EINtNtNtNtBa_4iter6traits7collect12FromIteratorB1l_E9from_iterINtNtNtB3L_8adapters3map3MapNtNtCscNegbyJkm8k_10serde_json3map4IterNCNCNCNvNtCs9Vr3m8bx7MY_27piping_numerical_robustness5cases10parse_cases0_000EE0E0EB5S_
00000001000455e8 T __RINvNtNtNtNtCsgtPOCBgevO_4core5slice4sort6shared9smallsort31small_sort_general_with_scratchTNtNtCslJsSqIQKwiA_5alloc6string6StringB1s_ENCINvMNtB1w_5sliceSB1r_7sort_byNCINvXs1o_NtNtNtB1w_11collections5btree3mapINtB2O_8BTreeMapB1s_B1s_EINtNtNtNtBa_4iter6traits7collect12FromIteratorB1r_E9from_iterINtNtNtB3R_8adapters3map3MapNtNtCscNegbyJkm8k_10serde_json3map4IterNCNCNCNvNtCs9Vr3m8bx7MY_27piping_numerical_robustness5cases10parse_cases0_000EE0E0EB5Y_
0000000100045ab8 T __RINvYINtNtNtCsgtPOCBgevO_4core3ops5range5RangejENtNtNtNtBa_4iter6traits8iterator8Iterator3mapjNCNCNvNtCs9Vr3m8bx7MY_27piping_numerical_robustness3rcm14free_adjacencys_00EB1C_
0000000100045adc T __RINvYINtNtNtCsgtPOCBgevO_4core3ops5range5RangejENtNtNtNtBa_4iter6traits8iterator8Iterator3mapjNCNvNtCs9Vr3m8bx7MY_27piping_numerical_robustness3rcm14free_adjacencys0_0EB1A_
0000000100045b10 T __RINvYINtNtNtCsgtPOCBgevO_4core3ops5range5RangejENtNtNtNtBa_4iter6traits8iterator8Iterator4folduNCINvNtNtBQ_8adapters3map8map_foldjjuNCNvNtCs9Vr3m8bx7MY_27piping_numerical_robustness3rcm14free_adjacencys0_0NCINvNvBK_8for_each4calljNCINvMsj_NtCslJsSqIQKwiA_5alloc3vecINtB3P_3VecjE14extend_trustedINtB1A_3MapB3_B26_EE0E0E0EB2c_
0000000100045be8 T __RINvYNtNtCscNegbyJkm8k_10serde_json3map4IterNtNtNtNtCsgtPOCBgevO_4core4iter6traits8iterator8Iterator3mapTNtNtCslJsSqIQKwiA_5alloc6string6StringB1F_ENCNCNCNvNtCs9Vr3m8bx7MY_27piping_numerical_robustness5cases10parse_cases0_000EB2w_
0000000100045c18 T __RINvYNtNtCscNegbyJkm8k_10serde_json3map4IterNtNtNtNtCsgtPOCBgevO_4core4iter6traits8iterator8Iterator3mapTNtNtCslJsSqIQKwiA_5alloc6string6StringB1F_ENCNCNvNtCs9Vr3m8bx7MY_27piping_numerical_robustness5cases10parse_cases_00EB2u_
0000000100045c48 t __RNCNCNvNtCs9Vr3m8bx7MY_27piping_numerical_robustness3rcm14free_adjacencys_00B7_
0000000100045cdc t __RNCNvNtCs9Vr3m8bx7MY_27piping_numerical_robustness3rcm14free_adjacency0B5_
0000000100045e6c t __RNCNvNtCs9Vr3m8bx7MY_27piping_numerical_robustness3rcm14free_adjacencys0_0B5_
0000000100045f38 t __RNCNvNtCs9Vr3m8bx7MY_27piping_numerical_robustness3rcm14free_adjacencys1_0B5_
0000000100045f84 t __RNCNvNtCs9Vr3m8bx7MY_27piping_numerical_robustness3rcm14free_adjacencys_0B5_
0000000100045fc0 t __RNvMNtCscNegbyJkm8k_10serde_json3mapINtB2_3MapNtNtCslJsSqIQKwiA_5alloc6string6StringNtNtB4_5value5ValueE4iterCs9Vr3m8bx7MY_27piping_numerical_robustness
0000000100046004 T __RNvMNtCsgtPOCBgevO_4core5sliceSTNtNtCslJsSqIQKwiA_5alloc6string6StringBu_E12split_at_mutCs9Vr3m8bx7MY_27piping_numerical_robustness
00000001000460b0 T __RNvMNtCsgtPOCBgevO_4core5sliceSTNtNtCslJsSqIQKwiA_5alloc6string6StringBu_E22split_at_mut_uncheckedCs9Vr3m8bx7MY_27piping_numerical_robustness
00000001000461a8 T __RNvMNtCsgtPOCBgevO_4core5sliceSTNtNtCslJsSqIQKwiA_5alloc6string6StringBu_E7reverseCs9Vr3m8bx7MY_27piping_numerical_robustness
00000001000462a4 T __RNvNtCs9Vr3m8bx7MY_27piping_numerical_robustness3rcm11both_orders
0000000100046364 T __RNvNtCs9Vr3m8bx7MY_27piping_numerical_robustness3rcm14free_adjacency
0000000100046924 T __RNvXs0_NtNtNtNtCsgtPOCBgevO_4core5slice4sort6stable9quicksortTNtNtCslJsSqIQKwiA_5alloc6string6StringBY_ENtB5_8IsFreeze9is_freezeCs9Vr3m8bx7MY_27piping_numerical_robustness
0000000100046930 T __RNvXs1_NtNtCscNegbyJkm8k_10serde_json5value5indexReNtB5_5Index10index_intoCs9Vr3m8bx7MY_27piping_numerical_robustness
000000010004696c t __RNvXs1h_NtCslJsSqIQKwiA_5alloc6stringNtB6_6StringNtNtCsgtPOCBgevO_4core3cmp9PartialEq2eqCs9Vr3m8bx7MY_27piping_numerical_robustness
0000000100046998 t __RNvXs1k_NtCslJsSqIQKwiA_5alloc6stringNtB6_6StringNtNtCsgtPOCBgevO_4core3cmp3Ord3cmpCs9Vr3m8bx7MY_27piping_numerical_robustness
00000001000469c4 T __RNvXs4_NtNtCsgtPOCBgevO_4core4iter5rangeINtNtNtB9_3ops5range5RangelENtNtNtB7_6traits8iterator8Iterator9size_hintCs9Vr3m8bx7MY_27piping_numerical_robustness
0000000100046a4c T __RNvXs5_NtNtNtNtCsgtPOCBgevO_4core5slice4sort6shared9smallsortINtB5_10CopyOnDropTNtNtCslJsSqIQKwiA_5alloc6string6StringB1g_EENtNtNtBd_3ops4drop4Drop4dropCs9Vr3m8bx7MY_27piping_numerical_robustness
0000000100046ad8 t __RNvXsl_NtCscNegbyJkm8k_10serde_json3mapNtB5_4IterNtNtNtNtCsgtPOCBgevO_4core4iter6traits8iterator8Iterator4nextCs9Vr3m8bx7MY_27piping_numerical_robustness
0000000100046afc t __RNvXsl_NtCscNegbyJkm8k_10serde_json3mapNtB5_4IterNtNtNtNtCsgtPOCBgevO_4core4iter6traits8iterator8Iterator9size_hintCs9Vr3m8bx7MY_27piping_numerical_robustness
0000000100046b20 t __RNvXsq_NtCslJsSqIQKwiA_5alloc6stringNtB5_6StringNtNtCsgtPOCBgevO_4core3fmt7Display3fmtCs9Vr3m8bx7MY_27piping_numerical_robustness
0000000100046b5c t __RNvXsx_NtCslJsSqIQKwiA_5alloc6stringNtB5_6StringNtNtNtCsgtPOCBgevO_4core3ops5deref5Deref5derefCs9Vr3m8bx7MY_27piping_numerical_robustness
0000000100046b7c T __RNvYNtNtCslJsSqIQKwiA_5alloc6string6StringNtNtCsgtPOCBgevO_4core3cmp9PartialEq2neCs9Vr3m8bx7MY_27piping_numerical_robustness
0000000100046bac T __RINvMNtCsgtPOCBgevO_4core6optionINtB3_6OptionIBv_TNtNtCslJsSqIQKwiA_5alloc6string6StringBM_EEE18get_or_insert_withNCNvMs3_NtNtNtB5_4iter8adapters8peekableINtB1W_8PeekableINtNtNtBQ_3vec9into_iter8IntoIterBL_EE4peek0ECs9Vr3m8bx7MY_27piping_numerical_robustness
0000000100046cfc T __RINvMNtCsgtPOCBgevO_4core6optionINtB3_6OptionRINtNtCscNegbyJkm8k_10serde_json3map3MapNtNtCslJsSqIQKwiA_5alloc6string6StringNtNtBN_5value5ValueEE3mapINtNtNtNtB1p_11collections5btree3map8BTreeMapB1l_B1l_ENCNCNvNtCs9Vr3m8bx7MY_27piping_numerical_robustness5cases10parse_cases0_00EB3m_
0000000100046d6c T __RINvMNtCsgtPOCBgevO_4core6optionINtB3_6OptionRINtNtCslJsSqIQKwiA_5alloc3vec3VecNtNtCscNegbyJkm8k_10serde_json5value5ValueEE14unwrap_or_elseNCNCNvNtCs9Vr3m8bx7MY_27piping_numerical_robustness5cases11parse_model00EB2l_
0000000100046dc4 T __RINvMNtCsgtPOCBgevO_4core6optionINtB3_6OptionRINtNtNtCslJsSqIQKwiA_5alloc3vec9into_iter8IntoIterNtNtCs9Vr3m8bx7MY_27piping_numerical_robustness5cases4CaseEE6map_orTjIBv_jEENvYBI_NtNtNtNtB5_4iter6traits8iterator8Iterator9size_hintEB1A_
0000000100046e64 T __RINvMNtCsgtPOCBgevO_4core6optionINtB3_6OptionRINtNtNtNtB5_4iter8adapters3map3MapINtNtNtB5_3ops5range5RangejENCNCNvNtCs9Vr3m8bx7MY_27piping_numerical_robustness3rcm14free_adjacencys_00EE6map_orTjIBv_jEENvYBI_NtNtNtBP_6traits8iterator8Iterator9size_hintEB1Q_
0000000100046f04 T __RINvMNtCsgtPOCBgevO_4core6optionINtB3_6OptionRNtNtCscNegbyJkm8k_10serde_json5value5ValueE3mapINtNtNtNtCslJsSqIQKwiA_5alloc11collections5btree3map8BTreeMapNtNtB1C_6string6StringB2s_ENCNvNtCs9Vr3m8bx7MY_27piping_numerical_robustness5cases10parse_cases0_0EB2Z_
0000000100046f74 T __RINvMNtCsgtPOCBgevO_4core6optionINtB3_6OptionReE3mapNtNtCslJsSqIQKwiA_5alloc6string6StringNvYeNtBQ_8ToString9to_stringECs9Vr3m8bx7MY_27piping_numerical_robustness
0000000100046fec T __RINvMNtCsgtPOCBgevO_4core6optionINtB3_6OptionyE3mapjNCNCNvNtCs9Vr3m8bx7MY_27piping_numerical_robustness5cases11parse_models0_00EBW_
0000000100047044 T __RINvMNtNtCsgtPOCBgevO_4core3fmt2rtNtB3_8Argument11new_displayNtNtCsa9BKTri5B3M_3std4path7DisplayECs9Vr3m8bx7MY_27piping_numerical_robustness
0000000100047070 T __RINvMNtNtCsgtPOCBgevO_4core3fmt2rtNtB3_8Argument11new_displayNtNtCslJsSqIQKwiA_5alloc6string6StringECs9Vr3m8bx7MY_27piping_numerical_robustness
000000010004709c T __RINvMNtNtCsgtPOCBgevO_4core3fmt2rtNtB3_8Argument11new_displayNtNtNtCsa9BKTri5B3M_3std2io5error5ErrorECs9Vr3m8bx7MY_27piping_numerical_robustness
00000001000470c8 T __RINvMs16_NtCsa9BKTri5B3M_3std4pathNtB7_4Path4joinRReECs9Vr3m8bx7MY_27piping_numerical_robustness
0000000100047144 T __RINvMs16_NtCsa9BKTri5B3M_3std4pathNtB7_4Path4joinReECs9Vr3m8bx7MY_27piping_numerical_robustness
00000001000471c4 T __RINvNtNtNtCsgtPOCBgevO_4core5slice4sort6stable14driftsort_mainTNtNtCslJsSqIQKwiA_5alloc6string6StringBZ_ENCINvMNtB13_5sliceSBY_7sort_byNCINvXs1o_NtNtNtB13_11collections5btree3mapINtB2j_8BTreeMapBZ_BZ_EINtNtNtNtB8_4iter6traits7collect12FromIteratorBY_E9from_iterINtNtNtB3k_8adapters3map3MapNtNtCscNegbyJkm8k_10serde_json3map4IterNCNCNCNvNtCs9Vr3m8bx7MY_27piping_numerical_robustness5cases10parse_cases0_000EE0E0INtNtB13_3vec3VecBY_EEB5q_
00000001000473b0 T __RINvNtNtNtNtCsgtPOCBgevO_4core5slice4sort6stable5drift10create_runTNtNtCslJsSqIQKwiA_5alloc6string6StringB13_ENCINvMNtB17_5sliceSB12_7sort_byNCINvXs1o_NtNtNtB17_11collections5btree3mapINtB2p_8BTreeMapB13_B13_EINtNtNtNtBa_4iter6traits7collect12FromIteratorB12_E9from_iterINtNtNtB3s_8adapters3map3MapNtNtCscNegbyJkm8k_10serde_json3map4IterNCNCNCNvNtCs9Vr3m8bx7MY_27piping_numerical_robustness5cases10parse_cases0_000EE0E0EB5z_
00000001000477b0 T __RINvNtNtNtNtCsgtPOCBgevO_4core5slice4sort6stable5drift16stable_quicksortTNtNtCslJsSqIQKwiA_5alloc6string6StringB19_ENCINvMNtB1d_5sliceSB18_7sort_byNCINvXs1o_NtNtNtB1d_11collections5btree3mapINtB2v_8BTreeMapB19_B19_EINtNtNtNtBa_4iter6traits7collect12FromIteratorB18_E9from_iterINtNtNtB3y_8adapters3map3MapNtNtCscNegbyJkm8k_10serde_json3map4IterNCNCNCNvNtCs9Vr3m8bx7MY_27piping_numerical_robustness5cases10parse_cases0_000EE0E0EB5F_
0000000100047864 T __RINvNtNtNtNtCsgtPOCBgevO_4core5slice4sort6stable5drift4sortTNtNtCslJsSqIQKwiA_5alloc6string6StringBW_ENCINvMNtB10_5sliceSBV_7sort_byNCINvXs1o_NtNtNtB10_11collections5btree3mapINtB2g_8BTreeMapBW_BW_EINtNtNtNtBa_4iter6traits7collect12FromIteratorBV_E9from_iterINtNtNtB3h_8adapters3map3MapNtNtCscNegbyJkm8k_10serde_json3map4IterNCNCNCNvNtCs9Vr3m8bx7MY_27piping_numerical_robustness5cases10parse_cases0_000EE0E0EB5n_
0000000100047e84 T __RNvMNtCsgtPOCBgevO_4core6optionINtB2_6OptionINtNtNtNtCslJsSqIQKwiA_5alloc11collections5btree3map8BTreeMapNtNtBP_6string6StringB1F_EE17unwrap_or_defaultCs9Vr3m8bx7MY_27piping_numerical_robustness
0000000100047ed8 T __RNvMNtCsgtPOCBgevO_4core6optionINtB2_6OptionNtNtCs9Vr3m8bx7MY_27piping_numerical_robustness5cases5ModelE6as_refBK_
0000000100047f24 T __RNvMNtCsgtPOCBgevO_4core6optionINtB2_6OptionNtNtCs9Vr3m8bx7MY_27piping_numerical_robustness5cases5ModelE7is_noneBK_
0000000100047f4c T __RNvMNtCsgtPOCBgevO_4core6optionINtB2_6OptionRINtNtCscNegbyJkm8k_10serde_json3map3MapNtNtCslJsSqIQKwiA_5alloc6string6StringNtNtBM_5value5ValueEE6expectCs9Vr3m8bx7MY_27piping_numerical_robustness
0000000100047fa8 T __RNvMNtCsgtPOCBgevO_4core6optionINtB2_6OptionRINtNtCslJsSqIQKwiA_5alloc3vec3VecNtNtCscNegbyJkm8k_10serde_json5value5ValueEE6expectCs9Vr3m8bx7MY_27piping_numerical_robustness
0000000100048004 T __RNvMNtCsgtPOCBgevO_4core6optionINtB2_6OptionRNtNtCscNegbyJkm8k_10serde_json5value5ValueE9unwrap_orCs9Vr3m8bx7MY_27piping_numerical_robustness
000000010004804c T __RNvMNtCsgtPOCBgevO_4core6optionINtB2_6OptionReE6expectCs9Vr3m8bx7MY_27piping_numerical_robustness
00000001000480b4 T __RNvMNtCsgtPOCBgevO_4core6optionINtB2_6OptionbE6expectCs9Vr3m8bx7MY_27piping_numerical_robustness
000000010004811c T __RNvMNtCsgtPOCBgevO_4core6optionINtB2_6OptionyE6expectCs9Vr3m8bx7MY_27piping_numerical_robustness
0000000100048174 T __RNvMNtNtNtCsgtPOCBgevO_4core5slice4sort6stableINtB2_14AlignedStorageTNtNtCslJsSqIQKwiA_5alloc6string6StringB15_EKj1000_E19as_uninit_slice_mutCs9Vr3m8bx7MY_27piping_numerical_robustness
00000001000481f8 t __RNvMs16_NtCsa9BKTri5B3M_3std4pathNtB6_4Path7displayCs9Vr3m8bx7MY_27piping_numerical_robustness
0000000100048210 t __RNvNvNtCsgtPOCBgevO_4core3ptr19copy_nonoverlapping18precondition_checkCs9Vr3m8bx7MY_27piping_numerical_robustness
0000000100048378 t __RNvNvNtCsgtPOCBgevO_4core3ptr4copy18precondition_checkCs9Vr3m8bx7MY_27piping_numerical_robustness
00000001000484a8 T __RNvXNtCsgtPOCBgevO_4core7convertRNtNtCsa9BKTri5B3M_3std4path4PathINtB2_5AsRefBv_E6as_refCs9Vr3m8bx7MY_27piping_numerical_robustness
00000001000484d8 t __RNvXs1l_NtCsa9BKTri5B3M_3std4pathNtB6_4PathINtNtCsgtPOCBgevO_4core7convert5AsRefBv_E6as_refCs9Vr3m8bx7MY_27piping_numerical_robustness
00000001000484f0 t __RNvXs1p_NtCsa9BKTri5B3M_3std4patheINtNtCsgtPOCBgevO_4core7convert5AsRefNtB6_4PathE6as_refCs9Vr3m8bx7MY_27piping_numerical_robustness
0000000100048508 t __RNvXsH_NtCsa9BKTri5B3M_3std4pathNtB5_7PathBufNtNtNtCsgtPOCBgevO_4core3ops5deref5Deref5derefCs9Vr3m8bx7MY_27piping_numerical_robustness
000000010004853c T __RNvXsz_NtCsa9BKTri5B3M_3std4pathNtB5_7PathBufINtNtCsgtPOCBgevO_4core7convert4FromReE4fromCs9Vr3m8bx7MY_27piping_numerical_robustness
00000001000485b4 T __RINvMNtCsgtPOCBgevO_4core6resultINtB3_6ResultNtNtCslJsSqIQKwiA_5alloc6string6StringNtNtNtCsa9BKTri5B3M_3std2io5error5ErrorE14unwrap_or_elseNCNvNtCs9Vr3m8bx7MY_27piping_numerical_robustness5cases9load_file0EB2j_
0000000100048638 T __RINvMs2_NtCsgtPOCBgevO_4core3fmtNtB6_9Arguments3newKj6_Kj2_ECs9Vr3m8bx7MY_27piping_numerical_robustness
0000000100048654 T __RINvMs2_NtCsgtPOCBgevO_4core3fmtNtB6_9Arguments3newKj9_Kj1_ECs9Vr3m8bx7MY_27piping_numerical_robustness
0000000100048670 T __RINvMsi_NtNtNtCslJsSqIQKwiA_5alloc11collections5btree3mapINtB6_8BTreeMapNtNtBc_6string6StringB18_E27bulk_build_from_sorted_iterINtNtBc_3vec3VecTB18_B18_EEECs9Vr3m8bx7MY_27piping_numerical_robustness
00000001000487e4 T __RINvNvXs0_NtNtNtCslJsSqIQKwiA_5alloc11collections5btree3mapINtB8_8BTreeMappppENtNtCsgtPOCBgevO_4core5clone5Clone5clone13clone_subtreejNtNtBa_7set_val9SetValZSTNtNtBe_5alloc6GlobalECs9Vr3m8bx7MY_27piping_numerical_robustness
00000001000490b0 T __RINvXs1o_NtNtNtCslJsSqIQKwiA_5alloc11collections5btree3mapINtB7_8BTreeMapNtNtBd_6string6StringB19_EINtNtNtNtCsgtPOCBgevO_4core4iter6traits7collect12FromIteratorTB19_B19_EE9from_iterINtNtNtB1G_8adapters3map3MapNtNtCscNegbyJkm8k_10serde_json3map4IterNCNCNCNvNtCs9Vr3m8bx7MY_27piping_numerical_robustness5cases10parse_cases0_000EEB48_
0000000100049194 T __RINvYINtNtNtNtCsgtPOCBgevO_4core4iter8adapters6filter6FilterNtNtNtBc_3str4iter5LinesNCNvNtCs9Vr3m8bx7MY_27piping_numerical_robustness5cases9load_files_0ENtNtNtBa_6traits8iterator8Iterator3mapNtB1o_4CaseNvB1o_10parse_caseEB1q_
00000001000491c4 T __RNCINvXs1o_NtNtNtCslJsSqIQKwiA_5alloc11collections5btree3mapINtB9_8BTreeMapNtNtBf_6string6StringB1b_EINtNtNtNtCsgtPOCBgevO_4core4iter6traits7collect12FromIteratorTB1b_B1b_EE9from_iterINtNtNtB1I_8adapters3map3MapNtNtCscNegbyJkm8k_10serde_json3map4IterNCNCNCNvNtCs9Vr3m8bx7MY_27piping_numerical_robustness5cases10parse_cases0_000EE0B4a_
0000000100049200 t __RNvMNtCsgtPOCBgevO_4core3stre5linesCs9Vr3m8bx7MY_27piping_numerical_robustness
00000001000492c4 t __RNvMNtCsgtPOCBgevO_4core3stre8is_emptyCs9Vr3m8bx7MY_27piping_numerical_robustness
00000001000492e0 T __RNvMNtCsgtPOCBgevO_4core6resultINtB2_6ResultINtNtCslJsSqIQKwiA_5alloc3vec3VecjENtCshcW0Uub6Vfg_30open_pipe_stress_sparse_direct17SparseDirectErrorE6expectCs9Vr3m8bx7MY_27piping_numerical_robustness
0000000100049390 T __RNvMNtCsgtPOCBgevO_4core6resultINtB2_6ResultNtNtCscNegbyJkm8k_10serde_json5value5ValueNtNtBK_5error5ErrorE6expectCs9Vr3m8bx7MY_27piping_numerical_robustness
000000010004944c T __RNvMNtCsgtPOCBgevO_4core6resultINtB2_6ResultyNtNtNtB4_3num5error13ParseIntErrorE6expectCs9Vr3m8bx7MY_27piping_numerical_robustness
00000001000494dc T __RNvMsi_NtNtNtCslJsSqIQKwiA_5alloc11collections5btree3mapINtB5_8BTreeMapjNtNtB7_7set_val9SetValZSTE5entryCs9Vr3m8bx7MY_27piping_numerical_robustness
00000001000496f4 T __RNvMsi_NtNtNtCslJsSqIQKwiA_5alloc11collections5btree3mapINtB5_8BTreeMapjNtNtB7_7set_val9SetValZSTE6insertCs9Vr3m8bx7MY_27piping_numerical_robustness
0000000100049810 T __RNvMsz_NtNtNtCslJsSqIQKwiA_5alloc11collections5btree3mapINtB5_8IntoIterNtNtBb_6string6StringB17_E10dying_nextCs9Vr3m8bx7MY_27piping_numerical_robustness
00000001000498a0 T __RNvMsz_NtNtNtCslJsSqIQKwiA_5alloc11collections5btree3mapINtB5_8IntoIterjNtNtB7_7set_val9SetValZSTE10dying_nextCs9Vr3m8bx7MY_27piping_numerical_robustness
0000000100049930 t __RNvNvMNtNtCsgtPOCBgevO_4core3mem9alignmentNtB4_9Alignment13new_unchecked18precondition_checkCs9Vr3m8bx7MY_27piping_numerical_robustness
00000001000499a0 t __RNvNvNtNtCsgtPOCBgevO_4core5slice3raw14from_raw_parts18precondition_checkCs9Vr3m8bx7MY_27piping_numerical_robustness
0000000100049a8c t __RNvNvNtNtCsgtPOCBgevO_4core5slice3raw18from_raw_parts_mut18precondition_checkCs9Vr3m8bx7MY_27piping_numerical_robustness
0000000100049b78 T __RNvXNtNtNtCslJsSqIQKwiA_5alloc11collections5btree3mapINtB2_8BTreeMapNtNtB8_6string6StringB14_ENtNtNtCsgtPOCBgevO_4core3ops4drop4Drop4dropCs9Vr3m8bx7MY_27piping_numerical_robustness
0000000100049cf0 T __RNvXNtNtNtCslJsSqIQKwiA_5alloc11collections5btree3mapINtB2_8BTreeMapjNtNtB4_7set_val9SetValZSTENtNtNtCsgtPOCBgevO_4core3ops4drop4Drop4dropCs9Vr3m8bx7MY_27piping_numerical_robustness
0000000100049e68 T __RNvXNvXsy_NtNtNtCslJsSqIQKwiA_5alloc11collections5btree3mapINtB8_8IntoIterpppENtNtNtCsgtPOCBgevO_4core3ops4drop4Drop4dropINtB2_9DropGuardNtNtBe_6string6StringB2b_NtNtBe_5alloc6GlobalEB1e_4dropCs9Vr3m8bx7MY_27piping_numerical_robustness
0000000100049ecc T __RNvXNvXsy_NtNtNtCslJsSqIQKwiA_5alloc11collections5btree3mapINtB8_8IntoIterpppENtNtNtCsgtPOCBgevO_4core3ops4drop4Drop4dropINtB2_9DropGuardjNtNtBa_7set_val9SetValZSTNtNtBe_5alloc6GlobalEB1e_4dropCs9Vr3m8bx7MY_27piping_numerical_robustness
0000000100049f30 T __RNvXs0_NtNtNtCslJsSqIQKwiA_5alloc11collections5btree3mapINtB5_8BTreeMapjNtNtB7_7set_val9SetValZSTENtNtCsgtPOCBgevO_4core5clone5Clone5cloneCs9Vr3m8bx7MY_27piping_numerical_robustness
000000010004a00c T __RNvXs1_NtNtNtCsgtPOCBgevO_4core4iter8adapters6filterINtB5_6FilterNtNtNtBb_3str4iter5LinesNCNvNtCs9Vr3m8bx7MY_27piping_numerical_robustness5cases9load_files_0ENtNtNtB9_6traits8iterator8Iterator4nextB1v_
000000010004a038 T __RNvXs1_NtNtNtCsgtPOCBgevO_4core4iter8adapters6filterINtB5_6FilterNtNtNtBb_3str4iter5LinesNCNvNtCs9Vr3m8bx7MY_27piping_numerical_robustness5cases9load_files_0ENtNtNtB9_6traits8iterator8Iterator9size_hintB1v_
000000010004a084 T __RNvXs1s_NtNtNtCslJsSqIQKwiA_5alloc11collections5btree3mapINtB6_8BTreeMapNtNtBc_6string6StringB18_ENtNtCsgtPOCBgevO_4core7default7Default7defaultCs9Vr3m8bx7MY_27piping_numerical_robustness
000000010004a0a8 t __RNvXs2i_NtNtCsgtPOCBgevO_4core7convert3nummINtB8_7TryFromyE8try_fromCs9Vr3m8bx7MY_27piping_numerical_robustness
000000010004a0f4 t __RNvXs3_NtCsgtPOCBgevO_4core3strNtB5_8LinesMapINtNtNtB7_3ops8function2FnTReEE4callCs9Vr3m8bx7MY_27piping_numerical_robustness
000000010004a22c t __RNvXs4_NtCsgtPOCBgevO_4core3strNtB5_8LinesMapINtNtNtB7_3ops8function5FnMutTReEE8call_mutCs9Vr3m8bx7MY_27piping_numerical_robustness
000000010004a270 T __RNvXsA_NtNtNtCslJsSqIQKwiA_5alloc11collections5btree3mapINtB5_8IntoIterjNtNtB7_7set_val9SetValZSTENtNtNtNtCsgtPOCBgevO_4core4iter6traits8iterator8Iterator4nextCs9Vr3m8bx7MY_27piping_numerical_robustness
000000010004a2e4 T __RNvXsp_NtCsgtPOCBgevO_4core6resultINtB5_6ResultINtNtNtCslJsSqIQKwiA_5alloc3vec13in_place_drop11InPlaceDropINtBO_3VecjEEzENtNtNtB7_3ops9try_trait3Try11from_outputCs9Vr3m8bx7MY_27piping_numerical_robustness
000000010004a300 T __RNvXsp_NtCsgtPOCBgevO_4core6resultINtB5_6ResultINtNtNtCslJsSqIQKwiA_5alloc3vec13in_place_drop11InPlaceDropINtBO_3VecjEEzENtNtNtB7_3ops9try_trait3Try6branchCs9Vr3m8bx7MY_27piping_numerical_robustness
000000010004a33c T __RNvXsy_NtNtNtCslJsSqIQKwiA_5alloc11collections5btree3mapINtB5_8IntoIterNtNtBb_6string6StringB17_ENtNtNtCsgtPOCBgevO_4core3ops4drop4Drop4dropCs9Vr3m8bx7MY_27piping_numerical_robustness
000000010004a3d8 T __RNvXsy_NtNtNtCslJsSqIQKwiA_5alloc11collections5btree3mapINtB5_8IntoIterjNtNtB7_7set_val9SetValZSTENtNtNtCsgtPOCBgevO_4core3ops4drop4Drop4dropCs9Vr3m8bx7MY_27piping_numerical_robustness
000000010004a474 T __RNvXNtCsgtPOCBgevO_4core6borrowjINtB2_6BorrowjE6borrowCs9Vr3m8bx7MY_27piping_numerical_robustness
000000010004a488 T __RNvXs1_NtCslJsSqIQKwiA_5alloc7raw_vecINtB5_6RawVecINtNtNtNtB7_11collections5btree3set8BTreeSetjEENtNtNtCsgtPOCBgevO_4core3ops4drop4Drop4dropCs9Vr3m8bx7MY_27piping_numerical_robustness
000000010004a4bc T __RNvXs1_NtCslJsSqIQKwiA_5alloc7raw_vecINtB5_6RawVecNtNtCs9Vr3m8bx7MY_27piping_numerical_robustness5cases10SpringSpecENtNtNtCsgtPOCBgevO_4core3ops4drop4Drop4dropBQ_
000000010004a4f0 T __RNvXs1_NtCslJsSqIQKwiA_5alloc7raw_vecINtB5_6RawVecNtNtCs9Vr3m8bx7MY_27piping_numerical_robustness5cases3RowENtNtNtCsgtPOCBgevO_4core3ops4drop4Drop4dropBQ_
000000010004a524 T __RNvXs1_NtCslJsSqIQKwiA_5alloc7raw_vecINtB5_6RawVecNtNtCs9Vr3m8bx7MY_27piping_numerical_robustness5cases4CaseENtNtNtCsgtPOCBgevO_4core3ops4drop4Drop4dropBQ_
000000010004a558 T __RNvXs1_NtCslJsSqIQKwiA_5alloc7raw_vecINtB5_6RawVecNtNtCs9Vr3m8bx7MY_27piping_numerical_robustness5cases6MemberENtNtNtCsgtPOCBgevO_4core3ops4drop4Drop4dropBQ_
000000010004a58c T __RNvXs1_NtCslJsSqIQKwiA_5alloc7raw_vecINtB5_6RawVecNtNtCs9Vr3m8bx7MY_27piping_numerical_robustness5cases7ControlENtNtNtCsgtPOCBgevO_4core3ops4drop4Drop4dropBQ_
000000010004a5c0 T __RNvXs1_NtCslJsSqIQKwiA_5alloc7raw_vecINtB5_6RawVecTNtNtB7_6string6StringBN_EENtNtNtCsgtPOCBgevO_4core3ops4drop4Drop4dropCs9Vr3m8bx7MY_27piping_numerical_robustness
000000010004a5f4 T __RNvXs1_NtCslJsSqIQKwiA_5alloc7raw_vecINtB5_6RawVecTmjEENtNtNtCsgtPOCBgevO_4core3ops4drop4Drop4dropCs9Vr3m8bx7MY_27piping_numerical_robustness
000000010004a628 T __RNvXs1_NtCslJsSqIQKwiA_5alloc7raw_vecINtB5_6RawVecTmjdNtNtB7_6string6StringEENtNtNtCsgtPOCBgevO_4core3ops4drop4Drop4dropCs9Vr3m8bx7MY_27piping_numerical_robustness
000000010004a65c T __RNvXs1_NtCslJsSqIQKwiA_5alloc7raw_vecINtB5_6RawVecTmmdEENtNtNtCsgtPOCBgevO_4core3ops4drop4Drop4dropCs9Vr3m8bx7MY_27piping_numerical_robustness
000000010004a690 t __RNvXsd_NtNtCsgtPOCBgevO_4core3num5errorNtB5_13ParseIntErrorNtNtB9_3fmt5Debug3fmtCs9Vr3m8bx7MY_27piping_numerical_robustness
000000010004a6f4 T __RINvNtNtNtCslJsSqIQKwiA_5alloc11collections5btree3mem7replaceINtNtB4_4node6HandleINtB10_7NodeRefNtNtB10_6marker5DyingNtNtB8_6string6StringB1R_NtB1y_4LeafENtB1y_4EdgeEIBY_IB1i_B1w_B1R_B1R_NtB1y_14LeafOrInternalENtB1y_2KVENCINvMsm_NtB4_8navigateBX_27deallocating_next_uncheckedNtNtB8_5alloc6GlobalE0ECs9Vr3m8bx7MY_27piping_numerical_robustness
000000010004a7c0 T __RINvNtNtNtCslJsSqIQKwiA_5alloc11collections5btree3mem7replaceINtNtB4_4node6HandleINtB10_7NodeRefNtNtB10_6marker5DyingjNtNtB4_7set_val9SetValZSTNtB1y_4LeafENtB1y_4EdgeEIBY_IB1i_B1w_jB1S_NtB1y_14LeafOrInternalENtB1y_2KVENCINvMsm_NtB4_8navigateBX_27deallocating_next_uncheckedNtNtB8_5alloc6GlobalE0ECs9Vr3m8bx7MY_27piping_numerical_robustness
000000010004a88c T __RINvNtNtNtCslJsSqIQKwiA_5alloc11collections5btree3mem7replaceINtNtB4_4node7NodeRefNtNtB10_6marker5OwnedNtNtB8_6string6StringB1D_NtB1k_14LeafOrInternalEuNCINvB2_8take_mutBX_NCINvMss_B10_BX_19push_internal_levelNtNtB8_5alloc6GlobalE0E0ECs9Vr3m8bx7MY_27piping_numerical_robustness
000000010004a91c T __RINvNtNtNtCslJsSqIQKwiA_5alloc11collections5btree3mem7replaceINtNtB4_4node7NodeRefNtNtB10_6marker5OwnedjNtNtB4_7set_val9SetValZSTNtB1k_14LeafOrInternalEuNCINvB2_8take_mutBX_NCINvMss_B10_BX_19push_internal_levelNtNtB8_5alloc6GlobalE0E0ECs9Vr3m8bx7MY_27piping_numerical_robustness
000000010004a9ac T __RINvNvMNtCsgtPOCBgevO_4core5sliceSp7reverse7revswapTNtNtCslJsSqIQKwiA_5alloc6string6StringBO_EECs9Vr3m8bx7MY_27piping_numerical_robustness
000000010004ab58 T __RNCINvNtNtNtCslJsSqIQKwiA_5alloc11collections5btree3mem8take_mutINtNtB6_4node7NodeRefNtNtB13_6marker5OwnedNtNtBa_6string6StringB1G_NtB1n_14LeafOrInternalENCINvMss_B13_B10_19push_internal_levelNtNtBa_5alloc6GlobalE0E0Cs9Vr3m8bx7MY_27piping_numerical_robustness
000000010004ab80 T __RNCINvNtNtNtCslJsSqIQKwiA_5alloc11collections5btree3mem8take_mutINtNtB6_4node7NodeRefNtNtB13_6marker5OwnedjNtNtB6_7set_val9SetValZSTNtB1n_14LeafOrInternalENCINvMss_B13_B10_19push_internal_levelNtNtBa_5alloc6GlobalE0E0Cs9Vr3m8bx7MY_27piping_numerical_robustness
000000010004aba8 T __RNvMNtCsgtPOCBgevO_4core5sliceSTReBu_E4iterCs9Vr3m8bx7MY_27piping_numerical_robustness
000000010004abd0 T __RNvMs_NtCslJsSqIQKwiA_5alloc5boxedINtB4_3BoxINtNtNtNtB6_11collections5btree4node12InternalNodeNtNtB6_6string6StringB1u_EE13new_uninit_inCs9Vr3m8bx7MY_27piping_numerical_robustness
000000010004ac34 T __RNvMs_NtCslJsSqIQKwiA_5alloc5boxedINtB4_3BoxINtNtNtNtB6_11collections5btree4node12InternalNodeNtNtB6_6string6StringB1u_EE17try_new_uninit_inCs9Vr3m8bx7MY_27piping_numerical_robustness
000000010004ad2c T __RNvMs_NtCslJsSqIQKwiA_5alloc5boxedINtB4_3BoxINtNtNtNtB6_11collections5btree4node12InternalNodejNtNtBL_7set_val9SetValZSTEE13new_uninit_inCs9Vr3m8bx7MY_27piping_numerical_robustness
000000010004ad90 T __RNvMs_NtCslJsSqIQKwiA_5alloc5boxedINtB4_3BoxINtNtNtNtB6_11collections5btree4node12InternalNodejNtNtBL_7set_val9SetValZSTEE17try_new_uninit_inCs9Vr3m8bx7MY_27piping_numerical_robustness
000000010004ae88 T __RNvMs_NtCslJsSqIQKwiA_5alloc5boxedINtB4_3BoxINtNtNtNtB6_11collections5btree4node8LeafNodeNtNtB6_6string6StringB1p_EE13new_uninit_inCs9Vr3m8bx7MY_27piping_numerical_robustness
000000010004aeec T __RNvMs_NtCslJsSqIQKwiA_5alloc5boxedINtB4_3BoxINtNtNtNtB6_11collections5btree4node8LeafNodeNtNtB6_6string6StringB1p_EE17try_new_uninit_inCs9Vr3m8bx7MY_27piping_numerical_robustness
000000010004afe4 T __RNvMs_NtCslJsSqIQKwiA_5alloc5boxedINtB4_3BoxINtNtNtNtB6_11collections5btree4node8LeafNodejNtNtBL_7set_val9SetValZSTEE13new_uninit_inCs9Vr3m8bx7MY_27piping_numerical_robustness
000000010004b048 T __RNvMs_NtCslJsSqIQKwiA_5alloc5boxedINtB4_3BoxINtNtNtNtB6_11collections5btree4node8LeafNodejNtNtBL_7set_val9SetValZSTEE17try_new_uninit_inCs9Vr3m8bx7MY_27piping_numerical_robustness
000000010004b140 t __RNvNvMNtCsgtPOCBgevO_4core5sliceSp22split_at_mut_unchecked18precondition_checkCs9Vr3m8bx7MY_27piping_numerical_robustness
000000010004b1a0 t __RNvNvMs1_NtNtCsgtPOCBgevO_4core3ptr8non_nullINtB7_7NonNullpE13new_unchecked18precondition_checkCs9Vr3m8bx7MY_27piping_numerical_robustness
000000010004b1f8 t __RNvNvNtCsgtPOCBgevO_4core4hint16assert_unchecked18precondition_checkCs9Vr3m8bx7MY_27piping_numerical_robustness
000000010004b250 t __RNvNvNtCsgtPOCBgevO_4core4hint21unreachable_unchecked18precondition_checkCs9Vr3m8bx7MY_27piping_numerical_robustness
000000010004b28c T __RNvXs8_NtCslJsSqIQKwiA_5alloc5boxedINtB5_3BoxINtNtNtNtB7_11collections5btree4node12InternalNodeNtNtB7_6string6StringB1v_EENtNtNtCsgtPOCBgevO_4core3ops4drop4Drop4dropCs9Vr3m8bx7MY_27piping_numerical_robustness
000000010004b35c T __RNvXs8_NtCslJsSqIQKwiA_5alloc5boxedINtB5_3BoxINtNtNtNtB7_11collections5btree4node12InternalNodejNtNtBM_7set_val9SetValZSTEENtNtNtCsgtPOCBgevO_4core3ops4drop4Drop4dropCs9Vr3m8bx7MY_27piping_numerical_robustness
000000010004b42c T __RNvXs8_NtCslJsSqIQKwiA_5alloc5boxedINtB5_3BoxINtNtNtNtB7_11collections5btree4node8LeafNodejNtNtBM_7set_val9SetValZSTEENtNtNtCsgtPOCBgevO_4core3ops4drop4Drop4dropCs9Vr3m8bx7MY_27piping_numerical_robustness
000000010004b4fc t __RNvXsV_NtNtCsgtPOCBgevO_4core3cmp5implsjNtB7_3Ord3cmpCs9Vr3m8bx7MY_27piping_numerical_robustness
000000010004b534 T __RINvMs0_NtCscNegbyJkm8k_10serde_json5valueNtB6_5Value3getReECs9Vr3m8bx7MY_27piping_numerical_robustness
000000010004b594 T __RINvMsb_NtNtNtCslJsSqIQKwiA_5alloc11collections5btree8navigateINtB6_13LazyLeafRangeNtNtNtB8_4node6marker5DyingNtNtBc_6string6StringB1K_E16deallocating_endNtNtBc_5alloc6GlobalECs9Vr3m8bx7MY_27piping_numerical_robustness
000000010004b62c T __RINvMsb_NtNtNtCslJsSqIQKwiA_5alloc11collections5btree8navigateINtB6_13LazyLeafRangeNtNtNtB8_4node6marker5DyingNtNtBc_6string6StringB1K_E27deallocating_next_uncheckedNtNtBc_5alloc6GlobalECs9Vr3m8bx7MY_27piping_numerical_robustness
000000010004b6d4 T __RINvMsb_NtNtNtCslJsSqIQKwiA_5alloc11collections5btree8navigateINtB6_13LazyLeafRangeNtNtNtB8_4node6marker5DyingjNtNtB8_7set_val9SetValZSTE16deallocating_endNtNtBc_5alloc6GlobalECs9Vr3m8bx7MY_27piping_numerical_robustness
000000010004b76c T __RINvMsb_NtNtNtCslJsSqIQKwiA_5alloc11collections5btree8navigateINtB6_13LazyLeafRangeNtNtNtB8_4node6marker5DyingjNtNtB8_7set_val9SetValZSTE27deallocating_next_uncheckedNtNtBc_5alloc6GlobalECs9Vr3m8bx7MY_27piping_numerical_robustness
000000010004b814 T __RINvNtCsgtPOCBgevO_4core3ptr9drop_glueINtNtB4_6option6OptionIBB_TNtNtCslJsSqIQKwiA_5alloc6string6StringB11_EEEECs9Vr3m8bx7MY_27piping_numerical_robustness
000000010004b858 T __RINvNtCsgtPOCBgevO_4core3ptr9drop_glueINtNtB4_6option6OptionINtNtNtCslJsSqIQKwiA_5alloc3vec9into_iter8IntoIterNtNtCs9Vr3m8bx7MY_27piping_numerical_robustness5cases4CaseEEEB1O_
000000010004b89c T __RINvNtCsgtPOCBgevO_4core3ptr9drop_glueINtNtB4_6option6OptionINtNtNtNtCslJsSqIQKwiA_5alloc11collections5btree3map8BTreeMapNtNtB15_6string6StringB1V_EEECs9Vr3m8bx7MY_27piping_numerical_robustness
000000010004b8dc T __RINvNtCsgtPOCBgevO_4core3ptr9drop_glueINtNtB4_6option6OptionNtNtCs9Vr3m8bx7MY_27piping_numerical_robustness5cases4CaseEEB10_
000000010004b920 T __RINvNtCsgtPOCBgevO_4core3ptr9drop_glueINtNtB4_6option6OptionNtNtCs9Vr3m8bx7MY_27piping_numerical_robustness5cases5ModelEEB10_
000000010004b964 T __RINvNtCsgtPOCBgevO_4core3ptr9drop_glueINtNtB4_6option6OptionTNtNtCslJsSqIQKwiA_5alloc6string6StringBX_EEECs9Vr3m8bx7MY_27piping_numerical_robustness
000000010004b9a8 T __RINvNtCsgtPOCBgevO_4core3ptr9drop_glueINtNtCslJsSqIQKwiA_5alloc3vec3VecINtNtNtNtBF_11collections5btree3set8BTreeSetjEEECs9Vr3m8bx7MY_27piping_numerical_robustness
000000010004ba04 T __RINvNtCsgtPOCBgevO_4core3ptr9drop_glueINtNtCslJsSqIQKwiA_5alloc3vec3VecNtNtCs9Vr3m8bx7MY_27piping_numerical_robustness5cases10SpringSpecEEB1b_
000000010004ba60 T __RINvNtCsgtPOCBgevO_4core3ptr9drop_glueINtNtCslJsSqIQKwiA_5alloc3vec3VecNtNtCs9Vr3m8bx7MY_27piping_numerical_robustness5cases3RowEEB1b_
000000010004babc T __RINvNtCsgtPOCBgevO_4core3ptr9drop_glueINtNtCslJsSqIQKwiA_5alloc3vec3VecNtNtCs9Vr3m8bx7MY_27piping_numerical_robustness5cases4CaseEEB1b_
000000010004bb18 T __RINvNtCsgtPOCBgevO_4core3ptr9drop_glueINtNtCslJsSqIQKwiA_5alloc3vec3VecNtNtCs9Vr3m8bx7MY_27piping_numerical_robustness5cases6MemberEEB1b_
000000010004bb74 T __RINvNtCsgtPOCBgevO_4core3ptr9drop_glueINtNtCslJsSqIQKwiA_5alloc3vec3VecNtNtCs9Vr3m8bx7MY_27piping_numerical_robustness5cases7ControlEEB1b_
000000010004bbd0 T __RINvNtCsgtPOCBgevO_4core3ptr9drop_glueINtNtCslJsSqIQKwiA_5alloc3vec3VecTNtNtBF_6string6StringB18_EEECs9Vr3m8bx7MY_27piping_numerical_robustness
000000010004bc2c T __RINvNtCsgtPOCBgevO_4core3ptr9drop_glueINtNtCslJsSqIQKwiA_5alloc3vec3VecTmjEEECs9Vr3m8bx7MY_27piping_numerical_robustness
000000010004bc88 T __RINvNtCsgtPOCBgevO_4core3ptr9drop_glueINtNtCslJsSqIQKwiA_5alloc3vec3VecTmjdNtNtBF_6string6StringEEECs9Vr3m8bx7MY_27piping_numerical_robustness
000000010004bce4 T __RINvNtCsgtPOCBgevO_4core3ptr9drop_glueINtNtCslJsSqIQKwiA_5alloc3vec3VecTmmdEEECs9Vr3m8bx7MY_27piping_numerical_robustness
000000010004bd40 T __RINvNtCsgtPOCBgevO_4core3ptr9drop_glueINtNtCslJsSqIQKwiA_5alloc5boxed3BoxINtNtNtNtBF_11collections5btree4node12InternalNodeNtNtBF_6string6StringB1X_EEECs9Vr3m8bx7MY_27piping_numerical_robustness
000000010004bd6c T __RINvNtCsgtPOCBgevO_4core3ptr9drop_glueINtNtCslJsSqIQKwiA_5alloc5boxed3BoxINtNtNtNtBF_11collections5btree4node12InternalNodejNtNtB1e_7set_val9SetValZSTEEECs9Vr3m8bx7MY_27piping_numerical_robustness
000000010004bd98 T __RINvNtCsgtPOCBgevO_4core3ptr9drop_glueINtNtCslJsSqIQKwiA_5alloc5boxed3BoxINtNtNtNtBF_11collections5btree4node8LeafNodejNtNtB1e_7set_val9SetValZSTEEECs9Vr3m8bx7MY_27piping_numerical_robustness
000000010004bdc4 T __RINvNtCsgtPOCBgevO_4core3ptr9drop_glueINtNtCslJsSqIQKwiA_5alloc7raw_vec6RawVecINtNtNtNtBF_11collections5btree3set8BTreeSetjEEECs9Vr3m8bx7MY_27piping_numerical_robustness
000000010004bde8 T __RINvNtCsgtPOCBgevO_4core3ptr9drop_glueINtNtCslJsSqIQKwiA_5alloc7raw_vec6RawVecNtNtCs9Vr3m8bx7MY_27piping_numerical_robustness5cases10SpringSpecEEB1i_
000000010004be0c T __RINvNtCsgtPOCBgevO_4core3ptr9drop_glueINtNtCslJsSqIQKwiA_5alloc7raw_vec6RawVecNtNtCs9Vr3m8bx7MY_27piping_numerical_robustness5cases3RowEEB1i_
000000010004be30 T __RINvNtCsgtPOCBgevO_4core3ptr9drop_glueINtNtCslJsSqIQKwiA_5alloc7raw_vec6RawVecNtNtCs9Vr3m8bx7MY_27piping_numerical_robustness5cases4CaseEEB1i_
000000010004be54 T __RINvNtCsgtPOCBgevO_4core3ptr9drop_glueINtNtCslJsSqIQKwiA_5alloc7raw_vec6RawVecNtNtCs9Vr3m8bx7MY_27piping_numerical_robustness5cases6MemberEEB1i_
000000010004be78 T __RINvNtCsgtPOCBgevO_4core3ptr9drop_glueINtNtCslJsSqIQKwiA_5alloc7raw_vec6RawVecNtNtCs9Vr3m8bx7MY_27piping_numerical_robustness5cases7ControlEEB1i_
000000010004be9c T __RINvNtCsgtPOCBgevO_4core3ptr9drop_glueINtNtCslJsSqIQKwiA_5alloc7raw_vec6RawVecTNtNtBF_6string6StringB1f_EEECs9Vr3m8bx7MY_27piping_numerical_robustness
000000010004bec0 T __RINvNtCsgtPOCBgevO_4core3ptr9drop_glueINtNtCslJsSqIQKwiA_5alloc7raw_vec6RawVecTmjEEECs9Vr3m8bx7MY_27piping_numerical_robustness
000000010004bee4 T __RINvNtCsgtPOCBgevO_4core3ptr9drop_glueINtNtCslJsSqIQKwiA_5alloc7raw_vec6RawVecTmjdNtNtBF_6string6StringEEECs9Vr3m8bx7MY_27piping_numerical_robustness
000000010004bf08 T __RINvNtCsgtPOCBgevO_4core3ptr9drop_glueINtNtCslJsSqIQKwiA_5alloc7raw_vec6RawVecTmmdEEECs9Vr3m8bx7MY_27piping_numerical_robustness
000000010004bf2c T __RINvNtCsgtPOCBgevO_4core3ptr9drop_glueINtNtNtCslJsSqIQKwiA_5alloc3vec13in_place_drop11InPlaceDropINtBF_3VecjEEECs9Vr3m8bx7MY_27piping_numerical_robustness
000000010004bf50 T __RINvNtCsgtPOCBgevO_4core3ptr9drop_glueINtNtNtCslJsSqIQKwiA_5alloc3vec13in_place_drop24InPlaceDstDataSrcBufDropINtNtNtNtBH_11collections5btree3set8BTreeSetjEINtBF_3VecjEEECs9Vr3m8bx7MY_27piping_numerical_robustness
000000010004bf74 T __RINvNtCsgtPOCBgevO_4core3ptr9drop_glueINtNtNtCslJsSqIQKwiA_5alloc3vec9into_iter8IntoIterINtNtNtNtBH_11collections5btree3set8BTreeSetjEEECs9Vr3m8bx7MY_27piping_numerical_robustness
000000010004bf98 T __RINvNtCsgtPOCBgevO_4core3ptr9drop_glueINtNtNtCslJsSqIQKwiA_5alloc3vec9into_iter8IntoIterNtNtCs9Vr3m8bx7MY_27piping_numerical_robustness5cases4CaseEEB1s_
000000010004bfbc T __RINvNtCsgtPOCBgevO_4core3ptr9drop_glueINtNtNtCslJsSqIQKwiA_5alloc3vec9into_iter8IntoIterTNtNtBH_6string6StringB1p_EEECs9Vr3m8bx7MY_27piping_numerical_robustness
000000010004bfe0 T __RINvNtCsgtPOCBgevO_4core3ptr9drop_glueINtNtNtNtB4_4iter8adapters3map3MapINtNtNtCslJsSqIQKwiA_5alloc3vec9into_iter8IntoIterINtNtNtNtB1f_11collections5btree3set8BTreeSetjEENCNvNtCs9Vr3m8bx7MY_27piping_numerical_robustness3rcm14free_adjacencys1_0EEB2O_
000000010004c004 T __RINvNtCsgtPOCBgevO_4core3ptr9drop_glueINtNtNtNtB4_4iter8adapters7flatten13FlattenCompatINtNtBF_3map3MapINtNtNtB4_5slice4iter4IterTReB24_EENCNvNtCs9Vr3m8bx7MY_27piping_numerical_robustness5cases8load_all0EINtNtNtCslJsSqIQKwiA_5alloc3vec9into_iter8IntoIterNtB2g_4CaseEEEB2i_
000000010004c064 T __RINvNtCsgtPOCBgevO_4core3ptr9drop_glueINtNtNtNtB4_4iter8adapters7flatten7FlatMapINtNtNtB4_5slice4iter4IterTReB1H_EEINtNtCslJsSqIQKwiA_5alloc3vec3VecNtNtCs9Vr3m8bx7MY_27piping_numerical_robustness5cases4CaseENCNvB2o_8load_all0EEB2q_
000000010004c088 T __RINvNtCsgtPOCBgevO_4core3ptr9drop_glueINtNtNtNtB4_4iter8adapters8peekable8PeekableINtNtNtCslJsSqIQKwiA_5alloc3vec9into_iter8IntoIterTNtNtB1p_6string6StringB27_EEEECs9Vr3m8bx7MY_27piping_numerical_robustness
000000010004c0e4 T __RINvNtCsgtPOCBgevO_4core3ptr9drop_glueINtNtNtNtCslJsSqIQKwiA_5alloc11collections5btree17dedup_sorted_iter15DedupSortedIterNtNtBJ_6string6StringB1W_INtNtNtBJ_3vec9into_iter8IntoIterTB1W_B1W_EEEECs9Vr3m8bx7MY_27piping_numerical_robustness
000000010004c108 T __RINvNtCsgtPOCBgevO_4core3ptr9drop_glueINtNtNtNtCslJsSqIQKwiA_5alloc11collections5btree3map8BTreeMapNtNtBJ_6string6StringB1z_EECs9Vr3m8bx7MY_27piping_numerical_robustness
000000010004c12c T __RINvNtCsgtPOCBgevO_4core3ptr9drop_glueINtNtNtNtCslJsSqIQKwiA_5alloc11collections5btree3map8BTreeMapjNtNtBF_7set_val9SetValZSTEECs9Vr3m8bx7MY_27piping_numerical_robustness
000000010004c150 T __RINvNtCsgtPOCBgevO_4core3ptr9drop_glueINtNtNtNtCslJsSqIQKwiA_5alloc11collections5btree3map8IntoIterNtNtBJ_6string6StringB1z_EECs9Vr3m8bx7MY_27piping_numerical_robustness
000000010004c174 T __RINvNtCsgtPOCBgevO_4core3ptr9drop_glueINtNtNtNtCslJsSqIQKwiA_5alloc11collections5btree3map8IntoIterjNtNtBF_7set_val9SetValZSTEECs9Vr3m8bx7MY_27piping_numerical_robustness
000000010004c198 T __RINvNtCsgtPOCBgevO_4core3ptr9drop_glueINtNtNtNtCslJsSqIQKwiA_5alloc11collections5btree3set8BTreeSetjEECs9Vr3m8bx7MY_27piping_numerical_robustness
000000010004c1bc T __RINvNtCsgtPOCBgevO_4core3ptr9drop_glueINtNtNtNtCslJsSqIQKwiA_5alloc11collections5btree3set8IntoIterjEECs9Vr3m8bx7MY_27piping_numerical_robustness
000000010004c1e0 T __RINvNtCsgtPOCBgevO_4core3ptr9drop_glueINtNtNtNtNtB4_5slice4sort6shared9smallsort10CopyOnDropTNtNtCslJsSqIQKwiA_5alloc6string6StringB1t_EEECs9Vr3m8bx7MY_27piping_numerical_robustness
000000010004c204 T __RINvNtCsgtPOCBgevO_4core3ptr9drop_glueINtNtNtNtNtB4_5slice4sort6stable5merge10MergeStateTNtNtCslJsSqIQKwiA_5alloc6string6StringB1p_EEECs9Vr3m8bx7MY_27piping_numerical_robustness
000000010004c228 T __RINvNtCsgtPOCBgevO_4core3ptr9drop_glueINtNvMsT_NtNtNtCslJsSqIQKwiA_5alloc11collections5btree4nodeINtBJ_6HandleINtBJ_7NodeRefNtNtBJ_6marker5DyingpppENtB20_2KVE12drop_key_val7DropperNtNtBP_6string6StringEECs9Vr3m8bx7MY_27piping_numerical_robustness
000000010004c24c T __RINvNtCsgtPOCBgevO_4core3ptr9drop_glueINtNvXse_NtNtCslJsSqIQKwiA_5alloc3vec9into_iterINtBJ_8IntoIterppENtNtNtB4_3ops4drop4Drop4drop9DropGuardINtNtNtNtBN_11collections5btree3set8BTreeSetjENtNtBN_5alloc6GlobalEECs9Vr3m8bx7MY_27piping_numerical_robustness
000000010004c270 T __RINvNtCsgtPOCBgevO_4core3ptr9drop_glueINtNvXse_NtNtCslJsSqIQKwiA_5alloc3vec9into_iterINtBJ_8IntoIterppENtNtNtB4_3ops4drop4Drop4drop9DropGuardNtNtCs9Vr3m8bx7MY_27piping_numerical_robustness5cases4CaseNtNtBN_5alloc6GlobalEEB2j_
000000010004c294 T __RINvNtCsgtPOCBgevO_4core3ptr9drop_glueINtNvXse_NtNtCslJsSqIQKwiA_5alloc3vec9into_iterINtBJ_8IntoIterppENtNtNtB4_3ops4drop4Drop4drop9DropGuardTNtNtBN_6string6StringB2g_ENtNtBN_5alloc6GlobalEECs9Vr3m8bx7MY_27piping_numerical_robustness
000000010004c2b8 T __RINvNtCsgtPOCBgevO_4core3ptr9drop_glueINtNvXsy_NtNtNtCslJsSqIQKwiA_5alloc11collections5btree3mapINtBJ_8IntoIterpppENtNtNtB4_3ops4drop4Drop4drop9DropGuardNtNtBP_6string6StringB2r_NtNtBP_5alloc6GlobalEECs9Vr3m8bx7MY_27piping_numerical_robustness
000000010004c2dc T __RINvNtCsgtPOCBgevO_4core3ptr9drop_glueINtNvXsy_NtNtNtCslJsSqIQKwiA_5alloc11collections5btree3mapINtBJ_8IntoIterpppENtNtNtB4_3ops4drop4Drop4drop9DropGuardjNtNtBL_7set_val9SetValZSTNtNtBP_5alloc6GlobalEECs9Vr3m8bx7MY_27piping_numerical_robustness
000000010004c300 T __RINvNtCsgtPOCBgevO_4core3ptr9drop_glueNCINvMsj_NtCslJsSqIQKwiA_5alloc3vecINtBJ_3VecNtNtBL_6string6StringE14extend_trustedINtNtNtNtB4_4iter8adapters3map3MapINtNtNtB4_5slice4iter4IterNtNtCscNegbyJkm8k_10serde_json5value5ValueENvNtCs9Vr3m8bx7MY_27piping_numerical_robustness5cases4textEE0EB3E_
000000010004c324 T __RINvNtCsgtPOCBgevO_4core3ptr9drop_glueNCINvMsj_NtCslJsSqIQKwiA_5alloc3vecINtBJ_3VecNtNtCs9Vr3m8bx7MY_27piping_numerical_robustness5cases10SpringSpecE14extend_trustedINtNtNtNtB4_4iter8adapters3map3MapINtNtNtB4_5slice4iter4IterNtNtCscNegbyJkm8k_10serde_json5value5ValueENCNvB1l_11parse_models0_0EE0EB1n_
000000010004c348 T __RINvNtCsgtPOCBgevO_4core3ptr9drop_glueNCINvMsj_NtCslJsSqIQKwiA_5alloc3vecINtBJ_3VecNtNtCs9Vr3m8bx7MY_27piping_numerical_robustness5cases3RowE14extend_trustedINtNtNtNtB4_4iter8adapters3map3MapINtNtNtB4_5slice4iter4IterNtNtCscNegbyJkm8k_10serde_json5value5ValueENCNvB1l_10parse_case0EE0EB1n_
000000010004c36c T __RINvNtCsgtPOCBgevO_4core3ptr9drop_glueNCINvMsj_NtCslJsSqIQKwiA_5alloc3vecINtBJ_3VecNtNtCs9Vr3m8bx7MY_27piping_numerical_robustness5cases6MemberE14extend_trustedINtNtNtNtB4_4iter8adapters3map3MapINtNtNtB4_5slice4iter4IterNtNtCscNegbyJkm8k_10serde_json5value5ValueENCNvB1l_11parse_models_0EE0EB1n_
000000010004c390 T __RINvNtCsgtPOCBgevO_4core3ptr9drop_glueNCINvMsj_NtCslJsSqIQKwiA_5alloc3vecINtBJ_3VecNtNtCs9Vr3m8bx7MY_27piping_numerical_robustness5cases7ControlE14extend_trustedINtNtNtNtB4_4iter8adapters3map3MapINtNtNtB4_5slice4iter4IterNtNtCscNegbyJkm8k_10serde_json5value5ValueENCNvB1l_10parse_cases_0EE0EB1n_
000000010004c3b4 T __RINvNtCsgtPOCBgevO_4core3ptr9drop_glueNCINvMsj_NtCslJsSqIQKwiA_5alloc3vecINtBJ_3VecTmjEE14extend_trustedINtNtNtNtB4_4iter8adapters3map3MapINtNtNtB4_5slice4iter4IterNtNtCscNegbyJkm8k_10serde_json5value5ValueENCNvNtCs9Vr3m8bx7MY_27piping_numerical_robustness5cases11parse_models1_0EE0EB3p_
000000010004c3d8 T __RINvNtCsgtPOCBgevO_4core3ptr9drop_glueNCINvMsj_NtCslJsSqIQKwiA_5alloc3vecINtBJ_3VecTmjdNtNtBL_6string6StringEE14extend_trustedINtNtNtNtB4_4iter8adapters3map3MapINtNtNtB4_5slice4iter4IterNtNtCscNegbyJkm8k_10serde_json5value5ValueENCNvNtCs9Vr3m8bx7MY_27piping_numerical_robustness5cases11parse_models2_0EE0EB3L_
000000010004c3fc T __RINvNtCsgtPOCBgevO_4core3ptr9drop_glueNCINvMsj_NtCslJsSqIQKwiA_5alloc3vecINtBJ_3VecTmmdEE14extend_trustedINtNtNtNtB4_4iter8adapters3map3MapINtNtNtB4_5slice4iter4IterNtNtCscNegbyJkm8k_10serde_json5value5ValueENCNvNtCs9Vr3m8bx7MY_27piping_numerical_robustness5cases11parse_models3_0EE0EB3q_
000000010004c420 T __RINvNtCsgtPOCBgevO_4core3ptr9drop_glueNCINvMsj_NtCslJsSqIQKwiA_5alloc3vecINtBJ_3VecjE14extend_trustedINtNtNtNtB4_4iter8adapters3map3MapINtNtNtB4_3ops5range5RangejENCNvNtCs9Vr3m8bx7MY_27piping_numerical_robustness3rcm14free_adjacencys0_0EE0EB2H_
000000010004c444 T __RINvNtCsgtPOCBgevO_4core3ptr9drop_glueNCINvMsj_NtCslJsSqIQKwiA_5alloc3vecINtBJ_3VecjE14extend_trustedINtNtNtNtBL_11collections5btree3set8IntoIterjEE0ECs9Vr3m8bx7MY_27piping_numerical_robustness
000000010004c468 T __RINvNtCsgtPOCBgevO_4core3ptr9drop_glueNCINvNtNtNtB4_4iter8adapters3map8map_foldRNtNtCscNegbyJkm8k_10serde_json5value5ValueNtNtCs9Vr3m8bx7MY_27piping_numerical_robustness5cases10SpringSpecuNCNvB1Y_11parse_models0_0NCINvNvNtNtNtBJ_6traits8iterator8Iterator8for_each4callB1W_NCINvMsj_NtCslJsSqIQKwiA_5alloc3vecINtB4v_3VecB1W_E14extend_trustedINtBF_3MapINtNtNtB4_5slice4iter4IterB1g_EB30_EE0E0E0EB20_
000000010004c48c T __RINvNtCsgtPOCBgevO_4core3ptr9drop_glueNCINvNtNtNtB4_4iter8adapters3map8map_foldRNtNtCscNegbyJkm8k_10serde_json5value5ValueNtNtCs9Vr3m8bx7MY_27piping_numerical_robustness5cases3RowuNCNvB1Y_10parse_case0NCINvNvNtNtNtBJ_6traits8iterator8Iterator8for_each4callB1W_NCINvMsj_NtCslJsSqIQKwiA_5alloc3vecINtB4j_3VecB1W_E14extend_trustedINtBF_3MapINtNtNtB4_5slice4iter4IterB1g_EB2S_EE0E0E0EB20_
000000010004c4b0 T __RINvNtCsgtPOCBgevO_4core3ptr9drop_glueNCINvNtNtNtB4_4iter8adapters3map8map_foldRNtNtCscNegbyJkm8k_10serde_json5value5ValueNtNtCs9Vr3m8bx7MY_27piping_numerical_robustness5cases6MemberuNCNvB1Y_11parse_models_0NCINvNvNtNtNtBJ_6traits8iterator8Iterator8for_each4callB1W_NCINvMsj_NtCslJsSqIQKwiA_5alloc3vecINtB4p_3VecB1W_E14extend_trustedINtBF_3MapINtNtNtB4_5slice4iter4IterB1g_EB2V_EE0E0E0EB20_
000000010004c4d4 T __RINvNtCsgtPOCBgevO_4core3ptr9drop_glueNCINvNtNtNtB4_4iter8adapters3map8map_foldRNtNtCscNegbyJkm8k_10serde_json5value5ValueNtNtCs9Vr3m8bx7MY_27piping_numerical_robustness5cases7ControluNCNvB1Y_10parse_cases_0NCINvNvNtNtNtBJ_6traits8iterator8Iterator8for_each4callB1W_NCINvMsj_NtCslJsSqIQKwiA_5alloc3vecINtB4p_3VecB1W_E14extend_trustedINtBF_3MapINtNtNtB4_5slice4iter4IterB1g_EB2W_EE0E0E0EB20_
000000010004c4f8 T __RINvNtCsgtPOCBgevO_4core3ptr9drop_glueNCINvNtNtNtB4_4iter8adapters3map8map_foldRNtNtCscNegbyJkm8k_10serde_json5value5ValueNtNtCslJsSqIQKwiA_5alloc6string6StringuNvNtCs9Vr3m8bx7MY_27piping_numerical_robustness5cases4textNCINvNvNtNtNtBJ_6traits8iterator8Iterator8for_each4callB1W_NCINvMsj_NtB20_3vecINtB4B_3VecB1W_E14extend_trustedINtBF_3MapINtNtNtB4_5slice4iter4IterB1g_EB2z_EE0E0E0EB2D_
000000010004c51c T __RINvNtCsgtPOCBgevO_4core3ptr9drop_glueNCINvNtNtNtB4_4iter8adapters3map8map_foldRNtNtCscNegbyJkm8k_10serde_json5value5ValueTmjEuNCNvNtCs9Vr3m8bx7MY_27piping_numerical_robustness5cases11parse_models1_0NCINvNvNtNtNtBJ_6traits8iterator8Iterator8for_each4callB1W_NCINvMsj_NtCslJsSqIQKwiA_5alloc3vecINtB4h_3VecB1W_E14extend_trustedINtBF_3MapINtNtNtB4_5slice4iter4IterB1g_EB21_EE0E0E0EB27_
000000010004c540 T __RINvNtCsgtPOCBgevO_4core3ptr9drop_glueNCINvNtNtNtB4_4iter8adapters3map8map_foldRNtNtCscNegbyJkm8k_10serde_json5value5ValueTmjdNtNtCslJsSqIQKwiA_5alloc6string6StringEuNCNvNtCs9Vr3m8bx7MY_27piping_numerical_robustness5cases11parse_models2_0NCINvNvNtNtNtBJ_6traits8iterator8Iterator8for_each4callB1W_NCINvMsj_NtB24_3vecINtB4U_3VecB1W_E14extend_trustedINtBF_3MapINtNtNtB4_5slice4iter4IterB1g_EB2E_EE0E0E0EB2K_
000000010004c564 T __RINvNtCsgtPOCBgevO_4core3ptr9drop_glueNCINvNtNtNtB4_4iter8adapters3map8map_foldRNtNtCscNegbyJkm8k_10serde_json5value5ValueTmmdEuNCNvNtCs9Vr3m8bx7MY_27piping_numerical_robustness5cases11parse_models3_0NCINvNvNtNtNtBJ_6traits8iterator8Iterator8for_each4callB1W_NCINvMsj_NtCslJsSqIQKwiA_5alloc3vecINtB4i_3VecB1W_E14extend_trustedINtBF_3MapINtNtNtB4_5slice4iter4IterB1g_EB22_EE0E0E0EB28_
000000010004c588 T __RINvNtCsgtPOCBgevO_4core3ptr9drop_glueNCINvNtNtNtB4_4iter8adapters3map8map_foldjjuNCNvNtCs9Vr3m8bx7MY_27piping_numerical_robustness3rcm14free_adjacencys0_0NCINvNvNtNtNtBJ_6traits8iterator8Iterator8for_each4calljNCINvMsj_NtCslJsSqIQKwiA_5alloc3vecINtB3w_3VecjE14extend_trustedINtBF_3MapINtNtNtB4_3ops5range5RangejEB1i_EE0E0E0EB1o_
000000010004c5ac T __RINvNtCsgtPOCBgevO_4core3ptr9drop_glueNCINvNvNtNtNtNtB4_4iter6traits8iterator8Iterator8for_each4callNtNtCs9Vr3m8bx7MY_27piping_numerical_robustness5cases10SpringSpecNCINvMsj_NtCslJsSqIQKwiA_5alloc3vecINtB2M_3VecB1A_E14extend_trustedINtNtNtBN_8adapters3map3MapINtNtNtB4_5slice4iter4IterNtNtCscNegbyJkm8k_10serde_json5value5ValueENCNvB1C_11parse_models0_0EE0E0EB1E_
000000010004c5d0 T __RINvNtCsgtPOCBgevO_4core3ptr9drop_glueNCINvNvNtNtNtNtB4_4iter6traits8iterator8Iterator8for_each4callNtNtCs9Vr3m8bx7MY_27piping_numerical_robustness5cases3RowNCINvMsj_NtCslJsSqIQKwiA_5alloc3vecINtB2E_3VecB1A_E14extend_trustedINtNtNtBN_8adapters3map3MapINtNtNtB4_5slice4iter4IterNtNtCscNegbyJkm8k_10serde_json5value5ValueENCNvB1C_10parse_case0EE0E0EB1E_
000000010004c5f4 T __RINvNtCsgtPOCBgevO_4core3ptr9drop_glueNCINvNvNtNtNtNtB4_4iter6traits8iterator8Iterator8for_each4callNtNtCs9Vr3m8bx7MY_27piping_numerical_robustness5cases6MemberNCINvMsj_NtCslJsSqIQKwiA_5alloc3vecINtB2H_3VecB1A_E14extend_trustedINtNtNtBN_8adapters3map3MapINtNtNtB4_5slice4iter4IterNtNtCscNegbyJkm8k_10serde_json5value5ValueENCNvB1C_11parse_models_0EE0E0EB1E_
000000010004c618 T __RINvNtCsgtPOCBgevO_4core3ptr9drop_glueNCINvNvNtNtNtNtB4_4iter6traits8iterator8Iterator8for_each4callNtNtCs9Vr3m8bx7MY_27piping_numerical_robustness5cases7ControlNCINvMsj_NtCslJsSqIQKwiA_5alloc3vecINtB2I_3VecB1A_E14extend_trustedINtNtNtBN_8adapters3map3MapINtNtNtB4_5slice4iter4IterNtNtCscNegbyJkm8k_10serde_json5value5ValueENCNvB1C_10parse_cases_0EE0E0EB1E_
000000010004c63c T __RINvNtCsgtPOCBgevO_4core3ptr9drop_glueNCINvNvNtNtNtNtB4_4iter6traits8iterator8Iterator8for_each4callNtNtCslJsSqIQKwiA_5alloc6string6StringNCINvMsj_NtB1E_3vecINtB2l_3VecB1A_E14extend_trustedINtNtNtBN_8adapters3map3MapINtNtNtB4_5slice4iter4IterNtNtCscNegbyJkm8k_10serde_json5value5ValueENvNtCs9Vr3m8bx7MY_27piping_numerical_robustness5cases4textEE0E0EB4D_
000000010004c660 T __RINvNtCsgtPOCBgevO_4core3ptr9drop_glueNCINvNvNtNtNtNtB4_4iter6traits8iterator8Iterator8for_each4callTmjENCINvMsj_NtCslJsSqIQKwiA_5alloc3vecINtB1N_3VecB1A_E14extend_trustedINtNtNtBN_8adapters3map3MapINtNtNtB4_5slice4iter4IterNtNtCscNegbyJkm8k_10serde_json5value5ValueENCNvNtCs9Vr3m8bx7MY_27piping_numerical_robustness5cases11parse_models1_0EE0E0EB4n_
000000010004c684 T __RINvNtCsgtPOCBgevO_4core3ptr9drop_glueNCINvNvNtNtNtNtB4_4iter6traits8iterator8Iterator8for_each4callTmjdNtNtCslJsSqIQKwiA_5alloc6string6StringENCINvMsj_NtB1I_3vecINtB2q_3VecB1A_E14extend_trustedINtNtNtBN_8adapters3map3MapINtNtNtB4_5slice4iter4IterNtNtCscNegbyJkm8k_10serde_json5value5ValueENCNvNtCs9Vr3m8bx7MY_27piping_numerical_robustness5cases11parse_models2_0EE0E0EB4K_
000000010004c6a8 T __RINvNtCsgtPOCBgevO_4core3ptr9drop_glueNCINvNvNtNtNtNtB4_4iter6traits8iterator8Iterator8for_each4callTmmdENCINvMsj_NtCslJsSqIQKwiA_5alloc3vecINtB1O_3VecB1A_E14extend_trustedINtNtNtBN_8adapters3map3MapINtNtNtB4_5slice4iter4IterNtNtCscNegbyJkm8k_10serde_json5value5ValueENCNvNtCs9Vr3m8bx7MY_27piping_numerical_robustness5cases11parse_models3_0EE0E0EB4o_
000000010004c6cc T __RINvNtCsgtPOCBgevO_4core3ptr9drop_glueNCINvNvNtNtNtNtB4_4iter6traits8iterator8Iterator8for_each4calljNCINvMsj_NtCslJsSqIQKwiA_5alloc3vecINtB1K_3VecjE14extend_trustedINtNtNtBN_8adapters3map3MapINtNtNtB4_3ops5range5RangejENCNvNtCs9Vr3m8bx7MY_27piping_numerical_robustness3rcm14free_adjacencys0_0EE0E0EB3C_
000000010004c6f0 T __RINvNtCsgtPOCBgevO_4core3ptr9drop_glueNCINvNvNtNtNtNtB4_4iter6traits8iterator8Iterator8for_each4calljNCINvMsj_NtCslJsSqIQKwiA_5alloc3vecINtB1K_3VecjE14extend_trustedINtNtNtNtB1M_11collections5btree3set8IntoIterjEE0E0ECs9Vr3m8bx7MY_27piping_numerical_robustness
000000010004c714 T __RINvNtCsgtPOCBgevO_4core3ptr9drop_glueNtNtCs9Vr3m8bx7MY_27piping_numerical_robustness5cases10SpringSpecEBE_
000000010004c738 T __RINvNtCsgtPOCBgevO_4core3ptr9drop_glueNtNtCs9Vr3m8bx7MY_27piping_numerical_robustness5cases11ControlKindEBE_
000000010004c788 T __RINvNtCsgtPOCBgevO_4core3ptr9drop_glueNtNtCs9Vr3m8bx7MY_27piping_numerical_robustness5cases3RowEBE_
000000010004c848 T __RINvNtCsgtPOCBgevO_4core3ptr9drop_glueNtNtCs9Vr3m8bx7MY_27piping_numerical_robustness5cases4CaseEBE_
000000010004ca84 T __RINvNtCsgtPOCBgevO_4core3ptr9drop_glueNtNtCs9Vr3m8bx7MY_27piping_numerical_robustness5cases5ModelEBE_
000000010004cc04 T __RINvNtCsgtPOCBgevO_4core3ptr9drop_glueNtNtCs9Vr3m8bx7MY_27piping_numerical_robustness5cases6MemberEBE_
000000010004cc28 T __RINvNtCsgtPOCBgevO_4core3ptr9drop_glueNtNtCs9Vr3m8bx7MY_27piping_numerical_robustness5cases7ControlEBE_
000000010004cc84 T __RINvNtCsgtPOCBgevO_4core3ptr9drop_glueNtNtCsa9BKTri5B3M_3std4path7PathBufECs9Vr3m8bx7MY_27piping_numerical_robustness
000000010004cca8 T __RINvNtCsgtPOCBgevO_4core3ptr9drop_glueNtNtNtCsa9BKTri5B3M_3std3ffi6os_str8OsStringECs9Vr3m8bx7MY_27piping_numerical_robustness
000000010004cccc T __RINvNtCsgtPOCBgevO_4core3ptr9drop_glueNtNtNtNtCsa9BKTri5B3M_3std3sys6os_str5bytes3BufECs9Vr3m8bx7MY_27piping_numerical_robustness
000000010004ccf0 T __RINvNtCsgtPOCBgevO_4core3ptr9drop_glueSINtNtNtNtCslJsSqIQKwiA_5alloc11collections5btree3set8BTreeSetjEECs9Vr3m8bx7MY_27piping_numerical_robustness
000000010004cdb4 T __RINvNtCsgtPOCBgevO_4core3ptr9drop_glueSNtNtCs9Vr3m8bx7MY_27piping_numerical_robustness5cases10SpringSpecEBF_
000000010004ce78 T __RINvNtCsgtPOCBgevO_4core3ptr9drop_glueSNtNtCs9Vr3m8bx7MY_27piping_numerical_robustness5cases3RowEBF_
000000010004cf3c T __RINvNtCsgtPOCBgevO_4core3ptr9drop_glueSNtNtCs9Vr3m8bx7MY_27piping_numerical_robustness5cases4CaseEBF_
000000010004d000 T __RINvNtCsgtPOCBgevO_4core3ptr9drop_glueSNtNtCs9Vr3m8bx7MY_27piping_numerical_robustness5cases6MemberEBF_
000000010004d0c4 T __RINvNtCsgtPOCBgevO_4core3ptr9drop_glueSNtNtCs9Vr3m8bx7MY_27piping_numerical_robustness5cases7ControlEBF_
000000010004d178 T __RINvNtCsgtPOCBgevO_4core3ptr9drop_glueSTNtNtCslJsSqIQKwiA_5alloc6string6StringBC_EECs9Vr3m8bx7MY_27piping_numerical_robustness
000000010004d23c T __RINvNtCsgtPOCBgevO_4core3ptr9drop_glueSTmjdNtNtCslJsSqIQKwiA_5alloc6string6StringEECs9Vr3m8bx7MY_27piping_numerical_robustness
000000010004d300 T __RINvNtCsgtPOCBgevO_4core3ptr9drop_glueTNtNtCslJsSqIQKwiA_5alloc6string6StringBB_EECs9Vr3m8bx7MY_27piping_numerical_robustness
000000010004d360 T __RINvNtCsgtPOCBgevO_4core3ptr9drop_glueTmjdNtNtCslJsSqIQKwiA_5alloc6string6StringEECs9Vr3m8bx7MY_27piping_numerical_robustness
000000010004d384 T __RINvNtCslJsSqIQKwiA_5alloc5slice11stable_sortTNtNtB4_6string6StringBI_ENCINvMB2_SBH_7sort_byNCINvXs1o_NtNtNtB4_11collections5btree3mapINtB1C_8BTreeMapBI_BI_EINtNtNtNtCsgtPOCBgevO_4core4iter6traits7collect12FromIteratorBH_E9from_iterINtNtNtB2C_8adapters3map3MapNtNtCscNegbyJkm8k_10serde_json3map4IterNCNCNCNvNtCs9Vr3m8bx7MY_27piping_numerical_robustness5cases10parse_cases0_000EE0E0EB4X_
000000010004d450 T __RNCINvMNtCslJsSqIQKwiA_5alloc5sliceSTNtNtB7_6string6StringBz_E7sort_byNCINvXs1o_NtNtNtB7_11collections5btree3mapINtB1g_8BTreeMapBz_Bz_EINtNtNtNtCsgtPOCBgevO_4core4iter6traits7collect12FromIteratorBy_E9from_iterINtNtNtB2g_8adapters3map3MapNtNtCscNegbyJkm8k_10serde_json3map4IterNCNCNCNvNtCs9Vr3m8bx7MY_27piping_numerical_robustness5cases10parse_cases0_000EE0E0B4B_
000000010004d4a0 T __RNCINvMsm_NtNtNtCslJsSqIQKwiA_5alloc11collections5btree8navigateINtNtBa_4node6HandleINtB13_7NodeRefNtNtB13_6marker5DyingNtNtBe_6string6StringB1U_NtB1B_4LeafENtB1B_4EdgeE27deallocating_next_uncheckedNtNtBe_5alloc6GlobalE0Cs9Vr3m8bx7MY_27piping_numerical_robustness
000000010004d4f8 T __RNCINvMsm_NtNtNtCslJsSqIQKwiA_5alloc11collections5btree8navigateINtNtBa_4node6HandleINtB13_7NodeRefNtNtB13_6marker5DyingjNtNtBa_7set_val9SetValZSTNtB1B_4LeafENtB1B_4EdgeE27deallocating_next_uncheckedNtNtBe_5alloc6GlobalE0Cs9Vr3m8bx7MY_27piping_numerical_robustness
000000010004d550 T __RNvMNtNtCslJsSqIQKwiA_5alloc3vec13in_place_dropINtB2_11InPlaceDropINtB4_3VecjEE3lenCs9Vr3m8bx7MY_27piping_numerical_robustness
000000010004d5d4 T __RNvMsb_NtNtNtCslJsSqIQKwiA_5alloc11collections5btree8navigateINtB5_13LazyLeafRangeNtNtNtB7_4node6marker5DyingNtNtBb_6string6StringB1J_E10take_frontCs9Vr3m8bx7MY_27piping_numerical_robustness
000000010004d7c4 T __RNvMsb_NtNtNtCslJsSqIQKwiA_5alloc11collections5btree8navigateINtB5_13LazyLeafRangeNtNtNtB7_4node6marker5DyingjNtNtB7_7set_val9SetValZSTE10take_frontCs9Vr3m8bx7MY_27piping_numerical_robustness
000000010004d9b4 T __RNvMsc_NtNtNtCslJsSqIQKwiA_5alloc11collections5btree8navigateINtB5_13LazyLeafRangeNtNtNtB7_4node6marker5DyingNtNtBb_6string6StringB1J_E10init_frontCs9Vr3m8bx7MY_27piping_numerical_robustness
000000010004dba8 T __RNvMsc_NtNtNtCslJsSqIQKwiA_5alloc11collections5btree8navigateINtB5_13LazyLeafRangeNtNtNtB7_4node6marker5DyingjNtNtB7_7set_val9SetValZSTE10init_frontCs9Vr3m8bx7MY_27piping_numerical_robustness
000000010004dd9c t __RNvNvXs0_NtNtCsgtPOCBgevO_4core5slice5indexjINtB7_10SliceIndexSpE13get_unchecked18precondition_checkCs9Vr3m8bx7MY_27piping_numerical_robustness
000000010004ddfc t __RNvNvXs0_NtNtCsgtPOCBgevO_4core5slice5indexjINtB7_10SliceIndexSpE17get_unchecked_mut18precondition_checkCs9Vr3m8bx7MY_27piping_numerical_robustness
000000010004de5c t __RNvNvXs2_NtNtCsgtPOCBgevO_4core5slice5indexINtNtNtBb_3ops5range5RangejEINtB7_10SliceIndexSpE13get_unchecked18precondition_checkCs9Vr3m8bx7MY_27piping_numerical_robustness
000000010004dedc t __RNvNvXs2_NtNtCsgtPOCBgevO_4core5slice5indexINtNtNtBb_3ops5range5RangejEINtB7_10SliceIndexSpE17get_unchecked_mut18precondition_checkCs9Vr3m8bx7MY_27piping_numerical_robustness
000000010004df5c T __RNvXs0_NtNtCsgtPOCBgevO_4core5slice5indexjINtB5_10SliceIndexSINtNtNtNtCslJsSqIQKwiA_5alloc11collections5btree3set8BTreeSetjEE9index_mutCs9Vr3m8bx7MY_27piping_numerical_robustness
000000010004dfc0 T __RNvXs0_NtNtCsgtPOCBgevO_4core5slice5indexjINtB5_10SliceIndexSNtNtCscNegbyJkm8k_10serde_json5value5ValueE5indexCs9Vr3m8bx7MY_27piping_numerical_robustness
000000010004e01c T __RNvXs0_NtNtCslJsSqIQKwiA_5alloc3vec13in_place_dropINtB5_24InPlaceDstDataSrcBufDropINtNtNtNtB9_11collections5btree3set8BTreeSetjEINtB7_3VecjEENtNtNtCsgtPOCBgevO_4core3ops4drop4Drop4dropCs9Vr3m8bx7MY_27piping_numerical_robustness
000000010004e0d8 T __RNvXs3_NtNtCscNegbyJkm8k_10serde_json5value5indexNtB7_5ValueINtNtNtCsgtPOCBgevO_4core3ops5index5IndexReE5indexCs9Vr3m8bx7MY_27piping_numerical_robustness
000000010004e150 T __RNvXs3_NtNtCscNegbyJkm8k_10serde_json5value5indexNtB7_5ValueINtNtNtCsgtPOCBgevO_4core3ops5index5IndexjE5indexCs9Vr3m8bx7MY_27piping_numerical_robustness
000000010004e1c4 T __RNvXs9_NtNtNtCsgtPOCBgevO_4core4iter8adapters4fuseINtB5_4FuseINtNtB7_3map3MapINtNtNtBb_5slice4iter4IterTReB1E_EENCNvNtCs9Vr3m8bx7MY_27piping_numerical_robustness5cases8load_all0EEINtB5_8FuseImplBX_E4nextB1S_
000000010004e244 T __RNvXs9_NtNtNtCsgtPOCBgevO_4core4iter8adapters4fuseINtB5_4FuseINtNtB7_3map3MapINtNtNtBb_5slice4iter4ItermENCNvNtCs9Vr3m8bx7MY_27piping_numerical_robustness3rcm14free_adjacencys_0EEINtB5_8FuseImplBX_E4nextB1L_
000000010004e2c0 t __RNvXsI_NtNtCsgtPOCBgevO_4core4iter5rangelNtB5_4Step13steps_betweenCs9Vr3m8bx7MY_27piping_numerical_robustness
000000010004e354 T __RNvXs_NtNtCslJsSqIQKwiA_5alloc3vec13in_place_dropINtB4_11InPlaceDropINtB6_3VecjEENtNtNtCsgtPOCBgevO_4core3ops4drop4Drop4dropCs9Vr3m8bx7MY_27piping_numerical_robustness
000000010004e39c t __RNvYNCNvNtCs9Vr3m8bx7MY_27piping_numerical_robustness5cases10parse_cases0_0INtNtNtCsgtPOCBgevO_4core3ops8function6FnOnceTRNtNtCscNegbyJkm8k_10serde_json5value5ValueEE9call_onceB8_
000000010004e3e0 t __RNvYNvNtCs9Vr3m8bx7MY_27piping_numerical_robustness5cases10parse_caseINtNtNtCsgtPOCBgevO_4core3ops8function5FnMutTReEE8call_mutB6_
000000010004e410 t __RNvYNvNtCs9Vr3m8bx7MY_27piping_numerical_robustness5cases4textINtNtNtCsgtPOCBgevO_4core3ops8function5FnMutTRNtNtCscNegbyJkm8k_10serde_json5value5ValueEE8call_mutB6_
000000010004e438 t __RNvYNvYINtNtNtCslJsSqIQKwiA_5alloc3vec9into_iter8IntoIterNtNtCs9Vr3m8bx7MY_27piping_numerical_robustness5cases4CaseENtNtNtNtCsgtPOCBgevO_4core4iter6traits8iterator8Iterator4nextINtNtNtB1Y_3ops8function6FnOnceTQB5_EE9call_onceBX_
000000010004e45c t __RNvYNvYINtNtNtCslJsSqIQKwiA_5alloc3vec9into_iter8IntoIterNtNtCs9Vr3m8bx7MY_27piping_numerical_robustness5cases4CaseENtNtNtNtCsgtPOCBgevO_4core4iter6traits8iterator8Iterator9size_hintINtNtNtB1Y_3ops8function6FnOnceTRB5_EE9call_onceBX_
000000010004e480 t __RNvYNvYINtNtNtNtCsgtPOCBgevO_4core4iter8adapters3map3MapINtNtNtBe_3ops5range5RangejENCNCNvNtCs9Vr3m8bx7MY_27piping_numerical_robustness3rcm14free_adjacencys_00ENtNtNtBc_6traits8iterator8Iterator4nextINtNtBX_8function6FnOnceTQB5_EE9call_onceB1s_
000000010004e4a4 t __RNvYNvYINtNtNtNtCsgtPOCBgevO_4core4iter8adapters3map3MapINtNtNtBe_3ops5range5RangejENCNCNvNtCs9Vr3m8bx7MY_27piping_numerical_robustness3rcm14free_adjacencys_00ENtNtNtBc_6traits8iterator8Iterator9size_hintINtNtBX_8function6FnOnceTRB5_EE9call_onceB1s_
000000010004e4c8 t __RNvYNvYeNtNtCslJsSqIQKwiA_5alloc6string8ToString9to_stringINtNtNtCsgtPOCBgevO_4core3ops8function6FnOnceTReEE9call_onceCs9Vr3m8bx7MY_27piping_numerical_robustness
000000010004e4f4 T __RINvNtCsa9BKTri5B3M_3std2fs14read_to_stringRNtNtB4_4path4PathECs9Vr3m8bx7MY_27piping_numerical_robustness
000000010004e55c T __RNCNvMs4_NtNtNtNtCslJsSqIQKwiA_5alloc11collections5btree3map5entryINtB7_11VacantEntryjNtNtBb_7set_val9SetValZSTE12insert_entry0Cs9Vr3m8bx7MY_27piping_numerical_robustness
000000010004e68c t __RNvMNtCslJsSqIQKwiA_5alloc5allocNtB2_6Global18alloc_impl_runtimeCs9Vr3m8bx7MY_27piping_numerical_robustness
000000010004e814 t __RNvMNtCslJsSqIQKwiA_5alloc5allocNtB2_6Global19shrink_impl_runtimeCs9Vr3m8bx7MY_27piping_numerical_robustness
000000010004eb08 T __RNvMs4_NtNtNtNtCslJsSqIQKwiA_5alloc11collections5btree3map5entryINtB5_11VacantEntryjNtNtB9_7set_val9SetValZSTE12insert_entryCs9Vr3m8bx7MY_27piping_numerical_robustness
000000010004ed4c T __RNvMs5_NtNtNtNtCslJsSqIQKwiA_5alloc11collections5btree3map5entryINtB5_13OccupiedEntryjNtNtB9_7set_val9SetValZSTE6insertCs9Vr3m8bx7MY_27piping_numerical_robustness
000000010004ed98 T __RNvMs5_NtNtNtNtCslJsSqIQKwiA_5alloc11collections5btree3map5entryINtB5_13OccupiedEntryjNtNtB9_7set_val9SetValZSTE8into_mutCs9Vr3m8bx7MY_27piping_numerical_robustness
000000010004edf0 t __RNvXs2_NtCslJsSqIQKwiA_5alloc5allocNtB5_6GlobalNtNtCsgtPOCBgevO_4core5clone5Clone5cloneCs9Vr3m8bx7MY_27piping_numerical_robustness
000000010004ee00 t __RNvXs7_NtNtNtCslJsSqIQKwiA_5alloc11collections5btree7set_valNtB5_9SetValZSTNtNtCsgtPOCBgevO_4core5clone5Clone5cloneCs9Vr3m8bx7MY_27piping_numerical_robustness
000000010004ee10 t __RNvXs_NtCslJsSqIQKwiA_5alloc5allocNtB4_6GlobalNtNtCsgtPOCBgevO_4core5alloc9Allocator10deallocateCs9Vr3m8bx7MY_27piping_numerical_robustness
000000010004ee60 t __RNvXs_NtCslJsSqIQKwiA_5alloc5allocNtB4_6GlobalNtNtCsgtPOCBgevO_4core5alloc9Allocator8allocateCs9Vr3m8bx7MY_27piping_numerical_robustness
000000010004eea0 T __RINvXs0_NtNtNtCsgtPOCBgevO_4core4iter8adapters3mapINtB6_3MapINtNtNtBc_3ops5range5RangejENCNvNtCs9Vr3m8bx7MY_27piping_numerical_robustness3rcm14free_adjacencys0_0ENtNtNtBa_6traits8iterator8Iterator4folduNCINvNvB2A_8for_each4calljNCINvMsj_NtCslJsSqIQKwiA_5alloc3vecINtB3N_3VecjE14extend_trustedBM_E0E0EB1u_
000000010004eef8 T __RINvXs0_NtNtNtCsgtPOCBgevO_4core4iter8adapters3mapINtB6_3MapINtNtNtBc_5slice4iter4IterNtNtCscNegbyJkm8k_10serde_json5value5ValueENCNvNtCs9Vr3m8bx7MY_27piping_numerical_robustness5cases10parse_case0ENtNtNtBa_6traits8iterator8Iterator4folduNCINvNvB3a_8for_each4callNtB27_3RowNCINvMsj_NtCslJsSqIQKwiA_5alloc3vecINtB4w_3VecB4d_E14extend_trustedBM_E0E0EB29_
000000010004ef3c T __RINvXs0_NtNtNtCsgtPOCBgevO_4core4iter8adapters3mapINtB6_3MapINtNtNtBc_5slice4iter4IterNtNtCscNegbyJkm8k_10serde_json5value5ValueENCNvNtCs9Vr3m8bx7MY_27piping_numerical_robustness5cases10parse_cases_0ENtNtNtBa_6traits8iterator8Iterator4folduNCINvNvB3c_8for_each4callNtB27_7ControlNCINvMsj_NtCslJsSqIQKwiA_5alloc3vecINtB4C_3VecB4f_E14extend_trustedBM_E0E0EB29_
000000010004ef80 T __RINvXs0_NtNtNtCsgtPOCBgevO_4core4iter8adapters3mapINtB6_3MapINtNtNtBc_5slice4iter4IterNtNtCscNegbyJkm8k_10serde_json5value5ValueENCNvNtCs9Vr3m8bx7MY_27piping_numerical_robustness5cases11parse_models0_0ENtNtNtBa_6traits8iterator8Iterator4folduNCINvNvB3e_8for_each4callNtB27_10SpringSpecNCINvMsj_NtCslJsSqIQKwiA_5alloc3vecINtB4I_3VecB4h_E14extend_trustedBM_E0E0EB29_
000000010004efc4 T __RINvXs0_NtNtNtCsgtPOCBgevO_4core4iter8adapters3mapINtB6_3MapINtNtNtBc_5slice4iter4IterNtNtCscNegbyJkm8k_10serde_json5value5ValueENCNvNtCs9Vr3m8bx7MY_27piping_numerical_robustness5cases11parse_models1_0ENtNtNtBa_6traits8iterator8Iterator4folduNCINvNvB3e_8for_each4callTmjENCINvMsj_NtCslJsSqIQKwiA_5alloc3vecINtB4u_3VecB4h_E14extend_trustedBM_E0E0EB29_
000000010004f008 T __RINvXs0_NtNtNtCsgtPOCBgevO_4core4iter8adapters3mapINtB6_3MapINtNtNtBc_5slice4iter4IterNtNtCscNegbyJkm8k_10serde_json5value5ValueENCNvNtCs9Vr3m8bx7MY_27piping_numerical_robustness5cases11parse_models2_0ENtNtNtBa_6traits8iterator8Iterator4folduNCINvNvB3e_8for_each4callTmjdNtNtCslJsSqIQKwiA_5alloc6string6StringENCINvMsj_NtB4p_3vecINtB57_3VecB4h_E14extend_trustedBM_E0E0EB29_
000000010004f04c T __RINvXs0_NtNtNtCsgtPOCBgevO_4core4iter8adapters3mapINtB6_3MapINtNtNtBc_5slice4iter4IterNtNtCscNegbyJkm8k_10serde_json5value5ValueENCNvNtCs9Vr3m8bx7MY_27piping_numerical_robustness5cases11parse_models3_0ENtNtNtBa_6traits8iterator8Iterator4folduNCINvNvB3e_8for_each4callTmmdENCINvMsj_NtCslJsSqIQKwiA_5alloc3vecINtB4v_3VecB4h_E14extend_trustedBM_E0E0EB29_
000000010004f090 T __RINvXs0_NtNtNtCsgtPOCBgevO_4core4iter8adapters3mapINtB6_3MapINtNtNtBc_5slice4iter4IterNtNtCscNegbyJkm8k_10serde_json5value5ValueENCNvNtCs9Vr3m8bx7MY_27piping_numerical_robustness5cases11parse_models_0ENtNtNtBa_6traits8iterator8Iterator4folduNCINvNvB3d_8for_each4callNtB27_6MemberNCINvMsj_NtCslJsSqIQKwiA_5alloc3vecINtB4C_3VecB4g_E14extend_trustedBM_E0E0EB29_
000000010004f0d4 T __RINvXs0_NtNtNtCsgtPOCBgevO_4core4iter8adapters3mapINtB6_3MapINtNtNtBc_5slice4iter4IterNtNtCscNegbyJkm8k_10serde_json5value5ValueENvNtCs9Vr3m8bx7MY_27piping_numerical_robustness5cases4textENtNtNtBa_6traits8iterator8Iterator4folduNCINvNvB30_8for_each4callNtNtCslJsSqIQKwiA_5alloc6string6StringNCINvMsj_NtB47_3vecINtB4O_3VecB43_E14extend_trustedBM_E0E0EB27_
000000010004f118 T __RINvXs0_NtNtNtCsgtPOCBgevO_4core4iter8adapters3mapINtB6_3MapINtNtNtCslJsSqIQKwiA_5alloc3vec9into_iter8IntoIterINtNtNtNtB13_11collections5btree3set8BTreeSetjEENCNvNtCs9Vr3m8bx7MY_27piping_numerical_robustness3rcm14free_adjacencys1_0ENtNtNtBa_6traits8iterator8Iterator8try_foldINtNtB11_13in_place_drop11InPlaceDropINtB11_3VecjEENCINvNtB11_16in_place_collect24write_in_place_with_dropB50_E0INtNtBc_6result6ResultB4p_zEEB2C_
000000010004f164 T __RINvYINtNtNtNtCsgtPOCBgevO_4core4iter8adapters3map3MapINtNtB8_6filter6FilterNtNtNtBc_3str4iter5LinesNCNvNtCs9Vr3m8bx7MY_27piping_numerical_robustness5cases9load_files_0ENvB1E_10parse_caseENtNtNtBa_6traits8iterator8Iterator7collectINtNtCslJsSqIQKwiA_5alloc3vec3VecNtB1E_4CaseEEB1G_
000000010004f178 T __RINvYINtNtNtNtCsgtPOCBgevO_4core4iter8adapters3map3MapINtNtNtBc_3ops5range5RangejENCNvNtCs9Vr3m8bx7MY_27piping_numerical_robustness3rcm14free_adjacencys0_0ENtNtNtBa_6traits8iterator8Iterator7collectINtNtCslJsSqIQKwiA_5alloc3vec3VecjEEB1o_
000000010004f18c T __RINvYINtNtNtNtCsgtPOCBgevO_4core4iter8adapters3map3MapINtNtNtBc_3ops5range5RangejENCNvNtCs9Vr3m8bx7MY_27piping_numerical_robustness3rcm14free_adjacencys0_0ENtNtNtBa_6traits8iterator8Iterator8for_eachNCINvMsj_NtCslJsSqIQKwiA_5alloc3vecINtB3k_3VecjE14extend_trustedB3_E0EB1o_
000000010004f1c0 T __RINvYINtNtNtNtCsgtPOCBgevO_4core4iter8adapters3map3MapINtNtNtBc_5slice4iter4IterNtNtCscNegbyJkm8k_10serde_json5value5ValueENCNvNtCs9Vr3m8bx7MY_27piping_numerical_robustness5cases10parse_case0ENtNtNtBa_6traits8iterator8Iterator7collectINtNtCslJsSqIQKwiA_5alloc3vec3VecNtB21_3RowEEB23_
000000010004f1ec T __RINvYINtNtNtNtCsgtPOCBgevO_4core4iter8adapters3map3MapINtNtNtBc_5slice4iter4IterNtNtCscNegbyJkm8k_10serde_json5value5ValueENCNvNtCs9Vr3m8bx7MY_27piping_numerical_robustness5cases10parse_case0ENtNtNtBa_6traits8iterator8Iterator8for_eachNCINvMsj_NtCslJsSqIQKwiA_5alloc3vecINtB3U_3VecNtB21_3RowE14extend_trustedB3_E0EB23_
000000010004f230 T __RINvYINtNtNtNtCsgtPOCBgevO_4core4iter8adapters3map3MapINtNtNtBc_5slice4iter4IterNtNtCscNegbyJkm8k_10serde_json5value5ValueENCNvNtCs9Vr3m8bx7MY_27piping_numerical_robustness5cases10parse_cases_0ENtNtNtBa_6traits8iterator8Iterator7collectINtNtCslJsSqIQKwiA_5alloc3vec3VecNtB21_7ControlEEB23_
000000010004f25c T __RINvYINtNtNtNtCsgtPOCBgevO_4core4iter8adapters3map3MapINtNtNtBc_5slice4iter4IterNtNtCscNegbyJkm8k_10serde_json5value5ValueENCNvNtCs9Vr3m8bx7MY_27piping_numerical_robustness5cases10parse_cases_0ENtNtNtBa_6traits8iterator8Iterator8for_eachNCINvMsj_NtCslJsSqIQKwiA_5alloc3vecINtB3W_3VecNtB21_7ControlE14extend_trustedB3_E0EB23_
000000010004f2a0 T __RINvYINtNtNtNtCsgtPOCBgevO_4core4iter8adapters3map3MapINtNtNtBc_5slice4iter4IterNtNtCscNegbyJkm8k_10serde_json5value5ValueENCNvNtCs9Vr3m8bx7MY_27piping_numerical_robustness5cases11parse_models0_0ENtNtNtBa_6traits8iterator8Iterator7collectINtNtCslJsSqIQKwiA_5alloc3vec3VecNtB21_10SpringSpecEEB23_
000000010004f2cc T __RINvYINtNtNtNtCsgtPOCBgevO_4core4iter8adapters3map3MapINtNtNtBc_5slice4iter4IterNtNtCscNegbyJkm8k_10serde_json5value5ValueENCNvNtCs9Vr3m8bx7MY_27piping_numerical_robustness5cases11parse_models0_0ENtNtNtBa_6traits8iterator8Iterator8for_eachNCINvMsj_NtCslJsSqIQKwiA_5alloc3vecINtB3Y_3VecNtB21_10SpringSpecE14extend_trustedB3_E0EB23_
000000010004f310 T __RINvYINtNtNtNtCsgtPOCBgevO_4core4iter8adapters3map3MapINtNtNtBc_5slice4iter4IterNtNtCscNegbyJkm8k_10serde_json5value5ValueENCNvNtCs9Vr3m8bx7MY_27piping_numerical_robustness5cases11parse_models1_0ENtNtNtBa_6traits8iterator8Iterator7collectINtNtCslJsSqIQKwiA_5alloc3vec3VecTmjEEEB23_
000000010004f33c T __RINvYINtNtNtNtCsgtPOCBgevO_4core4iter8adapters3map3MapINtNtNtBc_5slice4iter4IterNtNtCscNegbyJkm8k_10serde_json5value5ValueENCNvNtCs9Vr3m8bx7MY_27piping_numerical_robustness5cases11parse_models1_0ENtNtNtBa_6traits8iterator8Iterator8for_eachNCINvMsj_NtCslJsSqIQKwiA_5alloc3vecINtB3Y_3VecTmjEE14extend_trustedB3_E0EB23_
000000010004f380 T __RINvYINtNtNtNtCsgtPOCBgevO_4core4iter8adapters3map3MapINtNtNtBc_5slice4iter4IterNtNtCscNegbyJkm8k_10serde_json5value5ValueENCNvNtCs9Vr3m8bx7MY_27piping_numerical_robustness5cases11parse_models2_0ENtNtNtBa_6traits8iterator8Iterator7collectINtNtCslJsSqIQKwiA_5alloc3vec3VecTmjdNtNtB3T_6string6StringEEEB23_
000000010004f3ac T __RINvYINtNtNtNtCsgtPOCBgevO_4core4iter8adapters3map3MapINtNtNtBc_5slice4iter4IterNtNtCscNegbyJkm8k_10serde_json5value5ValueENCNvNtCs9Vr3m8bx7MY_27piping_numerical_robustness5cases11parse_models2_0ENtNtNtBa_6traits8iterator8Iterator8for_eachNCINvMsj_NtCslJsSqIQKwiA_5alloc3vecINtB3Y_3VecTmjdNtNtB40_6string6StringEE14extend_trustedB3_E0EB23_
000000010004f3f0 T __RINvYINtNtNtNtCsgtPOCBgevO_4core4iter8adapters3map3MapINtNtNtBc_5slice4iter4IterNtNtCscNegbyJkm8k_10serde_json5value5ValueENCNvNtCs9Vr3m8bx7MY_27piping_numerical_robustness5cases11parse_models3_0ENtNtNtBa_6traits8iterator8Iterator7collectINtNtCslJsSqIQKwiA_5alloc3vec3VecTmmdEEEB23_
000000010004f41c T __RINvYINtNtNtNtCsgtPOCBgevO_4core4iter8adapters3map3MapINtNtNtBc_5slice4iter4IterNtNtCscNegbyJkm8k_10serde_json5value5ValueENCNvNtCs9Vr3m8bx7MY_27piping_numerical_robustness5cases11parse_models3_0ENtNtNtBa_6traits8iterator8Iterator8for_eachNCINvMsj_NtCslJsSqIQKwiA_5alloc3vecINtB3Y_3VecTmmdEE14extend_trustedB3_E0EB23_
000000010004f460 T __RINvYINtNtNtNtCsgtPOCBgevO_4core4iter8adapters3map3MapINtNtNtBc_5slice4iter4IterNtNtCscNegbyJkm8k_10serde_json5value5ValueENCNvNtCs9Vr3m8bx7MY_27piping_numerical_robustness5cases11parse_models_0ENtNtNtBa_6traits8iterator8Iterator7collectINtNtCslJsSqIQKwiA_5alloc3vec3VecNtB21_6MemberEEB23_
000000010004f48c T __RINvYINtNtNtNtCsgtPOCBgevO_4core4iter8adapters3map3MapINtNtNtBc_5slice4iter4IterNtNtCscNegbyJkm8k_10serde_json5value5ValueENCNvNtCs9Vr3m8bx7MY_27piping_numerical_robustness5cases11parse_models_0ENtNtNtBa_6traits8iterator8Iterator8for_eachNCINvMsj_NtCslJsSqIQKwiA_5alloc3vecINtB3X_3VecNtB21_6MemberE14extend_trustedB3_E0EB23_
000000010004f4d0 T __RINvYINtNtNtNtCsgtPOCBgevO_4core4iter8adapters3map3MapINtNtNtBc_5slice4iter4IterNtNtCscNegbyJkm8k_10serde_json5value5ValueENvNtCs9Vr3m8bx7MY_27piping_numerical_robustness5cases4textENtNtNtBa_6traits8iterator8Iterator7collectINtNtCslJsSqIQKwiA_5alloc3vec3VecNtNtB3F_6string6StringEEB21_
000000010004f4fc T __RINvYINtNtNtNtCsgtPOCBgevO_4core4iter8adapters3map3MapINtNtNtBc_5slice4iter4IterNtNtCscNegbyJkm8k_10serde_json5value5ValueENvNtCs9Vr3m8bx7MY_27piping_numerical_robustness5cases4textENtNtNtBa_6traits8iterator8Iterator8for_eachNCINvMsj_NtCslJsSqIQKwiA_5alloc3vecINtB3K_3VecNtNtB3M_6string6StringE14extend_trustedB3_E0EB21_
000000010004f540 T __RINvYINtNtNtNtCsgtPOCBgevO_4core4iter8adapters3map3MapINtNtNtCslJsSqIQKwiA_5alloc3vec9into_iter8IntoIterINtNtNtNtBX_11collections5btree3set8BTreeSetjEENCNvNtCs9Vr3m8bx7MY_27piping_numerical_robustness3rcm14free_adjacencys1_0ENtNtNtBa_6traits8iterator8Iterator7collectINtBV_3VecIB4i_jEEEB2v_
000000010004f554 T __RINvYINtNtNtNtCsgtPOCBgevO_4core4iter8adapters3map3MapNtNtCscNegbyJkm8k_10serde_json3map4IterNCNCNCNvNtCs9Vr3m8bx7MY_27piping_numerical_robustness5cases10parse_cases0_000ENtNtNtBa_6traits8iterator8Iterator7collectINtNtCslJsSqIQKwiA_5alloc3vec3VecTNtNtB3u_6string6StringB3X_EEEB1D_
000000010004f568 T __RINvYINtNtNtNtCsgtPOCBgevO_4core4iter8adapters3map3MapNtNtCscNegbyJkm8k_10serde_json3map4IterNCNCNCNvNtCs9Vr3m8bx7MY_27piping_numerical_robustness5cases10parse_cases0_000ENtNtNtBa_6traits8iterator8Iterator7collectINtNtNtNtCslJsSqIQKwiA_5alloc11collections5btree3map8BTreeMapNtNtB3y_6string6StringB4o_EEB1D_
000000010004f57c T __RINvYINtNtNtNtCsgtPOCBgevO_4core4iter8adapters3map3MapNtNtCscNegbyJkm8k_10serde_json3map4IterNCNCNvNtCs9Vr3m8bx7MY_27piping_numerical_robustness5cases10parse_cases_00ENtNtNtBa_6traits8iterator8Iterator7collectINtNtCslJsSqIQKwiA_5alloc3vec3VecTNtNtB3q_6string6StringB3T_EEEB1B_
000000010004f590 T __RNCINvNtNtNtCsgtPOCBgevO_4core4iter8adapters3map12map_try_foldINtNtNtNtCslJsSqIQKwiA_5alloc11collections5btree3set8BTreeSetjEINtNtB17_3vec3VecjEINtNtB22_13in_place_drop11InPlaceDropB1Z_EINtNtBa_6result6ResultB2i_zENCNvNtCs9Vr3m8bx7MY_27piping_numerical_robustness3rcm14free_adjacencys1_0NCINvNtB22_16in_place_collect24write_in_place_with_dropB1Z_E0E0B3w_
000000010004f680 T __RNCINvNtNtNtCsgtPOCBgevO_4core4iter8adapters3map8map_foldRNtNtCscNegbyJkm8k_10serde_json5value5ValueNtNtCs9Vr3m8bx7MY_27piping_numerical_robustness5cases10SpringSpecuNCNvB1C_11parse_models0_0NCINvNvNtNtNtB8_6traits8iterator8Iterator8for_each4callB1A_NCINvMsj_NtCslJsSqIQKwiA_5alloc3vecINtB49_3VecB1A_E14extend_trustedINtB4_3MapINtNtNtBa_5slice4iter4IterBU_EB2E_EE0E0E0B1E_
000000010004f71c T __RNCINvNtNtNtCsgtPOCBgevO_4core4iter8adapters3map8map_foldRNtNtCscNegbyJkm8k_10serde_json5value5ValueNtNtCs9Vr3m8bx7MY_27piping_numerical_robustness5cases3RowuNCNvB1C_10parse_case0NCINvNvNtNtNtB8_6traits8iterator8Iterator8for_each4callB1A_NCINvMsj_NtCslJsSqIQKwiA_5alloc3vecINtB3X_3VecB1A_E14extend_trustedINtB4_3MapINtNtNtBa_5slice4iter4IterBU_EB2w_EE0E0E0B1E_
000000010004f7b8 T __RNCINvNtNtNtCsgtPOCBgevO_4core4iter8adapters3map8map_foldRNtNtCscNegbyJkm8k_10serde_json5value5ValueNtNtCs9Vr3m8bx7MY_27piping_numerical_robustness5cases6MemberuNCNvB1C_11parse_models_0NCINvNvNtNtNtB8_6traits8iterator8Iterator8for_each4callB1A_NCINvMsj_NtCslJsSqIQKwiA_5alloc3vecINtB43_3VecB1A_E14extend_trustedINtB4_3MapINtNtNtBa_5slice4iter4IterBU_EB2z_EE0E0E0B1E_
000000010004f854 T __RNCINvNtNtNtCsgtPOCBgevO_4core4iter8adapters3map8map_foldRNtNtCscNegbyJkm8k_10serde_json5value5ValueNtNtCs9Vr3m8bx7MY_27piping_numerical_robustness5cases7ControluNCNvB1C_10parse_cases_0NCINvNvNtNtNtB8_6traits8iterator8Iterator8for_each4callB1A_NCINvMsj_NtCslJsSqIQKwiA_5alloc3vecINtB43_3VecB1A_E14extend_trustedINtB4_3MapINtNtNtBa_5slice4iter4IterBU_EB2A_EE0E0E0B1E_
000000010004f8e8 T __RNCINvNtNtNtCsgtPOCBgevO_4core4iter8adapters3map8map_foldRNtNtCscNegbyJkm8k_10serde_json5value5ValueNtNtCslJsSqIQKwiA_5alloc6string6StringuNvNtCs9Vr3m8bx7MY_27piping_numerical_robustness5cases4textNCINvNvNtNtNtB8_6traits8iterator8Iterator8for_each4callB1A_NCINvMsj_NtB1E_3vecINtB4f_3VecB1A_E14extend_trustedINtB4_3MapINtNtNtBa_5slice4iter4IterBU_EB2d_EE0E0E0B2h_
000000010004f974 T __RNCINvNtNtNtCsgtPOCBgevO_4core4iter8adapters3map8map_foldRNtNtCscNegbyJkm8k_10serde_json5value5ValueTmjEuNCNvNtCs9Vr3m8bx7MY_27piping_numerical_robustness5cases11parse_models1_0NCINvNvNtNtNtB8_6traits8iterator8Iterator8for_each4callB1A_NCINvMsj_NtCslJsSqIQKwiA_5alloc3vecINtB3V_3VecB1A_E14extend_trustedINtB4_3MapINtNtNtBa_5slice4iter4IterBU_EB1F_EE0E0E0B1L_
000000010004f9f8 T __RNCINvNtNtNtCsgtPOCBgevO_4core4iter8adapters3map8map_foldRNtNtCscNegbyJkm8k_10serde_json5value5ValueTmjdNtNtCslJsSqIQKwiA_5alloc6string6StringEuNCNvNtCs9Vr3m8bx7MY_27piping_numerical_robustness5cases11parse_models2_0NCINvNvNtNtNtB8_6traits8iterator8Iterator8for_each4callB1A_NCINvMsj_NtB1I_3vecINtB4y_3VecB1A_E14extend_trustedINtB4_3MapINtNtNtBa_5slice4iter4IterBU_EB2i_EE0E0E0B2o_
000000010004fa8c T __RNCINvNtNtNtCsgtPOCBgevO_4core4iter8adapters3map8map_foldRNtNtCscNegbyJkm8k_10serde_json5value5ValueTmmdEuNCNvNtCs9Vr3m8bx7MY_27piping_numerical_robustness5cases11parse_models3_0NCINvNvNtNtNtB8_6traits8iterator8Iterator8for_each4callB1A_NCINvMsj_NtCslJsSqIQKwiA_5alloc3vecINtB3W_3VecB1A_E14extend_trustedINtB4_3MapINtNtNtBa_5slice4iter4IterBU_EB1G_EE0E0E0B1M_
000000010004fb10 T __RNCINvNtNtNtCsgtPOCBgevO_4core4iter8adapters3map8map_foldjjuNCNvNtCs9Vr3m8bx7MY_27piping_numerical_robustness3rcm14free_adjacencys0_0NCINvNvNtNtNtB8_6traits8iterator8Iterator8for_each4calljNCINvMsj_NtCslJsSqIQKwiA_5alloc3vecINtB3a_3VecjE14extend_trustedINtB4_3MapINtNtNtBa_3ops5range5RangejEBW_EE0E0E0B12_
000000010004fb88 T __RNCNvMs3_NtNtNtCsgtPOCBgevO_4core4iter8adapters8peekableINtB7_8PeekableINtNtNtCslJsSqIQKwiA_5alloc3vec9into_iter8IntoIterTNtNtB1e_6string6StringB1W_EEE4peek0Cs9Vr3m8bx7MY_27piping_numerical_robustness
000000010004fbac T __RNvXNtNtNtCsgtPOCBgevO_4core4iter6traits7collectINtNtNtB6_8adapters3map3MapINtNtBP_6filter6FilterNtNtNtB8_3str4iter5LinesNCNvNtCs9Vr3m8bx7MY_27piping_numerical_robustness5cases9load_files_0ENvB1Z_10parse_caseENtB2_12IntoIterator9into_iterB21_
000000010004fbdc T __RNvXNtNtNtCsgtPOCBgevO_4core4iter6traits7collectINtNtNtB6_8adapters3map3MapINtNtNtB8_3ops5range5RangejENCNCNvNtCs9Vr3m8bx7MY_27piping_numerical_robustness3rcm14free_adjacencys_00ENtB2_12IntoIterator9into_iterB1L_
000000010004fbf4 T __RNvXNtNtNtCsgtPOCBgevO_4core4iter6traits7collectINtNtNtB6_8adapters3map3MapINtNtNtB8_3ops5range5RangejENCNvNtCs9Vr3m8bx7MY_27piping_numerical_robustness3rcm14free_adjacencys0_0ENtB2_12IntoIterator9into_iterB1J_
000000010004fc08 T __RNvXNtNtNtCsgtPOCBgevO_4core4iter6traits7collectINtNtNtB6_8adapters3map3MapINtNtNtB8_5slice4iter4IterNtNtCscNegbyJkm8k_10serde_json5value5ValueENCNvNtCs9Vr3m8bx7MY_27piping_numerical_robustness5cases10parse_case0ENtB2_12IntoIterator9into_iterB2o_
000000010004fc24 T __RNvXNtNtNtCsgtPOCBgevO_4core4iter6traits7collectINtNtNtB6_8adapters3map3MapINtNtNtB8_5slice4iter4IterNtNtCscNegbyJkm8k_10serde_json5value5ValueENCNvNtCs9Vr3m8bx7MY_27piping_numerical_robustness5cases10parse_cases_0ENtB2_12IntoIterator9into_iterB2o_
000000010004fc40 T __RNvXNtNtNtCsgtPOCBgevO_4core4iter6traits7collectINtNtNtB6_8adapters3map3MapINtNtNtB8_5slice4iter4IterNtNtCscNegbyJkm8k_10serde_json5value5ValueENCNvNtCs9Vr3m8bx7MY_27piping_numerical_robustness5cases11parse_models0_0ENtB2_12IntoIterator9into_iterB2o_
000000010004fc5c T __RNvXNtNtNtCsgtPOCBgevO_4core4iter6traits7collectINtNtNtB6_8adapters3map3MapINtNtNtB8_5slice4iter4IterNtNtCscNegbyJkm8k_10serde_json5value5ValueENCNvNtCs9Vr3m8bx7MY_27piping_numerical_robustness5cases11parse_models1_0ENtB2_12IntoIterator9into_iterB2o_
000000010004fc78 T __RNvXNtNtNtCsgtPOCBgevO_4core4iter6traits7collectINtNtNtB6_8adapters3map3MapINtNtNtB8_5slice4iter4IterNtNtCscNegbyJkm8k_10serde_json5value5ValueENCNvNtCs9Vr3m8bx7MY_27piping_numerical_robustness5cases11parse_models2_0ENtB2_12IntoIterator9into_iterB2o_
000000010004fc94 T __RNvXNtNtNtCsgtPOCBgevO_4core4iter6traits7collectINtNtNtB6_8adapters3map3MapINtNtNtB8_5slice4iter4IterNtNtCscNegbyJkm8k_10serde_json5value5ValueENCNvNtCs9Vr3m8bx7MY_27piping_numerical_robustness5cases11parse_models3_0ENtB2_12IntoIterator9into_iterB2o_
000000010004fcb0 T __RNvXNtNtNtCsgtPOCBgevO_4core4iter6traits7collectINtNtNtB6_8adapters3map3MapINtNtNtB8_5slice4iter4IterNtNtCscNegbyJkm8k_10serde_json5value5ValueENCNvNtCs9Vr3m8bx7MY_27piping_numerical_robustness5cases11parse_models_0ENtB2_12IntoIterator9into_iterB2o_
000000010004fccc T __RNvXNtNtNtCsgtPOCBgevO_4core4iter6traits7collectINtNtNtB6_8adapters3map3MapINtNtNtB8_5slice4iter4IterNtNtCscNegbyJkm8k_10serde_json5value5ValueENvNtCs9Vr3m8bx7MY_27piping_numerical_robustness5cases4textENtB2_12IntoIterator9into_iterB2m_
000000010004fce8 T __RNvXNtNtNtCsgtPOCBgevO_4core4iter6traits7collectINtNtNtB6_8adapters3map3MapINtNtNtCslJsSqIQKwiA_5alloc3vec9into_iter8IntoIterINtNtNtNtB1i_11collections5btree3set8BTreeSetjEENCNvNtCs9Vr3m8bx7MY_27piping_numerical_robustness3rcm14free_adjacencys1_0ENtB2_12IntoIterator9into_iterB2R_
000000010004fcfc T __RNvXNtNtNtCsgtPOCBgevO_4core4iter6traits7collectINtNtNtB6_8adapters3map3MapNtNtCscNegbyJkm8k_10serde_json3map4IterNCNCNCNvNtCs9Vr3m8bx7MY_27piping_numerical_robustness5cases10parse_cases0_000ENtB2_12IntoIterator9into_iterB1Y_
000000010004fd2c T __RNvXNtNtNtCsgtPOCBgevO_4core4iter6traits7collectINtNtNtB6_8adapters3map3MapNtNtCscNegbyJkm8k_10serde_json3map4IterNCNCNvNtCs9Vr3m8bx7MY_27piping_numerical_robustness5cases10parse_cases_00ENtB2_12IntoIterator9into_iterB1W_
000000010004fd5c T __RNvXs0_NtNtCslJsSqIQKwiA_5alloc3vec16in_place_collectINtNtNtNtCsgtPOCBgevO_4core4iter8adapters3map3MapINtNtB7_9into_iter8IntoIterINtNtNtNtB9_11collections5btree3set8BTreeSetjEENCNvNtCs9Vr3m8bx7MY_27piping_numerical_robustness3rcm14free_adjacencys1_0EINtB5_18SpecInPlaceCollectINtB7_3VecjEBP_E16collect_in_placeB2U_
000000010004fe14 T __RNvXs0_NtNtNtCsgtPOCBgevO_4core4iter8adapters3mapINtB5_3MapINtNtB7_6filter6FilterNtNtNtBb_3str4iter5LinesNCNvNtCs9Vr3m8bx7MY_27piping_numerical_robustness5cases9load_files_0ENvB1J_10parse_caseENtNtNtB9_6traits8iterator8Iterator4nextB1L_
000000010004fec4 T __RNvXs0_NtNtNtCsgtPOCBgevO_4core4iter8adapters3mapINtB5_3MapINtNtB7_6filter6FilterNtNtNtBb_3str4iter5LinesNCNvNtCs9Vr3m8bx7MY_27piping_numerical_robustness5cases9load_files_0ENvB1J_10parse_caseENtNtNtB9_6traits8iterator8Iterator9size_hintB1L_
000000010004fee8 T __RNvXs0_NtNtNtCsgtPOCBgevO_4core4iter8adapters3mapINtB5_3MapINtNtNtBb_3ops5range5RangejENCNCNvNtCs9Vr3m8bx7MY_27piping_numerical_robustness3rcm14free_adjacencys_00ENtNtNtB9_6traits8iterator8Iterator4nextB1v_
000000010004ff68 T __RNvXs0_NtNtNtCsgtPOCBgevO_4core4iter8adapters3mapINtB5_3MapINtNtNtBb_3ops5range5RangejENCNCNvNtCs9Vr3m8bx7MY_27piping_numerical_robustness3rcm14free_adjacencys_00ENtNtNtB9_6traits8iterator8Iterator9size_hintB1v_
000000010004ff8c T __RNvXs0_NtNtNtCsgtPOCBgevO_4core4iter8adapters3mapINtB5_3MapINtNtNtBb_3ops5range5RangejENCNvNtCs9Vr3m8bx7MY_27piping_numerical_robustness3rcm14free_adjacencys0_0ENtNtNtB9_6traits8iterator8Iterator9size_hintB1t_
000000010004ffb0 T __RNvXs0_NtNtNtCsgtPOCBgevO_4core4iter8adapters3mapINtB5_3MapINtNtNtBb_3str4iter14SplitInclusivecENtB10_8LinesMapENtNtNtB9_6traits8iterator8Iterator4nextCs9Vr3m8bx7MY_27piping_numerical_robustness
0000000100050040 T __RNvXs0_NtNtNtCsgtPOCBgevO_4core4iter8adapters3mapINtB5_3MapINtNtNtBb_5slice4iter4IterNtNtCscNegbyJkm8k_10serde_json5value5ValueENCNvNtCs9Vr3m8bx7MY_27piping_numerical_robustness5cases10parse_case0ENtNtNtB9_6traits8iterator8Iterator9size_hintB28_
0000000100050064 T __RNvXs0_NtNtNtCsgtPOCBgevO_4core4iter8adapters3mapINtB5_3MapINtNtNtBb_5slice4iter4IterNtNtCscNegbyJkm8k_10serde_json5value5ValueENCNvNtCs9Vr3m8bx7MY_27piping_numerical_robustness5cases10parse_cases_0ENtNtNtB9_6traits8iterator8Iterator9size_hintB28_
0000000100050088 T __RNvXs0_NtNtNtCsgtPOCBgevO_4core4iter8adapters3mapINtB5_3MapINtNtNtBb_5slice4iter4IterNtNtCscNegbyJkm8k_10serde_json5value5ValueENCNvNtCs9Vr3m8bx7MY_27piping_numerical_robustness5cases11parse_models0_0ENtNtNtB9_6traits8iterator8Iterator9size_hintB28_
00000001000500ac T __RNvXs0_NtNtNtCsgtPOCBgevO_4core4iter8adapters3mapINtB5_3MapINtNtNtBb_5slice4iter4IterNtNtCscNegbyJkm8k_10serde_json5value5ValueENCNvNtCs9Vr3m8bx7MY_27piping_numerical_robustness5cases11parse_models1_0ENtNtNtB9_6traits8iterator8Iterator9size_hintB28_
00000001000500d0 T __RNvXs0_NtNtNtCsgtPOCBgevO_4core4iter8adapters3mapINtB5_3MapINtNtNtBb_5slice4iter4IterNtNtCscNegbyJkm8k_10serde_json5value5ValueENCNvNtCs9Vr3m8bx7MY_27piping_numerical_robustness5cases11parse_models2_0ENtNtNtB9_6traits8iterator8Iterator9size_hintB28_
00000001000500f4 T __RNvXs0_NtNtNtCsgtPOCBgevO_4core4iter8adapters3mapINtB5_3MapINtNtNtBb_5slice4iter4IterNtNtCscNegbyJkm8k_10serde_json5value5ValueENCNvNtCs9Vr3m8bx7MY_27piping_numerical_robustness5cases11parse_models3_0ENtNtNtB9_6traits8iterator8Iterator9size_hintB28_
0000000100050118 T __RNvXs0_NtNtNtCsgtPOCBgevO_4core4iter8adapters3mapINtB5_3MapINtNtNtBb_5slice4iter4IterNtNtCscNegbyJkm8k_10serde_json5value5ValueENCNvNtCs9Vr3m8bx7MY_27piping_numerical_robustness5cases11parse_models_0ENtNtNtB9_6traits8iterator8Iterator9size_hintB28_
000000010005013c T __RNvXs0_NtNtNtCsgtPOCBgevO_4core4iter8adapters3mapINtB5_3MapINtNtNtBb_5slice4iter4IterNtNtCscNegbyJkm8k_10serde_json5value5ValueENvNtCs9Vr3m8bx7MY_27piping_numerical_robustness5cases4textENtNtNtB9_6traits8iterator8Iterator9size_hintB26_
0000000100050160 T __RNvXs0_NtNtNtCsgtPOCBgevO_4core4iter8adapters3mapINtB5_3MapINtNtNtBb_5slice4iter4IterTReB1m_EENCNvNtCs9Vr3m8bx7MY_27piping_numerical_robustness5cases8load_all0ENtNtNtB9_6traits8iterator8Iterator4nextB1A_
00000001000501f4 T __RNvXs0_NtNtNtCsgtPOCBgevO_4core4iter8adapters3mapINtB5_3MapINtNtNtBb_5slice4iter4IterTReB1m_EENCNvNtCs9Vr3m8bx7MY_27piping_numerical_robustness5cases8load_all0ENtNtNtB9_6traits8iterator8Iterator9size_hintB1A_
0000000100050218 T __RNvXs0_NtNtNtCsgtPOCBgevO_4core4iter8adapters3mapINtB5_3MapINtNtNtBb_5slice4iter4ItermENCNvNtCs9Vr3m8bx7MY_27piping_numerical_robustness3rcm14free_adjacencys_0ENtNtNtB9_6traits8iterator8Iterator4nextB1t_
00000001000502b0 T __RNvXs0_NtNtNtCsgtPOCBgevO_4core4iter8adapters3mapINtB5_3MapINtNtNtBb_5slice4iter4ItermENCNvNtCs9Vr3m8bx7MY_27piping_numerical_robustness3rcm14free_adjacencys_0ENtNtNtB9_6traits8iterator8Iterator9size_hintB1t_
00000001000502d4 T __RNvXs0_NtNtNtCsgtPOCBgevO_4core4iter8adapters3mapINtB5_3MapNtNtCscNegbyJkm8k_10serde_json3map4IterNCNCNCNvNtCs9Vr3m8bx7MY_27piping_numerical_robustness5cases10parse_cases0_000ENtNtNtB9_6traits8iterator8Iterator4nextB1I_
000000010005037c T __RNvXs0_NtNtNtCsgtPOCBgevO_4core4iter8adapters3mapINtB5_3MapNtNtCscNegbyJkm8k_10serde_json3map4IterNCNCNCNvNtCs9Vr3m8bx7MY_27piping_numerical_robustness5cases10parse_cases0_000ENtNtNtB9_6traits8iterator8Iterator9size_hintB1I_
00000001000503a0 T __RNvXs0_NtNtNtCsgtPOCBgevO_4core4iter8adapters3mapINtB5_3MapNtNtCscNegbyJkm8k_10serde_json3map4IterNCNCNvNtCs9Vr3m8bx7MY_27piping_numerical_robustness5cases10parse_cases_00ENtNtNtB9_6traits8iterator8Iterator4nextB1G_
0000000100050448 T __RNvXs0_NtNtNtCsgtPOCBgevO_4core4iter8adapters3mapINtB5_3MapNtNtCscNegbyJkm8k_10serde_json3map4IterNCNCNvNtCs9Vr3m8bx7MY_27piping_numerical_robustness5cases10parse_cases_00ENtNtNtB9_6traits8iterator8Iterator9size_hintB1G_
000000010005046c t __RNvXs2_CshcW0Uub6Vfg_30open_pipe_stress_sparse_directNtB5_17SparseDirectErrorNtNtCsgtPOCBgevO_4core3fmt5Debug3fmtCs9Vr3m8bx7MY_27piping_numerical_robustness
00000001000507b4 t __RNvXs3_NtNtCsa9BKTri5B3M_3std3ffi6os_strNtB5_8OsStringINtNtNtCsgtPOCBgevO_4core3ops5index5IndexNtNtBV_5range9RangeFullE5indexCs9Vr3m8bx7MY_27piping_numerical_robustness
00000001000507d4 T __RNvXs8_NtNtNtCsgtPOCBgevO_4core4iter8adapters3mapINtB5_3MapINtNtNtCslJsSqIQKwiA_5alloc3vec9into_iter8IntoIterINtNtNtNtB12_11collections5btree3set8BTreeSetjEENCNvNtCs9Vr3m8bx7MY_27piping_numerical_robustness3rcm14free_adjacencys1_0ENtB7_10SourceIter8as_innerB2B_
00000001000507f8 t __RNvXsW_NtNtCsa9BKTri5B3M_3std3ffi6os_streINtNtCsgtPOCBgevO_4core7convert5AsRefNtB5_5OsStrE6as_refCs9Vr3m8bx7MY_27piping_numerical_robustness
0000000100050810 T __RNvXsn_NtNtNtCsgtPOCBgevO_4core4iter8adapters7flattenINtNtB7_3map3MapINtNtNtBb_3ops5range5RangejENCNCNvNtCs9Vr3m8bx7MY_27piping_numerical_robustness3rcm14free_adjacencys_00ENtB5_21ConstSizeIntoIterator4sizeB1F_
0000000100050828 T __RINvNtNtNtCsgtPOCBgevO_4core4iter8adapters7flatten17and_then_or_clearINtNtB4_3map3MapINtNtNtB8_3ops5range5RangejENCNCNvNtCs9Vr3m8bx7MY_27piping_numerical_robustness3rcm14free_adjacencys_00EjNvYB15_NtNtNtB6_6traits8iterator8Iterator4nextEB1V_
00000001000508e8 T __RINvNtNtNtCsgtPOCBgevO_4core4iter8adapters7flatten17and_then_or_clearINtNtNtCslJsSqIQKwiA_5alloc3vec9into_iter8IntoIterNtNtCs9Vr3m8bx7MY_27piping_numerical_robustness5cases4CaseEB1T_NvYB15_NtNtNtB6_6traits8iterator8Iterator4nextEB1X_
0000000100050a10 T __RINvYINtNtNtNtCsgtPOCBgevO_4core4iter8adapters7flatten7FlatMapINtNtNtBc_5slice4iter4IterTReB1p_EEINtNtCslJsSqIQKwiA_5alloc3vec3VecNtNtCs9Vr3m8bx7MY_27piping_numerical_robustness5cases4CaseENCNvB26_8load_all0ENtNtNtBa_6traits8iterator8Iterator7collectB1x_EB28_
0000000100050a24 T __RINvYINtNtNtNtCsgtPOCBgevO_4core4iter8adapters7flatten7FlatMapINtNtNtBc_5slice4iter4ItermEINtNtB8_3map3MapINtNtNtBc_3ops5range5RangejENCNCNvNtCs9Vr3m8bx7MY_27piping_numerical_robustness3rcm14free_adjacencys_00ENCB2c_s_0ENtNtNtBa_6traits8iterator8Iterator7collectINtNtCslJsSqIQKwiA_5alloc3vec3VecjEEB2g_
0000000100050a38 t __RNCNCNCNvNtCs9Vr3m8bx7MY_27piping_numerical_robustness5cases10parse_cases0_000B9_
0000000100050ae4 t __RNCNCNvNtCs9Vr3m8bx7MY_27piping_numerical_robustness5cases10parse_cases0_00B7_
0000000100050b30 t __RNCNCNvNtCs9Vr3m8bx7MY_27piping_numerical_robustness5cases10parse_cases_00B7_
0000000100050bdc t __RNCNCNvNtCs9Vr3m8bx7MY_27piping_numerical_robustness5cases11parse_model00B7_
0000000100050c24 t __RNCNCNvNtCs9Vr3m8bx7MY_27piping_numerical_robustness5cases11parse_models0_00B7_
0000000100050c34 t __RNCNvNtCs9Vr3m8bx7MY_27piping_numerical_robustness5cases10parse_case0B5_
0000000100050dcc t __RNCNvNtCs9Vr3m8bx7MY_27piping_numerical_robustness5cases10parse_cases0_0B5_
0000000100050e18 t __RNCNvNtCs9Vr3m8bx7MY_27piping_numerical_robustness5cases10parse_cases1_0B5_
0000000100050e60 t __RNCNvNtCs9Vr3m8bx7MY_27piping_numerical_robustness5cases10parse_cases_0B5_
00000001000510e4 t __RNCNvNtCs9Vr3m8bx7MY_27piping_numerical_robustness5cases11parse_model0B5_
0000000100051140 t __RNCNvNtCs9Vr3m8bx7MY_27piping_numerical_robustness5cases11parse_models0_0B5_
0000000100051430 t __RNCNvNtCs9Vr3m8bx7MY_27piping_numerical_robustness5cases11parse_models1_0B5_
00000001000514a8 t __RNCNvNtCs9Vr3m8bx7MY_27piping_numerical_robustness5cases11parse_models2_0B5_
000000010005158c t __RNCNvNtCs9Vr3m8bx7MY_27piping_numerical_robustness5cases11parse_models3_0B5_
0000000100051634 t __RNCNvNtCs9Vr3m8bx7MY_27piping_numerical_robustness5cases11parse_models_0B5_
0000000100051974 t __RNCNvNtCs9Vr3m8bx7MY_27piping_numerical_robustness5cases8load_all0B5_
0000000100051a60 t __RNCNvNtCs9Vr3m8bx7MY_27piping_numerical_robustness5cases9load_file0B5_
0000000100051b3c t __RNCNvNtCs9Vr3m8bx7MY_27piping_numerical_robustness5cases9load_files_0B5_
0000000100051b70 t __RNvMNtCsgtPOCBgevO_4core3f64d9from_bitsCs9Vr3m8bx7MY_27piping_numerical_robustness
0000000100051b84 T __RNvMNtCsgtPOCBgevO_4core5sliceSNtNtCs9Vr3m8bx7MY_27piping_numerical_robustness5cases4Case4iterBx_
0000000100051bac T __RNvMs_NtCs9Vr3m8bx7MY_27piping_numerical_robustness5casesNtB4_4Case8is_large
0000000100051bd0 T __RNvNtCs9Vr3m8bx7MY_27piping_numerical_robustness5cases10parse_case
0000000100052474 T __RNvNtCs9Vr3m8bx7MY_27piping_numerical_robustness5cases11parse_model
0000000100052b28 t __RNvNtCs9Vr3m8bx7MY_27piping_numerical_robustness5cases3hex
0000000100052ba8 t __RNvNtCs9Vr3m8bx7MY_27piping_numerical_robustness5cases4text
0000000100052bf4 t __RNvNtCs9Vr3m8bx7MY_27piping_numerical_robustness5cases4uint
0000000100052c6c T __RNvNtCs9Vr3m8bx7MY_27piping_numerical_robustness5cases8load_all
0000000100052cb4 T __RNvNtCs9Vr3m8bx7MY_27piping_numerical_robustness5cases9cases_dir
0000000100052d44 T __RNvNtCs9Vr3m8bx7MY_27piping_numerical_robustness5cases9crate_dir
0000000100052d68 T __RNvNtCs9Vr3m8bx7MY_27piping_numerical_robustness5cases9load_file
0000000100052e54 t __RNvNtNtCsgtPOCBgevO_4core5slice6memchr6memchrCs9Vr3m8bx7MY_27piping_numerical_robustness
0000000100052f64 T __RNvXNtNtNtCsgtPOCBgevO_4core4iter6traits7collectINtNtNtB6_8adapters7flatten7FlatMapINtNtNtB8_5slice4iter4IterTReB1K_EEINtNtCslJsSqIQKwiA_5alloc3vec3VecNtNtCs9Vr3m8bx7MY_27piping_numerical_robustness5cases4CaseENCNvB2r_8load_all0ENtB2_12IntoIterator9into_iterB2t_
0000000100052f94 T __RNvXNtNtNtCsgtPOCBgevO_4core4iter6traits7collectINtNtNtB6_8adapters7flatten7FlatMapINtNtNtB8_5slice4iter4ItermEINtNtBP_3map3MapINtNtNtB8_3ops5range5RangejENCNCNvNtCs9Vr3m8bx7MY_27piping_numerical_robustness3rcm14free_adjacencys_00ENCB2x_s_0ENtB2_12IntoIterator9into_iterB2B_
0000000100052fc4 T __RNvXs1_NtNtNtCsgtPOCBgevO_4core3ops8function5implsQNCNvNtCs9Vr3m8bx7MY_27piping_numerical_robustness5cases9load_files_0INtB7_5FnMutTRReEE8call_mutBT_
0000000100052ff4 T __RNvXs1_NtNtNtCsgtPOCBgevO_4core4iter8adapters7flattenINtB5_7FlatMapINtNtNtBb_5slice4iter4IterTReB1u_EEINtNtCslJsSqIQKwiA_5alloc3vec3VecNtNtCs9Vr3m8bx7MY_27piping_numerical_robustness5cases4CaseENCNvB2b_8load_all0ENtNtNtB9_6traits8iterator8Iterator4nextB2d_
0000000100053018 T __RNvXs1_NtNtNtCsgtPOCBgevO_4core4iter8adapters7flattenINtB5_7FlatMapINtNtNtBb_5slice4iter4IterTReB1u_EEINtNtCslJsSqIQKwiA_5alloc3vec3VecNtNtCs9Vr3m8bx7MY_27piping_numerical_robustness5cases4CaseENCNvB2b_8load_all0ENtNtNtB9_6traits8iterator8Iterator9size_hintB2d_
000000010005303c T __RNvXs1_NtNtNtCsgtPOCBgevO_4core4iter8adapters7flattenINtB5_7FlatMapINtNtNtBb_5slice4iter4ItermEINtNtB7_3map3MapINtNtNtBb_3ops5range5RangejENCNCNvNtCs9Vr3m8bx7MY_27piping_numerical_robustness3rcm14free_adjacencys_00ENCB2h_s_0ENtNtNtB9_6traits8iterator8Iterator4nextB2l_
0000000100053060 T __RNvXs1_NtNtNtCsgtPOCBgevO_4core4iter8adapters7flattenINtB5_7FlatMapINtNtNtBb_5slice4iter4ItermEINtNtB7_3map3MapINtNtNtBb_3ops5range5RangejENCNCNvNtCs9Vr3m8bx7MY_27piping_numerical_robustness3rcm14free_adjacencys_00ENCB2h_s_0ENtNtNtB9_6traits8iterator8Iterator9size_hintB2l_
0000000100053084 t __RNvXs2_NtNtCsgtPOCBgevO_4core3str7patterncNtB5_7Pattern13into_searcherCs9Vr3m8bx7MY_27piping_numerical_robustness
0000000100053188 t __RNvXs_NtNtCsgtPOCBgevO_4core3str7patternNtB4_12CharSearcherNtB4_8Searcher10next_matchCs9Vr3m8bx7MY_27piping_numerical_robustness
0000000100053518 t __RNvXs_NtNtCsgtPOCBgevO_4core3str7patternNtB4_12CharSearcherNtB4_8Searcher8haystackCs9Vr3m8bx7MY_27piping_numerical_robustness
0000000100053538 T __RNvXs_NtNtNtCslJsSqIQKwiA_5alloc11collections5btree17dedup_sorted_iterINtB4_15DedupSortedIterNtNtBa_6string6StringB1t_INtNtNtBa_3vec9into_iter8IntoIterTB1t_B1t_EEENtNtNtNtCsgtPOCBgevO_4core4iter6traits8iterator8Iterator4nextCs9Vr3m8bx7MY_27piping_numerical_robustness
0000000100053738 T __RNvXsi_NtNtNtCsgtPOCBgevO_4core4iter8adapters7flattenINtB5_13FlattenCompatINtNtB7_3map3MapINtNtNtBb_5slice4iter4IterTReB1R_EENCNvNtCs9Vr3m8bx7MY_27piping_numerical_robustness5cases8load_all0EINtNtNtCslJsSqIQKwiA_5alloc3vec9into_iter8IntoIterNtB23_4CaseEENtNtNtB9_6traits8iterator8Iterator4nextB25_
0000000100053864 T __RNvXsi_NtNtNtCsgtPOCBgevO_4core4iter8adapters7flattenINtB5_13FlattenCompatINtNtB7_3map3MapINtNtNtBb_5slice4iter4IterTReB1R_EENCNvNtCs9Vr3m8bx7MY_27piping_numerical_robustness5cases8load_all0EINtNtNtCslJsSqIQKwiA_5alloc3vec9into_iter8IntoIterNtB23_4CaseEENtNtNtB9_6traits8iterator8Iterator9size_hintB25_
0000000100053ea4 T __RNvXsi_NtNtNtCsgtPOCBgevO_4core4iter8adapters7flattenINtB5_13FlattenCompatINtNtB7_3map3MapINtNtNtBb_5slice4iter4ItermENCNvNtCs9Vr3m8bx7MY_27piping_numerical_robustness3rcm14free_adjacencys_0EIB1b_INtNtNtBb_3ops5range5RangejENCNCB1U_s_00EENtNtNtB9_6traits8iterator8Iterator4nextB1Y_
0000000100053f94 T __RNvXsi_NtNtNtCsgtPOCBgevO_4core4iter8adapters7flattenINtB5_13FlattenCompatINtNtB7_3map3MapINtNtNtBb_5slice4iter4ItermENCNvNtCs9Vr3m8bx7MY_27piping_numerical_robustness3rcm14free_adjacencys_0EIB1b_INtNtNtBb_3ops5range5RangejENCNCB1U_s_00EENtNtNtB9_6traits8iterator8Iterator9size_hintB1Y_
00000001000545c8 t __RNvXst_NtNtCsgtPOCBgevO_4core3str7patternReNtB5_7Pattern15strip_suffix_ofCs9Vr3m8bx7MY_27piping_numerical_robustness
00000001000546b0 T __RINvMNtNtNtNtCsgtPOCBgevO_4core5slice4sort6stable5mergeINtB3_10MergeStateTNtNtCslJsSqIQKwiA_5alloc6string6StringB1a_EE10merge_downNCINvMNtB1e_5sliceSB19_7sort_byNCINvXs1o_NtNtNtB1e_11collections5btree3mapINtB2J_8BTreeMapB1a_B1a_EINtNtNtNtBb_4iter6traits7collect12FromIteratorB19_E9from_iterINtNtNtB3M_8adapters3map3MapNtNtCscNegbyJkm8k_10serde_json3map4IterNCNCNCNvNtCs9Vr3m8bx7MY_27piping_numerical_robustness5cases10parse_cases0_000EE0E0EB5T_
000000010005487c T __RINvMNtNtNtNtCsgtPOCBgevO_4core5slice4sort6stable5mergeINtB3_10MergeStateTNtNtCslJsSqIQKwiA_5alloc6string6StringB1a_EE8merge_upNCINvMNtB1e_5sliceSB19_7sort_byNCINvXs1o_NtNtNtB1e_11collections5btree3mapINtB2G_8BTreeMapB1a_B1a_EINtNtNtNtBb_4iter6traits7collect12FromIteratorB19_E9from_iterINtNtNtB3J_8adapters3map3MapNtNtCscNegbyJkm8k_10serde_json3map4IterNCNCNCNvNtCs9Vr3m8bx7MY_27piping_numerical_robustness5cases10parse_cases0_000EE0E0EB5Q_
00000001000549f4 T __RINvNtNtNtNtCsgtPOCBgevO_4core5slice4sort6shared5pivot11median3_recTNtNtCslJsSqIQKwiA_5alloc6string6StringB14_ENCINvMNtB18_5sliceSB13_7sort_byNCINvXs1o_NtNtNtB18_11collections5btree3mapINtB2q_8BTreeMapB14_B14_EINtNtNtNtBa_4iter6traits7collect12FromIteratorB13_E9from_iterINtNtNtB3t_8adapters3map3MapNtNtCscNegbyJkm8k_10serde_json3map4IterNCNCNCNvNtCs9Vr3m8bx7MY_27piping_numerical_robustness5cases10parse_cases0_000EE0E0EB5A_
0000000100054bd4 T __RINvNtNtNtNtCsgtPOCBgevO_4core5slice4sort6shared5pivot12choose_pivotTNtNtCslJsSqIQKwiA_5alloc6string6StringB15_ENCINvMNtB19_5sliceSB14_7sort_byNCINvXs1o_NtNtNtB19_11collections5btree3mapINtB2r_8BTreeMapB15_B15_EINtNtNtNtBa_4iter6traits7collect12FromIteratorB14_E9from_iterINtNtNtB3u_8adapters3map3MapNtNtCscNegbyJkm8k_10serde_json3map4IterNCNCNCNvNtCs9Vr3m8bx7MY_27piping_numerical_robustness5cases10parse_cases0_000EE0E0EB5B_
0000000100054e14 T __RINvNtNtNtNtCsgtPOCBgevO_4core5slice4sort6stable5merge5mergeTNtNtCslJsSqIQKwiA_5alloc6string6StringBX_ENCINvMNtB11_5sliceSBW_7sort_byNCINvXs1o_NtNtNtB11_11collections5btree3mapINtB2h_8BTreeMapBX_BX_EINtNtNtNtBa_4iter6traits7collect12FromIteratorBW_E9from_iterINtNtNtB3i_8adapters3map3MapNtNtCscNegbyJkm8k_10serde_json3map4IterNCNCNCNvNtCs9Vr3m8bx7MY_27piping_numerical_robustness5cases10parse_cases0_000EE0E0EB5o_
0000000100055060 T __RINvYNtNtNtCsgtPOCBgevO_4core3str4iter5LinesNtNtNtNtB9_4iter6traits8iterator8Iterator4findQNCNvNtCs9Vr3m8bx7MY_27piping_numerical_robustness5cases9load_files_0EB1x_
00000001000550ec T __RINvYNtNtNtCsgtPOCBgevO_4core3str4iter5LinesNtNtNtNtB9_4iter6traits8iterator8Iterator6filterNCNvNtCs9Vr3m8bx7MY_27piping_numerical_robustness5cases9load_files_0EB1y_
000000010005511c T __RINvYNtNtNtCsgtPOCBgevO_4core3str4iter5LinesNtNtNtNtB9_4iter6traits8iterator8Iterator8try_folduNCINvNvBG_4find5checkReQNCNvNtCs9Vr3m8bx7MY_27piping_numerical_robustness5cases9load_files_0E0INtNtNtB9_3ops12control_flow11ControlFlowB1Q_EEB1Z_
0000000100055280 T __RNvMsf_NtNtCsgtPOCBgevO_4core3str4iterINtB5_13SplitInternalcE14next_inclusiveCs9Vr3m8bx7MY_27piping_numerical_robustness
00000001000553b0 T __RNvXsH_NtNtCsgtPOCBgevO_4core3str4iterINtB5_14SplitInclusivecENtNtNtNtB9_4iter6traits8iterator8Iterator4nextCs9Vr3m8bx7MY_27piping_numerical_robustness
00000001000553d4 t __RNvXsZ_NtNtCsgtPOCBgevO_4core3fmt3numjNtB7_5Debug3fmtCs9Vr3m8bx7MY_27piping_numerical_robustness
0000000100055464 T __RNvXs_NtNtNtNtCsgtPOCBgevO_4core5slice4sort6stable5mergeINtB4_10MergeStateTNtNtCslJsSqIQKwiA_5alloc6string6StringB1b_EENtNtNtBc_3ops4drop4Drop4dropCs9Vr3m8bx7MY_27piping_numerical_robustness
0000000100055558 t __RNvXss_NtNtCsgtPOCBgevO_4core3str4iterNtB5_5LinesNtNtNtNtB9_4iter6traits8iterator8Iterator4nextCs9Vr3m8bx7MY_27piping_numerical_robustness
000000010005557c t __RNvXss_NtNtCsgtPOCBgevO_4core3str4iterNtB5_5LinesNtNtNtNtB9_4iter6traits8iterator8Iterator9size_hintCs9Vr3m8bx7MY_27piping_numerical_robustness
00000001000555b0 T __RINvNtNtNtNtCsgtPOCBgevO_4core5slice4sort6stable9quicksort16stable_partitionTNtNtCslJsSqIQKwiA_5alloc6string6StringB1d_ENCINvB2_9quicksortB1c_NCINvMNtB1h_5sliceSB1c_7sort_byNCINvXs1o_NtNtNtB1h_11collections5btree3mapINtB2V_8BTreeMapB1d_B1d_EINtNtNtNtBa_4iter6traits7collect12FromIteratorB1c_E9from_iterINtNtNtB3Y_8adapters3map3MapNtNtCscNegbyJkm8k_10serde_json3map4IterNCNCNCNvNtCs9Vr3m8bx7MY_27piping_numerical_robustness5cases10parse_cases0_000EE0E0E0EB65_
000000010005590c T __RINvNtNtNtNtCsgtPOCBgevO_4core5slice4sort6stable9quicksort16stable_partitionTNtNtCslJsSqIQKwiA_5alloc6string6StringB1d_ENCINvMNtB1h_5sliceSB1c_7sort_byNCINvXs1o_NtNtNtB1h_11collections5btree3mapINtB2z_8BTreeMapB1d_B1d_EINtNtNtNtBa_4iter6traits7collect12FromIteratorB1c_E9from_iterINtNtNtB3C_8adapters3map3MapNtNtCscNegbyJkm8k_10serde_json3map4IterNCNCNCNvNtCs9Vr3m8bx7MY_27piping_numerical_robustness5cases10parse_cases0_000EE0E0EB5J_
0000000100055c68 T __RINvNtNtNtNtCsgtPOCBgevO_4core5slice4sort6stable9quicksort9quicksortTNtNtCslJsSqIQKwiA_5alloc6string6StringB15_ENCINvMNtB19_5sliceSB14_7sort_byNCINvXs1o_NtNtNtB19_11collections5btree3mapINtB2r_8BTreeMapB15_B15_EINtNtNtNtBa_4iter6traits7collect12FromIteratorB14_E9from_iterINtNtNtB3u_8adapters3map3MapNtNtCscNegbyJkm8k_10serde_json3map4IterNCNCNCNvNtCs9Vr3m8bx7MY_27piping_numerical_robustness5cases10parse_cases0_000EE0E0EB5B_
0000000100055fac T __RINvXNtNtCslJsSqIQKwiA_5alloc3vec14spec_from_elemINtNtNtNtB7_11collections5btree3set8BTreeSetjENtB3_12SpecFromElem9from_elemNtNtB7_5alloc6GlobalECs9Vr3m8bx7MY_27piping_numerical_robustness
00000001000560a4 T __RINvYINtNtNtNtCslJsSqIQKwiA_5alloc11collections5btree3set8IntoIterjENtNtNtNtCsgtPOCBgevO_4core4iter6traits8iterator8Iterator4folduNCINvNvB14_8for_each4calljNCINvMsj_NtBc_3vecINtB2D_3VecjE14extend_trustedB3_E0E0ECs9Vr3m8bx7MY_27piping_numerical_robustness
000000010005618c T __RINvYINtNtNtNtCslJsSqIQKwiA_5alloc11collections5btree3set8IntoIterjENtNtNtNtCsgtPOCBgevO_4core4iter6traits8iterator8Iterator7collectINtNtBc_3vec3VecjEECs9Vr3m8bx7MY_27piping_numerical_robustness
00000001000561a0 T __RINvYINtNtNtNtCslJsSqIQKwiA_5alloc11collections5btree3set8IntoIterjENtNtNtNtCsgtPOCBgevO_4core4iter6traits8iterator8Iterator8for_eachNCINvMsj_NtBc_3vecINtB2g_3VecjE14extend_trustedB3_E0ECs9Vr3m8bx7MY_27piping_numerical_robustness
00000001000561d4 T __RNCINvNtNtNtNtCsgtPOCBgevO_4core5slice4sort6stable9quicksort9quicksortTNtNtCslJsSqIQKwiA_5alloc6string6StringB17_ENCINvMNtB1b_5sliceSB16_7sort_byNCINvXs1o_NtNtNtB1b_11collections5btree3mapINtB2t_8BTreeMapB17_B17_EINtNtNtNtBc_4iter6traits7collect12FromIteratorB16_E9from_iterINtNtNtB3w_8adapters3map3MapNtNtCscNegbyJkm8k_10serde_json3map4IterNCNCNCNvNtCs9Vr3m8bx7MY_27piping_numerical_robustness5cases10parse_cases0_000EE0E0E0B5D_
000000010005621c T __RNvMNtNtNtNtCsgtPOCBgevO_4core5slice4sort6stable9quicksortINtB2_14PartitionStateTNtNtCslJsSqIQKwiA_5alloc6string6StringB1h_EE13partition_oneCs9Vr3m8bx7MY_27piping_numerical_robustness
0000000100056358 T __RNvMsb_NtNtNtCslJsSqIQKwiA_5alloc11collections5btree3setINtB5_8BTreeSetjE3newCs9Vr3m8bx7MY_27piping_numerical_robustness
0000000100056398 T __RNvMsc_NtNtNtCslJsSqIQKwiA_5alloc11collections5btree3setINtB5_8BTreeSetjE6insertCs9Vr3m8bx7MY_27piping_numerical_robustness
00000001000563d0 t __RNvNvNtCsgtPOCBgevO_4core9ub_checks23maybe_is_nonoverlapping7runtimeCs9Vr3m8bx7MY_27piping_numerical_robustness
00000001000564a8 T __RNvXNtCsgtPOCBgevO_4core7convertRReINtB2_5AsRefNtNtCsa9BKTri5B3M_3std4path4PathE6as_refCs9Vr3m8bx7MY_27piping_numerical_robustness
00000001000564d0 T __RNvXNtCsgtPOCBgevO_4core7convertReINtB2_5AsRefNtNtCsa9BKTri5B3M_3std4path4PathE6as_refCs9Vr3m8bx7MY_27piping_numerical_robustness
0000000100056500 T __RNvXNtNtCsgtPOCBgevO_4core3ops12control_flowINtB2_11ControlFlowReENtNtB4_9try_trait3Try11from_outputCs9Vr3m8bx7MY_27piping_numerical_robustness
0000000100056510 T __RNvXNtNtCsgtPOCBgevO_4core3ops12control_flowINtB2_11ControlFlowReENtNtB4_9try_trait3Try6branchCs9Vr3m8bx7MY_27piping_numerical_robustness
0000000100056564 T __RNvXNtNtNtCsgtPOCBgevO_4core4iter6traits7collectINtNtNtNtCslJsSqIQKwiA_5alloc11collections5btree3set8IntoIterjENtB2_12IntoIterator9into_iterCs9Vr3m8bx7MY_27piping_numerical_robustness
0000000100056594 T __RNvXs3_NtNtNtCslJsSqIQKwiA_5alloc11collections5btree3setINtB5_8BTreeSetjENtNtCsgtPOCBgevO_4core5clone5Clone5cloneCs9Vr3m8bx7MY_27piping_numerical_robustness
00000001000565d4 T __RNvXs_NtNtCsgtPOCBgevO_4core3ops12control_flowINtB4_11ControlFlowReEINtNtB6_9try_trait12FromResidualIBJ_B11_NtNtB8_7convert10InfallibleEE13from_residualCs9Vr3m8bx7MY_27piping_numerical_robustness
00000001000565ec T __RNvXsg_NtNtNtCslJsSqIQKwiA_5alloc11collections5btree3setINtB5_8BTreeSetjENtNtNtNtCsgtPOCBgevO_4core4iter6traits7collect12IntoIterator9into_iterCs9Vr3m8bx7MY_27piping_numerical_robustness
0000000100056774 T __RNvXsz_NtNtNtCslJsSqIQKwiA_5alloc11collections5btree3setINtB5_8IntoIterjENtNtNtNtCsgtPOCBgevO_4core4iter6traits8iterator8Iterator4nextCs9Vr3m8bx7MY_27piping_numerical_robustness
00000001000567d4 T __RNvXsz_NtNtNtCslJsSqIQKwiA_5alloc11collections5btree3setINtB5_8IntoIterjENtNtNtNtCsgtPOCBgevO_4core4iter6traits8iterator8Iterator9size_hintCs9Vr3m8bx7MY_27piping_numerical_robustness
0000000100056804 T __RINvNtNtCslJsSqIQKwiA_5alloc3vec16in_place_collect13needs_reallocINtNtNtNtB6_11collections5btree3set8BTreeSetjEINtB4_3VecjEECs9Vr3m8bx7MY_27piping_numerical_robustness
0000000100056830 T __RINvNtNtCslJsSqIQKwiA_5alloc3vec16in_place_collect18from_iter_in_placeINtNtNtNtCsgtPOCBgevO_4core4iter8adapters3map3MapINtNtB4_9into_iter8IntoIterINtNtNtNtB6_11collections5btree3set8BTreeSetjEENCNvNtCs9Vr3m8bx7MY_27piping_numerical_robustness3rcm14free_adjacencys1_0EINtB4_3VecjEEB3b_
0000000100056bc8 T __RINvXs4_NtNtCslJsSqIQKwiA_5alloc3vec9into_iterINtB6_8IntoIterINtNtNtNtBa_11collections5btree3set8BTreeSetjEENtNtNtNtCsgtPOCBgevO_4core4iter6traits8iterator8Iterator8try_foldINtNtB8_13in_place_drop11InPlaceDropINtB8_3VecjEENCINvNtNtB1O_8adapters3map12map_try_foldBX_B3l_B2L_INtNtB1Q_6result6ResultB2L_zENCNvNtCs9Vr3m8bx7MY_27piping_numerical_robustness3rcm14free_adjacencys1_0NCINvNtB8_16in_place_collect24write_in_place_with_dropB3l_E0E0B4n_EB4W_
0000000100056d6c T __RINvYINtNtNtCslJsSqIQKwiA_5alloc3vec9into_iter8IntoIterINtNtNtNtBa_11collections5btree3set8BTreeSetjEENtNtNtNtCsgtPOCBgevO_4core4iter6traits8iterator8Iterator3mapINtB8_3VecjENCNvNtCs9Vr3m8bx7MY_27piping_numerical_robustness3rcm14free_adjacencys1_0EB2S_
0000000100056d88 T __RNCINvNtNtCslJsSqIQKwiA_5alloc3vec16in_place_collect24write_in_place_with_dropINtB6_3VecjEE0Cs9Vr3m8bx7MY_27piping_numerical_robustness
0000000100056dc8 t __RNvMNtNtCsgtPOCBgevO_4core4char7methodsc8to_digitCs9Vr3m8bx7MY_27piping_numerical_robustness
0000000100056ee8 T __RNvMs0_NtNtCslJsSqIQKwiA_5alloc3vec9into_iterINtB5_8IntoIterINtNtNtNtB9_11collections5btree3set8BTreeSetjEE16as_raw_mut_sliceCs9Vr3m8bx7MY_27piping_numerical_robustness
0000000100056fb4 T __RNvMs0_NtNtCslJsSqIQKwiA_5alloc3vec9into_iterINtB5_8IntoIterINtNtNtNtB9_11collections5btree3set8BTreeSetjEE32forget_allocation_drop_remainingCs9Vr3m8bx7MY_27piping_numerical_robustness
0000000100057034 T __RNvMs0_NtNtCslJsSqIQKwiA_5alloc3vec9into_iterINtB5_8IntoIterNtNtCs9Vr3m8bx7MY_27piping_numerical_robustness5cases4CaseE16as_raw_mut_sliceB10_
0000000100057100 T __RNvMs0_NtNtCslJsSqIQKwiA_5alloc3vec9into_iterINtB5_8IntoIterTNtNtB9_6string6StringBX_EE16as_raw_mut_sliceCs9Vr3m8bx7MY_27piping_numerical_robustness
00000001000571cc t __RNvNtNtCsgtPOCBgevO_4core4char7methods15encode_utf8_rawCs9Vr3m8bx7MY_27piping_numerical_robustness
00000001000572cc t __RNvNtNtCsgtPOCBgevO_4core4char7methods25encode_utf8_raw_uncheckedCs9Vr3m8bx7MY_27piping_numerical_robustness
0000000100057458 t __RNvNvMse_NtNtCsgtPOCBgevO_4core3num7nonzeroINtB7_7NonZeropE13new_unchecked18precondition_checkCs9Vr3m8bx7MY_27piping_numerical_robustness
0000000100057494 t __RNvNvNvNtNtCsgtPOCBgevO_4core4char7methods15encode_utf8_raw8do_panic7runtimeCs9Vr3m8bx7MY_27piping_numerical_robustness
0000000100057558 T __RNvXNvXse_NtNtCslJsSqIQKwiA_5alloc3vec9into_iterINtB8_8IntoIterppENtNtNtCsgtPOCBgevO_4core3ops4drop4Drop4dropINtB2_9DropGuardINtNtNtNtBc_11collections5btree3set8BTreeSetjENtNtBc_5alloc6GlobalEB12_4dropCs9Vr3m8bx7MY_27piping_numerical_robustness
00000001000575c8 T __RNvXNvXse_NtNtCslJsSqIQKwiA_5alloc3vec9into_iterINtB8_8IntoIterppENtNtNtCsgtPOCBgevO_4core3ops4drop4Drop4dropINtB2_9DropGuardNtNtCs9Vr3m8bx7MY_27piping_numerical_robustness5cases4CaseNtNtBc_5alloc6GlobalEB12_4dropB23_
0000000100057638 T __RNvXNvXse_NtNtCslJsSqIQKwiA_5alloc3vec9into_iterINtB8_8IntoIterppENtNtNtCsgtPOCBgevO_4core3ops4drop4Drop4dropINtB2_9DropGuardTNtNtBc_6string6StringB20_ENtNtBc_5alloc6GlobalEB12_4dropCs9Vr3m8bx7MY_27piping_numerical_robustness
00000001000576a8 T __RNvXs4_NtNtCslJsSqIQKwiA_5alloc3vec9into_iterINtB5_8IntoIterINtNtNtNtB9_11collections5btree3set8BTreeSetjEENtNtNtNtCsgtPOCBgevO_4core4iter6traits8iterator8Iterator9size_hintCs9Vr3m8bx7MY_27piping_numerical_robustness
000000010005775c T __RNvXs4_NtNtCslJsSqIQKwiA_5alloc3vec9into_iterINtB5_8IntoIterNtNtCs9Vr3m8bx7MY_27piping_numerical_robustness5cases4CaseENtNtNtNtCsgtPOCBgevO_4core4iter6traits8iterator8Iterator4nextB10_
0000000100057820 T __RNvXs4_NtNtCslJsSqIQKwiA_5alloc3vec9into_iterINtB5_8IntoIterNtNtCs9Vr3m8bx7MY_27piping_numerical_robustness5cases4CaseENtNtNtNtCsgtPOCBgevO_4core4iter6traits8iterator8Iterator9size_hintB10_
00000001000578d4 T __RNvXs4_NtNtCslJsSqIQKwiA_5alloc3vec9into_iterINtB5_8IntoIterTNtNtB9_6string6StringBX_EENtNtNtNtCsgtPOCBgevO_4core4iter6traits8iterator8Iterator4nextCs9Vr3m8bx7MY_27piping_numerical_robustness
0000000100057990 T __RNvXs4_NtNtCslJsSqIQKwiA_5alloc3vec9into_iterINtB5_8IntoIterTNtNtB9_6string6StringBX_EENtNtNtNtCsgtPOCBgevO_4core4iter6traits8iterator8Iterator9size_hintCs9Vr3m8bx7MY_27piping_numerical_robustness
0000000100057a44 T __RNvXse_NtNtCslJsSqIQKwiA_5alloc3vec9into_iterINtB5_8IntoIterINtNtNtNtB9_11collections5btree3set8BTreeSetjEENtNtNtCsgtPOCBgevO_4core3ops4drop4Drop4dropCs9Vr3m8bx7MY_27piping_numerical_robustness
0000000100057ac8 T __RNvXse_NtNtCslJsSqIQKwiA_5alloc3vec9into_iterINtB5_8IntoIterNtNtCs9Vr3m8bx7MY_27piping_numerical_robustness5cases4CaseENtNtNtCsgtPOCBgevO_4core3ops4drop4Drop4dropB10_
0000000100057b4c T __RNvXse_NtNtCslJsSqIQKwiA_5alloc3vec9into_iterINtB5_8IntoIterTNtNtB9_6string6StringBX_EENtNtNtCsgtPOCBgevO_4core3ops4drop4Drop4dropCs9Vr3m8bx7MY_27piping_numerical_robustness
0000000100057bd0 T __RNvXsg_NtNtCslJsSqIQKwiA_5alloc3vec9into_iterINtB5_8IntoIterINtNtNtNtB9_11collections5btree3set8BTreeSetjEENtNtNtCsgtPOCBgevO_4core4iter8adapters10SourceIter8as_innerCs9Vr3m8bx7MY_27piping_numerical_robustness
0000000100057be4 T __RNvXsh_NtNtCslJsSqIQKwiA_5alloc3vec9into_iterINtB5_8IntoIterINtNtNtNtB9_11collections5btree3set8BTreeSetjEENtNtB7_16in_place_collect13AsVecIntoIter12as_into_iterCs9Vr3m8bx7MY_27piping_numerical_robustness
0000000100057bf8 T __RNvYINtNtNtCslJsSqIQKwiA_5alloc3vec9into_iter8IntoIterTNtNtB9_6string6StringBR_EENtNtNtNtCsgtPOCBgevO_4core4iter6traits8iterator8Iterator8peekableCs9Vr3m8bx7MY_27piping_numerical_robustness
0000000100057c44 T __RINvMNtNtNtNtCsgtPOCBgevO_4core5slice4sort6stable5mergeINtB3_10MergeStatejE10merge_downNCINvMNtCslJsSqIQKwiA_5alloc5sliceSj11sort_by_keyTjjENCNvCshcW0Uub6Vfg_30open_pipe_stress_sparse_direct21reverse_cuthill_mckee0E0EB2i_
0000000100057e00 T __RINvMNtNtNtNtCsgtPOCBgevO_4core5slice4sort6stable5mergeINtB3_10MergeStatejE8merge_upNCINvMNtCslJsSqIQKwiA_5alloc5sliceSj11sort_by_keyTjjENCNvCshcW0Uub6Vfg_30open_pipe_stress_sparse_direct21reverse_cuthill_mckee0E0EB2f_
0000000100057f68 T __RINvNtNtNtNtCsgtPOCBgevO_4core5slice4sort6stable5drift10create_runjNCINvMNtCslJsSqIQKwiA_5alloc5sliceSj11sort_by_keyTjjENCNvCshcW0Uub6Vfg_30open_pipe_stress_sparse_direct21reverse_cuthill_mckee0E0EB1Y_
0000000100058340 T __RINvNtNtNtNtCsgtPOCBgevO_4core5slice4sort6stable5drift16stable_quicksortjNCINvMNtCslJsSqIQKwiA_5alloc5sliceSj11sort_by_keyTjjENCNvCshcW0Uub6Vfg_30open_pipe_stress_sparse_direct21reverse_cuthill_mckee0E0EB24_
00000001000583f4 T __RINvNtNtNtNtCsgtPOCBgevO_4core5slice4sort6stable5drift4sortjNCINvMNtCslJsSqIQKwiA_5alloc5sliceSj11sort_by_keyTjjENCNvCshcW0Uub6Vfg_30open_pipe_stress_sparse_direct21reverse_cuthill_mckee0E0EB1R_
00000001000589fc T __RINvNtNtNtNtCsgtPOCBgevO_4core5slice4sort6stable5merge5mergejNCINvMNtCslJsSqIQKwiA_5alloc5sliceSj11sort_by_keyTjjENCNvCshcW0Uub6Vfg_30open_pipe_stress_sparse_direct21reverse_cuthill_mckee0E0EB1S_
0000000100058c2c T __RINvNtNtNtNtCsgtPOCBgevO_4core5slice4sort6stable9quicksort16stable_partitionjNCINvB2_9quicksortjNCINvMNtCslJsSqIQKwiA_5alloc5sliceSj11sort_by_keyTjjENCNvCshcW0Uub6Vfg_30open_pipe_stress_sparse_direct21reverse_cuthill_mckee0E0E0EB2r_
000000010005904c T __RINvNtNtNtNtCsgtPOCBgevO_4core5slice4sort6stable9quicksort16stable_partitionjNCINvMNtCslJsSqIQKwiA_5alloc5sliceSj11sort_by_keyTjjENCNvCshcW0Uub6Vfg_30open_pipe_stress_sparse_direct21reverse_cuthill_mckee0E0EB28_
000000010005946c T __RINvNtNtNtNtCsgtPOCBgevO_4core5slice4sort6stable9quicksort9quicksortjNCINvMNtCslJsSqIQKwiA_5alloc5sliceSj11sort_by_keyTjjENCNvCshcW0Uub6Vfg_30open_pipe_stress_sparse_direct21reverse_cuthill_mckee0E0EB20_
0000000100059798 T __RINvXs_NtNtNtCsgtPOCBgevO_4core4iter8adapters6copiedINtB5_6CopiedINtNtNtBb_5slice4iter4IterjEENtNtNtB9_6traits8iterator8Iterator4foldTTjjEjENCINvNtB7_3map8map_foldjB27_B27_NCINvNvB1u_10min_by_key3keyjB28_NCNvCshcW0Uub6Vfg_30open_pipe_stress_sparse_direct24min_by_degree_then_index0E0NCINvNvB1u_6min_by4foldB27_INvB2P_7comparejB28_EE0E0EB3k_
00000001000597d0 T __RINvYINtNtNtNtCsgtPOCBgevO_4core4iter8adapters6copied6CopiedINtNtNtBc_5slice4iter4IterjEENtNtNtBa_6traits8iterator8Iterator10min_by_keyTjjENCNvCshcW0Uub6Vfg_30open_pipe_stress_sparse_direct24min_by_degree_then_index0EB2h_
00000001000598b0 T __RINvYINtNtNtNtCsgtPOCBgevO_4core4iter8adapters6copied6CopiedINtNtNtBc_5slice4iter4IterjEENtNtNtBa_6traits8iterator8Iterator3mapTTjjEjENCINvNvB1p_10min_by_key3keyjB22_NCNvCshcW0Uub6Vfg_30open_pipe_stress_sparse_direct24min_by_degree_then_index0E0EB2I_
00000001000598e8 T __RNCINvNtNtNtCsgtPOCBgevO_4core4iter8adapters6copied9copy_foldjTTjjEjENCINvNtB6_3map8map_foldjBY_BY_NCINvNvNtNtNtB8_6traits8iterator8Iterator10min_by_key3keyjBZ_NCNvCshcW0Uub6Vfg_30open_pipe_stress_sparse_direct24min_by_degree_then_index0E0NCINvNvB1G_6min_by4foldBY_INvB1E_7comparejBZ_EE0E0E0B2C_
000000010005993c T __RNCINvNtNtNtNtCsgtPOCBgevO_4core5slice4sort6stable9quicksort9quicksortjNCINvMNtCslJsSqIQKwiA_5alloc5sliceSj11sort_by_keyTjjENCNvCshcW0Uub6Vfg_30open_pipe_stress_sparse_direct21reverse_cuthill_mckee0E0E0B22_
0000000100059984 t __RNCNvCshcW0Uub6Vfg_30open_pipe_stress_sparse_direct21reverse_cuthill_mckee0B3_
00000001000599d0 t __RNCNvCshcW0Uub6Vfg_30open_pipe_stress_sparse_direct24min_by_degree_then_index0B3_
0000000100059a40 t __RNvCshcW0Uub6Vfg_30open_pipe_stress_sparse_direct13bfs_reachable
0000000100059dd8 t __RNvCshcW0Uub6Vfg_30open_pipe_stress_sparse_direct16bfs_eccentricity
000000010005a3c0 T __RNvCshcW0Uub6Vfg_30open_pipe_stress_sparse_direct21reverse_cuthill_mckee
000000010005aac8 t __RNvCshcW0Uub6Vfg_30open_pipe_stress_sparse_direct23pseudo_peripheral_start
000000010005ad64 t __RNvCshcW0Uub6Vfg_30open_pipe_stress_sparse_direct24min_by_degree_then_index
000000010005adac t __RNvNvMs1_NtNtCsgtPOCBgevO_4core3ptr8non_nullINtB7_7NonNullpE13new_unchecked18precondition_checkCshcW0Uub6Vfg_30open_pipe_stress_sparse_direct
000000010005ae04 t __RNvNvMs_NtCslJsSqIQKwiA_5alloc3vecINtB6_3VecppE17from_raw_parts_in18precondition_checkCshcW0Uub6Vfg_30open_pipe_stress_sparse_direct
000000010005ae64 t __RNvNvNtCsgtPOCBgevO_4core4hint16assert_unchecked18precondition_checkCshcW0Uub6Vfg_30open_pipe_stress_sparse_direct
000000010005aebc t __RNvNvXs0_NtNtCsgtPOCBgevO_4core5slice5indexjINtB7_10SliceIndexSpE13get_unchecked18precondition_checkCshcW0Uub6Vfg_30open_pipe_stress_sparse_direct
000000010005af1c t __RNvNvXs2_NtNtCsgtPOCBgevO_4core5slice5indexINtNtNtBb_3ops5range5RangejEINtB7_10SliceIndexSpE17get_unchecked_mut18precondition_checkCshcW0Uub6Vfg_30open_pipe_stress_sparse_direct
000000010005af9c T __RINvMNtCslJsSqIQKwiA_5alloc5sliceSj11sort_by_keyTjjENCNvCshcW0Uub6Vfg_30open_pipe_stress_sparse_direct21reverse_cuthill_mckee0EBS_
000000010005afec T __RINvNtCslJsSqIQKwiA_5alloc5slice11stable_sortjNCINvMB2_Sj11sort_by_keyTjjENCNvCshcW0Uub6Vfg_30open_pipe_stress_sparse_direct21reverse_cuthill_mckee0E0EB1e_
000000010005b0b8 T __RINvNtNtNtCsgtPOCBgevO_4core5slice4sort6stable14driftsort_mainjNCINvMNtCslJsSqIQKwiA_5alloc5sliceSj11sort_by_keyTjjENCNvCshcW0Uub6Vfg_30open_pipe_stress_sparse_direct21reverse_cuthill_mckee0E0INtNtB17_3vec3VecjEEB1U_
000000010005b2a4 T __RINvNtNtNtNtCsgtPOCBgevO_4core5slice4sort6shared5pivot11median3_recjNCINvMNtCslJsSqIQKwiA_5alloc5sliceSj11sort_by_keyTjjENCNvCshcW0Uub6Vfg_30open_pipe_stress_sparse_direct21reverse_cuthill_mckee0E0EB1Z_
000000010005b45c T __RINvNtNtNtNtCsgtPOCBgevO_4core5slice4sort6shared5pivot12choose_pivotjNCINvMNtCslJsSqIQKwiA_5alloc5sliceSj11sort_by_keyTjjENCNvCshcW0Uub6Vfg_30open_pipe_stress_sparse_direct21reverse_cuthill_mckee0E0EB20_
000000010005b690 T __RINvNtNtNtNtCsgtPOCBgevO_4core5slice4sort6shared9smallsort11insert_tailjNCINvMNtCslJsSqIQKwiA_5alloc5sliceSj11sort_by_keyTjjENCNvCshcW0Uub6Vfg_30open_pipe_stress_sparse_direct21reverse_cuthill_mckee0E0EB23_
000000010005b81c T __RINvNtNtNtNtCsgtPOCBgevO_4core5slice4sort6shared9smallsort12sort4_stablejNCINvMNtCslJsSqIQKwiA_5alloc5sliceSj11sort_by_keyTjjENCNvCshcW0Uub6Vfg_30open_pipe_stress_sparse_direct21reverse_cuthill_mckee0E0EB24_
000000010005bf3c T __RINvNtNtNtNtCsgtPOCBgevO_4core5slice4sort6shared9smallsort12sort8_stablejNCINvMNtCslJsSqIQKwiA_5alloc5sliceSj11sort_by_keyTjjENCNvCshcW0Uub6Vfg_30open_pipe_stress_sparse_direct21reverse_cuthill_mckee0E0EB24_
000000010005c000 T __RINvNtNtNtNtCsgtPOCBgevO_4core5slice4sort6shared9smallsort19bidirectional_mergejNCINvMNtCslJsSqIQKwiA_5alloc5sliceSj11sort_by_keyTjjENCNvCshcW0Uub6Vfg_30open_pipe_stress_sparse_direct21reverse_cuthill_mckee0E0EB2b_
000000010005c4dc T __RINvNtNtNtNtCsgtPOCBgevO_4core5slice4sort6shared9smallsort25insertion_sort_shift_leftjNCINvMNtCslJsSqIQKwiA_5alloc5sliceSj11sort_by_keyTjjENCNvCshcW0Uub6Vfg_30open_pipe_stress_sparse_direct21reverse_cuthill_mckee0E0EB2h_
000000010005c59c T __RINvNtNtNtNtCsgtPOCBgevO_4core5slice4sort6shared9smallsort31small_sort_general_with_scratchjNCINvMNtCslJsSqIQKwiA_5alloc5sliceSj11sort_by_keyTjjENCNvCshcW0Uub6Vfg_30open_pipe_stress_sparse_direct21reverse_cuthill_mckee0E0EB2n_
000000010005ca90 T __RINvXs0_NtNtNtCsgtPOCBgevO_4core4iter8adapters3mapINtB6_3MapINtNtB8_6copied6CopiedINtNtNtBc_5slice4iter4IterjEENCINvNvNtNtNtBa_6traits8iterator8Iterator10min_by_key3keyjTjjENCNvCshcW0Uub6Vfg_30open_pipe_stress_sparse_direct24min_by_degree_then_index0E0EB1S_4foldTB2H_jENCINvNvB1S_6min_by4foldB4c_INvB1Q_7comparejB2H_EE0EB2P_
000000010005cacc T __RINvXs2J_NtNtCsgtPOCBgevO_4core5slice4iterINtB7_4IterjENtNtNtNtBb_4iter6traits8iterator8Iterator4foldTTjjEjENCINvNtNtBX_8adapters6copied9copy_foldjB1B_NCINvNtB1P_3map8map_foldjB1B_B1B_NCINvNvBR_10min_by_key3keyjB1C_NCNvCshcW0Uub6Vfg_30open_pipe_stress_sparse_direct24min_by_degree_then_index0E0NCINvNvBR_6min_by4foldB1B_INvB31_7comparejB1C_EE0E0E0EB3v_
000000010005ccec T __RINvYINtNtNtNtCsgtPOCBgevO_4core4iter8adapters3map3MapINtNtB8_6copied6CopiedINtNtNtBc_5slice4iter4IterjEENCINvNvNtNtNtBa_6traits8iterator8Iterator10min_by_key3keyjTjjENCNvCshcW0Uub6Vfg_30open_pipe_stress_sparse_direct24min_by_degree_then_index0E0EB1M_6reduceNCINvNvB1M_6min_by4foldTB2B_jEINvB1K_7comparejB2B_EE0EB2J_
000000010005ce04 T __RNCINvMNtCslJsSqIQKwiA_5alloc5sliceSj11sort_by_keyTjjENCNvCshcW0Uub6Vfg_30open_pipe_stress_sparse_direct21reverse_cuthill_mckee0E0BU_
000000010005cec4 T __RNCINvNtNtNtCsgtPOCBgevO_4core4iter8adapters3map8map_foldjTTjjEjEBU_NCINvNvNtNtNtB8_6traits8iterator8Iterator10min_by_key3keyjBV_NCNvCshcW0Uub6Vfg_30open_pipe_stress_sparse_direct24min_by_degree_then_index0E0NCINvNvB1b_6min_by4foldBU_INvB19_7comparejBV_EE0E0B27_
000000010005cf80 T __RNCINvNvNtNtNtNtCsgtPOCBgevO_4core4iter6traits8iterator8Iterator10min_by_key3keyjTjjENCNvCshcW0Uub6Vfg_30open_pipe_stress_sparse_direct24min_by_degree_then_index0E0B1p_
000000010005cff4 t __RNvMNtCslJsSqIQKwiA_5alloc5allocNtB2_6Global18alloc_impl_runtimeCshcW0Uub6Vfg_30open_pipe_stress_sparse_direct
000000010005d17c t __RNvNtCslJsSqIQKwiA_5alloc5boxed14box_new_uninitCshcW0Uub6Vfg_30open_pipe_stress_sparse_direct
000000010005d200 t __RNvNvMNtNtCsgtPOCBgevO_4core3ptr9const_ptrPp20offset_from_unsigned18precondition_checkCshcW0Uub6Vfg_30open_pipe_stress_sparse_direct
000000010005d260 t __RNvNvMs9_NtCsgtPOCBgevO_4core3numj13unchecked_add18precondition_checkCshcW0Uub6Vfg_30open_pipe_stress_sparse_direct
000000010005d2c4 t __RNvNvNtCsgtPOCBgevO_4core3ptr19copy_nonoverlapping18precondition_checkCshcW0Uub6Vfg_30open_pipe_stress_sparse_direct
000000010005d42c t __RNvNvNtCsgtPOCBgevO_4core9ub_checks23maybe_is_nonoverlapping7runtimeCshcW0Uub6Vfg_30open_pipe_stress_sparse_direct
000000010005d504 t __RNvNvNtNtCsgtPOCBgevO_4core5slice3raw14from_raw_parts18precondition_checkCshcW0Uub6Vfg_30open_pipe_stress_sparse_direct
000000010005d5f0 T __RNvXs0_NtNtNtCsgtPOCBgevO_4core4iter8adapters3mapINtB5_3MapINtNtB7_6copied6CopiedINtNtNtBb_5slice4iter4IterjEENCINvNvNtNtNtB9_6traits8iterator8Iterator10min_by_key3keyjTjjENCNvCshcW0Uub6Vfg_30open_pipe_stress_sparse_direct24min_by_degree_then_index0E0EB1R_4nextB2O_
000000010005d684 T __RINvMNtCsgtPOCBgevO_4core5sliceSNtNtCscNegbyJkm8k_10serde_json5value5Value3getjEBy_
000000010005d6c8 T __RINvMsb_NtNtNtCslJsSqIQKwiA_5alloc11collections5btree8navigateINtB6_13LazyLeafRangeNtNtNtB8_4node6marker5DyingNtNtBc_6string6StringNtNtCscNegbyJkm8k_10serde_json5value5ValueE16deallocating_endNtNtBc_5alloc6GlobalEB29_
000000010005d760 T __RINvMsb_NtNtNtCslJsSqIQKwiA_5alloc11collections5btree8navigateINtB6_13LazyLeafRangeNtNtNtB8_4node6marker5DyingNtNtBc_6string6StringNtNtCscNegbyJkm8k_10serde_json5value5ValueE27deallocating_next_uncheckedNtNtBc_5alloc6GlobalEB29_
000000010005d808 T __RINvNtNtCscNegbyJkm8k_10serde_json7lexical8rounding14avoid_overflowdEB6_
000000010005d93c T __RINvNtNtCscNegbyJkm8k_10serde_json7lexical8rounding14avoid_overflowfEB6_
000000010005da70 T __RINvNtNtCscNegbyJkm8k_10serde_json7lexical8rounding14round_to_floatdNCINvNtB4_6bhcomp10large_atofdE0EB6_
000000010005dbdc T __RINvNtNtCscNegbyJkm8k_10serde_json7lexical8rounding14round_to_floatdNvB2_14round_downwardEB6_
000000010005dd38 T __RINvNtNtCscNegbyJkm8k_10serde_json7lexical8rounding14round_to_floatdNvB2_22round_nearest_tie_evenEB6_
000000010005de94 T __RINvNtNtCscNegbyJkm8k_10serde_json7lexical8rounding14round_to_floatfNCINvNtB4_6bhcomp10large_atoffE0EB6_
000000010005e000 T __RINvNtNtCscNegbyJkm8k_10serde_json7lexical8rounding14round_to_floatfNvB2_14round_downwardEB6_
000000010005e15c T __RINvNtNtCscNegbyJkm8k_10serde_json7lexical8rounding14round_to_floatfNvB2_22round_nearest_tie_evenEB6_
000000010005e2b8 T __RINvNtNtCscNegbyJkm8k_10serde_json7lexical8rounding15round_to_nativedNCINvNtB4_6bhcomp10large_atofdE0EB6_
000000010005e340 T __RINvNtNtCscNegbyJkm8k_10serde_json7lexical8rounding15round_to_nativedNvB2_14round_downwardEB6_
000000010005e3bc T __RINvNtNtCscNegbyJkm8k_10serde_json7lexical8rounding15round_to_nativedNvB2_22round_nearest_tie_evenEB6_
000000010005e438 T __RINvNtNtCscNegbyJkm8k_10serde_json7lexical8rounding15round_to_nativefNCINvNtB4_6bhcomp10large_atoffE0EB6_
000000010005e4c0 T __RINvNtNtCscNegbyJkm8k_10serde_json7lexical8rounding15round_to_nativefNvB2_14round_downwardEB6_
000000010005e53c T __RINvNtNtCscNegbyJkm8k_10serde_json7lexical8rounding15round_to_nativefNvB2_22round_nearest_tie_evenEB6_
000000010005e5b8 T __RINvXNtNtCscNegbyJkm8k_10serde_json5value2deNtB5_5ValueNtNtCsa9E01ePNyi4_10serde_core2de11Deserialize11deserializeQINtNtB7_2de12DeserializerNtNtB7_4read7StrReadEEB7_
000000010005e5dc T __RINvXNtNtCscNegbyJkm8k_10serde_json7lexical6errorsyNtB3_11FloatErrors17error_is_accuratedEB7_
000000010005e79c T __RINvXNtNtCscNegbyJkm8k_10serde_json7lexical6errorsyNtB3_11FloatErrors17error_is_accuratefEB7_
000000010005e95c T __RNCINvMNtNtCsgtPOCBgevO_4core3ops9try_traitINtB5_17NeverShortCircuitjE10wrap_mut_2jRhNCNvYINtNtNtNtB9_4iter8adapters10take_while9TakeWhileINtNtNtB9_5slice4iter4IterhENCINvNtNtCscNegbyJkm8k_10serde_json7lexical6bhcomp6bhcompdE0ENtNtNtB1x_6traits8iterator8Iterator5count0E0B2N_
000000010005e98c T __RNCINvMNtNtCsgtPOCBgevO_4core3ops9try_traitINtB5_17NeverShortCircuitjE10wrap_mut_2jRhNCNvYINtNtNtNtB9_4iter8adapters10take_while9TakeWhileINtNtNtB9_5slice4iter4IterhENCINvNtNtCscNegbyJkm8k_10serde_json7lexical6bhcomp6bhcompfE0ENtNtNtB1x_6traits8iterator8Iterator5count0E0B2N_
000000010005e9bc T __RNCINvMNtNtCsgtPOCBgevO_4core3ops9try_traitINtB5_17NeverShortCircuituE10wrap_mut_2uyNCINvNvNtNtNtNtB9_4iter6traits8iterator8Iterator8for_each4callyINvNtB9_3mem4dropyEE0E0CscNegbyJkm8k_10serde_json
000000010005e9e4 T __RNCINvMNtNtCsgtPOCBgevO_4core3ops9try_traitINtB5_17NeverShortCircuituE10wrap_mut_2uyNCINvNvNtNtNtNtB9_4iter6traits8iterator8Iterator8for_each4callyNCINvMsj_NtCslJsSqIQKwiA_5alloc3vecINtB2u_3VecyE14extend_trustedQINtNtNtB1x_8adapters4take4TakeINtNtNtB1x_7sources6repeat6RepeatyEEE0E0E0CscNegbyJkm8k_10serde_json
000000010005ea0c T __RNCINvMsm_NtNtNtCslJsSqIQKwiA_5alloc11collections5btree8navigateINtNtBa_4node6HandleINtB13_7NodeRefNtNtB13_6marker5DyingNtNtBe_6string6StringNtNtCscNegbyJkm8k_10serde_json5value5ValueNtB1B_4LeafENtB1B_4EdgeE27deallocating_next_uncheckedNtNtBe_5alloc6GlobalE0B2j_
000000010005ea64 T __RNCINvNvNtNtNtNtCsgtPOCBgevO_4core4iter6traits8iterator8Iterator3any5checkRyNCINvNtNtCscNegbyJkm8k_10serde_json7lexical4math7nonzeroyE0E0B1l_
000000010005eab4 T __RNCINvNvNtNtNtNtCsgtPOCBgevO_4core4iter6traits8iterator8Iterator8for_each4callyINvNtBe_3mem4dropyEE0CscNegbyJkm8k_10serde_json
000000010005eadc T __RNCINvNvNtNtNtNtCsgtPOCBgevO_4core4iter6traits8iterator8Iterator8for_each4callyNCINvMsj_NtCslJsSqIQKwiA_5alloc3vecINtB1o_3VecyE14extend_trustedQINtNtNtBc_8adapters4take4TakeINtNtNtBc_7sources6repeat6RepeatyEEE0E0CscNegbyJkm8k_10serde_json
000000010005eb04 T __RNCNvMsk_NtNtNtCslJsSqIQKwiA_5alloc11collections5btree8navigateINtNtB9_4node6HandleINtB12_7NodeRefNtNtB12_6marker5ImmutNtNtBd_6string6StringNtNtCscNegbyJkm8k_10serde_json5value5ValueNtB1A_4LeafENtB1A_4EdgeE14next_unchecked0B2i_
000000010005ebc8 T __RNCNvNtNtNtCscNegbyJkm8k_10serde_json7lexical4math5small10bit_length0B9_
000000010005ec14 T __RNCNvNtNtNtCscNegbyJkm8k_10serde_json7lexical4math5small13leading_zeros0B9_
000000010005ec40 T __RNCNvYINtNtNtNtCsgtPOCBgevO_4core4iter8adapters10take_while9TakeWhileINtNtNtBd_5slice4iter4IterhENCINvNtNtCscNegbyJkm8k_10serde_json7lexical6bhcomp6bhcompdE0ENtNtNtBb_6traits8iterator8Iterator5count0B1G_
000000010005eca8 T __RNCNvYINtNtNtNtCsgtPOCBgevO_4core4iter8adapters10take_while9TakeWhileINtNtNtBd_5slice4iter4IterhENCINvNtNtCscNegbyJkm8k_10serde_json7lexical6bhcomp6bhcompfE0ENtNtNtBb_6traits8iterator8Iterator5count0B1G_
000000010005ed10 t __RNcNtNtNtCscNegbyJkm8k_10serde_json5value5Value6Number0B7_
000000010005ed28 T __RNvMNtCsgtPOCBgevO_4core5sliceSNtNtCscNegbyJkm8k_10serde_json5value5Value4iterBx_
000000010005ed50 t __RNvMNtNtCsgtPOCBgevO_4core2io5errorNtB2_9ErrorKind9from_primCscNegbyJkm8k_10serde_json
000000010005f200 T __RNvMs0_NtCscNegbyJkm8k_10serde_json5valueNtB5_5Value6as_str
000000010005f264 T __RNvMs0_NtCscNegbyJkm8k_10serde_json5valueNtB5_5Value6as_u64
000000010005f2c8 T __RNvMs0_NtCscNegbyJkm8k_10serde_json5valueNtB5_5Value7as_bool
000000010005f320 T __RNvMs0_NtCscNegbyJkm8k_10serde_json5valueNtB5_5Value7as_null
000000010005f35c T __RNvMs0_NtCscNegbyJkm8k_10serde_json5valueNtB5_5Value7is_null
000000010005f390 T __RNvMs0_NtCscNegbyJkm8k_10serde_json5valueNtB5_5Value8as_array
000000010005f3dc T __RNvMs0_NtCscNegbyJkm8k_10serde_json5valueNtB5_5Value9as_object
000000010005f428 T __RNvMs_NtCslJsSqIQKwiA_5alloc5boxedINtB4_3BoxINtNtNtNtB6_11collections5btree4node12InternalNodeNtNtB6_6string6StringNtNtCscNegbyJkm8k_10serde_json5value5ValueEE13new_uninit_inB1T_
000000010005f48c T __RNvMs_NtCslJsSqIQKwiA_5alloc5boxedINtB4_3BoxINtNtNtNtB6_11collections5btree4node12InternalNodeNtNtB6_6string6StringNtNtCscNegbyJkm8k_10serde_json5value5ValueEE17try_new_uninit_inB1T_
000000010005f584 T __RNvMs_NtCslJsSqIQKwiA_5alloc5boxedINtB4_3BoxINtNtNtNtB6_11collections5btree4node8LeafNodeNtNtB6_6string6StringNtNtCscNegbyJkm8k_10serde_json5value5ValueEE13new_uninit_inB1O_
000000010005f5e8 T __RNvMs_NtCslJsSqIQKwiA_5alloc5boxedINtB4_3BoxINtNtNtNtB6_11collections5btree4node8LeafNodeNtNtB6_6string6StringNtNtCscNegbyJkm8k_10serde_json5value5ValueEE17try_new_uninit_inB1O_
000000010005f6e0 T __RNvMsb_NtNtNtCslJsSqIQKwiA_5alloc11collections5btree8navigateINtB5_13LazyLeafRangeNtNtNtB7_4node6marker5DyingNtNtBb_6string6StringNtNtCscNegbyJkm8k_10serde_json5value5ValueE10take_frontB28_
000000010005f8d0 T __RNvMsc_NtNtNtCslJsSqIQKwiA_5alloc11collections5btree8navigateINtB5_13LazyLeafRangeNtNtNtB7_4node6marker5DyingNtNtBb_6string6StringNtNtCscNegbyJkm8k_10serde_json5value5ValueE10init_frontB28_
000000010005fac4 T __RNvMsc_NtNtNtCslJsSqIQKwiA_5alloc11collections5btree8navigateINtB5_13LazyLeafRangeNtNtNtB7_4node6marker5ImmutNtNtBb_6string6StringNtNtCscNegbyJkm8k_10serde_json5value5ValueE10init_frontB28_
000000010005fcb8 t __RNvNtCslJsSqIQKwiA_5alloc5boxed14box_new_uninitCscNegbyJkm8k_10serde_json
000000010005fd3c t __RNvNtNtCscNegbyJkm8k_10serde_json7lexical6errors25nearest_error_is_accurateB5_
000000010005fe4c t __RNvNtNtCscNegbyJkm8k_10serde_json7lexical8rounding12lower_n_maskB5_
000000010005ff4c t __RNvNtNtCscNegbyJkm8k_10serde_json7lexical8rounding12round_towardB5_
000000010005ffb8 t __RNvNtNtCscNegbyJkm8k_10serde_json7lexical8rounding13round_nearestB5_
0000000100060050 t __RNvNtNtCscNegbyJkm8k_10serde_json7lexical8rounding14round_downwardB5_
000000010006008c t __RNvNtNtCscNegbyJkm8k_10serde_json7lexical8rounding15internal_n_maskB5_
00000001000601c4 t __RNvNtNtCscNegbyJkm8k_10serde_json7lexical8rounding15lower_n_halfwayB5_
0000000100060294 t __RNvNtNtCscNegbyJkm8k_10serde_json7lexical8rounding22round_nearest_tie_evenB5_
00000001000602ec t __RNvNtNtCscNegbyJkm8k_10serde_json7lexical8rounding7downardB5_
0000000100060300 t __RNvNtNtCscNegbyJkm8k_10serde_json7lexical8rounding7nth_bitB5_
00000001000603b0 t __RNvNtNtCscNegbyJkm8k_10serde_json7lexical8rounding8tie_evenB5_
0000000100060454 t __RNvNtNtNtCscNegbyJkm8k_10serde_json7lexical4math5small10bit_lengthB7_
00000001000604e0 t __RNvNtNtNtCscNegbyJkm8k_10serde_json7lexical4math5small10ishl_limbsB7_
0000000100060584 t __RNvNtNtNtCscNegbyJkm8k_10serde_json7lexical4math5small13leading_zerosB7_
00000001000605b4 t __RNvNtNtNtCscNegbyJkm8k_10serde_json7lexical4math5small3mulB7_
0000000100060654 t __RNvNtNtNtCscNegbyJkm8k_10serde_json7lexical4math5small4iaddB7_
0000000100060680 t __RNvNtNtNtCscNegbyJkm8k_10serde_json7lexical4math5small4imulB7_
0000000100060718 t __RNvNtNtNtCscNegbyJkm8k_10serde_json7lexical4math5small4ishlB7_
00000001000607f4 t __RNvNtNtNtCscNegbyJkm8k_10serde_json7lexical4math5small9iadd_implB7_
000000010006093c T __RNvNtNtNtCscNegbyJkm8k_10serde_json7lexical4math5small9imul_pow5
0000000100060cac t __RNvNtNtNtCscNegbyJkm8k_10serde_json7lexical4math5small9ishl_bitsB7_
0000000100060e9c t __RNvNtNtNtCscNegbyJkm8k_10serde_json7lexical4math5small9isub_implB7_
0000000100061044 t __RNvNtNtNtCscNegbyJkm8k_10serde_json7lexical4math5small9normalizeB7_
00000001000610a0 t __RNvNtNtNtCscNegbyJkm8k_10serde_json7lexical4math6scalar3addB7_
00000001000610cc t __RNvNtNtNtCscNegbyJkm8k_10serde_json7lexical4math6scalar3mulB7_
0000000100061270 t __RNvNtNtNtCscNegbyJkm8k_10serde_json7lexical4math6scalar3subB7_
000000010006129c t __RNvNtNtNtCscNegbyJkm8k_10serde_json7lexical4math6scalar4iaddB7_
00000001000612e8 t __RNvNtNtNtCscNegbyJkm8k_10serde_json7lexical4math6scalar4imulB7_
0000000100061334 t __RNvNtNtNtCscNegbyJkm8k_10serde_json7lexical4math6scalar4isubB7_
0000000100061380 t __RNvNtNtNtNtCsgtPOCBgevO_4core9core_arch7aarch644neon9generated8vld1q_u8CscNegbyJkm8k_10serde_json
00000001000613b4 t __RNvNtNtNtNtCsgtPOCBgevO_4core9core_arch7aarch644neon9generated9vpmaxq_u8CscNegbyJkm8k_10serde_json
00000001000613c8 t __RNvNvNtCsgtPOCBgevO_4core9ub_checks23maybe_is_nonoverlapping7runtimeCscNegbyJkm8k_10serde_json
00000001000614a0 T __RNvXNtNtCscNegbyJkm8k_10serde_json5value5indexjNtB2_5Index10index_into
0000000100061510 t __RNvXNtNtCscNegbyJkm8k_10serde_json7lexical6errorsyNtB2_11FloatErrors11error_scaleB6_
0000000100061518 t __RNvXNtNtCscNegbyJkm8k_10serde_json7lexical6errorsyNtB2_11FloatErrors15error_halfscaleB6_
0000000100061534 T __RNvXs8_NtCslJsSqIQKwiA_5alloc5boxedINtB5_3BoxDNtNtCsgtPOCBgevO_4core5error5ErrorNtNtBM_6marker4SyncNtB1i_4SendEL_ENtNtNtBM_3ops4drop4Drop4dropCscNegbyJkm8k_10serde_json
0000000100061618 T __RNvXs8_NtCslJsSqIQKwiA_5alloc5boxedINtB5_3BoxINtNtNtNtB7_11collections5btree4node12InternalNodeNtNtB7_6string6StringNtNtCscNegbyJkm8k_10serde_json5value5ValueEENtNtNtCsgtPOCBgevO_4core3ops4drop4Drop4dropB1U_
00000001000616e8 T __RNvXs8_NtCslJsSqIQKwiA_5alloc5boxedINtB5_3BoxINtNtNtNtB7_11collections5btree4node8LeafNodeNtNtB7_6string6StringNtNtCscNegbyJkm8k_10serde_json5value5ValueEENtNtNtCsgtPOCBgevO_4core3ops4drop4Drop4dropB1P_
00000001000617b8 T __RNvXs8_NtCslJsSqIQKwiA_5alloc5boxedINtB5_3BoxNtNtCscNegbyJkm8k_10serde_json5error9ErrorImplENtNtNtCsgtPOCBgevO_4core3ops4drop4Drop4dropBL_
0000000100061888 T __RNvXs8_NtCslJsSqIQKwiA_5alloc5boxedINtB5_3BoxNtNtNtCsa9BKTri5B3M_3std2io5error6CustomENtNtNtCsgtPOCBgevO_4core3ops4drop4Drop4dropCscNegbyJkm8k_10serde_json
0000000100061958 T __RNvXs_NtNtCscNegbyJkm8k_10serde_json5value5indexeNtB4_5Index10index_into
00000001000619cc T __RNvXs_NtNtCsgtPOCBgevO_4core3ops9try_traitINtB4_17NeverShortCircuitjENtB4_3Try11from_outputCscNegbyJkm8k_10serde_json
00000001000619dc T __RNvXs_NtNtCsgtPOCBgevO_4core3ops9try_traitINtB4_17NeverShortCircuitjENtB4_3Try6branchCscNegbyJkm8k_10serde_json
00000001000619ec T __RNvXs_NtNtCsgtPOCBgevO_4core3ops9try_traitINtB4_17NeverShortCircuituENtB4_3Try11from_outputCscNegbyJkm8k_10serde_json
00000001000619f8 T __RNvXs_NtNtCsgtPOCBgevO_4core3ops9try_traitINtB4_17NeverShortCircuituENtB4_3Try6branchCscNegbyJkm8k_10serde_json
0000000100061a04 T __RINvMs2_NtNtCslJsSqIQKwiA_5alloc3vec6spliceINtNtB8_5drain5DrainyE4fillINtNtB8_9into_iter8IntoIteryEECscNegbyJkm8k_10serde_json
0000000100061b48 T __RINvMs2_NtNtCslJsSqIQKwiA_5alloc3vec6spliceINtNtB8_5drain5DrainyE4fillINtNtNtNtCsgtPOCBgevO_4core4iter8adapters4take4TakeINtNtNtB1d_7sources6repeat6RepeatyEEECscNegbyJkm8k_10serde_json
0000000100061c8c T __RINvNtNtCscNegbyJkm8k_10serde_json7lexical9algorithm13fallback_pathdEB6_
0000000100061d90 T __RINvNtNtCscNegbyJkm8k_10serde_json7lexical9algorithm13fallback_pathfEB6_
0000000100061e94 T __RINvNtNtCscNegbyJkm8k_10serde_json7lexical9algorithm13moderate_pathdEB6_
0000000100061eec T __RINvNtNtCscNegbyJkm8k_10serde_json7lexical9algorithm13moderate_pathfEB6_
0000000100061f44 T __RINvNtNtCscNegbyJkm8k_10serde_json7lexical9algorithm26multiply_exponent_extendeddEB6_
00000001000622f8 T __RINvNtNtCscNegbyJkm8k_10serde_json7lexical9algorithm26multiply_exponent_extendedfEB6_
00000001000626ac T __RINvNtNtCscNegbyJkm8k_10serde_json7lexical9algorithm9fast_pathdEB6_
0000000100062964 T __RINvNtNtCscNegbyJkm8k_10serde_json7lexical9algorithm9fast_pathfEB6_
0000000100062c1c T __RINvNtNtNtCsgtPOCBgevO_4core4iter8adapters5chain17and_then_or_clearINtNtNtB8_5slice4iter4IterhERhNvYB13_NtNtNtB6_6traits8iterator8Iterator4nextECscNegbyJkm8k_10serde_json
0000000100062ccc T __RINvNtNtNtCslJsSqIQKwiA_5alloc11collections5btree3mem7replaceINtNtB4_4node6HandleINtB10_7NodeRefNtNtB10_6marker5DyingNtNtB8_6string6StringNtNtCscNegbyJkm8k_10serde_json5value5ValueNtB1y_4LeafENtB1y_4EdgeEIBY_IB1i_B1w_B1R_B2c_NtB1y_14LeafOrInternalENtB1y_2KVENCINvMsm_NtB4_8navigateBX_27deallocating_next_uncheckedNtNtB8_5alloc6GlobalE0EB2g_
0000000100062d98 T __RINvNtNtNtCslJsSqIQKwiA_5alloc11collections5btree3mem7replaceINtNtB4_4node6HandleINtB10_7NodeRefNtNtB10_6marker5ImmutNtNtB8_6string6StringNtNtCscNegbyJkm8k_10serde_json5value5ValueNtB1y_4LeafENtB1y_4EdgeETRB1R_RB2c_ENCNvMsk_NtB4_8navigateBX_14next_unchecked0EB2g_
0000000100062e5c T __RINvNtNtNtCslJsSqIQKwiA_5alloc11collections5btree3mem7replaceINtNtB4_4node7NodeRefNtNtB10_6marker5OwnedNtNtB8_6string6StringNtNtCscNegbyJkm8k_10serde_json5value5ValueNtB1k_14LeafOrInternalEuNCINvB2_8take_mutBX_NCINvMss_B10_BX_19push_internal_levelNtNtB8_5alloc6GlobalE0E0EB22_
0000000100062eec T __RINvXs2J_NtNtCsgtPOCBgevO_4core5slice4iterINtB7_4IterhENtNtNtNtBb_4iter6traits8iterator8Iterator3allNCNvMs3_NtCscNegbyJkm8k_10serde_json2deINtB1I_12DeserializerNtNtB1K_4read7StrReadE19parse_long_exponent0EB1K_
0000000100062fcc T __RINvXs3_NtCsa9E01ePNyi4_10serde_core2deINtNtCsgtPOCBgevO_4core6marker11PhantomDataNtNtCscNegbyJkm8k_10serde_json5value5ValueENtB6_15DeserializeSeed11deserializeQINtNtB1m_2de12DeserializerNtNtB1m_4read7StrReadEEB1m_
0000000100062ff0 T __RINvXs3_NtCsa9E01ePNyi4_10serde_core2deINtNtCsgtPOCBgevO_4core6marker11PhantomDataNtNtCslJsSqIQKwiA_5alloc6string6StringENtB6_15DeserializeSeed11deserializeINtNtCscNegbyJkm8k_10serde_json2de6MapKeyNtNtB2z_4read7StrReadEEB2z_
0000000100063014 T __RINvXs6_NtNtCsa9E01ePNyi4_10serde_core2de5implsNtNtCslJsSqIQKwiA_5alloc6string6StringNtB8_11Deserialize11deserializeINtNtCscNegbyJkm8k_10serde_json2de6MapKeyNtNtB1V_4read7StrReadEEB1V_
0000000100063038 T __RINvYINtNtNtCsgtPOCBgevO_4core5slice4iter4IterhENtNtNtNtBa_4iter6traits8iterator8Iterator10take_whileNCINvNtNtCscNegbyJkm8k_10serde_json7lexical6bhcomp6bhcompdE0EB1K_
0000000100063060 T __RINvYINtNtNtCsgtPOCBgevO_4core5slice4iter4IterhENtNtNtNtBa_4iter6traits8iterator8Iterator10take_whileNCINvNtNtCscNegbyJkm8k_10serde_json7lexical6bhcomp6bhcompfE0EB1K_
0000000100063088 T __RINvYINtNtNtCsgtPOCBgevO_4core5slice4iter4IterhENtNtNtNtBa_4iter6traits8iterator8Iterator5chainRShECscNegbyJkm8k_10serde_json
000000010006313c T __RINvYINtNtNtCsgtPOCBgevO_4core5slice4iter4IterhENtNtNtNtBa_4iter6traits8iterator8Iterator8try_foldjNCINvNvXs0_NtNtBQ_8adapters10take_whileINtB1K_9TakeWhileppEBK_8try_fold5checkRhjINtNtNtBa_3ops9try_trait17NeverShortCircuitjENCINvNtNtCscNegbyJkm8k_10serde_json7lexical6bhcomp6bhcompdE0NCINvMB2U_B2R_10wrap_mut_2jB2O_NCNvYIB2d_B3_B3A_EBK_5count0E0E0INtNtB2W_12control_flow11ControlFlowB2R_jEEB3J_
000000010006329c T __RINvYINtNtNtCsgtPOCBgevO_4core5slice4iter4IterhENtNtNtNtBa_4iter6traits8iterator8Iterator8try_foldjNCINvNvXs0_NtNtBQ_8adapters10take_whileINtB1K_9TakeWhileppEBK_8try_fold5checkRhjINtNtNtBa_3ops9try_trait17NeverShortCircuitjENCINvNtNtCscNegbyJkm8k_10serde_json7lexical6bhcomp6bhcompfE0NCINvMB2U_B2R_10wrap_mut_2jB2O_NCNvYIB2d_B3_B3A_EBK_5count0E0E0INtNtB2W_12control_flow11ControlFlowB2R_jEEB3J_
00000001000633fc T __RINvYINtNtNtCsgtPOCBgevO_4core5slice4iter4IteryENtNtNtNtBa_4iter6traits12double_ended19DoubleEndedIterator9try_rfolduNCINvNvNtNtBO_8iterator8Iterator3any5checkRyNCINvNtNtCscNegbyJkm8k_10serde_json7lexical4math7nonzeroyE0E0INtNtNtBa_3ops12control_flow11ControlFlowuEEB2I_
0000000100063504 T __RINvYINtNtNtCsgtPOCBgevO_4core5slice4iter7IterMutyENtNtNtNtBa_4iter6traits8iterator8Iterator3zipINtB6_4IteryEECscNegbyJkm8k_10serde_json
00000001000635d0 T __RINvYINtNtNtCslJsSqIQKwiA_5alloc3vec5drain5DrainyENtNtNtNtCsgtPOCBgevO_4core4iter6traits8iterator8Iterator8try_folduNCINvMNtNtBU_3ops9try_traitINtB1W_17NeverShortCircuituE10wrap_mut_2uyNCINvNvBM_8for_each4callyINvNtBU_3mem4dropyEE0E0B2h_ECscNegbyJkm8k_10serde_json
0000000100063694 T __RNCINvNtNtNtCslJsSqIQKwiA_5alloc11collections5btree3mem8take_mutINtNtB6_4node7NodeRefNtNtB13_6marker5OwnedNtNtBa_6string6StringNtNtCscNegbyJkm8k_10serde_json5value5ValueNtB1n_14LeafOrInternalENCINvMss_B13_B10_19push_internal_levelNtNtBa_5alloc6GlobalE0E0B25_
00000001000636bc T __RNCNvXs_NtNtNtCsgtPOCBgevO_4core4iter8adapters5chainINtB6_5ChainINtNtNtBc_5slice4iter4IterhEB10_ENtNtNtBa_6traits8iterator8Iterator4next0CscNegbyJkm8k_10serde_json
000000010006373c t __RNvMNtCslJsSqIQKwiA_5alloc5allocNtB2_6Global18alloc_impl_runtimeCscNegbyJkm8k_10serde_json
00000001000638c4 t __RNvMNtCslJsSqIQKwiA_5alloc6stringNtB2_6String4pushCscNegbyJkm8k_10serde_json
00000001000639d4 t __RNvMNtCslJsSqIQKwiA_5alloc6stringNtB2_6String8push_strCscNegbyJkm8k_10serde_json
0000000100063ac4 t __RNvMNtNtCsgtPOCBgevO_4core4char7methodsc8to_digitCscNegbyJkm8k_10serde_json
0000000100063be4 T __RNvMs2_NtNtCslJsSqIQKwiA_5alloc3vec6spliceINtNtB7_5drain5DrainyE9move_tailCscNegbyJkm8k_10serde_json
0000000100063d5c T __RNvMs4_NtNtCsgtPOCBgevO_4core5slice4iterINtB5_4IterNtNtCscNegbyJkm8k_10serde_json5value5ValueE3newBR_
0000000100063dac T __RNvMs4_NtNtCsgtPOCBgevO_4core5slice4iterINtB5_4IterhE3newCscNegbyJkm8k_10serde_json
0000000100063dfc T __RNvMs4_NtNtCsgtPOCBgevO_4core5slice4iterINtB5_4IteryE3newCscNegbyJkm8k_10serde_json
0000000100063e4c T __RNvMsa_NtNtCsgtPOCBgevO_4core5slice4iterINtB5_7IterMutyE3newCscNegbyJkm8k_10serde_json
0000000100063e9c t __RNvNtNtCscNegbyJkm8k_10serde_json7lexical8exponent17mantissa_exponentB5_
0000000100063fa4 t __RNvNtNtCscNegbyJkm8k_10serde_json7lexical8exponent19scientific_exponentB5_
00000001000640ac t __RNvNtNtCscNegbyJkm8k_10serde_json7lexical8exponent8into_i32B5_
00000001000640ec t __RNvNtNtCsgtPOCBgevO_4core4char7methods25encode_utf8_raw_uncheckedCscNegbyJkm8k_10serde_json
0000000100064278 t __RNvNvMse_NtNtCsgtPOCBgevO_4core3num7nonzeroINtB7_7NonZeropE13new_unchecked18precondition_checkCscNegbyJkm8k_10serde_json
00000001000642b4 t __RNvNvXs5_NtNtCsgtPOCBgevO_4core3str6traitsINtNtNtBb_3ops5range5RangejEINtNtNtBb_5slice5index10SliceIndexeE13get_unchecked18precondition_checkCscNegbyJkm8k_10serde_json
0000000100064334 T __RNvXNtCsgtPOCBgevO_4core6borrowNtNtCslJsSqIQKwiA_5alloc6string6StringINtB2_6BorrowBt_E6borrowCscNegbyJkm8k_10serde_json
0000000100064348 T __RNvXNtNtCsgtPOCBgevO_4core3ops12control_flowINtB2_11ControlFlowINtNtB4_9try_trait17NeverShortCircuitjEjENtB12_3Try11from_outputCscNegbyJkm8k_10serde_json
0000000100064360 T __RNvXNtNtCsgtPOCBgevO_4core3ops12control_flowINtB2_11ControlFlowINtNtB4_9try_trait17NeverShortCircuitjEjENtB12_3Try6branchCscNegbyJkm8k_10serde_json
00000001000643b4 T __RNvXNtNtCsgtPOCBgevO_4core3ops12control_flowINtB2_11ControlFlowINtNtB4_9try_trait17NeverShortCircuituEENtB12_3Try11from_outputCscNegbyJkm8k_10serde_json
00000001000643c8 T __RNvXNtNtCsgtPOCBgevO_4core3ops12control_flowINtB2_11ControlFlowINtNtB4_9try_trait17NeverShortCircuituEENtB12_3Try6branchCscNegbyJkm8k_10serde_json
0000000100064400 t __RNvXNtNtCsgtPOCBgevO_4core3str6traitseNtNtB6_3cmp3Ord3cmpCscNegbyJkm8k_10serde_json
00000001000644e8 T __RNvXNtNtNtCsgtPOCBgevO_4core4iter6traits7collectINtNtNtB6_8adapters5chain5ChainINtNtNtB8_5slice4iter4IterhEB1f_ENtB2_12IntoIterator9into_iterCscNegbyJkm8k_10serde_json
00000001000644fc T __RNvXNtNtNtCsgtPOCBgevO_4core4iter6traits7collectINtNtNtB8_5slice4iter11ChunksExacthENtB2_12IntoIterator9into_iterCscNegbyJkm8k_10serde_json
000000010006452c T __RNvXNtNtNtCsgtPOCBgevO_4core4iter6traits7collectINtNtNtB8_5slice4iter4IteryENtB2_12IntoIterator9into_iterCscNegbyJkm8k_10serde_json
0000000100064548 T __RNvXNtNtNtCsgtPOCBgevO_4core4iter6traits7collectQINtNtNtB6_8adapters5chain5ChainINtNtNtB8_5slice4iter4IterhEB1g_ENtB2_12IntoIterator9into_iterCscNegbyJkm8k_10serde_json
000000010006455c t __RNvXNvNtNtNtCslJsSqIQKwiA_5alloc11collections5btree3mem7replaceNtB2_10PanicGuardNtNtNtCsgtPOCBgevO_4core3ops4drop4Drop4dropCscNegbyJkm8k_10serde_json
0000000100064568 T __RNvXNvXs5_NtNtCslJsSqIQKwiA_5alloc3vec5drainINtB8_5DrainppENtNtNtCsgtPOCBgevO_4core3ops4drop4Drop4dropINtB2_9DropGuardyNtNtBc_5alloc6GlobalEBV_4dropCscNegbyJkm8k_10serde_json
00000001000646f4 t __RNvXs0_NtCslJsSqIQKwiA_5alloc3strNtNtB7_6string6StringINtNtCsgtPOCBgevO_4core6borrow6BorroweE6borrowCscNegbyJkm8k_10serde_json
0000000100064714 T __RNvXs0_NtNtNtCsgtPOCBgevO_4core4iter6traits8iteratorQINtNtNtB9_8adapters5chain5ChainINtNtNtBb_5slice4iter4IterhEB1k_ENtB5_8Iterator4nextCscNegbyJkm8k_10serde_json
000000010006473c t __RNvXs1_NtNtCsgtPOCBgevO_4core3ops5arithmNtB5_3Add3addCscNegbyJkm8k_10serde_json
0000000100064780 t __RNvXs1k_NtCslJsSqIQKwiA_5alloc6stringNtB6_6StringNtNtCsgtPOCBgevO_4core3cmp3Ord3cmpCscNegbyJkm8k_10serde_json
00000001000647ac T __RNvXs1q_NtNtCsgtPOCBgevO_4core5slice4iterINtB6_11ChunksExacthENtNtNtNtBa_4iter6traits8iterator8Iterator4nextCscNegbyJkm8k_10serde_json
00000001000648b8 T __RNvXs2J_NtNtCsgtPOCBgevO_4core5slice4iterINtB6_4IterNtNtCscNegbyJkm8k_10serde_json5value5ValueENtNtNtNtBa_4iter6traits8iterator8Iterator4nextBS_
000000010006493c T __RNvXs2J_NtNtCsgtPOCBgevO_4core5slice4iterINtB6_4IterNtNtCscNegbyJkm8k_10serde_json5value5ValueENtNtNtNtBa_4iter6traits8iterator8Iterator9size_hintBS_
00000001000649f0 T __RNvXs2J_NtNtCsgtPOCBgevO_4core5slice4iterINtB6_4IterNtNtCslJsSqIQKwiA_5alloc6string6StringENtNtNtNtBa_4iter6traits8iterator8Iterator4nextCscNegbyJkm8k_10serde_json
0000000100064a74 T __RNvXs2J_NtNtCsgtPOCBgevO_4core5slice4iterINtB6_4IterhENtNtNtNtBa_4iter6traits8iterator8Iterator5countCscNegbyJkm8k_10serde_json
0000000100064b08 T __RNvXs2J_NtNtCsgtPOCBgevO_4core5slice4iterINtB6_4IteryENtNtNtNtBa_4iter6traits8iterator8Iterator24___iterator_get_uncheckedCscNegbyJkm8k_10serde_json
0000000100064b28 T __RNvXs2J_NtNtCsgtPOCBgevO_4core5slice4iterINtB6_4IteryENtNtNtNtBa_4iter6traits8iterator8Iterator4nextCscNegbyJkm8k_10serde_json
0000000100064bac T __RNvXs2J_NtNtCsgtPOCBgevO_4core5slice4iterINtB6_4IteryENtNtNtNtBa_4iter6traits8iterator8Iterator9size_hintCscNegbyJkm8k_10serde_json
0000000100064c60 T __RNvXs2K_NtNtCsgtPOCBgevO_4core5slice4iterINtB6_4IteryENtNtNtNtBa_4iter6traits12double_ended19DoubleEndedIterator9next_backCscNegbyJkm8k_10serde_json
0000000100064d48 T __RNvXs2Q_NtNtCsgtPOCBgevO_4core5slice4iterINtB6_7IterMutyENtNtNtNtBa_4iter6traits8iterator8Iterator24___iterator_get_uncheckedCscNegbyJkm8k_10serde_json
0000000100064d68 T __RNvXs2Q_NtNtCsgtPOCBgevO_4core5slice4iterINtB6_7IterMutyENtNtNtNtBa_4iter6traits8iterator8Iterator4nextCscNegbyJkm8k_10serde_json
0000000100064dec T __RNvXs2Q_NtNtCsgtPOCBgevO_4core5slice4iterINtB6_7IterMutyENtNtNtNtBa_4iter6traits8iterator8Iterator9size_hintCscNegbyJkm8k_10serde_json
0000000100064ea0 t __RNvXs2_NtCslJsSqIQKwiA_5alloc5allocNtB5_6GlobalNtNtCsgtPOCBgevO_4core5clone5Clone5cloneCscNegbyJkm8k_10serde_json
0000000100064eb0 t __RNvXs2_NtNtCsgtPOCBgevO_4core3ops5arithyNtB5_3Add3addCscNegbyJkm8k_10serde_json
0000000100064ef4 T __RNvXs3_NtNtCsgtPOCBgevO_4core4iter5rangeINtNtNtB9_3ops5range5RangejENtB5_17RangeIteratorImpl9spec_nextCscNegbyJkm8k_10serde_json
0000000100064f88 T __RNvXs3_NtNtCslJsSqIQKwiA_5alloc3vec5drainINtB5_5DrainyENtNtNtNtCsgtPOCBgevO_4core4iter6traits8iterator8Iterator4nextCscNegbyJkm8k_10serde_json
0000000100065030 T __RNvXs4_NtNtCsgtPOCBgevO_4core4iter5rangeINtNtNtB9_3ops5range5RangejENtNtNtB7_6traits8iterator8Iterator4nextCscNegbyJkm8k_10serde_json
0000000100065054 T __RNvXs5_NtNtCsgtPOCBgevO_4core5slice5indexINtNtNtB9_3ops5range9RangeFromjEINtB5_10SliceIndexSyE5indexCscNegbyJkm8k_10serde_json
00000001000650c4 T __RNvXs5_NtNtCsgtPOCBgevO_4core5slice5indexINtNtNtB9_3ops5range9RangeFromjEINtB5_10SliceIndexSyE9index_mutCscNegbyJkm8k_10serde_json
000000010006513c T __RNvXs5_NtNtCslJsSqIQKwiA_5alloc3vec5drainINtB5_5DrainyENtNtNtCsgtPOCBgevO_4core3ops4drop4Drop4dropCscNegbyJkm8k_10serde_json
00000001000653ac t __RNvXsK_NtCslJsSqIQKwiA_5alloc6stringNtB5_6StringINtNtCsgtPOCBgevO_4core7convert4FromReE4fromCscNegbyJkm8k_10serde_json
00000001000653fc t __RNvXsZ_NtCslJsSqIQKwiA_5alloc6stringNtB5_6StringNtNtCsgtPOCBgevO_4core3fmt5Write10write_charCscNegbyJkm8k_10serde_json
000000010006542c t __RNvXsZ_NtCslJsSqIQKwiA_5alloc6stringNtB5_6StringNtNtCsgtPOCBgevO_4core3fmt5Write9write_strCscNegbyJkm8k_10serde_json
0000000100065464 t __RNvXs_NtCslJsSqIQKwiA_5alloc5allocNtB4_6GlobalNtNtCsgtPOCBgevO_4core5alloc9Allocator10deallocateCscNegbyJkm8k_10serde_json
00000001000654b4 t __RNvXs_NtCslJsSqIQKwiA_5alloc5allocNtB4_6GlobalNtNtCsgtPOCBgevO_4core5alloc9Allocator8allocateCscNegbyJkm8k_10serde_json
00000001000654f4 T __RNvXs_NtNtCsgtPOCBgevO_4core3ops12control_flowINtB4_11ControlFlowINtNtB6_9try_trait17NeverShortCircuitjEjEINtB14_12FromResidualIBJ_B11_NtNtB8_7convert10InfallibleEE13from_residualCscNegbyJkm8k_10serde_json
0000000100065510 T __RNvXs_NtNtCsgtPOCBgevO_4core3ops12control_flowINtB4_11ControlFlowINtNtB6_9try_trait17NeverShortCircuituEEINtB14_12FromResidualIBJ_B11_NtNtB8_7convert10InfallibleEE13from_residualCscNegbyJkm8k_10serde_json
0000000100065524 t __RNvXs_NtNtCsgtPOCBgevO_4core3str6traitseNtNtB8_3cmp9PartialEq2eqCscNegbyJkm8k_10serde_json
00000001000655c8 T __RNvXs_NtNtNtCsgtPOCBgevO_4core4iter8adapters5chainINtB4_5ChainINtNtNtBa_5slice4iter4IterhEBY_ENtNtNtB8_6traits8iterator8Iterator4nextCscNegbyJkm8k_10serde_json
00000001000655f8 T __RNvXs_NtNtNtCsgtPOCBgevO_4core4iter8adapters5chainINtB4_5ChainINtNtNtBa_5slice4iter4IterhEBY_ENtNtNtB8_6traits8iterator8Iterator5countCscNegbyJkm8k_10serde_json
000000010006572c T __RNvXs_NvNtNtCsgtPOCBgevO_4core3fmt5Write9write_fmtQNtNtCslJsSqIQKwiA_5alloc6string6StringNtB4_12SpecWriteFmt14spec_write_fmtCscNegbyJkm8k_10serde_json
00000001000657c4 t __RNvXsb_NtCsgtPOCBgevO_4core3cmpNtB5_8OrderingNtB5_9PartialEq2eqCscNegbyJkm8k_10serde_json
00000001000657f0 T __RNvXsc_NtNtCsgtPOCBgevO_4core4iter5rangeINtNtNtB9_3ops5range14RangeInclusivejENtB5_26RangeInclusiveIteratorImpl9spec_nextCscNegbyJkm8k_10serde_json
00000001000658e8 T __RNvXsd_NtNtCsgtPOCBgevO_4core4iter5rangeINtNtNtB9_3ops5range14RangeInclusivejENtNtNtB7_6traits8iterator8Iterator4nextCscNegbyJkm8k_10serde_json
000000010006590c T __RNvXsi_NtNtCsgtPOCBgevO_4core3ops5rangeINtB5_7RangeTojEINtB5_11RangeBoundsjE11start_boundCscNegbyJkm8k_10serde_json
0000000100065930 T __RNvXsi_NtNtCsgtPOCBgevO_4core3ops5rangeINtB5_7RangeTojEINtB5_11RangeBoundsjE9end_boundCscNegbyJkm8k_10serde_json
0000000100065950 t __RNvXsr_NtCslJsSqIQKwiA_5alloc6stringNtB5_6StringNtNtCsgtPOCBgevO_4core3fmt5Debug3fmtCscNegbyJkm8k_10serde_json
000000010006598c t __RNvXsx_NtCslJsSqIQKwiA_5alloc6stringNtB5_6StringNtNtNtCsgtPOCBgevO_4core3ops5deref5Deref5derefCscNegbyJkm8k_10serde_json
00000001000659ac T __RNvYINtNtNtCsgtPOCBgevO_4core5slice4iter4IteryENtNtNtNtB9_4iter6traits8iterator8Iterator3revCscNegbyJkm8k_10serde_json
00000001000659c8 T __RNvYINtNtNtCsgtPOCBgevO_4core5slice4iter4IteryENtNtNtNtB9_4iter6traits8iterator8Iterator9enumerateCscNegbyJkm8k_10serde_json
00000001000659f0 T __RNvYINtNtNtCsgtPOCBgevO_4core5slice4iter4IteryENtNtNtNtB9_4iter8adapters3zip27TrustedRandomAccessNoCoerce4sizeCscNegbyJkm8k_10serde_json
0000000100065a1c T __RNvYINtNtNtCsgtPOCBgevO_4core5slice4iter7IterMutyENtNtNtNtB9_4iter8adapters3zip27TrustedRandomAccessNoCoerce4sizeCscNegbyJkm8k_10serde_json
0000000100065a48 T __RNvYNtNtCslJsSqIQKwiA_5alloc6string6StringNtNtCsgtPOCBgevO_4core3fmt5Write9write_fmtCscNegbyJkm8k_10serde_json
0000000100065a7c T __RINvMNtNtCscNegbyJkm8k_10serde_json7lexical5floatNtB3_13ExtendedFloat10from_floatdEB7_
0000000100065a9c T __RINvMNtNtCscNegbyJkm8k_10serde_json7lexical5floatNtB3_13ExtendedFloat10from_floatfEB7_
0000000100065abc T __RINvMNtNtCscNegbyJkm8k_10serde_json7lexical5floatNtB3_13ExtendedFloat10into_floatdEB7_
0000000100065af4 T __RINvMNtNtCscNegbyJkm8k_10serde_json7lexical5floatNtB3_13ExtendedFloat10into_floatfEB7_
0000000100065b2c T __RINvMNtNtCscNegbyJkm8k_10serde_json7lexical5floatNtB3_13ExtendedFloat15round_to_nativedNCINvNtB5_6bhcomp10large_atofdE0EB7_
0000000100065b58 T __RINvMNtNtCscNegbyJkm8k_10serde_json7lexical5floatNtB3_13ExtendedFloat15round_to_nativedNvNtB5_8rounding14round_downwardEB7_
0000000100065b7c T __RINvMNtNtCscNegbyJkm8k_10serde_json7lexical5floatNtB3_13ExtendedFloat15round_to_nativedNvNtB5_8rounding22round_nearest_tie_evenEB7_
0000000100065ba0 T __RINvMNtNtCscNegbyJkm8k_10serde_json7lexical5floatNtB3_13ExtendedFloat15round_to_nativefNCINvNtB5_6bhcomp10large_atoffE0EB7_
0000000100065bcc T __RINvMNtNtCscNegbyJkm8k_10serde_json7lexical5floatNtB3_13ExtendedFloat15round_to_nativefNvNtB5_8rounding14round_downwardEB7_
0000000100065bf0 T __RINvMNtNtCscNegbyJkm8k_10serde_json7lexical5floatNtB3_13ExtendedFloat15round_to_nativefNvNtB5_8rounding22round_nearest_tie_evenEB7_
0000000100065c14 T __RINvMNtNtCscNegbyJkm8k_10serde_json7lexical5floatNtB3_13ExtendedFloat19into_downward_floatdEB7_
0000000100065c4c T __RINvMNtNtCscNegbyJkm8k_10serde_json7lexical5floatNtB3_13ExtendedFloat19into_downward_floatfEB7_
0000000100065c84 T __RINvNtNtCscNegbyJkm8k_10serde_json7lexical4math7as_limbmEB6_
0000000100065ca4 T __RINvNtNtCscNegbyJkm8k_10serde_json7lexical4math7as_limboEB6_
0000000100065ccc T __RINvNtNtCscNegbyJkm8k_10serde_json7lexical4math7as_limbyEB6_
0000000100065cec T __RINvNtNtCscNegbyJkm8k_10serde_json7lexical4math7as_wideyEB6_
0000000100065d0c T __RINvNtNtCscNegbyJkm8k_10serde_json7lexical4math7nonzeroyEB6_
0000000100065e0c T __RINvNtNtCscNegbyJkm8k_10serde_json7lexical5float10from_floatdEB6_
0000000100065e48 T __RINvNtNtCscNegbyJkm8k_10serde_json7lexical5float10from_floatfEB6_
0000000100065e84 T __RINvNtNtCscNegbyJkm8k_10serde_json7lexical5float10into_floatdEB6_
0000000100065f94 T __RINvNtNtCscNegbyJkm8k_10serde_json7lexical5float10into_floatfEB6_
00000001000660a4 T __RINvXs0_NtNtNtCsgtPOCBgevO_4core4iter6traits8iteratorQINtNtNtBa_8adapters4take4TakeINtNtNtBa_7sources6repeat6RepeatyEENtB6_8Iterator4folduNCINvNvB1S_8for_each4callyNCINvMsj_NtCslJsSqIQKwiA_5alloc3vecINtB2L_3VecyE14extend_trustedBP_E0E0ECscNegbyJkm8k_10serde_json
00000001000660c8 T __RINvXs0_NtNtNtCsgtPOCBgevO_4core4iter8adapters10take_whileINtB6_9TakeWhileINtNtNtBc_5slice4iter4IterhENCINvNtNtCscNegbyJkm8k_10serde_json7lexical6bhcomp6bhcompdE0ENtNtNtBa_6traits8iterator8Iterator4foldjNCNvYBU_B2B_5count0EB1L_
000000010006610c T __RINvXs0_NtNtNtCsgtPOCBgevO_4core4iter8adapters10take_whileINtB6_9TakeWhileINtNtNtBc_5slice4iter4IterhENCINvNtNtCscNegbyJkm8k_10serde_json7lexical6bhcomp6bhcompdE0ENtNtNtBa_6traits8iterator8Iterator8try_foldjNCINvMNtNtBc_3ops9try_traitINtB3p_17NeverShortCircuitjE10wrap_mut_2jRhNCNvYBU_B2B_5count0E0B3K_EB1L_
0000000100066214 T __RINvXs0_NtNtNtCsgtPOCBgevO_4core4iter8adapters10take_whileINtB6_9TakeWhileINtNtNtBc_5slice4iter4IterhENCINvNtNtCscNegbyJkm8k_10serde_json7lexical6bhcomp6bhcompfE0ENtNtNtBa_6traits8iterator8Iterator4foldjNCNvYBU_B2B_5count0EB1L_
0000000100066258 T __RINvXs0_NtNtNtCsgtPOCBgevO_4core4iter8adapters10take_whileINtB6_9TakeWhileINtNtNtBc_5slice4iter4IterhENCINvNtNtCscNegbyJkm8k_10serde_json7lexical6bhcomp6bhcompfE0ENtNtNtBa_6traits8iterator8Iterator8try_foldjNCINvMNtNtBc_3ops9try_traitINtB3p_17NeverShortCircuitjE10wrap_mut_2jRhNCNvYBU_B2B_5count0E0B3K_EB1L_
0000000100066360 T __RINvXs2_NtNtNtCsgtPOCBgevO_4core4iter6traits8iteratorQINtNtNtBa_8adapters4take4TakeINtNtNtBa_7sources6repeat6RepeatyEENtB6_15IteratorRefSpec9spec_folduNCINvNvNtB6_8Iterator8for_each4callyNCINvMsj_NtCslJsSqIQKwiA_5alloc3vecINtB38_3VecyE14extend_trustedBP_E0E0ECscNegbyJkm8k_10serde_json
000000010006639c T __RINvXs7_NtNtNtCsgtPOCBgevO_4core4iter8adapters4takeINtB6_4TakeINtNtNtBa_7sources6repeat6RepeathEENtB6_8SpecTake13spec_for_eachNCINvMsj_NtCslJsSqIQKwiA_5alloc3vecINtB29_3VechE14extend_trustedBN_E0ECscNegbyJkm8k_10serde_json
0000000100066440 T __RINvXs_NtNtNtCsgtPOCBgevO_4core4iter8adapters4takeINtB5_4TakeINtNtNtB9_7sources6repeat6RepeathEENtNtNtB9_6traits8iterator8Iterator8for_eachNCINvMsj_NtCslJsSqIQKwiA_5alloc3vecINtB2m_3VechE14extend_trustedBM_E0ECscNegbyJkm8k_10serde_json
0000000100066464 T __RINvXs_NtNtNtCsgtPOCBgevO_4core4iter8adapters4takeINtB5_4TakeINtNtNtB9_7sources6repeat6RepeatyEENtNtNtB9_6traits8iterator8Iterator8try_folduNCINvMNtNtBb_3ops9try_traitINtB2k_17NeverShortCircuituE10wrap_mut_2uyNCINvNvB1w_8for_each4callyNCINvMsj_NtCslJsSqIQKwiA_5alloc3vecINtB3U_3VecyE14extend_trustedQBM_E0E0E0B2F_ECscNegbyJkm8k_10serde_json
000000010006655c T __RINvXs_NvMNtCslJsSqIQKwiA_5alloc5sliceSp9to_vec_inhNtB5_10ConvertVec6to_vecNtNtBa_5alloc6GlobalECscNegbyJkm8k_10serde_json
0000000100066668 T __RINvYQINtNtNtNtCsgtPOCBgevO_4core4iter8adapters4take4TakeINtNtNtBb_7sources6repeat6RepeatyEENtNtNtBb_6traits8iterator8Iterator8for_eachNCINvMsj_NtCslJsSqIQKwiA_5alloc3vecINtB2i_3VecyE14extend_trustedB3_E0ECscNegbyJkm8k_10serde_json
00000001000666a4 T __RNCINvNtNtCscNegbyJkm8k_10serde_json7lexical4math7nonzeroyE0B8_
00000001000666e0 T __RNCINvNvXs0_NtNtNtCsgtPOCBgevO_4core4iter8adapters10take_whileINtBa_9TakeWhileppENtNtNtBe_6traits8iterator8Iterator8try_fold5checkRhjINtNtNtBg_3ops9try_trait17NeverShortCircuitjENCINvNtNtCscNegbyJkm8k_10serde_json7lexical6bhcomp6bhcompdE0NCINvMB2a_B27_10wrap_mut_2jB24_NCNvYIBZ_INtNtNtBg_5slice4iter4IterhEB2Q_EB1h_5count0E0E0B2Z_
0000000100066814 T __RNCINvNvXs0_NtNtNtCsgtPOCBgevO_4core4iter8adapters10take_whileINtBa_9TakeWhileppENtNtNtBe_6traits8iterator8Iterator8try_fold5checkRhjINtNtNtBg_3ops9try_trait17NeverShortCircuitjENCINvNtNtCscNegbyJkm8k_10serde_json7lexical6bhcomp6bhcompfE0NCINvMB2a_B27_10wrap_mut_2jB24_NCNvYIBZ_INtNtNtBg_5slice4iter4IterhEB2Q_EB1h_5count0E0E0B2Z_
0000000100066948 T __RNCINvNvXs7_NtNtNtCsgtPOCBgevO_4core4iter8adapters4takeINtBa_4TakepENtBa_8SpecTake13spec_for_each5checkhNCINvMsj_NtCslJsSqIQKwiA_5alloc3vecINtB1N_3VechE14extend_trustedIBS_INtNtNtBe_7sources6repeat6RepeathEEE0E0CscNegbyJkm8k_10serde_json
00000001000669d8 T __RNCINvNvXs_NtNtNtCsgtPOCBgevO_4core4iter8adapters4takeINtB9_4TakepENtNtNtBd_6traits8iterator8Iterator8try_fold5checkyuINtNtNtBf_3ops9try_trait17NeverShortCircuituENCINvMB1V_B1S_10wrap_mut_2uyNCINvNvB13_8for_each4callyNCINvMsj_NtCslJsSqIQKwiA_5alloc3vecINtB3C_3VecyE14extend_trustedQIBR_INtNtNtBd_7sources6repeat6RepeatyEEE0E0E0E0CscNegbyJkm8k_10serde_json
0000000100066a58 t __RNvMNtCsgtPOCBgevO_4core3f32f16is_sign_positiveCscNegbyJkm8k_10serde_json
0000000100066a78 t __RNvMNtCsgtPOCBgevO_4core3f32f7to_bitsCscNegbyJkm8k_10serde_json
0000000100066a8c t __RNvMNtCsgtPOCBgevO_4core3f32f9from_bitsCscNegbyJkm8k_10serde_json
0000000100066aa0 T __RNvMNtNtCscNegbyJkm8k_10serde_json7lexical5floatNtB2_13ExtendedFloat3mul
0000000100066dc8 t __RNvMNtNtCscNegbyJkm8k_10serde_json7lexical5floatNtB2_13ExtendedFloat4imulB6_
0000000100066e08 t __RNvMNtNtCscNegbyJkm8k_10serde_json7lexical5floatNtB2_13ExtendedFloat9normalizeB6_
0000000100066e70 t __RNvMs7_NtCsgtPOCBgevO_4core3numy11checked_addCscNegbyJkm8k_10serde_json
0000000100066eec t __RNvMs7_NtCsgtPOCBgevO_4core3numy11checked_mulCscNegbyJkm8k_10serde_json
0000000100066f60 t __RNvMs7_NtCsgtPOCBgevO_4core3numy13from_le_bytesCscNegbyJkm8k_10serde_json
0000000100066f7c t __RNvMs9_NtCsgtPOCBgevO_4core3numj11checked_mulCscNegbyJkm8k_10serde_json
0000000100066ff0 t __RNvMs9_NtCsgtPOCBgevO_4core3numj11checked_subCscNegbyJkm8k_10serde_json
000000010006705c T __RNvNtNtCscNegbyJkm8k_10serde_json7lexical14cached_float8010get_powers
0000000100067068 t __RNvNtNtCscNegbyJkm8k_10serde_json7lexical4math13u64_to_hi64_1B5_
00000001000670f8 t __RNvNtNtCscNegbyJkm8k_10serde_json7lexical4math13u64_to_hi64_2B5_
000000010006724c t __RNvNtNtCscNegbyJkm8k_10serde_json7lexical4math9split_u64B5_
0000000100067274 t __RNvNtNtCsgtPOCBgevO_4core3str8converts19from_utf8_uncheckedCscNegbyJkm8k_10serde_json
000000010006728c t __RNvNtNtNtCscNegbyJkm8k_10serde_json7lexical4math5large13greater_equalB7_
00000001000672c4 t __RNvNtNtNtCscNegbyJkm8k_10serde_json7lexical4math5large13karatsuba_mul
00000001000677f8 t __RNvNtNtNtCscNegbyJkm8k_10serde_json7lexical4math5large15karatsuba_splitB7_
00000001000678e8 t __RNvNtNtNtCscNegbyJkm8k_10serde_json7lexical4math5large17karatsuba_mul_fwdB7_
0000000100067968 t __RNvNtNtNtCscNegbyJkm8k_10serde_json7lexical4math5large20karatsuba_uneven_mul
0000000100067b64 t __RNvNtNtNtCscNegbyJkm8k_10serde_json7lexical4math5large3addB7_
0000000100067c10 t __RNvNtNtNtCscNegbyJkm8k_10serde_json7lexical4math5large4iaddB7_
0000000100067c44 t __RNvNtNtNtCscNegbyJkm8k_10serde_json7lexical4math5large4imulB7_
0000000100067d24 t __RNvNtNtNtCscNegbyJkm8k_10serde_json7lexical4math5large4isub
0000000100067ecc t __RNvNtNtNtCscNegbyJkm8k_10serde_json7lexical4math5large4lessB7_
0000000100067f18 t __RNvNtNtNtCscNegbyJkm8k_10serde_json7lexical4math5large7compareB7_
00000001000680b4 t __RNvNtNtNtCscNegbyJkm8k_10serde_json7lexical4math5large8long_mul
000000010006832c t __RNvNtNtNtCscNegbyJkm8k_10serde_json7lexical4math5large9iadd_impl
0000000100068548 t __RNvNvMs1_NtNtCsgtPOCBgevO_4core3ptr8non_nullINtB7_7NonNullpE13new_unchecked18precondition_checkCscNegbyJkm8k_10serde_json
00000001000685a0 t __RNvNvMs3_NtCsgtPOCBgevO_4core3numi13unchecked_neg18precondition_checkCscNegbyJkm8k_10serde_json
000000010006860c t __RNvNvMs9_NtCsgtPOCBgevO_4core3numj13unchecked_add18precondition_checkCscNegbyJkm8k_10serde_json
0000000100068670 T __RNvXNtNtCscNegbyJkm8k_10serde_json7lexical6bignumNtB2_6BigintNtNtCsgtPOCBgevO_4core7default7Default7default
00000001000686b0 T __RNvXNtNtNtCsgtPOCBgevO_4core4iter6traits7collectINtNtNtB6_8adapters4take4TakeINtNtNtB6_7sources6repeat6RepeathEENtB2_12IntoIterator9into_iterCscNegbyJkm8k_10serde_json
00000001000686c4 T __RNvXNtNtNtCsgtPOCBgevO_4core4iter6traits7collectINtNtNtB6_8adapters4take4TakeINtNtNtB6_7sources6repeat6RepeatyEENtB2_12IntoIterator9into_iterCscNegbyJkm8k_10serde_json
00000001000686d8 t __RNvXs0_NtNtCscNegbyJkm8k_10serde_json7lexical6cachedNtNtB7_5float13ExtendedFloatNtB5_17ModeratePathCache10get_powersB9_
00000001000686ec T __RNvXs0_NtNtNtCsgtPOCBgevO_4core4iter6traits8iteratorQINtNtNtB9_8adapters4take4TakeINtNtNtB9_7sources6repeat6RepeatyEENtB5_8Iterator9size_hintCscNegbyJkm8k_10serde_json
0000000100068714 t __RNvXs2_NtCslJsSqIQKwiA_5alloc3streNtNtB7_6borrow7ToOwned8to_ownedCscNegbyJkm8k_10serde_json
0000000100068764 T __RNvXs5_NtCsgtPOCBgevO_4core5arrayAhj8_INtNtB7_7convert7TryFromRShE8try_fromCscNegbyJkm8k_10serde_json
00000001000687e8 T __RNvXs7_NtNtCsgtPOCBgevO_4core3cmp5implsReNtB7_9PartialEq2eqCscNegbyJkm8k_10serde_json
000000010006882c T __RNvXs7_NtNtCsgtPOCBgevO_4core3cmp5implsRhNtB7_9PartialEq2eqCscNegbyJkm8k_10serde_json
0000000100068860 T __RNvXs7_NtNtCsgtPOCBgevO_4core3cmp5implsRyNtB7_9PartialEq2eqCscNegbyJkm8k_10serde_json
0000000100068894 t __RNvXs_NtNtCscNegbyJkm8k_10serde_json7lexical4mathSyINtB4_4Hi64yE6hi64_1B8_
0000000100068950 t __RNvXs_NtNtCscNegbyJkm8k_10serde_json7lexical4mathSyINtB4_4Hi64yE6hi64_2B8_
0000000100068ab4 t __RNvXs_NtNtCscNegbyJkm8k_10serde_json7lexical4mathSyINtB4_4Hi64yE6hi64_3B8_
0000000100068ae0 t __RNvXs_NtNtCscNegbyJkm8k_10serde_json7lexical6bignumNtB4_6BigintNtNtB6_4math4Math4dataB8_
0000000100068af4 t __RNvXs_NtNtCscNegbyJkm8k_10serde_json7lexical6bignumNtB4_6BigintNtNtB6_4math4Math8data_mutB8_
0000000100068b08 t __RNvXs_NtNtCsgtPOCBgevO_4core3str7patternNtB4_12CharSearcherNtB4_8Searcher8haystackCscNegbyJkm8k_10serde_json
0000000100068b28 T __RNvXs_NtNtNtCsgtPOCBgevO_4core4iter8adapters4takeINtB4_4TakeINtNtNtB8_7sources6repeat6RepeathEENtNtNtB8_6traits8iterator8Iterator9size_hintCscNegbyJkm8k_10serde_json
0000000100068c2c T __RNvXs_NtNtNtCsgtPOCBgevO_4core4iter8adapters4takeINtB4_4TakeINtNtNtB8_7sources6repeat6RepeatyEENtNtNtB8_6traits8iterator8Iterator4nextCscNegbyJkm8k_10serde_json
0000000100068c8c T __RNvXs_NtNtNtCsgtPOCBgevO_4core4iter8adapters4takeINtB4_4TakeINtNtNtB8_7sources6repeat6RepeatyEENtNtNtB8_6traits8iterator8Iterator9size_hintCscNegbyJkm8k_10serde_json
0000000100068d8c t __RNvXsk_NtNtCsgtPOCBgevO_4core3cmp5implshNtB7_9PartialEq2eqCscNegbyJkm8k_10serde_json
0000000100068db8 t __RNvXsm_NtNtCsgtPOCBgevO_4core3cmp5implsmNtB7_9PartialEq2eqCscNegbyJkm8k_10serde_json
0000000100068de4 t __RNvXsn_NtNtCsgtPOCBgevO_4core3cmp5implsyNtB7_9PartialEq2eqCscNegbyJkm8k_10serde_json
0000000100068e10 t __RNvXsn_NtNtCsgtPOCBgevO_4core3cmp5implsyNtB7_9PartialEq2neCscNegbyJkm8k_10serde_json
0000000100068e3c t __RNvXsr_NtCsgtPOCBgevO_4core5arrayNtB5_17TryFromSliceErrorNtNtB7_3fmt5Debug3fmtCscNegbyJkm8k_10serde_json
0000000100068e90 T __RNvYINtNtNtNtCsgtPOCBgevO_4core4iter8adapters10take_while9TakeWhileINtNtNtBb_5slice4iter4IterhENCINvNtNtCscNegbyJkm8k_10serde_json7lexical6bhcomp6bhcompdE0ENtNtNtB9_6traits8iterator8Iterator5countB1E_
0000000100068ea8 T __RNvYINtNtNtNtCsgtPOCBgevO_4core4iter8adapters10take_while9TakeWhileINtNtNtBb_5slice4iter4IterhENCINvNtNtCscNegbyJkm8k_10serde_json7lexical6bhcomp6bhcompfE0ENtNtNtB9_6traits8iterator8Iterator5countB1E_
0000000100068ec0 T __RNvYINtNtNtNtCsgtPOCBgevO_4core4iter8adapters4take4TakeINtNtNtB9_7sources6repeat6RepeatyEENtNtNtB9_6traits8iterator8Iterator6by_refCscNegbyJkm8k_10serde_json
0000000100068ed4 T __RNvYNtNtNtCscNegbyJkm8k_10serde_json7lexical6bignum6BigintNtNtB6_4math4Math10bit_lengthB8_
0000000100068f00 T __RNvYNtNtNtCscNegbyJkm8k_10serde_json7lexical6bignum6BigintNtNtB6_4math4Math10iadd_smallB8_
0000000100068f34 T __RNvYNtNtNtCscNegbyJkm8k_10serde_json7lexical6bignum6BigintNtNtB6_4math4Math10imul_pow10B8_
0000000100068f70 T __RNvYNtNtNtCscNegbyJkm8k_10serde_json7lexical6bignum6BigintNtNtB6_4math4Math10imul_smallB8_
0000000100068fa4 T __RNvYNtNtNtCscNegbyJkm8k_10serde_json7lexical6bignum6BigintNtNtB6_4math4Math4hi64B8_
0000000100068fd4 T __RNvYNtNtNtCscNegbyJkm8k_10serde_json7lexical6bignum6BigintNtNtB6_4math4Math4ishlB8_
0000000100069008 T __RNvYNtNtNtCscNegbyJkm8k_10serde_json7lexical6bignum6BigintNtNtB6_4math4Math7compareB8_
0000000100069064 T __RNvYNtNtNtCscNegbyJkm8k_10serde_json7lexical6bignum6BigintNtNtB6_4math4Math8from_u64B8_
0000000100069120 T __RNvYNtNtNtCscNegbyJkm8k_10serde_json7lexical6bignum6BigintNtNtB6_4math4Math9imul_pow2B8_
0000000100069150 T __RNvYNtNtNtCscNegbyJkm8k_10serde_json7lexical6bignum6BigintNtNtB6_4math4Math9imul_pow5B8_
0000000100069184 T __RNvYNtNtNtCscNegbyJkm8k_10serde_json7lexical6bignum6BigintNtNtB6_4math4Math9normalizeB8_
00000001000691ac T __RNvYSyINtNtNtCscNegbyJkm8k_10serde_json7lexical4math4Hi64yE4hi64Bb_
0000000100069274 T __RINvMNtCsgtPOCBgevO_4core6resultINtB3_6ResultReNtNtCscNegbyJkm8k_10serde_json5error5ErrorE3mapINtNtBN_4read9ReferenceeENcNtB1u_6Copied0EBN_
0000000100069300 T __RINvMNtCsgtPOCBgevO_4core6resultINtB3_6ResultReNtNtCscNegbyJkm8k_10serde_json5error5ErrorE3mapINtNtBN_4read9ReferenceeENcNtB1u_8Borrowed0EBN_
000000010006938c T __RINvMNtNtCsgtPOCBgevO_4core3fmt2rtNtB3_8Argument9new_debugNtNtCslJsSqIQKwiA_5alloc6string6StringECscNegbyJkm8k_10serde_json
00000001000693b8 T __RINvNtCsgtPOCBgevO_4core3ptr9drop_glueINtNtB4_6option6OptionNtNtCscNegbyJkm8k_10serde_json5value5ValueEEB10_
00000001000693fc T __RINvNtCsgtPOCBgevO_4core3ptr9drop_glueINtNtB4_6result6ResultINtNtB4_6option6OptionhENtNtCscNegbyJkm8k_10serde_json5error5ErrorEEB1o_
000000010006943c T __RINvNtCsgtPOCBgevO_4core3ptr9drop_glueINtNtB4_6result6ResultNtNtCscNegbyJkm8k_10serde_json5value5ValueNtNtB10_5error5ErrorEEB10_
0000000100069494 T __RINvNtCsgtPOCBgevO_4core3ptr9drop_glueINtNtCscNegbyJkm8k_10serde_json2de12DeserializerNtNtBF_4read7StrReadEEBF_
00000001000694b8 T __RINvNtCsgtPOCBgevO_4core3ptr9drop_glueINtNtCscNegbyJkm8k_10serde_json3map3MapNtNtCslJsSqIQKwiA_5alloc6string6StringNtNtBF_5value5ValueEEBF_
00000001000694dc T __RINvNtCsgtPOCBgevO_4core3ptr9drop_glueINtNtCslJsSqIQKwiA_5alloc3vec3VecNtNtCscNegbyJkm8k_10serde_json5value5ValueEEB1b_
0000000100069538 T __RINvNtCsgtPOCBgevO_4core3ptr9drop_glueINtNtCslJsSqIQKwiA_5alloc3vec3VechEECscNegbyJkm8k_10serde_json
0000000100069594 T __RINvNtCsgtPOCBgevO_4core3ptr9drop_glueINtNtCslJsSqIQKwiA_5alloc3vec3VecyEECscNegbyJkm8k_10serde_json
00000001000695f0 T __RINvNtCsgtPOCBgevO_4core3ptr9drop_glueINtNtCslJsSqIQKwiA_5alloc5boxed3BoxDNtNtB4_5error5ErrorNtNtB4_6marker4SyncNtB1v_4SendEL_EECscNegbyJkm8k_10serde_json
0000000100069670 T __RINvNtCsgtPOCBgevO_4core3ptr9drop_glueINtNtCslJsSqIQKwiA_5alloc5boxed3BoxINtNtNtNtBF_11collections5btree4node12InternalNodeNtNtBF_6string6StringNtNtCscNegbyJkm8k_10serde_json5value5ValueEEEB2m_
000000010006969c T __RINvNtCsgtPOCBgevO_4core3ptr9drop_glueINtNtCslJsSqIQKwiA_5alloc5boxed3BoxINtNtNtNtBF_11collections5btree4node8LeafNodeNtNtBF_6string6StringNtNtCscNegbyJkm8k_10serde_json5value5ValueEEEB2h_
00000001000696c8 T __RINvNtCsgtPOCBgevO_4core3ptr9drop_glueINtNtCslJsSqIQKwiA_5alloc5boxed3BoxNtNtCscNegbyJkm8k_10serde_json5error9ErrorImplEEB1d_
0000000100069728 T __RINvNtCsgtPOCBgevO_4core3ptr9drop_glueINtNtCslJsSqIQKwiA_5alloc5boxed3BoxNtNtNtCsa9BKTri5B3M_3std2io5error6CustomEECscNegbyJkm8k_10serde_json
0000000100069788 T __RINvNtCsgtPOCBgevO_4core3ptr9drop_glueINtNtCslJsSqIQKwiA_5alloc7raw_vec6RawVecNtNtCscNegbyJkm8k_10serde_json5value5ValueEEB1i_
00000001000697ac T __RINvNtCsgtPOCBgevO_4core3ptr9drop_glueINtNtCslJsSqIQKwiA_5alloc7raw_vec6RawVechEECscNegbyJkm8k_10serde_json
00000001000697d0 T __RINvNtCsgtPOCBgevO_4core3ptr9drop_glueINtNtCslJsSqIQKwiA_5alloc7raw_vec6RawVecyEECscNegbyJkm8k_10serde_json
00000001000697f4 T __RINvNtCsgtPOCBgevO_4core3ptr9drop_glueINtNtNtCsa9BKTri5B3M_3std2io5error9ErrorDataINtNtCslJsSqIQKwiA_5alloc5boxed3BoxNtBD_6CustomEEECscNegbyJkm8k_10serde_json
000000010006983c T __RINvNtCsgtPOCBgevO_4core3ptr9drop_glueINtNtNtCslJsSqIQKwiA_5alloc3vec5drain5DrainyEECscNegbyJkm8k_10serde_json
0000000100069860 T __RINvNtCsgtPOCBgevO_4core3ptr9drop_glueINtNtNtCslJsSqIQKwiA_5alloc3vec6splice6SpliceINtNtNtNtB4_4iter8adapters4take4TakeINtNtNtB1q_7sources6repeat6RepeatyEEEECscNegbyJkm8k_10serde_json
00000001000698bc T __RINvNtCsgtPOCBgevO_4core3ptr9drop_glueINtNtNtCslJsSqIQKwiA_5alloc3vec9into_iter8IntoIteryEECscNegbyJkm8k_10serde_json
00000001000698e0 T __RINvNtCsgtPOCBgevO_4core3ptr9drop_glueINtNtNtNtCslJsSqIQKwiA_5alloc11collections5btree3map8BTreeMapNtNtBJ_6string6StringNtNtCscNegbyJkm8k_10serde_json5value5ValueEEB1Y_
0000000100069904 T __RINvNtCsgtPOCBgevO_4core3ptr9drop_glueINtNtNtNtCslJsSqIQKwiA_5alloc11collections5btree3map8IntoIterNtNtBJ_6string6StringNtNtCscNegbyJkm8k_10serde_json5value5ValueEEB1Y_
0000000100069928 T __RINvNtCsgtPOCBgevO_4core3ptr9drop_glueINtNtNtNtCslJsSqIQKwiA_5alloc11collections5btree4node11SplitResultNtNtBJ_6string6StringNtNtCscNegbyJkm8k_10serde_json5value5ValueNtNtBD_6marker4LeafEEB23_
000000010006994c T __RINvNtCsgtPOCBgevO_4core3ptr9drop_glueINtNtNtNtCslJsSqIQKwiA_5alloc11collections5btree4node11SplitResultNtNtBJ_6string6StringNtNtCscNegbyJkm8k_10serde_json5value5ValueNtNtBD_6marker8InternalEEB23_
0000000100069970 T __RINvNtCsgtPOCBgevO_4core3ptr9drop_glueINtNvMsT_NtNtNtCslJsSqIQKwiA_5alloc11collections5btree4nodeINtBJ_6HandleINtBJ_7NodeRefNtNtBJ_6marker5DyingpppENtB20_2KVE12drop_key_val7DropperNtNtCscNegbyJkm8k_10serde_json5value5ValueEEB2W_
0000000100069994 T __RINvNtCsgtPOCBgevO_4core3ptr9drop_glueINtNvXs5_NtNtCslJsSqIQKwiA_5alloc3vec5drainINtBJ_5DrainppENtNtNtB4_3ops4drop4Drop4drop9DropGuardyNtNtBN_5alloc6GlobalEECscNegbyJkm8k_10serde_json
00000001000699b8 T __RINvNtCsgtPOCBgevO_4core3ptr9drop_glueINtNvXse_NtNtCslJsSqIQKwiA_5alloc3vec9into_iterINtBJ_8IntoIterppENtNtNtB4_3ops4drop4Drop4drop9DropGuardyNtNtBN_5alloc6GlobalEECscNegbyJkm8k_10serde_json
00000001000699dc T __RINvNtCsgtPOCBgevO_4core3ptr9drop_glueINtNvXsy_NtNtNtCslJsSqIQKwiA_5alloc11collections5btree3mapINtBJ_8IntoIterpppENtNtNtB4_3ops4drop4Drop4drop9DropGuardNtNtBP_6string6StringNtNtCscNegbyJkm8k_10serde_json5value5ValueNtNtBP_5alloc6GlobalEEB2Q_
0000000100069a00 T __RINvNtCsgtPOCBgevO_4core3ptr9drop_glueNCINvMNtNtB4_3ops9try_traitINtBG_17NeverShortCircuituE10wrap_mut_2uyNCINvNvNtNtNtNtB4_4iter6traits8iterator8Iterator8for_each4callyNCINvMsj_NtCslJsSqIQKwiA_5alloc3vecINtB2Q_3VecyE14extend_trustedQINtNtNtB1T_8adapters4take4TakeINtNtNtB1T_7sources6repeat6RepeatyEEE0E0E0ECscNegbyJkm8k_10serde_json
0000000100069a24 T __RINvNtCsgtPOCBgevO_4core3ptr9drop_glueNCINvMsj_NtCslJsSqIQKwiA_5alloc3vecINtBJ_3VechE14extend_trustedINtNtNtNtB4_4iter8adapters4take4TakeINtNtNtB1I_7sources6repeat6RepeathEEE0ECscNegbyJkm8k_10serde_json
0000000100069a48 T __RINvNtCsgtPOCBgevO_4core3ptr9drop_glueNCINvMsj_NtCslJsSqIQKwiA_5alloc3vecINtBJ_3VecyE14extend_trustedQINtNtNtNtB4_4iter8adapters4take4TakeINtNtNtB1J_7sources6repeat6RepeatyEEE0ECscNegbyJkm8k_10serde_json
0000000100069a6c T __RINvNtCsgtPOCBgevO_4core3ptr9drop_glueNCINvNvNtNtNtNtB4_4iter6traits8iterator8Iterator8for_each4callyNCINvMsj_NtCslJsSqIQKwiA_5alloc3vecINtB1K_3VecyE14extend_trustedQINtNtNtBN_8adapters4take4TakeINtNtNtBN_7sources6repeat6RepeatyEEE0E0ECscNegbyJkm8k_10serde_json
0000000100069a90 T __RINvNtCsgtPOCBgevO_4core3ptr9drop_glueNCINvNvXs7_NtNtNtB4_4iter8adapters4takeINtBL_4TakepENtBL_8SpecTake13spec_for_each5checkhNCINvMsj_NtCslJsSqIQKwiA_5alloc3vecINtB29_3VechE14extend_trustedIB1e_INtNtNtBP_7sources6repeat6RepeathEEE0E0ECscNegbyJkm8k_10serde_json
0000000100069ab4 T __RINvNtCsgtPOCBgevO_4core3ptr9drop_glueNCINvNvXs_NtNtNtB4_4iter8adapters4takeINtBK_4TakepENtNtNtBO_6traits8iterator8Iterator8try_fold5checkyuINtNtNtB4_3ops9try_trait17NeverShortCircuituENCINvMB2h_B2e_10wrap_mut_2uyNCINvNvB1p_8for_each4callyNCINvMsj_NtCslJsSqIQKwiA_5alloc3vecINtB3Y_3VecyE14extend_trustedQIB1d_INtNtNtBO_7sources6repeat6RepeatyEEE0E0E0E0ECscNegbyJkm8k_10serde_json
0000000100069ad8 T __RINvNtCsgtPOCBgevO_4core3ptr9drop_glueNtNtCscNegbyJkm8k_10serde_json5error5ErrorEBE_
0000000100069afc T __RINvNtCsgtPOCBgevO_4core3ptr9drop_glueNtNtCscNegbyJkm8k_10serde_json5error9ErrorCodeEBE_
0000000100069b60 T __RINvNtCsgtPOCBgevO_4core3ptr9drop_glueNtNtCscNegbyJkm8k_10serde_json5error9ErrorImplEBE_
0000000100069b84 T __RINvNtCsgtPOCBgevO_4core3ptr9drop_glueNtNtCscNegbyJkm8k_10serde_json5value5ValueEBE_
0000000100069c10 T __RINvNtCsgtPOCBgevO_4core3ptr9drop_glueNtNtCslJsSqIQKwiA_5alloc6string6StringECscNegbyJkm8k_10serde_json
0000000100069c34 T __RINvNtCsgtPOCBgevO_4core3ptr9drop_glueNtNtNtCsa9BKTri5B3M_3std2io5error5ErrorECscNegbyJkm8k_10serde_json
0000000100069c58 T __RINvNtCsgtPOCBgevO_4core3ptr9drop_glueNtNtNtCsa9BKTri5B3M_3std2io5error6CustomECscNegbyJkm8k_10serde_json
0000000100069c7c T __RINvNtCsgtPOCBgevO_4core3ptr9drop_glueNtNtNtCscNegbyJkm8k_10serde_json7lexical6bignum6BigintEBG_
0000000100069ca0 T __RINvNtCsgtPOCBgevO_4core3ptr9drop_glueNtNtNtCslJsSqIQKwiA_5alloc3vec15set_len_on_drop12SetLenOnDropECscNegbyJkm8k_10serde_json
0000000100069cc4 T __RINvNtCsgtPOCBgevO_4core3ptr9drop_glueNtNtNtNtCsa9BKTri5B3M_3std2io5error14repr_bitpacked4ReprECscNegbyJkm8k_10serde_json
0000000100069ce8 T __RINvNtCsgtPOCBgevO_4core3ptr9drop_glueNtNvNtNtNtCslJsSqIQKwiA_5alloc11collections5btree3mem7replace10PanicGuardECscNegbyJkm8k_10serde_json
0000000100069d0c T __RINvNtCsgtPOCBgevO_4core3ptr9drop_glueSNtNtCscNegbyJkm8k_10serde_json5value5ValueEBF_
0000000100069dc0 T __RINvNtCsgtPOCBgevO_4core3ptr9drop_glueTNtNtCslJsSqIQKwiA_5alloc6string6StringNtNtCscNegbyJkm8k_10serde_json5value5ValueEEB1h_
0000000100069e20 T __RNCNvMNtNtNtCsefLaY5I9yAv_6memchr4arch7generic6memchrINtB4_3OneNtNtNtNtCsgtPOCBgevO_4core9core_arch10arm_shared4neon10uint8x16_tE9count_raw0CscNegbyJkm8k_10serde_json
0000000100069e50 T __RNCNvMNtNtNtNtCsefLaY5I9yAv_6memchr4arch7aarch644neon6memchrNtB4_3One9count_raw0CscNegbyJkm8k_10serde_json
0000000100069e80 T __RNCNvMs2_NtNtNtNtCsefLaY5I9yAv_6memchr4arch7aarch644neon6memchrNtB7_3Two8find_raw0CscNegbyJkm8k_10serde_json
0000000100069ef8 T __RNCNvNtCsefLaY5I9yAv_6memchr6memchr7memchr20CscNegbyJkm8k_10serde_json
0000000100069f4c T __RNCNvXs_NtCsefLaY5I9yAv_6memchr6memchrNtB6_6MemchrNtNtNtNtCsgtPOCBgevO_4core4iter6traits8iterator8Iterator5count0CscNegbyJkm8k_10serde_json
0000000100069f88 t __RNvMNtCsefLaY5I9yAv_6memchr6memchrNtB2_6Memchr3newCscNegbyJkm8k_10serde_json
0000000100069ffc t __RNvMNtCsgtPOCBgevO_4core3f64d11is_infiniteCscNegbyJkm8k_10serde_json
000000010006a030 t __RNvMNtCsgtPOCBgevO_4core3f64d16is_sign_positiveCscNegbyJkm8k_10serde_json
000000010006a04c t __RNvMNtCsgtPOCBgevO_4core3f64d7to_bitsCscNegbyJkm8k_10serde_json
000000010006a060 t __RNvMNtCsgtPOCBgevO_4core3f64d9from_bitsCscNegbyJkm8k_10serde_json
000000010006a074 t __RNvMNtCsgtPOCBgevO_4core3f64d9is_finiteCscNegbyJkm8k_10serde_json
000000010006a0a0 T __RNvMNtCsgtPOCBgevO_4core6resultINtB2_6ResultuNtNtB4_3fmt5ErrorE6expectCscNegbyJkm8k_10serde_json
000000010006a118 t __RNvMNtNtNtNtCsefLaY5I9yAv_6memchr4arch7aarch644neon6memchrNtB2_3One12is_availableCscNegbyJkm8k_10serde_json
000000010006a124 t __RNvMNtNtNtNtCsefLaY5I9yAv_6memchr4arch7aarch644neon6memchrNtB2_3One13new_uncheckedCscNegbyJkm8k_10serde_json
000000010006a17c t __RNvMNtNtNtNtCsefLaY5I9yAv_6memchr4arch7aarch644neon6memchrNtB2_3One14count_raw_implCscNegbyJkm8k_10serde_json
000000010006ac34 t __RNvMNtNtNtNtCsefLaY5I9yAv_6memchr4arch7aarch644neon6memchrNtB2_3One9count_rawCscNegbyJkm8k_10serde_json
000000010006adec t __RNvMs2_NtNtNtNtCsefLaY5I9yAv_6memchr4arch7aarch644neon6memchrNtB5_3Two12is_availableCscNegbyJkm8k_10serde_json
000000010006adf8 t __RNvMs2_NtNtNtNtCsefLaY5I9yAv_6memchr4arch7aarch644neon6memchrNtB5_3Two13find_raw_implCscNegbyJkm8k_10serde_json
000000010006c140 t __RNvMs2_NtNtNtNtCsefLaY5I9yAv_6memchr4arch7aarch644neon6memchrNtB5_3Two13new_uncheckedCscNegbyJkm8k_10serde_json
000000010006c1cc t __RNvMs2_NtNtNtNtCsefLaY5I9yAv_6memchr4arch7aarch644neon6memchrNtB5_3Two8find_rawCscNegbyJkm8k_10serde_json
000000010006c378 t __RNvNtCsefLaY5I9yAv_6memchr6memchr11memchr2_rawCscNegbyJkm8k_10serde_json
000000010006c414 t __RNvNtCsefLaY5I9yAv_6memchr6memchr11memchr_iterCscNegbyJkm8k_10serde_json
000000010006c440 t __RNvNtCsefLaY5I9yAv_6memchr6memchr7memchr2CscNegbyJkm8k_10serde_json
000000010006c5b4 t __RNvNtCsefLaY5I9yAv_6memchr6memchr7memrchrCscNegbyJkm8k_10serde_json
000000010006c71c t __RNvNtCsefLaY5I9yAv_6memchr6memchr9count_rawCscNegbyJkm8k_10serde_json
000000010006c7a8 t __RNvNvMNtNtCsgtPOCBgevO_4core5alloc6layoutNtB4_6Layout29from_size_alignment_unchecked18precondition_checkCscNegbyJkm8k_10serde_json
000000010006c810 T __RNvXs1_NtNtCslJsSqIQKwiA_5alloc3vec6spliceINtB5_6SpliceINtNtNtNtCsgtPOCBgevO_4core4iter8adapters4take4TakeINtNtNtBY_7sources6repeat6RepeatyEEENtNtNtB10_3ops4drop4Drop4dropCscNegbyJkm8k_10serde_json
000000010006cbe0 t __RNvXsL_NtNtCsgtPOCBgevO_4core4iter5rangejNtB5_4Step17forward_uncheckedCscNegbyJkm8k_10serde_json
000000010006cc30 t __RNvXs_NtCsefLaY5I9yAv_6memchr6memchrNtB4_6MemchrNtNtNtNtCsgtPOCBgevO_4core4iter6traits8iterator8Iterator5countCscNegbyJkm8k_10serde_json
000000010006cc90 t __RNvXseh_NtNtCsgtPOCBgevO_4core3ops3bitmINtB6_3ShrlE3shrCscNegbyJkm8k_10serde_json
000000010006cce0 t __RNvXsf3_NtNtCsgtPOCBgevO_4core3ops3bityINtB6_3ShrlE3shrCscNegbyJkm8k_10serde_json
000000010006cd30 t __RNvXst_NtNtCsgtPOCBgevO_4core3ops3bitmNtB5_6BitAnd6bitandCscNegbyJkm8k_10serde_json
000000010006cd48 t __RNvXsu_NtNtCsgtPOCBgevO_4core3ops3bityNtB5_6BitAnd6bitandCscNegbyJkm8k_10serde_json
000000010006cd60 t __RNvYINvNtCsgtPOCBgevO_4core3mem4dropyEINtNtNtB7_3ops8function5FnMutTyEE8call_mutCscNegbyJkm8k_10serde_json
000000010006cd88 t __RNvYNcNtINtNtCscNegbyJkm8k_10serde_json4read9ReferenceeE6Copied0INtNtNtCsgtPOCBgevO_4core3ops8function6FnOnceTReEE9call_onceBb_
000000010006cdb4 t __RNvYNcNtINtNtCscNegbyJkm8k_10serde_json4read9ReferenceeE8Borrowed0INtNtNtCsgtPOCBgevO_4core3ops8function6FnOnceTReEE9call_onceBb_
000000010006cde0 t __RNvYNcNtNtNtCscNegbyJkm8k_10serde_json5value5Value6Number0INtNtNtCsgtPOCBgevO_4core3ops8function6FnOnceTNtNtBa_6number6NumberEE9call_onceBa_
000000010006ce08 t __RNvYNvMs9_NtCsgtPOCBgevO_4core3numj9max_valueINtNtNtBa_3ops8function6FnOnceuE9call_onceCscNegbyJkm8k_10serde_json
000000010006ce18 t __RNvYNvNtNtCscNegbyJkm8k_10serde_json7lexical8rounding14round_downwardINtNtNtCsgtPOCBgevO_4core3ops8function6FnOnceTQNtNtB6_5float13ExtendedFloatlEE9call_onceB8_
000000010006ce44 t __RNvYNvNtNtCscNegbyJkm8k_10serde_json7lexical8rounding22round_nearest_tie_evenINtNtNtCsgtPOCBgevO_4core3ops8function6FnOnceTQNtNtB6_5float13ExtendedFloatlEE9call_onceB8_
000000010006ce70 t __RNvYNvYINtNtNtCsgtPOCBgevO_4core5slice4iter4IterhENtNtNtNtBc_4iter6traits8iterator8Iterator4nextINtNtNtBc_3ops8function6FnOnceTQB5_EE9call_onceCscNegbyJkm8k_10serde_json
000000010006ce94 t __RNvYNvYNtNtNtCsefLaY5I9yAv_6memchr6vector11aarch64neon12NeonMoveMaskNtB9_8MoveMask12first_offsetINtNtNtCsgtPOCBgevO_4core3ops8function2FnTB5_EE4callCscNegbyJkm8k_10serde_json
000000010006ced4 T __RINvMNtCscNegbyJkm8k_10serde_json3mapINtB3_3MapNtNtCslJsSqIQKwiA_5alloc6string6StringNtNtB5_5value5ValueE3geteEB5_
000000010006cf04 T __RINvMNtCsgtPOCBgevO_4core6optionINtB3_6OptionNtNtCscNegbyJkm8k_10serde_json6number6NumberE6map_orNtNtBL_5value5ValueNcNtB1x_6Number0EBL_
000000010006cfc8 T __RINvMNtCsgtPOCBgevO_4core6optionINtB3_6OptionRhE7or_elseNCNvXs_NtNtNtB5_4iter8adapters5chainINtBZ_5ChainINtNtNtB5_5slice4iter4IterhEB1E_ENtNtNtB13_6traits8iterator8Iterator4next0ECscNegbyJkm8k_10serde_json
000000010006d060 T __RINvMNtCsgtPOCBgevO_4core6optionINtB3_6OptionRyE6map_orjNCNvNtNtNtCscNegbyJkm8k_10serde_json7lexical4math5small13leading_zeros0EB12_
000000010006d0fc T __RINvMNtCsgtPOCBgevO_4core6optionINtB3_6OptionjE11map_or_elsejNvMs9_NtB5_3numj9max_valueNCNvNtNtNtCscNegbyJkm8k_10serde_json7lexical4math5small10bit_length0EB1x_
000000010006d1bc T __RINvMs1_Cs2sw7CroeKnC_4itoaNtB6_6Buffer6formatyECscNegbyJkm8k_10serde_json
000000010006d248 t __RINvMs3_NtCscNegbyJkm8k_10serde_json4readNtB6_9SliceRead15parse_str_byteseNCNvXs8_B6_NtB6_7StrReadNtB6_4Read9parse_str0EB8_
000000010006d874 T __RINvNtCscNegbyJkm8k_10serde_json4read11next_or_eofNtB2_9SliceReadEB4_
000000010006d924 T __RINvNtCscNegbyJkm8k_10serde_json4read11peek_or_eofNtB2_9SliceReadEB4_
000000010006d9d4 T __RINvNtCscNegbyJkm8k_10serde_json4read12parse_escapeNtB2_9SliceReadEB4_
000000010006db84 T __RINvNtCscNegbyJkm8k_10serde_json4read5errorNtB2_9SliceReadINtB2_9ReferenceeEEB4_
000000010006dc48 T __RINvNtCscNegbyJkm8k_10serde_json4read5errorNtB2_9SliceReadhEB4_
000000010006dd0c T __RINvNtCscNegbyJkm8k_10serde_json4read5errorNtB2_9SliceReadtEB4_
000000010006ddd0 T __RINvNtCscNegbyJkm8k_10serde_json4read5errorNtB2_9SliceReaduEB4_
000000010006de80 T __RINvNtCsgtPOCBgevO_4core3mem4dropyECscNegbyJkm8k_10serde_json
000000010006de90 T __RINvNtNtNtCsa9BKTri5B3M_3std2io5error14repr_bitpacked11decode_reprINtNtCslJsSqIQKwiA_5alloc5boxed3BoxNtB4_6CustomENCNvXs1_B2_NtB2_4ReprNtNtNtCsgtPOCBgevO_4core3ops4drop4Drop4drop0ECscNegbyJkm8k_10serde_json
000000010006e06c T __RINvXs7_NtNtCscNegbyJkm8k_10serde_json7lexical3nummNtB6_6AsCast7as_castmEBa_
000000010006e08c T __RINvXs7_NtNtCscNegbyJkm8k_10serde_json7lexical3nummNtB6_6AsCast7as_castyEBa_
000000010006e0ac T __RINvXs8_NtNtCscNegbyJkm8k_10serde_json7lexical3numyNtB6_6AsCast7as_castmEBa_
000000010006e0cc T __RINvXs8_NtNtCscNegbyJkm8k_10serde_json7lexical3numyNtB6_6AsCast7as_castoEBa_
000000010006e0f4 T __RINvXs8_NtNtCscNegbyJkm8k_10serde_json7lexical3numyNtB6_6AsCast7as_castyEBa_
000000010006e114 T __RINvXs9_NtNtCscNegbyJkm8k_10serde_json7lexical3numoNtB6_6AsCast7as_castyEBa_
000000010006e134 T __RINvXsb_NtNtCscNegbyJkm8k_10serde_json7lexical3numfNtB6_6AsCast7as_castyEBa_
000000010006e154 T __RINvXsc_NtNtCscNegbyJkm8k_10serde_json7lexical3numdNtB6_6AsCast7as_castyEBa_
000000010006e174 T __RNCNvXs1_NtNtNtCsa9BKTri5B3M_3std2io5error14repr_bitpackedNtB7_4ReprNtNtNtCsgtPOCBgevO_4core3ops4drop4Drop4drop0CscNegbyJkm8k_10serde_json
000000010006e1b0 t __RNCNvXs8_NtCscNegbyJkm8k_10serde_json4readNtB7_7StrReadNtB7_4Read9parse_str0B9_
000000010006e1f8 T __RNcNtINtNtCscNegbyJkm8k_10serde_json4read9ReferenceeE6Copied0B8_
000000010006e224 T __RNcNtINtNtCscNegbyJkm8k_10serde_json4read9ReferenceeE8Borrowed0B8_
000000010006e248 t __RNvMNtCscNegbyJkm8k_10serde_json3mapINtB2_3MapNtNtCslJsSqIQKwiA_5alloc6string6StringNtNtB4_5value5ValueE3newB4_
000000010006e280 t __RNvMNtCscNegbyJkm8k_10serde_json3mapINtB2_3MapNtNtCslJsSqIQKwiA_5alloc6string6StringNtNtB4_5value5ValueE6insertB4_
000000010006e2d4 T __RNvMNtCsgtPOCBgevO_4core6optionINtB2_6OptionhE9unwrap_orCscNegbyJkm8k_10serde_json
000000010006e318 T __RNvMNtCsgtPOCBgevO_4core6optionINtB2_6OptionuE7is_someCscNegbyJkm8k_10serde_json
000000010006e33c t __RNvMNtNtCscNegbyJkm8k_10serde_json7lexical6cachedNtB2_18ExtendedFloatArray18get_extended_floatB6_
000000010006e3e8 t __RNvMNtNtCscNegbyJkm8k_10serde_json7lexical6cachedNtB2_18ExtendedFloatArray3lenB6_
000000010006e400 t __RNvMs1_Cs2sw7CroeKnC_4itoaNtB5_6Buffer3newCscNegbyJkm8k_10serde_json
000000010006e42c t __RNvMs3_NtCscNegbyJkm8k_10serde_json4readNtB5_9SliceRead14skip_to_escape
000000010006e8c4 t __RNvMs3_NtCscNegbyJkm8k_10serde_json4readNtB5_9SliceRead17position_of_index
000000010006eacc T __RNvMs3_NtCscNegbyJkm8k_10serde_json4readNtB5_9SliceRead3new
000000010006eaf0 T __RNvMs6_NtCscNegbyJkm8k_10serde_json4readNtB5_7StrRead3new
000000010006eb40 t __RNvMs_NtNtCscNegbyJkm8k_10serde_json7lexical6cachedNtB4_18ModeratePathPowers13get_small_intB8_
000000010006eba4 t __RNvMs_NtNtCscNegbyJkm8k_10serde_json7lexical6cachedNtB4_18ModeratePathPowers9get_largeB8_
000000010006ebcc t __RNvMs_NtNtCscNegbyJkm8k_10serde_json7lexical6cachedNtB4_18ModeratePathPowers9get_smallB8_
000000010006ebf4 t __RNvNtCscNegbyJkm8k_10serde_json4read19push_wtf8_codepointB3_
000000010006ef10 T __RNvNtCscNegbyJkm8k_10serde_json4read22decode_four_hex_digits
000000010006f0b8 T __RNvNtCscNegbyJkm8k_10serde_json4read9is_escape
000000010006f138 t __RNvNvMNtNtCsgtPOCBgevO_4core3ptr9const_ptrPp20offset_from_unsigned18precondition_checkCscNegbyJkm8k_10serde_json
000000010006f198 t __RNvNvMNtNtCsgtPOCBgevO_4core3ptr9const_ptrPp6offset18precondition_checkCscNegbyJkm8k_10serde_json
000000010006f25c t __RNvNvNtCsgtPOCBgevO_4core3ptr19copy_nonoverlapping18precondition_checkCscNegbyJkm8k_10serde_json
000000010006f3c4 t __RNvNvNtCsgtPOCBgevO_4core3ptr4copy18precondition_checkCscNegbyJkm8k_10serde_json
000000010006f4f4 t __RNvNvNtNtCsgtPOCBgevO_4core5slice3raw14from_raw_parts18precondition_checkCscNegbyJkm8k_10serde_json
000000010006f5e0 t __RNvXs0_NtNtCscNegbyJkm8k_10serde_json7lexical3numdNtB5_5Float14exponent_limitB9_
000000010006f5ec t __RNvXs0_NtNtCscNegbyJkm8k_10serde_json7lexical3numdNtB5_5Float14mantissa_limitB9_
000000010006f5f4 t __RNvXs0_NtNtCscNegbyJkm8k_10serde_json7lexical3numdNtB5_5Float16is_sign_positiveB9_
000000010006f614 t __RNvXs0_NtNtCscNegbyJkm8k_10serde_json7lexical3numdNtB5_5Float5pow10B9_
000000010006f7c0 t __RNvXs0_NtNtCscNegbyJkm8k_10serde_json7lexical3numdNtB5_5Float7to_bitsB9_
000000010006f7e0 t __RNvXs0_NtNtCscNegbyJkm8k_10serde_json7lexical3numdNtB5_5Float9from_bitsB9_
000000010006f800 T __RNvXs1_NtCsgtPOCBgevO_4core7convertxINtB5_4IntoNtNtCscNegbyJkm8k_10serde_json6number6NumberE4intoBN_
000000010006f820 T __RNvXs1_NtCsgtPOCBgevO_4core7convertyINtB5_4IntoNtNtCscNegbyJkm8k_10serde_json6number6NumberE4intoBN_
000000010006f840 t __RNvXs1_NtNtCscNegbyJkm8k_10serde_json7lexical3nummNtB5_11AsPrimitive6as_u32B9_
000000010006f850 t __RNvXs1_NtNtCscNegbyJkm8k_10serde_json7lexical3nummNtB5_11AsPrimitive6as_u64B9_
000000010006f868 t __RNvXs1_NtNtNtCsa9BKTri5B3M_3std2io5error14repr_bitpackedNtB5_4ReprNtNtNtCsgtPOCBgevO_4core3ops4drop4Drop4dropCscNegbyJkm8k_10serde_json
000000010006f8a0 t __RNvXs2_NtNtCscNegbyJkm8k_10serde_json7lexical3numyNtB5_11AsPrimitive6as_f32B9_
000000010006f8b4 t __RNvXs2_NtNtCscNegbyJkm8k_10serde_json7lexical3numyNtB5_11AsPrimitive6as_f64B9_
000000010006f8c8 t __RNvXs2_NtNtCscNegbyJkm8k_10serde_json7lexical3numyNtB5_11AsPrimitive6as_u32B9_
000000010006f8d8 t __RNvXs2_NtNtCscNegbyJkm8k_10serde_json7lexical3numyNtB5_11AsPrimitive6as_u64B9_
000000010006f8e8 t __RNvXs2_NtNtCscNegbyJkm8k_10serde_json7lexical3numyNtB5_11AsPrimitive7as_u128B9_
000000010006f8fc t __RNvXs3_NtNtCscNegbyJkm8k_10serde_json7lexical3numoNtB5_11AsPrimitive6as_u64B9_
000000010006f914 T __RNvXs4_NtCsgtPOCBgevO_4core7convertRShINtB5_7TryIntoAhj8_E8try_intoCscNegbyJkm8k_10serde_json
000000010006f93c T __RNvXs5_NtCscNegbyJkm8k_10serde_json4readNtB5_9SliceReadNtB5_4Read13peek_position
000000010006f9a4 t __RNvXs5_NtCscNegbyJkm8k_10serde_json4readNtB5_9SliceReadNtB5_4Read17decode_hex_escapeB7_
000000010006faf0 t __RNvXs5_NtCscNegbyJkm8k_10serde_json4readNtB5_9SliceReadNtB5_4Read4nextB7_
000000010006fbe4 t __RNvXs5_NtCscNegbyJkm8k_10serde_json4readNtB5_9SliceReadNtB5_4Read4peekB7_
000000010006fc9c t __RNvXs5_NtCscNegbyJkm8k_10serde_json4readNtB5_9SliceReadNtB5_4Read7discardB7_
000000010006fcf0 T __RNvXs5_NtCscNegbyJkm8k_10serde_json4readNtB5_9SliceReadNtB5_4Read8position
000000010006fd18 T __RNvXs8_NtCscNegbyJkm8k_10serde_json4readNtB5_7StrReadNtB5_4Read13peek_position
000000010006fd3c t __RNvXs8_NtCscNegbyJkm8k_10serde_json4readNtB5_7StrReadNtB5_4Read4nextB7_
000000010006fd60 t __RNvXs8_NtCscNegbyJkm8k_10serde_json4readNtB5_7StrReadNtB5_4Read4peekB7_
000000010006fd84 t __RNvXs8_NtCscNegbyJkm8k_10serde_json4readNtB5_7StrReadNtB5_4Read7discardB7_
000000010006fda8 T __RNvXs8_NtCscNegbyJkm8k_10serde_json4readNtB5_7StrReadNtB5_4Read8position
000000010006fdcc T __RNvXs8_NtCscNegbyJkm8k_10serde_json4readNtB5_7StrReadNtB5_4Read9parse_str
000000010006fe00 T __RNvXsJ_NtCsgtPOCBgevO_4core6optionINtB5_6OptionjENtNtNtB7_3ops9try_trait3Try11from_outputCscNegbyJkm8k_10serde_json
000000010006fe1c t __RNvXs_NtNtCscNegbyJkm8k_10serde_json7lexical3numfNtB4_5Float14exponent_limitB8_
000000010006fe28 t __RNvXs_NtNtCscNegbyJkm8k_10serde_json7lexical3numfNtB4_5Float14mantissa_limitB8_
000000010006fe30 t __RNvXs_NtNtCscNegbyJkm8k_10serde_json7lexical3numfNtB4_5Float16is_sign_positiveB8_
000000010006fe50 t __RNvXs_NtNtCscNegbyJkm8k_10serde_json7lexical3numfNtB4_5Float5pow10B8_
000000010006fff4 t __RNvXs_NtNtCscNegbyJkm8k_10serde_json7lexical3numfNtB4_5Float7to_bitsB8_
0000000100070014 t __RNvXs_NtNtCscNegbyJkm8k_10serde_json7lexical3numfNtB4_5Float9from_bitsB8_
0000000100070034 t __RNvXs_NtNtCslJsSqIQKwiA_5alloc3vec15set_len_on_dropNtB4_12SetLenOnDropNtNtNtCsgtPOCBgevO_4core3ops4drop4Drop4dropCscNegbyJkm8k_10serde_json
0000000100070054 T __RNvXsf_NtCsgtPOCBgevO_4core6optionINtB5_6OptionReENtNtB7_3cmp9PartialEq2eqCscNegbyJkm8k_10serde_json
0000000100070100 T __RNvXsf_NtCsgtPOCBgevO_4core6optionINtB5_6OptionRhENtNtB7_3cmp9PartialEq2eqCscNegbyJkm8k_10serde_json
00000001000701ac T __RNvXsf_NtCsgtPOCBgevO_4core6optionINtB5_6OptionRyENtNtB7_3cmp9PartialEq2eqCscNegbyJkm8k_10serde_json
0000000100070258 t __RNvXsg_Cs2sw7CroeKnC_4itoayNtNtB5_7private6Sealed5writeCscNegbyJkm8k_10serde_json
000000010007029c T __RNvYdNtNtNtCscNegbyJkm8k_10serde_json7lexical3num5Float10is_specialB9_
00000001000702e4 T __RNvYdNtNtNtCscNegbyJkm8k_10serde_json7lexical3num5Float11is_denormalB9_
0000000100070324 T __RNvYdNtNtNtCscNegbyJkm8k_10serde_json7lexical3num5Float13next_positiveB9_
00000001000703a8 T __RNvYdNtNtNtCscNegbyJkm8k_10serde_json7lexical3num5Float19round_positive_evenB9_
000000010007043c T __RNvYdNtNtNtCscNegbyJkm8k_10serde_json7lexical3num5Float6is_infB9_
00000001000704a8 T __RNvYdNtNtNtCscNegbyJkm8k_10serde_json7lexical3num5Float8exponentB9_
000000010007053c T __RNvYdNtNtNtCscNegbyJkm8k_10serde_json7lexical3num5Float8mantissaB9_
00000001000705b0 T __RNvYfNtNtNtCscNegbyJkm8k_10serde_json7lexical3num5Float10is_specialB9_
00000001000705f8 T __RNvYfNtNtNtCscNegbyJkm8k_10serde_json7lexical3num5Float11is_denormalB9_
0000000100070638 T __RNvYfNtNtNtCscNegbyJkm8k_10serde_json7lexical3num5Float13next_positiveB9_
00000001000706bc T __RNvYfNtNtNtCscNegbyJkm8k_10serde_json7lexical3num5Float19round_positive_evenB9_
0000000100070750 T __RNvYfNtNtNtCscNegbyJkm8k_10serde_json7lexical3num5Float6is_infB9_
00000001000707bc T __RNvYfNtNtNtCscNegbyJkm8k_10serde_json7lexical3num5Float8exponentB9_
0000000100070850 T __RNvYfNtNtNtCscNegbyJkm8k_10serde_json7lexical3num5Float8mantissaB9_
00000001000708c4 T __RINvMs2_NtCsgtPOCBgevO_4core3fmtNtB6_9Arguments3newKj21_Kj3_ECscNegbyJkm8k_10serde_json
00000001000708e0 T __RINvMsi_NtNtNtCslJsSqIQKwiA_5alloc11collections5btree3mapINtB6_8BTreeMapNtNtBc_6string6StringNtNtCscNegbyJkm8k_10serde_json5value5ValueE3geteEB1x_
00000001000709bc T __RINvNtNtCsgtPOCBgevO_4core5slice5index5rangeINtNtNtB6_3ops5range7RangeTojEECscNegbyJkm8k_10serde_json
0000000100070b90 T __RINvXs4_NtNtCsa9E01ePNyi4_10serde_core2de5implsNtB6_13StringVisitorNtB8_7Visitor9visit_strNtNtCscNegbyJkm8k_10serde_json5error5ErrorEB1u_
0000000100070bd4 T __RINvXs_NtNtNtCsgtPOCBgevO_4core4iter8adapters3revINtB5_3RevINtNtNtBb_5slice4iter4IteryEENtNtNtB9_6traits8iterator8Iterator8try_folduNCINvNvB1o_3any5checkRyNCINvNtNtCscNegbyJkm8k_10serde_json7lexical4math7nonzeroyE0E0INtNtNtBb_3ops12control_flow11ControlFlowuEEB2C_
0000000100070bf8 T __RINvYINtNtNtNtCsgtPOCBgevO_4core4iter8adapters3rev3RevINtNtNtBc_5slice4iter4IteryEENtNtNtBa_6traits8iterator8Iterator3anyNCINvNtNtCscNegbyJkm8k_10serde_json7lexical4math7nonzeroyE0EB24_
0000000100070c34 T __RINvYINtNtNtNtCsgtPOCBgevO_4core4iter8adapters3rev3RevINtNtNtBc_5slice4iter4IteryEENtNtNtBa_6traits8iterator8Iterator3zipB3_ECscNegbyJkm8k_10serde_json
0000000100070d00 T __RINvYNtNtNtCsa9E01ePNyi4_10serde_core2de5impls13StringVisitorNtB7_7Visitor18visit_borrowed_strNtNtCscNegbyJkm8k_10serde_json5error5ErrorEB1y_
0000000100070d28 T __RNCNvMs4_NtNtNtNtCslJsSqIQKwiA_5alloc11collections5btree3map5entryINtB7_11VacantEntryNtNtBf_6string6StringNtNtCscNegbyJkm8k_10serde_json5value5ValueE12insert_entry0B1K_
0000000100070e94 t __RNvMNtCsgtPOCBgevO_4core3stre3lenCscNegbyJkm8k_10serde_json
0000000100070eb0 T __RNvMs1A_NtNtNtCslJsSqIQKwiA_5alloc11collections5btree3mapINtB6_8BTreeMapNtNtBc_6string6StringNtNtCscNegbyJkm8k_10serde_json5value5ValueE4iterB1x_
0000000100070fcc T __RNvMs1_NtCscNegbyJkm8k_10serde_json6numberNtB5_6Number6as_u64
0000000100071020 T __RNvMs1_NtCscNegbyJkm8k_10serde_json6numberNtB5_6Number8from_f64
0000000100071088 T __RNvMs2_NtCslJsSqIQKwiA_5alloc7raw_vecNtB5_11RawVecInner10grow_exactCscNegbyJkm8k_10serde_json
00000001000712d4 T __RNvMs2_NtCslJsSqIQKwiA_5alloc7raw_vecNtB5_11RawVecInner13reserve_exactCscNegbyJkm8k_10serde_json
0000000100071338 T __RNvMs2_NtCslJsSqIQKwiA_5alloc7raw_vecNtB5_11RawVecInner17try_reserve_exactCscNegbyJkm8k_10serde_json
00000001000714cc T __RNvMs3_NtCslJsSqIQKwiA_5alloc7raw_vecINtB5_6RawVecNtNtCscNegbyJkm8k_10serde_json5value5ValueE8grow_oneBQ_
0000000100071550 T __RNvMs3_NtCslJsSqIQKwiA_5alloc7raw_vecINtB5_6RawVecyE8grow_oneCscNegbyJkm8k_10serde_json
00000001000715d0 t __RNvMs4_NtCsgtPOCBgevO_4core3fmtNtB5_9Arguments23as_statically_known_strCscNegbyJkm8k_10serde_json
00000001000716d4 t __RNvMs4_NtCsgtPOCBgevO_4core3fmtNtB5_9Arguments8from_strCscNegbyJkm8k_10serde_json
00000001000716f4 T __RNvMs4_NtCslJsSqIQKwiA_5alloc7raw_vecNtB5_11RawVecInner16with_capacity_inCscNegbyJkm8k_10serde_json
00000001000717e4 T __RNvMs4_NtNtNtNtCslJsSqIQKwiA_5alloc11collections5btree3map5entryINtB5_11VacantEntryNtNtBd_6string6StringNtNtCscNegbyJkm8k_10serde_json5value5ValueE12insert_entryB1I_
0000000100071aa8 T __RNvMs5_NtNtNtNtCslJsSqIQKwiA_5alloc11collections5btree3map5entryINtB5_13OccupiedEntryNtNtBd_6string6StringNtNtCscNegbyJkm8k_10serde_json5value5ValueE6insertB1K_
0000000100071b48 T __RNvMs5_NtNtNtNtCslJsSqIQKwiA_5alloc11collections5btree3map5entryINtB5_13OccupiedEntryNtNtBd_6string6StringNtNtCscNegbyJkm8k_10serde_json5value5ValueE8into_mutB1K_
0000000100071ba0 t __RNvMsa_NtCsgtPOCBgevO_4core3fmtNtB5_9Formatter9write_fmtCscNegbyJkm8k_10serde_json
0000000100071c44 T __RNvMsf_NtNtCsgtPOCBgevO_4core3str4iterINtB5_13SplitInternalcE7get_endCscNegbyJkm8k_10serde_json
0000000100071d6c T __RNvMsg_NtNtNtCslJsSqIQKwiA_5alloc11collections5btree3mapINtB5_8BTreeMapNtNtBb_6string6StringNtNtCscNegbyJkm8k_10serde_json5value5ValueE3newB1w_
0000000100071d90 T __RNvMsi_NtNtNtCslJsSqIQKwiA_5alloc11collections5btree3mapINtB5_8BTreeMapNtNtBb_6string6StringNtNtCscNegbyJkm8k_10serde_json5value5ValueE5entryB1w_
0000000100071fe4 T __RNvMsi_NtNtNtCslJsSqIQKwiA_5alloc11collections5btree3mapINtB5_8BTreeMapNtNtBb_6string6StringNtNtCscNegbyJkm8k_10serde_json5value5ValueE6insertB1w_
0000000100072154 T __RNvMsz_NtNtNtCslJsSqIQKwiA_5alloc11collections5btree3mapINtB5_8IntoIterNtNtBb_6string6StringNtNtCscNegbyJkm8k_10serde_json5value5ValueE10dying_nextB1w_
00000001000721e4 t __RNvNtCsgtPOCBgevO_4core4hint21unreachable_uncheckedCscNegbyJkm8k_10serde_json
00000001000721f4 t __RNvNtNtCscNegbyJkm8k_10serde_json7lexical5digit8to_digitB5_
000000010007221c t __RNvNtNtCscNegbyJkm8k_10serde_json7lexical5digit9add_digitB5_
0000000100072294 t __RNvNtNtCsgtPOCBgevO_4core5slice5index16into_slice_rangeCscNegbyJkm8k_10serde_json
0000000100072430 t __RNvNvNtCsgtPOCBgevO_4core4hint16assert_unchecked18precondition_checkCscNegbyJkm8k_10serde_json
0000000100072488 t __RNvNvNtCsgtPOCBgevO_4core4hint21unreachable_unchecked18precondition_checkCscNegbyJkm8k_10serde_json
00000001000724c4 t __RNvNvXs0_NtNtCsgtPOCBgevO_4core5slice5indexjINtB7_10SliceIndexSpE13get_unchecked18precondition_checkCscNegbyJkm8k_10serde_json
0000000100072524 t __RNvNvXs0_NtNtCsgtPOCBgevO_4core5slice5indexjINtB7_10SliceIndexSpE17get_unchecked_mut18precondition_checkCscNegbyJkm8k_10serde_json
0000000100072584 t __RNvNvXs2_NtNtCsgtPOCBgevO_4core5slice5indexINtNtNtBb_3ops5range5RangejEINtB7_10SliceIndexSpE13get_unchecked18precondition_checkCscNegbyJkm8k_10serde_json
0000000100072604 t __RNvNvXs2_NtNtCsgtPOCBgevO_4core5slice5indexINtNtNtBb_3ops5range5RangejEINtB7_10SliceIndexSpE17get_unchecked_mut18precondition_checkCscNegbyJkm8k_10serde_json
0000000100072684 T __RNvXNtNtNtCsgtPOCBgevO_4core4iter6traits7collectINtNtNtB6_8adapters3rev3RevINtNtNtB8_5slice4iter4IteryEENtB2_12IntoIterator9into_iterCscNegbyJkm8k_10serde_json
00000001000726a0 T __RNvXNtNtNtCsgtPOCBgevO_4core4iter6traits7collectINtNtNtB6_8adapters9enumerate9EnumerateINtNtNtB8_5slice4iter4IteryEENtB2_12IntoIterator9into_iterCscNegbyJkm8k_10serde_json
00000001000726b8 T __RNvXNtNtNtCslJsSqIQKwiA_5alloc11collections5btree3mapINtB2_8BTreeMapNtNtB8_6string6StringNtNtCscNegbyJkm8k_10serde_json5value5ValueENtNtNtCsgtPOCBgevO_4core3ops4drop4Drop4dropB1t_
0000000100072830 T __RNvXNvXsy_NtNtNtCslJsSqIQKwiA_5alloc11collections5btree3mapINtB8_8IntoIterpppENtNtNtCsgtPOCBgevO_4core3ops4drop4Drop4dropINtB2_9DropGuardNtNtBe_6string6StringNtNtCscNegbyJkm8k_10serde_json5value5ValueNtNtBe_5alloc6GlobalEB1e_4dropB2A_
0000000100072894 T __RNvXs0_NtNtCsgtPOCBgevO_4core5slice5indexjINtB5_10SliceIndexSNtNtCscNegbyJkm8k_10serde_json5value5ValueE3getB11_
00000001000728e0 T __RNvXs0_NtNtCsgtPOCBgevO_4core5slice5indexjINtB5_10SliceIndexSyE5indexCscNegbyJkm8k_10serde_json
000000010007293c T __RNvXs0_NtNtCsgtPOCBgevO_4core5slice5indexjINtB5_10SliceIndexSyE9index_mutCscNegbyJkm8k_10serde_json
0000000100072998 T __RNvXs1_NtCscNegbyJkm8k_10serde_json5errorNtB5_9ErrorCodeNtNtCsgtPOCBgevO_4core3fmt7Display3fmt
0000000100072d18 T __RNvXs1_NtCslJsSqIQKwiA_5alloc7raw_vecINtB5_6RawVecNtNtCscNegbyJkm8k_10serde_json5value5ValueENtNtNtCsgtPOCBgevO_4core3ops4drop4Drop4dropBQ_
0000000100072d4c T __RNvXs1_NtCslJsSqIQKwiA_5alloc7raw_vecINtB5_6RawVecyENtNtNtCsgtPOCBgevO_4core3ops4drop4Drop4dropCscNegbyJkm8k_10serde_json
0000000100072d7c T __RNvXs1g_NtCsgtPOCBgevO_4core3fmtRuNtB6_5Debug3fmtCscNegbyJkm8k_10serde_json
0000000100072dac T __RNvXs5_NtCscNegbyJkm8k_10serde_json5errorNtB5_5ErrorNtNtCsgtPOCBgevO_4core3fmt5Debug3fmt
0000000100072fb0 T __RNvXsB_NtCslJsSqIQKwiA_5alloc6stringNtNtCscNegbyJkm8k_10serde_json5error9ErrorCodeNtB5_8ToString9to_stringBC_
0000000100072fd4 T __RNvXsC_NtCslJsSqIQKwiA_5alloc6stringNtNtCscNegbyJkm8k_10serde_json5error9ErrorCodeNtB5_12SpecToString14spec_to_stringBC_
00000001000730c8 t __RNvXsK_NtCsgtPOCBgevO_4core3fmtNtB5_5ErrorNtB5_5Debug3fmtCscNegbyJkm8k_10serde_json
0000000100073108 T __RNvXs_NtNtNtCsgtPOCBgevO_4core4iter8adapters3revINtB4_3RevINtNtNtBa_5slice4iter4IteryEENtNtNtB8_6traits8iterator8Iterator4nextCscNegbyJkm8k_10serde_json
000000010007312c T __RNvXs_NtNtNtCsgtPOCBgevO_4core4iter8adapters9enumerateINtB4_9EnumerateINtNtNtBa_5slice4iter4IterNtNtCslJsSqIQKwiA_5alloc6string6StringEENtNtNtB8_6traits8iterator8Iterator4nextCscNegbyJkm8k_10serde_json
000000010007320c T __RNvXs_NtNtNtCsgtPOCBgevO_4core4iter8adapters9enumerateINtB4_9EnumerateINtNtNtBa_5slice4iter4IteryEENtNtNtB8_6traits8iterator8Iterator4nextCscNegbyJkm8k_10serde_json
00000001000732ec T __RNvXsk_NtNtNtCslJsSqIQKwiA_5alloc11collections5btree3mapINtB5_4IterNtNtBb_6string6StringNtNtCscNegbyJkm8k_10serde_json5value5ValueENtNtNtNtCsgtPOCBgevO_4core4iter6traits8iterator8Iterator4nextB1s_
000000010007339c T __RNvXsk_NtNtNtCslJsSqIQKwiA_5alloc11collections5btree3mapINtB5_4IterNtNtBb_6string6StringNtNtCscNegbyJkm8k_10serde_json5value5ValueENtNtNtNtCsgtPOCBgevO_4core4iter6traits8iterator8Iterator9size_hintB1s_
00000001000733c8 T __RNvXsl_NtCscNegbyJkm8k_10serde_json6numberNtB5_6NumberINtNtCsgtPOCBgevO_4core7convert4FromyE4from
00000001000733e8 T __RNvXsq_NtCscNegbyJkm8k_10serde_json6numberNtB5_6NumberINtNtCsgtPOCBgevO_4core7convert4FromxE4from
0000000100073440 t __RNvXss_NtCsgtPOCBgevO_4core3fmtuNtB5_5Debug3fmtCscNegbyJkm8k_10serde_json
0000000100073480 T __RNvXsy_NtNtNtCslJsSqIQKwiA_5alloc11collections5btree3mapINtB5_8IntoIterNtNtBb_6string6StringNtNtCscNegbyJkm8k_10serde_json5value5ValueENtNtNtCsgtPOCBgevO_4core3ops4drop4Drop4dropB1w_
000000010007351c T __RINvMs_NtCslJsSqIQKwiA_5alloc3vecINtB5_3VecyE5drainINtNtNtCsgtPOCBgevO_4core3ops5range7RangeTojEECscNegbyJkm8k_10serde_json
0000000100073680 T __RINvMsj_NtCslJsSqIQKwiA_5alloc3vecINtB6_3VechE14extend_trustedINtNtNtNtCsgtPOCBgevO_4core4iter8adapters4take4TakeINtNtNtB15_7sources6repeat6RepeathEEECscNegbyJkm8k_10serde_json
00000001000737a4 T __RINvMsj_NtCslJsSqIQKwiA_5alloc3vecINtB6_3VecyE14extend_trustedQINtNtNtNtCsgtPOCBgevO_4core4iter8adapters4take4TakeINtNtNtB16_7sources6repeat6RepeatyEEECscNegbyJkm8k_10serde_json
00000001000738c0 T __RINvMsj_NtCslJsSqIQKwiA_5alloc3vecINtB6_3VecyE6spliceINtNtNtCsgtPOCBgevO_4core3ops5range7RangeTojEINtNtNtNtBW_4iter8adapters4take4TakeINtNtNtB1F_7sources6repeat6RepeatyEEECscNegbyJkm8k_10serde_json
0000000100073998 T __RINvNtNtCscNegbyJkm8k_10serde_json7lexical5parse19parse_concise_floatdEB6_
0000000100073ae0 T __RINvNtNtCscNegbyJkm8k_10serde_json7lexical5parse19parse_concise_floatfEB6_
0000000100073c34 T __RINvNtNtCscNegbyJkm8k_10serde_json7lexical5parse21parse_truncated_floatdEB6_
0000000100073eb8 T __RINvNtNtCscNegbyJkm8k_10serde_json7lexical5parse21parse_truncated_floatfEB6_
000000010007413c T __RINvNtNtCscNegbyJkm8k_10serde_json7lexical6bhcomp10b_extendeddEB6_
000000010007415c T __RINvNtNtCscNegbyJkm8k_10serde_json7lexical6bhcomp10b_extendedfEB6_
000000010007417c T __RINvNtNtCscNegbyJkm8k_10serde_json7lexical6bhcomp10large_atofdEB6_
0000000100074310 T __RINvNtNtCscNegbyJkm8k_10serde_json7lexical6bhcomp10large_atoffEB6_
00000001000744a4 T __RINvNtNtCscNegbyJkm8k_10serde_json7lexical6bhcomp10small_atofdEB6_
0000000100074718 T __RINvNtNtCscNegbyJkm8k_10serde_json7lexical6bhcomp10small_atoffEB6_
000000010007498c T __RINvNtNtCscNegbyJkm8k_10serde_json7lexical6bhcomp11bh_extendeddEB6_
0000000100074a08 T __RINvNtNtCscNegbyJkm8k_10serde_json7lexical6bhcomp11bh_extendedfEB6_
0000000100074a84 T __RINvNtNtCscNegbyJkm8k_10serde_json7lexical6bhcomp14parse_mantissadEB6_
0000000100074e74 T __RINvNtNtCscNegbyJkm8k_10serde_json7lexical6bhcomp14parse_mantissafEB6_
0000000100075264 T __RINvNtNtCscNegbyJkm8k_10serde_json7lexical6bhcomp6bhcompdEB6_
0000000100075474 T __RINvNtNtCscNegbyJkm8k_10serde_json7lexical6bhcomp6bhcompfEB6_
0000000100075684 T __RINvNtNtNtCsgtPOCBgevO_4core4iter7sources6repeat6repeathECscNegbyJkm8k_10serde_json
0000000100075694 T __RINvNtNtNtCsgtPOCBgevO_4core4iter7sources6repeat6repeatyECscNegbyJkm8k_10serde_json
00000001000756a4 T __RINvXNvXNtNtCscNegbyJkm8k_10serde_json5value2deNtB8_5ValueNtNtCsa9E01ePNyi4_10serde_core2de11Deserialize11deserializeNtB3_12ValueVisitorNtBW_7Visitor10visit_boolNtNtBa_5error5ErrorEBa_
00000001000756d0 T __RINvXNvXNtNtCscNegbyJkm8k_10serde_json5value2deNtB8_5ValueNtNtCsa9E01ePNyi4_10serde_core2de11Deserialize11deserializeNtB3_12ValueVisitorNtBW_7Visitor10visit_unitNtNtBa_5error5ErrorEBa_
00000001000756f0 T __RINvXNvXNtNtCscNegbyJkm8k_10serde_json5value2deNtB8_5ValueNtNtCsa9E01ePNyi4_10serde_core2de11Deserialize11deserializeNtB3_12ValueVisitorNtBW_7Visitor12visit_stringNtNtBa_5error5ErrorEBa_
0000000100075728 T __RINvXNvXNtNtCscNegbyJkm8k_10serde_json5value2deNtB8_5ValueNtNtCsa9E01ePNyi4_10serde_core2de11Deserialize11deserializeNtB3_12ValueVisitorNtBW_7Visitor9visit_f64NtNtBa_5error5ErrorEBa_
000000010007577c T __RINvXNvXNtNtCscNegbyJkm8k_10serde_json5value2deNtB8_5ValueNtNtCsa9E01ePNyi4_10serde_core2de11Deserialize11deserializeNtB3_12ValueVisitorNtBW_7Visitor9visit_i64NtNtBa_5error5ErrorEBa_
00000001000757d4 T __RINvXNvXNtNtCscNegbyJkm8k_10serde_json5value2deNtB8_5ValueNtNtCsa9E01ePNyi4_10serde_core2de11Deserialize11deserializeNtB3_12ValueVisitorNtBW_7Visitor9visit_mapINtNtBa_2de9MapAccessNtNtBa_4read7StrReadEEBa_
0000000100075b8c T __RINvXNvXNtNtCscNegbyJkm8k_10serde_json5value2deNtB8_5ValueNtNtCsa9E01ePNyi4_10serde_core2de11Deserialize11deserializeNtB3_12ValueVisitorNtBW_7Visitor9visit_seqINtNtBa_2de9SeqAccessNtNtBa_4read7StrReadEEBa_
0000000100075cfc T __RINvXNvXNtNtCscNegbyJkm8k_10serde_json5value2deNtB8_5ValueNtNtCsa9E01ePNyi4_10serde_core2de11Deserialize11deserializeNtB3_12ValueVisitorNtBW_7Visitor9visit_strNtNtBa_5error5ErrorEBa_
0000000100075d3c T __RINvXNvXNtNtCscNegbyJkm8k_10serde_json5value2deNtB8_5ValueNtNtCsa9E01ePNyi4_10serde_core2de11Deserialize11deserializeNtB3_12ValueVisitorNtBW_7Visitor9visit_u64NtNtBa_5error5ErrorEBa_
0000000100075d94 T __RINvXsi_NtCslJsSqIQKwiA_5alloc3vecINtB6_3VechEINtNtNtNtCsgtPOCBgevO_4core4iter6traits7collect6ExtendhE6extendINtNtNtBP_8adapters4take4TakeINtNtNtBP_7sources6repeat6RepeathEEECscNegbyJkm8k_10serde_json
0000000100075de4 T __RINvXsk_NtNtCscNegbyJkm8k_10serde_json5value2deNtB6_13KeyClassifierNtNtCsa9E01ePNyi4_10serde_core2de15DeserializeSeed11deserializeINtNtBa_2de6MapKeyNtNtBa_4read7StrReadEEBa_
0000000100075e08 T __RINvXsl_NtNtCscNegbyJkm8k_10serde_json5value2deNtB6_13KeyClassifierNtNtCsa9E01ePNyi4_10serde_core2de7Visitor9visit_strNtNtBa_5error5ErrorEBa_
0000000100075e5c T __RINvYINtNtNtNtCsgtPOCBgevO_4core4iter7sources6repeat6RepeathENtNtNtBa_6traits8iterator8Iterator8try_foldjNCINvNvXs7_NtNtBa_8adapters4takeINtB1Q_4TakepENtB1Q_8SpecTake13spec_for_each5checkhNCINvMsj_NtCslJsSqIQKwiA_5alloc3vecINtB39_3VechE14extend_trustedIB2c_B3_EE0E0INtNtBc_6option6OptionjEECscNegbyJkm8k_10serde_json
0000000100075fdc T __RINvYINtNtNtNtCsgtPOCBgevO_4core4iter7sources6repeat6RepeatyENtNtNtBa_6traits8iterator8Iterator8try_folduNCINvNvXs_NtNtBa_8adapters4takeINtB1P_4TakepEBX_8try_fold5checkyuINtNtNtBc_3ops9try_trait17NeverShortCircuituENCINvMB2L_B2I_10wrap_mut_2uyNCINvNvBX_8for_each4callyNCINvMsj_NtCslJsSqIQKwiA_5alloc3vecINtB4r_3VecyE14extend_trustedQIB2b_B3_EE0E0E0E0INtNtB2N_12control_flow11ControlFlowB2I_EECscNegbyJkm8k_10serde_json
000000010007610c T __RINvYNtNtNtCscNegbyJkm8k_10serde_json5value2de13KeyClassifierNtNtCsa9E01ePNyi4_10serde_core2de7Visitor18visit_borrowed_strNtNtB9_5error5ErrorEB9_
0000000100076134 T __RINvYNtNvXNtNtCscNegbyJkm8k_10serde_json5value2deNtBa_5ValueNtNtCsa9E01ePNyi4_10serde_core2de11Deserialize11deserialize12ValueVisitorNtBY_7Visitor18visit_borrowed_strNtNtBc_5error5ErrorEBc_
000000010007615c T __RNCINvMsj_NtCslJsSqIQKwiA_5alloc3vecINtB8_3VechE14extend_trustedINtNtNtNtCsgtPOCBgevO_4core4iter8adapters4take4TakeINtNtNtB17_7sources6repeat6RepeathEEE0CscNegbyJkm8k_10serde_json
000000010007618c T __RNCINvMsj_NtCslJsSqIQKwiA_5alloc3vecINtB8_3VecyE14extend_trustedQINtNtNtNtCsgtPOCBgevO_4core4iter8adapters4take4TakeINtNtNtB18_7sources6repeat6RepeatyEEE0CscNegbyJkm8k_10serde_json
00000001000761bc T __RNCINvNtNtCscNegbyJkm8k_10serde_json7lexical6bhcomp10large_atofdE0B8_
0000000100076200 T __RNCINvNtNtCscNegbyJkm8k_10serde_json7lexical6bhcomp10large_atoffE0B8_
0000000100076244 T __RNCINvNtNtCscNegbyJkm8k_10serde_json7lexical6bhcomp6bhcompdE0B8_
0000000100076274 T __RNCINvNtNtCscNegbyJkm8k_10serde_json7lexical6bhcomp6bhcompfE0B8_
00000001000762a4 T __RNvMNtCsgtPOCBgevO_4core5sliceSh12chunks_exactCscNegbyJkm8k_10serde_json
0000000100076394 T __RNvMNtCsgtPOCBgevO_4core5sliceSh4iterCscNegbyJkm8k_10serde_json
00000001000763bc T __RNvMNtCsgtPOCBgevO_4core5sliceSh4lastCscNegbyJkm8k_10serde_json
000000010007640c T __RNvMNtCsgtPOCBgevO_4core5sliceSy4iterCscNegbyJkm8k_10serde_json
0000000100076434 T __RNvMNtCsgtPOCBgevO_4core5sliceSy4lastCscNegbyJkm8k_10serde_json
0000000100076484 T __RNvMNtCsgtPOCBgevO_4core5sliceSy8is_emptyCscNegbyJkm8k_10serde_json
00000001000764a0 T __RNvMNtCsgtPOCBgevO_4core5sliceSy8iter_mutCscNegbyJkm8k_10serde_json
00000001000764c8 T __RNvMNtCslJsSqIQKwiA_5alloc3vecINtB2_3VecNtNtCscNegbyJkm8k_10serde_json5value5ValueE3newBG_
00000001000764dc T __RNvMNtCslJsSqIQKwiA_5alloc3vecINtB2_3VechE3newCscNegbyJkm8k_10serde_json
00000001000764f0 T __RNvMNtCslJsSqIQKwiA_5alloc3vecINtB2_3VecyE13with_capacityCscNegbyJkm8k_10serde_json
0000000100076530 T __RNvMs0_NtNtCslJsSqIQKwiA_5alloc3vec9into_iterINtB5_8IntoIteryE16as_raw_mut_sliceCscNegbyJkm8k_10serde_json
00000001000765fc T __RNvMs1_NtCslJsSqIQKwiA_5alloc3vecINtB5_3VechE17extend_from_sliceCscNegbyJkm8k_10serde_json
0000000100076668 T __RNvMs1_NtCslJsSqIQKwiA_5alloc3vecINtB5_3VecyE17extend_from_sliceCscNegbyJkm8k_10serde_json
00000001000766d4 T __RNvMs1_NtCslJsSqIQKwiA_5alloc3vecINtB5_3VecyE6resizeCscNegbyJkm8k_10serde_json
0000000100076788 T __RNvMs3_NtCslJsSqIQKwiA_5alloc3vecINtB5_3VecyE11extend_withCscNegbyJkm8k_10serde_json
000000010007694c T __RNvMsF_NtCslJsSqIQKwiA_5alloc3vecINtB5_3VecNtNtCscNegbyJkm8k_10serde_json5value5ValueE4pushBJ_
0000000100076970 T __RNvMsF_NtCslJsSqIQKwiA_5alloc3vecINtB5_3VecNtNtCscNegbyJkm8k_10serde_json5value5ValueE8push_mutBJ_
0000000100076a5c T __RNvMsF_NtCslJsSqIQKwiA_5alloc3vecINtB5_3VechE4pushCscNegbyJkm8k_10serde_json
0000000100076a84 T __RNvMsF_NtCslJsSqIQKwiA_5alloc3vecINtB5_3VechE8push_mutCscNegbyJkm8k_10serde_json
0000000100076b4c T __RNvMsF_NtCslJsSqIQKwiA_5alloc3vecINtB5_3VecyE4pushCscNegbyJkm8k_10serde_json
0000000100076b74 T __RNvMsF_NtCslJsSqIQKwiA_5alloc3vecINtB5_3VecyE8push_mutCscNegbyJkm8k_10serde_json
0000000100076c40 T __RNvMs_NtCslJsSqIQKwiA_5alloc3vecINtB4_3VechE10as_mut_ptrCscNegbyJkm8k_10serde_json
0000000100076c58 T __RNvMs_NtCslJsSqIQKwiA_5alloc3vecINtB4_3VechE15append_elementsCscNegbyJkm8k_10serde_json
0000000100076d38 T __RNvMs_NtCslJsSqIQKwiA_5alloc3vecINtB4_3VechE3lenCscNegbyJkm8k_10serde_json
0000000100076d50 T __RNvMs_NtCslJsSqIQKwiA_5alloc3vecINtB4_3VechE5clearCscNegbyJkm8k_10serde_json
0000000100076d78 T __RNvMs_NtCslJsSqIQKwiA_5alloc3vecINtB4_3VechE7set_lenCscNegbyJkm8k_10serde_json
0000000100076de8 T __RNvMs_NtCslJsSqIQKwiA_5alloc3vecINtB4_3VechE8is_emptyCscNegbyJkm8k_10serde_json
0000000100076e08 T __RNvMs_NtCslJsSqIQKwiA_5alloc3vecINtB4_3VecyE13reserve_exactCscNegbyJkm8k_10serde_json
0000000100076e48 T __RNvMs_NtCslJsSqIQKwiA_5alloc3vecINtB4_3VecyE15append_elementsCscNegbyJkm8k_10serde_json
0000000100076f28 T __RNvMs_NtCslJsSqIQKwiA_5alloc3vecINtB4_3VecyE3lenCscNegbyJkm8k_10serde_json
0000000100076f40 T __RNvMs_NtCslJsSqIQKwiA_5alloc3vecINtB4_3VecyE3popCscNegbyJkm8k_10serde_json
0000000100077020 T __RNvMs_NtCslJsSqIQKwiA_5alloc3vecINtB4_3VecyE7reserveCscNegbyJkm8k_10serde_json
00000001000770c0 T __RNvMs_NtCslJsSqIQKwiA_5alloc3vecINtB4_3VecyE8as_sliceCscNegbyJkm8k_10serde_json
00000001000770e0 T __RNvMs_NtCslJsSqIQKwiA_5alloc3vecINtB4_3VecyE8is_emptyCscNegbyJkm8k_10serde_json
0000000100077100 T __RNvMs_NtCslJsSqIQKwiA_5alloc3vecINtB4_3VecyE8truncateCscNegbyJkm8k_10serde_json
0000000100077168 t __RNvNtNtCscNegbyJkm8k_10serde_json7lexical5shift15overflowing_shrB5_
00000001000772a0 t __RNvNtNtCscNegbyJkm8k_10serde_json7lexical5shift3shlB5_
0000000100077398 t __RNvNtNtCscNegbyJkm8k_10serde_json7lexical5shift3shrB5_
0000000100077490 t __RNvNtNtCscNegbyJkm8k_10serde_json7lexical6bhcomp22round_nearest_tie_evenB5_
0000000100077518 t __RNvNtNtNtNtCsgtPOCBgevO_4core9core_arch10arm_shared4neon9generated10vdupq_n_u8CscNegbyJkm8k_10serde_json
0000000100077534 t __RNvNtNtNtNtCsgtPOCBgevO_4core9core_arch10arm_shared4neon9generated19vreinterpret_u64_u8CscNegbyJkm8k_10serde_json
0000000100077540 t __RNvNtNtNtNtCsgtPOCBgevO_4core9core_arch10arm_shared4neon9generated20vreinterpretq_u16_u8CscNegbyJkm8k_10serde_json
000000010007754c t __RNvNtNtNtNtCsgtPOCBgevO_4core9core_arch10arm_shared4neon9generated20vreinterpretq_u64_u8CscNegbyJkm8k_10serde_json
0000000100077558 t __RNvNtNtNtNtCsgtPOCBgevO_4core9core_arch10arm_shared4neon9generated8vceqq_u8CscNegbyJkm8k_10serde_json
000000010007756c t __RNvNtNtNtNtCsgtPOCBgevO_4core9core_arch10arm_shared4neon9generated8vorrq_u8CscNegbyJkm8k_10serde_json
0000000100077580 t __RNvNvMNtNtCsgtPOCBgevO_4core3mem9alignmentNtB4_9Alignment13new_unchecked18precondition_checkCscNegbyJkm8k_10serde_json
00000001000775f0 t __RNvNvMs_NtCslJsSqIQKwiA_5alloc3vecINtB6_3VecppE7set_len18precondition_checkCscNegbyJkm8k_10serde_json
0000000100077650 T __RNvXNtNtCslJsSqIQKwiA_5alloc3vec14spec_from_iterINtB4_3VecyEINtB2_12SpecFromIteryQINtNtNtNtCsgtPOCBgevO_4core4iter8adapters4take4TakeINtNtNtB1p_7sources6repeat6RepeatyEEE9from_iterCscNegbyJkm8k_10serde_json
0000000100077674 T __RNvXNtNtNtCsgtPOCBgevO_4core4iter6traits7collectINtNtNtB6_8adapters3zip3ZipINtNtBP_3rev3RevINtNtNtB8_5slice4iter4IteryEEB1b_ENtB2_12IntoIterator9into_iterCscNegbyJkm8k_10serde_json
00000001000776a4 T __RNvXNtNtNtCsgtPOCBgevO_4core4iter6traits7collectINtNtNtB6_8adapters3zip3ZipINtNtNtB8_5slice4iter7IterMutyEINtB1e_4IteryEENtB2_12IntoIterator9into_iterCscNegbyJkm8k_10serde_json
00000001000776d4 T __RNvXNtNtNtCsgtPOCBgevO_4core4iter7sources6repeatINtB2_6RepeathENtNtNtB6_6traits8iterator8Iterator4nextCscNegbyJkm8k_10serde_json
00000001000776fc T __RNvXNtNtNtCsgtPOCBgevO_4core4iter7sources6repeatINtB2_6RepeathENtNtNtB6_6traits8iterator8Iterator9size_hintCscNegbyJkm8k_10serde_json
0000000100077734 T __RNvXNtNtNtCsgtPOCBgevO_4core4iter7sources6repeatINtB2_6RepeatyENtNtNtB6_6traits8iterator8Iterator4nextCscNegbyJkm8k_10serde_json
000000010007775c T __RNvXNtNtNtCsgtPOCBgevO_4core4iter7sources6repeatINtB2_6RepeatyENtNtNtB6_6traits8iterator8Iterator9size_hintCscNegbyJkm8k_10serde_json
0000000100077794 T __RNvXNvXse_NtNtCslJsSqIQKwiA_5alloc3vec9into_iterINtB8_8IntoIterppENtNtNtCsgtPOCBgevO_4core3ops4drop4Drop4dropINtB2_9DropGuardyNtNtBc_5alloc6GlobalEB12_4dropCscNegbyJkm8k_10serde_json
0000000100077804 T __RNvXs1_NtNtNtCsgtPOCBgevO_4core4iter8adapters3zipINtB5_3ZipINtNtB7_3rev3RevINtNtNtBb_5slice4iter4IteryEEBV_EINtB5_7ZipImplBV_BV_E3newCscNegbyJkm8k_10serde_json
0000000100077848 T __RNvXs1_NtNtNtCsgtPOCBgevO_4core4iter8adapters3zipINtB5_3ZipINtNtB7_3rev3RevINtNtNtBb_5slice4iter4IteryEEBV_EINtB5_7ZipImplBV_BV_E4nextCscNegbyJkm8k_10serde_json
0000000100077928 T __RNvXs2_NtNtCslJsSqIQKwiA_5alloc3vec11spec_extendINtB7_3VechEINtB5_10SpecExtendRhINtNtNtCsgtPOCBgevO_4core5slice4iter4IterhEE11spec_extendCscNegbyJkm8k_10serde_json
00000001000779dc T __RNvXs2_NtNtCslJsSqIQKwiA_5alloc3vec11spec_extendINtB7_3VecyEINtB5_10SpecExtendRyINtNtNtCsgtPOCBgevO_4core5slice4iter4IteryEE11spec_extendCscNegbyJkm8k_10serde_json
0000000100077a94 T __RNvXs3_NtNtNtCsgtPOCBgevO_4core4iter8adapters3zipINtB5_3ZipINtNtNtBb_5slice4iter7IterMutyEINtBY_4IteryEEINtB5_7ZipImplBV_B1q_E3newCscNegbyJkm8k_10serde_json
0000000100077b50 T __RNvXs3_NtNtNtCsgtPOCBgevO_4core4iter8adapters3zipINtB5_3ZipINtNtNtBb_5slice4iter7IterMutyEINtBY_4IteryEEINtB5_7ZipImplBV_B1q_E4nextCscNegbyJkm8k_10serde_json
0000000100077c00 T __RNvXs4_NtNtCslJsSqIQKwiA_5alloc3vec9into_iterINtB5_8IntoIteryENtNtNtNtCsgtPOCBgevO_4core4iter6traits8iterator8Iterator4nextCscNegbyJkm8k_10serde_json
0000000100077c94 T __RNvXs4_NtNtCslJsSqIQKwiA_5alloc3vec9into_iterINtB5_8IntoIteryENtNtNtNtCsgtPOCBgevO_4core4iter6traits8iterator8Iterator9size_hintCscNegbyJkm8k_10serde_json
0000000100077d48 T __RNvXs7_NtCslJsSqIQKwiA_5alloc3vecINtB5_3VecNtNtCscNegbyJkm8k_10serde_json5value5ValueENtNtNtCsgtPOCBgevO_4core3ops5deref5Deref5derefBJ_
0000000100077d68 T __RNvXs7_NtCslJsSqIQKwiA_5alloc3vecINtB5_3VechENtNtNtCsgtPOCBgevO_4core3ops5deref5Deref5derefCscNegbyJkm8k_10serde_json
0000000100077d88 T __RNvXs7_NtCslJsSqIQKwiA_5alloc3vecINtB5_3VecyENtNtNtCsgtPOCBgevO_4core3ops5deref5Deref5derefCscNegbyJkm8k_10serde_json
0000000100077da8 T __RNvXs8_NtCslJsSqIQKwiA_5alloc3vecINtB5_3VecyENtNtNtCsgtPOCBgevO_4core3ops5deref8DerefMut9deref_mutCscNegbyJkm8k_10serde_json
0000000100077dc8 T __RNvXs_NtNtCslJsSqIQKwiA_5alloc3vec11spec_extendINtB6_3VechEINtB4_10SpecExtendhINtNtNtNtCsgtPOCBgevO_4core4iter8adapters4take4TakeINtNtNtB1l_7sources6repeat6RepeathEEE11spec_extendCscNegbyJkm8k_10serde_json
0000000100077df4 T __RNvXs_NtNtCslJsSqIQKwiA_5alloc3vec11spec_extendINtB6_3VecyEINtB4_10SpecExtendyQINtNtNtNtCsgtPOCBgevO_4core4iter8adapters4take4TakeINtNtNtB1m_7sources6repeat6RepeatyEEE11spec_extendCscNegbyJkm8k_10serde_json
0000000100077e20 T __RNvXs_NtNtCslJsSqIQKwiA_5alloc3vec21spec_from_iter_nestedINtB6_3VecyEINtB4_18SpecFromIterNestedyQINtNtNtNtCsgtPOCBgevO_4core4iter8adapters4take4TakeINtNtNtB1E_7sources6repeat6RepeatyEEE9from_iterCscNegbyJkm8k_10serde_json
0000000100077f44 T __RNvXs_NtNtNtCsgtPOCBgevO_4core4iter8adapters3zipINtB4_3ZipINtNtB6_3rev3RevINtNtNtBa_5slice4iter4IteryEEBU_ENtNtNtB8_6traits8iterator8Iterator4nextCscNegbyJkm8k_10serde_json
0000000100077f68 T __RNvXs_NtNtNtCsgtPOCBgevO_4core4iter8adapters3zipINtB4_3ZipINtNtNtBa_5slice4iter7IterMutyEINtBX_4IteryEENtNtNtB8_6traits8iterator8Iterator4nextCscNegbyJkm8k_10serde_json
0000000100077f8c T __RNvXsc_NtCslJsSqIQKwiA_5alloc3vecINtB5_3VechEINtNtNtCsgtPOCBgevO_4core3ops5index5IndexINtNtBM_5range7RangeTojEE5indexCscNegbyJkm8k_10serde_json
0000000100078034 T __RNvXsc_NtCslJsSqIQKwiA_5alloc3vecINtB5_3VechEINtNtNtCsgtPOCBgevO_4core3ops5index5IndexINtNtBM_5range9RangeFromjEE5indexCscNegbyJkm8k_10serde_json
0000000100078078 T __RNvXsc_NtCslJsSqIQKwiA_5alloc3vecINtB5_3VecyEINtNtNtCsgtPOCBgevO_4core3ops5index5IndexjE5indexCscNegbyJkm8k_10serde_json
00000001000780bc T __RNvXsd_NtCslJsSqIQKwiA_5alloc3vecINtB5_3VecyEINtNtNtCsgtPOCBgevO_4core3ops5index8IndexMutINtNtBM_5range9RangeFromjEE9index_mutCscNegbyJkm8k_10serde_json
0000000100078100 T __RNvXsd_NtCslJsSqIQKwiA_5alloc3vecINtB5_3VecyEINtNtNtCsgtPOCBgevO_4core3ops5index8IndexMutjE9index_mutCscNegbyJkm8k_10serde_json
0000000100078144 T __RNvXsd_NtNtCsgtPOCBgevO_4core5slice3cmphNtB5_8SliceOrd7compareCscNegbyJkm8k_10serde_json
0000000100078228 T __RNvXse_NtNtCslJsSqIQKwiA_5alloc3vec9into_iterINtB5_8IntoIteryENtNtNtCsgtPOCBgevO_4core3ops4drop4Drop4dropCscNegbyJkm8k_10serde_json
00000001000782a4 T __RNvXsg_NtCslJsSqIQKwiA_5alloc3vecRINtB5_3VecNtNtCscNegbyJkm8k_10serde_json5value5ValueENtNtNtNtCsgtPOCBgevO_4core4iter6traits7collect12IntoIterator9into_iterBK_
0000000100078304 T __RNvXsh_NtCslJsSqIQKwiA_5alloc3vecQINtB5_3VecyENtNtNtNtCsgtPOCBgevO_4core4iter6traits7collect12IntoIterator9into_iterCscNegbyJkm8k_10serde_json
0000000100078364 T __RNvXsn_NtCslJsSqIQKwiA_5alloc3vecINtB5_3VechENtNtCsgtPOCBgevO_4core3cmp3Ord3cmpCscNegbyJkm8k_10serde_json
00000001000783b8 T __RNvXso_NtCslJsSqIQKwiA_5alloc3vecINtB5_3VecNtNtCscNegbyJkm8k_10serde_json5value5ValueENtNtNtCsgtPOCBgevO_4core3ops4drop4Drop4dropBJ_
00000001000783f8 T __RNvXso_NtCslJsSqIQKwiA_5alloc3vecINtB5_3VecyENtNtNtCsgtPOCBgevO_4core3ops4drop4Drop4dropCscNegbyJkm8k_10serde_json
0000000100078424 T __RNvXsp_NtCslJsSqIQKwiA_5alloc3vecINtB5_3VecyENtNtCsgtPOCBgevO_4core7default7Default7defaultCscNegbyJkm8k_10serde_json
0000000100078438 T __RNvYINtNtNtNtCsgtPOCBgevO_4core4iter7sources6repeat6RepeathENtNtNtB9_6traits8iterator8Iterator4takeCscNegbyJkm8k_10serde_json
0000000100078458 T __RNvYINtNtNtNtCsgtPOCBgevO_4core4iter7sources6repeat6RepeatyENtNtNtB9_6traits8iterator8Iterator4takeCscNegbyJkm8k_10serde_json
000000010007846c T __RINvMs2_NtCscNegbyJkm8k_10serde_json2deNtB6_12ParserNumber5visitNtNvXNtNtB8_5value2deNtB17_5ValueNtNtCsa9E01ePNyi4_10serde_core2de11Deserialize11deserialize12ValueVisitorEB8_
00000001000784f8 T __RINvNtCscNegbyJkm8k_10serde_json2de10from_traitNtNtB4_4read7StrReadNtNtB4_5value5ValueEB4_
0000000100078684 T __RINvNtCscNegbyJkm8k_10serde_json2de8from_strNtNtB4_5value5ValueEB4_
00000001000786c4 T __RINvNvXs7_NtCscNegbyJkm8k_10serde_json2deINtB8_9SeqAccesspENtNtCsa9E01ePNyi4_10serde_core2de9SeqAccess17next_element_seed16has_next_elementNtNtBa_4read7StrReadEBa_
00000001000788e4 T __RINvNvXs9_NtCscNegbyJkm8k_10serde_json2deINtB8_9MapAccesspENtNtCsa9E01ePNyi4_10serde_core2de9MapAccess13next_key_seed12has_next_keyNtNtBa_4read7StrReadEBa_
0000000100078b88 T __RINvXs5_NtCscNegbyJkm8k_10serde_json2deQINtB6_12DeserializerNtNtB8_4read7StrReadENtNtCsa9E01ePNyi4_10serde_core2de12Deserializer15deserialize_anyNtNvXNtNtB8_5value2deNtB2q_5ValueNtB1j_11Deserialize11deserialize12ValueVisitorEB8_
0000000100079730 T __RINvXs7_NtCscNegbyJkm8k_10serde_json2deINtB6_9SeqAccessNtNtB8_4read7StrReadENtNtCsa9E01ePNyi4_10serde_core2de9SeqAccess17next_element_seedINtNtCsgtPOCBgevO_4core6marker11PhantomDataNtNtB8_5value5ValueEEB8_
000000010007989c T __RINvXs9_NtCscNegbyJkm8k_10serde_json2deINtB6_9MapAccessNtNtB8_4read7StrReadENtNtCsa9E01ePNyi4_10serde_core2de9MapAccess13next_key_seedINtNtCsgtPOCBgevO_4core6marker11PhantomDataNtNtCslJsSqIQKwiA_5alloc6string6StringEEB8_
0000000100079a08 T __RINvXs9_NtCscNegbyJkm8k_10serde_json2deINtB6_9MapAccessNtNtB8_4read7StrReadENtNtCsa9E01ePNyi4_10serde_core2de9MapAccess13next_key_seedNtNtNtB8_5value2de13KeyClassifierEB8_
0000000100079b74 T __RINvXs9_NtCscNegbyJkm8k_10serde_json2deINtB6_9MapAccessNtNtB8_4read7StrReadENtNtCsa9E01ePNyi4_10serde_core2de9MapAccess15next_value_seedINtNtCsgtPOCBgevO_4core6marker11PhantomDataNtNtB8_5value5ValueEEB8_
0000000100079c34 T __RINvXsh_NtCscNegbyJkm8k_10serde_json2deINtB6_6MapKeyNtNtB8_4read7StrReadENtNtCsa9E01ePNyi4_10serde_core2de12Deserializer15deserialize_anyNtNtB1b_5impls13StringVisitorEB8_
0000000100079d50 T __RINvXsh_NtCscNegbyJkm8k_10serde_json2deINtB6_6MapKeyNtNtB8_4read7StrReadENtNtCsa9E01ePNyi4_10serde_core2de12Deserializer15deserialize_anyNtNtNtB8_5value2de13KeyClassifierEB8_
0000000100079e6c T __RINvXsh_NtCscNegbyJkm8k_10serde_json2deINtB6_6MapKeyNtNtB8_4read7StrReadENtNtCsa9E01ePNyi4_10serde_core2de12Deserializer15deserialize_strNtNtNtB8_5value2de13KeyClassifierEB8_
0000000100079e90 T __RINvXsh_NtCscNegbyJkm8k_10serde_json2deINtB6_6MapKeyNtNtB8_4read7StrReadENtNtCsa9E01ePNyi4_10serde_core2de12Deserializer18deserialize_stringNtNtB1b_5impls13StringVisitorEB8_
0000000100079eb4 T __RINvYINtNtCscNegbyJkm8k_10serde_json2de9MapAccessNtNtB8_4read7StrReadENtNtCsa9E01ePNyi4_10serde_core2de9MapAccess10next_entryNtNtCslJsSqIQKwiA_5alloc6string6StringNtNtB8_5value5ValueEB8_
0000000100079ed8 T __RINvYINtNtCscNegbyJkm8k_10serde_json2de9MapAccessNtNtB8_4read7StrReadENtNtCsa9E01ePNyi4_10serde_core2de9MapAccess10next_valueNtNtB8_5value5ValueEB8_
0000000100079efc T __RINvYINtNtCscNegbyJkm8k_10serde_json2de9MapAccessNtNtB8_4read7StrReadENtNtCsa9E01ePNyi4_10serde_core2de9MapAccess15next_entry_seedINtNtCsgtPOCBgevO_4core6marker11PhantomDataNtNtCslJsSqIQKwiA_5alloc6string6StringEIB25_NtNtB8_5value5ValueEEB8_
000000010007a100 T __RINvYINtNtCscNegbyJkm8k_10serde_json2de9SeqAccessNtNtB8_4read7StrReadENtNtCsa9E01ePNyi4_10serde_core2de9SeqAccess12next_elementNtNtB8_5value5ValueEB8_
000000010007a124 T __RNCNvMs3_NtCscNegbyJkm8k_10serde_json2deINtB7_12DeserializerNtNtB9_4read7StrReadE12fix_position0B9_
000000010007a160 T __RNCNvMs3_NtCscNegbyJkm8k_10serde_json2deINtB7_12DeserializerNtNtB9_4read7StrReadE19parse_long_exponent0B9_
000000010007a188 T __RNvMNtCscNegbyJkm8k_10serde_json2deINtB2_12DeserializerNtNtB4_4read7StrReadE3newB4_
000000010007a208 T __RNvMs3_NtCscNegbyJkm8k_10serde_json2deINtB5_12DeserializerNtNtB7_4read7StrReadE11parse_identB7_
000000010007a328 T __RNvMs3_NtCscNegbyJkm8k_10serde_json2deINtB5_12DeserializerNtNtB7_4read7StrReadE12parse_numberB7_
000000010007a4ec T __RNvMs3_NtCscNegbyJkm8k_10serde_json2deINtB5_12DeserializerNtNtB7_4read7StrReadE12peek_or_nullB7_
000000010007a574 T __RNvMs3_NtCscNegbyJkm8k_10serde_json2deINtB5_12DeserializerNtNtB7_4read7StrReadE13parse_decimalB7_
000000010007a924 T __RNvMs3_NtCscNegbyJkm8k_10serde_json2deINtB5_12DeserializerNtNtB7_4read7StrReadE13parse_integerB7_
000000010007acfc T __RNvMs3_NtCscNegbyJkm8k_10serde_json2deINtB5_12DeserializerNtNtB7_4read7StrReadE14f64_from_partsB7_
000000010007ade8 T __RNvMs3_NtCscNegbyJkm8k_10serde_json2deINtB5_12DeserializerNtNtB7_4read7StrReadE14parse_exponentB7_
000000010007b22c T __RNvMs3_NtCscNegbyJkm8k_10serde_json2deINtB5_12DeserializerNtNtB7_4read7StrReadE16parse_any_numberB7_
000000010007b254 T __RNvMs3_NtCscNegbyJkm8k_10serde_json2deINtB5_12DeserializerNtNtB7_4read7StrReadE16parse_whitespaceB7_
000000010007b340 T __RNvMs3_NtCscNegbyJkm8k_10serde_json2deINtB5_12DeserializerNtNtB7_4read7StrReadE18parse_object_colonB7_
000000010007b408 T __RNvMs3_NtCscNegbyJkm8k_10serde_json2deINtB5_12DeserializerNtNtB7_4read7StrReadE19f64_long_from_partsB7_
000000010007b564 T __RNvMs3_NtCscNegbyJkm8k_10serde_json2deINtB5_12DeserializerNtNtB7_4read7StrReadE19parse_long_exponentB7_
000000010007b994 T __RNvMs3_NtCscNegbyJkm8k_10serde_json2deINtB5_12DeserializerNtNtB7_4read7StrReadE3endB7_
000000010007ba2c T __RNvMs3_NtCscNegbyJkm8k_10serde_json2deINtB5_12DeserializerNtNtB7_4read7StrReadE4peekB7_
000000010007ba50 T __RNvMs3_NtCscNegbyJkm8k_10serde_json2deINtB5_12DeserializerNtNtB7_4read7StrReadE7end_mapB7_
000000010007bb48 T __RNvMs3_NtCscNegbyJkm8k_10serde_json2deINtB5_12DeserializerNtNtB7_4read7StrReadE7end_seqB7_
000000010007bce4 T __RNvMs3_NtCscNegbyJkm8k_10serde_json2deINtB5_12DeserializerNtNtB7_4read7StrReadE8eat_charB7_
000000010007bd08 T __RNvMs3_NtCscNegbyJkm8k_10serde_json2deINtB5_12DeserializerNtNtB7_4read7StrReadE9next_charB7_
000000010007bd2c T __RNvMs6_NtCscNegbyJkm8k_10serde_json2deINtB5_9SeqAccessNtNtB7_4read7StrReadE3newB7_
000000010007bd48 T __RNvMs8_NtCscNegbyJkm8k_10serde_json2deINtB5_9MapAccessNtNtB7_4read7StrReadE3newB7_
000000010007bd64 T __RINvMs0_NtNtNtCslJsSqIQKwiA_5alloc11collections5btree6searchINtNtB8_4node7NodeRefNtNtBZ_6marker3MutNtNtBc_6string6StringNtNtCscNegbyJkm8k_10serde_json5value5ValueNtB1j_14LeafOrInternalE14find_key_indexB1z_EB1Y_
000000010007bfb4 T __RINvMs0_NtNtNtCslJsSqIQKwiA_5alloc11collections5btree6searchINtNtB8_4node7NodeRefNtNtBZ_6marker5ImmutNtNtBc_6string6StringNtNtCscNegbyJkm8k_10serde_json5value5ValueNtB1j_14LeafOrInternalE14find_key_indexeEB20_
000000010007c214 T __RINvMs8_NtNtNtCslJsSqIQKwiA_5alloc11collections5btree4nodeINtB6_7NodeRefNtNtB6_6marker5OwnedNtNtBc_6string6StringNtNtCscNegbyJkm8k_10serde_json5value5ValueNtB1a_4LeafE13from_new_leafNtNtBc_5alloc6GlobalEB1R_
000000010007c26c T __RINvMs8_NtNtNtCslJsSqIQKwiA_5alloc11collections5btree4nodeINtB6_7NodeRefNtNtB6_6marker5OwnedNtNtBc_6string6StringNtNtCscNegbyJkm8k_10serde_json5value5ValueNtB1a_4LeafE8new_leafNtNtBc_5alloc6GlobalEB1R_
000000010007c2ac T __RINvMs9_NtNtNtCslJsSqIQKwiA_5alloc11collections5btree4nodeINtB6_7NodeRefNtNtB6_6marker5OwnedNtNtBc_6string6StringNtNtCscNegbyJkm8k_10serde_json5value5ValueNtB1a_8InternalE12new_internalNtNtBc_5alloc6GlobalEB1R_
000000010007c3c4 T __RINvMs9_NtNtNtCslJsSqIQKwiA_5alloc11collections5btree4nodeINtB6_7NodeRefNtNtB6_6marker5OwnedNtNtBc_6string6StringNtNtCscNegbyJkm8k_10serde_json5value5ValueNtB1a_8InternalE17from_new_internalNtNtBc_5alloc6GlobalEB1R_
000000010007c48c T __RINvMsK_NtNtNtCslJsSqIQKwiA_5alloc11collections5btree4nodeINtB6_6HandleINtB6_7NodeRefNtNtB6_6marker3MutNtNtBc_6string6StringNtNtCscNegbyJkm8k_10serde_json5value5ValueNtB1n_4LeafENtB1n_4EdgeE6insertNtNtBc_5alloc6GlobalEB22_
000000010007c800 T __RINvMsM_NtNtNtCslJsSqIQKwiA_5alloc11collections5btree4nodeINtB6_6HandleINtB6_7NodeRefNtNtB6_6marker3MutNtNtBc_6string6StringNtNtCscNegbyJkm8k_10serde_json5value5ValueNtB1n_8InternalENtB1n_4EdgeE6insertNtNtBc_5alloc6GlobalEB22_
000000010007cb38 T __RINvMsN_NtNtNtCslJsSqIQKwiA_5alloc11collections5btree4nodeINtB6_6HandleINtB6_7NodeRefNtNtB6_6marker3MutNtNtBc_6string6StringNtNtCscNegbyJkm8k_10serde_json5value5ValueNtB1n_4LeafENtB1n_4EdgeE16insert_recursingNtNtBc_5alloc6GlobalNCNvMs4_NtNtB8_3map5entryINtB3M_11VacantEntryB1D_B1Y_E12insert_entry0EB22_
000000010007d058 T __RINvMsV_NtNtNtCslJsSqIQKwiA_5alloc11collections5btree4nodeINtB6_6HandleINtB6_7NodeRefNtNtB6_6marker3MutNtNtBc_6string6StringNtNtCscNegbyJkm8k_10serde_json5value5ValueNtB1n_4LeafENtB1n_2KVE5splitNtNtBc_5alloc6GlobalEB22_
000000010007d1a4 T __RINvMsW_NtNtNtCslJsSqIQKwiA_5alloc11collections5btree4nodeINtB6_6HandleINtB6_7NodeRefNtNtB6_6marker3MutNtNtBc_6string6StringNtNtCscNegbyJkm8k_10serde_json5value5ValueNtB1n_8InternalENtB1n_2KVE5splitNtNtBc_5alloc6GlobalEB22_
000000010007d498 T __RINvMs_NtNtNtCslJsSqIQKwiA_5alloc11collections5btree6searchINtNtB7_4node7NodeRefNtNtBY_6marker3MutNtNtBb_6string6StringNtNtCscNegbyJkm8k_10serde_json5value5ValueNtB1i_14LeafOrInternalE11search_treeB1y_EB1X_
000000010007d72c T __RINvMs_NtNtNtCslJsSqIQKwiA_5alloc11collections5btree6searchINtNtB7_4node7NodeRefNtNtBY_6marker5ImmutNtNtBb_6string6StringNtNtCscNegbyJkm8k_10serde_json5value5ValueNtB1i_14LeafOrInternalE11search_treeeEB1Z_
000000010007d9cc T __RINvMsh_NtNtNtCslJsSqIQKwiA_5alloc11collections5btree4nodeINtB6_7NodeRefNtNtB6_6marker5DyingNtNtBc_6string6StringNtNtCscNegbyJkm8k_10serde_json5value5ValueNtB1a_14LeafOrInternalE21deallocate_and_ascendNtNtBc_5alloc6GlobalEB1R_
000000010007dac8 T __RINvMsj_NtNtNtCslJsSqIQKwiA_5alloc11collections5btree8navigateINtNtB8_4node6HandleINtB11_7NodeRefNtNtB11_6marker5DyingNtNtBc_6string6StringNtNtCscNegbyJkm8k_10serde_json5value5ValueNtB1z_4LeafENtB1z_4EdgeE16deallocating_endNtNtBc_5alloc6GlobalEB2h_
000000010007db74 T __RINvMsj_NtNtNtCslJsSqIQKwiA_5alloc11collections5btree8navigateINtNtB8_4node6HandleINtB11_7NodeRefNtNtB11_6marker5DyingNtNtBc_6string6StringNtNtCscNegbyJkm8k_10serde_json5value5ValueNtB1z_4LeafENtB1z_4EdgeE17deallocating_nextNtNtBc_5alloc6GlobalEB2h_
000000010007dd7c T __RINvMsp_NtNtNtCslJsSqIQKwiA_5alloc11collections5btree4nodeINtB6_7NodeRefNtNtB6_6marker3MutNtNtBc_6string6StringNtNtCscNegbyJkm8k_10serde_json5value5ValueNtB1a_8InternalE30correct_childrens_parent_linksINtNtNtCsgtPOCBgevO_4core3ops5range14RangeInclusivejEEB1P_
000000010007de30 T __RINvMsp_NtNtNtCslJsSqIQKwiA_5alloc11collections5btree4nodeINtB6_7NodeRefNtNtB6_6marker3MutNtNtBc_6string6StringNtNtCscNegbyJkm8k_10serde_json5value5ValueNtB1a_8InternalE30correct_childrens_parent_linksINtNtNtCsgtPOCBgevO_4core3ops5range5RangejEEB1P_
000000010007dee4 T __RINvNtNtNtCslJsSqIQKwiA_5alloc11collections5btree4node12slice_insertINtNtNtCsgtPOCBgevO_4core3ptr8non_null7NonNullINtB2_8LeafNodeNtNtB8_6string6StringNtNtCscNegbyJkm8k_10serde_json5value5ValueEEEB2s_
000000010007dff8 T __RINvNtNtNtCslJsSqIQKwiA_5alloc11collections5btree4node12slice_insertNtNtB8_6string6StringECscNegbyJkm8k_10serde_json
000000010007e168 T __RINvNtNtNtCslJsSqIQKwiA_5alloc11collections5btree4node12slice_insertNtNtCscNegbyJkm8k_10serde_json5value5ValueEB18_
000000010007e2c4 T __RINvNtNtNtCslJsSqIQKwiA_5alloc11collections5btree4node13move_to_sliceINtNtNtCsgtPOCBgevO_4core3ptr8non_null7NonNullINtB2_8LeafNodeNtNtB8_6string6StringNtNtCscNegbyJkm8k_10serde_json5value5ValueEEEB2t_
000000010007e374 T __RINvNtNtNtCslJsSqIQKwiA_5alloc11collections5btree4node13move_to_sliceNtNtB8_6string6StringECscNegbyJkm8k_10serde_json
000000010007e42c T __RINvNtNtNtCslJsSqIQKwiA_5alloc11collections5btree4node13move_to_sliceNtNtCscNegbyJkm8k_10serde_json5value5ValueEB19_
000000010007e4e0 T __RNCINvMss_NtNtNtCslJsSqIQKwiA_5alloc11collections5btree4nodeINtB8_7NodeRefNtNtB8_6marker5OwnedNtNtBe_6string6StringNtNtCscNegbyJkm8k_10serde_json5value5ValueNtB1c_14LeafOrInternalE19push_internal_levelNtNtBe_5alloc6GlobalE0B1T_
000000010007e514 T __RNvMsJ_NtNtNtCslJsSqIQKwiA_5alloc11collections5btree4nodeINtB5_6HandleINtB5_7NodeRefNtNtB5_6marker3MutNtNtBb_6string6StringNtNtCscNegbyJkm8k_10serde_json5value5ValueNtB1m_4LeafENtB1m_4EdgeE10insert_fitB21_
000000010007e6c4 T __RNvMsL_NtNtNtCslJsSqIQKwiA_5alloc11collections5btree4nodeINtB5_6HandleINtB5_7NodeRefNtNtB5_6marker3MutNtNtBb_6string6StringNtNtCscNegbyJkm8k_10serde_json5value5ValueNtB1m_8InternalENtB1m_4EdgeE19correct_parent_linkB21_
000000010007e7a4 T __RNvMsM_NtNtNtCslJsSqIQKwiA_5alloc11collections5btree4nodeINtB5_6HandleINtB5_7NodeRefNtNtB5_6marker3MutNtNtBb_6string6StringNtNtCscNegbyJkm8k_10serde_json5value5ValueNtB1m_8InternalENtB1m_4EdgeE10insert_fitB21_
000000010007e9e0 T __RNvMsP_NtNtNtCslJsSqIQKwiA_5alloc11collections5btree4nodeINtB5_6HandleINtB5_7NodeRefNtNtB5_6marker5ImmutNtNtBb_6string6StringNtNtCscNegbyJkm8k_10serde_json5value5ValueNtB1m_14LeafOrInternalENtB1m_2KVE7into_kvB23_
000000010007eab8 T __RNvMsQ_NtNtNtCslJsSqIQKwiA_5alloc11collections5btree4nodeINtB5_6HandleINtB5_7NodeRefNtNtB5_6marker3MutNtNtBb_6string6StringNtNtCscNegbyJkm8k_10serde_json5value5ValueNtB1m_14LeafOrInternalENtB1m_2KVE12into_val_mutB21_
000000010007eb38 T __RNvMsS_NtNtNtCslJsSqIQKwiA_5alloc11collections5btree4nodeINtB5_6HandleINtB5_7NodeRefNtNtB5_6marker3MutNtNtBb_6string6StringNtNtCscNegbyJkm8k_10serde_json5value5ValueNtB1m_14LeafOrInternalENtB1m_2KVE6kv_mutB21_
000000010007ec34 T __RNvMsT_NtNtNtCslJsSqIQKwiA_5alloc11collections5btree4nodeINtB5_6HandleINtB5_7NodeRefNtNtB5_6marker5DyingNtNtBb_6string6StringNtNtCscNegbyJkm8k_10serde_json5value5ValueNtB1m_14LeafOrInternalENtB1m_2KVE12drop_key_valB23_
000000010007ed4c T __RNvMsU_NtNtNtCslJsSqIQKwiA_5alloc11collections5btree4nodeINtB5_6HandleINtB5_7NodeRefNtNtB5_6marker3MutNtNtBb_6string6StringNtNtCscNegbyJkm8k_10serde_json5value5ValueNtB1m_4LeafENtB1m_2KVE15split_leaf_dataB21_
000000010007f11c T __RNvMsU_NtNtNtCslJsSqIQKwiA_5alloc11collections5btree4nodeINtB5_6HandleINtB5_7NodeRefNtNtB5_6marker3MutNtNtBb_6string6StringNtNtCscNegbyJkm8k_10serde_json5value5ValueNtB1m_8InternalENtB1m_2KVE15split_leaf_dataB21_
000000010007f4ec T __RNvMse_NtNtNtCslJsSqIQKwiA_5alloc11collections5btree4nodeINtB5_7NodeRefNtNtB5_6marker3MutNtNtBb_6string6StringNtNtCscNegbyJkm8k_10serde_json5value5ValueNtB19_14LeafOrInternalE6ascendB1O_
000000010007f640 T __RNvMse_NtNtNtCslJsSqIQKwiA_5alloc11collections5btree4nodeINtB5_7NodeRefNtNtB5_6marker5DyingNtNtBb_6string6StringNtNtCscNegbyJkm8k_10serde_json5value5ValueNtB19_14LeafOrInternalE6ascendB1Q_
000000010007f794 T __RNvMse_NtNtNtCslJsSqIQKwiA_5alloc11collections5btree4nodeINtB5_7NodeRefNtNtB5_6marker5ImmutNtNtBb_6string6StringNtNtCscNegbyJkm8k_10serde_json5value5ValueNtB19_14LeafOrInternalE6ascendB1Q_
000000010007f8e8 T __RNvMsh_NtNtNtCslJsSqIQKwiA_5alloc11collections5btree8navigateINtNtB7_4node6HandleINtB10_7NodeRefNtNtB10_6marker5ImmutNtNtBb_6string6StringNtNtCscNegbyJkm8k_10serde_json5value5ValueNtB1y_4LeafENtB1y_4EdgeE7next_kvB2g_
000000010007fa54 T __RNvMsp_NtNtNtCslJsSqIQKwiA_5alloc11collections5btree8navigateINtNtB7_4node6HandleINtB10_7NodeRefNtNtB10_6marker5DyingNtNtBb_6string6StringNtNtCscNegbyJkm8k_10serde_json5value5ValueNtB1y_14LeafOrInternalENtB1y_2KVE14next_leaf_edgeB2g_
000000010007fce4 T __RNvMsp_NtNtNtCslJsSqIQKwiA_5alloc11collections5btree8navigateINtNtB7_4node6HandleINtB10_7NodeRefNtNtB10_6marker5ImmutNtNtBb_6string6StringNtNtCscNegbyJkm8k_10serde_json5value5ValueNtB1y_14LeafOrInternalENtB1y_2KVE14next_leaf_edgeB2g_
000000010007ff74 T __RNvMsu_NtNtNtCslJsSqIQKwiA_5alloc11collections5btree4nodeINtB5_7NodeRefNtNtB5_6marker3MutNtNtBb_6string6StringNtNtCscNegbyJkm8k_10serde_json5value5ValueNtB19_4LeafE16push_with_handleB1O_
00000001000801c8 T __RNvMsv_NtNtNtCslJsSqIQKwiA_5alloc11collections5btree4nodeINtB5_7NodeRefNtNtB5_6marker3MutNtNtBb_6string6StringNtNtCscNegbyJkm8k_10serde_json5value5ValueNtB19_8InternalE4pushB1O_
0000000100080510 T __RNvXNvMsT_NtNtNtCslJsSqIQKwiA_5alloc11collections5btree4nodeINtB8_6HandleINtB8_7NodeRefNtNtB8_6marker5DyingpppENtB1p_2KVE12drop_key_valINtB2_7DropperNtNtCscNegbyJkm8k_10serde_json5value5ValueENtNtNtCsgtPOCBgevO_4core3ops4drop4Drop4dropB2r_
0000000100080540 T __RINvMNtNtCsgtPOCBgevO_4core3fmt2rtNtB3_8Argument11new_displayjECsefLaY5I9yAv_6memchr
000000010008056c T __RINvMs2_NtCsgtPOCBgevO_4core3fmtNtB6_9Arguments3newKj30_Kj2_ECsefLaY5I9yAv_6memchr
0000000100080588 T __RINvNtCsgtPOCBgevO_4core3cmp3minjECsefLaY5I9yAv_6memchr
00000001000805ac T __RINvNtCsgtPOCBgevO_4core3ptr14read_unalignedNtNtNtNtB4_9core_arch10arm_shared4neon10uint8x16_tECsefLaY5I9yAv_6memchr
0000000100080648 T __RINvNtNtNtNtCsgtPOCBgevO_4core9core_arch10arm_shared4neon9generated11vshrn_n_u16Kl4_ECsefLaY5I9yAv_6memchr
0000000100080688 T __RINvNtNtNtNtCsgtPOCBgevO_4core9core_arch10arm_shared4neon9generated13vget_lane_u64Kl0_ECsefLaY5I9yAv_6memchr
00000001000806a0 T __RINvNtNtNtNtCsgtPOCBgevO_4core9core_arch10arm_shared4neon9generated14vgetq_lane_u64Kl0_ECsefLaY5I9yAv_6memchr
00000001000806b8 T __RNCNvMNtNtNtNtCsefLaY5I9yAv_6memchr4arch7aarch644neon6memchrNtB4_3One9rfind_raw0Bc_
00000001000806e8 T __RNCNvNtCsefLaY5I9yAv_6memchr6memchr7memrchr0B5_
0000000100080724 T __RNvMNtCsgtPOCBgevO_4core5sliceSh18split_at_uncheckedCsefLaY5I9yAv_6memchr
000000010008080c T __RNvMNtCsgtPOCBgevO_4core6optionINtB2_6OptionjE9unwrap_orCsefLaY5I9yAv_6memchr
0000000100080850 T __RNvMNtCsgtPOCBgevO_4core6resultINtB2_6ResultjNtNtNtB4_3num5error15TryFromIntErrorE16unwrap_uncheckedCsefLaY5I9yAv_6memchr
00000001000808a4 T __RNvMNtNtCsgtPOCBgevO_4core3ptr9const_ptrPh11offset_fromCsefLaY5I9yAv_6memchr
00000001000808ec T __RNvMNtNtCsgtPOCBgevO_4core3ptr9const_ptrPu13is_aligned_toCsefLaY5I9yAv_6memchr
0000000100080974 t __RNvMNtNtNtNtCsefLaY5I9yAv_6memchr4arch7aarch644neon6memchrNtB2_3One12is_availableBa_
0000000100080980 t __RNvMNtNtNtNtCsefLaY5I9yAv_6memchr4arch7aarch644neon6memchrNtB2_3One13new_uncheckedBa_
00000001000809d8 t __RNvMNtNtNtNtCsefLaY5I9yAv_6memchr4arch7aarch644neon6memchrNtB2_3One14rfind_raw_implBa_
00000001000818d0 t __RNvMNtNtNtNtCsefLaY5I9yAv_6memchr4arch7aarch644neon6memchrNtB2_3One9rfind_rawBa_
0000000100081a78 t __RNvNtCsefLaY5I9yAv_6memchr6memchr11memrchr_rawB3_
0000000100081b04 t __RNvNtNtNtNtCsgtPOCBgevO_4core9core_arch10arm_shared4neon9generated10vdupq_n_u8CsefLaY5I9yAv_6memchr
0000000100081b20 t __RNvNtNtNtNtCsgtPOCBgevO_4core9core_arch10arm_shared4neon9generated19vreinterpret_u64_u8CsefLaY5I9yAv_6memchr
0000000100081b2c t __RNvNtNtNtNtCsgtPOCBgevO_4core9core_arch10arm_shared4neon9generated20vreinterpretq_u16_u8CsefLaY5I9yAv_6memchr
0000000100081b38 t __RNvNtNtNtNtCsgtPOCBgevO_4core9core_arch10arm_shared4neon9generated20vreinterpretq_u64_u8CsefLaY5I9yAv_6memchr
0000000100081b44 t __RNvNtNtNtNtCsgtPOCBgevO_4core9core_arch10arm_shared4neon9generated8vceqq_u8CsefLaY5I9yAv_6memchr
0000000100081b58 t __RNvNtNtNtNtCsgtPOCBgevO_4core9core_arch10arm_shared4neon9generated8vorrq_u8CsefLaY5I9yAv_6memchr
0000000100081b6c t __RNvNtNtNtNtCsgtPOCBgevO_4core9core_arch7aarch644neon9generated8vld1q_u8CsefLaY5I9yAv_6memchr
0000000100081ba0 t __RNvNtNtNtNtCsgtPOCBgevO_4core9core_arch7aarch644neon9generated9vpmaxq_u8CsefLaY5I9yAv_6memchr
0000000100081bb4 t __RNvNvMNtCsgtPOCBgevO_4core5sliceSp18split_at_unchecked18precondition_checkCsefLaY5I9yAv_6memchr
0000000100081c14 t __RNvNvMNtNtCsgtPOCBgevO_4core3ptr9const_ptrPp6offset18precondition_checkCsefLaY5I9yAv_6memchr
0000000100081cd8 t __RNvNvNtCsgtPOCBgevO_4core3ptr19copy_nonoverlapping18precondition_checkCsefLaY5I9yAv_6memchr
0000000100081e40 t __RNvNvNtCsgtPOCBgevO_4core4hint21unreachable_unchecked18precondition_checkCsefLaY5I9yAv_6memchr
0000000100081e7c t __RNvNvNtCsgtPOCBgevO_4core9ub_checks23maybe_is_nonoverlapping7runtimeCsefLaY5I9yAv_6memchr
0000000100081f54 t __RNvNvNtNtCsgtPOCBgevO_4core5slice3raw14from_raw_parts18precondition_checkCsefLaY5I9yAv_6memchr
0000000100082040 T __RNvXNtCsefLaY5I9yAv_6memchr3extPhNtB2_7Pointer8as_usizeB4_
0000000100082050 T __RNvXNtCsefLaY5I9yAv_6memchr3extPhNtB2_7Pointer8distanceB4_
0000000100082098 t __RNvXs3c_NtNtCsgtPOCBgevO_4core7convert3numjINtB8_7TryFromiE8try_fromCsefLaY5I9yAv_6memchr
00000001000820e4 T __RNvXs5_NtNtCsgtPOCBgevO_4core5slice5indexINtNtNtB9_3ops5range9RangeFromjEINtB5_10SliceIndexShE5indexCsefLaY5I9yAv_6memchr
0000000100082154 T __RNvXsJ_NtCsgtPOCBgevO_4core6optionINtB5_6OptionPhENtNtNtB7_3ops9try_trait3Try6branchCsefLaY5I9yAv_6memchr
000000010008219c T __RNvXsJ_NtCsgtPOCBgevO_4core6optionINtB5_6OptionjENtNtNtB7_3ops9try_trait3Try6branchCsefLaY5I9yAv_6memchr
00000001000821e4 T __RNvXsK_NtCsgtPOCBgevO_4core6optionINtB5_6OptionjEINtNtNtB7_3ops9try_trait12FromResidualIBx_NtNtB7_7convert10InfallibleEE13from_residualCsefLaY5I9yAv_6memchr
00000001000821f4 t __RNvYNvYNtNtNtCsefLaY5I9yAv_6memchr6vector11aarch64neon12NeonMoveMaskNtB9_8MoveMask11last_offsetINtNtNtCsgtPOCBgevO_4core3ops8function2FnTB5_EE4callBb_
0000000100082288 T __RNvYjNtNtCsgtPOCBgevO_4core3cmp3Ord3minCsefLaY5I9yAv_6memchr
00000001000822fc T __RINvNtCsgtPOCBgevO_4core3ptr14read_unalignedNtNtNtNtB4_9core_arch10arm_shared4neon10uint8x16_tECs61F2TY4yojp_4zmij
0000000100082398 T __RINvNtNtNtNtCsgtPOCBgevO_4core9core_arch10arm_shared4neon9generated11vshrn_n_u16Kl4_ECs61F2TY4yojp_4zmij
00000001000823d8 T __RINvNtNtNtNtCsgtPOCBgevO_4core9core_arch10arm_shared4neon9generated13vget_lane_u64Kl0_ECs61F2TY4yojp_4zmij
00000001000823f0 T __RNvMNtNtCsgtPOCBgevO_4core3ptr9const_ptrPu13is_aligned_toCs61F2TY4yojp_4zmij
0000000100082478 t __RNvNvNtCsgtPOCBgevO_4core3ptr19copy_nonoverlapping18precondition_checkCs61F2TY4yojp_4zmij
00000001000825e0 t __RNvNvNtCsgtPOCBgevO_4core9ub_checks23maybe_is_nonoverlapping7runtimeCs61F2TY4yojp_4zmij
00000001000826b8 T __RINvMNtCsgtPOCBgevO_4core5sliceSINtNtNtB5_3mem12maybe_uninit11MaybeUninithE13get_uncheckedINtNtNtB5_3ops5range9RangeFromjEECs2sw7CroeKnC_4itoa
00000001000826fc T __RINvMNtCsgtPOCBgevO_4core5sliceSh13get_uncheckedjECs2sw7CroeKnC_4itoa
0000000100082740 T __RNvCs2sw7CroeKnC_4itoa19slice_buffer_to_str
0000000100082784 t __RNvCs2sw7CroeKnC_4itoa9divmod100
000000010008286c T __RNvMNtCsgtPOCBgevO_4core6resultINtB2_6ResulthNtNtNtB4_3num5error15TryFromIntErrorE6expectCs2sw7CroeKnC_4itoa
00000001000828f8 T __RNvMNtCsgtPOCBgevO_4core6resultINtB2_6ResultmNtNtNtB4_3num5error15TryFromIntErrorE6expectCs2sw7CroeKnC_4itoa
0000000100082988 T __RNvMNtCsgtPOCBgevO_4core6resultINtB2_6ResultyNtNtNtB4_3num5error15TryFromIntErrorE6expectCs2sw7CroeKnC_4itoa
0000000100082a18 t __RNvNtNtCsgtPOCBgevO_4core3str8converts19from_utf8_uncheckedCs2sw7CroeKnC_4itoa
0000000100082a30 t __RNvNvXs0_NtNtCsgtPOCBgevO_4core5slice5indexjINtB7_10SliceIndexSpE13get_unchecked18precondition_checkCs2sw7CroeKnC_4itoa
0000000100082a90 t __RNvNvXs2_NtNtCsgtPOCBgevO_4core5slice5indexINtNtNtBb_3ops5range5RangejEINtB7_10SliceIndexSpE13get_unchecked18precondition_checkCs2sw7CroeKnC_4itoa
0000000100082b10 T __RNvXs0_NtNtCsgtPOCBgevO_4core5slice5indexjINtB5_10SliceIndexShE13get_uncheckedCs2sw7CroeKnC_4itoa
0000000100082b68 T __RNvXs1g_NtCsgtPOCBgevO_4core3fmtRNtNtNtB8_3num5error12IntErrorKindNtB6_5Debug3fmtCs2sw7CroeKnC_4itoa
0000000100082b98 t __RNvXs2Z_NtNtCsgtPOCBgevO_4core7convert3numyINtB8_7TryFromlE8try_fromCs2sw7CroeKnC_4itoa
0000000100082bec T __RNvXs4_NtCsgtPOCBgevO_4core7convertlINtB5_7TryIntoyE8try_intoCs2sw7CroeKnC_4itoa
0000000100082c0c T __RNvXs5_NtNtCsgtPOCBgevO_4core5slice5indexINtNtNtB9_3ops5range9RangeFromjEINtB5_10SliceIndexSINtNtNtB9_3mem12maybe_uninit11MaybeUninithEE13get_uncheckedCs2sw7CroeKnC_4itoa
0000000100082c7c t __RNvXs6_NtNtCsgtPOCBgevO_4core3num5errorNtB5_15TryFromIntErrorNtNtB9_3fmt5Debug3fmtCs2sw7CroeKnC_4itoa
0000000100082cd0 t __RNvXsi_NtNtCsgtPOCBgevO_4core3num5errorNtB5_12IntErrorKindNtNtB9_3fmt5Debug3fmtCs2sw7CroeKnC_4itoa
0000000100082dec T __RNvXsu_Cs2sw7CroeKnC_4itoayNtB5_8Unsigned3fmt
000000010008365c T __RINvMNtNtCsgtPOCBgevO_4core3fmt2rtNtB3_8Argument11new_displayReECsa9E01ePNyi4_10serde_core
0000000100083688 T __RINvMNtNtCsgtPOCBgevO_4core3fmt2rtNtB3_8Argument11new_displayjECsa9E01ePNyi4_10serde_core
00000001000836b4 T __RINvMs2_NtCsgtPOCBgevO_4core3fmtNtB6_9Arguments3newKj2_Kj1_ECsa9E01ePNyi4_10serde_core
00000001000836d0 T __RINvNtCsgtPOCBgevO_4core3ptr9drop_glueINtNtCslJsSqIQKwiA_5alloc5boxed3BoxeEECsa9E01ePNyi4_10serde_core
00000001000836fc t __RNvNvMNtNtCsgtPOCBgevO_4core3mem9alignmentNtB4_9Alignment13new_unchecked18precondition_checkCsa9E01ePNyi4_10serde_core
000000010008376c t __RNvNvMNtNtCsgtPOCBgevO_4core5alloc6layoutNtB4_6Layout29from_size_alignment_unchecked18precondition_checkCsa9E01ePNyi4_10serde_core
00000001000837d4 t __RNvXNtNtCsgtPOCBgevO_4core3cmp5implsuNtB4_9PartialEq2eqCsa9E01ePNyi4_10serde_core
00000001000837f0 T __RNvXNtNtCsgtPOCBgevO_4core3ops12control_flowINtB2_11ControlFlowuENtNtB4_9try_trait3Try11from_outputCsa9E01ePNyi4_10serde_core
0000000100083804 T __RNvXNtNtCsgtPOCBgevO_4core3ops12control_flowINtB2_11ControlFlowuENtNtB4_9try_trait3Try6branchCsa9E01ePNyi4_10serde_core
000000010008383c T __RNvXs2J_NtNtCsgtPOCBgevO_4core5slice4iterINtB6_4IterhENtNtNtNtBa_4iter6traits8iterator8Iterator4nextCsa9E01ePNyi4_10serde_core
00000001000838c0 T __RNvXs8_NtCslJsSqIQKwiA_5alloc5boxedINtB5_3BoxeENtNtNtCsgtPOCBgevO_4core3ops4drop4Drop4dropCsa9E01ePNyi4_10serde_core
000000010008399c T __RNvXs9_NtNtCsgtPOCBgevO_4core3ops12control_flowINtB5_11ControlFlowuENtNtB9_3cmp9PartialEq2eqCsa9E01ePNyi4_10serde_core
0000000100083a68 t __RNvXs_NtCslJsSqIQKwiA_5alloc5allocNtB4_6GlobalNtNtCsgtPOCBgevO_4core5alloc9Allocator10deallocateCsa9E01ePNyi4_10serde_core
0000000100083ab8 T __RNvXs_NtNtCsgtPOCBgevO_4core3ops12control_flowINtB4_11ControlFlowuEINtNtB6_9try_trait12FromResidualIBJ_uNtNtB8_7convert10InfallibleEE13from_residualCsa9E01ePNyi4_10serde_core
0000000100083acc T __RNvXs_NtNtCsgtPOCBgevO_4core5slice4iterRShNtNtNtNtB8_4iter6traits7collect12IntoIterator9into_iterCsa9E01ePNyi4_10serde_core
0000000100083b1c T __RNvYjNtNtCsgtPOCBgevO_4core3cmp3Ord3maxCsa9E01ePNyi4_10serde_core
0000000100083b90 T __RNvYjNtNtCsgtPOCBgevO_4core3cmp3Ord3minCsa9E01ePNyi4_10serde_core
0000000100083c04 T __RINvXs2J_NtNtCsgtPOCBgevO_4core5slice4iterINtB7_4IterINtNtCslJsSqIQKwiA_5alloc3vec3VecjEENtNtNtNtBb_4iter6traits8iterator8Iterator4folduNCINvNtNtB1v_8adapters3map8map_foldRBP_juNvMs_BS_BP_3lenNCINvNvB1p_8for_each4calljNCINvMsj_BS_BP_14extend_trustedINtB2f_3MapBE_B2P_EE0E0E0ECsadc5H2mW6Xs_29open_pipe_stress_frame_kernel
0000000100083dd0 T __RINvXs2J_NtNtCsgtPOCBgevO_4core5slice4iterINtB7_4IterjENtNtNtNtBb_4iter6traits8iterator8Iterator4foldTTjjEjENCINvNtNtBX_8adapters6copied9copy_foldjB1B_NCINvNtB1P_3map8map_foldjB1B_B1B_NCINvNvBR_10min_by_key3keyjB1C_NCNvNtNtNtCsadc5H2mW6Xs_29open_pipe_stress_frame_kernel10structural8retained6factor24min_by_degree_then_index0E0NCINvNvBR_6min_by4foldB1B_INvB31_7comparejB1C_EE0E0E0EB3B_
0000000100083ff0 T __RINvYINtNtNtCsgtPOCBgevO_4core5slice4iter4IterINtNtCslJsSqIQKwiA_5alloc3vec3VecjEENtNtNtNtBa_4iter6traits8iterator8Iterator3mapjNvMs_BL_BI_3lenECsadc5H2mW6Xs_29open_pipe_stress_frame_kernel
000000010008400c T __RINvYINtNtNtCsgtPOCBgevO_4core5slice4iter4IterjENtNtNtNtBa_4iter6traits8iterator8Iterator6copiedjECsadc5H2mW6Xs_29open_pipe_stress_frame_kernel
0000000100084028 T __RNvMs4_NtNtCsgtPOCBgevO_4core5slice4iterINtB5_4IterINtNtCslJsSqIQKwiA_5alloc3vec3VecjEE3newCsadc5H2mW6Xs_29open_pipe_stress_frame_kernel
0000000100084080 T __RNvMs4_NtNtCsgtPOCBgevO_4core5slice4iterINtB5_4IterjE3newCsadc5H2mW6Xs_29open_pipe_stress_frame_kernel
00000001000840d0 T __RNvMs4_NtNtCsgtPOCBgevO_4core5slice4iterINtB5_4ItermE3newCsadc5H2mW6Xs_29open_pipe_stress_frame_kernel
0000000100084120 T __RNvXNtNtNtCsgtPOCBgevO_4core4iter6traits7collectINtNtNtB8_5slice4iter4IterINtNtCslJsSqIQKwiA_5alloc3vec3VecjEENtB2_12IntoIterator9into_iterCsadc5H2mW6Xs_29open_pipe_stress_frame_kernel
000000010008413c T __RNvXNtNtNtCsgtPOCBgevO_4core4iter6traits7collectINtNtNtB8_5slice4iter4IterjENtB2_12IntoIterator9into_iterCsadc5H2mW6Xs_29open_pipe_stress_frame_kernel
0000000100084158 T __RNvXs2J_NtNtCsgtPOCBgevO_4core5slice4iterINtB6_4IterINtNtCslJsSqIQKwiA_5alloc3vec3VecjEENtNtNtNtBa_4iter6traits8iterator8Iterator4nextCsadc5H2mW6Xs_29open_pipe_stress_frame_kernel
00000001000841dc T __RNvXs2J_NtNtCsgtPOCBgevO_4core5slice4iterINtB6_4IterINtNtCslJsSqIQKwiA_5alloc3vec3VecjEENtNtNtNtBa_4iter6traits8iterator8Iterator9size_hintCsadc5H2mW6Xs_29open_pipe_stress_frame_kernel
0000000100084290 T __RNvXs2J_NtNtCsgtPOCBgevO_4core5slice4iterINtB6_4IterjENtNtNtNtBa_4iter6traits8iterator8Iterator4nextCsadc5H2mW6Xs_29open_pipe_stress_frame_kernel
0000000100084314 T __RNvXs2J_NtNtCsgtPOCBgevO_4core5slice4iterINtB6_4ItermENtNtNtNtBa_4iter6traits8iterator8Iterator4nextCsadc5H2mW6Xs_29open_pipe_stress_frame_kernel
0000000100084398 T __RNvXs2J_NtNtCsgtPOCBgevO_4core5slice4iterINtB6_4ItermENtNtNtNtBa_4iter6traits8iterator8Iterator9size_hintCsadc5H2mW6Xs_29open_pipe_stress_frame_kernel
000000010008444c T __RNvXs2Q_NtNtCsgtPOCBgevO_4core5slice4iterINtB6_7IterMutINtNtCslJsSqIQKwiA_5alloc3vec3VecjEENtNtNtNtBa_4iter6traits8iterator8Iterator4nextCsadc5H2mW6Xs_29open_pipe_stress_frame_kernel
00000001000844d0 T __RNvXs_NtNtCsgtPOCBgevO_4core5slice4iterRSjNtNtNtNtB8_4iter6traits7collect12IntoIterator9into_iterCsadc5H2mW6Xs_29open_pipe_stress_frame_kernel
0000000100084520 T __RNvYINtNtNtCsgtPOCBgevO_4core5slice4iter4IterINtNtCslJsSqIQKwiA_5alloc3vec3VecjEENtNtNtNtB9_4iter6traits8iterator8Iterator9enumerateCsadc5H2mW6Xs_29open_pipe_stress_frame_kernel
0000000100084548 T __RINvMs_NtCslJsSqIQKwiA_5alloc3vecINtB5_3VecjE8dedup_byNCNvMs4_B5_Bv_5dedup0ECsadc5H2mW6Xs_29open_pipe_stress_frame_kernel
0000000100084874 T __RINvMsj_NtCslJsSqIQKwiA_5alloc3vecINtB6_3VecjE14extend_trustedINtNtNtCsgtPOCBgevO_4core3ops5range5RangejEECsadc5H2mW6Xs_29open_pipe_stress_frame_kernel
0000000100084998 T __RINvMsj_NtCslJsSqIQKwiA_5alloc3vecINtB6_3VecjE14extend_trustedINtNtNtNtCsgtPOCBgevO_4core4iter8adapters3map3MapINtNtNtB17_5slice4iter4IterBw_ENvMs_B6_Bw_3lenEECsadc5H2mW6Xs_29open_pipe_stress_frame_kernel
0000000100084abc T __RINvNtCslJsSqIQKwiA_5alloc3vec9from_elemINtB2_3VecjEECsadc5H2mW6Xs_29open_pipe_stress_frame_kernel
0000000100084adc T __RINvNtCslJsSqIQKwiA_5alloc3vec9from_elembECsadc5H2mW6Xs_29open_pipe_stress_frame_kernel
0000000100084b00 T __RINvNtCslJsSqIQKwiA_5alloc3vec9from_elemjECsadc5H2mW6Xs_29open_pipe_stress_frame_kernel
0000000100084b24 T __RINvXNtNtCslJsSqIQKwiA_5alloc3vec14spec_from_elemINtB5_3VecjENtB3_12SpecFromElem9from_elemNtNtB7_5alloc6GlobalECsadc5H2mW6Xs_29open_pipe_stress_frame_kernel
0000000100084c1c T __RINvXse_NtCslJsSqIQKwiA_5alloc3vecINtB6_3VecjEINtNtNtNtCsgtPOCBgevO_4core4iter6traits7collect12FromIteratorjE9from_iterINtNtNtBP_8adapters3map3MapINtNtNtBR_5slice4iter4IterBw_ENvMs_B6_Bw_3lenEECsadc5H2mW6Xs_29open_pipe_stress_frame_kernel
0000000100084c54 T __RINvXse_NtCslJsSqIQKwiA_5alloc3vecINtB6_3VecjEINtNtNtNtCsgtPOCBgevO_4core4iter6traits7collect12FromIteratorjE9from_iterINtNtNtBR_3ops5range5RangejEECsadc5H2mW6Xs_29open_pipe_stress_frame_kernel
0000000100084c84 T __RNCINvMsj_NtCslJsSqIQKwiA_5alloc3vecINtB8_3VecjE14extend_trustedINtNtNtCsgtPOCBgevO_4core3ops5range5RangejEE0Csadc5H2mW6Xs_29open_pipe_stress_frame_kernel
0000000100084cb4 T __RNCINvMsj_NtCslJsSqIQKwiA_5alloc3vecINtB8_3VecjE14extend_trustedINtNtNtNtCsgtPOCBgevO_4core4iter8adapters3map3MapINtNtNtB19_5slice4iter4IterBy_ENvMs_B8_By_3lenEE0Csadc5H2mW6Xs_29open_pipe_stress_frame_kernel
0000000100084ce4 T __RNCNvMs4_NtCslJsSqIQKwiA_5alloc3vecINtB7_3VecjE5dedup0Csadc5H2mW6Xs_29open_pipe_stress_frame_kernel
0000000100084d20 T __RNvMNtCsgtPOCBgevO_4core5sliceSINtNtCslJsSqIQKwiA_5alloc3vec3VecjE4iterCsadc5H2mW6Xs_29open_pipe_stress_frame_kernel
0000000100084d48 T __RNvMNtCslJsSqIQKwiA_5alloc3vecINtB2_3VecAdj3_E3newCsadc5H2mW6Xs_29open_pipe_stress_frame_kernel
0000000100084d5c T __RNvMNtCslJsSqIQKwiA_5alloc3vecINtB2_3VecNtNtB4_6string6StringE3newCsadc5H2mW6Xs_29open_pipe_stress_frame_kernel
0000000100084d70 T __RNvMNtCslJsSqIQKwiA_5alloc3vecINtB2_3VecjE13with_capacityCsadc5H2mW6Xs_29open_pipe_stress_frame_kernel
0000000100084db0 T __RNvMNtCslJsSqIQKwiA_5alloc3vecINtB2_3VecjE3newCsadc5H2mW6Xs_29open_pipe_stress_frame_kernel
0000000100084dc4 T __RNvMs3_NtCslJsSqIQKwiA_5alloc3vecINtB5_3VecIBw_jEE11extend_withCsadc5H2mW6Xs_29open_pipe_stress_frame_kernel
0000000100084fd8 T __RNvMs3_NtCslJsSqIQKwiA_5alloc3vecINtB5_3VecbE11extend_withCsadc5H2mW6Xs_29open_pipe_stress_frame_kernel
00000001000851c8 T __RNvMs3_NtCslJsSqIQKwiA_5alloc3vecINtB5_3VecjE11extend_withCsadc5H2mW6Xs_29open_pipe_stress_frame_kernel
000000010008538c T __RNvMs4_NtCslJsSqIQKwiA_5alloc3vecINtB5_3VecjE5dedupCsadc5H2mW6Xs_29open_pipe_stress_frame_kernel
00000001000853b0 T __RNvMsF_NtCslJsSqIQKwiA_5alloc3vecINtB5_3VecAdj3_E4pushCsadc5H2mW6Xs_29open_pipe_stress_frame_kernel
00000001000853d4 T __RNvMsF_NtCslJsSqIQKwiA_5alloc3vecINtB5_3VecAdj3_E8push_mutCsadc5H2mW6Xs_29open_pipe_stress_frame_kernel
00000001000854b8 T __RNvMsF_NtCslJsSqIQKwiA_5alloc3vecINtB5_3VecNtNtB7_6string6StringE4pushCsadc5H2mW6Xs_29open_pipe_stress_frame_kernel
00000001000854dc T __RNvMsF_NtCslJsSqIQKwiA_5alloc3vecINtB5_3VecNtNtB7_6string6StringE8push_mutCsadc5H2mW6Xs_29open_pipe_stress_frame_kernel
00000001000855d0 T __RNvMsF_NtCslJsSqIQKwiA_5alloc3vecINtB5_3VecjE4pushCsadc5H2mW6Xs_29open_pipe_stress_frame_kernel
00000001000855f8 T __RNvMsF_NtCslJsSqIQKwiA_5alloc3vecINtB5_3VecjE8push_mutCsadc5H2mW6Xs_29open_pipe_stress_frame_kernel
00000001000856c4 T __RNvMs_NtCslJsSqIQKwiA_5alloc3vecINtB4_3VecAdj3_E3lenCsadc5H2mW6Xs_29open_pipe_stress_frame_kernel
00000001000856dc T __RNvMs_NtCslJsSqIQKwiA_5alloc3vecINtB4_3VecIBv_jEE7reserveCsadc5H2mW6Xs_29open_pipe_stress_frame_kernel
0000000100085784 T __RNvMs_NtCslJsSqIQKwiA_5alloc3vecINtB4_3VecNtNtB6_6string6StringE7reserveCsadc5H2mW6Xs_29open_pipe_stress_frame_kernel
000000010008582c T __RNvMs_NtCslJsSqIQKwiA_5alloc3vecINtB4_3VecbE7reserveCsadc5H2mW6Xs_29open_pipe_stress_frame_kernel
00000001000858cc T __RNvMs_NtCslJsSqIQKwiA_5alloc3vecINtB4_3VecjE3lenCsadc5H2mW6Xs_29open_pipe_stress_frame_kernel
00000001000858e4 T __RNvMs_NtCslJsSqIQKwiA_5alloc3vecINtB4_3VecjE7reserveCsadc5H2mW6Xs_29open_pipe_stress_frame_kernel
0000000100085984 T __RNvMs_NtCslJsSqIQKwiA_5alloc3vecINtB4_3VecjE8is_emptyCsadc5H2mW6Xs_29open_pipe_stress_frame_kernel
00000001000859a4 t __RNvNvMs_NtCslJsSqIQKwiA_5alloc3vecINtB6_3VecppE17from_raw_parts_in18precondition_checkCsadc5H2mW6Xs_29open_pipe_stress_frame_kernel
0000000100085a04 t __RNvNvMs_NtCslJsSqIQKwiA_5alloc3vecINtB6_3VecppE7set_len18precondition_checkCsadc5H2mW6Xs_29open_pipe_stress_frame_kernel
0000000100085a64 T __RNvXNtNtCslJsSqIQKwiA_5alloc3vec10partial_eqINtB4_3VechENtNtCsgtPOCBgevO_4core3cmp9PartialEq2eqCsadc5H2mW6Xs_29open_pipe_stress_frame_kernel
0000000100085af0 T __RNvXNtNtCslJsSqIQKwiA_5alloc3vec10partial_eqINtB4_3VecjENtNtCsgtPOCBgevO_4core3cmp9PartialEq2eqCsadc5H2mW6Xs_29open_pipe_stress_frame_kernel
0000000100085b7c T __RNvXNtNtCslJsSqIQKwiA_5alloc3vec14spec_from_iterINtB4_3VecjEINtB2_12SpecFromIterjINtNtNtCsgtPOCBgevO_4core3ops5range5RangejEE9from_iterCsadc5H2mW6Xs_29open_pipe_stress_frame_kernel
0000000100085ba0 T __RNvXNtNtCslJsSqIQKwiA_5alloc3vec14spec_from_iterINtB4_3VecjEINtB2_12SpecFromIterjINtNtNtNtCsgtPOCBgevO_4core4iter8adapters3map3MapINtNtNtB1q_5slice4iter4IterBK_ENvMs_B4_BK_3lenEE9from_iterCsadc5H2mW6Xs_29open_pipe_stress_frame_kernel
0000000100085bcc T __RNvXNvMs_NtCslJsSqIQKwiA_5alloc3vecINtB7_3VecppE8dedup_byINtB2_13FillGapOnDropjNtNtB9_5alloc6GlobalENtNtNtCsgtPOCBgevO_4core3ops4drop4Drop4dropCsadc5H2mW6Xs_29open_pipe_stress_frame_kernel
0000000100085d74 T __RNvXs1g_NtCsgtPOCBgevO_4core3fmtRINtNtCslJsSqIQKwiA_5alloc3vec3VecjENtB6_5Debug3fmtCsadc5H2mW6Xs_29open_pipe_stress_frame_kernel
0000000100085da4 T __RNvXs7_NtCslJsSqIQKwiA_5alloc3vecINtB5_3VecIBw_jEENtNtNtCsgtPOCBgevO_4core3ops5deref5Deref5derefCsadc5H2mW6Xs_29open_pipe_stress_frame_kernel
0000000100085dc4 T __RNvXs7_NtCslJsSqIQKwiA_5alloc3vecINtB5_3VecjENtNtNtCsgtPOCBgevO_4core3ops5deref5Deref5derefCsadc5H2mW6Xs_29open_pipe_stress_frame_kernel
0000000100085de4 T __RNvXs8_NtCslJsSqIQKwiA_5alloc3vecINtB5_3VecjENtNtNtCsgtPOCBgevO_4core3ops5deref8DerefMut9deref_mutCsadc5H2mW6Xs_29open_pipe_stress_frame_kernel
0000000100085e04 T __RNvXs8_NtCslJsSqIQKwiA_5alloc5sliceINtNtB7_3vec3VecjEINtNtNtNtCsgtPOCBgevO_4core5slice4sort6stable8BufGuardjE13with_capacityCsadc5H2mW6Xs_29open_pipe_stress_frame_kernel
0000000100085e44 T __RNvXs8_NtCslJsSqIQKwiA_5alloc5sliceINtNtB7_3vec3VecjEINtNtNtNtCsgtPOCBgevO_4core5slice4sort6stable8BufGuardjE19as_uninit_slice_mutCsadc5H2mW6Xs_29open_pipe_stress_frame_kernel
0000000100085f04 T __RNvXs_NtNtCslJsSqIQKwiA_5alloc3vec11spec_extendINtB6_3VecjEINtB4_10SpecExtendjINtNtNtCsgtPOCBgevO_4core3ops5range5RangejEE11spec_extendCsadc5H2mW6Xs_29open_pipe_stress_frame_kernel
0000000100085f30 T __RNvXs_NtNtCslJsSqIQKwiA_5alloc3vec11spec_extendINtB6_3VecjEINtB4_10SpecExtendjINtNtNtNtCsgtPOCBgevO_4core4iter8adapters3map3MapINtNtNtB1n_5slice4iter4IterBJ_ENvMs_B6_BJ_3lenEE11spec_extendCsadc5H2mW6Xs_29open_pipe_stress_frame_kernel
0000000100085f64 T __RNvXs_NtNtCslJsSqIQKwiA_5alloc3vec21spec_from_iter_nestedINtB6_3VecjEINtB4_18SpecFromIterNestedjINtNtNtCsgtPOCBgevO_4core3ops5range5RangejEE9from_iterCsadc5H2mW6Xs_29open_pipe_stress_frame_kernel
0000000100086090 T __RNvXs_NtNtCslJsSqIQKwiA_5alloc3vec21spec_from_iter_nestedINtB6_3VecjEINtB4_18SpecFromIterNestedjINtNtNtNtCsgtPOCBgevO_4core4iter8adapters3map3MapINtNtNtB1F_5slice4iter4IterBT_ENvMs_B6_BT_3lenEE9from_iterCsadc5H2mW6Xs_29open_pipe_stress_frame_kernel
00000001000861bc T __RNvXsa_NtCslJsSqIQKwiA_5alloc3vecINtB5_3VecjENtNtCsgtPOCBgevO_4core5clone5Clone5cloneCsadc5H2mW6Xs_29open_pipe_stress_frame_kernel
0000000100086208 T __RNvXsc_NtCslJsSqIQKwiA_5alloc3vecINtB5_3VecIBw_jEEINtNtNtCsgtPOCBgevO_4core3ops5index5IndexjE5indexCsadc5H2mW6Xs_29open_pipe_stress_frame_kernel
000000010008624c T __RNvXsc_NtCslJsSqIQKwiA_5alloc3vecINtB5_3VecbEINtNtNtCsgtPOCBgevO_4core3ops5index5IndexjE5indexCsadc5H2mW6Xs_29open_pipe_stress_frame_kernel
0000000100086290 T __RNvXsc_NtCslJsSqIQKwiA_5alloc3vecINtB5_3VecjEINtNtNtCsgtPOCBgevO_4core3ops5index5IndexjE5indexCsadc5H2mW6Xs_29open_pipe_stress_frame_kernel
00000001000862d4 T __RNvXsd_NtCslJsSqIQKwiA_5alloc3vecINtB5_3VecIBw_jEEINtNtNtCsgtPOCBgevO_4core3ops5index8IndexMutjE9index_mutCsadc5H2mW6Xs_29open_pipe_stress_frame_kernel
0000000100086318 T __RNvXsd_NtCslJsSqIQKwiA_5alloc3vecINtB5_3VecbEINtNtNtCsgtPOCBgevO_4core3ops5index8IndexMutjE9index_mutCsadc5H2mW6Xs_29open_pipe_stress_frame_kernel
000000010008635c T __RNvXsd_NtCslJsSqIQKwiA_5alloc3vecINtB5_3VecjEINtNtNtCsgtPOCBgevO_4core3ops5index8IndexMutjE9index_mutCsadc5H2mW6Xs_29open_pipe_stress_frame_kernel
00000001000863a0 T __RNvXsg_NtCslJsSqIQKwiA_5alloc3vecRINtB5_3VecjENtNtNtNtCsgtPOCBgevO_4core4iter6traits7collect12IntoIterator9into_iterCsadc5H2mW6Xs_29open_pipe_stress_frame_kernel
0000000100086400 T __RNvXsh_NtCslJsSqIQKwiA_5alloc3vecQINtB5_3VecIBx_jEENtNtNtNtCsgtPOCBgevO_4core4iter6traits7collect12IntoIterator9into_iterCsadc5H2mW6Xs_29open_pipe_stress_frame_kernel
0000000100086468 T __RNvXsn_NtCslJsSqIQKwiA_5alloc3vecINtB5_3VechENtNtCsgtPOCBgevO_4core3cmp3Ord3cmpCsadc5H2mW6Xs_29open_pipe_stress_frame_kernel
00000001000864bc T __RNvXso_NtCslJsSqIQKwiA_5alloc3vecINtB5_3VecAdj3_ENtNtNtCsgtPOCBgevO_4core3ops4drop4Drop4dropCsadc5H2mW6Xs_29open_pipe_stress_frame_kernel
00000001000864e8 T __RNvXso_NtCslJsSqIQKwiA_5alloc3vecINtB5_3VecIBw_jEENtNtNtCsgtPOCBgevO_4core3ops4drop4Drop4dropCsadc5H2mW6Xs_29open_pipe_stress_frame_kernel
0000000100086528 T __RNvXso_NtCslJsSqIQKwiA_5alloc3vecINtB5_3VecNtNtB7_6string6StringENtNtNtCsgtPOCBgevO_4core3ops4drop4Drop4dropCsadc5H2mW6Xs_29open_pipe_stress_frame_kernel
0000000100086568 T __RNvXso_NtCslJsSqIQKwiA_5alloc3vecINtB5_3VecbENtNtNtCsgtPOCBgevO_4core3ops4drop4Drop4dropCsadc5H2mW6Xs_29open_pipe_stress_frame_kernel
0000000100086594 T __RNvXso_NtCslJsSqIQKwiA_5alloc3vecINtB5_3VecjENtNtNtCsgtPOCBgevO_4core3ops4drop4Drop4dropCsadc5H2mW6Xs_29open_pipe_stress_frame_kernel
00000001000865c0 T __RNvXsq_NtCslJsSqIQKwiA_5alloc3vecINtB5_3VecIBw_jEENtNtCsgtPOCBgevO_4core3fmt5Debug3fmtCsadc5H2mW6Xs_29open_pipe_stress_frame_kernel
00000001000865fc T __RNvXsq_NtCslJsSqIQKwiA_5alloc3vecINtB5_3VecjENtNtCsgtPOCBgevO_4core3fmt5Debug3fmtCsadc5H2mW6Xs_29open_pipe_stress_frame_kernel
0000000100086638 T __RNvXsr_NtCsgtPOCBgevO_4core3fmtSINtNtCslJsSqIQKwiA_5alloc3vec3VecjENtB5_5Debug3fmtCsadc5H2mW6Xs_29open_pipe_stress_frame_kernel
00000001000866c8 T __RINvNtNtNtNtCsgtPOCBgevO_4core5slice4sort6shared5pivot11median3_recjNCINvMNtCslJsSqIQKwiA_5alloc5sliceSj11sort_by_keyTjjENCNvNtNtNtCsadc5H2mW6Xs_29open_pipe_stress_frame_kernel10structural8retained6factor21reverse_cuthill_mckee0E0EB25_
0000000100086880 T __RINvNtNtNtNtCsgtPOCBgevO_4core5slice4sort6shared5pivot11median3_recjNvYjNtNtBa_3cmp10PartialOrd2ltECsadc5H2mW6Xs_29open_pipe_stress_frame_kernel
0000000100086a38 T __RINvNtNtNtNtCsgtPOCBgevO_4core5slice4sort6shared5pivot12choose_pivotjNCINvMNtCslJsSqIQKwiA_5alloc5sliceSj11sort_by_keyTjjENCNvNtNtNtCsadc5H2mW6Xs_29open_pipe_stress_frame_kernel10structural8retained6factor21reverse_cuthill_mckee0E0EB26_
0000000100086c6c T __RINvNtNtNtNtCsgtPOCBgevO_4core5slice4sort6shared5pivot12choose_pivotjNvYjNtNtBa_3cmp10PartialOrd2ltECsadc5H2mW6Xs_29open_pipe_stress_frame_kernel
0000000100086ea0 T __RINvXs0_NtNtNtCsgtPOCBgevO_4core4iter8adapters3mapINtB6_3MapINtNtB8_6copied6CopiedINtNtNtBc_5slice4iter4IterjEENCINvNvNtNtNtBa_6traits8iterator8Iterator10min_by_key3keyjTjjENCNvNtNtNtCsadc5H2mW6Xs_29open_pipe_stress_frame_kernel10structural8retained6factor24min_by_degree_then_index0E0EB1S_4foldTB2H_jENCINvNvB1S_6min_by4foldB4J_INvB1Q_7comparejB2H_EE0EB2V_
0000000100086edc T __RINvXs0_NtNtNtCsgtPOCBgevO_4core4iter8adapters3mapINtB6_3MapINtNtNtBc_5slice4iter4IterINtNtCslJsSqIQKwiA_5alloc3vec3VecjEENvMs_B1p_B1m_3lenENtNtNtBa_6traits8iterator8Iterator4folduNCINvNvB2e_8for_each4calljNCINvMsj_B1p_B1m_14extend_trustedBM_E0E0ECsadc5H2mW6Xs_29open_pipe_stress_frame_kernel
0000000100086f20 T __RINvYINtNtNtNtCsgtPOCBgevO_4core4iter8adapters3map3MapINtNtB8_6copied6CopiedINtNtNtBc_5slice4iter4IterjEENCINvNvNtNtNtBa_6traits8iterator8Iterator10min_by_key3keyjTjjENCNvNtNtNtCsadc5H2mW6Xs_29open_pipe_stress_frame_kernel10structural8retained6factor24min_by_degree_then_index0E0EB1M_6reduceNCINvNvB1M_6min_by4foldTB2B_jEINvB1K_7comparejB2B_EE0EB2P_
0000000100087038 T __RINvYINtNtNtNtCsgtPOCBgevO_4core4iter8adapters3map3MapINtNtNtBc_5slice4iter4IterINtNtCslJsSqIQKwiA_5alloc3vec3VecjEENvMs_B1j_B1g_3lenENtNtNtBa_6traits8iterator8Iterator7collectB1g_ECsadc5H2mW6Xs_29open_pipe_stress_frame_kernel
0000000100087064 T __RINvYINtNtNtNtCsgtPOCBgevO_4core4iter8adapters3map3MapINtNtNtBc_5slice4iter4IterINtNtCslJsSqIQKwiA_5alloc3vec3VecjEENvMs_B1j_B1g_3lenENtNtNtBa_6traits8iterator8Iterator8for_eachNCINvMsj_B1j_B1g_14extend_trustedB3_E0ECsadc5H2mW6Xs_29open_pipe_stress_frame_kernel
00000001000870a8 T __RNCINvNtNtNtCsgtPOCBgevO_4core4iter8adapters3map8map_foldRINtNtCslJsSqIQKwiA_5alloc3vec3VecjEjuNvMs_BX_BU_3lenNCINvNvNtNtNtB8_6traits8iterator8Iterator8for_each4calljNCINvMsj_BX_BU_14extend_trustedINtB4_3MapINtNtNtBa_5slice4iter4IterBU_EB1v_EE0E0E0Csadc5H2mW6Xs_29open_pipe_stress_frame_kernel
0000000100087124 T __RNCINvNtNtNtCsgtPOCBgevO_4core4iter8adapters3map8map_foldjTTjjEjEBU_NCINvNvNtNtNtB8_6traits8iterator8Iterator10min_by_key3keyjBV_NCNvNtNtNtCsadc5H2mW6Xs_29open_pipe_stress_frame_kernel10structural8retained6factor24min_by_degree_then_index0E0NCINvNvB1b_6min_by4foldBU_INvB19_7comparejBV_EE0E0B2d_
00000001000871e0 t __RNvMNtCslJsSqIQKwiA_5alloc5allocNtB2_6Global18alloc_impl_runtimeCsadc5H2mW6Xs_29open_pipe_stress_frame_kernel
0000000100087368 t __RNvNvNtCsgtPOCBgevO_4core9ub_checks23maybe_is_nonoverlapping7runtimeCsadc5H2mW6Xs_29open_pipe_stress_frame_kernel
0000000100087440 T __RNvXNtNtNtCsgtPOCBgevO_4core4iter6traits7collectINtNtNtB6_8adapters3map3MapINtNtNtB8_5slice4iter4IterINtNtCslJsSqIQKwiA_5alloc3vec3VecjEENvMs_B1E_B1B_3lenENtB2_12IntoIterator9into_iterCsadc5H2mW6Xs_29open_pipe_stress_frame_kernel
000000010008745c T __RNvXs0_NtNtNtCsgtPOCBgevO_4core4iter8adapters3mapINtB5_3MapINtNtB7_6copied6CopiedINtNtNtBb_5slice4iter4IterjEENCINvNvNtNtNtB9_6traits8iterator8Iterator10min_by_key3keyjTjjENCNvNtNtNtCsadc5H2mW6Xs_29open_pipe_stress_frame_kernel10structural8retained6factor24min_by_degree_then_index0E0EB1R_4nextB2U_
00000001000874f0 T __RNvXs0_NtNtNtCsgtPOCBgevO_4core4iter8adapters3mapINtB5_3MapINtNtNtBb_5slice4iter4IterINtNtCslJsSqIQKwiA_5alloc3vec3VecjEENvMs_B1o_B1l_3lenENtNtNtB9_6traits8iterator8Iterator9size_hintCsadc5H2mW6Xs_29open_pipe_stress_frame_kernel
0000000100087514 t __RNvXs2_NtCslJsSqIQKwiA_5alloc5allocNtB5_6GlobalNtNtCsgtPOCBgevO_4core5clone5Clone5cloneCsadc5H2mW6Xs_29open_pipe_stress_frame_kernel
0000000100087524 T __RNvXs1g_NtCsgtPOCBgevO_4core3fmtRReNtB6_5Debug3fmtCsadc5H2mW6Xs_29open_pipe_stress_frame_kernel
0000000100087554 T __RNvXs1g_NtCsgtPOCBgevO_4core3fmtRdNtB6_5Debug3fmtCsadc5H2mW6Xs_29open_pipe_stress_frame_kernel
0000000100087584 T __RNvXs1g_NtCsgtPOCBgevO_4core3fmtRjNtB6_5Debug3fmtCsadc5H2mW6Xs_29open_pipe_stress_frame_kernel
00000001000875b4 t __RNvXsg_NtNtCslJsSqIQKwiA_5alloc3vec7is_zerojNtB5_6IsZero7is_zeroCsadc5H2mW6Xs_29open_pipe_stress_frame_kernel
00000001000875d4 t __RNvXsh_NtNtCslJsSqIQKwiA_5alloc3vec7is_zerobNtB5_6IsZero7is_zeroCsadc5H2mW6Xs_29open_pipe_stress_frame_kernel
00000001000875f4 T __RNvXsr_NtCsgtPOCBgevO_4core3fmtSjNtB5_5Debug3fmtCsadc5H2mW6Xs_29open_pipe_stress_frame_kernel
000000010008767c T __RINvMNtCslJsSqIQKwiA_5alloc5sliceSj11sort_by_keyTjjENCNvNtNtNtCsadc5H2mW6Xs_29open_pipe_stress_frame_kernel10structural8retained6factor21reverse_cuthill_mckee0EBY_
00000001000876cc T __RINvNtCsgtPOCBgevO_4core3cmp6min_byTTjjEjEQINvNvNtNtNtNtB4_4iter6traits8iterator8Iterator10min_by_key7comparejBy_EECsadc5H2mW6Xs_29open_pipe_stress_frame_kernel
000000010008779c T __RINvNtCsgtPOCBgevO_4core3ptr9drop_glueINtNtB4_6option6OptionNtNtCslJsSqIQKwiA_5alloc6string6StringEECsadc5H2mW6Xs_29open_pipe_stress_frame_kernel
00000001000877e0 T __RINvNtCsgtPOCBgevO_4core3ptr9drop_glueINtNtCslJsSqIQKwiA_5alloc3vec3VecAdj3_EECsadc5H2mW6Xs_29open_pipe_stress_frame_kernel
000000010008783c T __RINvNtCsgtPOCBgevO_4core3ptr9drop_glueINtNtCslJsSqIQKwiA_5alloc3vec3VecIBB_jEEECsadc5H2mW6Xs_29open_pipe_stress_frame_kernel
0000000100087898 T __RINvNtCsgtPOCBgevO_4core3ptr9drop_glueINtNtCslJsSqIQKwiA_5alloc3vec3VecNtNtBF_6string6StringEECsadc5H2mW6Xs_29open_pipe_stress_frame_kernel
00000001000878f4 T __RINvNtCsgtPOCBgevO_4core3ptr9drop_glueINtNtCslJsSqIQKwiA_5alloc3vec3VecbEECsadc5H2mW6Xs_29open_pipe_stress_frame_kernel
0000000100087950 T __RINvNtCsgtPOCBgevO_4core3ptr9drop_glueINtNtCslJsSqIQKwiA_5alloc3vec3VechEECsadc5H2mW6Xs_29open_pipe_stress_frame_kernel
00000001000879ac T __RINvNtCsgtPOCBgevO_4core3ptr9drop_glueINtNtCslJsSqIQKwiA_5alloc3vec3VecjEECsadc5H2mW6Xs_29open_pipe_stress_frame_kernel
0000000100087a08 T __RINvNtCsgtPOCBgevO_4core3ptr9drop_glueINtNtCslJsSqIQKwiA_5alloc7raw_vec6RawVecAdj3_EECsadc5H2mW6Xs_29open_pipe_stress_frame_kernel
0000000100087a2c T __RINvNtCsgtPOCBgevO_4core3ptr9drop_glueINtNtCslJsSqIQKwiA_5alloc7raw_vec6RawVecINtNtBF_3vec3VecjEEECsadc5H2mW6Xs_29open_pipe_stress_frame_kernel
0000000100087a50 T __RINvNtCsgtPOCBgevO_4core3ptr9drop_glueINtNtCslJsSqIQKwiA_5alloc7raw_vec6RawVecNtNtBF_6string6StringEECsadc5H2mW6Xs_29open_pipe_stress_frame_kernel
0000000100087a74 T __RINvNtCsgtPOCBgevO_4core3ptr9drop_glueINtNtCslJsSqIQKwiA_5alloc7raw_vec6RawVecbEECsadc5H2mW6Xs_29open_pipe_stress_frame_kernel
0000000100087a98 T __RINvNtCsgtPOCBgevO_4core3ptr9drop_glueINtNtCslJsSqIQKwiA_5alloc7raw_vec6RawVechEECsadc5H2mW6Xs_29open_pipe_stress_frame_kernel
0000000100087abc T __RINvNtCsgtPOCBgevO_4core3ptr9drop_glueINtNtCslJsSqIQKwiA_5alloc7raw_vec6RawVecjEECsadc5H2mW6Xs_29open_pipe_stress_frame_kernel
0000000100087ae0 T __RINvNtCsgtPOCBgevO_4core3ptr9drop_glueINtNtNtB4_5array4iter8IntoIterjKj2_EECsadc5H2mW6Xs_29open_pipe_stress_frame_kernel
0000000100087b04 T __RINvNtCsgtPOCBgevO_4core3ptr9drop_glueINtNtNtCslJsSqIQKwiA_5alloc11collections9vec_deque8VecDequejEECsadc5H2mW6Xs_29open_pipe_stress_frame_kernel
0000000100087b60 T __RINvNtCsgtPOCBgevO_4core3ptr9drop_glueINtNtNtNtNtB4_5slice4sort6shared9smallsort10CopyOnDropjEECsadc5H2mW6Xs_29open_pipe_stress_frame_kernel
0000000100087b84 T __RINvNtCsgtPOCBgevO_4core3ptr9drop_glueINtNtNtNtNtB4_5slice4sort6stable5merge10MergeStatejEECsadc5H2mW6Xs_29open_pipe_stress_frame_kernel
0000000100087ba8 T __RINvNtCsgtPOCBgevO_4core3ptr9drop_glueINtNtNtNtNtB4_5slice4sort8unstable9quicksort11GapGuardRawjEECsadc5H2mW6Xs_29open_pipe_stress_frame_kernel
0000000100087bcc T __RINvNtCsgtPOCBgevO_4core3ptr9drop_glueINtNvMsT_NtNtNtCslJsSqIQKwiA_5alloc11collections5btree4nodeINtBJ_6HandleINtBJ_7NodeRefNtNtBJ_6marker5DyingpppENtB20_2KVE12drop_key_val7DropperNtNtBL_7set_val9SetValZSTEECsadc5H2mW6Xs_29open_pipe_stress_frame_kernel
0000000100087bf0 T __RINvNtCsgtPOCBgevO_4core3ptr9drop_glueINtNvMs_NtCslJsSqIQKwiA_5alloc3vecINtBI_3VecppE8dedup_by13FillGapOnDropjNtNtBK_5alloc6GlobalEECsadc5H2mW6Xs_29open_pipe_stress_frame_kernel
0000000100087c14 T __RINvNtCsgtPOCBgevO_4core3ptr9drop_glueINtNvXs_NtNtCslJsSqIQKwiA_5alloc11collections9vec_dequeINtBI_8VecDequeppENtNtNtB4_3ops4drop4Drop4drop7DropperjEECsadc5H2mW6Xs_29open_pipe_stress_frame_kernel
0000000100087c38 T __RINvNtCsgtPOCBgevO_4core3ptr9drop_glueNCINvMsj_NtCslJsSqIQKwiA_5alloc3vecINtBJ_3VecjE14extend_trustedINtNtNtB4_3ops5range5RangejEE0ECsadc5H2mW6Xs_29open_pipe_stress_frame_kernel
0000000100087c5c T __RINvNtCsgtPOCBgevO_4core3ptr9drop_glueNCINvMsj_NtCslJsSqIQKwiA_5alloc3vecINtBJ_3VecjE14extend_trustedINtNtNtNtB4_4iter8adapters3map3MapINtNtNtB4_5slice4iter4IterB19_ENvMs_BJ_B19_3lenEE0ECsadc5H2mW6Xs_29open_pipe_stress_frame_kernel
0000000100087c80 T __RINvNtCsgtPOCBgevO_4core3ptr9drop_glueNCINvNtNtNtB4_4iter8adapters3map8map_foldRINtNtCslJsSqIQKwiA_5alloc3vec3VecjEjuNvMs_B1j_B1g_3lenNCINvNvNtNtNtBJ_6traits8iterator8Iterator8for_each4calljNCINvMsj_B1j_B1g_14extend_trustedINtBF_3MapINtNtNtB4_5slice4iter4IterB1g_EB1R_EE0E0E0ECsadc5H2mW6Xs_29open_pipe_stress_frame_kernel
0000000100087ca4 T __RINvNtCsgtPOCBgevO_4core3ptr9drop_glueNCINvNvNtNtNtNtB4_4iter6traits8iterator8Iterator8for_each4calljNCINvMsj_NtCslJsSqIQKwiA_5alloc3vecINtB1K_3VecjE14extend_trustedINtNtNtB4_3ops5range5RangejEE0E0ECsadc5H2mW6Xs_29open_pipe_stress_frame_kernel
0000000100087cc8 T __RINvNtCsgtPOCBgevO_4core3ptr9drop_glueNCINvNvNtNtNtNtB4_4iter6traits8iterator8Iterator8for_each4calljNCINvMsj_NtCslJsSqIQKwiA_5alloc3vecINtB1K_3VecjE14extend_trustedINtNtNtBN_8adapters3map3MapINtNtNtB4_5slice4iter4IterB2a_ENvMs_B1K_B2a_3lenEE0E0ECsadc5H2mW6Xs_29open_pipe_stress_frame_kernel
0000000100087cec T __RINvNtCsgtPOCBgevO_4core3ptr9drop_glueNtNtCslJsSqIQKwiA_5alloc6string6StringECsadc5H2mW6Xs_29open_pipe_stress_frame_kernel
0000000100087d10 T __RINvNtCsgtPOCBgevO_4core3ptr9drop_glueNtNtNtCslJsSqIQKwiA_5alloc3vec15set_len_on_drop12SetLenOnDropECsadc5H2mW6Xs_29open_pipe_stress_frame_kernel
0000000100087d34 T __RINvNtCsgtPOCBgevO_4core3ptr9drop_glueNtNvNtNtNtCslJsSqIQKwiA_5alloc11collections5btree3mem7replace10PanicGuardECsadc5H2mW6Xs_29open_pipe_stress_frame_kernel
0000000100087d58 T __RINvNtCsgtPOCBgevO_4core3ptr9drop_glueSINtNtCslJsSqIQKwiA_5alloc3vec3VecjEECsadc5H2mW6Xs_29open_pipe_stress_frame_kernel
0000000100087e1c T __RINvNtCsgtPOCBgevO_4core3ptr9drop_glueSNtNtCslJsSqIQKwiA_5alloc6string6StringECsadc5H2mW6Xs_29open_pipe_stress_frame_kernel
0000000100087ee0 T __RINvNtCslJsSqIQKwiA_5alloc5slice11stable_sortjNCINvMB2_Sj11sort_by_keyTjjENCNvNtNtNtCsadc5H2mW6Xs_29open_pipe_stress_frame_kernel10structural8retained6factor21reverse_cuthill_mckee0E0EB1k_
0000000100087fac T __RINvNvMNtCsgtPOCBgevO_4core5sliceSp7reverse7revswapjECsadc5H2mW6Xs_29open_pipe_stress_frame_kernel
0000000100088120 T __RINvXs_NvMNtCslJsSqIQKwiA_5alloc5sliceSp9to_vec_inhNtB5_10ConvertVec6to_vecNtNtBa_5alloc6GlobalECsadc5H2mW6Xs_29open_pipe_stress_frame_kernel
000000010008822c T __RINvXs_NvMNtCslJsSqIQKwiA_5alloc5sliceSp9to_vec_injNtB5_10ConvertVec6to_vecNtNtBa_5alloc6GlobalECsadc5H2mW6Xs_29open_pipe_stress_frame_kernel
0000000100088338 T __RINvYINtNtNtCsgtPOCBgevO_4core3ops5range5RangejENtNtNtNtBa_4iter6traits8iterator8Iterator4folduNCINvNvBK_8for_each4calljNCINvMsj_NtCslJsSqIQKwiA_5alloc3vecINtB23_3VecjE14extend_trustedB3_E0E0ECsadc5H2mW6Xs_29open_pipe_stress_frame_kernel
0000000100088410 T __RINvYINtNtNtCsgtPOCBgevO_4core3ops5range5RangejENtNtNtNtBa_4iter6traits8iterator8Iterator7collectINtNtCslJsSqIQKwiA_5alloc3vec3VecjEECsadc5H2mW6Xs_29open_pipe_stress_frame_kernel
0000000100088434 T __RINvYINtNtNtCsgtPOCBgevO_4core3ops5range5RangejENtNtNtNtBa_4iter6traits8iterator8Iterator8for_eachNCINvMsj_NtCslJsSqIQKwiA_5alloc3vecINtB1H_3VecjE14extend_trustedB3_E0ECsadc5H2mW6Xs_29open_pipe_stress_frame_kernel
0000000100088470 T __RNCINvMNtCslJsSqIQKwiA_5alloc5sliceSj11sort_by_keyTjjENCNvNtNtNtCsadc5H2mW6Xs_29open_pipe_stress_frame_kernel10structural8retained6factor21reverse_cuthill_mckee0E0B10_
0000000100088530 T __RNvMNtCsgtPOCBgevO_4core5sliceSj12split_at_mutCsadc5H2mW6Xs_29open_pipe_stress_frame_kernel
00000001000885dc T __RNvMNtCsgtPOCBgevO_4core5sliceSj13sort_unstableCsadc5H2mW6Xs_29open_pipe_stress_frame_kernel
0000000100088688 T __RNvMNtCsgtPOCBgevO_4core5sliceSj14swap_uncheckedCsadc5H2mW6Xs_29open_pipe_stress_frame_kernel
00000001000886fc T __RNvMNtCsgtPOCBgevO_4core5sliceSj22split_at_mut_uncheckedCsadc5H2mW6Xs_29open_pipe_stress_frame_kernel
00000001000887e4 T __RNvMNtCsgtPOCBgevO_4core5sliceSj4iterCsadc5H2mW6Xs_29open_pipe_stress_frame_kernel
000000010008880c T __RNvMNtCsgtPOCBgevO_4core5sliceSj7reverseCsadc5H2mW6Xs_29open_pipe_stress_frame_kernel
00000001000888fc T __RNvMNtCsgtPOCBgevO_4core5sliceSm4iterCsadc5H2mW6Xs_29open_pipe_stress_frame_kernel
0000000100088924 T __RNvMNtNtCsgtPOCBgevO_4core3ptr9const_ptrPu13is_aligned_toCsadc5H2mW6Xs_29open_pipe_stress_frame_kernel
00000001000889ac t __RNvNvMNtCsgtPOCBgevO_4core5sliceSp14swap_unchecked18precondition_checkCsadc5H2mW6Xs_29open_pipe_stress_frame_kernel
0000000100088a2c t __RNvNvMNtCsgtPOCBgevO_4core5sliceSp22split_at_mut_unchecked18precondition_checkCsadc5H2mW6Xs_29open_pipe_stress_frame_kernel
0000000100088a8c t __RNvNvMNtNtCsgtPOCBgevO_4core3ptr9const_ptrPp20offset_from_unsigned18precondition_checkCsadc5H2mW6Xs_29open_pipe_stress_frame_kernel
0000000100088aec T __RNvXNtNtNtCsgtPOCBgevO_4core4iter6traits7collectINtNtNtB8_3ops5range5RangejENtB2_12IntoIterator9into_iterCsadc5H2mW6Xs_29open_pipe_stress_frame_kernel
0000000100088b00 T __RNvXNtNtNtCsgtPOCBgevO_4core4iter6traits7collectINtNtNtB8_3ops5range5RangelENtB2_12IntoIterator9into_iterCsadc5H2mW6Xs_29open_pipe_stress_frame_kernel
0000000100088b14 t __RNvXs26_NtCslJsSqIQKwiA_5alloc6stringeNtB6_12SpecToString14spec_to_stringCsadc5H2mW6Xs_29open_pipe_stress_frame_kernel
0000000100088b64 T __RNvXs3_NtNtCsgtPOCBgevO_4core4iter5rangeINtNtNtB9_3ops5range5RangejENtB5_17RangeIteratorImpl9spec_nextCsadc5H2mW6Xs_29open_pipe_stress_frame_kernel
0000000100088bf8 T __RNvXs3_NtNtCsgtPOCBgevO_4core4iter5rangeINtNtNtB9_3ops5range5RangelENtB5_17RangeIteratorImpl9spec_nextCsadc5H2mW6Xs_29open_pipe_stress_frame_kernel
0000000100088c88 T __RNvXs4_NtNtCsgtPOCBgevO_4core4iter5rangeINtNtNtB9_3ops5range5RangejENtNtNtB7_6traits8iterator8Iterator4nextCsadc5H2mW6Xs_29open_pipe_stress_frame_kernel
0000000100088cac T __RNvXs4_NtNtCsgtPOCBgevO_4core4iter5rangeINtNtNtB9_3ops5range5RangejENtNtNtB7_6traits8iterator8Iterator9size_hintCsadc5H2mW6Xs_29open_pipe_stress_frame_kernel
0000000100088d34 T __RNvXs4_NtNtCsgtPOCBgevO_4core4iter5rangeINtNtNtB9_3ops5range5RangelENtNtNtB7_6traits8iterator8Iterator4nextCsadc5H2mW6Xs_29open_pipe_stress_frame_kernel
0000000100088d58 T __RNvXs4_NtNtCsgtPOCBgevO_4core5array4iterINtB5_8IntoIterjKj2_ENtNtNtB9_3ops4drop4Drop4dropCsadc5H2mW6Xs_29open_pipe_stress_frame_kernel
0000000100088d6c T __RNvXsB_NtCslJsSqIQKwiA_5alloc6stringeNtB5_8ToString9to_stringCsadc5H2mW6Xs_29open_pipe_stress_frame_kernel
0000000100088d94 t __RNvXsU_NtNtCsgtPOCBgevO_4core3cmp5implsjNtB7_10PartialOrd13___chaining_ltCsadc5H2mW6Xs_29open_pipe_stress_frame_kernel
0000000100088dfc t __RNvXsV_NtNtCsgtPOCBgevO_4core3cmp5implsjNtB7_3Ord3cmpCsadc5H2mW6Xs_29open_pipe_stress_frame_kernel
0000000100088e34 T __RNvXsc_NtCsgtPOCBgevO_4core5tupleTjjENtNtB7_3cmp10PartialOrd2ltCsadc5H2mW6Xs_29open_pipe_stress_frame_kernel
0000000100088ec8 T __RNvXsc_NtNtCsgtPOCBgevO_4core4iter5rangeINtNtNtB9_3ops5range14RangeInclusivejENtB5_26RangeInclusiveIteratorImpl9spec_nextCsadc5H2mW6Xs_29open_pipe_stress_frame_kernel
0000000100088fc0 T __RNvXsd_NtCsgtPOCBgevO_4core5tupleTjjENtNtB7_3cmp3Ord3cmpCsadc5H2mW6Xs_29open_pipe_stress_frame_kernel
0000000100089020 T __RNvXsd_NtNtCsgtPOCBgevO_4core4iter5rangeINtNtNtB9_3ops5range14RangeInclusivejENtNtNtB7_6traits8iterator8Iterator4nextCsadc5H2mW6Xs_29open_pipe_stress_frame_kernel
0000000100089044 T __RNvXse_NtNtCsgtPOCBgevO_4core3ops5rangeNtB5_9RangeFullINtB5_11RangeBoundsjE11start_boundCsadc5H2mW6Xs_29open_pipe_stress_frame_kernel
000000010008905c T __RNvXse_NtNtCsgtPOCBgevO_4core3ops5rangeNtB5_9RangeFullINtB5_11RangeBoundsjE9end_boundCsadc5H2mW6Xs_29open_pipe_stress_frame_kernel
0000000100089074 t __RNvXsj_NtNtCsgtPOCBgevO_4core3cmp5implsjNtB7_9PartialEq2eqCsadc5H2mW6Xs_29open_pipe_stress_frame_kernel
00000001000890a0 t __RNvYINvNvNtNtNtNtCsgtPOCBgevO_4core4iter6traits8iterator8Iterator10min_by_key7comparejTjjEEINtNtNtBf_3ops8function5FnMutTRTB1m_jEB1V_EE8call_mutCsadc5H2mW6Xs_29open_pipe_stress_frame_kernel
00000001000890d0 t __RNvYNvMs_NtCslJsSqIQKwiA_5alloc3vecINtB7_3VecjE3lenINtNtNtCsgtPOCBgevO_4core3ops8function5FnMutTRBx_EE8call_mutCsadc5H2mW6Xs_29open_pipe_stress_frame_kernel
00000001000890f8 t __RNvYNvYeNtNtCslJsSqIQKwiA_5alloc6borrow7ToOwned8to_ownedINtNtNtCsgtPOCBgevO_4core3ops8function6FnOnceTReEE9call_onceCsadc5H2mW6Xs_29open_pipe_stress_frame_kernel
0000000100089124 t __RNvYNvYjNtNtCsgtPOCBgevO_4core3cmp10PartialOrd2ltINtNtNtBa_3ops8function5FnMutTRjB1f_EE8call_mutCsadc5H2mW6Xs_29open_pipe_stress_frame_kernel
0000000100089164 T __RNvYjNtNtCsgtPOCBgevO_4core3cmp3Ord3maxCsadc5H2mW6Xs_29open_pipe_stress_frame_kernel
00000001000891d8 T __RNvYjNtNtCsgtPOCBgevO_4core3cmp3Ord3minCsadc5H2mW6Xs_29open_pipe_stress_frame_kernel
000000010008924c T __RNvMs3_NtCslJsSqIQKwiA_5alloc7raw_vecINtB5_6RawVecAdj3_E8grow_oneCsadc5H2mW6Xs_29open_pipe_stress_frame_kernel
00000001000892d0 T __RNvMs3_NtCslJsSqIQKwiA_5alloc7raw_vecINtB5_6RawVecjE8grow_oneCsadc5H2mW6Xs_29open_pipe_stress_frame_kernel
0000000100089350 T __RNvMs4_NtCslJsSqIQKwiA_5alloc7raw_vecNtB5_11RawVecInner16with_capacity_inCsadc5H2mW6Xs_29open_pipe_stress_frame_kernel
0000000100089440 t __RNvNvMs1_NtNtCsgtPOCBgevO_4core3ptr8non_nullINtB7_7NonNullpE13new_unchecked18precondition_checkCsadc5H2mW6Xs_29open_pipe_stress_frame_kernel
0000000100089498 t __RNvXNvNtNtNtCslJsSqIQKwiA_5alloc11collections5btree3mem7replaceNtB2_10PanicGuardNtNtNtCsgtPOCBgevO_4core3ops4drop4Drop4dropCsadc5H2mW6Xs_29open_pipe_stress_frame_kernel
00000001000894a4 T __RNvXs1_NtCslJsSqIQKwiA_5alloc7raw_vecINtB5_6RawVecAdj3_ENtNtNtCsgtPOCBgevO_4core3ops4drop4Drop4dropCsadc5H2mW6Xs_29open_pipe_stress_frame_kernel
00000001000894d8 T __RNvXs1_NtCslJsSqIQKwiA_5alloc7raw_vecINtB5_6RawVecINtNtB7_3vec3VecjEENtNtNtCsgtPOCBgevO_4core3ops4drop4Drop4dropCsadc5H2mW6Xs_29open_pipe_stress_frame_kernel
000000010008950c T __RNvXs1_NtCslJsSqIQKwiA_5alloc7raw_vecINtB5_6RawVecNtNtB7_6string6StringENtNtNtCsgtPOCBgevO_4core3ops4drop4Drop4dropCsadc5H2mW6Xs_29open_pipe_stress_frame_kernel
0000000100089540 T __RNvXs1_NtCslJsSqIQKwiA_5alloc7raw_vecINtB5_6RawVecbENtNtNtCsgtPOCBgevO_4core3ops4drop4Drop4dropCsadc5H2mW6Xs_29open_pipe_stress_frame_kernel
0000000100089570 T __RNvXs1_NtCslJsSqIQKwiA_5alloc7raw_vecINtB5_6RawVecjENtNtNtCsgtPOCBgevO_4core3ops4drop4Drop4dropCsadc5H2mW6Xs_29open_pipe_stress_frame_kernel
00000001000895a0 T __RINvNtNtCsgtPOCBgevO_4core5slice5index5rangeNtNtNtB6_3ops5range9RangeFullECsadc5H2mW6Xs_29open_pipe_stress_frame_kernel
0000000100089784 T __RINvNtNtNtCsgtPOCBgevO_4core5slice4sort6stable14driftsort_mainjNCINvMNtCslJsSqIQKwiA_5alloc5sliceSj11sort_by_keyTjjENCNvNtNtNtCsadc5H2mW6Xs_29open_pipe_stress_frame_kernel10structural8retained6factor21reverse_cuthill_mckee0E0INtNtB17_3vec3VecjEEB20_
0000000100089970 T __RINvNtNtNtNtCsgtPOCBgevO_4core5slice4sort6stable9quicksort16stable_partitionjNCINvB2_9quicksortjNCINvMNtCslJsSqIQKwiA_5alloc5sliceSj11sort_by_keyTjjENCNvNtNtNtCsadc5H2mW6Xs_29open_pipe_stress_frame_kernel10structural8retained6factor21reverse_cuthill_mckee0E0E0EB2x_
0000000100089d90 T __RINvNtNtNtNtCsgtPOCBgevO_4core5slice4sort6stable9quicksort16stable_partitionjNCINvMNtCslJsSqIQKwiA_5alloc5sliceSj11sort_by_keyTjjENCNvNtNtNtCsadc5H2mW6Xs_29open_pipe_stress_frame_kernel10structural8retained6factor21reverse_cuthill_mckee0E0EB2e_
000000010008a1b0 T __RINvNtNtNtNtCsgtPOCBgevO_4core5slice4sort6stable9quicksort9quicksortjNCINvMNtCslJsSqIQKwiA_5alloc5sliceSj11sort_by_keyTjjENCNvNtNtNtCsadc5H2mW6Xs_29open_pipe_stress_frame_kernel10structural8retained6factor21reverse_cuthill_mckee0E0EB26_
000000010008a4dc T __RNCINvNtNtNtNtCsgtPOCBgevO_4core5slice4sort6stable9quicksort9quicksortjNCINvMNtCslJsSqIQKwiA_5alloc5sliceSj11sort_by_keyTjjENCNvNtNtNtCsadc5H2mW6Xs_29open_pipe_stress_frame_kernel10structural8retained6factor21reverse_cuthill_mckee0E0E0B28_
000000010008a524 T __RNvMNtNtNtCsgtPOCBgevO_4core5slice4sort6stableINtB2_14AlignedStoragejKj1000_E19as_uninit_slice_mutCsadc5H2mW6Xs_29open_pipe_stress_frame_kernel
000000010008a5a4 T __RNvMNtNtNtNtCsgtPOCBgevO_4core5slice4sort6stable9quicksortINtB2_14PartitionStatejE13partition_oneCsadc5H2mW6Xs_29open_pipe_stress_frame_kernel
000000010008a6dc t __RNvNtNtCsgtPOCBgevO_4core5slice5index16into_slice_rangeCsadc5H2mW6Xs_29open_pipe_stress_frame_kernel
000000010008a878 t __RNvNvXs0_NtNtCsgtPOCBgevO_4core5slice5indexjINtB7_10SliceIndexSpE13get_unchecked18precondition_checkCsadc5H2mW6Xs_29open_pipe_stress_frame_kernel
000000010008a8d8 t __RNvNvXs2_NtNtCsgtPOCBgevO_4core5slice5indexINtNtNtBb_3ops5range5RangejEINtB7_10SliceIndexSpE17get_unchecked_mut18precondition_checkCsadc5H2mW6Xs_29open_pipe_stress_frame_kernel
000000010008a958 T __RNvXs0_NtNtCsgtPOCBgevO_4core5slice5indexjINtB5_10SliceIndexSINtNtCslJsSqIQKwiA_5alloc3vec3VecjEE5indexCsadc5H2mW6Xs_29open_pipe_stress_frame_kernel
000000010008a9bc T __RNvXs0_NtNtCsgtPOCBgevO_4core5slice5indexjINtB5_10SliceIndexSINtNtCslJsSqIQKwiA_5alloc3vec3VecjEE9index_mutCsadc5H2mW6Xs_29open_pipe_stress_frame_kernel
000000010008aa20 T __RNvXs0_NtNtCsgtPOCBgevO_4core5slice5indexjINtB5_10SliceIndexSbE5indexCsadc5H2mW6Xs_29open_pipe_stress_frame_kernel
000000010008aa7c T __RNvXs0_NtNtCsgtPOCBgevO_4core5slice5indexjINtB5_10SliceIndexSbE9index_mutCsadc5H2mW6Xs_29open_pipe_stress_frame_kernel
000000010008aad8 T __RNvXs0_NtNtCsgtPOCBgevO_4core5slice5indexjINtB5_10SliceIndexSjE5indexCsadc5H2mW6Xs_29open_pipe_stress_frame_kernel
000000010008ab34 T __RNvXs0_NtNtCsgtPOCBgevO_4core5slice5indexjINtB5_10SliceIndexSjE9index_mutCsadc5H2mW6Xs_29open_pipe_stress_frame_kernel
000000010008ab90 T __RNvXs0_NtNtNtNtCsgtPOCBgevO_4core5slice4sort6stable9quicksortjNtB5_8IsFreeze9is_freezeCsadc5H2mW6Xs_29open_pipe_stress_frame_kernel
000000010008ab9c T __RNvMs6_NtNtNtCsgtPOCBgevO_4core5array4iter10iter_innerINtB5_15PolymorphicIterSINtNtNtBb_3mem12maybe_uninit11MaybeUninitjEE4nextCsadc5H2mW6Xs_29open_pipe_stress_frame_kernel
000000010008ad18 t __RNvNvMs9_NtCsgtPOCBgevO_4core3numj13unchecked_add18precondition_checkCsadc5H2mW6Xs_29open_pipe_stress_frame_kernel
000000010008ad7c t __RNvNvMs9_NtCsgtPOCBgevO_4core3numj13unchecked_sub18precondition_checkCsadc5H2mW6Xs_29open_pipe_stress_frame_kernel
000000010008addc T __RINvMNtCsgtPOCBgevO_4core6optionINtB3_6OptionReE11map_or_elseNtNtCslJsSqIQKwiA_5alloc6string6StringNCNvNtB11_3fmt6format0NvYeNtNtB11_6borrow7ToOwned8to_ownedECsadc5H2mW6Xs_29open_pipe_stress_frame_kernel
000000010008ae9c T __RINvNtNtNtNtCsgtPOCBgevO_4core5slice4sort6shared9smallsort11insert_tailjNCINvMNtCslJsSqIQKwiA_5alloc5sliceSj11sort_by_keyTjjENCNvNtNtNtCsadc5H2mW6Xs_29open_pipe_stress_frame_kernel10structural8retained6factor21reverse_cuthill_mckee0E0EB29_
000000010008b028 T __RINvNtNtNtNtCsgtPOCBgevO_4core5slice4sort6shared9smallsort11insert_tailjNvYjNtNtBa_3cmp10PartialOrd2ltECsadc5H2mW6Xs_29open_pipe_stress_frame_kernel
000000010008b1b4 T __RINvNtNtNtNtCsgtPOCBgevO_4core5slice4sort6shared9smallsort12sort4_stablejNCINvMNtCslJsSqIQKwiA_5alloc5sliceSj11sort_by_keyTjjENCNvNtNtNtCsadc5H2mW6Xs_29open_pipe_stress_frame_kernel10structural8retained6factor21reverse_cuthill_mckee0E0EB2a_
000000010008b8d4 T __RINvNtNtNtNtCsgtPOCBgevO_4core5slice4sort6shared9smallsort12sort8_stablejNCINvMNtCslJsSqIQKwiA_5alloc5sliceSj11sort_by_keyTjjENCNvNtNtNtCsadc5H2mW6Xs_29open_pipe_stress_frame_kernel10structural8retained6factor21reverse_cuthill_mckee0E0EB2a_
000000010008b998 T __RINvNtNtNtNtCsgtPOCBgevO_4core5slice4sort6shared9smallsort12swap_if_lessjNvYjNtNtBa_3cmp10PartialOrd2ltECsadc5H2mW6Xs_29open_pipe_stress_frame_kernel
000000010008bc14 T __RINvNtNtNtNtCsgtPOCBgevO_4core5slice4sort6shared9smallsort13sort9_optimaljNvYjNtNtBa_3cmp10PartialOrd2ltECsadc5H2mW6Xs_29open_pipe_stress_frame_kernel
000000010008be90 T __RINvNtNtNtNtCsgtPOCBgevO_4core5slice4sort6shared9smallsort14sort13_optimaljNvYjNtNtBa_3cmp10PartialOrd2ltECsadc5H2mW6Xs_29open_pipe_stress_frame_kernel
000000010008c2bc T __RINvNtNtNtNtCsgtPOCBgevO_4core5slice4sort6shared9smallsort18small_sort_networkjNvYjNtNtBa_3cmp10PartialOrd2ltECsadc5H2mW6Xs_29open_pipe_stress_frame_kernel
000000010008c54c T __RINvNtNtNtNtCsgtPOCBgevO_4core5slice4sort6shared9smallsort19bidirectional_mergejNCINvMNtCslJsSqIQKwiA_5alloc5sliceSj11sort_by_keyTjjENCNvNtNtNtCsadc5H2mW6Xs_29open_pipe_stress_frame_kernel10structural8retained6factor21reverse_cuthill_mckee0E0EB2h_
000000010008ca28 T __RINvNtNtNtNtCsgtPOCBgevO_4core5slice4sort6shared9smallsort19bidirectional_mergejNvYjNtNtBa_3cmp10PartialOrd2ltECsadc5H2mW6Xs_29open_pipe_stress_frame_kernel
000000010008cf04 T __RINvNtNtNtNtCsgtPOCBgevO_4core5slice4sort6shared9smallsort25insertion_sort_shift_leftjNCINvMNtCslJsSqIQKwiA_5alloc5sliceSj11sort_by_keyTjjENCNvNtNtNtCsadc5H2mW6Xs_29open_pipe_stress_frame_kernel10structural8retained6factor21reverse_cuthill_mckee0E0EB2n_
000000010008cfc4 T __RINvNtNtNtNtCsgtPOCBgevO_4core5slice4sort6shared9smallsort25insertion_sort_shift_leftjNvYjNtNtBa_3cmp10PartialOrd2ltECsadc5H2mW6Xs_29open_pipe_stress_frame_kernel
000000010008d084 T __RINvNtNtNtNtCsgtPOCBgevO_4core5slice4sort6shared9smallsort31small_sort_general_with_scratchjNCINvMNtCslJsSqIQKwiA_5alloc5sliceSj11sort_by_keyTjjENCNvNtNtNtCsadc5H2mW6Xs_29open_pipe_stress_frame_kernel10structural8retained6factor21reverse_cuthill_mckee0E0EB2t_
000000010008d578 T __RNCNvNtCslJsSqIQKwiA_5alloc3fmt6format0Csadc5H2mW6Xs_29open_pipe_stress_frame_kernel
000000010008d5a8 T __RNvMNtCsgtPOCBgevO_4core6optionINtB2_6OptionjE7is_noneCsadc5H2mW6Xs_29open_pipe_stress_frame_kernel
000000010008d5c8 T __RNvMNtCsgtPOCBgevO_4core6optionINtB2_6OptionjE9unwrap_orCsadc5H2mW6Xs_29open_pipe_stress_frame_kernel
000000010008d60c T __RNvXs5_NtNtNtNtCsgtPOCBgevO_4core5slice4sort6shared9smallsortINtB5_10CopyOnDropjENtNtNtBd_3ops4drop4Drop4dropCsadc5H2mW6Xs_29open_pipe_stress_frame_kernel
000000010008d690 T __RINvMs5_NtNtCsgtPOCBgevO_4core3fmt8buildersNtB6_9DebugList7entriesRINtNtCslJsSqIQKwiA_5alloc3vec3VecjEINtNtNtBa_5slice4iter4IterB13_EECsadc5H2mW6Xs_29open_pipe_stress_frame_kernel
000000010008d760 T __RINvMs5_NtNtCsgtPOCBgevO_4core3fmt8buildersNtB6_9DebugList7entriesRjINtNtNtBa_5slice4iter4IterjEECsadc5H2mW6Xs_29open_pipe_stress_frame_kernel
000000010008d830 T __RINvNtNtNtNtCsgtPOCBgevO_4core5slice4sort6stable5drift10create_runjNCINvMNtCslJsSqIQKwiA_5alloc5sliceSj11sort_by_keyTjjENCNvNtNtNtCsadc5H2mW6Xs_29open_pipe_stress_frame_kernel10structural8retained6factor21reverse_cuthill_mckee0E0EB24_
000000010008dc08 T __RINvNtNtNtNtCsgtPOCBgevO_4core5slice4sort6stable5drift16stable_quicksortjNCINvMNtCslJsSqIQKwiA_5alloc5sliceSj11sort_by_keyTjjENCNvNtNtNtCsadc5H2mW6Xs_29open_pipe_stress_frame_kernel10structural8retained6factor21reverse_cuthill_mckee0E0EB2a_
000000010008dcbc T __RINvNtNtNtNtCsgtPOCBgevO_4core5slice4sort6stable5drift4sortjNCINvMNtCslJsSqIQKwiA_5alloc5sliceSj11sort_by_keyTjjENCNvNtNtNtCsadc5H2mW6Xs_29open_pipe_stress_frame_kernel10structural8retained6factor21reverse_cuthill_mckee0E0EB1X_
000000010008e2c4 t __RNvXs2_NtCslJsSqIQKwiA_5alloc3streNtNtB7_6borrow7ToOwned8to_ownedCsadc5H2mW6Xs_29open_pipe_stress_frame_kernel
000000010008e314 T __RNvXs3_NtNtCsgtPOCBgevO_4core5slice3cmphINtB5_14SlicePartialEqhE17equal_same_lengthCsadc5H2mW6Xs_29open_pipe_stress_frame_kernel
000000010008e35c T __RNvXs3_NtNtCsgtPOCBgevO_4core5slice3cmpjINtB5_14SlicePartialEqjE17equal_same_lengthCsadc5H2mW6Xs_29open_pipe_stress_frame_kernel
000000010008e3a4 t __RNvXsZ_NtNtCsgtPOCBgevO_4core3fmt3numjNtB7_5Debug3fmtCsadc5H2mW6Xs_29open_pipe_stress_frame_kernel
000000010008e434 T __RNvXsd_NtNtCsgtPOCBgevO_4core5slice3cmphNtB5_8SliceOrd7compareCsadc5H2mW6Xs_29open_pipe_stress_frame_kernel
000000010008e518 T __RINvNtNtNtCsgtPOCBgevO_4core5slice4sort8unstable7ipnsortjNvYjNtNtB8_3cmp10PartialOrd2ltECsadc5H2mW6Xs_29open_pipe_stress_frame_kernel
000000010008e800 T __RINvNtNtNtNtCsgtPOCBgevO_4core5slice4sort8unstable9quicksort34partition_lomuto_branchless_cyclicjNCINvB2_9quicksortjNvYjNtNtBa_3cmp10PartialOrd2ltE0ECsadc5H2mW6Xs_29open_pipe_stress_frame_kernel
000000010008e9e8 T __RINvNtNtNtNtCsgtPOCBgevO_4core5slice4sort8unstable9quicksort34partition_lomuto_branchless_cyclicjNvYjNtNtBa_3cmp10PartialOrd2ltECsadc5H2mW6Xs_29open_pipe_stress_frame_kernel
000000010008ebd0 T __RINvNtNtNtNtCsgtPOCBgevO_4core5slice4sort8unstable9quicksort9partitionjNCINvB2_9quicksortjNvYjNtNtBa_3cmp10PartialOrd2ltE0ECsadc5H2mW6Xs_29open_pipe_stress_frame_kernel
000000010008ed20 T __RINvNtNtNtNtCsgtPOCBgevO_4core5slice4sort8unstable9quicksort9partitionjNvYjNtNtBa_3cmp10PartialOrd2ltECsadc5H2mW6Xs_29open_pipe_stress_frame_kernel
000000010008ee70 T __RINvNtNtNtNtCsgtPOCBgevO_4core5slice4sort8unstable9quicksort9quicksortjNvYjNtNtBa_3cmp10PartialOrd2ltECsadc5H2mW6Xs_29open_pipe_stress_frame_kernel
000000010008f128 T __RINvXs_NtNtCslJsSqIQKwiA_5alloc3vec14spec_from_elembNtB5_12SpecFromElem9from_elemNtNtB9_5alloc6GlobalECsadc5H2mW6Xs_29open_pipe_stress_frame_kernel
000000010008f2c4 T __RINvXs_NtNtCslJsSqIQKwiA_5alloc3vec14spec_from_elemjNtB5_12SpecFromElem9from_elemNtNtB9_5alloc6GlobalECsadc5H2mW6Xs_29open_pipe_stress_frame_kernel
000000010008f45c T __RNCINvNtNtNtNtCsgtPOCBgevO_4core5slice4sort8unstable9quicksort34partition_lomuto_branchless_cyclicjNCINvB4_9quicksortjNvYjNtNtBc_3cmp10PartialOrd2ltE0E0Csadc5H2mW6Xs_29open_pipe_stress_frame_kernel
000000010008f5e8 T __RNCINvNtNtNtNtCsgtPOCBgevO_4core5slice4sort8unstable9quicksort34partition_lomuto_branchless_cyclicjNvYjNtNtBc_3cmp10PartialOrd2ltE0Csadc5H2mW6Xs_29open_pipe_stress_frame_kernel
000000010008f774 T __RNCINvNtNtNtNtCsgtPOCBgevO_4core5slice4sort8unstable9quicksort9quicksortjNvYjNtNtBc_3cmp10PartialOrd2ltE0Csadc5H2mW6Xs_29open_pipe_stress_frame_kernel
000000010008f7bc T __RNvXs_NtNtNtNtCsgtPOCBgevO_4core5slice4sort8unstable9quicksortINtB4_11GapGuardRawjENtNtNtBc_3ops4drop4Drop4dropCsadc5H2mW6Xs_29open_pipe_stress_frame_kernel
000000010008f83c T __RINvNtCsgtPOCBgevO_4core3ptr10swap_chunkKj1_ECsadc5H2mW6Xs_29open_pipe_stress_frame_kernel
000000010008f878 T __RINvNtCsgtPOCBgevO_4core3ptr10swap_chunkKj2_ECsadc5H2mW6Xs_29open_pipe_stress_frame_kernel
000000010008f8b4 T __RINvNtCsgtPOCBgevO_4core3ptr10swap_chunkKj4_ECsadc5H2mW6Xs_29open_pipe_stress_frame_kernel
000000010008f8f0 T __RINvNtCsgtPOCBgevO_4core3ptr10swap_chunkKj8_ECsadc5H2mW6Xs_29open_pipe_stress_frame_kernel
000000010008f92c T __RINvNtCsgtPOCBgevO_4core3ptr4swapjECsadc5H2mW6Xs_29open_pipe_stress_frame_kernel
000000010008fa44 T __RINvNvNtCsgtPOCBgevO_4core3ptr25swap_nonoverlapping_bytes26swap_nonoverlapping_chunksKj8_ECsadc5H2mW6Xs_29open_pipe_stress_frame_kernel
000000010008fb04 T __RINvXs_NtNtNtCsgtPOCBgevO_4core4iter8adapters6copiedINtB5_6CopiedINtNtNtBb_5slice4iter4IterjEENtNtNtB9_6traits8iterator8Iterator4foldTTjjEjENCINvNtB7_3map8map_foldjB27_B27_NCINvNvB1u_10min_by_key3keyjB28_NCNvNtNtNtCsadc5H2mW6Xs_29open_pipe_stress_frame_kernel10structural8retained6factor24min_by_degree_then_index0E0NCINvNvB1u_6min_by4foldB27_INvB2P_7comparejB28_EE0E0EB3q_
000000010008fb3c T __RINvYINtNtNtNtCsgtPOCBgevO_4core4iter8adapters6copied6CopiedINtNtNtBc_5slice4iter4IterjEENtNtNtBa_6traits8iterator8Iterator10min_by_keyTjjENCNvNtNtNtCsadc5H2mW6Xs_29open_pipe_stress_frame_kernel10structural8retained6factor24min_by_degree_then_index0EB2n_
000000010008fc1c T __RINvYINtNtNtNtCsgtPOCBgevO_4core4iter8adapters6copied6CopiedINtNtNtBc_5slice4iter4IterjEENtNtNtBa_6traits8iterator8Iterator3mapTTjjEjENCINvNvB1p_10min_by_key3keyjB22_NCNvNtNtNtCsadc5H2mW6Xs_29open_pipe_stress_frame_kernel10structural8retained6factor24min_by_degree_then_index0E0EB2O_
000000010008fc54 T __RNCINvNtNtNtCsgtPOCBgevO_4core4iter8adapters6copied9copy_foldjTTjjEjENCINvNtB6_3map8map_foldjBY_BY_NCINvNvNtNtNtB8_6traits8iterator8Iterator10min_by_key3keyjBZ_NCNvNtNtNtCsadc5H2mW6Xs_29open_pipe_stress_frame_kernel10structural8retained6factor24min_by_degree_then_index0E0NCINvNvB1G_6min_by4foldBY_INvB1E_7comparejBZ_EE0E0E0B2I_
000000010008fca8 t __RNCNvNtNtNtCsadc5H2mW6Xs_29open_pipe_stress_frame_kernel10structural8retained6factor21reverse_cuthill_mckee0B9_
000000010008fcf4 t __RNCNvNtNtNtCsadc5H2mW6Xs_29open_pipe_stress_frame_kernel10structural8retained6factor24min_by_degree_then_index0B9_
000000010008fd64 t __RNvNtCsgtPOCBgevO_4core3ptr25swap_nonoverlapping_bytesCsadc5H2mW6Xs_29open_pipe_stress_frame_kernel
000000010008fe3c t __RNvNtNtNtCsadc5H2mW6Xs_29open_pipe_stress_frame_kernel10structural8retained6factor13bfs_reachable
00000001000901d4 t __RNvNtNtNtCsadc5H2mW6Xs_29open_pipe_stress_frame_kernel10structural8retained6factor16bfs_eccentricity
000000010009067c T __RNvNtNtNtCsadc5H2mW6Xs_29open_pipe_stress_frame_kernel10structural8retained6factor21reverse_cuthill_mckee
0000000100090d50 t __RNvNtNtNtCsadc5H2mW6Xs_29open_pipe_stress_frame_kernel10structural8retained6factor23pseudo_peripheral_start
0000000100090fec t __RNvNtNtNtCsadc5H2mW6Xs_29open_pipe_stress_frame_kernel10structural8retained6factor24min_by_degree_then_index
0000000100091034 t __RNvNvNtCsgtPOCBgevO_4core3ptr19copy_nonoverlapping18precondition_checkCsadc5H2mW6Xs_29open_pipe_stress_frame_kernel
000000010009119c t __RNvNvNtCsgtPOCBgevO_4core3ptr19swap_nonoverlapping18precondition_checkCsadc5H2mW6Xs_29open_pipe_stress_frame_kernel
0000000100091308 t __RNvNvNtCsgtPOCBgevO_4core3ptr25swap_nonoverlapping_bytes25swap_nonoverlapping_shortCsadc5H2mW6Xs_29open_pipe_stress_frame_kernel
0000000100091424 t __RNvNvNtCsgtPOCBgevO_4core3ptr4copy18precondition_checkCsadc5H2mW6Xs_29open_pipe_stress_frame_kernel
0000000100091554 T __RNvXNtNtNtCsgtPOCBgevO_4core4iter6traits7collectINtNtNtB6_8adapters9enumerate9EnumerateINtNtNtB8_5slice4iter4IterINtNtCslJsSqIQKwiA_5alloc3vec3VecjEEENtB2_12IntoIterator9into_iterCsadc5H2mW6Xs_29open_pipe_stress_frame_kernel
000000010009156c T __RNvXs_NtNtNtCsgtPOCBgevO_4core4iter8adapters6copiedINtB4_6CopiedINtNtNtBa_5slice4iter4IterjEENtNtNtB8_6traits8iterator8Iterator4nextCsadc5H2mW6Xs_29open_pipe_stress_frame_kernel
00000001000915d4 T __RNvXs_NtNtNtCsgtPOCBgevO_4core4iter8adapters9enumerateINtB4_9EnumerateINtNtNtBa_5slice4iter4IterINtNtCslJsSqIQKwiA_5alloc3vec3VecjEEENtNtNtB8_6traits8iterator8Iterator4nextCsadc5H2mW6Xs_29open_pipe_stress_frame_kernel
00000001000916b4 T __RNvXs_NtNtNtCsgtPOCBgevO_4core4iter8adapters9enumerateINtB4_9EnumerateINtNtNtBa_5slice4iter4IterjEENtNtNtB8_6traits8iterator8Iterator4nextCsadc5H2mW6Xs_29open_pipe_stress_frame_kernel
0000000100091794 T __RINvNvNtNtNtNtCsgtPOCBgevO_4core4iter6traits8iterator8Iterator10min_by_key7comparejTjjEECsadc5H2mW6Xs_29open_pipe_stress_frame_kernel
00000001000917d0 T __RNCINvNvNtNtNtNtCsgtPOCBgevO_4core4iter6traits8iterator8Iterator10min_by_key3keyjTjjENCNvNtNtNtCsadc5H2mW6Xs_29open_pipe_stress_frame_kernel10structural8retained6factor24min_by_degree_then_index0E0B1v_
0000000100091844 T __RNCINvNvNtNtNtNtCsgtPOCBgevO_4core4iter6traits8iterator8Iterator6min_by4foldTTjjEjEINvNvB6_10min_by_key7comparejB1d_EE0Csadc5H2mW6Xs_29open_pipe_stress_frame_kernel
0000000100091878 T __RNCINvNvNtNtNtNtCsgtPOCBgevO_4core4iter6traits8iterator8Iterator8for_each4calljNCINvMsj_NtCslJsSqIQKwiA_5alloc3vecINtB1o_3VecjE14extend_trustedINtNtNtBc_8adapters3map3MapINtNtNtBe_5slice4iter4IterB1O_ENvMs_B1o_B1O_3lenEE0E0Csadc5H2mW6Xs_29open_pipe_stress_frame_kernel
00000001000918a0 T __RNCINvNvNtNtNtNtCsgtPOCBgevO_4core4iter6traits8iterator8Iterator8for_each4calljNCINvMsj_NtCslJsSqIQKwiA_5alloc3vecINtB1o_3VecjE14extend_trustedINtNtNtBe_3ops5range5RangejEE0E0Csadc5H2mW6Xs_29open_pipe_stress_frame_kernel
00000001000918c8 T __RNvXs2_NtNtNtCsgtPOCBgevO_4core3ops8function5implsQINvNvNtNtNtNtBb_4iter6traits8iterator8Iterator10min_by_key7comparejTjjEEINtB7_6FnOnceTRTB1S_jEB2b_EE9call_onceCsadc5H2mW6Xs_29open_pipe_stress_frame_kernel
00000001000918fc T __RINvNtNtNtCslJsSqIQKwiA_5alloc11collections5btree4node12slice_insertNtNtB4_7set_val9SetValZSTECsadc5H2mW6Xs_29open_pipe_stress_frame_kernel
00000001000919d4 T __RINvNtNtNtCslJsSqIQKwiA_5alloc11collections5btree4node12slice_insertjECsadc5H2mW6Xs_29open_pipe_stress_frame_kernel
0000000100091ae8 T __RINvNtNtNtCslJsSqIQKwiA_5alloc11collections5btree4node13move_to_sliceNtNtB4_7set_val9SetValZSTECsadc5H2mW6Xs_29open_pipe_stress_frame_kernel
0000000100091b9c T __RINvNtNtNtCslJsSqIQKwiA_5alloc11collections5btree4node13move_to_slicejECsadc5H2mW6Xs_29open_pipe_stress_frame_kernel
0000000100091c4c T __RINvNtNtNtNtCsgtPOCBgevO_4core5slice4sort8unstable8heapsort8heapsortjNvYjNtNtBa_3cmp10PartialOrd2ltECsadc5H2mW6Xs_29open_pipe_stress_frame_kernel
0000000100091fd4 t __RNvNtCslJsSqIQKwiA_5alloc5boxed14box_new_uninitCsadc5H2mW6Xs_29open_pipe_stress_frame_kernel
0000000100092058 t __RNvNvNtNtCsgtPOCBgevO_4core5slice3raw14from_raw_parts18precondition_checkCsadc5H2mW6Xs_29open_pipe_stress_frame_kernel
0000000100092144 t __RNvNvNtNtCsgtPOCBgevO_4core5slice3raw18from_raw_parts_mut18precondition_checkCsadc5H2mW6Xs_29open_pipe_stress_frame_kernel
0000000100092230 T __RNvXNvMsT_NtNtNtCslJsSqIQKwiA_5alloc11collections5btree4nodeINtB8_6HandleINtB8_7NodeRefNtNtB8_6marker5DyingpppENtB1p_2KVE12drop_key_valINtB2_7DropperNtNtBa_7set_val9SetValZSTENtNtNtCsgtPOCBgevO_4core3ops4drop4Drop4dropCsadc5H2mW6Xs_29open_pipe_stress_frame_kernel
0000000100092250 t __RNvXs_NtNtCslJsSqIQKwiA_5alloc3vec15set_len_on_dropNtB4_12SetLenOnDropNtNtNtCsgtPOCBgevO_4core3ops4drop4Drop4dropCsadc5H2mW6Xs_29open_pipe_stress_frame_kernel
0000000100092270 T __RINvMNtNtNtNtCsgtPOCBgevO_4core5slice4sort6stable5mergeINtB3_10MergeStatejE10merge_downNCINvMNtCslJsSqIQKwiA_5alloc5sliceSj11sort_by_keyTjjENCNvNtNtNtCsadc5H2mW6Xs_29open_pipe_stress_frame_kernel10structural8retained6factor21reverse_cuthill_mckee0E0EB2o_
000000010009242c T __RINvMNtNtNtNtCsgtPOCBgevO_4core5slice4sort6stable5mergeINtB3_10MergeStatejE8merge_upNCINvMNtCslJsSqIQKwiA_5alloc5sliceSj11sort_by_keyTjjENCNvNtNtNtCsadc5H2mW6Xs_29open_pipe_stress_frame_kernel10structural8retained6factor21reverse_cuthill_mckee0E0EB2l_
0000000100092594 T __RINvMs3_NtNtCslJsSqIQKwiA_5alloc11collections9vec_dequeINtB6_8VecDequejE12slice_rangesNtNtNtCsgtPOCBgevO_4core3ops5range9RangeFullECsadc5H2mW6Xs_29open_pipe_stress_frame_kernel
0000000100092754 T __RINvNtNtNtNtCsgtPOCBgevO_4core5slice4sort6stable5merge5mergejNCINvMNtCslJsSqIQKwiA_5alloc5sliceSj11sort_by_keyTjjENCNvNtNtNtCsadc5H2mW6Xs_29open_pipe_stress_frame_kernel10structural8retained6factor21reverse_cuthill_mckee0E0EB1Y_
0000000100092984 T __RNvMs1_NtNtCslJsSqIQKwiA_5alloc11collections9vec_dequeINtB5_8VecDequejE24handle_capacity_increaseCsadc5H2mW6Xs_29open_pipe_stress_frame_kernel
0000000100092bd4 T __RNvMs2_NtNtCslJsSqIQKwiA_5alloc11collections9vec_dequeINtB5_8VecDequejE3newCsadc5H2mW6Xs_29open_pipe_stress_frame_kernel
0000000100092bf0 T __RNvMs3_NtNtCslJsSqIQKwiA_5alloc11collections9vec_dequeINtB5_8VecDequejE13push_back_mutCsadc5H2mW6Xs_29open_pipe_stress_frame_kernel
0000000100092d24 T __RNvMs3_NtNtCslJsSqIQKwiA_5alloc11collections9vec_dequeINtB5_8VecDequejE4growCsadc5H2mW6Xs_29open_pipe_stress_frame_kernel
0000000100092d84 T __RNvMs3_NtNtCslJsSqIQKwiA_5alloc11collections9vec_dequeINtB5_8VecDequejE9pop_frontCsadc5H2mW6Xs_29open_pipe_stress_frame_kernel
0000000100092ee0 T __RNvMs3_NtNtCslJsSqIQKwiA_5alloc11collections9vec_dequeINtB5_8VecDequejE9push_backCsadc5H2mW6Xs_29open_pipe_stress_frame_kernel
0000000100092f08 t __RNvNvNtCsgtPOCBgevO_4core4hint16assert_unchecked18precondition_checkCsadc5H2mW6Xs_29open_pipe_stress_frame_kernel
0000000100092f60 t __RNvNvNtCsgtPOCBgevO_4core4hint21unreachable_unchecked18precondition_checkCsadc5H2mW6Xs_29open_pipe_stress_frame_kernel
0000000100092f9c T __RNvXNvXs_NtNtCslJsSqIQKwiA_5alloc11collections9vec_dequeINtB7_8VecDequeppENtNtNtCsgtPOCBgevO_4core3ops4drop4Drop4dropINtB2_7DropperjEB1a_4dropCsadc5H2mW6Xs_29open_pipe_stress_frame_kernel
0000000100092fc0 t __RNvXsI_NtNtCsgtPOCBgevO_4core4iter5rangelNtB5_4Step17forward_uncheckedCsadc5H2mW6Xs_29open_pipe_stress_frame_kernel
000000010009305c t __RNvXsL_NtNtCsgtPOCBgevO_4core4iter5rangejNtB5_4Step13steps_betweenCsadc5H2mW6Xs_29open_pipe_stress_frame_kernel
00000001000930e8 t __RNvXsL_NtNtCsgtPOCBgevO_4core4iter5rangejNtB5_4Step17forward_uncheckedCsadc5H2mW6Xs_29open_pipe_stress_frame_kernel
0000000100093138 T __RNvXs_NtNtCslJsSqIQKwiA_5alloc11collections9vec_dequeINtB4_8VecDequejENtNtNtCsgtPOCBgevO_4core3ops4drop4Drop4dropCsadc5H2mW6Xs_29open_pipe_stress_frame_kernel
00000001000931c8 T __RNvXs_NtNtNtNtCsgtPOCBgevO_4core5slice4sort6stable5mergeINtB4_10MergeStatejENtNtNtBc_3ops4drop4Drop4dropCsadc5H2mW6Xs_29open_pipe_stress_frame_kernel
00000001000932b4 t __RINvMs0_NtNtCs3HloHcPU0cS_6object4read7archiveNtB6_13ArchiveMember5parseRShECsa9BKTri5B3M_3std
0000000100093860 t __RINvMs10_NtNtNtCslJsSqIQKwiA_5alloc11collections5btree4nodeINtB7_16BalancingContextNtNtNtCsa9BKTri5B3M_3std3ffi6os_str8OsStringB1j_E25merge_tracking_child_edgeNtNtBd_5alloc6GlobalEB1p_
0000000100093b10 t __RINvMs10_NtNtNtCslJsSqIQKwiA_5alloc11collections5btree4nodeINtB7_16BalancingContextjNtNtNtNtNtNtCsa9BKTri5B3M_3std3sys3pal4unix14stack_overflow11thread_info10ThreadInfoE25merge_tracking_child_edgeNtNtBd_5alloc6GlobalEB1w_
0000000100093d74 T __RINvMs3_NtNtCsa9BKTri5B3M_3std2io5errorNtB6_5Error3newReEBa_
0000000100093e94 t __RINvMs_NtNtNtCslJsSqIQKwiA_5alloc11collections5btree6removeINtNtB7_4node6HandleINtBY_7NodeRefNtNtBY_6marker3MutNtNtNtCsa9BKTri5B3M_3std3ffi6os_str8OsStringB1L_NtB1v_4LeafENtB1v_2KVE14remove_leaf_kvNCNvMs5_NtNtB7_3map5entryINtB3h_13OccupiedEntryB1L_B1L_E9remove_kv0NtNtBb_5alloc6GlobalEB1R_
00000001000943b0 t __RINvMs_NtNtNtCslJsSqIQKwiA_5alloc11collections5btree6removeINtNtB7_4node6HandleINtBY_7NodeRefNtNtBY_6marker3MutjNtNtNtNtNtNtCsa9BKTri5B3M_3std3sys3pal4unix14stack_overflow11thread_info10ThreadInfoNtB1v_4LeafENtB1v_2KVE14remove_leaf_kvNCNvMs5_NtNtB7_3map5entryINtB3S_13OccupiedEntryjB1M_E9remove_kv0NtNtBb_5alloc6GlobalEB1Y_
000000010009485c t __RINvMse_NtNtCsjevKHkJAzVy_5gimli4read4lineNtB6_15FileEntryFormat5parseINtNtB8_12endian_slice11EndianSliceNtNtBa_9endianity12LittleEndianEECsa9BKTri5B3M_3std
0000000100094bc4 t __RINvNtCs8Eu24pkHj9m_9addr2line4line11render_fileINtNtNtCsjevKHkJAzVy_5gimli4read12endian_slice11EndianSliceNtNtBR_9endianity12LittleEndianEECsa9BKTri5B3M_3std
000000010009503c t __RINvNtCs8Eu24pkHj9m_9addr2line8function10name_entryINtNtNtCsjevKHkJAzVy_5gimli4read12endian_slice11EndianSliceNtNtBU_9endianity12LittleEndianEECsa9BKTri5B3M_3std
00000001000953a0 t __RINvNtCs8Eu24pkHj9m_9addr2line8function9name_attrINtNtNtCsjevKHkJAzVy_5gimli4read12endian_slice11EndianSliceNtNtBS_9endianity12LittleEndianEECsa9BKTri5B3M_3std
0000000100095560 t __RINvNtCsa9BKTri5B3M_3std2io19default_read_to_endNtNtB4_2fs4FileEB4_
0000000100095784 t __RINvNtCsa9BKTri5B3M_3std2io19default_read_to_endRNtNtB4_2fs4FileEB4_
00000001000959b0 t __RINvNtCsgtPOCBgevO_4core3ptr9drop_glueINtCs8Eu24pkHj9m_9addr2line7ContextINtNtNtCsjevKHkJAzVy_5gimli4read12endian_slice11EndianSliceNtNtB1g_9endianity12LittleEndianEEECsa9BKTri5B3M_3std
0000000100095a20 t __RINvNtCsgtPOCBgevO_4core3ptr9drop_glueINtNtB4_3pin3PinINtNtCslJsSqIQKwiA_5alloc5boxed3BoxNtNtNtNtNtNtCsa9BKTri5B3M_3std3sys3pal4unix4sync5mutex5MutexEEEB1B_
0000000100095a4c t __RINvNtCsgtPOCBgevO_4core3ptr9drop_glueINtNtB4_6option6OptionINtNtNtCsjevKHkJAzVy_5gimli4read4line21IncompleteLineProgramINtNtB11_12endian_slice11EndianSliceNtNtB13_9endianity12LittleEndianEjEEECsa9BKTri5B3M_3std
0000000100095ae4 t __RINvNtCsgtPOCBgevO_4core3ptr9drop_glueINtNtB4_6option6OptionNtNtCs3HloHcPU0cS_6object4read9ObjectMapEECsa9BKTri5B3M_3std
0000000100095b44 t __RINvNtCsgtPOCBgevO_4core3ptr9drop_glueINtNtB4_6option6OptionNtNtNtNtCsa9BKTri5B3M_3std12backtrace_rs9symbolize5gimli7MappingEEB14_
0000000100095bac t __RINvNtCsgtPOCBgevO_4core3ptr9drop_glueINtNtB4_6result6ResultINtNtB4_6option6OptionINtNtCslJsSqIQKwiA_5alloc5boxed3BoxINtNtCs8Eu24pkHj9m_9addr2line4unit7DwoUnitINtNtNtCsjevKHkJAzVy_5gimli4read12endian_slice11EndianSliceNtNtB2E_9endianity12LittleEndianEEEENtB2C_5ErrorEECsa9BKTri5B3M_3std
0000000100095c84 t __RINvNtCsgtPOCBgevO_4core3ptr9drop_glueINtNtB4_6result6ResultINtNtCs8Eu24pkHj9m_9addr2line5frame9FrameIterINtNtNtCsjevKHkJAzVy_5gimli4read12endian_slice11EndianSliceNtNtB1M_9endianity12LittleEndianEENtB1K_5ErrorEECsa9BKTri5B3M_3std
0000000100095cb0 t __RINvNtCsgtPOCBgevO_4core3ptr9drop_glueINtNtB4_6result6ResultINtNtCs8Eu24pkHj9m_9addr2line8function9FunctionsINtNtNtCsjevKHkJAzVy_5gimli4read12endian_slice11EndianSliceNtNtB1P_9endianity12LittleEndianEENtB1N_5ErrorEECsa9BKTri5B3M_3std
0000000100095d88 t __RINvNtCsgtPOCBgevO_4core3ptr9drop_glueINtNtB4_6result6ResultINtNtNtNtCsa9BKTri5B3M_3std4sync6poison5mutex10MutexGuarduEINtB11_11PoisonErrorBW_EEEB15_
0000000100095dd4 t __RINvNtCsgtPOCBgevO_4core3ptr9drop_glueINtNtB4_6result6ResultNtNtCs8Eu24pkHj9m_9addr2line4line5LinesNtNtCsjevKHkJAzVy_5gimli4read5ErrorEECsa9BKTri5B3M_3std
0000000100095eb8 t __RINvNtCsgtPOCBgevO_4core3ptr9drop_glueINtNtB4_6result6ResultRIBB_INtNtB4_6option6OptionINtNtCslJsSqIQKwiA_5alloc5boxed3BoxINtNtCs8Eu24pkHj9m_9addr2line4unit7DwoUnitINtNtNtCsjevKHkJAzVy_5gimli4read12endian_slice11EndianSliceNtNtB2J_9endianity12LittleEndianEEEENtB2H_5ErrorETBW_BX_EEECsa9BKTri5B3M_3std
0000000100095ecc t __RINvNtCsgtPOCBgevO_4core3ptr9drop_glueINtNtB4_6result6ResultRIBB_INtNtCs8Eu24pkHj9m_9addr2line8function8FunctionINtNtNtCsjevKHkJAzVy_5gimli4read12endian_slice11EndianSliceNtNtB1T_9endianity12LittleEndianEENtB1R_5ErrorETBW_BX_EEECsa9BKTri5B3M_3std
0000000100095f30 t __RINvNtCsgtPOCBgevO_4core3ptr9drop_glueINtNtB4_6result6ResultRIBB_INtNtCs8Eu24pkHj9m_9addr2line8function9FunctionsINtNtNtCsjevKHkJAzVy_5gimli4read12endian_slice11EndianSliceNtNtB1U_9endianity12LittleEndianEENtB1S_5ErrorETBW_BX_EEECsa9BKTri5B3M_3std
0000000100095f40 t __RINvNtCsgtPOCBgevO_4core3ptr9drop_glueINtNtB4_6result6ResultRIBB_NtNtCs8Eu24pkHj9m_9addr2line4line5LinesNtNtCsjevKHkJAzVy_5gimli4read5ErrorETBW_BX_EEECsa9BKTri5B3M_3std
0000000100095f50 t __RINvNtCsgtPOCBgevO_4core3ptr9drop_glueINtNtB4_6result6ResultRNtNtNtCsa9BKTri5B3M_3std6thread6thread6ThreadTBW_BX_EEEB13_
0000000100095f78 t __RINvNtCsgtPOCBgevO_4core3ptr9drop_glueINtNtB4_6result6ResultjNtNtNtCsa9BKTri5B3M_3std2io5error5ErrorEEB13_
0000000100095f88 t __RINvNtCsgtPOCBgevO_4core3ptr9drop_glueINtNtB4_6result6ResultuNtNtNtCsa9BKTri5B3M_3std2io5error5ErrorEEB13_
0000000100095f98 t __RINvNtCsgtPOCBgevO_4core3ptr9drop_glueINtNtCs8Eu24pkHj9m_9addr2line4unit7ResUnitINtNtNtCsjevKHkJAzVy_5gimli4read12endian_slice11EndianSliceNtNtB1n_9endianity12LittleEndianEEECsa9BKTri5B3M_3std
000000010009607c t __RINvNtCsgtPOCBgevO_4core3ptr9drop_glueINtNtCs8Eu24pkHj9m_9addr2line4unit7SupUnitINtNtNtCsjevKHkJAzVy_5gimli4read12endian_slice11EndianSliceNtNtB1n_9endianity12LittleEndianEEECsa9BKTri5B3M_3std
00000001000960d0 t __RINvNtCsgtPOCBgevO_4core3ptr9drop_glueINtNtCs8Eu24pkHj9m_9addr2line4unit8ResUnitsINtNtNtCsjevKHkJAzVy_5gimli4read12endian_slice11EndianSliceNtNtB1o_9endianity12LittleEndianEEECsa9BKTri5B3M_3std
00000001000961a0 t __RINvNtCsgtPOCBgevO_4core3ptr9drop_glueINtNtCs8Eu24pkHj9m_9addr2line4unit8SupUnitsINtNtNtCsjevKHkJAzVy_5gimli4read12endian_slice11EndianSliceNtNtB1o_9endianity12LittleEndianEEECsa9BKTri5B3M_3std
0000000100096284 t __RINvNtCsgtPOCBgevO_4core3ptr9drop_glueINtNtCs8Eu24pkHj9m_9addr2line8function12LazyFunctionINtNtNtCsjevKHkJAzVy_5gimli4read12endian_slice11EndianSliceNtNtB1x_9endianity12LittleEndianEEECsa9BKTri5B3M_3std
00000001000962e8 t __RINvNtCsgtPOCBgevO_4core3ptr9drop_glueINtNtCslJsSqIQKwiA_5alloc3vec3VecINtNtB4_6option6OptionIB18_NtNtNtNtCsa9BKTri5B3M_3std12backtrace_rs9symbolize5gimli7MappingEEEEB1G_
0000000100096360 t __RINvNtCsgtPOCBgevO_4core3ptr9drop_glueINtNtCslJsSqIQKwiA_5alloc3vec3VecINtNtBF_5boxed3BoxDINtNtNtB4_3ops8function6FnOnceuEp6OutputuNtNtB4_6marker4SendEL_EEECsa9BKTri5B3M_3std
00000001000963d0 t __RINvNtCsgtPOCBgevO_4core3ptr9drop_glueINtNtCslJsSqIQKwiA_5alloc3vec3VecINtNtCs8Eu24pkHj9m_9addr2line4unit7ResUnitINtNtNtCsjevKHkJAzVy_5gimli4read12endian_slice11EndianSliceNtNtB1U_9endianity12LittleEndianEEEECsa9BKTri5B3M_3std
0000000100096494 t __RINvNtCsgtPOCBgevO_4core3ptr9drop_glueINtNtCslJsSqIQKwiA_5alloc3vec3VecINtNtCs8Eu24pkHj9m_9addr2line4unit7SupUnitINtNtNtCsjevKHkJAzVy_5gimli4read12endian_slice11EndianSliceNtNtB1U_9endianity12LittleEndianEEEECsa9BKTri5B3M_3std
0000000100096588 t __RINvNtCsgtPOCBgevO_4core3ptr9drop_glueINtNtCslJsSqIQKwiA_5alloc3vec3VecINtNtCs8Eu24pkHj9m_9addr2line8function12LazyFunctionINtNtNtCsjevKHkJAzVy_5gimli4read12endian_slice11EndianSliceNtNtB24_9endianity12LittleEndianEEEECsa9BKTri5B3M_3std
0000000100096634 t __RINvNtCsgtPOCBgevO_4core3ptr9drop_glueINtNtCslJsSqIQKwiA_5alloc3vec3VecNtNtBF_6string6StringEECsa9BKTri5B3M_3std
00000001000966b4 t __RINvNtCsgtPOCBgevO_4core3ptr9drop_glueINtNtCslJsSqIQKwiA_5alloc3vec3VecNtNtCs8Eu24pkHj9m_9addr2line4line12LineSequenceEECsa9BKTri5B3M_3std
0000000100096738 t __RINvNtCsgtPOCBgevO_4core3ptr9drop_glueINtNtCslJsSqIQKwiA_5alloc3vec3VecNtNtNtCsa9BKTri5B3M_3std3ffi6os_str8OsStringEEB1d_
00000001000967b8 t __RINvNtCsgtPOCBgevO_4core3ptr9drop_glueINtNtCslJsSqIQKwiA_5alloc3vec3VecTNtNtNtCsa9BKTri5B3M_3std3ffi6os_str8OsStringB18_EEEB1e_
000000010009684c t __RINvNtCsgtPOCBgevO_4core3ptr9drop_glueINtNtCslJsSqIQKwiA_5alloc3vec3VechEECsa9BKTri5B3M_3std
0000000100096864 t __RINvNtCsgtPOCBgevO_4core3ptr9drop_glueINtNtCslJsSqIQKwiA_5alloc4sync3ArcINtNtNtNtCsa9BKTri5B3M_3std4sync6poison5mutex5MutexINtNtBF_3vec3VechEEEEB1h_
0000000100096884 t __RINvNtCsgtPOCBgevO_4core3ptr9drop_glueINtNtCslJsSqIQKwiA_5alloc4sync3ArcNtNtNtCsa9BKTri5B3M_3std6thread9spawnhook9SpawnHookEEB1e_
00000001000968a4 t __RINvNtCsgtPOCBgevO_4core3ptr9drop_glueINtNtCslJsSqIQKwiA_5alloc4sync8ArcInnerINtNtNtCsjevKHkJAzVy_5gimli4read5dwarf5DwarfINtNtB1i_12endian_slice11EndianSliceNtNtB1k_9endianity12LittleEndianEEEECsa9BKTri5B3M_3std
0000000100096900 t __RINvNtCsgtPOCBgevO_4core3ptr9drop_glueINtNtCslJsSqIQKwiA_5alloc4sync8ArcInnerNtNtNtNtCsa9BKTri5B3M_3std3sys2fs4unix12InnerReadDirEEB1l_
0000000100096960 t __RINvNtCsgtPOCBgevO_4core3ptr9drop_glueINtNtCslJsSqIQKwiA_5alloc5boxed3BoxDG0_INtNtNtB4_3ops8function2FnTRL1_INtNtCsa9BKTri5B3M_3std5panic13PanicHookInfoL0_EEEp6OutputuNtNtB4_6marker4SyncNtB2H_4SendEL_EEB1N_
00000001000969d8 t __RINvNtCsgtPOCBgevO_4core3ptr9drop_glueINtNtCslJsSqIQKwiA_5alloc5boxed3BoxNtNtNtCsa9BKTri5B3M_3std6thread9lifecycle10ThreadInitEEB1f_
0000000100096a84 t __RINvNtCsgtPOCBgevO_4core3ptr9drop_glueINtNtCslJsSqIQKwiA_5alloc5boxed3BoxSINtNtB4_6option6OptionIB1b_NtNtNtNtCsa9BKTri5B3M_3std12backtrace_rs9symbolize5gimli7MappingEEEEB1J_
0000000100096b74 t __RINvNtCsgtPOCBgevO_4core3ptr9drop_glueINtNtCslJsSqIQKwiA_5alloc5boxed3BoxSINtNtCs8Eu24pkHj9m_9addr2line8function12LazyFunctionINtNtNtCsjevKHkJAzVy_5gimli4read12endian_slice11EndianSliceNtNtB27_9endianity12LittleEndianEEEECsa9BKTri5B3M_3std
0000000100096c10 t __RINvNtCsgtPOCBgevO_4core3ptr9drop_glueINtNtCslJsSqIQKwiA_5alloc5boxed3BoxSNtNtBF_6string6StringEECsa9BKTri5B3M_3std
0000000100096c80 t __RINvNtCsgtPOCBgevO_4core3ptr9drop_glueINtNtNtB4_3mem10drop_guard9DropGuardQINtNtBF_12maybe_uninit11MaybeUninitNtNtNtNtNtNtNtCs8KlBXAGVruC_4libc3new5apple10libpthread3sys8__pthread14__pthread_types14pthread_attr_tENCNvMs0_NtNtNtCsa9BKTri5B3M_3std3sys6thread4unixNtB3x_6Thread3new0EEB3D_
0000000100096cc4 t __RINvNtCsgtPOCBgevO_4core3ptr9drop_glueINtNtNtCsjevKHkJAzVy_5gimli4read4line8LineRowsINtNtBF_12endian_slice11EndianSliceNtNtBH_9endianity12LittleEndianEINtBD_21IncompleteLineProgramB1k_jEjEECsa9BKTri5B3M_3std
0000000100096d50 t __RINvNtCsgtPOCBgevO_4core3ptr9drop_glueINtNtNtCsjevKHkJAzVy_5gimli4read5dwarf4UnitINtNtBF_12endian_slice11EndianSliceNtNtBH_9endianity12LittleEndianEjEECsa9BKTri5B3M_3std
0000000100096da4 t __RINvNtCsgtPOCBgevO_4core3ptr9drop_glueINtNtNtCsjevKHkJAzVy_5gimli4read5dwarf5DwarfINtNtBF_12endian_slice11EndianSliceNtNtBH_9endianity12LittleEndianEEECsa9BKTri5B3M_3std
0000000100096dfc t __RINvNtCsgtPOCBgevO_4core3ptr9drop_glueINtNtNtCslJsSqIQKwiA_5alloc3vec9into_iter8IntoIterINtNtBH_5boxed3BoxDINtNtNtB4_3ops8function6FnOnceuEp6OutputuNtNtB4_6marker4SendEL_EEECsa9BKTri5B3M_3std
0000000100096e70 t __RINvNtCsgtPOCBgevO_4core3ptr9drop_glueINtNtNtNtCsa9BKTri5B3M_3std2io8buffered10linewriter10LineWriterNtNtBH_5stdio9StdoutRawEEBJ_
0000000100096ef4 t __RINvNtCsgtPOCBgevO_4core3ptr9drop_glueINtNtNtNtCsa9BKTri5B3M_3std4sync6poison5mutex10MutexGuardINtNtCslJsSqIQKwiA_5alloc3vec3VechEEEBJ_
0000000100096f48 t __RINvNtCsgtPOCBgevO_4core3ptr9drop_glueINtNtNtNtCsa9BKTri5B3M_3std4sync6poison6rwlock15RwLockReadGuarduEEBJ_
0000000100096fa0 t __RINvNtCsgtPOCBgevO_4core3ptr9drop_glueINtNtNtNtCslJsSqIQKwiA_5alloc11collections5btree3map8BTreeMapNtNtNtCsa9BKTri5B3M_3std3ffi6os_str8OsStringB1z_EEB1F_
0000000100097058 t __RINvNtCsgtPOCBgevO_4core3ptr9drop_glueINtNtNtNtCslJsSqIQKwiA_5alloc11collections5btree3map8IntoIterNtNtNtCsa9BKTri5B3M_3std3ffi6os_str8OsStringB1z_EEB1F_
00000001000970e8 t __RINvNtCsgtPOCBgevO_4core3ptr9drop_glueINtNvNtCsa9BKTri5B3M_3std2io17default_write_fmt7AdapterINtNtCslJsSqIQKwiA_5alloc3vec3VechEEEBH_
00000001000970f8 t __RINvNtCsgtPOCBgevO_4core3ptr9drop_glueINtNvXsy_NtNtNtCslJsSqIQKwiA_5alloc11collections5btree3mapINtBJ_8IntoIterpppENtNtNtB4_3ops4drop4Drop4drop9DropGuardyINtNtB4_6result6ResultINtNtBP_4sync3ArcNtNtNtCsjevKHkJAzVy_5gimli4read6abbrev13AbbreviationsENtB39_5ErrorENtNtBP_5alloc6GlobalEECsa9BKTri5B3M_3std
000000010009717c t __RINvNtCsgtPOCBgevO_4core3ptr9drop_glueNCNvNtNtCsa9BKTri5B3M_3std3sys9backtrace10__print_fmt0EBI_
0000000100097198 t __RINvNtCsgtPOCBgevO_4core3ptr9drop_glueNtNtCs3HloHcPU0cS_6object4read9ObjectMapECsa9BKTri5B3M_3std
00000001000971f0 t __RINvNtCsgtPOCBgevO_4core3ptr9drop_glueNtNtCsa9BKTri5B3M_3std3env6VarsOsEBE_
000000010009729c t __RINvNtCsgtPOCBgevO_4core3ptr9drop_glueNtNtCsa9BKTri5B3M_3std7process10StdioPipesEBE_
00000001000972f0 t __RINvNtCsgtPOCBgevO_4core3ptr9drop_glueNtNtCsa9BKTri5B3M_3std9panicking4HookEBE_
000000010009736c t __RINvNtCsgtPOCBgevO_4core3ptr9drop_glueNtNtCslJsSqIQKwiA_5alloc6string6StringECsa9BKTri5B3M_3std
0000000100097384 t __RINvNtCsgtPOCBgevO_4core3ptr9drop_glueNtNtNtCsa9BKTri5B3M_3std2io5error5ErrorEBG_
0000000100097438 t __RINvNtCsgtPOCBgevO_4core3ptr9drop_glueNtNtNtCsa9BKTri5B3M_3std3ffi6os_str8OsStringEBG_
0000000100097450 t __RINvNtCsgtPOCBgevO_4core3ptr9drop_glueNtNtNtCsa9BKTri5B3M_3std6thread9spawnhook10SpawnHooksEBG_
00000001000974d0 t __RINvNtCsgtPOCBgevO_4core3ptr9drop_glueNtNtNtCsa9BKTri5B3M_3std6thread9spawnhook9SpawnHookEBG_
0000000100097584 t __RINvNtCsgtPOCBgevO_4core3ptr9drop_glueNtNtNtCsjevKHkJAzVy_5gimli4read6abbrev13AbbreviationsECsa9BKTri5B3M_3std
000000010009769c t __RINvNtCsgtPOCBgevO_4core3ptr9drop_glueNtNtNtCsjevKHkJAzVy_5gimli4read6abbrev18AbbreviationsCacheECsa9BKTri5B3M_3std
0000000100097768 t __RINvNtCsgtPOCBgevO_4core3ptr9drop_glueNtNtNtCslJsSqIQKwiA_5alloc3ffi5c_str8NulErrorECsa9BKTri5B3M_3std
0000000100097780 t __RINvNtCsgtPOCBgevO_4core3ptr9drop_glueNtNtNtNtCsa9BKTri5B3M_3std12backtrace_rs9backtrace9libunwind4BombEBI_
00000001000977a8 t __RINvNtCsgtPOCBgevO_4core3ptr9drop_glueNtNtNtNtCsa9BKTri5B3M_3std12backtrace_rs9symbolize5gimli7ContextEBI_
000000010009788c t __RINvNtCsgtPOCBgevO_4core3ptr9drop_glueNtNtNtNtNtCsa9BKTri5B3M_3std12backtrace_rs9symbolize5gimli5macho6ObjectEBK_
0000000100097960 t __RINvNtCsgtPOCBgevO_4core3ptr9drop_glueNtNtNtNtNtCsa9BKTri5B3M_3std12backtrace_rs9symbolize5gimli5stash5StashEBK_
0000000100097a18 t __RINvNtCsgtPOCBgevO_4core3ptr9drop_glueNtNtNtNtNtCsa9BKTri5B3M_3std3sys3pal4unix14stack_overflow7HandlerEBK_
0000000100097a1c t __RINvNtCsgtPOCBgevO_4core3ptr9drop_glueNtNtNtNtNtCsa9BKTri5B3M_3std3sys4sync4once5queue11WaiterQueueEBK_
0000000100097af0 t __RINvNtCsgtPOCBgevO_4core3ptr9drop_glueNtNtNtNtNtCsa9BKTri5B3M_3std3sys7process4unix6common10ChildPipesEBK_
0000000100097b68 t __RINvNtCsgtPOCBgevO_4core3ptr9drop_glueNtNtNtNtNtNtCsa9BKTri5B3M_3std3sys3pal4unix4sync5mutex9AttrGuardEBM_
0000000100097bac t __RINvNtCsgtPOCBgevO_4core3ptr9drop_glueNtNtNtNtNtNtCsa9BKTri5B3M_3std3sys7process4unix6common13cstring_array12CStringArrayEBM_
0000000100097c80 t __RINvNtCsgtPOCBgevO_4core3ptr9drop_glueNtNvMs_NtNtNtCsa9BKTri5B3M_3std2io8buffered9bufwriterINtBH_9BufWriterpE9flush_buf8BufGuardEBN_
0000000100097ce0 t __RINvNtCsgtPOCBgevO_4core3ptr9drop_glueNtNvXsf_NtNtCslJsSqIQKwiA_5alloc5boxed7convertINtBK_3BoxDNtNtB4_5error5ErrorNtNtB4_6marker4SyncNtB1Q_4SendEL_EINtNtB4_7convert4FromNtNtBM_6string6StringE4from11StringErrorECsa9BKTri5B3M_3std
0000000100097cf8 t __RINvNtCsgtPOCBgevO_4core3ptr9drop_glueSINtNtB4_6option6OptionIBC_NtNtNtNtCsa9BKTri5B3M_3std12backtrace_rs9symbolize5gimli7MappingEEEB19_
0000000100097dec t __RINvNtCsgtPOCBgevO_4core3ptr9drop_glueSINtNtCslJsSqIQKwiA_5alloc5boxed3BoxDINtNtNtB4_3ops8function6FnOnceuEp6OutputuNtNtB4_6marker4SendEL_EECsa9BKTri5B3M_3std
0000000100097e98 t __RINvNtCsgtPOCBgevO_4core3ptr9drop_glueTNtNtNtCsa9BKTri5B3M_3std3ffi6os_str8OsStringBB_EEBH_
0000000100097ee4 t __RINvNtCsgtPOCBgevO_4core3ptr9drop_glueTNtNtNtCsa9BKTri5B3M_3std3ffi6os_str8OsStringINtNtB4_6option6OptionBB_EEEBH_
0000000100097f34 T __RINvNtNtCsa9BKTri5B3M_3std3sys9backtrace26___rust_end_short_backtraceNCNvNtB6_9panicking13panic_handler0zEB6_
0000000100097f40 t __RINvNtNtCsjevKHkJAzVy_5gimli4read4line13parse_file_v5INtNtB4_12endian_slice11EndianSliceNtNtB6_9endianity12LittleEndianEECsa9BKTri5B3M_3std
00000001000981e8 t __RINvNtNtCsjevKHkJAzVy_5gimli4read4line15parse_attributeINtNtB4_12endian_slice11EndianSliceNtNtB6_9endianity12LittleEndianEECsa9BKTri5B3M_3std
00000001000989e8 t __RINvNtNtCsjevKHkJAzVy_5gimli4read4line18parse_directory_v5INtNtB4_12endian_slice11EndianSliceNtNtB6_9endianity12LittleEndianEECsa9BKTri5B3M_3std
0000000100098acc t __RINvNtNtCsjevKHkJAzVy_5gimli4read4unit15parse_attributeINtNtB4_12endian_slice11EndianSliceNtNtB6_9endianity12LittleEndianEECsa9BKTri5B3M_3std
0000000100099a00 t __RINvNtNtCsjevKHkJAzVy_5gimli4read4unit15skip_attributesINtNtB4_12endian_slice11EndianSliceNtNtB6_9endianity12LittleEndianEECsa9BKTri5B3M_3std
0000000100099ea0 T __RINvNtNtNtCsgtPOCBgevO_4core5slice4sort6stable14driftsort_mainNtNtCs3HloHcPU0cS_6object4read14ObjectMapEntryNCINvMNtCslJsSqIQKwiA_5alloc5sliceSBY_11sort_by_keyyNCNvMs7_B10_INtB10_9SymbolMapBY_E3new0E0INtNtB1Q_3vec3VecBY_EECsa9BKTri5B3M_3std
0000000100099fe8 T __RINvNtNtNtCsgtPOCBgevO_4core5slice4sort6stable14driftsort_mainNtNtCs8Eu24pkHj9m_9addr2line4line12LineSequenceNCINvMNtCslJsSqIQKwiA_5alloc5sliceSBY_11sort_by_keyyNCINvMs_B10_NtB10_5Lines5parseINtNtNtCsjevKHkJAzVy_5gimli4read12endian_slice11EndianSliceNtNtB3a_9endianity12LittleEndianEEs_0E0INtNtB1R_3vec3VecBY_EECsa9BKTri5B3M_3std
000000010009a110 T __RINvNtNtNtCsgtPOCBgevO_4core5slice4sort6stable14driftsort_mainNtNtCs8Eu24pkHj9m_9addr2line4unit9UnitRangeNCINvMNtCslJsSqIQKwiA_5alloc5sliceSBY_11sort_by_keyyNCNvMs_B10_INtB10_8ResUnitsINtNtNtCsjevKHkJAzVy_5gimli4read12endian_slice11EndianSliceNtNtB33_9endianity12LittleEndianEE5parses2_0E0INtNtB1N_3vec3VecBY_EECsa9BKTri5B3M_3std
000000010009a234 T __RINvNtNtNtCsgtPOCBgevO_4core5slice4sort6stable14driftsort_mainNtNtCs8Eu24pkHj9m_9addr2line8function15FunctionAddressNCINvMNtCslJsSqIQKwiA_5alloc5sliceSBY_11sort_by_keyyNCNvMs0_B10_INtB10_9FunctionsINtNtNtCsjevKHkJAzVy_5gimli4read12endian_slice11EndianSliceNtNtB3g_9endianity12LittleEndianEE5parses_0E0INtNtB1Y_3vec3VecBY_EECsa9BKTri5B3M_3std
000000010009a37c T __RINvNtNtNtCsgtPOCBgevO_4core5slice4sort6stable14driftsort_mainNtNtCs8Eu24pkHj9m_9addr2line8function22InlinedFunctionAddressNCINvMNtCslJsSqIQKwiA_5alloc5sliceSBY_7sort_byNCNvMs1_B10_INtB10_8FunctionINtNtNtCsjevKHkJAzVy_5gimli4read12endian_slice11EndianSliceNtNtB3g_9endianity12LittleEndianEE5parse0E0INtNtB25_3vec3VecBY_EECsa9BKTri5B3M_3std
000000010009a4a0 T __RINvNtNtNtCsgtPOCBgevO_4core5slice4sort6stable14driftsort_mainTNtNtCsjevKHkJAzVy_5gimli6common15DebugInfoOffsetNtB11_18DebugArangesOffsetENCINvMNtCslJsSqIQKwiA_5alloc5sliceSBY_11sort_by_keyBZ_NCNvMs_NtCs8Eu24pkHj9m_9addr2line4unitINtB3b_8ResUnitsINtNtNtB13_4read12endian_slice11EndianSliceNtNtB13_9endianity12LittleEndianEE5parse0E0INtNtB2k_3vec3VecBY_EECsa9BKTri5B3M_3std
000000010009a5c4 T __RINvNtNtNtCsgtPOCBgevO_4core5slice4sort8unstable7ipnsortTRShyENCINvMB6_SBS_20sort_unstable_by_keyBT_NCNvMs_NtNtNtNtCsa9BKTri5B3M_3std12backtrace_rs9symbolize5gimli5machoNtB1H_6Object5parses_0E0EB1P_
000000010009a76c T __RINvNtNtNtCsgtPOCBgevO_4core5slice4sort8unstable7ipnsortTRShyENCINvMB6_SBS_20sort_unstable_by_keyyNCNvMs_NtNtNtNtCsa9BKTri5B3M_3std12backtrace_rs9symbolize5gimli5machoNtB1F_6Object5parses0_0E0EB1N_
000000010009a858 t __RINvNtNtNtNtCsa9BKTri5B3M_3std3sys12thread_local6native5eager7destroyINtNtCsgtPOCBgevO_4core4cell4CellINtNtB1a_6option6OptionINtNtCslJsSqIQKwiA_5alloc4sync3ArcINtNtNtNtBa_4sync6poison5mutex5MutexINtNtB24_3vec3VechEEEEEEBa_
000000010009a884 t __RINvNtNtNtNtCsa9BKTri5B3M_3std3sys12thread_local6native5eager7destroyINtNtCsgtPOCBgevO_4core4cell4CellNtNtNtBa_6thread9spawnhook10SpawnHooksEEBa_
000000010009a908 t __RINvNtNtNtNtCsgtPOCBgevO_4core5slice4sort6shared5pivot11median3_recNtNtCs3HloHcPU0cS_6object4read14ObjectMapEntryNCINvMNtCslJsSqIQKwiA_5alloc5sliceSB13_11sort_by_keyyNCNvMs7_B15_INtB15_9SymbolMapB13_E3new0E0ECsa9BKTri5B3M_3std
000000010009a9d8 t __RINvNtNtNtNtCsgtPOCBgevO_4core5slice4sort6shared5pivot11median3_recNtNtCs8Eu24pkHj9m_9addr2line4line12LineSequenceNCINvMNtCslJsSqIQKwiA_5alloc5sliceSB13_11sort_by_keyyNCINvMs_B15_NtB15_5Lines5parseINtNtNtCsjevKHkJAzVy_5gimli4read12endian_slice11EndianSliceNtNtB3g_9endianity12LittleEndianEEs_0E0ECsa9BKTri5B3M_3std
000000010009aaa4 t __RINvNtNtNtNtCsgtPOCBgevO_4core5slice4sort6shared5pivot11median3_recNtNtCs8Eu24pkHj9m_9addr2line4unit9UnitRangeNCINvMNtCslJsSqIQKwiA_5alloc5sliceSB13_11sort_by_keyyNCNvMs_B15_INtB15_8ResUnitsINtNtNtCsjevKHkJAzVy_5gimli4read12endian_slice11EndianSliceNtNtB39_9endianity12LittleEndianEE5parses2_0E0ECsa9BKTri5B3M_3std
000000010009ab70 t __RINvNtNtNtNtCsgtPOCBgevO_4core5slice4sort6shared5pivot11median3_recNtNtCs8Eu24pkHj9m_9addr2line8function15FunctionAddressNCINvMNtCslJsSqIQKwiA_5alloc5sliceSB13_11sort_by_keyyNCNvMs0_B15_INtB15_9FunctionsINtNtNtCsjevKHkJAzVy_5gimli4read12endian_slice11EndianSliceNtNtB3m_9endianity12LittleEndianEE5parses_0E0ECsa9BKTri5B3M_3std
000000010009ac40 t __RINvNtNtNtNtCsgtPOCBgevO_4core5slice4sort6shared5pivot11median3_recNtNtCs8Eu24pkHj9m_9addr2line8function22InlinedFunctionAddressNCINvMNtCslJsSqIQKwiA_5alloc5sliceSB13_7sort_byNCNvMs1_B15_INtB15_8FunctionINtNtNtCsjevKHkJAzVy_5gimli4read12endian_slice11EndianSliceNtNtB3m_9endianity12LittleEndianEE5parse0E0ECsa9BKTri5B3M_3std
000000010009ad58 t __RINvNtNtNtNtCsgtPOCBgevO_4core5slice4sort6shared5pivot11median3_recTNtNtCsjevKHkJAzVy_5gimli6common15DebugInfoOffsetNtB16_18DebugArangesOffsetENCINvMNtCslJsSqIQKwiA_5alloc5sliceSB13_11sort_by_keyB14_NCNvMs_NtCs8Eu24pkHj9m_9addr2line4unitINtB3i_8ResUnitsINtNtNtB18_4read12endian_slice11EndianSliceNtNtB18_9endianity12LittleEndianEE5parse0E0ECsa9BKTri5B3M_3std
000000010009ae24 t __RINvNtNtNtNtCsgtPOCBgevO_4core5slice4sort6shared5pivot11median3_recTRShyENCINvMB8_SB13_20sort_unstable_by_keyB14_NCNvMs_NtNtNtNtCsa9BKTri5B3M_3std12backtrace_rs9symbolize5gimli5machoNtB1U_6Object5parses_0E0EB22_
000000010009af58 t __RINvNtNtNtNtCsgtPOCBgevO_4core5slice4sort6shared5pivot11median3_recTRShyENCINvMB8_SB13_20sort_unstable_by_keyyNCNvMs_NtNtNtNtCsa9BKTri5B3M_3std12backtrace_rs9symbolize5gimli5machoNtB1R_6Object5parses0_0E0EB1Z_
000000010009b028 t __RINvNtNtNtNtCsgtPOCBgevO_4core5slice4sort6shared9smallsort12sort4_stableNtNtCs8Eu24pkHj9m_9addr2line8function22InlinedFunctionAddressNCINvMNtCslJsSqIQKwiA_5alloc5sliceSB18_7sort_byNCNvMs1_B1a_INtB1a_8FunctionINtNtNtCsjevKHkJAzVy_5gimli4read12endian_slice11EndianSliceNtNtB3r_9endianity12LittleEndianEE5parse0E0ECsa9BKTri5B3M_3std
000000010009b1a4 t __RINvNtNtNtNtCsgtPOCBgevO_4core5slice4sort6shared9smallsort12sort4_stableTRShyENCINvMB8_SB18_20sort_unstable_by_keyB19_NCNvMs_NtNtNtNtCsa9BKTri5B3M_3std12backtrace_rs9symbolize5gimli5machoNtB1Z_6Object5parses_0E0EB27_
000000010009b324 t __RINvNtNtNtNtCsgtPOCBgevO_4core5slice4sort6shared9smallsort12sort8_stableTNtNtCsjevKHkJAzVy_5gimli6common15DebugInfoOffsetNtB1b_18DebugArangesOffsetENCINvMNtCslJsSqIQKwiA_5alloc5sliceSB18_11sort_by_keyB19_NCNvMs_NtCs8Eu24pkHj9m_9addr2line4unitINtB3n_8ResUnitsINtNtNtB1d_4read12endian_slice11EndianSliceNtNtB1d_9endianity12LittleEndianEE5parse0E0ECsa9BKTri5B3M_3std
000000010009b5dc t __RINvNtNtNtNtCsgtPOCBgevO_4core5slice4sort6shared9smallsort18small_sort_generalTRShyENCINvMB8_SB1e_20sort_unstable_by_keyB1f_NCNvMs_NtNtNtNtCsa9BKTri5B3M_3std12backtrace_rs9symbolize5gimli5machoNtB25_6Object5parses_0E0EB2d_
000000010009b9c4 t __RINvNtNtNtNtCsgtPOCBgevO_4core5slice4sort6shared9smallsort18small_sort_generalTRShyENCINvMB8_SB1e_20sort_unstable_by_keyyNCNvMs_NtNtNtNtCsa9BKTri5B3M_3std12backtrace_rs9symbolize5gimli5machoNtB22_6Object5parses0_0E0EB2a_
000000010009be54 t __RINvNtNtNtNtCsgtPOCBgevO_4core5slice4sort6shared9smallsort25insertion_sort_shift_leftNtNtCs3HloHcPU0cS_6object4read14ObjectMapEntryNCINvMNtCslJsSqIQKwiA_5alloc5sliceSB1l_11sort_by_keyyNCNvMs7_B1n_INtB1n_9SymbolMapB1l_E3new0E0ECsa9BKTri5B3M_3std
000000010009befc t __RINvNtNtNtNtCsgtPOCBgevO_4core5slice4sort6shared9smallsort25insertion_sort_shift_leftNtNtCs8Eu24pkHj9m_9addr2line4line12LineSequenceNCINvMNtCslJsSqIQKwiA_5alloc5sliceSB1l_11sort_by_keyyNCINvMs_B1n_NtB1n_5Lines5parseINtNtNtCsjevKHkJAzVy_5gimli4read12endian_slice11EndianSliceNtNtB3y_9endianity12LittleEndianEEs_0E0ECsa9BKTri5B3M_3std
000000010009bf90 t __RINvNtNtNtNtCsgtPOCBgevO_4core5slice4sort6shared9smallsort25insertion_sort_shift_leftNtNtCs8Eu24pkHj9m_9addr2line8function22InlinedFunctionAddressNCINvMNtCslJsSqIQKwiA_5alloc5sliceSB1l_7sort_byNCNvMs1_B1n_INtB1n_8FunctionINtNtNtCsjevKHkJAzVy_5gimli4read12endian_slice11EndianSliceNtNtB3E_9endianity12LittleEndianEE5parse0E0ECsa9BKTri5B3M_3std
000000010009c048 t __RINvNtNtNtNtCsgtPOCBgevO_4core5slice4sort6shared9smallsort25insertion_sort_shift_leftTRShyENCINvMB8_SB1l_20sort_unstable_by_keyB1m_NCNvMs_NtNtNtNtCsa9BKTri5B3M_3std12backtrace_rs9symbolize5gimli5machoNtB2c_6Object5parses_0E0EB2k_
000000010009c13c t __RINvNtNtNtNtCsgtPOCBgevO_4core5slice4sort6stable5drift4sortNtNtCs3HloHcPU0cS_6object4read14ObjectMapEntryNCINvMNtCslJsSqIQKwiA_5alloc5sliceSBV_11sort_by_keyyNCNvMs7_BX_INtBX_9SymbolMapBV_E3new0E0ECsa9BKTri5B3M_3std
000000010009c670 t __RINvNtNtNtNtCsgtPOCBgevO_4core5slice4sort6stable5drift4sortNtNtCs8Eu24pkHj9m_9addr2line4line12LineSequenceNCINvMNtCslJsSqIQKwiA_5alloc5sliceSBV_11sort_by_keyyNCINvMs_BX_NtBX_5Lines5parseINtNtNtCsjevKHkJAzVy_5gimli4read12endian_slice11EndianSliceNtNtB35_9endianity12LittleEndianEEs_0E0ECsa9BKTri5B3M_3std
000000010009cb5c t __RINvNtNtNtNtCsgtPOCBgevO_4core5slice4sort6stable5drift4sortNtNtCs8Eu24pkHj9m_9addr2line4unit9UnitRangeNCINvMNtCslJsSqIQKwiA_5alloc5sliceSBV_11sort_by_keyyNCNvMs_BX_INtBX_8ResUnitsINtNtNtCsjevKHkJAzVy_5gimli4read12endian_slice11EndianSliceNtNtB2Y_9endianity12LittleEndianEE5parses2_0E0ECsa9BKTri5B3M_3std
000000010009d048 t __RINvNtNtNtNtCsgtPOCBgevO_4core5slice4sort6stable5drift4sortNtNtCs8Eu24pkHj9m_9addr2line8function15FunctionAddressNCINvMNtCslJsSqIQKwiA_5alloc5sliceSBV_11sort_by_keyyNCNvMs0_BX_INtBX_9FunctionsINtNtNtCsjevKHkJAzVy_5gimli4read12endian_slice11EndianSliceNtNtB3b_9endianity12LittleEndianEE5parses_0E0ECsa9BKTri5B3M_3std
000000010009d574 t __RINvNtNtNtNtCsgtPOCBgevO_4core5slice4sort6stable5drift4sortNtNtCs8Eu24pkHj9m_9addr2line8function22InlinedFunctionAddressNCINvMNtCslJsSqIQKwiA_5alloc5sliceSBV_7sort_byNCNvMs1_BX_INtBX_8FunctionINtNtNtCsjevKHkJAzVy_5gimli4read12endian_slice11EndianSliceNtNtB3b_9endianity12LittleEndianEE5parse0E0ECsa9BKTri5B3M_3std
000000010009db54 t __RINvNtNtNtNtCsgtPOCBgevO_4core5slice4sort6stable5drift4sortTNtNtCsjevKHkJAzVy_5gimli6common15DebugInfoOffsetNtBY_18DebugArangesOffsetENCINvMNtCslJsSqIQKwiA_5alloc5sliceSBV_11sort_by_keyBW_NCNvMs_NtCs8Eu24pkHj9m_9addr2line4unitINtB37_8ResUnitsINtNtNtB10_4read12endian_slice11EndianSliceNtNtB10_9endianity12LittleEndianEE5parse0E0ECsa9BKTri5B3M_3std
000000010009e0c8 T __RINvNtNtNtNtCsgtPOCBgevO_4core5slice4sort6stable9quicksort9quicksortNtNtCs3HloHcPU0cS_6object4read14ObjectMapEntryNCINvMNtCslJsSqIQKwiA_5alloc5sliceSB14_11sort_by_keyyNCNvMs7_B16_INtB16_9SymbolMapB14_E3new0E0ECsa9BKTri5B3M_3std
000000010009e8c8 T __RINvNtNtNtNtCsgtPOCBgevO_4core5slice4sort6stable9quicksort9quicksortNtNtCs8Eu24pkHj9m_9addr2line4line12LineSequenceNCINvMNtCslJsSqIQKwiA_5alloc5sliceSB14_11sort_by_keyyNCINvMs_B16_NtB16_5Lines5parseINtNtNtCsjevKHkJAzVy_5gimli4read12endian_slice11EndianSliceNtNtB3h_9endianity12LittleEndianEEs_0E0ECsa9BKTri5B3M_3std
000000010009ef74 T __RINvNtNtNtNtCsgtPOCBgevO_4core5slice4sort6stable9quicksort9quicksortNtNtCs8Eu24pkHj9m_9addr2line4unit9UnitRangeNCINvMNtCslJsSqIQKwiA_5alloc5sliceSB14_11sort_by_keyyNCNvMs_B16_INtB16_8ResUnitsINtNtNtCsjevKHkJAzVy_5gimli4read12endian_slice11EndianSliceNtNtB3a_9endianity12LittleEndianEE5parses2_0E0ECsa9BKTri5B3M_3std
000000010009f628 T __RINvNtNtNtNtCsgtPOCBgevO_4core5slice4sort6stable9quicksort9quicksortNtNtCs8Eu24pkHj9m_9addr2line8function15FunctionAddressNCINvMNtCslJsSqIQKwiA_5alloc5sliceSB14_11sort_by_keyyNCNvMs0_B16_INtB16_9FunctionsINtNtNtCsjevKHkJAzVy_5gimli4read12endian_slice11EndianSliceNtNtB3n_9endianity12LittleEndianEE5parses_0E0ECsa9BKTri5B3M_3std
000000010009fe0c T __RINvNtNtNtNtCsgtPOCBgevO_4core5slice4sort6stable9quicksort9quicksortNtNtCs8Eu24pkHj9m_9addr2line8function22InlinedFunctionAddressNCINvMNtCslJsSqIQKwiA_5alloc5sliceSB14_7sort_byNCNvMs1_B16_INtB16_8FunctionINtNtNtCsjevKHkJAzVy_5gimli4read12endian_slice11EndianSliceNtNtB3n_9endianity12LittleEndianEE5parse0E0ECsa9BKTri5B3M_3std
00000001000a0524 T __RINvNtNtNtNtCsgtPOCBgevO_4core5slice4sort6stable9quicksort9quicksortTNtNtCsjevKHkJAzVy_5gimli6common15DebugInfoOffsetNtB17_18DebugArangesOffsetENCINvMNtCslJsSqIQKwiA_5alloc5sliceSB14_11sort_by_keyB15_NCNvMs_NtCs8Eu24pkHj9m_9addr2line4unitINtB3j_8ResUnitsINtNtNtB19_4read12endian_slice11EndianSliceNtNtB19_9endianity12LittleEndianEE5parse0E0ECsa9BKTri5B3M_3std
00000001000a0d18 T __RINvNtNtNtNtCsgtPOCBgevO_4core5slice4sort8unstable8heapsort8heapsortTRShyENCINvMB8_SB14_20sort_unstable_by_keyB15_NCNvMs_NtNtNtNtCsa9BKTri5B3M_3std12backtrace_rs9symbolize5gimli5machoNtB1V_6Object5parses_0E0EB23_
00000001000a0e78 T __RINvNtNtNtNtCsgtPOCBgevO_4core5slice4sort8unstable8heapsort8heapsortTRShyENCINvMB8_SB14_20sort_unstable_by_keyyNCNvMs_NtNtNtNtCsa9BKTri5B3M_3std12backtrace_rs9symbolize5gimli5machoNtB1S_6Object5parses0_0E0EB20_
00000001000a0f78 t __RINvNtNtNtNtCsgtPOCBgevO_4core5slice4sort8unstable9quicksort9quicksortTRShyENCINvMB8_SB16_20sort_unstable_by_keyB17_NCNvMs_NtNtNtNtCsa9BKTri5B3M_3std12backtrace_rs9symbolize5gimli5machoNtB1X_6Object5parses_0E0EB25_
00000001000a1488 t __RINvNtNtNtNtCsgtPOCBgevO_4core5slice4sort8unstable9quicksort9quicksortTRShyENCINvMB8_SB16_20sort_unstable_by_keyyNCNvMs_NtNtNtNtCsa9BKTri5B3M_3std12backtrace_rs9symbolize5gimli5machoNtB1U_6Object5parses0_0E0EB22_
00000001000a1860 t __RINvNvNtCsa9BKTri5B3M_3std2io19default_read_to_end16small_probe_readNtNtB6_2fs4FileEB6_
00000001000a198c t __RINvNvNtCsa9BKTri5B3M_3std2io19default_read_to_end16small_probe_readRNtNtB6_2fs4FileEB6_
00000001000a1abc t __RINvNvNtCsa9BKTri5B3M_3std2io19default_read_to_end16small_probe_readRNtNtNtNtB6_3sys2fd4unix8FileDescEB6_
00000001000a1bec t __RNCINvMs0_NtNtCsa9BKTri5B3M_3std4sync4onceNtB8_4Once15call_once_forceNCINvMNtBa_9once_lockINtB1b_8OnceLockINtNtBa_14reentrant_lock13ReentrantLockINtNtCsgtPOCBgevO_4core4cell7RefCellINtNtNtNtBc_2io8buffered10linewriter10LineWriterNtNtB30_5stdio9StdoutRawEEEE10initializeNCINvB1a_11get_or_initNCNvB3H_6stdout0E0zE0E0Bc_
00000001000a1c5c t __RNCINvMs0_NtNtCsa9BKTri5B3M_3std4sync4onceNtB8_4Once15call_once_forceNCINvMNtBa_9once_lockINtB1b_8OnceLockINtNtBa_14reentrant_lock13ReentrantLockINtNtCsgtPOCBgevO_4core4cell7RefCellINtNtNtNtBc_2io8buffered10linewriter10LineWriterNtNtB30_5stdio9StdoutRawEEEE10initializeNCINvB1a_11get_or_initNCNvB3H_7cleanup0E0zE0E0Bc_
00000001000a1cbc t __RNCINvMs0_NtNtCsa9BKTri5B3M_3std4sync4onceNtB8_4Once9call_onceNCNvNtBc_2rt7cleanup0E0Bc_
00000001000a1f38 t __RNCINvNtNtCsa9BKTri5B3M_3std6thread7current17with_current_nameNCNCNvNtB8_9panicking12default_hook00uE0B8_
00000001000a2220 t __RNCNCNvNtNtCsa9BKTri5B3M_3std3sys9backtrace10__print_fmts_00B9_
00000001000a247c t __RNCNvMNtCs8Eu24pkHj9m_9addr2line4unitINtB4_7ResUnitINtNtNtCsjevKHkJAzVy_5gimli4read12endian_slice11EndianSliceNtNtBU_9endianity12LittleEndianEE25find_function_or_location0Csa9BKTri5B3M_3std
00000001000a27b0 t __RNCNvMsi_NtNtNtCsa9BKTri5B3M_3std3sys2fs4unixNtB7_4File4open0Bd_
00000001000a27bc t __RNCNvNtCsa9BKTri5B3M_3std9panicking12default_hook0B5_
00000001000a28ec t __RNCNvNtCsa9BKTri5B3M_3std9panicking13panic_handler0B5_
00000001000a2984 t __RNCNvNtNtCsa9BKTri5B3M_3std3sys9backtrace10__print_fmt0B7_
00000001000a29a4 t __RNCNvNtNtCsa9BKTri5B3M_3std3sys9backtrace10__print_fmts_0B7_
00000001000a2ad8 t __RNCNvNtNtNtCsa9BKTri5B3M_3std3sys11personality3gcc14find_eh_action0B9_
00000001000a2ae4 t __RNCNvNtNtNtCsa9BKTri5B3M_3std3sys11personality3gcc14find_eh_actions_0B9_
00000001000a2af0 t __RNCNvNtNtNtCsa9BKTri5B3M_3std3sys3env4unix6getenv0B9_
00000001000a2c20 t __RNSNvYNCINvMs0_NtNtCsa9BKTri5B3M_3std4sync4onceNtBd_4Once15call_once_forceNCINvMNtBf_9once_lockINtB1g_8OnceLockINtNtBf_14reentrant_lock13ReentrantLockINtNtCsgtPOCBgevO_4core4cell7RefCellINtNtNtNtBh_2io8buffered10linewriter10LineWriterNtNtB35_5stdio9StdoutRawEEEE10initializeNCINvB1f_11get_or_initNCNvB3M_6stdout0E0zE0E0INtNtNtB2t_3ops8function6FnOnceTRNtBd_9OnceStateEE9call_once6vtableBh_
00000001000a2c90 t __RNSNvYNCINvMs0_NtNtCsa9BKTri5B3M_3std4sync4onceNtBd_4Once15call_once_forceNCINvMNtBf_9once_lockINtB1g_8OnceLockINtNtBf_14reentrant_lock13ReentrantLockINtNtCsgtPOCBgevO_4core4cell7RefCellINtNtNtNtBh_2io8buffered10linewriter10LineWriterNtNtB35_5stdio9StdoutRawEEEE10initializeNCINvB1f_11get_or_initNCNvB3M_7cleanup0E0zE0E0INtNtNtB2t_3ops8function6FnOnceTRNtBd_9OnceStateEE9call_once6vtableBh_
00000001000a2cf0 t __RNSNvYNCINvMs0_NtNtCsa9BKTri5B3M_3std4sync4onceNtBd_4Once9call_onceNCNvNtBh_2rt7cleanup0E0INtNtNtCsgtPOCBgevO_4core3ops8function6FnOnceTRNtBd_9OnceStateEE9call_once6vtableBh_
00000001000a2d18 t __RNSNvYNCNCNvNtNtCsa9BKTri5B3M_3std3sys9backtrace10__print_fmts_00INtNtNtCsgtPOCBgevO_4core3ops8function6FnOnceTRNtNtNtBe_12backtrace_rs9symbolize6SymbolEE9call_once6vtableBe_
00000001000a2d1c t __RNSNvYNCNvNtNtCsa9BKTri5B3M_3std3sys9backtrace10__print_fmt0INtNtNtCsgtPOCBgevO_4core3ops8function6FnOnceTQNtNtB13_3fmt9FormatterNtNtNtBc_12backtrace_rs5types17BytesOrWideStringEE9call_once6vtableBc_
00000001000a2dc8 t __RNSNvYNCNvNtNtCsa9BKTri5B3M_3std3sys9backtrace10__print_fmts_0INtNtNtCsgtPOCBgevO_4core3ops8function6FnOnceTRNtNtNtBc_12backtrace_rs9backtrace5FrameEE9call_once6vtableBc_
00000001000a2dcc t __RNSNvYNCNvNtNtNtCsa9BKTri5B3M_3std3sys11personality3gcc14find_eh_action0INtNtNtCsgtPOCBgevO_4core3ops8function6FnOnceuE9call_once6vtableBe_
00000001000a2dd8 t __RNSNvYNCNvNtNtNtCsa9BKTri5B3M_3std3sys11personality3gcc14find_eh_actions_0INtNtNtCsgtPOCBgevO_4core3ops8function6FnOnceuE9call_once6vtableBe_
00000001000a2de4 t __RNSNvYNvNtCsa9BKTri5B3M_3std9panicking12default_hookINtNtNtCsgtPOCBgevO_4core3ops8function6FnOnceTRNtNtB8_5panic13PanicHookInfoEE9call_once6vtableB8_
00000001000a2dec T __RNvCs9wFQrvczXsK_7___rustc11___rdl_alloc
00000001000a2e58 T __RNvCs9wFQrvczXsK_7___rustc13___rdl_dealloc
00000001000a2e5c T __RNvCs9wFQrvczXsK_7___rustc13___rdl_realloc
00000001000a2f0c T __RNvCs9wFQrvczXsK_7___rustc17___rust_drop_panic
00000001000a2fe0 T __RNvCs9wFQrvczXsK_7___rustc17rust_begin_unwind
00000001000a3000 T __RNvCs9wFQrvczXsK_7___rustc18___rdl_alloc_zeroed
00000001000a3090 T __RNvCs9wFQrvczXsK_7___rustc24___rust_foreign_exception
00000001000a3164 t __RNvMNtCs8Eu24pkHj9m_9addr2line4unitINtB2_7ResUnitINtNtNtCsjevKHkJAzVy_5gimli4read12endian_slice11EndianSliceNtNtBS_9endianity12LittleEndianEE25find_function_or_locationCsa9BKTri5B3M_3std
00000001000a34f0 t __RNvMNtCs8Eu24pkHj9m_9addr2line5frameINtB2_9FrameIterINtNtNtCsjevKHkJAzVy_5gimli4read12endian_slice11EndianSliceNtNtBV_9endianity12LittleEndianEE4nextCsa9BKTri5B3M_3std
00000001000a37b8 T __RNvMNtCsa9BKTri5B3M_3std4timeNtB2_7Instant11checked_add
00000001000a37b8 T __RNvMs5_NtCsa9BKTri5B3M_3std4timeNtB5_10SystemTime11checked_add
00000001000a3820 T __RNvMNtCsa9BKTri5B3M_3std4timeNtB2_7Instant3now
00000001000a3828 T __RNvMNtCsa9BKTri5B3M_3std4timeNtB2_7Instant7elapsed
00000001000a3894 T __RNvMNtNtCsa9BKTri5B3M_3std6thread2idNtB2_8ThreadId3new
00000001000a38d8 T __RNvMNtNtCsa9BKTri5B3M_3std6thread6scopedNtB2_9ScopeData29decrement_num_running_threads
00000001000a391c T __RNvMNtNtCsa9BKTri5B3M_3std6thread6scopedNtB2_9ScopeData29increment_num_running_threads
00000001000a393c T __RNvMNtNtCsa9BKTri5B3M_3std6thread7builderNtB2_7Builder4name
00000001000a39a4 T __RNvMNtNtNtCsa9BKTri5B3M_3std3sys2fd4unixNtB2_8FileDesc11read_to_end
00000001000a3b40 T __RNvMNtNtNtCsa9BKTri5B3M_3std3sys2fd4unixNtB2_8FileDesc5write
00000001000a3b94 t __RNvMNtNtNtNtCsa9BKTri5B3M_3std3sys3pal4unix4timeNtB2_8Timespec12sub_timespec
00000001000a3c78 t __RNvMNtNtNtNtCsa9BKTri5B3M_3std3sys3pal4unix4timeNtB2_8Timespec3now
00000001000a3d8c t __RNvMNtNtNtNtCsa9BKTri5B3M_3std3sys7process4unix4unixNtNtB4_6common7Command5spawn
00000001000a46b0 t __RNvMNtNtNtNtCsa9BKTri5B3M_3std3sys7process4unix4unixNtNtB4_6common7Command7do_exec
00000001000a4acc T __RNvMNtNtNtNtNtCsa9BKTri5B3M_3std3sys3pal4unix4sync5mutexNtB2_5Mutex4init
00000001000a4c34 T __RNvMNtNtNtNtNtCsa9BKTri5B3M_3std3sys3pal4unix4sync5mutexNtB2_5Mutex4lock
00000001000a4c50 T __RNvMNtNtNtNtNtCsa9BKTri5B3M_3std3sys3pal4unix4sync5mutexNtB2_5Mutex6unlock
00000001000a4c54 t __RNvMs0_Cs8Eu24pkHj9m_9addr2lineINtB5_7ContextINtNtNtCsjevKHkJAzVy_5gimli4read12endian_slice11EndianSliceNtNtBO_9endianity12LittleEndianEE9find_unitCsa9BKTri5B3M_3std
00000001000a4db0 t __RNvMs0_NtNtCsjevKHkJAzVy_5gimli4read5dwarfINtB5_5DwarfINtNtB7_12endian_slice11EndianSliceNtNtB9_9endianity12LittleEndianEE11attr_stringCsa9BKTri5B3M_3std
00000001000a4fd0 T __RNvMs0_NtNtNtCsa9BKTri5B3M_3std3sys6thread4unixNtB5_6Thread3new
00000001000a5194 T __RNvMs0_NtNtNtCsa9BKTri5B3M_3std3sys6thread4unixNtB5_6Thread4join
00000001000a5210 T __RNvMs0_NtNtNtNtCsa9BKTri5B3M_3std3sys4sync14thread_parking6darwinNtB5_6Parker6unpark
00000001000a5230 t __RNvMs0_NtNtNtNtCsa9BKTri5B3M_3std3sys7process4unix6commonNtB5_5Stdio14to_child_stdio
00000001000a5368 t __RNvMs10_NtNtNtCslJsSqIQKwiA_5alloc11collections5btree4nodeINtB6_16BalancingContextNtNtNtCsa9BKTri5B3M_3std3ffi6os_str8OsStringB1i_E15bulk_steal_leftB1o_
00000001000a55e8 t __RNvMs10_NtNtNtCslJsSqIQKwiA_5alloc11collections5btree4nodeINtB6_16BalancingContextNtNtNtCsa9BKTri5B3M_3std3ffi6os_str8OsStringB1i_E16bulk_steal_rightB1o_
00000001000a5898 t __RNvMs10_NtNtNtCslJsSqIQKwiA_5alloc11collections5btree4nodeINtB6_16BalancingContextjNtNtNtNtNtNtCsa9BKTri5B3M_3std3sys3pal4unix14stack_overflow11thread_info10ThreadInfoE15bulk_steal_leftB1v_
00000001000a5ab4 t __RNvMs10_NtNtNtCslJsSqIQKwiA_5alloc11collections5btree4nodeINtB6_16BalancingContextjNtNtNtNtNtNtCsa9BKTri5B3M_3std3sys3pal4unix14stack_overflow11thread_info10ThreadInfoE16bulk_steal_rightB1v_
00000001000a5d18 T __RNvMs16_NtCsa9BKTri5B3M_3std4pathNtB6_4Path13__strip_prefix
00000001000a5f14 T __RNvMs16_NtCsa9BKTri5B3M_3std4pathNtB6_4Path5__join
00000001000a608c t __RNvMs1_NtCs8Eu24pkHj9m_9addr2line8functionINtB5_8FunctionINtNtNtCsjevKHkJAzVy_5gimli4read12endian_slice11EndianSliceNtNtB10_9endianity12LittleEndianEE14parse_childrenCsa9BKTri5B3M_3std
00000001000a6f28 t __RNvMs1_NtNtNtNtCsa9BKTri5B3M_3std3sys4sync6rwlock5queueNtB5_6RwLock12unlock_queue
00000001000a70dc t __RNvMs2_NtCs8Eu24pkHj9m_9addr2line6lookupINtB5_13LoopingLookupINtNtCsgtPOCBgevO_4core6result6ResultINtNtB7_5frame9FrameIterINtNtNtCsjevKHkJAzVy_5gimli4read12endian_slice11EndianSliceNtNtB23_9endianity12LittleEndianEENtB21_5ErrorEINtB5_12MappedLookupIBY_TINtNtB12_6option6OptionRINtNtB7_8function8FunctionB1W_EEIB44_NtB1B_8LocationEEB3r_EINtB5_12SimpleLookupIBY_TNtB7_9DebugFileINtNtB21_5dwarf7UnitRefB1W_EEB3r_EB1W_NCNvMNtB7_4unitINtB6J_7ResUnitB1W_E14dwarf_and_units4_0ENCNvB6I_25find_function_or_location0ENCNvMs_B7_INtB7_7ContextB1W_E11find_frames0E10new_lookupCsa9BKTri5B3M_3std
00000001000a7524 T __RNvMs3_NtNtCsa9BKTri5B3M_3std2io5errorNtB5_5Error4__new
00000001000a75a0 t __RNvMs4_NtNtCsjevKHkJAzVy_5gimli4read5dwarfINtB5_4UnitINtNtB7_12endian_slice11EndianSliceNtNtB9_9endianity12LittleEndianEjE3newCsa9BKTri5B3M_3std
00000001000a9058 t __RNvMs4_NtNtCsjevKHkJAzVy_5gimli4read7arangesINtB5_12ArangeHeaderINtNtB7_12endian_slice11EndianSliceNtNtB9_9endianity12LittleEndianEjE5parseCsa9BKTri5B3M_3std
00000001000a9314 T __RNvMs5_NtCsa9BKTri5B3M_3std4timeNtB5_10SystemTime14duration_since
00000001000a9364 T __RNvMs5_NtCsa9BKTri5B3M_3std4timeNtB5_10SystemTime3now
00000001000a936c t __RNvMs5_NtNtNtCsa9BKTri5B3M_3std4sync6poison5mutexINtB5_5MutexINtNtCslJsSqIQKwiA_5alloc3vec3VechEE4lockBb_
00000001000a93e4 t __RNvMs6_NtNtCsjevKHkJAzVy_5gimli4read4unitINtB5_24DebugInfoUnitHeadersIterINtNtB7_12endian_slice11EndianSliceNtNtB9_9endianity12LittleEndianEE4nextCsa9BKTri5B3M_3std
00000001000a9818 t __RNvMs8_NtCsa9BKTri5B3M_3std4pathNtB5_10Components25parse_next_component_back
00000001000a9978 T __RNvMs8_NtCsa9BKTri5B3M_3std4pathNtB5_10Components7as_path
00000001000a9b98 t __RNvMs8_NtNtCsjevKHkJAzVy_5gimli4read5indexINtB5_9UnitIndexINtNtB7_12endian_slice11EndianSliceNtNtB9_9endianity12LittleEndianEE5parseCsa9BKTri5B3M_3std
00000001000aa368 t __RNvMs8_NtNtNtCsa9BKTri5B3M_3std4sync9nonpoison6rwlockINtB5_6RwLockNtNtBb_9panicking4HookE7replaceBb_
00000001000aa5b4 T __RNvMs9_NtNtCsa9BKTri5B3M_3std2io5stdioNtB5_6Stdout4lock
00000001000aa5b4 T __RNvMsj_NtNtCsa9BKTri5B3M_3std2io5stdioNtB5_6Stderr4lock
00000001000aa698 t __RNvMs_NtNtCsa9BKTri5B3M_3std12backtrace_rs5printNtB4_17BacktraceFrameFmt21print_raw_with_column
00000001000aaa14 T __RNvMs_NtNtCsa9BKTri5B3M_3std12backtrace_rs9symbolizeNtB4_6Symbol4name
00000001000aaae8 T __RNvMs_NtNtCsa9BKTri5B3M_3std6thread6threadNtB4_6Thread12park_timeout
00000001000aab78 T __RNvMs_NtNtCsa9BKTri5B3M_3std6thread6threadNtB4_6Thread3new
00000001000aad00 T __RNvMs_NtNtCsa9BKTri5B3M_3std6thread6threadNtB4_6Thread4park
00000001000aad48 T __RNvMs_NtNtCsa9BKTri5B3M_3std6thread9spawnhookNtB4_15ChildSpawnHooks3run
00000001000aafb0 t __RNvMs_NtNtNtCsa9BKTri5B3M_3std12backtrace_rs9symbolize5gimliNtB4_7Context11find_frames
00000001000ab348 t __RNvMs_NtNtNtCsa9BKTri5B3M_3std12backtrace_rs9symbolize5gimliNtB4_7Context3new
00000001000ad264 t __RNvMs_NtNtNtCsa9BKTri5B3M_3std2io8buffered9bufwriterINtB4_9BufWriterNtNtB8_5stdio9StdoutRawE9flush_bufBa_
00000001000ad3cc T __RNvMs_NtNtNtCsa9BKTri5B3M_3std3sys7process3envNtB4_10CommandEnv3set
00000001000ad530 t __RNvMs_NtNtNtCsa9BKTri5B3M_3std3sys7process3envNtB4_10CommandEnv7capture
00000001000adb24 t __RNvMs_NtNtNtNtCsa9BKTri5B3M_3std12backtrace_rs9symbolize5gimli5machoNtB4_6Object5parse
00000001000ae7b0 t __RNvMs_NtNtNtNtCsa9BKTri5B3M_3std12backtrace_rs9symbolize5gimli5machoNtB4_6Object7section
00000001000ae900 t __RNvMs_NtNtNtNtCsa9BKTri5B3M_3std3sys7process4unix4unixNtB4_7Process4wait
00000001000ae9e0 t __RNvMs_NtNtNtNtCsa9BKTri5B3M_3std3sys7process4unix6commonNtB4_7Command11capture_env
00000001000aeefc T __RNvMs_NtNtNtNtCsa9BKTri5B3M_3std3sys7process4unix6commonNtB4_7Command3new
00000001000af174 T __RNvMs_NtNtNtNtCsa9BKTri5B3M_3std3sys7process4unix6commonNtB4_7Command6stderr
00000001000af1b8 T __RNvMs_NtNtNtNtCsa9BKTri5B3M_3std3sys7process4unix6commonNtB4_7Command6stdout
00000001000af1fc t __RNvMs_NtNtNtNtCsa9BKTri5B3M_3std3sys7process4unix6commonNtB4_7Command8setup_io
00000001000af4b0 t __RNvMsb_NtNtCsjevKHkJAzVy_5gimli4read4unitINtB5_9AttributeINtNtB7_12endian_slice11EndianSliceNtNtB9_9endianity12LittleEndianEE5valueCsa9BKTri5B3M_3std
00000001000afb04 t __RNvMsc_NtNtCsjevKHkJAzVy_5gimli4read4unitINtB5_14AttributeValueINtNtB7_12endian_slice11EndianSliceNtNtB9_9endianity12LittleEndianEjE8u8_valueCsa9BKTri5B3M_3std
00000001000afb98 t __RNvMsc_NtNtCsjevKHkJAzVy_5gimli4read4unitINtB5_14AttributeValueINtNtB7_12endian_slice11EndianSliceNtNtB9_9endianity12LittleEndianEjE9u16_valueCsa9BKTri5B3M_3std
00000001000afc2c t __RNvMsc_NtNtCsjevKHkJAzVy_5gimli4read8rnglistsINtB5_11RngListIterINtNtB7_12endian_slice11EndianSliceNtNtB9_9endianity12LittleEndianEE4nextCsa9BKTri5B3M_3std
00000001000b08bc t __RNvMsd_NtNtCsjevKHkJAzVy_5gimli4read4lineINtB5_9FileEntryINtNtB7_12endian_slice11EndianSliceNtNtB9_9endianity12LittleEndianEjE5parseCsa9BKTri5B3M_3std
00000001000b0ad8 t __RNvMsf_NtNtCsjevKHkJAzVy_5gimli4read4unitINtB5_13EntriesCursorINtNtB7_12endian_slice11EndianSliceNtNtB9_9endianity12LittleEndianEE10next_entryCsa9BKTri5B3M_3std
00000001000b0d90 t __RNvMsi_NtNtNtCsa9BKTri5B3M_3std3sys2fs4unixNtB5_4File6open_c
00000001000b0f74 t __RNvMsi_NtNtNtCslJsSqIQKwiA_5alloc11collections5btree3mapINtB5_8BTreeMapNtNtNtCsa9BKTri5B3M_3std3ffi6os_str8OsStringB17_E6insertB1d_
00000001000b1aa8 t __RNvMsi_NtNtNtCslJsSqIQKwiA_5alloc11collections5btree3mapINtB5_8BTreeMapNtNtNtCsa9BKTri5B3M_3std3ffi6os_str8OsStringINtNtCsgtPOCBgevO_4core6option6OptionB17_EE6insertB1d_
00000001000b2604 T __RNvMsj_NtCsa9BKTri5B3M_3std2fsNtB5_11OpenOptions5__open
00000001000b2700 T __RNvMsk_NtCsa9BKTri5B3M_3std7processNtB5_7Command6output
00000001000b2a30 T __RNvMsn_NtCslJsSqIQKwiA_5alloc4syncINtB5_3ArcINtNtNtCsgtPOCBgevO_4core3mem12maybe_uninit11MaybeUninitNtNtNtCsa9BKTri5B3M_3std6thread6thread5InnerENtNtB1G_5alloc6SystemE9drop_slowB1G_
00000001000b2a5c T __RNvMsn_NtCslJsSqIQKwiA_5alloc4syncINtB5_3ArcINtNtNtCsjevKHkJAzVy_5gimli4read5dwarf5DwarfINtNtBL_12endian_slice11EndianSliceNtNtBN_9endianity12LittleEndianEEE9drop_slowCsa9BKTri5B3M_3std
00000001000b2b2c T __RNvMsn_NtCslJsSqIQKwiA_5alloc4syncINtB5_3ArcINtNtNtNtCsa9BKTri5B3M_3std4sync6poison5mutex5MutexINtNtB7_3vec3VechEEE9drop_slowBP_
00000001000b2bcc T __RNvMsn_NtCslJsSqIQKwiA_5alloc4syncINtB5_3ArcNtNtNtCsa9BKTri5B3M_3std6thread6thread5InnerNtNtBM_5alloc6SystemE9drop_slowBM_
00000001000b2c3c T __RNvMsn_NtCslJsSqIQKwiA_5alloc4syncINtB5_3ArcNtNtNtCsa9BKTri5B3M_3std6thread9spawnhook9SpawnHookE9drop_slowBM_
00000001000b2cd4 T __RNvMsn_NtCslJsSqIQKwiA_5alloc4syncINtB5_3ArcNtNtNtCsjevKHkJAzVy_5gimli4read6abbrev13AbbreviationsE9drop_slowCsa9BKTri5B3M_3std
00000001000b2d6c T __RNvMsn_NtCslJsSqIQKwiA_5alloc4syncINtB5_3ArcNtNtNtNtCsa9BKTri5B3M_3std3sys2fs4unix12InnerReadDirE9drop_slowBO_
00000001000b2e2c T __RNvMsr_NtCsa9BKTri5B3M_3std4pathNtB5_7PathBuf3pop
00000001000b2f38 T __RNvMsr_NtCsa9BKTri5B3M_3std4pathNtB5_7PathBuf5__push
00000001000b3058 t __RNvMsz_NtNtNtCslJsSqIQKwiA_5alloc11collections5btree3mapINtB5_8IntoIterNtNtNtCsa9BKTri5B3M_3std3ffi6os_str8OsStringB17_E10dying_nextB1d_
00000001000b3258 t __RNvMsz_NtNtNtCslJsSqIQKwiA_5alloc11collections5btree3mapINtB5_8IntoIteryINtNtCsgtPOCBgevO_4core6result6ResultINtNtBb_4sync3ArcNtNtNtCsjevKHkJAzVy_5gimli4read6abbrev13AbbreviationsENtB24_5ErrorEE10dying_nextCsa9BKTri5B3M_3std
00000001000b3458 t __RNvMsz_NtNtNtCslJsSqIQKwiA_5alloc11collections5btree3mapINtB5_8IntoIteryNtNtNtCsjevKHkJAzVy_5gimli4read6abbrev12AbbreviationE10dying_nextCsa9BKTri5B3M_3std
00000001000b3658 t __RNvNtCsa9BKTri5B3M_3std2fs24buffer_capacity_required
00000001000b372c T __RNvNtCsa9BKTri5B3M_3std2rt19lang_start_internal
00000001000b3d44 t __RNvNtCsa9BKTri5B3M_3std2rt7cleanup
00000001000b3da4 T __RNvNtCsa9BKTri5B3M_3std3env11current_dir
00000001000b3f3c T __RNvNtCsa9BKTri5B3M_3std3env4__var
00000001000b4070 T __RNvNtCsa9BKTri5B3M_3std3env4args
00000001000b4074 T __RNvNtCsa9BKTri5B3M_3std3env7__var_os
00000001000b4158 T __RNvNtCsa9BKTri5B3M_3std3env7args_os
00000001000b42fc T __RNvNtCsa9BKTri5B3M_3std3env7vars_os
00000001000b4634 T __RNvNtCsa9BKTri5B3M_3std3env8home_dir
00000001000b4828 T __RNvNtCsa9BKTri5B3M_3std5alloc24default_alloc_error_hook
00000001000b4928 T __RNvNtCsa9BKTri5B3M_3std5panic19get_backtrace_style
00000001000b4aac T __RNvNtCsa9BKTri5B3M_3std7process4exit
00000001000b4ac8 T __RNvNtCsa9BKTri5B3M_3std9panicking12default_hook
00000001000b4c00 T __RNvNtCsa9BKTri5B3M_3std9panicking14payload_as_str
00000001000b4cc8 T __RNvNtCsa9BKTri5B3M_3std9panicking15panic_with_hook
00000001000b5050 T __RNvNtCsa9BKTri5B3M_3std9panicking8set_hook
00000001000b512c T __RNvNtCsa9BKTri5B3M_3std9panicking9take_hook
00000001000b5188 t __RNvNtCslJsSqIQKwiA_5alloc5boxed14box_new_uninit
00000001000b51d0 T __RNvNtNtCsa9BKTri5B3M_3std2io5stdio18set_output_capture
00000001000b52d4 T __RNvNtNtCsa9BKTri5B3M_3std2io5stdio22try_set_output_capture
00000001000b53c0 t __RNvNtNtCsa9BKTri5B3M_3std2io5stdio31print_to_buffer_if_capture_used
00000001000b55d0 T __RNvNtNtCsa9BKTri5B3M_3std2io5stdio6__print
00000001000b56a8 T __RNvNtNtCsa9BKTri5B3M_3std2io5stdio6stdout
00000001000b56e0 T __RNvNtNtCsa9BKTri5B3M_3std2io5stdio7__eprint
00000001000b57a0 T __RNvNtNtCsa9BKTri5B3M_3std3sys2fs8metadata
00000001000b58c8 T __RNvNtNtCsa9BKTri5B3M_3std3sys2fs8read_dir
00000001000b5a48 t __RNvNtNtCsa9BKTri5B3M_3std3sys4exit4exit
00000001000b5a54 T __RNvNtNtCsa9BKTri5B3M_3std3sys6random19hashmap_random_keys
00000001000b5ab0 t __RNvNtNtCsa9BKTri5B3M_3std3sys9backtrace15output_filename
00000001000b5b9c T __RNvNtNtCsa9BKTri5B3M_3std3sys9backtrace4lock
00000001000b5c0c T __RNvNtNtCsa9BKTri5B3M_3std6thread9functions21available_parallelism
00000001000b5c58 T __RNvNtNtCsa9BKTri5B3M_3std6thread9functions9yield_now
00000001000b5c5c T __RNvNtNtCsa9BKTri5B3M_3std6thread9spawnhook15run_spawn_hooks
00000001000b5ef8 T __RNvNtNtCsa9BKTri5B3M_3std9panicking11panic_count8increase
00000001000b5f5c t __RNvNtNtNtCsa9BKTri5B3M_3std12backtrace_rs9symbolize5gimli4mmap
00000001000b613c T __RNvNtNtNtCsa9BKTri5B3M_3std12backtrace_rs9symbolize5gimli7resolve
00000001000b85d0 t __RNvNtNtNtCsa9BKTri5B3M_3std3sys3env4unix13env_read_lock
00000001000b8800 T __RNvNtNtNtCsa9BKTri5B3M_3std3sys4pipe4unix4pipe
00000001000b8928 t __RNvNtNtNtNtCsa9BKTri5B3M_3std12backtrace_rs9symbolize5gimli5macho11find_header
00000001000b8b04 t __RNvNtNtNtNtCsa9BKTri5B3M_3std3sys11personality5dwarf2eh19read_encoded_offset
00000001000b8c4c T __RNvNtNtNtNtCsa9BKTri5B3M_3std3sys12thread_local11destructors4list8register
00000001000b8d48 t __RNvNtNtNtNtCsa9BKTri5B3M_3std3sys2io5error4unix17decode_error_kind
00000001000b8e98 t __RNvNtNtNtNtCsa9BKTri5B3M_3std3sys4sync4once5queue4wait
00000001000b901c t __RNvNtNtNtNtCsa9BKTri5B3M_3std3sys7process4unix6common11read_output
00000001000b92cc t __RNvNtNtNtNtNtCsa9BKTri5B3M_3std3sys3pal4unix14stack_overflow11thread_info16set_current_info
00000001000b9fac t __RNvNtNtNtNtNtCsa9BKTri5B3M_3std3sys3pal4unix14stack_overflow3imp12drop_handler
00000001000ba34c t __RNvNtNtNtNtNtCsa9BKTri5B3M_3std3sys3pal4unix14stack_overflow3imp12make_handler
00000001000ba4e0 t __RNvNtNtNtNtNtCsa9BKTri5B3M_3std3sys3pal4unix14stack_overflow3imp14signal_handler
00000001000ba774 t __RNvNvMs0_NtNtNtCsa9BKTri5B3M_3std3sys6thread4unixNtB7_6Thread3new12thread_start
00000001000ba9a8 T __RNvNvMs7_NtNtNtCsa9BKTri5B3M_3std3sys6os_str5bytesNtB7_5Slice25try_check_public_boundary9slow_path
00000001000baa6c T __RNvNvNtCsa9BKTri5B3M_3std2fs14read_to_string5inner
00000001000bad28 t __RNvNvNtNtNtCsa9BKTri5B3M_3std12backtrace_rs9backtrace9libunwind5trace8trace_fn
00000001000bad70 t __RNvNvNtNtNtNtCsa9BKTri5B3M_3std3sys12thread_local5guard5apple6enable9run_dtors
00000001000bae60 T __RNvXNtCsa9BKTri5B3M_3std2ioNtB2_5GuardNtNtNtCsgtPOCBgevO_4core3ops4drop4Drop4drop
00000001000bae6c t __RNvXNtCsgtPOCBgevO_4core3anyNtNtCslJsSqIQKwiA_5alloc6string6StringNtB2_3Any7type_idCsa9BKTri5B3M_3std
00000001000bae80 t __RNvXNtCsgtPOCBgevO_4core3anyReNtB2_3Any7type_idCsa9BKTri5B3M_3std
00000001000bae94 T __RNvXNtNtCsa9BKTri5B3M_3std2io5errorNtB2_5ErrorNtNtCsgtPOCBgevO_4core3fmt5Debug3fmt
00000001000bae98 T __RNvXNtNtCsa9BKTri5B3M_3std6thread9spawnhookNtB2_10SpawnHooksNtNtNtCsgtPOCBgevO_4core3ops4drop4Drop4drop
00000001000baf9c T __RNvXNtNtNtCsa9BKTri5B3M_3std6thread6thread18thread_name_stringNtB2_16ThreadNameStringINtNtCsgtPOCBgevO_4core7convert4FromNtNtCslJsSqIQKwiA_5alloc6string6StringE4from
00000001000bb0c0 T __RNvXNvMNtNtCsa9BKTri5B3M_3std3sys9backtraceNtB5_13BacktraceLock5printNtB2_16DisplayBacktraceNtNtCsgtPOCBgevO_4core3fmt7Display3fmt
00000001000bb258 t __RNvXNvNtCsa9BKTri5B3M_3std2io17default_write_fmtINtB2_7AdapterINtNtCslJsSqIQKwiA_5alloc3vec3VechEENtNtCsgtPOCBgevO_4core3fmt5Write9write_strB6_
00000001000bb2dc t __RNvXNvNtCsa9BKTri5B3M_3std2io17default_write_fmtINtB2_7AdapterINtNtNtCsgtPOCBgevO_4core2io6cursor6CursorQShEENtNtB15_3fmt5Write9write_strB6_
00000001000bb37c t __RNvXNvNtCsa9BKTri5B3M_3std2io17default_write_fmtINtB2_7AdapterNtNtB4_5stdio10StderrLockENtNtCsgtPOCBgevO_4core3fmt5Write9write_strB6_
00000001000bb410 t __RNvXNvNtCsa9BKTri5B3M_3std2io17default_write_fmtINtB2_7AdapterNtNtB4_5stdio10StdoutLockENtNtCsgtPOCBgevO_4core3fmt5Write9write_strB6_
00000001000bb460 t __RNvXNvNtCsa9BKTri5B3M_3std2io17default_write_fmtINtB2_7AdapterNtNtNtNtB6_3sys5stdio4unix6StderrENtNtCsgtPOCBgevO_4core3fmt5Write9write_strB6_
00000001000bb560 T __RNvXs0_NtNtCsa9BKTri5B3M_3std2io5stdioNtB5_9StderrRawNtB7_5Write9write_all
00000001000bb664 T __RNvXs0_NvNtCsa9BKTri5B3M_3std9panicking13panic_handlerNtB5_19FormatStringPayloadNtNtCsgtPOCBgevO_4core3fmt7Display3fmt
00000001000bb694 t __RNvXs11_NtNtCsjevKHkJAzVy_5gimli4read4lineINtB6_9FileEntryINtNtB8_12endian_slice11EndianSliceNtNtBa_9endianity12LittleEndianEjENtNtCsgtPOCBgevO_4core5clone5Clone5cloneCsa9BKTri5B3M_3std
00000001000bb868 T __RNvXs19_NtCsa9BKTri5B3M_3std4pathNtB6_4PathNtNtCsgtPOCBgevO_4core3fmt5Debug3fmt
00000001000bb868 T __RNvXs3_NtNtNtCsa9BKTri5B3M_3std3sys6os_str5bytesNtB5_5SliceNtNtCsgtPOCBgevO_4core3fmt5Debug3fmt
00000001000bb868 T __RNvXsO_NtNtCsa9BKTri5B3M_3std3ffi6os_strNtB5_5OsStrNtNtCsgtPOCBgevO_4core3fmt5Debug3fmt
00000001000bb890 t __RNvXs1Y_NtCsa9BKTri5B3M_3std4pathNtB6_9ComponentNtNtCsgtPOCBgevO_4core3cmp9PartialEq2eq
00000001000bb994 T __RNvXs1_NtNtNtCsa9BKTri5B3M_3std3sys6os_str5bytesNtB5_3BufNtNtCsgtPOCBgevO_4core3fmt5Debug3fmt
00000001000bb994 T __RNvXs9_NtNtCsa9BKTri5B3M_3std3ffi6os_strNtB5_8OsStringNtNtCsgtPOCBgevO_4core3fmt5Debug3fmt
00000001000bb994 T __RNvXsG_NtCsa9BKTri5B3M_3std4pathNtB5_7PathBufNtNtCsgtPOCBgevO_4core3fmt5Debug3fmt
00000001000bb9bc T __RNvXs1_NtNtNtCsa9BKTri5B3M_3std3sys6thread4unixNtB5_6ThreadNtNtNtCsgtPOCBgevO_4core3ops4drop4Drop4drop
00000001000bb9c4 t __RNvXs1_NvNtCsa9BKTri5B3M_3std9panicking13panic_handlerNtB5_16StaticStrPayloadNtNtCsgtPOCBgevO_4core5panic12PanicPayload3get
00000001000bb9d0 t __RNvXs1_NvNtCsa9BKTri5B3M_3std9panicking13panic_handlerNtB5_16StaticStrPayloadNtNtCsgtPOCBgevO_4core5panic12PanicPayload6as_str
00000001000bb9dc T __RNvXs1_NvNtCsa9BKTri5B3M_3std9panicking13panic_handlerNtB5_16StaticStrPayloadNtNtCsgtPOCBgevO_4core5panic12PanicPayload8take_box
00000001000bba24 T __RNvXs1b_NtCsa9BKTri5B3M_3std4pathNtB6_7DisplayNtNtCsgtPOCBgevO_4core3fmt7Display3fmt
00000001000bba34 t __RNvXs1g_NtCsgtPOCBgevO_4core3fmtRAhj4_NtB6_5Debug3fmtCsa9BKTri5B3M_3std
00000001000bbad0 t __RNvXs1g_NtCsgtPOCBgevO_4core3fmtRINtNtCslJsSqIQKwiA_5alloc3vec3VechENtB6_5Debug3fmtCsa9BKTri5B3M_3std
00000001000bbb40 t __RNvXs1g_NtCsgtPOCBgevO_4core3fmtRINtNtCslJsSqIQKwiA_5alloc5boxed3BoxDNtNtB8_5error5ErrorNtNtB8_6marker4SyncNtB1q_4SendEL_ENtB6_5Debug3fmtCsa9BKTri5B3M_3std
00000001000bbb50 t __RNvXs1g_NtCsgtPOCBgevO_4core3fmtRNtNtNtB8_3num5error12IntErrorKindNtB6_5Debug3fmtCsa9BKTri5B3M_3std
00000001000bbb7c t __RNvXs1g_NtCsgtPOCBgevO_4core3fmtRRShNtB6_5Debug3fmtCsa9BKTri5B3M_3std
00000001000bbbec t __RNvXs1g_NtCsgtPOCBgevO_4core3fmtReNtB6_5Debug3fmtCsa9BKTri5B3M_3std
00000001000bbbfc t __RNvXs1g_NtCsgtPOCBgevO_4core3fmtRhNtB6_5Debug3fmtCsa9BKTri5B3M_3std
00000001000bbc18 t __RNvXs1g_NtCsgtPOCBgevO_4core3fmtRlNtB6_5Debug3fmtCsa9BKTri5B3M_3std
00000001000bbc34 t __RNvXs1i_NtCsgtPOCBgevO_4core3fmtRNtNtNtB8_5panic8location8LocationNtB6_7Display3fmtCsa9BKTri5B3M_3std
00000001000bbc94 t __RNvXs1i_NtCsgtPOCBgevO_4core3fmtReNtB6_7Display3fmtCsa9BKTri5B3M_3std
00000001000bbca4 t __RNvXs1j_NtCsgtPOCBgevO_4core3fmtQDNtNtB8_5panic12PanicPayloadEL_NtB6_7Display3fmtCsa9BKTri5B3M_3std
00000001000bbcb4 T __RNvXs2_NtNtCsa9BKTri5B3M_3std12backtrace_rs9symbolizeNtB5_10SymbolNameNtNtCsgtPOCBgevO_4core3fmt7Display3fmt
00000001000bbdb8 T __RNvXs2_NtNtNtNtNtCsa9BKTri5B3M_3std3sys3pal4unix4sync5mutexNtB5_5MutexNtNtNtCsgtPOCBgevO_4core3ops4drop4Drop4drop
00000001000bbdbc T __RNvXs2_NvNtCsa9BKTri5B3M_3std9panicking13panic_handlerNtB5_16StaticStrPayloadNtNtCsgtPOCBgevO_4core3fmt7Display3fmt
00000001000bbdcc T __RNvXs3_NtCsa9BKTri5B3M_3std4timeNtB5_7InstantNtNtNtCsgtPOCBgevO_4core3ops5arith3Sub3sub
00000001000bbe1c t __RNvXs3_NtNtCsgtPOCBgevO_4core2io5errorNtB5_9ErrorKindNtNtB9_3fmt5Debug3fmt
00000001000bbe44 T __RNvXs3_NtNtNtCsa9BKTri5B3M_3std3sys5stdio4unixNtB5_6StderrNtNtBb_2io5Write14write_vectored
00000001000bbe98 t __RNvXs3_NtNtNtCsa9BKTri5B3M_3std3sys5stdio4unixNtB5_6StderrNtNtBb_2io5Write17is_write_vectored
00000001000bbea0 t __RNvXs3_NtNtNtCsa9BKTri5B3M_3std3sys5stdio4unixNtB5_6StderrNtNtBb_2io5Write5flush
00000001000bbea8 T __RNvXs3_NtNtNtCsa9BKTri5B3M_3std3sys5stdio4unixNtB5_6StderrNtNtBb_2io5Write5write
00000001000bbefc T __RNvXs3_NtNtNtNtNtCsa9BKTri5B3M_3std3sys7process4unix6common13cstring_arrayNtB5_12CStringArrayNtNtNtCsgtPOCBgevO_4core3ops4drop4Drop4drop
00000001000bbf6c T __RNvXs4_NtNtCsa9BKTri5B3M_3std2io5errorNtNtB5_14repr_bitpacked4ReprNtNtCsgtPOCBgevO_4core3fmt5Debug3fmt
00000001000bc1fc T __RNvXs5_NtNtCsa9BKTri5B3M_3std2io5errorNtB5_5ErrorNtNtCsgtPOCBgevO_4core3fmt7Display3fmt
00000001000bc374 t __RNvXs6_NtNtCsgtPOCBgevO_4core3num5errorNtB5_15TryFromIntErrorNtNtB9_3fmt5Debug3fmt
00000001000bc3b4 t __RNvXs9_NtNtCsa9BKTri5B3M_3std2io5implsINtNtCslJsSqIQKwiA_5alloc3vec3VechENtB7_5Write14write_vectoredB9_
00000001000bc550 t __RNvXs9_NtNtCsa9BKTri5B3M_3std2io5implsINtNtCslJsSqIQKwiA_5alloc3vec3VechENtB7_5Write17is_write_vectoredB9_
00000001000bc558 t __RNvXs9_NtNtCsa9BKTri5B3M_3std2io5implsINtNtCslJsSqIQKwiA_5alloc3vec3VechENtB7_5Write18write_all_vectoredB9_
00000001000bc6e4 t __RNvXs9_NtNtCsa9BKTri5B3M_3std2io5implsINtNtCslJsSqIQKwiA_5alloc3vec3VechENtB7_5Write5flushB9_
00000001000bc6ec t __RNvXs9_NtNtCsa9BKTri5B3M_3std2io5implsINtNtCslJsSqIQKwiA_5alloc3vec3VechENtB7_5Write5writeB9_
00000001000bc774 t __RNvXs9_NtNtCsa9BKTri5B3M_3std2io5implsINtNtCslJsSqIQKwiA_5alloc3vec3VechENtB7_5Write9write_allB9_
00000001000bc7f8 t __RNvXsJ_NtNtCsjevKHkJAzVy_5gimli4read4unitINtB5_14AttributeValueINtNtB7_12endian_slice11EndianSliceNtNtB9_9endianity12LittleEndianEjENtNtCsgtPOCBgevO_4core5clone5Clone5cloneCsa9BKTri5B3M_3std
00000001000bc860 t __RNvXsQ_NtNtCsgtPOCBgevO_4core3fmt3numlNtB7_5Debug3fmt
00000001000bc878 t __RNvXsX_NtNtCslJsSqIQKwiA_5alloc3ffi5c_strNtB5_8NulErrorNtNtCsgtPOCBgevO_4core3fmt5Debug3fmt
00000001000bc8c4 t __RNvXsZ_NtCslJsSqIQKwiA_5alloc6stringNtB5_6StringNtNtCsgtPOCBgevO_4core3fmt5Write10write_char
00000001000bc9dc t __RNvXsZ_NtCslJsSqIQKwiA_5alloc6stringNtB5_6StringNtNtCsgtPOCBgevO_4core3fmt5Write9write_str
00000001000bca60 t __RNvXsZ_NtNtCsgtPOCBgevO_4core3fmt3numjNtB7_5Debug3fmt
00000001000bca78 T __RNvXs_NtCsa9BKTri5B3M_3std4timeNtB4_7InstantINtNtNtCsgtPOCBgevO_4core3ops5arith3AddNtNtBN_4time8DurationE3add
00000001000bcad8 T __RNvXs_NtNtCsa9BKTri5B3M_3std2io5stdioNtB4_9StdoutRawNtB6_5Write9write_all
00000001000bcbdc T __RNvXs_NtNtCsa9BKTri5B3M_3std6thread5localNtB4_11AccessErrorNtNtCsgtPOCBgevO_4core3fmt5Debug3fmt
00000001000bcc14 T __RNvXs_NtNtNtNtCsa9BKTri5B3M_3std3sys4sync5mutex7pthreadNtB4_5MutexNtNtNtCsgtPOCBgevO_4core3ops4drop4Drop4drop
00000001000bcc6c T __RNvXs_NvNtCsa9BKTri5B3M_3std9panicking13panic_handlerNtB4_19FormatStringPayloadNtNtCsgtPOCBgevO_4core5panic12PanicPayload3get
00000001000bcd08 T __RNvXs_NvNtCsa9BKTri5B3M_3std9panicking13panic_handlerNtB4_19FormatStringPayloadNtNtCsgtPOCBgevO_4core5panic12PanicPayload8take_box
00000001000bce10 T __RNvXsa_NtCsa9BKTri5B3M_3std2fsNtB5_4FileNtNtB7_2io4Read11read_to_end
00000001000bceec T __RNvXsa_NtCsa9BKTri5B3M_3std2fsNtB5_4FileNtNtB7_2io4Read13read_vectored
00000001000bcf40 T __RNvXsa_NtCsa9BKTri5B3M_3std2fsNtB5_4FileNtNtB7_2io4Read4read
00000001000bcf94 T __RNvXsa_NtCsa9BKTri5B3M_3std2fsNtB5_4FileNtNtB7_2io4Read8read_buf
00000001000bd000 T __RNvXsa_NtCsa9BKTri5B3M_3std3envNtB5_4ArgsNtNtNtNtCsgtPOCBgevO_4core4iter6traits8iterator8Iterator4next
00000001000bd0e4 t __RNvXsa_NtCsgtPOCBgevO_4core5arrayAhj8_NtNtB7_3fmt5Debug3fmtCsa9BKTri5B3M_3std
00000001000bd1e0 T __RNvXsb_NtCsa9BKTri5B3M_3std2fsNtB5_4FileNtNtB7_2io5Write5write
00000001000bd234 T __RNvXsc_NtNtNtCsa9BKTri5B3M_3std3sys2fs4unixNtB5_9DirStreamNtNtNtCsgtPOCBgevO_4core3ops4drop4Drop4drop
00000001000bd2e8 T __RNvXsd_NtNtCsa9BKTri5B3M_3std2io5stdioNtB5_6StdoutNtB7_5Write5flush
00000001000bd30c T __RNvXsd_NtNtCsa9BKTri5B3M_3std2io5stdioNtB5_6StdoutNtB7_5Write5write
00000001000bd3b0 T __RNvXsd_NtNtCsa9BKTri5B3M_3std2io5stdioNtB5_6StdoutNtB7_5Write9write_all
00000001000bd44c T __RNvXse_NtNtCsa9BKTri5B3M_3std2io5stdioRNtB5_6StdoutNtB7_5Write5flush
00000001000bd508 T __RNvXse_NtNtCsa9BKTri5B3M_3std2io5stdioRNtB5_6StdoutNtB7_5Write9write_fmt
00000001000bd618 T __RNvXsh_NtNtCsa9BKTri5B3M_3std2io5stdioNtB5_10StdoutLockNtB7_5Write5flush
00000001000bd674 T __RNvXsh_NtNtCsa9BKTri5B3M_3std2io5stdioNtB5_10StdoutLockNtB7_5Write5write
00000001000bd8ec T __RNvXsh_NtNtCsa9BKTri5B3M_3std2io5stdioNtB5_10StdoutLockNtB7_5Write9write_all
00000001000bda84 T __RNvXsi_NtCsa9BKTri5B3M_3std4pathNtB5_10ComponentsNtNtNtNtCsgtPOCBgevO_4core4iter6traits8iterator8Iterator4next
00000001000bdd88 T __RNvXsj_NtCsa9BKTri5B3M_3std4pathNtB5_10ComponentsNtNtNtNtCsgtPOCBgevO_4core4iter6traits12double_ended19DoubleEndedIterator9next_back
00000001000be164 T __RNvXsn_NtNtCsa9BKTri5B3M_3std2io5stdioNtB5_6StderrNtB7_5Write9write_fmt
00000001000be188 T __RNvXso_NtNtCsa9BKTri5B3M_3std2io5stdioRNtB5_6StderrNtB7_5Write9write_fmt
00000001000be298 t __RNvXsq_NtCsgtPOCBgevO_4core3fmtONtNtB7_3ffi6c_voidNtB5_5Debug3fmtCsa9BKTri5B3M_3std
00000001000be2a0 t __RNvXsq_NtCslJsSqIQKwiA_5alloc6stringNtB5_6StringNtNtCsgtPOCBgevO_4core3fmt7Display3fmt
00000001000be2b0 t __RNvXsr_NtCslJsSqIQKwiA_5alloc6stringNtB5_6StringNtNtCsgtPOCBgevO_4core3fmt5Debug3fmt
00000001000be2c0 t __RNvXst_NtNtCsgtPOCBgevO_4core3str7patternReNtB5_7Pattern15is_contained_in
00000001000bea20 T __RNvXsz_NtCsa9BKTri5B3M_3std2fsNtB5_7ReadDirNtNtNtNtCsgtPOCBgevO_4core4iter6traits8iterator8Iterator4next
00000001000bebac t __RNvYINtNtCslJsSqIQKwiA_5alloc3vec3VechENtNtCsa9BKTri5B3M_3std2io5Write9write_fmtBF_
00000001000bec48 t __RNvYINtNtNtCsjevKHkJAzVy_5gimli4read12endian_slice11EndianSliceNtNtB9_9endianity12LittleEndianENtNtB7_6reader6Reader11read_offsetCsa9BKTri5B3M_3std
00000001000becd0 t __RNvYINtNtNtCsjevKHkJAzVy_5gimli4read12endian_slice11EndianSliceNtNtB9_9endianity12LittleEndianENtNtB7_6reader6Reader12read_sleb128Csa9BKTri5B3M_3std
00000001000bef0c t __RNvYINtNtNtCsjevKHkJAzVy_5gimli4read12endian_slice11EndianSliceNtNtB9_9endianity12LittleEndianENtNtB7_6reader6Reader12read_uleb128Csa9BKTri5B3M_3std
00000001000befc4 t __RNvYINtNtNtCsjevKHkJAzVy_5gimli4read12endian_slice11EndianSliceNtNtB9_9endianity12LittleEndianENtNtB7_6reader6Reader17read_sized_offsetCsa9BKTri5B3M_3std
00000001000bf0e4 t __RNvYINtNvNtCsa9BKTri5B3M_3std2io17default_write_fmt7AdapterINtNtCslJsSqIQKwiA_5alloc3vec3VechEENtNtCsgtPOCBgevO_4core3fmt5Write10write_charB9_
00000001000bf1f4 t __RNvYINtNvNtCsa9BKTri5B3M_3std2io17default_write_fmt7AdapterINtNtCslJsSqIQKwiA_5alloc3vec3VechEENtNtCsgtPOCBgevO_4core3fmt5Write9write_fmtB9_
00000001000bf208 t __RNvYINtNvNtCsa9BKTri5B3M_3std2io17default_write_fmt7AdapterINtNtNtCsgtPOCBgevO_4core2io6cursor6CursorQShEENtNtB12_3fmt5Write10write_charB9_
00000001000bf340 t __RNvYINtNvNtCsa9BKTri5B3M_3std2io17default_write_fmt7AdapterINtNtNtCsgtPOCBgevO_4core2io6cursor6CursorQShEENtNtB12_3fmt5Write9write_fmtB9_
00000001000bf354 t __RNvYINtNvNtCsa9BKTri5B3M_3std2io17default_write_fmt7AdapterNtNtB7_5stdio10StderrLockENtNtCsgtPOCBgevO_4core3fmt5Write10write_charB9_
00000001000bf484 t __RNvYINtNvNtCsa9BKTri5B3M_3std2io17default_write_fmt7AdapterNtNtB7_5stdio10StderrLockENtNtCsgtPOCBgevO_4core3fmt5Write9write_fmtB9_
00000001000bf498 t __RNvYINtNvNtCsa9BKTri5B3M_3std2io17default_write_fmt7AdapterNtNtB7_5stdio10StdoutLockENtNtCsgtPOCBgevO_4core3fmt5Write10write_charB9_
00000001000bf5c0 t __RNvYINtNvNtCsa9BKTri5B3M_3std2io17default_write_fmt7AdapterNtNtB7_5stdio10StdoutLockENtNtCsgtPOCBgevO_4core3fmt5Write9write_fmtB9_
00000001000bf5d4 t __RNvYINtNvNtCsa9BKTri5B3M_3std2io17default_write_fmt7AdapterNtNtNtNtB9_3sys5stdio4unix6StderrENtNtCsgtPOCBgevO_4core3fmt5Write10write_charB9_
00000001000bf684 t __RNvYINtNvNtCsa9BKTri5B3M_3std2io17default_write_fmt7AdapterNtNtNtNtB9_3sys5stdio4unix6StderrENtNtCsgtPOCBgevO_4core3fmt5Write9write_fmtB9_
00000001000bf698 t __RNvYINtNvNtCsa9BKTri5B3M_3std9panicking11begin_panic7PayloadReENtNtCsgtPOCBgevO_4core5panic12PanicPayload6as_strB9_
00000001000bf6a0 t __RNvYNtNtCslJsSqIQKwiA_5alloc6string6StringNtNtCsgtPOCBgevO_4core3fmt5Write9write_fmtCsa9BKTri5B3M_3std
00000001000bf6b4 t __RNvYNtNtNtNtCsa9BKTri5B3M_3std3sys5stdio4unix6StderrNtNtBa_2io5Write18write_all_vectoredBa_
00000001000bf868 t __RNvYNtNtNtNtCsa9BKTri5B3M_3std3sys5stdio4unix6StderrNtNtBa_2io5Write9write_allBa_
00000001000bf948 t __RNvYNtNtNtNtCsa9BKTri5B3M_3std3sys5stdio4unix6StderrNtNtBa_2io5Write9write_fmtBa_
00000001000bf9e4 t __RNvYNtNvXsf_NtNtCslJsSqIQKwiA_5alloc5boxed7convertINtBc_3BoxDNtNtCsgtPOCBgevO_4core5error5ErrorNtNtB11_6marker4SyncNtB1x_4SendEL_EINtNtB11_7convert4FromNtNtBe_6string6StringE4from11StringErrorBX_11descriptionCsa9BKTri5B3M_3std
00000001000bf9f4 t __RNvYNtNvXsf_NtNtCslJsSqIQKwiA_5alloc5boxed7convertINtBc_3BoxDNtNtCsgtPOCBgevO_4core5error5ErrorNtNtB11_6marker4SyncNtB1x_4SendEL_EINtNtB11_7convert4FromNtNtBe_6string6StringE4from11StringErrorBX_5causeCsa9BKTri5B3M_3std
00000001000bf9fc t __RNvYNtNvXsf_NtNtCslJsSqIQKwiA_5alloc5boxed7convertINtBc_3BoxDNtNtCsgtPOCBgevO_4core5error5ErrorNtNtB11_6marker4SyncNtB1x_4SendEL_EINtNtB11_7convert4FromNtNtBe_6string6StringE4from11StringErrorBX_7provideCsa9BKTri5B3M_3std
00000001000bfa00 t __RNvYNtNvXsf_NtNtCslJsSqIQKwiA_5alloc5boxed7convertINtBc_3BoxDNtNtCsgtPOCBgevO_4core5error5ErrorNtNtB11_6marker4SyncNtB1x_4SendEL_EINtNtB11_7convert4FromNtNtBe_6string6StringE4from11StringErrorBX_7type_idCsa9BKTri5B3M_3std
00000001000bfa14 t __RNvYNvNtCsa9BKTri5B3M_3std9panicking12default_hookINtNtNtCsgtPOCBgevO_4core3ops8function2FnTRNtNtB6_5panic13PanicHookInfoEE4callB6_
00000001000bfa1c t __RNvYNvNtCsa9BKTri5B3M_3std9panicking12default_hookINtNtNtCsgtPOCBgevO_4core3ops8function5FnMutTRNtNtB6_5panic13PanicHookInfoEE8call_mutB6_
00000001000bfa24 t __RNvYNvNtNtNtCsa9BKTri5B3M_3std3sys2fs4unix4statINtNtNtCsgtPOCBgevO_4core3ops8function2FnTRNtNtNtBQ_3ffi5c_str4CStrEE4callBa_
00000001000bfad0 T _rust_eh_personality
00000001000bfe48 t _OUTLINED_FUNCTION_0
00000001000bfe54 t _OUTLINED_FUNCTION_1
00000001000bfe5c t _OUTLINED_FUNCTION_2
00000001000bfe68 t _OUTLINED_FUNCTION_3
00000001000bfe78 t _OUTLINED_FUNCTION_4
00000001000bfe84 t _OUTLINED_FUNCTION_5
00000001000bfe90 t _OUTLINED_FUNCTION_6
00000001000bfea0 t _OUTLINED_FUNCTION_7
00000001000bfeac t _OUTLINED_FUNCTION_8
00000001000bfeb8 t _OUTLINED_FUNCTION_9
00000001000bfec4 t _OUTLINED_FUNCTION_10
00000001000bfecc t _OUTLINED_FUNCTION_11
00000001000bfed4 t _OUTLINED_FUNCTION_12
00000001000bfef8 t _OUTLINED_FUNCTION_13
00000001000bff00 t _OUTLINED_FUNCTION_14
00000001000bff14 t _OUTLINED_FUNCTION_15
00000001000bff20 t _OUTLINED_FUNCTION_16
00000001000bff30 t _OUTLINED_FUNCTION_17
00000001000bff38 t _OUTLINED_FUNCTION_18
00000001000bff40 t _OUTLINED_FUNCTION_19
00000001000bff48 t _OUTLINED_FUNCTION_20
00000001000bff58 t _OUTLINED_FUNCTION_21
00000001000bff70 t _OUTLINED_FUNCTION_22
00000001000bff88 t _OUTLINED_FUNCTION_23
00000001000bffa0 t _OUTLINED_FUNCTION_24
00000001000bffa8 t _OUTLINED_FUNCTION_25
00000001000bffb0 t _OUTLINED_FUNCTION_26
00000001000bffb8 t _OUTLINED_FUNCTION_27
00000001000bffc4 t _OUTLINED_FUNCTION_28
00000001000bffd0 t _OUTLINED_FUNCTION_29
00000001000bffd8 t _OUTLINED_FUNCTION_30
00000001000bffe4 t _OUTLINED_FUNCTION_31
00000001000bfff0 t _OUTLINED_FUNCTION_32
00000001000bfff8 t _OUTLINED_FUNCTION_33
00000001000c0004 t _OUTLINED_FUNCTION_34
00000001000c000c t _OUTLINED_FUNCTION_35
00000001000c0018 t _OUTLINED_FUNCTION_36
00000001000c0028 t _OUTLINED_FUNCTION_37
00000001000c0034 t _OUTLINED_FUNCTION_38
00000001000c0048 t _OUTLINED_FUNCTION_39
00000001000c0054 t _OUTLINED_FUNCTION_40
00000001000c0060 t _OUTLINED_FUNCTION_41
00000001000c0074 t _OUTLINED_FUNCTION_42
00000001000c0088 t _OUTLINED_FUNCTION_43
00000001000c0094 t _OUTLINED_FUNCTION_44
00000001000c00a8 t __RINvNtCsgtPOCBgevO_4core3ptr9drop_glueINtNtCslJsSqIQKwiA_5alloc5boxed3BoxNtNtCs8FeubrUGB9D_12panic_unwind3imp9ExceptionEEB1d_
00000001000c0134 t __RINvNtCsgtPOCBgevO_4core3ptr9drop_glueNtNtCs8FeubrUGB9D_12panic_unwind3imp9ExceptionEBE_
00000001000c01ac T __RNvCs9wFQrvczXsK_7___rustc18___rust_start_panic
00000001000c024c T __RNvCs9wFQrvczXsK_7___rustc20___rust_panic_cleanup
00000001000c02b4 t __RNvNvNtCs8FeubrUGB9D_12panic_unwind3imp5panic17exception_cleanup
00000001000c02cc T __RNvMsa_NtCs3HloHcPU0cS_6object4readNtB5_9ObjectMap3get
00000001000c0364 T __RNvNtNtCs3HloHcPU0cS_6object4read7archive16parse_u64_digits
00000001000c04ac T __RNvNtNtCs3HloHcPU0cS_6object4read7archive24parse_sysv_extended_name
00000001000c0738 T __RNvXNtNtCs3HloHcPU0cS_6object4read8read_refRShNtB2_7ReadRef19read_bytes_at_until
00000001000c0a18 t __RINvNtCsgtPOCBgevO_4core3ptr9drop_glueNtNtCslJsSqIQKwiA_5alloc6string6StringECs8Eu24pkHj9m_9addr2line
00000001000c0a54 T __RNvMNtCsgtPOCBgevO_4core5sliceSh9ends_withCs8Eu24pkHj9m_9addr2line
00000001000c0a8c T __RNvMs_NtCs8Eu24pkHj9m_9addr2line4lineNtB4_5Lines13find_location
00000001000c0be0 T __RNvMs_NtCslJsSqIQKwiA_5alloc3vecINtB4_3VechE7reserveCs8Eu24pkHj9m_9addr2line
00000001000c0c08 t __RNvNtCs8Eu24pkHj9m_9addr2line4line23has_backward_slash_root
00000001000c0c68 T __RNvNtCs8Eu24pkHj9m_9addr2line4line9path_push
00000001000c0e34 T __RINvMs9_NtNtNtCslJsSqIQKwiA_5alloc11collections5btree4nodeINtB6_7NodeRefNtNtB6_6marker5OwnedyNtNtNtCsjevKHkJAzVy_5gimli4read6abbrev12AbbreviationNtB1a_8InternalE12new_internalNtNtBc_5alloc6GlobalEB1z_
00000001000c0eb0 T __RINvMsK_NtNtNtCslJsSqIQKwiA_5alloc11collections5btree4nodeINtB6_6HandleINtB6_7NodeRefNtNtB6_6marker3MutyNtNtNtCsjevKHkJAzVy_5gimli4read6abbrev12AbbreviationNtB1n_4LeafENtB1n_4EdgeE6insertNtNtBc_5alloc6GlobalEB1K_
00000001000c103c T __RINvMsM_NtNtNtCslJsSqIQKwiA_5alloc11collections5btree4nodeINtB6_6HandleINtB6_7NodeRefNtNtB6_6marker3MutyNtNtNtCsjevKHkJAzVy_5gimli4read6abbrev12AbbreviationNtB1n_8InternalENtB1n_4EdgeE6insertNtNtBc_5alloc6GlobalEB1K_
00000001000c11d8 T __RINvMsN_NtNtNtCslJsSqIQKwiA_5alloc11collections5btree4nodeINtB6_6HandleINtB6_7NodeRefNtNtB6_6marker3MutyNtNtNtCsjevKHkJAzVy_5gimli4read6abbrev12AbbreviationNtB1n_4LeafENtB1n_4EdgeE16insert_recursingNtNtBc_5alloc6GlobalNCNvMs4_NtNtB8_3map5entryINtB3C_11VacantEntryyB1E_E12insert_entry0EB1K_
00000001000c13c4 T __RINvMsV_NtNtNtCslJsSqIQKwiA_5alloc11collections5btree4nodeINtB6_6HandleINtB6_7NodeRefNtNtB6_6marker3MutyNtNtNtCsjevKHkJAzVy_5gimli4read6abbrev12AbbreviationNtB1n_4LeafENtB1n_2KVE5splitNtNtBc_5alloc6GlobalEB1K_
00000001000c1470 T __RINvMsW_NtNtNtCslJsSqIQKwiA_5alloc11collections5btree4nodeINtB6_6HandleINtB6_7NodeRefNtNtB6_6marker3MutyNtNtNtCsjevKHkJAzVy_5gimli4read6abbrev12AbbreviationNtB1n_8InternalENtB1n_2KVE5splitNtNtBc_5alloc6GlobalEB1K_
00000001000c15e4 T __RINvMsi_NtNtNtCslJsSqIQKwiA_5alloc11collections5btree3mapINtB6_8BTreeMapyNtNtNtCsjevKHkJAzVy_5gimli4read6abbrev12AbbreviationE3getyEB1f_
00000001000c165c T __RNvMs2_NtCslJsSqIQKwiA_5alloc7raw_vecNtB5_11RawVecInner10deallocateCsjevKHkJAzVy_5gimli
00000001000c16ac T __RNvMs3_NtCslJsSqIQKwiA_5alloc7raw_vecINtB5_6RawVecNtNtNtCsjevKHkJAzVy_5gimli4read6abbrev12AbbreviationE8grow_oneBS_
00000001000c16dc T __RNvMs3_NtCslJsSqIQKwiA_5alloc7raw_vecINtB5_6RawVecNtNtNtCsjevKHkJAzVy_5gimli4read6abbrev22AttributeSpecificationE8grow_oneBS_
00000001000c170c T __RNvMs4_NtCslJsSqIQKwiA_5alloc7raw_vecNtB5_11RawVecInner14grow_amortizedCsjevKHkJAzVy_5gimli
00000001000c17ac T __RNvMs4_NtCslJsSqIQKwiA_5alloc7raw_vecNtB5_11RawVecInner15try_allocate_inCsjevKHkJAzVy_5gimli
00000001000c1854 T __RNvMs4_NtNtCsjevKHkJAzVy_5gimli4read6abbrevNtB5_13Abbreviations6insert
00000001000c196c T __RNvMs4_NtNtNtNtCslJsSqIQKwiA_5alloc11collections5btree3map5entryINtB5_11VacantEntryyNtNtNtCsjevKHkJAzVy_5gimli4read6abbrev12AbbreviationE12insert_entryB1q_
00000001000c1a30 T __RNvMs5_NtNtCsjevKHkJAzVy_5gimli4read6abbrevNtB5_12Abbreviation3new
00000001000c1ac8 T __RNvMs6_NtNtCsjevKHkJAzVy_5gimli4read6abbrevNtB5_10Attributes4push
00000001000c1c00 T __RNvMsJ_NtNtNtCslJsSqIQKwiA_5alloc11collections5btree4nodeINtB5_6HandleINtB5_7NodeRefNtNtB5_6marker3MutyNtNtNtCsjevKHkJAzVy_5gimli4read6abbrev12AbbreviationNtB1m_4LeafENtB1m_4EdgeE10insert_fitB1J_
00000001000c1d20 T __RNvMsM_NtNtNtCslJsSqIQKwiA_5alloc11collections5btree4nodeINtB5_6HandleINtB5_7NodeRefNtNtB5_6marker3MutyNtNtNtCsjevKHkJAzVy_5gimli4read6abbrev12AbbreviationNtB1m_8InternalENtB1m_4EdgeE10insert_fitB1J_
00000001000c1e8c T __RNvMsU_NtNtNtCslJsSqIQKwiA_5alloc11collections5btree4nodeINtB5_6HandleINtB5_7NodeRefNtNtB5_6marker3MutyNtNtNtCsjevKHkJAzVy_5gimli4read6abbrev12AbbreviationNtB1m_4LeafENtB1m_2KVE15split_leaf_dataB1J_
00000001000c1e8c T __RNvMsU_NtNtNtCslJsSqIQKwiA_5alloc11collections5btree4nodeINtB5_6HandleINtB5_7NodeRefNtNtB5_6marker3MutyNtNtNtCsjevKHkJAzVy_5gimli4read6abbrev12AbbreviationNtB1m_8InternalENtB1m_2KVE15split_leaf_dataB1J_
00000001000c1fc0 T __RNvMs_NtCslJsSqIQKwiA_5alloc5boxedINtB4_3BoxINtNtNtNtB6_11collections5btree4node12InternalNodeyNtNtNtCsjevKHkJAzVy_5gimli4read6abbrev12AbbreviationEE13new_uninit_inB1B_
00000001000c1ff0 T __RNvMs_NtCslJsSqIQKwiA_5alloc5boxedINtB4_3BoxINtNtNtNtB6_11collections5btree4node8LeafNodeyNtNtNtCsjevKHkJAzVy_5gimli4read6abbrev12AbbreviationEE13new_uninit_inB1w_
00000001000c2020 T __RNvMsi_NtNtNtCslJsSqIQKwiA_5alloc11collections5btree3mapINtB5_8BTreeMapyNtNtNtCsjevKHkJAzVy_5gimli4read6abbrev12AbbreviationE5entryB1e_
00000001000c20a8 T __RNvMsu_NtNtNtCslJsSqIQKwiA_5alloc11collections5btree4nodeINtB5_7NodeRefNtNtB5_6marker3MutyNtNtNtCsjevKHkJAzVy_5gimli4read6abbrev12AbbreviationNtB19_4LeafE16push_with_handleB1w_
00000001000c2158 T __RNvMsv_NtNtNtCslJsSqIQKwiA_5alloc11collections5btree4nodeINtB5_7NodeRefNtNtB5_6marker3MutyNtNtNtCsjevKHkJAzVy_5gimli4read6abbrev12AbbreviationNtB19_8InternalE4pushB1w_
00000001000c2238 T __RNvXs1_NtCslJsSqIQKwiA_5alloc7raw_vecINtB5_6RawVechENtNtNtCsgtPOCBgevO_4core3ops4drop4Drop4dropCsjevKHkJAzVy_5gimli
00000001000c2244 T __RNvXsa_NtNtCsjevKHkJAzVy_5gimli4read6abbrevNtB5_10AttributesNtNtNtCsgtPOCBgevO_4core3ops5deref5Deref5deref
00000001000c228c T __RNvXso_NtCslJsSqIQKwiA_5alloc3vecINtB5_3VecNtNtNtCsjevKHkJAzVy_5gimli4read6abbrev22AttributeSpecificationENtNtNtCsgtPOCBgevO_4core3ops4drop4Drop4dropBL_
00000001000c228c T __RNvXso_NtCslJsSqIQKwiA_5alloc3vecINtB5_3VechENtNtNtCsgtPOCBgevO_4core3ops4drop4Drop4dropCsjevKHkJAzVy_5gimli
00000001000c2290 T __RINvMNtCsgtPOCBgevO_4core3stre18trim_start_matchesReECs1mTuhq77BFi_14rustc_demangle
00000001000c22f0 t __RINvMs4_NtCs1mTuhq77BFi_14rustc_demangle2v0NtB6_7Printer13print_backrefNCNvB2_10print_paths_0EB8_
00000001000c23dc t __RINvMs4_NtCs1mTuhq77BFi_14rustc_demangle2v0NtB6_7Printer13print_backrefNCNvB2_11print_consts4_0EB8_
00000001000c24c8 t __RINvMs4_NtCs1mTuhq77BFi_14rustc_demangle2v0NtB6_7Printer13print_backrefNvB2_10print_typeEB8_
00000001000c25ac t __RINvMs4_NtCs1mTuhq77BFi_14rustc_demangle2v0NtB6_7Printer14print_sep_listNCNvB2_11print_consts0_0EB8_
00000001000c2650 t __RINvMs4_NtCs1mTuhq77BFi_14rustc_demangle2v0NtB6_7Printer14print_sep_listNCNvB2_11print_consts1_0EB8_
00000001000c2700 t __RINvMs4_NtCs1mTuhq77BFi_14rustc_demangle2v0NtB6_7Printer14print_sep_listNCNvB2_11print_consts3_0EB8_
00000001000c28d4 t __RINvMs4_NtCs1mTuhq77BFi_14rustc_demangle2v0NtB6_7Printer14print_sep_listNvB2_10print_typeEB8_
00000001000c2980 t __RINvMs4_NtCs1mTuhq77BFi_14rustc_demangle2v0NtB6_7Printer14print_sep_listNvB2_15print_dyn_traitEB8_
00000001000c2bf0 t __RINvMs4_NtCs1mTuhq77BFi_14rustc_demangle2v0NtB6_7Printer14print_sep_listNvB2_17print_generic_argEB8_
00000001000c2d60 t __RINvMs4_NtCs1mTuhq77BFi_14rustc_demangle2v0NtB6_7Printer17skipping_printingNCNvB2_10print_path0EB8_
00000001000c2dc0 t __RINvMs4_NtCs1mTuhq77BFi_14rustc_demangle2v0NtB6_7Printer26print_quoted_escaped_charsINtNtNtNtCsgtPOCBgevO_4core4iter7sources4once4OncecEEB8_
00000001000c2fd0 t __RINvMs4_NtCs1mTuhq77BFi_14rustc_demangle2v0NtB6_7Printer9in_binderNCNvB2_10print_type0EB8_
00000001000c3178 t __RINvMs4_NtCs1mTuhq77BFi_14rustc_demangle2v0NtB6_7Printer9in_binderNCNvB2_10print_types_0EB8_
00000001000c3314 t __RINvNtCsgtPOCBgevO_4core6escape14escape_unicodeKja_ECs1mTuhq77BFi_14rustc_demangle
00000001000c33d0 t __RNCNvMs4_NtCs1mTuhq77BFi_14rustc_demangle2v0NtB7_7Printer10print_type0B9_
00000001000c3724 T __RNvCs1mTuhq77BFi_14rustc_demangle12try_demangle
00000001000c3774 T __RNvCs1mTuhq77BFi_14rustc_demangle8demangle
00000001000c415c t __RNvMs1_NtCs1mTuhq77BFi_14rustc_demangle2v0NtB5_10HexNibbles14try_parse_uint
00000001000c4260 t __RNvMs2_NtCs1mTuhq77BFi_14rustc_demangle2v0NtB5_6Parser10integer_62
00000001000c4338 t __RNvMs2_NtCs1mTuhq77BFi_14rustc_demangle2v0NtB5_6Parser11hex_nibbles
00000001000c43ec t __RNvMs2_NtCs1mTuhq77BFi_14rustc_demangle2v0NtB5_6Parser14opt_integer_62
00000001000c4484 t __RNvMs2_NtCs1mTuhq77BFi_14rustc_demangle2v0NtB5_6Parser5ident
00000001000c46a8 t __RNvMs2_NtCs1mTuhq77BFi_14rustc_demangle2v0NtB5_6Parser7backref
00000001000c4740 t __RNvMs4_NtCs1mTuhq77BFi_14rustc_demangle2v0NtB5_7Printer10print_path
00000001000c4d9c t __RNvMs4_NtCs1mTuhq77BFi_14rustc_demangle2v0NtB5_7Printer10print_type
00000001000c5270 t __RNvMs4_NtCs1mTuhq77BFi_14rustc_demangle2v0NtB5_7Printer11print_const
00000001000c5898 t __RNvMs4_NtCs1mTuhq77BFi_14rustc_demangle2v0NtB5_7Printer16print_const_uint
00000001000c59f8 t __RNvMs4_NtCs1mTuhq77BFi_14rustc_demangle2v0NtB5_7Printer23print_const_str_literal
00000001000c5d30 t __RNvMs4_NtCs1mTuhq77BFi_14rustc_demangle2v0NtB5_7Printer25print_lifetime_from_index
00000001000c5e44 t __RNvMs4_NtCs1mTuhq77BFi_14rustc_demangle2v0NtB5_7Printer30print_path_maybe_open_generics
00000001000c5f94 t __RNvMs4_NtCs1mTuhq77BFi_14rustc_demangle2v0NtB5_7Printer9print_pat
00000001000c6154 t __RNvMsf_NtNtCsgtPOCBgevO_4core3str4iterINtB5_13SplitInternalcE4nextCs1mTuhq77BFi_14rustc_demangle
00000001000c62bc t __RNvNtCs1mTuhq77BFi_14rustc_demangle2v010basic_type
00000001000c62f4 T __RNvXNtCs1mTuhq77BFi_14rustc_demangle6legacyNtB2_8DemangleNtNtCsgtPOCBgevO_4core3fmt7Display3fmt
00000001000c6e80 t __RNvXNtNtCsgtPOCBgevO_4core3str4iterNtB2_5CharsNtNtNtNtB6_4iter6traits8iterator8Iterator5count
00000001000c6e94 t __RNvXNtNtNtCsgtPOCBgevO_4core4iter7sources7from_fnINtB2_6FromFnNCNvMs1_NtCs1mTuhq77BFi_14rustc_demangle2v0NtB16_10HexNibbles19try_parse_str_charss0_0ENtNtNtB6_6traits8iterator8Iterator4nextB18_
00000001000c7138 T __RNvXs0_Cs1mTuhq77BFi_14rustc_demangleINtB5_21SizeLimitedFmtAdapterQNtNtCsgtPOCBgevO_4core3fmt9FormatterENtB15_5Write9write_strB5_
00000001000c7160 T __RNvXs0_NtCs1mTuhq77BFi_14rustc_demangle2v0NtB5_5IdentNtNtCsgtPOCBgevO_4core3fmt7Display3fmt
00000001000c7588 T __RNvXs1_Cs1mTuhq77BFi_14rustc_demangleNtB5_8DemangleNtNtCsgtPOCBgevO_4core3fmt7Display3fmt
00000001000c769c T __RNvXs1g_NtCsgtPOCBgevO_4core3fmtRNtNtNtB8_3num5error12IntErrorKindNtB6_5Debug3fmtCs1mTuhq77BFi_14rustc_demangle
00000001000c76c8 T __RNvXs1g_NtCsgtPOCBgevO_4core3fmtReNtB6_5Debug3fmtCs1mTuhq77BFi_14rustc_demangle
00000001000c76d8 T __RNvXs1g_NtCsgtPOCBgevO_4core3fmtRhNtB6_5Debug3fmtCs1mTuhq77BFi_14rustc_demangle
00000001000c76f4 T __RNvXs1h_NtCsgtPOCBgevO_4core3fmtQShNtB6_5Debug3fmtCs1mTuhq77BFi_14rustc_demangle
00000001000c7704 T __RNvXs1i_NtCsgtPOCBgevO_4core3fmtRNtCs1mTuhq77BFi_14rustc_demangle13DemangleStyleNtB6_7Display3fmtBx_
00000001000c770c T __RNvXs1i_NtCsgtPOCBgevO_4core3fmtReNtB6_7Display3fmtCs1mTuhq77BFi_14rustc_demangle
00000001000c771c t __RNvXs8_Cs1mTuhq77BFi_14rustc_demangleNtB5_18SizeLimitExhaustedNtNtCsgtPOCBgevO_4core3fmt5Debug3fmt
00000001000c7730 t __RNvXsK_NtCsgtPOCBgevO_4core3fmtNtB5_5ErrorNtB5_5Debug3fmt
00000001000c7744 T __RNvXs_Cs1mTuhq77BFi_14rustc_demangleNtB4_13DemangleStyleNtNtCsgtPOCBgevO_4core3fmt7Display3fmt
00000001000c778c t __RNvXsd_NtNtCsgtPOCBgevO_4core3num5errorNtB5_13ParseIntErrorNtNtB9_3fmt5Debug3fmt
00000001000c77d8 T __RNvXsr_NtCsgtPOCBgevO_4core3fmtShNtB5_5Debug3fmtCs1mTuhq77BFi_14rustc_demangle
00000001000c7848 t __RNvXss_NtCsgtPOCBgevO_4core3fmtuNtB5_5Debug3fmt
00000001000c785c t __RNvXsv_NtNtCsgtPOCBgevO_4core3str7patternNtB5_11StrSearcherNtB5_8Searcher4next
00000001000c7ba0 T __RNvYINtCs1mTuhq77BFi_14rustc_demangle21SizeLimitedFmtAdapterQNtNtCsgtPOCBgevO_4core3fmt9FormatterENtBZ_5Write10write_charB5_
00000001000c7c50 T __RNvYINtCs1mTuhq77BFi_14rustc_demangle21SizeLimitedFmtAdapterQNtNtCsgtPOCBgevO_4core3fmt9FormatterENtBZ_5Write9write_fmtB5_
00000001000c7c64 T __RNvMNtCs9nAj5kJTqSU_9hashbrown3rawNtB2_11Fallibility17capacity_overflow
00000001000c7c90 T __RNvMNtCs9nAj5kJTqSU_9hashbrown3rawNtB2_11Fallibility9alloc_err
00000001000c7cb4 t __RINvNtCsgtPOCBgevO_4core3ptr9drop_glueNtNtCslJsSqIQKwiA_5alloc6string6StringEBE_
00000001000c7ccc T __RNvMNtCslJsSqIQKwiA_5alloc6stringNtB2_6String15from_utf8_lossy
00000001000c7efc T __RNvMNtCslJsSqIQKwiA_5alloc6stringNtB2_6String17try_reserve_exact
00000001000c7f80 T __RNvMs5_NtCslJsSqIQKwiA_5alloc4wtf8NtNtCsgtPOCBgevO_4core4wtf84Wtf88into_box
00000001000c7f80 T __RNvXsw_NtNtCslJsSqIQKwiA_5alloc3ffi5c_strNtNtNtCsgtPOCBgevO_4core3ffi5c_str4CStrNtNtB9_6borrow7ToOwned8to_owned
00000001000c7f80 T __RNvXsx_NtNtCslJsSqIQKwiA_5alloc3ffi5c_strNtB5_7CStringINtNtCsgtPOCBgevO_4core7convert4FromRNtNtNtBV_3ffi5c_str4CStrE4from
00000001000c7fec T __RNvMs_NtNtCslJsSqIQKwiA_5alloc3ffi5c_strNtB4_7CString19__from_vec_unchecked
00000001000c8104 T __RNvMs_NtNtCslJsSqIQKwiA_5alloc3ffi5c_strNtB4_7CString8from_raw
00000001000c812c T __RNvNtCslJsSqIQKwiA_5alloc4sync32arcinner_layout_for_value_layout
00000001000c81a0 T __RNvNvNtCslJsSqIQKwiA_5alloc3fmt6format12format_inner
00000001000c835c T __RNvXs0_NvXsf_NtNtCslJsSqIQKwiA_5alloc5boxed7convertINtBd_3BoxDNtNtCsgtPOCBgevO_4core5error5ErrorNtNtB12_6marker4SyncNtB1y_4SendEL_EINtNtB12_7convert4FromNtNtBf_6string6StringE4fromNtB5_11StringErrorNtNtB12_3fmt5Debug3fmt
00000001000c836c T __RNvXs4_NtCslJsSqIQKwiA_5alloc6stringNtB5_6StringNtNtCsgtPOCBgevO_4core5clone5Clone5clone
00000001000c83dc t __RNvXsK_NtCsgtPOCBgevO_4core3fmtNtB5_5ErrorNtB5_5Debug3fmt
00000001000c83f0 T __RNvXsP_NtCslJsSqIQKwiA_5alloc6stringNtB5_6StringINtNtCsgtPOCBgevO_4core7convert4FromINtNtB7_6borrow3CoweEE4from
00000001000c8484 t __RNvXsZ_NtCslJsSqIQKwiA_5alloc6stringNtB5_6StringNtNtCsgtPOCBgevO_4core3fmt5Write10write_char
00000001000c8594 t __RNvXsZ_NtCslJsSqIQKwiA_5alloc6stringNtB5_6StringNtNtCsgtPOCBgevO_4core3fmt5Write9write_str
00000001000c8610 T __RNvXs_NvMs_NtNtCslJsSqIQKwiA_5alloc3ffi5c_strNtB9_7CString3newRShNtB4_11SpecNewImpl13spec_new_impl
00000001000c872c T __RNvXs_NvXsf_NtNtCslJsSqIQKwiA_5alloc5boxed7convertINtBc_3BoxDNtNtCsgtPOCBgevO_4core5error5ErrorNtNtB11_6marker4SyncNtB1x_4SendEL_EINtNtB11_7convert4FromNtNtBe_6string6StringE4fromNtB4_11StringErrorNtNtB11_3fmt7Display3fmt
00000001000c873c t __RNvXsd_NtNtCsgtPOCBgevO_4core5alloc6layoutNtB5_11LayoutErrorNtNtB9_3fmt5Debug3fmt
00000001000c8750 t __RNvYNtNtCslJsSqIQKwiA_5alloc6string6StringNtNtCsgtPOCBgevO_4core3fmt5Write9write_fmtB6_
00000001000c8764 t _OUTLINED_FUNCTION_0
00000001000c8784 t _OUTLINED_FUNCTION_1
00000001000c878c t __RINvNtNtCsgtPOCBgevO_4core3fmt5float29float_to_decimal_common_exactdEB6_
00000001000c8acc t __RINvNtNtCsgtPOCBgevO_4core3fmt5float32float_to_decimal_common_shortestdEB6_
00000001000c8d50 t __RINvNtNtCsgtPOCBgevO_4core3fmt5float36float_to_exponential_common_shortestdEB6_
00000001000c907c t __RNCNvNvXsa_NtCsgtPOCBgevO_4core4timeNtB9_8DurationNtNtBb_3fmt5Debug3fmt11fmt_decimals_0Bb_
00000001000c9200 t __RNvMNtNtCsgtPOCBgevO_4core4char7methodsc16escape_debug_ext
00000001000c948c T __RNvMs1_NtNtCsgtPOCBgevO_4core3fmt8buildersNtB5_11DebugStruct21finish_non_exhaustive
00000001000c9550 T __RNvMs1_NtNtCsgtPOCBgevO_4core3fmt8buildersNtB5_11DebugStruct5field
00000001000c9704 T __RNvMs1_NtNtCsgtPOCBgevO_4core3fmt8buildersNtB5_11DebugStruct6finish
00000001000c9780 T __RNvMs2_NtNtCsgtPOCBgevO_4core3fmt8buildersNtB5_10DebugTuple5field
00000001000c98c8 T __RNvMs2_NtNtCsgtPOCBgevO_4core3fmt8buildersNtB5_10DebugTuple6finish
00000001000c997c T __RNvMs2_NtNtNtCsgtPOCBgevO_4core3num3imp6bignumNtB5_8Big32x4010mul_digits
00000001000c9c5c T __RNvMs2_NtNtNtCsgtPOCBgevO_4core3num3imp6bignumNtB5_8Big32x408mul_pow2
00000001000c9ed4 T __RNvMs3_NtNtCsgtPOCBgevO_4core3ffi5c_strNtB5_4CStr19from_bytes_with_nul
00000001000c9fc4 T __RNvMs4_NtNtCsgtPOCBgevO_4core3fmt8buildersNtB5_8DebugSet5entry
00000001000c9fc4 T __RNvMs5_NtNtCsgtPOCBgevO_4core3fmt8buildersNtB5_9DebugList5entry
00000001000ca10c T __RNvMs5_NtNtCsgtPOCBgevO_4core3fmt8buildersNtB5_9DebugList6finish
00000001000ca158 T __RNvMsa_NtCsgtPOCBgevO_4core3fmtNtB5_9Formatter10debug_list
00000001000ca1a0 T __RNvMsa_NtCsgtPOCBgevO_4core3fmtNtB5_9Formatter11debug_tuple
00000001000ca1f0 T __RNvMsa_NtCsgtPOCBgevO_4core3fmtNtB5_9Formatter12debug_struct
00000001000ca22c T __RNvMsa_NtCsgtPOCBgevO_4core3fmtNtB5_9Formatter12pad_integral
00000001000ca5d8 t __RNvMsa_NtCsgtPOCBgevO_4core3fmtNtB5_9Formatter19pad_formatted_parts
00000001000ca804 t __RNvMsa_NtCsgtPOCBgevO_4core3fmtNtB5_9Formatter21write_formatted_parts
00000001000caa78 T __RNvMsa_NtCsgtPOCBgevO_4core3fmtNtB5_9Formatter25debug_tuple_field1_finish
00000001000cabe0 T __RNvMsa_NtCsgtPOCBgevO_4core3fmtNtB5_9Formatter25debug_tuple_field2_finish
00000001000cadb8 T __RNvMsa_NtCsgtPOCBgevO_4core3fmtNtB5_9Formatter26debug_struct_field1_finish
00000001000cae88 T __RNvMsa_NtCsgtPOCBgevO_4core3fmtNtB5_9Formatter26debug_struct_field2_finish
00000001000caf8c T __RNvMsa_NtCsgtPOCBgevO_4core3fmtNtB5_9Formatter26debug_struct_field3_finish
00000001000cb0b8 T __RNvMsa_NtCsgtPOCBgevO_4core3fmtNtB5_9Formatter3pad
00000001000cb3c8 T __RNvMsa_NtCsgtPOCBgevO_4core3fmtNtB5_9Formatter9write_str
00000001000cb3c8 T __RNvXsb_NtCsgtPOCBgevO_4core3fmtNtB5_9FormatterNtB5_5Write9write_str
00000001000cb3d8 t __RNvMsf_NtNtNtCsgtPOCBgevO_4core3fmt3num3impy10__fmt_inner
00000001000cb580 T __RNvMsu_NtNtCsgtPOCBgevO_4core3str7patternNtB5_11StrSearcher3new
00000001000cbe08 T __RNvNtCsgtPOCBgevO_4core3fmt17pointer_fmt_inner
00000001000cbeb8 T __RNvNtCsgtPOCBgevO_4core3fmt5write
00000001000cc06c T __RNvNtCsgtPOCBgevO_4core3str19slice_error_fail_rt
00000001000cc3dc T __RNvNtNtCsgtPOCBgevO_4core3str5count14do_count_chars
00000001000ccaf0 T __RNvNtNtCsgtPOCBgevO_4core3str5count23char_count_general_case
00000001000ccd98 T __RNvNtNtCsgtPOCBgevO_4core3str8converts9from_utf8
00000001000cd00c T __RNvNtNtCsgtPOCBgevO_4core5slice6memchr14memchr_aligned
00000001000cd0e8 T __RNvNtNtCsgtPOCBgevO_4core5slice6memchr7memrchr
00000001000cd208 T __RNvNtNtCsgtPOCBgevO_4core7unicode9printable12is_printable
00000001000cd56c T __RNvNtNtNtCsgtPOCBgevO_4core3num3imp7flt2dec17digits_to_dec_str
00000001000cd6b4 T __RNvNtNtNtCsgtPOCBgevO_4core7unicode12unicode_data15grapheme_extend11lookup_slow
00000001000cd7bc T __RNvNtNtNtNtCsgtPOCBgevO_4core5slice4sort6stable5drift11sqrt_approx
00000001000cd7e8 T __RNvNtNtNtNtNtCsgtPOCBgevO_4core3num3imp7flt2dec8strategy5grisu16format_exact_opt
00000001000cdb60 T __RNvNtNtNtNtNtCsgtPOCBgevO_4core3num3imp7flt2dec8strategy5grisu19format_shortest_opt
00000001000ce124 T __RNvNtNtNtNtNtCsgtPOCBgevO_4core3num3imp7flt2dec8strategy6dragon12format_exact
00000001000ceb60 T __RNvNtNtNtNtNtCsgtPOCBgevO_4core3num3imp7flt2dec8strategy6dragon15format_shortest
00000001000cf718 T __RNvNtNtNtNtNtCsgtPOCBgevO_4core3num3imp7flt2dec8strategy6dragon9mul_pow10
00000001000cf8f8 t __RNvNvMsa_NtCsgtPOCBgevO_4core3fmtNtB7_9Formatter12pad_integral12write_prefix
00000001000cf974 t __RNvNvNtNtNtNtNtCsgtPOCBgevO_4core3num3imp7flt2dec8strategy5grisu16format_exact_opt14possibly_round
00000001000cfb50 t __RNvNvXsa_NtCsgtPOCBgevO_4core4timeNtB7_8DurationNtNtB9_3fmt5Debug3fmt11fmt_decimal
00000001000d00ec T __RNvXNtNtNtCsgtPOCBgevO_4core3fmt3num3imphNtB6_7Display3fmt
00000001000d019c T __RNvXs0_NtNtCsgtPOCBgevO_4core3fmt8buildersNtB5_10PadAdapterNtB7_5Write10write_char
00000001000d021c T __RNvXs0_NtNtCsgtPOCBgevO_4core3fmt8buildersNtB5_10PadAdapterNtB7_5Write9write_str
00000001000d045c T __RNvXs0_NtNtCsgtPOCBgevO_4core3str5lossyNtB5_5DebugNtNtB9_3fmt5Debug3fmt
00000001000d07d8 T __RNvXs1f_NtNtCsgtPOCBgevO_4core3num7nonzeroINtB6_7NonZeroyENtNtNtBa_3str6traits7FromStr8from_str
00000001000d07d8 T __RNvXs1t_NtNtCsgtPOCBgevO_4core3num7nonzeroINtB6_7NonZerojENtNtNtBa_3str6traits7FromStr8from_str
00000001000d0910 t __RNvXs1g_NtCsgtPOCBgevO_4core3fmtRDNtB6_5DebugEL_Bw_3fmtB8_
00000001000d0920 t __RNvXs1g_NtCsgtPOCBgevO_4core3fmtRINtNtB8_6option6OptionjENtB6_5Debug3fmtB8_
00000001000d0a84 t __RNvXs1g_NtCsgtPOCBgevO_4core3fmtRjNtB6_5Debug3fmtB8_
00000001000d0a8c t __RNvXs1g_NtCsgtPOCBgevO_4core3fmtRyNtB6_5Debug3fmtB8_
00000001000d0a98 t __RNvXs1i_NtCsgtPOCBgevO_4core3fmtReNtB6_7Display3fmtB8_
00000001000d0aa8 T __RNvXs2_NtNtCsgtPOCBgevO_4core3str5lossyNtB5_10Utf8ChunksNtNtNtNtB9_4iter6traits8iterator8Iterator4next
00000001000d0c68 T __RNvXs3_NtCsgtPOCBgevO_4core4bstrNtB5_7ByteStrNtNtB7_3fmt7Display3fmt
00000001000d1150 T __RNvXs4_NtNtCsgtPOCBgevO_4core3num5errorNtB5_13ParseIntErrorNtNtB9_3fmt7Display3fmt
00000001000d1178 T __RNvXs6_NtNtCsgtPOCBgevO_4core3fmt3numjNtB7_8LowerHex3fmt
00000001000d1178 T __RNvXsC_NtNtCsgtPOCBgevO_4core3fmt3numyNtB7_8LowerHex3fmt
00000001000d11e8 T __RNvXs6_NtNtCsgtPOCBgevO_4core3fmt5floatdNtB7_5Debug3fmt
00000001000d1270 T __RNvXs7_NtNtCsgtPOCBgevO_4core3fmt5floatdNtB7_7Display3fmt
00000001000d12a0 T __RNvXs8_NtCsgtPOCBgevO_4core3fmtNtB5_9ArgumentsNtB5_7Display3fmt
00000001000d12b0 T __RNvXs8_NtNtCsgtPOCBgevO_4core3fmt3numjNtB7_8UpperHex3fmt
00000001000d12b0 T __RNvXsE_NtNtCsgtPOCBgevO_4core3fmt3numyNtB7_8UpperHex3fmt
00000001000d1320 T __RNvXs8_NtNtNtCsgtPOCBgevO_4core3fmt3num3impmNtB9_7Display3fmt
00000001000d1450 T __RNvXs9_NtNtNtCsgtPOCBgevO_4core3fmt3num3implNtB9_7Display3fmt
00000001000d1588 T __RNvXsK_NtNtCsgtPOCBgevO_4core3fmt3numoNtB7_8LowerHex3fmt
00000001000d1600 t __RNvXsX_NtNtCsgtPOCBgevO_4core3fmt3numyNtB7_5Debug3fmt
00000001000d16ec t __RNvXsZ_NtNtCsgtPOCBgevO_4core3fmt3numjNtB7_5Debug3fmt
00000001000d17e4 T __RNvXs_NtNtCsgtPOCBgevO_4core2io5errorNtB4_9ErrorKindNtNtB8_3fmt7Display3fmt
00000001000d1810 t __RNvXs_NtNtCsgtPOCBgevO_4core3ops5rangeINtB4_5RangejENtNtB8_3fmt5Debug3fmtB8_
00000001000d186c T __RNvXsa_NtCsgtPOCBgevO_4core3anyNtB5_6TypeIdNtNtB7_3fmt5Debug3fmt
00000001000d18b0 T __RNvXsa_NtCsgtPOCBgevO_4core4timeNtB5_8DurationNtNtB7_3fmt5Debug3fmt
00000001000d1994 T __RNvXsb_NtCsgtPOCBgevO_4core3fmtNtB5_9FormatterNtB5_5Write10write_char
00000001000d19a4 T __RNvXsd_NtNtNtCsgtPOCBgevO_4core3fmt3num3impyNtB9_7Display3fmt
00000001000d19a4 T __RNvXsi_NtNtNtCsgtPOCBgevO_4core3fmt3num3impjNtB9_7Display3fmt
00000001000d1a04 T __RNvXse_NtNtCsgtPOCBgevO_4core3fmt3numhNtB7_8LowerHex3fmt
00000001000d1a78 T __RNvXsg_NtCsgtPOCBgevO_4core3fmtbNtB5_7Display3fmt
00000001000d1aac T __RNvXsg_NtNtCsgtPOCBgevO_4core3fmt3numhNtB7_8UpperHex3fmt
00000001000d1b20 T __RNvXsh_NtCsgtPOCBgevO_4core3fmteNtB5_5Debug3fmt
00000001000d1ea8 T __RNvXsi_NtCsgtPOCBgevO_4core3fmteNtB5_7Display3fmt
00000001000d1ebc T __RNvXsj_NtCsgtPOCBgevO_4core3fmtcNtB5_5Debug3fmt
00000001000d1f64 T __RNvXsk_NtCsgtPOCBgevO_4core3fmtcNtB5_7Display3fmt
00000001000d2038 T __RNvXsk_NtNtCsgtPOCBgevO_4core3fmt3numtNtB7_5Octal3fmt
00000001000d20ac T __RNvXsr_NtCsgtPOCBgevO_4core4cellNtB5_14BorrowMutErrorNtNtB7_3fmt7Display3fmt
00000001000d20c0 T __RNvXst_NtNtCsgtPOCBgevO_4core3fmt3numlNtB7_5Octal3fmt
00000001000d2134 T __RNvXsv_NtNtCsgtPOCBgevO_4core3fmt3numlNtB7_8LowerHex3fmt
00000001000d21a8 T __RNvXsw_NtNtCsgtPOCBgevO_4core3fmt3nummNtB7_8UpperHex3fmt
00000001000d221c T __RNvXsx_NtNtCsgtPOCBgevO_4core3fmt3numlNtB7_8UpperHex3fmt
00000001000d2290 t __RNvYNtNtNtCsgtPOCBgevO_4core3fmt8builders10PadAdapterNtB6_5Write9write_fmtB8_
00000001000d22a4 t _OUTLINED_FUNCTION_0
00000001000d22b4 t _OUTLINED_FUNCTION_1
00000001000d22bc t __RINvNtCsgtPOCBgevO_4core9panicking13assert_failedINtNtCslJsSqIQKwiA_5alloc3vec3VecjEBL_ECsfte4izoMjk9_3rcm
00000001000d2310 t __RINvMNtNtNtCsa9BKTri5B3M_3std3sys4sync8once_boxINtB3_7OnceBoxNtNtNtNtNtB7_3pal4unix4sync5mutex5MutexE10initializeNCNvMNtNtB5_5mutex7pthreadNtB1S_5Mutex3get0ECs3O4ZRUMviTO_4test
00000001000d2414 t __RINvMs0_NtNtNtNtCsa9BKTri5B3M_3std3sys12thread_local6native4lazyINtB6_7StorageINtNtCsgtPOCBgevO_4core4cell4CellINtNtB1j_6option6OptionNtNtNtNtBe_4sync4mpmc7context7ContextEEuE16get_or_init_slowNvNvNvMB2a_B28_4with7CONTEXT27___rust_std_internal_init_fnECs3O4ZRUMviTO_4test
00000001000d24f4 T __RINvMs6_NtCs9nAj5kJTqSU_9hashbrown3rawINtB6_8RawTableTNtNtCs3O4ZRUMviTO_4test5types6TestIdNtNvBU_9run_tests11RunningTestEE14reserve_rehashNCINvNtB8_3map11make_hasherBQ_B1q_INtNtCsgtPOCBgevO_4core4hash18BuildHasherDefaultNtNtNtCsa9BKTri5B3M_3std4hash6random13DefaultHasherEE0EBU_
00000001000d2714 T __RINvMs6_NtCs9nAj5kJTqSU_9hashbrown3rawINtB6_8RawTableTNtNtCslJsSqIQKwiA_5alloc6string6StringINtNtBU_3vec3VechEEE14reserve_rehashNCINvNtB8_3map11make_hasherBQ_B1s_NtNtNtCsa9BKTri5B3M_3std4hash6random11RandomStateE0ECs3O4ZRUMviTO_4test
00000001000d2954 T __RINvMs6_NtCs9nAj5kJTqSU_9hashbrown3rawINtB6_8RawTableTNtNtCslJsSqIQKwiA_5alloc6string6StringbEE14reserve_rehashNCINvNtB8_3map11make_hasherBQ_bNtNtNtCsa9BKTri5B3M_3std4hash6random11RandomStateE0ECs3O4ZRUMviTO_4test
00000001000d2b7c T __RINvMs6_NtCs9nAj5kJTqSU_9hashbrown3rawINtB6_8RawTableTNtNtCslJsSqIQKwiA_5alloc6string6StringmEE14reserve_rehashNCINvNtB8_3map11make_hasherBQ_mNtNtNtCsa9BKTri5B3M_3std4hash6random11RandomStateE0ECs3O4ZRUMviTO_4test
00000001000d2da4 T __RINvNtCsgtPOCBgevO_4core9panicking13assert_failedINtNtB4_6option6OptioncEBL_ECs3O4ZRUMviTO_4test
00000001000d2dd8 t __RINvNvMs2_NtCslJsSqIQKwiA_5alloc7raw_vecINtB8_11RawVecInnerpE7reserve21do_reserve_and_handleNtNtBa_5alloc6GlobalECs3O4ZRUMviTO_4test
00000001000d2e64 t __RNCINvMNtNtNtCsa9BKTri5B3M_3std4sync4mpmc7contextNtB5_7Context4withNCNvMs1_NtB7_4listINtB1b_7ChannelNtNtCs3O4ZRUMviTO_4test5event13CompletedTestE4recvs_0uEs0_0B1E_
00000001000d2f10 t __RNCINvMNtNtNtCsa9BKTri5B3M_3std4sync4mpmc7contextNtB5_7Context4withNCNvMs1_NtB7_4zeroINtB1b_7ChannelNtNtCs3O4ZRUMviTO_4test5event13CompletedTestE4send0INtNtCsgtPOCBgevO_4core6result6ResultuINtNtB7_5error16SendTimeoutErrorB1A_EEEs0_0B1E_
00000001000d2fe0 t __RNCINvMNtNtNtCsa9BKTri5B3M_3std4sync4mpmc7contextNtB5_7Context4withNCNvMs_NtB7_5arrayINtB1a_7ChannelNtNtCs3O4ZRUMviTO_4test5event13CompletedTestE4send0uEs0_0B1E_
00000001000d308c t __RNCNvNtNtCsgtPOCBgevO_4core3str7pattern13simd_containss0_0Cs3O4ZRUMviTO_4test
00000001000d318c T __RNvMs3_NtCslJsSqIQKwiA_5alloc7raw_vecINtB5_6RawVecNtNtCs3O4ZRUMviTO_4test5types13TestDescAndFnE8grow_oneBQ_
00000001000d318c T __RNvMs3_NtCslJsSqIQKwiA_5alloc7raw_vecINtB5_6RawVecNtNvCs3O4ZRUMviTO_4test9run_tests12TimeoutEntryE8grow_oneBQ_
00000001000d318c T __RNvMs3_NtCslJsSqIQKwiA_5alloc7raw_vecINtB5_6RawVecTNtNtCs3O4ZRUMviTO_4test5types8TestDescINtNtB7_3vec3VechEEE8grow_oneBR_
00000001000d31f4 T __RNvMs3_NtCslJsSqIQKwiA_5alloc7raw_vecINtB5_6RawVecNtNtCs3O4ZRUMviTO_4test5types8TestDescE8grow_oneBQ_
00000001000d325c T __RNvMs3_NtCslJsSqIQKwiA_5alloc7raw_vecINtB5_6RawVecNtNtCsa9BKTri5B3M_3std4path7PathBufE8grow_oneCs3O4ZRUMviTO_4test
00000001000d325c T __RNvMs3_NtCslJsSqIQKwiA_5alloc7raw_vecINtB5_6RawVecNtNtNtNtCsa9BKTri5B3M_3std4sync4mpmc5waker5EntryE8grow_oneCs3O4ZRUMviTO_4test
00000001000d32c4 T __RNvMs3_NtCslJsSqIQKwiA_5alloc7raw_vecINtB5_6RawVecNtNtNtNtCs3O4ZRUMviTO_4test4term8terminfo4parm5ParamE8grow_oneBU_
00000001000d332c T __RNvMs3_NtCslJsSqIQKwiA_5alloc7raw_vecINtB5_6RawVecTNtNtCs3O4ZRUMviTO_4test5types6TestIdNtBP_13TestDescAndFnEE8grow_oneBR_
00000001000d3394 T __RNvMs3_NtCslJsSqIQKwiA_5alloc7raw_vecINtB5_6RawVecTNtNtCs3O4ZRUMviTO_4test5types8TestDescNtNtBR_11test_result10TestResultNtNtCsgtPOCBgevO_4core4time8DurationINtNtB7_3vec3VechEEE8grow_oneBR_
00000001000d33fc T __RNvMs3_NtCslJsSqIQKwiA_5alloc7raw_vecINtB5_6RawVecTjNtCs2kLJYcThBmZ_7getopts6OptvalEE8grow_oneCs3O4ZRUMviTO_4test
00000001000d3464 T __RNvMs3_NtCslJsSqIQKwiA_5alloc7raw_vecINtB5_6RawVecdE8grow_oneCs3O4ZRUMviTO_4test
00000001000d34cc T __RNvMs3_NtNtCslJsSqIQKwiA_5alloc11collections9vec_dequeINtB5_8VecDequeNtNvCs3O4ZRUMviTO_4test9run_tests12TimeoutEntryE4growB19_
00000001000d3558 t __RNvMs4_NtCslJsSqIQKwiA_5alloc7raw_vecNtB5_11RawVecInner11finish_growCs3O4ZRUMviTO_4test
00000001000d360c t __RNvXNvNtNtCsa9BKTri5B3M_3std3sys12thread_local20abort_on_dtor_unwindNtB2_15DtorUnwindGuardNtNtNtCsgtPOCBgevO_4core3ops4drop4Drop4drop
00000001000d363c t __RINvNvMs2_NtCslJsSqIQKwiA_5alloc7raw_vecINtB8_11RawVecInnerpE7reserve21do_reserve_and_handleNtNtBa_5alloc6GlobalECs2kLJYcThBmZ_7getopts
00000001000d36c8 T __RNvMs3_NtCslJsSqIQKwiA_5alloc7raw_vecINtB5_6RawVecNtCs2kLJYcThBmZ_7getopts8OptGroupE8grow_oneBO_
00000001000d3730 T __RNvMs3_NtCslJsSqIQKwiA_5alloc7raw_vecINtB5_6RawVecReE8grow_oneCs2kLJYcThBmZ_7getopts
00000001000d3798 t __RNvMs4_NtCslJsSqIQKwiA_5alloc7raw_vecNtB5_11RawVecInner11finish_growCs2kLJYcThBmZ_7getopts
00000001000d384c T __RINvNtCscNegbyJkm8k_10serde_json4read20parse_unicode_escapeNtB2_9SliceReadEB4_
00000001000d3bc0 t __RNvMs3_NtCscNegbyJkm8k_10serde_json4readNtB5_9SliceRead19skip_to_escape_slow
00000001000d3c8c T __RINvMs0_NtCscNegbyJkm8k_10serde_json5errorNtB6_5Error12fix_positionNCNvMs3_NtB8_2deINtB1b_12DeserializerNtNtB8_4read7StrReadE12fix_position0EB8_
00000001000d3e34 T __RNvMs0_NtCscNegbyJkm8k_10serde_json5errorNtB5_5Error6syntax
00000001000d3ecc T __RNvMs3_NtCscNegbyJkm8k_10serde_json2deINtB5_12DeserializerNtNtB7_4read7StrReadE10peek_errorB7_
00000001000d3f7c T __RNvMs3_NtCscNegbyJkm8k_10serde_json2deINtB5_12DeserializerNtNtB7_4read7StrReadE12fix_positionB7_
00000001000d3fb4 T __RNvMs3_NtCscNegbyJkm8k_10serde_json2deINtB5_12DeserializerNtNtB7_4read7StrReadE18parse_long_decimalB7_
00000001000d41e4 T __RNvMs3_NtCscNegbyJkm8k_10serde_json2deINtB5_12DeserializerNtNtB7_4read7StrReadE18parse_long_integerB7_
00000001000d4384 T __RNvMs3_NtCscNegbyJkm8k_10serde_json2deINtB5_12DeserializerNtNtB7_4read7StrReadE22parse_decimal_overflowB7_
00000001000d4544 T __RNvMs3_NtCscNegbyJkm8k_10serde_json2deINtB5_12DeserializerNtNtB7_4read7StrReadE23parse_exponent_overflowB7_
00000001000d4658 T __RNvMs3_NtCscNegbyJkm8k_10serde_json2deINtB5_12DeserializerNtNtB7_4read7StrReadE5errorB7_
00000001000d4708 t __RINvMNtNtCsa9BKTri5B3M_3std4sync9once_lockINtB3_8OnceLockINtNtB5_14reentrant_lock13ReentrantLockINtNtCsgtPOCBgevO_4core4cell7RefCellINtNtNtNtB7_2io8buffered10linewriter10LineWriterNtNtB2d_5stdio9StdoutRawEEEE10initializeNCINvB2_11get_or_initNCNvB2U_6stdout0E0zEB7_
00000001000d4768 t __RINvMNtNtCsa9BKTri5B3M_3std4sync9once_lockINtB3_8OnceLockINtNtB5_14reentrant_lock13ReentrantLockINtNtCsgtPOCBgevO_4core4cell7RefCellINtNtNtNtB7_2io8buffered10linewriter10LineWriterNtNtB2d_5stdio9StdoutRawEEEE10initializeNCINvB2_11get_or_initNCNvB2U_7cleanup0E0zEB7_
00000001000d47cc t __RINvMNtNtCsgtPOCBgevO_4core4cell4onceINtB3_8OnceCellINtNtB7_6result6ResultINtNtB7_6option6OptionINtNtCslJsSqIQKwiA_5alloc5boxed3BoxINtNtCs8Eu24pkHj9m_9addr2line4unit7DwoUnitINtNtNtCsjevKHkJAzVy_5gimli4read12endian_slice11EndianSliceNtNtB2S_9endianity12LittleEndianEEEENtB2Q_5ErrorEE8try_initNCINvB2_11get_or_initNCNCNvMB28_INtB28_7ResUnitB2L_E14dwarf_and_units4_00E0zECsa9BKTri5B3M_3std
00000001000d4814 t __RINvMNtNtCsgtPOCBgevO_4core4cell4onceINtB3_8OnceCellINtNtB7_6result6ResultINtNtB7_6option6OptionINtNtCslJsSqIQKwiA_5alloc5boxed3BoxINtNtCs8Eu24pkHj9m_9addr2line4unit7DwoUnitINtNtNtCsjevKHkJAzVy_5gimli4read12endian_slice11EndianSliceNtNtB2S_9endianity12LittleEndianEEEENtB2Q_5ErrorEE8try_initNCINvB2_11get_or_initNCNvMB28_INtB28_7ResUnitB2L_E14dwarf_and_units2_0E0zECsa9BKTri5B3M_3std
00000001000d487c t __RINvMNtNtCsgtPOCBgevO_4core4cell4onceINtB3_8OnceCellINtNtB7_6result6ResultINtNtCs8Eu24pkHj9m_9addr2line8function8FunctionINtNtNtCsjevKHkJAzVy_5gimli4read12endian_slice11EndianSliceNtNtB22_9endianity12LittleEndianEENtB20_5ErrorEE8try_initNCINvB2_11get_or_initNCNvMs_B1d_INtB1d_12LazyFunctionB1V_E6borrow0E0zECsa9BKTri5B3M_3std
00000001000d4e9c t __RINvMNtNtCsgtPOCBgevO_4core4cell4onceINtB3_8OnceCellINtNtB7_6result6ResultINtNtCs8Eu24pkHj9m_9addr2line8function9FunctionsINtNtNtCsjevKHkJAzVy_5gimli4read12endian_slice11EndianSliceNtNtB23_9endianity12LittleEndianEENtB21_5ErrorEE8try_initNCINvB2_11get_or_initNCNvMB1d_INtB1d_13LazyFunctionsB1W_E6borrow0E0zECsa9BKTri5B3M_3std
00000001000d5b08 t __RINvMNtNtCsgtPOCBgevO_4core4cell4onceINtB3_8OnceCellINtNtB7_6result6ResultNtNtCs8Eu24pkHj9m_9addr2line4line5LinesNtNtCsjevKHkJAzVy_5gimli4read5ErrorEE8try_initNCINvB2_11get_or_initNCINvMB1c_NtB1c_9LazyLines6borrowINtNtB1P_12endian_slice11EndianSliceNtNtB1R_9endianity12LittleEndianEE0E0zECsa9BKTri5B3M_3std
00000001000d7388 t __RINvMNtNtCsgtPOCBgevO_4core4cell4onceINtB3_8OnceCellNtNtNtCsa9BKTri5B3M_3std6thread6thread6ThreadE8try_initNCINvB2_11get_or_initNvNtBS_7current18current_or_unnamedE0zEBU_
00000001000d7484 t __RINvMNtNtNtCsa9BKTri5B3M_3std3sys4sync8once_boxINtB3_7OnceBoxNtNtNtNtNtB7_3pal4unix4sync5mutex5MutexE10initializeNCNvMNtNtB5_5mutex7pthreadNtB1S_5Mutex3get0EB9_
00000001000d7568 t __RINvNtCsa9BKTri5B3M_3std2rt15handle_rt_paniciEB4_
00000001000d7598 T __RINvNtCsgtPOCBgevO_4core9panicking13assert_failedAhj4_RShECsa9BKTri5B3M_3std
00000001000d75d0 T __RINvNtCsgtPOCBgevO_4core9panicking13assert_failedllECsa9BKTri5B3M_3std
00000001000d75f8 T __RINvNtNtCsa9BKTri5B3M_3std3sys9backtrace26___rust_end_short_backtraceNCNvNtB6_5alloc8rust_oom0zEB6_
00000001000d7604 t __RINvNtNtNtCsa9BKTri5B3M_3std3sys7helpers14small_c_string24run_with_cstr_allocatingINtNtCsgtPOCBgevO_4core6option6OptionNtNtNtB8_3ffi6os_str8OsStringEEB8_
00000001000d76b4 t __RINvNtNtNtCsa9BKTri5B3M_3std3sys7helpers14small_c_string24run_with_cstr_allocatingNtNtNtB6_2fs4unix4FileEB8_
00000001000d7780 t __RINvNtNtNtCsa9BKTri5B3M_3std3sys7helpers14small_c_string24run_with_cstr_allocatingNtNtNtB6_2fs4unix8FileAttrEB8_
00000001000d783c t __RINvNtNtNtCsa9BKTri5B3M_3std3sys7helpers14small_c_string24run_with_cstr_allocatingONtNtCs8KlBXAGVruC_4libc4unix3DIREB8_
00000001000d78d8 t __RINvNvMs2_NtCslJsSqIQKwiA_5alloc7raw_vecINtB8_11RawVecInnerpE7reserve21do_reserve_and_handleNtNtBa_5alloc6GlobalECsa9BKTri5B3M_3std
00000001000d7964 t __RNCNCNCNvNtCsa9BKTri5B3M_3std2rt19lang_start_internal00s_0B9_
00000001000d7994 t __RNCNvNtCsa9BKTri5B3M_3std5alloc8rust_oom0B5_
00000001000d79c8 t __RNCNvNtNtCsgtPOCBgevO_4core3str7pattern13simd_containss0_0Csa9BKTri5B3M_3std
00000001000d7ac8 T __RNvCs9wFQrvczXsK_7___rustc10rust_panic
00000001000d7b10 T __RNvCs9wFQrvczXsK_7___rustc26___rust_alloc_error_handler
00000001000d7b28 t __RNvMNtNtCsa9BKTri5B3M_3std6thread6scopedNtB2_9ScopeData8overflow
00000001000d7b50 T __RNvMNtNtNtCsa9BKTri5B3M_3std4sync4mpmc7contextNtB2_7Context3new
00000001000d7c98 T __RNvMNtNtNtNtCsa9BKTri5B3M_3std3sys4sync4once5queueNtB2_4Once4call
00000001000d7e8c T __RNvMs1_NtNtNtNtCsa9BKTri5B3M_3std3sys4sync6rwlock5queueNtB5_6RwLock16unlock_contended
00000001000d7ecc T __RNvMs1_NtNtNtNtCsa9BKTri5B3M_3std3sys4sync6rwlock5queueNtB5_6RwLock21read_unlock_contended
00000001000d7f0c T __RNvMs3_NtCslJsSqIQKwiA_5alloc7raw_vecINtB5_6RawVecINtNtB7_5boxed3BoxDINtNtNtCsgtPOCBgevO_4core3ops8function5FnMutuEp6OutputINtNtB1c_6result6ResultuNtNtNtCsa9BKTri5B3M_3std2io5error5ErrorENtNtB1c_6marker4SyncNtB31_4SendEL_EE8grow_oneB2r_
00000001000d7f0c T __RNvMs3_NtCslJsSqIQKwiA_5alloc7raw_vecINtB5_6RawVecNtNtNtNtCsa9BKTri5B3M_3std12backtrace_rs9symbolize5gimli14LibrarySegmentE8grow_oneBU_
00000001000d7f0c T __RNvMs3_NtCslJsSqIQKwiA_5alloc7raw_vecINtB5_6RawVecTNtNtCsjevKHkJAzVy_5gimli6common15DebugInfoOffsetNtBP_18DebugArangesOffsetEE8grow_oneCsa9BKTri5B3M_3std
00000001000d7f74 T __RNvMs3_NtCslJsSqIQKwiA_5alloc7raw_vecINtB5_6RawVecINtNtCs8Eu24pkHj9m_9addr2line4unit7ResUnitINtNtNtCsjevKHkJAzVy_5gimli4read12endian_slice11EndianSliceNtNtB1z_9endianity12LittleEndianEEE8grow_oneCsa9BKTri5B3M_3std
00000001000d7fdc T __RNvMs3_NtCslJsSqIQKwiA_5alloc7raw_vecINtB5_6RawVecINtNtCs8Eu24pkHj9m_9addr2line4unit7SupUnitINtNtNtCsjevKHkJAzVy_5gimli4read12endian_slice11EndianSliceNtNtB1z_9endianity12LittleEndianEEE8grow_oneCsa9BKTri5B3M_3std
00000001000d8044 T __RNvMs3_NtCslJsSqIQKwiA_5alloc7raw_vecINtB5_6RawVecINtNtCs8Eu24pkHj9m_9addr2line8function12LazyFunctionINtNtNtCsjevKHkJAzVy_5gimli4read12endian_slice11EndianSliceNtNtB1J_9endianity12LittleEndianEEE8grow_oneCsa9BKTri5B3M_3std
00000001000d8044 T __RNvMs3_NtCslJsSqIQKwiA_5alloc7raw_vecINtB5_6RawVecNtNtCsa9BKTri5B3M_3std9backtrace15BacktraceSymbolE8grow_oneBQ_
00000001000d80ac T __RNvMs3_NtCslJsSqIQKwiA_5alloc7raw_vecINtB5_6RawVecINtNtCs8Eu24pkHj9m_9addr2line8function15InlinedFunctionINtNtNtCsjevKHkJAzVy_5gimli4read12endian_slice11EndianSliceNtNtB1M_9endianity12LittleEndianEEE8grow_oneCsa9BKTri5B3M_3std
00000001000d80ac T __RNvMs3_NtCslJsSqIQKwiA_5alloc7raw_vecINtB5_6RawVecTNtNtNtCsa9BKTri5B3M_3std3ffi6os_str8OsStringBN_EE8grow_oneBT_
00000001000d8114 T __RNvMs3_NtCslJsSqIQKwiA_5alloc7raw_vecINtB5_6RawVecINtNtNtCsjevKHkJAzVy_5gimli4read4line9FileEntryINtNtBR_12endian_slice11EndianSliceNtNtBT_9endianity12LittleEndianEjEE8grow_oneCsa9BKTri5B3M_3std
00000001000d817c T __RNvMs3_NtCslJsSqIQKwiA_5alloc7raw_vecINtB5_6RawVecINtNtNtCsjevKHkJAzVy_5gimli4read4unit14AttributeValueINtNtBR_12endian_slice11EndianSliceNtNtBT_9endianity12LittleEndianEjEE8grow_oneCsa9BKTri5B3M_3std
00000001000d817c T __RNvMs3_NtCslJsSqIQKwiA_5alloc7raw_vecINtB5_6RawVecNtNtB7_6string6StringE8grow_oneCsa9BKTri5B3M_3std
00000001000d817c T __RNvMs3_NtCslJsSqIQKwiA_5alloc7raw_vecINtB5_6RawVecNtNtCs8Eu24pkHj9m_9addr2line4line7LineRowE8grow_oneCsa9BKTri5B3M_3std
00000001000d817c T __RNvMs3_NtCslJsSqIQKwiA_5alloc7raw_vecINtB5_6RawVecNtNtCs8Eu24pkHj9m_9addr2line8function15FunctionAddressE8grow_oneCsa9BKTri5B3M_3std
00000001000d817c T __RNvMs3_NtCslJsSqIQKwiA_5alloc7raw_vecINtB5_6RawVecNtNtNtCsa9BKTri5B3M_3std3ffi6os_str8OsStringE8grow_oneBS_
00000001000d81e4 T __RNvMs3_NtCslJsSqIQKwiA_5alloc7raw_vecINtB5_6RawVecNtNtCs3HloHcPU0cS_6object4read13ObjectMapFileE8grow_oneCsa9BKTri5B3M_3std
00000001000d81e4 T __RNvMs3_NtCslJsSqIQKwiA_5alloc7raw_vecINtB5_6RawVecNtNtCs8Eu24pkHj9m_9addr2line4line12LineSequenceE8grow_oneCsa9BKTri5B3M_3std
00000001000d81e4 T __RNvMs3_NtCslJsSqIQKwiA_5alloc7raw_vecINtB5_6RawVecNtNtCs8Eu24pkHj9m_9addr2line4unit9UnitRangeE8grow_oneCsa9BKTri5B3M_3std
00000001000d81e4 T __RNvMs3_NtCslJsSqIQKwiA_5alloc7raw_vecINtB5_6RawVecNtNtCs8Eu24pkHj9m_9addr2line8function22InlinedFunctionAddressE8grow_oneCsa9BKTri5B3M_3std
00000001000d824c T __RNvMs3_NtCslJsSqIQKwiA_5alloc7raw_vecINtB5_6RawVecNtNtCs3HloHcPU0cS_6object4read14ObjectMapEntryE8grow_oneCsa9BKTri5B3M_3std
00000001000d82b4 T __RNvMs3_NtCslJsSqIQKwiA_5alloc7raw_vecINtB5_6RawVecNtNtNtCsjevKHkJAzVy_5gimli4read4line15FileEntryFormatE8grow_oneCsa9BKTri5B3M_3std
00000001000d831c T __RNvMs3_NtCslJsSqIQKwiA_5alloc7raw_vecINtB5_6RawVecPaE8grow_oneCsa9BKTri5B3M_3std
00000001000d831c T __RNvMs3_NtCslJsSqIQKwiA_5alloc7raw_vecINtB5_6RawVecRINtNtCs8Eu24pkHj9m_9addr2line8function15InlinedFunctionINtNtNtCsjevKHkJAzVy_5gimli4read12endian_slice11EndianSliceNtNtB1N_9endianity12LittleEndianEEE8grow_oneCsa9BKTri5B3M_3std
00000001000d8384 T __RNvMs3_NtCslJsSqIQKwiA_5alloc7raw_vecINtB5_6RawVecTOhFUKCBN_EuENtNtCsa9BKTri5B3M_3std5alloc6SystemE8grow_oneB13_
00000001000d83a8 t __RNvMs4_NtCslJsSqIQKwiA_5alloc7raw_vecINtB5_11RawVecInnerNtNtCsa9BKTri5B3M_3std5alloc6SystemE11finish_growBW_
00000001000d843c t __RNvMs4_NtCslJsSqIQKwiA_5alloc7raw_vecINtB5_11RawVecInnerNtNtCsa9BKTri5B3M_3std5alloc6SystemE14grow_amortizedBW_
00000001000d84ac t __RNvMs4_NtCslJsSqIQKwiA_5alloc7raw_vecNtB5_11RawVecInner11finish_growCsa9BKTri5B3M_3std
00000001000d8560 T __RNvMs_NtNtNtCsa9BKTri5B3M_3std2io8buffered9bufwriterINtB4_9BufWriterNtNtB8_5stdio9StdoutRawE10write_coldBa_
00000001000d865c T __RNvMs_NtNtNtCsa9BKTri5B3M_3std2io8buffered9bufwriterINtB4_9BufWriterNtNtB8_5stdio9StdoutRawE14write_all_coldBa_
00000001000d86ec T __RNvNtCsa9BKTri5B3M_3std5alloc8rust_oom
00000001000d8704 T __RNvNtCsa9BKTri5B3M_3std7process5abort
00000001000d8710 T __RNvNtNtCsa9BKTri5B3M_3std6thread5local18panic_access_error
00000001000d8740 t __RNvNtNtCsa9BKTri5B3M_3std6thread7current12init_current
00000001000d887c T __RNvNtNtCsa9BKTri5B3M_3std9panicking11panic_count17is_zero_slow_path
00000001000d88a8 t __RNvNtNtNtCsa9BKTri5B3M_3std3sys3pal4unix14abort_internal
00000001000d88b4 t __RNvNvMNtNtCsa9BKTri5B3M_3std6thread2idNtB4_8ThreadId3new9exhausted
00000001000d88d4 t __RNvNvMNtNtNtNtNtCsa9BKTri5B3M_3std3sys3pal4unix4sync5mutexNtB4_5Mutex4lock4fail
00000001000d8934 T __RNvNvNtCsa9BKTri5B3M_3std9panicking12catch_unwind7cleanup
00000001000d8974 t __RNvXNvNtNtCsa9BKTri5B3M_3std3sys12thread_local20abort_on_dtor_unwindNtB2_15DtorUnwindGuardNtNtNtCsgtPOCBgevO_4core3ops4drop4Drop4drop
00000001000d89a4 T __RNvXs0_NtNtNtNtCsa9BKTri5B3M_3std3sys4sync6rwlock5queueNtB5_10PanicGuardNtNtNtCsgtPOCBgevO_4core3ops4drop4Drop4drop
00000001000d89d4 T __RINvNvMs2_NtCslJsSqIQKwiA_5alloc7raw_vecINtB8_11RawVecInnerpE7reserve21do_reserve_and_handleNtNtBa_5alloc6GlobalECs8Eu24pkHj9m_9addr2line
00000001000d89f4 T __RNvMs4_NtCslJsSqIQKwiA_5alloc7raw_vecNtB5_11RawVecInner11finish_growCsjevKHkJAzVy_5gimli
00000001000d8af0 t __RINvNvMs2_NtCslJsSqIQKwiA_5alloc7raw_vecINtB8_11RawVecInnerpE7reserve21do_reserve_and_handleNtNtBa_5alloc6GlobalEBa_
00000001000d8b68 T __RNvMs3_NtCslJsSqIQKwiA_5alloc7raw_vecINtB5_6RawVechE8grow_oneB7_
00000001000d8bc8 t __RNvMs4_NtCslJsSqIQKwiA_5alloc7raw_vecNtB5_11RawVecInner11finish_growB7_
00000001000d8c54 T __RNvNtCslJsSqIQKwiA_5alloc5alloc18handle_alloc_error
00000001000d8c6c T __RNvNtCslJsSqIQKwiA_5alloc7raw_vec12handle_error
00000001000d8c80 T __RNvNtCslJsSqIQKwiA_5alloc7raw_vec17capacity_overflow
00000001000d8ca0 T __RNvNvMs_NtCslJsSqIQKwiA_5alloc3vecINtB6_3VecppE11swap_remove13assert_failed
00000001000d8ccc T __RNvNvMs_NtCslJsSqIQKwiA_5alloc3vecINtB6_3VecppE6remove13assert_failed
00000001000d8cf0 T __RINvNtCsgtPOCBgevO_4core9panicking13assert_failedINtNtB4_6option6OptionjEBL_EB4_
00000001000d8d18 T __RINvNtCsgtPOCBgevO_4core9panicking13assert_failedjjEB4_
00000001000d8d40 T __RINvNtCsgtPOCBgevO_4core9panicking13assert_failedyyEB4_
00000001000d8d68 T __RNvNtCsgtPOCBgevO_4core3num22from_ascii_radix_panic
00000001000d8d9c T __RNvNtCsgtPOCBgevO_4core3str16slice_error_fail
00000001000d8da8 T __RNvNtCsgtPOCBgevO_4core4cell22panic_already_borrowed
00000001000d8dd8 T __RNvNtCsgtPOCBgevO_4core6option13expect_failed
00000001000d8e08 T __RNvNtCsgtPOCBgevO_4core6option13unwrap_failed
00000001000d8e24 T __RNvNtCsgtPOCBgevO_4core6result13unwrap_failed
00000001000d8e6c T __RNvNtCsgtPOCBgevO_4core9panicking14panic_nounwind
00000001000d8e8c T __RNvNtCsgtPOCBgevO_4core9panicking16panic_in_cleanup
00000001000d8ea4 T __RNvNtCsgtPOCBgevO_4core9panicking18panic_bounds_check
00000001000d8edc T __RNvNtCsgtPOCBgevO_4core9panicking18panic_nounwind_fmt
00000001000d8f0c T __RNvNtCsgtPOCBgevO_4core9panicking19assert_failed_inner
00000001000d8fc8 T __RNvNtCsgtPOCBgevO_4core9panicking19panic_cannot_unwind
00000001000d8fe0 T __RNvNtCsgtPOCBgevO_4core9panicking26panic_nounwind_nobacktrace
00000001000d9000 T __RNvNtCsgtPOCBgevO_4core9panicking30panic_null_pointer_dereference
00000001000d901c T __RNvNtCsgtPOCBgevO_4core9panicking36panic_misaligned_pointer_dereference
00000001000d9058 T __RNvNtCsgtPOCBgevO_4core9panicking5panic
00000001000d906c T __RNvNtCsgtPOCBgevO_4core9panicking9panic_fmt
00000001000d9094 T __RNvNtNtCsgtPOCBgevO_4core5slice5index16slice_index_fail
00000001000d9148 T __RNvNtNtCsgtPOCBgevO_4core9panicking11panic_const23panic_const_div_by_zero
00000001000d9164 T __RNvNtNtCsgtPOCBgevO_4core9panicking11panic_const23panic_const_rem_by_zero
00000001000d9180 T __RNvNtNtCsgtPOCBgevO_4core9panicking11panic_const24panic_const_add_overflow
00000001000d919c T __RNvNtNtCsgtPOCBgevO_4core9panicking11panic_const24panic_const_div_overflow
00000001000d91b8 T __RNvNtNtCsgtPOCBgevO_4core9panicking11panic_const24panic_const_mul_overflow
00000001000d91d4 T __RNvNtNtCsgtPOCBgevO_4core9panicking11panic_const24panic_const_neg_overflow
00000001000d91f0 T __RNvNtNtCsgtPOCBgevO_4core9panicking11panic_const24panic_const_rem_overflow
00000001000d920c T __RNvNtNtCsgtPOCBgevO_4core9panicking11panic_const24panic_const_shl_overflow
00000001000d9228 T __RNvNtNtCsgtPOCBgevO_4core9panicking11panic_const24panic_const_shr_overflow
00000001000d9244 T __RNvNtNtCsgtPOCBgevO_4core9panicking11panic_const24panic_const_sub_overflow
00000001000d9260 T __RNvNtNtNtCsgtPOCBgevO_4core3num3imp9int_log1030panic_for_nonpositive_argument
00000001000d927c T __RNvNtNtNtNtCsgtPOCBgevO_4core5slice4sort6shared9smallsort22panic_on_ord_violation
00000001000d9dc4 s GCC_except_table3
00000001000d9dd4 s GCC_except_table4
00000001000d9de4 s GCC_except_table5
00000001000d9df4 s GCC_except_table7
00000001000d9e0c s GCC_except_table19
00000001000d9e28 s GCC_except_table25
00000001000d9e38 s GCC_except_table31
00000001000d9e58 s GCC_except_table32
00000001000d9e78 s GCC_except_table34
00000001000d9e98 s GCC_except_table46
00000001000d9ea4 s GCC_except_table47
00000001000d9eb0 s GCC_except_table48
00000001000d9ebc s GCC_except_table54
00000001000d9ee0 s GCC_except_table55
00000001000d9f08 s GCC_except_table60
00000001000d9f6c s GCC_except_table61
00000001000d9fdc s GCC_except_table69
00000001000d9ff8 s GCC_except_table76
00000001000da008 s GCC_except_table101
00000001000da02c s GCC_except_table102
00000001000da050 s GCC_except_table103
00000001000da074 s GCC_except_table104
00000001000da088 s GCC_except_table108
00000001000da094 s GCC_except_table109
00000001000da0a0 s GCC_except_table110
00000001000da0ac s GCC_except_table1
00000001000da0b8 s GCC_except_table5
00000001000da0c4 s GCC_except_table7
00000001000da0d0 s GCC_except_table9
00000001000da0dc s GCC_except_table11
00000001000da0e8 s GCC_except_table13
00000001000da11c s GCC_except_table17
00000001000da14c s GCC_except_table18
00000001000da15c s GCC_except_table24
00000001000da16c s GCC_except_table26
00000001000da184 s GCC_except_table28
00000001000da190 s GCC_except_table29
00000001000da19c s GCC_except_table30
00000001000da1c8 s GCC_except_table31
00000001000da1e4 s GCC_except_table32
00000001000da1f0 s GCC_except_table33
00000001000da214 s GCC_except_table35
00000001000da220 s GCC_except_table42
00000001000da23c s GCC_except_table43
00000001000da258 s GCC_except_table45
00000001000da274 s GCC_except_table48
00000001000da290 s GCC_except_table49
00000001000da2ac s GCC_except_table52
00000001000da2cc s GCC_except_table53
00000001000da2ec s GCC_except_table54
00000001000da2f8 s GCC_except_table55
00000001000da328 s GCC_except_table56
00000001000da348 s GCC_except_table58
00000001000da354 s GCC_except_table59
00000001000da360 s GCC_except_table60
00000001000da370 s GCC_except_table61
00000001000da37c s GCC_except_table62
00000001000da388 s GCC_except_table63
00000001000da394 s GCC_except_table64
00000001000da3a0 s GCC_except_table66
00000001000da3b4 s GCC_except_table67
00000001000da3cc s GCC_except_table70
00000001000da418 s GCC_except_table72
00000001000da448 s GCC_except_table73
00000001000da464 s GCC_except_table74
00000001000da480 s GCC_except_table75
00000001000da49c s GCC_except_table76
00000001000da4b8 s GCC_except_table79
00000001000da4d4 s GCC_except_table87
00000001000da4e0 s GCC_except_table92
00000001000da508 s GCC_except_table93
00000001000da53c s GCC_except_table96
00000001000da558 s GCC_except_table97
00000001000da564 s GCC_except_table98
00000001000da588 s GCC_except_table102
00000001000da5a8 s GCC_except_table103
00000001000da5b4 s GCC_except_table105
00000001000da5c4 s GCC_except_table110
00000001000da5d4 s GCC_except_table112
00000001000da5ec s GCC_except_table116
00000001000da5fc s GCC_except_table118
00000001000da624 s GCC_except_table120
00000001000da634 s GCC_except_table121
00000001000da654 s GCC_except_table122
00000001000da670 s GCC_except_table123
00000001000da698 s GCC_except_table125
00000001000da6b4 s GCC_except_table128
00000001000da6cc s GCC_except_table135
00000001000da71c s GCC_except_table136
00000001000da73c s GCC_except_table137
00000001000da778 s GCC_except_table138
00000001000da7ac s GCC_except_table139
00000001000da7c0 s GCC_except_table140
00000001000da7d4 s GCC_except_table141
00000001000da7e4 s GCC_except_table143
00000001000da7f8 s GCC_except_table144
00000001000da814 s GCC_except_table155
00000001000da828 s GCC_except_table156
00000001000da83c s GCC_except_table167
00000001000da878 s GCC_except_table168
00000001000da8a0 s GCC_except_table169
00000001000da8cc s GCC_except_table170
00000001000da8f4 s GCC_except_table176
00000001000da924 s GCC_except_table181
00000001000daa84 s GCC_except_table183
00000001000dab3c s GCC_except_table185
00000001000dabe4 s GCC_except_table187
00000001000dac08 s GCC_except_table188
00000001000dac48 s GCC_except_table194
00000001000dacec s GCC_except_table195
00000001000dad9c s GCC_except_table197
00000001000dadd0 s GCC_except_table200
00000001000db040 s GCC_except_table207
00000001000db050 s GCC_except_table208
00000001000db078 s GCC_except_table209
00000001000db0a0 s GCC_except_table211
00000001000db0b4 s GCC_except_table212
00000001000db0e4 s GCC_except_table214
00000001000db0f8 s GCC_except_table215
00000001000db128 s GCC_except_table217
00000001000db190 s GCC_except_table218
00000001000db1c0 s GCC_except_table219
00000001000db228 s GCC_except_table220
00000001000db258 s GCC_except_table221
00000001000db280 s GCC_except_table222
00000001000db2c4 s GCC_except_table223
00000001000db2dc s GCC_except_table225
00000001000db31c s GCC_except_table226
00000001000db350 s GCC_except_table227
00000001000db39c s GCC_except_table228
00000001000db3d8 s GCC_except_table230
00000001000db3e8 s GCC_except_table231
00000001000db3f8 s GCC_except_table232
00000001000db42c s GCC_except_table233
00000001000db478 s GCC_except_table234
00000001000db4a4 s GCC_except_table235
00000001000db6e0 s GCC_except_table236
00000001000db7f4 s GCC_except_table246
00000001000db818 s GCC_except_table248
00000001000db824 s GCC_except_table250
00000001000db878 s GCC_except_table251
00000001000db8a0 s GCC_except_table252
00000001000db8b0 s GCC_except_table253
00000001000db8c0 s GCC_except_table255
00000001000db8d0 s GCC_except_table256
00000001000db8e0 s GCC_except_table257
00000001000db8f0 s GCC_except_table258
00000001000db900 s GCC_except_table259
00000001000db918 s GCC_except_table260
00000001000db930 s GCC_except_table261
00000001000dbaf8 s GCC_except_table262
00000001000dbb0c s GCC_except_table265
00000001000dbb20 s GCC_except_table266
00000001000dbb38 s GCC_except_table267
00000001000dbb48 s GCC_except_table269
00000001000dbb74 s GCC_except_table270
00000001000dbb90 s GCC_except_table273
00000001000dbbf4 s GCC_except_table274
00000001000dbe44 s GCC_except_table275
00000001000dbee8 s GCC_except_table278
00000001000dbf28 s GCC_except_table279
00000001000dbf84 s GCC_except_table280
00000001000dbf98 s GCC_except_table283
00000001000dbfc0 s GCC_except_table284
00000001000dbfe4 s GCC_except_table287
00000001000dc000 s GCC_except_table292
00000001000dc02c s GCC_except_table293
00000001000dc050 s GCC_except_table294
00000001000dc068 s GCC_except_table296
00000001000dc078 s GCC_except_table297
00000001000dc088 s GCC_except_table304
00000001000dc09c s GCC_except_table305
00000001000dc0b4 s GCC_except_table327
00000001000dc0ec s GCC_except_table331
00000001000dc0fc s GCC_except_table338
00000001000dc118 s GCC_except_table340
00000001000dc12c s GCC_except_table345
00000001000dc144 s GCC_except_table350
00000001000dc160 s GCC_except_table352
00000001000dc1a0 s GCC_except_table353
00000001000dc1b4 s GCC_except_table354
00000001000dc1d0 s GCC_except_table355
00000001000dc1ec s GCC_except_table356
00000001000dc200 s GCC_except_table358
00000001000dc214 s GCC_except_table359
00000001000dc228 s GCC_except_table360
00000001000dc23c s GCC_except_table361
00000001000dc27c s GCC_except_table362
00000001000dc290 s GCC_except_table363
00000001000dc2ac s GCC_except_table364
00000001000dc2c8 s GCC_except_table365
00000001000dc2dc s GCC_except_table367
00000001000dc2f0 s GCC_except_table368
00000001000dc304 s GCC_except_table369
00000001000dc318 s GCC_except_table370
00000001000dc340 s GCC_except_table373
00000001000dc424 s GCC_except_table377
00000001000dc444 s GCC_except_table378
00000001000dc48c s GCC_except_table379
00000001000dc4a0 s GCC_except_table380
00000001000dc4bc s GCC_except_table381
00000001000dc5c0 s GCC_except_table384
00000001000dc5d4 s GCC_except_table385
00000001000dc5e8 s GCC_except_table386
00000001000dc630 s GCC_except_table387
00000001000dc644 s GCC_except_table388
00000001000dc660 s GCC_except_table389
00000001000dc764 s GCC_except_table391
00000001000dc778 s GCC_except_table392
00000001000dc78c s GCC_except_table393
00000001000dc7f4 s GCC_except_table394
00000001000dc808 s GCC_except_table395
00000001000dc824 s GCC_except_table396
00000001000dc844 s GCC_except_table398
00000001000dc858 s GCC_except_table399
00000001000dc884 s GCC_except_table400
00000001000dc898 s GCC_except_table401
00000001000dc900 s GCC_except_table402
00000001000dc914 s GCC_except_table403
00000001000dc930 s GCC_except_table404
00000001000dc950 s GCC_except_table406
00000001000dc964 s GCC_except_table407
00000001000dc990 s GCC_except_table408
00000001000dc9a4 s GCC_except_table412
00000001000dc9e4 s GCC_except_table413
00000001000dc9f4 s GCC_except_table425
00000001000dca14 s GCC_except_table428
00000001000dca28 s GCC_except_table430
00000001000dca3c s GCC_except_table438
00000001000dca5c s GCC_except_table6
00000001000dca7c s GCC_except_table8
00000001000dcb14 s GCC_except_table12
00000001000dcb30 s GCC_except_table15
00000001000dcb68 s GCC_except_table16
00000001000dcb94 s GCC_except_table18
00000001000dcbbc s GCC_except_table19
00000001000dcbe8 s GCC_except_table22
00000001000dcc04 s GCC_except_table33
00000001000dcc18 s GCC_except_table34
00000001000dcc34 s GCC_except_table42
00000001000dcc50 s GCC_except_table0
00000001000dcc8c s GCC_except_table29
00000001000dccb0 s GCC_except_table30
00000001000dccc0 s GCC_except_table43
00000001000dcce4 s GCC_except_table44
00000001000dccf4 s GCC_except_table49
00000001000dcd0c s GCC_except_table54
00000001000dcd24 s GCC_except_table59
00000001000dcd50 s GCC_except_table64
00000001000dcd74 s GCC_except_table69
00000001000dcd9c s GCC_except_table80
00000001000dcdb0 s GCC_except_table87
00000001000dcdc4 s GCC_except_table88
00000001000dcdd4 s GCC_except_table89
00000001000dcdf0 s GCC_except_table102
00000001000dce00 s GCC_except_table103
00000001000dce1c s GCC_except_table104
00000001000dce30 s GCC_except_table105
00000001000dce44 s GCC_except_table118
00000001000dce58 s GCC_except_table119
00000001000dce6c s GCC_except_table173
00000001000dce7c s GCC_except_table186
00000001000dce8c s GCC_except_table206
00000001000dcea8 s GCC_except_table216
00000001000dcec4 s GCC_except_table234
00000001000dcedc s GCC_except_table235
00000001000dcef4 s GCC_except_table269
00000001000dcf10 s GCC_except_table276
00000001000dcf20 s GCC_except_table277
00000001000dcf44 s GCC_except_table284
00000001000dcf54 s GCC_except_table4
00000001000dcf64 s GCC_except_table7
00000001000dcf74 s GCC_except_table8
00000001000dcf84 s GCC_except_table9
00000001000dcfb0 s GCC_except_table10
00000001000dcfe8 s GCC_except_table11
00000001000dcff8 s GCC_except_table12
00000001000dd008 s GCC_except_table16
00000001000dd034 s GCC_except_table17
00000001000dd060 s GCC_except_table21
00000001000dd070 s GCC_except_table22
00000001000dd080 s GCC_except_table23
00000001000dd090 s GCC_except_table24
00000001000dd0b8 s GCC_except_table25
00000001000dd0c8 s GCC_except_table28
00000001000dd0dc s GCC_except_table94
00000001000dd108 s GCC_except_table181
00000001000dd144 s GCC_except_table182
00000001000dd18c s GCC_except_table184
00000001000dd1c8 s GCC_except_table185
00000001000dd204 s GCC_except_table187
00000001000dd234 s GCC_except_table233
00000001000dd258 s GCC_except_table234
00000001000dd27c s GCC_except_table235
00000001000dd2a0 s GCC_except_table236
00000001000dd2c4 s GCC_except_table237
00000001000dd2e8 s GCC_except_table242
00000001000dd30c s GCC_except_table243
00000001000dd330 s GCC_except_table244
00000001000dd354 s GCC_except_table245
00000001000dd380 s GCC_except_table246
00000001000dd3a4 s GCC_except_table14
00000001000dd3cc s GCC_except_table15
00000001000dd3f4 s GCC_except_table16
00000001000dd41c s GCC_except_table17
00000001000dd444 s GCC_except_table19
00000001000dd46c s GCC_except_table20
00000001000dd494 s GCC_except_table21
00000001000dd4bc s GCC_except_table22
00000001000dd4e4 s GCC_except_table12
00000001000dd4f0 s GCC_except_table0
00000001000dd4fc s GCC_except_table2
00000001000dd520 s GCC_except_table19
00000001000dd55c s GCC_except_table33
00000001000dd57c s GCC_except_table67
00000001000dd5a0 s GCC_except_table68
00000001000dd638 s GCC_except_table0
00000001000dd648 s GCC_except_table6
00000001000dd658 s GCC_except_table7
00000001000dd668 s GCC_except_table47
00000001000dd678 s GCC_except_table48
00000001000dd688 s GCC_except_table53
00000001000dd6ac s GCC_except_table107
00000001000dd6c0 s GCC_except_table110
00000001000dd6d0 s GCC_except_table46
00000001000dd6fc s GCC_except_table55
00000001000dd758 s GCC_except_table56
00000001000dd778 s GCC_except_table81
00000001000dd788 s GCC_except_table85
00000001000dd7a4 s GCC_except_table89
00000001000dd7b0 s GCC_except_table102
00000001000dd7d8 s GCC_except_table103
00000001000dd7f8 s GCC_except_table113
00000001000dd808 s GCC_except_table114
00000001000dd818 s GCC_except_table186
00000001000dd834 s GCC_except_table193
00000001000dd850 s GCC_except_table1
00000001000dd868 s GCC_except_table8
00000001000dd880 s GCC_except_table10
00000001000dd898 s GCC_except_table17
00000001000dd8b0 s GCC_except_table63
00000001000dd8c0 s GCC_except_table77
00000001000dd8d0 s GCC_except_table79
00000001000dd8e0 s GCC_except_table93
00000001000dd8f0 s GCC_except_table1
00000001000dd8fc s GCC_except_table2
00000001000dd908 s GCC_except_table3
00000001000dd918 s GCC_except_table16
00000001000dd924 s GCC_except_table17
00000001000dd934 s GCC_except_table48
00000001000dd94c s GCC_except_table50
00000001000dd964 s GCC_except_table51
00000001000dd97c s GCC_except_table52
00000001000dd994 s GCC_except_table53
00000001000dd9ac s GCC_except_table54
00000001000dd9c4 s GCC_except_table57
00000001000dd9dc s GCC_except_table60
00000001000dd9f4 s GCC_except_table61
00000001000dda0c s GCC_except_table62
00000001000dda24 s GCC_except_table122
00000001000dda3c s GCC_except_table124
00000001000dda54 s GCC_except_table246
00000001000dda84 s GCC_except_table247
00000001000ddb14 s GCC_except_table248
00000001000ddb74 s GCC_except_table250
00000001000ddb8c s GCC_except_table266
00000001000ddba8 s GCC_except_table267
00000001000ddbc4 s GCC_except_table268
00000001000ddbe0 s GCC_except_table269
00000001000ddbfc s GCC_except_table270
00000001000ddc18 s GCC_except_table271
00000001000ddc34 s GCC_except_table272
00000001000ddc50 s GCC_except_table274
00000001000ddc6c s GCC_except_table275
00000001000ddc84 s GCC_except_table280
00000001000ddc94 s GCC_except_table335
00000001000ddcb0 s GCC_except_table337
00000001000ddcc0 s GCC_except_table338
00000001000ddcd0 s GCC_except_table346
00000001000ddcdc s GCC_except_table1
00000001000ddcec s GCC_except_table20
00000001000ddcfc s GCC_except_table47
00000001000ddd18 s GCC_except_table55
00000001000ddd24 s GCC_except_table56
00000001000ddd30 s GCC_except_table101
00000001000ddd4c s GCC_except_table109
00000001000ddd60 s GCC_except_table110
00000001000ddd74 s GCC_except_table111
00000001000ddd88 s GCC_except_table112
00000001000ddd9c s GCC_except_table114
00000001000ddda8 s GCC_except_table115
00000001000dddb4 s GCC_except_table116
00000001000dddc8 s GCC_except_table117
00000001000dddd4 s GCC_except_table125
00000001000ddde0 s GCC_except_table16
00000001000dde04 s GCC_except_table19
00000001000dde20 s GCC_except_table22
00000001000dde3c s GCC_except_table36
00000001000dde84 s GCC_except_table39
00000001000ddea8 s GCC_except_table43
00000001000dded0 s GCC_except_table47
00000001000ddef4 s GCC_except_table50
00000001000ddf2c s GCC_except_table51
00000001000ddf4c s GCC_except_table78
00000001000de034 s GCC_except_table81
00000001000de0bc s GCC_except_table89
00000001000de0dc s GCC_except_table91
00000001000de100 s GCC_except_table114
00000001000de128 s GCC_except_table119
00000001000de13c s GCC_except_table72
00000001000de160 s GCC_except_table80
00000001000de170 s GCC_except_table19
00000001000de198 s GCC_except_table33
00000001000de1c4 s GCC_except_table4
00000001000de1f8 s GCC_except_table5
00000001000de218 s GCC_except_table72
00000001000de234 s GCC_except_table73
00000001000de250 s GCC_except_table76
00000001000de26c s GCC_except_table11
00000001000de290 s GCC_except_table32
00000001000de2e4 s GCC_except_table37
00000001000de354 s GCC_except_table40
00000001000de3f4 s GCC_except_table43
00000001000de444 s GCC_except_table6
00000001000de450 s GCC_except_table13
00000001000de460 s GCC_except_table15
00000001000de484 s GCC_except_table18
00000001000de4a8 s GCC_except_table23
00000001000de4e4 s GCC_except_table27
00000001000de4f4 s GCC_except_table28
00000001000de504 s GCC_except_table35
00000001000de51c s GCC_except_table37
00000001000de52c s GCC_except_table39
00000001000de538 s GCC_except_table64
00000001000de54c s GCC_except_table66
00000001000de55c s GCC_except_table2
00000001000de568 s GCC_except_table3
00000001000de578 s GCC_except_table7
00000001000de588 s GCC_except_table8
00000001000de598 s GCC_except_table9
00000001000de5a8 s GCC_except_table10
00000001000de5b8 s GCC_except_table11
00000001000de5c8 s GCC_except_table12
00000001000de5d8 s GCC_except_table13
00000001000de5e4 s GCC_except_table14
00000001000de5f0 s GCC_except_table15
00000001000de5fc s GCC_except_table16
00000001000de608 s GCC_except_table17
00000001000de614 s GCC_except_table18
00000001000de620 s GCC_except_table57
00000001000de62c s GCC_except_table58
00000001000de638 s GCC_except_table87
00000001000de648 s GCC_except_table89
00000001000de658 s GCC_except_table110
00000001000de678 s GCC_except_table12
00000001000de690 s GCC_except_table13
00000001000de6a8 s GCC_except_table14
00000001000de6c0 s GCC_except_table15
00000001000de6d0 s GCC_except_table30
00000001000de6dc s GCC_except_table31
00000001000de6ec s GCC_except_table32
00000001000de6fc s GCC_except_table33
00000001000de70c s GCC_except_table34
00000001000de71c s GCC_except_table35
00000001000de72c s GCC_except_table125
00000001000de73c s GCC_except_table25
00000001000de748 s GCC_except_table26
00000001000de758 s GCC_except_table27
00000001000de764 s GCC_except_table28
00000001000de774 s GCC_except_table34
00000001000de784 s GCC_except_table36
00000001000de7ac s GCC_except_table47
00000001000de7bc s GCC_except_table48
00000001000de7cc s GCC_except_table82
00000001000de854 s GCC_except_table85
00000001000de898 s GCC_except_table86
00000001000de8b8 s GCC_except_table88
00000001000de8cc s GCC_except_table92
00000001000de90c s GCC_except_table176
00000001000de930 s GCC_except_table37
00000001000de948 s GCC_except_table38
00000001000de960 s GCC_except_table39
00000001000de978 s GCC_except_table40
00000001000de994 s GCC_except_table43
00000001000de9ac s GCC_except_table44
00000001000de9c4 s GCC_except_table50
00000001000de9dc s GCC_except_table83
00000001000de9f8 s GCC_except_table84
00000001000dea10 s GCC_except_table148
00000001000dea1c s GCC_except_table151
00000001000dea40 s GCC_except_table152
00000001000dea5c s GCC_except_table157
00000001000dea8c s GCC_except_table159
00000001000deaa8 s GCC_except_table168
00000001000deab8 s GCC_except_table169
00000001000deac8 s GCC_except_table190
00000001000deafc s GCC_except_table200
00000001000deb08 s GCC_except_table5
00000001000deb24 s GCC_except_table8
00000001000deb30 s GCC_except_table9
00000001000deb3c s GCC_except_table10
00000001000deb48 s GCC_except_table25
00000001000deb70 s GCC_except_table35
00000001000deb8c s GCC_except_table37
00000001000deba8 s GCC_except_table38
00000001000debc4 s GCC_except_table39
00000001000debe0 s GCC_except_table44
00000001000debf4 s GCC_except_table79
00000001000dec0c s GCC_except_table100
00000001000dec20 s GCC_except_table101
00000001000dec30 s GCC_except_table103
00000001000dec40 s GCC_except_table5
00000001000dec5c s GCC_except_table19
00000001000dec70 s GCC_except_table32
00000001000dec80 s GCC_except_table34
00000001000deca4 s GCC_except_table48
00000001000decbc s GCC_except_table75
00000001000decec s GCC_except_table79
00000001000ded04 s GCC_except_table80
00000001000ded10 s GCC_except_table87
00000001000ded54 s GCC_except_table88
00000001000ded80 s GCC_except_table136
00000001000deda8 s GCC_except_table170
00000001000dedcc s GCC_except_table187
00000001000dede0 s GCC_except_table188
00000001000dedf4 s GCC_except_table205
00000001000dee10 s GCC_except_table5
00000001000dee20 s GCC_except_table6
00000001000dee30 s GCC_except_table7
00000001000dee50 s GCC_except_table14
00000001000dee84 s GCC_except_table15
00000001000deeb8 s GCC_except_table16
00000001000deef0 s GCC_except_table17
00000001000def28 s GCC_except_table20
00000001000def50 s GCC_except_table21
00000001000def78 s GCC_except_table31
00000001000defd0 s GCC_except_table32
00000001000deff8 s GCC_except_table41
00000001000df018 s GCC_except_table42
00000001000df038 s GCC_except_table69
00000001000df048 s GCC_except_table70
00000001000df058 s GCC_except_table74
00000001000df074 s GCC_except_table76
00000001000df084 s GCC_except_table78
00000001000df094 s GCC_except_table124
00000001000df0a8 s GCC_except_table127
00000001000df0b8 s GCC_except_table128
00000001000df0cc s GCC_except_table155
00000001000df0f0 s GCC_except_table171
00000001000df108 s GCC_except_table2
00000001000df138 s GCC_except_table7
00000001000df1b8 s GCC_except_table9
00000001000df1c8 s GCC_except_table10
00000001000df1d8 s GCC_except_table11
00000001000df1e8 s GCC_except_table12
00000001000df1f8 s GCC_except_table13
00000001000df208 s GCC_except_table14
00000001000df218 s GCC_except_table19
00000001000df244 s GCC_except_table23
00000001000df250 s GCC_except_table28
00000001000df26c s GCC_except_table50
00000001000df288 s GCC_except_table52
00000001000df2ac s GCC_except_table6
00000001000df2d0 s GCC_except_table7
00000001000df2e0 s GCC_except_table8
00000001000df318 s GCC_except_table9
00000001000df34c s GCC_except_table10
00000001000df38c s GCC_except_table11
00000001000df3b8 s GCC_except_table12
00000001000df3ec s GCC_except_table17
00000001000df400 s GCC_except_table18
00000001000df410 s GCC_except_table19
00000001000df42c s GCC_except_table20
00000001000df440 s GCC_except_table21
00000001000df454 s GCC_except_table29
00000001000df474 s GCC_except_table31
00000001000df494 s GCC_except_table35
00000001000df4b0 s GCC_except_table36
00000001000df4d8 s GCC_except_table37
00000001000df500 s GCC_except_table44
00000001000df51c s GCC_except_table45
00000001000df540 s GCC_except_table57
00000001000df570 s GCC_except_table59
00000001000df58c s GCC_except_table117
00000001000df5a0 s GCC_except_table120
00000001000df5b0 s GCC_except_table72
00000001000df5c4 s GCC_except_table7
00000001000df5d0 s GCC_except_table8
00000001000df5dc s GCC_except_table10
00000001000df5e8 s GCC_except_table27
00000001000df610 s GCC_except_table253
00000001000df620 s GCC_except_table16
00000001000df644 s GCC_except_table162
00000001000df654 s GCC_except_table165
00000001000df664 s GCC_except_table222
00000001000df68c s GCC_except_table672
00000001000df6b8 s GCC_except_table690
00000001000df6c8 s GCC_except_table692
00000001000df6d8 s GCC_except_table735
00000001000df6e8 s GCC_except_table811
00000001000df704 s GCC_except_table881
00000001000df714 s GCC_except_table1706
00000001000df738 s GCC_except_table1708
00000001000df75c s GCC_except_table295
00000001000df76c s GCC_except_table572
00000001000df778 s GCC_except_table709
00000001000df788 s GCC_except_table17
00000001000df794 s GCC_except_table28
00000001000df7a4 s GCC_except_table149
00000001000df7bc s GCC_except_table159
00000001000df7d4 s GCC_except_table201
00000001000df7ec s GCC_except_table277
00000001000df804 s GCC_except_table279
00000001000df81c s GCC_except_table280
00000001000df834 s GCC_except_table585
00000001000df84c s GCC_except_table1214
00000001000df868 s GCC_except_table1220
00000001000df884 s GCC_except_table1260
00000001000df894 s GCC_except_table1339
00000001000df8b4 s GCC_except_table1419
00000001000df8cc s GCC_except_table95
00000001000df8e0 s GCC_except_table106
00000001000df904 s GCC_except_table80
00000001000df914 s GCC_except_table124
00000001000df938 s GCC_except_table125
00000001000df95c s GCC_except_table240
00000001000df998 s GCC_except_table44
00000001000df9b0 s GCC_except_table48
00000001000df9c8 s GCC_except_table61
00000001000df9ec s GCC_except_table62
00000001000dfa10 s GCC_except_table96
00000001000dfa38 s GCC_except_table98
00000001000dfa60 s GCC_except_table380
00000001000dfab4 s GCC_except_table382
00000001000dfb0c s GCC_except_table384
00000001000dfba4 s GCC_except_table385
00000001000dfbf4 s GCC_except_table389
00000001000dfc08 s GCC_except_table390
00000001000dfc1c s GCC_except_table392
00000001000dfc2c s GCC_except_table524
00000001000dfc40 s GCC_except_table560
00000001000dfc54 s GCC_except_table157
00000001000dfc60 s GCC_except_table331
00000001000dfc70 s GCC_except_table332
00000001000dfc80 s GCC_except_table51
00000001000dfca4 s GCC_except_table265
00000001000dfcb4 s GCC_except_table5
00000001000dfce0 s GCC_except_table6
00000001000dfd1c s GCC_except_table7
00000001000dfd8c s GCC_except_table9
00000001000dfda0 s GCC_except_table15
00000001000dfdcc s GCC_except_table16
00000001000dfdf0 s GCC_except_table18
00000001000dfe14 s GCC_except_table19
00000001000dfe24 s GCC_except_table21
00000001000dfe4c s GCC_except_table30
00000001000dfe6c s GCC_except_table37
00000001000dfe78 s GCC_except_table39
00000001000dfe9c s GCC_except_table52
00000001000dfebc s GCC_except_table53
00000001000dfec8 s GCC_except_table54
00000001000dfee4 s GCC_except_table55
00000001000dff00 s GCC_except_table57
00000001000dff0c s GCC_except_table58
00000001000dff18 s GCC_except_table59
00000001000dff34 s GCC_except_table60
00000001000dff50 s GCC_except_table69
00000001000dff6c s GCC_except_table70
00000001000dff78 s GCC_except_table71
00000001000dff84 s GCC_except_table72
00000001000dff90 s GCC_except_table73
00000001000dffac s GCC_except_table78
00000001000dffb8 s GCC_except_table79
00000001000dffd4 s GCC_except_table80
00000001000dffe0 s GCC_except_table81
00000001000dffec s GCC_except_table100
00000001000dfff8 s GCC_except_table102
00000001000e0008 s GCC_except_table105
00000001000e0024 s GCC_except_table106
00000001000e0044 s GCC_except_table108
00000001000e0068 s GCC_except_table112
00000001000e0098 s GCC_except_table117
00000001000e00a8 s GCC_except_table123
00000001000e00bc s GCC_except_table127
00000001000e00d8 s GCC_except_table128
00000001000e00f4 s GCC_except_table143
00000001000e0108 s GCC_except_table145
00000001000e011c s GCC_except_table146
00000001000e0130 s GCC_except_table151
00000001000e0144 s GCC_except_table152
00000001000e0154 s GCC_except_table153
00000001000e0164 s GCC_except_table154
00000001000e0178 s GCC_except_table155
00000001000e0188 s GCC_except_table156
00000001000e0198 s GCC_except_table160
00000001000e01b4 s GCC_except_table172
00000001000e01c4 s GCC_except_table173
00000001000e01d4 s GCC_except_table184
00000001000e01e8 s GCC_except_table185
00000001000e01fc s GCC_except_table186
00000001000e0210 s GCC_except_table187
00000001000e0224 s GCC_except_table188
00000001000e0238 s GCC_except_table189
00000001000e024c s GCC_except_table203
00000001000e0280 s GCC_except_table205
00000001000e02b0 s GCC_except_table210
00000001000e02d4 s GCC_except_table220
00000001000e02fc s GCC_except_table221
00000001000e0308 s GCC_except_table229
00000001000e031c s GCC_except_table240
00000001000e0340 s GCC_except_table254
00000001000e0350 s GCC_except_table265
00000001000e0360 s GCC_except_table268
00000001000e0370 s GCC_except_table333
00000001000e0384 s GCC_except_table342
00000001000e03ac s GCC_except_table343
00000001000e03d4 s GCC_except_table346
00000001000e0454 s GCC_except_table347
00000001000e0480 s GCC_except_table352
00000001000e04c0 s GCC_except_table364
00000001000e04f4 s GCC_except_table365
00000001000e050c s GCC_except_table400
00000001000e052c s GCC_except_table416
00000001000e055c s GCC_except_table446
00000001000e0574 s GCC_except_table452
00000001000e05f8 s GCC_except_table468
00000001000e062c s GCC_except_table487
00000001000e064c s GCC_except_table491
00000001000e06a8 s GCC_except_table492
00000001000e06c0 s GCC_except_table493
00000001000e0860 s GCC_except_table496
00000001000e0884 s GCC_except_table498
00000001000e0898 s GCC_except_table500
00000001000e08e4 s GCC_except_table501
00000001000e0950 s GCC_except_table506
00000001000e09bc s GCC_except_table509
00000001000e09f0 s GCC_except_table515
00000001000e0a0c s GCC_except_table528
00000001000e0a60 s GCC_except_table529
00000001000e0ab4 s GCC_except_table535
00000001000e0b08 s GCC_except_table547
00000001000e0b28 s GCC_except_table550
00000001000e0b38 s GCC_except_table551
00000001000e0b48 s GCC_except_table552
00000001000e0b58 s GCC_except_table563
00000001000e0b68 s GCC_except_table564
00000001000e0b78 s GCC_except_table565
00000001000e0b88 s GCC_except_table567
00000001000e0be4 s GCC_except_table569
00000001000e0bfc s GCC_except_table571
00000001000e0c10 s GCC_except_table575
00000001000e0c2c s GCC_except_table576
00000001000e0c78 s GCC_except_table577
00000001000e0c8c s GCC_except_table581
00000001000e0cb4 s GCC_except_table589
00000001000e0cd0 s GCC_except_table592
00000001000e0d10 s GCC_except_table593
00000001000e0d38 s GCC_except_table596
00000001000e0d4c s GCC_except_table597
00000001000e0d60 s GCC_except_table599
00000001000e0d94 s GCC_except_table601
00000001000e0db8 s GCC_except_table603
00000001000e0ddc s GCC_except_table618
00000001000e0e04 s GCC_except_table640
00000001000e0e64 s GCC_except_table646
00000001000e0e78 s GCC_except_table647
00000001000e0fcc s GCC_except_table660
00000001000e0ff4 s GCC_except_table665
00000001000e1008 s GCC_except_table670
00000001000e101c s GCC_except_table676
00000001000e1038 s GCC_except_table677
00000001000e10a8 s GCC_except_table678
00000001000e10cc s GCC_except_table679
00000001000e10f4 s GCC_except_table680
00000001000e1118 s GCC_except_table682
00000001000e1130 s GCC_except_table683
00000001000e1168 s GCC_except_table689
00000001000e119c s GCC_except_table693
00000001000e11b0 s GCC_except_table695
00000001000e11cc s GCC_except_table714
00000001000e11e8 s GCC_except_table726
00000001000e11fc s GCC_except_table734
00000001000e1210 s GCC_except_table738
00000001000e1224 s GCC_except_table739
00000001000e1238 s GCC_except_table740
00000001000e1248 s GCC_except_table741
00000001000e125c s GCC_except_table915
00000001000e1274 s GCC_except_table930
00000001000e128c s GCC_except_table1056
00000001000e1298 s GCC_except_table1057
00000001000e12ac s GCC_except_table1064
00000001000e12c0 s GCC_except_table1082
00000001000e12e4 s GCC_except_table1091
00000001000e12f4 s GCC_except_table1092
00000001000e1304 s GCC_except_table1096
00000001000e131c s GCC_except_table1099
00000001000e1340 s GCC_except_table1104
00000001000e134c s GCC_except_table1105
00000001000e1374 s GCC_except_table1106
00000001000e13a4 s GCC_except_table1134
00000001000e13c8 s GCC_except_table1160
00000001000e13e8 s GCC_except_table1167
00000001000e13fc s GCC_except_table1169
00000001000e1414 s GCC_except_table1171
00000001000e1428 s GCC_except_table1185
00000001000e1448 s GCC_except_table1201
00000001000e145c s GCC_except_table0
00000001000e1468 s GCC_except_table1
00000001000e1474 s GCC_except_table2
00000001000e1494 s GCC_except_table4
00000001000e149c s GCC_except_table0
00000001000e14b8 s GCC_except_table8
00000001000e14d0 s GCC_except_table5
00000001000e14e0 s GCC_except_table7
00000001000e14f0 s GCC_except_table8
00000001000e1500 s GCC_except_table9
00000001000e1520 s GCC_except_table10
00000001000e1534 s GCC_except_table11
00000001000e1554 s GCC_except_table32
00000001000e1564 s GCC_except_table33
00000001000e1578 s GCC_except_table35
00000001000e1584 s GCC_except_table37
00000001000e159c s GCC_except_table49
00000001000e15b0 s GCC_except_table77
00000001000e15c0 s GCC_except_table78
00000001000e15d0 s GCC_except_table9
00000001000e15f8 s GCC_except_table38
00000001000e160c s GCC_except_table52
00000001000e161c s GCC_except_table83
00000001000e1630 s GCC_except_table142
00000001000edd50 S __RNvNvXs3_NtNtCscNegbyJkm8k_10serde_json5value5indexNtB9_5ValueINtNtNtCsgtPOCBgevO_4core3ops5index5IndexpE5index4NULL
00000001000ee9dc s __RNvNtCscNegbyJkm8k_10serde_json4read4HEX0
00000001000eebdc s __RNvNtCscNegbyJkm8k_10serde_json4read4HEX1
00000001000f0766 s __RNvCs2sw7CroeKnC_4itoa13DECIMAL_PAIRS
00000001000f36e8 s __RNvNtCs8FeubrUGB9D_12panic_unwind3imp6CANARY
00000001000f3cc7 S __RNvNtNtNtCsgtPOCBgevO_4core7unicode12unicode_data11white_space14WHITESPACE_MAP
00000001000f3dce s __RNvNtNtNtCsgtPOCBgevO_4core7unicode12unicode_data15grapheme_extend7OFFSETS
00000001000f4f50 s __RNvNtNtNtCsgtPOCBgevO_4core7unicode12unicode_data15grapheme_extend17SHORT_OFFSET_RUNS
00000001000f5028 S __RNvNtNtNtNtNtCsgtPOCBgevO_4core3num3imp7flt2dec8strategy5grisu12CACHED_POW10
00000001000f564c s __RNvNtNtNtNtNtCsgtPOCBgevO_4core3num3imp7flt2dec8strategy6dragon5POW10
00000001000f5674 s __RNvNtNtNtNtNtCsgtPOCBgevO_4core3num3imp7flt2dec8strategy6dragon8POW5TO16
00000001000f567c s __RNvNtNtNtNtNtCsgtPOCBgevO_4core3num3imp7flt2dec8strategy6dragon8POW5TO32
00000001000f5688 s __RNvNtNtNtNtNtCsgtPOCBgevO_4core3num3imp7flt2dec8strategy6dragon8POW5TO64
00000001000f569c s __RNvNtNtNtNtNtCsgtPOCBgevO_4core3num3imp7flt2dec8strategy6dragon9POW5TO128
00000001000f56c4 s __RNvNtNtNtNtNtCsgtPOCBgevO_4core3num3imp7flt2dec8strategy6dragon9POW5TO256
00000001001383b0 d __RNvNCNvNtCsa9BKTri5B3M_3std9panicking12default_hook011FIRST_PANIC
00000001001383b8 d __RNvNtNtCsa9BKTri5B3M_3std2io5stdio6STDOUT
0000000100138400 d __RNvNvMs0_NtNtNtCsa9BKTri5B3M_3std12backtrace_rs9symbolize5gimliNtB7_5Cache11with_global14MAPPINGS_CACHE
0000000100138d60 d __RNvNvNtCsa9BKTri5B3M_3std2rt7cleanup7CLEANUP
0000000100138d68 d __MergedGlobals
0000000100138d78 d __dyld_private
0000000100138d80 s __RNvNCNKNvNtNtCsa9BKTri5B3M_3std2io5stdio14OUTPUT_CAPTURE0023___RUST_STD_INTERNAL_VAL
0000000100138d98 S __RNvNCNKNvNtNtCsa9BKTri5B3M_3std6thread9spawnhook11SPAWN_HOOKS0023___RUST_STD_INTERNAL_VAL
0000000100138db0 s __RNvNCNKNvNtNtCsa9BKTri5B3M_3std9panicking11panic_count17LOCAL_PANIC_COUNT0s_023___RUST_STD_INTERNAL_VAL
0000000100138dc8 S __RNvNCNKNvNvMNtNtCsa9BKTri5B3M_3std4hash6randomNtBa_11RandomState3new4KEYS0s_023___RUST_STD_INTERNAL_VAL
0000000100138de0 S __RNvNCNKNvNvMNtNtNtCsa9BKTri5B3M_3std4sync4mpmc7contextNtBa_7Context4with7CONTEXT0023___RUST_STD_INTERNAL_VAL
0000000100138df8 S __RNvNCNKNvNvNtNtNtCsa9BKTri5B3M_3std4sync4mpmc5waker17current_thread_id5DUMMY0s_023___RUST_STD_INTERNAL_VAL
0000000100138e10 S __RNvNtNtCsa9BKTri5B3M_3std6thread7current7CURRENT
0000000100138e28 S __RNvNtNtNtCsa9BKTri5B3M_3std6thread7current2id2ID
0000000100138e40 s __RNvNtNtNtNtCsa9BKTri5B3M_3std3sys12thread_local11destructors4list5DTORS
0000000100138e58 s __RNvNvNtNtNtNtCsa9BKTri5B3M_3std3sys12thread_local5guard5apple6enable10REGISTERED
0000000100138e70 s __RNvNCNKNvNvNtNtNtCsa9BKTri5B3M_3std4sync4mpmc5waker17current_thread_id5DUMMY0s_023___RUST_STD_INTERNAL_VAL$tlv$init
0000000100138e78 s __RNvNtNtNtNtCsa9BKTri5B3M_3std3sys12thread_local11destructors4list5DTORS$tlv$init
0000000100138e98 s __RNvNvNtNtNtNtCsa9BKTri5B3M_3std3sys12thread_local5guard5apple6enable10REGISTERED$tlv$init
0000000100138ea0 s __RNvNtNtCsa9BKTri5B3M_3std6thread7current7CURRENT$tlv$init
0000000100138ea8 s __RNvNtNtNtCsa9BKTri5B3M_3std6thread7current2id2ID$tlv$init
0000000100138eb0 s __RNvNCNKNvNtNtCsa9BKTri5B3M_3std2io5stdio14OUTPUT_CAPTURE0023___RUST_STD_INTERNAL_VAL$tlv$init
0000000100138ec0 s __RNvNCNKNvNtNtCsa9BKTri5B3M_3std6thread9spawnhook11SPAWN_HOOKS0023___RUST_STD_INTERNAL_VAL$tlv$init
0000000100138ed0 s __RNvNCNKNvNtNtCsa9BKTri5B3M_3std9panicking11panic_count17LOCAL_PANIC_COUNT0s_023___RUST_STD_INTERNAL_VAL$tlv$init
0000000100138ee0 s __RNvNCNKNvNvMNtNtNtCsa9BKTri5B3M_3std4sync4mpmc7contextNtBa_7Context4with7CONTEXT0023___RUST_STD_INTERNAL_VAL$tlv$init
0000000100138ef0 s __RNvNCNKNvNvMNtNtCsa9BKTri5B3M_3std4hash6randomNtBa_11RandomState3new4KEYS0s_023___RUST_STD_INTERNAL_VAL$tlv$init
0000000100138f08 S __RNvNCNvNtNtCsa9BKTri5B3M_3std6thread9lifecycle15spawn_unchecked03MIN
0000000100138f10 S __RNvNtCsa9BKTri5B3M_3std5alloc4HOOK
0000000100138f18 S __RNvNtCsa9BKTri5B3M_3std9panicking4HOOK
0000000100138f30 S __RNvNtNtCsa9BKTri5B3M_3std9panicking11panic_count18GLOBAL_PANIC_COUNT
0000000100138f38 S __RNvNvNtNtCsa9BKTri5B3M_3std2io5stdio6stderr8INSTANCE
0000000100138f58 b __RNvNtCsa9BKTri5B3M_3std5panic14SHOULD_CAPTURE
0000000100138f59 b __RNvNtNtCsa9BKTri5B3M_3std2io5stdio19OUTPUT_CAPTURE_USED.0
0000000100138f60 b __RNvNtNtNtCsa9BKTri5B3M_3std3sys3env4unix8ENV_LOCK
0000000100138f71 b __RNvNvNtCsa9BKTri5B3M_3std5alloc24default_alloc_error_hook18PREV_ALLOC_FAILURE
0000000100138f78 b __RNvNvNtNtCsa9BKTri5B3M_3std3sys9backtrace4lock4LOCK
0000000100138f88 b __MergedGlobals.1385
