SourceKey,Population,DeliverableID,PackageID,LifecycleAtCensus,Item,RecordedText,SourcePath,SourceSHA256,AssessedMeaning,ProposedTreatment,EvidenceAndAuthority,ProposedDestination,DestinationState,HumanDecision,AppliedResult,RemovalReadiness
DEL-00-01:NONE,PINNED_2026-09-22_CENSUS,DEL-00-01,PKG-00,IN_PROGRESS,NONE,NONE — no item recorded; not evidence of completion,projects/chirality-piping/execution/PKG-00_Software Architecture Runway/1_Working/DEL-00-01_Architecture decision record baseline/_STATUS.md,32ac99e87c4bcfe562a85104055f298b66c37860958cf3bb7696200abc631678,No current task was recorded in the historical census; this is no completion or acceptance finding.,NO_CURRENT_TASK_MARKER,projects/chirality-piping/execution/PKG-00_Software Architecture Runway/1_Working/DEL-00-01_Architecture decision record baseline/_STATUS.md#Remaining; projects/chirality-piping/execution/PKG-00_Software Architecture Runway/1_Working/DEL-00-01_Architecture decision record baseline/ArchitectureBasis.md,projects/chirality-piping/execution/PKG-00_Software Architecture Runway/1_Working/DEL-00-01_Architecture decision record baseline/ArchitectureBasis.md,No live task or surviving meaning in source section; governing form and lifecycle/history retained. See APPLIED_ROW_LEDGER.csv.,OWNER_CONDITIONAL_GROUP_TREATMENT_APPROVED_2026-09-22,EMPTY_REMAINING_HEADING_REMOVED;LIFECYCLE_HISTORY_UNCHANGED,APPLIED_VERIFIED_NO_TASK_TO_TRANSFER
DEL-00-02:1,PINNED_2026-09-22_CENSUS,DEL-00-02,PKG-00,IN_PROGRESS,1,"- Author or locate the layer-responsibility and module-ownership map, and obtain the required architecture REVIEW sufficiency/disposition; recorded layer names alone do not supply that artifact. (R5 continuation claim references: DEL-00-02:AB#normative-requirements/REQ-02-01; AB#normative-requirements/REQ-02-05.)",projects/chirality-piping/execution/PKG-00_Software Architecture Runway/1_Working/DEL-00-02_Repository and module boundary architecture/_STATUS.md,d4def1199bb4f0cf2bc4613063ca42b590948f1dc660dfa194a1fc1109ca48f6,"Author or locate the layer-responsibility and module-ownership map, and obtain the required architecture REVIEW sufficiency/disposition; recorded layer names alone do not supply that artifact. (R5 continuation claim references: DEL-00-02:AB#normative-requirements/REQ-02-01;…",GOVERNING_SCOPE_CANDIDATE_WITH_UNFINISHED_WITNESS,"projects/chirality-piping/execution/PKG-00_Software Architecture Runway/1_Working/DEL-00-02_Repository and module boundary architecture/_STATUS.md#Remaining; projects/chirality-piping/execution/PKG-00_Software Architecture Runway/1_Working/DEL-00-02_Repository and module boundary architecture/ArchitectureBasis.md; named refs: REQ-02-01, REQ-02-05",projects/chirality-piping/execution/PKG-00_Software Architecture Runway/1_Working/DEL-00-02_Repository and module boundary architecture/ArchitectureBasis.md,Existing governing form; specific surviving meaning requires human review before source removal,PENDING,NONE,HOLD_PENDING_DISPOSITION_AND_DESTINATION_BACKCHECK
DEL-00-02:2,PINNED_2026-09-22_CENSUS,DEL-00-02,PKG-00,IN_PROGRESS,2,- Hold PDU-007 / `DEL-00-02-REQ-005` until the owning formal REVIEW disposition or evidence-sufficiency act occurs; the gate definition alone does not align or close the governance claim.,projects/chirality-piping/execution/PKG-00_Software Architecture Runway/1_Working/DEL-00-02_Repository and module boundary architecture/_STATUS.md,d4def1199bb4f0cf2bc4613063ca42b590948f1dc660dfa194a1fc1109ca48f6,Hold PDU-007 / `DEL-00-02-REQ-005` until the owning formal REVIEW disposition or evidence-sufficiency act occurs; the gate definition alone does not align or close the governance claim.,FORMAL_REVIEW_GATE_PENDING;SCOPE_RETAINED,"projects/chirality-piping/execution/PKG-00_Software Architecture Runway/1_Working/DEL-00-02_Repository and module boundary architecture/_STATUS.md#Remaining; projects/chirality-piping/execution/PKG-00_Software Architecture Runway/1_Working/DEL-00-02_Repository and module boundary architecture/ArchitectureBasis.md; named refs: PDU-007, REQ-005",projects/chirality-piping/execution/PKG-00_Software Architecture Runway/1_Working/DEL-00-02_Repository and module boundary architecture/ArchitectureBasis.md,Owning REVIEW outcome/evidence sufficiency remains unruled,PENDING,NONE,HOLD_PENDING_DISPOSITION_AND_DESTINATION_BACKCHECK
DEL-00-03:1,PINNED_2026-09-22_CENSUS,DEL-00-03,PKG-00,IN_PROGRESS,1,"- Define application-service transaction boundaries for solve and adapters; reconcile storage/rule-pack/library diagnostic return boundaries, and evidence report/export job cancellation/progress or obtain their scoped disposition. (R5 continuation claim references: DEL-00-03:AB#normative-requirements/REQ-03-02; REQ-03-03; REQ-03-04.)",projects/chirality-piping/execution/PKG-00_Software Architecture Runway/1_Working/DEL-00-03_Application service command-query-job model/_STATUS.md,85417b4bbf9f897778d1e7ffff734055b1745e907409c7d5579d796efef312e1,"Define application-service transaction boundaries for solve and adapters; reconcile storage/rule-pack/library diagnostic return boundaries, and evidence report/export job cancellation/progress or obtain their scoped disposition. (R5 continuation claim references:…",GOVERNING_SCOPE_CANDIDATE_WITH_UNFINISHED_WITNESS,"projects/chirality-piping/execution/PKG-00_Software Architecture Runway/1_Working/DEL-00-03_Application service command-query-job model/_STATUS.md#Remaining; projects/chirality-piping/execution/PKG-00_Software Architecture Runway/1_Working/DEL-00-03_Application service command-query-job model/ArchitectureBasis.md; named refs: REQ-03-02, REQ-03-03, REQ-03-04",projects/chirality-piping/execution/PKG-00_Software Architecture Runway/1_Working/DEL-00-03_Application service command-query-job model/ArchitectureBasis.md,Existing governing form; specific surviving meaning requires human review before source removal,PENDING,NONE,HOLD_PENDING_DISPOSITION_AND_DESTINATION_BACKCHECK
DEL-00-04:1,PINNED_2026-09-22_CENSUS,DEL-00-04,PKG-00,IN_PROGRESS,1,"- Resolve stored rule-pack/library migration-status representation and verify populated references, diagnostics and provenance in product save/open round trips; preserve the separate provider-expansion review question. (R5 continuation claim references: DEL-00-04:AB#normative-requirements/REQ-04-02; REQ-04-04.)",projects/chirality-piping/execution/PKG-00_Software Architecture Runway/1_Working/DEL-00-04_Persistence and schema versioning architecture/_STATUS.md,162f609c97bf897e8456887437a7e07a800a561801b903b380138f24f771bff9,"Resolve stored rule-pack/library migration-status representation and verify populated references, diagnostics and provenance in product save/open round trips; preserve the separate provider-expansion review question. (R5 continuation claim references: DEL-00-04:AB#normative-requirements/REQ-04-02; REQ-04-04.)",GOVERNING_SCOPE_CANDIDATE_WITH_UNFINISHED_WITNESS,"projects/chirality-piping/execution/PKG-00_Software Architecture Runway/1_Working/DEL-00-04_Persistence and schema versioning architecture/_STATUS.md#Remaining; projects/chirality-piping/execution/PKG-00_Software Architecture Runway/1_Working/DEL-00-04_Persistence and schema versioning architecture/ArchitectureBasis.md; named refs: REQ-04-02, REQ-04-04",projects/chirality-piping/execution/PKG-00_Software Architecture Runway/1_Working/DEL-00-04_Persistence and schema versioning architecture/ArchitectureBasis.md,Existing governing form; specific surviving meaning requires human review before source removal,PENDING,NONE,HOLD_PENDING_DISPOSITION_AND_DESTINATION_BACKCHECK
DEL-00-05:NONE,PINNED_2026-09-22_CENSUS,DEL-00-05,PKG-00,IN_PROGRESS,NONE,NONE — no item recorded; not evidence of completion,projects/chirality-piping/execution/PKG-00_Software Architecture Runway/1_Working/DEL-00-05_GUI state and interaction architecture/_STATUS.md,af005eafb081e8ef98f822f80e4a1c627190f57fe7eb612938ed8ebfdf0ededf,No current task was recorded in the historical census; this is no completion or acceptance finding.,NO_CURRENT_TASK_MARKER,projects/chirality-piping/execution/PKG-00_Software Architecture Runway/1_Working/DEL-00-05_GUI state and interaction architecture/_STATUS.md#Remaining; projects/chirality-piping/execution/PKG-00_Software Architecture Runway/1_Working/DEL-00-05_GUI state and interaction architecture/ArchitectureBasis.md,projects/chirality-piping/execution/PKG-00_Software Architecture Runway/1_Working/DEL-00-05_GUI state and interaction architecture/ArchitectureBasis.md,No live task or surviving meaning in source section; governing form and lifecycle/history retained. See APPLIED_ROW_LEDGER.csv.,OWNER_CONDITIONAL_GROUP_TREATMENT_APPROVED_2026-09-22,EMPTY_REMAINING_HEADING_REMOVED;LIFECYCLE_HISTORY_UNCHANGED,APPLIED_VERIFIED_NO_TASK_TO_TRANSFER
DEL-00-06:NONE,PINNED_2026-09-22_CENSUS,DEL-00-06,PKG-00,IN_PROGRESS,NONE,NONE — no item recorded; not evidence of completion,"projects/chirality-piping/execution/PKG-00_Software Architecture Runway/1_Working/DEL-00-06_Diagnostics, warning, and result-envelope contract/_STATUS.md",c990bb3b40ac15144635296a4c1b1be8588b369152101d2121ba90d517498f37,No current task was recorded in the historical census; this is no completion or acceptance finding.,NO_CURRENT_TASK_MARKER,"projects/chirality-piping/execution/PKG-00_Software Architecture Runway/1_Working/DEL-00-06_Diagnostics, warning, and result-envelope contract/_STATUS.md#Remaining; projects/chirality-piping/execution/PKG-00_Software Architecture Runway/1_Working/DEL-00-06_Diagnostics, warning, and result-envelope contract/ArchitectureBasis.md","projects/chirality-piping/execution/PKG-00_Software Architecture Runway/1_Working/DEL-00-06_Diagnostics, warning, and result-envelope contract/ArchitectureBasis.md",No live task or surviving meaning in source section; governing form and lifecycle/history retained. See APPLIED_ROW_LEDGER.csv.,OWNER_CONDITIONAL_GROUP_TREATMENT_APPROVED_2026-09-22,EMPTY_REMAINING_HEADING_REMOVED;LIFECYCLE_HISTORY_UNCHANGED,APPLIED_VERIFIED_NO_TASK_TO_TRANSFER
DEL-00-07:NONE,PINNED_2026-09-22_CENSUS,DEL-00-07,PKG-00,IN_PROGRESS,NONE,NONE — no item recorded; not evidence of completion,projects/chirality-piping/execution/PKG-00_Software Architecture Runway/1_Working/DEL-00-07_API boundary and adapter contract map/_STATUS.md,e874acfcba155585df7d1fdb4cf995904cb1db81cf3cf7e14c69526535dd45d5,No current task was recorded in the historical census; this is no completion or acceptance finding.,NO_CURRENT_TASK_MARKER,projects/chirality-piping/execution/PKG-00_Software Architecture Runway/1_Working/DEL-00-07_API boundary and adapter contract map/_STATUS.md#Remaining; projects/chirality-piping/execution/PKG-00_Software Architecture Runway/1_Working/DEL-00-07_API boundary and adapter contract map/ArchitectureBasis.md,projects/chirality-piping/execution/PKG-00_Software Architecture Runway/1_Working/DEL-00-07_API boundary and adapter contract map/ArchitectureBasis.md,No live task or surviving meaning in source section; governing form and lifecycle/history retained. See APPLIED_ROW_LEDGER.csv.,OWNER_CONDITIONAL_GROUP_TREATMENT_APPROVED_2026-09-22,EMPTY_REMAINING_HEADING_REMOVED;LIFECYCLE_HISTORY_UNCHANGED,APPLIED_VERIFIED_NO_TASK_TO_TRANSFER
DEL-00-08:NONE,PINNED_2026-09-22_CENSUS,DEL-00-08,PKG-00,IN_PROGRESS,NONE,NONE — no item recorded; not evidence of completion,projects/chirality-piping/execution/PKG-00_Software Architecture Runway/1_Working/DEL-00-08_Layered software test and acceptance strategy/_STATUS.md,d31ab7952b073d2e4c9723b41dd3e09808b33db6c840c47a28514b9d7b3e173a,No current task was recorded in the historical census; this is no completion or acceptance finding.,NO_CURRENT_TASK_MARKER,projects/chirality-piping/execution/PKG-00_Software Architecture Runway/1_Working/DEL-00-08_Layered software test and acceptance strategy/_STATUS.md#Remaining; projects/chirality-piping/execution/PKG-00_Software Architecture Runway/1_Working/DEL-00-08_Layered software test and acceptance strategy/ArchitectureBasis.md,projects/chirality-piping/execution/PKG-00_Software Architecture Runway/1_Working/DEL-00-08_Layered software test and acceptance strategy/ArchitectureBasis.md,No live task or surviving meaning in source section; governing form and lifecycle/history retained. See APPLIED_ROW_LEDGER.csv.,OWNER_CONDITIONAL_GROUP_TREATMENT_APPROVED_2026-09-22,EMPTY_REMAINING_HEADING_REMOVED;LIFECYCLE_HISTORY_UNCHANGED,APPLIED_VERIFIED_NO_TASK_TO_TRANSFER
DEL-01-01:NONE,PINNED_2026-09-22_CENSUS,DEL-01-01,PKG-01,ISSUED,NONE,NONE — no item recorded; not evidence of completion,"projects/chirality-piping/execution/PKG-01_Governance, IP Boundary, and Professional Responsibility/1_Working/DEL-01-01_Project governance baseline/_STATUS.md",0797f5b41f262c21884d890c733e3444d91d7144d51e7d81b36bedcad3e11091,No current task was recorded in the historical census; this is no completion or acceptance finding.,NO_CURRENT_TASK_MARKER;ISSUED_FORMAL_CHANGE_BOUNDARY,"projects/chirality-piping/execution/PKG-01_Governance, IP Boundary, and Professional Responsibility/1_Working/DEL-01-01_Project governance baseline/_STATUS.md#Remaining; projects/chirality-piping/execution/PKG-01_Governance, IP Boundary, and Professional Responsibility/1_Working/DEL-01-01_Project governance baseline/ScopeOfWork.md; projects/chirality-piping/execution/_Reconciliation/DeliverableConcordance/RECON_2026-09-21_WHOLE_CORPUS/R5_RECORD_CONTINUATION_2026-09-22/D74_INTEGRATION_2026-09-22/HANDOFF.md","projects/chirality-piping/execution/PKG-01_Governance, IP Boundary, and Professional Responsibility/1_Working/DEL-01-01_Project governance baseline/ScopeOfWork.md; TM-PIP-044 (deferred decision attention only; governing source retained)","ISSUED DEL-01-01; D-74 MIT consequence requires formal-change route, not ordinary status edit",PENDING,NONE,HOLD_PENDING_DISPOSITION_AND_DESTINATION_BACKCHECK
DEL-01-02:NONE,PINNED_2026-09-22_CENSUS,DEL-01-02,PKG-01,IN_PROGRESS,NONE,NONE — no item recorded; not evidence of completion,"projects/chirality-piping/execution/PKG-01_Governance, IP Boundary, and Professional Responsibility/1_Working/DEL-01-02_Copyright and protected-data boundary policy/_STATUS.md",b1b5008e8a29672c8ed34b3bc4389d3c9570dd36a786788dbce0a54ba0e3b1b8,No current task was recorded in the historical census; this is no completion or acceptance finding.,NO_CURRENT_TASK_MARKER;D74_CURRENT_LICENSE_CARRIER_RECONCILIATION,"projects/chirality-piping/execution/PKG-01_Governance, IP Boundary, and Professional Responsibility/1_Working/DEL-01-02_Copyright and protected-data boundary policy/_STATUS.md#Remaining; projects/chirality-piping/execution/PKG-01_Governance, IP Boundary, and Professional Responsibility/1_Working/DEL-01-02_Copyright and protected-data boundary policy/ScopeOfWork.md; projects/chirality-piping/execution/_Coordination/_DECISIONS/D-74_RULING_2026-09-22.md","projects/chirality-piping/execution/PKG-01_Governance, IP Boundary, and Professional Responsibility/1_Working/DEL-01-02_Copyright and protected-data boundary policy/ScopeOfWork.md; TM-PIP-043 (deferred decision attention only; governing source retained)",Current ScopeOfWork still asserts PolyForm as selected license despite D-74 MIT ruling; source-faithful amendment needed,PENDING,NONE,HOLD_PENDING_DISPOSITION_AND_DESTINATION_BACKCHECK
DEL-01-03:1,PINNED_2026-09-22_CENSUS,DEL-01-03,PKG-01,IN_PROGRESS,1,"- External contribution intake remains closed under DEC-027 and the ruled D-07b/DEC-079. Opening it requires a future owner act recorded in a new decision-register row, with legal-instrument adoption on legal advice; the D-07b packet §§5–6 supplies the adopted review/screening skeleton. No intake activation or legal-instrument choice is made here.","projects/chirality-piping/execution/PKG-01_Governance, IP Boundary, and Professional Responsibility/1_Working/DEL-01-03_Contributor certification workflow/_STATUS.md",cd3822494c2705d371b5f93709f565619c5e7566bb27ab70b672637b985cff0d,"External contribution intake remains closed under DEC-027 and the ruled D-07b/DEC-079. Opening it requires a future owner act recorded in a new decision-register row, with legal-instrument adoption on legal advice; the D-07b packet §§5–6 supplies the adopted review/screening skeleton. No intake activation…",OWNING_POLICY_OR_HUMAN_DECISION_PENDING;SCOPE_RETAINED;D74_CURRENT_LICENSE_CARRIER_RECONCILIATION,"projects/chirality-piping/execution/PKG-01_Governance, IP Boundary, and Professional Responsibility/1_Working/DEL-01-03_Contributor certification workflow/_STATUS.md#Remaining; projects/chirality-piping/execution/PKG-01_Governance, IP Boundary, and Professional Responsibility/1_Working/DEL-01-03_Contributor certification workflow/ScopeOfWork.md; named refs: D-07b, DEC-027, DEC-079; projects/chirality-piping/execution/_Coordination/_DECISIONS/D-74_RULING_2026-09-22.md","projects/chirality-piping/execution/PKG-01_Governance, IP Boundary, and Professional Responsibility/1_Working/DEL-01-03_Contributor certification workflow/ScopeOfWork.md; TM-PIP-043 (deferred decision attention only; governing source retained)",DEL-01-03 ScopeOfWork current text still names PolyForm despite D-74 MIT ruling; amend current assertions before source removal,PENDING,NONE,HOLD_PENDING_DISPOSITION_AND_DESTINATION_BACKCHECK
DEL-01-03:2,PINNED_2026-09-22_CENSUS,DEL-01-03,PKG-01,IN_PROGRESS,2,"- Complete the §17.5 pre-release legal review, explicitly including the E6 public issue templates and all public-facing language (gated: owner/counsel) (see also DEL-01-02) (source: PRD plan §3 E6 row / TP-E6-ISSUETEMPLATES-001 residual)","projects/chirality-piping/execution/PKG-01_Governance, IP Boundary, and Professional Responsibility/1_Working/DEL-01-03_Contributor certification workflow/_STATUS.md",cd3822494c2705d371b5f93709f565619c5e7566bb27ab70b672637b985cff0d,"Complete the §17.5 pre-release legal review, explicitly including the E6 public issue templates and all public-facing language (gated: owner/counsel) (see also DEL-01-02) (source: PRD plan §3 E6 row / TP-E6-ISSUETEMPLATES-001 residual)",OWNING_POLICY_OR_HUMAN_DECISION_PENDING;SCOPE_RETAINED;D74_CURRENT_LICENSE_CARRIER_RECONCILIATION,"projects/chirality-piping/execution/PKG-01_Governance, IP Boundary, and Professional Responsibility/1_Working/DEL-01-03_Contributor certification workflow/_STATUS.md#Remaining; projects/chirality-piping/execution/PKG-01_Governance, IP Boundary, and Professional Responsibility/1_Working/DEL-01-03_Contributor certification workflow/ScopeOfWork.md; projects/chirality-piping/execution/_Coordination/_DECISIONS/D-74_RULING_2026-09-22.md","projects/chirality-piping/execution/PKG-01_Governance, IP Boundary, and Professional Responsibility/1_Working/DEL-01-03_Contributor certification workflow/ScopeOfWork.md; TM-PIP-043 (deferred decision attention only; governing source retained)",DEL-01-03 ScopeOfWork current text still names PolyForm despite D-74 MIT ruling; amend current assertions before source removal,PENDING,NONE,HOLD_PENDING_DISPOSITION_AND_DESTINATION_BACKCHECK
DEL-01-03:3,PINNED_2026-09-22_CENSUS,DEL-01-03,PKG-01,IN_PROGRESS,3,- Wire projects/chirality-piping/.github/ISSUE_TEMPLATE/ to the public repository root .github/ISSUE_TEMPLATE/ in the sanitized public export when that machinery is exercised (see also DEL-10-04) (source: TP-E6-ISSUETEMPLATES-001 residuals),"projects/chirality-piping/execution/PKG-01_Governance, IP Boundary, and Professional Responsibility/1_Working/DEL-01-03_Contributor certification workflow/_STATUS.md",cd3822494c2705d371b5f93709f565619c5e7566bb27ab70b672637b985cff0d,Wire projects/chirality-piping/.github/ISSUE_TEMPLATE/ to the public repository root .github/ISSUE_TEMPLATE/ in the sanitized public export when that machinery is exercised (see also DEL-10-04) (source: TP-E6-ISSUETEMPLATES-001 residuals),GOVERNING_SCOPE_CANDIDATE_WITH_UNFINISHED_WITNESS;D74_CURRENT_LICENSE_CARRIER_RECONCILIATION,"projects/chirality-piping/execution/PKG-01_Governance, IP Boundary, and Professional Responsibility/1_Working/DEL-01-03_Contributor certification workflow/_STATUS.md#Remaining; projects/chirality-piping/execution/PKG-01_Governance, IP Boundary, and Professional Responsibility/1_Working/DEL-01-03_Contributor certification workflow/ScopeOfWork.md; projects/chirality-piping/execution/_Coordination/_DECISIONS/D-74_RULING_2026-09-22.md","projects/chirality-piping/execution/PKG-01_Governance, IP Boundary, and Professional Responsibility/1_Working/DEL-01-03_Contributor certification workflow/ScopeOfWork.md; TM-PIP-043 (deferred decision attention only; governing source retained)",DEL-01-03 ScopeOfWork current text still names PolyForm despite D-74 MIT ruling; amend current assertions before source removal,PENDING,NONE,HOLD_PENDING_DISPOSITION_AND_DESTINATION_BACKCHECK
DEL-01-04:NONE,PINNED_2026-09-22_CENSUS,DEL-01-04,PKG-01,IN_PROGRESS,NONE,NONE — no item recorded; not evidence of completion,"projects/chirality-piping/execution/PKG-01_Governance, IP Boundary, and Professional Responsibility/1_Working/DEL-01-04_Professional responsibility and product-claims policy/_STATUS.md",0562e513131b59b25bbeac36f290f35e02a8b53baacbf0e1966f95bdb432a886,No current task was recorded in the historical census; this is no completion or acceptance finding.,NO_CURRENT_TASK_MARKER,"projects/chirality-piping/execution/PKG-01_Governance, IP Boundary, and Professional Responsibility/1_Working/DEL-01-04_Professional responsibility and product-claims policy/_STATUS.md#Remaining; projects/chirality-piping/execution/PKG-01_Governance, IP Boundary, and Professional Responsibility/1_Working/DEL-01-04_Professional responsibility and product-claims policy/ScopeOfWork.md","projects/chirality-piping/execution/PKG-01_Governance, IP Boundary, and Professional Responsibility/1_Working/DEL-01-04_Professional responsibility and product-claims policy/ScopeOfWork.md",No live task or surviving meaning in source section; governing form and lifecycle/history retained. See APPLIED_ROW_LEDGER.csv.,OWNER_CONDITIONAL_GROUP_TREATMENT_APPROVED_2026-09-22,EMPTY_REMAINING_HEADING_REMOVED;LIFECYCLE_HISTORY_UNCHANGED,APPLIED_VERIFIED_NO_TASK_TO_TRANSFER
DEL-02-01:1,PINNED_2026-09-22_CENSUS,DEL-02-01,PKG-02,IN_PROGRESS,1,"- Supply a provenance manifest and conforming typed LoadRecord fixtures for the domain examples, then trace schema validation across native package, PCF, CAEPIPE and library import acceptance boundaries. (R5 continuation claim references: DEL-02-01:SOW#CLM-019; SOW#CLM-011/REQ-02-01-10.)","projects/chirality-piping/execution/PKG-02_Domain Model, Units, and Core Schemas/1_Working/DEL-02-01_Canonical domain model schema/_STATUS.md",9dcf83af4bc83b2ef6c8560787baac9dcf28b56c9ef4d371135a0494c35c3e86,"Supply a provenance manifest and conforming typed LoadRecord fixtures for the domain examples, then trace schema validation across native package, PCF, CAEPIPE and library import acceptance boundaries. (R5 continuation claim references: DEL-02-01:SOW#CLM-019; SOW#CLM-011/REQ-02-01-10.)",GOVERNING_SCOPE_CANDIDATE_WITH_UNFINISHED_WITNESS,"projects/chirality-piping/execution/PKG-02_Domain Model, Units, and Core Schemas/1_Working/DEL-02-01_Canonical domain model schema/_STATUS.md#Remaining; projects/chirality-piping/execution/PKG-02_Domain Model, Units, and Core Schemas/1_Working/DEL-02-01_Canonical domain model schema/ScopeOfWork.md; named refs: CLM-011, CLM-019, REQ-02-01-10","projects/chirality-piping/execution/PKG-02_Domain Model, Units, and Core Schemas/1_Working/DEL-02-01_Canonical domain model schema/ScopeOfWork.md",Existing governing form; specific surviving meaning requires human review before source removal,PENDING,NONE,HOLD_PENDING_DISPOSITION_AND_DESTINATION_BACKCHECK
DEL-02-02:1,PINNED_2026-09-22_CENSUS,DEL-02-02,PKG-02,IN_PROGRESS,1,"- Keep PDU-037's cross-deliverable round-trip, import/export, rule-pack mismatch, and JSON-hash test-matrix strands open; refreshed unit/schema evidence does not independently validate normalization suitability.","projects/chirality-piping/execution/PKG-02_Domain Model, Units, and Core Schemas/1_Working/DEL-02-02_Unit system and dimensional-analysis core contract/_STATUS.md",8f87690699bd75be44f20d552adfd4a465f77355d1545a3c896d04e068bc0c76,"Keep PDU-037's cross-deliverable round-trip, import/export, rule-pack mismatch, and JSON-hash test-matrix strands open; refreshed unit/schema evidence does not independently validate normalization suitability.",GOVERNING_SCOPE_CANDIDATE_WITH_UNFINISHED_WITNESS,"projects/chirality-piping/execution/PKG-02_Domain Model, Units, and Core Schemas/1_Working/DEL-02-02_Unit system and dimensional-analysis core contract/_STATUS.md#Remaining; projects/chirality-piping/execution/PKG-02_Domain Model, Units, and Core Schemas/1_Working/DEL-02-02_Unit system and dimensional-analysis core contract/ScopeOfWork.md; named refs: PDU-037","projects/chirality-piping/execution/PKG-02_Domain Model, Units, and Core Schemas/1_Working/DEL-02-02_Unit system and dimensional-analysis core contract/ScopeOfWork.md",Existing governing form; specific surviving meaning requires human review before source removal,PENDING,NONE,HOLD_PENDING_DISPOSITION_AND_DESTINATION_BACKCHECK
DEL-02-02:2,PINNED_2026-09-22_CENSUS,DEL-02-02,PKG-02,IN_PROGRESS,2,- Complete the remaining B2/B3 unit-authority wiring beyond the schema-derived DEL-16-02 validation-preview consumer and the 2026-09-05 native-preview node-coordinate normalization repair (PDU-011/PDU-014). The repaired coordinate boundary is verified for explicit m/mm/in inputs; this does not close system-wide integration or the PDU-037 matrix.,"projects/chirality-piping/execution/PKG-02_Domain Model, Units, and Core Schemas/1_Working/DEL-02-02_Unit system and dimensional-analysis core contract/_STATUS.md",8f87690699bd75be44f20d552adfd4a465f77355d1545a3c896d04e068bc0c76,Complete the remaining B2/B3 unit-authority wiring beyond the schema-derived DEL-16-02 validation-preview consumer and the 2026-09-05 native-preview node-coordinate normalization repair (PDU-011/PDU-014). The repaired coordinate boundary is verified for explicit m/mm/in inputs; this does not close…,GOVERNING_SCOPE_CANDIDATE_WITH_UNFINISHED_WITNESS,"projects/chirality-piping/execution/PKG-02_Domain Model, Units, and Core Schemas/1_Working/DEL-02-02_Unit system and dimensional-analysis core contract/_STATUS.md#Remaining; projects/chirality-piping/execution/PKG-02_Domain Model, Units, and Core Schemas/1_Working/DEL-02-02_Unit system and dimensional-analysis core contract/ScopeOfWork.md; named refs: PDU-011, PDU-014, PDU-037","projects/chirality-piping/execution/PKG-02_Domain Model, Units, and Core Schemas/1_Working/DEL-02-02_Unit system and dimensional-analysis core contract/ScopeOfWork.md",Existing governing form; specific surviving meaning requires human review before source removal,PENDING,NONE,HOLD_PENDING_DISPOSITION_AND_DESTINATION_BACKCHECK
DEL-02-02:3,PINNED_2026-09-22_CENSUS,DEL-02-02,PKG-02,IN_PROGRESS,3,- Select the exact unit identifier/alias namespace and ambiguous-parser policy before PDU-015 implementation; no option in the R4 slate selected these values.,"projects/chirality-piping/execution/PKG-02_Domain Model, Units, and Core Schemas/1_Working/DEL-02-02_Unit system and dimensional-analysis core contract/_STATUS.md",8f87690699bd75be44f20d552adfd4a465f77355d1545a3c896d04e068bc0c76,Select the exact unit identifier/alias namespace and ambiguous-parser policy before PDU-015 implementation; no option in the R4 slate selected these values.,OWNING_POLICY_OR_HUMAN_DECISION_PENDING;SCOPE_RETAINED,"projects/chirality-piping/execution/PKG-02_Domain Model, Units, and Core Schemas/1_Working/DEL-02-02_Unit system and dimensional-analysis core contract/_STATUS.md#Remaining; projects/chirality-piping/execution/PKG-02_Domain Model, Units, and Core Schemas/1_Working/DEL-02-02_Unit system and dimensional-analysis core contract/ScopeOfWork.md; named refs: PDU-015","projects/chirality-piping/execution/PKG-02_Domain Model, Units, and Core Schemas/1_Working/DEL-02-02_Unit system and dimensional-analysis core contract/ScopeOfWork.md",Decision needed at named owner boundary; no policy value or approval inferred,PENDING,NONE,HOLD_PENDING_DISPOSITION_AND_DESTINATION_BACKCHECK
DEL-02-02:4,PINNED_2026-09-22_CENSUS,DEL-02-02,PKG-02,IN_PROGRESS,4,- Select the exact unit diagnostic code/category namespace before PDU-025 implementation; no option in the R4 slate selected these values.,"projects/chirality-piping/execution/PKG-02_Domain Model, Units, and Core Schemas/1_Working/DEL-02-02_Unit system and dimensional-analysis core contract/_STATUS.md",8f87690699bd75be44f20d552adfd4a465f77355d1545a3c896d04e068bc0c76,Select the exact unit diagnostic code/category namespace before PDU-025 implementation; no option in the R4 slate selected these values.,OWNING_POLICY_OR_HUMAN_DECISION_PENDING;SCOPE_RETAINED,"projects/chirality-piping/execution/PKG-02_Domain Model, Units, and Core Schemas/1_Working/DEL-02-02_Unit system and dimensional-analysis core contract/_STATUS.md#Remaining; projects/chirality-piping/execution/PKG-02_Domain Model, Units, and Core Schemas/1_Working/DEL-02-02_Unit system and dimensional-analysis core contract/ScopeOfWork.md; named refs: PDU-025","projects/chirality-piping/execution/PKG-02_Domain Model, Units, and Core Schemas/1_Working/DEL-02-02_Unit system and dimensional-analysis core contract/ScopeOfWork.md",Decision needed at named owner boundary; no policy value or approval inferred,PENDING,NONE,HOLD_PENDING_DISPOSITION_AND_DESTINATION_BACKCHECK
DEL-02-02:5,PINNED_2026-09-22_CENSUS,DEL-02-02,PKG-02,IN_PROGRESS,5,"- Obtain an independent numeric normalization/conversion suitability witness before any PDU-048 validation upgrade; current behavior remains verified, not validated.","projects/chirality-piping/execution/PKG-02_Domain Model, Units, and Core Schemas/1_Working/DEL-02-02_Unit system and dimensional-analysis core contract/_STATUS.md",8f87690699bd75be44f20d552adfd4a465f77355d1545a3c896d04e068bc0c76,"Obtain an independent numeric normalization/conversion suitability witness before any PDU-048 validation upgrade; current behavior remains verified, not validated.",GOVERNING_SCOPE_CANDIDATE_WITH_UNFINISHED_WITNESS,"projects/chirality-piping/execution/PKG-02_Domain Model, Units, and Core Schemas/1_Working/DEL-02-02_Unit system and dimensional-analysis core contract/_STATUS.md#Remaining; projects/chirality-piping/execution/PKG-02_Domain Model, Units, and Core Schemas/1_Working/DEL-02-02_Unit system and dimensional-analysis core contract/ScopeOfWork.md; named refs: PDU-048","projects/chirality-piping/execution/PKG-02_Domain Model, Units, and Core Schemas/1_Working/DEL-02-02_Unit system and dimensional-analysis core contract/ScopeOfWork.md",Existing governing form; specific surviving meaning requires human review before source removal,PENDING,NONE,HOLD_PENDING_DISPOSITION_AND_DESTINATION_BACKCHECK
DEL-02-03:1,PINNED_2026-09-22_CENSUS,DEL-02-03,PKG-02,IN_PROGRESS,1,"- Resolve diagnostic machine-code and stale human-acceptance-reference representation, and verify every adapter/plugin/API status-write boundary after the status-axis layout receives its owning disposition. (R5 continuation claim references: DEL-02-03:SOW#CLM-003; CLM-010.r10; CLM-026.)","projects/chirality-piping/execution/PKG-02_Domain Model, Units, and Core Schemas/1_Working/DEL-02-03_Code-neutral analysis boundary model/_STATUS.md",68437832dd2698fc3112a1860888ad0df196803f945dfcc8c66ea5836fdc1e57,"Resolve diagnostic machine-code and stale human-acceptance-reference representation, and verify every adapter/plugin/API status-write boundary after the status-axis layout receives its owning disposition. (R5 continuation claim references: DEL-02-03:SOW#CLM-003; CLM-010.r10; CLM-026.)",GOVERNING_SCOPE_CANDIDATE_WITH_UNFINISHED_WITNESS,"projects/chirality-piping/execution/PKG-02_Domain Model, Units, and Core Schemas/1_Working/DEL-02-03_Code-neutral analysis boundary model/_STATUS.md#Remaining; projects/chirality-piping/execution/PKG-02_Domain Model, Units, and Core Schemas/1_Working/DEL-02-03_Code-neutral analysis boundary model/ScopeOfWork.md; named refs: CLM-003, CLM-010.r10, CLM-026","projects/chirality-piping/execution/PKG-02_Domain Model, Units, and Core Schemas/1_Working/DEL-02-03_Code-neutral analysis boundary model/ScopeOfWork.md",Existing governing form; specific surviving meaning requires human review before source removal,PENDING,NONE,HOLD_PENDING_DISPOSITION_AND_DESTINATION_BACKCHECK
DEL-02-04:1,PINNED_2026-09-22_CENSUS,DEL-02-04,PKG-02,IN_PROGRESS,1,- Conform or retire the public invented plugin fixture and add full canonical-schema and manifest JCS/hash evidence. Runtime no-bypass/security tests require the separately authorized runtime hook; declaration checks do not satisfy those tests. (R5 continuation claim references: DEL-02-04:SOW#CLM-012/DEL-02-04-REQ-11; CLM-014.r04; CLM-015.r03.),"projects/chirality-piping/execution/PKG-02_Domain Model, Units, and Core Schemas/1_Working/DEL-02-04_Plugin and extension domain contracts/_STATUS.md",2b7b911ce888be49ad4d85be3b1c30f98e41e7258ec335a7fbf0baeed4cc7ad8,Conform or retire the public invented plugin fixture and add full canonical-schema and manifest JCS/hash evidence. Runtime no-bypass/security tests require the separately authorized runtime hook; declaration checks do not satisfy those tests. (R5 continuation claim references:…,GOVERNING_SCOPE_CANDIDATE_WITH_UNFINISHED_WITNESS,"projects/chirality-piping/execution/PKG-02_Domain Model, Units, and Core Schemas/1_Working/DEL-02-04_Plugin and extension domain contracts/_STATUS.md#Remaining; projects/chirality-piping/execution/PKG-02_Domain Model, Units, and Core Schemas/1_Working/DEL-02-04_Plugin and extension domain contracts/ScopeOfWork.md; named refs: CLM-012, CLM-014.r04, CLM-015.r03, REQ-11","projects/chirality-piping/execution/PKG-02_Domain Model, Units, and Core Schemas/1_Working/DEL-02-04_Plugin and extension domain contracts/ScopeOfWork.md",Existing governing form; specific surviving meaning requires human review before source removal,PENDING,NONE,HOLD_PENDING_DISPOSITION_AND_DESTINATION_BACKCHECK
DEL-02-04:2,PINNED_2026-09-22_CENSUS,DEL-02-04,PKG-02,IN_PROGRESS,2,"- None for PDU-037's exact non-schema adapter/plugin verification-layer residual. Separately governed runtime, transport, capability, and permission-persistence choices remain owner-held and runtime dispatch stays blocked.","projects/chirality-piping/execution/PKG-02_Domain Model, Units, and Core Schemas/1_Working/DEL-02-04_Plugin and extension domain contracts/_STATUS.md",2b7b911ce888be49ad4d85be3b1c30f98e41e7258ec335a7fbf0baeed4cc7ad8,"None for PDU-037's exact non-schema adapter/plugin verification-layer residual. Separately governed runtime, transport, capability, and permission-persistence choices remain owner-held and runtime dispatch stays blocked.",GOVERNING_SCOPE_CANDIDATE_WITH_UNFINISHED_WITNESS,"projects/chirality-piping/execution/PKG-02_Domain Model, Units, and Core Schemas/1_Working/DEL-02-04_Plugin and extension domain contracts/_STATUS.md#Remaining; projects/chirality-piping/execution/PKG-02_Domain Model, Units, and Core Schemas/1_Working/DEL-02-04_Plugin and extension domain contracts/ScopeOfWork.md; named refs: PDU-037","projects/chirality-piping/execution/PKG-02_Domain Model, Units, and Core Schemas/1_Working/DEL-02-04_Plugin and extension domain contracts/ScopeOfWork.md",Existing governing form; specific surviving meaning requires human review before source removal,PENDING,NONE,HOLD_PENDING_DISPOSITION_AND_DESTINATION_BACKCHECK
DEL-02-05:1,PINNED_2026-09-22_CENSUS,DEL-02-05,PKG-02,IN_PROGRESS,1,"- The canonical `project.run_history` read path now reaches backend report sections, but explicit project-document migrate, the `.opsproj` multi-member container, compatibility-window semantics, and exact external/non-JSON payload partitioning remain open.","projects/chirality-piping/execution/PKG-02_Domain Model, Units, and Core Schemas/1_Working/DEL-02-05_Project persistence and round-trip serialization/_STATUS.md",9974ee28fe042b3a576dc47da30c1b220c0b1d8109e7d45de517d95dc0734fe1,"The canonical `project.run_history` read path now reaches backend report sections, but explicit project-document migrate, the `.opsproj` multi-member container, compatibility-window semantics, and exact external/non-JSON payload partitioning remain open.",GOVERNING_SCOPE_CANDIDATE_WITH_UNFINISHED_WITNESS,"projects/chirality-piping/execution/PKG-02_Domain Model, Units, and Core Schemas/1_Working/DEL-02-05_Project persistence and round-trip serialization/_STATUS.md#Remaining; projects/chirality-piping/execution/PKG-02_Domain Model, Units, and Core Schemas/1_Working/DEL-02-05_Project persistence and round-trip serialization/ScopeOfWork.md","projects/chirality-piping/execution/PKG-02_Domain Model, Units, and Core Schemas/1_Working/DEL-02-05_Project persistence and round-trip serialization/ScopeOfWork.md",Existing governing form; specific surviving meaning requires human review before source removal,PENDING,NONE,HOLD_PENDING_DISPOSITION_AND_DESTINATION_BACKCHECK
DEL-02-05:2,PINNED_2026-09-22_CENSUS,DEL-02-05,PKG-02,IN_PROGRESS,2,"- Close FR-001 residuals: explicit migrate operation, compatibility-window semantics, and `.opsproj` multi-member container implementation per DEC-028 + DEC-057 naming rider (source: PRD plan §4 FR-001 row / DEC-028/DEC-057)","projects/chirality-piping/execution/PKG-02_Domain Model, Units, and Core Schemas/1_Working/DEL-02-05_Project persistence and round-trip serialization/_STATUS.md",9974ee28fe042b3a576dc47da30c1b220c0b1d8109e7d45de517d95dc0734fe1,"Close FR-001 residuals: explicit migrate operation, compatibility-window semantics, and `.opsproj` multi-member container implementation per DEC-028 + DEC-057 naming rider (source: PRD plan §4 FR-001 row / DEC-028/DEC-057)",GOVERNING_SCOPE_CANDIDATE_WITH_UNFINISHED_WITNESS,"projects/chirality-piping/execution/PKG-02_Domain Model, Units, and Core Schemas/1_Working/DEL-02-05_Project persistence and round-trip serialization/_STATUS.md#Remaining; projects/chirality-piping/execution/PKG-02_Domain Model, Units, and Core Schemas/1_Working/DEL-02-05_Project persistence and round-trip serialization/ScopeOfWork.md; named refs: DEC-028, DEC-057, FR-001","projects/chirality-piping/execution/PKG-02_Domain Model, Units, and Core Schemas/1_Working/DEL-02-05_Project persistence and round-trip serialization/ScopeOfWork.md",Existing governing form; specific surviving meaning requires human review before source removal,PENDING,NONE,HOLD_PENDING_DISPOSITION_AND_DESTINATION_BACKCHECK
DEL-02-05:3,PINNED_2026-09-22_CENSUS,DEL-02-05,PKG-02,IN_PROGRESS,3,"- H2 / F-5b: relocate DEC-019 migration evaluation into a wasm-compilable crate, replace `projectService.ts` `evaluateModelDocumentLocal`, and cover the migrated-bytes hash-integrity edge with cross-engine parity tests (source: PRD plan §3 hardening row H2). The three stale UI current-version comparisons were closed by DEC-074 R5 T2B/PDU-024 on 2026-07-12.","projects/chirality-piping/execution/PKG-02_Domain Model, Units, and Core Schemas/1_Working/DEL-02-05_Project persistence and round-trip serialization/_STATUS.md",9974ee28fe042b3a576dc47da30c1b220c0b1d8109e7d45de517d95dc0734fe1,"H2 / F-5b: relocate DEC-019 migration evaluation into a wasm-compilable crate, replace `projectService.ts` `evaluateModelDocumentLocal`, and cover the migrated-bytes hash-integrity edge with cross-engine parity tests (source: PRD plan §3 hardening row H2). The three stale UI current-version comparisons…",GOVERNING_SCOPE_PARTIAL;H2_F5B_EXACT_AMENDMENT_PENDING,"projects/chirality-piping/execution/PKG-02_Domain Model, Units, and Core Schemas/1_Working/DEL-02-05_Project persistence and round-trip serialization/_STATUS.md#Remaining; projects/chirality-piping/execution/PKG-02_Domain Model, Units, and Core Schemas/1_Working/DEL-02-05_Project persistence and round-trip serialization/ScopeOfWork.md; projects/chirality-piping/plans/PLAN_2026-06-17_prd_completion.md#H2","projects/chirality-piping/execution/PKG-02_Domain Model, Units, and Core Schemas/1_Working/DEL-02-05_Project persistence and round-trip serialization/ScopeOfWork.md (H2/F-5b amendment proposed); TM-PIP-043 (deferred decision attention only; governing source retained)","SOW currently instructs interim evaluateModelDocumentLocal mirror and lacks WASM replacement, migrated-byte hash edge and cross-engine parity; exact amendment pending, source retained.",PENDING,NONE,HOLD_PENDING_DISPOSITION_AND_DESTINATION_BACKCHECK
DEL-03-01:1,PINNED_2026-09-22_CENSUS,DEL-03-01,PKG-03,IN_PROGRESS,1,"- Supply or locate the material serialization round-trip evidence required by REQ-03-01-007, or obtain an explicit scoped deferral. Accepted Gate C disposition and current material schemas do not substitute for that persistence witness. (R5 continuation claim references: DEL-03-01:SOW#CLM-011/REQ-03-01-007; production-and-verification-method-praxeology/VER-001.)","projects/chirality-piping/execution/PKG-03_Piping Components, Materials, and Library Data Model/1_Working/DEL-03-01_Material library schema with provenance/_STATUS.md",049e2d5ae092e913bc0eb4002f4e8d1fae7fe96f30d2cef58017497b3f27d1cd,"Supply or locate the material serialization round-trip evidence required by REQ-03-01-007, or obtain an explicit scoped deferral. Accepted Gate C disposition and current material schemas do not substitute for that persistence witness. (R5 continuation claim references: DEL-03-01:SOW#CLM-011/REQ-03-01-007;…",GOVERNING_SCOPE_CANDIDATE_WITH_UNFINISHED_WITNESS,"projects/chirality-piping/execution/PKG-03_Piping Components, Materials, and Library Data Model/1_Working/DEL-03-01_Material library schema with provenance/_STATUS.md#Remaining; projects/chirality-piping/execution/PKG-03_Piping Components, Materials, and Library Data Model/1_Working/DEL-03-01_Material library schema with provenance/ScopeOfWork.md; named refs: CLM-011, REQ-03-01-007","projects/chirality-piping/execution/PKG-03_Piping Components, Materials, and Library Data Model/1_Working/DEL-03-01_Material library schema with provenance/ScopeOfWork.md",Existing governing form; specific surviving meaning requires human review before source removal,PENDING,NONE,HOLD_PENDING_DISPOSITION_AND_DESTINATION_BACKCHECK
DEL-03-02:1,PINNED_2026-09-22_CENSUS,DEL-03-02,PKG-03,IN_PROGRESS,1,- Bind deterministic library-document persistence compatibility evidence to the implemented library import/serialization boundary or record its owning disposition. (R5 continuation claim references: DEL-03-02:SOW#production-and-verification-method-praxeology/VER-001.),"projects/chirality-piping/execution/PKG-03_Piping Components, Materials, and Library Data Model/1_Working/DEL-03-02_Pipe section and component library schema/_STATUS.md",efb52f55ba8f3d9d1ef21447564e645d3be37e251706c56a20f8458c375184d0,Bind deterministic library-document persistence compatibility evidence to the implemented library import/serialization boundary or record its owning disposition. (R5 continuation claim references: DEL-03-02:SOW#production-and-verification-method-praxeology/VER-001.),GOVERNING_SCOPE_CANDIDATE_WITH_UNFINISHED_WITNESS,"projects/chirality-piping/execution/PKG-03_Piping Components, Materials, and Library Data Model/1_Working/DEL-03-02_Pipe section and component library schema/_STATUS.md#Remaining; projects/chirality-piping/execution/PKG-03_Piping Components, Materials, and Library Data Model/1_Working/DEL-03-02_Pipe section and component library schema/ScopeOfWork.md","projects/chirality-piping/execution/PKG-03_Piping Components, Materials, and Library Data Model/1_Working/DEL-03-02_Pipe section and component library schema/ScopeOfWork.md",Existing governing form; specific surviving meaning requires human review before source removal,PENDING,NONE,HOLD_PENDING_DISPOSITION_AND_DESTINATION_BACKCHECK
DEL-03-03:NONE,PINNED_2026-09-22_CENSUS,DEL-03-03,PKG-03,IN_PROGRESS,NONE,NONE — no item recorded; not evidence of completion,"projects/chirality-piping/execution/PKG-03_Piping Components, Materials, and Library Data Model/1_Working/DEL-03-03_Bend and elbow component model fields/_STATUS.md",c2b1634af665cbad336c0d0db2b5f3c86f3c4a477c65d74e281f6afc7c48ef42,No current task was recorded in the historical census; this is no completion or acceptance finding.,NO_CURRENT_TASK_MARKER,"projects/chirality-piping/execution/PKG-03_Piping Components, Materials, and Library Data Model/1_Working/DEL-03-03_Bend and elbow component model fields/_STATUS.md#Remaining; projects/chirality-piping/execution/PKG-03_Piping Components, Materials, and Library Data Model/1_Working/DEL-03-03_Bend and elbow component model fields/ScopeOfWork.md","projects/chirality-piping/execution/PKG-03_Piping Components, Materials, and Library Data Model/1_Working/DEL-03-03_Bend and elbow component model fields/ScopeOfWork.md",No live task or surviving meaning in source section; governing form and lifecycle/history retained. See APPLIED_ROW_LEDGER.csv.,OWNER_CONDITIONAL_GROUP_TREATMENT_APPROVED_2026-09-22,EMPTY_REMAINING_HEADING_REMOVED;LIFECYCLE_HISTORY_UNCHANGED,APPLIED_VERIFIED_NO_TASK_TO_TRANSFER
DEL-03-04:1,PINNED_2026-09-22_CENSUS,DEL-03-04,PKG-03,IN_PROGRESS,1,"- Evidence branch product-path accepted/rejected/absent unit handling for sizes, angle and reinforcement area, and bind protected-content/provenance review to the public branch fixture and preview values; retain the separate PDU-019 formal review hold. (R5 continuation claim references: DEL-03-04:SOW#CLM-011/DEL-03-04-RQ-005; DEL-03-04-RQ-002; DEL-03-04-RQ-006.)","projects/chirality-piping/execution/PKG-03_Piping Components, Materials, and Library Data Model/1_Working/DEL-03-04_Branch connection component model fields/_STATUS.md",c161e57d381ee01db93a4ed3b18478b3021f9e6c8794731a2e5cdcb6e1b84857,"Evidence branch product-path accepted/rejected/absent unit handling for sizes, angle and reinforcement area, and bind protected-content/provenance review to the public branch fixture and preview values; retain the separate PDU-019 formal review hold. (R5 continuation claim references:…",OWNING_HUMAN_DECISION_PENDING;SCOPE_RETAINED,"projects/chirality-piping/execution/PKG-03_Piping Components, Materials, and Library Data Model/1_Working/DEL-03-04_Branch connection component model fields/_STATUS.md#Remaining; projects/chirality-piping/execution/PKG-03_Piping Components, Materials, and Library Data Model/1_Working/DEL-03-04_Branch connection component model fields/ScopeOfWork.md; named refs: CLM-011, PDU-019","projects/chirality-piping/execution/PKG-03_Piping Components, Materials, and Library Data Model/1_Working/DEL-03-04_Branch connection component model fields/ScopeOfWork.md",Named decision route only; no implied execution allocation or disposition,PENDING,NONE,HOLD_PENDING_DISPOSITION_AND_DESTINATION_BACKCHECK
DEL-03-04:2,PINNED_2026-09-22_CENSUS,DEL-03-04,PKG-03,IN_PROGRESS,2,"- Hold PDU-019 formal review sufficiency/disposition; bounded negative schema evidence does not authorize an owning REVIEW outcome (source: D-41 R5 T3 O7/E5, 2026-07-12)","projects/chirality-piping/execution/PKG-03_Piping Components, Materials, and Library Data Model/1_Working/DEL-03-04_Branch connection component model fields/_STATUS.md",c161e57d381ee01db93a4ed3b18478b3021f9e6c8794731a2e5cdcb6e1b84857,"Hold PDU-019 formal review sufficiency/disposition; bounded negative schema evidence does not authorize an owning REVIEW outcome (source: D-41 R5 T3 O7/E5, 2026-07-12)",FORMAL_REVIEW_GATE_PENDING;SCOPE_RETAINED,"projects/chirality-piping/execution/PKG-03_Piping Components, Materials, and Library Data Model/1_Working/DEL-03-04_Branch connection component model fields/_STATUS.md#Remaining; projects/chirality-piping/execution/PKG-03_Piping Components, Materials, and Library Data Model/1_Working/DEL-03-04_Branch connection component model fields/ScopeOfWork.md; named refs: D-41, PDU-019","projects/chirality-piping/execution/PKG-03_Piping Components, Materials, and Library Data Model/1_Working/DEL-03-04_Branch connection component model fields/ScopeOfWork.md",Owning REVIEW outcome/evidence sufficiency remains unruled,PENDING,NONE,HOLD_PENDING_DISPOSITION_AND_DESTINATION_BACKCHECK
DEL-03-05:1,PINNED_2026-09-22_CENSUS,DEL-03-05,PKG-03,IN_PROGRESS,1,"- Bind public rigid-family fixture provenance and protected-content review to the actual shared fixture and preview values, and evidence component adapter/API no-bypass checks. Keep the separate COG coordinate/reference-frame authority hold. (R5 continuation claim references: DEL-03-05:SOW#CLM-010.r07; CLM-013; CLM-014.)","projects/chirality-piping/execution/PKG-03_Piping Components, Materials, and Library Data Model/1_Working/DEL-03-05_Rigid component models for valves, flanges, reducers, and specialty items/_STATUS.md",dce77ee85c98fd05e4d624b147e24e6423381913a5ed8a8d1ebb6f37025a0c2c,"Bind public rigid-family fixture provenance and protected-content review to the actual shared fixture and preview values, and evidence component adapter/API no-bypass checks. Keep the separate COG coordinate/reference-frame authority hold. (R5 continuation claim references: DEL-03-05:SOW#CLM-010.r07;…",GOVERNING_SCOPE_CANDIDATE_WITH_UNFINISHED_WITNESS,"projects/chirality-piping/execution/PKG-03_Piping Components, Materials, and Library Data Model/1_Working/DEL-03-05_Rigid component models for valves, flanges, reducers, and specialty items/_STATUS.md#Remaining; projects/chirality-piping/execution/PKG-03_Piping Components, Materials, and Library Data Model/1_Working/DEL-03-05_Rigid component models for valves, flanges, reducers, and specialty items/ScopeOfWork.md; named refs: CLM-010.r07, CLM-013, CLM-014","projects/chirality-piping/execution/PKG-03_Piping Components, Materials, and Library Data Model/1_Working/DEL-03-05_Rigid component models for valves, flanges, reducers, and specialty items/ScopeOfWork.md",Existing governing form; specific surviving meaning requires human review before source removal,PENDING,NONE,HOLD_PENDING_DISPOSITION_AND_DESTINATION_BACKCHECK
DEL-03-05:2,PINNED_2026-09-22_CENSUS,DEL-03-05,PKG-03,IN_PROGRESS,2,"- Hold PDU-013 COG mechanics acceptance until an authorized coordinate convention and reference frame are selected; the existing value slot is not mechanics-ready evidence (source: D-41 R5 T2B E2/E4/E8 evidence-only backcheck, 2026-07-12)","projects/chirality-piping/execution/PKG-03_Piping Components, Materials, and Library Data Model/1_Working/DEL-03-05_Rigid component models for valves, flanges, reducers, and specialty items/_STATUS.md",dce77ee85c98fd05e4d624b147e24e6423381913a5ed8a8d1ebb6f37025a0c2c,"Hold PDU-013 COG mechanics acceptance until an authorized coordinate convention and reference frame are selected; the existing value slot is not mechanics-ready evidence (source: D-41 R5 T2B E2/E4/E8 evidence-only backcheck, 2026-07-12)",OWNING_POLICY_OR_HUMAN_DECISION_PENDING;SCOPE_RETAINED,"projects/chirality-piping/execution/PKG-03_Piping Components, Materials, and Library Data Model/1_Working/DEL-03-05_Rigid component models for valves, flanges, reducers, and specialty items/_STATUS.md#Remaining; projects/chirality-piping/execution/PKG-03_Piping Components, Materials, and Library Data Model/1_Working/DEL-03-05_Rigid component models for valves, flanges, reducers, and specialty items/ScopeOfWork.md; named refs: D-41, PDU-013","projects/chirality-piping/execution/PKG-03_Piping Components, Materials, and Library Data Model/1_Working/DEL-03-05_Rigid component models for valves, flanges, reducers, and specialty items/ScopeOfWork.md",Decision needed at named owner boundary; no policy value or approval inferred,PENDING,NONE,HOLD_PENDING_DISPOSITION_AND_DESTINATION_BACKCHECK
DEL-03-06:1,PINNED_2026-09-22_CENSUS,DEL-03-06,PKG-03,IN_PROGRESS,1,"- Evidence expansion-joint no-bypass handling across adapter, persistence, GUI and report boundaries; the recorded six-axis representation does not itself establish those crossings. (R5 continuation claim references: DEL-03-06:SOW#CLM-012/DEL-03-06-R-008.)","projects/chirality-piping/execution/PKG-03_Piping Components, Materials, and Library Data Model/1_Working/DEL-03-06_Expansion joint component model/_STATUS.md",63c4debe508a7aca6c5e505b5afde8eb0594806d61f81a1e5b4b5ca83eb1b956,"Evidence expansion-joint no-bypass handling across adapter, persistence, GUI and report boundaries; the recorded six-axis representation does not itself establish those crossings. (R5 continuation claim references: DEL-03-06:SOW#CLM-012/DEL-03-06-R-008.)",GOVERNING_SCOPE_CANDIDATE_WITH_UNFINISHED_WITNESS,"projects/chirality-piping/execution/PKG-03_Piping Components, Materials, and Library Data Model/1_Working/DEL-03-06_Expansion joint component model/_STATUS.md#Remaining; projects/chirality-piping/execution/PKG-03_Piping Components, Materials, and Library Data Model/1_Working/DEL-03-06_Expansion joint component model/ScopeOfWork.md; named refs: CLM-012","projects/chirality-piping/execution/PKG-03_Piping Components, Materials, and Library Data Model/1_Working/DEL-03-06_Expansion joint component model/ScopeOfWork.md",Existing governing form; specific surviving meaning requires human review before source removal,PENDING,NONE,HOLD_PENDING_DISPOSITION_AND_DESTINATION_BACKCHECK
DEL-03-07:NONE,PINNED_2026-09-22_CENSUS,DEL-03-07,PKG-03,IN_PROGRESS,NONE,NONE — no item recorded; not evidence of completion,"projects/chirality-piping/execution/PKG-03_Piping Components, Materials, and Library Data Model/1_Working/DEL-03-07_Public-private library import provenance checker/_STATUS.md",b302450a2595365b77a36f95753a4818f634fdcb179cdb02ba9134639b218e66,No current task was recorded in the historical census; this is no completion or acceptance finding.,NO_CURRENT_TASK_MARKER,"projects/chirality-piping/execution/PKG-03_Piping Components, Materials, and Library Data Model/1_Working/DEL-03-07_Public-private library import provenance checker/_STATUS.md#Remaining; projects/chirality-piping/execution/PKG-03_Piping Components, Materials, and Library Data Model/1_Working/DEL-03-07_Public-private library import provenance checker/ScopeOfWork.md","projects/chirality-piping/execution/PKG-03_Piping Components, Materials, and Library Data Model/1_Working/DEL-03-07_Public-private library import provenance checker/ScopeOfWork.md",No live task or surviving meaning in source section; governing form and lifecycle/history retained. See APPLIED_ROW_LEDGER.csv.,OWNER_CONDITIONAL_GROUP_TREATMENT_APPROVED_2026-09-22,EMPTY_REMAINING_HEADING_REMOVED;LIFECYCLE_HISTORY_UNCHANGED,APPLIED_VERIFIED_NO_TASK_TO_TRANSFER
DEL-03-08:1,PINNED_2026-09-22_CENSUS,DEL-03-08,PKG-03,IN_PROGRESS,1,- Integrate accepted unit/dimension validation at calculator inputs and carry required redistribution status and input provenance through derived outputs; string equality and output-only provenance do not satisfy those requirements. (R5 continuation claim references: DEL-03-08:SOW#CLM-011/DEL-03-08-RQ-003; DEL-03-08-RQ-004; CLM-026.),"projects/chirality-piping/execution/PKG-03_Piping Components, Materials, and Library Data Model/1_Working/DEL-03-08_Pipe section property and mass-property calculator/_STATUS.md",14f66bcfe48c6aa486ccdaafdec08d514e3696c14f743e167343f356e71ae140,Integrate accepted unit/dimension validation at calculator inputs and carry required redistribution status and input provenance through derived outputs; string equality and output-only provenance do not satisfy those requirements. (R5 continuation claim references: DEL-03-08:SOW#CLM-011/DEL-03-08-RQ-003;…,GOVERNING_SCOPE_CANDIDATE_WITH_UNFINISHED_WITNESS,"projects/chirality-piping/execution/PKG-03_Piping Components, Materials, and Library Data Model/1_Working/DEL-03-08_Pipe section property and mass-property calculator/_STATUS.md#Remaining; projects/chirality-piping/execution/PKG-03_Piping Components, Materials, and Library Data Model/1_Working/DEL-03-08_Pipe section property and mass-property calculator/ScopeOfWork.md; named refs: CLM-011, CLM-026","projects/chirality-piping/execution/PKG-03_Piping Components, Materials, and Library Data Model/1_Working/DEL-03-08_Pipe section property and mass-property calculator/ScopeOfWork.md",Existing governing form; specific surviving meaning requires human review before source removal,PENDING,NONE,HOLD_PENDING_DISPOSITION_AND_DESTINATION_BACKCHECK
DEL-04-01:1,PINNED_2026-09-22_CENSUS,DEL-04-01,PKG-04,IN_PROGRESS,1,- Bind protected-content review to the frozen frame-kernel source/test bytes and verify the full diagnostic field set at the desktop preview crossing; source repair and existing kernel evidence do not supply these review/boundary witnesses. (R5 continuation claim references: DEL-04-01:SOW#CLM-012/DEL-04-01-REQ-012; CLM-010/DEL-04-01-REQ-011.),projects/chirality-piping/execution/PKG-04_Solver Core and Numerical Methods/1_Working/DEL-04-01_3D frame stiffness kernel/_STATUS.md,176b9359472e42031081b7135ad41579a062f6f175a0d811e48ab48db135d6db,Bind protected-content review to the frozen frame-kernel source/test bytes and verify the full diagnostic field set at the desktop preview crossing; source repair and existing kernel evidence do not supply these review/boundary witnesses. (R5 continuation claim references:…,GOVERNING_SCOPE_CANDIDATE_WITH_UNFINISHED_WITNESS,"projects/chirality-piping/execution/PKG-04_Solver Core and Numerical Methods/1_Working/DEL-04-01_3D frame stiffness kernel/_STATUS.md#Remaining; projects/chirality-piping/execution/PKG-04_Solver Core and Numerical Methods/1_Working/DEL-04-01_3D frame stiffness kernel/ScopeOfWork.md; named refs: CLM-010, CLM-012, REQ-011, REQ-012",projects/chirality-piping/execution/PKG-04_Solver Core and Numerical Methods/1_Working/DEL-04-01_3D frame stiffness kernel/ScopeOfWork.md,Existing governing form; specific surviving meaning requires human review before source removal,PENDING,NONE,HOLD_PENDING_DISPOSITION_AND_DESTINATION_BACKCHECK
DEL-04-01:2,PINNED_2026-09-22_CENSUS,DEL-04-01,PKG-04,IN_PROGRESS,2,"- Verify mechanics-program §5 completion: assessment gap rows G1/G2/G4 and M2/M3 methods defects closed or explicitly re-dispositioned by owner ruling (see also DEL-04-04, DEL-05-01, DEL-05-02) (gated: owner re-disposition where not closed by evidence) (source: mechanics plan §5 / DEC-066–070)",projects/chirality-piping/execution/PKG-04_Solver Core and Numerical Methods/1_Working/DEL-04-01_3D frame stiffness kernel/_STATUS.md,176b9359472e42031081b7135ad41579a062f6f175a0d811e48ab48db135d6db,"Verify mechanics-program §5 completion: assessment gap rows G1/G2/G4 and M2/M3 methods defects closed or explicitly re-dispositioned by owner ruling (see also DEL-04-04, DEL-05-01, DEL-05-02) (gated: owner re-disposition where not closed by evidence) (source: mechanics plan §5 / DEC-066–070)",OWNING_HUMAN_DECISION_PENDING;SCOPE_RETAINED,projects/chirality-piping/execution/PKG-04_Solver Core and Numerical Methods/1_Working/DEL-04-01_3D frame stiffness kernel/_STATUS.md#Remaining; projects/chirality-piping/execution/PKG-04_Solver Core and Numerical Methods/1_Working/DEL-04-01_3D frame stiffness kernel/ScopeOfWork.md; named refs: DEC-066,projects/chirality-piping/execution/PKG-04_Solver Core and Numerical Methods/1_Working/DEL-04-01_3D frame stiffness kernel/ScopeOfWork.md,Named decision route only; no implied execution allocation or disposition,PENDING,NONE,HOLD_PENDING_DISPOSITION_AND_DESTINATION_BACKCHECK
DEL-04-02:1,PINNED_2026-09-22_CENSUS,DEL-04-02,PKG-04,IN_PROGRESS,1,- Locate or obtain a protected-content review bound to the straight-pipe source/test candidate and retain fresh scope parity as an evidence task. (R5 continuation claim references: DEL-04-02:SOW#CLM-021; production-and-verification-method-praxeology/VER-001.),projects/chirality-piping/execution/PKG-04_Solver Core and Numerical Methods/1_Working/DEL-04-02_Straight pipe element/_STATUS.md,1fda659166e759059282e70be7245326b53d1a03ea4a0cbaa3e22dafc5137c6f,Locate or obtain a protected-content review bound to the straight-pipe source/test candidate and retain fresh scope parity as an evidence task. (R5 continuation claim references: DEL-04-02:SOW#CLM-021; production-and-verification-method-praxeology/VER-001.),GOVERNING_SCOPE_CANDIDATE_WITH_UNFINISHED_WITNESS,projects/chirality-piping/execution/PKG-04_Solver Core and Numerical Methods/1_Working/DEL-04-02_Straight pipe element/_STATUS.md#Remaining; projects/chirality-piping/execution/PKG-04_Solver Core and Numerical Methods/1_Working/DEL-04-02_Straight pipe element/ScopeOfWork.md; named refs: CLM-021,projects/chirality-piping/execution/PKG-04_Solver Core and Numerical Methods/1_Working/DEL-04-02_Straight pipe element/ScopeOfWork.md,Existing governing form; specific surviving meaning requires human review before source removal,PENDING,NONE,HOLD_PENDING_DISPOSITION_AND_DESTINATION_BACKCHECK
DEL-04-03:1,PINNED_2026-09-22_CENSUS,DEL-04-03,PKG-04,IN_PROGRESS,1,- Locate or obtain a protected-content/provenance review bound to the linear-support source/test candidate; reconcile the named primitive support API with its product application boundary through the owning contract disposition. (R5 continuation claim references: DEL-04-03:SOW#CLM-012; CLM-010.r12.),projects/chirality-piping/execution/PKG-04_Solver Core and Numerical Methods/1_Working/DEL-04-03_Linear support and restraint models/_STATUS.md,f9a8c03e828425d69a333d94fba76c8a01db339c3d8239033c9a8e25226c832b,Locate or obtain a protected-content/provenance review bound to the linear-support source/test candidate; reconcile the named primitive support API with its product application boundary through the owning contract disposition. (R5 continuation claim references: DEL-04-03:SOW#CLM-012; CLM-010.r12.),GOVERNING_SCOPE_CANDIDATE_WITH_UNFINISHED_WITNESS,"projects/chirality-piping/execution/PKG-04_Solver Core and Numerical Methods/1_Working/DEL-04-03_Linear support and restraint models/_STATUS.md#Remaining; projects/chirality-piping/execution/PKG-04_Solver Core and Numerical Methods/1_Working/DEL-04-03_Linear support and restraint models/ScopeOfWork.md; named refs: CLM-010.r12, CLM-012",projects/chirality-piping/execution/PKG-04_Solver Core and Numerical Methods/1_Working/DEL-04-03_Linear support and restraint models/ScopeOfWork.md,Existing governing form; specific surviving meaning requires human review before source removal,PENDING,NONE,HOLD_PENDING_DISPOSITION_AND_DESTINATION_BACKCHECK
DEL-04-04:1,PINNED_2026-09-22_CENSUS,DEL-04-04,PKG-04,IN_PROGRESS,1,- Obtain the owning formal REVIEW disposition and accepted dimensional/conversion basis before PDU-035 closure; metadata binding is technically addressed but must not be promoted to engineering validation.,projects/chirality-piping/execution/PKG-04_Solver Core and Numerical Methods/1_Working/DEL-04-04_Nonlinear support active-set solver/_STATUS.md,d44d32d78a50283c0c5e05dc732914db8b13c0739a84ba1a9e573af7e6a13a6c,Obtain the owning formal REVIEW disposition and accepted dimensional/conversion basis before PDU-035 closure; metadata binding is technically addressed but must not be promoted to engineering validation.,FORMAL_REVIEW_GATE_PENDING;SCOPE_RETAINED,projects/chirality-piping/execution/PKG-04_Solver Core and Numerical Methods/1_Working/DEL-04-04_Nonlinear support active-set solver/_STATUS.md#Remaining; projects/chirality-piping/execution/PKG-04_Solver Core and Numerical Methods/1_Working/DEL-04-04_Nonlinear support active-set solver/ScopeOfWork.md; named refs: PDU-035,projects/chirality-piping/execution/PKG-04_Solver Core and Numerical Methods/1_Working/DEL-04-04_Nonlinear support active-set solver/ScopeOfWork.md; TM-PIP-045 (deferred decision attention only; governing source retained),Owning REVIEW outcome/evidence sufficiency remains unruled,PENDING,NONE,HOLD_PENDING_DISPOSITION_AND_DESTINATION_BACKCHECK
DEL-04-04:2,PINNED_2026-09-22_CENSUS,DEL-04-04,PKG-04,IN_PROGRESS,2,"- Define and validate any path/load-step friction-history model beyond the implemented static, path-independent final Coulomb admissibility check (gated: new D-XX ruling per mechanics plan §4) (source: mechanics plan §4 / Receipt 6 / TP-PMM-P2-FRICTION-001 §Boundaries)",projects/chirality-piping/execution/PKG-04_Solver Core and Numerical Methods/1_Working/DEL-04-04_Nonlinear support active-set solver/_STATUS.md,d44d32d78a50283c0c5e05dc732914db8b13c0739a84ba1a9e573af7e6a13a6c,"Define and validate any path/load-step friction-history model beyond the implemented static, path-independent final Coulomb admissibility check (gated: new D-XX ruling per mechanics plan §4) (source: mechanics plan §4 / Receipt 6 / TP-PMM-P2-FRICTION-001 §Boundaries)",OWNING_POLICY_OR_HUMAN_DECISION_PENDING;SCOPE_RETAINED,projects/chirality-piping/execution/PKG-04_Solver Core and Numerical Methods/1_Working/DEL-04-04_Nonlinear support active-set solver/_STATUS.md#Remaining; projects/chirality-piping/execution/PKG-04_Solver Core and Numerical Methods/1_Working/DEL-04-04_Nonlinear support active-set solver/ScopeOfWork.md,projects/chirality-piping/execution/PKG-04_Solver Core and Numerical Methods/1_Working/DEL-04-04_Nonlinear support active-set solver/ScopeOfWork.md,Decision needed at named owner boundary; no policy value or approval inferred,PENDING,NONE,HOLD_PENDING_DISPOSITION_AND_DESTINATION_BACKCHECK
DEL-04-04:3,PINNED_2026-09-22_CENSUS,DEL-04-04,PKG-04,IN_PROGRESS,3,"- Complete remaining contact/model qualification beyond exact-touch, contact-loss, and the bounded current-normal friction fixtures, including retained-spring mixed-friction numerical adequacy.",projects/chirality-piping/execution/PKG-04_Solver Core and Numerical Methods/1_Working/DEL-04-04_Nonlinear support active-set solver/_STATUS.md,d44d32d78a50283c0c5e05dc732914db8b13c0739a84ba1a9e573af7e6a13a6c,"Complete remaining contact/model qualification beyond exact-touch, contact-loss, and the bounded current-normal friction fixtures, including retained-spring mixed-friction numerical adequacy.",GOVERNING_SCOPE_CANDIDATE_WITH_UNFINISHED_WITNESS,projects/chirality-piping/execution/PKG-04_Solver Core and Numerical Methods/1_Working/DEL-04-04_Nonlinear support active-set solver/_STATUS.md#Remaining; projects/chirality-piping/execution/PKG-04_Solver Core and Numerical Methods/1_Working/DEL-04-04_Nonlinear support active-set solver/ScopeOfWork.md,projects/chirality-piping/execution/PKG-04_Solver Core and Numerical Methods/1_Working/DEL-04-04_Nonlinear support active-set solver/ScopeOfWork.md,Existing governing form; specific surviving meaning requires human review before source removal,PENDING,NONE,HOLD_PENDING_DISPOSITION_AND_DESTINATION_BACKCHECK
DEL-04-04:4,PINNED_2026-09-22_CENSUS,DEL-04-04,PKG-04,IN_PROGRESS,4,- Promote non-seed force/displacement convergence thresholds beyond the accepted thirteen-fixture multi-support set (see also DEL-09-03) (source: PRD plan §3 Phase D D6/D9 rows / DEC-046),projects/chirality-piping/execution/PKG-04_Solver Core and Numerical Methods/1_Working/DEL-04-04_Nonlinear support active-set solver/_STATUS.md,d44d32d78a50283c0c5e05dc732914db8b13c0739a84ba1a9e573af7e6a13a6c,Promote non-seed force/displacement convergence thresholds beyond the accepted thirteen-fixture multi-support set (see also DEL-09-03) (source: PRD plan §3 Phase D D6/D9 rows / DEC-046),GOVERNING_SCOPE_CANDIDATE_WITH_UNFINISHED_WITNESS,projects/chirality-piping/execution/PKG-04_Solver Core and Numerical Methods/1_Working/DEL-04-04_Nonlinear support active-set solver/_STATUS.md#Remaining; projects/chirality-piping/execution/PKG-04_Solver Core and Numerical Methods/1_Working/DEL-04-04_Nonlinear support active-set solver/ScopeOfWork.md; named refs: DEC-046,projects/chirality-piping/execution/PKG-04_Solver Core and Numerical Methods/1_Working/DEL-04-04_Nonlinear support active-set solver/ScopeOfWork.md,Existing governing form; specific surviving meaning requires human review before source removal,PENDING,NONE,HOLD_PENDING_DISPOSITION_AND_DESTINATION_BACKCHECK
DEL-04-04:5,PINNED_2026-09-22_CENSUS,DEL-04-04,PKG-04,IN_PROGRESS,5,- Promote broader displacement/reaction-delta and energy thresholds beyond the accepted current-seed/thirteen-fixture/product-preview surfaces (see also DEL-09-03) (source: PRD plan §3 D6/D9 rows),projects/chirality-piping/execution/PKG-04_Solver Core and Numerical Methods/1_Working/DEL-04-04_Nonlinear support active-set solver/_STATUS.md,d44d32d78a50283c0c5e05dc732914db8b13c0739a84ba1a9e573af7e6a13a6c,Promote broader displacement/reaction-delta and energy thresholds beyond the accepted current-seed/thirteen-fixture/product-preview surfaces (see also DEL-09-03) (source: PRD plan §3 D6/D9 rows),GOVERNING_SCOPE_CANDIDATE_WITH_UNFINISHED_WITNESS,projects/chirality-piping/execution/PKG-04_Solver Core and Numerical Methods/1_Working/DEL-04-04_Nonlinear support active-set solver/_STATUS.md#Remaining; projects/chirality-piping/execution/PKG-04_Solver Core and Numerical Methods/1_Working/DEL-04-04_Nonlinear support active-set solver/ScopeOfWork.md,projects/chirality-piping/execution/PKG-04_Solver Core and Numerical Methods/1_Working/DEL-04-04_Nonlinear support active-set solver/ScopeOfWork.md,Existing governing form; specific surviving meaning requires human review before source removal,PENDING,NONE,HOLD_PENDING_DISPOSITION_AND_DESTINATION_BACKCHECK
DEL-04-04:6,PINNED_2026-09-22_CENSUS,DEL-04-04,PKG-04,IN_PROGRESS,6,- Promote broader multi-DOF/multi-support acceptance thresholds and external validation convergence thresholds (stage-gated: R5 release evidence) (source: PRD plan §3 D9 row / DEC-052/DEC-054 residual list),projects/chirality-piping/execution/PKG-04_Solver Core and Numerical Methods/1_Working/DEL-04-04_Nonlinear support active-set solver/_STATUS.md,d44d32d78a50283c0c5e05dc732914db8b13c0739a84ba1a9e573af7e6a13a6c,Promote broader multi-DOF/multi-support acceptance thresholds and external validation convergence thresholds (stage-gated: R5 release evidence) (source: PRD plan §3 D9 row / DEC-052/DEC-054 residual list),GOVERNING_SCOPE_CANDIDATE_WITH_UNFINISHED_WITNESS,"projects/chirality-piping/execution/PKG-04_Solver Core and Numerical Methods/1_Working/DEL-04-04_Nonlinear support active-set solver/_STATUS.md#Remaining; projects/chirality-piping/execution/PKG-04_Solver Core and Numerical Methods/1_Working/DEL-04-04_Nonlinear support active-set solver/ScopeOfWork.md; named refs: DEC-052, DEC-054",projects/chirality-piping/execution/PKG-04_Solver Core and Numerical Methods/1_Working/DEL-04-04_Nonlinear support active-set solver/ScopeOfWork.md,Existing governing form; specific surviving meaning requires human review before source removal,PENDING,NONE,HOLD_PENDING_DISPOSITION_AND_DESTINATION_BACKCHECK
DEL-04-04:7,PINNED_2026-09-22_CENSUS,DEL-04-04,PKG-04,IN_PROGRESS,7,- Close the nonlinear count/flag/state-code and residual-observation export vocabulary boundary in the owning DEL-08-04 contract.,projects/chirality-piping/execution/PKG-04_Solver Core and Numerical Methods/1_Working/DEL-04-04_Nonlinear support active-set solver/_STATUS.md,d44d32d78a50283c0c5e05dc732914db8b13c0739a84ba1a9e573af7e6a13a6c,Close the nonlinear count/flag/state-code and residual-observation export vocabulary boundary in the owning DEL-08-04 contract.,RECEIVING_OWNER_NAMED;EXACT_EXPORT_VOCABULARY_AMENDMENT_PENDING,"projects/chirality-piping/execution/PKG-04_Solver Core and Numerical Methods/1_Working/DEL-04-04_Nonlinear support active-set solver/_STATUS.md#Remaining; projects/chirality-piping/execution/PKG-04_Solver Core and Numerical Methods/1_Working/DEL-04-04_Nonlinear support active-set solver/ScopeOfWork.md; projects/chirality-piping/execution/PKG-08_Reporting, Audit, and Reproducibility/1_Working/DEL-08-04_Result export format/ScopeOfWork.md","projects/chirality-piping/execution/PKG-08_Reporting, Audit, and Reproducibility/1_Working/DEL-08-04_Result export format/ScopeOfWork.md (nonlinear vocabulary amendment proposed); projects/chirality-piping/execution/PKG-04_Solver Core and Numerical Methods/1_Working/DEL-04-04_Nonlinear support active-set solver/ScopeOfWork.md (source-owner cross-reference proposed); TM-PIP-043 (deferred decision attention only; governing source retained)",Source names DEL-08-04 as export-contract owner; neither form yet preserves exact count/flag/state-code/residual-observation vocabulary. Both proposed links pending; source retained.,PENDING,NONE,HOLD_PENDING_DISPOSITION_AND_DESTINATION_BACKCHECK
DEL-04-05:1,PINNED_2026-09-22_CENSUS,DEL-04-05,PKG-04,IN_PROGRESS,1,"- Complete or locate the module-boundary and fixture provenance/IP review, accepted dimensional-check evidence, and report-facing result-schema binding for the performance harness; retain PDU-035 formal disposition. (R5 continuation claim references: DEL-04-05:SOW#CLM-012/DEL-04-05-RQ-001; RQ-004; RQ-005; RQ-006; CLM-022.)",projects/chirality-piping/execution/PKG-04_Solver Core and Numerical Methods/1_Working/DEL-04-05_Sparse solver performance harness/_STATUS.md,53adfaa56fb48d6cd0e67392f8747c1202891fb32a5082eb73ec943dd406ac35,"Complete or locate the module-boundary and fixture provenance/IP review, accepted dimensional-check evidence, and report-facing result-schema binding for the performance harness; retain PDU-035 formal disposition. (R5 continuation claim references: DEL-04-05:SOW#CLM-012/DEL-04-05-RQ-001; RQ-004; RQ-005;…",GOVERNING_SCOPE_CANDIDATE_WITH_UNFINISHED_WITNESS,"projects/chirality-piping/execution/PKG-04_Solver Core and Numerical Methods/1_Working/DEL-04-05_Sparse solver performance harness/_STATUS.md#Remaining; projects/chirality-piping/execution/PKG-04_Solver Core and Numerical Methods/1_Working/DEL-04-05_Sparse solver performance harness/ScopeOfWork.md; named refs: CLM-012, CLM-022, PDU-035",projects/chirality-piping/execution/PKG-04_Solver Core and Numerical Methods/1_Working/DEL-04-05_Sparse solver performance harness/ScopeOfWork.md,Existing governing form; specific surviving meaning requires human review before source removal,PENDING,NONE,HOLD_PENDING_DISPOSITION_AND_DESTINATION_BACKCHECK
DEL-04-05:2,PINNED_2026-09-22_CENSUS,DEL-04-05,PKG-04,IN_PROGRESS,2,"- Obtain the owning formal REVIEW disposition and accepted dimensional-check basis before PDU-035 closure; fixture unit metadata is reproducibility evidence, not conversion or engineering validation.",projects/chirality-piping/execution/PKG-04_Solver Core and Numerical Methods/1_Working/DEL-04-05_Sparse solver performance harness/_STATUS.md,53adfaa56fb48d6cd0e67392f8747c1202891fb32a5082eb73ec943dd406ac35,"Obtain the owning formal REVIEW disposition and accepted dimensional-check basis before PDU-035 closure; fixture unit metadata is reproducibility evidence, not conversion or engineering validation.",FORMAL_REVIEW_GATE_PENDING;SCOPE_RETAINED,projects/chirality-piping/execution/PKG-04_Solver Core and Numerical Methods/1_Working/DEL-04-05_Sparse solver performance harness/_STATUS.md#Remaining; projects/chirality-piping/execution/PKG-04_Solver Core and Numerical Methods/1_Working/DEL-04-05_Sparse solver performance harness/ScopeOfWork.md; named refs: PDU-035,projects/chirality-piping/execution/PKG-04_Solver Core and Numerical Methods/1_Working/DEL-04-05_Sparse solver performance harness/ScopeOfWork.md; TM-PIP-045 (deferred decision attention only; governing source retained),Owning REVIEW outcome/evidence sufficiency remains unruled,PENDING,NONE,HOLD_PENDING_DISPOSITION_AND_DESTINATION_BACKCHECK
DEL-04-05:3,PINNED_2026-09-22_CENSUS,DEL-04-05,PKG-04,IN_PROGRESS,3,"- Promote release/external sparse thresholds: timing, allocator/RSS memory, conditioning beyond the pivot-ratio proxy, and cross-machine hardware-normalized pass/fail gates (stage-gated: R5 release) (source: PRD plan §3 D7 row + Phase D sparse update / DEC-050/DEC-053)",projects/chirality-piping/execution/PKG-04_Solver Core and Numerical Methods/1_Working/DEL-04-05_Sparse solver performance harness/_STATUS.md,53adfaa56fb48d6cd0e67392f8747c1202891fb32a5082eb73ec943dd406ac35,"Promote release/external sparse thresholds: timing, allocator/RSS memory, conditioning beyond the pivot-ratio proxy, and cross-machine hardware-normalized pass/fail gates (stage-gated: R5 release) (source: PRD plan §3 D7 row + Phase D sparse update / DEC-050/DEC-053)",GOVERNING_SCOPE_CANDIDATE_WITH_UNFINISHED_WITNESS,"projects/chirality-piping/execution/PKG-04_Solver Core and Numerical Methods/1_Working/DEL-04-05_Sparse solver performance harness/_STATUS.md#Remaining; projects/chirality-piping/execution/PKG-04_Solver Core and Numerical Methods/1_Working/DEL-04-05_Sparse solver performance harness/ScopeOfWork.md; named refs: DEC-050, DEC-053",projects/chirality-piping/execution/PKG-04_Solver Core and Numerical Methods/1_Working/DEL-04-05_Sparse solver performance harness/ScopeOfWork.md,Existing governing form; specific surviving meaning requires human review before source removal,PENDING,NONE,HOLD_PENDING_DISPOSITION_AND_DESTINATION_BACKCHECK
DEL-04-05:4,PINNED_2026-09-22_CENSUS,DEL-04-05,PKG-04,IN_PROGRESS,4,- Provide hosted-CI sparse evidence once public-export CI activates (gated: D-05b conditions per DEC-059) (source: PRD plan §3 D7 row),projects/chirality-piping/execution/PKG-04_Solver Core and Numerical Methods/1_Working/DEL-04-05_Sparse solver performance harness/_STATUS.md,53adfaa56fb48d6cd0e67392f8747c1202891fb32a5082eb73ec943dd406ac35,Provide hosted-CI sparse evidence once public-export CI activates (gated: D-05b conditions per DEC-059) (source: PRD plan §3 D7 row),GOVERNING_SCOPE_CANDIDATE_WITH_UNFINISHED_WITNESS,"projects/chirality-piping/execution/PKG-04_Solver Core and Numerical Methods/1_Working/DEL-04-05_Sparse solver performance harness/_STATUS.md#Remaining; projects/chirality-piping/execution/PKG-04_Solver Core and Numerical Methods/1_Working/DEL-04-05_Sparse solver performance harness/ScopeOfWork.md; named refs: D-05b, DEC-059",projects/chirality-piping/execution/PKG-04_Solver Core and Numerical Methods/1_Working/DEL-04-05_Sparse solver performance harness/ScopeOfWork.md,Existing governing form; specific surviving meaning requires human review before source removal,PENDING,NONE,HOLD_PENDING_DISPOSITION_AND_DESTINATION_BACKCHECK
DEL-04-06:1,PINNED_2026-09-22_CENSUS,DEL-04-06,PKG-04,IN_PROGRESS,1,- Obtain the outstanding formal review disposition and current scope parity/claim-map review; current sparse diagnostic and numerical-failure implementation evidence does not itself supply that disposition. (R5 continuation claim references: DEL-04-06:SOW#production-and-verification-method-praxeology/VER-001; output-and-evaluation-matrix/OUT-001.),projects/chirality-piping/execution/PKG-04_Solver Core and Numerical Methods/1_Working/DEL-04-06_Solver diagnostics and singularity detection/_STATUS.md,66646fbfe41edf29f2996333c636f4dbc42e3d06780ea3fe2b729fa49476d580,Obtain the outstanding formal review disposition and current scope parity/claim-map review; current sparse diagnostic and numerical-failure implementation evidence does not itself supply that disposition. (R5 continuation claim references:…,FORMAL_REVIEW_GATE_PENDING;SCOPE_RETAINED,projects/chirality-piping/execution/PKG-04_Solver Core and Numerical Methods/1_Working/DEL-04-06_Solver diagnostics and singularity detection/_STATUS.md#Remaining; projects/chirality-piping/execution/PKG-04_Solver Core and Numerical Methods/1_Working/DEL-04-06_Solver diagnostics and singularity detection/ScopeOfWork.md,projects/chirality-piping/execution/PKG-04_Solver Core and Numerical Methods/1_Working/DEL-04-06_Solver diagnostics and singularity detection/ScopeOfWork.md,Owning REVIEW outcome/evidence sufficiency remains unruled,PENDING,NONE,HOLD_PENDING_DISPOSITION_AND_DESTINATION_BACKCHECK
DEL-04-07:1,PINNED_2026-09-22_CENSUS,DEL-04-07,PKG-04,OPEN,1,- Follow the SCA-011 accepted closure handoff for any explicitly retained derivative obligations; existing product/lifecycle holds remain.,projects/chirality-piping/execution/PKG-04_Solver Core and Numerical Methods/1_Working/DEL-04-07_Product solve integration and nonlinear orchestration/_STATUS.md,3f2c7ed7da4571b58418955dab427e4e82e0196eb18e213316f404a621e74fb7,Follow the SCA-011 accepted closure handoff for any explicitly retained derivative obligations; existing product/lifecycle holds remain.,ACCEPTED_OWNERSHIP_ROUTE;CLAIM_SPECIFIC_WORK_REMAINS,projects/chirality-piping/execution/PKG-04_Solver Core and Numerical Methods/1_Working/DEL-04-07_Product solve integration and nonlinear orchestration/_STATUS.md#Remaining; projects/chirality-piping/execution/PKG-04_Solver Core and Numerical Methods/1_Working/DEL-04-07_Product solve integration and nonlinear orchestration/ScopeOfWork.md; named refs: SCA-011; projects/chirality-piping/execution/_ScopeChange/SCA-011_2026-09-22_OWNERSHIP,projects/chirality-piping/execution/PKG-04_Solver Core and Numerical Methods/1_Working/DEL-04-07_Product solve integration and nonlinear orchestration/ScopeOfWork.md,"SCA-011 gives an ownership route, not completed implementation or an allocated successor graph",PENDING,NONE,HOLD_PENDING_DISPOSITION_AND_DESTINATION_BACKCHECK
DEL-04-07:2,PINNED_2026-09-22_CENSUS,DEL-04-07,PKG-04,OPEN,2,"- Inventory current implementation evidence against the four claim hooks in ScopeOfWork.md; retain missing, partial and unobserved behavior explicitly. No product or native verification was performed by candidate drafting.",projects/chirality-piping/execution/PKG-04_Solver Core and Numerical Methods/1_Working/DEL-04-07_Product solve integration and nonlinear orchestration/_STATUS.md,3f2c7ed7da4571b58418955dab427e4e82e0196eb18e213316f404a621e74fb7,"Inventory current implementation evidence against the four claim hooks in ScopeOfWork.md; retain missing, partial and unobserved behavior explicitly. No product or native verification was performed by candidate drafting.",ACCEPTED_OWNERSHIP_ROUTE;CLAIM_SPECIFIC_WORK_REMAINS,projects/chirality-piping/execution/PKG-04_Solver Core and Numerical Methods/1_Working/DEL-04-07_Product solve integration and nonlinear orchestration/_STATUS.md#Remaining; projects/chirality-piping/execution/PKG-04_Solver Core and Numerical Methods/1_Working/DEL-04-07_Product solve integration and nonlinear orchestration/ScopeOfWork.md; projects/chirality-piping/execution/_ScopeChange/SCA-011_2026-09-22_OWNERSHIP,projects/chirality-piping/execution/PKG-04_Solver Core and Numerical Methods/1_Working/DEL-04-07_Product solve integration and nonlinear orchestration/ScopeOfWork.md,"SCA-011 gives an ownership route, not completed implementation or an allocated successor graph",PENDING,NONE,HOLD_PENDING_DISPOSITION_AND_DESTINATION_BACKCHECK
DEL-04-07:3,PINNED_2026-09-22_CENSUS,DEL-04-07,PKG-04,OPEN,3,"- Preserve all engineering, privacy, professional, lifecycle and release holds named by the accepted instruments.",projects/chirality-piping/execution/PKG-04_Solver Core and Numerical Methods/1_Working/DEL-04-07_Product solve integration and nonlinear orchestration/_STATUS.md,3f2c7ed7da4571b58418955dab427e4e82e0196eb18e213316f404a621e74fb7,"Preserve all engineering, privacy, professional, lifecycle and release holds named by the accepted instruments.",ACCEPTED_OWNERSHIP_ROUTE;CLAIM_SPECIFIC_WORK_REMAINS,projects/chirality-piping/execution/PKG-04_Solver Core and Numerical Methods/1_Working/DEL-04-07_Product solve integration and nonlinear orchestration/_STATUS.md#Remaining; projects/chirality-piping/execution/PKG-04_Solver Core and Numerical Methods/1_Working/DEL-04-07_Product solve integration and nonlinear orchestration/ScopeOfWork.md; projects/chirality-piping/execution/_ScopeChange/SCA-011_2026-09-22_OWNERSHIP,projects/chirality-piping/execution/PKG-04_Solver Core and Numerical Methods/1_Working/DEL-04-07_Product solve integration and nonlinear orchestration/ScopeOfWork.md,"SCA-011 gives an ownership route, not completed implementation or an allocated successor graph",PENDING,NONE,HOLD_PENDING_DISPOSITION_AND_DESTINATION_BACKCHECK
DEL-05-01:1,PINNED_2026-09-22_CENSUS,DEL-05-01,PKG-05,IN_PROGRESS,1,- Bind a fresh protected-content and boundary review to the static generator source candidate including DEC-068 additions. (R5 continuation claim references: DEL-05-01:SOW#CLM-016/REQ-05-01-003.),"projects/chirality-piping/execution/PKG-05_Loads, Load Cases, and Stress Recovery/1_Working/DEL-05-01_Primitive load case engine/_STATUS.md",80a7380ae6c81d7a3f12b5c3ea1438895aeed6ed6bd4bd346b9a1a8d7ac161a4,Bind a fresh protected-content and boundary review to the static generator source candidate including DEC-068 additions. (R5 continuation claim references: DEL-05-01:SOW#CLM-016/REQ-05-01-003.),GOVERNING_SCOPE_CANDIDATE_WITH_UNFINISHED_WITNESS,"projects/chirality-piping/execution/PKG-05_Loads, Load Cases, and Stress Recovery/1_Working/DEL-05-01_Primitive load case engine/_STATUS.md#Remaining; projects/chirality-piping/execution/PKG-05_Loads, Load Cases, and Stress Recovery/1_Working/DEL-05-01_Primitive load case engine/ScopeOfWork.md; named refs: CLM-016, DEC-068, REQ-05-01-003","projects/chirality-piping/execution/PKG-05_Loads, Load Cases, and Stress Recovery/1_Working/DEL-05-01_Primitive load case engine/ScopeOfWork.md",Existing governing form; specific surviving meaning requires human review before source removal,PENDING,NONE,HOLD_PENDING_DISPOSITION_AND_DESTINATION_BACKCHECK
DEL-05-02:1,PINNED_2026-09-22_CENSUS,DEL-05-02,PKG-05,IN_PROGRESS,1,"- Define and evidence the rule-pack combination supply interface, or obtain the owning interpretation of user-authored combinations, and carry/verify the AB-00-06 diagnostic fields through the algebra/product mapping. (R5 continuation claim references: DEL-05-02:SOW#CLM-010/REQ-05-02-004; REQ-05-02-008; CLM-012/REQ-05-02-008.)","projects/chirality-piping/execution/PKG-05_Loads, Load Cases, and Stress Recovery/1_Working/DEL-05-02_Load-case algebra engine/_STATUS.md",42f417c0e28a26ca023f09c406aed4351a1327522a749ec4004e184313dccd24,"Define and evidence the rule-pack combination supply interface, or obtain the owning interpretation of user-authored combinations, and carry/verify the AB-00-06 diagnostic fields through the algebra/product mapping. (R5 continuation claim references: DEL-05-02:SOW#CLM-010/REQ-05-02-004; REQ-05-02-008;…",GOVERNING_SCOPE_CANDIDATE_WITH_UNFINISHED_WITNESS,"projects/chirality-piping/execution/PKG-05_Loads, Load Cases, and Stress Recovery/1_Working/DEL-05-02_Load-case algebra engine/_STATUS.md#Remaining; projects/chirality-piping/execution/PKG-05_Loads, Load Cases, and Stress Recovery/1_Working/DEL-05-02_Load-case algebra engine/ScopeOfWork.md; named refs: CLM-010, CLM-012, REQ-05-02-004, REQ-05-02-008","projects/chirality-piping/execution/PKG-05_Loads, Load Cases, and Stress Recovery/1_Working/DEL-05-02_Load-case algebra engine/ScopeOfWork.md",Existing governing form; specific surviving meaning requires human review before source removal,PENDING,NONE,HOLD_PENDING_DISPOSITION_AND_DESTINATION_BACKCHECK
DEL-05-02:2,PINNED_2026-09-22_CENSUS,DEL-05-02,PKG-05,IN_PROGRESS,2,- No DEC-092 product-implementation or Receipt-87 closeout action is identified by this item. The bounded implementation evidence is `_run_records/WORKING_ITEMS_RUN_2026-08-02_DEC092_TEMPERATURE_G_IMPLEMENTATION.md`; `loop/LOOP_RECEIPTS.md` Receipt 87 records the closeout and commit-bound `validation/evidence/sweeps/SWEEP_20260803T194132Z_c394365ca72b.json`. The separate DEL-09-04 derivative regeneration below remains deferred. No suite was rerun for this record repair.,"projects/chirality-piping/execution/PKG-05_Loads, Load Cases, and Stress Recovery/1_Working/DEL-05-02_Load-case algebra engine/_STATUS.md",42f417c0e28a26ca023f09c406aed4351a1327522a749ec4004e184313dccd24,No DEC-092 product-implementation or Receipt-87 closeout action is identified by this item. The bounded implementation evidence is `_run_records/WORKING_ITEMS_RUN_2026-08-02_DEC092_TEMPERATURE_G_IMPLEMENTATION.md`; `loop/LOOP_RECEIPTS.md` Receipt 87 records the closeout and commit-bound…,RECORDED_BOUNDED_RESULT;PRESERVE_SURVIVING_LIMITS,"projects/chirality-piping/execution/PKG-05_Loads, Load Cases, and Stress Recovery/1_Working/DEL-05-02_Load-case algebra engine/_STATUS.md#Remaining; projects/chirality-piping/execution/PKG-05_Loads, Load Cases, and Stress Recovery/1_Working/DEL-05-02_Load-case algebra engine/ScopeOfWork.md; named refs: DEC-092","projects/chirality-piping/execution/PKG-05_Loads, Load Cases, and Stress Recovery/1_Working/DEL-05-02_Load-case algebra engine/ScopeOfWork.md","Past result is historical evidence, not whole-deliverable closure; retain any explicit residual in governing form",PENDING,NONE,HOLD_PENDING_DISPOSITION_AND_DESTINATION_BACKCHECK
DEL-05-02:3,PINNED_2026-09-22_CENSUS,DEL-05-02,PKG-05,IN_PROGRESS,3,- DEL-09-04 validation-manual derivative regeneration remains deferred to that,"projects/chirality-piping/execution/PKG-05_Loads, Load Cases, and Stress Recovery/1_Working/DEL-05-02_Load-case algebra engine/_STATUS.md",42f417c0e28a26ca023f09c406aed4351a1327522a749ec4004e184313dccd24,Continuation of a single multiline DEL-05-02 Remaining bullet; items 3–5 are one DEL-09-04 derivative-regeneration meaning.,COMPOUND_LINE_REASSEMBLY;EXISTING_OTHER_DELIVERABLE_SCOPE,"projects/chirality-piping/execution/PKG-05_Loads, Load Cases, and Stress Recovery/1_Working/DEL-05-02_Load-case algebra engine/_STATUS.md#Remaining; projects/chirality-piping/execution/PKG-05_Loads, Load Cases, and Stress Recovery/1_Working/DEL-05-02_Load-case algebra engine/ScopeOfWork.md","projects/chirality-piping/execution/PKG-09_Verification, Validation, and Quality Oracles/1_Working/DEL-09-04_Validation manual skeleton/ScopeOfWork.md; TM-PIP-043 (deferred decision attention only; governing source retained)",Named receiving deliverable; exact verified path/obligation must be checked before removal,PENDING,NONE,HOLD_PENDING_DISPOSITION_AND_DESTINATION_BACKCHECK
DEL-05-02:4,PINNED_2026-09-22_CENSUS,DEL-05-02,PKG-05,IN_PROGRESS,4,deliverable's owning cadence. It does not change this deliverable's validated,"projects/chirality-piping/execution/PKG-05_Loads, Load Cases, and Stress Recovery/1_Working/DEL-05-02_Load-case algebra engine/_STATUS.md",42f417c0e28a26ca023f09c406aed4351a1327522a749ec4004e184313dccd24,Continuation of a single multiline DEL-05-02 Remaining bullet; items 3–5 are one DEL-09-04 derivative-regeneration meaning.,COMPOUND_LINE_REASSEMBLY;EXISTING_OTHER_DELIVERABLE_SCOPE,"projects/chirality-piping/execution/PKG-05_Loads, Load Cases, and Stress Recovery/1_Working/DEL-05-02_Load-case algebra engine/_STATUS.md#Remaining; projects/chirality-piping/execution/PKG-05_Loads, Load Cases, and Stress Recovery/1_Working/DEL-05-02_Load-case algebra engine/ScopeOfWork.md","projects/chirality-piping/execution/PKG-09_Verification, Validation, and Quality Oracles/1_Working/DEL-09-04_Validation manual skeleton/ScopeOfWork.md; TM-PIP-043 (deferred decision attention only; governing source retained)",Named receiving deliverable; exact verified path/obligation must be checked before removal,PENDING,NONE,HOLD_PENDING_DISPOSITION_AND_DESTINATION_BACKCHECK
DEL-05-02:5,PINNED_2026-09-22_CENSUS,DEL-05-02,PKG-05,IN_PROGRESS,5,DEC-092 implementation result.,"projects/chirality-piping/execution/PKG-05_Loads, Load Cases, and Stress Recovery/1_Working/DEL-05-02_Load-case algebra engine/_STATUS.md",42f417c0e28a26ca023f09c406aed4351a1327522a749ec4004e184313dccd24,Continuation of a single multiline DEL-05-02 Remaining bullet; items 3–5 are one DEL-09-04 derivative-regeneration meaning.,COMPOUND_LINE_REASSEMBLY;EXISTING_OTHER_DELIVERABLE_SCOPE,"projects/chirality-piping/execution/PKG-05_Loads, Load Cases, and Stress Recovery/1_Working/DEL-05-02_Load-case algebra engine/_STATUS.md#Remaining; projects/chirality-piping/execution/PKG-05_Loads, Load Cases, and Stress Recovery/1_Working/DEL-05-02_Load-case algebra engine/ScopeOfWork.md; named refs: DEC-092","projects/chirality-piping/execution/PKG-09_Verification, Validation, and Quality Oracles/1_Working/DEL-09-04_Validation manual skeleton/ScopeOfWork.md; TM-PIP-043 (deferred decision attention only; governing source retained)",Named receiving deliverable; exact verified path/obligation must be checked before removal,PENDING,NONE,HOLD_PENDING_DISPOSITION_AND_DESTINATION_BACKCHECK
DEL-05-03:1,PINNED_2026-09-22_CENSUS,DEL-05-03,PKG-05,IN_PROGRESS,1,"- The private dormant exact-annulus pressure kernel is implemented in accepted source `8ad37207cf088025623aa1e777a97a6fcb802f48` and qualified against the V3 independent refutation. Production pressure activation remains open with Poisson/material authority, closure topology/defaults, typed public force/result compatibility, curved and expansion-joint treatment, thresholds, and verification fixtures. No lifecycle, dependency, or runtime-pressure claim is implied.","projects/chirality-piping/execution/PKG-05_Loads, Load Cases, and Stress Recovery/1_Working/DEL-05-03_Fundamental stress recovery module/_STATUS.md",5d825421b45d38df013a741e438efe2c42b03fa9f535ed6a9968da8cedb8ca68,"The private dormant exact-annulus pressure kernel is implemented in accepted source `8ad37207cf088025623aa1e777a97a6fcb802f48` and qualified against the V3 independent refutation. Production pressure activation remains open with Poisson/material authority, closure topology/defaults, typed public…",GOVERNING_SCOPE_CANDIDATE_WITH_UNFINISHED_WITNESS,"projects/chirality-piping/execution/PKG-05_Loads, Load Cases, and Stress Recovery/1_Working/DEL-05-03_Fundamental stress recovery module/_STATUS.md#Remaining; projects/chirality-piping/execution/PKG-05_Loads, Load Cases, and Stress Recovery/1_Working/DEL-05-03_Fundamental stress recovery module/ScopeOfWork.md","projects/chirality-piping/execution/PKG-05_Loads, Load Cases, and Stress Recovery/1_Working/DEL-05-03_Fundamental stress recovery module/ScopeOfWork.md",Existing governing form; specific surviving meaning requires human review before source removal,PENDING,NONE,HOLD_PENDING_DISPOSITION_AND_DESTINATION_BACKCHECK
DEL-05-03:2,PINNED_2026-09-22_CENSUS,DEL-05-03,PKG-05,IN_PROGRESS,2,"- The 2026-09-09 endpoint section-cut, curved-frame metadata, and genuine-pressure eligibility repair remains accepted. Its preserved 2026-09-09 raw-envelope observation reported 196 unchanged baseline public result-contract errors and zero errors on the repair-affected rows; 196 is historical snapshot evidence, not a new or universal count. Versioned public-result-contract work remains open.","projects/chirality-piping/execution/PKG-05_Loads, Load Cases, and Stress Recovery/1_Working/DEL-05-03_Fundamental stress recovery module/_STATUS.md",5d825421b45d38df013a741e438efe2c42b03fa9f535ed6a9968da8cedb8ca68,"The 2026-09-09 endpoint section-cut, curved-frame metadata, and genuine-pressure eligibility repair remains accepted. Its preserved 2026-09-09 raw-envelope observation reported 196 unchanged baseline public result-contract errors and zero errors on the repair-affected rows; 196 is historical snapshot…",HISTORICAL_OBSERVATION;PUBLIC_RESULT_CONTRACT_SCOPE_RETAINED,"projects/chirality-piping/execution/PKG-05_Loads, Load Cases, and Stress Recovery/1_Working/DEL-05-03_Fundamental stress recovery module/_STATUS.md#Remaining; projects/chirality-piping/execution/PKG-05_Loads, Load Cases, and Stress Recovery/1_Working/DEL-05-03_Fundamental stress recovery module/ScopeOfWork.md","projects/chirality-piping/execution/PKG-05_Loads, Load Cases, and Stress Recovery/1_Working/DEL-05-03_Fundamental stress recovery module/ScopeOfWork.md","196 errors is dated raw-envelope observation, not current universal count",PENDING,NONE,HOLD_PENDING_DISPOSITION_AND_DESTINATION_BACKCHECK
DEL-05-03:3,PINNED_2026-09-22_CENSUS,DEL-05-03,PKG-05,IN_PROGRESS,3,"- Broader pressure behavior, connector treatment, and public result-contract work remain open. No lifecycle or DAG promotion is recorded.","projects/chirality-piping/execution/PKG-05_Loads, Load Cases, and Stress Recovery/1_Working/DEL-05-03_Fundamental stress recovery module/_STATUS.md",5d825421b45d38df013a741e438efe2c42b03fa9f535ed6a9968da8cedb8ca68,"Broader pressure behavior, connector treatment, and public result-contract work remain open. No lifecycle or DAG promotion is recorded.",COMPOUND_SCOPE_PARTIAL;CONNECTOR_OWNER_DECISION_PENDING,"projects/chirality-piping/execution/PKG-05_Loads, Load Cases, and Stress Recovery/1_Working/DEL-05-03_Fundamental stress recovery module/_STATUS.md#Remaining; projects/chirality-piping/execution/PKG-05_Loads, Load Cases, and Stress Recovery/1_Working/DEL-05-03_Fundamental stress recovery module/ScopeOfWork.md","projects/chirality-piping/execution/PKG-05_Loads, Load Cases, and Stress Recovery/1_Working/DEL-05-03_Fundamental stress recovery module/ScopeOfWork.md (pressure/public naming only); projects/chirality-piping/execution/PKG-05_Loads, Load Cases, and Stress Recovery/1_Working/DEL-05-03_Fundamental stress recovery module/_STATUS.md#Remaining (connector clause retained pending owner route); TM-PIP-050 (deferred decision attention only; governing source retained)",Pressure and public result naming have local scope; connector treatment is absent from bounded straight-pipe SOW. Owning deliverable/scope decision required before any connector transfer; source retained.,PENDING,NONE,HOLD_PENDING_DISPOSITION_AND_DESTINATION_BACKCHECK
DEL-05-04:1,PINNED_2026-09-22_CENSUS,DEL-05-04,PKG-05,IN_PROGRESS,1,"- Resolve the held stale human-acceptance reuse negative (FG-DEL-05-04-01; ScopeOfWork.md REQ-05-04-008/014 and CLM-008/023) against an authorized implementation and verification basis, or obtain a scope disposition. The landed operation-applier stale-model-hash check does not establish invalidation of external human-acceptance records; external acceptance ownership/storage/presentation remain held. This record does not declare warranted-empty Remaining.","projects/chirality-piping/execution/PKG-05_Loads, Load Cases, and Stress Recovery/1_Working/DEL-05-04_Analysis status semantics/_STATUS.md",a9ff2ffd78dfe1f66a34fa5d9a7ef93ca222f43429e726775657552df3fb6bfb,"Resolve the held stale human-acceptance reuse negative (FG-DEL-05-04-01; ScopeOfWork.md REQ-05-04-008/014 and CLM-008/023) against an authorized implementation and verification basis, or obtain a scope disposition. The landed operation-applier stale-model-hash check does not establish invalidation of…",NEGATIVE_EVIDENCE_HOLD;GOVERNING_SCOPE_RETAINED,"projects/chirality-piping/execution/PKG-05_Loads, Load Cases, and Stress Recovery/1_Working/DEL-05-04_Analysis status semantics/_STATUS.md#Remaining; projects/chirality-piping/execution/PKG-05_Loads, Load Cases, and Stress Recovery/1_Working/DEL-05-04_Analysis status semantics/ScopeOfWork.md; named refs: CLM-008, REQ-05-04-008","projects/chirality-piping/execution/PKG-05_Loads, Load Cases, and Stress Recovery/1_Working/DEL-05-04_Analysis status semantics/ScopeOfWork.md; TM-PIP-048 (deferred decision attention only; governing source retained)",Stale human-acceptance invalidation unproved; no warranted-empty inference,PENDING,NONE,HOLD_PENDING_DISPOSITION_AND_DESTINATION_BACKCHECK
DEL-05-05:NONE,PINNED_2026-09-22_CENSUS,DEL-05-05,PKG-05,IN_PROGRESS,NONE,NONE — no item recorded; not evidence of completion,"projects/chirality-piping/execution/PKG-05_Loads, Load Cases, and Stress Recovery/1_Working/DEL-05-05_Concentrated and distributed user load application/_STATUS.md",933c42079b56224e26360ffa58ecf5c2d790c069e18ab6cbe16a320360d3e4ac,No current task was recorded in the historical census; this is no completion or acceptance finding.,NO_CURRENT_TASK_MARKER,"projects/chirality-piping/execution/PKG-05_Loads, Load Cases, and Stress Recovery/1_Working/DEL-05-05_Concentrated and distributed user load application/_STATUS.md#Remaining; projects/chirality-piping/execution/PKG-05_Loads, Load Cases, and Stress Recovery/1_Working/DEL-05-05_Concentrated and distributed user load application/ScopeOfWork.md","projects/chirality-piping/execution/PKG-05_Loads, Load Cases, and Stress Recovery/1_Working/DEL-05-05_Concentrated and distributed user load application/ScopeOfWork.md",No live task or surviving meaning in source section; governing form and lifecycle/history retained. See APPLIED_ROW_LEDGER.csv.,OWNER_CONDITIONAL_GROUP_TREATMENT_APPROVED_2026-09-22,EMPTY_REMAINING_HEADING_REMOVED;LIFECYCLE_HISTORY_UNCHANGED,APPLIED_VERIFIED_NO_TASK_TO_TRANSFER
DEL-06-01:1,PINNED_2026-09-22_CENSUS,DEL-06-01,PKG-06,IN_PROGRESS,1,- Bind protected-content/provenance review to the rule-pack schema and invented example. Evidence the public-invented classification/redistribution/notice conditional at the schema or named example gate; existing schema structure does not substitute for that check. (R5 continuation claim references: DEL-06-01:SOW#CLM-011/REQ-06-01-007; REQ-06-01-011.),projects/chirality-piping/execution/PKG-06_Rule Packs and User-Supplied Code Check Engine/1_Working/DEL-06-01_Rule-pack schema/_STATUS.md,afc9c31688ea54cff51dd6685efefcd1954443d67fc43c6c545c2349684dd06b,Bind protected-content/provenance review to the rule-pack schema and invented example. Evidence the public-invented classification/redistribution/notice conditional at the schema or named example gate; existing schema structure does not substitute for that check. (R5 continuation claim references:…,GOVERNING_SCOPE_CANDIDATE_WITH_UNFINISHED_WITNESS,"projects/chirality-piping/execution/PKG-06_Rule Packs and User-Supplied Code Check Engine/1_Working/DEL-06-01_Rule-pack schema/_STATUS.md#Remaining; projects/chirality-piping/execution/PKG-06_Rule Packs and User-Supplied Code Check Engine/1_Working/DEL-06-01_Rule-pack schema/ScopeOfWork.md; named refs: CLM-011, REQ-06-01-007, REQ-06-01-011",projects/chirality-piping/execution/PKG-06_Rule Packs and User-Supplied Code Check Engine/1_Working/DEL-06-01_Rule-pack schema/ScopeOfWork.md,Existing governing form; specific surviving meaning requires human review before source removal,PENDING,NONE,HOLD_PENDING_DISPOSITION_AND_DESTINATION_BACKCHECK
DEL-06-02:1,PINNED_2026-09-22_CENSUS,DEL-06-02,PKG-06,IN_PROGRESS,1,- Keep PDU-037 downstream plugin/adapter bypass-attempt and public-example protected-content test families open; the refreshed 31-test plus 69-case evaluator corpus is verification only.,projects/chirality-piping/execution/PKG-06_Rule Packs and User-Supplied Code Check Engine/1_Working/DEL-06-02_Sandboxed unit-aware expression evaluator/_STATUS.md,d2c2c1c46f06fc089ce97d651cf24cc6ab273f9be3f669b9b6d03c28c9410e24,Keep PDU-037 downstream plugin/adapter bypass-attempt and public-example protected-content test families open; the refreshed 31-test plus 69-case evaluator corpus is verification only.,GOVERNING_SCOPE_CANDIDATE_WITH_UNFINISHED_WITNESS,projects/chirality-piping/execution/PKG-06_Rule Packs and User-Supplied Code Check Engine/1_Working/DEL-06-02_Sandboxed unit-aware expression evaluator/_STATUS.md#Remaining; projects/chirality-piping/execution/PKG-06_Rule Packs and User-Supplied Code Check Engine/1_Working/DEL-06-02_Sandboxed unit-aware expression evaluator/ScopeOfWork.md; named refs: PDU-037,projects/chirality-piping/execution/PKG-06_Rule Packs and User-Supplied Code Check Engine/1_Working/DEL-06-02_Sandboxed unit-aware expression evaluator/ScopeOfWork.md,Existing governing form; specific surviving meaning requires human review before source removal,PENDING,NONE,HOLD_PENDING_DISPOSITION_AND_DESTINATION_BACKCHECK
DEL-06-02:2,PINNED_2026-09-22_CENSUS,DEL-06-02,PKG-06,IN_PROGRESS,2,- Bind evaluator findings and final diagnostic taxonomy into a governed result envelope before report consumption; the T4 persisted-record reader does not execute or integrate the evaluator.,projects/chirality-piping/execution/PKG-06_Rule Packs and User-Supplied Code Check Engine/1_Working/DEL-06-02_Sandboxed unit-aware expression evaluator/_STATUS.md,d2c2c1c46f06fc089ce97d651cf24cc6ab273f9be3f669b9b6d03c28c9410e24,Bind evaluator findings and final diagnostic taxonomy into a governed result envelope before report consumption; the T4 persisted-record reader does not execute or integrate the evaluator.,GOVERNING_SCOPE_CANDIDATE_WITH_UNFINISHED_WITNESS,projects/chirality-piping/execution/PKG-06_Rule Packs and User-Supplied Code Check Engine/1_Working/DEL-06-02_Sandboxed unit-aware expression evaluator/_STATUS.md#Remaining; projects/chirality-piping/execution/PKG-06_Rule Packs and User-Supplied Code Check Engine/1_Working/DEL-06-02_Sandboxed unit-aware expression evaluator/ScopeOfWork.md,projects/chirality-piping/execution/PKG-06_Rule Packs and User-Supplied Code Check Engine/1_Working/DEL-06-02_Sandboxed unit-aware expression evaluator/ScopeOfWork.md,Existing governing form; specific surviving meaning requires human review before source removal,PENDING,NONE,HOLD_PENDING_DISPOSITION_AND_DESTINATION_BACKCHECK
DEL-06-02:3,PINNED_2026-09-22_CENSUS,DEL-06-02,PKG-06,IN_PROGRESS,3,- Bind any future adapter/plugin invocation to a governed runtime dispatch path; the DEC-074 O7/E5 declaration gate is deny-only and does not load or execute evaluator inputs.,projects/chirality-piping/execution/PKG-06_Rule Packs and User-Supplied Code Check Engine/1_Working/DEL-06-02_Sandboxed unit-aware expression evaluator/_STATUS.md,d2c2c1c46f06fc089ce97d651cf24cc6ab273f9be3f669b9b6d03c28c9410e24,Bind any future adapter/plugin invocation to a governed runtime dispatch path; the DEC-074 O7/E5 declaration gate is deny-only and does not load or execute evaluator inputs.,GOVERNING_SCOPE_CANDIDATE_WITH_UNFINISHED_WITNESS,projects/chirality-piping/execution/PKG-06_Rule Packs and User-Supplied Code Check Engine/1_Working/DEL-06-02_Sandboxed unit-aware expression evaluator/_STATUS.md#Remaining; projects/chirality-piping/execution/PKG-06_Rule Packs and User-Supplied Code Check Engine/1_Working/DEL-06-02_Sandboxed unit-aware expression evaluator/ScopeOfWork.md; named refs: DEC-074,projects/chirality-piping/execution/PKG-06_Rule Packs and User-Supplied Code Check Engine/1_Working/DEL-06-02_Sandboxed unit-aware expression evaluator/ScopeOfWork.md,Existing governing form; specific surviving meaning requires human review before source removal,PENDING,NONE,HOLD_PENDING_DISPOSITION_AND_DESTINATION_BACKCHECK
DEL-06-03:1,PINNED_2026-09-22_CENSUS,DEL-06-03,PKG-06,IN_PROGRESS,1,"- Carry completeness findings through the governed diagnostic fields including remediation, class and provenance, and bind a public/default-data review or registered check to checker fixtures and the invented pack. (R5 continuation claim references: DEL-06-03:SOW#CLM-013.r03; CLM-014; CLM-011/R-DEL-06-03-002.)",projects/chirality-piping/execution/PKG-06_Rule Packs and User-Supplied Code Check Engine/1_Working/DEL-06-03_Required-input completeness checker/_STATUS.md,2ee1a5f4d4c87dcc0dcfc67ff238326e2f4f3c89deaec0f4dd4b2e3110c0548d,"Carry completeness findings through the governed diagnostic fields including remediation, class and provenance, and bind a public/default-data review or registered check to checker fixtures and the invented pack. (R5 continuation claim references: DEL-06-03:SOW#CLM-013.r03; CLM-014; CLM-011/R-DEL-06-03-002.)",GOVERNING_SCOPE_CANDIDATE_WITH_UNFINISHED_WITNESS,"projects/chirality-piping/execution/PKG-06_Rule Packs and User-Supplied Code Check Engine/1_Working/DEL-06-03_Required-input completeness checker/_STATUS.md#Remaining; projects/chirality-piping/execution/PKG-06_Rule Packs and User-Supplied Code Check Engine/1_Working/DEL-06-03_Required-input completeness checker/ScopeOfWork.md; named refs: CLM-011, CLM-013.r03, CLM-014",projects/chirality-piping/execution/PKG-06_Rule Packs and User-Supplied Code Check Engine/1_Working/DEL-06-03_Required-input completeness checker/ScopeOfWork.md,Existing governing form; specific surviving meaning requires human review before source removal,PENDING,NONE,HOLD_PENDING_DISPOSITION_AND_DESTINATION_BACKCHECK
DEL-06-04:1,PINNED_2026-09-22_CENSUS,DEL-06-04,PKG-06,IN_PROGRESS,1,- Populate and verify validated local rule-pack audit references in product report/export requests; JSON hashing and local storage do not close that producer wiring. (R5 continuation: DEL-06-04:SOW#CLM-003.r07; CLM-010/R-06-04-008; CLM-025.r05.),projects/chirality-piping/execution/PKG-06_Rule Packs and User-Supplied Code Check Engine/1_Working/DEL-06-04_Private rule-pack lifecycle and checksum handling/_STATUS.md,7d0493ac30f6fe2bc8203f3f73b673895de56e62d2de57d9c4cbb9b828e7ef69,Populate and verify validated local rule-pack audit references in product report/export requests; JSON hashing and local storage do not close that producer wiring. (R5 continuation: DEL-06-04:SOW#CLM-003.r07; CLM-010/R-06-04-008; CLM-025.r05.),GOVERNING_SCOPE_CANDIDATE_WITH_UNFINISHED_WITNESS,"projects/chirality-piping/execution/PKG-06_Rule Packs and User-Supplied Code Check Engine/1_Working/DEL-06-04_Private rule-pack lifecycle and checksum handling/_STATUS.md#Remaining; projects/chirality-piping/execution/PKG-06_Rule Packs and User-Supplied Code Check Engine/1_Working/DEL-06-04_Private rule-pack lifecycle and checksum handling/ScopeOfWork.md; named refs: CLM-003.r07, CLM-010, CLM-025.r05",projects/chirality-piping/execution/PKG-06_Rule Packs and User-Supplied Code Check Engine/1_Working/DEL-06-04_Private rule-pack lifecycle and checksum handling/ScopeOfWork.md,Existing governing form; specific surviving meaning requires human review before source removal,PENDING,NONE,HOLD_PENDING_DISPOSITION_AND_DESTINATION_BACKCHECK
DEL-06-04:2,PINNED_2026-09-22_CENSUS,DEL-06-04,PKG-06,IN_PROGRESS,2,"- Bind rule-check-required data-gap findings through their DEL-06-03 owner and a governed result-envelope/runtime path; the T4 reader does not expand this lifecycle crate, and exact non-JSON/binary partitioning remains `TBD`.",projects/chirality-piping/execution/PKG-06_Rule Packs and User-Supplied Code Check Engine/1_Working/DEL-06-04_Private rule-pack lifecycle and checksum handling/_STATUS.md,7d0493ac30f6fe2bc8203f3f73b673895de56e62d2de57d9c4cbb9b828e7ef69,"Bind rule-check-required data-gap findings through their DEL-06-03 owner and a governed result-envelope/runtime path; the T4 reader does not expand this lifecycle crate, and exact non-JSON/binary partitioning remains `TBD`.",GOVERNING_SCOPE_CANDIDATE_WITH_UNFINISHED_WITNESS,projects/chirality-piping/execution/PKG-06_Rule Packs and User-Supplied Code Check Engine/1_Working/DEL-06-04_Private rule-pack lifecycle and checksum handling/_STATUS.md#Remaining; projects/chirality-piping/execution/PKG-06_Rule Packs and User-Supplied Code Check Engine/1_Working/DEL-06-04_Private rule-pack lifecycle and checksum handling/ScopeOfWork.md,projects/chirality-piping/execution/PKG-06_Rule Packs and User-Supplied Code Check Engine/1_Working/DEL-06-04_Private rule-pack lifecycle and checksum handling/ScopeOfWork.md,Existing governing form; specific surviving meaning requires human review before source removal,PENDING,NONE,HOLD_PENDING_DISPOSITION_AND_DESTINATION_BACKCHECK
DEL-06-04:3,PINNED_2026-09-22_CENSUS,DEL-06-04,PKG-06,IN_PROGRESS,3,- Route any future rule-pack adapter/plugin execution through a governed runtime dispatch path; the current declaration gate is deny-only. Exact non-JSON/binary manifest-hash partitioning remains `TBD`.,projects/chirality-piping/execution/PKG-06_Rule Packs and User-Supplied Code Check Engine/1_Working/DEL-06-04_Private rule-pack lifecycle and checksum handling/_STATUS.md,7d0493ac30f6fe2bc8203f3f73b673895de56e62d2de57d9c4cbb9b828e7ef69,Route any future rule-pack adapter/plugin execution through a governed runtime dispatch path; the current declaration gate is deny-only. Exact non-JSON/binary manifest-hash partitioning remains `TBD`.,GOVERNING_SCOPE_CANDIDATE_WITH_UNFINISHED_WITNESS,projects/chirality-piping/execution/PKG-06_Rule Packs and User-Supplied Code Check Engine/1_Working/DEL-06-04_Private rule-pack lifecycle and checksum handling/_STATUS.md#Remaining; projects/chirality-piping/execution/PKG-06_Rule Packs and User-Supplied Code Check Engine/1_Working/DEL-06-04_Private rule-pack lifecycle and checksum handling/ScopeOfWork.md,projects/chirality-piping/execution/PKG-06_Rule Packs and User-Supplied Code Check Engine/1_Working/DEL-06-04_Private rule-pack lifecycle and checksum handling/ScopeOfWork.md,Existing governing form; specific surviving meaning requires human review before source removal,PENDING,NONE,HOLD_PENDING_DISPOSITION_AND_DESTINATION_BACKCHECK
DEL-06-04:4,PINNED_2026-09-22_CENSUS,DEL-06-04,PKG-06,IN_PROGRESS,4,- Preserve PDU-044's documented schema absence in this lifecycle/checksum slice; numeric rule-pack unit metadata remains owned by DEL-02-02 and DEL-06-02/DEL-06-03 unless scope is separately changed.,projects/chirality-piping/execution/PKG-06_Rule Packs and User-Supplied Code Check Engine/1_Working/DEL-06-04_Private rule-pack lifecycle and checksum handling/_STATUS.md,7d0493ac30f6fe2bc8203f3f73b673895de56e62d2de57d9c4cbb9b828e7ef69,Preserve PDU-044's documented schema absence in this lifecycle/checksum slice; numeric rule-pack unit metadata remains owned by DEL-02-02 and DEL-06-02/DEL-06-03 unless scope is separately changed.,PDU_HOLD;GOVERNING_SCOPE_RETAINED,projects/chirality-piping/execution/PKG-06_Rule Packs and User-Supplied Code Check Engine/1_Working/DEL-06-04_Private rule-pack lifecycle and checksum handling/_STATUS.md#Remaining; projects/chirality-piping/execution/PKG-06_Rule Packs and User-Supplied Code Check Engine/1_Working/DEL-06-04_Private rule-pack lifecycle and checksum handling/ScopeOfWork.md; named refs: PDU-044,projects/chirality-piping/execution/PKG-06_Rule Packs and User-Supplied Code Check Engine/1_Working/DEL-06-04_Private rule-pack lifecycle and checksum handling/ScopeOfWork.md,Preserve protected verification/validation or owner gate at claim source,PENDING,NONE,HOLD_PENDING_DISPOSITION_AND_DESTINATION_BACKCHECK
DEL-06-05:NONE,PINNED_2026-09-22_CENSUS,DEL-06-05,PKG-06,IN_PROGRESS,NONE,NONE — no item recorded; not evidence of completion,projects/chirality-piping/execution/PKG-06_Rule Packs and User-Supplied Code Check Engine/1_Working/DEL-06-05_Invented non-code example rule pack/_STATUS.md,3ee58ef62fd95f1c9d71acc1007ef21b8033a6bf052bfe0020b95cff78a86292,No current task was recorded in the historical census; this is no completion or acceptance finding.,NO_CURRENT_TASK_MARKER,projects/chirality-piping/execution/PKG-06_Rule Packs and User-Supplied Code Check Engine/1_Working/DEL-06-05_Invented non-code example rule pack/_STATUS.md#Remaining; projects/chirality-piping/execution/PKG-06_Rule Packs and User-Supplied Code Check Engine/1_Working/DEL-06-05_Invented non-code example rule pack/ScopeOfWork.md,projects/chirality-piping/execution/PKG-06_Rule Packs and User-Supplied Code Check Engine/1_Working/DEL-06-05_Invented non-code example rule pack/ScopeOfWork.md,No live task or surviving meaning in source section; governing form and lifecycle/history retained. See APPLIED_ROW_LEDGER.csv.,OWNER_CONDITIONAL_GROUP_TREATMENT_APPROVED_2026-09-22,EMPTY_REMAINING_HEADING_REMOVED;LIFECYCLE_HISTORY_UNCHANGED,APPLIED_VERIFIED_NO_TASK_TO_TRANSFER
DEL-07-01:1,PINNED_2026-09-22_CENSUS,DEL-07-01,PKG-07,IN_PROGRESS,1,"- PR #794 landed the bounded shared-endpoint picking repair at `362dcffc`; it preserves tolerances, priority and broad-phase policy. A separate fresh N10000 demonstration completed with valid evidence and all original timing targets met, including all 200 point selections and the former point58 failure. See [the runtime report and successor handoff](../../../_Coordination/AgentRuns/HELP-HUMAN-PIPING-20260918-PICKING-STABILITY/RUNTIME_REPORT.md). This closes the bounded repair/runtime assignment only; original D70 failures, redesigned-product performance/resource obligations and independent-usability holds remain unchanged.",projects/chirality-piping/execution/PKG-07_Graphical User Interface and Engineering Workflow/1_Working/DEL-07-01_3D viewport and centerline editor/_STATUS.md,0608b08af9fe8bf6ce5c9d57826018e0489e4da57e1b3edf03cea015af05d42b,"PR #794 landed the bounded shared-endpoint picking repair at `362dcffc`; it preserves tolerances, priority and broad-phase policy. A separate fresh N10000 demonstration completed with valid evidence and all original timing targets met, including all 200 point selections and the former point58 failure. See…",RECORDED_BOUNDED_RESULT;PRESERVE_SURVIVING_LIMITS,projects/chirality-piping/execution/PKG-07_Graphical User Interface and Engineering Workflow/1_Working/DEL-07-01_3D viewport and centerline editor/_STATUS.md#Remaining; projects/chirality-piping/execution/PKG-07_Graphical User Interface and Engineering Workflow/1_Working/DEL-07-01_3D viewport and centerline editor/ScopeOfWork.md,projects/chirality-piping/execution/PKG-07_Graphical User Interface and Engineering Workflow/1_Working/DEL-07-01_3D viewport and centerline editor/ScopeOfWork.md,"Past result is historical evidence, not whole-deliverable closure; retain any explicit residual in governing form",PENDING,NONE,HOLD_PENDING_DISPOSITION_AND_DESTINATION_BACKCHECK
DEL-07-01:2,PINNED_2026-09-22_CENSUS,DEL-07-01,PKG-07,IN_PROGRESS,2,"- Bounded UI foundation: the implemented slice comprises persistent modelling workspace and compact/post-solve layout; typed point, multiple and directional Box selection; transient hide/isolate and view fitting; authored-coordinate measurement; and validated straight-span ActualOD display with schematic fallback. The [final ROOT acceptance record](../../../_Coordination/AgentRuns/HELP-HUMAN-PIPING-20260915-PRODUCTION-UI/instances/ROOT/FINAL_ACCEPTANCE.json) accepts this bounded functional technical slice; only its expressly accepted scope narrows functional Remaining, while broader residuals below stay open. Richer routing, attached engineering transforms, finite component insert-in-run and DAG-002-E0482 through E0485 remain open with existing owner-gated dispositions.",projects/chirality-piping/execution/PKG-07_Graphical User Interface and Engineering Workflow/1_Working/DEL-07-01_3D viewport and centerline editor/_STATUS.md,0608b08af9fe8bf6ce5c9d57826018e0489e4da57e1b3edf03cea015af05d42b,"Bounded UI foundation: the implemented slice comprises persistent modelling workspace and compact/post-solve layout; typed point, multiple and directional Box selection; transient hide/isolate and view fitting; authored-coordinate measurement; and validated straight-span ActualOD display with schematic…",RECORDED_BOUNDED_RESULT;PRESERVE_SURVIVING_LIMITS,projects/chirality-piping/execution/PKG-07_Graphical User Interface and Engineering Workflow/1_Working/DEL-07-01_3D viewport and centerline editor/_STATUS.md#Remaining; projects/chirality-piping/execution/PKG-07_Graphical User Interface and Engineering Workflow/1_Working/DEL-07-01_3D viewport and centerline editor/ScopeOfWork.md,projects/chirality-piping/execution/PKG-07_Graphical User Interface and Engineering Workflow/1_Working/DEL-07-01_3D viewport and centerline editor/ScopeOfWork.md,"Past result is historical evidence, not whole-deliverable closure; retain any explicit residual in governing form",PENDING,NONE,HOLD_PENDING_DISPOSITION_AND_DESTINATION_BACKCHECK
DEL-07-01:3,PINNED_2026-09-22_CENSUS,DEL-07-01,PKG-07,IN_PROGRESS,3,"- Performance acceptance, settled-frame and owned-resource obligations remain open on the redesigned product under [D-72](../../../_Coordination/_DECISIONS/D-72_RULING_2026-09-18.md) and its [final addendum](../../../_Coordination/_DECISIONS/D-72_RULING_ADDENDUM_2026-09-18.md). All six criteria are ruled and frozen: item 5 uses S-1/S-2, with S-3 not accepted. The addendum removes the fresh former-interface baseline cohort; the original D-70 failures and successor demonstration retain their distinct attribution. Independent-usability holds remain. Qualification requires the ruled candidate evidence; no performance acceptance or lifecycle promotion follows from the criteria ruling.",projects/chirality-piping/execution/PKG-07_Graphical User Interface and Engineering Workflow/1_Working/DEL-07-01_3D viewport and centerline editor/_STATUS.md,0608b08af9fe8bf6ce5c9d57826018e0489e4da57e1b3edf03cea015af05d42b,"Performance acceptance, settled-frame and owned-resource obligations remain open on the redesigned product under [D-72](../../../_Coordination/_DECISIONS/D-72_RULING_2026-09-18.md) and its [final addendum](../../../_Coordination/_DECISIONS/D-72_RULING_ADDENDUM_2026-09-18.md). All six criteria are ruled…",D72_PERFORMANCE_RESOURCE_ACCEPTANCE_HOLD;SCOPE_RETAINED,projects/chirality-piping/execution/PKG-07_Graphical User Interface and Engineering Workflow/1_Working/DEL-07-01_3D viewport and centerline editor/_STATUS.md#Remaining; projects/chirality-piping/execution/_Coordination/_DECISIONS/D-72_RULING_2026-09-18.md; projects/chirality-piping/execution/_Coordination/_DECISIONS/D-72_RULING_ADDENDUM_2026-09-18.md; projects/chirality-piping/execution/PKG-07_Graphical User Interface and Engineering Workflow/1_Working/DEL-07-01_3D viewport and centerline editor/ScopeOfWork.md,projects/chirality-piping/execution/_Coordination/_DECISIONS/D-72_RULING_2026-09-18.md; projects/chirality-piping/execution/_Coordination/_DECISIONS/D-72_RULING_ADDENDUM_2026-09-18.md; projects/chirality-piping/execution/PKG-07_Graphical User Interface and Engineering Workflow/1_Working/DEL-07-01_3D viewport and centerline editor/ScopeOfWork.md (cross-reference amendment proposed); TM-PIP-043 (deferred decision attention only; governing source retained),D-72 ruling/addendum preserve accepted criteria; local carrier lacks exact D-72 binding and successor demonstration remains unallocated. Apply proposed cross-reference or retain source.,PENDING,NONE,HOLD_PENDING_DISPOSITION_AND_DESTINATION_BACKCHECK
DEL-07-01:4,PINNED_2026-09-22_CENSUS,DEL-07-01,PKG-07,IN_PROGRESS,4,"- No open pre-merge action remains for PR #789: it merged on 2026-09-17 at `8468a33c`. The [final ROOT acceptance record](../../../_Coordination/AgentRuns/HELP-HUMAN-PIPING-20260915-PRODUCTION-UI/instances/ROOT/FINAL_ACCEPTANCE.json) records bounded functional technical acceptance and its source/verification bindings. Its resource evidence retains the recorded applicability limits; no final-binary resource cohort is claimed. Performance qualification, independent usability/security validation and broader functional residuals remain with their owning records.",projects/chirality-piping/execution/PKG-07_Graphical User Interface and Engineering Workflow/1_Working/DEL-07-01_3D viewport and centerline editor/_STATUS.md,0608b08af9fe8bf6ce5c9d57826018e0489e4da57e1b3edf03cea015af05d42b,No open pre-merge action remains for PR #789: it merged on 2026-09-17 at `8468a33c`. The [final ROOT acceptance record](../../../_Coordination/AgentRuns/HELP-HUMAN-PIPING-20260915-PRODUCTION-UI/instances/ROOT/FINAL_ACCEPTANCE.json) records bounded functional technical acceptance and its…,RECORDED_BOUNDED_RESULT;PRESERVE_SURVIVING_LIMITS,projects/chirality-piping/execution/PKG-07_Graphical User Interface and Engineering Workflow/1_Working/DEL-07-01_3D viewport and centerline editor/_STATUS.md#Remaining; projects/chirality-piping/execution/PKG-07_Graphical User Interface and Engineering Workflow/1_Working/DEL-07-01_3D viewport and centerline editor/ScopeOfWork.md,projects/chirality-piping/execution/PKG-07_Graphical User Interface and Engineering Workflow/1_Working/DEL-07-01_3D viewport and centerline editor/ScopeOfWork.md,"Past result is historical evidence, not whole-deliverable closure; retain any explicit residual in governing form",PENDING,NONE,HOLD_PENDING_DISPOSITION_AND_DESTINATION_BACKCHECK
DEL-07-01:5,PINNED_2026-09-22_CENSUS,DEL-07-01,PKG-07,IN_PROGRESS,5,"- Short panels can require scrolling between a label and its fully visible control. The original transient inspector AX omission remains unexplained although fresh processes expose controls; no independent macOS audit or whole-product WCAG conformance is claimed. Independent practitioner usability/security remain separate held work, not extra publication gates.",projects/chirality-piping/execution/PKG-07_Graphical User Interface and Engineering Workflow/1_Working/DEL-07-01_3D viewport and centerline editor/_STATUS.md,0608b08af9fe8bf6ce5c9d57826018e0489e4da57e1b3edf03cea015af05d42b,Short panels can require scrolling between a label and its fully visible control. The original transient inspector AX omission remains unexplained although fresh processes expose controls; no independent macOS audit or whole-product WCAG conformance is claimed. Independent practitioner usability/security…,D68_ACCESSIBILITY_USABILITY_HOLD;SCOPE_RETAINED,projects/chirality-piping/execution/PKG-07_Graphical User Interface and Engineering Workflow/1_Working/DEL-07-01_3D viewport and centerline editor/_STATUS.md#Remaining; projects/chirality-piping/execution/PKG-07_Graphical User Interface and Engineering Workflow/1_Working/DEL-07-01_3D viewport and centerline editor/ScopeOfWork.md; projects/chirality-piping/execution/_Coordination/AgentRuns/HELP-HUMAN-PIPING-20260915-PRODUCTION-UI/instances/ROOT/FINAL_ACCEPTANCE.json,projects/chirality-piping/execution/PKG-07_Graphical User Interface and Engineering Workflow/1_Working/DEL-07-06_Accessibility and usability baseline/ScopeOfWork.md; projects/chirality-piping/execution/_Coordination/AgentRuns/HELP-HUMAN-PIPING-20260915-PRODUCTION-UI/instances/ROOT/FINAL_ACCEPTANCE.json; TM-PIP-043 (deferred decision attention only; governing source retained),Specific short-panel/AX observation is in ROOT acceptance but absent from governing form; amend DEL-07-06 carrier or retain source before removal,PENDING,NONE,HOLD_PENDING_DISPOSITION_AND_DESTINATION_BACKCHECK
DEL-07-01:6,PINNED_2026-09-22_CENSUS,DEL-07-01,PKG-07,IN_PROGRESS,6,"- Complete broader viewport/editor UX beyond the landed component creation, persistent workspace, bounded route capture, D-68 selection/visibility/measurement foundation and SWBPIPE canvas slices. Evidence references: `apps/desktop/e2e/ui-foundation.spec.ts`, `apps/desktop/e2e/c3-viewport-visibility.spec.ts` and the bounded ROOT acceptance record above. Vocabulary row 15 component-symbol authoring is complete; the specific richer-routing, transform and finite-component residuals below remain open. Work selection follows the owner-steered work graph (CONVENTIONS C9); no lifecycle promotion is inferred.",projects/chirality-piping/execution/PKG-07_Graphical User Interface and Engineering Workflow/1_Working/DEL-07-01_3D viewport and centerline editor/_STATUS.md,0608b08af9fe8bf6ce5c9d57826018e0489e4da57e1b3edf03cea015af05d42b,"Complete broader viewport/editor UX beyond the landed component creation, persistent workspace, bounded route capture, D-68 selection/visibility/measurement foundation and SWBPIPE canvas slices. Evidence references: `apps/desktop/e2e/ui-foundation.spec.ts`,…",PROGRAM_OR_FUTURE_SCOPE;NO_CURRENT_GRAPH_ALLOCATION,projects/chirality-piping/execution/PKG-07_Graphical User Interface and Engineering Workflow/1_Working/DEL-07-01_3D viewport and centerline editor/_STATUS.md#Remaining; projects/chirality-piping/execution/PKG-07_Graphical User Interface and Engineering Workflow/1_Working/DEL-07-01_3D viewport and centerline editor/ScopeOfWork.md; named refs: D-68,projects/chirality-piping/execution/PKG-07_Graphical User Interface and Engineering Workflow/1_Working/DEL-07-01_3D viewport and centerline editor/ScopeOfWork.md,Governing future scope exists; LOOP_INIT has no selected successor work graph,PENDING,NONE,HOLD_PENDING_DISPOSITION_AND_DESTINATION_BACKCHECK
DEL-07-01:7,PINNED_2026-09-22_CENSUS,DEL-07-01,PKG-07,IN_PROGRESS,7,"- Richer routing gestures, attached engineering transforms, finite component insert-in-run, and other still-listed tool-palette and 3D authoring work remain open. DAG-002-E0482 through E0485 remain unconsumed here; all formal dependency-row dispositions remain owner-gated and retain their recorded statuses. Historical row 15 closure and accepted N7 review history are preserved. See DEL-07-09 current `Capability_Comparison.csv` and `Palette_Operation_Routing.md`.",projects/chirality-piping/execution/PKG-07_Graphical User Interface and Engineering Workflow/1_Working/DEL-07-01_3D viewport and centerline editor/_STATUS.md,0608b08af9fe8bf6ce5c9d57826018e0489e4da57e1b3edf03cea015af05d42b,"Richer routing gestures, attached engineering transforms, finite component insert-in-run, and other still-listed tool-palette and 3D authoring work remain open. DAG-002-E0482 through E0485 remain unconsumed here; all formal dependency-row dispositions remain owner-gated and retain their recorded statuses.…",PROGRAM_OR_FUTURE_SCOPE;NO_CURRENT_GRAPH_ALLOCATION,projects/chirality-piping/execution/PKG-07_Graphical User Interface and Engineering Workflow/1_Working/DEL-07-01_3D viewport and centerline editor/_STATUS.md#Remaining; projects/chirality-piping/execution/PKG-07_Graphical User Interface and Engineering Workflow/1_Working/DEL-07-01_3D viewport and centerline editor/ScopeOfWork.md,projects/chirality-piping/execution/PKG-07_Graphical User Interface and Engineering Workflow/1_Working/DEL-07-01_3D viewport and centerline editor/ScopeOfWork.md,Governing future scope exists; LOOP_INIT has no selected successor work graph,PENDING,NONE,HOLD_PENDING_DISPOSITION_AND_DESTINATION_BACKCHECK
DEL-07-02:1,PINNED_2026-09-22_CENSUS,DEL-07-02,PKG-07,IN_PROGRESS,1,"- Bounded UI foundation: the implemented slice comprises virtualized model-tree/grid and target pickers; shared typed selection and view semantics; frozen task targets, retained form drafts and UI-only preferences; and contextual properties using existing structured intents/Rust application. The [final ROOT acceptance record](../../../_Coordination/AgentRuns/HELP-HUMAN-PIPING-20260915-PRODUCTION-UI/instances/ROOT/FINAL_ACCEPTANCE.json) accepts this bounded functional technical slice; only its expressly accepted scope narrows functional Remaining, while broader residuals below stay open. Model-level modulus_basis_records GUI, broader unit entry/pickers, complete property widgets and residual test/factoring work remain open.",projects/chirality-piping/execution/PKG-07_Graphical User Interface and Engineering Workflow/1_Working/DEL-07-02_Model tree and property inspector/_STATUS.md,6961425bbe6559a0235771d597746021557453b7ffb7b9be9ddc928b149e5850,"Bounded UI foundation: the implemented slice comprises virtualized model-tree/grid and target pickers; shared typed selection and view semantics; frozen task targets, retained form drafts and UI-only preferences; and contextual properties using existing structured intents/Rust application. The [final ROOT…",RECORDED_BOUNDED_RESULT;PRESERVE_SURVIVING_LIMITS,projects/chirality-piping/execution/PKG-07_Graphical User Interface and Engineering Workflow/1_Working/DEL-07-02_Model tree and property inspector/_STATUS.md#Remaining; projects/chirality-piping/execution/PKG-07_Graphical User Interface and Engineering Workflow/1_Working/DEL-07-02_Model tree and property inspector/ScopeOfWork.md,projects/chirality-piping/execution/PKG-07_Graphical User Interface and Engineering Workflow/1_Working/DEL-07-02_Model tree and property inspector/ScopeOfWork.md,"Past result is historical evidence, not whole-deliverable closure; retain any explicit residual in governing form",PENDING,NONE,HOLD_PENDING_DISPOSITION_AND_DESTINATION_BACKCHECK
DEL-07-02:2,PINNED_2026-09-22_CENSUS,DEL-07-02,PKG-07,IN_PROGRESS,2,"- Performance acceptance, settled-frame and owned-resource obligations remain open on the redesigned product under [D-72](../../../_Coordination/_DECISIONS/D-72_RULING_2026-09-18.md) and its [final addendum](../../../_Coordination/_DECISIONS/D-72_RULING_ADDENDUM_2026-09-18.md). All six criteria are ruled and frozen: item 5 uses S-1/S-2, with S-3 not accepted. The addendum removes the fresh former-interface baseline cohort; the original D-70 failures and successor demonstration retain their distinct attribution. Independent-usability holds remain. Qualification requires the ruled candidate evidence; no performance acceptance or lifecycle promotion follows from the criteria ruling.",projects/chirality-piping/execution/PKG-07_Graphical User Interface and Engineering Workflow/1_Working/DEL-07-02_Model tree and property inspector/_STATUS.md,6961425bbe6559a0235771d597746021557453b7ffb7b9be9ddc928b149e5850,"Performance acceptance, settled-frame and owned-resource obligations remain open on the redesigned product under [D-72](../../../_Coordination/_DECISIONS/D-72_RULING_2026-09-18.md) and its [final addendum](../../../_Coordination/_DECISIONS/D-72_RULING_ADDENDUM_2026-09-18.md). All six criteria are ruled…",D72_PERFORMANCE_RESOURCE_ACCEPTANCE_HOLD;SCOPE_RETAINED,projects/chirality-piping/execution/PKG-07_Graphical User Interface and Engineering Workflow/1_Working/DEL-07-02_Model tree and property inspector/_STATUS.md#Remaining; projects/chirality-piping/execution/_Coordination/_DECISIONS/D-72_RULING_2026-09-18.md; projects/chirality-piping/execution/_Coordination/_DECISIONS/D-72_RULING_ADDENDUM_2026-09-18.md; projects/chirality-piping/execution/PKG-07_Graphical User Interface and Engineering Workflow/1_Working/DEL-07-02_Model tree and property inspector/ScopeOfWork.md,projects/chirality-piping/execution/_Coordination/_DECISIONS/D-72_RULING_2026-09-18.md; projects/chirality-piping/execution/_Coordination/_DECISIONS/D-72_RULING_ADDENDUM_2026-09-18.md; projects/chirality-piping/execution/PKG-07_Graphical User Interface and Engineering Workflow/1_Working/DEL-07-02_Model tree and property inspector/ScopeOfWork.md (cross-reference amendment proposed); TM-PIP-043 (deferred decision attention only; governing source retained),D-72 ruling/addendum preserve accepted criteria; local carrier lacks exact D-72 binding and successor demonstration remains unallocated. Apply proposed cross-reference or retain source.,PENDING,NONE,HOLD_PENDING_DISPOSITION_AND_DESTINATION_BACKCHECK
DEL-07-02:3,PINNED_2026-09-22_CENSUS,DEL-07-02,PKG-07,IN_PROGRESS,3,"- No open pre-merge action remains for PR #789: it merged on 2026-09-17 at `8468a33c`. The [final ROOT acceptance record](../../../_Coordination/AgentRuns/HELP-HUMAN-PIPING-20260915-PRODUCTION-UI/instances/ROOT/FINAL_ACCEPTANCE.json) records bounded functional technical acceptance and its source/verification bindings. Its resource evidence retains the recorded applicability limits; no final-binary resource cohort is claimed. Performance qualification, independent usability/security validation and broader functional residuals remain with their owning records.",projects/chirality-piping/execution/PKG-07_Graphical User Interface and Engineering Workflow/1_Working/DEL-07-02_Model tree and property inspector/_STATUS.md,6961425bbe6559a0235771d597746021557453b7ffb7b9be9ddc928b149e5850,No open pre-merge action remains for PR #789: it merged on 2026-09-17 at `8468a33c`. The [final ROOT acceptance record](../../../_Coordination/AgentRuns/HELP-HUMAN-PIPING-20260915-PRODUCTION-UI/instances/ROOT/FINAL_ACCEPTANCE.json) records bounded functional technical acceptance and its…,RECORDED_BOUNDED_RESULT;PRESERVE_SURVIVING_LIMITS,projects/chirality-piping/execution/PKG-07_Graphical User Interface and Engineering Workflow/1_Working/DEL-07-02_Model tree and property inspector/_STATUS.md#Remaining; projects/chirality-piping/execution/PKG-07_Graphical User Interface and Engineering Workflow/1_Working/DEL-07-02_Model tree and property inspector/ScopeOfWork.md,projects/chirality-piping/execution/PKG-07_Graphical User Interface and Engineering Workflow/1_Working/DEL-07-02_Model tree and property inspector/ScopeOfWork.md,"Past result is historical evidence, not whole-deliverable closure; retain any explicit residual in governing form",PENDING,NONE,HOLD_PENDING_DISPOSITION_AND_DESTINATION_BACKCHECK
DEL-07-02:4,PINNED_2026-09-22_CENSUS,DEL-07-02,PKG-07,IN_PROGRESS,4,"- Short panels can require scrolling between a label and its fully visible control. The original transient inspector AX omission remains unexplained although fresh processes expose controls; no independent macOS audit or whole-product WCAG conformance is claimed. Independent practitioner usability/security remain separate held work, not extra publication gates.",projects/chirality-piping/execution/PKG-07_Graphical User Interface and Engineering Workflow/1_Working/DEL-07-02_Model tree and property inspector/_STATUS.md,6961425bbe6559a0235771d597746021557453b7ffb7b9be9ddc928b149e5850,Short panels can require scrolling between a label and its fully visible control. The original transient inspector AX omission remains unexplained although fresh processes expose controls; no independent macOS audit or whole-product WCAG conformance is claimed. Independent practitioner usability/security…,D68_ACCESSIBILITY_USABILITY_HOLD;SCOPE_RETAINED,projects/chirality-piping/execution/PKG-07_Graphical User Interface and Engineering Workflow/1_Working/DEL-07-02_Model tree and property inspector/_STATUS.md#Remaining; projects/chirality-piping/execution/PKG-07_Graphical User Interface and Engineering Workflow/1_Working/DEL-07-02_Model tree and property inspector/ScopeOfWork.md; projects/chirality-piping/execution/_Coordination/AgentRuns/HELP-HUMAN-PIPING-20260915-PRODUCTION-UI/instances/ROOT/FINAL_ACCEPTANCE.json,projects/chirality-piping/execution/PKG-07_Graphical User Interface and Engineering Workflow/1_Working/DEL-07-06_Accessibility and usability baseline/ScopeOfWork.md; projects/chirality-piping/execution/_Coordination/AgentRuns/HELP-HUMAN-PIPING-20260915-PRODUCTION-UI/instances/ROOT/FINAL_ACCEPTANCE.json; TM-PIP-043 (deferred decision attention only; governing source retained),Specific short-panel/AX observation is in ROOT acceptance but absent from governing form; amend DEL-07-06 carrier or retain source before removal,PENDING,NONE,HOLD_PENDING_DISPOSITION_AND_DESTINATION_BACKCHECK
DEL-07-02:5,PINNED_2026-09-22_CENSUS,DEL-07-02,PKG-07,IN_PROGRESS,5,- Add GUI entry/emission of the model-level modulus_basis_records table (schema model.schema.yaml; per-load-case modulus_basis_ref selection plus bend_pipe_ref/mill-tolerance/equivalent-static entry landed via TP-PMM-GUIEMIT-001 PR #156 and applier acceptance TP-APP-R5-FIELDRULES-001 PR #162) (source: Receipt 10 delta / model.schema.yaml),projects/chirality-piping/execution/PKG-07_Graphical User Interface and Engineering Workflow/1_Working/DEL-07-02_Model tree and property inspector/_STATUS.md,6961425bbe6559a0235771d597746021557453b7ffb7b9be9ddc928b149e5850,Add GUI entry/emission of the model-level modulus_basis_records table (schema model.schema.yaml; per-load-case modulus_basis_ref selection plus bend_pipe_ref/mill-tolerance/equivalent-static entry landed via TP-PMM-GUIEMIT-001 PR #156 and applier acceptance TP-APP-R5-FIELDRULES-001 PR #162) (source:…,GOVERNING_SCOPE_CANDIDATE_WITH_UNFINISHED_WITNESS,projects/chirality-piping/execution/PKG-07_Graphical User Interface and Engineering Workflow/1_Working/DEL-07-02_Model tree and property inspector/_STATUS.md#Remaining; projects/chirality-piping/execution/PKG-07_Graphical User Interface and Engineering Workflow/1_Working/DEL-07-02_Model tree and property inspector/ScopeOfWork.md,projects/chirality-piping/execution/PKG-07_Graphical User Interface and Engineering Workflow/1_Working/DEL-07-02_Model tree and property inspector/ScopeOfWork.md,Existing governing form; specific surviving meaning requires human review before source removal,PENDING,NONE,HOLD_PENDING_DISPOSITION_AND_DESTINATION_BACKCHECK
DEL-07-02:6,PINNED_2026-09-22_CENSUS,DEL-07-02,PKG-07,IN_PROGRESS,6,"- Broaden app unit entry/pickers beyond the covered B-tail surfaces (residual hardening, select when it de-risks current-stage work) (source: PRD plan §3 Phase B-tail row / FR-002)",projects/chirality-piping/execution/PKG-07_Graphical User Interface and Engineering Workflow/1_Working/DEL-07-02_Model tree and property inspector/_STATUS.md,6961425bbe6559a0235771d597746021557453b7ffb7b9be9ddc928b149e5850,"Broaden app unit entry/pickers beyond the covered B-tail surfaces (residual hardening, select when it de-risks current-stage work) (source: PRD plan §3 Phase B-tail row / FR-002)",GOVERNING_SCOPE_CANDIDATE_WITH_UNFINISHED_WITNESS,projects/chirality-piping/execution/PKG-07_Graphical User Interface and Engineering Workflow/1_Working/DEL-07-02_Model tree and property inspector/_STATUS.md#Remaining; projects/chirality-piping/execution/PKG-07_Graphical User Interface and Engineering Workflow/1_Working/DEL-07-02_Model tree and property inspector/ScopeOfWork.md; named refs: FR-002,projects/chirality-piping/execution/PKG-07_Graphical User Interface and Engineering Workflow/1_Working/DEL-07-02_Model tree and property inspector/ScopeOfWork.md,Existing governing form; specific surviving meaning requires human review before source removal,PENDING,NONE,HOLD_PENDING_DISPOSITION_AND_DESTINATION_BACKCHECK
DEL-07-02:7,PINNED_2026-09-22_CENSUS,DEL-07-02,PKG-07,IN_PROGRESS,7,"- Backfill unit tests and factoring for LoadCaseManagerPanel, PipeViewport, PropertyInspector (see also DEL-07-01) (source: PRD plan §3 hardening row H3 / seam plan §9.4)",projects/chirality-piping/execution/PKG-07_Graphical User Interface and Engineering Workflow/1_Working/DEL-07-02_Model tree and property inspector/_STATUS.md,6961425bbe6559a0235771d597746021557453b7ffb7b9be9ddc928b149e5850,"Backfill unit tests and factoring for LoadCaseManagerPanel, PipeViewport, PropertyInspector (see also DEL-07-01) (source: PRD plan §3 hardening row H3 / seam plan §9.4)",GOVERNING_SCOPE_CANDIDATE_WITH_UNFINISHED_WITNESS,projects/chirality-piping/execution/PKG-07_Graphical User Interface and Engineering Workflow/1_Working/DEL-07-02_Model tree and property inspector/_STATUS.md#Remaining; projects/chirality-piping/execution/PKG-07_Graphical User Interface and Engineering Workflow/1_Working/DEL-07-02_Model tree and property inspector/ScopeOfWork.md,projects/chirality-piping/execution/PKG-07_Graphical User Interface and Engineering Workflow/1_Working/DEL-07-02_Model tree and property inspector/ScopeOfWork.md,Existing governing form; specific surviving meaning requires human review before source removal,PENDING,NONE,HOLD_PENDING_DISPOSITION_AND_DESTINATION_BACKCHECK
DEL-07-02:8,PINNED_2026-09-22_CENSUS,DEL-07-02,PKG-07,IN_PROGRESS,8,"- Complete broader canvas/model-tree/property-editor UX beyond the landed D-68 selection/virtualized-workspace foundation and table-editing slices. Evidence references: `apps/desktop/e2e/ui-foundation.spec.ts`, `apps/desktop/src/features/model-tree/ModelTree.test.tsx` and `apps/desktop/src/features/workspace/table/ModelTree.table.test.tsx`. PRD FR-003/FR-013/FR-014 residuals still need bounded work-graph assignments and claim-specific acceptance evidence; the landed slices do not establish full UX closure.",projects/chirality-piping/execution/PKG-07_Graphical User Interface and Engineering Workflow/1_Working/DEL-07-02_Model tree and property inspector/_STATUS.md,6961425bbe6559a0235771d597746021557453b7ffb7b9be9ddc928b149e5850,"Complete broader canvas/model-tree/property-editor UX beyond the landed D-68 selection/virtualized-workspace foundation and table-editing slices. Evidence references: `apps/desktop/e2e/ui-foundation.spec.ts`, `apps/desktop/src/features/model-tree/ModelTree.test.tsx` and…",PROGRAM_OR_FUTURE_SCOPE;NO_CURRENT_GRAPH_ALLOCATION,"projects/chirality-piping/execution/PKG-07_Graphical User Interface and Engineering Workflow/1_Working/DEL-07-02_Model tree and property inspector/_STATUS.md#Remaining; projects/chirality-piping/execution/PKG-07_Graphical User Interface and Engineering Workflow/1_Working/DEL-07-02_Model tree and property inspector/ScopeOfWork.md; named refs: D-68, FR-003, FR-013, FR-014",projects/chirality-piping/execution/PKG-07_Graphical User Interface and Engineering Workflow/1_Working/DEL-07-02_Model tree and property inspector/ScopeOfWork.md,Governing future scope exists; LOOP_INIT has no selected successor work graph,PENDING,NONE,HOLD_PENDING_DISPOSITION_AND_DESTINATION_BACKCHECK
DEL-07-02:9,PINNED_2026-09-22_CENSUS,DEL-07-02,PKG-07,IN_PROGRESS,9,"- Current toolkit adds rich support/hanger/nonlinear/family configuration, reference-guarded removal, explicit equipment/nozzle DOFs and real Rust-backed display readouts. Unsupported display dimensions retain entered values; drafts/model/evidence stay unchanged. N7 V2 integrated review and parent fan-in were accepted; these implementation records do not close broader UX, modulus-basis or independent validation residuals. See DEL-07-09 current coverage and routing records.",projects/chirality-piping/execution/PKG-07_Graphical User Interface and Engineering Workflow/1_Working/DEL-07-02_Model tree and property inspector/_STATUS.md,6961425bbe6559a0235771d597746021557453b7ffb7b9be9ddc928b149e5850,"Current toolkit adds rich support/hanger/nonlinear/family configuration, reference-guarded removal, explicit equipment/nozzle DOFs and real Rust-backed display readouts. Unsupported display dimensions retain entered values; drafts/model/evidence stay unchanged. N7 V2 integrated review and parent fan-in…",RECORDED_BOUNDED_RESULT;PRESERVE_SURVIVING_LIMITS,projects/chirality-piping/execution/PKG-07_Graphical User Interface and Engineering Workflow/1_Working/DEL-07-02_Model tree and property inspector/_STATUS.md#Remaining; projects/chirality-piping/execution/PKG-07_Graphical User Interface and Engineering Workflow/1_Working/DEL-07-02_Model tree and property inspector/ScopeOfWork.md,projects/chirality-piping/execution/PKG-07_Graphical User Interface and Engineering Workflow/1_Working/DEL-07-02_Model tree and property inspector/ScopeOfWork.md,"Past result is historical evidence, not whole-deliverable closure; retain any explicit residual in governing form",PENDING,NONE,HOLD_PENDING_DISPOSITION_AND_DESTINATION_BACKCHECK
DEL-07-02:10,PINNED_2026-09-22_CENSUS,DEL-07-02,PKG-07,IN_PROGRESS,10,- N7 F1/F3 repairs reject conflicting duplicate stiffness and noncanonical explicit family tokens; canonical UI family values and legacy omitted/null inference are preserved. F2 support/boundary readouts derive linear versus rotational dimension from the effective DOF; unsupported targets retain entered values. Postrepair desktop build / 43 files / 732 tests and host dist 1 test PASS; N7 V2 final rereview subsequently returned PASS and parent fan-in was accepted. See DEL-07-09 Palette_Operation_Routing.md N7 repair amendment; no lifecycle closure.,projects/chirality-piping/execution/PKG-07_Graphical User Interface and Engineering Workflow/1_Working/DEL-07-02_Model tree and property inspector/_STATUS.md,6961425bbe6559a0235771d597746021557453b7ffb7b9be9ddc928b149e5850,N7 F1/F3 repairs reject conflicting duplicate stiffness and noncanonical explicit family tokens; canonical UI family values and legacy omitted/null inference are preserved. F2 support/boundary readouts derive linear versus rotational dimension from the effective DOF; unsupported targets retain entered…,RECORDED_BOUNDED_RESULT;PRESERVE_SURVIVING_LIMITS,projects/chirality-piping/execution/PKG-07_Graphical User Interface and Engineering Workflow/1_Working/DEL-07-02_Model tree and property inspector/_STATUS.md#Remaining; projects/chirality-piping/execution/PKG-07_Graphical User Interface and Engineering Workflow/1_Working/DEL-07-02_Model tree and property inspector/ScopeOfWork.md,projects/chirality-piping/execution/PKG-07_Graphical User Interface and Engineering Workflow/1_Working/DEL-07-02_Model tree and property inspector/ScopeOfWork.md,"Past result is historical evidence, not whole-deliverable closure; retain any explicit residual in governing form",PENDING,NONE,HOLD_PENDING_DISPOSITION_AND_DESTINATION_BACKCHECK
DEL-07-02:11,PINNED_2026-09-22_CENSUS,DEL-07-02,PKG-07,IN_PROGRESS,11,"- Historical review evidence is available at `execution/_Coordination/AgentRuns/HELP-HUMAN-PIPING-20260905-UI-TOOLKIT-PARITY/instances/N7_FINAL_REVIEW/V2_BACKCHECK/REVIEW_RETURN_V2.md` (PASS) and `execution/_Coordination/AgentRuns/HELP-HUMAN-PIPING-20260905-UI-TOOLKIT-PARITY/PRECOMMIT_PARENT_FAN_IN_V1.md` (bounded parent fan-in). The formerly cited `HISTORICAL_N7_ACCEPTANCE_INTAKE_V1.json` is unavailable in the inspected project tree; existence elsewhere and its asserted v11 revalidation remain unknown. Locate the intake record or obtain a bounded replacement verification before relying on that revalidation. Historical review snapshots, coverage cells and lifecycle state are unchanged; these records do not accept a later UI candidate.",projects/chirality-piping/execution/PKG-07_Graphical User Interface and Engineering Workflow/1_Working/DEL-07-02_Model tree and property inspector/_STATUS.md,6961425bbe6559a0235771d597746021557453b7ffb7b9be9ddc928b149e5850,Historical review evidence is available at `execution/_Coordination/AgentRuns/HELP-HUMAN-PIPING-20260905-UI-TOOLKIT-PARITY/instances/N7_FINAL_REVIEW/V2_BACKCHECK/REVIEW_RETURN_V2.md` (PASS) and `execution/_Coordination/AgentRuns/HELP-HUMAN-PIPING-20260905-UI-TOOLKIT-PARITY/PRECOMMIT_PARENT_FAN_IN_V1.md`…,RECORDED_BOUNDED_RESULT;PRESERVE_SURVIVING_LIMITS,projects/chirality-piping/execution/PKG-07_Graphical User Interface and Engineering Workflow/1_Working/DEL-07-02_Model tree and property inspector/_STATUS.md#Remaining; projects/chirality-piping/execution/PKG-07_Graphical User Interface and Engineering Workflow/1_Working/DEL-07-02_Model tree and property inspector/ScopeOfWork.md,projects/chirality-piping/execution/PKG-07_Graphical User Interface and Engineering Workflow/1_Working/DEL-07-02_Model tree and property inspector/ScopeOfWork.md,"Past result is historical evidence, not whole-deliverable closure; retain any explicit residual in governing form",PENDING,NONE,HOLD_PENDING_DISPOSITION_AND_DESTINATION_BACKCHECK
DEL-07-03:1,PINNED_2026-09-22_CENSUS,DEL-07-03,PKG-07,IN_PROGRESS,1,"- `DEL-07-03-R-005` and `R-006` (load-case, support/restraint editors) are re-pointed by SCA-009 (decomposition revision 0.12, DEC-094): their accepted ownership landing is the `DEL-07-09` interactive operation vocabulary and tool palette contract. Their earlier GUI-absence record is historical evidence; current bounded implementations and remaining gaps are recorded in DEL-07-09 coverage under the accepted owning implementation deliverables. Adjacent authoring does not independently establish closure. PDU-041 evidence is preserved unchanged.","projects/chirality-piping/execution/PKG-07_Graphical User Interface and Engineering Workflow/1_Working/DEL-07-03_Material, component, and rule-pack editors/_STATUS.md",a9cef058db84f630efe7c51ad32877cb0d460fd7784f2454133f6cc9bc40358d,"`DEL-07-03-R-005` and `R-006` (load-case, support/restraint editors) are re-pointed by SCA-009 (decomposition revision 0.12, DEC-094): their accepted ownership landing is the `DEL-07-09` interactive operation vocabulary and tool palette contract. Their earlier GUI-absence record is historical evidence;…",GOVERNING_SCOPE_CANDIDATE_WITH_UNFINISHED_WITNESS,"projects/chirality-piping/execution/PKG-07_Graphical User Interface and Engineering Workflow/1_Working/DEL-07-03_Material, component, and rule-pack editors/_STATUS.md#Remaining; projects/chirality-piping/execution/PKG-07_Graphical User Interface and Engineering Workflow/1_Working/DEL-07-03_Material, component, and rule-pack editors/ScopeOfWork.md; named refs: DEC-094, PDU-041, SCA-009","projects/chirality-piping/execution/PKG-07_Graphical User Interface and Engineering Workflow/1_Working/DEL-07-03_Material, component, and rule-pack editors/ScopeOfWork.md",Existing governing form; specific surviving meaning requires human review before source removal,PENDING,NONE,HOLD_PENDING_DISPOSITION_AND_DESTINATION_BACKCHECK
DEL-07-03:2,PINNED_2026-09-22_CENSUS,DEL-07-03,PKG-07,IN_PROGRESS,2,"- Obtain a separately authorized independent usability/security validation basis before upgrading PDU-049 / `DEL-07-03-R-011` beyond `VERIFIED_NOT_VALIDATED`; project-owned verification does not supply that basis (source: DEC-074 O7-before-E5; PDU-049, 2026-07-12)","projects/chirality-piping/execution/PKG-07_Graphical User Interface and Engineering Workflow/1_Working/DEL-07-03_Material, component, and rule-pack editors/_STATUS.md",a9cef058db84f630efe7c51ad32877cb0d460fd7784f2454133f6cc9bc40358d,"Obtain a separately authorized independent usability/security validation basis before upgrading PDU-049 / `DEL-07-03-R-011` beyond `VERIFIED_NOT_VALIDATED`; project-owned verification does not supply that basis (source: DEC-074 O7-before-E5; PDU-049, 2026-07-12)",D68_ACCESSIBILITY_USABILITY_HOLD;SCOPE_RETAINED,"projects/chirality-piping/execution/PKG-07_Graphical User Interface and Engineering Workflow/1_Working/DEL-07-03_Material, component, and rule-pack editors/_STATUS.md#Remaining; projects/chirality-piping/execution/PKG-07_Graphical User Interface and Engineering Workflow/1_Working/DEL-07-03_Material, component, and rule-pack editors/ScopeOfWork.md; named refs: DEC-074, PDU-049","projects/chirality-piping/execution/PKG-07_Graphical User Interface and Engineering Workflow/1_Working/DEL-07-03_Material, component, and rule-pack editors/ScopeOfWork.md; TM-PIP-047 (deferred decision attention only; governing source retained)",D-68 target and independent-usability hold stay separate from conformance,PENDING,NONE,HOLD_PENDING_DISPOSITION_AND_DESTINATION_BACKCHECK
DEL-07-03:3,PINNED_2026-09-22_CENSUS,DEL-07-03,PKG-07,IN_PROGRESS,3,- No N7 rereview action remains for the reviewed SCA-009 material/section/load-case/hanger/self-weight slice: `execution/_Coordination/AgentRuns/HELP-HUMAN-PIPING-20260905-UI-TOOLKIT-PARITY/instances/N7_FINAL_REVIEW/V2_BACKCHECK/REVIEW_RETURN_V2.md` records PASS and `execution/_Coordination/AgentRuns/HELP-HUMAN-PIPING-20260905-UI-TOOLKIT-PARITY/PRECOMMIT_PARENT_FAN_IN_V1.md` records bounded parent fan-in. R-005/R-006 and historical PDU-041 attribution remain with those records. Browser library import remains unavailable; hanger selection remains native-only/manual without sizing. Independent usability/security validation and broader scope remain open; no lifecycle closure is inferred.,"projects/chirality-piping/execution/PKG-07_Graphical User Interface and Engineering Workflow/1_Working/DEL-07-03_Material, component, and rule-pack editors/_STATUS.md",a9cef058db84f630efe7c51ad32877cb0d460fd7784f2454133f6cc9bc40358d,No N7 rereview action remains for the reviewed SCA-009 material/section/load-case/hanger/self-weight slice: `execution/_Coordination/AgentRuns/HELP-HUMAN-PIPING-20260905-UI-TOOLKIT-PARITY/instances/N7_FINAL_REVIEW/V2_BACKCHECK/REVIEW_RETURN_V2.md` records PASS and…,RECORDED_BOUNDED_RESULT;PRESERVE_SURVIVING_LIMITS,"projects/chirality-piping/execution/PKG-07_Graphical User Interface and Engineering Workflow/1_Working/DEL-07-03_Material, component, and rule-pack editors/_STATUS.md#Remaining; projects/chirality-piping/execution/PKG-07_Graphical User Interface and Engineering Workflow/1_Working/DEL-07-03_Material, component, and rule-pack editors/ScopeOfWork.md; named refs: PDU-041, SCA-009","projects/chirality-piping/execution/PKG-07_Graphical User Interface and Engineering Workflow/1_Working/DEL-07-03_Material, component, and rule-pack editors/ScopeOfWork.md","Past result is historical evidence, not whole-deliverable closure; retain any explicit residual in governing form",PENDING,NONE,HOLD_PENDING_DISPOSITION_AND_DESTINATION_BACKCHECK
DEL-07-03:4,PINNED_2026-09-22_CENSUS,DEL-07-03,PKG-07,IN_PROGRESS,4,"- No final N7 rereview remains pending for the shared-support repairs: `execution/_Coordination/AgentRuns/HELP-HUMAN-PIPING-20260905-UI-TOOLKIT-PARITY/instances/N7_FINAL_REVIEW/V2_BACKCHECK/REVIEW_RETURN_V2.md` records PASS on its exact V2 source. The accepted family-token, duplicate-stiffness and provenance requirements retain that evidence binding. Broader mixed-payload compatibility remains unresolved; native-only manual hanger selection and no-sizing limits remain. Historical test counts stay in the review evidence; no suite was rerun here and no lifecycle closure follows.","projects/chirality-piping/execution/PKG-07_Graphical User Interface and Engineering Workflow/1_Working/DEL-07-03_Material, component, and rule-pack editors/_STATUS.md",a9cef058db84f630efe7c51ad32877cb0d460fd7784f2454133f6cc9bc40358d,"No final N7 rereview remains pending for the shared-support repairs: `execution/_Coordination/AgentRuns/HELP-HUMAN-PIPING-20260905-UI-TOOLKIT-PARITY/instances/N7_FINAL_REVIEW/V2_BACKCHECK/REVIEW_RETURN_V2.md` records PASS on its exact V2 source. The accepted family-token, duplicate-stiffness and…",RECORDED_BOUNDED_RESULT;PRESERVE_SURVIVING_LIMITS,"projects/chirality-piping/execution/PKG-07_Graphical User Interface and Engineering Workflow/1_Working/DEL-07-03_Material, component, and rule-pack editors/_STATUS.md#Remaining; projects/chirality-piping/execution/PKG-07_Graphical User Interface and Engineering Workflow/1_Working/DEL-07-03_Material, component, and rule-pack editors/ScopeOfWork.md","projects/chirality-piping/execution/PKG-07_Graphical User Interface and Engineering Workflow/1_Working/DEL-07-03_Material, component, and rule-pack editors/ScopeOfWork.md","Past result is historical evidence, not whole-deliverable closure; retain any explicit residual in governing form",PENDING,NONE,HOLD_PENDING_DISPOSITION_AND_DESTINATION_BACKCHECK
DEL-07-04:1,PINNED_2026-09-22_CENSUS,DEL-07-04,PKG-07,IN_PROGRESS,1,- Preserve producer-side nonlinear diagnostic completeness as a separate responsibility; the PDU-008 GUI now surfaces supplied `NONLINEAR_*` diagnostics but does not invent convergence outcomes or missing solver evidence.,projects/chirality-piping/execution/PKG-07_Graphical User Interface and Engineering Workflow/1_Working/DEL-07-04_Missing-data warning and blocking UX/_STATUS.md,2d6e69c965296621a766add1ee9f3c353726019a88b9b9d0f8f058526b1e48ee,Preserve producer-side nonlinear diagnostic completeness as a separate responsibility; the PDU-008 GUI now surfaces supplied `NONLINEAR_*` diagnostics but does not invent convergence outcomes or missing solver evidence.,GOVERNING_SCOPE_CANDIDATE_WITH_UNFINISHED_WITNESS,projects/chirality-piping/execution/PKG-07_Graphical User Interface and Engineering Workflow/1_Working/DEL-07-04_Missing-data warning and blocking UX/_STATUS.md#Remaining; projects/chirality-piping/execution/PKG-07_Graphical User Interface and Engineering Workflow/1_Working/DEL-07-04_Missing-data warning and blocking UX/ScopeOfWork.md; named refs: PDU-008,projects/chirality-piping/execution/PKG-07_Graphical User Interface and Engineering Workflow/1_Working/DEL-07-04_Missing-data warning and blocking UX/ScopeOfWork.md,Existing governing form; specific surviving meaning requires human review before source removal,PENDING,NONE,HOLD_PENDING_DISPOSITION_AND_DESTINATION_BACKCHECK
DEL-07-05:1,PINNED_2026-09-22_CENSUS,DEL-07-05,PKG-07,IN_PROGRESS,1,- Implement rotational-deformation visualization for emitted `rx`/`ry`/`rz` result rows; the current graphical deformation overlay visualizes translational `ux`/`uy`/`uz` only (source: DEC-074 O1 / PDU-061),projects/chirality-piping/execution/PKG-07_Graphical User Interface and Engineering Workflow/1_Working/DEL-07-05_Results viewer/_STATUS.md,4d3cac85597ecca46290cc70089413bac6bbcdc57caed2c59e36f546270a64fd,Implement rotational-deformation visualization for emitted `rx`/`ry`/`rz` result rows; the current graphical deformation overlay visualizes translational `ux`/`uy`/`uz` only (source: DEC-074 O1 / PDU-061),GOVERNING_SCOPE_CANDIDATE_WITH_UNFINISHED_WITNESS,"projects/chirality-piping/execution/PKG-07_Graphical User Interface and Engineering Workflow/1_Working/DEL-07-05_Results viewer/_STATUS.md#Remaining; projects/chirality-piping/execution/PKG-07_Graphical User Interface and Engineering Workflow/1_Working/DEL-07-05_Results viewer/ScopeOfWork.md; named refs: DEC-074, PDU-061",projects/chirality-piping/execution/PKG-07_Graphical User Interface and Engineering Workflow/1_Working/DEL-07-05_Results viewer/ScopeOfWork.md,Existing governing form; specific surviving meaning requires human review before source removal,PENDING,NONE,HOLD_PENDING_DISPOSITION_AND_DESTINATION_BACKCHECK
DEL-07-05:2,PINNED_2026-09-22_CENSUS,DEL-07-05,PKG-07,IN_PROGRESS,2,"- Preserve ratio producer/rule-pack sufficiency as upstream responsibilities and never synthesize missing criteria. The current result-semantic contract provides no eligible governing-ratio family, so the viewer reports governing ratio unavailable rather than treating a supplied unrecognized row as an eligible ratio. Evidence: `fixtures/results/semantic_contract_v0_2.json`, `apps/desktop/src/features/results/ResultsPanel.test.tsx` and `apps/desktop/src/App.test.tsx` (PR #787 result-integrity basis). A future eligible producer/semantic basis remains separately governed.",projects/chirality-piping/execution/PKG-07_Graphical User Interface and Engineering Workflow/1_Working/DEL-07-05_Results viewer/_STATUS.md,4d3cac85597ecca46290cc70089413bac6bbcdc57caed2c59e36f546270a64fd,"Preserve ratio producer/rule-pack sufficiency as upstream responsibilities and never synthesize missing criteria. The current result-semantic contract provides no eligible governing-ratio family, so the viewer reports governing ratio unavailable rather than treating a supplied unrecognized row as an…",GOVERNING_SCOPE_CANDIDATE_WITH_UNFINISHED_WITNESS,projects/chirality-piping/execution/PKG-07_Graphical User Interface and Engineering Workflow/1_Working/DEL-07-05_Results viewer/_STATUS.md#Remaining; projects/chirality-piping/execution/PKG-07_Graphical User Interface and Engineering Workflow/1_Working/DEL-07-05_Results viewer/ScopeOfWork.md,projects/chirality-piping/execution/PKG-07_Graphical User Interface and Engineering Workflow/1_Working/DEL-07-05_Results viewer/ScopeOfWork.md,Existing governing form; specific surviving meaning requires human review before source removal,PENDING,NONE,HOLD_PENDING_DISPOSITION_AND_DESTINATION_BACKCHECK
DEL-07-05:3,PINNED_2026-09-22_CENSUS,DEL-07-05,PKG-07,IN_PROGRESS,3,"- R5 retained delivery 2026-09-22 — DEL-07-05: implement and witness rotational deformation visualization under DEC-074 O1/PDU-061, preserving emitted rotation semantics and the translational overlay. Claim refs: `DEL-07-05:SOW#CLM-016`, `DEL-07-05:SOW#completion-and-reliance-basis-epistemology/AC-001`, `DEL-07-05:SOW#CLM-024`, `DEL-07-05:SOW#CLM-033.r02`.",projects/chirality-piping/execution/PKG-07_Graphical User Interface and Engineering Workflow/1_Working/DEL-07-05_Results viewer/_STATUS.md,4d3cac85597ecca46290cc70089413bac6bbcdc57caed2c59e36f546270a64fd,"R5 retained delivery 2026-09-22 — DEL-07-05: implement and witness rotational deformation visualization under DEC-074 O1/PDU-061, preserving emitted rotation semantics and the translational overlay. Claim refs: `DEL-07-05:SOW#CLM-016`, `DEL-07-05:SOW#completion-and-reliance-basis-epistemology/AC-001`,…",DUPLICATE_OF_DEL-07-05:1;GOVERNING_SCOPE_RETAINED,"projects/chirality-piping/execution/PKG-07_Graphical User Interface and Engineering Workflow/1_Working/DEL-07-05_Results viewer/_STATUS.md#Remaining; projects/chirality-piping/execution/PKG-07_Graphical User Interface and Engineering Workflow/1_Working/DEL-07-05_Results viewer/ScopeOfWork.md; named refs: CLM-016, CLM-024, CLM-033.r02, DEC-074, PDU-061",projects/chirality-piping/execution/PKG-07_Graphical User Interface and Engineering Workflow/1_Working/DEL-07-05_Results viewer/ScopeOfWork.md,"Same rotational visualization duty appears twice; one surviving duty in ScopeOfWork, no implied implementation",PENDING,NONE,HOLD_PENDING_DISPOSITION_AND_DESTINATION_BACKCHECK
DEL-07-06:1,PINNED_2026-09-22_CENSUS,DEL-07-06,PKG-07,IN_PROGRESS,1,"- Bounded UI foundation: the implemented slice comprises themes and density, keyboard/focus routes and the D-68 criteria for touched workspace controls, including contrast and applicable target sizes. The [final ROOT acceptance record](../../../_Coordination/AgentRuns/HELP-HUMAN-PIPING-20260915-PRODUCTION-UI/instances/ROOT/FINAL_ACCEPTANCE.json) accepts this bounded functional technical slice; only its expressly accepted scope narrows functional Remaining, while broader residuals below stay open. PDU-045/PDU-046 remain VERIFIED_NOT_VALIDATED pending separately authorized independent usability. Independent security and untouched report/export/generated-file target limitations survive; this does not claim whole-product WCAG conformance.",projects/chirality-piping/execution/PKG-07_Graphical User Interface and Engineering Workflow/1_Working/DEL-07-06_Accessibility and usability baseline/_STATUS.md,119f626b52d39bd748edbd4ed97f12f4a2997ce267cb4e83e66543c8ca447645,"Bounded UI foundation: the implemented slice comprises themes and density, keyboard/focus routes and the D-68 criteria for touched workspace controls, including contrast and applicable target sizes. The [final ROOT acceptance…",GOVERNING_SCOPE_CANDIDATE_WITH_UNFINISHED_WITNESS,"projects/chirality-piping/execution/PKG-07_Graphical User Interface and Engineering Workflow/1_Working/DEL-07-06_Accessibility and usability baseline/_STATUS.md#Remaining; projects/chirality-piping/execution/PKG-07_Graphical User Interface and Engineering Workflow/1_Working/DEL-07-06_Accessibility and usability baseline/ScopeOfWork.md; named refs: D-68, PDU-045, PDU-046",projects/chirality-piping/execution/PKG-07_Graphical User Interface and Engineering Workflow/1_Working/DEL-07-06_Accessibility and usability baseline/ScopeOfWork.md,Existing governing form; specific surviving meaning requires human review before source removal,PENDING,NONE,HOLD_PENDING_DISPOSITION_AND_DESTINATION_BACKCHECK
DEL-07-06:2,PINNED_2026-09-22_CENSUS,DEL-07-06,PKG-07,IN_PROGRESS,2,"- Performance acceptance, settled-frame and owned-resource obligations remain open on the redesigned product under [D-72](../../../_Coordination/_DECISIONS/D-72_RULING_2026-09-18.md) and its [final addendum](../../../_Coordination/_DECISIONS/D-72_RULING_ADDENDUM_2026-09-18.md). All six criteria are ruled and frozen: item 5 uses S-1/S-2, with S-3 not accepted. The addendum removes the fresh former-interface baseline cohort; the original D-70 failures and successor demonstration retain their distinct attribution. Independent-usability holds remain. Qualification requires the ruled candidate evidence; no performance acceptance or lifecycle promotion follows from the criteria ruling.",projects/chirality-piping/execution/PKG-07_Graphical User Interface and Engineering Workflow/1_Working/DEL-07-06_Accessibility and usability baseline/_STATUS.md,119f626b52d39bd748edbd4ed97f12f4a2997ce267cb4e83e66543c8ca447645,"Performance acceptance, settled-frame and owned-resource obligations remain open on the redesigned product under [D-72](../../../_Coordination/_DECISIONS/D-72_RULING_2026-09-18.md) and its [final addendum](../../../_Coordination/_DECISIONS/D-72_RULING_ADDENDUM_2026-09-18.md). All six criteria are ruled…",D72_PERFORMANCE_RESOURCE_ACCEPTANCE_HOLD;SCOPE_RETAINED,projects/chirality-piping/execution/PKG-07_Graphical User Interface and Engineering Workflow/1_Working/DEL-07-06_Accessibility and usability baseline/_STATUS.md#Remaining; projects/chirality-piping/execution/_Coordination/_DECISIONS/D-72_RULING_2026-09-18.md; projects/chirality-piping/execution/_Coordination/_DECISIONS/D-72_RULING_ADDENDUM_2026-09-18.md; projects/chirality-piping/execution/PKG-07_Graphical User Interface and Engineering Workflow/1_Working/DEL-07-06_Accessibility and usability baseline/ScopeOfWork.md,projects/chirality-piping/execution/_Coordination/_DECISIONS/D-72_RULING_2026-09-18.md; projects/chirality-piping/execution/_Coordination/_DECISIONS/D-72_RULING_ADDENDUM_2026-09-18.md; projects/chirality-piping/execution/PKG-07_Graphical User Interface and Engineering Workflow/1_Working/DEL-07-06_Accessibility and usability baseline/ScopeOfWork.md (cross-reference amendment proposed); TM-PIP-043 (deferred decision attention only; governing source retained),D-72 ruling/addendum preserve accepted criteria; local carrier lacks exact D-72 binding and successor demonstration remains unallocated. Apply proposed cross-reference or retain source.,PENDING,NONE,HOLD_PENDING_DISPOSITION_AND_DESTINATION_BACKCHECK
DEL-07-06:3,PINNED_2026-09-22_CENSUS,DEL-07-06,PKG-07,IN_PROGRESS,3,"- No open pre-merge action remains for PR #789: it merged on 2026-09-17 at `8468a33c`. The [final ROOT acceptance record](../../../_Coordination/AgentRuns/HELP-HUMAN-PIPING-20260915-PRODUCTION-UI/instances/ROOT/FINAL_ACCEPTANCE.json) records bounded functional technical acceptance and its source/verification bindings. Its resource evidence retains the recorded applicability limits; no final-binary resource cohort is claimed. Performance qualification, independent usability/security validation and broader functional residuals remain with their owning records.",projects/chirality-piping/execution/PKG-07_Graphical User Interface and Engineering Workflow/1_Working/DEL-07-06_Accessibility and usability baseline/_STATUS.md,119f626b52d39bd748edbd4ed97f12f4a2997ce267cb4e83e66543c8ca447645,No open pre-merge action remains for PR #789: it merged on 2026-09-17 at `8468a33c`. The [final ROOT acceptance record](../../../_Coordination/AgentRuns/HELP-HUMAN-PIPING-20260915-PRODUCTION-UI/instances/ROOT/FINAL_ACCEPTANCE.json) records bounded functional technical acceptance and its…,GOVERNING_SCOPE_CANDIDATE_WITH_UNFINISHED_WITNESS,projects/chirality-piping/execution/PKG-07_Graphical User Interface and Engineering Workflow/1_Working/DEL-07-06_Accessibility and usability baseline/_STATUS.md#Remaining; projects/chirality-piping/execution/PKG-07_Graphical User Interface and Engineering Workflow/1_Working/DEL-07-06_Accessibility and usability baseline/ScopeOfWork.md,projects/chirality-piping/execution/PKG-07_Graphical User Interface and Engineering Workflow/1_Working/DEL-07-06_Accessibility and usability baseline/ScopeOfWork.md,Existing governing form; specific surviving meaning requires human review before source removal,PENDING,NONE,HOLD_PENDING_DISPOSITION_AND_DESTINATION_BACKCHECK
DEL-07-06:4,PINNED_2026-09-22_CENSUS,DEL-07-06,PKG-07,IN_PROGRESS,4,"- Short panels can require scrolling between a label and its fully visible control. The original transient inspector AX omission remains unexplained although fresh processes expose controls; no independent macOS audit or whole-product WCAG conformance is claimed. Independent practitioner usability/security remain separate held work, not extra publication gates.",projects/chirality-piping/execution/PKG-07_Graphical User Interface and Engineering Workflow/1_Working/DEL-07-06_Accessibility and usability baseline/_STATUS.md,119f626b52d39bd748edbd4ed97f12f4a2997ce267cb4e83e66543c8ca447645,Short panels can require scrolling between a label and its fully visible control. The original transient inspector AX omission remains unexplained although fresh processes expose controls; no independent macOS audit or whole-product WCAG conformance is claimed. Independent practitioner usability/security…,D68_ACCESSIBILITY_USABILITY_HOLD;SCOPE_RETAINED,projects/chirality-piping/execution/PKG-07_Graphical User Interface and Engineering Workflow/1_Working/DEL-07-06_Accessibility and usability baseline/_STATUS.md#Remaining; projects/chirality-piping/execution/PKG-07_Graphical User Interface and Engineering Workflow/1_Working/DEL-07-06_Accessibility and usability baseline/ScopeOfWork.md; projects/chirality-piping/execution/_Coordination/AgentRuns/HELP-HUMAN-PIPING-20260915-PRODUCTION-UI/instances/ROOT/FINAL_ACCEPTANCE.json,projects/chirality-piping/execution/PKG-07_Graphical User Interface and Engineering Workflow/1_Working/DEL-07-06_Accessibility and usability baseline/ScopeOfWork.md; projects/chirality-piping/execution/_Coordination/AgentRuns/HELP-HUMAN-PIPING-20260915-PRODUCTION-UI/instances/ROOT/FINAL_ACCEPTANCE.json; TM-PIP-043 (deferred decision attention only; governing source retained),Specific short-panel/AX observation is in ROOT acceptance but absent from governing form; amend DEL-07-06 carrier or retain source before removal,PENDING,NONE,HOLD_PENDING_DISPOSITION_AND_DESTINATION_BACKCHECK
DEL-07-06:5,PINNED_2026-09-22_CENSUS,DEL-07-06,PKG-07,IN_PROGRESS,5,"- Preserve PDU-046 / `DEL-07-06-RQ-004` as `VERIFIED_NOT_VALIDATED` pending a separately authorized independent usability basis. D-68 selects WCAG 2.2 AA criteria for controls touched by the professional modelling workspace foundation tranche, including measurable contrast and applicable target sizes. Verification of the actual candidate remains required; target selection does not supply conformance evidence. The historical packet and its target-unavailable findings remain unchanged.",projects/chirality-piping/execution/PKG-07_Graphical User Interface and Engineering Workflow/1_Working/DEL-07-06_Accessibility and usability baseline/_STATUS.md,119f626b52d39bd748edbd4ed97f12f4a2997ce267cb4e83e66543c8ca447645,"Preserve PDU-046 / `DEL-07-06-RQ-004` as `VERIFIED_NOT_VALIDATED` pending a separately authorized independent usability basis. D-68 selects WCAG 2.2 AA criteria for controls touched by the professional modelling workspace foundation tranche, including measurable contrast and applicable target sizes.…",D68_ACCESSIBILITY_USABILITY_HOLD;SCOPE_RETAINED,"projects/chirality-piping/execution/PKG-07_Graphical User Interface and Engineering Workflow/1_Working/DEL-07-06_Accessibility and usability baseline/_STATUS.md#Remaining; projects/chirality-piping/execution/PKG-07_Graphical User Interface and Engineering Workflow/1_Working/DEL-07-06_Accessibility and usability baseline/ScopeOfWork.md; named refs: D-68, PDU-046",projects/chirality-piping/execution/PKG-07_Graphical User Interface and Engineering Workflow/1_Working/DEL-07-06_Accessibility and usability baseline/ScopeOfWork.md; TM-PIP-047 (deferred decision attention only; governing source retained),D-68 target and independent-usability hold stay separate from conformance,PENDING,NONE,HOLD_PENDING_DISPOSITION_AND_DESTINATION_BACKCHECK
DEL-07-06:6,PINNED_2026-09-22_CENSUS,DEL-07-06,PKG-07,IN_PROGRESS,6,- Obtain a separately authorized independent usability basis before upgrading PDU-045 beyond `VERIFIED_NOT_VALIDATED`. The selected D-68 target is bounded to touched interactive workspace controls; untouched report/export surfaces and generated report files retain their unresolved target. See `ScopeOfWork.md` current bounded target declaration.,projects/chirality-piping/execution/PKG-07_Graphical User Interface and Engineering Workflow/1_Working/DEL-07-06_Accessibility and usability baseline/_STATUS.md,119f626b52d39bd748edbd4ed97f12f4a2997ce267cb4e83e66543c8ca447645,Obtain a separately authorized independent usability basis before upgrading PDU-045 beyond `VERIFIED_NOT_VALIDATED`. The selected D-68 target is bounded to touched interactive workspace controls; untouched report/export surfaces and generated report files retain their unresolved target. See…,D68_ACCESSIBILITY_USABILITY_HOLD;SCOPE_RETAINED,"projects/chirality-piping/execution/PKG-07_Graphical User Interface and Engineering Workflow/1_Working/DEL-07-06_Accessibility and usability baseline/_STATUS.md#Remaining; projects/chirality-piping/execution/PKG-07_Graphical User Interface and Engineering Workflow/1_Working/DEL-07-06_Accessibility and usability baseline/ScopeOfWork.md; named refs: D-68, PDU-045",projects/chirality-piping/execution/PKG-07_Graphical User Interface and Engineering Workflow/1_Working/DEL-07-06_Accessibility and usability baseline/ScopeOfWork.md; TM-PIP-047 (deferred decision attention only; governing source retained),D-68 target and independent-usability hold stay separate from conformance,PENDING,NONE,HOLD_PENDING_DISPOSITION_AND_DESTINATION_BACKCHECK
DEL-07-07:1,PINNED_2026-09-22_CENSUS,DEL-07-07,PKG-07,IN_PROGRESS,1,"- Complete producer-side carriage of diagnostic class, remediation, and provenance where upstream producers still emit the reduced desktop shape; the PDU-008 UI preserves and displays those fields when supplied but does not fabricate them.","projects/chirality-piping/execution/PKG-07_Graphical User Interface and Engineering Workflow/1_Working/DEL-07-07_Solve execution UX- progress, cancellation, and diagnostics/_STATUS.md",79a2bd6a609e38689f55c9e5ac2c454c0d773e4ae2707d4ca76605e773045efe,"Complete producer-side carriage of diagnostic class, remediation, and provenance where upstream producers still emit the reduced desktop shape; the PDU-008 UI preserves and displays those fields when supplied but does not fabricate them.",GOVERNING_SCOPE_CANDIDATE_WITH_UNFINISHED_WITNESS,"projects/chirality-piping/execution/PKG-07_Graphical User Interface and Engineering Workflow/1_Working/DEL-07-07_Solve execution UX- progress, cancellation, and diagnostics/_STATUS.md#Remaining; projects/chirality-piping/execution/PKG-07_Graphical User Interface and Engineering Workflow/1_Working/DEL-07-07_Solve execution UX- progress, cancellation, and diagnostics/ScopeOfWork.md; named refs: PDU-008","projects/chirality-piping/execution/PKG-07_Graphical User Interface and Engineering Workflow/1_Working/DEL-07-07_Solve execution UX- progress, cancellation, and diagnostics/ScopeOfWork.md",Existing governing form; specific surviving meaning requires human review before source removal,PENDING,NONE,HOLD_PENDING_DISPOSITION_AND_DESTINATION_BACKCHECK
DEL-07-08:NONE,PINNED_2026-09-22_CENSUS,DEL-07-08,PKG-07,IN_PROGRESS,NONE,NONE — no item recorded; not evidence of completion,projects/chirality-piping/execution/PKG-07_Graphical User Interface and Engineering Workflow/1_Working/DEL-07-08_Design-authoring state and comparison workspace/_STATUS.md,854a3e4b4428a38b7f19ffce86413a2c6d766631ebe1d6cf1c06c9466945f3b1,No current task was recorded in the historical census; this is no completion or acceptance finding.,NO_CURRENT_TASK_MARKER,projects/chirality-piping/execution/PKG-07_Graphical User Interface and Engineering Workflow/1_Working/DEL-07-08_Design-authoring state and comparison workspace/_STATUS.md#Remaining; projects/chirality-piping/execution/PKG-07_Graphical User Interface and Engineering Workflow/1_Working/DEL-07-08_Design-authoring state and comparison workspace/ScopeOfWork.md,projects/chirality-piping/execution/PKG-07_Graphical User Interface and Engineering Workflow/1_Working/DEL-07-08_Design-authoring state and comparison workspace/ScopeOfWork.md,No live task or surviving meaning in source section; governing form and lifecycle/history retained. See APPLIED_ROW_LEDGER.csv.,OWNER_CONDITIONAL_GROUP_TREATMENT_APPROVED_2026-09-22,EMPTY_REMAINING_HEADING_REMOVED;LIFECYCLE_HISTORY_UNCHANGED,APPLIED_VERIFIED_NO_TASK_TO_TRANSFER
DEL-07-09:1,PINNED_2026-09-22_CENSUS,DEL-07-09,PKG-07,OPEN,1,"- Bounded UI foundation: the implemented slice comprises bounded workspace presentation and shared selection/view/task interfaces in their owning implementation deliverables. The [final ROOT acceptance record](../../../_Coordination/AgentRuns/HELP-HUMAN-PIPING-20260915-PRODUCTION-UI/instances/ROOT/FINAL_ACCEPTANCE.json) accepts this bounded functional technical slice; only its expressly accepted scope narrows functional Remaining, while broader residuals below stay open. This does not close the 24 NORMATIVE-NOW rows or R1–R3 collectively, resolve D58/DEL-16-03, add engineering operations or advance the OPEN contract lifecycle.",projects/chirality-piping/execution/PKG-07_Graphical User Interface and Engineering Workflow/1_Working/DEL-07-09_Interactive operation vocabulary and tool palette contract/_STATUS.md,bf3e7749e179ea7d666881d4097f19586e3af28429b0ae23e06d5ce2aa2d3ecc,Bounded UI foundation: the implemented slice comprises bounded workspace presentation and shared selection/view/task interfaces in their owning implementation deliverables. The [final ROOT acceptance…,RECORDED_BOUNDED_RESULT;PRESERVE_SURVIVING_LIMITS,projects/chirality-piping/execution/PKG-07_Graphical User Interface and Engineering Workflow/1_Working/DEL-07-09_Interactive operation vocabulary and tool palette contract/_STATUS.md#Remaining; projects/chirality-piping/execution/PKG-07_Graphical User Interface and Engineering Workflow/1_Working/DEL-07-09_Interactive operation vocabulary and tool palette contract/_CONTEXT.md; projects/chirality-piping/execution/_ScopeChange/SCA-009_2026-08-20_0000/Vocabulary_Annex.md,projects/chirality-piping/execution/PKG-07_Graphical User Interface and Engineering Workflow/1_Working/DEL-07-09_Interactive operation vocabulary and tool palette contract/Capability_Comparison.csv; projects/chirality-piping/execution/PKG-07_Graphical User Interface and Engineering Workflow/1_Working/DEL-07-09_Interactive operation vocabulary and tool palette contract/Palette_Operation_Routing.md,Accepted vocabulary/coverage contract and current route ledger; DEL-07-09 has no ScopeOfWork.md and remains OPEN,PENDING,NONE,HOLD_PENDING_DISPOSITION_AND_DESTINATION_BACKCHECK
DEL-07-09:2,PINNED_2026-09-22_CENSUS,DEL-07-09,PKG-07,OPEN,2,"- Performance acceptance, settled-frame and owned-resource obligations remain open on the redesigned product under [D-72](../../../_Coordination/_DECISIONS/D-72_RULING_2026-09-18.md) and its [final addendum](../../../_Coordination/_DECISIONS/D-72_RULING_ADDENDUM_2026-09-18.md). All six criteria are ruled and frozen: item 5 uses S-1/S-2, with S-3 not accepted. The addendum removes the fresh former-interface baseline cohort; the original D-70 failures and successor demonstration retain their distinct attribution. Independent-usability holds remain. Qualification requires the ruled candidate evidence; no performance acceptance or lifecycle promotion follows from the criteria ruling.",projects/chirality-piping/execution/PKG-07_Graphical User Interface and Engineering Workflow/1_Working/DEL-07-09_Interactive operation vocabulary and tool palette contract/_STATUS.md,bf3e7749e179ea7d666881d4097f19586e3af28429b0ae23e06d5ce2aa2d3ecc,"Performance acceptance, settled-frame and owned-resource obligations remain open on the redesigned product under [D-72](../../../_Coordination/_DECISIONS/D-72_RULING_2026-09-18.md) and its [final addendum](../../../_Coordination/_DECISIONS/D-72_RULING_ADDENDUM_2026-09-18.md). All six criteria are ruled…",D72_PERFORMANCE_RESOURCE_ACCEPTANCE_HOLD;SCOPE_RETAINED,projects/chirality-piping/execution/PKG-07_Graphical User Interface and Engineering Workflow/1_Working/DEL-07-09_Interactive operation vocabulary and tool palette contract/_STATUS.md#Remaining; projects/chirality-piping/execution/_Coordination/_DECISIONS/D-72_RULING_2026-09-18.md; projects/chirality-piping/execution/_Coordination/_DECISIONS/D-72_RULING_ADDENDUM_2026-09-18.md; projects/chirality-piping/execution/PKG-07_Graphical User Interface and Engineering Workflow/1_Working/DEL-07-09_Interactive operation vocabulary and tool palette contract/Palette_Operation_Routing.md,projects/chirality-piping/execution/_Coordination/_DECISIONS/D-72_RULING_2026-09-18.md; projects/chirality-piping/execution/_Coordination/_DECISIONS/D-72_RULING_ADDENDUM_2026-09-18.md; projects/chirality-piping/execution/PKG-07_Graphical User Interface and Engineering Workflow/1_Working/DEL-07-09_Interactive operation vocabulary and tool palette contract/Palette_Operation_Routing.md (cross-reference amendment proposed); TM-PIP-043 (deferred decision attention only; governing source retained),D-72 ruling/addendum preserve accepted criteria; local carrier lacks exact D-72 binding and successor demonstration remains unallocated. Apply proposed cross-reference or retain source.,PENDING,NONE,HOLD_PENDING_DISPOSITION_AND_DESTINATION_BACKCHECK
DEL-07-09:3,PINNED_2026-09-22_CENSUS,DEL-07-09,PKG-07,OPEN,3,"- No open pre-merge action remains for PR #789: it merged on 2026-09-17 at `8468a33c`. The [final ROOT acceptance record](../../../_Coordination/AgentRuns/HELP-HUMAN-PIPING-20260915-PRODUCTION-UI/instances/ROOT/FINAL_ACCEPTANCE.json) records bounded functional technical acceptance and its source/verification bindings. Its resource evidence retains the recorded applicability limits; no final-binary resource cohort is claimed. Performance qualification, independent usability/security validation and broader functional residuals remain with their owning records.",projects/chirality-piping/execution/PKG-07_Graphical User Interface and Engineering Workflow/1_Working/DEL-07-09_Interactive operation vocabulary and tool palette contract/_STATUS.md,bf3e7749e179ea7d666881d4097f19586e3af28429b0ae23e06d5ce2aa2d3ecc,No open pre-merge action remains for PR #789: it merged on 2026-09-17 at `8468a33c`. The [final ROOT acceptance record](../../../_Coordination/AgentRuns/HELP-HUMAN-PIPING-20260915-PRODUCTION-UI/instances/ROOT/FINAL_ACCEPTANCE.json) records bounded functional technical acceptance and its…,RECORDED_BOUNDED_RESULT;PRESERVE_SURVIVING_LIMITS,projects/chirality-piping/execution/PKG-07_Graphical User Interface and Engineering Workflow/1_Working/DEL-07-09_Interactive operation vocabulary and tool palette contract/_STATUS.md#Remaining; projects/chirality-piping/execution/PKG-07_Graphical User Interface and Engineering Workflow/1_Working/DEL-07-09_Interactive operation vocabulary and tool palette contract/_CONTEXT.md; projects/chirality-piping/execution/_ScopeChange/SCA-009_2026-08-20_0000/Vocabulary_Annex.md,projects/chirality-piping/execution/PKG-07_Graphical User Interface and Engineering Workflow/1_Working/DEL-07-09_Interactive operation vocabulary and tool palette contract/Capability_Comparison.csv; projects/chirality-piping/execution/PKG-07_Graphical User Interface and Engineering Workflow/1_Working/DEL-07-09_Interactive operation vocabulary and tool palette contract/Palette_Operation_Routing.md,Accepted vocabulary/coverage contract and current route ledger; DEL-07-09 has no ScopeOfWork.md and remains OPEN,PENDING,NONE,HOLD_PENDING_DISPOSITION_AND_DESTINATION_BACKCHECK
DEL-07-09:4,PINNED_2026-09-22_CENSUS,DEL-07-09,PKG-07,OPEN,4,"- Short panels can require scrolling between a label and its fully visible control. The original transient inspector AX omission remains unexplained although fresh processes expose controls; no independent macOS audit or whole-product WCAG conformance is claimed. Independent practitioner usability/security remain separate held work, not extra publication gates.",projects/chirality-piping/execution/PKG-07_Graphical User Interface and Engineering Workflow/1_Working/DEL-07-09_Interactive operation vocabulary and tool palette contract/_STATUS.md,bf3e7749e179ea7d666881d4097f19586e3af28429b0ae23e06d5ce2aa2d3ecc,Short panels can require scrolling between a label and its fully visible control. The original transient inspector AX omission remains unexplained although fresh processes expose controls; no independent macOS audit or whole-product WCAG conformance is claimed. Independent practitioner usability/security…,D68_ACCESSIBILITY_USABILITY_HOLD;SCOPE_RETAINED,projects/chirality-piping/execution/PKG-07_Graphical User Interface and Engineering Workflow/1_Working/DEL-07-09_Interactive operation vocabulary and tool palette contract/_STATUS.md#Remaining; projects/chirality-piping/execution/PKG-07_Graphical User Interface and Engineering Workflow/1_Working/DEL-07-09_Interactive operation vocabulary and tool palette contract/_CONTEXT.md; projects/chirality-piping/execution/_Coordination/AgentRuns/HELP-HUMAN-PIPING-20260915-PRODUCTION-UI/instances/ROOT/FINAL_ACCEPTANCE.json; projects/chirality-piping/execution/_ScopeChange/SCA-009_2026-08-20_0000/Vocabulary_Annex.md,projects/chirality-piping/execution/PKG-07_Graphical User Interface and Engineering Workflow/1_Working/DEL-07-09_Interactive operation vocabulary and tool palette contract/Capability_Comparison.csv; projects/chirality-piping/execution/PKG-07_Graphical User Interface and Engineering Workflow/1_Working/DEL-07-09_Interactive operation vocabulary and tool palette contract/Palette_Operation_Routing.md; TM-PIP-043 (deferred decision attention only; governing source retained),Accepted vocabulary/coverage contract and current route ledger; DEL-07-09 has no ScopeOfWork.md and remains OPEN,PENDING,NONE,HOLD_PENDING_DISPOSITION_AND_DESTINATION_BACKCHECK
DEL-07-09:5,PINNED_2026-09-22_CENSUS,DEL-07-09,PKG-07,OPEN,5,- Production implementation remains outside DEL-07-09. Coverage work is governed by the accepted SCA-009 Vocabulary Annex and lands only in the deliverables named in its `Implementation lands in` column.,projects/chirality-piping/execution/PKG-07_Graphical User Interface and Engineering Workflow/1_Working/DEL-07-09_Interactive operation vocabulary and tool palette contract/_STATUS.md,bf3e7749e179ea7d666881d4097f19586e3af28429b0ae23e06d5ce2aa2d3ecc,Production implementation remains outside DEL-07-09. Coverage work is governed by the accepted SCA-009 Vocabulary Annex and lands only in the deliverables named in its `Implementation lands in` column.,GOVERNING_SCOPE_CANDIDATE_WITH_UNFINISHED_WITNESS,projects/chirality-piping/execution/PKG-07_Graphical User Interface and Engineering Workflow/1_Working/DEL-07-09_Interactive operation vocabulary and tool palette contract/_STATUS.md#Remaining; projects/chirality-piping/execution/PKG-07_Graphical User Interface and Engineering Workflow/1_Working/DEL-07-09_Interactive operation vocabulary and tool palette contract/_CONTEXT.md; named refs: SCA-009; projects/chirality-piping/execution/_ScopeChange/SCA-009_2026-08-20_0000/Vocabulary_Annex.md,projects/chirality-piping/execution/PKG-07_Graphical User Interface and Engineering Workflow/1_Working/DEL-07-09_Interactive operation vocabulary and tool palette contract/Capability_Comparison.csv; projects/chirality-piping/execution/PKG-07_Graphical User Interface and Engineering Workflow/1_Working/DEL-07-09_Interactive operation vocabulary and tool palette contract/Palette_Operation_Routing.md,Accepted vocabulary/coverage contract and current route ledger; DEL-07-09 has no ScopeOfWork.md and remains OPEN,PENDING,NONE,HOLD_PENDING_DISPOSITION_AND_DESTINATION_BACKCHECK
DEL-07-09:6,PINNED_2026-09-22_CENSUS,DEL-07-09,PKG-07,OPEN,6,- Historical selected rows 14–16 retain their recorded landed/closed status. Lifecycle review or promotion of DEL-07-09 itself remains separately human-gated; current implementation evidence does not move its `OPEN` state.,projects/chirality-piping/execution/PKG-07_Graphical User Interface and Engineering Workflow/1_Working/DEL-07-09_Interactive operation vocabulary and tool palette contract/_STATUS.md,bf3e7749e179ea7d666881d4097f19586e3af28429b0ae23e06d5ce2aa2d3ecc,Historical selected rows 14–16 retain their recorded landed/closed status. Lifecycle review or promotion of DEL-07-09 itself remains separately human-gated; current implementation evidence does not move its `OPEN` state.,RECORDED_BOUNDED_RESULT;PRESERVE_SURVIVING_LIMITS,projects/chirality-piping/execution/PKG-07_Graphical User Interface and Engineering Workflow/1_Working/DEL-07-09_Interactive operation vocabulary and tool palette contract/_STATUS.md#Remaining; projects/chirality-piping/execution/PKG-07_Graphical User Interface and Engineering Workflow/1_Working/DEL-07-09_Interactive operation vocabulary and tool palette contract/_CONTEXT.md; projects/chirality-piping/execution/_ScopeChange/SCA-009_2026-08-20_0000/Vocabulary_Annex.md,projects/chirality-piping/execution/PKG-07_Graphical User Interface and Engineering Workflow/1_Working/DEL-07-09_Interactive operation vocabulary and tool palette contract/Capability_Comparison.csv; projects/chirality-piping/execution/PKG-07_Graphical User Interface and Engineering Workflow/1_Working/DEL-07-09_Interactive operation vocabulary and tool palette contract/Palette_Operation_Routing.md,Accepted vocabulary/coverage contract and current route ledger; DEL-07-09 has no ScopeOfWork.md and remains OPEN,PENDING,NONE,HOLD_PENDING_DISPOSITION_AND_DESTINATION_BACKCHECK
DEL-07-09:7,PINNED_2026-09-22_CENSUS,DEL-07-09,PKG-07,OPEN,7,"- Current reconciliation explicitly records all 24 NORMATIVE-NOW rows and R1–R3 with implemented UI routes, PKG-16 linkage and bounded residuals. Original historical cells for rows 14–16 are preserved; added current evidence is implementation/check evidence only, with N7 V2 integrated review and parent fan-in accepted. D58 live provider and DEL-16-03 durable accepted-history residual remain held/open; R1–R3 remain deferred. No whole-toolkit or lifecycle closure is claimed.",projects/chirality-piping/execution/PKG-07_Graphical User Interface and Engineering Workflow/1_Working/DEL-07-09_Interactive operation vocabulary and tool palette contract/_STATUS.md,bf3e7749e179ea7d666881d4097f19586e3af28429b0ae23e06d5ce2aa2d3ecc,"Current reconciliation explicitly records all 24 NORMATIVE-NOW rows and R1–R3 with implemented UI routes, PKG-16 linkage and bounded residuals. Original historical cells for rows 14–16 are preserved; added current evidence is implementation/check evidence only, with N7 V2 integrated review and parent…",RECORDED_BOUNDED_RESULT;PRESERVE_SURVIVING_LIMITS,projects/chirality-piping/execution/PKG-07_Graphical User Interface and Engineering Workflow/1_Working/DEL-07-09_Interactive operation vocabulary and tool palette contract/_STATUS.md#Remaining; projects/chirality-piping/execution/PKG-07_Graphical User Interface and Engineering Workflow/1_Working/DEL-07-09_Interactive operation vocabulary and tool palette contract/_CONTEXT.md; projects/chirality-piping/execution/_ScopeChange/SCA-009_2026-08-20_0000/Vocabulary_Annex.md,projects/chirality-piping/execution/PKG-07_Graphical User Interface and Engineering Workflow/1_Working/DEL-07-09_Interactive operation vocabulary and tool palette contract/Capability_Comparison.csv; projects/chirality-piping/execution/PKG-07_Graphical User Interface and Engineering Workflow/1_Working/DEL-07-09_Interactive operation vocabulary and tool palette contract/Palette_Operation_Routing.md,Accepted vocabulary/coverage contract and current route ledger; DEL-07-09 has no ScopeOfWork.md and remains OPEN,PENDING,NONE,HOLD_PENDING_DISPOSITION_AND_DESTINATION_BACKCHECK
DEL-07-09:8,PINNED_2026-09-22_CENSUS,DEL-07-09,PKG-07,OPEN,8,"- N7 F1/F2/F3 current coverage amendment records canonical family mapping, shared duplicate-stiffness rejection and DOF-correct display readouts; original row14–16 historical cells remain unchanged. Postrepair desktop build / 43 files / 732 tests and host dist 1 test PASS; N7 V2 final rereview subsequently returned PASS and parent fan-in was accepted. See DEL-07-09 Palette_Operation_Routing.md N7 repair amendment; no lifecycle closure.",projects/chirality-piping/execution/PKG-07_Graphical User Interface and Engineering Workflow/1_Working/DEL-07-09_Interactive operation vocabulary and tool palette contract/_STATUS.md,bf3e7749e179ea7d666881d4097f19586e3af28429b0ae23e06d5ce2aa2d3ecc,"N7 F1/F2/F3 current coverage amendment records canonical family mapping, shared duplicate-stiffness rejection and DOF-correct display readouts; original row14–16 historical cells remain unchanged. Postrepair desktop build / 43 files / 732 tests and host dist 1 test PASS; N7 V2 final rereview subsequently…",RECORDED_BOUNDED_RESULT;PRESERVE_SURVIVING_LIMITS,projects/chirality-piping/execution/PKG-07_Graphical User Interface and Engineering Workflow/1_Working/DEL-07-09_Interactive operation vocabulary and tool palette contract/_STATUS.md#Remaining; projects/chirality-piping/execution/PKG-07_Graphical User Interface and Engineering Workflow/1_Working/DEL-07-09_Interactive operation vocabulary and tool palette contract/_CONTEXT.md; projects/chirality-piping/execution/_ScopeChange/SCA-009_2026-08-20_0000/Vocabulary_Annex.md,projects/chirality-piping/execution/PKG-07_Graphical User Interface and Engineering Workflow/1_Working/DEL-07-09_Interactive operation vocabulary and tool palette contract/Capability_Comparison.csv; projects/chirality-piping/execution/PKG-07_Graphical User Interface and Engineering Workflow/1_Working/DEL-07-09_Interactive operation vocabulary and tool palette contract/Palette_Operation_Routing.md,Accepted vocabulary/coverage contract and current route ledger; DEL-07-09 has no ScopeOfWork.md and remains OPEN,PENDING,NONE,HOLD_PENDING_DISPOSITION_AND_DESTINATION_BACKCHECK
DEL-07-09:9,PINNED_2026-09-22_CENSUS,DEL-07-09,PKG-07,OPEN,9,"- Historical review evidence is available at `execution/_Coordination/AgentRuns/HELP-HUMAN-PIPING-20260905-UI-TOOLKIT-PARITY/instances/N7_FINAL_REVIEW/V2_BACKCHECK/REVIEW_RETURN_V2.md` (PASS) and `execution/_Coordination/AgentRuns/HELP-HUMAN-PIPING-20260905-UI-TOOLKIT-PARITY/PRECOMMIT_PARENT_FAN_IN_V1.md` (bounded parent fan-in). The formerly cited `HISTORICAL_N7_ACCEPTANCE_INTAKE_V1.json` is unavailable in the inspected project tree; existence elsewhere and its asserted v11 revalidation remain unknown. Locate the intake record or obtain a bounded replacement verification before relying on that revalidation. Historical review snapshots, coverage cells and lifecycle state are unchanged; these records do not accept a later UI candidate.",projects/chirality-piping/execution/PKG-07_Graphical User Interface and Engineering Workflow/1_Working/DEL-07-09_Interactive operation vocabulary and tool palette contract/_STATUS.md,bf3e7749e179ea7d666881d4097f19586e3af28429b0ae23e06d5ce2aa2d3ecc,Historical review evidence is available at `execution/_Coordination/AgentRuns/HELP-HUMAN-PIPING-20260905-UI-TOOLKIT-PARITY/instances/N7_FINAL_REVIEW/V2_BACKCHECK/REVIEW_RETURN_V2.md` (PASS) and `execution/_Coordination/AgentRuns/HELP-HUMAN-PIPING-20260905-UI-TOOLKIT-PARITY/PRECOMMIT_PARENT_FAN_IN_V1.md`…,RECORDED_BOUNDED_RESULT;PRESERVE_SURVIVING_LIMITS,projects/chirality-piping/execution/PKG-07_Graphical User Interface and Engineering Workflow/1_Working/DEL-07-09_Interactive operation vocabulary and tool palette contract/_STATUS.md#Remaining; projects/chirality-piping/execution/PKG-07_Graphical User Interface and Engineering Workflow/1_Working/DEL-07-09_Interactive operation vocabulary and tool palette contract/_CONTEXT.md; projects/chirality-piping/execution/_ScopeChange/SCA-009_2026-08-20_0000/Vocabulary_Annex.md,projects/chirality-piping/execution/PKG-07_Graphical User Interface and Engineering Workflow/1_Working/DEL-07-09_Interactive operation vocabulary and tool palette contract/Palette_Operation_Routing.md (historical evidence-recovery amendment proposed); TM-PIP-043 (deferred decision attention only; governing source retained),Existing ledger preserves N7 V2 frozen review but omits missing HISTORICAL_N7_ACCEPTANCE_INTAKE_V1/v11 recovery duty; apply exact amendment or retain source.,PENDING,NONE,HOLD_PENDING_DISPOSITION_AND_DESTINATION_BACKCHECK
DEL-07-11:1,PINNED_2026-09-22_CENSUS,DEL-07-11,PKG-07,OPEN,1,- Follow the SCA-011 accepted closure handoff for any explicitly retained derivative obligations; existing product/lifecycle holds remain.,projects/chirality-piping/execution/PKG-07_Graphical User Interface and Engineering Workflow/1_Working/DEL-07-11_Desktop workspace shell and host integration/_STATUS.md,3ad5d5e5e1948ff5d8d2e35825bf6b98e2b036813553e60f4028793774150e37,Follow the SCA-011 accepted closure handoff for any explicitly retained derivative obligations; existing product/lifecycle holds remain.,ACCEPTED_OWNERSHIP_ROUTE;CLAIM_SPECIFIC_WORK_REMAINS,projects/chirality-piping/execution/PKG-07_Graphical User Interface and Engineering Workflow/1_Working/DEL-07-11_Desktop workspace shell and host integration/_STATUS.md#Remaining; projects/chirality-piping/execution/PKG-07_Graphical User Interface and Engineering Workflow/1_Working/DEL-07-11_Desktop workspace shell and host integration/ScopeOfWork.md; named refs: SCA-011; projects/chirality-piping/execution/_ScopeChange/SCA-011_2026-09-22_OWNERSHIP,projects/chirality-piping/execution/PKG-07_Graphical User Interface and Engineering Workflow/1_Working/DEL-07-11_Desktop workspace shell and host integration/ScopeOfWork.md,"SCA-011 gives an ownership route, not completed implementation or an allocated successor graph",PENDING,NONE,HOLD_PENDING_DISPOSITION_AND_DESTINATION_BACKCHECK
DEL-07-11:2,PINNED_2026-09-22_CENSUS,DEL-07-11,PKG-07,OPEN,2,"- Inventory current implementation evidence against the four claim hooks in ScopeOfWork.md; retain missing, partial and unobserved behavior explicitly. No product or native verification was performed by candidate drafting.",projects/chirality-piping/execution/PKG-07_Graphical User Interface and Engineering Workflow/1_Working/DEL-07-11_Desktop workspace shell and host integration/_STATUS.md,3ad5d5e5e1948ff5d8d2e35825bf6b98e2b036813553e60f4028793774150e37,"Inventory current implementation evidence against the four claim hooks in ScopeOfWork.md; retain missing, partial and unobserved behavior explicitly. No product or native verification was performed by candidate drafting.",ACCEPTED_OWNERSHIP_ROUTE;CLAIM_SPECIFIC_WORK_REMAINS,projects/chirality-piping/execution/PKG-07_Graphical User Interface and Engineering Workflow/1_Working/DEL-07-11_Desktop workspace shell and host integration/_STATUS.md#Remaining; projects/chirality-piping/execution/PKG-07_Graphical User Interface and Engineering Workflow/1_Working/DEL-07-11_Desktop workspace shell and host integration/ScopeOfWork.md; projects/chirality-piping/execution/_ScopeChange/SCA-011_2026-09-22_OWNERSHIP,projects/chirality-piping/execution/PKG-07_Graphical User Interface and Engineering Workflow/1_Working/DEL-07-11_Desktop workspace shell and host integration/ScopeOfWork.md,"SCA-011 gives an ownership route, not completed implementation or an allocated successor graph",PENDING,NONE,HOLD_PENDING_DISPOSITION_AND_DESTINATION_BACKCHECK
DEL-07-11:3,PINNED_2026-09-22_CENSUS,DEL-07-11,PKG-07,OPEN,3,"- Preserve all engineering, privacy, professional, lifecycle and release holds named by the accepted instruments.",projects/chirality-piping/execution/PKG-07_Graphical User Interface and Engineering Workflow/1_Working/DEL-07-11_Desktop workspace shell and host integration/_STATUS.md,3ad5d5e5e1948ff5d8d2e35825bf6b98e2b036813553e60f4028793774150e37,"Preserve all engineering, privacy, professional, lifecycle and release holds named by the accepted instruments.",ACCEPTED_OWNERSHIP_ROUTE;CLAIM_SPECIFIC_WORK_REMAINS,projects/chirality-piping/execution/PKG-07_Graphical User Interface and Engineering Workflow/1_Working/DEL-07-11_Desktop workspace shell and host integration/_STATUS.md#Remaining; projects/chirality-piping/execution/PKG-07_Graphical User Interface and Engineering Workflow/1_Working/DEL-07-11_Desktop workspace shell and host integration/ScopeOfWork.md; projects/chirality-piping/execution/_ScopeChange/SCA-011_2026-09-22_OWNERSHIP,projects/chirality-piping/execution/PKG-07_Graphical User Interface and Engineering Workflow/1_Working/DEL-07-11_Desktop workspace shell and host integration/ScopeOfWork.md,"SCA-011 gives an ownership route, not completed implementation or an allocated successor graph",PENDING,NONE,HOLD_PENDING_DISPOSITION_AND_DESTINATION_BACKCHECK
DEL-07-12:1,PINNED_2026-09-22_CENSUS,DEL-07-12,PKG-07,OPEN,1,- Follow the SCA-011 accepted closure handoff for any explicitly retained derivative obligations; existing product/lifecycle holds remain.,projects/chirality-piping/execution/PKG-07_Graphical User Interface and Engineering Workflow/1_Working/DEL-07-12_Interoperability and evidence-review workspace/_STATUS.md,504e60192dd08b470e449ea84a425b26b1374fc557181714467fd3a0c4b805be,Follow the SCA-011 accepted closure handoff for any explicitly retained derivative obligations; existing product/lifecycle holds remain.,ACCEPTED_OWNERSHIP_ROUTE;CLAIM_SPECIFIC_WORK_REMAINS,projects/chirality-piping/execution/PKG-07_Graphical User Interface and Engineering Workflow/1_Working/DEL-07-12_Interoperability and evidence-review workspace/_STATUS.md#Remaining; projects/chirality-piping/execution/PKG-07_Graphical User Interface and Engineering Workflow/1_Working/DEL-07-12_Interoperability and evidence-review workspace/ScopeOfWork.md; named refs: SCA-011; projects/chirality-piping/execution/_ScopeChange/SCA-011_2026-09-22_OWNERSHIP,projects/chirality-piping/execution/PKG-07_Graphical User Interface and Engineering Workflow/1_Working/DEL-07-12_Interoperability and evidence-review workspace/ScopeOfWork.md,"SCA-011 gives an ownership route, not completed implementation or an allocated successor graph",PENDING,NONE,HOLD_PENDING_DISPOSITION_AND_DESTINATION_BACKCHECK
DEL-07-12:2,PINNED_2026-09-22_CENSUS,DEL-07-12,PKG-07,OPEN,2,"- Inventory current implementation evidence against the four claim hooks in ScopeOfWork.md; retain missing, partial and unobserved behavior explicitly. No product or native verification was performed by candidate drafting.",projects/chirality-piping/execution/PKG-07_Graphical User Interface and Engineering Workflow/1_Working/DEL-07-12_Interoperability and evidence-review workspace/_STATUS.md,504e60192dd08b470e449ea84a425b26b1374fc557181714467fd3a0c4b805be,"Inventory current implementation evidence against the four claim hooks in ScopeOfWork.md; retain missing, partial and unobserved behavior explicitly. No product or native verification was performed by candidate drafting.",ACCEPTED_OWNERSHIP_ROUTE;CLAIM_SPECIFIC_WORK_REMAINS,projects/chirality-piping/execution/PKG-07_Graphical User Interface and Engineering Workflow/1_Working/DEL-07-12_Interoperability and evidence-review workspace/_STATUS.md#Remaining; projects/chirality-piping/execution/PKG-07_Graphical User Interface and Engineering Workflow/1_Working/DEL-07-12_Interoperability and evidence-review workspace/ScopeOfWork.md; projects/chirality-piping/execution/_ScopeChange/SCA-011_2026-09-22_OWNERSHIP,projects/chirality-piping/execution/PKG-07_Graphical User Interface and Engineering Workflow/1_Working/DEL-07-12_Interoperability and evidence-review workspace/ScopeOfWork.md,"SCA-011 gives an ownership route, not completed implementation or an allocated successor graph",PENDING,NONE,HOLD_PENDING_DISPOSITION_AND_DESTINATION_BACKCHECK
DEL-07-12:3,PINNED_2026-09-22_CENSUS,DEL-07-12,PKG-07,OPEN,3,"- Preserve all engineering, privacy, professional, lifecycle and release holds named by the accepted instruments.",projects/chirality-piping/execution/PKG-07_Graphical User Interface and Engineering Workflow/1_Working/DEL-07-12_Interoperability and evidence-review workspace/_STATUS.md,504e60192dd08b470e449ea84a425b26b1374fc557181714467fd3a0c4b805be,"Preserve all engineering, privacy, professional, lifecycle and release holds named by the accepted instruments.",ACCEPTED_OWNERSHIP_ROUTE;CLAIM_SPECIFIC_WORK_REMAINS,projects/chirality-piping/execution/PKG-07_Graphical User Interface and Engineering Workflow/1_Working/DEL-07-12_Interoperability and evidence-review workspace/_STATUS.md#Remaining; projects/chirality-piping/execution/PKG-07_Graphical User Interface and Engineering Workflow/1_Working/DEL-07-12_Interoperability and evidence-review workspace/ScopeOfWork.md; projects/chirality-piping/execution/_ScopeChange/SCA-011_2026-09-22_OWNERSHIP,projects/chirality-piping/execution/PKG-07_Graphical User Interface and Engineering Workflow/1_Working/DEL-07-12_Interoperability and evidence-review workspace/ScopeOfWork.md,"SCA-011 gives an ownership route, not completed implementation or an allocated successor graph",PENDING,NONE,HOLD_PENDING_DISPOSITION_AND_DESTINATION_BACKCHECK
DEL-08-01:1,PINNED_2026-09-22_CENSUS,DEL-08-01,PKG-08,IN_PROGRESS,1,- Define the .opsproj container compatibility-window/versioning policy beyond schema_version 1.0.0 (DEC-028 bounded-tranche territory) (see also DEL-02-05) (source: TP-E3-CONTAINER-001 residuals),"projects/chirality-piping/execution/PKG-08_Reporting, Audit, and Reproducibility/1_Working/DEL-08-01_Calculation report generator/_STATUS.md",76c2114a211582726c6bc3a93a8817bb1193b200bf0b616716e92a6d768136b2,Define the .opsproj container compatibility-window/versioning policy beyond schema_version 1.0.0 (DEC-028 bounded-tranche territory) (see also DEL-02-05) (source: TP-E3-CONTAINER-001 residuals),CROSS_DELIVERABLE_SCOPE_PARTIAL;CONTAINER_POLICY_AMENDMENT_PENDING,"projects/chirality-piping/execution/PKG-08_Reporting, Audit, and Reproducibility/1_Working/DEL-08-01_Calculation report generator/_STATUS.md#Remaining; projects/chirality-piping/execution/PKG-08_Reporting, Audit, and Reproducibility/1_Working/DEL-08-01_Calculation report generator/ScopeOfWork.md; projects/chirality-piping/execution/PKG-02_Domain Model, Units, and Core Schemas/1_Working/DEL-02-05_Project persistence and round-trip serialization/ScopeOfWork.md; projects/chirality-piping/execution/_Coordination/_DECISIONS/D-09_native_package_container.md; projects/chirality-piping/execution/_Decomposition/SOFTWARE_DECOMP.md#DEC-028","projects/chirality-piping/execution/PKG-02_Domain Model, Units, and Core Schemas/1_Working/DEL-02-05_Project persistence and round-trip serialization/ScopeOfWork.md#REQ-02-05-021 (physical .opsproj/versioning cross-reference proposed); TM-PIP-043 (deferred decision attention only; governing source retained)","Report-generator SOW does not govern container policy. DEL-02-05 REQ-02-05-021 retains compatibility-window TBD, but exact .opsproj versioning boundary needs receiving amendment; source retained.",PENDING,NONE,HOLD_PENDING_DISPOSITION_AND_DESTINATION_BACKCHECK
DEL-08-02:NONE,PINNED_2026-09-22_CENSUS,DEL-08-02,PKG-08,IN_PROGRESS,NONE,NONE — no item recorded; not evidence of completion,"projects/chirality-piping/execution/PKG-08_Reporting, Audit, and Reproducibility/1_Working/DEL-08-02_Audit manifest and model hash/_STATUS.md",f82cfa297af2086e76bf380485fe2bead52c23fb71177c22af86314c662dff52,No current task was recorded in the historical census; this is no completion or acceptance finding.,NO_CURRENT_TASK_MARKER,"projects/chirality-piping/execution/PKG-08_Reporting, Audit, and Reproducibility/1_Working/DEL-08-02_Audit manifest and model hash/_STATUS.md#Remaining; projects/chirality-piping/execution/PKG-08_Reporting, Audit, and Reproducibility/1_Working/DEL-08-02_Audit manifest and model hash/ScopeOfWork.md","projects/chirality-piping/execution/PKG-08_Reporting, Audit, and Reproducibility/1_Working/DEL-08-02_Audit manifest and model hash/ScopeOfWork.md",No live task or surviving meaning in source section; governing form and lifecycle/history retained. See APPLIED_ROW_LEDGER.csv.,OWNER_CONDITIONAL_GROUP_TREATMENT_APPROVED_2026-09-22,EMPTY_REMAINING_HEADING_REMOVED;LIFECYCLE_HISTORY_UNCHANGED,APPLIED_VERIFIED_NO_TASK_TO_TRANSFER
DEL-08-03:NONE,PINNED_2026-09-22_CENSUS,DEL-08-03,PKG-08,IN_PROGRESS,NONE,NONE — no item recorded; not evidence of completion,"projects/chirality-piping/execution/PKG-08_Reporting, Audit, and Reproducibility/1_Working/DEL-08-03_Warnings, assumptions, and provenance report section/_STATUS.md",92a043df2cca31335fda773056638648aae073d69cf822fd1885f5ddef9f3088,No current task was recorded in the historical census; this is no completion or acceptance finding.,NO_CURRENT_TASK_MARKER,"projects/chirality-piping/execution/PKG-08_Reporting, Audit, and Reproducibility/1_Working/DEL-08-03_Warnings, assumptions, and provenance report section/_STATUS.md#Remaining; projects/chirality-piping/execution/PKG-08_Reporting, Audit, and Reproducibility/1_Working/DEL-08-03_Warnings, assumptions, and provenance report section/ScopeOfWork.md","projects/chirality-piping/execution/PKG-08_Reporting, Audit, and Reproducibility/1_Working/DEL-08-03_Warnings, assumptions, and provenance report section/ScopeOfWork.md",No live task or surviving meaning in source section; governing form and lifecycle/history retained. See APPLIED_ROW_LEDGER.csv.,OWNER_CONDITIONAL_GROUP_TREATMENT_APPROVED_2026-09-22,EMPTY_REMAINING_HEADING_REMOVED;LIFECYCLE_HISTORY_UNCHANGED,APPLIED_VERIFIED_NO_TASK_TO_TRANSFER
DEL-08-04:1,PINNED_2026-09-22_CENSUS,DEL-08-04,PKG-08,IN_PROGRESS,1,"- SCA-011 interface follow-through: Bind comparison mapping/export round trips to the accepted version of the DEL-14-05 interface before claiming comparison-envelope conformance. Preserve source identity, diagnostics, units, raw rows, unmatched records, hashes and professional boundaries.","projects/chirality-piping/execution/PKG-08_Reporting, Audit, and Reproducibility/1_Working/DEL-08-04_Result export format/_STATUS.md",615e6b5b1541de9853d4e386b6dfeb77929093be993d6875894a986e045be88c,"SCA-011 interface follow-through: Bind comparison mapping/export round trips to the accepted version of the DEL-14-05 interface before claiming comparison-envelope conformance. Preserve source identity, diagnostics, units, raw rows, unmatched records, hashes and professional boundaries.",GOVERNING_SCOPE_CANDIDATE_WITH_UNFINISHED_WITNESS,"projects/chirality-piping/execution/PKG-08_Reporting, Audit, and Reproducibility/1_Working/DEL-08-04_Result export format/_STATUS.md#Remaining; projects/chirality-piping/execution/PKG-08_Reporting, Audit, and Reproducibility/1_Working/DEL-08-04_Result export format/ScopeOfWork.md; named refs: SCA-011","projects/chirality-piping/execution/PKG-08_Reporting, Audit, and Reproducibility/1_Working/DEL-08-04_Result export format/ScopeOfWork.md",Existing governing form; specific surviving meaning requires human review before source removal,PENDING,NONE,HOLD_PENDING_DISPOSITION_AND_DESTINATION_BACKCHECK
DEL-08-04:2,PINNED_2026-09-22_CENSUS,DEL-08-04,PKG-08,IN_PROGRESS,2,- Add remaining target-format unit-conversion witnesses outside the already-covered export boundaries (residual hardening) (source: PRD plan §3 Phase B-tail row / FR-002),"projects/chirality-piping/execution/PKG-08_Reporting, Audit, and Reproducibility/1_Working/DEL-08-04_Result export format/_STATUS.md",615e6b5b1541de9853d4e386b6dfeb77929093be993d6875894a986e045be88c,Add remaining target-format unit-conversion witnesses outside the already-covered export boundaries (residual hardening) (source: PRD plan §3 Phase B-tail row / FR-002),GOVERNING_SCOPE_CANDIDATE_WITH_UNFINISHED_WITNESS,"projects/chirality-piping/execution/PKG-08_Reporting, Audit, and Reproducibility/1_Working/DEL-08-04_Result export format/_STATUS.md#Remaining; projects/chirality-piping/execution/PKG-08_Reporting, Audit, and Reproducibility/1_Working/DEL-08-04_Result export format/ScopeOfWork.md; named refs: FR-002","projects/chirality-piping/execution/PKG-08_Reporting, Audit, and Reproducibility/1_Working/DEL-08-04_Result export format/ScopeOfWork.md",Existing governing form; specific surviving meaning requires human review before source removal,PENDING,NONE,HOLD_PENDING_DISPOSITION_AND_DESTINATION_BACKCHECK
DEL-08-05:1,PINNED_2026-09-22_CENSUS,DEL-08-05,PKG-08,IN_PROGRESS,1,- Bind report-linter enforcement to any future adapter/plugin runtime and preserve release-candidate owner sign-off; the current adapter declaration gate supplies no runtime or release assurance.,"projects/chirality-piping/execution/PKG-08_Reporting, Audit, and Reproducibility/1_Working/DEL-08-05_Report protected-content linter/_STATUS.md",57d4222d0a55b38e71367699076d4bd7824f6bb5ea01ca30100be80ac3d74e16,Bind report-linter enforcement to any future adapter/plugin runtime and preserve release-candidate owner sign-off; the current adapter declaration gate supplies no runtime or release assurance.,GOVERNING_SCOPE_CANDIDATE_WITH_UNFINISHED_WITNESS,"projects/chirality-piping/execution/PKG-08_Reporting, Audit, and Reproducibility/1_Working/DEL-08-05_Report protected-content linter/_STATUS.md#Remaining; projects/chirality-piping/execution/PKG-08_Reporting, Audit, and Reproducibility/1_Working/DEL-08-05_Report protected-content linter/ScopeOfWork.md","projects/chirality-piping/execution/PKG-08_Reporting, Audit, and Reproducibility/1_Working/DEL-08-05_Report protected-content linter/ScopeOfWork.md",Existing governing form; specific surviving meaning requires human review before source removal,PENDING,NONE,HOLD_PENDING_DISPOSITION_AND_DESTINATION_BACKCHECK
DEL-08-05:2,PINNED_2026-09-22_CENSUS,DEL-08-05,PKG-08,IN_PROGRESS,2,"- Execute the AC-1–AC-6 release-candidate scan act with owner sign-off — tooling landed (TP-E7-SCANEXT-001, PR #152: unsigned scan-record emitter); the recorded scan of a real candidate, finding dispositions, and sign-off remain owner-only; validation/evidence/releases/ still absent (gated: owner sole signatory per DEC-058; stage-gated: first release candidate) (source: PRD plan §3 E7 row / DEC-058 / TP-E7-SCANEXT-001)","projects/chirality-piping/execution/PKG-08_Reporting, Audit, and Reproducibility/1_Working/DEL-08-05_Report protected-content linter/_STATUS.md",57d4222d0a55b38e71367699076d4bd7824f6bb5ea01ca30100be80ac3d74e16,"Execute the AC-1–AC-6 release-candidate scan act with owner sign-off — tooling landed (TP-E7-SCANEXT-001, PR #152: unsigned scan-record emitter); the recorded scan of a real candidate, finding dispositions, and sign-off remain owner-only; validation/evidence/releases/ still absent (gated: owner sole…",OWNING_POLICY_OR_HUMAN_DECISION_PENDING;SCOPE_RETAINED,"projects/chirality-piping/execution/PKG-08_Reporting, Audit, and Reproducibility/1_Working/DEL-08-05_Report protected-content linter/_STATUS.md#Remaining; projects/chirality-piping/execution/PKG-08_Reporting, Audit, and Reproducibility/1_Working/DEL-08-05_Report protected-content linter/ScopeOfWork.md; named refs: DEC-058","projects/chirality-piping/execution/PKG-08_Reporting, Audit, and Reproducibility/1_Working/DEL-08-05_Report protected-content linter/ScopeOfWork.md",Decision needed at named owner boundary; no policy value or approval inferred,PENDING,NONE,HOLD_PENDING_DISPOSITION_AND_DESTINATION_BACKCHECK
DEL-08-06:1,PINNED_2026-09-22_CENSUS,DEL-08-06,PKG-08,IN_PROGRESS,1,"- Complete remaining producer bindings outside the landed desktop state/run and comparison report-package seam, including solver/rule-check, handoff/adapter, rendered-report/export and external or non-JSON payload partitioning work. The bounded state/run and comparison binding has implementation evidence in `apps/desktop/src/features/report/reportPackageRequest.ts`, `stateComparisonHandoffSections.ts` beside it, and `core/reporting/report_package/src/lib.rs`. It does not close the other producer or partitioning residuals.","projects/chirality-piping/execution/PKG-08_Reporting, Audit, and Reproducibility/1_Working/DEL-08-06_State, comparison, and handoff report sections/_STATUS.md",96cd313237daef229a31f634772138516e0111175c438c7510f1a2ff1e3165dc,"Complete remaining producer bindings outside the landed desktop state/run and comparison report-package seam, including solver/rule-check, handoff/adapter, rendered-report/export and external or non-JSON payload partitioning work. The bounded state/run and comparison binding has implementation evidence in…",GOVERNING_SCOPE_CANDIDATE_WITH_UNFINISHED_WITNESS,"projects/chirality-piping/execution/PKG-08_Reporting, Audit, and Reproducibility/1_Working/DEL-08-06_State, comparison, and handoff report sections/_STATUS.md#Remaining; projects/chirality-piping/execution/PKG-08_Reporting, Audit, and Reproducibility/1_Working/DEL-08-06_State, comparison, and handoff report sections/ScopeOfWork.md","projects/chirality-piping/execution/PKG-08_Reporting, Audit, and Reproducibility/1_Working/DEL-08-06_State, comparison, and handoff report sections/ScopeOfWork.md",Existing governing form; specific surviving meaning requires human review before source removal,PENDING,NONE,HOLD_PENDING_DISPOSITION_AND_DESTINATION_BACKCHECK
DEL-08-06:2,PINNED_2026-09-22_CENSUS,DEL-08-06,PKG-08,IN_PROGRESS,2,"- R5 retained delivery 2026-09-22 — DEL-08-06: retain claim-specific candidate-bound assembly checks and scoped protected/private-content review; source/test existence is not a result or whole-report acceptance. Claim refs: `DEL-08-06:SOW#CLM-014`, `DEL-08-06:SOW#CLM-022.r01`, `DEL-08-06:SOW#CLM-022.r02`, `DEL-08-06:SOW#CLM-022.r03`, `DEL-08-06:SOW#CLM-022.r04`, `DEL-08-06:SOW#CLM-022.r05`, `DEL-08-06:SOW#CLM-022.r06`, `DEL-08-06:SOW#CLM-022.r07`.","projects/chirality-piping/execution/PKG-08_Reporting, Audit, and Reproducibility/1_Working/DEL-08-06_State, comparison, and handoff report sections/_STATUS.md",96cd313237daef229a31f634772138516e0111175c438c7510f1a2ff1e3165dc,"R5 retained delivery 2026-09-22 — DEL-08-06: retain claim-specific candidate-bound assembly checks and scoped protected/private-content review; source/test existence is not a result or whole-report acceptance. Claim refs: `DEL-08-06:SOW#CLM-014`, `DEL-08-06:SOW#CLM-022.r01`, `DEL-08-06:SOW#CLM-022.r02`,…",GOVERNING_SCOPE_CANDIDATE_WITH_UNFINISHED_WITNESS,"projects/chirality-piping/execution/PKG-08_Reporting, Audit, and Reproducibility/1_Working/DEL-08-06_State, comparison, and handoff report sections/_STATUS.md#Remaining; projects/chirality-piping/execution/PKG-08_Reporting, Audit, and Reproducibility/1_Working/DEL-08-06_State, comparison, and handoff report sections/ScopeOfWork.md; named refs: CLM-014, CLM-022.r01, CLM-022.r02, CLM-022.r03, CLM-022.r04, CLM-022.r05, CLM-022.r06, CLM-022.r07","projects/chirality-piping/execution/PKG-08_Reporting, Audit, and Reproducibility/1_Working/DEL-08-06_State, comparison, and handoff report sections/ScopeOfWork.md",Existing governing form; specific surviving meaning requires human review before source removal,PENDING,NONE,HOLD_PENDING_DISPOSITION_AND_DESTINATION_BACKCHECK
DEL-09-01:1,PINNED_2026-09-22_CENSUS,DEL-09-01,PKG-09,IN_PROGRESS,1,"- Keep PDU-037's dedicated provenance/redistribution index, release integration, and acceptance thresholds open. The suite-to-headless observation binding is now bounded implementation evidence only; it does not select the still-open public result-comparison number or close validation/release gates.","projects/chirality-piping/execution/PKG-09_Verification, Validation, and Quality Oracles/1_Working/DEL-09-01_Mechanics benchmark suite/_STATUS.md",d8dd0f898468a37ec7a9fe7d70d430ea36128e1c9a8637d0239c48349534b973,"Keep PDU-037's dedicated provenance/redistribution index, release integration, and acceptance thresholds open. The suite-to-headless observation binding is now bounded implementation evidence only; it does not select the still-open public result-comparison number or close validation/release gates.",PDU_HOLD;GOVERNING_SCOPE_RETAINED,"projects/chirality-piping/execution/PKG-09_Verification, Validation, and Quality Oracles/1_Working/DEL-09-01_Mechanics benchmark suite/_STATUS.md#Remaining; projects/chirality-piping/execution/PKG-09_Verification, Validation, and Quality Oracles/1_Working/DEL-09-01_Mechanics benchmark suite/ScopeOfWork.md; named refs: PDU-037","projects/chirality-piping/execution/PKG-09_Verification, Validation, and Quality Oracles/1_Working/DEL-09-01_Mechanics benchmark suite/ScopeOfWork.md",Preserve protected verification/validation or owner gate at claim source,PENDING,NONE,HOLD_PENDING_DISPOSITION_AND_DESTINATION_BACKCHECK
DEL-09-01:2,PINNED_2026-09-22_CENSUS,DEL-09-01,PKG-09,IN_PROGRESS,2,"- Complete RQ-004 project-grain unit-system binding and rerun the mechanics benchmarks against that basis. DEC-018 accepted the canonical unit catalog and conversion constants on 2026-06-10; the current fixture-local evidence alone does not establish project-grain acceptance. Preserve upstream DEL-02-02 binding holds and existing tolerance/validation authority. Evidence: `core/units/README.md`, `validation/benchmarks/mechanics/src/lib.rs::FIXTURE_UNIT_BASIS` and `_run_records/WORKING_ITEMS_RUN_2026-07-12_D41-R5-T2B-PDU013.md`.","projects/chirality-piping/execution/PKG-09_Verification, Validation, and Quality Oracles/1_Working/DEL-09-01_Mechanics benchmark suite/_STATUS.md",d8dd0f898468a37ec7a9fe7d70d430ea36128e1c9a8637d0239c48349534b973,Complete RQ-004 project-grain unit-system binding and rerun the mechanics benchmarks against that basis. DEC-018 accepted the canonical unit catalog and conversion constants on 2026-06-10; the current fixture-local evidence alone does not establish project-grain acceptance. Preserve upstream DEL-02-02…,GOVERNING_SCOPE_CANDIDATE_WITH_UNFINISHED_WITNESS,"projects/chirality-piping/execution/PKG-09_Verification, Validation, and Quality Oracles/1_Working/DEL-09-01_Mechanics benchmark suite/_STATUS.md#Remaining; projects/chirality-piping/execution/PKG-09_Verification, Validation, and Quality Oracles/1_Working/DEL-09-01_Mechanics benchmark suite/ScopeOfWork.md; named refs: DEC-018","projects/chirality-piping/execution/PKG-09_Verification, Validation, and Quality Oracles/1_Working/DEL-09-01_Mechanics benchmark suite/ScopeOfWork.md",Existing governing form; specific surviving meaning requires human review before source removal,PENDING,NONE,HOLD_PENDING_DISPOSITION_AND_DESTINATION_BACKCHECK
DEL-09-01:3,PINNED_2026-09-22_CENSUS,DEL-09-01,PKG-09,IN_PROGRESS,3,- Complete the PRD §16.2 benchmark evidence system named residual by the conditional R4 gate (see also DEL-09-04 for §16.5) (source: PRD plan §3 D9 exit-refresh row / DEC-054),"projects/chirality-piping/execution/PKG-09_Verification, Validation, and Quality Oracles/1_Working/DEL-09-01_Mechanics benchmark suite/_STATUS.md",d8dd0f898468a37ec7a9fe7d70d430ea36128e1c9a8637d0239c48349534b973,Complete the PRD §16.2 benchmark evidence system named residual by the conditional R4 gate (see also DEL-09-04 for §16.5) (source: PRD plan §3 D9 exit-refresh row / DEC-054),GOVERNING_SCOPE_CANDIDATE_WITH_UNFINISHED_WITNESS,"projects/chirality-piping/execution/PKG-09_Verification, Validation, and Quality Oracles/1_Working/DEL-09-01_Mechanics benchmark suite/_STATUS.md#Remaining; projects/chirality-piping/execution/PKG-09_Verification, Validation, and Quality Oracles/1_Working/DEL-09-01_Mechanics benchmark suite/ScopeOfWork.md; named refs: DEC-054","projects/chirality-piping/execution/PKG-09_Verification, Validation, and Quality Oracles/1_Working/DEL-09-01_Mechanics benchmark suite/ScopeOfWork.md",Existing governing form; specific surviving meaning requires human review before source removal,PENDING,NONE,HOLD_PENDING_DISPOSITION_AND_DESTINATION_BACKCHECK
DEL-09-01:4,PINNED_2026-09-22_CENSUS,DEL-09-01,PKG-09,IN_PROGRESS,4,"- Obtain the owning human disposition for `PKG09-0901-PKG02-001`; preserve `TECHNICALLY_ADDRESSED_PENDING_HUMAN` and `HumanDisposition=TBD` until that act occurs, and do not infer formal closure from the implemented fixture-local unit evidence (PDU-060).","projects/chirality-piping/execution/PKG-09_Verification, Validation, and Quality Oracles/1_Working/DEL-09-01_Mechanics benchmark suite/_STATUS.md",d8dd0f898468a37ec7a9fe7d70d430ea36128e1c9a8637d0239c48349534b973,"Obtain the owning human disposition for `PKG09-0901-PKG02-001`; preserve `TECHNICALLY_ADDRESSED_PENDING_HUMAN` and `HumanDisposition=TBD` until that act occurs, and do not infer formal closure from the implemented fixture-local unit evidence (PDU-060).",HUMAN_REVIEW_DISPOSITION_PENDING;TECHNICAL_SCOPE_RETAINED,"projects/chirality-piping/execution/PKG-09_Verification, Validation, and Quality Oracles/1_Working/DEL-09-01_Mechanics benchmark suite/_STATUS.md#Remaining; projects/chirality-piping/execution/PKG-09_Verification, Validation, and Quality Oracles/1_Working/DEL-09-01_Mechanics benchmark suite/ScopeOfWork.md; named refs: PDU-060","projects/chirality-piping/execution/PKG-09_Verification, Validation, and Quality Oracles/1_Working/DEL-09-01_Mechanics benchmark suite/ScopeOfWork.md; TM-PIP-046 (deferred decision attention only; governing source retained)",RF/dependency HumanDisposition=TBD; no formal closure or scope deletion,PENDING,NONE,HOLD_PENDING_DISPOSITION_AND_DESTINATION_BACKCHECK
DEL-09-01:5,PINNED_2026-09-22_CENSUS,DEL-09-01,PKG-09,IN_PROGRESS,5,- R5 retained delivery 2026-09-22 — DEL-09-01: complete the dedicated provenance index and unit-catalog/conversion binding witness; retain unmeasured per-kind tolerance and external-validation acceptance gates. Claim refs: `DEL-09-01:SOW#CLM-016`.,"projects/chirality-piping/execution/PKG-09_Verification, Validation, and Quality Oracles/1_Working/DEL-09-01_Mechanics benchmark suite/_STATUS.md",d8dd0f898468a37ec7a9fe7d70d430ea36128e1c9a8637d0239c48349534b973,R5 retained delivery 2026-09-22 — DEL-09-01: complete the dedicated provenance index and unit-catalog/conversion binding witness; retain unmeasured per-kind tolerance and external-validation acceptance gates. Claim refs: `DEL-09-01:SOW#CLM-016`.,GOVERNING_SCOPE_CANDIDATE_WITH_UNFINISHED_WITNESS,"projects/chirality-piping/execution/PKG-09_Verification, Validation, and Quality Oracles/1_Working/DEL-09-01_Mechanics benchmark suite/_STATUS.md#Remaining; projects/chirality-piping/execution/PKG-09_Verification, Validation, and Quality Oracles/1_Working/DEL-09-01_Mechanics benchmark suite/ScopeOfWork.md; named refs: CLM-016","projects/chirality-piping/execution/PKG-09_Verification, Validation, and Quality Oracles/1_Working/DEL-09-01_Mechanics benchmark suite/ScopeOfWork.md",Existing governing form; specific surviving meaning requires human review before source removal,PENDING,NONE,HOLD_PENDING_DISPOSITION_AND_DESTINATION_BACKCHECK
DEL-09-02:1,PINNED_2026-09-22_CENSUS,DEL-09-02,PKG-09,IN_PROGRESS,1,"- Keep final stress tolerance, release-threshold, publication and professional-reliance choices open. DEC-018 already rules the canonical conversion basis; it does not establish benchmark binding or acceptance. DEC-025 rules the commit-bound evidence-sweep merge-gate posture, with later surface-specific amendments in the decision register; it does not settle stress release thresholds, release authority or publication. PDU-039's result-envelope witness and `validation/benchmarks/stress/src/lib.rs::STRESS_BENCHMARK_READINESS_BOUNDARY` remain verification evidence only.","projects/chirality-piping/execution/PKG-09_Verification, Validation, and Quality Oracles/1_Working/DEL-09-02_Stress recovery benchmark suite/_STATUS.md",6ad05866d90f6fca590e83def3e105ff7a4fc2a62e96df2f649b2be9118cd042,"Keep final stress tolerance, release-threshold, publication and professional-reliance choices open. DEC-018 already rules the canonical conversion basis; it does not establish benchmark binding or acceptance. DEC-025 rules the commit-bound evidence-sweep merge-gate posture, with later surface-specific…",OWNING_POLICY_OR_HUMAN_DECISION_PENDING;SCOPE_RETAINED,"projects/chirality-piping/execution/PKG-09_Verification, Validation, and Quality Oracles/1_Working/DEL-09-02_Stress recovery benchmark suite/_STATUS.md#Remaining; projects/chirality-piping/execution/PKG-09_Verification, Validation, and Quality Oracles/1_Working/DEL-09-02_Stress recovery benchmark suite/ScopeOfWork.md; named refs: DEC-018, DEC-025, PDU-039","projects/chirality-piping/execution/PKG-09_Verification, Validation, and Quality Oracles/1_Working/DEL-09-02_Stress recovery benchmark suite/ScopeOfWork.md",Decision needed at named owner boundary; no policy value or approval inferred,PENDING,NONE,HOLD_PENDING_DISPOSITION_AND_DESTINATION_BACKCHECK
DEL-09-03:1,PINNED_2026-09-22_CENSUS,DEL-09-03,PKG-09,IN_PROGRESS,1,"- Obtain owning human dispositions for `PKG09-0903-PKG02-001` and `PKG09-0903-PKG02-002`; both remain `TECHNICALLY_ADDRESSED_PENDING_HUMAN` with `HumanDisposition=TBD`, and provenance/unit evidence does not formally close them (PDU-060).","projects/chirality-piping/execution/PKG-09_Verification, Validation, and Quality Oracles/1_Working/DEL-09-03_Nonlinear support regression suite/_STATUS.md",2f6fffc5f3cd6ff33d9225168e65654fee94833ad762b9e61b8c9bcf1afa5543,"Obtain owning human dispositions for `PKG09-0903-PKG02-001` and `PKG09-0903-PKG02-002`; both remain `TECHNICALLY_ADDRESSED_PENDING_HUMAN` with `HumanDisposition=TBD`, and provenance/unit evidence does not formally close them (PDU-060).",HUMAN_REVIEW_DISPOSITION_PENDING;TECHNICAL_SCOPE_RETAINED,"projects/chirality-piping/execution/PKG-09_Verification, Validation, and Quality Oracles/1_Working/DEL-09-03_Nonlinear support regression suite/_STATUS.md#Remaining; projects/chirality-piping/execution/PKG-09_Verification, Validation, and Quality Oracles/1_Working/DEL-09-03_Nonlinear support regression suite/ScopeOfWork.md; named refs: PDU-060","projects/chirality-piping/execution/PKG-09_Verification, Validation, and Quality Oracles/1_Working/DEL-09-03_Nonlinear support regression suite/ScopeOfWork.md; TM-PIP-046 (deferred decision attention only; governing source retained)",RF/dependency HumanDisposition=TBD; no formal closure or scope deletion,PENDING,NONE,HOLD_PENDING_DISPOSITION_AND_DESTINATION_BACKCHECK
DEL-09-04:1,PINNED_2026-09-22_CENSUS,DEL-09-04,PKG-09,IN_PROGRESS,1,- Complete owner/maintainer review and MAINTAINER_REVIEWED promotion of the validation-manual case pages. Runner benchmark/regression and export-results report-package payload bindings are landed evidence; export-results is not a remaining runner stub (see `core/runner/headless/src/bin/openpipestress-runner.rs` and `validation/witness/generated/del1005_export_results_*.json`). DEC-080 establishes the evidence-bundle home `validation/evidence/reproduction/<run-id>/`; binding witnesses do not promote case-page review or engineering validation.,"projects/chirality-piping/execution/PKG-09_Verification, Validation, and Quality Oracles/1_Working/DEL-09-04_Validation manual skeleton/_STATUS.md",0ae4fa9cf2e2b506e19f0b6f8836e1ceba309c057680e44d8f042acd8421e889,Complete owner/maintainer review and MAINTAINER_REVIEWED promotion of the validation-manual case pages. Runner benchmark/regression and export-results report-package payload bindings are landed evidence; export-results is not a remaining runner stub (see…,GOVERNING_SCOPE_CANDIDATE_WITH_UNFINISHED_WITNESS,"projects/chirality-piping/execution/PKG-09_Verification, Validation, and Quality Oracles/1_Working/DEL-09-04_Validation manual skeleton/_STATUS.md#Remaining; projects/chirality-piping/execution/PKG-09_Verification, Validation, and Quality Oracles/1_Working/DEL-09-04_Validation manual skeleton/ScopeOfWork.md; named refs: DEC-080","projects/chirality-piping/execution/PKG-09_Verification, Validation, and Quality Oracles/1_Working/DEL-09-04_Validation manual skeleton/ScopeOfWork.md",Existing governing form; specific surviving meaning requires human review before source removal,PENDING,NONE,HOLD_PENDING_DISPOSITION_AND_DESTINATION_BACKCHECK
DEL-09-04:2,PINNED_2026-09-22_CENSUS,DEL-09-04,PKG-09,IN_PROGRESS,2,"- Select final public-benchmark result-comparison values after the ruled V-D measurement/design derivative; DEC-046 C-B nonlinear convergence values are recorded at release scope as policy only (`0 count` relative field, `0 count` absolute floor, cap `4` for all five classes, inclusive final changed-support count zero), not as a release act (source: owner rulings 2026-08-11 / `HELP-HUMAN-PIPING-20260810-DEL0904-OWNER-GATES`)","projects/chirality-piping/execution/PKG-09_Verification, Validation, and Quality Oracles/1_Working/DEL-09-04_Validation manual skeleton/_STATUS.md",0ae4fa9cf2e2b506e19f0b6f8836e1ceba309c057680e44d8f042acd8421e889,"Select final public-benchmark result-comparison values after the ruled V-D measurement/design derivative; DEC-046 C-B nonlinear convergence values are recorded at release scope as policy only (`0 count` relative field, `0 count` absolute floor, cap `4` for all five classes, inclusive final changed-support…",OWNING_POLICY_OR_HUMAN_DECISION_PENDING;SCOPE_RETAINED,"projects/chirality-piping/execution/PKG-09_Verification, Validation, and Quality Oracles/1_Working/DEL-09-04_Validation manual skeleton/_STATUS.md#Remaining; projects/chirality-piping/execution/PKG-09_Verification, Validation, and Quality Oracles/1_Working/DEL-09-04_Validation manual skeleton/ScopeOfWork.md; named refs: DEC-046","projects/chirality-piping/execution/PKG-09_Verification, Validation, and Quality Oracles/1_Working/DEL-09-04_Validation manual skeleton/ScopeOfWork.md",Decision needed at named owner boundary; no policy value or approval inferred,PENDING,NONE,HOLD_PENDING_DISPOSITION_AND_DESTINATION_BACKCHECK
DEL-09-05:1,PINNED_2026-09-22_CENSUS,DEL-09-05,PKG-09,IN_PROGRESS,1,"- Restrict release labels to maturity/evidence vocabulary with no reliance/compliance language (gated: PB-TBD-003, human) (see also DEL-01-04) (source: PRD plan §3 E8 row / RGAP-007)","projects/chirality-piping/execution/PKG-09_Verification, Validation, and Quality Oracles/1_Working/DEL-09-05_Release quality gate checklist/_STATUS.md",c9e65ba504ba3e812f5006cda6840528a46a741326144b56c6f4ea3b526c2e8e,"Restrict release labels to maturity/evidence vocabulary with no reliance/compliance language (gated: PB-TBD-003, human) (see also DEL-01-04) (source: PRD plan §3 E8 row / RGAP-007)",OWNING_POLICY_OR_HUMAN_DECISION_PENDING;SCOPE_RETAINED,"projects/chirality-piping/execution/PKG-09_Verification, Validation, and Quality Oracles/1_Working/DEL-09-05_Release quality gate checklist/_STATUS.md#Remaining; projects/chirality-piping/execution/PKG-09_Verification, Validation, and Quality Oracles/1_Working/DEL-09-05_Release quality gate checklist/ScopeOfWork.md","projects/chirality-piping/execution/PKG-09_Verification, Validation, and Quality Oracles/1_Working/DEL-09-05_Release quality gate checklist/ScopeOfWork.md",Decision needed at named owner boundary; no policy value or approval inferred,PENDING,NONE,HOLD_PENDING_DISPOSITION_AND_DESTINATION_BACKCHECK
DEL-09-05:2,PINNED_2026-09-22_CENSUS,DEL-09-05,PKG-09,IN_PROGRESS,2,- Propose coverage-floor promotion once ≥5 clean-head telemetry artifacts span ≥2 commits per lane (gated: new D-XX row per DEC-060) (source: DEC-060 / Receipt 7),"projects/chirality-piping/execution/PKG-09_Verification, Validation, and Quality Oracles/1_Working/DEL-09-05_Release quality gate checklist/_STATUS.md",c9e65ba504ba3e812f5006cda6840528a46a741326144b56c6f4ea3b526c2e8e,Propose coverage-floor promotion once ≥5 clean-head telemetry artifacts span ≥2 commits per lane (gated: new D-XX row per DEC-060) (source: DEC-060 / Receipt 7),OWNING_POLICY_OR_HUMAN_DECISION_PENDING;SCOPE_RETAINED,"projects/chirality-piping/execution/PKG-09_Verification, Validation, and Quality Oracles/1_Working/DEL-09-05_Release quality gate checklist/_STATUS.md#Remaining; projects/chirality-piping/execution/PKG-09_Verification, Validation, and Quality Oracles/1_Working/DEL-09-05_Release quality gate checklist/ScopeOfWork.md; named refs: DEC-060","projects/chirality-piping/execution/PKG-09_Verification, Validation, and Quality Oracles/1_Working/DEL-09-05_Release quality gate checklist/ScopeOfWork.md",Decision needed at named owner boundary; no policy value or approval inferred,PENDING,NONE,HOLD_PENDING_DISPOSITION_AND_DESTINATION_BACKCHECK
DEL-09-05:3,PINNED_2026-09-22_CENSUS,DEL-09-05,PKG-09,IN_PROGRESS,3,"- No issuance-wave packet preparation is presently actionable under this item: D-40/DEC-072 returned the only CHECKING deliverables to IN_PROGRESS, and the reconciliation census has no CHECKING candidate. Any future candidate requires its own declared checking basis, evidence and owner lifecycle act; DEC-062's issuance evidence bar remains applicable. DEL-01-01 remains the untouched ISSUED baseline.","projects/chirality-piping/execution/PKG-09_Verification, Validation, and Quality Oracles/1_Working/DEL-09-05_Release quality gate checklist/_STATUS.md",c9e65ba504ba3e812f5006cda6840528a46a741326144b56c6f4ea3b526c2e8e,"No issuance-wave packet preparation is presently actionable under this item: D-40/DEC-072 returned the only CHECKING deliverables to IN_PROGRESS, and the reconciliation census has no CHECKING candidate. Any future candidate requires its own declared checking basis, evidence and owner lifecycle act;…",RECORDED_BOUNDED_RESULT;PRESERVE_SURVIVING_LIMITS,"projects/chirality-piping/execution/PKG-09_Verification, Validation, and Quality Oracles/1_Working/DEL-09-05_Release quality gate checklist/_STATUS.md#Remaining; projects/chirality-piping/execution/PKG-09_Verification, Validation, and Quality Oracles/1_Working/DEL-09-05_Release quality gate checklist/ScopeOfWork.md; named refs: D-40, DEC-062, DEC-072","projects/chirality-piping/execution/PKG-09_Verification, Validation, and Quality Oracles/1_Working/DEL-09-05_Release quality gate checklist/ScopeOfWork.md","Past result is historical evidence, not whole-deliverable closure; retain any explicit residual in governing form",PENDING,NONE,HOLD_PENDING_DISPOSITION_AND_DESTINATION_BACKCHECK
DEL-10-01:1,PINNED_2026-09-22_CENSUS,DEL-10-01,PKG-10,IN_PROGRESS,1,- Register any selected model-creation/load-case or persisted-report public API families and explicit invalid-input encoding separately; the T4 backend workflow grain is not a new public API family.,"projects/chirality-piping/execution/PKG-10_Build, Packaging, API, and Interoperability/1_Working/DEL-10-01_Public API and plugin boundary/_STATUS.md",cd256cb4185de214d62eb957dea0b42e8d7fa5253fb924644ec4fb6c2f6a251b,Register any selected model-creation/load-case or persisted-report public API families and explicit invalid-input encoding separately; the T4 backend workflow grain is not a new public API family.,GOVERNING_SCOPE_CANDIDATE_WITH_UNFINISHED_WITNESS,"projects/chirality-piping/execution/PKG-10_Build, Packaging, API, and Interoperability/1_Working/DEL-10-01_Public API and plugin boundary/_STATUS.md#Remaining; projects/chirality-piping/execution/PKG-10_Build, Packaging, API, and Interoperability/1_Working/DEL-10-01_Public API and plugin boundary/ScopeOfWork.md","projects/chirality-piping/execution/PKG-10_Build, Packaging, API, and Interoperability/1_Working/DEL-10-01_Public API and plugin boundary/ScopeOfWork.md",Existing governing form; specific surviving meaning requires human review before source removal,PENDING,NONE,HOLD_PENDING_DISPOSITION_AND_DESTINATION_BACKCHECK
DEL-10-01:2,PINNED_2026-09-22_CENSUS,DEL-10-01,PKG-10,IN_PROGRESS,2,- Obtain the owning human disposition for `PKG10-DEL1001-PKG02-W001`; preserve `TECHNICALLY_ADDRESSED_PENDING_HUMAN` and `HumanDisposition=TBD` despite the implemented dependency-traceability evidence (PDU-060).,"projects/chirality-piping/execution/PKG-10_Build, Packaging, API, and Interoperability/1_Working/DEL-10-01_Public API and plugin boundary/_STATUS.md",cd256cb4185de214d62eb957dea0b42e8d7fa5253fb924644ec4fb6c2f6a251b,Obtain the owning human disposition for `PKG10-DEL1001-PKG02-W001`; preserve `TECHNICALLY_ADDRESSED_PENDING_HUMAN` and `HumanDisposition=TBD` despite the implemented dependency-traceability evidence (PDU-060).,HUMAN_REVIEW_DISPOSITION_PENDING;TECHNICAL_SCOPE_RETAINED,"projects/chirality-piping/execution/PKG-10_Build, Packaging, API, and Interoperability/1_Working/DEL-10-01_Public API and plugin boundary/_STATUS.md#Remaining; projects/chirality-piping/execution/PKG-10_Build, Packaging, API, and Interoperability/1_Working/DEL-10-01_Public API and plugin boundary/ScopeOfWork.md; named refs: PDU-060","projects/chirality-piping/execution/PKG-10_Build, Packaging, API, and Interoperability/1_Working/DEL-10-01_Public API and plugin boundary/ScopeOfWork.md; TM-PIP-046 (deferred decision attention only; governing source retained)",RF/dependency HumanDisposition=TBD; no formal closure or scope deletion,PENDING,NONE,HOLD_PENDING_DISPOSITION_AND_DESTINATION_BACKCHECK
DEL-10-02:1,PINNED_2026-09-22_CENSUS,DEL-10-02,PKG-10,IN_PROGRESS,1,- Concrete rule/report adapter runtime hooks remain unselected; the T4 persisted-record reader is not adapter dispatch and does not close runtime or end-to-end interop.,"projects/chirality-piping/execution/PKG-10_Build, Packaging, API, and Interoperability/1_Working/DEL-10-02_Import-export adapter framework/_STATUS.md",42f8b2eadd47abf902b5132d5375282a5891e219eea345a558b2eece886a51d3,Concrete rule/report adapter runtime hooks remain unselected; the T4 persisted-record reader is not adapter dispatch and does not close runtime or end-to-end interop.,GOVERNING_SCOPE_CANDIDATE_WITH_UNFINISHED_WITNESS,"projects/chirality-piping/execution/PKG-10_Build, Packaging, API, and Interoperability/1_Working/DEL-10-02_Import-export adapter framework/_STATUS.md#Remaining; projects/chirality-piping/execution/PKG-10_Build, Packaging, API, and Interoperability/1_Working/DEL-10-02_Import-export adapter framework/ScopeOfWork.md","projects/chirality-piping/execution/PKG-10_Build, Packaging, API, and Interoperability/1_Working/DEL-10-02_Import-export adapter framework/ScopeOfWork.md",Existing governing form; specific surviving meaning requires human review before source removal,PENDING,NONE,HOLD_PENDING_DISPOSITION_AND_DESTINATION_BACKCHECK
DEL-10-02:2,PINNED_2026-09-22_CENSUS,DEL-10-02,PKG-10,IN_PROGRESS,2,"- Select and govern the adapter execution model, plugin runtime, and bounded capability grants before any runtime dispatch; the current DEC-074 O7/E5 seam is deny-only and proves no-bypass behavior only at declaration admission.","projects/chirality-piping/execution/PKG-10_Build, Packaging, API, and Interoperability/1_Working/DEL-10-02_Import-export adapter framework/_STATUS.md",42f8b2eadd47abf902b5132d5375282a5891e219eea345a558b2eece886a51d3,"Select and govern the adapter execution model, plugin runtime, and bounded capability grants before any runtime dispatch; the current DEC-074 O7/E5 seam is deny-only and proves no-bypass behavior only at declaration admission.",OWNING_POLICY_OR_HUMAN_DECISION_PENDING;SCOPE_RETAINED,"projects/chirality-piping/execution/PKG-10_Build, Packaging, API, and Interoperability/1_Working/DEL-10-02_Import-export adapter framework/_STATUS.md#Remaining; projects/chirality-piping/execution/PKG-10_Build, Packaging, API, and Interoperability/1_Working/DEL-10-02_Import-export adapter framework/ScopeOfWork.md; named refs: DEC-074","projects/chirality-piping/execution/PKG-10_Build, Packaging, API, and Interoperability/1_Working/DEL-10-02_Import-export adapter framework/ScopeOfWork.md",Decision needed at named owner boundary; no policy value or approval inferred,PENDING,NONE,HOLD_PENDING_DISPOSITION_AND_DESTINATION_BACKCHECK
DEL-10-02:3,PINNED_2026-09-22_CENSUS,DEL-10-02,PKG-10,IN_PROGRESS,3,- Close the FR-023 GUI import/export round-trip residual through the v0.2 R6 handoff work and its owning deliverables (including DEL-17-03..08). D-12/DEC-078 dispositioned FR-024 and FR-025 only; it neither closes FR-023 nor remains an outstanding ruling gate for it. Scope and acceptance stay with the authorized handoff work graph.,"projects/chirality-piping/execution/PKG-10_Build, Packaging, API, and Interoperability/1_Working/DEL-10-02_Import-export adapter framework/_STATUS.md",42f8b2eadd47abf902b5132d5375282a5891e219eea345a558b2eece886a51d3,Close the FR-023 GUI import/export round-trip residual through the v0.2 R6 handoff work and its owning deliverables (including DEL-17-03..08). D-12/DEC-078 dispositioned FR-024 and FR-025 only; it neither closes FR-023 nor remains an outstanding ruling gate for it. Scope and acceptance stay with the…,GOVERNING_SCOPE_CANDIDATE_WITH_UNFINISHED_WITNESS,"projects/chirality-piping/execution/PKG-10_Build, Packaging, API, and Interoperability/1_Working/DEL-10-02_Import-export adapter framework/_STATUS.md#Remaining; projects/chirality-piping/execution/PKG-10_Build, Packaging, API, and Interoperability/1_Working/DEL-10-02_Import-export adapter framework/ScopeOfWork.md; named refs: D-12, DEC-078, FR-023, FR-024, FR-025","projects/chirality-piping/execution/PKG-10_Build, Packaging, API, and Interoperability/1_Working/DEL-10-02_Import-export adapter framework/ScopeOfWork.md",Existing governing form; specific surviving meaning requires human review before source removal,PENDING,NONE,HOLD_PENDING_DISPOSITION_AND_DESTINATION_BACKCHECK
DEL-10-03:1,PINNED_2026-09-22_CENSUS,DEL-10-03,PKG-10,IN_PROGRESS,1,"- Implement the distinct FR-025 local FEA submodel export post-beta in the Phase H (v0.2 R6) lane, as ruled by D-12/DEC-078, with DEL-10-03 as contract authority and implementing scope established by the Phase H lead-up decomposition. FR-025 is distinct from FR-HAND-*; a future re-deferral requires a new owner decision. This ruling settles the disposition, not implementation or external FEA execution.","projects/chirality-piping/execution/PKG-10_Build, Packaging, API, and Interoperability/1_Working/DEL-10-03_Local FEA handoff data contract/_STATUS.md",319e5e95bea95c71173f4a3133da352948876bceeb7f1b91769eba7f604a6427,"Implement the distinct FR-025 local FEA submodel export post-beta in the Phase H (v0.2 R6) lane, as ruled by D-12/DEC-078, with DEL-10-03 as contract authority and implementing scope established by the Phase H lead-up decomposition. FR-025 is distinct from FR-HAND-*; a future re-deferral requires a new…",PROGRAM_OR_FUTURE_SCOPE;NO_CURRENT_GRAPH_ALLOCATION,"projects/chirality-piping/execution/PKG-10_Build, Packaging, API, and Interoperability/1_Working/DEL-10-03_Local FEA handoff data contract/_STATUS.md#Remaining; projects/chirality-piping/execution/PKG-10_Build, Packaging, API, and Interoperability/1_Working/DEL-10-03_Local FEA handoff data contract/ScopeOfWork.md; named refs: D-12, DEC-078, FR-025","projects/chirality-piping/execution/PKG-10_Build, Packaging, API, and Interoperability/1_Working/DEL-10-03_Local FEA handoff data contract/ScopeOfWork.md",Governing future scope exists; LOOP_INIT has no selected successor work graph,PENDING,NONE,HOLD_PENDING_DISPOSITION_AND_DESTINATION_BACKCHECK
DEL-10-04:1,PINNED_2026-09-22_CENSUS,DEL-10-04,PKG-10,IN_PROGRESS,1,"- Activate public sanitized-export repo CI at the DEC-059 conditions: pipeline landed pending owner review (TP-E5-EXPORTPIPE-001, PR #161); still needed — owner-signed D-20/DEC-058 green scan of the staged export, public-repo creation/naming per DEC-057, making the export self-verifying or trimming its test set, and owner review of the v1 include/exclude allowlist (gated: D-05b; stage-gated: first public publication) (source: PRD plan §3 E5 row / DEC-059 / TP-E5-EXPORTPIPE-001 residuals)","projects/chirality-piping/execution/PKG-10_Build, Packaging, API, and Interoperability/1_Working/DEL-10-04_Build, packaging, and CI-CD pipeline/_STATUS.md",dea0716cbe175a8ad9b914929a431a56b03b5b5a2ce672e3fde494dd07190b3f,"Activate public sanitized-export repo CI at the DEC-059 conditions: pipeline landed pending owner review (TP-E5-EXPORTPIPE-001, PR #161); still needed — owner-signed D-20/DEC-058 green scan of the staged export, public-repo creation/naming per DEC-057, making the export self-verifying or trimming its test…",OWNING_POLICY_OR_HUMAN_DECISION_PENDING;SCOPE_RETAINED,"projects/chirality-piping/execution/PKG-10_Build, Packaging, API, and Interoperability/1_Working/DEL-10-04_Build, packaging, and CI-CD pipeline/_STATUS.md#Remaining; projects/chirality-piping/execution/PKG-10_Build, Packaging, API, and Interoperability/1_Working/DEL-10-04_Build, packaging, and CI-CD pipeline/ScopeOfWork.md; named refs: D-05b, D-20, DEC-057, DEC-058, DEC-059","projects/chirality-piping/execution/PKG-10_Build, Packaging, API, and Interoperability/1_Working/DEL-10-04_Build, packaging, and CI-CD pipeline/ScopeOfWork.md",Decision needed at named owner boundary; no policy value or approval inferred,PENDING,NONE,HOLD_PENDING_DISPOSITION_AND_DESTINATION_BACKCHECK
DEL-10-04:2,PINNED_2026-09-22_CENSUS,DEL-10-04,PKG-10,IN_PROGRESS,2,"- Carry the DEC-089 policy-only future Apple Developer ID signing/notarization target through its separately applicable gates. D-06b is already ruled; DEC-057's current unsigned posture continues with checksum, commit-bound sweep, release record and unsigned-install caveat until signing/notarization requirements are satisfied and accepted. The registered App ID (subsequently amended by DEC-106) is not evidence of signing/notarization or a release. Historical v0.1 PRD §22.6 remains an R6-entry release-machinery residual under D-21/DEC-056; no release action is authorized here.","projects/chirality-piping/execution/PKG-10_Build, Packaging, API, and Interoperability/1_Working/DEL-10-04_Build, packaging, and CI-CD pipeline/_STATUS.md",dea0716cbe175a8ad9b914929a431a56b03b5b5a2ce672e3fde494dd07190b3f,"Carry the DEC-089 policy-only future Apple Developer ID signing/notarization target through its separately applicable gates. D-06b is already ruled; DEC-057's current unsigned posture continues with checksum, commit-bound sweep, release record and unsigned-install caveat until signing/notarization…",GOVERNING_POLICY_PARTIAL;R6_ENTRY_AUTHORITY_AMENDMENT_PENDING,"projects/chirality-piping/execution/PKG-10_Build, Packaging, API, and Interoperability/1_Working/DEL-10-04_Build, packaging, and CI-CD pipeline/_STATUS.md#Remaining; projects/chirality-piping/execution/PKG-10_Build, Packaging, API, and Interoperability/1_Working/DEL-10-04_Build, packaging, and CI-CD pipeline/ScopeOfWork.md; named refs: D-06b, D-21, DEC-056, DEC-057, DEC-089, DEC-106","projects/chirality-piping/execution/PKG-10_Build, Packaging, API, and Interoperability/1_Working/DEL-10-04_Build, packaging, and CI-CD pipeline/ScopeOfWork.md (PRD §22.6 R6-entry distinction proposed); TM-PIP-043 (deferred decision attention only; governing source retained)","DEC-089 future signing and DEC-057 unsigned posture preserved; historical D-21/DEC-056 PRD §22.6 R6-entry release-machinery residual missing from local SOW; amendment pending, source retained.",PENDING,NONE,HOLD_PENDING_DISPOSITION_AND_DESTINATION_BACKCHECK
DEL-10-05:NONE,PINNED_2026-09-22_CENSUS,DEL-10-05,PKG-10,IN_PROGRESS,NONE,NONE — no item recorded; not evidence of completion,"projects/chirality-piping/execution/PKG-10_Build, Packaging, API, and Interoperability/1_Working/DEL-10-05_Headless CLI and structured I-O analysis runner/_STATUS.md",304cb989054c4b4c72e779f02debcfd1455af6ffa890e88bb43aa06a9ea7a9ed,No current task was recorded in the historical census; this is no completion or acceptance finding.,NO_CURRENT_TASK_MARKER,"projects/chirality-piping/execution/PKG-10_Build, Packaging, API, and Interoperability/1_Working/DEL-10-05_Headless CLI and structured I-O analysis runner/_STATUS.md#Remaining; projects/chirality-piping/execution/PKG-10_Build, Packaging, API, and Interoperability/1_Working/DEL-10-05_Headless CLI and structured I-O analysis runner/ScopeOfWork.md","projects/chirality-piping/execution/PKG-10_Build, Packaging, API, and Interoperability/1_Working/DEL-10-05_Headless CLI and structured I-O analysis runner/ScopeOfWork.md",No live task or surviving meaning in source section; governing form and lifecycle/history retained. See APPLIED_ROW_LEDGER.csv.,OWNER_CONDITIONAL_GROUP_TREATMENT_APPROVED_2026-09-22,EMPTY_REMAINING_HEADING_REMOVED;LIFECYCLE_HISTORY_UNCHANGED,APPLIED_VERIFIED_NO_TASK_TO_TRANSFER
DEL-11-01:1,PINNED_2026-09-22_CENSUS,DEL-11-01,PKG-11,IN_PROGRESS,1,- No active residual remains for PDU-060 / `DEL-11-01-REM-001`; the bounded user-guide currentness refresh is complete and lifecycle remains `IN_PROGRESS`.,"projects/chirality-piping/execution/PKG-11_Documentation, Examples, and Education/1_Working/DEL-11-01_User guide skeleton/_STATUS.md",1871496287619d9ada3dca69beee1ef9b500188949300c83cff0c2a5c6d0f676,No active residual remains for PDU-060 / `DEL-11-01-REM-001`; the bounded user-guide currentness refresh is complete and lifecycle remains `IN_PROGRESS`.,RECORDED_BOUNDED_RESULT;PRESERVE_SURVIVING_LIMITS,"projects/chirality-piping/execution/PKG-11_Documentation, Examples, and Education/1_Working/DEL-11-01_User guide skeleton/_STATUS.md#Remaining; projects/chirality-piping/execution/PKG-11_Documentation, Examples, and Education/1_Working/DEL-11-01_User guide skeleton/ScopeOfWork.md; named refs: PDU-060","projects/chirality-piping/execution/PKG-11_Documentation, Examples, and Education/1_Working/DEL-11-01_User guide skeleton/ScopeOfWork.md","Past result is historical evidence, not whole-deliverable closure; retain any explicit residual in governing form",PENDING,NONE,HOLD_PENDING_DISPOSITION_AND_DESTINATION_BACKCHECK
DEL-11-02:1,PINNED_2026-09-22_CENSUS,DEL-11-02,PKG-11,IN_PROGRESS,1,"- Defer contributor legal-instrument adoption to a future owner intake-activation decision taken on legal advice, as ruled by DEC-079. Intake remains closed under DEC-027; the adopted D-07b review/screening skeleton defines the process without selecting CLA/DCO/equivalent. The project-license selection does not settle contributor attestations or agreement workflow; no current intake activation is authorized.","projects/chirality-piping/execution/PKG-11_Documentation, Examples, and Education/1_Working/DEL-11-02_Developer guide for solver and rule packs/_STATUS.md",87acd8339c1c3bdff4aea0f32e538ae97a54ae21c70b4018b1ba5840a155fac3,"Defer contributor legal-instrument adoption to a future owner intake-activation decision taken on legal advice, as ruled by DEC-079. Intake remains closed under DEC-027; the adopted D-07b review/screening skeleton defines the process without selecting CLA/DCO/equivalent. The project-license selection does…",OWNING_HUMAN_DECISION_PENDING;SCOPE_RETAINED;D74_CURRENT_LICENSE_CARRIER_RECONCILIATION,"projects/chirality-piping/execution/PKG-11_Documentation, Examples, and Education/1_Working/DEL-11-02_Developer guide for solver and rule packs/_STATUS.md#Remaining; projects/chirality-piping/execution/PKG-11_Documentation, Examples, and Education/1_Working/DEL-11-02_Developer guide for solver and rule packs/ScopeOfWork.md; named refs: D-07b, DEC-027, DEC-079; projects/chirality-piping/execution/_Coordination/_DECISIONS/D-74_RULING_2026-09-22.md","projects/chirality-piping/execution/PKG-11_Documentation, Examples, and Education/1_Working/DEL-11-02_Developer guide for solver and rule packs/ScopeOfWork.md; TM-PIP-043 (deferred decision attention only; governing source retained)",Current ScopeOfWork still asserts PolyForm as selected license despite D-74 MIT ruling; source-faithful amendment needed,PENDING,NONE,HOLD_PENDING_DISPOSITION_AND_DESTINATION_BACKCHECK
DEL-11-03:1,PINNED_2026-09-22_CENSUS,DEL-11-03,PKG-11,IN_PROGRESS,1,"- Preserve the three human-deferred source-selection scopes—detailed public history, formula-level open-frame references, and practice-specific local-FEA references—until owner/review authority selects or discharges them; current bounded prose is not formal source-scope closure (PDU-060 / `RF-11-03-C-003`).","projects/chirality-piping/execution/PKG-11_Documentation, Examples, and Education/1_Working/DEL-11-03_Theory notes- classical to modern centerline analysis/_STATUS.md",9314d88024f68cfec3a528b04fa454765cfed27827d584d359d7d84065624cb4,"Preserve the three human-deferred source-selection scopes—detailed public history, formula-level open-frame references, and practice-specific local-FEA references—until owner/review authority selects or discharges them; current bounded prose is not formal source-scope closure (PDU-060 / `RF-11-03-C-003`).",GOVERNING_SCOPE_CANDIDATE_WITH_UNFINISHED_WITNESS,"projects/chirality-piping/execution/PKG-11_Documentation, Examples, and Education/1_Working/DEL-11-03_Theory notes- classical to modern centerline analysis/_STATUS.md#Remaining; projects/chirality-piping/execution/PKG-11_Documentation, Examples, and Education/1_Working/DEL-11-03_Theory notes- classical to modern centerline analysis/ScopeOfWork.md; named refs: PDU-060, RF-11","projects/chirality-piping/execution/PKG-11_Documentation, Examples, and Education/1_Working/DEL-11-03_Theory notes- classical to modern centerline analysis/ScopeOfWork.md",Existing governing form; specific surviving meaning requires human review before source removal,PENDING,NONE,HOLD_PENDING_DISPOSITION_AND_DESTINATION_BACKCHECK
DEL-11-04:1,PINNED_2026-09-22_CENSUS,DEL-11-04,PKG-11,IN_PROGRESS,1,"- Obtain owning human dispositions for `PKG11-DEL-11-04-PKG02-001` and `PKG11-DEL-11-04-PKG02-002`; both remain technically addressed with `HumanDisposition=TBD`, and current compatibility evidence does not create approval (PDU-060).","projects/chirality-piping/execution/PKG-11_Documentation, Examples, and Education/1_Working/DEL-11-04_Invented educational example models/_STATUS.md",8f5793a6d3c445acfa74a1c397f2685c9fec9c6670e93ae6e4572c7ca563b02a,"Obtain owning human dispositions for `PKG11-DEL-11-04-PKG02-001` and `PKG11-DEL-11-04-PKG02-002`; both remain technically addressed with `HumanDisposition=TBD`, and current compatibility evidence does not create approval (PDU-060).",HUMAN_REVIEW_DISPOSITION_PENDING;TECHNICAL_SCOPE_RETAINED,"projects/chirality-piping/execution/PKG-11_Documentation, Examples, and Education/1_Working/DEL-11-04_Invented educational example models/_STATUS.md#Remaining; projects/chirality-piping/execution/PKG-11_Documentation, Examples, and Education/1_Working/DEL-11-04_Invented educational example models/ScopeOfWork.md; named refs: PDU-060","projects/chirality-piping/execution/PKG-11_Documentation, Examples, and Education/1_Working/DEL-11-04_Invented educational example models/ScopeOfWork.md; TM-PIP-046 (deferred decision attention only; governing source retained)",RF/dependency HumanDisposition=TBD; no formal closure or scope deletion,PENDING,NONE,HOLD_PENDING_DISPOSITION_AND_DESTINATION_BACKCHECK
DEL-11-05:NONE,PINNED_2026-09-22_CENSUS,DEL-11-05,PKG-11,IN_PROGRESS,NONE,NONE — no item recorded; not evidence of completion,"projects/chirality-piping/execution/PKG-11_Documentation, Examples, and Education/1_Working/DEL-11-05_Contributor tutorial and onboarding/_STATUS.md",9040d5c3c53729ed7c59296b3976556eba8f0e04bac136e32253adfb3e94e86b,No current task was recorded in the historical census; this is no completion or acceptance finding.,NO_CURRENT_TASK_MARKER,"projects/chirality-piping/execution/PKG-11_Documentation, Examples, and Education/1_Working/DEL-11-05_Contributor tutorial and onboarding/_STATUS.md#Remaining; projects/chirality-piping/execution/PKG-11_Documentation, Examples, and Education/1_Working/DEL-11-05_Contributor tutorial and onboarding/ScopeOfWork.md","projects/chirality-piping/execution/PKG-11_Documentation, Examples, and Education/1_Working/DEL-11-05_Contributor tutorial and onboarding/ScopeOfWork.md",No live task or surviving meaning in source section; governing form and lifecycle/history retained. See APPLIED_ROW_LEDGER.csv.,OWNER_CONDITIONAL_GROUP_TREATMENT_APPROVED_2026-09-22,EMPTY_REMAINING_HEADING_REMOVED;LIFECYCLE_HISTORY_UNCHANGED,APPLIED_VERIFIED_NO_TASK_TO_TRANSFER
DEL-12-01:1,PINNED_2026-09-22_CENSUS,DEL-12-01,PKG-12,IN_PROGRESS,1,"`; dated MEMORY and formal-review history remain unchanged. This refresh does not imply lifecycle, review, validation, release, professional-reliance, or code-compliance closure.","projects/chirality-piping/execution/PKG-12_Security, Privacy, and Private Data Handling/1_Working/DEL-12-01_Local-first storage and private data paths/_STATUS.md",01ca928c454cb01c6560c10c38c5c7f0eb39fc2b21164ec066047972808e0805,Historical census parser captured declaration prose/front matter before the anchored Remaining heading; this is not a live Remaining item.,SOURCE_EXTRACTION_ARTIFACT;PRESERVE_HISTORICAL_ROW,"projects/chirality-piping/execution/PKG-12_Security, Privacy, and Private Data Handling/1_Working/DEL-12-01_Local-first storage and private data paths/_STATUS.md#Remaining; projects/chirality-piping/execution/PKG-12_Security, Privacy, and Private Data Handling/1_Working/DEL-12-01_Local-first storage and private data paths/ScopeOfWork.md","projects/chirality-piping/execution/PKG-12_Security, Privacy, and Private Data Handling/1_Working/DEL-12-01_Local-first storage and private data paths/_STATUS.md#Remaining",Actual two live bullets are separately listed as LIVE:DEL-12-01:1/2,PENDING,NONE,HOLD_PENDING_DISPOSITION_AND_DESTINATION_BACKCHECK
DEL-12-01:2,PINNED_2026-09-22_CENSUS,DEL-12-01,PKG-12,IN_PROGRESS,2,PDU-055 cited claim(s): `DEL-12-01-DECL-005`.,"projects/chirality-piping/execution/PKG-12_Security, Privacy, and Private Data Handling/1_Working/DEL-12-01_Local-first storage and private data paths/_STATUS.md",01ca928c454cb01c6560c10c38c5c7f0eb39fc2b21164ec066047972808e0805,Historical census parser captured declaration prose/front matter before the anchored Remaining heading; this is not a live Remaining item.,SOURCE_EXTRACTION_ARTIFACT;PRESERVE_HISTORICAL_ROW,"projects/chirality-piping/execution/PKG-12_Security, Privacy, and Private Data Handling/1_Working/DEL-12-01_Local-first storage and private data paths/_STATUS.md#Remaining; projects/chirality-piping/execution/PKG-12_Security, Privacy, and Private Data Handling/1_Working/DEL-12-01_Local-first storage and private data paths/ScopeOfWork.md; named refs: PDU-055","projects/chirality-piping/execution/PKG-12_Security, Privacy, and Private Data Handling/1_Working/DEL-12-01_Local-first storage and private data paths/_STATUS.md#Remaining",Actual two live bullets are separately listed as LIVE:DEL-12-01:1/2,PENDING,NONE,HOLD_PENDING_DISPOSITION_AND_DESTINATION_BACKCHECK
DEL-12-01:3,PINNED_2026-09-22_CENSUS,DEL-12-01,PKG-12,IN_PROGRESS,3,**Current State:** IN_PROGRESS,"projects/chirality-piping/execution/PKG-12_Security, Privacy, and Private Data Handling/1_Working/DEL-12-01_Local-first storage and private data paths/_STATUS.md",01ca928c454cb01c6560c10c38c5c7f0eb39fc2b21164ec066047972808e0805,Historical census parser captured declaration prose/front matter before the anchored Remaining heading; this is not a live Remaining item.,SOURCE_EXTRACTION_ARTIFACT;PRESERVE_HISTORICAL_ROW,"projects/chirality-piping/execution/PKG-12_Security, Privacy, and Private Data Handling/1_Working/DEL-12-01_Local-first storage and private data paths/_STATUS.md#Remaining; projects/chirality-piping/execution/PKG-12_Security, Privacy, and Private Data Handling/1_Working/DEL-12-01_Local-first storage and private data paths/ScopeOfWork.md","projects/chirality-piping/execution/PKG-12_Security, Privacy, and Private Data Handling/1_Working/DEL-12-01_Local-first storage and private data paths/_STATUS.md#Remaining",Actual two live bullets are separately listed as LIVE:DEL-12-01:1/2,PENDING,NONE,HOLD_PENDING_DISPOSITION_AND_DESTINATION_BACKCHECK
DEL-12-01:4,PINNED_2026-09-22_CENSUS,DEL-12-01,PKG-12,IN_PROGRESS,4,**Last Updated:** 2026-09-22,"projects/chirality-piping/execution/PKG-12_Security, Privacy, and Private Data Handling/1_Working/DEL-12-01_Local-first storage and private data paths/_STATUS.md",01ca928c454cb01c6560c10c38c5c7f0eb39fc2b21164ec066047972808e0805,Historical census parser captured declaration prose/front matter before the anchored Remaining heading; this is not a live Remaining item.,SOURCE_EXTRACTION_ARTIFACT;PRESERVE_HISTORICAL_ROW,"projects/chirality-piping/execution/PKG-12_Security, Privacy, and Private Data Handling/1_Working/DEL-12-01_Local-first storage and private data paths/_STATUS.md#Remaining; projects/chirality-piping/execution/PKG-12_Security, Privacy, and Private Data Handling/1_Working/DEL-12-01_Local-first storage and private data paths/ScopeOfWork.md","projects/chirality-piping/execution/PKG-12_Security, Privacy, and Private Data Handling/1_Working/DEL-12-01_Local-first storage and private data paths/_STATUS.md#Remaining",Actual two live bullets are separately listed as LIVE:DEL-12-01:1/2,PENDING,NONE,HOLD_PENDING_DISPOSITION_AND_DESTINATION_BACKCHECK
DEL-12-02:1,PINNED_2026-09-22_CENSUS,DEL-12-02,PKG-12,IN_PROGRESS,1,"- R5 retained delivery 2026-09-22 — DEL-12-02: retain native save/print witness limitations identified by R15 and separately governed profile, public/plugin transport, quarantine, cloud and legal/security gates. Claim refs: `DEL-12-02:SOW#CLM-011`.","projects/chirality-piping/execution/PKG-12_Security, Privacy, and Private Data Handling/1_Working/DEL-12-02_Private data redaction and export controls/_STATUS.md",f5f7a51e0c9f21c001086d41d6d9bcc792d3651490e4eb32ce69d3ef7f6e654d,"R5 retained delivery 2026-09-22 — DEL-12-02: retain native save/print witness limitations identified by R15 and separately governed profile, public/plugin transport, quarantine, cloud and legal/security gates. Claim refs: `DEL-12-02:SOW#CLM-011`.",GOVERNING_SCOPE_CANDIDATE_WITH_UNFINISHED_WITNESS,"projects/chirality-piping/execution/PKG-12_Security, Privacy, and Private Data Handling/1_Working/DEL-12-02_Private data redaction and export controls/_STATUS.md#Remaining; projects/chirality-piping/execution/PKG-12_Security, Privacy, and Private Data Handling/1_Working/DEL-12-02_Private data redaction and export controls/ScopeOfWork.md; named refs: CLM-011","projects/chirality-piping/execution/PKG-12_Security, Privacy, and Private Data Handling/1_Working/DEL-12-02_Private data redaction and export controls/ScopeOfWork.md",Existing governing form; specific surviving meaning requires human review before source removal,PENDING,NONE,HOLD_PENDING_DISPOSITION_AND_DESTINATION_BACKCHECK
DEL-12-03:1,PINNED_2026-09-22_CENSUS,DEL-12-03,PKG-12,IN_PROGRESS,1,"- Preserve PDU-043 as documented absence until separately authorized: plugin, adapter, import/export, report, and private-library runtime paths do not yet route telemetry attempts through the selected DEL-12-03 guard seam; adapter approval/allowlist remains unselected, and the DEL-10-02 deny-only declaration-admission gate does not close this runtime binding; do not infer whole-runtime no-bypass or security closure (source: DEC-074 O7-before-E5; PDU-043, 2026-07-12)","projects/chirality-piping/execution/PKG-12_Security, Privacy, and Private Data Handling/1_Working/DEL-12-03_Telemetry off-by-default design/_STATUS.md",a633100211d90285859e39a6f926408d2116c353aeb66fa68f297a0929e8d6eb,"Preserve PDU-043 as documented absence until separately authorized: plugin, adapter, import/export, report, and private-library runtime paths do not yet route telemetry attempts through the selected DEL-12-03 guard seam; adapter approval/allowlist remains unselected, and the DEL-10-02 deny-only…",PDU_HOLD;GOVERNING_SCOPE_RETAINED,"projects/chirality-piping/execution/PKG-12_Security, Privacy, and Private Data Handling/1_Working/DEL-12-03_Telemetry off-by-default design/_STATUS.md#Remaining; projects/chirality-piping/execution/PKG-12_Security, Privacy, and Private Data Handling/1_Working/DEL-12-03_Telemetry off-by-default design/ScopeOfWork.md; named refs: DEC-074, PDU-043","projects/chirality-piping/execution/PKG-12_Security, Privacy, and Private Data Handling/1_Working/DEL-12-03_Telemetry off-by-default design/ScopeOfWork.md",Preserve protected verification/validation or owner gate at claim source,PENDING,NONE,HOLD_PENDING_DISPOSITION_AND_DESTINATION_BACKCHECK
DEL-12-03:2,PINNED_2026-09-22_CENSUS,DEL-12-03,PKG-12,IN_PROGRESS,2,"- Preserve PDU-042's boundary after the distinct panel request: actual opt-in/consent UI or CLI, approved allowlist, product config schema/storage, and runtime enablement remain unimplemented and separately gated. The ephemeral review request must remain fail-closed and must not be treated as consent or telemetry activation.","projects/chirality-piping/execution/PKG-12_Security, Privacy, and Private Data Handling/1_Working/DEL-12-03_Telemetry off-by-default design/_STATUS.md",a633100211d90285859e39a6f926408d2116c353aeb66fa68f297a0929e8d6eb,"Preserve PDU-042's boundary after the distinct panel request: actual opt-in/consent UI or CLI, approved allowlist, product config schema/storage, and runtime enablement remain unimplemented and separately gated. The ephemeral review request must remain fail-closed and must not be treated as consent or…",PDU_HOLD;GOVERNING_SCOPE_RETAINED,"projects/chirality-piping/execution/PKG-12_Security, Privacy, and Private Data Handling/1_Working/DEL-12-03_Telemetry off-by-default design/_STATUS.md#Remaining; projects/chirality-piping/execution/PKG-12_Security, Privacy, and Private Data Handling/1_Working/DEL-12-03_Telemetry off-by-default design/ScopeOfWork.md; named refs: PDU-042","projects/chirality-piping/execution/PKG-12_Security, Privacy, and Private Data Handling/1_Working/DEL-12-03_Telemetry off-by-default design/ScopeOfWork.md",Preserve protected verification/validation or owner gate at claim source,PENDING,NONE,HOLD_PENDING_DISPOSITION_AND_DESTINATION_BACKCHECK
DEL-12-03:3,PINNED_2026-09-22_CENSUS,DEL-12-03,PKG-12,IN_PROGRESS,3,- Obtain owning human-review dispositions for open `RF-001` and `RF-002`; both retain `HumanDisposition=TBD`. The O7/T3/T5 technical evidence and existing runtime/config/consent/allowlist residual homes do not close the formal findings (PDU-060).,"projects/chirality-piping/execution/PKG-12_Security, Privacy, and Private Data Handling/1_Working/DEL-12-03_Telemetry off-by-default design/_STATUS.md",a633100211d90285859e39a6f926408d2116c353aeb66fa68f297a0929e8d6eb,Obtain owning human-review dispositions for open `RF-001` and `RF-002`; both retain `HumanDisposition=TBD`. The O7/T3/T5 technical evidence and existing runtime/config/consent/allowlist residual homes do not close the formal findings (PDU-060).,HUMAN_REVIEW_DISPOSITION_PENDING;TECHNICAL_SCOPE_RETAINED,"projects/chirality-piping/execution/PKG-12_Security, Privacy, and Private Data Handling/1_Working/DEL-12-03_Telemetry off-by-default design/_STATUS.md#Remaining; projects/chirality-piping/execution/PKG-12_Security, Privacy, and Private Data Handling/1_Working/DEL-12-03_Telemetry off-by-default design/ScopeOfWork.md; named refs: PDU-060, RF-001, RF-002","projects/chirality-piping/execution/PKG-12_Security, Privacy, and Private Data Handling/1_Working/DEL-12-03_Telemetry off-by-default design/ScopeOfWork.md; TM-PIP-046 (deferred decision attention only; governing source retained)",RF/dependency HumanDisposition=TBD; no formal closure or scope deletion,PENDING,NONE,HOLD_PENDING_DISPOSITION_AND_DESTINATION_BACKCHECK
DEL-12-04:1,PINNED_2026-09-22_CENSUS,DEL-12-04,PKG-12,IN_PROGRESS,1,- Select the exact protected-content quarantine/readiness taxonomy and destructive-workflow policy before PDU-034 closure; DEC-074 did not invent those values. T3 may add bounded no-bypass evidence at O7-selected seams without claiming this policy is settled.,"projects/chirality-piping/execution/PKG-12_Security, Privacy, and Private Data Handling/1_Working/DEL-12-04_Secret and private-library handling/_STATUS.md",ee77174b7342ba5147eeb07abdc77488983a6df57ffcaf01feda10f4c3c1f4a6,Select the exact protected-content quarantine/readiness taxonomy and destructive-workflow policy before PDU-034 closure; DEC-074 did not invent those values. T3 may add bounded no-bypass evidence at O7-selected seams without claiming this policy is settled.,OWNING_POLICY_OR_HUMAN_DECISION_PENDING;SCOPE_RETAINED,"projects/chirality-piping/execution/PKG-12_Security, Privacy, and Private Data Handling/1_Working/DEL-12-04_Secret and private-library handling/_STATUS.md#Remaining; projects/chirality-piping/execution/PKG-12_Security, Privacy, and Private Data Handling/1_Working/DEL-12-04_Secret and private-library handling/ScopeOfWork.md; named refs: DEC-074, PDU-034","projects/chirality-piping/execution/PKG-12_Security, Privacy, and Private Data Handling/1_Working/DEL-12-04_Secret and private-library handling/ScopeOfWork.md; TM-PIP-051 (deferred decision attention only; governing source retained)",Decision needed at named owner boundary; no policy value or approval inferred,PENDING,NONE,HOLD_PENDING_DISPOSITION_AND_DESTINATION_BACKCHECK
DEL-12-04:2,PINNED_2026-09-22_CENSUS,DEL-12-04,PKG-12,IN_PROGRESS,2,- Obtain owning human-review dispositions for open `RF-001` and `RF-002`; both retain `HumanDisposition=TBD`. Corrected wording and bounded security evidence do not close provider/storage/grant/runtime/legal/security deferrals or formal review (PDU-060).,"projects/chirality-piping/execution/PKG-12_Security, Privacy, and Private Data Handling/1_Working/DEL-12-04_Secret and private-library handling/_STATUS.md",ee77174b7342ba5147eeb07abdc77488983a6df57ffcaf01feda10f4c3c1f4a6,Obtain owning human-review dispositions for open `RF-001` and `RF-002`; both retain `HumanDisposition=TBD`. Corrected wording and bounded security evidence do not close provider/storage/grant/runtime/legal/security deferrals or formal review (PDU-060).,HUMAN_REVIEW_DISPOSITION_PENDING;TECHNICAL_SCOPE_RETAINED,"projects/chirality-piping/execution/PKG-12_Security, Privacy, and Private Data Handling/1_Working/DEL-12-04_Secret and private-library handling/_STATUS.md#Remaining; projects/chirality-piping/execution/PKG-12_Security, Privacy, and Private Data Handling/1_Working/DEL-12-04_Secret and private-library handling/ScopeOfWork.md; named refs: PDU-060, RF-001, RF-002","projects/chirality-piping/execution/PKG-12_Security, Privacy, and Private Data Handling/1_Working/DEL-12-04_Secret and private-library handling/ScopeOfWork.md; TM-PIP-046 (deferred decision attention only; governing source retained)",RF/dependency HumanDisposition=TBD; no formal closure or scope deletion,PENDING,NONE,HOLD_PENDING_DISPOSITION_AND_DESTINATION_BACKCHECK
DEL-12-04:3,PINNED_2026-09-22_CENSUS,DEL-12-04,PKG-12,IN_PROGRESS,3,- R5 retained delivery 2026-09-22 — DEL-12-04: retain cross-deliverable telemetry/privacy enforcement and actual product-route witnesses; the private-reference test inventory does not itself prove telemetry exclusion. Claim refs: `DEL-12-04:SOW#CLM-023.s01`.,"projects/chirality-piping/execution/PKG-12_Security, Privacy, and Private Data Handling/1_Working/DEL-12-04_Secret and private-library handling/_STATUS.md",ee77174b7342ba5147eeb07abdc77488983a6df57ffcaf01feda10f4c3c1f4a6,R5 retained delivery 2026-09-22 — DEL-12-04: retain cross-deliverable telemetry/privacy enforcement and actual product-route witnesses; the private-reference test inventory does not itself prove telemetry exclusion. Claim refs: `DEL-12-04:SOW#CLM-023.s01`.,GOVERNING_SCOPE_CANDIDATE_WITH_UNFINISHED_WITNESS,"projects/chirality-piping/execution/PKG-12_Security, Privacy, and Private Data Handling/1_Working/DEL-12-04_Secret and private-library handling/_STATUS.md#Remaining; projects/chirality-piping/execution/PKG-12_Security, Privacy, and Private Data Handling/1_Working/DEL-12-04_Secret and private-library handling/ScopeOfWork.md; named refs: CLM-023","projects/chirality-piping/execution/PKG-12_Security, Privacy, and Private Data Handling/1_Working/DEL-12-04_Secret and private-library handling/ScopeOfWork.md",Existing governing form; specific surviving meaning requires human review before source removal,PENDING,NONE,HOLD_PENDING_DISPOSITION_AND_DESTINATION_BACKCHECK
DEL-12-05:NONE,PINNED_2026-09-22_CENSUS,DEL-12-05,PKG-12,IN_PROGRESS,NONE,NONE — no item recorded; not evidence of completion,"projects/chirality-piping/execution/PKG-12_Security, Privacy, and Private Data Handling/1_Working/DEL-12-05_Security threat model/_STATUS.md",3a45b4d2287c12e5dfb85172d04fb1be462d60137bd6c3db48820322a0354ac7,No current task was recorded in the historical census; this is no completion or acceptance finding.,NO_CURRENT_TASK_MARKER,"projects/chirality-piping/execution/PKG-12_Security, Privacy, and Private Data Handling/1_Working/DEL-12-05_Security threat model/_STATUS.md#Remaining; projects/chirality-piping/execution/PKG-12_Security, Privacy, and Private Data Handling/1_Working/DEL-12-05_Security threat model/ScopeOfWork.md","projects/chirality-piping/execution/PKG-12_Security, Privacy, and Private Data Handling/1_Working/DEL-12-05_Security threat model/ScopeOfWork.md",No live task or surviving meaning in source section; governing form and lifecycle/history retained. See APPLIED_ROW_LEDGER.csv.,OWNER_CONDITIONAL_GROUP_TREATMENT_APPROVED_2026-09-22,EMPTY_REMAINING_HEADING_REMOVED;LIFECYCLE_HISTORY_UNCHANGED,APPLIED_VERIFIED_NO_TASK_TO_TRANSFER
DEL-13-01:NONE,PINNED_2026-09-22_CENSUS,DEL-13-01,PKG-13,IN_PROGRESS,NONE,NONE — no item recorded; not evidence of completion,projects/chirality-piping/execution/PKG-13_Physical Design Knowledge and Constraint Engine/1_Working/DEL-13-01_Design knowledge schema and provenance model/_STATUS.md,861f744a6445adfe1888ac9ac4a7f1be59423184e97e0fbf24db503c615f046c,No current task was recorded in the historical census; this is no completion or acceptance finding.,NO_CURRENT_TASK_MARKER,projects/chirality-piping/execution/PKG-13_Physical Design Knowledge and Constraint Engine/1_Working/DEL-13-01_Design knowledge schema and provenance model/_STATUS.md#Remaining; projects/chirality-piping/execution/PKG-13_Physical Design Knowledge and Constraint Engine/1_Working/DEL-13-01_Design knowledge schema and provenance model/ScopeOfWork.md,projects/chirality-piping/execution/PKG-13_Physical Design Knowledge and Constraint Engine/1_Working/DEL-13-01_Design knowledge schema and provenance model/ScopeOfWork.md,No live task or surviving meaning in source section; governing form and lifecycle/history retained. See APPLIED_ROW_LEDGER.csv.,OWNER_CONDITIONAL_GROUP_TREATMENT_APPROVED_2026-09-22,EMPTY_REMAINING_HEADING_REMOVED;LIFECYCLE_HISTORY_UNCHANGED,APPLIED_VERIFIED_NO_TASK_TO_TRANSFER
DEL-13-02:1,PINNED_2026-09-22_CENSUS,DEL-13-02,PKG-13,IN_PROGRESS,1,"- R5 continuation delivery task: Demonstrate constraint-schema consumers against actual runtime data: downstream DEL-13-03 validation and DEL-13-04 transform conformance, plus owned PKG-07 presentation/blocking paths. Existing reference implementations do not establish product wiring or public-example provenance (CLM-004/013/027).",projects/chirality-piping/execution/PKG-13_Physical Design Knowledge and Constraint Engine/1_Working/DEL-13-02_Constraint entity and provenance model/_STATUS.md,29b4f826ec2560a2e6beeb4baafbda7dc5c3e128bbf4f97787d146c290a19323,"R5 continuation delivery task: Demonstrate constraint-schema consumers against actual runtime data: downstream DEL-13-03 validation and DEL-13-04 transform conformance, plus owned PKG-07 presentation/blocking paths. Existing reference implementations do not establish product wiring or public-example…",GOVERNING_SCOPE_CANDIDATE_WITH_UNFINISHED_WITNESS,projects/chirality-piping/execution/PKG-13_Physical Design Knowledge and Constraint Engine/1_Working/DEL-13-02_Constraint entity and provenance model/_STATUS.md#Remaining; projects/chirality-piping/execution/PKG-13_Physical Design Knowledge and Constraint Engine/1_Working/DEL-13-02_Constraint entity and provenance model/ScopeOfWork.md; named refs: CLM-004,projects/chirality-piping/execution/PKG-13_Physical Design Knowledge and Constraint Engine/1_Working/DEL-13-02_Constraint entity and provenance model/ScopeOfWork.md,Existing governing form; specific surviving meaning requires human review before source removal,PENDING,NONE,HOLD_PENDING_DISPOSITION_AND_DESTINATION_BACKCHECK
DEL-13-02:2,PINNED_2026-09-22_CENSUS,DEL-13-02,PKG-13,IN_PROGRESS,2,"- Obtain the owning human disposition for `PKG13-DEL-13-02-PKG02-001`; the review record remains `TECHNICALLY_ADDRESSED_PENDING_HUMAN` with `HumanDisposition=TBD`. Reassess its technical premise: `schemas/units.schema.yaml` includes `force_per_length`, while the constraint dimension enum in `schemas/constraint.schema.json` does not. Current vocabulary evidence therefore does not establish enum parity. No reviewer finding or human gate is closed by this factual correction (PDU-060).",projects/chirality-piping/execution/PKG-13_Physical Design Knowledge and Constraint Engine/1_Working/DEL-13-02_Constraint entity and provenance model/_STATUS.md,29b4f826ec2560a2e6beeb4baafbda7dc5c3e128bbf4f97787d146c290a19323,"Obtain the owning human disposition for `PKG13-DEL-13-02-PKG02-001`; the review record remains `TECHNICALLY_ADDRESSED_PENDING_HUMAN` with `HumanDisposition=TBD`. Reassess its technical premise: `schemas/units.schema.yaml` includes `force_per_length`, while the constraint dimension enum in…",HUMAN_REVIEW_DISPOSITION_PENDING;TECHNICAL_SCOPE_RETAINED,projects/chirality-piping/execution/PKG-13_Physical Design Knowledge and Constraint Engine/1_Working/DEL-13-02_Constraint entity and provenance model/_STATUS.md#Remaining; projects/chirality-piping/execution/PKG-13_Physical Design Knowledge and Constraint Engine/1_Working/DEL-13-02_Constraint entity and provenance model/ScopeOfWork.md; named refs: PDU-060,projects/chirality-piping/execution/PKG-13_Physical Design Knowledge and Constraint Engine/1_Working/DEL-13-02_Constraint entity and provenance model/ScopeOfWork.md; TM-PIP-046 (deferred decision attention only; governing source retained),RF/dependency HumanDisposition=TBD; no formal closure or scope deletion,PENDING,NONE,HOLD_PENDING_DISPOSITION_AND_DESTINATION_BACKCHECK
DEL-13-03:1,PINNED_2026-09-22_CENSUS,DEL-13-03,PKG-13,IN_PROGRESS,1,"- SCA-011 interface follow-through: PDU-023 now has the DEL-13-03 responsibility home through SCA-011; schema acceptance, application-service binding and per-value/runtime trace production remain outstanding. No GUI/runtime activation or geometric solving is inferred.",projects/chirality-piping/execution/PKG-13_Physical Design Knowledge and Constraint Engine/1_Working/DEL-13-03_Constraint validation engine/_STATUS.md,bfce9dec61790f9a04ce91e202522c77329a5f702eebe01cfd80477efe033b20,"SCA-011 interface follow-through: PDU-023 now has the DEL-13-03 responsibility home through SCA-011; schema acceptance, application-service binding and per-value/runtime trace production remain outstanding. No GUI/runtime activation or geometric solving is inferred.",GOVERNING_SCOPE_CANDIDATE_WITH_UNFINISHED_WITNESS,"projects/chirality-piping/execution/PKG-13_Physical Design Knowledge and Constraint Engine/1_Working/DEL-13-03_Constraint validation engine/_STATUS.md#Remaining; projects/chirality-piping/execution/PKG-13_Physical Design Knowledge and Constraint Engine/1_Working/DEL-13-03_Constraint validation engine/ScopeOfWork.md; named refs: PDU-023, SCA-011",projects/chirality-piping/execution/PKG-13_Physical Design Knowledge and Constraint Engine/1_Working/DEL-13-03_Constraint validation engine/ScopeOfWork.md,Existing governing form; specific surviving meaning requires human review before source removal,PENDING,NONE,HOLD_PENDING_DISPOSITION_AND_DESTINATION_BACKCHECK
DEL-13-03:2,PINNED_2026-09-22_CENSUS,DEL-13-03,PKG-13,IN_PROGRESS,2,"- Hold PDU-023 runtime result-envelope production: the DEL-13-03 home is allocated by SCA-011 but no accepted application-service/result-envelope binding is implemented; paired per-value field paths are schema-valid but are not emitted by this diagnostic validator (source: D-41 R5 T2C E6, 2026-07-12)",projects/chirality-piping/execution/PKG-13_Physical Design Knowledge and Constraint Engine/1_Working/DEL-13-03_Constraint validation engine/_STATUS.md,bfce9dec61790f9a04ce91e202522c77329a5f702eebe01cfd80477efe033b20,"Hold PDU-023 runtime result-envelope production: the DEL-13-03 home is allocated by SCA-011 but no accepted application-service/result-envelope binding is implemented; paired per-value field paths are schema-valid but are not emitted by this diagnostic validator (source: D-41 R5 T2C E6, 2026-07-12)",PDU_HOLD;GOVERNING_SCOPE_RETAINED,"projects/chirality-piping/execution/PKG-13_Physical Design Knowledge and Constraint Engine/1_Working/DEL-13-03_Constraint validation engine/_STATUS.md#Remaining; projects/chirality-piping/execution/PKG-13_Physical Design Knowledge and Constraint Engine/1_Working/DEL-13-03_Constraint validation engine/ScopeOfWork.md; named refs: D-41, PDU-023, SCA-011",projects/chirality-piping/execution/PKG-13_Physical Design Knowledge and Constraint Engine/1_Working/DEL-13-03_Constraint validation engine/ScopeOfWork.md,Preserve protected verification/validation or owner gate at claim source,PENDING,NONE,HOLD_PENDING_DISPOSITION_AND_DESTINATION_BACKCHECK
DEL-13-04:1,PINNED_2026-09-22_CENSUS,DEL-13-04,PKG-13,IN_PROGRESS,1,"- SCA-011 interface follow-through: PDU-023 now has the DEL-13-04 responsibility home through SCA-011; accepted envelope binding and wider scalar/runtime trace evidence remain outstanding. REQ-012 remains unchanged: the internal solver-boundary adapter is not a public API, GUI/runtime path, external prover path or final solver-acceptance claim.",projects/chirality-piping/execution/PKG-13_Physical Design Knowledge and Constraint Engine/1_Working/DEL-13-04_Physical-to-analytical transformation contract/_STATUS.md,1e98417eb47d88504d141b620af532e37bc3d626e466a6af1d4dbd0eb20f5c66,"SCA-011 interface follow-through: PDU-023 now has the DEL-13-04 responsibility home through SCA-011; accepted envelope binding and wider scalar/runtime trace evidence remain outstanding. REQ-012 remains unchanged: the internal solver-boundary adapter is not a public API, GUI/runtime path, external prover…",GOVERNING_SCOPE_CANDIDATE_WITH_UNFINISHED_WITNESS,"projects/chirality-piping/execution/PKG-13_Physical Design Knowledge and Constraint Engine/1_Working/DEL-13-04_Physical-to-analytical transformation contract/_STATUS.md#Remaining; projects/chirality-piping/execution/PKG-13_Physical Design Knowledge and Constraint Engine/1_Working/DEL-13-04_Physical-to-analytical transformation contract/ScopeOfWork.md; named refs: PDU-023, REQ-012, SCA-011",projects/chirality-piping/execution/PKG-13_Physical Design Knowledge and Constraint Engine/1_Working/DEL-13-04_Physical-to-analytical transformation contract/ScopeOfWork.md,Existing governing form; specific surviving meaning requires human review before source removal,PENDING,NONE,HOLD_PENDING_DISPOSITION_AND_DESTINATION_BACKCHECK
DEL-13-04:2,PINNED_2026-09-22_CENSUS,DEL-13-04,PKG-13,IN_PROGRESS,2,"- Hold PDU-023 continuation from analytical field-scalar trace paths into a runtime result envelope until the SCA-011 DEL-13-04 producer responsibility is realized by an accepted binding of those existing contracts (source: D-41 R5 T2C E6, 2026-07-12)",projects/chirality-piping/execution/PKG-13_Physical Design Knowledge and Constraint Engine/1_Working/DEL-13-04_Physical-to-analytical transformation contract/_STATUS.md,1e98417eb47d88504d141b620af532e37bc3d626e466a6af1d4dbd0eb20f5c66,"Hold PDU-023 continuation from analytical field-scalar trace paths into a runtime result envelope until the SCA-011 DEL-13-04 producer responsibility is realized by an accepted binding of those existing contracts (source: D-41 R5 T2C E6, 2026-07-12)",PDU_HOLD;GOVERNING_SCOPE_RETAINED,"projects/chirality-piping/execution/PKG-13_Physical Design Knowledge and Constraint Engine/1_Working/DEL-13-04_Physical-to-analytical transformation contract/_STATUS.md#Remaining; projects/chirality-piping/execution/PKG-13_Physical Design Knowledge and Constraint Engine/1_Working/DEL-13-04_Physical-to-analytical transformation contract/ScopeOfWork.md; named refs: D-41, PDU-023, SCA-011",projects/chirality-piping/execution/PKG-13_Physical Design Knowledge and Constraint Engine/1_Working/DEL-13-04_Physical-to-analytical transformation contract/ScopeOfWork.md,Preserve protected verification/validation or owner gate at claim source,PENDING,NONE,HOLD_PENDING_DISPOSITION_AND_DESTINATION_BACKCHECK
DEL-13-04:3,PINNED_2026-09-22_CENSUS,DEL-13-04,PKG-13,IN_PROGRESS,3,"- Hold PDU-047 broader 3D centerline/frame mechanics suitability validation; the bounded section-property oracle does not independently validate the transform target boundary (source: D-41 R5 T2B E2/E4/E8 evidence-only backcheck, 2026-07-12)",projects/chirality-piping/execution/PKG-13_Physical Design Knowledge and Constraint Engine/1_Working/DEL-13-04_Physical-to-analytical transformation contract/_STATUS.md,1e98417eb47d88504d141b620af532e37bc3d626e466a6af1d4dbd0eb20f5c66,"Hold PDU-047 broader 3D centerline/frame mechanics suitability validation; the bounded section-property oracle does not independently validate the transform target boundary (source: D-41 R5 T2B E2/E4/E8 evidence-only backcheck, 2026-07-12)",PDU_HOLD;GOVERNING_SCOPE_RETAINED,"projects/chirality-piping/execution/PKG-13_Physical Design Knowledge and Constraint Engine/1_Working/DEL-13-04_Physical-to-analytical transformation contract/_STATUS.md#Remaining; projects/chirality-piping/execution/PKG-13_Physical Design Knowledge and Constraint Engine/1_Working/DEL-13-04_Physical-to-analytical transformation contract/ScopeOfWork.md; named refs: D-41, PDU-047",projects/chirality-piping/execution/PKG-13_Physical Design Knowledge and Constraint Engine/1_Working/DEL-13-04_Physical-to-analytical transformation contract/ScopeOfWork.md,Preserve protected verification/validation or owner gate at claim source,PENDING,NONE,HOLD_PENDING_DISPOSITION_AND_DESTINATION_BACKCHECK
DEL-13-04:4,PINNED_2026-09-22_CENSUS,DEL-13-04,PKG-13,IN_PROGRESS,4,"- Preserve PDU-036 as verification-only evidence: the invented trace-gap fixture links one omitted unsupported component to its `ASSUMPTION_WARNING` diagnostic and emits no invalid scalar trace, but independent validation and broader field/runtime-result trace coverage remain open.",projects/chirality-piping/execution/PKG-13_Physical Design Knowledge and Constraint Engine/1_Working/DEL-13-04_Physical-to-analytical transformation contract/_STATUS.md,1e98417eb47d88504d141b620af532e37bc3d626e466a6af1d4dbd0eb20f5c66,"Preserve PDU-036 as verification-only evidence: the invented trace-gap fixture links one omitted unsupported component to its `ASSUMPTION_WARNING` diagnostic and emits no invalid scalar trace, but independent validation and broader field/runtime-result trace coverage remain open.",PDU_HOLD;GOVERNING_SCOPE_RETAINED,projects/chirality-piping/execution/PKG-13_Physical Design Knowledge and Constraint Engine/1_Working/DEL-13-04_Physical-to-analytical transformation contract/_STATUS.md#Remaining; projects/chirality-piping/execution/PKG-13_Physical Design Knowledge and Constraint Engine/1_Working/DEL-13-04_Physical-to-analytical transformation contract/ScopeOfWork.md; named refs: PDU-036,projects/chirality-piping/execution/PKG-13_Physical Design Knowledge and Constraint Engine/1_Working/DEL-13-04_Physical-to-analytical transformation contract/ScopeOfWork.md,Preserve protected verification/validation or owner gate at claim source,PENDING,NONE,HOLD_PENDING_DISPOSITION_AND_DESTINATION_BACKCHECK
DEL-14-01:1,PINNED_2026-09-22_CENSUS,DEL-14-01,PKG-14,IN_PROGRESS,1,- R5 continuation delivery task: Demonstrate immutable model-state persistence/round trips and hash-scope enforcement against `schemas/model_state.schema.json` in the product store. Schema fixtures do not establish durable storage; preserve DEC-017/028 strategy and unresolved partitioning (CLM-006).,"projects/chirality-piping/execution/PKG-14_Model States, Analysis Runs, and Comparison/1_Working/DEL-14-01_Immutable model state records/_STATUS.md",5c425a18c7918fe5a0e67844f01310f9148afb17322e39591fc19416e373d3e9,R5 continuation delivery task: Demonstrate immutable model-state persistence/round trips and hash-scope enforcement against `schemas/model_state.schema.json` in the product store. Schema fixtures do not establish durable storage; preserve DEC-017/028 strategy and unresolved partitioning (CLM-006).,GOVERNING_SCOPE_CANDIDATE_WITH_UNFINISHED_WITNESS,"projects/chirality-piping/execution/PKG-14_Model States, Analysis Runs, and Comparison/1_Working/DEL-14-01_Immutable model state records/_STATUS.md#Remaining; projects/chirality-piping/execution/PKG-14_Model States, Analysis Runs, and Comparison/1_Working/DEL-14-01_Immutable model state records/ScopeOfWork.md; named refs: CLM-006, DEC-017","projects/chirality-piping/execution/PKG-14_Model States, Analysis Runs, and Comparison/1_Working/DEL-14-01_Immutable model state records/ScopeOfWork.md",Existing governing form; specific surviving meaning requires human review before source removal,PENDING,NONE,HOLD_PENDING_DISPOSITION_AND_DESTINATION_BACKCHECK
DEL-14-01:2,PINNED_2026-09-22_CENSUS,DEL-14-01,PKG-14,IN_PROGRESS,2,- Bind external-reference ingestion/consumption for model-state records to governed privacy and protected-content runtime screening; the adapter declaration gate is not that consumer binding.,"projects/chirality-piping/execution/PKG-14_Model States, Analysis Runs, and Comparison/1_Working/DEL-14-01_Immutable model state records/_STATUS.md",5c425a18c7918fe5a0e67844f01310f9148afb17322e39591fc19416e373d3e9,Bind external-reference ingestion/consumption for model-state records to governed privacy and protected-content runtime screening; the adapter declaration gate is not that consumer binding.,GOVERNING_SCOPE_CANDIDATE_WITH_UNFINISHED_WITNESS,"projects/chirality-piping/execution/PKG-14_Model States, Analysis Runs, and Comparison/1_Working/DEL-14-01_Immutable model state records/_STATUS.md#Remaining; projects/chirality-piping/execution/PKG-14_Model States, Analysis Runs, and Comparison/1_Working/DEL-14-01_Immutable model state records/ScopeOfWork.md","projects/chirality-piping/execution/PKG-14_Model States, Analysis Runs, and Comparison/1_Working/DEL-14-01_Immutable model state records/ScopeOfWork.md",Existing governing form; specific surviving meaning requires human review before source removal,PENDING,NONE,HOLD_PENDING_DISPOSITION_AND_DESTINATION_BACKCHECK
DEL-14-01:3,PINNED_2026-09-22_CENSUS,DEL-14-01,PKG-14,IN_PROGRESS,3,"- Phase G program: build immutable model-state records, analysis-run records, state/run comparison engines, mapping/tolerance/export contracts, the comparison workspace GUI, and state/comparison report sections (stage-gated: v0.2 R3) (see also DEL-14-02, DEL-14-03, DEL-14-04, DEL-14-05, DEL-07-08, DEL-08-06) (source: PRD plan §3 Forward Horizon row G / DEC-056/SCA-005)","projects/chirality-piping/execution/PKG-14_Model States, Analysis Runs, and Comparison/1_Working/DEL-14-01_Immutable model state records/_STATUS.md",5c425a18c7918fe5a0e67844f01310f9148afb17322e39591fc19416e373d3e9,"Phase G program: build immutable model-state records, analysis-run records, state/run comparison engines, mapping/tolerance/export contracts, the comparison workspace GUI, and state/comparison report sections (stage-gated: v0.2 R3) (see also DEL-14-02, DEL-14-03, DEL-14-04, DEL-14-05, DEL-07-08,…",PROGRAM_OR_FUTURE_SCOPE;NO_CURRENT_GRAPH_ALLOCATION,"projects/chirality-piping/execution/PKG-14_Model States, Analysis Runs, and Comparison/1_Working/DEL-14-01_Immutable model state records/_STATUS.md#Remaining; projects/chirality-piping/execution/PKG-14_Model States, Analysis Runs, and Comparison/1_Working/DEL-14-01_Immutable model state records/ScopeOfWork.md; named refs: DEC-056, SCA-005","projects/chirality-piping/execution/PKG-14_Model States, Analysis Runs, and Comparison/1_Working/DEL-14-01_Immutable model state records/ScopeOfWork.md",Governing future scope exists; LOOP_INIT has no selected successor work graph,PENDING,NONE,HOLD_PENDING_DISPOSITION_AND_DESTINATION_BACKCHECK
DEL-14-02:1,PINNED_2026-09-22_CENSUS,DEL-14-02,PKG-14,IN_PROGRESS,1,"- R5 continuation delivery task: Complete analysis-run producer/persistence conformance to the version dispatcher: preserve diagnostics, units, record-revision identity and exact source/run basis; verify retained 0.1 versus D-67 0.2 projections without relabeling historical bytes (CLM-006/011/018; AC-001).","projects/chirality-piping/execution/PKG-14_Model States, Analysis Runs, and Comparison/1_Working/DEL-14-02_Analysis run records/_STATUS.md",9ff07578e7dc278d61a0a82f5ffec53346303f8962dcb2035687a5f8bb6e4d91,"R5 continuation delivery task: Complete analysis-run producer/persistence conformance to the version dispatcher: preserve diagnostics, units, record-revision identity and exact source/run basis; verify retained 0.1 versus D-67 0.2 projections without relabeling historical bytes (CLM-006/011/018; AC-001).",GOVERNING_SCOPE_CANDIDATE_WITH_UNFINISHED_WITNESS,"projects/chirality-piping/execution/PKG-14_Model States, Analysis Runs, and Comparison/1_Working/DEL-14-02_Analysis run records/_STATUS.md#Remaining; projects/chirality-piping/execution/PKG-14_Model States, Analysis Runs, and Comparison/1_Working/DEL-14-02_Analysis run records/ScopeOfWork.md; named refs: CLM-006, D-67","projects/chirality-piping/execution/PKG-14_Model States, Analysis Runs, and Comparison/1_Working/DEL-14-02_Analysis run records/ScopeOfWork.md",Existing governing form; specific surviving meaning requires human review before source removal,PENDING,NONE,HOLD_PENDING_DISPOSITION_AND_DESTINATION_BACKCHECK
DEL-14-02:2,PINNED_2026-09-22_CENSUS,DEL-14-02,PKG-14,IN_PROGRESS,2,"- Complete explicit solve-required and rule-check-required diagnostic breadth at the producer; the persisted-run report handoff preserves existing records only, and PDU-033's unit/dimension hold remains.","projects/chirality-piping/execution/PKG-14_Model States, Analysis Runs, and Comparison/1_Working/DEL-14-02_Analysis run records/_STATUS.md",9ff07578e7dc278d61a0a82f5ffec53346303f8962dcb2035687a5f8bb6e4d91,"Complete explicit solve-required and rule-check-required diagnostic breadth at the producer; the persisted-run report handoff preserves existing records only, and PDU-033's unit/dimension hold remains.",PDU_HOLD;GOVERNING_SCOPE_RETAINED,"projects/chirality-piping/execution/PKG-14_Model States, Analysis Runs, and Comparison/1_Working/DEL-14-02_Analysis run records/_STATUS.md#Remaining; projects/chirality-piping/execution/PKG-14_Model States, Analysis Runs, and Comparison/1_Working/DEL-14-02_Analysis run records/ScopeOfWork.md; named refs: PDU-033","projects/chirality-piping/execution/PKG-14_Model States, Analysis Runs, and Comparison/1_Working/DEL-14-02_Analysis run records/ScopeOfWork.md",Preserve protected verification/validation or owner gate at claim source,PENDING,NONE,HOLD_PENDING_DISPOSITION_AND_DESTINATION_BACKCHECK
DEL-14-02:3,PINNED_2026-09-22_CENSUS,DEL-14-02,PKG-14,IN_PROGRESS,3,"- Preserve PDU-033 for producer-supplied physical dimensions and other governed result metadata absent from received rows. The accepted foundation implements exact-version analysis record 0.2 under checked profile `openpipestress_jcs_ijson_v1`, retains both historical 0.1 profiles, records immutable rule-check revisions, and scopes legacy interpretation. Raw source rows remain unchanged; semantic interpretation beside them does not create missing producer evidence, and explicit `unverifiable` states do not close PDU-033.","projects/chirality-piping/execution/PKG-14_Model States, Analysis Runs, and Comparison/1_Working/DEL-14-02_Analysis run records/_STATUS.md",9ff07578e7dc278d61a0a82f5ffec53346303f8962dcb2035687a5f8bb6e4d91,"Preserve PDU-033 for producer-supplied physical dimensions and other governed result metadata absent from received rows. The accepted foundation implements exact-version analysis record 0.2 under checked profile `openpipestress_jcs_ijson_v1`, retains both historical 0.1 profiles, records immutable…",PDU_HOLD;GOVERNING_SCOPE_RETAINED,"projects/chirality-piping/execution/PKG-14_Model States, Analysis Runs, and Comparison/1_Working/DEL-14-02_Analysis run records/_STATUS.md#Remaining; projects/chirality-piping/execution/PKG-14_Model States, Analysis Runs, and Comparison/1_Working/DEL-14-02_Analysis run records/ScopeOfWork.md; named refs: PDU-033","projects/chirality-piping/execution/PKG-14_Model States, Analysis Runs, and Comparison/1_Working/DEL-14-02_Analysis run records/ScopeOfWork.md",Preserve protected verification/validation or owner gate at claim source,PENDING,NONE,HOLD_PENDING_DISPOSITION_AND_DESTINATION_BACKCHECK
DEL-14-03:1,PINNED_2026-09-22_CENSUS,DEL-14-03,PKG-14,IN_PROGRESS,1,"- R5 continuation delivery task: Demonstrate the state comparison contract in product integration, including mapping, units/missing-data diagnostics and preservation of source metadata. Reference engine fixtures are bounded evidence; unresolved normalization and fixture provenance remain explicit (CLM-015/022/023/031).","projects/chirality-piping/execution/PKG-14_Model States, Analysis Runs, and Comparison/1_Working/DEL-14-03_Model-state comparison engine/_STATUS.md",a5b440caea9de4ab4356ee50d51c18512a363df6f3174cb4ac826da2b29ab7c6,"R5 continuation delivery task: Demonstrate the state comparison contract in product integration, including mapping, units/missing-data diagnostics and preservation of source metadata. Reference engine fixtures are bounded evidence; unresolved normalization and fixture provenance remain explicit…",GOVERNING_SCOPE_CANDIDATE_WITH_UNFINISHED_WITNESS,"projects/chirality-piping/execution/PKG-14_Model States, Analysis Runs, and Comparison/1_Working/DEL-14-03_Model-state comparison engine/_STATUS.md#Remaining; projects/chirality-piping/execution/PKG-14_Model States, Analysis Runs, and Comparison/1_Working/DEL-14-03_Model-state comparison engine/ScopeOfWork.md; named refs: CLM-015","projects/chirality-piping/execution/PKG-14_Model States, Analysis Runs, and Comparison/1_Working/DEL-14-03_Model-state comparison engine/ScopeOfWork.md",Existing governing form; specific surviving meaning requires human review before source removal,PENDING,NONE,HOLD_PENDING_DISPOSITION_AND_DESTINATION_BACKCHECK
DEL-14-03:2,PINNED_2026-09-22_CENSUS,DEL-14-03,PKG-14,IN_PROGRESS,2,"- SCA-011 interface follow-through: Demonstrate valid/invalid schema witnesses, deterministic source-preserving mapping and export round trips after the DEL-14-05 output schema is accepted. Existing human-review dispositions remain open.","projects/chirality-piping/execution/PKG-14_Model States, Analysis Runs, and Comparison/1_Working/DEL-14-03_Model-state comparison engine/_STATUS.md",a5b440caea9de4ab4356ee50d51c18512a363df6f3174cb4ac826da2b29ab7c6,"SCA-011 interface follow-through: Demonstrate valid/invalid schema witnesses, deterministic source-preserving mapping and export round trips after the DEL-14-05 output schema is accepted. Existing human-review dispositions remain open.",GOVERNING_SCOPE_CANDIDATE_WITH_UNFINISHED_WITNESS,"projects/chirality-piping/execution/PKG-14_Model States, Analysis Runs, and Comparison/1_Working/DEL-14-03_Model-state comparison engine/_STATUS.md#Remaining; projects/chirality-piping/execution/PKG-14_Model States, Analysis Runs, and Comparison/1_Working/DEL-14-03_Model-state comparison engine/ScopeOfWork.md; named refs: SCA-011","projects/chirality-piping/execution/PKG-14_Model States, Analysis Runs, and Comparison/1_Working/DEL-14-03_Model-state comparison engine/ScopeOfWork.md",Existing governing form; specific surviving meaning requires human review before source removal,PENDING,NONE,HOLD_PENDING_DISPOSITION_AND_DESTINATION_BACKCHECK
DEL-14-03:3,PINNED_2026-09-22_CENSUS,DEL-14-03,PKG-14,IN_PROGRESS,3,- Obtain owning human-review dispositions for open `RF-001` (dependency-closure visibility) and `RF-002` (documentation currentness). Preserve prerequisite authority and defer any document refresh to its authorized tranche; do not infer closure from current defensive consumers or fixtures (PDU-060).,"projects/chirality-piping/execution/PKG-14_Model States, Analysis Runs, and Comparison/1_Working/DEL-14-03_Model-state comparison engine/_STATUS.md",a5b440caea9de4ab4356ee50d51c18512a363df6f3174cb4ac826da2b29ab7c6,Obtain owning human-review dispositions for open `RF-001` (dependency-closure visibility) and `RF-002` (documentation currentness). Preserve prerequisite authority and defer any document refresh to its authorized tranche; do not infer closure from current defensive consumers or fixtures (PDU-060).,HUMAN_REVIEW_DISPOSITION_PENDING;TECHNICAL_SCOPE_RETAINED,"projects/chirality-piping/execution/PKG-14_Model States, Analysis Runs, and Comparison/1_Working/DEL-14-03_Model-state comparison engine/_STATUS.md#Remaining; projects/chirality-piping/execution/PKG-14_Model States, Analysis Runs, and Comparison/1_Working/DEL-14-03_Model-state comparison engine/ScopeOfWork.md; named refs: PDU-060, RF-001, RF-002","projects/chirality-piping/execution/PKG-14_Model States, Analysis Runs, and Comparison/1_Working/DEL-14-03_Model-state comparison engine/ScopeOfWork.md; TM-PIP-046 (deferred decision attention only; governing source retained)",RF/dependency HumanDisposition=TBD; no formal closure or scope deletion,PENDING,NONE,HOLD_PENDING_DISPOSITION_AND_DESTINATION_BACKCHECK
DEL-14-04:1,PINNED_2026-09-22_CENSUS,DEL-14-04,PKG-14,IN_PROGRESS,1,"- R5 continuation delivery task: Demonstrate actual producer diagnostic/settings and unit-aware delta behavior through the runtime comparison path, retaining raw deltas and missing-data diagnostics. Bind reference fixtures and provenance; keep OI-014 default tolerance/workflow decisions separate and unchanged (CLM-006/015/035).","projects/chirality-piping/execution/PKG-14_Model States, Analysis Runs, and Comparison/1_Working/DEL-14-04_Analysis-run comparison engine/_STATUS.md",25d31f0d409f1337716eb8402c04cbf0279aafa32b2ffc3c40a9099761dfa484,"R5 continuation delivery task: Demonstrate actual producer diagnostic/settings and unit-aware delta behavior through the runtime comparison path, retaining raw deltas and missing-data diagnostics. Bind reference fixtures and provenance; keep OI-014 default tolerance/workflow decisions separate and…",GOVERNING_SCOPE_CANDIDATE_WITH_UNFINISHED_WITNESS,"projects/chirality-piping/execution/PKG-14_Model States, Analysis Runs, and Comparison/1_Working/DEL-14-04_Analysis-run comparison engine/_STATUS.md#Remaining; projects/chirality-piping/execution/PKG-14_Model States, Analysis Runs, and Comparison/1_Working/DEL-14-04_Analysis-run comparison engine/ScopeOfWork.md; named refs: CLM-006","projects/chirality-piping/execution/PKG-14_Model States, Analysis Runs, and Comparison/1_Working/DEL-14-04_Analysis-run comparison engine/ScopeOfWork.md",Existing governing form; specific surviving meaning requires human review before source removal,PENDING,NONE,HOLD_PENDING_DISPOSITION_AND_DESTINATION_BACKCHECK
DEL-14-04:2,PINNED_2026-09-22_CENSUS,DEL-14-04,PKG-14,IN_PROGRESS,2,"- SCA-011 interface follow-through: PDU-011 has a named output-schema owner at DEL-14-05, but output-schema acceptance and producer conformance remain outstanding. PDU-047 engineering suitability and governed tolerance values remain held; a schema draft or structural check does not discharge either.","projects/chirality-piping/execution/PKG-14_Model States, Analysis Runs, and Comparison/1_Working/DEL-14-04_Analysis-run comparison engine/_STATUS.md",25d31f0d409f1337716eb8402c04cbf0279aafa32b2ffc3c40a9099761dfa484,"SCA-011 interface follow-through: PDU-011 has a named output-schema owner at DEL-14-05, but output-schema acceptance and producer conformance remain outstanding. PDU-047 engineering suitability and governed tolerance values remain held; a schema draft or structural check does not discharge either.",GOVERNING_SCOPE_CANDIDATE_WITH_UNFINISHED_WITNESS,"projects/chirality-piping/execution/PKG-14_Model States, Analysis Runs, and Comparison/1_Working/DEL-14-04_Analysis-run comparison engine/_STATUS.md#Remaining; projects/chirality-piping/execution/PKG-14_Model States, Analysis Runs, and Comparison/1_Working/DEL-14-04_Analysis-run comparison engine/ScopeOfWork.md; named refs: PDU-011, PDU-047, SCA-011","projects/chirality-piping/execution/PKG-14_Model States, Analysis Runs, and Comparison/1_Working/DEL-14-04_Analysis-run comparison engine/ScopeOfWork.md",Existing governing form; specific surviving meaning requires human review before source removal,PENDING,NONE,HOLD_PENDING_DISPOSITION_AND_DESTINATION_BACKCHECK
DEL-14-04:3,PINNED_2026-09-22_CENSUS,DEL-14-04,PKG-14,IN_PROGRESS,3,"- Hold PDU-011 comparison-output schema conformance until an authoritative analysis-run comparison-result/export schema is accepted; current mapping and tolerance schemas govern inputs only (source: D-41 R5 T2B bounded schema check, 2026-07-12)","projects/chirality-piping/execution/PKG-14_Model States, Analysis Runs, and Comparison/1_Working/DEL-14-04_Analysis-run comparison engine/_STATUS.md",25d31f0d409f1337716eb8402c04cbf0279aafa32b2ffc3c40a9099761dfa484,"Hold PDU-011 comparison-output schema conformance until an authoritative analysis-run comparison-result/export schema is accepted; current mapping and tolerance schemas govern inputs only (source: D-41 R5 T2B bounded schema check, 2026-07-12)",PDU_HOLD;GOVERNING_SCOPE_RETAINED,"projects/chirality-piping/execution/PKG-14_Model States, Analysis Runs, and Comparison/1_Working/DEL-14-04_Analysis-run comparison engine/_STATUS.md#Remaining; projects/chirality-piping/execution/PKG-14_Model States, Analysis Runs, and Comparison/1_Working/DEL-14-04_Analysis-run comparison engine/ScopeOfWork.md; named refs: D-41, PDU-011","projects/chirality-piping/execution/PKG-14_Model States, Analysis Runs, and Comparison/1_Working/DEL-14-04_Analysis-run comparison engine/ScopeOfWork.md",Preserve protected verification/validation or owner gate at claim source,PENDING,NONE,HOLD_PENDING_DISPOSITION_AND_DESTINATION_BACKCHECK
DEL-14-04:4,PINNED_2026-09-22_CENSUS,DEL-14-04,PKG-14,IN_PROGRESS,4,"- Hold PDU-047 engineering-validation/suitability of unit-normalized comparison mechanics; the section-property witness is not an authorized tolerance or comparison-validation basis and section-property results are outside the engine's current supported result families (source: D-41 R5 T2B E2/E4/E8 evidence-only backcheck, 2026-07-12)","projects/chirality-piping/execution/PKG-14_Model States, Analysis Runs, and Comparison/1_Working/DEL-14-04_Analysis-run comparison engine/_STATUS.md",25d31f0d409f1337716eb8402c04cbf0279aafa32b2ffc3c40a9099761dfa484,Hold PDU-047 engineering-validation/suitability of unit-normalized comparison mechanics; the section-property witness is not an authorized tolerance or comparison-validation basis and section-property results are outside the engine's current supported result families (source: D-41 R5 T2B E2/E4/E8…,PDU_HOLD;GOVERNING_SCOPE_RETAINED,"projects/chirality-piping/execution/PKG-14_Model States, Analysis Runs, and Comparison/1_Working/DEL-14-04_Analysis-run comparison engine/_STATUS.md#Remaining; projects/chirality-piping/execution/PKG-14_Model States, Analysis Runs, and Comparison/1_Working/DEL-14-04_Analysis-run comparison engine/ScopeOfWork.md; named refs: D-41, PDU-047","projects/chirality-piping/execution/PKG-14_Model States, Analysis Runs, and Comparison/1_Working/DEL-14-04_Analysis-run comparison engine/ScopeOfWork.md",Preserve protected verification/validation or owner gate at claim source,PENDING,NONE,HOLD_PENDING_DISPOSITION_AND_DESTINATION_BACKCHECK
DEL-14-05:1,PINNED_2026-09-22_CENSUS,DEL-14-05,PKG-14,IN_PROGRESS,1,"- R5 continuation delivery task: Demonstrate emitted JSON/CSV and runtime mapping/tolerance conformance to `schemas/comparison_mapping.schema.json`, including stable IDs, units, diagnostics, provenance and privacy. Schema/test existence does not close actual export or report coverage; OI-014 defaults remain open (CLM-005/006/013).","projects/chirality-piping/execution/PKG-14_Model States, Analysis Runs, and Comparison/1_Working/DEL-14-05_Comparison mapping, tolerance, and export contracts/_STATUS.md",f016207b6e0f9cab74a602914bf71c1eae0d05ddcb50365226b068bc2eeaa115,"R5 continuation delivery task: Demonstrate emitted JSON/CSV and runtime mapping/tolerance conformance to `schemas/comparison_mapping.schema.json`, including stable IDs, units, diagnostics, provenance and privacy. Schema/test existence does not close actual export or report coverage; OI-014 defaults remain…",GOVERNING_SCOPE_CANDIDATE_WITH_UNFINISHED_WITNESS,"projects/chirality-piping/execution/PKG-14_Model States, Analysis Runs, and Comparison/1_Working/DEL-14-05_Comparison mapping, tolerance, and export contracts/_STATUS.md#Remaining; projects/chirality-piping/execution/PKG-14_Model States, Analysis Runs, and Comparison/1_Working/DEL-14-05_Comparison mapping, tolerance, and export contracts/ScopeOfWork.md; named refs: CLM-005","projects/chirality-piping/execution/PKG-14_Model States, Analysis Runs, and Comparison/1_Working/DEL-14-05_Comparison mapping, tolerance, and export contracts/ScopeOfWork.md",Existing governing form; specific surviving meaning requires human review before source removal,PENDING,NONE,HOLD_PENDING_DISPOSITION_AND_DESTINATION_BACKCHECK
DEL-14-05:2,PINNED_2026-09-22_CENSUS,DEL-14-05,PKG-14,IN_PROGRESS,2,"- SCA-011 interface follow-through: Review and accept the named ComparisonResult draft or its explicit successor before producer conformance claims; bind mapping, unmatched accounting, tolerance references, units, diagnostics and reporting handoff without selecting numeric tolerances or report layout.","projects/chirality-piping/execution/PKG-14_Model States, Analysis Runs, and Comparison/1_Working/DEL-14-05_Comparison mapping, tolerance, and export contracts/_STATUS.md",f016207b6e0f9cab74a602914bf71c1eae0d05ddcb50365226b068bc2eeaa115,"SCA-011 interface follow-through: Review and accept the named ComparisonResult draft or its explicit successor before producer conformance claims; bind mapping, unmatched accounting, tolerance references, units, diagnostics and reporting handoff without selecting numeric tolerances or report layout.",GOVERNING_SCOPE_CANDIDATE_WITH_UNFINISHED_WITNESS,"projects/chirality-piping/execution/PKG-14_Model States, Analysis Runs, and Comparison/1_Working/DEL-14-05_Comparison mapping, tolerance, and export contracts/_STATUS.md#Remaining; projects/chirality-piping/execution/PKG-14_Model States, Analysis Runs, and Comparison/1_Working/DEL-14-05_Comparison mapping, tolerance, and export contracts/ScopeOfWork.md; named refs: SCA-011","projects/chirality-piping/execution/PKG-14_Model States, Analysis Runs, and Comparison/1_Working/DEL-14-05_Comparison mapping, tolerance, and export contracts/ScopeOfWork.md",Existing governing form; specific surviving meaning requires human review before source removal,PENDING,NONE,HOLD_PENDING_DISPOSITION_AND_DESTINATION_BACKCHECK
DEL-14-05:3,PINNED_2026-09-22_CENSUS,DEL-14-05,PKG-14,IN_PROGRESS,3,- Keep PDU-037 engine determinism owned by DEL-14-04 and tolerance/independent-validation outcomes open; refreshed deterministic backcheck does not move engine logic or validate tolerance suitability.,"projects/chirality-piping/execution/PKG-14_Model States, Analysis Runs, and Comparison/1_Working/DEL-14-05_Comparison mapping, tolerance, and export contracts/_STATUS.md",f016207b6e0f9cab74a602914bf71c1eae0d05ddcb50365226b068bc2eeaa115,Keep PDU-037 engine determinism owned by DEL-14-04 and tolerance/independent-validation outcomes open; refreshed deterministic backcheck does not move engine logic or validate tolerance suitability.,GOVERNING_SCOPE_CANDIDATE_WITH_UNFINISHED_WITNESS,"projects/chirality-piping/execution/PKG-14_Model States, Analysis Runs, and Comparison/1_Working/DEL-14-05_Comparison mapping, tolerance, and export contracts/_STATUS.md#Remaining; projects/chirality-piping/execution/PKG-14_Model States, Analysis Runs, and Comparison/1_Working/DEL-14-05_Comparison mapping, tolerance, and export contracts/ScopeOfWork.md; named refs: PDU-037","projects/chirality-piping/execution/PKG-14_Model States, Analysis Runs, and Comparison/1_Working/DEL-14-05_Comparison mapping, tolerance, and export contracts/ScopeOfWork.md",Existing governing form; specific surviving meaning requires human review before source removal,PENDING,NONE,HOLD_PENDING_DISPOSITION_AND_DESTINATION_BACKCHECK
DEL-14-05:4,PINNED_2026-09-22_CENSUS,DEL-14-05,PKG-14,IN_PROGRESS,4,- Bind comparison export/report-section references through the reporting owner with explicit analysis-status and limitation preservation; the current T4 evidence covers persisted state/run records only and does not select layout or tolerance policy.,"projects/chirality-piping/execution/PKG-14_Model States, Analysis Runs, and Comparison/1_Working/DEL-14-05_Comparison mapping, tolerance, and export contracts/_STATUS.md",f016207b6e0f9cab74a602914bf71c1eae0d05ddcb50365226b068bc2eeaa115,Bind comparison export/report-section references through the reporting owner with explicit analysis-status and limitation preservation; the current T4 evidence covers persisted state/run records only and does not select layout or tolerance policy.,GOVERNING_SCOPE_CANDIDATE_WITH_UNFINISHED_WITNESS,"projects/chirality-piping/execution/PKG-14_Model States, Analysis Runs, and Comparison/1_Working/DEL-14-05_Comparison mapping, tolerance, and export contracts/_STATUS.md#Remaining; projects/chirality-piping/execution/PKG-14_Model States, Analysis Runs, and Comparison/1_Working/DEL-14-05_Comparison mapping, tolerance, and export contracts/ScopeOfWork.md","projects/chirality-piping/execution/PKG-14_Model States, Analysis Runs, and Comparison/1_Working/DEL-14-05_Comparison mapping, tolerance, and export contracts/ScopeOfWork.md",Existing governing form; specific surviving meaning requires human review before source removal,PENDING,NONE,HOLD_PENDING_DISPOSITION_AND_DESTINATION_BACKCHECK
DEL-15-01:1,PINNED_2026-09-22_CENSUS,DEL-15-01,PKG-15,IN_PROGRESS,1,"- R5 continuation delivery task: Reconcile and verify the handoff public contract against its schema without deleting required semantics: Checksum provenance placement, UnitsManifestRef entries/diagnostics coverage, and EntityIdManifest identity/traceability representation remain concrete conformance tasks (CLM-006 rows 2/4/5; CLM-011 R03/R04).",projects/chirality-piping/execution/PKG-15_Handoff and External Prover Workflow/1_Working/DEL-15-01_Canonical handoff package schema and manifest/_STATUS.md,92b94ac4f8b140ddcef8bea36726621535948664e9d60cd0a052bb9d30e33d8d,"R5 continuation delivery task: Reconcile and verify the handoff public contract against its schema without deleting required semantics: Checksum provenance placement, UnitsManifestRef entries/diagnostics coverage, and EntityIdManifest identity/traceability representation remain concrete conformance tasks…",GOVERNING_SCOPE_CANDIDATE_WITH_UNFINISHED_WITNESS,"projects/chirality-piping/execution/PKG-15_Handoff and External Prover Workflow/1_Working/DEL-15-01_Canonical handoff package schema and manifest/_STATUS.md#Remaining; projects/chirality-piping/execution/PKG-15_Handoff and External Prover Workflow/1_Working/DEL-15-01_Canonical handoff package schema and manifest/ScopeOfWork.md; named refs: CLM-006, CLM-011",projects/chirality-piping/execution/PKG-15_Handoff and External Prover Workflow/1_Working/DEL-15-01_Canonical handoff package schema and manifest/ScopeOfWork.md,Existing governing form; specific surviving meaning requires human review before source removal,PENDING,NONE,HOLD_PENDING_DISPOSITION_AND_DESTINATION_BACKCHECK
DEL-15-01:2,PINNED_2026-09-22_CENSUS,DEL-15-01,PKG-15,IN_PROGRESS,2,"- Phase H program: design-knowledge schema/entry and constraint engine, physical-to-analytical transform contract, canonical handoff package + manifest, target-mapping/unsupported-behavior contract, downstream export workflow, external-prover boundary metadata, and remaining PKG-17 wire-format completion (stage-gated: v0.2 R6; DEL-17-01 vendor questions gate CAEPIPE MBF-specific claims) (see also DEL-13-01..04, DEL-15-02, DEL-15-03, DEL-15-04, DEL-17-01..09) (source: PRD plan §3 Forward Horizon row H / DEC-056)",projects/chirality-piping/execution/PKG-15_Handoff and External Prover Workflow/1_Working/DEL-15-01_Canonical handoff package schema and manifest/_STATUS.md,92b94ac4f8b140ddcef8bea36726621535948664e9d60cd0a052bb9d30e33d8d,"Phase H program: design-knowledge schema/entry and constraint engine, physical-to-analytical transform contract, canonical handoff package + manifest, target-mapping/unsupported-behavior contract, downstream export workflow, external-prover boundary metadata, and remaining PKG-17 wire-format completion…",PROGRAM_OR_FUTURE_SCOPE;NO_CURRENT_GRAPH_ALLOCATION,projects/chirality-piping/execution/PKG-15_Handoff and External Prover Workflow/1_Working/DEL-15-01_Canonical handoff package schema and manifest/_STATUS.md#Remaining; projects/chirality-piping/execution/PKG-15_Handoff and External Prover Workflow/1_Working/DEL-15-01_Canonical handoff package schema and manifest/ScopeOfWork.md; named refs: DEC-056,projects/chirality-piping/execution/PKG-15_Handoff and External Prover Workflow/1_Working/DEL-15-01_Canonical handoff package schema and manifest/ScopeOfWork.md,Governing future scope exists; LOOP_INIT has no selected successor work graph,PENDING,NONE,HOLD_PENDING_DISPOSITION_AND_DESTINATION_BACKCHECK
DEL-15-01:3,PINNED_2026-09-22_CENSUS,DEL-15-01,PKG-15,IN_PROGRESS,3,"- Obtain owning human-review dispositions for open `RF-001` and `RF-002`; both retain `HumanDisposition=TBD`, and technically corrected schema/currentness/target wording does not formally close either finding (PDU-060).",projects/chirality-piping/execution/PKG-15_Handoff and External Prover Workflow/1_Working/DEL-15-01_Canonical handoff package schema and manifest/_STATUS.md,92b94ac4f8b140ddcef8bea36726621535948664e9d60cd0a052bb9d30e33d8d,"Obtain owning human-review dispositions for open `RF-001` and `RF-002`; both retain `HumanDisposition=TBD`, and technically corrected schema/currentness/target wording does not formally close either finding (PDU-060).",HUMAN_REVIEW_DISPOSITION_PENDING;TECHNICAL_SCOPE_RETAINED,"projects/chirality-piping/execution/PKG-15_Handoff and External Prover Workflow/1_Working/DEL-15-01_Canonical handoff package schema and manifest/_STATUS.md#Remaining; projects/chirality-piping/execution/PKG-15_Handoff and External Prover Workflow/1_Working/DEL-15-01_Canonical handoff package schema and manifest/ScopeOfWork.md; named refs: PDU-060, RF-001, RF-002",projects/chirality-piping/execution/PKG-15_Handoff and External Prover Workflow/1_Working/DEL-15-01_Canonical handoff package schema and manifest/ScopeOfWork.md; TM-PIP-046 (deferred decision attention only; governing source retained),RF/dependency HumanDisposition=TBD; no formal closure or scope deletion,PENDING,NONE,HOLD_PENDING_DISPOSITION_AND_DESTINATION_BACKCHECK
DEL-15-02:1,PINNED_2026-09-22_CENSUS,DEL-15-02,PKG-15,IN_PROGRESS,1,"- R5 continuation delivery task: Demonstrate target-mapping output conformance and loss/diagnostic preservation with actual exporter binding (model hash and units reference), including target-specific mappings and taxonomy; metadata-only schema/reference evidence is insufficient for target support (CLM-006/019/020).",projects/chirality-piping/execution/PKG-15_Handoff and External Prover Workflow/1_Working/DEL-15-02_Target mapping and unsupported-behavior contract/_STATUS.md,9c254f8bd1e9e684be5c51f562423c2e733599ade650fd608fb9fdb4a0ed94cc,"R5 continuation delivery task: Demonstrate target-mapping output conformance and loss/diagnostic preservation with actual exporter binding (model hash and units reference), including target-specific mappings and taxonomy; metadata-only schema/reference evidence is insufficient for target support…",GOVERNING_SCOPE_CANDIDATE_WITH_UNFINISHED_WITNESS,projects/chirality-piping/execution/PKG-15_Handoff and External Prover Workflow/1_Working/DEL-15-02_Target mapping and unsupported-behavior contract/_STATUS.md#Remaining; projects/chirality-piping/execution/PKG-15_Handoff and External Prover Workflow/1_Working/DEL-15-02_Target mapping and unsupported-behavior contract/ScopeOfWork.md; named refs: CLM-006,projects/chirality-piping/execution/PKG-15_Handoff and External Prover Workflow/1_Working/DEL-15-02_Target mapping and unsupported-behavior contract/ScopeOfWork.md,Existing governing form; specific surviving meaning requires human review before source removal,PENDING,NONE,HOLD_PENDING_DISPOSITION_AND_DESTINATION_BACKCHECK
DEL-15-02:2,PINNED_2026-09-22_CENSUS,DEL-15-02,PKG-15,IN_PROGRESS,2,"- Obtain owning human dispositions for `DEL-15-02-PKG02-001`, `RF-001`, and `RF-002`; all remain technically addressed/open with `HumanDisposition=TBD`, and current mapping/privacy/currentness evidence does not create approval or formal closure (PDU-060).",projects/chirality-piping/execution/PKG-15_Handoff and External Prover Workflow/1_Working/DEL-15-02_Target mapping and unsupported-behavior contract/_STATUS.md,9c254f8bd1e9e684be5c51f562423c2e733599ade650fd608fb9fdb4a0ed94cc,"Obtain owning human dispositions for `DEL-15-02-PKG02-001`, `RF-001`, and `RF-002`; all remain technically addressed/open with `HumanDisposition=TBD`, and current mapping/privacy/currentness evidence does not create approval or formal closure (PDU-060).",HUMAN_REVIEW_DISPOSITION_PENDING;TECHNICAL_SCOPE_RETAINED,"projects/chirality-piping/execution/PKG-15_Handoff and External Prover Workflow/1_Working/DEL-15-02_Target mapping and unsupported-behavior contract/_STATUS.md#Remaining; projects/chirality-piping/execution/PKG-15_Handoff and External Prover Workflow/1_Working/DEL-15-02_Target mapping and unsupported-behavior contract/ScopeOfWork.md; named refs: PDU-060, RF-001, RF-002",projects/chirality-piping/execution/PKG-15_Handoff and External Prover Workflow/1_Working/DEL-15-02_Target mapping and unsupported-behavior contract/ScopeOfWork.md; TM-PIP-046 (deferred decision attention only; governing source retained),RF/dependency HumanDisposition=TBD; no formal closure or scope deletion,PENDING,NONE,HOLD_PENDING_DISPOSITION_AND_DESTINATION_BACKCHECK
DEL-15-03:1,PINNED_2026-09-22_CENSUS,DEL-15-03,PKG-15,IN_PROGRESS,1,"- Obtain owning human dispositions for `DEL-15-03-PKG02-001`, `RF-001`, and `RF-002`; all retain `HumanDisposition=TBD`, and implemented authority screening/currentness/target-boundary remediation does not formally close them (PDU-060).",projects/chirality-piping/execution/PKG-15_Handoff and External Prover Workflow/1_Working/DEL-15-03_Downstream modeling export workflow/_STATUS.md,fdbd1d6c7203f9d4dcbac64e1554fb912093167f97e04373d2c7477171420b41,"Obtain owning human dispositions for `DEL-15-03-PKG02-001`, `RF-001`, and `RF-002`; all retain `HumanDisposition=TBD`, and implemented authority screening/currentness/target-boundary remediation does not formally close them (PDU-060).",HUMAN_REVIEW_DISPOSITION_PENDING;TECHNICAL_SCOPE_RETAINED,"projects/chirality-piping/execution/PKG-15_Handoff and External Prover Workflow/1_Working/DEL-15-03_Downstream modeling export workflow/_STATUS.md#Remaining; projects/chirality-piping/execution/PKG-15_Handoff and External Prover Workflow/1_Working/DEL-15-03_Downstream modeling export workflow/ScopeOfWork.md; named refs: PDU-060, RF-001, RF-002",projects/chirality-piping/execution/PKG-15_Handoff and External Prover Workflow/1_Working/DEL-15-03_Downstream modeling export workflow/ScopeOfWork.md; TM-PIP-046 (deferred decision attention only; governing source retained),RF/dependency HumanDisposition=TBD; no formal closure or scope deletion,PENDING,NONE,HOLD_PENDING_DISPOSITION_AND_DESTINATION_BACKCHECK
DEL-15-04:1,PINNED_2026-09-22_CENSUS,DEL-15-04,PKG-15,IN_PROGRESS,1,"- Obtain the owning human-review disposition for open `RF-001`; `HumanDisposition` remains `TBD`, and corrected Guidance/schema evidence does not formally close the finding (PDU-060).",projects/chirality-piping/execution/PKG-15_Handoff and External Prover Workflow/1_Working/DEL-15-04_External prover boundary metadata/_STATUS.md,e7e8b6635aa9e91d016afbd2692ad5765e17b4e4483dbf3b391a0f2bcead6a79,"Obtain the owning human-review disposition for open `RF-001`; `HumanDisposition` remains `TBD`, and corrected Guidance/schema evidence does not formally close the finding (PDU-060).",HUMAN_REVIEW_DISPOSITION_PENDING;TECHNICAL_SCOPE_RETAINED,"projects/chirality-piping/execution/PKG-15_Handoff and External Prover Workflow/1_Working/DEL-15-04_External prover boundary metadata/_STATUS.md#Remaining; projects/chirality-piping/execution/PKG-15_Handoff and External Prover Workflow/1_Working/DEL-15-04_External prover boundary metadata/ScopeOfWork.md; named refs: PDU-060, RF-001",projects/chirality-piping/execution/PKG-15_Handoff and External Prover Workflow/1_Working/DEL-15-04_External prover boundary metadata/ScopeOfWork.md; TM-PIP-046 (deferred decision attention only; governing source retained),RF/dependency HumanDisposition=TBD; no formal closure or scope deletion,PENDING,NONE,HOLD_PENDING_DISPOSITION_AND_DESTINATION_BACKCHECK
DEL-16-01:1,PINNED_2026-09-22_CENSUS,DEL-16-01,PKG-16,IN_PROGRESS,1,- R5 continuation delivery task: Reconcile the unchanged public operation-schema contract with DEC-094/SCA-009 vocabulary and actual runtime operations under SCA-011 ownership. Prove required unit/model-basis/hash/diagnostic guarantees without treating the schema enum as the complete taxonomy or silently ratifying new interface fields (CLM-003/004/017/026).,projects/chirality-piping/execution/PKG-16_Model Operation and Agent Proposal Framework/1_Working/DEL-16-01_Structured model operation schema/_STATUS.md,28477d37bce84331540ebeadf7a4d7526f92fa99fc3af25ac9c2b36f4a5e3a5a,R5 continuation delivery task: Reconcile the unchanged public operation-schema contract with DEC-094/SCA-009 vocabulary and actual runtime operations under SCA-011 ownership. Prove required unit/model-basis/hash/diagnostic guarantees without treating the schema enum as the complete taxonomy or silently…,GOVERNING_SCOPE_CANDIDATE_WITH_UNFINISHED_WITNESS,"projects/chirality-piping/execution/PKG-16_Model Operation and Agent Proposal Framework/1_Working/DEL-16-01_Structured model operation schema/_STATUS.md#Remaining; projects/chirality-piping/execution/PKG-16_Model Operation and Agent Proposal Framework/1_Working/DEL-16-01_Structured model operation schema/ScopeOfWork.md; named refs: CLM-003, DEC-094, SCA-009, SCA-011",projects/chirality-piping/execution/PKG-16_Model Operation and Agent Proposal Framework/1_Working/DEL-16-01_Structured model operation schema/ScopeOfWork.md,Existing governing form; specific surviving meaning requires human review before source removal,PENDING,NONE,HOLD_PENDING_DISPOSITION_AND_DESTINATION_BACKCHECK
DEL-16-01:2,PINNED_2026-09-22_CENSUS,DEL-16-01,PKG-16,IN_PROGRESS,2,"- Obtain owning human dispositions for `PKG16-DEL1601-PKG02-001` and `PKG16-DEL1601-PKG02-002`; both remain `TECHNICALLY_ADDRESSED_PENDING_HUMAN` with `HumanDisposition=TBD`, notwithstanding current model-basis/hash and fixture evidence (PDU-060).",projects/chirality-piping/execution/PKG-16_Model Operation and Agent Proposal Framework/1_Working/DEL-16-01_Structured model operation schema/_STATUS.md,28477d37bce84331540ebeadf7a4d7526f92fa99fc3af25ac9c2b36f4a5e3a5a,"Obtain owning human dispositions for `PKG16-DEL1601-PKG02-001` and `PKG16-DEL1601-PKG02-002`; both remain `TECHNICALLY_ADDRESSED_PENDING_HUMAN` with `HumanDisposition=TBD`, notwithstanding current model-basis/hash and fixture evidence (PDU-060).",HUMAN_REVIEW_DISPOSITION_PENDING;TECHNICAL_SCOPE_RETAINED,projects/chirality-piping/execution/PKG-16_Model Operation and Agent Proposal Framework/1_Working/DEL-16-01_Structured model operation schema/_STATUS.md#Remaining; projects/chirality-piping/execution/PKG-16_Model Operation and Agent Proposal Framework/1_Working/DEL-16-01_Structured model operation schema/ScopeOfWork.md; named refs: PDU-060,projects/chirality-piping/execution/PKG-16_Model Operation and Agent Proposal Framework/1_Working/DEL-16-01_Structured model operation schema/ScopeOfWork.md; TM-PIP-046 (deferred decision attention only; governing source retained),RF/dependency HumanDisposition=TBD; no formal closure or scope deletion,PENDING,NONE,HOLD_PENDING_DISPOSITION_AND_DESTINATION_BACKCHECK
DEL-16-02:1,PINNED_2026-09-22_CENSUS,DEL-16-02,PKG-16,IN_PROGRESS,1,"- R5 continuation delivery task: Prove actual runtime validation/diff-preview conformance to DEL-16-01 and SOW-069 through DEL-16-06: schema and semantic constraints, dimensional/target checks, constraint integration, model-basis/hash checks, invalid-operation blocking and unchanged accepted state. Python Draft202012Validator/reference tests do not establish Rust conformance (CLM-005/006/010/012; AC-001).",projects/chirality-piping/execution/PKG-16_Model Operation and Agent Proposal Framework/1_Working/DEL-16-02_Operation validation and diff preview/_STATUS.md,743cc43f4c4790d0478e3db3859e3753c3e8d0166b08c6a27c092aad177899f8,"R5 continuation delivery task: Prove actual runtime validation/diff-preview conformance to DEL-16-01 and SOW-069 through DEL-16-06: schema and semantic constraints, dimensional/target checks, constraint integration, model-basis/hash checks, invalid-operation blocking and unchanged accepted state. Python…",GOVERNING_SCOPE_CANDIDATE_WITH_UNFINISHED_WITNESS,projects/chirality-piping/execution/PKG-16_Model Operation and Agent Proposal Framework/1_Working/DEL-16-02_Operation validation and diff preview/_STATUS.md#Remaining; projects/chirality-piping/execution/PKG-16_Model Operation and Agent Proposal Framework/1_Working/DEL-16-02_Operation validation and diff preview/ScopeOfWork.md; named refs: CLM-005,projects/chirality-piping/execution/PKG-16_Model Operation and Agent Proposal Framework/1_Working/DEL-16-02_Operation validation and diff preview/ScopeOfWork.md,Existing governing form; specific surviving meaning requires human review before source removal,PENDING,NONE,HOLD_PENDING_DISPOSITION_AND_DESTINATION_BACKCHECK
DEL-16-02:2,PINNED_2026-09-22_CENSUS,DEL-16-02,PKG-16,IN_PROGRESS,2,- Obtain a design ruling for Component.geometry.center_of_gravity vector-payload application semantics before the path can be supported (gated: new D-XX if sought) (source: Receipt 10 named remainder / TP-APP-R5-FIELDRULES-001 residual),projects/chirality-piping/execution/PKG-16_Model Operation and Agent Proposal Framework/1_Working/DEL-16-02_Operation validation and diff preview/_STATUS.md,743cc43f4c4790d0478e3db3859e3753c3e8d0166b08c6a27c092aad177899f8,Obtain a design ruling for Component.geometry.center_of_gravity vector-payload application semantics before the path can be supported (gated: new D-XX if sought) (source: Receipt 10 named remainder / TP-APP-R5-FIELDRULES-001 residual),OWNING_POLICY_OR_HUMAN_DECISION_PENDING;SCOPE_RETAINED,projects/chirality-piping/execution/PKG-16_Model Operation and Agent Proposal Framework/1_Working/DEL-16-02_Operation validation and diff preview/_STATUS.md#Remaining; projects/chirality-piping/execution/PKG-16_Model Operation and Agent Proposal Framework/1_Working/DEL-16-02_Operation validation and diff preview/ScopeOfWork.md,projects/chirality-piping/execution/PKG-16_Model Operation and Agent Proposal Framework/1_Working/DEL-16-02_Operation validation and diff preview/ScopeOfWork.md,Decision needed at named owner boundary; no policy value or approval inferred,PENDING,NONE,HOLD_PENDING_DISPOSITION_AND_DESTINATION_BACKCHECK
DEL-16-02:3,PINNED_2026-09-22_CENSUS,DEL-16-02,PKG-16,IN_PROGRESS,3,"- Record a human review entry for contract-corpus cases 66–75, blessed from the Rust contract reference (prior acceptances DEC-030/DEC-032 do not carry) (gated: owner review) (source: Receipt 10 parked gates)",projects/chirality-piping/execution/PKG-16_Model Operation and Agent Proposal Framework/1_Working/DEL-16-02_Operation validation and diff preview/_STATUS.md,743cc43f4c4790d0478e3db3859e3753c3e8d0166b08c6a27c092aad177899f8,"Record a human review entry for contract-corpus cases 66–75, blessed from the Rust contract reference (prior acceptances DEC-030/DEC-032 do not carry) (gated: owner review) (source: Receipt 10 parked gates)",OWNING_POLICY_OR_HUMAN_DECISION_PENDING;SCOPE_RETAINED,"projects/chirality-piping/execution/PKG-16_Model Operation and Agent Proposal Framework/1_Working/DEL-16-02_Operation validation and diff preview/_STATUS.md#Remaining; projects/chirality-piping/execution/PKG-16_Model Operation and Agent Proposal Framework/1_Working/DEL-16-02_Operation validation and diff preview/ScopeOfWork.md; named refs: DEC-030, DEC-032",projects/chirality-piping/execution/PKG-16_Model Operation and Agent Proposal Framework/1_Working/DEL-16-02_Operation validation and diff preview/ScopeOfWork.md,Decision needed at named owner boundary; no policy value or approval inferred,PENDING,NONE,HOLD_PENDING_DISPOSITION_AND_DESTINATION_BACKCHECK
DEL-16-03:1,PINNED_2026-09-22_CENSUS,DEL-16-03,PKG-16,IN_PROGRESS,1,"- R5 continuation delivery task: Complete durable audit/history and actual-outcome integration with DEL-16-06 under DEC-017/020 and SCA-011, preserving accepted/rejected records, rationale and hash-bound decision evidence. Resolve separately governed retention, identity/clock policy and human dispositions without treating reference in-memory output as durable completion (CLM-005/006/013/028).",projects/chirality-piping/execution/PKG-16_Model Operation and Agent Proposal Framework/1_Working/DEL-16-03_User acceptance and operation audit trail/_STATUS.md,24f56a434405aa3b0d05d03fd043ee97a80c7f6624d46d8dde92da8c9d01b40a,"R5 continuation delivery task: Complete durable audit/history and actual-outcome integration with DEL-16-06 under DEC-017/020 and SCA-011, preserving accepted/rejected records, rationale and hash-bound decision evidence. Resolve separately governed retention, identity/clock policy and human dispositions…",GOVERNING_SCOPE_CANDIDATE_WITH_UNFINISHED_WITNESS,"projects/chirality-piping/execution/PKG-16_Model Operation and Agent Proposal Framework/1_Working/DEL-16-03_User acceptance and operation audit trail/_STATUS.md#Remaining; projects/chirality-piping/execution/PKG-16_Model Operation and Agent Proposal Framework/1_Working/DEL-16-03_User acceptance and operation audit trail/ScopeOfWork.md; named refs: CLM-005, DEC-017, SCA-011",projects/chirality-piping/execution/PKG-16_Model Operation and Agent Proposal Framework/1_Working/DEL-16-03_User acceptance and operation audit trail/ScopeOfWork.md,Existing governing form; specific surviving meaning requires human review before source removal,PENDING,NONE,HOLD_PENDING_DISPOSITION_AND_DESTINATION_BACKCHECK
DEL-16-03:2,PINNED_2026-09-22_CENSUS,DEL-16-03,PKG-16,IN_PROGRESS,2,"- Durable accepted/rejected operation history remains incomplete under SOW-070. Preserving original proposed member intents, author/source metadata and rationale through the existing `editor_intents` storage is bounded provenance retention; it does not persist acceptance decisions, batch grouping, application receipts or acceptance timestamps. Reopened records must remain review context with acceptance unknown, requiring explicit requeue and fresh validation. No full SOW-070 closure is claimed. Basis: [accepted batch implementation](../../../_Coordination/AgentRuns/HELP-HUMAN-PIPING-20260905-UI-TOOLKIT-PARITY/N2_WI_PKG16/C_ACCEPTED_SNAPSHOT_V1.json), [accepted native integration](../../../_Coordination/AgentRuns/HELP-HUMAN-PIPING-20260905-UI-TOOLKIT-PARITY/N2_WI_PKG16/NATIVE_ACCEPTED_SNAPSHOT_V1.json), and [owning persistence disposition V2](../../../_Coordination/AgentRuns/HELP-HUMAN-PIPING-20260905-UI-TOOLKIT-PARITY/N2_WI_PKG16/BATCH_PERSISTENCE_DISPOSITION_V2.md). A durable, hash-bound decision/history contract and its save/load checks remain required; this residual does not release D58 or change lifecycle state.",projects/chirality-piping/execution/PKG-16_Model Operation and Agent Proposal Framework/1_Working/DEL-16-03_User acceptance and operation audit trail/_STATUS.md,24f56a434405aa3b0d05d03fd043ee97a80c7f6624d46d8dde92da8c9d01b40a,"Durable accepted/rejected operation history remains incomplete under SOW-070. Preserving original proposed member intents, author/source metadata and rationale through the existing `editor_intents` storage is bounded provenance retention; it does not persist acceptance decisions, batch grouping,…",GOVERNING_SCOPE_CANDIDATE_WITH_UNFINISHED_WITNESS,projects/chirality-piping/execution/PKG-16_Model Operation and Agent Proposal Framework/1_Working/DEL-16-03_User acceptance and operation audit trail/_STATUS.md#Remaining; projects/chirality-piping/execution/PKG-16_Model Operation and Agent Proposal Framework/1_Working/DEL-16-03_User acceptance and operation audit trail/ScopeOfWork.md,projects/chirality-piping/execution/PKG-16_Model Operation and Agent Proposal Framework/1_Working/DEL-16-03_User acceptance and operation audit trail/ScopeOfWork.md,Existing governing form; specific surviving meaning requires human review before source removal,PENDING,NONE,HOLD_PENDING_DISPOSITION_AND_DESTINATION_BACKCHECK
DEL-16-04:1,PINNED_2026-09-22_CENSUS,DEL-16-04,PKG-16,IN_PROGRESS,1,- R5 continuation delivery task: Demonstrate runtime rationale/audit preservation and actual UI/API/report professional-boundary and private/protected-data guards; compare focused reference tests and claims-registry lint with each emitting surface. Standalone schema/persistence and human disposition limits remain explicit (CLM-009/011/019/023; AC-001).,projects/chirality-piping/execution/PKG-16_Model Operation and Agent Proposal Framework/1_Working/DEL-16-04_Agent rationale and professional-boundary controls/_STATUS.md,50e487035be017e1713a52644324eafb7426d67dbb8b3e857b436947f5573140,R5 continuation delivery task: Demonstrate runtime rationale/audit preservation and actual UI/API/report professional-boundary and private/protected-data guards; compare focused reference tests and claims-registry lint with each emitting surface. Standalone schema/persistence and human disposition limits…,GOVERNING_SCOPE_CANDIDATE_WITH_UNFINISHED_WITNESS,projects/chirality-piping/execution/PKG-16_Model Operation and Agent Proposal Framework/1_Working/DEL-16-04_Agent rationale and professional-boundary controls/_STATUS.md#Remaining; projects/chirality-piping/execution/PKG-16_Model Operation and Agent Proposal Framework/1_Working/DEL-16-04_Agent rationale and professional-boundary controls/ScopeOfWork.md; named refs: CLM-009,projects/chirality-piping/execution/PKG-16_Model Operation and Agent Proposal Framework/1_Working/DEL-16-04_Agent rationale and professional-boundary controls/ScopeOfWork.md,Existing governing form; specific surviving meaning requires human review before source removal,PENDING,NONE,HOLD_PENDING_DISPOSITION_AND_DESTINATION_BACKCHECK
DEL-16-04:2,PINNED_2026-09-22_CENSUS,DEL-16-04,PKG-16,IN_PROGRESS,2,- Preserve the v0.2 R7/F3 live-binding gate: the T4 persisted-report workflow does not bind agent rationale into downstream runtime integrations or infer human/professional approval.,projects/chirality-piping/execution/PKG-16_Model Operation and Agent Proposal Framework/1_Working/DEL-16-04_Agent rationale and professional-boundary controls/_STATUS.md,50e487035be017e1713a52644324eafb7426d67dbb8b3e857b436947f5573140,Preserve the v0.2 R7/F3 live-binding gate: the T4 persisted-report workflow does not bind agent rationale into downstream runtime integrations or infer human/professional approval.,GOVERNING_SCOPE_CANDIDATE_WITH_UNFINISHED_WITNESS,projects/chirality-piping/execution/PKG-16_Model Operation and Agent Proposal Framework/1_Working/DEL-16-04_Agent rationale and professional-boundary controls/_STATUS.md#Remaining; projects/chirality-piping/execution/PKG-16_Model Operation and Agent Proposal Framework/1_Working/DEL-16-04_Agent rationale and professional-boundary controls/ScopeOfWork.md,projects/chirality-piping/execution/PKG-16_Model Operation and Agent Proposal Framework/1_Working/DEL-16-04_Agent rationale and professional-boundary controls/ScopeOfWork.md,Existing governing form; specific surviving meaning requires human review before source removal,PENDING,NONE,HOLD_PENDING_DISPOSITION_AND_DESTINATION_BACKCHECK
DEL-16-04:3,PINNED_2026-09-22_CENSUS,DEL-16-04,PKG-16,IN_PROGRESS,3,"- Phase I program: agent rationale + FR-AGENT-005 professional-boundary hard gate over the existing operation seam, plus route/support candidate generation (generator currently has no owning deliverable — ownership needs a decomposition act) (stage-gated: v0.2 R7; gated: app-dev F3 live-binding remains necessary, and D-58 leaves the automation-condition mechanism unresolved after retiring current reliance on the DEC-063 App-era mechanism) (see also DEL-16-01, DEL-16-02, DEL-16-03) (source: PRD plan §3 Forward Horizon row I / DEC-056/DEC-063/D-58)",projects/chirality-piping/execution/PKG-16_Model Operation and Agent Proposal Framework/1_Working/DEL-16-04_Agent rationale and professional-boundary controls/_STATUS.md,50e487035be017e1713a52644324eafb7426d67dbb8b3e857b436947f5573140,"Phase I program: agent rationale + FR-AGENT-005 professional-boundary hard gate over the existing operation seam, plus route/support candidate generation (generator currently has no owning deliverable — ownership needs a decomposition act) (stage-gated: v0.2 R7; gated: app-dev F3 live-binding remains…",PROGRAM_SCOPE;OWNERSHIP_ACT_PENDING;EXISTING_TM_001_RELATED,"projects/chirality-piping/execution/PKG-16_Model Operation and Agent Proposal Framework/1_Working/DEL-16-04_Agent rationale and professional-boundary controls/_STATUS.md#Remaining; projects/chirality-piping/execution/PKG-16_Model Operation and Agent Proposal Framework/1_Working/DEL-16-04_Agent rationale and professional-boundary controls/ScopeOfWork.md; named refs: D-58, DEC-056, DEC-063; projects/chirality-piping/execution/_Decomposition/SOFTWARE_DECOMP.md (DEC-094); projects/chirality-piping/execution/_Coordination/_TaskManagement/REGISTER.csv (TM-PIP-001)",projects/chirality-piping/execution/PKG-16_Model Operation and Agent Proposal Framework/1_Working/DEL-16-04_Agent rationale and professional-boundary controls/ScopeOfWork.md; TM-PIP-049 (deferred decision attention only; governing source retained),Route/support candidate-generator ownership expressly reserved to separate act; D-58 mechanism concern already TM-PIP-001,PENDING,NONE,HOLD_PENDING_DISPOSITION_AND_DESTINATION_BACKCHECK
DEL-16-04:4,PINNED_2026-09-22_CENSUS,DEL-16-04,PKG-16,IN_PROGRESS,4,- Obtain the owning human disposition for `PKG16-DEL1604-PKG02-001`; preserve `TECHNICALLY_ADDRESSED_PENDING_HUMAN` and `HumanDisposition=TBD` despite the implemented copied-context scanner coverage (PDU-060).,projects/chirality-piping/execution/PKG-16_Model Operation and Agent Proposal Framework/1_Working/DEL-16-04_Agent rationale and professional-boundary controls/_STATUS.md,50e487035be017e1713a52644324eafb7426d67dbb8b3e857b436947f5573140,Obtain the owning human disposition for `PKG16-DEL1604-PKG02-001`; preserve `TECHNICALLY_ADDRESSED_PENDING_HUMAN` and `HumanDisposition=TBD` despite the implemented copied-context scanner coverage (PDU-060).,HUMAN_REVIEW_DISPOSITION_PENDING;TECHNICAL_SCOPE_RETAINED,projects/chirality-piping/execution/PKG-16_Model Operation and Agent Proposal Framework/1_Working/DEL-16-04_Agent rationale and professional-boundary controls/_STATUS.md#Remaining; projects/chirality-piping/execution/PKG-16_Model Operation and Agent Proposal Framework/1_Working/DEL-16-04_Agent rationale and professional-boundary controls/ScopeOfWork.md; named refs: PDU-060,projects/chirality-piping/execution/PKG-16_Model Operation and Agent Proposal Framework/1_Working/DEL-16-04_Agent rationale and professional-boundary controls/ScopeOfWork.md; TM-PIP-046 (deferred decision attention only; governing source retained),RF/dependency HumanDisposition=TBD; no formal closure or scope deletion,PENDING,NONE,HOLD_PENDING_DISPOSITION_AND_DESTINATION_BACKCHECK
DEL-16-06:1,PINNED_2026-09-22_CENSUS,DEL-16-06,PKG-16,OPEN,1,- Follow the SCA-011 accepted closure handoff for any explicitly retained derivative obligations; existing product/lifecycle holds remain.,projects/chirality-piping/execution/PKG-16_Model Operation and Agent Proposal Framework/1_Working/DEL-16-06_Controlled model operation application/_STATUS.md,52e5b6763d67afd240ca9bfbec54e14e8c65567591704c333a0f6ce48c448ced,Follow the SCA-011 accepted closure handoff for any explicitly retained derivative obligations; existing product/lifecycle holds remain.,ACCEPTED_OWNERSHIP_ROUTE;CLAIM_SPECIFIC_WORK_REMAINS,projects/chirality-piping/execution/PKG-16_Model Operation and Agent Proposal Framework/1_Working/DEL-16-06_Controlled model operation application/_STATUS.md#Remaining; projects/chirality-piping/execution/PKG-16_Model Operation and Agent Proposal Framework/1_Working/DEL-16-06_Controlled model operation application/ScopeOfWork.md; named refs: SCA-011; projects/chirality-piping/execution/_ScopeChange/SCA-011_2026-09-22_OWNERSHIP,projects/chirality-piping/execution/PKG-16_Model Operation and Agent Proposal Framework/1_Working/DEL-16-06_Controlled model operation application/ScopeOfWork.md,"SCA-011 gives an ownership route, not completed implementation or an allocated successor graph",PENDING,NONE,HOLD_PENDING_DISPOSITION_AND_DESTINATION_BACKCHECK
DEL-16-06:2,PINNED_2026-09-22_CENSUS,DEL-16-06,PKG-16,OPEN,2,"- Inventory current implementation evidence against the four claim hooks in ScopeOfWork.md; retain missing, partial and unobserved behavior explicitly. No product or native verification was performed by candidate drafting.",projects/chirality-piping/execution/PKG-16_Model Operation and Agent Proposal Framework/1_Working/DEL-16-06_Controlled model operation application/_STATUS.md,52e5b6763d67afd240ca9bfbec54e14e8c65567591704c333a0f6ce48c448ced,"Inventory current implementation evidence against the four claim hooks in ScopeOfWork.md; retain missing, partial and unobserved behavior explicitly. No product or native verification was performed by candidate drafting.",ACCEPTED_OWNERSHIP_ROUTE;CLAIM_SPECIFIC_WORK_REMAINS,projects/chirality-piping/execution/PKG-16_Model Operation and Agent Proposal Framework/1_Working/DEL-16-06_Controlled model operation application/_STATUS.md#Remaining; projects/chirality-piping/execution/PKG-16_Model Operation and Agent Proposal Framework/1_Working/DEL-16-06_Controlled model operation application/ScopeOfWork.md; projects/chirality-piping/execution/_ScopeChange/SCA-011_2026-09-22_OWNERSHIP,projects/chirality-piping/execution/PKG-16_Model Operation and Agent Proposal Framework/1_Working/DEL-16-06_Controlled model operation application/ScopeOfWork.md,"SCA-011 gives an ownership route, not completed implementation or an allocated successor graph",PENDING,NONE,HOLD_PENDING_DISPOSITION_AND_DESTINATION_BACKCHECK
DEL-16-06:3,PINNED_2026-09-22_CENSUS,DEL-16-06,PKG-16,OPEN,3,"- Preserve all engineering, privacy, professional, lifecycle and release holds named by the accepted instruments.",projects/chirality-piping/execution/PKG-16_Model Operation and Agent Proposal Framework/1_Working/DEL-16-06_Controlled model operation application/_STATUS.md,52e5b6763d67afd240ca9bfbec54e14e8c65567591704c333a0f6ce48c448ced,"Preserve all engineering, privacy, professional, lifecycle and release holds named by the accepted instruments.",ACCEPTED_OWNERSHIP_ROUTE;CLAIM_SPECIFIC_WORK_REMAINS,projects/chirality-piping/execution/PKG-16_Model Operation and Agent Proposal Framework/1_Working/DEL-16-06_Controlled model operation application/_STATUS.md#Remaining; projects/chirality-piping/execution/PKG-16_Model Operation and Agent Proposal Framework/1_Working/DEL-16-06_Controlled model operation application/ScopeOfWork.md; projects/chirality-piping/execution/_ScopeChange/SCA-011_2026-09-22_OWNERSHIP,projects/chirality-piping/execution/PKG-16_Model Operation and Agent Proposal Framework/1_Working/DEL-16-06_Controlled model operation application/ScopeOfWork.md,"SCA-011 gives an ownership route, not completed implementation or an allocated successor graph",PENDING,NONE,HOLD_PENDING_DISPOSITION_AND_DESTINATION_BACKCHECK
DEL-17-01:1,PINNED_2026-09-22_CENSUS,DEL-17-01,PKG-17,IN_PROGRESS,1,"- R5 continuation delivery task: Resolve admitted-source questions through the owning source register before target support claims, including review-geometry coverage beyond the bounded line-mode reference foundation. Existing source metadata and example files do not establish rights clearance or solver fidelity (CLM-008 TBD-17-01-006).",projects/chirality-piping/execution/PKG-17_Export Format Interoperability/1_Working/DEL-17-01_CAEPIPE and export-format source basis/_STATUS.md,a22fc72e4b4e9345255175ab38971a96812fd6d88b63ad1fe5d20d2cd0a2b4b9,"R5 continuation delivery task: Resolve admitted-source questions through the owning source register before target support claims, including review-geometry coverage beyond the bounded line-mode reference foundation. Existing source metadata and example files do not establish rights clearance or solver…",GOVERNING_SCOPE_CANDIDATE_WITH_UNFINISHED_WITNESS,projects/chirality-piping/execution/PKG-17_Export Format Interoperability/1_Working/DEL-17-01_CAEPIPE and export-format source basis/_STATUS.md#Remaining; projects/chirality-piping/execution/PKG-17_Export Format Interoperability/1_Working/DEL-17-01_CAEPIPE and export-format source basis/ScopeOfWork.md; named refs: CLM-008; projects/chirality-piping/execution/_Coordination/_TaskManagement/REGISTER.csv (TM-PIP-002..022 relevant deferred source questions),projects/chirality-piping/execution/PKG-17_Export Format Interoperability/1_Working/DEL-17-01_CAEPIPE and export-format source basis/ScopeOfWork.md,Existing governing form; specific surviving meaning requires human review before source removal,PENDING,NONE,HOLD_PENDING_DISPOSITION_AND_DESTINATION_BACKCHECK
DEL-17-02:1,PINNED_2026-09-22_CENSUS,DEL-17-02,PKG-17,IN_PROGRESS,1,"- R5 continuation delivery task: Demonstrate consumer conformity to export profile, sidecar-ID, manifest and loss contracts, including the existing glTF line-mode reference profile. Preserve unresolved target-specific support and admission questions; schema/reference construction is not qualification (CLM-013/044).","projects/chirality-piping/execution/PKG-17_Export Format Interoperability/1_Working/DEL-17-02_Export package, profile, and stable ID map contracts/_STATUS.md",14fea62bd2995c280195f3781cfb931036e05a2da4cfa40e7fed18ae9da828a6,"R5 continuation delivery task: Demonstrate consumer conformity to export profile, sidecar-ID, manifest and loss contracts, including the existing glTF line-mode reference profile. Preserve unresolved target-specific support and admission questions; schema/reference construction is not qualification…",GOVERNING_SCOPE_CANDIDATE_WITH_UNFINISHED_WITNESS,"projects/chirality-piping/execution/PKG-17_Export Format Interoperability/1_Working/DEL-17-02_Export package, profile, and stable ID map contracts/_STATUS.md#Remaining; projects/chirality-piping/execution/PKG-17_Export Format Interoperability/1_Working/DEL-17-02_Export package, profile, and stable ID map contracts/ScopeOfWork.md; named refs: CLM-013; projects/chirality-piping/execution/_Coordination/_TaskManagement/REGISTER.csv (TM-PIP-002..022 relevant deferred source questions)","projects/chirality-piping/execution/PKG-17_Export Format Interoperability/1_Working/DEL-17-02_Export package, profile, and stable ID map contracts/ScopeOfWork.md",Existing governing form; specific surviving meaning requires human review before source removal,PENDING,NONE,HOLD_PENDING_DISPOSITION_AND_DESTINATION_BACKCHECK
DEL-17-03:1,PINNED_2026-09-22_CENSUS,DEL-17-03,PKG-17,IN_PROGRESS,1,"- Obtain the owning human-review disposition for open `RF-002` and refresh its canonical DAG artifact-presence flags only through the governed DAG workflow; local artifacts do not close the finding, and `HumanDisposition` remains `TBD` (PDU-060).",projects/chirality-piping/execution/PKG-17_Export Format Interoperability/1_Working/DEL-17-03_Native open JSON export package/_STATUS.md,5d995bbc609cdc320b193bac4d916add99a7190be7d7e4f92c9f570ef02c2db9,"Obtain the owning human-review disposition for open `RF-002` and refresh its canonical DAG artifact-presence flags only through the governed DAG workflow; local artifacts do not close the finding, and `HumanDisposition` remains `TBD` (PDU-060).",HUMAN_REVIEW_DISPOSITION_PENDING;TECHNICAL_SCOPE_RETAINED,"projects/chirality-piping/execution/PKG-17_Export Format Interoperability/1_Working/DEL-17-03_Native open JSON export package/_STATUS.md#Remaining; projects/chirality-piping/execution/PKG-17_Export Format Interoperability/1_Working/DEL-17-03_Native open JSON export package/ScopeOfWork.md; named refs: PDU-060, RF-002; projects/chirality-piping/execution/_Coordination/_TaskManagement/REGISTER.csv (TM-PIP-002..022 relevant deferred source questions)",projects/chirality-piping/execution/PKG-17_Export Format Interoperability/1_Working/DEL-17-03_Native open JSON export package/ScopeOfWork.md; TM-PIP-046 (deferred decision attention only; governing source retained),RF/dependency HumanDisposition=TBD; no formal closure or scope deletion,PENDING,NONE,HOLD_PENDING_DISPOSITION_AND_DESTINATION_BACKCHECK
DEL-17-04:NONE,PINNED_2026-09-22_CENSUS,DEL-17-04,PKG-17,IN_PROGRESS,NONE,NONE — no item recorded; not evidence of completion,projects/chirality-piping/execution/PKG-17_Export Format Interoperability/1_Working/DEL-17-04_CAEPIPE MBF export profile and deterministic writer/_STATUS.md,3d8ba903442f06463958a53112fa8c793cf3f9224300d49c8739a9a01d16d15b,No current task was recorded in the historical census; this is no completion or acceptance finding.,NO_CURRENT_TASK_MARKER,projects/chirality-piping/execution/PKG-17_Export Format Interoperability/1_Working/DEL-17-04_CAEPIPE MBF export profile and deterministic writer/_STATUS.md#Remaining; projects/chirality-piping/execution/PKG-17_Export Format Interoperability/1_Working/DEL-17-04_CAEPIPE MBF export profile and deterministic writer/ScopeOfWork.md,projects/chirality-piping/execution/PKG-17_Export Format Interoperability/1_Working/DEL-17-04_CAEPIPE MBF export profile and deterministic writer/ScopeOfWork.md,No live task or surviving meaning in source section; governing form and lifecycle/history retained. See APPLIED_ROW_LEDGER.csv.,OWNER_CONDITIONAL_GROUP_TREATMENT_APPROVED_2026-09-22,EMPTY_REMAINING_HEADING_REMOVED;LIFECYCLE_HISTORY_UNCHANGED,APPLIED_VERIFIED_NO_TASK_TO_TRANSFER
DEL-17-05:1,PINNED_2026-09-22_CENSUS,DEL-17-05,PKG-17,IN_PROGRESS,1,"- R5 continuation delivery task: Demonstrate authorized external-run invocation/parser coverage against admitted CAEPIPE sources and user-owned licensed execution. Reference harness code does not discharge executable activation, parser-section scope, protected-data or external-validation holds (CLM-011/040).",projects/chirality-piping/execution/PKG-17_Export Format Interoperability/1_Working/DEL-17-05_CAEPIPE external run harness and CSV parser/_STATUS.md,7465683ca9c925743b98693b1876d3ad10c1f88714a4c5fcfb69fc031501973e,"R5 continuation delivery task: Demonstrate authorized external-run invocation/parser coverage against admitted CAEPIPE sources and user-owned licensed execution. Reference harness code does not discharge executable activation, parser-section scope, protected-data or external-validation holds (CLM-011/040).",GOVERNING_SCOPE_CANDIDATE_WITH_UNFINISHED_WITNESS,projects/chirality-piping/execution/PKG-17_Export Format Interoperability/1_Working/DEL-17-05_CAEPIPE external run harness and CSV parser/_STATUS.md#Remaining; projects/chirality-piping/execution/PKG-17_Export Format Interoperability/1_Working/DEL-17-05_CAEPIPE external run harness and CSV parser/ScopeOfWork.md; named refs: CLM-011; projects/chirality-piping/execution/_Coordination/_TaskManagement/REGISTER.csv (TM-PIP-002..022 relevant deferred source questions),projects/chirality-piping/execution/PKG-17_Export Format Interoperability/1_Working/DEL-17-05_CAEPIPE external run harness and CSV parser/ScopeOfWork.md,Existing governing form; specific surviving meaning requires human review before source removal,PENDING,NONE,HOLD_PENDING_DISPOSITION_AND_DESTINATION_BACKCHECK
DEL-17-05:2,PINNED_2026-09-22_CENSUS,DEL-17-05,PKG-17,IN_PROGRESS,2,"- Preserve PDU-050 / `DEL-17-05-ACC-006` as `VERIFIED_NOT_VALIDATED`; optional live CAEPIPE execution remains O10 user-owned and gated by a configured executable, responsibility acknowledgements, and selected target/MBF/invocation profiles, so no live validation is available in this run.",projects/chirality-piping/execution/PKG-17_Export Format Interoperability/1_Working/DEL-17-05_CAEPIPE external run harness and CSV parser/_STATUS.md,7465683ca9c925743b98693b1876d3ad10c1f88714a4c5fcfb69fc031501973e,"Preserve PDU-050 / `DEL-17-05-ACC-006` as `VERIFIED_NOT_VALIDATED`; optional live CAEPIPE execution remains O10 user-owned and gated by a configured executable, responsibility acknowledgements, and selected target/MBF/invocation profiles, so no live validation is available in this run.",PDU_HOLD;GOVERNING_SCOPE_RETAINED,projects/chirality-piping/execution/PKG-17_Export Format Interoperability/1_Working/DEL-17-05_CAEPIPE external run harness and CSV parser/_STATUS.md#Remaining; projects/chirality-piping/execution/PKG-17_Export Format Interoperability/1_Working/DEL-17-05_CAEPIPE external run harness and CSV parser/ScopeOfWork.md; named refs: PDU-050; projects/chirality-piping/execution/_Coordination/_TaskManagement/REGISTER.csv (TM-PIP-002..022 relevant deferred source questions),projects/chirality-piping/execution/PKG-17_Export Format Interoperability/1_Working/DEL-17-05_CAEPIPE external run harness and CSV parser/ScopeOfWork.md,Preserve protected verification/validation or owner gate at claim source,PENDING,NONE,HOLD_PENDING_DISPOSITION_AND_DESTINATION_BACKCHECK
DEL-17-05:3,PINNED_2026-09-22_CENSUS,DEL-17-05,PKG-17,IN_PROGRESS,3,"- Obtain owning human-review dispositions for open `DEL-17-05-RF-001` and `DEL-17-05-RF-002`; preserve historical/currentness wording and the user-owned live-profile/TBD gates without inferring target support, compatibility, or validation from fixture evidence (PDU-060).",projects/chirality-piping/execution/PKG-17_Export Format Interoperability/1_Working/DEL-17-05_CAEPIPE external run harness and CSV parser/_STATUS.md,7465683ca9c925743b98693b1876d3ad10c1f88714a4c5fcfb69fc031501973e,"Obtain owning human-review dispositions for open `DEL-17-05-RF-001` and `DEL-17-05-RF-002`; preserve historical/currentness wording and the user-owned live-profile/TBD gates without inferring target support, compatibility, or validation from fixture evidence (PDU-060).",HUMAN_REVIEW_DISPOSITION_PENDING;TECHNICAL_SCOPE_RETAINED,"projects/chirality-piping/execution/PKG-17_Export Format Interoperability/1_Working/DEL-17-05_CAEPIPE external run harness and CSV parser/_STATUS.md#Remaining; projects/chirality-piping/execution/PKG-17_Export Format Interoperability/1_Working/DEL-17-05_CAEPIPE external run harness and CSV parser/ScopeOfWork.md; named refs: PDU-060, RF-001, RF-002",projects/chirality-piping/execution/PKG-17_Export Format Interoperability/1_Working/DEL-17-05_CAEPIPE external run harness and CSV parser/ScopeOfWork.md; TM-PIP-046 (deferred decision attention only; governing source retained),RF/dependency HumanDisposition=TBD; no formal closure or scope deletion,PENDING,NONE,HOLD_PENDING_DISPOSITION_AND_DESTINATION_BACKCHECK
DEL-17-06:1,PINNED_2026-09-22_CENSUS,DEL-17-06,PKG-17,IN_PROGRESS,1,"- R5 continuation delivery task: Demonstrate actual stress-neutral producers and emitted member bytes against the selected 0.1 or D-67 0.2 schema, preserving identity, dimensions/units, diagnostics, losses, received checksum evidence and member/package projections. Keep comparison/default-tolerance and fixture-provenance residuals explicit (CLM-005/007/013/015/037; AC-001).",projects/chirality-piping/execution/PKG-17_Export Format Interoperability/1_Working/DEL-17-06_Stress-neutral CSV JSON package/_STATUS.md,652d605480a005e22b7d38e473e19dec975f511f4e67cd3f0a37ab204b8a9702,"R5 continuation delivery task: Demonstrate actual stress-neutral producers and emitted member bytes against the selected 0.1 or D-67 0.2 schema, preserving identity, dimensions/units, diagnostics, losses, received checksum evidence and member/package projections. Keep comparison/default-tolerance and…",GOVERNING_SCOPE_CANDIDATE_WITH_UNFINISHED_WITNESS,"projects/chirality-piping/execution/PKG-17_Export Format Interoperability/1_Working/DEL-17-06_Stress-neutral CSV JSON package/_STATUS.md#Remaining; projects/chirality-piping/execution/PKG-17_Export Format Interoperability/1_Working/DEL-17-06_Stress-neutral CSV JSON package/ScopeOfWork.md; named refs: CLM-005, D-67; projects/chirality-piping/execution/_Coordination/_TaskManagement/REGISTER.csv (TM-PIP-002..022 relevant deferred source questions)",projects/chirality-piping/execution/PKG-17_Export Format Interoperability/1_Working/DEL-17-06_Stress-neutral CSV JSON package/ScopeOfWork.md,Existing governing form; specific surviving meaning requires human review before source removal,PENDING,NONE,HOLD_PENDING_DISPOSITION_AND_DESTINATION_BACKCHECK
DEL-17-06:2,PINNED_2026-09-22_CENSUS,DEL-17-06,PKG-17,IN_PROGRESS,2,"- For the accepted 830-row sparse fixture only, resolve or formally disposition the two explicitly withheld unit-preservation witnesses for diagnostic-work rows `result:nonlinear-support:free-dof-work-residual` and `result:loadcase:load-L-200:nonlinear-support:free-dof-work-residual`. The strict 0.2 package retains every raw row; this fixture-scoped hold is not a dropped-row, schema-failure, universal-row-count, or other-producer claim.",projects/chirality-piping/execution/PKG-17_Export Format Interoperability/1_Working/DEL-17-06_Stress-neutral CSV JSON package/_STATUS.md,652d605480a005e22b7d38e473e19dec975f511f4e67cd3f0a37ab204b8a9702,"For the accepted 830-row sparse fixture only, resolve or formally disposition the two explicitly withheld unit-preservation witnesses for diagnostic-work rows `result:nonlinear-support:free-dof-work-residual` and `result:loadcase:load-L-200:nonlinear-support:free-dof-work-residual`. The strict 0.2 package…",GOVERNING_SCOPE_CANDIDATE_WITH_UNFINISHED_WITNESS,projects/chirality-piping/execution/PKG-17_Export Format Interoperability/1_Working/DEL-17-06_Stress-neutral CSV JSON package/_STATUS.md#Remaining; projects/chirality-piping/execution/PKG-17_Export Format Interoperability/1_Working/DEL-17-06_Stress-neutral CSV JSON package/ScopeOfWork.md; projects/chirality-piping/execution/_Coordination/_TaskManagement/REGISTER.csv (TM-PIP-002..022 relevant deferred source questions),projects/chirality-piping/execution/PKG-17_Export Format Interoperability/1_Working/DEL-17-06_Stress-neutral CSV JSON package/ScopeOfWork.md; TM-PIP-043 (deferred decision attention only; governing source retained),Existing governing form; specific surviving meaning requires human review before source removal,PENDING,NONE,HOLD_PENDING_DISPOSITION_AND_DESTINATION_BACKCHECK
DEL-17-06:3,PINNED_2026-09-22_CENSUS,DEL-17-06,PKG-17,IN_PROGRESS,3,"- Regenerate `_SEMANTIC.md` and `_SEMANTIC_LENSING.md` against the accepted post-D-67/CLM-042 state, or formally retire them from current use; their 2026-05-18 statements that exact schema/hash partitioning is unresolved are superseded and must not be used as current evidence. Refresh `_DEPENDENCIES.md` against DAG-010 through the owning dependency workflow; `Dependencies.csv` and DAG authority remain unchanged until then.",projects/chirality-piping/execution/PKG-17_Export Format Interoperability/1_Working/DEL-17-06_Stress-neutral CSV JSON package/_STATUS.md,652d605480a005e22b7d38e473e19dec975f511f4e67cd3f0a37ab204b8a9702,"Regenerate `_SEMANTIC.md` and `_SEMANTIC_LENSING.md` against the accepted post-D-67/CLM-042 state, or formally retire them from current use; their 2026-05-18 statements that exact schema/hash partitioning is unresolved are superseded and must not be used as current evidence. Refresh `_DEPENDENCIES.md`…",WARRANTED_DERIVATIVE_REFRESH_OR_RETIREMENT;DEPENDENCY_WORKFLOW,"projects/chirality-piping/execution/PKG-17_Export Format Interoperability/1_Working/DEL-17-06_Stress-neutral CSV JSON package/_STATUS.md#Remaining; projects/chirality-piping/execution/PKG-17_Export Format Interoperability/1_Working/DEL-17-06_Stress-neutral CSV JSON package/ScopeOfWork.md; named refs: CLM-042, D-67",projects/chirality-piping/execution/PKG-17_Export Format Interoperability/1_Working/DEL-17-06_Stress-neutral CSV JSON package/_SEMANTIC.md; projects/chirality-piping/execution/PKG-17_Export Format Interoperability/1_Working/DEL-17-06_Stress-neutral CSV JSON package/_SEMANTIC_LENSING.md; projects/chirality-piping/execution/PKG-17_Export Format Interoperability/1_Working/DEL-17-06_Stress-neutral CSV JSON package/_DEPENDENCIES.md; TM-PIP-043 (deferred decision attention only; governing source retained),Required source refresh/retirement not yet applied; DAG/dependency authority unchanged,PENDING,NONE,HOLD_PENDING_DISPOSITION_AND_DESTINATION_BACKCHECK
DEL-17-07:1,PINNED_2026-09-22_CENSUS,DEL-17-07,PKG-17,IN_PROGRESS,1,"- R5 continuation delivery task (CLM-011; CF-001): reconcile the existing PCF reference builder/schema with admitted target-version/profile sources, the unavailable historical PLAN-EXPORT-INTEROP source binding, translator-default warnings, support/restraint preservation and direct-versus-sidecar identity. Demonstrate actual exporter/consumer conformance and fixture rights/provenance before target support claims. Preserve RF-001 and all existing review, engineering and release holds.",projects/chirality-piping/execution/PKG-17_Export Format Interoperability/1_Working/DEL-17-07_Conservative PCF subset exporter/_STATUS.md,e352372781bcb4e0889249532d625415e49036848ba6e537e3b7a337073a1979,"R5 continuation delivery task (CLM-011; CF-001): reconcile the existing PCF reference builder/schema with admitted target-version/profile sources, the unavailable historical PLAN-EXPORT-INTEROP source binding, translator-default warnings, support/restraint preservation and direct-versus-sidecar identity.…",GOVERNING_SCOPE_CANDIDATE_WITH_UNFINISHED_WITNESS,"projects/chirality-piping/execution/PKG-17_Export Format Interoperability/1_Working/DEL-17-07_Conservative PCF subset exporter/_STATUS.md#Remaining; projects/chirality-piping/execution/PKG-17_Export Format Interoperability/1_Working/DEL-17-07_Conservative PCF subset exporter/ScopeOfWork.md; named refs: CLM-011, RF-001; projects/chirality-piping/execution/_Coordination/_TaskManagement/REGISTER.csv (TM-PIP-002..022 relevant deferred source questions)",projects/chirality-piping/execution/PKG-17_Export Format Interoperability/1_Working/DEL-17-07_Conservative PCF subset exporter/ScopeOfWork.md,Existing governing form; specific surviving meaning requires human review before source removal,PENDING,NONE,HOLD_PENDING_DISPOSITION_AND_DESTINATION_BACKCHECK
DEL-17-07:2,PINNED_2026-09-22_CENSUS,DEL-17-07,PKG-17,IN_PROGRESS,2,- Obtain the owning human-review disposition for open `RF-001`; preserve `HumanDisposition=TBD` and home any later active-content refresh without rewriting historical evidence or inferring publication readiness (PDU-060).,projects/chirality-piping/execution/PKG-17_Export Format Interoperability/1_Working/DEL-17-07_Conservative PCF subset exporter/_STATUS.md,e352372781bcb4e0889249532d625415e49036848ba6e537e3b7a337073a1979,Obtain the owning human-review disposition for open `RF-001`; preserve `HumanDisposition=TBD` and home any later active-content refresh without rewriting historical evidence or inferring publication readiness (PDU-060).,HUMAN_REVIEW_DISPOSITION_PENDING;TECHNICAL_SCOPE_RETAINED,"projects/chirality-piping/execution/PKG-17_Export Format Interoperability/1_Working/DEL-17-07_Conservative PCF subset exporter/_STATUS.md#Remaining; projects/chirality-piping/execution/PKG-17_Export Format Interoperability/1_Working/DEL-17-07_Conservative PCF subset exporter/ScopeOfWork.md; named refs: PDU-060, RF-001; projects/chirality-piping/execution/_Coordination/_TaskManagement/REGISTER.csv (TM-PIP-002..022 relevant deferred source questions)",projects/chirality-piping/execution/PKG-17_Export Format Interoperability/1_Working/DEL-17-07_Conservative PCF subset exporter/ScopeOfWork.md; TM-PIP-046 (deferred decision attention only; governing source retained),RF/dependency HumanDisposition=TBD; no formal closure or scope deletion,PENDING,NONE,HOLD_PENDING_DISPOSITION_AND_DESTINATION_BACKCHECK
DEL-17-08:1,PINNED_2026-09-22_CENSUS,DEL-17-08,PKG-17,IN_PROGRESS,1,"- R5 continuation delivery task: Demonstrate current JSON glTF line-mode profile, stable-ID sidecar correlation, units/coordinates, loss disclosure and cleared fixture provenance through the owned product export path. GLB, expanded entity/geometry coverage and rendered viewer validation remain separate work; correct any unsupported hash labels in bounded code work (CLM-007/014/017/020/041/043).",projects/chirality-piping/execution/PKG-17_Export Format Interoperability/1_Working/DEL-17-08_GLB glTF review geometry export/_STATUS.md,9db4380e7bd46c62051b91ac8e2d40792da2b447930c20f10f63adef4fad7812,"R5 continuation delivery task: Demonstrate current JSON glTF line-mode profile, stable-ID sidecar correlation, units/coordinates, loss disclosure and cleared fixture provenance through the owned product export path. GLB, expanded entity/geometry coverage and rendered viewer validation remain separate…",GOVERNING_SCOPE_CANDIDATE_WITH_UNFINISHED_WITNESS,projects/chirality-piping/execution/PKG-17_Export Format Interoperability/1_Working/DEL-17-08_GLB glTF review geometry export/_STATUS.md#Remaining; projects/chirality-piping/execution/PKG-17_Export Format Interoperability/1_Working/DEL-17-08_GLB glTF review geometry export/ScopeOfWork.md; named refs: CLM-007; projects/chirality-piping/execution/_Coordination/_TaskManagement/REGISTER.csv (TM-PIP-002..022 relevant deferred source questions),projects/chirality-piping/execution/PKG-17_Export Format Interoperability/1_Working/DEL-17-08_GLB glTF review geometry export/ScopeOfWork.md,Existing governing form; specific surviving meaning requires human review before source removal,PENDING,NONE,HOLD_PENDING_DISPOSITION_AND_DESTINATION_BACKCHECK
DEL-17-08:2,PINNED_2026-09-22_CENSUS,DEL-17-08,PKG-17,IN_PROGRESS,2,- Obtain the owner-selected exact PDU-031 timestamp/generator metadata policy before declaring normative deterministic/normalized/omitted/runtime-dependent behavior; current JSON glTF output has a fixed versioned generator and no timestamp and this observation is test-enforced without inventing policy (source: DEC-074 O11/E7; R5 tranche plan unselected-policy hold),projects/chirality-piping/execution/PKG-17_Export Format Interoperability/1_Working/DEL-17-08_GLB glTF review geometry export/_STATUS.md,9db4380e7bd46c62051b91ac8e2d40792da2b447930c20f10f63adef4fad7812,Obtain the owner-selected exact PDU-031 timestamp/generator metadata policy before declaring normative deterministic/normalized/omitted/runtime-dependent behavior; current JSON glTF output has a fixed versioned generator and no timestamp and this observation is test-enforced without inventing policy…,OWNING_POLICY_OR_HUMAN_DECISION_PENDING;SCOPE_RETAINED,"projects/chirality-piping/execution/PKG-17_Export Format Interoperability/1_Working/DEL-17-08_GLB glTF review geometry export/_STATUS.md#Remaining; projects/chirality-piping/execution/PKG-17_Export Format Interoperability/1_Working/DEL-17-08_GLB glTF review geometry export/ScopeOfWork.md; named refs: DEC-074, PDU-031; projects/chirality-piping/execution/_Coordination/_TaskManagement/REGISTER.csv (TM-PIP-002..022 relevant deferred source questions)",projects/chirality-piping/execution/PKG-17_Export Format Interoperability/1_Working/DEL-17-08_GLB glTF review geometry export/ScopeOfWork.md; TM-PIP-052 (deferred decision attention only; governing source retained),Decision needed at named owner boundary; no policy value or approval inferred,PENDING,NONE,HOLD_PENDING_DISPOSITION_AND_DESTINATION_BACKCHECK
DEL-17-08:3,PINNED_2026-09-22_CENSUS,DEL-17-08,PKG-17,IN_PROGRESS,3,"- Preserve the PDU-036/REQ-043 impossible-bend diagnostic as outside the selected O11 JSON line/centerline profile. Emitted line-entity mapping completeness is bounded by current focused evidence; do not infer broader bend geometry, GLB, viewer, or validation coverage.",projects/chirality-piping/execution/PKG-17_Export Format Interoperability/1_Working/DEL-17-08_GLB glTF review geometry export/_STATUS.md,9db4380e7bd46c62051b91ac8e2d40792da2b447930c20f10f63adef4fad7812,"Preserve the PDU-036/REQ-043 impossible-bend diagnostic as outside the selected O11 JSON line/centerline profile. Emitted line-entity mapping completeness is bounded by current focused evidence; do not infer broader bend geometry, GLB, viewer, or validation coverage.",GOVERNING_SCOPE_CANDIDATE_WITH_UNFINISHED_WITNESS,"projects/chirality-piping/execution/PKG-17_Export Format Interoperability/1_Working/DEL-17-08_GLB glTF review geometry export/_STATUS.md#Remaining; projects/chirality-piping/execution/PKG-17_Export Format Interoperability/1_Working/DEL-17-08_GLB glTF review geometry export/ScopeOfWork.md; named refs: PDU-036, REQ-043",projects/chirality-piping/execution/PKG-17_Export Format Interoperability/1_Working/DEL-17-08_GLB glTF review geometry export/ScopeOfWork.md,Existing governing form; specific surviving meaning requires human review before source removal,PENDING,NONE,HOLD_PENDING_DISPOSITION_AND_DESTINATION_BACKCHECK
DEL-17-09:1,PINNED_2026-09-22_CENSUS,DEL-17-09,PKG-17,IN_PROGRESS,1,- R5 continuation delivery task: Demonstrate metadata-contract admission and no-bypass/deny-by-default behavior with actual export consumers. Runtime loader/grants and target activation remain unselected; existing SDK metadata schema/builders do not authorize filesystem/network/process access or vendor support (CLM-005/006/013/015/041).,projects/chirality-piping/execution/PKG-17_Export Format Interoperability/1_Working/DEL-17-09_Export adapter SDK and additional targets/_STATUS.md,4104a8683d8331bda5ce4d67b8f4fea08c12277da17021fea411d6cedd491ec6,R5 continuation delivery task: Demonstrate metadata-contract admission and no-bypass/deny-by-default behavior with actual export consumers. Runtime loader/grants and target activation remain unselected; existing SDK metadata schema/builders do not authorize filesystem/network/process access or vendor…,GOVERNING_SCOPE_CANDIDATE_WITH_UNFINISHED_WITNESS,projects/chirality-piping/execution/PKG-17_Export Format Interoperability/1_Working/DEL-17-09_Export adapter SDK and additional targets/_STATUS.md#Remaining; projects/chirality-piping/execution/PKG-17_Export Format Interoperability/1_Working/DEL-17-09_Export adapter SDK and additional targets/ScopeOfWork.md; named refs: CLM-005; projects/chirality-piping/execution/_Coordination/_TaskManagement/REGISTER.csv (TM-PIP-002..022 relevant deferred source questions),projects/chirality-piping/execution/PKG-17_Export Format Interoperability/1_Working/DEL-17-09_Export adapter SDK and additional targets/ScopeOfWork.md,Existing governing form; specific surviving meaning requires human review before source removal,PENDING,NONE,HOLD_PENDING_DISPOSITION_AND_DESTINATION_BACKCHECK
DEL-17-09:2,PINNED_2026-09-22_CENSUS,DEL-17-09,PKG-17,IN_PROGRESS,2,- Bind any future SDK admission package to a governed runtime loader with complete provenance-detail grains; the current declaration gate remains deny-only and does not admit a target runtime.,projects/chirality-piping/execution/PKG-17_Export Format Interoperability/1_Working/DEL-17-09_Export adapter SDK and additional targets/_STATUS.md,4104a8683d8331bda5ce4d67b8f4fea08c12277da17021fea411d6cedd491ec6,Bind any future SDK admission package to a governed runtime loader with complete provenance-detail grains; the current declaration gate remains deny-only and does not admit a target runtime.,GOVERNING_SCOPE_CANDIDATE_WITH_UNFINISHED_WITNESS,projects/chirality-piping/execution/PKG-17_Export Format Interoperability/1_Working/DEL-17-09_Export adapter SDK and additional targets/_STATUS.md#Remaining; projects/chirality-piping/execution/PKG-17_Export Format Interoperability/1_Working/DEL-17-09_Export adapter SDK and additional targets/ScopeOfWork.md; projects/chirality-piping/execution/_Coordination/_TaskManagement/REGISTER.csv (TM-PIP-002..022 relevant deferred source questions),projects/chirality-piping/execution/PKG-17_Export Format Interoperability/1_Working/DEL-17-09_Export adapter SDK and additional targets/ScopeOfWork.md,Existing governing form; specific surviving meaning requires human review before source removal,PENDING,NONE,HOLD_PENDING_DISPOSITION_AND_DESTINATION_BACKCHECK
DEL-17-09:3,PINNED_2026-09-22_CENSUS,DEL-17-09,PKG-17,IN_PROGRESS,3,"- Select the exact adapter readiness-category taxonomy before PDU-034 closure; current admission evidence remains the implemented nine-category checklist and does not imply syntactic, redistribution, mechanics, or rule-check readiness.",projects/chirality-piping/execution/PKG-17_Export Format Interoperability/1_Working/DEL-17-09_Export adapter SDK and additional targets/_STATUS.md,4104a8683d8331bda5ce4d67b8f4fea08c12277da17021fea411d6cedd491ec6,"Select the exact adapter readiness-category taxonomy before PDU-034 closure; current admission evidence remains the implemented nine-category checklist and does not imply syntactic, redistribution, mechanics, or rule-check readiness.",OWNING_POLICY_OR_HUMAN_DECISION_PENDING;SCOPE_RETAINED,projects/chirality-piping/execution/PKG-17_Export Format Interoperability/1_Working/DEL-17-09_Export adapter SDK and additional targets/_STATUS.md#Remaining; projects/chirality-piping/execution/PKG-17_Export Format Interoperability/1_Working/DEL-17-09_Export adapter SDK and additional targets/ScopeOfWork.md; named refs: PDU-034,projects/chirality-piping/execution/PKG-17_Export Format Interoperability/1_Working/DEL-17-09_Export adapter SDK and additional targets/ScopeOfWork.md,Decision needed at named owner boundary; no policy value or approval inferred,PENDING,NONE,HOLD_PENDING_DISPOSITION_AND_DESTINATION_BACKCHECK
DEL-17-09:4,PINNED_2026-09-22_CENSUS,DEL-17-09,PKG-17,IN_PROGRESS,4,"- Hold PDU-004's exact checklist-category, reviewer-role, signoff-format, and approval-artifact taxonomy for owner selection. Current evidence-backed checklist fields do not include those unselected grains; `human_review_required=true` and the existing `human_review` category are not a reviewer identity or signoff record.",projects/chirality-piping/execution/PKG-17_Export Format Interoperability/1_Working/DEL-17-09_Export adapter SDK and additional targets/_STATUS.md,4104a8683d8331bda5ce4d67b8f4fea08c12277da17021fea411d6cedd491ec6,"Hold PDU-004's exact checklist-category, reviewer-role, signoff-format, and approval-artifact taxonomy for owner selection. Current evidence-backed checklist fields do not include those unselected grains; `human_review_required=true` and the existing `human_review` category are not a reviewer identity or…",OWNING_POLICY_OR_HUMAN_DECISION_PENDING;SCOPE_RETAINED,projects/chirality-piping/execution/PKG-17_Export Format Interoperability/1_Working/DEL-17-09_Export adapter SDK and additional targets/_STATUS.md#Remaining; projects/chirality-piping/execution/PKG-17_Export Format Interoperability/1_Working/DEL-17-09_Export adapter SDK and additional targets/ScopeOfWork.md; named refs: PDU-004,projects/chirality-piping/execution/PKG-17_Export Format Interoperability/1_Working/DEL-17-09_Export adapter SDK and additional targets/ScopeOfWork.md,Decision needed at named owner boundary; no policy value or approval inferred,PENDING,NONE,HOLD_PENDING_DISPOSITION_AND_DESTINATION_BACKCHECK
LIVE:DEL-12-01:1,SAME_HASH_LIVE_BULLET_OMITTED_BY_CENSUS_EXTRACTION,DEL-12-01,PKG-12,IN_PROGRESS,1,"- Complete LFSP-REQ-011 runtime private-path resolution and obtain a bounded review mapping its required test families to the existing storage round-trip/migration and report/export evidence. Candidate evidence exists at `apps/desktop/src-tauri/src/lib.rs::saved_edited_load_model_round_trips_and_solves_from_restored_payload`, `::store_migration_ledger_reconciles_legacy_store_and_preserves_rows`, and `apps/desktop/src/services/reportPackageSaveService.test.ts` (missing/blocked local-first evidence rejection). This corrects the claim that all storage families are absent; it does not establish that these tests satisfy LFSP-REQ-011. PDU-036's adjacent trace-gap fixture remains no substitute, and RF-001/RF-002 below remain human-held.","projects/chirality-piping/execution/PKG-12_Security, Privacy, and Private Data Handling/1_Working/DEL-12-01_Local-first storage and private data paths/_STATUS.md",01ca928c454cb01c6560c10c38c5c7f0eb39fc2b21164ec066047972808e0805,Runtime private-path LFSP-REQ-011 test-family sufficiency needs bounded evidence review; candidate tests do not yet establish coverage.,GOVERNING_SCOPE_CANDIDATE_WITH_UNFINISHED_WITNESS,"projects/chirality-piping/execution/PKG-12_Security, Privacy, and Private Data Handling/1_Working/DEL-12-01_Local-first storage and private data paths/_STATUS.md#Remaining; projects/chirality-piping/execution/PKG-12_Security, Privacy, and Private Data Handling/1_Working/DEL-12-01_Local-first storage and private data paths/ScopeOfWork.md","projects/chirality-piping/execution/PKG-12_Security, Privacy, and Private Data Handling/1_Working/DEL-12-01_Local-first storage and private data paths/ScopeOfWork.md",Live addition; must be checked and preserved before source removal,PENDING,NONE,HOLD_PENDING_DISPOSITION_AND_DESTINATION_BACKCHECK
LIVE:DEL-12-01:2,SAME_HASH_LIVE_BULLET_OMITTED_BY_CENSUS_EXTRACTION,DEL-12-01,PKG-12,IN_PROGRESS,2,"- Obtain owner/human-review dispositions for open `RF-001` and `RF-002`; current status wording and T3/T4 runtime/storage residual homes do not close either finding, and `HumanDisposition` remains `TBD` (PDU-060).","projects/chirality-piping/execution/PKG-12_Security, Privacy, and Private Data Handling/1_Working/DEL-12-01_Local-first storage and private data paths/_STATUS.md",01ca928c454cb01c6560c10c38c5c7f0eb39fc2b21164ec066047972808e0805,RF-001/RF-002 require owning human dispositions; current technical homes do not close findings.,HUMAN_REVIEW_DISPOSITION_PENDING;TECHNICAL_SCOPE_RETAINED,"projects/chirality-piping/execution/PKG-12_Security, Privacy, and Private Data Handling/1_Working/DEL-12-01_Local-first storage and private data paths/_STATUS.md#Remaining; projects/chirality-piping/execution/PKG-12_Security, Privacy, and Private Data Handling/1_Working/DEL-12-01_Local-first storage and private data paths/ScopeOfWork.md","projects/chirality-piping/execution/PKG-12_Security, Privacy, and Private Data Handling/1_Working/DEL-12-01_Local-first storage and private data paths/ScopeOfWork.md; TM-PIP-046 (deferred decision attention only; governing source retained)",Live addition; must be checked and preserved before source removal,PENDING,NONE,HOLD_PENDING_DISPOSITION_AND_DESTINATION_BACKCHECK
