warning: function `derived` is never used
   --> ARCH/projects/chirality-piping/core/reporting/result_export/src/source_blocks.rs:433:4
    |
433 | fn derived(recipe: &Value, row: &Value, inputs: &[&Value]) -> Result<(), String> {
    |    ^^^^^^^
    |
    = note: `#[warn(dead_code)]` (part of `#[warn(unused)]`) on by default

warning: `open_pipe_stress_result_export` (lib) generated 1 warning
warning: unnecessary parentheses around function argument
    --> src/retained_memory.rs:1607:27
     |
1607 | ...er((up(1, max_usize(4, fkr::KIND_ALIGN)) + up(4, max_usize(4, fkr::KIND_ALIGN)) + up(fkr::KIND, max_usize(4, fkr::KIND_ALIGN))), m...
     |       ^                                                                                                                          ^
     |
     = note: `#[warn(unused_parens)]` (part of `#[warn(unused)]`) on by default
help: remove these parentheses
     |
1607 -         (btree_node_upper((up(1, max_usize(4, fkr::KIND_ALIGN)) + up(4, max_usize(4, fkr::KIND_ALIGN)) + up(fkr::KIND, max_usize(4, fkr::KIND_ALIGN))), max_usize(4, fkr::KIND_ALIGN), 0, 1)) as u64, // Node(TrackerKey,()) (TrackerSet.holding: BTreeSet<(RuleTest, u32, Kind)>)
1607 +         (btree_node_upper(up(1, max_usize(4, fkr::KIND_ALIGN)) + up(4, max_usize(4, fkr::KIND_ALIGN)) + up(fkr::KIND, max_usize(4, fkr::KIND_ALIGN)), max_usize(4, fkr::KIND_ALIGN), 0, 1)) as u64, // Node(TrackerKey,()) (TrackerSet.holding: BTreeSet<(RuleTest, u32, Kind)>)
     |

warning: unnecessary parentheses around function argument
    --> src/retained_memory.rs:1608:27
     |
1608 | ...er((up(1, max_usize(4, fkr::KIND_ALIGN)) + up(4, max_usize(4, fkr::KIND_ALIGN)) + up(fkr::KIND, max_usize(4, fkr::KIND_ALIGN))), m...
     |       ^                                                                                                                          ^
     |
help: remove these parentheses
     |
1608 -         (btree_node_upper((up(1, max_usize(4, fkr::KIND_ALIGN)) + up(4, max_usize(4, fkr::KIND_ALIGN)) + up(fkr::KIND, max_usize(4, fkr::KIND_ALIGN))), max_usize(4, fkr::KIND_ALIGN), fkr::TRACKER, fkr::TRACKER_ALIGN)) as u64, // Node(TrackerKey,Tracker) (TrackerSet.trackers: BTreeMap<(RuleTest, u32, Kind), BoundedExtremeTracker>; RuleTest (private, fieldless) <= 1 byte)
1608 +         (btree_node_upper(up(1, max_usize(4, fkr::KIND_ALIGN)) + up(4, max_usize(4, fkr::KIND_ALIGN)) + up(fkr::KIND, max_usize(4, fkr::KIND_ALIGN)), max_usize(4, fkr::KIND_ALIGN), fkr::TRACKER, fkr::TRACKER_ALIGN)) as u64, // Node(TrackerKey,Tracker) (TrackerSet.trackers: BTreeMap<(RuleTest, u32, Kind), BoundedExtremeTracker>; RuleTest (private, fieldless) <= 1 byte)
     |

warning: function `is_exact_pressure_result_kind` is never used
     --> src/lib.rs:10327:4
      |
10327 | fn is_exact_pressure_result_kind(kind: &str) -> bool {
      |    ^^^^^^^^^^^^^^^^^^^^^^^^^^^^^
      |
      = note: `#[warn(dead_code)]` (part of `#[warn(unused)]`) on by default

warning: fields `support_id`, `global_dof`, `value`, and `functional_index` are never read
   --> src/source_recovery.rs:146:9
    |
145 | pub(super) struct SpringAction {
    |                   ------------ fields in this struct
146 |     pub support_id: String,
    |         ^^^^^^^^^^
147 |     pub global_dof: usize,
    |         ^^^^^^^^^^
148 |     pub value: f64,
    |         ^^^^^
149 |     pub functional_index: usize,
    |         ^^^^^^^^^^^^^^^^
    |
    = note: `SpringAction` has derived impls for the traits `Clone` and `Debug`, but these are intentionally ignored during dead code analysis

warning: multiple fields are never read
   --> src/source_recovery.rs:171:9
    |
170 | pub(super) struct RecoverySummary {
    |                   --------------- fields in this struct
171 |     pub dofs: usize,
    |         ^^^^
172 |     pub stiffness_contributions: usize,
    |         ^^^^^^^^^^^^^^^^^^^^^^^
173 |     pub identified_load_contributions: usize,
    |         ^^^^^^^^^^^^^^^^^^^^^^^^^^^^^
174 |     pub blocks: usize,
    |         ^^^^^^
175 |     pub largest_block: usize,
    |         ^^^^^^^^^^^^^
176 |     pub member_end_components: usize,
    |         ^^^^^^^^^^^^^^^^^^^^^
177 |     pub section_components: usize,
    |         ^^^^^^^^^^^^^^^^^^
178 |     pub spring_actions: usize,
    |         ^^^^^^^^^^^^^^
179 |     pub support_components: usize,
    |         ^^^^^^^^^^^^^^^^^^
180 |     pub published_nodal_components: usize,
    |         ^^^^^^^^^^^^^^^^^^^^^^^^^^
181 |     pub functional_count: usize,
    |         ^^^^^^^^^^^^^^^^
182 |     pub dof_projection_count: usize,
    |         ^^^^^^^^^^^^^^^^^^^^
183 |     pub max_absolute_projection_error: f64,
    |         ^^^^^^^^^^^^^^^^^^^^^^^^^^^^^
184 |     pub max_relative_projection_error: f64,
185 |     pub relative_limit: f64,
    |         ^^^^^^^^^^^^^^
    |
    = note: `RecoverySummary` has derived impls for the traits `Clone` and `Debug`, but these are intentionally ignored during dead code analysis

warning: field `springs` is never read
   --> src/source_recovery.rs:198:5
    |
192 | pub(super) struct SelectedSourceRecovery {
    |                   ---------------------- field in this struct
...
198 |     springs: Vec<SpringAction>,
    |     ^^^^^^^
    |
    = note: `SelectedSourceRecovery` has a derived impl for the trait `Debug`, but this is intentionally ignored during dead code analysis

warning: method `spring_actions` is never used
   --> src/source_recovery.rs:224:12
    |
207 | impl SelectedSourceRecovery {
    | --------------------------- method in this implementation
...
224 |     pub fn spring_actions(&self) -> &[SpringAction] {
    |            ^^^^^^^^^^^^^^

warning: `open_pipe_stress_product_physics` (lib test) generated 7 warnings (run `cargo fix --lib -p open_pipe_stress_product_physics --tests` to apply 2 suggestions)
    Finished `test` profile [unoptimized + debuginfo] target(s) in 0.02s
     Running unittests src/lib.rs (WT/targets/i99-b3w/debug/deps/open_pipe_stress_product_physics-2e7eada646dc82a0)

running 3 tests
test retained_memory::zz_i99_probe::zz_i99_controls ... I99_CENSUS milestone input_sha=8d1967a756b09072f7359cafa5818aad259c2e01dc45f9305cdf5459cd422c76 profile=Registered census_complete=true domain=None refusal=None required=Some(3575778286)
I99_BEGIN milestone sparse_interactive registered=true input_sha=8d1967a756b09072f7359cafa5818aad259c2e01dc45f9305cdf5459cd422c76
I99_ORDINARY milestone sparse_interactive results=98 plain_sha=9c7ec1a144a729f456a25fedb5dbe6a7dafde67d52b9cc8caff6c39bb0050871 plain_len=68250 facts={"contract":"openpipestress.result_semantics/0.3.0/preview-physics-1","contract_evidence":{"connector":null,"exact_cases":null,"keys":["combination_gates","preview_cases"],"pressure":null},"d5":[{"d5":"formation_check: reason=estimate; row=N1:RX; doubled_correction=8.093801056572112e-14; scale=3.333666549241316e-5; trigger_ratio=2.427897612739378","refs":["case"]}],"diagnostics":{"LOAD_CATEGORY_PREVIEW_MAPPED:warning":3,"NUMERICAL_INTEGRITY_SENSITIVE:warning":1,"RULE_CHECK_INPUTS_MISSING:warning":1,"SOURCE_BLOCK_RECOVERY_UNAVAILABLE:info":1},"exact_block":null,"profile":"product_preview_mechanics_v1","rcond":[{"rcond":"2.606477882912165e-8","refs":["case"]}],"rows_by_kind":{"case":{"displacement_magnitude":2,"element_local_axial_force":5,"element_local_axial_normal_stress":5,"element_local_bending_moment_y":5,"element_local_bending_moment_z":5,"element_local_bending_normal_stress_y":5,"element_local_bending_normal_stress_z":5,"element_local_shear_force_y":5,"element_local_shear_force_z":5,"element_local_torsional_moment":5,"element_local_torsional_shear_stress":5,"global_nodal_displacement_x":2,"global_nodal_displacement_y":2,"global_nodal_displacement_z":2,"global_nodal_rotation_x":2,"global_nodal_rotation_y":2,"global_nodal_rotation_z":2,"linear_solver_mode_basis":1,"pipe_elastic_normal_stress_maximum_v2":1,"support_reaction_component_v2":24,"support_reaction_force_magnitude_v2":4,"support_reaction_moment_magnitude_v2":4}},"rows_per_case":{"case":98},"source_block_diagnostics":[{"code":"SOURCE_BLOCK_RECOVERY_UNAVAILABLE","message":"The bounded retained-source method did not produce a selected response: RecoveryFailure { stage: \"source closure\", helper_stage: SourceClosure, error: Unsupported(\"actual transform is not a signed permutation\"), work: WorkReport { charged: 46628, rejected: 0, limit: 4000000 } }","refs":["case"]}],"status":{"mechanics":"MECHANICS_SOLVED","professional_acceptance":"NOT_PROVIDED","rule_check":"RULE_INPUTS_INCOMPLETE"},"verdicts":[{"ref":"case","solve_quality":"sensitive","structural_status":"passive_model_basis"}]}
I99_SEEDS site=permitted_run mechanics="MECHANICS_SOLVED" exact_selected=false quality=[{"ref":"case","solve_quality":"sensitive"}] seeds=[{"case":"case","d5_ref":"diagnostic:numerical-integrity:case","initial":{"kind":"report","outcome":"NUMERICAL_INTEGRITY_SENSITIVE","ref":"diagnostic:numerical-integrity:case"},"legacy":"unavailable(stage=source closure, charged=46628, limit=4000000)","load_row_finding":false,"recovery_demoted":false,"w2":{"kind":"not_triggered"}}]
I99_W1_START case=case
I99_NATIVE_OUTCOME Selected
I51_DUAL_LANES (LaneReadouts { anchor: ProofAnchor { owner: ProductOwnerStamp { run: 0, .. } }, law: AdmittedK, rows: [Enclosure { lo: Z+, hi: Z+ }, Enclosure { lo: Z+, hi: Z+ }, Enclosure { lo: Z+, hi: Z+ }, Enclosure { lo: +8bcf64e5ec10eaaaaaaaaaaaaaaaaaaaaaaaaaaaaaaaaaaaaaaaaaaaaaaaaaaaaaaaaa960c49ca6366513da9bec544c691a3b0279d0dd3c0ca4587e6b74f0329161f9add3c0ca4587e6b74f0329161f9add3c0ca4587e6b74f0329161f9add3c0ca4587e6b74f0329161f9add3c0ca4587e6b74f0329161f9add3c0c86ac1e74p-15, hi: +8bcf64e5ec10eaaaaaaaaaaaaaaaaaaaaaaaaaaaaaaaaaaaaaaaaaaaaaaaaaaaaaaaaabf4dca3d9c99aec256413abb396e5c4fd862f22c3f35ba781948b0fcd6e9e06522c3f35ba781948b0fcd6e9e06522c3f35ba781948b0fcd6e9e06522c3f35ba781948b0fcd6e9e06522c3f35ba781948b0fcd6e9e06522c3f37953e18cp-15 }, Enclosure { lo: +a4ed3f1b0e725c3dee78183f91e646f156191148fd9fd36f7e3d1cc100e6afcce1c43849dc784a6513da9bec544c691a3b0279d0dd3c0ca4587e6b74f0329161f9add3c0ca4587e6b74f0329161f9add3c0ca4587e6b74f0329161f9add3c0ca4587e6b74f0329161f9add3c0ca4587e6b...[cut by sanitize.py: 55873 bytes, sha256 a5a384cd048e9c7832d6fc5526042f89b93ee090a8b6f3705ddcd4f058e19b4a]
I51_FROZEN_ROWS {"g5a":"None","numeric_pass":true,"observables":"None","rows":[{"bits":"3ff0000000000000","id":"result:solver-mode:linear-solve-basis","kind":"linear_solver_mode_basis","unit":"mode_code","value":1.0},{"bits":"0000000000000000","id":"result:disp:N0","kind":"displacement_magnitude","unit":"mm","value":0.0},{"bits":"3fb821e751965334","id":"result:disp:N1","kind":"displacement_magnitude","unit":"mm","value":0.09426732770800755},{"bits":"0000000000000000","id":"result:disp:N0:ux","kind":"global_nodal_displacement_x","unit":"mm","value":0.0},{"bits":"0000000000000000","id":"result:disp:N0:uy","kind":"global_nodal_displacement_y","unit":"mm","value":0.0},{"bits":"0000000000000000","id":"result:disp:N0:uz","kind":"global_nodal_displacement_z","unit":"mm","value":0.0},{"bits":"3f0179ec9cbd821d","id":"result:disp:N0:rx","kind":"global_nodal_rotation_x","unit":"rad","value":0.00003333333333333333},{"bits":"3e449da7e361ce4c","id":"result:disp:N0:ry","kind":"global_nodal_rotation_y...[cut by sanitize.py: 38836 bytes, sha256 554a46440c56e0fe131eba2310cc175e641eb0b7b1568be5bf4809e10df34b2f]
I99_ADMISSION milestone sparse_interactive profile=Registered allowance=Unselected refusal=None domain=None required=Some(3575778286) census_complete=true
I99_W1 milestone sparse_interactive cause=Ok(successor) phase=E_mov,max (successor) counts=Counts { runs: 1, complete_gates: 1 } one_run_through_g_c=true armed_before=[] armed_after=[] envelope_is_plain=true published_successor=true notices=0 bytes_eq_with_notice_plain_case_none=false bytes_eq_plain=false published_sha=1d9ba7098dd20390357851e84a136890581a625ae21bf928864c30bc98a1a8c9 published_len=113733
I99_SUCCESSOR milestone sparse_interactive receipt_sha256="efc1a39bbe83840df6bd0761c932b8020285d3b8c005ba8fd0b45ba10d667494" rust_reader=PASS invocation_bound=true numerical_eligible=true classifications=98 case_status="selected" ordinary_initial={"kind":"report","outcome":"sensitive","report_diagnostic_ref":"diagnostic:numerical-integrity:case"} ordinary_w2={"kind":"not_triggered"}
I99_DRIVER_ORDINARY milestone sparse_interactive sha=9c7ec1a144a729f456a25fedb5dbe6a7dafde67d52b9cc8caff6c39bb0050871 len=68250 exact_selected=false
I99_SEEDS site=witness_driver mechanics="MECHANICS_SOLVED" exact_selected=false quality=[{"ref":"case","solve_quality":"sensitive"}] seeds=[{"case":"case","d5_ref":"diagnostic:numerical-integrity:case","initial":{"kind":"report","outcome":"NUMERICAL_INTEGRITY_SENSITIVE","ref":"diagnostic:numerical-integrity:case"},"legacy":"unavailable(stage=source closure, charged=46628, limit=4000000)","load_row_finding":false,"recovery_demoted":false,"w2":{"kind":"not_triggered"}}]
I99_W1_START case=case
I99_NATIVE_OUTCOME Selected
I51_DUAL_LANES (LaneReadouts { anchor: ProofAnchor { owner: ProductOwnerStamp { run: 0, .. } }, law: AdmittedK, rows: [Enclosure { lo: Z+, hi: Z+ }, Enclosure { lo: Z+, hi: Z+ }, Enclosure { lo: Z+, hi: Z+ }, Enclosure { lo: +8bcf64e5ec10eaaaaaaaaaaaaaaaaaaaaaaaaaaaaaaaaaaaaaaaaaaaaaaaaaaaaaaaaa960c49ca6366513da9bec544c691a3b0279d0dd3c0ca4587e6b74f0329161f9add3c0ca4587e6b74f0329161f9add3c0ca4587e6b74f0329161f9add3c0ca4587e6b74f0329161f9add3c0ca4587e6b74f0329161f9add3c0c86ac1e74p-15, hi: +8bcf64e5ec10eaaaaaaaaaaaaaaaaaaaaaaaaaaaaaaaaaaaaaaaaaaaaaaaaaaaaaaaaabf4dca3d9c99aec256413abb396e5c4fd862f22c3f35ba781948b0fcd6e9e06522c3f35ba781948b0fcd6e9e06522c3f35ba781948b0fcd6e9e06522c3f35ba781948b0fcd6e9e06522c3f35ba781948b0fcd6e9e06522c3f37953e18cp-15 }, Enclosure { lo: +a4ed3f1b0e725c3dee78183f91e646f156191148fd9fd36f7e3d1cc100e6afcce1c43849dc784a6513da9bec544c691a3b0279d0dd3c0ca4587e6b74f0329161f9add3c0ca4587e6b74f0329161f9add3c0ca4587e6b74f0329161f9add3c0ca4587e6b74f0329161f9add3c0ca4587e6b...[cut by sanitize.py: 55873 bytes, sha256 a5a384cd048e9c7832d6fc5526042f89b93ee090a8b6f3705ddcd4f058e19b4a]
I51_FROZEN_ROWS {"g5a":"None","numeric_pass":true,"observables":"None","rows":[{"bits":"3ff0000000000000","id":"result:solver-mode:linear-solve-basis","kind":"linear_solver_mode_basis","unit":"mode_code","value":1.0},{"bits":"0000000000000000","id":"result:disp:N0","kind":"displacement_magnitude","unit":"mm","value":0.0},{"bits":"3fb821e751965334","id":"result:disp:N1","kind":"displacement_magnitude","unit":"mm","value":0.09426732770800755},{"bits":"0000000000000000","id":"result:disp:N0:ux","kind":"global_nodal_displacement_x","unit":"mm","value":0.0},{"bits":"0000000000000000","id":"result:disp:N0:uy","kind":"global_nodal_displacement_y","unit":"mm","value":0.0},{"bits":"0000000000000000","id":"result:disp:N0:uz","kind":"global_nodal_displacement_z","unit":"mm","value":0.0},{"bits":"3f0179ec9cbd821d","id":"result:disp:N0:rx","kind":"global_nodal_rotation_x","unit":"rad","value":0.00003333333333333333},{"bits":"3e449da7e361ce4c","id":"result:disp:N0:ry","kind":"global_nodal_rotation_y...[cut by sanitize.py: 38836 bytes, sha256 554a46440c56e0fe131eba2310cc175e641eb0b7b1568be5bf4809e10df34b2f]
I99_WITNESS milestone sparse_interactive stack=4194304 ran=Successor furthest_phase=E_mov,max (successor)
I99_BUDGET milestone sparse_interactive same_bytes_4M_8M=false [per_case_limit=4000000 sha=9c7ec1a144a729f456a25fedb5dbe6a7dafde67d52b9cc8caff6c39bb0050871 len=68250 eq_value_route=true contract="openpipestress.result_semantics/0.3.0/preview-physics-1" exact_block=null] [per_case_limit=8000000 sha=90daa4d720e02913e1c952c3378b1eab05af53023e8175d2f5ad538b24cd9eb2 len=68250 eq_value_route=false contract="openpipestress.result_semantics/0.3.0/preview-physics-1" exact_block=null]
I99_BEGIN milestone dense_scrutiny registered=true input_sha=8d1967a756b09072f7359cafa5818aad259c2e01dc45f9305cdf5459cd422c76
I99_ORDINARY milestone dense_scrutiny results=99 plain_sha=21ca629c27e6ca03b1411c8c51097f7a50f90429045b1e36313163014dd4278a plain_len=69366 facts={"contract":"openpipestress.result_semantics/0.3.0/preview-physics-1","contract_evidence":{"connector":null,"exact_cases":null,"keys":["combination_gates","preview_cases"],"pressure":null},"d5":[{"d5":"formation_check: reason=estimate; row=N1:RX; doubled_correction=1.6176971209150903e-13; scale=3.3336665371059296e-5; trigger_ratio=4.852606290728372","refs":["case"]}],"diagnostics":{"LOAD_CATEGORY_PREVIEW_MAPPED:warning":3,"NUMERICAL_INTEGRITY_SENSITIVE:warning":1,"RULE_CHECK_INPUTS_MISSING:warning":1,"SOURCE_BLOCK_RECOVERY_UNAVAILABLE:info":1},"exact_block":null,"profile":"product_preview_mechanics_v1","rcond":[{"rcond":"2.606477892402732e-8","refs":["case"]}],"rows_by_kind":{"case":{"displacement_magnitude":2,"element_local_axial_force":5,"element_local_axial_normal_stress":5,"element_local_bending_moment_y":5,"element_local_bending_moment_z":5,"element_local_bending_normal_stress_y":5,"element_local_bending_normal_stress_z":5,"element_local_shear_force_y":5,"element_local_shear_force_z":5,"element_local_torsional_moment":5,"element_local_torsional_shear_stress":5,"global_nodal_displacement_x":2,"global_nodal_displacement_y":2,"global_nodal_displacement_z":2,"global_nodal_rotation_x":2,"global_nodal_rotation_y":2,"global_nodal_rotation_z":2,"linear_solver_mode_basis":1,"pipe_elastic_normal_stress_maximum_v2":1,"sparse_live_path_dense_parity_relative_delta":1,"support_reaction_component_v2":24,"support_reaction_force_magnitude_v2":4,"support_reaction_moment_magnitude_v2":4}},"rows_per_case":{"case":99},"source_block_diagnostics":[{"code":"SOURCE_BLOCK_RECOVERY_UNAVAILABLE","message":"The bounded retained-source method did not produce a selected response: RecoveryFailure { stage: \"source closure\", helper_stage: SourceClosure, error: Unsupported(\"actual transform is not a signed permutation\"), work: WorkReport { charged: 46628, rejected: 0, limit: 4000000 } }","refs":["case"]}],"status":{"mechanics":"MECHANICS_SOLVED","professional_acceptance":"NOT_PROVIDED","rule_check":"RULE_INPUTS_INCOMPLETE"},"verdicts":[{"ref":"case","solve_quality":"sensitive","structural_status":"passive_model_basis"}]}
I99_SEEDS site=permitted_run mechanics="MECHANICS_SOLVED" exact_selected=false quality=[{"ref":"case","solve_quality":"sensitive"}] seeds=[{"case":"case","d5_ref":"diagnostic:numerical-integrity:case","initial":{"kind":"report","outcome":"NUMERICAL_INTEGRITY_SENSITIVE","ref":"diagnostic:numerical-integrity:case"},"legacy":"unavailable(stage=source closure, charged=46628, limit=4000000)","load_row_finding":false,"recovery_demoted":false,"w2":{"kind":"not_triggered"}}]
I99_W1_START case=case
I99_NATIVE_OUTCOME Selected
I51_DUAL_LANES (LaneReadouts { anchor: ProofAnchor { owner: ProductOwnerStamp { run: 0, .. } }, law: AdmittedK, rows: [Enclosure { lo: Z+, hi: Z+ }, Enclosure { lo: Z+, hi: Z+ }, Enclosure { lo: Z+, hi: Z+ }, Enclosure { lo: +8bcf64e5ec10eaaaaaaaaaaaaaaaaaaaaaaaaaaaaaaaaaaaaaaaaaaaaaaaaaaaaaaaaa960c49ca6366513da9bec544c691a3b0279d0dd3c0ca4587e6b74f0329161f9add3c0ca4587e6b74f0329161f9add3c0ca4587e6b74f0329161f9add3c0ca4587e6b74f0329161f9add3c0ca4587e6b74f0329161f9add3c0c86ac1e74p-15, hi: +8bcf64e5ec10eaaaaaaaaaaaaaaaaaaaaaaaaaaaaaaaaaaaaaaaaaaaaaaaaaaaaaaaaabf4dca3d9c99aec256413abb396e5c4fd862f22c3f35ba781948b0fcd6e9e06522c3f35ba781948b0fcd6e9e06522c3f35ba781948b0fcd6e9e06522c3f35ba781948b0fcd6e9e06522c3f35ba781948b0fcd6e9e06522c3f37953e18cp-15 }, Enclosure { lo: +a4ed3f1b0e725c3dee78183f91e646f156191148fd9fd36f7e3d1cc100e6afcce1c43849dc784a6513da9bec544c691a3b0279d0dd3c0ca4587e6b74f0329161f9add3c0ca4587e6b74f0329161f9add3c0ca4587e6b74f0329161f9add3c0ca4587e6b74f0329161f9add3c0ca4587e6b...[cut by sanitize.py: 55873 bytes, sha256 a5a384cd048e9c7832d6fc5526042f89b93ee090a8b6f3705ddcd4f058e19b4a]
I51_FROZEN_ROWS {"g5a":"None","numeric_pass":true,"observables":"None","rows":[{"bits":"4000000000000000","id":"result:solver-mode:linear-solve-basis","kind":"linear_solver_mode_basis","unit":"mode_code","value":2.0},{"bits":"3e2c76280d1333f1","id":"result:sparse-live:dense-parity-relative-delta","kind":"sparse_live_path_dense_parity_relative_delta","unit":"unitless","value":3.31336034355847e-9},{"bits":"0000000000000000","id":"result:disp:N0","kind":"displacement_magnitude","unit":"mm","value":0.0},{"bits":"3fb821e751965334","id":"result:disp:N1","kind":"displacement_magnitude","unit":"mm","value":0.09426732770800755},{"bits":"0000000000000000","id":"result:disp:N0:ux","kind":"global_nodal_displacement_x","unit":"mm","value":0.0},{"bits":"0000000000000000","id":"result:disp:N0:uy","kind":"global_nodal_displacement_y","unit":"mm","value":0.0},{"bits":"0000000000000000","id":"result:disp:N0:uz","kind":"global_nodal_displacement_z","unit":"mm","value":0.0},{"bits":"3f0179ec9cbd821d","id"...[cut by sanitize.py: 39144 bytes, sha256 786ce70d7482f22ba1c350e495f1a7a09fe802961924b7d2356e604622d27ecb]
I99_ADMISSION milestone dense_scrutiny profile=Registered allowance=Unselected refusal=None domain=None required=Some(3595488734) census_complete=true
I99_W1 milestone dense_scrutiny cause=Ok(successor) phase=E_mov,max (successor) counts=Counts { runs: 1, complete_gates: 1 } one_run_through_g_c=true armed_before=[] armed_after=[] envelope_is_plain=true published_successor=true notices=0 bytes_eq_with_notice_plain_case_none=false bytes_eq_plain=false published_sha=7c5fe5c59f2bcc3b3313055223214d0f4884dc44981e3f6bb615a8d84acca595 published_len=114894
I99_SUCCESSOR milestone dense_scrutiny receipt_sha256="3e26499f17caff8f5fc0d46406bbe54acf43e8cb16e761784aa5074413b0ac4a" rust_reader=PASS invocation_bound=true numerical_eligible=true classifications=99 case_status="selected" ordinary_initial={"kind":"report","outcome":"sensitive","report_diagnostic_ref":"diagnostic:numerical-integrity:case"} ordinary_w2={"kind":"not_triggered"}
I99_DRIVER_ORDINARY milestone dense_scrutiny sha=21ca629c27e6ca03b1411c8c51097f7a50f90429045b1e36313163014dd4278a len=69366 exact_selected=false
I99_SEEDS site=witness_driver mechanics="MECHANICS_SOLVED" exact_selected=false quality=[{"ref":"case","solve_quality":"sensitive"}] seeds=[{"case":"case","d5_ref":"diagnostic:numerical-integrity:case","initial":{"kind":"report","outcome":"NUMERICAL_INTEGRITY_SENSITIVE","ref":"diagnostic:numerical-integrity:case"},"legacy":"unavailable(stage=source closure, charged=46628, limit=4000000)","load_row_finding":false,"recovery_demoted":false,"w2":{"kind":"not_triggered"}}]
I99_W1_START case=case
I99_NATIVE_OUTCOME Selected
I51_DUAL_LANES (LaneReadouts { anchor: ProofAnchor { owner: ProductOwnerStamp { run: 0, .. } }, law: AdmittedK, rows: [Enclosure { lo: Z+, hi: Z+ }, Enclosure { lo: Z+, hi: Z+ }, Enclosure { lo: Z+, hi: Z+ }, Enclosure { lo: +8bcf64e5ec10eaaaaaaaaaaaaaaaaaaaaaaaaaaaaaaaaaaaaaaaaaaaaaaaaaaaaaaaaa960c49ca6366513da9bec544c691a3b0279d0dd3c0ca4587e6b74f0329161f9add3c0ca4587e6b74f0329161f9add3c0ca4587e6b74f0329161f9add3c0ca4587e6b74f0329161f9add3c0ca4587e6b74f0329161f9add3c0c86ac1e74p-15, hi: +8bcf64e5ec10eaaaaaaaaaaaaaaaaaaaaaaaaaaaaaaaaaaaaaaaaaaaaaaaaaaaaaaaaabf4dca3d9c99aec256413abb396e5c4fd862f22c3f35ba781948b0fcd6e9e06522c3f35ba781948b0fcd6e9e06522c3f35ba781948b0fcd6e9e06522c3f35ba781948b0fcd6e9e06522c3f35ba781948b0fcd6e9e06522c3f37953e18cp-15 }, Enclosure { lo: +a4ed3f1b0e725c3dee78183f91e646f156191148fd9fd36f7e3d1cc100e6afcce1c43849dc784a6513da9bec544c691a3b0279d0dd3c0ca4587e6b74f0329161f9add3c0ca4587e6b74f0329161f9add3c0ca4587e6b74f0329161f9add3c0ca4587e6b74f0329161f9add3c0ca4587e6b...[cut by sanitize.py: 55873 bytes, sha256 a5a384cd048e9c7832d6fc5526042f89b93ee090a8b6f3705ddcd4f058e19b4a]
I51_FROZEN_ROWS {"g5a":"None","numeric_pass":true,"observables":"None","rows":[{"bits":"4000000000000000","id":"result:solver-mode:linear-solve-basis","kind":"linear_solver_mode_basis","unit":"mode_code","value":2.0},{"bits":"3e2c76280d1333f1","id":"result:sparse-live:dense-parity-relative-delta","kind":"sparse_live_path_dense_parity_relative_delta","unit":"unitless","value":3.31336034355847e-9},{"bits":"0000000000000000","id":"result:disp:N0","kind":"displacement_magnitude","unit":"mm","value":0.0},{"bits":"3fb821e751965334","id":"result:disp:N1","kind":"displacement_magnitude","unit":"mm","value":0.09426732770800755},{"bits":"0000000000000000","id":"result:disp:N0:ux","kind":"global_nodal_displacement_x","unit":"mm","value":0.0},{"bits":"0000000000000000","id":"result:disp:N0:uy","kind":"global_nodal_displacement_y","unit":"mm","value":0.0},{"bits":"0000000000000000","id":"result:disp:N0:uz","kind":"global_nodal_displacement_z","unit":"mm","value":0.0},{"bits":"3f0179ec9cbd821d","id"...[cut by sanitize.py: 39144 bytes, sha256 786ce70d7482f22ba1c350e495f1a7a09fe802961924b7d2356e604622d27ecb]
I99_WITNESS milestone dense_scrutiny stack=4194304 ran=Successor furthest_phase=E_mov,max (successor)
I99_BUDGET milestone dense_scrutiny same_bytes_4M_8M=false [per_case_limit=4000000 sha=21ca629c27e6ca03b1411c8c51097f7a50f90429045b1e36313163014dd4278a len=69366 eq_value_route=true contract="openpipestress.result_semantics/0.3.0/preview-physics-1" exact_block=null] [per_case_limit=8000000 sha=2376ccf09583bc7dd2d8c145e8c87593199d03469d7b703921962a960f8c8b87 len=69366 eq_value_route=false contract="openpipestress.result_semantics/0.3.0/preview-physics-1" exact_block=null]
ok
test retained_memory::zz_i99_probe::zz_i99_dump_builtin ... I99_BUILTIN milestone value_sha=8d1967a756b09072f7359cafa5818aad259c2e01dc45f9305cdf5459cd422c76 file_sha=dcdc8e652edcddf656fae37fc70720f98c3d604b0f5100d6cdde356fa699140b
ok
test retained_memory::zz_i99_probe::zz_i99_files ... I99_FILE m3x file_sha=0ffbea359c2e22b18b5274ad26172dfeab9720be7506f94f004faf2b44bae617 value_sha=c920a96dc542c3ecadb63f724cfcf243d73d5dd71692e4f48827a620bb0e5497
I99_FILE n05 file_sha=332319ee6f47870a074a6c16fbf2f43c0171e376a0b4cd1cb7f7ad8b59254b00 value_sha=ebc8f81e9de290b3eb3575434946e53c6a8f6431d6fe8b5bb959c781eb7006e3
I99_FILE n06 file_sha=5551f164b9e8ab88f04f3abce810e1e1b1ff47236bba6a296e32905f628be931 value_sha=73d38e3b58bb9a5b43d275d5172adfe2010493109aefdb582a74ba8fe8cc315b
I99_FILE m3x_mix_axial file_sha=93c6ca05617b69cbf5760b81896a8a182e404d5c2816f61aa4438a4870c3eb31 value_sha=3ea5d82b8e3025b94608b931880cf8b0951fb436defc17860142ede4681367f1
I99_FILE m3x_mix_anchor file_sha=3c9a6fdb912d9305d65a034af020f6bfe78933529b14f3945845d38126e7a693 value_sha=6ca777a6e3ed658bcf58813d277e839033ac07f0b84efb8526351a20c67d1ee0
I99_FILE m3x_mix_lateral file_sha=4be33eab9b38054ce92eaee54e818dde82205312ea37713fc467c5c548279741 value_sha=69f8e69a6a05e014816d7b6ab4005b8ebb8da97db8e6f13f6a30599cc22d8ceb
I99_FILE m1_twin_axial file_sha=9bd7bfd6845098684c80c4594f81514638460a0f0f144180a95b7f5a5491710a value_sha=4a70c5df9a45b33bc9c7fcd95b350390c8828e9e3b2ebe308b967a060b4e9a7b
I99_FILE m1_twin_anchor file_sha=898878221a516ba5e99c8ec64ffdf2d1e574f9944eb2facf19a4b79a53323ed2 value_sha=947b62063cf46650bac81f2c325f3da7e62a1ddd662a477fbd2dcca09285304e
I99_FILE m1_twin_lateral file_sha=9e4fc5eb420eff389fe1813a48996d5ec41bfa1f499571f4b70ddf3c8662215a value_sha=e12fe3779a10a0f061eba892280d3286811d09de1ce62cc545435c1b8bf82c42
I99_FILE m3l file_sha=c32170b3c224f90cf4481eaea99e44d21ae155fbe56055a5b396aac28a6384f5 value_sha=2f5ff465bfa97005a581d88e02c0a5478ea24da3bdc1c2eb9fcda491803fc0c3
I99_FILE fields file_sha=7f8ff9d5e23712cedd6ca58a86a690517a8e820b9b072962ca43ad60be286002 value_sha=5ab9edb3af3bbff84fddda47452a658a523bcdd8dbed7ed230f4338f9e1a1a2b
I99_CENSUS m3x input_sha=c920a96dc542c3ecadb63f724cfcf243d73d5dd71692e4f48827a620bb0e5497 profile=Registered census_complete=true domain=Some(Family(Namespace, SchemaVersion)) refusal=Some(Family(Namespace, SchemaVersion)) required=None
I99_BEGIN m3x sparse_interactive registered=true input_sha=c920a96dc542c3ecadb63f724cfcf243d73d5dd71692e4f48827a620bb0e5497
I99_ORDINARY m3x sparse_interactive results=98 plain_sha=5978e4dc9f8e7810fa858eff2a2decb3ba7d69284a6656502cf17b8f164f257a plain_len=69456 facts={"contract":"openpipestress.result_semantics/0.3.0/physics-1","contract_evidence":{"connector":0,"exact_cases":[{"keys":["load_case_id","material_basis","pipe_materials","pipe_sections","pipe_stress_extrema","pressure_rhs_assembly","profile_mode","stress_maximum_coverage"],"load_case_id":"case","pipe_materials":[{"E_pa":200000000000.0,"G_pa":80000000000.0,"alpha_per_kelvin":null,"constitutive_basis":"homogeneous_isotropic_E_nu_v1","material_id":"mat:N","nu":0.25,"pipe_id":"M1","provenance":"invented_t3_p1_detection_input_no_library_data","thermal_consumed":false}],"pipe_sections":[{"Ai_m2":0.02544690049407733,"As_m2":0.005969026041820607,"I_m4":0.000027009842839238257,"J_m4":0.000054019685678476514,"Z_m3":0.0002700984283923826,"effective_wall_thickness_m":0.01,"geometry_basis":"authored_normalized_od_wall_v1","outside_diameter_m":0.2,"pipe_id":"M1","ri_m":0.09000000000000001,"ro_m":0.1}]}],"keys":["connector","exact_cases","pressure"],"pressure":0},"d5":[{"d5":"formation_check: reason=estimate; row=N1:RX; doubled_correction=8.093765819750676e-14; scale=3.333666549241298e-5; trigger_ratio=2.4278870427495867","refs":["case"]}],"diagnostics":{"LOAD_CATEGORY_PREVIEW_MAPPED:warning":3,"NUMERICAL_INTEGRITY_SENSITIVE:warning":1,"RULE_CHECK_INPUTS_MISSING:warning":1,"SOURCE_BLOCK_RECOVERY_UNAVAILABLE:info":1},"exact_block":null,"profile":"exact_straight_pressure_v2","rcond":[{"rcond":"2.6064778829121665e-8","refs":["case"]}],"rows_by_kind":{"case":{"displacement_magnitude":2,"element_local_axial_force":5,"element_local_axial_normal_stress":5,"element_local_bending_moment_y":5,"element_local_bending_moment_z":5,"element_local_bending_normal_stress_y":5,"element_local_bending_normal_stress_z":5,"element_local_shear_force_y":5,"element_local_shear_force_z":5,"element_local_torsional_moment":5,"element_local_torsional_shear_stress":5,"global_nodal_displacement_x":2,"global_nodal_displacement_y":2,"global_nodal_displacement_z":2,"global_nodal_rotation_x":2,"global_nodal_rotation_y":2,"global_nodal_rotation_z":2,"linear_solver_mode_basis":1,"pipe_elastic_normal_stress_maximum_v2":1,"support_reaction_component_v2":24,"support_reaction_force_magnitude_v2":4,"support_reaction_moment_magnitude_v2":4}},"rows_per_case":{"case":98},"source_block_diagnostics":[{"code":"SOURCE_BLOCK_RECOVERY_UNAVAILABLE","message":"The bounded retained-source method did not produce a selected response: RecoveryFailure { stage: \"source closure\", helper_stage: SourceClosure, error: Unsupported(\"actual transform is not a signed permutation\"), work: WorkReport { charged: 46628, rejected: 0, limit: 8000000 } }","refs":["case"]}],"status":{"mechanics":"MECHANICS_SOLVED","professional_acceptance":"NOT_PROVIDED","rule_check":"RULE_INPUTS_INCOMPLETE"},"verdicts":[{"ref":"case","solve_quality":"sensitive","structural_status":"passive_model_basis"}]}
I99_ADMISSION m3x sparse_interactive profile=Registered allowance=Unselected refusal=Some(Family(Namespace, SchemaVersion)) domain=Some(Family(Namespace, SchemaVersion)) required=None census_complete=true
I99_W1 m3x sparse_interactive cause=None (no permit, no W1) phase=none (no W1 phase work) counts=Counts { runs: 1, complete_gates: 0 } one_run_through_g_c=false armed_before=[] armed_after=[] envelope_is_plain=true published_successor=false notices=0 bytes_eq_with_notice_plain_case_none=false bytes_eq_plain=true published_sha=5978e4dc9f8e7810fa858eff2a2decb3ba7d69284a6656502cf17b8f164f257a published_len=69456
I99_DRIVER_ORDINARY m3x sparse_interactive sha=437100452f60de3fa0a0b1cdfbe84fbce9cf73168dedfb0a282439de9b6b4d05 len=69456 exact_selected=false
I99_SEEDS site=witness_driver mechanics="MECHANICS_SOLVED" exact_selected=false quality=[{"ref":"case","solve_quality":"sensitive"}] seeds=[{"case":"case","d5_ref":"diagnostic:numerical-integrity:case","initial":{"kind":"report","outcome":"NUMERICAL_INTEGRITY_SENSITIVE","ref":"diagnostic:numerical-integrity:case"},"legacy":"unavailable(stage=source closure, charged=46628, limit=4000000)","load_row_finding":false,"recovery_demoted":false,"w2":{"kind":"not_triggered"}}]
I99_WITNESS_CAPTURE_ERROR m3x sparse_interactive Association("outside private ordinary no-component/no-combination scope")
I99_W1_START case=case
I99_PREPARATION_FAILURE error=Some(Association("outside private ordinary no-component/no-combination scope")) preparation_error=None
I99_WITNESS m3x sparse_interactive stack=4194304 ran=Fallback(Preparation) furthest_phase=W2
I99_BUDGET m3x sparse_interactive same_bytes_4M_8M=false [per_case_limit=4000000 sha=437100452f60de3fa0a0b1cdfbe84fbce9cf73168dedfb0a282439de9b6b4d05 len=69456 eq_value_route=false contract="openpipestress.result_semantics/0.3.0/physics-1" exact_block=null] [per_case_limit=8000000 sha=5978e4dc9f8e7810fa858eff2a2decb3ba7d69284a6656502cf17b8f164f257a len=69456 eq_value_route=true contract="openpipestress.result_semantics/0.3.0/physics-1" exact_block=null]
I99_BEGIN m3x dense_scrutiny registered=true input_sha=c920a96dc542c3ecadb63f724cfcf243d73d5dd71692e4f48827a620bb0e5497
I99_ORDINARY m3x dense_scrutiny results=99 plain_sha=d616999bdea43eb4dfcdba51ecfb5aed5f54473b1eeeba0ba5c94f935419dea7 plain_len=70540 facts={"contract":"openpipestress.result_semantics/0.3.0/physics-1","contract_evidence":{"connector":0,"exact_cases":[{"keys":["load_case_id","material_basis","pipe_materials","pipe_sections","pipe_stress_extrema","pressure_rhs_assembly","profile_mode","stress_maximum_coverage"],"load_case_id":"case","pipe_materials":[{"E_pa":200000000000.0,"G_pa":80000000000.0,"alpha_per_kelvin":null,"constitutive_basis":"homogeneous_isotropic_E_nu_v1","material_id":"mat:N","nu":0.25,"pipe_id":"M1","provenance":"invented_t3_p1_detection_input_no_library_data","thermal_consumed":false}],"pipe_sections":[{"Ai_m2":0.02544690049407733,"As_m2":0.005969026041820607,"I_m4":0.000027009842839238257,"J_m4":0.000054019685678476514,"Z_m3":0.0002700984283923826,"effective_wall_thickness_m":0.01,"geometry_basis":"authored_normalized_od_wall_v1","outside_diameter_m":0.2,"pipe_id":"M1","ri_m":0.09000000000000001,"ro_m":0.1}]}],"keys":["connector","exact_cases","pressure"],"pressure":0},"d5":[{"d5":"formation_check: reason=estimate; row=N1:RX; doubled_correction=1.639254177105094e-13; scale=3.333666536998144e-5; trigger_ratio=4.917270995500311","refs":["case"]}],"diagnostics":{"LOAD_CATEGORY_PREVIEW_MAPPED:warning":3,"NUMERICAL_INTEGRITY_SENSITIVE:warning":1,"RULE_CHECK_INPUTS_MISSING:warning":1,"SOURCE_BLOCK_RECOVERY_UNAVAILABLE:info":1},"exact_block":null,"profile":"exact_straight_pressure_v2","rcond":[{"rcond":"2.6064778924870253e-8","refs":["case"]}],"rows_by_kind":{"case":{"displacement_magnitude":2,"element_local_axial_force":5,"element_local_axial_normal_stress":5,"element_local_bending_moment_y":5,"element_local_bending_moment_z":5,"element_local_bending_normal_stress_y":5,"element_local_bending_normal_stress_z":5,"element_local_shear_force_y":5,"element_local_shear_force_z":5,"element_local_torsional_moment":5,"element_local_torsional_shear_stress":5,"global_nodal_displacement_x":2,"global_nodal_displacement_y":2,"global_nodal_displacement_z":2,"global_nodal_rotation_x":2,"global_nodal_rotation_y":2,"global_nodal_rotation_z":2,"linear_solver_mode_basis":1,"pipe_elastic_normal_stress_maximum_v2":1,"sparse_live_path_dense_parity_relative_delta":1,"support_reaction_component_v2":24,"support_reaction_force_magnitude_v2":4,"support_reaction_moment_magnitude_v2":4}},"rows_per_case":{"case":99},"source_block_diagnostics":[{"code":"SOURCE_BLOCK_RECOVERY_UNAVAILABLE","message":"The bounded retained-source method did not produce a selected response: RecoveryFailure { stage: \"source closure\", helper_stage: SourceClosure, error: Unsupported(\"actual transform is not a signed permutation\"), work: WorkReport { charged: 46628, rejected: 0, limit: 8000000 } }","refs":["case"]}],"status":{"mechanics":"MECHANICS_SOLVED","professional_acceptance":"NOT_PROVIDED","rule_check":"RULE_INPUTS_INCOMPLETE"},"verdicts":[{"ref":"case","solve_quality":"sensitive","structural_status":"passive_model_basis"}]}
I99_ADMISSION m3x dense_scrutiny profile=Registered allowance=Unselected refusal=Some(Family(Namespace, SchemaVersion)) domain=Some(Family(Namespace, SchemaVersion)) required=None census_complete=true
I99_W1 m3x dense_scrutiny cause=None (no permit, no W1) phase=none (no W1 phase work) counts=Counts { runs: 1, complete_gates: 0 } one_run_through_g_c=false armed_before=[] armed_after=[] envelope_is_plain=true published_successor=false notices=0 bytes_eq_with_notice_plain_case_none=false bytes_eq_plain=true published_sha=d616999bdea43eb4dfcdba51ecfb5aed5f54473b1eeeba0ba5c94f935419dea7 published_len=70540
I99_DRIVER_ORDINARY m3x dense_scrutiny sha=43f99d280fc62aaf48d076c2b2d7edbd564d78aea5c58fb8f40fdd1b95c691b3 len=70540 exact_selected=false
I99_SEEDS site=witness_driver mechanics="MECHANICS_SOLVED" exact_selected=false quality=[{"ref":"case","solve_quality":"sensitive"}] seeds=[{"case":"case","d5_ref":"diagnostic:numerical-integrity:case","initial":{"kind":"report","outcome":"NUMERICAL_INTEGRITY_SENSITIVE","ref":"diagnostic:numerical-integrity:case"},"legacy":"unavailable(stage=source closure, charged=46628, limit=4000000)","load_row_finding":false,"recovery_demoted":false,"w2":{"kind":"not_triggered"}}]
I99_WITNESS_CAPTURE_ERROR m3x dense_scrutiny Association("outside private ordinary no-component/no-combination scope")
I99_W1_START case=case
I99_PREPARATION_FAILURE error=Some(Association("outside private ordinary no-component/no-combination scope")) preparation_error=None
I99_WITNESS m3x dense_scrutiny stack=4194304 ran=Fallback(Preparation) furthest_phase=W2
I99_BUDGET m3x dense_scrutiny same_bytes_4M_8M=false [per_case_limit=4000000 sha=43f99d280fc62aaf48d076c2b2d7edbd564d78aea5c58fb8f40fdd1b95c691b3 len=70540 eq_value_route=false contract="openpipestress.result_semantics/0.3.0/physics-1" exact_block=null] [per_case_limit=8000000 sha=d616999bdea43eb4dfcdba51ecfb5aed5f54473b1eeeba0ba5c94f935419dea7 len=70540 eq_value_route=true contract="openpipestress.result_semantics/0.3.0/physics-1" exact_block=null]
I99_CENSUS n05 input_sha=ebc8f81e9de290b3eb3575434946e53c6a8f6431d6fe8b5bb959c781eb7006e3 profile=Registered census_complete=true domain=Some(Family(Namespace, SchemaVersion)) refusal=Some(Family(Namespace, SchemaVersion)) required=None
I99_BEGIN n05 sparse_interactive registered=true input_sha=ebc8f81e9de290b3eb3575434946e53c6a8f6431d6fe8b5bb959c781eb7006e3
I99_ORDINARY n05 sparse_interactive results=81 plain_sha=f222706855fc10360ec2468e2a13a2614274fd56be958376f648e55d276966d7 plain_len=115957 facts={"contract":"openpipestress.result_semantics/0.3.0/physics-source-1","contract_evidence":{"connector":0,"exact_cases":[{"keys":["load_case_id","material_basis","pipe_materials","pipe_sections","pipe_stress_extrema","pressure_rhs_assembly","profile_mode","recovery_method","stress_maximum_coverage"],"load_case_id":"case","pipe_materials":[{"E_pa":200000000000.0,"G_pa":80000000000.0,"alpha_per_kelvin":null,"constitutive_basis":"homogeneous_isotropic_E_nu_v1","material_id":"material","nu":0.25,"pipe_id":"independent-member","provenance":"original_analytical_fixture_numerical_integrity_v1_no_external_project_data","thermal_consumed":false}],"pipe_sections":[{"Ai_m2":0.02544690049407733,"As_m2":0.005969026041820607,"I_m4":0.000027009842839238257,"J_m4":0.000054019685678476514,"Z_m3":0.0002700984283923826,"effective_wall_thickness_m":0.01,"geometry_basis":"authored_normalized_od_wall_v1","outside_diameter_m":0.2,"pipe_id":"independent-member","ri_m":0.09000000000000001,"ro_m":0.1}]}],"keys":["connector","exact_cases","pressure"],"pressure":0},"d5":[{"d5":null,"refs":["case"]}],"diagnostics":{"EXACT_PRESSURE_REDUNDANT_G_IGNORED:warning":1,"LOAD_CATEGORY_PREVIEW_MAPPED:warning":1,"NUMERICAL_INTEGRITY_SENSITIVE:warning":1,"RULE_CHECK_INPUTS_MISSING:warning":1,"SOURCE_BLOCK_RECOVERY_SELECTED:info":1},"exact_block":{"cases":[{"failure":null,"outcome":"qualified","ref":"case","rows":81,"selected_method":"retained_source_blocks_exact_v1","work":{"charged":3059209,"limit":8000000,"rejected_reservation":{"amount":0,"kind":"finite"},"reserved_unobserved_failure":0}}],"invocation_work":{"charged":3316341,"limit":64000000,"publication_charged":257132},"policy":"PHYSICS-SOURCE-1","receipt_sha256":"87c5a52fec099cb2978acf34a74d387b6fb8e44f2dd7ee536099ffa768962f9a","status":"qualified"},"profile":"exact_straight_pressure_v2","rcond":[{"rcond":"1.0578136350371478e-11","refs":["case"]}],"rows_by_kind":{"case":{"displacement_magnitude":2,"element_local_axial_force":5,"element_local_axial_normal_stress":5,"element_local_bending_moment_y":5,"element_local_bending_moment_z":5,"element_local_bending_normal_stress_y":5,"element_local_bending_normal_stress_z":5,"element_local_shear_force_y":5,"element_local_shear_force_z":5,"element_local_torsional_moment":5,"element_local_torsional_shear_stress":5,"global_nodal_displacement_x":2,"global_nodal_displacement_y":2,"global_nodal_displacement_z":2,"global_nodal_rotation_x":2,"global_nodal_rotation_y":2,"global_nodal_rotation_z":2,"pipe_elastic_normal_stress_maximum_v2":1,"support_reaction_component_v2":12,"support_reaction_force_magnitude_v2":2,"support_reaction_moment_magnitude_v2":2}},"rows_per_case":{"case":81},"source_block_diagnostics":[{"code":"SOURCE_BLOCK_RECOVERY_SELECTED","message":"requested_mode=sparse_interactive; selected_method=retained_source_blocks_exact_v1; complete source-bound displacement/member/station/device projections precede binary64 publication; ordinary-attempt evidence remains separate; RecoverySummary { dofs: 12, stiffness_contributions: 145, identified_load_contributions: 1, blocks: 4, largest_block: 2, member_end_components: 12, section_components: 30, s...[721 bytes]","refs":["case"]}],"status":{"mechanics":"MECHANICS_SOLVED","professional_acceptance":"NOT_PROVIDED","rule_check":"RULE_INPUTS_INCOMPLETE"},"verdicts":[{"ref":"case","solve_quality":"sensitive","structural_status":"passive_model_basis"}]}
I99_ADMISSION n05 sparse_interactive profile=Registered allowance=Unselected refusal=Some(Family(Namespace, SchemaVersion)) domain=Some(Family(Namespace, SchemaVersion)) required=None census_complete=true
I99_W1 n05 sparse_interactive cause=None (no permit, no W1) phase=none (no W1 phase work) counts=Counts { runs: 1, complete_gates: 0 } one_run_through_g_c=false armed_before=[] armed_after=[] envelope_is_plain=true published_successor=false notices=0 bytes_eq_with_notice_plain_case_none=false bytes_eq_plain=true published_sha=f222706855fc10360ec2468e2a13a2614274fd56be958376f648e55d276966d7 published_len=115957
I99_DRIVER_ORDINARY n05 sparse_interactive sha=6e4053ace986730e35c1bc4901551c35522582241fbc23537b4931cbacf0debb len=115957 exact_selected=true
I99_SEEDS site=witness_driver mechanics="MECHANICS_SOLVED" exact_selected=true quality=[{"ref":"case","solve_quality":"sensitive"}] seeds=[{"case":"case","d5_ref":null,"initial":{"kind":"report","outcome":"NUMERICAL_INTEGRITY_SENSITIVE","ref":"diagnostic:numerical-integrity:case"},"legacy":"exact_selected","load_row_finding":false,"recovery_demoted":false,"w2":{"kind":"not_triggered"}}]
I99_WITNESS_CAPTURE_ERROR n05 sparse_interactive Association("outside private ordinary no-component/no-combination scope")
I99_WITNESS n05 sparse_interactive stack=4194304 ran=ExactSelected furthest_phase=none (no W1 phase work)
I99_BUDGET n05 sparse_interactive same_bytes_4M_8M=false [per_case_limit=4000000 sha=6e4053ace986730e35c1bc4901551c35522582241fbc23537b4931cbacf0debb len=115957 eq_value_route=false contract="openpipestress.result_semantics/0.3.0/physics-source-1" exact_block={"cases":[{"failure":null,"outcome":"qualified","ref":"case","rows":81,"selected_method":"retained_source_blocks_exact_v1","work":{"charged":3059209,"limit":4000000,"rejected_reservation":{"amount":0,"kind":"finite"},"reserved_unobserved_failure":0}}],"invocation_work":{"charged":3316341,"limit":64000000,"publication_charged":257132},"policy":"PHYSICS-SOURCE-1","receipt_sha256":"e4d7a9a868cf75771454fec0bc5bd855c52750d4b11d26e1818e85704acdb5ef","status":"qualified"}] [per_case_limit=8000000 sha=f222706855fc10360ec2468e2a13a2614274fd56be958376f648e55d276966d7 len=115957 eq_value_route=true contract="openpipestress.result_semantics/0.3.0/physics-source-1" exact_block={"cases":[{"failure":null,"outcome":"qualified","ref":"case","rows":81,"selected_method":"retained_source_blocks_exact_v1","work":{"charged":3059209,"limit":8000000,"rejected_reservation":{"amount":0,"kind":"finite"},"reserved_unobserved_failure":0}}],"invocation_work":{"charged":3316341,"limit":64000000,"publication_charged":257132},"policy":"PHYSICS-SOURCE-1","receipt_sha256":"87c5a52fec099cb2978acf34a74d387b6fb8e44f2dd7ee536099ffa768962f9a","status":"qualified"}]
I99_BEGIN n05 dense_scrutiny registered=true input_sha=ebc8f81e9de290b3eb3575434946e53c6a8f6431d6fe8b5bb959c781eb7006e3
I99_ORDINARY n05 dense_scrutiny results=82 plain_sha=d963aa24e0e1642aaea6eb12bf9df376964001f1b94715b8210c772df412b15c plain_len=117214 facts={"contract":"openpipestress.result_semantics/0.3.0/physics-source-1","contract_evidence":{"connector":0,"exact_cases":[{"keys":["load_case_id","material_basis","pipe_materials","pipe_sections","pipe_stress_extrema","pressure_rhs_assembly","profile_mode","recovery_method","stress_maximum_coverage"],"load_case_id":"case","pipe_materials":[{"E_pa":200000000000.0,"G_pa":80000000000.0,"alpha_per_kelvin":null,"constitutive_basis":"homogeneous_isotropic_E_nu_v1","material_id":"material","nu":0.25,"pipe_id":"independent-member","provenance":"original_analytical_fixture_numerical_integrity_v1_no_external_project_data","thermal_consumed":false}],"pipe_sections":[{"Ai_m2":0.02544690049407733,"As_m2":0.005969026041820607,"I_m4":0.000027009842839238257,"J_m4":0.000054019685678476514,"Z_m3":0.0002700984283923826,"effective_wall_thickness_m":0.01,"geometry_basis":"authored_normalized_od_wall_v1","outside_diameter_m":0.2,"pipe_id":"independent-member","ri_m":0.09000000000000001,"ro_m":0.1}]}],"keys":["connector","exact_cases","pressure"],"pressure":0},"d5":[{"d5":null,"refs":["case"]}],"diagnostics":{"EXACT_PRESSURE_REDUNDANT_G_IGNORED:warning":1,"LOAD_CATEGORY_PREVIEW_MAPPED:warning":1,"NUMERICAL_INTEGRITY_SENSITIVE:warning":1,"RULE_CHECK_INPUTS_MISSING:warning":1,"SOURCE_BLOCK_RECOVERY_SELECTED:info":1},"exact_block":{"cases":[{"failure":null,"outcome":"qualified","ref":"case","rows":82,"selected_method":"retained_source_blocks_exact_v1","work":{"charged":3061027,"limit":8000000,"rejected_reservation":{"amount":0,"kind":"finite"},"reserved_unobserved_failure":0}}],"invocation_work":{"charged":3318555,"limit":64000000,"publication_charged":257528},"policy":"PHYSICS-SOURCE-1","receipt_sha256":"5d64ccb07982279406bf325cbee286a1fc08818ebbbdf4b2e5a8709a2b4c1e49","status":"qualified"},"profile":"exact_straight_pressure_v2","rcond":[{"rcond":"1.0578136350861028e-11","refs":["case"]}],"rows_by_kind":{"case":{"displacement_magnitude":2,"element_local_axial_force":5,"element_local_axial_normal_stress":5,"element_local_bending_moment_y":5,"element_local_bending_moment_z":5,"element_local_bending_normal_stress_y":5,"element_local_bending_normal_stress_z":5,"element_local_shear_force_y":5,"element_local_shear_force_z":5,"element_local_torsional_moment":5,"element_local_torsional_shear_stress":5,"global_nodal_displacement_x":2,"global_nodal_displacement_y":2,"global_nodal_displacement_z":2,"global_nodal_rotation_x":2,"global_nodal_rotation_y":2,"global_nodal_rotation_z":2,"pipe_elastic_normal_stress_maximum_v2":1,"sparse_live_path_dense_parity_relative_delta":1,"support_reaction_component_v2":12,"support_reaction_force_magnitude_v2":2,"support_reaction_moment_magnitude_v2":2}},"rows_per_case":{"case":82},"source_block_diagnostics":[{"code":"SOURCE_BLOCK_RECOVERY_SELECTED","message":"requested_mode=dense_scrutiny; selected_method=retained_source_blocks_exact_v1; complete source-bound displacement/member/station/device projections precede binary64 publication; ordinary-attempt evidence remains separate; RecoverySummary { dofs: 12, stiffness_contributions: 145, identified_load_contributions: 1, blocks: 4, largest_block: 2, member_end_components: 12, section_components: 30, sprin...[717 bytes]","refs":["case"]}],"status":{"mechanics":"MECHANICS_SOLVED","professional_acceptance":"NOT_PROVIDED","rule_check":"RULE_INPUTS_INCOMPLETE"},"verdicts":[{"ref":"case","solve_quality":"sensitive","structural_status":"passive_model_basis"}]}
I99_ADMISSION n05 dense_scrutiny profile=Registered allowance=Unselected refusal=Some(Family(Namespace, SchemaVersion)) domain=Some(Family(Namespace, SchemaVersion)) required=None census_complete=true
I99_W1 n05 dense_scrutiny cause=None (no permit, no W1) phase=none (no W1 phase work) counts=Counts { runs: 1, complete_gates: 0 } one_run_through_g_c=false armed_before=[] armed_after=[] envelope_is_plain=true published_successor=false notices=0 bytes_eq_with_notice_plain_case_none=false bytes_eq_plain=true published_sha=d963aa24e0e1642aaea6eb12bf9df376964001f1b94715b8210c772df412b15c published_len=117214
I99_DRIVER_ORDINARY n05 dense_scrutiny sha=e2200d33d5a86d07b67617f40e7f8d23d1b97a77f503db30446b6a27f1d13952 len=117214 exact_selected=true
I99_SEEDS site=witness_driver mechanics="MECHANICS_SOLVED" exact_selected=true quality=[{"ref":"case","solve_quality":"sensitive"}] seeds=[{"case":"case","d5_ref":null,"initial":{"kind":"report","outcome":"NUMERICAL_INTEGRITY_SENSITIVE","ref":"diagnostic:numerical-integrity:case"},"legacy":"exact_selected","load_row_finding":false,"recovery_demoted":false,"w2":{"kind":"not_triggered"}}]
I99_WITNESS_CAPTURE_ERROR n05 dense_scrutiny Association("outside private ordinary no-component/no-combination scope")
I99_WITNESS n05 dense_scrutiny stack=4194304 ran=ExactSelected furthest_phase=none (no W1 phase work)
I99_BUDGET n05 dense_scrutiny same_bytes_4M_8M=false [per_case_limit=4000000 sha=e2200d33d5a86d07b67617f40e7f8d23d1b97a77f503db30446b6a27f1d13952 len=117214 eq_value_route=false contract="openpipestress.result_semantics/0.3.0/physics-source-1" exact_block={"cases":[{"failure":null,"outcome":"qualified","ref":"case","rows":82,"selected_method":"retained_source_blocks_exact_v1","work":{"charged":3061027,"limit":4000000,"rejected_reservation":{"amount":0,"kind":"finite"},"reserved_unobserved_failure":0}}],"invocation_work":{"charged":3318555,"limit":64000000,"publication_charged":257528},"policy":"PHYSICS-SOURCE-1","receipt_sha256":"9a37d9f578471e3dfe18a5a531ff3825c9a942bb13002a99962880634e1ce755","status":"qualified"}] [per_case_limit=8000000 sha=d963aa24e0e1642aaea6eb12bf9df376964001f1b94715b8210c772df412b15c len=117214 eq_value_route=true contract="openpipestress.result_semantics/0.3.0/physics-source-1" exact_block={"cases":[{"failure":null,"outcome":"qualified","ref":"case","rows":82,"selected_method":"retained_source_blocks_exact_v1","work":{"charged":3061027,"limit":8000000,"rejected_reservation":{"amount":0,"kind":"finite"},"reserved_unobserved_failure":0}}],"invocation_work":{"charged":3318555,"limit":64000000,"publication_charged":257528},"policy":"PHYSICS-SOURCE-1","receipt_sha256":"5d64ccb07982279406bf325cbee286a1fc08818ebbbdf4b2e5a8709a2b4c1e49","status":"qualified"}]
I99_CENSUS n06 input_sha=73d38e3b58bb9a5b43d275d5172adfe2010493109aefdb582a74ba8fe8cc315b profile=Registered census_complete=true domain=Some(Family(Namespace, SchemaVersion)) refusal=Some(Family(Namespace, SchemaVersion)) required=None
I99_BEGIN n06 sparse_interactive registered=true input_sha=73d38e3b58bb9a5b43d275d5172adfe2010493109aefdb582a74ba8fe8cc315b
I99_ORDINARY n06 sparse_interactive results=81 plain_sha=f283835844a1dee6ac2711b2bce36dd43b2505c19fdbfcb9ad0a0bb363817e13 plain_len=108899 facts={"contract":"openpipestress.result_semantics/0.3.0/physics-source-1","contract_evidence":{"connector":0,"exact_cases":[{"keys":["load_case_id","material_basis","pipe_materials","pipe_sections","pipe_stress_extrema","pressure_rhs_assembly","profile_mode","recovery_method","stress_maximum_coverage"],"load_case_id":"case","pipe_materials":[{"E_pa":200000000000.0,"G_pa":80000000000.0,"alpha_per_kelvin":null,"constitutive_basis":"homogeneous_isotropic_E_nu_v1","material_id":"material","nu":0.25,"pipe_id":"independent-member","provenance":"original_analytical_fixture_numerical_integrity_v1_no_external_project_data","thermal_consumed":false}],"pipe_sections":[{"Ai_m2":0.02544690049407733,"As_m2":0.005969026041820607,"I_m4":0.000027009842839238257,"J_m4":0.000054019685678476514,"Z_m3":0.0002700984283923826,"effective_wall_thickness_m":0.01,"geometry_basis":"authored_normalized_od_wall_v1","outside_diameter_m":0.2,"pipe_id":"independent-member","ri_m":0.09000000000000001,"ro_m":0.1}]}],"keys":["connector","exact_cases","pressure"],"pressure":0},"d5":[{"d5":null,"refs":["case"]}],"diagnostics":{"EXACT_PRESSURE_REDUNDANT_G_IGNORED:warning":1,"LOAD_CATEGORY_PREVIEW_MAPPED:warning":1,"NUMERICAL_INTEGRITY_ASSEMBLY_UNRESOLVED:info":1,"RULE_CHECK_INPUTS_MISSING:warning":1,"SOURCE_BLOCK_RECOVERY_SELECTED:info":1},"exact_block":{"cases":[{"failure":null,"outcome":"qualified","ref":"case","rows":81,"selected_method":"retained_source_blocks_exact_v1","work":{"charged":2932985,"limit":8000000,"rejected_reservation":{"amount":0,"kind":"finite"},"reserved_unobserved_failure":0}}],"invocation_work":{"charged":3089593,"limit":64000000,"publication_charged":156608},"policy":"PHYSICS-SOURCE-1","receipt_sha256":"f7617a6557e5357b42890134de02836c20c416de2f9d57dee202770c0f9dc7a2","status":"qualified"},"profile":"exact_straight_pressure_v2","rcond":[{"rcond":null,"refs":["case"]}],"rows_by_kind":{"case":{"displacement_magnitude":2,"element_local_axial_force":5,"element_local_axial_normal_stress":5,"element_local_bending_moment_y":5,"element_local_bending_moment_z":5,"element_local_bending_normal_stress_y":5,"element_local_bending_normal_stress_z":5,"element_local_shear_force_y":5,"element_local_shear_force_z":5,"element_local_torsional_moment":5,"element_local_torsional_shear_stress":5,"global_nodal_displacement_x":2,"global_nodal_displacement_y":2,"global_nodal_displacement_z":2,"global_nodal_rotation_x":2,"global_nodal_rotation_y":2,"global_nodal_rotation_z":2,"pipe_elastic_normal_stress_maximum_v2":1,"support_reaction_component_v2":12,"support_reaction_force_magnitude_v2":2,"support_reaction_moment_magnitude_v2":2}},"rows_per_case":{"case":81},"source_block_diagnostics":[{"code":"SOURCE_BLOCK_RECOVERY_SELECTED","message":"requested_mode=sparse_interactive; selected_method=retained_source_blocks_exact_v1; complete source-bound displacement/member/station/device projections precede binary64 publication; ordinary-attempt evidence remains separate; RecoverySummary { dofs: 12, stiffness_contributions: 145, identified_load_contributions: 1, blocks: 4, largest_block: 2, member_end_components: 12, section_components: 30, s...[720 bytes]","refs":["case"]}],"status":{"mechanics":"MECHANICS_SOLVED","professional_acceptance":"NOT_PROVIDED","rule_check":"RULE_INPUTS_INCOMPLETE"},"verdicts":[{"ref":"case","solve_quality":"unresolved","structural_status":"numerically_unresolved"}]}
I99_ADMISSION n06 sparse_interactive profile=Registered allowance=Unselected refusal=Some(Family(Namespace, SchemaVersion)) domain=Some(Family(Namespace, SchemaVersion)) required=None census_complete=true
I99_W1 n06 sparse_interactive cause=None (no permit, no W1) phase=none (no W1 phase work) counts=Counts { runs: 1, complete_gates: 0 } one_run_through_g_c=false armed_before=[] armed_after=[] envelope_is_plain=true published_successor=false notices=0 bytes_eq_with_notice_plain_case_none=false bytes_eq_plain=true published_sha=f283835844a1dee6ac2711b2bce36dd43b2505c19fdbfcb9ad0a0bb363817e13 published_len=108899
I99_DRIVER_ORDINARY n06 sparse_interactive sha=dee127c85452ee0f0f3eb612129a38bcd941ca9e97ad820d7d359835a060bbea len=108899 exact_selected=true
I99_SEEDS site=witness_driver mechanics="MECHANICS_SOLVED" exact_selected=true quality=[{"ref":"case","solve_quality":"unresolved"}] seeds=[{"case":"case","d5_ref":null,"initial":{"diagnostic_ref":null,"error":"NumericallyUnresolved { reason: \"positive diagonal contribution absorbed by assembly; stabilization unresolved\", global_dof: Some(3) }","kind":"structural_failure","tag":"numerically_unresolved"},"legacy":"exact_selected","load_row_finding":false,"recovery_demoted":false,"w2":{"kind":"not_triggered"}}]
I99_WITNESS_CAPTURE_ERROR n06 sparse_interactive Association("outside private ordinary no-component/no-combination scope")
I99_WITNESS n06 sparse_interactive stack=4194304 ran=ExactSelected furthest_phase=none (no W1 phase work)
I99_BUDGET n06 sparse_interactive same_bytes_4M_8M=false [per_case_limit=4000000 sha=dee127c85452ee0f0f3eb612129a38bcd941ca9e97ad820d7d359835a060bbea len=108899 eq_value_route=false contract="openpipestress.result_semantics/0.3.0/physics-source-1" exact_block={"cases":[{"failure":null,"outcome":"qualified","ref":"case","rows":81,"selected_method":"retained_source_blocks_exact_v1","work":{"charged":2932985,"limit":4000000,"rejected_reservation":{"amount":0,"kind":"finite"},"reserved_unobserved_failure":0}}],"invocation_work":{"charged":3089593,"limit":64000000,"publication_charged":156608},"policy":"PHYSICS-SOURCE-1","receipt_sha256":"08b9dc03f2d795a833d2a40e7674582cff4d6bb5e3fce7e1c2f8386299e5e6c5","status":"qualified"}] [per_case_limit=8000000 sha=f283835844a1dee6ac2711b2bce36dd43b2505c19fdbfcb9ad0a0bb363817e13 len=108899 eq_value_route=true contract="openpipestress.result_semantics/0.3.0/physics-source-1" exact_block={"cases":[{"failure":null,"outcome":"qualified","ref":"case","rows":81,"selected_method":"retained_source_blocks_exact_v1","work":{"charged":2932985,"limit":8000000,"rejected_reservation":{"amount":0,"kind":"finite"},"reserved_unobserved_failure":0}}],"invocation_work":{"charged":3089593,"limit":64000000,"publication_charged":156608},"policy":"PHYSICS-SOURCE-1","receipt_sha256":"f7617a6557e5357b42890134de02836c20c416de2f9d57dee202770c0f9dc7a2","status":"qualified"}]
I99_BEGIN n06 dense_scrutiny registered=true input_sha=73d38e3b58bb9a5b43d275d5172adfe2010493109aefdb582a74ba8fe8cc315b
I99_ORDINARY n06 dense_scrutiny results=81 plain_sha=64c8113d9828faed2b6af06da085e2acfbf99c5c8a659fd44038662e38e77a55 plain_len=108887 facts={"contract":"openpipestress.result_semantics/0.3.0/physics-source-1","contract_evidence":{"connector":0,"exact_cases":[{"keys":["load_case_id","material_basis","pipe_materials","pipe_sections","pipe_stress_extrema","pressure_rhs_assembly","profile_mode","recovery_method","stress_maximum_coverage"],"load_case_id":"case","pipe_materials":[{"E_pa":200000000000.0,"G_pa":80000000000.0,"alpha_per_kelvin":null,"constitutive_basis":"homogeneous_isotropic_E_nu_v1","material_id":"material","nu":0.25,"pipe_id":"independent-member","provenance":"original_analytical_fixture_numerical_integrity_v1_no_external_project_data","thermal_consumed":false}],"pipe_sections":[{"Ai_m2":0.02544690049407733,"As_m2":0.005969026041820607,"I_m4":0.000027009842839238257,"J_m4":0.000054019685678476514,"Z_m3":0.0002700984283923826,"effective_wall_thickness_m":0.01,"geometry_basis":"authored_normalized_od_wall_v1","outside_diameter_m":0.2,"pipe_id":"independent-member","ri_m":0.09000000000000001,"ro_m":0.1}]}],"keys":["connector","exact_cases","pressure"],"pressure":0},"d5":[{"d5":null,"refs":["case"]}],"diagnostics":{"EXACT_PRESSURE_REDUNDANT_G_IGNORED:warning":1,"LOAD_CATEGORY_PREVIEW_MAPPED:warning":1,"NUMERICAL_INTEGRITY_ASSEMBLY_UNRESOLVED:info":1,"RULE_CHECK_INPUTS_MISSING:warning":1,"SOURCE_BLOCK_RECOVERY_SELECTED:info":1},"exact_block":{"cases":[{"failure":null,"outcome":"qualified","ref":"case","rows":81,"selected_method":"retained_source_blocks_exact_v1","work":{"charged":2932985,"limit":8000000,"rejected_reservation":{"amount":0,"kind":"finite"},"reserved_unobserved_failure":0}}],"invocation_work":{"charged":3089545,"limit":64000000,"publication_charged":156560},"policy":"PHYSICS-SOURCE-1","receipt_sha256":"639d15b61f1ad369283df41e6dad6d3d60f023c7ae316f77de81825ef817179b","status":"qualified"},"profile":"exact_straight_pressure_v2","rcond":[{"rcond":null,"refs":["case"]}],"rows_by_kind":{"case":{"displacement_magnitude":2,"element_local_axial_force":5,"element_local_axial_normal_stress":5,"element_local_bending_moment_y":5,"element_local_bending_moment_z":5,"element_local_bending_normal_stress_y":5,"element_local_bending_normal_stress_z":5,"element_local_shear_force_y":5,"element_local_shear_force_z":5,"element_local_torsional_moment":5,"element_local_torsional_shear_stress":5,"global_nodal_displacement_x":2,"global_nodal_displacement_y":2,"global_nodal_displacement_z":2,"global_nodal_rotation_x":2,"global_nodal_rotation_y":2,"global_nodal_rotation_z":2,"pipe_elastic_normal_stress_maximum_v2":1,"support_reaction_component_v2":12,"support_reaction_force_magnitude_v2":2,"support_reaction_moment_magnitude_v2":2}},"rows_per_case":{"case":81},"source_block_diagnostics":[{"code":"SOURCE_BLOCK_RECOVERY_SELECTED","message":"requested_mode=dense_scrutiny; selected_method=retained_source_blocks_exact_v1; complete source-bound displacement/member/station/device projections precede binary64 publication; ordinary-attempt evidence remains separate; RecoverySummary { dofs: 12, stiffness_contributions: 145, identified_load_contributions: 1, blocks: 4, largest_block: 2, member_end_components: 12, section_components: 30, sprin...[716 bytes]","refs":["case"]}],"status":{"mechanics":"MECHANICS_SOLVED","professional_acceptance":"NOT_PROVIDED","rule_check":"RULE_INPUTS_INCOMPLETE"},"verdicts":[{"ref":"case","solve_quality":"unresolved","structural_status":"numerically_unresolved"}]}
I99_ADMISSION n06 dense_scrutiny profile=Registered allowance=Unselected refusal=Some(Family(Namespace, SchemaVersion)) domain=Some(Family(Namespace, SchemaVersion)) required=None census_complete=true
I99_W1 n06 dense_scrutiny cause=None (no permit, no W1) phase=none (no W1 phase work) counts=Counts { runs: 1, complete_gates: 0 } one_run_through_g_c=false armed_before=[] armed_after=[] envelope_is_plain=true published_successor=false notices=0 bytes_eq_with_notice_plain_case_none=false bytes_eq_plain=true published_sha=64c8113d9828faed2b6af06da085e2acfbf99c5c8a659fd44038662e38e77a55 published_len=108887
I99_DRIVER_ORDINARY n06 dense_scrutiny sha=bb05a0a4d6ef4ea5dac06fcb383fb2a9d743d529273d4487fe22f1fc54f4f26a len=108887 exact_selected=true
I99_SEEDS site=witness_driver mechanics="MECHANICS_SOLVED" exact_selected=true quality=[{"ref":"case","solve_quality":"unresolved"}] seeds=[{"case":"case","d5_ref":null,"initial":{"diagnostic_ref":null,"error":"NumericallyUnresolved { reason: \"positive diagonal contribution absorbed by assembly; stabilization unresolved\", global_dof: Some(3) }","kind":"structural_failure","tag":"numerically_unresolved"},"legacy":"exact_selected","load_row_finding":false,"recovery_demoted":false,"w2":{"kind":"not_triggered"}}]
I99_WITNESS_CAPTURE_ERROR n06 dense_scrutiny Association("outside private ordinary no-component/no-combination scope")
I99_WITNESS n06 dense_scrutiny stack=4194304 ran=ExactSelected furthest_phase=none (no W1 phase work)
I99_BUDGET n06 dense_scrutiny same_bytes_4M_8M=false [per_case_limit=4000000 sha=bb05a0a4d6ef4ea5dac06fcb383fb2a9d743d529273d4487fe22f1fc54f4f26a len=108887 eq_value_route=false contract="openpipestress.result_semantics/0.3.0/physics-source-1" exact_block={"cases":[{"failure":null,"outcome":"qualified","ref":"case","rows":81,"selected_method":"retained_source_blocks_exact_v1","work":{"charged":2932985,"limit":4000000,"rejected_reservation":{"amount":0,"kind":"finite"},"reserved_unobserved_failure":0}}],"invocation_work":{"charged":3089545,"limit":64000000,"publication_charged":156560},"policy":"PHYSICS-SOURCE-1","receipt_sha256":"6ed73365cb2d8996f7cc9da36b2241f93a23dd9eed500eacbe5836326f5f303d","status":"qualified"}] [per_case_limit=8000000 sha=64c8113d9828faed2b6af06da085e2acfbf99c5c8a659fd44038662e38e77a55 len=108887 eq_value_route=true contract="openpipestress.result_semantics/0.3.0/physics-source-1" exact_block={"cases":[{"failure":null,"outcome":"qualified","ref":"case","rows":81,"selected_method":"retained_source_blocks_exact_v1","work":{"charged":2932985,"limit":8000000,"rejected_reservation":{"amount":0,"kind":"finite"},"reserved_unobserved_failure":0}}],"invocation_work":{"charged":3089545,"limit":64000000,"publication_charged":156560},"policy":"PHYSICS-SOURCE-1","receipt_sha256":"639d15b61f1ad369283df41e6dad6d3d60f023c7ae316f77de81825ef817179b","status":"qualified"}]
I99_CENSUS m3x_mix_axial input_sha=3ea5d82b8e3025b94608b931880cf8b0951fb436defc17860142ede4681367f1 profile=Registered census_complete=true domain=Some(Family(Namespace, SchemaVersion)) refusal=Some(Family(Namespace, SchemaVersion)) required=None
I99_BEGIN m3x_mix_axial sparse_interactive registered=true input_sha=3ea5d82b8e3025b94608b931880cf8b0951fb436defc17860142ede4681367f1
I99_ORDINARY m3x_mix_axial sparse_interactive results=196 plain_sha=76258a146bcfd505cf54741eedfe55d6f7dcab04a3fc02963556673bbfd881bb plain_len=137269 facts={"contract":"openpipestress.result_semantics/0.3.0/physics-1","contract_evidence":{"connector":0,"exact_cases":[{"keys":["load_case_id","material_basis","pipe_materials","pipe_sections","pipe_stress_extrema","pressure_rhs_assembly","profile_mode","stress_maximum_coverage"],"load_case_id":"case","pipe_materials":[{"E_pa":200000000000.0,"G_pa":80000000000.0,"alpha_per_kelvin":null,"constitutive_basis":"homogeneous_isotropic_E_nu_v1","material_id":"mat:N","nu":0.25,"pipe_id":"M1","provenance":"invented_t3_p1_detection_input_no_library_data","thermal_consumed":false}],"pipe_sections":[{"Ai_m2":0.02544690049407733,"As_m2":0.005969026041820607,"I_m4":0.000027009842839238257,"J_m4":0.000054019685678476514,"Z_m3":0.0002700984283923826,"effective_wall_thickness_m":0.01,"geometry_basis":"authored_normalized_od_wall_v1","outside_diameter_m":0.2,"pipe_id":"M1","ri_m":0.09000000000000001,"ro_m":0.1}]},{"keys":["load_case_id","material_basis","pipe_materials","pipe_sections","pipe_stress_extrema","pressure_rhs_assembly","profile_mode","stress_maximum_coverage"],"load_case_id":"case:b","pipe_materials":[{"E_pa":200000000000.0,"G_pa":80000000000.0,"alpha_per_kelvin":null,"constitutive_basis":"homogeneous_isotropic_E_nu_v1","material_id":"mat:N","nu":0.25,"pipe_id":"M1","provenance":"invented_t3_p1_detection_input_no_library_data","thermal_consumed":false}],"pipe_sections":[{"Ai_m2":0.02544690049407733,"As_m2":0.005969026041820607,"I_m4":0.000027009842839238257,"J_m4":0.000054019685678476514,"Z_m3":0.0002700984283923826,"effective_wall_thickness_m":0.01,"geometry_basis":"authored_normalized_od_wall_v1","outside_diameter_m":0.2,"pipe_id":"M1","ri_m":0.09000000000000001,"ro_m":0.1}]}],"keys":["connector","exact_cases","pressure"],"pressure":0},"d5":[{"d5":"formation_check: reason=estimate; row=N1:RX; doubled_correction=8.093765819750676e-14; scale=3.333666549241298e-5; trigger_ratio=2.4278870427495867","refs":["case"]},{"d5":"formation_check: reason=estimate; row=N1:RX; doubled_correction=4.812198013163985e-18; scale=1.6753151920450622e-9; trigger_ratio=2.87241352314708","refs":["case:b"]}],"diagnostics":{"LOAD_CATEGORY_PREVIEW_MAPPED:warning":6,"NUMERICAL_INTEGRITY_SENSITIVE:warning":2,"RULE_CHECK_INPUTS_MISSING:warning":1,"SOURCE_BLOCK_RECOVERY_UNAVAILABLE:info":2},"exact_block":null,"profile":"exact_straight_pressure_v2","rcond":[{"rcond":"2.6064778829121665e-8","refs":["case"]},{"rcond":"2.6064778829121665e-8","refs":["case:b"]}],"rows_by_kind":{"case":{"displacement_magnitude":2,"element_local_axial_force":5,"element_local_axial_normal_stress":5,"element_local_bending_moment_y":5,"element_local_bending_moment_z":5,"element_local_bending_normal_stress_y":5,"element_local_bending_normal_stress_z":5,"element_local_shear_force_y":5,"element_local_shear_force_z":5,"element_local_torsional_moment":5,"element_local_torsional_shear_stress":5,"global_nodal_displacement_x":2,"global_nodal_displacement_y":2,"global_nodal_displacement_z":2,"global_nodal_rotation_x":2,"global_nodal_rotation_y":2,"global_nodal_rotation_z":2,"linear_solver_mode_basis":1,"pipe_elastic_normal_stress_maximum_v2":1,"support_reaction_component_v2":24,"support_reaction_force_magnitude_v2":4,"support_reaction_moment_magnitude_v2":4},"case:b":{"displacement_magnitude":2,"element_local_axial_force":5,"element_local_axial_normal_stress":5,"element_local_bending_moment_y":5,"element_local_bending_moment_z":5,"element_local_bending_normal_stress_y":5,"element_local_bending_normal_stress_z":5,"element_local_shear_force_y":5,"element_local_shear_force_z":5,"element_local_torsional_moment":5,"element_local_torsional_shear_stress":5,"global_nodal_displacement_x":2,"global_nodal_displacement_y":2,"global_nodal_displacement_z":2,"global_nodal_rotation_x":2,"global_nodal_rotation_y":2,"global_nodal_rotation_z":2,"linear_solver_mode_basis":1,"pipe_elastic_normal_stress_maximum_v2":1,"support_reaction_component_v2":24,"support_reaction_force_magnitude_v2":4,"support_reaction_moment_magnitude_v2":4}},"rows_per_case":{"case":98,"case:b":98},"source_block_diagnostics":[{"code":"SOURCE_BLOCK_RECOVERY_UNAVAILABLE","message":"The bounded retained-source method did not produce a selected response: RecoveryFailure { stage: \"source closure\", helper_stage: SourceClosure, error: Unsupported(\"actual transform is not a signed permutation\"), work: WorkReport { charged: 46628, rejected: 0, limit: 8000000 } }","refs":["case"]},{"code":"SOURCE_BLOCK_RECOVERY_UNAVAILABLE","message":"The bounded retained-source method did not produce a selected response: RecoveryFailure { stage: \"source closure\", helper_stage: SourceClosure, error: Unsupported(\"actual transform is not a signed permutation\"), work: WorkReport { charged: 46998, rejected: 0, limit: 8000000 } }","refs":["case:b"]}],"status":{"mechanics":"MECHANICS_SOLVED","professional_acceptance":"NOT_PROVIDED","rule_check":"RULE_INPUTS_INCOMPLETE"},"verdicts":[{"ref":"case","solve_quality":"sensitive","structural_status":"passive_model_basis"},{"ref":"case:b","solve_quality":"sensitive","structural_status":"passive_model_basis"}]}
I99_ADMISSION m3x_mix_axial sparse_interactive profile=Registered allowance=Unselected refusal=Some(Family(Namespace, SchemaVersion)) domain=Some(Family(Namespace, SchemaVersion)) required=None census_complete=true
I99_W1 m3x_mix_axial sparse_interactive cause=None (no permit, no W1) phase=none (no W1 phase work) counts=Counts { runs: 1, complete_gates: 0 } one_run_through_g_c=false armed_before=[] armed_after=[] envelope_is_plain=true published_successor=false notices=0 bytes_eq_with_notice_plain_case_none=false bytes_eq_plain=true published_sha=76258a146bcfd505cf54741eedfe55d6f7dcab04a3fc02963556673bbfd881bb published_len=137269
I99_DRIVER_ORDINARY m3x_mix_axial sparse_interactive sha=8bfb5797189e934bc611e1ff8798e219f9b5e5c25725a90b377fe63eba7c7a44 len=137269 exact_selected=false
I99_SEEDS site=witness_driver mechanics="MECHANICS_SOLVED" exact_selected=false quality=[{"ref":"case","solve_quality":"sensitive"},{"ref":"case:b","solve_quality":"sensitive"}] seeds=[{"case":"case","d5_ref":"diagnostic:numerical-integrity:case","initial":{"kind":"report","outcome":"NUMERICAL_INTEGRITY_SENSITIVE","ref":"diagnostic:numerical-integrity:case"},"legacy":"unavailable(stage=source closure, charged=46628, limit=4000000)","load_row_finding":false,"recovery_demoted":false,"w2":{"kind":"not_triggered"}},{"case":"case:b","d5_ref":"diagnostic:numerical-integrity:case:b","initial":{"kind":"report","outcome":"NUMERICAL_INTEGRITY_SENSITIVE","ref":"diagnostic:numerical-integrity:case:b"},"legacy":"unavailable(stage=source closure, charged=46998, limit=4000000)","load_row_finding":false,"recovery_demoted":false,"w2":{"kind":"not_triggered"}}]
I99_WITNESS_CAPTURE_ERROR m3x_mix_axial sparse_interactive Association("outside private ordinary no-component/no-combination scope")
I99_WITNESS m3x_mix_axial sparse_interactive stack=4194304 ran=Fallback(Domain) furthest_phase=none (no W1 phase work)
I99_BUDGET m3x_mix_axial sparse_interactive same_bytes_4M_8M=false [per_case_limit=4000000 sha=8bfb5797189e934bc611e1ff8798e219f9b5e5c25725a90b377fe63eba7c7a44 len=137269 eq_value_route=false contract="openpipestress.result_semantics/0.3.0/physics-1" exact_block=null] [per_case_limit=8000000 sha=76258a146bcfd505cf54741eedfe55d6f7dcab04a3fc02963556673bbfd881bb len=137269 eq_value_route=true contract="openpipestress.result_semantics/0.3.0/physics-1" exact_block=null]
I99_BEGIN m3x_mix_axial dense_scrutiny registered=true input_sha=3ea5d82b8e3025b94608b931880cf8b0951fb436defc17860142ede4681367f1
I99_ORDINARY m3x_mix_axial dense_scrutiny results=198 plain_sha=3fb0f553b227d8a8628dea49a0e5141d8a851eeac3ddbfcdf97262f43d5591ff plain_len=138818 facts={"contract":"openpipestress.result_semantics/0.3.0/physics-1","contract_evidence":{"connector":0,"exact_cases":[{"keys":["load_case_id","material_basis","pipe_materials","pipe_sections","pipe_stress_extrema","pressure_rhs_assembly","profile_mode","stress_maximum_coverage"],"load_case_id":"case","pipe_materials":[{"E_pa":200000000000.0,"G_pa":80000000000.0,"alpha_per_kelvin":null,"constitutive_basis":"homogeneous_isotropic_E_nu_v1","material_id":"mat:N","nu":0.25,"pipe_id":"M1","provenance":"invented_t3_p1_detection_input_no_library_data","thermal_consumed":false}],"pipe_sections":[{"Ai_m2":0.02544690049407733,"As_m2":0.005969026041820607,"I_m4":0.000027009842839238257,"J_m4":0.000054019685678476514,"Z_m3":0.0002700984283923826,"effective_wall_thickness_m":0.01,"geometry_basis":"authored_normalized_od_wall_v1","outside_diameter_m":0.2,"pipe_id":"M1","ri_m":0.09000000000000001,"ro_m":0.1}]},{"keys":["load_case_id","material_basis","pipe_materials","pipe_sections","pipe_stress_extrema","pressure_rhs_assembly","profile_mode","stress_maximum_coverage"],"load_case_id":"case:b","pipe_materials":[{"E_pa":200000000000.0,"G_pa":80000000000.0,"alpha_per_kelvin":null,"constitutive_basis":"homogeneous_isotropic_E_nu_v1","material_id":"mat:N","nu":0.25,"pipe_id":"M1","provenance":"invented_t3_p1_detection_input_no_library_data","thermal_consumed":false}],"pipe_sections":[{"Ai_m2":0.02544690049407733,"As_m2":0.005969026041820607,"I_m4":0.000027009842839238257,"J_m4":0.000054019685678476514,"Z_m3":0.0002700984283923826,"effective_wall_thickness_m":0.01,"geometry_basis":"authored_normalized_od_wall_v1","outside_diameter_m":0.2,"pipe_id":"M1","ri_m":0.09000000000000001,"ro_m":0.1}]}],"keys":["connector","exact_cases","pressure"],"pressure":0},"d5":[{"d5":"formation_check: reason=estimate; row=N1:RX; doubled_correction=1.639254177105094e-13; scale=3.333666536998144e-5; trigger_ratio=4.917270995500311","refs":["case"]},{"d5":null,"refs":["case:b"]}],"diagnostics":{"LOAD_CATEGORY_PREVIEW_MAPPED:warning":6,"NUMERICAL_INTEGRITY_CHECKS_PASSED:info":1,"NUMERICAL_INTEGRITY_SENSITIVE:warning":1,"RULE_CHECK_INPUTS_MISSING:warning":1,"SOURCE_BLOCK_RECOVERY_UNAVAILABLE:info":1},"exact_block":null,"profile":"exact_straight_pressure_v2","rcond":[{"rcond":"2.6064778924870253e-8","refs":["case"]},{"rcond":"2.6064778924870253e-8","refs":["case:b"]}],"rows_by_kind":{"case":{"displacement_magnitude":2,"element_local_axial_force":5,"element_local_axial_normal_stress":5,"element_local_bending_moment_y":5,"element_local_bending_moment_z":5,"element_local_bending_normal_stress_y":5,"element_local_bending_normal_stress_z":5,"element_local_shear_force_y":5,"element_local_shear_force_z":5,"element_local_torsional_moment":5,"element_local_torsional_shear_stress":5,"global_nodal_displacement_x":2,"global_nodal_displacement_y":2,"global_nodal_displacement_z":2,"global_nodal_rotation_x":2,"global_nodal_rotation_y":2,"global_nodal_rotation_z":2,"linear_solver_mode_basis":1,"pipe_elastic_normal_stress_maximum_v2":1,"sparse_live_path_dense_parity_relative_delta":1,"support_reaction_component_v2":24,"support_reaction_force_magnitude_v2":4,"support_reaction_moment_magnitude_v2":4},"case:b":{"displacement_magnitude":2,"element_local_axial_force":5,"element_local_axial_normal_stress":5,"element_local_bending_moment_y":5,"element_local_bending_moment_z":5,"element_local_bending_normal_stress_y":5,"element_local_bending_normal_stress_z":5,"element_local_shear_force_y":5,"element_local_shear_force_z":5,"element_local_torsional_moment":5,"element_local_torsional_shear_stress":5,"global_nodal_displacement_x":2,"global_nodal_displacement_y":2,"global_nodal_displacement_z":2,"global_nodal_rotation_x":2,"global_nodal_rotation_y":2,"global_nodal_rotation_z":2,"linear_solver_mode_basis":1,"pipe_elastic_normal_stress_maximum_v2":1,"sparse_live_path_dense_parity_relative_delta":1,"support_reaction_component_v2":24,"support_reaction_force_magnitude_v2":4,"support_reaction_moment_magnitude_v2":4}},"rows_per_case":{"case":99,"case:b":99},"source_block_diagnostics":[{"code":"SOURCE_BLOCK_RECOVERY_UNAVAILABLE","message":"The bounded retained-source method did not produce a selected response: RecoveryFailure { stage: \"source closure\", helper_stage: SourceClosure, error: Unsupported(\"actual transform is not a signed permutation\"), work: WorkReport { charged: 46628, rejected: 0, limit: 8000000 } }","refs":["case"]}],"status":{"mechanics":"MECHANICS_SOLVED","professional_acceptance":"NOT_PROVIDED","rule_check":"RULE_INPUTS_INCOMPLETE"},"verdicts":[{"ref":"case","solve_quality":"sensitive","structural_status":"passive_model_basis"},{"ref":"case:b","solve_quality":"checks_passed","structural_status":"passive_model_basis"}]}
I99_ADMISSION m3x_mix_axial dense_scrutiny profile=Registered allowance=Unselected refusal=Some(Family(Namespace, SchemaVersion)) domain=Some(Family(Namespace, SchemaVersion)) required=None census_complete=true
I99_W1 m3x_mix_axial dense_scrutiny cause=None (no permit, no W1) phase=none (no W1 phase work) counts=Counts { runs: 1, complete_gates: 0 } one_run_through_g_c=false armed_before=[] armed_after=[] envelope_is_plain=true published_successor=false notices=0 bytes_eq_with_notice_plain_case_none=false bytes_eq_plain=true published_sha=3fb0f553b227d8a8628dea49a0e5141d8a851eeac3ddbfcdf97262f43d5591ff published_len=138818
I99_DRIVER_ORDINARY m3x_mix_axial dense_scrutiny sha=18a2f268eb6501c149c56b4f6af67c21dca702db67a9d4cf2f5965f7cbf34f80 len=138818 exact_selected=false
I99_SEEDS site=witness_driver mechanics="MECHANICS_SOLVED" exact_selected=false quality=[{"ref":"case","solve_quality":"sensitive"},{"ref":"case:b","solve_quality":"checks_passed"}] seeds=[{"case":"case","d5_ref":"diagnostic:numerical-integrity:case","initial":{"kind":"report","outcome":"NUMERICAL_INTEGRITY_SENSITIVE","ref":"diagnostic:numerical-integrity:case"},"legacy":"unavailable(stage=source closure, charged=46628, limit=4000000)","load_row_finding":false,"recovery_demoted":false,"w2":{"kind":"not_triggered"}},{"case":"case:b","d5_ref":null,"initial":{"kind":"report","outcome":"NUMERICAL_INTEGRITY_CHECKS_PASSED","ref":"diagnostic:numerical-integrity:case:b"},"legacy":"not_required","load_row_finding":false,"recovery_demoted":false,"w2":{"kind":"not_triggered"}}]
I99_WITNESS_CAPTURE_ERROR m3x_mix_axial dense_scrutiny Association("outside private ordinary no-component/no-combination scope")
I99_WITNESS m3x_mix_axial dense_scrutiny stack=4194304 ran=Fallback(Domain) furthest_phase=none (no W1 phase work)
I99_BUDGET m3x_mix_axial dense_scrutiny same_bytes_4M_8M=false [per_case_limit=4000000 sha=18a2f268eb6501c149c56b4f6af67c21dca702db67a9d4cf2f5965f7cbf34f80 len=138818 eq_value_route=false contract="openpipestress.result_semantics/0.3.0/physics-1" exact_block=null] [per_case_limit=8000000 sha=3fb0f553b227d8a8628dea49a0e5141d8a851eeac3ddbfcdf97262f43d5591ff len=138818 eq_value_route=true contract="openpipestress.result_semantics/0.3.0/physics-1" exact_block=null]
I99_CENSUS m3x_mix_anchor input_sha=6ca777a6e3ed658bcf58813d277e839033ac07f0b84efb8526351a20c67d1ee0 profile=Registered census_complete=true domain=Some(Family(Namespace, SchemaVersion)) refusal=Some(Family(Namespace, SchemaVersion)) required=None
I99_BEGIN m3x_mix_anchor sparse_interactive registered=true input_sha=6ca777a6e3ed658bcf58813d277e839033ac07f0b84efb8526351a20c67d1ee0
I99_ORDINARY m3x_mix_anchor sparse_interactive results=196 plain_sha=fe460c898d054c67889a10895895eb63cbdaaa45e3cad4949b54ea08a4b6cbb2 plain_len=132446 facts={"contract":"openpipestress.result_semantics/0.3.0/physics-1","contract_evidence":{"connector":0,"exact_cases":[{"keys":["load_case_id","material_basis","pipe_materials","pipe_sections","pipe_stress_extrema","pressure_rhs_assembly","profile_mode","stress_maximum_coverage"],"load_case_id":"case","pipe_materials":[{"E_pa":200000000000.0,"G_pa":80000000000.0,"alpha_per_kelvin":null,"constitutive_basis":"homogeneous_isotropic_E_nu_v1","material_id":"mat:N","nu":0.25,"pipe_id":"M1","provenance":"invented_t3_p1_detection_input_no_library_data","thermal_consumed":false}],"pipe_sections":[{"Ai_m2":0.02544690049407733,"As_m2":0.005969026041820607,"I_m4":0.000027009842839238257,"J_m4":0.000054019685678476514,"Z_m3":0.0002700984283923826,"effective_wall_thickness_m":0.01,"geometry_basis":"authored_normalized_od_wall_v1","outside_diameter_m":0.2,"pipe_id":"M1","ri_m":0.09000000000000001,"ro_m":0.1}]},{"keys":["load_case_id","material_basis","pipe_materials","pipe_sections","pipe_stress_extrema","pressure_rhs_assembly","profile_mode","stress_maximum_coverage"],"load_case_id":"case:b","pipe_materials":[{"E_pa":200000000000.0,"G_pa":80000000000.0,"alpha_per_kelvin":null,"constitutive_basis":"homogeneous_isotropic_E_nu_v1","material_id":"mat:N","nu":0.25,"pipe_id":"M1","provenance":"invented_t3_p1_detection_input_no_library_data","thermal_consumed":false}],"pipe_sections":[{"Ai_m2":0.02544690049407733,"As_m2":0.005969026041820607,"I_m4":0.000027009842839238257,"J_m4":0.000054019685678476514,"Z_m3":0.0002700984283923826,"effective_wall_thickness_m":0.01,"geometry_basis":"authored_normalized_od_wall_v1","outside_diameter_m":0.2,"pipe_id":"M1","ri_m":0.09000000000000001,"ro_m":0.1}]}],"keys":["connector","exact_cases","pressure"],"pressure":0},"d5":[{"d5":"formation_check: reason=estimate; row=N1:RX; doubled_correction=8.093765819750676e-14; scale=3.333666549241298e-5; trigger_ratio=2.4278870427495867","refs":["case"]},{"d5":null,"refs":["case:b"]}],"diagnostics":{"LOAD_CATEGORY_PREVIEW_MAPPED:warning":4,"NUMERICAL_INTEGRITY_CHECKS_PASSED:info":1,"NUMERICAL_INTEGRITY_SENSITIVE:warning":1,"RULE_CHECK_INPUTS_MISSING:warning":1,"SOURCE_BLOCK_RECOVERY_UNAVAILABLE:info":1},"exact_block":null,"profile":"exact_straight_pressure_v2","rcond":[{"rcond":"2.6064778829121665e-8","refs":["case"]},{"rcond":"2.6064778829121665e-8","refs":["case:b"]}],"rows_by_kind":{"case":{"displacement_magnitude":2,"element_local_axial_force":5,"element_local_axial_normal_stress":5,"element_local_bending_moment_y":5,"element_local_bending_moment_z":5,"element_local_bending_normal_stress_y":5,"element_local_bending_normal_stress_z":5,"element_local_shear_force_y":5,"element_local_shear_force_z":5,"element_local_torsional_moment":5,"element_local_torsional_shear_stress":5,"global_nodal_displacement_x":2,"global_nodal_displacement_y":2,"global_nodal_displacement_z":2,"global_nodal_rotation_x":2,"global_nodal_rotation_y":2,"global_nodal_rotation_z":2,"linear_solver_mode_basis":1,"pipe_elastic_normal_stress_maximum_v2":1,"support_reaction_component_v2":24,"support_reaction_force_magnitude_v2":4,"support_reaction_moment_magnitude_v2":4},"case:b":{"displacement_magnitude":2,"element_local_axial_force":5,"element_local_axial_normal_stress":5,"element_local_bending_moment_y":5,"element_local_bending_moment_z":5,"element_local_bending_normal_stress_y":5,"element_local_bending_normal_stress_z":5,"element_local_shear_force_y":5,"element_local_shear_force_z":5,"element_local_torsional_moment":5,"element_local_torsional_shear_stress":5,"global_nodal_displacement_x":2,"global_nodal_displacement_y":2,"global_nodal_displacement_z":2,"global_nodal_rotation_x":2,"global_nodal_rotation_y":2,"global_nodal_rotation_z":2,"linear_solver_mode_basis":1,"pipe_elastic_normal_stress_maximum_v2":1,"support_reaction_component_v2":24,"support_reaction_force_magnitude_v2":4,"support_reaction_moment_magnitude_v2":4}},"rows_per_case":{"case":98,"case:b":98},"source_block_diagnostics":[{"code":"SOURCE_BLOCK_RECOVERY_UNAVAILABLE","message":"The bounded retained-source method did not produce a selected response: RecoveryFailure { stage: \"source closure\", helper_stage: SourceClosure, error: Unsupported(\"actual transform is not a signed permutation\"), work: WorkReport { charged: 46628, rejected: 0, limit: 8000000 } }","refs":["case"]}],"status":{"mechanics":"MECHANICS_SOLVED","professional_acceptance":"NOT_PROVIDED","rule_check":"RULE_INPUTS_INCOMPLETE"},"verdicts":[{"ref":"case","solve_quality":"sensitive","structural_status":"passive_model_basis"},{"ref":"case:b","solve_quality":"checks_passed","structural_status":"passive_model_basis"}]}
I99_ADMISSION m3x_mix_anchor sparse_interactive profile=Registered allowance=Unselected refusal=Some(Family(Namespace, SchemaVersion)) domain=Some(Family(Namespace, SchemaVersion)) required=None census_complete=true
I99_W1 m3x_mix_anchor sparse_interactive cause=None (no permit, no W1) phase=none (no W1 phase work) counts=Counts { runs: 1, complete_gates: 0 } one_run_through_g_c=false armed_before=[] armed_after=[] envelope_is_plain=true published_successor=false notices=0 bytes_eq_with_notice_plain_case_none=false bytes_eq_plain=true published_sha=fe460c898d054c67889a10895895eb63cbdaaa45e3cad4949b54ea08a4b6cbb2 published_len=132446
I99_DRIVER_ORDINARY m3x_mix_anchor sparse_interactive sha=91938efc83a916cad353a073ce81ec8dd06618a1f7ea3cd789095042b3bbda2e len=132446 exact_selected=false
I99_SEEDS site=witness_driver mechanics="MECHANICS_SOLVED" exact_selected=false quality=[{"ref":"case","solve_quality":"sensitive"},{"ref":"case:b","solve_quality":"checks_passed"}] seeds=[{"case":"case","d5_ref":"diagnostic:numerical-integrity:case","initial":{"kind":"report","outcome":"NUMERICAL_INTEGRITY_SENSITIVE","ref":"diagnostic:numerical-integrity:case"},"legacy":"unavailable(stage=source closure, charged=46628, limit=4000000)","load_row_finding":false,"recovery_demoted":false,"w2":{"kind":"not_triggered"}},{"case":"case:b","d5_ref":null,"initial":{"kind":"report","outcome":"NUMERICAL_INTEGRITY_CHECKS_PASSED","ref":"diagnostic:numerical-integrity:case:b"},"legacy":"not_required","load_row_finding":false,"recovery_demoted":false,"w2":{"kind":"not_triggered"}}]
I99_WITNESS_CAPTURE_ERROR m3x_mix_anchor sparse_interactive Association("outside private ordinary no-component/no-combination scope")
I99_WITNESS m3x_mix_anchor sparse_interactive stack=4194304 ran=Fallback(Domain) furthest_phase=none (no W1 phase work)
I99_BUDGET m3x_mix_anchor sparse_interactive same_bytes_4M_8M=false [per_case_limit=4000000 sha=91938efc83a916cad353a073ce81ec8dd06618a1f7ea3cd789095042b3bbda2e len=132446 eq_value_route=false contract="openpipestress.result_semantics/0.3.0/physics-1" exact_block=null] [per_case_limit=8000000 sha=fe460c898d054c67889a10895895eb63cbdaaa45e3cad4949b54ea08a4b6cbb2 len=132446 eq_value_route=true contract="openpipestress.result_semantics/0.3.0/physics-1" exact_block=null]
I99_BEGIN m3x_mix_anchor dense_scrutiny registered=true input_sha=6ca777a6e3ed658bcf58813d277e839033ac07f0b84efb8526351a20c67d1ee0
I99_ORDINARY m3x_mix_anchor dense_scrutiny results=198 plain_sha=8d10892485a3edca02bf70da207b468d948f1e19ea26943d3e4b3bf78b479c3c plain_len=134569 facts={"contract":"openpipestress.result_semantics/0.3.0/physics-1","contract_evidence":{"connector":0,"exact_cases":[{"keys":["load_case_id","material_basis","pipe_materials","pipe_sections","pipe_stress_extrema","pressure_rhs_assembly","profile_mode","stress_maximum_coverage"],"load_case_id":"case","pipe_materials":[{"E_pa":200000000000.0,"G_pa":80000000000.0,"alpha_per_kelvin":null,"constitutive_basis":"homogeneous_isotropic_E_nu_v1","material_id":"mat:N","nu":0.25,"pipe_id":"M1","provenance":"invented_t3_p1_detection_input_no_library_data","thermal_consumed":false}],"pipe_sections":[{"Ai_m2":0.02544690049407733,"As_m2":0.005969026041820607,"I_m4":0.000027009842839238257,"J_m4":0.000054019685678476514,"Z_m3":0.0002700984283923826,"effective_wall_thickness_m":0.01,"geometry_basis":"authored_normalized_od_wall_v1","outside_diameter_m":0.2,"pipe_id":"M1","ri_m":0.09000000000000001,"ro_m":0.1}]},{"keys":["load_case_id","material_basis","pipe_materials","pipe_sections","pipe_stress_extrema","pressure_rhs_assembly","profile_mode","stress_maximum_coverage"],"load_case_id":"case:b","pipe_materials":[{"E_pa":200000000000.0,"G_pa":80000000000.0,"alpha_per_kelvin":null,"constitutive_basis":"homogeneous_isotropic_E_nu_v1","material_id":"mat:N","nu":0.25,"pipe_id":"M1","provenance":"invented_t3_p1_detection_input_no_library_data","thermal_consumed":false}],"pipe_sections":[{"Ai_m2":0.02544690049407733,"As_m2":0.005969026041820607,"I_m4":0.000027009842839238257,"J_m4":0.000054019685678476514,"Z_m3":0.0002700984283923826,"effective_wall_thickness_m":0.01,"geometry_basis":"authored_normalized_od_wall_v1","outside_diameter_m":0.2,"pipe_id":"M1","ri_m":0.09000000000000001,"ro_m":0.1}]}],"keys":["connector","exact_cases","pressure"],"pressure":0},"d5":[{"d5":"formation_check: reason=estimate; row=N1:RX; doubled_correction=1.639254177105094e-13; scale=3.333666536998144e-5; trigger_ratio=4.917270995500311","refs":["case"]},{"d5":null,"refs":["case:b"]}],"diagnostics":{"LOAD_CATEGORY_PREVIEW_MAPPED:warning":4,"NUMERICAL_INTEGRITY_CHECKS_PASSED:info":1,"NUMERICAL_INTEGRITY_SENSITIVE:warning":1,"RULE_CHECK_INPUTS_MISSING:warning":1,"SOURCE_BLOCK_RECOVERY_UNAVAILABLE:info":1},"exact_block":null,"profile":"exact_straight_pressure_v2","rcond":[{"rcond":"2.6064778924870253e-8","refs":["case"]},{"rcond":"2.6064778924870253e-8","refs":["case:b"]}],"rows_by_kind":{"case":{"displacement_magnitude":2,"element_local_axial_force":5,"element_local_axial_normal_stress":5,"element_local_bending_moment_y":5,"element_local_bending_moment_z":5,"element_local_bending_normal_stress_y":5,"element_local_bending_normal_stress_z":5,"element_local_shear_force_y":5,"element_local_shear_force_z":5,"element_local_torsional_moment":5,"element_local_torsional_shear_stress":5,"global_nodal_displacement_x":2,"global_nodal_displacement_y":2,"global_nodal_displacement_z":2,"global_nodal_rotation_x":2,"global_nodal_rotation_y":2,"global_nodal_rotation_z":2,"linear_solver_mode_basis":1,"pipe_elastic_normal_stress_maximum_v2":1,"sparse_live_path_dense_parity_relative_delta":1,"support_reaction_component_v2":24,"support_reaction_force_magnitude_v2":4,"support_reaction_moment_magnitude_v2":4},"case:b":{"displacement_magnitude":2,"element_local_axial_force":5,"element_local_axial_normal_stress":5,"element_local_bending_moment_y":5,"element_local_bending_moment_z":5,"element_local_bending_normal_stress_y":5,"element_local_bending_normal_stress_z":5,"element_local_shear_force_y":5,"element_local_shear_force_z":5,"element_local_torsional_moment":5,"element_local_torsional_shear_stress":5,"global_nodal_displacement_x":2,"global_nodal_displacement_y":2,"global_nodal_displacement_z":2,"global_nodal_rotation_x":2,"global_nodal_rotation_y":2,"global_nodal_rotation_z":2,"linear_solver_mode_basis":1,"pipe_elastic_normal_stress_maximum_v2":1,"sparse_live_path_dense_parity_relative_delta":1,"support_reaction_component_v2":24,"support_reaction_force_magnitude_v2":4,"support_reaction_moment_magnitude_v2":4}},"rows_per_case":{"case":99,"case:b":99},"source_block_diagnostics":[{"code":"SOURCE_BLOCK_RECOVERY_UNAVAILABLE","message":"The bounded retained-source method did not produce a selected response: RecoveryFailure { stage: \"source closure\", helper_stage: SourceClosure, error: Unsupported(\"actual transform is not a signed permutation\"), work: WorkReport { charged: 46628, rejected: 0, limit: 8000000 } }","refs":["case"]}],"status":{"mechanics":"MECHANICS_SOLVED","professional_acceptance":"NOT_PROVIDED","rule_check":"RULE_INPUTS_INCOMPLETE"},"verdicts":[{"ref":"case","solve_quality":"sensitive","structural_status":"passive_model_basis"},{"ref":"case:b","solve_quality":"checks_passed","structural_status":"passive_model_basis"}]}
I99_ADMISSION m3x_mix_anchor dense_scrutiny profile=Registered allowance=Unselected refusal=Some(Family(Namespace, SchemaVersion)) domain=Some(Family(Namespace, SchemaVersion)) required=None census_complete=true
I99_W1 m3x_mix_anchor dense_scrutiny cause=None (no permit, no W1) phase=none (no W1 phase work) counts=Counts { runs: 1, complete_gates: 0 } one_run_through_g_c=false armed_before=[] armed_after=[] envelope_is_plain=true published_successor=false notices=0 bytes_eq_with_notice_plain_case_none=false bytes_eq_plain=true published_sha=8d10892485a3edca02bf70da207b468d948f1e19ea26943d3e4b3bf78b479c3c published_len=134569
I99_DRIVER_ORDINARY m3x_mix_anchor dense_scrutiny sha=077f6268d7ad775d1ccd5d6aa3a9e75415bd5b8bb7675f654522bf946adc4dbf len=134569 exact_selected=false
I99_SEEDS site=witness_driver mechanics="MECHANICS_SOLVED" exact_selected=false quality=[{"ref":"case","solve_quality":"sensitive"},{"ref":"case:b","solve_quality":"checks_passed"}] seeds=[{"case":"case","d5_ref":"diagnostic:numerical-integrity:case","initial":{"kind":"report","outcome":"NUMERICAL_INTEGRITY_SENSITIVE","ref":"diagnostic:numerical-integrity:case"},"legacy":"unavailable(stage=source closure, charged=46628, limit=4000000)","load_row_finding":false,"recovery_demoted":false,"w2":{"kind":"not_triggered"}},{"case":"case:b","d5_ref":null,"initial":{"kind":"report","outcome":"NUMERICAL_INTEGRITY_CHECKS_PASSED","ref":"diagnostic:numerical-integrity:case:b"},"legacy":"not_required","load_row_finding":false,"recovery_demoted":false,"w2":{"kind":"not_triggered"}}]
I99_WITNESS_CAPTURE_ERROR m3x_mix_anchor dense_scrutiny Association("outside private ordinary no-component/no-combination scope")
I99_WITNESS m3x_mix_anchor dense_scrutiny stack=4194304 ran=Fallback(Domain) furthest_phase=none (no W1 phase work)
I99_BUDGET m3x_mix_anchor dense_scrutiny same_bytes_4M_8M=false [per_case_limit=4000000 sha=077f6268d7ad775d1ccd5d6aa3a9e75415bd5b8bb7675f654522bf946adc4dbf len=134569 eq_value_route=false contract="openpipestress.result_semantics/0.3.0/physics-1" exact_block=null] [per_case_limit=8000000 sha=8d10892485a3edca02bf70da207b468d948f1e19ea26943d3e4b3bf78b479c3c len=134569 eq_value_route=true contract="openpipestress.result_semantics/0.3.0/physics-1" exact_block=null]
I99_CENSUS m3x_mix_lateral input_sha=69f8e69a6a05e014816d7b6ab4005b8ebb8da97db8e6f13f6a30599cc22d8ceb profile=Registered census_complete=true domain=Some(Family(Namespace, SchemaVersion)) refusal=Some(Family(Namespace, SchemaVersion)) required=None
I99_BEGIN m3x_mix_lateral sparse_interactive registered=true input_sha=69f8e69a6a05e014816d7b6ab4005b8ebb8da97db8e6f13f6a30599cc22d8ceb
I99_ORDINARY m3x_mix_lateral sparse_interactive results=196 plain_sha=63b724d56fe882e026f23399e1410aef8a6d658e6805b009439a6ee295545fd9 plain_len=136773 facts={"contract":"openpipestress.result_semantics/0.3.0/physics-1","contract_evidence":{"connector":0,"exact_cases":[{"keys":["load_case_id","material_basis","pipe_materials","pipe_sections","pipe_stress_extrema","pressure_rhs_assembly","profile_mode","stress_maximum_coverage"],"load_case_id":"case","pipe_materials":[{"E_pa":200000000000.0,"G_pa":80000000000.0,"alpha_per_kelvin":null,"constitutive_basis":"homogeneous_isotropic_E_nu_v1","material_id":"mat:N","nu":0.25,"pipe_id":"M1","provenance":"invented_t3_p1_detection_input_no_library_data","thermal_consumed":false}],"pipe_sections":[{"Ai_m2":0.02544690049407733,"As_m2":0.005969026041820607,"I_m4":0.000027009842839238257,"J_m4":0.000054019685678476514,"Z_m3":0.0002700984283923826,"effective_wall_thickness_m":0.01,"geometry_basis":"authored_normalized_od_wall_v1","outside_diameter_m":0.2,"pipe_id":"M1","ri_m":0.09000000000000001,"ro_m":0.1}]},{"keys":["load_case_id","material_basis","pipe_materials","pipe_sections","pipe_stress_extrema","pressure_rhs_assembly","profile_mode","stress_maximum_coverage"],"load_case_id":"case:b","pipe_materials":[{"E_pa":200000000000.0,"G_pa":80000000000.0,"alpha_per_kelvin":null,"constitutive_basis":"homogeneous_isotropic_E_nu_v1","material_id":"mat:N","nu":0.25,"pipe_id":"M1","provenance":"invented_t3_p1_detection_input_no_library_data","thermal_consumed":false}],"pipe_sections":[{"Ai_m2":0.02544690049407733,"As_m2":0.005969026041820607,"I_m4":0.000027009842839238257,"J_m4":0.000054019685678476514,"Z_m3":0.0002700984283923826,"effective_wall_thickness_m":0.01,"geometry_basis":"authored_normalized_od_wall_v1","outside_diameter_m":0.2,"pipe_id":"M1","ri_m":0.09000000000000001,"ro_m":0.1}]}],"keys":["connector","exact_cases","pressure"],"pressure":0},"d5":[{"d5":"formation_check: reason=estimate; row=N1:RX; doubled_correction=8.093765819750676e-14; scale=3.333666549241298e-5; trigger_ratio=2.4278870427495867","refs":["case"]},{"d5":"formation_check: reason=estimate; row=N1:RX; doubled_correction=2.10205096539159e-15; scale=1.5797846418704875e-6; trigger_ratio=1.3305933667659482","refs":["case:b"]}],"diagnostics":{"LOAD_CATEGORY_PREVIEW_MAPPED:warning":5,"NUMERICAL_INTEGRITY_SENSITIVE:warning":2,"RULE_CHECK_INPUTS_MISSING:warning":1,"SOURCE_BLOCK_RECOVERY_UNAVAILABLE:info":2},"exact_block":null,"profile":"exact_straight_pressure_v2","rcond":[{"rcond":"2.6064778829121665e-8","refs":["case"]},{"rcond":"2.6064778829121665e-8","refs":["case:b"]}],"rows_by_kind":{"case":{"displacement_magnitude":2,"element_local_axial_force":5,"element_local_axial_normal_stress":5,"element_local_bending_moment_y":5,"element_local_bending_moment_z":5,"element_local_bending_normal_stress_y":5,"element_local_bending_normal_stress_z":5,"element_local_shear_force_y":5,"element_local_shear_force_z":5,"element_local_torsional_moment":5,"element_local_torsional_shear_stress":5,"global_nodal_displacement_x":2,"global_nodal_displacement_y":2,"global_nodal_displacement_z":2,"global_nodal_rotation_x":2,"global_nodal_rotation_y":2,"global_nodal_rotation_z":2,"linear_solver_mode_basis":1,"pipe_elastic_normal_stress_maximum_v2":1,"support_reaction_component_v2":24,"support_reaction_force_magnitude_v2":4,"support_reaction_moment_magnitude_v2":4},"case:b":{"displacement_magnitude":2,"element_local_axial_force":5,"element_local_axial_normal_stress":5,"element_local_bending_moment_y":5,"element_local_bending_moment_z":5,"element_local_bending_normal_stress_y":5,"element_local_bending_normal_stress_z":5,"element_local_shear_force_y":5,"element_local_shear_force_z":5,"element_local_torsional_moment":5,"element_local_torsional_shear_stress":5,"global_nodal_displacement_x":2,"global_nodal_displacement_y":2,"global_nodal_displacement_z":2,"global_nodal_rotation_x":2,"global_nodal_rotation_y":2,"global_nodal_rotation_z":2,"linear_solver_mode_basis":1,"pipe_elastic_normal_stress_maximum_v2":1,"support_reaction_component_v2":24,"support_reaction_force_magnitude_v2":4,"support_reaction_moment_magnitude_v2":4}},"rows_per_case":{"case":98,"case:b":98},"source_block_diagnostics":[{"code":"SOURCE_BLOCK_RECOVERY_UNAVAILABLE","message":"The bounded retained-source method did not produce a selected response: RecoveryFailure { stage: \"source closure\", helper_stage: SourceClosure, error: Unsupported(\"actual transform is not a signed permutation\"), work: WorkReport { charged: 46628, rejected: 0, limit: 8000000 } }","refs":["case"]},{"code":"SOURCE_BLOCK_RECOVERY_UNAVAILABLE","message":"The bounded retained-source method did not produce a selected response: RecoveryFailure { stage: \"source closure\", helper_stage: SourceClosure, error: Unsupported(\"actual transform is not a signed permutation\"), work: WorkReport { charged: 46374, rejected: 0, limit: 8000000 } }","refs":["case:b"]}],"status":{"mechanics":"MECHANICS_SOLVED","professional_acceptance":"NOT_PROVIDED","rule_check":"RULE_INPUTS_INCOMPLETE"},"verdicts":[{"ref":"case","solve_quality":"sensitive","structural_status":"passive_model_basis"},{"ref":"case:b","solve_quality":"sensitive","structural_status":"passive_model_basis"}]}
I99_ADMISSION m3x_mix_lateral sparse_interactive profile=Registered allowance=Unselected refusal=Some(Family(Namespace, SchemaVersion)) domain=Some(Family(Namespace, SchemaVersion)) required=None census_complete=true
I99_W1 m3x_mix_lateral sparse_interactive cause=None (no permit, no W1) phase=none (no W1 phase work) counts=Counts { runs: 1, complete_gates: 0 } one_run_through_g_c=false armed_before=[] armed_after=[] envelope_is_plain=true published_successor=false notices=0 bytes_eq_with_notice_plain_case_none=false bytes_eq_plain=true published_sha=63b724d56fe882e026f23399e1410aef8a6d658e6805b009439a6ee295545fd9 published_len=136773
I99_DRIVER_ORDINARY m3x_mix_lateral sparse_interactive sha=54ae25d29be6060876a64df6bda2b1a1dab5407c3c50faf0ecbe23f7c2264d7d len=136773 exact_selected=false
I99_SEEDS site=witness_driver mechanics="MECHANICS_SOLVED" exact_selected=false quality=[{"ref":"case","solve_quality":"sensitive"},{"ref":"case:b","solve_quality":"sensitive"}] seeds=[{"case":"case","d5_ref":"diagnostic:numerical-integrity:case","initial":{"kind":"report","outcome":"NUMERICAL_INTEGRITY_SENSITIVE","ref":"diagnostic:numerical-integrity:case"},"legacy":"unavailable(stage=source closure, charged=46628, limit=4000000)","load_row_finding":false,"recovery_demoted":false,"w2":{"kind":"not_triggered"}},{"case":"case:b","d5_ref":"diagnostic:numerical-integrity:case:b","initial":{"kind":"report","outcome":"NUMERICAL_INTEGRITY_SENSITIVE","ref":"diagnostic:numerical-integrity:case:b"},"legacy":"unavailable(stage=source closure, charged=46374, limit=4000000)","load_row_finding":false,"recovery_demoted":false,"w2":{"kind":"not_triggered"}}]
I99_WITNESS_CAPTURE_ERROR m3x_mix_lateral sparse_interactive Association("outside private ordinary no-component/no-combination scope")
I99_WITNESS m3x_mix_lateral sparse_interactive stack=4194304 ran=Fallback(Domain) furthest_phase=none (no W1 phase work)
I99_BUDGET m3x_mix_lateral sparse_interactive same_bytes_4M_8M=false [per_case_limit=4000000 sha=54ae25d29be6060876a64df6bda2b1a1dab5407c3c50faf0ecbe23f7c2264d7d len=136773 eq_value_route=false contract="openpipestress.result_semantics/0.3.0/physics-1" exact_block=null] [per_case_limit=8000000 sha=63b724d56fe882e026f23399e1410aef8a6d658e6805b009439a6ee295545fd9 len=136773 eq_value_route=true contract="openpipestress.result_semantics/0.3.0/physics-1" exact_block=null]
I99_BEGIN m3x_mix_lateral dense_scrutiny registered=true input_sha=69f8e69a6a05e014816d7b6ab4005b8ebb8da97db8e6f13f6a30599cc22d8ceb
I99_ORDINARY m3x_mix_lateral dense_scrutiny results=198 plain_sha=4fe57fc99fa4101d99b2e3f23d3a423d1754cd4851224e5ca6f3cd9331334a0e plain_len=138437 facts={"contract":"openpipestress.result_semantics/0.3.0/physics-1","contract_evidence":{"connector":0,"exact_cases":[{"keys":["load_case_id","material_basis","pipe_materials","pipe_sections","pipe_stress_extrema","pressure_rhs_assembly","profile_mode","stress_maximum_coverage"],"load_case_id":"case","pipe_materials":[{"E_pa":200000000000.0,"G_pa":80000000000.0,"alpha_per_kelvin":null,"constitutive_basis":"homogeneous_isotropic_E_nu_v1","material_id":"mat:N","nu":0.25,"pipe_id":"M1","provenance":"invented_t3_p1_detection_input_no_library_data","thermal_consumed":false}],"pipe_sections":[{"Ai_m2":0.02544690049407733,"As_m2":0.005969026041820607,"I_m4":0.000027009842839238257,"J_m4":0.000054019685678476514,"Z_m3":0.0002700984283923826,"effective_wall_thickness_m":0.01,"geometry_basis":"authored_normalized_od_wall_v1","outside_diameter_m":0.2,"pipe_id":"M1","ri_m":0.09000000000000001,"ro_m":0.1}]},{"keys":["load_case_id","material_basis","pipe_materials","pipe_sections","pipe_stress_extrema","pressure_rhs_assembly","profile_mode","stress_maximum_coverage"],"load_case_id":"case:b","pipe_materials":[{"E_pa":200000000000.0,"G_pa":80000000000.0,"alpha_per_kelvin":null,"constitutive_basis":"homogeneous_isotropic_E_nu_v1","material_id":"mat:N","nu":0.25,"pipe_id":"M1","provenance":"invented_t3_p1_detection_input_no_library_data","thermal_consumed":false}],"pipe_sections":[{"Ai_m2":0.02544690049407733,"As_m2":0.005969026041820607,"I_m4":0.000027009842839238257,"J_m4":0.000054019685678476514,"Z_m3":0.0002700984283923826,"effective_wall_thickness_m":0.01,"geometry_basis":"authored_normalized_od_wall_v1","outside_diameter_m":0.2,"pipe_id":"M1","ri_m":0.09000000000000001,"ro_m":0.1}]}],"keys":["connector","exact_cases","pressure"],"pressure":0},"d5":[{"d5":"formation_check: reason=estimate; row=N1:RX; doubled_correction=1.639254177105094e-13; scale=3.333666536998144e-5; trigger_ratio=4.917270995500311","refs":["case"]},{"d5":null,"refs":["case:b"]}],"diagnostics":{"LOAD_CATEGORY_PREVIEW_MAPPED:warning":5,"NUMERICAL_INTEGRITY_CHECKS_PASSED:info":1,"NUMERICAL_INTEGRITY_SENSITIVE:warning":1,"RULE_CHECK_INPUTS_MISSING:warning":1,"SOURCE_BLOCK_RECOVERY_UNAVAILABLE:info":1},"exact_block":null,"profile":"exact_straight_pressure_v2","rcond":[{"rcond":"2.6064778924870253e-8","refs":["case"]},{"rcond":"2.6064778924870253e-8","refs":["case:b"]}],"rows_by_kind":{"case":{"displacement_magnitude":2,"element_local_axial_force":5,"element_local_axial_normal_stress":5,"element_local_bending_moment_y":5,"element_local_bending_moment_z":5,"element_local_bending_normal_stress_y":5,"element_local_bending_normal_stress_z":5,"element_local_shear_force_y":5,"element_local_shear_force_z":5,"element_local_torsional_moment":5,"element_local_torsional_shear_stress":5,"global_nodal_displacement_x":2,"global_nodal_displacement_y":2,"global_nodal_displacement_z":2,"global_nodal_rotation_x":2,"global_nodal_rotation_y":2,"global_nodal_rotation_z":2,"linear_solver_mode_basis":1,"pipe_elastic_normal_stress_maximum_v2":1,"sparse_live_path_dense_parity_relative_delta":1,"support_reaction_component_v2":24,"support_reaction_force_magnitude_v2":4,"support_reaction_moment_magnitude_v2":4},"case:b":{"displacement_magnitude":2,"element_local_axial_force":5,"element_local_axial_normal_stress":5,"element_local_bending_moment_y":5,"element_local_bending_moment_z":5,"element_local_bending_normal_stress_y":5,"element_local_bending_normal_stress_z":5,"element_local_shear_force_y":5,"element_local_shear_force_z":5,"element_local_torsional_moment":5,"element_local_torsional_shear_stress":5,"global_nodal_displacement_x":2,"global_nodal_displacement_y":2,"global_nodal_displacement_z":2,"global_nodal_rotation_x":2,"global_nodal_rotation_y":2,"global_nodal_rotation_z":2,"linear_solver_mode_basis":1,"pipe_elastic_normal_stress_maximum_v2":1,"sparse_live_path_dense_parity_relative_delta":1,"support_reaction_component_v2":24,"support_reaction_force_magnitude_v2":4,"support_reaction_moment_magnitude_v2":4}},"rows_per_case":{"case":99,"case:b":99},"source_block_diagnostics":[{"code":"SOURCE_BLOCK_RECOVERY_UNAVAILABLE","message":"The bounded retained-source method did not produce a selected response: RecoveryFailure { stage: \"source closure\", helper_stage: SourceClosure, error: Unsupported(\"actual transform is not a signed permutation\"), work: WorkReport { charged: 46628, rejected: 0, limit: 8000000 } }","refs":["case"]}],"status":{"mechanics":"MECHANICS_SOLVED","professional_acceptance":"NOT_PROVIDED","rule_check":"RULE_INPUTS_INCOMPLETE"},"verdicts":[{"ref":"case","solve_quality":"sensitive","structural_status":"passive_model_basis"},{"ref":"case:b","solve_quality":"checks_passed","structural_status":"passive_model_basis"}]}
I99_ADMISSION m3x_mix_lateral dense_scrutiny profile=Registered allowance=Unselected refusal=Some(Family(Namespace, SchemaVersion)) domain=Some(Family(Namespace, SchemaVersion)) required=None census_complete=true
I99_W1 m3x_mix_lateral dense_scrutiny cause=None (no permit, no W1) phase=none (no W1 phase work) counts=Counts { runs: 1, complete_gates: 0 } one_run_through_g_c=false armed_before=[] armed_after=[] envelope_is_plain=true published_successor=false notices=0 bytes_eq_with_notice_plain_case_none=false bytes_eq_plain=true published_sha=4fe57fc99fa4101d99b2e3f23d3a423d1754cd4851224e5ca6f3cd9331334a0e published_len=138437
I99_DRIVER_ORDINARY m3x_mix_lateral dense_scrutiny sha=a410ae77649fcee04eb6c5f6fa5b43961363f526728bcb66fed4f15bf9a92cca len=138437 exact_selected=false
I99_SEEDS site=witness_driver mechanics="MECHANICS_SOLVED" exact_selected=false quality=[{"ref":"case","solve_quality":"sensitive"},{"ref":"case:b","solve_quality":"checks_passed"}] seeds=[{"case":"case","d5_ref":"diagnostic:numerical-integrity:case","initial":{"kind":"report","outcome":"NUMERICAL_INTEGRITY_SENSITIVE","ref":"diagnostic:numerical-integrity:case"},"legacy":"unavailable(stage=source closure, charged=46628, limit=4000000)","load_row_finding":false,"recovery_demoted":false,"w2":{"kind":"not_triggered"}},{"case":"case:b","d5_ref":null,"initial":{"kind":"report","outcome":"NUMERICAL_INTEGRITY_CHECKS_PASSED","ref":"diagnostic:numerical-integrity:case:b"},"legacy":"not_required","load_row_finding":false,"recovery_demoted":false,"w2":{"kind":"not_triggered"}}]
I99_WITNESS_CAPTURE_ERROR m3x_mix_lateral dense_scrutiny Association("outside private ordinary no-component/no-combination scope")
I99_WITNESS m3x_mix_lateral dense_scrutiny stack=4194304 ran=Fallback(Domain) furthest_phase=none (no W1 phase work)
I99_BUDGET m3x_mix_lateral dense_scrutiny same_bytes_4M_8M=false [per_case_limit=4000000 sha=a410ae77649fcee04eb6c5f6fa5b43961363f526728bcb66fed4f15bf9a92cca len=138437 eq_value_route=false contract="openpipestress.result_semantics/0.3.0/physics-1" exact_block=null] [per_case_limit=8000000 sha=4fe57fc99fa4101d99b2e3f23d3a423d1754cd4851224e5ca6f3cd9331334a0e len=138437 eq_value_route=true contract="openpipestress.result_semantics/0.3.0/physics-1" exact_block=null]
I99_CENSUS m1_twin_axial input_sha=4a70c5df9a45b33bc9c7fcd95b350390c8828e9e3b2ebe308b967a060b4e9a7b profile=Registered census_complete=true domain=None refusal=None required=Some(3575778286)
I99_BEGIN m1_twin_axial sparse_interactive registered=true input_sha=4a70c5df9a45b33bc9c7fcd95b350390c8828e9e3b2ebe308b967a060b4e9a7b
I99_ORDINARY m1_twin_axial sparse_interactive results=98 plain_sha=dcf2d47b0422d32bcddd49e9aa7c4566a2f6bb9fbb6d634e91d875b800dcf82d plain_len=68369 facts={"contract":"openpipestress.result_semantics/0.3.0/preview-physics-1","contract_evidence":{"connector":null,"exact_cases":null,"keys":["combination_gates","preview_cases"],"pressure":null},"d5":[{"d5":"formation_check: reason=estimate; row=N1:RX; doubled_correction=4.8122000364589706e-18; scale=1.6753151920450622e-9; trigger_ratio=2.872414730857125","refs":["case"]}],"diagnostics":{"LOAD_CATEGORY_PREVIEW_MAPPED:warning":3,"NUMERICAL_INTEGRITY_SENSITIVE:warning":1,"RULE_CHECK_INPUTS_MISSING:warning":1,"SOURCE_BLOCK_RECOVERY_UNAVAILABLE:info":1},"exact_block":null,"profile":"product_preview_mechanics_v1","rcond":[{"rcond":"2.606477882912165e-8","refs":["case"]}],"rows_by_kind":{"case":{"displacement_magnitude":2,"element_local_axial_force":5,"element_local_axial_normal_stress":5,"element_local_bending_moment_y":5,"element_local_bending_moment_z":5,"element_local_bending_normal_stress_y":5,"element_local_bending_normal_stress_z":5,"element_local_shear_force_y":5,"element_local_shear_force_z":5,"element_local_torsional_moment":5,"element_local_torsional_shear_stress":5,"global_nodal_displacement_x":2,"global_nodal_displacement_y":2,"global_nodal_displacement_z":2,"global_nodal_rotation_x":2,"global_nodal_rotation_y":2,"global_nodal_rotation_z":2,"linear_solver_mode_basis":1,"pipe_elastic_normal_stress_maximum_v2":1,"support_reaction_component_v2":24,"support_reaction_force_magnitude_v2":4,"support_reaction_moment_magnitude_v2":4}},"rows_per_case":{"case":98},"source_block_diagnostics":[{"code":"SOURCE_BLOCK_RECOVERY_UNAVAILABLE","message":"The bounded retained-source method did not produce a selected response: RecoveryFailure { stage: \"source closure\", helper_stage: SourceClosure, error: Unsupported(\"actual transform is not a signed permutation\"), work: WorkReport { charged: 46820, rejected: 0, limit: 4000000 } }","refs":["case"]}],"status":{"mechanics":"MECHANICS_SOLVED","professional_acceptance":"NOT_PROVIDED","rule_check":"RULE_INPUTS_INCOMPLETE"},"verdicts":[{"ref":"case","solve_quality":"sensitive","structural_status":"passive_model_basis"}]}
I99_SEEDS site=permitted_run mechanics="MECHANICS_SOLVED" exact_selected=false quality=[{"ref":"case","solve_quality":"sensitive"}] seeds=[{"case":"case","d5_ref":"diagnostic:numerical-integrity:case","initial":{"kind":"report","outcome":"NUMERICAL_INTEGRITY_SENSITIVE","ref":"diagnostic:numerical-integrity:case"},"legacy":"unavailable(stage=source closure, charged=46820, limit=4000000)","load_row_finding":false,"recovery_demoted":false,"w2":{"kind":"not_triggered"}}]
I99_W1_START case=case
I99_NATIVE_OUTCOME Selected
I51_DUAL_LANES (LaneReadouts { anchor: ProofAnchor { owner: ProductOwnerStamp { run: 0, .. } }, law: AdmittedK, rows: [Enclosure { lo: Z+, hi: Z+ }, Enclosure { lo: Z+, hi: Z+ }, Enclosure { lo: Z+, hi: Z+ }, Enclosure { lo: -fe96583c532bfbbe31711a8845cd1d51caf2089b36f79718481948b0fcd6e9e06522c3f35ba781948b0fcd6e9e06522c3f35ba781948b0fcd6e9e06522c3f35ba781948b0fcd6e9e06522c3f35ba781948b0fcd6e9e06522da0b44632f92aa800000000000000000000000000000000000000000000000000000000000000000p-314, hi: +fb4979a462b546e58b411a8845cd1d51caf2089b36f79718481948b0fcd6e9e06522c3f35ba781948b0fcd6e9e06522c3f35ba781948b0fcd6e9e06522c3f35ba781948b0fcd6e9e06522c3f35ba781948b0fcd6e9e06522da0b44632f92aa800000000000000000000000000000000000000000000000000000000000000000p-314 }, Enclosure { lo: -fcefdb5f78b5ae36b8dde60845cd1d51caf2089b36f79718481948b0fcd6e9e06522c3f35ba781948b0fcd6e9e06522c3f35ba781948b0fcd6e9e06522c3f35ba781948b0fcd6e9e06522c3f35ba781948b0fcd6e9e06522da0b44632f92aa8000000000000000000000000000000000...[cut by sanitize.py: 54835 bytes, sha256 a79de5dd2553c227c4488f36cc566a382fc821490f23f712871df9599e624f06]
I51_FROZEN_REFUSAL {"g5a":"None","maxima":[{"member":0,"numbers":[0.0,0,0.0,502.59455713230096,502.5945571323011,502.5945571323011,1.1368683772161605e-13,0],"row":97}],"mode":"sparse_interactive","numeric_pass":false,"observables":"None","rows":[{"bits":"3ff0000000000000","id":"result:solver-mode:linear-solve-basis","kind":"linear_solver_mode_basis","unit":"mode_code","value":1.0},{"bits":"0000000000000000","id":"result:disp:N0","kind":"displacement_magnitude","unit":"mm","value":0.0},{"bits":"3edf9eda193d2b11","id":"result:disp:N1","kind":"displacement_magnitude","unit":"mm","value":7.538918356984516e-6},{"bits":"0000000000000000","id":"result:disp:N0:ux","kind":"global_nodal_displacement_x","unit":"mm","value":0.0},{"bits":"0000000000000000","id":"result:disp:N0:uy","kind":"global_nodal_displacement_y","unit":"mm","value":0.0},{"bits":"0000000000000000","id":"result:disp:N0:uz","kind":"global_nodal_displacement_z","unit":"mm","value":0.0},{"bits":"2c0128bd4c3d579d","id":"result:disp:...[cut by sanitize.py: 39070 bytes, sha256 a004a28d762a172193d484a485c37b13f0f3e41779bb1701fec756928a1694b5]
I99_CANDIDATE_REFUSAL len=30971 error=Proof(ProductProofFailure { failure: ProductFailure { cause: Predicate { row: 2, predicate: SharperExact } }, work: ProductCertificateSpent { rows: [], verdicts: [ProductRowVerdict { row: 0, normalized_bits: 4607182418800017408, scale_bits: 0, class: None, passed: true, failed: None, predicates: [None, None, None, None] }, ProductRowVerdict { row: 1, normalized_bits: 0, scale_bits: 4485638625760506160, class: Some(AbsoluteVerified { bound_bits: 4197408249608794416 }), passed: true, failed: None, predicates: [Some(true), None, None, None] }, ProductRowVerdict { row: 2, normalized_bits: 4485638625760506160, scale_bits: 4485638625760506160, class: Some(RelativeVerified), passed: false, failed: Some(SharperExact), predicates: [Some(false), Some(false), Some(true), Some(true)] }, ProductRowVerdict { row: 3, normalized_bits: 0, scale_bits: 4485638625760506160, class: Some(InputDerived), passed: true, failed: None, predicates: [Some(true), None, None, None] }, ProductRowVerdict { row: 4, normalized_bits: 0, scale_bits: 4485638625760506160, class: Some(InputDerived), passed: true, failed: None, predicates: [Some(true), None, None, None] }, ProductRowVerdict { row: 5, normalized_bits: 0, scale_bits: 4485638625760506160, class: Some(InputDerived), passed: true, failed: None, predicates: [Some(true), None, None, None] }, ProductRowVerdict { row: 6, normalized_bits: 3170860406138558365, scale_bits: 4478150425348052715, class: Some(AbsoluteVerified { bound_bits: 4189920049196340971 }), pa
I99_ADMISSION m1_twin_axial sparse_interactive profile=Registered allowance=Unselected refusal=None domain=None required=Some(3575778286) census_complete=true
I99_W1 m1_twin_axial sparse_interactive cause=Err(Candidate) phase=W2 counts=Counts { runs: 1, complete_gates: 1 } one_run_through_g_c=true armed_before=[] armed_after=[] envelope_is_plain=false published_successor=false notices=1 bytes_eq_with_notice_plain_case_none=true bytes_eq_plain=false published_sha=dd69eb09d2b26404e5aab57f5caa12f0a89b39e77826052388081d69f138e0a1 published_len=68688
I99_DRIVER_ORDINARY m1_twin_axial sparse_interactive sha=dcf2d47b0422d32bcddd49e9aa7c4566a2f6bb9fbb6d634e91d875b800dcf82d len=68369 exact_selected=false
I99_SEEDS site=witness_driver mechanics="MECHANICS_SOLVED" exact_selected=false quality=[{"ref":"case","solve_quality":"sensitive"}] seeds=[{"case":"case","d5_ref":"diagnostic:numerical-integrity:case","initial":{"kind":"report","outcome":"NUMERICAL_INTEGRITY_SENSITIVE","ref":"diagnostic:numerical-integrity:case"},"legacy":"unavailable(stage=source closure, charged=46820, limit=4000000)","load_row_finding":false,"recovery_demoted":false,"w2":{"kind":"not_triggered"}}]
I99_W1_START case=case
I99_NATIVE_OUTCOME Selected
I51_DUAL_LANES (LaneReadouts { anchor: ProofAnchor { owner: ProductOwnerStamp { run: 0, .. } }, law: AdmittedK, rows: [Enclosure { lo: Z+, hi: Z+ }, Enclosure { lo: Z+, hi: Z+ }, Enclosure { lo: Z+, hi: Z+ }, Enclosure { lo: -fe96583c532bfbbe31711a8845cd1d51caf2089b36f79718481948b0fcd6e9e06522c3f35ba781948b0fcd6e9e06522c3f35ba781948b0fcd6e9e06522c3f35ba781948b0fcd6e9e06522c3f35ba781948b0fcd6e9e06522da0b44632f92aa800000000000000000000000000000000000000000000000000000000000000000p-314, hi: +fb4979a462b546e58b411a8845cd1d51caf2089b36f79718481948b0fcd6e9e06522c3f35ba781948b0fcd6e9e06522c3f35ba781948b0fcd6e9e06522c3f35ba781948b0fcd6e9e06522c3f35ba781948b0fcd6e9e06522da0b44632f92aa800000000000000000000000000000000000000000000000000000000000000000p-314 }, Enclosure { lo: -fcefdb5f78b5ae36b8dde60845cd1d51caf2089b36f79718481948b0fcd6e9e06522c3f35ba781948b0fcd6e9e06522c3f35ba781948b0fcd6e9e06522c3f35ba781948b0fcd6e9e06522c3f35ba781948b0fcd6e9e06522da0b44632f92aa8000000000000000000000000000000000...[cut by sanitize.py: 54835 bytes, sha256 a79de5dd2553c227c4488f36cc566a382fc821490f23f712871df9599e624f06]
I51_FROZEN_REFUSAL {"g5a":"None","maxima":[{"member":0,"numbers":[0.0,0,0.0,502.59455713230096,502.5945571323011,502.5945571323011,1.1368683772161605e-13,0],"row":97}],"mode":"sparse_interactive","numeric_pass":false,"observables":"None","rows":[{"bits":"3ff0000000000000","id":"result:solver-mode:linear-solve-basis","kind":"linear_solver_mode_basis","unit":"mode_code","value":1.0},{"bits":"0000000000000000","id":"result:disp:N0","kind":"displacement_magnitude","unit":"mm","value":0.0},{"bits":"3edf9eda193d2b11","id":"result:disp:N1","kind":"displacement_magnitude","unit":"mm","value":7.538918356984516e-6},{"bits":"0000000000000000","id":"result:disp:N0:ux","kind":"global_nodal_displacement_x","unit":"mm","value":0.0},{"bits":"0000000000000000","id":"result:disp:N0:uy","kind":"global_nodal_displacement_y","unit":"mm","value":0.0},{"bits":"0000000000000000","id":"result:disp:N0:uz","kind":"global_nodal_displacement_z","unit":"mm","value":0.0},{"bits":"2c0128bd4c3d579d","id":"result:disp:...[cut by sanitize.py: 39070 bytes, sha256 a004a28d762a172193d484a485c37b13f0f3e41779bb1701fec756928a1694b5]
I99_CANDIDATE_REFUSAL len=30971 error=Proof(ProductProofFailure { failure: ProductFailure { cause: Predicate { row: 2, predicate: SharperExact } }, work: ProductCertificateSpent { rows: [], verdicts: [ProductRowVerdict { row: 0, normalized_bits: 4607182418800017408, scale_bits: 0, class: None, passed: true, failed: None, predicates: [None, None, None, None] }, ProductRowVerdict { row: 1, normalized_bits: 0, scale_bits: 4485638625760506160, class: Some(AbsoluteVerified { bound_bits: 4197408249608794416 }), passed: true, failed: None, predicates: [Some(true), None, None, None] }, ProductRowVerdict { row: 2, normalized_bits: 4485638625760506160, scale_bits: 4485638625760506160, class: Some(RelativeVerified), passed: false, failed: Some(SharperExact), predicates: [Some(false), Some(false), Some(true), Some(true)] }, ProductRowVerdict { row: 3, normalized_bits: 0, scale_bits: 4485638625760506160, class: Some(InputDerived), passed: true, failed: None, predicates: [Some(true), None, None, None] }, ProductRowVerdict { row: 4, normalized_bits: 0, scale_bits: 4485638625760506160, class: Some(InputDerived), passed: true, failed: None, predicates: [Some(true), None, None, None] }, ProductRowVerdict { row: 5, normalized_bits: 0, scale_bits: 4485638625760506160, class: Some(InputDerived), passed: true, failed: None, predicates: [Some(true), None, None, None] }, ProductRowVerdict { row: 6, normalized_bits: 3170860406138558365, scale_bits: 4478150425348052715, class: Some(AbsoluteVerified { bound_bits: 4189920049196340971 }), pa
I99_WITNESS m1_twin_axial sparse_interactive stack=4194304 ran=Fallback(Candidate) furthest_phase=W2
I99_BUDGET m1_twin_axial sparse_interactive same_bytes_4M_8M=false [per_case_limit=4000000 sha=dcf2d47b0422d32bcddd49e9aa7c4566a2f6bb9fbb6d634e91d875b800dcf82d len=68369 eq_value_route=true contract="openpipestress.result_semantics/0.3.0/preview-physics-1" exact_block=null] [per_case_limit=8000000 sha=175fd45d818794b44e8edcd2f2ec77dcb112d6953d15c3a34b0a81ec2312d7f9 len=68369 eq_value_route=false contract="openpipestress.result_semantics/0.3.0/preview-physics-1" exact_block=null]
I99_BEGIN m1_twin_axial dense_scrutiny registered=true input_sha=4a70c5df9a45b33bc9c7fcd95b350390c8828e9e3b2ebe308b967a060b4e9a7b
I99_ORDINARY m1_twin_axial dense_scrutiny results=99 plain_sha=7caeb74ecd132e7b3008afbf1271ccfde0f2d25fd948db81ba179ee7ce92d539 plain_len=68949 facts={"contract":"openpipestress.result_semantics/0.3.0/preview-physics-1","contract_evidence":{"connector":null,"exact_cases":null,"keys":["combination_gates","preview_cases"],"pressure":null},"d5":[{"d5":null,"refs":["case"]}],"diagnostics":{"LOAD_CATEGORY_PREVIEW_MAPPED:warning":3,"NUMERICAL_INTEGRITY_CHECKS_PASSED:info":1,"RULE_CHECK_INPUTS_MISSING:warning":1},"exact_block":null,"profile":"product_preview_mechanics_v1","rcond":[{"rcond":"2.606477892402732e-8","refs":["case"]}],"rows_by_kind":{"case":{"displacement_magnitude":2,"element_local_axial_force":5,"element_local_axial_normal_stress":5,"element_local_bending_moment_y":5,"element_local_bending_moment_z":5,"element_local_bending_normal_stress_y":5,"element_local_bending_normal_stress_z":5,"element_local_shear_force_y":5,"element_local_shear_force_z":5,"element_local_torsional_moment":5,"element_local_torsional_shear_stress":5,"global_nodal_displacement_x":2,"global_nodal_displacement_y":2,"global_nodal_displacement_z":2,"global_nodal_rotation_x":2,"global_nodal_rotation_y":2,"global_nodal_rotation_z":2,"linear_solver_mode_basis":1,"pipe_elastic_normal_stress_maximum_v2":1,"sparse_live_path_dense_parity_relative_delta":1,"support_reaction_component_v2":24,"support_reaction_force_magnitude_v2":4,"support_reaction_moment_magnitude_v2":4}},"rows_per_case":{"case":99},"source_block_diagnostics":[],"status":{"mechanics":"MECHANICS_SOLVED","professional_acceptance":"NOT_PROVIDED","rule_check":"RULE_INPUTS_INCOMPLETE"},"verdicts":[{"ref":"case","solve_quality":"checks_passed","structural_status":"passive_model_basis"}]}
I99_SEEDS site=permitted_run mechanics="MECHANICS_SOLVED" exact_selected=false quality=[{"ref":"case","solve_quality":"checks_passed"}] seeds=[{"case":"case","d5_ref":null,"initial":{"kind":"report","outcome":"NUMERICAL_INTEGRITY_CHECKS_PASSED","ref":"diagnostic:numerical-integrity:case"},"legacy":"not_required","load_row_finding":false,"recovery_demoted":false,"w2":{"kind":"not_triggered"}}]
I99_W1_START case=case
I99_NATIVE_OUTCOME Selected
I51_DUAL_LANES (LaneReadouts { anchor: ProofAnchor { owner: ProductOwnerStamp { run: 0, .. } }, law: AdmittedK, rows: [Enclosure { lo: Z+, hi: Z+ }, Enclosure { lo: Z+, hi: Z+ }, Enclosure { lo: Z+, hi: Z+ }, Enclosure { lo: -fe96583c532bfbbe31711a8845cd1d51caf2089b36f79718481948b0fcd6e9e06522c3f35ba781948b0fcd6e9e06522c3f35ba781948b0fcd6e9e06522c3f35ba781948b0fcd6e9e06522c3f35ba781948b0fcd6e9e06522da0b44632f92aa800000000000000000000000000000000000000000000000000000000000000000p-314, hi: +fb4979a462b546e58b411a8845cd1d51caf2089b36f79718481948b0fcd6e9e06522c3f35ba781948b0fcd6e9e06522c3f35ba781948b0fcd6e9e06522c3f35ba781948b0fcd6e9e06522c3f35ba781948b0fcd6e9e06522da0b44632f92aa800000000000000000000000000000000000000000000000000000000000000000p-314 }, Enclosure { lo: -fcefdb5f78b5ae36b8dde60845cd1d51caf2089b36f79718481948b0fcd6e9e06522c3f35ba781948b0fcd6e9e06522c3f35ba781948b0fcd6e9e06522c3f35ba781948b0fcd6e9e06522c3f35ba781948b0fcd6e9e06522da0b44632f92aa8000000000000000000000000000000000...[cut by sanitize.py: 54835 bytes, sha256 a79de5dd2553c227c4488f36cc566a382fc821490f23f712871df9599e624f06]
I51_FROZEN_REFUSAL {"g5a":"None","maxima":[{"member":0,"numbers":[0.0,0,0.0,502.59455713230096,502.5945571323011,502.5945571323011,1.1368683772161605e-13,0],"row":98}],"mode":"dense_scrutiny","numeric_pass":false,"observables":"None","rows":[{"bits":"4000000000000000","id":"result:solver-mode:linear-solve-basis","kind":"linear_solver_mode_basis","unit":"mode_code","value":2.0},{"bits":"3e1358a01b8f0e33","id":"result:sparse-live:dense-parity-relative-delta","kind":"sparse_live_path_dense_parity_relative_delta","unit":"unitless","value":1.126096644955868e-9},{"bits":"0000000000000000","id":"result:disp:N0","kind":"displacement_magnitude","unit":"mm","value":0.0},{"bits":"3edf9eda193d2b11","id":"result:disp:N1","kind":"displacement_magnitude","unit":"mm","value":7.538918356984516e-6},{"bits":"0000000000000000","id":"result:disp:N0:ux","kind":"global_nodal_displacement_x","unit":"mm","value":0.0},{"bits":"0000000000000000","id":"result:disp:N0:uy","kind":"global_nodal_displacement_y","unit...[cut by sanitize.py: 39375 bytes, sha256 bd2d3f94885abb12837b55ad9610b21b6ee18d09a51e54662ab06a18dd5f71da]
I99_CANDIDATE_REFUSAL len=31135 error=Proof(ProductProofFailure { failure: ProductFailure { cause: Predicate { row: 3, predicate: SharperExact } }, work: ProductCertificateSpent { rows: [], verdicts: [ProductRowVerdict { row: 0, normalized_bits: 4611686018427387904, scale_bits: 0, class: None, passed: true, failed: None, predicates: [None, None, None, None] }, ProductRowVerdict { row: 1, normalized_bits: 4473016299589406259, scale_bits: 0, class: None, passed: true, failed: None, predicates: [None, None, None, None] }, ProductRowVerdict { row: 2, normalized_bits: 0, scale_bits: 4485638625760506160, class: Some(AbsoluteVerified { bound_bits: 4197408249608794416 }), passed: true, failed: None, predicates: [Some(true), None, None, None] }, ProductRowVerdict { row: 3, normalized_bits: 4485638625760506160, scale_bits: 4485638625760506160, class: Some(RelativeVerified), passed: false, failed: Some(SharperExact), predicates: [Some(false), Some(false), Some(true), Some(true)] }, ProductRowVerdict { row: 4, normalized_bits: 0, scale_bits: 4485638625760506160, class: Some(InputDerived), passed: true, failed: None, predicates: [Some(true), None, None, None] }, ProductRowVerdict { row: 5, normalized_bits: 0, scale_bits: 4485638625760506160, class: Some(InputDerived), passed: true, failed: None, predicates: [Some(true), None, None, None] }, ProductRowVerdict { row: 6, normalized_bits: 0, scale_bits: 4485638625760506160, class: Some(InputDerived), passed: true, failed: None, predicates: [Some(true), None, None, None] }, Produc
I99_ADMISSION m1_twin_axial dense_scrutiny profile=Registered allowance=Unselected refusal=None domain=None required=Some(3595488734) census_complete=true
I99_W1 m1_twin_axial dense_scrutiny cause=Err(Candidate) phase=W2 counts=Counts { runs: 1, complete_gates: 1 } one_run_through_g_c=true armed_before=[] armed_after=[] envelope_is_plain=false published_successor=false notices=1 bytes_eq_with_notice_plain_case_none=true bytes_eq_plain=false published_sha=dde336c7937f8b1302bce0928c0686cc0cfc2dcd508d19b2bd40c908066753be published_len=69268
I99_DRIVER_ORDINARY m1_twin_axial dense_scrutiny sha=7caeb74ecd132e7b3008afbf1271ccfde0f2d25fd948db81ba179ee7ce92d539 len=68949 exact_selected=false
I99_SEEDS site=witness_driver mechanics="MECHANICS_SOLVED" exact_selected=false quality=[{"ref":"case","solve_quality":"checks_passed"}] seeds=[{"case":"case","d5_ref":null,"initial":{"kind":"report","outcome":"NUMERICAL_INTEGRITY_CHECKS_PASSED","ref":"diagnostic:numerical-integrity:case"},"legacy":"not_required","load_row_finding":false,"recovery_demoted":false,"w2":{"kind":"not_triggered"}}]
I99_W1_START case=case
I99_NATIVE_OUTCOME Selected
I51_DUAL_LANES (LaneReadouts { anchor: ProofAnchor { owner: ProductOwnerStamp { run: 0, .. } }, law: AdmittedK, rows: [Enclosure { lo: Z+, hi: Z+ }, Enclosure { lo: Z+, hi: Z+ }, Enclosure { lo: Z+, hi: Z+ }, Enclosure { lo: -fe96583c532bfbbe31711a8845cd1d51caf2089b36f79718481948b0fcd6e9e06522c3f35ba781948b0fcd6e9e06522c3f35ba781948b0fcd6e9e06522c3f35ba781948b0fcd6e9e06522c3f35ba781948b0fcd6e9e06522da0b44632f92aa800000000000000000000000000000000000000000000000000000000000000000p-314, hi: +fb4979a462b546e58b411a8845cd1d51caf2089b36f79718481948b0fcd6e9e06522c3f35ba781948b0fcd6e9e06522c3f35ba781948b0fcd6e9e06522c3f35ba781948b0fcd6e9e06522c3f35ba781948b0fcd6e9e06522da0b44632f92aa800000000000000000000000000000000000000000000000000000000000000000p-314 }, Enclosure { lo: -fcefdb5f78b5ae36b8dde60845cd1d51caf2089b36f79718481948b0fcd6e9e06522c3f35ba781948b0fcd6e9e06522c3f35ba781948b0fcd6e9e06522c3f35ba781948b0fcd6e9e06522c3f35ba781948b0fcd6e9e06522da0b44632f92aa8000000000000000000000000000000000...[cut by sanitize.py: 54835 bytes, sha256 a79de5dd2553c227c4488f36cc566a382fc821490f23f712871df9599e624f06]
I51_FROZEN_REFUSAL {"g5a":"None","maxima":[{"member":0,"numbers":[0.0,0,0.0,502.59455713230096,502.5945571323011,502.5945571323011,1.1368683772161605e-13,0],"row":98}],"mode":"dense_scrutiny","numeric_pass":false,"observables":"None","rows":[{"bits":"4000000000000000","id":"result:solver-mode:linear-solve-basis","kind":"linear_solver_mode_basis","unit":"mode_code","value":2.0},{"bits":"3e1358a01b8f0e33","id":"result:sparse-live:dense-parity-relative-delta","kind":"sparse_live_path_dense_parity_relative_delta","unit":"unitless","value":1.126096644955868e-9},{"bits":"0000000000000000","id":"result:disp:N0","kind":"displacement_magnitude","unit":"mm","value":0.0},{"bits":"3edf9eda193d2b11","id":"result:disp:N1","kind":"displacement_magnitude","unit":"mm","value":7.538918356984516e-6},{"bits":"0000000000000000","id":"result:disp:N0:ux","kind":"global_nodal_displacement_x","unit":"mm","value":0.0},{"bits":"0000000000000000","id":"result:disp:N0:uy","kind":"global_nodal_displacement_y","unit...[cut by sanitize.py: 39375 bytes, sha256 bd2d3f94885abb12837b55ad9610b21b6ee18d09a51e54662ab06a18dd5f71da]
I99_CANDIDATE_REFUSAL len=31135 error=Proof(ProductProofFailure { failure: ProductFailure { cause: Predicate { row: 3, predicate: SharperExact } }, work: ProductCertificateSpent { rows: [], verdicts: [ProductRowVerdict { row: 0, normalized_bits: 4611686018427387904, scale_bits: 0, class: None, passed: true, failed: None, predicates: [None, None, None, None] }, ProductRowVerdict { row: 1, normalized_bits: 4473016299589406259, scale_bits: 0, class: None, passed: true, failed: None, predicates: [None, None, None, None] }, ProductRowVerdict { row: 2, normalized_bits: 0, scale_bits: 4485638625760506160, class: Some(AbsoluteVerified { bound_bits: 4197408249608794416 }), passed: true, failed: None, predicates: [Some(true), None, None, None] }, ProductRowVerdict { row: 3, normalized_bits: 4485638625760506160, scale_bits: 4485638625760506160, class: Some(RelativeVerified), passed: false, failed: Some(SharperExact), predicates: [Some(false), Some(false), Some(true), Some(true)] }, ProductRowVerdict { row: 4, normalized_bits: 0, scale_bits: 4485638625760506160, class: Some(InputDerived), passed: true, failed: None, predicates: [Some(true), None, None, None] }, ProductRowVerdict { row: 5, normalized_bits: 0, scale_bits: 4485638625760506160, class: Some(InputDerived), passed: true, failed: None, predicates: [Some(true), None, None, None] }, ProductRowVerdict { row: 6, normalized_bits: 0, scale_bits: 4485638625760506160, class: Some(InputDerived), passed: true, failed: None, predicates: [Some(true), None, None, None] }, Produc
I99_WITNESS m1_twin_axial dense_scrutiny stack=4194304 ran=Fallback(Candidate) furthest_phase=W2
I99_BUDGET m1_twin_axial dense_scrutiny same_bytes_4M_8M=true [per_case_limit=4000000 sha=7caeb74ecd132e7b3008afbf1271ccfde0f2d25fd948db81ba179ee7ce92d539 len=68949 eq_value_route=true contract="openpipestress.result_semantics/0.3.0/preview-physics-1" exact_block=null] [per_case_limit=8000000 sha=7caeb74ecd132e7b3008afbf1271ccfde0f2d25fd948db81ba179ee7ce92d539 len=68949 eq_value_route=true contract="openpipestress.result_semantics/0.3.0/preview-physics-1" exact_block=null]
I99_CENSUS m1_twin_anchor input_sha=947b62063cf46650bac81f2c325f3da7e62a1ddd662a477fbd2dcca09285304e profile=Registered census_complete=true domain=None refusal=None required=Some(3575778286)
I99_BEGIN m1_twin_anchor sparse_interactive registered=true input_sha=947b62063cf46650bac81f2c325f3da7e62a1ddd662a477fbd2dcca09285304e
I99_ORDINARY m1_twin_anchor sparse_interactive results=98 plain_sha=f40ba4a46de140c0d3a38dc431f2c94dd18ff05c9bd09a49e1ea7355ce954949 plain_len=63521 facts={"contract":"openpipestress.result_semantics/0.3.0/preview-physics-1","contract_evidence":{"connector":null,"exact_cases":null,"keys":["combination_gates","preview_cases"],"pressure":null},"d5":[{"d5":null,"refs":["case"]}],"diagnostics":{"LOAD_CATEGORY_PREVIEW_MAPPED:warning":1,"NUMERICAL_INTEGRITY_CHECKS_PASSED:info":1,"RULE_CHECK_INPUTS_MISSING:warning":1},"exact_block":null,"profile":"product_preview_mechanics_v1","rcond":[{"rcond":"2.606477882912165e-8","refs":["case"]}],"rows_by_kind":{"case":{"displacement_magnitude":2,"element_local_axial_force":5,"element_local_axial_normal_stress":5,"element_local_bending_moment_y":5,"element_local_bending_moment_z":5,"element_local_bending_normal_stress_y":5,"element_local_bending_normal_stress_z":5,"element_local_shear_force_y":5,"element_local_shear_force_z":5,"element_local_torsional_moment":5,"element_local_torsional_shear_stress":5,"global_nodal_displacement_x":2,"global_nodal_displacement_y":2,"global_nodal_displacement_z":2,"global_nodal_rotation_x":2,"global_nodal_rotation_y":2,"global_nodal_rotation_z":2,"linear_solver_mode_basis":1,"pipe_elastic_normal_stress_maximum_v2":1,"support_reaction_component_v2":24,"support_reaction_force_magnitude_v2":4,"support_reaction_moment_magnitude_v2":4}},"rows_per_case":{"case":98},"source_block_diagnostics":[],"status":{"mechanics":"MECHANICS_SOLVED","professional_acceptance":"NOT_PROVIDED","rule_check":"RULE_INPUTS_INCOMPLETE"},"verdicts":[{"ref":"case","solve_quality":"checks_passed","structural_status":"passive_model_basis"}]}
I99_SEEDS site=permitted_run mechanics="MECHANICS_SOLVED" exact_selected=false quality=[{"ref":"case","solve_quality":"checks_passed"}] seeds=[{"case":"case","d5_ref":null,"initial":{"kind":"report","outcome":"NUMERICAL_INTEGRITY_CHECKS_PASSED","ref":"diagnostic:numerical-integrity:case"},"legacy":"not_required","load_row_finding":false,"recovery_demoted":false,"w2":{"kind":"not_triggered"}}]
I99_W1_START case=case
I99_NATIVE_OUTCOME Selected
I99_CANDIDATE_REFUSAL len=3205 error=Proof(ProductProofFailure { failure: ProductFailure { cause: Native(MissingUniquenessWarrant(0)) }, work: ProductCertificateSpent { rows: [], verdicts: [], failure: None, coverage: [], native: None, native_k: Some(ResidualWork { readout_law: AdmittedK, numeric: NumericWork { wide: AttemptWork { widths: [WidthWork { add: 0, sub: 0, mul: 0, div: 0, sqrt: 0, round: 0, two_sum: 0, two_product: 0 }, WidthWork { add: 0, sub: 0, mul: 0, div: 0, sqrt: 0, round: 0, two_sum: 0, two_product: 0 }, WidthWork { add: 0, sub: 0, mul: 0, div: 125, sqrt: 6, round: 1701, two_sum: 0, two_product: 351 }] }, sums: SumWork { term_limbs: 17174, shift_limbs: 17626, net_limbs: 24775, rounded_limbs: 7995, max_span_bits: 2052 }, entries: [332, 66, 1171, 125, 0, 0, 6], f64_arithmetic: 0, status: Exact }, point: AttemptWork { widths: [WidthWork { add: 0, sub: 0, mul: 0, div: 0, sqrt: 0, round: 0, two_sum: 0, two_product: 0 }, WidthWork { add: 0, sub: 0, mul: 0, div: 0, sqrt: 0, round: 0, two_sum: 0, two_product: 0 }, WidthWork { add: 0, sub: 0, mul: 0, div: 0, sqrt: 0, round: 0, two_sum: 0, two_product: 0 }] }, view: SourceBridgeViewWork { visits: 1372, f64_operations: 10, prescribed_capacity: 12, data_capacity: 1 }, correction: SourceCorrectionWork { cast: AttemptWork { widths: [WidthWork { add: 0, sub: 0, mul: 0, div: 0, sqrt: 0, round: 0, two_sum: 0, two_product: 0 }, WidthWork { add: 0, sub: 0, mul: 0, div: 0, sqrt: 0, round: 0, two_sum: 0, two_product: 0 }, WidthWork { add: 0, sub: 0, mul: 0, div: 0,
I99_ADMISSION m1_twin_anchor sparse_interactive profile=Registered allowance=Unselected refusal=None domain=None required=Some(3575778286) census_complete=true
I99_W1 m1_twin_anchor sparse_interactive cause=Err(Candidate) phase=W2 counts=Counts { runs: 1, complete_gates: 1 } one_run_through_g_c=true armed_before=[] armed_after=[] envelope_is_plain=false published_successor=false notices=1 bytes_eq_with_notice_plain_case_none=true bytes_eq_plain=false published_sha=61f5babbf8806a45336d38f253c2daa3e950390260bfbabec5d781a5c6225a9b published_len=63840
I99_DRIVER_ORDINARY m1_twin_anchor sparse_interactive sha=f40ba4a46de140c0d3a38dc431f2c94dd18ff05c9bd09a49e1ea7355ce954949 len=63521 exact_selected=false
I99_SEEDS site=witness_driver mechanics="MECHANICS_SOLVED" exact_selected=false quality=[{"ref":"case","solve_quality":"checks_passed"}] seeds=[{"case":"case","d5_ref":null,"initial":{"kind":"report","outcome":"NUMERICAL_INTEGRITY_CHECKS_PASSED","ref":"diagnostic:numerical-integrity:case"},"legacy":"not_required","load_row_finding":false,"recovery_demoted":false,"w2":{"kind":"not_triggered"}}]
I99_W1_START case=case
I99_NATIVE_OUTCOME Selected
I99_CANDIDATE_REFUSAL len=3205 error=Proof(ProductProofFailure { failure: ProductFailure { cause: Native(MissingUniquenessWarrant(0)) }, work: ProductCertificateSpent { rows: [], verdicts: [], failure: None, coverage: [], native: None, native_k: Some(ResidualWork { readout_law: AdmittedK, numeric: NumericWork { wide: AttemptWork { widths: [WidthWork { add: 0, sub: 0, mul: 0, div: 0, sqrt: 0, round: 0, two_sum: 0, two_product: 0 }, WidthWork { add: 0, sub: 0, mul: 0, div: 0, sqrt: 0, round: 0, two_sum: 0, two_product: 0 }, WidthWork { add: 0, sub: 0, mul: 0, div: 125, sqrt: 6, round: 1701, two_sum: 0, two_product: 351 }] }, sums: SumWork { term_limbs: 17174, shift_limbs: 17626, net_limbs: 24775, rounded_limbs: 7995, max_span_bits: 2052 }, entries: [332, 66, 1171, 125, 0, 0, 6], f64_arithmetic: 0, status: Exact }, point: AttemptWork { widths: [WidthWork { add: 0, sub: 0, mul: 0, div: 0, sqrt: 0, round: 0, two_sum: 0, two_product: 0 }, WidthWork { add: 0, sub: 0, mul: 0, div: 0, sqrt: 0, round: 0, two_sum: 0, two_product: 0 }, WidthWork { add: 0, sub: 0, mul: 0, div: 0, sqrt: 0, round: 0, two_sum: 0, two_product: 0 }] }, view: SourceBridgeViewWork { visits: 1372, f64_operations: 10, prescribed_capacity: 12, data_capacity: 1 }, correction: SourceCorrectionWork { cast: AttemptWork { widths: [WidthWork { add: 0, sub: 0, mul: 0, div: 0, sqrt: 0, round: 0, two_sum: 0, two_product: 0 }, WidthWork { add: 0, sub: 0, mul: 0, div: 0, sqrt: 0, round: 0, two_sum: 0, two_product: 0 }, WidthWork { add: 0, sub: 0, mul: 0, div: 0,
I99_WITNESS m1_twin_anchor sparse_interactive stack=4194304 ran=Fallback(Candidate) furthest_phase=W2
I99_BUDGET m1_twin_anchor sparse_interactive same_bytes_4M_8M=true [per_case_limit=4000000 sha=f40ba4a46de140c0d3a38dc431f2c94dd18ff05c9bd09a49e1ea7355ce954949 len=63521 eq_value_route=true contract="openpipestress.result_semantics/0.3.0/preview-physics-1" exact_block=null] [per_case_limit=8000000 sha=f40ba4a46de140c0d3a38dc431f2c94dd18ff05c9bd09a49e1ea7355ce954949 len=63521 eq_value_route=true contract="openpipestress.result_semantics/0.3.0/preview-physics-1" exact_block=null]
I99_BEGIN m1_twin_anchor dense_scrutiny registered=true input_sha=947b62063cf46650bac81f2c325f3da7e62a1ddd662a477fbd2dcca09285304e
I99_ORDINARY m1_twin_anchor dense_scrutiny results=99 plain_sha=464993cc9935f4f49db900975e090e8c3fc3383ee474590b5106b21e2cee6a03 plain_len=64550 facts={"contract":"openpipestress.result_semantics/0.3.0/preview-physics-1","contract_evidence":{"connector":null,"exact_cases":null,"keys":["combination_gates","preview_cases"],"pressure":null},"d5":[{"d5":null,"refs":["case"]}],"diagnostics":{"LOAD_CATEGORY_PREVIEW_MAPPED:warning":1,"NUMERICAL_INTEGRITY_CHECKS_PASSED:info":1,"RULE_CHECK_INPUTS_MISSING:warning":1},"exact_block":null,"profile":"product_preview_mechanics_v1","rcond":[{"rcond":"2.606477892402732e-8","refs":["case"]}],"rows_by_kind":{"case":{"displacement_magnitude":2,"element_local_axial_force":5,"element_local_axial_normal_stress":5,"element_local_bending_moment_y":5,"element_local_bending_moment_z":5,"element_local_bending_normal_stress_y":5,"element_local_bending_normal_stress_z":5,"element_local_shear_force_y":5,"element_local_shear_force_z":5,"element_local_torsional_moment":5,"element_local_torsional_shear_stress":5,"global_nodal_displacement_x":2,"global_nodal_displacement_y":2,"global_nodal_displacement_z":2,"global_nodal_rotation_x":2,"global_nodal_rotation_y":2,"global_nodal_rotation_z":2,"linear_solver_mode_basis":1,"pipe_elastic_normal_stress_maximum_v2":1,"sparse_live_path_dense_parity_relative_delta":1,"support_reaction_component_v2":24,"support_reaction_force_magnitude_v2":4,"support_reaction_moment_magnitude_v2":4}},"rows_per_case":{"case":99},"source_block_diagnostics":[],"status":{"mechanics":"MECHANICS_SOLVED","professional_acceptance":"NOT_PROVIDED","rule_check":"RULE_INPUTS_INCOMPLETE"},"verdicts":[{"ref":"case","solve_quality":"checks_passed","structural_status":"passive_model_basis"}]}
I99_SEEDS site=permitted_run mechanics="MECHANICS_SOLVED" exact_selected=false quality=[{"ref":"case","solve_quality":"checks_passed"}] seeds=[{"case":"case","d5_ref":null,"initial":{"kind":"report","outcome":"NUMERICAL_INTEGRITY_CHECKS_PASSED","ref":"diagnostic:numerical-integrity:case"},"legacy":"not_required","load_row_finding":false,"recovery_demoted":false,"w2":{"kind":"not_triggered"}}]
I99_W1_START case=case
I99_NATIVE_OUTCOME Selected
I99_CANDIDATE_REFUSAL len=3205 error=Proof(ProductProofFailure { failure: ProductFailure { cause: Native(MissingUniquenessWarrant(0)) }, work: ProductCertificateSpent { rows: [], verdicts: [], failure: None, coverage: [], native: None, native_k: Some(ResidualWork { readout_law: AdmittedK, numeric: NumericWork { wide: AttemptWork { widths: [WidthWork { add: 0, sub: 0, mul: 0, div: 0, sqrt: 0, round: 0, two_sum: 0, two_product: 0 }, WidthWork { add: 0, sub: 0, mul: 0, div: 0, sqrt: 0, round: 0, two_sum: 0, two_product: 0 }, WidthWork { add: 0, sub: 0, mul: 0, div: 125, sqrt: 6, round: 1701, two_sum: 0, two_product: 351 }] }, sums: SumWork { term_limbs: 17174, shift_limbs: 17626, net_limbs: 24775, rounded_limbs: 7995, max_span_bits: 2052 }, entries: [332, 66, 1171, 125, 0, 0, 6], f64_arithmetic: 0, status: Exact }, point: AttemptWork { widths: [WidthWork { add: 0, sub: 0, mul: 0, div: 0, sqrt: 0, round: 0, two_sum: 0, two_product: 0 }, WidthWork { add: 0, sub: 0, mul: 0, div: 0, sqrt: 0, round: 0, two_sum: 0, two_product: 0 }, WidthWork { add: 0, sub: 0, mul: 0, div: 0, sqrt: 0, round: 0, two_sum: 0, two_product: 0 }] }, view: SourceBridgeViewWork { visits: 1372, f64_operations: 10, prescribed_capacity: 12, data_capacity: 1 }, correction: SourceCorrectionWork { cast: AttemptWork { widths: [WidthWork { add: 0, sub: 0, mul: 0, div: 0, sqrt: 0, round: 0, two_sum: 0, two_product: 0 }, WidthWork { add: 0, sub: 0, mul: 0, div: 0, sqrt: 0, round: 0, two_sum: 0, two_product: 0 }, WidthWork { add: 0, sub: 0, mul: 0, div: 0,
I99_ADMISSION m1_twin_anchor dense_scrutiny profile=Registered allowance=Unselected refusal=None domain=None required=Some(3595488734) census_complete=true
I99_W1 m1_twin_anchor dense_scrutiny cause=Err(Candidate) phase=W2 counts=Counts { runs: 1, complete_gates: 1 } one_run_through_g_c=true armed_before=[] armed_after=[] envelope_is_plain=false published_successor=false notices=1 bytes_eq_with_notice_plain_case_none=true bytes_eq_plain=false published_sha=3c779aa76cfb784e3c7cd6f60bdf75b9a9bb3c2cae5d8965dd7563960e261b6e published_len=64869
I99_DRIVER_ORDINARY m1_twin_anchor dense_scrutiny sha=464993cc9935f4f49db900975e090e8c3fc3383ee474590b5106b21e2cee6a03 len=64550 exact_selected=false
I99_SEEDS site=witness_driver mechanics="MECHANICS_SOLVED" exact_selected=false quality=[{"ref":"case","solve_quality":"checks_passed"}] seeds=[{"case":"case","d5_ref":null,"initial":{"kind":"report","outcome":"NUMERICAL_INTEGRITY_CHECKS_PASSED","ref":"diagnostic:numerical-integrity:case"},"legacy":"not_required","load_row_finding":false,"recovery_demoted":false,"w2":{"kind":"not_triggered"}}]
I99_W1_START case=case
I99_NATIVE_OUTCOME Selected
I99_CANDIDATE_REFUSAL len=3205 error=Proof(ProductProofFailure { failure: ProductFailure { cause: Native(MissingUniquenessWarrant(0)) }, work: ProductCertificateSpent { rows: [], verdicts: [], failure: None, coverage: [], native: None, native_k: Some(ResidualWork { readout_law: AdmittedK, numeric: NumericWork { wide: AttemptWork { widths: [WidthWork { add: 0, sub: 0, mul: 0, div: 0, sqrt: 0, round: 0, two_sum: 0, two_product: 0 }, WidthWork { add: 0, sub: 0, mul: 0, div: 0, sqrt: 0, round: 0, two_sum: 0, two_product: 0 }, WidthWork { add: 0, sub: 0, mul: 0, div: 125, sqrt: 6, round: 1701, two_sum: 0, two_product: 351 }] }, sums: SumWork { term_limbs: 17174, shift_limbs: 17626, net_limbs: 24775, rounded_limbs: 7995, max_span_bits: 2052 }, entries: [332, 66, 1171, 125, 0, 0, 6], f64_arithmetic: 0, status: Exact }, point: AttemptWork { widths: [WidthWork { add: 0, sub: 0, mul: 0, div: 0, sqrt: 0, round: 0, two_sum: 0, two_product: 0 }, WidthWork { add: 0, sub: 0, mul: 0, div: 0, sqrt: 0, round: 0, two_sum: 0, two_product: 0 }, WidthWork { add: 0, sub: 0, mul: 0, div: 0, sqrt: 0, round: 0, two_sum: 0, two_product: 0 }] }, view: SourceBridgeViewWork { visits: 1372, f64_operations: 10, prescribed_capacity: 12, data_capacity: 1 }, correction: SourceCorrectionWork { cast: AttemptWork { widths: [WidthWork { add: 0, sub: 0, mul: 0, div: 0, sqrt: 0, round: 0, two_sum: 0, two_product: 0 }, WidthWork { add: 0, sub: 0, mul: 0, div: 0, sqrt: 0, round: 0, two_sum: 0, two_product: 0 }, WidthWork { add: 0, sub: 0, mul: 0, div: 0,
I99_WITNESS m1_twin_anchor dense_scrutiny stack=4194304 ran=Fallback(Candidate) furthest_phase=W2
I99_BUDGET m1_twin_anchor dense_scrutiny same_bytes_4M_8M=true [per_case_limit=4000000 sha=464993cc9935f4f49db900975e090e8c3fc3383ee474590b5106b21e2cee6a03 len=64550 eq_value_route=true contract="openpipestress.result_semantics/0.3.0/preview-physics-1" exact_block=null] [per_case_limit=8000000 sha=464993cc9935f4f49db900975e090e8c3fc3383ee474590b5106b21e2cee6a03 len=64550 eq_value_route=true contract="openpipestress.result_semantics/0.3.0/preview-physics-1" exact_block=null]
I99_CENSUS m1_twin_lateral input_sha=e12fe3779a10a0f061eba892280d3286811d09de1ce62cc545435c1b8bf82c42 profile=Registered census_complete=true domain=None refusal=None required=Some(3575778286)
I99_BEGIN m1_twin_lateral sparse_interactive registered=true input_sha=e12fe3779a10a0f061eba892280d3286811d09de1ce62cc545435c1b8bf82c42
I99_ORDINARY m1_twin_lateral sparse_interactive results=98 plain_sha=e5a74b071f94d4f9bfd17f17a865f518b2d9e196eae9ee64271e8384b9a6e6ad plain_len=67904 facts={"contract":"openpipestress.result_semantics/0.3.0/preview-physics-1","contract_evidence":{"connector":null,"exact_cases":null,"keys":["combination_gates","preview_cases"],"pressure":null},"d5":[{"d5":"formation_check: reason=estimate; row=N1:RX; doubled_correction=2.1020513230564188e-15; scale=1.5797846418704875e-6; trigger_ratio=1.3305935931669521","refs":["case"]}],"diagnostics":{"LOAD_CATEGORY_PREVIEW_MAPPED:warning":2,"NUMERICAL_INTEGRITY_SENSITIVE:warning":1,"RULE_CHECK_INPUTS_MISSING:warning":1,"SOURCE_BLOCK_RECOVERY_UNAVAILABLE:info":1},"exact_block":null,"profile":"product_preview_mechanics_v1","rcond":[{"rcond":"2.606477882912165e-8","refs":["case"]}],"rows_by_kind":{"case":{"displacement_magnitude":2,"element_local_axial_force":5,"element_local_axial_normal_stress":5,"element_local_bending_moment_y":5,"element_local_bending_moment_z":5,"element_local_bending_normal_stress_y":5,"element_local_bending_normal_stress_z":5,"element_local_shear_force_y":5,"element_local_shear_force_z":5,"element_local_torsional_moment":5,"element_local_torsional_shear_stress":5,"global_nodal_displacement_x":2,"global_nodal_displacement_y":2,"global_nodal_displacement_z":2,"global_nodal_rotation_x":2,"global_nodal_rotation_y":2,"global_nodal_rotation_z":2,"linear_solver_mode_basis":1,"pipe_elastic_normal_stress_maximum_v2":1,"support_reaction_component_v2":24,"support_reaction_force_magnitude_v2":4,"support_reaction_moment_magnitude_v2":4}},"rows_per_case":{"case":98},"source_block_diagnostics":[{"code":"SOURCE_BLOCK_RECOVERY_UNAVAILABLE","message":"The bounded retained-source method did not produce a selected response: RecoveryFailure { stage: \"source closure\", helper_stage: SourceClosure, error: Unsupported(\"actual transform is not a signed permutation\"), work: WorkReport { charged: 46196, rejected: 0, limit: 4000000 } }","refs":["case"]}],"status":{"mechanics":"MECHANICS_SOLVED","professional_acceptance":"NOT_PROVIDED","rule_check":"RULE_INPUTS_INCOMPLETE"},"verdicts":[{"ref":"case","solve_quality":"sensitive","structural_status":"passive_model_basis"}]}
I99_SEEDS site=permitted_run mechanics="MECHANICS_SOLVED" exact_selected=false quality=[{"ref":"case","solve_quality":"sensitive"}] seeds=[{"case":"case","d5_ref":"diagnostic:numerical-integrity:case","initial":{"kind":"report","outcome":"NUMERICAL_INTEGRITY_SENSITIVE","ref":"diagnostic:numerical-integrity:case"},"legacy":"unavailable(stage=source closure, charged=46196, limit=4000000)","load_row_finding":false,"recovery_demoted":false,"w2":{"kind":"not_triggered"}}]
I99_W1_START case=case
I99_NATIVE_OUTCOME Selected
I51_DUAL_LANES (LaneReadouts { anchor: ProofAnchor { owner: ProductOwnerStamp { run: 0, .. } }, law: AdmittedK, rows: [Enclosure { lo: Z+, hi: Z+ }, Enclosure { lo: Z+, hi: Z+ }, Enclosure { lo: Z+, hi: Z+ }, Enclosure { lo: -d52b33206c4464a90368b2fb0118d70d60f23911d1b752a84bda12f684bda12f684bda12f684bda12f684bda12f684bda12f684bda12f684bda12f684bda12f684bda12f684bda12f684bda12f684bda12f684bda12f684bda58c72623c6172d1400000000000000000000000000000000000000000000000000000000000000p-301, hi: +c8da1ad20fae762ad6b6b2fb0118d70d60f23911d1b752a84bda12f684bda12f684bda12f684bda12f684bda12f684bda12f684bda12f684bda12f684bda12f684bda12f684bda12f684bda12f684bda12f684bda12f684bda58c72623c6172d1400000000000000000000000000000000000000000000000000000000000000p-301 }, Enclosure { lo: -8637bd05af6c69b5a63f9a49c2c1b10fd7e45803cd141a6937d1fe64f54d1e96c3fc441a5e7c049efcb6b4f687d97d808c6b86b0791c88e8dba95425ed097b425ed097b425ed097b425ed097b425ed097b425ed097b425ed097b425ed097b425ed097b425ed097b425ed097b425ed097...[cut by sanitize.py: 55775 bytes, sha256 577c49a88b5c4b38454d00b95369ff17c1fa7dc3bf6e584e9643386058b475c8]
I51_FROZEN_REFUSAL {"g5a":"None","maxima":[{"member":0,"numbers":[0.0,0,0.0,5459.294615236694,5459.294615236699,5459.294615236699,5.45696821063757e-12,0],"row":97}],"mode":"sparse_interactive","numeric_pass":false,"observables":"None","rows":[{"bits":"3ff0000000000000","id":"result:solver-mode:linear-solve-basis","kind":"linear_solver_mode_basis","unit":"mode_code","value":1.0},{"bits":"0000000000000000","id":"result:disp:N0","kind":"displacement_magnitude","unit":"mm","value":0.0},{"bits":"3f7498457172afc3","id":"result:disp:N1","kind":"displacement_magnitude","unit":"mm","value":0.005028029692009941},{"bits":"0000000000000000","id":"result:disp:N0:ux","kind":"global_nodal_displacement_x","unit":"mm","value":0.0},{"bits":"0000000000000000","id":"result:disp:N0:uy","kind":"global_nodal_displacement_y","unit":"mm","value":0.0},{"bits":"0000000000000000","id":"result:disp:N0:uz","kind":"global_nodal_displacement_z","unit":"mm","value":0.0},{"bits":"2c988642d9a1a06f","id":"result:disp:N0:...[cut by sanitize.py: 38366 bytes, sha256 5dc23f97df51d1e3c535d22064d4a5cde99f4e2e2a760c60faae4ef73450df03]
I99_CANDIDATE_REFUSAL len=30648 error=Proof(ProductProofFailure { failure: ProductFailure { cause: Predicate { row: 10, predicate: SharperExact } }, work: ProductCertificateSpent { rows: [], verdicts: [ProductRowVerdict { row: 0, normalized_bits: 4607182418800017408, scale_bits: 0, class: None, passed: true, failed: None, predicates: [None, None, None, None] }, ProductRowVerdict { row: 1, normalized_bits: 0, scale_bits: 4527550075603083267, class: Some(AbsoluteVerified { bound_bits: 4239319699451371523 }), passed: true, failed: None, predicates: [Some(true), None, None, None] }, ProductRowVerdict { row: 2, normalized_bits: 4527550075603083267, scale_bits: 4527550075603083267, class: Some(RelativeVerified), passed: true, failed: None, predicates: [Some(true), Some(true), Some(true), Some(true)] }, ProductRowVerdict { row: 3, normalized_bits: 0, scale_bits: 4527550075603083267, class: Some(InputDerived), passed: true, failed: None, predicates: [Some(true), None, None, None] }, ProductRowVerdict { row: 4, normalized_bits: 0, scale_bits: 4527550075603083267, class: Some(InputDerived), passed: true, failed: None, predicates: [Some(true), None, None, None] }, ProductRowVerdict { row: 5, normalized_bits: 0, scale_bits: 4527550075603083267, class: Some(InputDerived), passed: true, failed: None, predicates: [Some(true), None, None, None] }, ProductRowVerdict { row: 6, normalized_bits: 3213465955806060655, scale_bits: 4520521559589377369, class: Some(AbsoluteVerified { bound_bits: 4232291183437665625 }), passed: true, fail
I99_ADMISSION m1_twin_lateral sparse_interactive profile=Registered allowance=Unselected refusal=None domain=None required=Some(3575778286) census_complete=true
I99_W1 m1_twin_lateral sparse_interactive cause=Err(Candidate) phase=W2 counts=Counts { runs: 1, complete_gates: 1 } one_run_through_g_c=true armed_before=[] armed_after=[] envelope_is_plain=false published_successor=false notices=1 bytes_eq_with_notice_plain_case_none=true bytes_eq_plain=false published_sha=04fdb6a001e91ef43f636feea1f30afffa556bded07258148f75eae9edee62ae published_len=68223
I99_DRIVER_ORDINARY m1_twin_lateral sparse_interactive sha=e5a74b071f94d4f9bfd17f17a865f518b2d9e196eae9ee64271e8384b9a6e6ad len=67904 exact_selected=false
I99_SEEDS site=witness_driver mechanics="MECHANICS_SOLVED" exact_selected=false quality=[{"ref":"case","solve_quality":"sensitive"}] seeds=[{"case":"case","d5_ref":"diagnostic:numerical-integrity:case","initial":{"kind":"report","outcome":"NUMERICAL_INTEGRITY_SENSITIVE","ref":"diagnostic:numerical-integrity:case"},"legacy":"unavailable(stage=source closure, charged=46196, limit=4000000)","load_row_finding":false,"recovery_demoted":false,"w2":{"kind":"not_triggered"}}]
I99_W1_START case=case
I99_NATIVE_OUTCOME Selected
I51_DUAL_LANES (LaneReadouts { anchor: ProofAnchor { owner: ProductOwnerStamp { run: 0, .. } }, law: AdmittedK, rows: [Enclosure { lo: Z+, hi: Z+ }, Enclosure { lo: Z+, hi: Z+ }, Enclosure { lo: Z+, hi: Z+ }, Enclosure { lo: -d52b33206c4464a90368b2fb0118d70d60f23911d1b752a84bda12f684bda12f684bda12f684bda12f684bda12f684bda12f684bda12f684bda12f684bda12f684bda12f684bda12f684bda12f684bda12f684bda12f684bda58c72623c6172d1400000000000000000000000000000000000000000000000000000000000000p-301, hi: +c8da1ad20fae762ad6b6b2fb0118d70d60f23911d1b752a84bda12f684bda12f684bda12f684bda12f684bda12f684bda12f684bda12f684bda12f684bda12f684bda12f684bda12f684bda12f684bda12f684bda12f684bda58c72623c6172d1400000000000000000000000000000000000000000000000000000000000000p-301 }, Enclosure { lo: -8637bd05af6c69b5a63f9a49c2c1b10fd7e45803cd141a6937d1fe64f54d1e96c3fc441a5e7c049efcb6b4f687d97d808c6b86b0791c88e8dba95425ed097b425ed097b425ed097b425ed097b425ed097b425ed097b425ed097b425ed097b425ed097b425ed097b425ed097b425ed097...[cut by sanitize.py: 55775 bytes, sha256 577c49a88b5c4b38454d00b95369ff17c1fa7dc3bf6e584e9643386058b475c8]
I51_FROZEN_REFUSAL {"g5a":"None","maxima":[{"member":0,"numbers":[0.0,0,0.0,5459.294615236694,5459.294615236699,5459.294615236699,5.45696821063757e-12,0],"row":97}],"mode":"sparse_interactive","numeric_pass":false,"observables":"None","rows":[{"bits":"3ff0000000000000","id":"result:solver-mode:linear-solve-basis","kind":"linear_solver_mode_basis","unit":"mode_code","value":1.0},{"bits":"0000000000000000","id":"result:disp:N0","kind":"displacement_magnitude","unit":"mm","value":0.0},{"bits":"3f7498457172afc3","id":"result:disp:N1","kind":"displacement_magnitude","unit":"mm","value":0.005028029692009941},{"bits":"0000000000000000","id":"result:disp:N0:ux","kind":"global_nodal_displacement_x","unit":"mm","value":0.0},{"bits":"0000000000000000","id":"result:disp:N0:uy","kind":"global_nodal_displacement_y","unit":"mm","value":0.0},{"bits":"0000000000000000","id":"result:disp:N0:uz","kind":"global_nodal_displacement_z","unit":"mm","value":0.0},{"bits":"2c988642d9a1a06f","id":"result:disp:N0:...[cut by sanitize.py: 38366 bytes, sha256 5dc23f97df51d1e3c535d22064d4a5cde99f4e2e2a760c60faae4ef73450df03]
I99_CANDIDATE_REFUSAL len=30648 error=Proof(ProductProofFailure { failure: ProductFailure { cause: Predicate { row: 10, predicate: SharperExact } }, work: ProductCertificateSpent { rows: [], verdicts: [ProductRowVerdict { row: 0, normalized_bits: 4607182418800017408, scale_bits: 0, class: None, passed: true, failed: None, predicates: [None, None, None, None] }, ProductRowVerdict { row: 1, normalized_bits: 0, scale_bits: 4527550075603083267, class: Some(AbsoluteVerified { bound_bits: 4239319699451371523 }), passed: true, failed: None, predicates: [Some(true), None, None, None] }, ProductRowVerdict { row: 2, normalized_bits: 4527550075603083267, scale_bits: 4527550075603083267, class: Some(RelativeVerified), passed: true, failed: None, predicates: [Some(true), Some(true), Some(true), Some(true)] }, ProductRowVerdict { row: 3, normalized_bits: 0, scale_bits: 4527550075603083267, class: Some(InputDerived), passed: true, failed: None, predicates: [Some(true), None, None, None] }, ProductRowVerdict { row: 4, normalized_bits: 0, scale_bits: 4527550075603083267, class: Some(InputDerived), passed: true, failed: None, predicates: [Some(true), None, None, None] }, ProductRowVerdict { row: 5, normalized_bits: 0, scale_bits: 4527550075603083267, class: Some(InputDerived), passed: true, failed: None, predicates: [Some(true), None, None, None] }, ProductRowVerdict { row: 6, normalized_bits: 3213465955806060655, scale_bits: 4520521559589377369, class: Some(AbsoluteVerified { bound_bits: 4232291183437665625 }), passed: true, fail
I99_WITNESS m1_twin_lateral sparse_interactive stack=4194304 ran=Fallback(Candidate) furthest_phase=W2
I99_BUDGET m1_twin_lateral sparse_interactive same_bytes_4M_8M=false [per_case_limit=4000000 sha=e5a74b071f94d4f9bfd17f17a865f518b2d9e196eae9ee64271e8384b9a6e6ad len=67904 eq_value_route=true contract="openpipestress.result_semantics/0.3.0/preview-physics-1" exact_block=null] [per_case_limit=8000000 sha=70eb119ef9277c314c0e34c9fa99fd99f7cb035bd087c6b9f649d8e85cf39d20 len=67904 eq_value_route=false contract="openpipestress.result_semantics/0.3.0/preview-physics-1" exact_block=null]
I99_BEGIN m1_twin_lateral dense_scrutiny registered=true input_sha=e12fe3779a10a0f061eba892280d3286811d09de1ce62cc545435c1b8bf82c42
I99_ORDINARY m1_twin_lateral dense_scrutiny results=99 plain_sha=79160664ae2dc795e29b8169f300df64f79b6a95d7879529f2ed1d00645d000e plain_len=68486 facts={"contract":"openpipestress.result_semantics/0.3.0/preview-physics-1","contract_evidence":{"connector":null,"exact_cases":null,"keys":["combination_gates","preview_cases"],"pressure":null},"d5":[{"d5":null,"refs":["case"]}],"diagnostics":{"LOAD_CATEGORY_PREVIEW_MAPPED:warning":2,"NUMERICAL_INTEGRITY_CHECKS_PASSED:info":1,"RULE_CHECK_INPUTS_MISSING:warning":1},"exact_block":null,"profile":"product_preview_mechanics_v1","rcond":[{"rcond":"2.606477892402732e-8","refs":["case"]}],"rows_by_kind":{"case":{"displacement_magnitude":2,"element_local_axial_force":5,"element_local_axial_normal_stress":5,"element_local_bending_moment_y":5,"element_local_bending_moment_z":5,"element_local_bending_normal_stress_y":5,"element_local_bending_normal_stress_z":5,"element_local_shear_force_y":5,"element_local_shear_force_z":5,"element_local_torsional_moment":5,"element_local_torsional_shear_stress":5,"global_nodal_displacement_x":2,"global_nodal_displacement_y":2,"global_nodal_displacement_z":2,"global_nodal_rotation_x":2,"global_nodal_rotation_y":2,"global_nodal_rotation_z":2,"linear_solver_mode_basis":1,"pipe_elastic_normal_stress_maximum_v2":1,"sparse_live_path_dense_parity_relative_delta":1,"support_reaction_component_v2":24,"support_reaction_force_magnitude_v2":4,"support_reaction_moment_magnitude_v2":4}},"rows_per_case":{"case":99},"source_block_diagnostics":[],"status":{"mechanics":"MECHANICS_SOLVED","professional_acceptance":"NOT_PROVIDED","rule_check":"RULE_INPUTS_INCOMPLETE"},"verdicts":[{"ref":"case","solve_quality":"checks_passed","structural_status":"passive_model_basis"}]}
I99_SEEDS site=permitted_run mechanics="MECHANICS_SOLVED" exact_selected=false quality=[{"ref":"case","solve_quality":"checks_passed"}] seeds=[{"case":"case","d5_ref":null,"initial":{"kind":"report","outcome":"NUMERICAL_INTEGRITY_CHECKS_PASSED","ref":"diagnostic:numerical-integrity:case"},"legacy":"not_required","load_row_finding":false,"recovery_demoted":false,"w2":{"kind":"not_triggered"}}]
I99_W1_START case=case
I99_NATIVE_OUTCOME Selected
I51_DUAL_LANES (LaneReadouts { anchor: ProofAnchor { owner: ProductOwnerStamp { run: 0, .. } }, law: AdmittedK, rows: [Enclosure { lo: Z+, hi: Z+ }, Enclosure { lo: Z+, hi: Z+ }, Enclosure { lo: Z+, hi: Z+ }, Enclosure { lo: -d52b33206c4464a90368b2fb0118d70d60f23911d1b752a84bda12f684bda12f684bda12f684bda12f684bda12f684bda12f684bda12f684bda12f684bda12f684bda12f684bda12f684bda12f684bda12f684bda12f684bda58c72623c6172d1400000000000000000000000000000000000000000000000000000000000000p-301, hi: +c8da1ad20fae762ad6b6b2fb0118d70d60f23911d1b752a84bda12f684bda12f684bda12f684bda12f684bda12f684bda12f684bda12f684bda12f684bda12f684bda12f684bda12f684bda12f684bda12f684bda12f684bda58c72623c6172d1400000000000000000000000000000000000000000000000000000000000000p-301 }, Enclosure { lo: -8637bd05af6c69b5a63f9a49c2c1b10fd7e45803cd141a6937d1fe64f54d1e96c3fc441a5e7c049efcb6b4f687d97d808c6b86b0791c88e8dba95425ed097b425ed097b425ed097b425ed097b425ed097b425ed097b425ed097b425ed097b425ed097b425ed097b425ed097b425ed097...[cut by sanitize.py: 55775 bytes, sha256 577c49a88b5c4b38454d00b95369ff17c1fa7dc3bf6e584e9643386058b475c8]
I51_FROZEN_REFUSAL {"g5a":"None","maxima":[{"member":0,"numbers":[0.0,0,0.0,5459.294615236694,5459.294615236699,5459.294615236699,5.45696821063757e-12,0],"row":98}],"mode":"dense_scrutiny","numeric_pass":false,"observables":"None","rows":[{"bits":"4000000000000000","id":"result:solver-mode:linear-solve-basis","kind":"linear_solver_mode_basis","unit":"mode_code","value":2.0},{"bits":"3df40db171e18fb5","id":"result:sparse-live:dense-parity-relative-delta","kind":"sparse_live_path_dense_parity_relative_delta","unit":"unitless","value":2.9181666968370726e-10},{"bits":"0000000000000000","id":"result:disp:N0","kind":"displacement_magnitude","unit":"mm","value":0.0},{"bits":"3f7498457172afc3","id":"result:disp:N1","kind":"displacement_magnitude","unit":"mm","value":0.005028029692009941},{"bits":"0000000000000000","id":"result:disp:N0:ux","kind":"global_nodal_displacement_x","unit":"mm","value":0.0},{"bits":"0000000000000000","id":"result:disp:N0:uy","kind":"global_nodal_displacement_y","unit"...[cut by sanitize.py: 38673 bytes, sha256 a342affebe18bd9b7089bbc215d80e86c51b73a72fd35228e894f1254986a2db]
I99_CANDIDATE_REFUSAL len=30812 error=Proof(ProductProofFailure { failure: ProductFailure { cause: Predicate { row: 11, predicate: SharperExact } }, work: ProductCertificateSpent { rows: [], verdicts: [ProductRowVerdict { row: 0, normalized_bits: 4611686018427387904, scale_bits: 0, class: None, passed: true, failed: None, predicates: [None, None, None, None] }, ProductRowVerdict { row: 1, normalized_bits: 4464208186401984437, scale_bits: 0, class: None, passed: true, failed: None, predicates: [None, None, None, None] }, ProductRowVerdict { row: 2, normalized_bits: 0, scale_bits: 4527550075603083267, class: Some(AbsoluteVerified { bound_bits: 4239319699451371523 }), passed: true, failed: None, predicates: [Some(true), None, None, None] }, ProductRowVerdict { row: 3, normalized_bits: 4527550075603083267, scale_bits: 4527550075603083267, class: Some(RelativeVerified), passed: true, failed: None, predicates: [Some(true), Some(true), Some(true), Some(true)] }, ProductRowVerdict { row: 4, normalized_bits: 0, scale_bits: 4527550075603083267, class: Some(InputDerived), passed: true, failed: None, predicates: [Some(true), None, None, None] }, ProductRowVerdict { row: 5, normalized_bits: 0, scale_bits: 4527550075603083267, class: Some(InputDerived), passed: true, failed: None, predicates: [Some(true), None, None, None] }, ProductRowVerdict { row: 6, normalized_bits: 0, scale_bits: 4527550075603083267, class: Some(InputDerived), passed: true, failed: None, predicates: [Some(true), None, None, None] }, ProductRowVerdict { ro
I99_ADMISSION m1_twin_lateral dense_scrutiny profile=Registered allowance=Unselected refusal=None domain=None required=Some(3595488734) census_complete=true
I99_W1 m1_twin_lateral dense_scrutiny cause=Err(Candidate) phase=W2 counts=Counts { runs: 1, complete_gates: 1 } one_run_through_g_c=true armed_before=[] armed_after=[] envelope_is_plain=false published_successor=false notices=1 bytes_eq_with_notice_plain_case_none=true bytes_eq_plain=false published_sha=47862961c5d4784c659b37c439d72e2144fb76df787ffbff5762234c5e62b215 published_len=68805
I99_DRIVER_ORDINARY m1_twin_lateral dense_scrutiny sha=79160664ae2dc795e29b8169f300df64f79b6a95d7879529f2ed1d00645d000e len=68486 exact_selected=false
I99_SEEDS site=witness_driver mechanics="MECHANICS_SOLVED" exact_selected=false quality=[{"ref":"case","solve_quality":"checks_passed"}] seeds=[{"case":"case","d5_ref":null,"initial":{"kind":"report","outcome":"NUMERICAL_INTEGRITY_CHECKS_PASSED","ref":"diagnostic:numerical-integrity:case"},"legacy":"not_required","load_row_finding":false,"recovery_demoted":false,"w2":{"kind":"not_triggered"}}]
I99_W1_START case=case
I99_NATIVE_OUTCOME Selected
I51_DUAL_LANES (LaneReadouts { anchor: ProofAnchor { owner: ProductOwnerStamp { run: 0, .. } }, law: AdmittedK, rows: [Enclosure { lo: Z+, hi: Z+ }, Enclosure { lo: Z+, hi: Z+ }, Enclosure { lo: Z+, hi: Z+ }, Enclosure { lo: -d52b33206c4464a90368b2fb0118d70d60f23911d1b752a84bda12f684bda12f684bda12f684bda12f684bda12f684bda12f684bda12f684bda12f684bda12f684bda12f684bda12f684bda12f684bda12f684bda12f684bda58c72623c6172d1400000000000000000000000000000000000000000000000000000000000000p-301, hi: +c8da1ad20fae762ad6b6b2fb0118d70d60f23911d1b752a84bda12f684bda12f684bda12f684bda12f684bda12f684bda12f684bda12f684bda12f684bda12f684bda12f684bda12f684bda12f684bda12f684bda12f684bda58c72623c6172d1400000000000000000000000000000000000000000000000000000000000000p-301 }, Enclosure { lo: -8637bd05af6c69b5a63f9a49c2c1b10fd7e45803cd141a6937d1fe64f54d1e96c3fc441a5e7c049efcb6b4f687d97d808c6b86b0791c88e8dba95425ed097b425ed097b425ed097b425ed097b425ed097b425ed097b425ed097b425ed097b425ed097b425ed097b425ed097b425ed097...[cut by sanitize.py: 55775 bytes, sha256 577c49a88b5c4b38454d00b95369ff17c1fa7dc3bf6e584e9643386058b475c8]
I51_FROZEN_REFUSAL {"g5a":"None","maxima":[{"member":0,"numbers":[0.0,0,0.0,5459.294615236694,5459.294615236699,5459.294615236699,5.45696821063757e-12,0],"row":98}],"mode":"dense_scrutiny","numeric_pass":false,"observables":"None","rows":[{"bits":"4000000000000000","id":"result:solver-mode:linear-solve-basis","kind":"linear_solver_mode_basis","unit":"mode_code","value":2.0},{"bits":"3df40db171e18fb5","id":"result:sparse-live:dense-parity-relative-delta","kind":"sparse_live_path_dense_parity_relative_delta","unit":"unitless","value":2.9181666968370726e-10},{"bits":"0000000000000000","id":"result:disp:N0","kind":"displacement_magnitude","unit":"mm","value":0.0},{"bits":"3f7498457172afc3","id":"result:disp:N1","kind":"displacement_magnitude","unit":"mm","value":0.005028029692009941},{"bits":"0000000000000000","id":"result:disp:N0:ux","kind":"global_nodal_displacement_x","unit":"mm","value":0.0},{"bits":"0000000000000000","id":"result:disp:N0:uy","kind":"global_nodal_displacement_y","unit"...[cut by sanitize.py: 38673 bytes, sha256 a342affebe18bd9b7089bbc215d80e86c51b73a72fd35228e894f1254986a2db]
I99_CANDIDATE_REFUSAL len=30812 error=Proof(ProductProofFailure { failure: ProductFailure { cause: Predicate { row: 11, predicate: SharperExact } }, work: ProductCertificateSpent { rows: [], verdicts: [ProductRowVerdict { row: 0, normalized_bits: 4611686018427387904, scale_bits: 0, class: None, passed: true, failed: None, predicates: [None, None, None, None] }, ProductRowVerdict { row: 1, normalized_bits: 4464208186401984437, scale_bits: 0, class: None, passed: true, failed: None, predicates: [None, None, None, None] }, ProductRowVerdict { row: 2, normalized_bits: 0, scale_bits: 4527550075603083267, class: Some(AbsoluteVerified { bound_bits: 4239319699451371523 }), passed: true, failed: None, predicates: [Some(true), None, None, None] }, ProductRowVerdict { row: 3, normalized_bits: 4527550075603083267, scale_bits: 4527550075603083267, class: Some(RelativeVerified), passed: true, failed: None, predicates: [Some(true), Some(true), Some(true), Some(true)] }, ProductRowVerdict { row: 4, normalized_bits: 0, scale_bits: 4527550075603083267, class: Some(InputDerived), passed: true, failed: None, predicates: [Some(true), None, None, None] }, ProductRowVerdict { row: 5, normalized_bits: 0, scale_bits: 4527550075603083267, class: Some(InputDerived), passed: true, failed: None, predicates: [Some(true), None, None, None] }, ProductRowVerdict { row: 6, normalized_bits: 0, scale_bits: 4527550075603083267, class: Some(InputDerived), passed: true, failed: None, predicates: [Some(true), None, None, None] }, ProductRowVerdict { ro
I99_WITNESS m1_twin_lateral dense_scrutiny stack=4194304 ran=Fallback(Candidate) furthest_phase=W2
I99_BUDGET m1_twin_lateral dense_scrutiny same_bytes_4M_8M=true [per_case_limit=4000000 sha=79160664ae2dc795e29b8169f300df64f79b6a95d7879529f2ed1d00645d000e len=68486 eq_value_route=true contract="openpipestress.result_semantics/0.3.0/preview-physics-1" exact_block=null] [per_case_limit=8000000 sha=79160664ae2dc795e29b8169f300df64f79b6a95d7879529f2ed1d00645d000e len=68486 eq_value_route=true contract="openpipestress.result_semantics/0.3.0/preview-physics-1" exact_block=null]
I99_CENSUS m3l input_sha=2f5ff465bfa97005a581d88e02c0a5478ea24da3bdc1c2eb9fcda491803fc0c3 profile=Registered census_complete=true domain=Some(Family(Namespace, SchemaVersion)) refusal=Some(Family(Namespace, SchemaVersion)) required=None
I99_BEGIN m3l sparse_interactive registered=true input_sha=2f5ff465bfa97005a581d88e02c0a5478ea24da3bdc1c2eb9fcda491803fc0c3
I99_ORDINARY m3l sparse_interactive results=98 plain_sha=92c18d907561332fa3ffc9a5b084c7f1018fd4fd392b42d07d74899c0c36540a plain_len=68295 facts={"contract":"openpipestress.result_semantics/0.3.0/preview-physics-1","contract_evidence":{"connector":null,"exact_cases":null,"keys":["combination_gates","preview_cases"],"pressure":null},"d5":[{"d5":"formation_check: reason=estimate; row=N1:RX; doubled_correction=8.093801056572112e-14; scale=3.333666549241316e-5; trigger_ratio=2.427897612739378","refs":["case"]}],"diagnostics":{"LOAD_CATEGORY_PREVIEW_MAPPED:warning":3,"NUMERICAL_INTEGRITY_SENSITIVE:warning":1,"RULE_CHECK_INPUTS_MISSING:warning":1,"SOURCE_BLOCK_RECOVERY_UNAVAILABLE:info":1},"exact_block":null,"profile":"product_preview_mechanics_v1","rcond":[{"rcond":"2.606477882912165e-8","refs":["case"]}],"rows_by_kind":{"case":{"displacement_magnitude":2,"element_local_axial_force":5,"element_local_axial_normal_stress":5,"element_local_bending_moment_y":5,"element_local_bending_moment_z":5,"element_local_bending_normal_stress_y":5,"element_local_bending_normal_stress_z":5,"element_local_shear_force_y":5,"element_local_shear_force_z":5,"element_local_torsional_moment":5,"element_local_torsional_shear_stress":5,"global_nodal_displacement_x":2,"global_nodal_displacement_y":2,"global_nodal_displacement_z":2,"global_nodal_rotation_x":2,"global_nodal_rotation_y":2,"global_nodal_rotation_z":2,"linear_solver_mode_basis":1,"pipe_elastic_normal_stress_maximum_v2":1,"support_reaction_component_v2":24,"support_reaction_force_magnitude_v2":4,"support_reaction_moment_magnitude_v2":4}},"rows_per_case":{"case":98},"source_block_diagnostics":[{"code":"SOURCE_BLOCK_RECOVERY_UNAVAILABLE","message":"The bounded retained-source method did not produce a selected response: RecoveryFailure { stage: \"source closure\", helper_stage: SourceClosure, error: Unsupported(\"legacy source-blocks namespace requires model0.1/0.2 without pressure contract or regions\"), work: WorkReport { charged: 38336, rejected: 0, limit: 4000000 } }","refs":["case"]}],"status":{"mechanics":"MECHANICS_SOLVED","professional_acceptance":"NOT_PROVIDED","rule_check":"RULE_INPUTS_INCOMPLETE"},"verdicts":[{"ref":"case","solve_quality":"sensitive","structural_status":"passive_model_basis"}]}
I99_ADMISSION m3l sparse_interactive profile=Registered allowance=Unselected refusal=Some(Family(Namespace, SchemaVersion)) domain=Some(Family(Namespace, SchemaVersion)) required=None census_complete=true
I99_W1 m3l sparse_interactive cause=None (no permit, no W1) phase=none (no W1 phase work) counts=Counts { runs: 1, complete_gates: 0 } one_run_through_g_c=false armed_before=[] armed_after=[] envelope_is_plain=true published_successor=false notices=0 bytes_eq_with_notice_plain_case_none=false bytes_eq_plain=true published_sha=92c18d907561332fa3ffc9a5b084c7f1018fd4fd392b42d07d74899c0c36540a published_len=68295
I99_DRIVER_ORDINARY m3l sparse_interactive sha=92c18d907561332fa3ffc9a5b084c7f1018fd4fd392b42d07d74899c0c36540a len=68295 exact_selected=false
I99_SEEDS site=witness_driver mechanics="MECHANICS_SOLVED" exact_selected=false quality=[{"ref":"case","solve_quality":"sensitive"}] seeds=[{"case":"case","d5_ref":"diagnostic:numerical-integrity:case","initial":{"kind":"report","outcome":"NUMERICAL_INTEGRITY_SENSITIVE","ref":"diagnostic:numerical-integrity:case"},"legacy":"unavailable(stage=source closure, charged=38336, limit=4000000)","load_row_finding":false,"recovery_demoted":false,"w2":{"kind":"not_triggered"}}]
I99_W1_START case=case
I99_NATIVE_OUTCOME Selected
I51_DUAL_LANES (LaneReadouts { anchor: ProofAnchor { owner: ProductOwnerStamp { run: 0, .. } }, law: AdmittedK, rows: [Enclosure { lo: Z+, hi: Z+ }, Enclosure { lo: Z+, hi: Z+ }, Enclosure { lo: Z+, hi: Z+ }, Enclosure { lo: +8bcf64e5ec10eaaaaaaaaaaaaaaaaaaaaaaaaaaaaaaaaaaaaaaaaaaaaaaaaaaaaaaaaa960c49ca6366513da9bec544c691a3b0279d0dd3c0ca4587e6b74f0329161f9add3c0ca4587e6b74f0329161f9add3c0ca4587e6b74f0329161f9add3c0ca4587e6b74f0329161f9add3c0ca4587e6b74f0329161f9add3c0c86ac1e74p-15, hi: +8bcf64e5ec10eaaaaaaaaaaaaaaaaaaaaaaaaaaaaaaaaaaaaaaaaaaaaaaaaaaaaaaaaabf4dca3d9c99aec256413abb396e5c4fd862f22c3f35ba781948b0fcd6e9e06522c3f35ba781948b0fcd6e9e06522c3f35ba781948b0fcd6e9e06522c3f35ba781948b0fcd6e9e06522c3f35ba781948b0fcd6e9e06522c3f37953e18cp-15 }, Enclosure { lo: +a4ed3f1b0e725c3dee78183f91e646f156191148fd9fd36f7e3d1cc100e6afcce1c43849dc784a6513da9bec544c691a3b0279d0dd3c0ca4587e6b74f0329161f9add3c0ca4587e6b74f0329161f9add3c0ca4587e6b74f0329161f9add3c0ca4587e6b74f0329161f9add3c0ca4587e6b...[cut by sanitize.py: 55873 bytes, sha256 a5a384cd048e9c7832d6fc5526042f89b93ee090a8b6f3705ddcd4f058e19b4a]
I51_FROZEN_ROWS {"g5a":"None","numeric_pass":true,"observables":"None","rows":[{"bits":"3ff0000000000000","id":"result:solver-mode:linear-solve-basis","kind":"linear_solver_mode_basis","unit":"mode_code","value":1.0},{"bits":"0000000000000000","id":"result:disp:N0","kind":"displacement_magnitude","unit":"mm","value":0.0},{"bits":"3fb821e751965334","id":"result:disp:N1","kind":"displacement_magnitude","unit":"mm","value":0.09426732770800755},{"bits":"0000000000000000","id":"result:disp:N0:ux","kind":"global_nodal_displacement_x","unit":"mm","value":0.0},{"bits":"0000000000000000","id":"result:disp:N0:uy","kind":"global_nodal_displacement_y","unit":"mm","value":0.0},{"bits":"0000000000000000","id":"result:disp:N0:uz","kind":"global_nodal_displacement_z","unit":"mm","value":0.0},{"bits":"3f0179ec9cbd821d","id":"result:disp:N0:rx","kind":"global_nodal_rotation_x","unit":"rad","value":0.00003333333333333333},{"bits":"3e449da7e361ce4c","id":"result:disp:N0:ry","kind":"global_nodal_rotation_y...[cut by sanitize.py: 38836 bytes, sha256 554a46440c56e0fe131eba2310cc175e641eb0b7b1568be5bf4809e10df34b2f]
I99_PRECOMMIT_ERROR ValidationError { gate: "G8", code: "RETAINED_PRECISION_INVOCATION_MISMATCH", detail: None }
I99_PRECOMMIT_DUMP precommit_refused_sparse_interactive_1374e21e7b71.json
I99_WITNESS m3l sparse_interactive stack=4194304 ran=Fallback(Precommit { gate: "G8", code: "RETAINED_PRECISION_INVOCATION_MISMATCH" }) furthest_phase=W4
I99_BUDGET m3l sparse_interactive same_bytes_4M_8M=false [per_case_limit=4000000 sha=92c18d907561332fa3ffc9a5b084c7f1018fd4fd392b42d07d74899c0c36540a len=68295 eq_value_route=true contract="openpipestress.result_semantics/0.3.0/preview-physics-1" exact_block=null] [per_case_limit=8000000 sha=670cf18cacefbeeeef166ca427d6fb5766dd4b2f09f993d784da161ff0c58919 len=68295 eq_value_route=false contract="openpipestress.result_semantics/0.3.0/preview-physics-1" exact_block=null]
I99_BEGIN m3l dense_scrutiny registered=true input_sha=2f5ff465bfa97005a581d88e02c0a5478ea24da3bdc1c2eb9fcda491803fc0c3
I99_ORDINARY m3l dense_scrutiny results=99 plain_sha=d4ecc214cf195702955b094a4e22ccb2f6884bae397df41cdf680327f1a57331 plain_len=69411 facts={"contract":"openpipestress.result_semantics/0.3.0/preview-physics-1","contract_evidence":{"connector":null,"exact_cases":null,"keys":["combination_gates","preview_cases"],"pressure":null},"d5":[{"d5":"formation_check: reason=estimate; row=N1:RX; doubled_correction=1.6176971209150903e-13; scale=3.3336665371059296e-5; trigger_ratio=4.852606290728372","refs":["case"]}],"diagnostics":{"LOAD_CATEGORY_PREVIEW_MAPPED:warning":3,"NUMERICAL_INTEGRITY_SENSITIVE:warning":1,"RULE_CHECK_INPUTS_MISSING:warning":1,"SOURCE_BLOCK_RECOVERY_UNAVAILABLE:info":1},"exact_block":null,"profile":"product_preview_mechanics_v1","rcond":[{"rcond":"2.606477892402732e-8","refs":["case"]}],"rows_by_kind":{"case":{"displacement_magnitude":2,"element_local_axial_force":5,"element_local_axial_normal_stress":5,"element_local_bending_moment_y":5,"element_local_bending_moment_z":5,"element_local_bending_normal_stress_y":5,"element_local_bending_normal_stress_z":5,"element_local_shear_force_y":5,"element_local_shear_force_z":5,"element_local_torsional_moment":5,"element_local_torsional_shear_stress":5,"global_nodal_displacement_x":2,"global_nodal_displacement_y":2,"global_nodal_displacement_z":2,"global_nodal_rotation_x":2,"global_nodal_rotation_y":2,"global_nodal_rotation_z":2,"linear_solver_mode_basis":1,"pipe_elastic_normal_stress_maximum_v2":1,"sparse_live_path_dense_parity_relative_delta":1,"support_reaction_component_v2":24,"support_reaction_force_magnitude_v2":4,"support_reaction_moment_magnitude_v2":4}},"rows_per_case":{"case":99},"source_block_diagnostics":[{"code":"SOURCE_BLOCK_RECOVERY_UNAVAILABLE","message":"The bounded retained-source method did not produce a selected response: RecoveryFailure { stage: \"source closure\", helper_stage: SourceClosure, error: Unsupported(\"legacy source-blocks namespace requires model0.1/0.2 without pressure contract or regions\"), work: WorkReport { charged: 38336, rejected: 0, limit: 4000000 } }","refs":["case"]}],"status":{"mechanics":"MECHANICS_SOLVED","professional_acceptance":"NOT_PROVIDED","rule_check":"RULE_INPUTS_INCOMPLETE"},"verdicts":[{"ref":"case","solve_quality":"sensitive","structural_status":"passive_model_basis"}]}
I99_ADMISSION m3l dense_scrutiny profile=Registered allowance=Unselected refusal=Some(Family(Namespace, SchemaVersion)) domain=Some(Family(Namespace, SchemaVersion)) required=None census_complete=true
I99_W1 m3l dense_scrutiny cause=None (no permit, no W1) phase=none (no W1 phase work) counts=Counts { runs: 1, complete_gates: 0 } one_run_through_g_c=false armed_before=[] armed_after=[] envelope_is_plain=true published_successor=false notices=0 bytes_eq_with_notice_plain_case_none=false bytes_eq_plain=true published_sha=d4ecc214cf195702955b094a4e22ccb2f6884bae397df41cdf680327f1a57331 published_len=69411
I99_DRIVER_ORDINARY m3l dense_scrutiny sha=d4ecc214cf195702955b094a4e22ccb2f6884bae397df41cdf680327f1a57331 len=69411 exact_selected=false
I99_SEEDS site=witness_driver mechanics="MECHANICS_SOLVED" exact_selected=false quality=[{"ref":"case","solve_quality":"sensitive"}] seeds=[{"case":"case","d5_ref":"diagnostic:numerical-integrity:case","initial":{"kind":"report","outcome":"NUMERICAL_INTEGRITY_SENSITIVE","ref":"diagnostic:numerical-integrity:case"},"legacy":"unavailable(stage=source closure, charged=38336, limit=4000000)","load_row_finding":false,"recovery_demoted":false,"w2":{"kind":"not_triggered"}}]
I99_W1_START case=case
I99_NATIVE_OUTCOME Selected
I51_DUAL_LANES (LaneReadouts { anchor: ProofAnchor { owner: ProductOwnerStamp { run: 0, .. } }, law: AdmittedK, rows: [Enclosure { lo: Z+, hi: Z+ }, Enclosure { lo: Z+, hi: Z+ }, Enclosure { lo: Z+, hi: Z+ }, Enclosure { lo: +8bcf64e5ec10eaaaaaaaaaaaaaaaaaaaaaaaaaaaaaaaaaaaaaaaaaaaaaaaaaaaaaaaaa960c49ca6366513da9bec544c691a3b0279d0dd3c0ca4587e6b74f0329161f9add3c0ca4587e6b74f0329161f9add3c0ca4587e6b74f0329161f9add3c0ca4587e6b74f0329161f9add3c0ca4587e6b74f0329161f9add3c0c86ac1e74p-15, hi: +8bcf64e5ec10eaaaaaaaaaaaaaaaaaaaaaaaaaaaaaaaaaaaaaaaaaaaaaaaaaaaaaaaaabf4dca3d9c99aec256413abb396e5c4fd862f22c3f35ba781948b0fcd6e9e06522c3f35ba781948b0fcd6e9e06522c3f35ba781948b0fcd6e9e06522c3f35ba781948b0fcd6e9e06522c3f35ba781948b0fcd6e9e06522c3f37953e18cp-15 }, Enclosure { lo: +a4ed3f1b0e725c3dee78183f91e646f156191148fd9fd36f7e3d1cc100e6afcce1c43849dc784a6513da9bec544c691a3b0279d0dd3c0ca4587e6b74f0329161f9add3c0ca4587e6b74f0329161f9add3c0ca4587e6b74f0329161f9add3c0ca4587e6b74f0329161f9add3c0ca4587e6b...[cut by sanitize.py: 55873 bytes, sha256 a5a384cd048e9c7832d6fc5526042f89b93ee090a8b6f3705ddcd4f058e19b4a]
I51_FROZEN_ROWS {"g5a":"None","numeric_pass":true,"observables":"None","rows":[{"bits":"4000000000000000","id":"result:solver-mode:linear-solve-basis","kind":"linear_solver_mode_basis","unit":"mode_code","value":2.0},{"bits":"3e2c76280d1333f1","id":"result:sparse-live:dense-parity-relative-delta","kind":"sparse_live_path_dense_parity_relative_delta","unit":"unitless","value":3.31336034355847e-9},{"bits":"0000000000000000","id":"result:disp:N0","kind":"displacement_magnitude","unit":"mm","value":0.0},{"bits":"3fb821e751965334","id":"result:disp:N1","kind":"displacement_magnitude","unit":"mm","value":0.09426732770800755},{"bits":"0000000000000000","id":"result:disp:N0:ux","kind":"global_nodal_displacement_x","unit":"mm","value":0.0},{"bits":"0000000000000000","id":"result:disp:N0:uy","kind":"global_nodal_displacement_y","unit":"mm","value":0.0},{"bits":"0000000000000000","id":"result:disp:N0:uz","kind":"global_nodal_displacement_z","unit":"mm","value":0.0},{"bits":"3f0179ec9cbd821d","id"...[cut by sanitize.py: 39144 bytes, sha256 786ce70d7482f22ba1c350e495f1a7a09fe802961924b7d2356e604622d27ecb]
I99_PRECOMMIT_ERROR ValidationError { gate: "G8", code: "RETAINED_PRECISION_INVOCATION_MISMATCH", detail: None }
I99_PRECOMMIT_DUMP precommit_refused_dense_scrutiny_a13a9c1be7e9.json
I99_WITNESS m3l dense_scrutiny stack=4194304 ran=Fallback(Precommit { gate: "G8", code: "RETAINED_PRECISION_INVOCATION_MISMATCH" }) furthest_phase=W4
I99_BUDGET m3l dense_scrutiny same_bytes_4M_8M=false [per_case_limit=4000000 sha=d4ecc214cf195702955b094a4e22ccb2f6884bae397df41cdf680327f1a57331 len=69411 eq_value_route=true contract="openpipestress.result_semantics/0.3.0/preview-physics-1" exact_block=null] [per_case_limit=8000000 sha=581f6c0563b8ab10bfcab958a065c3c68e5f8d48812bb40a34f1db029b8579cb len=69411 eq_value_route=false contract="openpipestress.result_semantics/0.3.0/preview-physics-1" exact_block=null]
I99_CENSUS fields input_sha=5ab9edb3af3bbff84fddda47452a658a523bcdd8dbed7ed230f4338f9e1a1a2b profile=Registered census_complete=true domain=Some(Family(Namespace, SchemaVersion)) refusal=Some(Family(Namespace, SchemaVersion)) required=None
I99_BEGIN fields sparse_interactive registered=true input_sha=5ab9edb3af3bbff84fddda47452a658a523bcdd8dbed7ed230f4338f9e1a1a2b
I99_ORDINARY fields sparse_interactive results=81 plain_sha=234a3eda03f8ac5702cb6d65e1bf99de90133002ebe335726f4f4cd0cf0f8045 plain_len=123529 facts={"contract":"openpipestress.result_semantics/0.3.0/physics-source-1","contract_evidence":{"connector":0,"exact_cases":[{"keys":["load_case_id","material_basis","pipe_materials","pipe_sections","pipe_stress_extrema","pressure_rhs_assembly","profile_mode","recovery_method","stress_maximum_coverage"],"load_case_id":"case","pipe_materials":[{"E_pa":200000000000.0,"G_pa":80000000000.0,"alpha_per_kelvin":null,"constitutive_basis":"homogeneous_isotropic_E_nu_v1","material_id":"material","nu":0.25,"pipe_id":"independent-member","provenance":"original_analytical_fixture_numerical_integrity_v1_no_external_project_data","thermal_consumed":false}],"pipe_sections":[{"Ai_m2":0.02544690049407733,"As_m2":0.005969026041820607,"I_m4":0.000027009842839238257,"J_m4":0.000054019685678476514,"Z_m3":0.0002700984283923826,"effective_wall_thickness_m":0.01,"geometry_basis":"authored_normalized_od_wall_v1","outside_diameter_m":0.2,"pipe_id":"independent-member","ri_m":0.09000000000000001,"ro_m":0.1}]}],"keys":["connector","exact_cases","pressure"],"pressure":0},"d5":[{"d5":null,"refs":["case"]}],"diagnostics":{"EXACT_PRESSURE_REDUNDANT_G_IGNORED:warning":1,"LOAD_CATEGORY_PREVIEW_MAPPED:warning":6,"NUMERICAL_INTEGRITY_SENSITIVE:warning":1,"RULE_CHECK_INPUTS_MISSING:warning":1,"SOURCE_BLOCK_RECOVERY_SELECTED:info":1},"exact_block":{"cases":[{"failure":null,"outcome":"qualified","ref":"case","rows":81,"selected_method":"retained_source_blocks_exact_v1","work":{"charged":6791052,"limit":8000000,"rejected_reservation":{"amount":0,"kind":"finite"},"reserved_unobserved_failure":0}}],"invocation_work":{"charged":7108908,"limit":64000000,"publication_charged":317856},"policy":"PHYSICS-SOURCE-1","receipt_sha256":"019c15b044b0a9adb0830332d5e5b97ddf2aac61ff9eb9ee3944617e350ea113","status":"qualified"},"profile":"exact_straight_pressure_v2","rcond":[{"rcond":"1.0578136350371478e-11","refs":["case"]}],"rows_by_kind":{"case":{"displacement_magnitude":2,"element_local_axial_force":5,"element_local_axial_normal_stress":5,"element_local_bending_moment_y":5,"element_local_bending_moment_z":5,"element_local_bending_normal_stress_y":5,"element_local_bending_normal_stress_z":5,"element_local_shear_force_y":5,"element_local_shear_force_z":5,"element_local_torsional_moment":5,"element_local_torsional_shear_stress":5,"global_nodal_displacement_x":2,"global_nodal_displacement_y":2,"global_nodal_displacement_z":2,"global_nodal_rotation_x":2,"global_nodal_rotation_y":2,"global_nodal_rotation_z":2,"pipe_elastic_normal_stress_maximum_v2":1,"support_reaction_component_v2":12,"support_reaction_force_magnitude_v2":2,"support_reaction_moment_magnitude_v2":2}},"rows_per_case":{"case":81},"source_block_diagnostics":[{"code":"SOURCE_BLOCK_RECOVERY_SELECTED","message":"requested_mode=sparse_interactive; selected_method=retained_source_blocks_exact_v1; complete source-bound displacement/member/station/device projections precede binary64 publication; ordinary-attempt evidence remains separate; RecoverySummary { dofs: 12, stiffness_contributions: 145, identified_load_contributions: 6, blocks: 4, largest_block: 2, member_end_components: 12, section_components: 30, s...[720 bytes]","refs":["case"]}],"status":{"mechanics":"MECHANICS_SOLVED","professional_acceptance":"NOT_PROVIDED","rule_check":"RULE_INPUTS_INCOMPLETE"},"verdicts":[{"ref":"case","solve_quality":"sensitive","structural_status":"passive_model_basis"}]}
I99_ADMISSION fields sparse_interactive profile=Registered allowance=Unselected refusal=Some(Family(Namespace, SchemaVersion)) domain=Some(Family(Namespace, SchemaVersion)) required=None census_complete=true
I99_W1 fields sparse_interactive cause=None (no permit, no W1) phase=none (no W1 phase work) counts=Counts { runs: 1, complete_gates: 0 } one_run_through_g_c=false armed_before=[] armed_after=[] envelope_is_plain=true published_successor=false notices=0 bytes_eq_with_notice_plain_case_none=false bytes_eq_plain=true published_sha=234a3eda03f8ac5702cb6d65e1bf99de90133002ebe335726f4f4cd0cf0f8045 published_len=123529
I99_DRIVER_ORDINARY fields sparse_interactive sha=d315de6bea491f72aad4969e4c8d4cf0c1a9dfc276fc177e6a25af4ad30ebb8b len=17172 exact_selected=false
I99_SEEDS site=witness_driver mechanics="MODEL_INCOMPLETE" exact_selected=false quality=[{"ref":"case","solve_quality":"sensitive"}] seeds=[{"case":"case","d5_ref":null,"initial":{"kind":"report","outcome":"NUMERICAL_INTEGRITY_SENSITIVE","ref":"diagnostic:numerical-integrity:case"},"legacy":"exact_selected","load_row_finding":false,"recovery_demoted":false,"w2":{"kind":"not_triggered"}}]
I99_WITNESS_CAPTURE_ERROR fields sparse_interactive Association("outside private ordinary no-component/no-combination scope")
I99_W1_START case=case
I99_PREPARATION_FAILURE error=Some(Association("outside private ordinary no-component/no-combination scope")) preparation_error=None
I99_WITNESS fields sparse_interactive stack=4194304 ran=Fallback(Preparation) furthest_phase=W2
I99_BUDGET fields sparse_interactive same_bytes_4M_8M=false [per_case_limit=4000000 sha=d315de6bea491f72aad4969e4c8d4cf0c1a9dfc276fc177e6a25af4ad30ebb8b len=17172 eq_value_route=false contract="openpipestress.result_semantics/0.3.0/physics-1" exact_block=null] [per_case_limit=8000000 sha=234a3eda03f8ac5702cb6d65e1bf99de90133002ebe335726f4f4cd0cf0f8045 len=123529 eq_value_route=true contract="openpipestress.result_semantics/0.3.0/physics-source-1" exact_block={"cases":[{"failure":null,"outcome":"qualified","ref":"case","rows":81,"selected_method":"retained_source_blocks_exact_v1","work":{"charged":6791052,"limit":8000000,"rejected_reservation":{"amount":0,"kind":"finite"},"reserved_unobserved_failure":0}}],"invocation_work":{"charged":7108908,"limit":64000000,"publication_charged":317856},"policy":"PHYSICS-SOURCE-1","receipt_sha256":"019c15b044b0a9adb0830332d5e5b97ddf2aac61ff9eb9ee3944617e350ea113","status":"qualified"}]
I99_BEGIN fields dense_scrutiny registered=true input_sha=5ab9edb3af3bbff84fddda47452a658a523bcdd8dbed7ed230f4338f9e1a1a2b
I99_ORDINARY fields dense_scrutiny results=82 plain_sha=16fac25fb57c8d39f021c7917f61f1d4a372bfeaa3b61510a75591377673e48a plain_len=124966 facts={"contract":"openpipestress.result_semantics/0.3.0/physics-source-1","contract_evidence":{"connector":0,"exact_cases":[{"keys":["load_case_id","material_basis","pipe_materials","pipe_sections","pipe_stress_extrema","pressure_rhs_assembly","profile_mode","recovery_method","stress_maximum_coverage"],"load_case_id":"case","pipe_materials":[{"E_pa":200000000000.0,"G_pa":80000000000.0,"alpha_per_kelvin":null,"constitutive_basis":"homogeneous_isotropic_E_nu_v1","material_id":"material","nu":0.25,"pipe_id":"independent-member","provenance":"original_analytical_fixture_numerical_integrity_v1_no_external_project_data","thermal_consumed":false}],"pipe_sections":[{"Ai_m2":0.02544690049407733,"As_m2":0.005969026041820607,"I_m4":0.000027009842839238257,"J_m4":0.000054019685678476514,"Z_m3":0.0002700984283923826,"effective_wall_thickness_m":0.01,"geometry_basis":"authored_normalized_od_wall_v1","outside_diameter_m":0.2,"pipe_id":"independent-member","ri_m":0.09000000000000001,"ro_m":0.1}]}],"keys":["connector","exact_cases","pressure"],"pressure":0},"d5":[{"d5":null,"refs":["case"]}],"diagnostics":{"EXACT_PRESSURE_REDUNDANT_G_IGNORED:warning":1,"LOAD_CATEGORY_PREVIEW_MAPPED:warning":6,"NUMERICAL_INTEGRITY_SENSITIVE:warning":1,"RULE_CHECK_INPUTS_MISSING:warning":1,"SOURCE_BLOCK_RECOVERY_SELECTED:info":1},"exact_block":{"cases":[{"failure":null,"outcome":"qualified","ref":"case","rows":82,"selected_method":"retained_source_blocks_exact_v1","work":{"charged":6792870,"limit":8000000,"rejected_reservation":{"amount":0,"kind":"finite"},"reserved_unobserved_failure":0}}],"invocation_work":{"charged":7113282,"limit":64000000,"publication_charged":320412},"policy":"PHYSICS-SOURCE-1","receipt_sha256":"052a77e7eb8a160f25defa61273f579281b71af109d2012a61f12ae60c6140a7","status":"qualified"},"profile":"exact_straight_pressure_v2","rcond":[{"rcond":"1.0578136350861028e-11","refs":["case"]}],"rows_by_kind":{"case":{"displacement_magnitude":2,"element_local_axial_force":5,"element_local_axial_normal_stress":5,"element_local_bending_moment_y":5,"element_local_bending_moment_z":5,"element_local_bending_normal_stress_y":5,"element_local_bending_normal_stress_z":5,"element_local_shear_force_y":5,"element_local_shear_force_z":5,"element_local_torsional_moment":5,"element_local_torsional_shear_stress":5,"global_nodal_displacement_x":2,"global_nodal_displacement_y":2,"global_nodal_displacement_z":2,"global_nodal_rotation_x":2,"global_nodal_rotation_y":2,"global_nodal_rotation_z":2,"pipe_elastic_normal_stress_maximum_v2":1,"sparse_live_path_dense_parity_relative_delta":1,"support_reaction_component_v2":12,"support_reaction_force_magnitude_v2":2,"support_reaction_moment_magnitude_v2":2}},"rows_per_case":{"case":82},"source_block_diagnostics":[{"code":"SOURCE_BLOCK_RECOVERY_SELECTED","message":"requested_mode=dense_scrutiny; selected_method=retained_source_blocks_exact_v1; complete source-bound displacement/member/station/device projections precede binary64 publication; ordinary-attempt evidence remains separate; RecoverySummary { dofs: 12, stiffness_contributions: 145, identified_load_contributions: 6, blocks: 4, largest_block: 2, member_end_components: 12, section_components: 30, sprin...[716 bytes]","refs":["case"]}],"status":{"mechanics":"MECHANICS_SOLVED","professional_acceptance":"NOT_PROVIDED","rule_check":"RULE_INPUTS_INCOMPLETE"},"verdicts":[{"ref":"case","solve_quality":"sensitive","structural_status":"passive_model_basis"}]}
I99_ADMISSION fields dense_scrutiny profile=Registered allowance=Unselected refusal=Some(Family(Namespace, SchemaVersion)) domain=Some(Family(Namespace, SchemaVersion)) required=None census_complete=true
I99_W1 fields dense_scrutiny cause=None (no permit, no W1) phase=none (no W1 phase work) counts=Counts { runs: 1, complete_gates: 0 } one_run_through_g_c=false armed_before=[] armed_after=[] envelope_is_plain=true published_successor=false notices=0 bytes_eq_with_notice_plain_case_none=false bytes_eq_plain=true published_sha=16fac25fb57c8d39f021c7917f61f1d4a372bfeaa3b61510a75591377673e48a published_len=124966
I99_DRIVER_ORDINARY fields dense_scrutiny sha=25f99c97262eaa48f0d461200301a8910fd56ad780efb078127d411ffd4c517a len=17361 exact_selected=false
I99_SEEDS site=witness_driver mechanics="MODEL_INCOMPLETE" exact_selected=false quality=[{"ref":"case","solve_quality":"sensitive"}] seeds=[{"case":"case","d5_ref":null,"initial":{"kind":"report","outcome":"NUMERICAL_INTEGRITY_SENSITIVE","ref":"diagnostic:numerical-integrity:case"},"legacy":"exact_selected","load_row_finding":false,"recovery_demoted":false,"w2":{"kind":"not_triggered"}}]
I99_WITNESS_CAPTURE_ERROR fields dense_scrutiny Association("outside private ordinary no-component/no-combination scope")
I99_W1_START case=case
I99_PREPARATION_FAILURE error=Some(Association("outside private ordinary no-component/no-combination scope")) preparation_error=None
I99_WITNESS fields dense_scrutiny stack=4194304 ran=Fallback(Preparation) furthest_phase=W2
I99_BUDGET fields dense_scrutiny same_bytes_4M_8M=false [per_case_limit=4000000 sha=25f99c97262eaa48f0d461200301a8910fd56ad780efb078127d411ffd4c517a len=17361 eq_value_route=false contract="openpipestress.result_semantics/0.3.0/physics-1" exact_block=null] [per_case_limit=8000000 sha=16fac25fb57c8d39f021c7917f61f1d4a372bfeaa3b61510a75591377673e48a len=124966 eq_value_route=true contract="openpipestress.result_semantics/0.3.0/physics-source-1" exact_block={"cases":[{"failure":null,"outcome":"qualified","ref":"case","rows":82,"selected_method":"retained_source_blocks_exact_v1","work":{"charged":6792870,"limit":8000000,"rejected_reservation":{"amount":0,"kind":"finite"},"reserved_unobserved_failure":0}}],"invocation_work":{"charged":7113282,"limit":64000000,"publication_charged":320412},"policy":"PHYSICS-SOURCE-1","receipt_sha256":"052a77e7eb8a160f25defa61273f579281b71af109d2012a61f12ae60c6140a7","status":"qualified"}]
ok

test result: ok. 3 passed; 0 failed; 0 ignored; 0 measured; 556 filtered out; finished in 11.43s

rc=0
Wed Oct  7 23:45:51 UTC 2026
