case	mode	entry	outcome	ok	exit_code	summary_envelope_sha256	full_envelope_sha256	full_envelope_bytes	error_text_sha256	stdout_sha256
RF-LARGE-CHAIN-n10000-AX	sparse_interactive	typed	refused_blocked	ok	0	c3058e5c7fc0b381fc2975d004a7f2f40b4e48676c037d6cac7fed9880463fe1	7d38b764dc7e4c6620d96e88c05ea2e44d2772176d15c4a3052de82a8f617bb0	838962	-	9e01f782274474dc557b457eec25c21be737f4fdaf60d99f044cf3586b350072
RF-LARGE-CHAIN-n10000-AX	sparse_interactive	captured	refused_blocked	ok	0	5126a818d624334b1f52cf22b488974b852de532807c86eabc598e9b475989bb	1012d45f2073be7dce67ac5617a539f545e781081481ebb21e138294ec976cdb	839365	-	f09ce13ae4c3e8648de5129d8303a749abfe8ea874dbda003355e8cb3689aa52
RF-LARGE-CHAIN-n10000-AX	dense_scrutiny	typed	refused_blocked	ok	0	41bce4dbffe0f45c5691d96aa37384cb47bc376b11c6f862d362f741f4bc4d7d	639875f325a11da20ee9979af546ba814677cb49f8bf9299aaf289f807b0d49e	3382	-	dcfb0ba463d85010286020c6bc3f3490d4338dfc942e22885ae29c9963ea6608
RF-LARGE-CHAIN-n10000-AX	dense_scrutiny	captured	refused_blocked	ok	0	41bce4dbffe0f45c5691d96aa37384cb47bc376b11c6f862d362f741f4bc4d7d	639875f325a11da20ee9979af546ba814677cb49f8bf9299aaf289f807b0d49e	3382	-	e946d5c28543f188bf86f834e48a59430fdadd01b2e4fadda1330631d171c100
RF-LARGE-CHAIN-n10000-ROT	sparse_interactive	typed	refused_blocked	ok	0	6156b93ec5e8d6757787c32cf4e7b2f5c6e4471c0bf3761f3395cb56b4c3813c	e33127846e5bd5b3c2c2b98a84558e4aabd11cefb614b2ca6afd55edbb36ed11	838970	-	6ada89a6b2a36d1ccb8483b0da6f386582dead40280f85854c39fad27851e459
RF-LARGE-CHAIN-n10000-ROT	sparse_interactive	captured	refused_blocked	ok	0	005f1e93d9ac55675cc697b004919a264193133bf7aec4771dbd670740d2a3fc	4b305c5d0a712b4d9b8c9ea191ecb6f9884d7ed74fe99fe176f983c0424d5472	839373	-	894a6b0eb3d398fa493636e54cbce0102147506f23cd31ae08353406e6f2963c
RF-LARGE-CHAIN-n10000-ROT	dense_scrutiny	captured	refused_blocked	ok	0	41bce4dbffe0f45c5691d96aa37384cb47bc376b11c6f862d362f741f4bc4d7d	d2eab39af2eeb1782da9559fe2545ab250c5ce7dae5058b85a04134c8bf25717	3383	-	49c352c74a0cb4e9390908845935f878fe19829c3383808617cd10765058bccf
RF-LARGE-CHAIN-n10000-ROT	dense_scrutiny	typed	refused_blocked	ok	0	41bce4dbffe0f45c5691d96aa37384cb47bc376b11c6f862d362f741f4bc4d7d	d2eab39af2eeb1782da9559fe2545ab250c5ce7dae5058b85a04134c8bf25717	3383	-	cb6eb148bb5a65554c4a338152bd8f0bf85cba0c0702201629115c5fcd71ae0d
RF-LARGE-TREE-n10000-AX	sparse_interactive	typed	refused_blocked	ok	0	67934eef864add8c8e070590fb504801d2cd669bffd2a1942baf6de84dca5e63	0d50112698655e16594846bb5a43896e3a08100411b0c551397e34ddda88dcc1	2452246	-	4e33e658e816b76f58049349cac6e99903061bfde9a2dc012e02521a8512cddc
RF-LARGE-TREE-n10000-AX	sparse_interactive	captured	refused_blocked	ok	0	039dbdb8a0664b27cffe8a7ba01b201a43665b53c468fff3be448a838a5c794e	2bbe4ec12891066fa0e6429e6bbf5af825a6cf3f5f033966b788cdc0bc475d13	2452649	-	f31c952e061194012f8ac0d5e8105e03d7204e9344d79a40422793725156f5f0
RF-LARGE-TREE-n10000-AX	dense_scrutiny	captured	refused_blocked	ok	0	41bce4dbffe0f45c5691d96aa37384cb47bc376b11c6f862d362f741f4bc4d7d	f350c5ccac021b98b15a4a9c09b6532ffed65df14743498b4a01e6feea4ee1bf	3381	-	b0e505731912a91eb134bc7ba938ffb1f92552c6246b4e2a0d2b740dfa63063b
RF-LARGE-TREE-n10000-AX	dense_scrutiny	typed	refused_blocked	ok	0	41bce4dbffe0f45c5691d96aa37384cb47bc376b11c6f862d362f741f4bc4d7d	f350c5ccac021b98b15a4a9c09b6532ffed65df14743498b4a01e6feea4ee1bf	3381	-	5c0805dfa596607463ea059229249712e5d07d51001d9ab6f338f9a8a9988884
RF-LARGE-TREE-n10000-ROT	sparse_interactive	typed	refused_blocked	ok	0	fba9759010f8854bff65b3bf1f2d8bead5a284bc0406141535dcbf965d39ccae	83961d9f8392a5139874790cc1ec9b3f9c35d89965bb5100f0a281403edd9bfb	5706758	-	5a105e743a41c044e53d05784ce2e8685e1fe107d3f3c747a97466969379244a
RF-LARGE-TREE-n10000-ROT	sparse_interactive	captured	refused_blocked	ok	0	ddea348f484c9d0fc45bc894de0c2f526f9abab5b5849411d2d3397dfd84a4f1	b00fdc81e73ed1df7d609c62cc3b5c958eabd0710c5e2a93f2ae7ca4fc9dd68c	5707161	-	a850588dd54c21faa6007b8e7b92a0a63a9f66328531ac893222e51d45bda1a3
RF-LARGE-TREE-n10000-ROT	dense_scrutiny	typed	refused_blocked	ok	0	41bce4dbffe0f45c5691d96aa37384cb47bc376b11c6f862d362f741f4bc4d7d	7b00bf1e7ccc517eaeb73724f8c3943e12005ae9fb629b3af2a0f3cff4c082fa	3382	-	508a29e806642a8b94802473e466120fc7afc8d418a986b2a901bd400162260e
RF-LARGE-TREE-n10000-ROT	dense_scrutiny	captured	refused_blocked	ok	0	41bce4dbffe0f45c5691d96aa37384cb47bc376b11c6f862d362f741f4bc4d7d	7b00bf1e7ccc517eaeb73724f8c3943e12005ae9fb629b3af2a0f3cff4c082fa	3382	-	bf57189081f34923de5d523f3da8214fc982b3d01930a2a147a5434b429fc6f3
RF-LARGE-CONT-n10000-AX	sparse_interactive	typed	memory_refused	ERR	-6	-	-	-	-	e3b0c44298fc1c149afbf4c8996fb92427ae41e4649b934ca495991b7852b855
RF-LARGE-CONT-n10000-AX	sparse_interactive	captured	memory_refused	ERR	-6	-	-	-	-	e3b0c44298fc1c149afbf4c8996fb92427ae41e4649b934ca495991b7852b855
RF-LARGE-CONT-n10000-AX	dense_scrutiny	typed	refused_blocked	ok	0	41bce4dbffe0f45c5691d96aa37384cb47bc376b11c6f862d362f741f4bc4d7d	aec07d05fe9dcd34c01e497f396fa5cbc80585567e631e743e02c4886fa705ec	3384	-	485835b86e24aa4e87967cdef54d9c39ead06654237ebea3f8f9d79d883d9d52
RF-LARGE-CONT-n10000-AX	dense_scrutiny	captured	refused_blocked	ok	0	41bce4dbffe0f45c5691d96aa37384cb47bc376b11c6f862d362f741f4bc4d7d	aec07d05fe9dcd34c01e497f396fa5cbc80585567e631e743e02c4886fa705ec	3384	-	4277995f13da7ee4979b0e2da040f66ae83ecbe86b1b2a1d8278d2b145606f86
RF-LARGE-CONT-n10000-ROT	sparse_interactive	typed	memory_refused	ERR	-6	-	-	-	-	e3b0c44298fc1c149afbf4c8996fb92427ae41e4649b934ca495991b7852b855
RF-LARGE-CONT-n10000-ROT	sparse_interactive	captured	memory_refused	ERR	-6	-	-	-	-	e3b0c44298fc1c149afbf4c8996fb92427ae41e4649b934ca495991b7852b855
RF-LARGE-CONT-n10000-ROT	dense_scrutiny	typed	refused_blocked	ok	0	41bce4dbffe0f45c5691d96aa37384cb47bc376b11c6f862d362f741f4bc4d7d	f2cbb2eb43a856237462484a4ed345709efcdbb4107163cc8291947bef4fec7f	3385	-	93b6d5f02266028747d723637fa13e656ea30923456b6fd27ceb50def2d34354
RF-LARGE-CONT-n10000-ROT	dense_scrutiny	captured	refused_blocked	ok	0	41bce4dbffe0f45c5691d96aa37384cb47bc376b11c6f862d362f741f4bc4d7d	f2cbb2eb43a856237462484a4ed345709efcdbb4107163cc8291947bef4fec7f	3385	-	7db79d6d3b8091e063fac7b2c91f36cdb5819932976beac7ecaef9c7aaf87c4d
RF-MECH-LINE-IN-CHAIN1000	sparse_interactive	typed	refused_blocked	ok	0	5b73144ab7a56952216be2e8ae011a9bda1f9c68aeb3d4726f7ae9e819f5a0dd	d80e1b9609905740e3461544e348f16f295cd14c1fd7fddce979e1792609b7ac	114884	-	821795366f179c08678b45913a7151b1b724e646f84559ebbba27e28b91a022e
RF-MECH-LINE-IN-CHAIN1000	dense_scrutiny	typed	refused_blocked	ok	0	5b73144ab7a56952216be2e8ae011a9bda1f9c68aeb3d4726f7ae9e819f5a0dd	d80e1b9609905740e3461544e348f16f295cd14c1fd7fddce979e1792609b7ac	114884	-	895d74b8b3a59250ee4d238e545fd4bfd204facbf698bb62aa272985263f395c
RF-MECH-LINE-IN-CHAIN1000	sparse_interactive	captured	refused_blocked	ok	0	347960af5b114df50ba2b51b30420b34ff05c4105378c7b72dc6158e3bed06e4	232b0cecf2947d66413e6c20bb902ac8c37b578f024a3847776440d25dd4afbd	115287	-	219a3b1dbdbab8c307c3ec8add452d8b153f03d2d832100ba4595f99d09f8cd6
RF-MECH-LINE-IN-CHAIN1000	dense_scrutiny	captured	refused_blocked	ok	0	347960af5b114df50ba2b51b30420b34ff05c4105378c7b72dc6158e3bed06e4	232b0cecf2947d66413e6c20bb902ac8c37b578f024a3847776440d25dd4afbd	115287	-	08ce113967c1fca990ea220517552bb21a63e7487a1af578431897c4c6eaaafe
RF-LARGE-CHAIN-n01000-AX	sparse_interactive	typed	solved	ok	0	156104a97633c535c6347cec8e01fadbbe32b2f5551f5d9416e116677391c7f3	e8f418512ebc19e263a6292f3f0e15d86f989184c230800236d2375756701f11	39207341	-	fd534a12ab7dc49d824d843f07498b7803209dd47602845fa64314b4f3dc0ec9
RF-LARGE-CHAIN-n01000-AX	sparse_interactive	captured	solved	ok	0	6e8f8aa97ca2a9075cfaa2c6ef0c674a5a95b30ae2630e86d65f4c274b3588f0	0a01bb7dc592de8949406a9bb6dd1c08e13f455ee6f197cd80fb0957c22f89fb	39207744	-	976237929aa8583496306247c48d0be1f1b220b1c9044917bb09b55a47eab058
RF-LARGE-CHAIN-n01000-ROT	sparse_interactive	captured	solved	ok	0	8a7bb41b573517f03dc3769f98e8815a4cae371200b22dfb63d1c12ca03b3181	ac494e6c32474e85751420646bec77bd54f3a31c62a5f22b50b12944f917b0fc	39381221	-	2000eda01cb38071fe1b9fa0c0ecbca61293b3ddf6a644a4a8005ff37f39dfe2
RF-LARGE-CHAIN-n01000-ROT	sparse_interactive	typed	solved	ok	0	e4020c735085e5ec3f3b8ca9c44bb12af97239597d76aba2335f4187560cbe01	9f16f8d50bc31171977e144a01cf51d53139e08d19f72fc7dc87a166925f3d24	39380818	-	d02e30c4bc3f440cef5040d94b561ecdf0e9171c99ac46990df36439b451b1e3
RF-LARGE-TREE-n01000-AX	sparse_interactive	typed	solved	ok	0	cd09303ef6110ebdee9f84a88e3d0000556b739b1c6c1dc6fa4f7fe37bf52649	af6351b011ece7740ef4a616c784c533546f223bc3670aa6e857a1152ecb3790	40292399	-	3560ec0200230d62d53c50feb5df9c4eae43c9a12faf08ff0f3a132032a61dc3
RF-LARGE-TREE-n01000-AX	sparse_interactive	captured	solved	ok	0	189d88d5c25a7fb5cd2833170d246906fccc00462d9fc9ffb7ff01c398d5377b	f1c6bd8880c073a465e72c3c8ab0df786622a1ce1d6a49fc8ed85b4530f18d51	40292802	-	54f9e356fe51e598c604c8edc6fe1a1eea6c9aee2c21a1434e67645bd863a895
RF-LARGE-TREE-n01000-ROT	sparse_interactive	typed	solved	ok	0	e66fc5a36c1aa2c3d5bc6b2eb4eb9f863144dc30592e24259da1e98927c7983d	42e70b39f02d4f7a7f05447c632f31465d4a329e31685f070c38023611e6499c	42169711	-	fdf0f6b71776c393bb9feece92493e5f773a7245f49ce457ef7a162a39bf6f47
RF-LARGE-TREE-n01000-ROT	sparse_interactive	captured	solved	ok	0	3c1130e7c0c456e6180cb22037ed7f28caf0b74d60fdb746a68311cf6eece4fc	e4695d8752b76c2f2204efe93df05f407c38a4b30d89e8cceb917e4e4f6b6059	42170114	-	3f0f0f4e3b23317a218803644a1392a0a39afb91d961b2b008844c3d3aabbf6a
RF-LARGE-CHAIN-n01000-AX	dense_scrutiny	typed	solved	ok	0	6f26cf99e39fa48d2a19f4a11d0a292a9d1e5101b927496311a0bb0de2709b9a	a3c29dc613e37484c141a6ca847c29ac007b7260701a20f9bf97e527f6304807	39357324	-	960c89f873791649addc2decb0397761484763fd7b831dd60d93fe341be322f6
RF-LARGE-CHAIN-n01000-AX	dense_scrutiny	captured	solved	ok	0	818b4d48a00a57ba368bd5f204c2e2848cedfb070de5142e15c4adee774ef164	1b2b63cbf6489aa9005fbbfe6d15f76cc2f17cd07f7443d6829165eb0ab86bc4	39357727	-	107f81ad15e46b906509457a2b6790e9f706ab87da417f7bed3ae57523fac6c9
RF-LARGE-CONT-n01000-AX	sparse_interactive	captured	solved	ok	0	4ae5daa15deba531eeb96714703f1f0d6144edccf45d014157a97b767e411171	4410773d26c6ea4c46bdf7cfa353e7cbcde4b14dcccec68650d292895e9a42c5	38783893	-	0157a6c4071d48d58be8b8099161f5e6153250c140eae10821240c4afc2a156c
RF-LARGE-CONT-n01000-AX	sparse_interactive	typed	solved	ok	0	4ae5daa15deba531eeb96714703f1f0d6144edccf45d014157a97b767e411171	4410773d26c6ea4c46bdf7cfa353e7cbcde4b14dcccec68650d292895e9a42c5	38783893	-	5682d9a4e44814e5989f823d24535676038e537cf2cbfadf05c984b3acc10d51
RF-LARGE-TREE-n01000-ROT	dense_scrutiny	typed	solved	ok	0	50f8a98f696f1fea8562f40671d46bea4c267c63b483c2f338a2cdd9b5affc5e	073ac1166ba34ee9871d764c1e4a2b17f46db107dfbc1fc3f524bf2b21712795	42189921	-	119a47473df46795a3dbbc06cc6a2e0efb1d51a03568caf9f13cbf2931ca92f6
RF-LARGE-TREE-n01000-ROT	dense_scrutiny	captured	solved	ok	0	23cb2769fa0cce670e3c539c321596f8919df3de4b34be092b1963c69220a913	afb23701de4dffb5d367b28be8d33390ca569ea802b8da8780e1aa6e4992f380	42190324	-	d35ba0eea191e97d8ae458f3de6068bf525d908764b34f30f73c1c7a839715e7
RF-LARGE-CONT-n01000-ROT	sparse_interactive	captured	solved	ok	0	96209053511a117fcdd7b70cbf721d1cfaf2e81c5ae546c17ce9304d2ec6f666	c718626dea58edf121fec03c4c6cfe02060892d523e84c3934950e8b6b94f6e1	39746832	-	c6fb0eb96220c1ebacf41061680c3489249cd2ebd2fc032d2c5fdaa74d0c1a4c
RF-LARGE-CONT-n01000-ROT	sparse_interactive	typed	solved	ok	0	96209053511a117fcdd7b70cbf721d1cfaf2e81c5ae546c17ce9304d2ec6f666	c718626dea58edf121fec03c4c6cfe02060892d523e84c3934950e8b6b94f6e1	39746832	-	7b14d07d7698cdb552a0d978ad41095c337de1fe459dc13e4e0f81753336f314
RF-LARGE-CONT-n01000-AX	dense_scrutiny	captured	solved	ok	0	b21553e32009b3a4e385b1c59d7dac9e81aca6665a317c46fe6b84269d9564a5	f97a7bca7f83dad4253d1f6d8d2c12d34163d22ac4dc076ad263e97d5e768777	38847473	-	a8167fb88e7dff02b19a829899b504d617c627acebcb580c0d98d90e5907412b
RF-MECH-DISC-CHAIN100	sparse_interactive	captured	refused_blocked	ok	0	6c228fb1904500e4fd45f46db61ea3a891f479745b4b2af4f80f5345a6e93031	9b3761fe206a923f20fa9a6737c899f76a4069a59c09f1b30028b8e639dd1e2f	16529	-	3261378b692a11bcd6cfb50013a056fc95e4c58dc320fb152d36f6d474dbb68d
RF-MECH-DISC-CHAIN100	sparse_interactive	typed	refused_blocked	ok	0	1fa62a83d8c4d3ec6c4e29fe546e367da3f1b36ef9e0f1039e62de05777b6358	a3eecaf870341ed93c480588bcee1e01468e1aa983a834755eebcbb417b9fe31	16126	-	2ec36b6b87518ab7e446dc240a106f8c9661fa76cebfab68a81adfb3d992cdb4
RF-MECH-DISC-CHAIN100	dense_scrutiny	captured	refused_blocked	ok	0	6c228fb1904500e4fd45f46db61ea3a891f479745b4b2af4f80f5345a6e93031	9b3761fe206a923f20fa9a6737c899f76a4069a59c09f1b30028b8e639dd1e2f	16529	-	cf15013910002a9e9d5e048b6b866f0629513d34c1cea5117de8ed8de498c43a
RF-MECH-DISC-CHAIN100	dense_scrutiny	typed	refused_blocked	ok	0	1fa62a83d8c4d3ec6c4e29fe546e367da3f1b36ef9e0f1039e62de05777b6358	a3eecaf870341ed93c480588bcee1e01468e1aa983a834755eebcbb417b9fe31	16126	-	604124d89c26ec204b7b861967ad68cc2e229935d915fc8fc705e7f8787a7eae
RF-MECH-DISC-CHAIN100-SPRING	sparse_interactive	captured	refused_blocked	ok	0	b83ac28ebdc8c2426287edd510560101fd075d328c0e1a885566b71308a56051	f766afc5c6c2d5264b9ba960249786e71d707b1ee6d2113a68b80832040bd5dc	16536	-	551b1ce342fc2c4f161074b125db70a0bb77220f2dba05e8123812f463b2222c
RF-MECH-DISC-CHAIN100-SPRING	sparse_interactive	typed	refused_blocked	ok	0	6714e4bdc3b0e99474d9850fe5233d4cce4ad9d5bbce0cd659763b7db22114a0	e91a866fc645434fb2e0307b5a1188ad108924be07ae1359501493678b0dd66f	16133	-	27149a5f8a357722b06b9cbcfe5b6c83f1f80dc8df500ba5902fb91f248b83d3
RF-MECH-DISC-CHAIN100-SPRING	dense_scrutiny	captured	refused_blocked	ok	0	b83ac28ebdc8c2426287edd510560101fd075d328c0e1a885566b71308a56051	f766afc5c6c2d5264b9ba960249786e71d707b1ee6d2113a68b80832040bd5dc	16536	-	d1b28a1b1d787c16930d6df3188b4793765b61c98c3ce241fc6dd5fe25a101c8
RF-MECH-DISC-CHAIN100-SPRING	dense_scrutiny	typed	refused_blocked	ok	0	6714e4bdc3b0e99474d9850fe5233d4cce4ad9d5bbce0cd659763b7db22114a0	e91a866fc645434fb2e0307b5a1188ad108924be07ae1359501493678b0dd66f	16133	-	e93c2bff06eca60d8f57f17d1a3642c2975555ae58c578946bf01c84fc4b4722
RF-LARGE-CHAIN-n00100-AX	sparse_interactive	captured	solved	ok	0	158690ecdc1fe4737221f3ea4e8166c07a222c769421d4eb7513a15ac4962d80	3f3a79349b25ba469de8a4c7f5b3708abbd2b16462fed8bc2c2e3cf37cddbfd3	3917595	-	c546432ca78c87e262616779ee888ab4dd599247a233ab542d9c095533d16b5f
RF-LARGE-CHAIN-n00100-AX	sparse_interactive	typed	solved	ok	0	fa6d52aee44f9aad8bd373aec58d8a8752091fe96b05b8a3e80ce1cd97552226	71e258e86c72752f2a47157f7277edeb4c8813fbdc925dcb7b625a952aba11db	3917192	-	315ccd8d9fd3cffedcc20a6c4a69cb72329027e5ea0a082038467f4d554d8755
RF-LARGE-CONT-n01000-AX	dense_scrutiny	typed	solved	ok	0	b21553e32009b3a4e385b1c59d7dac9e81aca6665a317c46fe6b84269d9564a5	f97a7bca7f83dad4253d1f6d8d2c12d34163d22ac4dc076ad263e97d5e768777	38847473	-	d123a4af606fcc7f720e663c82854ab6290f37dd79ced8a246cfedb9b806a1af
RF-LARGE-CHAIN-n00100-AX	dense_scrutiny	captured	solved	ok	0	804f1ec09e8a78a6b251ecf8bc893b79b6239d640401bb2f7579c198e08f6460	0424fdb4baffd9c1b714b4a5b7b6153be81ca2fcf49a2c745b2e5065c43392e6	3933133	-	7f85f3702e14d67d4ffe7fd2fd8662f7e01233c51804c9d7a0fe2326b9838110
RF-LARGE-CHAIN-n00100-AX	dense_scrutiny	typed	solved	ok	0	9a5c76753a27b440492a5f7661475ecc9fd7decaabf3cde8499bcd949a4096cc	ce113e0e379bbb271497ab73dbb9270c0ada59ad1f85d194b06907d9b219191c	3932730	-	8527fe60bb204799a7c3eef90a37a77516a405daf57e99dd430dd38372090ab4
RF-LARGE-CHAIN-n00100-ROT	sparse_interactive	captured	solved	ok	0	6da053d4c7327e5a6ed5576520797a052d0f70467b167fa60c5fe0af431d0cf0	4e44f4d6bcbeede681132d89b351adb593fe6bb89bddc2a8120937f46c9e3dd4	3936887	-	4e2deb24839e892db6d7e382ac49ad1c6e69b8fc0e1d2223b50c5c7faeed5763
RF-LARGE-CHAIN-n00100-ROT	sparse_interactive	typed	solved	ok	0	68a3630af8cdd9b19939778e551ee9292bac2bbd91e787676230a59221da97c9	abf095b345e2a73a6696d6f93783b505809eb9aa532f6641de055ee292a52de6	3936484	-	cc405a17cc28d1efddad4406300cd4b25938eec46e072f896ceb56eeb96afb30
RF-LARGE-CHAIN-n00100-ROT	dense_scrutiny	captured	solved	ok	0	cd95c83d5d87748ba2ff4a58468f9d351f22206db808e1b6f52fbae870327867	01d318e42d7cf8cf76a29278af087b90582a381a5a2a291636b8713da5bd6e4c	3938674	-	72434aac7c725013a428ea7d64ecab69d81c5e5ddbdc27cac11eb1bd181dcc90
RF-LARGE-CHAIN-n00100-ROT	dense_scrutiny	typed	solved	ok	0	e1f0af0bd38b08d774835e62c792d2a57d4aa4ad52bebb383b164d35ddc35682	db588757472884f19d78533f7bc1f1528f1d091a3afdd8472c7604356dc6c62c	3938271	-	364dace3314031cab8f436191e079e0c2cc7295618d82624df866e755d4bb3e5
RF-LARGE-TREE-n00100-AX	sparse_interactive	captured	solved	ok	0	fd6aac88e3d8b87b4c9e03d0809042e399c3114c05b7c8c9da179c66dcbf81cf	541e1671d674ecd7656d3b15ea57df7995ef1389c83d700956d1dad239a5a4aa	4021662	-	8bdb3ab996e8e845fce10303eaabfd8631a4784d54a775461a57fb55a0b582a2
RF-LARGE-TREE-n00100-AX	sparse_interactive	typed	solved	ok	0	0393704db95f91c17d83e3a8da57a592dd099696cc0250860922c602eadc0b27	599054cb826a34a570bc84f3ecc14978d74b1228b69e79367dc77f9c799cef9a	4021259	-	00a92d80d52d7eb3d4aa0509894f382e70335e47d614dd82cdb16056fe1f0507
RF-LARGE-TREE-n00100-AX	dense_scrutiny	captured	solved	ok	0	5475aa10e5fe7b6e396121319ca9da76e52207a5a7ca885ac9d96e017b7e13fd	5b45cfe68ed5edade3c5dcc8ac4fedb58b3cefeccdaf46036e45a96173a9bf87	4031824	-	f006c865603c7bc45bf19b80d9fc79cb7a3a173bb3dbd6001897fe6b416ef9d1
RF-LARGE-TREE-n00100-AX	dense_scrutiny	typed	solved	ok	0	3d15fb55832980012a8a725861abb497bec9530af0c236e218ee8a20cc60c90f	dd8548d4462e75adae85c79d6aafd8ddb07b1358dbf6ec0c3f9e12b47076b4f9	4031421	-	525d99110cbd82e8ee3f2833181a73f9b556a3e89b4d4583a83e308f40825400
RF-LARGE-TREE-n00100-ROT	sparse_interactive	typed	solved	ok	0	d98d8e99cb1ce6f94133122abbc161254a6fa35cc3e86d7ed36b1cba3fdcbada	a936c78548408d831ea642fbae16aa46caa91bfca2bce6805fee1d40d88b6d58	4207669	-	685fdea8b20ee02eca1f8e1abb2f3dfb2b7c1ff4ee53251559f39a5ab42d4330
RF-LARGE-TREE-n00100-ROT	sparse_interactive	captured	solved	ok	0	0b8db9dab579d669bd663c9394d71f01f890d5c4222ac2cb8a23145583c7d964	d2f1032484a1b1845aa99667dc9c37c416dd5747a7e9d452d77c0e6dd7a8d9a4	4208072	-	639be03126fd2d0ceecd979ded04b0ee74074a95dc3998122bfe3329bff4e4f8
RF-LARGE-TREE-n00100-ROT	dense_scrutiny	typed	solved	ok	0	c4116b24d3d201393ab677f0643461e5d2c12ba9a24de30f30bf11e9c515a1bd	665ea15f3034ddfe861cfafd56a2cac8b48ef49c3105cc8334ab90b2f50b5a29	4209235	-	3b7ef21e6bb8dfd7c9016eda6a1a52138a666fefcb011dc0ea44f12ed930ccc9
RF-LARGE-TREE-n00100-ROT	dense_scrutiny	captured	solved	ok	0	2e0762376dd82ec4bfdcfc432eb0b23c3eb7efbfc04ca7412224f7fcce0dcaf4	e2595db90365b1665cde02dfd58d5704f9171c9260fa40624d07d7537cc2aa83	4209638	-	737013f0672a1486408f1df9163dddfb5edb31776aaadd99e58d2b39dc478230
RF-LARGE-CONT-n00100-AX	sparse_interactive	typed	solved	ok	0	11130d010a861669f6c06d106afe6139bc1a6027ccf9be827b273364d58fdf5f	1ae95c13f3b63abb4af886886803b0c5a372fe61bf7edb97edc4fedf9e5c3860	3877897	-	c308ea6d2ed31491154ee3678d51fcc0c288887c56c0a30944c8c854699a063e
RF-LARGE-CONT-n00100-AX	sparse_interactive	captured	solved	ok	0	11130d010a861669f6c06d106afe6139bc1a6027ccf9be827b273364d58fdf5f	1ae95c13f3b63abb4af886886803b0c5a372fe61bf7edb97edc4fedf9e5c3860	3877897	-	8e7af50218415730f454d963283361c0e3454299bdc8395444ec6629e26377db
RF-LARGE-CONT-n00100-AX	dense_scrutiny	captured	solved	ok	0	7ca9a9e5382ff06ec4a559f4c2dae1a4b61454e1a1d6bccc7bf522488843df02	f40898d0b003bd57b1ed83643bdc38c5b02dd336f48c9e2ef8b39fadba64efb3	3882714	-	16745b93a512e8d393cc3884fe79228da94ac939f4c58f247839bfdacf9fb52c
RF-LARGE-CONT-n00100-AX	dense_scrutiny	typed	solved	ok	0	7ca9a9e5382ff06ec4a559f4c2dae1a4b61454e1a1d6bccc7bf522488843df02	f40898d0b003bd57b1ed83643bdc38c5b02dd336f48c9e2ef8b39fadba64efb3	3882714	-	074a9180bfbc4ba1a4829f1538879918c640d651f5bcb9098f3b0f712a46fb3b
RF-LARGE-CONT-n00100-ROT	sparse_interactive	captured	solved	ok	0	907cdde56d98f35b4621e40bb2740f8aaf1b1544e660998a4e6d804531ee2ccb	65f7ead1154902a1ce88e1bb7561bc4d37c217d6c935b3ece67da9b425dab2f5	3972505	-	475e61a006860419e8011ab825c558a1e682bb756ed4a965932f543d7eada3f7
RF-LARGE-CONT-n00100-ROT	sparse_interactive	typed	solved	ok	0	907cdde56d98f35b4621e40bb2740f8aaf1b1544e660998a4e6d804531ee2ccb	65f7ead1154902a1ce88e1bb7561bc4d37c217d6c935b3ece67da9b425dab2f5	3972505	-	283e709522e6ff233bdfc531a599dd57d73bac297ffc6b7ece529c31ff146bfd
RF-LARGE-CONT-n00100-ROT	dense_scrutiny	typed	solved	ok	0	f4e0ebbf62f421f0b3f21928f292f3422f7fdc0d93b2687b2e60af229ae3a7a7	edb42ca13729a0cfedf4f6de06173a153549072fa403ac4415b8439663588d08	3979009	-	f9f978c9180bcd2ae67f1a426a563256e45bff434d8173ec845891a05d8a7db0
RF-LARGE-CONT-n00100-ROT	dense_scrutiny	captured	solved	ok	0	f4e0ebbf62f421f0b3f21928f292f3422f7fdc0d93b2687b2e60af229ae3a7a7	edb42ca13729a0cfedf4f6de06173a153549072fa403ac4415b8439663588d08	3979009	-	c060213c82a04babf479f906f7fe6d9e30ab5e4c7aa2a1a5f2cb6e33e8eb402b
RF-INVARIANCE-TREE100-BASE	sparse_interactive	typed	solved	ok	0	0393704db95f91c17d83e3a8da57a592dd099696cc0250860922c602eadc0b27	4d5a74b8981ab041ee3df6390f82eb1f92fab6358a27210cd5544bfe9e9115ca	4021262	-	60dca77e52483abcab62bead4c5ba0d6af957d3feaa8a5022962356e0a6e60fa
RF-INVARIANCE-TREE100-BASE	sparse_interactive	captured	solved	ok	0	fd6aac88e3d8b87b4c9e03d0809042e399c3114c05b7c8c9da179c66dcbf81cf	2781d66f603949c8c15f60281ac82a1887f9903f9162f99970e8659587da7084	4021665	-	add6a8628676780c70f27812002f987d6d4a4e74a4636c5a9f47edea8a51fab4
RF-INVARIANCE-TREE100-BASE	dense_scrutiny	captured	solved	ok	0	5475aa10e5fe7b6e396121319ca9da76e52207a5a7ca885ac9d96e017b7e13fd	e860649857bc5c7c581cf3971bf0775863e3f70b6300669578631df263c5f815	4031827	-	f45b21acc1837aebbdf1fe350938a4238abf5b72bdf5b2cb1eceaf65fcdcd666
RF-INVARIANCE-TREE100-BASE	dense_scrutiny	typed	solved	ok	0	3d15fb55832980012a8a725861abb497bec9530af0c236e218ee8a20cc60c90f	d2c5571c273c85412caa2d70b852b5523c9b31abba5c5929a56261315f7617f2	4031424	-	bdd9ff3e537c341a8975f25eaa16256de27c96a7103e72641ef051cd7e98e0d2
RF-INVARIANCE-TREE100-OFF-1e3	sparse_interactive	typed	solved	ok	0	0393704db95f91c17d83e3a8da57a592dd099696cc0250860922c602eadc0b27	045c7cbb20d27887a9fefa110ab20e408f08ef80dbba10fbd08ea8942f56d891	4021265	-	28903efae224fd9776588267c707cf82a74c10e446181e8a5feff7f59c0da421
RF-INVARIANCE-TREE100-OFF-1e3	sparse_interactive	captured	solved	ok	0	fd6aac88e3d8b87b4c9e03d0809042e399c3114c05b7c8c9da179c66dcbf81cf	81d17a08341891c6d2d4ca65ffd296c4d694d946efa4f2415c9aa6226ffb7b9c	4021668	-	8efe2c0de17413fb1bff965119bea175b488682745ded9b22c4b041bc2179a1a
RF-INVARIANCE-TREE100-OFF-1e3	dense_scrutiny	captured	solved	ok	0	5475aa10e5fe7b6e396121319ca9da76e52207a5a7ca885ac9d96e017b7e13fd	5c6e97f1672cc0583f74d853bb394b89e7d0871da5d2b495feb23ddd1bda0a02	4031830	-	b2223f6df492da7406e27cf99e4c232d342568aeeeabe1f237ca3bca78965c5e
RF-INVARIANCE-TREE100-OFF-1e3	dense_scrutiny	typed	solved	ok	0	3d15fb55832980012a8a725861abb497bec9530af0c236e218ee8a20cc60c90f	37d17a1bcb602bbd8771a4c1eb46e341da458b64c0d13f812c886355d63201da	4031427	-	3eb94de61fba8879c2d339facea29e26e2b0fb8c3e70ed588c39f66886a4fee1
RF-INVARIANCE-TREE100-OFF-1e6	sparse_interactive	typed	solved	ok	0	0393704db95f91c17d83e3a8da57a592dd099696cc0250860922c602eadc0b27	1669e3c0ae5ab9d40c8527fa58337d4b474ef7e6bbb3b6e8afa2a2961aae1453	4021265	-	c54ece3e2c08221910382988f9eb8cf773e024ead2a136989feb3ee3d513a4af
RF-INVARIANCE-TREE100-OFF-1e6	sparse_interactive	captured	solved	ok	0	fd6aac88e3d8b87b4c9e03d0809042e399c3114c05b7c8c9da179c66dcbf81cf	74deaa3216a8ab943c133c3eae50c7e9b8fdd7a94d01bf8a31fa2e636a2403a1	4021668	-	f460a24cb9c66c82183869e2ff73c6f15a1030d50e6a85da967bae644eff58ec
RF-INVARIANCE-TREE100-OFF-1e6	dense_scrutiny	typed	solved	ok	0	3d15fb55832980012a8a725861abb497bec9530af0c236e218ee8a20cc60c90f	d747aed4e895e9964da4fd65db0e62f76d7cbae97b8b06a5581e8868a5fd5b1c	4031427	-	99271f414d0b7aaad651a6e0ab3c7cd9381d24eff10c52578864f32a94f9f447
RF-INVARIANCE-TREE100-OFF-1e6	dense_scrutiny	captured	solved	ok	0	5475aa10e5fe7b6e396121319ca9da76e52207a5a7ca885ac9d96e017b7e13fd	47a44399029e64d7b243c546f61712ec6ec301dbf94e515fa64bcfd2b9395072	4031830	-	1e1f834e094e3cf59162aecd3f8352762c5ae030bffa70bd2c62e6c5d8d41f98
RF-LARGE-CONT-n01000-ROT	dense_scrutiny	captured	solved	ok	0	3b1ec8a3933d839a319e9c234b488241358d073127f6a7cdc8fbca2727910516	cbf7bdaf4f791708abc55ad87789d434d9cef88b46e82117198fe37ec3e721a3	39808359	-	12a3ca36da7aebe207c239e396f931c53ca169b944c6292bca43e554f7686c8d
RF-INVARIANCE-TREE100-RELABEL	sparse_interactive	captured	solved	ok	0	49a6a714dc4193146bcaed1103ab808af9e916494472a1cb4558181a6b0398b5	27c4248a872203bbf687be7cde8c8ca3e1bcdd9fc1c25f252fc265bc0f68666e	4025251	-	4a162bbe9759e0e5d00a351a66f3f3cdd19011fb93944ae62025dd1ed3d98c55
RF-INVARIANCE-TREE100-RELABEL	sparse_interactive	typed	solved	ok	0	013146a94c25c6ceeb6b3555a83be808a5377ed2a8db63382211009ffc597012	7a9a3a6793a2127b5e9fc9bc68c3b6404963b14bde9bd079d5c698d8467df4b0	4024848	-	ba532ed79096ed0ea612041b50450044f32ab3d4b62b1deedba503ffd2d6ed4f
RF-LARGE-CONT-n01000-ROT	dense_scrutiny	typed	solved	ok	0	3b1ec8a3933d839a319e9c234b488241358d073127f6a7cdc8fbca2727910516	cbf7bdaf4f791708abc55ad87789d434d9cef88b46e82117198fe37ec3e721a3	39808359	-	105ecf0233856a3f95bab287d69afd5ee12a3ab282167c687d408c6370207c69
RF-CHAIN-T-n10-r1e-04	sparse_interactive	captured	solved	ok	0	536a4b3938118d97d8d5153364bf7108f8b5ba5209a9517c7e088090ed1960c9	ed3f51cdafa7155611f5adc0fab88137f27553dd57ebc80eb6aaf9309735de1f	414101	-	a65d55bbf10c6e673e19c6e1c1470ee0cd3de4ef74a1c95786439091266ee225
RF-CHAIN-T-n10-r1e-04	sparse_interactive	typed	solved	ok	0	536a4b3938118d97d8d5153364bf7108f8b5ba5209a9517c7e088090ed1960c9	ed3f51cdafa7155611f5adc0fab88137f27553dd57ebc80eb6aaf9309735de1f	414101	-	a4470875aa90b2d6b3c7302ec43c35f952da446141f99c2d51e522b22951bbc4
RF-INVARIANCE-TREE100-RELABEL	dense_scrutiny	captured	solved	ok	0	a1ba53b2f4e351ba1680fd5aece6369a0a4aaab340638492064b91d7aa750969	c453b2fc643b76ad9b7143c39ce53a14c30b70d62f0fe01fc16c5fbc024d074b	4025507	-	9c38904e0edae3d16941b100549b8f567b8d1e13880f9600a22e4a6406ab7d39
RF-CHAIN-T-n10-r1e-04	dense_scrutiny	typed	solved	ok	0	4b980f9f9e9f25a49e60449c8fe8b632c92f76001b9c940c7df0995371552b83	bba8b1d39e75ab12b5f0eb98ebe4fe42572b3634af00ee49ccc6e21214794495	415375	-	df9e76b891a4614a238cfa102014d2af43fc622f7df326dcdd12e3a212c36277
RF-CHAIN-T-n10-r1e-04	dense_scrutiny	captured	solved	ok	0	4b980f9f9e9f25a49e60449c8fe8b632c92f76001b9c940c7df0995371552b83	bba8b1d39e75ab12b5f0eb98ebe4fe42572b3634af00ee49ccc6e21214794495	415375	-	41ee05b14d6d5361d752db887f49447d326e5225b75df65bf97039fb781c2954
RF-CHAIN-T-n10-r1e-06	sparse_interactive	captured	solved	ok	0	700edbf2b8436bd235b0426b48fb28b84d4315540f65a8a46ca80e60e454627d	554ff4c4ac9a6bcacb5a6f21cfea527362045d6bbc3e228a33ae8629cd8c95ad	414795	-	3078b17c3a0c8e11bac578bfdcfc9c0198b2d9ac252d9d38d49c7677a844b0e5
RF-CHAIN-T-n10-r1e-06	sparse_interactive	typed	solved	ok	0	76486d9bfc1e788e62a8a65075df457d5d3a1298dd2402953591a4b5a707f042	8d84023f36e3eaa6dd4b132cec9bd8803c2c924b45ad2aba9c28da6d547c0871	414367	-	d7bf7f77a0b36cecd6af44e7ca6019d40132cd59fcb6c4fb3203cfefbc8f8352
RF-CHAIN-T-n10-r1e-06	dense_scrutiny	captured	solved	ok	0	256b6e71f786700a12300c2bb9e73c83da47f3feb0000405cdfb82e9c4fc64cd	4bd838087e0a433bc647545e7540facb8a67c8e9aa17605e69de36fc4534c8bb	416053	-	b527238ec7ff593c30e186c9d7b85ff2b30e905a23e9661ad8e05c7f864786a2
RF-CHAIN-T-n10-r1e-06	dense_scrutiny	typed	solved	ok	0	7f5a8cc755bc54e304b1f37e6d824da906deb341e884dac72c861c0df6b72ae8	a59b3ef97a04658240634b13e3b0afccf4997436ddabe4df6b131842728d2fb8	415625	-	0d56282e175f14fb6f1269ac77d6843cccfb7b1c0b603368ec3c7f4023b8f658
RF-CHAIN-T-n10-r1e-08	sparse_interactive	captured	solved	ok	0	f8d951358e9ee77234797bbe0dcbd4f59b6cfee025e4b20ca3dca3a5545a40c6	922ca66344296cfe60a88cb09941088cdc42928d9ec78c7b68d1c5e7cbe141c0	414708	-	46b1379e2f386478fd5509a4475e1b1946fad9a145e82769c96beb9c7c0898ff
RF-CHAIN-T-n10-r1e-08	dense_scrutiny	captured	solved	ok	0	8b3dfbb737684ff22756ef3b3b1be6ef285b5f672f562c5a248961c5751ed63f	841a4542a9f615cf7ee67087e73564b11e64233bf1ef95abf15dca300d34de47	415998	-	ad143139315b1652f3d4261da9bbc074c3e06a80849cdfe0ade7657045a6dc81
RF-CHAIN-T-n10-r1e-08	sparse_interactive	typed	solved	ok	0	202b48555a685177d0735aeec35c6a05b86b284559d2ec43b48da396ae0124f8	66f0632e39b28bbec5b06e8b98a9a48971c2879e38dbe9d1c53fad425619d2df	414280	-	93f3572e13cccd07b85d08bd7bb0c01470679630f6779a13aed64d3c94ff6c09
RF-INVARIANCE-TREE100-RELABEL	dense_scrutiny	typed	solved	ok	0	5c3972e5fd011ad70754ad03c98adb272614957ca7a4ab3264b65a751679cd35	994cf6958c115f7704eea25d811fa729c0347b31f07de7d53b863b612f2da49b	4025104	-	85a4671bf43ccb2c9930533e6827774a0d0da6c39155249673b5fed6d3c8cf5d
RF-CHAIN-T-n10-r1e-08	dense_scrutiny	typed	solved	ok	0	5376165d6bb52f4c034d84d0eaec1afcaf1887982c65ae787c211e6b3374f741	798f51fa0a5f4ce02a99cf4f84938e37d78ee9a7bde5f33a7e50c5222a928cf2	415570	-	3e64bd34644870fecd6b51de0554a79296c8922878405966593c49e525d833d4
RF-CHAIN-T-n10-r1e-10	sparse_interactive	captured	solved	ok	0	c30500b594f151a7f1801e1b0a46cf7384eeb2df9d3f1e08f2c4953ce121303b	d5beb599c30b1dd0fe2819666473ff55b04ab1ad091ec53886930e1d6e60af1d	414838	-	f76c5491aae4e99403ff557d5c30de6d2896e07d8622ddfca60711de3e0c2074
RF-CHAIN-T-n10-r1e-10	sparse_interactive	typed	solved	ok	0	7ce53a57b7a44e2d0ff5fd145d54ba1160dadabbd09d1ce7b3195a446104b84d	708516b047cbfb435b498be75671ed2ecd53ba3f012cdeeb8cb59e7f634894d5	414410	-	7eab400df7a061e6c0ab53a97087d689352dffded23fed613cf2fd027db32eea
RF-CHAIN-T-n10-r1e-10	dense_scrutiny	captured	solved	ok	0	c7396eed0eac6d70452b077a610245c0836ebb6d9e1459541277956b7820c17d	5c4f2d153bca6138a1c5964caf059e1f600d21c0926785ea6bfe2c157c4d0dce	416106	-	9ef7a11523f0ba9f21bff53fe718e4414db1d089d779d6f82031a4502a43d4a3
RF-CHAIN-T-n10-r1e-10	dense_scrutiny	typed	solved	ok	0	1f0792349427ff1ad09ae6f70300186d4fc90865df09682a41ba4fa5659e8ac3	52410c9674e4c1d3266c19035a246e964cc985c9889bdb9723b1352f9afddbe7	415678	-	d44c8c6d65c3d46274ac58cf80076c745b806aecfafd93eaa6161d1d068ccf70
RF-CHAIN-T-n10-r1e-12	sparse_interactive	captured	solved	ok	0	0c3c5cef5f27604c0bd4ecdc0eeddf654cbb2a681980f9fcb233bf58dc25b263	811629f9c390a273137c76b240afc32fdbdf2ba2746476e259573579195cfd23	414871	-	e7700f7919736fac284162985d4ed6bab360437bed1cdd213aed4187099dda79
RF-CHAIN-T-n10-r1e-12	sparse_interactive	typed	solved	ok	0	2c9016d773af5c6a7633cb3efea546557881c6347ca53d99016b1289004c0629	03f4e25858c0b109ed4a13abe9c40190f3eaa22f4eb12f010c1d2bd8eab3a92a	414443	-	50fab2d937efdc0ec6ebcf4435ff7fe3bf1b9f85b65a5ac81db051b00f2da26c
RF-CHAIN-T-n10-r1e-12	dense_scrutiny	captured	refused_blocked	ok	0	2b85692fdc76fdcc00f13a85af387dd015a9aed2fc710347aec5e8c83f14b9b2	42302f432ffb53064e6acfe44c9ddcffc2995c72a1957bdec62793ca1f778167	4820	-	236fde98604317fa34ac490dbc16e4e9bd804ce8a488200b16c3b409852d2d07
RF-CHAIN-A-n10-r1e-04	sparse_interactive	captured	solved	ok	0	d805f0e33618a75fb59ef57631d0016fda9d4c63ce8915a9203fd354fcaeeb79	66e0af093af2fe2f71a8be3b9d462f56866ba54a55a21bdcacf22fc45935a21a	414810	-	d901288daa3b476cc97ca18cf3e610fde8879a621dd9b7ee1a38c02f08ae7b50
RF-CHAIN-T-n10-r1e-12	dense_scrutiny	typed	refused_blocked	ok	0	2da4a7ee131fa9543c4e21a485b465ae659e569bd0a22926a5e288b61a9e92dd	a04ab406c483c85e51231ce181054899eb40b2371e30328e72b1c2cd44424256	4392	-	8f1093707e430965c23de61eb673df2aac410785df63ff2292e617115249767e
RF-CHAIN-A-n10-r1e-04	sparse_interactive	typed	solved	ok	0	d805f0e33618a75fb59ef57631d0016fda9d4c63ce8915a9203fd354fcaeeb79	66e0af093af2fe2f71a8be3b9d462f56866ba54a55a21bdcacf22fc45935a21a	414810	-	9c42d1381c87fc37d500aa1f64606333f304a86e88b76c06d7a762f91e5638f2
RF-CHAIN-A-n10-r1e-04	dense_scrutiny	captured	solved	ok	0	0af7c7a2a519950e12be1c936c8f7e0ce91baa7a6f60cb88c7bb96e0c6ac0940	f2ed9b0dc5c7ef8f5a13213b5e0d980b5948651ab045914bc86bc78e0afea53f	415826	-	de001708dfcf42e43fa55dac69b7fed60e46d1967a2e169b02f1dd1eaa5f3788
RF-CHAIN-A-n10-r1e-04	dense_scrutiny	typed	solved	ok	0	0af7c7a2a519950e12be1c936c8f7e0ce91baa7a6f60cb88c7bb96e0c6ac0940	f2ed9b0dc5c7ef8f5a13213b5e0d980b5948651ab045914bc86bc78e0afea53f	415826	-	8a040b1b7f5cbe5359736050c5d1424da7f38735d302dac27dec3162574a8b0b
RF-CHAIN-A-n10-r1e-06	sparse_interactive	captured	solved	ok	0	ee1b76eacd93e8cf182c18e44e4ad22fb90f397a2ba36b8468dfafbce82e7dca	75507c0392e201b58791aa7886f384dbf74d8ff4a0b6c361c3980e2d0c06ac07	415226	-	ceffba4f19c065df820d82e2e9793cd5b7861e8f45b61e0b74f71c78a1ac3337
RF-CHAIN-A-n10-r1e-06	sparse_interactive	typed	solved	ok	0	1bd0104ac1676de794f01359ad29db37788c7a8aca7b32e7917a9d2877fa78f5	334efbd75e2ec11c4e5a907b71132128c1145f4a1f9425dd02fe513ede1dec64	414798	-	25bb90072d6da04a97024635780a6d65354608493901a6666baf454542c7aeb8
RF-CHAIN-A-n10-r1e-06	dense_scrutiny	captured	solved	ok	0	6a1236afda418daed2a40e2c6a5e604f6af66369cd19385e29f8093a4655ca6a	8094370ef6018554e99dfcefc6a7aafc878529b918f8ccf2ab439bddcc12b49c	416596	-	f8f43fbe982d2e2afa69be4559198f46f0e267ad61b39916d75eb0df2f0b8275
RF-CHAIN-A-n10-r1e-08	sparse_interactive	captured	solved	ok	0	05f12fd2bdd2a5459df20bf7b66f91aa4384bf6086ef31132f28e7108fdc09e2	b2a8336c94caba797ab51aebfd5ec970e04f45efa8cd749562b9ab17f3ec4708	415537	-	209e90ef72c7e5695bd42a388a72b667174b4cd3f17a9e2b2f4ad4de68e75f6e
RF-CHAIN-A-n10-r1e-06	dense_scrutiny	typed	solved	ok	0	772d4e7178d3ed8d96f8f199383c1eef22c1c4d5155d37712f33c001bd75c720	2ea438d5e43fa03a85e026c3b513ea9e103d1bad71eb89587227248e58bcd23c	416168	-	fc5c9f06fbba852a661dd46c934f59255df549734979ce4464c540fdf08f0dcd
RF-CHAIN-A-n10-r1e-08	sparse_interactive	typed	solved	ok	0	730bc6e1ded2a7268a5d12ae29e98565997b707ef67a890ec6c2c378ee3a242e	c007c0116318c644592d6c5bc66fc34422c8c4897d34dd874b7282cdbd7dcc65	415109	-	83f18548efc1a929ee212db20470d44b2343199f42cefeed504afd39df7b377d
RF-CHAIN-A-n10-r1e-08	dense_scrutiny	captured	solved	ok	0	09b5f8b84c5fc7790a008b5202df56c832ecadc0f276f6e1b8c0ef661b91697f	6c59f77c37074ab192d4d185de6d0abf4c69d73eae792ee452d49feefc6e5e28	416901	-	c3fae6c585e3266bc82209ad90a5e40e78104a5013730030e35b2faba2e743e6
RF-CHAIN-A-n10-r1e-08	dense_scrutiny	typed	solved	ok	0	d0d9f6362e91469959b0b06d84d27b76d82ef5a426ced816d69407eeda8edf2a	387434de302aba3a53cfd5c678e7b6284c074264df7c41e554f96e6225cafd0a	416473	-	fd3425763e89360040d53b2a0c5790674bbe54be479bd546a43239bf70ba03e4
RF-CHAIN-A-n10-r1e-10	sparse_interactive	typed	solved	ok	0	d619e35e94071551c02896dc1a5669b3189c428104d81cbc509074d2f975e52b	5c04c18beaa90ff57cc0c9ca2be8e4cd1feeb7371fe9d0e60963c1dbce3b2e12	415246	-	ba8d07be030561e98ce8e8aac078b95afb189d9d1c4ec0af382bbf7c593e10f2
RF-CHAIN-A-n10-r1e-10	sparse_interactive	captured	solved	ok	0	97e16be91f8ce6a9006ee3ba8fce9ecada762312f3e97a0ebab72b3d3cda8648	b5127bf5d11ea346f4acb4648255efa1bf5f47c614c27bcea731439717c0c276	415674	-	8ce7a1a2805f36465c9040c16c91a0e2f61b5ff18b55fc863e2c94263f100528
RF-CHAIN-A-n10-r1e-10	dense_scrutiny	captured	solved	ok	0	64bb73b6869351b8b304dee4a3b5857e78cd75286936fb24bb5c5244afaac57a	0d77f9d7611d284759c0c7a902ae0ae52203621cf056434277a95d127c4a080f	416966	-	9a5d7ad640f51c015ff8c057110431d8b3eab13937d713d53cdec11ca789c473
RF-CHAIN-A-n10-r1e-12	sparse_interactive	captured	solved	ok	0	146cf89949c7df84b587425de0e612654ef135ce1067fb19c58cde1c7a2ec163	de798803ab6667c564286e3c209c5fd8835a8132abbe2ec1dc1bc8b737256333	415665	-	de1a94563db645beeac52f0e23a2e2c3910f19cb88329b8d70078caa4462becb
RF-CHAIN-A-n10-r1e-10	dense_scrutiny	typed	solved	ok	0	c09bc05823ac70df85d2759f5d61b9e768e5044c8961cb20855be337ce1fab1a	d5d6d56bf090aa6b94f37e59bc9873a90e38e164faab12f46533cb4f2380a39b	416538	-	8922fefe964a66e4c08226ed31c8bbab22c2f48dfe8992ffb407fb8e83a8dce4
RF-CHAIN-A-n10-r1e-12	sparse_interactive	typed	solved	ok	0	cbffea86c21257ab64b8888460fb6e816a962304e5304a19434a3d1a36ae6212	1463afedd9ed993b71087acf0ed2b6f4a8ed0e92a2b8eb81839707f17b119aa0	415237	-	907eade72b395ecad619953b4aca35ca73065ff36bd447732dd8a69f8e9a30b3
RF-CHAIN-A-n10-r1e-12	dense_scrutiny	captured	refused_blocked	ok	0	ae7f7cba43ee1630576fe516e5583691733efe6c552b846d2fec3474c1acf593	81e36334102026078027abfb15d26e86a90da0fdb676f4287f55338d6ba7fba1	4819	-	764bf88bc76137bffee701938b1f1a8423a97ccca02bb0c12bf4dbabe3357d1b
RF-CHAIN-A-n10-r1e-12	dense_scrutiny	typed	refused_blocked	ok	0	afcfc3e98c5103e89dcfd9754610f86c95e9a97c2b9d64603fab5cc2c5843467	d4719fc091daa266c5b1dfc16f5881a0e295c52c29d639f25d8a07dab7221d18	4391	-	f314f480603885093a89b93de78be425bd7dfd9394a18e4015a44e72dcec38e4
RF-LARGE-CHAIN-n00010-AX	sparse_interactive	captured	solved	ok	0	19f58fcccc96769203b4f80eeb51699eb00901402a9bcf786d5bc33c910b7900	cd66d123e483865bae3c23c54f2fb94a7110759d9a72bc5bb200514f4f0b08ba	403186	-	cf746d52ffebf2b377b861bead03cdced7c34288b097ca42c7dc282905e2bb2c
RF-LARGE-CHAIN-n00010-AX	sparse_interactive	typed	solved	ok	0	19f58fcccc96769203b4f80eeb51699eb00901402a9bcf786d5bc33c910b7900	cd66d123e483865bae3c23c54f2fb94a7110759d9a72bc5bb200514f4f0b08ba	403186	-	994b0459ca1f26e0b191b0c14db3ca74de56f252336b3e368fa82b4f5ad2dbe6
RF-LARGE-CHAIN-n00010-AX	dense_scrutiny	captured	solved	ok	0	0b3f894dfeda112b22c311b57a2f3810172ea5df62c007d3a51740c15db7375f	4b4c4eb1104b5e2cd8dc7130080b3f230a836a113508fd4cf231498698996a88	405242	-	db4b01761a85e2e506c7eabf3a05a8438451a49aa8d16136a405217439ca0b45
RF-LARGE-CHAIN-n00010-ROT	sparse_interactive	captured	solved	ok	0	ccdd63240bb1e015d2684baa4a277ac4d2f2ed306302ea2c8f1ffc7cfbfb410e	dfb5299f73f5e531330dd3b37978365d6a13b6e9549003f24c14a8d1a32d7f90	405229	-	a8a2772d5fad75be389469c41d05c21e459dd119b2845cf4f4e8e21a08922c62
RF-LARGE-CHAIN-n00010-AX	dense_scrutiny	typed	solved	ok	0	0b3f894dfeda112b22c311b57a2f3810172ea5df62c007d3a51740c15db7375f	4b4c4eb1104b5e2cd8dc7130080b3f230a836a113508fd4cf231498698996a88	405242	-	88da8ad5da76d26aa15aa44b4b81f78091eec1c5e19c1f61cdf22dba565b22db
RF-LARGE-CHAIN-n00010-ROT	sparse_interactive	typed	solved	ok	0	ccdd63240bb1e015d2684baa4a277ac4d2f2ed306302ea2c8f1ffc7cfbfb410e	dfb5299f73f5e531330dd3b37978365d6a13b6e9549003f24c14a8d1a32d7f90	405229	-	96bb6ebf6a93504091c0423730b3731b0122d8f0c3a7afd0601b4250049516d1
RF-LARGE-CHAIN-n00010-ROT	dense_scrutiny	typed	solved	ok	0	22cf34e7dad08c7636375cbcce4d75d8700c04652f1ae6ec427b87bd8da13a28	e198833ff04162046d4f7ae8dc97719b80617452d351a88d2879faf702077265	406359	-	997fc521f59cd70438aae4d2db7549598d87ee9ac730d112c1ee46f497865ad4
RF-LARGE-CHAIN-n00010-ROT	dense_scrutiny	captured	solved	ok	0	22cf34e7dad08c7636375cbcce4d75d8700c04652f1ae6ec427b87bd8da13a28	e198833ff04162046d4f7ae8dc97719b80617452d351a88d2879faf702077265	406359	-	7450e1cef14f694c2ec6a477dea4c018954f7104dc5f2162e86aab8759511183
RF-LARGE-TREE-n00010-AX	sparse_interactive	captured	solved	ok	0	945f54445dc31c32a76fae0897188c2d7c5db5f28eee1214d5a7f1c6191a8f36	545bf6b218a80d0e3986bdff186aa4b1d9b8bb75a35f59d8433ce1e98b743b75	410951	-	6d8dbb9f7662757a50dadea00cc5fdcdb713772e4240a796845b39abad74f4c9
RF-LARGE-TREE-n00010-AX	sparse_interactive	typed	solved	ok	0	945f54445dc31c32a76fae0897188c2d7c5db5f28eee1214d5a7f1c6191a8f36	545bf6b218a80d0e3986bdff186aa4b1d9b8bb75a35f59d8433ce1e98b743b75	410951	-	6c8bb5cb44c528dfda572eacfcb4956d3a3f4f32ecf5d246aa6c9fe3514401d6
RF-LARGE-TREE-n00010-AX	dense_scrutiny	captured	solved	ok	0	a39df5034eafd8c064ca3520dd06ddb9b02d515edc19aa0b5c45dfb90e80c03a	22788c4105b037e8aa2bbb64a3ebb5481e8e904b30b743503eda7a914a18c864	413900	-	d2a966e41bdc121d8f291dcfab87ca08c4eee17c5f159dfbca529d571a152b18
RF-LARGE-TREE-n00010-AX	dense_scrutiny	typed	solved	ok	0	a39df5034eafd8c064ca3520dd06ddb9b02d515edc19aa0b5c45dfb90e80c03a	22788c4105b037e8aa2bbb64a3ebb5481e8e904b30b743503eda7a914a18c864	413900	-	c27d5ccc2f9323ed48e5c1b8770c5fb81d91ee1a7b6eead8be401a5ac45c358b
RF-LARGE-TREE-n00010-ROT	sparse_interactive	captured	solved	ok	0	49b80fa58344002995c1e91ec354b677bb8d88fbb4e5b9c93bbf074e2eb3de3a	457733c37f99819ee9050f9692da64ab2ccb9dc7772e9a5bbe1672f46a9b7576	427413	-	426573e750720098500d811c76f5b85cdfc7c51c6e924f725d6b264179cb55fd
RF-LARGE-TREE-n00010-ROT	sparse_interactive	typed	solved	ok	0	49b80fa58344002995c1e91ec354b677bb8d88fbb4e5b9c93bbf074e2eb3de3a	457733c37f99819ee9050f9692da64ab2ccb9dc7772e9a5bbe1672f46a9b7576	427413	-	f887a47fcdc68649ec5df66994bf3842cc58a1bee21ccb8b4a498cfb495230e1
RF-LARGE-TREE-n00010-ROT	dense_scrutiny	captured	solved	ok	0	e5c12dfe169e23e27f5c92ef8061ee3faecbe9c5a5981050fefc15d193cb8d8d	a3151704c1db710cff47e272ca4f7b21cd371b57e22749484ef72b4ed022b4d7	428897	-	6c37fdd87fe4c65d07c414925dcd33e184696b7804edbfe66b4898388a1ab775
RF-LARGE-TREE-n00010-ROT	dense_scrutiny	typed	solved	ok	0	e5c12dfe169e23e27f5c92ef8061ee3faecbe9c5a5981050fefc15d193cb8d8d	a3151704c1db710cff47e272ca4f7b21cd371b57e22749484ef72b4ed022b4d7	428897	-	67c4a0f154c6f6f0dd34a982a7d9b30716696266791a079ad37f07c4b33790f5
RF-LARGE-CONT-n00010-AX	sparse_interactive	captured	solved	ok	0	6569218eb40623b4528f1f591ab8550e0f1f6d6526a11c92e1ab47e4dffac66f	d921b43de52a176d85068cafb177f5cd0e0ab1ea2af40af5038b6126a21f9495	397523	-	786bfd8feff03c9cf4ef6d3985903183047feb8ae4b655597410c3125e699cd8
RF-LARGE-CONT-n00010-AX	sparse_interactive	typed	solved	ok	0	6569218eb40623b4528f1f591ab8550e0f1f6d6526a11c92e1ab47e4dffac66f	d921b43de52a176d85068cafb177f5cd0e0ab1ea2af40af5038b6126a21f9495	397523	-	1e3268f7c395a41503296d01590b1d2edcb68c3512f51cd3a5bd325022676a3c
RF-LARGE-CONT-n00010-AX	dense_scrutiny	captured	solved	ok	0	5d412949022189846d3b603a9fc3a83c1d48db599b69dd79fcddffc07f91f3e6	3b877a427b678ad007ea228457c93107dc7bf06bbd3b32b4213ff3fe0ba0ccd4	398957	-	e93100d29c792c2bf86d3c4adab401b856e5ec5fa993cd5e5553a408cfe8a7a2
RF-LARGE-CONT-n00010-AX	dense_scrutiny	typed	solved	ok	0	5d412949022189846d3b603a9fc3a83c1d48db599b69dd79fcddffc07f91f3e6	3b877a427b678ad007ea228457c93107dc7bf06bbd3b32b4213ff3fe0ba0ccd4	398957	-	e06f35072234ec74db3ae1b515e526e85802f519d25f2ddb8053006f4542adbb
RF-LARGE-CONT-n00010-ROT	sparse_interactive	captured	solved	ok	0	44464b6933b22f16b4b01138be61ff1a4c923e3e62200db9c5bdca210f6fb9b0	916e4042ad77f367dad1fb4a2fb9a0cea54d6699245bfb6397b0e2adba76ee94	407220	-	c8eb3efe5000b025ce25852df499a9d1a79f97403dbe3235b966f73996245cea
RF-LARGE-CONT-n00010-ROT	sparse_interactive	typed	solved	ok	0	44464b6933b22f16b4b01138be61ff1a4c923e3e62200db9c5bdca210f6fb9b0	916e4042ad77f367dad1fb4a2fb9a0cea54d6699245bfb6397b0e2adba76ee94	407220	-	af6ce9a69333855d6783c1928ccf20bb75cb2f4c212379ee43b70b9be2e7ecdb
RF-LARGE-CONT-n00010-ROT	dense_scrutiny	captured	solved	ok	0	22cf6d6f9155fd40b9aa64c8946ea0a4251e414b7371d284b4ed2b177a5ee2d0	1e46aafa955f98462e2730327d3aa5bdb1c825bff3d82d060e70547f4cad4b5e	408450	-	945a53ce0248247121078340aaa72f9de42b165281e2a93754fb44297974cf32
RF-LARGE-CONT-n00010-ROT	dense_scrutiny	typed	solved	ok	0	22cf6d6f9155fd40b9aa64c8946ea0a4251e414b7371d284b4ed2b177a5ee2d0	1e46aafa955f98462e2730327d3aa5bdb1c825bff3d82d060e70547f4cad4b5e	408450	-	ec9f3f1cc6bb43490548d0ce42fe50c03a8faba32387ea1bcd28fb17826f4687
RF-RANGE-CONT-L-240	sparse_interactive	captured	refused_blocked	ok	0	80bc1146d4d9c76690d83a6af006ca37e42461e438c340c6803bb3c90451c8d1	05bdf62f01f5ffc6bc704c4eb6fdae3fc1b339997ebcec226318d2c46bf22601	4863	-	6268484bca0acbeb913689e731b6ff412fb37088ac1543ab50081197fa882e3e
RF-RANGE-CONT-L-240	sparse_interactive	typed	refused_blocked	ok	0	80bc1146d4d9c76690d83a6af006ca37e42461e438c340c6803bb3c90451c8d1	05bdf62f01f5ffc6bc704c4eb6fdae3fc1b339997ebcec226318d2c46bf22601	4863	-	9e47324232ae4057a38c2b92be389b8d2058bc3e90445a7f7e8bba317314f728
RF-RANGE-CONT-L-240	dense_scrutiny	captured	refused_blocked	ok	0	80bc1146d4d9c76690d83a6af006ca37e42461e438c340c6803bb3c90451c8d1	05bdf62f01f5ffc6bc704c4eb6fdae3fc1b339997ebcec226318d2c46bf22601	4863	-	fa9bb9b61d3a0466bf13ffad4cb9aef32bf64beb5fa0a191c066ab3f67f52d9e
RF-RANGE-CONT-L-240	dense_scrutiny	typed	refused_blocked	ok	0	80bc1146d4d9c76690d83a6af006ca37e42461e438c340c6803bb3c90451c8d1	05bdf62f01f5ffc6bc704c4eb6fdae3fc1b339997ebcec226318d2c46bf22601	4863	-	5e68cce2232f76aa581a7f7e81ba5911dc89e4a380c742a89b13d50d7de6615c
RF-RANGE-CONT-L+240	sparse_interactive	captured	refused_capture	ERR	0	-	-	-	170bd845478bc61f9a5cf985ae22829143eb22dd5772443ca40fb0fb17f77541	3081a3513ab03d1f9a09f7f748a27736e9d7f83c3bc22372030e837574729400
RF-RANGE-CONT-L+240	sparse_interactive	typed	solved	ok	0	debf3fce0251f86d4a57b89dd5c49db58ecd8ea94bae0217e0492787e400e485	2c787168aa7cd9052a463988546bad888950d8b0f71b189be148b560f25fcebf	398875	-	778568cb5d82fcd2c48cbb7210b41416ee1091b286a2293ca9ae52544456291f
RF-RANGE-CONT-L+240	dense_scrutiny	captured	refused_capture	ERR	0	-	-	-	170bd845478bc61f9a5cf985ae22829143eb22dd5772443ca40fb0fb17f77541	ab933830440b8a964d14a94afbf04bb886b9d06ef56628c31fb666fa699dbe67
RF-RANGE-CONT-L+240	dense_scrutiny	typed	solved	ok	0	9f6fa8c309db5518bd3ec0ce8917bccdbc1971c1fa734405b534b759879fd161	1c560641250aaca27ad23945f878ecdc47324c0d9c68a1b165ea15a3720e03ca	400417	-	3d3c3d0de62394665415edc7572f19cdf8a06b52c1d9494b678c784af74bdd64
RF-RANGE-CONT-E-1000	sparse_interactive	captured	refused_blocked	ok	0	892ac0df9fa6e946889caa13ee3fa8426bc989e7097d241fb7667b79c1059d31	84389adea58ff58cd594327a0f178afadf99ba1a103c1e77af77afbd3f394b20	58886	-	2ac8480f35fe46ff12181006a05f036b28dade3a65402cf90d329356eed55418
RF-RANGE-CONT-E-1000	sparse_interactive	typed	refused_blocked	ok	0	e7d5f29cd099ab6edbfa2c087ae664819f526c9912ee0e6b02f649c1eaec079b	32ab82e78f5e024a0af20b9af958e523cfff55770cc9cfe66e67217038313533	58431	-	64b219e833bde20b9bf65b7657c83b1fdc240de555a8173fab24a7182fa40439
RF-RANGE-CONT-E-1000	dense_scrutiny	captured	refused_blocked	ok	0	a42468302a78e83f48db9d1f77ea7e3419d2abd64aec6fb6b322504d3212aae8	73651eec06bf3f3a270adadff1208c26d03b14f173d6e633e0310490bc37a46a	59217	-	299d20f572648ee3dd5c44f70fa3d1e8d9578e3b8f85919f07aca01d3b1c7477
RF-RANGE-CONT-E+960	sparse_interactive	captured	refused_capture	ERR	0	-	-	-	fd74a201202446c048a28751ac5bd42de071c8dc29b8e125ba78c63903d5b137	ce7583f64e55f12cfb98d8ff57c98d2601d1bc6ffc6461d2ec47bf4125db2655
RF-RANGE-CONT-E-1000	dense_scrutiny	typed	refused_blocked	ok	0	6f58a8da86d570f1ef7221ee8701be061624f9e1941f4149637b1026118e839a	0dd1ac7dc0912fcd697a39a49cbe393513b618d0f0013ff650c556020443661c	58762	-	5b3e81b314999883d5f1ba7c6270904d047f757d6a5011a4557d4952c4a81910
RF-RANGE-CONT-E+960	sparse_interactive	typed	solved	ok	0	22ef78ffa013052e0e32629ecd89542cd1a1d31914af73c936676a081a9b7e48	12a6957fe2bdfe62feefe3daf4e48d9626a4aae9e6341e8beffc8fc3a33848a0	397521	-	f7b5d0b9bb563c08dd12b36946478748eb260691a930bff5908e7684fc6c17ef
RF-RANGE-CONT-E+960	dense_scrutiny	captured	refused_capture	ERR	0	-	-	-	fd74a201202446c048a28751ac5bd42de071c8dc29b8e125ba78c63903d5b137	5d461e0d7a2e7dee1716e9958d43b25fb182bede6a0c34f9251e08dae3d67d6d
RF-RANGE-CONT-F-960	sparse_interactive	captured	solved	ok	0	868d981949ff57b4f960cb346cb05cf604b454a91bdc7adeb9c76afd50b391ce	18d3aae81e89c3ff335cf54ccec04d9755399d94535fc241c725ff2cb557682e	400046	-	b0fec42f1cf12e432d91ce56e1ba855012d5a3fb8f8e5ecf847da4b44c182595
RF-RANGE-CONT-E+960	dense_scrutiny	typed	solved	ok	0	44db7cd39a460282ce45afdffa35afaba9bde5ceec582cc891ad0c3f64b613b5	dc18893a42407f9ff5a818f006068d188fbe2aa5e73553eadb0d81f205a482b7	399240	-	7819b34224bbe8f93be72527fb516c428365a0628d4dfd7aa8ee0171fc4e1556
RF-RANGE-CONT-F-960	sparse_interactive	typed	solved	ok	0	868d981949ff57b4f960cb346cb05cf604b454a91bdc7adeb9c76afd50b391ce	18d3aae81e89c3ff335cf54ccec04d9755399d94535fc241c725ff2cb557682e	400046	-	aa7c7130ba770aaa6b1bea4c536a96098dae0eb0d2065dab5fcc07f868a553d9
RF-RANGE-CONT-F+960	sparse_interactive	captured	refused_capture	ERR	0	-	-	-	e1890ca8891a526c16661ecd18e9ec4a3bae73304a7b346a2cf5cd8ad8c76e3d	08144b2b7916b86c76ffc39f847edf559a717cbb6a241a0f2500bf5376011783
RF-RANGE-CONT-F-960	dense_scrutiny	captured	solved	ok	0	bd961812c321a31046c65b275fc46cc4bea7d55799c9763a7ffd53f013d6bc53	c4877dbd8311779ca47b7a274abafeeb20aa6297449c11533d1057de42bd4adb	402010	-	f0f6bcc76d139f6f5dbf44510cf9794cd986475f44987e8f970b799f9da74553
RF-RANGE-CONT-F-960	dense_scrutiny	typed	solved	ok	0	bd961812c321a31046c65b275fc46cc4bea7d55799c9763a7ffd53f013d6bc53	c4877dbd8311779ca47b7a274abafeeb20aa6297449c11533d1057de42bd4adb	402010	-	fb98d426c283e6ee0206bc7cbfe0a1ced064b60ed7b8536a7048d0b1c443d498
RF-RANGE-CONT-F+960	dense_scrutiny	captured	refused_capture	ERR	0	-	-	-	e1890ca8891a526c16661ecd18e9ec4a3bae73304a7b346a2cf5cd8ad8c76e3d	143d7ab367e9034bdc20c277cc01909ee9c69cb7625a2acb77d53ecbccf341b1
RF-RANGE-CONT-F+960	sparse_interactive	typed	refused_blocked	ok	0	a5d6996afd43823e27ec69a484b2fbdb35c8e358a7f4d3d84855cb0384ac680a	6b0b797c25452514740bd08ad02f8a9c69184ef47b5abee20a1641e241d8eb67	58690	-	afca962b0636cf43a267702bf947c448997492264ab5cbadca2b6fceaa1881a0
RF-RANGE-CONT-LEF-small	sparse_interactive	typed	refused_blocked	ok	0	80bc1146d4d9c76690d83a6af006ca37e42461e438c340c6803bb3c90451c8d1	c679d31d15972d3f75ec5dd3fe90c83af51ef57602e891a046a22c0fd75bab86	4867	-	dc858ef3aad5322b3554ae5321964ed8bc5b90a45dd4169eedd5e212b6f8b31c
RF-RANGE-CONT-LEF-small	sparse_interactive	captured	refused_blocked	ok	0	80bc1146d4d9c76690d83a6af006ca37e42461e438c340c6803bb3c90451c8d1	c679d31d15972d3f75ec5dd3fe90c83af51ef57602e891a046a22c0fd75bab86	4867	-	88eaa77bce25b84e628c5aa2b2cccd886773eec5548e530e7492ce7f9a958b84
RF-RANGE-CONT-F+960	dense_scrutiny	typed	refused_blocked	ok	0	2c7bb817239c8fb68cf7d89aa94c20f8ed6922eecfd0059dd903ace9535cf1ac	c65ca6fa3230e2a6c9e4dace370b193308bed2b0807e6711f70f68740ca35214	59037	-	12c6e7604aaea2dfc1cbce738d53fcdcbfb3511ac44908768dc6d2f42d3fdec3
RF-RANGE-CONT-LEF-large	sparse_interactive	captured	refused_capture	ERR	0	-	-	-	47e49f9d40238d263e9c8f3bf039e0a8809d7dc49a840ac81fecf0454198d033	f3e3cfc93b68d88e8c9f5b14b3d472402f85130c53d42736f5f18a2ee4d848c0
RF-RANGE-CONT-LEF-small	dense_scrutiny	typed	refused_blocked	ok	0	80bc1146d4d9c76690d83a6af006ca37e42461e438c340c6803bb3c90451c8d1	c679d31d15972d3f75ec5dd3fe90c83af51ef57602e891a046a22c0fd75bab86	4867	-	51f71b65053dd9db5500401abf0ebab81460b46152b1b1e62d67e9336fc404ed
RF-RANGE-CONT-LEF-small	dense_scrutiny	captured	refused_blocked	ok	0	80bc1146d4d9c76690d83a6af006ca37e42461e438c340c6803bb3c90451c8d1	c679d31d15972d3f75ec5dd3fe90c83af51ef57602e891a046a22c0fd75bab86	4867	-	50524b820ef42f20c270bda3df68c83f245562b17de04ed5b0bb35523347dde3
RF-RANGE-CONT-LEF-large	sparse_interactive	typed	solved	ok	0	777d9a9033bebd5e10dbf78ffc43d17d3ea1940770e1fe83dfe93dfe95ffe2d5	fb7709b73b118d3252d782dd0e0045fd8113ad35bedf69ea8cf5e317b6aa832d	401200	-	2e0edc9e0bcaef00905c00e0cce512dff226cb94b86238cd7c352e4694669a94
RF-RANGE-CONT-LEF-large	dense_scrutiny	captured	refused_capture	ERR	0	-	-	-	47e49f9d40238d263e9c8f3bf039e0a8809d7dc49a840ac81fecf0454198d033	5e5d7a3951888cc21607812985ab2effbaae9e49eccae0518f5e0822a8345be3
RF-RANGE-CONT-SIM-a	sparse_interactive	captured	refused_capture	ERR	0	-	-	-	8a03f164011b8b761881c3c0c34c6e60e3e799a2648babb5be9dd274301278ea	769532d85c02566906ac6e944ecc5dfce9d8c36fb78e8fde28197f04c2c1b146
RF-RANGE-CONT-LEF-large	dense_scrutiny	typed	solved	ok	0	afc169cfdec54bcf33d912ee9e73db3d162e7db2f1573a4c72042ea60a0a727d	732dc596367ae62efe7129892ad1c52b0885b1ea9003a7c83fa22b9b0a322c19	401513	-	f51722a727099d8d8971afe7a619d86ca0f867a1382d30853cc388bb910c3baf
RF-RANGE-CONT-SIM-a	dense_scrutiny	captured	refused_capture	ERR	0	-	-	-	8a03f164011b8b761881c3c0c34c6e60e3e799a2648babb5be9dd274301278ea	3564bad3ed1779f8a0becbc435d11a418ead63f0b21b8ac4e0f02b593218f65c
RF-RANGE-CONT-SIM-a	sparse_interactive	typed	refused_blocked	ok	0	80bc1146d4d9c76690d83a6af006ca37e42461e438c340c6803bb3c90451c8d1	dea20f5be0d488fd4b97192b74c2e948c0f29ab236240b9445de9275eec212d3	4863	-	4d4ee05f82899f4c551ec1c4309124bcd88c05549dcba9e1e4a5d806e6cab277
RF-RANGE-CONT-SIM-a	dense_scrutiny	typed	refused_blocked	ok	0	80bc1146d4d9c76690d83a6af006ca37e42461e438c340c6803bb3c90451c8d1	dea20f5be0d488fd4b97192b74c2e948c0f29ab236240b9445de9275eec212d3	4863	-	abf207c0e29846a7a168023f0cfcc6a6a00dafa08049b12b1076d40e63e31a95
RF-RANGE-CONT-SIM-b	sparse_interactive	captured	refused_capture	ERR	0	-	-	-	b574c1ad7943c3eb208d58206f9a4f2a8f2704ccbaac3f029039a88ccd8c6d77	0c1d0533d66f4ab2709c89d4ecde97c215672ac4bc6aec9187c0db37340ab189
RF-RANGE-CONT-SIM-b	sparse_interactive	typed	solved	ok	0	970b1c7435919f99660d02ab42b22ab9ff3437dc79187231392208d42551353a	18acf8030e34e4a0a62db29a97f3836fcdb3b73e4bdcdb22155bcf3dae7d5097	399728	-	9331224797897474a57591e3c16f751908400c2c84a3813f75dfa7b5958e128c
RF-RANGE-CONT-SIM-b	dense_scrutiny	captured	refused_capture	ERR	0	-	-	-	b574c1ad7943c3eb208d58206f9a4f2a8f2704ccbaac3f029039a88ccd8c6d77	4be380105890535c35bbf06f19a59c608466841ebe512629123dceb233afaaf9
RF-RANGE-CONT-SIM-b	dense_scrutiny	typed	solved	ok	0	84bce46df61cc718620e2cb9c01c213db9c4b42bc2835730c18e3775e40d4c85	0e6607999433248da34c7501a24abc21ef9a5151b57a0e4ff351b8bba045698c	400053	-	14e440040a8c5dc9d412b8e5d941a50eaf234e358dcc17dedef437e5ed5ed58d
RF-FINITE-THIRDS-O0	sparse_interactive	captured	solved	ok	0	2048fc24c7eff0e7f14b221207e42092186d2ed81b381057ca510c3e611b9818	43832301887c20496481fc58e0df08f9e2793c5dba2f8f0518fcf9e1dd230405	413541	-	6ae1fa1e97c4fb1c59dbddaddab3bbd07097a9f4c8eb19dff334e0a3855dd6f1
RF-FINITE-THIRDS-O0	sparse_interactive	typed	solved	ok	0	2048fc24c7eff0e7f14b221207e42092186d2ed81b381057ca510c3e611b9818	43832301887c20496481fc58e0df08f9e2793c5dba2f8f0518fcf9e1dd230405	413541	-	65174c16fdd5526403a57cfa0e43c5e79c4578417bdc07878b29703ebfb69889
RF-FINITE-THIRDS-O0	dense_scrutiny	typed	solved	ok	0	0da400a85a5b74d50c8f24c6ab990c5b72cafaaa84f304567a7f2d8a2e4ad544	080f2d0e3a3d76c71ee055dfa4c089e86e3a9c42beec35d6cf07fce77420cb79	414750	-	418b12fa30310c8386312303d23c749acb5ed6a627b1dd32aa0b587176c3664c
RF-FINITE-THIRDS-O0	dense_scrutiny	captured	solved	ok	0	0da400a85a5b74d50c8f24c6ab990c5b72cafaaa84f304567a7f2d8a2e4ad544	080f2d0e3a3d76c71ee055dfa4c089e86e3a9c42beec35d6cf07fce77420cb79	414750	-	bee23bafca45beda9b5d5c7b95d0629b41724eb367806de7f03f17b9cef3a1d8
RF-FINITE-THIRDS-O1e3	sparse_interactive	captured	solved	ok	0	71d604e61fd0e12093a2c6eab44838135962f6fcf3910a2d0fc2b734079a6d2d	d1a5b7514964ddcf782d501545f8f5cf82290c9abf9b49542ede92ffa6033c68	405758	-	c87ab4822397c667f92c4296a44125e4ed8b00adb44f7968a30bb484e8bb514b
RF-FINITE-THIRDS-O1e3	sparse_interactive	typed	solved	ok	0	71d604e61fd0e12093a2c6eab44838135962f6fcf3910a2d0fc2b734079a6d2d	d1a5b7514964ddcf782d501545f8f5cf82290c9abf9b49542ede92ffa6033c68	405758	-	0b2fb537240b82a0b4d80b4e8575abc3e7e9c54d7b2fc8cbde2c952ef6abdcab
RF-FINITE-THIRDS-O1e3	dense_scrutiny	captured	solved	ok	0	ace1b09e6773af5dba1861a976ebe1f8bd1ccd7cc87aced4413d42849edcdb33	e7d66e2268d027dde2ad55efe8b014a582ac1ce2d6686756bb9991bc12b27958	408315	-	50a50bd6aed6c38e45c132104351ef0e9788b92384fb9e987f24c6b9e1d8c14c
RF-FINITE-THIRDS-O1e6	sparse_interactive	captured	solved	ok	0	53c3105e3d2af7924ad7884374ca980655f520c80d05daa29e212cae8848be58	2c2cda7355580f20e0408ba75c153bdd4bddab02822d4ec24e795a122a499853	404456	-	863180b6a09cc0430998cd968761dd77519c0197bdb67cc5a922f34fcf339a2d
RF-FINITE-THIRDS-O1e3	dense_scrutiny	typed	solved	ok	0	ace1b09e6773af5dba1861a976ebe1f8bd1ccd7cc87aced4413d42849edcdb33	e7d66e2268d027dde2ad55efe8b014a582ac1ce2d6686756bb9991bc12b27958	408315	-	d28288bdc7d46821a26c12ff115a29eeedeef1f807d1f2f981dffa0302c6830c
RF-FINITE-THIRDS-O1e6	sparse_interactive	typed	solved	ok	0	53c3105e3d2af7924ad7884374ca980655f520c80d05daa29e212cae8848be58	2c2cda7355580f20e0408ba75c153bdd4bddab02822d4ec24e795a122a499853	404456	-	8bc8282e5415e1a088bcfea83189bce80e7f8cb82143c82a4887f7cd5a9bcc72
RF-FINITE-THIRDS-O1e6	dense_scrutiny	typed	solved	ok	0	e4eb6a47d10154a922de05c1cc2c74baa3f6192b63a87937455c49be950548ab	99569a180c9cf08130b8e92b38e0e2791e4e15af36c0e9d74e01aec181e053e0	406146	-	346a2e8419ae1b980bbad85f23cf276652bfbee7020e9f7fcb0dc02751d07345
RF-FINITE-THIRDS-O1e6	dense_scrutiny	captured	solved	ok	0	e4eb6a47d10154a922de05c1cc2c74baa3f6192b63a87937455c49be950548ab	99569a180c9cf08130b8e92b38e0e2791e4e15af36c0e9d74e01aec181e053e0	406146	-	aed5e1be69a39054c70746353e82ff75e1b69e823e1d9dbcd9886e1ebba3e374
RF-FINITE-TENTHS-O1e6	sparse_interactive	captured	solved	ok	0	9cf42d6bc1b80d07401129d337374bb24e578556f18d1d78ed1ecb4d3e27eeb3	9ba08c049de7c86637cf689b107d96410cfde529b7e7844c203f7183d9e12a5e	406427	-	2eb182c58c3b33d0e5d9b4cfa197490df050caadfb3bd284bb84cfbc0d374db3
RF-FINITE-TENTHS-O1e6	sparse_interactive	typed	solved	ok	0	9cf42d6bc1b80d07401129d337374bb24e578556f18d1d78ed1ecb4d3e27eeb3	9ba08c049de7c86637cf689b107d96410cfde529b7e7844c203f7183d9e12a5e	406427	-	89dc2bdc163882fcbcff40bc0e0edc8fb08b18b8ee1d8b638fa4aa6a981a3ef5
RF-FINITE-TENTHS-O1e6	dense_scrutiny	typed	solved	ok	0	0dc2eeb5115a97ee123d6ef5a58a4f56ade356e9f61163eb2869d7cea1011f67	853b3233168382445d0e718bad27e64b1729e523716e10e6ec90b90ffa9bdd76	407993	-	3372c205a5caeef7d01df2ffcb9d37000d322536c48572de1034c57d52b06678
RF-FINITE-TENTHS-O1e6	dense_scrutiny	captured	solved	ok	0	0dc2eeb5115a97ee123d6ef5a58a4f56ade356e9f61163eb2869d7cea1011f67	853b3233168382445d0e718bad27e64b1729e523716e10e6ec90b90ffa9bdd76	407993	-	f46b11558a9692eb00b80be9152b4401a788bcf720e40c93f21ff676e53f493d
RF-FINITE-THIRTIETHS-O1e6	sparse_interactive	captured	solved	ok	0	5678564b76984e23d6cba15ab6fc71629f810882fe1940f39d5aee92194b4a53	a8cdbb7c99aa1879a819330bfdaa0819b78df5d9b63d17525aa982ca31dd33d4	405567	-	cf2c1fcef97902620be8efad21266e8e41f591aca4cb99fa52eef49cca40cf98
RF-FINITE-THIRTIETHS-O1e6	sparse_interactive	typed	solved	ok	0	5678564b76984e23d6cba15ab6fc71629f810882fe1940f39d5aee92194b4a53	a8cdbb7c99aa1879a819330bfdaa0819b78df5d9b63d17525aa982ca31dd33d4	405567	-	64849bcddb89dc07848a87fa72b45d17a41534b7ab9505857aee6b9d98e17cc3
RF-MECH-LINE122-TORQUE	sparse_interactive	captured	refused_blocked	ok	0	cb524e39280d936aeca0a70d0241d6c29333b3dfd2dc000d4198ea9754358b10	b0c2bb7594061b33f56bd2d0ed412f43ec77c7960eb62dfd81fb3d245336bb3b	6364	-	a27e8f4ccafe39cce06a8597fe31e4e9cc4a11c6fbebb2594d2568dedb1e72de
RF-FINITE-THIRTIETHS-O1e6	dense_scrutiny	captured	solved	ok	0	facb582f773fa563fb279f3bc24a0ce19bb077e2d57df826f1365cb17337dd9e	017263418f9aca80c2c41e7a01ff4fc77f53212883bb5114fe4519285955c7d4	407567	-	3c71b7b7f71e7a3d6104a829ed180ed2b6d103d667f4c113529d494e2e4436e9
RF-FINITE-THIRTIETHS-O1e6	dense_scrutiny	typed	solved	ok	0	facb582f773fa563fb279f3bc24a0ce19bb077e2d57df826f1365cb17337dd9e	017263418f9aca80c2c41e7a01ff4fc77f53212883bb5114fe4519285955c7d4	407567	-	4343fae31ac6cee742e0cf002a4c59566c7174b51f4a17e8e2d03b32df55963e
RF-MECH-LINE122-TORQUE	sparse_interactive	typed	refused_blocked	ok	0	208a8108cb5a226eff84b2c844e236217f8a95081383aad3071b8872a637e397	18821feaf93ceeb8988030d43243c7a04900c58ae8bb158d1245ebef61e39513	5909	-	0fbff4d57f737914b710c29c705a31fd1116508006218fbbb63e8ca419e1e291
RF-MECH-LINE122-TORQUE	dense_scrutiny	captured	refused_blocked	ok	0	cb524e39280d936aeca0a70d0241d6c29333b3dfd2dc000d4198ea9754358b10	b0c2bb7594061b33f56bd2d0ed412f43ec77c7960eb62dfd81fb3d245336bb3b	6364	-	b9a0f0cba0b0b5bb31ee6619361ca30b78a97c8fac51d1c987dea2e339454ffd
RF-MECH-LINE122-TORQUE	dense_scrutiny	typed	refused_blocked	ok	0	208a8108cb5a226eff84b2c844e236217f8a95081383aad3071b8872a637e397	18821feaf93ceeb8988030d43243c7a04900c58ae8bb158d1245ebef61e39513	5909	-	4d2e9b1a599d600b10d4833f266eede6ef09edbe275f77782707463a9be0d1ba
RF-MECH-LINE122-PERP	sparse_interactive	captured	refused_blocked	ok	0	db73a051de10bf6f0222f43b8b3ddbb7522ec06b0ab5165bc8d6e112ac77f193	66c77a8c02aeacd54d0edb9d8957df96a36a7909cb9863f2861b461042b3c9a1	6362	-	3ebdcfadc0532720b790b86f7324bb4d1f126ad495b0edbd1371377a65eb32d7
RF-MECH-LINE122-PERP	sparse_interactive	typed	refused_blocked	ok	0	208a8108cb5a226eff84b2c844e236217f8a95081383aad3071b8872a637e397	43f72621b716af40e4fc3efd82c3897c1d4e881a4a83c4b737f2ddc433f5dec8	5907	-	7e695fd7f71e2c0535c014b7a0f0fe1beacd7838b816265c7821ed6c511214d9
RF-MECH-LINE122-PERP	dense_scrutiny	captured	refused_blocked	ok	0	db73a051de10bf6f0222f43b8b3ddbb7522ec06b0ab5165bc8d6e112ac77f193	66c77a8c02aeacd54d0edb9d8957df96a36a7909cb9863f2861b461042b3c9a1	6362	-	a2ea6b4f6c770c1351ee097511ae26c99bb7c36ba52fa7f5b7e21125c129d5a8
RF-MECH-LINE122-PERP	dense_scrutiny	typed	refused_blocked	ok	0	208a8108cb5a226eff84b2c844e236217f8a95081383aad3071b8872a637e397	43f72621b716af40e4fc3efd82c3897c1d4e881a4a83c4b737f2ddc433f5dec8	5907	-	24ddff8dac139c811581a789ae82615628dba12a9fb469232427a51a71449af2
RF-MECH-LINE122-UNLOADED	sparse_interactive	captured	refused_blocked	ok	0	caf61d5dc920c391539c3fafac8979e5a4fabb36a001ab07b1354423c4d4f283	c21a5412f831bd680ba5bfd33934a25b22418f82ab0bea40ed8a33312516439f	3093	-	397af5b755bf62778388bbf0620f7dcd6f53fc453260da8d2b5100d09c536e0f
RF-MECH-LINE122-UNLOADED	sparse_interactive	typed	refused_blocked	ok	0	caf61d5dc920c391539c3fafac8979e5a4fabb36a001ab07b1354423c4d4f283	c21a5412f831bd680ba5bfd33934a25b22418f82ab0bea40ed8a33312516439f	3093	-	33efd5265246e2a6b340dc64ed750f8927bc3d369dcb5e975b51e57d1f5b1c82
RF-MECH-LINE122-UNLOADED	dense_scrutiny	captured	refused_blocked	ok	0	caf61d5dc920c391539c3fafac8979e5a4fabb36a001ab07b1354423c4d4f283	c21a5412f831bd680ba5bfd33934a25b22418f82ab0bea40ed8a33312516439f	3093	-	8858ef525e83c75713073b85f31e3055e4a839bd36183fef171ba84025598142
RF-MECH-LINE345-RZ	sparse_interactive	captured	refused_blocked	ok	0	a0005c0fb31f5a85cea5d54f39386d8a3b705064e0085ed5996b85988a1ea545	d3dc5f6b1e50926190d3c1759c1edff923f431d902aedd1076e9da4afd04b1b4	5480	-	bc1a2fcebad3fd7ec1809edd704e2c574bf4af14ba071656f6838d1e0d111e3c
RF-MECH-LINE122-UNLOADED	dense_scrutiny	typed	refused_blocked	ok	0	caf61d5dc920c391539c3fafac8979e5a4fabb36a001ab07b1354423c4d4f283	c21a5412f831bd680ba5bfd33934a25b22418f82ab0bea40ed8a33312516439f	3093	-	b2a8326e1c781f5c8cd65561c11a2d7799261fcdae89050cac008ffd879f1cbe
RF-MECH-LINE345-RZ	sparse_interactive	typed	refused_blocked	ok	0	b4f96bb9f526edc581e265e9d890f5371c0d61b52ce8b2400ddbe396280cd437	55ad808225053fade4946a3ae12d8cbfb40f76bacb203dfcbca21ff33c339ee1	5025	-	0585e2c34fcad267abb1a4acfb11efd5deaebb1ca37f54cbb76d948b58b84d6b
RF-MECH-LINE345-RZ	dense_scrutiny	captured	refused_blocked	ok	0	a0005c0fb31f5a85cea5d54f39386d8a3b705064e0085ed5996b85988a1ea545	d3dc5f6b1e50926190d3c1759c1edff923f431d902aedd1076e9da4afd04b1b4	5480	-	d4602fe598041545245c1c747938fb815e8e7b6df153f57a50000c690dd1115b
RF-MECH-K0	sparse_interactive	captured	refused_blocked	ok	0	bd9e8447713b3e754d81825deda382765004c3cec25ba6a9871895777f76f178	29c3d3d3ed9bb553edaf4f98e3ccb79e456fb53ce55f7c13d4af591c9bb833ce	3593	-	1d62dca56dcc8bd172f300afacadd68adcd7a24022c5489df5e2480445153c3a
RF-MECH-LINE345-RZ	dense_scrutiny	typed	refused_blocked	ok	0	b4f96bb9f526edc581e265e9d890f5371c0d61b52ce8b2400ddbe396280cd437	55ad808225053fade4946a3ae12d8cbfb40f76bacb203dfcbca21ff33c339ee1	5025	-	044416d318ba4440b9a0cb502da9bbfc4c0ba4ec3e8c81d7879eb1044346e7f6
RF-MECH-K0	sparse_interactive	typed	refused_blocked	ok	0	bd9e8447713b3e754d81825deda382765004c3cec25ba6a9871895777f76f178	29c3d3d3ed9bb553edaf4f98e3ccb79e456fb53ce55f7c13d4af591c9bb833ce	3593	-	9200bea5b6af091e07013cc56532bd9ed5f67ef074f0286852fd32f813fbc43f
RF-MECH-K0	dense_scrutiny	captured	refused_blocked	ok	0	bd9e8447713b3e754d81825deda382765004c3cec25ba6a9871895777f76f178	29c3d3d3ed9bb553edaf4f98e3ccb79e456fb53ce55f7c13d4af591c9bb833ce	3593	-	f1ede486485e6b3fde7159497c5115b43277d5e09b155b9b6e1768553dd604d0
RF-INVARIANCE-CONT4-BASE	sparse_interactive	captured	solved	ok	0	0be587e0f9ac4256e03235369dbff1643fe3622f1f9df1502e31f421ae84382a	2a81c8f5f9dba852b27ceb15991eff1ddb1b65485265813289492d7deb27d400	320626	-	0dbf331a13580cdaf30c22c4ee9505e3ae9659d3cf59d8c0ddc7517472c7e2e0
RF-MECH-K0	dense_scrutiny	typed	refused_blocked	ok	0	bd9e8447713b3e754d81825deda382765004c3cec25ba6a9871895777f76f178	29c3d3d3ed9bb553edaf4f98e3ccb79e456fb53ce55f7c13d4af591c9bb833ce	3593	-	0a1856cfdb2376bfae437d3bf22f15e2dc0527ddd11031bd4d682f8d8e9c73e9
RF-INVARIANCE-CONT4-BASE	dense_scrutiny	captured	solved	ok	0	e39b046c48b22885d0ab705d2f8b2fa8afd3e17acf9af4b88026f97665993b31	35d1d810294fce4633e588c4197f0c29cb0c77c79e095feca97ea9abd549895e	321888	-	8fbbd613a5aee3c2ea00c2a0a2b8085adb15a6120cc73375c90cfaadb9034d34
RF-INVARIANCE-CONT4-BASE	sparse_interactive	typed	solved	ok	0	0be587e0f9ac4256e03235369dbff1643fe3622f1f9df1502e31f421ae84382a	2a81c8f5f9dba852b27ceb15991eff1ddb1b65485265813289492d7deb27d400	320626	-	233e9b6755291a82212744335b691b34cfc8b5a6a11884e21392552b259ebc1a
RF-INVARIANCE-CONT4-BASE	dense_scrutiny	typed	solved	ok	0	e39b046c48b22885d0ab705d2f8b2fa8afd3e17acf9af4b88026f97665993b31	35d1d810294fce4633e588c4197f0c29cb0c77c79e095feca97ea9abd549895e	321888	-	ae9f8b849b42235b54b445c94e4b06acffa5a72a75a5ab02a4fe7d1846d467ec
RF-INVARIANCE-CONT4-ROT-Q3	sparse_interactive	typed	solved	ok	0	d78efa7d8e2b8cc431a2b1a4c81fd14896d310ecaaaf8bfe1ff4ae8e01290957	9c4ca8e321dfbca9dd520219ad2e394dda757c94e460b162d0f5bf445c3a235c	327548	-	4cb6af659919ba6b9c7eff103a49ded7c701babba1fb326ea3c512b63f3f5129
RF-INVARIANCE-CONT4-ROT-Q3	sparse_interactive	captured	solved	ok	0	d78efa7d8e2b8cc431a2b1a4c81fd14896d310ecaaaf8bfe1ff4ae8e01290957	9c4ca8e321dfbca9dd520219ad2e394dda757c94e460b162d0f5bf445c3a235c	327548	-	ccadee5f7ee8b129f87765a3ba38b08233092214aa44f2bca9cc2c100d526282
RF-INVARIANCE-CONT4-ROT-Q3	dense_scrutiny	captured	solved	ok	0	dbd251686f73ff980022dee62b9dd2472941000caca24baadff4ce6a4e3cd2dc	962cdf51efcab78f0836e3c625edca2596a43d57bdc3f14dae938d4729805db2	329308	-	cdf236f076907df636b92cab14eeb997985d0adc8dceb1386259c4e23252a334
RF-INVARIANCE-CONT4-ROT-Q3	dense_scrutiny	typed	solved	ok	0	dbd251686f73ff980022dee62b9dd2472941000caca24baadff4ce6a4e3cd2dc	962cdf51efcab78f0836e3c625edca2596a43d57bdc3f14dae938d4729805db2	329308	-	91f49cb21252c985fdea107cbce9739232ec3347f1fcdd2f758e653db552f3b1
RF-INVARIANCE-CONT4-ROT-Q9	dense_scrutiny	captured	solved	ok	0	643e6a37ce38c50afe9fef6b6fb67f65dd93174329f46ce04f6b98dab0ebf64b	2a44ffb09c5c56ad02bc7bd3643e264e3a57c1d506ed6fac6f63aaafc1176d3e	329876	-	cd50d3c799383b102585489c072caa5750249d73503e0f42bf0999aee52a9ede
RF-INVARIANCE-CONT4-ROT-Q9	sparse_interactive	typed	solved	ok	0	254431424640cd164b53ddd41144cb20d09aea475c633c8660dce3dbc0b1b745	5480bd8c8c3ef940933af28e8978e0689f9ac6ceaeff96810d5b621bfcc307d2	328597	-	d4fad04bc59dda5c5573c916934af301f435b5f68257fe2f1adfad2f4b6a25b1
RF-INVARIANCE-CONT4-ROT-Q9	sparse_interactive	captured	solved	ok	0	254431424640cd164b53ddd41144cb20d09aea475c633c8660dce3dbc0b1b745	5480bd8c8c3ef940933af28e8978e0689f9ac6ceaeff96810d5b621bfcc307d2	328597	-	37c43c6f41ae894605d29c7fbc25d103752eea7029ca822cd76fbc38fff52396
RF-INVARIANCE-CONT4-ROT-Q9	dense_scrutiny	typed	solved	ok	0	643e6a37ce38c50afe9fef6b6fb67f65dd93174329f46ce04f6b98dab0ebf64b	2a44ffb09c5c56ad02bc7bd3643e264e3a57c1d506ed6fac6f63aaafc1176d3e	329876	-	bfe702930f9d512fa74b699558060c766fd9aa820443a7faa6547de7324a3acd
RF-INVARIANCE-CONT4-OFF-1e3	sparse_interactive	captured	solved	ok	0	0be587e0f9ac4256e03235369dbff1643fe3622f1f9df1502e31f421ae84382a	d2594de2266105f33073466df2390d85ca7fd9375c817a71ee0cf086086ee588	320629	-	6772c9ec6de8c5ef8e6b14c197b351d6de197b1fde5a74ca70061bf8a7ca56c1
RF-INVARIANCE-CONT4-OFF-1e3	sparse_interactive	typed	solved	ok	0	0be587e0f9ac4256e03235369dbff1643fe3622f1f9df1502e31f421ae84382a	d2594de2266105f33073466df2390d85ca7fd9375c817a71ee0cf086086ee588	320629	-	6fb167fc882803ad0d7c33b2d13fcf01d5bb2ea0b3314fe3ab1eb769e0210558
RF-INVARIANCE-CONT4-OFF-1e3	dense_scrutiny	captured	solved	ok	0	e39b046c48b22885d0ab705d2f8b2fa8afd3e17acf9af4b88026f97665993b31	525aa79ef0d2ae7b5772c116be37a786232a64fbf5cb0581fb3c7fdb048e4047	321891	-	a77902f0d35832106b4e67acc238289c24ea8606f4b787435244f1b82946e4a1
RF-INVARIANCE-CONT4-OFF-1e3	dense_scrutiny	typed	solved	ok	0	e39b046c48b22885d0ab705d2f8b2fa8afd3e17acf9af4b88026f97665993b31	525aa79ef0d2ae7b5772c116be37a786232a64fbf5cb0581fb3c7fdb048e4047	321891	-	03d4270ec2b92b33e14de7d107b2f4bcd442e10777405ba8ff7228131ae52c17
RF-INVARIANCE-CONT4-OFF-1e6	sparse_interactive	captured	solved	ok	0	0be587e0f9ac4256e03235369dbff1643fe3622f1f9df1502e31f421ae84382a	e3e71cc3bbb4db4f08993f18f2466324a890c8fdd178225f16569b60c23a740e	320629	-	d628c564e3e41185a4d23b7553ab2bfa536a578ea8b89ef0706553ffc19c5ed8
RF-INVARIANCE-CONT4-OFF-1e6	dense_scrutiny	captured	solved	ok	0	e39b046c48b22885d0ab705d2f8b2fa8afd3e17acf9af4b88026f97665993b31	b39fb2b1c2daad0ce7b1ccd7df03f9ec96db2c4698243b43b942d8ae5193e0b6	321891	-	96b8f8ee69b796c93b441aadd8ccd4d815925e5c1f149acefe00662d13608189
RF-INVARIANCE-CONT4-OFF-1e6	sparse_interactive	typed	solved	ok	0	0be587e0f9ac4256e03235369dbff1643fe3622f1f9df1502e31f421ae84382a	e3e71cc3bbb4db4f08993f18f2466324a890c8fdd178225f16569b60c23a740e	320629	-	09bb42c926263393159dd5aa166aa7c8ad5c36a4dd10ace3b4b111d0cc2ba67d
RF-INVARIANCE-CONT4-OFF-1e6	dense_scrutiny	typed	solved	ok	0	e39b046c48b22885d0ab705d2f8b2fa8afd3e17acf9af4b88026f97665993b31	b39fb2b1c2daad0ce7b1ccd7df03f9ec96db2c4698243b43b942d8ae5193e0b6	321891	-	771552e7a71857cc51b55ba68b83378f3b2034912a2b07394697aaefca14295c
RF-INVARIANCE-CONT4-RELABEL	dense_scrutiny	captured	solved	ok	0	a756f52d9eec61cba9f3e9899d619e39507fbb7870fd9919c820ba620828036b	431166e29650aed6022adf7682522cf0e8db87ab4b45a9be7fd25da40c09b17e	321998	-	413c4b16b6690d1cac11dfdb3cc2c0489013de457b45bf81179251ce36efe5d4
RF-INVARIANCE-CONT4-RELABEL	sparse_interactive	captured	solved	ok	0	acf4a20f062341dedb0483abb2430e229be0fc7ad2c1316f99a8cffb3f042c56	191574acef6e0e848e938df31a26f4feb351ca58e51217d0671854df49c38a80	320728	-	875f663ce4efeacf0630a06a66f91c8e4773b10cd0d58fac9dee114e4fb12700
RF-INVARIANCE-CONT4-RELABEL	sparse_interactive	typed	solved	ok	0	acf4a20f062341dedb0483abb2430e229be0fc7ad2c1316f99a8cffb3f042c56	191574acef6e0e848e938df31a26f4feb351ca58e51217d0671854df49c38a80	320728	-	099567c9abfb3bc1774d21a9467ca35928b6a136f8c463775760ff2e14c24b91
RF-INVARIANCE-CONT4-RELABEL	dense_scrutiny	typed	solved	ok	0	a756f52d9eec61cba9f3e9899d619e39507fbb7870fd9919c820ba620828036b	431166e29650aed6022adf7682522cf0e8db87ab4b45a9be7fd25da40c09b17e	321998	-	0dd7e737703042520c5115778a0440a5f31f983ecb7a3c7a71671acac16401b9
RF-INVARIANCE-CONT4-UNITS-mm	sparse_interactive	typed	solved	ok	0	0be587e0f9ac4256e03235369dbff1643fe3622f1f9df1502e31f421ae84382a	c606de1454f16f541baa2eac167be8a043e14615fc06536fb22bcb1428e346fa	320630	-	7f8b4d3308a67046b95ecbd11d494f5f067ca5655cbd20ee0f506e6c9faa2525
RF-INVARIANCE-CONT4-UNITS-mm	sparse_interactive	captured	solved	ok	0	0be587e0f9ac4256e03235369dbff1643fe3622f1f9df1502e31f421ae84382a	c606de1454f16f541baa2eac167be8a043e14615fc06536fb22bcb1428e346fa	320630	-	162a4bea4fec108ff04dd13fda36b8a96289ef90fa8f786cf1847e85a423a29e
RF-INVARIANCE-CONT4-UNITS-mm	dense_scrutiny	captured	solved	ok	0	e39b046c48b22885d0ab705d2f8b2fa8afd3e17acf9af4b88026f97665993b31	386e34304c51bbde35039034a1ed401320a635c9e69c033356d020ccec3b21cb	321892	-	c09d87b54289361b8839d0cacb7fa7114662522caf8a3e5501982cfe7f36dcee
RF-INVARIANCE-CONT4-UNITS-mm	dense_scrutiny	typed	solved	ok	0	e39b046c48b22885d0ab705d2f8b2fa8afd3e17acf9af4b88026f97665993b31	386e34304c51bbde35039034a1ed401320a635c9e69c033356d020ccec3b21cb	321892	-	7d7e4a01e7d440a93d4465a958bda448a3901af22c2a2d0b73d4c447a4234457
RF-CHAIN-T-n05-r1e-04	sparse_interactive	captured	solved	ok	0	acd529c13de3001529218dba7c603ca193a379a180c09a632a3005e000a55601	51515ee4c678c565aacaeeb868daa6e026f3c00cb07bc43844e8676bddd63596	214200	-	6fcdc9c25add93f3581dfb50283c6bdc0f4972e6277fb465dd0cecf1eab7414a
RF-CHAIN-T-n05-r1e-04	sparse_interactive	typed	solved	ok	0	acd529c13de3001529218dba7c603ca193a379a180c09a632a3005e000a55601	51515ee4c678c565aacaeeb868daa6e026f3c00cb07bc43844e8676bddd63596	214200	-	8e5765d7bab304c9fdbd4b812ba7cf9bb527c4efb4f4d42c9e30bfa0853b3efc
RF-CHAIN-T-n05-r1e-04	dense_scrutiny	captured	solved	ok	0	42ecb42235c083191064aee37d2984a1d502576c4f3c2d54280f8f0677710ca8	20d2a31f6c3f0f1f88b9f78ab4fd698dc09b160b4ebf1b3ee82c47eabdb0aaf3	215517	-	9790bb1f21f70301e1e80a84da0d7913cba4812b0eec1a2def7229c6e2e1a722
RF-CHAIN-T-n05-r1e-04	dense_scrutiny	typed	solved	ok	0	42ecb42235c083191064aee37d2984a1d502576c4f3c2d54280f8f0677710ca8	20d2a31f6c3f0f1f88b9f78ab4fd698dc09b160b4ebf1b3ee82c47eabdb0aaf3	215517	-	23dd523e9184128f50b50c2f9c09fbe8191ade430caef9a0c72630f86821f48d
RF-CHAIN-T-n05-r1e-06	sparse_interactive	captured	solved	ok	0	e55dfa92dff3fc0a01c4955d1ccefedbf96ad8f0a24824c6742f7c52403e97e1	6f2f14d4b210e104e2452fee3208e5a3e2bed8874f9581651a919b2061e9bb52	215042	-	7ddc3c8f7157cd838f6808210a1daf96389c78d5d56b1b7de1e6719a37b1bc2b
RF-CHAIN-T-n05-r1e-06	sparse_interactive	typed	solved	ok	0	0fecb2b3751ab6607abb127d66beb4b7e751cc94ac6ef09e98e8cf8d40f1be9e	b22edbb0ce62ff4e8aaef6063366e35b0fc89c49b6d3a2b99fc9549868a75639	214615	-	0fa3f5099994865e4b41ef473b0462a920cca5c0540714f7a5f54c9e94b42364
RF-CHAIN-T-n05-r1e-06	dense_scrutiny	captured	solved	ok	0	c9362e8525714cd01e5c1e27f2341dc92d0bfb4ded7f47dfe65cd8a8555e3b19	983484c4cf82a221bff0d06082b4b38a530b162f7bbc6beb6b61f65149c8986d	216182	-	335cf94c59eda293ca441305bdd75c3a52d550261bb3968e2bcb19e6d80f26a7
RF-CHAIN-T-n05-r1e-06	dense_scrutiny	typed	solved	ok	0	2f792df6f14dff5d55c23b0aa8498b99ea5b34605753b402620e35a6e4203c87	7d2fef3e99c78979791590e3371d9c3a03ca8850fb54ae691426a0b5839471a6	215755	-	ba853f02a918dca3dd01d9434baab85bb6e51534be265925c7359fd0d0ee85b5
RF-CHAIN-T-n05-r1e-08	sparse_interactive	captured	solved	ok	0	9e1708183bb2e1c6f8596aaaa278e68abadb2c1db598a472142f47dd0421f967	e8c319d28682d4086cf875a921269cbbc55cd2cd5093584b36c6e7d3dc1d438f	214882	-	559bc61f539ae306fa26c62dfb5ab5378e2727db07a6b45229ddb6cec340918e
RF-CHAIN-T-n05-r1e-08	sparse_interactive	typed	solved	ok	0	565dd947e1b174b92326af2a5a8de19ac2693e16288d4b87c977b8b617e87557	845b266b2adf1ea24196d6f47f15f54cfbfad0e675f017b501de82a6ea8d0796	214455	-	d2eea4040b2fd74e52494cf9c973c0936d8ede9dde60b9fb6e327a4d46908602
RF-CHAIN-T-n05-r1e-08	dense_scrutiny	typed	solved	ok	0	d287433886eca68f44b6639437fde251147d86942dd5ecb03df176b61f11896b	2760def244b84076826f477be6c3487e9bad9edc5c4be3d9473bcffabf91d135	215741	-	d9ab95ddd4c0640a9a23330f510f6e447c8f644933991962a52e282879514ded
RF-CHAIN-T-n05-r1e-08	dense_scrutiny	captured	solved	ok	0	793a19efac99eddc65bc850deaa3497adb08d47b3913023a8c81c1643bfe8ae3	9d13f01c1efdad0ffc33cf1f6deb5e33f89517ecd9e6de6e81eae5743fa71056	216168	-	fc1b348a1ccee9fe8833187f3f1bf6f5ca052d214f290254f9aeb2766d97b048
RF-CHAIN-T-n05-r1e-10	sparse_interactive	captured	solved	ok	0	f50a6c0d04535d908aa6e1367594bf0cb67de58092ac696d23772bdfb514f2b3	f09bdbb267411add4217f512630f77a1c6ca2329c9ae2754566756a351f1ba89	214952	-	f5bc1a210a72635bceeb9cebdf94d776478935bd7cde7796d02664c759fb3217
RF-CHAIN-T-n05-r1e-10	sparse_interactive	typed	solved	ok	0	a6e0f0a0c509c032b91a9b841123475ea821cb9c85a1a7553c8c9abac8825dac	65ce7064d0677f618127a5e991d8a930828eb60d8433cc9e4bda6f036da80d7d	214525	-	d91e5acaf934c424574eb3d35a199e6d88a93831cf5ab7a0d5a369f2e63af53f
RF-CHAIN-T-n05-r1e-10	dense_scrutiny	captured	solved	ok	0	fa16a3b710433c353d9e7c7c63d6ee11249b6e9dee7379883d4472006341d8e1	5c3956c5b68848874bedc45b42e58055ccfd1b10281e59ff4c69edba6ba08632	216212	-	1e5a268699c1306bbd6c5088239fc4b504163fa1c7c5575dd18b0cfa066d27ee
RF-CHAIN-T-n05-r1e-10	dense_scrutiny	typed	solved	ok	0	13a3fba363a7efa69b8c84276b7d5f587b33f2580097f30e1e7ae1896be9acc6	d0bec88d3f4c465201252904cfedddd5652a3a8d1aeb9b1a44eb45e6cdb5ff68	215785	-	da6760518e845dd01ba3a108edd893a69dabc64d412f6550fe169ec910f4c4f9
RF-CHAIN-T-n05-r1e-12	sparse_interactive	captured	solved	ok	0	9fb3fa38b13ac0c35083bbd8633f3d643361e8c93409683466a834f2884bbaf0	8e4a62677d1913ea0b54896a112cbe1474491e32b170d3ea2c8e6e8edc988012	215020	-	d2b19e94f2a06941d855d2752caf9d19d914e417ff3377c3826a69a33f404da3
RF-CHAIN-T-n05-r1e-12	sparse_interactive	typed	solved	ok	0	957027f701d4297c5cdd06a42739beda817a40a960103e72c195350a61f326ff	93d0ab122d1d1e6b02e6eb884e2e957b19d069af874b70a7bd5b8102df97024d	214593	-	682208acb854a95fec1c9555799350ea23d758b83cb76321935672569ed0b752
RF-CHAIN-T-n05-r1e-12	dense_scrutiny	typed	solved	ok	0	6ecc103b74839050b99665173c6ad008b017e7a2497e6306e9fc201d38e8f3a8	cb536c286abc552266672d5df67070fd758af4e74da379710c6e6f8f27ebdbb8	215781	-	bbfba8c48de8aae64c50d0e925d1c7ce71b633ae01bf742d23a4779ffa8d195a
RF-CHAIN-T-n05-r1e-12	dense_scrutiny	captured	solved	ok	0	d974ba92aea87f4e97c083a6c8b3d7ebced1891fdf4ef3007d28230f1c6edc7f	8910086fbf2cee11d71e8af73128ca6cc1f829b8c02cb27a46b304bff955f9ed	216208	-	78d74124fb494ac64fd2498d8f384eb516865e519a3c8c8be6f58e257b68c4eb
RF-CHAIN-A-n05-r1e-04	sparse_interactive	captured	solved	ok	0	5642d07677fff4fce3a9a75e88601dfbf56b7aae439dd6835bc213d44d8fffa5	7630440c4ee38ba80e037eb93b4aa58aa6860815df963d77e32ee067caf4a344	214668	-	0bad0d74ee2b5ee04a3828ad94600159eb3874cdc403478b917a79b0c5f5a22e
RF-CHAIN-A-n05-r1e-04	sparse_interactive	typed	solved	ok	0	5642d07677fff4fce3a9a75e88601dfbf56b7aae439dd6835bc213d44d8fffa5	7630440c4ee38ba80e037eb93b4aa58aa6860815df963d77e32ee067caf4a344	214668	-	b23ea3ce82bbdce3215308b56e687bb4a78bae139643ec1211e872913f927ff7
RF-CHAIN-A-n05-r1e-04	dense_scrutiny	captured	solved	ok	0	41af9b162dc982bde7c443eba8c5d7eab68e97e1f945e06e99ca6f76afb0909b	9d511763bfd8c7518206b8342124bdbd876c5c6214694c38525aad13085cd053	215715	-	3b811b33fea94a5207d775f9fdc003bee8811c535c8918d988312fe0f94610a8
RF-CHAIN-A-n05-r1e-04	dense_scrutiny	typed	solved	ok	0	41af9b162dc982bde7c443eba8c5d7eab68e97e1f945e06e99ca6f76afb0909b	9d511763bfd8c7518206b8342124bdbd876c5c6214694c38525aad13085cd053	215715	-	f1a37dd16b1234825e86b6bc1cbf583f998f857f78559e5f6c8889312fcb17eb
RF-CHAIN-A-n05-r1e-06	sparse_interactive	typed	solved	ok	0	2bbc044e03103b3284711387d4502e194d6d409e71a65d5a273a50f6053bc294	fae132bf3ba65614572ec30c8e41a3d3b630faabd586483076a0c05cde0b519c	214633	-	99d8614c7d3baefe678a6960455258c8891e6cab3ae0117a699ced163fe2e40d
RF-CHAIN-A-n05-r1e-06	sparse_interactive	captured	solved	ok	0	13c418478f7fce0ab4380305b1a4fdef6c98fa7d23248d5d0b2d6befc627a240	4a7f2085452a8f56b235aff5bb77bd576cc7b60b21a4d2e1eb1c82463b7c505c	215060	-	8f52908710b541f053a4c2705a0208fd984a0ce98fa00a8e15f7ee1b5abbc229
RF-CHAIN-A-n05-r1e-06	dense_scrutiny	captured	solved	ok	0	b38ea296c93321a65e72b3444e8a0d51459522954a45d4f562ad694a8d3695de	8a520288c42e8a97f95d2ddf5c59f4e5ad5ef1d4063b37438279c10eaff8208f	216267	-	e7a862259f52ab2c4c80d9f6d69c92d4b97450228bef3516c7e745310a2c771f
RF-CHAIN-A-n05-r1e-06	dense_scrutiny	typed	solved	ok	0	9196ff12324797f0026c177e42698b272d8dc38a2b5548aa424065fca11ad2e7	34c9fbe8c022cc226e30d85f75b379ac799ef637bffcd740aa0074cfe82fe544	215840	-	c00f6040b5dbec3d4a8ea9a75781b1c8124094e09826c6d840acb712cb765637
RF-CHAIN-A-n05-r1e-08	sparse_interactive	captured	solved	ok	0	acfd5fd39dd6a11346efb053a1659c6f31d2b5faff2e0476a65bcad208c1c691	101a171488de9ba47f82d4e764d97417ed0e33f8f408af8a0036eaf2917ec09a	215370	-	81701caae6932a7b6f074a7d15b8e5e5cd499dfd9793e67cb6631748144e4ce2
RF-CHAIN-A-n05-r1e-08	sparse_interactive	typed	solved	ok	0	5a45d9e926dc5df49f8f3eb405650d20552f913393d8cdc17ec8440e3b21b24d	b889e27b29cd654ea5f0085d39d2fa0f7ddc5d1eb9d9c3df49ce8b45bc2abfb0	214943	-	7325d4797b0467673ef5ead957a78856b0e84c65d4d5a0c3ba661e2b6ccf453d
RF-CHAIN-A-n05-r1e-10	sparse_interactive	captured	solved	ok	0	4bdc2051ffc7cf358797e6c82e275076c355648aedca30285ba1092fec06febb	2ce641b2f436c985f149710e1e03f59f2d438adea18944a62850e715210a5165	215433	-	874ff0e7e3c566e24d6dd8a91e3e54a7f4082ae3e314033914938c1cb78451b3
RF-CHAIN-A-n05-r1e-08	dense_scrutiny	typed	solved	ok	0	daa8a62848c655292c54de7ec03c8a3e5587f5cdbd899363f4643d84eea3a426	c1779128084806e4f17a9a87fba06359bef49f7298a435116e01466dc80e7dcb	216232	-	28a7cae3d857657bed5e0b541defcaa5be0ac2871f869b27a3288e38610aca23
RF-CHAIN-A-n05-r1e-08	dense_scrutiny	captured	solved	ok	0	50846881aa642c4cd074ec7c7211682b6b195aa75250cd8facaf77b466607a6a	281d23a14bec407051678f3bbd70c67de3ce327f75fc99017c54867a36d50a30	216659	-	b7ecb2b070dec3552c12149c502689c43383c601d24c69386d9385effdeb79be
RF-CHAIN-A-n05-r1e-10	sparse_interactive	typed	solved	ok	0	c9da7f14070fb9d583b4b49b655e7049c980fa6bbcfe4bf76e6578773d777eb4	ba90a67afa5a360f6386c7827949f5d38e04754f07bbe56fbf4bd6eac477c2d4	215006	-	0cdb16203f86821e4f71cde414dfc2be956e2f80605653b0b9038d62b5c5b27b
RF-CHAIN-A-n05-r1e-10	dense_scrutiny	typed	solved	ok	0	1047cea34ee0f4827aea677c6f9d31e12288b9c110d3e2a478b70efe909250d2	02a2939a936138ffbc1ef47d9e00d18651ec79328b488749a4d465028e673f3c	216244	-	b7e5c8fee2f629db27f99154f5f2a2cfdc3a381ff68e42e2b54afa99b1d4f848
RF-CHAIN-A-n05-r1e-10	dense_scrutiny	captured	solved	ok	0	384edf9371d91c8431ccc0026507ae25c1a85046f370fb3d0769ecfc575f4107	d02c68181150329420bc4ff5ff5ecba7e1e8a01f6070320f981bfa9c85655ab9	216671	-	85e7ef9bd0168bb04270330a33ee8bfd8bb65c19d725d0a6961f4c1776b12e71
RF-CHAIN-A-n05-r1e-12	sparse_interactive	captured	solved	ok	0	a5650b511370c27d14e570f88f86815b5557af40c00c467e6b4308b1c61c9178	bcf900c8a4237cf8834933baec0642f9fd60a6056052116c08a3da7bfb21e389	215539	-	7c7e7d75266a21d4349017f92aa7243292850c75db4eaf18a702c13204fd7b7f
RF-CHAIN-A-n05-r1e-12	sparse_interactive	typed	solved	ok	0	0b1a4ff4d36e2616bcbad833f9657b13a5344da268b0c592ceef4762fd14c102	75ffe91a549d37643bc8ac5331eaf22b5ba8785223553bc908ccdc2769eacea3	215112	-	bff781188431aa7a94886e9d82bc62bdf7b9f8e83e91b3664dfd953f89b46eab
RF-CHAIN-A-n05-r1e-12	dense_scrutiny	captured	solved	ok	0	0c2521bf3f443e566283f064152ab828b41bd1112a4988ff8b7d953568fe9109	766bf2d7fb42a939627150fabb4b9be7498d4f55306e78b9431ea64e67427408	216672	-	13f915c6b1ed9ee8a88fa0d3f1f01a3627a40539933cb7c4a9b23eb7f1b47bd7
RF-CHAIN-A-n05-r1e-12	dense_scrutiny	typed	solved	ok	0	792e0d74fa928abae4288e3164e9f1abadc2bc91384e0876abc75951155f23e0	ce964c443e8a610610f20e8a9ddaab768936bf564e8cb9da835b08b22b560b65	216245	-	ab1bc032829dbcb1bea00a405fdab4c35c9c7fb3559c3cff03677018a3fe84ef
RF-WEAK-W-AX-rho1e-04	sparse_interactive	captured	solved	ok	0	d6592a578ef6520e5cd2b8d77e23644653c1500112f43aac589d6e7ed4114bb2	44edecdc4f2b1772db2d84ecc248e56749a9acc640d366cdd398e38ff516378b	207608	-	603a30c30d803a13cdd24b9af4060db829d40ea4ebcdef97e87ee10f3f0c50f8
RF-WEAK-W-AX-rho1e-04	sparse_interactive	typed	solved	ok	0	d6592a578ef6520e5cd2b8d77e23644653c1500112f43aac589d6e7ed4114bb2	44edecdc4f2b1772db2d84ecc248e56749a9acc640d366cdd398e38ff516378b	207608	-	7eceee4dc3e6063ee3e7ca0fbe2da74d5bb9edde30a8174250258cad114c54dd
RF-WEAK-W-AX-rho1e-04	dense_scrutiny	captured	solved	ok	0	948331b94bb3975506134c75d7acbb96b6b34a1d3acd1dfd16b9a704b9abb671	d259c00ff0fc6a4b79e33d92be25a8b577d8eebad65b7ff848d7db28f4d564df	209060	-	b364d3e02e8b50d5263601fbf920edaec6b3e7b253b1ded43b54d3a88efc3609
RF-WEAK-W-AX-rho1e-04	dense_scrutiny	typed	solved	ok	0	948331b94bb3975506134c75d7acbb96b6b34a1d3acd1dfd16b9a704b9abb671	d259c00ff0fc6a4b79e33d92be25a8b577d8eebad65b7ff848d7db28f4d564df	209060	-	5c3ccfc32bb4ef3bf8a768e0b3ea62ff8073aa391af700ec936eeb2cd81fecaf
RF-WEAK-W-AX-rho1e-08	sparse_interactive	captured	solved	ok	0	be6fab21c85eabd910f9b07c34a357c17ffe8ecfb2dcb8f90d4eb544daa5fa41	04304eebfcaac5f654c95e5f56a7ee5217484ed8f49172b23738d2a95bc539cc	208038	-	a7f1f5ff2d59c1270ea84d65e5f80ad8ef1c35d13eb2412d7cf7cff0394d0d75
RF-WEAK-W-AX-rho1e-08	sparse_interactive	typed	solved	ok	0	be6fab21c85eabd910f9b07c34a357c17ffe8ecfb2dcb8f90d4eb544daa5fa41	04304eebfcaac5f654c95e5f56a7ee5217484ed8f49172b23738d2a95bc539cc	208038	-	da7c5ea32910a67e72c703d1dfb8019b809ef2cc446ce5e17cdcb3fbfe730c73
RF-WEAK-W-AX-rho1e-08	dense_scrutiny	typed	solved	ok	0	89f1876f3af2c08159d0fa5fa9b94d0b2f8a6e8c4184471b1c84ceded19e58d6	7939e7290a9745dcc11dd488231e0cdd16881c4a2e317d6c23845b383d71dbc4	209326	-	79dd55985a965d13984e535b9c4adbaa43324a85cc9d493862107007a3fa2059
RF-WEAK-W-AX-rho1e-08	dense_scrutiny	captured	solved	ok	0	89f1876f3af2c08159d0fa5fa9b94d0b2f8a6e8c4184471b1c84ceded19e58d6	7939e7290a9745dcc11dd488231e0cdd16881c4a2e317d6c23845b383d71dbc4	209326	-	be7768121a602c36d877722e2d0ba6834161787768eb0b687ed29ba24dd17d54
RF-WEAK-W-AX-rho1e-12	sparse_interactive	captured	solved	ok	0	1c5557f1546d58cd37a86d930163209a32c23f9f46cfd19c26f04e09120ebda1	baea9fa7fcd0f83727579b68aa9806cccd11499585b6ebb1dbf003596c32a108	207769	-	b90457332beee31b1a3432a5822262dffc7fec52775bf915035934fea32f953c
RF-WEAK-W-AX-rho1e-12	sparse_interactive	typed	solved	ok	0	1c5557f1546d58cd37a86d930163209a32c23f9f46cfd19c26f04e09120ebda1	baea9fa7fcd0f83727579b68aa9806cccd11499585b6ebb1dbf003596c32a108	207769	-	e4ae1c58a87a515ee5074d1ee053e53ef61406c93cb0e98aaab3b829d98a26b8
RF-WEAK-W-AX-rho1e-12	dense_scrutiny	typed	solved	ok	0	abbf39135e4673900491f927be091223190261f004636d16bc194d2a1e82a57e	1e88f386dfd2e58d0cba1fa90199384977a977ca41afd209f2e45f45963912df	208865	-	ed27aa167c1c0a4715c9f3ac33b43a88782f17a1dd1acc4fdb58cb7a8d3ec28c
RF-WEAK-W-AX-rho1e-12	dense_scrutiny	captured	solved	ok	0	abbf39135e4673900491f927be091223190261f004636d16bc194d2a1e82a57e	1e88f386dfd2e58d0cba1fa90199384977a977ca41afd209f2e45f45963912df	208865	-	a820f768f0a25afcae6c17ace6e3721f2b22fb4c39b03f85a60566edfc7c93f9
RF-WEAK-W-3D-rho1e-04	sparse_interactive	captured	solved	ok	0	d00ec248cb858c77f7968c1a34d487eb0fcd80cdab26ebbc1b43452c46410b9f	d65f1c65e5d3a92deccea8f184edbcc8ad0337960492769f7b1864d01322b45e	211387	-	97b6a80248e31ce1b21645bb7b168a857e24529fac31c48019060f4aedefdbbe
RF-WEAK-W-3D-rho1e-04	sparse_interactive	typed	solved	ok	0	d00ec248cb858c77f7968c1a34d487eb0fcd80cdab26ebbc1b43452c46410b9f	d65f1c65e5d3a92deccea8f184edbcc8ad0337960492769f7b1864d01322b45e	211387	-	886d4be861d221a2ace4c47cfe48a077662d2f23b16ee2484eb88e24e6c64d0b
RF-WEAK-W-3D-rho1e-04	dense_scrutiny	captured	solved	ok	0	d6ddb56f28f09557362839dccd558c95d08c4867350fa100eae5ce71bffdb743	1cb2c2255dbffbd03f4efa74a0603c686a6ddd01d46b48533155c06d624213f1	212513	-	aade29cf11bf71ce504b3fe8788e05ecc31dbf27f7b115bb20aaf34bc1605ddf
RF-WEAK-W-3D-rho1e-04	dense_scrutiny	typed	solved	ok	0	d6ddb56f28f09557362839dccd558c95d08c4867350fa100eae5ce71bffdb743	1cb2c2255dbffbd03f4efa74a0603c686a6ddd01d46b48533155c06d624213f1	212513	-	53b3b6d01d177b0a2e1cfb897deabd2ca9346e6ba727fab94ca43e2468d596cd
RF-WEAK-W-3D-rho1e-08	sparse_interactive	captured	solved	ok	0	b7542aff6cd632022ea0c8bfaf6d6350b9173e7e69c694100e4b601142c9a624	66676ddd2f5fb44e44d763acef105bda77516c4ab2536107ae4f51d59b7af070	212032	-	feadcd1f204960914623839fabd6793e67d7384d914ae09258211ff661c5daee
RF-WEAK-W-3D-rho1e-08	sparse_interactive	typed	solved	ok	0	b7542aff6cd632022ea0c8bfaf6d6350b9173e7e69c694100e4b601142c9a624	66676ddd2f5fb44e44d763acef105bda77516c4ab2536107ae4f51d59b7af070	212032	-	66898badffabc639c8343a17f3cc464132fb4f8a6700ea4eee4c9610c70b70ac
RF-WEAK-W-3D-rho1e-08	dense_scrutiny	captured	solved	ok	0	d38ea1ddbcf9f9a516c23a8957eb2bfe14f02a4b375837b6bdf6d4b3cc353d57	e2d5b672bdfbeac51668fcee0a82f6b12595a0485bc72bd046b45d92ee9c6208	212944	-	76ca3e4a068f7ad9d068d923b7ab9838e4c598f04f1b668498a411cf8e39570c
RF-WEAK-W-3D-rho1e-08	dense_scrutiny	typed	solved	ok	0	d38ea1ddbcf9f9a516c23a8957eb2bfe14f02a4b375837b6bdf6d4b3cc353d57	e2d5b672bdfbeac51668fcee0a82f6b12595a0485bc72bd046b45d92ee9c6208	212944	-	d212392db44e11d7cb409f82f3fca803eccb0274f1c1be338e54fc6c6678e595
RF-WEAK-W-3D-rho1e-12	sparse_interactive	typed	solved	ok	0	8aca0903f07b6be7a33b684946d9c18865261afd849326527f788f25a1c4bc82	fad9675dae7fc71b11897d187a7baccd70a48ba1aba6d216bffdad8dda938528	211902	-	60e9c247e609169d8f6dd08ebf86ad58590729f6424c9267583ae09ad48d6b8e
RF-WEAK-W-3D-rho1e-12	sparse_interactive	captured	solved	ok	0	8aca0903f07b6be7a33b684946d9c18865261afd849326527f788f25a1c4bc82	fad9675dae7fc71b11897d187a7baccd70a48ba1aba6d216bffdad8dda938528	211902	-	fdff2f7bee706e8babf191aba40a33d11eb0191c24d7560617c4b469d8f2997e
RF-WEAK-W-3D-rho1e-12	dense_scrutiny	captured	solved	ok	0	0b9c9568a8e34d2c09b9822a22bba1770591e47c96cc24ff81ddb57dadc440d2	fc5a43d312aff859c6aa6e4ece2a3139683563dc321958c8b5e8b25bbd18b028	212941	-	f2b418dc2e349337416cfbe807b9a96d2a4d8a3fe26708464218397b88b54501
RF-WEAK-W-3D-rho1e-12	dense_scrutiny	typed	solved	ok	0	0b9c9568a8e34d2c09b9822a22bba1770591e47c96cc24ff81ddb57dadc440d2	fc5a43d312aff859c6aa6e4ece2a3139683563dc321958c8b5e8b25bbd18b028	212941	-	19bf06ebb038fdc171d3ec70565703c2696dfffb484b71774c39205f8782bf40
RF-INVARIANCE-PINTOR-BASE	sparse_interactive	typed	solved	ok	0	9237a073298b0c18a9f6c237eed3ba8b9567c9b5b0f2251bd6636acc9bdf0936	204e2eef49312f849c5c700987ad736b741f69187623d9d265f34e97263a3764	216815	-	17d63870375502485bf623a3cd37c3c0688730eaaf4014555aa4f5eadfd0a6db
RF-INVARIANCE-PINTOR-BASE	sparse_interactive	captured	solved	ok	0	36a8cb53a7a337ee82f4872dfec798a9befc509394288f3c8c6676be46272730	9be9a6258868b404c8b37f509c4180eec8bdee359b6e230b42a86fbd0934e299	217242	-	9acd3bd6ca93af8dd9d5181b2c0c6f12e2463c1279c995b6fddcf9a454aa3f5e
RF-INVARIANCE-PINTOR-BASE	dense_scrutiny	captured	solved	ok	0	e76cae3e66806c894e4f5d9e121d783d518cea1233c96051b25992ecb746e953	a9a9e9efb5aa5d689d1fabcfd00a79734c5cd29c7fe0112c1056bbd4c575eca7	218404	-	606e41d9c87d18bd670fe6edfce3a3c35cf5bb79301a9bb4defe45423cd5b66f
RF-INVARIANCE-PINTOR-BASE	dense_scrutiny	typed	solved	ok	0	46f6d1bf263c02f646149006cc08ac3d2066943121ed55811af2c490b5c007e4	7f30f47b2996e2cc5ca7584f703e7e346bb40ac3547da9be15a1e751d264416d	217977	-	99eabadce9391e699ef7d8be3a94e559dea9fbaaa43dbd486bd15eab0311d6d4
RF-INVARIANCE-PINTOR-OFF-1e3	sparse_interactive	typed	solved	ok	0	9237a073298b0c18a9f6c237eed3ba8b9567c9b5b0f2251bd6636acc9bdf0936	8966ae7e2382966f5ed086d127be184c51299c7f463152e7a249e9b1d6312abd	216818	-	6c0cade2eb83026b6c27323e469cf3da9537958f30df780705f156661f4d574a
RF-INVARIANCE-PINTOR-OFF-1e3	sparse_interactive	captured	solved	ok	0	c4a38cad6df486239f38eedc36d476dc93f0a94a7a50417cfda0503ad625e821	4d442a5cdcffb461254f87d5ad9abafac1b1286f5c04dfed5b6d07d8377a653e	217245	-	9afd36b198785ca92d4ac13acac50871e2cc300abfed925077d6e2e463835b19
RF-INVARIANCE-PINTOR-OFF-1e3	dense_scrutiny	captured	solved	ok	0	23583dd7e20507a0c516334fe1d37b377526c458bf459026d221d663e242cb87	01ae909c919b2c8d1072469f8ff6565c5ee6055841661b3daefb6aeb424a82ea	218407	-	a8e78fc1169e090157ce9fcf8887888fb13b58fc1b2aa7dedae606b272fce056
RF-INVARIANCE-PINTOR-OFF-1e3	dense_scrutiny	typed	solved	ok	0	46f6d1bf263c02f646149006cc08ac3d2066943121ed55811af2c490b5c007e4	a50da92560298ebfba1ff125bb17bba124ee2f7488509a813b7468c7a3e13a84	217980	-	303065507628f851a16017702268c93a69b3f424a55ded2806c6a76fcd3549b7
RF-INVARIANCE-PINTOR-OFF-1e6	sparse_interactive	captured	solved	ok	0	c4a38cad6df486239f38eedc36d476dc93f0a94a7a50417cfda0503ad625e821	8e9147e0ab3bc988cdabd8625d2d25805aedc18f7478ce3378a69c9c23c00c83	217245	-	10b9c171f973e57210e2cdd157427f452c8546a9c74e0be27c1e6f350659c7dd
RF-INVARIANCE-PINTOR-OFF-1e6	sparse_interactive	typed	solved	ok	0	9237a073298b0c18a9f6c237eed3ba8b9567c9b5b0f2251bd6636acc9bdf0936	cb5b0c4a06a76c9bda67014f4a9d62b95146d33f63421dda27965c27cc96f1fd	216818	-	5dd4a4d58c3d597afff04b04d7f113aef4838369fab9492532ddade4f0d4870f
RF-INVARIANCE-PINTOR-OFF-1e6	dense_scrutiny	captured	solved	ok	0	23583dd7e20507a0c516334fe1d37b377526c458bf459026d221d663e242cb87	84a65ef14d0427b71a2574c9e697598798e9bbb3b47ec196914fb17fdbbe556a	218407	-	c52fd82f19758da03bf344c23f600f46cd8c66ff13aedd6c01fbabea8231126a
RF-INVARIANCE-PINTOR-OFF-1e6	dense_scrutiny	typed	solved	ok	0	46f6d1bf263c02f646149006cc08ac3d2066943121ed55811af2c490b5c007e4	a1f23f9d2299dc40ec87b677a22a9b6027730ce9bccccc4ae32ea68103a1c9ec	217980	-	629e973cc31fbf8ba0e617babe02bc67b3587e54c619a5519cedaca382e2c715
RF-INVARIANCE-PINTOR-RELABEL	sparse_interactive	captured	solved	ok	0	ce579eae07fc027c727dd1e0bea6278a22bdff35de66d50da1bd556976858d3c	e74667682fc3e81f42675aec14cb279f311b2674e8abadc3716fe723d7032d5f	217284	-	418aa62c2b5be0b04ce9c72adfd6c714e2d0f2b3bb73804653d4c26183571667
RF-INVARIANCE-PINTOR-RELABEL	sparse_interactive	typed	solved	ok	0	24f850276662d771637be1f6c5a56e59bd715d168d2649fba0ab380388e4e13b	07d8b101346d931c494e4329ab4b9e174a444c31dee2754061af7800b367f0ee	216857	-	74cb8efe7b701765e2050e69ef5ee9b71ad795136f0c6ea586637709dbe5fd1a
RF-INVARIANCE-PINTOR-RELABEL	dense_scrutiny	typed	solved	ok	0	b8c8d4a2676d9629d5b09aa393b30d8807a9ff775ee201a1c38d12d82e492293	5229ed993f0c0e1b8bbc3725df6a8a475ad9f47af297195061b0e002bc848d60	217967	-	edace5801254b056ad8d9678e3286e30ac9b8f807a57800e89169399e6f92885
RF-INVARIANCE-PINTOR-RELABEL	dense_scrutiny	captured	solved	ok	0	9ccc4be1fb98671ea6ceeb37cb9a10877494a8f1b072eb1d1bc3d3b8e0498004	4ebac27c583361e29e1dae51997db57e951563ad20d0a0519c33780e0116fee5	218394	-	986b28feb1827ccd9976ca1b967d6e5e15d9fb54b51da1742ba178f839992a25
RF-RANGE-CHAIN-L-240	sparse_interactive	typed	refused_blocked	ok	0	aee7886c7ba518499065fba836cef167ef81ec80ff7b47c6d02aa0b7a6df2115	4d9fd30d66d928ca8a96084489072e7c19bb7afbe057b22f3a3d71d66c0e2f77	3842	-	7c10a8b40a1668f6c0b937454d7bdf35f1885391253b5fa53afc433bab052ea2
RF-RANGE-CHAIN-L-240	sparse_interactive	captured	refused_blocked	ok	0	aee7886c7ba518499065fba836cef167ef81ec80ff7b47c6d02aa0b7a6df2115	4d9fd30d66d928ca8a96084489072e7c19bb7afbe057b22f3a3d71d66c0e2f77	3842	-	f93768f34e0b9ecc63f986ed9a482a21f57be8bc643223cc1d7f905ae51587e2
RF-RANGE-CHAIN-L-240	dense_scrutiny	typed	refused_blocked	ok	0	aee7886c7ba518499065fba836cef167ef81ec80ff7b47c6d02aa0b7a6df2115	4d9fd30d66d928ca8a96084489072e7c19bb7afbe057b22f3a3d71d66c0e2f77	3842	-	6785998bf79f7f86571779c336f5aba4e10ced029f5af6b8abbe44c4f00cd6b2
RF-RANGE-CHAIN-L+240	sparse_interactive	captured	refused_capture	ERR	0	-	-	-	1d34f2625719ea3eb655de0b646f3846121651f1010eda41056a9965bfc5b0d3	5e2e6827b418206c98ef35c425996c31fae98a270d3ae35ec3762e2fc0866ccf
RF-RANGE-CHAIN-L-240	dense_scrutiny	captured	refused_blocked	ok	0	aee7886c7ba518499065fba836cef167ef81ec80ff7b47c6d02aa0b7a6df2115	4d9fd30d66d928ca8a96084489072e7c19bb7afbe057b22f3a3d71d66c0e2f77	3842	-	f62ca2940eff64dcd3065dc64e1b6639ca699a0488464b9593e70347a2bd2249
RF-RANGE-CHAIN-L+240	sparse_interactive	typed	solved	ok	0	c8fe53086cd988d6c174b00b5f482e9e867746ee7673cd795f9f74941334d0b4	853926bf91756bd2e8250c3008ca3bb0979b9ea09a7567b12d311fed68b7a57e	215134	-	0fde2f6a6cff0c4f8636bab62e37e21266778f6d86683335b73e6e8bbdef41aa
RF-RANGE-CHAIN-L+240	dense_scrutiny	captured	refused_capture	ERR	0	-	-	-	1d34f2625719ea3eb655de0b646f3846121651f1010eda41056a9965bfc5b0d3	a63b60376dc4c03c6d755b1e585570cb2f663c1eb2e450008971bac997bfe25a
RF-RANGE-CHAIN-L+240	dense_scrutiny	typed	solved	ok	0	a32fe3aaa062e6bf219e62a119a8e9d9fc21d00927e84cc2929e04fec32d538c	7a2ad24cc9903edaf71842cab30b370ac7d17f2068acef6721c314d687c8af61	216596	-	d3704b432894ee250aed5fddaabd5d8cb982d70e370051b62a3ef4ca4513ca91
RF-RANGE-CHAIN-E-1000	sparse_interactive	captured	solved	ok	0	aec88dccc4bd0be79b21f53448dcb50df1c110af269b825b52da3659f645757a	9fde99000559b0ff01ae9cd9ea4317554778f0831e898dfd35c29d6bcf5aee0c	215213	-	07ec668ba59626d2285d52b1d70f209818f04809419cd6be29df11b238b32400
RF-RANGE-CHAIN-E-1000	dense_scrutiny	captured	solved	ok	0	c19b3534ba3b226f9771e783275209a6ac96ce17c5a06fa294a0ab7aa99bad75	7e3dd894239b1012e13ecdf00c560c0437714807997242d20039678115eed7ec	215394	-	f1b1d6da210156a78d4662bb4a82a0168a602aed1a43bd621b658cf7731da419
RF-RANGE-CHAIN-E-1000	sparse_interactive	typed	solved	ok	0	533e7c4248087987e75551d436c4740d8d85c6c218eaf8fedae56e2fe59a7c80	06499d3a7fc117c7bc3bee8a46b2b9c1d6934290ef520cde0e10d76c0b69d408	214758	-	7ba5dc7144783cadbc8f9ae0717725161d05787b2d362013ce207a8bd3615896
RF-RANGE-CHAIN-E+960	sparse_interactive	captured	refused_capture	ERR	0	-	-	-	fd74a201202446c048a28751ac5bd42de071c8dc29b8e125ba78c63903d5b137	af6f8ca25de2c32e2ea64b47079a71df9e2e080f76b95e043b660eaa9ef5beb8
RF-RANGE-CHAIN-E-1000	dense_scrutiny	typed	solved	ok	0	59f9bf963f9abc79c36a7a3f66fd7d1fb782cb2fe13fd09a2795852f5e589241	02d21b5cde3739c5b41df65bd8feb03a178071a7952675581184059ad2f3be03	214939	-	b63e916d7ce9581ce9af93bd70042274e51ab3c9c0ffde46d21605ce0c3370b7
RF-RANGE-CHAIN-E+960	dense_scrutiny	captured	refused_capture	ERR	0	-	-	-	fd74a201202446c048a28751ac5bd42de071c8dc29b8e125ba78c63903d5b137	265db57e871bb3e9f2ea09fd9d188c5d9e6eab75f17fe7a9eb02ceef5d3898b1
RF-RANGE-CHAIN-E+960	dense_scrutiny	typed	solved	ok	0	649f028db28a502eb57e8e03c6e9ae48bab4c15f7f1f4080b0af4197acbe318e	da3de7da442e6adf800692a2d9830ae6ae46333e4a451eb22c50ed4060bb53aa	216361	-	636704d1b40d654c49254038bbea27e04688b5d6bd5940797397515cede5e70f
RF-RANGE-CHAIN-E+960	sparse_interactive	typed	solved	ok	0	751effe7ecb6985b9465396c4d227faef4d0aede9c01b25a2aa9cf2b6829b0d7	c65b642055060818467b97033cc8162d5bac05428bed94e747bb0640a9d7e9d2	214784	-	e989b2b58f62c1d9267807e571f8bd04df22156d554c55c584a950952a1bc501
RF-RANGE-CHAIN-F-960	sparse_interactive	captured	solved	ok	0	f226a9677d15f2065d7e852e46ef3946ac5d6583dcb798865439ca98eeb14f56	8ee22cd5b452f599e0b1e19f6ba68746fcceaa8d578f3a9739aec3c7c41cf8e9	215414	-	0f65ab62878d0e33fa62c1884afce477b78a423d8d40f731141129390290f788
RF-RANGE-CHAIN-F-960	sparse_interactive	typed	solved	ok	0	1790d823ce263687725512e2ff87a55c1d348ee06f0d8d57b63c7d43d2c57fc0	12829d8d7f0191f8715dda72a668d634ec867bc58d9792e62cd47f0e05704ed4	214987	-	c124dfd964be09a776d84bbfc10d04dd050be7fc168c2bd014c8709a83455444
RF-RANGE-CHAIN-F-960	dense_scrutiny	captured	solved	ok	0	db42ed64c2aa9e56120c656dbe5c0235c482ca9f53e4e6bb772fd31f1defec66	f8fdd309f14a6f0702d93a34f018769600dded694df28855ff187dd647299752	217255	-	44b140f0d303e9fdfb02d89be788f4c879f5909ef5c1596c60ec020d79c1c6ec
RF-RANGE-CHAIN-F-960	dense_scrutiny	typed	solved	ok	0	85345a89dac727d8d83a15adce907d1670db12d1feb61da399930f85b2909bd3	0108f080321351672c8a862a4e4ea72cb5e5765555e8c01f0c4bedea047ed19a	216828	-	9ab807d75582400e808fb4ea2c9ca5e7559a0dee2e21aa17035e95e7ea21a897
RF-RANGE-CHAIN-F+960	sparse_interactive	captured	refused_capture	ERR	0	-	-	-	317a453f086e615a2250474b0aaee05c769ffce5d4964372513562c27920e200	f2d6cdfef1c5ea9a26d52db885e677f42c01c37adfec2e04bec23572f5c4188a
RF-RANGE-CHAIN-F+960	sparse_interactive	typed	solved	ok	0	10cd6323e03832f0f77d1d8dcea0e847f0310ca208d77d0f4d4d731b6a2f7351	6393b4a8e9225c60d8e53242db14711a6bd35ebfabf00532449faa916b080b5c	214892	-	fcca6e23a13ddd6fa4624cac8c3e8e0f3bd04748a44f2a36a0706a70df16ce7b
RF-RANGE-CHAIN-F+960	dense_scrutiny	captured	refused_capture	ERR	0	-	-	-	317a453f086e615a2250474b0aaee05c769ffce5d4964372513562c27920e200	a64d3738722b5882a53a53426fe0b33cb1a9c2caf8a3849d708b0d493eda3053
RF-RANGE-CHAIN-LEF-small	sparse_interactive	captured	refused_blocked	ok	0	aee7886c7ba518499065fba836cef167ef81ec80ff7b47c6d02aa0b7a6df2115	d206674d86225b25155cefce628c5254dad32a612ef4f29c585aa310418de4d4	3846	-	20944946dcdac3d8f920d267b7b62697c89c46aeef873e4fbebed2210a0598e1
RF-RANGE-CHAIN-F+960	dense_scrutiny	typed	solved	ok	0	04e66b5a00ac4d4bbaa42d56b94475bb340f5e05e66f8c5e470e16d5e5afbbb3	e708b2ded24cfe7fa918c5edd44eb5222f1ee2ac8f3f62b4c8fa6ebccc12c3ee	216664	-	f42f60733392a4dd4b717b5ac69cb950f59a4befea8ac4b4d6e2832433f457c8
RF-RANGE-CHAIN-LEF-small	dense_scrutiny	captured	refused_blocked	ok	0	aee7886c7ba518499065fba836cef167ef81ec80ff7b47c6d02aa0b7a6df2115	d206674d86225b25155cefce628c5254dad32a612ef4f29c585aa310418de4d4	3846	-	ad95e93b2bfc3ce362e8da26570c468e03488dd067efdac353d0deacc8a8b35e
RF-RANGE-CHAIN-LEF-small	sparse_interactive	typed	refused_blocked	ok	0	aee7886c7ba518499065fba836cef167ef81ec80ff7b47c6d02aa0b7a6df2115	d206674d86225b25155cefce628c5254dad32a612ef4f29c585aa310418de4d4	3846	-	f342d75303e4545642549decd9c34a8191804567f19a1f5422407a9c6a6f619e
RF-RANGE-CHAIN-LEF-small	dense_scrutiny	typed	refused_blocked	ok	0	aee7886c7ba518499065fba836cef167ef81ec80ff7b47c6d02aa0b7a6df2115	d206674d86225b25155cefce628c5254dad32a612ef4f29c585aa310418de4d4	3846	-	c0a138137cd1bcaee99d34a53cdb4f2c4152340a767840476467b805058840ce
RF-RANGE-CHAIN-LEF-large	sparse_interactive	typed	solved	ok	0	d437c0e46ef6ca0b46ba39a44abeadf9ffc70aeb7bf0dbe340efd2a11ba30da9	e51da9a0ff4560858f27f1fb38562878e2f0cc3fb2360777e18d0c37af12bd84	215162	-	8630029ae229911d12906586fd6e1e0f187cdc750d7f669d177a3a305b1f794d
RF-RANGE-CHAIN-LEF-large	dense_scrutiny	captured	refused_capture	ERR	0	-	-	-	967ff7b7fc0e754107c25e3f89bbc8f3249653cdd042aaeb1487fc94c7cadaa3	22d7c65ca54bedaea715ece08f4f10adc6a8f1e674faa920680900b97e362217
RF-RANGE-CHAIN-LEF-large	sparse_interactive	captured	refused_capture	ERR	0	-	-	-	967ff7b7fc0e754107c25e3f89bbc8f3249653cdd042aaeb1487fc94c7cadaa3	ef589fc3090e753c2fda7b4bd0b9ba501d66732f0c7c15ce7287830ba4cbf438
RF-RANGE-CHAIN-SIM-a	sparse_interactive	captured	refused_capture	ERR	0	-	-	-	bb5cbf2ce5c90f201a8bfbca08eeb2e08f903e0443625cb3ae4f3d97d8bc4c59	cff137f1eb508e3c5a72668f8dafb2c4a3de13f0e725b82782a8d76a0001bc4b
RF-RANGE-CHAIN-SIM-a	sparse_interactive	typed	refused_blocked	ok	0	aee7886c7ba518499065fba836cef167ef81ec80ff7b47c6d02aa0b7a6df2115	367cd28a140cee062d73d61ed0065d7f95e64fb761f1248d32ae3339885f2837	3842	-	bdd2d1766ec290986c5db1093d6641f159f9a136dc8862dd83b64f2a877a6268
RF-RANGE-CHAIN-SIM-a	dense_scrutiny	captured	refused_capture	ERR	0	-	-	-	bb5cbf2ce5c90f201a8bfbca08eeb2e08f903e0443625cb3ae4f3d97d8bc4c59	631ea3ab061f4c4c8d445f4edeb02fc953bd36d0e1988ad70f8dc1e2a22d0b64
RF-RANGE-CHAIN-LEF-large	dense_scrutiny	typed	solved	ok	0	b49316bed704ed6b3a22175e3f31399b27889fb264fff6e314a40ed70e7585bb	8e09322dcc9868ce8e22817b858f5c0e3a864f83aef86b90cb7d317f665958b7	215340	-	a114da06ff5802edfad16832985baf9339ff69fcc612a2d24dbe649e632180d4
RF-RANGE-CHAIN-SIM-b	sparse_interactive	captured	refused_capture	ERR	0	-	-	-	3856806e49b64bc7fdada4c2a0a522e1960339044674a7adb28d8da490145f22	c8b32dce682f87cd303efc263165d65814c6407f8fe9f3db3d842ebb25940eac
RF-RANGE-CHAIN-SIM-a	dense_scrutiny	typed	refused_blocked	ok	0	aee7886c7ba518499065fba836cef167ef81ec80ff7b47c6d02aa0b7a6df2115	367cd28a140cee062d73d61ed0065d7f95e64fb761f1248d32ae3339885f2837	3842	-	779874377f84ba18fd01bcdb0f678d7bbd5838875393cb0aec87f83b99f5d710
RF-RANGE-CHAIN-SIM-b	sparse_interactive	typed	solved	ok	0	4b72c33177b479edde3a841fa039eaff1bf6b15d390bf75c384a23d81ec06037	2b0b8837bfe0764b636f88ef1e5ac821e0b6a2409b74694e986caac8d1178a30	215067	-	1e92a8b6e57e23dc2789d6cc72cabd0a68a4638f8b458cde47a2bb463f6e4fb3
RF-RANGE-CHAIN-SIM-b	dense_scrutiny	typed	solved	ok	0	beaaf52dce3046a4c07c1fd257d6d28feb153993af234d46390d2a497b129543	7479e4f4b8d8d4836a777389c529d3b403db1ef69e80c56de78e762d08edf52a	215252	-	a5a08e6916c4ff8036d3e52cb36aa652d4d895a2d52a84e4761c7309358c8166
RF-RANGE-CHAIN-SIM-b	dense_scrutiny	captured	refused_capture	ERR	0	-	-	-	3856806e49b64bc7fdada4c2a0a522e1960339044674a7adb28d8da490145f22	112438343d1489c3107bcbce68a1cb6388d6550ad117fbbfc16efbc939cbb90e
RF-ZERO-SYM	sparse_interactive	captured	solved	ok	0	ba74cf98ada7d65004964ba8178cf5101b45ebaf2aae2c37eff3924ffc011f90	23c3b63b94ea9833597d6aeb825f4f1e42b0d2a70c55dab6a56c1f6f6fbea023	162239	-	3d40084962bfde72e2904839af98c379025509d139e88e9996659a388d6bced7
RF-ZERO-SYM	sparse_interactive	typed	solved	ok	0	ba74cf98ada7d65004964ba8178cf5101b45ebaf2aae2c37eff3924ffc011f90	23c3b63b94ea9833597d6aeb825f4f1e42b0d2a70c55dab6a56c1f6f6fbea023	162239	-	abde29f74fe1a5a40d895104a86060645df83c03dcc5919cf13391b44c709923
RF-ZERO-SYM	dense_scrutiny	typed	solved	ok	0	6176bba469f334fef69e925e80f4866d5ab6832e83acf79e326cf02c47ae57f9	2dfbbd4a5c0977d26603c027c1ea039da82b184a81655ec9373ed0c042645a4a	163576	-	ca81f0f9864fba555e51e91ba40616f28e3f99a8f3879e727b8f8e4f07df9280
RF-ZERO-SYM	dense_scrutiny	captured	solved	ok	0	6176bba469f334fef69e925e80f4866d5ab6832e83acf79e326cf02c47ae57f9	2dfbbd4a5c0977d26603c027c1ea039da82b184a81655ec9373ed0c042645a4a	163576	-	479c0d84d4ecf578925bf4d5f2980e0960162a7dce6477c99e7b5691a5086eab
RF-CHAIN-T-n03-r1e-04	sparse_interactive	captured	solved	ok	0	58b1cf56140867b2a0d65c76d7f3a37ad03e57a8c2b06d4ae671c6117060772b	fbb3b8208f5bcebc163dbcb6f34e95a654a3b169f0e73be75b02506f306cfd3f	134279	-	dadbb85901c02e10ceafd4ced9009c2a34cda6d8f61ec6b564c6ea18fb5f9ba7
RF-CHAIN-T-n03-r1e-04	sparse_interactive	typed	solved	ok	0	58b1cf56140867b2a0d65c76d7f3a37ad03e57a8c2b06d4ae671c6117060772b	fbb3b8208f5bcebc163dbcb6f34e95a654a3b169f0e73be75b02506f306cfd3f	134279	-	fe9692f043586ea7c97dbda7ad2f4e86c86e15df207f87593ba787a723a3aad4
RF-CHAIN-T-n03-r1e-04	dense_scrutiny	typed	solved	ok	0	b30e92f280e9d112626d3d90364dbdabecfd11fd70566eb8fdd569efbfffc198	f68b1b138b1620fe696a22e71ecb02d36481c974e9a97343162b33f0b5dbbabd	135485	-	c9152d65c4f7fd1bda587098e6cbbc2ec42320fefb9dc2396d6356a08f6db1b0
RF-CHAIN-T-n03-r1e-04	dense_scrutiny	captured	solved	ok	0	b30e92f280e9d112626d3d90364dbdabecfd11fd70566eb8fdd569efbfffc198	f68b1b138b1620fe696a22e71ecb02d36481c974e9a97343162b33f0b5dbbabd	135485	-	749d5846c8b795fd3c27df0df88938cef2310a925e4fdb667ac2b4fa8c6cc4c1
RF-CHAIN-T-n03-r1e-06	sparse_interactive	captured	solved	ok	0	323a0350c649f74c78b72cad46275bcd77faf2605475927c2f3e154f26e3302b	09d18782a8bcb8f9d5441605cbfdb0f367a74da3a1c32ae75c0788f01e654fc2	134551	-	08e01fcf01e6cdd088a892b7e3ff0703b20b98c51a1aa3d09885f632e10ec08c
RF-CHAIN-T-n03-r1e-06	dense_scrutiny	captured	solved	ok	0	fafeddaab3ec9240bb35e9ecbba576694b7dbea5e1cecba244dbbca0c59465fb	aa6e4468a1d1195211161755f82d77361e8179448ef50efbd74194764e1b73c5	135822	-	b5c73cd341b8931e1422586a83d1a30f8cd8881ea06d4e63a9bb94150a125d03
RF-CHAIN-T-n03-r1e-06	sparse_interactive	typed	solved	ok	0	323a0350c649f74c78b72cad46275bcd77faf2605475927c2f3e154f26e3302b	09d18782a8bcb8f9d5441605cbfdb0f367a74da3a1c32ae75c0788f01e654fc2	134551	-	7054ea4769f33ade031f591ce1ab94204bd3f7fd6209057cb14249e899ef7d00
RF-CHAIN-T-n03-r1e-06	dense_scrutiny	typed	solved	ok	0	fafeddaab3ec9240bb35e9ecbba576694b7dbea5e1cecba244dbbca0c59465fb	aa6e4468a1d1195211161755f82d77361e8179448ef50efbd74194764e1b73c5	135822	-	c568dfd10aac153edf88b5b596a5ea86ca04964e438bd6a773852edfbc079fd2
RF-CHAIN-T-n03-r1e-08	sparse_interactive	captured	solved	ok	0	122d75441fa01d9e320b5b10feb00054c4c01e37ed3163996441e8a26b532002	ba97381a0b297caaa26df76c60399121a26e6e4b50e7916712a76af95e6cbe72	135073	-	de6292acec5a5136ab9794b2874b9f9df5bdee3dd11c285cc0e19b7e7c13b970
RF-CHAIN-T-n03-r1e-08	sparse_interactive	typed	solved	ok	0	b62fad53294ac7a08885d9aa3a1b161bb6a1d0741424d1704c6df86c28fa8723	c2edd2ffdb8ad8e4e07fd61017633a02b91402f0da5b30cacd2babbc1f3659b5	134646	-	b1f5c63f1778662c48332c07541a4ee0b8d6486d7c401b4412f3ebb5133d40ee
RF-CHAIN-T-n03-r1e-08	dense_scrutiny	captured	solved	ok	0	f57f81f8dda17207671732eaafa4f3e667dde91cd3cb93c06cc89e7ec1b2bc65	a5c9e7e5f2ae01ac6b7868683085119f312b109ef03a18c9295b0bfe4acf1703	136192	-	362bb4862a156cf0d817ace5e8541ffb6d5fcbca3eabb22b47a97b8740e2f571
RF-CHAIN-T-n03-r1e-08	dense_scrutiny	typed	solved	ok	0	4f06f5534d28e977e65398559400df35a1d2b3abcb1b731aae7f24fbadc8629d	02ee7e9ed0aaf8ae12adb2cb96ef907dbf4f9faf3721dc87203ce42265232f7b	135765	-	66003006f70ac1f1abb6e8d735d8f8c354541b70a1c7cec672863d484fa54727
RF-CHAIN-T-n03-r1e-10	sparse_interactive	captured	solved	ok	0	f212b182df0cb345868db7aeb3fde729d6a8d700f2f886e77e673faf0cd30d2d	392259c7a2cbc3f571d45f0942e06cfcc66799666c6b366edac1337ac03dc788	135081	-	2936b5786f8a80e18b381512c672da1217e8e91a0ce7ed423db89feee5deaccd
RF-CHAIN-T-n03-r1e-10	dense_scrutiny	captured	solved	ok	0	2d72522165dd8ff0af2b649e52b49d2ee0b03c9339eb3d884c2a70dfa5987014	4841b27a11a07f655a4f9d50c207b27646ac86f14660f49431dd9c69fd65c2b2	136159	-	9cceccdf1c081645255f0988f00d4d9ddbf5eae84b6d3b16014c12701560372f
RF-CHAIN-T-n03-r1e-10	sparse_interactive	typed	solved	ok	0	4b008052182f8801835bc3cbc67ad8009afab27822e65d7f966a010bc1f22a85	2891305dfe2bb61fec54046709c896adaf8cf1839885a18f041e12beed5e9722	134654	-	25b3ff53939ad007b0f30a1782c33b72a23c34bffc13460210c807f7ba45b7ec
RF-CHAIN-T-n03-r1e-10	dense_scrutiny	typed	solved	ok	0	d6b29b92e717ac7b6b2743679342e6fe22a1fc21d827fb99626a66aa15a83611	3c4eb1668569ed9dfb1a9484dc93578d14f776678bcb5fd5cc90bb7ddcae4451	135732	-	e9728b835813c948b072e5031b8515ef290289ed18b462f5d538a78e20cc1d6b
RF-CHAIN-T-n03-r1e-12	sparse_interactive	captured	solved	ok	0	d02f7971e033d97170a94e9c93862bd7cec3fb5af378bbc66bc9cf960f8f018c	da3e325c2b94405113ff48e874e2c5454389226bea9d76cd22c1a425e0a767ab	135018	-	4432ff3b35a08e15fd617f3b61c2c5138b54dd17b8547373f1a83159fa7d90b4
RF-CHAIN-T-n03-r1e-12	dense_scrutiny	captured	solved	ok	0	73e3e7aa48b53145fb485adfc65590418607d98b5b9e71d77d2234d26d2f5279	b01e580b12244f5c24d18765bca2896dcadc29afd51fd7713c0808b6078f2bd7	136207	-	c7b6c339a8ac166747087c84ef25d0ccb4b5c462f41991bd466c869b7af239a6
RF-CHAIN-T-n03-r1e-12	sparse_interactive	typed	solved	ok	0	03e966f81e76fd1367caa6f0746dd48ffdbc8f8a0e4cf831c3197ac66b6569a9	384ea2ed9f96d6fef33e6e3ad1e6dd15c0f71d989d13383420ffe82c65a650b2	134591	-	53f5132741f0b040e76a29990a7e08bbdb5d725b1c81bc2a94d8a854e65a53f5
RF-CHAIN-T-n03-r1e-12	dense_scrutiny	typed	solved	ok	0	8b60291d059452bfcaac54d81482efae0dc5aaab8678c5ee44302e1451dd3861	d6c4e9121d78ffa0983991554801ebdaa1849796cf49e043c0ddb05feb57db2a	135780	-	625560880c7dbfa0982fc87e5e10867d9b0e2f1d39f043e9fc433be4fc4b5dfb
RF-CHAIN-A-n03-r1e-04	sparse_interactive	captured	solved	ok	0	44d60f9af59440e74296275092af601877dc153afa1b2b5f862cc663ee5d5a3c	12c93d9e72a5e365603130e03e8bc49bae86797bddc166fa18083c97b4f36387	134447	-	3ecbe19bf38fd7231d4404d9fdc5a104d09f68d59f97d14f8c043c29bf009279
RF-CHAIN-A-n03-r1e-04	sparse_interactive	typed	solved	ok	0	44d60f9af59440e74296275092af601877dc153afa1b2b5f862cc663ee5d5a3c	12c93d9e72a5e365603130e03e8bc49bae86797bddc166fa18083c97b4f36387	134447	-	961c107f171d5f75f47ec19f12799d2d182e06ff42e1cb8bc4b33190bc7b13b6
RF-CHAIN-A-n03-r1e-04	dense_scrutiny	captured	solved	ok	0	eae7cb01bf0f39833f71157ae08cbfff5da58fbf562961bdad12878682ad3b1a	25fd7a5fe6a0be709f32e8ad086108d2a0946a20f729521a74d3b005a059a11a	135632	-	6395338493068d827af7cd2217cea748c71b3c8a03bd2a70885084788dcac626
RF-CHAIN-A-n03-r1e-06	sparse_interactive	captured	solved	ok	0	028d7fea5533b8303ea8ea0d3de56feba5c09ff8cdeded3d23b1b2962f2f823a	86a878286f0c2acdc53bb04b298bcd225ec04f1d539d14e250f9f6aef6ab0f0c	134510	-	877f20a44ba2e79d1f1c35988c15c2f274f0e23a5bc9a300797140f8e64daaa6
RF-CHAIN-A-n03-r1e-04	dense_scrutiny	typed	solved	ok	0	eae7cb01bf0f39833f71157ae08cbfff5da58fbf562961bdad12878682ad3b1a	25fd7a5fe6a0be709f32e8ad086108d2a0946a20f729521a74d3b005a059a11a	135632	-	12dbc03a9218f7b898646f5d35cf6c60e8c4d01b3a4d3df8c00a3f91c90b783e
RF-CHAIN-A-n03-r1e-06	sparse_interactive	typed	solved	ok	0	028d7fea5533b8303ea8ea0d3de56feba5c09ff8cdeded3d23b1b2962f2f823a	86a878286f0c2acdc53bb04b298bcd225ec04f1d539d14e250f9f6aef6ab0f0c	134510	-	ef4498734019521b50e9c57600ddbceb3a4ae4a2c1597f06f450a8f028751c6b
RF-CHAIN-A-n03-r1e-06	dense_scrutiny	captured	solved	ok	0	a7dfc9198d5071386b4d9dbeaa586f02c1bf9bb66344cc317e6123575299f5c7	34d39f4b821b911f98a9bed56395137f5a5910b2344fe1238033197bb6e47e16	135764	-	13a0a58aeeef1c4fc3a338dbbac0bbb360340f3c8483ffbcd591da679705348a
RF-CHAIN-A-n03-r1e-06	dense_scrutiny	typed	solved	ok	0	a7dfc9198d5071386b4d9dbeaa586f02c1bf9bb66344cc317e6123575299f5c7	34d39f4b821b911f98a9bed56395137f5a5910b2344fe1238033197bb6e47e16	135764	-	e802301aa0e94783589c8c32a0ae62d66bf31d607a883cc44ecc89d4f2d89965
RF-CHAIN-A-n03-r1e-08	sparse_interactive	captured	solved	ok	0	343b56e6289fa57a2e3c7717dfa44333230702b6d4261f0b5b360087d1379019	e2af7336d2ede4a13a907568c9f0586309186d8ffd5e1f0b36ad7eea358920dc	135247	-	df0afc1ff192195643922285e9e3f32681cfa13e297554a9bd8a5201a45c62dc
RF-CHAIN-A-n03-r1e-08	sparse_interactive	typed	solved	ok	0	d064cf9a6ebaac8b84267d10bc92e39ef2c0d10771e723faf770fce2fe467a9e	fd964d7b043a33316e92b01bd276104e05a29b5b930035cf9d17d7740f3549d1	134820	-	16d7047be895636bd1390f0f2230a6d80412a3169353fcc248b6e5e357e01237
RF-CHAIN-A-n03-r1e-10	sparse_interactive	captured	solved	ok	0	9c1f4ded808c1a78cda7e0f200fe9a0e21be9cecaf641917ddc77ce5a94789a6	ed1fdcf9481e5d1f95c0b730512e6ac66c75bef87b6f677a0eb76a5078206e91	135254	-	ae3997e579562889e723a17c02dd988198fb8ce4c9cd775680570b5c3c810c10
RF-CHAIN-A-n03-r1e-08	dense_scrutiny	captured	solved	ok	0	d788387fffda8233ab09f3dcdd5aa6f299d68707592bf321d799cc079a7dfe29	d7e26851c9563bba819798298a5ae6d66238a82dc5ff2a59e9a48adb9caefe06	136532	-	9daaf04ac2f320884c9c123a41b42a663580058f3dc97bd78a66136d316975c0
RF-CHAIN-A-n03-r1e-08	dense_scrutiny	typed	solved	ok	0	f588380dcfe09a437b573496b10cab32f336cef73de2645443647bc13233d9a9	ffb67b6d5d4087a594585ef5b596738fbc1105f5ccae5daafd77353b284e4ed8	136105	-	5ded931bb45cd3ba104cac935802aa6bcca6b6004f2e214b3958864b2cf22984
RF-CHAIN-A-n03-r1e-10	dense_scrutiny	captured	solved	ok	0	ed2a86fa9a5b8b9affb0d624ac9ce7b288c9fe6dbb61491425f6d74fbcc23007	6e254af2c26b90352a067d01e7e1063fd1bbc38de4b024429ad766fc90c37850	136414	-	85d3d8d7338b1c09e2585ab59a631a244f9447c260f1a928125cffff7b6e3396
RF-CHAIN-A-n03-r1e-10	sparse_interactive	typed	solved	ok	0	fd3719f4b49709c9acf19f772b651254f5286328b3d048af27dea4f6c50817d3	190b1c93716194e1a08e0702971168f607e4132845b85ac694534a36702bb5c4	134827	-	d6033aeb453aae840605f9ca40b89b46def35ce3d4d08ee84d387570ceeb10b6
RF-CHAIN-A-n03-r1e-12	sparse_interactive	captured	solved	ok	0	bca0bcf5f477ee58495e82af62e6c11db03a0c115a03e75b4bb36afa13028b73	ec970ee027ee1c141b2e2588cb2869fcb725fc63a6fde3c5c56363ac400935f8	135302	-	68626ad7dbaf33c7f344ec73c5edb7ff8f1f22edb95dedb105f59e3efe76ccd2
RF-CHAIN-A-n03-r1e-10	dense_scrutiny	typed	solved	ok	0	d4a4d4fc11ef6ddb70fe2a910a2eabc400d08eeac97584a8ea1eba9d61aa666b	51ff5242200c9db1ebb1781ca5e9c06faf788edad22b3f10b8c5c8d4dd13b2c7	135987	-	6c99ff2b9a11afeaccf251b38f281d20d03f7569e4337ec81a10e665dab7f2dc
RF-CHAIN-A-n03-r1e-12	sparse_interactive	typed	solved	ok	0	e9d327d8c4939ac41b8dcc7fae97d1c6c350878bcd0b5741218ba0baff169d2d	408529f1d54c578ff2d62ff138a5798db085c92ed299838397c278c98a51e8e1	134875	-	88431e2957a2414c2990c3fdc118622271b4ca3c1f344ce4d10c6d42eea69c7c
RF-CHAIN-A-n03-r1e-12	dense_scrutiny	typed	solved	ok	0	030cbbd1d7edf8d70475371ac64d7abc5c25dc5e949e2900514d675cd9bf98dc	f2954d754c91865a95d87bafa02f4994616b7d0014740a787a2165df4d97d8b6	136146	-	e69559797169bc066f3fe814b180a681fd3e7d222e4c5ce882ccd548095f6f83
RF-CHAIN-A-n03-r1e-12	dense_scrutiny	captured	solved	ok	0	2aa3750c1de1a559e845245653564537dac7d640f3efc45341ccfbda8703684c	146c229c27162e1ee5928dab9c06a39e06e3513b7539126116c11b124ecf51e0	136573	-	beb4517e874066205425686995710fd4f17870fcb0eb41c935faca017282e105
RF-WEAK-W-L-r1e-04	sparse_interactive	captured	solved	ok	0	fe30612a70f78f8fb14c5e7a2bfb1bf1d133197ac8f922ca2533e69bfee55ecb	eb50096d470074ff75767a015b4d455148db9ab3eb87e160742f33a4ac19ae8e	94486	-	44fdaf9fa240a6caf4ebf062149d16e077f6292b9c0e6695b3197b0299fc771e
RF-WEAK-W-L-r1e-04	dense_scrutiny	captured	solved	ok	0	79abfb5b16c1f6f2f4f9ca1b755d489923fe45065baf76d76f4c5edd991ae509	0b49a848ca5dd85701e014d506be3d288c4a64d830ad71fc96fbbf1fb9e387d8	95580	-	322f53d7979b77d27da034456f2d2a04ef0a9ff00c441432135a4e7f6e85c32c
RF-WEAK-W-L-r1e-04	sparse_interactive	typed	solved	ok	0	fe30612a70f78f8fb14c5e7a2bfb1bf1d133197ac8f922ca2533e69bfee55ecb	eb50096d470074ff75767a015b4d455148db9ab3eb87e160742f33a4ac19ae8e	94486	-	4114fe298199eaae7c1bf694cd0a9cbaac3098a4b6dfbecfc90ecb24c2b4eeec
RF-WEAK-W-L-r1e-04	dense_scrutiny	typed	solved	ok	0	79abfb5b16c1f6f2f4f9ca1b755d489923fe45065baf76d76f4c5edd991ae509	0b49a848ca5dd85701e014d506be3d288c4a64d830ad71fc96fbbf1fb9e387d8	95580	-	4c0e0cb3e0b02d0a08f7b5a569b9943630d77c2090ab8bf12897ef2fe0288f5d
RF-WEAK-W-L-r1e-08	sparse_interactive	captured	solved	ok	0	f6f63750a2f0cca447efa805424934714e0b3e476a495de586e043f257f81009	72b3558550da638882b389afe4b1276d750ae09cd2ebc1add2e0bf1742cf8d68	95111	-	75deadbac672dfd22cb130eca037d2b35761252fd040feff21dbcc96987fcc56
RF-WEAK-W-L-r1e-08	dense_scrutiny	captured	solved	ok	0	cb646dd2bdc0f78ceaa294dcb0204a88583b8d4fc0a3eda1001677b9cd318964	ded8dead38cdfc43849e965284c4a11094e8f2d1e2e61b948ec4abe205e78c47	96608	-	6cf1414bf9cb7d11cb878d52f5a0a64fab0387c6880a8364c2aff2e71a079fa1
RF-WEAK-W-L-r1e-08	sparse_interactive	typed	solved	ok	0	c144b9cec56120f0f055d7ae275ca2d754bec8b7faf8ac9b57944bd31c8be214	9dde97d8c97d7dc8e47dbae827eb70bbcb156b2b5a4a1f3dacadb2f5c4fce73f	94684	-	2b59d05469368ea95b953f7902b5107dea78e91230686dddc90418329862303f
RF-WEAK-W-L-r1e-08	dense_scrutiny	typed	solved	ok	0	bcf1cdc97243ac8af55fae12327013c40af8cf05eab84d8e837697691c4856ad	8f19b067ee5e16eeb1c799d485fe7b4ed6bbb3b54758326537083b7bb3a36996	96181	-	d032b53a4d043290795632a0311842695ec65ba818ee61e250b487f15448b446
RF-WEAK-W-L-r1e-12	sparse_interactive	captured	solved	ok	0	45fbe7b2c07a1f8bc713c94c796397ff2b942b69153aa511c5352e03a9f666c7	61e6f65f2d49017609ae7a0a229f0ff2af6931cf2545c223e5561b4a10bb84b3	95348	-	3c4740103b9c3e1a559b38771c7693ddcd847c41877f640e6fbe6040a67ef027
RF-WEAK-W-L-r1e-12	sparse_interactive	typed	solved	ok	0	22f53f877cdd2f6ddfe5b5d2e2dfc9e182e4b6eae50839db5585209b33db63aa	706e7f6b19bbffa68f083b8e688b79ed3bdcaa0b71f1c83327f3b60b8520bd02	94921	-	7110deebe8c8c4b0f4f952b7351698ff47c31174fb8beea819bc4df8af90c4c8
RF-WEAK-W-L-r1e-12	dense_scrutiny	captured	refused_blocked	ok	0	d2db9eeb423b2ca75e464dc4c88ef87cbdcac4e6aadf7404e0cc0a60b9b26471	5d72bb27c1f10df8a1e93d963c1b1385697f7e8bfc14f0ec3b9173f9b543d3df	4279	-	e2613a42a7bfc0e56968c6b51587f27c798cd1ff6ea5525b24a459eb2caff2e1
RF-WEAK-W-L-r1e-12	dense_scrutiny	typed	refused_blocked	ok	0	836de0cb56ded9a495eabc48d2e9110d52f63e1ca254c1839488750724b9bc5f	c8c54aace30259a2a74df3068d44251c27587a76c711161f25a938dc2ebb74f3	3852	-	f2c09197ec4af36961b96bb216de0794ee401cc94fdde8f443bd62b39a8267c3
RF-INVARIANCE-LFRAME-BASE	sparse_interactive	captured	solved	ok	0	bc10221cc3fef0f351d5313aec5d44f85af966d2d7fb7806513b79728c021498	4cbb8f2df69664e8c50d04b7f7c0d114cd1832872851c36f963c6ada7ce2fb3b	105191	-	18f15c3e08a40215d6f11716df5f7dca9a26a909c82e68837ab2e2058610f051
RF-INVARIANCE-LFRAME-BASE	sparse_interactive	typed	solved	ok	0	bc10221cc3fef0f351d5313aec5d44f85af966d2d7fb7806513b79728c021498	4cbb8f2df69664e8c50d04b7f7c0d114cd1832872851c36f963c6ada7ce2fb3b	105191	-	782955398b869a259d7002c52af75a32cecb9dee397ed7de26e3386b4390bb03
RF-INVARIANCE-LFRAME-BASE	dense_scrutiny	captured	solved	ok	0	39e3ded4a9964c025528fd6958314e37ae8eb2b512041d29e8132bd2fce6a2cc	cbe5a4a439df91ba2bc1bfd2fdc0608edf2c5b309824874eff7fc3c353a90839	106389	-	5a953961ae7c32a11d74e3f2af431ce757c7e98b0827878a9baad14c562fb858
RF-INVARIANCE-LFRAME-OFF-1e3	sparse_interactive	captured	solved	ok	0	bc10221cc3fef0f351d5313aec5d44f85af966d2d7fb7806513b79728c021498	a9ec4a82e18d510d2e20ea69cc1529d5b9a9c1c47848bd32b5b34532c1d1863e	105194	-	73c2ea7167f1643735a545e316c56418d4d6b14652885f453acffff6c94c8ebf
RF-INVARIANCE-LFRAME-BASE	dense_scrutiny	typed	solved	ok	0	39e3ded4a9964c025528fd6958314e37ae8eb2b512041d29e8132bd2fce6a2cc	cbe5a4a439df91ba2bc1bfd2fdc0608edf2c5b309824874eff7fc3c353a90839	106389	-	46821978c90fb708b2adf05a4bbc5c1fdef3c19151db7ee402b137e980c47a50
RF-INVARIANCE-LFRAME-OFF-1e3	sparse_interactive	typed	solved	ok	0	bc10221cc3fef0f351d5313aec5d44f85af966d2d7fb7806513b79728c021498	a9ec4a82e18d510d2e20ea69cc1529d5b9a9c1c47848bd32b5b34532c1d1863e	105194	-	fdafe0628b88f43e11df82b430a27a6e58d2e1e4cbcf5d8e40732f5679d17e85
RF-INVARIANCE-LFRAME-OFF-1e3	dense_scrutiny	captured	solved	ok	0	39e3ded4a9964c025528fd6958314e37ae8eb2b512041d29e8132bd2fce6a2cc	84189176460ec4338d8ebb305a28851200f0d2b256ef12be95fb7a9c8e757b98	106392	-	926d8bc8b5d23a59f5cd807e8ca2eaceb3d928497b36125ced21ccc30657db42
RF-INVARIANCE-LFRAME-OFF-1e3	dense_scrutiny	typed	solved	ok	0	39e3ded4a9964c025528fd6958314e37ae8eb2b512041d29e8132bd2fce6a2cc	84189176460ec4338d8ebb305a28851200f0d2b256ef12be95fb7a9c8e757b98	106392	-	37cc30096d70e6081f2d3a7061a57109576bc1936d9e37f51544d4aee6596d0c
RF-INVARIANCE-LFRAME-OFF-1e6	sparse_interactive	captured	solved	ok	0	bc10221cc3fef0f351d5313aec5d44f85af966d2d7fb7806513b79728c021498	82ebee5f8d791b47b264dd81a6667a9786a0f3589f8e2a0e21e2d24fd57aed1b	105194	-	ba605885569a955c538b47716c2c69d1aaea404800a03af73f716258b3ebd6fd
RF-INVARIANCE-LFRAME-OFF-1e6	sparse_interactive	typed	solved	ok	0	bc10221cc3fef0f351d5313aec5d44f85af966d2d7fb7806513b79728c021498	82ebee5f8d791b47b264dd81a6667a9786a0f3589f8e2a0e21e2d24fd57aed1b	105194	-	ce8a77e48bfe8dd6bccec4ba295c9b6e2c81ed97870dcb2b0bc82d2f3f341da2
RF-INVARIANCE-LFRAME-OFF-1e6	dense_scrutiny	captured	solved	ok	0	39e3ded4a9964c025528fd6958314e37ae8eb2b512041d29e8132bd2fce6a2cc	14b1456de7d4e0ce881e2c16361f818154c1b2a32b54447c45815c6e6e6b05ce	106392	-	90ac807ca06864601fd80a05edb0a890e0064244483edc250402888f72bdc425
RF-INVARIANCE-LFRAME-RELABEL	sparse_interactive	captured	solved	ok	0	04a352d5e581a5a71cee9ff4fb447ae5503e26cf0892b04e3edfb1b3a9da4633	4f6b80ab3b8478285904e4aeae3c4cb605cc3c528b9edce8cc6009de132120d9	105243	-	6635dd98230cf5488b0c787a59be45c3a48c919494c8120b9f47a415ba55f305
RF-INVARIANCE-LFRAME-OFF-1e6	dense_scrutiny	typed	solved	ok	0	39e3ded4a9964c025528fd6958314e37ae8eb2b512041d29e8132bd2fce6a2cc	14b1456de7d4e0ce881e2c16361f818154c1b2a32b54447c45815c6e6e6b05ce	106392	-	09a3a2b0a74708812c402e82abc71fcbe6a87886ef3d1344f4a440f7a074637f
RF-INVARIANCE-LFRAME-RELABEL	sparse_interactive	typed	solved	ok	0	04a352d5e581a5a71cee9ff4fb447ae5503e26cf0892b04e3edfb1b3a9da4633	4f6b80ab3b8478285904e4aeae3c4cb605cc3c528b9edce8cc6009de132120d9	105243	-	7e2bd2fcb1156670b3019dc9fca46732b2cede42b626c486460f5fa3702995ed
RF-INVARIANCE-LFRAME-RELABEL	dense_scrutiny	captured	solved	ok	0	0bd4027b45910f95ec55d62b75c3d143f90b91dc40d92b3e6bc6794fa5a8f8cc	c6f76c032355cfd63c4b2c1e578badcf87c40098584f6800d226730b90259468	106318	-	5f69395303e76b5e38998c272517d52504f555136b03198dd06a0d75bbfac533
RF-ZERO-PLANAR	sparse_interactive	captured	solved	ok	0	ef7b1bb2163c92101bb533b9583436bc7a58cc86a7fa8ada46f68743d53599b2	b3e184bcae87de25dabf013f17092b0c2871c4bc2992eb522f563729754f7ce2	90024	-	6e25bb79154073a5d1322d97f28051ee86a81233dd9234fdd24b90333c3376c0
RF-INVARIANCE-LFRAME-RELABEL	dense_scrutiny	typed	solved	ok	0	0bd4027b45910f95ec55d62b75c3d143f90b91dc40d92b3e6bc6794fa5a8f8cc	c6f76c032355cfd63c4b2c1e578badcf87c40098584f6800d226730b90259468	106318	-	79b282ee63df1fa6f4a41116fc7ef9af8a77e1551b939b44d1fc79a3fb48782f
RF-ZERO-PLANAR	sparse_interactive	typed	solved	ok	0	ef7b1bb2163c92101bb533b9583436bc7a58cc86a7fa8ada46f68743d53599b2	b3e184bcae87de25dabf013f17092b0c2871c4bc2992eb522f563729754f7ce2	90024	-	4812c8ada2a69f401be8bd0603f49062523d4703fad51a91fdaa9525fb2597d4
RF-ZERO-PLANAR	dense_scrutiny	typed	solved	ok	0	d2a6ed7a937b55c0b886b1d03d45d3cf50929f56aae16dea4f8c00b7dbb9edab	404580a2f606e0dcd630fc7494c5498a63b00d6137c03a2fc88765e3edcaef16	91345	-	d335738562326737d5418a45e1bcc2638b0f8adfba8187d139662aff6ed3b35d
RF-ZERO-PLANAR	dense_scrutiny	captured	solved	ok	0	d2a6ed7a937b55c0b886b1d03d45d3cf50929f56aae16dea4f8c00b7dbb9edab	404580a2f606e0dcd630fc7494c5498a63b00d6137c03a2fc88765e3edcaef16	91345	-	376ed4cb6a4e99a9e8eafe9be0a9682da10cb97b7b5a108f40829c7afbfd6a47
RF-FINITE-ROT-Q9-NONMULT	sparse_interactive	captured	solved	ok	0	b60278d742052b46009621e9b0f6305625d41dec186d22ea15861c9b6e51bc63	5482669af0ce59b15f9e2221c2836db395fda2c9d588f4b52f1caebc1645b57a	97476	-	a9697444a0819af5ddc39928800b09a13e537752f58e99fbd7c3503daabbae02
RF-FINITE-ROT-Q9-NONMULT	sparse_interactive	typed	solved	ok	0	b60278d742052b46009621e9b0f6305625d41dec186d22ea15861c9b6e51bc63	5482669af0ce59b15f9e2221c2836db395fda2c9d588f4b52f1caebc1645b57a	97476	-	b0fd9780abc27a20927f1a10d507b7c555da425b1b20a48c7e53987abb3cac34
RF-FINITE-ROT-Q9-NONMULT	dense_scrutiny	captured	solved	ok	0	afc48fbad9ba9ea29fae4489793f2fc0dd4623473b2fedf220d79fc99690d804	14b4bb556bee665c3b04a362737e54e8a62dd2841cf3794c993078cd53c6240c	98577	-	ce4551470610084b654c138ea85ade0b0c89ab3007b6a9eebbad7225d26bc503
RF-FINITE-ROT-Q9-NONMULT	dense_scrutiny	typed	solved	ok	0	afc48fbad9ba9ea29fae4489793f2fc0dd4623473b2fedf220d79fc99690d804	14b4bb556bee665c3b04a362737e54e8a62dd2841cf3794c993078cd53c6240c	98577	-	edc4c330bd45a424b8684016ccdc23512d0eb4a956ef5c638a8b906f0b5292eb
RF-CANCEL-F-G1e5-GnG	sparse_interactive	captured	solved	ok	0	11ddc2c09e754dd654ad3b3a5b074f250a545c0fbc0afc2d760fd37ffc42916f	33bf67d0295887b80ca3c72d711c1336c43da844764434cf057b38f5a3cea8ef	88208	-	067f4577fd515106d8d454ac797ef755881cbb3e71b1c6031536512649ebeb08
RF-CANCEL-F-G1e5-GnG	sparse_interactive	typed	solved	ok	0	11ddc2c09e754dd654ad3b3a5b074f250a545c0fbc0afc2d760fd37ffc42916f	33bf67d0295887b80ca3c72d711c1336c43da844764434cf057b38f5a3cea8ef	88208	-	ecb2877f10360ab870bc1cad269a1b01322fd5a315a4a638a724ab25ef831a01
RF-CANCEL-F-G1e5-GnG	dense_scrutiny	captured	solved	ok	0	d35dbeb1171c0ff5179e815fbdbff5df19f2857e50a4321e2345c402184708a5	d14efb0fd3b2aa181a8e812d3487aaf964e89c1164a0bb5ca28ed354d30cc5a4	89405	-	156a629667335986ff537e968975cfd67b42565a646455c5d275ebd330bc4387
RF-CANCEL-F-G1e5-GnG	dense_scrutiny	typed	solved	ok	0	d35dbeb1171c0ff5179e815fbdbff5df19f2857e50a4321e2345c402184708a5	d14efb0fd3b2aa181a8e812d3487aaf964e89c1164a0bb5ca28ed354d30cc5a4	89405	-	029f5451608f747b33e70aefaa1fcea046a11a07c5580ea8136535dc58f4281b
RF-CANCEL-F-G1e5-GGn	sparse_interactive	typed	solved	ok	0	11ddc2c09e754dd654ad3b3a5b074f250a545c0fbc0afc2d760fd37ffc42916f	a12c1a7e3da4a9d4fed3cadb780b674515ce9aaf8720e7f5b5e30deadcc3a0ca	88208	-	c67dd3928ecd152083d2e0d775dbab266840ce3672c58f76d379b2eb14fa0375
RF-CANCEL-F-G1e5-GGn	sparse_interactive	captured	solved	ok	0	11ddc2c09e754dd654ad3b3a5b074f250a545c0fbc0afc2d760fd37ffc42916f	a12c1a7e3da4a9d4fed3cadb780b674515ce9aaf8720e7f5b5e30deadcc3a0ca	88208	-	233df8d1066a8247a5fa1dbb7deec2827e4be4e657648c657924ee31732b1eb9
RF-CANCEL-F-G1e5-nGG	sparse_interactive	typed	solved	ok	0	11ddc2c09e754dd654ad3b3a5b074f250a545c0fbc0afc2d760fd37ffc42916f	a15bd3857ceb320c4895dcbdb04ecf195d7214d61db85c0922cba20d6a342e7c	88208	-	c820c57c28403c5c0f3a95da84ff5dc98a17cb7bc5ea7520635ed7d189171877
RF-CANCEL-F-G1e5-GGn	dense_scrutiny	captured	solved	ok	0	d35dbeb1171c0ff5179e815fbdbff5df19f2857e50a4321e2345c402184708a5	fbf3b740da12aea90b2fa52760154042e5b5138192de08258b81cc2e712280d6	89405	-	ddecb6db45cf97fdcfd09cf687d79a74b7a64bf867bd4e2a6f9431d24922033e
RF-CANCEL-F-G1e5-GGn	dense_scrutiny	typed	solved	ok	0	d35dbeb1171c0ff5179e815fbdbff5df19f2857e50a4321e2345c402184708a5	fbf3b740da12aea90b2fa52760154042e5b5138192de08258b81cc2e712280d6	89405	-	d408c9b0fa0c63112b65deb23f79538461d920c2060344e5abf7eeff8c6aa701
RF-CANCEL-F-G1e5-nGG	sparse_interactive	captured	solved	ok	0	11ddc2c09e754dd654ad3b3a5b074f250a545c0fbc0afc2d760fd37ffc42916f	a15bd3857ceb320c4895dcbdb04ecf195d7214d61db85c0922cba20d6a342e7c	88208	-	48e98c7c303ae7403f3adc3068819bbec8fbb14493548c2745e1e603293e61f7
RF-CANCEL-F-G1e5-nGG	dense_scrutiny	typed	solved	ok	0	d35dbeb1171c0ff5179e815fbdbff5df19f2857e50a4321e2345c402184708a5	5bd050e476d4ee6fe6e66144038d432b61917673a1daf43944d7b2ffd0dd9f63	89405	-	70917acb55a467d14b736bf5e51f0ef1fd62db85ab866682483358f4bbb22e7c
RF-CANCEL-F-G1e5-nGG	dense_scrutiny	captured	solved	ok	0	d35dbeb1171c0ff5179e815fbdbff5df19f2857e50a4321e2345c402184708a5	5bd050e476d4ee6fe6e66144038d432b61917673a1daf43944d7b2ffd0dd9f63	89405	-	22242ab261969ae80a170c3791b61b5efea3340ffb11539e074ca7098eb1f4ef
RF-CANCEL-F-G1e6-GnG	sparse_interactive	captured	solved	ok	0	11ddc2c09e754dd654ad3b3a5b074f250a545c0fbc0afc2d760fd37ffc42916f	d4a19055ac9b0df31d54d735886d1508b08bea7d78df2b60d96b8e286f621bb8	88208	-	a048df6d19abd115ea08fae8e20fabbeb81598ea2a358b3a54f67638786c24e3
RF-CANCEL-F-G1e6-GnG	sparse_interactive	typed	solved	ok	0	11ddc2c09e754dd654ad3b3a5b074f250a545c0fbc0afc2d760fd37ffc42916f	d4a19055ac9b0df31d54d735886d1508b08bea7d78df2b60d96b8e286f621bb8	88208	-	b7a0dd9e6aaab8dfb443f23d12f9f7a02ecfd66429f4224f30fda090565805e2
RF-CANCEL-F-G1e6-GnG	dense_scrutiny	captured	solved	ok	0	d35dbeb1171c0ff5179e815fbdbff5df19f2857e50a4321e2345c402184708a5	ec8b027ef27de313a4ae684a2729805e5d8bd8ae30fb7e3ab7d3f05e73469700	89405	-	3ac3a554ccac429272331ea17c5a32a6ab01c379da0f68b687c9d879df5e1b52
RF-CANCEL-F-G1e6-GnG	dense_scrutiny	typed	solved	ok	0	d35dbeb1171c0ff5179e815fbdbff5df19f2857e50a4321e2345c402184708a5	ec8b027ef27de313a4ae684a2729805e5d8bd8ae30fb7e3ab7d3f05e73469700	89405	-	49ef754109410085ef5a258c5f509d71a24566da83b5a5b48a666368ea115699
RF-CANCEL-F-G1e6-GGn	sparse_interactive	captured	solved	ok	0	11ddc2c09e754dd654ad3b3a5b074f250a545c0fbc0afc2d760fd37ffc42916f	2de18e674924ab9b87462e922aff834f8fed35e0cb41b844f7ed500bfa8693af	88208	-	9a1fd4a162d67ed5b4592bdcb59c6e6d5a9be0e6c4de9e88219bfbea18eed708
RF-CANCEL-F-G1e6-GGn	sparse_interactive	typed	solved	ok	0	11ddc2c09e754dd654ad3b3a5b074f250a545c0fbc0afc2d760fd37ffc42916f	2de18e674924ab9b87462e922aff834f8fed35e0cb41b844f7ed500bfa8693af	88208	-	f1a779e77134dcf2bdfd73d369539e00da9d3b20bdcd2cf54ee5f02c4c107ac2
RF-CANCEL-F-G1e6-GGn	dense_scrutiny	captured	solved	ok	0	d35dbeb1171c0ff5179e815fbdbff5df19f2857e50a4321e2345c402184708a5	5e6e3649ac2bbd277f55eb6981581780054427fd766d8446d646ca18345bd747	89405	-	5ceee319bd9bd7aef3e8b386bfe85c82efc1d4b412931887cf9c4368375fa177
RF-CANCEL-F-G1e6-GGn	dense_scrutiny	typed	solved	ok	0	d35dbeb1171c0ff5179e815fbdbff5df19f2857e50a4321e2345c402184708a5	5e6e3649ac2bbd277f55eb6981581780054427fd766d8446d646ca18345bd747	89405	-	e2af5ce7625f91d5afc7c263362271b171cc28a4aa97b6e4b2d810bb1d06f331
RF-CANCEL-F-G1e6-nGG	sparse_interactive	captured	solved	ok	0	11ddc2c09e754dd654ad3b3a5b074f250a545c0fbc0afc2d760fd37ffc42916f	59bc7da0c20d934fd60702cd8b172bd08c29c09ed236b89cad35288373efbe2b	88208	-	5ee6b388a787fe190b22e94a9a002167da6ffbd78b9deccd37ba9f980c681f88
RF-CANCEL-F-G1e6-nGG	sparse_interactive	typed	solved	ok	0	11ddc2c09e754dd654ad3b3a5b074f250a545c0fbc0afc2d760fd37ffc42916f	59bc7da0c20d934fd60702cd8b172bd08c29c09ed236b89cad35288373efbe2b	88208	-	4651799ab0711ce3ab2e7dadd58b39ec985f2321fe9a7c99c2501fcd85ffeea4
RF-CANCEL-F-G1e6-nGG	dense_scrutiny	captured	solved	ok	0	d35dbeb1171c0ff5179e815fbdbff5df19f2857e50a4321e2345c402184708a5	c1cf136c0b0629d97828597fd1db36e4a27ece3008e00b7cfb9aeac247c52f80	89405	-	b6801f50e0e81b95682b081791624db55ccbe7ddd8b66e3a26d0a04324ca57c4
RF-CANCEL-F-G1e7-GnG	sparse_interactive	typed	solved	ok	0	11ddc2c09e754dd654ad3b3a5b074f250a545c0fbc0afc2d760fd37ffc42916f	177ad104a02c5a361ce253aee0fd37717c9f4719fe1f893ca6ac8643b7937431	88208	-	d734d1264dcd20ec4a7b4baa96d1c2c37e838e6f6e518d03aab170649af9210f
RF-CANCEL-F-G1e7-GnG	sparse_interactive	captured	solved	ok	0	11ddc2c09e754dd654ad3b3a5b074f250a545c0fbc0afc2d760fd37ffc42916f	177ad104a02c5a361ce253aee0fd37717c9f4719fe1f893ca6ac8643b7937431	88208	-	fa0cd12c5f6a15e9b3dc8a69b2828ab8a17668ed045251d22153c2e8533df254
RF-CANCEL-F-G1e6-nGG	dense_scrutiny	typed	solved	ok	0	d35dbeb1171c0ff5179e815fbdbff5df19f2857e50a4321e2345c402184708a5	c1cf136c0b0629d97828597fd1db36e4a27ece3008e00b7cfb9aeac247c52f80	89405	-	741b33215df2a2f51f056dab72a87dfa52b226c1c6c715c512d75015a3576001
RF-CANCEL-F-G1e7-GnG	dense_scrutiny	captured	solved	ok	0	d35dbeb1171c0ff5179e815fbdbff5df19f2857e50a4321e2345c402184708a5	436a1937213efe56de6167528c4c6f6e5a4feb6e94fbf2348551b6d44f965751	89405	-	ca50ef1a707fd369fbca5061a2e76e617e665f7a1e9b056a8e97d225f107cec6
RF-CANCEL-F-G1e7-GGn	sparse_interactive	captured	solved	ok	0	11ddc2c09e754dd654ad3b3a5b074f250a545c0fbc0afc2d760fd37ffc42916f	cd3ad234c7d5a4f7f770ed15d229b0772b2b95c65865d5a084c9defecce868d5	88208	-	6a9943bcb45b165c89d1eeccab3031911a40039b5c12619f75cf15b3348bde87
RF-CANCEL-F-G1e7-GnG	dense_scrutiny	typed	solved	ok	0	d35dbeb1171c0ff5179e815fbdbff5df19f2857e50a4321e2345c402184708a5	436a1937213efe56de6167528c4c6f6e5a4feb6e94fbf2348551b6d44f965751	89405	-	be5453a1b38afce6b8bb882f909179bcc9a61164eba28ab9266aae8441a32103
RF-CANCEL-F-G1e7-GGn	dense_scrutiny	captured	solved	ok	0	d35dbeb1171c0ff5179e815fbdbff5df19f2857e50a4321e2345c402184708a5	93bc1978619fbea6ff34a94e7b127102dcd4504007df5915da3b5eb6fd860a22	89405	-	73b1761fc9eb02bb03eae3b94729f10c880b18bffea70f1541899ea22789061e
RF-CANCEL-F-G1e7-GGn	sparse_interactive	typed	solved	ok	0	11ddc2c09e754dd654ad3b3a5b074f250a545c0fbc0afc2d760fd37ffc42916f	cd3ad234c7d5a4f7f770ed15d229b0772b2b95c65865d5a084c9defecce868d5	88208	-	742fe949701712741197c47d266aa6f76b07677d95c745357f30e10573eab992
RF-CANCEL-F-G1e7-nGG	sparse_interactive	typed	solved	ok	0	11ddc2c09e754dd654ad3b3a5b074f250a545c0fbc0afc2d760fd37ffc42916f	ebee6d72dc7f9a41797a89a0f14188a05b027877c065ac640e69c8d3b8c0566e	88208	-	032a403c2149fe6ca93e24253d466acaa276d756026b62daa21de51a89b65ebe
RF-CANCEL-F-G1e7-nGG	sparse_interactive	captured	solved	ok	0	11ddc2c09e754dd654ad3b3a5b074f250a545c0fbc0afc2d760fd37ffc42916f	ebee6d72dc7f9a41797a89a0f14188a05b027877c065ac640e69c8d3b8c0566e	88208	-	a5eca08ce96fe0fe356d80aadf10a28a4683521bc15e9215c6f766797a2b5572
RF-CANCEL-F-G1e7-GGn	dense_scrutiny	typed	solved	ok	0	d35dbeb1171c0ff5179e815fbdbff5df19f2857e50a4321e2345c402184708a5	93bc1978619fbea6ff34a94e7b127102dcd4504007df5915da3b5eb6fd860a22	89405	-	69266bd7641021538b26052313735b35fdfd998d4b4bc315bc9b94810138c324
RF-CANCEL-F-G1e7-nGG	dense_scrutiny	captured	solved	ok	0	d35dbeb1171c0ff5179e815fbdbff5df19f2857e50a4321e2345c402184708a5	43f47fe1cfd252f5a7bb64f2c2bc2968404bb9e6d3b7bd25a64559ac8a8e028e	89405	-	297170e258ecf36bf903eb5daa458434ee534b6d17360e8b16c8b969acd07513
RF-CANCEL-F-G1e8-GnG	sparse_interactive	captured	solved	ok	0	11ddc2c09e754dd654ad3b3a5b074f250a545c0fbc0afc2d760fd37ffc42916f	4b26987965cfae2cb5130c0a8618d343ef74146264d287a89f33eb34b956fc3b	88208	-	87b3950489f9a15fe665b1ee8b8be3e28180d9391a8efa24a5f4034497b62c83
RF-CANCEL-F-G1e7-nGG	dense_scrutiny	typed	solved	ok	0	d35dbeb1171c0ff5179e815fbdbff5df19f2857e50a4321e2345c402184708a5	43f47fe1cfd252f5a7bb64f2c2bc2968404bb9e6d3b7bd25a64559ac8a8e028e	89405	-	97cac4308789d166e1857ee1d3aa747f38b2231c65a209bb3cb34ec11e0081a8
RF-CANCEL-F-G1e8-GnG	dense_scrutiny	captured	solved	ok	0	d35dbeb1171c0ff5179e815fbdbff5df19f2857e50a4321e2345c402184708a5	0def221f827ae5e5b13dffa1fb8dfd443f842d697d66cbe65f1635270a032c86	89405	-	db3e6a82404a1e8987a811b7edd8c04bf168f251bd165db873640c6c40f352f2
RF-CANCEL-F-G1e8-GnG	sparse_interactive	typed	solved	ok	0	11ddc2c09e754dd654ad3b3a5b074f250a545c0fbc0afc2d760fd37ffc42916f	4b26987965cfae2cb5130c0a8618d343ef74146264d287a89f33eb34b956fc3b	88208	-	b4609730c376c11cf13313320d612b386dd3469d02cd51a87fb746a0ab890eb7
RF-CANCEL-F-G1e8-GnG	dense_scrutiny	typed	solved	ok	0	d35dbeb1171c0ff5179e815fbdbff5df19f2857e50a4321e2345c402184708a5	0def221f827ae5e5b13dffa1fb8dfd443f842d697d66cbe65f1635270a032c86	89405	-	836725ac0918bbe9b132878dc2d8a804b3efe811e0623fc4f92e8d979d9fca90
RF-CANCEL-F-G1e8-GGn	sparse_interactive	captured	solved	ok	0	11ddc2c09e754dd654ad3b3a5b074f250a545c0fbc0afc2d760fd37ffc42916f	b7530dbe9c0a7981e82f8ded58976514db8c8926aab5923faa573bd4228a3309	88208	-	16862fd3b7416ab50d81fd1c446c7ce877bfefe41904a47f58008fb4401c459a
RF-CANCEL-F-G1e8-GGn	sparse_interactive	typed	solved	ok	0	11ddc2c09e754dd654ad3b3a5b074f250a545c0fbc0afc2d760fd37ffc42916f	b7530dbe9c0a7981e82f8ded58976514db8c8926aab5923faa573bd4228a3309	88208	-	9752a2b05248c6b87b5a5752c23304544e4279c92f7925ab0747cd7b903a4ac3
RF-CANCEL-F-G1e8-GGn	dense_scrutiny	captured	solved	ok	0	d35dbeb1171c0ff5179e815fbdbff5df19f2857e50a4321e2345c402184708a5	8dbc5bf0d300e41d9bbb878496fc26f3b6183acc6b966b6fac024ee847b7aa6b	89405	-	a88a6f247bf91061ee69dcfb5b0c0c84b0b8b54dea46d06e5692349c475b24a9
RF-CANCEL-F-G1e8-GGn	dense_scrutiny	typed	solved	ok	0	d35dbeb1171c0ff5179e815fbdbff5df19f2857e50a4321e2345c402184708a5	8dbc5bf0d300e41d9bbb878496fc26f3b6183acc6b966b6fac024ee847b7aa6b	89405	-	06a1c055c9a69433ef74c2c329a299b702f4cb523fa740105bffa7338fc48979
RF-CANCEL-F-G1e8-nGG	sparse_interactive	captured	solved	ok	0	11ddc2c09e754dd654ad3b3a5b074f250a545c0fbc0afc2d760fd37ffc42916f	18fd46b069e4b530a1d1299b036be56c2f6bb75b651a683f42a5a52bf4c0065f	88208	-	5475415be62f6a245594113496ace8454b17efec896a393249f5630de9712a37
RF-CANCEL-F-G1e8-nGG	sparse_interactive	typed	solved	ok	0	11ddc2c09e754dd654ad3b3a5b074f250a545c0fbc0afc2d760fd37ffc42916f	18fd46b069e4b530a1d1299b036be56c2f6bb75b651a683f42a5a52bf4c0065f	88208	-	dcbfef8a6e1d3e0d01167e2419f0194e5e4c092f420e1ac2a4cd3c5a9983e37d
RF-CANCEL-F-G1e8-nGG	dense_scrutiny	captured	solved	ok	0	d35dbeb1171c0ff5179e815fbdbff5df19f2857e50a4321e2345c402184708a5	b91355dc7652bf5768b5aad42743973786dc6a0ab56912315d3b055753470386	89405	-	1cbe0062b7ef74520a6459914962000b5c4c86901ea4ba1b43e625f16d6ed872
RF-CANCEL-F-G1e8-nGG	dense_scrutiny	typed	solved	ok	0	d35dbeb1171c0ff5179e815fbdbff5df19f2857e50a4321e2345c402184708a5	b91355dc7652bf5768b5aad42743973786dc6a0ab56912315d3b055753470386	89405	-	332a981e77e7df760418f8658b0079aad9df847fecd07f438090aacd7a92be3d
RF-CANCEL-F-G1e8-GnG-ORTHO	sparse_interactive	captured	solved	ok	0	89d9b34ffc473e3c013e812a54b69606434e539cc08a0d6e5aed70cc341f46e0	124e97c5277d74c17483a2cac879c0e429ead854cee2228e95f6e7781c5b3cba	89928	-	a56a60e875e16f573f49855b3bdc9113a2a8e298b56ac109b55027ebe70a7d55
RF-CANCEL-F-G1e8-GnG-ORTHO	dense_scrutiny	captured	solved	ok	0	ba315ef01de2b07d77f6fbbaeaf39ef147cc404c60f30bd50c2d9bb0bc897a4c	7df771d0f16bf9cc1423d04006ebc63ef3011f0bb527c6a8dd37d16d2456549e	91126	-	b5db70cabf94949715b96d1b1ee6eabc7eb0f5eda7663054e112ce5490bd5bdf
RF-CANCEL-F-G1e8-GnG-ORTHO	sparse_interactive	typed	solved	ok	0	89d9b34ffc473e3c013e812a54b69606434e539cc08a0d6e5aed70cc341f46e0	124e97c5277d74c17483a2cac879c0e429ead854cee2228e95f6e7781c5b3cba	89928	-	441702d59bec9bcc83b94611d4f3d464fdf1b26fd0e0a051fdbf71f5b16c490c
RF-CANCEL-F-G1e8-GnG-ORTHO	dense_scrutiny	typed	solved	ok	0	ba315ef01de2b07d77f6fbbaeaf39ef147cc404c60f30bd50c2d9bb0bc897a4c	7df771d0f16bf9cc1423d04006ebc63ef3011f0bb527c6a8dd37d16d2456549e	91126	-	ce2590cb7bee555a06c171b3afc1e250c9f3007d560721d8d916c9618bb8e0ca
RF-CANCEL-F-G1e8-GnG-INPLANE	sparse_interactive	captured	solved	ok	0	962228f0f7bc8444dfb20eecf19a8aaf20cd93f81e1dcff72716febdb8966b35	2c7e11c43bf252978cf83e22625e66c4f47c0df294e9dda09139a1f74c7087e2	88593	-	57d3cccd2809f2e2a7c28c1f212bd14f8536eb78c4f442f9017e818b30e524c5
RF-CANCEL-F-G1e8-GnG-INPLANE	sparse_interactive	typed	solved	ok	0	962228f0f7bc8444dfb20eecf19a8aaf20cd93f81e1dcff72716febdb8966b35	2c7e11c43bf252978cf83e22625e66c4f47c0df294e9dda09139a1f74c7087e2	88593	-	e81371206113cf5d9a1bfe610c48e2ede56ada97082332976d99b4dff78ae731
RF-CANCEL-F-G1e8-GnG-INPLANE	dense_scrutiny	captured	solved	ok	0	8bdaf45ad426243ff60f4728a5851f22443cf824b3bdcf36fb8192480839cbb6	c70b24908d1623b242a51e18396f01041d853dcced727b04a29fe2ea4c0fa947	89736	-	8923d245ba9d218b5e620b416ffc6f6a278b9b5793dad104bb4536042a50d646
RF-CANCEL-F-G1e80-GnG	sparse_interactive	captured	refused_capture	ERR	0	-	-	-	8bdc81187827a50ff3f016f7bb05fcece3732297e94f9a1bdb3f1fd28352d365	99ffbc6fd2911130c88304925d95a317c8a4168c43015febd7fe2faaf42baa24
RF-CANCEL-F-G1e8-GnG-INPLANE	dense_scrutiny	typed	solved	ok	0	8bdaf45ad426243ff60f4728a5851f22443cf824b3bdcf36fb8192480839cbb6	c70b24908d1623b242a51e18396f01041d853dcced727b04a29fe2ea4c0fa947	89736	-	3f8cd850427dc06c43a992e5898f99f31437b2cf2b8b5b85b0b71a5ed021b7f8
RF-CANCEL-F-G1e80-GnG	dense_scrutiny	captured	refused_capture	ERR	0	-	-	-	8bdc81187827a50ff3f016f7bb05fcece3732297e94f9a1bdb3f1fd28352d365	536a9c27c5784ecc9dfe82f1030e52e4462aa00e94a2d9de95e935e14235d27d
RF-CANCEL-F-G1e80-GnG	dense_scrutiny	typed	solved	ok	0	6519183827615e6156ee9a176b9b1da540e225b18d4dc4d434081f497efd075c	5d014d2738ad42317dccc83ae5d907ba381ae575ea28132faf5cb645e6cc2e85	89556	-	961073dd88cc584d54aca3d1938cf5ee9d499c72d7bb977d5159a66330a77864
RF-CANCEL-F-G1e80-GnG	sparse_interactive	typed	solved	ok	0	fcad0aa7789c528d1835062ccc194e8c7017626228008281eda1e38be27da4b4	15ee5a4365635ef31d6b82f4b63b9845ca0569d150e0c88b836e0a5380d325d2	88406	-	03ccd6a70fbda23f3e891a21cfcbaf7f3f6ff578e209b94dcdf7cb851106c592
RF-CANCEL-F-G1e80-GGn	sparse_interactive	captured	refused_capture	ERR	0	-	-	-	8bdc81187827a50ff3f016f7bb05fcece3732297e94f9a1bdb3f1fd28352d365	a8ae93ec412aa4ffc7b9e1e6c9fceab1cd76d78ed6b0c3a68d1cc436cfb2308f
RF-CANCEL-F-G1e80-GGn	sparse_interactive	typed	solved	ok	0	fcad0aa7789c528d1835062ccc194e8c7017626228008281eda1e38be27da4b4	c70cf3cccd36bfb66f871085b4f025d3630127e37a28a2b5697073ef1a044eb2	88406	-	a974acd87ab49ac23321989a20ceaa6101f3c31922205b2837aafdf5452d0070
RF-CANCEL-F-G1e80-GGn	dense_scrutiny	captured	refused_capture	ERR	0	-	-	-	8bdc81187827a50ff3f016f7bb05fcece3732297e94f9a1bdb3f1fd28352d365	f1f1bc8797e71442fa86f730387d31790756618432b88d6cc460172b9aa03130
RF-CANCEL-F-G1e80-GGn	dense_scrutiny	typed	solved	ok	0	6519183827615e6156ee9a176b9b1da540e225b18d4dc4d434081f497efd075c	0ff4deefb510a09c1e02a5c5e72fd99ca0eaa46b74ad82c2d917888d19ed6c27	89556	-	ee7d4e76327aeb93a25c408741d75451080d15f043362904548e269a59c9ec06
RF-CANCEL-F-G1e80-nGG	sparse_interactive	typed	solved	ok	0	fcad0aa7789c528d1835062ccc194e8c7017626228008281eda1e38be27da4b4	003f598d339762e97b68e4e42f5ac931d4bdc41f158be2c1e21e6296a1dcf455	88406	-	26453d1b8c105e9ffdde54455667db96a4e5ccd9971a12938c903d2b188dfba7
RF-CANCEL-F-G1e80-nGG	sparse_interactive	captured	refused_capture	ERR	0	-	-	-	8bdc81187827a50ff3f016f7bb05fcece3732297e94f9a1bdb3f1fd28352d365	31d90d0bf9a9f67095173eecd2c52c7cdbc2bae4da44dd90d9b3d50acbf593a2
RF-CANCEL-F-G1e80-nGG	dense_scrutiny	captured	refused_capture	ERR	0	-	-	-	8bdc81187827a50ff3f016f7bb05fcece3732297e94f9a1bdb3f1fd28352d365	e0641ccd20c7a46b2db05c097a2210efba70ad0d486a43de4e8ea642a7dd68ec
RF-CANCEL-F-G1e80-nGG	dense_scrutiny	typed	solved	ok	0	6519183827615e6156ee9a176b9b1da540e225b18d4dc4d434081f497efd075c	b24c297e1e80ceecc0dd0210c07b2573a8a060e68767b97b9c054326d4f4ef36	89556	-	f4631fdae93ab88621f00036ba8a1fd89e85b3ed70ab9ec71c4cccf8b50418bd
RF-CANCEL-F-G1e80-GnG-ORTHO	sparse_interactive	captured	refused_capture	ERR	0	-	-	-	8bdc81187827a50ff3f016f7bb05fcece3732297e94f9a1bdb3f1fd28352d365	2390e1a2fc87e4a82b5214708ab396fed61955347f404128408f73e46734980a
RF-CANCEL-F-G1e80-GnG-ORTHO	dense_scrutiny	captured	refused_capture	ERR	0	-	-	-	8bdc81187827a50ff3f016f7bb05fcece3732297e94f9a1bdb3f1fd28352d365	79bd725d1d90a91892940425da597725b007ffd4f51ec6fc1addd1dceb7a404e
RF-CANCEL-F-G1e80-GnG-ORTHO	sparse_interactive	typed	solved	ok	0	81764037b4948d30bb549272f47de5cffa63547a9a001626ea1cad16fb3d310f	208285527a66d879b51decd4534724f9eec4709bdf8d41635e0a48f90d9694bd	90067	-	974942efa4b851b06f0dd9f5fdbe20f09465af370943f50da08a2e021669127a
RF-CANCEL-F-G1e80-GnG-ORTHO	dense_scrutiny	typed	solved	ok	0	a96ed1303aa466a6e26b906b80c59345866aba8e248066983e2d9f27cb63f36c	f47f4cab336521af6a1c82a976abac0dbf01a5df148404ccd835130bf7a4f56b	91206	-	d514dcbf48a4ac6b2007e08037c260b8958406a89c5209bb3736a23e1359cf21
RF-CANCEL-F-G1e80-GnG-INPLANE	dense_scrutiny	captured	refused_capture	ERR	0	-	-	-	8bdc81187827a50ff3f016f7bb05fcece3732297e94f9a1bdb3f1fd28352d365	2e8b9ffb4032bdf0b60810b493bb983b21849bbac30699cc2db21da2feb53f7d
RF-CANCEL-F-G1e80-GnG-INPLANE	sparse_interactive	captured	refused_capture	ERR	0	-	-	-	8bdc81187827a50ff3f016f7bb05fcece3732297e94f9a1bdb3f1fd28352d365	01762239b597d87deaebe6bb1418ee728e60cc0172ef9d68555b11c777267ae9
RF-CANCEL-F-G1e80-GnG-INPLANE	sparse_interactive	typed	solved	ok	0	fb858eda955ff5110c645c1a605dce62c4e2cca6681f507b9845a88d834b616b	446f59ec00f8c769db2f466d0f42965ac9edd13c056f25c627e2fa17a12a5bab	89131	-	83021b44647659018628881efc6b5b6241f496310bb03b70e98ebbf38df95b52
RF-CANCEL-F-G1e80-GnG-INPLANE	dense_scrutiny	typed	solved	ok	0	843b3f38f27a01c7a388a6781a8b9b84e5861fa3b9e73eef78b1b410001cb57c	1e5b1629a6decf04221bb358103fb1bdb6b7fdb4c70d8e2edbab496a05804dcf	90251	-	1aa9fb82645414f8c4740a7ba2939376dd06efc1591b9b97e003ffa744acbcab
RF-CANCEL-M-G1e5-GnG	sparse_interactive	typed	solved	ok	0	b3652e654d358dd4f1f8f31de506980dd3c25978dc1189b7d8fd9bb144984fd0	78fdc7d82b846c6e088b02bf2a3ab5d2b67bb17c1664110b6da85b1d3106edfd	88123	-	225021a6064eeafc76a93a450b329e286c65c18b8493c9e2574b00850c9895eb
RF-CANCEL-M-G1e5-GnG	sparse_interactive	captured	solved	ok	0	b3652e654d358dd4f1f8f31de506980dd3c25978dc1189b7d8fd9bb144984fd0	78fdc7d82b846c6e088b02bf2a3ab5d2b67bb17c1664110b6da85b1d3106edfd	88123	-	0a2f8b60011304e4b66fe41d3005c440b24fb6c4f8813453aceba5c2c345193e
RF-CANCEL-M-G1e5-GnG	dense_scrutiny	captured	solved	ok	0	12c426679d780aeb3c327db227b2f8ca95576da5841adfc67f89a8767875409f	fc50964dd2ee390e4507a31570fd3a7b5c8caadd92d88682be8510d6897ade33	89239	-	f2a2fe687014f767379cd24f74f5d849f2549135c739359b5cbd4bd7665520f8
RF-CANCEL-M-G1e5-GnG	dense_scrutiny	typed	solved	ok	0	12c426679d780aeb3c327db227b2f8ca95576da5841adfc67f89a8767875409f	fc50964dd2ee390e4507a31570fd3a7b5c8caadd92d88682be8510d6897ade33	89239	-	22243214cfcf0b7c69d58d0e56ce325af479808445097b2be45602673077bd6f
RF-CANCEL-M-G1e5-GGn	sparse_interactive	captured	solved	ok	0	b3652e654d358dd4f1f8f31de506980dd3c25978dc1189b7d8fd9bb144984fd0	129f83e59ab0ecffaa74d61e46d215b004afff65e79a41c81f2eb175aa540fd1	88123	-	96afd96831a1c3bf35221cf796509242375cb7026ad377bb24e39640f15f43e1
RF-CANCEL-M-G1e5-GGn	sparse_interactive	typed	solved	ok	0	b3652e654d358dd4f1f8f31de506980dd3c25978dc1189b7d8fd9bb144984fd0	129f83e59ab0ecffaa74d61e46d215b004afff65e79a41c81f2eb175aa540fd1	88123	-	8a0483492da42fc59296286dac06bf7473cbb0828384f2a30cbcc83d64ca2347
RF-CANCEL-M-G1e5-GGn	dense_scrutiny	captured	solved	ok	0	12c426679d780aeb3c327db227b2f8ca95576da5841adfc67f89a8767875409f	70ee3eb9e0035207a0047cc8eac1635d9430dd9f7353914307d68b9ed1d6d5a2	89239	-	a62a4e54e1ee6c8ecd75a2f4264684f304f253ea8794f64da00de80d7ee59953
RF-CANCEL-M-G1e5-GGn	dense_scrutiny	typed	solved	ok	0	12c426679d780aeb3c327db227b2f8ca95576da5841adfc67f89a8767875409f	70ee3eb9e0035207a0047cc8eac1635d9430dd9f7353914307d68b9ed1d6d5a2	89239	-	9d7cc71641535b807e8878f9fc086894f79e08ddbf6381784b9576dfdae3ce22
RF-CANCEL-M-G1e5-nGG	sparse_interactive	captured	solved	ok	0	b3652e654d358dd4f1f8f31de506980dd3c25978dc1189b7d8fd9bb144984fd0	8b4aa03a8950971173663699041515b2de4157f415ba27ccd6625f073c4b5809	88123	-	bf43e36ba6d4d0ad8dae6ef33949d9913d6379e17c7e47adc467c5f9895c9957
RF-CANCEL-M-G1e5-nGG	sparse_interactive	typed	solved	ok	0	b3652e654d358dd4f1f8f31de506980dd3c25978dc1189b7d8fd9bb144984fd0	8b4aa03a8950971173663699041515b2de4157f415ba27ccd6625f073c4b5809	88123	-	b466a9aaa35514e708cbb95552584a57504ef7dca14249f2ea0191e5fe621095
RF-CANCEL-M-G1e5-nGG	dense_scrutiny	captured	solved	ok	0	12c426679d780aeb3c327db227b2f8ca95576da5841adfc67f89a8767875409f	26b6788858b067ef8c33d0567a987b84bc838fe8781d76552187b44794be6753	89239	-	684e8b397968f6856b82837206e5b9d194de119b9c8e5927cca8a90383df7cd0
RF-CANCEL-M-G1e5-nGG	dense_scrutiny	typed	solved	ok	0	12c426679d780aeb3c327db227b2f8ca95576da5841adfc67f89a8767875409f	26b6788858b067ef8c33d0567a987b84bc838fe8781d76552187b44794be6753	89239	-	dcbc43a967dd7c1c1c4982ff0b9456147d2dcbf515c2f4d81fd7268c5b876a08
RF-CANCEL-M-G1e6-GnG	sparse_interactive	captured	solved	ok	0	b3652e654d358dd4f1f8f31de506980dd3c25978dc1189b7d8fd9bb144984fd0	e75d5d60a080d90dec25ded561dd10a15f72729d522a8c95d43530e830c18e7e	88123	-	e4fd9a45e812a727c482261d6f5b28a6223d59554a35b6124df40d502f8dbb8e
RF-CANCEL-M-G1e6-GnG	sparse_interactive	typed	solved	ok	0	b3652e654d358dd4f1f8f31de506980dd3c25978dc1189b7d8fd9bb144984fd0	e75d5d60a080d90dec25ded561dd10a15f72729d522a8c95d43530e830c18e7e	88123	-	6b1910952a591a718a19a5a06d576f9538917240bdfe8bb1a66839f1cbe50231
RF-CANCEL-M-G1e6-GnG	dense_scrutiny	captured	solved	ok	0	12c426679d780aeb3c327db227b2f8ca95576da5841adfc67f89a8767875409f	68770f2d6f58af6d9e368fb5cf855cd2da3022a34f8b66f47c356d3eb2f3dc0f	89239	-	3825038382fdeecfe47588c66b56cf4fbb8b2a67b039941f131bf097a7bd2bb2
RF-CANCEL-M-G1e6-GnG	dense_scrutiny	typed	solved	ok	0	12c426679d780aeb3c327db227b2f8ca95576da5841adfc67f89a8767875409f	68770f2d6f58af6d9e368fb5cf855cd2da3022a34f8b66f47c356d3eb2f3dc0f	89239	-	9ede12bded09e7fd5ac361c10dd15a4696bb4d4c231b780738c5229c2d1d482c
RF-CANCEL-M-G1e6-GGn	sparse_interactive	captured	solved	ok	0	b3652e654d358dd4f1f8f31de506980dd3c25978dc1189b7d8fd9bb144984fd0	4e06c8f9052150f0d6affd6bbb6aea638a34a85437d4c58fa2c75837ca2fd30e	88123	-	a6874702c37b5685ceae056e839541e3dd6aedbd7355531f38c2c30189af5747
RF-CANCEL-M-G1e6-GGn	dense_scrutiny	typed	solved	ok	0	12c426679d780aeb3c327db227b2f8ca95576da5841adfc67f89a8767875409f	7a7627b473cb14d2b21c74ab2e7375183e1c605cfacb906c37ab95932df6e08d	89239	-	7bb9ca38f060a65d14ce8f097722308abce52fe403c61e3ad1014d30bf9f4cbd
RF-CANCEL-M-G1e6-GGn	sparse_interactive	typed	solved	ok	0	b3652e654d358dd4f1f8f31de506980dd3c25978dc1189b7d8fd9bb144984fd0	4e06c8f9052150f0d6affd6bbb6aea638a34a85437d4c58fa2c75837ca2fd30e	88123	-	726394e175603808da9a0ee412e759694e3a909c630ba93b70fe402d33aaff8d
RF-CANCEL-M-G1e6-GGn	dense_scrutiny	captured	solved	ok	0	12c426679d780aeb3c327db227b2f8ca95576da5841adfc67f89a8767875409f	7a7627b473cb14d2b21c74ab2e7375183e1c605cfacb906c37ab95932df6e08d	89239	-	2e9fb0082dbbd9a73cffd18b3e8742559a0d4e16a612279b7bec0b12b61ac3a4
RF-CANCEL-M-G1e6-nGG	sparse_interactive	captured	solved	ok	0	b3652e654d358dd4f1f8f31de506980dd3c25978dc1189b7d8fd9bb144984fd0	cde30e458a5a2bd81baad3bee8b945a928a843db469c265006313e33c49aeef5	88123	-	a7ca93f9dd9aeb3edc7dd673ae4ecb09da6c6030466e9893f4b0f4f6eac320fc
RF-CANCEL-M-G1e6-nGG	sparse_interactive	typed	solved	ok	0	b3652e654d358dd4f1f8f31de506980dd3c25978dc1189b7d8fd9bb144984fd0	cde30e458a5a2bd81baad3bee8b945a928a843db469c265006313e33c49aeef5	88123	-	deb69922cdc33205350e342459f51a21b6785564d7eb0b8782b85daf06d07786
RF-CANCEL-M-G1e6-nGG	dense_scrutiny	typed	solved	ok	0	12c426679d780aeb3c327db227b2f8ca95576da5841adfc67f89a8767875409f	1644b64a9e949ad8083155e12cd2efb04c2005b850ed011beca52d3fd4c2fd45	89239	-	4c499a27430a20e768834e9e57f70c6836b89e825b6db44d79cec608b0796b97
RF-CANCEL-M-G1e6-nGG	dense_scrutiny	captured	solved	ok	0	12c426679d780aeb3c327db227b2f8ca95576da5841adfc67f89a8767875409f	1644b64a9e949ad8083155e12cd2efb04c2005b850ed011beca52d3fd4c2fd45	89239	-	665c362b9a06c7d646e81cbf898e935492317713fdde75912ba162d482300b1a
RF-CANCEL-M-G1e7-GnG	sparse_interactive	captured	solved	ok	0	b3652e654d358dd4f1f8f31de506980dd3c25978dc1189b7d8fd9bb144984fd0	bbe9efad8e2a5c9a24a87863b3c743145fbd2de5f36d328e78a8974cdd60f01e	88123	-	86631fc166fc09bdd58b3783e93842a458978496536f090a9e1018d472d7837e
RF-CANCEL-M-G1e7-GnG	dense_scrutiny	typed	solved	ok	0	12c426679d780aeb3c327db227b2f8ca95576da5841adfc67f89a8767875409f	ab8f9d8aa82f3d89c34be6df07c8252d58acec485a5e99aa2b626813660e96a3	89239	-	5f82e0759582498a8906dc2f5298ec4051c4cf9e1e582c7f3cbb9361ac6369dd
RF-CANCEL-M-G1e7-GnG	dense_scrutiny	captured	solved	ok	0	12c426679d780aeb3c327db227b2f8ca95576da5841adfc67f89a8767875409f	ab8f9d8aa82f3d89c34be6df07c8252d58acec485a5e99aa2b626813660e96a3	89239	-	1e8c8c5d9496d942572940c0c15139034fdacf3654d9286dd6acbb7efa8fec2d
RF-CANCEL-M-G1e7-GnG	sparse_interactive	typed	solved	ok	0	b3652e654d358dd4f1f8f31de506980dd3c25978dc1189b7d8fd9bb144984fd0	bbe9efad8e2a5c9a24a87863b3c743145fbd2de5f36d328e78a8974cdd60f01e	88123	-	b4467cf4ebee900c0a8c2a8a3a89f2cc49520788f4f1bb70e69391fe2945f9b2
RF-CANCEL-M-G1e7-GGn	sparse_interactive	captured	solved	ok	0	b3652e654d358dd4f1f8f31de506980dd3c25978dc1189b7d8fd9bb144984fd0	5c5ea7c742ecd3d00d09d6670a28e20ffab3a880ba376a419e3a0bd5407dc20d	88123	-	ce73330a2fa72d6f71e4c510c0d62ddde28c26ca522d21deaa57db0a96ca10d5
RF-CANCEL-M-G1e7-GGn	sparse_interactive	typed	solved	ok	0	b3652e654d358dd4f1f8f31de506980dd3c25978dc1189b7d8fd9bb144984fd0	5c5ea7c742ecd3d00d09d6670a28e20ffab3a880ba376a419e3a0bd5407dc20d	88123	-	a2d8320e6c35aedffdb2175bcaafeaa67b44fcb8e77683a3d0a654ec4ba4e9a6
RF-CANCEL-M-G1e7-GGn	dense_scrutiny	captured	solved	ok	0	12c426679d780aeb3c327db227b2f8ca95576da5841adfc67f89a8767875409f	f0730a5d7051a56cc9fbb683023be92bab1bca78cbb22c7a6dd90fe6b3b002eb	89239	-	091491bef01a761e290ce77eeaf7ba994168266373c8a4e845271293f738db1e
RF-CANCEL-M-G1e7-GGn	dense_scrutiny	typed	solved	ok	0	12c426679d780aeb3c327db227b2f8ca95576da5841adfc67f89a8767875409f	f0730a5d7051a56cc9fbb683023be92bab1bca78cbb22c7a6dd90fe6b3b002eb	89239	-	230d3ea2374b66bbd5963c78db86b3278c356ecc30214645ea2825284b9a5e33
RF-CANCEL-M-G1e7-nGG	sparse_interactive	captured	solved	ok	0	b3652e654d358dd4f1f8f31de506980dd3c25978dc1189b7d8fd9bb144984fd0	e8b75b24a4a471fdba1f70eb03578350a1d17b7b21b5d37d72faea97ad108920	88123	-	32ce95a240d5864c0ca5f8fbdafd96a45a2be1bfbd82c317f25bdfb92da0887a
RF-CANCEL-M-G1e7-nGG	sparse_interactive	typed	solved	ok	0	b3652e654d358dd4f1f8f31de506980dd3c25978dc1189b7d8fd9bb144984fd0	e8b75b24a4a471fdba1f70eb03578350a1d17b7b21b5d37d72faea97ad108920	88123	-	5d306b1f640165eb9a03d21dddb8782bb40653940010abd34bb8498593a22938
RF-CANCEL-M-G1e7-nGG	dense_scrutiny	typed	solved	ok	0	12c426679d780aeb3c327db227b2f8ca95576da5841adfc67f89a8767875409f	d9f7ebb81f191ac4a07c719e0893433236e2fec1de437c893ac7f6dfbedf2589	89239	-	ec6d1e7e47caf43c9c0ea3479a11bbbfd35c2722432d18537528cf18f1d823b4
RF-CANCEL-M-G1e7-nGG	dense_scrutiny	captured	solved	ok	0	12c426679d780aeb3c327db227b2f8ca95576da5841adfc67f89a8767875409f	d9f7ebb81f191ac4a07c719e0893433236e2fec1de437c893ac7f6dfbedf2589	89239	-	9b3ecb997b4bcdb41b3c9ad7c149a98022f5b7b3a5fcc5bd8771f9d41027ca1e
RF-CANCEL-M-G1e8-GnG	sparse_interactive	captured	solved	ok	0	b3652e654d358dd4f1f8f31de506980dd3c25978dc1189b7d8fd9bb144984fd0	6265ba3c8eb5e466c2f4de68229118a889c5eb1b4270c07de843e7a6c6a5361e	88123	-	2c4a92061d443f764d1863458a53d1ca87f310ebf3a2192f0078ac6489f82fde
RF-CANCEL-M-G1e8-GnG	dense_scrutiny	typed	solved	ok	0	12c426679d780aeb3c327db227b2f8ca95576da5841adfc67f89a8767875409f	90d4e8b6d5c29cfe13f1b6169d85022f35dccfc8189609dd3ddff87c3a8503e6	89239	-	f823175698d556e2cedd63f065e32a26277729a71856e5670a05b35a685e6993
RF-CANCEL-M-G1e8-GnG	sparse_interactive	typed	solved	ok	0	b3652e654d358dd4f1f8f31de506980dd3c25978dc1189b7d8fd9bb144984fd0	6265ba3c8eb5e466c2f4de68229118a889c5eb1b4270c07de843e7a6c6a5361e	88123	-	a8ef5889dec9d90fb645f270851e8a3a299da5d436beda062e45bfa918f669e9
RF-CANCEL-M-G1e8-GnG	dense_scrutiny	captured	solved	ok	0	12c426679d780aeb3c327db227b2f8ca95576da5841adfc67f89a8767875409f	90d4e8b6d5c29cfe13f1b6169d85022f35dccfc8189609dd3ddff87c3a8503e6	89239	-	789c5088e220275107b5ba24b8893915cfcc90c21476cc9cd64bb6bb7cfd71f7
RF-CANCEL-M-G1e8-GGn	sparse_interactive	captured	solved	ok	0	b3652e654d358dd4f1f8f31de506980dd3c25978dc1189b7d8fd9bb144984fd0	78a3cfed62446247ac8a07054aae22e7a135cc6efd0ea41e2c60b0d9159df8df	88123	-	7c4b6dd264ec050d40659cf0e8f01da2246a602ed2b739622fbd4cb169cfe5f6
RF-CANCEL-M-G1e8-GGn	sparse_interactive	typed	solved	ok	0	b3652e654d358dd4f1f8f31de506980dd3c25978dc1189b7d8fd9bb144984fd0	78a3cfed62446247ac8a07054aae22e7a135cc6efd0ea41e2c60b0d9159df8df	88123	-	1c920dda6459a0faa77fb781bb5c8f1ebba8cc8b52925e9e674a0a662196d6b1
RF-CANCEL-M-G1e8-GGn	dense_scrutiny	captured	solved	ok	0	12c426679d780aeb3c327db227b2f8ca95576da5841adfc67f89a8767875409f	27d60d8f44e14ec8dd28883b6acd9a517308781b62957c06d58ae2b48043b231	89239	-	fce83220043704d32da0667159c5c5e814068f5ce6224a6e9b1ab4b5cd71b59d
RF-CANCEL-M-G1e8-nGG	sparse_interactive	captured	solved	ok	0	b3652e654d358dd4f1f8f31de506980dd3c25978dc1189b7d8fd9bb144984fd0	d10e6691535d80237485b63beec2954f38c7be3366fc1cc2a1789571e50c201e	88123	-	45c98f715d041e21ab8e9c84fe7d04b28907c38c864363fd916b9bc89b51a573
RF-CANCEL-M-G1e8-GGn	dense_scrutiny	typed	solved	ok	0	12c426679d780aeb3c327db227b2f8ca95576da5841adfc67f89a8767875409f	27d60d8f44e14ec8dd28883b6acd9a517308781b62957c06d58ae2b48043b231	89239	-	a9607055242e52ddb2266317d3561dc467c76db07675895e245d03b27560e4dc
RF-CANCEL-M-G1e8-nGG	sparse_interactive	typed	solved	ok	0	b3652e654d358dd4f1f8f31de506980dd3c25978dc1189b7d8fd9bb144984fd0	d10e6691535d80237485b63beec2954f38c7be3366fc1cc2a1789571e50c201e	88123	-	dfa9b53b86afe308a33652340ac35f81c245a9c77adbd2291caeccd11578ce0c
RF-CANCEL-M-G1e8-nGG	dense_scrutiny	captured	solved	ok	0	12c426679d780aeb3c327db227b2f8ca95576da5841adfc67f89a8767875409f	682284f6cb193a925c27a82a7e32b7fa9f22ab3a71ba1bca2f90ecdc8093a2af	89239	-	29b05656d3ab89815778f1fc2859ce6f37c6a21b486a772686108bcaa0d100db
RF-CANCEL-M-G1e8-GnG-ORTHO	sparse_interactive	captured	solved	ok	0	7a81debed736386379069c5249f96ecd03b749f373cf0d5d56028879556bde5f	c7392768948ca61c580afcf7a1f0d04a50d68ba829058aa2398f0d6795ca0f9d	89884	-	8c6347ccf294ae04d0a90a770c93dd11e80b3e71b5b6e73b677075d4839ade37
RF-CANCEL-M-G1e8-nGG	dense_scrutiny	typed	solved	ok	0	12c426679d780aeb3c327db227b2f8ca95576da5841adfc67f89a8767875409f	682284f6cb193a925c27a82a7e32b7fa9f22ab3a71ba1bca2f90ecdc8093a2af	89239	-	e55c7a8728c3fdafb961ad849b18de42039e3b174a1267ad6b576e0f98ff3c42
RF-CANCEL-M-G1e8-GnG-ORTHO	sparse_interactive	typed	solved	ok	0	7a81debed736386379069c5249f96ecd03b749f373cf0d5d56028879556bde5f	c7392768948ca61c580afcf7a1f0d04a50d68ba829058aa2398f0d6795ca0f9d	89884	-	4b8bf207ea9a559b15da79e6a923a964950171265bfe10cb5de4377d9445e266
RF-CANCEL-M-G1e8-GnG-ORTHO	dense_scrutiny	captured	solved	ok	0	3a22c0bb1ecf4b81123f5f2c9426d6dd3f4dcd9d52c51d63b42d8ac08e426fc2	1d50a34c56ee6d47bab9670789162585d42bffb4ef10e71a76d9f5d1fd0dde88	91208	-	09bfd82f2d52f3bc1e56f39587c25cda077998948471cf6b10582d4c62a2faaf
RF-CANCEL-M-G1e8-GnG-ORTHO	dense_scrutiny	typed	solved	ok	0	3a22c0bb1ecf4b81123f5f2c9426d6dd3f4dcd9d52c51d63b42d8ac08e426fc2	1d50a34c56ee6d47bab9670789162585d42bffb4ef10e71a76d9f5d1fd0dde88	91208	-	97a8954987406560bc71a9a62c155ce4c3354f3f47b38fcf9e5e38b4449fd9ba
RF-CANCEL-M-G1e8-GnG-INPLANE	sparse_interactive	captured	solved	ok	0	4e5dcee714774cacfd419766da03d7c85c8d86842a140bbe64d6a9021f56aa62	461d62c14ca9880b66b4a949b5ad487984524913a09799b44a74eb27b41fb574	88629	-	cc34fc66888b81246aa3b18be1dd760fa67ad834b0a6befa36909cb9b973c884
RF-CANCEL-M-G1e8-GnG-INPLANE	dense_scrutiny	captured	solved	ok	0	7bca97b153926c0a9632b83894d3f3a853b32ed34f3b9e4373ec02c9511eba1b	7e4be0e88a4ddc9511b7363f65fbc492bda4abf4a5e734183876379e9b96ddda	89668	-	d1409e040f82e46f9d749b25523abf34de08057500139bd802459090ce3798ae
RF-CANCEL-M-G1e8-GnG-INPLANE	sparse_interactive	typed	solved	ok	0	4e5dcee714774cacfd419766da03d7c85c8d86842a140bbe64d6a9021f56aa62	461d62c14ca9880b66b4a949b5ad487984524913a09799b44a74eb27b41fb574	88629	-	6a47a44c2e3edffb0d4ce9fa8d9d6012b01f23e59bd8a6f82956241af4f3c6c7
RF-CANCEL-M-G1e8-GnG-INPLANE	dense_scrutiny	typed	solved	ok	0	7bca97b153926c0a9632b83894d3f3a853b32ed34f3b9e4373ec02c9511eba1b	7e4be0e88a4ddc9511b7363f65fbc492bda4abf4a5e734183876379e9b96ddda	89668	-	a1a79f48e035155ab8c4984fae021357f6c0d07993c769f2286e5357353139be
RF-CANCEL-M-G1e80-GnG	sparse_interactive	captured	refused_capture	ERR	0	-	-	-	8bdc81187827a50ff3f016f7bb05fcece3732297e94f9a1bdb3f1fd28352d365	fc29a9e7673c6b81d657176f559e98b2a9beffefd2ba4fba158be4c124d00d36
RF-CANCEL-M-G1e80-GnG	dense_scrutiny	captured	refused_capture	ERR	0	-	-	-	8bdc81187827a50ff3f016f7bb05fcece3732297e94f9a1bdb3f1fd28352d365	916881d0aecb49dfee9df94b4bc507341024579b12e1354aa3d1b94b3e920956
RF-CANCEL-M-G1e80-GnG	dense_scrutiny	typed	solved	ok	0	9e95c181fb6e31cccbcbd52aa8f4fb7809a793eb8eca2150fa27cdb3032a1621	f4945b2e95df6e21c8cb5e4c158a4983f1f600c3a79b28c323ae171dc8b786ec	89599	-	098be85f52be0dc28b78e8b9eaf542e5717014184285edd5faca5d07cbe93f79
RF-CANCEL-M-G1e80-GnG	sparse_interactive	typed	solved	ok	0	c6ff5b32476ae44606e12908c39852332270cf2945346a2afeab2be29fbc1b2f	7469ba32330d5d1828899254c71eb4852e81ce86131aa3dfaf2af38d00cdb9dc	88287	-	d947f3eeb0198e55d91e26af5a708062554307b1b7da165a507e5ad8799b36aa
RF-CANCEL-M-G1e80-GGn	sparse_interactive	captured	refused_capture	ERR	0	-	-	-	8bdc81187827a50ff3f016f7bb05fcece3732297e94f9a1bdb3f1fd28352d365	856e33c94f0131184e4d06d9dc17c964400cbc5386fa83b992f809685e35e73b
RF-CANCEL-M-G1e80-GGn	sparse_interactive	typed	solved	ok	0	c6ff5b32476ae44606e12908c39852332270cf2945346a2afeab2be29fbc1b2f	725edabf91be0addc6bd16258404ef6de1c8438bb69a43f433ca731112d86190	88287	-	c1f7a4ccbadda87bd7347b9a54aeb9b29864fd5562e00afed932a0005f17adeb
RF-CANCEL-M-G1e80-GGn	dense_scrutiny	captured	refused_capture	ERR	0	-	-	-	8bdc81187827a50ff3f016f7bb05fcece3732297e94f9a1bdb3f1fd28352d365	a291492f375e133ade961b7e1036c998b3980ce1946fef3be27fb9e9bb3dc971
RF-CANCEL-M-G1e80-GGn	dense_scrutiny	typed	solved	ok	0	9e95c181fb6e31cccbcbd52aa8f4fb7809a793eb8eca2150fa27cdb3032a1621	4cf8af40f9f002d34667cf3c1725bae2bb377c8a3f6ef0db933b347252ab7725	89599	-	cb5aff0e4a58c5e82ee8bcff08ee6358ceb125e86dbe595d36a31b43b7a46ea6
RF-CANCEL-M-G1e80-nGG	sparse_interactive	captured	refused_capture	ERR	0	-	-	-	8bdc81187827a50ff3f016f7bb05fcece3732297e94f9a1bdb3f1fd28352d365	f642894bd40704f3ed68cf695f2df8652917faae181003e99f6b903255ece8ce
RF-CANCEL-M-G1e80-nGG	sparse_interactive	typed	solved	ok	0	c6ff5b32476ae44606e12908c39852332270cf2945346a2afeab2be29fbc1b2f	25df809c699deb69c21414dd31fc182aad162d19d4e003fb9c13e2e429c733d1	88287	-	06e0d803fe94981ba7ad363186a090cde5848ce68227554f0870580f07fd986d
RF-CANCEL-M-G1e80-nGG	dense_scrutiny	captured	refused_capture	ERR	0	-	-	-	8bdc81187827a50ff3f016f7bb05fcece3732297e94f9a1bdb3f1fd28352d365	2f958a326fd0dceddc6647c821ce825a19fbf6bd5bc320b5bb84efad448eab7d
RF-CANCEL-M-G1e80-nGG	dense_scrutiny	typed	solved	ok	0	9e95c181fb6e31cccbcbd52aa8f4fb7809a793eb8eca2150fa27cdb3032a1621	66eafbe367bb43a10c7344c186238b06f433486a1d45a4ac88d59468846aa4a2	89599	-	db4fd4eb0b48ce187720781d96be073f570b5f849bf7996471a30c28a64daa71
RF-CANCEL-M-G1e80-GnG-ORTHO	sparse_interactive	captured	refused_capture	ERR	0	-	-	-	8bdc81187827a50ff3f016f7bb05fcece3732297e94f9a1bdb3f1fd28352d365	6a00d148a2f9f0cce309c53136522cac32fd34e5e0b0644ecdb0006aaf6597c7
RF-CANCEL-M-G1e80-GnG-ORTHO	dense_scrutiny	captured	refused_capture	ERR	0	-	-	-	8bdc81187827a50ff3f016f7bb05fcece3732297e94f9a1bdb3f1fd28352d365	b262ef1662116c808cd7439cd47ac05b7e0bd8d783add684e8a7de1fe68f5d6b
RF-CANCEL-M-G1e80-GnG-ORTHO	sparse_interactive	typed	solved	ok	0	1ce0ab5727653d82572f5b156631e5b687ceb9655063997a1bcc78c24757828f	b52f9d6ac6a50ae9a3760131c3adc35cd5114d9937b7dba6d09c3e1cd1ce7a52	89991	-	df03ffa214eb97145e4bbe25b89d2dc2edbef3bc0200618ba90e39b18ef71987
RF-CANCEL-M-G1e80-GnG-ORTHO	dense_scrutiny	typed	solved	ok	0	19a902f892d2305ba18cc83591b7399ca723e682f41a3bd5abd03b8aed18e512	ddb0beca1cb0da2dff50d62714a34c1155433a88cefcea261e3304fd7fc149dc	91501	-	7d81b94b2c2c5dc9f7073edf9a84c5069ff1b5d73c92a34a1371cf89065de6ad
RF-CANCEL-M-G1e80-GnG-INPLANE	sparse_interactive	captured	refused_capture	ERR	0	-	-	-	8bdc81187827a50ff3f016f7bb05fcece3732297e94f9a1bdb3f1fd28352d365	cb7244d2ec5137b0407c524eb29e1e3cd9421716be17b58ad2f4dfcfb5b9e2fd
RF-CANCEL-M-G1e80-GnG-INPLANE	sparse_interactive	typed	solved	ok	0	b7522f3cc9ba959e8e9101f69b048acde3a85201350c5186107b3a179d4dc762	8fb9deb322b9c83d6bb5ec5cfe024003d8ebb6c39918969922bf4cef9705381d	89136	-	5f32c133d2602a7c12fc6cb38bb8e96cded1ed450acbdf28730593f5d7716a41
RF-CANCEL-M-G1e80-GnG-INPLANE	dense_scrutiny	captured	refused_capture	ERR	0	-	-	-	8bdc81187827a50ff3f016f7bb05fcece3732297e94f9a1bdb3f1fd28352d365	62fb71ae03be5a6d96ff57443b651cc35c54f61c797b5bc514f9af5d888d2baa
RF-CANCEL-UDL-W1e5	sparse_interactive	captured	solved	ok	0	3f05e53487ee1991bffdd8ea34ec40188dd4c616310602d230081976c808a6d4	6dfe0501895506564918819804726a5ed8fc8b18bda691c0174caad83f286d7e	85918	-	5645563b885dc0c9fcf132fd81c51ed39612fd8f42f01cd7ad51a7ca6f6062d5
RF-CANCEL-UDL-W1e5	sparse_interactive	typed	solved	ok	0	3f05e53487ee1991bffdd8ea34ec40188dd4c616310602d230081976c808a6d4	6dfe0501895506564918819804726a5ed8fc8b18bda691c0174caad83f286d7e	85918	-	871707e1ccb0687c90808f55764d552a58ba8b89907602dedd8d73b6756bca30
RF-CANCEL-M-G1e80-GnG-INPLANE	dense_scrutiny	typed	solved	ok	0	c432c744a8576ff41fe14c2e1e09a095f0cfbe5edf66ac7dbc67cb04017cf3e2	953f10a1f7c5504d324d60ecd9c9afaf17ec9d71db628a25ff20306971d71026	90279	-	dbf6bf554bf8aed86012a0b92d276005db1f08d89ac97df4638b9f9b710539a8
RF-CANCEL-UDL-W1e5	dense_scrutiny	captured	solved	ok	0	0f69836169921428f284e5d71c9eae9254905a17486e6bcf286fbab9b3e72c54	9d50cd0c04751a1f2bf1e980be53babe0f229970b7acc9fd48d56ccc76f0cc00	86983	-	b569447cb841f44a6120303303560a9b9eeae2bf9055ada77000d20603109c30
RF-CANCEL-UDL-W1e5	dense_scrutiny	typed	solved	ok	0	0f69836169921428f284e5d71c9eae9254905a17486e6bcf286fbab9b3e72c54	9d50cd0c04751a1f2bf1e980be53babe0f229970b7acc9fd48d56ccc76f0cc00	86983	-	5174ab665d240b8ba21fcca54ff134a6019b32592c8718ec3bc63710745d0099
RF-CANCEL-UDL-W1e8	sparse_interactive	typed	solved	ok	0	0533644b9a2ecee373f95c3d2296de6ff6a5034abb5fce0bd3f5ccf0512140ad	32a7f782db2e5437d6022267db7c892ff9b480f8e266c4c2b34e7a9f9161e15a	86377	-	c5ff358de21585712f852e353b22f8c1271d77928b3845815ca36d8ac4e3de8e
RF-CANCEL-UDL-W1e8	dense_scrutiny	captured	solved	ok	0	b5e55cf33b54248ee0196cda2d32337911fdb0722bfe7d97b187e67918b70720	f6ca8aa8e4f8b1a991c72d1a092a25c6f1df848de08680253b951c291cc97074	87891	-	1313145516d1dd6507b1324b3cbd46e77acd6565221748d21d3234d489fcc85b
RF-CANCEL-UDL-W1e8	sparse_interactive	captured	solved	ok	0	5e15851b392ea4924c1a56df4d7ed88313c692dc13515362269921f720286373	f80d71359df6339c229de4e9e92e9cabef83b6b8c69374dcf0501113392b7138	86826	-	f8061edf453e2231450fbd0bc3cb327e887759294db38695c1ad74a5c953dfe6
RF-CANCEL-UDL-W1e80	sparse_interactive	captured	refused_capture	ERR	0	-	-	-	8bdc81187827a50ff3f016f7bb05fcece3732297e94f9a1bdb3f1fd28352d365	0b2d4baac51b1481e79f7cc17e56d5a29b3eccbd62858d783f46be52cbe92e6e
RF-CANCEL-UDL-W1e8	dense_scrutiny	typed	solved	ok	0	3496eb8580e046fc82c8c71ea2e3f86f63afe873c488f681d8316ca836d8e3d0	c5b920a9f8cb872d9f118c04812479e92cea9aeec653227b45ffc0f764350027	87442	-	feefdab1af334ceb58b74af50e528bbef22f4931b0bfc24acb210777b854a4eb
RF-CANCEL-UDL-W1e80	sparse_interactive	typed	solved	ok	0	ad7c3b5e5b7ac4fa4348b9822b7b8b7cbfb48dc8616197eb2236a76a653ac5bc	9795f4ee249a87e2a5d6bc102b77fd2d24e220fc51473579fd16613bf3e72cc1	86475	-	ff29951906ebf5f57aa83f37bcfb84bd599923f8627a05853cf24d5580c0dac2
RF-CANCEL-UDL-W1e80	dense_scrutiny	captured	refused_capture	ERR	0	-	-	-	8bdc81187827a50ff3f016f7bb05fcece3732297e94f9a1bdb3f1fd28352d365	3272c77d3f3a6e6196329d67d741daa06f024c32920a4ee1f85d74aa09829983
RF-CANCEL-UDL-W1e80	dense_scrutiny	typed	solved	ok	0	3a8af549cc2beec1bced9604daa3d40f46b7c3939487f1ff82ec504b7eb18cbe	c74415d89be892c219a958b2d6bfb12323729fa362a56d12ef54f4fa1a683166	87540	-	871d4785c1e5016b500e4b9a28f87eeedb392900fc899ee080324e7f24e52ddf
FX-N04	sparse_interactive	captured	refused_blocked	ok	0	ae36073c4de8dddbda36852219a48eaa31f15d9d2f2743684417d67ea67267ed	3ee124d23bc9b569bae8437f6acb0e87cfcea34344f5c6ee4119dd6008e6f79c	4443	-	1be738c59b6876ce4040b4b72f0ece16c3a45c02e58587d2f5bb8107daa76d7d
FX-N04	sparse_interactive	typed	refused_blocked	ok	0	0f294702a129a6dba8e1ad64be15b81cc9a995a7faba04d10cd94bd0e4f3ba70	ffb5f684f9fb6a49ad39427b80811683289c3d3e0176d4848a0c603756e8c277	4026	-	1b02e59f0f01fe9863a11563354ae2a64d6d033ec7aba0f4b6d9eeaaf54d1c19
FX-N04	dense_scrutiny	captured	refused_blocked	ok	0	ae36073c4de8dddbda36852219a48eaa31f15d9d2f2743684417d67ea67267ed	3ee124d23bc9b569bae8437f6acb0e87cfcea34344f5c6ee4119dd6008e6f79c	4443	-	24b39391a2664a352c4498cf99edd177002ca6de5622012c009c0215491ff00d
FX-N04	dense_scrutiny	typed	refused_blocked	ok	0	0f294702a129a6dba8e1ad64be15b81cc9a995a7faba04d10cd94bd0e4f3ba70	ffb5f684f9fb6a49ad39427b80811683289c3d3e0176d4848a0c603756e8c277	4026	-	7a7fa6fa524e833b8d35350b918119e2af9aa0a6bcbb7c9590d28e1868a99cf4
RF-SKEW-T-PIN-OFF-345-r1e-04	sparse_interactive	captured	solved	ok	0	92cedd116af8c26f1bc28e11924628d0b1f141925afdf7c25490e84c3b587eb0	62f70dee632e8b5e471dd246f6a408884ab8c1801ec52b04870e4ad973c2f8ee	59038	-	4f45482c31eabfd2cfcc5bb0434409c05f2da7da90b0ff1427e206d78628b10b
RF-SKEW-T-PIN-OFF-345-r1e-04	sparse_interactive	typed	solved	ok	0	92cedd116af8c26f1bc28e11924628d0b1f141925afdf7c25490e84c3b587eb0	62f70dee632e8b5e471dd246f6a408884ab8c1801ec52b04870e4ad973c2f8ee	59038	-	6149759d60f9ad384319271f2701c86f7424964073631e6887d8588ca5853e34
RF-SKEW-T-PIN-OFF-345-r1e-04	dense_scrutiny	captured	solved	ok	0	ab0f5012e17397b5c86c936f6a6d0f90342ab2b03e52013c69b966c89498dcbc	0aefd9a1b22f8eafee99be75c272d81bd7ec1fb7d47b4b3516f36f50155ec651	60191	-	8e40e0f262a1f793c11a30917ac26d5426b7a3260195e9da3815dedb0253d966
RF-SKEW-T-PIN-OFF-345-r1e-04	dense_scrutiny	typed	solved	ok	0	ab0f5012e17397b5c86c936f6a6d0f90342ab2b03e52013c69b966c89498dcbc	0aefd9a1b22f8eafee99be75c272d81bd7ec1fb7d47b4b3516f36f50155ec651	60191	-	804b9bf49c35b9dcc53b4cb07dac0fbcfc32653f56538dbc7aa51cd8e070b569
RF-SKEW-T-PIN-OFF-345-r1e-08	sparse_interactive	captured	solved	ok	0	16df31ff89e9cd382ddfa5e33991563ecd427fe3f169547bab13c256753152a0	c1c554dcc5923a3e97bb057873e267cdb8b975e18bd81853f443102240731d18	59495	-	7eed0aac084ab8d1d383b2f7d8a539bfdf7a3dfedceff89c8fecddf530b2117a
RF-SKEW-T-PIN-OFF-345-r1e-08	sparse_interactive	typed	solved	ok	0	39d3b17f696cd63e8ff26db0bb57c7ed1a0cf14bcb3a06c148ca1b6db528dcee	b7e9e88302844f6feef2811c605b1f66631ac93d3f35c19754a4246826c0edb3	59041	-	0c7da81d6ec61295717da99308185b9648ee7058f5ecf83aa71d086aa81fb910
RF-SKEW-T-PIN-OFF-345-r1e-08	dense_scrutiny	captured	solved	ok	0	e83ef2f8f99a154981a0ef62b2104360d5dfe9610c3381e1669eef3e15cfd5ba	426389f0633d716d5f3e7d161af5dd2f06276e055b7129c40995b1e3af8c78bf	60654	-	b305472c4ae5cd3900a7a039c51ae65842f12ae148738556a7b613f0b35fb8ab
RF-SKEW-T-PIN-OFF-345-r1e-08	dense_scrutiny	typed	solved	ok	0	9c8820089649f29dae92cb0510217e4c4a628a24d313a24528b2ff9c32e3abd0	8e2d8c03be334ad13cc99e4380a41ac7696763829127ceac8afbe96d7d286188	60200	-	aa83ff51698516de1239aacc5ee21c0e1d85c7e79a1a4c8e238af5b546b84be6
RF-SKEW-T-PIN-OFF-345-r1e-12	sparse_interactive	captured	solved	ok	0	8ab1db618e0be9f28da6fb9f993681f3bbc5daca790206319e54142a8cb74581	29f88ae111c2386f0fca77afc868812df8a0fcf0bebf00feb71413f28e4114a1	59576	-	26595934f4e0b035eeb35d28d0927e65833a849995acf064d241bf4147f6eefd
RF-SKEW-T-PIN-OFF-345-r1e-12	sparse_interactive	typed	solved	ok	0	c4c95122bd0467b677e3eb158ebed02474bdbda1ee983ec0b1fee2cfa7d5e03b	b78e5afb28a4f2bef40b6a6a1909c7d5e87d62420f9ecd878485abe0b4820972	59122	-	7becac54805de4a7239ec6a3be1e5cd0ae9c4c13847ee02963e60518545f6a9d
RF-SKEW-T-PIN-OFF-345-r1e-12	dense_scrutiny	typed	solved	ok	0	8ff04c767ca9273cd2cd6eb81a8d8d6be3afcbb21a694e1c9c07b2d202db6e70	1729a3d52b925c50eaea5656fb2551d3dd761515d811f50868367bf49d2ad9b6	60184	-	8f11922d5b412747272290a6c544ae30a4a1096b17099f02418c256eb71a0aaf
RF-SKEW-T-PIN-OFF-345-r1e-12	dense_scrutiny	captured	solved	ok	0	80e88f5ab8c1ed430ae00164a4f71608ba68acc1fe88548711d4fcac17237cab	1782101b662441d7a9b28bda0196f71f0e83aa30e4f8ef573ecfed5e464b14d6	60638	-	74da72115527aed70c335944e9c1d16ae8241794731ae392f9ec496df7906c51
RF-SKEW-T-PIN-OFF-122-r1e-04	sparse_interactive	captured	solved	ok	0	e708a34ce17987346b720e8cebc3e65d540456d35a5ce4ec4ffb54446105f3f9	05f8473114e694182c50ea4a2b7926b7d244833691381f05d3c17a9bcbfd70ed	59959	-	5bc79b1a14ac6a98df4bf4980a4f30aab1220d4c89c0eaaa30eadcc8b2ce8336
RF-SKEW-T-PIN-OFF-122-r1e-04	sparse_interactive	typed	solved	ok	0	e708a34ce17987346b720e8cebc3e65d540456d35a5ce4ec4ffb54446105f3f9	05f8473114e694182c50ea4a2b7926b7d244833691381f05d3c17a9bcbfd70ed	59959	-	55ef76f0019297962eac9575d5fa4a680ca5294d91bd08d2cae0f408556da0a2
RF-SKEW-T-PIN-OFF-122-r1e-04	dense_scrutiny	captured	solved	ok	0	2f905c15c01f2d1115c4c6acd0640ed0509b642e0bd6ca01417f07c919c82816	77359fa27a0b0b893e2984dfa0a8b5506cd927dc5a2adf48ef63b55032f34e3c	60924	-	2aa465957b8d1fe0da23f68969be12b122df29166cea59861e4d13171e78948f
RF-SKEW-T-PIN-OFF-122-r1e-08	sparse_interactive	captured	solved	ok	0	6e0a2c15d452e9e795e383ad3e95ccccbfd7980a8a146945a3cc12cd07c2fd44	eeb2f81133ac115e01db9acf323cd1c4a0462bbc3364a27db13e612c82b15511	60835	-	8c2a34fa9f9731fcfc6dc86dafa9a51297d8ce048c72051797b8018b0f9c6453
RF-SKEW-T-PIN-OFF-122-r1e-04	dense_scrutiny	typed	solved	ok	0	2f905c15c01f2d1115c4c6acd0640ed0509b642e0bd6ca01417f07c919c82816	77359fa27a0b0b893e2984dfa0a8b5506cd927dc5a2adf48ef63b55032f34e3c	60924	-	c8eab6156816493aaefe6c29424eac401fdad52fe3bc6f8d7617f54035baa40a
RF-SKEW-T-PIN-OFF-122-r1e-08	sparse_interactive	typed	solved	ok	0	40266c5e025ae6c56f2abba86bfe139df42a6787ffc8de481875c14c7abcc936	a6c8a0c98e40a0f11772a9fd3568bcc6e1ea741130518afad6ad3d7df89617d0	60381	-	743505e46ca381ad8c9c7bdcfa3f296bd0b89cd003f6c8b759e561b2e454ad59
RF-SKEW-T-PIN-OFF-122-r1e-08	dense_scrutiny	typed	solved	ok	0	70fa4f49fb5ca831839749a2215e45b53ecb1fbccc2107fc385204366643d1e0	28a5dbcedffce722c027a32e0ae60095751682784990356ceea7d1882114a719	61346	-	dc61e00b3f888ebda98322a962e8f4cf3602efb7fa42f1f946eb1c98e7baf0c3
RF-SKEW-T-PIN-OFF-122-r1e-08	dense_scrutiny	captured	solved	ok	0	0d2e77475b502423b07f48562d6cca8eeed9de6a09fe74c9f369949b8ce696f5	0785f43a287c618882ee6c5f54f105400e6b17a47ca833056b692bc6680d030f	61800	-	e4679536eade4f1e4a6f7b7ae02c26cc56a9e5d698a6453aa670d8008f1e96a8
RF-SKEW-T-PIN-OFF-122-r1e-12	sparse_interactive	captured	solved	ok	0	71273f961d0cf73b746ff4cfe56bf2864f82ba04b7ee913a5217065c262f8725	44eaca99e97cb4b860dc1602ec1a965ab37bd48cd437957192e370570a9ff484	60469	-	9a76ba696fceb98321e89d4150d4559b01d35dcc9491859d2326dda8cb782db3
RF-SKEW-T-PIN-OFF-122-r1e-12	dense_scrutiny	captured	refused_blocked	ok	0	3e4d407523797685cee7942e64a6131af391580f0de6b332dfeb070786372f70	e0ffe8af306a31011c4bb706f211b4d318c9ad3550ddadaab2503e8247efd679	4999	-	a3890956bd8b35cc92570cd32963397898f450eeb91f84f2f13807ff291c3b67
RF-SKEW-T-CANT-OFF-345-r1e-04	sparse_interactive	captured	solved	ok	0	d9c9472b31d87f0881ef34eced23048d1a36e5122726e80730da5870883ee220	6882f4a1b20d822261ebdf0900b271f89ba74a8e9523febf4c3fde691e8df90e	66116	-	3f66215a2f4b7f8362600aaa5bcfd361e002fa32ce05f98e1bc1591587bad03c
RF-SKEW-T-PIN-OFF-122-r1e-12	dense_scrutiny	typed	refused_blocked	ok	0	fed765a5d7fd0247a31be5a2b188d2e98b0fd91e3d185382c72ca49265a75fc5	e4437ec606c250e4afd9072afd9e8bf37a2ac80818503e1f5e8f0da77f1c8c0d	4545	-	f9b3be49ca1f7e9409f98477dc36ab71414b33e0fb9448f7068e5ab41e7df9dd
RF-SKEW-T-PIN-OFF-122-r1e-12	sparse_interactive	typed	solved	ok	0	d281ef833665c61409e616b608c981e86a3864ffb13fefe82f16e86ff35912ad	860903d8bc02b4ba85154e8a9fac57f781b6206bd9d4f538d9e815ee858d7db1	60015	-	63516c21a0747183d9c9be0b767e26711a6dca5601e65d1ac145e7ac6302d8b2
RF-SKEW-T-CANT-OFF-345-r1e-04	dense_scrutiny	captured	solved	ok	0	ebbf995d6ca4dc21c0a0b3cf764ccf79b218be6f981a50b537332160a391b7a5	1c40e25d4e880ae325b5dca80035b0f149ff2c03fe61d3187d07d660d6d16f2f	67314	-	4134cd0efd903628319b10ed4808a0183fcac4bbe7c8ec3029b24ce15bcf84aa
RF-SKEW-T-CANT-OFF-345-r1e-04	sparse_interactive	typed	solved	ok	0	d9c9472b31d87f0881ef34eced23048d1a36e5122726e80730da5870883ee220	6882f4a1b20d822261ebdf0900b271f89ba74a8e9523febf4c3fde691e8df90e	66116	-	3d473e0893adbfae11be9de797db48980414bb20e5b8c2a8a6b5abf86fb818ad
RF-SKEW-T-CANT-OFF-345-r1e-08	sparse_interactive	captured	solved	ok	0	e444419d78fa16bf647d57d15274f4585fd5a7a6a9bb70a0169b26d51ecafa51	f5b6336f229cba808bdd461a3dbbad80625652417defe3dc9f7696b0b194eabf	66308	-	dbf349d1ce33488cd0911aaa7d7e7ef5cb4168508ed438e7ade90c51aee74518
RF-SKEW-T-CANT-OFF-345-r1e-04	dense_scrutiny	typed	solved	ok	0	ebbf995d6ca4dc21c0a0b3cf764ccf79b218be6f981a50b537332160a391b7a5	1c40e25d4e880ae325b5dca80035b0f149ff2c03fe61d3187d07d660d6d16f2f	67314	-	71b70a537e0c03cf0a4f5ededd758960304929b0abc3890231b9ef0179d3aac8
RF-SKEW-T-CANT-OFF-345-r1e-08	sparse_interactive	typed	solved	ok	0	0db33c6e5d50aa120b55164fcf7684ac25c12d58a8cf055fda16b83e4fc89847	ce2577982cf6b167b7f37d38844d5124153e228f2820372422cbcb5d2c102565	65854	-	61b34fd453d16642320fafacd7218a608c70cba161e7f6ad95c6caab70a39675
RF-SKEW-T-CANT-OFF-345-r1e-08	dense_scrutiny	captured	solved	ok	0	e74de58b210f5283ea444583153a7cf3c2674b9527f1a388583aeff2c8d583aa	d8cbc90413c0bdca073b5e04f368b2fbed1fc598e32aa7bbb704edf0b0cc220b	67734	-	45b7adef3fab97324460c14808045b7887daea21bc92b8381f7f207cc2c2e8be
RF-SKEW-T-CANT-OFF-345-r1e-08	dense_scrutiny	typed	solved	ok	0	dd64e8c3ae4725ca0543f85a9ecb37e309fada637cb36b5892620ed96f6803ee	c67f7b2dffa2b6f5ad922ccda6cea681f7063d57fb481b40f475484d3a0bd6c7	67280	-	14e518dbeed63d47e091a1ed3ffdff8bf4868080ac8611f409929f19ed6d5f2c
RF-SKEW-T-CANT-OFF-345-r1e-12	sparse_interactive	captured	solved	ok	0	fd2196e62fab96a8f605db496967b5976333a48722eabaf7b752f5388c63ec1e	c4e640e365ba610f751a8f3010bfed2ce6f31d25c5440d252c81b17ab4b651de	66627	-	1134cfeb146ddea824b87f985d113d00a0df80d6979ad07e0452b205b6c1e61e
RF-SKEW-T-CANT-OFF-345-r1e-12	sparse_interactive	typed	solved	ok	0	1c071f71211312033b8d05dd260529be42bfff428ed4bd31a1b5694d89f49854	5fab43a926b12ea14f1315dbbcc458e92883fd119d2817b7643bcb7acfe93cbe	66173	-	28965e4f8b522174091ab166d403c8ed1fca228085f1b07a8a447b6676d5a5a3
RF-SKEW-T-CANT-OFF-345-r1e-12	dense_scrutiny	captured	solved	ok	0	fc9ead2f11593ed441f02b785a543782ce09ba80dad429ae8a259bcb55d7b310	94285e75d5f19c11bb3572d8688f503b39a45542ba17cdafb7d10036d7139f92	67773	-	0c1af4863a2cbc3daa81d820b45668ae198b32db977740a736ad5fbb37c37708
RF-SKEW-T-CANT-OFF-122-r1e-04	sparse_interactive	captured	solved	ok	0	6f0f4e820f5ba93ca9ad2ae8573d5d94b25ae7b3e401ddfe222f87418a2f8a74	9c7ec1a144a729f456a25fedb5dbe6a7dafde67d52b9cc8caff6c39bb0050871	68250	-	f9977c2855821f3280c7fd5f2d91290f1b2671e0f4301110e6cc518554a55693
RF-SKEW-T-CANT-OFF-345-r1e-12	dense_scrutiny	typed	solved	ok	0	2f7dae6d6cbba8f201011f0829b5d7ca4c8d79cae8c5639b4e5156c4dd84b97a	976e34005efada9b8518ab40d9b1a018a003c44ce2e6ea0e1d2b1a6dea0dad80	67319	-	d4a0e4ef9d74af4ee4b12b2541f410316c7410c492b17c00138e59d47d4d4fcf
RF-SKEW-T-CANT-OFF-122-r1e-04	sparse_interactive	typed	solved	ok	0	011654b5f29e3a85912a4dcc181bda58013159f2338cb94a9c676fcad0ee939a	f13a7ba4cb531ff03748ccc2edded08ad5c453fb1d57ebb79964562d889fadb2	67796	-	ade5e2bd2e01c550c552064138b3cca6f17a14bdc9ab033a14be67aaaabef33c
RF-SKEW-T-CANT-OFF-122-r1e-04	dense_scrutiny	captured	solved	ok	0	7585d64b2d9c640764df3ec6885118f9cc106f902014871b6885c3ddf4621502	21ca629c27e6ca03b1411c8c51097f7a50f90429045b1e36313163014dd4278a	69366	-	2f04b2c4e4d42df4a95ba04fec0d41d909053781a548340bef5352fefcc46dd8
RF-SKEW-T-CANT-OFF-122-r1e-04	dense_scrutiny	typed	solved	ok	0	b4196a2b4c3b2a48862a92ba593b9f6f93a9e9f2801736a2b58bce34434c75ab	985c683b058b0c97596b20178e5c59fa2dd0c05cf4ca48d1d447631f6b608f13	68912	-	928c9a1d8d3cceba2d2f653e913605c7718f544e131e485b970b00ac942c6f2b
RF-SKEW-T-CANT-OFF-122-r1e-08	sparse_interactive	captured	solved	ok	0	0b585e8ce37a18423f0894bbb6858670892b213563c24f7bbcd89ab1c83a61f5	eb1bcec8ffeda97bdb68dc21722fbb14114194298ebbf2af42c19e4b2b0b6a57	68435	-	dc4e5362773b8005bb287d0aa182ea40653863330869f0622cef38d87da317f9
RF-SKEW-T-CANT-OFF-122-r1e-08	sparse_interactive	typed	solved	ok	0	d340c9c0c6128755442e396cf0c3fdb86b60053190b1ce326094c16084f76c05	91fc39226872de659102b6df1d55d268f781c21a8ea67a4ec0629df1d3be15cb	67981	-	b06e6bdeeaed4092724b63383c8b899db086cdcace73e5047530aca728ce5f27
RF-SKEW-T-CANT-OFF-122-r1e-08	dense_scrutiny	captured	solved	ok	0	cf6723dd07dcba6b4bface57b5b4eb5a3578e57c013f370f4cf8d4a785778b18	1101347886e79f401261a89e41d6bdd7795d6726ec9448ca8443de628cd8e0ae	69746	-	25fc1abe708bbb4a32da4081d3b64a6b1d358303046850e5ea2580109a44f8cc
RF-SKEW-T-CANT-OFF-122-r1e-08	dense_scrutiny	typed	solved	ok	0	c2d749044442439580b584aa0cfe3c734ebadb8190df78b6123c128744fa99d4	f613ebb141d958084ee7a4b8e35d1aef3c69499383f7fcaec7b978b6758ed0f9	69292	-	4af34e0a9daac772922f46d02bc897a7fb7b064079d94cb55479b9d71b836b05
RF-SKEW-T-CANT-OFF-122-r1e-12	dense_scrutiny	captured	solved	ok	0	a1b6e9591038f703c3102bdc89bb8f2ef1f1244ad9d8f372d9d1136f0ab45c71	381230529a92a850eb4192dd6c59f27f09548fab2001e3bec29b349042c4b201	69741	-	7b35b76a8b341143aa30ebd6f52875997ff99fd178567f93f034b9cdd2954c26
RF-SKEW-T-CANT-OFF-122-r1e-12	sparse_interactive	captured	refused_blocked	ok	0	7244f9595e762cba65d67779b23ac87205d9679137c27549be7a56dfbf848cca	f552af331a02cb656f388a493e3bf82dfa5ec7f94fb47a8fa6052f9e2777cebf	4999	-	2425f0ca5e75016aeb79b284db14bf20f84f336557252c105ae08355886c9883
RF-SKEW-T-CANT-OFF-122-r1e-12	sparse_interactive	typed	refused_blocked	ok	0	15a29df6ceaa020ced7e89d19a22b2bd5b3835fe14c442da46ce57007c398be0	5abf35232ab2616e2e980055cdde368cc76e8c3d1649897e51807d98e1f25314	4545	-	c320c21b10aab16d8d78adff12ee4e2ede626c3f7e36ff4540f2c602877102dc
RF-SKEW-T-CANT-OFF-122-r1e-12	dense_scrutiny	typed	solved	ok	0	df946baebaba92f41804af97df06dd0c0e9f54c9fdcdaf86f893d2bd37c42c63	537360aa1895b19932f9c69dbf42ad2262379354293c49e56a0e9371b1ebd089	69287	-	f74537f4f3732756f610a588e7f4ce2b4ae6574f77cd1c756d6f74b57ff2fbdb
RF-SKEW-A-CANT-OFF-345-r1e-04	sparse_interactive	captured	solved	ok	0	d62d3fcff3c9a63d6a83d18abf31a00c3f77fbefcdb1133b3ec8a0685ed29f07	ffedaca8ef1df0939999107da259e330d1b61a6e0d1d702d737cbe4b56d264a4	66150	-	c3b0e5c57624d274a4d23f3694bebb1a169f6474d4ee04aa4dc135ef38706d66
RF-SKEW-A-CANT-OFF-345-r1e-04	sparse_interactive	typed	solved	ok	0	d62d3fcff3c9a63d6a83d18abf31a00c3f77fbefcdb1133b3ec8a0685ed29f07	ffedaca8ef1df0939999107da259e330d1b61a6e0d1d702d737cbe4b56d264a4	66150	-	e161e1bd3a2231294935a6aed46518b6afe39c0067207929f5f5a63e05e62aad
RF-SKEW-A-CANT-OFF-345-r1e-04	dense_scrutiny	captured	solved	ok	0	67d05e395c8ca5cf4f1120212edf7191245d41c37e716fc19fb99adda004d799	b33997a44b6d8e732eabd1163780c606eccc152b5af1900599bad8dceef21ba6	67322	-	97fe7985bef8eb2740be3ccbf109cd30f69cfe4b6f9ee7f8efc316290d61ec62
RF-SKEW-A-CANT-OFF-345-r1e-04	dense_scrutiny	typed	solved	ok	0	67d05e395c8ca5cf4f1120212edf7191245d41c37e716fc19fb99adda004d799	b33997a44b6d8e732eabd1163780c606eccc152b5af1900599bad8dceef21ba6	67322	-	68450beaf4f7ddf754e4423a689809a40f87f6655d8e991bde4bcff3250e892e
RF-SKEW-A-CANT-OFF-345-r1e-08	sparse_interactive	captured	solved	ok	0	ebaeedb6660ceae07741dd3550ad9111c82f72bbb6b1086f082d4c8c80202f75	e0e04595629bed3901044b5a8614105ba1513792cad9ed7ab968e5e00e744e35	66991	-	ced9bb5f647d2aeba2b34558800d0eb32f3e774ba1073711108a658f3e491488
RF-SKEW-A-CANT-OFF-345-r1e-08	sparse_interactive	typed	solved	ok	0	bebfe8a2fcefb4dd10a334f1f08708919b061ff8fe9b950e84b2f763f4694622	e6541e27a5b0e019da5facfef143e58c0f32a4117c02397ed87d8ee0ceea292e	66537	-	0ccf07ddc258a0fb35d0bcbf0a61d9f0b4a07fd0e57e9343683c73f3098142b6
RF-SKEW-A-CANT-OFF-345-r1e-08	dense_scrutiny	captured	solved	ok	0	e2542c9f3a0720503e26c63160303e88d8c966e7ae03eeabfdb6982ef4055902	562d9019048b95835dc0999293f75c89629f0daed1b8a783e2aad1f536e44738	68120	-	2e07dbf0b9979c69baff4f17b6938086a65b490563c286a460cc47ccd0b11252
RF-SKEW-A-CANT-OFF-345-r1e-08	dense_scrutiny	typed	solved	ok	0	972fc8d9d50a18277aa4bd099f58296f047f56750acc3dad1970ef23c665621f	bd2fa1011f27bc10f039bf6d642faea4e4f2b9477b636aa598f5ea0192543194	67666	-	fe86ef873be99e0d98f5ed03c946775b305682fabc7bbb5ac5fba0548b60e2d7
RF-SKEW-A-CANT-OFF-345-r1e-12	sparse_interactive	typed	solved	ok	0	022148182a739d5047e8398521653e0a2cd22de2f8bf0f48239750579a0c39f0	9d0588410cd20fc6fe9249a62cd2777dd005624fbc27d8c0198dce5668e4f87b	66526	-	c78670c3b6f542084b9da89a407e623bdc8011935263db9cbbd368610c81022f
RF-SKEW-A-CANT-OFF-345-r1e-12	sparse_interactive	captured	solved	ok	0	6f51d399d527e849fd159ebb631f69d5edcae4f6e7d0ccc348bcd685c9946ff1	1c0484908f8c2d5ac7d2a221adbdae53006f05f24a72248bf3116dee3c5b3a4f	66980	-	d92be300e7dea0c9df1283821dac8b873ee0331767c16ab7ba71e618658e1320
RF-SKEW-A-CANT-OFF-345-r1e-12	dense_scrutiny	captured	solved	ok	0	cb98c23e0eb100ab99b83b5c7ff700ea248b609c69e8932497ca1fd1ef2e9579	d2c40f1030709c6dc4bdd900acf4e481bbcd6810c6ebcca0e1d8fee213acf684	68129	-	f0c938dd119e8ff4f2c181dfbe93d821c746fa3fe4be263ffcb814c9e2fefd9e
RF-SKEW-A-CANT-OFF-345-r1e-12	dense_scrutiny	typed	solved	ok	0	6523264fbeade89a8ff985056ac4b58252fa03d3544062f2d0c31cd9e4521e5e	ec1f97923c723052335007dec2f754c37bc79d47ed8546803ceef098169d9656	67675	-	9a5f38b1089755871e1a2e828a7b5f21af331b15821186b7dbdb15d25218c62a
RF-SKEW-A-CANT-OFF-122-r1e-04	sparse_interactive	typed	solved	ok	0	a91d0dcba52b4cb855cc540e120a17500a0958da15a70822aea64eddde98852e	37cb60cd22944cf7ef67eed19948abb883611f8cc5d9f36c4d73487755bf3b39	68479	-	0661485a1260753499cfa7488cc32c7857bc6b415731e21fe65bb25113e4ab8d
RF-SKEW-A-CANT-OFF-122-r1e-04	sparse_interactive	captured	solved	ok	0	a91d0dcba52b4cb855cc540e120a17500a0958da15a70822aea64eddde98852e	37cb60cd22944cf7ef67eed19948abb883611f8cc5d9f36c4d73487755bf3b39	68479	-	70b205b152e7b01effabfeb12934956796331dec43e3ed314621481f2b339f4a
RF-SKEW-A-CANT-OFF-122-r1e-04	dense_scrutiny	captured	solved	ok	0	7380a0a5ddecd44acc3f04584cde6ea9b082e25ee3bb20db30707b72a7b17989	e8d1666d51b6a3624fac79853842475145d8709f035a8df494e6a4a44288ec91	69609	-	3e3b7b6b570676a8044939adcac67a1d8bf03901b435c8f42c9fb22752ff3a7e
RF-SKEW-A-CANT-OFF-122-r1e-08	sparse_interactive	captured	solved	ok	0	c4d4b16b702f31e400403f403c50d677b8ff082896edaec4cc2407d4afbad9fb	7627a266fd83628cc74b02de82d22ce3e7bff7e526b3122f87186e172844a0d4	69304	-	ce7686aba695d5eaa3dd363c0ef5795d6887658a5ab37fd3d71fbe082b2a664a
RF-SKEW-A-CANT-OFF-122-r1e-04	dense_scrutiny	typed	solved	ok	0	7380a0a5ddecd44acc3f04584cde6ea9b082e25ee3bb20db30707b72a7b17989	e8d1666d51b6a3624fac79853842475145d8709f035a8df494e6a4a44288ec91	69609	-	9401283284813c7a43ddeabc09bf7e9381c86476704c63d48bd0d3f8b9d285df
RF-SKEW-A-CANT-OFF-122-r1e-08	dense_scrutiny	captured	solved	ok	0	2876bbb8cf46e2fbca4e5124b14ad25d4cdae354aa658b942040128dced7e29e	f4acdad3f2c48cf18cf020f909bec89823899f84ee3693c5e76866a3bc9fa4c3	70382	-	337d561ae5c63fbb0a1d4413398dfab5d24483a6494abd94c9430b63c25ff525
RF-SKEW-A-CANT-OFF-122-r1e-08	sparse_interactive	typed	solved	ok	0	732e6dbc0b7e28e2a881c36459e0835bfc6938912b500ec3e3ea4a2f36f931f5	5919620a78609f35065fef3f43c081f9448b43be850d85868db82e6107656a4a	68850	-	5f49f2d2847d4bcea6451cb42e469fd65c9269915f4ac49c517139daa8efcefb
RF-SKEW-A-CANT-OFF-122-r1e-08	dense_scrutiny	typed	solved	ok	0	2bf8dc115980d1ad84a7e10d11409abe22e1b87c7923e4f2e0269efcca332a6e	a0d4f44e1ea81faeb621bb27d26aa2726ad4c0944c3b61b2189dea4afdd04408	69928	-	6d88703bcbaf89e1dd7c8ff7df4ef29faeabf05b7c5d4e9d6da3e58c50ecc308
RF-SKEW-A-CANT-OFF-122-r1e-12	sparse_interactive	captured	solved	ok	0	c22dee1b6b0b9ebd6aee6cdc1adc4b92c47034434d5a4a5e0cff4b50998ca34a	68c9cc9c6a57d9ae8ea0d796de63d6f21e76ea6ed23ae0674ff68e367366c9f5	69317	-	f7d2e5f8cb072d9e4b961f1006997b1df56e5c2562a2f5fb392b4ab565d7b2f2
RF-SKEW-A-CANT-OFF-122-r1e-12	dense_scrutiny	typed	solved	ok	0	bda8a3f76d696b6964514fe25c6d44e06866fffe5ac041dc387ca67155e2cdcd	a12e432c4d37866d950bf58b852d52d5334ba92373bdf16e9697ca1216fee057	69979	-	752a8aa058f86b6007480bb3c1fe009f12a83cb80e03d395f5ed1907ff8f7c87
RF-SKEW-A-CANT-OFF-122-r1e-12	sparse_interactive	typed	solved	ok	0	55e6c7242832437edf65128471902d62d383f6555a63cbff0127e68dc83633dd	5cef868db51128dea18322b9f6b261caba946cb54bb1ca1f5edae83165ea6705	68863	-	baea7aaddb9a8c6fd0c8de26f428cc6428d3b45fd10c86f68496babeaef4671f
RF-RANGE-SKEW-L-240	sparse_interactive	captured	refused_blocked	ok	0	b561bcdcc1c1d605ac7fff5be284a56bc92c6dc55b5c053d85db4b2d869ae5c0	6d80f178b3674520e8d287c052e95c7af3aacd7e35ed2578e4be2408f18cacdf	3025	-	0b391db395988c6b309c4d474b3f8a8b40bcf224a8bb061952f6fab8e7972ee5
RF-SKEW-A-CANT-OFF-122-r1e-12	dense_scrutiny	captured	solved	ok	0	fbd645cf54e11340a122729b48fd32b1eebd24d5c48bbeaef905b172e32fe532	284e32a88d49462e23ab25eb7efe64362fdb4c55ec324fb8215d702a4bc0de7c	70433	-	1afc08e038c52d8092674749da99e77405be29bc5220ec454212684d17545484
RF-RANGE-SKEW-L-240	sparse_interactive	typed	refused_blocked	ok	0	b561bcdcc1c1d605ac7fff5be284a56bc92c6dc55b5c053d85db4b2d869ae5c0	6d80f178b3674520e8d287c052e95c7af3aacd7e35ed2578e4be2408f18cacdf	3025	-	3046aac23d93c198c1ad0396352428a1052346820bf918fcbb3072c203bc0971
RF-RANGE-SKEW-L-240	dense_scrutiny	captured	refused_blocked	ok	0	b561bcdcc1c1d605ac7fff5be284a56bc92c6dc55b5c053d85db4b2d869ae5c0	6d80f178b3674520e8d287c052e95c7af3aacd7e35ed2578e4be2408f18cacdf	3025	-	b4d0354a33e349a211d375601d27847b1cd3a911c4f96a8e06f2b33ee930bdb4
RF-RANGE-SKEW-L-240	dense_scrutiny	typed	refused_blocked	ok	0	b561bcdcc1c1d605ac7fff5be284a56bc92c6dc55b5c053d85db4b2d869ae5c0	6d80f178b3674520e8d287c052e95c7af3aacd7e35ed2578e4be2408f18cacdf	3025	-	c9ba3dc6b4d685f87ea76b15cbaf06d1c210e330428512f80af7cbe02593b31a
RF-RANGE-SKEW-L+240	sparse_interactive	captured	refused_capture	ERR	0	-	-	-	9310575e3db3f0443e9a3ac3a72c9e4a5bbd1b9774ae152e6fb9fcad1dc4872a	656a91472ab6c40b47415a108f28aa76f80325d4ea0144af025c21ac027d2b77
RF-RANGE-SKEW-L+240	sparse_interactive	typed	solved	ok	0	a1383589c9991ad22f4ce3d6cb480343464f0b06d5542307a17ea34133b4eb87	66abda1d114af08e66fd86286f737636a544342086030c016b88dbacfb5cfafd	68242	-	1f3ae9031d7ced3ca641f8d5711a332e308095c293c22c7095d42c98df856409
RF-RANGE-SKEW-L+240	dense_scrutiny	captured	refused_capture	ERR	0	-	-	-	9310575e3db3f0443e9a3ac3a72c9e4a5bbd1b9774ae152e6fb9fcad1dc4872a	58323db6c1eb2e2085d676ece3bfbc883178e360ee4de0d871925887b9b96974
RF-RANGE-SKEW-L+240	dense_scrutiny	typed	solved	ok	0	3832ca4c3909684648c2bb92641be7074c48e272358c2a450e85cbf709f6c1cb	3a7d375b8aeb88e606471edfb7a60cde24dcd046298084315663ac4efe2f6d24	68467	-	95f5837514931be940e206860980c21f4f7983b13c332d92f1f642405b90da37
RF-RANGE-SKEW-E-1000	sparse_interactive	typed	refused_blocked	ok	0	f2a9179a19fb50dac5028005ea973d7cb6ed8c90feefee08bb262d91cf827591	385cbc7606033145d96a276652e9b2b4f9ec59f546c12888391c54d2983f05ef	17100	-	355eba0278120e0c50f8cb85cbc834e24649925bfb56cb55b028416708d6727c
RF-RANGE-SKEW-E-1000	sparse_interactive	captured	refused_blocked	ok	0	00fcecd120c72fd54f4ff61badc109ddb5769e48912166836a8b8be3bb34c479	4a45262a4097434c3e09d842c381b834619a635098e4e668c040a751c883d2f1	17554	-	996d8c1c66bba59d3790ff01f69b3c49abcd2a17879baacbb6a5c00b1316c361
RF-RANGE-SKEW-E+960	sparse_interactive	typed	refused_blocked	ok	0	d8ea845c98e9d9ab71ab06e9c7366d459d05bdd9af1d7fcc8e7618d43c27dd17	328bfa90e10b183443b5df80303ef989edc80da6737caf845fd686740f2c5a72	4541	-	c47a6defd7b15bb4645111916125086e51d42cd8dd7e3d6ec730f35f074bc94d
RF-RANGE-SKEW-E-1000	dense_scrutiny	captured	refused_blocked	ok	0	1f9422d41ef20379d938f92f40930cc3d1a2f311ba5c9617c9283fec86031942	b2365fe620878d075eff32294961c084fc3eaf53276cee6eca65d7a1d631c62b	17564	-	85e4d54b19971d014a3273d84833b03b85649252ced726aa631f78f1dd719ce9
RF-RANGE-SKEW-E+960	sparse_interactive	captured	refused_capture	ERR	0	-	-	-	fd74a201202446c048a28751ac5bd42de071c8dc29b8e125ba78c63903d5b137	a0b84a054974b58b2ec10c82e4def167c421ee21e8f304cef9ad6d414f735378
RF-RANGE-SKEW-E-1000	dense_scrutiny	typed	refused_blocked	ok	0	f943645fd5bd91bf61a50d4b7683fb5e32312469ba13009dda22e06b2a26efb6	747266d547f308b46d2b3cd66ebcdc8a2befafec9c350477d08a3eff863b3308	17110	-	ea1cffc3184746d8716b30afe87b60e4a0f7be93fc9d3196b09a1d7b04668b97
RF-RANGE-SKEW-E+960	dense_scrutiny	captured	refused_capture	ERR	0	-	-	-	fd74a201202446c048a28751ac5bd42de071c8dc29b8e125ba78c63903d5b137	704cccd5122740a8c81d4e00962ce396c3490a1e85112435d8fe2466ef2f61a5
RF-RANGE-SKEW-E+960	dense_scrutiny	typed	refused_blocked	ok	0	d8ea845c98e9d9ab71ab06e9c7366d459d05bdd9af1d7fcc8e7618d43c27dd17	328bfa90e10b183443b5df80303ef989edc80da6737caf845fd686740f2c5a72	4541	-	77cc2fc00b9f1d82c46ba6aa5a857f4ea3facb1ec19145487d4fbeeadd900231
RF-RANGE-SKEW-F-960	sparse_interactive	captured	refused_blocked	ok	0	f33d542d8a4c67b77be27ae9bc7bf0776ddb9393e0bb07ebaf60b63c5c4e5611	cd8c2331432ca2b8956c2f564446ff4b6a6046bb514eb59d5bb2b5cb03a6f026	4994	-	1d0924162c77c22e16b0027cf772314117a508cdf2a2703416794447c383937e
RF-RANGE-SKEW-F-960	sparse_interactive	typed	refused_blocked	ok	0	301ecd7d1e0d1b256b4957fca4b8c5bd737c830fc00177d603e54ed8ceed7b65	84bcd0ec0880af00b9c1824050b197c059646f2786f7b690cc878adebf1a5710	4540	-	e34d2fbddbbc851b9a5281c0291d32efd7228bde2c6e3854974493b5d9637845
RF-RANGE-SKEW-F+960	sparse_interactive	captured	refused_capture	ERR	0	-	-	-	e1203d7a26d4a47fb8ad74ded85824be93595b1e60f5717b846c48e31221dafe	24fe3e3d5fea54177d1da30b455756da95527d9f2653dbf90a935079ec36ab41
RF-RANGE-SKEW-F-960	dense_scrutiny	captured	refused_blocked	ok	0	72f63950042cd5ecaae43f284af43d92d6f07b2103bd80de915e2b48a3e4fe51	f9452894ae99579ea775b2d1ce8a4c383b757a58f9b095e2d015879d65e0da02	4992	-	5fb71ab7f5802eae6a3eef10c5c7fe4c0d42b2f12030763c5c7e727c24b67ef4
RF-RANGE-SKEW-F-960	dense_scrutiny	typed	refused_blocked	ok	0	e92db156d7db90d5bb1f3ce802f27b08010ac4d7a18f6436c68a661704fc8ee9	d2244cbd9fa475d1987edd9a8bdbe8b829e738fda731157a7f30d6e07a5ce190	4538	-	cd0db57f63995cbc44754683afef20d167dfe589472b3429bc74f2a9823557f8
RF-RANGE-SKEW-F+960	sparse_interactive	typed	refused_blocked	ok	0	720f992d68662ea32cd6328730b0d97f37c229fe1ac83e69be0d896113901803	f3be8fac9694f23ec5f5f9e2eb4b8617610232f29ae622548a3648a670711907	17133	-	66dfebcf77523846b69084e0d117629bffbe3175d16a50580b59d619260387d3
RF-RANGE-SKEW-F+960	dense_scrutiny	captured	refused_capture	ERR	0	-	-	-	e1203d7a26d4a47fb8ad74ded85824be93595b1e60f5717b846c48e31221dafe	1cdfcc3738299ce8aa28beaef406ce0330ed8de32d0cc4ffe0e9952dc8a86d5c
RF-RANGE-SKEW-F+960	dense_scrutiny	typed	refused_blocked	ok	0	7e88f8dbbb26169f8031a5401d0b9080819bb15e9316874636430bba1abadcfd	bd74c1235fe6a089d515ccab4555f3b8f553a6186d624af11223bc8ee64804a1	17160	-	21e514f6525c428d4e30892a413ab7412537aa767008bf4d25fa84e9431c3e59
RF-RANGE-SKEW-LEF-small	dense_scrutiny	captured	refused_blocked	ok	0	b561bcdcc1c1d605ac7fff5be284a56bc92c6dc55b5c053d85db4b2d869ae5c0	ea9e14da5e11ebca34d15966fa857394fa1ad7acee1b29ad56e93b3969d82df4	3029	-	4b57fdcb4219a65d7964ac0844fefe57fbae12b0d9726cc13fcc7aa643e92606
RF-RANGE-SKEW-LEF-small	sparse_interactive	captured	refused_blocked	ok	0	b561bcdcc1c1d605ac7fff5be284a56bc92c6dc55b5c053d85db4b2d869ae5c0	ea9e14da5e11ebca34d15966fa857394fa1ad7acee1b29ad56e93b3969d82df4	3029	-	34a067c530bfd0e3aed95205ca66baca18f64c136c4f650f19944762d33e8be7
RF-RANGE-SKEW-LEF-small	sparse_interactive	typed	refused_blocked	ok	0	b561bcdcc1c1d605ac7fff5be284a56bc92c6dc55b5c053d85db4b2d869ae5c0	ea9e14da5e11ebca34d15966fa857394fa1ad7acee1b29ad56e93b3969d82df4	3029	-	421a4fbacefb5624198bee46bc8ada3eb4019ade1f16ead5b6f8939452ff788d
RF-RANGE-SKEW-LEF-small	dense_scrutiny	typed	refused_blocked	ok	0	b561bcdcc1c1d605ac7fff5be284a56bc92c6dc55b5c053d85db4b2d869ae5c0	ea9e14da5e11ebca34d15966fa857394fa1ad7acee1b29ad56e93b3969d82df4	3029	-	de902f0f83e11fd5edaa8ddd4c20042bb043ca2de148d46e03eb8a4c40153be0
RF-RANGE-SKEW-LEF-large	sparse_interactive	captured	refused_capture	ERR	0	-	-	-	00c2a619c8408986f82d6a8d39bc02387326a10bab99cb1316b0439a775925bb	f76d4fe65088337a291282ce9aa9a722486c3b80232d9b68a1a216955a5da518
RF-RANGE-SKEW-LEF-large	sparse_interactive	typed	solved	ok	0	32b3fb907c26a0fc254da7aa8b90f9f640ac64502cd3ccc6964b3fa389bd3a95	d7592f6ea17392d892a2b5fe4e27db1a612e7ec5d5e44c7c2e0b932ec2be152f	68573	-	64ad34b629b995edb3bb4f410038e7f296cee21d8fa5283ad1129278be4c7453
RF-RANGE-SKEW-LEF-large	dense_scrutiny	typed	solved	ok	0	a8769cf932c9927f2bbff916fbf16a9ead5d4ec6c11eab7fd533a5b9111216d0	bde720da3c4d01100e3323331504da3a42c19e0b847eb69948eb9efc21dea0ec	68798	-	208b4c7a3fc6cd6d3b8cea527cd7b486c7af0643b1b600dbaad066b000a64760
RF-RANGE-SKEW-LEF-large	dense_scrutiny	captured	refused_capture	ERR	0	-	-	-	00c2a619c8408986f82d6a8d39bc02387326a10bab99cb1316b0439a775925bb	f303052a25c30782b014437df8c0c0d4e36e9e49bf565c32aaaee081400482de
RF-RANGE-SKEW-SIM-a	sparse_interactive	captured	refused_capture	ERR	0	-	-	-	a3bb3dc9bc3be1b7a3dda904cb566690190ddd7b7c5503e6727cb1bd3ea633c1	fe25553f6113e3a04d77dfa49d16aa06b90e3756b12b3917523a4fb1ec04aee9
RF-RANGE-SKEW-SIM-a	dense_scrutiny	captured	refused_capture	ERR	0	-	-	-	a3bb3dc9bc3be1b7a3dda904cb566690190ddd7b7c5503e6727cb1bd3ea633c1	dae844b868c638a178c627be79685510a11871e02c0b42d039fdf68ebb12ce6c
RF-RANGE-SKEW-SIM-a	dense_scrutiny	typed	refused_blocked	ok	0	b561bcdcc1c1d605ac7fff5be284a56bc92c6dc55b5c053d85db4b2d869ae5c0	6d07d201970f31653f78663f0b7c198b90a78d00d63c8b304108601390542e1a	3025	-	155b8b44dc2fa3c5c02e042d767b700a5a541ff6b7d333304798a08ab4666654
RF-RANGE-SKEW-SIM-b	sparse_interactive	captured	refused_capture	ERR	0	-	-	-	a124eb7fd740e783d46d71450f78e35edc359b42505940131be7489da4c0dc2c	8226be5fc9c07c15a97b71efb8aa46833bade3bb3f6e65684358d587de546f5f
RF-RANGE-SKEW-SIM-a	sparse_interactive	typed	refused_blocked	ok	0	b561bcdcc1c1d605ac7fff5be284a56bc92c6dc55b5c053d85db4b2d869ae5c0	6d07d201970f31653f78663f0b7c198b90a78d00d63c8b304108601390542e1a	3025	-	a041cdf46dbc9cd60d671b3efd1cbc19cc425a4a1e210f7613e3c55bf10677f0
RF-RANGE-SKEW-SIM-b	sparse_interactive	typed	solved	ok	0	b05ef6c0390c2ee40dfaf32521b9bcfbc6d3a54302040527c97573ebe8bad729	3b49f7c1946bff5cc6052240d1b96bbe2ad1a542af491b45b125be0f43ef7690	68504	-	093d15e530fd71694022ad13455da10f06b7b33bc8b79c74b40d5edf126dde75
RF-RANGE-SKEW-SIM-b	dense_scrutiny	captured	refused_capture	ERR	0	-	-	-	a124eb7fd740e783d46d71450f78e35edc359b42505940131be7489da4c0dc2c	f068580ee1fba78c6896f7eb862ea70bc0e54a3ec82e303e83cdc6852cc79a2c
RF-RANGE-THIN-A	sparse_interactive	captured	refused_capture	ERR	0	-	-	-	9dbc394b8c45d0c70c19701c81558299cf4f778270297ac338922138381ae24e	07262b2745dcbcf539e76603767fd40fe909512fd30f326487b4031a319345ff
RF-RANGE-THIN-A	sparse_interactive	typed	solved	ok	0	5868e74bb213fedcc5dbd3af22414b12a1b6c507dfa7c4e37c1589c34d0917e7	a8fedd295b12032b135dbf55f4177ec4b8e46da162b1bd94b2a6aae269b12f03	51687	-	a09b35c55766c056dd752b1f86fcdd4e9511c3d206bdd8299dc3784f696f56f6
RF-RANGE-SKEW-SIM-b	dense_scrutiny	typed	solved	ok	0	405fd588453e2d1974ff3cbcb98ae64e78da591eed4bacd50b2121f61b2ad777	4405d49173b3dca68cb9035a888cc9cd7a2ea579d66e97f11c33304bfda775d6	68728	-	d2270a3e8f757477e3766be24c0758a7ebb4efa6659c57452507ae8eda011667
RF-RANGE-THIN-A	dense_scrutiny	captured	refused_capture	ERR	0	-	-	-	9dbc394b8c45d0c70c19701c81558299cf4f778270297ac338922138381ae24e	72956a133375fc5e93e634166b5ed31b272d766b41f61ff41fb8de2d70b837ad
RF-RANGE-THIN-B	sparse_interactive	captured	solved	ok	0	59feeebef89294472caadfaceed5ca2a2716265faca7f543fd577be8481b3bf6	9c59a335ff235f47ca08620adf730de95a0088965282dd699e9521bbba06f937	52121	-	70b4890f245f1712f1b69bb4c595724d16b2cf229ea8499fd20351e2bcc643d9
RF-RANGE-THIN-A	dense_scrutiny	typed	solved	ok	0	cbd1b6bec8d2d54e6dcaecb6d78f55215c2e0d9178fd478e3cae7727f3c3088f	4a9a25914fe9e7c8934aaf79e03e9ad857af0afb87217fd4c550cb973b14dda1	52087	-	194acea83c62b73f5ba65c9bf87092db3f3eead54de493ff02e96901c28e2bf0
RF-RANGE-THIN-B	sparse_interactive	typed	solved	ok	0	188b0640bca710f8105ecee292721d9103f850b5c9076ac2d87112c146a76e1f	e203217a4c16ea594838a58f09d2bc7b32d93868dd1838362917875d08b4a16e	51667	-	ce0d420acc144c8583bf31709b76cd26e1e69d9075374c1d547dcf53dbfbe9db
RF-RANGE-THIN-B	dense_scrutiny	captured	solved	ok	0	0ebe6527343ced04f0dc1223ac59cb5328dcc731933b4350a9ba36a6dd19a54f	247ca7e0535f578652a0f0f9c833ae8f7de80cd5acbcb4338126b82d3729f9d8	52314	-	e7939a5d6e0e6a423b51b94b28e428775f8c519d9f73e38cfd7d0bf71e0e270d
RF-ZERO-TORSION	sparse_interactive	typed	solved	ok	0	75a890529b95bfe2b692b9f52ce7bb25cdaaa7f7108eea3950c6a393b3b06b06	310066477a9e0a3a95d5ec874a55cebcf1f4c70db1acc90ce23689eeef43fa62	52511	-	72adb597f2bae03a9352f9f071c78fdddfe86ad696e7ac225435ed8a3ded832d
RF-RANGE-THIN-B	dense_scrutiny	typed	solved	ok	0	2829b8b6f9f7bcd737b35603d46d6f19e9c1664b2c11779461ed555bb871b599	4fe2c0203252f16c0c4c66df5c5278deef6390ebc0d0edae5b9a258efa6c1036	51860	-	7ea0e63c6d300e42b9883dad9c11fa8f58889d1373670d8da16a487dc2f7f3f5
RF-ZERO-TORSION	sparse_interactive	captured	solved	ok	0	75a890529b95bfe2b692b9f52ce7bb25cdaaa7f7108eea3950c6a393b3b06b06	310066477a9e0a3a95d5ec874a55cebcf1f4c70db1acc90ce23689eeef43fa62	52511	-	cfb8aae10e3e258d53a0595322e1b8b864b671b6979472e30fe26f8aff0b56ce
RF-ZERO-TORSION	dense_scrutiny	typed	solved	ok	0	1247cf0286b36f262ff2bc514d19a4d38c13963b77bb82fa412f84c782ef8916	216d025fb6e5520ed0ac662be0969fde8abe6353080b95d70c1dcb97150ccf64	53742	-	76869da114184a88b31ed20452bf037546b4a73385900856fdd76b943c9c5e73
RF-ZERO-TINY	sparse_interactive	captured	solved	ok	0	61ca03d7d87a05d8e61cd31fe96d6ec3a7321093b88b09cb24e184de8bd16536	470b7565529d8c80e00268fe044f63750dff9d9630ac60b8a35afb0ede98396b	50160	-	7a7b2d9bc617f5f1c1aaada4ccd1105e7fd18851dda3cfa7ea64f2b29cb8ffe7
RF-ZERO-TINY	sparse_interactive	typed	solved	ok	0	61ca03d7d87a05d8e61cd31fe96d6ec3a7321093b88b09cb24e184de8bd16536	470b7565529d8c80e00268fe044f63750dff9d9630ac60b8a35afb0ede98396b	50160	-	418de232fa9ca926558cd3b2013514fde1ae6b9a450fa84324cc91ac075c08f2
RF-ZERO-TORSION	dense_scrutiny	captured	solved	ok	0	1247cf0286b36f262ff2bc514d19a4d38c13963b77bb82fa412f84c782ef8916	216d025fb6e5520ed0ac662be0969fde8abe6353080b95d70c1dcb97150ccf64	53742	-	9185d30e1e120f959ac61b00a0d759f7f3a5f0e20df204945a395e304986aba1
RF-ZERO-TINY	dense_scrutiny	captured	solved	ok	0	40646bd438e9b283ed39869e968c379c9013305a43ffeb1131434c6cd35f0d61	f778568bcd9c3607a2a786d62320cac1cda948e77660fd83f03f6f2edc3e08dd	51351	-	be65f7d12a4b6091a527c9c48ccb258853b8e16d08d5d6aa1865a069dfce7224
RF-ZERO-TINY	dense_scrutiny	typed	solved	ok	0	40646bd438e9b283ed39869e968c379c9013305a43ffeb1131434c6cd35f0d61	f778568bcd9c3607a2a786d62320cac1cda948e77660fd83f03f6f2edc3e08dd	51351	-	0430b96b0b522852d21df7ade47f21fd0cf68a69c55e0bc20b0a9e8ed850876c
RF-MECH-LINE345-RX-COMPANION	sparse_interactive	captured	solved	ok	0	6dc93c3924ee50fea90183e340c5edf42321842f2171cfb003b5da0286c710a8	f78e0ea1b782d2ac9746c1f05b47a4228ae8ae48b865945c38a82cf866eac970	53702	-	610c830873cce3cc8c73b1312a4f7b6966d2fc9af33b616b11baa5ad906ae906
RF-MECH-LINE345-RX-COMPANION	sparse_interactive	typed	solved	ok	0	6dc93c3924ee50fea90183e340c5edf42321842f2171cfb003b5da0286c710a8	f78e0ea1b782d2ac9746c1f05b47a4228ae8ae48b865945c38a82cf866eac970	53702	-	b7dd775cf8e78b3877a319093e0327305a11e160c9092add13741e180692c16b
RF-MECH-LINE345-RX-COMPANION	dense_scrutiny	captured	solved	ok	0	ac9fcff7105b75e5311b71595608ddb3be789bc74e1cb6e676200a864aa86494	f743aeb43ffaae01370edd0e6dbb40e09755a30336e51eb53dacb6039b0885b3	54864	-	329a94649a164d2fbd8dfdd0799b71640f322e85b7b029b1b65c9aa5b8759987
FX-N01	sparse_interactive	captured	solved	ok	0	3939d52b5a888b5db245ff21e4d7b807cb537651599601069f84a5eb4146e97e	02d6fd0f975192ae04025c45f88dd76264379cac1aa69363023f966f042d3f7f	50180	-	8afc28ffafd619387b6b7c7ef5a6b040f68fb5d22c9b308c10dfec8855701ecd
RF-MECH-LINE345-RX-COMPANION	dense_scrutiny	typed	solved	ok	0	ac9fcff7105b75e5311b71595608ddb3be789bc74e1cb6e676200a864aa86494	f743aeb43ffaae01370edd0e6dbb40e09755a30336e51eb53dacb6039b0885b3	54864	-	550c8247f186c804b0f0b41d86e82fc36274bd6144cf407e6575bbb38a23d607
FX-N01	sparse_interactive	typed	solved	ok	0	3939d52b5a888b5db245ff21e4d7b807cb537651599601069f84a5eb4146e97e	02d6fd0f975192ae04025c45f88dd76264379cac1aa69363023f966f042d3f7f	50180	-	0617aebc4af88b3fe76790c763e241723e7dad05ecea9492cb6e964da0a1664b
FX-N01	dense_scrutiny	captured	solved	ok	0	f0f9a77ccf63027e40c5a86dd613f15c4f01fb2d44c712bc6a3324a985581362	1e76ce578e9887eec8edc9cf037ed5654bf9aa3c05733d3f3707d6745173c10c	51231	-	a84fa066a6a1054a3bfcd7ff21cc96e243076dda60e3aa65d34ce810cfee8ae4
FX-N01	dense_scrutiny	typed	solved	ok	0	f0f9a77ccf63027e40c5a86dd613f15c4f01fb2d44c712bc6a3324a985581362	1e76ce578e9887eec8edc9cf037ed5654bf9aa3c05733d3f3707d6745173c10c	51231	-	997dad3879b47d484cdc683119c4065cf268530bf63f5aa8d8084b86cdb56dd0
FX-N09-bending	sparse_interactive	captured	solved	ok	0	efa2b44e7c5924040d02f26cad7856e4687bcef90d1e5ee6b9d7d09c70eaaf30	ed7fbab0f1b156b60335c2e129e4602cc8eea612f78638dcababf9a9aa521e77	50491	-	ec13bea0de55ba77c5ca239b8219af1724d86a8d88df65e934f1dec38d4e9d38
FX-N09-bending	sparse_interactive	typed	solved	ok	0	efa2b44e7c5924040d02f26cad7856e4687bcef90d1e5ee6b9d7d09c70eaaf30	ed7fbab0f1b156b60335c2e129e4602cc8eea612f78638dcababf9a9aa521e77	50491	-	60962563cca7c141abd61a192bcfe3f11f7240cbe6fbb68168b52af3f2686684
FX-N09-bending	dense_scrutiny	captured	solved	ok	0	fbf3e740501d0b751de2aea6071a19ee10aee4e6815c25fd38501451d9c51aaf	85f08cba374a80e4edf28b1a91c028ddc7532a3e2e86bcb4c889387b9ca5fa82	51651	-	a613dd135c1ab870a4f23849df74aace5a9b0ab4dba4b4b00e111a0d5e667b1a
FX-N09-bending	dense_scrutiny	typed	solved	ok	0	fbf3e740501d0b751de2aea6071a19ee10aee4e6815c25fd38501451d9c51aaf	85f08cba374a80e4edf28b1a91c028ddc7532a3e2e86bcb4c889387b9ca5fa82	51651	-	1fe79a70cf4e9fb41c53142924019641269bbfa6d9b6ed45b91493017caeafff
FX-N09-torsion	sparse_interactive	captured	solved	ok	0	17f680e7f5c29717c2baba7829999064bb9a7c60c475f27e618ab3b92adaa6a0	549219618155ecea8c6a767b5de6c008f5fe9c3d26a2d1ccd86fb95aa179005d	49628	-	1530aa1047d42dbcc7ac699690b8e7772e6df6a97ba5f5bb16a0ee95fa0157fe
FX-N09-torsion	sparse_interactive	typed	solved	ok	0	17f680e7f5c29717c2baba7829999064bb9a7c60c475f27e618ab3b92adaa6a0	549219618155ecea8c6a767b5de6c008f5fe9c3d26a2d1ccd86fb95aa179005d	49628	-	fefd5cb8e4d6e6fb8c44145ca3db03c538c5a26ab4b40012d80412efef2fcee4
FX-N09-torsion	dense_scrutiny	captured	solved	ok	0	5dc22f7d85b5317f52c500b55c58628ac27ade8814b65778ffa3cf2bf185a982	812a8008d1cc071a97fdae477c8c0c7b437eb5ef6928f01e81748fe9c65e4d22	50860	-	f2f0d2d691045069c7060e8a13eb251f87574114433433c00c6948d30d7d144c
FX-N08-T1	sparse_interactive	captured	solved	ok	0	103cb4e42b0d665e82ffb56f5ee5fc3c6f0bdc7365dfdf0cdc601c56b2547c99	5682af440771df98e4ffd47d4ce1babd0b8d321dde0189078fd8a44bfab1e650	49618	-	96e13c59efe00cdd72ec3582e79c3ca395fc7c48fa46bf4046316e5f0fdc3ea7
FX-N08-T1	sparse_interactive	typed	solved	ok	0	103cb4e42b0d665e82ffb56f5ee5fc3c6f0bdc7365dfdf0cdc601c56b2547c99	5682af440771df98e4ffd47d4ce1babd0b8d321dde0189078fd8a44bfab1e650	49618	-	83b1b01473d24472666de52d22a6f2cc15b54092c78168f84c4d50132684ae5b
FX-N09-torsion	dense_scrutiny	typed	solved	ok	0	5dc22f7d85b5317f52c500b55c58628ac27ade8814b65778ffa3cf2bf185a982	812a8008d1cc071a97fdae477c8c0c7b437eb5ef6928f01e81748fe9c65e4d22	50860	-	ca6dfd003953bea7e879ab92de3d48311873ae77080726322469dd63d11d02f3
FX-N08-T1	dense_scrutiny	typed	solved	ok	0	8f8d0b04e58b8d4243590204d45fc22005321fe7f8bcf28d71b2e8a099a5e6c8	365fcbf02922e9a8dd7304be9dd2e0309026fbd794e9f9bb73cd1dc55d73956a	50851	-	baf22332a961dc96dd172769ee61dd614a9a8816bc958d754bcaa5d112e06982
FX-N08-T1	dense_scrutiny	captured	solved	ok	0	8f8d0b04e58b8d4243590204d45fc22005321fe7f8bcf28d71b2e8a099a5e6c8	365fcbf02922e9a8dd7304be9dd2e0309026fbd794e9f9bb73cd1dc55d73956a	50851	-	ee564759ea0e23679d6314923310975de3ea9aaf3ac010905cfe9f62f5b66052
FX-N08-T-1	sparse_interactive	captured	solved	ok	0	534193cdf2234749b9a80b9b4e43675df158bb8a0e51a6f330641d3b26f8c94f	0fcfbb91b4879430dffcebdeace507d63ead5894b49c552c9025d3843cf7f7ca	49629	-	073362864f7090ae3c61e3af30de523d7d5c099638d00a4d7417cb9d6086a336
FX-N08-T-1	sparse_interactive	typed	solved	ok	0	534193cdf2234749b9a80b9b4e43675df158bb8a0e51a6f330641d3b26f8c94f	0fcfbb91b4879430dffcebdeace507d63ead5894b49c552c9025d3843cf7f7ca	49629	-	97570ff642f918bba2f14fc7a368f6f338fa4dc8cbac4e945a4b349b1a7abbdc
FX-N08-T-1	dense_scrutiny	captured	solved	ok	0	1f266990fcba7aba1f7992f9aa079b31ca77b40fc9d0f557d5acc87f8e3f36c1	df5939837843acf273a79837d9da908379c087be594d06b1ea24f112c9532464	50856	-	761d9d8d29065814bcfdbbbdc160e4ef9186e66f44d67361a2f14d91dd649d8f
FX-N08-T-1	dense_scrutiny	typed	solved	ok	0	1f266990fcba7aba1f7992f9aa079b31ca77b40fc9d0f557d5acc87f8e3f36c1	df5939837843acf273a79837d9da908379c087be594d06b1ea24f112c9532464	50856	-	90e5459e1e48a7509eca77520b90a0ea0c45ef7f2246d2d63cf65f57cf126474
FX-N08-T0.1	sparse_interactive	captured	solved	ok	0	0ec7713d658509cb3e0680423c4115cbe682f207041cb2dba59911283e2ec390	6687c6b3ad80808e8fd46f64ba598cb5ed1932e9b29f5387a9a482296b63d2c3	49624	-	41fe275e07ef71ece22f60a6e0a054f05641960bc1b7f9574ae0262c795572cc
FX-N08-T0.1	sparse_interactive	typed	solved	ok	0	0ec7713d658509cb3e0680423c4115cbe682f207041cb2dba59911283e2ec390	6687c6b3ad80808e8fd46f64ba598cb5ed1932e9b29f5387a9a482296b63d2c3	49624	-	d1cdc74e474fdd073197c1130537eb51921fe9b390d79850b5632043695d17e1
FX-N08-T0.1	dense_scrutiny	captured	solved	ok	0	b6980ecbe4c0f7611dbfc4b68b4a8ff10cddea6a7c0ccbdd423bdf14b5001de8	f84b1a854c6d2d5c712412c136ac3001dbef65a3800f8b418372d7605b204c3d	50802	-	9c0d444c6d4f864b050675eb7252b53675caa7f36b8c3b74b4489d50a1d2a2b9
FX-N08-T0.1	dense_scrutiny	typed	solved	ok	0	b6980ecbe4c0f7611dbfc4b68b4a8ff10cddea6a7c0ccbdd423bdf14b5001de8	f84b1a854c6d2d5c712412c136ac3001dbef65a3800f8b418372d7605b204c3d	50802	-	e9414c2845c8a463e730b33cc5706dbc7a7312da318b944b0e8f578e0017b6a5
FX-N08-T-0.1	sparse_interactive	typed	solved	ok	0	01a40c7956cedfc963bb90eb013102b620aa4dc0fd7a21a52f792c08008c19b3	d5626b25f1c4cab32b8398c50b88432b74e225069a5e54aae02dd0a9975b2905	49635	-	a04f4608ea89209dc7afe6df0c22dbc8be6bebf04681e12ee5319f51fe7d5a1c
FX-N08-T-0.1	dense_scrutiny	captured	solved	ok	0	3b9f1bc2ef89f7d3a91f8b3014238c334e4462b137d13b7fd413eed9f559283e	f8157ec7751b381e95999eeb7aa86ccef03e1fec83a79b59b32975b61d1750e4	50807	-	c57e25ed3c511df34f2f0db96934be373198bd110c65030007fd7a1c915df015
FX-N08-T-0.1	sparse_interactive	captured	solved	ok	0	01a40c7956cedfc963bb90eb013102b620aa4dc0fd7a21a52f792c08008c19b3	d5626b25f1c4cab32b8398c50b88432b74e225069a5e54aae02dd0a9975b2905	49635	-	b73d62c1555fe3e41b5f5e714e40005151d9fc83cae9749fa9be7a2160b86aa1
FX-N08-T-0.1	dense_scrutiny	typed	solved	ok	0	3b9f1bc2ef89f7d3a91f8b3014238c334e4462b137d13b7fd413eed9f559283e	f8157ec7751b381e95999eeb7aa86ccef03e1fec83a79b59b32975b61d1750e4	50807	-	0173cddfa3b41576a3de4d10595a13b9f6aa778d4a2e171a6a91008cf12c7a18
FX-N05	sparse_interactive	captured	solved	ok	0	17c8331a47d96571f2aab971a37ed684bd1cd7dce287424d638373f9baf9bcea	eb157c8865752eee2a4364bf8c4b668d35d1ebb53bd586a5f6b7edf6ce1f06f7	90851	-	414ab189f38e5d697c26aac2cdbfc65da96fda6e7a4034e5765096719b992668
FX-N05	dense_scrutiny	captured	solved	ok	0	66db730b300a02ee6835c751b03ad6e8bfa94e64b81785b3c2fb79a319fd81f0	ebc586bd29942d4609db2fa40bc701cdd382367ea261daf7ee25f18a1f0d4c1d	92190	-	56153fb026d1c9121ba71613c472dfb0fa06275a81490a103e13ca899ecf31d7
FX-N05	sparse_interactive	typed	solved	ok	0	aba7c71c9183900b178ad122cabf8bed3b05d5fca4228b2bfccb0f3392eb0cb1	040ac5ce4256c35943813ecdcf4d533553a36037f4b02550c171999f1c2363af	55053	-	8e2b4038310cb664fd3992c168fc79275c5991297ab30c3bc62c256f4c382acc
FX-N05	dense_scrutiny	typed	solved	ok	0	87a07928038ed406657b7cc4810cd1a46127029b370821f683a70003be120d92	506d00e9885a1801f11b4d6d632b8b78b6035bc41112de034a3770fd064ac14d	56236	-	107c969d983d992e5de258ed9030dfc0b8f96e44987b3143a68f1e7947111b5f
FX-N06	sparse_interactive	captured	solved	ok	0	8a6f7075aa2413789976d697a3951742e872aaf9d223509dc67c8e74c359446d	dc8b68d09e36176011c9a9c4706ebaeccaf25a217ab85f14328f2717843f939b	83107	-	e8dbf6f1a7b4d9d91b97110f2b787f9cb487d93b15e8bb1d6a9fc2e69ec627c5
FX-N06	sparse_interactive	typed	refused_blocked	ok	0	1c674c8b0fcac95d64185574a3d00ed92db18b29bff25703e7af752dd4261334	78ec25cf1f940eb88e2c7ec39e1e8c125eec010e8cf77941a60b368f9726e84b	3827	-	38610702269b67b17af293a676284227c1a61227f1fc0f469c8e3b24faf72462
FX-N06	dense_scrutiny	captured	solved	ok	0	e18d714a35b92618fda3cc5dbcf24cfe95cfb7a8850f40072e8ccb25c15f3fe3	1c80ffd028403ed3688e18a1ab056f1145c304142b24db5919e4778e5ffffc82	83095	-	dadf3381a1c4f047926d45a3853f287ef59681a25dfce34d7d9dcce22e245362
FX-N06	dense_scrutiny	typed	refused_blocked	ok	0	1c674c8b0fcac95d64185574a3d00ed92db18b29bff25703e7af752dd4261334	78ec25cf1f940eb88e2c7ec39e1e8c125eec010e8cf77941a60b368f9726e84b	3827	-	edd37fc66075d29749f181461d13232952e166d57c3ada4f42d73b82a16e6626
FX-NP-A-ulp-.25	sparse_interactive	typed	refused_blocked	ok	0	1c674c8b0fcac95d64185574a3d00ed92db18b29bff25703e7af752dd4261334	fba4dbad420edba23acecaf33a0b0fe9a3fe6d74cd85ff7c43a0bad1cfe5f95a	3831	-	d9ba10a9beb2c7492fbbf31b7e87f7df592578593cfb1935140ef12235dbeafa
FX-NP-A-ulp-.25	sparse_interactive	captured	solved	ok	0	703af6dd48b4e033ec4f0f51477ad91d572f48b3230eb98778f18c895e440022	9483adbabedd4aba68d0a270a6e2f92bb30bf02ec650e6b3fa9ca71b52dcd522	82412	-	72a667c0417cb92e7ddc9e45206981b8bca1173b2dd6247456fbfb0d0c7f9899
FX-NP-A-ulp-.25	dense_scrutiny	typed	refused_blocked	ok	0	1c674c8b0fcac95d64185574a3d00ed92db18b29bff25703e7af752dd4261334	fba4dbad420edba23acecaf33a0b0fe9a3fe6d74cd85ff7c43a0bad1cfe5f95a	3831	-	1aea48af20ed526944f4f8b29ee999166a3dbeb4c47d0b9ac12ad9be6c731807
FX-NP-A-ulp-.25	dense_scrutiny	captured	solved	ok	0	6867c8178c099ff50033b370411a5cce6333858e1a3948b5dd68f0c0cb010825	5e7b7c0dc4ed2424f7f3948f3712647a21dc15a3d80fcf3d0c19d2ce77ee230b	82400	-	3ddfe9510936961d12d75adef5f3f793a4b4beebb62ff1ec506bc865855a8c59
FX-NP-A-ulp-.5	sparse_interactive	typed	refused_blocked	ok	0	1c674c8b0fcac95d64185574a3d00ed92db18b29bff25703e7af752dd4261334	952142fde747288cec05aaac9e58647142f66a5ac94eb3cfd258f53de7f81cea	3830	-	05aeb150c730eec9356316fa7257e509c418c76c6e375c3880e1d9c419477108
FX-NP-A-ulp-.5	sparse_interactive	captured	solved	ok	0	514d1323f73969f49655bd74df00be1269a2250370d8b943e2aa7e1ebaf7087e	064b4738ea43d91cfacb350fed493a4ed43c009e1924c6fdcb838e7cac03986a	82417	-	40c848581a710389b1e61e9c19a9c39a17a623dad9c72c117a4b29438320bd8b
FX-NP-A-ulp-.5	dense_scrutiny	typed	refused_blocked	ok	0	1c674c8b0fcac95d64185574a3d00ed92db18b29bff25703e7af752dd4261334	952142fde747288cec05aaac9e58647142f66a5ac94eb3cfd258f53de7f81cea	3830	-	3092631fc6469595160d9322ade3f7e616e4652068439acc7a6a934f0169f533
FX-NP-A-ulp-.75	sparse_interactive	captured	solved	ok	0	4a24eaf132e3762a8533aa34980841c3fcd5334a791b58e27f8ee7b13972ed41	f05afbed38241900801cbd78b87dc346ad1b6fa3e12b7e88f6e7d2ed847f6919	82454	-	5d0fd5fd19263dd0a9b98ea8e763651f187b1d8bbb4fce04de4d6ff722a85b37
FX-NP-A-ulp-.5	dense_scrutiny	captured	solved	ok	0	bdeb5e1882a2cc80d6040c60949f26e5d4b6f3e4366e47d8ef908b4ba0362cff	c5bafdfc96b0b380bc00a19bd0f778b4ac8fd90c43329dd6a46e5fbc63158ec3	82405	-	65e7d360a0cba7c6013ea2766aa424c3807c1746c6a8e4047b2723a371e766ec
FX-NP-A-ulp-.75	sparse_interactive	typed	refused_blocked	ok	0	fdb1c0df9741da474ccdfe1f5672bcc2d131e7b2ee1924e25aacf7270e6d1730	5fc1a7d489a69d12f2e061f5cf9d5b6d88c2018b6849a3f4a5b9894246f8e9b3	3798	-	269dfb6f4e9f83f0e66e973dabd3d99db15c661a5a12fe5044a1f75008a523ab
FX-NP-A-ulp-.75	dense_scrutiny	captured	solved	ok	0	fd88d2794068bce50c359bf5d0036052e813333c6a5737e227a82321574321ef	cc579bfc0ec157ac2b3c2c17e037e4a6d31819b76916128f76988221bcf3b9de	82442	-	8a7763a6dafc9c5736ddaa919bc98ee0c173d06739c692274869360087afe14b
FX-NP-A-ulp-.75	dense_scrutiny	typed	refused_blocked	ok	0	b6036777c2793bb2daa3953a6d68630eb9a0abba41a700a87b9c6adb0bb74c82	7ab9fc4afa9967de157c02b3012b9c86ec95a6d76212ef2b7ce7088ee8f81b2e	3798	-	ec31f89b732146f2fc38548aa03918017372cb4441fbb4b48e88e77a75230796
FX-NP-A-ulp-1	sparse_interactive	captured	solved	ok	0	7eaec07dc7bf901280cf878c4c1904dc251714f31d02f512e9e64939b651d04a	c217beed1ee670f3ffb5c924d7991a60d2fcb2cfc7dd95c2a2b66cfbb6b26fec	82388	-	c250abd21ed465fa978f53e313c8ff7fa46792dbc531fec7f43e11133ba2c248
FX-NP-A-ulp-1	sparse_interactive	typed	refused_blocked	ok	0	fdb1c0df9741da474ccdfe1f5672bcc2d131e7b2ee1924e25aacf7270e6d1730	fb7f4a650b65042fcbd01e0dd62d8ee4e8a4c943094188256e6adb6774bf9415	3796	-	5b7ba27aeea53df716a77de54b9499a4d473b53b3779ecd9806fe9b5bff91888
FX-NP-A-ulp-1	dense_scrutiny	captured	solved	ok	0	6c65bb471558b92cb4be2fab27931630aa4aeedbfda8175bc90b4f342bd70198	400bd0a2356a8b7cbc729a80dd0c55f240e5495c9fb5047e58a6b8e2fb91bd17	82376	-	b534bc816ca64fc4344299e6625a5971b697ce4b962acf119d733d54ce7e1fa6
FX-NP-A-ulp-1	dense_scrutiny	typed	refused_blocked	ok	0	b6036777c2793bb2daa3953a6d68630eb9a0abba41a700a87b9c6adb0bb74c82	19a8a9b290b07b826e6d18fcee06a59eb4b5bc6faad337c8315c75b27a95a0c8	3796	-	afed7aa9177acd72e8794375cb70c5c70324b2eee0cc2c8ffd6a8ca3b49e2034
FX-NP-A-ulp-1.5	sparse_interactive	typed	refused_blocked	ok	0	fdb1c0df9741da474ccdfe1f5672bcc2d131e7b2ee1924e25aacf7270e6d1730	7d906907c7064ed76b4af936b4565ecb9283bda1f3b33cf15261a386e64c238d	3798	-	fd5ca0a7f6ac115f9284a4f2adfaa43b7ab19e7c5685ae7da7229334408c84e6
FX-NP-A-ulp-1.5	sparse_interactive	captured	solved	ok	0	bff52794c5eb81c39b239a6f09e0c38b6f6a103b0a8f730a6f144e6c5087cc86	886b4a4a896b0c0873a09eff1fdde2d7d058fea1df35679aa1e8408553565c5c	82453	-	e6704362dfc8d4ad3410a774e78b983c99f3f869d745a980273b21628e80fd77
FX-NP-A-ulp-1.5	dense_scrutiny	captured	solved	ok	0	dd9e2664c746e25c457f59fb64543c55020de0a90601fb33f422945b3022f2a1	827459531bdfe93f59a7f479994faed22c7d107dec891b67916ad3d1070306e5	82441	-	b4dbc59868fd12b6fc77b048efd5a21a77de2b8f20d86f31e4294a960b677fc8
FX-NP-A-ulp-1.5	dense_scrutiny	typed	refused_blocked	ok	0	b6036777c2793bb2daa3953a6d68630eb9a0abba41a700a87b9c6adb0bb74c82	4241dbe1ab50283c857503bad3d972b87d93d2c68b9a4aa269661e0c435ce0e7	3798	-	8cf05fdcd9a72109ab05de758429dd7c7daa9da3414afda818fe8630947f76ec
FX-NP-A-ulp-2	sparse_interactive	captured	solved	ok	0	610073104c85f759497d53f75d39e47ed628d34b97bfd8ebc324314f2d8d105f	984d00a86e714415eef4acccf05bb23d76f445ece7187a0170ff7c618560734d	82379	-	acb7348d999bf1174bec11c668ebc7e0890d8b8d6b50ef25bf2b25f98c20e902
FX-NP-A-ulp-2	sparse_interactive	typed	refused_blocked	ok	0	fdb1c0df9741da474ccdfe1f5672bcc2d131e7b2ee1924e25aacf7270e6d1730	53593d99b4bea0a43c8036677f4f7afe18a273e5972df3c467bfc2ab870d9a77	3796	-	50e59314b9cfc5873832d4701b2eabc50ef5b9675b9a5604fa1ca8e9b7bd854d
FX-NP-A-ulp-2	dense_scrutiny	captured	solved	ok	0	3f7c13a6c5e6f932b1d03600a853e2adcd4326f3f9b9644bebe665f79bb2242e	811961df90da6ef43b9eab071eb839a955603627245acce75a1c5ed715c270b0	82367	-	9f20ba64a8bc1a4f11d11369903e4d240ca917a0aac423cff1ca676ecbd24aa2
FX-NP-A-ulp-2	dense_scrutiny	typed	refused_blocked	ok	0	b6036777c2793bb2daa3953a6d68630eb9a0abba41a700a87b9c6adb0bb74c82	a1592c46f925877d982fbe758738d24db9cc8cc3063ffd38d91add9defd76afa	3796	-	80db849eff5cf61e36abb7e44160505563a86f125c2a637c8236af9943ca48c2
FX-N02-loaded	sparse_interactive	captured	refused_blocked	ok	0	78191642671519fb60691e1ce3a6ec997ec7c7c56d1ed0ccfdb5289a22ae585d	79dc0bf60d7a831f6165996aeb36768dcdfed2bbe7222e49f8e2b3a8888d2c06	4605	-	4ca1b837e8587e852790a213322d076ee77553420d0422948deeb81cfce454a5
FX-N02-loaded	sparse_interactive	typed	refused_blocked	ok	0	0c17ec10993300d8d56eb8bc1ff94d2dbe41231b87822b2cbc75c4c5c919d46e	c9219a7436bd23b0bcba6071802b30f6c977e054bd2b5fc2f9ea6487fb26379a	4151	-	22aa43a58925a57a949bb2ad8f13c0be7f324d3cb130408b7f3b403b4c24bab4
FX-N02-loaded	dense_scrutiny	captured	refused_blocked	ok	0	78191642671519fb60691e1ce3a6ec997ec7c7c56d1ed0ccfdb5289a22ae585d	79dc0bf60d7a831f6165996aeb36768dcdfed2bbe7222e49f8e2b3a8888d2c06	4605	-	24a95fac7d26e38cb0a5dae0e82231fa157785f564439a2710032cb91ed988e9
FX-N02-loaded	dense_scrutiny	typed	refused_blocked	ok	0	0c17ec10993300d8d56eb8bc1ff94d2dbe41231b87822b2cbc75c4c5c919d46e	c9219a7436bd23b0bcba6071802b30f6c977e054bd2b5fc2f9ea6487fb26379a	4151	-	d8e404d28fd1e2551df15a369f609448d7952e524502e819f07ed2b5210f9c6c
FX-N03-RX-stabilized	sparse_interactive	captured	solved	ok	0	383f338ccf839d0de242beb14fc955038b2852c3cb1089ae90e951ee465de465	d527c8bef4d7c7ba527b6f4df8b7376014b9227a9b13850b12d75fa8aba55999	54198	-	b182a50d71bc80b477f308f8b468554e1b6ea8a0d2fc7c3e4905acab7813f6d0
FX-N03-RX-stabilized	sparse_interactive	typed	solved	ok	0	383f338ccf839d0de242beb14fc955038b2852c3cb1089ae90e951ee465de465	d527c8bef4d7c7ba527b6f4df8b7376014b9227a9b13850b12d75fa8aba55999	54198	-	10b6ad717f63d19630955842a4a1eb9d113077e665e006fa05980aa262a4d2b3
FX-N03-RX-stabilized	dense_scrutiny	captured	solved	ok	0	aa734f53590a11f3db15743df9a63f553dbb2a1c984eaf8ae4af8d305344236d	30f4b4f0e74d55d9cca93c79de83ffc65c7ae55833c5649f712be47bd51ec27a	55343	-	55c7956f4b7d664853d06796fbc16b3fb72465995b1c14e3672532b6f7f3db1c
FX-N03-RX-stabilized	dense_scrutiny	typed	solved	ok	0	aa734f53590a11f3db15743df9a63f553dbb2a1c984eaf8ae4af8d305344236d	30f4b4f0e74d55d9cca93c79de83ffc65c7ae55833c5649f712be47bd51ec27a	55343	-	04e7ddb5f7a3555ab5e70df7f1bf5597fd320f036b40af31c87f8c811bc203db
FX-N03-RZ-not-stabilized	sparse_interactive	typed	refused_blocked	ok	0	0c17ec10993300d8d56eb8bc1ff94d2dbe41231b87822b2cbc75c4c5c919d46e	c9219a7436bd23b0bcba6071802b30f6c977e054bd2b5fc2f9ea6487fb26379a	4151	-	623001906ea720aabe5ff7fa9bd67d1527577e1945498c83c6b29d6e2c66d9ed
FX-N03-RZ-not-stabilized	sparse_interactive	captured	refused_blocked	ok	0	39228c1d24bf86fa5a7440b05ee4e8a6da607bea0315f493cf818c18f4ce3ef2	ffc052711a3b500e4896356600264b156485ded5d40dd893d17315b4ba112f90	4605	-	fe431a7af45dbe948644984a5a9bb1ab39e3ad514be37ba01b3c9a1c0a8c47d8
FX-N03-RZ-not-stabilized	dense_scrutiny	captured	refused_blocked	ok	0	39228c1d24bf86fa5a7440b05ee4e8a6da607bea0315f493cf818c18f4ce3ef2	ffc052711a3b500e4896356600264b156485ded5d40dd893d17315b4ba112f90	4605	-	07538f79060c945e78856dc1451a7c876d2f5aecd2669ea147295690a1716eaa
FX-N03-RZ-not-stabilized	dense_scrutiny	typed	refused_blocked	ok	0	0c17ec10993300d8d56eb8bc1ff94d2dbe41231b87822b2cbc75c4c5c919d46e	c9219a7436bd23b0bcba6071802b30f6c977e054bd2b5fc2f9ea6487fb26379a	4151	-	7af9b9dc4c1ab113d058b285e65146ce4e5705df24981858c1f6a5d59f852dda
FX-N02-unloaded-R07	sparse_interactive	captured	refused_blocked	ok	0	caf61d5dc920c391539c3fafac8979e5a4fabb36a001ab07b1354423c4d4f283	d01d7effb947248c87f16e8dac24acaa297254edfd873dd26c9a09099cae4730	3085	-	feed9e9a624c078b7532bc04a7b78fdb247054d9db86d768c88aa2ad2566d49f
FX-N02-unloaded-R07	sparse_interactive	typed	refused_blocked	ok	0	caf61d5dc920c391539c3fafac8979e5a4fabb36a001ab07b1354423c4d4f283	d01d7effb947248c87f16e8dac24acaa297254edfd873dd26c9a09099cae4730	3085	-	b781237dbb3efb71ad6318d05f54f41c147b204463d267ad7d93e40ce7f4febe
FX-N02-unloaded-R07	dense_scrutiny	typed	refused_blocked	ok	0	caf61d5dc920c391539c3fafac8979e5a4fabb36a001ab07b1354423c4d4f283	d01d7effb947248c87f16e8dac24acaa297254edfd873dd26c9a09099cae4730	3085	-	ad031ac72f438ac76321503cb8d0784d7d3c74dbaab36a82f43b584d4b657da4
FX-N02-unloaded-R07	dense_scrutiny	captured	refused_blocked	ok	0	caf61d5dc920c391539c3fafac8979e5a4fabb36a001ab07b1354423c4d4f283	d01d7effb947248c87f16e8dac24acaa297254edfd873dd26c9a09099cae4730	3085	-	df0cb35a1418741d9b83102eca7556c901aa330292b17ee67b0bdc1b166afa79
FX-R01	sparse_interactive	captured	solved	ok	0	5044908cf032fd18798ac4701a55eb0ca42b039e66464be79ea9c3516fb49658	9c298e76c0ee8fe8b94baae249accf6df5d5046aa7c7427f26cabb66f36f4a76	48797	-	2f5f2d07b98e3c4f3eda6cb9e46afb8ff55efb1013e52a5f0683c3c50daab0f8
FX-R01	sparse_interactive	typed	solved	ok	0	5044908cf032fd18798ac4701a55eb0ca42b039e66464be79ea9c3516fb49658	9c298e76c0ee8fe8b94baae249accf6df5d5046aa7c7427f26cabb66f36f4a76	48797	-	2a6be138ab2ef58a296823ebcaba989dd9e264737aeddc7a8f1722857697cd48
FX-R01	dense_scrutiny	captured	solved	ok	0	fb3d200ec1f7b6fbe0e4ef2bcdcb565ae250fc7c7d521d0e8f2509504caf6d5a	b56bf3c7f3dc34d6cae2de3b6938622a4c7ba32bf1b4d8c58b5b0ea00428108c	49845	-	389ce6adab125cd09a8c433faa658d32cefdfdafd98133b350e0026bafda93a5
FX-R01	dense_scrutiny	typed	solved	ok	0	fb3d200ec1f7b6fbe0e4ef2bcdcb565ae250fc7c7d521d0e8f2509504caf6d5a	b56bf3c7f3dc34d6cae2de3b6938622a4c7ba32bf1b4d8c58b5b0ea00428108c	49845	-	f4ece45471798b14d3e41d79d6f39951cc558bbedba6d4319ed5c2b8394e9ef1
FX-R05	sparse_interactive	captured	solved	ok	0	5f9a9fa4d92932433bb2203825b102dbfceca5c0641656c97658ddd95d3f7587	69ab1e0790f0925b7c97708faa2704f7e492c6c6a72a1303193612239cecee89	52491	-	4c5c0e28652673452636d54970746800ab8a58387cfad977b56c3c63c4c8d731
FX-R05	sparse_interactive	typed	solved	ok	0	5f9a9fa4d92932433bb2203825b102dbfceca5c0641656c97658ddd95d3f7587	69ab1e0790f0925b7c97708faa2704f7e492c6c6a72a1303193612239cecee89	52491	-	169c40e9ae4f3c5bc426187932049b66482e51047bab75cfa79fbf2ba7eb968f
FX-R05	dense_scrutiny	captured	solved	ok	0	bb12f36263fb852b2e1987c9ba9b9c58e3a32dab2cc356745627036091d21729	c7ae8bd4fefadddb848fcff5178e8a95fdc32f5192755ab038b7d7281371d7ed	53707	-	c174828020c1f50520034a06151d8fc1a9a24c63a07957da7b416a88d065b0f6
FX-R06	sparse_interactive	typed	solved	ok	0	7aa7697e1e365e2869a7aa632737705a4b7f76d1200c4cf8a4f485f9f9a0c1af	6a42240c0a1d6d5f9f0ec529828167e57f751a3a566bd8993ea2e2bf6078f384	49161	-	d6fd83c07a3186fb751b713d9cf512bc9f53bb097689a633a0405c1c637e3ed7
FX-R05	dense_scrutiny	typed	solved	ok	0	bb12f36263fb852b2e1987c9ba9b9c58e3a32dab2cc356745627036091d21729	c7ae8bd4fefadddb848fcff5178e8a95fdc32f5192755ab038b7d7281371d7ed	53707	-	2f7ed0a53f0c3df8c5a6e3d641d3c6d296d95da6c56c1d2ab84ada7b474ee0f2
FX-R06	sparse_interactive	captured	solved	ok	0	7aa7697e1e365e2869a7aa632737705a4b7f76d1200c4cf8a4f485f9f9a0c1af	6a42240c0a1d6d5f9f0ec529828167e57f751a3a566bd8993ea2e2bf6078f384	49161	-	4e1887ee48f5ac88dcae85027f969ab85d33e71b815a2f4955f2324540d26f8b
FX-R06	dense_scrutiny	captured	solved	ok	0	4635bcbc92902a62414f3fe8bce2af9f251d6b79c11500922cbc0089937e0c93	d486d6d324f6cd1ee21d66f52a27a57b88ed0dedfb5fed085996e8e85e175189	50179	-	77394980d6ed36a4cbe3317ebfaf70930994c5f797b8dc3a7f8ff1f07c373158
FX-R04	sparse_interactive	captured	refused_blocked	ok	0	2c5a3e973ff2275ca2e0e0448451477923185317a35a799babbd502251181840	75fe8bed1db8d530e2301f575fe81a31d81632757f49eb5980a580878c856966	3231	-	2867111d89fd5da797561762a51066d8a24f192a19442543394517bd59be632c
FX-R04	sparse_interactive	typed	refused_error	ERR	0	-	-	-	3c46c77d4ea94a2e67d87cbea80194c8e321c13a8e5b73bac7720d352307a3c7	32376f5b9749266ac2461884d08108bcb3c16c48019d7c8fb0347ed9add36f76
FX-R06	dense_scrutiny	typed	solved	ok	0	4635bcbc92902a62414f3fe8bce2af9f251d6b79c11500922cbc0089937e0c93	d486d6d324f6cd1ee21d66f52a27a57b88ed0dedfb5fed085996e8e85e175189	50179	-	646aa60b507b4179f541d3260b6155bd820da42a959b3ecb5b4f5f42ed788c06
FX-R04	dense_scrutiny	typed	refused_error	ERR	0	-	-	-	3c46c77d4ea94a2e67d87cbea80194c8e321c13a8e5b73bac7720d352307a3c7	7b4931e025f0ed63a90511a68561e7904821a2beb3ebcc122da63ee2af99218d
FX-R04	dense_scrutiny	captured	refused_blocked	ok	0	2c5a3e973ff2275ca2e0e0448451477923185317a35a799babbd502251181840	75fe8bed1db8d530e2301f575fe81a31d81632757f49eb5980a580878c856966	3231	-	4127acad1c1f7b67b39cb5b2c284a3d24a21b3bdb7748942e07a8dbbcd2c8db7
V1-CHECK-L-MIXED	dense_scrutiny	captured	refused_capture	ERR	0	-	-	-	8bdc81187827a50ff3f016f7bb05fcece3732297e94f9a1bdb3f1fd28352d365	b9e190672beec84e611ed760cbf5984d4e108e45aae710dd9201623d4595e557
V1-CHECK-L-MIXED	sparse_interactive	typed	solved	ok	0	3ae3a2e047e231f7b24b1b2bf7770bb6a62497364fe5682b312ddc641ea2d4be	1a71395690baa80ab31dc9998eaa23af3d2198036036c3f2d26e235b46fe16d8	67517	-	f3e4450c762a514b890348d2745504171b966d59c553d63d2577622df248f789
V1-CHECK-L-ONLY	sparse_interactive	captured	refused_capture	ERR	0	-	-	-	8bdc81187827a50ff3f016f7bb05fcece3732297e94f9a1bdb3f1fd28352d365	0035827d0d414dc3f156e792cd36c871c3b04b8194c82f2e9b3441d07643a351
V1-CHECK-L-MIXED	sparse_interactive	captured	refused_capture	ERR	0	-	-	-	8bdc81187827a50ff3f016f7bb05fcece3732297e94f9a1bdb3f1fd28352d365	6b6236958956307ef2212fb8af9cee202e925a6b6441fac5b2bf8c5f7b62b4bd
V1-CHECK-L-MIXED	dense_scrutiny	typed	solved	ok	0	843ce67d4c0dbedc222362a3f921ad869e169c2c0577b3b0dc9b8cfb96b16a5d	a101f3b015d6502450d98f402d17dd498d34d6318d695b61b6504a68a1590ea9	68618	-	4720eccacecc43ff0853bfb1a3480052b0682b97b3fb1dd678ba84eff39f74ea
V1-CHECK-L-ONLY	sparse_interactive	typed	solved	ok	0	76c5f4f23e0ee0958a18a303f1a6cab4af15104a655f042d00015233afe2fd4c	e4e5fd36fef462fc9323fe0cddae451b8b1841ebf5e2df16baf7e7154fb00ccc	67235	-	2c7ea2f7f06bc9c88f2f3afa7a55a5c9db0a7d42cc381f783a0fe5f625928333
V1-CHECK-L-ONLY	dense_scrutiny	captured	refused_capture	ERR	0	-	-	-	8bdc81187827a50ff3f016f7bb05fcece3732297e94f9a1bdb3f1fd28352d365	5b5766cb8cee9db3ed799b5b4e149e1bf1a8fee5192c72982832ef971c63244c
V1-CHECK-L-ONLY	dense_scrutiny	typed	solved	ok	0	9e744282ea5d2115b0a2f13066eaa440ae4061cfa4dee65735bf79d1b2a06235	e2aa0e805954bc3dd2df16cb9cb5278fd38512c90369382f3feb4c4446173d69	68252	-	0c75d1f4be17fa3d2d6dc497c5366d1e89349f32f091a30bc81e9e16c110c614
S11-PROBE-A-G1e5	sparse_interactive	captured	solved	ok	0	909c45589438c3cdb1dc4a71a7b95549c8bea4474fa0bd1120261f5820c23099	b8769c1f4e1c58a51a265aac81899fe0eb6538691782f4e0d7241f81ed93bb42	51010	-	d8fce17e24bdfec873f90faf47dff249d10d7a2c2b8965b526879cbe3b972a17
S11-PROBE-A-G1e5	sparse_interactive	typed	solved	ok	0	909c45589438c3cdb1dc4a71a7b95549c8bea4474fa0bd1120261f5820c23099	b8769c1f4e1c58a51a265aac81899fe0eb6538691782f4e0d7241f81ed93bb42	51010	-	b3633768c767c0daddc941fee65dba19164f49603971c6cbd3993571c2c9f0fd
S11-PROBE-A-G1e5	dense_scrutiny	captured	solved	ok	0	0c96140886456661dc532ba050a5238ee14694c26c91eb3b2e5f8b4afe5bdb0f	6f8504fcae96bb13514f6b118fbd34ad2ce314686859f290d65dca8a8301ca57	52193	-	9a370262119617cf53208ba6c90d585df3253112ba85fda8b9c32c0b987e8326
S11-PROBE-A-G1e5	dense_scrutiny	typed	solved	ok	0	0c96140886456661dc532ba050a5238ee14694c26c91eb3b2e5f8b4afe5bdb0f	6f8504fcae96bb13514f6b118fbd34ad2ce314686859f290d65dca8a8301ca57	52193	-	d2fb1a02d789947ea99844f39fcc2f762238081b8b766283543c26c78b3907df
S11-PROBE-A-G1e6	sparse_interactive	captured	solved	ok	0	909c45589438c3cdb1dc4a71a7b95549c8bea4474fa0bd1120261f5820c23099	e4c51e30b8fe11657cca6d8b1791cabbb3b4ab0c088d78f7d1fc1237d738bc88	51010	-	cbc9d5e197fea9a0f00ae264910dc6d1cc44b9150f86106d64b92d166b01fbce
S11-PROBE-A-G1e6	sparse_interactive	typed	solved	ok	0	909c45589438c3cdb1dc4a71a7b95549c8bea4474fa0bd1120261f5820c23099	e4c51e30b8fe11657cca6d8b1791cabbb3b4ab0c088d78f7d1fc1237d738bc88	51010	-	b08a0f1857fb20cd5fcfb6390064a1b241c7f6152da3c2ff088c3ea6bd2ac607
S11-PROBE-A-G1e6	dense_scrutiny	captured	solved	ok	0	0c96140886456661dc532ba050a5238ee14694c26c91eb3b2e5f8b4afe5bdb0f	1e38d7f0520086f62dda985bd67e201dae5a06fd0ab77b8da884432fcbc3511b	52193	-	3cf7a99461bbe1476454c6379b3fa69df896b1de56000694811f6008066d8a2b
S11-PROBE-A-G1e6	dense_scrutiny	typed	solved	ok	0	0c96140886456661dc532ba050a5238ee14694c26c91eb3b2e5f8b4afe5bdb0f	1e38d7f0520086f62dda985bd67e201dae5a06fd0ab77b8da884432fcbc3511b	52193	-	f3723b1cb47c02aa3cf90fbe08ca833ca9754a9d0ed3dc75f880ec290fb6d7de
S11-PROBE-A-G1e7	sparse_interactive	captured	solved	ok	0	909c45589438c3cdb1dc4a71a7b95549c8bea4474fa0bd1120261f5820c23099	3cd1b872478c579a639be15e07a510cdd56565c4ed18210255aa61f5afe833c9	51010	-	59434b3d8644b38f8b0950c7e3ff92e34de9b6f60be768a1e0eebe73c0b943c2
S11-PROBE-A-G1e7	sparse_interactive	typed	solved	ok	0	909c45589438c3cdb1dc4a71a7b95549c8bea4474fa0bd1120261f5820c23099	3cd1b872478c579a639be15e07a510cdd56565c4ed18210255aa61f5afe833c9	51010	-	c6847b17bca7e65efada34e44cfd409d4ed7e8208767d7af2eb2f37be82dce52
S11-PROBE-A-G1e7	dense_scrutiny	captured	solved	ok	0	0c96140886456661dc532ba050a5238ee14694c26c91eb3b2e5f8b4afe5bdb0f	c11f308b11537bb192725ecc7c7a12c05e6dc337775ff63a649ecccfadea4cb1	52193	-	a579aab633810fd728170bc256ba79af58ddc0882439144946731b10922e4787
S11-PROBE-A-G1e7	dense_scrutiny	typed	solved	ok	0	0c96140886456661dc532ba050a5238ee14694c26c91eb3b2e5f8b4afe5bdb0f	c11f308b11537bb192725ecc7c7a12c05e6dc337775ff63a649ecccfadea4cb1	52193	-	3e0c6fd9f21c11b74bbfaf423e0f7cb62e46b715772b1fe90793a18d96e92949
S11-PROBE-A-G1e8	sparse_interactive	captured	solved	ok	0	909c45589438c3cdb1dc4a71a7b95549c8bea4474fa0bd1120261f5820c23099	3b0ebf5bf2e915434cca7a93e66932afa41bdb39c3e0c4c1b6bc529223589776	51010	-	3c68c7bb7b188391b6fa3f47e4c0b440b0ed2b725343de8b5c9eea045fad969b
S11-PROBE-A-G1e8	sparse_interactive	typed	solved	ok	0	909c45589438c3cdb1dc4a71a7b95549c8bea4474fa0bd1120261f5820c23099	3b0ebf5bf2e915434cca7a93e66932afa41bdb39c3e0c4c1b6bc529223589776	51010	-	b74ecc14671f6dda8e7c15b70477a89985d17c33fe46ad0a247ae3e0954d2b5c
S11-PROBE-A-G1e8	dense_scrutiny	captured	solved	ok	0	0c96140886456661dc532ba050a5238ee14694c26c91eb3b2e5f8b4afe5bdb0f	62fb7a56240ba35f68792cd916028b33ea7eb2650c7816c0af410e73f115a66d	52193	-	da32dadae9b5b0882621bac07acd60094504dee2d1c589c414ef862f3d38f07a
S11-PROBE-A-G1e8	dense_scrutiny	typed	solved	ok	0	0c96140886456661dc532ba050a5238ee14694c26c91eb3b2e5f8b4afe5bdb0f	62fb7a56240ba35f68792cd916028b33ea7eb2650c7816c0af410e73f115a66d	52193	-	f12b5fe5964a03c929b472d2b271e6fb943c48d1cc35d5ca0ad0e0ce418dbfb9
