> **Generated view — not authority.** Produced by tools/practitioner_harness (command: self-check).
> Sources cited per finding; on any disagreement the cited source files govern.
> Regenerate from project files; safe to delete. Structural checks are not approval,
> issue, authentication, or acceptance of residual risk (K-AUTH-1; D-GOV-01).

# Self-check — consistency audit

Scope: `projects/chirality-app-dev`, `projects/chirality-piping`, `projects/pec`, `_DomainEngines`, `docs/governance_harness`

## Root governance status (self-declared; INFO facts)

- `docs/DIRECTIVE.md` (line 5): > **Status: RATIFIED — owner ratification 2026-07-11 (`CONTRACT.md` / K-AUTH-1).** Owner direction of record (2026-07-11, in-session, Ryan Tufts): "You can now take all the `docs/` out of the DRAFT state, making them aut …[truncated]
- `docs/CONTRACT.md` (line 3): > **Status: RATIFIED — owner ratification 2026-07-11 (K-AUTH-1).** Owner direction of record (2026-07-11, in-session, Ryan Tufts): "You can now take all the `docs/` out of the DRAFT state, making them authoritative." Thi …[truncated]
- `docs/SPEC.md` (line 5): > **Status: RATIFIED — owner ratification 2026-07-11 (`CONTRACT.md` / K-AUTH-1).** Owner direction of record (2026-07-11, in-session, Ryan Tufts): "You can now take all the `docs/` out of the DRAFT state, making them aut …[truncated]
- `docs/TYPES.md` (line 5): > **Status: RATIFIED — owner ratification 2026-07-11 (`CONTRACT.md` / K-AUTH-1).** Owner direction of record (2026-07-11, in-session, Ryan Tufts): "You can now take all the `docs/` out of the DRAFT state, making them aut …[truncated]

## Findings

| Severity | Code | Dimension | Source | Invariant (ratification) | Message |
|---|---|---|---|---|---|
| REVIEW | STALE_RULING_ANNOTATION | staleness | `_DomainEngines/_DECISIONS/D-T0-06_profile_adoption_lifecycle.md:1` | K-CONFLICT-1 (RATIFIED) | Line carries a '(PROPOSAL; HumanRuling = TBD)'-form annotation while the decision register title declares RULED; sources conflict — human review required. |
| REVIEW | TITLE_CONTRADICTS_RULING | staleness | `_DomainEngines/_DECISIONS/D-T0-06_profile_adoption_lifecycle.md:1` | K-CONFLICT-1 (RATIFIED) | Title line carries a PROPOSAL/TBD tag while a body line records a ruling attributed to 'Ryan Tufts' (allowlisted); sources conflict — human review required. |
| REVIEW | STALE_DRAFT_DIRECTIVE | staleness | `_DomainEngines/RULINGS_PUBLISHED.md:20` | K-CONFLICT-1 (RATIFIED) | Prose directs to 'Update the DRAFT profile' while the profile declares profile_status ADOPTED; sources conflict — human review required. |
| REVIEW | ABS_PATH_IN_GOVERNED_SURFACE | path-anchoring | `_DomainEngines/applications/OD7-G3_D-T0-25_D-T0-26_EFFECTIVE_CLOSEOUT_2026-07-28/PEC_PROFILE_VALIDATION.json:5` | SPEC-0.2.4 (N_A) | Machine-absolute path in an instruction/coordination/plan/status surface (SPEC §0.2.4 requires repo-relative anchoring there); human review required. |
| INFO | ABS_PATH_IN_EVIDENCE | path-anchoring | `_DomainEngines/profiles/_validation/open_pipe_stress.validation.json:5` | SPEC-0.2.4 (N_A) | Machine-absolute path in a run-record/evidence artifact (permitted by SPEC §0.2.4; noted for portability awareness). |
| WARN | UNRESOLVED_SOURCE_REF | provenance | `_DomainEngines/CHANGE_HANDOFF.md:13` | K-PROV-1 (RATIFIED) | Reference `init/init-prompt.md` does not resolve to an existing repo path (checked repo-root-relative and file-relative). |
| WARN | UNRESOLVED_SOURCE_REF | provenance | `_DomainEngines/DOMAIN_ENGINE_INDEX.md:3` | K-PROV-1 (RATIFIED) | Reference `agents/AGENT_DOMAIN_ENGINE.md` does not resolve to an existing repo path (checked repo-root-relative and file-relative). |
| WARN | UNRESOLVED_SOURCE_REF | provenance | `_DomainEngines/DOMAIN_ENGINE_INDEX.md:52` | K-PROV-1 (RATIFIED) | Reference `pec/PEC_2026-07-04_tier0-prep/BRIEF_human_decisions.md` does not resolve to an existing repo path (checked repo-root-relative and file-relative). |
| WARN | UNRESOLVED_SOURCE_REF | provenance | `_DomainEngines/RULINGS_PUBLISHED.md:43` | K-PROV-1 (RATIFIED) | Reference `agents/AGENT_DOMAIN_ENGINE.md` does not resolve to an existing repo path (checked repo-root-relative and file-relative). |
| WARN | UNRESOLVED_SOURCE_REF | provenance | `_DomainEngines/RULINGS_PUBLISHED.md:54` | K-PROV-1 (RATIFIED) | Reference `agents/AGENT_DOMAIN_ENGINE.md` does not resolve to an existing repo path (checked repo-root-relative and file-relative). |
| WARN | UNRESOLVED_SOURCE_REF | provenance | `_DomainEngines/_DECISIONS/D-T0-01_precedence.md:3` | K-PROV-1 (RATIFIED) | Reference `agents/AGENT_DOMAIN_ENGINE.md` does not resolve to an existing repo path (checked repo-root-relative and file-relative). |
| WARN | UNRESOLVED_SOURCE_REF | provenance | `_DomainEngines/_DECISIONS/D-T0-01_precedence.md:15` | K-PROV-1 (RATIFIED) | Reference `agents/AGENT_DOMAIN_ENGINE.md` does not resolve to an existing repo path (checked repo-root-relative and file-relative). |
| WARN | UNRESOLVED_SOURCE_REF | provenance | `_DomainEngines/_DECISIONS/D-T0-06_profile_adoption_lifecycle.md:7` | K-PROV-1 (RATIFIED) | Reference `profiles/open_pipe_stress.DRAFT.yaml` does not resolve to an existing repo path (checked repo-root-relative and file-relative). |
| WARN | UNRESOLVED_SOURCE_REF | provenance | `_DomainEngines/_DECISIONS/D-T0-07_contract_versioning.md:10` | K-PROV-1 (RATIFIED) | Reference `projects/chirality-app-dev/frontend/packages/harness-contract/src/sdk-version.ts` does not resolve to an existing repo path (checked repo-root-relative and file-relative). |
| WARN | UNRESOLVED_SOURCE_REF | provenance | `_DomainEngines/_DECISIONS/D-T0-07_contract_versioning.md:12` | K-PROV-1 (RATIFIED) | Reference `projects/chirality-app-dev/frontend/packages/harness-contract/src/tool-descriptor.ts` does not resolve to an existing repo path (checked repo-root-relative and file-relative). |
| WARN | UNRESOLVED_SOURCE_REF | provenance | `_DomainEngines/_DECISIONS/D-T0-09_flow_a_contract_version_value.md:24` | K-PROV-1 (RATIFIED) | Reference `projects/chirality-app-dev/frontend/packages/harness-contract/src/sdk-version.ts` does not resolve to an existing repo path (checked repo-root-relative and file-relative). |
| WARN | UNRESOLVED_SOURCE_REF | provenance | `_DomainEngines/_DECISIONS/D-T0-09_flow_a_contract_version_value.md:25` | K-PROV-1 (RATIFIED) | Reference `projects/chirality-app-dev/frontend/packages/harness-contract/src/sdk-version.ts` does not resolve to an existing repo path (checked repo-root-relative and file-relative). |
| WARN | UNRESOLVED_SOURCE_REF | provenance | `_DomainEngines/_DECISIONS/D-T0-09_flow_a_contract_version_value.md:25` | K-PROV-1 (RATIFIED) | Reference `projects/chirality-app-dev/frontend/packages/harness-contract/src/tool-descriptor.ts` does not resolve to an existing repo path (checked repo-root-relative and file-relative). |
| WARN | UNRESOLVED_SOURCE_REF | provenance | `_DomainEngines/_DECISIONS/D-T0-11_pec_registration_shape.md:19` | K-PROV-1 (RATIFIED) | Reference `_DomainEngines/pec/LOOP_INIT.md` does not resolve to an existing repo path (checked repo-root-relative and file-relative). |
| WARN | UNRESOLVED_SOURCE_REF | provenance | `_DomainEngines/_DECISIONS/D-T0-11_pec_registration_shape.md:19` | K-PROV-1 (RATIFIED) | Reference `init/init-prompt.md` does not resolve to an existing repo path (checked repo-root-relative and file-relative). |
| WARN | UNRESOLVED_SOURCE_REF | provenance | `_DomainEngines/_DECISIONS/D-T0-11_pec_registration_shape.md:29` | K-PROV-1 (RATIFIED) | Reference `_DomainEngines/pec/` does not resolve to an existing repo path (checked repo-root-relative and file-relative). |
| WARN | UNRESOLVED_SOURCE_REF | provenance | `_DomainEngines/_DECISIONS/D-T0-11_pec_registration_shape.md:29` | K-PROV-1 (RATIFIED) | Reference `_DomainEngines/pec/profile/pec.DRAFT.yaml` does not resolve to an existing repo path (checked repo-root-relative and file-relative). |
| WARN | UNRESOLVED_SOURCE_REF | provenance | `_DomainEngines/_DECISIONS/D-T0-12_pec_profile_lifecycle.md:20` | K-PROV-1 (RATIFIED) | Reference `_DomainEngines/pec/profile/pec.DRAFT.yaml` does not resolve to an existing repo path (checked repo-root-relative and file-relative). |
| WARN | UNRESOLVED_SOURCE_REF | provenance | `_DomainEngines/_DECISIONS/D-T0-12_pec_profile_lifecycle.md:20` | K-PROV-1 (RATIFIED) | Reference `_DomainEngines/pec/profile/pec.DRAFT.yaml` does not resolve to an existing repo path (checked repo-root-relative and file-relative). |
| WARN | UNRESOLVED_SOURCE_REF | provenance | `_DomainEngines/_DECISIONS/D-T0-12_pec_profile_lifecycle.md:21` | K-PROV-1 (RATIFIED) | Reference `projects/pec/docs/SPEC.md` does not resolve to an existing repo path (checked repo-root-relative and file-relative). |
| WARN | UNRESOLVED_SOURCE_REF | provenance | `_DomainEngines/_DECISIONS/D-T0-12_pec_profile_lifecycle.md:21` | K-PROV-1 (RATIFIED) | Reference `projects/pec/docs/SPEC.md` does not resolve to an existing repo path (checked repo-root-relative and file-relative). |
| WARN | UNRESOLVED_SOURCE_REF | provenance | `_DomainEngines/_DECISIONS/D-T0-13_pec_integration_staging.md:20` | K-PROV-1 (RATIFIED) | Reference `projects/pec/docs/SPEC.md` does not resolve to an existing repo path (checked repo-root-relative and file-relative). |
| WARN | UNRESOLVED_SOURCE_REF | provenance | `_DomainEngines/_DECISIONS/D-T0-13_pec_integration_staging.md:21` | K-PROV-1 (RATIFIED) | Reference `projects/pec/docs/SPEC.md` does not resolve to an existing repo path (checked repo-root-relative and file-relative). |
| WARN | UNRESOLVED_SOURCE_REF | provenance | `_DomainEngines/_DECISIONS/D-T0-13_pec_integration_staging.md:21` | K-PROV-1 (RATIFIED) | Reference `projects/pec/docs/SPEC.md` does not resolve to an existing repo path (checked repo-root-relative and file-relative). |
| WARN | UNRESOLVED_SOURCE_REF | provenance | `_DomainEngines/_DECISIONS/D-T0-13_pec_integration_staging.md:37` | K-PROV-1 (RATIFIED) | Reference `_DomainEngines/pec/` does not resolve to an existing repo path (checked repo-root-relative and file-relative). |
| WARN | UNRESOLVED_SOURCE_REF | provenance | `_DomainEngines/_DECISIONS/D-T0-14_pec_data_residency.md:18` | K-PROV-1 (RATIFIED) | Reference `projects/pec/docs/SPEC.md` does not resolve to an existing repo path (checked repo-root-relative and file-relative). |
| WARN | UNRESOLVED_SOURCE_REF | provenance | `_DomainEngines/_DECISIONS/D-T0-14_pec_data_residency.md:18` | K-PROV-1 (RATIFIED) | Reference `projects/pec/docs/SPEC.md` does not resolve to an existing repo path (checked repo-root-relative and file-relative). |
| WARN | UNRESOLVED_SOURCE_REF | provenance | `_DomainEngines/_DECISIONS/D-T0-14_pec_data_residency.md:19` | K-PROV-1 (RATIFIED) | Reference `projects/pec/docs/SPEC.md` does not resolve to an existing repo path (checked repo-root-relative and file-relative). |
| WARN | UNRESOLVED_SOURCE_REF | provenance | `_DomainEngines/_DECISIONS/D-T0-14_pec_data_residency.md:19` | K-PROV-1 (RATIFIED) | Reference `projects/pec/docs/SPEC.md` does not resolve to an existing repo path (checked repo-root-relative and file-relative). |
| WARN | UNRESOLVED_SOURCE_REF | provenance | `_DomainEngines/_DECISIONS/D-T0-15_pec_loop_goal_fences.md:17` | K-PROV-1 (RATIFIED) | Reference `_DomainEngines/pec/WORKPLAN_2026-07-04_pec_loop.md` does not resolve to an existing repo path (checked repo-root-relative and file-relative). |
| WARN | UNRESOLVED_SOURCE_REF | provenance | `_DomainEngines/_DECISIONS/D-T0-15_pec_loop_goal_fences.md:18` | K-PROV-1 (RATIFIED) | Reference `init/init-prompt.md` does not resolve to an existing repo path (checked repo-root-relative and file-relative). |
| WARN | UNRESOLVED_SOURCE_REF | provenance | `_DomainEngines/_DECISIONS/D-T0-15_pec_loop_goal_fences.md:18` | K-PROV-1 (RATIFIED) | Reference `init/init-prompt.md` does not resolve to an existing repo path (checked repo-root-relative and file-relative). |
| WARN | UNRESOLVED_SOURCE_REF | provenance | `_DomainEngines/_DECISIONS/D-T0-15_pec_loop_goal_fences.md:20` | K-PROV-1 (RATIFIED) | Reference `projects/pec/docs/SPEC.md` does not resolve to an existing repo path (checked repo-root-relative and file-relative). |
| WARN | UNRESOLVED_SOURCE_REF | provenance | `_DomainEngines/_DECISIONS/D-T0-15_pec_loop_goal_fences.md:20` | K-PROV-1 (RATIFIED) | Reference `projects/pec/docs/SPEC.md` does not resolve to an existing repo path (checked repo-root-relative and file-relative). |
| WARN | UNRESOLVED_SOURCE_REF | provenance | `_DomainEngines/_DECISIONS/D-T0-17_pec_l1_acceptance.md:17` | K-PROV-1 (RATIFIED) | Reference `_DomainEngines/pec/PEC_2026-07-04_L1-evidence-01/` does not resolve to an existing repo path (checked repo-root-relative and file-relative). |
| WARN | UNRESOLVED_SOURCE_REF | provenance | `_DomainEngines/_DECISIONS/D-T0-17_pec_l1_acceptance.md:21` | K-PROV-1 (RATIFIED) | Reference `_DomainEngines/pec/PEC_2026-07-04_L1-evidence-02/` does not resolve to an existing repo path (checked repo-root-relative and file-relative). |
| WARN | UNRESOLVED_SOURCE_REF | provenance | `_DomainEngines/_DECISIONS/D-T0-17_pec_l1_acceptance.md:47` | K-PROV-1 (RATIFIED) | Reference `_DomainEngines/pec/LOOP_RECEIPTS.md` does not resolve to an existing repo path (checked repo-root-relative and file-relative). |
| WARN | UNRESOLVED_SOURCE_REF | provenance | `_DomainEngines/_DECISIONS/D-T0-19_pec_appdev_bridge_lane.md:31` | K-PROV-1 (RATIFIED) | Reference `projects/chirality-app-dev/frontend/packages/harness-contract/src/tool-descriptor.ts` does not resolve to an existing repo path (checked repo-root-relative and file-relative). |
| WARN | UNRESOLVED_SOURCE_REF | provenance | `_DomainEngines/_DECISIONS/D-T0-19_pec_appdev_bridge_lane.md:41` | K-PROV-1 (RATIFIED) | Reference `_DomainEngines/pec/PEC_2026-07-05_DPEC10-rehearsal-01/` does not resolve to an existing repo path (checked repo-root-relative and file-relative). |
| WARN | UNRESOLVED_SOURCE_REF | provenance | `_DomainEngines/_DECISIONS/D-T0-19_pec_appdev_bridge_lane.md:196` | K-PROV-1 (RATIFIED) | Reference `_DomainEngines/pec/LOOP_RECEIPTS.md` does not resolve to an existing repo path (checked repo-root-relative and file-relative). |
| WARN | UNRESOLVED_SOURCE_REF | provenance | `_DomainEngines/_DECISIONS/D-T0-19_pec_appdev_bridge_lane.md:209` | K-PROV-1 (RATIFIED) | Reference `_DomainEngines/pec/LOOP_RECEIPTS.md` does not resolve to an existing repo path (checked repo-root-relative and file-relative). |
| WARN | UNRESOLVED_SOURCE_REF | provenance | `_DomainEngines/_DECISIONS/D-T0-21_pec_agent_broad_access_basis.md:6` | K-PROV-1 (RATIFIED) | Reference `_DomainEngines/pec/PEC_2026-07-06_DPEC20-evidence-01/` does not resolve to an existing repo path (checked repo-root-relative and file-relative). |
| WARN | UNRESOLVED_SOURCE_REF | provenance | `_DomainEngines/_DECISIONS/D-T0-21_pec_agent_broad_access_basis.md:7` | K-PROV-1 (RATIFIED) | Reference `_DomainEngines/pec/LOOP_RECEIPTS.md` does not resolve to an existing repo path (checked repo-root-relative and file-relative). |
| WARN | UNRESOLVED_SOURCE_REF | provenance | `docs/governance_harness/D-GOV-21_IMPLEMENTATION_HANDOFF.md:50` | K-PROV-1 (RATIFIED) | Reference `domains/chirality/_Coordination/NOTICE_D-GOV-21_ROOT_DOCTRINE_AMENDMENT.md` does not resolve to an existing repo path (checked repo-root-relative and file-relative). |
| WARN | UNRESOLVED_SOURCE_REF | provenance | `docs/governance_harness/D-GOV-21_IMPLEMENTATION_HANDOFF.md:85` | K-PROV-1 (RATIFIED) | Reference `projects/chirality-root/` does not resolve to an existing repo path (checked repo-root-relative and file-relative). |
| WARN | UNRESOLVED_SOURCE_REF | provenance | `docs/governance_harness/FOUR_DOCUMENT_CONSUMER_INVENTORY.md:46` | K-PROV-1 (RATIFIED) | Reference `agents/AGENT_ORCHESTRATOR.md` does not resolve to an existing repo path (checked repo-root-relative and file-relative). |
| WARN | UNRESOLVED_SOURCE_REF | provenance | `docs/governance_harness/FOUR_DOCUMENT_CONSUMER_INVENTORY.md:47` | K-PROV-1 (RATIFIED) | Reference `agents/AGENT_REVIEW.md` does not resolve to an existing repo path (checked repo-root-relative and file-relative). |
| WARN | UNRESOLVED_SOURCE_REF | provenance | `docs/governance_harness/FOUR_DOCUMENT_CONSUMER_INVENTORY.md:48` | K-PROV-1 (RATIFIED) | Reference `agents/AGENT_AUDIT_EPISTEMIC.md` does not resolve to an existing repo path (checked repo-root-relative and file-relative). |
| WARN | UNRESOLVED_SOURCE_REF | provenance | `docs/governance_harness/FOUR_DOCUMENT_CONSUMER_INVENTORY.md:49` | K-PROV-1 (RATIFIED) | Reference `agents/AGENT_AUDIT_DECOMP.md` does not resolve to an existing repo path (checked repo-root-relative and file-relative). |
| WARN | UNRESOLVED_SOURCE_REF | provenance | `docs/governance_harness/FOUR_DOCUMENT_CONSUMER_INVENTORY.md:50` | K-PROV-1 (RATIFIED) | Reference `agents/AGENT_EVALUATION_STRUCTURE_AUDIT.md` does not resolve to an existing repo path (checked repo-root-relative and file-relative). |
| WARN | UNRESOLVED_SOURCE_REF | provenance | `docs/governance_harness/FOUR_DOCUMENT_CONSUMER_INVENTORY.md:51` | K-PROV-1 (RATIFIED) | Reference `agents/AGENT_PREPARATION.md` does not resolve to an existing repo path (checked repo-root-relative and file-relative). |
| WARN | UNRESOLVED_SOURCE_REF | provenance | `docs/governance_harness/FOUR_DOCUMENT_CONSUMER_INVENTORY.md:52` | K-PROV-1 (RATIFIED) | Reference `agents/AGENT_PROJECT_DECOMP.md` does not resolve to an existing repo path (checked repo-root-relative and file-relative). |
| WARN | UNRESOLVED_SOURCE_REF | provenance | `docs/governance_harness/FOUR_DOCUMENT_CONSUMER_INVENTORY.md:63` | K-PROV-1 (RATIFIED) | Reference `skills/semantic-lensing/SKILL.md` does not resolve to an existing repo path (checked repo-root-relative and file-relative). |
| WARN | UNRESOLVED_SOURCE_REF | provenance | `docs/governance_harness/FOUR_DOCUMENT_CONSUMER_INVENTORY.md:64` | K-PROV-1 (RATIFIED) | Reference `skills/content-digest/SKILL.md` does not resolve to an existing repo path (checked repo-root-relative and file-relative). |
| WARN | UNRESOLVED_SOURCE_REF | provenance | `docs/governance_harness/FOUR_DOCUMENT_CONSUMER_INVENTORY.md:64` | K-PROV-1 (RATIFIED) | Reference `skills/deliverable-consistency/BRIEF_SCHEMA.md` does not resolve to an existing repo path (checked repo-root-relative and file-relative). |
| WARN | UNRESOLVED_SOURCE_REF | provenance | `docs/governance_harness/FOUR_DOCUMENT_CONSUMER_INVENTORY.md:111` | K-PROV-1 (RATIFIED) | Reference `skills/domain-documents/` does not resolve to an existing repo path (checked repo-root-relative and file-relative). |
| WARN | UNRESOLVED_SOURCE_REF | provenance | `docs/governance_harness/FOUR_DOCUMENT_CONSUMER_INVENTORY.md:112` | K-PROV-1 (RATIFIED) | Reference `skills/scope-change-packet/` does not resolve to an existing repo path (checked repo-root-relative and file-relative). |
| WARN | UNRESOLVED_SOURCE_REF | provenance | `docs/governance_harness/FOUR_DOCUMENT_CONSUMER_INVENTORY.md:114` | K-PROV-1 (RATIFIED) | Reference `skills/scc-resolution-case/` does not resolve to an existing repo path (checked repo-root-relative and file-relative). |
| WARN | UNRESOLVED_SOURCE_REF | provenance | `docs/governance_harness/_DECISIONS/AMENDMENT_2026-09-22_DEVELOPMENT_LOOP_MEMORY_GRAPH.md:16` | K-PROV-1 (RATIFIED) | Reference `plans/proposals/development-loop-memory/` does not resolve to an existing repo path (checked repo-root-relative and file-relative). |
| WARN | UNRESOLVED_SOURCE_REF | provenance | `docs/governance_harness/_DECISIONS/D-GOV-03_pilot_scope.md:25` | K-PROV-1 (RATIFIED) | Reference `projects/chirality-governance/` does not resolve to an existing repo path (checked repo-root-relative and file-relative). |
| WARN | UNRESOLVED_SOURCE_REF | provenance | `docs/governance_harness/_DECISIONS/D-GOV-07_domain_gate_sha_binding.md:26` | K-PROV-1 (RATIFIED) | Reference `gate_snapshots/_LATEST_GATE6.md` does not resolve to an existing repo path (checked repo-root-relative and file-relative). |
| WARN | UNRESOLVED_SOURCE_REF | provenance | `docs/governance_harness/_DECISIONS/D-GOV-11_agent_disposition_matrix.md:26` | K-PROV-1 (RATIFIED) | Reference `agents/AGENT_PROJECT_SETUP.md` does not resolve to an existing repo path (checked repo-root-relative and file-relative). |
| WARN | UNRESOLVED_SOURCE_REF | provenance | `docs/governance_harness/_DECISIONS/D-GOV-11_agent_disposition_matrix.md:29` | K-PROV-1 (RATIFIED) | Reference `agents/AGENT_CHANGE.md` does not resolve to an existing repo path (checked repo-root-relative and file-relative). |
| WARN | UNRESOLVED_SOURCE_REF | provenance | `docs/governance_harness/_DECISIONS/D-GOV-11_agent_disposition_matrix.md:56` | K-PROV-1 (RATIFIED) | Reference `agents/AGENT_PROJECT_SETUP.md` does not resolve to an existing repo path (checked repo-root-relative and file-relative). |
| WARN | UNRESOLVED_SOURCE_REF | provenance | `docs/governance_harness/_DECISIONS/D-GOV-11_agent_disposition_matrix.md:59` | K-PROV-1 (RATIFIED) | Reference `agents/AGENT_EVALUATION.md` does not resolve to an existing repo path (checked repo-root-relative and file-relative). |
| WARN | UNRESOLVED_SOURCE_REF | provenance | `docs/governance_harness/_DECISIONS/D-GOV-11_agent_disposition_matrix.md:60` | K-PROV-1 (RATIFIED) | Reference `skills/evaluation-protocol` does not resolve to an existing repo path (checked repo-root-relative and file-relative). |
| WARN | UNRESOLVED_SOURCE_REF | provenance | `docs/governance_harness/_DECISIONS/D-GOV-11_agent_disposition_matrix.md:62` | K-PROV-1 (RATIFIED) | Reference `agents/AGENT_CHANGE.md` does not resolve to an existing repo path (checked repo-root-relative and file-relative). |
| WARN | UNRESOLVED_SOURCE_REF | provenance | `docs/governance_harness/_DECISIONS/D-GOV-18_agent_index_redisposition.md:28` | K-PROV-1 (RATIFIED) | Reference `agents/AGENT_ORCHESTRATOR.md` does not resolve to an existing repo path (checked repo-root-relative and file-relative). |
| WARN | UNRESOLVED_SOURCE_REF | provenance | `docs/governance_harness/_DECISIONS/D-GOV-18_agent_index_redisposition.md:29` | K-PROV-1 (RATIFIED) | Reference `agents/AGENT_PROJECT_SETUP.md` does not resolve to an existing repo path (checked repo-root-relative and file-relative). |
| WARN | UNRESOLVED_SOURCE_REF | provenance | `docs/governance_harness/_DECISIONS/D-GOV-18_agent_index_redisposition.md:55` | K-PROV-1 (RATIFIED) | Reference `agents/AGENT_CHANGE.md` does not resolve to an existing repo path (checked repo-root-relative and file-relative). |
| WARN | UNRESOLVED_SOURCE_REF | provenance | `docs/governance_harness/_DECISIONS/D-GOV-18_agent_index_redisposition.md:69` | K-PROV-1 (RATIFIED) | Reference `agents/AGENT_REVIEW.md` does not resolve to an existing repo path (checked repo-root-relative and file-relative). |
| WARN | UNRESOLVED_SOURCE_REF | provenance | `docs/governance_harness/_DECISIONS/D-GOV-19_chirality_framework_knower_accountability.md:181` | K-PROV-1 (RATIFIED) | Reference `domains/chirality` does not resolve to an existing repo path (checked repo-root-relative and file-relative). |
| WARN | UNRESOLVED_SOURCE_REF | provenance | `docs/governance_harness/_DECISIONS/D-GOV-19_chirality_framework_knower_accountability.md:182` | K-PROV-1 (RATIFIED) | Reference `domains/chirality/_Decomposition/gate_snapshots/GATE6_PUBLISH_20260615T044434Z` does not resolve to an existing repo path (checked repo-root-relative and file-relative). |
| WARN | UNRESOLVED_SOURCE_REF | provenance | `docs/governance_harness/_DECISIONS/D-GOV-23_directive_genus_supersession.md:63` | K-PROV-1 (RATIFIED) | Reference `domains/chirality` does not resolve to an existing repo path (checked repo-root-relative and file-relative). |
| WARN | UNRESOLVED_SOURCE_REF | provenance | `docs/governance_harness/_DECISIONS/D-GOV-24_operating_system_prose_propagation.md:58` | K-PROV-1 (RATIFIED) | Reference `domains/chirality` does not resolve to an existing repo path (checked repo-root-relative and file-relative). |
| WARN | UNRESOLVED_SOURCE_REF | provenance | `docs/governance_harness/_DECISIONS/D-GOV-31_merge_gate_policy_succession.md:68` | K-PROV-1 (RATIFIED) | Reference `DEL-04-06/_CONTEXT.md` does not resolve to an existing repo path (checked repo-root-relative and file-relative). |
| WARN | UNRESOLVED_SOURCE_REF | provenance | `docs/governance_harness/_DECISIONS/D-GOV-31_merge_gate_policy_succession.md:71` | K-PROV-1 (RATIFIED) | Reference `DEL-04-06/_CONTEXT.md` does not resolve to an existing repo path (checked repo-root-relative and file-relative). |
| WARN | UNRESOLVED_SOURCE_REF | provenance | `docs/governance_harness/_DECISIONS/D-GOV-31_merge_gate_policy_succession.md:149` | K-PROV-1 (RATIFIED) | Reference `agents/AGENT_CHANGE.md` does not resolve to an existing repo path (checked repo-root-relative and file-relative). |
| WARN | UNRESOLVED_SOURCE_REF | provenance | `docs/governance_harness/_DECISIONS/D-GOV-31_merge_gate_policy_succession.md:152` | K-PROV-1 (RATIFIED) | Reference `DEL-04-06/_CONTEXT.md` does not resolve to an existing repo path (checked repo-root-relative and file-relative). |
| WARN | UNRESOLVED_SOURCE_REF | provenance | `docs/governance_harness/_DECISIONS/D-GOV-33_task_management_invocation_local_federation_survey.md:48` | K-PROV-1 (RATIFIED) | Reference `agents/AGENT_TASK_MANAGEMENT.md` does not resolve to an existing repo path (checked repo-root-relative and file-relative). |
| WARN | UNRESOLVED_SOURCE_REF | provenance | `docs/governance_harness/_DECISIONS/D-GOV-34_change_clean_basis_lane_routine.md:51` | K-PROV-1 (RATIFIED) | Reference `agents/AGENT_CHANGE.md` does not resolve to an existing repo path (checked repo-root-relative and file-relative). |
| WARN | UNRESOLVED_SOURCE_REF | provenance | `docs/governance_harness/_DECISIONS/D-GOV-44_concordance_claim_granularity.md:75` | K-PROV-1 (RATIFIED) | Reference `resources/contract.md` does not resolve to an existing repo path (checked repo-root-relative and file-relative). |
| WARN | UNRESOLVED_SOURCE_REF | provenance | `docs/governance_harness/_DECISIONS/_REGISTER.md:36` | K-PROV-1 (RATIFIED) | Reference `domains/chirality` does not resolve to an existing repo path (checked repo-root-relative and file-relative). |
| WARN | UNRESOLVED_SOURCE_REF | provenance | `docs/governance_harness/_DECISIONS/_REGISTER.md:37` | K-PROV-1 (RATIFIED) | Reference `domains/chirality` does not resolve to an existing repo path (checked repo-root-relative and file-relative). |
| WARN | UNRESOLVED_SOURCE_REF | provenance | `docs/governance_harness/_DECISIONS/_REGISTER.md:43` | K-PROV-1 (RATIFIED) | Reference `CANDIDATE_B_SHARED_CHANGE/PRD_ROOT_REV7_CANDIDATE.md` does not resolve to an existing repo path (checked repo-root-relative and file-relative). |
| WARN | UNRESOLVED_SOURCE_REF | provenance | `docs/governance_harness/_PROPOSALS/D-GOV-21_root-working-root-exception/PACKET.md:127` | K-PROV-1 (RATIFIED) | Reference `domains/chirality` does not resolve to an existing repo path (checked repo-root-relative and file-relative). |
| WARN | UNRESOLVED_SOURCE_REF | provenance | `docs/governance_harness/_PROPOSALS/D-GOV-21_root-working-root-exception/PACKET.md:356` | K-PROV-1 (RATIFIED) | Reference `projects/chirality-root/` does not resolve to an existing repo path (checked repo-root-relative and file-relative). |
| WARN | UNRESOLVED_SOURCE_REF | provenance | `docs/governance_harness/_PROPOSALS/D-GOV-21_root-working-root-exception/PACKET.md:430` | K-PROV-1 (RATIFIED) | Reference `domains/chirality` does not resolve to an existing repo path (checked repo-root-relative and file-relative). |
| WARN | UNRESOLVED_SOURCE_REF | provenance | `docs/governance_harness/_PROPOSALS/D-GOV-22_root_prd_adoption/PACKET.md:105` | K-PROV-1 (RATIFIED) | Reference `tools/export/export_public.py` does not resolve to an existing repo path (checked repo-root-relative and file-relative). |
| WARN | UNRESOLVED_SOURCE_REF | provenance | `docs/governance_harness/_PROPOSALS/D-GOV-28_root_runtime_stewardship/PRD_ROOT_REV6_CANDIDATE.md:380` | K-PROV-1 (RATIFIED) | Reference `skills/README.md` does not resolve to an existing repo path (checked repo-root-relative and file-relative). |
| WARN | UNRESOLVED_SOURCE_REF | provenance | `docs/governance_harness/_PROPOSALS/D-GOV-28_root_runtime_stewardship/PRD_ROOT_REV6_CANDIDATE.md:410` | K-PROV-1 (RATIFIED) | Reference `skills/README.md` does not resolve to an existing repo path (checked repo-root-relative and file-relative). |
| WARN | UNRESOLVED_SOURCE_REF | provenance | `docs/governance_harness/_PROPOSALS/D-GOV-28_root_runtime_stewardship/PRD_ROOT_REV6_CANDIDATE.md:413` | K-PROV-1 (RATIFIED) | Reference `agents/AGENT_PROJECT_SETUP.md` does not resolve to an existing repo path (checked repo-root-relative and file-relative). |
| WARN | UNRESOLVED_SOURCE_REF | provenance | `docs/governance_harness/_PROPOSALS/D-GOV-31_2026-07-29_merge_gate_policy_succession/CANDIDATE_A_ROOT_ONLY/PRD_ROOT_REV7_CANDIDATE.md:388` | K-PROV-1 (RATIFIED) | Reference `skills/README.md` does not resolve to an existing repo path (checked repo-root-relative and file-relative). |
| WARN | UNRESOLVED_SOURCE_REF | provenance | `docs/governance_harness/_PROPOSALS/D-GOV-31_2026-07-29_merge_gate_policy_succession/CANDIDATE_A_ROOT_ONLY/PRD_ROOT_REV7_CANDIDATE.md:418` | K-PROV-1 (RATIFIED) | Reference `skills/README.md` does not resolve to an existing repo path (checked repo-root-relative and file-relative). |
| WARN | UNRESOLVED_SOURCE_REF | provenance | `docs/governance_harness/_PROPOSALS/D-GOV-31_2026-07-29_merge_gate_policy_succession/CANDIDATE_A_ROOT_ONLY/PRD_ROOT_REV7_CANDIDATE.md:421` | K-PROV-1 (RATIFIED) | Reference `agents/AGENT_PROJECT_SETUP.md` does not resolve to an existing repo path (checked repo-root-relative and file-relative). |
| WARN | UNRESOLVED_SOURCE_REF | provenance | `docs/governance_harness/_PROPOSALS/D-GOV-31_2026-07-29_merge_gate_policy_succession/CANDIDATE_B_SHARED_CHANGE/POLICY_DELTA.md:105` | K-PROV-1 (RATIFIED) | Reference `agents/AGENT_CHANGE.md` does not resolve to an existing repo path (checked repo-root-relative and file-relative). |
| WARN | UNRESOLVED_SOURCE_REF | provenance | `docs/governance_harness/_PROPOSALS/D-GOV-31_2026-07-29_merge_gate_policy_succession/CANDIDATE_B_SHARED_CHANGE/POLICY_DELTA.md:118` | K-PROV-1 (RATIFIED) | Reference `agents/AGENT_CHANGE.md` does not resolve to an existing repo path (checked repo-root-relative and file-relative). |
| WARN | UNRESOLVED_SOURCE_REF | provenance | `docs/governance_harness/_PROPOSALS/D-GOV-31_2026-07-29_merge_gate_policy_succession/CANDIDATE_B_SHARED_CHANGE/PRD_ROOT_REV7_CANDIDATE.md:388` | K-PROV-1 (RATIFIED) | Reference `skills/README.md` does not resolve to an existing repo path (checked repo-root-relative and file-relative). |
| WARN | UNRESOLVED_SOURCE_REF | provenance | `docs/governance_harness/_PROPOSALS/D-GOV-31_2026-07-29_merge_gate_policy_succession/CANDIDATE_B_SHARED_CHANGE/PRD_ROOT_REV7_CANDIDATE.md:418` | K-PROV-1 (RATIFIED) | Reference `skills/README.md` does not resolve to an existing repo path (checked repo-root-relative and file-relative). |
| WARN | UNRESOLVED_SOURCE_REF | provenance | `docs/governance_harness/_PROPOSALS/D-GOV-31_2026-07-29_merge_gate_policy_succession/CANDIDATE_B_SHARED_CHANGE/PRD_ROOT_REV7_CANDIDATE.md:421` | K-PROV-1 (RATIFIED) | Reference `agents/AGENT_PROJECT_SETUP.md` does not resolve to an existing repo path (checked repo-root-relative and file-relative). |
| WARN | UNRESOLVED_SOURCE_REF | provenance | `docs/governance_harness/_PROPOSALS/D-GOV-31_2026-07-29_merge_gate_policy_succession/PACKET.md:207` | K-PROV-1 (RATIFIED) | Reference `agents/AGENT_CHANGE.md` does not resolve to an existing repo path (checked repo-root-relative and file-relative). |
| WARN | UNRESOLVED_SOURCE_REF | provenance | `docs/governance_harness/_PROPOSALS/D-GOV-35_2026-08-22_delegated_harness_native_class/D-GOV-35.proposed.md:165` | K-PROV-1 (RATIFIED) | Reference `_DECISIONS/D-GOV-35_delegated_harness_native_class.md` does not resolve to an existing repo path (checked repo-root-relative and file-relative). |
| WARN | UNRESOLVED_SOURCE_REF | provenance | `docs/governance_harness/_PROPOSALS/D-GOV-35_2026-08-22_delegated_harness_native_class/IMPACT.md:142` | K-PROV-1 (RATIFIED) | Reference `OWNER_RULING_2026-08-09_TM_PIP_038_040/RUN_BASIS.md` does not resolve to an existing repo path (checked repo-root-relative and file-relative). |
| WARN | UNRESOLVED_SOURCE_REF | provenance | `docs/governance_harness/_PROPOSALS/D-GOV-35_2026-08-22_delegated_harness_native_class/README.md:63` | K-PROV-1 (RATIFIED) | Reference `_DECISIONS/D-GOV-35_delegated_harness_native_class.md` does not resolve to an existing repo path (checked repo-root-relative and file-relative). |
| WARN | UNRESOLVED_SOURCE_REF | provenance | `docs/governance_harness/_PROPOSALS/D-GOV-43_2026-09-11_codex_host_replatform/D-GOV-43.proposed.md:117` | K-PROV-1 (RATIFIED) | Reference `skills/list` does not resolve to an existing repo path (checked repo-root-relative and file-relative). |
| WARN | UNRESOLVED_SOURCE_REF | provenance | `docs/governance_harness/_PROPOSALS/D-GOV-43_2026-09-11_codex_host_replatform/D-GOV-43.proposed.md:243` | K-PROV-1 (RATIFIED) | Reference `skills/list` does not resolve to an existing repo path (checked repo-root-relative and file-relative). |
| WARN | UNRESOLVED_SOURCE_REF | provenance | `docs/governance_harness/_PROPOSALS/D-GOV-43_2026-09-11_codex_host_replatform/IMPACT.md:22` | K-PROV-1 (RATIFIED) | Reference `projects/chirality-runtime/packages/daemon/src/codex-session.ts` does not resolve to an existing repo path (checked repo-root-relative and file-relative). |
| WARN | UNRESOLVED_SOURCE_REF | provenance | `docs/governance_harness/_PROPOSALS/D-GOV-43_2026-09-11_codex_host_replatform/IMPACT.md:28` | K-PROV-1 (RATIFIED) | Reference `packages/client/src/client.ts` does not resolve to an existing repo path (checked repo-root-relative and file-relative). |
| WARN | UNRESOLVED_SOURCE_REF | provenance | `docs/governance_harness/_PROPOSALS/D-GOV-43_2026-09-11_codex_host_replatform/IMPACT.md:40` | K-PROV-1 (RATIFIED) | Reference `apps/server/src/provider/Drivers/CodexHomeLayout.ts` does not resolve to an existing repo path (checked repo-root-relative and file-relative). |
| WARN | UNRESOLVED_SOURCE_REF | provenance | `docs/governance_harness/_PROPOSALS/D-GOV-43_2026-09-11_codex_host_replatform/IMPACT.md:41` | K-PROV-1 (RATIFIED) | Reference `docs/user/permission-modes.md` does not resolve to an existing repo path (checked repo-root-relative and file-relative). |
| WARN | UNRESOLVED_SOURCE_REF | provenance | `docs/governance_harness/_PROPOSALS/D-GOV-43_2026-09-11_codex_host_replatform/IMPACT.md:87` | K-PROV-1 (RATIFIED) | Reference `docs/CODEX_MVP_INTEGRATION.md` does not resolve to an existing repo path (checked repo-root-relative and file-relative). |
| WARN | UNRESOLVED_SOURCE_REF | provenance | `docs/governance_harness/_PROPOSALS/D-GOV-43_2026-09-11_codex_host_replatform/IMPACT.md:88` | K-PROV-1 (RATIFIED) | Reference `docs/PRD_AUTHORITY.md` does not resolve to an existing repo path (checked repo-root-relative and file-relative). |
| WARN | UNRESOLVED_SOURCE_REF | provenance | `docs/governance_harness/_PROPOSALS/D-GOV-43_2026-09-11_codex_host_replatform/IMPACT.md:89` | K-PROV-1 (RATIFIED) | Reference `execution/PKG-02_Runtime_Product/1_Working/DEL-02-07` does not resolve to an existing repo path (checked repo-root-relative and file-relative). |
| WARN | UNRESOLVED_SOURCE_REF | provenance | `docs/governance_harness/_PROPOSALS/D-GOV-43_2026-09-11_codex_host_replatform/IMPACT.md:107` | K-PROV-1 (RATIFIED) | Reference `…/CONSOLIDATED_REVIEW.md` does not resolve to an existing repo path (checked repo-root-relative and file-relative). |
| WARN | UNRESOLVED_SOURCE_REF | provenance | `docs/governance_harness/_PROPOSALS/D-GOV-43_2026-09-11_codex_host_replatform/IMPACT.md:108` | K-PROV-1 (RATIFIED) | Reference `…/R15\|R16\|R17_NATIVE_CHECKLIST.md` does not resolve to an existing repo path (checked repo-root-relative and file-relative). |
| WARN | UNRESOLVED_SOURCE_REF | provenance | `docs/governance_harness/_PROPOSALS/D-GOV-43_2026-09-11_codex_host_replatform/IMPACT.md:109` | K-PROV-1 (RATIFIED) | Reference `…/R14..R17_FUNCTIONAL_FINDINGS.md` does not resolve to an existing repo path (checked repo-root-relative and file-relative). |
| WARN | UNRESOLVED_SOURCE_REF | provenance | `docs/governance_harness/_PROPOSALS/D-GOV-43_2026-09-11_codex_host_replatform/IMPACT.md:121` | K-PROV-1 (RATIFIED) | Reference `PKG-09/DEL-09-03/_STATUS.md` does not resolve to an existing repo path (checked repo-root-relative and file-relative). |
| WARN | UNRESOLVED_SOURCE_REF | provenance | `docs/governance_harness/_PROPOSALS/D-GOV-43_2026-09-11_codex_host_replatform/IMPACT.md:130` | K-PROV-1 (RATIFIED) | Reference `_DECISIONS/D-APP-125` does not resolve to an existing repo path (checked repo-root-relative and file-relative). |
| WARN | UNRESOLVED_SOURCE_REF | provenance | `docs/governance_harness/_PROPOSALS/D-GOV-43_2026-09-11_codex_host_replatform/IMPACT.md:164` | K-PROV-1 (RATIFIED) | Reference `tools/codex-supplier` does not resolve to an existing repo path (checked repo-root-relative and file-relative). |
| WARN | UNRESOLVED_SOURCE_REF | provenance | `docs/governance_harness/_PROPOSALS/D-GOV-43_2026-09-11_codex_host_replatform/README.md:36` | K-PROV-1 (RATIFIED) | Reference `_DECISIONS/D-GOV-43_codex_host_replatform.md` does not resolve to an existing repo path (checked repo-root-relative and file-relative). |
| WARN | UNRESOLVED_SOURCE_REF | provenance | `docs/governance_harness/briefs/TRB-chirality-app-dev-DEL-03-01-2026-07-03.md:16` | K-PROV-1 (RATIFIED) | Reference `frontend/packages/harness-contract/src/agent-engine-port.ts` does not resolve to an existing repo path (checked repo-root-relative and file-relative). |
| WARN | UNRESOLVED_SOURCE_REF | provenance | `docs/governance_harness/briefs/TRB-chirality-app-dev-DEL-03-01-2026-07-03.md:26` | K-PROV-1 (RATIFIED) | Reference `frontend/packages/harness-contract/package.json` does not resolve to an existing repo path (checked repo-root-relative and file-relative). |
| WARN | UNRESOLVED_SOURCE_REF | provenance | `docs/governance_harness/briefs/TRB-chirality-app-dev-DEL-03-01-2026-07-03.md:29` | K-PROV-1 (RATIFIED) | Reference `projects/chirality-app-dev/frontend/packages/harness-contract/src/sdk-version.ts` does not resolve to an existing repo path (checked repo-root-relative and file-relative). |
| WARN | UNRESOLVED_SOURCE_REF | provenance | `docs/governance_harness/briefs/TRB-chirality-app-dev-DEL-03-01-2026-07-03.md:31` | K-PROV-1 (RATIFIED) | Reference `projects/chirality-app-dev/frontend/packages/harness-contract/src/tool-descriptor.ts` does not resolve to an existing repo path (checked repo-root-relative and file-relative). |
| INFO | UNRESOLVED_SOURCE_REF | provenance | `docs/governance_harness/briefs/TRB-chirality-app-dev-DEL-03-01-2026-07-03.md:103` | K-PROV-1 (RATIFIED) | Reference `_harness_generated/briefs/TRB-chirality-app-dev-DEL-03-01-2026-07-03.md` is under the declared generated root `_harness_generated/`; generated artifacts are rebuildable and may be absent in fresh checkouts/worktrees. |
| INFO | UNRESOLVED_SOURCE_REF | provenance | `docs/governance_harness/briefs/TRB-chirality-app-dev-DEL-03-01-2026-07-03.md:104` | K-PROV-1 (RATIFIED) | Reference `_harness_generated/briefs/TRB-chirality-app-dev-DEL-03-01-2026-07-03.json` is under the declared generated root `_harness_generated/`; generated artifacts are rebuildable and may be absent in fresh checkouts/worktrees. |
| INFO | UNRESOLVED_SOURCE_REF | provenance | `docs/governance_harness/briefs/TRB-chirality-app-dev-DEL-10-01-2026-07-02.md:88` | K-PROV-1 (RATIFIED) | Reference `_harness_generated/briefs/TRB-chirality-app-dev-DEL-10-01-2026-07-02.md` is under the declared generated root `_harness_generated/`; generated artifacts are rebuildable and may be absent in fresh checkouts/worktrees. |
| INFO | UNRESOLVED_SOURCE_REF | provenance | `docs/governance_harness/briefs/TRB-chirality-app-dev-DEL-10-01-2026-07-02.md:89` | K-PROV-1 (RATIFIED) | Reference `_harness_generated/briefs/TRB-chirality-app-dev-DEL-10-01-2026-07-02.json` is under the declared generated root `_harness_generated/`; generated artifacts are rebuildable and may be absent in fresh checkouts/worktrees. |
| INFO | UNRESOLVED_SOURCE_REF | provenance | `docs/governance_harness/briefs/TRB-chirality-app-dev-DEL-10-03-2026-07-02.md:90` | K-PROV-1 (RATIFIED) | Reference `_harness_generated/briefs/TRB-chirality-app-dev-DEL-10-03-2026-07-02.md` is under the declared generated root `_harness_generated/`; generated artifacts are rebuildable and may be absent in fresh checkouts/worktrees. |
| INFO | UNRESOLVED_SOURCE_REF | provenance | `docs/governance_harness/briefs/TRB-chirality-app-dev-DEL-10-03-2026-07-02.md:91` | K-PROV-1 (RATIFIED) | Reference `_harness_generated/briefs/TRB-chirality-app-dev-DEL-10-03-2026-07-02.json` is under the declared generated root `_harness_generated/`; generated artifacts are rebuildable and may be absent in fresh checkouts/worktrees. |
| INFO | DRAFT_BASIS_RULED_CLOSED | provenance | `docs/governance_harness/_DECISIONS/D-GOV-01_substrate_authority.md:7` | K-CLAIM-1 (RATIFIED) | Cited basis self-declares 'merged plan of record candidate · PROPOSAL, pending D-GOV-01' pending D-GOV-01; D-GOV-01 is RULED per docs/governance_harness/_DECISIONS/D-GOV-01_substrate_authority.md — closure recorded; sources govern on disagreement. |
| INFO | DRAFT_BASIS_RULED_CLOSED | provenance | `docs/governance_harness/_DECISIONS/D-GOV-02_verifier_severity_and_override.md:7` | K-CLAIM-1 (RATIFIED) | Cited basis self-declares 'merged plan of record candidate · PROPOSAL, pending D-GOV-01' pending D-GOV-01; D-GOV-01 is RULED per docs/governance_harness/_DECISIONS/D-GOV-01_substrate_authority.md — closure recorded; sources govern on disagreement. |
| INFO | DRAFT_BASIS_RULED_CLOSED | provenance | `docs/governance_harness/_DECISIONS/D-GOV-03_pilot_scope.md:7` | K-CLAIM-1 (RATIFIED) | Cited basis self-declares 'merged plan of record candidate · PROPOSAL, pending D-GOV-01' pending D-GOV-01; D-GOV-01 is RULED per docs/governance_harness/_DECISIONS/D-GOV-01_substrate_authority.md — closure recorded; sources govern on disagreement. |
| INFO | DRAFT_BASIS_RULED_CLOSED | provenance | `docs/governance_harness/_DECISIONS/D-GOV-04_human_actor_identity.md:7` | K-CLAIM-1 (RATIFIED) | Cited basis self-declares 'merged plan of record candidate · PROPOSAL, pending D-GOV-01' pending D-GOV-01; D-GOV-01 is RULED per docs/governance_harness/_DECISIONS/D-GOV-01_substrate_authority.md — closure recorded; sources govern on disagreement. |
| INFO | DRAFT_BASIS_RULED_CLOSED | provenance | `docs/governance_harness/_DECISIONS/D-GOV-05_minimal_governance_basis.md:7` | K-CLAIM-1 (RATIFIED) | Cited basis self-declares 'merged plan of record candidate · PROPOSAL, pending D-GOV-01' pending D-GOV-01; D-GOV-01 is RULED per docs/governance_harness/_DECISIONS/D-GOV-01_substrate_authority.md — closure recorded; sources govern on disagreement. |
| INFO | DRAFT_BASIS_RULED_CLOSED | provenance | `docs/governance_harness/_DECISIONS/D-GOV-06_domain_profile_current_truth.md:7` | K-CLAIM-1 (RATIFIED) | Cited basis self-declares 'merged plan of record candidate · PROPOSAL, pending D-GOV-01' pending D-GOV-01; D-GOV-01 is RULED per docs/governance_harness/_DECISIONS/D-GOV-01_substrate_authority.md — closure recorded; sources govern on disagreement. |
| INFO | DRAFT_BASIS_RULED_CLOSED | provenance | `docs/governance_harness/_DECISIONS/D-GOV-07_domain_gate_sha_binding.md:7` | K-CLAIM-1 (RATIFIED) | Cited basis self-declares 'merged plan of record candidate · PROPOSAL, pending D-GOV-01' pending D-GOV-01; D-GOV-01 is RULED per docs/governance_harness/_DECISIONS/D-GOV-01_substrate_authority.md — closure recorded; sources govern on disagreement. |
| NOT_APPLICABLE | POINTER_CHECK_NOT_APPLICABLE | staleness | `docs/governance_harness` | K-STALE-2 (RATIFIED) | No `_LATEST*` pointer files under this root; pointer-currency check skipped (preconditions absent). |
| REVIEW | ABS_PATH_IN_UNCLASSIFIED_SURFACE | path-anchoring | `projects/chirality-piping/execution/_Coordination/AgentRuns/HELP-HUMAN-PIPING-20260918-UI-IMPLEMENTATION/instances/CONTINUATION_2026-09-24/ENGINE_INTEGRATION/COMPOSITE_RECEIPT/ACTUAL_CAPTURE_01.json:16` | SPEC-0.2.4 (N_A) | Active surface (unknown managed AgentRuns artifact) carries 17 machine-absolute-path hit line(s); first hit at line 16. Unknown managed artifacts fail closed: define a structural role or remove the machine-local path. |
| REVIEW | ABS_PATH_IN_UNCLASSIFIED_SURFACE | path-anchoring | `projects/chirality-piping/execution/_Coordination/AgentRuns/HELP-HUMAN-PIPING-20260918-UI-IMPLEMENTATION/instances/CONTINUATION_2026-09-24/ENGINE_INTEGRATION/COMPOSITE_RECEIPT/ACTUAL_CAPTURE_02.json:16` | SPEC-0.2.4 (N_A) | Active surface (unknown managed AgentRuns artifact) carries 17 machine-absolute-path hit line(s); first hit at line 16. Unknown managed artifacts fail closed: define a structural role or remove the machine-local path. |
| REVIEW | ABS_PATH_IN_UNCLASSIFIED_SURFACE | path-anchoring | `projects/chirality-piping/execution/_Coordination/AgentRuns/HELP-HUMAN-PIPING-20260918-UI-IMPLEMENTATION/instances/CONTINUATION_2026-09-24/ENGINE_INTEGRATION/COMPOSITE_RECEIPT/ACTUAL_UNICODE_CAPTURE.json:9` | SPEC-0.2.4 (N_A) | Active surface (unknown managed AgentRuns artifact) carries 4 machine-absolute-path hit line(s); first hit at line 9. Unknown managed artifacts fail closed: define a structural role or remove the machine-local path. |
| REVIEW | ABS_PATH_IN_UNCLASSIFIED_SURFACE | path-anchoring | `projects/chirality-piping/execution/_Coordination/AgentRuns/HELP-HUMAN-PIPING-20260918-UI-IMPLEMENTATION/instances/CONTINUATION_2026-09-24/ENGINE_INTEGRATION/COMPOSITE_RECEIPT/ACTUAL_UNIT_CAPTURE.json:9` | SPEC-0.2.4 (N_A) | Active surface (unknown managed AgentRuns artifact) carries 8 machine-absolute-path hit line(s); first hit at line 9. Unknown managed artifacts fail closed: define a structural role or remove the machine-local path. |
| REVIEW | ABS_PATH_IN_UNCLASSIFIED_SURFACE | path-anchoring | `projects/chirality-piping/execution/_Coordination/AgentRuns/HELP-HUMAN-PIPING-20260918-UI-IMPLEMENTATION/instances/CONTINUATION_2026-09-24/ENGINE_INTEGRATION/COMPOSITE_RECEIPT/INPUT_ORIGINS.json:8` | SPEC-0.2.4 (N_A) | Active surface (unknown managed AgentRuns artifact) carries 12 machine-absolute-path hit line(s); first hit at line 8. Unknown managed artifacts fail closed: define a structural role or remove the machine-local path. |
| REVIEW | ABS_PATH_IN_UNCLASSIFIED_SURFACE | path-anchoring | `projects/chirality-piping/execution/_Coordination/AgentRuns/HELP-HUMAN-PIPING-20260918-UI-IMPLEMENTATION/instances/CONTINUATION_2026-09-24/ENGINE_INTEGRATION/COMPOSITE_RECEIPT/namespace-01.json:12` | SPEC-0.2.4 (N_A) | Active surface (unknown managed AgentRuns artifact) carries 1 machine-absolute-path hit line(s); first hit at line 12. Unknown managed artifacts fail closed: define a structural role or remove the machine-local path. |
| REVIEW | ABS_PATH_IN_UNCLASSIFIED_SURFACE | path-anchoring | `projects/chirality-piping/execution/_Coordination/AgentRuns/HELP-HUMAN-PIPING-20260918-UI-IMPLEMENTATION/instances/CONTINUATION_2026-09-24/ENGINE_INTEGRATION/COMPOSITE_RECEIPT/product-check-01.json:12` | SPEC-0.2.4 (N_A) | Active surface (unknown managed AgentRuns artifact) carries 1 machine-absolute-path hit line(s); first hit at line 12. Unknown managed artifacts fail closed: define a structural role or remove the machine-local path. |
| REVIEW | ABS_PATH_IN_UNCLASSIFIED_SURFACE | path-anchoring | `projects/chirality-piping/execution/_Coordination/AgentRuns/HELP-HUMAN-PIPING-20260918-UI-IMPLEMENTATION/instances/CONTINUATION_2026-09-24/ENGINE_INTEGRATION/COMPOSITE_RECEIPT/product-regression-01.json:13` | SPEC-0.2.4 (N_A) | Active surface (unknown managed AgentRuns artifact) carries 1 machine-absolute-path hit line(s); first hit at line 13. Unknown managed artifacts fail closed: define a structural role or remove the machine-local path. |
| REVIEW | ABS_PATH_IN_UNCLASSIFIED_SURFACE | path-anchoring | `projects/chirality-piping/execution/_Coordination/AgentRuns/HELP-HUMAN-PIPING-20260918-UI-IMPLEMENTATION/instances/CONTINUATION_2026-09-24/ENGINE_INTEGRATION/COMPOSITE_RECEIPT/public-01.json:12` | SPEC-0.2.4 (N_A) | Active surface (unknown managed AgentRuns artifact) carries 1 machine-absolute-path hit line(s); first hit at line 12. Unknown managed artifacts fail closed: define a structural role or remove the machine-local path. |
| REVIEW | ABS_PATH_IN_UNCLASSIFIED_SURFACE | path-anchoring | `projects/chirality-piping/execution/_Coordination/AgentRuns/HELP-HUMAN-PIPING-20260918-UI-IMPLEMENTATION/instances/CONTINUATION_2026-09-24/ENGINE_INTEGRATION/COMPOSITE_RECEIPT/public-02.json:12` | SPEC-0.2.4 (N_A) | Active surface (unknown managed AgentRuns artifact) carries 1 machine-absolute-path hit line(s); first hit at line 12. Unknown managed artifacts fail closed: define a structural role or remove the machine-local path. |
| REVIEW | ABS_PATH_IN_UNCLASSIFIED_SURFACE | path-anchoring | `projects/chirality-piping/execution/_Coordination/AgentRuns/HELP-HUMAN-PIPING-20260918-UI-IMPLEMENTATION/instances/CONTINUATION_2026-09-24/ENGINE_INTEGRATION/COMPOSITE_RECEIPT/public-03.json:12` | SPEC-0.2.4 (N_A) | Active surface (unknown managed AgentRuns artifact) carries 1 machine-absolute-path hit line(s); first hit at line 12. Unknown managed artifacts fail closed: define a structural role or remove the machine-local path. |
| REVIEW | ABS_PATH_IN_UNCLASSIFIED_SURFACE | path-anchoring | `projects/chirality-piping/execution/_Coordination/AgentRuns/HELP-HUMAN-PIPING-20260918-UI-IMPLEMENTATION/instances/CONTINUATION_2026-09-24/ENGINE_INTEGRATION/COMPOSITE_RECEIPT/public-04.json:12` | SPEC-0.2.4 (N_A) | Active surface (unknown managed AgentRuns artifact) carries 1 machine-absolute-path hit line(s); first hit at line 12. Unknown managed artifacts fail closed: define a structural role or remove the machine-local path. |
| REVIEW | ABS_PATH_IN_UNCLASSIFIED_SURFACE | path-anchoring | `projects/chirality-piping/execution/_Coordination/AgentRuns/HELP-HUMAN-PIPING-20260918-UI-IMPLEMENTATION/instances/CONTINUATION_2026-09-24/ENGINE_INTEGRATION/COMPOSITE_RECEIPT/public-05.json:12` | SPEC-0.2.4 (N_A) | Active surface (unknown managed AgentRuns artifact) carries 1 machine-absolute-path hit line(s); first hit at line 12. Unknown managed artifacts fail closed: define a structural role or remove the machine-local path. |
| REVIEW | ABS_PATH_IN_UNCLASSIFIED_SURFACE | path-anchoring | `projects/chirality-piping/execution/_Coordination/AgentRuns/HELP-HUMAN-PIPING-20260918-UI-IMPLEMENTATION/instances/CONTINUATION_2026-09-24/ENGINE_INTEGRATION/COMPOSITE_RECEIPT/resource-measurement-01.json:15` | SPEC-0.2.4 (N_A) | Active surface (unknown managed AgentRuns artifact) carries 2 machine-absolute-path hit line(s); first hit at line 15. Unknown managed artifacts fail closed: define a structural role or remove the machine-local path. |
| REVIEW | ABS_PATH_IN_UNCLASSIFIED_SURFACE | path-anchoring | `projects/chirality-piping/execution/_Coordination/AgentRuns/HELP-HUMAN-PIPING-20260918-UI-IMPLEMENTATION/instances/CONTINUATION_2026-09-24/ENGINE_INTEGRATION/COMPOSITE_RECEIPT/source-layer-01.json:12` | SPEC-0.2.4 (N_A) | Active surface (unknown managed AgentRuns artifact) carries 1 machine-absolute-path hit line(s); first hit at line 12. Unknown managed artifacts fail closed: define a structural role or remove the machine-local path. |
| REVIEW | ABS_PATH_IN_UNCLASSIFIED_SURFACE | path-anchoring | `projects/chirality-piping/execution/_Coordination/AgentRuns/HELP-HUMAN-PIPING-20260918-UI-IMPLEMENTATION/instances/CONTINUATION_2026-09-24/ENGINE_INTEGRATION/COMPOSITE_RECEIPT/source-layer-02.json:12` | SPEC-0.2.4 (N_A) | Active surface (unknown managed AgentRuns artifact) carries 1 machine-absolute-path hit line(s); first hit at line 12. Unknown managed artifacts fail closed: define a structural role or remove the machine-local path. |
| REVIEW | ABS_PATH_IN_UNCLASSIFIED_SURFACE | path-anchoring | `projects/chirality-piping/execution/_Coordination/AgentRuns/HELP-HUMAN-PIPING-20260918-UI-IMPLEMENTATION/instances/CONTINUATION_2026-09-24/ENGINE_INTEGRATION/COMPOSITE_REVIEW/INDEPENDENT_REVIEW/EXECUTION.json:10` | SPEC-0.2.4 (N_A) | Active surface (unknown managed AgentRuns artifact) carries 28 machine-absolute-path hit line(s); first hit at line 10. Unknown managed artifacts fail closed: define a structural role or remove the machine-local path. |
| REVIEW | ABS_PATH_IN_UNCLASSIFIED_SURFACE | path-anchoring | `projects/chirality-piping/execution/_Coordination/AgentRuns/HELP-HUMAN-PIPING-20260918-UI-IMPLEMENTATION/instances/CONTINUATION_2026-09-24/ENGINE_INTEGRATION/COMPOSITE_REVIEW/INDEPENDENT_REVIEW/POLICY_RECORD_REVIEW.json:3` | SPEC-0.2.4 (N_A) | Active surface (unknown managed AgentRuns artifact) carries 3 machine-absolute-path hit line(s); first hit at line 3. Unknown managed artifacts fail closed: define a structural role or remove the machine-local path. |
| REVIEW | ABS_PATH_IN_PROJECT_SURFACE | path-anchoring | `projects/chirality-piping/execution/_Coordination/AgentRuns/HELP-HUMAN-PIPING-20260918-UI-IMPLEMENTATION/instances/CONTINUATION_2026-09-24/ENGINE_INTEGRATION/CREATE_SECTION_INPUTS/BRIEF.md:3` | SPEC-0.2.4 (N_A) | Active CONTROL surface (managed control record `BRIEF.md`) carries 2 machine-absolute-path hit line(s); first hit at line 3. SPEC §0.2.4 requires repo-relative anchoring on active controls. Use `{REPO_ROOT}`, `{WORKING_ROOT}`, or a repo-relative path; only a hash-bound historical exception can acknowledge immutable control history. |
| REVIEW | ABS_PATH_IN_UNCLASSIFIED_SURFACE | path-anchoring | `projects/chirality-piping/execution/_Coordination/AgentRuns/HELP-HUMAN-PIPING-20260918-UI-IMPLEMENTATION/instances/CONTINUATION_2026-09-24/ENGINE_INTEGRATION/CREATE_SECTION_INPUTS/DIAGNOSIS.md:21` | SPEC-0.2.4 (N_A) | Active surface (unknown managed AgentRuns artifact) carries 1 machine-absolute-path hit line(s); first hit at line 21. Unknown managed artifacts fail closed: define a structural role or remove the machine-local path. |
| REVIEW | ABS_PATH_IN_UNCLASSIFIED_SURFACE | path-anchoring | `projects/chirality-piping/execution/_Coordination/AgentRuns/HELP-HUMAN-PIPING-20260918-UI-IMPLEMENTATION/instances/CONTINUATION_2026-09-24/ENGINE_INTEGRATION/CREATE_SECTION_INPUTS/basis_and_red_control.json:8` | SPEC-0.2.4 (N_A) | Active surface (unknown managed AgentRuns artifact) carries 1 machine-absolute-path hit line(s); first hit at line 8. Unknown managed artifacts fail closed: define a structural role or remove the machine-local path. |
| REVIEW | ABS_PATH_IN_UNCLASSIFIED_SURFACE | path-anchoring | `projects/chirality-piping/execution/_Coordination/AgentRuns/HELP-HUMAN-PIPING-20260918-UI-IMPLEMENTATION/instances/CONTINUATION_2026-09-24/ENGINE_INTEGRATION/CREATE_SECTION_INPUTS/red-command.json:21` | SPEC-0.2.4 (N_A) | Active surface (unknown managed AgentRuns artifact) carries 1 machine-absolute-path hit line(s); first hit at line 21. Unknown managed artifacts fail closed: define a structural role or remove the machine-local path. |
| REVIEW | ABS_PATH_IN_UNCLASSIFIED_SURFACE | path-anchoring | `projects/chirality-piping/execution/_Coordination/AgentRuns/HELP-HUMAN-PIPING-20260918-UI-IMPLEMENTATION/instances/CONTINUATION_2026-09-24/ENGINE_INTEGRATION/CREATE_SECTION_INPUTS/verification.json:3` | SPEC-0.2.4 (N_A) | Active surface (unknown managed AgentRuns artifact) carries 4 machine-absolute-path hit line(s); first hit at line 3. Unknown managed artifacts fail closed: define a structural role or remove the machine-local path. |
| REVIEW | ABS_PATH_IN_UNCLASSIFIED_SURFACE | path-anchoring | `projects/chirality-piping/execution/_Coordination/AgentRuns/HELP-HUMAN-PIPING-20260918-UI-IMPLEMENTATION/instances/CONTINUATION_2026-09-24/ENGINE_INTEGRATION/DEPENDENCIES.json:6` | SPEC-0.2.4 (N_A) | Active surface (unknown managed AgentRuns artifact) carries 1 machine-absolute-path hit line(s); first hit at line 6. Unknown managed artifacts fail closed: define a structural role or remove the machine-local path. |
| REVIEW | ABS_PATH_IN_UNCLASSIFIED_SURFACE | path-anchoring | `projects/chirality-piping/execution/_Coordination/AgentRuns/HELP-HUMAN-PIPING-20260918-UI-IMPLEMENTATION/instances/CONTINUATION_2026-09-24/ENGINE_INTEGRATION/EXACT_AUTHORING/BATCH_JOIN_REPAIR/focused-01.json:12` | SPEC-0.2.4 (N_A) | Active surface (unknown managed AgentRuns artifact) carries 2 machine-absolute-path hit line(s); first hit at line 12. Unknown managed artifacts fail closed: define a structural role or remove the machine-local path. |
| REVIEW | ABS_PATH_IN_PROJECT_SURFACE | path-anchoring | `projects/chirality-piping/execution/_Coordination/AgentRuns/HELP-HUMAN-PIPING-20260918-UI-IMPLEMENTATION/instances/CONTINUATION_2026-09-24/ENGINE_INTEGRATION/EXACT_AUTHORING/BRIEF.md:3` | SPEC-0.2.4 (N_A) | Active CONTROL surface (managed control record `BRIEF.md`) carries 1 machine-absolute-path hit line(s); first hit at line 3. SPEC §0.2.4 requires repo-relative anchoring on active controls. Use `{REPO_ROOT}`, `{WORKING_ROOT}`, or a repo-relative path; only a hash-bound historical exception can acknowledge immutable control history. |
| REVIEW | ABS_PATH_IN_UNCLASSIFIED_SURFACE | path-anchoring | `projects/chirality-piping/execution/_Coordination/AgentRuns/HELP-HUMAN-PIPING-20260918-UI-IMPLEMENTATION/instances/CONTINUATION_2026-09-24/ENGINE_INTEGRATION/EXACT_AUTHORING/UI_ACCESSIBILITY_REPAIR/BINDING.json:4` | SPEC-0.2.4 (N_A) | Active surface (unknown managed AgentRuns artifact) carries 1 machine-absolute-path hit line(s); first hit at line 4. Unknown managed artifacts fail closed: define a structural role or remove the machine-local path. |
| REVIEW | ABS_PATH_IN_UNCLASSIFIED_SURFACE | path-anchoring | `projects/chirality-piping/execution/_Coordination/AgentRuns/HELP-HUMAN-PIPING-20260918-UI-IMPLEMENTATION/instances/CONTINUATION_2026-09-24/ENGINE_INTEGRATION/FINAL_FRONTEND_REVIEW/INDEPENDENT_REVIEW/FINAL_CHECKED_HASHES.json:318` | SPEC-0.2.4 (N_A) | Active surface (unknown managed AgentRuns artifact) carries 16 machine-absolute-path hit line(s); first hit at line 318. Unknown managed artifacts fail closed: define a structural role or remove the machine-local path. |
| REVIEW | ABS_PATH_IN_UNCLASSIFIED_SURFACE | path-anchoring | `projects/chirality-piping/execution/_Coordination/AgentRuns/HELP-HUMAN-PIPING-20260918-UI-IMPLEMENTATION/instances/CONTINUATION_2026-09-24/ENGINE_INTEGRATION/FINAL_FRONTEND_REVIEW/INDEPENDENT_REVIEW/PROVENANCE.json:9` | SPEC-0.2.4 (N_A) | Active surface (unknown managed AgentRuns artifact) carries 15 machine-absolute-path hit line(s); first hit at line 9. Unknown managed artifacts fail closed: define a structural role or remove the machine-local path. |
| REVIEW | ABS_PATH_IN_UNCLASSIFIED_SURFACE | path-anchoring | `projects/chirality-piping/execution/_Coordination/AgentRuns/HELP-HUMAN-PIPING-20260918-UI-IMPLEMENTATION/instances/CONTINUATION_2026-09-24/ENGINE_INTEGRATION/FINAL_FRONTEND_REVIEW/INDEPENDENT_REVIEW/SEMANTIC_PROBE_REPAIRED.json:8` | SPEC-0.2.4 (N_A) | Active surface (unknown managed AgentRuns artifact) carries 2 machine-absolute-path hit line(s); first hit at line 8. Unknown managed artifacts fail closed: define a structural role or remove the machine-local path. |
| REVIEW | ABS_PATH_IN_UNCLASSIFIED_SURFACE | path-anchoring | `projects/chirality-piping/execution/_Coordination/AgentRuns/HELP-HUMAN-PIPING-20260918-UI-IMPLEMENTATION/instances/CONTINUATION_2026-09-24/ENGINE_INTEGRATION/FINAL_SUPPORT_REVIEW/INDEPENDENT_REVIEW/EXECUTION.json:8` | SPEC-0.2.4 (N_A) | Active surface (unknown managed AgentRuns artifact) carries 29 machine-absolute-path hit line(s); first hit at line 8. Unknown managed artifacts fail closed: define a structural role or remove the machine-local path. |
| REVIEW | ABS_PATH_IN_PROJECT_SURFACE | path-anchoring | `projects/chirality-piping/execution/_Coordination/AgentRuns/HELP-HUMAN-PIPING-20260918-UI-IMPLEMENTATION/instances/CONTINUATION_2026-09-24/ENGINE_INTEGRATION/MEMBRANE_RANGE_JOIN/BRIEF.md:3` | SPEC-0.2.4 (N_A) | Active CONTROL surface (managed control record `BRIEF.md`) carries 2 machine-absolute-path hit line(s); first hit at line 3. SPEC §0.2.4 requires repo-relative anchoring on active controls. Use `{REPO_ROOT}`, `{WORKING_ROOT}`, or a repo-relative path; only a hash-bound historical exception can acknowledge immutable control history. |
| REVIEW | ABS_PATH_IN_UNCLASSIFIED_SURFACE | path-anchoring | `projects/chirality-piping/execution/_Coordination/AgentRuns/HELP-HUMAN-PIPING-20260918-UI-IMPLEMENTATION/instances/CONTINUATION_2026-09-24/ENGINE_INTEGRATION/MEMBRANE_RANGE_JOIN/range_probe.json:38` | SPEC-0.2.4 (N_A) | Active surface (unknown managed AgentRuns artifact) carries 3 machine-absolute-path hit line(s); first hit at line 38. Unknown managed artifacts fail closed: define a structural role or remove the machine-local path. |
| REVIEW | ABS_PATH_IN_UNCLASSIFIED_SURFACE | path-anchoring | `projects/chirality-piping/execution/_Coordination/AgentRuns/HELP-HUMAN-PIPING-20260918-UI-IMPLEMENTATION/instances/CONTINUATION_2026-09-24/ENGINE_INTEGRATION/NATIVE_OBSERVATION_DIAGNOSIS/EVIDENCE.json:82` | SPEC-0.2.4 (N_A) | Active surface (unknown managed AgentRuns artifact) carries 2 machine-absolute-path hit line(s); first hit at line 82. Unknown managed artifacts fail closed: define a structural role or remove the machine-local path. |
| REVIEW | ABS_PATH_IN_UNCLASSIFIED_SURFACE | path-anchoring | `projects/chirality-piping/execution/_Coordination/AgentRuns/HELP-HUMAN-PIPING-20260918-UI-IMPLEMENTATION/instances/CONTINUATION_2026-09-24/ENGINE_INTEGRATION/NATIVE_SOURCE_REVIEW/EXECUTION.json:7` | SPEC-0.2.4 (N_A) | Active surface (unknown managed AgentRuns artifact) carries 12 machine-absolute-path hit line(s); first hit at line 7. Unknown managed artifacts fail closed: define a structural role or remove the machine-local path. |
| REVIEW | ABS_PATH_IN_PROJECT_SURFACE | path-anchoring | `projects/chirality-piping/execution/_Coordination/AgentRuns/HELP-HUMAN-PIPING-20260918-UI-IMPLEMENTATION/instances/CONTINUATION_2026-09-24/ENGINE_INTEGRATION/PHYSICS_READER_JOIN/BRIEF.md:3` | SPEC-0.2.4 (N_A) | Active CONTROL surface (managed control record `BRIEF.md`) carries 2 machine-absolute-path hit line(s); first hit at line 3. SPEC §0.2.4 requires repo-relative anchoring on active controls. Use `{REPO_ROOT}`, `{WORKING_ROOT}`, or a repo-relative path; only a hash-bound historical exception can acknowledge immutable control history. |
| REVIEW | ABS_PATH_IN_UNCLASSIFIED_SURFACE | path-anchoring | `projects/chirality-piping/execution/_Coordination/AgentRuns/HELP-HUMAN-PIPING-20260918-UI-IMPLEMENTATION/instances/CONTINUATION_2026-09-24/ENGINE_INTEGRATION/PHYSICS_READER_JOIN/BROWSER_REFERENCE/APP_TESTS/EXECUTION.json:37` | SPEC-0.2.4 (N_A) | Active surface (unknown managed AgentRuns artifact) carries 1 machine-absolute-path hit line(s); first hit at line 37. Unknown managed artifacts fail closed: define a structural role or remove the machine-local path. |
| REVIEW | ABS_PATH_IN_UNCLASSIFIED_SURFACE | path-anchoring | `projects/chirality-piping/execution/_Coordination/AgentRuns/HELP-HUMAN-PIPING-20260918-UI-IMPLEMENTATION/instances/CONTINUATION_2026-09-24/ENGINE_INTEGRATION/PHYSICS_READER_JOIN/BROWSER_REFERENCE/BROWSER_FOUNDATION_TESTS/BASIS.json:4` | SPEC-0.2.4 (N_A) | Active surface (unknown managed AgentRuns artifact) carries 1 machine-absolute-path hit line(s); first hit at line 4. Unknown managed artifacts fail closed: define a structural role or remove the machine-local path. |
| REVIEW | ABS_PATH_IN_UNCLASSIFIED_SURFACE | path-anchoring | `projects/chirality-piping/execution/_Coordination/AgentRuns/HELP-HUMAN-PIPING-20260918-UI-IMPLEMENTATION/instances/CONTINUATION_2026-09-24/ENGINE_INTEGRATION/PHYSICS_READER_JOIN/BROWSER_REFERENCE/BROWSER_FOUNDATION_TESTS/TRANSPILE.json:4` | SPEC-0.2.4 (N_A) | Active surface (unknown managed AgentRuns artifact) carries 1 machine-absolute-path hit line(s); first hit at line 4. Unknown managed artifacts fail closed: define a structural role or remove the machine-local path. |
| REVIEW | ABS_PATH_IN_UNCLASSIFIED_SURFACE | path-anchoring | `projects/chirality-piping/execution/_Coordination/AgentRuns/HELP-HUMAN-PIPING-20260918-UI-IMPLEMENTATION/instances/CONTINUATION_2026-09-24/ENGINE_INTEGRATION/PHYSICS_READER_JOIN/BROWSER_REFERENCE/BROWSER_JOURNEY_TESTS/PREMISE_PREIMAGES.json:5` | SPEC-0.2.4 (N_A) | Active surface (unknown managed AgentRuns artifact) carries 2 machine-absolute-path hit line(s); first hit at line 5. Unknown managed artifacts fail closed: define a structural role or remove the machine-local path. |
| REVIEW | ABS_PATH_IN_UNCLASSIFIED_SURFACE | path-anchoring | `projects/chirality-piping/execution/_Coordination/AgentRuns/HELP-HUMAN-PIPING-20260918-UI-IMPLEMENTATION/instances/CONTINUATION_2026-09-24/ENGINE_INTEGRATION/PHYSICS_READER_JOIN/BROWSER_REFERENCE/BROWSER_JOURNEY_TESTS/SOURCE_MANIFEST.json:75` | SPEC-0.2.4 (N_A) | Active surface (unknown managed AgentRuns artifact) carries 1 machine-absolute-path hit line(s); first hit at line 75. Unknown managed artifacts fail closed: define a structural role or remove the machine-local path. |
| REVIEW | ABS_PATH_IN_UNCLASSIFIED_SURFACE | path-anchoring | `projects/chirality-piping/execution/_Coordination/AgentRuns/HELP-HUMAN-PIPING-20260918-UI-IMPLEMENTATION/instances/CONTINUATION_2026-09-24/ENGINE_INTEGRATION/PHYSICS_READER_JOIN/BROWSER_REFERENCE/CHECKPOINT_01/CHECKS.json:2` | SPEC-0.2.4 (N_A) | Active surface (unknown managed AgentRuns artifact) carries 2 machine-absolute-path hit line(s); first hit at line 2. Unknown managed artifacts fail closed: define a structural role or remove the machine-local path. |
| REVIEW | ABS_PATH_IN_UNCLASSIFIED_SURFACE | path-anchoring | `projects/chirality-piping/execution/_Coordination/AgentRuns/HELP-HUMAN-PIPING-20260918-UI-IMPLEMENTATION/instances/CONTINUATION_2026-09-24/ENGINE_INTEGRATION/PHYSICS_READER_JOIN/BROWSER_REFERENCE/CHECKPOINT_02/CHECKS.json:2` | SPEC-0.2.4 (N_A) | Active surface (unknown managed AgentRuns artifact) carries 2 machine-absolute-path hit line(s); first hit at line 2. Unknown managed artifacts fail closed: define a structural role or remove the machine-local path. |
| REVIEW | ABS_PATH_IN_UNCLASSIFIED_SURFACE | path-anchoring | `projects/chirality-piping/execution/_Coordination/AgentRuns/HELP-HUMAN-PIPING-20260918-UI-IMPLEMENTATION/instances/CONTINUATION_2026-09-24/ENGINE_INTEGRATION/PHYSICS_READER_JOIN/BROWSER_REFERENCE/FINAL_CHECKS/CHECKS.json:2` | SPEC-0.2.4 (N_A) | Active surface (unknown managed AgentRuns artifact) carries 2 machine-absolute-path hit line(s); first hit at line 2. Unknown managed artifacts fail closed: define a structural role or remove the machine-local path. |
| REVIEW | ABS_PATH_IN_UNCLASSIFIED_SURFACE | path-anchoring | `projects/chirality-piping/execution/_Coordination/AgentRuns/HELP-HUMAN-PIPING-20260918-UI-IMPLEMENTATION/instances/CONTINUATION_2026-09-24/ENGINE_INTEGRATION/PHYSICS_READER_JOIN/BROWSER_REFERENCE/PANEL_SUPPLEMENT/TS02_OUTCOME.json:2` | SPEC-0.2.4 (N_A) | Active surface (unknown managed AgentRuns artifact) carries 1 machine-absolute-path hit line(s); first hit at line 2. Unknown managed artifacts fail closed: define a structural role or remove the machine-local path. |
| REVIEW | ABS_PATH_IN_UNCLASSIFIED_SURFACE | path-anchoring | `projects/chirality-piping/execution/_Coordination/AgentRuns/HELP-HUMAN-PIPING-20260918-UI-IMPLEMENTATION/instances/CONTINUATION_2026-09-24/ENGINE_INTEGRATION/PHYSICS_READER_JOIN/CHECKPOINT_SOURCE_MANIFEST.json:4` | SPEC-0.2.4 (N_A) | Active surface (unknown managed AgentRuns artifact) carries 1 machine-absolute-path hit line(s); first hit at line 4. Unknown managed artifacts fail closed: define a structural role or remove the machine-local path. |
| REVIEW | ABS_PATH_IN_UNCLASSIFIED_SURFACE | path-anchoring | `projects/chirality-piping/execution/_Coordination/AgentRuns/HELP-HUMAN-PIPING-20260918-UI-IMPLEMENTATION/instances/CONTINUATION_2026-09-24/ENGINE_INTEGRATION/PHYSICS_READER_JOIN/EXECUTION.json:21` | SPEC-0.2.4 (N_A) | Active surface (unknown managed AgentRuns artifact) carries 10 machine-absolute-path hit line(s); first hit at line 21. Unknown managed artifacts fail closed: define a structural role or remove the machine-local path. |
| REVIEW | ABS_PATH_IN_UNCLASSIFIED_SURFACE | path-anchoring | `projects/chirality-piping/execution/_Coordination/AgentRuns/HELP-HUMAN-PIPING-20260918-UI-IMPLEMENTATION/instances/CONTINUATION_2026-09-24/ENGINE_INTEGRATION/PHYSICS_READER_JOIN/PYTHON_PARITY_REPAIR/ACTUAL_TS_AFTER.json:7` | SPEC-0.2.4 (N_A) | Active surface (unknown managed AgentRuns artifact) carries 6 machine-absolute-path hit line(s); first hit at line 7. Unknown managed artifacts fail closed: define a structural role or remove the machine-local path. |
| REVIEW | ABS_PATH_IN_UNCLASSIFIED_SURFACE | path-anchoring | `projects/chirality-piping/execution/_Coordination/AgentRuns/HELP-HUMAN-PIPING-20260918-UI-IMPLEMENTATION/instances/CONTINUATION_2026-09-24/ENGINE_INTEGRATION/PHYSICS_READER_JOIN/PYTHON_PARITY_REPAIR/EXECUTION_BASIS.json:23` | SPEC-0.2.4 (N_A) | Active surface (unknown managed AgentRuns artifact) carries 17 machine-absolute-path hit line(s); first hit at line 23. Unknown managed artifacts fail closed: define a structural role or remove the machine-local path. |
| REVIEW | ABS_PATH_IN_UNCLASSIFIED_SURFACE | path-anchoring | `projects/chirality-piping/execution/_Coordination/AgentRuns/HELP-HUMAN-PIPING-20260918-UI-IMPLEMENTATION/instances/CONTINUATION_2026-09-24/ENGINE_INTEGRATION/PHYSICS_READER_JOIN/PYTHON_PARITY_REPAIR/PROBE_EXECUTION.json:2` | SPEC-0.2.4 (N_A) | Active surface (unknown managed AgentRuns artifact) carries 2 machine-absolute-path hit line(s); first hit at line 2. Unknown managed artifacts fail closed: define a structural role or remove the machine-local path. |
| REVIEW | ABS_PATH_IN_UNCLASSIFIED_SURFACE | path-anchoring | `projects/chirality-piping/execution/_Coordination/AgentRuns/HELP-HUMAN-PIPING-20260918-UI-IMPLEMENTATION/instances/CONTINUATION_2026-09-24/ENGINE_INTEGRATION/PHYSICS_READER_JOIN/PYTHON_PARITY_REPAIR/python-focused-01.json:3` | SPEC-0.2.4 (N_A) | Active surface (unknown managed AgentRuns artifact) carries 5 machine-absolute-path hit line(s); first hit at line 3. Unknown managed artifacts fail closed: define a structural role or remove the machine-local path. |
| REVIEW | ABS_PATH_IN_UNCLASSIFIED_SURFACE | path-anchoring | `projects/chirality-piping/execution/_Coordination/AgentRuns/HELP-HUMAN-PIPING-20260918-UI-IMPLEMENTATION/instances/CONTINUATION_2026-09-24/ENGINE_INTEGRATION/PHYSICS_READER_JOIN/PYTHON_PARITY_REPAIR/rust-focused-01.json:15` | SPEC-0.2.4 (N_A) | Active surface (unknown managed AgentRuns artifact) carries 2 machine-absolute-path hit line(s); first hit at line 15. Unknown managed artifacts fail closed: define a structural role or remove the machine-local path. |
| REVIEW | ABS_PATH_IN_UNCLASSIFIED_SURFACE | path-anchoring | `projects/chirality-piping/execution/_Coordination/AgentRuns/HELP-HUMAN-PIPING-20260918-UI-IMPLEMENTATION/instances/CONTINUATION_2026-09-24/ENGINE_INTEGRATION/PHYSICS_READER_JOIN/RESUME_01/CHECKS/CONNECTED_RUNS_01.json:134` | SPEC-0.2.4 (N_A) | Active surface (unknown managed AgentRuns artifact) carries 79 machine-absolute-path hit line(s); first hit at line 134. Unknown managed artifacts fail closed: define a structural role or remove the machine-local path. |
| REVIEW | ABS_PATH_IN_UNCLASSIFIED_SURFACE | path-anchoring | `projects/chirality-piping/execution/_Coordination/AgentRuns/HELP-HUMAN-PIPING-20260918-UI-IMPLEMENTATION/instances/CONTINUATION_2026-09-24/ENGINE_INTEGRATION/PHYSICS_READER_JOIN/RESUME_01/CHECKS/READER_ATTEMPTS.json:2` | SPEC-0.2.4 (N_A) | Active surface (unknown managed AgentRuns artifact) carries 1 machine-absolute-path hit line(s); first hit at line 2. Unknown managed artifacts fail closed: define a structural role or remove the machine-local path. |
| REVIEW | ABS_PATH_IN_UNCLASSIFIED_SURFACE | path-anchoring | `projects/chirality-piping/execution/_Coordination/AgentRuns/HELP-HUMAN-PIPING-20260918-UI-IMPLEMENTATION/instances/CONTINUATION_2026-09-24/ENGINE_INTEGRATION/PHYSICS_READER_JOIN/RESUME_01/CLI_CAPTURE/MANIFEST.json:4` | SPEC-0.2.4 (N_A) | Active surface (unknown managed AgentRuns artifact) carries 8 machine-absolute-path hit line(s); first hit at line 4. Unknown managed artifacts fail closed: define a structural role or remove the machine-local path. |
| REVIEW | ABS_PATH_IN_UNCLASSIFIED_SURFACE | path-anchoring | `projects/chirality-piping/execution/_Coordination/AgentRuns/HELP-HUMAN-PIPING-20260918-UI-IMPLEMENTATION/instances/CONTINUATION_2026-09-24/ENGINE_INTEGRATION/PHYSICS_READER_JOIN/RESUME_01/CLI_CAPTURE/ORDINARY_PHYSICS/MANIFEST.json:4` | SPEC-0.2.4 (N_A) | Active surface (unknown managed AgentRuns artifact) carries 3 machine-absolute-path hit line(s); first hit at line 4. Unknown managed artifacts fail closed: define a structural role or remove the machine-local path. |
| REVIEW | ABS_PATH_IN_UNCLASSIFIED_SURFACE | path-anchoring | `projects/chirality-piping/execution/_Coordination/AgentRuns/HELP-HUMAN-PIPING-20260918-UI-IMPLEMENTATION/instances/CONTINUATION_2026-09-24/ENGINE_INTEGRATION/PHYSICS_READER_JOIN/RESUME_01/COMPOSITE_TS/CR01_CR03.json:20` | SPEC-0.2.4 (N_A) | Active surface (unknown managed AgentRuns artifact) carries 2 machine-absolute-path hit line(s); first hit at line 20. Unknown managed artifacts fail closed: define a structural role or remove the machine-local path. |
| REVIEW | ABS_PATH_IN_UNCLASSIFIED_SURFACE | path-anchoring | `projects/chirality-piping/execution/_Coordination/AgentRuns/HELP-HUMAN-PIPING-20260918-UI-IMPLEMENTATION/instances/CONTINUATION_2026-09-24/ENGINE_INTEGRATION/PHYSICS_READER_JOIN/RESUME_01/COMPOSITE_TS/EXECUTION.json:14` | SPEC-0.2.4 (N_A) | Active surface (unknown managed AgentRuns artifact) carries 14 machine-absolute-path hit line(s); first hit at line 14. Unknown managed artifacts fail closed: define a structural role or remove the machine-local path. |
| REVIEW | ABS_PATH_IN_UNCLASSIFIED_SURFACE | path-anchoring | `projects/chirality-piping/execution/_Coordination/AgentRuns/HELP-HUMAN-PIPING-20260918-UI-IMPLEMENTATION/instances/CONTINUATION_2026-09-24/ENGINE_INTEGRATION/PHYSICS_READER_JOIN/RESUME_01/COMPOSITE_TS/SHAPE_DIAGNOSIS_01.json:7` | SPEC-0.2.4 (N_A) | Active surface (unknown managed AgentRuns artifact) carries 2 machine-absolute-path hit line(s); first hit at line 7. Unknown managed artifacts fail closed: define a structural role or remove the machine-local path. |
| REVIEW | ABS_PATH_IN_UNCLASSIFIED_SURFACE | path-anchoring | `projects/chirality-piping/execution/_Coordination/AgentRuns/HELP-HUMAN-PIPING-20260918-UI-IMPLEMENTATION/instances/CONTINUATION_2026-09-24/ENGINE_INTEGRATION/PHYSICS_READER_JOIN/RESUME_01/COMPOSITE_VALIDATOR/REVIEW_REPAIR/SOURCE_HASHES.json:90` | SPEC-0.2.4 (N_A) | Active surface (unknown managed AgentRuns artifact) carries 3 machine-absolute-path hit line(s); first hit at line 90. Unknown managed artifacts fail closed: define a structural role or remove the machine-local path. |
| REVIEW | ABS_PATH_IN_UNCLASSIFIED_SURFACE | path-anchoring | `projects/chirality-piping/execution/_Coordination/AgentRuns/HELP-HUMAN-PIPING-20260918-UI-IMPLEMENTATION/instances/CONTINUATION_2026-09-24/ENGINE_INTEGRATION/PHYSICS_READER_JOIN/RESUME_01/EXECUTION_BASIS.json:11` | SPEC-0.2.4 (N_A) | Active surface (unknown managed AgentRuns artifact) carries 10 machine-absolute-path hit line(s); first hit at line 11. Unknown managed artifacts fail closed: define a structural role or remove the machine-local path. |
| REVIEW | ABS_PATH_IN_UNCLASSIFIED_SURFACE | path-anchoring | `projects/chirality-piping/execution/_Coordination/AgentRuns/HELP-HUMAN-PIPING-20260918-UI-IMPLEMENTATION/instances/CONTINUATION_2026-09-24/ENGINE_INTEGRATION/PHYSICS_READER_JOIN/RESUME_01/FINAL_INTEROP_CHECK.json:13` | SPEC-0.2.4 (N_A) | Active surface (unknown managed AgentRuns artifact) carries 4 machine-absolute-path hit line(s); first hit at line 13. Unknown managed artifacts fail closed: define a structural role or remove the machine-local path. |
| REVIEW | ABS_PATH_IN_UNCLASSIFIED_SURFACE | path-anchoring | `projects/chirality-piping/execution/_Coordination/AgentRuns/HELP-HUMAN-PIPING-20260918-UI-IMPLEMENTATION/instances/CONTINUATION_2026-09-24/ENGINE_INTEGRATION/PHYSICS_READER_JOIN/RESUME_01/FINAL_OWNED_SOURCE_MANIFEST.json:4` | SPEC-0.2.4 (N_A) | Active surface (unknown managed AgentRuns artifact) carries 1 machine-absolute-path hit line(s); first hit at line 4. Unknown managed artifacts fail closed: define a structural role or remove the machine-local path. |
| REVIEW | ABS_PATH_IN_UNCLASSIFIED_SURFACE | path-anchoring | `projects/chirality-piping/execution/_Coordination/AgentRuns/HELP-HUMAN-PIPING-20260918-UI-IMPLEMENTATION/instances/CONTINUATION_2026-09-24/ENGINE_INTEGRATION/PHYSICS_READER_JOIN/RESUME_01/HEADLESS_TASK/EXECUTION_BASIS.json:20` | SPEC-0.2.4 (N_A) | Active surface (unknown managed AgentRuns artifact) carries 19 machine-absolute-path hit line(s); first hit at line 20. Unknown managed artifacts fail closed: define a structural role or remove the machine-local path. |
| REVIEW | ABS_PATH_IN_UNCLASSIFIED_SURFACE | path-anchoring | `projects/chirality-piping/execution/_Coordination/AgentRuns/HELP-HUMAN-PIPING-20260918-UI-IMPLEMENTATION/instances/CONTINUATION_2026-09-24/ENGINE_INTEGRATION/PHYSICS_READER_JOIN/RESUME_01/SCHEMA_TASK/EXECUTION.json:18` | SPEC-0.2.4 (N_A) | Active surface (unknown managed AgentRuns artifact) carries 22 machine-absolute-path hit line(s); first hit at line 18. Unknown managed artifacts fail closed: define a structural role or remove the machine-local path. |
| REVIEW | ABS_PATH_IN_UNCLASSIFIED_SURFACE | path-anchoring | `projects/chirality-piping/execution/_Coordination/AgentRuns/HELP-HUMAN-PIPING-20260918-UI-IMPLEMENTATION/instances/CONTINUATION_2026-09-24/ENGINE_INTEGRATION/PHYSICS_READER_JOIN/RESUME_01/STRESS_NEUTRAL_PYTHON/CR02_VALUE_BITS/ACTUAL_ANNOTATION_ONLY.json:30` | SPEC-0.2.4 (N_A) | Active surface (unknown managed AgentRuns artifact) carries 1 machine-absolute-path hit line(s); first hit at line 30. Unknown managed artifacts fail closed: define a structural role or remove the machine-local path. |
| REVIEW | ABS_PATH_IN_UNCLASSIFIED_SURFACE | path-anchoring | `projects/chirality-piping/execution/_Coordination/AgentRuns/HELP-HUMAN-PIPING-20260918-UI-IMPLEMENTATION/instances/CONTINUATION_2026-09-24/ENGINE_INTEGRATION/PHYSICS_READER_JOIN/RESUME_01/STRESS_NEUTRAL_PYTHON/CR02_VALUE_BITS/EXECUTION_BASIS.json:29` | SPEC-0.2.4 (N_A) | Active surface (unknown managed AgentRuns artifact) carries 2 machine-absolute-path hit line(s); first hit at line 29. Unknown managed artifacts fail closed: define a structural role or remove the machine-local path. |
| REVIEW | ABS_PATH_IN_UNCLASSIFIED_SURFACE | path-anchoring | `projects/chirality-piping/execution/_Coordination/AgentRuns/HELP-HUMAN-PIPING-20260918-UI-IMPLEMENTATION/instances/CONTINUATION_2026-09-24/ENGINE_INTEGRATION/PHYSICS_READER_JOIN/RESUME_01/STRESS_NEUTRAL_PYTHON/CR02_VALUE_BITS/mixed-roundtrip-01.json:3` | SPEC-0.2.4 (N_A) | Active surface (unknown managed AgentRuns artifact) carries 4 machine-absolute-path hit line(s); first hit at line 3. Unknown managed artifacts fail closed: define a structural role or remove the machine-local path. |
| REVIEW | ABS_PATH_IN_UNCLASSIFIED_SURFACE | path-anchoring | `projects/chirality-piping/execution/_Coordination/AgentRuns/HELP-HUMAN-PIPING-20260918-UI-IMPLEMENTATION/instances/CONTINUATION_2026-09-24/ENGINE_INTEGRATION/PHYSICS_READER_JOIN/RESUME_01/STRESS_NEUTRAL_PYTHON/CR02_VALUE_BITS/pure-values-01.json:3` | SPEC-0.2.4 (N_A) | Active surface (unknown managed AgentRuns artifact) carries 3 machine-absolute-path hit line(s); first hit at line 3. Unknown managed artifacts fail closed: define a structural role or remove the machine-local path. |
| REVIEW | ABS_PATH_IN_UNCLASSIFIED_SURFACE | path-anchoring | `projects/chirality-piping/execution/_Coordination/AgentRuns/HELP-HUMAN-PIPING-20260918-UI-IMPLEMENTATION/instances/CONTINUATION_2026-09-24/ENGINE_INTEGRATION/PHYSICS_READER_JOIN/RESUME_01/STRESS_NEUTRAL_PYTHON/EXECUTION_BASIS.json:30` | SPEC-0.2.4 (N_A) | Active surface (unknown managed AgentRuns artifact) carries 6 machine-absolute-path hit line(s); first hit at line 30. Unknown managed artifacts fail closed: define a structural role or remove the machine-local path. |
| REVIEW | ABS_PATH_IN_UNCLASSIFIED_SURFACE | path-anchoring | `projects/chirality-piping/execution/_Coordination/AgentRuns/HELP-HUMAN-PIPING-20260918-UI-IMPLEMENTATION/instances/CONTINUATION_2026-09-24/ENGINE_INTEGRATION/PHYSICS_READER_JOIN/RESUME_01/STRESS_NEUTRAL_PYTHON/P1_REGRESSION_01.json:2` | SPEC-0.2.4 (N_A) | Active surface (unknown managed AgentRuns artifact) carries 1 machine-absolute-path hit line(s); first hit at line 2. Unknown managed artifacts fail closed: define a structural role or remove the machine-local path. |
| REVIEW | ABS_PATH_IN_UNCLASSIFIED_SURFACE | path-anchoring | `projects/chirality-piping/execution/_Coordination/AgentRuns/HELP-HUMAN-PIPING-20260918-UI-IMPLEMENTATION/instances/CONTINUATION_2026-09-24/ENGINE_INTEGRATION/PHYSICS_READER_JOIN/RESUME_01/STRESS_NEUTRAL_PYTHON/UTF8_CSV/EXECUTION_BASIS.json:22` | SPEC-0.2.4 (N_A) | Active surface (unknown managed AgentRuns artifact) carries 1 machine-absolute-path hit line(s); first hit at line 22. Unknown managed artifacts fail closed: define a structural role or remove the machine-local path. |
| REVIEW | ABS_PATH_IN_UNCLASSIFIED_SURFACE | path-anchoring | `projects/chirality-piping/execution/_Coordination/AgentRuns/HELP-HUMAN-PIPING-20260918-UI-IMPLEMENTATION/instances/CONTINUATION_2026-09-24/ENGINE_INTEGRATION/PHYSICS_READER_JOIN/RESUME_01/STRESS_NEUTRAL_PYTHON/UTF8_CSV/actual-unicode-01.json:3` | SPEC-0.2.4 (N_A) | Active surface (unknown managed AgentRuns artifact) carries 4 machine-absolute-path hit line(s); first hit at line 3. Unknown managed artifacts fail closed: define a structural role or remove the machine-local path. |
| REVIEW | ABS_PATH_IN_UNCLASSIFIED_SURFACE | path-anchoring | `projects/chirality-piping/execution/_Coordination/AgentRuns/HELP-HUMAN-PIPING-20260918-UI-IMPLEMENTATION/instances/CONTINUATION_2026-09-24/ENGINE_INTEGRATION/PHYSICS_READER_JOIN/RESUME_01/STRESS_NEUTRAL_PYTHON/UTF8_CSV/pure-utf8-01.json:3` | SPEC-0.2.4 (N_A) | Active surface (unknown managed AgentRuns artifact) carries 7 machine-absolute-path hit line(s); first hit at line 3. Unknown managed artifacts fail closed: define a structural role or remove the machine-local path. |
| REVIEW | ABS_PATH_IN_UNCLASSIFIED_SURFACE | path-anchoring | `projects/chirality-piping/execution/_Coordination/AgentRuns/HELP-HUMAN-PIPING-20260918-UI-IMPLEMENTATION/instances/CONTINUATION_2026-09-24/ENGINE_INTEGRATION/PHYSICS_READER_JOIN/RESUME_01/STRESS_NEUTRAL_PYTHON/WITNESS_TARGET_INTEROP/EXECUTION_BASIS.json:24` | SPEC-0.2.4 (N_A) | Active surface (unknown managed AgentRuns artifact) carries 1 machine-absolute-path hit line(s); first hit at line 24. Unknown managed artifacts fail closed: define a structural role or remove the machine-local path. |
| REVIEW | ABS_PATH_IN_UNCLASSIFIED_SURFACE | path-anchoring | `projects/chirality-piping/execution/_Coordination/AgentRuns/HELP-HUMAN-PIPING-20260918-UI-IMPLEMENTATION/instances/CONTINUATION_2026-09-24/ENGINE_INTEGRATION/PHYSICS_READER_JOIN/RESUME_01/STRESS_NEUTRAL_PYTHON/WITNESS_TARGET_INTEROP/FOCUSED_TEST_RESULT.json:3` | SPEC-0.2.4 (N_A) | Active surface (unknown managed AgentRuns artifact) carries 42 machine-absolute-path hit line(s); first hit at line 3. Unknown managed artifacts fail closed: define a structural role or remove the machine-local path. |
| REVIEW | ABS_PATH_IN_UNCLASSIFIED_SURFACE | path-anchoring | `projects/chirality-piping/execution/_Coordination/AgentRuns/HELP-HUMAN-PIPING-20260918-UI-IMPLEMENTATION/instances/CONTINUATION_2026-09-24/ENGINE_INTEGRATION/PHYSICS_READER_JOIN/RESUME_01/STRESS_NEUTRAL_PYTHON/WITNESS_TARGET_INTEROP/FOCUSED_TEST_START.json:3` | SPEC-0.2.4 (N_A) | Active surface (unknown managed AgentRuns artifact) carries 23 machine-absolute-path hit line(s); first hit at line 3. Unknown managed artifacts fail closed: define a structural role or remove the machine-local path. |
| REVIEW | ABS_PATH_IN_UNCLASSIFIED_SURFACE | path-anchoring | `projects/chirality-piping/execution/_Coordination/AgentRuns/HELP-HUMAN-PIPING-20260918-UI-IMPLEMENTATION/instances/CONTINUATION_2026-09-24/ENGINE_INTEGRATION/PHYSICS_READER_JOIN/RESUME_01/STRESS_NEUTRAL_PYTHON/focused-01.json:3` | SPEC-0.2.4 (N_A) | Active surface (unknown managed AgentRuns artifact) carries 3 machine-absolute-path hit line(s); first hit at line 3. Unknown managed artifacts fail closed: define a structural role or remove the machine-local path. |
| REVIEW | ABS_PATH_IN_UNCLASSIFIED_SURFACE | path-anchoring | `projects/chirality-piping/execution/_Coordination/AgentRuns/HELP-HUMAN-PIPING-20260918-UI-IMPLEMENTATION/instances/CONTINUATION_2026-09-24/ENGINE_INTEGRATION/PHYSICS_READER_JOIN/RESUME_01/TS_FANIN/CANDIDATES.json:11` | SPEC-0.2.4 (N_A) | Active surface (unknown managed AgentRuns artifact) carries 23 machine-absolute-path hit line(s); first hit at line 11. Unknown managed artifacts fail closed: define a structural role or remove the machine-local path. |
| REVIEW | ABS_PATH_IN_UNCLASSIFIED_SURFACE | path-anchoring | `projects/chirality-piping/execution/_Coordination/AgentRuns/HELP-HUMAN-PIPING-20260918-UI-IMPLEMENTATION/instances/CONTINUATION_2026-09-24/ENGINE_INTEGRATION/PHYSICS_READER_JOIN/RESUME_01/TS_FINAL_FREEZE/ANALYSIS_SIGNATURE_DELTA/MANIFEST.json:24` | SPEC-0.2.4 (N_A) | Active surface (unknown managed AgentRuns artifact) carries 5 machine-absolute-path hit line(s); first hit at line 24. Unknown managed artifacts fail closed: define a structural role or remove the machine-local path. |
| REVIEW | ABS_PATH_IN_UNCLASSIFIED_SURFACE | path-anchoring | `projects/chirality-piping/execution/_Coordination/AgentRuns/HELP-HUMAN-PIPING-20260918-UI-IMPLEMENTATION/instances/CONTINUATION_2026-09-24/ENGINE_INTEGRATION/PHYSICS_READER_JOIN/RESUME_01/TS_FINAL_FREEZE/APP_COMMAND.json:3` | SPEC-0.2.4 (N_A) | Active surface (unknown managed AgentRuns artifact) carries 4 machine-absolute-path hit line(s); first hit at line 3. Unknown managed artifacts fail closed: define a structural role or remove the machine-local path. |
| REVIEW | ABS_PATH_IN_UNCLASSIFIED_SURFACE | path-anchoring | `projects/chirality-piping/execution/_Coordination/AgentRuns/HELP-HUMAN-PIPING-20260918-UI-IMPLEMENTATION/instances/CONTINUATION_2026-09-24/ENGINE_INTEGRATION/PHYSICS_READER_JOIN/RESUME_01/TS_FINAL_FREEZE/CHECKS.json:2` | SPEC-0.2.4 (N_A) | Active surface (unknown managed AgentRuns artifact) carries 13 machine-absolute-path hit line(s); first hit at line 2. Unknown managed artifacts fail closed: define a structural role or remove the machine-local path. |
| REVIEW | ABS_PATH_IN_UNCLASSIFIED_SURFACE | path-anchoring | `projects/chirality-piping/execution/_Coordination/AgentRuns/HELP-HUMAN-PIPING-20260918-UI-IMPLEMENTATION/instances/CONTINUATION_2026-09-24/ENGINE_INTEGRATION/PHYSICS_READER_JOIN/RESUME_01/TS_FINAL_FREEZE/EXECUTION_PROVENANCE.json:3` | SPEC-0.2.4 (N_A) | Active surface (unknown managed AgentRuns artifact) carries 61 machine-absolute-path hit line(s); first hit at line 3. Unknown managed artifacts fail closed: define a structural role or remove the machine-local path. |
| REVIEW | ABS_PATH_IN_UNCLASSIFIED_SURFACE | path-anchoring | `projects/chirality-piping/execution/_Coordination/AgentRuns/HELP-HUMAN-PIPING-20260918-UI-IMPLEMENTATION/instances/CONTINUATION_2026-09-24/ENGINE_INTEGRATION/PHYSICS_READER_JOIN/RESUME_01/TS_FINAL_FREEZE/FINAL_RUNTIME.json:5` | SPEC-0.2.4 (N_A) | Active surface (unknown managed AgentRuns artifact) carries 4 machine-absolute-path hit line(s); first hit at line 5. Unknown managed artifacts fail closed: define a structural role or remove the machine-local path. |
| REVIEW | ABS_PATH_IN_UNCLASSIFIED_SURFACE | path-anchoring | `projects/chirality-piping/execution/_Coordination/AgentRuns/HELP-HUMAN-PIPING-20260918-UI-IMPLEMENTATION/instances/CONTINUATION_2026-09-24/ENGINE_INTEGRATION/PHYSICS_READER_JOIN/RESUME_01/TS_FINAL_FREEZE/INTEROP_RESULT.json:245` | SPEC-0.2.4 (N_A) | Active surface (unknown managed AgentRuns artifact) carries 8 machine-absolute-path hit line(s); first hit at line 245. Unknown managed artifacts fail closed: define a structural role or remove the machine-local path. |
| REVIEW | ABS_PATH_IN_UNCLASSIFIED_SURFACE | path-anchoring | `projects/chirality-piping/execution/_Coordination/AgentRuns/HELP-HUMAN-PIPING-20260918-UI-IMPLEMENTATION/instances/CONTINUATION_2026-09-24/ENGINE_INTEGRATION/PHYSICS_READER_JOIN/RESUME_01/TS_FINAL_FREEZE/SUPPORT_INTEROP_DELTA/CAUSE.json:2` | SPEC-0.2.4 (N_A) | Active surface (unknown managed AgentRuns artifact) carries 1 machine-absolute-path hit line(s); first hit at line 2. Unknown managed artifacts fail closed: define a structural role or remove the machine-local path. |
| REVIEW | ABS_PATH_IN_UNCLASSIFIED_SURFACE | path-anchoring | `projects/chirality-piping/execution/_Coordination/AgentRuns/HELP-HUMAN-PIPING-20260918-UI-IMPLEMENTATION/instances/CONTINUATION_2026-09-24/ENGINE_INTEGRATION/PHYSICS_READER_JOIN/RESUME_01/TS_FINAL_FREEZE/SUPPORT_INTEROP_DELTA/MANIFEST.json:17` | SPEC-0.2.4 (N_A) | Active surface (unknown managed AgentRuns artifact) carries 2 machine-absolute-path hit line(s); first hit at line 17. Unknown managed artifacts fail closed: define a structural role or remove the machine-local path. |
| REVIEW | ABS_PATH_IN_UNCLASSIFIED_SURFACE | path-anchoring | `projects/chirality-piping/execution/_Coordination/AgentRuns/HELP-HUMAN-PIPING-20260918-UI-IMPLEMENTATION/instances/CONTINUATION_2026-09-24/ENGINE_INTEGRATION/PHYSICS_READER_JOIN/RULE_SOURCE_IMMUTABILITY/headless-immutability-execution.json:15` | SPEC-0.2.4 (N_A) | Active surface (unknown managed AgentRuns artifact) carries 5 machine-absolute-path hit line(s); first hit at line 15. Unknown managed artifacts fail closed: define a structural role or remove the machine-local path. |
| REVIEW | ABS_PATH_IN_UNCLASSIFIED_SURFACE | path-anchoring | `projects/chirality-piping/execution/_Coordination/AgentRuns/HELP-HUMAN-PIPING-20260918-UI-IMPLEMENTATION/instances/CONTINUATION_2026-09-24/ENGINE_INTEGRATION/PHYSICS_READER_JOIN/RULE_SOURCE_IMMUTABILITY/solve-lifecycle-execution.json:13` | SPEC-0.2.4 (N_A) | Active surface (unknown managed AgentRuns artifact) carries 2 machine-absolute-path hit line(s); first hit at line 13. Unknown managed artifacts fail closed: define a structural role or remove the machine-local path. |
| REVIEW | ABS_PATH_IN_UNCLASSIFIED_SURFACE | path-anchoring | `projects/chirality-piping/execution/_Coordination/AgentRuns/HELP-HUMAN-PIPING-20260918-UI-IMPLEMENTATION/instances/CONTINUATION_2026-09-24/ENGINE_INTEGRATION/PHYSICS_READER_JOIN/RULE_SOURCE_IMMUTABILITY/state-and-history-execution.json:16` | SPEC-0.2.4 (N_A) | Active surface (unknown managed AgentRuns artifact) carries 2 machine-absolute-path hit line(s); first hit at line 16. Unknown managed artifacts fail closed: define a structural role or remove the machine-local path. |
| REVIEW | ABS_PATH_IN_UNCLASSIFIED_SURFACE | path-anchoring | `projects/chirality-piping/execution/_Coordination/AgentRuns/HELP-HUMAN-PIPING-20260918-UI-IMPLEMENTATION/instances/CONTINUATION_2026-09-24/ENGINE_INTEGRATION/PHYSICS_READER_JOIN/RULE_SOURCE_IMMUTABILITY/tsc-execution.json:8` | SPEC-0.2.4 (N_A) | Active surface (unknown managed AgentRuns artifact) carries 1 machine-absolute-path hit line(s); first hit at line 8. Unknown managed artifacts fail closed: define a structural role or remove the machine-local path. |
| REVIEW | ABS_PATH_IN_UNCLASSIFIED_SURFACE | path-anchoring | `projects/chirality-piping/execution/_Coordination/AgentRuns/HELP-HUMAN-PIPING-20260918-UI-IMPLEMENTATION/instances/CONTINUATION_2026-09-24/ENGINE_INTEGRATION/PHYSICS_READER_JOIN/RUST_TASK/EXECUTION_BASIS.json:7` | SPEC-0.2.4 (N_A) | Active surface (unknown managed AgentRuns artifact) carries 20 machine-absolute-path hit line(s); first hit at line 7. Unknown managed artifacts fail closed: define a structural role or remove the machine-local path. |
| REVIEW | ABS_PATH_IN_UNCLASSIFIED_SURFACE | path-anchoring | `projects/chirality-piping/execution/_Coordination/AgentRuns/HELP-HUMAN-PIPING-20260918-UI-IMPLEMENTATION/instances/CONTINUATION_2026-09-24/ENGINE_INTEGRATION/PHYSICS_READER_JOIN/RUST_TASK/cargo-consumer-tests-01.json:17` | SPEC-0.2.4 (N_A) | Active surface (unknown managed AgentRuns artifact) carries 2 machine-absolute-path hit line(s); first hit at line 17. Unknown managed artifacts fail closed: define a structural role or remove the machine-local path. |
| REVIEW | ABS_PATH_IN_UNCLASSIFIED_SURFACE | path-anchoring | `projects/chirality-piping/execution/_Coordination/AgentRuns/HELP-HUMAN-PIPING-20260918-UI-IMPLEMENTATION/instances/CONTINUATION_2026-09-24/ENGINE_INTEGRATION/PHYSICS_READER_JOIN/TS_TASK/EXECUTION.json:7` | SPEC-0.2.4 (N_A) | Active surface (unknown managed AgentRuns artifact) carries 20 machine-absolute-path hit line(s); first hit at line 7. Unknown managed artifacts fail closed: define a structural role or remove the machine-local path. |
| REVIEW | ABS_PATH_IN_UNCLASSIFIED_SURFACE | path-anchoring | `projects/chirality-piping/execution/_Coordination/AgentRuns/HELP-HUMAN-PIPING-20260918-UI-IMPLEMENTATION/instances/CONTINUATION_2026-09-24/ENGINE_INTEGRATION/PHYSICS_READER_JOIN/headless-connected-execution.json:16` | SPEC-0.2.4 (N_A) | Active surface (unknown managed AgentRuns artifact) carries 3 machine-absolute-path hit line(s); first hit at line 16. Unknown managed artifacts fail closed: define a structural role or remove the machine-local path. |
| REVIEW | ABS_PATH_IN_UNCLASSIFIED_SURFACE | path-anchoring | `projects/chirality-piping/execution/_Coordination/AgentRuns/HELP-HUMAN-PIPING-20260918-UI-IMPLEMENTATION/instances/CONTINUATION_2026-09-24/ENGINE_INTEGRATION/PRECISION_UI_COMPANION.json:59` | SPEC-0.2.4 (N_A) | Active surface (unknown managed AgentRuns artifact) carries 4 machine-absolute-path hit line(s); first hit at line 59. Unknown managed artifacts fail closed: define a structural role or remove the machine-local path. |
| REVIEW | ABS_PATH_IN_UNCLASSIFIED_SURFACE | path-anchoring | `projects/chirality-piping/execution/_Coordination/AgentRuns/HELP-HUMAN-PIPING-20260918-UI-IMPLEMENTATION/instances/CONTINUATION_2026-09-24/ENGINE_INTEGRATION/ROOT_MAIN_UNION/INDEPENDENT_REVIEW/FINAL_CHECKED_BASIS.json:14` | SPEC-0.2.4 (N_A) | Active surface (unknown managed AgentRuns artifact) carries 14 machine-absolute-path hit line(s); first hit at line 14. Unknown managed artifacts fail closed: define a structural role or remove the machine-local path. |
| REVIEW | ABS_PATH_IN_UNCLASSIFIED_SURFACE | path-anchoring | `projects/chirality-piping/execution/_Coordination/AgentRuns/HELP-HUMAN-PIPING-20260918-UI-IMPLEMENTATION/instances/CONTINUATION_2026-09-24/ENGINE_INTEGRATION/SOURCE_BLOCK_FANIN/FANIN_01.json:3` | SPEC-0.2.4 (N_A) | Active surface (unknown managed AgentRuns artifact) carries 1 machine-absolute-path hit line(s); first hit at line 3. Unknown managed artifacts fail closed: define a structural role or remove the machine-local path. |
| REVIEW | ABS_PATH_IN_UNCLASSIFIED_SURFACE | path-anchoring | `projects/chirality-piping/execution/_Coordination/AgentRuns/HELP-HUMAN-PIPING-20260918-UI-IMPLEMENTATION/instances/CONTINUATION_2026-09-24/ENGINE_INTEGRATION/SOURCE_BLOCK_FANIN/READER_RESOLUTION/EXECUTION_BASIS.json:9` | SPEC-0.2.4 (N_A) | Active surface (unknown managed AgentRuns artifact) carries 2 machine-absolute-path hit line(s); first hit at line 9. Unknown managed artifacts fail closed: define a structural role or remove the machine-local path. |
| REVIEW | ABS_PATH_IN_UNCLASSIFIED_SURFACE | path-anchoring | `projects/chirality-piping/execution/_Coordination/AgentRuns/HELP-HUMAN-PIPING-20260918-UI-IMPLEMENTATION/instances/CONTINUATION_2026-09-24/ENGINE_INTEGRATION/SOURCE_BLOCK_FANIN/existing-public-01.json:12` | SPEC-0.2.4 (N_A) | Active surface (unknown managed AgentRuns artifact) carries 1 machine-absolute-path hit line(s); first hit at line 12. Unknown managed artifacts fail closed: define a structural role or remove the machine-local path. |
| REVIEW | ABS_PATH_IN_UNCLASSIFIED_SURFACE | path-anchoring | `projects/chirality-piping/execution/_Coordination/AgentRuns/HELP-HUMAN-PIPING-20260918-UI-IMPLEMENTATION/instances/CONTINUATION_2026-09-24/ENGINE_INTEGRATION/SOURCE_BLOCK_FANIN/product-check-01.json:12` | SPEC-0.2.4 (N_A) | Active surface (unknown managed AgentRuns artifact) carries 1 machine-absolute-path hit line(s); first hit at line 12. Unknown managed artifacts fail closed: define a structural role or remove the machine-local path. |
| REVIEW | ABS_PATH_IN_UNCLASSIFIED_SURFACE | path-anchoring | `projects/chirality-piping/execution/_Coordination/AgentRuns/HELP-HUMAN-PIPING-20260918-UI-IMPLEMENTATION/instances/CONTINUATION_2026-09-24/ENGINE_INTEGRATION/SOURCE_BLOCK_FANIN/reader-union-01.json:12` | SPEC-0.2.4 (N_A) | Active surface (unknown managed AgentRuns artifact) carries 1 machine-absolute-path hit line(s); first hit at line 12. Unknown managed artifacts fail closed: define a structural role or remove the machine-local path. |
| REVIEW | ABS_PATH_IN_PROJECT_SURFACE | path-anchoring | `projects/chirality-piping/execution/_Coordination/AgentRuns/HELP-HUMAN-PIPING-20260918-UI-IMPLEMENTATION/instances/CONTINUATION_2026-09-24/ENGINE_INTEGRATION/SOURCE_ENDPOINT_MAXIMUM/BRIEF.md:9` | SPEC-0.2.4 (N_A) | Active CONTROL surface (managed control record `BRIEF.md`) carries 1 machine-absolute-path hit line(s); first hit at line 9. SPEC §0.2.4 requires repo-relative anchoring on active controls. Use `{REPO_ROOT}`, `{WORKING_ROOT}`, or a repo-relative path; only a hash-bound historical exception can acknowledge immutable control history. |
| REVIEW | ABS_PATH_IN_UNCLASSIFIED_SURFACE | path-anchoring | `projects/chirality-piping/execution/_Coordination/AgentRuns/HELP-HUMAN-PIPING-20260918-UI-IMPLEMENTATION/instances/CONTINUATION_2026-09-24/ENGINE_INTEGRATION/SOURCE_ENDPOINT_MAXIMUM/CHECKS.json:10` | SPEC-0.2.4 (N_A) | Active surface (unknown managed AgentRuns artifact) carries 3 machine-absolute-path hit line(s); first hit at line 10. Unknown managed artifacts fail closed: define a structural role or remove the machine-local path. |
| REVIEW | ABS_PATH_IN_UNCLASSIFIED_SURFACE | path-anchoring | `projects/chirality-piping/execution/_Coordination/AgentRuns/HELP-HUMAN-PIPING-20260918-UI-IMPLEMENTATION/instances/CONTINUATION_2026-09-24/ENGINE_INTEGRATION/SOURCE_ENDPOINT_MAXIMUM/INDEPENDENT_REVIEW/EXECUTION.json:8` | SPEC-0.2.4 (N_A) | Active surface (unknown managed AgentRuns artifact) carries 9 machine-absolute-path hit line(s); first hit at line 8. Unknown managed artifacts fail closed: define a structural role or remove the machine-local path. |
| REVIEW | ABS_PATH_IN_UNCLASSIFIED_SURFACE | path-anchoring | `projects/chirality-piping/execution/_Coordination/AgentRuns/HELP-HUMAN-PIPING-20260918-UI-IMPLEMENTATION/instances/CONTINUATION_2026-09-24/ENGINE_INTEGRATION/SOURCE_ENDPOINT_MAXIMUM/INDEPENDENT_REVIEW/ORIGIN_COMPARISON.json:3` | SPEC-0.2.4 (N_A) | Active surface (unknown managed AgentRuns artifact) carries 18 machine-absolute-path hit line(s); first hit at line 3. Unknown managed artifacts fail closed: define a structural role or remove the machine-local path. |
| REVIEW | ABS_PATH_IN_UNCLASSIFIED_SURFACE | path-anchoring | `projects/chirality-piping/execution/_Coordination/AgentRuns/HELP-HUMAN-PIPING-20260918-UI-IMPLEMENTATION/instances/CONTINUATION_2026-09-24/ENGINE_INTEGRATION/SOURCE_ENDPOINT_MAXIMUM/INPUT_ORIGINS.json:9` | SPEC-0.2.4 (N_A) | Active surface (unknown managed AgentRuns artifact) carries 28 machine-absolute-path hit line(s); first hit at line 9. Unknown managed artifacts fail closed: define a structural role or remove the machine-local path. |
| REVIEW | ABS_PATH_IN_UNCLASSIFIED_SURFACE | path-anchoring | `projects/chirality-piping/execution/_Coordination/AgentRuns/HELP-HUMAN-PIPING-20260918-UI-IMPLEMENTATION/instances/CONTINUATION_2026-09-24/ENGINE_INTEGRATION/SOURCE_ENDPOINT_MAXIMUM/STANDALONE_EXECUTION.json:12` | SPEC-0.2.4 (N_A) | Active surface (unknown managed AgentRuns artifact) carries 3 machine-absolute-path hit line(s); first hit at line 12. Unknown managed artifacts fail closed: define a structural role or remove the machine-local path. |
| REVIEW | ABS_PATH_IN_PROJECT_SURFACE | path-anchoring | `projects/chirality-piping/execution/_Coordination/AgentRuns/HELP-HUMAN-PIPING-20260918-UI-IMPLEMENTATION/instances/CONTINUATION_2026-09-24/ENGINE_INTEGRATION/STABLE_REVIEW/AUTHORING_NATIVE/BRIEF.md:5` | SPEC-0.2.4 (N_A) | Active CONTROL surface (managed control record `BRIEF.md`) carries 2 machine-absolute-path hit line(s); first hit at line 5. SPEC §0.2.4 requires repo-relative anchoring on active controls. Use `{REPO_ROOT}`, `{WORKING_ROOT}`, or a repo-relative path; only a hash-bound historical exception can acknowledge immutable control history. |
| REVIEW | ABS_PATH_IN_UNCLASSIFIED_SURFACE | path-anchoring | `projects/chirality-piping/execution/_Coordination/AgentRuns/HELP-HUMAN-PIPING-20260918-UI-IMPLEMENTATION/instances/CONTINUATION_2026-09-24/ENGINE_INTEGRATION/STABLE_REVIEW/AUTHORING_NATIVE/FOCUSED_EVIDENCE_CHECK.json:5` | SPEC-0.2.4 (N_A) | Active surface (unknown managed AgentRuns artifact) carries 2 machine-absolute-path hit line(s); first hit at line 5. Unknown managed artifacts fail closed: define a structural role or remove the machine-local path. |
| REVIEW | ABS_PATH_IN_UNCLASSIFIED_SURFACE | path-anchoring | `projects/chirality-piping/execution/_Coordination/AgentRuns/HELP-HUMAN-PIPING-20260918-UI-IMPLEMENTATION/instances/CONTINUATION_2026-09-24/ENGINE_INTEGRATION/STABLE_REVIEW/AUTHORING_NATIVE/REVIEW_EXECUTION.json:9` | SPEC-0.2.4 (N_A) | Active surface (unknown managed AgentRuns artifact) carries 7 machine-absolute-path hit line(s); first hit at line 9. Unknown managed artifacts fail closed: define a structural role or remove the machine-local path. |
| REVIEW | ABS_PATH_IN_UNCLASSIFIED_SURFACE | path-anchoring | `projects/chirality-piping/execution/_Coordination/AgentRuns/HELP-HUMAN-PIPING-20260918-UI-IMPLEMENTATION/instances/CONTINUATION_2026-09-24/ENGINE_INTEGRATION/STABLE_REVIEW/CONSUMERS/ACTUAL_THERMAL_TS_FROZEN.json:58` | SPEC-0.2.4 (N_A) | Active surface (unknown managed AgentRuns artifact) carries 4 machine-absolute-path hit line(s); first hit at line 58. Unknown managed artifacts fail closed: define a structural role or remove the machine-local path. |
| REVIEW | ABS_PATH_IN_PROJECT_SURFACE | path-anchoring | `projects/chirality-piping/execution/_Coordination/AgentRuns/HELP-HUMAN-PIPING-20260918-UI-IMPLEMENTATION/instances/CONTINUATION_2026-09-24/ENGINE_INTEGRATION/STABLE_REVIEW/CONSUMERS/BRIEF.md:5` | SPEC-0.2.4 (N_A) | Active CONTROL surface (managed control record `BRIEF.md`) carries 2 machine-absolute-path hit line(s); first hit at line 5. SPEC §0.2.4 requires repo-relative anchoring on active controls. Use `{REPO_ROOT}`, `{WORKING_ROOT}`, or a repo-relative path; only a hash-bound historical exception can acknowledge immutable control history. |
| REVIEW | ABS_PATH_IN_UNCLASSIFIED_SURFACE | path-anchoring | `projects/chirality-piping/execution/_Coordination/AgentRuns/HELP-HUMAN-PIPING-20260918-UI-IMPLEMENTATION/instances/CONTINUATION_2026-09-24/ENGINE_INTEGRATION/STABLE_REVIEW/CONSUMERS/BROWSER_FINAL_HASHES_AND_CHECKS.json:285` | SPEC-0.2.4 (N_A) | Active surface (unknown managed AgentRuns artifact) carries 1 machine-absolute-path hit line(s); first hit at line 285. Unknown managed artifacts fail closed: define a structural role or remove the machine-local path. |
| REVIEW | ABS_PATH_IN_UNCLASSIFIED_SURFACE | path-anchoring | `projects/chirality-piping/execution/_Coordination/AgentRuns/HELP-HUMAN-PIPING-20260918-UI-IMPLEMENTATION/instances/CONTINUATION_2026-09-24/ENGINE_INTEGRATION/STABLE_REVIEW/CONSUMERS/FINDINGS.md:114` | SPEC-0.2.4 (N_A) | Active surface (unknown managed AgentRuns artifact) carries 1 machine-absolute-path hit line(s); first hit at line 114. Unknown managed artifacts fail closed: define a structural role or remove the machine-local path. |
| REVIEW | ABS_PATH_IN_UNCLASSIFIED_SURFACE | path-anchoring | `projects/chirality-piping/execution/_Coordination/AgentRuns/HELP-HUMAN-PIPING-20260918-UI-IMPLEMENTATION/instances/CONTINUATION_2026-09-24/ENGINE_INTEGRATION/STABLE_REVIEW/CONSUMERS/PROBES_FROZEN_PYTHON.json:10` | SPEC-0.2.4 (N_A) | Active surface (unknown managed AgentRuns artifact) carries 10 machine-absolute-path hit line(s); first hit at line 10. Unknown managed artifacts fail closed: define a structural role or remove the machine-local path. |
| REVIEW | ABS_PATH_IN_UNCLASSIFIED_SURFACE | path-anchoring | `projects/chirality-piping/execution/_Coordination/AgentRuns/HELP-HUMAN-PIPING-20260918-UI-IMPLEMENTATION/instances/CONTINUATION_2026-09-24/ENGINE_INTEGRATION/STABLE_REVIEW/CONSUMERS/REPAIR_ACTUAL_PYTHON_AND_BINDINGS.json:54` | SPEC-0.2.4 (N_A) | Active surface (unknown managed AgentRuns artifact) carries 2 machine-absolute-path hit line(s); first hit at line 54. Unknown managed artifacts fail closed: define a structural role or remove the machine-local path. |
| REVIEW | ABS_PATH_IN_PROJECT_SURFACE | path-anchoring | `projects/chirality-piping/execution/_Coordination/AgentRuns/HELP-HUMAN-PIPING-20260918-UI-IMPLEMENTATION/instances/CONTINUATION_2026-09-24/ENGINE_INTEGRATION/STABLE_REVIEW/PRODUCER/BRIEF.md:5` | SPEC-0.2.4 (N_A) | Active CONTROL surface (managed control record `BRIEF.md`) carries 2 machine-absolute-path hit line(s); first hit at line 5. SPEC §0.2.4 requires repo-relative anchoring on active controls. Use `{REPO_ROOT}`, `{WORKING_ROOT}`, or a repo-relative path; only a hash-bound historical exception can acknowledge immutable control history. |
| REVIEW | ABS_PATH_IN_UNCLASSIFIED_SURFACE | path-anchoring | `projects/chirality-piping/execution/_Coordination/AgentRuns/HELP-HUMAN-PIPING-20260918-UI-IMPLEMENTATION/instances/CONTINUATION_2026-09-24/ENGINE_INTEGRATION/STABLE_REVIEW/PRODUCER/REVIEW_EXECUTION.json:6` | SPEC-0.2.4 (N_A) | Active surface (unknown managed AgentRuns artifact) carries 1 machine-absolute-path hit line(s); first hit at line 6. Unknown managed artifacts fail closed: define a structural role or remove the machine-local path. |
| REVIEW | ABS_PATH_IN_UNCLASSIFIED_SURFACE | path-anchoring | `projects/chirality-piping/execution/_Coordination/AgentRuns/HELP-HUMAN-PIPING-20260918-UI-IMPLEMENTATION/instances/CONTINUATION_2026-09-24/ENGINE_INTEGRATION/STABLE_REVIEW/PRODUCER/verification.json:65` | SPEC-0.2.4 (N_A) | Active surface (unknown managed AgentRuns artifact) carries 15 machine-absolute-path hit line(s); first hit at line 65. Unknown managed artifacts fail closed: define a structural role or remove the machine-local path. |
| REVIEW | ABS_PATH_IN_UNCLASSIFIED_SURFACE | path-anchoring | `projects/chirality-piping/execution/_Coordination/AgentRuns/HELP-HUMAN-PIPING-20260918-UI-IMPLEMENTATION/instances/CONTINUATION_2026-09-24/ENGINE_INTEGRATION/THERMAL_UI_CAPTURE.json:56` | SPEC-0.2.4 (N_A) | Active surface (unknown managed AgentRuns artifact) carries 4 machine-absolute-path hit line(s); first hit at line 56. Unknown managed artifacts fail closed: define a structural role or remove the machine-local path. |
| REVIEW | ABS_PATH_IN_UNCLASSIFIED_SURFACE | path-anchoring | `projects/chirality-piping/execution/_Coordination/AgentRuns/HELP-HUMAN-PIPING-20260918-UI-IMPLEMENTATION/instances/CONTINUATION_2026-09-24/ENGINE_INTEGRATION/UI_PRODUCER_CAPTURE.json:17` | SPEC-0.2.4 (N_A) | Active surface (unknown managed AgentRuns artifact) carries 2 machine-absolute-path hit line(s); first hit at line 17. Unknown managed artifacts fail closed: define a structural role or remove the machine-local path. |
| REVIEW | ABS_PATH_IN_UNCLASSIFIED_SURFACE | path-anchoring | `projects/chirality-piping/execution/_Coordination/AgentRuns/HELP-HUMAN-PIPING-20260918-UI-IMPLEMENTATION/instances/CONTINUATION_2026-09-24/ENGINE_INTEGRATION/WORKSPACE_DISPATCH_OBSERVATION.json:3` | SPEC-0.2.4 (N_A) | Active surface (unknown managed AgentRuns artifact) carries 2 machine-absolute-path hit line(s); first hit at line 3. Unknown managed artifacts fail closed: define a structural role or remove the machine-local path. |
| REVIEW | ABS_PATH_IN_UNCLASSIFIED_SURFACE | path-anchoring | `projects/chirality-piping/execution/_Coordination/AgentRuns/HELP-HUMAN-PIPING-20260918-UI-IMPLEMENTATION/instances/CONTINUATION_2026-09-24/ENGINE_INTEGRATION/joined-raw-execution.json:15` | SPEC-0.2.4 (N_A) | Active surface (unknown managed AgentRuns artifact) carries 2 machine-absolute-path hit line(s); first hit at line 15. Unknown managed artifacts fail closed: define a structural role or remove the machine-local path. |
| REVIEW | ABS_PATH_IN_UNCLASSIFIED_SURFACE | path-anchoring | `projects/chirality-piping/execution/_Coordination/AgentRuns/HELP-HUMAN-PIPING-20260918-UI-IMPLEMENTATION/instances/CONTINUATION_2026-09-24/ENGINE_INTEGRATION/product-check-02.json:12` | SPEC-0.2.4 (N_A) | Active surface (unknown managed AgentRuns artifact) carries 2 machine-absolute-path hit line(s); first hit at line 12. Unknown managed artifacts fail closed: define a structural role or remove the machine-local path. |
| REVIEW | ABS_PATH_IN_UNCLASSIFIED_SURFACE | path-anchoring | `projects/chirality-piping/execution/_Coordination/AgentRuns/HELP-HUMAN-PIPING-20260918-UI-IMPLEMENTATION/instances/CONTINUATION_2026-09-24/ENGINE_INTEGRATION/product-regressions-01.json:12` | SPEC-0.2.4 (N_A) | Active surface (unknown managed AgentRuns artifact) carries 1 machine-absolute-path hit line(s); first hit at line 12. Unknown managed artifacts fail closed: define a structural role or remove the machine-local path. |
| REVIEW | ABS_PATH_IN_UNCLASSIFIED_SURFACE | path-anchoring | `projects/chirality-piping/execution/_Coordination/AgentRuns/HELP-HUMAN-PIPING-20260918-UI-IMPLEMENTATION/instances/CONTINUATION_2026-09-24/ENGINE_INTEGRATION/product-regressions-02.json:12` | SPEC-0.2.4 (N_A) | Active surface (unknown managed AgentRuns artifact) carries 1 machine-absolute-path hit line(s); first hit at line 12. Unknown managed artifacts fail closed: define a structural role or remove the machine-local path. |
| REVIEW | ABS_PATH_IN_UNCLASSIFIED_SURFACE | path-anchoring | `projects/chirality-piping/execution/_Coordination/AgentRuns/HELP-HUMAN-PIPING-20260918-UI-IMPLEMENTATION/instances/CONTINUATION_2026-09-24/ENGINE_INTEGRATION/product-regressions-03.json:12` | SPEC-0.2.4 (N_A) | Active surface (unknown managed AgentRuns artifact) carries 1 machine-absolute-path hit line(s); first hit at line 12. Unknown managed artifacts fail closed: define a structural role or remove the machine-local path. |
| REVIEW | ABS_PATH_IN_UNCLASSIFIED_SURFACE | path-anchoring | `projects/chirality-piping/execution/_Coordination/AgentRuns/HELP-HUMAN-PIPING-20260918-UI-IMPLEMENTATION/instances/CONTINUATION_2026-09-24/ENGINE_INTEGRATION/product-regressions-04.json:12` | SPEC-0.2.4 (N_A) | Active surface (unknown managed AgentRuns artifact) carries 1 machine-absolute-path hit line(s); first hit at line 12. Unknown managed artifacts fail closed: define a structural role or remove the machine-local path. |
| REVIEW | ABS_PATH_IN_UNCLASSIFIED_SURFACE | path-anchoring | `projects/chirality-piping/execution/_Coordination/AgentRuns/HELP-HUMAN-PIPING-20260918-UI-IMPLEMENTATION/instances/CONTINUATION_2026-09-24/SOLVER_MANAGER/ORDINARY_NUMERICAL_CUT/N05_ADMISSION_OBSERVATION/RECOVERY_DIAGNOSIS/POST_CONTAINMENT_PROVENANCE.json:7` | SPEC-0.2.4 (N_A) | Active surface (unknown managed AgentRuns artifact) carries 2 machine-absolute-path hit line(s); first hit at line 7. Unknown managed artifacts fail closed: define a structural role or remove the machine-local path. |
| REVIEW | ABS_PATH_IN_UNCLASSIFIED_SURFACE | path-anchoring | `projects/chirality-piping/execution/_Coordination/AgentRuns/HELP-HUMAN-PIPING-20260918-UI-IMPLEMENTATION/instances/CONTINUATION_2026-09-24/SOLVER_MANAGER/ORDINARY_NUMERICAL_CUT/N05_ADMISSION_OBSERVATION/RECOVERY_DIAGNOSIS/PROBE_SOURCE_FREEZE.json:4` | SPEC-0.2.4 (N_A) | Active surface (unknown managed AgentRuns artifact) carries 7 machine-absolute-path hit line(s); first hit at line 4. Unknown managed artifacts fail closed: define a structural role or remove the machine-local path. |
| REVIEW | ABS_PATH_IN_UNCLASSIFIED_SURFACE | path-anchoring | `projects/chirality-piping/execution/_Coordination/AgentRuns/HELP-HUMAN-PIPING-20260918-UI-IMPLEMENTATION/instances/CONTINUATION_2026-09-24/SOLVER_MANAGER/ORDINARY_NUMERICAL_CUT/N05_ADMISSION_OBSERVATION/RECOVERY_DIAGNOSIS/PROVENANCE.json:10` | SPEC-0.2.4 (N_A) | Active surface (unknown managed AgentRuns artifact) carries 29 machine-absolute-path hit line(s); first hit at line 10. Unknown managed artifacts fail closed: define a structural role or remove the machine-local path. |
| REVIEW | ABS_PATH_IN_UNCLASSIFIED_SURFACE | path-anchoring | `projects/chirality-piping/execution/_Coordination/AgentRuns/HELP-HUMAN-PIPING-20260918-UI-IMPLEMENTATION/instances/CONTINUATION_2026-09-24/SOLVER_MANAGER/ORDINARY_NUMERICAL_CUT/N05_CONTAINMENT_01/STAGES.json:17` | SPEC-0.2.4 (N_A) | Active surface (unknown managed AgentRuns artifact) carries 5 machine-absolute-path hit line(s); first hit at line 17. Unknown managed artifacts fail closed: define a structural role or remove the machine-local path. |
| REVIEW | ABS_PATH_IN_UNCLASSIFIED_SURFACE | path-anchoring | `projects/chirality-piping/execution/_Coordination/AgentRuns/HELP-HUMAN-PIPING-20260918-UI-IMPLEMENTATION/instances/CONTINUATION_2026-09-24/SOLVER_MANAGER/ORDINARY_NUMERICAL_CUT/RESUME_01/STAGES.json:28` | SPEC-0.2.4 (N_A) | Active surface (unknown managed AgentRuns artifact) carries 1 machine-absolute-path hit line(s); first hit at line 28. Unknown managed artifacts fail closed: define a structural role or remove the machine-local path. |
| REVIEW | ABS_PATH_IN_UNCLASSIFIED_SURFACE | path-anchoring | `projects/chirality-piping/execution/_Coordination/AgentRuns/HELP-HUMAN-PIPING-20260918-UI-IMPLEMENTATION/instances/CONTINUATION_2026-09-24/SOLVER_MANAGER/ORDINARY_NUMERICAL_CUT/WHOLE_REVIEW_RESUME_01/CONTAINMENT_CHECK_EVIDENCE.json:22` | SPEC-0.2.4 (N_A) | Active surface (unknown managed AgentRuns artifact) carries 2 machine-absolute-path hit line(s); first hit at line 22. Unknown managed artifacts fail closed: define a structural role or remove the machine-local path. |
| REVIEW | ABS_PATH_IN_UNCLASSIFIED_SURFACE | path-anchoring | `projects/chirality-piping/execution/_Coordination/AgentRuns/HELP-HUMAN-PIPING-20260918-UI-IMPLEMENTATION/instances/CONTINUATION_2026-09-24/SOLVER_MANAGER/ORDINARY_NUMERICAL_CUT/WHOLE_REVIEW_RESUME_01/FINAL_RUNTIME_EVIDENCE.json:7` | SPEC-0.2.4 (N_A) | Active surface (unknown managed AgentRuns artifact) carries 1 machine-absolute-path hit line(s); first hit at line 7. Unknown managed artifacts fail closed: define a structural role or remove the machine-local path. |
| REVIEW | ABS_PATH_IN_UNCLASSIFIED_SURFACE | path-anchoring | `projects/chirality-piping/execution/_Coordination/AgentRuns/HELP-HUMAN-PIPING-20260918-UI-IMPLEMENTATION/instances/CONTINUATION_2026-09-24/VALIDATION_FOUNDATION/FIRST_STATIC_BINDINGS/INDEPENDENT_REVIEW/FINAL_CHECKED_HASHES.json:5` | SPEC-0.2.4 (N_A) | Active surface (unknown managed AgentRuns artifact) carries 35 machine-absolute-path hit line(s); first hit at line 5. Unknown managed artifacts fail closed: define a structural role or remove the machine-local path. |
| REVIEW | ABS_PATH_IN_UNCLASSIFIED_SURFACE | path-anchoring | `projects/chirality-piping/execution/_Coordination/AgentRuns/HELP-HUMAN-PIPING-20260918-UI-IMPLEMENTATION/instances/CONTINUATION_2026-09-24/VALIDATION_FOUNDATION/FIRST_STATIC_BINDINGS/INDEPENDENT_REVIEW/PROVENANCE.json:13` | SPEC-0.2.4 (N_A) | Active surface (unknown managed AgentRuns artifact) carries 16 machine-absolute-path hit line(s); first hit at line 13. Unknown managed artifacts fail closed: define a structural role or remove the machine-local path. |
| REVIEW | ABS_PATH_IN_UNCLASSIFIED_SURFACE | path-anchoring | `projects/chirality-piping/execution/_Coordination/AgentRuns/HELP-HUMAN-PIPING-20260918-UI-IMPLEMENTATION/instances/CONTINUATION_2026-09-24/VALIDATION_FOUNDATION/FIRST_STATIC_BINDINGS/WIRE_BASIS.json:9` | SPEC-0.2.4 (N_A) | Active surface (unknown managed AgentRuns artifact) carries 1 machine-absolute-path hit line(s); first hit at line 9. Unknown managed artifacts fail closed: define a structural role or remove the machine-local path. |
| REVIEW | ABS_PATH_IN_UNCLASSIFIED_SURFACE | path-anchoring | `projects/chirality-piping/execution/_Coordination/AgentRuns/HELP-HUMAN-PIPING-20260918-UI-IMPLEMENTATION/instances/CONTINUATION_2026-09-24/VALIDATION_FOUNDATION/HARNESS_INVENTORY/INVENTORY.md:3` | SPEC-0.2.4 (N_A) | Active surface (unknown managed AgentRuns artifact) carries 2 machine-absolute-path hit line(s); first hit at line 3. Unknown managed artifacts fail closed: define a structural role or remove the machine-local path. |
| REVIEW | ABS_PATH_IN_UNCLASSIFIED_SURFACE | path-anchoring | `projects/chirality-piping/execution/_Coordination/AgentRuns/HELP-HUMAN-PIPING-20260918-UI-IMPLEMENTATION/instances/CONTINUATION_2026-09-24/VALIDATION_FOUNDATION/HARNESS_INVENTORY/SOURCES.json:9` | SPEC-0.2.4 (N_A) | Active surface (unknown managed AgentRuns artifact) carries 35 machine-absolute-path hit line(s); first hit at line 9. Unknown managed artifacts fail closed: define a structural role or remove the machine-local path. |
| REVIEW | ABS_PATH_IN_UNCLASSIFIED_SURFACE | path-anchoring | `projects/chirality-piping/execution/_Coordination/AgentRuns/HELP-HUMAN-PIPING-20260918-UI-IMPLEMENTATION/instances/CONTINUATION_2026-09-24/VALIDATION_FOUNDATION/INDEPENDENT_REVIEW/CHECKER_RUN.json:4` | SPEC-0.2.4 (N_A) | Active surface (unknown managed AgentRuns artifact) carries 2 machine-absolute-path hit line(s); first hit at line 4. Unknown managed artifacts fail closed: define a structural role or remove the machine-local path. |
| REVIEW | ABS_PATH_IN_UNCLASSIFIED_SURFACE | path-anchoring | `projects/chirality-piping/execution/_Coordination/AgentRuns/HELP-HUMAN-PIPING-20260918-UI-IMPLEMENTATION/instances/CONTINUATION_2026-09-24/VALIDATION_FOUNDATION/INDEPENDENT_REVIEW/FINDINGS.md:3` | SPEC-0.2.4 (N_A) | Active surface (unknown managed AgentRuns artifact) carries 1 machine-absolute-path hit line(s); first hit at line 3. Unknown managed artifacts fail closed: define a structural role or remove the machine-local path. |
| REVIEW | ABS_PATH_IN_UNCLASSIFIED_SURFACE | path-anchoring | `projects/chirality-piping/execution/_Coordination/AgentRuns/HELP-HUMAN-PIPING-20260918-UI-IMPLEMENTATION/instances/CONTINUATION_2026-09-24/VALIDATION_FOUNDATION/INDEPENDENT_REVIEW/PROVENANCE.json:7` | SPEC-0.2.4 (N_A) | Active surface (unknown managed AgentRuns artifact) carries 16 machine-absolute-path hit line(s); first hit at line 7. Unknown managed artifacts fail closed: define a structural role or remove the machine-local path. |
| REVIEW | ABS_PATH_IN_UNCLASSIFIED_SURFACE | path-anchoring | `projects/chirality-piping/execution/_Coordination/AgentRuns/HELP-HUMAN-PIPING-20260918-UI-IMPLEMENTATION/instances/CONTINUATION_2026-09-24/VALIDATION_FOUNDATION/ORDINARY_PHYSICS_ADAPTER/COMPARISON_RUN_01/dense_scrutiny/ledger.json:1104` | SPEC-0.2.4 (N_A) | Active surface (unknown managed AgentRuns artifact) carries 41 machine-absolute-path hit line(s); first hit at line 1104. Unknown managed artifacts fail closed: define a structural role or remove the machine-local path. |
| REVIEW | ABS_PATH_IN_UNCLASSIFIED_SURFACE | path-anchoring | `projects/chirality-piping/execution/_Coordination/AgentRuns/HELP-HUMAN-PIPING-20260918-UI-IMPLEMENTATION/instances/CONTINUATION_2026-09-24/VALIDATION_FOUNDATION/ORDINARY_PHYSICS_ADAPTER/COMPARISON_RUN_01/sparse_interactive/ledger.json:1104` | SPEC-0.2.4 (N_A) | Active surface (unknown managed AgentRuns artifact) carries 41 machine-absolute-path hit line(s); first hit at line 1104. Unknown managed artifacts fail closed: define a structural role or remove the machine-local path. |
| REVIEW | ABS_PATH_IN_UNCLASSIFIED_SURFACE | path-anchoring | `projects/chirality-piping/execution/_Coordination/AgentRuns/HELP-HUMAN-PIPING-20260918-UI-IMPLEMENTATION/instances/CONTINUATION_2026-09-24/VALIDATION_FOUNDATION/ORDINARY_PHYSICS_ADAPTER/FIXTURE_PROMOTION/CHECKS.json:153` | SPEC-0.2.4 (N_A) | Active surface (unknown managed AgentRuns artifact) carries 1 machine-absolute-path hit line(s); first hit at line 153. Unknown managed artifacts fail closed: define a structural role or remove the machine-local path. |
| REVIEW | ABS_PATH_IN_UNCLASSIFIED_SURFACE | path-anchoring | `projects/chirality-piping/execution/_Coordination/AgentRuns/HELP-HUMAN-PIPING-20260918-UI-IMPLEMENTATION/instances/CONTINUATION_2026-09-24/VALIDATION_FOUNDATION/ORDINARY_PHYSICS_ADAPTER/FOCUSED_CHECKS_01.json:114` | SPEC-0.2.4 (N_A) | Active surface (unknown managed AgentRuns artifact) carries 2 machine-absolute-path hit line(s); first hit at line 114. Unknown managed artifacts fail closed: define a structural role or remove the machine-local path. |
| REVIEW | ABS_PATH_IN_UNCLASSIFIED_SURFACE | path-anchoring | `projects/chirality-piping/execution/_Coordination/AgentRuns/HELP-HUMAN-PIPING-20260918-UI-IMPLEMENTATION/instances/CONTINUATION_2026-09-24/VALIDATION_FOUNDATION/ORDINARY_PHYSICS_ADAPTER/FOCUSED_CHECKS_02.json:114` | SPEC-0.2.4 (N_A) | Active surface (unknown managed AgentRuns artifact) carries 2 machine-absolute-path hit line(s); first hit at line 114. Unknown managed artifacts fail closed: define a structural role or remove the machine-local path. |
| REVIEW | ABS_PATH_IN_UNCLASSIFIED_SURFACE | path-anchoring | `projects/chirality-piping/execution/_Coordination/AgentRuns/HELP-HUMAN-PIPING-20260918-UI-IMPLEMENTATION/instances/CONTINUATION_2026-09-24/VALIDATION_FOUNDATION/ORDINARY_PHYSICS_ADAPTER/HEADLESS_BUILD/BUILD_RESULT.json:4` | SPEC-0.2.4 (N_A) | Active surface (unknown managed AgentRuns artifact) carries 26 machine-absolute-path hit line(s); first hit at line 4. Unknown managed artifacts fail closed: define a structural role or remove the machine-local path. |
| REVIEW | ABS_PATH_IN_UNCLASSIFIED_SURFACE | path-anchoring | `projects/chirality-piping/execution/_Coordination/AgentRuns/HELP-HUMAN-PIPING-20260918-UI-IMPLEMENTATION/instances/CONTINUATION_2026-09-24/VALIDATION_FOUNDATION/ORDINARY_PHYSICS_ADAPTER/HEADLESS_BUILD/BUILD_STARTED.json:4` | SPEC-0.2.4 (N_A) | Active surface (unknown managed AgentRuns artifact) carries 24 machine-absolute-path hit line(s); first hit at line 4. Unknown managed artifacts fail closed: define a structural role or remove the machine-local path. |
| REVIEW | ABS_PATH_IN_UNCLASSIFIED_SURFACE | path-anchoring | `projects/chirality-piping/execution/_Coordination/AgentRuns/HELP-HUMAN-PIPING-20260918-UI-IMPLEMENTATION/instances/CONTINUATION_2026-09-24/VALIDATION_FOUNDATION/ORDINARY_PHYSICS_ADAPTER/HEADLESS_BUILD/DEPENDENCY_CROSSCHECK.json:5` | SPEC-0.2.4 (N_A) | Active surface (unknown managed AgentRuns artifact) carries 34 machine-absolute-path hit line(s); first hit at line 5. Unknown managed artifacts fail closed: define a structural role or remove the machine-local path. |
| REVIEW | ABS_PATH_IN_UNCLASSIFIED_SURFACE | path-anchoring | `projects/chirality-piping/execution/_Coordination/AgentRuns/HELP-HUMAN-PIPING-20260918-UI-IMPLEMENTATION/instances/CONTINUATION_2026-09-24/VALIDATION_FOUNDATION/ORDINARY_PHYSICS_ADAPTER/HEADLESS_BUILD/SOURCE_AFTER.json:4` | SPEC-0.2.4 (N_A) | Active surface (unknown managed AgentRuns artifact) carries 1347 machine-absolute-path hit line(s); first hit at line 4. Unknown managed artifacts fail closed: define a structural role or remove the machine-local path. |
| REVIEW | ABS_PATH_IN_UNCLASSIFIED_SURFACE | path-anchoring | `projects/chirality-piping/execution/_Coordination/AgentRuns/HELP-HUMAN-PIPING-20260918-UI-IMPLEMENTATION/instances/CONTINUATION_2026-09-24/VALIDATION_FOUNDATION/ORDINARY_PHYSICS_ADAPTER/HEADLESS_BUILD/SOURCE_BEFORE.json:4` | SPEC-0.2.4 (N_A) | Active surface (unknown managed AgentRuns artifact) carries 1347 machine-absolute-path hit line(s); first hit at line 4. Unknown managed artifacts fail closed: define a structural role or remove the machine-local path. |
| REVIEW | ABS_PATH_IN_UNCLASSIFIED_SURFACE | path-anchoring | `projects/chirality-piping/execution/_Coordination/AgentRuns/HELP-HUMAN-PIPING-20260918-UI-IMPLEMENTATION/instances/CONTINUATION_2026-09-24/VALIDATION_FOUNDATION/ORDINARY_PHYSICS_ADAPTER/HEADLESS_BUILD/metadata.json:1` | SPEC-0.2.4 (N_A) | Active surface (unknown managed AgentRuns artifact) carries 1 machine-absolute-path hit line(s); first hit at line 1. Unknown managed artifacts fail closed: define a structural role or remove the machine-local path. |
| REVIEW | ABS_PATH_IN_UNCLASSIFIED_SURFACE | path-anchoring | `projects/chirality-piping/execution/_Coordination/AgentRuns/HELP-HUMAN-PIPING-20260918-UI-IMPLEMENTATION/instances/CONTINUATION_2026-09-24/VALIDATION_FOUNDATION/ORDINARY_PHYSICS_ADAPTER/INDEPENDENT_REVIEW/FINAL_CHECKED_BASIS.json:78` | SPEC-0.2.4 (N_A) | Active surface (unknown managed AgentRuns artifact) carries 9 machine-absolute-path hit line(s); first hit at line 78. Unknown managed artifacts fail closed: define a structural role or remove the machine-local path. |
| REVIEW | ABS_PATH_IN_UNCLASSIFIED_SURFACE | path-anchoring | `projects/chirality-piping/execution/_Coordination/AgentRuns/HELP-HUMAN-PIPING-20260918-UI-IMPLEMENTATION/instances/CONTINUATION_2026-09-24/VALIDATION_FOUNDATION/ORDINARY_PHYSICS_ADAPTER/INDEPENDENT_REVIEW/FIXTURE_PROMOTION_FINAL_BASIS_03.json:8` | SPEC-0.2.4 (N_A) | Active surface (unknown managed AgentRuns artifact) carries 9 machine-absolute-path hit line(s); first hit at line 8. Unknown managed artifacts fail closed: define a structural role or remove the machine-local path. |
| REVIEW | ABS_PATH_IN_UNCLASSIFIED_SURFACE | path-anchoring | `projects/chirality-piping/execution/_Coordination/AgentRuns/HELP-HUMAN-PIPING-20260918-UI-IMPLEMENTATION/instances/CONTINUATION_2026-09-24/VALIDATION_FOUNDATION/ORDINARY_PHYSICS_ADAPTER/INDEPENDENT_REVIEW/PROVENANCE.json:13` | SPEC-0.2.4 (N_A) | Active surface (unknown managed AgentRuns artifact) carries 10 machine-absolute-path hit line(s); first hit at line 13. Unknown managed artifacts fail closed: define a structural role or remove the machine-local path. |
| REVIEW | ABS_PATH_IN_UNCLASSIFIED_SURFACE | path-anchoring | `projects/chirality-piping/execution/_Coordination/AgentRuns/HELP-HUMAN-PIPING-20260918-UI-IMPLEMENTATION/instances/CONTINUATION_2026-09-24/VALIDATION_FOUNDATION/ORDINARY_PHYSICS_ADAPTER/INDEPENDENT_REVIEW/REPAIR_BOUNDARIES_02.json:3433` | SPEC-0.2.4 (N_A) | Active surface (unknown managed AgentRuns artifact) carries 2 machine-absolute-path hit line(s); first hit at line 3433. Unknown managed artifacts fail closed: define a structural role or remove the machine-local path. |
| REVIEW | ABS_PATH_IN_UNCLASSIFIED_SURFACE | path-anchoring | `projects/chirality-piping/execution/_Coordination/AgentRuns/HELP-HUMAN-PIPING-20260918-UI-IMPLEMENTATION/instances/CONTINUATION_2026-09-24/VALIDATION_FOUNDATION/ORDINARY_PHYSICS_ADAPTER/INDEPENDENT_REVIEW/REPAIR_FINAL_CHECKED_BASIS_02.json:10` | SPEC-0.2.4 (N_A) | Active surface (unknown managed AgentRuns artifact) carries 10 machine-absolute-path hit line(s); first hit at line 10. Unknown managed artifacts fail closed: define a structural role or remove the machine-local path. |
| REVIEW | ABS_PATH_IN_UNCLASSIFIED_SURFACE | path-anchoring | `projects/chirality-piping/execution/_Coordination/AgentRuns/HELP-HUMAN-PIPING-20260918-UI-IMPLEMENTATION/instances/CONTINUATION_2026-09-24/VALIDATION_FOUNDATION/ORDINARY_PHYSICS_ADAPTER/RECEIVED_READER_CHECK_01/RESULT.json:2` | SPEC-0.2.4 (N_A) | Active surface (unknown managed AgentRuns artifact) carries 21 machine-absolute-path hit line(s); first hit at line 2. Unknown managed artifacts fail closed: define a structural role or remove the machine-local path. |
| REVIEW | ABS_PATH_IN_UNCLASSIFIED_SURFACE | path-anchoring | `projects/chirality-piping/execution/_Coordination/AgentRuns/HELP-HUMAN-PIPING-20260918-UI-IMPLEMENTATION/instances/CONTINUATION_2026-09-24/VALIDATION_FOUNDATION/ORDINARY_PHYSICS_ADAPTER/STRUCTURE_TASK/CHECKS.json:2` | SPEC-0.2.4 (N_A) | Active surface (unknown managed AgentRuns artifact) carries 3 machine-absolute-path hit line(s); first hit at line 2. Unknown managed artifacts fail closed: define a structural role or remove the machine-local path. |
| REVIEW | ABS_PATH_IN_UNCLASSIFIED_SURFACE | path-anchoring | `projects/chirality-piping/execution/_Coordination/AgentRuns/HELP-HUMAN-PIPING-20260918-UI-IMPLEMENTATION/instances/CONTINUATION_2026-09-24/VALIDATION_FOUNDATION/ORDINARY_PHYSICS_ADAPTER/STRUCTURE_TASK/PROVENANCE.json:7` | SPEC-0.2.4 (N_A) | Active surface (unknown managed AgentRuns artifact) carries 4 machine-absolute-path hit line(s); first hit at line 7. Unknown managed artifacts fail closed: define a structural role or remove the machine-local path. |
| REVIEW | ABS_PATH_IN_UNCLASSIFIED_SURFACE | path-anchoring | `projects/chirality-piping/execution/_Coordination/AgentRuns/HELP-HUMAN-PIPING-20260918-UI-IMPLEMENTATION/instances/CONTINUATION_2026-09-24/VALIDATION_FOUNDATION/SOURCE_FREEZE_01.json:29` | SPEC-0.2.4 (N_A) | Active surface (unknown managed AgentRuns artifact) carries 1 machine-absolute-path hit line(s); first hit at line 29. Unknown managed artifacts fail closed: define a structural role or remove the machine-local path. |
| REVIEW | ABS_PATH_IN_UNCLASSIFIED_SURFACE | path-anchoring | `projects/chirality-piping/execution/_Coordination/AgentRuns/HELP-HUMAN-PIPING-20260918-UI-IMPLEMENTATION/instances/CONTINUATION_2026-09-24/VALIDATION_FOUNDATION/SOURCE_FREEZE_02.json:29` | SPEC-0.2.4 (N_A) | Active surface (unknown managed AgentRuns artifact) carries 1 machine-absolute-path hit line(s); first hit at line 29. Unknown managed artifacts fail closed: define a structural role or remove the machine-local path. |
| REVIEW | ABS_PATH_IN_UNCLASSIFIED_SURFACE | path-anchoring | `projects/chirality-piping/execution/_Coordination/AgentRuns/HELP-HUMAN-PIPING-20260918-UI-IMPLEMENTATION/instances/CONTINUATION_2026-09-24/VALIDATION_FOUNDATION/STATIC_REFERENCE_BASIS/INDEPENDENT_REVIEW/FINAL_CHECKED_HASHES.json:11` | SPEC-0.2.4 (N_A) | Active surface (unknown managed AgentRuns artifact) carries 10 machine-absolute-path hit line(s); first hit at line 11. Unknown managed artifacts fail closed: define a structural role or remove the machine-local path. |
| REVIEW | ABS_PATH_IN_UNCLASSIFIED_SURFACE | path-anchoring | `projects/chirality-piping/execution/_Coordination/AgentRuns/HELP-HUMAN-PIPING-20260918-UI-IMPLEMENTATION/instances/CONTINUATION_2026-09-24/VALIDATION_FOUNDATION/STATIC_REFERENCE_BASIS/INDEPENDENT_REVIEW/PRIVATE_SOURCE_HASHES.json:3` | SPEC-0.2.4 (N_A) | Active surface (unknown managed AgentRuns artifact) carries 61 machine-absolute-path hit line(s); first hit at line 3. Unknown managed artifacts fail closed: define a structural role or remove the machine-local path. |
| REVIEW | ABS_PATH_IN_UNCLASSIFIED_SURFACE | path-anchoring | `projects/chirality-piping/execution/_Coordination/AgentRuns/HELP-HUMAN-PIPING-20260918-UI-IMPLEMENTATION/instances/CONTINUATION_2026-09-24/VALIDATION_FOUNDATION/STATIC_REFERENCE_BASIS/INDEPENDENT_REVIEW/PROVENANCE.json:13` | SPEC-0.2.4 (N_A) | Active surface (unknown managed AgentRuns artifact) carries 16 machine-absolute-path hit line(s); first hit at line 13. Unknown managed artifacts fail closed: define a structural role or remove the machine-local path. |

## Summary

Finding severities: INFO=14, NOT_APPLICABLE=1, REVIEW=172, WARN=124
- scope: ['projects/chirality-app-dev', 'projects/chirality-piping', 'projects/pec', '_DomainEngines', 'docs/governance_harness']
- pointer_files_scanned: 37
- checks_run: DE-1..8 (domain-engine surfaces incl. stale open issues vs later rulings), GEN-1 (abs-path), GEN-2 (ruling-SHA TBD), GEN-3 (generated labeling), GEN-4 (root governance status facts), GEN-5 (unresolved refs; control files only in v1), GEN-6 (draft-basis-used-as-binding; control files only in v1), GEN-7 (_LATEST pointer currency: target resolution outside .archive + newest-same-class-sibling by date-in-filename), GEN-8 (active-surface portability: structural roles + hash-bound historical exceptions + semantic invariants), GEN-9 (agent-registry currency: AGENTS.md file tokens vs live agents/ files, both directions), GEN-10 (bridge receipt labels + parked-lane carry-forward), GEN-11 (D-44 piping receipt contract), GEN-12 (D-APP-57 app-dev receipt contract), GEN-13 (claims-language DEC-081)
