sha256	bytes	path
88b689ef50637ff83d067965da580de17e050d0dee8798ca330839af1ee6a5ae	671	ACTIVATION.md
d56ea764e0fcb8832cf65b8b5441b389547edca97ac01a39269939504d4a6829	2671	B1_AUTHOR_ACCEPTANCE.md
432cb9c6b75f01f100825769ef9fd8f8ba099fc999666d171db62e946be18c1a	898	B1_VERIFIER_ACCEPTANCE.md
b236caff83dc93368513613fd688034f580bf41771a09312c80c52ee7a214737	742	CHECKS.md
decdd0d0f0f56a8bbb6c0714ff95d7d900733c6d7100dfc248a26e244a368401	275	CHILD_INDEX.tsv
64ceffd1b4f90ef2f8e631d529658bfcfd9338fa0432a32a36e9ae7c784f39a2	415	CONTAINMENT.md
9346c22528f5d82e5d92690b16ccef7f8d2e6a1f49992aeee59c366daab3b905	2003	LAUNCH_BRIEF.md
e0e8e56203f71908023246e706aae6630b173b72fa4a13d749dc11d2d022b6e6	1595	MANAGER_ATTEMPTS.md
6938b97def715041f3ea958eb3de5c669b51de3de43b1f71af8cb3d9aeae1010	410	MANAGER_VALIDATION.json
ab4f243d13dbe5629483ebe47703e348269f7ee1393b1e9236651282f900cd32	2380	MEMBER_RESULTS.tsv
8822e0674ae4df4db1fc1ec84b042ac216e96b57c466af38ebffaae91450cb8a	2252	NORMALIZATION.tsv
45d37162720657ec28a595179672138b44012ecf7dd06e3d742a789634457a08	1301	PACKAGE_HANDOFF.md
79306dbf5b8278cf69eefba6fd54d072d6af600849792e6d0f8476397e73bfd9	670	PREFLIGHT_SUMMARY.md
049faa4ad98be194641f9c340e2f125edcc9caa4b7ee548d02dbb5d7da98eb82	6269	REPLACEMENT_MANIFEST.tsv
4073c7767ffb1ebad84eccb44e13dd6e41df255e504b530f54d4b945476726dd	1561	RETURN.md
b2e2ee7297de42ecf442e7fbeacf546025609e0ccde3048a4ba3bad81fd56f3a	6224	ROLLBACK_MANIFEST.tsv
b0e2c5aaed158e7fd44e7c729ce1ddc07a36317cd386e3803a2c7f7933a0f60e	328	RUNTIME_SUMMARY.json
d434212dea064a3578820b037284a149726a4617fbb4de4e62ca251a33e8b2d0	173	SIMULATION.tsv
294d751ae77ab5e786923bd6a1fa382df8c5181281ce3375340ac9e588b987ad	516	STATUS.json
9929e51ff87104852d2c84262dd62c7d01215c97e4bb9306ce50d4707da899f0	1082	WORK_GRAPH.v1.md
46c770c65579eda65b933d8fef305a50f6dd1bad43ae93a9ac9e037c506b91e0	616	build_manifest.py
93aa29aed447b0a016331eb15abb379216c4b56dc12eb537578ec78ff863a328	2893	children/AUTHOR-B1/CANDIDATE_MANIFEST.tsv
cf8a69e15bc01c37fe56ee543b2d42a0d6aa7f24c0f928a113524572a3fe07ce	611	children/AUTHOR-B1/CONTAINMENT.md
400306d88a7065eb4b09dc55425ad9c6778f17806be96c001ed58b046b59c991	550	children/AUTHOR-B1/CONTEXT_ADHERENCE.md
51db0ef2d3a7cd85308efcca85699034b2e7a2cc4a16e34dedbcd394f1eb0a4f	864	children/AUTHOR-B1/FAILURE_ATTEMPTS.md
7184307824c9113b21748f129bc2e1c0dca47b38c24d7b71dee08d42628760af	6112	children/AUTHOR-B1/INVERSE_ROWS.tsv
04672ed5ee97ca40fb225c693976efca15455c94138255344ec265af157660c0	3481	children/AUTHOR-B1/LAUNCH_BRIEF.md
0597220fb4c086ba8643a699fbb6098ebfd7b61fa5f20ce99e98e1c869002284	248810	children/AUTHOR-B1/MANIFEST.tsv
d37ebc41dc9bd900f097008c72031a00e7cd0960528b80f8067f27d42c53edc1	1217	children/AUTHOR-B1/MEMBER_RESULTS.tsv
257f03eae1b2b5490527617251c343a1ea6ebd2c259153c001a97ecca32a6ebe	4235	children/AUTHOR-B1/PROGRESS.tsv
435066ecfd857ce34312614e216af232359c4cecabab22dc57812d6355c30529	6077	children/AUTHOR-B1/REPLACEMENT_ROWS.tsv
c4cc8048fd0b92317e17188b7ea57436de5d1a063b1fe40b34be07c0a4eb964e	1526	children/AUTHOR-B1/RETURN.md
543eeb8fb79938f6dc5685de64e9aaba4ea17ffaaa23aafef41981a7bf7ace3c	6705	children/AUTHOR-B1/RUNTIME_EVENTS.jsonl
454525c860e61dd9aaf2f77f88cc1f610482d0aee8ae96f98d42e059bb8d7de8	901	children/AUTHOR-B1/SIMULATIONS.tsv
7c337dc034378bc6c9e05247425093e5c045081146844b0d7a45a2b1d99b917b	591	children/AUTHOR-B1/STATUS.json
840217421a662105b39fbf1767918c4640eff75f8eed5c94d8961b02a3ee37ed	375	children/AUTHOR-B1/VERDICTS.tsv
eaf78e5a5275a18add380dd74c649ceedf3a58a209a5b4fcfdd7b986d335e7c4	151	children/AUTHOR-B1/WHOLE_DIFF_HYGIENE.txt
e3b0c44298fc1c149afbf4c8996fb92427ae41e4649b934ca495991b7852b855	0	children/AUTHOR-B1/WHOLE_DIFF_HYGIENE.warnings
88ab9eccb84dcc76e7e01e06564c1da7616e445d4756844bc2ce8273c977df84	14006	children/AUTHOR-B1/finalize_author.py
3d4344e54e736a9d3721093c8b34fc72bb7ef5b40be8e1b87cab55f45b997fb4	626	children/AUTHOR-B1/members/DEL-06-01/DERIVATIVE_DETERMINISM.tsv
f370d35ea0e347ec335cda639b7f5ab208063e18a86d0c1b2ddf3423b7ccf592	506	children/AUTHOR-B1/members/DEL-06-01/DETERMINISM.tsv
2ea54c74db7832bbd4c2e807b64697e6533297a31a958600366ae650e8e1f35e	1152	children/AUTHOR-B1/members/DEL-06-01/FROZEN_ROW.tsv
35adb48baccd313096ffe631bc588a5664743938dffe33e26608b2b20db97814	916	children/AUTHOR-B1/members/DEL-06-01/IMMUTABLE_LITERAL_AND_CONTEXT_REVIEW.md
aff726a2f9011394eb6167f0d665e70f6301461b101167fa24b5ec067ee21f04	842	children/AUTHOR-B1/members/DEL-06-01/MEMBER_SUMMARY.md
bb8c8466a23c277c5ac533756f159d9e249ada9c937ac1a731c819e49eaec983	1657	children/AUTHOR-B1/members/DEL-06-01/SOURCE_HASHES.tsv
43ec5388fd80e2003e08e709a1c05af796df144f023d1d0fde741e8611b2e535	1743	children/AUTHOR-B1/members/DEL-06-01/checklist-a.json
e3b0c44298fc1c149afbf4c8996fb92427ae41e4649b934ca495991b7852b855	0	children/AUTHOR-B1/members/DEL-06-01/checklist-a.stderr
e3b0c44298fc1c149afbf4c8996fb92427ae41e4649b934ca495991b7852b855	0	children/AUTHOR-B1/members/DEL-06-01/checklist-a.stdout
43ec5388fd80e2003e08e709a1c05af796df144f023d1d0fde741e8611b2e535	1743	children/AUTHOR-B1/members/DEL-06-01/checklist-b.json
e3b0c44298fc1c149afbf4c8996fb92427ae41e4649b934ca495991b7852b855	0	children/AUTHOR-B1/members/DEL-06-01/checklist-b.stderr
e3b0c44298fc1c149afbf4c8996fb92427ae41e4649b934ca495991b7852b855	0	children/AUTHOR-B1/members/DEL-06-01/checklist-b.stdout
ab9b42b9dd71b5689ee0c07358654ddbe0177bf5a3c2c67c324e2095b3caac8c	4939	children/AUTHOR-B1/members/DEL-06-01/claim-map-a.csv
e3b0c44298fc1c149afbf4c8996fb92427ae41e4649b934ca495991b7852b855	0	children/AUTHOR-B1/members/DEL-06-01/claim-map-a.stderr
3001028324826e1b43107096230b27ee570cd4552fc57e629610ee59a515a8cb	216	children/AUTHOR-B1/members/DEL-06-01/claim-map-a.stdout
ab9b42b9dd71b5689ee0c07358654ddbe0177bf5a3c2c67c324e2095b3caac8c	4939	children/AUTHOR-B1/members/DEL-06-01/claim-map-b.csv
e3b0c44298fc1c149afbf4c8996fb92427ae41e4649b934ca495991b7852b855	0	children/AUTHOR-B1/members/DEL-06-01/claim-map-b.stderr
3386c658a87a17e1b661d08fcbde102139715f9e8fed8ebdb7ffc61811fc4ef7	216	children/AUTHOR-B1/members/DEL-06-01/claim-map-b.stdout
e3b0c44298fc1c149afbf4c8996fb92427ae41e4649b934ca495991b7852b855	0	children/AUTHOR-B1/members/DEL-06-01/clean-residue.scan
e3b0c44298fc1c149afbf4c8996fb92427ae41e4649b934ca495991b7852b855	0	children/AUTHOR-B1/members/DEL-06-01/conversion-a.stderr
2c96ea668372fd1272fa59ecbad388022640295c54becf307d4547edc37a144e	207	children/AUTHOR-B1/members/DEL-06-01/conversion-a.stdout
e3b0c44298fc1c149afbf4c8996fb92427ae41e4649b934ca495991b7852b855	0	children/AUTHOR-B1/members/DEL-06-01/conversion-b.stderr
0e66d548204a1e2ca25b00d3f19cc41ef030e1108eaf0fd50e5cc09b40306f56	207	children/AUTHOR-B1/members/DEL-06-01/conversion-b.stdout
2dabc6c8337678fd2cb829fa73e2b5550a692db0045de3d5779fae6208872bb3	27192	children/AUTHOR-B1/members/DEL-06-01/final-a/ScopeOfWork.md
3178e5ea6faab84c9ac1092d939cf7b00491ce48072a9faadbae13247cddef68	10380	children/AUTHOR-B1/members/DEL-06-01/final-a/report.json
2dabc6c8337678fd2cb829fa73e2b5550a692db0045de3d5779fae6208872bb3	27192	children/AUTHOR-B1/members/DEL-06-01/final-b/ScopeOfWork.md
3178e5ea6faab84c9ac1092d939cf7b00491ce48072a9faadbae13247cddef68	10380	children/AUTHOR-B1/members/DEL-06-01/final-b/report.json
e3b0c44298fc1c149afbf4c8996fb92427ae41e4649b934ca495991b7852b855	0	children/AUTHOR-B1/members/DEL-06-01/finalization-a.stderr
cc2b321e7b9cdad8be7b4794f9ed9455cb5af70622ff90df325f590129818301	225	children/AUTHOR-B1/members/DEL-06-01/finalization-a.stdout
e3b0c44298fc1c149afbf4c8996fb92427ae41e4649b934ca495991b7852b855	0	children/AUTHOR-B1/members/DEL-06-01/finalization-b.stderr
68528dc924ca12e55d00659a7b3056dae23918112a014b696d22957aee2b82bc	225	children/AUTHOR-B1/members/DEL-06-01/finalization-b.stdout
aaaffd9d759e80dcb3ab7a48b4c46814a14e649e8f75eaaccf1cab6d5ff719f4	27200	children/AUTHOR-B1/members/DEL-06-01/mutated-production/ScopeOfWork.md
4355a46b19d348dc2f57c046f8ef63d4538ebb936000f3c9ee954a27460dd865	2	children/AUTHOR-B1/members/DEL-06-01/negative-ambiguous-checklist.exit
b37a0cca9858c0352661b65d064e00020bbe562dbdaab6454812cd6c24f7dd2c	167	children/AUTHOR-B1/members/DEL-06-01/negative-ambiguous-checklist.stderr
e3b0c44298fc1c149afbf4c8996fb92427ae41e4649b934ca495991b7852b855	0	children/AUTHOR-B1/members/DEL-06-01/negative-ambiguous-checklist.stdout
4355a46b19d348dc2f57c046f8ef63d4538ebb936000f3c9ee954a27460dd865	2	children/AUTHOR-B1/members/DEL-06-01/negative-evidence-render.exit
cb0da27c60dce6b4cbcfd06282c5b6f1266cc686411a099c3c2ce0fa13f2bc8d	129	children/AUTHOR-B1/members/DEL-06-01/negative-evidence-render.stderr
e3b0c44298fc1c149afbf4c8996fb92427ae41e4649b934ca495991b7852b855	0	children/AUTHOR-B1/members/DEL-06-01/negative-evidence-render.stdout
4355a46b19d348dc2f57c046f8ef63d4538ebb936000f3c9ee954a27460dd865	2	children/AUTHOR-B1/members/DEL-06-01/negative-mutated-map.exit
508e4cba64abbcf0b6795d7878007071f478f6346c8328a87ab00f3b4203657f	97	children/AUTHOR-B1/members/DEL-06-01/negative-mutated-map.stderr
e3b0c44298fc1c149afbf4c8996fb92427ae41e4649b934ca495991b7852b855	0	children/AUTHOR-B1/members/DEL-06-01/negative-mutated-map.stdout
4355a46b19d348dc2f57c046f8ef63d4538ebb936000f3c9ee954a27460dd865	2	children/AUTHOR-B1/members/DEL-06-01/negative-mutated-parity.exit
5da92415943202ea6a064453ec5795e7fb7e9e64e2b258600e3b824b74a503fe	6706	children/AUTHOR-B1/members/DEL-06-01/negative-mutated-parity.json
e3b0c44298fc1c149afbf4c8996fb92427ae41e4649b934ca495991b7852b855	0	children/AUTHOR-B1/members/DEL-06-01/negative-mutated-parity.stderr
1cb31b8489d6d0bb14ef4d25a9462682d623c634ff95a081af0535246f481b23	15	children/AUTHOR-B1/members/DEL-06-01/negative-mutated-parity.stdout
417e92e234e84b7fde92cb5fdf89b5ef5996e4a1d2c8494694b5138afe530b4d	6562	children/AUTHOR-B1/members/DEL-06-01/negative-partial/Datasheet.md
03152bb2eea0f1d0d8736cf740d776d7031af99bf198f164e78395d8b8ef71c1	2180	children/AUTHOR-B1/members/DEL-06-01/negative-partial/_STATUS.md
4355a46b19d348dc2f57c046f8ef63d4538ebb936000f3c9ee954a27460dd865	2	children/AUTHOR-B1/members/DEL-06-01/negative-partial-validation.exit
e3b0c44298fc1c149afbf4c8996fb92427ae41e4649b934ca495991b7852b855	0	children/AUTHOR-B1/members/DEL-06-01/negative-partial-validation.stderr
9b33620c56dfb24f728971865c128f3269ed2b02a86680766756862cf32f9c35	396	children/AUTHOR-B1/members/DEL-06-01/negative-partial-validation.stdout
4355a46b19d348dc2f57c046f8ef63d4538ebb936000f3c9ee954a27460dd865	2	children/AUTHOR-B1/members/DEL-06-01/negative-unauthorized-checklist.exit
72fbdb46d4b55ceeac9cb009dbd09cf92cf5cd08ccb47758238c60f426fecfc6	249	children/AUTHOR-B1/members/DEL-06-01/negative-unauthorized-checklist.stderr
e3b0c44298fc1c149afbf4c8996fb92427ae41e4649b934ca495991b7852b855	0	children/AUTHOR-B1/members/DEL-06-01/negative-unauthorized-checklist.stdout
4355a46b19d348dc2f57c046f8ef63d4538ebb936000f3c9ee954a27460dd865	2	children/AUTHOR-B1/members/DEL-06-01/negative-unauthorized-dual.exit
e3b0c44298fc1c149afbf4c8996fb92427ae41e4649b934ca495991b7852b855	0	children/AUTHOR-B1/members/DEL-06-01/negative-unauthorized-dual.stderr
e948f8146198831d3fb5f42f5b0bfae362c7ec563109bad69a8d5aa4cc6467e1	406	children/AUTHOR-B1/members/DEL-06-01/negative-unauthorized-dual.stdout
4a1bdfc7963cce56eecac57c5a2f006bf1cb9bef900b43eccfeb032c89a4c53c	6544	children/AUTHOR-B1/members/DEL-06-01/parity-a.json
17a49a4e04964deb081bbaaa32377d8466a27b0306669aa93e540777b1ae493e	291	children/AUTHOR-B1/members/DEL-06-01/parity-a.md
e3b0c44298fc1c149afbf4c8996fb92427ae41e4649b934ca495991b7852b855	0	children/AUTHOR-B1/members/DEL-06-01/parity-a.stderr
f6333522230dca274955d26bfaf6476e440792229289e463a1cf5b076bc6e705	15	children/AUTHOR-B1/members/DEL-06-01/parity-a.stdout
4a1bdfc7963cce56eecac57c5a2f006bf1cb9bef900b43eccfeb032c89a4c53c	6544	children/AUTHOR-B1/members/DEL-06-01/parity-b.json
17a49a4e04964deb081bbaaa32377d8466a27b0306669aa93e540777b1ae493e	291	children/AUTHOR-B1/members/DEL-06-01/parity-b.md
e3b0c44298fc1c149afbf4c8996fb92427ae41e4649b934ca495991b7852b855	0	children/AUTHOR-B1/members/DEL-06-01/parity-b.stderr
f6333522230dca274955d26bfaf6476e440792229289e463a1cf5b076bc6e705	15	children/AUTHOR-B1/members/DEL-06-01/parity-b.stdout
bd655f69b6c40b5daa300c249f691654923660077f8a2f7203ae5f59981d24be	33428	children/AUTHOR-B1/members/DEL-06-01/render-a.html
e3b0c44298fc1c149afbf4c8996fb92427ae41e4649b934ca495991b7852b855	0	children/AUTHOR-B1/members/DEL-06-01/render-a.stderr
e3b0c44298fc1c149afbf4c8996fb92427ae41e4649b934ca495991b7852b855	0	children/AUTHOR-B1/members/DEL-06-01/render-a.stdout
bd655f69b6c40b5daa300c249f691654923660077f8a2f7203ae5f59981d24be	33428	children/AUTHOR-B1/members/DEL-06-01/render-b.html
e3b0c44298fc1c149afbf4c8996fb92427ae41e4649b934ca495991b7852b855	0	children/AUTHOR-B1/members/DEL-06-01/render-b.stderr
e3b0c44298fc1c149afbf4c8996fb92427ae41e4649b934ca495991b7852b855	0	children/AUTHOR-B1/members/DEL-06-01/render-b.stdout
e3b0c44298fc1c149afbf4c8996fb92427ae41e4649b934ca495991b7852b855	0	children/AUTHOR-B1/members/DEL-06-01/render-forbidden.scan
c2c4259d5468077969cbbc98561875ac40630fef24808cd2ba5dc0677633681d	27627	children/AUTHOR-B1/members/DEL-06-01/simulation/apply/Dependencies.csv
6c42b8a13cb528c299d3f5838006d2d91a709afad11e5e75f5f176a1faa4c8e8	13974	children/AUTHOR-B1/members/DEL-06-01/simulation/apply/MEMORY.md
de026659b75e06957abf3c90f6d9a78e06723d6cae5df583999390cb17c489aa	1017	children/AUTHOR-B1/members/DEL-06-01/simulation/apply/Review_Findings.csv
2dabc6c8337678fd2cb829fa73e2b5550a692db0045de3d5779fae6208872bb3	27192	children/AUTHOR-B1/members/DEL-06-01/simulation/apply/ScopeOfWork.md
50ed04422a15ef1bf11d8b41009ddb78d582128ec1ad55347f28cfd0066c2a44	2971	children/AUTHOR-B1/members/DEL-06-01/simulation/apply/_CONTEXT.md
02bd4274a4423c553ce2ac8f1243c80ce825d4b7fc918c4f53398e599e59906a	5090	children/AUTHOR-B1/members/DEL-06-01/simulation/apply/_DEPENDENCIES.md
759a429c09ce566261a207286305e777fdd0b7d73feabf858f854a32e5c7aeae	1351	children/AUTHOR-B1/members/DEL-06-01/simulation/apply/_REFERENCES.md
b51cebad94f3bcd5946453a0daa1905d2869e588567855926d31e7ccf75c4e66	3444	children/AUTHOR-B1/members/DEL-06-01/simulation/apply/_REVIEW.md
eb2180609b74fd5eb5ed3011f20cf3b9f1a1277bb77ecbfc4c14a91709ed04e3	33227	children/AUTHOR-B1/members/DEL-06-01/simulation/apply/_SEMANTIC.md
04a8f7854196dfe562c17ab3ce2630fbd4ec28aeaf80c757710323b1009fa48e	14994	children/AUTHOR-B1/members/DEL-06-01/simulation/apply/_SEMANTIC_LENSING.md
03152bb2eea0f1d0d8736cf740d776d7031af99bf198f164e78395d8b8ef71c1	2180	children/AUTHOR-B1/members/DEL-06-01/simulation/apply/_STATUS.md
aea1433df2af4dbc37110bacc11635458ffc6b2bb88f37937cde702ccbd021a6	1065	children/AUTHOR-B1/members/DEL-06-01/simulation/apply/_run_records/TASK_RUN_2026-04-30_1037_dependency-extract.md
1a7b788e443dd8b247ecde1e7df68820de8da747efdc7d97fea01c1b7323c5aa	1307	children/AUTHOR-B1/members/DEL-06-01/simulation/apply/_run_records/TASK_RUN_2026-04-30_1037_four-documents-p1-p2.md
c7ec685ceb2b6ce2492004ef4e886ca30c5d17304bec06067265c14ae5bb745e	969	children/AUTHOR-B1/members/DEL-06-01/simulation/apply/_run_records/TASK_RUN_2026-04-30_1037_four-documents-p3.md
40620a1f534c0b939107035e1cb7c9f2d78286071f6d7b6db375bac17b9dec46	977	children/AUTHOR-B1/members/DEL-06-01/simulation/apply/_run_records/TASK_RUN_2026-04-30_1037_lens-register.md
6c50533b020f60ed8c0d3b7f6977d968352ff8704bf8418f6bbf27b77f2ad767	1083	children/AUTHOR-B1/members/DEL-06-01/simulation/apply/_run_records/TASK_RUN_2026-04-30_1037_semantic-matrix-build.md
0a3c99ff52ca5c554b51131ed84e5e90ee82abc462ba41f0bdac41103c0809fb	2309	children/AUTHOR-B1/members/DEL-06-01/simulation/apply/_run_records/TASK_RUN_2026-05-10_2235_dependency-extract-refresh.md
2da2fc09de74121cd8d8c3685bd74c7d11d7b36f1bad847e885bd053e07ccc04	1703	children/AUTHOR-B1/members/DEL-06-01/simulation/apply/_run_records/TASK_RUN_2026-06-04_authority-refresh-0.7-dag006_DEL-06-01.md
6b8891b950e5300145e0804265d03da145989b02c62ff071dd7706f44735d826	3134	children/AUTHOR-B1/members/DEL-06-01/simulation/apply/_run_records/TASK_RUN_2026-06-05_2159.md
879eabec4170a0287c54bd23a844526e375fda418bdabb0ad0c7200e46228326	4017	children/AUTHOR-B1/members/DEL-06-01/simulation/apply/_run_records/TASK_RUN_2026-06-05_DEL-06-01_foundational-hardening.md
1244a1928ee4bc4cb46b63c993958b102001c4bb3bc3ddee7105b7fa2033f408	2640	children/AUTHOR-B1/members/DEL-06-01/simulation/apply/_run_records/TASK_RUN_2026-06-16_2359_dependency-semantic-refresh.md
ff817876af31c055a4d7c4c07880e383c7848a706a067f6220acd1f93349fe79	1985	children/AUTHOR-B1/members/DEL-06-01/simulation/apply/_run_records/WORKING_ITEMS_RUN_2026-06-05_0705_FOUNDATIONAL-HARDENING_FANIN.md
fec20427531bc02ce3eefe17d9b45e2c8fa15eb840aaf389274574e98b101e17	7115	children/AUTHOR-B1/members/DEL-06-01/simulation/apply/_run_records/WORKING_ITEMS_RUN_2026-06-12_TP-C2-SCHEMA-001.md
c04f9d85671d3416915ec4a89c4c1bf568f1ed8d5c7fbf70276687007edf5359	5896	children/AUTHOR-B1/members/DEL-06-01/simulation/apply/_run_records/WORKING_ITEMS_RUN_2026-06-14_TP-C3-LIBREFRATIFY-001.md
c32cb1fa034c15e027b4973fe404d070619039693105dcb81423fe2080a5cf1a	7504	children/AUTHOR-B1/members/DEL-06-01/simulation/apply/_run_records/WORKING_ITEMS_RUN_2026-06-14_TP-C3C4-LIBREF-001.md
638591233bc2b35d287bf18a477e220b5273ab9b99ad5fde3e5c856e9def8a2f	2028	children/AUTHOR-B1/members/DEL-06-01/simulation/apply/_run_records/WORKING_ITEMS_RUN_2026-06-16_TP-C2-ASTTEXTVIEW-001.md
60c6bea15a3dbbfd945f85dc664dc953d71c6d5404318e3f1471e9c8809f3622	1707	children/AUTHOR-B1/members/DEL-06-01/simulation/apply/_run_records/WORKING_ITEMS_RUN_2026-06-17_TP-UNITS-BTAIL-RULEPACKUNITPOLICY-001.md
9df5b4894029a1716e25ea54f1c21d03c6f0b4ab824af55cd60c42bac75870be	2434	children/AUTHOR-B1/members/DEL-06-01/simulation/apply/_run_records/WORKING_ITEMS_RUN_2026-06-18_TP-UNITS-BTAIL-RULEPACKDECLLINTUNITS-001.md
f2598927d1761f21736ecaa4088c6269853c34c5f177364b1a679be921094878	983	children/AUTHOR-B1/members/DEL-06-01/simulation/apply/_run_records/WORKING_ITEMS_RUN_2026-07-12_D41-R5-T7-PDU055-CURRENTNESS.md
417e92e234e84b7fde92cb5fdf89b5ef5996e4a1d2c8494694b5138afe530b4d	6562	children/AUTHOR-B1/members/DEL-06-01/simulation/rollback/Datasheet.md
c2c4259d5468077969cbbc98561875ac40630fef24808cd2ba5dc0677633681d	27627	children/AUTHOR-B1/members/DEL-06-01/simulation/rollback/Dependencies.csv
5499ad12f85aa95fc808ea0dcd057bc8d589df68023bcda1a72ca5e95d7351a0	5469	children/AUTHOR-B1/members/DEL-06-01/simulation/rollback/Guidance.md
6c42b8a13cb528c299d3f5838006d2d91a709afad11e5e75f5f176a1faa4c8e8	13974	children/AUTHOR-B1/members/DEL-06-01/simulation/rollback/MEMORY.md
34a7d54d34dfb3461a74c5c51412d88c257f320a551a0141ece879c082dd4515	4962	children/AUTHOR-B1/members/DEL-06-01/simulation/rollback/Procedure.md
de026659b75e06957abf3c90f6d9a78e06723d6cae5df583999390cb17c489aa	1017	children/AUTHOR-B1/members/DEL-06-01/simulation/rollback/Review_Findings.csv
b4cf9af3967310a1f9f992f933705447c4d00400b8de7eab18c9115d85c9c175	6593	children/AUTHOR-B1/members/DEL-06-01/simulation/rollback/Specification.md
50ed04422a15ef1bf11d8b41009ddb78d582128ec1ad55347f28cfd0066c2a44	2971	children/AUTHOR-B1/members/DEL-06-01/simulation/rollback/_CONTEXT.md
02bd4274a4423c553ce2ac8f1243c80ce825d4b7fc918c4f53398e599e59906a	5090	children/AUTHOR-B1/members/DEL-06-01/simulation/rollback/_DEPENDENCIES.md
759a429c09ce566261a207286305e777fdd0b7d73feabf858f854a32e5c7aeae	1351	children/AUTHOR-B1/members/DEL-06-01/simulation/rollback/_REFERENCES.md
b51cebad94f3bcd5946453a0daa1905d2869e588567855926d31e7ccf75c4e66	3444	children/AUTHOR-B1/members/DEL-06-01/simulation/rollback/_REVIEW.md
eb2180609b74fd5eb5ed3011f20cf3b9f1a1277bb77ecbfc4c14a91709ed04e3	33227	children/AUTHOR-B1/members/DEL-06-01/simulation/rollback/_SEMANTIC.md
04a8f7854196dfe562c17ab3ce2630fbd4ec28aeaf80c757710323b1009fa48e	14994	children/AUTHOR-B1/members/DEL-06-01/simulation/rollback/_SEMANTIC_LENSING.md
03152bb2eea0f1d0d8736cf740d776d7031af99bf198f164e78395d8b8ef71c1	2180	children/AUTHOR-B1/members/DEL-06-01/simulation/rollback/_STATUS.md
aea1433df2af4dbc37110bacc11635458ffc6b2bb88f37937cde702ccbd021a6	1065	children/AUTHOR-B1/members/DEL-06-01/simulation/rollback/_run_records/TASK_RUN_2026-04-30_1037_dependency-extract.md
1a7b788e443dd8b247ecde1e7df68820de8da747efdc7d97fea01c1b7323c5aa	1307	children/AUTHOR-B1/members/DEL-06-01/simulation/rollback/_run_records/TASK_RUN_2026-04-30_1037_four-documents-p1-p2.md
c7ec685ceb2b6ce2492004ef4e886ca30c5d17304bec06067265c14ae5bb745e	969	children/AUTHOR-B1/members/DEL-06-01/simulation/rollback/_run_records/TASK_RUN_2026-04-30_1037_four-documents-p3.md
40620a1f534c0b939107035e1cb7c9f2d78286071f6d7b6db375bac17b9dec46	977	children/AUTHOR-B1/members/DEL-06-01/simulation/rollback/_run_records/TASK_RUN_2026-04-30_1037_lens-register.md
6c50533b020f60ed8c0d3b7f6977d968352ff8704bf8418f6bbf27b77f2ad767	1083	children/AUTHOR-B1/members/DEL-06-01/simulation/rollback/_run_records/TASK_RUN_2026-04-30_1037_semantic-matrix-build.md
0a3c99ff52ca5c554b51131ed84e5e90ee82abc462ba41f0bdac41103c0809fb	2309	children/AUTHOR-B1/members/DEL-06-01/simulation/rollback/_run_records/TASK_RUN_2026-05-10_2235_dependency-extract-refresh.md
2da2fc09de74121cd8d8c3685bd74c7d11d7b36f1bad847e885bd053e07ccc04	1703	children/AUTHOR-B1/members/DEL-06-01/simulation/rollback/_run_records/TASK_RUN_2026-06-04_authority-refresh-0.7-dag006_DEL-06-01.md
6b8891b950e5300145e0804265d03da145989b02c62ff071dd7706f44735d826	3134	children/AUTHOR-B1/members/DEL-06-01/simulation/rollback/_run_records/TASK_RUN_2026-06-05_2159.md
879eabec4170a0287c54bd23a844526e375fda418bdabb0ad0c7200e46228326	4017	children/AUTHOR-B1/members/DEL-06-01/simulation/rollback/_run_records/TASK_RUN_2026-06-05_DEL-06-01_foundational-hardening.md
1244a1928ee4bc4cb46b63c993958b102001c4bb3bc3ddee7105b7fa2033f408	2640	children/AUTHOR-B1/members/DEL-06-01/simulation/rollback/_run_records/TASK_RUN_2026-06-16_2359_dependency-semantic-refresh.md
ff817876af31c055a4d7c4c07880e383c7848a706a067f6220acd1f93349fe79	1985	children/AUTHOR-B1/members/DEL-06-01/simulation/rollback/_run_records/WORKING_ITEMS_RUN_2026-06-05_0705_FOUNDATIONAL-HARDENING_FANIN.md
fec20427531bc02ce3eefe17d9b45e2c8fa15eb840aaf389274574e98b101e17	7115	children/AUTHOR-B1/members/DEL-06-01/simulation/rollback/_run_records/WORKING_ITEMS_RUN_2026-06-12_TP-C2-SCHEMA-001.md
c04f9d85671d3416915ec4a89c4c1bf568f1ed8d5c7fbf70276687007edf5359	5896	children/AUTHOR-B1/members/DEL-06-01/simulation/rollback/_run_records/WORKING_ITEMS_RUN_2026-06-14_TP-C3-LIBREFRATIFY-001.md
c32cb1fa034c15e027b4973fe404d070619039693105dcb81423fe2080a5cf1a	7504	children/AUTHOR-B1/members/DEL-06-01/simulation/rollback/_run_records/WORKING_ITEMS_RUN_2026-06-14_TP-C3C4-LIBREF-001.md
638591233bc2b35d287bf18a477e220b5273ab9b99ad5fde3e5c856e9def8a2f	2028	children/AUTHOR-B1/members/DEL-06-01/simulation/rollback/_run_records/WORKING_ITEMS_RUN_2026-06-16_TP-C2-ASTTEXTVIEW-001.md
60c6bea15a3dbbfd945f85dc664dc953d71c6d5404318e3f1471e9c8809f3622	1707	children/AUTHOR-B1/members/DEL-06-01/simulation/rollback/_run_records/WORKING_ITEMS_RUN_2026-06-17_TP-UNITS-BTAIL-RULEPACKUNITPOLICY-001.md
9df5b4894029a1716e25ea54f1c21d03c6f0b4ab824af55cd60c42bac75870be	2434	children/AUTHOR-B1/members/DEL-06-01/simulation/rollback/_run_records/WORKING_ITEMS_RUN_2026-06-18_TP-UNITS-BTAIL-RULEPACKDECLLINTUNITS-001.md
f2598927d1761f21736ecaa4088c6269853c34c5f177364b1a679be921094878	983	children/AUTHOR-B1/members/DEL-06-01/simulation/rollback/_run_records/WORKING_ITEMS_RUN_2026-07-12_D41-R5-T7-PDU055-CURRENTNESS.md
41672b07fc3bb5737eb101709158d18543348d4130ac6121206bf39baed6fade	285	children/AUTHOR-B1/members/DEL-06-01/simulation-apply-validation.json
e3b0c44298fc1c149afbf4c8996fb92427ae41e4649b934ca495991b7852b855	0	children/AUTHOR-B1/members/DEL-06-01/simulation-apply-validation.stderr
2cec1ab20c648e1e3d7337efcc1ee7c1e6c154c19e1040bada6ea1830ed48895	273	children/AUTHOR-B1/members/DEL-06-01/validation-authorized-dual.json
e3b0c44298fc1c149afbf4c8996fb92427ae41e4649b934ca495991b7852b855	0	children/AUTHOR-B1/members/DEL-06-01/validation-authorized-dual.stderr
ef9982efb95a9e45b6ebeb552bd451219b907281cbdcf9561d21eb919d81fb8e	251	children/AUTHOR-B1/members/DEL-06-01/validation-sow-v1.json
e3b0c44298fc1c149afbf4c8996fb92427ae41e4649b934ca495991b7852b855	0	children/AUTHOR-B1/members/DEL-06-01/validation-sow-v1.stderr
417e92e234e84b7fde92cb5fdf89b5ef5996e4a1d2c8494694b5138afe530b4d	6562	children/AUTHOR-B1/members/DEL-06-01/workspace-a/Datasheet.md
c2c4259d5468077969cbbc98561875ac40630fef24808cd2ba5dc0677633681d	27627	children/AUTHOR-B1/members/DEL-06-01/workspace-a/Dependencies.csv
5499ad12f85aa95fc808ea0dcd057bc8d589df68023bcda1a72ca5e95d7351a0	5469	children/AUTHOR-B1/members/DEL-06-01/workspace-a/Guidance.md
6c42b8a13cb528c299d3f5838006d2d91a709afad11e5e75f5f176a1faa4c8e8	13974	children/AUTHOR-B1/members/DEL-06-01/workspace-a/MEMORY.md
34a7d54d34dfb3461a74c5c51412d88c257f320a551a0141ece879c082dd4515	4962	children/AUTHOR-B1/members/DEL-06-01/workspace-a/Procedure.md
de026659b75e06957abf3c90f6d9a78e06723d6cae5df583999390cb17c489aa	1017	children/AUTHOR-B1/members/DEL-06-01/workspace-a/Review_Findings.csv
e79285e4080512f58a8cc8d808a431e9b27fc18838c149479aae3926897a0667	33651	children/AUTHOR-B1/members/DEL-06-01/workspace-a/ScopeOfWork.md
b4cf9af3967310a1f9f992f933705447c4d00400b8de7eab18c9115d85c9c175	6593	children/AUTHOR-B1/members/DEL-06-01/workspace-a/Specification.md
50ed04422a15ef1bf11d8b41009ddb78d582128ec1ad55347f28cfd0066c2a44	2971	children/AUTHOR-B1/members/DEL-06-01/workspace-a/_CONTEXT.md
02bd4274a4423c553ce2ac8f1243c80ce825d4b7fc918c4f53398e599e59906a	5090	children/AUTHOR-B1/members/DEL-06-01/workspace-a/_DEPENDENCIES.md
759a429c09ce566261a207286305e777fdd0b7d73feabf858f854a32e5c7aeae	1351	children/AUTHOR-B1/members/DEL-06-01/workspace-a/_REFERENCES.md
b51cebad94f3bcd5946453a0daa1905d2869e588567855926d31e7ccf75c4e66	3444	children/AUTHOR-B1/members/DEL-06-01/workspace-a/_REVIEW.md
eb2180609b74fd5eb5ed3011f20cf3b9f1a1277bb77ecbfc4c14a91709ed04e3	33227	children/AUTHOR-B1/members/DEL-06-01/workspace-a/_SEMANTIC.md
04a8f7854196dfe562c17ab3ce2630fbd4ec28aeaf80c757710323b1009fa48e	14994	children/AUTHOR-B1/members/DEL-06-01/workspace-a/_SEMANTIC_LENSING.md
03152bb2eea0f1d0d8736cf740d776d7031af99bf198f164e78395d8b8ef71c1	2180	children/AUTHOR-B1/members/DEL-06-01/workspace-a/_STATUS.md
aea1433df2af4dbc37110bacc11635458ffc6b2bb88f37937cde702ccbd021a6	1065	children/AUTHOR-B1/members/DEL-06-01/workspace-a/_run_records/TASK_RUN_2026-04-30_1037_dependency-extract.md
1a7b788e443dd8b247ecde1e7df68820de8da747efdc7d97fea01c1b7323c5aa	1307	children/AUTHOR-B1/members/DEL-06-01/workspace-a/_run_records/TASK_RUN_2026-04-30_1037_four-documents-p1-p2.md
c7ec685ceb2b6ce2492004ef4e886ca30c5d17304bec06067265c14ae5bb745e	969	children/AUTHOR-B1/members/DEL-06-01/workspace-a/_run_records/TASK_RUN_2026-04-30_1037_four-documents-p3.md
40620a1f534c0b939107035e1cb7c9f2d78286071f6d7b6db375bac17b9dec46	977	children/AUTHOR-B1/members/DEL-06-01/workspace-a/_run_records/TASK_RUN_2026-04-30_1037_lens-register.md
6c50533b020f60ed8c0d3b7f6977d968352ff8704bf8418f6bbf27b77f2ad767	1083	children/AUTHOR-B1/members/DEL-06-01/workspace-a/_run_records/TASK_RUN_2026-04-30_1037_semantic-matrix-build.md
0a3c99ff52ca5c554b51131ed84e5e90ee82abc462ba41f0bdac41103c0809fb	2309	children/AUTHOR-B1/members/DEL-06-01/workspace-a/_run_records/TASK_RUN_2026-05-10_2235_dependency-extract-refresh.md
2da2fc09de74121cd8d8c3685bd74c7d11d7b36f1bad847e885bd053e07ccc04	1703	children/AUTHOR-B1/members/DEL-06-01/workspace-a/_run_records/TASK_RUN_2026-06-04_authority-refresh-0.7-dag006_DEL-06-01.md
6b8891b950e5300145e0804265d03da145989b02c62ff071dd7706f44735d826	3134	children/AUTHOR-B1/members/DEL-06-01/workspace-a/_run_records/TASK_RUN_2026-06-05_2159.md
879eabec4170a0287c54bd23a844526e375fda418bdabb0ad0c7200e46228326	4017	children/AUTHOR-B1/members/DEL-06-01/workspace-a/_run_records/TASK_RUN_2026-06-05_DEL-06-01_foundational-hardening.md
1244a1928ee4bc4cb46b63c993958b102001c4bb3bc3ddee7105b7fa2033f408	2640	children/AUTHOR-B1/members/DEL-06-01/workspace-a/_run_records/TASK_RUN_2026-06-16_2359_dependency-semantic-refresh.md
ff817876af31c055a4d7c4c07880e383c7848a706a067f6220acd1f93349fe79	1985	children/AUTHOR-B1/members/DEL-06-01/workspace-a/_run_records/WORKING_ITEMS_RUN_2026-06-05_0705_FOUNDATIONAL-HARDENING_FANIN.md
fec20427531bc02ce3eefe17d9b45e2c8fa15eb840aaf389274574e98b101e17	7115	children/AUTHOR-B1/members/DEL-06-01/workspace-a/_run_records/WORKING_ITEMS_RUN_2026-06-12_TP-C2-SCHEMA-001.md
c04f9d85671d3416915ec4a89c4c1bf568f1ed8d5c7fbf70276687007edf5359	5896	children/AUTHOR-B1/members/DEL-06-01/workspace-a/_run_records/WORKING_ITEMS_RUN_2026-06-14_TP-C3-LIBREFRATIFY-001.md
c32cb1fa034c15e027b4973fe404d070619039693105dcb81423fe2080a5cf1a	7504	children/AUTHOR-B1/members/DEL-06-01/workspace-a/_run_records/WORKING_ITEMS_RUN_2026-06-14_TP-C3C4-LIBREF-001.md
638591233bc2b35d287bf18a477e220b5273ab9b99ad5fde3e5c856e9def8a2f	2028	children/AUTHOR-B1/members/DEL-06-01/workspace-a/_run_records/WORKING_ITEMS_RUN_2026-06-16_TP-C2-ASTTEXTVIEW-001.md
60c6bea15a3dbbfd945f85dc664dc953d71c6d5404318e3f1471e9c8809f3622	1707	children/AUTHOR-B1/members/DEL-06-01/workspace-a/_run_records/WORKING_ITEMS_RUN_2026-06-17_TP-UNITS-BTAIL-RULEPACKUNITPOLICY-001.md
9df5b4894029a1716e25ea54f1c21d03c6f0b4ab824af55cd60c42bac75870be	2434	children/AUTHOR-B1/members/DEL-06-01/workspace-a/_run_records/WORKING_ITEMS_RUN_2026-06-18_TP-UNITS-BTAIL-RULEPACKDECLLINTUNITS-001.md
f2598927d1761f21736ecaa4088c6269853c34c5f177364b1a679be921094878	983	children/AUTHOR-B1/members/DEL-06-01/workspace-a/_run_records/WORKING_ITEMS_RUN_2026-07-12_D41-R5-T7-PDU055-CURRENTNESS.md
417e92e234e84b7fde92cb5fdf89b5ef5996e4a1d2c8494694b5138afe530b4d	6562	children/AUTHOR-B1/members/DEL-06-01/workspace-b/Datasheet.md
c2c4259d5468077969cbbc98561875ac40630fef24808cd2ba5dc0677633681d	27627	children/AUTHOR-B1/members/DEL-06-01/workspace-b/Dependencies.csv
5499ad12f85aa95fc808ea0dcd057bc8d589df68023bcda1a72ca5e95d7351a0	5469	children/AUTHOR-B1/members/DEL-06-01/workspace-b/Guidance.md
6c42b8a13cb528c299d3f5838006d2d91a709afad11e5e75f5f176a1faa4c8e8	13974	children/AUTHOR-B1/members/DEL-06-01/workspace-b/MEMORY.md
34a7d54d34dfb3461a74c5c51412d88c257f320a551a0141ece879c082dd4515	4962	children/AUTHOR-B1/members/DEL-06-01/workspace-b/Procedure.md
de026659b75e06957abf3c90f6d9a78e06723d6cae5df583999390cb17c489aa	1017	children/AUTHOR-B1/members/DEL-06-01/workspace-b/Review_Findings.csv
e79285e4080512f58a8cc8d808a431e9b27fc18838c149479aae3926897a0667	33651	children/AUTHOR-B1/members/DEL-06-01/workspace-b/ScopeOfWork.md
b4cf9af3967310a1f9f992f933705447c4d00400b8de7eab18c9115d85c9c175	6593	children/AUTHOR-B1/members/DEL-06-01/workspace-b/Specification.md
50ed04422a15ef1bf11d8b41009ddb78d582128ec1ad55347f28cfd0066c2a44	2971	children/AUTHOR-B1/members/DEL-06-01/workspace-b/_CONTEXT.md
02bd4274a4423c553ce2ac8f1243c80ce825d4b7fc918c4f53398e599e59906a	5090	children/AUTHOR-B1/members/DEL-06-01/workspace-b/_DEPENDENCIES.md
759a429c09ce566261a207286305e777fdd0b7d73feabf858f854a32e5c7aeae	1351	children/AUTHOR-B1/members/DEL-06-01/workspace-b/_REFERENCES.md
b51cebad94f3bcd5946453a0daa1905d2869e588567855926d31e7ccf75c4e66	3444	children/AUTHOR-B1/members/DEL-06-01/workspace-b/_REVIEW.md
eb2180609b74fd5eb5ed3011f20cf3b9f1a1277bb77ecbfc4c14a91709ed04e3	33227	children/AUTHOR-B1/members/DEL-06-01/workspace-b/_SEMANTIC.md
04a8f7854196dfe562c17ab3ce2630fbd4ec28aeaf80c757710323b1009fa48e	14994	children/AUTHOR-B1/members/DEL-06-01/workspace-b/_SEMANTIC_LENSING.md
03152bb2eea0f1d0d8736cf740d776d7031af99bf198f164e78395d8b8ef71c1	2180	children/AUTHOR-B1/members/DEL-06-01/workspace-b/_STATUS.md
aea1433df2af4dbc37110bacc11635458ffc6b2bb88f37937cde702ccbd021a6	1065	children/AUTHOR-B1/members/DEL-06-01/workspace-b/_run_records/TASK_RUN_2026-04-30_1037_dependency-extract.md
1a7b788e443dd8b247ecde1e7df68820de8da747efdc7d97fea01c1b7323c5aa	1307	children/AUTHOR-B1/members/DEL-06-01/workspace-b/_run_records/TASK_RUN_2026-04-30_1037_four-documents-p1-p2.md
c7ec685ceb2b6ce2492004ef4e886ca30c5d17304bec06067265c14ae5bb745e	969	children/AUTHOR-B1/members/DEL-06-01/workspace-b/_run_records/TASK_RUN_2026-04-30_1037_four-documents-p3.md
40620a1f534c0b939107035e1cb7c9f2d78286071f6d7b6db375bac17b9dec46	977	children/AUTHOR-B1/members/DEL-06-01/workspace-b/_run_records/TASK_RUN_2026-04-30_1037_lens-register.md
6c50533b020f60ed8c0d3b7f6977d968352ff8704bf8418f6bbf27b77f2ad767	1083	children/AUTHOR-B1/members/DEL-06-01/workspace-b/_run_records/TASK_RUN_2026-04-30_1037_semantic-matrix-build.md
0a3c99ff52ca5c554b51131ed84e5e90ee82abc462ba41f0bdac41103c0809fb	2309	children/AUTHOR-B1/members/DEL-06-01/workspace-b/_run_records/TASK_RUN_2026-05-10_2235_dependency-extract-refresh.md
2da2fc09de74121cd8d8c3685bd74c7d11d7b36f1bad847e885bd053e07ccc04	1703	children/AUTHOR-B1/members/DEL-06-01/workspace-b/_run_records/TASK_RUN_2026-06-04_authority-refresh-0.7-dag006_DEL-06-01.md
6b8891b950e5300145e0804265d03da145989b02c62ff071dd7706f44735d826	3134	children/AUTHOR-B1/members/DEL-06-01/workspace-b/_run_records/TASK_RUN_2026-06-05_2159.md
879eabec4170a0287c54bd23a844526e375fda418bdabb0ad0c7200e46228326	4017	children/AUTHOR-B1/members/DEL-06-01/workspace-b/_run_records/TASK_RUN_2026-06-05_DEL-06-01_foundational-hardening.md
1244a1928ee4bc4cb46b63c993958b102001c4bb3bc3ddee7105b7fa2033f408	2640	children/AUTHOR-B1/members/DEL-06-01/workspace-b/_run_records/TASK_RUN_2026-06-16_2359_dependency-semantic-refresh.md
ff817876af31c055a4d7c4c07880e383c7848a706a067f6220acd1f93349fe79	1985	children/AUTHOR-B1/members/DEL-06-01/workspace-b/_run_records/WORKING_ITEMS_RUN_2026-06-05_0705_FOUNDATIONAL-HARDENING_FANIN.md
fec20427531bc02ce3eefe17d9b45e2c8fa15eb840aaf389274574e98b101e17	7115	children/AUTHOR-B1/members/DEL-06-01/workspace-b/_run_records/WORKING_ITEMS_RUN_2026-06-12_TP-C2-SCHEMA-001.md
c04f9d85671d3416915ec4a89c4c1bf568f1ed8d5c7fbf70276687007edf5359	5896	children/AUTHOR-B1/members/DEL-06-01/workspace-b/_run_records/WORKING_ITEMS_RUN_2026-06-14_TP-C3-LIBREFRATIFY-001.md
c32cb1fa034c15e027b4973fe404d070619039693105dcb81423fe2080a5cf1a	7504	children/AUTHOR-B1/members/DEL-06-01/workspace-b/_run_records/WORKING_ITEMS_RUN_2026-06-14_TP-C3C4-LIBREF-001.md
638591233bc2b35d287bf18a477e220b5273ab9b99ad5fde3e5c856e9def8a2f	2028	children/AUTHOR-B1/members/DEL-06-01/workspace-b/_run_records/WORKING_ITEMS_RUN_2026-06-16_TP-C2-ASTTEXTVIEW-001.md
60c6bea15a3dbbfd945f85dc664dc953d71c6d5404318e3f1471e9c8809f3622	1707	children/AUTHOR-B1/members/DEL-06-01/workspace-b/_run_records/WORKING_ITEMS_RUN_2026-06-17_TP-UNITS-BTAIL-RULEPACKUNITPOLICY-001.md
9df5b4894029a1716e25ea54f1c21d03c6f0b4ab824af55cd60c42bac75870be	2434	children/AUTHOR-B1/members/DEL-06-01/workspace-b/_run_records/WORKING_ITEMS_RUN_2026-06-18_TP-UNITS-BTAIL-RULEPACKDECLLINTUNITS-001.md
f2598927d1761f21736ecaa4088c6269853c34c5f177364b1a679be921094878	983	children/AUTHOR-B1/members/DEL-06-01/workspace-b/_run_records/WORKING_ITEMS_RUN_2026-07-12_D41-R5-T7-PDU055-CURRENTNESS.md
28965aeaa05d38bc1f41bfd957bd6aec18c0e18b3bf4d56e22faf52a5636473f	626	children/AUTHOR-B1/members/DEL-06-02/DERIVATIVE_DETERMINISM.tsv
0d5bc27017e1a98aa77b8159c495e475c031721c662724f8d5a15ccc990bdd90	506	children/AUTHOR-B1/members/DEL-06-02/DETERMINISM.tsv
f77c9d69158f7cbbe3b43c7482a5647d72101f04133cac914401c5f70cd571bd	1168	children/AUTHOR-B1/members/DEL-06-02/FROZEN_ROW.tsv
6d427c9b32834566702b75d8e3d89a9f51bb2641152c6ef552ed818492d3b4ba	932	children/AUTHOR-B1/members/DEL-06-02/IMMUTABLE_LITERAL_AND_CONTEXT_REVIEW.md
0b48ae02a08cde7654fecc40a7d4a199a4bb60327302d8a5798ab3eac2f11369	842	children/AUTHOR-B1/members/DEL-06-02/MEMBER_SUMMARY.md
4a5143e19b2b0b40849a146609fcc433813ac9f378752a3a1b40ac4d5e2a1592	1657	children/AUTHOR-B1/members/DEL-06-02/SOURCE_HASHES.tsv
04edacac685763e56eed052d1db100f804c1a6e0b97131aec5c57388bbbefe73	1697	children/AUTHOR-B1/members/DEL-06-02/checklist-a.json
e3b0c44298fc1c149afbf4c8996fb92427ae41e4649b934ca495991b7852b855	0	children/AUTHOR-B1/members/DEL-06-02/checklist-a.stderr
e3b0c44298fc1c149afbf4c8996fb92427ae41e4649b934ca495991b7852b855	0	children/AUTHOR-B1/members/DEL-06-02/checklist-a.stdout
04edacac685763e56eed052d1db100f804c1a6e0b97131aec5c57388bbbefe73	1697	children/AUTHOR-B1/members/DEL-06-02/checklist-b.json
e3b0c44298fc1c149afbf4c8996fb92427ae41e4649b934ca495991b7852b855	0	children/AUTHOR-B1/members/DEL-06-02/checklist-b.stderr
e3b0c44298fc1c149afbf4c8996fb92427ae41e4649b934ca495991b7852b855	0	children/AUTHOR-B1/members/DEL-06-02/checklist-b.stdout
db3f848387da20a8732bd987087e8f270707d292b42daa32c1216004c1e0886f	5947	children/AUTHOR-B1/members/DEL-06-02/claim-map-a.csv
e3b0c44298fc1c149afbf4c8996fb92427ae41e4649b934ca495991b7852b855	0	children/AUTHOR-B1/members/DEL-06-02/claim-map-a.stderr
2cfbbecb1a7133769e3583198ff266cc26c550c84902fc9b9a6f71a3bd54409a	216	children/AUTHOR-B1/members/DEL-06-02/claim-map-a.stdout
db3f848387da20a8732bd987087e8f270707d292b42daa32c1216004c1e0886f	5947	children/AUTHOR-B1/members/DEL-06-02/claim-map-b.csv
e3b0c44298fc1c149afbf4c8996fb92427ae41e4649b934ca495991b7852b855	0	children/AUTHOR-B1/members/DEL-06-02/claim-map-b.stderr
db49ed316078cdca6b04a6d269a11c2470f5dd82a9ab5294c11ad09b2b7f915f	216	children/AUTHOR-B1/members/DEL-06-02/claim-map-b.stdout
e3b0c44298fc1c149afbf4c8996fb92427ae41e4649b934ca495991b7852b855	0	children/AUTHOR-B1/members/DEL-06-02/clean-residue.scan
e3b0c44298fc1c149afbf4c8996fb92427ae41e4649b934ca495991b7852b855	0	children/AUTHOR-B1/members/DEL-06-02/conversion-a.stderr
e3441ac37021e55c07dd3455a90c62358987aa8c81530091d32c72c6802932e9	207	children/AUTHOR-B1/members/DEL-06-02/conversion-a.stdout
e3b0c44298fc1c149afbf4c8996fb92427ae41e4649b934ca495991b7852b855	0	children/AUTHOR-B1/members/DEL-06-02/conversion-b.stderr
0a18cb5565a5d8232b499a2cb9e9b5f51244f3a0d7e417a178c4c8e27fad6ebe	207	children/AUTHOR-B1/members/DEL-06-02/conversion-b.stdout
b439df6dab8cadf7c3784589becb85bf75d32d26e3f7f71446b6cc7417d8adc9	27590	children/AUTHOR-B1/members/DEL-06-02/final-a/ScopeOfWork.md
54448721280354cfb79f91b0e355c1143c1a5381c597ef6a9e9af85eb91b6b4f	12438	children/AUTHOR-B1/members/DEL-06-02/final-a/report.json
b439df6dab8cadf7c3784589becb85bf75d32d26e3f7f71446b6cc7417d8adc9	27590	children/AUTHOR-B1/members/DEL-06-02/final-b/ScopeOfWork.md
54448721280354cfb79f91b0e355c1143c1a5381c597ef6a9e9af85eb91b6b4f	12438	children/AUTHOR-B1/members/DEL-06-02/final-b/report.json
e3b0c44298fc1c149afbf4c8996fb92427ae41e4649b934ca495991b7852b855	0	children/AUTHOR-B1/members/DEL-06-02/finalization-a.stderr
e330b21a821b075ad8ba18e62a9eabff38a2827d0bcc97bb695177910e9fc556	225	children/AUTHOR-B1/members/DEL-06-02/finalization-a.stdout
e3b0c44298fc1c149afbf4c8996fb92427ae41e4649b934ca495991b7852b855	0	children/AUTHOR-B1/members/DEL-06-02/finalization-b.stderr
873903b20e9da685dae2cc3a27d4aba86f06d6829de8f7f4cc09172bde8a6344	225	children/AUTHOR-B1/members/DEL-06-02/finalization-b.stdout
77c112a0f16de87e315dbb8ff4aa9219eca2c224108c2c9c9b4bfc7394fdad3a	27598	children/AUTHOR-B1/members/DEL-06-02/mutated-production/ScopeOfWork.md
4355a46b19d348dc2f57c046f8ef63d4538ebb936000f3c9ee954a27460dd865	2	children/AUTHOR-B1/members/DEL-06-02/negative-ambiguous-checklist.exit
b37a0cca9858c0352661b65d064e00020bbe562dbdaab6454812cd6c24f7dd2c	167	children/AUTHOR-B1/members/DEL-06-02/negative-ambiguous-checklist.stderr
e3b0c44298fc1c149afbf4c8996fb92427ae41e4649b934ca495991b7852b855	0	children/AUTHOR-B1/members/DEL-06-02/negative-ambiguous-checklist.stdout
4355a46b19d348dc2f57c046f8ef63d4538ebb936000f3c9ee954a27460dd865	2	children/AUTHOR-B1/members/DEL-06-02/negative-evidence-render.exit
cb0da27c60dce6b4cbcfd06282c5b6f1266cc686411a099c3c2ce0fa13f2bc8d	129	children/AUTHOR-B1/members/DEL-06-02/negative-evidence-render.stderr
e3b0c44298fc1c149afbf4c8996fb92427ae41e4649b934ca495991b7852b855	0	children/AUTHOR-B1/members/DEL-06-02/negative-evidence-render.stdout
4355a46b19d348dc2f57c046f8ef63d4538ebb936000f3c9ee954a27460dd865	2	children/AUTHOR-B1/members/DEL-06-02/negative-mutated-map.exit
508e4cba64abbcf0b6795d7878007071f478f6346c8328a87ab00f3b4203657f	97	children/AUTHOR-B1/members/DEL-06-02/negative-mutated-map.stderr
e3b0c44298fc1c149afbf4c8996fb92427ae41e4649b934ca495991b7852b855	0	children/AUTHOR-B1/members/DEL-06-02/negative-mutated-map.stdout
4355a46b19d348dc2f57c046f8ef63d4538ebb936000f3c9ee954a27460dd865	2	children/AUTHOR-B1/members/DEL-06-02/negative-mutated-parity.exit
4a126788c54dae67b04d74fe75d3920499339e64b8ab29fdecb09ecaf90177b8	7906	children/AUTHOR-B1/members/DEL-06-02/negative-mutated-parity.json
e3b0c44298fc1c149afbf4c8996fb92427ae41e4649b934ca495991b7852b855	0	children/AUTHOR-B1/members/DEL-06-02/negative-mutated-parity.stderr
cf5b1e99002ffaf5ad9407b51e788cecdef2850162f43e35b169fa302d756efb	15	children/AUTHOR-B1/members/DEL-06-02/negative-mutated-parity.stdout
43c4dd2901ff9848631e85b7cc67d8a931b7b79ab70afca2135a64dade2c8505	5494	children/AUTHOR-B1/members/DEL-06-02/negative-partial/Datasheet.md
2d0764e42daac87d7d0cca530b10c51115c414b81ed3168f0f1b7ff1c1c22475	3548	children/AUTHOR-B1/members/DEL-06-02/negative-partial/_STATUS.md
4355a46b19d348dc2f57c046f8ef63d4538ebb936000f3c9ee954a27460dd865	2	children/AUTHOR-B1/members/DEL-06-02/negative-partial-validation.exit
e3b0c44298fc1c149afbf4c8996fb92427ae41e4649b934ca495991b7852b855	0	children/AUTHOR-B1/members/DEL-06-02/negative-partial-validation.stderr
8aebd5d7009164553875a8c9420d89910c67412ef7276ef0e84210162e97e91d	396	children/AUTHOR-B1/members/DEL-06-02/negative-partial-validation.stdout
4355a46b19d348dc2f57c046f8ef63d4538ebb936000f3c9ee954a27460dd865	2	children/AUTHOR-B1/members/DEL-06-02/negative-unauthorized-checklist.exit
72fbdb46d4b55ceeac9cb009dbd09cf92cf5cd08ccb47758238c60f426fecfc6	249	children/AUTHOR-B1/members/DEL-06-02/negative-unauthorized-checklist.stderr
e3b0c44298fc1c149afbf4c8996fb92427ae41e4649b934ca495991b7852b855	0	children/AUTHOR-B1/members/DEL-06-02/negative-unauthorized-checklist.stdout
4355a46b19d348dc2f57c046f8ef63d4538ebb936000f3c9ee954a27460dd865	2	children/AUTHOR-B1/members/DEL-06-02/negative-unauthorized-dual.exit
e3b0c44298fc1c149afbf4c8996fb92427ae41e4649b934ca495991b7852b855	0	children/AUTHOR-B1/members/DEL-06-02/negative-unauthorized-dual.stderr
98c6c0d8a31e6c850612c95ab2c55e3c6d3828a7bfba3f31856052d277914eb4	406	children/AUTHOR-B1/members/DEL-06-02/negative-unauthorized-dual.stdout
8abfabfe987f7490de13256ce34a699529c90b263eab597f20c4eddb9e12a835	7744	children/AUTHOR-B1/members/DEL-06-02/parity-a.json
a6e316ad9b5a3619ea790df832e8f104cf8cc2e6f8eabbecb5d9d94b4881d2a3	291	children/AUTHOR-B1/members/DEL-06-02/parity-a.md
e3b0c44298fc1c149afbf4c8996fb92427ae41e4649b934ca495991b7852b855	0	children/AUTHOR-B1/members/DEL-06-02/parity-a.stderr
d31213721864d27c8af786ffcb27408c3413c87127aea76a15b5da5613e1d310	15	children/AUTHOR-B1/members/DEL-06-02/parity-a.stdout
8abfabfe987f7490de13256ce34a699529c90b263eab597f20c4eddb9e12a835	7744	children/AUTHOR-B1/members/DEL-06-02/parity-b.json
a6e316ad9b5a3619ea790df832e8f104cf8cc2e6f8eabbecb5d9d94b4881d2a3	291	children/AUTHOR-B1/members/DEL-06-02/parity-b.md
e3b0c44298fc1c149afbf4c8996fb92427ae41e4649b934ca495991b7852b855	0	children/AUTHOR-B1/members/DEL-06-02/parity-b.stderr
d31213721864d27c8af786ffcb27408c3413c87127aea76a15b5da5613e1d310	15	children/AUTHOR-B1/members/DEL-06-02/parity-b.stdout
296dc8efcafb6aac1edba629f8afe5792943d4e0ba6591ac2a5d0c928e621054	35781	children/AUTHOR-B1/members/DEL-06-02/render-a.html
e3b0c44298fc1c149afbf4c8996fb92427ae41e4649b934ca495991b7852b855	0	children/AUTHOR-B1/members/DEL-06-02/render-a.stderr
e3b0c44298fc1c149afbf4c8996fb92427ae41e4649b934ca495991b7852b855	0	children/AUTHOR-B1/members/DEL-06-02/render-a.stdout
296dc8efcafb6aac1edba629f8afe5792943d4e0ba6591ac2a5d0c928e621054	35781	children/AUTHOR-B1/members/DEL-06-02/render-b.html
e3b0c44298fc1c149afbf4c8996fb92427ae41e4649b934ca495991b7852b855	0	children/AUTHOR-B1/members/DEL-06-02/render-b.stderr
e3b0c44298fc1c149afbf4c8996fb92427ae41e4649b934ca495991b7852b855	0	children/AUTHOR-B1/members/DEL-06-02/render-b.stdout
e3b0c44298fc1c149afbf4c8996fb92427ae41e4649b934ca495991b7852b855	0	children/AUTHOR-B1/members/DEL-06-02/render-forbidden.scan
59721265c1e740f7d689fb376de6839c9ba897e9e3dcef06ae27e32e6e88bb26	24010	children/AUTHOR-B1/members/DEL-06-02/simulation/apply/Dependencies.csv
0195b8e9af069f9ab0e3c829ce235f958093118c4eadd25414a916429d1dd114	23667	children/AUTHOR-B1/members/DEL-06-02/simulation/apply/MEMORY.md
419eacf1fa6289508422f8dcdc6bf219e5d9682049c0860c1dfb5bcd81975057	1000	children/AUTHOR-B1/members/DEL-06-02/simulation/apply/Review_Findings.csv
b439df6dab8cadf7c3784589becb85bf75d32d26e3f7f71446b6cc7417d8adc9	27590	children/AUTHOR-B1/members/DEL-06-02/simulation/apply/ScopeOfWork.md
1cbe5cfedec19dfa5e0e147f209b716b5b8d52e42fc2b9f919f4a9218227cef0	3001	children/AUTHOR-B1/members/DEL-06-02/simulation/apply/_CONTEXT.md
ca2679dc52368889088b44b65fc0bda18c6b2b02ec4ce625789df1533ccc08ba	4799	children/AUTHOR-B1/members/DEL-06-02/simulation/apply/_DEPENDENCIES.md
d4534048171355a0cb609d649e56be171a012a60605c92e8cff62c9fa2f976b5	1368	children/AUTHOR-B1/members/DEL-06-02/simulation/apply/_REFERENCES.md
eb1f8d92a2e3894cf1cbecbdb4783d7e4981613c7fe2851d32c2a93818cad124	3313	children/AUTHOR-B1/members/DEL-06-02/simulation/apply/_REVIEW.md
2e47bb5c071a96c84430573e53efe47190ba367cb14fd07314ecf65cb8a584b6	11566	children/AUTHOR-B1/members/DEL-06-02/simulation/apply/_SEMANTIC.md
4baa515b0e255473d1cb671d813fc359fa39688c1fb58aadcdf3dc9d884d5fba	18215	children/AUTHOR-B1/members/DEL-06-02/simulation/apply/_SEMANTIC_LENSING.md
2d0764e42daac87d7d0cca530b10c51115c414b81ed3168f0f1b7ff1c1c22475	3548	children/AUTHOR-B1/members/DEL-06-02/simulation/apply/_STATUS.md
2c5c902631b12bfbaf97e3ef0c7bc1cbe7de5791552c016b3f6d77fbf609ad9f	1786	children/AUTHOR-B1/members/DEL-06-02/simulation/apply/_run_records/TASK_RUN_2026-04-30_1032_dependency-extract.md
7b246bb51242d96367ff4b5868d224a2a4db9c376d285970e3799b8427365d65	1731	children/AUTHOR-B1/members/DEL-06-02/simulation/apply/_run_records/TASK_RUN_2026-04-30_1032_four-documents-p1-p2.md
23f8e045de87110d3beab061f3492ddb108466ae54c2e66a31b57e3f7a707809	1744	children/AUTHOR-B1/members/DEL-06-02/simulation/apply/_run_records/TASK_RUN_2026-04-30_1032_four-documents-p3.md
699fedf06148e183a289009213780022a9db109ad59cfdba23716d6619cf49db	1222	children/AUTHOR-B1/members/DEL-06-02/simulation/apply/_run_records/TASK_RUN_2026-04-30_1032_lens-register.md
83a1f39515e95fb33184ba3c1d88e920b395c27f95a8391b6f22c9561fa55ff2	1390	children/AUTHOR-B1/members/DEL-06-02/simulation/apply/_run_records/TASK_RUN_2026-04-30_1032_semantic-matrix-build.md
031e5f87fd325296d16282d1cec018caa168df969aa42cb9cd9d2bccce103a2f	3117	children/AUTHOR-B1/members/DEL-06-02/simulation/apply/_run_records/TASK_RUN_2026-05-10_2235_dependency-extract-refresh.md
09c056aa8f887aee9cec177ba7e8aa738d82ff3c8d0a193829bd4933ba7489d8	1698	children/AUTHOR-B1/members/DEL-06-02/simulation/apply/_run_records/TASK_RUN_2026-06-04_authority-refresh-0.7-dag006_DEL-06-02.md
638f65dd667cbfbcec9005a9f249df21b3d4c0f8c466e60bb7b3b2e7bdb217a3	3964	children/AUTHOR-B1/members/DEL-06-02/simulation/apply/_run_records/TASK_RUN_2026-06-05_2158_pkg06-02-pkg02-001-verification.md
f4c77cc7297a70f76917a78f0bec73798d8757e4ee553cd0fdf9cde8f7aef641	11507	children/AUTHOR-B1/members/DEL-06-02/simulation/apply/_run_records/TASK_RUN_2026-06-11_TP-C1-GRAMMAR-001.md
a5f241b2d19aac066979ce563b2485df3214492812627e333c8389b90e4c792b	2574	children/AUTHOR-B1/members/DEL-06-02/simulation/apply/_run_records/TASK_RUN_2026-06-16_2359_dependency-semantic-refresh.md
d37e0c75179c6ca20f77305d7b6e91427ef0627827ec7dfa4e693f545ccd3f72	511	children/AUTHOR-B1/members/DEL-06-02/simulation/apply/_run_records/TASK_RUN_2026-07-12_D41-R5-T2B-PDU024.md
d87a4827087359e441317c4d552bd945f68a8bdb9cb8532e16088ac87dfa9efc	8634	children/AUTHOR-B1/members/DEL-06-02/simulation/apply/_run_records/WORKING_ITEMS_RUN_2026-06-13_TP-C4-CHECKRUN-001.md
741cd495fbefe785c73b54a16fa2f570fedb5ea0888a32c9b8088596f5d4f003	8043	children/AUTHOR-B1/members/DEL-06-02/simulation/apply/_run_records/WORKING_ITEMS_RUN_2026-06-14_TP-C3-LIBREFAUTHOR-001.md
1282a4a9f8b4fefa0b5e9756a63292260000e1481af2e71734334b5e182cb888	9280	children/AUTHOR-B1/members/DEL-06-02/simulation/apply/_run_records/WORKING_ITEMS_RUN_2026-06-14_TP-C3-LIBREFPICKER-001.md
c04f9d85671d3416915ec4a89c4c1bf568f1ed8d5c7fbf70276687007edf5359	5896	children/AUTHOR-B1/members/DEL-06-02/simulation/apply/_run_records/WORKING_ITEMS_RUN_2026-06-14_TP-C3-LIBREFRATIFY-001.md
da417864e38250e685f2d2740afdb3fa006dc5316006da23028aba204f2f2647	7568	children/AUTHOR-B1/members/DEL-06-02/simulation/apply/_run_records/WORKING_ITEMS_RUN_2026-06-14_TP-C3-LIBREFSECCOMP-001.md
c32cb1fa034c15e027b4973fe404d070619039693105dcb81423fe2080a5cf1a	7504	children/AUTHOR-B1/members/DEL-06-02/simulation/apply/_run_records/WORKING_ITEMS_RUN_2026-06-14_TP-C3C4-LIBREF-001.md
7a2d13b52ebc4991ec438ed7e5936506aca01c8a4c9f6f6ccdd39996fe314d43	9035	children/AUTHOR-B1/members/DEL-06-02/simulation/apply/_run_records/WORKING_ITEMS_RUN_2026-06-14_TP-C4-ACCEPTREL-001.md
32b0d939279fab92f976a32af03b2cdd8cc016a5b89f7f2e1b89f6c81c14c437	8045	children/AUTHOR-B1/members/DEL-06-02/simulation/apply/_run_records/WORKING_ITEMS_RUN_2026-06-14_TP-C4-CHECKGUI-001.md
364a17c640822b494cf33e0b003d58b6684f9bdcd5bf5f311ed0a97809cc0067	5596	children/AUTHOR-B1/members/DEL-06-02/simulation/apply/_run_records/WORKING_ITEMS_RUN_2026-06-14_TP-C4-RATIFY-001.md
63b94ade17f7f6c69e8fd6eab3f3144e676ad3020ead73ec58ef930482669baf	11141	children/AUTHOR-B1/members/DEL-06-02/simulation/apply/_run_records/WORKING_ITEMS_RUN_2026-06-14_TP-C4-SOLVERREF-001.md
559545e1e8a199959d9ccc8d41fc4d93d5cf5d2c42ff39761c72cb98e4ff1681	11383	children/AUTHOR-B1/members/DEL-06-02/simulation/apply/_run_records/WORKING_ITEMS_RUN_2026-06-14_TP-C4-SOLVERREFAUTHOR-001.md
355623cf27dcc615a7d215fbadcbe322a22dbf4254ccbd1ca7fee419a6c34caa	4434	children/AUTHOR-B1/members/DEL-06-02/simulation/apply/_run_records/WORKING_ITEMS_RUN_2026-06-15_TP-C4-SOLVERREFPICKER-001.md
e7c730171fe56128eda6a3996293664cb48256f36e37acfb91374865e3fc31ae	2232	children/AUTHOR-B1/members/DEL-06-02/simulation/apply/_run_records/WORKING_ITEMS_RUN_2026-06-15_TP-UNITS-B2-RULEEXPRUNITS-001.md
1c965ebc322d94b777957d97d336a1382b89399964f4215ea3f55041a02a13d6	1803	children/AUTHOR-B1/members/DEL-06-02/simulation/apply/_run_records/WORKING_ITEMS_RUN_2026-06-16_TP-UNITS-B2-RULECHECKRUNUNITS-001.md
1ac73c9d8991f1125332f45e9a03d547c29ad4e87ae9e8c8f98aa0c9d40213e8	2422	children/AUTHOR-B1/members/DEL-06-02/simulation/apply/_run_records/WORKING_ITEMS_RUN_2026-06-16_TP-UNITS-B2B3-RULECHECKNORM-001.md
5531b70a3049cdcebaf46a5255009d1d9f9f23fdeaf6c5683cda8b04bf41b5ad	1746	children/AUTHOR-B1/members/DEL-06-02/simulation/apply/_run_records/WORKING_ITEMS_RUN_2026-06-17_TP-UNITS-BTAIL-RULEPACKUNITPOLICY-001.md
c27d2e4442125f1889ca57958cdb8adfcb6a9445fb04b07878f8280ac59a8682	2507	children/AUTHOR-B1/members/DEL-06-02/simulation/apply/_run_records/WORKING_ITEMS_RUN_2026-06-18_TP-UNITS-BTAIL-RULEPACKEXPRLINTUNITS-001.md
eb83537e649f6cb893f81f608ff5584eae081a032acb82820c0d0b978e0a0da0	1058	children/AUTHOR-B1/members/DEL-06-02/simulation/apply/_run_records/WORKING_ITEMS_RUN_2026-07-12_D41-R5-T3-PDU018-PDU028.md
3a67e93b7093a34533d30b63447641e6950cf562def08077351244a90bf964ae	1110	children/AUTHOR-B1/members/DEL-06-02/simulation/apply/_run_records/WORKING_ITEMS_RUN_2026-07-12_D41-R5-T4-PDU012-PDU021-PDU022-PDU040.md
b31529cdede46d578464e70122737de2c756186be6c010b5d920385d38b862a4	939	children/AUTHOR-B1/members/DEL-06-02/simulation/apply/_run_records/WORKING_ITEMS_RUN_2026-07-12_D41-R5-T6-PDU037.md
8aee8648ab8fc6bf1ad61182499fe3eefac97e1c97eded8234b6fbf78dcc0eff	983	children/AUTHOR-B1/members/DEL-06-02/simulation/apply/_run_records/WORKING_ITEMS_RUN_2026-07-12_D41-R5-T7-PDU055-CURRENTNESS.md
43c4dd2901ff9848631e85b7cc67d8a931b7b79ab70afca2135a64dade2c8505	5494	children/AUTHOR-B1/members/DEL-06-02/simulation/rollback/Datasheet.md
59721265c1e740f7d689fb376de6839c9ba897e9e3dcef06ae27e32e6e88bb26	24010	children/AUTHOR-B1/members/DEL-06-02/simulation/rollback/Dependencies.csv
1f0aa129152ae83e69305c77fe736ddd2c66f2d98aacad348e13eeaa714b87b5	6162	children/AUTHOR-B1/members/DEL-06-02/simulation/rollback/Guidance.md
0195b8e9af069f9ab0e3c829ce235f958093118c4eadd25414a916429d1dd114	23667	children/AUTHOR-B1/members/DEL-06-02/simulation/rollback/MEMORY.md
ec01a1f8a0a8174a595cf3b87c81ed1a47948e96885feda4ad9b9d84b65676d1	5002	children/AUTHOR-B1/members/DEL-06-02/simulation/rollback/Procedure.md
419eacf1fa6289508422f8dcdc6bf219e5d9682049c0860c1dfb5bcd81975057	1000	children/AUTHOR-B1/members/DEL-06-02/simulation/rollback/Review_Findings.csv
9ed6840ff9e3577aef97e1c34dbe08430f8d7d3dce03f3ac421fc2c6c2e4db5b	6937	children/AUTHOR-B1/members/DEL-06-02/simulation/rollback/Specification.md
1cbe5cfedec19dfa5e0e147f209b716b5b8d52e42fc2b9f919f4a9218227cef0	3001	children/AUTHOR-B1/members/DEL-06-02/simulation/rollback/_CONTEXT.md
ca2679dc52368889088b44b65fc0bda18c6b2b02ec4ce625789df1533ccc08ba	4799	children/AUTHOR-B1/members/DEL-06-02/simulation/rollback/_DEPENDENCIES.md
d4534048171355a0cb609d649e56be171a012a60605c92e8cff62c9fa2f976b5	1368	children/AUTHOR-B1/members/DEL-06-02/simulation/rollback/_REFERENCES.md
eb1f8d92a2e3894cf1cbecbdb4783d7e4981613c7fe2851d32c2a93818cad124	3313	children/AUTHOR-B1/members/DEL-06-02/simulation/rollback/_REVIEW.md
2e47bb5c071a96c84430573e53efe47190ba367cb14fd07314ecf65cb8a584b6	11566	children/AUTHOR-B1/members/DEL-06-02/simulation/rollback/_SEMANTIC.md
4baa515b0e255473d1cb671d813fc359fa39688c1fb58aadcdf3dc9d884d5fba	18215	children/AUTHOR-B1/members/DEL-06-02/simulation/rollback/_SEMANTIC_LENSING.md
2d0764e42daac87d7d0cca530b10c51115c414b81ed3168f0f1b7ff1c1c22475	3548	children/AUTHOR-B1/members/DEL-06-02/simulation/rollback/_STATUS.md
2c5c902631b12bfbaf97e3ef0c7bc1cbe7de5791552c016b3f6d77fbf609ad9f	1786	children/AUTHOR-B1/members/DEL-06-02/simulation/rollback/_run_records/TASK_RUN_2026-04-30_1032_dependency-extract.md
7b246bb51242d96367ff4b5868d224a2a4db9c376d285970e3799b8427365d65	1731	children/AUTHOR-B1/members/DEL-06-02/simulation/rollback/_run_records/TASK_RUN_2026-04-30_1032_four-documents-p1-p2.md
23f8e045de87110d3beab061f3492ddb108466ae54c2e66a31b57e3f7a707809	1744	children/AUTHOR-B1/members/DEL-06-02/simulation/rollback/_run_records/TASK_RUN_2026-04-30_1032_four-documents-p3.md
699fedf06148e183a289009213780022a9db109ad59cfdba23716d6619cf49db	1222	children/AUTHOR-B1/members/DEL-06-02/simulation/rollback/_run_records/TASK_RUN_2026-04-30_1032_lens-register.md
83a1f39515e95fb33184ba3c1d88e920b395c27f95a8391b6f22c9561fa55ff2	1390	children/AUTHOR-B1/members/DEL-06-02/simulation/rollback/_run_records/TASK_RUN_2026-04-30_1032_semantic-matrix-build.md
031e5f87fd325296d16282d1cec018caa168df969aa42cb9cd9d2bccce103a2f	3117	children/AUTHOR-B1/members/DEL-06-02/simulation/rollback/_run_records/TASK_RUN_2026-05-10_2235_dependency-extract-refresh.md
09c056aa8f887aee9cec177ba7e8aa738d82ff3c8d0a193829bd4933ba7489d8	1698	children/AUTHOR-B1/members/DEL-06-02/simulation/rollback/_run_records/TASK_RUN_2026-06-04_authority-refresh-0.7-dag006_DEL-06-02.md
638f65dd667cbfbcec9005a9f249df21b3d4c0f8c466e60bb7b3b2e7bdb217a3	3964	children/AUTHOR-B1/members/DEL-06-02/simulation/rollback/_run_records/TASK_RUN_2026-06-05_2158_pkg06-02-pkg02-001-verification.md
f4c77cc7297a70f76917a78f0bec73798d8757e4ee553cd0fdf9cde8f7aef641	11507	children/AUTHOR-B1/members/DEL-06-02/simulation/rollback/_run_records/TASK_RUN_2026-06-11_TP-C1-GRAMMAR-001.md
a5f241b2d19aac066979ce563b2485df3214492812627e333c8389b90e4c792b	2574	children/AUTHOR-B1/members/DEL-06-02/simulation/rollback/_run_records/TASK_RUN_2026-06-16_2359_dependency-semantic-refresh.md
d37e0c75179c6ca20f77305d7b6e91427ef0627827ec7dfa4e693f545ccd3f72	511	children/AUTHOR-B1/members/DEL-06-02/simulation/rollback/_run_records/TASK_RUN_2026-07-12_D41-R5-T2B-PDU024.md
d87a4827087359e441317c4d552bd945f68a8bdb9cb8532e16088ac87dfa9efc	8634	children/AUTHOR-B1/members/DEL-06-02/simulation/rollback/_run_records/WORKING_ITEMS_RUN_2026-06-13_TP-C4-CHECKRUN-001.md
741cd495fbefe785c73b54a16fa2f570fedb5ea0888a32c9b8088596f5d4f003	8043	children/AUTHOR-B1/members/DEL-06-02/simulation/rollback/_run_records/WORKING_ITEMS_RUN_2026-06-14_TP-C3-LIBREFAUTHOR-001.md
1282a4a9f8b4fefa0b5e9756a63292260000e1481af2e71734334b5e182cb888	9280	children/AUTHOR-B1/members/DEL-06-02/simulation/rollback/_run_records/WORKING_ITEMS_RUN_2026-06-14_TP-C3-LIBREFPICKER-001.md
c04f9d85671d3416915ec4a89c4c1bf568f1ed8d5c7fbf70276687007edf5359	5896	children/AUTHOR-B1/members/DEL-06-02/simulation/rollback/_run_records/WORKING_ITEMS_RUN_2026-06-14_TP-C3-LIBREFRATIFY-001.md
da417864e38250e685f2d2740afdb3fa006dc5316006da23028aba204f2f2647	7568	children/AUTHOR-B1/members/DEL-06-02/simulation/rollback/_run_records/WORKING_ITEMS_RUN_2026-06-14_TP-C3-LIBREFSECCOMP-001.md
c32cb1fa034c15e027b4973fe404d070619039693105dcb81423fe2080a5cf1a	7504	children/AUTHOR-B1/members/DEL-06-02/simulation/rollback/_run_records/WORKING_ITEMS_RUN_2026-06-14_TP-C3C4-LIBREF-001.md
7a2d13b52ebc4991ec438ed7e5936506aca01c8a4c9f6f6ccdd39996fe314d43	9035	children/AUTHOR-B1/members/DEL-06-02/simulation/rollback/_run_records/WORKING_ITEMS_RUN_2026-06-14_TP-C4-ACCEPTREL-001.md
32b0d939279fab92f976a32af03b2cdd8cc016a5b89f7f2e1b89f6c81c14c437	8045	children/AUTHOR-B1/members/DEL-06-02/simulation/rollback/_run_records/WORKING_ITEMS_RUN_2026-06-14_TP-C4-CHECKGUI-001.md
364a17c640822b494cf33e0b003d58b6684f9bdcd5bf5f311ed0a97809cc0067	5596	children/AUTHOR-B1/members/DEL-06-02/simulation/rollback/_run_records/WORKING_ITEMS_RUN_2026-06-14_TP-C4-RATIFY-001.md
63b94ade17f7f6c69e8fd6eab3f3144e676ad3020ead73ec58ef930482669baf	11141	children/AUTHOR-B1/members/DEL-06-02/simulation/rollback/_run_records/WORKING_ITEMS_RUN_2026-06-14_TP-C4-SOLVERREF-001.md
559545e1e8a199959d9ccc8d41fc4d93d5cf5d2c42ff39761c72cb98e4ff1681	11383	children/AUTHOR-B1/members/DEL-06-02/simulation/rollback/_run_records/WORKING_ITEMS_RUN_2026-06-14_TP-C4-SOLVERREFAUTHOR-001.md
355623cf27dcc615a7d215fbadcbe322a22dbf4254ccbd1ca7fee419a6c34caa	4434	children/AUTHOR-B1/members/DEL-06-02/simulation/rollback/_run_records/WORKING_ITEMS_RUN_2026-06-15_TP-C4-SOLVERREFPICKER-001.md
e7c730171fe56128eda6a3996293664cb48256f36e37acfb91374865e3fc31ae	2232	children/AUTHOR-B1/members/DEL-06-02/simulation/rollback/_run_records/WORKING_ITEMS_RUN_2026-06-15_TP-UNITS-B2-RULEEXPRUNITS-001.md
1c965ebc322d94b777957d97d336a1382b89399964f4215ea3f55041a02a13d6	1803	children/AUTHOR-B1/members/DEL-06-02/simulation/rollback/_run_records/WORKING_ITEMS_RUN_2026-06-16_TP-UNITS-B2-RULECHECKRUNUNITS-001.md
1ac73c9d8991f1125332f45e9a03d547c29ad4e87ae9e8c8f98aa0c9d40213e8	2422	children/AUTHOR-B1/members/DEL-06-02/simulation/rollback/_run_records/WORKING_ITEMS_RUN_2026-06-16_TP-UNITS-B2B3-RULECHECKNORM-001.md
5531b70a3049cdcebaf46a5255009d1d9f9f23fdeaf6c5683cda8b04bf41b5ad	1746	children/AUTHOR-B1/members/DEL-06-02/simulation/rollback/_run_records/WORKING_ITEMS_RUN_2026-06-17_TP-UNITS-BTAIL-RULEPACKUNITPOLICY-001.md
c27d2e4442125f1889ca57958cdb8adfcb6a9445fb04b07878f8280ac59a8682	2507	children/AUTHOR-B1/members/DEL-06-02/simulation/rollback/_run_records/WORKING_ITEMS_RUN_2026-06-18_TP-UNITS-BTAIL-RULEPACKEXPRLINTUNITS-001.md
eb83537e649f6cb893f81f608ff5584eae081a032acb82820c0d0b978e0a0da0	1058	children/AUTHOR-B1/members/DEL-06-02/simulation/rollback/_run_records/WORKING_ITEMS_RUN_2026-07-12_D41-R5-T3-PDU018-PDU028.md
3a67e93b7093a34533d30b63447641e6950cf562def08077351244a90bf964ae	1110	children/AUTHOR-B1/members/DEL-06-02/simulation/rollback/_run_records/WORKING_ITEMS_RUN_2026-07-12_D41-R5-T4-PDU012-PDU021-PDU022-PDU040.md
b31529cdede46d578464e70122737de2c756186be6c010b5d920385d38b862a4	939	children/AUTHOR-B1/members/DEL-06-02/simulation/rollback/_run_records/WORKING_ITEMS_RUN_2026-07-12_D41-R5-T6-PDU037.md
8aee8648ab8fc6bf1ad61182499fe3eefac97e1c97eded8234b6fbf78dcc0eff	983	children/AUTHOR-B1/members/DEL-06-02/simulation/rollback/_run_records/WORKING_ITEMS_RUN_2026-07-12_D41-R5-T7-PDU055-CURRENTNESS.md
900d4c761d1abf7f889190e8aa153fcdea3e389c3343ff5721d346d743096448	285	children/AUTHOR-B1/members/DEL-06-02/simulation-apply-validation.json
e3b0c44298fc1c149afbf4c8996fb92427ae41e4649b934ca495991b7852b855	0	children/AUTHOR-B1/members/DEL-06-02/simulation-apply-validation.stderr
d3bae50517f2d5ef9a2b9187cf823b9de7e6c9ebb0dd24e58ce769d7fc7148a3	273	children/AUTHOR-B1/members/DEL-06-02/validation-authorized-dual.json
e3b0c44298fc1c149afbf4c8996fb92427ae41e4649b934ca495991b7852b855	0	children/AUTHOR-B1/members/DEL-06-02/validation-authorized-dual.stderr
16ac74f831825cb25ecfea1497521e4f1d0456ce944da1b47d414547f1ecdfb1	251	children/AUTHOR-B1/members/DEL-06-02/validation-sow-v1.json
e3b0c44298fc1c149afbf4c8996fb92427ae41e4649b934ca495991b7852b855	0	children/AUTHOR-B1/members/DEL-06-02/validation-sow-v1.stderr
43c4dd2901ff9848631e85b7cc67d8a931b7b79ab70afca2135a64dade2c8505	5494	children/AUTHOR-B1/members/DEL-06-02/workspace-a/Datasheet.md
59721265c1e740f7d689fb376de6839c9ba897e9e3dcef06ae27e32e6e88bb26	24010	children/AUTHOR-B1/members/DEL-06-02/workspace-a/Dependencies.csv
1f0aa129152ae83e69305c77fe736ddd2c66f2d98aacad348e13eeaa714b87b5	6162	children/AUTHOR-B1/members/DEL-06-02/workspace-a/Guidance.md
0195b8e9af069f9ab0e3c829ce235f958093118c4eadd25414a916429d1dd114	23667	children/AUTHOR-B1/members/DEL-06-02/workspace-a/MEMORY.md
ec01a1f8a0a8174a595cf3b87c81ed1a47948e96885feda4ad9b9d84b65676d1	5002	children/AUTHOR-B1/members/DEL-06-02/workspace-a/Procedure.md
419eacf1fa6289508422f8dcdc6bf219e5d9682049c0860c1dfb5bcd81975057	1000	children/AUTHOR-B1/members/DEL-06-02/workspace-a/Review_Findings.csv
70708249bd899bfdf38ab98a2e16713d4d3c3ec27c006aab96af4b2b46ab46fd	35391	children/AUTHOR-B1/members/DEL-06-02/workspace-a/ScopeOfWork.md
9ed6840ff9e3577aef97e1c34dbe08430f8d7d3dce03f3ac421fc2c6c2e4db5b	6937	children/AUTHOR-B1/members/DEL-06-02/workspace-a/Specification.md
1cbe5cfedec19dfa5e0e147f209b716b5b8d52e42fc2b9f919f4a9218227cef0	3001	children/AUTHOR-B1/members/DEL-06-02/workspace-a/_CONTEXT.md
ca2679dc52368889088b44b65fc0bda18c6b2b02ec4ce625789df1533ccc08ba	4799	children/AUTHOR-B1/members/DEL-06-02/workspace-a/_DEPENDENCIES.md
d4534048171355a0cb609d649e56be171a012a60605c92e8cff62c9fa2f976b5	1368	children/AUTHOR-B1/members/DEL-06-02/workspace-a/_REFERENCES.md
eb1f8d92a2e3894cf1cbecbdb4783d7e4981613c7fe2851d32c2a93818cad124	3313	children/AUTHOR-B1/members/DEL-06-02/workspace-a/_REVIEW.md
2e47bb5c071a96c84430573e53efe47190ba367cb14fd07314ecf65cb8a584b6	11566	children/AUTHOR-B1/members/DEL-06-02/workspace-a/_SEMANTIC.md
4baa515b0e255473d1cb671d813fc359fa39688c1fb58aadcdf3dc9d884d5fba	18215	children/AUTHOR-B1/members/DEL-06-02/workspace-a/_SEMANTIC_LENSING.md
2d0764e42daac87d7d0cca530b10c51115c414b81ed3168f0f1b7ff1c1c22475	3548	children/AUTHOR-B1/members/DEL-06-02/workspace-a/_STATUS.md
2c5c902631b12bfbaf97e3ef0c7bc1cbe7de5791552c016b3f6d77fbf609ad9f	1786	children/AUTHOR-B1/members/DEL-06-02/workspace-a/_run_records/TASK_RUN_2026-04-30_1032_dependency-extract.md
7b246bb51242d96367ff4b5868d224a2a4db9c376d285970e3799b8427365d65	1731	children/AUTHOR-B1/members/DEL-06-02/workspace-a/_run_records/TASK_RUN_2026-04-30_1032_four-documents-p1-p2.md
23f8e045de87110d3beab061f3492ddb108466ae54c2e66a31b57e3f7a707809	1744	children/AUTHOR-B1/members/DEL-06-02/workspace-a/_run_records/TASK_RUN_2026-04-30_1032_four-documents-p3.md
699fedf06148e183a289009213780022a9db109ad59cfdba23716d6619cf49db	1222	children/AUTHOR-B1/members/DEL-06-02/workspace-a/_run_records/TASK_RUN_2026-04-30_1032_lens-register.md
83a1f39515e95fb33184ba3c1d88e920b395c27f95a8391b6f22c9561fa55ff2	1390	children/AUTHOR-B1/members/DEL-06-02/workspace-a/_run_records/TASK_RUN_2026-04-30_1032_semantic-matrix-build.md
031e5f87fd325296d16282d1cec018caa168df969aa42cb9cd9d2bccce103a2f	3117	children/AUTHOR-B1/members/DEL-06-02/workspace-a/_run_records/TASK_RUN_2026-05-10_2235_dependency-extract-refresh.md
09c056aa8f887aee9cec177ba7e8aa738d82ff3c8d0a193829bd4933ba7489d8	1698	children/AUTHOR-B1/members/DEL-06-02/workspace-a/_run_records/TASK_RUN_2026-06-04_authority-refresh-0.7-dag006_DEL-06-02.md
638f65dd667cbfbcec9005a9f249df21b3d4c0f8c466e60bb7b3b2e7bdb217a3	3964	children/AUTHOR-B1/members/DEL-06-02/workspace-a/_run_records/TASK_RUN_2026-06-05_2158_pkg06-02-pkg02-001-verification.md
f4c77cc7297a70f76917a78f0bec73798d8757e4ee553cd0fdf9cde8f7aef641	11507	children/AUTHOR-B1/members/DEL-06-02/workspace-a/_run_records/TASK_RUN_2026-06-11_TP-C1-GRAMMAR-001.md
a5f241b2d19aac066979ce563b2485df3214492812627e333c8389b90e4c792b	2574	children/AUTHOR-B1/members/DEL-06-02/workspace-a/_run_records/TASK_RUN_2026-06-16_2359_dependency-semantic-refresh.md
d37e0c75179c6ca20f77305d7b6e91427ef0627827ec7dfa4e693f545ccd3f72	511	children/AUTHOR-B1/members/DEL-06-02/workspace-a/_run_records/TASK_RUN_2026-07-12_D41-R5-T2B-PDU024.md
d87a4827087359e441317c4d552bd945f68a8bdb9cb8532e16088ac87dfa9efc	8634	children/AUTHOR-B1/members/DEL-06-02/workspace-a/_run_records/WORKING_ITEMS_RUN_2026-06-13_TP-C4-CHECKRUN-001.md
741cd495fbefe785c73b54a16fa2f570fedb5ea0888a32c9b8088596f5d4f003	8043	children/AUTHOR-B1/members/DEL-06-02/workspace-a/_run_records/WORKING_ITEMS_RUN_2026-06-14_TP-C3-LIBREFAUTHOR-001.md
1282a4a9f8b4fefa0b5e9756a63292260000e1481af2e71734334b5e182cb888	9280	children/AUTHOR-B1/members/DEL-06-02/workspace-a/_run_records/WORKING_ITEMS_RUN_2026-06-14_TP-C3-LIBREFPICKER-001.md
c04f9d85671d3416915ec4a89c4c1bf568f1ed8d5c7fbf70276687007edf5359	5896	children/AUTHOR-B1/members/DEL-06-02/workspace-a/_run_records/WORKING_ITEMS_RUN_2026-06-14_TP-C3-LIBREFRATIFY-001.md
da417864e38250e685f2d2740afdb3fa006dc5316006da23028aba204f2f2647	7568	children/AUTHOR-B1/members/DEL-06-02/workspace-a/_run_records/WORKING_ITEMS_RUN_2026-06-14_TP-C3-LIBREFSECCOMP-001.md
c32cb1fa034c15e027b4973fe404d070619039693105dcb81423fe2080a5cf1a	7504	children/AUTHOR-B1/members/DEL-06-02/workspace-a/_run_records/WORKING_ITEMS_RUN_2026-06-14_TP-C3C4-LIBREF-001.md
7a2d13b52ebc4991ec438ed7e5936506aca01c8a4c9f6f6ccdd39996fe314d43	9035	children/AUTHOR-B1/members/DEL-06-02/workspace-a/_run_records/WORKING_ITEMS_RUN_2026-06-14_TP-C4-ACCEPTREL-001.md
32b0d939279fab92f976a32af03b2cdd8cc016a5b89f7f2e1b89f6c81c14c437	8045	children/AUTHOR-B1/members/DEL-06-02/workspace-a/_run_records/WORKING_ITEMS_RUN_2026-06-14_TP-C4-CHECKGUI-001.md
364a17c640822b494cf33e0b003d58b6684f9bdcd5bf5f311ed0a97809cc0067	5596	children/AUTHOR-B1/members/DEL-06-02/workspace-a/_run_records/WORKING_ITEMS_RUN_2026-06-14_TP-C4-RATIFY-001.md
63b94ade17f7f6c69e8fd6eab3f3144e676ad3020ead73ec58ef930482669baf	11141	children/AUTHOR-B1/members/DEL-06-02/workspace-a/_run_records/WORKING_ITEMS_RUN_2026-06-14_TP-C4-SOLVERREF-001.md
559545e1e8a199959d9ccc8d41fc4d93d5cf5d2c42ff39761c72cb98e4ff1681	11383	children/AUTHOR-B1/members/DEL-06-02/workspace-a/_run_records/WORKING_ITEMS_RUN_2026-06-14_TP-C4-SOLVERREFAUTHOR-001.md
355623cf27dcc615a7d215fbadcbe322a22dbf4254ccbd1ca7fee419a6c34caa	4434	children/AUTHOR-B1/members/DEL-06-02/workspace-a/_run_records/WORKING_ITEMS_RUN_2026-06-15_TP-C4-SOLVERREFPICKER-001.md
e7c730171fe56128eda6a3996293664cb48256f36e37acfb91374865e3fc31ae	2232	children/AUTHOR-B1/members/DEL-06-02/workspace-a/_run_records/WORKING_ITEMS_RUN_2026-06-15_TP-UNITS-B2-RULEEXPRUNITS-001.md
1c965ebc322d94b777957d97d336a1382b89399964f4215ea3f55041a02a13d6	1803	children/AUTHOR-B1/members/DEL-06-02/workspace-a/_run_records/WORKING_ITEMS_RUN_2026-06-16_TP-UNITS-B2-RULECHECKRUNUNITS-001.md
1ac73c9d8991f1125332f45e9a03d547c29ad4e87ae9e8c8f98aa0c9d40213e8	2422	children/AUTHOR-B1/members/DEL-06-02/workspace-a/_run_records/WORKING_ITEMS_RUN_2026-06-16_TP-UNITS-B2B3-RULECHECKNORM-001.md
5531b70a3049cdcebaf46a5255009d1d9f9f23fdeaf6c5683cda8b04bf41b5ad	1746	children/AUTHOR-B1/members/DEL-06-02/workspace-a/_run_records/WORKING_ITEMS_RUN_2026-06-17_TP-UNITS-BTAIL-RULEPACKUNITPOLICY-001.md
c27d2e4442125f1889ca57958cdb8adfcb6a9445fb04b07878f8280ac59a8682	2507	children/AUTHOR-B1/members/DEL-06-02/workspace-a/_run_records/WORKING_ITEMS_RUN_2026-06-18_TP-UNITS-BTAIL-RULEPACKEXPRLINTUNITS-001.md
eb83537e649f6cb893f81f608ff5584eae081a032acb82820c0d0b978e0a0da0	1058	children/AUTHOR-B1/members/DEL-06-02/workspace-a/_run_records/WORKING_ITEMS_RUN_2026-07-12_D41-R5-T3-PDU018-PDU028.md
3a67e93b7093a34533d30b63447641e6950cf562def08077351244a90bf964ae	1110	children/AUTHOR-B1/members/DEL-06-02/workspace-a/_run_records/WORKING_ITEMS_RUN_2026-07-12_D41-R5-T4-PDU012-PDU021-PDU022-PDU040.md
b31529cdede46d578464e70122737de2c756186be6c010b5d920385d38b862a4	939	children/AUTHOR-B1/members/DEL-06-02/workspace-a/_run_records/WORKING_ITEMS_RUN_2026-07-12_D41-R5-T6-PDU037.md
8aee8648ab8fc6bf1ad61182499fe3eefac97e1c97eded8234b6fbf78dcc0eff	983	children/AUTHOR-B1/members/DEL-06-02/workspace-a/_run_records/WORKING_ITEMS_RUN_2026-07-12_D41-R5-T7-PDU055-CURRENTNESS.md
43c4dd2901ff9848631e85b7cc67d8a931b7b79ab70afca2135a64dade2c8505	5494	children/AUTHOR-B1/members/DEL-06-02/workspace-b/Datasheet.md
59721265c1e740f7d689fb376de6839c9ba897e9e3dcef06ae27e32e6e88bb26	24010	children/AUTHOR-B1/members/DEL-06-02/workspace-b/Dependencies.csv
1f0aa129152ae83e69305c77fe736ddd2c66f2d98aacad348e13eeaa714b87b5	6162	children/AUTHOR-B1/members/DEL-06-02/workspace-b/Guidance.md
0195b8e9af069f9ab0e3c829ce235f958093118c4eadd25414a916429d1dd114	23667	children/AUTHOR-B1/members/DEL-06-02/workspace-b/MEMORY.md
ec01a1f8a0a8174a595cf3b87c81ed1a47948e96885feda4ad9b9d84b65676d1	5002	children/AUTHOR-B1/members/DEL-06-02/workspace-b/Procedure.md
419eacf1fa6289508422f8dcdc6bf219e5d9682049c0860c1dfb5bcd81975057	1000	children/AUTHOR-B1/members/DEL-06-02/workspace-b/Review_Findings.csv
70708249bd899bfdf38ab98a2e16713d4d3c3ec27c006aab96af4b2b46ab46fd	35391	children/AUTHOR-B1/members/DEL-06-02/workspace-b/ScopeOfWork.md
9ed6840ff9e3577aef97e1c34dbe08430f8d7d3dce03f3ac421fc2c6c2e4db5b	6937	children/AUTHOR-B1/members/DEL-06-02/workspace-b/Specification.md
1cbe5cfedec19dfa5e0e147f209b716b5b8d52e42fc2b9f919f4a9218227cef0	3001	children/AUTHOR-B1/members/DEL-06-02/workspace-b/_CONTEXT.md
ca2679dc52368889088b44b65fc0bda18c6b2b02ec4ce625789df1533ccc08ba	4799	children/AUTHOR-B1/members/DEL-06-02/workspace-b/_DEPENDENCIES.md
d4534048171355a0cb609d649e56be171a012a60605c92e8cff62c9fa2f976b5	1368	children/AUTHOR-B1/members/DEL-06-02/workspace-b/_REFERENCES.md
eb1f8d92a2e3894cf1cbecbdb4783d7e4981613c7fe2851d32c2a93818cad124	3313	children/AUTHOR-B1/members/DEL-06-02/workspace-b/_REVIEW.md
2e47bb5c071a96c84430573e53efe47190ba367cb14fd07314ecf65cb8a584b6	11566	children/AUTHOR-B1/members/DEL-06-02/workspace-b/_SEMANTIC.md
4baa515b0e255473d1cb671d813fc359fa39688c1fb58aadcdf3dc9d884d5fba	18215	children/AUTHOR-B1/members/DEL-06-02/workspace-b/_SEMANTIC_LENSING.md
2d0764e42daac87d7d0cca530b10c51115c414b81ed3168f0f1b7ff1c1c22475	3548	children/AUTHOR-B1/members/DEL-06-02/workspace-b/_STATUS.md
2c5c902631b12bfbaf97e3ef0c7bc1cbe7de5791552c016b3f6d77fbf609ad9f	1786	children/AUTHOR-B1/members/DEL-06-02/workspace-b/_run_records/TASK_RUN_2026-04-30_1032_dependency-extract.md
7b246bb51242d96367ff4b5868d224a2a4db9c376d285970e3799b8427365d65	1731	children/AUTHOR-B1/members/DEL-06-02/workspace-b/_run_records/TASK_RUN_2026-04-30_1032_four-documents-p1-p2.md
23f8e045de87110d3beab061f3492ddb108466ae54c2e66a31b57e3f7a707809	1744	children/AUTHOR-B1/members/DEL-06-02/workspace-b/_run_records/TASK_RUN_2026-04-30_1032_four-documents-p3.md
699fedf06148e183a289009213780022a9db109ad59cfdba23716d6619cf49db	1222	children/AUTHOR-B1/members/DEL-06-02/workspace-b/_run_records/TASK_RUN_2026-04-30_1032_lens-register.md
83a1f39515e95fb33184ba3c1d88e920b395c27f95a8391b6f22c9561fa55ff2	1390	children/AUTHOR-B1/members/DEL-06-02/workspace-b/_run_records/TASK_RUN_2026-04-30_1032_semantic-matrix-build.md
031e5f87fd325296d16282d1cec018caa168df969aa42cb9cd9d2bccce103a2f	3117	children/AUTHOR-B1/members/DEL-06-02/workspace-b/_run_records/TASK_RUN_2026-05-10_2235_dependency-extract-refresh.md
09c056aa8f887aee9cec177ba7e8aa738d82ff3c8d0a193829bd4933ba7489d8	1698	children/AUTHOR-B1/members/DEL-06-02/workspace-b/_run_records/TASK_RUN_2026-06-04_authority-refresh-0.7-dag006_DEL-06-02.md
638f65dd667cbfbcec9005a9f249df21b3d4c0f8c466e60bb7b3b2e7bdb217a3	3964	children/AUTHOR-B1/members/DEL-06-02/workspace-b/_run_records/TASK_RUN_2026-06-05_2158_pkg06-02-pkg02-001-verification.md
f4c77cc7297a70f76917a78f0bec73798d8757e4ee553cd0fdf9cde8f7aef641	11507	children/AUTHOR-B1/members/DEL-06-02/workspace-b/_run_records/TASK_RUN_2026-06-11_TP-C1-GRAMMAR-001.md
a5f241b2d19aac066979ce563b2485df3214492812627e333c8389b90e4c792b	2574	children/AUTHOR-B1/members/DEL-06-02/workspace-b/_run_records/TASK_RUN_2026-06-16_2359_dependency-semantic-refresh.md
d37e0c75179c6ca20f77305d7b6e91427ef0627827ec7dfa4e693f545ccd3f72	511	children/AUTHOR-B1/members/DEL-06-02/workspace-b/_run_records/TASK_RUN_2026-07-12_D41-R5-T2B-PDU024.md
d87a4827087359e441317c4d552bd945f68a8bdb9cb8532e16088ac87dfa9efc	8634	children/AUTHOR-B1/members/DEL-06-02/workspace-b/_run_records/WORKING_ITEMS_RUN_2026-06-13_TP-C4-CHECKRUN-001.md
741cd495fbefe785c73b54a16fa2f570fedb5ea0888a32c9b8088596f5d4f003	8043	children/AUTHOR-B1/members/DEL-06-02/workspace-b/_run_records/WORKING_ITEMS_RUN_2026-06-14_TP-C3-LIBREFAUTHOR-001.md
1282a4a9f8b4fefa0b5e9756a63292260000e1481af2e71734334b5e182cb888	9280	children/AUTHOR-B1/members/DEL-06-02/workspace-b/_run_records/WORKING_ITEMS_RUN_2026-06-14_TP-C3-LIBREFPICKER-001.md
c04f9d85671d3416915ec4a89c4c1bf568f1ed8d5c7fbf70276687007edf5359	5896	children/AUTHOR-B1/members/DEL-06-02/workspace-b/_run_records/WORKING_ITEMS_RUN_2026-06-14_TP-C3-LIBREFRATIFY-001.md
da417864e38250e685f2d2740afdb3fa006dc5316006da23028aba204f2f2647	7568	children/AUTHOR-B1/members/DEL-06-02/workspace-b/_run_records/WORKING_ITEMS_RUN_2026-06-14_TP-C3-LIBREFSECCOMP-001.md
c32cb1fa034c15e027b4973fe404d070619039693105dcb81423fe2080a5cf1a	7504	children/AUTHOR-B1/members/DEL-06-02/workspace-b/_run_records/WORKING_ITEMS_RUN_2026-06-14_TP-C3C4-LIBREF-001.md
7a2d13b52ebc4991ec438ed7e5936506aca01c8a4c9f6f6ccdd39996fe314d43	9035	children/AUTHOR-B1/members/DEL-06-02/workspace-b/_run_records/WORKING_ITEMS_RUN_2026-06-14_TP-C4-ACCEPTREL-001.md
32b0d939279fab92f976a32af03b2cdd8cc016a5b89f7f2e1b89f6c81c14c437	8045	children/AUTHOR-B1/members/DEL-06-02/workspace-b/_run_records/WORKING_ITEMS_RUN_2026-06-14_TP-C4-CHECKGUI-001.md
364a17c640822b494cf33e0b003d58b6684f9bdcd5bf5f311ed0a97809cc0067	5596	children/AUTHOR-B1/members/DEL-06-02/workspace-b/_run_records/WORKING_ITEMS_RUN_2026-06-14_TP-C4-RATIFY-001.md
63b94ade17f7f6c69e8fd6eab3f3144e676ad3020ead73ec58ef930482669baf	11141	children/AUTHOR-B1/members/DEL-06-02/workspace-b/_run_records/WORKING_ITEMS_RUN_2026-06-14_TP-C4-SOLVERREF-001.md
559545e1e8a199959d9ccc8d41fc4d93d5cf5d2c42ff39761c72cb98e4ff1681	11383	children/AUTHOR-B1/members/DEL-06-02/workspace-b/_run_records/WORKING_ITEMS_RUN_2026-06-14_TP-C4-SOLVERREFAUTHOR-001.md
355623cf27dcc615a7d215fbadcbe322a22dbf4254ccbd1ca7fee419a6c34caa	4434	children/AUTHOR-B1/members/DEL-06-02/workspace-b/_run_records/WORKING_ITEMS_RUN_2026-06-15_TP-C4-SOLVERREFPICKER-001.md
e7c730171fe56128eda6a3996293664cb48256f36e37acfb91374865e3fc31ae	2232	children/AUTHOR-B1/members/DEL-06-02/workspace-b/_run_records/WORKING_ITEMS_RUN_2026-06-15_TP-UNITS-B2-RULEEXPRUNITS-001.md
1c965ebc322d94b777957d97d336a1382b89399964f4215ea3f55041a02a13d6	1803	children/AUTHOR-B1/members/DEL-06-02/workspace-b/_run_records/WORKING_ITEMS_RUN_2026-06-16_TP-UNITS-B2-RULECHECKRUNUNITS-001.md
1ac73c9d8991f1125332f45e9a03d547c29ad4e87ae9e8c8f98aa0c9d40213e8	2422	children/AUTHOR-B1/members/DEL-06-02/workspace-b/_run_records/WORKING_ITEMS_RUN_2026-06-16_TP-UNITS-B2B3-RULECHECKNORM-001.md
5531b70a3049cdcebaf46a5255009d1d9f9f23fdeaf6c5683cda8b04bf41b5ad	1746	children/AUTHOR-B1/members/DEL-06-02/workspace-b/_run_records/WORKING_ITEMS_RUN_2026-06-17_TP-UNITS-BTAIL-RULEPACKUNITPOLICY-001.md
c27d2e4442125f1889ca57958cdb8adfcb6a9445fb04b07878f8280ac59a8682	2507	children/AUTHOR-B1/members/DEL-06-02/workspace-b/_run_records/WORKING_ITEMS_RUN_2026-06-18_TP-UNITS-BTAIL-RULEPACKEXPRLINTUNITS-001.md
eb83537e649f6cb893f81f608ff5584eae081a032acb82820c0d0b978e0a0da0	1058	children/AUTHOR-B1/members/DEL-06-02/workspace-b/_run_records/WORKING_ITEMS_RUN_2026-07-12_D41-R5-T3-PDU018-PDU028.md
3a67e93b7093a34533d30b63447641e6950cf562def08077351244a90bf964ae	1110	children/AUTHOR-B1/members/DEL-06-02/workspace-b/_run_records/WORKING_ITEMS_RUN_2026-07-12_D41-R5-T4-PDU012-PDU021-PDU022-PDU040.md
b31529cdede46d578464e70122737de2c756186be6c010b5d920385d38b862a4	939	children/AUTHOR-B1/members/DEL-06-02/workspace-b/_run_records/WORKING_ITEMS_RUN_2026-07-12_D41-R5-T6-PDU037.md
8aee8648ab8fc6bf1ad61182499fe3eefac97e1c97eded8234b6fbf78dcc0eff	983	children/AUTHOR-B1/members/DEL-06-02/workspace-b/_run_records/WORKING_ITEMS_RUN_2026-07-12_D41-R5-T7-PDU055-CURRENTNESS.md
3af14c687d8ff1931e97decf71b33f430fb68d4ad3853a0bd9715110a978c4a9	626	children/AUTHOR-B1/members/DEL-06-03/DERIVATIVE_DETERMINISM.tsv
b8aec099177a3dfc344e5852bd284851072373b56d05e72ea377b3f96f3ff88b	506	children/AUTHOR-B1/members/DEL-06-03/DETERMINISM.tsv
860caad5a7489902038a2b094e1c9e84238aa96fa9d8fb8b1c87249e6617ca2d	1171	children/AUTHOR-B1/members/DEL-06-03/FROZEN_ROW.tsv
6d3da4bdb92aa5f1c480bb3addd8185ad811c95865791f4979ea0fc3bfb3693c	935	children/AUTHOR-B1/members/DEL-06-03/IMMUTABLE_LITERAL_AND_CONTEXT_REVIEW.md
0c719b8ecd4f8d3b097f3bbec64807bdadbd1e6a389480002d33754a07572759	842	children/AUTHOR-B1/members/DEL-06-03/MEMBER_SUMMARY.md
ce3a55644fb0f4c13bf47e625972e82384e4c2b2609476754f11006d72906395	1657	children/AUTHOR-B1/members/DEL-06-03/SOURCE_HASHES.tsv
62dae5a77c5699028c16725003ee9312851f4a91afaafa28a5eec6f5d2b53a4a	1723	children/AUTHOR-B1/members/DEL-06-03/checklist-a.json
e3b0c44298fc1c149afbf4c8996fb92427ae41e4649b934ca495991b7852b855	0	children/AUTHOR-B1/members/DEL-06-03/checklist-a.stderr
e3b0c44298fc1c149afbf4c8996fb92427ae41e4649b934ca495991b7852b855	0	children/AUTHOR-B1/members/DEL-06-03/checklist-a.stdout
62dae5a77c5699028c16725003ee9312851f4a91afaafa28a5eec6f5d2b53a4a	1723	children/AUTHOR-B1/members/DEL-06-03/checklist-b.json
e3b0c44298fc1c149afbf4c8996fb92427ae41e4649b934ca495991b7852b855	0	children/AUTHOR-B1/members/DEL-06-03/checklist-b.stderr
e3b0c44298fc1c149afbf4c8996fb92427ae41e4649b934ca495991b7852b855	0	children/AUTHOR-B1/members/DEL-06-03/checklist-b.stdout
7128aaa9c4647c2cb78dc3da75527dcf60c7b3eb5927f8c438ebcd13db14c0ee	5110	children/AUTHOR-B1/members/DEL-06-03/claim-map-a.csv
e3b0c44298fc1c149afbf4c8996fb92427ae41e4649b934ca495991b7852b855	0	children/AUTHOR-B1/members/DEL-06-03/claim-map-a.stderr
6600d957b2b799d5a7176c934230a49793bc54887f77b2a6be3eb294ff0c7bdf	216	children/AUTHOR-B1/members/DEL-06-03/claim-map-a.stdout
7128aaa9c4647c2cb78dc3da75527dcf60c7b3eb5927f8c438ebcd13db14c0ee	5110	children/AUTHOR-B1/members/DEL-06-03/claim-map-b.csv
e3b0c44298fc1c149afbf4c8996fb92427ae41e4649b934ca495991b7852b855	0	children/AUTHOR-B1/members/DEL-06-03/claim-map-b.stderr
7014c63012eb9f9c5d61d053410436c9463fb851a1c58b6a15984c9bcf0bbea7	216	children/AUTHOR-B1/members/DEL-06-03/claim-map-b.stdout
e3b0c44298fc1c149afbf4c8996fb92427ae41e4649b934ca495991b7852b855	0	children/AUTHOR-B1/members/DEL-06-03/clean-residue.scan
e3b0c44298fc1c149afbf4c8996fb92427ae41e4649b934ca495991b7852b855	0	children/AUTHOR-B1/members/DEL-06-03/conversion-a.stderr
ee74174c968c0ed4086f62431fb3b660c9c359615e76f1518a3a4a8bf2356764	207	children/AUTHOR-B1/members/DEL-06-03/conversion-a.stdout
e3b0c44298fc1c149afbf4c8996fb92427ae41e4649b934ca495991b7852b855	0	children/AUTHOR-B1/members/DEL-06-03/conversion-b.stderr
bd3900773a1243b8e9bc40e8667fc3eb724948dd17fb503adbe143bc91cb27de	207	children/AUTHOR-B1/members/DEL-06-03/conversion-b.stdout
9404636c5eb9becf8fa2c5c3df12aa7d32e276783664b9dfa4970f3f5f651e1f	20236	children/AUTHOR-B1/members/DEL-06-03/final-a/ScopeOfWork.md
8badd94e19ddcfd17534850eca25b12914cdfcadfbfb706ef0c09c4a0536c3ae	10726	children/AUTHOR-B1/members/DEL-06-03/final-a/report.json
9404636c5eb9becf8fa2c5c3df12aa7d32e276783664b9dfa4970f3f5f651e1f	20236	children/AUTHOR-B1/members/DEL-06-03/final-b/ScopeOfWork.md
8badd94e19ddcfd17534850eca25b12914cdfcadfbfb706ef0c09c4a0536c3ae	10726	children/AUTHOR-B1/members/DEL-06-03/final-b/report.json
e3b0c44298fc1c149afbf4c8996fb92427ae41e4649b934ca495991b7852b855	0	children/AUTHOR-B1/members/DEL-06-03/finalization-a.stderr
7ec749ad37a8c52ee306df7fa8bca5298e872696ff06e06dd12ec818fd4072df	225	children/AUTHOR-B1/members/DEL-06-03/finalization-a.stdout
e3b0c44298fc1c149afbf4c8996fb92427ae41e4649b934ca495991b7852b855	0	children/AUTHOR-B1/members/DEL-06-03/finalization-b.stderr
a882f5ab3994f051f4af28aadd766051fff190bb76286002f6227d71c2968057	225	children/AUTHOR-B1/members/DEL-06-03/finalization-b.stdout
a26d9a5e7fad557ee75ebf34229adef2c85a460db698109b7337c2fbc6128773	20244	children/AUTHOR-B1/members/DEL-06-03/mutated-production/ScopeOfWork.md
4355a46b19d348dc2f57c046f8ef63d4538ebb936000f3c9ee954a27460dd865	2	children/AUTHOR-B1/members/DEL-06-03/negative-ambiguous-checklist.exit
b37a0cca9858c0352661b65d064e00020bbe562dbdaab6454812cd6c24f7dd2c	167	children/AUTHOR-B1/members/DEL-06-03/negative-ambiguous-checklist.stderr
e3b0c44298fc1c149afbf4c8996fb92427ae41e4649b934ca495991b7852b855	0	children/AUTHOR-B1/members/DEL-06-03/negative-ambiguous-checklist.stdout
4355a46b19d348dc2f57c046f8ef63d4538ebb936000f3c9ee954a27460dd865	2	children/AUTHOR-B1/members/DEL-06-03/negative-evidence-render.exit
cb0da27c60dce6b4cbcfd06282c5b6f1266cc686411a099c3c2ce0fa13f2bc8d	129	children/AUTHOR-B1/members/DEL-06-03/negative-evidence-render.stderr
e3b0c44298fc1c149afbf4c8996fb92427ae41e4649b934ca495991b7852b855	0	children/AUTHOR-B1/members/DEL-06-03/negative-evidence-render.stdout
4355a46b19d348dc2f57c046f8ef63d4538ebb936000f3c9ee954a27460dd865	2	children/AUTHOR-B1/members/DEL-06-03/negative-mutated-map.exit
508e4cba64abbcf0b6795d7878007071f478f6346c8328a87ab00f3b4203657f	97	children/AUTHOR-B1/members/DEL-06-03/negative-mutated-map.stderr
e3b0c44298fc1c149afbf4c8996fb92427ae41e4649b934ca495991b7852b855	0	children/AUTHOR-B1/members/DEL-06-03/negative-mutated-map.stdout
4355a46b19d348dc2f57c046f8ef63d4538ebb936000f3c9ee954a27460dd865	2	children/AUTHOR-B1/members/DEL-06-03/negative-mutated-parity.exit
b1a54bcd7b514700cd1911e1bee3cd40544ca50bf29d07030c33e027b6564156	6909	children/AUTHOR-B1/members/DEL-06-03/negative-mutated-parity.json
e3b0c44298fc1c149afbf4c8996fb92427ae41e4649b934ca495991b7852b855	0	children/AUTHOR-B1/members/DEL-06-03/negative-mutated-parity.stderr
b1502e2fa00f9491f759bdb9789c2ec4e3fa0c3dd45f9693ec8523876cfe0b2d	15	children/AUTHOR-B1/members/DEL-06-03/negative-mutated-parity.stdout
c9eb60a8983e2b88d00bc197ac12ff86cb2a9e700e32c6213c34b7fd662c58ef	4496	children/AUTHOR-B1/members/DEL-06-03/negative-partial/Datasheet.md
d81f2a74e2f2363b072365dd5e1450d9c5382354efcab203ddeeb886ff748811	2484	children/AUTHOR-B1/members/DEL-06-03/negative-partial/_STATUS.md
4355a46b19d348dc2f57c046f8ef63d4538ebb936000f3c9ee954a27460dd865	2	children/AUTHOR-B1/members/DEL-06-03/negative-partial-validation.exit
e3b0c44298fc1c149afbf4c8996fb92427ae41e4649b934ca495991b7852b855	0	children/AUTHOR-B1/members/DEL-06-03/negative-partial-validation.stderr
dbe98cc799334f7d6e739aecf37751c1029cc481c5df257fb49262482aa7c2a6	396	children/AUTHOR-B1/members/DEL-06-03/negative-partial-validation.stdout
4355a46b19d348dc2f57c046f8ef63d4538ebb936000f3c9ee954a27460dd865	2	children/AUTHOR-B1/members/DEL-06-03/negative-unauthorized-checklist.exit
72fbdb46d4b55ceeac9cb009dbd09cf92cf5cd08ccb47758238c60f426fecfc6	249	children/AUTHOR-B1/members/DEL-06-03/negative-unauthorized-checklist.stderr
e3b0c44298fc1c149afbf4c8996fb92427ae41e4649b934ca495991b7852b855	0	children/AUTHOR-B1/members/DEL-06-03/negative-unauthorized-checklist.stdout
4355a46b19d348dc2f57c046f8ef63d4538ebb936000f3c9ee954a27460dd865	2	children/AUTHOR-B1/members/DEL-06-03/negative-unauthorized-dual.exit
e3b0c44298fc1c149afbf4c8996fb92427ae41e4649b934ca495991b7852b855	0	children/AUTHOR-B1/members/DEL-06-03/negative-unauthorized-dual.stderr
4018bca0ed144e728a252895fad9b74e553998fc603be2dda942c98ea00471c9	406	children/AUTHOR-B1/members/DEL-06-03/negative-unauthorized-dual.stdout
66bf527a76037b8ebd58e89865c48a5878618de4a1acebb86756cf247cedf1b1	6747	children/AUTHOR-B1/members/DEL-06-03/parity-a.json
41723192f710e5b7499057a2daf4a5023bbd08a2f42e48d306a8019ebe53db41	291	children/AUTHOR-B1/members/DEL-06-03/parity-a.md
e3b0c44298fc1c149afbf4c8996fb92427ae41e4649b934ca495991b7852b855	0	children/AUTHOR-B1/members/DEL-06-03/parity-a.stderr
a47e11d9e3ed6e25b71d45a63581bb99dc97a5bad59d392943883a859e370cca	15	children/AUTHOR-B1/members/DEL-06-03/parity-a.stdout
66bf527a76037b8ebd58e89865c48a5878618de4a1acebb86756cf247cedf1b1	6747	children/AUTHOR-B1/members/DEL-06-03/parity-b.json
41723192f710e5b7499057a2daf4a5023bbd08a2f42e48d306a8019ebe53db41	291	children/AUTHOR-B1/members/DEL-06-03/parity-b.md
e3b0c44298fc1c149afbf4c8996fb92427ae41e4649b934ca495991b7852b855	0	children/AUTHOR-B1/members/DEL-06-03/parity-b.stderr
a47e11d9e3ed6e25b71d45a63581bb99dc97a5bad59d392943883a859e370cca	15	children/AUTHOR-B1/members/DEL-06-03/parity-b.stdout
f22510d37f05c6b03c1b9278d16b0348a2b8baadf49e9ac6981e7a8296f41d47	26687	children/AUTHOR-B1/members/DEL-06-03/render-a.html
e3b0c44298fc1c149afbf4c8996fb92427ae41e4649b934ca495991b7852b855	0	children/AUTHOR-B1/members/DEL-06-03/render-a.stderr
e3b0c44298fc1c149afbf4c8996fb92427ae41e4649b934ca495991b7852b855	0	children/AUTHOR-B1/members/DEL-06-03/render-a.stdout
f22510d37f05c6b03c1b9278d16b0348a2b8baadf49e9ac6981e7a8296f41d47	26687	children/AUTHOR-B1/members/DEL-06-03/render-b.html
e3b0c44298fc1c149afbf4c8996fb92427ae41e4649b934ca495991b7852b855	0	children/AUTHOR-B1/members/DEL-06-03/render-b.stderr
e3b0c44298fc1c149afbf4c8996fb92427ae41e4649b934ca495991b7852b855	0	children/AUTHOR-B1/members/DEL-06-03/render-b.stdout
e3b0c44298fc1c149afbf4c8996fb92427ae41e4649b934ca495991b7852b855	0	children/AUTHOR-B1/members/DEL-06-03/render-forbidden.scan
7ffca12674d35e875e9329bb3d9c39e8d3cf4e76b26b43afd4070d8b8483591a	22150	children/AUTHOR-B1/members/DEL-06-03/simulation/apply/Dependencies.csv
7702177ad0f20f16bd4dc1609e9064cba142a1d519960bfe5d01bf8fb13cb172	11278	children/AUTHOR-B1/members/DEL-06-03/simulation/apply/MEMORY.md
08dd7619787bf7f848ef0d76b718d84eebcb478908dc0fae51c58d3b89ce6130	142	children/AUTHOR-B1/members/DEL-06-03/simulation/apply/Review_Findings.csv
9404636c5eb9becf8fa2c5c3df12aa7d32e276783664b9dfa4970f3f5f651e1f	20236	children/AUTHOR-B1/members/DEL-06-03/simulation/apply/ScopeOfWork.md
73e27c3a4a03fa76a51dcd8898bcac680126edd7eba3c7048415c383c94ababa	2990	children/AUTHOR-B1/members/DEL-06-03/simulation/apply/_CONTEXT.md
03e8641c22b2025427fd650ff0f3357dcdbc97f142f837461835283d63845df2	4475	children/AUTHOR-B1/members/DEL-06-03/simulation/apply/_DEPENDENCIES.md
6d3187b4834558e7b847b8edca9b48f7635bf4a805e13e0e5dde72595c57c717	1362	children/AUTHOR-B1/members/DEL-06-03/simulation/apply/_REFERENCES.md
d72efa3f76f21f61776217a399e342bfff6e90e2753134d4035afea895ff4389	2740	children/AUTHOR-B1/members/DEL-06-03/simulation/apply/_REVIEW.md
f6b12771275b61c26669c9b879f9224769c7d5d4cd5b4aa34115bceccb6faaa7	16355	children/AUTHOR-B1/members/DEL-06-03/simulation/apply/_SEMANTIC.md
ee6c4472e9bb329632366e328d1e8c6f2faf434de2799340f31f1590a9506e89	18060	children/AUTHOR-B1/members/DEL-06-03/simulation/apply/_SEMANTIC_LENSING.md
d81f2a74e2f2363b072365dd5e1450d9c5382354efcab203ddeeb886ff748811	2484	children/AUTHOR-B1/members/DEL-06-03/simulation/apply/_STATUS.md
54568eae32d852933f43b08335b5a3c7dac1c9111583409e79804ed1acafacc7	1400	children/AUTHOR-B1/members/DEL-06-03/simulation/apply/_run_records/TASK_RUN_2026-04-30_1032_four-documents-P1_P2.md
29893c6c3805cd3a152c9c64c68bf5776ac30120ea1065f4ef304aaddd9faf6d	1055	children/AUTHOR-B1/members/DEL-06-03/simulation/apply/_run_records/TASK_RUN_2026-04-30_1033_semantic-matrix-build.md
dc1fedcfbbf4d92a5ffa5b10f0553e9320b42e02eb40c7abc4e1f8a35abc7b21	1004	children/AUTHOR-B1/members/DEL-06-03/simulation/apply/_run_records/TASK_RUN_2026-04-30_1034_lens-register.md
a0c5a0e6fdaac88c5c98aff468ab926854c50af740351a5401cf4e6fd394849b	1102	children/AUTHOR-B1/members/DEL-06-03/simulation/apply/_run_records/TASK_RUN_2026-04-30_1035_four-documents-P3_ONLY.md
18d96c73e2687e2f177abfc69f441d8176c8e6f4142e4c446ab3ef9f649acb03	1553	children/AUTHOR-B1/members/DEL-06-03/simulation/apply/_run_records/TASK_RUN_2026-04-30_1036_dependency-extract.md
5c44339b2db7fc1395545d21de4d38683543b488409d5f995eb599ae5b72a028	2736	children/AUTHOR-B1/members/DEL-06-03/simulation/apply/_run_records/TASK_RUN_2026-05-10_2235_dependency-extract-refresh.md
8774ab999ebe7955aa03e892e779f76010397240231fe1811828f8926cd86d1d	1724	children/AUTHOR-B1/members/DEL-06-03/simulation/apply/_run_records/TASK_RUN_2026-06-04_authority-refresh-0.7-dag006_DEL-06-03.md
78c290df82da4d653cfdd20df1de11e2a6750f2f9c7344bd172c81099d2f9d61	2596	children/AUTHOR-B1/members/DEL-06-03/simulation/apply/_run_records/TASK_RUN_2026-06-16_2359_dependency-semantic-refresh.md
5b4e978bc2f12b28484cdbe5fdf76c1bdc09d52b4feebd62533c1bc91dc9025b	1315	children/AUTHOR-B1/members/DEL-06-03/simulation/apply/_run_records/WORKING_ITEMS_RUN_2026-06-13_TP-C4-CHECKRUN-001.md
91ade73073af7d79e9d13f77ed224b926c4b53a6fbfba12433275ddd08129a94	2418	children/AUTHOR-B1/members/DEL-06-03/simulation/apply/_run_records/WORKING_ITEMS_RUN_2026-06-17_TP-UNITS-BTAIL-RULECHECKBINDUNITS-001.md
ad204daa17d97342325399f03735df1ad7114ec9a7aa66894c3de85c05a8cd70	713	children/AUTHOR-B1/members/DEL-06-03/simulation/apply/_run_records/WORKING_ITEMS_RUN_2026-06-18_TP-UNITS-BTAIL-EXPORTREVIEWRULECOMPUNITS-001.md
25c49254b7e5cfe035d4d55ac21e8bb7de780389ac6a335e99cb6b88c0c6157c	2345	children/AUTHOR-B1/members/DEL-06-03/simulation/apply/_run_records/WORKING_ITEMS_RUN_2026-06-18_TP-UNITS-BTAIL-RULECHECKLINTUNITS-001.md
e3b8655103762f796cd7e3124f84176f6469a3294bbbefb4bd49c8607103f70a	932	children/AUTHOR-B1/members/DEL-06-03/simulation/apply/_run_records/WORKING_ITEMS_RUN_2026-06-18_TP-UNITS-BTAIL-RULECOMPLETENESSLINTUNITS-001.md
53e81e94caf4bc6bd60b28943c86d1efb99f89ae53df79c1b43dd8f9fe9778db	983	children/AUTHOR-B1/members/DEL-06-03/simulation/apply/_run_records/WORKING_ITEMS_RUN_2026-07-12_D41-R5-T7-PDU055-CURRENTNESS.md
c9eb60a8983e2b88d00bc197ac12ff86cb2a9e700e32c6213c34b7fd662c58ef	4496	children/AUTHOR-B1/members/DEL-06-03/simulation/rollback/Datasheet.md
7ffca12674d35e875e9329bb3d9c39e8d3cf4e76b26b43afd4070d8b8483591a	22150	children/AUTHOR-B1/members/DEL-06-03/simulation/rollback/Dependencies.csv
39fefc2c7b8271f90d804ccb30badec4db299b902a7451923a2fb5c30492baa7	3639	children/AUTHOR-B1/members/DEL-06-03/simulation/rollback/Guidance.md
7702177ad0f20f16bd4dc1609e9064cba142a1d519960bfe5d01bf8fb13cb172	11278	children/AUTHOR-B1/members/DEL-06-03/simulation/rollback/MEMORY.md
d41f66de507e029cff0c3c9c6a84238181c743650e360d61515ed6b03a703cd4	3209	children/AUTHOR-B1/members/DEL-06-03/simulation/rollback/Procedure.md
08dd7619787bf7f848ef0d76b718d84eebcb478908dc0fae51c58d3b89ce6130	142	children/AUTHOR-B1/members/DEL-06-03/simulation/rollback/Review_Findings.csv
10dcc8e71d72db9ed622ae646f72e526321fd2fdb980fca260005da520ace3eb	5287	children/AUTHOR-B1/members/DEL-06-03/simulation/rollback/Specification.md
73e27c3a4a03fa76a51dcd8898bcac680126edd7eba3c7048415c383c94ababa	2990	children/AUTHOR-B1/members/DEL-06-03/simulation/rollback/_CONTEXT.md
03e8641c22b2025427fd650ff0f3357dcdbc97f142f837461835283d63845df2	4475	children/AUTHOR-B1/members/DEL-06-03/simulation/rollback/_DEPENDENCIES.md
6d3187b4834558e7b847b8edca9b48f7635bf4a805e13e0e5dde72595c57c717	1362	children/AUTHOR-B1/members/DEL-06-03/simulation/rollback/_REFERENCES.md
d72efa3f76f21f61776217a399e342bfff6e90e2753134d4035afea895ff4389	2740	children/AUTHOR-B1/members/DEL-06-03/simulation/rollback/_REVIEW.md
f6b12771275b61c26669c9b879f9224769c7d5d4cd5b4aa34115bceccb6faaa7	16355	children/AUTHOR-B1/members/DEL-06-03/simulation/rollback/_SEMANTIC.md
ee6c4472e9bb329632366e328d1e8c6f2faf434de2799340f31f1590a9506e89	18060	children/AUTHOR-B1/members/DEL-06-03/simulation/rollback/_SEMANTIC_LENSING.md
d81f2a74e2f2363b072365dd5e1450d9c5382354efcab203ddeeb886ff748811	2484	children/AUTHOR-B1/members/DEL-06-03/simulation/rollback/_STATUS.md
54568eae32d852933f43b08335b5a3c7dac1c9111583409e79804ed1acafacc7	1400	children/AUTHOR-B1/members/DEL-06-03/simulation/rollback/_run_records/TASK_RUN_2026-04-30_1032_four-documents-P1_P2.md
29893c6c3805cd3a152c9c64c68bf5776ac30120ea1065f4ef304aaddd9faf6d	1055	children/AUTHOR-B1/members/DEL-06-03/simulation/rollback/_run_records/TASK_RUN_2026-04-30_1033_semantic-matrix-build.md
dc1fedcfbbf4d92a5ffa5b10f0553e9320b42e02eb40c7abc4e1f8a35abc7b21	1004	children/AUTHOR-B1/members/DEL-06-03/simulation/rollback/_run_records/TASK_RUN_2026-04-30_1034_lens-register.md
a0c5a0e6fdaac88c5c98aff468ab926854c50af740351a5401cf4e6fd394849b	1102	children/AUTHOR-B1/members/DEL-06-03/simulation/rollback/_run_records/TASK_RUN_2026-04-30_1035_four-documents-P3_ONLY.md
18d96c73e2687e2f177abfc69f441d8176c8e6f4142e4c446ab3ef9f649acb03	1553	children/AUTHOR-B1/members/DEL-06-03/simulation/rollback/_run_records/TASK_RUN_2026-04-30_1036_dependency-extract.md
5c44339b2db7fc1395545d21de4d38683543b488409d5f995eb599ae5b72a028	2736	children/AUTHOR-B1/members/DEL-06-03/simulation/rollback/_run_records/TASK_RUN_2026-05-10_2235_dependency-extract-refresh.md
8774ab999ebe7955aa03e892e779f76010397240231fe1811828f8926cd86d1d	1724	children/AUTHOR-B1/members/DEL-06-03/simulation/rollback/_run_records/TASK_RUN_2026-06-04_authority-refresh-0.7-dag006_DEL-06-03.md
78c290df82da4d653cfdd20df1de11e2a6750f2f9c7344bd172c81099d2f9d61	2596	children/AUTHOR-B1/members/DEL-06-03/simulation/rollback/_run_records/TASK_RUN_2026-06-16_2359_dependency-semantic-refresh.md
5b4e978bc2f12b28484cdbe5fdf76c1bdc09d52b4feebd62533c1bc91dc9025b	1315	children/AUTHOR-B1/members/DEL-06-03/simulation/rollback/_run_records/WORKING_ITEMS_RUN_2026-06-13_TP-C4-CHECKRUN-001.md
91ade73073af7d79e9d13f77ed224b926c4b53a6fbfba12433275ddd08129a94	2418	children/AUTHOR-B1/members/DEL-06-03/simulation/rollback/_run_records/WORKING_ITEMS_RUN_2026-06-17_TP-UNITS-BTAIL-RULECHECKBINDUNITS-001.md
ad204daa17d97342325399f03735df1ad7114ec9a7aa66894c3de85c05a8cd70	713	children/AUTHOR-B1/members/DEL-06-03/simulation/rollback/_run_records/WORKING_ITEMS_RUN_2026-06-18_TP-UNITS-BTAIL-EXPORTREVIEWRULECOMPUNITS-001.md
25c49254b7e5cfe035d4d55ac21e8bb7de780389ac6a335e99cb6b88c0c6157c	2345	children/AUTHOR-B1/members/DEL-06-03/simulation/rollback/_run_records/WORKING_ITEMS_RUN_2026-06-18_TP-UNITS-BTAIL-RULECHECKLINTUNITS-001.md
e3b8655103762f796cd7e3124f84176f6469a3294bbbefb4bd49c8607103f70a	932	children/AUTHOR-B1/members/DEL-06-03/simulation/rollback/_run_records/WORKING_ITEMS_RUN_2026-06-18_TP-UNITS-BTAIL-RULECOMPLETENESSLINTUNITS-001.md
53e81e94caf4bc6bd60b28943c86d1efb99f89ae53df79c1b43dd8f9fe9778db	983	children/AUTHOR-B1/members/DEL-06-03/simulation/rollback/_run_records/WORKING_ITEMS_RUN_2026-07-12_D41-R5-T7-PDU055-CURRENTNESS.md
995078e215666f0b18aa7b0eea14ef5684e094c9a90833fe604b68eece30dfba	285	children/AUTHOR-B1/members/DEL-06-03/simulation-apply-validation.json
e3b0c44298fc1c149afbf4c8996fb92427ae41e4649b934ca495991b7852b855	0	children/AUTHOR-B1/members/DEL-06-03/simulation-apply-validation.stderr
c8121b2cc8118781bce8d1ba4065ae6a9989ce469ecceeb1dc6e1aa7a5ce3429	273	children/AUTHOR-B1/members/DEL-06-03/validation-authorized-dual.json
e3b0c44298fc1c149afbf4c8996fb92427ae41e4649b934ca495991b7852b855	0	children/AUTHOR-B1/members/DEL-06-03/validation-authorized-dual.stderr
02b75dee4ca2c91b6243789f641ca88ce2e776698dc744f75f192731b787b533	251	children/AUTHOR-B1/members/DEL-06-03/validation-sow-v1.json
e3b0c44298fc1c149afbf4c8996fb92427ae41e4649b934ca495991b7852b855	0	children/AUTHOR-B1/members/DEL-06-03/validation-sow-v1.stderr
c9eb60a8983e2b88d00bc197ac12ff86cb2a9e700e32c6213c34b7fd662c58ef	4496	children/AUTHOR-B1/members/DEL-06-03/workspace-a/Datasheet.md
7ffca12674d35e875e9329bb3d9c39e8d3cf4e76b26b43afd4070d8b8483591a	22150	children/AUTHOR-B1/members/DEL-06-03/workspace-a/Dependencies.csv
39fefc2c7b8271f90d804ccb30badec4db299b902a7451923a2fb5c30492baa7	3639	children/AUTHOR-B1/members/DEL-06-03/workspace-a/Guidance.md
7702177ad0f20f16bd4dc1609e9064cba142a1d519960bfe5d01bf8fb13cb172	11278	children/AUTHOR-B1/members/DEL-06-03/workspace-a/MEMORY.md
d41f66de507e029cff0c3c9c6a84238181c743650e360d61515ed6b03a703cd4	3209	children/AUTHOR-B1/members/DEL-06-03/workspace-a/Procedure.md
08dd7619787bf7f848ef0d76b718d84eebcb478908dc0fae51c58d3b89ce6130	142	children/AUTHOR-B1/members/DEL-06-03/workspace-a/Review_Findings.csv
f8c758b78a1d576cf7de2da9ccc09059d4a6975acf03e6213349b503978c9a2a	26990	children/AUTHOR-B1/members/DEL-06-03/workspace-a/ScopeOfWork.md
10dcc8e71d72db9ed622ae646f72e526321fd2fdb980fca260005da520ace3eb	5287	children/AUTHOR-B1/members/DEL-06-03/workspace-a/Specification.md
73e27c3a4a03fa76a51dcd8898bcac680126edd7eba3c7048415c383c94ababa	2990	children/AUTHOR-B1/members/DEL-06-03/workspace-a/_CONTEXT.md
03e8641c22b2025427fd650ff0f3357dcdbc97f142f837461835283d63845df2	4475	children/AUTHOR-B1/members/DEL-06-03/workspace-a/_DEPENDENCIES.md
6d3187b4834558e7b847b8edca9b48f7635bf4a805e13e0e5dde72595c57c717	1362	children/AUTHOR-B1/members/DEL-06-03/workspace-a/_REFERENCES.md
d72efa3f76f21f61776217a399e342bfff6e90e2753134d4035afea895ff4389	2740	children/AUTHOR-B1/members/DEL-06-03/workspace-a/_REVIEW.md
f6b12771275b61c26669c9b879f9224769c7d5d4cd5b4aa34115bceccb6faaa7	16355	children/AUTHOR-B1/members/DEL-06-03/workspace-a/_SEMANTIC.md
ee6c4472e9bb329632366e328d1e8c6f2faf434de2799340f31f1590a9506e89	18060	children/AUTHOR-B1/members/DEL-06-03/workspace-a/_SEMANTIC_LENSING.md
d81f2a74e2f2363b072365dd5e1450d9c5382354efcab203ddeeb886ff748811	2484	children/AUTHOR-B1/members/DEL-06-03/workspace-a/_STATUS.md
54568eae32d852933f43b08335b5a3c7dac1c9111583409e79804ed1acafacc7	1400	children/AUTHOR-B1/members/DEL-06-03/workspace-a/_run_records/TASK_RUN_2026-04-30_1032_four-documents-P1_P2.md
29893c6c3805cd3a152c9c64c68bf5776ac30120ea1065f4ef304aaddd9faf6d	1055	children/AUTHOR-B1/members/DEL-06-03/workspace-a/_run_records/TASK_RUN_2026-04-30_1033_semantic-matrix-build.md
dc1fedcfbbf4d92a5ffa5b10f0553e9320b42e02eb40c7abc4e1f8a35abc7b21	1004	children/AUTHOR-B1/members/DEL-06-03/workspace-a/_run_records/TASK_RUN_2026-04-30_1034_lens-register.md
a0c5a0e6fdaac88c5c98aff468ab926854c50af740351a5401cf4e6fd394849b	1102	children/AUTHOR-B1/members/DEL-06-03/workspace-a/_run_records/TASK_RUN_2026-04-30_1035_four-documents-P3_ONLY.md
18d96c73e2687e2f177abfc69f441d8176c8e6f4142e4c446ab3ef9f649acb03	1553	children/AUTHOR-B1/members/DEL-06-03/workspace-a/_run_records/TASK_RUN_2026-04-30_1036_dependency-extract.md
5c44339b2db7fc1395545d21de4d38683543b488409d5f995eb599ae5b72a028	2736	children/AUTHOR-B1/members/DEL-06-03/workspace-a/_run_records/TASK_RUN_2026-05-10_2235_dependency-extract-refresh.md
8774ab999ebe7955aa03e892e779f76010397240231fe1811828f8926cd86d1d	1724	children/AUTHOR-B1/members/DEL-06-03/workspace-a/_run_records/TASK_RUN_2026-06-04_authority-refresh-0.7-dag006_DEL-06-03.md
78c290df82da4d653cfdd20df1de11e2a6750f2f9c7344bd172c81099d2f9d61	2596	children/AUTHOR-B1/members/DEL-06-03/workspace-a/_run_records/TASK_RUN_2026-06-16_2359_dependency-semantic-refresh.md
5b4e978bc2f12b28484cdbe5fdf76c1bdc09d52b4feebd62533c1bc91dc9025b	1315	children/AUTHOR-B1/members/DEL-06-03/workspace-a/_run_records/WORKING_ITEMS_RUN_2026-06-13_TP-C4-CHECKRUN-001.md
91ade73073af7d79e9d13f77ed224b926c4b53a6fbfba12433275ddd08129a94	2418	children/AUTHOR-B1/members/DEL-06-03/workspace-a/_run_records/WORKING_ITEMS_RUN_2026-06-17_TP-UNITS-BTAIL-RULECHECKBINDUNITS-001.md
ad204daa17d97342325399f03735df1ad7114ec9a7aa66894c3de85c05a8cd70	713	children/AUTHOR-B1/members/DEL-06-03/workspace-a/_run_records/WORKING_ITEMS_RUN_2026-06-18_TP-UNITS-BTAIL-EXPORTREVIEWRULECOMPUNITS-001.md
25c49254b7e5cfe035d4d55ac21e8bb7de780389ac6a335e99cb6b88c0c6157c	2345	children/AUTHOR-B1/members/DEL-06-03/workspace-a/_run_records/WORKING_ITEMS_RUN_2026-06-18_TP-UNITS-BTAIL-RULECHECKLINTUNITS-001.md
e3b8655103762f796cd7e3124f84176f6469a3294bbbefb4bd49c8607103f70a	932	children/AUTHOR-B1/members/DEL-06-03/workspace-a/_run_records/WORKING_ITEMS_RUN_2026-06-18_TP-UNITS-BTAIL-RULECOMPLETENESSLINTUNITS-001.md
53e81e94caf4bc6bd60b28943c86d1efb99f89ae53df79c1b43dd8f9fe9778db	983	children/AUTHOR-B1/members/DEL-06-03/workspace-a/_run_records/WORKING_ITEMS_RUN_2026-07-12_D41-R5-T7-PDU055-CURRENTNESS.md
c9eb60a8983e2b88d00bc197ac12ff86cb2a9e700e32c6213c34b7fd662c58ef	4496	children/AUTHOR-B1/members/DEL-06-03/workspace-b/Datasheet.md
7ffca12674d35e875e9329bb3d9c39e8d3cf4e76b26b43afd4070d8b8483591a	22150	children/AUTHOR-B1/members/DEL-06-03/workspace-b/Dependencies.csv
39fefc2c7b8271f90d804ccb30badec4db299b902a7451923a2fb5c30492baa7	3639	children/AUTHOR-B1/members/DEL-06-03/workspace-b/Guidance.md
7702177ad0f20f16bd4dc1609e9064cba142a1d519960bfe5d01bf8fb13cb172	11278	children/AUTHOR-B1/members/DEL-06-03/workspace-b/MEMORY.md
d41f66de507e029cff0c3c9c6a84238181c743650e360d61515ed6b03a703cd4	3209	children/AUTHOR-B1/members/DEL-06-03/workspace-b/Procedure.md
08dd7619787bf7f848ef0d76b718d84eebcb478908dc0fae51c58d3b89ce6130	142	children/AUTHOR-B1/members/DEL-06-03/workspace-b/Review_Findings.csv
f8c758b78a1d576cf7de2da9ccc09059d4a6975acf03e6213349b503978c9a2a	26990	children/AUTHOR-B1/members/DEL-06-03/workspace-b/ScopeOfWork.md
10dcc8e71d72db9ed622ae646f72e526321fd2fdb980fca260005da520ace3eb	5287	children/AUTHOR-B1/members/DEL-06-03/workspace-b/Specification.md
73e27c3a4a03fa76a51dcd8898bcac680126edd7eba3c7048415c383c94ababa	2990	children/AUTHOR-B1/members/DEL-06-03/workspace-b/_CONTEXT.md
03e8641c22b2025427fd650ff0f3357dcdbc97f142f837461835283d63845df2	4475	children/AUTHOR-B1/members/DEL-06-03/workspace-b/_DEPENDENCIES.md
6d3187b4834558e7b847b8edca9b48f7635bf4a805e13e0e5dde72595c57c717	1362	children/AUTHOR-B1/members/DEL-06-03/workspace-b/_REFERENCES.md
d72efa3f76f21f61776217a399e342bfff6e90e2753134d4035afea895ff4389	2740	children/AUTHOR-B1/members/DEL-06-03/workspace-b/_REVIEW.md
f6b12771275b61c26669c9b879f9224769c7d5d4cd5b4aa34115bceccb6faaa7	16355	children/AUTHOR-B1/members/DEL-06-03/workspace-b/_SEMANTIC.md
ee6c4472e9bb329632366e328d1e8c6f2faf434de2799340f31f1590a9506e89	18060	children/AUTHOR-B1/members/DEL-06-03/workspace-b/_SEMANTIC_LENSING.md
d81f2a74e2f2363b072365dd5e1450d9c5382354efcab203ddeeb886ff748811	2484	children/AUTHOR-B1/members/DEL-06-03/workspace-b/_STATUS.md
54568eae32d852933f43b08335b5a3c7dac1c9111583409e79804ed1acafacc7	1400	children/AUTHOR-B1/members/DEL-06-03/workspace-b/_run_records/TASK_RUN_2026-04-30_1032_four-documents-P1_P2.md
29893c6c3805cd3a152c9c64c68bf5776ac30120ea1065f4ef304aaddd9faf6d	1055	children/AUTHOR-B1/members/DEL-06-03/workspace-b/_run_records/TASK_RUN_2026-04-30_1033_semantic-matrix-build.md
dc1fedcfbbf4d92a5ffa5b10f0553e9320b42e02eb40c7abc4e1f8a35abc7b21	1004	children/AUTHOR-B1/members/DEL-06-03/workspace-b/_run_records/TASK_RUN_2026-04-30_1034_lens-register.md
a0c5a0e6fdaac88c5c98aff468ab926854c50af740351a5401cf4e6fd394849b	1102	children/AUTHOR-B1/members/DEL-06-03/workspace-b/_run_records/TASK_RUN_2026-04-30_1035_four-documents-P3_ONLY.md
18d96c73e2687e2f177abfc69f441d8176c8e6f4142e4c446ab3ef9f649acb03	1553	children/AUTHOR-B1/members/DEL-06-03/workspace-b/_run_records/TASK_RUN_2026-04-30_1036_dependency-extract.md
5c44339b2db7fc1395545d21de4d38683543b488409d5f995eb599ae5b72a028	2736	children/AUTHOR-B1/members/DEL-06-03/workspace-b/_run_records/TASK_RUN_2026-05-10_2235_dependency-extract-refresh.md
8774ab999ebe7955aa03e892e779f76010397240231fe1811828f8926cd86d1d	1724	children/AUTHOR-B1/members/DEL-06-03/workspace-b/_run_records/TASK_RUN_2026-06-04_authority-refresh-0.7-dag006_DEL-06-03.md
78c290df82da4d653cfdd20df1de11e2a6750f2f9c7344bd172c81099d2f9d61	2596	children/AUTHOR-B1/members/DEL-06-03/workspace-b/_run_records/TASK_RUN_2026-06-16_2359_dependency-semantic-refresh.md
5b4e978bc2f12b28484cdbe5fdf76c1bdc09d52b4feebd62533c1bc91dc9025b	1315	children/AUTHOR-B1/members/DEL-06-03/workspace-b/_run_records/WORKING_ITEMS_RUN_2026-06-13_TP-C4-CHECKRUN-001.md
91ade73073af7d79e9d13f77ed224b926c4b53a6fbfba12433275ddd08129a94	2418	children/AUTHOR-B1/members/DEL-06-03/workspace-b/_run_records/WORKING_ITEMS_RUN_2026-06-17_TP-UNITS-BTAIL-RULECHECKBINDUNITS-001.md
ad204daa17d97342325399f03735df1ad7114ec9a7aa66894c3de85c05a8cd70	713	children/AUTHOR-B1/members/DEL-06-03/workspace-b/_run_records/WORKING_ITEMS_RUN_2026-06-18_TP-UNITS-BTAIL-EXPORTREVIEWRULECOMPUNITS-001.md
25c49254b7e5cfe035d4d55ac21e8bb7de780389ac6a335e99cb6b88c0c6157c	2345	children/AUTHOR-B1/members/DEL-06-03/workspace-b/_run_records/WORKING_ITEMS_RUN_2026-06-18_TP-UNITS-BTAIL-RULECHECKLINTUNITS-001.md
e3b8655103762f796cd7e3124f84176f6469a3294bbbefb4bd49c8607103f70a	932	children/AUTHOR-B1/members/DEL-06-03/workspace-b/_run_records/WORKING_ITEMS_RUN_2026-06-18_TP-UNITS-BTAIL-RULECOMPLETENESSLINTUNITS-001.md
53e81e94caf4bc6bd60b28943c86d1efb99f89ae53df79c1b43dd8f9fe9778db	983	children/AUTHOR-B1/members/DEL-06-03/workspace-b/_run_records/WORKING_ITEMS_RUN_2026-07-12_D41-R5-T7-PDU055-CURRENTNESS.md
58a8b15c272d80ebae685a78d3688ce51638f716c780ae604d58cd1d0ba77f6c	626	children/AUTHOR-B1/members/DEL-06-04/DERIVATIVE_DETERMINISM.tsv
ea6114e20f752c23eb485b730733cf6fe12a8a67ef2f2c844c439d0e51bb2ba2	506	children/AUTHOR-B1/members/DEL-06-04/DETERMINISM.tsv
9de38d5a1eeaa2ea8ae8a7c295c31276b234c0b4533dc8b54dc4230a8859c9a4	1185	children/AUTHOR-B1/members/DEL-06-04/FROZEN_ROW.tsv
78d29cc7ae053f99e8196b2316f110dd8fd88f730f97641f81cf6907f4efdfc2	949	children/AUTHOR-B1/members/DEL-06-04/IMMUTABLE_LITERAL_AND_CONTEXT_REVIEW.md
8705a03a7025eb4d4f4255a79847deac6d24ce979dd580ec1052d811e5177059	842	children/AUTHOR-B1/members/DEL-06-04/MEMBER_SUMMARY.md
6d28f2d379b9012b334fa156b60fe2ea6c82ce69c3f7aed31becc138021f95a1	1657	children/AUTHOR-B1/members/DEL-06-04/SOURCE_HASHES.tsv
a1469f4bef8cf1b14dc3b1db336ce264b6175ba826586b1b758a4abee373d26e	1660	children/AUTHOR-B1/members/DEL-06-04/checklist-a.json
e3b0c44298fc1c149afbf4c8996fb92427ae41e4649b934ca495991b7852b855	0	children/AUTHOR-B1/members/DEL-06-04/checklist-a.stderr
e3b0c44298fc1c149afbf4c8996fb92427ae41e4649b934ca495991b7852b855	0	children/AUTHOR-B1/members/DEL-06-04/checklist-a.stdout
a1469f4bef8cf1b14dc3b1db336ce264b6175ba826586b1b758a4abee373d26e	1660	children/AUTHOR-B1/members/DEL-06-04/checklist-b.json
e3b0c44298fc1c149afbf4c8996fb92427ae41e4649b934ca495991b7852b855	0	children/AUTHOR-B1/members/DEL-06-04/checklist-b.stderr
e3b0c44298fc1c149afbf4c8996fb92427ae41e4649b934ca495991b7852b855	0	children/AUTHOR-B1/members/DEL-06-04/checklist-b.stdout
1825a012aa375a34889d79cc5e7cd18209d96be6bf945237ec205b9d4ae289b6	4767	children/AUTHOR-B1/members/DEL-06-04/claim-map-a.csv
e3b0c44298fc1c149afbf4c8996fb92427ae41e4649b934ca495991b7852b855	0	children/AUTHOR-B1/members/DEL-06-04/claim-map-a.stderr
253ab4a0d5f3f13e73eb4be2e1273593cefc55045bc5578458aaf348196ce4bc	216	children/AUTHOR-B1/members/DEL-06-04/claim-map-a.stdout
1825a012aa375a34889d79cc5e7cd18209d96be6bf945237ec205b9d4ae289b6	4767	children/AUTHOR-B1/members/DEL-06-04/claim-map-b.csv
e3b0c44298fc1c149afbf4c8996fb92427ae41e4649b934ca495991b7852b855	0	children/AUTHOR-B1/members/DEL-06-04/claim-map-b.stderr
edc6f830b518a9a95fb66fddd72994333fca97121087e377f07dac40337590dd	216	children/AUTHOR-B1/members/DEL-06-04/claim-map-b.stdout
e3b0c44298fc1c149afbf4c8996fb92427ae41e4649b934ca495991b7852b855	0	children/AUTHOR-B1/members/DEL-06-04/clean-residue.scan
e3b0c44298fc1c149afbf4c8996fb92427ae41e4649b934ca495991b7852b855	0	children/AUTHOR-B1/members/DEL-06-04/conversion-a.stderr
7276bfdf59c8047bb6bd9fb5bb9bd41951a38ff4ff75eaff04fdda4eb4379372	207	children/AUTHOR-B1/members/DEL-06-04/conversion-a.stdout
e3b0c44298fc1c149afbf4c8996fb92427ae41e4649b934ca495991b7852b855	0	children/AUTHOR-B1/members/DEL-06-04/conversion-b.stderr
f2531e5e1013a9819f3c2405268fd4787908c610105f8415da9c33f4048a8e8e	207	children/AUTHOR-B1/members/DEL-06-04/conversion-b.stdout
58ab8ae2e0a65bfc816c9f3d5ba775381eac2ca86fa74635b0609cfbf2d865a5	24929	children/AUTHOR-B1/members/DEL-06-04/final-a/ScopeOfWork.md
9e162ce9e4549846cdc3d9aeee5f741f53ca0f101a0595c57e760fcb05b3ed32	10033	children/AUTHOR-B1/members/DEL-06-04/final-a/report.json
58ab8ae2e0a65bfc816c9f3d5ba775381eac2ca86fa74635b0609cfbf2d865a5	24929	children/AUTHOR-B1/members/DEL-06-04/final-b/ScopeOfWork.md
9e162ce9e4549846cdc3d9aeee5f741f53ca0f101a0595c57e760fcb05b3ed32	10033	children/AUTHOR-B1/members/DEL-06-04/final-b/report.json
e3b0c44298fc1c149afbf4c8996fb92427ae41e4649b934ca495991b7852b855	0	children/AUTHOR-B1/members/DEL-06-04/finalization-a.stderr
ac166e5d45608fbc61071175e81c727765268dc6a220da0c07c0e8e280694df9	225	children/AUTHOR-B1/members/DEL-06-04/finalization-a.stdout
e3b0c44298fc1c149afbf4c8996fb92427ae41e4649b934ca495991b7852b855	0	children/AUTHOR-B1/members/DEL-06-04/finalization-b.stderr
a0022701c673b206b6e65bc43015f145a91b1daa3c28890b8ba018d8b2b99764	225	children/AUTHOR-B1/members/DEL-06-04/finalization-b.stdout
e97c858daefd6c528c864f086ef1845dceedd8ea39b785fd21ae4552d83fcdb8	24937	children/AUTHOR-B1/members/DEL-06-04/mutated-production/ScopeOfWork.md
4355a46b19d348dc2f57c046f8ef63d4538ebb936000f3c9ee954a27460dd865	2	children/AUTHOR-B1/members/DEL-06-04/negative-ambiguous-checklist.exit
b37a0cca9858c0352661b65d064e00020bbe562dbdaab6454812cd6c24f7dd2c	167	children/AUTHOR-B1/members/DEL-06-04/negative-ambiguous-checklist.stderr
e3b0c44298fc1c149afbf4c8996fb92427ae41e4649b934ca495991b7852b855	0	children/AUTHOR-B1/members/DEL-06-04/negative-ambiguous-checklist.stdout
4355a46b19d348dc2f57c046f8ef63d4538ebb936000f3c9ee954a27460dd865	2	children/AUTHOR-B1/members/DEL-06-04/negative-evidence-render.exit
cb0da27c60dce6b4cbcfd06282c5b6f1266cc686411a099c3c2ce0fa13f2bc8d	129	children/AUTHOR-B1/members/DEL-06-04/negative-evidence-render.stderr
e3b0c44298fc1c149afbf4c8996fb92427ae41e4649b934ca495991b7852b855	0	children/AUTHOR-B1/members/DEL-06-04/negative-evidence-render.stdout
4355a46b19d348dc2f57c046f8ef63d4538ebb936000f3c9ee954a27460dd865	2	children/AUTHOR-B1/members/DEL-06-04/negative-mutated-map.exit
508e4cba64abbcf0b6795d7878007071f478f6346c8328a87ab00f3b4203657f	97	children/AUTHOR-B1/members/DEL-06-04/negative-mutated-map.stderr
e3b0c44298fc1c149afbf4c8996fb92427ae41e4649b934ca495991b7852b855	0	children/AUTHOR-B1/members/DEL-06-04/negative-mutated-map.stdout
4355a46b19d348dc2f57c046f8ef63d4538ebb936000f3c9ee954a27460dd865	2	children/AUTHOR-B1/members/DEL-06-04/negative-mutated-parity.exit
7c6f25ec1ebf311d7f895ec130130d1bc1332696b5e37fc8cf0e28fb74892854	6502	children/AUTHOR-B1/members/DEL-06-04/negative-mutated-parity.json
e3b0c44298fc1c149afbf4c8996fb92427ae41e4649b934ca495991b7852b855	0	children/AUTHOR-B1/members/DEL-06-04/negative-mutated-parity.stderr
e62c9111fee9ee88dae7e31e79e82a45465da9b6abe0fe542e4213568221081d	15	children/AUTHOR-B1/members/DEL-06-04/negative-mutated-parity.stdout
842823f33ec11a9d374ba92c12698ffca75571735b6ddcec550c5f8430908a80	5372	children/AUTHOR-B1/members/DEL-06-04/negative-partial/Datasheet.md
9b883a4ba4217c4b68e30375f2afad40b317eb7d56af46d433cfc2ac5e4ce2c6	3511	children/AUTHOR-B1/members/DEL-06-04/negative-partial/_STATUS.md
4355a46b19d348dc2f57c046f8ef63d4538ebb936000f3c9ee954a27460dd865	2	children/AUTHOR-B1/members/DEL-06-04/negative-partial-validation.exit
e3b0c44298fc1c149afbf4c8996fb92427ae41e4649b934ca495991b7852b855	0	children/AUTHOR-B1/members/DEL-06-04/negative-partial-validation.stderr
ac45a0d9b3660f2d4f988bdeeae6a758a37068219cba8ea30add0f95829b597e	396	children/AUTHOR-B1/members/DEL-06-04/negative-partial-validation.stdout
4355a46b19d348dc2f57c046f8ef63d4538ebb936000f3c9ee954a27460dd865	2	children/AUTHOR-B1/members/DEL-06-04/negative-unauthorized-checklist.exit
72fbdb46d4b55ceeac9cb009dbd09cf92cf5cd08ccb47758238c60f426fecfc6	249	children/AUTHOR-B1/members/DEL-06-04/negative-unauthorized-checklist.stderr
e3b0c44298fc1c149afbf4c8996fb92427ae41e4649b934ca495991b7852b855	0	children/AUTHOR-B1/members/DEL-06-04/negative-unauthorized-checklist.stdout
4355a46b19d348dc2f57c046f8ef63d4538ebb936000f3c9ee954a27460dd865	2	children/AUTHOR-B1/members/DEL-06-04/negative-unauthorized-dual.exit
e3b0c44298fc1c149afbf4c8996fb92427ae41e4649b934ca495991b7852b855	0	children/AUTHOR-B1/members/DEL-06-04/negative-unauthorized-dual.stderr
881ddfeba46f8b3487969dedb74c229f0fa8c16055d9859b88980dbcac3dd479	406	children/AUTHOR-B1/members/DEL-06-04/negative-unauthorized-dual.stdout
1063839b096959c88072e9e5c0c2341eeecc02978fd2433427685b2cdcc7187b	6340	children/AUTHOR-B1/members/DEL-06-04/parity-a.json
e2f64a0060ddeeb18a722f776e668ded1163221f783d0b5cd6213594c0417d11	291	children/AUTHOR-B1/members/DEL-06-04/parity-a.md
e3b0c44298fc1c149afbf4c8996fb92427ae41e4649b934ca495991b7852b855	0	children/AUTHOR-B1/members/DEL-06-04/parity-a.stderr
6da18ed0a105fe55bf645b114d1266052eccdeee8ec4f939dfa92794d26fa885	15	children/AUTHOR-B1/members/DEL-06-04/parity-a.stdout
1063839b096959c88072e9e5c0c2341eeecc02978fd2433427685b2cdcc7187b	6340	children/AUTHOR-B1/members/DEL-06-04/parity-b.json
e2f64a0060ddeeb18a722f776e668ded1163221f783d0b5cd6213594c0417d11	291	children/AUTHOR-B1/members/DEL-06-04/parity-b.md
e3b0c44298fc1c149afbf4c8996fb92427ae41e4649b934ca495991b7852b855	0	children/AUTHOR-B1/members/DEL-06-04/parity-b.stderr
6da18ed0a105fe55bf645b114d1266052eccdeee8ec4f939dfa92794d26fa885	15	children/AUTHOR-B1/members/DEL-06-04/parity-b.stdout
bac28658bdd92fd7d1596904a94b4cda4f0417a8ea9cfe97dbd40ae96340654e	31489	children/AUTHOR-B1/members/DEL-06-04/render-a.html
e3b0c44298fc1c149afbf4c8996fb92427ae41e4649b934ca495991b7852b855	0	children/AUTHOR-B1/members/DEL-06-04/render-a.stderr
e3b0c44298fc1c149afbf4c8996fb92427ae41e4649b934ca495991b7852b855	0	children/AUTHOR-B1/members/DEL-06-04/render-a.stdout
bac28658bdd92fd7d1596904a94b4cda4f0417a8ea9cfe97dbd40ae96340654e	31489	children/AUTHOR-B1/members/DEL-06-04/render-b.html
e3b0c44298fc1c149afbf4c8996fb92427ae41e4649b934ca495991b7852b855	0	children/AUTHOR-B1/members/DEL-06-04/render-b.stderr
e3b0c44298fc1c149afbf4c8996fb92427ae41e4649b934ca495991b7852b855	0	children/AUTHOR-B1/members/DEL-06-04/render-b.stdout
e3b0c44298fc1c149afbf4c8996fb92427ae41e4649b934ca495991b7852b855	0	children/AUTHOR-B1/members/DEL-06-04/render-forbidden.scan
b7c9b41d279aa464e0708f4e7a14056c463b209d8799727fab2966a131c46e32	27729	children/AUTHOR-B1/members/DEL-06-04/simulation/apply/Dependencies.csv
9ad19bcc9cf144a2f1d5474eea15e5f4c851603bd4dad56153c5065da3c8cbc0	10833	children/AUTHOR-B1/members/DEL-06-04/simulation/apply/MEMORY.md
0efb8349cfb8a132f595e74cb6f43331a2d1d1b0b925d103554abee9dc0b634b	1131	children/AUTHOR-B1/members/DEL-06-04/simulation/apply/Review_Findings.csv
58ab8ae2e0a65bfc816c9f3d5ba775381eac2ca86fa74635b0609cfbf2d865a5	24929	children/AUTHOR-B1/members/DEL-06-04/simulation/apply/ScopeOfWork.md
d9377be99a91d63103ce5f0a929f37e261e148f7356d8a1b5160bc8581b990a2	3038	children/AUTHOR-B1/members/DEL-06-04/simulation/apply/_CONTEXT.md
0d16954e516102a951696a215f054c9938c7ddaf01ad56bd53d4200dadf15bff	4827	children/AUTHOR-B1/members/DEL-06-04/simulation/apply/_DEPENDENCIES.md
8cb63cc330477c4dffdf395fdc2f6995dfa904c9f8aa29e8998e8e8de268bc11	1376	children/AUTHOR-B1/members/DEL-06-04/simulation/apply/_REFERENCES.md
0e62bf4cf3f434224a1a0e741fb0a072ab7f7a51a15a82c5ee7db713c7db9219	3176	children/AUTHOR-B1/members/DEL-06-04/simulation/apply/_REVIEW.md
43e0af0524740c8a4b6c9655e7d98a8b9fec8d404783fa5a4b8f2a3b4dddbfbc	26334	children/AUTHOR-B1/members/DEL-06-04/simulation/apply/_SEMANTIC.md
8615305cc68c916d19bac7da04223b6bf9389f48fec7b07edbaeb24321227822	18807	children/AUTHOR-B1/members/DEL-06-04/simulation/apply/_SEMANTIC_LENSING.md
9b883a4ba4217c4b68e30375f2afad40b317eb7d56af46d433cfc2ac5e4ce2c6	3511	children/AUTHOR-B1/members/DEL-06-04/simulation/apply/_STATUS.md
11bba83e30e46dd8e7a526d6c3e74472c94f6ce54bf1b1d35e222d5f89754d3d	1359	children/AUTHOR-B1/members/DEL-06-04/simulation/apply/_run_records/TASK_RUN_2026-04-30_DEL-06-04_dependency-extract.md
9b6d8b0b59cf3a66bb23f198076a2e19da3280e8c44982f9e333798a28fb64fc	1479	children/AUTHOR-B1/members/DEL-06-04/simulation/apply/_run_records/TASK_RUN_2026-04-30_DEL-06-04_four-documents-p1-p2.md
e631b1885d6a5860c609799594a802f49a80e81d44486a6ee7edadf2f56397e5	1306	children/AUTHOR-B1/members/DEL-06-04/simulation/apply/_run_records/TASK_RUN_2026-04-30_DEL-06-04_four-documents-p3.md
feaf2115f47e441d5b1f32d217ec51e4b704e59b78ebba249fc0f52429747c5b	1128	children/AUTHOR-B1/members/DEL-06-04/simulation/apply/_run_records/TASK_RUN_2026-04-30_DEL-06-04_lens-register.md
9f64f30adc1835d440669a3daf4cfd76c98f6379625a8891254c8a62b6de314b	1157	children/AUTHOR-B1/members/DEL-06-04/simulation/apply/_run_records/TASK_RUN_2026-04-30_DEL-06-04_semantic-matrix-build.md
5a8b7fea59fae3f8593abc3a526c6b6dd68a8bf3d1193e82e7d687896211ce19	2729	children/AUTHOR-B1/members/DEL-06-04/simulation/apply/_run_records/TASK_RUN_2026-05-10_2235_dependency-extract-refresh.md
a8b07f0241bcdf7febbb8e08f211c9ab765144539adf1869185c59df50a553c4	1686	children/AUTHOR-B1/members/DEL-06-04/simulation/apply/_run_records/TASK_RUN_2026-06-04_authority-refresh-0.7-dag006_DEL-06-04.md
b35fbb2747520c09cf3303ebecd0276cea5807a111a9369e4e4aeed18da9fb37	3828	children/AUTHOR-B1/members/DEL-06-04/simulation/apply/_run_records/TASK_RUN_2026-06-05_2159.md
c7d6a937f895a1051e7f04dac878c16c308844d277e039962b0e6193ffd175d8	2739	children/AUTHOR-B1/members/DEL-06-04/simulation/apply/_run_records/TASK_RUN_2026-06-16_2359_dependency-semantic-refresh.md
089a598367d40ccc3129724560074db8ca4a0fa49010af1518afc046e2a63cc7	6489	children/AUTHOR-B1/members/DEL-06-04/simulation/apply/_run_records/WORKING_ITEMS_RUN_2026-06-12_TP-C2-RPLIFE-001.md
134527bdd4df36df37cdc45a8912e4b69f32e0f3823d89103d96822edc228571	488	children/AUTHOR-B1/members/DEL-06-04/simulation/apply/_run_records/WORKING_ITEMS_RUN_2026-07-12_D41-R5-T2-PDU044-HOLD.md
9b19ba9d340f73c3099c8b04af6dc9179b44afcd4ca57df3285eefc98a05e7c5	1064	children/AUTHOR-B1/members/DEL-06-04/simulation/apply/_run_records/WORKING_ITEMS_RUN_2026-07-12_D41-R5-T3-PDU018-PDU028.md
5da9aad314a838ec161c143e1cd9a991d2d7aa27c8e7a1568af81957546fee27	1102	children/AUTHOR-B1/members/DEL-06-04/simulation/apply/_run_records/WORKING_ITEMS_RUN_2026-07-12_D41-R5-T4-PDU012-PDU021-PDU022-PDU040.md
0d04e2a5c940c58e08af3c7d30e019b15c0a5fb879cfd2078f542b93dd93f23e	1129	children/AUTHOR-B1/members/DEL-06-04/simulation/apply/_run_records/WORKING_ITEMS_RUN_2026-07-12_D41-R5-T7-PDU054.md
842823f33ec11a9d374ba92c12698ffca75571735b6ddcec550c5f8430908a80	5372	children/AUTHOR-B1/members/DEL-06-04/simulation/rollback/Datasheet.md
b7c9b41d279aa464e0708f4e7a14056c463b209d8799727fab2966a131c46e32	27729	children/AUTHOR-B1/members/DEL-06-04/simulation/rollback/Dependencies.csv
b1ec2b1a528bf1cf3067e89863510023d4ffcb66b10dccb5c07da2739b627f1a	4672	children/AUTHOR-B1/members/DEL-06-04/simulation/rollback/Guidance.md
9ad19bcc9cf144a2f1d5474eea15e5f4c851603bd4dad56153c5065da3c8cbc0	10833	children/AUTHOR-B1/members/DEL-06-04/simulation/rollback/MEMORY.md
2bea57ed01c01bba5d4287c981ff61e7dd80ae2c7b50b49715528837e81dcc42	4634	children/AUTHOR-B1/members/DEL-06-04/simulation/rollback/Procedure.md
0efb8349cfb8a132f595e74cb6f43331a2d1d1b0b925d103554abee9dc0b634b	1131	children/AUTHOR-B1/members/DEL-06-04/simulation/rollback/Review_Findings.csv
f6b9a72bada7c31fd13c456eee0e868ffe131df2ddf8d09328a20e1a30286bf5	6626	children/AUTHOR-B1/members/DEL-06-04/simulation/rollback/Specification.md
d9377be99a91d63103ce5f0a929f37e261e148f7356d8a1b5160bc8581b990a2	3038	children/AUTHOR-B1/members/DEL-06-04/simulation/rollback/_CONTEXT.md
0d16954e516102a951696a215f054c9938c7ddaf01ad56bd53d4200dadf15bff	4827	children/AUTHOR-B1/members/DEL-06-04/simulation/rollback/_DEPENDENCIES.md
8cb63cc330477c4dffdf395fdc2f6995dfa904c9f8aa29e8998e8e8de268bc11	1376	children/AUTHOR-B1/members/DEL-06-04/simulation/rollback/_REFERENCES.md
0e62bf4cf3f434224a1a0e741fb0a072ab7f7a51a15a82c5ee7db713c7db9219	3176	children/AUTHOR-B1/members/DEL-06-04/simulation/rollback/_REVIEW.md
43e0af0524740c8a4b6c9655e7d98a8b9fec8d404783fa5a4b8f2a3b4dddbfbc	26334	children/AUTHOR-B1/members/DEL-06-04/simulation/rollback/_SEMANTIC.md
8615305cc68c916d19bac7da04223b6bf9389f48fec7b07edbaeb24321227822	18807	children/AUTHOR-B1/members/DEL-06-04/simulation/rollback/_SEMANTIC_LENSING.md
9b883a4ba4217c4b68e30375f2afad40b317eb7d56af46d433cfc2ac5e4ce2c6	3511	children/AUTHOR-B1/members/DEL-06-04/simulation/rollback/_STATUS.md
11bba83e30e46dd8e7a526d6c3e74472c94f6ce54bf1b1d35e222d5f89754d3d	1359	children/AUTHOR-B1/members/DEL-06-04/simulation/rollback/_run_records/TASK_RUN_2026-04-30_DEL-06-04_dependency-extract.md
9b6d8b0b59cf3a66bb23f198076a2e19da3280e8c44982f9e333798a28fb64fc	1479	children/AUTHOR-B1/members/DEL-06-04/simulation/rollback/_run_records/TASK_RUN_2026-04-30_DEL-06-04_four-documents-p1-p2.md
e631b1885d6a5860c609799594a802f49a80e81d44486a6ee7edadf2f56397e5	1306	children/AUTHOR-B1/members/DEL-06-04/simulation/rollback/_run_records/TASK_RUN_2026-04-30_DEL-06-04_four-documents-p3.md
feaf2115f47e441d5b1f32d217ec51e4b704e59b78ebba249fc0f52429747c5b	1128	children/AUTHOR-B1/members/DEL-06-04/simulation/rollback/_run_records/TASK_RUN_2026-04-30_DEL-06-04_lens-register.md
9f64f30adc1835d440669a3daf4cfd76c98f6379625a8891254c8a62b6de314b	1157	children/AUTHOR-B1/members/DEL-06-04/simulation/rollback/_run_records/TASK_RUN_2026-04-30_DEL-06-04_semantic-matrix-build.md
5a8b7fea59fae3f8593abc3a526c6b6dd68a8bf3d1193e82e7d687896211ce19	2729	children/AUTHOR-B1/members/DEL-06-04/simulation/rollback/_run_records/TASK_RUN_2026-05-10_2235_dependency-extract-refresh.md
a8b07f0241bcdf7febbb8e08f211c9ab765144539adf1869185c59df50a553c4	1686	children/AUTHOR-B1/members/DEL-06-04/simulation/rollback/_run_records/TASK_RUN_2026-06-04_authority-refresh-0.7-dag006_DEL-06-04.md
b35fbb2747520c09cf3303ebecd0276cea5807a111a9369e4e4aeed18da9fb37	3828	children/AUTHOR-B1/members/DEL-06-04/simulation/rollback/_run_records/TASK_RUN_2026-06-05_2159.md
c7d6a937f895a1051e7f04dac878c16c308844d277e039962b0e6193ffd175d8	2739	children/AUTHOR-B1/members/DEL-06-04/simulation/rollback/_run_records/TASK_RUN_2026-06-16_2359_dependency-semantic-refresh.md
089a598367d40ccc3129724560074db8ca4a0fa49010af1518afc046e2a63cc7	6489	children/AUTHOR-B1/members/DEL-06-04/simulation/rollback/_run_records/WORKING_ITEMS_RUN_2026-06-12_TP-C2-RPLIFE-001.md
134527bdd4df36df37cdc45a8912e4b69f32e0f3823d89103d96822edc228571	488	children/AUTHOR-B1/members/DEL-06-04/simulation/rollback/_run_records/WORKING_ITEMS_RUN_2026-07-12_D41-R5-T2-PDU044-HOLD.md
9b19ba9d340f73c3099c8b04af6dc9179b44afcd4ca57df3285eefc98a05e7c5	1064	children/AUTHOR-B1/members/DEL-06-04/simulation/rollback/_run_records/WORKING_ITEMS_RUN_2026-07-12_D41-R5-T3-PDU018-PDU028.md
5da9aad314a838ec161c143e1cd9a991d2d7aa27c8e7a1568af81957546fee27	1102	children/AUTHOR-B1/members/DEL-06-04/simulation/rollback/_run_records/WORKING_ITEMS_RUN_2026-07-12_D41-R5-T4-PDU012-PDU021-PDU022-PDU040.md
0d04e2a5c940c58e08af3c7d30e019b15c0a5fb879cfd2078f542b93dd93f23e	1129	children/AUTHOR-B1/members/DEL-06-04/simulation/rollback/_run_records/WORKING_ITEMS_RUN_2026-07-12_D41-R5-T7-PDU054.md
413fedd148b4d68a4ba460f36dc04786c4ae28f1272e385dd4ee901d45ea597a	285	children/AUTHOR-B1/members/DEL-06-04/simulation-apply-validation.json
e3b0c44298fc1c149afbf4c8996fb92427ae41e4649b934ca495991b7852b855	0	children/AUTHOR-B1/members/DEL-06-04/simulation-apply-validation.stderr
333c8d9d7fb4505f161c18663b45b1334387515386f5d736fa7725cd88c850b1	273	children/AUTHOR-B1/members/DEL-06-04/validation-authorized-dual.json
e3b0c44298fc1c149afbf4c8996fb92427ae41e4649b934ca495991b7852b855	0	children/AUTHOR-B1/members/DEL-06-04/validation-authorized-dual.stderr
ea3b1c01a5c2bdc61a1d3fc86a09cdebf35dc83bf1d473e6b9e28aedb9376db7	251	children/AUTHOR-B1/members/DEL-06-04/validation-sow-v1.json
e3b0c44298fc1c149afbf4c8996fb92427ae41e4649b934ca495991b7852b855	0	children/AUTHOR-B1/members/DEL-06-04/validation-sow-v1.stderr
842823f33ec11a9d374ba92c12698ffca75571735b6ddcec550c5f8430908a80	5372	children/AUTHOR-B1/members/DEL-06-04/workspace-a/Datasheet.md
b7c9b41d279aa464e0708f4e7a14056c463b209d8799727fab2966a131c46e32	27729	children/AUTHOR-B1/members/DEL-06-04/workspace-a/Dependencies.csv
b1ec2b1a528bf1cf3067e89863510023d4ffcb66b10dccb5c07da2739b627f1a	4672	children/AUTHOR-B1/members/DEL-06-04/workspace-a/Guidance.md
9ad19bcc9cf144a2f1d5474eea15e5f4c851603bd4dad56153c5065da3c8cbc0	10833	children/AUTHOR-B1/members/DEL-06-04/workspace-a/MEMORY.md
2bea57ed01c01bba5d4287c981ff61e7dd80ae2c7b50b49715528837e81dcc42	4634	children/AUTHOR-B1/members/DEL-06-04/workspace-a/Procedure.md
0efb8349cfb8a132f595e74cb6f43331a2d1d1b0b925d103554abee9dc0b634b	1131	children/AUTHOR-B1/members/DEL-06-04/workspace-a/Review_Findings.csv
1c6755846908ffde2c2e07ee103ad6a141e3e6f6c732652c30481601314b110f	31129	children/AUTHOR-B1/members/DEL-06-04/workspace-a/ScopeOfWork.md
f6b9a72bada7c31fd13c456eee0e868ffe131df2ddf8d09328a20e1a30286bf5	6626	children/AUTHOR-B1/members/DEL-06-04/workspace-a/Specification.md
d9377be99a91d63103ce5f0a929f37e261e148f7356d8a1b5160bc8581b990a2	3038	children/AUTHOR-B1/members/DEL-06-04/workspace-a/_CONTEXT.md
0d16954e516102a951696a215f054c9938c7ddaf01ad56bd53d4200dadf15bff	4827	children/AUTHOR-B1/members/DEL-06-04/workspace-a/_DEPENDENCIES.md
8cb63cc330477c4dffdf395fdc2f6995dfa904c9f8aa29e8998e8e8de268bc11	1376	children/AUTHOR-B1/members/DEL-06-04/workspace-a/_REFERENCES.md
0e62bf4cf3f434224a1a0e741fb0a072ab7f7a51a15a82c5ee7db713c7db9219	3176	children/AUTHOR-B1/members/DEL-06-04/workspace-a/_REVIEW.md
43e0af0524740c8a4b6c9655e7d98a8b9fec8d404783fa5a4b8f2a3b4dddbfbc	26334	children/AUTHOR-B1/members/DEL-06-04/workspace-a/_SEMANTIC.md
8615305cc68c916d19bac7da04223b6bf9389f48fec7b07edbaeb24321227822	18807	children/AUTHOR-B1/members/DEL-06-04/workspace-a/_SEMANTIC_LENSING.md
9b883a4ba4217c4b68e30375f2afad40b317eb7d56af46d433cfc2ac5e4ce2c6	3511	children/AUTHOR-B1/members/DEL-06-04/workspace-a/_STATUS.md
11bba83e30e46dd8e7a526d6c3e74472c94f6ce54bf1b1d35e222d5f89754d3d	1359	children/AUTHOR-B1/members/DEL-06-04/workspace-a/_run_records/TASK_RUN_2026-04-30_DEL-06-04_dependency-extract.md
9b6d8b0b59cf3a66bb23f198076a2e19da3280e8c44982f9e333798a28fb64fc	1479	children/AUTHOR-B1/members/DEL-06-04/workspace-a/_run_records/TASK_RUN_2026-04-30_DEL-06-04_four-documents-p1-p2.md
e631b1885d6a5860c609799594a802f49a80e81d44486a6ee7edadf2f56397e5	1306	children/AUTHOR-B1/members/DEL-06-04/workspace-a/_run_records/TASK_RUN_2026-04-30_DEL-06-04_four-documents-p3.md
feaf2115f47e441d5b1f32d217ec51e4b704e59b78ebba249fc0f52429747c5b	1128	children/AUTHOR-B1/members/DEL-06-04/workspace-a/_run_records/TASK_RUN_2026-04-30_DEL-06-04_lens-register.md
9f64f30adc1835d440669a3daf4cfd76c98f6379625a8891254c8a62b6de314b	1157	children/AUTHOR-B1/members/DEL-06-04/workspace-a/_run_records/TASK_RUN_2026-04-30_DEL-06-04_semantic-matrix-build.md
5a8b7fea59fae3f8593abc3a526c6b6dd68a8bf3d1193e82e7d687896211ce19	2729	children/AUTHOR-B1/members/DEL-06-04/workspace-a/_run_records/TASK_RUN_2026-05-10_2235_dependency-extract-refresh.md
a8b07f0241bcdf7febbb8e08f211c9ab765144539adf1869185c59df50a553c4	1686	children/AUTHOR-B1/members/DEL-06-04/workspace-a/_run_records/TASK_RUN_2026-06-04_authority-refresh-0.7-dag006_DEL-06-04.md
b35fbb2747520c09cf3303ebecd0276cea5807a111a9369e4e4aeed18da9fb37	3828	children/AUTHOR-B1/members/DEL-06-04/workspace-a/_run_records/TASK_RUN_2026-06-05_2159.md
c7d6a937f895a1051e7f04dac878c16c308844d277e039962b0e6193ffd175d8	2739	children/AUTHOR-B1/members/DEL-06-04/workspace-a/_run_records/TASK_RUN_2026-06-16_2359_dependency-semantic-refresh.md
089a598367d40ccc3129724560074db8ca4a0fa49010af1518afc046e2a63cc7	6489	children/AUTHOR-B1/members/DEL-06-04/workspace-a/_run_records/WORKING_ITEMS_RUN_2026-06-12_TP-C2-RPLIFE-001.md
134527bdd4df36df37cdc45a8912e4b69f32e0f3823d89103d96822edc228571	488	children/AUTHOR-B1/members/DEL-06-04/workspace-a/_run_records/WORKING_ITEMS_RUN_2026-07-12_D41-R5-T2-PDU044-HOLD.md
9b19ba9d340f73c3099c8b04af6dc9179b44afcd4ca57df3285eefc98a05e7c5	1064	children/AUTHOR-B1/members/DEL-06-04/workspace-a/_run_records/WORKING_ITEMS_RUN_2026-07-12_D41-R5-T3-PDU018-PDU028.md
5da9aad314a838ec161c143e1cd9a991d2d7aa27c8e7a1568af81957546fee27	1102	children/AUTHOR-B1/members/DEL-06-04/workspace-a/_run_records/WORKING_ITEMS_RUN_2026-07-12_D41-R5-T4-PDU012-PDU021-PDU022-PDU040.md
0d04e2a5c940c58e08af3c7d30e019b15c0a5fb879cfd2078f542b93dd93f23e	1129	children/AUTHOR-B1/members/DEL-06-04/workspace-a/_run_records/WORKING_ITEMS_RUN_2026-07-12_D41-R5-T7-PDU054.md
842823f33ec11a9d374ba92c12698ffca75571735b6ddcec550c5f8430908a80	5372	children/AUTHOR-B1/members/DEL-06-04/workspace-b/Datasheet.md
b7c9b41d279aa464e0708f4e7a14056c463b209d8799727fab2966a131c46e32	27729	children/AUTHOR-B1/members/DEL-06-04/workspace-b/Dependencies.csv
b1ec2b1a528bf1cf3067e89863510023d4ffcb66b10dccb5c07da2739b627f1a	4672	children/AUTHOR-B1/members/DEL-06-04/workspace-b/Guidance.md
9ad19bcc9cf144a2f1d5474eea15e5f4c851603bd4dad56153c5065da3c8cbc0	10833	children/AUTHOR-B1/members/DEL-06-04/workspace-b/MEMORY.md
2bea57ed01c01bba5d4287c981ff61e7dd80ae2c7b50b49715528837e81dcc42	4634	children/AUTHOR-B1/members/DEL-06-04/workspace-b/Procedure.md
0efb8349cfb8a132f595e74cb6f43331a2d1d1b0b925d103554abee9dc0b634b	1131	children/AUTHOR-B1/members/DEL-06-04/workspace-b/Review_Findings.csv
1c6755846908ffde2c2e07ee103ad6a141e3e6f6c732652c30481601314b110f	31129	children/AUTHOR-B1/members/DEL-06-04/workspace-b/ScopeOfWork.md
f6b9a72bada7c31fd13c456eee0e868ffe131df2ddf8d09328a20e1a30286bf5	6626	children/AUTHOR-B1/members/DEL-06-04/workspace-b/Specification.md
d9377be99a91d63103ce5f0a929f37e261e148f7356d8a1b5160bc8581b990a2	3038	children/AUTHOR-B1/members/DEL-06-04/workspace-b/_CONTEXT.md
0d16954e516102a951696a215f054c9938c7ddaf01ad56bd53d4200dadf15bff	4827	children/AUTHOR-B1/members/DEL-06-04/workspace-b/_DEPENDENCIES.md
8cb63cc330477c4dffdf395fdc2f6995dfa904c9f8aa29e8998e8e8de268bc11	1376	children/AUTHOR-B1/members/DEL-06-04/workspace-b/_REFERENCES.md
0e62bf4cf3f434224a1a0e741fb0a072ab7f7a51a15a82c5ee7db713c7db9219	3176	children/AUTHOR-B1/members/DEL-06-04/workspace-b/_REVIEW.md
43e0af0524740c8a4b6c9655e7d98a8b9fec8d404783fa5a4b8f2a3b4dddbfbc	26334	children/AUTHOR-B1/members/DEL-06-04/workspace-b/_SEMANTIC.md
8615305cc68c916d19bac7da04223b6bf9389f48fec7b07edbaeb24321227822	18807	children/AUTHOR-B1/members/DEL-06-04/workspace-b/_SEMANTIC_LENSING.md
9b883a4ba4217c4b68e30375f2afad40b317eb7d56af46d433cfc2ac5e4ce2c6	3511	children/AUTHOR-B1/members/DEL-06-04/workspace-b/_STATUS.md
11bba83e30e46dd8e7a526d6c3e74472c94f6ce54bf1b1d35e222d5f89754d3d	1359	children/AUTHOR-B1/members/DEL-06-04/workspace-b/_run_records/TASK_RUN_2026-04-30_DEL-06-04_dependency-extract.md
9b6d8b0b59cf3a66bb23f198076a2e19da3280e8c44982f9e333798a28fb64fc	1479	children/AUTHOR-B1/members/DEL-06-04/workspace-b/_run_records/TASK_RUN_2026-04-30_DEL-06-04_four-documents-p1-p2.md
e631b1885d6a5860c609799594a802f49a80e81d44486a6ee7edadf2f56397e5	1306	children/AUTHOR-B1/members/DEL-06-04/workspace-b/_run_records/TASK_RUN_2026-04-30_DEL-06-04_four-documents-p3.md
feaf2115f47e441d5b1f32d217ec51e4b704e59b78ebba249fc0f52429747c5b	1128	children/AUTHOR-B1/members/DEL-06-04/workspace-b/_run_records/TASK_RUN_2026-04-30_DEL-06-04_lens-register.md
9f64f30adc1835d440669a3daf4cfd76c98f6379625a8891254c8a62b6de314b	1157	children/AUTHOR-B1/members/DEL-06-04/workspace-b/_run_records/TASK_RUN_2026-04-30_DEL-06-04_semantic-matrix-build.md
5a8b7fea59fae3f8593abc3a526c6b6dd68a8bf3d1193e82e7d687896211ce19	2729	children/AUTHOR-B1/members/DEL-06-04/workspace-b/_run_records/TASK_RUN_2026-05-10_2235_dependency-extract-refresh.md
a8b07f0241bcdf7febbb8e08f211c9ab765144539adf1869185c59df50a553c4	1686	children/AUTHOR-B1/members/DEL-06-04/workspace-b/_run_records/TASK_RUN_2026-06-04_authority-refresh-0.7-dag006_DEL-06-04.md
b35fbb2747520c09cf3303ebecd0276cea5807a111a9369e4e4aeed18da9fb37	3828	children/AUTHOR-B1/members/DEL-06-04/workspace-b/_run_records/TASK_RUN_2026-06-05_2159.md
c7d6a937f895a1051e7f04dac878c16c308844d277e039962b0e6193ffd175d8	2739	children/AUTHOR-B1/members/DEL-06-04/workspace-b/_run_records/TASK_RUN_2026-06-16_2359_dependency-semantic-refresh.md
089a598367d40ccc3129724560074db8ca4a0fa49010af1518afc046e2a63cc7	6489	children/AUTHOR-B1/members/DEL-06-04/workspace-b/_run_records/WORKING_ITEMS_RUN_2026-06-12_TP-C2-RPLIFE-001.md
134527bdd4df36df37cdc45a8912e4b69f32e0f3823d89103d96822edc228571	488	children/AUTHOR-B1/members/DEL-06-04/workspace-b/_run_records/WORKING_ITEMS_RUN_2026-07-12_D41-R5-T2-PDU044-HOLD.md
9b19ba9d340f73c3099c8b04af6dc9179b44afcd4ca57df3285eefc98a05e7c5	1064	children/AUTHOR-B1/members/DEL-06-04/workspace-b/_run_records/WORKING_ITEMS_RUN_2026-07-12_D41-R5-T3-PDU018-PDU028.md
5da9aad314a838ec161c143e1cd9a991d2d7aa27c8e7a1568af81957546fee27	1102	children/AUTHOR-B1/members/DEL-06-04/workspace-b/_run_records/WORKING_ITEMS_RUN_2026-07-12_D41-R5-T4-PDU012-PDU021-PDU022-PDU040.md
0d04e2a5c940c58e08af3c7d30e019b15c0a5fb879cfd2078f542b93dd93f23e	1129	children/AUTHOR-B1/members/DEL-06-04/workspace-b/_run_records/WORKING_ITEMS_RUN_2026-07-12_D41-R5-T7-PDU054.md
2a03f7e3e56dc9cd22ecc2aa2a08102585891b53be457729feb20d5834479855	626	children/AUTHOR-B1/members/DEL-06-05/DERIVATIVE_DETERMINISM.tsv
289d6a5f6508b5f0f956abfe490cce10fefe4d01c2d34e91cbadc0dbe7898897	506	children/AUTHOR-B1/members/DEL-06-05/DETERMINISM.tsv
33568a055f253022e3cdc9c61e99302b96e2f4349d70915c01be78b71baef305	1171	children/AUTHOR-B1/members/DEL-06-05/FROZEN_ROW.tsv
17c31550bb0d25d8933fe544d6c614c72d3abf01b8d8b1f5f4ad58ddfed90431	935	children/AUTHOR-B1/members/DEL-06-05/IMMUTABLE_LITERAL_AND_CONTEXT_REVIEW.md
508ab1dc28b355bf93bda5587907e7cec85d4d41d0b00ecc8d79c311305e00ad	842	children/AUTHOR-B1/members/DEL-06-05/MEMBER_SUMMARY.md
26cdfade9985bba7dc8e028f9203203ca29426c7cbb74b47883f3a45ec67e9df	1657	children/AUTHOR-B1/members/DEL-06-05/SOURCE_HASHES.tsv
47f6a6070102e84cbbd5376e0dadd73bf26a92d3d7cfe277ab1f2bf518f819fa	1696	children/AUTHOR-B1/members/DEL-06-05/checklist-a.json
e3b0c44298fc1c149afbf4c8996fb92427ae41e4649b934ca495991b7852b855	0	children/AUTHOR-B1/members/DEL-06-05/checklist-a.stderr
e3b0c44298fc1c149afbf4c8996fb92427ae41e4649b934ca495991b7852b855	0	children/AUTHOR-B1/members/DEL-06-05/checklist-a.stdout
47f6a6070102e84cbbd5376e0dadd73bf26a92d3d7cfe277ab1f2bf518f819fa	1696	children/AUTHOR-B1/members/DEL-06-05/checklist-b.json
e3b0c44298fc1c149afbf4c8996fb92427ae41e4649b934ca495991b7852b855	0	children/AUTHOR-B1/members/DEL-06-05/checklist-b.stderr
e3b0c44298fc1c149afbf4c8996fb92427ae41e4649b934ca495991b7852b855	0	children/AUTHOR-B1/members/DEL-06-05/checklist-b.stdout
6cb709b6e56cffd56a659c6613b57cb3dc432e3c9d2c15be12b7b0cd7fc4244f	4939	children/AUTHOR-B1/members/DEL-06-05/claim-map-a.csv
e3b0c44298fc1c149afbf4c8996fb92427ae41e4649b934ca495991b7852b855	0	children/AUTHOR-B1/members/DEL-06-05/claim-map-a.stderr
58c079a447c55e939d48f55d7b9d8fd9c521c19e5b8ec4bd5b0840d34149052c	216	children/AUTHOR-B1/members/DEL-06-05/claim-map-a.stdout
6cb709b6e56cffd56a659c6613b57cb3dc432e3c9d2c15be12b7b0cd7fc4244f	4939	children/AUTHOR-B1/members/DEL-06-05/claim-map-b.csv
e3b0c44298fc1c149afbf4c8996fb92427ae41e4649b934ca495991b7852b855	0	children/AUTHOR-B1/members/DEL-06-05/claim-map-b.stderr
de6c732fa136feffe1a6cbdc29ea6e9c6c10ced3de5ece552cea1ee7f28224bb	216	children/AUTHOR-B1/members/DEL-06-05/claim-map-b.stdout
e3b0c44298fc1c149afbf4c8996fb92427ae41e4649b934ca495991b7852b855	0	children/AUTHOR-B1/members/DEL-06-05/clean-residue.scan
e3b0c44298fc1c149afbf4c8996fb92427ae41e4649b934ca495991b7852b855	0	children/AUTHOR-B1/members/DEL-06-05/conversion-a.stderr
3d06dfbe5b000dca8f6bbc4c2760041c34c37205df11c52c2676dc776ea82776	207	children/AUTHOR-B1/members/DEL-06-05/conversion-a.stdout
e3b0c44298fc1c149afbf4c8996fb92427ae41e4649b934ca495991b7852b855	0	children/AUTHOR-B1/members/DEL-06-05/conversion-b.stderr
b7cb81cf2177622d8ee86e523139c61babe7d89bcc0bffcd7c19df773cda3d26	207	children/AUTHOR-B1/members/DEL-06-05/conversion-b.stdout
3b05da1fc58d3bb2023ca707ff7325ca390f8c6106765bec8e22c9f17a14aad8	23698	children/AUTHOR-B1/members/DEL-06-05/final-a/ScopeOfWork.md
a15d3c97cf01040d25c0201fdf0d79f8baaa9472ffe54f4fa501b92bf1f6daaa	10380	children/AUTHOR-B1/members/DEL-06-05/final-a/report.json
3b05da1fc58d3bb2023ca707ff7325ca390f8c6106765bec8e22c9f17a14aad8	23698	children/AUTHOR-B1/members/DEL-06-05/final-b/ScopeOfWork.md
a15d3c97cf01040d25c0201fdf0d79f8baaa9472ffe54f4fa501b92bf1f6daaa	10380	children/AUTHOR-B1/members/DEL-06-05/final-b/report.json
e3b0c44298fc1c149afbf4c8996fb92427ae41e4649b934ca495991b7852b855	0	children/AUTHOR-B1/members/DEL-06-05/finalization-a.stderr
d7d2de82bc212186989241b265cc5b3a89b0c243d9a905b111bd5df88d979510	225	children/AUTHOR-B1/members/DEL-06-05/finalization-a.stdout
e3b0c44298fc1c149afbf4c8996fb92427ae41e4649b934ca495991b7852b855	0	children/AUTHOR-B1/members/DEL-06-05/finalization-b.stderr
e4a7ffff79f245975106d672a77651cb25f4b2df5ab6257705f9a6972b42b8bc	225	children/AUTHOR-B1/members/DEL-06-05/finalization-b.stdout
51f2bd9f7f565134ce0427814065c816c606b90f6c03369a3ac53df46d9ff275	23706	children/AUTHOR-B1/members/DEL-06-05/mutated-production/ScopeOfWork.md
4355a46b19d348dc2f57c046f8ef63d4538ebb936000f3c9ee954a27460dd865	2	children/AUTHOR-B1/members/DEL-06-05/negative-ambiguous-checklist.exit
b37a0cca9858c0352661b65d064e00020bbe562dbdaab6454812cd6c24f7dd2c	167	children/AUTHOR-B1/members/DEL-06-05/negative-ambiguous-checklist.stderr
e3b0c44298fc1c149afbf4c8996fb92427ae41e4649b934ca495991b7852b855	0	children/AUTHOR-B1/members/DEL-06-05/negative-ambiguous-checklist.stdout
4355a46b19d348dc2f57c046f8ef63d4538ebb936000f3c9ee954a27460dd865	2	children/AUTHOR-B1/members/DEL-06-05/negative-evidence-render.exit
cb0da27c60dce6b4cbcfd06282c5b6f1266cc686411a099c3c2ce0fa13f2bc8d	129	children/AUTHOR-B1/members/DEL-06-05/negative-evidence-render.stderr
e3b0c44298fc1c149afbf4c8996fb92427ae41e4649b934ca495991b7852b855	0	children/AUTHOR-B1/members/DEL-06-05/negative-evidence-render.stdout
4355a46b19d348dc2f57c046f8ef63d4538ebb936000f3c9ee954a27460dd865	2	children/AUTHOR-B1/members/DEL-06-05/negative-mutated-map.exit
508e4cba64abbcf0b6795d7878007071f478f6346c8328a87ab00f3b4203657f	97	children/AUTHOR-B1/members/DEL-06-05/negative-mutated-map.stderr
e3b0c44298fc1c149afbf4c8996fb92427ae41e4649b934ca495991b7852b855	0	children/AUTHOR-B1/members/DEL-06-05/negative-mutated-map.stdout
4355a46b19d348dc2f57c046f8ef63d4538ebb936000f3c9ee954a27460dd865	2	children/AUTHOR-B1/members/DEL-06-05/negative-mutated-parity.exit
e7e057107dbac577355a7cdac447b878f43ee6e504860c5987f354e22365172c	6706	children/AUTHOR-B1/members/DEL-06-05/negative-mutated-parity.json
e3b0c44298fc1c149afbf4c8996fb92427ae41e4649b934ca495991b7852b855	0	children/AUTHOR-B1/members/DEL-06-05/negative-mutated-parity.stderr
1cb31b8489d6d0bb14ef4d25a9462682d623c634ff95a081af0535246f481b23	15	children/AUTHOR-B1/members/DEL-06-05/negative-mutated-parity.stdout
4067b772f14c67aca22c8d6a01c682b11092dd8a97babb6fb4f79e9aa81912e3	5262	children/AUTHOR-B1/members/DEL-06-05/negative-partial/Datasheet.md
a1c1a4687b872db04c3912dcd18be913b682a49a6e3a1ecf814cf6eb0559b206	2213	children/AUTHOR-B1/members/DEL-06-05/negative-partial/_STATUS.md
4355a46b19d348dc2f57c046f8ef63d4538ebb936000f3c9ee954a27460dd865	2	children/AUTHOR-B1/members/DEL-06-05/negative-partial-validation.exit
e3b0c44298fc1c149afbf4c8996fb92427ae41e4649b934ca495991b7852b855	0	children/AUTHOR-B1/members/DEL-06-05/negative-partial-validation.stderr
f8a4631299c429cb0e0d1a7d8eade3a48a9b9bd22ee8075f56623fa405ff72ba	396	children/AUTHOR-B1/members/DEL-06-05/negative-partial-validation.stdout
4355a46b19d348dc2f57c046f8ef63d4538ebb936000f3c9ee954a27460dd865	2	children/AUTHOR-B1/members/DEL-06-05/negative-unauthorized-checklist.exit
72fbdb46d4b55ceeac9cb009dbd09cf92cf5cd08ccb47758238c60f426fecfc6	249	children/AUTHOR-B1/members/DEL-06-05/negative-unauthorized-checklist.stderr
e3b0c44298fc1c149afbf4c8996fb92427ae41e4649b934ca495991b7852b855	0	children/AUTHOR-B1/members/DEL-06-05/negative-unauthorized-checklist.stdout
4355a46b19d348dc2f57c046f8ef63d4538ebb936000f3c9ee954a27460dd865	2	children/AUTHOR-B1/members/DEL-06-05/negative-unauthorized-dual.exit
e3b0c44298fc1c149afbf4c8996fb92427ae41e4649b934ca495991b7852b855	0	children/AUTHOR-B1/members/DEL-06-05/negative-unauthorized-dual.stderr
d7cc979ed6052de9b61d567000d058e3162eb789c43c4c75b365aa4d27b34766	406	children/AUTHOR-B1/members/DEL-06-05/negative-unauthorized-dual.stdout
295018ac6cb9972062b655c6977aac1857dabad20ac99b4a57392e88a2854e38	6544	children/AUTHOR-B1/members/DEL-06-05/parity-a.json
3ec5d7df39eca2c9575c3c60d332186b866564142086d5c3b71b78c71d25dad8	291	children/AUTHOR-B1/members/DEL-06-05/parity-a.md
e3b0c44298fc1c149afbf4c8996fb92427ae41e4649b934ca495991b7852b855	0	children/AUTHOR-B1/members/DEL-06-05/parity-a.stderr
f6333522230dca274955d26bfaf6476e440792229289e463a1cf5b076bc6e705	15	children/AUTHOR-B1/members/DEL-06-05/parity-a.stdout
295018ac6cb9972062b655c6977aac1857dabad20ac99b4a57392e88a2854e38	6544	children/AUTHOR-B1/members/DEL-06-05/parity-b.json
3ec5d7df39eca2c9575c3c60d332186b866564142086d5c3b71b78c71d25dad8	291	children/AUTHOR-B1/members/DEL-06-05/parity-b.md
e3b0c44298fc1c149afbf4c8996fb92427ae41e4649b934ca495991b7852b855	0	children/AUTHOR-B1/members/DEL-06-05/parity-b.stderr
f6333522230dca274955d26bfaf6476e440792229289e463a1cf5b076bc6e705	15	children/AUTHOR-B1/members/DEL-06-05/parity-b.stdout
3c6b971ccc316ece39d9831551d345d8b925fa7f512f692d94aa9ad1a90a35bc	31532	children/AUTHOR-B1/members/DEL-06-05/render-a.html
e3b0c44298fc1c149afbf4c8996fb92427ae41e4649b934ca495991b7852b855	0	children/AUTHOR-B1/members/DEL-06-05/render-a.stderr
e3b0c44298fc1c149afbf4c8996fb92427ae41e4649b934ca495991b7852b855	0	children/AUTHOR-B1/members/DEL-06-05/render-a.stdout
3c6b971ccc316ece39d9831551d345d8b925fa7f512f692d94aa9ad1a90a35bc	31532	children/AUTHOR-B1/members/DEL-06-05/render-b.html
e3b0c44298fc1c149afbf4c8996fb92427ae41e4649b934ca495991b7852b855	0	children/AUTHOR-B1/members/DEL-06-05/render-b.stderr
e3b0c44298fc1c149afbf4c8996fb92427ae41e4649b934ca495991b7852b855	0	children/AUTHOR-B1/members/DEL-06-05/render-b.stdout
e3b0c44298fc1c149afbf4c8996fb92427ae41e4649b934ca495991b7852b855	0	children/AUTHOR-B1/members/DEL-06-05/render-forbidden.scan
18c22c6565a348a9bb0cd3ccff7635b2f698440eefd1d81af01551fc1ab0e7f5	22516	children/AUTHOR-B1/members/DEL-06-05/simulation/apply/Dependencies.csv
7c7daf0ff1da32622361547de50aff9a669d57ec803a793840e097505c73426c	8782	children/AUTHOR-B1/members/DEL-06-05/simulation/apply/MEMORY.md
704c11a5495359019ce3f7f5071628514f4e472ac2f95326dfd1a45387e2d7d3	1273	children/AUTHOR-B1/members/DEL-06-05/simulation/apply/Review_Findings.csv
3b05da1fc58d3bb2023ca707ff7325ca390f8c6106765bec8e22c9f17a14aad8	23698	children/AUTHOR-B1/members/DEL-06-05/simulation/apply/ScopeOfWork.md
f179d097e485ccdc4aed01928e3b2291122f96c4f1ffa4e69d7eb39d45379829	2978	children/AUTHOR-B1/members/DEL-06-05/simulation/apply/_CONTEXT.md
768bf0d7b3cf771183aa00ed20e7489bfaa3fcd7fd16127781e10e656b0a96a8	4701	children/AUTHOR-B1/members/DEL-06-05/simulation/apply/_DEPENDENCIES.md
50fdd68cb34bbbe8acf3da24b972601e120ae8f9377b0dd57f04f2969ffd5eb6	1362	children/AUTHOR-B1/members/DEL-06-05/simulation/apply/_REFERENCES.md
1d7bc42806aac992b03294f7d6928e9f9c52d60153e42f08fa7b8813aeaac39a	3247	children/AUTHOR-B1/members/DEL-06-05/simulation/apply/_REVIEW.md
13e848b5f12b30433bcd341dc368ccd7f859d53bd961795dc8c0f9b06408fad4	40906	children/AUTHOR-B1/members/DEL-06-05/simulation/apply/_SEMANTIC.md
ec822993212ab8fe460c54f50d876c23d56172c29ccd69c0909494e8e1fac967	14694	children/AUTHOR-B1/members/DEL-06-05/simulation/apply/_SEMANTIC_LENSING.md
a1c1a4687b872db04c3912dcd18be913b682a49a6e3a1ecf814cf6eb0559b206	2213	children/AUTHOR-B1/members/DEL-06-05/simulation/apply/_STATUS.md
c0efdf9c4649be5485cd9957f99e0f7193eb92fe7f72f64fc09880868feda591	1686	children/AUTHOR-B1/members/DEL-06-05/simulation/apply/_run_records/TASK_RUN_2026-04-30_1033_dependency-extract.md
28fb9d399cf3d59096d342720680e5d297ba539447fbfc08d23b9318079c4cec	1100	children/AUTHOR-B1/members/DEL-06-05/simulation/apply/_run_records/TASK_RUN_2026-04-30_1033_four-documents-p1-p2.md
db967caddd9104324bdc0f83ed8c3676787f4eb2a63cccc8e5e48a6c1a60782b	1000	children/AUTHOR-B1/members/DEL-06-05/simulation/apply/_run_records/TASK_RUN_2026-04-30_1033_four-documents-p3.md
ac47e64331c019b9f210a93c020a727debe60a8e76727e3ef2cee45dbe1fc4e2	900	children/AUTHOR-B1/members/DEL-06-05/simulation/apply/_run_records/TASK_RUN_2026-04-30_1033_lens-register.md
06669ea45aace0a0fe32044f7ee792a1916915cd440d57127494f7176bd70171	883	children/AUTHOR-B1/members/DEL-06-05/simulation/apply/_run_records/TASK_RUN_2026-04-30_1033_semantic-matrix-build.md
f81f858b2d9ea1ac630328983581e07a4c18dd5a65a454de97312013fd9cb5eb	1980	children/AUTHOR-B1/members/DEL-06-05/simulation/apply/_run_records/TASK_RUN_2026-04-30_1033_validation.md
faeb4a285675e0ab003797845c40b8da7ab6a999d715bcacabe51b6f59d7f8fd	2283	children/AUTHOR-B1/members/DEL-06-05/simulation/apply/_run_records/TASK_RUN_2026-05-10_2236_dependency-extract-refresh.md
fd2b7b6bd017c882bab7882d23749cd2ae3c747bf7ac4ef678a12cfdc3e56c71	1707	children/AUTHOR-B1/members/DEL-06-05/simulation/apply/_run_records/TASK_RUN_2026-06-04_authority-refresh-0.7-dag006_DEL-06-05.md
40513eb8da4d45847243d70f648cbec830db45c96c8126c8bc0124a242ce6996	4528	children/AUTHOR-B1/members/DEL-06-05/simulation/apply/_run_records/TASK_RUN_2026-06-05_2159.md
5ec482e366f8f56ed62bbe601b7123dbb5b6644c29fa72728358d00989d274bb	2556	children/AUTHOR-B1/members/DEL-06-05/simulation/apply/_run_records/TASK_RUN_2026-06-16_2359_dependency-semantic-refresh.md
47a34988a292d086a2b658d548f39ce7585d73a3a78865a3c03c1b6121f074fe	983	children/AUTHOR-B1/members/DEL-06-05/simulation/apply/_run_records/WORKING_ITEMS_RUN_2026-07-12_D41-R5-T7-PDU055-CURRENTNESS.md
4067b772f14c67aca22c8d6a01c682b11092dd8a97babb6fb4f79e9aa81912e3	5262	children/AUTHOR-B1/members/DEL-06-05/simulation/rollback/Datasheet.md
18c22c6565a348a9bb0cd3ccff7635b2f698440eefd1d81af01551fc1ab0e7f5	22516	children/AUTHOR-B1/members/DEL-06-05/simulation/rollback/Dependencies.csv
c8aa6444e4621529c3826efe321f5bf8fddd396f356cb2a86c30ceb3b7c4d244	4590	children/AUTHOR-B1/members/DEL-06-05/simulation/rollback/Guidance.md
7c7daf0ff1da32622361547de50aff9a669d57ec803a793840e097505c73426c	8782	children/AUTHOR-B1/members/DEL-06-05/simulation/rollback/MEMORY.md
4e020d7e416cece6c61e842b6ad76eb40f1d60f96290774f593cdd44dc7481a8	4230	children/AUTHOR-B1/members/DEL-06-05/simulation/rollback/Procedure.md
704c11a5495359019ce3f7f5071628514f4e472ac2f95326dfd1a45387e2d7d3	1273	children/AUTHOR-B1/members/DEL-06-05/simulation/rollback/Review_Findings.csv
bb444b4ed97789df2aa11772291fff8ec362f5a14e7c92ac3152f6e9be41297f	5945	children/AUTHOR-B1/members/DEL-06-05/simulation/rollback/Specification.md
f179d097e485ccdc4aed01928e3b2291122f96c4f1ffa4e69d7eb39d45379829	2978	children/AUTHOR-B1/members/DEL-06-05/simulation/rollback/_CONTEXT.md
768bf0d7b3cf771183aa00ed20e7489bfaa3fcd7fd16127781e10e656b0a96a8	4701	children/AUTHOR-B1/members/DEL-06-05/simulation/rollback/_DEPENDENCIES.md
50fdd68cb34bbbe8acf3da24b972601e120ae8f9377b0dd57f04f2969ffd5eb6	1362	children/AUTHOR-B1/members/DEL-06-05/simulation/rollback/_REFERENCES.md
1d7bc42806aac992b03294f7d6928e9f9c52d60153e42f08fa7b8813aeaac39a	3247	children/AUTHOR-B1/members/DEL-06-05/simulation/rollback/_REVIEW.md
13e848b5f12b30433bcd341dc368ccd7f859d53bd961795dc8c0f9b06408fad4	40906	children/AUTHOR-B1/members/DEL-06-05/simulation/rollback/_SEMANTIC.md
ec822993212ab8fe460c54f50d876c23d56172c29ccd69c0909494e8e1fac967	14694	children/AUTHOR-B1/members/DEL-06-05/simulation/rollback/_SEMANTIC_LENSING.md
a1c1a4687b872db04c3912dcd18be913b682a49a6e3a1ecf814cf6eb0559b206	2213	children/AUTHOR-B1/members/DEL-06-05/simulation/rollback/_STATUS.md
c0efdf9c4649be5485cd9957f99e0f7193eb92fe7f72f64fc09880868feda591	1686	children/AUTHOR-B1/members/DEL-06-05/simulation/rollback/_run_records/TASK_RUN_2026-04-30_1033_dependency-extract.md
28fb9d399cf3d59096d342720680e5d297ba539447fbfc08d23b9318079c4cec	1100	children/AUTHOR-B1/members/DEL-06-05/simulation/rollback/_run_records/TASK_RUN_2026-04-30_1033_four-documents-p1-p2.md
db967caddd9104324bdc0f83ed8c3676787f4eb2a63cccc8e5e48a6c1a60782b	1000	children/AUTHOR-B1/members/DEL-06-05/simulation/rollback/_run_records/TASK_RUN_2026-04-30_1033_four-documents-p3.md
ac47e64331c019b9f210a93c020a727debe60a8e76727e3ef2cee45dbe1fc4e2	900	children/AUTHOR-B1/members/DEL-06-05/simulation/rollback/_run_records/TASK_RUN_2026-04-30_1033_lens-register.md
06669ea45aace0a0fe32044f7ee792a1916915cd440d57127494f7176bd70171	883	children/AUTHOR-B1/members/DEL-06-05/simulation/rollback/_run_records/TASK_RUN_2026-04-30_1033_semantic-matrix-build.md
f81f858b2d9ea1ac630328983581e07a4c18dd5a65a454de97312013fd9cb5eb	1980	children/AUTHOR-B1/members/DEL-06-05/simulation/rollback/_run_records/TASK_RUN_2026-04-30_1033_validation.md
faeb4a285675e0ab003797845c40b8da7ab6a999d715bcacabe51b6f59d7f8fd	2283	children/AUTHOR-B1/members/DEL-06-05/simulation/rollback/_run_records/TASK_RUN_2026-05-10_2236_dependency-extract-refresh.md
fd2b7b6bd017c882bab7882d23749cd2ae3c747bf7ac4ef678a12cfdc3e56c71	1707	children/AUTHOR-B1/members/DEL-06-05/simulation/rollback/_run_records/TASK_RUN_2026-06-04_authority-refresh-0.7-dag006_DEL-06-05.md
40513eb8da4d45847243d70f648cbec830db45c96c8126c8bc0124a242ce6996	4528	children/AUTHOR-B1/members/DEL-06-05/simulation/rollback/_run_records/TASK_RUN_2026-06-05_2159.md
5ec482e366f8f56ed62bbe601b7123dbb5b6644c29fa72728358d00989d274bb	2556	children/AUTHOR-B1/members/DEL-06-05/simulation/rollback/_run_records/TASK_RUN_2026-06-16_2359_dependency-semantic-refresh.md
47a34988a292d086a2b658d548f39ce7585d73a3a78865a3c03c1b6121f074fe	983	children/AUTHOR-B1/members/DEL-06-05/simulation/rollback/_run_records/WORKING_ITEMS_RUN_2026-07-12_D41-R5-T7-PDU055-CURRENTNESS.md
1b97c51ef9dd75b3e6778d8ea0d4ff2871c10ac94ccc70eaf4049c18ef70b29d	285	children/AUTHOR-B1/members/DEL-06-05/simulation-apply-validation.json
e3b0c44298fc1c149afbf4c8996fb92427ae41e4649b934ca495991b7852b855	0	children/AUTHOR-B1/members/DEL-06-05/simulation-apply-validation.stderr
fd4ee146b19a514946f342704705b0204daa5cb45017df7c4553f247d2b25328	273	children/AUTHOR-B1/members/DEL-06-05/validation-authorized-dual.json
e3b0c44298fc1c149afbf4c8996fb92427ae41e4649b934ca495991b7852b855	0	children/AUTHOR-B1/members/DEL-06-05/validation-authorized-dual.stderr
2acde48f1be23cd736578a57fb4492e545a73c7d9a14cd81f95582336900c3e6	251	children/AUTHOR-B1/members/DEL-06-05/validation-sow-v1.json
e3b0c44298fc1c149afbf4c8996fb92427ae41e4649b934ca495991b7852b855	0	children/AUTHOR-B1/members/DEL-06-05/validation-sow-v1.stderr
4067b772f14c67aca22c8d6a01c682b11092dd8a97babb6fb4f79e9aa81912e3	5262	children/AUTHOR-B1/members/DEL-06-05/workspace-a/Datasheet.md
18c22c6565a348a9bb0cd3ccff7635b2f698440eefd1d81af01551fc1ab0e7f5	22516	children/AUTHOR-B1/members/DEL-06-05/workspace-a/Dependencies.csv
c8aa6444e4621529c3826efe321f5bf8fddd396f356cb2a86c30ceb3b7c4d244	4590	children/AUTHOR-B1/members/DEL-06-05/workspace-a/Guidance.md
7c7daf0ff1da32622361547de50aff9a669d57ec803a793840e097505c73426c	8782	children/AUTHOR-B1/members/DEL-06-05/workspace-a/MEMORY.md
4e020d7e416cece6c61e842b6ad76eb40f1d60f96290774f593cdd44dc7481a8	4230	children/AUTHOR-B1/members/DEL-06-05/workspace-a/Procedure.md
704c11a5495359019ce3f7f5071628514f4e472ac2f95326dfd1a45387e2d7d3	1273	children/AUTHOR-B1/members/DEL-06-05/workspace-a/Review_Findings.csv
5721725b89007da54ac58dc0d944dbc5f248d0a32ec581d40d9962bb4734eabc	30112	children/AUTHOR-B1/members/DEL-06-05/workspace-a/ScopeOfWork.md
bb444b4ed97789df2aa11772291fff8ec362f5a14e7c92ac3152f6e9be41297f	5945	children/AUTHOR-B1/members/DEL-06-05/workspace-a/Specification.md
f179d097e485ccdc4aed01928e3b2291122f96c4f1ffa4e69d7eb39d45379829	2978	children/AUTHOR-B1/members/DEL-06-05/workspace-a/_CONTEXT.md
768bf0d7b3cf771183aa00ed20e7489bfaa3fcd7fd16127781e10e656b0a96a8	4701	children/AUTHOR-B1/members/DEL-06-05/workspace-a/_DEPENDENCIES.md
50fdd68cb34bbbe8acf3da24b972601e120ae8f9377b0dd57f04f2969ffd5eb6	1362	children/AUTHOR-B1/members/DEL-06-05/workspace-a/_REFERENCES.md
1d7bc42806aac992b03294f7d6928e9f9c52d60153e42f08fa7b8813aeaac39a	3247	children/AUTHOR-B1/members/DEL-06-05/workspace-a/_REVIEW.md
13e848b5f12b30433bcd341dc368ccd7f859d53bd961795dc8c0f9b06408fad4	40906	children/AUTHOR-B1/members/DEL-06-05/workspace-a/_SEMANTIC.md
ec822993212ab8fe460c54f50d876c23d56172c29ccd69c0909494e8e1fac967	14694	children/AUTHOR-B1/members/DEL-06-05/workspace-a/_SEMANTIC_LENSING.md
a1c1a4687b872db04c3912dcd18be913b682a49a6e3a1ecf814cf6eb0559b206	2213	children/AUTHOR-B1/members/DEL-06-05/workspace-a/_STATUS.md
c0efdf9c4649be5485cd9957f99e0f7193eb92fe7f72f64fc09880868feda591	1686	children/AUTHOR-B1/members/DEL-06-05/workspace-a/_run_records/TASK_RUN_2026-04-30_1033_dependency-extract.md
28fb9d399cf3d59096d342720680e5d297ba539447fbfc08d23b9318079c4cec	1100	children/AUTHOR-B1/members/DEL-06-05/workspace-a/_run_records/TASK_RUN_2026-04-30_1033_four-documents-p1-p2.md
db967caddd9104324bdc0f83ed8c3676787f4eb2a63cccc8e5e48a6c1a60782b	1000	children/AUTHOR-B1/members/DEL-06-05/workspace-a/_run_records/TASK_RUN_2026-04-30_1033_four-documents-p3.md
ac47e64331c019b9f210a93c020a727debe60a8e76727e3ef2cee45dbe1fc4e2	900	children/AUTHOR-B1/members/DEL-06-05/workspace-a/_run_records/TASK_RUN_2026-04-30_1033_lens-register.md
06669ea45aace0a0fe32044f7ee792a1916915cd440d57127494f7176bd70171	883	children/AUTHOR-B1/members/DEL-06-05/workspace-a/_run_records/TASK_RUN_2026-04-30_1033_semantic-matrix-build.md
f81f858b2d9ea1ac630328983581e07a4c18dd5a65a454de97312013fd9cb5eb	1980	children/AUTHOR-B1/members/DEL-06-05/workspace-a/_run_records/TASK_RUN_2026-04-30_1033_validation.md
faeb4a285675e0ab003797845c40b8da7ab6a999d715bcacabe51b6f59d7f8fd	2283	children/AUTHOR-B1/members/DEL-06-05/workspace-a/_run_records/TASK_RUN_2026-05-10_2236_dependency-extract-refresh.md
fd2b7b6bd017c882bab7882d23749cd2ae3c747bf7ac4ef678a12cfdc3e56c71	1707	children/AUTHOR-B1/members/DEL-06-05/workspace-a/_run_records/TASK_RUN_2026-06-04_authority-refresh-0.7-dag006_DEL-06-05.md
40513eb8da4d45847243d70f648cbec830db45c96c8126c8bc0124a242ce6996	4528	children/AUTHOR-B1/members/DEL-06-05/workspace-a/_run_records/TASK_RUN_2026-06-05_2159.md
5ec482e366f8f56ed62bbe601b7123dbb5b6644c29fa72728358d00989d274bb	2556	children/AUTHOR-B1/members/DEL-06-05/workspace-a/_run_records/TASK_RUN_2026-06-16_2359_dependency-semantic-refresh.md
47a34988a292d086a2b658d548f39ce7585d73a3a78865a3c03c1b6121f074fe	983	children/AUTHOR-B1/members/DEL-06-05/workspace-a/_run_records/WORKING_ITEMS_RUN_2026-07-12_D41-R5-T7-PDU055-CURRENTNESS.md
4067b772f14c67aca22c8d6a01c682b11092dd8a97babb6fb4f79e9aa81912e3	5262	children/AUTHOR-B1/members/DEL-06-05/workspace-b/Datasheet.md
18c22c6565a348a9bb0cd3ccff7635b2f698440eefd1d81af01551fc1ab0e7f5	22516	children/AUTHOR-B1/members/DEL-06-05/workspace-b/Dependencies.csv
c8aa6444e4621529c3826efe321f5bf8fddd396f356cb2a86c30ceb3b7c4d244	4590	children/AUTHOR-B1/members/DEL-06-05/workspace-b/Guidance.md
7c7daf0ff1da32622361547de50aff9a669d57ec803a793840e097505c73426c	8782	children/AUTHOR-B1/members/DEL-06-05/workspace-b/MEMORY.md
4e020d7e416cece6c61e842b6ad76eb40f1d60f96290774f593cdd44dc7481a8	4230	children/AUTHOR-B1/members/DEL-06-05/workspace-b/Procedure.md
704c11a5495359019ce3f7f5071628514f4e472ac2f95326dfd1a45387e2d7d3	1273	children/AUTHOR-B1/members/DEL-06-05/workspace-b/Review_Findings.csv
5721725b89007da54ac58dc0d944dbc5f248d0a32ec581d40d9962bb4734eabc	30112	children/AUTHOR-B1/members/DEL-06-05/workspace-b/ScopeOfWork.md
bb444b4ed97789df2aa11772291fff8ec362f5a14e7c92ac3152f6e9be41297f	5945	children/AUTHOR-B1/members/DEL-06-05/workspace-b/Specification.md
f179d097e485ccdc4aed01928e3b2291122f96c4f1ffa4e69d7eb39d45379829	2978	children/AUTHOR-B1/members/DEL-06-05/workspace-b/_CONTEXT.md
768bf0d7b3cf771183aa00ed20e7489bfaa3fcd7fd16127781e10e656b0a96a8	4701	children/AUTHOR-B1/members/DEL-06-05/workspace-b/_DEPENDENCIES.md
50fdd68cb34bbbe8acf3da24b972601e120ae8f9377b0dd57f04f2969ffd5eb6	1362	children/AUTHOR-B1/members/DEL-06-05/workspace-b/_REFERENCES.md
1d7bc42806aac992b03294f7d6928e9f9c52d60153e42f08fa7b8813aeaac39a	3247	children/AUTHOR-B1/members/DEL-06-05/workspace-b/_REVIEW.md
13e848b5f12b30433bcd341dc368ccd7f859d53bd961795dc8c0f9b06408fad4	40906	children/AUTHOR-B1/members/DEL-06-05/workspace-b/_SEMANTIC.md
ec822993212ab8fe460c54f50d876c23d56172c29ccd69c0909494e8e1fac967	14694	children/AUTHOR-B1/members/DEL-06-05/workspace-b/_SEMANTIC_LENSING.md
a1c1a4687b872db04c3912dcd18be913b682a49a6e3a1ecf814cf6eb0559b206	2213	children/AUTHOR-B1/members/DEL-06-05/workspace-b/_STATUS.md
c0efdf9c4649be5485cd9957f99e0f7193eb92fe7f72f64fc09880868feda591	1686	children/AUTHOR-B1/members/DEL-06-05/workspace-b/_run_records/TASK_RUN_2026-04-30_1033_dependency-extract.md
28fb9d399cf3d59096d342720680e5d297ba539447fbfc08d23b9318079c4cec	1100	children/AUTHOR-B1/members/DEL-06-05/workspace-b/_run_records/TASK_RUN_2026-04-30_1033_four-documents-p1-p2.md
db967caddd9104324bdc0f83ed8c3676787f4eb2a63cccc8e5e48a6c1a60782b	1000	children/AUTHOR-B1/members/DEL-06-05/workspace-b/_run_records/TASK_RUN_2026-04-30_1033_four-documents-p3.md
ac47e64331c019b9f210a93c020a727debe60a8e76727e3ef2cee45dbe1fc4e2	900	children/AUTHOR-B1/members/DEL-06-05/workspace-b/_run_records/TASK_RUN_2026-04-30_1033_lens-register.md
06669ea45aace0a0fe32044f7ee792a1916915cd440d57127494f7176bd70171	883	children/AUTHOR-B1/members/DEL-06-05/workspace-b/_run_records/TASK_RUN_2026-04-30_1033_semantic-matrix-build.md
f81f858b2d9ea1ac630328983581e07a4c18dd5a65a454de97312013fd9cb5eb	1980	children/AUTHOR-B1/members/DEL-06-05/workspace-b/_run_records/TASK_RUN_2026-04-30_1033_validation.md
faeb4a285675e0ab003797845c40b8da7ab6a999d715bcacabe51b6f59d7f8fd	2283	children/AUTHOR-B1/members/DEL-06-05/workspace-b/_run_records/TASK_RUN_2026-05-10_2236_dependency-extract-refresh.md
fd2b7b6bd017c882bab7882d23749cd2ae3c747bf7ac4ef678a12cfdc3e56c71	1707	children/AUTHOR-B1/members/DEL-06-05/workspace-b/_run_records/TASK_RUN_2026-06-04_authority-refresh-0.7-dag006_DEL-06-05.md
40513eb8da4d45847243d70f648cbec830db45c96c8126c8bc0124a242ce6996	4528	children/AUTHOR-B1/members/DEL-06-05/workspace-b/_run_records/TASK_RUN_2026-06-05_2159.md
5ec482e366f8f56ed62bbe601b7123dbb5b6644c29fa72728358d00989d274bb	2556	children/AUTHOR-B1/members/DEL-06-05/workspace-b/_run_records/TASK_RUN_2026-06-16_2359_dependency-semantic-refresh.md
47a34988a292d086a2b658d548f39ce7585d73a3a78865a3c03c1b6121f074fe	983	children/AUTHOR-B1/members/DEL-06-05/workspace-b/_run_records/WORKING_ITEMS_RUN_2026-07-12_D41-R5-T7-PDU055-CURRENTNESS.md
3621b445986de8e487979c99901f1e191c918c711e385e4085f71464e458cd24	8540	children/AUTHOR-B1/run_author.sh
94711341fde213a551a507a6bae0319ed709549195f2b2594a8d4d902c7246f1	448	children/VERIFY-B1/ATTEMPTS.md
0563fd132fe36fd98d484a83eaae43072766b145472043e4fde62b998c93429d	4923	children/VERIFY-B1/BATCH_RESULTS.json
e06a96f25cbdea222689616e7b3d55318b0c24068dd1f91b0f5772505b0f7b4b	643	children/VERIFY-B1/CONTAINMENT.md
a84a4d6fcf1799dfdcfecbcdb9f3c89cbea85491726a0e896588d4937233dda2	6032	children/VERIFY-B1/INVERSE_ROWS.tsv
fa31f9034beafe99aa4b63c8a8046a6e4ac8949a5b16a6d3a4ec19308a558c49	3307	children/VERIFY-B1/LAUNCH_BRIEF.md
cb4386aa6bcb7d786b37b77b89aa114ae9865a140ccf9960382198702871d734	55469	children/VERIFY-B1/MANIFEST.tsv
55c691577a5f263698d61979dd7599261eedcf04cfc727a18d5d5d928d3fe74b	559	children/VERIFY-B1/PROGRESS.tsv
be7fbff8d78c13e7f0ca69616c59ce4ea4fdbd4debab42f606a27160fc8206cb	6077	children/VERIFY-B1/REPLACEMENT_ROWS.tsv
e012df5c5141b5b5afd4d1779c6a3d3302e6234b5a7f7c2d8f6bdd94588cf28c	1516	children/VERIFY-B1/RETURN.md
388800e1bb526d866067c611c3cd1d06c5296f9dff8a0d26cf821fcb49389347	19703	children/VERIFY-B1/RUNTIME_EVENTS.jsonl
e901a4cb8e325b7f6cbe1f3575d6cdeaab305bcb2f56dd693322f3d67375d37a	491	children/VERIFY-B1/SIMULATIONS.tsv
23366350877cfa723bf234e986615a1a81cfcf6d5cede654bdb035a99b6df848	406	children/VERIFY-B1/STATUS.json
78956ec5da53c390d0bafd9ed105627587a2454311a0354bca491c1ae2fa8580	852	children/VERIFY-B1/TERMINAL_AUDIT.json
bd5e15faece5fe7ddc780752c1eeff20b505ceadb61308a6efd4518e361b689f	807	children/VERIFY-B1/build_manifest.py
6a9f67b0ef25e88b78f46111285f7bc5b78ec5c31821b8f42ce70f82d43ec59c	9495	children/VERIFY-B1/finalize_verifier.py
321b4799f10229113a56eefd67d4e75f7b28774001ea10382d5cd28c4ff6ec2b	457	children/VERIFY-B1/members/DEL-06-01/DETERMINISM.json
bd1b6ad927e1dc06e7f9ba289ffba6d414fe24498998e564cb3b9f05f898c6ad	11048	children/VERIFY-B1/members/DEL-06-01/FINALIZATION_BINDING.json
7e02d3c0aaa12c48def899072c60c9f4b6c658be28aa8c84f62797c7ac578f3b	1304	children/VERIFY-B1/members/DEL-06-01/FROZEN_AND_PRE_HASHES.json
9e758334b4e528a27bc28ac6dcd33feee971f5c1765bb8e1c31140cd8f03189f	1131	children/VERIFY-B1/members/DEL-06-01/POST_HASHES.json
ad26b7de2fbbb08af60b9f0d705bb7c43085178f318b01a07c23afd75673e8a9	1735	children/VERIFY-B1/members/DEL-06-01/SEMANTIC_AND_LITERAL_REVIEW.json
8bf8da3b9d03c831537478f628e474551aeabcadf6a7111255fa153eec509b86	816	children/VERIFY-B1/members/DEL-06-01/SUMMARY.json
33f27fe933ead8fe669158736527fdba5af03e3cb84e85db2377dd2173439cdc	387	children/VERIFY-B1/members/DEL-06-01/VERDICTS.json
43ec5388fd80e2003e08e709a1c05af796df144f023d1d0fde741e8611b2e535	1743	children/VERIFY-B1/members/DEL-06-01/checklist_1.json
43ec5388fd80e2003e08e709a1c05af796df144f023d1d0fde741e8611b2e535	1743	children/VERIFY-B1/members/DEL-06-01/checklist_2.json
ab9b42b9dd71b5689ee0c07358654ddbe0177bf5a3c2c67c324e2095b3caac8c	4939	children/VERIFY-B1/members/DEL-06-01/claim_map_1.csv
ab9b42b9dd71b5689ee0c07358654ddbe0177bf5a3c2c67c324e2095b3caac8c	4939	children/VERIFY-B1/members/DEL-06-01/claim_map_2.csv
3608a69ff16a50a47b912802275dc72ce617b868ac96d327b08e8fa8c7f7f0ad	640	children/VERIFY-B1/members/DEL-06-01/commands/checklist_1.json
caa3404bef77a7aab9c5b233900ed704f27b6cf38016bec53b1eb4e86e34324a	640	children/VERIFY-B1/members/DEL-06-01/commands/checklist_2.json
434aa44c5c44da4c9113e84dca74bba4890ddeb27760b09f82917d4ddc3ec84c	2258	children/VERIFY-B1/members/DEL-06-01/commands/convert_repro1.json
31e75b2d273f747fb43d28f0588347bd096b731fc37375a404a1623ed2721946	2258	children/VERIFY-B1/members/DEL-06-01/commands/convert_repro2.json
94af3db4dafe35a44d426722d67b072e13f49a3e3573e548d5076ba67400d70c	1168	children/VERIFY-B1/members/DEL-06-01/commands/finalize_repro1.json
7d8eb779c9a15036b6a26f09d9d3b2f02ec4b9ec0f23c09ea9f19feb5f7e1574	1168	children/VERIFY-B1/members/DEL-06-01/commands/finalize_repro2.json
1d65c830acdbf4e91be5fe4831eba41dfc3d5da438a6985d8818224845145cdd	1219	children/VERIFY-B1/members/DEL-06-01/commands/map_1.json
804c3360de640072ff2c2ff6ff644c44eb8215b606a02d893dedf8c5f7f01113	1219	children/VERIFY-B1/members/DEL-06-01/commands/map_2.json
be23d1d0de6126a2d758def8eabe26867e9974ea3cb7e0ed176d50f76099b486	1173	children/VERIFY-B1/members/DEL-06-01/commands/negative_1_map_mutated_clean.json
cc594c806ea3f12e08202a97c38ca20833b8755b2ef08fa2fa4e924b387e9374	1223	children/VERIFY-B1/members/DEL-06-01/commands/negative_2_parity_mutated_clean.json
badf9056366e07b7129815dd04e30dc5329ddefaf06e47895e9ca3f3b99755b0	873	children/VERIFY-B1/members/DEL-06-01/commands/negative_3_checklist_evidence.json
7d51c78a93c022886b6c8509f0200aaea835d0db4bef1ce7f2496609a738bf9b	841	children/VERIFY-B1/members/DEL-06-01/commands/negative_4_render_evidence.json
9dc2bb2a59fb693da739ac1fe93c33c1fadcd7c23fa65edc76cba9783a9f6d09	928	children/VERIFY-B1/members/DEL-06-01/commands/negative_5_partial_input.json
3a88cbab4a9670abaf0da1983dad34ab01ad735c679dc7efc949ca20ccb37c75	941	children/VERIFY-B1/members/DEL-06-01/commands/negative_6_unauthorized_dual.json
c6183cf12f2b7236c3c7a9045568c95d63109541593c616ed2720aa251204aeb	1038	children/VERIFY-B1/members/DEL-06-01/commands/negative_7_wrong_authority_checklist.json
d31fc5f50c76cfb0a5d6ca66237c26f6bef030bb0796a50da44abdd523dd4233	1312	children/VERIFY-B1/members/DEL-06-01/commands/parity_1.json
f00100d28b5639a9099ff2e2e00bc465bd53e60b21135bdc0d6d3c94c14ea0a7	1313	children/VERIFY-B1/members/DEL-06-01/commands/parity_2.json
57436275579da6338eedba280c2b781deb4af89aa122511f49df977b87df36f9	631	children/VERIFY-B1/members/DEL-06-01/commands/render_1.json
5cdc79940a2a4685b7d6ac870f8bebe9e7a2941f428c47e0cef9402040300a94	631	children/VERIFY-B1/members/DEL-06-01/commands/render_2.json
a4505113a0f43abaa3a1ca013876c9502022b90d6c8cc7478eacbbf430aa61ef	747	children/VERIFY-B1/members/DEL-06-01/commands/validate_clean.json
2f3a1a88641c0e380094d4c8760170605c47e6e85d37c48a91558b2311781cd9	931	children/VERIFY-B1/members/DEL-06-01/commands/validate_evidence_authorized.json
2dabc6c8337678fd2cb829fa73e2b5550a692db0045de3d5779fae6208872bb3	27192	children/VERIFY-B1/members/DEL-06-01/finalizations/repro1/ScopeOfWork.md
3178e5ea6faab84c9ac1092d939cf7b00491ce48072a9faadbae13247cddef68	10380	children/VERIFY-B1/members/DEL-06-01/finalizations/repro1/finalization.json
2dabc6c8337678fd2cb829fa73e2b5550a692db0045de3d5779fae6208872bb3	27192	children/VERIFY-B1/members/DEL-06-01/finalizations/repro2/ScopeOfWork.md
3178e5ea6faab84c9ac1092d939cf7b00491ce48072a9faadbae13247cddef68	10380	children/VERIFY-B1/members/DEL-06-01/finalizations/repro2/finalization.json
417e92e234e84b7fde92cb5fdf89b5ef5996e4a1d2c8494694b5138afe530b4d	6562	children/VERIFY-B1/members/DEL-06-01/negative_dual/Datasheet.md
c2c4259d5468077969cbbc98561875ac40630fef24808cd2ba5dc0677633681d	27627	children/VERIFY-B1/members/DEL-06-01/negative_dual/Dependencies.csv
5499ad12f85aa95fc808ea0dcd057bc8d589df68023bcda1a72ca5e95d7351a0	5469	children/VERIFY-B1/members/DEL-06-01/negative_dual/Guidance.md
34a7d54d34dfb3461a74c5c51412d88c257f320a551a0141ece879c082dd4515	4962	children/VERIFY-B1/members/DEL-06-01/negative_dual/Procedure.md
e79285e4080512f58a8cc8d808a431e9b27fc18838c149479aae3926897a0667	33651	children/VERIFY-B1/members/DEL-06-01/negative_dual/ScopeOfWork.md
b4cf9af3967310a1f9f992f933705447c4d00400b8de7eab18c9115d85c9c175	6593	children/VERIFY-B1/members/DEL-06-01/negative_dual/Specification.md
50ed04422a15ef1bf11d8b41009ddb78d582128ec1ad55347f28cfd0066c2a44	2971	children/VERIFY-B1/members/DEL-06-01/negative_dual/_CONTEXT.md
02bd4274a4423c553ce2ac8f1243c80ce825d4b7fc918c4f53398e599e59906a	5090	children/VERIFY-B1/members/DEL-06-01/negative_dual/_DEPENDENCIES.md
759a429c09ce566261a207286305e777fdd0b7d73feabf858f854a32e5c7aeae	1351	children/VERIFY-B1/members/DEL-06-01/negative_dual/_REFERENCES.md
03152bb2eea0f1d0d8736cf740d776d7031af99bf198f164e78395d8b8ef71c1	2180	children/VERIFY-B1/members/DEL-06-01/negative_dual/_STATUS.md
417e92e234e84b7fde92cb5fdf89b5ef5996e4a1d2c8494694b5138afe530b4d	6562	children/VERIFY-B1/members/DEL-06-01/negative_partial/Datasheet.md
9ad946acf471852b49188af002c21f9d1d08a90f3457eb75ffba43a5e14727d5	27228	children/VERIFY-B1/members/DEL-06-01/negative_tests/mutated_clean.md
3540bf699050d79433b4b00dcc5669cd87c22a5e706ae30344ce6d432e628915	6708	children/VERIFY-B1/members/DEL-06-01/negative_tests/rejected_parity_report.json
4a1bdfc7963cce56eecac57c5a2f006bf1cb9bef900b43eccfeb032c89a4c53c	6544	children/VERIFY-B1/members/DEL-06-01/parity_1.json
17a49a4e04964deb081bbaaa32377d8466a27b0306669aa93e540777b1ae493e	291	children/VERIFY-B1/members/DEL-06-01/parity_1.md
4a1bdfc7963cce56eecac57c5a2f006bf1cb9bef900b43eccfeb032c89a4c53c	6544	children/VERIFY-B1/members/DEL-06-01/parity_2.json
17a49a4e04964deb081bbaaa32377d8466a27b0306669aa93e540777b1ae493e	291	children/VERIFY-B1/members/DEL-06-01/parity_2.md
bd655f69b6c40b5daa300c249f691654923660077f8a2f7203ae5f59981d24be	33428	children/VERIFY-B1/members/DEL-06-01/render_1.html
bd655f69b6c40b5daa300c249f691654923660077f8a2f7203ae5f59981d24be	33428	children/VERIFY-B1/members/DEL-06-01/render_2.html
417e92e234e84b7fde92cb5fdf89b5ef5996e4a1d2c8494694b5138afe530b4d	6562	children/VERIFY-B1/members/DEL-06-01/workspaces/repro1/kit/Datasheet.md
c2c4259d5468077969cbbc98561875ac40630fef24808cd2ba5dc0677633681d	27627	children/VERIFY-B1/members/DEL-06-01/workspaces/repro1/kit/Dependencies.csv
5499ad12f85aa95fc808ea0dcd057bc8d589df68023bcda1a72ca5e95d7351a0	5469	children/VERIFY-B1/members/DEL-06-01/workspaces/repro1/kit/Guidance.md
34a7d54d34dfb3461a74c5c51412d88c257f320a551a0141ece879c082dd4515	4962	children/VERIFY-B1/members/DEL-06-01/workspaces/repro1/kit/Procedure.md
e79285e4080512f58a8cc8d808a431e9b27fc18838c149479aae3926897a0667	33651	children/VERIFY-B1/members/DEL-06-01/workspaces/repro1/kit/ScopeOfWork.md
b4cf9af3967310a1f9f992f933705447c4d00400b8de7eab18c9115d85c9c175	6593	children/VERIFY-B1/members/DEL-06-01/workspaces/repro1/kit/Specification.md
50ed04422a15ef1bf11d8b41009ddb78d582128ec1ad55347f28cfd0066c2a44	2971	children/VERIFY-B1/members/DEL-06-01/workspaces/repro1/kit/_CONTEXT.md
02bd4274a4423c553ce2ac8f1243c80ce825d4b7fc918c4f53398e599e59906a	5090	children/VERIFY-B1/members/DEL-06-01/workspaces/repro1/kit/_DEPENDENCIES.md
759a429c09ce566261a207286305e777fdd0b7d73feabf858f854a32e5c7aeae	1351	children/VERIFY-B1/members/DEL-06-01/workspaces/repro1/kit/_REFERENCES.md
03152bb2eea0f1d0d8736cf740d776d7031af99bf198f164e78395d8b8ef71c1	2180	children/VERIFY-B1/members/DEL-06-01/workspaces/repro1/kit/_STATUS.md
417e92e234e84b7fde92cb5fdf89b5ef5996e4a1d2c8494694b5138afe530b4d	6562	children/VERIFY-B1/members/DEL-06-01/workspaces/repro2/kit/Datasheet.md
c2c4259d5468077969cbbc98561875ac40630fef24808cd2ba5dc0677633681d	27627	children/VERIFY-B1/members/DEL-06-01/workspaces/repro2/kit/Dependencies.csv
5499ad12f85aa95fc808ea0dcd057bc8d589df68023bcda1a72ca5e95d7351a0	5469	children/VERIFY-B1/members/DEL-06-01/workspaces/repro2/kit/Guidance.md
34a7d54d34dfb3461a74c5c51412d88c257f320a551a0141ece879c082dd4515	4962	children/VERIFY-B1/members/DEL-06-01/workspaces/repro2/kit/Procedure.md
e79285e4080512f58a8cc8d808a431e9b27fc18838c149479aae3926897a0667	33651	children/VERIFY-B1/members/DEL-06-01/workspaces/repro2/kit/ScopeOfWork.md
b4cf9af3967310a1f9f992f933705447c4d00400b8de7eab18c9115d85c9c175	6593	children/VERIFY-B1/members/DEL-06-01/workspaces/repro2/kit/Specification.md
50ed04422a15ef1bf11d8b41009ddb78d582128ec1ad55347f28cfd0066c2a44	2971	children/VERIFY-B1/members/DEL-06-01/workspaces/repro2/kit/_CONTEXT.md
02bd4274a4423c553ce2ac8f1243c80ce825d4b7fc918c4f53398e599e59906a	5090	children/VERIFY-B1/members/DEL-06-01/workspaces/repro2/kit/_DEPENDENCIES.md
759a429c09ce566261a207286305e777fdd0b7d73feabf858f854a32e5c7aeae	1351	children/VERIFY-B1/members/DEL-06-01/workspaces/repro2/kit/_REFERENCES.md
03152bb2eea0f1d0d8736cf740d776d7031af99bf198f164e78395d8b8ef71c1	2180	children/VERIFY-B1/members/DEL-06-01/workspaces/repro2/kit/_STATUS.md
71e5d900f07a11ed3573b19d416df168e72cbb62a9e37cc539fd674d26aa08db	457	children/VERIFY-B1/members/DEL-06-02/DETERMINISM.json
b2e63a8fe291de76d79824db9213d0ab10484e159cbbd7a798611913c07be0aa	13214	children/VERIFY-B1/members/DEL-06-02/FINALIZATION_BINDING.json
3dfe8bdd637f269e4b630511cef5df59fea8100e7965809fc79b357ee5c3ceb3	1304	children/VERIFY-B1/members/DEL-06-02/FROZEN_AND_PRE_HASHES.json
10dfd6b5e7d382b0183e415c92db3633967d6d3db5f2e25d917da5c2ed59c414	1131	children/VERIFY-B1/members/DEL-06-02/POST_HASHES.json
8fc9b6eb58c707cdf4a47a3016baf1c7fa05d7cb4b48e6a62e123bba146d1f15	1697	children/VERIFY-B1/members/DEL-06-02/SEMANTIC_AND_LITERAL_REVIEW.json
4d41986777ba965cc942a3705682f987e7792c37a7591d5afbb8413fbe30c778	816	children/VERIFY-B1/members/DEL-06-02/SUMMARY.json
33f27fe933ead8fe669158736527fdba5af03e3cb84e85db2377dd2173439cdc	387	children/VERIFY-B1/members/DEL-06-02/VERDICTS.json
04edacac685763e56eed052d1db100f804c1a6e0b97131aec5c57388bbbefe73	1697	children/VERIFY-B1/members/DEL-06-02/checklist_1.json
04edacac685763e56eed052d1db100f804c1a6e0b97131aec5c57388bbbefe73	1697	children/VERIFY-B1/members/DEL-06-02/checklist_2.json
db3f848387da20a8732bd987087e8f270707d292b42daa32c1216004c1e0886f	5947	children/VERIFY-B1/members/DEL-06-02/claim_map_1.csv
db3f848387da20a8732bd987087e8f270707d292b42daa32c1216004c1e0886f	5947	children/VERIFY-B1/members/DEL-06-02/claim_map_2.csv
7e0854581ccef8c436b113181ad7d3d866c8e1722e25b9003f5683c92dab47e4	640	children/VERIFY-B1/members/DEL-06-02/commands/checklist_1.json
fcaa54c3f0b6c17d9b9de45392fb77a9917110dff039b8f78fc39534b7cfeba8	640	children/VERIFY-B1/members/DEL-06-02/commands/checklist_2.json
f2c5270e45664083d717cb1762333d45a92c158d7a231560a3dd5b95e1bc78f7	2178	children/VERIFY-B1/members/DEL-06-02/commands/convert_repro1.json
43f7d02a6173093aa3a58a204ee6f16ee76d5582340ba10a81811bd6df70998c	2178	children/VERIFY-B1/members/DEL-06-02/commands/convert_repro2.json
dd98622ca66103fd7868c647bf14b628c2ffb979e64f03dbf4800429565306ba	1167	children/VERIFY-B1/members/DEL-06-02/commands/finalize_repro1.json
082de45747808dd664f5faccae236011dd9124abe724fe4c4e06b1c34b1afb5a	1168	children/VERIFY-B1/members/DEL-06-02/commands/finalize_repro2.json
f14052dc6b7d4cc64ea0c8666443aee22031690982bd883617243ac220154892	1244	children/VERIFY-B1/members/DEL-06-02/commands/map_1.json
2dc5de059ad9719baada8d48575f68f8c427a61072d37c1dbb0666e9cec77adf	1244	children/VERIFY-B1/members/DEL-06-02/commands/map_2.json
7a6f5ab90d1f96d0ad347615dc64522b93fb5f887f2fadd148bf0762e1430597	1198	children/VERIFY-B1/members/DEL-06-02/commands/negative_1_map_mutated_clean.json
572f0c3915a782c027fc7594ad77f093e3eef3fc6c5661ec4dd2878711c5be6a	1248	children/VERIFY-B1/members/DEL-06-02/commands/negative_2_parity_mutated_clean.json
3c4b5bf1c662dd90e96750882d830673346bf30a089add641674a2baaf7c6bad	873	children/VERIFY-B1/members/DEL-06-02/commands/negative_3_checklist_evidence.json
f6abad8f8c92ab5cea4c5dac75142fcb908f0fff70a285ea18e61bfd3fdd6f04	841	children/VERIFY-B1/members/DEL-06-02/commands/negative_4_render_evidence.json
c358b10c17d19c424e9b0f6c56f886f8b0c2d0e38f4a775913690441ac2d1517	928	children/VERIFY-B1/members/DEL-06-02/commands/negative_5_partial_input.json
fee33a5f1d5610b8cc0edd01db67142e331f5269469db2a0a0790dba73d9ba2d	941	children/VERIFY-B1/members/DEL-06-02/commands/negative_6_unauthorized_dual.json
53c4b379681a1c1797523a56a63d910b3b4e870a1c89630e67aa09f3ee178206	1038	children/VERIFY-B1/members/DEL-06-02/commands/negative_7_wrong_authority_checklist.json
41a578eaf710992eecc3327df76f30b65501a05f30c133682f2977d8388931e1	1338	children/VERIFY-B1/members/DEL-06-02/commands/parity_1.json
8b773179ac15634cffa290bc21ce3bb1a2d82a2ca90fc3a551ca77749e3d0388	1338	children/VERIFY-B1/members/DEL-06-02/commands/parity_2.json
85ee759650713a509c7396983843a7bc56628401b6c9d7623c0a741a3e2ffb27	631	children/VERIFY-B1/members/DEL-06-02/commands/render_1.json
948a4454c4b54c2131e6271b750b5b56251a816d96714af9f03b6053c9df89cd	631	children/VERIFY-B1/members/DEL-06-02/commands/render_2.json
f923b8ec2615b21f6ff4d6465e431c58a44f68624eacc2642a4ce0193bb0e5c8	747	children/VERIFY-B1/members/DEL-06-02/commands/validate_clean.json
38f47b0835d3aa0bc701a1eecdd7f25c185e00cf9c338d0795856d9ce96f008b	931	children/VERIFY-B1/members/DEL-06-02/commands/validate_evidence_authorized.json
b439df6dab8cadf7c3784589becb85bf75d32d26e3f7f71446b6cc7417d8adc9	27590	children/VERIFY-B1/members/DEL-06-02/finalizations/repro1/ScopeOfWork.md
54448721280354cfb79f91b0e355c1143c1a5381c597ef6a9e9af85eb91b6b4f	12438	children/VERIFY-B1/members/DEL-06-02/finalizations/repro1/finalization.json
b439df6dab8cadf7c3784589becb85bf75d32d26e3f7f71446b6cc7417d8adc9	27590	children/VERIFY-B1/members/DEL-06-02/finalizations/repro2/ScopeOfWork.md
54448721280354cfb79f91b0e355c1143c1a5381c597ef6a9e9af85eb91b6b4f	12438	children/VERIFY-B1/members/DEL-06-02/finalizations/repro2/finalization.json
43c4dd2901ff9848631e85b7cc67d8a931b7b79ab70afca2135a64dade2c8505	5494	children/VERIFY-B1/members/DEL-06-02/negative_dual/Datasheet.md
59721265c1e740f7d689fb376de6839c9ba897e9e3dcef06ae27e32e6e88bb26	24010	children/VERIFY-B1/members/DEL-06-02/negative_dual/Dependencies.csv
1f0aa129152ae83e69305c77fe736ddd2c66f2d98aacad348e13eeaa714b87b5	6162	children/VERIFY-B1/members/DEL-06-02/negative_dual/Guidance.md
ec01a1f8a0a8174a595cf3b87c81ed1a47948e96885feda4ad9b9d84b65676d1	5002	children/VERIFY-B1/members/DEL-06-02/negative_dual/Procedure.md
70708249bd899bfdf38ab98a2e16713d4d3c3ec27c006aab96af4b2b46ab46fd	35391	children/VERIFY-B1/members/DEL-06-02/negative_dual/ScopeOfWork.md
9ed6840ff9e3577aef97e1c34dbe08430f8d7d3dce03f3ac421fc2c6c2e4db5b	6937	children/VERIFY-B1/members/DEL-06-02/negative_dual/Specification.md
1cbe5cfedec19dfa5e0e147f209b716b5b8d52e42fc2b9f919f4a9218227cef0	3001	children/VERIFY-B1/members/DEL-06-02/negative_dual/_CONTEXT.md
ca2679dc52368889088b44b65fc0bda18c6b2b02ec4ce625789df1533ccc08ba	4799	children/VERIFY-B1/members/DEL-06-02/negative_dual/_DEPENDENCIES.md
d4534048171355a0cb609d649e56be171a012a60605c92e8cff62c9fa2f976b5	1368	children/VERIFY-B1/members/DEL-06-02/negative_dual/_REFERENCES.md
2d0764e42daac87d7d0cca530b10c51115c414b81ed3168f0f1b7ff1c1c22475	3548	children/VERIFY-B1/members/DEL-06-02/negative_dual/_STATUS.md
43c4dd2901ff9848631e85b7cc67d8a931b7b79ab70afca2135a64dade2c8505	5494	children/VERIFY-B1/members/DEL-06-02/negative_partial/Datasheet.md
e4568ef1616c662dcc92bec04cc2c9e7fa82e078eee37b9611a006359f8dfade	27626	children/VERIFY-B1/members/DEL-06-02/negative_tests/mutated_clean.md
7289544d7670c2f62b98a38efcec8a3839dc02dd733ef7c8d850abe7174053e5	7908	children/VERIFY-B1/members/DEL-06-02/negative_tests/rejected_parity_report.json
8abfabfe987f7490de13256ce34a699529c90b263eab597f20c4eddb9e12a835	7744	children/VERIFY-B1/members/DEL-06-02/parity_1.json
a6e316ad9b5a3619ea790df832e8f104cf8cc2e6f8eabbecb5d9d94b4881d2a3	291	children/VERIFY-B1/members/DEL-06-02/parity_1.md
8abfabfe987f7490de13256ce34a699529c90b263eab597f20c4eddb9e12a835	7744	children/VERIFY-B1/members/DEL-06-02/parity_2.json
a6e316ad9b5a3619ea790df832e8f104cf8cc2e6f8eabbecb5d9d94b4881d2a3	291	children/VERIFY-B1/members/DEL-06-02/parity_2.md
296dc8efcafb6aac1edba629f8afe5792943d4e0ba6591ac2a5d0c928e621054	35781	children/VERIFY-B1/members/DEL-06-02/render_1.html
296dc8efcafb6aac1edba629f8afe5792943d4e0ba6591ac2a5d0c928e621054	35781	children/VERIFY-B1/members/DEL-06-02/render_2.html
43c4dd2901ff9848631e85b7cc67d8a931b7b79ab70afca2135a64dade2c8505	5494	children/VERIFY-B1/members/DEL-06-02/workspaces/repro1/kit/Datasheet.md
59721265c1e740f7d689fb376de6839c9ba897e9e3dcef06ae27e32e6e88bb26	24010	children/VERIFY-B1/members/DEL-06-02/workspaces/repro1/kit/Dependencies.csv
1f0aa129152ae83e69305c77fe736ddd2c66f2d98aacad348e13eeaa714b87b5	6162	children/VERIFY-B1/members/DEL-06-02/workspaces/repro1/kit/Guidance.md
ec01a1f8a0a8174a595cf3b87c81ed1a47948e96885feda4ad9b9d84b65676d1	5002	children/VERIFY-B1/members/DEL-06-02/workspaces/repro1/kit/Procedure.md
70708249bd899bfdf38ab98a2e16713d4d3c3ec27c006aab96af4b2b46ab46fd	35391	children/VERIFY-B1/members/DEL-06-02/workspaces/repro1/kit/ScopeOfWork.md
9ed6840ff9e3577aef97e1c34dbe08430f8d7d3dce03f3ac421fc2c6c2e4db5b	6937	children/VERIFY-B1/members/DEL-06-02/workspaces/repro1/kit/Specification.md
1cbe5cfedec19dfa5e0e147f209b716b5b8d52e42fc2b9f919f4a9218227cef0	3001	children/VERIFY-B1/members/DEL-06-02/workspaces/repro1/kit/_CONTEXT.md
ca2679dc52368889088b44b65fc0bda18c6b2b02ec4ce625789df1533ccc08ba	4799	children/VERIFY-B1/members/DEL-06-02/workspaces/repro1/kit/_DEPENDENCIES.md
d4534048171355a0cb609d649e56be171a012a60605c92e8cff62c9fa2f976b5	1368	children/VERIFY-B1/members/DEL-06-02/workspaces/repro1/kit/_REFERENCES.md
2d0764e42daac87d7d0cca530b10c51115c414b81ed3168f0f1b7ff1c1c22475	3548	children/VERIFY-B1/members/DEL-06-02/workspaces/repro1/kit/_STATUS.md
43c4dd2901ff9848631e85b7cc67d8a931b7b79ab70afca2135a64dade2c8505	5494	children/VERIFY-B1/members/DEL-06-02/workspaces/repro2/kit/Datasheet.md
59721265c1e740f7d689fb376de6839c9ba897e9e3dcef06ae27e32e6e88bb26	24010	children/VERIFY-B1/members/DEL-06-02/workspaces/repro2/kit/Dependencies.csv
1f0aa129152ae83e69305c77fe736ddd2c66f2d98aacad348e13eeaa714b87b5	6162	children/VERIFY-B1/members/DEL-06-02/workspaces/repro2/kit/Guidance.md
ec01a1f8a0a8174a595cf3b87c81ed1a47948e96885feda4ad9b9d84b65676d1	5002	children/VERIFY-B1/members/DEL-06-02/workspaces/repro2/kit/Procedure.md
70708249bd899bfdf38ab98a2e16713d4d3c3ec27c006aab96af4b2b46ab46fd	35391	children/VERIFY-B1/members/DEL-06-02/workspaces/repro2/kit/ScopeOfWork.md
9ed6840ff9e3577aef97e1c34dbe08430f8d7d3dce03f3ac421fc2c6c2e4db5b	6937	children/VERIFY-B1/members/DEL-06-02/workspaces/repro2/kit/Specification.md
1cbe5cfedec19dfa5e0e147f209b716b5b8d52e42fc2b9f919f4a9218227cef0	3001	children/VERIFY-B1/members/DEL-06-02/workspaces/repro2/kit/_CONTEXT.md
ca2679dc52368889088b44b65fc0bda18c6b2b02ec4ce625789df1533ccc08ba	4799	children/VERIFY-B1/members/DEL-06-02/workspaces/repro2/kit/_DEPENDENCIES.md
d4534048171355a0cb609d649e56be171a012a60605c92e8cff62c9fa2f976b5	1368	children/VERIFY-B1/members/DEL-06-02/workspaces/repro2/kit/_REFERENCES.md
2d0764e42daac87d7d0cca530b10c51115c414b81ed3168f0f1b7ff1c1c22475	3548	children/VERIFY-B1/members/DEL-06-02/workspaces/repro2/kit/_STATUS.md
591972b18c6dcda40356c0d58cef80e2ee78e3b1fad79df70dd1a6debefb5707	457	children/VERIFY-B1/members/DEL-06-03/DETERMINISM.json
23a4a991d88c25c48ac036c166642dca2b2aa17025d8cabb73744289924b5dbc	11412	children/VERIFY-B1/members/DEL-06-03/FINALIZATION_BINDING.json
ce80ba738c0d1c912ffc533726f0c06551e1d421f361fd6ff77c883b1e577144	1304	children/VERIFY-B1/members/DEL-06-03/FROZEN_AND_PRE_HASHES.json
936a091d825a70d2324ee6f57e7c27056dcfe6d453d18803920f8a4c8648df2f	1131	children/VERIFY-B1/members/DEL-06-03/POST_HASHES.json
0b1fd36d78bdc7c193874e95ad95d766f0056fab94cd10ca28b2efde0882b24c	1677	children/VERIFY-B1/members/DEL-06-03/SEMANTIC_AND_LITERAL_REVIEW.json
63f0bd87c0a2ec273ad63d2f336adec252c5ec68c584f761a87fab27130a07f6	816	children/VERIFY-B1/members/DEL-06-03/SUMMARY.json
33f27fe933ead8fe669158736527fdba5af03e3cb84e85db2377dd2173439cdc	387	children/VERIFY-B1/members/DEL-06-03/VERDICTS.json
62dae5a77c5699028c16725003ee9312851f4a91afaafa28a5eec6f5d2b53a4a	1723	children/VERIFY-B1/members/DEL-06-03/checklist_1.json
62dae5a77c5699028c16725003ee9312851f4a91afaafa28a5eec6f5d2b53a4a	1723	children/VERIFY-B1/members/DEL-06-03/checklist_2.json
7128aaa9c4647c2cb78dc3da75527dcf60c7b3eb5927f8c438ebcd13db14c0ee	5110	children/VERIFY-B1/members/DEL-06-03/claim_map_1.csv
7128aaa9c4647c2cb78dc3da75527dcf60c7b3eb5927f8c438ebcd13db14c0ee	5110	children/VERIFY-B1/members/DEL-06-03/claim_map_2.csv
5b57f990ca011e9b96450a99325a8b7512e17a05151d67ed7bf34a7e95340c85	640	children/VERIFY-B1/members/DEL-06-03/commands/checklist_1.json
24b68d6c1a3ab871c95f422db67d33a8b25d0a57f604e89a7a9b326531ba5f40	639	children/VERIFY-B1/members/DEL-06-03/commands/checklist_2.json
8068a838c6574abd01ad6ede071616c0d90559a062035df45f3f9b5a8f1b8ec8	2203	children/VERIFY-B1/members/DEL-06-03/commands/convert_repro1.json
91e2412933171d08cd0a88ef02d3d3e4d5aa8e013e853184fe6995da2e5c9297	2204	children/VERIFY-B1/members/DEL-06-03/commands/convert_repro2.json
528a3038325c0c338a66e92399e727a70aabf64f445feefff8760747b1191a4a	1168	children/VERIFY-B1/members/DEL-06-03/commands/finalize_repro1.json
01ba62a8a2b203089250ea2008e1bb7820caee77b71b78170cd2b1361bbbc1e0	1167	children/VERIFY-B1/members/DEL-06-03/commands/finalize_repro2.json
c3ec6d1b56e0026a39fa3c297559397992c915a63f0f30a672efcac53b5dd580	1238	children/VERIFY-B1/members/DEL-06-03/commands/map_1.json
b37966c686a62b787a6c87a0ea922fdb3749f778616046fe3fb5a9e4145d811c	1238	children/VERIFY-B1/members/DEL-06-03/commands/map_2.json
84f8ef6b13f99623e31feaa2f39c6980f3130d1e194e1efe7ff0ba34f34a4604	1192	children/VERIFY-B1/members/DEL-06-03/commands/negative_1_map_mutated_clean.json
9289bb6e9d87905fcc50c09f33f38400aedc8c5101000e42710cd7841fca3c1c	1242	children/VERIFY-B1/members/DEL-06-03/commands/negative_2_parity_mutated_clean.json
d311c1126ea363aeea9f10c99b398a2e789b0b85c252619afce5262b577e102d	873	children/VERIFY-B1/members/DEL-06-03/commands/negative_3_checklist_evidence.json
0f9b6dbae09f36b5f515c20047fb280b3efb5330ac38a1be070bdc5af12a49b2	841	children/VERIFY-B1/members/DEL-06-03/commands/negative_4_render_evidence.json
8f2f23b8116a7ff02bc5de090716db767104584d4415249b5dd05ec187a80839	928	children/VERIFY-B1/members/DEL-06-03/commands/negative_5_partial_input.json
83b698f775d63fe3bc77d5442fd57e2d5b77ddd3bc2b53b43ceb4daaa8f22fb4	941	children/VERIFY-B1/members/DEL-06-03/commands/negative_6_unauthorized_dual.json
909ea41a88d436161b09f44aefb326cd0ae1d27ad674fc45b96a4d7338805914	1038	children/VERIFY-B1/members/DEL-06-03/commands/negative_7_wrong_authority_checklist.json
2a6a28767036d2fb09031efa523348bdd28e32795ee78c07cc95a99b49de1d51	1331	children/VERIFY-B1/members/DEL-06-03/commands/parity_1.json
7543538fa097b6f7d699495e844e4d142cb2609a7f81fd5ab0d70f6213baa8da	1332	children/VERIFY-B1/members/DEL-06-03/commands/parity_2.json
5eed1bcbc2637ebc863014670320dfd2a6d191154921e232cea1ebbf0f70d356	631	children/VERIFY-B1/members/DEL-06-03/commands/render_1.json
f97c75968059115b8f1774a5de6ebd49b5e38e46294e656a89876410a457e80b	631	children/VERIFY-B1/members/DEL-06-03/commands/render_2.json
930286acf861808b6bf1352f919751da84494c8f663edcafcb0c411a37465b5e	747	children/VERIFY-B1/members/DEL-06-03/commands/validate_clean.json
30daf88b5206468c4f51b6fd29b5dbe4865c6c63b9d2acd2b57d16173fda9d57	931	children/VERIFY-B1/members/DEL-06-03/commands/validate_evidence_authorized.json
9404636c5eb9becf8fa2c5c3df12aa7d32e276783664b9dfa4970f3f5f651e1f	20236	children/VERIFY-B1/members/DEL-06-03/finalizations/repro1/ScopeOfWork.md
8badd94e19ddcfd17534850eca25b12914cdfcadfbfb706ef0c09c4a0536c3ae	10726	children/VERIFY-B1/members/DEL-06-03/finalizations/repro1/finalization.json
9404636c5eb9becf8fa2c5c3df12aa7d32e276783664b9dfa4970f3f5f651e1f	20236	children/VERIFY-B1/members/DEL-06-03/finalizations/repro2/ScopeOfWork.md
8badd94e19ddcfd17534850eca25b12914cdfcadfbfb706ef0c09c4a0536c3ae	10726	children/VERIFY-B1/members/DEL-06-03/finalizations/repro2/finalization.json
c9eb60a8983e2b88d00bc197ac12ff86cb2a9e700e32c6213c34b7fd662c58ef	4496	children/VERIFY-B1/members/DEL-06-03/negative_dual/Datasheet.md
7ffca12674d35e875e9329bb3d9c39e8d3cf4e76b26b43afd4070d8b8483591a	22150	children/VERIFY-B1/members/DEL-06-03/negative_dual/Dependencies.csv
39fefc2c7b8271f90d804ccb30badec4db299b902a7451923a2fb5c30492baa7	3639	children/VERIFY-B1/members/DEL-06-03/negative_dual/Guidance.md
d41f66de507e029cff0c3c9c6a84238181c743650e360d61515ed6b03a703cd4	3209	children/VERIFY-B1/members/DEL-06-03/negative_dual/Procedure.md
f8c758b78a1d576cf7de2da9ccc09059d4a6975acf03e6213349b503978c9a2a	26990	children/VERIFY-B1/members/DEL-06-03/negative_dual/ScopeOfWork.md
10dcc8e71d72db9ed622ae646f72e526321fd2fdb980fca260005da520ace3eb	5287	children/VERIFY-B1/members/DEL-06-03/negative_dual/Specification.md
73e27c3a4a03fa76a51dcd8898bcac680126edd7eba3c7048415c383c94ababa	2990	children/VERIFY-B1/members/DEL-06-03/negative_dual/_CONTEXT.md
03e8641c22b2025427fd650ff0f3357dcdbc97f142f837461835283d63845df2	4475	children/VERIFY-B1/members/DEL-06-03/negative_dual/_DEPENDENCIES.md
6d3187b4834558e7b847b8edca9b48f7635bf4a805e13e0e5dde72595c57c717	1362	children/VERIFY-B1/members/DEL-06-03/negative_dual/_REFERENCES.md
d81f2a74e2f2363b072365dd5e1450d9c5382354efcab203ddeeb886ff748811	2484	children/VERIFY-B1/members/DEL-06-03/negative_dual/_STATUS.md
c9eb60a8983e2b88d00bc197ac12ff86cb2a9e700e32c6213c34b7fd662c58ef	4496	children/VERIFY-B1/members/DEL-06-03/negative_partial/Datasheet.md
e45e849ee2d80ddf311e7c547bc9ac0aa2428475b393668852c5b14cd369bf36	20272	children/VERIFY-B1/members/DEL-06-03/negative_tests/mutated_clean.md
ffdaa06488348eb5acfffc17b853185dba5ff1c51e1eff529131f3ba5421a8cd	6911	children/VERIFY-B1/members/DEL-06-03/negative_tests/rejected_parity_report.json
66bf527a76037b8ebd58e89865c48a5878618de4a1acebb86756cf247cedf1b1	6747	children/VERIFY-B1/members/DEL-06-03/parity_1.json
41723192f710e5b7499057a2daf4a5023bbd08a2f42e48d306a8019ebe53db41	291	children/VERIFY-B1/members/DEL-06-03/parity_1.md
66bf527a76037b8ebd58e89865c48a5878618de4a1acebb86756cf247cedf1b1	6747	children/VERIFY-B1/members/DEL-06-03/parity_2.json
41723192f710e5b7499057a2daf4a5023bbd08a2f42e48d306a8019ebe53db41	291	children/VERIFY-B1/members/DEL-06-03/parity_2.md
f22510d37f05c6b03c1b9278d16b0348a2b8baadf49e9ac6981e7a8296f41d47	26687	children/VERIFY-B1/members/DEL-06-03/render_1.html
f22510d37f05c6b03c1b9278d16b0348a2b8baadf49e9ac6981e7a8296f41d47	26687	children/VERIFY-B1/members/DEL-06-03/render_2.html
c9eb60a8983e2b88d00bc197ac12ff86cb2a9e700e32c6213c34b7fd662c58ef	4496	children/VERIFY-B1/members/DEL-06-03/workspaces/repro1/kit/Datasheet.md
7ffca12674d35e875e9329bb3d9c39e8d3cf4e76b26b43afd4070d8b8483591a	22150	children/VERIFY-B1/members/DEL-06-03/workspaces/repro1/kit/Dependencies.csv
39fefc2c7b8271f90d804ccb30badec4db299b902a7451923a2fb5c30492baa7	3639	children/VERIFY-B1/members/DEL-06-03/workspaces/repro1/kit/Guidance.md
d41f66de507e029cff0c3c9c6a84238181c743650e360d61515ed6b03a703cd4	3209	children/VERIFY-B1/members/DEL-06-03/workspaces/repro1/kit/Procedure.md
f8c758b78a1d576cf7de2da9ccc09059d4a6975acf03e6213349b503978c9a2a	26990	children/VERIFY-B1/members/DEL-06-03/workspaces/repro1/kit/ScopeOfWork.md
10dcc8e71d72db9ed622ae646f72e526321fd2fdb980fca260005da520ace3eb	5287	children/VERIFY-B1/members/DEL-06-03/workspaces/repro1/kit/Specification.md
73e27c3a4a03fa76a51dcd8898bcac680126edd7eba3c7048415c383c94ababa	2990	children/VERIFY-B1/members/DEL-06-03/workspaces/repro1/kit/_CONTEXT.md
03e8641c22b2025427fd650ff0f3357dcdbc97f142f837461835283d63845df2	4475	children/VERIFY-B1/members/DEL-06-03/workspaces/repro1/kit/_DEPENDENCIES.md
6d3187b4834558e7b847b8edca9b48f7635bf4a805e13e0e5dde72595c57c717	1362	children/VERIFY-B1/members/DEL-06-03/workspaces/repro1/kit/_REFERENCES.md
d81f2a74e2f2363b072365dd5e1450d9c5382354efcab203ddeeb886ff748811	2484	children/VERIFY-B1/members/DEL-06-03/workspaces/repro1/kit/_STATUS.md
c9eb60a8983e2b88d00bc197ac12ff86cb2a9e700e32c6213c34b7fd662c58ef	4496	children/VERIFY-B1/members/DEL-06-03/workspaces/repro2/kit/Datasheet.md
7ffca12674d35e875e9329bb3d9c39e8d3cf4e76b26b43afd4070d8b8483591a	22150	children/VERIFY-B1/members/DEL-06-03/workspaces/repro2/kit/Dependencies.csv
39fefc2c7b8271f90d804ccb30badec4db299b902a7451923a2fb5c30492baa7	3639	children/VERIFY-B1/members/DEL-06-03/workspaces/repro2/kit/Guidance.md
d41f66de507e029cff0c3c9c6a84238181c743650e360d61515ed6b03a703cd4	3209	children/VERIFY-B1/members/DEL-06-03/workspaces/repro2/kit/Procedure.md
f8c758b78a1d576cf7de2da9ccc09059d4a6975acf03e6213349b503978c9a2a	26990	children/VERIFY-B1/members/DEL-06-03/workspaces/repro2/kit/ScopeOfWork.md
10dcc8e71d72db9ed622ae646f72e526321fd2fdb980fca260005da520ace3eb	5287	children/VERIFY-B1/members/DEL-06-03/workspaces/repro2/kit/Specification.md
73e27c3a4a03fa76a51dcd8898bcac680126edd7eba3c7048415c383c94ababa	2990	children/VERIFY-B1/members/DEL-06-03/workspaces/repro2/kit/_CONTEXT.md
03e8641c22b2025427fd650ff0f3357dcdbc97f142f837461835283d63845df2	4475	children/VERIFY-B1/members/DEL-06-03/workspaces/repro2/kit/_DEPENDENCIES.md
6d3187b4834558e7b847b8edca9b48f7635bf4a805e13e0e5dde72595c57c717	1362	children/VERIFY-B1/members/DEL-06-03/workspaces/repro2/kit/_REFERENCES.md
d81f2a74e2f2363b072365dd5e1450d9c5382354efcab203ddeeb886ff748811	2484	children/VERIFY-B1/members/DEL-06-03/workspaces/repro2/kit/_STATUS.md
d491b7c571c5bd6454b1b6c4bd807a83cb478db21b256556e84ce4d137808092	457	children/VERIFY-B1/members/DEL-06-04/DETERMINISM.json
a0d29cab4dc435d224f33035d4220b3c9e0dddb031d205d3c1b8a6d6706ab438	10683	children/VERIFY-B1/members/DEL-06-04/FINALIZATION_BINDING.json
cebe99bbdb3271a26135a210458e8e3767219345f2b462f15b2d26577e1cbf82	1304	children/VERIFY-B1/members/DEL-06-04/FROZEN_AND_PRE_HASHES.json
108c5f22457b32fba5f3d4d28e264d9665b4de8cb188961d8ab2489d866be0f3	1131	children/VERIFY-B1/members/DEL-06-04/POST_HASHES.json
7ddbe6d9bba4bbcbc2113d2b50a92ef3e4ef75ae2e40808d994b40e11d2a2c38	1663	children/VERIFY-B1/members/DEL-06-04/SEMANTIC_AND_LITERAL_REVIEW.json
f3ca790d97ab1839721ba027ec3a07f48435de65a4d54fe34539971912d5011e	816	children/VERIFY-B1/members/DEL-06-04/SUMMARY.json
33f27fe933ead8fe669158736527fdba5af03e3cb84e85db2377dd2173439cdc	387	children/VERIFY-B1/members/DEL-06-04/VERDICTS.json
a1469f4bef8cf1b14dc3b1db336ce264b6175ba826586b1b758a4abee373d26e	1660	children/VERIFY-B1/members/DEL-06-04/checklist_1.json
a1469f4bef8cf1b14dc3b1db336ce264b6175ba826586b1b758a4abee373d26e	1660	children/VERIFY-B1/members/DEL-06-04/checklist_2.json
1825a012aa375a34889d79cc5e7cd18209d96be6bf945237ec205b9d4ae289b6	4767	children/VERIFY-B1/members/DEL-06-04/claim_map_1.csv
1825a012aa375a34889d79cc5e7cd18209d96be6bf945237ec205b9d4ae289b6	4767	children/VERIFY-B1/members/DEL-06-04/claim_map_2.csv
2cc71085bc9161412c7da45a249a07c9758d6abc6c44456b81cb48319b9c3100	640	children/VERIFY-B1/members/DEL-06-04/commands/checklist_1.json
2249d7cf6879b79789df795c0c5553a7a5d53de2d9028adf88cbefaac76472c8	640	children/VERIFY-B1/members/DEL-06-04/commands/checklist_2.json
cee49a2583b097b5bd29455193a9d943cd6cd172e197ebc658b2cee180b211a9	2190	children/VERIFY-B1/members/DEL-06-04/commands/convert_repro1.json
5b53e0fd6f0d0c0f56ac0f9228eea0172e49ac5c560763fa54484d5ebc62b14c	2190	children/VERIFY-B1/members/DEL-06-04/commands/convert_repro2.json
ba9efcd1bb14cf991af3153255ba992e18bba02635706af3c62cee8130709517	1168	children/VERIFY-B1/members/DEL-06-04/commands/finalize_repro1.json
b62f541bac10a56a8dd552f920d072e727de34acda185e93682c09418126de99	1168	children/VERIFY-B1/members/DEL-06-04/commands/finalize_repro2.json
979b8bd0245ee4b7841294e93729647f58e6644d55eea15f7e8957163afba3e6	1251	children/VERIFY-B1/members/DEL-06-04/commands/map_1.json
2fbf338dfdcda0f64c7f39974c5234e06b582de47b786bb7b19e9e5e54cbe1d3	1251	children/VERIFY-B1/members/DEL-06-04/commands/map_2.json
851542b9e58a1edb4cb543c0b2daa94b969b175f44b3fcfb3c62453227834a96	1206	children/VERIFY-B1/members/DEL-06-04/commands/negative_1_map_mutated_clean.json
2b033f14a4d0483f672fb814e13517281d727c6a725998b37f36422a7b047d47	1255	children/VERIFY-B1/members/DEL-06-04/commands/negative_2_parity_mutated_clean.json
0f35bf7c4f29ac54b1fe8ccfaa86b99e7a829464989ee5847936adbe4e13bfaf	873	children/VERIFY-B1/members/DEL-06-04/commands/negative_3_checklist_evidence.json
7058938ea2abf98b17065fc441f4cea770751f1b20fca6d924f6a963e4ee603b	841	children/VERIFY-B1/members/DEL-06-04/commands/negative_4_render_evidence.json
a5e92f91a3509e2a5e102de1d2fcea112d9f96e0fc410c619d9602e103d0f490	928	children/VERIFY-B1/members/DEL-06-04/commands/negative_5_partial_input.json
773289e612fd81dbfe1d79e83dabfa7be5cd2f9e57b429648e6e14da5a2375a2	941	children/VERIFY-B1/members/DEL-06-04/commands/negative_6_unauthorized_dual.json
5ec1364ab22102ab5fafc55a72975fa420fe8ad6a0a52776048a6d112e0465b7	1038	children/VERIFY-B1/members/DEL-06-04/commands/negative_7_wrong_authority_checklist.json
8fc16659884a5a5f24f8ead040c37de4b77d56f2c3c14bc626b5364c660711ab	1345	children/VERIFY-B1/members/DEL-06-04/commands/parity_1.json
1c545781271e36285e4d1173a1097512521c41e22436b47b7df106de7039d7eb	1346	children/VERIFY-B1/members/DEL-06-04/commands/parity_2.json
e49c959711b5b7076bf495c5b141030ac32f403a4c9e9a78284610fbc5471865	630	children/VERIFY-B1/members/DEL-06-04/commands/render_1.json
fe3f0f1ceb292259142539839cbf6a72b058d427c18feabd48cad33fbce0a69d	631	children/VERIFY-B1/members/DEL-06-04/commands/render_2.json
a7df6e30ef7313700557e483a6fef72905d30f32dd63146379df3a8e569df5b5	747	children/VERIFY-B1/members/DEL-06-04/commands/validate_clean.json
676d0ab6737a59b8dd7857156f2f09f119c4015014e17c7684e223c1ab2584b6	931	children/VERIFY-B1/members/DEL-06-04/commands/validate_evidence_authorized.json
58ab8ae2e0a65bfc816c9f3d5ba775381eac2ca86fa74635b0609cfbf2d865a5	24929	children/VERIFY-B1/members/DEL-06-04/finalizations/repro1/ScopeOfWork.md
9e162ce9e4549846cdc3d9aeee5f741f53ca0f101a0595c57e760fcb05b3ed32	10033	children/VERIFY-B1/members/DEL-06-04/finalizations/repro1/finalization.json
58ab8ae2e0a65bfc816c9f3d5ba775381eac2ca86fa74635b0609cfbf2d865a5	24929	children/VERIFY-B1/members/DEL-06-04/finalizations/repro2/ScopeOfWork.md
9e162ce9e4549846cdc3d9aeee5f741f53ca0f101a0595c57e760fcb05b3ed32	10033	children/VERIFY-B1/members/DEL-06-04/finalizations/repro2/finalization.json
842823f33ec11a9d374ba92c12698ffca75571735b6ddcec550c5f8430908a80	5372	children/VERIFY-B1/members/DEL-06-04/negative_dual/Datasheet.md
b7c9b41d279aa464e0708f4e7a14056c463b209d8799727fab2966a131c46e32	27729	children/VERIFY-B1/members/DEL-06-04/negative_dual/Dependencies.csv
b1ec2b1a528bf1cf3067e89863510023d4ffcb66b10dccb5c07da2739b627f1a	4672	children/VERIFY-B1/members/DEL-06-04/negative_dual/Guidance.md
2bea57ed01c01bba5d4287c981ff61e7dd80ae2c7b50b49715528837e81dcc42	4634	children/VERIFY-B1/members/DEL-06-04/negative_dual/Procedure.md
1c6755846908ffde2c2e07ee103ad6a141e3e6f6c732652c30481601314b110f	31129	children/VERIFY-B1/members/DEL-06-04/negative_dual/ScopeOfWork.md
f6b9a72bada7c31fd13c456eee0e868ffe131df2ddf8d09328a20e1a30286bf5	6626	children/VERIFY-B1/members/DEL-06-04/negative_dual/Specification.md
d9377be99a91d63103ce5f0a929f37e261e148f7356d8a1b5160bc8581b990a2	3038	children/VERIFY-B1/members/DEL-06-04/negative_dual/_CONTEXT.md
0d16954e516102a951696a215f054c9938c7ddaf01ad56bd53d4200dadf15bff	4827	children/VERIFY-B1/members/DEL-06-04/negative_dual/_DEPENDENCIES.md
8cb63cc330477c4dffdf395fdc2f6995dfa904c9f8aa29e8998e8e8de268bc11	1376	children/VERIFY-B1/members/DEL-06-04/negative_dual/_REFERENCES.md
9b883a4ba4217c4b68e30375f2afad40b317eb7d56af46d433cfc2ac5e4ce2c6	3511	children/VERIFY-B1/members/DEL-06-04/negative_dual/_STATUS.md
842823f33ec11a9d374ba92c12698ffca75571735b6ddcec550c5f8430908a80	5372	children/VERIFY-B1/members/DEL-06-04/negative_partial/Datasheet.md
9b6837b6b25769f98ddad11438df7f0a5d85234bbf90d9b69d7fbb19da8d8ae8	24965	children/VERIFY-B1/members/DEL-06-04/negative_tests/mutated_clean.md
329a6494ee3c6127d4adc14debdd79a21a82bc1596b9ed0d6bc000758bb1794d	6504	children/VERIFY-B1/members/DEL-06-04/negative_tests/rejected_parity_report.json
1063839b096959c88072e9e5c0c2341eeecc02978fd2433427685b2cdcc7187b	6340	children/VERIFY-B1/members/DEL-06-04/parity_1.json
e2f64a0060ddeeb18a722f776e668ded1163221f783d0b5cd6213594c0417d11	291	children/VERIFY-B1/members/DEL-06-04/parity_1.md
1063839b096959c88072e9e5c0c2341eeecc02978fd2433427685b2cdcc7187b	6340	children/VERIFY-B1/members/DEL-06-04/parity_2.json
e2f64a0060ddeeb18a722f776e668ded1163221f783d0b5cd6213594c0417d11	291	children/VERIFY-B1/members/DEL-06-04/parity_2.md
bac28658bdd92fd7d1596904a94b4cda4f0417a8ea9cfe97dbd40ae96340654e	31489	children/VERIFY-B1/members/DEL-06-04/render_1.html
bac28658bdd92fd7d1596904a94b4cda4f0417a8ea9cfe97dbd40ae96340654e	31489	children/VERIFY-B1/members/DEL-06-04/render_2.html
842823f33ec11a9d374ba92c12698ffca75571735b6ddcec550c5f8430908a80	5372	children/VERIFY-B1/members/DEL-06-04/workspaces/repro1/kit/Datasheet.md
b7c9b41d279aa464e0708f4e7a14056c463b209d8799727fab2966a131c46e32	27729	children/VERIFY-B1/members/DEL-06-04/workspaces/repro1/kit/Dependencies.csv
b1ec2b1a528bf1cf3067e89863510023d4ffcb66b10dccb5c07da2739b627f1a	4672	children/VERIFY-B1/members/DEL-06-04/workspaces/repro1/kit/Guidance.md
2bea57ed01c01bba5d4287c981ff61e7dd80ae2c7b50b49715528837e81dcc42	4634	children/VERIFY-B1/members/DEL-06-04/workspaces/repro1/kit/Procedure.md
1c6755846908ffde2c2e07ee103ad6a141e3e6f6c732652c30481601314b110f	31129	children/VERIFY-B1/members/DEL-06-04/workspaces/repro1/kit/ScopeOfWork.md
f6b9a72bada7c31fd13c456eee0e868ffe131df2ddf8d09328a20e1a30286bf5	6626	children/VERIFY-B1/members/DEL-06-04/workspaces/repro1/kit/Specification.md
d9377be99a91d63103ce5f0a929f37e261e148f7356d8a1b5160bc8581b990a2	3038	children/VERIFY-B1/members/DEL-06-04/workspaces/repro1/kit/_CONTEXT.md
0d16954e516102a951696a215f054c9938c7ddaf01ad56bd53d4200dadf15bff	4827	children/VERIFY-B1/members/DEL-06-04/workspaces/repro1/kit/_DEPENDENCIES.md
8cb63cc330477c4dffdf395fdc2f6995dfa904c9f8aa29e8998e8e8de268bc11	1376	children/VERIFY-B1/members/DEL-06-04/workspaces/repro1/kit/_REFERENCES.md
9b883a4ba4217c4b68e30375f2afad40b317eb7d56af46d433cfc2ac5e4ce2c6	3511	children/VERIFY-B1/members/DEL-06-04/workspaces/repro1/kit/_STATUS.md
842823f33ec11a9d374ba92c12698ffca75571735b6ddcec550c5f8430908a80	5372	children/VERIFY-B1/members/DEL-06-04/workspaces/repro2/kit/Datasheet.md
b7c9b41d279aa464e0708f4e7a14056c463b209d8799727fab2966a131c46e32	27729	children/VERIFY-B1/members/DEL-06-04/workspaces/repro2/kit/Dependencies.csv
b1ec2b1a528bf1cf3067e89863510023d4ffcb66b10dccb5c07da2739b627f1a	4672	children/VERIFY-B1/members/DEL-06-04/workspaces/repro2/kit/Guidance.md
2bea57ed01c01bba5d4287c981ff61e7dd80ae2c7b50b49715528837e81dcc42	4634	children/VERIFY-B1/members/DEL-06-04/workspaces/repro2/kit/Procedure.md
1c6755846908ffde2c2e07ee103ad6a141e3e6f6c732652c30481601314b110f	31129	children/VERIFY-B1/members/DEL-06-04/workspaces/repro2/kit/ScopeOfWork.md
f6b9a72bada7c31fd13c456eee0e868ffe131df2ddf8d09328a20e1a30286bf5	6626	children/VERIFY-B1/members/DEL-06-04/workspaces/repro2/kit/Specification.md
d9377be99a91d63103ce5f0a929f37e261e148f7356d8a1b5160bc8581b990a2	3038	children/VERIFY-B1/members/DEL-06-04/workspaces/repro2/kit/_CONTEXT.md
0d16954e516102a951696a215f054c9938c7ddaf01ad56bd53d4200dadf15bff	4827	children/VERIFY-B1/members/DEL-06-04/workspaces/repro2/kit/_DEPENDENCIES.md
8cb63cc330477c4dffdf395fdc2f6995dfa904c9f8aa29e8998e8e8de268bc11	1376	children/VERIFY-B1/members/DEL-06-04/workspaces/repro2/kit/_REFERENCES.md
9b883a4ba4217c4b68e30375f2afad40b317eb7d56af46d433cfc2ac5e4ce2c6	3511	children/VERIFY-B1/members/DEL-06-04/workspaces/repro2/kit/_STATUS.md
9e949548ceb460d6ad0d5a52a10e2107e76d71ae3cead4388f25031e9a053244	457	children/VERIFY-B1/members/DEL-06-05/DETERMINISM.json
ee6b2b7135ae3013e0e78361af6d3ed86b23b978fe21cc7ae2224eea35da67ee	11048	children/VERIFY-B1/members/DEL-06-05/FINALIZATION_BINDING.json
48e194322f843e675d4fe049381d0ee3fae43d13f443796acc600c2b15150ac4	1304	children/VERIFY-B1/members/DEL-06-05/FROZEN_AND_PRE_HASHES.json
c71fee9ad50bbe46656403ac6a857b2d141498d4fb8146b3d954bba8f6ff8370	1131	children/VERIFY-B1/members/DEL-06-05/POST_HASHES.json
92f97a58634b27d6d272026cc149c9eb957ac613e9ace485d74591d918d376c4	1679	children/VERIFY-B1/members/DEL-06-05/SEMANTIC_AND_LITERAL_REVIEW.json
f6f920f83fbaa0044f1c631e4ec032d308328e807da0c0cf89254d42891d572b	816	children/VERIFY-B1/members/DEL-06-05/SUMMARY.json
33f27fe933ead8fe669158736527fdba5af03e3cb84e85db2377dd2173439cdc	387	children/VERIFY-B1/members/DEL-06-05/VERDICTS.json
47f6a6070102e84cbbd5376e0dadd73bf26a92d3d7cfe277ab1f2bf518f819fa	1696	children/VERIFY-B1/members/DEL-06-05/checklist_1.json
47f6a6070102e84cbbd5376e0dadd73bf26a92d3d7cfe277ab1f2bf518f819fa	1696	children/VERIFY-B1/members/DEL-06-05/checklist_2.json
6cb709b6e56cffd56a659c6613b57cb3dc432e3c9d2c15be12b7b0cd7fc4244f	4939	children/VERIFY-B1/members/DEL-06-05/claim_map_1.csv
6cb709b6e56cffd56a659c6613b57cb3dc432e3c9d2c15be12b7b0cd7fc4244f	4939	children/VERIFY-B1/members/DEL-06-05/claim_map_2.csv
9ff436b1e9be128226dca954f32cf99e665af2987cf61536485232af222dcb59	640	children/VERIFY-B1/members/DEL-06-05/commands/checklist_1.json
81add8247e097fe535c9f77b4b6ba2c509eb7d3958caabd74a1d1dccdf929cc2	640	children/VERIFY-B1/members/DEL-06-05/commands/checklist_2.json
37561269202361cba001ff510af29498d7b2668e75372c7a54c7ecec98e798ca	2206	children/VERIFY-B1/members/DEL-06-05/commands/convert_repro1.json
87d2d70ca172ed3cc3f3268e3782c4fd2244ca51cca58da7b8a41c4b3d742d17	2206	children/VERIFY-B1/members/DEL-06-05/commands/convert_repro2.json
9eabf4b7819abdee00f4aabf27e55aa4a1b6655274cc6c4c68a9c60bb6764bea	1168	children/VERIFY-B1/members/DEL-06-05/commands/finalize_repro1.json
83f752f5a14a001b68010914520adccd7180a249335f26868bd3d2bd4df262d7	1168	children/VERIFY-B1/members/DEL-06-05/commands/finalize_repro2.json
d8215ee4211c63495d194426c55bdd8ddb523c1f13f7ba7d19aaf3fdba232c9c	1238	children/VERIFY-B1/members/DEL-06-05/commands/map_1.json
0f0c03a2b90e78dd4ab4936ef39e259717052dd9e8386b9d04998872ac84e8d0	1238	children/VERIFY-B1/members/DEL-06-05/commands/map_2.json
c7497ce50a4253d5dc22e52c558c6c69bd5cb73276a091b964969b5b68ff12a3	1192	children/VERIFY-B1/members/DEL-06-05/commands/negative_1_map_mutated_clean.json
0e637b8ce8bdef0c7a11ba3c5ac0539b36150294c19251494855029e4563badd	1242	children/VERIFY-B1/members/DEL-06-05/commands/negative_2_parity_mutated_clean.json
53f754f50846a06f27dd811ba391ec1b8eacb31876de9f9eb160e77f0e4bebc8	873	children/VERIFY-B1/members/DEL-06-05/commands/negative_3_checklist_evidence.json
5e2882215f0fd50ad8f75d7a38872b0b8ee89749812e9d8e12f550b35d7aabfe	841	children/VERIFY-B1/members/DEL-06-05/commands/negative_4_render_evidence.json
fd378d962ffbabbb79d3461f14f7459c491c3dbc8db7ab261a083e2cc5e9986b	928	children/VERIFY-B1/members/DEL-06-05/commands/negative_5_partial_input.json
6c26f65603ff256f46be5476a4b1f0edf952477b2a08e3a3bf7e356e366c0b26	941	children/VERIFY-B1/members/DEL-06-05/commands/negative_6_unauthorized_dual.json
8f7e7a73babf3edab002c43dfc6f7cf28edce6805c91a06f8a057b59936e92f8	1038	children/VERIFY-B1/members/DEL-06-05/commands/negative_7_wrong_authority_checklist.json
04986f42a6bd63dfabfa2653a52394021a711c867b0018ff672be0f7b667f09b	1332	children/VERIFY-B1/members/DEL-06-05/commands/parity_1.json
70d6c08fbd791163d2246ec25287d448a5afc77911dd8084ea79851cab64bffd	1332	children/VERIFY-B1/members/DEL-06-05/commands/parity_2.json
1842f9f98c13c3549f54a3125dcd076a4d32dce9c96105df1038a63903d411f2	631	children/VERIFY-B1/members/DEL-06-05/commands/render_1.json
6c97adb1ef179df6ee97dcf3d2b5c2288e352a3a74a2f9c6b597986801536c64	631	children/VERIFY-B1/members/DEL-06-05/commands/render_2.json
de30630accc37dce50f4282707a268267a48fecfc53464fa26c1148d5893282a	747	children/VERIFY-B1/members/DEL-06-05/commands/validate_clean.json
0102f350c37d612a863c68d651e957b71f9078cf67c26b7c1758f83c7a0f3445	931	children/VERIFY-B1/members/DEL-06-05/commands/validate_evidence_authorized.json
3b05da1fc58d3bb2023ca707ff7325ca390f8c6106765bec8e22c9f17a14aad8	23698	children/VERIFY-B1/members/DEL-06-05/finalizations/repro1/ScopeOfWork.md
a15d3c97cf01040d25c0201fdf0d79f8baaa9472ffe54f4fa501b92bf1f6daaa	10380	children/VERIFY-B1/members/DEL-06-05/finalizations/repro1/finalization.json
3b05da1fc58d3bb2023ca707ff7325ca390f8c6106765bec8e22c9f17a14aad8	23698	children/VERIFY-B1/members/DEL-06-05/finalizations/repro2/ScopeOfWork.md
a15d3c97cf01040d25c0201fdf0d79f8baaa9472ffe54f4fa501b92bf1f6daaa	10380	children/VERIFY-B1/members/DEL-06-05/finalizations/repro2/finalization.json
4067b772f14c67aca22c8d6a01c682b11092dd8a97babb6fb4f79e9aa81912e3	5262	children/VERIFY-B1/members/DEL-06-05/negative_dual/Datasheet.md
18c22c6565a348a9bb0cd3ccff7635b2f698440eefd1d81af01551fc1ab0e7f5	22516	children/VERIFY-B1/members/DEL-06-05/negative_dual/Dependencies.csv
c8aa6444e4621529c3826efe321f5bf8fddd396f356cb2a86c30ceb3b7c4d244	4590	children/VERIFY-B1/members/DEL-06-05/negative_dual/Guidance.md
4e020d7e416cece6c61e842b6ad76eb40f1d60f96290774f593cdd44dc7481a8	4230	children/VERIFY-B1/members/DEL-06-05/negative_dual/Procedure.md
5721725b89007da54ac58dc0d944dbc5f248d0a32ec581d40d9962bb4734eabc	30112	children/VERIFY-B1/members/DEL-06-05/negative_dual/ScopeOfWork.md
bb444b4ed97789df2aa11772291fff8ec362f5a14e7c92ac3152f6e9be41297f	5945	children/VERIFY-B1/members/DEL-06-05/negative_dual/Specification.md
f179d097e485ccdc4aed01928e3b2291122f96c4f1ffa4e69d7eb39d45379829	2978	children/VERIFY-B1/members/DEL-06-05/negative_dual/_CONTEXT.md
768bf0d7b3cf771183aa00ed20e7489bfaa3fcd7fd16127781e10e656b0a96a8	4701	children/VERIFY-B1/members/DEL-06-05/negative_dual/_DEPENDENCIES.md
50fdd68cb34bbbe8acf3da24b972601e120ae8f9377b0dd57f04f2969ffd5eb6	1362	children/VERIFY-B1/members/DEL-06-05/negative_dual/_REFERENCES.md
a1c1a4687b872db04c3912dcd18be913b682a49a6e3a1ecf814cf6eb0559b206	2213	children/VERIFY-B1/members/DEL-06-05/negative_dual/_STATUS.md
4067b772f14c67aca22c8d6a01c682b11092dd8a97babb6fb4f79e9aa81912e3	5262	children/VERIFY-B1/members/DEL-06-05/negative_partial/Datasheet.md
071b978caa578e98c56c568b8be5d86cc66e5fd34bed67af83dcdb6e562ada47	23734	children/VERIFY-B1/members/DEL-06-05/negative_tests/mutated_clean.md
a84579928eec6d017c0070d019525f728a1df2bae2f6e5da033af0a5a8a38dfe	6708	children/VERIFY-B1/members/DEL-06-05/negative_tests/rejected_parity_report.json
295018ac6cb9972062b655c6977aac1857dabad20ac99b4a57392e88a2854e38	6544	children/VERIFY-B1/members/DEL-06-05/parity_1.json
3ec5d7df39eca2c9575c3c60d332186b866564142086d5c3b71b78c71d25dad8	291	children/VERIFY-B1/members/DEL-06-05/parity_1.md
295018ac6cb9972062b655c6977aac1857dabad20ac99b4a57392e88a2854e38	6544	children/VERIFY-B1/members/DEL-06-05/parity_2.json
3ec5d7df39eca2c9575c3c60d332186b866564142086d5c3b71b78c71d25dad8	291	children/VERIFY-B1/members/DEL-06-05/parity_2.md
3c6b971ccc316ece39d9831551d345d8b925fa7f512f692d94aa9ad1a90a35bc	31532	children/VERIFY-B1/members/DEL-06-05/render_1.html
3c6b971ccc316ece39d9831551d345d8b925fa7f512f692d94aa9ad1a90a35bc	31532	children/VERIFY-B1/members/DEL-06-05/render_2.html
4067b772f14c67aca22c8d6a01c682b11092dd8a97babb6fb4f79e9aa81912e3	5262	children/VERIFY-B1/members/DEL-06-05/workspaces/repro1/kit/Datasheet.md
18c22c6565a348a9bb0cd3ccff7635b2f698440eefd1d81af01551fc1ab0e7f5	22516	children/VERIFY-B1/members/DEL-06-05/workspaces/repro1/kit/Dependencies.csv
c8aa6444e4621529c3826efe321f5bf8fddd396f356cb2a86c30ceb3b7c4d244	4590	children/VERIFY-B1/members/DEL-06-05/workspaces/repro1/kit/Guidance.md
4e020d7e416cece6c61e842b6ad76eb40f1d60f96290774f593cdd44dc7481a8	4230	children/VERIFY-B1/members/DEL-06-05/workspaces/repro1/kit/Procedure.md
5721725b89007da54ac58dc0d944dbc5f248d0a32ec581d40d9962bb4734eabc	30112	children/VERIFY-B1/members/DEL-06-05/workspaces/repro1/kit/ScopeOfWork.md
bb444b4ed97789df2aa11772291fff8ec362f5a14e7c92ac3152f6e9be41297f	5945	children/VERIFY-B1/members/DEL-06-05/workspaces/repro1/kit/Specification.md
f179d097e485ccdc4aed01928e3b2291122f96c4f1ffa4e69d7eb39d45379829	2978	children/VERIFY-B1/members/DEL-06-05/workspaces/repro1/kit/_CONTEXT.md
768bf0d7b3cf771183aa00ed20e7489bfaa3fcd7fd16127781e10e656b0a96a8	4701	children/VERIFY-B1/members/DEL-06-05/workspaces/repro1/kit/_DEPENDENCIES.md
50fdd68cb34bbbe8acf3da24b972601e120ae8f9377b0dd57f04f2969ffd5eb6	1362	children/VERIFY-B1/members/DEL-06-05/workspaces/repro1/kit/_REFERENCES.md
a1c1a4687b872db04c3912dcd18be913b682a49a6e3a1ecf814cf6eb0559b206	2213	children/VERIFY-B1/members/DEL-06-05/workspaces/repro1/kit/_STATUS.md
4067b772f14c67aca22c8d6a01c682b11092dd8a97babb6fb4f79e9aa81912e3	5262	children/VERIFY-B1/members/DEL-06-05/workspaces/repro2/kit/Datasheet.md
18c22c6565a348a9bb0cd3ccff7635b2f698440eefd1d81af01551fc1ab0e7f5	22516	children/VERIFY-B1/members/DEL-06-05/workspaces/repro2/kit/Dependencies.csv
c8aa6444e4621529c3826efe321f5bf8fddd396f356cb2a86c30ceb3b7c4d244	4590	children/VERIFY-B1/members/DEL-06-05/workspaces/repro2/kit/Guidance.md
4e020d7e416cece6c61e842b6ad76eb40f1d60f96290774f593cdd44dc7481a8	4230	children/VERIFY-B1/members/DEL-06-05/workspaces/repro2/kit/Procedure.md
5721725b89007da54ac58dc0d944dbc5f248d0a32ec581d40d9962bb4734eabc	30112	children/VERIFY-B1/members/DEL-06-05/workspaces/repro2/kit/ScopeOfWork.md
bb444b4ed97789df2aa11772291fff8ec362f5a14e7c92ac3152f6e9be41297f	5945	children/VERIFY-B1/members/DEL-06-05/workspaces/repro2/kit/Specification.md
f179d097e485ccdc4aed01928e3b2291122f96c4f1ffa4e69d7eb39d45379829	2978	children/VERIFY-B1/members/DEL-06-05/workspaces/repro2/kit/_CONTEXT.md
768bf0d7b3cf771183aa00ed20e7489bfaa3fcd7fd16127781e10e656b0a96a8	4701	children/VERIFY-B1/members/DEL-06-05/workspaces/repro2/kit/_DEPENDENCIES.md
50fdd68cb34bbbe8acf3da24b972601e120ae8f9377b0dd57f04f2969ffd5eb6	1362	children/VERIFY-B1/members/DEL-06-05/workspaces/repro2/kit/_REFERENCES.md
a1c1a4687b872db04c3912dcd18be913b682a49a6e3a1ecf814cf6eb0559b206	2213	children/VERIFY-B1/members/DEL-06-05/workspaces/repro2/kit/_STATUS.md
5dee8668b516b0c2250e3488b08a7c4dd1db9b9cc206b442ae41cd035a74ab4f	8826	children/VERIFY-B1/run_verifier.py
9a271f2a916b0b6ee6cecb2426f0b3206ef074578be55d9bc94f6f3fe3ab86aa	2	children/VERIFY-B1/scope-of-work-tests.exit
e3b0c44298fc1c149afbf4c8996fb92427ae41e4649b934ca495991b7852b855	0	children/VERIFY-B1/scope-of-work-tests.stderr
e3b0c44298fc1c149afbf4c8996fb92427ae41e4649b934ca495991b7852b855	0	children/VERIFY-B1/scope-of-work-tests.stdout
c2c4259d5468077969cbbc98561875ac40630fef24808cd2ba5dc0677633681d	27627	children/VERIFY-B1/simulations/DEL-06-01/apply/Dependencies.csv
2dabc6c8337678fd2cb829fa73e2b5550a692db0045de3d5779fae6208872bb3	27192	children/VERIFY-B1/simulations/DEL-06-01/apply/ScopeOfWork.md
50ed04422a15ef1bf11d8b41009ddb78d582128ec1ad55347f28cfd0066c2a44	2971	children/VERIFY-B1/simulations/DEL-06-01/apply/_CONTEXT.md
02bd4274a4423c553ce2ac8f1243c80ce825d4b7fc918c4f53398e599e59906a	5090	children/VERIFY-B1/simulations/DEL-06-01/apply/_DEPENDENCIES.md
759a429c09ce566261a207286305e777fdd0b7d73feabf858f854a32e5c7aeae	1351	children/VERIFY-B1/simulations/DEL-06-01/apply/_REFERENCES.md
03152bb2eea0f1d0d8736cf740d776d7031af99bf198f164e78395d8b8ef71c1	2180	children/VERIFY-B1/simulations/DEL-06-01/apply/_STATUS.md
e3b0c44298fc1c149afbf4c8996fb92427ae41e4649b934ca495991b7852b855	0	children/VERIFY-B1/simulations/DEL-06-01/apply_validation.stderr
bcf2f535d973dfcb2a458a482670ac7b3f1b98e0194bc5baadfe43f7bccef06d	263	children/VERIFY-B1/simulations/DEL-06-01/apply_validation.stdout
417e92e234e84b7fde92cb5fdf89b5ef5996e4a1d2c8494694b5138afe530b4d	6562	children/VERIFY-B1/simulations/DEL-06-01/rollback/Datasheet.md
c2c4259d5468077969cbbc98561875ac40630fef24808cd2ba5dc0677633681d	27627	children/VERIFY-B1/simulations/DEL-06-01/rollback/Dependencies.csv
5499ad12f85aa95fc808ea0dcd057bc8d589df68023bcda1a72ca5e95d7351a0	5469	children/VERIFY-B1/simulations/DEL-06-01/rollback/Guidance.md
34a7d54d34dfb3461a74c5c51412d88c257f320a551a0141ece879c082dd4515	4962	children/VERIFY-B1/simulations/DEL-06-01/rollback/Procedure.md
b4cf9af3967310a1f9f992f933705447c4d00400b8de7eab18c9115d85c9c175	6593	children/VERIFY-B1/simulations/DEL-06-01/rollback/Specification.md
50ed04422a15ef1bf11d8b41009ddb78d582128ec1ad55347f28cfd0066c2a44	2971	children/VERIFY-B1/simulations/DEL-06-01/rollback/_CONTEXT.md
02bd4274a4423c553ce2ac8f1243c80ce825d4b7fc918c4f53398e599e59906a	5090	children/VERIFY-B1/simulations/DEL-06-01/rollback/_DEPENDENCIES.md
759a429c09ce566261a207286305e777fdd0b7d73feabf858f854a32e5c7aeae	1351	children/VERIFY-B1/simulations/DEL-06-01/rollback/_REFERENCES.md
03152bb2eea0f1d0d8736cf740d776d7031af99bf198f164e78395d8b8ef71c1	2180	children/VERIFY-B1/simulations/DEL-06-01/rollback/_STATUS.md
59721265c1e740f7d689fb376de6839c9ba897e9e3dcef06ae27e32e6e88bb26	24010	children/VERIFY-B1/simulations/DEL-06-02/apply/Dependencies.csv
b439df6dab8cadf7c3784589becb85bf75d32d26e3f7f71446b6cc7417d8adc9	27590	children/VERIFY-B1/simulations/DEL-06-02/apply/ScopeOfWork.md
1cbe5cfedec19dfa5e0e147f209b716b5b8d52e42fc2b9f919f4a9218227cef0	3001	children/VERIFY-B1/simulations/DEL-06-02/apply/_CONTEXT.md
ca2679dc52368889088b44b65fc0bda18c6b2b02ec4ce625789df1533ccc08ba	4799	children/VERIFY-B1/simulations/DEL-06-02/apply/_DEPENDENCIES.md
d4534048171355a0cb609d649e56be171a012a60605c92e8cff62c9fa2f976b5	1368	children/VERIFY-B1/simulations/DEL-06-02/apply/_REFERENCES.md
2d0764e42daac87d7d0cca530b10c51115c414b81ed3168f0f1b7ff1c1c22475	3548	children/VERIFY-B1/simulations/DEL-06-02/apply/_STATUS.md
e3b0c44298fc1c149afbf4c8996fb92427ae41e4649b934ca495991b7852b855	0	children/VERIFY-B1/simulations/DEL-06-02/apply_validation.stderr
948f8ded89c0b512ebeb8d88eb5c4dbfd2e959a2e64c774b4c357af61999ce0e	263	children/VERIFY-B1/simulations/DEL-06-02/apply_validation.stdout
43c4dd2901ff9848631e85b7cc67d8a931b7b79ab70afca2135a64dade2c8505	5494	children/VERIFY-B1/simulations/DEL-06-02/rollback/Datasheet.md
59721265c1e740f7d689fb376de6839c9ba897e9e3dcef06ae27e32e6e88bb26	24010	children/VERIFY-B1/simulations/DEL-06-02/rollback/Dependencies.csv
1f0aa129152ae83e69305c77fe736ddd2c66f2d98aacad348e13eeaa714b87b5	6162	children/VERIFY-B1/simulations/DEL-06-02/rollback/Guidance.md
ec01a1f8a0a8174a595cf3b87c81ed1a47948e96885feda4ad9b9d84b65676d1	5002	children/VERIFY-B1/simulations/DEL-06-02/rollback/Procedure.md
9ed6840ff9e3577aef97e1c34dbe08430f8d7d3dce03f3ac421fc2c6c2e4db5b	6937	children/VERIFY-B1/simulations/DEL-06-02/rollback/Specification.md
1cbe5cfedec19dfa5e0e147f209b716b5b8d52e42fc2b9f919f4a9218227cef0	3001	children/VERIFY-B1/simulations/DEL-06-02/rollback/_CONTEXT.md
ca2679dc52368889088b44b65fc0bda18c6b2b02ec4ce625789df1533ccc08ba	4799	children/VERIFY-B1/simulations/DEL-06-02/rollback/_DEPENDENCIES.md
d4534048171355a0cb609d649e56be171a012a60605c92e8cff62c9fa2f976b5	1368	children/VERIFY-B1/simulations/DEL-06-02/rollback/_REFERENCES.md
2d0764e42daac87d7d0cca530b10c51115c414b81ed3168f0f1b7ff1c1c22475	3548	children/VERIFY-B1/simulations/DEL-06-02/rollback/_STATUS.md
7ffca12674d35e875e9329bb3d9c39e8d3cf4e76b26b43afd4070d8b8483591a	22150	children/VERIFY-B1/simulations/DEL-06-03/apply/Dependencies.csv
9404636c5eb9becf8fa2c5c3df12aa7d32e276783664b9dfa4970f3f5f651e1f	20236	children/VERIFY-B1/simulations/DEL-06-03/apply/ScopeOfWork.md
73e27c3a4a03fa76a51dcd8898bcac680126edd7eba3c7048415c383c94ababa	2990	children/VERIFY-B1/simulations/DEL-06-03/apply/_CONTEXT.md
03e8641c22b2025427fd650ff0f3357dcdbc97f142f837461835283d63845df2	4475	children/VERIFY-B1/simulations/DEL-06-03/apply/_DEPENDENCIES.md
6d3187b4834558e7b847b8edca9b48f7635bf4a805e13e0e5dde72595c57c717	1362	children/VERIFY-B1/simulations/DEL-06-03/apply/_REFERENCES.md
d81f2a74e2f2363b072365dd5e1450d9c5382354efcab203ddeeb886ff748811	2484	children/VERIFY-B1/simulations/DEL-06-03/apply/_STATUS.md
e3b0c44298fc1c149afbf4c8996fb92427ae41e4649b934ca495991b7852b855	0	children/VERIFY-B1/simulations/DEL-06-03/apply_validation.stderr
df47513cba51b051669ce850e78103b94a78b6bc7ade670685e56098a0de1efc	263	children/VERIFY-B1/simulations/DEL-06-03/apply_validation.stdout
c9eb60a8983e2b88d00bc197ac12ff86cb2a9e700e32c6213c34b7fd662c58ef	4496	children/VERIFY-B1/simulations/DEL-06-03/rollback/Datasheet.md
7ffca12674d35e875e9329bb3d9c39e8d3cf4e76b26b43afd4070d8b8483591a	22150	children/VERIFY-B1/simulations/DEL-06-03/rollback/Dependencies.csv
39fefc2c7b8271f90d804ccb30badec4db299b902a7451923a2fb5c30492baa7	3639	children/VERIFY-B1/simulations/DEL-06-03/rollback/Guidance.md
d41f66de507e029cff0c3c9c6a84238181c743650e360d61515ed6b03a703cd4	3209	children/VERIFY-B1/simulations/DEL-06-03/rollback/Procedure.md
10dcc8e71d72db9ed622ae646f72e526321fd2fdb980fca260005da520ace3eb	5287	children/VERIFY-B1/simulations/DEL-06-03/rollback/Specification.md
73e27c3a4a03fa76a51dcd8898bcac680126edd7eba3c7048415c383c94ababa	2990	children/VERIFY-B1/simulations/DEL-06-03/rollback/_CONTEXT.md
03e8641c22b2025427fd650ff0f3357dcdbc97f142f837461835283d63845df2	4475	children/VERIFY-B1/simulations/DEL-06-03/rollback/_DEPENDENCIES.md
6d3187b4834558e7b847b8edca9b48f7635bf4a805e13e0e5dde72595c57c717	1362	children/VERIFY-B1/simulations/DEL-06-03/rollback/_REFERENCES.md
d81f2a74e2f2363b072365dd5e1450d9c5382354efcab203ddeeb886ff748811	2484	children/VERIFY-B1/simulations/DEL-06-03/rollback/_STATUS.md
b7c9b41d279aa464e0708f4e7a14056c463b209d8799727fab2966a131c46e32	27729	children/VERIFY-B1/simulations/DEL-06-04/apply/Dependencies.csv
58ab8ae2e0a65bfc816c9f3d5ba775381eac2ca86fa74635b0609cfbf2d865a5	24929	children/VERIFY-B1/simulations/DEL-06-04/apply/ScopeOfWork.md
d9377be99a91d63103ce5f0a929f37e261e148f7356d8a1b5160bc8581b990a2	3038	children/VERIFY-B1/simulations/DEL-06-04/apply/_CONTEXT.md
0d16954e516102a951696a215f054c9938c7ddaf01ad56bd53d4200dadf15bff	4827	children/VERIFY-B1/simulations/DEL-06-04/apply/_DEPENDENCIES.md
8cb63cc330477c4dffdf395fdc2f6995dfa904c9f8aa29e8998e8e8de268bc11	1376	children/VERIFY-B1/simulations/DEL-06-04/apply/_REFERENCES.md
9b883a4ba4217c4b68e30375f2afad40b317eb7d56af46d433cfc2ac5e4ce2c6	3511	children/VERIFY-B1/simulations/DEL-06-04/apply/_STATUS.md
e3b0c44298fc1c149afbf4c8996fb92427ae41e4649b934ca495991b7852b855	0	children/VERIFY-B1/simulations/DEL-06-04/apply_validation.stderr
5429ffddd5cf0c18e0f5c223eb69f687d2b77e388bd8268aabf1cba4f923250a	263	children/VERIFY-B1/simulations/DEL-06-04/apply_validation.stdout
842823f33ec11a9d374ba92c12698ffca75571735b6ddcec550c5f8430908a80	5372	children/VERIFY-B1/simulations/DEL-06-04/rollback/Datasheet.md
b7c9b41d279aa464e0708f4e7a14056c463b209d8799727fab2966a131c46e32	27729	children/VERIFY-B1/simulations/DEL-06-04/rollback/Dependencies.csv
b1ec2b1a528bf1cf3067e89863510023d4ffcb66b10dccb5c07da2739b627f1a	4672	children/VERIFY-B1/simulations/DEL-06-04/rollback/Guidance.md
2bea57ed01c01bba5d4287c981ff61e7dd80ae2c7b50b49715528837e81dcc42	4634	children/VERIFY-B1/simulations/DEL-06-04/rollback/Procedure.md
f6b9a72bada7c31fd13c456eee0e868ffe131df2ddf8d09328a20e1a30286bf5	6626	children/VERIFY-B1/simulations/DEL-06-04/rollback/Specification.md
d9377be99a91d63103ce5f0a929f37e261e148f7356d8a1b5160bc8581b990a2	3038	children/VERIFY-B1/simulations/DEL-06-04/rollback/_CONTEXT.md
0d16954e516102a951696a215f054c9938c7ddaf01ad56bd53d4200dadf15bff	4827	children/VERIFY-B1/simulations/DEL-06-04/rollback/_DEPENDENCIES.md
8cb63cc330477c4dffdf395fdc2f6995dfa904c9f8aa29e8998e8e8de268bc11	1376	children/VERIFY-B1/simulations/DEL-06-04/rollback/_REFERENCES.md
9b883a4ba4217c4b68e30375f2afad40b317eb7d56af46d433cfc2ac5e4ce2c6	3511	children/VERIFY-B1/simulations/DEL-06-04/rollback/_STATUS.md
18c22c6565a348a9bb0cd3ccff7635b2f698440eefd1d81af01551fc1ab0e7f5	22516	children/VERIFY-B1/simulations/DEL-06-05/apply/Dependencies.csv
3b05da1fc58d3bb2023ca707ff7325ca390f8c6106765bec8e22c9f17a14aad8	23698	children/VERIFY-B1/simulations/DEL-06-05/apply/ScopeOfWork.md
f179d097e485ccdc4aed01928e3b2291122f96c4f1ffa4e69d7eb39d45379829	2978	children/VERIFY-B1/simulations/DEL-06-05/apply/_CONTEXT.md
768bf0d7b3cf771183aa00ed20e7489bfaa3fcd7fd16127781e10e656b0a96a8	4701	children/VERIFY-B1/simulations/DEL-06-05/apply/_DEPENDENCIES.md
50fdd68cb34bbbe8acf3da24b972601e120ae8f9377b0dd57f04f2969ffd5eb6	1362	children/VERIFY-B1/simulations/DEL-06-05/apply/_REFERENCES.md
a1c1a4687b872db04c3912dcd18be913b682a49a6e3a1ecf814cf6eb0559b206	2213	children/VERIFY-B1/simulations/DEL-06-05/apply/_STATUS.md
e3b0c44298fc1c149afbf4c8996fb92427ae41e4649b934ca495991b7852b855	0	children/VERIFY-B1/simulations/DEL-06-05/apply_validation.stderr
465f8529b232dfe967c830ca8d0cfd897ddc77c00a1a1c4a5062f03a0abd3035	263	children/VERIFY-B1/simulations/DEL-06-05/apply_validation.stdout
4067b772f14c67aca22c8d6a01c682b11092dd8a97babb6fb4f79e9aa81912e3	5262	children/VERIFY-B1/simulations/DEL-06-05/rollback/Datasheet.md
18c22c6565a348a9bb0cd3ccff7635b2f698440eefd1d81af01551fc1ab0e7f5	22516	children/VERIFY-B1/simulations/DEL-06-05/rollback/Dependencies.csv
c8aa6444e4621529c3826efe321f5bf8fddd396f356cb2a86c30ceb3b7c4d244	4590	children/VERIFY-B1/simulations/DEL-06-05/rollback/Guidance.md
4e020d7e416cece6c61e842b6ad76eb40f1d60f96290774f593cdd44dc7481a8	4230	children/VERIFY-B1/simulations/DEL-06-05/rollback/Procedure.md
bb444b4ed97789df2aa11772291fff8ec362f5a14e7c92ac3152f6e9be41297f	5945	children/VERIFY-B1/simulations/DEL-06-05/rollback/Specification.md
f179d097e485ccdc4aed01928e3b2291122f96c4f1ffa4e69d7eb39d45379829	2978	children/VERIFY-B1/simulations/DEL-06-05/rollback/_CONTEXT.md
768bf0d7b3cf771183aa00ed20e7489bfaa3fcd7fd16127781e10e656b0a96a8	4701	children/VERIFY-B1/simulations/DEL-06-05/rollback/_DEPENDENCIES.md
50fdd68cb34bbbe8acf3da24b972601e120ae8f9377b0dd57f04f2969ffd5eb6	1362	children/VERIFY-B1/simulations/DEL-06-05/rollback/_REFERENCES.md
a1c1a4687b872db04c3912dcd18be913b682a49a6e3a1ecf814cf6eb0559b206	2213	children/VERIFY-B1/simulations/DEL-06-05/rollback/_STATUS.md
43ec5388fd80e2003e08e709a1c05af796df144f023d1d0fde741e8611b2e535	1743	manager-validation/DEL-06-01/checklist.json
ab9b42b9dd71b5689ee0c07358654ddbe0177bf5a3c2c67c324e2095b3caac8c	4939	manager-validation/DEL-06-01/claim-map.csv
4a1bdfc7963cce56eecac57c5a2f006bf1cb9bef900b43eccfeb032c89a4c53c	6544	manager-validation/DEL-06-01/parity.json
17a49a4e04964deb081bbaaa32377d8466a27b0306669aa93e540777b1ae493e	291	manager-validation/DEL-06-01/parity.md
bd655f69b6c40b5daa300c249f691654923660077f8a2f7203ae5f59981d24be	33428	manager-validation/DEL-06-01/render.html
ef9982efb95a9e45b6ebeb552bd451219b907281cbdcf9561d21eb919d81fb8e	251	manager-validation/DEL-06-01/validation-sow-v1.json
04edacac685763e56eed052d1db100f804c1a6e0b97131aec5c57388bbbefe73	1697	manager-validation/DEL-06-02/checklist.json
db3f848387da20a8732bd987087e8f270707d292b42daa32c1216004c1e0886f	5947	manager-validation/DEL-06-02/claim-map.csv
8abfabfe987f7490de13256ce34a699529c90b263eab597f20c4eddb9e12a835	7744	manager-validation/DEL-06-02/parity.json
a6e316ad9b5a3619ea790df832e8f104cf8cc2e6f8eabbecb5d9d94b4881d2a3	291	manager-validation/DEL-06-02/parity.md
296dc8efcafb6aac1edba629f8afe5792943d4e0ba6591ac2a5d0c928e621054	35781	manager-validation/DEL-06-02/render.html
16ac74f831825cb25ecfea1497521e4f1d0456ce944da1b47d414547f1ecdfb1	251	manager-validation/DEL-06-02/validation-sow-v1.json
62dae5a77c5699028c16725003ee9312851f4a91afaafa28a5eec6f5d2b53a4a	1723	manager-validation/DEL-06-03/checklist.json
7128aaa9c4647c2cb78dc3da75527dcf60c7b3eb5927f8c438ebcd13db14c0ee	5110	manager-validation/DEL-06-03/claim-map.csv
66bf527a76037b8ebd58e89865c48a5878618de4a1acebb86756cf247cedf1b1	6747	manager-validation/DEL-06-03/parity.json
41723192f710e5b7499057a2daf4a5023bbd08a2f42e48d306a8019ebe53db41	291	manager-validation/DEL-06-03/parity.md
f22510d37f05c6b03c1b9278d16b0348a2b8baadf49e9ac6981e7a8296f41d47	26687	manager-validation/DEL-06-03/render.html
02b75dee4ca2c91b6243789f641ca88ce2e776698dc744f75f192731b787b533	251	manager-validation/DEL-06-03/validation-sow-v1.json
a1469f4bef8cf1b14dc3b1db336ce264b6175ba826586b1b758a4abee373d26e	1660	manager-validation/DEL-06-04/checklist.json
1825a012aa375a34889d79cc5e7cd18209d96be6bf945237ec205b9d4ae289b6	4767	manager-validation/DEL-06-04/claim-map.csv
1063839b096959c88072e9e5c0c2341eeecc02978fd2433427685b2cdcc7187b	6340	manager-validation/DEL-06-04/parity.json
e2f64a0060ddeeb18a722f776e668ded1163221f783d0b5cd6213594c0417d11	291	manager-validation/DEL-06-04/parity.md
bac28658bdd92fd7d1596904a94b4cda4f0417a8ea9cfe97dbd40ae96340654e	31489	manager-validation/DEL-06-04/render.html
ea3b1c01a5c2bdc61a1d3fc86a09cdebf35dc83bf1d473e6b9e28aedb9376db7	251	manager-validation/DEL-06-04/validation-sow-v1.json
47f6a6070102e84cbbd5376e0dadd73bf26a92d3d7cfe277ab1f2bf518f819fa	1696	manager-validation/DEL-06-05/checklist.json
6cb709b6e56cffd56a659c6613b57cb3dc432e3c9d2c15be12b7b0cd7fc4244f	4939	manager-validation/DEL-06-05/claim-map.csv
295018ac6cb9972062b655c6977aac1857dabad20ac99b4a57392e88a2854e38	6544	manager-validation/DEL-06-05/parity.json
3ec5d7df39eca2c9575c3c60d332186b866564142086d5c3b71b78c71d25dad8	291	manager-validation/DEL-06-05/parity.md
3c6b971ccc316ece39d9831551d345d8b925fa7f512f692d94aa9ad1a90a35bc	31532	manager-validation/DEL-06-05/render.html
2acde48f1be23cd736578a57fb4492e545a73c7d9a14cd81f95582336900c3e6	251	manager-validation/DEL-06-05/validation-sow-v1.json
8f9ed02460580a1eb4e9295fee9d40515ae78fe5e8fd0160a315a998dc40aab9	6731	manager_fan_in.py
