SectionID,SourceDoc,SourcePrefix,Path,Depth,Title,LineStart,LineEnd,PageFirst,PageLast,HtmlAnchor,ContentHash,InScope,IsFrontMatter,IsBackMatter,FigureRefs,TableRefs,EquationRefs,AssetIDs,Text
SEC-PPDRWV1-0001,Process-Piping-Design-Rip-Weaver-Volume-1,PPDRWV1,Process Piping Design Volume 1,1,Process Piping Design Volume 1,3,6,,,Process-Piping-Design-Rip-Weaver-Volume-1.html#SEC-PPDRWV1-0001,8ac0fe813fd2,True,False,False,,,,,**Rip Weaver**
SEC-PPDRWV1-0002,Process-Piping-Design-Rip-Weaver-Volume-1,PPDRWV1,Process Piping Design,1,Process Piping Design,7,10,,,Process-Piping-Design-Rip-Weaver-Volume-1.html#SEC-PPDRWV1-0002,195d241f447b,True,False,False,,,,,---  # Process Piping Design
SEC-PPDRWV1-0003,Process-Piping-Design-Rip-Weaver-Volume-1,PPDRWV1,Process,1,Process,11,29,,,Process-Piping-Design-Rip-Weaver-Volume-1.html#SEC-PPDRWV1-0003,138d7a6eb887,True,False,False,,,,,[Cover image]  ---  # Process  **Volume 1** 1. General Piping 2. Process Terms 3. Plant Arrangement and Storage Tanks 4. Process Unit Plot Plans 5. Piping Systems and Details 6. Pipe Fabrication 7. Vessels 8. Instrumentation  **Volume 2** 1. Pumps and Turbines 2. Compressors
SEC-PPDRWV1-0004,Process-Piping-Design-Rip-Weaver-Volume-1,PPDRWV1,Piping Design,1,Piping Design,30,31,,,Process-Piping-Design-Rip-Weaver-Volume-1.html#SEC-PPDRWV1-0004,d2a34a8142bb,True,False,False,,,,,3. Fired Heaters 4. Exchangers
SEC-PPDRWV1-0005,Process-Piping-Design-Rip-Weaver-Volume-1,PPDRWV1,Volume 1,2,Volume 1,32,82,4,4,Process-Piping-Design-Rip-Weaver-Volume-1.html#SEC-PPDRWV1-0005,1bb0f75df39b,True,False,False,,,,Process-Piping-Design-Rip-Weaver-Volume-1_p0004_img01,"5. Piping Flexibility  ---  # Piping Design  ## Volume 1  **Rip Weaver**  ![Gulf Publishing Company logo](images/Process-Piping-Design-Rip-Weaver-Volume-1_p0004_img01_gulf-publishing-logo.png)  Gulf Publishing Company Book Division Houston, London, Paris, Zurich, Tokyo  ---  **Books by the Author** Process Piping Drafting Process Piping Drafting Workbook Process Piping Design, 2 Volumes Modern Basic Drafting Modern Basic Drafting Workbook,     Parts 1 and 2 Structural Drafting Piper's Pocket Handbook  Piping design is both demanding and strenuous. It makes relaxation imperative. This book is dedicated to the three men who have helped me relax the most: my brother, Joe Weaver, Joe Garrett and Kenneth Campbell.  > This edition reviewed by the author and reprinted March 1992.  **Process Piping Design** **Volume 1**  Copyright © 1973 by Gulf Publishing Company, Houston, Texas. All rights reserved. Printed in the United States of America. This book, or parts thereof, may not be reproduced in any form without permission of the publisher.  Library of Congress Card Number: 72-84332  **ISBN 0-87201-995-0 (paperback series)** **ISBN 0-87201-993-4 (paperback Volume 1)** **ISBN 0-87201-994-2 (paperback Volume 2)**  Gulf Publishing Company Book Division P.O. Box 2608, Houston, Texas 77252-2608  First Printing, March 1973 Second Printing, August 1974 Third Printing, December 1974 Fourth Printing, January 1977"
SEC-PPDRWV1-0006,Process-Piping-Design-Rip-Weaver-Volume-1,PPDRWV1,Contents,1,Contents,83,88,,,Process-Piping-Design-Rip-Weaver-Volume-1.html#SEC-PPDRWV1-0006,80da2da85651,False,True,False,,,,,"Fifth Printing, February 1979 Sixth Printing, November 1981 Seventh Printing, April 1989 Eighth Printing, June 1990 Ninth Printing, March 1992"
SEC-PPDRWV1-0007,Process-Piping-Design-Rip-Weaver-Volume-1,PPDRWV1,"1 General Piping, 1",2,"1 General Piping, 1",89,96,,,Process-Piping-Design-Rip-Weaver-Volume-1.html#SEC-PPDRWV1-0007,5bc5b7f2477b,True,False,False,,,,,Printed on Acid Free Paper (∞)  ---  # Contents  **Preface**
SEC-PPDRWV1-0008,Process-Piping-Design-Rip-Weaver-Volume-1,PPDRWV1,"2 Process Terms, 26",2,"2 Process Terms, 26",97,107,,,Process-Piping-Design-Rip-Weaver-Volume-1.html#SEC-PPDRWV1-0008,898a38f81d67,True,False,False,,,,,"**Introduction**  ## 1 General Piping, 1  Piping Materials Methods of Manufacturing Pipe Pipe Diameters, Thicknesses and Schedules Fittings and Flanges Valves  ## 2 Process Terms, 26"
SEC-PPDRWV1-0009,Process-Piping-Design-Rip-Weaver-Volume-1,PPDRWV1,"3 Plant Arrangement and Storage Tanks, 37",2,"3 Plant Arrangement and Storage Tanks, 37",108,122,,,Process-Piping-Design-Rip-Weaver-Volume-1.html#SEC-PPDRWV1-0009,695ec263e0eb,True,False,False,,,,,"The Hydrocarbon Hydrocarbon Structures Fractionation Piping Equilibrium Liquids Two-Phase Flow Hot Vapor By-Pass Static Head Steam Data  ## 3 Plant Arrangement and Storage Tanks, 37  Site Data Hilly Terrain Block Plot Plan"
SEC-PPDRWV1-0010,Process-Piping-Design-Rip-Weaver-Volume-1,PPDRWV1,"4 Process Unit Plot Plans, 57",2,"4 Process Unit Plot Plans, 57",123,133,,,Process-Piping-Design-Rip-Weaver-Volume-1.html#SEC-PPDRWV1-0010,c8cd11039947,True,False,False,,,,,"The Process Block Storage Tanks Tank Dike Regulations Storage Tank Design A Refinery Exercise Dike Area Drainage Storage Tank Piping Foam Protection System  ## 4 Process Unit Plot Plans, 57"
SEC-PPDRWV1-0011,Process-Piping-Design-Rip-Weaver-Volume-1,PPDRWV1,"5 Piping Systems and Details, 73",2,"5 Piping Systems and Details, 73",134,151,,,Process-Piping-Design-Rip-Weaver-Volume-1.html#SEC-PPDRWV1-0011,34d085fd72e2,True,False,False,,,,,"Equipment Plot Plan Preliminary Plot Plan Dimensions Plot Plan Exercise Foundation Location Plan Excavation Plan Flow Diagram Transportation Piping Drawing Index Equipment Setting  ---  ## 5 Piping Systems and Details, 73  Underground Piping Sewer System Terms Sewer Flow Diagram Cast-Iron Soil Pipe and Fittings"
SEC-PPDRWV1-0012,Process-Piping-Design-Rip-Weaver-Volume-1,PPDRWV1,"6 Pipe Fabrication, 92",2,"6 Pipe Fabrication, 92",152,160,,,Process-Piping-Design-Rip-Weaver-Volume-1.html#SEC-PPDRWV1-0012,c23b6573cd14,True,False,False,,,,,Designing Systems Student Exercise Design Guidelines Underground Pressurized Systems Fire Water Underground Cooling Water Pump-Out system Glycol Lines Steam Tracing
SEC-PPDRWV1-0013,Process-Piping-Design-Rip-Weaver-Volume-1,PPDRWV1,"7 Vessels, 119",2,"7 Vessels, 119",161,168,,,Process-Piping-Design-Rip-Weaver-Volume-1.html#SEC-PPDRWV1-0013,2456529cbc13,True,False,False,,,,,"Steam Tracing Design Practice Tail Pipe Cuts  ## 6 Pipe Fabrication, 92  Welding Shop Details Pipe Bends Miter Welds"
SEC-PPDRWV1-0014,Process-Piping-Design-Rip-Weaver-Volume-1,PPDRWV1,"8 Instrumentation, 149",2,"8 Instrumentation, 149",169,183,,,Process-Piping-Design-Rip-Weaver-Volume-1.html#SEC-PPDRWV1-0014,15f4ee29e768,True,False,False,,,,,"Small Fittings The Triangle The Cutback  ## 7 Vessels, 119  Definitions Horizontal Vessels Piping Arrangement for Elevated Vessels Manhold Davis and Hinges Vertical Vessels  ## 8 Instrumentation, 149  Instrument Types"
SEC-PPDRWV1-0015,Process-Piping-Design-Rip-Weaver-Volume-1,PPDRWV1,"Appendix, 171",2,"Appendix, 171",184,187,,,Process-Piping-Design-Rip-Weaver-Volume-1.html#SEC-PPDRWV1-0015,5e2e6308e6d3,True,False,False,,,,,Instrument Functions Dual Instruments Transmitters Thermowells
SEC-PPDRWV1-0016,Process-Piping-Design-Rip-Weaver-Volume-1,PPDRWV1,"Index, 209",2,"Index, 209",188,189,,,Process-Piping-Design-Rip-Weaver-Volume-1.html#SEC-PPDRWV1-0016,7b60f814b605,True,False,False,,,,,Other Temperature Instruments Pressure Instruments
SEC-PPDRWV1-0017,Process-Piping-Design-Rip-Weaver-Volume-1,PPDRWV1,Preface,1,Preface,190,199,,,Process-Piping-Design-Rip-Weaver-Volume-1.html#SEC-PPDRWV1-0017,c634b7226a0d,False,True,False,,,,,"Flow Instruments Orifice Flange Taps Level Instruments Level Gage Control Valves  ## Appendix, 171  Conversions"
SEC-PPDRWV1-0018,Process-Piping-Design-Rip-Weaver-Volume-1,PPDRWV1,Introduction,1,Introduction,200,209,,,Process-Piping-Design-Rip-Weaver-Volume-1.html#SEC-PPDRWV1-0018,4d91a58be55d,True,False,False,,,,,"---  # Preface  This two-volume set on *Process Piping Design* has been written to supplement my first book, *Process Piping Drafting*. I have purposely used a very practical writing style for both of these efforts, applying my personal practical experience rather than trying to present the technical aspects of piping. In *Process Piping Design* I have elected to have each chapter self-sustaining. I have reproduced some charts and tables but only those required in learning the basics of piping design.  To become a competent piping designer requires many years of experience plus a talent for creative thinking. Piping designers must call on their knowledge for each design job but also must apply their own ingenuity daily. I like to call that *horse sense*."
SEC-PPDRWV1-0019,Process-Piping-Design-Rip-Weaver-Volume-1,PPDRWV1,1 General Piping,1,1 General Piping,210,221,,,Process-Piping-Design-Rip-Weaver-Volume-1.html#SEC-PPDRWV1-0019,911db4f4e712,True,False,False,,,,,"Many piping designers have told me that their job is 25% knowledge, 25% experience and 50% horse sense. This book will try to deal with the first 25% and touch on the last 50%.  Fluor Corporation has been very farsighted by instigating piping drafting and piping design training classes and they have been very generous in allowing me to reproduce some of their instructional material. I wish to take this opportunity to thank Fluor for its assistance.  ---  # Introduction  In a refining or petrochemical complex, piping constitutes the major expenditure of all the design disciplines. Piping consumes about 50% of the design engineering manhours, 35% of the material cost of the plant and about 30% of the labor cost in the field. Inept piping design in the office can increase the cost of a plant.  The design engineering department of a contractor designing refinery or petrochemical complexes consists of four main functions: piping, structural, electrical and vessels. The piping section encompasses flow diagrams, model making, insulation and painting, piping material take-off, piping material control, instrument design and piping design itself."
SEC-PPDRWV1-0020,Process-Piping-Design-Rip-Weaver-Volume-1,PPDRWV1,Piping Materials,2,Piping Materials,222,244,11,11,Process-Piping-Design-Rip-Weaver-Volume-1.html#SEC-PPDRWV1-0020,bad457bac5a4,True,False,False,,1-1,,Process-Piping-Design-Rip-Weaver-Volume-1_p0011_tbl01,"Experienced piping designers know the functions of all of these groups. They also must have a broad knowledge of the structural, electrical and vessel sections. And they must know the many pieces of equipment that they must pipe up, the numerous details of piping, the materials necessary for various services, piping flexibility basics and field construction practices. Then comes a general knowledge of plant operation and maintenance. When all of this is considered, it is easy to see why there is always a shortage of experienced, competent piping designers.  Ironically, piping design is the one subject that has been neglected in the school systems. This is largely due to the fact that adequate textbooks were not available. No book can teach a person to become a piping designer but it can teach the fundamentals and how to apply them to become a designer.  ---  # 1 General Piping  The dictionary describes pipe as a long tube of clay, concrete, metal, wood, etc., for conveying water, gas, oil or other fluids. A fluid is defined as any substance that can flow—liquid or gas.  Pipe has been with us for over 5000 years. Each year introduces new purposes for piping which create demands for new and improved material specifications and ingenuity on the part of the piping designer. Piping has advanced from its earlier function of transporting water through wooden conduits from the mountains' melting snow to the village below. Today piping can be found almost any place one looks, from the piping in an automobile to the complicated maze of piping in a process plant.  A piping designer is one who designs piping systems. Since piping is so widely used, the piping designers cannot learn the complete field of piping, and consequently they have become more specialized, going into the fields of process piping, pipe line piping, steam power plant piping or one of the many other categories.  Process piping design is, in the author's estimation, the most interesting specialization in the piping field. Each process piping unit presents a new challenge to the designer. Each plant is custom designed, and while there is some similarity between a crude unit of 50,000 barrels a day and one of 75,000 barrels a day, there is no duplication. A piping designer may work on two or three crude units in his entire career. There are literally hundreds of different types of units in a refinery or petrochemical complex. Each type of unit presents its own piping challenges.  How, then, can one learn process piping design from a book? It can't be done. A book can present the basic similarities that exist in many types of units and introduce guidelines for competent design. From there on, the process piping designer must utilize his personal judgment.  ## Piping Materials  The term *piping* means not only pipe but the fittings, flanges, valves and other items which form part of a complete piping system. Piping materials are divided into two basic classes; metallic and nonmetallic. Nonmetallic piping might be glass, ceramic, plastic, etc. The metallic piping is again divided into two classes, ferrous and nonferrous. Ferrous materials are those of, containing, or derived from iron and are most commonly used in process piping. Ferrous metals are carbon steel, stainless steel, chrome steel, cast iron, etc. Nonferrous metals include aluminum,  ---"
SEC-PPDRWV1-0021,Process-Piping-Design-Rip-Weaver-Volume-1,PPDRWV1,Methods of Manufacturing Pipe,2,Methods of Manufacturing Pipe,245,424,12,13,Process-Piping-Design-Rip-Weaver-Volume-1.html#SEC-PPDRWV1-0021,4bc5f7d5df19,True,False,False,,1-2,,Process-Piping-Design-Rip-Weaver-Volume-1_p0012_tbl01;Process-Piping-Design-Rip-Weaver-Volume-1_p0013_tbl01,"> **Table - Table 1-1. Some Steel Pipe Specifications** - see [XLSX](tables/Process-Piping-Design-Rip-Weaver-Volume-1_p0011_tbl01_some-steel-pipe-specifications.xlsx) and [source crop](tables/Process-Piping-Design-Rip-Weaver-Volume-1_p0011_tbl01_some-steel-pipe-specifications.png)  | ASTM Number | Type | Material | Remarks | | :--- | :--- | :--- | :--- | | A-53 | Gr. A, B | Carbon Steel | Manufactured in welded and seamless. Grade B is most commonly specified. | | A-106 | Gr. A, B | Carbon Steel | Seamless. Grade B is preferred and mostly used. In the modern plant, almost all carbon steel pipe is this specification. | | A-333 | Gr. 1 | Carbon Steel | Used for sub-zero temperatures. Incorporates special testing. For use to -50°F. | | A-335 | P1 | Carbon Moly | Basically a carbon steel with ½% molybdenum. Used in medium high temperature service. | | A-335 | P11 | Chrome Moly | 1¼% chrome, ½% molybdenum. Used in higher temperature, corrosive services. | | A-335 | P5 | Chrome Moly | 5% chrome, ½% molybdenum. Used in higher temperature, corrosive services. | | A-335 | P9 | Chrome Moly | 9% chrome, 1% molybdenum. Used in high temperature highly corrosive services. | | A-312 | 304 | Stainless | Used for temperatures below -50°F and for corrosive service at higher temperatures. Widely used for food product piping. | | A-312 | 316 | Stainless | Used for high temperature, highly corrosive service. | | A-312 | 321 | Stainless | Used for very high temperature, highly corrosive service. | | A-312 | 347 | Stainless | Used in harder conditions than Type 321 stainless. | | A-333 | Gr. 3 | Nickel | 3½% nickel. Used for temperatures from -50°F to -150°F. |  Table 1-1 lists some of the many hundreds of ferrous metals available for pipe. Those listed are the most commonly used in process units. For a complete listing see the ASTM book, *Ferrous Materials*.\*  ## Methods of Manufacturing Pipe  Pipe diameter, wall thickness, material specification and delivery requirements are determining factors in the selection of the manufacturing process. Steel piping is made by lap-welding, spiral welding, buttwelding and seamless methods. Welded pipe types are made from flat plates which are rolled to form round shapes; the edges are then welded together to form a longitudinal weld. The longitudinal weld reduces the pressure-containing characteristics of pipe and the ANSI (American National Standards Institute—formerly ASA) piping code reduces the allowable stress of this method of manufacture by imposing a ""joint efficiency"" of less than 100%. Seamless piping has a joint efficiency of 100% since there is no longitudinal joint. Welded pipe can also attain this 100% joint efficiency rating with special quality control procedures such as stress relieving and full x-ray examination. However, these add to the cost and may not be needed. In the smaller sizes, seamless piping is quite often as economical as welded if 100% joint efficiency is specified.  Whatever method of manufacture is specified, a **""mill tolerance""** must be added to the minimum calculated wall thickness. Plate is manufactured to  \*Refer to ASTM Standard, Part 1: Steel Piping, Tubing and Fittings.  ---  > **Table - Table 1-2 Commercial Wrought Steel Pipe Data** - see [XLSX](tables/Process-Piping-Design-Rip-Weaver-Volume-1_p0012_tbl01_commercial-wrought-steel-pipe-data.xlsx) and [source crop](tables/Process-Piping-Design-Rip-Weaver-Volume-1_p0012_tbl01_commercial-wrought-steel-pipe-data.png)  **Table 1-2** **Commercial Wrought Steel Pipe Data**  | Nominal Pipe Size (D) Inches | Outside Diameter (D) Inches | Schedule No. *See Note 1* | Wall Thickness (t) Inches | Inside Diameter (d) Inches | Area of Metal (a) Square Inches | Transverse Internal Area *See Note 2* Square Inches | Moment of Inertia (I) Square Inches to 4th | Weight of Pipe Pounds per foot | Weight of Water Pounds per foot | External Surface Sq. Ft. per foot | Section Modulus ($\frac{I}{c}$) | | :--- | :--- | :--- | :--- | :--- | :--- | :--- | :--- | :--- | :--- | :--- | :--- | | ⅛ | 0.405 | 40s | .049 | .307 | .0548 | .00600 | .00088 | .186 | .003 | .106 | .00437 | |  |  | 80x | .068 | .269 | .0720 | .00568 | .00106 | .245 | .002 | .106 | .00523 | | ¼ | 0.540 | 40s | .065 | .410 | .0955 | .01320 | .00279 | .325 | .006 | .141 | .01032 | |  |  | 80x | .088 | .364 | .1230 | .01040 | .00331 | .419 | .005 | .141 | .01230 | | ⅜ | 0.675 | 40s | .091 | .493 | .1670 | .01910 | .00586 | .568 | .008 | .177 | .01736 | |  |  | 80x | .119 | .437 | .2173 | .01500 | .00730 | .739 | .006 | .177 | .02160 | | ½ | 0.840 | 40s | .109 | .622 | .2503 | .03040 | .01710 | .851 | .013 | .220 | .04067 | |  |  | 80x | .147 | .546 | .3200 | .02340 | .02010 | 1.088 | .010 | .220 | .04787 | |  |  | 160 | .187 | .466 | .3836 | .01706 | .02210 | 1.305 | .007 | .220 | .05267 | |  |  | xx | .294 | .252 | .5040 | .00499 | .02160 | 1.714 | .002 | .220 | .05160 | | ¾ | 1.050 | 40s | .113 | .824 | .3326 | .05330 | .03703 | 1.131 | .023 | .275 | .07053 | |  |  | 80x | .154 | .742 | .4330 | .04330 | .04570 | 1.474 | .019 | .275 | .08713 | |  |  | 160 | .219 | .612 | .5716 | .02941 | .05530 | 1.945 | .013 | .275 | .10530 | |  |  | xx | .308 | .434 | .7180 | .01480 | .06005 | 2.441 | .006 | .275 | .11440 | | 1 | 1.315 | 40s | .133 | 1.049 | .4939 | .08643 | .08734 | 1.679 | .037 | .344 | .13280 | |  |  | 80x | .179 | .957 | .6390 | .07190 | .10610 | 2.172 | .031 | .344 | .16130 | |  |  | 160 | .250 | .815 | .8360 | .05217 | .12930 | 2.844 | .023 | .344 | .19650 | |  |  | xx | .358 | .599 | 1.0760 | .02818 | .15600 | 3.659 | .012 | .344 | .23720 | | 1¼ | 1.660 | 40s | .140 | 1.380 | .6685 | .14960 | .19510 | 2.273 | .065 | .435 | .23510 | |  |  | 80x | .191 | 1.278 | .8810 | .12830 | .24240 | 2.997 | .056 | .435 | .29190 | |  |  | 160 | .250 | 1.160 | 1.1070 | .10570 | .30700 | 3.765 | .046 | .435 | .36980 | |  |  | xx | .382 | .896 | 1.5340 | .06307 | .40970 | 5.214 | .027 | .435 | .49360 | | 1½ | 1.900 | 40s | .145 | 1.610 | .7995 | .20350 | .31040 | 2.718 | .088 | .497 | .32670 | |  |  | 80x | .200 | 1.500 | 1.0690 | .17670 | .39090 | 3.632 | .077 | .497 | .41150 | |  |  | 160 | .281 | 1.338 | 1.4290 | .14060 | .48340 | 4.859 | .061 | .497 | .50880 | |  |  | xx | .400 | 1.100 | 1.8850 | .09503 | .56800 | 6.408 | .041 | .497 | .59780 | | 2 | 2.375 | 40s | .154 | 2.067 | 1.0750 | .33550 | .6657 | 3.653 | .145 | .622 | .5606 | |  |  | 80x | .218 | 1.939 | 1.4770 | .29530 | .8679 | 5.022 | .128 | .622 | .7309 | |  |  | 160 | .344 | 1.687 | 2.1950 | .22350 | 1.1680 | 7.462 | .097 | .622 | .9838 | |  |  | xx | .436 | 1.503 | 2.6560 | .17740 | 1.3120 | 9.029 | .077 | .622 | 1.1040 | | 2½ | 2.875 | 40s | .203 | 2.469 | 1.7040 | .47880 | 1.9240 | 5.794 | .207 | .753 | 1.3390 | |  |  | 80x | .276 | 2.323 | 2.2540 | .42370 | 2.4810 | 7.661 | .183 | .753 | 1.7240 | |  |  | xx | .552 | 1.771 | 4.0280 | .24640 | 3.8890 | 13.695 | .107 | .753 | 2.7070 | | 3 | 3.500 | 40s | .216 | 3.068 | 2.2280 | .73880 | 3.0170 | 7.576 | .320 | .916 | 1.7240 | |  |  | 80x | .300 | 2.900 | 3.0160 | .66040 | 3.8940 | 10.253 | .286 | .916 | 2.2250 | |  |  | 160 | .438 | 2.624 | 4.2130 | .54090 | 5.0390 | 14.330 | .234 | .916 | 2.8760 | |  |  | xx | .600 | 2.300 | 5.4660 | .41550 | 5.9930 | 18.583 | .180 | .916 | 3.4240 | | 3½ | 4.000 | 40s | .226 | 3.548 | 2.6800 | .98940 | 4.7880 | 9.109 | .428 | 1.047 | 2.3940 | |  |  | 80x | .318 | 3.364 | 3.6780 | .88880 | 6.2800 | 12.503 | .384 | 1.047 | 3.1400 | |  |  | xx | .636 | 2.728 | 6.7210 | .58490 | 10.5200 | 22.852 | .253 | 1.047 | 5.2600 | | 4 | 4.500 | 40s | .237 | 4.026 | 3.1740 | 1.27400 | 7.2330 | 10.790 | .551 | 1.178 | 3.2140 | |  |  | 80x | .337 | 3.826 | 4.4070 | 1.14900 | 9.6100 | 14.983 | .497 | 1.178 | 4.2710 | |  |  | 120 | .438 | 3.624 | 5.5880 | 1.03100 | 11.6500 | 19.002 | .446 | 1.178 | 5.1780 | |  |  | 160 | .531 | 3.438 | 6.6210 | .92880 | 13.2700 | 22.517 | .402 | 1.178 | 6.1320 | |  |  | xx | .674 | 3.152 | 8.1010 | .78100 | 15.2800 | 27.542 | .338 | 1.178 | "
SEC-PPDRWV1-0022,Process-Piping-Design-Rip-Weaver-Volume-1,PPDRWV1,"Pipe Diameters, Thicknesses and Schedules",2,"Pipe Diameters, Thicknesses and Schedules",425,432,,,Process-Piping-Design-Rip-Weaver-Volume-1.html#SEC-PPDRWV1-0022,59d8b22ac2b6,True,False,False,,1-2,,,| 24 | 24.00 | 10 | .250 | 23.500 | 18.65 | 433.74 | 3.0121 | 1943.7 | 63.41 | 188.04 | 6.283 | 162.0 | | | | 20s | .375 | 23.250 | 27.83 | 424.56 | .29483 | 2873.3 | 94.62 | 184.10 | 6.283 | 239.4 | | | | | .500 | 23.000 | 36.91 | 415.48 | .28853 | 3787.0 | 125.49 | 180.13 | 6.283 | 315.6 | | | | 30s | .562 | 22.876 | 41.39 | 411.00 | .28541 | 4233.5 | 140.68 | 178.19 | 6.283 | 352.8 | | | | 40s | .687 | 22.626 | 50.31 | 402.07 | .27921 | 5118.2 | 171.05 | 174.32 | 6.283 | 426.5 | | | | 60 | .968 | 22.064 | 70.04 | 382.35 | .26552 | 6984.7 | 238.11 | 165.78 | 6.283 | 582.1 | | | | 80 | 1.218 | 21.564 | 87.24 | 365.21 | .25362 | 8572.0 | 296.58 | 158.34 | 6.283 | 714.3 | | | | 100 | 1.531 | 20.938 | 108.07 | 344.32 | .23911 | 10455.9 | 367.39 | 149.28 | 6.283 | 871.3 |
SEC-PPDRWV1-0023,Process-Piping-Design-Rip-Weaver-Volume-1,PPDRWV1,Fittings and Flanges,2,Fittings and Flanges,433,547,15,15,Process-Piping-Design-Rip-Weaver-Volume-1.html#SEC-PPDRWV1-0023,98f09e534a3b,True,False,False,1-1;1-2;1-3;1-4;1-5;1-6,,,Process-Piping-Design-Rip-Weaver-Volume-1_p0015_fig01;Process-Piping-Design-Rip-Weaver-Volume-1_p0015_tbl01,"| | | 120 | 1.812 | 20.376 | 126.34 | 326.08 | .22645 | 12027.3 | 429.39 | 141.37 | 6.283 | 1002.3 | | | | 140 | 2.062 | 19.876 | 142.11 | 310.28 | .21547 | 13348.4 | 483.12 | 134.54 | 6.283 | 1112.4 | | | | 160 | 2.343 | 19.314 | 159.41 | 292.98 | .20346 | 14696.2 | 541.94 | 127.03 | 6.283 | 1224.7 |  ---  a tolerance of 0.01"". Pipe made from plate (all pipe with a longitudinal seam) will have 0.01"" added to its calculated minimum thickness for this mill tolerance. Seamless pipe is made by a process that requires a tolerance of 12½%.  Seamless pipe is made from hot, round solid billets of steel. A mandrel is centered and penetrates the hot billet, expanding the solid piece to a hollow pipe. This method of manufacturing can cause some possible thin spots in the pipe wall; consequently, the 12½% tolerance is required.  Special manufacturing of seamless pipe, such as centrifugally cast or special forging, is specified for very thick requirements. This type is cast or forged to a thicker wall and is precision machined, inside and out, and the tolerance is usually nil.  The piping engineer and piping designer recognize the method of manufacture and its related mill tolerance before calculating the minimum wall thickness required for his piping.  The various methods of manufacture also determine the length of the delivered pipe. Common pipe is made in ""random length"" which is 20'-0"", and in ""double random length"" which is 40'-0"". Unless double random length is specified, the manufacturer will ship single random. For long, straight runs of piping, considerable savings can be made by utilizing the longer pieces, saving buttwelding.  Centrifugally cast and special forged pipe will be shipped in 6-12' lengths. Since these are machined inside and out, the lengths are very short. This adds numerous buttwelts to long runs of pipe, increasing the system cost. Consequently, this method of manufacture is utilized only where the other methods cannot produce the desired pipe more economically. And any economic evaluation must consider the number of buttwelts.  ## Pipe Diameters, Thicknesses and Schedules  Table 1-2 lists pipe data for most commercially available sizes. Normally, sizes 1¼"", 2½"", 3½"", and 5"" are considered non-standard, usually unmanufactured and are not specified by a piping designer. Equipment manufacturers will employ these sizes and the piping designer will have to specify a stub or reducer to this connection but should immediately increase to the next larger size for his piping.  Pipe and tubing are not the same. Tubing is specified by its outside diameter. Piping is 4"" specified by its nominal diameter. For example, OD, 4"" pipe is 4.5""OD. This is usually specified as 4"" IPS (Iron Pipe Size) for pipe and can also be defined by specifying 4"" schedule 40. The schedule number defines the OD and the ""Nominal"" wall thickness for IPS piping.  Nominal wall thickness is the average wall of the pipe—not the minimum wall. To ascertain the minimum wall, the mill tolerance must be subtracted.  ## Fittings and Flanges  Welding fittings are manufactured to match the companion pipe. However, it is not mandatory that the fitting and the pipe have the same schedule. While pipe of several schedules is available, fittings are not stocked for all schedules. Fittings are usually available in standard weight, extra strong, schedule 160 and double extra strong. It is usually advantageous to specify the fitting thickness of the next higher available weight if the pipe wall thickness is not standard, extra strong, etc. As an example, with 14"" schedule 10 (0.250"" wall) the standard weight fitting would be specified, which is 0.375"" wall. For 14"" schedule 40 (0.438"" wall) the extra strong fitting would be specified, which is 0.500"" wall.  For pipe sizes 2"" and below, welding fittings are usually not used. For low pressure, noncritical service, socketweld piping is superior. For higher pressures and most process systems, the socketwelding fittings are employed.  Figure 1-3 describes forged steel screwed fittings and Figure 1-2 gives dimensional data for them.  Figure 1-3 describes forged steel socketwelding fittings and Figure 1-4 gives their dimensions. Starting in 1970, the 2000-pound series was discontinued. The most common series is the 3000-pound series would be used with schedule 40 and schedule 80 pipe.  Socketwelding costs a small amount more than screwed fittings. This cost reverses into an overall installed savings as socketwelded systems withstand the hydrostatic testing and remain a leak-free system for years.  Figure 1-5 describes steel buttwelding fittings and Figure 1-6 gives dimensional data.  The fittings depicted in Figure 1-5 are the ones that may be specified by a piping designer. However, due to delivery and cost, additional practical data is  ---  ![Figure 1-1. Forged steel socketwelding fittings \(2000, 3000, 4000 and 6000 pound W.O.G.\). Reprinted courtesy of Crane Co.](figures/Process-Piping-Design-Rip-Weaver-Volume-1_p0015_fig01_forged-steel-socketwelding-fittings-cran.png)  **90° Elbow** No. 240, 2000-Pound No. 340, 3000-Pound No. 640, 6000-Pound  **Tee** No. 241, 2000-Pound No. 341, 3000-Pound No. 641, 6000-Pound  **45° Elbow** No. 242, 2000-Pound No. 342, 3000-Pound No. 642, 6000-Pound  **Cross** No. 243, 2000-Pound No. 343, 3000-Pound No. 643, 6000-Pound  **90° Street Elbow** No. 384, 3000-Pound No. 684, 6000-Pound  **Coupling** No. 286, 2000-Pound No. 666, 6000-Pound  **Reducer** No. 347, 3000-Pound No. 647, 6000-Pound  **Half Coupling** No. 388, 3000-Pound No. 688, 6000-Pound  **Cap** No. 389, 3000-Pound  > **Table - Working Pressures — Steam, Water, Oil, Oil Vapor, Gas, or Air** - see [XLSX](tables/Process-Piping-Design-Rip-Weaver-Volume-1_p0015_tbl01_working-pressures-steam-water-oil-gas-ai.xlsx) and [source crop](tables/Process-Piping-Design-Rip-Weaver-Volume-1_p0015_tbl01_working-pressures-steam-water-oil-gas-ai.png)  | Temp. | Carbon Steel ASTM A105, Grade II | | | | | :--- | :---: | :---: | :---: | :---: | | | **2000-Pound Psi, Non-Shock W.O.G.** | **3000-Pound W.O.G.** | **4000-Pound W.O.G.** | **6000-Pound W.O.G.** | | Deg. Fahr. | | | | | | 100° | 2000 | 3000 | 4000 | 6000 | | 200 | 1965 | 2910 | 3910 | 5910 | | 300 | 1940 | 2915 | 3830 | 5830 | | 400 | 1900 | 2700 | 3700 | 5700 | | 500 | 1715 | 2645 | 3510 | 5510 | | 600 | 1430 | 2150 | 4300 | 4300 | | 650 | 1430 | 2150 | 4300 | 4300 | | 700 | 1190 | 1775 | 3500 | 3500 | | 750 | 1190 | 1775 | 3500 | 3500 | | 800 | 630 | 1350 | 2500 | 2500 | | 850 | 630 | 1350 | 2500 | 2500 | | 900 | 280 | 570 | 1000 | 1000 | | 950 | 280 | 570 | 1000 | 1000 | | 1000 | 130 | 360 | 1000 | 1000 | | 975±1 | 130 | 360 | 1000 | 1000 | | 1000 | 130 | 360 | 1000 | 1000 |  *Product used within the jurisdiction of Section 1, Power Boilers, of the ASA Code for Pressure Piping B31.1 is subject to the same maximum temperature limitations placed upon the material in Table P2, 1955 edition thereof.*  *Product used within the jurisdiction of Section 1, Power Piping, of the ASA Code for Pressure Piping B31.1 is subject to the same maximum temperature limitations placed upon the material in Table P2, 1955 edition thereof.*  **Recommendations:** These are unusually strong, rugged fittings. They are ideally suited for high pressure hydraulic lines and for high pressure-temperature service in oil refineries, oil and gas fields, central power stations, and industrial and chemical plants.  The 3000-Pound W.O.G. Fittings, exceptionally compact and light in weight, are intended for services beyond the temperature range of malleable iron fittings and for comparatively low pressure installations where the extra strength and safety afforded by steel fittings are desired."
SEC-PPDRWV1-0024,Process-Piping-Design-Rip-Weaver-Volume-1,PPDRWV1,General Piping,1,General Piping,548,681,16,17,Process-Piping-Design-Rip-Weaver-Volume-1.html#SEC-PPDRWV1-0024,4cdd7b005cff,True,False,False,1-2;1-3,,,Process-Piping-Design-Rip-Weaver-Volume-1_p0016_fig01;Process-Piping-Design-Rip-Weaver-Volume-1_p0016_tbl01;Process-Piping-Design-Rip-Weaver-Volume-1_p0017_tbl01;Process-Piping-Design-Rip-Weaver-Volume-1_p0017_fig01,"**Materials and design:** Elbows, tees, crosses, and Y-bends are forged solid; the caps, couplings, reducers, plugs, and bushings are machined from solid steel. Carbon steel billets or bar stock used in the manufacturing process are subject to rigid specifications for strength, toughness, and resistance to temperature and shock.  The fittings feature liberal metal sections throughout and have an ample factor of safety over the recommended working pressures. All openings are drilled; on forged fittings, each opening is reinforced with a wide barrel which completely surrounds the thread chamber, extending beyond the last thread. The design provides the required strength, adds to the compact neat appearance, and permits a sure wrench grip.  **Threads:** Threads are long and are accurately cut to gauge. All openings are in true alignment and chambered to permit easy entrance of pipe.  **MSS ratings:** Working pressures coincide with those of the MSS Standard for Forged Steel Screwed Fittings, No. SP-49-1916.  **45° Y-Band** No. 345, 3000-Pound No. 645, 6000-Pound  **Round Head Plug** No. 308, 3000-Pound  **Square Head Plug** No. 309, 3000-Pound  **Hexagon Head Plug** No. 693, 6000-Pound  **Face Bushing** No. 601, 6000-Pound  **Hexagon Bushing** No. 600, 6000-Pound  ---  # General Piping  ![Figure 1-2. Forged steel screwed fittings \(dimensions in inches\).](figures/Process-Piping-Design-Rip-Weaver-Volume-1_p0016_fig01_forged-steel-screwed-fittings-dimensions.png)  Couplings, reducers, and caps are machined from solid steel.  Dimensions of reducing sizes are the same as those of the straight size corresponding to the largest opening.  > **Table - Table of 2000-Pound W.O.G., 3000-Pound W.O.G., and 6000-Pound W.O.G. Fittings dimensions in inches** - see [XLSX](tables/Process-Piping-Design-Rip-Weaver-Volume-1_p0016_tbl01_forged-steel-screwed-fittings-wog-dimens.xlsx) and [source crop](tables/Process-Piping-Design-Rip-Weaver-Volume-1_p0016_tbl01_forged-steel-screwed-fittings-wog-dimens.png)  | Size | A | B | C | D | E | F | G | H | J | K | L | M | N | P | R | Y | | :--- | :---: | :---: | :---: | :---: | :---: | :---: | :---: | :---: | :---: | :---: | :---: | :---: | :---: | :---: | :---: | :---: | | **2000-Pound W.O.G. Fittings** | | ¼ | 15⁄16 | 19⁄32 | ¾ | 11⁄16 | | | | | | | | | | | | | | ⅜ | 11⁄16 | 27⁄32 | ¾ | 11⁄16 | | | | | | | | | | | | | | ½ | 1⅛ | 13⁄16 | 7⁄8 | 15⁄16 | 15⁄16 | | | | | | | | | | | | | ¾ | 1⅜ | 1 | | | | | | | | 3 | 2¼ | 15⁄16 | | | | | | 1 | | | | | | | | | | | 67⁄16 | 3½ | | 35⁄16 | | | | 1¼ | 19⁄16 | 27⁄32 | 3 | | | | | | | | 67⁄16 | 3½ | | 35⁄16 | | | | 1½ | | | | 2¾ | | 25⁄8 | | | | | 67⁄16 | 4½ | | 333⁄16 | | | | 2 | 3½ | 4½⁄16 | 3¼ | 4¼ | | | 5⅛ | | | | | | | | | | | 2½ | | | | | | | | | | | | | | | | | | **3000-Pound W.O.G. Fittings** | | ¼ | 15⁄16 | 19⁄32 | ¾ | | 19⁄32 | 1 | ¾ | 1¼ | 1 | | 1⅛ | ¾ | | 1 | 11⁄16 | ¾ | | ⅜ | 11⁄16 | 31⁄32 | | | 31⁄32 | 1 | | 1⅛ | | 1¼ | | | | | | | | ½ | 15⁄16 | 15⁄16 | 1 | 11⁄16 | | 1⅛ | 1¾ | | | 1⅛ | | | | | | | | ¾ | 1¼ | 1 | 11⁄16 | 1¼ | 13⁄16 | 1½ | | 1½ | 1¾ | 2 | 27⁄16 | | 1 | 5⁄16 | | | | 1 | 1½ | 27⁄16 | 2 | 17⁄16 | | | 2½ | | 1⅝ | | | | | | | | | 1¼ | 1⅝ | 3½⁄16 | 3 | | 25⁄16 | 3½⁄16 | 2½⁄16 | | | | | | | | | | | 1½ | | | | | | | | | | | | | | | | | | 2 | 2⅛ | 3⅜ | | | | 3⅜ | 3⅛ | | | | 3½ | | | 1 | 11⁄16 | 15⁄16 | | 2½ | | | | | | | | | | | | | | | | | | 3 | 4½ | 6 | | | | | | | | | | | | 4½ | 5⅛ | 233⁄16 | | **6000-Pound W.O.G. Fittings** | | ¼ | 31⁄32 | 1¼ | ¾ | 11⁄16 | 1½⁄16 | 1 | | 1 | 1½ | 27⁄16 | 29⁄16 | 3½ | | 1 | 11⁄16 | | | ⅜ | 1¼ | 15⁄16 | ¾ | 1⅛ | 1¾ | 1 | | 1 | | | | | | | | | | ½ | 1⅜ | 1½ | | 1 | 1¾ | 1¼ | | 1¼ | | | | | | | | | | ¾ | 1⅝ | | | | | | | | | | | | | | | | | 1 | 2 | 31⁄32 | 21⁄16 | | 25⁄16 | 2½⁄16 | | 2 | 27⁄16 | 27⁄16 | 35⁄16 | 27⁄16 | | 2½ | 2½⁄16 | 15⁄16 | | 1¼ | 2⅝ | 4½ | 2¾ | | 31⁄32 | 3½⁄16 | | | | | | | | | | | | 1½ | | | | | | | | | | | | | | | | | | 2 | 3⅛ | | 35⁄16 | | | | | | | | 3½ | 37⁄16 | | 2½⁄16 | 3⅛ | | | 2½ | | | | | | | | | | | | | | | | | | 3 | 4½⁄16 | 6 | | | | | | | | | | | | 4½ | 5⅛ | 2⅞ |  ---  **Tee** No. 1191, 2000-Pound WOG No. 1381, 3000-Pound WOG No. 1461, 4000-Pound WOG No. 1661, 6000-Pound WOG  **45° Elbow** No. 1242, 2000-Pound WOG No. 1382, 3000-Pound WOG No. 1462, 4000-Pound WOG No. 1662, 6000-Pound WOG  **Cross** No. 1345, 2000-Pound WOG No. 1385, 3000-Pound WOG No. 1465, 4000-Pound WOG No. 1665, 6000-Pound WOG  **90° Elbow** No. 1240, 2000-Pound WOG No. 1380, 3000-Pound WOG No. 1460, 4000-Pound WOG No. 1660, 6000-Pound WOG  2000-Pound WOG Fittings are for use with Schedule 40 or Standard pipe 3000-Pound WOG Fittings are for use with Schedule 80 or Extra Strong pipe 4000-Pound WOG Fittings are for use with Schedule 160 pipe 6000-Pound WOG Fittings are for use with Double Extra Strong pipe  **Recommendations:** These unusually rugged, durable fittings are ideal for small (up to and including 4"") welded lines on relatively low pressure service, for high pressure hydraulic lines, or for high pressure-temperature service.  The 1000-Pound WOG Fittings are for use with Schedule 40 or Standard pipe — the 3000-Pound, with Schedule 80 or Extra Strong pipe — the 4000-Pound, with Schedule 160 pipe — and the 6000-Pound, with Double Extra Strong pipe.  **Design:** Elbows, tees, crosses, and Y-bends are forged solid, their openings are reinforced with a wide band of metal, completely surrounds the socket chamber, extends well beyond the back of the socket, and meets recognized requirements for socket-weld dimensions. Reducer inserts, couplings, reducers, and caps are machined from solid steel. Openings of all fittings are drilled and the ends are bored to slip over pipe.  **Materials:** The fittings are made from high grade carbon steel (ASTM A 105, Grade II) of unusual strength and toughness. It is particularly suitable for fusion welding.  **American Standard:** These fittings conform to the American Standard for Steel Socket-Welding Fittings (B16.11, 1946). This Standard includes elbows, tees, crosses, and couplings on sizes 3-inch and smaller for use with Schedule 40, Schedule 80, and Schedule 160 pipe.  **\*Note:** When pipe is rated in accordance with the Code for Pressure Piping or any other Code, these fittings may be used for the same pressures and temperatures as the pipe, even though such ratings exceed those in the table above.  The fittings, of course, must be made of a material having chemical and physical properties comparable to the pipe, and must be compatible therewith as indicated by the schedule numbers.  > **Table - Working Pressures\* — Steam, Water, Oil, Vapor, Gas, or Air** - see [XLSX](tables/Process-Piping-Design-Rip-Weaver-Volume-1_p0017_tbl01_working-pressures-steam-water-oil-vapor.xlsx) and [source crop](tables/Process-Piping-Design-Rip-Weaver-Volume-1_p0017_tbl01_working-pressures-steam-water-oil-vapor.png)  | Material | Temp | Pounds, Non-Shock |  |  |  | | :--- | :---: | :---: | :---: | :---: | :---: | |  | Deg. F | 2000 Pound WOG | 3000 Pound WOG | 4000 Pound WOG | 6000 Pound WOG | | Carbon Steel ASTM A 105 Grade II | 100 | 2000 | 3000 | 4000 | 6000 | |  | 200 | 1990 | 2910 | 3865 | 5830 | |  | 300 | 1940 | 2915 | 3885 | 5830 | |  | 400 | 1895 | 2845 | 3790 | 5680 | |  | 500 | 1810 | 2715 | 3620 | 5430 | |  | 600 | 1640 | 2460 | 3280 | 4925 | |  | 650 | 1540 | 2310 | 3080 | 4615 | |  | 700 | 1390 | 2085 | 2780 | 4165 | |  | 750 | 1200 | 1800 | 2400 | 3600 |"
SEC-PPDRWV1-0025,Process-Piping-Design-Rip-Weaver-Volume-1,PPDRWV1,General Piping,2,General Piping,682,758,18,19,Process-Piping-Design-Rip-Weaver-Volume-1.html#SEC-PPDRWV1-0025,b444add168ca,True,False,False,1-4;1-5,,,Process-Piping-Design-Rip-Weaver-Volume-1_p0018_fig01;Process-Piping-Design-Rip-Weaver-Volume-1_p0018_tbl01;Process-Piping-Design-Rip-Weaver-Volume-1_p0019_fig01,"|  | 800 | 1015 | 1525 | 2030 | 3050 | |  | 850 | 815 | 1220 | 1625 | 2440 | |  | 900 | 615 | 920 | 1225 | 1840 | |  | 950 | 430 | 645 | 860 | 1290 | |  | 1000 | 270 | 405 | 540 | 810 |  **½"" Y-Bend** No. 1345, 2000-Pound WOG No. 1385, 3000-Pound WOG No. 1465, 4000-Pound WOG No. 1665, 6000-Pound WOG  **Coupling** No. 3246, 2000-Pound WOG No. 3386, 3000-Pound WOG No. 3466, 4000-Pound WOG No. 3666, 6000-Pound WOG  **Reducer** No. 1247, 2000-Pound WOG No. 1387, 3000-Pound WOG No. 1467, 4000-Pound WOG No. 1667, 6000-Pound WOG  **Cap** No. 1249, 2000-Pound WOG No. 1389, 3000-Pound WOG No. 1469, 4000-Pound WOG No. 1669, 6000-Pound WOG  ![Figure 1-3. Forged steel socketwelding fittings \(2000, 3000, 4000 and 6000 pound W.O.G.\).](figures/Process-Piping-Design-Rip-Weaver-Volume-1_p0017_fig01_forged-steel-socketwelding-fittings.png)  ---  ## General Piping  Dimensions of reducing sizes are the same as those of the straight size corresponding to the largest opening.  ![Figure 1-4. Forged steel socketwelding fittings \(dimensions in inches\).](figures/Process-Piping-Design-Rip-Weaver-Volume-1_p0018_fig01_forged-steel-socketwelding-fittings-diag.png)  > **Table - Figure 1-4 — Forged steel socketwelding fittings dimensions table** - see [XLSX](tables/Process-Piping-Design-Rip-Weaver-Volume-1_p0018_tbl01_forged-steel-socketwelding-fittings-dime.xlsx) and [source crop](tables/Process-Piping-Design-Rip-Weaver-Volume-1_p0018_tbl01_forged-steel-socketwelding-fittings-dime.png)  | Size | A | B | C | D | E | F | G | H | J | K | L | M | N | O | P | R | S | T | U | V | | :--- | :---: | :---: | :---: | :---: | :---: | :---: | :---: | :---: | :---: | :---: | :---: | :---: | :---: | :---: | :---: | :---: | :---: | :---: | :---: | :---: | | **3000-Pound WOG Fittings, for use with Schedule 40 or Standard Pipe** | | ¼ | 1³⁄₁₆ | 1⁵⁄₁₆ | ⁷⁄₁₆ | 1⁵⁄₁₆ | 1⁵⁄₁₆ | ⁵⁄₁₆ | ⁷⁄₁₆ | 1³⁄₁₆ | ¹⁄₄ | ²⁵⁄₃₂ | 1¹⁄₁₆ | ⁷⁄₈ | 1 | ²⁵⁄₃₂ | 1⅛ | 1 | ⁷⁄₈ | ¾ | ¾ | ⁹⁄₁₆ | | ⅜ | 1⁵⁄₁₆ | 1⁷⁄₁₆ | ½ | 1⁷⁄₁₆ | 1⁷⁄₁₆ | ⅜ | ½ | 1⁵⁄₁₆ | ¼ | ²⁷⁄₃₂ | 1³⁄₁₆ | 1 | 1⅛ | ²⁷⁄₃₂ | 1¼ | 1⅛ | 1 | ⅞ | ⅞ | ⁵⁄₈ | | ½ | 1½ | 1⅝ | ⁹⁄₁₆ | 1⅝ | 1⅝ | ⁷⁄₁₆ | ⁹⁄₁₆ | 1½ | ⁵⁄₁₆ | ²⁹⁄₃₂ | 1⁵⁄₁₆ | 1⅛ | 1¼ | ²⁹⁄₃₂ | 1⅜ | 1¼ | 1⅛ | 1 | 1 | ¾ | | ¾ | 1¾ | 1⅞ | ⁵⁄₈ | 1⅞ | 1⅞ | ½ | ⅝ | 1¾ | ⅜ | 1¹⁄₁₆ | 1½ | 1⅜ | 1½ | 1¹⁄₁₆ | 1⅝ | 1½ | 1⅜ | 1¼ | 1¼ | ⅞ | | 1 | 2 | 2¼ | ¾ | 2¼ | 2¼ | ⅝ | ¾ | 2 | ⅜ | 1³⁄₁₆ | 1¾ | 1⅝ | 1¾ | 1³⁄₁₆ | 1⅞ | 1¾ | 1⅝ | 1½ | 1½ | 1 | | 1¼ | 2¼ | 2½ | ⅞ | 2½ | 2½ | ¾ | ⅞ | 2¼ | ⅜ | 1⁵⁄₁₆ | 2 | 1⅞ | 2 | 1⁵⁄₁₆ | 2⅛ | 2 | 1⅞ | 1¾ | 1¾ | 1⅛ | | 1½ | 2½ | 2¾ | 1 | 2¾ | 2¾ | ⅞ | 1 | 2½ | ⅜ | 1⁷⁄₁₆ | 2¼ | 2⅛ | 2¼ | 1⁷⁄₁₆ | 2⅜ | 2¼ | 2⅛ | 2 | 2 | 1¼ | | 2 | 3 | 3¼ | 1⅛ | 3¼ | 3¼ | 1 | 1⅛ | 3 | ⅜ | 1⅝ | 2¾ | 2½ | 2¾ | 1⅝ | 2⅞ | 2¾ | 2½ | 2½ | 2½ | 1½ | | 2½ | 3½ | 3¾ | 1¼ | 3¾ | 3¾ | 1⅛ | 1¼ | 3½ | ½ | 1⅞ | 3¼ | 3 | 3¼ | 1⅞ | 3⅜ | 3¼ | 3 | 2¾ | 2¾ | 1¾ | | 3 | 4 | 4½ | 1⅜ | 4½ | 4½ | 1¼ | 1⅜ | 4 | ½ | 2⅛ | 3¾ | 3½ | 3¾ | 2⅛ | 3⅞ | 3¾ | 3½ | 3¼ | 3¼ | 2 | | 4 | 5 | 5½ | 1⅝ | 5½ | 5½ | 1½ | 1⅝ | 5 | ½ | 2½ | 4¾ | 4½ | 4¾ | 2½ | 4⅞ | 4¾ | 4½ | 4¼ | 4¼ | 2½ | | **3000-Pound WOG Fittings, for use with Schedule 80 or Extra Strong Pipe** | | ¼ | 1³⁄₁₆ | 1⁵⁄₁₆ | ⁷⁄₁₆ | 1⁵⁄₁₆ | 1⁵⁄₁₆ | ⁵⁄₁₆ | ⁷⁄₁₆ | 1³⁄₁₆ | ¼ | ²⁵⁄₃₂ | 1¹⁄₁₆ | ⁷⁄₈ | 1 | ²⁵⁄₃₂ | 1⅛ | 1 | ⅞ | ¾ | ¾ | ⁹⁄₁₆ | | ⅜ | 1⁵⁄₁₆ | 1⁷⁄₁₆ | ½ | 1⁷⁄₁₆ | 1⁷⁄₁₆ | ⅜ | ½ | 1⁵⁄₁₆ | ¼ | ²⁷⁄₃₂ | 1³⁄₁₆ | 1 | 1⅛ | ²⁷⁄₃₂ | 1¼ | 1⅛ | 1 | ⅞ | ⅞ | ⅝ | | ½ | 1½ | 1⅝ | ⁹⁄₁₆ | 1⅝ | 1⅝ | ⁷⁄₁₆ | ⁹⁄₁₆ | 1½ | ⁵⁄₁₆ | ²⁹⁄₃₂ | 1⁵⁄₁₆ | 1⅛ | 1¼ | ²⁹⁄₃₂ | 1⅜ | 1¼ | 1⅛ | 1 | 1 | ¾ | | ¾ | 1¾ | 1⅞ | ⅝ | 1⅞ | 1⅞ | ½ | ⅝ | 1¾ | ⅜ | 1¹⁄₁₆ | 1½ | 1⅜ | 1½ | 1¹⁄₁₆ | 1⅝ | 1½ | 1⅜ | 1¼ | 1¼ | ⅞ | | 1 | 2 | 2¼ | ¾ | 2¼ | 2¼ | ⅝ | ¾ | 2 | ⅜ | 1³⁄₁₆ | 1¾ | 1⅝ | 1¾ | 1³⁄₁₆ | 1⅞ | 1¾ | 1⅝ | 1½ | 1½ | 1 | | 1¼ | 2¼ | 2½ | ⅞ | 2½ | 2½ | ¾ | ⅞ | 2¼ | ⅜ | 1⁵⁄₁₆ | 2 | 1⅞ | 2 | 1⁵⁄₁₆ | 2⅛ | 2 | 1⅞ | 1¾ | 1¾ | 1⅛ | | 1½ | 2½ | 2¾ | 1 | 2¾ | 2¾ | ⅞ | 1 | 2½ | ⅜ | 1⁷⁄₁₆ | 2¼ | 2⅛ | 2¼ | 1⁷⁄₁₆ | 2⅜ | 2¼ | 2⅛ | 2 | 2 | 1¼ | | 2 | 3 | 3¼ | 1⅛ | 3¼ | 3¼ | 1 | 1⅛ | 3 | ⅜ | 1⅝ | 2¾ | 2½ | 2¾ | 1⅝ | 2⅞ | 2¾ | 2½ | 2½ | 2½ | 1½ | | 2½ | 3½ | 3¾ | 1¼ | 3¾ | 3¾ | 1⅛ | 1¼ | 3½ | ½ | 1⅞ | 3¼ | 3 | 3¼ | 1⅞ | 3⅜ | 3¼ | 3 | 2¾ | 2¾ | 1¾ | | 3 | 4 | 4½ | 1⅜ | 4½ | 4½ | 1¼ | 1⅜ | 4 | ½ | 2⅛ | 3¾ | 3½ | 3¾ | 2⅛ | 3⅞ | 3¾ | 3½ | 3¼ | 3¼ | 2 | | 4 | 5 | 5½ | 1⅝ | 5½ | 5½ | 1½ | 1⅝ | 5 | ½ | 2½ | 4¾ | 4½ | 4¾ | 2½ | 4⅞ | 4¾ | 4½ | 4¼ | 4¼ | 2½ | | **4000-Pound WOG Fittings, for use with Schedule 160 Pipe** | | ¼ | 1⁹⁄₁₆ | 1¾ | ⁷⁄₁₆ | 1¾ | 1¾ | ½ | ½ | 1⁹⁄₁₆ | ¼ | ²⁵⁄₃₂ | 1¼ | 1⅛ | 1¼ | ²⁵⁄₃₂ | 1⅜ | 1¼ | 1⅛ | 1 | 1 | ⅝ | | ⅜ | 1¾ | 2 | ½ | 2 | 2 | ⅝ | ⅝ | 1¾ | ¼ | ²⁷⁄₃₂ | 1⅜ | 1¼ | 1⅜ | ²⁷⁄₃₂ | 1½ | 1⅜ | 1¼ | 1⅛ | 1⅛ | ¾ | | ½ | 2 | 2¼ | ⁹⁄₁₆ | 2¼ | 2¼ | ¾ | ¾ | 2 | ⁵⁄₁₆ | ²⁹⁄₃₂ | 1⅝ | 1½ | 1⅝ | ²⁹⁄₃₂ | 1¾ | 1⅝ | 1½ | 1⅜ | 1⅜ | ⅞ | | ¾ | 2¼ | 2½ | ⅝ | 2½ | 2½ | ⅞ | ⅞ | 2¼ | ⅜ | 1¹⁄₁₆ | 1⅞ | 1¾ | 1⅞ | 1¹⁄₁₆ | 2 | 1⅞ | 1¾ | 1⅝ | 1⅝ | 1 | | 1 | 2¾ | 3 | ¾ | 3 | 3 | 1 | 1 | 2¾ | ⅜ | 1³⁄₁₆ | 2¼ | 2⅛ | 2¼ | 1³⁄₁₆ | 2⅜ | 2¼ | 2⅛ | 2 | 2 | 1¼ | | 1¼ | 3 | 3½ | ⅞ | 3½ | 3½ | 1¼ | 1¼ | 3 | ⅜ | 1⁵⁄₁₆ | 2½ | 2⅜ | 2½ | 1⁵⁄₁₆ | 2⅝ | 2½ | 2⅜ | 2¼ | 2¼ | 1⅜ | | 1½ | 3¼ | 3¾ | 1 | 3¾ | 3¾ | 1⅜ | 1⅜ | 3¼ | ⅜ | 1⁷⁄₁₆ | 2¾ | 2⅝ | 2¾ | 1⁷⁄₁₆ | 2⅞ | 2¾ | 2⅝ | 2½ | 2½ | 1½ | | 2 | 4 | 4½ | 1⅛ | 4½ | 4½ | 1⅝ | 1⅝ | 4 | ⅜ | 1⅝ | 3½ | 3¼ | 3½ | 1⅝ | 3⅝ | 3½ | 3¼ | 3 | 3 | 1¾ |"
SEC-PPDRWV1-0026,Process-Piping-Design-Rip-Weaver-Volume-1,PPDRWV1,General Piping,2,General Piping,759,893,20,20,Process-Piping-Design-Rip-Weaver-Volume-1.html#SEC-PPDRWV1-0026,09ef85a42afa,True,False,False,1-6,,,Process-Piping-Design-Rip-Weaver-Volume-1_p0020_fig01;Process-Piping-Design-Rip-Weaver-Volume-1_p0020_tbl01;Process-Piping-Design-Rip-Weaver-Volume-1_p0020_tbl02,"| 2½ | 4½ | 5 | 1¼ | 5 | 5 | 1⅞ | 1⅞ | 4½ | ½ | 1⅞ | 4 | 3¾ | 4 | 1⅞ | 4⅛ | 4 | 3¾ | 3½ | 3½ | 2 | | **6000-Pound WOG Fittings, for use with Double Extra Strong Pipe** | | ¼ | 1⁹⁄₁₆ | 1¾ | ¹⁵⁄₁₆ | 1¾ | 1¾ | ½ | ½ | 1⁹⁄₁₆ | ¼ | ²⁵⁄₃₂ | 1¼ | 1⅛ | 1¼ | ²⁵⁄₃₂ | 1⅜ | 1¼ | 1⅛ | 1 | 1 | ⅝ | | ⅜ | 1¾ | 2 | 1¹⁄₁₆ | 2 | 2 | ⅝ | ⅝ | 1¾ | ¼ | ²⁷⁄₃₂ | 1⅜ | 1¼ | 1⅜ | ²⁷⁄₃₂ | 1½ | 1⅜ | 1¼ | 1⅛ | 1⅛ | ¾ | | ½ | 2 | 2¼ | 1³⁄₁₆ | 2¼ | 2¼ | ¾ | ¾ | 2 | ⁵⁄₁₆ | ²⁹⁄₃₂ | 1⅝ | 1½ | 1⅝ | ²⁹⁄₃₂ | 1¾ | 1⅝ | 1½ | 1⅜ | 1⅜ | ⅞ | | ¾ | 2¼ | 2½ | 1⁵⁄₁₆ | 2½ | 2½ | ⅞ | ⅞ | 2¼ | ⅜ | 1¹⁄₁₆ | 1⅞ | 1¾ | 1⅞ | 1¹⁄₁₆ | 2 | 1⅞ | 1¾ | 1⅝ | 1⅝ | 1 | | 1 | 2¾ | 3 | 1½ | 3 | 3 | 1 | 1 | 2¾ | ⅜ | 1³⁄₁₆ | 2¼ | 2⅛ | 2¼ | 1³⁄₁₆ | 2⅜ | 2¼ | 2⅛ | 2 | 2 | 1¼ | | 1¼ | 3 | 3½ | 1¾ | 3½ | 3½ | 1¼ | 1¼ | 3 | ⅜ | 1⁵⁄₁₆ | 2½ | 2⅜ | 2½ | 1⁵⁄₁₆ | 2⅝ | 2½ | 2⅜ | 2¼ | 2¼ | 1⅜ | | 1½ | 3¼ | 3¾ | 2 | 3¾ | 3¾ | 1⅜ | 1⅜ | 3¼ | ⅜ | 1⁷⁄₁₆ | 2¾ | 2⅝ | 2¾ | 1⁷⁄₁₆ | 2⅞ | 2¾ | 2⅝ | 2½ | 2½ | 1½ | | 2 | 4 | 4½ | 2¼ | 4½ | 4½ | 1⅝ | 1⅝ | 4 | ⅜ | 1⅝ | 3½ | 3¼ | 3½ | 1⅝ | 3⅝ | 3½ | 3¼ | 3 | 3 | 1¾ | | 2½ | 4½ | 5 | 2½ | 5 | 5 | 1⅞ | 1⅞ | 4½ | ½ | 1⅞ | 4 | 3¾ | 4 | 1⅞ | 4⅛ | 4 | 3¾ | 3½ | 3½ | 2 |  ---  **Thickness:** Standard fittings in sizes 2-inch and smaller are made for use with Standard pipe (the heaviest weight on 1-, 1¼-, and 1½-inch sizes). In sizes 14-inch and larger, Standard fittings are made for use with O.D. pipe ⅜-inch thick.  **Materials:** Unless otherwise specified, the fittings are made of carbon steel conforming to requirements of ASTM Specification A 234, Grade B.  Fittings made of Grade A carbon steel, genuine wrought iron, stainless steel, or other materials can be furnished when specified; information on request.  **American Standard:** These fittings conform, in types and sizes included therein, to the American Standard for Steel Butt-Welding Fittings, B16.9-1958.  The Standard does not include sizes smaller than 2-inch, nor does it include 45° elbows with a long tangent on one end, short radius 90° elbows, crosses, short radius return bends, or shaped nipples.  **90° elbow with long tangent:** The No. 333 E are 90° long radius elbows having a long tangent on one end to permit welding on a slip-on welding flange. The tangent end is not beveled; the other end is beveled.  **Cranelap stub ends:** Cranelap stub ends, made of Grade B seamless steel pipe lapped to the full thickness of the pipe wall, and Cranelap flanges afford an ideal method of installing flanged equipment in a welded line. The blind flange eliminates the difficulty of aligning bolt holes and permits installing the equipment at any angle.  **Shaped nipples:** Shaped nipples eliminate the use of elbows when adding one pipe upon another. They save erection time and assure an accurate fit. Both ends are beveled for welding. When ordering, be sure to specify both the pipe size and the nominal size of the header to which the nipple will be used. The angle at which the nipples are shaped to fit are included in the upper table on the facing page.  **Prices:** Prices are furnished on request.  **Ordering reducing tees and crosses:** When ordering reducing tees and crosses, specify the size of openings in the sequence of the lower case letters (a and b) shown on their illustrations at the left.  ![Figure 1-5. Steel buttwelding fittings for use with standard pipe. Reprinted courtesy of Crane Co.](figures/Process-Piping-Design-Rip-Weaver-Volume-1_p0019_fig01_steel-buttwelding-fittings-standard-pipe.png)  ---  ## General Piping  Standard, Extra Strong, Schedule 160, and Double Extra Strong fittings have the same outside dimensions.  **American Standard:** These fittings conform in sizes and types included therein, to the American Standard, B16.9-56.  **Thickness:** Standard Fittings 12-inch and smaller are made for use with Standard pipe (heaviest weight on 8, 10, and 12-inch sizes); sizes 14-inch and larger are made for use with Schedule 10 thick.  Extra Strong Fittings 12-inch and smaller are made for use with Extra Strong pipe; larger sizes are made for use with O.D. pipe 3/8-inch thick.  Schedule 160 Fittings are made for use with Schedule 160 pipe.  Double Extra Strong Fittings are made for use with Double Extra Strong pipe.  ![Figure 1-6. Steel buttwelding fittings \(dimensions in inches\). Courtesy of Crane Co.](figures/Process-Piping-Design-Rip-Weaver-Volume-1_p0020_fig01_steel-buttwelding-fittings.png)  The figure shows various buttwelding fitting types including:  - 90° Long Radius Elbow (Straight or Reducing) - 90° Long Radius Elbow with Long Tangent on One End - 90° Short Radius Elbow - 45° Long Radius Elbow - Straight Tee - Straight Cross - Cap - Short Radius Return Bend - Reinforcing Welding Saddle - Crossover - 90° Type Stub End - 45° Type Shaped Nipples - Concentric Reducer - Eccentric Reducer - Reducing Tee - Reducing Cross  *Dimension ""T"" is shown in table heading; refer to large table for dimension ""E"".*  > **Table - Reducing Tee and Reducing Cross dimensions \(Size, T, E columns\)** - see [XLSX](tables/Process-Piping-Design-Rip-Weaver-Volume-1_p0020_tbl01_reducing-tee-cross-dimensions.xlsx) and [source crop](tables/Process-Piping-Design-Rip-Weaver-Volume-1_p0020_tbl01_reducing-tee-cross-dimensions.png)  | Size | T | E | | :--- | :--- | :--- | | 1½×¾ | 1⅜ | — | | 1½×1 | 1⅜ | — | | 2×¾ | 1½ | — | | 2×1 | 1½ | — | | 2×1¼ | 1½ | — | | 2×1½ | 1½ | — | | 2½×1 | 1¾ | — | | 2½×1¼ | 1¾ | — | | 2½×1½ | 1¾ | — | | 2½×2 | 1¾ | — | | 3×1 | 2 | — | | 3×1¼ | 2 | — | | 3×1½ | 2 | — | | 3×2 | 2 | — | | 3×2½ | 2 | — | | 3½×2 | 2¼ | — | | 3½×2½ | 2¼ | — | | 3½×3 | 2¼ | — | | 4×2 | 2½ | — | | 4×2½ | 2½ | — | | 4×3 | 2½ | — | | 4×3½ | 2½ | — | | 5×2½ | 3 | — | | 5×3 | 3 | — | | 5×4 | 3 | — | | 6×2½ | 3½ | — | | 6×3 | 3½ | — | | 6×4 | 3½ | — | | 6×5 | 3½ | — | | 8×4 | 4 | — | | 8×5 | 4 | — | | 8×6 | 4 | — | | 10×6 | 5 | — | | 10×8 | 5 | — | | 12×6 | 5½ | — | | 12×8 | 5½ | — | | 12×10 | 5½ | — | | 14×8 | 6 | — | | 14×10 | 6 | — | | 14×12 | 6 | — | | 16×8 | 6½ | — | | 16×10 | 6½ | — | | 16×12 | 6½ | — | | 16×14 | 6½ | — | | 18×10 | 7 | — | | 18×12 | 7 | — | | 18×14 | 7 | — | | 18×16 | 7 | — | | 20×10 | 7½ | — | | 20×12 | 7½ | — | | 20×14 | 7½ | — | | 20×16 | 7½ | — | | 20×18 | 7½ | — | | 24×12 | 9 | — | | 24×14 | 9 | — | | 24×16 | 9 | — |"
SEC-PPDRWV1-0027,Process-Piping-Design-Rip-Weaver-Volume-1,PPDRWV1,"Forged Steel Screwed Flange, Seal-Welded",2,"Forged Steel Screwed Flange, Seal-Welded",894,899,,,Process-Piping-Design-Rip-Weaver-Volume-1.html#SEC-PPDRWV1-0027,1be3e2092c6a,True,False,False,,,,,"| 24×18 | 9 | — | | 24×20 | 9 | — |  > **Table - Steel buttwelding fittings dimensions table \(Size, A through S columns, Pipe Schedule Numbers\)** - see [XLSX](tables/Process-Piping-Design-Rip-Weaver-Volume-1_p0020_tbl02_buttwelding-fittings-dimensions.xlsx) and [source crop](tables/Process-Piping-Design-Rip-Weaver-Volume-1_p0020_tbl02_buttwelding-fittings-dimensions.png)  | Size | A | B | C | D | E | F | G | H | J | K | L | M | N | P | Q | S | Pipe Sched Std | Pipe Sched Extra Strong |"
SEC-PPDRWV1-0028,Process-Piping-Design-Rip-Weaver-Volume-1,PPDRWV1,Forged Steel Welding Neck Flange,2,Forged Steel Welding Neck Flange,900,903,,,Process-Piping-Design-Rip-Weaver-Volume-1.html#SEC-PPDRWV1-0028,0772d68f62a9,True,False,False,,,,,| :--- | :--- | :--- | :--- | :--- | :--- | :--- | :--- | :--- | :--- | :--- | :--- | :--- | :--- | :--- | :--- | :--- | :--- | :--- | | ½ | — | — | — | — | — | — | — | — | — | — | — | — | — | — | — | — | 40 | 80 | | ¾ | — | — | — | — | — | — | — | — | — | — | — | — | — | — | — | — | 40 | 80 | | 1 | — | — | — | — | — | — | — | — | — | — | — | — | — | — | — | — | 40 | 80 |
SEC-PPDRWV1-0029,Process-Piping-Design-Rip-Weaver-Volume-1,PPDRWV1,Forged Steel Slip-On Welding Flange,2,Forged Steel Slip-On Welding Flange,904,913,,,Process-Piping-Design-Rip-Weaver-Volume-1.html#SEC-PPDRWV1-0029,f817a8dcb7db,True,False,False,,,,,| 1¼ | — | — | — | — | — | — | — | — | — | — | — | — | — | — | — | — | 40 | 80 | | 1½ | 1⅞ | 1½ | — | 1⅛ | — | — | 2½ | — | 2½ | — | — | 4 | — | — | — | — | 40 | 80 | | 2 | 2¼ | 1½ | — | — | — | — | 2½ | — | 3 | — | — | 4 | — | — | — | — | 40 | 80 | | 2½ | 2¾ | 2 | — | — | — | — | 3 | — | 3½ | — | — | 5 | — | — | — | — | 40 | 80 | | 3 | 3¾ | 2 | — | — | — | — | 3½ | — | 4 | — | — | 5½ | — | — | — | — | 40 | 80 | | 3½ | 3¾ | 2½ | — | — | — | — | 4 | — | 4½ | — | — | 6 | — | — | — | — | 40 | 80 | | 4 | 4 | 3 | — | 2½ | — | — | 5 | — | 5 | — | — | 6 | — | 4 | — | — | 40 | 80 | | 5 | 5 | 3½ | — | — | — | — | 6 | 6¼ | 6¼ | — | — | — | 10¼ | — | — | — | 40 | 80 | | 6 | 6 | 4 | — | 3½ | — | — | 8 | — | 8 | — | — | — | 10¾ | — | — | — | 40 | 80 | | 8 | 8 | 5 | — | — | — | 12 | — | — | 10 | — | 15 | 10 | — | — | — | — | 40 | 80 |
SEC-PPDRWV1-0030,Process-Piping-Design-Rip-Weaver-Volume-1,PPDRWV1,Cranelap Stub Ends and Cranelap Flange,2,Cranelap Stub Ends and Cranelap Flange,914,921,21,21,Process-Piping-Design-Rip-Weaver-Volume-1.html#SEC-PPDRWV1-0030,9b5d89a1a4ac,True,False,False,1-7,,,Process-Piping-Design-Rip-Weaver-Volume-1_p0021_fig01,| 10 | 10 | 6 | — | — | — | 15 | — | — | 13 | — | — | 13 | — | — | — | — | 40 | 80 | | 12 | 12 | 8 | — | — | — | 18 | — | — | 16 | — | — | — | — | — | — | — | 40 | 80 | | 14 | 14 | 8 | — | — | — | 21 | — | — | 18 | — | — | — | — | — | — | — | 10 | — | | 16 | 16 | 10 | — | — | — | 24 | — | — | 21 | — | — | — | — | — | — | — | 10 | — | | 18 | 18 | 11 | — | — | — | 27 | — | — | 24 | — | — | — | — | — | — | — | 10 | — | | 20 | 20 | 12 | 11⅜ | 13⅜ | — | 30 | — | — | 27 | — | — | — | — | — | — | 30 | 20 | 10 | — | | 24 | 24 | 14 | — | — | — | 36 | — | — | 32 | — | — | — | — | — | 20 | 10 | — |
SEC-PPDRWV1-0031,Process-Piping-Design-Rip-Weaver-Volume-1,PPDRWV1,General Piping,2,General Piping,922,957,22,22,Process-Piping-Design-Rip-Weaver-Volume-1.html#SEC-PPDRWV1-0031,3e4067a41d21,True,False,False,1-8,,,Process-Piping-Design-Rip-Weaver-Volume-1_p0022_fig01,"---  Welded flanged joints can be furnished in the types illustrated here. The Cranelap stub ends with Cranelap flange, after illustrated, afford an auxiliary flanged connection for welding.  **Application:** Any of the welded flanged joints shown at the right can be applied to straight pipe, pipe bends, the ends and nozzles of welded headers, and the flange ends of welded assemblies. Special shop equipment assures the perfect alignment of flange faces on all Crane Welded Flanged Joints.  **Welding:** The shop welding of these flanged joints is performed by Crane welders working under approved procedure controls.  **Special piping materials:** These types of welded flanged joints can be furnished on many special piping materials, including numerous alloy steels, with facilities for heat-treating after fabrication.  Complete information and prices will be furnished on application.  ## Forged Steel Screwed Flange, Seal-Welded  A Crane Forged Steel Screwed Flange is used in this joint. The pipe and the flange are separately threaded, the flange is made up tight on the pipe, seal-welded, and then relaxed. The joint is sealed by fillet-welding the back of the flange to the pipe, thus avoiding any leakage through the threads.  The refacing assures perfect alignment of the flange faces, and that the end of the pipe is flush with the face of the flange. The threads retain the function of holding the flange securely on the pipe; hence there is no shearing action.  ## Forged Steel Welding Neck Flange  Crane Welding Neck Flanges are of forged steel. They are machined with a beveled end and bored to match the inside diameter of the pipe to which they are applied. A butt-weld is used to attach the welding neck flange to the pipe, which is also machine beveled.  ## Forged Steel Slip-On Welding Flange  Crane Forged Steel Slip-On Welding Flanges are bored for a snug fit on the pipe and, when applied to fabricated piping, are welded at the front and back through the two methods defined below and illustrated at the right.  **Type No. 1:** Type No. 1 is Crane standard for welded flanged joints using Forged Steel Slip-On Welding Flanges. Regular flanges are welded with the end of the pipe set back from the face of the flange and the flange welded to the pipe both in front and back.  **Type No. 2:** Type No. 1 is furnished on special order only; slip-on flanges with a special front groove for welding are used. The pipe is flush with the flange face; this is accomplished by refacing, after both the front and back of the flange are welded to the pipe.  *Code limitation:* When piping must comply with the American Standard Code for Pressure Piping or the ASME Boiler and Pressure Vessel Code, the use of the slip-on welding joint is permissible in all sizes of classes listed, with primary service pressure ratings up to and including the 900-pound class, and in sizes 3¾-inch and smaller of the 1500-pound class, of the American Steel Flange Standard (ASA B16.5-1953).  ## Cranelap Stub Ends and Cranelap Flange  The Cranelap stub end with Cranelap flange can be applied to fabricated piping. Both the stub end and the pipe are machine beveled. A butt-weld is used to complete the joint."
SEC-PPDRWV1-0032,Process-Piping-Design-Rip-Weaver-Volume-1,PPDRWV1,"Steam; Water, Oil Vapor, Gas, or Air",2,"Steam; Water, Oil Vapor, Gas, or Air",958,1041,23,23,Process-Piping-Design-Rip-Weaver-Volume-1.html#SEC-PPDRWV1-0032,8b0af3df6fba,True,False,False,1-9,35-1955;97-009W,,Process-Piping-Design-Rip-Weaver-Volume-1_p0023_tbl01;Process-Piping-Design-Rip-Weaver-Volume-1_p0023_fig01;Process-Piping-Design-Rip-Weaver-Volume-1_p0023_tbl02,"This type of joint has all the advantages of the regular Cranelap; in most cases, piping can be fabricated with Cranelap joints applied directly, which eliminates the weld necessary for the application of the Cranelap stub end with Cranelap flange.  ![Figure 1-7. Flanging processes—welded flanged joints. Reprinted courtesy of Crane Co.](figures/Process-Piping-Design-Rip-Weaver-Volume-1_p0021_fig01_flanging-processes-welded-flanged-joints.png)  ---  ## General Piping  The Crane line of Forged Steel Flanges comprises the complete assortment of straight and reducing types illustrated on this page. Made in seven different pressure classes — 150, 300, 400, 600, 900, 1500, and 2500-Pound — they are available in a variety of materials and with various flange facings, providing a correct type for any service requirement.  **Materials:** Crane flanges are made of carbon steel forgings having a highly refined grain structure and generally excellent physical properties well in excess of recognized minimum requirements.  In the 150 and 300-pound pressure classes, the flanges are regularly made of carbon steel conforming to ASTM Specification A 181, Grade II; on special order, they can be furnished heat-treated (normalized or annealed) to conform to ASTM Specification A 105, Grade II.  In the 400-pound and higher pressure classes, the flanges are regularly made of carbon steel conforming to ASTM Specification A 105, Grade II.  In addition, flanges in 300-pound and higher pressure classes can be made to order of Crane No. 5 Chrome-Molybdenum Forged Steel (ASTM A 182, Grade F-12).  **American Standard:** The dimensions and drilling of all flanges conform to the American Steel Flange Standard B16.5-1957, for their respective pressure class.  This Standard does not include slip-on welding flanges of the 2500-pound class (5-inch and larger) and the 1500-pound class; in such classes and sizes, Crane slip-on welding flanges have the same dimensions as American Standard Steel Screwed Flanges and are bored instead of threaded.  **Flange facings:** The 150 and 300-Pound Screwed, Slip-On Welding, Welding Neck, and Blind Flanges are regularly furnished with an American Standard 1/16-inch raised face.  The aforementioned flanges, in all 400-pound to 2500-pound classes, are regularly furnished with an American Standard 1/4-inch male face (large male).  Other types of facings such as ring joint, female, tongue, groove, etc., can be furnished: see pages 315 to 335 for complete information.  In addition, flanges of any pressure class are available with a flat face (raised or male face removed); the flat face will have a spiral serrated finish.  **Finish of flange faces:** The 1/16-inch raised faces and the 1/4-inch large male faces are regularly furnished with a serrated finish. A smooth finish can be furnished when specified.  **Drilling:** The flanges are regularly furnished faced, drilled and spot faced to the corresponding pressure class of the American Standard. They can be furnished faced only, when specified.  **Reducing flanges:** The Reducing Screwed and Reducing Slip-On Welding Flanges illustrated above are made in sizes from 3/4 through 6-inch; sizes are based on the outside diameter of the flange. For ordering information, see page 11.  Reducing Welding Neck Flanges and Reducing Reducing flanges of Slip-On Welding Flanges can be made to order — for information request quotation.  Reducing Cranelap Flanges are not recommended and should never be manufactured. Another type of flanged joint or connection should be used.  ![Figure 1-8. Forged steel flanges. Reprinted courtesy of Crane Co.](figures/Process-Piping-Design-Rip-Weaver-Volume-1_p0022_fig01_forged-steel-flanges-crane.png)  ---  ## Steam; Water, Oil Vapor, Gas, or Air  > **Table - Table — Pounds per Square Inch, Non-Shock pressure-temperature ratings for Steam, Water, Oil Vapor, Gas, or Air** - see [XLSX](tables/Process-Piping-Design-Rip-Weaver-Volume-1_p0023_tbl01_psi-nonshock-ratings-carbon-steel-flange.xlsx) and [source crop](tables/Process-Piping-Design-Rip-Weaver-Volume-1_p0023_tbl01_psi-nonshock-ratings-carbon-steel-flange.png)  | Metal | Temp. | Pounds per Square Inch, Non-Shock | | | | | | | :--- | :---: | :---: | :---: | :---: | :---: | :---: | :---: | | | Deg. Fahr. | 150 Lb. | 300 Lb. | 400 Lb. | 600 Lb. | 900 Lb. | 1500 Lb. | 2500 Lb. | | | 100° | 275 | 720 | 960 | 1440 | 2160 | 3600 | 6000 | | | 150 | 265 | 720 | 960 | 1440 | 2160 | 3600 | 6000 | | | 200 | 240 | 700 | 930 | 2400 | 2100 | 3500 | 5839 | | | 250 | 225 | 695 | 925 | 1380 | 2025 | 3450 | 5750 | | | 300 | 210 | 680 | 910 | 1365 | 2050 | 3415 | 5690 | | | 350 | 195 | 655 | 870 | 1250 | 1960 | 3255 | 5430 | | | 400 | 180 | 665 | 890 | 1330 | 2000 | 3330 | 5550 | | | 450 | 165 | 640 | 870 | 1290 | 1935 | 3255 | 5430 | | | 500 | **150** | **635** | **835** | **1210** | **1875** | **3125** | **5210** | | Carbon Steel Flanges | 550 | 140 | 590 | 790 | 1180 | 1775 | 2960 | 4930 | | | 600 | 130 | 535 | 740 | 1080 | 1665 | 2770 | 4620 | | | 650 | 120 | 515 | 690 | 1030 | 1550 | 2580 | 4300 | | | 700 | 110 | 450 | 600 | 900 | 1350 | 2250 | 3750 | | | 750 | 100 | 415 | 575 | 850 | 1275 | 2125 | 3550 | | | 800 | 95 | 300 | 400 | 730 | 1095 | 1830 | 3050 | | | 850 | 82 | 300 | 400 | 600 | 900 | 1500 | 2500 | | | 870 | 375 | 1015 | 1350 | 2025 | 3040 | 5065 | 8440 | | | 900 | 70 | 225 | 295 | 7445 | 7070 | 11115 | 7885 | | | 950 | 65 | 200* | 7269* | 1110* | 7465* | 7775* | 7290* | | | 1000 | 550* | 1155* | 7369* | — | — | — | — | | | 975 | 700 | 71250* | 71640* | — | 73680* | 76000* | 710000* | | | 1000 | 120 | 665 | 885 | 1320 | 1980 | 3300 | 5500 |  At temperatures lower than 700° F., ratings are the same as those for Carbon Steel Flanges.  | | 700° | 495 | 645 | 965 | 1450 | 2415 | 4025 | | :--- | :---: | :---: | :---: | :---: | :---: | :---: | :---: | | | 750 | 450 | 600 | 900 | 1350 | 2250 | 3749 | | | 800 | 420 | 560 | 840 | 1260 | 2100 | 3499 | | | 850 | 385 | 510 | 765 | 1150 | 1915 | 3190 | | No. 5 Chromium-Molybdenum Alloy Steel (made to order) | 875 | — | — | — | — | — | — | | | 900 | 350 | 465 | 700 | 1050 | 1700 | 2915 | | | 950 | 330 | 440 | 660 | 990 | 1650 | 2750 |"
SEC-PPDRWV1-0033,Process-Piping-Design-Rip-Weaver-Volume-1,PPDRWV1,General Piping,2,General Piping,1042,1126,23,24,Process-Piping-Design-Rip-Weaver-Volume-1.html#SEC-PPDRWV1-0033,794bcb56bef1,True,False,False,1-10,,,Process-Piping-Design-Rip-Weaver-Volume-1_p0024_fig01;Process-Piping-Design-Rip-Weaver-Volume-1_p0024_tbl01,"| | 1000 | 315 | 420 | 630 | 950 | 1585 | 2640 | | | 1050 | 280 | 375 | 560 | 840 | 1400 | 2335 | | | 1100 | 230 | 305 | 460 | 690 | 1150 | 1920 | | | 1150 | 195 | 260 | 390 | 585 | 975 | 1625 | | | 1200 | 160 | 215 | 325 | 485 | 810 | 1350 | | | 1250 | 135 | 180 | 270 | 405 | 675 | 1125 | | | 1100 | 135 | 180 | 270 | 405 | 675 | 1125 | | | 1115† | 90 | 125 | 190 | 285 | 470 | 785 | | | 1175† | 70 | 95 | 140 | 210 | 375 | 625 | | | 1175† | 60 | 85 | 125 | 190 | 315 | 520 | | | 1200† | 50 | 65 | 95 | 145 | 245 | 420 |  **ASA and API Standards:** Crane pressure-temperature ratings conform to those listed in the American Steel Flange Standard, ASA B16.5-1957, and in the American Petroleum Institute (API) Standard No. 605, Fourth Edition, 1957.  **Cold service:** For temperatures between minus 50 F and plus 100 F, the ratings shown in the table for 100° F will apply.  For temperatures below minus 50 F, steels with suitable impact strength must be used. Pressure ratings for such steels will be the same as shown in the table for 100 F.  **Gaskets:** The use of these ratings requires gaskets conforming to requirements set forth in American Standard B16.5-1957.  The user is responsible for selecting gaskets of dimensions and materials capable of withstanding the required bolt loading without injurious crushing, as well as being suitable for the service conditions in all other respects.  **Flange facings:** Unless otherwise ordered, Crane screwed, slip-on welding, welding neck, and blind flanges of the 150 and 300-pound classes are furnished with a ¼-inch raised face. In the 400-pound and higher pressure classes, these flanges are furnished with a 1⁄16-inch large male face.  **Craneflap flanges and joints:** Depending upon the specific makeup of flanges, the rating being dependent upon the type of facing applied to the lapped pipe end. Ratings for craneflap joints are contingent upon the use of pipe of proper material having an equal or higher rating.  *Where welded construction is used, consideration should be given to the possible reduction in ductility on carbon steel at temperatures above 775 F.*  †Product used with the permission of Section I, Power Boiler, of the ASME Boiler and Pressure Vessel Code; application is subject to maximum temperature limitations depending upon the material. Table 97-009Waldemitted  ‡Product used within the jurisdiction of Section I or VIII of the ASME Code for Pressure Piping. ASA B31.1 is subject to the maximum temperature limitations allowed for piping to the pressure temperature of Table 35-1955 edition thereof.  §Consideration should be given to the possibility of excessive oxidation (scaling) above No. 5 Chromium-Molybdenum Steel is used at temperatures above 1100 F.  ![Figure 1-9. Forged steel flanges—working pressures. Reprinted courtesy of Crane Co.](figures/Process-Piping-Design-Rip-Weaver-Volume-1_p0023_fig01_forged-steel-flanges-working-pressures-c.png)  <!-- PDF2MD-ASSETS:BEGIN page=23 -->  #### Unmatched Page Assets  > **Table - Pounds per Square Inch, Non-Shock pressure-temperature ratings — No. 5 Chromium-Molybdenum Alloy Steel \(made to order\)** - see [XLSX](tables/Process-Piping-Design-Rip-Weaver-Volume-1_p0023_tbl02_psi-nonshock-ratings-cr-mo-alloy-steel.xlsx) and [source crop](tables/Process-Piping-Design-Rip-Weaver-Volume-1_p0023_tbl02_psi-nonshock-ratings-cr-mo-alloy-steel.png)  <!-- PDF2MD-ASSETS:END page=23 -->  ---  ## General Piping  ![Figure 1-10 Forged steel flanges \(dimensions in inches\). Courtesy of Crane Co.](figures/Process-Piping-Design-Rip-Weaver-Volume-1_p0024_fig01_forged-steel-flanges-diagrams.png)  On the left side of the page, flange type diagrams are shown with dimensional labels:  - **Screwed Flange** — 150 and 300-Pound - **Screwed Flange** — 400, 600, 900, 1500, and 2500-Pound - **Bored to slip over pipe / Slip-On Welding Flange** — 150 and 300-Pound - **Bored to slip over pipe / Slip-On Welding Flange** — 400, 600, 900, 1500, and 2500-Pound - **Welding Neck Flange** — 150 and 300-Pound - **Welding Neck Flange** — 400, 600, 900, 1500, and 2500-Pound  At the top, two flange cross-section diagrams are labeled:  - **Screwup Flanges** — 400, 600, 900, 1500, and 2500-Pound - **Screwup Flanges** — 150 and 300-Pound - **Bored to slip over pipe** — (right diagram)  > **Table - Figure 1-10 Forged steel flanges — dimensional data table \(dimensions in inches\)** - see [XLSX](tables/Process-Piping-Design-Rip-Weaver-Volume-1_p0024_tbl01_forged-steel-flanges-dimensions.xlsx) and [source crop](tables/Process-Piping-Design-Rip-Weaver-Volume-1_p0024_tbl01_forged-steel-flanges-dimensions.png)  | Class | Pipe Size | A | B | C | D | Bolts No. | Bolts Dia. | E | F | G | H | | :--- | :--- | :--- | :--- | :--- | :--- | :--- | :--- | :--- | :--- | :--- | :--- | | 150 Pound | ½ | 3½ | 7/16 | 1⅛ | 2⅝ | 4 | ½ | 7/8 | 21/16 | 0.84 | ¾ | | | ¾ | 3¾ | ½ | 1¼ | 2⅞ | 4 | ⅝ | 1 | 21/16 | 1.05 | 1 | | | 1 | 4¼ | 9/16 | 1½ | 3¼ | 4 | ⅝ | 1 1/16 | 2 9/16 | 1.22 | 1 1/16 | | | 1¼ | 4⅝ | ⅝ | 1⅝ | 3½ | 4 | ⅝ | 1 3/16 | 2 13/16 | 1.52 | 1 5/16 | | | 1½ | 5 | 11/16 | 1¾ | 3⅞ | 4 | ¾ | 1 5/16 | 3 1/16 | 1.90 | 1½ | | | 2 | 6 | ¾ | 1⅞ | 4¾ | 4 | ¾ | 1 9/16 | 3 9/16 | 2.38 | 1⅝ | | | 2½ | 7 | 7/8 | 2 | 5½ | 4 | ¾ | 1 11/16 | 3 15/16 | 2.88 | 1¾ | | | 3 | 7½ | 15/16 | 2 3/16 | 6 | 4 | ¾ | 1 13/16 | 4 5/16 | 3.50 | 1 7/16 | | | 3½ | 8½ | 15/16 | 2 5/16 | 7 | 8 | ¾ | 1 15/16 | 4 9/16 | 4.00 | 1 7/16 | | | 4 | 9 | 15/16 | 2 7/16 | 7½ | 8 | ¾ | 2 1/16 | 4 13/16 | 4.50 | 1 9/16 | | | 5 | 10 | 15/16 | 2¾ | 8½ | 8 | ¾ | 2 5/16 | 5 5/16 | 5.56 | 1 5/16 | | | 6 | 11 | 1 | 2⅞ | 9½ | 8 | ¾ | 2 9/16 | 5 13/16 | 6.63 | 1 7/16 | | | 8 | 13½ | 1 1/16 | 3 1/16 | 11¾ | 8 | ¾ | 3 | 6 15/16 | 8.63 | 1 11/16 | | | 10 | 16 | 1 3/16 | 3 5/16 | 14½ | 12 | ⅞ | 3 11/16 | 8 5/16 | 10.75 | 1 15/16 | | | 12 | 19 | 1 5/16 | 3 9/16 | 17 | 12 | ⅞ | 4 3/16 | 9 13/16 | 12.75 | 2 3/16 | | | 14 | 21 | 1 3/8 | 3¾ | 18¾ | 12 | 1 | 4 9/16 | 10¾ | 14.00 | 2¼ |"
SEC-PPDRWV1-0034,Process-Piping-Design-Rip-Weaver-Volume-1,PPDRWV1,Regular Facings,2,Regular Facings,1127,1132,23,23,Process-Piping-Design-Rip-Weaver-Volume-1.html#SEC-PPDRWV1-0034,f1be037d748a,True,False,False,,,,,| | 16 | 23½ | 1 7/16 | 4 | 21¼ | 16 | 1 | 4 15/16 | 11 15/16 | 16.00 | 2½ | | | 18 | 25 | 1 9/16 | 4 3/16 | 22¾ | 16 | 1 1/8 | 5 7/16 | 13 3/16 | 18.00 | 2¾ | | | 20 | 27½ | 1 11/16 | 4½ | 25 | 20 | 1 1/8 | 5 15/16 | 14 7/16 | 20.00 | 2⅞ | | | 24 | 32 | 1 7/8 | 5 | 29½ | 20 | 1¼ | 7 1/16 | 17 1/16 | 24.00 | 4¼ | | 300 Pound | ½ | 3¾ | 7/16 | 7/8 | 2⅝ | 4 | ½ | 7/8 | 21/16 | 0.84 | 1 | | | ¾ | 4⅝ | ½ | 1 | 3¼ | 4 | ⅝ | 1 | 2 9/16 | 1.05 | 1 |
SEC-PPDRWV1-0035,Process-Piping-Design-Rip-Weaver-Volume-1,PPDRWV1,American Standard,2,American Standard,1133,1136,23,23,Process-Piping-Design-Rip-Weaver-Volume-1.html#SEC-PPDRWV1-0035,6e69080b79ef,True,False,False,,,,,| | 1 | 4¾ | 9/16 | 1 3/16 | 3½ | 4 | ¾ | 1 3/16 | 2 13/16 | 1.22 | 1¼ | | | 1¼ | 5¼ | ⅝ | 1 5/16 | 3⅞ | 4 | ¾ | 1 5/16 | 3 1/16 | 1.52 | 1 7/16 | | | 1½ | 6¼ | 11/16 | 1 7/16 | 4⅝ | 4 | ¾ | 1 7/16 | 3 5/16 | 1.90 | 1⅝ | | | 2 | 6½ | ¾ | 1 5/8 | 5 | 8 | ⅝ | 1 11/16 | 3 15/16 | 2.38 | 1¾ |
SEC-PPDRWV1-0036,Process-Piping-Design-Rip-Weaver-Volume-1,PPDRWV1,Cranelap Flanges,2,Cranelap Flanges,1137,1140,23,23,Process-Piping-Design-Rip-Weaver-Volume-1.html#SEC-PPDRWV1-0036,405dbdef1966,True,False,False,,,,,| | 2½ | 7½ | 7/8 | 1⅞ | 5¾ | 8 | ¾ | 1 7/8 | 4 5/16 | 2.88 | 2 | | | 3 | 8¼ | 15/16 | 2 1/16 | 6⅝ | 8 | ¾ | 2 3/16 | 4 15/16 | 3.50 | 2 3/16 | | | 3½ | 9 | 15/16 | 2 3/16 | 7¼ | 8 | ¾ | 2 5/16 | 5 3/16 | 4.00 | — | | | 4 | 10 | 15/16 | 2 5/16 | 7⅞ | 8 | ¾ | 2 7/16 | 5 7/16 | 4.50 | 1¾ |
SEC-PPDRWV1-0037,Process-Piping-Design-Rip-Weaver-Volume-1,PPDRWV1,3-inch Cranelap Joints,2,3-inch Cranelap Joints,1141,1146,23,23,Process-Piping-Design-Rip-Weaver-Volume-1.html#SEC-PPDRWV1-0037,7aee4e6a77f8,True,False,False,,,,,| | 5 | 11 | 1 | 2⅝ | 9¼ | 8 | ¾ | 2 11/16 | 5 13/16 | 5.56 | 2 | | | 6 | 12½ | 1 1/16 | 2¾ | 10½ | 12 | ¾ | 3 | 6 7/16 | 6.63 | 2 3/16 | | | 8 | 15 | 1 3/16 | 3 | 13 | 12 | ¾ | 3 5/8 | 7 11/16 | 8.63 | 2 7/16 | | | 10 | 17½ | 1 5/16 | 3¼ | 15¼ | 16 | 1 | 4 3/16 | 9 1/16 | 10.75 | 2¾ | | | 12 | 20½ | 1 7/16 | 3½ | 17¾ | 16 | 1 1/8 | 4 13/16 | 10 9/16 | 12.75 | 3 | | | 14 | 23 | 1 9/16 | 3¾ | 20¼ | 20 | 1 1/8 | 5 3/16 | 11 7/16 | 14.00 | 3¼ |
SEC-PPDRWV1-0038,Process-Piping-Design-Rip-Weaver-Volume-1,PPDRWV1,Galvanizing,2,Galvanizing,1147,1213,23,25,Process-Piping-Design-Rip-Weaver-Volume-1.html#SEC-PPDRWV1-0038,de310c6d2ed2,True,False,False,1-10,,,Process-Piping-Design-Rip-Weaver-Volume-1_p0025_tbl01,"| | 16 | 25½ | 1 5/8 | 4 | 22½ | 20 | 1¼ | 5 11/16 | 12 9/16 | 16.00 | 3½ | | | 18 | 28 | 1¾ | 4¼ | 24¾ | 24 | 1¼ | 6 3/16 | 13 11/16 | 18.00 | 3¾ | | | 20 | 30½ | 1⅞ | 4½ | 27 | 24 | 1¼ | 6 11/16 | 14 13/16 | 20.00 | 4 | | | 24 | 36 | 2 1/16 | 5 | 32 | 24 | 1½ | 7 11/16 | 17 1/16 | 24.00 | 4½ | | 400 Pound | ½ | 3¾ | 7/16 | 1 1/16 | 2⅝ | 4 | ½ | 7/8 | 2 1/16 | 0.84 | — | | | ¾ | 4⅝ | ½ | 1 3/16 | 3¼ | 4 | ⅝ | 1 | 2 9/16 | 1.05 | — | | | 1 | 4¾ | 9/16 | 1 5/16 | 3½ | 4 | ¾ | 1 3/16 | 2 13/16 | 1.22 | — | | | 1¼ | 5¼ | ⅝ | 1 7/16 | 3⅞ | 4 | ¾ | 1 5/16 | 3 1/16 | 1.52 | — | | | 1½ | 6¼ | 11/16 | 1 9/16 | 4⅝ | 4 | ¾ | 1 7/16 | 3 5/16 | 1.90 | — | | | 2 | 6½ | ¾ | 1¾ | 5 | 8 | ⅝ | 1 11/16 | 3 15/16 | 2.38 | — | | | 2½ | 7½ | 7/8 | 2 | 5¾ | 8 | ¾ | 1 7/8 | 4 5/16 | 2.88 | — | | | 3 | 8¼ | 15/16 | 2¼ | 6⅝ | 8 | ¾ | 2 3/16 | 4 15/16 | 3.50 | — | | | 4 | 10¾ | 15/16 | 2 9/16 | 8⅝ | 8 | ¾ | 2 7/16 | 5 7/16 | 4.50 | — | | | 5 | 13 | 1 | 2⅞ | 10½ | 8 | 1 | 3 1/16 | 7 1/16 | 5.56 | — | | | 6 | 14 | 1 1/16 | 3 1/16 | 11½ | 12 | 1 | 3 5/16 | 7 9/16 | 6.63 | — | | | 8 | 16½ | 1 3/16 | 3 5/16 | 13¾ | 12 | 1 1/8 | 4 | 9 | 8.63 | — | | | 10 | 20 | 1 5/16 | 3¾ | 17 | 16 | 1¼ | 4 13/16 | 10 13/16 | 10.75 | — | | | 12 | 22 | 1 7/16 | 4 | 19½ | 20 | 1¼ | 5 5/16 | 11 9/16 | 12.75 | — | | | 14 | 23½ | 1½ | 4¼ | 20¾ | 20 | 1⅜ | 5 5/16 | 12 5/16 | 14.00 | — | | | 16 | 27 | 1⅝ | 4½ | 23¾ | 20 | 1½ | 6 | 13¾ | 16.00 | — | | | 18 | 29½ | 1¾ | 4¾ | 25¾ | 20 | 1⅝ | 6 9/16 | 15 1/16 | 18.00 | — | | | 20 | 32 | 1⅞ | 5 | 28¼ | 24 | 1⅝ | 7 1/16 | 16 1/16 | 20.00 | — | | | 24 | 37 | 2 1/16 | 5½ | 32¾ | 24 | 1¾ | 8 1/16 | 18 9/16 | 24.00 | — |  *Figure 1-10 continued on following page*  ---  ## Regular Facings  In 110-and 300-pound pressure classes, the screwed, slip-on welding, weld-neck, and blind flanges are furnished with a ¼-inch raised face.  In 400-pound and higher pressure classes, the aforementioned flanges have a ¼-inch male face (large male).  ## American Standard  The dimensions and drilling of flanges conform to the American Steel Flange Standard, B16.5-1957, for their respective pressure class. This Standard does not include slip-on welding flanges in the 1500-pound class nor sizes 1-inch and larger of the 1500-pound class. Crane flanges of this type have the same dimensions as American Standard Steel Screwed Flanges, being bored instead of threaded.  ## Cranelap Flanges  Cranelap flanges also are recommended for use in combination with Cranelap stub ends.  ## 3-inch Cranelap Joints  *(300 and 400-pound)*  When 3-inch 300 or 600-pound flanges with ring joint facing are to be bolted to Cranelap joints, orders must specify they require a groove of special pitch diameter.  ## Galvanizing  Galvanized flanges can be furnished to order.  > **Table - Figure 1-10 \(continued\) — Dimensions in Inches for Flange Classes 600, 900, 1500, and 2500 Pound** - see [XLSX](tables/Process-Piping-Design-Rip-Weaver-Volume-1_p0025_tbl01_figure-1-10-continued-flange-dimensions.xlsx) and [source crop](tables/Process-Piping-Design-Rip-Weaver-Volume-1_p0025_tbl01_figure-1-10-continued-flange-dimensions.png)  | Class | Pipe Size | A | B | C | D | E | Bolts No. | Bolts Dia. | F | G | H | | :--- | :--- | :---: | :---: | :---: | :---: | :---: | :---: | :---: | :---: | :---: | :---: | | 600 Pound | ½ | 3⅜ | ⅞ | 1⅝ | 2¾ | 4 | ½ | ¾ | ½ | 21⁄16 | 0.84 | ¾ | | | ¾ | 3¾ | 1¹⁄16 | 1¾ | 3¼ | 4 | ⅝ | ¾ | 11⁄16 | 2½ | 1.05 | 1 | | | 1 | 4¼ | 1³⁄16 | 2 | 3⅝ | 4 | ½ | 11⁄16 | 2¾ | 1.32 | 1¼ | | | 1¼ | 4⅝ | 1⅜ | 2¼ | 4 | 4 | ⅝ | 15⁄16 | 3 | 1.66 | 1⅝ | | | 1½ | 5⅛ | 1½ | 2⅝ | 4½ | 4 | ¾ | 1¹⁄16 | 3½ | 1.90 | 1⅞ | | | 2 | 6 | 1¾ | 3 | 5 | 8 | ⅝ | 1¼ | 4 | 2.38 | 2⅜ | | | 2½ | 7⅛ | 3⅛ | 3¾ | 5¾ | 8 | ¾ | 1⅜ | 4½ | 2.88 | 2⅞ | | | 3 | 8¼ | 2⅝ | 4 | 6½ | 8 | ¾ | 1½ | 5¼ | 3.50 | 3½ | | | 4 | 10⅛ | 3 | 4⅞ | 8⅛ | 8 | ¾ | 1¾ | 6⅝ | 4.50 | 4½ | | | 6 | 14 | 3⅞ | 6¼ | 10¾ | 12 | ¾ | 2 | 4½ | 6.63 | 6¾ | | | 8 | 16½ | 4¼ | 7⅜ | 13 | 12 | ¾ | 2¼ | 10¼ | 8.63 | 8⅞ |"
SEC-PPDRWV1-0039,Process-Piping-Design-Rip-Weaver-Volume-1,PPDRWV1,General Piping,2,General Piping,1214,1421,23,29,Process-Piping-Design-Rip-Weaver-Volume-1.html#SEC-PPDRWV1-0039,8fc55f2ccf49,True,False,False,1-11;1-12;1-13;1-14,,,Process-Piping-Design-Rip-Weaver-Volume-1_p0026_fig01;Process-Piping-Design-Rip-Weaver-Volume-1_p0026_tbl01;Process-Piping-Design-Rip-Weaver-Volume-1_p0026_tbl02;Process-Piping-Design-Rip-Weaver-Volume-1_p0027_fig01;Process-Piping-Design-Rip-Weaver-Volume-1_p0028_fig01;Process-Piping-Design-Rip-Weaver-Volume-1_p0028_tbl01;Process-Piping-Design-Rip-Weaver-Volume-1_p0029_fig01,"| | 10 | 20 | 4¾ | 9¼ | 15½ | 16 | 1 | 2½ | 12¾ | 10.75 | 4½ | | | 12 | 22 | 5 | 10¾ | 17½ | 20 | 1 | 2¾ | 15 | 12.75 | — | | | 14 | 23¾ | 5¼ | 11¾ | 19¼ | 20 | 1⅛ | 3 | 16½ | (14.00) | — | | | 16 | 27 | 5 | 13½ | 22 | 20 | 1⅛ | 49⁄16 | 7 | 16.00 | 5½ | | | 18 | 29½ | 5¾ | 15 | 24¾ | 20 | 1¼ | 3⅜ | 19¾ | 18.00 | — | | | 20 | 32 | 5½ | 16¾ | 28 | 24 | 1¼ | 3½ | 22 | 20.00 | 6½ | | | 24 | 37 | 5⅞ | 19¾ | 32½ | 24 | 1¼ | 3¾ | 26 | 24.00 | 10¼ | | 900 Pound | 3 | 9½ | 11⅝ | 5 | 7½ | 8 | ¾ | 2½ | 6¼ | 3.50 | 3½ | | | 4 | 11⅛ | 4 | 5½ | 8⅝ | 8 | ¾ | 2¾ | 7 | 4.50 | 4½ | | | 6 | 15⅛ | 3⅞ | 6⅞ | 11⅝ | 12 | 1 | 3¼ | 9½ | 6.63 | 6¾ | | | 8 | 18⅜ | 4¾ | 8¼ | 13¾ | 12 | 1⅛ | 3¾ | 11¼ | 8.63 | 9 | | | 10 | 21¾ | 5⅜ | 10 | 17 | 16 | 1¼ | 4¼ | 13¾ | 10.75 | 11¼ | | | 12 | 24¾ | 5¾ | 11½ | 19⅝ | 20 | 1¼ | 4¾ | 16 | 12.75 | 13¼ | | | 14 | 27¾ | 6¼ | 12¾ | 22¼ | 20 | 1⅜ | 5¼ | 18¼ | (14.00) | 15½ | | | 16 | 30¾ | 6¾ | 14¼ | 24¾ | 20 | 1½ | 5¾ | 21 | 16.00 | 17¾ | | | 18 | 33¾ | 7 | 16 | 27¾ | 20 | 1⅝ | 6 | 23¼ | 18.00 | 20 | | | 20 | 36 | 7½ | 17⅜ | 30¾ | 20 | 1⅝ | 6½ | 25½ | 20.00 | 21¾ | | | 24 | 41 | 8⅜ | 20¾ | 36 | 20 | 1⅞ | 7¾ | 30 | 24.00 | 26 | | 1500 Pound | ½ | 3⅞ | 1⅛ | 2 | 3¼ | 4 | ½ | ⅞ | 2½ | — | — | | | ¾ | 4¼ | 1¼ | 2¼ | 3½ | 4 | ⅝ | 1 | 2¾ | — | — | | | 1 | 4⅞ | 1½ | 2½ | 4 | 4 | ¾ | 1⅛ | 3¼ | — | — | | | 1¼ | 5⅝ | 1¾ | 2¾ | 4½ | 4 | ⅞ | 1¼ | 3¾ | — | — | | | 1½ | 6⅛ | 1¾ | 3 | 5 | 4 | 1 | 1⅜ | 4 | — | — | | | 2 | 6⅞ | 2 | 3½ | 5½ | 8 | ¾ | 1½ | 4½ | — | — | | | 2½ | 7¾ | 2¼ | 4 | 6¼ | 8 | ⅞ | 1¾ | 5¼ | — | — | | | 3 | 8⅞ | 2½ | 4½ | 7¼ | 8 | 1 | 2 | 6 | — | — | | | 4 | 11¾ | 3 | 5⅝ | 9½ | 8 | 1⅛ | 2½ | 7¾ | — | — | | | 6 | 15¾ | 4¼ | 7⅝ | 12¾ | 12 | 1¼ | 3¼ | 10¼ | — | — | | | 8 | 19 | 5 | 9¼ | 15½ | 12 | 1½ | 4 | 12¾ | — | — | | | 10 | 23 | 5¾ | 11 | 18¾ | 16 | 1½ | 4¾ | 15¾ | — | — | | | 12 | 26½ | 6½ | 13 | 21¾ | 16 | 1¾ | 5⅝ | 18¼ | — | — | | | 14 | 29½ | 7 | 14½ | 24 | 16 | 2 | 6½ | 20 | — | — | | 2500 Pound | ½ | 4⅛ | 1⅛ | 2 | 3½ | 4 | ⅝ | 1 | 2¾ | — | — | | | ¾ | 4½ | 1¼ | 2¼ | 3¾ | 4 | ¾ | 1⅛ | 3 | — | — | | | 1 | 5¼ | 1½ | 2⅝ | 4¼ | 4 | ¾ | 1¼ | 3½ | — | — | | | 1¼ | 6 | 1¾ | 3¼ | 4¾ | 4 | 1 | 1½ | 4 | — | — | | | 1½ | 6¾ | 2 | 3⅝ | 5¼ | 4 | 1 | 1⅝ | 4½ | — | — | | | 2 | 7¾ | 2¼ | 4 | 6 | 8 | ⅞ | 1¾ | 5 | — | — | | | 2½ | 8¾ | 2½ | 4½ | 7 | 8 | 1 | 2 | 5¾ | — | — | | | 3 | 10 | 3 | 5½ | 8 | 8 | 1⅛ | 2¼ | 6¾ | — | — | | | 4 | 13¾ | 3½ | 6¾ | 11 | 8 | 1½ | 3 | 9¼ | — | — | | | 6 | 17¾ | 4¾ | 8⅜ | 14 | 8 | 1¾ | 4 | 11¾ | — | — | | | 8 | 21¾ | 5¾ | 10½ | 17¼ | 12 | 2 | 4¾ | 14½ | — | — | | | 10 | 26½ | 6¾ | 12½ | 21 | 12 | 2 | 5¾ | 17¾ | — | — | | | 12 | 30 | 7½ | 15 | 24½ | 12 | 2¼ | 6¾ | 20½ | — | — |  *Figure 1-10 (continued)*  ---  ## General Piping  ![Figure 1-11 Ring joint facing and rings, American standard \(dimensions in inches\). Reprinted courtesy of Crane Co.](figures/Process-Piping-Design-Rip-Weaver-Volume-1_p0026_fig01_ring-joint-facing-rings-american-standar.png)  **Oval Ring** and **Octagonal Ring** cross-section diagrams are shown with labeled dimensions A through H and *J*, along with a note:  *Oval rings fit grooves having either Oval or Octagonal flat round bottoms. Octagonal rings only fit grooves having a flat bottom.*  *""F"" represents pipe thickness (Craneing Joints)*  **Assembled Ring Joint** illustration shows labeled dimensions: Center to end, Center to face (Raised face), Center to Center to face Manes (g), with notes: - 150 and 300-Pound - 400, 600, 900, 1500, and 2500-Pound For Valves, Fittings, and Flanges  *Dimension ""J"" does not apply to Craneing Joints, see:*  *[Caution: 3-inch 300 and 400-Pound Craneing Ring Joints are Ring No. B 30, having a pitch diameter of 4¼ inches. When 3-inch 300 or 400-Pound ring joint valves, fittings, or flanges are specified in the same purchase, orders must specify; they will be machined special.]*  > **Table - Table — 150-Pound ring joint facing and rings dimensions** - see [XLSX](tables/Process-Piping-Design-Rip-Weaver-Volume-1_p0026_tbl01_ring-joint-150lb-dimensions.xlsx) and [source crop](tables/Process-Piping-Design-Rip-Weaver-Volume-1_p0026_tbl01_ring-joint-150lb-dimensions.png)  | Class | Size | Ring No. | A | B | C | D | E | F | G | H | *J | Stud Bolts No. | Stud Bolts Dia. | | :--- | :--- | :--- | :--- | :--- | :--- | :--- | :--- | :--- | :--- | :--- | :--- | :--- | :--- | | 150 Pound | 1 | R 11 | 1¹¹⁄₁₆ | ⁵⁄₈ | ⁹⁄₁₆ | ¹⁄₄ | ⁵⁄₈ | ¹⁵⁄₁₆ | ¹⁄₄ | ¹⁄₄ | ³⁄₄ | 4 | ½ | | | 1¼ | R 13 | 1¹⁵⁄₁₆ | ⁵⁄₈ | ⁹⁄₁₆ | ¹⁄₄ | ⁵⁄₈ | ¹⁵⁄₁₆ | ¹⁄₄ | ¹⁄₄ | ³⁄₄ | 4 | ½ | | | 1½ | R 17 | 2⁵⁄₁₆ | ⁵⁄₈ | ⁹⁄₁₆ | ¹⁄₄ | ⁵⁄₈ | ¹⁵⁄₁₆ | ¹⁄₄ | ¹⁄₄ | ³⁄₄ | 4 | ½ | | | 2 | R 21 | 2¹³⁄₁₆ | ⁵⁄₈ | ⁹⁄₁₆ | ¹⁄₄ | ⁵⁄₈ | ¹⁵⁄₁₆ | ¹⁄₄ | ¹⁄₄ | ³⁄₄ | 4 | ⅝ | | | 2½ | R 26 | 3⁵⁄₁₆ | ⁵⁄₈ | ⁹⁄₁₆ | ¹⁄₄ | ⁵⁄₈ | ¹⁵⁄₁₆ | ¹⁄₄ | ¹⁄₄ | ³⁄₄ | 4 | ⅝ | | | 3½ | R 31 | 3¹⁵⁄₁₆ | ⁵⁄₈ | ⁹⁄₁₆ | ¹⁄₄ | ⁵⁄₈ | ¹⁵⁄₁₆ | ¹⁄₄ | ¹⁄₄ | ³⁄₄ | 4 | ⅝ | | | 4 | R 36 | 4¹³⁄₁₆ | ⁵⁄₈ | ⁹⁄₁₆ | ¹⁄₄ | ⁵⁄₈ | ¹⁵⁄₁₆ | ¹⁄₄ | ¹⁄₄ | ³⁄₄ | 8 | ⅝ | | | 5 | R 41 | 5¹⁵⁄₁₆ | ⁵⁄₈ | ⁹⁄₁₆ | ¹⁄₄ | ⁵⁄₈ | ¹⁵⁄₁₆ | ¹⁄₄ | ¹⁄₄ | ¾ | 8 | ¾ | | | 6 | R 46 | 6¹³⁄₁₆ | ⁵⁄₈ | ⁹⁄₁₆ | ¹⁄₄ | ⁵⁄₈ | ¹⁵⁄₁₆ | ¹⁄₄ | ¹⁄₄ | ¾ | 8 | ¾ | | | 8 | R 49 | 8¹¹⁄₁₆ | ⁵⁄₈ | ⁹⁄₁₆ | ¹⁄₄ | ⁵⁄₈ | ¹⁵⁄₁₆ | ¼ | ¼ | ¾ | 8 | ¾ | | | 10 | R 52 | 10¾ | ⁵⁄₈ | ⁹⁄₁₆ | ¹⁄₄ | ⁵⁄₈ | 1⁵⁄₁₆ | ¼ | ¼ | ¾ | 12 | ⅞ | | | 12 | R 56 | 12¾ | ⁵⁄₈ | ⁹⁄₁₆ | ¹⁄₄ | ⁵⁄₈ | 1⁵⁄₁₆ | ¼ | ¼ | 1 | 12 | ⅞ | | | 14 | R 61 | 14¹³⁄₁₆ | ⁵⁄₈ | ⁹⁄₁₆ | ¼ | ⁵⁄₈ | 1⁵⁄₁₆ | ¼ | ¼ | 1 | 12 | 1 | | | 16 | R 64 | 16¾ | ⁵⁄₈ | ⁹⁄₁₆ | ¼ | ⁵⁄₈ | 1⁵⁄₁₆ | ¼ | ¼ | 1 | 16 | 1 | | | 18 | R 66 | 18¾ | ⁵⁄₈ | ⁹⁄₁₆ | ¼ | ⁵⁄₈ | 1⁵⁄₁₆ | ¼ | ¼ | 1 | 16 | 1⅛ | | | 20 | R 69 | 20¾ | ⁵⁄₈ | ⁹⁄₁₆ | ¼ | ⁵⁄₈ | 1⁵⁄₁₆ | ¼ | ¼ | 1 | 20 | 1⅛ | | | 24 | R 74 | 24¾ | ⁵⁄₈ | ⁹⁄₁₆ | ¼ | ⁵⁄₈ | 1⁵⁄₁₆ | ¼ | ¼ | 1 | 20 | 1¼ |  > **Table - Table — 300/400/600/900/1500/2500-Pound ring joint facing and rings dimensions** - see [XLSX](tables/Process-Piping-Design-Rip-Weaver-Volume-1_p0026_tbl02_ring-joint-300-2500lb-dimensions.xlsx) and [source crop](tables/Process-Piping-Design-Rip-Weaver-Volume-1_p0026_tbl02_ring-joint-300-2500lb-dimensions.png)  | Class | Size | Ring No. | A | B | C | D | E | F | G | H | *J | Stud Bolts 300/400 No. | Stud Bolts 300/400 Dia. | Stud Bolts 600 No. | Stud Bolts 600 Dia. | Stud Bolts 900/1500 No. | Stud Bolts 900/1500 Dia. | Stud Bolts 2500 No. | Stud Bolts 2500 Dia. | | :--- | :--- | :--- | :--- | :--- | :--- | :--- | :--- | :--- | :--- | :--- | :--- | :--- | :--- | :--- | :--- | :--- | :--- | :--- | :--- | :--- | | 1300, 400, 600, 900, 1500, 2500 Pound | 1 | R 11 | 1¹¹⁄₁₆ | ¾ | ⁹⁄₁₆ | ¼ | ¾ | 1¼ | ¼ | ¼ | ¾ | 4 | ½ | 4 | ½ | 4 | ¾ | 4 | ¾ | | | 1¼ | R 16 | 1¹⁵⁄₁₆ | ¾ | ⁹⁄₁₆ | ¼ | ¾ | 1¼ | ¼ | ¼ | ¾ | 4 | ⅝ | 4 | ⅝ | 4 | ¾ | 4 | ¾ | | | 1½ | R 18 | 2⁵⁄₁₆ | ¾ | ⁹⁄₁₆ | ¼ | ¾ | 1¼ | ¼ | ¼ | ¾ | 4 | ⅝ | 4 | ¾ | 4 | ¾ | 4 | ¾ | | | 2 | R 23 | 2¹³⁄₁₆ | ¾ | ⁹⁄₁₆ | ¼ | ¾ | 1¼ | ¼ | ¼ | ¾ | 8 | ⅝ | 8 | ¾ | 8 | ¾ | 8 | ¾ | | | 2½ | R 26 | 3⁵⁄₁₆ | ¾ | ⁹⁄₁₆ | ¼ | ¾ | 1¼ | ¼ | ¼ | ¾ | 8 | ¾ | 8 | ¾ | 8 | 1 | 8 | 1 | | | 3 | R 31 | 3¹⁵⁄₁₆ | ¾ | ⁹⁄₁₆ | ¼ | ¾ | 1¼ | ¼ | ¼ | ¾ | 8 | ¾ | 8 | ⅞ | 8 | 1⅛ | 8 | 1⅛ | | | 4 | R 37 | 4¹³⁄₁₆ | ¾ | ⁹⁄₁₆ | ¼ | ¾ | 1¼ | ¼ | ¼ | ¾ | 8 | ¾ | 8 | ⅞ | 8 | 1⅛ | 8 | 1¼ | | | 6 | R 45 | 6¹³⁄₁₆ | ¾ | ⁹⁄₁₆ | ¼ | ¾ | 1¼ | ¼ | ¼ | ¾ | 12 | ¾ | 12 | 1 | 12 | 1¼ | 12 | 1⅜ | | | 8 | R 49 | 8¹¹⁄₁₆ | ¾ | ⁹⁄₁₆ | ¼ | ¾ | 1¼ | ¼ | ¼ | ¾ | 12 | ¾ | 12 | 1⅛ | 12 | 1⅜ | 12 | 1⅝ | | | 10 | R 52 | 10¾ | ¾ | ⁹⁄₁₆ | ¼ | ¾ | 1¼ | ¼ | ¼ | ¾ | 16 | ⅞ | 16 | 1¼ | 16 | 1⅝ | 16 | 1⅞ | | | 12 | R 53 | 12¾ | ¾ | ⁹⁄₁₆ | ¼ | ¾ | 1¼ | ¼ | ¼ | 1 | 20 | ⅞ | 20 | 1¼ | 20 | 1⅝ | 20 | 2 | | | 14 | R 57 | 14¾ | ¾ | ⁹⁄₁₆ | ¼ | ¾ | 1¼ | ¼ | ¼ | 1 | 20 | 1 | 20 | 1¼ | 20 | 1¾ | — | — | | | 16 | R 61 | 16¾ | ¾ | ⁹⁄₁₆ | ¼ | ¾ | 1¼ | ¼ | ¼ | 1 | 20 | 1 | 20 | 1½ | 20 | 1⅞ | — | — | | | 18 | R 65 | 18¾ | ¾ | ⁹⁄₁₆ | ¼ | ¾ | 1¼ | ¼ | ¼ | 1 | 24 | 1⅛ | 24 | 1½ | 24 | 2 | — | — | | | 20 | R 69 | 20¾ | ¾ | ⁹⁄₁₆ | ¼ | ¾ | 1¼ | ¼ | ¼ | 1 | 24 | 1⅛ | 24 | 1⅝ | 24 | 2⅛ | — | — | | | 24 | R 73 | 24¾ | ¾ | ⁹⁄₁₆ | ¼ | ¾ | 1¼ | ¼ | ¼ | 1 | 24 | 1¼ | 24 | 1⅞ | 24 | 2½ | — | — |  ---  **""Flex Gate"" Valves"
SEC-PPDRWV1-0040,Process-Piping-Design-Rip-Weaver-Volume-1,PPDRWV1,General Piping,2,General Piping,1422,1522,23,31,Process-Piping-Design-Rip-Weaver-Volume-1.html#SEC-PPDRWV1-0040,e178e20507a3,True,False,False,1-15;1-16,,,Process-Piping-Design-Rip-Weaver-Volume-1_p0030_fig01;Process-Piping-Design-Rip-Weaver-Volume-1_p0030_tbl01;Process-Piping-Design-Rip-Weaver-Volume-1_p0031_fig01,"| | 8 | 31 | 31 | | 24 | | | 10 | | | | | | | 12 | 40½ | 40½ | 44½ | 30 | | | 14 | | | | | | | 1½ | 11 | 11 | 16½ | 8 | | | 2 | | | | | | | 2½ | 14⅛ | 14⅛ | | 10 | | 1500-Pound | 3 | 18½ | 18½ | 28 | 14 | | | 4 | | | | | | | 5 | | | | | | | 6 | 26½ | | | | | | 8 | 22¼ | | 55 | 27 | | 2500-Pound | Dimensions of 2500-Pound Valves are furnished on application. |  ---  Crane Steel Globe and Angle Valves embody many refinements in design and materials.  **Disc and seat:** The ""XR""-trimmed valves (for steam, water, or general service) and ""U""-trimmed valves (for steam, water, oil, or oil vapor service) in sizes 6-inch and smaller have a plug-type disc and seat (illustrated at left); the 8-inch size has a flat disc and seat (not illustrated). The 1-inch valves do not have a disc stem guide.  All sizes of ""X"" trimmed valves (for oil or oil vapor service) are furnished with a 1½° taper seat and a half-shaped composition disc (illustrated at right).  **Body seat ring:** All valves have the shoulder-type, screwed-in body seat ring for utmost tightness and security. In ""U""-trimmed valves, the rings are also seal brazed or seal welded.  ![Figure 1-14. Cast steel globe and angle valves. Reprinted courtesy of Crane Co.](figures/Process-Piping-Design-Rip-Weaver-Volume-1_p0029_fig01_cast-steel-globe-angle-valves-crane.png)  **Body and bonnet:** The body and bonnet have heavy metal sections with liberal radii at junction points subjected to greatest stress. The bonnet is fitted with a stem hole bushing.  **Bonnet joint:** A ring-type bonnet joint holds pressure easily on the 400, 600, 900, 1500 and 2500-pound valves, assuring tightness and maximum strength. On 150 and 300-pound valves, a close-fitting male and female bonnet joint retains the gasket and accurately centers the working parts.  The 900-pound and higher pressure valves have through stud bolts in the bonnet joint. The 150-pound valves employ studs, threaded into the bonnet flange on the body.  **Stuffing box:** The stuffing box on all valves is deep, assuring tightness and long packing life. The stuffing box is the lantern-type on all except the 150-pound valves. When wide open, the valves can be repacked while under pressure.  **Gland:** A two-piece ball-type gland and gland flange assure even pressure on the packing without binding on the stem. The gland flange is held in place by swinging eye bolts; the bolts will not loosen in service.  **Stem:** The stem is of liberal diameter and has unusual strength. Threads are clean and accurately cut and have long engagement with the yoke bushing. The stem and disc are held together by a disc stem ring, which permits the disc to swivel.  **Drilling:** Flanged valves of each pressure class are furnished with the end flanges faced, drilled, and spot faced (FD & SF) unless otherwise ordered.  When orders to specify, flanged valves can be furnished faced only.  **Flange facings:** The 150 and 300-pound flanged valves are regularly furnished with an American Standard ⅟₁₆-inch raised face on the end flanges; the 400, 600, 900, 1500, and 2500-pound flanged valves regularly have a ¼-inch male face (large male).  When so ordered, valves can be furnished with other flange facings, such as ring joint, female, tongue, groove, etc.  **Finish of flange faces:** The ⅟₁₆-inch raised faces of the 150 and 300-pound valves and the ¼-inch male faces of the 400-pound and higher pressure class valves are regularly furnished with a serrated finish.  A smooth finish can be furnished on the raised or male faces when specified.  **American Standard:** In design and materials, Crane Cast Steel Globe and Angle Valves conform to the American Standard of Standards issued by the American Standards Association.  The butt-welding valve ends and the dimensions and finish of end flanges on flanged valves conform to the American Steel Flange Standard, B16.5-1957, and the respective pressure class.  Flanged and butt-welding valves conform to the American Standard for Face-to-Face and End-to-End Dimensions of Ferrous Flanged and Welding End Valves, B16.10-1957, for their respective pressure class. This Standard does not include 1½-inch steel valves.  ---  ## General Piping  ![Figure 1-15. Cast steel globe and angle valves. Reprinted courtesy of Crane Co.](figures/Process-Piping-Design-Rip-Weaver-Volume-1_p0030_fig01_cast-steel-globe-angle-valves-crane.png)  **Dimensions, in Inches**  All dimensions shown below apply to valves without gears; dimension ""HH"" and ""H"" apply also to valves with gears. For sizes regularly furnished with gears, see asterisked (*) note at right.  *Ball-bearing yoke gearing:* Crane Cast Steel Globe and Angle Valves, in the larger sizes of 300-pound and higher pressure classes, are regularly furnished with ball-bearing yoke and spur or bevel gearing as follows:  - 300-Pound……………8-inch - 400-Pound……………6-inch - 600-Pound……………4 and 6-inch - 900-Pound……………4-inch - 1500-Pound……………3-inch  Orders must state whether spur or bevel gears are wanted; see page 140 for description.  When specified, the above valves can be furnished without gears (plain bearing yoke).  *Note:* All dimensions apply to valves without gears. Face to face (HH) and center to face (H) dimensions also apply to valves with gears; for additional dimensions of geared valves, see page 140.  **Face to face:** The 150 and 300-pound flanged valves are regularly furnished with a big-inch male face valve of the 400-pound and higher pressure classes have a 15-inch high large male face. The face to face (HH) and center to face (H) dimensions include this facing.  Flanged and butt-welding valves conform to the American Standard for Face-to-Face Dimensions of Flanged and Welding End Valves, B16.10-1957. This Standard does not include steel valves in the 1½-inch size.  > **Table - Table — Cast steel globe and angle valve dimensions by class, size, and end type** - see [XLSX](tables/Process-Piping-Design-Rip-Weaver-Volume-1_p0030_tbl01_cast-steel-globe-angle-valve-dimensions.xlsx) and [source crop](tables/Process-Piping-Design-Rip-Weaver-Volume-1_p0030_tbl01_cast-steel-globe-angle-valve-dimensions.png)  | Class | Size | Globe Valves | | | Angle Valves | All Valves | | | | | :--- | :--- | :---: | :---: | :---: | :---: | :---: | :---: | :---: | :---: | | | | Flanged | | Butt-Welding | Screwed | Flanged + Butt-Welding | | | | | | | HH | K | HH | JJ | JJ | H | K | L | | 150 Pound | 2½ | 9 | 13¼ | 8 | 13¼ | 8 | 13¼ | 4 | 11½ | 8 | | | 3 | 10 | 14½ | | 14½ | | | 4½ | 12 | 8 | | | 4 | 11½ | 16½ | | 9½ | | | | | | | 300 Pound | 2 | 11½ | 15¾ | 11½ | 19¼ | | 3¾ | 17¾ | 10 | | | 2½ | 13 | 19 | 13 | 20¼ | | 4½ | 20½ | 10 | | | 3 | 15 | 22 | | 24¼ | | 5 | 20 | 12 | | | 4 | 16½ | 24½ | | 25¾ | | 6 | 22 | 12 | | | 5 | | 26½ | | 28 | | 8 | 24 | 14 | | | 6 | 22 | 30½ | 22 | 30½ | | 11 | 26½ | 14 | | 400 Pound | 3 | 18 | | 18 | | | | | |"
SEC-PPDRWV1-0041,Process-Piping-Design-Rip-Weaver-Volume-1,PPDRWV1,General Piping,2,General Piping,1523,1600,23,32,Process-Piping-Design-Rip-Weaver-Volume-1.html#SEC-PPDRWV1-0041,46b6fffe44bf,True,False,False,1-10;1-11;1-17;1-7;1-8;1-9,,,Process-Piping-Design-Rip-Weaver-Volume-1_p0032_fig01;Process-Piping-Design-Rip-Weaver-Volume-1_p0032_tbl01,"| | 4 | 20 | | 20 | | | | | | | | 5 | 19 | 28½ | | | | | 28½ | 20 | | | 6 | 22 | 31¼ | | | | 9½ | | | | | 8 | 23½ | 38½ | 23½ | 38½ | | 11½ | 38½ | 27 | | 600 Pound | 2½ | 14 | | 14 | | | | | | | | 3 | 15 | 21¾ | | 21¾ | | | | | | | 4 | 18 | 23½ | | 23½ | | 7¾ | | 18 | | | 6 | 22 | | 22 | | | 11 | | 24 | | 900 Pound | 2 | 12¼ | 17¼ | 17 | | | | | | | | 2½ | 13¾ | 19¾ | | | | | | | | | 3 | 15 | 22 | | | | 17 | | 18 | | | 4 | | | | | | 12 | | 24 | | 1500 Pound | 1 | 14¼ | 13¼ | 14¼ | 25¼ | | | | 14 | | | 1½ | 15¼ | 16¼ | | 28¼ | | | | | | | 2 | | | | | | | | |  †Single butt-welding valves are made only in the 600-pound class in sizes 2½, 1, 4, 7, and 6-inch.  ‡When 3-inch 300 and 900-pound flanged valves are to be bolted to Granoloy faces, orders must so specify; a groove of special push diameter is required.  ---  *A ragged line . . . designed for severe service on oil, oil vapor, steam, and water lines.*  ![Figure 1-16. Cast steel swing check valves. Reprinted courtesy of Crane Co.](figures/Process-Piping-Design-Rip-Weaver-Volume-1_p0031_fig01_cast-steel-swing-check-valves.png)  Crane Cast Steel Swing Check Valves, described on these facing pages, embody the many refinements in design and materials necessary to withstand severe service.  **Materials:** These valves, in all pressure classes, are regularly furnished with a body and cap made of Crane Carbon Steel, conforming to requirements of ASTM A 216, Grade WCB.  Seating materials are Exeloy to Exeloy (Class ""X"" trim), suitable for steam, water, oil, oil vapor, air, or gas.  **Design:** On flanged and butt-welding valves the full port area is maintained without pockets, from the inlet port to the valve seat, to avoid turbulence. On the outlet side of the valve seat, the body is of generous proportion, allowing full swing of the disc and minimizing erosion and flow resistance.  **Body seat ring:** A shoulder-type screwed-in body seat ring provides maximum tightness and security.  **Cap joint:** Valves of the 150 and 300-pound pressure classes have a male and female type cap joint.  Valves of the 400, 600, 900, 1500, and several 2500-pressure classes have a ring type cap joint.  Crane Triplex Steel studs and stud nuts ensure an unusually strong and tight joint. The 150-pound valves are equipped with studs; all other valves have through stud bolts.  **Flange facings:** The 150 and 300-pound flanged valves are regularly furnished with an American Standard 1/16-inch raised face on the end flanges.  The 400, 600, 900, 1500, and 1500-pound flanged valves are regularly furnished with a 1/4-inch male face (large male).  When so ordered, flanged valves can be furnished with other types of facings, such as ring joint, female, tongue, groove, etc.  **Finish of flange faces:** The 1/16-inch raised faces and the 1/4-inch male faces are regularly furnished with a serrated finish.  A smooth finish can be furnished on raised or male faces, when specified.  **Standards:** In design and materials, Crane Cast Steel Swing Check Valves exceed the requirements of Standards issued by the American Standards Association and the American Petroleum Institute.  The end flanges on flanged valves as well as the dimensions of butt-welding valve ends conform to the American Steel Standard, B16.5-1957, for their respective pressure classes.  Flanged and butt-welding valves of all classes, in sizes 13-inch and smaller, conform to the American Standard for Face-to-Face and End-to-End Dimensions of Ferrous Flanged and Welding End Valves, B16.10-1957, for their respective pressure class. This Standard does not include 1 3/4-inch steel valves.  Flanged and butt-welding valves of all classes conform to the API Standard for Pipe Line Valves, No. 6D, Ninth Edition, April, 1960. This Standard does not include a 1 3/4 or 1-inch size.  ---  ## General Piping  **Weights and Dimensions — Prices on Request**  ![Figure 1-17. Cast Steel Swing Check Valves. Reprinted courtesy of Crane Co.](figures/Process-Piping-Design-Rip-Weaver-Volume-1_p0032_fig01_cast-steel-swing-check-valves-1-17.png)  > **Table - Table of weights and dimensions for cast steel swing check valves by pressure class and size** - see [source crop](tables/Process-Piping-Design-Rip-Weaver-Volume-1_p0032_tbl01_cast-steel-swing-check-valve-weights-dim.png)  | Pres-sure Class | Size (Inches) | Pounds, Each — Screwed FD & SF | Pounds, Each — Flanged Valves | Pounds, Each — Butt-Welding Valves | Dimensions, in Inches — Screwed N | Dimensions, in Inches — Screwed P | Dimensions, in Inches — Flanged or Butt-Welding M | Dimensions, in Inches — Flanged or Butt-Welding P | | :--- | :--- | ---: | ---: | ---: | ---: | ---: | ---: | ---: | | | Inches | FD & SF | | | N | P | M | P | | 150 Pound | 2 | 27 | 34 | 25 | 8 | 2 | 8 | 2 | | | 2½ | 40 | 50 | 30 | 8½ | 8½ | 8½ | 3½ | | | 3 | 55 | 65 | 45 | 11¼ | 7 | | | | | 1½ | ¾ | 100 | 100 | 11¼ | 7 | 10½ | 6½ | | | 2 | | 140 | 120 | | | 13 | 8 |"
SEC-PPDRWV1-0042,Process-Piping-Design-Rip-Weaver-Volume-1,PPDRWV1,Valves,2,Valves,1601,1620,23,23,Process-Piping-Design-Rip-Weaver-Volume-1.html#SEC-PPDRWV1-0042,d5e080d76ae6,True,False,False,1-12;1-13;1-14;1-15;1-16;1-17,,,,| | 2½ | | 200 | 150 | | | 18 | 9 | | | 3 | | 360 | 260 | | | 19½ | 10½ | | | 4 | | | | | | 24½ | 11¼ | | | 6 | | 510 | | | | 27½ | 12½ | | | 8 | | 775 | | | | 33 | on | | | 10 | | 1350 | | | | | | | | 12 | | 1450 | | | | | | | 300 Pound | 2 | 40 | 62 | 47 | 9½ | 6½ | 10½ | 6¼ | | | 2½ | 70 | 85 | 60 | 11¼ | 8 | | | | | 3 | 100 | 130 | 80 | 11¼ | 8½ | 16 | 8½ | | | 4 | | 150 | 240 | | | 13¼ | 10¼ | | | 6 | | 390 | | | | 17½ | 13½ | | | 8 | | 620 | 510 | | | 14 | | | | 10 | | 930 | 760 | | | 24½ | | | | 12 | | 1250 | 1150 | | | 28 | 16¾ | | 400 Pound | 4 | | 200 | 180 | | | 16 | 10 | | | 6 | | 390 | 310 | | | 19½ | 12½ | | | 8 | | 700 | 565 | | | 26½ | 14½ | | | 10 | | 900 | 820 | | | 30½ | | | | 12 | | 1350 | 1150 | | | 36½ | |
SEC-PPDRWV1-0043,Process-Piping-Design-Rip-Weaver-Volume-1,PPDRWV1,Chapter 1,2,Chapter 1,1621,1622,23,23,Process-Piping-Design-Rip-Weaver-Volume-1.html#SEC-PPDRWV1-0043,f1ba8262c80d,True,False,False,,,,,| 600 Pound | 1½ | | 28 | 40 | | | 9½ | 6½ | | | 2 | | 45 | 45 | | | 11½ | |
SEC-PPDRWV1-0044,Process-Piping-Design-Rip-Weaver-Volume-1,PPDRWV1,Review Test,2,Review Test,1623,1664,23,34,Process-Piping-Design-Rip-Weaver-Volume-1.html#SEC-PPDRWV1-0044,3f7596dc21c4,True,False,False,,,,Process-Piping-Design-Rip-Weaver-Volume-1_p0034_tbl01,"| | 2½ | | 105 | 70 | | | 13 | | | | 3 | | 150 | 105 | | | 14½ | | | | 4 | | 360 | 170 | | | 17 | 10½ | | | 6 | | 460 | 300 | | | 22 | 13½ | | | 8 | | 530 | 420 | | | | | | | 10 | | 1050 | 880 | | | 31 | 18½ | | | 12 | | 1440 | 1200 | | | 37 | 21½ | | 900 Pound | 2 | | 100 | 140 | | | 13 | 9½ | | | 3 | | 140 | 240 | | | 16½ | | | | 4 | | 430 | 400 | | | 19 | 14¼ | | | 6 | | 1180 | 690 | | | 29 | 16½ | | 1500 Pound | 1½ | | 75 | | | | 13½ | 9¾ | | | 2 | | 100 | 120 | | | 14½ | | | | 2½ | | 280 | 210 | | | 18½ | 13¼ | | | 3 | | 350 | | | | 21½ | 15¼ | | | 4 | | 660 | 480 | | | 26 | 18¼ | | | 6 | | 1850 | | | | 35¼ | 25¼ | | | 8 | | 2100 | 1370 | | | 43¼ | |  *\*3-inch Crandall Joints: When 3-inch, 100 and 500-pound flanged valves with ring-joint faces are used with Crandall Joints, orders must specify: A groove of special pitch diameter is required.*  **Drilling:** Flanged valves are regularly furnished with end flanges faced, drilled, and spot faced (FD & SF); they are drilled to the corresponding pressure class of the American Standard; they can be furnished faced only, when specified.  **Face to face:** Face to face dimensions (M) of flanged valves include the ⅛-inch raised face on the 150 and 300-pound pressure classes and the ¼-inch high large male face on the 400-pound and higher pressure classes.  **Butt-welding valves:** Unless otherwise ordered, 4- and 600-pound butt-welding valves are bored to match the inside diameter of standard pipe (heaviest weight on the 8, 10, and 12-inch sizes). For all other pressure classes, orders must specify the diameter of the bore (I.D. of pipe).  **Smaller size 400 and 600-pound valves:** For smaller size 400-pound valves, use the 600-pound valves. For smaller size 600-pound valves, use the 1500-pound valves.  **2500-pound valves:** Prices, weights, and dimensions of 2500-pound valves are furnished on request. For sizes and general description.  ---  1. Avoid the use of the cross. Cost and delivery are undesirable. 2. Use eccentric reducers only where absolutely necessary. They cost almost twice as much as concentric reducers. 3. Reducing elbows are a cost saving (and are generally available) for sizes 8"" and below for the large end in carbon steel materials. Avoid their use in alloy materials. 4. Avoid the use of the 90° elbow with long tangent on one end. 5. The short-radius elbow causes additional pressure drop in a piping system. Use it only where close connections are needed. 6. Avoid the shaped nipples. Stub the pipe directly into the header.  Figure 1-7 shows how flanges are joined with pipe. Figure 1-8 describes the seven basic pressure classes. Figure 1-9 gives their allowable working pressures and Figure 1-10 supplies flange dimensional data. Figure 1-11 gives dimensions for ring joint facing and ring numbers."
SEC-PPDRWV1-0045,Process-Piping-Design-Rip-Weaver-Volume-1,PPDRWV1,2 Process Terms,1,2 Process Terms,1665,1668,23,23,Process-Piping-Design-Rip-Weaver-Volume-1.html#SEC-PPDRWV1-0045,176924cbd30a,True,False,False,,,,,"The three basic valve types are gate, globe and check. Figure 1-12 describes gate valves. Note that the stem rises up, raising the disc into the bonnet and offering relatively smooth fluid flow through the valve body. Flow can enter either end of the gate body."
SEC-PPDRWV1-0046,Process-Piping-Design-Rip-Weaver-Volume-1,PPDRWV1,The Hydrocarbon,2,The Hydrocarbon,1669,1678,23,23,Process-Piping-Design-Rip-Weaver-Volume-1.html#SEC-PPDRWV1-0046,ef3a4e175424,True,False,False,,,,,"Figure 1-13 gives dimensions for gate valves. When drawing valves always show the stem in the open position, dimension *D*. The handwheel is located about one pipe size below the top of stem. Always show the handwheel diameter, dimension *I*, to scale. Gate and globe valves should not be oriented below the horizontal. It is preferable that they be vertical, however horizontal installation will keep the bonnet cavity relatively free of loose debris. It can easily be seen that if the bonnet cavity is below the flowing fluid, a trap is created for collection of debris, condensate, etc.  Figure 1-14 describes the globe valve. The globe body is designed for throttling. Flow must enter the valve and flow up, against the seat, and change direction down to the outlet end. This turbulent flow causes pressure drop and pressure drop is money in a piping system. The globe body pattern is also more expensive to make than the gate pattern. Consequently, globe body valves should be specified only where throttling is required and must be used *often* for throttling.  It is the author's opinion that specifying globe valves for control valve by-passes is too costly for nine out of ten installations. Some people will say that the valve is for throttling so a globe body is needed. However, this valve is closed almost all the time and a gate valve would be able to handle the necessary throttling, would be cheaper, and because of the body design, a gate valve could be used which is *one size smaller* than the required globe valve.  Figure 1-15 gives dimensions for globe and angle valves. On a globe valve, the handwheel is fixed to the stem and as the stem is raised the handwheel rises with the stem. When drawing the globe valve, always show the handwheel in the open position, dimension *D*, and show the handwheel diameter, dimension *I*, to scale. The angle valve is quite expensive and should be avoided. Globe valves larger than 2"" are seldom available.  Figure 1-16 depicts cast steel swing check valves. The check valve is designed to permit flow in only one direction. In Figure 1-16 the flow enters the valve on the left side and the pressure raises the disc, allowing flow through the valve. Velocity of the fluid keeps the disc raised up in the cavity. As flow subsides or stops, the disc spring forces the disc down on the seat, preventing flow from reversing."
SEC-PPDRWV1-0047,Process-Piping-Design-Rip-Weaver-Volume-1,PPDRWV1,Hydrocarbon Structures,2,Hydrocarbon Structures,1679,1705,23,36,Process-Piping-Design-Rip-Weaver-Volume-1.html#SEC-PPDRWV1-0047,7711928b6e76,True,False,False,2-1,2-1,,Process-Piping-Design-Rip-Weaver-Volume-1_p0036_tbl01,"The swing check valve is the most commonly specified type of check valve. It is very efficient for constant flowing fluids. It should *never* be used for pulsating flow such as reciprocating pump or compressor installations. For pulsating flow, the piston or ball type check valve, spring loaded, should be specified.  The swing check valve should not be installed with flow in the down position. The weight of the fluid upstream of the disc would tend to open the disc when the line pressure was less upstream, thereby permitting the flow to reverse, destroying the ""check"" feature of the valve. Check valves should be installed horizontally or with the flow going up. Piston checks are generally for horizontal installations only.  Figure 1-17 gives dimensional data for cast steel swing check valves.  ---  ## Chapter 1  ## Review Test  1. Define ""ferrous"" metal. _______________________________________________  2. Name one ""non-ferrous"" metal. _______________________________________________  3. Name four pipe manufacturing methods. _______________________________________________  4. Define ANSI. _______________________________________________  5. What is meant by ""joint efficiency?"" _______________________________________________  6. What is meant by ""mill tolerance?"" _______________________________________________  7. The mill tolerance for plate is _______________________________________________  8. The mill tolerance for seamless pipe is _______________________________________________"
SEC-PPDRWV1-0048,Process-Piping-Design-Rip-Weaver-Volume-1,PPDRWV1,Fractionation,2,Fractionation,1706,1727,23,37,Process-Piping-Design-Rip-Weaver-Volume-1.html#SEC-PPDRWV1-0048,2b01b0a3182f,True,False,False,2-1;2-2,2-1,,Process-Piping-Design-Rip-Weaver-Volume-1_p0036_fig01;Process-Piping-Design-Rip-Weaver-Volume-1_p0037_fig01,"9. Random length pipe is ± _______ feet long.  10. Supply the following outside diameters for IPS pipe:  > **Table - Outside diameters for IPS pipe sizes** - see [XLSX](tables/Process-Piping-Design-Rip-Weaver-Volume-1_p0034_tbl01_outside-diameters-ips-pipe-sizes.xlsx) and [source crop](tables/Process-Piping-Design-Rip-Weaver-Volume-1_p0034_tbl01_outside-diameters-ips-pipe-sizes.png)  | Pipe Size | OD | | :---: | :---: | | 3"" | ___ | | 6"" | ___ | | 10"" | ___ | | 12"" | ___ | | 16"" | ___ |  11. The OD of a 6"" tube is _______________________________________________  12. Define the difference between ""minimum"" and ""nominal"" wall. _______________________________________________  13. Why is socketwelding preferred over screwed systems? _______________________________________________  14. An eccentric reducer costs almost _______ the cost of a concentric reducer."
SEC-PPDRWV1-0049,Process-Piping-Design-Rip-Weaver-Volume-1,PPDRWV1,Piping Equilibrium Liquids,2,Piping Equilibrium Liquids,1728,1767,23,40,Process-Piping-Design-Rip-Weaver-Volume-1.html#SEC-PPDRWV1-0049,d8da5924fb3f,True,False,False,2-2;2-3;2-4;2-5,,,Process-Piping-Design-Rip-Weaver-Volume-1_p0038_fig01;Process-Piping-Design-Rip-Weaver-Volume-1_p0039_fig01;Process-Piping-Design-Rip-Weaver-Volume-1_p0040_fig01,"15. What type of valve shall be specified for control valve by-passes? _______________________________________________  ---  # 2 Process Terms  To understand the complete piping problem, the piping designer must realize certain process basics. When handling utilities, the designer knows that steam cools and forms condensate which must be drawn off. This is accomplished with a ""steam trap"" installed at selected low points in the steam system. But his education must also include how to handle ""two-phase flow,"" ""equilibrium liquids,"" ""hot vapor by-passes"" and other special conditions.  ## The Hydrocarbon  *Hydrocarbon* is the term applied to most process fluid designations. A hydrocarbon is a mixture of the atoms hydrogen and carbon only. They are mixed and the quantities mixed are very important. Whether the hydrocarbon is in a liquid or vapor state must be known by the designer.  Crude oil is a hydrocarbon which may be ""sweet"" or ""sour,"" depending on its percent of mercaptans, a sulfur-bearing compound. A sweet stream is one with very low or no sulfur content while the sour stream ranks high in mercaptans.  Sour streams must be sweetened by removing the mercaptans or the piping and equipment will be subject to corrosion by contact with the sulfur. These mercaptans are separated out and sent to a unit for disposal. One type of disposal unit is the Merox unit, shortened from mercaptan oxidation, licensed by UOP, Universal Oil Products.  Crude oil also contains salt, which must be removed. This is accomplished by running the crude through a desalter, usually located in the crude unit of a refinery.  ## Hydrocarbon Structures  Methane is the lightest hydrocarbon, having one atom of carbon and four of hydrogen. This is stated CH₄. The next lightest hydrocarbon is ethane which contains two atoms of carbon. Table 2-1 lists the lightest 20 hydrocarbons by weight.  Hydrocarbons consist of only two elements, but the number of the hydrogen and carbon atoms and their arrangement in the molecule cause the great variety of products we know. The arrangement generally is divided into two classes, the straight chain (aliphatic) and the ring (naphthenic and aromatic).  Atoms combine to form a chemical molecule and each carbon atom holds or can contain four hydrogen atoms or their equivalent. When this happens the carbon atom is said to be saturated. The force holding the atoms together is called the *bond* and is indicated by a small straight line.  ---  > **Table - Table 2-1 Nomenclature of Hydrocarbons** - see [XLSX](tables/Process-Piping-Design-Rip-Weaver-Volume-1_p0036_tbl01_nomenclature-of-hydrocarbons.xlsx) and [source crop](tables/Process-Piping-Design-Rip-Weaver-Volume-1_p0036_tbl01_nomenclature-of-hydrocarbons.png)  | No. of C Atoms | Paraffin Name | No. of C Atoms | Paraffin Name | | :--- | :--- | :--- | :--- | | 1 | Methane | 11 | Undecane | | 2 | Ethane | 12 | Duodecane | | 3 | Propane | 13 | Tridecane | | 4 | Butane | 14 | Tetradecane | | 5 | Pentane | 15 | Pentadecane | | 6 | Hexane | 16 | Hexadecane | | 7 | Heptane | 17 | Heptadecane |"
SEC-PPDRWV1-0050,Process-Piping-Design-Rip-Weaver-Volume-1,PPDRWV1,Two-Phase Flow,2,Two-Phase Flow,1768,1791,23,42,Process-Piping-Design-Rip-Weaver-Volume-1.html#SEC-PPDRWV1-0050,3ef3b99bc40e,True,False,False,2-4;2-5;2-6;2-7,,,Process-Piping-Design-Rip-Weaver-Volume-1_p0041_fig01;Process-Piping-Design-Rip-Weaver-Volume-1_p0042_fig01,"| 8 | Octane | 18 | Octadecane | | 9 | Nonane | 19 | Nonadecane | | 10 | Decane | 20 | Eicosane |  Figure 2-1 shows the chemical composition of some hydrocarbons and how these chains are built. These are the straight chain series of paraffins.  Of the 20 hydrocarbons listed in Table 2-1, the first four are normally gases and have a very low boiling point. The next 13 are liquids and the last three are solids. As a CH₂ is added, the hydrocarbon is heavier and the boiling point and melting point rise.  ## Fractionation  *Fractionation* is the most widely used operation in process plants today and has been for hundreds of years. Crude oil is sent to the crude tower for fractionation as its first processing step. Any process unit will have several fractionation towers, sometimes referred to as (distillation) tower.  *Fractionation is the separation of lighter from heavier liquid components, which occurs while these fluids are in contact with each other and are in equilibrium.*  *Equilibrium liquid is liquid that is at it's boiling point due to pressure and temperature.*  Assume that two pure separate liquids are placed in a container. One liquid, say pentane, is lighter than the other, say heptane (refer to Table 2-1). By application of an exact amount of heat, the lighter fluid, pentane, can be vaporized while the heavier fluid remains a liquid. Then the two fluids are separated into two containers; one fluid is a liquid and one a vapor. As the vapor cools it returns to its liquid state and is pure pentane. This is simple fractionation.  ![Figure 2-1. Composition of the hydrocarbon molecules.](figures/Process-Piping-Design-Rip-Weaver-Volume-1_p0036_fig01_composition-hydrocarbon-molecules.png)  Multiple fractionation occurs in a fractionating tower. Each tray has liquid of different weight and temperature. As the hotter vapors rise up the tower they make physical contact with the cooler liquid on each tray. As the vapor cools, the heavier hydrocarbons drop out in liquid form and become part of the tray's liquid. Conversely, as the hotter vapors heat the tray liquid, some of the lighter hydrocarbons vaporize and join the vapor on its upward journey. As a result, fractionation is occurring on every tray in a tower. Also, each tray contains liquid that is in equilibrium, liquid that is at its boiling point.  As liquid floods the uppermost tray, meeting the warmer vapors, fractionation occurs. As the liquid runs down the tower, the lighter hydrocarbons"
SEC-PPDRWV1-0051,Process-Piping-Design-Rip-Weaver-Volume-1,PPDRWV1,Hot Vapor By-Pass,2,Hot Vapor By-Pass,1792,1834,23,43,Process-Piping-Design-Rip-Weaver-Volume-1.html#SEC-PPDRWV1-0051,21622d5fe2e1,True,False,False,2-6,2-2,,Process-Piping-Design-Rip-Weaver-Volume-1_p0043_tbl01,"---  ![Figure 2-2. Incorrect equilibrium piping.](figures/Process-Piping-Design-Rip-Weaver-Volume-1_p0037_fig01_incorrect-equilibrium-piping.png)  are fractionated out, leaving a heavier liquid. Each tray down, then, contains a heavier liquid. The heavier the liquid, the hotter the temperature must be to vaporize hydrocarbons.  Hot vapors from a reboiler enter the tower's vapor space below the bottom tray, making contact with the heavy hydrocarbons on the bottom tray. As the vapors rise, a calculated temperature drop occurs at each tray, maintaining just enough temperature to vaporize lighter hydrocarbons and dropping the vapor temperature enough so that the heavier hydrocarbons will condense out.  ## Piping Equilibrium Liquids  Equilibrium liquids require the piping designer's special attention. By definition, the liquid, at its pressure and temperature, is at its boiling point. Should the piper induce a very small amount of pressure drop in the piping system, the equilibrium liquid will start flashing, resulting in two-phase flow, increased line velocity and a fluid that is difficult to control and impossible to measure.  In some instances flashing does no harm, but the piping designer must first recognize what liquids are in equilibrium, and second, when flashing can be tolerated.  The main streams that contain equilibrium liquids are any tray draw-off, tower bottoms, two-phase flow and reboiler liquid draw-offs. The biggest piping problem occurs at reboiler liquid draw-offs.  Figure 2-2 shows incorrect piping of reboiler liquid draw-off. The piping designer has the prob-  ---  ![Figure 2-3. Correct equilibrium piping.](figures/Process-Piping-Design-Rip-Weaver-Volume-1_p0038_fig01_figure-2-3-correct-equilibrium-piping.png)  lem of routing the reboiler liquid from the area behind the weir, through a pair of orifice flanges (meter run), through a level control valve and into the main pipeway or rack. Liquid is drawn off at nozzle *A*, runs horizontally, and rises at *B*. Because the liquid must push against the head of liquid in riser *B*, pressure drop is induced in the system and flashing will start. The meter run, *C*, cannot properly measure two-phase flow. The control valve, *D*, cannot control properly. If this installation were fabricated and installed, it would have to be dismantled and rebuilt in the field, a costly mistake.  Figure 2-3 is one correct method of piping equilibrium liquid. Liquid is drawn off through nozzle *A*, stays horizontal through meter run *B* and the control valve, then rises vertically at *C*.  Now, flashing occurs after the measuring and control functions and if excessive flashing occurs, the line size can be increased to keep the velocity low. By keeping both the meter run and the control valve *below* the liquid level in the reboiler, flashing is prevented in this run.  This reboiler liquid is often a product going to storage. It usually must be cooled before going to a product tank. Cooling will drop the liquid below its equilibrium point and condense any flashed vapors. Then it is preferable to locate the meter run and the control valve downstream of the cooler.  The basic rule for piping equilibrium or any liquid subject to flashing is to keep pressure drop to a minimum and have no vertical risers before measuring or control devices.  ---  ![Figure 2-4. Proper and improper two-phase piping.](figures/Process-Piping-Design-Rip-Weaver-Volume-1_p0039_fig01_proper-improper-two-phase-piping.png)  **EXCHANGER ""A""**  **EXCHANGER ""B""**  **IMPROPER TWO-PHASE PIPING**  **EXCHANGER ""A""**"
SEC-PPDRWV1-0052,Process-Piping-Design-Rip-Weaver-Volume-1,PPDRWV1,Static Head,2,Static Head,1835,1888,23,44,Process-Piping-Design-Rip-Weaver-Volume-1.html#SEC-PPDRWV1-0052,5151e5d25d1c,True,False,False,2-7,2-2;2-3,,Process-Piping-Design-Rip-Weaver-Volume-1_p0044_tbl01,"**EXCHANGER ""B""**  **PROPER TWO-PHASE PIPING**  Figure 2-4. Proper and improper two-phase piping.  ---  ![Figure 2-5. Piping at fired heaters.](figures/Process-Piping-Design-Rip-Weaver-Volume-1_p0040_fig01_piping-at-fired-heaters.png)  ## Two-Phase Flow  Next to adequate flexibility, two-phase flow causes piping designers the most problems. Two-phase flow occurs when both liquid and vapor are in the same pipe, flowing together. Since the pipe's friction reacts more on the liquid portion, the vapors tend to flow at a greater velocity. The real problem occurs when two-phase flow must be divided equally into separate piping systems.  Figure 2-4 shows improper and proper two-phase piping at exchanger inlets. In the improper illustration, the major portion of the flow would be routed to exchanger *B*. This would cause exchanger *A* to have less pressure drop and exchanger *B* to have more, when both exchangers were designed for the same pressure drop, as well as for the same heat transfer duty. Since *A* has less pressure drop and the liquid's velocity will direct it to *B*, another problem is evident. The vapor of the two-phase flow will take the path of least resistance and most of it will go to exchanger *A*. Now exchanger *A* is getting the vapor and *B* is getting the liquid. But the heat transfer rate of both exchangers is designed for equal flow of liquid and vapor. So designed for equal heat transfer as designed. And because these exchangers will not perform as designed, the process unit will not perform and must be shut down for correction. And this is because a piping designer did not recognize he was piping two-phase flow, or if he knew he was not knowledgeable enough to design the piping.  ---  ![Figure 2-6. Hot vapor by-pass.](figures/Process-Piping-Design-Rip-Weaver-Volume-1_p0041_fig01_hot-vapor-by-pass.png)  In the proper illustration, the two-phase flow enters the horizontal pipe midway between the two exchangers. The pressure drop is the same to either one so there is no path of least resistance and the flow of both liquid and vapor will be equal to both exchangers.  Figure 2-5 is a flow sketch of piping at a four-pass fired heater. This is a very common piping installation where the heater inlet is all liquid flow and the outlet is two-phase flow. And in nine out of ten cases this installation is completely unnecessary and excessively expensive!  To analyze this statement, the liquid heater feed, item 1, is divided into four streams to match the four passes of heater tubes. Each stream has a globe valve, item 2, for throttling and a flow indicator (orifice or meter run), item 3. Each heater pass outlet has a temperature indicator. To operate the heater, flow is regulated with the globe valves to ensure that each pass has the same flow, while the temperature indicator shows the desired outlet temperature. The piping is correct to this point.  The incorrect design occurs downstream of the TI located in each pass outlet. Someone has coined the magic term *two-phase flow* and has decided that this means symmetrical piping. And symmetrical piping means money and piping problems. This can be doubly expensive if the heater outlet is alloy material.  Symmetrical piping is necessary for two-phase flow if there is no method of control, and distribution must be made in Figure 2-5 where the split is made while the fluid is all liquid, controlled by the globe valve and metered by the flow indicator to insure that streams *A, B, C* and *D* are all equal flow. If the flow is equal going into the heater it must be equal coming out. Only in cases of very low pressure, such as a crude charge heater service, should symmetrical piping be considered. In higher pressure installations the outlets should be com-  ---  ![Figure 2-7. Impact of water head.](figures/Process-Piping-Design-Rip-Weaver-Volume-1_p0042_fig01_impact-of-water-head.png)  bined in the most economical manner and routed on its way. The outlet pass differential pressure drop is so minor that it is of no actual consequence.  Any time a competent piping designer sees symmetrical piping called for he should seriously question its need, especially if it is on a fired heater outlet.  ## Hot Vapor By-Pass  Figure 2-6 is a hot vapor by-pass schematic. The tower overhead vapor line is routed to an air cooler (fin-fan). This could be a shell and tube exchanger. The condensed vapor is then directed to the overhead accumulator. To maintain pressure on the accumulator, a hot vapor by-pass is installed. Hot overhead vapor is by-passed around the cooler and is routed to the pressure control valve, which allows pressure to enter the accumulator as required.  Hot vapor by-passes should never be pocketed. The pressure control valve should be installed above the top of the accumulator and the by-pass piping should continuously drain from point A to point B.  As this by-passed vapor cools, due to rainfall on the line or cool air cooling the line, condensate  ---  > **Table - Table 2-2 Water Static Head Pressures** - see [XLSX](tables/Process-Piping-Design-Rip-Weaver-Volume-1_p0043_tbl01_water-static-head-pressures.xlsx) and [source crop](tables/Process-Piping-Design-Rip-Weaver-Volume-1_p0043_tbl01_water-static-head-pressures.png)  **Table 2-2 Water Static Head Pressures**"
SEC-PPDRWV1-0053,Process-Piping-Design-Rip-Weaver-Volume-1,PPDRWV1,Steam Data,2,Steam Data,1889,1900,23,23,Process-Piping-Design-Rip-Weaver-Volume-1.html#SEC-PPDRWV1-0053,eede00c5272c,True,False,False,,2-3,,,| Feet of Water | Pressure psig | Feet of Water | Pressure psig | Feet of Water | Pressure psig | Feet of Water | Pressure psig | | :--- | :--- | :--- | :--- | :--- | :--- | :--- | :--- | | 1 | 0.43 | 26 | 11.26 | 51 | 22.09 | 76 | 32.92 | | 2 | 0.86 | 27 | 11.69 | 52 | 22.52 | 77 | 33.35 | | 3 | 1.30 | 28 | 12.12 | 53 | 22.95 | 78 | 33.78 | | 4 | 1.73 | 29 | 12.55 | 54 | 23.39 | 79 | 34.21 | | 5 | 2.16 | 30 | 12.99 | 55 | 23.82 | 80 | 34.65 | | 6 | 2.59 | 31 | 13.42 | 56 | 24.26 | 81 | 35.08 | | 7 | 3.03 | 32 | 13.86 | 57 | 24.69 | 82 | 35.52 | | 8 | 3.46 | 33 | 14.29 | 58 | 25.12 | 83 | 35.95 | | 9 | 3.89 | 34 | 14.72 | 59 | 25.55 | 84 | 36.39 | | 10 | 4.33 | 35 | 15.16 | 60 | 25.99 | 85 | 36.82 |
SEC-PPDRWV1-0054,Process-Piping-Design-Rip-Weaver-Volume-1,PPDRWV1,Chapter 2,2,Chapter 2,1901,1902,23,23,Process-Piping-Design-Rip-Weaver-Volume-1.html#SEC-PPDRWV1-0054,6a7a44463bdc,True,False,False,,,,,| 11 | 4.76 | 36 | 15.59 | 61 | 26.42 | 86 | 37.25 | | 12 | 5.20 | 37 | 16.02 | 62 | 26.85 | 87 | 37.68 |
SEC-PPDRWV1-0055,Process-Piping-Design-Rip-Weaver-Volume-1,PPDRWV1,Review Test,3,Review Test,1903,1934,23,23,Process-Piping-Design-Rip-Weaver-Volume-1.html#SEC-PPDRWV1-0055,7835cfb5be4f,True,False,False,,,,,"| 13 | 5.63 | 38 | 16.45 | 63 | 27.29 | 88 | 38.12 | | 14 | 6.06 | 39 | 16.89 | 64 | 27.72 | 89 | 38.55 | | 15 | 6.49 | 40 | 17.32 | 65 | 28.11 | 90 | 38.98 | | 16 | 6.93 | 41 | 17.75 | 66 | 28.58 | 91 | 39.42 | | 17 | 7.36 | 42 | 18.19 | 67 | 29.02 | 92 | 39.85 | | 18 | 7.79 | 43 | 18.62 | 68 | 29.45 | 93 | 40.28 | | 19 | 8.22 | 44 | 19.05 | 69 | 29.88 | 94 | 40.72 | | 20 | 8.66 | 45 | 19.49 | 70 | 30.32 | 95 | 41.15 | | 21 | 9.09 | 46 | 19.92 | 71 | 30.75 | 96 | 41.58 | | 22 | 9.53 | 47 | 20.35 | 72 | 31.18 | 97 | 42.01 | | 23 | 9.96 | 48 | 20.79 | 73 | 31.62 | 98 | 42.45 | | 24 | 10.39 | 49 | 21.22 | 74 | 32.05 | 99 | 42.88 | | 25 | 10.82 | 50 | 21.65 | 75 | 32.48 | 100 | 43.31 |  is formed. With the small amount of differential pressure between points *A* and *B*, a pocket of liquid head might not be overcome and the hot vapor by-pass would not work. There is generally less than 10 psig differential between these two points. The pressure control valve is usually specified as a butterfly type to keep pressure drop to a minimum but this will consume 2-3 psig. Line loss due to friction may consume another 2-3 psig. This only leaves about 4 psig and that would not overcome much liquid head.  ## Static Head  *Hydraulics* is the term used for the action of liquids in motion or at rest. Unconfined liquids seek the lowest possible level and a horizontal position.  Liquids at rest cause a pressure equal in all directions and perpendicular to any surfaces in contact with the liquid. This pressure is caused by the weight of the liquid above the point in question plus the pressure at the top level of the liquid. The liquid height is called *static head, pressure head* or quite often just *head*.  To calculate the head pressure one must multiply the height of liquid by the specific gravity and divide by 2.309.  *Specific gravity* is the item's weight compared to water, which has the assigned specific gravity of one. Consequently, a column of water 2.309' high would exert 1 psig of pressure at its base. This would be called 1 pound of head. To this head pressure one must add the pressure above the liquid to get the actual pressure at the base of the liquid.  ---  **Table 2-3** **Saturated Steam Data**  > **Table - Table 2-3 Saturated Steam Data** - see [XLSX](tables/Process-Piping-Design-Rip-Weaver-Volume-1_p0044_tbl01_saturated-steam-data.xlsx) and [source crop](tables/Process-Piping-Design-Rip-Weaver-Volume-1_p0044_tbl01_saturated-steam-data.png)"
SEC-PPDRWV1-0056,Process-Piping-Design-Rip-Weaver-Volume-1,PPDRWV1,3 Plant Arrangement and Storage Tanks,1,3 Plant Arrangement and Storage Tanks,1935,1938,23,23,Process-Piping-Design-Rip-Weaver-Volume-1.html#SEC-PPDRWV1-0056,ef58806e899a,True,False,False,,,,,| Steam psia | Temp °F | Steam psia | Temp °F | Steam psia | Temp °F | | :--- | :--- | :--- | :--- | :--- | :--- | | 14.7 | 212 | 140 | 353 | 290 | 414 |
SEC-PPDRWV1-0057,Process-Piping-Design-Rip-Weaver-Volume-1,PPDRWV1,Site Data,2,Site Data,1939,1946,23,23,Process-Piping-Design-Rip-Weaver-Volume-1.html#SEC-PPDRWV1-0057,5c740d1f9898,True,False,False,,,,,| 15 | 213 | 145 | 356 | 300 | 417 | | 20 | 228 | 150 | 358 | 320 | 424 | | 25 | 240 | 155 | 361 | 340 | 430 | | 30 | 250 | 160 | 364 | 360 | 434 | | 35 | 259 | 165 | 366 | 380 | 440 | | 40 | 267 | 170 | 368 | 400 | 445 | | 45 | 274 | 175 | 371 | 420 | 449 | | 50 | 281 | 180 | 373 | 440 | 453 |
SEC-PPDRWV1-0058,Process-Piping-Design-Rip-Weaver-Volume-1,PPDRWV1,Hilly Terrain,3,Hilly Terrain,1947,1956,23,47,Process-Piping-Design-Rip-Weaver-Volume-1.html#SEC-PPDRWV1-0058,2df41290cca5,True,False,False,3-1,,,Process-Piping-Design-Rip-Weaver-Volume-1_p0047_fig01,| 55 | 287 | 185 | 375 | 460 | 459 | | 60 | 293 | 190 | 378 | 480 | 463 | | 65 | 298 | 195 | 380 | 500 | 467 | | 70 | 303 | 200 | 382 | 550 | 477 | | 75 | 307 | 205 | 384 | 600 | 486 | | 80 | 312 | 210 | 386 | 650 | 495 | | 85 | 316 | 215 | 388 | 700 | 503 | | 90 | 320 | 220 | 390 | 750 | 511 | | 95 | 324 | 223 | 392 | 800 | 518 | | 100 | 328 | 230 | 394 | 850 | 525 |
SEC-PPDRWV1-0059,Process-Piping-Design-Rip-Weaver-Volume-1,PPDRWV1,"Plant Arrangement, Storage Tanks",1,"Plant Arrangement, Storage Tanks",1957,1958,23,23,Process-Piping-Design-Rip-Weaver-Volume-1.html#SEC-PPDRWV1-0059,82001cdfb70c,True,False,False,,,,,| 105 | 331 | 235 | 395 | 900 | 532 | | 110 | 335 | 240 | 397 | 950 | 538 |
SEC-PPDRWV1-0060,Process-Piping-Design-Rip-Weaver-Volume-1,PPDRWV1,Block Plot Plan,2,Block Plot Plan,1959,1980,23,23,Process-Piping-Design-Rip-Weaver-Volume-1.html#SEC-PPDRWV1-0060,6f10a260f6c3,True,False,False,3-1,,,,"| 115 | 338 | 245 | 399 | 1000 | 545 | | 120 | 341 | 250 | 401 | | | | 125 | 344 | 260 | 404 | | | | 130 | 347 | 270 | 407 | | | | 135 | 350 | 280 | 411 | | |  This becomes very important when calculating the hydrostatic pressure of vessels and piping systems. For instance, in Figure 2-7 there is a piping system designed for 50 psig. This requires a hydrostatic test pressure of 75 psig. This test pressure must be measured at the highest point in the system, point *A*.  To attain this pressure at point *A* the field brings in a hydraulic pump and fills the system full of water. The piping designer knows this pump is located at grade. He must calculate the height from the pump's pressure gage to point *A*, divide by 2.309 and add this to the required test pressure. In this case 54 psig must be added to 75 psig, totaling 129 psig, which is the pressure that must be obtained at the pressure gage to satisfy the 75 psig hydrostatic conditions.  The vessel designer must also consider the static water head when calculating the tower head and shell thickness. This added weight is considered in the design of the support for the tower. It becomes very critical when vessels are located high in a steel or concrete structure.  In most organizations it is the piping designer's responsibility to furnish the field hydrostatic test flow diagrams, showing the required hydrotest pressures for each line in the system. It is imperative that static head calculations be made for each system and that proper test pressures are assigned.  Table 2-2 gives the pressures caused by water head from 1' to 100'. For greater heights the figures shown may be added, i.e., for 125' add the figure for 100' and 25'.  ## Steam Data  Steam is generated by heating water to such a temperature that it vaporizes and this vapor is steam. Steam is invisible.  The boiling point of water is 212°F, or 100°C, at sea level atmospheric pressure, 14.7 psia. *Boiling point* is the temperature at which a liquid boils, changing into a vapor with the application of heat. The pressure applied to a liquid such as water greatly changes its boiling point. Water will boil at 37°F with a pressure of 0.0885 psia. Place water under 1000 psig pressure and the temperature must reach 544°F to make steam."
SEC-PPDRWV1-0061,Process-Piping-Design-Rip-Weaver-Volume-1,PPDRWV1,The Process Block,2,The Process Block,1981,1986,23,23,Process-Piping-Design-Rip-Weaver-Volume-1.html#SEC-PPDRWV1-0061,1bf0bdf121e8,True,False,False,3-1;3-2,,,,"Saturated steam is steam which is at its minimum temperature for its pressure. No additional heat (called superheat) has been added. Saturated steam data is given in Table 2-3.  Superheated steam is saturated steam to which additional ""degrees of superheat"" have been added. Its condition is usually expressed by the degrees of superheat above the saturation point at a given pressure. Superheated steam has gas characteristics: when compressed the pressure increases, when heated its volume increases at constant pressure, and its pressure rises if the volume remains constant. Adding superheat to steam and maintaining the same pressure then gives more steam for each pound of water.  One cubic foot of water at 14.7 psia and 212°F becomes 26.8 cubic feet of saturated steam. One pound of this steam will occupy 26.8 cubic feet. Water weighs 62.4 pounds per cubic foot."
SEC-PPDRWV1-0062,Process-Piping-Design-Rip-Weaver-Volume-1,PPDRWV1,Storage Tanks,2,Storage Tanks,1987,1992,23,23,Process-Piping-Design-Rip-Weaver-Volume-1.html#SEC-PPDRWV1-0062,1c293b18ead0,True,False,False,,,,,---  ## Chapter 2  ### Review Test
SEC-PPDRWV1-0063,Process-Piping-Design-Rip-Weaver-Volume-1,PPDRWV1,Cone Roof Design,2,Cone Roof Design,1993,2024,23,50,Process-Piping-Design-Rip-Weaver-Volume-1.html#SEC-PPDRWV1-0063,c6b119de0378,True,False,False,3-2;3-3;3-4,,,Process-Piping-Design-Rip-Weaver-Volume-1_p0049_fig01;Process-Piping-Design-Rip-Weaver-Volume-1_p0050_fig01,"1. Define ""mercaptan.""  2. What is a ""sweet"" stream?  3. What is the lightest hydrocarbon?  4. What is a saturated hydrocarbon?  5. Define ""fractionation.""  6. Define ""equilibrium liquid.""  7. What is two-phase flow?  8. Define ""flashing.""  9. What is the purpose of a reboiler?  10. What is symmetrical piping?  11. Hot vapor by-passes shall never be \_\_\_\_\_\_\_\_\_\_\_\_\_\_\_\_.  12. Define ""hydraulics.""  13. What is ""head?""  14. Define ""specific gravity.""  15. Superheated steam is usually expressed by \_\_\_\_\_\_\_\_\_\_\_\_\_\_\_\_.  ---"
SEC-PPDRWV1-0064,Process-Piping-Design-Rip-Weaver-Volume-1,PPDRWV1,Floating Roof Design,2,Floating Roof Design,2025,2042,23,52,Process-Piping-Design-Rip-Weaver-Volume-1.html#SEC-PPDRWV1-0064,28738d3ffc5e,True,False,False,3-4;3-5;3-6,3-1;3-2,,Process-Piping-Design-Rip-Weaver-Volume-1_p0051_fig01;Process-Piping-Design-Rip-Weaver-Volume-1_p0051_fig02;Process-Piping-Design-Rip-Weaver-Volume-1_p0052_fig01,"This chapter will deal with general plant arrangement and will probably be the most controversial chapter in the book. For each ""grass roots"" plant being designed a different approach can be justified. There is not enough space in this book to explore all possibilities and their justifications. One basic conception is presented with some alternate methods of plant layout.  ## Site Data  Assuming the plot area is ample, the first thing a layout designer must know is the topography. If the site is relatively flat, many problems will not be encountered. But for a flat site, the most important item to know is the soil condition. Some flat sites have been filled by some means over the years. How good is the load-bearing characteristic? Generally, the natural soil will have good allowables while the filled areas may not, requiring all foundations with heavy loads to be pile supported.  The plant is basically divided into two areas, offsite and onsite. The offsite portion consists of storage tanks, loading or unloading facilities, cooling tower, steam generation, electrical power generation when not purchased, electrical transformer substation(s), flare(s), waste disposal facilities, buildings, plant roads and other items as needed.  The onsite part of a plant is limited to the process units. This is the area of heaviest concentration of loads and should be located in the area of best soil. The offsite will need from 75-80% of the total plot area and, depending on storage capacities, will be about the same percentage of the total plant cost.  ### Hilly Terrain  When the plant is to be built on a hilly site, the soil is usually pretty good and is not a major consideration for locating onsite vs. offsite. The author advocates knocking off the top of the hill to construct a relatively flat site for the process units, with the offsites located below. This has several advantages which outweigh the disadvantages. First, and most important, it offers maximum safety to the greatest number of personnel working in the process units and offices. The lower elevation is productive for natural flow into product or rerun storage tanks.  By locating the loading facilities still lower, the designer can make the loading pumps smaller if not eliminate them entirely. The entire sewer system is greatly simplified with waste treatment located at the lowest possible elevation, eliminating costly waste lift pumps."
SEC-PPDRWV1-0065,Process-Piping-Design-Rip-Weaver-Volume-1,PPDRWV1,Tank Spacing,2,Tank Spacing,2043,2199,23,55,Process-Piping-Design-Rip-Weaver-Volume-1.html#SEC-PPDRWV1-0065,79011c1739ad,True,False,False,,3-1;3-2;3-3;3-4;3-5;3-6;3-7;3-8,,Process-Piping-Design-Rip-Weaver-Volume-1_p0053_tbl01;Process-Piping-Design-Rip-Weaver-Volume-1_p0054_tbl01;Process-Piping-Design-Rip-Weaver-Volume-1_p0055_tbl01;Process-Piping-Design-Rip-Weaver-Volume-1_p0055_tbl02,"Soil removed from the hilltop is utilized as tank dike material or for leveling sublevels.  ---  ![Figure 3-1. Refinery block plot plan.](figures/Process-Piping-Design-Rip-Weaver-Volume-1_p0047_fig01_refinery-block-plot-plan.png)  ---  # Plant Arrangement, Storage Tanks  ## Block Plot Plan  After the site topography has been established and the preliminary soil report has been studied, the plot designer is ready to make a block plot plan. When the plant site is flat and soil conditions are good, the designer needs to know the quantity and size of the tanks, location of access highways, railroads, barge or ship docks, prevailing wind direction and the area's climatic conditions. If there are incoming utilities such as purchased electrical power or process water, these locations may affect the plot layout.  Figure 3-1 is a block plot plan for a refinery. To develop this, the designer must:  1. Establish plot limits 2. Define process units and area required 3. Estimate storage dike areas 4. Know and allow for plant expansion 5. Locate waste treating at lowest elevation 6. Locate process units on best soil 7. Locate reruns storage near process units 8. Locate truck, rail and pipe line sales near roads, railroads or existing pipe line tie-in point 9. Locate product blending near sales area 10. Locate product tanks near product blending 11. Keep plant road system in mind 12. Locate utilities generation near process units 13. Keep in mind the cooling tower and electrical substation location  These blocked areas are estimated and located in relation to each other within the plot limits. When this is approved the designer must establish the actual space requirements for each block.  ## The Process Block  To determine the space required for the process units one must know what units are to be built, the general capacity of each unit and the flow between units. This data can be obtained from the process engineer.  Figure 3-2 is the block plot plan for the process area of Figure 3-1. The crude oil is pumped from the crude storage tanks to the crude unit so this process unit is to be located near the crude storage area. The interconnecting pipeway routes both process and utility lines to the different units. By establishing this blocked area, the designer is ready to set the sizes of each process unit, the unit pipeway area, the interconnecting pipeway size and finally the required plot size for all the process units. Tentatively set are the junctions to the interconnecting pipeway for the crude storage, other storage and utilities generation.  ## Storage Tanks  To establish plot areas for storage tanks the designer must have a fairly good knowledge of tanks, how they are designed and when to use what type as well as operation and maintenance procedures.  Tanks for storing liquids at atmospheric pressure are built in two basic styles, floating roof design where the roof floats on top of the liquid rising and falling with the level, and the cone roof design where the roof is fixed.  ## Cone Roof Design  Figure 3-3 is a cone roof tank of 200' in diameter and 48' in shell height, storing 368,000 barrels. The size of large tanks is limited by the plate thickness of the bottom course, which should not exceed 1½"". By using special high-strength steels, it is possible to use large tanks without exceeding this maximum plate thickness.  Soil conditions and cost of land are economic factors in the selection of tank diameters. With very poor soil, tanks with low shell height but larger diameters usually are more economical than high shell with smaller diameter because the higher the shell, the greater the head pressure on the soil. If the pressure becomes greater than the soil allowable bearing pressure, pile-supported foundations will be necessary and this is very expensive.  ---  ![Figure 3-2. Process area block plot plan. \(Rotated 90° counterclockwise\)](figures/Process-Piping-Design-Rip-Weaver-Volume-1_p0049_fig01_process-area-block-plot-plan.png)  A block plot plan showing process units arranged vertically with pipeways and roads between them, and an inter-connecting pipeway running along the right side. The layout from top to bottom:  - CRUDE UNIT - UNIT PIPEWAY - VACUUM UNIT - ROAD - REFORMING UNIT - UNIT PIPEWAY - HYDROCRACKING UNIT - ROAD - LIGHT ENDS RECOVERY - UNIT PIPEWAY - TREATING UNITS  An INTER-CONNECTING PIPEWAY runs vertically along the right side of the entire arrangement.  ---  ![Figure 3-3. Cone roof tank. Courtesy of Chicago Bridge and Iron Co.](figures/Process-Piping-Design-Rip-Weaver-Volume-1_p0050_fig01_cone-roof-tank-chicago-bridge-iron.png)  Piling is to be avoided, but there are times when there is no choice. If land is very costly or just is not available, it is justifiable to construct high shells and utilize the expensive piling.  Figure 3-4 shows a ""pancake"" tank design, 200' in diameter but only 14' for the shell height, providing 78,000 barrels of storage on ""marshy"" soil unable to support conventional tank height without elaborate pile foundations.  Large cone roof tanks usually have columns to support the roofs with a roof slope of ¾"" to 1½"". Since these roofs are fixed, there is always a vapor space above the liquid. These tanks must be vented to the atmosphere and quite often the loss of this vapor is so extensive that it warrants specifying the more expensive floating roof design.  ## Floating Roof Design  For storing volatile liquids, floating roof storage tanks have three distinct advantages. They reduce evaporation loss, greatly increase safety from fire and minimize air pollution. Figure 3-5 shows how the floating roof (a) eliminates filling loss, (b) reduces breathing loss and (c) provides effective fire protection and lightning safety.  ---  ![Figure 3-4. Cone roof ""pancake"" tank. Courtesy of Chicago Bridge and Iron Co.](figures/Process-Piping-Design-Rip-Weaver-Volume-1_p0051_fig01_cone-roof-pancake-tank.png)  ![Figure 3-5. Floating versus cone roof design. The floating roof, by minimizing vapor space, eliminates filling loss \(a\), reduces breathing loss \(b\), and provides effective fire protection and lightning safety \(c\). It also inhibits roof and shell corrosion. Courtesy of Chicago Bridge and Iron Co.](figures/Process-Piping-Design-Rip-Weaver-Volume-1_p0051_fig02_floating-versus-cone-roof-design.png)  ---  ![Figure 3-6. Pontoon roof design tank. The pontoon roof has a compartmented annular ring of pontoons and a single deck. Courtesy of Chicago Bridge and Iron.](figures/Process-Piping-Design-Rip-Weaver-Volume-1_p0052_fig01_pontoon-roof-design-tank.png)  Figure 3-6 depicts the pontoon roof design. This has a compartmented annular ring of pontoons and a single - deck - center. The most expensive design is the double-deck roof which has two complete decks with an insulating air space between, which makes it the most efficient of all floating roofs for handling the more volatile liquids.  Why do people specify the more expensive floating roof tank when the cone roof is more economical? In terms of economy only, consider an 80,000 barrel cone roof tank in average service. In normal operation it will lose 2700 barrels of gasoline per year by evaporation. At 42 gallons per barrel that loss would be over 100,000 gallons a year, a very substantial loss. And over 90% of this loss is preventable with a floating roof design.  Table 3-1 gives data on storage tanks designed of standard steel in accordance with API Standard 650 for welded tanks.  Table 3-2 gives tank data for typical API Standard 650 welded oil storage tanks for Appendix D and high - stress design (Appendix G).  ## Tank Spacing  The National Fire Protection Association has published several volumes of recommended practice concerning fire protection. Volume 1, Flammable Liquids, pertains to liquids and supply guidelines for storage tank location, spacing and dike requirements. The following text and tables comply with the NFPA recommendations.  Liquids are divided int"
SEC-PPDRWV1-0066,Process-Piping-Design-Rip-Weaver-Volume-1,PPDRWV1,Tank Dike Regulations,2,Tank Dike Regulations,2200,2203,23,23,Process-Piping-Design-Rip-Weaver-Volume-1.html#SEC-PPDRWV1-0066,28268469a815,True,False,False,,,,,"| 34,200 | 90-0 | 48-0 | | .471 | | .408 | 1¼ | ¼ | | 3×3×¼ | | 22,430 | 90-0 | 48-0 | | .482 | | | | | | 3×3×¼ | | 57,225 | 100-0 | 48-0 | | .499 | .413 | .456 | | ¼ | | 3×3×¼ | | 57,770 | 110-0 | 40-0 | 533,800 | .737 | .613 | .498 | .368 | 1 | | 3×3×¼ |"
SEC-PPDRWV1-0067,Process-Piping-Design-Rip-Weaver-Volume-1,PPDRWV1,"Plant Arrangement, Storage Tanks",2,"Plant Arrangement, Storage Tanks",2204,2327,23,60,Process-Piping-Design-Rip-Weaver-Volume-1.html#SEC-PPDRWV1-0067,cbd95f956feb,True,False,False,3-7;3-8,3-5;3-6;3-7;3-8;3-9,,Process-Piping-Design-Rip-Weaver-Volume-1_p0056_tbl01;Process-Piping-Design-Rip-Weaver-Volume-1_p0056_tbl02;Process-Piping-Design-Rip-Weaver-Volume-1_p0057_tbl01;Process-Piping-Design-Rip-Weaver-Volume-1_p0058_tbl01;Process-Piping-Design-Rip-Weaver-Volume-1_p0058_tbl02;Process-Piping-Design-Rip-Weaver-Volume-1_p0059_fig01;Process-Piping-Design-Rip-Weaver-Volume-1_p0060_fig01,"| 72,110 | 110-0 | 48-0 | | .729 | .522 | .441 | .368 | 1 | | 3×3×¼ | | 100,470 | 114-0 | 40-0 | 744,200 | .472 | .422 | .460 | | ¼ | | 3×3×¼ | | 104,670 | 120-0 | 40-0 | | .473 | .422 | .460 | .450 | ¼ | | 3×3×¼ | | 108,870 | 130-0 | 40-0 | | .473 | .472 | .460 | .450 | ¼ | | 3×3×¼ | | 131,893 | 120-0 | 48-0 | | 1.025 | .650 | .677 | .693 | | ¼ | 3×3×¼ | | 144,300 | 120-0 | 48-0 | 1,023,750 | 1.025 | .871 | .693 | .450 | 1¼ | | 3×3×¼ | | 180,333 | 150-0 | 48-0 | | 1.025 | .827 | .793 | | | | 3×3×¼ | | 198,333 | 150-0 | 56-0 | | 1.231 | .921 | .871 | | 1¼ | | 3×3×¼ | | 220,000 | 150-0 | 56-0 | 1,373,500 | 1.024 | 1.033 | 1.134 | 1.150 | | | 3×3×¼ |  Source: Chicago Bridge and Iron Co.  Manholes provided in roof for vent and vapor inlet and outlet connections in shell. Plate weights include stairway, roof and shell manholes, connections in roof for vent and vapor inlet and outlet connections in shell. Plate thicknesses shown are for eight feet wide rings, but ring widths and plate thicknesses may vary to suit available stock. Standard tanks are furnished with shell plates conforming to the latest edition of ASTM Specification A283, grade C.  ---  > **Table - Table 3-2 API Standard 650 Tanks for High Stress Design For Appendix D and Appendix G** - see [XLSX](tables/Process-Piping-Design-Rip-Weaver-Volume-1_p0054_tbl01_api-650-tanks-high-stress-design-appendi.xlsx) and [source crop](tables/Process-Piping-Design-Rip-Weaver-Volume-1_p0054_tbl01_api-650-tanks-high-stress-design-appendi.png)  **Table 3-2** **API Standard 650 Tanks for High Stress Design** **For Appendix D and Appendix G**  Weight is Pounds for 0.85 Product Specific Gravity — Weight Includes ¼"" Bottom, ⅜"" Roof, and Cantilevered Roof Framing  | Capacity in Barrels Exact | Tank Dimensions in Feet | | Appendix D Design | | High Stress Design (App. G) | | | :--- | :---: | :---: | :---: | :---: | :---: | :---: | | | Diameter | Height | No Corrosion Allowance (See Note 2) | With ⅛"" Corrosion Allowance | No Corrosion Allowance (See Note 2) | With ⅛"" Corrosion Allowance | | 42,970 | 80-0 | 48-0 | 278,200 | 288,600 | — | — | | 50,130 | 80-0 | 56-0 | 321,000 | 334,000 | — | — | | 67,140 | 100-0 | 48-0 | 412,200 | 427,200 | — | — | | 78,330 | 100-0 | 56-0 | 479,000 | 496,400 | — | — | | 96,690 | 120-0 | 48-0 | 596,800 | 614,800 | — | — | | 112,800 | 120-0 | 56-0 | 693,200 | 710,000 | — | — | | 131,600 | 140-0 | 48-0 | 800,200 | 814,800 | — | — | | 153,500 | 140-0 | 56-0 | 931,300 | 952,000 | — | — | | 171,900 | 160-0 | 48-0 | 1,037,000 | 1,051,000 | — | — | | 200,500 | 160-0 | 56-0 | 1,209,000 | 1,222,000 | — | — | | 217,200 | 180-0 | 48-0 | 1,304,000 | 1,321,000 | — | — | | 253,800 | 180-0 | 56-0 | 1,520,000 | 1,538,000 | — | — | | 268,600 | 200-0 | 48-0 | 1,599,000 | 1,617,000 | — | — | | 313,300 | 200-0 | 56-0 | 1,867,000 | 1,885,000 | — | — | | 334,000 | 220-0 | 48-0 | 1,940,000 | 1,935,000 | 1,762,000 | 1,778,000 | | 379,100 | 220-0 | 56-0 | 2,266,000 | 2,279,000 | 2,013,000 | 2,029,300 | | 387,000 | 240-0 | 48-0 | 2,301,000 | 2,316,000 | 2,086,000 | 2,101,000 | | 451,200 | 240-0 | 56-0 | 2,669,000 | 2,667,000 | 2,385,000 | 2,403,000 | | 453,500 | 260-0 | 48-0 | 2,691,000 | 2,705,000 | 2,438,000 | 2,452,000 | | 526,000 | 280-0 | 48-0 | 3,112,000 | 3,124,000 | 2,792,000 | 2,805,000 | | 529,200 | 260-0 | 56-0 | See Note 1 | — | 2,793,000 | 2,803,000 | | 604,000 | 300-0 | 48-0 | — | — | 3,204,000 | 3,216,000 | | 614,000 | 280-0 | 56-0 | — | — | 3,199,000 | 3,209,000 | | 672,500 | 293-0 | 56-0 | — | — | 3,505,000 | 3,517,000 | | 687,500 | 320-0 | 48-0 | — | — | 3,634,000 | 3,643,000 | | 703,000 | 300-0 | 56-0 | — | — | See Note 1 | See Note 1 | | 776,000 | 340-0 | 48-0 | — | — | 4,092,000 | 4,102,000 | | 769,600 | 343-0 | 48-0 | — | — | 4,163,000 See Note 1 | 4,173,000 See Note 1 |  *Source: Chicago Bridge and Iron Co.*  1) Maximum tank size limited by 1⅝"" maximum plate thickness. 2) The design of tank shells storing products with a specific gravity of 0.91 or less is governed by the hydrostatic test (provided no corrosion allowance is added). 3) Type of steel applied for App. D design varies with design metal temperature specified. Either ASTM A283 Grade C, ASTM A131 Grade A, B, or C, or ASTM A131 Grade C, Normalized. In cold climates, the higher cost of the quality steel required may offset any anticipated saving from weight reduction when compared with an Appendix G A-500 shell design. 4) For certain tank sizes, circumferential stiffening rings are not mandatory for Appendix D design but are recommended by CB&I. 5) The high stress design uses high strength steels having a minimum tensile strength of 70,000 psi, a minimum yield of 50,000 psi, and the improved notch-toughness. The use of high strength steels makes it possible to build larger tanks without exceeding 1⅝"" plate thickness. The weight of circumferential windgirders is included in the Appendix G design. (Basis of 100 mph wind).  ---  > **Table - Table 3-3 Tank Liquids Classification** - see [XLSX](tables/Process-Piping-Design-Rip-Weaver-Volume-1_p0055_tbl01_tank-liquids-classification.xlsx) and [source crop](tables/Process-Piping-Design-Rip-Weaver-Volume-1_p0055_tbl01_tank-liquids-classification.png)  **Table 3-3** **Tank Liquids Classification**  | Class | Type | Description | | :--- | :--- | :--- | | Class I | Flammable Liquid | Flash point below 100°F and vapor pressure not exceeding 40 psia at 100°F | | Class IA | Flammable Liquid | Flash point below 73°F, boiling point below 100°F | | Class IB | Flammable Liquid | Flash point below 73°F, boiling point 100°F or above | | Class IC | Flammable Liquid | Flash point 73°F or above but below 100°F | | Class II | Flammable Liquid | Flash point below 140°F but at or above 100°F | | Class III | Combustible Liquid | Flash point above 140°F but below 200°F | | No Class | Unstable Liquid | Will polymerize, decompose, condense or become self-reactive under shock, temperature or pressure | | No Class | — | Liquids with boilover characteristics such as crude oil |  > **Table - Table 3-4 Restrictions for Conditions of Storage** - see [XLSX](tables/Process-Piping-Design-Rip-Weaver-Volume-1_p0055_tbl02_restrictions-conditions-of-storage.xlsx) and [source crop](tables/Process-Piping-Design-Rip-Weaver-Volume-1_p0055_tbl02_restrictions-conditions-of-storage.png)  **Table 3-4** **Restrictions for Conditions of Storage**  | | Description | | :--- | :--- | | Condition 1 | Class I through III liquids stored below 2.5 psig or equipped with emergency venting which will not permit pressure to exceed 2.5 psig. Use Table 3-5. | | Condition 2 | Class I through III liquids stored above 2.5 psig or equipped with emergency venting which will permit pressure to exceed 2.5 psig. Use Table 3-6. | | Condition 3 | Unstable liquids. Use Table 3-7. | | Condition 4 | Liquids with boilover characteristics. Use Table 3-8. |  1. Three feet minimum distance between any two flammable or combustible liquid storage tanks. 2. Minimum distance between adjacent tanks (all services except unstable liquids or crude in production areas), 1/6 the sum of their diameters; unless one tank is less than ½ the diameter of the other tank, spacing shall be ½ the diameter of the smaller tank. 3. Crude Petroleum in production areas-minimum spacing: capacity under 3000 barrels–3'; capacity over 3000 barrels–diameter of smaller tank. 4. Unstable flammable or combustible liquid-½ the sum of tank diameters. 5. Local authorities (fire protection, insurance, etc.) may require greater spacing for grouped tankage (3 or more rows or irregular pattern) to allow access for fire fighting. 6. LPG Containers (Liquefied Petroleum Gas)    6.1 20' minimum spacing to flammable or combustible liquid tank    6.2 When adjacent flammable or combustible liquid tanks are diked, LPG containers shall be a minimum of 10' outside centerline of dike. Suitable means shall be taken to prevent accumulation of flammable liquid under LPG tanks (dikes, curbs or grading is acceptable"
SEC-PPDRWV1-0068,Process-Piping-Design-Rip-Weaver-Volume-1,PPDRWV1,Storage Tank Design,2,Storage Tank Design,2328,2349,23,62,Process-Piping-Design-Rip-Weaver-Volume-1.html#SEC-PPDRWV1-0068,9a22a470a277,True,False,False,3-10;3-5,,,Process-Piping-Design-Rip-Weaver-Volume-1_p0061_fig01;Process-Piping-Design-Rip-Weaver-Volume-1_p0062_fig01,"| Horizontal and vertical, with emergency relief venting to limit pressures to 2.5 psig | Approved inerting system on the tank or approved foam system on vertical tanks | ¾ times Table 3-9 but not less than 5' | ¾ times Table 3-9 but not less than 5' | | | Protection for exposures* | Table 3-9 | Table 3-9 | | | No protection | Twice Table 3-9 | Twice Table 3-9 |  \*Protection for exposures shall mean fire protection for structures on property adjacent to tanks. When acceptable to the authority having jurisdiction, such structures located (1) within the jurisdiction of any public fire department or (2) within or adjacent to plants having private fire brigades shall be considered as having adequate protection for exposures.  > **Table - Table 3-6 Tank Spacing Table—Condition 2** - see [XLSX](tables/Process-Piping-Design-Rip-Weaver-Volume-1_p0056_tbl02_table-3-6-tank-spacing-condition-2.xlsx) and [source crop](tables/Process-Piping-Design-Rip-Weaver-Volume-1_p0056_tbl02_table-3-6-tank-spacing-condition-2.png)  **Table 3-6** **Tank Spacing Table—Condition 2**  | Type of Tank | Protection | Minimum Distance (Feet) from Property Line Which May Be Built On, Including the Opposite Side of a Public Way | Minimum Distance (Feet) from Nearest Side of Any Public Way | | :--- | :--- | :--- | :--- | | Any type | Protection for exposures | 1½ times Table 3-9 but shall not less than 25' | 1½ times Table 3-9 but not less than 25' | | | No protection | 3 times Table 3-9 but not less than 50' | 1½ times Table 3-9 but not less than 25' |  ---  > **Table - Table 3-7 Tank Spacing Table—Condition 3** - see [XLSX](tables/Process-Piping-Design-Rip-Weaver-Volume-1_p0057_tbl01_tank-spacing-table-condition-3.xlsx) and [source crop](tables/Process-Piping-Design-Rip-Weaver-Volume-1_p0057_tbl01_tank-spacing-table-condition-3.png)  **Table 3-7** **Tank Spacing Table—Condition 3**"
SEC-PPDRWV1-0069,Process-Piping-Design-Rip-Weaver-Volume-1,PPDRWV1,A Refinery,2,A Refinery,2350,2363,23,23,Process-Piping-Design-Rip-Weaver-Volume-1.html#SEC-PPDRWV1-0069,622609e362bb,True,False,False,3-9,,,,"| Type of Tank | Protection | Minimum Distance (Feet) from Property Line Which May Be Built On, Including the Opposite Side of a Public Way | Minimum Distance (Feet) from Nearest Side of Any Public Way | | :--- | :--- | :--- | :--- | | Horizontal and vertical tanks with emergency relief venting to permit pressure not in excess of 2.5 psig | Tank protected with any one of the following: Approved water spray, Approved inerting, Approved insulation and refrigeration, Approved barricade | Table 3-9 but not less than 25' | Not less than 25' | | | Protection for exposures | 2½ times, Table 3-9 but not less than 50' | Not less than 50' | | | No Protection | 5 times Table 3-9 but not less than 100' | Not less than 100' | | Horizontal and vertical tanks with emergency relief venting to permit pressure over 2.5 psig | Tank protected with any one of the following: Approved water spray, Approved inerting, Approved insulation and refrigeration, Approved barricade | Twice Table 3-9 but not less than 50' | Not less than 50' | | | Protection for exposures | 4 times Table 3-9 but not less than 100' | Not less than 100' | | | No protection | 8 times Table 3-9 but not less than 150' | Not less than 150' |  are usually specified by the designer; however, concrete wall dikes are sometimes used where plot costs are high or where earth fill material is either expensive or just not available. Dike requirements are generally specified by the customer, local regulatory bodies or, if neither of them have established specifications, the minimum noted below may be used:  1. The area surrounding a tank or group of tanks shall be provided with either drainage or dikes to protect adjacent property and waterways (from a rupture and/or spill) unless the jurisdictional authority has waived this requirement (which never happens). 2. Drainage system shall comply with the following:"
SEC-PPDRWV1-0070,Process-Piping-Design-Rip-Weaver-Volume-1,PPDRWV1,Exercise,2,Exercise,2364,2378,23,63,Process-Piping-Design-Rip-Weaver-Volume-1.html#SEC-PPDRWV1-0070,1640ba57f757,True,False,False,3-10;3-11,,,Process-Piping-Design-Rip-Weaver-Volume-1_p0063_fig01,"2.1. Slope not less than 1% away from the tank toward the drainage system. 2.2. Drainage system shall terminate in vacant land or impounding basin having minimum capacity of the largest tank served. 2.3. The terminating area and the route of the drainage system shall be so located that burning liquids in the system will not seriously expose tanks or adjacent property. 2.4. The drainage system, including drainage pumps, shall not discharge to adjoining property, natural water courses, public sewers or public drains unless no hazard is constituted or its design does not per-  ---  > **Table - Table 3-8 Tank Spacing Table—Condition 4** - see [XLSX](tables/Process-Piping-Design-Rip-Weaver-Volume-1_p0058_tbl01_tank-spacing-table-condition-4.xlsx) and [source crop](tables/Process-Piping-Design-Rip-Weaver-Volume-1_p0058_tbl01_tank-spacing-table-condition-4.png)  **Table 3-8** **Tank Spacing Table—Condition 4**  | Type of Tank | Protection | Minimum Distance (Feet) from Property Line Which May Be Built On, Including the Opposite Side of a Public Way | Minimum Distance (Feet) from Nearest Side of Any Public Way | | :--- | :--- | :--- | :--- |"
SEC-PPDRWV1-0071,Process-Piping-Design-Rip-Weaver-Volume-1,PPDRWV1,Diked Area Drainage,2,Diked Area Drainage,2379,2384,23,23,Process-Piping-Design-Rip-Weaver-Volume-1.html#SEC-PPDRWV1-0071,7949d4ecacb1,True,False,False,3-11,,,,| Floating roof | Protection for exposures | Diameter of tank but need not exceed 175' | 1/3 times diameter of tank but need not exceed 60' | | Floating roof | No protection | Twice diameter of tank but need not exceed 350' | 1/3 times diameter of tank but need not exceed 60' | | Fixed roof | Approved foam or inerting system | Diameter of tank but need not exceed 175' | 1/3 times diameter of tank but need not exceed 60' | | Fixed roof | Protection for exposures | Twice diameter of tank but need not exceed 350' | 2/3 times diameter of tank but need not exceed 120' | | Fixed roof | No protection | 4 times diameter of tank but need not exceed 350' | 2/3 times diameter of tank but need not exceed 120' |
SEC-PPDRWV1-0072,Process-Piping-Design-Rip-Weaver-Volume-1,PPDRWV1,Storage Tank Piping,2,Storage Tank Piping,2385,2398,23,64,Process-Piping-Design-Rip-Weaver-Volume-1.html#SEC-PPDRWV1-0072,c47a3286e933,True,False,False,3-12,,,Process-Piping-Design-Rip-Weaver-Volume-1_p0064_fig01,"> **Table - Table 3-9 Tank Spacing Table Reference from Tables 3-5 through 3-8** - see [XLSX](tables/Process-Piping-Design-Rip-Weaver-Volume-1_p0058_tbl02_tank-spacing-table-reference-3-5-through.xlsx) and [source crop](tables/Process-Piping-Design-Rip-Weaver-Volume-1_p0058_tbl02_tank-spacing-table-reference-3-5-through.png)  **Table 3-9** **Tank Spacing Table Reference** **from Tables 3-5 through 3-8**  | Capacity Tank (Gallons) | Minimum Distance (Feet) from Property Line Which May Be Built On, Including the Opposite Side of a Public Way | Minimum Distance (Feet) from Nearest Side of Any Public Way | | :--- | :---: | :---: | | 275 or less | 5 | 5 | | 276 to 750 | 10 | 5 | | 751 to 12,000 | 15 | 5 | | 12,001 to 30,000 | 20 | 5 | | 30,001 to 50,000 | 40 | 10 | | 50,001 to 100,000 | 50 | 15 |"
SEC-PPDRWV1-0073,Process-Piping-Design-Rip-Weaver-Volume-1,PPDRWV1,Foam Protection System,2,Foam Protection System,2399,2406,23,23,Process-Piping-Design-Rip-Weaver-Volume-1.html#SEC-PPDRWV1-0073,3be3c5674423,True,False,False,,,,,"| 100,001 to 500,000 | 80 | 25 | | 500,001 to 1,000,000 | 100 | 35 | | 1,000,001 to 2,000,000 | 135 | 45 | | 2,000,001 to 3,000,000 | 165 | 55 | | 3,000,001 or more | 175 | 60 |  ---"
SEC-PPDRWV1-0074,Process-Piping-Design-Rip-Weaver-Volume-1,PPDRWV1,Chapter 3,2,Chapter 3,2407,2408,23,23,Process-Piping-Design-Rip-Weaver-Volume-1.html#SEC-PPDRWV1-0074,8f23b2a959cf,True,False,False,,,,,![Figure 3-7. Typical dike design.](figures/Process-Piping-Design-Rip-Weaver-Volume-1_p0059_fig01_typical-dike-design.png)
SEC-PPDRWV1-0075,Process-Piping-Design-Rip-Weaver-Volume-1,PPDRWV1,Review Test,3,Review Test,2409,2430,23,23,Process-Piping-Design-Rip-Weaver-Volume-1.html#SEC-PPDRWV1-0075,1d13628280df,True,False,False,,,,,"mit flammable or combustible liquids to be released. (Note: this implies the requirement of separator facilities in all but the most remote locations)  3. Diked areas shall comply with the following when protection of adjoining property is accomplished by retaining the liquid around the tank with dikes:    - 3.1. For other than crude petroleum tanks with fixed roofs, the minimum capacity of the diked area shall be not less than can be released from the largest full tank. (Diked area capacity not to include capacity of enclosed tanks (other than the largest tank) below height of the dike.)    - 3.2. For crude petroleum tank or group of tanks *with fixed roofs*, minimum diked area capacity shall be the full capacity of the tank or tanks enclosed. (Diked area capacity not to include capacity of enclosed tanks below the height of the dike.)    - 3.3. Dike construction requirements:      - 3.3.1. Maximum average height of 6' above interior grade.      - 3.3.2. Earthen walls over 3' high shall have 2' wide flat section at the top.      - 3.3.3. Slope consistent with the angle of repose of the material.      - 3.3.4. Drains from diked areas to be located at most remote location from tank, controlled to prevent flamma-  ble or combustible materials from entering adjacent property, natural waterways or public drains and sewers.  3.4 Diked areas containing two or more tanks shall be subdivided by drainage channels or curbs to prevent spills from endangering adjacent tanks within the diked area as follows:    - 3.4.1. Normally stable liquids in:      - a. Cone roof tank with weak roof to shell seam.      - b. Floating roof tanks      - c. Crude petroleum in production areas-any type tanks:        - i subdivision for each tank in excess of 10,000 barrel capacity        - i subdivision for each group of tanks (no tank exceeding 10,000 barrel) having aggregate capacity not exceeding 15,000 barrel capacity    - 3.4.2. Normally stable liquid in tanks not covered in 3.4.1:      - i subdivision for each tank in excess of 100,000 gallons capacity (2500 barrels)"
SEC-PPDRWV1-0076,Process-Piping-Design-Rip-Weaver-Volume-1,PPDRWV1,4 Process Unit Plot Plans,1,4 Process Unit Plot Plans,2431,2436,23,23,Process-Piping-Design-Rip-Weaver-Volume-1.html#SEC-PPDRWV1-0076,de478b41a997,True,False,False,,,,,"- i subdivision for each group of tanks (no tank exceeding 100,000 gallons) having aggregate capacity not exceeding 150,000 gallons (3570 barrels)  ---  ![Figure 3-8. Truck access into diked area.](figures/Process-Piping-Design-Rip-Weaver-Volume-1_p0060_fig01_truck-access-diked-area.png)"
SEC-PPDRWV1-0077,Process-Piping-Design-Rip-Weaver-Volume-1,PPDRWV1,Equipment Plot Plan,2,Equipment Plot Plan,2437,2468,23,67,Process-Piping-Design-Rip-Weaver-Volume-1.html#SEC-PPDRWV1-0077,da844d78c4c8,True,False,False,4-1;6.1,,,Process-Piping-Design-Rip-Weaver-Volume-1_p0067_fig01,"3.4.3. Unstable liquid-any type tank-1 subdivision each tank (exception-tanks protected by water spray system per NFPA No. 15 require no additional subdivision) (Subdivision by drainage channels is preferred). 3.4.4. Curbs shall be not less than 18"" high.  Figure 3-7 shows a typical earthen dike design. Item A should be 2'0"" minimum with 3'0"" preferred for tall dikes. Item B is the freeboard and should be 1'0"" minimum for crude oil for boilover wave. Tanks holding other commodities require no freeboard. C is a 1'0"" layer of clay that prevents penetration of liquid through the bank. Top soil and grass should be applied above this clay blanket to prevent erosion.  The slope of the dike wall should match the angle of repose of the area's soil. A slope of 1½ to 1 is depicted as a design guide and may be used until actual soil data is known.  Many authorities will demand truck access into the tank's diked areas for fire fighting. When large pumps are located within the diked area, truck access also is necessary. Some customers require truck access for general maintenance. Figure 3-8 shows how to design the truck access. Ramp slope is 10% maximum, or 1' to 10'.  ## Storage Tank Design  In many companies the design of atmospheric storage tanks rests with the piping designer since it is a nonprossure vessel. It then becomes his task not only to orient the nozzles but to specify the tank materials and sizes. To do this he must have more than a passing knowledge of tank design and material specifications.  Tank materials for hydrocarbon service are divided into three basic types: intermediate strength steels such as ASTM A285-C for general service (also ASTM A516 for atmospheric and low-temperature service and ASTM A515 for intermediate and higher temperature service), high-yield strength steels used for larger and taller tanks to keep shell thicknesses to a minimum (ASTM A514 and A517) and the low-temperature steels used for a pressure-containing tank (ASTM A537). Water tanks are specified usually as A283-C, a low grade steel.  Before specifying the material, the designer must consider that the higher strength steels will cost more per pound. Freight will be less but how much less will depend on the plant location. By utilizing the higher allowable stresses, the shell wall thickness is reduced. Base plate, roof and framing are not affected. Any corrosion allowance specified  ---  ![Figure 3-5. Aerial view of Shuley Petroleum's refinery and storage. Courtesy of Chevron Design and Construction.](figures/Process-Piping-Design-Rip-Weaver-Volume-1_p0061_fig01_aerial-view-shuley-petroleum-refinery-st.png)  Land utilization of the refinery has been made more efficient. Before adequate methods of controlling the storage and handling of liquid petroleum products were developed, the land area used for the storage usually was kept from 60 to 100 feet from the other tanks, away from process equipment, and piping and valves were installed by different methods.  Now and in the future, the demands are more severe and the available land is at a premium. In the refinery design, the tanks may be placed and the piping may be installed in a more orderly fashion. The piped-out area, made possible by modern refinery process controls, is much more compact.  The installation of the individual tanks at the proper distances from each other is set by the requirements of the refinery or is established by the authorities having jurisdiction.  Adequate facilities for the entire installation must be provided by the engineer, including the water required to cool the storage and process equipment in the event of fire. The spacing must be determined on the basis of the experience and judgment of the engineer, which includes consideration of the safety of the plant personnel and the neighborhood, and the requirement that the installation be operated in the most efficient and economical manner.  For spacing of tanks from each other and from the boundaries of the plant, refinery tanks from property lines, and tanks from process equipment, the engineer must consider the nature and flash points of the materials to be stored, the size of the tanks, the nature of the protection provided for the tanks, the methods of operation of the plant, and the nature and proximity of surrounding properties and structures.  ---"
SEC-PPDRWV1-0078,Process-Piping-Design-Rip-Weaver-Volume-1,PPDRWV1,Laying Out the Plot Plan,2,Laying Out the Plot Plan,2469,2575,23,72,Process-Piping-Design-Rip-Weaver-Volume-1.html#SEC-PPDRWV1-0078,a9d62dda3a62,True,False,False,4-2;4-3;4-4,,,Process-Piping-Design-Rip-Weaver-Volume-1_p0069_fig01;Process-Piping-Design-Rip-Weaver-Volume-1_p0071_fig01;Process-Piping-Design-Rip-Weaver-Volume-1_p0072_fig01,"![Figure 3-10. Crude tank dikes.](figures/Process-Piping-Design-Rip-Weaver-Volume-1_p0062_fig01_crude-tank-dikes.png)  ## A Refinery  Figure 3-9 is an aerial view of British Petroleum's Vohburg refinery in West Germany where Chicago Bridge and Iron's German division built 161 tanks and vessels with an aggregate capacity of over 6.5 million barrels of storage. The refinery has a capacity of 100,000 barrels per day.  These tanks range in size from a small 10' diameter corrosion inhibitor tank to the large 168' in diameter Horton Floating Roof tanks used for crude oil storage. In this installation, 41 tanks are of the floating roof design, 112 are dome roof (or cone roof) and eight are spheres. Spheres are used to store propane, butane, propylene, and butylene under pressure.  In the foreground, the large crude tanks are located four to a unit with road access around the unit for the fire-fighting equipment. Large crude tanks are diked separately. It is usual practice to limit a diked area to 250,000 barrels.  In the center of the tank farm are the rerun and transfer storage tanks, unitized with like or similar commodities bunched together in one diked area. Further in the background are the product storage tanks, again unitized, with the LPG spheres in the far background, located near the product loading area for railroad.  The process units, right center, utilize two common stacks for all the fired heaters in the plant with the waste heat exhausting almost 500' high. Huge ducts, large enough to walk through, connect each heater to these stacks. (In most of Germany this type of design is required to try to keep the air as pollution free as possible.)  The Vohburg installation is considered a large refinery, however, there are many, over twice its size.  ## Exercise  A crude storage area has six floating roof storage tanks with a total storage capacity of 3,000,000 barrels. The soil bearing will allow a tank height of 56'-0"". What tank diameter is needed? (Tanks are the same diameter.)  ---  ![Figure 3-11. Diked area drainage plan.](figures/Process-Piping-Design-Rip-Weaver-Volume-1_p0063_fig01_diked-area-drainage-plan.png)  Refer to Figure 3-10 and supply the following:  1. Dimension A with 6'-0"" dike height. 2. Cubic yards of earth needed for dikes. 3. Dimension A with 5'-0"" dike height. 4. Cubic yards of earth needed for dikes. 5. Square feet of plot area saved with 6'-0"" dike. 6. If this oil has a specific gravity of 0.85, what is the head pressure on the tank's base plate with the tank full. Express in pounds per square foot.  ## Diked Area Drainage  Each diked area must be drained to rid the area of rainwater. Figure 3-11 shows how to design this drainage system. All gravity flow is directed toward the catch basin. Note that surface water is sloped away from the tanks (see tank A, which is typical). This is done to keep the tank supports as dry as possible. For very large diked areas, two catch basins may be required.  Coming from the catch basin a line is routed through the dike to a gate valve which is normally closed. This valve discharges to the storm water drain system. The valve is kept closed to contain the oil within the diked area in case of a rupture. After a rain, the valve is opened to drain off the surface water and is then closed again.  ## Storage Tank Piping  Each storage tank will have most of the following piping systems: inlet, outlet, overflow, manual drain, vent, steam if tank heating is necessary and possibly a foam system for fire fighting. The inlet and outlet nozzles are both located near the bottom of the tank.  The outlet goes to a ""booster pump""; a low-head, high-velocity pump that boosts the pressure enough to get it from the tank to the unit's ""charge pump."" If possible, the booster pump is to be located outside of the diked area. To keep this pump suction as short as possible, locate tanks closer to the dike near the pump. It is not necessary to have the tank in the middle of the diked area. Also, diked areas may be rectangular instead of square.  ---  ![Figure 3-12. Lap joint flange detail for tank settlement.](figures/Process-Piping-Design-Rip-Weaver-Volume-1_p0064_fig01_lap-joint-flange-detail-tank-settlement.png)  Since large diameter tanks have a tendency to settle on their foundations, provision must be made in the suction piping to take care of this settlement. This may require the use of expansion joints, victaulic couplings or a lap joint flange installation as shown in Figure 3-12. Here the piping to the tank outlet nozzle has a horizontal offset with two lap joint flanges installed. The offset would be several feet, depending on the calculated tank settlement. (The soil report will usually supply good data on anticipated tank settlement.)  With the design of lap joint flanges in the tank gradually settles, the lap joint stub end can rotate within the flange, maintaining its gasketed seal. It is good design to set the outlet nozzle higher than the line to the booster pump for a new installation. This dimension should be equal to the anticipated settlement so that the piping is horizontal after settlement occurs.  The API code for storage tanks gives detailed design data for nozzles such as projection, reinforcement, minimum dimension above base ring and manhole requirements. Location is the piping designer's responsibility but must comply with the code. Nozzles on the top head of cone roof tanks should be grouped together for ease of access. Handrails are to be provided around the tank edge for the protection of personnel who service these nozzles but shall be located only in the nozzles' vicinity. Shell nozzles are to be oriented to keep piping runs to a minimum. Manways at grade can be located almost any place. The target gage type level indicator must be located so it may be read from the operating aisle or roadway if in a diked area.  ## Foam Protection System  Many safety-conscious companies have a fire-fighting system called foam blanketing. This is usually specified only for cone roof tanks. Foam is a powder which, when mixed with the proper ratio of water, forms a foam resembling thick shampoo suds. It attaches itself to the walls of the tank and also floats, preventing air from getting to the flame and suffocates the fire.  Foam chambers are located inside the tanks, with foam piped to them from a central foam-mixing unit. When activated, a blanket of foam about 6"" thick will cover the tank liquid in a very few minutes and snuff the flame.  Foam connections are located at the very top of cone roof tanks. With tall tanks, many times an internal foam trough is specified which slopes from the nozzle to the bottom to keep the foam from a long fall which might damage it.  ---  ## Chapter 3  ### Review Test  1. Define ""onsite"" and ""offsite."" *Onsite: inside plot. Offsite: storage tank, loading, unloading facilities, pumps, the part of*  2. Which of the above should be located on the best soil and why? *Heavy, because the heaviest concentration of loads is present*  3. Give the two basic storage tank styles. *Floating and Cone roof*  4. Name two items that determine maximum storage tank height. *Soil bearing pressure, cost of*  5. Name three advantages of floating roof storage tanks. *Avoids breathing loss, heat loss, increases safety*  6. Define LPG. *Liquefied Petroleum Gas*  7. Maximum height of tank dikes is limited to \_\_*5*\_\_ *where where grades*  8. High strength tank steel saves weight and shell thickness. However, *all the same shell* and *erection* are not affected. *Thin Shell all require same base for all foundations*  9. Spheres are used to store *high to intermediate under pressure*  10. Define ""angle of repose."" \_\_\_\_\_\_\_\_\_\_\_\_\_\_\_\_\_\_\_\_\_\_\_\_\_\_\_\_\_\_\_\_\_\_\_\_\_  ---  # 4 Process Unit Plot Plans  The purpose of any drawing is to communicate information to the construction personnel, office people, customers and other interested parties. The equipment plot plan of"
SEC-PPDRWV1-0079,Process-Piping-Design-Rip-Weaver-Volume-1,PPDRWV1,Preliminary Plot Plan Dimensions,2,Preliminary Plot Plan Dimensions,2576,2615,23,74,Process-Piping-Design-Rip-Weaver-Volume-1.html#SEC-PPDRWV1-0079,1255cecbfde1,True,False,False,4-3;4-5,,,Process-Piping-Design-Rip-Weaver-Volume-1_p0074_fig01,"1.0 Clearances beneath main pipeway shall be 12'-0"" minimum. To maintain this, the bottom of pipe in the lower rack is only about 15'-0"" above the high point of the finished surface. 2.0 Clearance of 7'-6"" will be maintained for all lines inside buildings, miscellaneous lines in the process units and lines running over aisles and platforms. 3.0 Roadway clearance shall be 17'-6"" for main roads and 15'-0"" for secondary roads.  ---  ![Figure 6.1 Plot plan for process unit.](figures/Process-Piping-Design-Rip-Weaver-Volume-1_p0067_fig01_plot-plan-process-unit.png)  ---  4.0 Minimum horizontal clearance between equipment and/or piping shall be 2′-6″. Exception: clearance between exchanger flanges may be 1′-6″.  5.0 Main pipeway supports will be spaced evenly and at 20′-0″ maximum. Pickup supports shall be supplied for lines 2″ and below, supporting them from the larger lines.  6.0 For pipe coils supporting air coolers (fin-fans), 30′-0″ width is desirable. Air cooler tube length will be 32′-0″.  7.0 Locate pumps under the pipeway with the centerline of discharge 2′-0″ out from under the pipe rack (2′-0″ from centerline of rack columns).  8.0 There are two operating aisles, one under the pipe rack and one between the pumps and the equipment line. Control valve stations located 2′-0″ from the rack column centerline shall have their handwheels turned in under the rack.  9.0 Locate exchangers for adequate tube removal space at the channel end (referred to as the front end) and locate the back head on a line 8′-0″ from the pipe rack column centerline. This is called the equipment line.  10.0 Locate vertical vessels by locating the largest diameter vessel's OD on a line 2′-0″ away from the equipment line or 10′-0″ from the rack column centerline. Line up all other vertical vessels' centerlines with this one.  10.1 Horizontal vessel heads will line up with the equipment line.  ## Laying Out the Plot Plan  Most plot plans are first roughly sketched on the back of an old print to establish relative locations. Many designers use paper cut-outs, taping them to a scaled drawing of the plot area. The easiest method is to use a 1/8″ or 1/4″ scale model with a magnetized plot board. Once the plot plan has been completed it is photographed for record purposes and for customer approval.  Since a book cannot utilize a magnetized model or paper cut-outs, the rough sketch procedure will be explained. The following data is needed but does not have to be complete:  1. Process flow diagram for unit. 2. Plot size. 3. Rough equipment sizes. 4. Cooking location (off-plot or in unit); if in unit show the approximate size. 5. Location of off-plot main pipeway (for unit connections). 6. Which lines are alloy, large carbon steel or other, which must be kept as short as possible."
SEC-PPDRWV1-0080,Process-Piping-Design-Rip-Weaver-Volume-1,PPDRWV1,Plot Plan Exercise,2,Plot Plan Exercise,2616,2619,23,23,Process-Piping-Design-Rip-Weaver-Volume-1.html#SEC-PPDRWV1-0080,d41abaf6b1c4,True,False,False,4-2,,,,"For item 1, refer to Figure 4-2. This rough process flow diagram is a rough sketch made early by a process engineer to give the piping designer some idea of the equipment and the major piping involved. It is incomplete and subject to careful study by the designer laying out the plot plan. Some items the piping designer will consider are:  1. Pumps are shown as single units for P-1–P-6, but each unit is actually two pumps, the operating one and the spare. Common spares may be utilized later. 2. FF-1–FF-5, air coolers, should be located on the pipe rack. Equipment may be several cells, but the process engineer has given a hint by showing FF-4 as the largest one. We can guess that it is larger than the others but not necessarily just two cells."
SEC-PPDRWV1-0081,Process-Piping-Design-Rip-Weaver-Volume-1,PPDRWV1,Foundation Location Plan,2,Foundation Location Plan,2620,2625,23,23,Process-Piping-Design-Rip-Weaver-Volume-1.html#SEC-PPDRWV1-0081,38e0542f4e58,True,False,False,4-1;4-3;4-5;4-6,,,,"3. Vessel sizes are not known at this time. This is not important for relative locations of equipment but must be known to finalize equipment locations. A good rule of thumb is to consider all vessels as 96″ diameter for units with large throughput and 72″ for smaller units until sizes are determined. 4. Exchanger sizes are also unknowns. The reboiler E-2 is guessed as 72″ OD while other shell and tube units are considered as 36″ diameter. Estimate tube bundles of 20′-0″ length for E-1, E-3, and E-4. Figure 16′-0″ for the tube length of reboiler E-2. 5. Since F-1 and F-2 are pump-through type reboiler furnaces, it can be assumed that they are vertical type heaters about 20′-0″.  ---"
SEC-PPDRWV1-0082,Process-Piping-Design-Rip-Weaver-Volume-1,PPDRWV1,Excavation Plan,2,Excavation Plan,2626,2629,23,23,Process-Piping-Design-Rip-Weaver-Volume-1.html#SEC-PPDRWV1-0082,0eccc86ab17e,True,False,False,,,,,![Figure 4-2. Rough process flow diagram.](figures/Process-Piping-Design-Rip-Weaver-Volume-1_p0069_fig01_rough-process-flow-diagram.png)  ---
SEC-PPDRWV1-0083,Process-Piping-Design-Rip-Weaver-Volume-1,PPDRWV1,Flow Diagram Transposition,2,Flow Diagram Transposition,2630,2635,23,23,Process-Piping-Design-Rip-Weaver-Volume-1.html#SEC-PPDRWV1-0083,a4af0fbbc3b9,True,False,False,,,,,"diameter. Piping at reboiler heaters is usually all carbon steel so assume no alloy piping in the unit.  The plot plan designer knows to keep the fired heaters at a minimum of 50′-0″ from any piece of equipment containing hydrocarbon. The only exception to this is reactors, which are located about 20′-0″ from heaters to keep the alloy lines shorter. This unit has no reactors so this is not a consideration here.  Figure 4-3 is a plot plan for multiple process units. The dotted spaces indicate the future light ends unit, the equipment shown in Figure 4-2. The plot is sited at 60′ to 70′ with the fired heater area immediately south of the unit."
SEC-PPDRWV1-0084,Process-Piping-Design-Rip-Weaver-Volume-1,PPDRWV1,Piping Drawing Index,2,Piping Drawing Index,2636,2643,23,76,Process-Piping-Design-Rip-Weaver-Volume-1.html#SEC-PPDRWV1-0084,0a4ccad8bad2,True,False,False,4-1;4-6;4-7,,,Process-Piping-Design-Rip-Weaver-Volume-1_p0076_fig01,"This process area is well laid out with the fired heaters to the outside away from the units but with ample access. The units themselves have a common control building with easy access to all areas for the operators. The main pipeway will contain all utility, feed and product headers.  Figure 4-4 is a rough layout for the light ends unit plot plan. It is made freehand and to no scale. The existing rack is drawn and equipment is sketched in according to flow of the process streams. Note in Figure 4-2 that the flow goes from E-1 to preheat the T-1 feed liquid. So E-1 is located as the first piece of equipment on the plot.  The flow goes from E-1 to T-1, the fractionation tower, so it is placed next to E-1, leaving some room between them for operator walkway and, anticipating a large vessel working south of the T-1, ample room to keep the two foundations from touching. The reboiler, E-2, is located next to T-1. Since the liquid flows from T-1 base to the reboiler and blocking walkthrough access, reboilers are located close to towers and their back foundation usually rests on the tower octagon.  The overhead condenser E-3, is located next to E-2, since the overhead line will be oriented on the east side of T-1 and will be able to span across E-2 to E-3 shellside connection."
SEC-PPDRWV1-0085,Process-Piping-Design-Rip-Weaver-Volume-1,PPDRWV1,Equipment Setting,2,Equipment Setting,2644,2647,23,23,Process-Piping-Design-Rip-Weaver-Volume-1.html#SEC-PPDRWV1-0085,31e06ee0cbe7,True,False,False,,,,,"The next piece is the accumulator V-1, which is placed next to the condenser. This gives a complete system from E-1 to V-1 flowing in sequence.  The same philosophy is used for locating the other pieces of equipment. The only items out of sequence are the combined air coolers, FF-1, 2, 3 and 5. The largest duty will occur at FF-3, the overhead condenser. Consequently, its piping will be the most expensive, which governs its placement between T-2 and V-2. The air coolers (fin-fans) were not located on top of the pipe rack because there was no space left on the existing rack."
SEC-PPDRWV1-0086,Process-Piping-Design-Rip-Weaver-Volume-1,PPDRWV1,Fractionating Towers,3,Fractionating Towers,2648,2651,23,23,Process-Piping-Design-Rip-Weaver-Volume-1.html#SEC-PPDRWV1-0086,b51d77aaf1a6,True,False,False,,,,,"A small rack has been added to route process and utility lines to the new reboiler fired heater. This rack will have the two liquid lines to the reboiler and the return lines to the two towers T-2 and T-3, plus fuel oil, fuel gas, atomizing steam, snuffing steam, instrument air, plant air, water, waste and steam, and electrical conduits plus possibly the instrument tray, which carries the pneumatic signals to the control building.  The two heaters are located close together so that one ladder or stairway from grade can serve a platform system for both heaters. The operator can then check both heaters without having to go up and down and back up again. This design is often overlooked but is an initial savings and an operator convenience."
SEC-PPDRWV1-0087,Process-Piping-Design-Rip-Weaver-Volume-1,PPDRWV1,Exchangers,3,Exchangers,2652,2655,23,23,Process-Piping-Design-Rip-Weaver-Volume-1.html#SEC-PPDRWV1-0087,a66edb50c0a1,True,False,False,,,,,"Now the designer is ready to get the supervisor's approval on the sequence layout. With a critical eye the supervisor scans the plot plan and the flow diagram. To him it looks good except for one item: the equipment FF-4 — he cannot find the error without reading on! It is actually a costly error in judgment.  Double insulated lines are costly to install. Every insulated elbow is expensive. The experienced supervisor's eye tells him the most expensive lines in the system carry hot oils to and from the fired heaters. Consequently, these lines should be routed as straight as flexibility will allow and with a minimum number of elbows. The worst is T-2 to E-2, T-2. By changing places with T-2 and V-2 a great savings is assured. The liquid line from the bottom of T-2 to the reboiler is eight elbows versus four saved. The reboiler return line has an even greater saving."
SEC-PPDRWV1-0088,Process-Piping-Design-Rip-Weaver-Volume-1,PPDRWV1,Control Buildings,3,Control Buildings,2656,2661,23,23,Process-Piping-Design-Rip-Weaver-Volume-1.html#SEC-PPDRWV1-0088,69c64f85e15a,True,False,False,,,,,V-2 is not exchanged with F-4 as no fittings are involved. Some straight pipe could be saved but this would be offset by adding more pipe to the liquid line from the accumulator.  Pump locations are not considered during this preliminary layout. It is planned that they will be located under the rack but their final position will not effect the length of the process string.  ---
SEC-PPDRWV1-0089,Process-Piping-Design-Rip-Weaver-Volume-1,PPDRWV1,Fired Heaters,3,Fired Heaters,2662,2665,23,23,Process-Piping-Design-Rip-Weaver-Volume-1.html#SEC-PPDRWV1-0089,bcf658d50536,True,False,False,,,,,![Figure 4-3. Plot plan for multiple process units.](figures/Process-Piping-Design-Rip-Weaver-Volume-1_p0071_fig01_plot-plan-multiple-process-units.png)  A plot plan drawing showing the layout of multiple process units within a facility. The plan includes the following elements:
SEC-PPDRWV1-0090,Process-Piping-Design-Rip-Weaver-Volume-1,PPDRWV1,Cooling Towers,3,Cooling Towers,2666,2669,23,23,Process-Piping-Design-Rip-Weaver-Volume-1.html#SEC-PPDRWV1-0090,2faa9bde0df4,True,False,False,,,,,- **EXISTING MAIN PIPEWAY** — runs horizontally across the top of the plot - Along the top row (left to right):   - FIRED HEATER AREA (left side)   - REFORMER UNIT #1
SEC-PPDRWV1-0091,Process-Piping-Design-Rip-Weaver-Volume-1,PPDRWV1,Piping,3,Piping,2670,2677,23,78,Process-Piping-Design-Rip-Weaver-Volume-1.html#SEC-PPDRWV1-0091,b45b17a71b2c,True,False,False,4.1;4.2,,,Process-Piping-Design-Rip-Weaver-Volume-1_p0078_fig01,"- EXISTING UNIT RACK   - PLATFORMING UNIT   - VACUUM UNIT #1   - EXISTING FIT RACK   - CRUDE UNIT #1   - FIRED HEATER AREA (right side) - **N. 1000'-0""** — north coordinate line marked horizontally across the middle of the plan - Along the bottom row (left to right):"
SEC-PPDRWV1-0092,Process-Piping-Design-Rip-Weaver-Volume-1,PPDRWV1,Reboilers,2,Reboilers,2678,2681,23,23,Process-Piping-Design-Rip-Weaver-Volume-1.html#SEC-PPDRWV1-0092,07f7937b14bf,True,False,False,,,,,"- FUTURE HEATERS (dashed outline, left side)   - FUTURE LIGHT ENDS 60' x 120'   - GAS TREATING UNIT #1   - CONTROL BLG."
SEC-PPDRWV1-0093,Process-Piping-Design-Rip-Weaver-Volume-1,PPDRWV1,Compressors,2,Compressors,2682,2689,23,23,Process-Piping-Design-Rip-Weaver-Volume-1.html#SEC-PPDRWV1-0093,3b11521d73ba,True,False,False,,,,,"- COOLING TOWER - **W. 770'-0""** — west coordinate marked on the lower left - **MAINTENANCE ROAD** — runs horizontally across the lower portion - **FIRST STREET** — runs along the bottom of the plot - North arrow indicator shown at lower right  ---"
SEC-PPDRWV1-0094,Process-Piping-Design-Rip-Weaver-Volume-1,PPDRWV1,Electrical Starter Racks,2,Electrical Starter Racks,2690,2693,23,23,Process-Piping-Design-Rip-Weaver-Volume-1.html#SEC-PPDRWV1-0094,8d7657c31b76,True,False,False,,,,,![Figure 4-4. Rough layout for light ends plot plan.](figures/Process-Piping-Design-Rip-Weaver-Volume-1_p0072_fig01_rough-layout-light-ends-plot-plan.png)  A rough plot plan layout showing equipment arrangement for a light ends unit. The diagram includes a north arrow indicator in the upper left corner.
SEC-PPDRWV1-0095,Process-Piping-Design-Rip-Weaver-Volume-1,PPDRWV1,Maintenance,2,Maintenance,2694,2699,23,23,Process-Piping-Design-Rip-Weaver-Volume-1.html#SEC-PPDRWV1-0095,fcb00cda5a5f,True,False,False,,,,,"Equipment shown (arranged vertically along a central corridor, adjacent to an existing rack and existing unit on the right side):  - E-1 (heat exchanger) - T-1 (tower/vessel) - E-2 (heat exchanger) - E-3 (heat exchanger)"
SEC-PPDRWV1-0096,Process-Piping-Design-Rip-Weaver-Volume-1,PPDRWV1,Erection,2,Erection,2700,2703,23,23,Process-Piping-Design-Rip-Weaver-Volume-1.html#SEC-PPDRWV1-0096,c039170b8795,True,False,False,,,,,"- V-1 (vessel) - T-2 (tower/vessel) - FF-1, FF-2, FF-3, FF-5 (grouped equipment block) - V-2 (vessel) — at a horizontal pipe rack intersection"
SEC-PPDRWV1-0097,Process-Piping-Design-Rip-Weaver-Volume-1,PPDRWV1,Future Expansion,2,Future Expansion,2704,2707,23,23,Process-Piping-Design-Rip-Weaver-Volume-1.html#SEC-PPDRWV1-0097,50c20610c56f,True,False,False,,,,,- E-4 (heat exchanger) - T-3 (tower/vessel) - FF-4 (equipment block) - V-3 (vessel)
SEC-PPDRWV1-0098,Process-Piping-Design-Rip-Weaver-Volume-1,PPDRWV1,Chapter 4,2,Chapter 4,2708,2709,23,23,Process-Piping-Design-Rip-Weaver-Volume-1.html#SEC-PPDRWV1-0098,7f4a2e21d7ac,True,False,False,,,,,Equipment on the left side of the pipe rack:
SEC-PPDRWV1-0099,Process-Piping-Design-Rip-Weaver-Volume-1,PPDRWV1,Review Test,3,Review Test,2710,2765,23,23,Process-Piping-Design-Rip-Weaver-Volume-1.html#SEC-PPDRWV1-0099,82cd571c0f9b,True,False,False,,,,,"- F-1 (fired heater/furnace) - C-2 (compressor or column)  A horizontal pipe rack runs across the middle of the plot plan, connecting the left-side equipment (F-1, C-2) to the main corridor. An **EXISTING RACK** and **EXISTING UNIT** are labeled on the right boundary of the plot.  ---  Now that the designer has an approved sequence plot plan, he is ready to establish preliminary dimensions. Again, this can be done with no equipment sizes. A lot of progress is lost on design because people think they need all the answers before they can do anything.  ## Preliminary Plot Plan Dimensions  Figure 4-5 is a freehand sketch made to establish preliminary plot plan dimensions. Final dimensioning is done when equipment sizing is completed and piping layout is in the final stage. To establish preliminary dimensions, the designer makes certain assumptions based on his experience and training. Assumptions and conclusions are listed below.  *Dimension 1.* Locate E-1 from the plot limit line. 5'-0"" clearance is not needed. Assuming a minimum of 48"" exchanger channel flanges, set this dimension at 5'-0"" plus 2'-0"", or 7'-0"".  *Dimension 2.* Locate T-1 from E-1. T-1 is assumed to be a tall tower. Since there are pumps taking suction, the skirt will be about 20' high. Below tray 1 there is a surge space of about 14'. Assume trays are spaced at 2'-6"". Between tray 1 and tray 15 there are 14 spaces at 2'-6"", or 35'-0"". Between trays 15 and 16 there is a cross section of about 4'-0"". From trays 16 to 22, there are six spaces at 2'-6"", or 15'-0"". The vapor space above tray 22 is about 4'-0"". Adding all of these, the designer concludes that the tower is about 82'-0"" tall. With normal soil bearing, a tower of this size will require a foundation with a spread footing about 18' wide. Spread footing clearance to E-1 footing is estimated to be 4'-0"" wide. To keep spread footings clear and to allow ample walkway between, dimension 2 is one-half of T-1 OD (one-half of 9' octagon) plus 2'-0"" (one-half of E-1 footing) plus 2'-0"" for clearance to total 13'-0"".  *Dimension 3.* Locate E-2 from T-1. E-2 is a kettle type reboiler and will be elevated a little above grade. The liquid line from T-1 will probably be large enough to block walking between those two pieces of equipment, so E-2 is located so the back support will rest on the T-1 octagon. This makes the octagon a ""combined footing"" therefore dimension 3 should be less than 9'-0"" (one-half the octagon). One-half of T-1 OD is 3'-0"". One-half of E-2 OD is assumed to be 3'-0"". Allowing 1'-0"" clearance, dimension 3 becomes 3'-0"" plus 3'-0"" plus 1'-0"" or 7'-0"".  *Dimension 4.* Locate E-3 from E-2. There are three things to consider in estimating this dimension. The spread footings must clear (about 6'-0"" will accomplish this). The equipment must clear (6'-0"" will clear this). Since there was a walkway west of E-2, access for maintenance and operation should be provided on the east side. The 2'-6"" width added to one-half of E-2 OD of 3'-0"" plus one-half of E-3 diameter of 1'-6"" makes dimension 4 total 7'-0"".  *Dimension 5.* Locate V-1 from E-3. V-1 has pumps taking suction from it so it will be elevated about 14'-0"" or higher. The main consideration is to clear the spread footings. The V-1 footing is assumed to be 6'-0"" wide. E-3 footing is about 4'-0"" wide so 5'-0"" plus 1'-0"" clearance would suffice. Dimension 5 then becomes 6'-0"".  *Dimension 6.* Locate V-2 from V-1. V-2 also has pumps taking suction from it so it will be elevated about the same as V-1. Assuming 6'-0"" diameter for both vessels and a common platform between them with 6'-0"" for working space, dimension 6 becomes 12'-0"".  *Dimension 7.* Locate combined air cooler from V-2. Equipment clearance is all that is necessary since foundations will be relatively small. Dimension 7 becomes 8'-0"".  *Dimension 8.* Estimate width of air cooler. Four separate coolers will be involved in one unit. Two are the product coolers, FF-1, 2 and 5, are generally small-duty units and will require one or two cells per unit. FF-3 is an overhead condenser and is a larger duty which may have three or four cells. Assume a total of eight cells 5'-0"" wide or 40'-0"" plus frame of 2'-0"" to total 42'-0"" for dimension 8.  *Dimension 9.* Locate T-2 from air cooler. T-2 has 30 trays so it will be taller than T-1. The spread footing (octagon) is assumed to be wider than the one required for T-1 by 2'-0"", which makes it a 20'-0"" octagon with an allowance of 2'-0"" for one-half of the air cooler footing and 2'-0"" for clearance, dimension 9 totals 10'-0"" plus 4'-0"", or 14'-0"".  *Dimension 10.* Locate pipe rack from T-2. Here the footings must clear so the 14'-0"" dimension is used.  ---  ![Figure 4-5. Preliminary plot plan dimensions.](figures/Process-Piping-Design-Rip-Weaver-Volume-1_p0074_fig01_preliminary-plot-plan-dimensions.png)  ---  *Dimension 11.* Establish pipe rack width. To do this accurately the pipe sizes must be known. For this purpose assume a 14'-0"" width.  *Dimension 12.* Locate E-4 from pipe rack. Footings must clear and some accessway between rack columns and exchanger should be provided. Assume 6'-0"".  *Dimension 13.* Locate T-3 from E-4. T-3 has 36 trays so it will be taller than T-2, but we can assume that a 20'-0"" octagon will be large enough. By using the same procedure used for determining dimension 9, dimension 13 also is 14'-0"".  *Dimension 14.* Locate FF-4 from T-3. Use the same 14'-0"".  *Dimension 15.* Estimate width of air cooler. FF-4 is in overhead condenser service and the process flow diagram indicates it is the largest of all the air coolers. Assume five cells, 5' wide plus 2'-0"" frame, or 27'-0"".  *Dimension 16.* Locate V-3 from FF-4. Use same procedure as dimension 7. Dimension is 8'-0"".  Adding all these estimated dimensions, the designer finds he has used 213'-0"" of plot length. Since the total plot length is 220'-0"" (Figure 4-3), V-3 is located 7'-0"" from the east battery limits. As more firm information is developed some of the above dimensions may vary slightly, but if so there is no more plot length available and the designer will have to adjust other dimensions to suit, perhaps combining some foundations.  ## Plot Plan Exercise"
SEC-PPDRWV1-0100,Process-Piping-Design-Rip-Weaver-Volume-1,PPDRWV1,5 Piping Systems and Details,1,5 Piping Systems and Details,2766,2773,23,23,Process-Piping-Design-Rip-Weaver-Volume-1.html#SEC-PPDRWV1-0100,b9d02b824e71,True,False,False,,,,,"The designer is now ready to draw the plot plan to scale. The student is to do this, assuming that the existing rack is 30'-0"" wide and rack bents are spaced at 20'-0"" with centerline 5'-0"" from east plot limit, 7'-0"" from V-3 centerline. Assuming no common spare pumps, locate pumps under the rack with the centerline of discharge 2'-0"" out from the rack column centerline. Each pumping service shown in Figure 4-2 has two pumps, one operating and one spare. Locate pumps to keep suction lines short. Use equipment sizes and dimensions as estimated in this chapter. Fin-fans are 26'-4"" long; centrifugal pumps 2'-6"" wide by 6'-0"" long. Use 1"" = 10'-0"" scale. Remember, plot plans do *not* show dimensions.  ## Foundation Location Plan  Figure 4-6 is the foundation location plan for the plot plan shown in Figure 4-1. This shows the location of all underground concrete by coordinate and to scale. The underground portion of foundation is shown dotted while the concrete portion projecting above grade is shown with a solid line.  Using Figure 4-6 as a guide, the student is to prepare a foundation location plan for the equipment shown in Figure 4-5. Figure 4-3 supplies the two basic coordinates of the existing outlets and the ""bench mark."" Bench marks also supply existing elevation base."
SEC-PPDRWV1-0101,Process-Piping-Design-Rip-Weaver-Volume-1,PPDRWV1,Underground Piping,2,Underground Piping,2774,2777,23,23,Process-Piping-Design-Rip-Weaver-Volume-1.html#SEC-PPDRWV1-0101,bdfd5bb817dc,True,False,False,,,,,"When the field construction crew moves onto the job site the first thing they want to do is excavate. To do this they need a plot plan marked with the bottom of concrete elevations or an excavation plan, usually a transparency of the plot plan showing the excavation depth and periphery."
SEC-PPDRWV1-0102,Process-Piping-Design-Rip-Weaver-Volume-1,PPDRWV1,Gravity Flow Systems,3,Gravity Flow Systems,2778,2801,23,23,Process-Piping-Design-Rip-Weaver-Volume-1.html#SEC-PPDRWV1-0102,e9dc5bff217d,True,False,False,,,,,"The flow diagram transposition is the first effort of laying out the major piping systems. It is made on a print or sepia of the plot plan. Piping is sketched in from equipment to equipment, showing all meter runs and control valve locations. No effort is made to orient tower nozzles at this stage but the piping is shown going to the towers. This transposition is sometimes called the flow diagram overlay.  It is best to develop this drawing after mechanical and utility flow diagrams are prepared showing line sizes and full instrumentation. Then one transposition is made for the process lines and one for the utility lines.  ## Piping Drawing Index  A piping drawing index is made for each process unit to show the extent of area covered by each piping drawing and the drawing numbers showing the piping details for that area. Figure 4-7 is a piping drawing index for the plot plan shown in Figure 4-1. The student is to prepare a piping drawing index  ---  ![Figure 4-6. Foundation location plan for Figure 4-1.](figures/Process-Piping-Design-Rip-Weaver-Volume-1_p0076_fig01_foundation-location-plan-figure-4-1.png)  ---  index for his plot plan of the light ends unit. Try to keep the piping areas no wider than 60-65'.  ## Equipment Setting  The plot plan designer will come in contact with many different kinds of equipment, depending on the type of unit he must lay out. Each subsequent chapter in this book will go into detail about most of these items but, in general, designer must know how to locate equipment for plot plan purposes and the following is offered as a guide to this.  ### Fractionating Towers"
SEC-PPDRWV1-0103,Process-Piping-Design-Rip-Weaver-Volume-1,PPDRWV1,Reducer Selection,2,Reducer Selection,2802,2819,23,23,Process-Piping-Design-Rip-Weaver-Volume-1.html#SEC-PPDRWV1-0103,115f0acd8301,True,False,False,,,,,"Fractionating towers are located on a common centerline about 12-14' from the rack column. The first ladder from grade should be located on the upwind side, for easy access by the operators. Towers over 50' high are to have davits for handling vessel trays. A clear drop area is to be provided on the side away from the rack.  ### Exchangers  Exchangers set the ""equipment line."" This is the location of the back head, usually set at 8' from the pipe rack column. Shell and tube type exchangers may have a removable shell cover, a flanged head. Access must be provided for equipment to handle this cover, usually from under the rack. Tube pulling or rod cleaning area must be allowed at the channel end. This should be the tube length plus 5' from the tube sheet. Double pipe exchangers are located with the front end toward the rack. Tube removal space should be allowed for one to four units, is not mandatory if grade mounted, as mobil maintenance equipment can pick up the entire unit and transport it to the repair shop.  ### Control Buildings  Control buildings are to be centrally located because they are home base for all the unit operators. This also keeps instrument leads shorter. Control buildings should have road access. Keep process equipment 25' away. In the original layout keep hydrocarbon equipment 50' away as control buildings usually get larger than originally planned.  To size control buildings, get the instrument engineer to size the control board and space needed for future board. Then consider requirements for offices, toilet facilities, lockers, tables and chairs for a lunch room, stoves, refrigerators, any electrical switchgear (consult the electrical engineer) or possibly an air compressor and related equipment for the plant instrument air system. Allow space for the heating and/or air conditioning equipment. Also consider just a small lab area in the control building to test samples taken in the unit.  ### Fired Heaters  Fired heaters are located a minimum of 50' from hydrocarbon-containing equipment; however, reactors may be closer. The fired heaters must have road access for equipment needed for tube removal access. Vertical heater tubes (tubes are mounted vertically) are pulled up from the top with a crane. Horizontal box type heaters must have a pull space allocated behind the heater equal to the tube length plus 10'. A lightly traveled road can be utilized as part of this maintenance area.  ### Cooling Towers"
SEC-PPDRWV1-0104,Process-Piping-Design-Rip-Weaver-Volume-1,PPDRWV1,Sewer System Terms,2,Sewer System Terms,2820,2837,23,23,Process-Piping-Design-Rip-Weaver-Volume-1.html#SEC-PPDRWV1-0104,ae13c9f2a7bc,True,False,False,,,,,"Cooling towers are to be located where the prevailing wind is directed to the small side. This allows both long sides to intake an equal amount of circulating fresh air. Many people locate cooling towers exactly opposite, directing the prevailing wind to the shorter long side. This allows one-half the tower to intake fresh air but the downwind side is starved. Locate cooling towers away from the building, flare stack or any heat producing item. Air to the cooling tower must be as cool as possible to do its duty. Supply road access in piping areas for maintenance of pumps, chemical additive equipment and for handling screens. Pump pits may be located anywhere around the tower. It is not necessary to center them along the long side. Many installations utilize the short side. Locate pump pits to keep piping runs to a minimum.  ### Piping  Piping determines most equipment locations. Alloy piping costs much more than carbon steel, sometimes a thousand dollars a foot, so special at-  ---  ![Figure 4.2. Piping drawing index for Figure 4.1.](figures/Process-Piping-Design-Rip-Weaver-Volume-1_p0078_fig01_piping-drawing-index-figure-4-1.png)  ---  traction is needed to keep these lines short. Large insulated lines are also kept short. Many times the insulation is almost as costly as the pipe and is an expense often overlooked by the designer.  ## Reboilers  Reboilers are to be located next to the tower they serve except for pump-through type fired heaters. Kettle type reboiler elevation is determined by the tower skirt. Thermosiphon reboilers are regular shell and tube type exchangers. Horizontal thermosiphon exchangers are located at a minimum elevation. Vertical thermosiphon types are usually supported by the tower and are located on the back side to be accessible to the maintenance equipment. Large vertical types may require a supporting structure. Consult the vessel engineer to see if the tower can support the reboiler or reboilers. There may be more than one."
SEC-PPDRWV1-0105,Process-Piping-Design-Rip-Weaver-Volume-1,PPDRWV1,Sewer Materials,2,Sewer Materials,2838,2857,23,85,Process-Piping-Design-Rip-Weaver-Volume-1.html#SEC-PPDRWV1-0105,c51bfa14a948,True,False,False,5-1,,,Process-Piping-Design-Rip-Weaver-Volume-1_p0085_fig01,"Compressors have two basic categories, centrifugal and reciprocating. Drivers may be electric motor, gas engine, gas fired turbine or steam turbine. Locate compressors to keep suction lines as short as possible.  Reciprocating compressors are usually housed in a tropical type building with a drop-curtain wall extending to within 8' of the floor. In areas of severe winter such as Canada, they are fully housed. Keep the building far enough away from the pipe rack to allow for the suction drum and the suction and discharge headers on the outside. Large motor-driven compressors may require room behind the building for transformers. Always allow room at one end of the building for parts drop and pick-up area. Compressor buildings must have truck access.  Centrifugal compressors should be mounted outside unless the customer requires a shelter. Allow a large area for the lube and seal oil console, usually about 15' x 20', with truck access. Locate the console outside the building, if a building is required, and at grade, behind the building, away from the pipe rack. Motor-driven compressors may require a large transformer. If the compressor is turbine driven, a large surface condenser may be needed. If it is necessary, locate the surface condenser above the compressor.  ## Electrical Starter Racks  Electrical starter racks and switchgear must be located as early as possible. Contact the electrical department to get the size and, with them, determine the location.  ## Maintenance  Maintenance requirements must be considered during early plot plan development. Shell and tube exchangers should not be stacked over three units high and then only if the centerline of the top unit is not over 15' from grade. For exchangers requiring four shells, stack them two high by two wide.  Between two major processing units allow for a road, if space is available, and clearance for a 25-ton crane. Provide accessways from main plant roads into unit roads.  ## Erection"
SEC-PPDRWV1-0106,Process-Piping-Design-Rip-Weaver-Volume-1,PPDRWV1,Joints for Cast Iron Piping,2,Joints for Cast Iron Piping,2858,2893,23,86,Process-Piping-Design-Rip-Weaver-Volume-1.html#SEC-PPDRWV1-0106,a3b384c6e6de,True,False,False,5-1;5-2,5-1,,Process-Piping-Design-Rip-Weaver-Volume-1_p0085_tbl01;Process-Piping-Design-Rip-Weaver-Volume-1_p0086_fig01,"Erection of the new equipment must be considered. For large diameter and long towers, consider how the field crew can get them in the plant and where they can lay them for erection. For field-constructed equipment such as very large vessels and reactors space must be allowed for field construction.  ## Future Expansion  Future expansion must always be considered. Future pumps, vessels and exchangers are often overlooked. Consult the process engineer for these requirements.  ---  ## Chapter 4  ### Review Test  This is a composite review of the first four chapters. The student should be able to answer 20 of the questions in his own words, without referring to the text.  1. Ferrous metals differ from nonferrous because they _______________________________________________  2. Define ANSI. _______________________________________________  3. A joint efficiency is applied to a __________ joint.     Seamless piping has a __________ % joint efficiency.  4. Pipe made from plate has a mill tolerance of _______________.  5. Seamless pipe has a mill tolerance of _____ %.  6. Random length carbon steel pipe is ±_____ feet long.  7. What is the difference between pipe and tubing? _______________________________________________  8. Name the three basic types of valves. _______________ , _______________ , _______________  9. Which valve is for throttling? _______________________________________________  10. What type of check valve is specified for pulsating flow? _______________________________________________"
SEC-PPDRWV1-0107,Process-Piping-Design-Rip-Weaver-Volume-1,PPDRWV1,Sewer Flow Diagram,2,Sewer Flow Diagram,2894,2899,23,23,Process-Piping-Design-Rip-Weaver-Volume-1.html#SEC-PPDRWV1-0107,41b41cbbad98,True,False,False,5-2,5-1,,,11. Define hydrocarbon. _______________________________________________  12. Define mercaptan. _______________________________________________  13. Which is the lightest hydrocarbon? _______________________________________________
SEC-PPDRWV1-0108,Process-Piping-Design-Rip-Weaver-Volume-1,PPDRWV1,Cast Iron Soil Pipe and Fittings,2,Cast Iron Soil Pipe and Fittings,2900,3007,23,88,Process-Piping-Design-Rip-Weaver-Volume-1.html#SEC-PPDRWV1-0108,1d60496a4374,True,False,False,5-1;5-3;5.4,5-2;5-3,,Process-Piping-Design-Rip-Weaver-Volume-1_p0087_fig01;Process-Piping-Design-Rip-Weaver-Volume-1_p0087_tbl01;Process-Piping-Design-Rip-Weaver-Volume-1_p0088_fig01;Process-Piping-Design-Rip-Weaver-Volume-1_p0088_tbl01,"14. Define fractionation. _______________________________________________  15. What is flashing? _______________________________________________  16. Define equilibrium. _______________________________________________  17. Define head. _______________________________________________  18. Define two-phase flow. _______________________________________________  19. What is hydrotesting and why is it done? _______________________________________________  20. Define topography. _______________________________________________  ---  21. Define cone roof vs. floating roof tank.  22. What determines tank height?  23. What are the advantages of the floating roof tank?  24. There are \_\_\_\_ gallons per barrel of oil.  25. What is the purpose of ""foam"" and how does it work?  ---  # 5 Piping Systems and Details  Every piping installation is resplendent with systems, each having something in common with yet different from—the last unit the designer finished. The fractionation system (see Chapter 2) is the most common system since it is the basis of all process units. All offsite and onsite units have drainage systems to handle surface or rain water, oily drips and drains or special liquids such as caustics, acids, etc. Most process units have one or two flare systems. Steam tracing systems are similar from job to job. This chapter will discuss these and other systems.  Details are also similar from unit to unit. Many details should be standardized in the industry, but because they are not, countless millions of dollars are spent and man-hours are wasted developing a way to do something that has already been done 50 times before by other designers. This chapter will present details showing ways to solve problems which are not standardized but do the job.  Piping fabrication is done on all piping. Most process pipe is fabricated in a pipe shop and shipped to the job site in ""shop spools"" to be assembled by the erection workers. Most piping designers know very little of a pipe fabricator's problems or how he gets his work done. While his costs are high, the shop's streamlined efficiency and assembly line techniques make shop fabrication cost less than field fabrication.  ## Underground Piping  Underground piping is broken down into two main categories: process systems and utility systems. Underground process lines should be avoided; however, there are times where this is the best installation and this will be discussed in other chapters. Underground utility systems are classified into two divisions: gravity flow and pressurized systems.  ### Gravity Flow Systems  Gravity flow systems depend on the pull of gravity for flow. Consequently these lines must have a constant slope from liquid origin to terminus. Recommended minimum slope is 1/8"" per foot, or 1"" per 100' of line.  Piping is supplied for the following systems:  1. *Storm water* or clean water includes rain water, wash water and fire water run-off. This is usually collected from paved areas by a catch basin and piped to a separation pit or API separator to separate any oils that may get into the system and will then go to a creek, river or possibly a large evaporation pond.  ---  2. *Process sewer*, sometimes called oily sewer or dirty water sewer, includes drips and drains from pumps, vessels, sample connection funnels and other dirty drains. This system is routed through a separator and the hydrocarbons are usually recovered.  3. *Combined sewer* is the sewer that collects both storm and process sewers, utilizing only one piping system. The effluent is routed through a large API separator capable of handling the combined flow to separate hydrocarbons from water. While the combined system saves money on piping costs, the savings are usually offset by larger separation facilities costs. The combined system is rarely used today.  4. *Sanitary sewers* are the systems that carry human waste. These are routed to a large sanitary system or, if handled locally, to a septic tank and its related field.  5. *Corrosive sewers* are designed as a separate sewer system within the unit. This includes acids, amines, carbonates and others. Some of these circulate within the unit, with all funnels draining to a separate header which is routed to a local sump. A sump pump either returns sewage to the processing system or sends it out of the unit for disposal, possibly to a neutralizing pit. Some acids, such as sulphuric acid, are pumped to storage, then shipped to a reclaiming plant where the acid is recovered.  As these systems vary widely, the materials of construction will be somewhat different than normal and each selection must be thoroughly investigated. If vitrified clay or cast iron piping is selected, careful attention must be given to the material selected to be used at the joints.  Sewer terms are different and often confused with terms applied to overhead systems. *Inverts* are used as a dimensional reference point on all but carbon steel piping. Inverts are the elevations of the *inside bottom* of the sewer line. In the larger sizes of vitrified clay pipe, the thickness is very large and must be considered when calculating clearances from other lines or underground concrete. The use of a concentric reducer or increaser will change the invert elevation and must be calculated.  When carbon steel pipe is selected for gravity sewer systems, dimensioning is to the bottom of pipe (BOP), expressed as an elevation. Inverts are also expressed as an elevation.  The liquid flow is determined by the slope of a gravity system which in turn is governed by the inverts' set. The designer must be concerned with the elevation of the internal surface, the invert, regardless of wall thickness. A joint's internal surface must line up even though the two wall thicknesses differ. The gravity systems' flow must be as smooth as possible, without projections which would form weirs or dams, providing a point for solids to accumulate and block flow.  ## Reducer Selection  When reductions in line sizes for headers are required, special care must be taken in selecting the type of reducer. Because of inconsistent terminology, there is a great deal of confusion when defining a line reduction in either clay or cast iron material.  Proper terminology is defined below. All terms are specified in the direction of flow.  1. Vitrified clay: Concentric is all that is available.    - a. For increasing line size use *increaser* with bell on *small* end.    - b. For reducing line size use *reducer* with bell on *large* end.  2. Cast iron soil pipe: Concentric only is available.    - a. For increasing line size use *reducer* with bell on *small* end.    - b. For reducing line size use *increaser* with bell on *large* end.  3. Cast iron pressure pipe: Concentric and eccentric are available.    - a. For increasing or reducing line size use reducer. End types must be called out for both ends to match adjoining fitting or pipe.    - b. Eccentric reducers are available in limited sizes and patterns but their use should be avoided when possible. If the designer must be sure proper sizes are commercially available.  ---  ## Sewer System Terms  To discuss any sewer system, verbally or on paper, the designer must know the terms that make up the system. These are:  *Mains:* Sewers for collection from two or more laterals; usually located in roadway easements. Mains shall be sealed at regular intervals, with manholes, to prevent the spread of fire or gas backup.  *Laterals:* Sewer lines collecting from two or more sublaterals and discharging to mains through a sealed manhole.  *Sublaterals:* Sewer lines connecting branches and catch basins to laterals.  *Branches:* Collect from various drain funnels or catch basins and tie into sublaterals.  *Funnel:* Liquids collection point, usually projecting 2"" above the finished surface. For carbon steel systems, a 6""x4"" concentric reducer is an economical funnel. Lines from funnels should not be smaller than 4"" to prevent cl"
SEC-PPDRWV1-0109,Process-Piping-Design-Rip-Weaver-Volume-1,PPDRWV1,Designing Systems,2,Designing Systems,3008,3011,23,23,Process-Piping-Design-Rip-Weaver-Volume-1.html#SEC-PPDRWV1-0109,1a4c35962274,True,False,False,,,,,"1. *Vitrified clay pipe* is economical. It is used for gravity systems handling surface drainage and sanitary sewers. Since this piping has joints mechanically assembled, it should not be used under buildings or 6"" or thicker concrete paving. If the commodity being handled is 150°F or hotter, special joint material may be necessary.  2. *Cast iron soil pipe* is used for gravity systems. When vitrified clay is specified, use cast iron soil pipe under buildings and thick paving. If the fluid is too hot for vitrified clay, use cast iron soil pipe for the necessary length to cool the fluid."
SEC-PPDRWV1-0110,Process-Piping-Design-Rip-Weaver-Volume-1,PPDRWV1,Student Exercise,2,Student Exercise,3012,3025,23,23,Process-Piping-Design-Rip-Weaver-Volume-1.html#SEC-PPDRWV1-0110,b63b88caab53,True,False,False,4-1;4-6;5-5,,,,"3. *Carbon steel piping* is preferred by many designers because it is clean installed. It is subject to external corrosion and must be coated to ensure long life. The old standard coating is tar and felt paper, usually referred to as ""tar and feathers."" This is the cheapest coating but has many disadvantages. It is easily damaged during handling and directions are not always properly repaired. The author recommends coating with plastic at the mill, such as ""Scotchkote"" or ""Plexoflex."" This costs more initially but is almost impossible to damage and lasts for many years in the ground.  4. *Cast iron water pipe* is used for gravity sewers when the use of 12"" or larger sections makes a more economical installation than the 4"" to 6"" lengths of vitrified clay or cast iron soil pipe. Also specified for pressurized water systems.  5. *Concrete pipe* is generally used for surface drainage headers for sizes 18"" and larger. Investigate cost, freight and availability before specifying it.  6. *Concrete-lined steel pipe* is used for pressurized corrosive service where pressures are greater than allowed for cast iron piping.  7. *Duriron pipe* is sometimes specified for highly corrosive special drains. Because of its high silicon content it is very brittle—like glass—and has high breakage during handling, which adds to its already expensive cost.  ---  ![Figure 5-1. Cast iron bell and spigot pipe detail.](figures/Process-Piping-Design-Rip-Weaver-Volume-1_p0085_fig01_cast-iron-bell-spigot-pipe-detail.png)"
SEC-PPDRWV1-0111,Process-Piping-Design-Rip-Weaver-Volume-1,PPDRWV1,Design Guidelines,2,Design Guidelines,3026,3042,23,90,Process-Piping-Design-Rip-Weaver-Volume-1.html#SEC-PPDRWV1-0111,eb6e90b048c6,True,False,False,5-8,,,Process-Piping-Design-Rip-Weaver-Volume-1_p0090_fig01,"Cast iron pipe and fittings are equipped with bell and spigot ends. Figure 5-1 pictures the pipe detail. The joint can be sealed with lead and oakum, cement or a rubber or neoprene ring fitting into the groove shown. Lead and jute or oakum is standard joint material for surface water systems. To ensure operational tightness, the joint material must be kept moist. The conveyed liquid accomplishes this.  Bell and spigot joints are rarely used to gas pressurized systems. Pressures of up to 200 psig can be held by the joint for liquid service. For high pressure water service, such as fire water systems, bell and spigot pipe and fittings are available with bolting lugs to prevent joint separation.  For pressurized systems, thrust blocks are applied at turns or points of thrust to restrict joint separation. Thrust blocks are generally a mass of concrete.  The mechanical joint, a modification of the bell and spigot joint, is used in low pressure gas distribution systems. However, the main use of the mechanical joint is for higher pressure fire water systems operating above 150 psig. The author restricts all cast iron piping to water and sewer systems. For any hydrocarbon gas service, welded carbon steel is recommended.  The mechanical lock joint groove which is shown in Figure 5-1 is located in the bell end. The groove accommodates a rubber or neoprene gasket. For installations where sagging is likely to occur the mechanical lock joint is recommended.  This might be river crossings running above the water, supported by the bridge, or underground where soil heaving is expected. The Gulf Coast soil calls for this joint detail rather often.  The mechanical roll-on joint is a low cost mechanical joint with a round rubber gasket over the spigot end. When the spigot is pulled into the bell, the ring is seated in the bottom of the bell. Outside the rubber gasket, braided jute wedged behind a projected ridge confines the gasket to retain pressure in the piping system. A bituminous compound seals the mouth of the bell, retaining the jute and gasket. Both bell and spigot and mechanical joint fittings can be used with this pipe.  > **Table - Table 5-1 Sewer Flow Diagram Symbols** - see [XLSX](tables/Process-Piping-Design-Rip-Weaver-Volume-1_p0085_tbl01_sewer-flow-diagram-symbols.xlsx) and [source crop](tables/Process-Piping-Design-Rip-Weaver-Volume-1_p0085_tbl01_sewer-flow-diagram-symbols.png)"
SEC-PPDRWV1-0112,Process-Piping-Design-Rip-Weaver-Volume-1,PPDRWV1,Underground Pressurized Systems,2,Underground Pressurized Systems,3043,3062,23,91,Process-Piping-Design-Rip-Weaver-Volume-1.html#SEC-PPDRWV1-0112,eac1ccb25706,True,False,False,5-6,,,Process-Piping-Design-Rip-Weaver-Volume-1_p0091_fig01,"| Symbol | Description | | :---: | :--- | | M | Manhole | | CB | Catch basin | | o— | Drain funnel | | o+— | Drain funnel with seal or running trap | | S-M | Manhole with sealed inlet | | S-CB | Catch basin with sealed outlet | | CO | Clean out |  ---  ![Figure 5-2. Typical process sewer flow diagram.](figures/Process-Piping-Design-Rip-Weaver-Volume-1_p0086_fig01_typical-process-sewer-flow-diagram.png)  For special service conditions, the piping designer might employ the mechanical screw-gland joint which will contain oil, gas and water at greater pressures, the ball-and-socket joint which provides great flexibility at the joints, or the universal pipe joint which is a rather stiff joint.  The Dresser coupling is a compression-sleeve coupling. It is used with plain end cut pipe of either cast iron or steel in both underground and aboveground installations for air, gas, water and oil. This type of joint is quite often installed without proper anchors or bracing and when the line is pressured it will come apart. Properly installed, this joint will have anchors or braces at turns on both ends of the joint. These joints are a fine economical design for lines needing a small amount of expansion. Improperly installed they result in total chaos.  The Victaulic coupling is a split-coupling joint used with cast iron and carbon steel piping. This coupling is joined to the pipe or fitting via grooves cut near the ends. It is acceptable for use in liquid or vapor service, will take some expansion and allows considerable angular displacement. This joint is easily installed and/or broken apart."
SEC-PPDRWV1-0113,Process-Piping-Design-Rip-Weaver-Volume-1,PPDRWV1,Fire Water,2,Fire Water,3063,3076,23,23,Process-Piping-Design-Rip-Weaver-Volume-1.html#SEC-PPDRWV1-0113,11d44d3f39d0,True,False,False,5-7,,,,"## Sewer Flow Diagram  The sewer flow diagram is the easiest way to communicate information about the drainage system to the layout designer and the customer. Finalizing locations of drain funnels, where manholes are in the system, locations of seals, etc., are much easier settled on a flow diagram than on the finished sewer drawing. Although most companies do not prepare a sewer flow diagram, many man-hours would be saved if they did. If proper design information is given to the layout designer and his checker, a better job can be done in about half the expected man-hours.  Because these flow diagrams are not commonly made, the symbols used are different in each company that does make them. Table 5-1 depicts symbols which are used and could be standardized by the industry. Figure 5-2 is a typical process sewer flow diagram.  ## Cast Iron Soil Pipe and Fittings  Cast iron soil pipe and fitting standards are established by the Cast Iron Soil Pipe Institute, 2029  ---  ![Figure 5-3. Dimensions of service cast iron soil pipe and fittings. Courtesy of Cast Iron Soil Pipe Institute.](figures/Process-Piping-Design-Rip-Weaver-Volume-1_p0087_fig01_fig-5-3-cast-iron-soil-pipe-dimensions.png)"
SEC-PPDRWV1-0114,Process-Piping-Design-Rip-Weaver-Volume-1,PPDRWV1,Underground Cooling Water,2,Underground Cooling Water,3077,3082,23,92,Process-Piping-Design-Rip-Weaver-Volume-1.html#SEC-PPDRWV1-0114,faf1ecd592f9,True,False,False,5-7,,,Process-Piping-Design-Rip-Weaver-Volume-1_p0092_fig01,"> **Table - Table 5-2 Dimensions of Hubs, Spigots, and Barrels for Service Cast Iron Soil Pipe and Fittings** - see [XLSX](tables/Process-Piping-Design-Rip-Weaver-Volume-1_p0087_tbl01_tbl-5-2-cast-iron-soil-pipe-hub-spigot-b.xlsx) and [source crop](tables/Process-Piping-Design-Rip-Weaver-Volume-1_p0087_tbl01_tbl-5-2-cast-iron-soil-pipe-hub-spigot-b.png)  **Table 5-2** **Dimensions of Hubs, Spigots, and Barrels for** **Service Cast Iron Soil Pipe and Fittings**"
SEC-PPDRWV1-0115,Process-Piping-Design-Rip-Weaver-Volume-1,PPDRWV1,Elkhart Monitor Nozzles,2,Elkhart Monitor Nozzles,3083,3086,23,23,Process-Piping-Design-Rip-Weaver-Volume-1.html#SEC-PPDRWV1-0115,d298da1eabd6,True,False,False,,,,,| Size¹ | Inside diameter of hub² | Outside diameter of spigot²·⁴ | Outside Diameter of barrel² | Telescoping length⁴ | Inside diameter of barrel² | Thickness of barrel² | | :--- | :---: | :---: | :---: | :---: | :---: | :---: | | | A | | M | | | T |
SEC-PPDRWV1-0116,Process-Piping-Design-Rip-Weaver-Volume-1,PPDRWV1,292 Handle Operated Monitor,3,292 Handle Operated Monitor,3087,3094,23,23,Process-Piping-Design-Rip-Weaver-Volume-1.html#SEC-PPDRWV1-0116,c1a6077fcb85,True,False,False,,,,,| inches | inches | inches | inches | inches | inches | inches | | 2 | 2.94 | 2.62 | 2.30 | 2.75 | 1.96 | .17 | | 3 | 3.94 | 3.62 | 3.30 | 2.75 | 2.96 | .17 | | 4 | 4.94 | 4.62 | 4.30 | 3.00 | 3.86 | .18 | | 5 | 5.94 | 5.62 | 5.30 | 3.00 | 4.94 | .18 | | 6 | 6.94 | 6.62 | 6.30 | 3.50 | 5.94 | .18 | | 8 | 9.00 | 8.62 | 8.30 | 3.50 | 7.94 | .22 | | 10 | 11.10 | 10.88 | 10.56 | 4.25 | 9.88 | .18 |
SEC-PPDRWV1-0117,Process-Piping-Design-Rip-Weaver-Volume-1,PPDRWV1,293 Single Wheel Operated Monitor,3,293 Single Wheel Operated Monitor,3095,3102,23,23,Process-Piping-Design-Rip-Weaver-Volume-1.html#SEC-PPDRWV1-0117,a4de8c2b53ba,True,False,False,,,,,"| 12 | 13.10 | 12.88 | 12.50 | 4.25 | 11.94 | .28 | | 15 | 16.75 | 16.00 | | 4.50 | 15.00 | .38 |  | Size¹ | Thickness of hub | | Width of hub body | Width of bead | Width of Spigot bead²·⁵ | Distance from lead groove to end, pipe and fittings | Depth of lead groove | | | :--- | :---: | :---: | :---: | :---: | :---: | :---: | :---: | :---: | | | S (min.) | R (min.) | | | Y | P | G (min.) | G (max.) | | inches | inches | inches | inches | inches | inches | inches | inches | inches | | 2 | 0.13 | 0.34 | 0.31 | 0.63 | 0.28 | 0.10 | 0.13 | |"
SEC-PPDRWV1-0118,Process-Piping-Design-Rip-Weaver-Volume-1,PPDRWV1,294 Double Wheel Operated Monitor,3,294 Double Wheel Operated Monitor,3103,3115,23,23,Process-Piping-Design-Rip-Weaver-Volume-1.html#SEC-PPDRWV1-0118,cc4dc402df38,True,False,False,,,,,"| 3 | .15 | .35 | .31 | .75 | .28 | .10 | .11 | | | 4 | .16 | .37 | .38 | .81 | .28 | .10 | .11 | | | 5 | .18 | .41 | .38 | .94 | .38 | .13 | .15 | | | 6 | .19 | .44 | 1.19 | 1.12 | .38 | .13 | .15 | .19 | | 8 | .22 | .47 | 1.19 | 1.25 | .38 | .18 | .15 | .19 | | 10 | .27 | .53 | 1.44 | 1.38 | .47 | .18 | .15 | .19 | | 12 | .30 | .57 | 1.44 | 1.38 | .47 | .18 | .18 | .19 |  Source: Cast Iron Soil Pipe Institute, *Cast Iron Soil Pipe and Fittings Handbook.*  ¹ Nominal inside diameter.  ² For tolerances see Table 3, *Cast Iron Soil Pipe and Fittings Handbook.*"
SEC-PPDRWV1-0119,Process-Piping-Design-Rip-Weaver-Volume-1,PPDRWV1,Pump-Out System,2,Pump-Out System,3116,3119,23,23,Process-Piping-Design-Rip-Weaver-Volume-1.html#SEC-PPDRWV1-0119,11ced640ecc2,True,False,False,,,,,"³ Laying length, all sizes—Single hub 5'0"" less Y, for 5-foot lengths; single hub 10'0""; Double hub 10'0"" less Y, for 10-foot lengths.  ⁴ If a bead is provided on the spigot end, *M* may be any diameter between *I* and *M.*"
SEC-PPDRWV1-0120,Process-Piping-Design-Rip-Weaver-Volume-1,PPDRWV1,Glycol Lines,2,Glycol Lines,3120,3123,23,23,Process-Piping-Design-Rip-Weaver-Volume-1.html#SEC-PPDRWV1-0120,ec92c0bce0c0,True,False,False,,,,,"⁵ Hub ends and spigot ends can be made with or without bead, with or without draft, and spigot ends can be made with or without spigot head.  ---"
SEC-PPDRWV1-0121,Process-Piping-Design-Rip-Weaver-Volume-1,PPDRWV1,Steam Tracing,2,Steam Tracing,3124,3133,23,23,Process-Piping-Design-Rip-Weaver-Volume-1.html#SEC-PPDRWV1-0121,aa64b8098660,True,False,False,5-8,,,,"![Figure 5.4. Dimensions of extra heavy cast iron soil pipe and fittings. Courtesy of Cast Iron Soil Pipe Institute.](figures/Process-Piping-Design-Rip-Weaver-Volume-1_p0088_fig01_fig-5-4-extra-heavy-cast-iron-soil-pipe.png)  > **Table - Table 5-3 Dimensions of Hubs, Spigots, and Barrels for Extra Heavy Cast Iron Soil Pipe and Fittings** - see [XLSX](tables/Process-Piping-Design-Rip-Weaver-Volume-1_p0088_tbl01_table-5-3-extra-heavy-cast-iron-soil-pip.xlsx) and [source crop](tables/Process-Piping-Design-Rip-Weaver-Volume-1_p0088_tbl01_table-5-3-extra-heavy-cast-iron-soil-pip.png)  **Table 5-3** **Dimensions of Hubs, Spigots, and Barrels for** **Extra Heavy Cast Iron Soil Pipe and Fittings**  | Size¹ | Inside diameter of hub² *A* | Outside diameter of spigot¹·² Bead *M* | Outside diameter of barrel² *J* | Telescoping length³ *Y* | Inside diameter of barrel² *B* | Thickness of barrel² *T* |"
SEC-PPDRWV1-0122,Process-Piping-Design-Rip-Weaver-Volume-1,PPDRWV1,Steam Tracing Design Practice,2,Steam Tracing Design Practice,3134,3164,23,94,Process-Piping-Design-Rip-Weaver-Volume-1.html#SEC-PPDRWV1-0122,db2d6f75266b,True,False,False,5-8,,,Process-Piping-Design-Rip-Weaver-Volume-1_p0094_fig01,"| :--- | :--- | :--- | :--- | :--- | :--- | :--- | | inches | inches | inches | inches | inches | inches | inches | | 2 | 3.06 | 2.75 | 2.38 | 2.50 | 2.00 | .19 | | 3 | 4.19 | 3.88 | 3.50 | 2.75 | 3.00 | .25 | | 4 | 5.19 | 4.88 | 4.50 | 3.00 | 4.00 | .25 | | 5 | 6.19 | 5.88 | 5.50 | 3.00 | 5.00 | .25 | | 6 | 7.19 | 6.88 | 6.50 | 3.00 | 6.00 | .25 | | 8 | 9.50 | 9.00 | 8.62 | 3.50 | 8.00 | .31 | | 10 | 11.75 | 11.13 | 10.75 | 3.50 | 10.00 | .37 | | 12 | 13.75 | 13.13 | 12.75 | 4.25 | 12.00 | .37 | | 15 | 17.00 | 16.00 | 15.88 | 4.25 | 15.00 | .44 |  | Size¹ | Thickness of hub | | Width of hub head²·⁵ *N* | Width of Spigot bead²·⁴ *F* | Distance from lead groove to pipe and fittings² | Depth of lead groove | | | :--- | :--- | :--- | :--- | :--- | :--- | :--- | :--- | | | Hub body *S* (min.) | Over bead *R* (min.) | | | | *G* (min.) | *G* (max.) | | inches | inches | inches | inches | inches | inches | inches | inches | | 2 | 0.18 | 0.37 | 0.75 | 0.69 | 0.28 | 0.10 | 0.13 | | 3 | .25 | .43 | .81 | .75 | .28 | .10 | .13 | | 4 | .25 | .43 | .81 | .81 | .28 | .10 | .13 | | 5 | .25 | .43 | .38 | .81 | .28 | .10 | .13 | | 6 | .25 | .43 | .38 | .81 | .28 | .10 | .13 | | 8 | .31 | .50 | .94 | 1.12 | .38 | .10 | .16 | | 10 | .40 | .65 | 1.19 | 1.12 | .38 | .15 | .19 | | 12 | .40 | .65 | 1.19 | 1.38 | .47 | .15 | .19 | | 15 | .46 | .71 | 1.44 | 1.38 | .47 | .15 | .19 |  Source: Cast Iron Soil Pipe Institute, *Cast Iron Soil Pipe and Fittings Handbook*.  ¹ Nominal inside diameter.  ² For tolerances see Table 3, *Cast Iron Soil Pipe and Fittings Handbook*."
SEC-PPDRWV1-0123,Process-Piping-Design-Rip-Weaver-Volume-1,PPDRWV1,Materials for Steam Tracing,2,Materials for Steam Tracing,3165,3261,23,96,Process-Piping-Design-Rip-Weaver-Volume-1.html#SEC-PPDRWV1-0123,ebdf5f7b504a,True,False,False,5-9;6-9,5-4,,Process-Piping-Design-Rip-Weaver-Volume-1_p0095_fig01;Process-Piping-Design-Rip-Weaver-Volume-1_p0096_tbl01,"³ Laying length, all sizes—Single hub 5'0"" less Y, for 10-foot lengths; single hub 10'0""; Double hub 10'0"" less Y, for 10-foot lengths.  ⁴ If a bead is provided on the spigot end, *M* may be any diameter, between *J* and *M*.  ⁵ Hub ends and spigot ends can be made with or without draft; and spigot ends can be made with or without bead, and spigot ends can be made with or without draft, and spigot ends can be made with or without spigot bead.  <!-- PDF2MD-ASSETS:BEGIN page=88 -->  #### Unmatched Page Assets  > **Table - Table 5-3 Dimensions of Hubs, Spigots, and Barrels for Extra Heavy Cast Iron Soil Pipe and Fittings \(Part 2: hub thickness, hub head width, spigot bead width, lead groove dimensions\)** - see [XLSX](tables/Process-Piping-Design-Rip-Weaver-Volume-1_p0088_tbl02_table-5-3-extra-heavy-cast-iron-soil-pip.xlsx) and [source crop](tables/Process-Piping-Design-Rip-Weaver-Volume-1_p0088_tbl02_table-5-3-extra-heavy-cast-iron-soil-pip.png)  <!-- PDF2MD-ASSETS:END page=88 -->  ---  K. Street, N.W., Washington, D.C. 20006. They have published an excellent book on all cast iron piping called *Cast Iron Soil Pipe and Fittings Handbook*, which should be in every designer's library.  Cast iron soil pipe is available in 5' lengths. Sizes are the nominal *inside* diameter of the pipe. The wall thickness varies with the class specified, which changes the outside diameter. Laying lengths vary, but in general will be either 5 or 10'. See Tables 5-2 and 5-3 and Figures 5-3 and 5-4 for details.  Fittings are manufactured in sizes to match the pipe. Terms are different than the ones for carbon steel and the designer must familiarize himself with the term. For instance, the 90° ell is called a 1/4 bend. The 45° ell is a 1/8 bend. Cast iron fittings also employ bends of 1/16, 1/6, and 1/5. These terms are devised according to what fraction of 360° they turn.  All junctions are made with fittings. Welding is not employed. Fittings are available for line intersections, clean-outs, etc. Flow is always directed into the barrel of the pipe or fitting (see Figure 5-1).  Joints are usually made with twisted jute (or oakum) and caulked with lead. Jute is a vegetable fibre. Cotton and hemp are also sometimes used. These materials are ordered by the pound. Lead joint requirements are estimated to be 12 ounces per inch of diameter. Thus an 8"" diameter pipe would require 6 pounds of lead. Jute is estimated at 10% of the lead requirement by weight. The 8"" pipe would need 0.6 pounds of jute. To order joint material, the piping designer must count all joints by sizes and calculate the total weight of each materials. Ten percent is added to this total to allow for waste.  ## Designing Systems  To design a sewer system the designer must know the depth of cover required. The highest point in his horizontal piping must be below the frost line or the liquids could freeze in the line. With a slope of 1' per 100', the lowest point could be very deep. Lines are also located below frost lines to protect them from ""heaving,"" rising and falling caused by frozen earth thawing and freezing. Frost lines of each area are designated in the general specifications. In any event, underground lines should have a minimum of 3' of cover in unpaved areas for protection against truck traffic. A cover of 1'-6"" is the minimum under paved areas.  ## Student Exercise  The plot plan, Figure 4-1, and the foundation location plan, Figure 4-6, comprise a unit for which the designer must prepare an underground piping plan and elevation. The student will make these drawings as a class exercise. Figure 5-5 is a process sewer. Assume a frost line of 3'. Use carbon steel material and supply dimensions or coordinate dimensions for fabrication and installation. Locate funnels and lines by coordinates in plan.  To design the storm sewer, the designer must direct the process flow from covered areas to facilitate the removal of liquids as quickly as possible. If possible, drainage areas should be square. Paved drainage areas have a design minimum of 2500 square feet of surface per catch basin. The student is to designate the surface drainage areas, locate the catch basins and route the total flow to the existing manhole. The centerline coordinates of the existing manhole are W.610'-0"" and N.1090'-0"". High points of paving extremities are W.610'-0"" and W.655'-0"", N. 975'-0"" and N.1205'-0"".  Drainage area slopes shall be limited to a minimum of 0.01' per foot and a maximum of 0.05' per foot. The maximum total drop allowed is 6"" from the high point of paving to the lowest point at each catch basin.  After completing the drawing, prepare a bill of material listing all material necessary to install the two sewer systems.  Refer to Figures 5-5, drain funnel installation, and 5-6, typical clean-out detail, for design data.  Upon completion, students may exchange drawings, checking one anothers work.  ## Design Guidelines  Manholes should be located at all major intersections and in line turns of major headers, which are 90' for sewer line sizes up to 24""; provide manholes every 300' and for line sizes over 24"", provide them every 500' for cleaning the system. Manholes may be square or round.  ---  ![Figure 5-8. Drain funnel installation.](figures/Process-Piping-Design-Rip-Weaver-Volume-1_p0090_fig01_drain-funnel-installation.png)  Clean-outs shall be installed at dead ends of process sewers, or where the line turns a total of 90° or at a 45° turn preceded by 50' of straight-run pipe. Locate clean-outs so that cleaning may be accomplished in the flow's direction. Drain funnels may be considered as clean-outs if the line from the funnel is short and total turns do not exceed 135°.  When routing underground lines always check:  1. Location of underground electrical envelopes, their sizes and elevations. 2. Lines entering or leaving buildings routed by architectural or structural groups. 3. Location and elevation of all foundations, whether they are spread footings or grade beams. Sewer piping must clear. 4. Angle of repose of the soil. Foundations must not be undermined by excavation for sewer piping. Any time a pipe is run deeper than the foundation (if not on piling) and within a few feet of it, check the structural group about possible undermining. If there is no other route for the pipe,  the structural group may have to lower their footing.  ## Underground Pressurized Systems  Fire water, cooling water, closed process drains and pump-out systems are the more common pressurized underground lines. Carbon steel is the most commonly used material for these systems.  *Transite* piping is often used in pressurized systems and some people specify it for firewater service. Transite is an asbestos material, very light in weight and, since it does not rust, it needs no external protection when laid underground. It is also used in some aboveground special service.  The Johns-Manville ""Ring-tite"" joint is the author's selection of transite joints. It is easily joined by the field people and keeps installed costs at a minimum while furnishing an excellent pressure-maintaining closure. Johns-Manville will be happy to supply catalogs, at request, showing full details of their transite pipe and Ring-lite coupling joint.  ---  ![Figure 5-6. Typical clean-out detail.](figures/Process-Piping-Design-Rip-Weaver-Volume-1_p0091_fig01_typical-clean-out-detail.png)  *FILL WITH BITUMASTIC PAVING OR GRADE* *CAST IRON FERRULE AND BRASS PLUG* *4"" IPS* *45°* *ONE WELD MITRE*  Fittings of transite material are very different and limited in types. Corrosion Proof Fitting Company manufactures most fittings and Johns-Manville sells their fittings. Tyler Pipe Industries of Tyler, Texas, makes a cast iron fitting for use with transite pipe.  *Mechanical joint* cast iron is also very popular for pressurized systems. The Clow Company is one of the larger manufacturers of this. When specifying mechanical joint piping, either tie rods or thrust blocks must be"
SEC-PPDRWV1-0124,Process-Piping-Design-Rip-Weaver-Volume-1,PPDRWV1,Winterizing Flow Diagram Symbols,2,Winterizing Flow Diagram Symbols,3262,3269,23,97,Process-Piping-Design-Rip-Weaver-Volume-1.html#SEC-PPDRWV1-0124,a788f71c3398,True,False,False,5-10,5-4,,Process-Piping-Design-Rip-Weaver-Volume-1_p0097_fig01,"Fire water mains should be looped, allowing hydrants and monitors to be fed from two directions, greatly increasing the possible delivery of water without excessive friction loss. Flushing connections, 4"" size, should be located at the ends or far corners of the main. Fire water will freeze and must be located under the area frost line. For safety, locate it 1' below frost line. Minimum cover should be 3' except under railroads where this is increased to 4'. If the main is routed under a railroad the author suggests a culvert or pipe sleeve for load protection.  ## Underground Cooling Water  For most installations, underground cooling water supply and return lines are utilized for two reasons. First, they eliminate possible freezing, and second, they are cheaper. Some companies insist  ---"
SEC-PPDRWV1-0125,Process-Piping-Design-Rip-Weaver-Volume-1,PPDRWV1,Flare Systems,2,Flare Systems,3270,3301,23,99,Process-Piping-Design-Rip-Weaver-Volume-1.html#SEC-PPDRWV1-0125,623b297317c9,True,False,False,5-10;5-11;5-12,,,Process-Piping-Design-Rip-Weaver-Volume-1_p0098_fig01;Process-Piping-Design-Rip-Weaver-Volume-1_p0099_fig01,"![Figure 5-7. Fire monitor nozzles. Courtesy of Elkhart Brass Mfg. Co., Inc.](figures/Process-Piping-Design-Rip-Weaver-Volume-1_p0092_fig01_fire-monitor-nozzles-elkhart.png)  ## Elkhart Monitor Nozzles  Elkhart manufactures a complete line of Deck Pipes or Monitor Nozzles. There are eight different styles and three different sizes to choose from. Elkhart monitor nozzles are the only ones manufactured with double row, full diameter nylon bearings. These ""King-sized"" bearings make the nozzles extremely easy to operate at high pressures and never need to be lubricated. Even at high pressures, one man can easily control any of these nozzles. Nozzles are normally supplied with a discharge tube and one tip, 500 G.P.M., 1100 G.P.M. and hydrant Monitor nozzles are supplied with a 2½"" × 2½"" No. 282 discharge tube and No. 181 tip, 2000 G.P.M. Monitor nozzles are supplied with a 3½"" × 3½"" No. 284 discharge tube and No. 181-3 tip. All 293 and 294 Monitors are available with a gauge and gauge guard at extra cost. Frequently it is desirable to use a combination straight stream and fog nozzle on these monitors such as the CF (500 G.P.M.), CJN (2000 G.P.M.), J (500 G.P.M.), JN (1100 G.P.M.) or the remote controlled Sky Chief nozzle. When these are used, tubes and tips are not necessary and price of these can be applied against the price of the fog nozzle. Monitors are available with either female TIPT or ASA flat-faced flanged bases (see list of available bases). All discharge tubes are equipped with double stream shapers. Brass body painted red — specify either polished brass or chromium plated trim.  ### 292 Handle Operated Monitor  Full 360° rotation with lock — Maximum elevation with handle control — Has positive elevation lock.  - 292-6 for discharges from 200 to 600 G.P.M. - 292-11 for discharges from 600 to 1100 G.P.M. - 292-20 for discharges from 1100 to 2000 G.P.M.  ### 293 Single Wheel Operated Monitor  Full 360° rotation with lock — Maximum elevation by wheel operated worm gears which lock positively unless the wheel is turned.  - 293-6 for discharges from 200 to 600 G.P.M. - 293-11 for discharges from 600 to 1100 G.P.M. - 293-20 for discharges from 1100 to 2000 G.P.M.  ### 294 Double Wheel Operated Monitor  Wheel-operated worm gears control both vertical and horizontal operation and lock automatically — full 360° rotation.  - 294-11 for discharges from 600 to 1100 G.P.M. - 294-20 for discharges from 1100 to 2000 G.P.M.  ---"
SEC-PPDRWV1-0126,Process-Piping-Design-Rip-Weaver-Volume-1,PPDRWV1,Tail Pipe Cuts,2,Tail Pipe Cuts,3302,3305,23,23,Process-Piping-Design-Rip-Weaver-Volume-1.html#SEC-PPDRWV1-0126,a8897ca90668,True,False,False,5-12,,,,"on cooling water in overhead pipeway, but this means that their racks will be larger and laterals to exchangers will be longer and consume more fittings. The most economical system will employ underground headers routed outside of the channel end of exchangers, causing very short lateral lines. If possible during plot plan development, locate all exchangers using cooling water on one side of the unit pipeway. This would eliminate having two sets of supply and return headers. If one or two small water users must be located on the opposite side, a subheader could be run across the road from the main header to feed them.  Locating the cooling water headers at the channel end of the exchangers and the drains under the unit pipe rack clear for underground drains and electrical distribution envelopes. It simplifies maintenance when needed and keeps these big headers free and clear of foundations."
SEC-PPDRWV1-0127,Process-Piping-Design-Rip-Weaver-Volume-1,PPDRWV1,Chapter 5,2,Chapter 5,3306,3307,23,23,Process-Piping-Design-Rip-Weaver-Volume-1.html#SEC-PPDRWV1-0127,a34fdbb4aeff,True,False,False,,,,,"Space underground cooling water supply and return headers at least 5' apart (clear) and insulate (steel) to keep heat from being conducted through the earth from the hotter return header to the cooler supply header. Branches are to have 1'-6"" clear for shovel room only."
SEC-PPDRWV1-0128,Process-Piping-Design-Rip-Weaver-Volume-1,PPDRWV1,Review Test,3,Review Test,3308,3357,23,23,Process-Piping-Design-Rip-Weaver-Volume-1.html#SEC-PPDRWV1-0128,9072b98823f3,True,False,False,6-2;6-3;6-4;6-5,,,,"The closed process pump-out system is usually located underground. It is a pressurized carbon steel pipe connecting to the unit's vessels, exchangers and some pumps, routed to a pump manifold so it can be used as a pump-out sump, which pumps the unit down discharging to a storage tank in the tank farm. This system is run with 90° elbows, clean-outs and manholes are not provided.  ## Glycol Lines  Glycol lines in cold process gasoline plants should always be run underground. Glycol is routed to inlet gas chillers and are discharged from a positive displacement pump. This pump raises the pressure from 50 psig to over 1000 psig and due to the pump design the small glycol line is subject to intense pulsation from each thrust of the pump's plunger. When this line is located aboveground it has a good chance of shaking, rattling in the rack, and eventually fatiguing and leaking at joints.  ## Steam Tracing  **Steam Tracing** is the term used to describe the transfer of heat from a foreign source to piping systems. Tracing is usually accomplished by a steam tracer line, but sometimes this gives way to electric tracing, where an electrical wire transmits heat to the pipe.  Figure 5-8 shows how steam tracers are installed inside insulated lines. Steam traced lines may have one or more tracers depending on the amount of heat transfer required for the fluid. Insulation for steam traced lines must be sized one size larger than usual size to accommodate the tracer. For example, 8"" insulation would be ordered for 6"" lines, etc. Since the fluid stays in employ a flat tape, woven insulation is not necessary.  Steam tracing is used to keep liquids from freezing in cold climates, to protect viscous fluid from congealing or solidifying and to vaporize small amounts of hydrocarbon condensate that may form in a vapor service.  ½"" copper-iron tubing, with flared fittings, is the most common and least expensive method of steam tracing. Properly installed, all flared joints will be located outside the insulation where any leak can be observed and repaired. This also will prevent damage to insulation should a leak occur. Steam of 100 to 150 psig is usually economically available for tracing.  ## Steam Tracing Design Practice  The ""Low January Average"" is available from the U.S. Weather Bureau office for any particular area. The Weather Bureau calculates this by averaging the low temperatures for the entire month. This Low January Average is used as the design low temperature for determining extent of tracing or ""winterizing.""  For a Low January Average of 30°F or higher, winterizing is specified only where a low temperature reading below 30°F is recorded several days of the month, lasting 24 hours or longer.  For a Low January Average of 0°F to 29°F, trace water must be protected from freezing. Trace water to maintain a temperature of approximately 75°F. Hydrocarbons containing water must have tracing applied to ""low"" areas, where water (which is heavier) can settle out and become a freezing hazard.  ---  ![Figure 5-8. Section of steam tracer.](figures/Process-Piping-Design-Rip-Weaver-Volume-1_p0094_fig01_section-of-steam-tracer.png)  All fluids with pour points at or above the low ambient design temperature should be traced to maintain a temperature approximately 100°F above their pour point. Pour point temperatures of all fluids are available from chemical engineering handbooks.  For a Low January Average below 0°F:  - Winterizing is required for water and aqueous solutions. Trace to maintain temperature of approximately 75°F. - Fluids with pour points at or above the low ambient design temperature should be traced to maintain a temperature approximately 100° above their pour point.  Special consideration is given to the following:  - Buried lines, because of the deep frost line. - Air intakes to boilers and other heating equipment. - Cooling towers and air coolers.  Equipment Winterizing  Pumps are preferably winterized with companion piping. Compressors, blowers and other mechanical equipment are specified for operation at low ambient design temperature.  Storage tanks and vessels have winterized type drains.  Water draw off sections of vessels and bottoms of Air or Gas receivers where water can collect are heat traced."
SEC-PPDRWV1-0129,Process-Piping-Design-Rip-Weaver-Volume-1,PPDRWV1,Pipe Bends,2,Pipe Bends,3358,3363,23,23,Process-Piping-Design-Rip-Weaver-Volume-1.html#SEC-PPDRWV1-0129,4bf5c125cec4,True,False,False,,6-7,,,"## Materials for Steam Tracing  Tracers shall be O.D. tubing. Soft annealed copper tubing shall be used where temperature of the product line or tracing steam does not exceed 400°F. Above this temperature dead soft annealed hydraulic quality, low carbon stainless steel tubing shall be used.  For stainless steel lines, the tracer material shall be low carbon steel. Stainless steel instrument leads shall be traced with copper tubing."
SEC-PPDRWV1-0130,Process-Piping-Design-Rip-Weaver-Volume-1,PPDRWV1,Miter Welds,2,Miter Welds,3364,3367,23,23,Process-Piping-Design-Rip-Weaver-Volume-1.html#SEC-PPDRWV1-0130,f7eee94c9e1c,True,False,False,,6-8,,,"For aluminum pipe lines, the tracer material shall be stainless steel.  For conditions where the tracer could overheat lines containing acid, caustic, amine, phenolic water, or other chemicals insulation spacer blocks shall be installed between tracer and pipe."
SEC-PPDRWV1-0131,Process-Piping-Design-Rip-Weaver-Volume-1,PPDRWV1,Small Fittings,2,Small Fittings,3368,3371,23,23,Process-Piping-Design-Rip-Weaver-Volume-1.html#SEC-PPDRWV1-0131,235d0c933d77,True,False,False,,6-9,,,"Each tracer shall have its own trap. Tracer traps shall discharge to sewer. If condensate must be collected, minimum usable pressure is 25 psig.  Tracer Size and Length"
SEC-PPDRWV1-0132,Process-Piping-Design-Rip-Weaver-Volume-1,PPDRWV1,The Triangle,2,The Triangle,3372,3375,23,23,Process-Piping-Design-Rip-Weaver-Volume-1.html#SEC-PPDRWV1-0132,e8e69f67d997,True,False,False,,,,,"a. Required tracer size is determined by piping heat loss and tracer steam pressure found in the ""Heat Loss Chart"" (Figure 5-9).  ---"
SEC-PPDRWV1-0133,Process-Piping-Design-Rip-Weaver-Volume-1,PPDRWV1,The Cutback,2,The Cutback,3376,3911,23,114,Process-Piping-Design-Rip-Weaver-Volume-1.html#SEC-PPDRWV1-0133,643229c6efd9,True,False,False,6-1;6-2;6-3;6-4;6-5,6-1;6-14;6-15;6-16;6-2;6-4;6-5;6-6,,Process-Piping-Design-Rip-Weaver-Volume-1_p0103_fig01;Process-Piping-Design-Rip-Weaver-Volume-1_p0104_fig01;Process-Piping-Design-Rip-Weaver-Volume-1_p0104_tbl01;Process-Piping-Design-Rip-Weaver-Volume-1_p0104_fig02;Process-Piping-Design-Rip-Weaver-Volume-1_p0105_fig01;Process-Piping-Design-Rip-Weaver-Volume-1_p0105_tbl01;Process-Piping-Design-Rip-Weaver-Volume-1_p0106_fig01;Process-Piping-Design-Rip-Weaver-Volume-1_p0106_tbl01;Process-Piping-Design-Rip-Weaver-Volume-1_p0107_fig01;Process-Piping-Design-Rip-Weaver-Volume-1_p0107_tbl01;Process-Piping-Design-Rip-Weaver-Volume-1_p0108_fig01;Process-Piping-Design-Rip-Weaver-Volume-1_p0108_tbl01;Process-Piping-Design-Rip-Weaver-Volume-1_p0109_tbl01;Process-Piping-Design-Rip-Weaver-Volume-1_p0109_fig01;Process-Piping-Design-Rip-Weaver-Volume-1_p0110_tbl01;Process-Piping-Design-Rip-Weaver-Volume-1_p0110_fig01;Process-Piping-Design-Rip-Weaver-Volume-1_p0111_tbl01;Process-Piping-Design-Rip-Weaver-Volume-1_p0111_fig01;Process-Piping-Design-Rip-Weaver-Volume-1_p0112_fig01;Process-Piping-Design-Rip-Weaver-Volume-1_p0112_tbl01;Process-Piping-Design-Rip-Weaver-Volume-1_p0113_fig01;Process-Piping-Design-Rip-Weaver-Volume-1_p0113_tbl01;Process-Piping-Design-Rip-Weaver-Volume-1_p0114_tbl01,"![Figure 6-9. Heat loss chart for steam tracing. Courtesy of Fluor Corp.](figures/Process-Piping-Design-Rip-Weaver-Volume-1_p0095_fig01_heat-loss-chart-steam-tracing.png)  ---  b. Minimum tracer size at 3/8"" O.D. tubing; maximum size is 1"" O.D. tubing. For economy, where ""Heat Loss Chart"" indicates the requirements for multiple tracers, a single tracer with heat transfer cement should be considered.  c. When using heat transfer cement, tracers of 3/8"" and 1/2"" are recommended. If more tracer area is required, multiple tracers of 3/8"" and 1/2"" are used.  d. Maximum tracer lengths are based on tracer size and steam pressure as follows:  1. Steam pressure 15 thru 25 psig:     200' for 3/8"" and 1/2"" tracers, 300' for 3/4"" and 1"" tracers.  2. Steam pressure 50 thru 200 psig:     200' for 3/8"" and 1/2"" tracers, and 400' for 3/4"" and 1"" tracers.  Tracer lengths for tracing with heat transfer cement shall be based on recommendation of manufacturer.  **Tracer Pocket Depth**  Pocket depth is the distance the tracer rises in the direction of flow from a low point to a high point. The *total* pocket depth is the sum of all risers of the tracer.  Maximum tracer total pocket depth is equal to 40% of tracing steam gage pressure expressed in feet.  Example: Tracing steam 150 psig; 150 x .40 = 60' total pocket depth.  Figure 5-9, heat loss chart, is used to determine the size and number of steam tracers. Note that this chart is based on no wind and heat loss must be increased by the factors shown for the area's normal winter wind velocity.  *Example #1, water line:*  A 4"" water line is to be maintained at 35° minimum fluid temperature. The low ambient design temperature is −10°.  $\Delta t_1 = 35°$ minus $(−10°) = 45°$  Available steam 30 psig at 250°.  > **Table - Table 5-4 Flow Diagram Legend for Winterizing** - see [XLSX](tables/Process-Piping-Design-Rip-Weaver-Volume-1_p0096_tbl01_flow-diagram-legend-winterizing.xlsx) and [source crop](tables/Process-Piping-Design-Rip-Weaver-Volume-1_p0096_tbl01_flow-diagram-legend-winterizing.png)  | :--- | :--- | | **ST** | Steam traced and minimum insulation | | **STS** | Steam traced with spacers and minimum insulation | | **STT** | Steam traced with heat transfer cement and insulated | | **SJ** | Steam jacketed pipe and insulated | | **ET** | Electric traced and minimum insulation | | **ETT** | Electric traced with heat transfer cement and insulated | | **WD** | Winter drained and no insulation | | **WC** | Winter circulated and no insulation | | **WF** | Winter flushed and no insulation |  Equipment: List the symbol with the title.  - **ST** 1"" insulation, steam traced - **ET** 1"" insulation, electric traced - **PP** 3"" insulation, process protection  Instruments: List the symbol next to the instrument number circle.  - **ST** Steam traced and minimum insulation - **ET** Electric traced and minimum insulation - **WS** Winter seal  Minimum fluid temperature = 35°.  $\Delta t_2 = 250°$ minus $35° = 215°$.  Entering a 4"" line and 45 for $\Delta t_1$ and 215 for $\Delta t_2$, one 3/8"" O.D. tracer is indicated.  *Example #2, Process Line:*  An 8"" line is to be maintained at 125° minimum fluid temperature. The low ambient design temperature is 25°.  $\Delta t_1 = 125°$ minus $25° = 100°$.  Available steam 150 psig at 365°.  Minimum fluid temperature = 125°.  $\Delta t_2 = 365°$ minus $125° = 240°$.  Entering an 8"" line and 100° for $\Delta t_1$ and 240° for $\Delta t_2$, one 3/8"" O.D. tracer is indicated.  ## Winterizing Flow Diagram Symbols  Winterizing is accomplished by several means, in addition to steam **tracing**. Whatever the means, winterizing must be shown on the flow diagram to  ---  ![Figure 5-10. Detail of directing flow in flare header.](figures/Process-Piping-Design-Rip-Weaver-Volume-1_p0097_fig01_directing-flow-flare-header.png)  communicate it to the customer, the field, the operation people and the piping designer. The usual place to communicate this is immediately after the line number and size. For instance, 427A-6"" ST means that line 427 is material specification A, 6"" line size, and is steam traced. Winterizing symbols may vary between companies, but Table 5-4 depicts terminology that is fairly common.  ## Flare Systems  *Flare* is the term used for the system which disposes of a plant's waste gases. Flare stacks are the tall structures that route the gas to the atmosphere, usually with a ""flare tip"" which ignites the gas. Not all flare stacks are ignited. In some parts of the world, such as Lake Maracaibo in Venezuela, the government will not allow a flame and the gas is vented directly to the atmosphere.  Flare headers are the lines in units that receive relief valve discharges, vents, etc., and route this gas to a flare knock-out drum which separates any liquid that may have condensed in the line. Waste gas from the knock-out drum is then routed to the flare stack. Knock-out drums are located at the flare stack to keep the line from the drum to the stack as short as possible.  It is quite normal to have two flare headers and two knock-out drums, feeding one flare stack or possibly separate stacks. One is for the low pressure flare, for relief valves set at 175 psig or below, and one is for the high pressure flare, for relief valves with set pressures above 175 psig. This pressure break point will vary from plant to plant and is determined by a process pressure drop calculation and allowable back pressure in the low pressure flare header. When two flare headers are required, the utility flow diagram will show the pressure break point and which lines will vent into each header.  Flare headers must be self-draining from origin to the flare knock-out drum. There should be no rises in the header as these will form pockets where condensed liquids will accumulate and eventually block the vapor flow.  Lines from relief valves to the flare headers must also be routed to be self-draining into the top  ---  ![Figure 5-11. Drain valve installation for flare line.](figures/Process-Piping-Design-Rip-Weaver-Volume-1_p0098_fig01_drain-valve-installation-flare-line.png)  of the header. This means relief valves will be located higher than the flare header and the unit flare header is usually one of the highest lines in the pipe rack to keep it flowing down to the knock-out drum. High pressure relief valve discharges should have the flow directed into the header. This would apply for relief valve set pressures of over 1000 psig. Figure 5-10 shows the piping detail for directing flow into a flare header.  There are cases where it is impossible or impractical to keep relief valve outlets descending to the flare header. But in no case can a liquid pocket be allowed to cause uncalculated back pressure on the relief valve. When pressure must be relieved, the relief valve must have a smooth flowing outlet line to rid the piping of overpressure. When the relief valve outlet must be lower than the flare header, piping shall conform to Figure 5-11, drain valve installation for flare line. The manual drain valve must be accessible from grade or platform.  This installation would require regular draining by the unit operators. Note that the flare line goes into the top of the flare header. This must always go in the top to prevent any condensate which may be in the header from backing up in the lateral coming from the relief valve.  Dead legs in cold climates must be steam traced to prevent freezing. Steam tracing may evaporate all condensate in the leg and this is one method of ridding dead legs of accumulated liquids. Even when steam tracing is used the manual drain valve must be provided.  If the dead leg is in a spot where it prevents access (by ladder or platform) to the drain valve, provide two valves. One shall be located at the dead leg, as shown in Figure 5-11, which shall always be left open. The other valve shall be located at the drain funnel and this will be the operating valve. The line to the operating valve will be s"
SEC-PPDRWV1-0134,Process-Piping-Design-Rip-Weaver-Volume-1,PPDRWV1,Table 6-6,2,Table 6-6,3912,3977,111,115,Process-Piping-Design-Rip-Weaver-Volume-1.html#SEC-PPDRWV1-0134,ab4087a553ba,True,False,False,6-6,6-6,,Process-Piping-Design-Rip-Weaver-Volume-1_p0114_fig01;Process-Piping-Design-Rip-Weaver-Volume-1_p0115_tbl01,"| 2 – 9 | 1-5-1/4 | 8-13/16 | 9-9/16 | 9-7/16 | 9-7/16 | 9-7/16 | 9-11/16 | 9-11/16 | 9-15/16 | 10-1/4 | | 2 – 10 | 1-5-11/16 | 9-1/16 | 9-11/16 | 9-11/16 | 9-3/4 | 9-7/8 | 10 | 10-1/4 | 10-1/2 | | | 2 – 11 | 1-6-5/16 | 9-3/16 | 9-15/16 | 9-15/16 | 9-15/16 | 10 | 10-1/4 | 10-1/2 | 10-3/4 | | | 3 – 0 | 1-6-7/8 | 9-5/8 | 9-15/16 | 10-3/16 | 10-1/4 | 10-3/8 | 10-1/2 | 10-3/4 | 11 | | | 3 – 1 | 1-7-3/8 | 9-11/16 | 9-11/16 | 9-7/16 | 10-3/16 | 10-3/8 | 10-1/2 | 10-3/4 | 11 | 11-5/16 | | 3 – 2 | 1-7-7/8 | 10-3/16 | 10-1/2 | 10-11/16 | 10-13/16 | 10-15/16 | 11-1/16 | 11-5/16 | 11-5/8 | 11-7/8 | | 3 – 3 | 1-8-7/8 | 10-7/16 | 10-7/16 | 10-11/16 | 11-3/16 | 11-1/16 | 11-5/16 | 11-5/16 | 11-5/16 | 1 – 0-1/8 |  *Source: Texas Pipe Bending Co., Inc., Houston, Texas.*  <!-- PDF2MD-ASSETS:BEGIN page=109 -->  #### Unmatched Page Assets  ![Pipe bend geometry diagram showing radius \(R\), center-to-end \(CE\), back center-to-end \(B/CE\), and arc length dimensions for a 30° bend](figures/Process-Piping-Design-Rip-Weaver-Volume-1_p0109_fig01_pipe-bend-30deg-dimension-diagram.png)  <!-- PDF2MD-ASSETS:END page=109 -->  ---  > **Table - Table 6-2 Center-to-end \(CE\), Back Center-to-end \(B/CE\) and Arc Length for 30° Bends of Varying Radii and Pipe Sizes** - see [XLSX](tables/Process-Piping-Design-Rip-Weaver-Volume-1_p0110_tbl01_table-6-2-ce-bce-arc-30deg-bends.xlsx) and [source crop](tables/Process-Piping-Design-Rip-Weaver-Volume-1_p0110_tbl01_table-6-2-ce-bce-arc-30deg-bends.png)  **Table 6-2** Center-to-end (CE), Back Center-to-end (B/CE) and Arc Length for 30° Bends of Varying Radii and Pipe Sizes  ![Fig. 6-2 Diagram showing CE, B/CE, and Arc dimensions on a 30° pipe bend](figures/Process-Piping-Design-Rip-Weaver-Volume-1_p0110_fig01_fig-6-2-30deg-bend-ce-bce-arc-diagram.png)  | Feet — Inches | | (B/CE) Nominal Pipe Sizes | |:---|:---|:---|:---|:---|:---|:---|:---|:---|:---|:---|:---|:---|  | Rad. | Arc | (CE) | 2 | 3 | 4 | 5 | 6 | 8 | 10 | 12 | |:-----|:----|:-----|:---|:---|:---|:---|:---|:---|:----|:----| | 3–4 | 1–8 15/16 | 10 11/16 | 11 | 11–3/16 | 11–4/16 | 11–7/16 | 11–9/16 | 11–13/16 | 1 – 0–3/8 | | | 3–4 | 1–9 1/2 | 11 | 11 5/16 | 11 1/2 | 11 4/9 | 11 3/4 | 11 1/8 | 1 – 0–1/8 | 1 – 0–2/16 | 1 – 0–15/16 | | 3–8 | 1–10 | 11 1/2 | 11 9/16 | 11 8/9 | 11 8/8 | 11 – 9 | 1 – 0–1/8 | 1 – 0–4/8 | 1 – 0–9/16 | 1 – 1–3/16 | | 3–9 | 1–10 1/2 | 11 1/2 | 11–13/16 | 1 – 0 | 1 – 0–8/8 | 1 – 0–3/8 | 1 – 0–3/8 | 1 – 0–9/16 | 1 – 0–15/16 | 1 – 1–3/16 | | 3–8 | 1–11 1/16 | 11–13/16 | 1 – 0–1/8 | 1 – 0–5/16 | 1 – 0–9/16 | 1 – 0–9/16 | 1 – 0–11/16 | 1 – 1–5/16 | 1 – 1–1/4 | 1 – 1–1/2 | | 3–9 | 1–11 3/4 | 1 – 0–1/8 | 1 – 0–5/16 | 1 – 0–11/16 | 1 – 0–11/16 | 1 – 0–15/16 | 1 – 0–15/16 | 1 – 1–5/16 | 1 – 1–1/2 | 1 – 1–3/4 | | 3–10 | 1–12 | 1 – 0–5/16 | 1 – 0–9/16 | 1 – 0–6/16 | — | 1 – 1–1/16 | 1 – 1–1/4 | 1 – 1–3/16 | 1 – 1–3/4 | 1 – 2 | | 3–11 | 2 – 0–5/16 | 1 – 0–7/8 | 1 – 1 3/16 | 1 – 1 3/8 | 1 – 1–4/2 | 1 – 1–5/8 | 1 – 1–3/4 | 1 – 2 | 1 – 2–5/16 | 1 – 2–9/16 | | 4–0 | 2 – 1–1/16 | 1 – 1–3/16 | 1 – 1–7/16 | 1 – 1–11/16 | — | 1 – 2 | 1 – 2–1/4 | — | 1 – 2–9/16 | 1 – 2–7/8 | | 4–2 | 2 – 1–11/16 | 1 – 11/16 | 1 – 1–11/16 | 1 – 2–2/16 | 1 – 2–3/16 | 1 – 2–1/16 | 1 – 2–1/2 | — | 1 – 3–1/16 | 1 – 3–1/16 | | 4–2 | 2 – 2 11/16 | 1 – 11/16 | — | 1 – 2–5/16 | 1 – 2–6/16 | 1 – 2–7/16 | 1 – 2–9/16 | 1 – 2–13/16 | 1 – 3–1/8 | 1 – 3–5/8 | | 4–3 | 2 – 3–1/4 | 1 – 2–3/4 | — | 1 – 2–15/16 | 1 – 2–11/16 | 1 – 3–1/16 | 1 – 3–1/4 | 1 – 3–1/2 | 1 – 3–7/8 | 1 – 4 | | 4–5 | 2 – 3–3/4 | 1 – 3 | — | 1 – 3–3/16 | — | 1 – 3–1/8 | 1 – 3–1/2 | 1 – 3–3/4 | 1 – 4–1/8 | 1 – 4–3/16 | | 4–6 | 2 – 4–13/16 | 1 – 3–1/4 | — | 1 – 3–7/16 | 1 – 3–9/16 | 1 – 3–3/4 | 1 – 3–15/16 | 1 – 4–3/16 | 1 – 4–9/16 | 1 – 4–7/8 | | 4–7 | 2 – 4–13/16 | 1 – 2–3/4 | — | 1 – 3–1/4 | 1 – 3–1/4 | 1 – 3–3/9 | 1 – 3–1/2 | 1 – 3–3/4 | 1 – 4–1/8 | 1 – 4–7/16 | | 4–5 | 2 – 5 5/16 | 3 | — | 1 – 3–7/8 | — | 1 – 4–1/4 | — | — | 1 – 4–3/8 | 1 – 4–5/16 | | 4–9 | 2 – 5 3/4 | 1 – 3–1/2 | — | 1 – 4 | 1 – 4–1/8 | 1 – 4–3/8 | 1 – 4–5/16 | 1 – 4–13/16 | 1 – 5–3/16 | 1 – 5–1/2 | | 4–10 | 2 – 6 3/8 | 1 – 3–5/16 | 1 – 3–7/8 | 1 – 4–1/8 | 1 – 4–5/16 | 1 – 4–1/4 | 1 – 4–1/4 | 1 – 4–3/4 | 1 – 4–15/16 | 1 – 4–7/16 | | 4–11 | 2 – 6–5/16 | 1 – 3–7/16 | 1 – 4 | 1 – 4–3/16 | 1 – 4–7/16 | 1 – 4–9/16 | 1 – 4–13/16 | 1 – 5–1/16 | 1 – 5–7/16 | 1 – 5–3/4 | | 5–0 | 2 – 7–3/16 | 1 – 4 | 1 – 4–3/16 | 1 – 4–7/16 | 1 – 4–11/16 | 1 – 4–13/16 | 1 – 5–1/16 | 1 – 5–5/16 | 1 – 5–11/16 | 1 – 6 | | 5–1 | 2 – 7–3/16 | 1 – 4–3/16 | — | 1 – 4–11/16 | — | 1 – 5–1/16 | 1 – 5–5/16 | — | 1 – 5–15/16 | — | | 5–2 | 2 – 8 | 1 – 4–7/16 | — | 1 – 4–15/16 | — | 1 – 5–5/16 | 1 – 5–9/16 | 1 – 5–13/16 | 1 – 6–3/16 | 1 – 6–1/2 | | 5–3 | 2 – 8–11/16 | 1 – 4–11/16 | — | 1 – 5–3/16 | — | 1 – 5–9/16 | 1 – 5–13/16 | 1 – 6–1/16 | 1 – 6–7/16 | 1 – 6–3/4 | | 5–4 | 2 – 8–11/16 | 1 – 4–5/8 | — | 1 – 5–1/8 | — | 1 – 5–1/2 | 1 – 5–3/4 | — | 1 – 6–5/16 | — | | 5–5 | 2 – 9–3/8 | 1 – 4–7/16 | — | 1 – 5–5/16 | 1 – 5–7/16 | 1 – 5–3/4 | 1 – 6–1/16 | 1 – 6–5/16 | 1 – 6–11/16 | 1 – 7 | | 5–6 | 2 – 10 | 1 – 5–1/16 | — | 1 – 5–9/16 | 1 – 5–11/16 | 1 – 6 | 1 – 6–3/16 | 1 – 6–9/16 | 1 – 6–15/16 | 1 – 7–1/4 | | 5–7 | 2 – 10–1/16 | 1 – 5–3/8 | — | 1 – 5–13/16 | 1 – 5–15/16 | 1 – 6–1/4 | 1 – 6–7/16 | 1 – 6–11/16 | 1 – 7–3/16 | 1 – 7–1/2 | | 5–8 | 2 – 10–15/16 | 1 – 5–5/8 | — | 1 – 6–1/16 | 1 – 6–3/16 | 1 – 6–1/2 | 1 – 6–11/16 | 1 – 6–15/16 | 1 – 7–7/16 | 1 – 7–3/4 | | 5–9 | 2 – 11–5/8 | 1 – 5–7/8 | — | 1 – 6–5/16 | 1 – 6–7/16 | 1 – 6–3/4 | 1 – 6–15/16 | 1 – 7–3/16 | 1 – 7–5/8 | 1 – 8 | | 5–10 | 3 – 0–1/8 | 1 – 6 | — | 1 – 6–1/2 | 1 – 6–5/8 | 1 – 6–15/16 | 1 – 7–3/16 | 1 – 7–7/16 | 1 – 7–7/8 | 1 – 8–3/16 | | 5–11 | 3 – 0–7/8 | 1 – 6–1/4 | — | 1 – 6–3/4 | 1 – 6–7/8 | 1 – 7–3/16 | 1 – 7–7/16 | 1 – 7–11/16 | 1 – 8–1/8 | 1 – 8–7/16 | | 6–0 | 3 – 1–7/16 | 1 – 6–1/2 | — | 1 – 7 | 1 – 7 | 1 – 7–7/16 | 1 – 7–11/16 | 1 – 7–15/16 | 1 – 8–3/8 | 1 – 8–11/16 |  *Source: Texas Pipe Bending Co., Inc., Houston, Texas.*"
SEC-PPDRWV1-0135,Process-Piping-Design-Rip-Weaver-Volume-1,PPDRWV1,Pipe Fabrication,1,Pipe Fabrication,3978,4045,111,117,Process-Piping-Design-Rip-Weaver-Volume-1.html#SEC-PPDRWV1-0135,2f37fece5c37,True,False,False,6.8A,6-8S;6.8A,,Process-Piping-Design-Rip-Weaver-Volume-1_p0116_fig01;Process-Piping-Design-Rip-Weaver-Volume-1_p0116_tbl01;Process-Piping-Design-Rip-Weaver-Volume-1_p0117_fig01;Process-Piping-Design-Rip-Weaver-Volume-1_p0117_tbl01,"---  > **Table - Table 6-2 Center-to-End \(CE\), Back Center-to-End \(B/CE\) and Arch Length for 45° Bends of Varying Radii and Pipe Sizes** - see [XLSX](tables/Process-Piping-Design-Rip-Weaver-Volume-1_p0111_tbl01_table-6-2-ce-bce-45deg-bends.xlsx) and [source crop](tables/Process-Piping-Design-Rip-Weaver-Volume-1_p0111_tbl01_table-6-2-ce-bce-45deg-bends.png)  **Table 6-2** Center-to-End (CE), Back Center-to-End (B/CE) and Arch Length for 45° Bends of Varying Radii and Pipe Sizes  | Feet – Inches | | | (B/CE) Nominal Pipe Sizes | | | | | | | | | :--- | :--- | :---: | :---: | :---: | :---: | :---: | :---: | :---: | :---: | :---: | | Rad. | Feet | CE | 2 | 3 | 4 | 6 | 8 | 10 | 10 | 12 | | 5 | | 4-11/16 | 2-1/2 | 3 | | | | | | | | 6 | | 5-1/2 | 2-7/8 | 3-3/8 | | | | | | | | 7 | | 6-5/16 | 3-3/16 | 3-5/16 | | | | | | | | 8 | | 7-1/16 | 3-3/4 | 4-1/8 | | | | | | | | 9 | | 7-7/8 | 4-1/8 | 4-5/8 | 4-7/8 | | | | | | | 10 | | 8-8/8 | 4-9/16 | 5-1/16 | 5-1/8 | | | | | | | 11 | | 9-7/16 | 5-1/2 | 5-15/16 | | | | | | | | 1 – 0 | | 10-3/16 | 5-3/8 | 5-7/8 | 6-1/8 | 6-5/16 | | | | | | 1 – 1 | | 11 | 5-13/16 | 6-3/8 | 6-8/16 | 6-3/4 | | | | | | 1 – 2 | | 11-3/4 | 6-5/16 | 6-11/16 | 7-1/16 | 7-3/16 | 7-8/16 | | | | | 1 – 3 | | 1-0-9/16 | 6-5/8 | 7-1/16 | 7-1/8 | 7-5/8 | | | | | | 1 – 4 | | 1-1-3/8 | 7-1/16 | 7-9/16 | 7-13/16 | 8 | 8-3/16 | | | | | 1 – 5 | | 1-2-3/16 | 7-7/16 | 7-15/16 | 8-3/16 | 8-3/8 | 8-3/4 | | | | | 1 – 6 | | 1-2-15/16 | 7-15/16 | 8-12/16 | 8-3/16 | 9-1/16 | 9-1/4 | 9-11/16 | | | | 1 – 7 | | 1-3-3/4 | 8-5/16 | 8-13/16 | 9-1/16 | 9-1/2 | 9-11/16 | 10-1/16 | | | | 1 – 8 | | 1-4-1/2 | 8-11/16 | 9-3/16 | 9-7/16 | 9-9/10 | 9-13/16 | 10-1/16 | 10-1/4 | | | 1 – 9 | | 1-4-1/2 | 9-1/8 | 9-5/8 | 9-7/8 | 10-1/16 | 10-1/4 | 10-1/2 | | | | 1 – 10 | | 1-6-1/16 | 9-1/2 | 10-1/16 | 10-5/16 | 10-9/16 | 10-15/16 | 10-15/16 | | | | 1 – 11 | | 1-6-7/8 | 9-7/8 | 10-7/16 | 10-11/16 | 11-1/16 | 11-1/4 | 11-5/16 | 11-3/4 | | | 2 – 0 | | 1-7-5/8 | 10-3/8 | 10-7/8 | 11-1/8 | 11-5/16 | 11-1/2 | 11-3/4 | | 0-3/16 | | 2 – 1 | | 1-8-7/16 | 10-11/16 | 11-5/16 | 11-9/16 | 11-11/16 | 11-15/16 | 12-1/16 | | 0-5/16 | | 2 – 2 | | 1-9-3/16 | 11-1/16 | 11-11/16 | 11-15/16 | | | | | | | 2 – 3 | | 1-10 | 11-9/16 | 12-1/16 | | 1-0-5/16 | 1-1/8 | | | | | 2 – 4 | | 1-10-13/16 | 11-5/8 | | 1-0-1/8 | 1-0-7/16 | 1-0-9/16 | 1-1-1/16 | | | | 2 – 5 | | 1-11-9/16 | | | 1-0-1/2 | 1-0-15/16 | 1-1-1/8 | | | | | 2 – 6 | | 2-0-3/8 | 1-0-3/4 | 1-0-7/8 | 1-0-7/8 | 1-1-5/16 | 1-1-1/2 | 1-1-15/16 | 1-2-1/2 | 1-2-13/16 | | 2 – 7 | | 2-1-3/16 | 1-1-1/8 | 1-1-5/8 | 1-1-3/4 | 1-1-13/16 | 1-1-15/16 | 1-2-5/16 | 1-2-3/4 | 1-3-1/16 | | 2 – 8 | | 2-1-15/16 | 1-1-9/16 | 1-2-1/16 | 1-2-3/16 | 1-2-3/16 | 1-2-3/8 | 1-2-13/16 | 1-3-5/16 | 1-3-9/16 | | 2 – 9 | | 2-2-13/16 | 1-2 | 1-2-1/2 | 1-2-5/8 | 1-2-11/16 | 1-2-13/16 | 1-3-3/16 | 1-3-11/16 | 1-4 | | 2 – 10 | | 2-3-1/2 | 1-2-3/8 | 1-2-7/8 | 1-3 | 1-3-3/16 | 1-3-5/16 | 1-3-11/16 | 1-4-3/16 | 1-4-7/16 | | 2 – 11 | | 2-4-5/16 | 1-2-13/16 | 1-3-5/16 | 1-3-7/16 | 1-3-11/16 | 1-3-13/16 | 1-4-3/16 | 1-4-11/16 | 1-4-15/16 | | 3 – 0 | | 2-5-1/8 | 1-3-1/4 | 1-3-11/16 | 1-3-7/8 | 1-4-1/16 | 1-4-1/4 | 1-4-5/8 | 1-5-3/16 | 1-5-7/16 | | 3 – 1 | | 2-5-7/8 | 1-3-5/8 | 1-4-1/8 | 1-4-5/16 | 1-4-1/2 | 1-4-11/16 | 1-5-1/16 | 1-5-9/16 | 1-5-13/16 | | 3 – 2 | | 2-6-3/4 | 1-4-1/16 | 1-4-9/16 | 1-4-3/4 | 1-4-15/16 | 1-5-1/8 | 1-5-9/16 | 1-6-1/16 | 1-6-5/16 | | 3 – 3 | | 2-7-1/2 | 1-4-7/16 | 1-5 | 1-5-3/16 | 1-5-7/16 | 1-5-5/8 | 1-6-1/16 | 1-6-1/2 | 1-6-3/4 |  *Source: Texas Pipe Bending Co., Inc., Houston, Texas.*  <!-- PDF2MD-ASSETS:BEGIN page=111 -->  #### Unmatched Page Assets  ![Pipe bend diagram showing radius \(R\), Center-to-End \(CE\), and Back Center-to-End \(B/CE\) dimensions](figures/Process-Piping-Design-Rip-Weaver-Volume-1_p0111_fig01_pipe-bend-ce-bce-diagram.png)  <!-- PDF2MD-ASSETS:END page=111 -->  ---  ![Table 6-4 diagram showing a 45° bend with labeled dimensions R, CE, CL, B/CE](figures/Process-Piping-Design-Rip-Weaver-Volume-1_p0112_fig01_45-degree-bend-dimensions-diagram.png)  > **Table - Table 6-4 Center-to-end \(CE\), Back Center-to-end \(B/CE\) and Arc Length for 45° Bends of Varying Radii and Pipe Sizes** - see [XLSX](tables/Process-Piping-Design-Rip-Weaver-Volume-1_p0112_tbl01_table-6-4-45-degree-bend-ce-bce-arc-leng.xlsx) and [source crop](tables/Process-Piping-Design-Rip-Weaver-Volume-1_p0112_tbl01_table-6-4-45-degree-bend-ce-bce-arc-leng.png)  **Table 6-4** Center-to-end (CE), Back Center-to-end (B/CE) and Arc Length for 45° Bends of Varying Radii and Pipe Sizes  | Pipe — Inches | | | (B/CE) Nominal Pipe Sizes | | | | | | | | | :--- | :--- | :---: | :---: | :---: | :---: | :---: | :---: | :---: | :---: | :---: | | **Rad** | **Arc** | **CE** | **2** | **3** | **4** | **6** | **8** | **10** | **12** |"
SEC-PPDRWV1-0136,Process-Piping-Design-Rip-Weaver-Volume-1,PPDRWV1,Pipe Fabrication,1,Pipe Fabrication,4046,4137,111,119,Process-Piping-Design-Rip-Weaver-Volume-1.html#SEC-PPDRWV1-0136,2888d1e9f522,True,False,False,,6-10;6-9A;6-9B,,Process-Piping-Design-Rip-Weaver-Volume-1_p0118_tbl01;Process-Piping-Design-Rip-Weaver-Volume-1_p0118_fig01;Process-Piping-Design-Rip-Weaver-Volume-1_p0118_tbl02;Process-Piping-Design-Rip-Weaver-Volume-1_p0118_fig02;Process-Piping-Design-Rip-Weaver-Volume-1_p0119_tbl01;Process-Piping-Design-Rip-Weaver-Volume-1_p0119_tbl02,"| 2–6 | 2–3/16 | 1–5/16 | 1–5/16 | 1–5/16 | 1–5/16 | 1–5/16 | 1–15/16 | 1–15/16 | — | — | | 2–8 | 2–5/8 | 1–1/2 | 1–5/8 | 1–5/8 | 1–5/8 | 1–5/8 | 2–1/8 | 2–1/8 | — | — | | 2–10 | 2–3/4 | 1–11/16 | 1–3/4 | 1–3/4 | 1–3/4 | 1–3/4 | 2–5/16 | 2–5/16 | — | — | | 3–0 | 3–1/8 | 1–7/8 | 2 | 2 | 2 | 2 | 2–1/2 | 2–1/2 | — | — | | 3–2 | 3–3/16 | 2 | 2–1/16 | 2–1/16 | 2–1/16 | 2–1/16 | 2–9/16 | 2–9/16 | — | — | | 3–4 | 3–7/16 | 2–1/16 | 2–3/16 | 2–3/16 | 2–3/16 | 2–3/16 | 2–11/16 | 2–11/16 | — | — | | 3–6 | 3–5/8 | 2–3/16 | 2–5/16 | 2–5/16 | 2–5/16 | 2–5/16 | 2–13/16 | 2–13/16 | — | — | | 3–8 | 3–13/16 | 2–5/16 | 2–7/16 | 2–7/16 | 2–7/16 | 2–7/16 | 2–15/16 | 2–15/16 | — | — | | 3–10 | 3–15/16 | 2–3/8 | 2–9/16 | 2–9/16 | 2–9/16 | 2–9/16 | 3–1/16 | 3–1/16 | — | — | | 4–0 | 4–1/16 | 2–1/2 | 2–11/16 | 2–11/16 | 2–11/16 | 2–11/16 | 3–3/16 | 3–3/16 | — | — | | 4–2 | 4–1/4 | 2–9/16 | 2–13/16 | 2–13/16 | 2–13/16 | 2–13/16 | 3–5/16 | 3–5/16 | — | — | | 4–4 | 4–7/16 | 2–11/16 | 2–7/8 | 2–7/8 | 2–7/8 | 2–7/8 | 3–7/16 | 3–7/16 | — | — | | 4–6 | 4–11/16 | 2–13/16 | 3 | 3 | 3 | 3 | 3–9/16 | 3–9/16 | — | — | | 4–8 | 4–13/16 | 2–15/16 | 3–1/8 | 3–1/8 | 3–1/8 | 3–1/8 | 3–11/16 | 3–11/16 | — | — | | 4–10 | 5 | 3 | 3–3/16 | 3–3/16 | 3–3/16 | 3–3/16 | 3–13/16 | 3–13/16 | — | — | | 5–0 | 5–3/16 | 3–1/8 | 3–5/16 | 3–5/16 | 3–5/16 | 3–5/16 | 3–15/16 | 3–15/16 | — | — | | 5–2 | 5–5/16 | 3–3/16 | 3–7/16 | 3–7/16 | 3–7/16 | 3–7/16 | 4–1/16 | 4–1/16 | — | — | | 5–4 | 5–1/2 | 3–5/16 | 3–9/16 | 3–9/16 | 3–9/16 | 3–9/16 | 4–3/16 | 4–3/16 | — | — | | 5–6 | 5–11/16 | 3–7/16 | 3–11/16 | 3–11/16 | 3–11/16 | 3–11/16 | 4–5/16 | 4–5/16 | — | — | | 5–8 | 5–13/16 | 3–9/16 | 3–13/16 | 3–13/16 | 3–13/16 | 3–13/16 | 4–7/16 | 4–7/16 | — | — | | 5–10 | 6 | 3–11/16 | 3–15/16 | 3–15/16 | 3–15/16 | 3–15/16 | 4–9/16 | 4–9/16 | — | — | | 6–0 | 6–3/16 | 3–13/16 | 4–1/16 | 4–1/16 | 4–1/16 | 4–1/16 | 4–11/16 | 4–11/16 | — | — | | 6–2 | 6–5/16 | 3–15/16 | 4–3/16 | 4–3/16 | 4–3/16 | 4–3/16 | 4–13/16 | 4–13/16 | — | — | | 6–4 | 6–1/2 | 4 | 4–5/16 | 4–5/16 | 4–5/16 | 4–5/16 | 4–15/16 | 4–15/16 | — | — | | 6–6 | 6–11/16 | 4–1/8 | 4–7/16 | 4–7/16 | 4–7/16 | 4–7/16 | 5–1/16 | 5–1/16 | — | — | | 6–8 | 6–13/16 | 4–1/4 | 4–9/16 | 4–9/16 | 4–9/16 | 4–9/16 | 5–3/16 | 5–3/16 | — | — | | 6–10 | 7 | 4–5/16 | 4–11/16 | 4–11/16 | 4–11/16 | 4–11/16 | 5–5/16 | 5–5/16 | — | — | | 7–0 | 7–3/16 | 4–7/16 | 4–13/16 | 4–13/16 | 4–13/16 | 4–13/16 | 5–7/16 | 5–7/16 | — | — | | 7–2 | 7–5/16 | 4–9/16 | 4–7/8 | 4–7/8 | 4–7/8 | 4–7/8 | 5–9/16 | 5–9/16 | — | — | | 7–4 | 7–1/2 | 4–5/8 | 5 | 5 | 5 | 5 | 5–11/16 | 5–11/16 | — | — | | 7–6 | 7–11/16 | 4–3/4 | 5–1/8 | 5–1/8 | 5–1/8 | 5–1/8 | 5–13/16 | 5–13/16 | — | — | | 7–8 | 7–7/8 | 4–7/8 | 5–1/4 | 5–1/4 | 5–1/4 | 5–1/4 | 5–15/16 | 5–15/16 | — | — | | 7–10 | 8–1/16 | 4–15/16 | 5–3/8 | 5–3/8 | 5–3/8 | 5–3/8 | 6–1/16 | 6–1/16 | — | — | | 8–0 | 8–1/4 | 5 | 5–1/2 | 5–1/2 | 5–1/2 | 5–1/2 | 6–3/16 | 6–3/16 | — | — | | 8–6 | 8–11/16 | 5–5/16 | 5–3/4 | 5–3/4 | 5–3/4 | 5–3/4 | 6–7/16 | 6–7/16 | — | — | | 9–0 | 9–3/16 | 5–5/8 | 6–1/16 | 6–1/16 | 6–1/16 | 6–1/16 | 6–11/16 | 6–11/16 | — | — | | 9–6 | 9–11/16 | 5–15/16 | 6–5/16 | 6–5/16 | 6–5/16 | 6–5/16 | 7 | 7 | — | — | | 10–0 | 10–3/16 | 6–1/4 | 6–9/16 | 6–9/16 | 6–9/16 | 6–9/16 | 7–5/16 | 7–5/16 | — | — | | 10–6 | 10–11/16 | 6–9/16 | 6–7/8 | 6–7/8 | 6–7/8 | 6–7/8 | 7–9/16 | 7–9/16 | — | — | | 11–0 | 11–3/16 | 6–13/16 | 7–3/16 | 7–3/16 | 7–3/16 | 7–3/16 | 7–13/16 | 7–13/16 | — | — | | 11–6 | 11–11/16 | 7–1/8 | 7–7/16 | 7–7/16 | 7–7/16 | 7–7/16 | 8–1/8 | 8–1/8 | — | — |  *Source: Texas Pipe Bending Co., Inc., Houston, Texas.*  ---  ![Fig. showing a 60° pipe bend diagram with labels R, CE, B/CE, and arc length dimensions](figures/Process-Piping-Design-Rip-Weaver-Volume-1_p0113_fig01_60-degree-pipe-bend-diagram.png)  > **Table - Table 6-5 Center-to-end \(CE\), Back Center-to-end \(B/CE\) and Arc Length for 60° Bends of Varying Radii and Pipe Sizes** - see [XLSX](tables/Process-Piping-Design-Rip-Weaver-Volume-1_p0113_tbl01_table-6-5-60-degree-bend-ce-bce-arc.xlsx) and [source crop](tables/Process-Piping-Design-Rip-Weaver-Volume-1_p0113_tbl01_table-6-5-60-degree-bend-ce-bce-arc.png)  **Table 6-5**  Center-to-end (CE), Back Center-to-end (B/CE) and Arc Length for 60° Bends of Varying Radii and Pipe Sizes  | Rad | Feet — Inches | (CE) | 2 | 3 | 4 | 6 | 8 | 10 | 12 | | :--- | :--- | :--- | :--- | :--- | :--- | :--- | :--- | :--- | :--- | | | Arc | | | | (B/CE) Nominal Pipe Sizes | | | | | | 6 | 6-5/16 | 3-7/16 | 4-5/8 | | | | | | | | 7 | 7-5/16 | 4-1/16 | 4-3/4 | | | | | | | | 8 | 8-5/16 | 4-5/8 | 4-5/8 | | | | | | | | 9 | 9-3/16 | 5-3/16 | 5-7/8 | 5-7/8 | 5-3/16 | | | | | | 10 | 10-1/2 | 6-3/4 | 5-7/16 | 5-3/4 | | | | | | | 11 | 11-1/2 | 6-3/9 | 7-1/16 | 7-3/8 | | | | | | | 1 — 0 | 1 — 0-9/16 | 6-15/16 | 7-15/16 | 8-1/16 | 8-1/4 | | | | | | 1 — 1 | 1-1-5/8 | 8-1/2 | 8-3/16 | 8-1/2 | 8-13/16 | | | | | | 1 — 2 | 1-2-11/16 | 9-1/16 | 9-1/8 | 9-1/16 | 9-11/16 | 9-11/16 | | | | | 1 — 3 | 1-3-11/16 | 9-11/16 | 9-3/8 | 9-11/16 | 10 | 10-5/16 | 10-5/16 | | | | 1 — 4 | 1-4-13/16 | 10-5/16 | 10-1/2 | 10-1/2 | | 11 | 11-7/16 | | | | 1 — 5 | 1-5-13/16 | 10-15/16 | 10-11/4 | 1 — 0 | 1 — 9/16 | 1 — 0-9/16 | 1 — 1-5/16 | | | | 1 — 6 | 1 — 6-7/8 | 10-3/4 | | | 1 — 1-1/4 | 1 — 1-5/8 | 1 — 2-7/16 | | | | 1 — 7 | 1 — 7-7/8 | 11-3/8 | 11-3/4 | 11-1/4 | 1 — 1-3/4 | 1 — 2-3/4 | 1 — 3-9/16 | | | | 1 — 8 | 1 — 8-7/8 | 1 — 0-1/8 | 1 — 0-1/8 | 1 — 1-3/8 | 1 — 2-7/16 | 1 — 2-3/8 | 1 — 4-11/16 | | | | 1 — 9 | 1 — 9-15/16 | 1 — 0-3/4 | 1 — 1-3/4 | 1 — 2-1/16 | 1 — 3-1/16 | 1 — 3-7/8 | 1 — 5-13/16 | | | | 1 — 10 | 1 — 10-15/16 | 1 — 1-3/8 | 1 — 1-3/8 | 1 — 2-3/4 | 1 — 3-3/4 | 1 — 4-1/2 | 1 — 5-1/4 | 1 — 4-3/8 | | | 2 — 0 | 2 — 1 | 1 — 2-5/8 | 1 — 3 | 1 — 4-1/16 | 1 — 5-1/16 | 1 — 5-1/2 | 1 — 6-3/4 | 1 — 5-5/8 | | | 2 — 2 | 2 — 3-1/4 | 1 — 3 | | 1 — 5-3/8 | 1 — 6-3/4 | 1 — 7-1/2 | 1 — 9-1/16 | 1 — 8-1/4 | | | 2 — 4 | 2 — 5-3/8 | 1 — 4-3/4 | 1 — 4-3/4 | 1 — 6-11/16 | 1 — 8-1/4 | 1 — 9-1/2 | 1 — 11-3/8 | 1 — 10-7/8 | | | 2 — 6 | 2 — 7-1/2 | 1 — 6-1/4 | 1 — 5-1/2 | 1 — 8 | 1 — 9-3/4 | 1 — 11-1/2 | 2 — 1-11/16 | 2 — 1-1/2 | | | 2 — 8 | 2 — 9-5/8 | 1 — 7-3/16 | | 1 — 9-5/16 | 1 — 11-1/4 | 2 — 1-1/2 | 2 — 4 | 2 — 4-1/8 | | | 2 — 10 | 2 — 11-11/16 | 1 — 8-5/8 | 1 — 7-5/8 | 1 — 10-5/8 | 2 — 0-3/4 | 2 — 3-1/2 | 2 — 6-5/16 | 2 — 6-3/4 | | | 3 — 0 | 3 — 1-13/16 | 1 — 10-1/16 | | 2 — 0 | 2 — 2-1/4 | 2 — 5-1/2 | 2 — 8-5/8 | 2 — 9-3/8 | | | 3 — 2 | 3 — 3-7/8 | 1 — 11-1/2 | 1 — 9-3/4 | 2 — 1-5/16 | 2 — 3-3/4 | 2 — 7-1/2 | 2 — 10-15/16 | 2 — 11-15/16 | | | 3 — 4 | 3 — 6 | 2 — 0-15/16 | | 2 — 2-5/8 | 2 — 5-1/4 | 2 — 9-1/2 | 3 — 1-1/4 | 3 — 2-1/2 | | | 3 — 5 | 3 — 7-1/16 | 2 — 1-5/8 | | 2 — 3-5/16 | 2 — 6 | 2 — 10-1/2 | 3 — 2-3/8 | 3 — 3-13/16 | | | 3 — 6 | 3 — 8-1/8 | 2 — 2-5/16 | | 2 — 4 | 2 — 6-3/4 | 2 — 11-1/2 | 3 — 3-9/16 | 3 — 5-1/8 | | | 3 — 7 | 3 — 9-3/16 | 2 — 3 | | 2 — 4-11/16 | 2 — 7-1/2 | 3 — 0-1/2 | 3 — 4-11/16 | 3 — 6-7/16 | | | 3 — 8 | 3 — 10-1/4 | 2 — 3-11/16 | | 2 — 5-3/8 | 2 — 8-1/4 | 3 — 1-1/2 | 3 — 5-7/8 | 3 — 7-3/4 | | | 3 — 9 | 3 — 11-5/16 | 2 — 4-3/8 | | 2 — 6-1/16 | 2 — 9 | 3 — 2-1/2 | 3 — 7 | 3 — 9-1/16 | | | 3 — 10 | 4 — 0-3/8 | 2 — 5-1/16 | | 2 — 6-3/4 | 2 — 9-3/4 | 3 — 3-1/2 | 3 — 8-3/16 | 3 — 10-3/8 | | | 3 — 11 | 4 — 1-7/16 | 2 — 5-3/4 | | 2 — 7-7/16 | 2 — 10-1/2 | 3 — 4-1/2 | 3 — 9-3/8 | 3 — 11-11/16 | | | 3 — 1 | 4 — 2-1/2 | 2 — 6-7/16 | | 2 — 8-3/16 | 2 — 11-1/4 | 3 — 5-1/2 | 3 — 10-9/16 | 4 — 1 | | | 3 — 2 | 4 — 3-9/16 | 2 — 7-1/8 | | 2 — 8-7/8 | 3 — 0 | 3 — 6-1/2 | 3 — 11-3/4 | 4 — 2-5/16 | |"
SEC-PPDRWV1-0137,Process-Piping-Design-Rip-Weaver-Volume-1,PPDRWV1,Table 6-11 Table of 30° Offsets,2,Table 6-11 Table of 30° Offsets,4138,4312,111,123,Process-Piping-Design-Rip-Weaver-Volume-1.html#SEC-PPDRWV1-0137,ee07fc1ad0fa,True,False,False,,6-11;6-12A;6-12B;6-13;8.3,,Process-Piping-Design-Rip-Weaver-Volume-1_p0120_tbl01;Process-Piping-Design-Rip-Weaver-Volume-1_p0120_fig01;Process-Piping-Design-Rip-Weaver-Volume-1_p0120_tbl02;Process-Piping-Design-Rip-Weaver-Volume-1_p0121_tbl01;Process-Piping-Design-Rip-Weaver-Volume-1_p0121_tbl02;Process-Piping-Design-Rip-Weaver-Volume-1_p0122_tbl01;Process-Piping-Design-Rip-Weaver-Volume-1_p0123_fig01;Process-Piping-Design-Rip-Weaver-Volume-1_p0123_tbl01,"| 3 — 3 | 4 — 4-5/8 | 2 — 7-13/16 | | 2 — 9-9/16 | 3 — 0-3/4 | 3 — 7-1/2 | 4 — 0-15/16 | 4 — 3-5/8 | | | 3 — 4 | 4 — 5-11/16 | 2 — 8-1/2 | | 2 — 10-1/4 | 3 — 1-1/2 | 3 — 8-1/2 | 4 — 2-1/8 | 4 — 4-15/16 | | | 3 — 5 | 4 — 6-3/4 | 2 — 9-3/16 | | 2 — 10-15/16 | 3 — 2-5/16 | 3 — 9-1/2 | 4 — 3-5/16 | 4 — 6-1/4 | | | 3 — 6 | 4 — 7-13/16 | 2 — 9-7/8 | | 2 — 11-5/8 | 3 — 3-1/16 | 3 — 10-1/2 | 4 — 4-1/2 | 4 — 7-9/16 | | | 3 — 7 | 4 — 8-7/8 | 2 — 10-9/16 | | 3 — 0-5/16 | 3 — 3-13/16 | 3 — 11-1/2 | 4 — 5-11/16 | 4 — 8-7/8 | | | 3 — 8 | 4 — 9-15/16 | 2 — 11-1/4 | | 3 — 1 | 3 — 4-9/16 | 4 — 0-1/2 | 4 — 6-7/8 | 4 — 10-3/16 | | | 3 — 9 | 4 — 11 | 2 — 11-15/16 | | 3 — 1-11/16 | 3 — 5-3/8 | 4 — 1-1/2 | 4 — 8-1/16 | 4 — 11-1/2 | | | 3 — 10 | 5 — 0-1/16 | 3 — 0-5/8 | | 3 — 2-3/8 | 3 — 6-1/8 | 4 — 2-1/2 | 4 — 9-1/4 | 5 — 0-13/16 | | | 3 — 11 | 5 — 1-1/8 | 3 — 1-5/16 | | 3 — 3-1/16 | 3 — 6-7/8 | 4 — 3-1/2 | 4 — 10-7/16 | 5 — 2-1/8 | | | 3 — 1 | 4 — 13/16 | 2 — 0-3/8 | | 2 — 0-3/4 | 2 — 1-1/2 | 2 — 2 | 2 — 7/16 | 2 — 2-3/16 | 2 — 1-1/2 | | 3 — 2 | | | | | | | | | |  *Source: Texas Pipe Bending Co., Inc., Houston, Texas.*  ---  > **Table - Table 6-6 Center-to-end \(CE\), Back Center-to-end \(B/CE\), and Arc Length for 60° Bends of Varying Radii and Pipe Size** - see [XLSX](tables/Process-Piping-Design-Rip-Weaver-Volume-1_p0114_tbl01_table-6-6-ce-bce-arc-60deg-bends.xlsx) and [source crop](tables/Process-Piping-Design-Rip-Weaver-Volume-1_p0114_tbl01_table-6-6-ce-bce-arc-60deg-bends.png)  ## Table 6-6  Center-to-end (CE), Back Center-to-end (B/CE), and Arc Length for 60° Bends of Varying Radii and Pipe Size  ![Fig. 6-6 Diagram showing CE and B/CE dimensions on a 60° pipe bend](figures/Process-Piping-Design-Rip-Weaver-Volume-1_p0114_fig01_fig-6-6-ce-bce-60deg-bend.png)  | Feet — Inches | | | B/CE Nominal Pipe Sizes | | | | | | | | | | |:---|:---|:---|:---|:---|:---|:---|:---|:---|:---|:---|:---|:---| | **Rad** | **Arc** | **CE** | **2** | **2-1/2** | **3** | **4** | **5** | **6** | **8** | **10** | **12** | | 3 – 4 | 3 – 6-1/8 | 1 – 11/16 | 1 – 11-13/16 | 2 – 0-1/8 | 2 – 0-1/16 | 2 – 0-3/16 | 2 – 0-1/2 | 2 – 1/16 | 2 – 1-3/8 | 2 – 1-13/8 | 2 – 2-1/10 | 2 – 3-3/16 | | 3 – 6 | 3 – 8-5/16 | 2 – 0-15/16 | 2 – 0-1/16 | 2 – 1-1/16 | 2 – 1-5/16 | 2 – 1-7/16 | 2 – 1-3/4 | 2 – 2-5/16 | 2 – 2-5/8 | 2 – 3-5/8 | 2 – 4-5/16 | 2 – 4-1/2 | | 3 – 8 | 3 – 10-1/2 | 2 – 2-3/16 | 2 – 2-5/16 | 2 – 3-5/16 | 2 – 3-9/16 | 2 – 3-11/16 | 2 – 4 | 2 – 4-9/16 | 2 – 4-7/8 | 2 – 5-7/8 | 2 – 6-9/16 | 2 – 6-3/4 | | 3 – 9 | 3 – 11-5/8 | 2 – 3-5/16 | 2 – 3-7/16 | 2 – 4-7/16 | 2 – 4-11/16 | 2 – 4-13/16 | 2 – 5-1/8 | 2 – 5-11/16 | 2 – 6 | 2 – 7 | 2 – 7-11/16 | 2 – 7-7/8 | | 3 – 10 | 4 – 0-3/4 | 2 – 4-7/16 | 2 – 4-9/16 | 2 – 5-9/16 | 2 – 5-13/16 | 2 – 5-15/16 | 2 – 6-1/4 | 2 – 6-13/16 | 2 – 7-1/8 | 2 – 8-1/8 | 2 – 8-13/16 | 2 – 9 | | 3 – 11 | 4 – 1-7/8 | 2 – 5-9/16 | 2 – 5-11/16 | 2 – 6-11/16 | 2 – 6-15/16 | 2 – 7-1/16 | 2 – 7-3/8 | 2 – 7-15/16 | 2 – 8-1/4 | 2 – 9-1/4 | 2 – 9-15/16 | 2 – 10-1/8 | | 4 – 0 | 4 – 2-15/16 | 2 – 6-11/16 | 2 – 6-13/16 | 2 – 7-13/16 | 2 – 8-1/16 | 2 – 8-3/16 | 2 – 8-1/2 | 2 – 9-1/16 | 2 – 9-3/8 | 2 – 10-3/8 | 2 – 11-1/16 | 2 – 11-1/4 | | 4 – 1 | 4 – 4-1/16 | 2 – 7-13/16 | 2 – 7-15/16 | 2 – 8-15/16 | 2 – 9-3/16 | 2 – 9-5/16 | 2 – 9-5/8 | 2 – 10-3/16 | 2 – 10-1/2 | 2 – 11-1/2 | 2 – 12-3/16 | 3 – 0-3/8 | | 4 – 2 | 4 – 5-3/16 | 2 – 9 | 2 – 9-1/8 | 2 – 10-1/8 | 2 – 10-3/8 | 2 – 10-1/2 | 2 – 10-13/16 | 2 – 11-3/8 | 2 – 11-11/16 | 3 – 0-11/16 | 3 – 1-3/8 | 3 – 1-9/16 | | 4 – 3 | 4 – 6-5/16 | 2 – 10-1/8 | 2 – 10-1/4 | 2 – 11-1/4 | 2 – 11-1/2 | 2 – 11-5/8 | 2 – 11-15/16 | 3 – 0-1/2 | 3 – 0-13/16 | 3 – 1-13/16 | 3 – 2-1/2 | 3 – 2-11/16 | | 4 – 4 | 4 – 7-7/16 | 2 – 11-1/4 | 2 – 11-3/8 | 3 – 0-3/8 | 3 – 0-5/8 | 3 – 0-3/4 | 3 – 1-1/16 | 3 – 1-5/8 | 3 – 1-15/16 | 3 – 2-15/16 | 3 – 3-5/8 | 3 – 3-13/16 | | 4 – 5 | 4 – 8-9/16 | 3 – 0-3/8 | 3 – 0-1/2 | 3 – 1-1/2 | 3 – 1-3/4 | 3 – 1-7/8 | 3 – 2-3/16 | 3 – 2-3/4 | 3 – 3-1/16 | 3 – 4-1/16 | 3 – 4-3/4 | 3 – 4-15/16 | | 4 – 6 | 4 – 9-11/16 | 3 – 1-1/2 | 3 – 1-5/8 | 3 – 2-5/8 | 3 – 2-7/8 | 3 – 3 | 3 – 3-5/16 | 3 – 3-7/8 | 3 – 4-3/16 | 3 – 5-3/16 | 3 – 5-7/8 | 3 – 6-1/16 | | 4 – 7 | 4 – 10-13/16 | 3 – 2-5/8 | 3 – 2-3/4 | 3 – 3-3/4 | 3 – 4 | 3 – 4-1/8 | 3 – 4-7/16 | 3 – 5 | 3 – 5-5/16 | 3 – 6-5/16 | 3 – 7 | 3 – 7-3/16 | | 4 – 8 | 4 – 11-15/16 | 3 – 3-3/4 | 3 – 3-7/8 | 3 – 4-7/8 | 3 – 5-1/8 | 3 – 5-1/4 | 3 – 5-9/16 | 3 – 6-1/8 | 3 – 6-7/16 | 3 – 7-7/16 | 3 – 8-1/8 | 3 – 8-5/16 | | 4 – 9 | 5 – 1-1/16 | 3 – 4-7/8 | 3 – 5 | 3 – 6 | 3 – 6-1/4 | 3 – 6-3/8 | 3 – 6-11/16 | 3 – 7-1/4 | 3 – 7-9/16 | 3 – 8-9/16 | 3 – 9-1/4 | 3 – 9-7/16 | | 4 – 10 | 5 – 2-3/16 | 3 – 6 | 3 – 6-1/8 | 3 – 7-1/8 | 3 – 7-3/8 | 3 – 7-1/2 | 3 – 7-13/16 | 3 – 8-3/8 | 3 – 8-11/16 | 3 – 9-11/16 | 3 – 10-3/8 | 3 – 10-9/16 | | 4 – 11 | 5 – 3-5/16 | 3 – 7-1/8 | 3 – 7-1/4 | 3 – 8-1/4 | 3 – 8-1/2 | 3 – 8-5/8 | 3 – 8-15/16 | 3 – 9-1/2 | 3 – 9-13/16 | 3 – 10-13/16 | 3 – 11-1/2 | 3 – 11-11/16 | | 5 – 0 | 5 – 4-7/16 | 3 – 8-1/4 | 3 – 8-3/8 | 3 – 9-3/8 | 3 – 9-5/8 | 3 – 9-3/4 | 3 – 10-1/16 | 3 – 10-5/8 | 3 – 10-15/16 | 3 – 11-15/16 | 4 – 0-5/8 | 4 – 0-13/16 | | 5 – 1 | 5 – 5-9/16 | 3 – 9-3/8 | 3 – 9-1/2 | 3 – 10-1/2 | 3 – 10-3/4 | 3 – 10-7/8 | 3 – 11-3/16 | 3 – 11-3/4 | 4 – 0-1/16 | 4 – 1-1/16 | 4 – 1-3/4 | 4 – 1-15/16 | | 5 – 2 | 5 – 6-11/16 | 3 – 10-1/2 | 3 – 10-5/8 | 3 – 11-5/8 | 3 – 11-7/8 | 4 – 0 | 4 – 0-5/16 | 4 – 0-7/8 | 4 – 1-3/16 | 4 – 2-3/16 | 4 – 2-7/8 | 4 – 3-1/16 | | 5 – 3 | 5 – 7-13/16 | 3 – 11-5/8 | 3 – 11-3/4 | 4 – 0-3/4 | 4 – 1 | 4 – 1-1/8 | 4 – 1-7/16 | 4 – 2 | 4 – 2-5/16 | 4 – 3-5/16 | 4 – 4 | 4 – 4-3/16 | | 5 – 4 | 5 – 8-15/16 | 4 – 0-3/4 | 4 – 0-7/8 | 4 – 1-7/8 | 4 – 2-1/8 | 4 – 2-1/4 | 4 – 2-9/16 | 4 – 3-1/8 | 4 – 3-7/16 | 4 – 4-7/16 | 4 – 5-1/8 | 4 – 5-5/16 | | 5 – 5 | 5 – 10-1/16 | 4 – 1-7/8 | 4 – 2 | 4 – 3 | 4 – 3-1/4 | 4 – 3-3/8 | 4 – 3-11/16 | 4 – 4-1/4 | 4 – 4-9/16 | 4 – 5-9/16 | 4 – 6-1/4 | 4 – 6-7/16 | | 5 – 6 | 5 – 11-3/16 | 4 – 3 | 4 – 3-1/8 | 4 – 4-1/8 | 4 – 4-3/8 | 4 – 4-1/2 | 4 – 4-13/16 | 4 – 5-3/8 | 4 – 5-11/16 | 4 – 6-11/16 | 4 – 7-3/8 | 4 – 7-9/16 | | 5 – 7 | 6 – 0-5/16 | 4 – 4-1/8 | 4 – 4-1/4 | 4 – 5-1/4 | 4 – 5-1/2 | 4 – 5-5/8 | 4 – 5-15/16 | 4 – 6-1/2 | 4 – 6-13/16 | 4 – 7-13/16 | 4 – 8-1/2 | 4 – 8-11/16 | | 5 – 8 | 6 – 1-7/16 | 4 – 5-1/4 | 4 – 5-3/8 | 4 – 6-3/8 | 4 – 6-5/8 | 4 – 6-3/4 | 4 – 7-1/16 | 4 – 7-5/8 | 4 – 7-15/16 | 4 – 8-15/16 | 4 – 9-5/8 | 4 – 9-13/16 | | 5 – 9 | 6 – 2-9/16 | 4 – 6-3/8 | 4 – 6-1/2 | 4 – 7-1/2 | 4 – 7-3/4 | 4 – 7-7/8 | 4 – 8-3/16 | 4 – 8-3/4 | 4 – 9-1/16 | 4 – 10-1/16 | 4 – 10-3/4 | 4 – 10-15/16 | | 5 – 10 | 6 – 3-11/16 | 4 – 7-1/2 | 4 – 7-5/8 | 4 – 8-5/8 | 4 – 8-7/8 | 4 – 9 | 4 – 9-5/16 | 4 – 9-7/8 | 4 – 10-3/16 | 4 – 11-3/16 | 4 – 11-7/8 | 5 – 0-1/16 | | 5 – 11 | 6 – 4-13/16 | 4 – 8-5/8 | 4 – 8-3/4 | 4 – 9-3/4 | 4 – 10 | 4 – 10-1/8 | 4 – 10-7/16 | 4 – 11 | 4 – 11-5/16 | 5 – 0-5/16 | 5 – 1 | 5 – 1-3/16 | | 6 – 0 | 6 – 5-15/16 | 4 – 9-3/4 | 4 – 9-7/8 | 4 – 10-7/8 | 4 – 11-1/8 | 4 – 11-1/4 | 4 – 11-9/16 | 5 – 0-1/8 | 5 – 0-7/16 | 5 – 1-7/16 | 5 – 2-1/8 | 5 – 2-5/16 | | 6 – 1 | 6 – 7-1/16 | 4 – 10-7/8 | 4 – 11 | 4 – 12 | 5 – 0-1/4 | 5 – 0-3/8 | 5 – 0-11/16 | 5 – 1-1/4 | 5 – 1-9/16 | 5 – 2-9/16 | 5 – 3-1/4 | 5 – 3-7/16 | | 6 – 2 | 6 – 8-3/16 | 4 – 12 | 5 – 0-1/8 | 5 – 1-1/8 | 5 – 1-3/8 | 5 – 1-1/2 | 5 – 1-13/16 | 5 – 2-3/8 | 5 – 2-11/16 | 5 – 3-11/16 | 5 – 4-3/8 | 5 – 4-9/16 | | 6 – 3 | 6 – 9-5/16 | 5 – 1-1/8 | 5 – 1-1/4 | 5 – 2-1/4 | 5 – 2-1/2 | 5 – 2-5/8 | 5 – 2-15/16 | 5 – 3-1/2 | 5 – 3-13/16 | 5 – 4-13/16 | 5 – 5-1/2 | 5 – 5-11/16 |  *Source: Texas Pipe Bending Co., Inc., Houston, Texas*  ---  > **Table - Table 7 Arc for 90° Bends** - see [XLSX](tables/Process-Piping-Design-Rip-Weaver-Volume-1_p0115_tbl01_arc-for-90-degree-bends.xlsx) and [source crop](tables/Process-Piping-Design-Rip-Weaver-Volume-1_p0115_tbl01_arc-for-90-degree-bends.png)  | Radius (inches) | 0 – 0 | 1 – 0 | 2 – 0 | 3 – 0 | 4 – 0 | 5 – 0 | 6 – 0 | 7 – 0 | 8 – 0 | 9 – 0 | Symbols | | :--- | :--- | :--- | :--- | :--- | :--- | :--- | :--- | :--- | :--- | :--- | :--- | | **R"
SEC-PPDRWV1-0138,Process-Piping-Design-Rip-Weaver-Volume-1,PPDRWV1,Table 6-14,2,Table 6-14,4313,4715,120,125,Process-Piping-Design-Rip-Weaver-Volume-1.html#SEC-PPDRWV1-0138,079a532992f7,True,False,False,6-14;8-15,6-14;8-15,,Process-Piping-Design-Rip-Weaver-Volume-1_p0124_tbl01;Process-Piping-Design-Rip-Weaver-Volume-1_p0124_fig01;Process-Piping-Design-Rip-Weaver-Volume-1_p0125_tbl01;Process-Piping-Design-Rip-Weaver-Volume-1_p0125_fig01,"| 3/4 | 3/4 | 9/16 | 13/16 | 15/16 | 7/8 | 3/8 | 1/2 | 1-1/8 | 3/16 | 9/16 | 13/16 | 3/4 | | 1 | 1 | 1-1/16 | 11/16 | 1/2 | 1-1/8 | 3/16 | 9/16 | 13/16 | 1 | | 1-1/4 | 1-1/16 | 11/16 | 1-1/4 | 13/16 | 1-1/16 | 5/8 | 1/2 | 13/16 | 1/4 | 1/2 | 13/16 | 1-1/4 | | 1-1/2 | 1-3/16 | 13/16 | 1 | 1 | 1/2 | 1-1/4 | 1 | 5/16 | 1-1/2 | | 2 | 1-1/2 | 1 | 1-5/8 | 1-1/8 | 1-1/2 | 7/8 | 3/4 | 1-5/8 | 5/16 | 5/8 | 1 | 2 |  > **Table - Table 6-9B Threaded Fittings** - see [XLSX](tables/Process-Piping-Design-Rip-Weaver-Volume-1_p0118_tbl02_table-6-9b-threaded-fittings.xlsx) and [source crop](tables/Process-Piping-Design-Rip-Weaver-Volume-1_p0118_tbl02_table-6-9b-threaded-fittings.png)  **Table 6-9B** **Threaded Fittings**  ![Fig. Table 6-9B diagrams — 90° Ell, Tee, Cross, 45° Ell, Coupling fittings with dimensional labels A, B, C, D](figures/Process-Piping-Design-Rip-Weaver-Volume-1_p0118_fig02_table-6-9b-threaded-fitting-diagrams.png)  | Nominal Pipe Size | 2000 lb. A | 2000 lb. B | 2000 lb. C | 3000 lb. A | 3000 lb. B | 3000 lb. C | 6000 lb. A | 6000 lb. B | 6000 lb. C | 2000 to 6000 lb. D | Normal Thread Engagement | Nominal Pipe Size | | :--- | :---: | :---: | :---: | :---: | :---: | :---: | :---: | :---: | :---: | :---: | :---: | :--- | | 1/8 | 9/16 | 3/4 | 7/16 | 9/16 | 3/4 | 7/16 | 3/4 | 3/4 | 3/4 | 1/2 | 3/4 | 1/8 | | 1/4 | 7/16 | 5/8 | 7/16 | 7/16 | 5/8 | 7/16 | 3/4 | 3/4 | 3/4 | 1/2 | 7/8 | 1/4 | | 3/8 | 1/2 | 5/8 | 7/16 | 1/2 | 5/8 | 15/16 | 5/8 | 7/8 | 3/4 | 1/2 | 1 | 3/8 | | 1/2 | 5/8 | 3/4 | 13/16 | 13/16 | 13/16 | 1/2 | 15/16 | 13/16 | 1/2 | 5/8 | 1/2 | | 3/4 | 3/4 | 7/16 | 15/16 | 15/16 | 9/16 | 15/16 | 7/8 | 3/4 | 3/4 | | 1 | 13/16 | 13/16 | 7/16 | 1-1/8 | 1-5/16 | 1-1/16 | 1 | 11/16 | 1 | | 1-1/4 | 1-1/16 | 1-1/16 | 1-5/16 | 1-5/16 | 13/16 | 11/16 | 1-1/16 | 11/16 | 1 | 1-1/4 | | 1-1/2 | 1-5/16 | 1-6/16 | 1-1/16 | 1-6/16 | 1-5/16 | 13/16 | 11/16 | 1 | 1-1/2 | | 2 | 1-5/8 | 1-5/8 | 11/16 | 1-9/16 | 13/16 | 2 | 1-1/16 | 1-5/16 | 1-1/16 | 2 | 2-1/2 | 1-5/16 | 1-7/8 | 3/4 | 2 |  *Source: Texas Pipe Bending Co., Inc., Houston, Texas*  ---  **Table 6-10** **Table of 30° Offsets**  0 ft. — 0-1/4 in. to 0 ft. — 11-3/4 in.  > **Table - Table 6-10 Table of 30° Offsets — 0 ft. 0-1/4 in. to 0 ft. 11-3/4 in.** - see [source crop](tables/Process-Piping-Design-Rip-Weaver-Volume-1_p0119_tbl01_table-6-10-30deg-offsets-0ft.png) and needs_extraction  | O | H | A | O | H | A | O | H | A | O | H | A | | :--- | :--- | :--- | :--- | :--- | :--- | :--- | :--- | :--- | :--- | :--- | :--- | | 0 – 1/4 | 0 – 1/2 | 0 – 7/16 | 0 – 4 | 0 – 8 | 0 – 6 1/2 | 0 – 6 15/16 | 0 – 8 | 1 – 4 | 1 – 15/16 | | | | 0 – 1/2 | 0 – 1 | 0 – 7/8 | 0 – 4 1/2 | 0 – 9 | 0 – 7 3/8 | 0 – 7 3/8 | 0 – 8 1/2 | 1 – 6 | 1 – 2 3/4 | | | | 0 – 3/4 | 0 – 1 1/2 | 0 – 1 5/16 | 0 – 4 1/2 | 0 – 9 1/2 | 0 – 7 13/16 | 0 – 8 | 0 – 8 3/4 | 1 – 5 1/2 | 1 – 3 1/8 | | | | 0 – 1 | 0 – 2 | 0 – 1 3/4 | 0 – 5 | 0 – 10 | 0 – 8 11/16 | 0 – 9 | 1 – 6 | 1 – 3 9/16 | | | | | 0 – 1 1/4 | 0 – 2 1/2 | 0 – 2 3/16 | 0 – 5 1/4 | 0 – 10 1/2 | 0 – 9 1/16 | 0 – 9 1/4 | 0 – 9 1/4 | 1 – 8 | 1 – 4 | | | | 0 – 1 1/2 | 0 – 3 | 0 – 2 5/8 | 0 – 5 5/8 | 0 – 11 | 0 – 9 15/16 | 0 – 9 3/4 | 1 – 7 1/2 | 1 – 4 7/8 | | | | | 0 – 1 3/4 | 0 – 3 1/2 | 0 – 3 | 0 – 5 3/4 | 0 – 11 1/2 | 0 – 10 | 0 – 9 15/16 | | | 1 – 7 1/2 | | | | 0 – 2 | 0 – 3 7/16 | 0 – 3 7/8 | 0 – 6 1/4 | 1 – 0 | 0 – 10 3/8 | 0 – 10 3/8 | 0 – 9 1/2 | 1 – 8 1/2 | 1 – 5 5/16 | | | | 0 – 2 1/4 | 0 – 4 1/2 | 0 – 3 7/8 | 0 – 6 1/4 | 1 – 0 1/2 | 0 – 10 13/16 | 0 – 10 13/16 | 0 – 10 1/4 | 1 – 8 1/2 | 1 – 5 3/4 | | | | 0 – 2 1/2 | 0 – 5 | 0 – 4 5/16 | 0 – 6 1/4 | 1 – 1 | 0 – 11 1/4 | 0 – 11 1/4 | 0 – 10 1/2 | 1 – 8 1/2 | 1 – 5 3/4 | | | | 0 – 2 3/4 | 0 – 7 | 0 – 6 1/2 | 0 – 7 3/4 | 1 – 1 1/2 | 0 – 11 11/16 | 0 – 11 11/16 | 0 – 11 | 1 – 8 1/2 | 1 – 6 5/8 | | | | 0 – 3 | 0 – 6 | 0 – 5 3/16 | 0 – 7 | 1 – 2 | 1 – 0 1/8 | 1 – 0 1/8 | 1 – 0 1/8 | 1 – 10 | 1 – 7 1/16 | | | | 0 – 3 1/4 | 0 – 6 1/2 | 0 – 5 5/8 | 0 – 7 | 1 – 2 1/2 | 1 – 0 9/16 | 1 – 0 9/16 | 0 – 11 1/4 | 1 – 10 1/4 | 1 – 7 1/2 | | | | 0 – 3 1/2 | 0 – 7 | 0 – 6 1/16 | 0 – 7 | 1 – 3 | 1 – 1 | 1 – 1 | 0 – 11 3/4 | 1 – 11 1/2 | 1 – 8 3/8 | | | | 0 – 3 3/4 | 0 – 7 1/2 | 0 – 6 1/2 | 0 – 7 3/4 | 1 – 3 1/2 | 1 – 1 7/16 | 1 – 1 7/16 | 1 – 1 3/4 | 1 – 11 1/2 | 1 – 8 3/8 | | |  1 ft. — 0 in. to 1 ft. — 11-3/4 in.  > **Table - Table 6-10 Table of 30° Offsets — 1 ft. 0 in. to 1 ft. 11-3/4 in.** - see [source crop](tables/Process-Piping-Design-Rip-Weaver-Volume-1_p0119_tbl02_table-6-10-30deg-offsets-1ft.png) and needs_extraction  | O | H | A | O | H | A | O | H | A | O | H | A | | :--- | :--- | :--- | :--- | :--- | :--- | :--- | :--- | :--- | :--- | :--- | :--- | | 1 – 0 | 2 – 0 | 1 – 8 13/16 | 1 – 4 | 2 – 8 | 2 – 3 11/16 | 3 – 4 | 2 – 10 5/8 | | | | | | 1 – 1/4 | 2 – 1/2 | 1 – 9 1/4 | 1 – 4 1/2 | 2 – 8 1/2 | 2 – 4 1/8 | 3 – 6 1/4 | 2 – 11 1/16 | | | | | | 1 – 1/2 | 2 – 1 | 1 – 9 5/8 | 1 – 4 1/2 | 2 – 9 | 2 – 4 9/16 | 3 – 8 1/2 | 2 – 11 1/2 | | | | | | 1 – 3/4 | 2 – 1 1/2 | 1 – 10 1/16 | 1 – 4 3/4 | 2 – 9 1/2 | 2 – 5 | 3 – 5 1/2 | 3 – 1 | 2 – 2 15/16 | | | | | 1 – 1 | 2 – 2 1/2 | 1 – 10 15/16 | 1 – 5 1/4 | 2 – 10 | 2 – 5 7/16 | 2 – 5 7/16 | | | | | | | 1 – 1 1/4 | 2 – 2 1/2 | 1 – 11 3/8 | 1 – 5 1/4 | 2 – 10 1/2 | 2 – 5 7/8 | 2 – 5 7/8 | | | | | | | 1 – 1 1/2 | 2 – 3 | 1 – 11 13/16 | 1 – 5 3/4 | 2 – 11 | 2 – 6 5/16 | 2 – 6 5/16 | | | | | | | 1 – 1 3/4 | 2 – 3 1/2 | 2 – 0 1/4 | 1 – 6 | 3 – 0 | 2 – 6 3/4 | 2 – 6 3/4 | | | | | | | 1 – 2 | 2 – 4 | 2 – 0 1/4 | 1 – 6 1/2 | 3 – 1 | 2 – 7 3/16 | 2 – 7 3/16 | 2 – 5 7/8 | | | | | | 1 – 2 1/4 | 2 – 4 1/2 | 2 – 1 1/8 | 1 – 6 1/2 | 3 – 1 1/2 | 2 – 7 5/8 | 2 – 7 5/8 | 2 – 8 1/4 | | | | | | 1 – 2 1/2 | 2 – 5 | 2 – 1 1/8 | 1 – 6 1/2 | 3 – 1 | 2 – 8 1/16 | 2 – 8 1/16 | | | | | | | 1 – 2 3/4 | 2 – 5 1/2 | 2 – 1 3/4 | 1 – 7 | 3 – 2 | 2 – 8 1/2 | 2 – 8 1/2 | | | | | | | 1 – 3 | 2 – 6 | 2 – 2 3/16 | 1 – 7 | 3 – 2 | 2 – 6 15/16 | 2 – 6 15/16 | 2 – 9 1/4 | 3 – 4 1/16 | | | | | 1 – 3 1/4 | 2 – 6 1/2 | 2 – 2 9/16 | 1 – 7 1/2 | 3 – 3 | 2 – 9 3/4 | 2 – 9 3/4 | | | | | | | 1 – 3 1/2 | 2 – 7 | 2 – 3 | 1 – 7 3/4 | 3 – 3 1/2 | 2 – 10 3/16 | 2 – 10 3/16 | | | | | | | 1 – 3 3/4 | 2 – 7 1/2 | 2 – 3 1/4 | 1 – 7 3/4 | 3 – 3 1/2 | 2 – 10 3/16 | 2 – 10 3/16 | | | | | |  *Source: Texas Pipe Bending Co., Inc., Houston, Texas.*  ---  ## Table 6-11 Table of 30° Offsets  > **Table - Table 6-11 Table of 30° Offsets** - see [XLSX](tables/Process-Piping-Design-Rip-Weaver-Volume-1_p0120_tbl01_table-6-11-30-degree-offsets-2ft.xlsx) and [source crop](tables/Process-Piping-Design-Rip-Weaver-Volume-1_p0120_tbl01_table-6-11-30-degree-offsets-2ft.png)  **2' – 0"" to 2' = 11-3/4""**  | O | H | A | O | H | A | O | H | A | O | H | A | | :--- | :--- | :--- | :--- | :--- | :--- | :--- | :--- | :--- | :--- | :--- | :--- | | 2 – 0 | 4 – 0 | 3 – 5 9/16 | 2 – 4 | 4 – 8 | 4 – 0 1/2 | 2 – 8 | 5 – 4 | 4 – 7 7/16 | | | | | 2 – 0 1/4 | 4 – 0 1/2 | 3 – 6 | 2 – 4 1/4 | 4 – 8 1/2 | 4 – 0 15/16 | 2 – 8 1/4 | 5 – 4 1/2 | 4 – 7 7/8 | | | | | 2 – 0 1/2 | 4 – 1 | 3 – 6 7/16 | 2 – 4 1/2 | 4 – 9 | 4 – 1 3/8 | 2 – 8 1/2 | 5 – 5 | 4 – 8 5/16 | | | | | 2 – 0 3/4 | 4 – 1 1/2 | 3 – 6 7/8 | 2 – 4 3/4 | 4 – 9 1/2 | 4 – 1 13/16 | 2 – 8 3/4 | 5 – 5 1/2 | 4 – 8 3/4 | | | | | 2 – 1 | 4 – 2 | 3 – 7 5/16 | 2 – 5 | 4 – 10 | 4 – 2 1/4 | 2 – 9 | 5 – 6 | 4 – 9 3/16 | | | | | 2 – 1 1/4 | 4 – 2 1/2 | 3 – 7 3/4 | 2 – 5 1/4 | 4 – 10 1/2 | 4 – 2 11/16 | 2 – 9 1/4 | 5 – 6 1/2 | 4 – 9 9/16 | | | | | 2 – 1 1/2 | 4 – 3 | 3 – 8 3/16 | 2 – 5 1/2 | 4 – 11 | 4 – 3 1/8 | 2 – 9 1/2 | 5 – 7 | 4 – 10 | | | | | 2 – 1 3/4 | 4 – 3 1/2 | 3 – 8 5/8 | 2 – 5 3/4 | 4 – 11 1/2 | 4 – 3 1/2 | 2 – 9 3/4 | 5 – 7 1/2 | 4 – 10 7/16 | | | | | 2 – 2 | 4 – 4 | 3 – 9 1/16 | 2 – 6 | 5 – 0 | 4 – 3 15/16 | 2 – 10 | 5 – 8 | 4 – 10 7/8 | | | | | 2 – 2 1/4 | 4 – 4 1/2 | 3 – 9 1/2 | 2 – 6 1/4 | 5 – 0 1/2 | 4 – 4 3/8 | 2 – 10 1/4 | 5 – 8 1/2 | 4 – 11 5/16 | | | | | 2 – 2 1/2 | 4 – 5 | 3 – 9 7/8 | 2 – 6 1/2 | 5 – 1 | 4 – 4 5/16 | 2 – 10 1/2 | 5 – 9 | 4 – 11 3/4 | | | | | 2 – 2 3/4 | 4 – 5 1/2 | 3 – 10 5/16 | 2 – 6 3/4 | 5 – 1 1/2 | 4 – 5 1/4 "
SEC-PPDRWV1-0139,Process-Piping-Design-Rip-Weaver-Volume-1,PPDRWV1,Table 6-16 — ID of Nozzle to Header Ell — Branch Connections Standard Weight Pipe,2,Table 6-16 — ID of Nozzle to Header Ell — Branch Connections Standard Weight Pipe,4716,4754,120,126,Process-Piping-Design-Rip-Weaver-Volume-1.html#SEC-PPDRWV1-0139,6d4b0eea1194,True,False,False,,6-16,,Process-Piping-Design-Rip-Weaver-Volume-1_p0126_tbl01;Process-Piping-Design-Rip-Weaver-Volume-1_p0126_fig01,<td>1-5/8</td> <td>1-1/16</td> <td>1/2</td> <td>1/4</td> <td>0</td> <td></td> <td></td> <td></td> <td></td> <td></td> <td></td> <td></td> <td></td> <td></td> </tr> <tr> <td>4</td> <td></td> <td></td> <td></td> <td>2-13/16</td> <td>2-3/16</td> <td>1-9/16</td> <td>3/4</td> <td>1/4</td> <td>0</td> <td></td> <td></td> <td></td> <td></td> <td></td> <td></td> <td></td> <td></td> </tr> <tr> <td>6</td> <td></td> <td></td>
SEC-PPDRWV1-0140,Process-Piping-Design-Rip-Weaver-Volume-1,PPDRWV1,Chapter 8 Review Test,2,Chapter 8 Review Test,4755,4776,120,120,Process-Piping-Design-Rip-Weaver-Volume-1.html#SEC-PPDRWV1-0140,0aa694c4bfbc,True,False,False,,,,,<td></td> <td></td> <td>4-5/16</td> <td>3-5/8</td> <td>2-3/16</td> <td>1-9/16</td> <td>3/4</td> <td>1/4</td> <td>0</td> <td></td> <td></td> <td></td> <td></td> <td></td> <td></td> </tr> <tr> <td>8</td> <td></td> <td></td> <td></td> <td></td>
SEC-PPDRWV1-0141,Process-Piping-Design-Rip-Weaver-Volume-1,PPDRWV1,7 Vessels,1,7 Vessels,4777,4778,120,120,Process-Piping-Design-Rip-Weaver-Volume-1.html#SEC-PPDRWV1-0141,62ec15c4bb22,True,False,False,,,,,<td></td> <td>5-3/4</td>
SEC-PPDRWV1-0142,Process-Piping-Design-Rip-Weaver-Volume-1,PPDRWV1,Definitions,2,Definitions,4779,4792,120,120,Process-Piping-Design-Rip-Weaver-Volume-1.html#SEC-PPDRWV1-0142,9071bdb98903,True,False,False,,,,,<td>4-5/16</td> <td>3-5/8</td> <td>2-3/16</td> <td>1-9/16</td> <td>1-1/4</td> <td>3/4</td> <td>1/4</td> <td>0</td> <td></td> <td></td> <td></td> </tr> <tr> <td>10</td>
SEC-PPDRWV1-0143,Process-Piping-Design-Rip-Weaver-Volume-1,PPDRWV1,Horizontal Vessels,2,Horizontal Vessels,4793,4794,120,120,Process-Piping-Design-Rip-Weaver-Volume-1.html#SEC-PPDRWV1-0143,20b249f31b11,True,False,False,,,,,<td></td> <td></td>
SEC-PPDRWV1-0144,Process-Piping-Design-Rip-Weaver-Volume-1,PPDRWV1,"Horizontal Vessels Above 15'-0"" Elevation",3,"Horizontal Vessels Above 15'-0"" Elevation",4795,4825,120,129,Process-Piping-Design-Rip-Weaver-Volume-1.html#SEC-PPDRWV1-0144,90ea75a6d63c,True,False,False,7-1,,,Process-Piping-Design-Rip-Weaver-Volume-1_p0129_fig01,<td></td> <td></td> <td></td> <td></td> <td>6-7/16</td> <td>5-3/4</td> <td>4-5/16</td> <td>3-5/8</td> <td>3-3/16</td> <td>2-11/16</td> <td>2-3/16</td> <td>1-11/16</td> <td>1-1/4</td> <td>3/4</td> <td>1/4</td> </tr> <tr> <td>12</td> <td></td> <td></td> <td></td> <td></td> <td></td> <td></td> <td>8-9/16</td> <td>7-7/8</td> <td>6-7/16</td> <td>5-3/4</td> <td>5-5/16</td> <td>4-13/16</td> <td>4-5/16</td>
SEC-PPDRWV1-0145,Process-Piping-Design-Rip-Weaver-Volume-1,PPDRWV1,Platforms,2,Platforms,4826,4837,120,129,Process-Piping-Design-Rip-Weaver-Volume-1.html#SEC-PPDRWV1-0145,08450769c500,True,False,False,7-1,,,Process-Piping-Design-Rip-Weaver-Volume-1_p0129_tbl01,<td>3-13/16</td> <td>3-3/8</td> <td>2-7/8</td> <td>2-3/8</td> </tr> <tr> <td>14</td> <td></td> <td></td> <td></td> <td></td> <td></td>
SEC-PPDRWV1-0146,Process-Piping-Design-Rip-Weaver-Volume-1,PPDRWV1,Vessels,2,Vessels,4838,4845,129,129,Process-Piping-Design-Rip-Weaver-Volume-1.html#SEC-PPDRWV1-0146,33aa49a0bb51,True,False,False,7-2,,,,<td></td> <td></td> <td>9-11/16</td> <td>8-1/4</td> <td>7-9/16</td> <td>7-1/8</td> <td>6-5/8</td> <td>6-1/8</td>
SEC-PPDRWV1-0147,Process-Piping-Design-Rip-Weaver-Volume-1,PPDRWV1,Nozzle Orientation,3,Nozzle Orientation,4846,4891,129,132,Process-Piping-Design-Rip-Weaver-Volume-1.html#SEC-PPDRWV1-0147,3feae41c2510,True,False,False,7-2;7-3,,,Process-Piping-Design-Rip-Weaver-Volume-1_p0131_fig01;Process-Piping-Design-Rip-Weaver-Volume-1_p0132_fig01,<td>5-5/8</td> <td>5-3/16</td> <td>4-11/16</td> <td>4-3/16</td> </tr> <tr> <td>16</td> <td></td> <td></td> <td></td> <td></td> <td></td> <td></td> <td></td> <td>11-13/16</td> <td>10-3/8</td> <td>9-11/16</td> <td>9-1/4</td> <td>8-3/4</td> <td>8-1/4</td> <td>7-3/4</td> <td>7-5/16</td> <td>6-13/16</td> <td>6-5/16</td> </tr> <tr> <td>18</td> <td></td> <td></td> <td></td> <td></td> <td></td> <td></td> <td></td> <td></td> <td>12-1/2</td> <td>11-13/16</td> <td>11-3/8</td> <td>10-7/8</td> <td>10-3/8</td> <td>9-7/8</td> <td>9-7/16</td> <td>8-15/16</td> <td>8-7/16</td> </tr> <tr>
SEC-PPDRWV1-0148,Process-Piping-Design-Rip-Weaver-Volume-1,PPDRWV1,Saddles,2,Saddles,4892,4905,129,129,Process-Piping-Design-Rip-Weaver-Volume-1.html#SEC-PPDRWV1-0148,b4a26a0a9025,True,False,False,,,,,<td>20</td> <td></td> <td></td> <td></td> <td></td> <td></td> <td></td> <td></td> <td></td> <td>14-5/8</td> <td>13-15/16</td> <td>13-1/2</td> <td>13</td> <td>12-1/2</td>
SEC-PPDRWV1-0149,Process-Piping-Design-Rip-Weaver-Volume-1,PPDRWV1,Miscellaneous Connections,2,Miscellaneous Connections,4906,4917,129,129,Process-Piping-Design-Rip-Weaver-Volume-1.html#SEC-PPDRWV1-0149,5718f524d6db,True,False,False,,,,,<td>12</td> <td>11-9/16</td> <td>11-1/16</td> <td>10-9/16</td> </tr> <tr> <td>24</td> <td></td> <td></td> <td></td> <td></td> <td></td>
SEC-PPDRWV1-0150,Process-Piping-Design-Rip-Weaver-Volume-1,PPDRWV1,"Horizontal Vessel Below 15'-0"" Elevation",2,"Horizontal Vessel Below 15'-0"" Elevation",4918,4921,129,129,Process-Piping-Design-Rip-Weaver-Volume-1.html#SEC-PPDRWV1-0150,bdc87fb44371,True,False,False,7-3,,,,<td></td> <td></td> <td></td> <td></td>
SEC-PPDRWV1-0151,Process-Piping-Design-Rip-Weaver-Volume-1,PPDRWV1,Bridles,3,Bridles,4922,4925,129,129,Process-Piping-Design-Rip-Weaver-Volume-1.html#SEC-PPDRWV1-0151,f402f17a86f5,True,False,False,,,,,<td>18-3/16</td> <td>17-3/4</td> <td>17-1/4</td> <td>16-3/4</td>
SEC-PPDRWV1-0152,Process-Piping-Design-Rip-Weaver-Volume-1,PPDRWV1,Miscellaneous Connections,3,Miscellaneous Connections,4926,4929,129,129,Process-Piping-Design-Rip-Weaver-Volume-1.html#SEC-PPDRWV1-0152,e6f4bd80bae7,True,False,False,,,,,<td>16-1/4</td> <td>15-13/16</td> <td>15-5/16</td> <td>14-13/16</td>
SEC-PPDRWV1-0153,Process-Piping-Design-Rip-Weaver-Volume-1,PPDRWV1,Grade Mounted Vessel,2,Grade Mounted Vessel,4930,4939,129,129,Process-Piping-Design-Rip-Weaver-Volume-1.html#SEC-PPDRWV1-0153,f5aa336bc454,True,False,False,7-4,,,,"</tr> </tbody> </table>  ![Fig. 6-14 Diagram showing cutback geometry at 90° nozzle-to-header intersection with CUTBACK label](figures/Process-Piping-Design-Rip-Weaver-Volume-1_p0124_fig01_fig-6-14-cutback-geometry-90-nozzle-head.png)  *Source: Texas Pipe Bending Co., Inc., Houston, Texas.*  ---"
SEC-PPDRWV1-0154,Process-Piping-Design-Rip-Weaver-Volume-1,PPDRWV1,Piping Arrangement for Elevated Vessels,2,Piping Arrangement for Elevated Vessels,4940,4982,129,137,Process-Piping-Design-Rip-Weaver-Volume-1.html#SEC-PPDRWV1-0154,87579bd5e5a0,True,False,False,7-4;7-5;7-6,,,Process-Piping-Design-Rip-Weaver-Volume-1_p0135_fig01;Process-Piping-Design-Rip-Weaver-Volume-1_p0136_fig01;Process-Piping-Design-Rip-Weaver-Volume-1_p0137_fig01,"**Table 8-15** **Cutback at 90° for Pipe OD of Header** **Extra Heavy Pipe**  > **Table - Table 8-15 Cutback at 90° for Pipe OD of Header — Extra Heavy Pipe** - see [XLSX](tables/Process-Piping-Design-Rip-Weaver-Volume-1_p0125_tbl01_table-8-15-cutback-90deg-extra-heavy-pip.xlsx) and [source crop](tables/Process-Piping-Design-Rip-Weaver-Volume-1_p0125_tbl01_table-8-15-cutback-90deg-extra-heavy-pip.png)  | 1/2 | 3/4 | 1 | 1-1/2 | 2 | 2-1/2 | 3 | 4 | 5 | 6 | 8 | 10 | 12 | 14 | 16 | 18 | 20 | 22 | 24 | | :---: | :---: | :---: | :---: | :---: | :---: | :---: | :---: | :---: | :---: | :---: | :---: | :---: | :---: | :---: | :---: | :---: | :---: | :---: | | 7/8 | 1-1/16 | | | | | | | | | | | | | | | | | | | | | 1-3/8 | | | | | | | | | | | | | | | | | | | | | 1-1/4 | 1-7/8 | | | | | | | | | | | | | | | | | | | | | 1-3/8 | 1-7/8 | | | | | | | | | | | | | | | | | | | | | 1-3/4 | 2-1/16 | | | | | | | | | | | | | | | | | | | | | 2-1/16 | 2-11/16 | | | | | | | | | | | | | | | | | | | | | 2-1/16 | 2-9/16 | | | | | | | | | | | | | | | | | | | | | 2-3/8 | 3-1/16 | | | | | | | | | | | | | | | | | | | | | 2-5/8 | 3-3/16 | | | | | | | | | | | | | | | | | | | | | 3-1/8 | 3-13/16 | | 0 | 40/64 | | | | | | | | | | | | | | | | | | | | 0 | 40/64 | | | | | | | | | | | | | | | | | | | | 0 | 1-3/8 | | | | | | | | | | | | | | | | | | | | 0 | 1-3/16 | 2-1/8 | | | | | | | | | | | | | | | | | | | 0 | 1-1/16 | 1-7/8 | 2-7/8 | | | | | | | | | | | | | | | | | | 0 | 40/64 | 1-3/4 | 2-3/4 | | | | | | | | | | | | | | | | | | 0 | 1-1/16 | 2-1/16 | 3-1/8 | | | | | | | | | | | | | | | | | | 0 | 1 | 2-1/16 | 3-3/8 | | | | | | | | | | | | | | | | | | 0 | 1-1/16 | 2-5/16 | 3-9/16 | | | | | | | | | | | | | | | | | | 0 | 1-1/4 | 2-1/2 | 3-7/8 | | | | | | | | | | | | | | | | | | 0 | 1-1/4 | 2-11/16 | 4-1/16 | | | | | | | | | | | | | | | | | | 0 | 1-7/16 | 2-13/16 | 4-5/16 | | | | | | | | | | | | | | | | | | 0 | 1-3/8 | 2-7/8 | 4-7/16 | | | | | | | | | | | | | | | | | | 0 | 1-1/2 | 3-1/16 | 4-11/16 | | | | | | | | | | | | | | | | | | 0 | 1-5/8 | 3-3/16 | 4-7/8 | | | | | | | | | | | | | | | | | | 0 | 1-9/16 | 3-1/4 | 5-1/16 | | | | | | | | | | | | | | | | | | 0 | 1-11/16 | 3-7/16 | | | | | | | | | | | | | | | | | | | 0 | 1-13/16 | | | | | | | | | | | | | | | | | | | | 0 |  ![Fig. 8-15 Cutback diagram showing CUTBACK dimension on pipe header intersection at 90°](figures/Process-Piping-Design-Rip-Weaver-Volume-1_p0125_fig01_fig-8-15-cutback-diagram-90deg.png)  *Source: Texas Pipe Bending Co., Inc., Houston, Texas.*  ---"
SEC-PPDRWV1-0155,Process-Piping-Design-Rip-Weaver-Volume-1,PPDRWV1,Manhole Davits and Hinges,2,Manhole Davits and Hinges,4983,4990,129,129,Process-Piping-Design-Rip-Weaver-Volume-1.html#SEC-PPDRWV1-0155,efaf1c82bf17,True,False,False,7-6,,,,## Table 6-16 — ID of Nozzle to Header Ell — Branch Connections Standard Weight Pipe  > **Table - Table 6-16 ID of Nozzle to Header Ell — Branch Connections Standard Weight Pipe** - see [XLSX](tables/Process-Piping-Design-Rip-Weaver-Volume-1_p0126_tbl01_table-6-16-id-nozzle-header-ell-branch-c.xlsx) and [source crop](tables/Process-Piping-Design-Rip-Weaver-Volume-1_p0126_tbl01_table-6-16-id-nozzle-header-ell-branch-c.png)  | HEADER ELL | 3/2 | 3/2 | 1-1/2 | 2 | 3/2 | 4 | 6 | 8 | 10 | 12 | 14 | 16 | 18 | 20 | 24 | | :--- | :---: | :---: | :---: | :---: | :---: | :---: | :---: | :---: | :---: | :---: | :---: | :---: | :---: | :---: | :---: | | 1/2 | 1/2 | | | | | | | | | | | | | | |
SEC-PPDRWV1-0156,Process-Piping-Design-Rip-Weaver-Volume-1,PPDRWV1,Saddle Details,2,Saddle Details,4991,4994,129,129,Process-Piping-Design-Rip-Weaver-Volume-1.html#SEC-PPDRWV1-0156,77ab5798449e,True,False,False,7-7,,,,| 3/4 | 3/4 | 1/2 | | | | | | | | | | | | | | | 1 | 1 | 7/8 | 1/2 | | | | | | | | | | | | | | 1-1/4 | 1-1/4 | 1-1/8 | 5/8 | | | | | | | | | | | | | | 1-1/2 | 1-1/2 | 1-3/8 | 7/8 | 1/2 | | | | | | | | | | | |
SEC-PPDRWV1-0157,Process-Piping-Design-Rip-Weaver-Volume-1,PPDRWV1,Piping Arrangement,2,Piping Arrangement,4995,4998,129,129,Process-Piping-Design-Rip-Weaver-Volume-1.html#SEC-PPDRWV1-0157,a867acf3f68d,True,False,False,7-8,,,,| 2 | 2-1/16 | 1-9/16 | 1-1/16 | 5/8 | | | | | | | | | | | | | 3 | | 2-1/16 | 1-1/4 | 1 | 1/2 | | | | | | | | | | | | 3-1/2 | | | 1-3/4 | 1-13/16 | 1 | 2 | | | | | | | | | | | 4 | | | 2-1/8 | 2-1/16 | 1-13/16 | 1 | | | | | | | | | |
SEC-PPDRWV1-0158,Process-Piping-Design-Rip-Weaver-Volume-1,PPDRWV1,Vertical Vessels,2,Vertical Vessels,4999,5000,129,129,Process-Piping-Design-Rip-Weaver-Volume-1.html#SEC-PPDRWV1-0158,8fcfb91b5926,True,False,False,,,,,| 6 | | | 3/4 | 2-7/16 | 2-1/16 | 2-5/8 | 3-7/16 | | | | | | | | | | 8 | | | 3-7/16 | 2-7/8 | 2-5/8 | 3-7/16 | 4-5/8 | | | | | | | | |
SEC-PPDRWV1-0159,Process-Piping-Design-Rip-Weaver-Volume-1,PPDRWV1,Fractionating Towers,3,Fractionating Towers,5001,5020,129,129,Process-Piping-Design-Rip-Weaver-Volume-1.html#SEC-PPDRWV1-0159,3ea61628bd2b,True,False,False,,,,,"| 10 | | | | 3-5/8 | 3-7/16 | 3-7/8 | 4-5/8 | | | | | | | | | | 12 | | | | 4-3/8 | 4-1/8 | 4-5/8 | 5-1/16 | 5-3/4 | 5-3/4 | | | | | | | | 14 | | | | 4-5/8 | 4-1/16 | 4-5/8 | 5-1/16 | 5-5/8 | 6-3/8 | | | | | | | | 16 | | | | | 5-3/8 | 5-11/16 | 5-11/16 | 6-3/4 | 6-7/8 | | | | | | | | 18 | | | | | | 5-11/16 | 6 | 6-1/16 | 7-1/16 | | | | | | | | 20 | | | | | | 6-1/16 | 6-5/8 | 7-1/16 | 7-3/4 | 8-1/2 | | | | | | | 24 | | | | | | | 6-7/8 | 7-7/8 | 8-1/2 | 9-3/8 | | | | | |  **FORMULA:**  $$Z = R + \frac{1}{2} \text{ I.D. Of ELL}$$  $$S = \sqrt{(R + S^2) - Y^2}$$  $$Z^2 = (R + S)^2 - Y^2$$  $$R = Y - X$$  ![Fig. — Diagram showing nozzle-to-header ell branch connection geometry with labels B, S, X, Y, Z and R dimensions](figures/Process-Piping-Design-Rip-Weaver-Volume-1_p0126_fig01_nozzle-header-ell-branch-connection-geom.png)"
SEC-PPDRWV1-0160,Process-Piping-Design-Rip-Weaver-Volume-1,PPDRWV1,Manhole Orientation,3,Manhole Orientation,5021,5024,129,129,Process-Piping-Design-Rip-Weaver-Volume-1.html#SEC-PPDRWV1-0160,f819236ef978,True,False,False,7-9,,,,"*Source: Texas Pipe Bending Co., Inc., Houston, Texas*  ---"
SEC-PPDRWV1-0161,Process-Piping-Design-Rip-Weaver-Volume-1,PPDRWV1,Tray Types,3,Tray Types,5025,5122,129,141,Process-Piping-Design-Rip-Weaver-Volume-1.html#SEC-PPDRWV1-0161,ab33c3b60e06,True,False,False,2-8;7-7;7.7,,,Process-Piping-Design-Rip-Weaver-Volume-1_p0139_fig01;Process-Piping-Design-Rip-Weaver-Volume-1_p0139_tbl01;Process-Piping-Design-Rip-Weaver-Volume-1_p0140_fig01;Process-Piping-Design-Rip-Weaver-Volume-1_p0140_tbl01;Process-Piping-Design-Rip-Weaver-Volume-1_p0141_fig01,"1. Define pipe ""fabrication:"" _______________________________________________  2. Normally, pipe ________ inch and larger is shop fabricated.  3. Define AWS _______________________________________________  4. Shop spools are dimensioned to the closest ________ inch.  5. A pipe bends radius should not be less than ________ pipe diameters.  6. Miter welds are specified in place of ________ for low pressure services and for use in ________.  7. For minimum pressure drop, a ________ weld miter is used.  8. Branches and nozzles are specified as OD to ID and ID to OD types. Prepare a cross-sectional view explaining these two types.  9. What is a ""cutback?"" _______________________________________________  10. Define how a shop spool differs from a contractor's spool. _______________________________________________  ---  # 7 Vessels  ## Definitions  Vessels are the heart, or main piece, of a refinery or chemical plant. Things happen inside vessels. In reactors, a chemical change is taking place. In fractionating towers, a separation is occurring. The vessel orientation, or location of nozzles on the shell, is critical to every piping layout. While orienting a vessel, the competent piping designer will call upon his past experience and his good judgment.  Vessels have many names. A fractionating tower is a vessel and is sometimes called a fractionating column or just a column. Fractionating towers are then given names according to the function they perform. A Depropanizer fractionates out propane, which leaves the Depropanizer as a vapor coming out of the top part of the tower. A Debutanizer fractionates out butane. A Deisobutanizer fractionates out isobutanes, etc. In short, the name of the fractionating tower will tell you its purpose in the petrochemical complex.  Another vessel is a reflux accumulator. This is a horizontal vessel that is sometimes called an overhead accumulator because it accumulates the overhead product from the fractionators noted in the paragraph above. The overhead leaves the fractionating tower as a vapor, is cooled and condensed in an exchanger and flows as a liquid (sometimes with some vapor) to the overhead accumulator.  This vessel then holds a level of liquid used as ""reflux"" liquid, which is pumped back to the fractionating tower's top tray. Any liquid, above the fractionator's set need for reflux, is pumped out as product. A reflux accumulator usually has little, if any, internals.  A reactor is usually a vertical vessel containing a reactive catalyst used to rearrange the molecular structure of the stream being fed to it. The stream coming from the reactor can then be fractionated into the desired salable products. A reactor is where a chemical change occurs. A catalyst causes this reaction but does not take part in the reaction itself.  Separators may be either horizontal or vertical vessels. They are used to separate usually a vapor from a liquid. They also can be used to separate two liquids which have different specific gravities. To separate two liquids, a long vessel with very little velocity and long retention time is specified by the process engineer.  ## Horizontal Vessels  ### Horizontal Vessels Above 15'-0"" Elevation  Figure 7-1 is a horizontal vessel, a reflux accumulator. To orient the nozzles on this vessel, the elevation must be known. Since reflux accumulators have pumps which take suction from them,  ---  ![Figure 7-1. Horizontal vessel, reflux accumulator. Courtesy of Fluor Corp.](figures/Process-Piping-Design-Rip-Weaver-Volume-1_p0129_fig01_horizontal-vessel-reflux-accumulator-fig.png)  **END ELEVATION** and **SIDE ELEVATION** of a horizontal vessel with the following details:  - 2:1 ELLIPTICAL DISHED HEAD BOTH ENDS - 90° I.D. - 6′-6″ dimension shown between tangent lines - 4′-3″ dimension shown - 5′-5″, 3′-5″, and 5′-7″, 3′-7″ dimensions at end elevation - SLOTTED SADDLE - ANCHOR BOLTS - TANGENT LINE and WELD LINE labels - 2″ (TYP.) note - NOZZLE PROJECTION: 4″-8″ FOR 2″ AND SMALLER / 4″-6″ FOR 3″ AND LARGER  **NOZZLE SCHEDULE**  | ID | Size | Rating | Type | | :--- | :--- | :--- | :--- | | N-1 | 10″ | 300# RF | INLET | | N-2 | 12″ | 300# RF | OUTLET | | N-3 | 2-2″ | 300# RF | BRIDLE | | C-1 | 1½″ | 300# RF | CPLG DRAIN | | MW | 18″ | 300# RF | MANWAY |  they must be elevated to supply adequate ""head"" (NPSH), see ""Pumps"" in Volume 2. This usually means the bottom of the vessel will be about 14′-0″ above the high point of the finish surface. Since piping drawings always work to centerlines, and this vessel is 6′-0″ ID, the centerline of this vessel will be at 3′-0″ plus 14′-0″ or 17′-0″ above the high point of the finish surface.  ## Platforms  When the elevation of the centerline is over 15′-0″ above grade, ladders and platforms must be provided for access to the manhole, instruments and any valves which may be operating valves. Fifteen feet is an acceptable break point for permanent platforming. Below this, portable platforming  <!-- PDF2MD-ASSETS:BEGIN page=129 -->  #### Unmatched Page Assets  > **Table - Nozzle Schedule** - see [XLSX](tables/Process-Piping-Design-Rip-Weaver-Volume-1_p0129_tbl01_nozzle-schedule-fig7-1.xlsx) and [source crop](tables/Process-Piping-Design-Rip-Weaver-Volume-1_p0129_tbl01_nozzle-schedule-fig7-1.png)  <!-- PDF2MD-ASSETS:END page=129 -->  ---  ## Vessels  or ladders are generally used. Some operating companies will build temporary scaffolding for access to items under 15'-0"" elevation. Ladders and platforms are expensive for first installation cost as well as for continual maintenance. It is good design to keep them to a minimum. Platforms weigh about 30 pounds per square foot. Ladders without cages weigh about 12 pounds per linear foot and ladders with cages weigh about 18 pounds per linear foot.  Structural steel, fabricated but not assembled, will vary in cost from year to year. To that cost, engineering and field erection must also be added. Using $1.00 per pound installed as a rule of thumb, the cost of a 4'-0"" x 10'-0"" platform would be 40 square feet x 30 pounds per square foot or 1200 pounds. Seventeen feet of ladder without cage would add another 204 pounds to total 1404 pounds. This, then, would bring the cost to $1404. But these are not all the costs. Someone had to design the platform, make a drawing and purchase it. Vendor's prints had to be checked and returned. Letters had to be written to the vendor outlining the corrections required to his drawing. By the time all expenditures are added in, that little platform will have cost over $2000! So use platforms only where absolutely necessary and then keep them to a minimum.  Platforms for horizontal and vertical vessels should be made from ¼"" checkered plate except in areas of heavy snow where floor grating should be used. See Figure 7-2 for typical ladder and platform details for horizontal vessels.  ### Nozzle Orientation"
SEC-PPDRWV1-0162,Process-Piping-Design-Rip-Weaver-Volume-1,PPDRWV1,Manhole Orientation,2,Manhole Orientation,5123,5138,129,142,Process-Piping-Design-Rip-Weaver-Volume-1.html#SEC-PPDRWV1-0162,9c1c43620c6a,True,False,False,7-9,,,Process-Piping-Design-Rip-Weaver-Volume-1_p0142_fig01,"Orienting the nozzles (locating them along the shell) on a horizontal vessel is basically a simple job. The pump suction must be located on the same end that the pump is in, located to keep the pump suction line a minimum length so that pressure drop will be at the minimum. Every foot of pipe and every fitting causes pressure drop in any line. This is called ""line loss.""  Besides the pump suction (usually called liquid outlet on the vessel drawing), there are inlet, vapor outlet, level control, level gage and manhole connections. There could be other nozzles for special cases which will be shown on the mechanical flow diagram where required.  The main rule in orienting horizontal vessels is to locate the inlet and outlet nozzles a maximum distance apart. Since you may have two outlets, the liquid and vapor outlet, this means that the inlet will go at the extreme far end of the vessel (away from the neck) and the vapor and liquid outlets will be located at the extreme near end. Inlets will be located on the top part of the vessel. Liquid outlets are set on the bottom. Vapor outlets will be located on the top part of the shell.  The vessel length is determined by the process engineer to suit (a) an economical diameter-to-length ratio, and (b) length to satisfy ""disengaging requirements."" What is ""disengaging?"" The inlet may enter the horizontal vessel as liquid and vapor. In the vapor phase, there are tiny droplets of liquid. This is called ""entrained liquid."" Gravity will settle out most of the droplets if the vapor is kept in the vessel long enough in a basically low flow condition. This time is calculated and is called ""retention time"" and helps determine the vessel length. The retention time is then determined by the disengaging requirements. A vapor, containing more droplets of liquid, will require more disengaging time to form a clean vapor in vessel.  If the piping designer located the inlet and the vapor outlet side by side, the whole purpose of the horizontal accumulator would be destroyed. The vapor coming in would just duck in to the vessel and right out the outlet, taking with it all the entrained liquid. Disengaging could not occur.  Also in the liquid portion of the inlet feed a small quantity of vapor bubbles may be found. These bubbles will float out of the liquid into the vapor area if the vessel has adequate retention time. Again, the liquid outlet must be located at the opposite end from the inlet nozzle to enable this separation to occur.  The liquid level of these accumulators is totally managed by the process engineer and is kept there by a liquid level controller. A level gage is provided so the operator can visually check the level to ensure that the level controller is functioning properly. The level gage and level controller  ---"
SEC-PPDRWV1-0163,Process-Piping-Design-Rip-Weaver-Volume-1,PPDRWV1,Reflux Liquid,2,Reflux Liquid,5139,5142,129,129,Process-Piping-Design-Rip-Weaver-Volume-1.html#SEC-PPDRWV1-0163,ce16aa4fd278,True,False,False,7-11,,,,![Figure 7-2. Typical ladder and platform details. Courtesy of Fluor Corp.](figures/Process-Piping-Design-Rip-Weaver-Volume-1_p0131_fig01_typical-ladder-platform-details.png)  *LADDER AND PLATFORM FOR V-723*
SEC-PPDRWV1-0164,Process-Piping-Design-Rip-Weaver-Volume-1,PPDRWV1,Tower Temperature Gradient,2,Tower Temperature Gradient,5143,5154,129,129,Process-Piping-Design-Rip-Weaver-Volume-1.html#SEC-PPDRWV1-0164,73f61da1f94d,True,False,False,7-9,,,,"Scale 1/2"" = 1'-0""  The figure shows engineering drawings of typical ladder and platform details including:  - **Top view (plan):** Shows a rectangular vessel platform with dimensions 8'-9"" width. The platform includes a Omit Handrail and Kickrail notation in this Section Only, with a Vessel label and dimensions including 1'-6"" and 3'-6"" markings. - **Ladder detail:** Shows a 2'-6"" dimension with a Ladder label. - **Front elevation view:** Shows the full ladder and platform assembly at Scale 1/2"" = 1'-0"" for V-723. The elevation shows:   - Grade level at the bottom   - Ladder extending from grade to T.O.S. (Top of Steel)   - West Face label on the left side   - Overall height dimension of 8'-6"""
SEC-PPDRWV1-0165,Process-Piping-Design-Rip-Weaver-Volume-1,PPDRWV1,Tower Ladders and Platforms,2,Tower Ladders and Platforms,5155,5168,129,129,Process-Piping-Design-Rip-Weaver-Volume-1.html#SEC-PPDRWV1-0165,ec770812b812,True,False,False,7-10,,,,"- Platform structure with grating - **Side elevation (right):** Shows the vessel connection with:   - Type ""M"" Clip at top   - CL Vessel centerline   - Type ""N"" Clip   - 2'-6"" dimension   - 3/8"" × 6 Clip notation   - 8'-6"" height dimension  ---  ![Figure 7-3. Horizontal accumulator, elevation below 15'-0"". Courtesy of Fluor Corp.](figures/Process-Piping-Design-Rip-Weaver-Volume-1_p0132_fig01_horizontal-accumulator-elevation-below-1.png)  should be oriented on the same end as the outlets, visible to the operator as he walks down the operating aisle. They should also be located together. The operator can adjust the level controller and change the level point in the vessel. While doing this, he needs to view the level gage to check his adjustment."
SEC-PPDRWV1-0166,Process-Piping-Design-Rip-Weaver-Volume-1,PPDRWV1,Process Nozzle Orientation,2,Process Nozzle Orientation,5169,5176,129,129,Process-Piping-Design-Rip-Weaver-Volume-1.html#SEC-PPDRWV1-0166,44dd4b811ee1,True,False,False,7-11,,,,"Why not locate these instruments on the inlet end? The inlet is coming in as liquid and vapor at a higher velocity than the flow through the vessel. This will cause higher turbulence at this end of the vessel. This motion of the liquid would move the float of the level controller and the level control would not function properly. Always locate level instruments in the least possible area of turbulence.  ## Saddles  Horizontal vessels are supported by saddles welded to the vessel shell. Except for special design cases, these saddles should be located about 15% of the vessel length in from each end, or about 70% of the vessel length apart. For a vessel which is 20'-0"" tangent to tangent, the vessel saddles would be located 14'-0"" apart and 3'-0"" in from each tangent line. For special thin wall and/or long vessels, the  ---"
SEC-PPDRWV1-0167,Process-Piping-Design-Rip-Weaver-Volume-1,PPDRWV1,Instrument Connections,3,Instrument Connections,5177,5337,129,149,Process-Piping-Design-Rip-Weaver-Volume-1.html#SEC-PPDRWV1-0167,45e92b9998cb,True,False,False,7-10;7-11;7-12,,,Process-Piping-Design-Rip-Weaver-Volume-1_p0145_fig01;Process-Piping-Design-Rip-Weaver-Volume-1_p0146_fig01;Process-Piping-Design-Rip-Weaver-Volume-1_p0147_fig01;Process-Piping-Design-Rip-Weaver-Volume-1_p0148_fig01;Process-Piping-Design-Rip-Weaver-Volume-1_p0149_fig01,"vessel design department should be consulted for the best location of these saddles.  This 20'-0"" long vessel is going to expand and contract due to heat. The designer wants to control this so as not to put excess strain on his pumps. The saddle near the rack will have round holes drilled in it to receive the anchor bolts. This end will be bolted down tightly and is designated as the ""anchor"" end, causing the vessel to grow away from the rack and the pumps.  The other saddle is provided with slotted holes for the anchor bolt and is not bolted down tightly, which enables the saddle to slide on the foundation as expansion or contraction occur. This is called the ""sliding"" end.  If the vessel is very hot or very long and a large amount of growth could occur or if the vessel is in cyclic service, meaning that the temperature rises and falls during normal operation, then ""slide plates"" are embedded in the concrete grout for the vessel saddle to rest on. If sliding was extensive on bare concrete, it would eventually chip away the concrete due to the friction resistance. This slide plate is installed to reduce the resistance and protect the concrete. Slide plates are usually made from sheet steel plate of ⅜"" thickness, but for some cases special ""lubrite"" plate, an oil impregnated steel, is used. Teflon slide plates are now used for special cases.  In cryogenic piping, which involves subfreezing operating temperatures, supporting horizontal vessels presents a different problem. If the vessel is operating at the cold saddle would freeze to the concrete. The slide plate would freeze to the saddle and as the vessel would then contract, the concrete would be harmed. To prevent this, wood blocks, 6-8"" thick would be installed on both concrete piers. The anchor bolts would project through the wood blocks and the saddles would rest on these wood blocks. Wood will serve as an insulation barrier, keeping the freezing temperatures from reaching the concrete. Both saddles could have slotted holes for anchor bolts, as the contraction is usually small, and with bolt holes about 5/16"" larger than the anchor bolts, this slop will usually take care of any contraction. If the contraction is expected to be large, a slotted saddle would be provided and would be located on the end away from the pipe rack and pumps. Another reason for locating the slotted saddle on this end is that the vessel and the inlet line both grow or contract together, reducing expansion forces. The inlet line is usually the largest line connecting to the horizontal vessel and consequently will exert the greatest forces.  ## Miscellaneous Connections  Other connections to horizontal accumulators will be the vent and/or drain nozzles. Both require valves which must be accessible. If the liquid outlet to the pumps does not have projection inside the vessel, it is preferable to install the drain on the lowest possible part of the pump suction line, routing the drain to the drain funnel which services the pump. This will save the cost of supplying a drain funnel to the vessel. The vent may go to the atmosphere or to the flare header. The flow diagram will define this routing.  Thermowells are sometimes located on top of these accumulators. This is costly and the competent designer will avoid this installation. It is more practical to locate a ball valve in piping going to the vessel. Adding a nozzle to the pipe is much cheaper than installing the same size nozzle on a vessel. The nozzle is built to the ASME section VIII code and requires special welding. This makes vessel nozzles expensive.  The operator will need to know the temperature of the fluid in this vessel. This means a thermowell must be installed. The thermowell could be installed at the suction header line or in the discharge line, but since any obstruction in the suction piping would cause pressure drop, it should be installed in the discharge piping. If there is an operating pump and a spare pump, locate the thermowell after the discharges are combined so the thermowell is in the same flowing fluid regardless of which pump is operating. Never install a temperature connection in a ""dead leg"" or nonflowing portion of a line as the temperature readings would be therefore of no value. The temperature of the pump suction and discharge is the same, and is also the temperature of the fluid in the vessel.  Inspection openings are required to be located on vessels by the ASME section VIII code. These openings are manholes or handholes; horizontal vessels have at least one. The best place to locate inspection openings is in the head, on the centerline of the vessel, if a platform is not required. If platforms are required, the openings will be located on the vessel shell, either on the top or side, depending on platforming required for other vessel con-  ---  nections. These manways may be 18"" OD pipe with WN flange and blind, with hinge or davit as required. Hinges should be used for manholes mounted on the side of the shell. Davits work better for top mounted manholes. Any manhole which is top mounted and hinged should have a ""hinge stop"" installed to keep the blind flange (manhole cover) from slamming down on the vessel shell. The hinge stop should be set so that the cover will open only 135°.  ## Horizontal Vessel Below 15'-0"" Elevation  Figure 7-3 is a piping plan of a horizontal vessel located below 15'-0"" elevation. No platforms are provided. The manhole is located in the head, opposite the pipeway, near the inlet. The anchor support is located on the end near the pipeway. The LC and LG are shown installed on a ""bridle."" A bridle is a fabricated piece of pipe which has a liquid and vapor connection to the vessel. The liquid level in the bridle is the same as in the vessel, as liquid will seek its own level. Instruments then are connected to the bridle.  ### Bridles  Bridles have a definite use but are costly and so should be specified only where required. In most cases it is much cheaper to install LC and LG connections on the vessel and eliminate the bridle. When bridles are mandatory, they should always be installed ""self-draining."" The lower connection, in the liquid section of the vessel, should be located about 6"" above the bottom of the vessel. Never locate the bridle connection on the bottom of the vessel. It will accumulate anything that drains to the vessel and clog up the bridle and the instruments will not function. The author remembers a case where a clogged bridle was found to have old rags in it. No one could offer an explanation as to where they came from.  ### Miscellaneous Connections  The connections shown in Figures 7-3 are M-Manhole, A-Inlet, P-Pressure Gage, V-Vent, B-Liquid outlet and L-1 and 2 are the bridle connections. The PS is a pipe support, built up from the vessel to support the inlet line. This vessel has all liquid coming into it so there is no vapor outlet.  ## Grade Mounted Vessel  Figure 7-4 shows a general arrangement for a horizontal vessel which is grade mounted. Its height is determined by the elevation necessary to clear the piping out of the bottom of the bootleg. A bootleg is installed to separate and draw off water. Since water is heavier than hydrocarbons it will drop out in the boot and can be seen in the boot's LG. It will then be drawn off through the LV valve. Some similar designs use a manually operated draw-off valve. This would be a globe body valve used for manual draining. Someone would view the gage glass on a regular schedule. As more water accumulated in the boot, he would slightly open the globe valve and let draw off the water until it was below the viewing area of the LG. With the manual design, the LG is visible while the draw-off valve is operating. With the automatic design, the LG is visible while the control valve by-pass is operating.  Bootlegs are located as close to the calm end of the vessel as possible, away from the inlet end. This gives ample time for the liquid to settle to "
SEC-PPDRWV1-0168,Process-Piping-Design-Rip-Weaver-Volume-1,PPDRWV1,Other Nozzle Orientations,2,Other Nozzle Orientations,5338,5349,129,129,Process-Piping-Design-Rip-Weaver-Volume-1.html#SEC-PPDRWV1-0168,f2281a872785,True,False,False,,,,,| | 36.000 | | | | | | | | | | | | | 72.000 | | | | | | | | | | | | | 30 | 30.000 | | | | | | | | | | | | 60 | 60.000 | | | | | | | | | | | | | | 36.000 | | | | | | | | | | | | | 66.000 | | | | | | | | | | | | | | 42.000 | | | | | | | | | | | | | 72.000 | | | | | | | | | | | | | 36 | 36.000 | | | | | | | | | | | | 66 | 66.000 | | | | | | | | | | | | | | 42.000 | | | | | | | | | | | | | 72.000 | | | | | | | | | | | | | | 48.000 | | | | | | | | | | | | 72 | 72.000 | | | | | | | | | | | | | 42 | 42.000 | | | | | | | | | | | | | 78.000 | | | | | | | | | | | | | | 48.000 | | | | | | | | | | | | 78 | 78.000 | | | | | | | | | | | | | | 54.000 | | | | | | | | | | | | | 84.000 | | | | | | | | | | | | | 48 | 48.000 | | | | | | | | | | | | 84 | 84.000 | | | | | | | | | | | | | | 54.000 | | | | | | | | | | | | | 90.000 | | | | | | | | | | | |
SEC-PPDRWV1-0169,Process-Piping-Design-Rip-Weaver-Volume-1,PPDRWV1,Products,2,Products,5350,5367,129,129,Process-Piping-Design-Rip-Weaver-Volume-1.html#SEC-PPDRWV1-0169,9cd5c03cdb91,True,False,False,,,,,| | 60.000 | | | | | | | | | | | | 90 | 90.000 | | | | | | | | | | | | | 54 | 54.000 | | | | | | | | | | | | | 96.000 | | | | | | | | | | | | | | 60.000 | | | | | | | | | | | | 96 | 96.000 | | | | | | | | | | | | | | 66.000 | | | | | | | | | | | | | 102.000 | | | | | | | | | | | | | 60 | 60.000 | | | | | | | | | | | | 108 | 108.000 | | | | | | | | | | | | | | 66.000 | | | | | | | | | | | | | 114.000 | | | | | | | | | | | | | | 72.000 | | | | | | | | | | | | 114 | 114.000 | | | | | | | | | | | | | 66 | 66.000 | | | | | | | | | | | | | 120.000 | | | | | | | | | | | | | | 72.000 | | | | | | | | | | | | 120 | 120.000 | | | | | | | | | | | | | | 78.000 | | | | | | | | | | | | | 126.000 | | | | | | | | | | | | | 70 | 70.000 | | | | | | | | | | | | 126 | 126.000 | | | | | | | | | | | | | | 78.000 | | | | | | | | | | | | | 132.000 | | | | | | | | | | | | | | 84.000 | | | | | | | | | | | | | | | | | | | | | | | | |  **Figure 7-7.** Typical saddle details; Courtesy of Fluor Corp.  ---
SEC-PPDRWV1-0170,Process-Piping-Design-Rip-Weaver-Volume-1,PPDRWV1,Vertical Vessel Davit,3,Vertical Vessel Davit,5368,5371,129,129,Process-Piping-Design-Rip-Weaver-Volume-1.html#SEC-PPDRWV1-0170,92c6bd7e8385,True,False,False,7-13,,,,"![Figure 7.7. Typical saddle details.](figures/Process-Piping-Design-Rip-Weaver-Volume-1_p0140_fig01_typical-saddle-details.png)  *SADDLE DETAILS FOR MARK 246, 248 & 260 ONLY*"
SEC-PPDRWV1-0171,Process-Piping-Design-Rip-Weaver-Volume-1,PPDRWV1,Vertical Vessel Pipe Supports,3,Vertical Vessel Pipe Supports,5372,5484,129,155,Process-Piping-Design-Rip-Weaver-Volume-1.html#SEC-PPDRWV1-0171,b31930fe9e2e,True,False,False,7-13;7-14;7-15;7-16,,,Process-Piping-Design-Rip-Weaver-Volume-1_p0152_fig01;Process-Piping-Design-Rip-Weaver-Volume-1_p0153_fig01;Process-Piping-Design-Rip-Weaver-Volume-1_p0154_fig01;Process-Piping-Design-Rip-Weaver-Volume-1_p0154_tbl01;Process-Piping-Design-Rip-Weaver-Volume-1_p0155_fig01,"> **Table - Table — Saddle details dimensional data for Mark 246, 248 & 260** - see [source crop](tables/Process-Piping-Design-Rip-Weaver-Volume-1_p0140_tbl01_saddle-details-mark-246-248-260.png) and needs_extraction  | Vessel Diameter | Shell Size | A | B | C | E | F | G | H | L | M | N | C | L | W | | :--- | :--- | :---: | :---: | :---: | :---: | :---: | :---: | :---: | :---: | :---: | :---: | :---: | :---: | :---: | | 120 | 120,000 | | | | | | | | | | | | | | | | 126,000 | | | | | | | | | | | | | | | | 130,000 | | | | | | | | | | | | | | | | 144,000 | | | | | | | | | | | | | | | 14 | 144,000 | | | | | | | | | | | | | | | | 150,000 | | | | | | | | | | | | | | | | 156,000 | | | | | | | | | | | | | | | | 162,000 | | | | | | | | | | | | | | | 160 | 160,000 | | | | | | | | | | | | | | | | 168,000 | | | | | | | | | | | | | | | | 174,000 | | | | | | | | | | | | | | | | 180,000 | | | | | | | | | | | | | | | 168 | 180,000 | | | | | | | | | | | | | | | | 186,000 | | | | | | | | | | | | | | | | 192,000 | | | | | | | | | | | | | | | | 198,000 | | | | | | | | | | | | | | | 120 | 192,000 | | | | | | | | | | | | | | | | 198,000 | | | | | | | | | | | | | | | | 204,000 | | | | | | | | | | | | | | | | 210,000 | | | | | | | | | | | | | |  **GENERAL NOTES**  Vessel diameters listed are inside diameters. The sizes (standard dimensions may change in the case of very thick vessel shells or if very thin insulation is used on certain vessel sizes. The vessel drawing shall have precedence.  Saddles are set attachment plate unless otherwise noted. Other welds shall be a continuous fillet or equal to 3/8 including 1/2 diameter if vessel is stress relieved or whole plate 18 millimeter vessel or heavier.  Procure A (see top to under plate of vessel is stress relieved or whole plate less than 18 millimeter shells.  **Notes:**  a. Procure holes in saddle and as follows:    - 3/4 for 5/8 bolts    - 7/8 for 3/4 bolts  b. Procure slotted holes in expansion end as follows:    - 1-1/8 x 2 long for 5/8 bolts    - 1-1/4 x 2-1/2 long for 3/4 bolts  c. Applies only to horizontal shell vessels less than 48 in. long.  ---  ![Figure 2-8. Typical section through pipeway. Courtesy of Fluor Corp.](figures/Process-Piping-Design-Rip-Weaver-Volume-1_p0141_fig01_typical-section-through-pipeway.png)  ---  ## Manhole Orientation  ![Figure 7-9. Manhole orientation. Courtesy of Fluor Corp.](figures/Process-Piping-Design-Rip-Weaver-Volume-1_p0142_fig01_manhole-orientation.png)  Manholes or manholes shall be provided for access and inspection of vessel internals, trays, internal piping, etc. Manhole elevations are normally dependent on tray arrangement. Orient manhole in rear half of vessel away from pipeway, with all manholes on or about the same centerline. Consideration shall be given to raising or lowering manholes one tray to provide the most economical ladder and platform arrangement.  ---  through. A bubble cap was connected to the standpipe which forced the vapor to make contact with the tray liquid.  2. *Valve trays* are in the most common use today. Stamped out by bar presses, these trays come with small valves attached to them which allow vapor traffic. They are made in sections wide enough to permit passage through a manhole and are installed in these pieces, usually 17"" wide. They rest on a tray support ring bolted to the vessel wall. These trays are usually bolted to this support ring.  3. *Sieve trays* are perforated flat plates. They are inexpensive for small diameter vessels but large diameter towers must have extensive supports for these trays. Sieve trays are used for heavy hydrocarbon fractionation.  All trays have foam on top of the liquid. The height of the foam will vary with the process. Internal piping will interfere with the foam and should be avoided where possible. Foam has space, 1 foot or more above the tray liquid. Any horizontal pipe extending into it will serve as a dam. There are cases where the designer must have internal piping to properly distribute the incoming liquid on the tray. These will be shown later in this chapter.  To make fractionating towers work, the hot liquid must be retained in the bottom of the tower, drawn off, heated and vaporized and returned to the tower in a large vapor inlet nozzle. This vapor then starts its passage up the tower, making contact with the liquid on each tray, losing some temperature and some heavier hydrocarbons on each tray but vaporizing some lighter hydrocarbons from the liquid flowing down the tower.  ## Reflux Liquid  The liquid enters the vessel at the top tray and the nozzle must be oriented to assure that the liquid will flow properly on the tray surface. This liquid is called ""reflux."" If the velocity is high an inlet baffle may be required (see Figure 7-11, Type ""A""). The liquid is cool when it enters the top tray. As it flows down each tray it makes contact with the warmer rising vapor and some of the heat is retained. So each tray operates at a different temperature, getting a little hotter as the liquid comes down the tower. The liquid in the bottom of the tower may be 700°F, while the vapor leaving the top of the tower may be only 200°F.  ## Tower Temperature Gradient  Since tower temperature is different at each tray, the tower rate of expansion will vary depending on what part of the vessel you are considering. To determine this expansion, the piping designer will develop a lower temperature gradient and will calculate the expansion from grade to several points up the tower. This is the only way to determine if the piping to the tower is flexible enough to withstand the growth of the tower.  Figure 7-9 also depicts a two pass tray. This type of tray has two downcomers which alternate from center downcomers to side downcomers. Note that the one pass tray has only side downcomers. Generally, the larger diameter towers will have two or more passes.  The location and number of downcomers are determined by the tray manufacturer. Engineering contractors send the tray vendor a specification outlining the requirements of a particular tower. The tray vendor calculates the required service, defines the tray type and guarantees the performance of the product. The piping designer has the right to approve the designer's nozzle orientation and any internal pipe arrangements.  Figure 7-9 shows possible location for manholes. The single pass tray offers great flexibility for manhole location. The manhole may be located on any tray with a wide orientation range. The two pass tray has a limited location. The manhole could not be located on a tray with center downcomers coming down from above. They would block entry to the vessel since the downcomers would drop in front of the manhole. So location of manholes is limited (1) to every other tray and (2) to an area between the two side downcomers.  Manholes are used to gain entry to vessels for maintenance personnel and for replacement of vessel internal parts such as tray pieces, demister parts and internal piping. Access to the tower from grade, is usually from a road on the side opposite the pipe-way. The manhole will be located on the tower side opposite the main pipeway.  ---  ## Tower Ladders and Platforms  Ladders and platforms on vertical fractionating towers must be layed out by the piping designer as he orients the nozzles. Platforms are to be provided at each manhole, usually three or four per tower. Other platforms will be needed for access to critical instruments and operating valves. Some operating companies require platforms to be located at each flanged nozzle so that they could easily tighten bolts should a leak occur. Others require no platform for clean service; they believe the cost and maintenance is too high for the few times the platform would be used. They feel it is cheaper to erect temporary scaffolding. Some feel they can elevate a workman with a crane to tighten bolts. Before trying to lay out platforming, the designer must thoroughly know his job specifi"
SEC-PPDRWV1-0172,Process-Piping-Design-Rip-Weaver-Volume-1,PPDRWV1,Chapter 7,2,Chapter 7,5485,5486,129,129,Process-Piping-Design-Rip-Weaver-Volume-1.html#SEC-PPDRWV1-0172,034c7dd23b6f,True,False,False,,,,,"A temperature indicator (TI) may be needed to check the temperature of either the liquid or the vapor. Unless the designer knows the instrument's purpose, he cannot properly locate it. A sample connection (SC) may also be designed to take a vapor or liquid sample. Liquid sample and temperature connections are normally located in the downflowing fluid. Since the greatest amount of flow occurs in the downcomer area, this is the place to locate these connections."
SEC-PPDRWV1-0173,Process-Piping-Design-Rip-Weaver-Volume-1,PPDRWV1,Review Test,3,Review Test,5487,5534,129,129,Process-Piping-Design-Rip-Weaver-Volume-1.html#SEC-PPDRWV1-0173,3fc940fadadd,True,False,False,,,,,"---  ![Figure 7-10. Typical ladder and platform details.](figures/Process-Piping-Design-Rip-Weaver-Volume-1_p0145_fig01_typical-ladder-platform-details.png)  **ELEVATION OF SIDE APPROACH LADDER AND ONE AT INTERMEDIATE AND TOP PLATFORM**  **PLAN OF TYPICAL MONORAIL PLATFORM**  **COLLARED OPENING**  **SECTION A**  **BRACKET DETAILS**  Key details shown in the engineering drawing include:  - Top of handrail - Top of grating - In-fill plate of pipe - Collared opening: Provide hole in plate, rolled to opening size; lap plate extends beyond hole; use galvanized plate - Safety chain with guard rod above dog leg - The plate is a fire extinguisher stand - Clip angles for ladder side bar size - Unit top or side handrail line to clear outside face of ladders - Platform grate clip (top of checkered plate or grating) - Fireproofing - Slope ladder body at intermediate and top platform - Road line - 7"" minimum clearance - Slope 1 in 4½ maximum - Assembly detail  **BRACKET A** details shown with dimensions  **BRACKET B** details shown with dimensions  **BRACKET C** — BIO information and embed steel details  Dimensions and notes include: - 4¾"" bracket - ¼"" × 3"" slot - Plate clips ¼"" × 3"" × ... - Place plate ¼"" × ... - 2-⅝ dia holes - ½"" round holes - See general details - ½"" horizontal grating - Bracket"
SEC-PPDRWV1-0174,Process-Piping-Design-Rip-Weaver-Volume-1,PPDRWV1,8 Instrumentation,1,8 Instrumentation,5535,5542,129,129,Process-Piping-Design-Rip-Weaver-Volume-1.html#SEC-PPDRWV1-0174,d6dc9be28678,True,False,False,,,,,"- See monorail provision only - Do not match field welds, no saw detail shown - Details of field embed sizes noted  *Note: This page consists primarily of a detailed engineering drawing (Figure 7-10) showing typical ladder and platform construction details including elevations, plans, sections, and bracket details with dimensions and annotations.*  ---"
SEC-PPDRWV1-0175,Process-Piping-Design-Rip-Weaver-Volume-1,PPDRWV1,Instrument Types,2,Instrument Types,5543,5546,129,129,Process-Piping-Design-Rip-Weaver-Volume-1.html#SEC-PPDRWV1-0175,ab6066e32621,True,False,False,,,,,![Figure 7-10. Typical ladder and platform details. Courtesy of Fluor Corp.](figures/Process-Piping-Design-Rip-Weaver-Volume-1_p0146_fig01_typical-ladder-platform-details.png)  ---
SEC-PPDRWV1-0176,Process-Piping-Design-Rip-Weaver-Volume-1,PPDRWV1,Instrument Functions,2,Instrument Functions,5547,5550,129,129,Process-Piping-Design-Rip-Weaver-Volume-1.html#SEC-PPDRWV1-0176,edc0d2416713,True,False,False,,,,,"![Figure 7-11. Process nozzle orientation. Courtesy of Fluor Corp.](figures/Process-Piping-Design-Rip-Weaver-Volume-1_p0147_fig01_process-nozzle-orientation.png)  The figure shows process nozzle orientation diagrams with plan views and vessel sections, illustrating three types of configurations:"
SEC-PPDRWV1-0177,Process-Piping-Design-Rip-Weaver-Volume-1,PPDRWV1,Dual Instruments,2,Dual Instruments,5551,5558,129,159,Process-Piping-Design-Rip-Weaver-Volume-1.html#SEC-PPDRWV1-0177,0f46356bf706,True,False,False,8-1,,,Process-Piping-Design-Rip-Weaver-Volume-1_p0159_fig01,"**Reflex Nozzle Single Pass** (left column, bottom to top):  - *Normal Location* — Plan view showing a circular vessel with internal manway and orientation range indicated. Normal location is marked at top. - Plan view showing flanges with removable trays, flange end for removable trays, assemblies labeled, with Normal and Alternate orientations shown and orientation range indicated.  **Sections through Vessel** (right column, bottom to top):  - *Section through Vessel S* (Type ""A"") — Shows Baffle, Tray, Downscomer inside vessel section."
SEC-PPDRWV1-0178,Process-Piping-Design-Rip-Weaver-Volume-1,PPDRWV1,Transmitters,2,Transmitters,5559,5562,129,129,Process-Piping-Design-Rip-Weaver-Volume-1.html#SEC-PPDRWV1-0178,294233215357,True,False,False,,,,,"- *Section through Vessel S* (Type ""B"") — Shows Downscomer, Tray inside vessel section. - *Section through Vessel S* — Shows Center Downscomer inside vessel section.  **Reflex Nozzle Two Pass** (far right):"
SEC-PPDRWV1-0179,Process-Piping-Design-Rip-Weaver-Volume-1,PPDRWV1,Thermowells,2,Thermowells,5563,5580,129,129,Process-Piping-Design-Rip-Weaver-Volume-1.html#SEC-PPDRWV1-0179,3675b3f976c0,True,False,False,8-1,,,,"- Section view showing vessel with Alternate if Elevation Permits notation and Downscomer labeled.  ---  ![Figure 7-11. Process nozzle orientation. \(continued\)](figures/Process-Piping-Design-Rip-Weaver-Volume-1_p0148_fig01_process-nozzle-orientation-continued.png)  *Flanges shall be provided only with Removable Trays or When Pipe Interferes with Tray Manway.*  **Top row — Two Pass arrangement:**  - **Plan** view showing internal tray with hatched areas and labeled internals:   - Normal Location   - Internal Manway   - Type ""B""   - Type ""A"" alternates with Type ""C"" - **Section through Vessel ℄** — Two Pass:   - Liquid Feed Tray shown at top"
SEC-PPDRWV1-0180,Process-Piping-Design-Rip-Weaver-Volume-1,PPDRWV1,Other Temperature Instruments,2,Other Temperature Instruments,5581,5588,129,129,Process-Piping-Design-Rip-Weaver-Volume-1.html#SEC-PPDRWV1-0180,74c37474884f,True,False,False,,,,,"- Section labeled ""Two Pass""   - Liquid Feed Nozzle indicated  **Middle row — Single Pass arrangement:**  - **Plan** view showing:   - Downcomer   - Liquid Feed Tray"
SEC-PPDRWV1-0181,Process-Piping-Design-Rip-Weaver-Volume-1,PPDRWV1,Pressure Instruments,2,Pressure Instruments,5589,5602,129,161,Process-Piping-Design-Rip-Weaver-Volume-1.html#SEC-PPDRWV1-0181,c6af5c3b826c,True,False,False,8-2,,,Process-Piping-Design-Rip-Weaver-Volume-1_p0161_fig01,"- **Section through Vessel ℄** — Single Pass:   - Liquid Feed Tray shown   - Downcomer indicated   - Section labeled ""Single Pass""  **Bottom row — Downcomer or Side Reboiler Nozzle (Interconnector or Side Reboiler Nozzle):**  - **Plan (At ""A"", ""A"")** view showing:   - Orientation Nozzle   - Downcomer   - Stell Plate   - Tray   - Labels ""A"" and ""A"" - **Section through Vessel ℄**:"
SEC-PPDRWV1-0182,Process-Piping-Design-Rip-Weaver-Volume-1,PPDRWV1,Flow Instruments,2,Flow Instruments,5603,5610,129,129,Process-Piping-Design-Rip-Weaver-Volume-1.html#SEC-PPDRWV1-0182,9365118408b1,True,False,False,,,,,"- Inlet   - Outlet   - Downcomer   - Stell Plate   - Sump   - Tray ""A""   - Interconnector or Side Reboiler Nozzle labeled"
SEC-PPDRWV1-0183,Process-Piping-Design-Rip-Weaver-Volume-1,PPDRWV1,Instrumentation,2,Instrumentation,5611,5620,129,162,Process-Piping-Design-Rip-Weaver-Volume-1.html#SEC-PPDRWV1-0183,5ba1e6c23d03,True,False,False,8-3,,,Process-Piping-Design-Rip-Weaver-Volume-1_p0162_fig01,"---  ![Figure 7-12. Instrumentation on vertical vessels. Courtesy of Fluor Corp.](figures/Process-Piping-Design-Rip-Weaver-Volume-1_p0149_fig01_instrumentation-vertical-vessels.png)  **Typical Flow Diagram Call Out**  - 3/4"" S.C. (Vapor) — line 12 → **11** (Vapor) - Thermowell Type Inst. T1, TW, TR, Etc. - 3/4"" S.C. (Liquid) — line 10 → **TW** (Liquid) - line 9"
SEC-PPDRWV1-0184,Process-Piping-Design-Rip-Weaver-Volume-1,PPDRWV1,Orifice Flange Taps,3,Orifice Flange Taps,5621,5636,129,163,Process-Piping-Design-Rip-Weaver-Volume-1.html#SEC-PPDRWV1-0184,c54f4a9eff8d,True,False,False,8-3;8-4;8-5,,,Process-Piping-Design-Rip-Weaver-Volume-1_p0163_fig01;Process-Piping-Design-Rip-Weaver-Volume-1_p0163_fig02,"**Plan**  - Normal Location - Thermowell Length of Accessibility May Necessitate Tangential Connections. - Orientation Range for Liquid Points - Orientation Range for Vapor Sample Conns. or Temp. Points  **Elevation**  - Vapor Connection Points Located Behind Downcomer Area - Liquid Connection Points Normally at Downcomer Area - Top of Tray - Top of Tray → lines 12, 11, 10, 9, 8 - Top of Tray Weir - Elevational C Range for Vapor Sample Connections or Thermowell Instruments — 6"" / 8"""
SEC-PPDRWV1-0185,Process-Piping-Design-Rip-Weaver-Volume-1,PPDRWV1,Level Instruments,2,Level Instruments,5637,5710,129,166,Process-Piping-Design-Rip-Weaver-Volume-1.html#SEC-PPDRWV1-0185,1a91411fee7b,True,False,False,8-10;8-4;8-5;8-6;8-7;8-8;8-9;8.8,,,Process-Piping-Design-Rip-Weaver-Volume-1_p0164_fig01;Process-Piping-Design-Rip-Weaver-Volume-1_p0165_fig01;Process-Piping-Design-Rip-Weaver-Volume-1_p0166_fig01,"---  The temperature connection has a thermowell that projects inside the vessel and the designer must know the projection dimension and the downcomer clearance dimension to locate the thermowell so that it will miss the downcomer. The liquid sample connection has no internal projection so it may be oriented any place in the downcomer area.  The thermowell is normally located 2"" above the top of the tray. If the well is too long the location may be raised and the thermowell could be angled down about 45° to reduce the fouling projection. When this is done, the bottom of the well should be set about 2"" above the top of the tray.  Vapor sample and temperature points are to be located behind the downcomer in the vapor area of the tray.  Since all of these connections must be maintained or operated, they must have permanent access, either by permanent platform or ladder. Most designers will make them accessible from a ladder as platforms are expensive.  Tray quantity and location requirements will be shown on the mechanical flow diagram. The designer will orient as specified.  Other instrumentation which requires orientation may be the level controller (LC) the level gage (LG), the pressure indicator (PI) and the relief valve or pressure safety valve (PSV).  The LC and LG are to be located so that any incoming liquid or vapor will not disturb their function. A good way to accomplish this is to locate them next to the nozzle causing this turbulence. The velocity will then be directed toward the vessel center and away from the instruments. The PI should be located in the upper part of the tower so that any liquid head will not be reflected in its reading.  ## Other Nozzle Orientations  Probably the largest and most critical nozzle is the reboiler return. This connection will govern the most nozzle and tray orientations. The reboiler return is feeding vapor and liquid to the tower. The liquid will drop and the vapor must go evenly up to the bottom tray to start its upward journey. For one pass trays, this nozzle should be located parallel to the downcomer and the top of the nozzle will be set about 1'0"" below the bottom tray. Never locate it perpendicular to the seal pan. The velocity coming in may blow the liquid out of the seal pan and cause loss of seal. Then the vapor could by-pass the bottom tray via the downcomer area. This would mean the bottom tray would be operating at only partial efficiency and it might not even make the product for which the tower was designed—all because one nozzle was improperly oriented.  If the tower has two pass trays, the bottom tray should have two downcomers. Then the reboiler return should be located parallel to both downcomers and equidistant between them. Should the bottom tray have center downcomers, locate the reboiler return parallel to and immediately below the downcomer seal pan. The vapor will flow evenly to both sides of the above tray and there is no way the seal could be blown out.  For a liquid and vapor flow (called two-phase flow) internal piping may be necessary to reduce velocity and direct the flow. For this case, the bottom half of the internal pipe will be cut out and an end plate fastened at the bottom end. This will direct the liquid down and the vapor will flow out and up to the bottom tray.  Liquid draw-off nozzles may be needed at one or more trays. These nozzles are used for taking various ""cuts"" or draws of a specific hydrocarbon. The best location for these draw-off nozzles is opposite the downcomer in a small draw-off pan located immediately below the tray for one pass trays. To locate this nozzle in two pass trays with a draw liquid, use a tray that has side downcomers. Build a trough in the center of the tray and locate the nozzle to draw liquid from the trough. It is preferable to make this draw with the nozzle parallel to the trough. If the vessel is very large, two separate draw-off nozzles may be needed, one at each end of the trough. The piping connecting the two nozzles should be symmetrical to the point of connection to the one line going down the tower.  If the nozzle cannot be located parallel to the side downcomers, a draw may be made at the bottom of the vessel with internal pipe running from the trough to the draw-off nozzle.  ---  ## Products  Products of fractionating towers are collected from the overhead vapor stream, the bottoms outlet and the side cut streams. The first fractionating tower in a refinery is usually the crude tower. Crude oil is heated to a temperature of 750°F or more and sent to the crude tower. It enters the tower ""flash zone,"" the vapor area below the bottom tray, but above the normal liquid level.  The crude entering the tower has been partly vaporized due to the preheating. As it enters the flash zone it is both liquid and vapor. The liquid portion partially flashes, or vaporizes, and the vapor fractions remain in a liquid state and fall down to the liquid portion of the column. As the flashed vapor rises up through the trays, a temperature level is reached where the heavier fractions condense and become liquid. Lubricating oils and heavy oils collect in the lower trays. A few trays higher, the fuel oils are condensed out of the vapor.  Higher yet, kerosene is condensed. Near the top the gasoline components drop out of the vapor, depending on the design temperature of the top of the tower. The methanes, ethanes propanes and butanes remain as vapor and exit from the tower at the top, going to the overhead condenser and accumulator.  To capture the other products a draw-off nozzle must be installed at the appropriate tray. These nozzles will drawoff the desired product and possibly send it to a side cut stripper for further fractionation.  Gasoline which is drawn off a crude tower is called ""straight-run gasoline."" For many years gasoline was made this way, and with a few additives it was commercially marketed. Now, very few crude columns make a straight-run gasoline cut. This cut would be too low in octane rating for modern automobiles.  Also, it would not produce enough gasoline for each barrel of crude oil to be economical.  To meet these needs for economy and high performance, new refining processes were developed. To produce more gasoline per barrel of crude oil, cracking and polymerization were developed. *Cracking* is the making of gasoline out of heavier fractions by changing their molecular structures. *Polymerization* does the opposite, making gasoline out of lighter fractions by changing their molecular structure. *Reforming* is another process which actually makes a better gasoline, improving its antiknock rating.  Every year new methods for improving the marketable yields of crude oil are developed. Each new process must be studied by the modern piping designers, for each one offers a new challenge.  ### Vertical Vessel Davit  Figure 7-13 shows a vertical vessel davit. This is a device used to raise heavy objects from grade to the desired platform or to lower vessel parts to grade. The davit should be installed on towers which are over 30' tall if there are removable parts of the tower. Davits should be installed so that they will drop their load into the ""drop area,"" the clear open area at the back side of the column, away from the main rack. Very large diameter towers may require two davits. The swing of the davit must reach every platform which services a manhole to pick up that part and then must be swing around so that the part can be lowered to the drop area.  ### Vertical Vessel Pipe Supports  Figures 7-14 and 7-15 depict pipe supports and pipe guides for vertical vessels. Pipe attaching to the vessel nozzles is heavy and the nozzle is not designed to carry this dead load. Pipe supports are attached to the vessel shell, as near the nozzle as possible, to carry this load. Pipe guides are located below the pipe supports, at very wide spacing, to keep the pipe from swaying and putting moments on the vessel nozzle. Figure 7-15 defines t"
SEC-PPDRWV1-0186,Process-Piping-Design-Rip-Weaver-Volume-1,PPDRWV1,Control of distillate and water levels in a gas and water separator,2,Control of distillate and water levels in a gas and water separator,5711,5714,129,129,Process-Piping-Design-Rip-Weaver-Volume-1.html#SEC-PPDRWV1-0186,6592e14f4ffd,True,False,False,,,,,"**Detail 'A'** — Shows 1"" dia bar connection with 1½"" Pipe Side do pipe detail  **Section 'B-B'** — Cross-section showing pipe and sleeve arrangement with ¾×¾×¼ wall tubing sleeve"
SEC-PPDRWV1-0187,Process-Piping-Design-Rip-Weaver-Volume-1,PPDRWV1,Transmission of level to remote recorder and signal lights,2,Transmission of level to remote recorder and signal lights,5715,5718,129,129,Process-Piping-Design-Rip-Weaver-Volume-1.html#SEC-PPDRWV1-0187,3b426868a23d,True,False,False,,,,,"**Section 'C-C'** — Top of handrail detail with ¾"" dia Button Head Bolt, Screwed to 5 and see note 2  **Section 'D-D'** — Detail of clamp connection with ¼ glu plate Stiffener details"
SEC-PPDRWV1-0188,Process-Piping-Design-Rip-Weaver-Volume-1,PPDRWV1,Level transmission and control of a reflux accumulator,2,Level transmission and control of a reflux accumulator,5719,5762,129,169,Process-Piping-Design-Rip-Weaver-Volume-1.html#SEC-PPDRWV1-0188,43d1b1abc48b,True,False,False,6-9;8-10;8-11;8-12,,,Process-Piping-Design-Rip-Weaver-Volume-1_p0167_fig01;Process-Piping-Design-Rip-Weaver-Volume-1_p0168_fig01;Process-Piping-Design-Rip-Weaver-Volume-1_p0168_tbl01;Process-Piping-Design-Rip-Weaver-Volume-1_p0169_fig01;Process-Piping-Design-Rip-Weaver-Volume-1_p0169_tbl01,"**Section 'E-E'** — Platform section detail  **Section 'F-F'** — ¼"" dia plate and detail, Clip detail  *Note: Unless otherwise shown on vessel E/P drawing*  **Notes:**  1. Attach brackets to vessel with ¾"" continuous weld except as noted on vessel E/P dwg. All other welds shall be 3"" continuous. 2. Screws shall be made of A-6 fly. The dia shall be 1/8"" larger than O.D. of pipe. 3. Check davit to clear platform when lowering load. 4. Brackets shall be furnished by the vessel fabricator. 5. Davits shall be furnished by the ladder & platform fabricator. 6. See detail ladder and platform drawing for pipe davit size, rated load capacity, and Sections G, H, I & K.  ---  ![Figure 7-14. Vertical vessel pipe supports. Courtesy of Fluor Corp.](figures/Process-Piping-Design-Rip-Weaver-Volume-1_p0153_fig01_vertical-vessel-pipe-supports.png)  Figure 7-14. Vertical vessel pipe supports. Courtesy of Fluor Corp.  ---  ![Figure 7-15. Vertical vessel pipe guides. Courtesy of Fluor Corp.](figures/Process-Piping-Design-Rip-Weaver-Volume-1_p0154_fig01_vertical-vessel-pipe-guides.png)  **Type 1 & Type 2**  Alternate construction is permissible. Separations. Grinnell pipe clamps Fig 137 or equal. Alternate construction is permissible. Tab—2""L. Clip 4 sides only.  See Note 1. Slide fit allow clearance on dia.  1½×3 Bars for Type 1 1½×1½ Bar for Type 2  **Type 3**  See Note 1.  3⅛⅛. S⅝⅝.  > **Table - MAXIMUM GUIDE SPACING** - see [XLSX](tables/Process-Piping-Design-Rip-Weaver-Volume-1_p0154_tbl01_maximum-guide-spacing.xlsx) and [source crop](tables/Process-Piping-Design-Rip-Weaver-Volume-1_p0154_tbl01_maximum-guide-spacing.png)  | PIPE SIZE | Y DIMENSION—SEE NOTE 4) | | | | | | | | | | | | |"
SEC-PPDRWV1-0189,Process-Piping-Design-Rip-Weaver-Volume-1,PPDRWV1,Level Gage,2,Level Gage,5763,5772,129,170,Process-Piping-Design-Rip-Weaver-Volume-1.html#SEC-PPDRWV1-0189,3026dfc621fe,True,False,False,8-12;8-13;8-14,,,Process-Piping-Design-Rip-Weaver-Volume-1_p0170_fig01,| :--- | :---: | :---: | :---: | :---: | :---: | :---: | :---: | :---: | :---: | :---: | :---: | :---: | :---: | | | 1½ | 2 | 2½ | 3 | 3½ | 4 | 5 | 6 | 8 | 10 | 12 | 14 | 16 | | TYPE 1 | 15 | 15 | 15 | 15 | 15 | | | | | | | | | | | 20 | 20 | 20 | 20 | 20 | 20 | | | | | | | | | | 25 | 25 | 25 | 25 | 25 | 25 | 25 | | | | | | | | | 30 | 30 | 30 | 30 | 30 | 30 | 30 | 30 | | | | | | | | 35 | 35 | 35 | 35 | 35 | 35 | 35 | 35 | 35 | | | | | | | 40 | 40 | 40 | 40 | 40 | 40 | 40 | 40 | 40 | 40 | | | | | | 45 | 45 | 45 | 45 | 45 | 45 | 45 | 45 | 45 | 45 | 45 | | | | TYPE 2 | 45 | 45 | 45 | 45 | 45 | 45 | 45 | 45 | 45 | 45 | 45 | 45 | 45 |
SEC-PPDRWV1-0190,Process-Piping-Design-Rip-Weaver-Volume-1,PPDRWV1,Direct Reading LIQUID LEVEL GAGES,2,Direct Reading LIQUID LEVEL GAGES,5773,5797,129,171,Process-Piping-Design-Rip-Weaver-Volume-1.html#SEC-PPDRWV1-0190,72d82e2fc6f1,True,False,False,8-13,,,Process-Piping-Design-Rip-Weaver-Volume-1_p0171_fig01,"| | 50 | 50 | 50 | 50 | 50 | 50 | 50 | 50 | 50 | 50 | 50 | 50 | 50 | | TYPE 3 | 45 | 45 | 45 | 45 | 45 | 40 | 35 | 30 | 30 | 30 | 30 | 30 | 30 |  **GENERAL NOTES**  1. Dimensions of 1/8"" are preferred. See assembly drawing for given Y dimension for detailing. 2. Material for bars, plates & channels to be ASTM-A36 or better. 3. Bolt holes to be ⅝"" for ½"" carbon steel bolt unless noted otherwise. 4. Vessel fabricator to furnish all necessary bars welded or bolted to vessel, unless noted otherwise. 5. Investigate the vessel vessel for distortion — care should be taken not to hook any guide too closely to a stiffener ring where expansion is expected, otherwise distortion problems may occur. 6. Computations based on 8"" wind on projected area of insulated pipes with a maximum deflection of .005 span, but not to exceed 1"".  ---  ![Figure 7-16. Location of pipe supports. Courtesy of Fluor Corp.](figures/Process-Piping-Design-Rip-Weaver-Volume-1_p0155_fig01_location-of-pipe-supports.png)  **Notes on figure:**  - SHORT RADIUS WELD ELL FOR LINES 10"" AND LARGER. LONG RADIUS WELD ELL FOR LINES 8"" AND SMALLER - SUPPORT - GUIDE - SUPPORT - 1'-0 MIN. - USE OFF-SET BEND FOR SCREWED LINES - SUPPORT"
SEC-PPDRWV1-0191,Process-Piping-Design-Rip-Weaver-Volume-1,PPDRWV1,FOR PENBERTHY REFLEX AND TRANSPARENT LIQUID LEVEL GAGE SETS,1,FOR PENBERTHY REFLEX AND TRANSPARENT LIQUID LEVEL GAGE SETS,5798,5858,129,173,Process-Piping-Design-Rip-Weaver-Volume-1.html#SEC-PPDRWV1-0191,8d9ffd6d6cc0,True,False,False,8-14;8-15,,,Process-Piping-Design-Rip-Weaver-Volume-1_p0172_tbl01;Process-Piping-Design-Rip-Weaver-Volume-1_p0173_fig01,"- 1'-0 MIN. - STAGGER SUPPORTS AND GUIDES FOR CLEARANCE - PLATFORM - SUPPORT - 1'-0 MIN. SPECIALLY DESIGNED SUPPORTS ARE REQUIRED WHEN THIS DISTANCE EXCEEDS 1'-8 - SUPPORT - 1'-0 MIN. - BENDS OR FITTINGS, DEPENDING ON CUSTOMER PREFERENCE - SUPPORT - 1'-0 MIN.  **i. IN ALL CASES INVESTIGATE FOR CLEARANCE OF INSULATION ON PIPE AND VESSEL.**  ---  ## Chapter 7  ### Review Test  1. A chemical change occurs in what kind of vessel? _______________  2. Separation occurs in what kind of vessel? _______________  3. What is the purpose of a depentanizer? _______________  4. What is ""reflux liquid?"" _______________  5. What is a catalyst? _______________  6. Define ""retention time"" in a vessel. _______________  7. Horizontal vessels _______ feet or less above grade are usually not provided with permanent ladders and platforms.  8. Platforms weight about _______ pounds per square foot.  9. Ladders with cages weigh _______ pounds per linear foot.  10. When locating nozzles on horizontal vessels, the main rule to remember is _______________  11. What is entrained liquid? _______________  12. Where is the liquid level normally set for accumulators? _______________  13. What is the purpose of a horizontal vessel bootleg? _______________  14. What is a ""hillside"" connection? _______________  ---  15. Define the following parts of a fractionation tower and give their use.  a. tray  b. downcomer  c. seal pan  d. pipe guide  e. manhole"
SEC-PPDRWV1-0192,Process-Piping-Design-Rip-Weaver-Volume-1,PPDRWV1,Control Valves,2,Control Valves,5859,5989,129,177,Process-Piping-Design-Rip-Weaver-Volume-1.html#SEC-PPDRWV1-0192,498c92d3dbff,True,False,False,8-16;8-17;8-18;8-19;8.18,,,Process-Piping-Design-Rip-Weaver-Volume-1_p0174_fig01;Process-Piping-Design-Rip-Weaver-Volume-1_p0174_tbl01;Process-Piping-Design-Rip-Weaver-Volume-1_p0175_fig01;Process-Piping-Design-Rip-Weaver-Volume-1_p0176_fig01;Process-Piping-Design-Rip-Weaver-Volume-1_p0177_fig01;Process-Piping-Design-Rip-Weaver-Volume-1_p0177_tbl01,"f. skirt  g. reboiler return  h. liquid draw-off  ---  # 8 Instrumentation  Instrumentation for piping designers is one of several important disciplines of piping, but most ""pipers"" have a very limited knowledge of instrumentation. This ignorance results in misapplied installations in almost every unit erected. These errors must be corrected in the field, which is costly.  In the last decade each year saw increasing use of instrumentation. Instruments give better control of process or utility units with less manpower. As manpower costs increase, instruments become more feasible. As an example, all control valves could be eliminated by supplying a man, 24 hours a day, to operate a globe valve. This would not only be expensive, but the job would be boring and undesirable. Without instruments in today's process units, costs of products would be several times more than they are.  Instrumentation is shown by a symbol on the flow diagram and piping drawings. A circle is used to depict the instrument type, function and identifying number. This circle is commonly called a ""bubble"" or a ""balloon.""  ## Instrument Types  There are four major instrument types: pressure, temperature, flow and liquid level. Each of these types may be locally mounted, which means they are read at the instrument, or they may be board mounted, which means they will have a transmitter sending impulse signals to an instrument located outside the control board. The board's receiver converts this signal to a readable digit and the recording is noted on the control board. Locally read instruments are identified by an open circle, while board-mounted ones are shown with a circle split in the middle with a horizontal line.  ## Instrument Functions  There are also four major functions for each instrument type. The functions are to control, to indicate, to record and to alarm. Each instrument type may perform one or more of these functions. For example, a PI is a pressure indicator, a pressure-type instrument performing only one function, indicating. But a PIC is a pressure indicating controller which performs two functions, indicating and controlling.  ## Dual Instruments  Dual instruments are indicated on flow diagrams by touching circles. This means that two instruments are joined together, probably indicating and recording on the same chart. Dual instruments may be board mounted, locally mounted or on a local control panel.  ---  ![Figure 8-1. Thermowell detail.](figures/Process-Piping-Design-Rip-Weaver-Volume-1_p0159_fig01_thermowell-detail.png)  **LENGTH OF IMMERSION**  ## Transmitters  Transmitters are shown on the flow diagram as a circle. If the transmitter is board mounted the horizontal line will split the circle. Local transmitters may be mounted on the pipe, grade or platform mounted on a pipe pedestal or on a platform's handrail. Unthinking designers often wrongly locate transmitters on platforms subject to vibration. If the transmitters are left there, vibration will eventually make the joints leak and the instrument will be inoperable. Permanent damage may occur.  ## Thermowells  Thermowells are the simplest instrument item. There are no moving parts. The thermowell is merely a protective case for another instrument item. Figure 8-1 shows a typical thermowell. The length of immersion is custom designed to fit the pipe into which it is being inserted. Normally thermowells project to the center of pipe. A 1"" coupling is welded to the pipe. The thermowell's outside threads will screw into the 1"" coupling. The temperature instrument then screws into the thermowell's inside threads and the temperature impulse point extends to the end of the immersion point. Instruments screwed into a thermowell are local temperature indicators, thermocouples for board-located temperature indicators, recorders and controllers or capillary tubing for local control of a temperature-regulating control valve.  Thermowells are often installed without any instrument. These are designated ""TW"" on the flow diagram. The plant operator uses these thermowells as check points and inserts a thermometer into them when he needs a temperature check. Quite often he just lays a simple glass tube type thermometer in the thermowell, which is called a ""yellowback"" because of its color. Thermowells should always be located in a spot convenient to the operator.  Thermowells are often located adjacent to a board-mounted temperature instrument which has its own thermowell. This TW would be the operator's check point. Now the designer has two thermowells entering the pipe at least 6"" to the pipe's center, probably beyond. The unthinking designer has located them on the same centerline. The 1"" couplings will weld on the pipe, but after the pipe is erected the two thermowells cannot be installed because they hit each other inside the pipe. This requires one coupling to be plugged and a new coupling to be installed. Always stagger TW locations.  Piping designers are guilty of another error in locating thermowells. They forget that something must be inserted or removed from them and locate their coupling where there is a close obstruction  ---  Always leave 2"" clear from a thermowell to allow insertion of the instrument. A thermocouple in a large line may require more distance. If the designer is presented with this problem, he should check the thermocouple length and leave ample room.  This brings up the most prevalent error committed by piping people. They quite often orient thermowells for thermocouples so that they point horizontally into a walkway or platform area. The piper considers only the coupling, and he wants to make the connection accessible. It looks good on paper. Then the instrument installer comes along and inserts a thermocouple that sticks out 18"" into a 3' aisleway or platform. After saying a few words about the piper's background, the field crew has to plug another coupling and install a new one to parallel the aisleway or platform.  Thermowells for local temperature indicators are often mislocated by pipers. Again pipers must consider what will be inserted into the thermowell. To properly locate the TW coupling, the designer must know the temperature indicator type. For the back-mounted or ""T"" type indicator, the face should never point up, requiring pointing above the horizontal. This would force the thermowell's glass to be pointed up, which will accumulate water on its face and eventually rust out the face. In common piping language, ""never point them toward the moon.""  Other types of temperature indicators are the bottom-mounted type and one type that rotates on a head. The rotating type costs a little more but has many advantages.  ## Other Temperature Instruments  A board-mounted temperature indicator will employ a thermocouple. Electrical impulse wire(s) will transmit the signal to the control room instrument panel. The receiving instrument converts this signal to a readable indication which is either visually observed (an indicator) or is recorded with pen and ink on a chart (a recorder). Recorders and indicators may also be located near the pipe or equipment.  Capillary tubing is used to transmit signals to many local temperature instruments. It is a factory-built, small-bore fluid with mercury or mercury and sealed. Capillary tubing is ordered to a certain length and cannot be cut or lengthened in the field.  The piping designer must locate the temperature connection and receiving instrument, sometimes a control valve, to be compatible with the capillary tubing length. This length is specified on the instrument specification sheet. There is a maximum economical length of tubing, which will vary from time to time, but is approximately 30-35'. For distances greater than this, employ a transmitter with a signal to the receiving instrument.  ## Pressure Instruments  The pressure indicator shown as PI on flow diagrams is the most common pressure instrument. Pressure recorders and controllers are also"
SEC-PPDRWV1-0193,Process-Piping-Design-Rip-Weaver-Volume-1,PPDRWV1,Relief Valves,2,Relief Valves,5990,5993,174,174,Process-Piping-Design-Rip-Weaver-Volume-1.html#SEC-PPDRWV1-0193,1b1a9b46a801,True,False,False,8-19,,,,"In example *A* the displacer is suspended by a spring scale having a range of 0-5 pounds, and the liquid level is even with the bottom of the displacer. The full weight of the displacer is supported by the spring scale and is 3 pounds. In example *B* the water level has been raised to 7"". The displacer now loses weight equal to the weight of the liquid displaced (1 pound) and the net weight shown on the spring scale is 2 pounds. While the liquid level has risen 7"", note that the displacer has risen very little.  ---"
SEC-PPDRWV1-0194,Process-Piping-Design-Rip-Weaver-Volume-1,PPDRWV1,Chapter 8,2,Chapter 8,5994,5995,174,174,Process-Piping-Design-Rip-Weaver-Volume-1.html#SEC-PPDRWV1-0194,455168ce4ced,True,False,False,,,,,"In example C the liquid level has increased to 14"" and the scale weight is reduced to 1 pound. The 14"" increase in liquid level has decreased the displacer weight by 2 pounds."
SEC-PPDRWV1-0195,Process-Piping-Design-Rip-Weaver-Volume-1,PPDRWV1,Review Test,3,Review Test,5996,6031,174,174,Process-Piping-Design-Rip-Weaver-Volume-1.html#SEC-PPDRWV1-0195,d47fc6ae0b43,True,False,False,,,,,"As the net weight of the displacer is decreased, the net load on the spring is reduced in direct proportion to the water level increase. In this case the water volume displaced by the 14"" increase in level is equal to approximately 56 cubic inches, a weight of 2 pounds.  Using an accurate spring scale, the scale could be calibrated in terms of level, thus providing a simple and accurate level indicator for liquids of known specific gravity. This type is limited to equipment open to the atmosphere but forms the basis for all level controller design. For accurate operation in pressurized containers, a frictionless seal was developed, which is now commonly called the torque tube.  Figure 8-5 depicts the torque tube design. The torsion spring or torque tube replaces the spring scale shown in Figure 8-4. The torsion spring can be designed to indicate net weight or level as shown previously.  Figure 8-6, a torque tube subassembly, is an exaggerated sectional view of an actual liquid level controller. The angular motion in a typical design is from 4° to 5°. This angular motion is used to actuate instruments which transmit air signals proportional to level changes for pneumatic indication, recording or controlling.  Figure 8-7, level controller types, shows the various types available from Masoneilan International, a world leader of control instruments. Controllers are available with flanged ends also.  Figure 8-8, level controller installation diagrams, shows installations for flow recording controllers.  Figure 8-9, level controller installation diagrams, sheet 2, shows installations for three other applications.  Figure 8-10, level controllers—screwed connections, shows models available for screwed piping.  ![Figure 8-6. Torque tube subassembly. Courtesy of Masoneilan.](figures/Process-Piping-Design-Rip-Weaver-Volume-1_p0164_fig01_torque-tube-subassembly.png)  ---  ![Figure 8-7. Level controller types. Courtesy of Masoneilan.](figures/Process-Piping-Design-Rip-Weaver-Volume-1_p0165_fig01_level-controller-types-masoneilan.png)  **MODEL 12805** TOP AND BOTTOM SCREWED CONNECTIONS  **MODEL 12806** TOP AND SIDE SCREWED CONNECTIONS  **MODEL 12809** SIDE AND SIDE SCREWED CONNECTIONS  **MODEL 12800**"
SEC-PPDRWV1-0196,Process-Piping-Design-Rip-Weaver-Volume-1,PPDRWV1,Appendix,1,Appendix,6032,6035,174,174,Process-Piping-Design-Rip-Weaver-Volume-1.html#SEC-PPDRWV1-0196,54194a350b8e,True,False,False,,,,,SIDE AND BOTTOM SCREWED CONNECTIONS  **MODEL 12803**
SEC-PPDRWV1-0197,Process-Piping-Design-Rip-Weaver-Volume-1,PPDRWV1,A,2,A,6036,6137,174,181,Process-Piping-Design-Rip-Weaver-Volume-1.html#SEC-PPDRWV1-0197,dd2a40089739,True,False,False,,,,Process-Piping-Design-Rip-Weaver-Volume-1_p0180_tbl01;Process-Piping-Design-Rip-Weaver-Volume-1_p0181_tbl01;Process-Piping-Design-Rip-Weaver-Volume-1_p0181_tbl02,"TOP VESSEL FLANGED CONNECTION  **MODEL 12804** SIDE VESSEL FLANGED CONNECTION  ---  **Control of product level within a fractionating tower reboiler**  A weir in this kettle type reboiler maintains a constant level around the heating tubes. A 12800 level controller operates a control valve to maintain the rate of draw-off of the bottom product in accordance with the level changes in the downstream side of the weir.  **Control and transmission of crude tower level**  A 12807-20 side-and-bottom connected controller-transmitter is used on this high temperature application. It controls the valve in the draw-off line from the bottom of the crude fractionating column in accordance with the level changes in the column. An independent pneumatic transmission system measures the level in the vessel which is transmitted to a recorder located at a central panel.  **Control of feed rate by pneumatically setting the index of a flow controller**  The feed rate through the heating units is stabilized by a flow controller. The 12810 level controller (with reset) averages the level changes within the feed accumulator by pneumatically adjusting the set point of a flow controller.  ![Figure 8.8. Level controller installation diagrams. Courtesy of Macmillan.](figures/Process-Piping-Design-Rip-Weaver-Volume-1_p0166_fig01_level-controller-installation-diagrams.png)  ---  ## Control of distillate and water levels in a gas and water separator  On applications where three fluid phases exist, such as in a gas-water separator, two level controllers are used: one to control the interface level between the two liquids; the other to maintain the level of the lighter liquid.  ## Transmission of level to remote recorder and signal lights  Where the flow to a heater must be maintained at a relatively constant rate (within the limits of the storage capacity available), a 12820 level transmitter is used to transmit the level changes of a feed accumulator to a central panel. A flow controller records on a single chart both the rate of flow which it receives from a flow transmitter located in the discharge line to the heater, and the level. This provides the operator with a continuous record of level and flow which permits him to adjust the flow rate to the existing conditions. A 469-0 sequential switch, which is connected to three signal lights, gives five-position indication of level which can be seen at some distance.  ## Level transmission and control of a reflux accumulator  Where the exchangers that condense the overhead product from a fractionating tower are operated to produce a reflux supply but no overhead liquid product, the 13800-30 controller-transmitter maintains the level in the reflux accumulator by controlling the flow of water through the condensers. The independent transmission system provides remote indication of level at the control station where it may be correlated with changes in process requirements.  ![Figure 6-9. Level controller installation diagrams, sheet 2. Courtesy of Masoneilan.](figures/Process-Piping-Design-Rip-Weaver-Volume-1_p0167_fig01_level-controller-installation-diagrams-s.png)  ---  ![Figure 8-10. Level controllers — screwed connections. Courtesy of Masoneilan.](figures/Process-Piping-Design-Rip-Weaver-Volume-1_p0168_fig01_fig-8-10-level-controllers-screwed-conne.png)  Three level controller configurations are shown (I2809W, I2805W, and I2806W) with dimensional drawings indicating FF, MR, and A connection points.  > **Table - Dimensions \(Inches\) — Level Controllers I2809W, I2805W, I2806W** - see [XLSX](tables/Process-Piping-Design-Rip-Weaver-Volume-1_p0168_tbl01_dimensions-inches-level-controllers-i280.xlsx) and [source crop](tables/Process-Piping-Design-Rip-Weaver-Volume-1_p0168_tbl01_dimensions-inches-level-controllers-i280.png)  | RANGE | 12809W FF | 12809W MR | 12805W FF | 12805W MR | 12806W FF | 12806W MR | | :---- | :-------: | :-------: | :-------: | :-------: | :-------: | :-------: | | 14    | 14        | 7         | 20        | 7         | 16        | 7         | | 32    | 32        | 16        | 38        | 16        | 34        | 16        | | 48    | 48        | 24        | 54        | 24        | 50        | 24        | | 60    | 60        | 30        | 66        | 30        | 62        | 30        | | 72    | 72        | 36        | 78        | 36        | 74        | 36        | | 84    | 84        | 42        | 90        | 42        | 86        | 42        | | 96    | 96        | 48        | 102       | 48        | 98        | 48        | | 120   | 120       | 60        | 126       | 60        | 122       | 60        |  Screwed Connections A = 1½"" — 2"" NPT — 600 lb. ASA rating  ---  ![Figure 8-11. Level controllers — flanged connections. Courtesy of Masoneilan.](figures/Process-Piping-Design-Rip-Weaver-Volume-1_p0169_fig01_level-controllers-flanged-connections.png)  > **Table - Dimensions \(Inches\) — Level Controllers 12802W, 12808W, 12807W** - see [XLSX](tables/Process-Piping-Design-Rip-Weaver-Volume-1_p0169_tbl01_level-controllers-dimensions-inches.xlsx) and [source crop](tables/Process-Piping-Design-Rip-Weaver-Volume-1_p0169_tbl01_level-controllers-dimensions-inches.png)  | RANGE | 12802W FF | 12802W MR | 12808W FF | 12808W MR | 12807W FF | 12807W MR | | :---- | :---: | :---: | :---: | :---: | :---: | :---: | | 14 | 14 | 7 | 22 | 7 | 18 | 7 | | 32 | 32 | 16 | 40 | 16 | 36 | 16 | | 48 | 48 | 24 | 56 | 24 | 52 | 24 | | 60 | 60 | 30 | 68 | 30 | 64 | 30 | | 72 | 72 | 36 | 80 | 36 | 76 | 36 | | 84 | 84 | 42 | 92 | 42 | 88 | 42 | | 96 | 96 | 48 | 104 | 48 | 100 | 48 | | 120 | 120 | 60 | 128 | 60 | 124 | 60 |  Flanged Connection B = 1½"" — 2"" size 150 — 300 — 600 lb. ASA rating  Figure 8-11, level controllers — flanged connections, shows the flanged models. Both are available in 1½"" or 2"" connection sizes. The 1½"" size is usually specified to keep piping costs to a minimum. Figure 8-12, level controller head orientation, shows allowable orientations for both models. Orientation of control arms is the piping designer's responsibility and access to the control box must be provided.  ## Level Gage  Level gages (also spelled gauges) show the liquid level in equipment. They come in several styles and various lengths. Figure 8-13, liquid level gage types, shows five common types. Every time a level controller is installed a level gage must be installed to cover the float range of the controller. Figure 8-14, level gage dimensions, supplies dimensions for level gages. Gage dimensions are concerned with the center-to-center dimension of valves which locate their connections on equipment. Note the difference between ""visible glass"" and ""distance between valve centers."" For a 60"" float range level controller, visible glass of 60"" minimum must be provided. This may mean multiple gages, as most companies limit the distance between valve centers to 60"". For the standard gage this limits the viewing area to 55"", not enough to cover the 60"" float range. So two gage glasses are needed.  ---  ![Figure 8-12. Level controller head orientation. Courtesy of Masoneilan.](figures/Process-Piping-Design-Rip-Weaver-Volume-1_p0170_fig01_level-controller-head-orientation.png)  Four diagrams showing level controller head orientations in a 2×2 grid layout, depicting Left Hand Mounting and Right Hand Mounting configurations (two views each), with numbered connection positions (1–8) labeled around each controller head.  **Flange connection position 1 and left hand instrument position will be supplied unless otherwise specified. For high pressure chambers (1500 lb. and 2500 ASA) connection positions 1, 3 and 7 only are available.**  ---  ## Direct Reading LIQUID LEVEL GAGES  **ITEM: Special Service Heating and Cooling and/or Design Gages and Valves**  For accurate level measurements of liquids whose viscosity tends to vary, or volatile liquids which tend to boil under existing conditions, heating or cooling type gages are available. Gage and valves are traced wi"
SEC-PPDRWV1-0198,Process-Piping-Design-Rip-Weaver-Volume-1,PPDRWV1,Appendix,2,Appendix,6138,6152,181,181,Process-Piping-Design-Rip-Weaver-Volume-1.html#SEC-PPDRWV1-0198,eb6678ef23f4,True,False,False,,,,,"**Fig. 1** — External type Reflex gage with integral heating or cooling chamber at the back of liquid chamber.  **Fig. 2** — External type transparent gage with welded heating or cooling chambers on each side of liquid chamber.  **Fig. 3** — Standard reflex or transparent type gages and valves with internal heating or cooling stainless steel tube passing through liquid chamber and valves. Tube being held in place with packing adapters in the vent and drain connections of the valves.  **Fig. 4** — Packing block tees replace valves of Fig. 3 which enables side connection installation.  **Fig. 5** — Standard ¾"" dia. tubular glass gages equipped with heating or cooling tube and packing adapters.  All Penberthy series gages are available with externally heated or cooled feature—transparent type is only available in the 5 Series.  **When Ordering:** For example ""S-1108HC"" is an S-1108 with external heating or cooling chamber."
SEC-PPDRWV1-0199,Process-Piping-Design-Rip-Weaver-Volume-1,PPDRWV1,C,3,C,6153,6274,181,182,Process-Piping-Design-Rip-Weaver-Volume-1.html#SEC-PPDRWV1-0199,9550de9155f6,True,False,False,,,,Process-Piping-Design-Rip-Weaver-Volume-1_p0182_tbl01;Process-Piping-Design-Rip-Weaver-Volume-1_p0182_tbl02,"---  Direct Reading LIQUID LEVEL GAGES ITEM: Technical Data: Valve Centers  # FOR PENBERTHY REFLEX AND TRANSPARENT LIQUID LEVEL GAGE SETS  **Threaded Gage Connection Types**  > **Table - Figure 8-14. Level gage dimensions. Courtesy of Penberthy.** - see [XLSX](tables/Process-Piping-Design-Rip-Weaver-Volume-1_p0172_tbl01_level-gage-dimensions-penberthy.xlsx) and [source crop](tables/Process-Piping-Design-Rip-Weaver-Volume-1_p0172_tbl01_level-gage-dimensions-penberthy.png)  | GAGE TYPE AND MODEL NUMBER¹ | | | | | | NUMBER OF SECTIONS | VISIBLE GLASS (Inches) | STANDARD NO. 203 OR NO. 407 VALVES WITH NIPPLES | UNION CONNECTION NO. 225 OR NO. 425 VALVES WITH NIPPLES | CLOSE HOOKUP NOS. 203, 225 OR 407 VALVES¹⁴ | |:---|:---|:---|:---|:---|:---|:---:|:---:|:---:|:---:|:---:| | **REFLEX** | | | **TRANSPARENT** | | | | | DISTANCE BETWEEN VALVE CENTERS IN INCHES² | | | | X | S | W | XT | ST | WT | | | | | | | X-500 | S-1100 | — | XT-500 | ST-1200 | — | 1 | 5⅛ | 10¾ | 12 | 3¾ | | X-501 | S-1101 | — | XT-601 | ST-1301 | — | 1 | 5⅛ | 10¾ | 12 | 3¾ | | X-503 | S-1103 | — | XT-602 | ST-1303 | — | 1 | 5⅛ | 10¾ | 12 | 3¾ | | X-100 | S-1100 | W-14 | XT-400 | ST-1300 | WT-14 | 1 | 7⅛ | 12¾ | 14 | 5¾ | | X-004 | S-1104 | W-14 | XT-304 | ST-1304 | WT-14 | 1 | 7⅛ | 12¾ | 14 | 5¾ | | X-005 | S-1105 | W-15 | XT-405 | ST-1305 | WT-15 | 1 | 8⅛ | 13¾ | 15 | 6¾ | | X-006 | S-1106 | W-16 | XT-406 | ST-1306 | WT-16 | 1 | 9⅛ | 14¾ | 16 | 7¾ | | X-007 | S-1107 | W-17 | XT-407 | ST-1307 | WT-17 | 1 | 10⅛ | 15¾ | 17 | 8¾ | | X-008 | S-1108 | W-18 | XT-408 | ST-1208 | WT-18 | 1 | 11⅛ | 16¾ | 18 | 9¾ | | X-022 | S-1122 | W-22 | XT-622 | ST-1222 | WT-22 | 2 | 15 | 19¾ | 22½ | 13 | | X-224 | S-1124 | W-24 | XT-624 | ST-1224 | WT-24 | 2 | 17 | 21¾ | 24½ | 15 | | X-025 | S-1125 | W-25 | XT-625 | ST-1225 | WT-25 | 2 | 19¼ | 24¾ | 26½ | 17¼ | | X-326 | S-1126 | W-26 | XT-626 | ST-1226 | WT-26 | 2 | 20¼ | 25¾ | 27½ | 18¼ | | X-327 | S-1127 | W-27 | XT-627 | ST-1227 | WT-27 | 2 | 22½ | 30 | 32½ | 23¼ | | X-328 | S-1128 | W-28 | XT-628 | ST-1228 | WT-28 | 2 | 24⅜ | 31½ | 34¼ | 26 | | X-043 | S-1145 | W-345 | XT-445 | ST-1245 | WT-345 | 3 | 30¼ | 33½ | 35½ | 27¾ | | X-546 | S-1146 | W-36 | XT-446 | ST-1246 | WT-36 | 3 | 33½ | 39½ | 41½ | 33½ | | X-547 | S-1147 | W-37 | XT-447 | ST-1247 | WT-37 | 3 | 36½ | 42½ | 44½ | 36½ | | X-548 | S-1148 | W-38 | XT-448 | ST-1248 | WT-38 | 3 | 40¼ | 45½ | 48½ | 40½ | | X-068 | S-1168 | W-46 | XT-068 | ST-1268 | WT-46 | 4 | 43½ | 50½ | 53 | 43½ | | X-069 | S-1167 | W-47 | XT-069 | ST-1267 | WT-47 | 4 | 47½ | 55½ | 58 | 47½ | | X-068 | S-1168 | W-48 | XT-068 | ST-1268 | WT-48 | 4 | 52 | 59½ | 62½ | 52 | | X-06 | S-56 | W-56 | XT-56 | ST-56 | WT-56 | 5 | 57½ | 82 | 64¾ | 37½ | | X-57 | S-57 | W-57 | XT-57 | ST-57 | WT-57 | 5 | 70 | 75 | 77½ | 69¾ | | X-58 | S-58 | W-58 | XT-58 | ST-58 | WT-58 | 6 | 69½ | 73½ | 76 | 69½ | | X-68 | S-68 | W-68 | XT-68 | ST-68 | WT-68 | 6 | 83¼ | 88 | 90 | 83¼ | | X-77 | S-77 | W-77 | XT-77 | ST-77 | WT-77 | 7 | 96½ | 73¾ | 92½ | 92½ | | X-78 | S-78 | W-78 | XT-78 | ST-78 | WT-78 | 7 | 87¼ | 85¾ | 106 | 87¼ | | X-87 | S-87 | W-87 | XT-87 | ST-87 | WT-87 | 8 | 100½ | 110½ | 113 | 100½ | | X-88 | S-88 | W-88 | XT-88 | ST-88 | WT-88 | 8 | 111½ | 116½ | 119 | 111½ | | X-97 | S-97 | W-97 | XT-97 | ST-97 | WT-97 | 9 | 125½ | 125½ | 126½ | 118½ | | X-98 | S-98 | W-98 | XT-98 | ST-98 | WT-98 | 9 | 125½ | 125½ | 126½ | 118½ | | X-107 | S-107 | W-107 | XT-107 | ST-107 | WT-107 | 10 | 132½ | 132½ | 132½ | 132½ | | X-108 | S-108 | W-108 | XT-108 | ST-108 | WT-108 | 10 | 139½ | 140½ | 147½ | 139½ |  (1) Select correct gage by referring to pressure-temperature rating.  (2) The center-to-center dimension given in table is the minimum distance allowable between valve centers for corresponding gage and section types. *Large Chamber Gages (not connected) add ½"" to figures shown.*  (3) When requirements call for a dimension that is of a combination of Large Chamber gage, the combination shown will normally be what the dimension represents for the next larger section.  (4) Minimum Valve centers for ¾"" Close Hook-up Gage is ¾"" longer than shown in the above Close Hookup column.  On Transparent gages, requiring several short sections to make up the total visibility desired, the total dimension in the catalog will not apply; the gage is selected from higher pressure groups. This, however, does not apply to the Reflex type gages.  [FIGURE: Figure 8-14. Level gage dimensions. Courtesy of Penberthy.]  ---  ![Figure 8-15. Multiple level gage installation. Courtesy of Fluor Corp.](figures/Process-Piping-Design-Rip-Weaver-Volume-1_p0173_fig01_multiple-level-gage-installation.png)  Figure 8-15, multiple level gage installation, shows how the pipe range of level controllers are fitted to conform to requirements for valves, gate or plug. See flow diagram for additional requirements.  ## Control Valves  Control valves are designed with a body for throttling. Most control valves employ a globe-type body, but ball, butterfly and other types are also used. Control valves regulate flow throughout the unit by opening or closing fractional amounts letting more or less flow pass at the impulse signal commands them to do. The impulse signal may be pneumatic, electronic, hydraulic or electro-hydraulic. A few control valves are operated manually, but the great majority are pneumatically operated.  The control valve is comprised of two basic components, the actuator or motor operator and the valve body. Figure 8-16, a control valve actuator, gives details of actuator and terminology of diaphragm actuator parts. Figure 8-17, a control valve body, gives details and terminology for body parts. A double-port body is shown but many parts are common for all control valves.  For fluid temperatures of 450°F or higher, radiating cooling fins are installed on top of the body but under the actuator to dispell heat to the atmosphere, protecting the actuator. This makes the overall height of the control valve greater and piping designers often forget to consider cooling fins. This results in actuators and by-passes vying to occupy the same spot and this cannot happen.  Figure 8-18, typical installations, shows how to design control valve installations incorporating block valves on either side of the control valve. A globe valve by-pass is shown but gate valves can be used more economically. Dimensions from centerline of by-pass to control valve are a guide for students and will be sufficient in most cases. The control valve height must be checked to ensure 9"" minimum clearance above the actuator. Actuator diaphragm widths vary and must also be checked to ensure clearance from the vertical pipe. When station types CS-1 or CS-2 are used, diaphragms are often wide enough to interfere with the block valves' flanges.  Control valves are sometimes purchased with handwheels, commonly called handwheels mounted on the actuator. The handwheel allows manual operation, opening or closing the valve, which makes manual control of the process possible when the control becomes inoperative. Manual control will continue until repairs are completed and automatic control is resumed. Block and bypass valves are not supplied when manual handwheels are specified. Handwheels are usually mounted on the actuator, but occasionally a reverse-acting control valve may have the handwheel on top.  Control valves must be located near the equipment it controls and must be readable to the operator. A level control valve controls the level in a vessel by receiving impulse signals from a level controller located near a vessel. Locating the control valve near the level controller reduces length of impulse line. When operating the control valve manually or when operating the by-pass, the operator should be able to see the vessel's gage glass.  ---  ![Figure 8-16. Control valve actuator. Courtesy of Fisher Controls Co.](figures/Process-Piping-Design-Rip-Weaver-Volume-1_p0174_fig01_fig-8-16-control-valve-actuator.png)  *Type "
SEC-PPDRWV1-0200,Process-Piping-Design-Rip-Weaver-Volume-1,PPDRWV1,D,2,D,6275,6308,182,182,Process-Piping-Design-Rip-Weaver-Volume-1.html#SEC-PPDRWV1-0200,238f553ccf1d,True,False,False,,,,,"- PACKING FLANGE STUD - PACKING FLANGE - YOKE LOCKNUT - PACKING - VALVE PLUG STEM - TEFLON WIPER RING - BONNET - VALVE BODY - VALVE PLUG - BOTTOM FLANGE  ---  ![Figure 8.18. Typical control stations.](figures/Process-Piping-Design-Rip-Weaver-Volume-1_p0176_fig01_typical-control-stations.png)  USE REDUCING ELLS WHEN BLOCK VALVES ARE 6"" & UNDER (TYPE CS-1 & CS-2), FOR LARGER SIZES USE CONCENTRIC REDUCERS (TYPE CS-3)  **TYPE CS-1** — FLG'D  **TYPE CS-2** — FLG'D  **TYPE CS-3**  **TYPE CS-4** — SCREWED  **TYPE CS-5** — SOCKETWELD  **TYPE CS-6** — MAY FLOW EITHER DIRECTION — CHECK INST ENGINEER  NOTES:  1. CHECK HEIGHTS & WIDTHS OF CONTROL VALVE OPERATORS FOR CLEARANCE. 2. CONTROL VALVE COOLING FINS REQUIRED AT 450°F & ABOVE. 3. ON PULSATING PIPING LOWER BY-PASS AS MUCH AS POSSIBLE. MAKE THE INSTALLATION COMPACT TO REDUCE VIBRATION."
SEC-PPDRWV1-0201,Process-Piping-Design-Rip-Weaver-Volume-1,PPDRWV1,E,2,E,6309,6322,182,182,Process-Piping-Design-Rip-Weaver-Volume-1.html#SEC-PPDRWV1-0201,c4ff773d4fd8,True,False,False,,,,,"4. DIMENSION 2'-0"" IS FROM HIGH POINT OF GRADE OR PAVING.  ---  **LONERGAN** Safety-Relief Valves D Series Conventional  ![Figure 8-19. Conventional flanged relief valve. Courtesy of J.E. Lonergan Co.](figures/Process-Piping-Design-Rip-Weaver-Volume-1_p0177_fig01_conventional-flanged-relief-valve-lonerg.png)  > **Table - Table of parts and materials for LONERGAN Safety-Relief Valves D Series Conventional** - see [XLSX](tables/Process-Piping-Design-Rip-Weaver-Volume-1_p0177_tbl01_lonergan-d-series-parts-materials.xlsx) and [source crop](tables/Process-Piping-Design-Rip-Weaver-Volume-1_p0177_tbl01_lonergan-d-series-parts-materials.png)  | NAME OF PART | MATERIAL | | :--- | :--- |"
SEC-PPDRWV1-0202,Process-Piping-Design-Rip-Weaver-Volume-1,PPDRWV1,F,2,F,6323,6464,182,186,Process-Piping-Design-Rip-Weaver-Volume-1.html#SEC-PPDRWV1-0202,447fa2b77621,True,False,False,,,,Process-Piping-Design-Rip-Weaver-Volume-1_p0185_tbl01;Process-Piping-Design-Rip-Weaver-Volume-1_p0185_tbl02;Process-Piping-Design-Rip-Weaver-Volume-1_p0186_tbl01,"| Gag Screw | AISI 416 Stainless Steel | | Gag Screw Gasket | Corrugated Soft Iron | | Stem | AISI 416 Stainless Steel | | Compression Screw | AISI 416 Stainless Steel | | Bonnet Plug | Carbon Steel | | Cap | AISI 416 Stainless Steel | | Cap Gasket | Corrugated Soft Iron | | Cap Screwed | AISI 416 Stainless Steel | | Body Studs | ASTM A-193 Carbon Steel | | Stud Nuts | ASTM A-193 GR B7, Alloy Steel | | Bonnet Gasket | ASTM A-193 GR 2H, Alloy Steel | | Spring Steps | Corrugated Soft Iron | | Guide | AISI 416 Stainless Steel | | Holder Insert | ASTM A-351 GR CF8, Stainless Steel | | Ring Pin Gasket | AISI 416 Stainless Steel, Hardened | | Ring Pin | Corrugated Soft Iron | | Disc Holder | AISI 416 Stainless Steel | | Disc Retainer | ASTM A-351 GR CF8, Stainless Steel | | Adjusting Ring | ASTM 302 Stainless Steel | | Nozzle | 17-4 PH Stainless Steel, Hardened | | Disc | AISI 302 Stainless Steel | | Spring (Note 1) | ASTM A-351 GR CF8, Stainless Steel | | Spring (Note 2) | Carbon Steel | | Gag, Screwed | ASTM A-216, GR WCB, Carbon Steel | | Bonnet (Note 3) | ASTM A-216, GR WCB, Carbon Steel | | Bonnet (Note 4) | ASTM A-217, GR WC6, Alloy Steel | | Body (Note 5) | ASTM A-216, GR WCB, Carbon Steel | | Body (Note 6) | ASTM A-217, GR WC6, Alloy Steel |  ---  Control valve actuators should be installed in the vertical position. In some rare cases this is not practical, as with body sizes of 10"" and larger with actuators utilizing cooling fins resulting in diaphragm heights of 7–8'. Accessibility demands that these diaphragms be lowered, which results in horizontal installation, particularly on angle control valves.  With a horizontal valve plug stem or rod, two special problems arise. Supporting the diaphragm is a mechanical problem best handled by cable from above. This allows free expansion. Many times the valve manufacturer can offer support solutions. The other problem is lubrication of the stem or rod. With the horizontal installation, gravity will compel the lubricant to seek and lubricate the lower half of the stem. The manufacturer must be notified if horizontal installation is selected, so that he can alter the fabrication design to make it effective for horizontal installation.  Angle control valves are specified for large pressure drop applications. Flow is normally in the side and out the bottom when the diaphragm is vertical. However, this varies with the service. Before issuing the final piping drawing, the manufacturer's certified outline drawing must be checked to determine flow pattern.  Control valves must be removable for maintenance. With flanged valves the flanges can be unbolted and removal is simple. If the flanges are ring joint, removal is much easier if one of the block valves is located in the vertical so a flanged elbow can be removed. For screwed or socketwelded control valves, provide a union on both sides of the control valve.  ## Relief Valves  Figure 8-19, conventional flanged relief valve, lists the relief valve's various parts. Except for small thermal relief valves, springs should always be installed upright. The inlet flange is part of the body, while the nozzle forms the flange face or seating surface. This nozzle is ½ to 1"" thick, resulting in longer than standard bolting. When tabulating material needed for a relief valve always check the nozzle for added bolt length. As a guide, for relief valve flanged inlets up to 1"" size, add ½"" to normal bolting. For sizes 1½ to 4"" add ¾"" and for 6"" and larger add 1"".  ---  ## Chapter 8  ### Review Test  1. Define the four major instrument types. _______________________________________________  _______________________________________________  2. Give the four major functions of the types. _______________________________________________  3. What is a dual instrument? _______________________________________________  4. What does ""board mounted"" mean? _______________________________________________  5. Which instrument item has no moving parts? _______________________________________________  6. Define AGA. _______________________________________________  7. Orifice flanges are ______ pound minimum rating.  8. Level gages are usually limited to ______ inches length between valve centers.  9. Multiple gage glasses shall have a viewing area overlap of _________________.  10. Most control valves are of the ______ type body.  11. Cooling fins are added to control valves for fluid temperatures of ______°F or greater.  12. What is a control valve handjack? _______________________________________________  _______________________________________________  13. For angle control valves, flow normally goes in the ______ and out the _____________.  14. Relief valve springs should normally be installed _____________________;  15. Because of the inlet nozzle, relief valve inlet flanges require longer ______________________.  ---  # Appendix  In any international operation, measurement conversion is common. Engineers, designers and draftsmen are constantly seeking conversion tables and charts and usually find every one but the one they need. In this chapter conversion factors are assembled in alphabetical order. Following the factors are conversion tables useful to engineers and designers.  ## A  | From | Multiply by | To | | :--- | :---: | :--- | | Acre | x 10 | = Square chain (Gunters) | | Acre | x 160 | = Rods | | Acre | x 1 x 10⁵ | = Square links (Gunters) | | Acre | x 0.4047 | = Hectare or square hectometer | | Acres | x 43,560 | = Square feet | | Acres | x 4,047 | = Square meters | | Acres | x 1.562 x 10⁻³ | = Square miles | | Acres | x 4,840 | = Square yards | | Acres | x 43,560 | = Cubic feet | | Acre-feet | x 3.259 x 10⁵ | = Gallons | | Acre-feet | x 6.452 | = Amperes/square inch | | Amperes/square centimeters | x 10⁴ | = Amperes/square meter | | Amperes/square centimeters | x 0.1550 | = Amperes/square centimeters | | Amperes/square inch | x 1,550 | = Amperes/square meter | | Amperes/square inches | x 10⁻⁴ | = Amperes/square centimeter | | Amperes/square meter | x 6.452 x 10⁻⁴ | = Amperes/square inch | | Amperes/square meter | x 0.02471 | = Acre (USA) | | Arc | x 119.60 | = Square yards | | Ares | x 100 | = Square meters | | Atmospheres | x 14.7 | = Pounds/square inch | | Atmospheres | x 1.058 | = Tons/square-foot |  *Conversion factor A (continued on following page)*  <!-- PDF2MD-ASSETS:BEGIN page=180 -->  #### Unmatched Page Assets  > **Table - Conversion factor A \(continued on following page\)** - see [XLSX](tables/Process-Piping-Design-Rip-Weaver-Volume-1_p0180_tbl01_conversion-factor-a.xlsx) and [source crop](tables/Process-Piping-Design-Rip-Weaver-Volume-1_p0180_tbl01_conversion-factor-a.png)  <!-- PDF2MD-ASSETS:END page=180 -->  ---  Conversion factor A (concluded)  | From | Multiply by | To get | | :--- | :---: | :--- | | Atmospheres | x 29.92 | = Inches of mercury at 0°C | | Atmospheres | x 76 | = Centimeters of mercury | | Atmospheres | x 33.90 | = Feet of water at 4°C | | Atmospheres | x 1.033 | = Kilograms/square centimeter | | Atmospheres | x 10,332 | = Kilograms/square meter | | Atmospheres | x 1,013.2 | = Millibar | | Atmospheres | x 760 | = Millimeters of mercury | | Atmospheres | x 10,332 | = Meters of water at 4°C |  **B**"
SEC-PPDRWV1-0203,Process-Piping-Design-Rip-Weaver-Volume-1,PPDRWV1,G,2,G,6465,6498,186,187,Process-Piping-Design-Rip-Weaver-Volume-1.html#SEC-PPDRWV1-0203,98da7b063427,True,False,False,,,,Process-Piping-Design-Rip-Weaver-Volume-1_p0187_tbl01;Process-Piping-Design-Rip-Weaver-Volume-1_p0187_tbl02,"| From | Multiply by | To get | | :--- | :---: | :--- | | Barrels (USA, dry) | x 7,056 | = Cubic inches | | Barrels (USA, dry) | x 105 | = Quarts (dry) | | Barrels (USA, liquid) | x 31.5 | = Gallons | | Barrels (oil) | x 42 | = Gallons (oil) | | Barrels (oil) | x 0.159 | = Cubic meters | | Barrels (oil) | x 159 | = Liters | | Barrels/day | x 6.6245 x 10⁻³ | = Cubic meters/hour | | Barrels/day | x 5.6154 | = Cubic feet | | Barrels/day | x 29.167 x 10⁻³ | = Gallons per minute | | Bars | x 0.9869 | = Atmospheres | | Bars | x 10⁶ | = Dynes/square centimeter | | Bars | x 1.020 x 10⁴ | = Kilograms/square meter | | Bars | x 2,089 | = Pounds/square foot | | Bars | x 14.50 | = Pounds/square inch | | Btu | x 1.055 x 10¹⁰ | = Ergs | | Btu | x 778.3 | = Foot-pounds | | Btu | x 252 | = Gram-calories | | Btu | x 3.931 x 10⁻⁴ | = Horsepower-hours | | Btu | x 1,054.8 | = Joules | | Btu | x 0.252 | = Kilogram-calories | | Btu | x 107.5 | = Kilogram-meters | | Btu | x 2.298 x 10⁻⁴ | = Kilowatt-hours | | Btu/hour | x 0.2162 | = Foot-pounds/second | | Btu/hour | x 0.070 | = Gram-calories/second | | Btu/hour | x 3.929 x 10⁻⁴ | = Horsepower-hours (British) | | Btu/hour | x 0.2931 | = Watts | | Btu/hour foot² °F | x 1.4882 | = Kilocalorie/meter hour °C | | Btu/hour | x 2.7125 | = Kilocalorie/meter² hour | | Btu/pound | x 0.5556 | = Kilocalorie/kilograms | | Btu/pound °F | x 1 | = Kilocalorie/kilograms °C | | Btu inches/hour foot² °F | x 0.12402 | = Kilocalorie/meter hour °C | | Btu/minute | x 12.96 | = Foot-pounds/second |"
SEC-PPDRWV1-0204,Process-Piping-Design-Rip-Weaver-Volume-1,PPDRWV1,Appendix,2,Appendix,6499,6597,187,188,Process-Piping-Design-Rip-Weaver-Volume-1.html#SEC-PPDRWV1-0204,566b63fea4c0,True,False,False,,,,Process-Piping-Design-Rip-Weaver-Volume-1_p0188_tbl01,"| Btu/minute | x 0.02356 | = Horsepower | | Btu/minute | x 0.01757 | = Kilowatts | | Btu/minute | x 17.57 | = Watts | | Btu/square foot/minute | x 0.1221 | = Watts/square inch |  *Conversion factor B (continued on facing page)*  <!-- PDF2MD-ASSETS:BEGIN page=181 -->  #### Unmatched Page Assets  > **Table - Conversion factor A \(concluded\)** - see [XLSX](tables/Process-Piping-Design-Rip-Weaver-Volume-1_p0181_tbl01_conversion-factor-a-concluded.xlsx) and [source crop](tables/Process-Piping-Design-Rip-Weaver-Volume-1_p0181_tbl01_conversion-factor-a-concluded.png)  > **Table - Conversion factor B \(continued on facing page\)** - see [XLSX](tables/Process-Piping-Design-Rip-Weaver-Volume-1_p0181_tbl02_conversion-factor-b.xlsx) and [source crop](tables/Process-Piping-Design-Rip-Weaver-Volume-1_p0181_tbl02_conversion-factor-b.png)  <!-- PDF2MD-ASSETS:END page=181 -->  ---  ## Appendix  **Conversion factor B (concluded)**  | Unit (British-dry) | Multiply by | Equals | | :--- | :---: | :--- | | Bucket | x 1.818 x 10⁴ | = Cubic centimeters | | Bushels | x 1.2445 | = Cubic feet | | Bushels | x 2,150.4 | = Cubic inches | | Bushels | x 0.03524 | = cubic meters | | Bushels | x 35.24 | = Liters | | Bushels | x 4 | = Pecks | | Bushels | x 64 | = Pints (dry) | | Bushels | x 32 | = Quarts (dry) |  ### C  | Unit | Multiply by | Equals | | :--- | :---: | :--- | | Candle/square centimeter | x 3.142 | = Lamberts | | Candle/square inch | x 0.487 | = Lamberts | | Centares | x 1.0 | = Square meters | | Centigrade | x 9/5 + 32 | = Fahrenheit | | Centiliter | x 0.3382 | = Fluid ounce (USA) | | Centiliter | x 0.6103 | = Cubic inch | | Centiliter | x 2.705 | = Drams | | Centimeters | x 3.281 x 10⁻² | = Feet | | Centimeters | x 0.3937 | = Inches | | Centimeters | x 1.094 x 10⁻² | = Yards | | Centimeters of mercury | x 0.01316 | = Atmospheres | | Centimeters of mercury | x 0.4461 | = Feet of water | | Centimeters of mercury | x 136 | = Kilograms/square meter | | Centimeters of mercury | x 27.85 | = Pounds/square foot | | Centimeters of mercury | x 0.1934 | = Pounds/square inch | | Centimeters/second | x 1.1969 | = Feet/minute | | Centimeters/second | x 0.03281 | = Feet/second | | Centimeters/second | x 0.036 | = Kilometers/hour | | Centimeters/second | x 0.1943 | = Knots | | Centimeters/second | x 0.6 | = Meters/minute | | Centimeters/second | x 0.02237 | = Miles/hour | | Chain | x 792 | = Inches | | Chain | x 20.12 | = Meters | | Cords | x 8 | = Cord feet | | Cord feet | x 16 | = Cubic feet | | Coulombs | x 2.998 x 10⁹ | = Statcoulombs | | Coulombs | x 1.036 x 10⁻⁴ | = Faradays | | Coulombs/square centimeter | x 64.52 | = Coulombs/square inch | | Coulombs/square centimeter | x 10⁴ | = Coulombs/square meter | | Coulombs/square inch | x 0.155 | = Coulombs/square centimeter | | Coulombs/square inch | x 1,550 | = Coulombs/square meter | | Coulombs/square meter | x 3.531 x 10⁻³ | = Cubic feet | | Cubic centimeters | x 0.06102 | = Cubic inches | | Cubic centimeters | x 10⁻⁶ | = Cubic meters | | Cubic centimeters | x 1.308 x 10⁻⁶ | = Cubic yards | | Cubic centimeters | x 2.624 x 10⁻⁴ | = Gallons (USA liquid) | | Cubic centimeters | x 0.001 | = Liters |  *Conversion factor C (continued on following page)*  <!-- PDF2MD-ASSETS:BEGIN page=182 -->  #### Unmatched Page Assets  > **Table - Conversion factor B \(concluded\) — British-dry units** - see [XLSX](tables/Process-Piping-Design-Rip-Weaver-Volume-1_p0182_tbl01_conversion-factor-b-concluded.xlsx) and [source crop](tables/Process-Piping-Design-Rip-Weaver-Volume-1_p0182_tbl01_conversion-factor-b-concluded.png)  > **Table - Conversion factor C \(continued on following page\)** - see [XLSX](tables/Process-Piping-Design-Rip-Weaver-Volume-1_p0182_tbl02_conversion-factor-c.xlsx) and [source crop](tables/Process-Piping-Design-Rip-Weaver-Volume-1_p0182_tbl02_conversion-factor-c.png)  <!-- PDF2MD-ASSETS:END page=182 -->  ---  Conversion factor C (continued)  Cubic centimeters x 2.113 x 10⁻³ = Pints (USA liquid) Cubic centimeters x 1.057 x 10⁻³ = Quarts (USA liquid) Cubic feet x 0.8036 = Bushels (dry) Cubic feet x 28.320 = Cubic centimeters Cubic feet x 1,728 = Cubic inches Cubic feet x 0.02832 = Cubic meters Cubic feet x 0.03704 = Cubic yards"
SEC-PPDRWV1-0205,Process-Piping-Design-Rip-Weaver-Volume-1,PPDRWV1,H,2,H,6598,6743,187,191,Process-Piping-Design-Rip-Weaver-Volume-1.html#SEC-PPDRWV1-0205,2fbccaf0c196,True,False,False,,,,Process-Piping-Design-Rip-Weaver-Volume-1_p0189_tbl01;Process-Piping-Design-Rip-Weaver-Volume-1_p0189_tbl02;Process-Piping-Design-Rip-Weaver-Volume-1_p0190_tbl01;Process-Piping-Design-Rip-Weaver-Volume-1_p0191_tbl01;Process-Piping-Design-Rip-Weaver-Volume-1_p0191_tbl02,"Cubic feet x 7.48052 = Gallons (USA liquid) Cubic feet x 28.32 = Liters Cubic feet x 59.84 = Pints (USA liquid) Cubic feet x 29.92 = Quarts (USA liquid) Cubic feet x 0.1781 = Gallons (oil, USA) Cubic feet/minute x 472 = Cubic centimeters/second Cubic feet/minute x 0.1247 = Gallons/second Cubic feet/minute x 0.4720 = Liters/second Cubic feet/minute x 62.43 = Pounds of water/minute Cubic feet/minute x 1.6985 = Cubic meters/hour Cubic feet/second x 0.646317 = Million gallons/day Cubic feet/second x 448.831 = Gallons/minute Cubic feet/second x 101.94 = Cubic meters/hour Cubic inches x 16.39 = Cubic centimeters Cubic inches x 5.787 x 10⁻⁴ = Cubic feet Cubic inches x 1.639 x 10⁻⁵ = Cubic meters Cubic inches x 2.143 x 10⁻⁵ = Cubic yards Cubic inches x 4.329 x 10⁻³ = Gallons Cubic inches x 0.01639 = Liters Cubic inches x 1.061 x 10⁻² = Mil-feet Cubic inches x 0.03463 = Pints (USA liquid) Cubic inches x 0.01732 = Quarts (USA liquid) Cubic meters x 6.290 = Barrels (USA oil) Cubic meters x 28.38 = Bushels (dry) Cubic meters x 10⁶ = Cubic centimeters Cubic meters x 35.314 = Cubic feet Cubic meters x 61.023 = Cubic inches Cubic meters x 1.308 = Cubic yards Cubic meters x 264.17 = Gallons (USA liquid) Cubic meters x 1,000 = Liters Cubic meters x 2.113 = Pints (USA liquid) Cubic meters x 1.057 = Quarts (USA liquid) Cubic meters/hour x 9.810 x 10⁻⁸ = Cubic feet/minute Cubic meters/hour x 0.5886 = Cubic feet/minute Cubic meters/hour x 4.4033 = Millons/minute (USA) Cubic meters/hour x 150.95 = Cubic feet/second Cubic meters/hour x 3.6651 = Barrels/day Cubic meters/hour x 95.31 = Imperial gallons/minute Cubic meters/hour x 277.8 = Cubic centimeters/second Cubic yards x 7.646 x 10⁵ = Cubic centimeters  *Conversion factor C (Continued on facing page)*  ---  *conversion factor C (concluded)*  Cubic yards x 27 = Cubic feet Cubic yards x 46,650 = Cubic inches Cubic yards x 0.7646 = Cubic meters Cubic yards x 202 = Gallons (USA liquid) Cubic yards x 764.6 = Liters Cubic yards x 1,615.9 = Pints (USA liquid) Cubic yards x 807.9 = Quarts (USA liquid) Cubic yards/minute x 0.45 = Cubic feet/second Cubic yards/minute x 3.367 = Gallons/minute Cubic yards/minute x 12.74 = Liters/second Cubit, Bible x 21.8 = Inch Cup x 0.5 = Pint Cup x 16 = Tablespoon  ## D  Dalton x 1.650 x 10⁻²⁴ = Gram Days x 1,440 = Minutes Days x 86,400 = Seconds Decigrams x 0.1 = Grams Deciliters x 0.1 = Liters Decimeters x 0.1 = Meters Degrees (Angle) x 60 = Minutes Degrees (Angle) x 3600 = Seconds Degrees (Angle) x 0.01745 = Radians Degrees (Angle) x 0.01111 = Quadrants Degrees/second x 0.1667 = Revolutions/minute Degrees/second x 2.778 x 10⁻³ = Revolutions/second Dekagrams x 10 = Grams Dekaliters x 10 = Liters Dekameters x 10 = Meters Drams (apothecaries or troy) x 0.1371429 = Ounces (avoirdupois) Drams (apothecaries or troy) x 0.125 = Ounces (troy) Drams x 27.34375 = Grains Drams x 1.771845 = Grams Drams x 0.0625 = Ounces Dyne/centimeters x 0.01 = Erg/square millimeters Dyne/square centimeters x 9.869 x 10⁻⁷ = Atmospheres Dyne/square centimeters x 2.953 x 10⁻⁵ = Inch of mercury at 0°C Dyne/square centimeters x 4.015 x 10⁻⁴ = Inch of water at 4°C Dyne/square centimeters x 1.020 x 10⁻³ = Grams Dynes x 10⁻⁷ = Joules/centimeters Dynes x 10⁻⁵ = Joules/meters (newtons) Dynes x 1.020 x 10⁻⁶ = Kilograms Dynes x 7.233 x 10⁻⁵ = Poundals Dynes x 2.248 x 10⁻⁶ = Pounds Dynes/square centimeters x 10⁻⁶ = Bars  ---  ## E  | Unit | | Factor | | Equivalent | | :--- | | :--- | | :--- | | Ell | x | 114.30 | = | Centimeters | | Ell | x | 45 | = | Inches | | Em, pica | x | 0.167 | = | Inch | | Em, pica | x | 0.4233 | = | Centimeter | | Erg/second | x | 1 | = | Dyne-centimeter/second | | Erg | x | $9.480 \times 10^{-11}$ | = | Btu | | Erg | x | 1 | = | Dyne-centimeter | | Erg | x | $7.367 \times 10^{-8}$ | = | Foot-pounds | | Expansion coefficient, °F | x | 1.8 | = | Expansion coefficient, °C |  ## F  | Unit | | Factor | | Equivalent | | :--- | | :--- | | :--- | | Fahrenheit −32 | x | .555 | = | Centigrade | | Famm | x | 5.8455 | = | Foot, USA | | Famm | x | 1.7814 | = | Meter | | Faradays | x | 26.8 | = | Ampere-hour | | Fathom, British | x | 6.08 | = | Feet | | Fathom, British | x | 1.8532 | = | Meters | | Fathom, British | x | 0.001 | = | Nautical mile, British | | Fathom, USA | x | 6 | = | Feet | | Fathom, USA | x | 1.8288 | = | Meter | | Fathom, USA | x | 2 | = | Yard | | Feet, USA | x | 12 | = | Inches | | Feet, USA | x | 0.3048 | = | Meters | | Feet, USA | x | 0.3333 | = | Yards | | Feet, USA | x | $0.18939 \times 10^{-3}$ | = | Miles, USA statute | | Feet, USA | x | $1.2 \times 10^4$ | = | Mils | | Feet, USA | x | 0.0606 | = | Rod | | Feet of water | x | 0.0295 | = | Atmospheres | | Feet of water | x | 0.8826 | = | Inches of mercury | | Feet of water | x | 0.03048 | = | Kilograms/square centimeters | | Feet of water | x | 304.8 | = | Kilograms/square meter | | Feet of water | x | 62.43 | = | Pounds/square foot | | Feet of water | x | 0.4335 | = | Pounds/square inch | | Feet/hour | x | 0.01666 | = | Feet/minute | | Feet/hour | x | 0.3048 | = | Feet/second | | Feet/hour | x | $0.2777 \times 10^{-3}$ | = | Miles/hour | | Feet/hour | x | $0.1894 \times 10^{-3}$ | = | Miles/hour | | Feet/minute | x | 0.5080 | = | Centimeters/second | | Feet/minute | x | 0.01666 | = | Feet/second | | Feet/minute | x | 0.18288 | = | Kilometer/hour | | Feet/minute | x | 0.009868 | = | Knot | | Feet/minute | x | 0.3048 | = | Meter/minute |"
SEC-PPDRWV1-0206,Process-Piping-Design-Rip-Weaver-Volume-1,PPDRWV1,Appendix,2,Appendix,6744,6870,191,193,Process-Piping-Design-Rip-Weaver-Volume-1.html#SEC-PPDRWV1-0206,a54a36cd84a9,True,False,False,,,,Process-Piping-Design-Rip-Weaver-Volume-1_p0192_tbl01;Process-Piping-Design-Rip-Weaver-Volume-1_p0192_tbl02;Process-Piping-Design-Rip-Weaver-Volume-1_p0193_tbl01;Process-Piping-Design-Rip-Weaver-Volume-1_p0193_tbl02,"| Feet/minute | x | 0.00508 | = | Meter/second | | Feet/minute | x | 0.01136 | = | Mile/hour |  *Conversion factor F (continued on facing page)*  <!-- PDF2MD-ASSETS:BEGIN page=185 -->  #### Unmatched Page Assets  > **Table - Conversion factors — E** - see [XLSX](tables/Process-Piping-Design-Rip-Weaver-Volume-1_p0185_tbl01_conversion-factors-e.xlsx) and [source crop](tables/Process-Piping-Design-Rip-Weaver-Volume-1_p0185_tbl01_conversion-factors-e.png)  > **Table - Conversion factors — F \(continued on facing page\)** - see [XLSX](tables/Process-Piping-Design-Rip-Weaver-Volume-1_p0185_tbl02_conversion-factors-f.xlsx) and [source crop](tables/Process-Piping-Design-Rip-Weaver-Volume-1_p0185_tbl02_conversion-factors-f.png)  <!-- PDF2MD-ASSETS:END page=185 -->  ---  Conversion factor F (continued)  | From | Multiply by | To | | :--- | :---: | :--- | | Feet/minute | x 0.1894 x 10⁻³ | = Mile/minute | | Feet/second | x 30.48 | = Centimeters/second | | Feet/second | x 1.097 | = Kilometers/hour | | Feet/second | x 0.5921 | = Knots | | Feet/second | x 18.29 | = Meters/minute | | Feet/second | x 0.681818 | = Miles/hour | | Feet/second | x 0.0113636 | = Miles/minute | | Feet/second | x 3600 | = Feet/hour | | Feet/second | x 60 | = Feet/minute | | Feet/second/second | x 30.48 | = Centimeters/second/second | | Feet/second/second | x 1.097 | = Kilometers/hour/second | | Feet/second/second | x 1.097 | = Meters/second/second | | Feet/second/second | x 0.3048 | = Meters/second/second | | Feet/second/second | x 0.6818 | = Miles/hour/second | | Feet/100 feet | x 1 | = Percent grade | | Firkin | x 9 | = Gallon, liquid, USA | | Firkin | x 34.06798 | = Liter | | Foot-candle | x 10.764 | = Lumen/square meter | | Foot-candle | x 1 | = Lumen/square foot | | Foot-candle | x 10.764 | = Lux | | Foot-candle | x 1.076 | = Milliphot | | Foot-candle | x 0.001076 | = Phot | | Foot-candle | x distance in feet² | = Candlepower | | Foot-Lambert | x 0.3425 x 10⁻³ | = Candle/square centimeters | | Foot-Lambert | x 0.3183 | = Candle/square foot | | Foot-Lambert | x 0.00221 | = Candle/square inch | | Foot-Lambert | x 0.001076 | = Lambert | | Foot-Lambert | x square foot Area | = Lumen | | Foot-Lambert | x 1.076 | = Millilambert | | Foot-Lambert | x 0.342 x 10⁻³ | = Stilb | | Foot-pound | x 1.2853 x 10⁻³ | = Btu | | Foot-pound | x 1.356 x 10⁷ | = Ergs | | Foot-pound | x 0.32389 | = Gram-calorie | | Foot-pound | x 0.0505 x 10⁻³ | = Horsepower-hours, USA | | Foot-pound | x 5.12 x 10⁻⁷ | = Horsepower-hours, metric | | Foot-pound | x 12 | = Inch-pound | | Foot-pound | x 0.13382 | = Joule absolute | | Foot-pound | x 1.3554 | = Joule international | | Foot-pound | x 3.238 x 10⁻⁴ | = Kilogram-calories | | Foot-pound | x 0.1383 | = Kilogram-meters | | Foot-pound | x 3.766 x 10⁻⁷ | = Kilowatt-hours | | Foot-pound | x 0.001356 | = Kilowatt-second | | Foot-pound | x 0.01338 | = Liter-atmosphere | | Foot-pound | x 0.3766 x 10⁻³ | = Watt-hour | | Foot-pound | x 1.356 | = Watt-second | | Foot-pound | x 0.077118 | = Btu | | Foot-pound/minute | x 1.286 x 10⁻³ | = Btu/minute |  <!-- PDF2MD-ASSETS:BEGIN page=186 -->  #### Unmatched Page Assets  > **Table - Conversion factor F \(continued\)** - see [XLSX](tables/Process-Piping-Design-Rip-Weaver-Volume-1_p0186_tbl01_conversion-factor-f-continued.xlsx) and [source crop](tables/Process-Piping-Design-Rip-Weaver-Volume-1_p0186_tbl01_conversion-factor-f-continued.png)  <!-- PDF2MD-ASSETS:END page=186 -->  ---  Conversion factor F (concluded)  | From | | Factor | | To | | :--- | | :--- | | :--- | | Foot-pound/minute | x 2.259 x 10⁵ | = | Erg/second | | Foot-pound/minute | x 0.01666 | = | Foot-pound/second | | Foot-pound/minute | x 3.066 x 10⁻³ | = | Horsepower, metric | | Foot-pound/minute | x 3.0303 x 10⁻³ | = | Horsepower, USA | | Foot-pound/minute | x 2.2597 x 10⁻⁵ | = | Kilowatt | | Foot-pound/minute | x 0.022597 | = | Watt | | Foot-pound/second | x 0.0771 | = | Btu/minute | | Foot-pound/second | x 4.6263 | = | Btu/hour | | Foot-pound/second | x 1.843 x 10⁻³ | = | Horsepower, metric | | Foot-pound/second | x 1.818 x 10⁻³ | = | Horsepower, USA | | Foot-pound/second | x 1.356 | = | Joule | | Foot-pound/second | x 1.3558 x 10⁻³ | = | Kilowatts | | Foot-pound/second | x 1.3558 | = | Watt | | Fot | x 0.974 | = | Foot, USA | | Fot | x 100 | = | Lines | | Fot | x 0.2969 | = | Meter | | Fot | x 10 | = | Turn | | Foute | x 1 | = | Foot, USA | | Furlong | x 6.6 | = | Chain, engineer | | Furlong | x 10 | = | Chain, Gunter | | Furlong | x 660 | = | Feet | | Furlong | x 201.168 | = | Meters | | Furlong | x 0.125 | = | Mile, statue, USA | | Furlong | x 220 | = | Yards | | Fuss | x 40 | = | Rods | | Fuss | x 0.9842 | = | Foot, USA | | Fuss | x 0.300 | = | Meter |  ## G  | From | | Factor | | To | | :--- | | :--- | | :--- | | Gallon, British, Imperial Liquid | x 0.125 | = | Bushel, dry, British | | Gallon, British, Imperial Liquid | x 4546 | = | Cubic centimeter | | Gallon, British, Imperial Liquid | x 0.16046 | = | Cubic foot | | Gallon, British, Imperial Liquid | x 0.0045 | = | Cubic meter | | Gallon, British, Imperial Liquid | x 1.032 | = | Gallon, dry, USA | | Gallon, British, Imperial Liquid | x 1.2009 | = | Gallon, liquid, USA | | Gallon, British, Imperial Liquid | x 4.34596 | = | Kilogram | | Gallon, British, Imperial Liquid | x 10 | = | Pound, water, 62°F | | Gallon, British, Imperial Liquid | x 0.125 | = | Bushel, dry, USA | | Gallon, dry, USA | x 4404.92 | = | Cubic centimeter | | Gallon, dry, USA | x 0.155555 | = | Cubic foot | | Gallon, dry, USA | x 268.803 | = | Cubic inch |"
SEC-PPDRWV1-0207,Process-Piping-Design-Rip-Weaver-Volume-1,PPDRWV1,Appendix,2,Appendix,6871,6896,193,194,Process-Piping-Design-Rip-Weaver-Volume-1.html#SEC-PPDRWV1-0207,24607c86c346,True,False,False,,,,Process-Piping-Design-Rip-Weaver-Volume-1_p0194_tbl01,"| Gallon, dry, USA | x 1.16365 | = | Gallon, liquid, USA | | Gallon, dry, USA | x 4.4049 | = | Liter | | Gallon, dry, USA | x 0.05 | = | Peck | | Gallon, dry, USA | x 8 | = | Pint | | Gallon, dry, USA | x 4.6546 | = | Quart, liquid, USA |  *Conversion factor G (continued on facing page)*  <!-- PDF2MD-ASSETS:BEGIN page=187 -->  #### Unmatched Page Assets  > **Table - Conversion factor F \(concluded\)** - see [XLSX](tables/Process-Piping-Design-Rip-Weaver-Volume-1_p0187_tbl01_conversion-factor-f-concluded.xlsx) and [source crop](tables/Process-Piping-Design-Rip-Weaver-Volume-1_p0187_tbl01_conversion-factor-f-concluded.png)  > **Table - Conversion factor G** - see [XLSX](tables/Process-Piping-Design-Rip-Weaver-Volume-1_p0187_tbl02_conversion-factor-g.xlsx) and [source crop](tables/Process-Piping-Design-Rip-Weaver-Volume-1_p0187_tbl02_conversion-factor-g.png)  <!-- PDF2MD-ASSETS:END page=187 -->  ---  ## Appendix  **Conversion factor G (continued)**  > **Table - Conversion factor G \(continued\) — unit conversion table for Gallon through Grain** - see [XLSX](tables/Process-Piping-Design-Rip-Weaver-Volume-1_p0188_tbl01_conversion-factor-g-continued.xlsx) and [source crop](tables/Process-Piping-Design-Rip-Weaver-Volume-1_p0188_tbl01_conversion-factor-g-continued.png)"
SEC-PPDRWV1-0208,Process-Piping-Design-Rip-Weaver-Volume-1,PPDRWV1,M,2,M,6897,6990,193,195,Process-Piping-Design-Rip-Weaver-Volume-1.html#SEC-PPDRWV1-0208,6d313ddc8360,True,False,False,,,,Process-Piping-Design-Rip-Weaver-Volume-1_p0194_tbl02;Process-Piping-Design-Rip-Weaver-Volume-1_p0195_tbl01,"| From | Multiply by | To | | :--- | :---: | :--- | | Gallon, liquid, USA | x 0.0238 | = Barrel, oil | | Gallon, liquid, USA | x 3785.434 | = Cubic centimeter | | Gallon, liquid, USA | x 3.785434 | = Cubic decimeter | | Gallon, liquid, USA | x 0.13368 | = Cubic foot | | Gallon, liquid, USA | x 231 | = Cubic inch, water, 62°F | | Gallon, liquid, USA | x 3.7854 × 10⁻³ | = Cubic meter | | Gallon, liquid, USA | x 3.951 × 10⁻³ | = Cubic yard | | Gallon, liquid, USA | x 0.839365 | = Gallon, dry, USA | | Gallon, liquid, USA | x 0.832673 | = Gallon, liquid, British | | Gallon, liquid, USA | x 3.7853 | = Liter | | Gallon, liquid, USA | x 8 | = Pint, liquid, USA | | Gallon, liquid, USA | x 4 | = Quart, liquid, USA | | Gallon, liquid, USA | x 8.3453 | = Pounds, water | | Gallon, liquid, USA | x 0.1337 | = Cubic feet/hour | | Gallons/hour, USA | x 2.228 × 10⁻³ | = Cubic feet/minute | | Gallons/hour, USA | x 0.01666 | = Gallons/minute | | Gallons/hour, USA | x 2.777 × 10⁻⁴ | = Gallons/second | | Gallons/minute, USA | x 34.2857 | = Barrels/day, oil | | Gallons/minute, USA | x 1.42857 | = Barrels/hour, oil | | Gallons/minute, USA | x 0.023809 | = Barrels/minute, oil | | Gallons/minute, USA | x 192.499999 | = Cubic feet/day | | Gallons/minute, USA | x 8.021 | = Cubic feet/hour | | Gallons/minute, USA | x 0.13368 | = Cubic feet/minute | | Gallons/minute, USA | x 2.228 × 10⁻³ | = Cubic feet/second | | Gallons/minute, USA | x 0.2271 | = Cubic meters/hour | | Gallons/minute, USA | x 1440 | = Gallons/day | | Gallons/minute, USA | x 60 | = Gallons/hour | | Gallons/minute, USA | x 0.01666 | = Gallons/second | | Gallons/minute, USA | x 5.35565 | = Tons, long, water, 62°F/day | | Gallons/minute, USA | x 5.99839 | = Tons, short, water, 62°F/day | | Gallons/second, USA | x 0.06308 | = Liters/second | | Gallons/second, USA | x 481 | = Cubic feet/hour | | Gallons/second, USA | x 8.02 | = Cubic feet/minute | | Gallons/second, USA | x 0.1337 | = Cubic feet/second | | Gallons/second, USA | x 60 | = Gallons/minute, USA | | Gills, British | x 142.07 | = Cubic centimeter | | Gills, British | x 0.1183 | = Liters | | Gills, British | x 0.25 | = Pints, liquid | | Grade | x 0.0025 | = Circle | | Grade | x 0.9000 | = Degree | | Grade | x 54 | = Minute | | Grade | x 0.01571 | = Radian | | Grain | x 0.01666 | = Dram, apothecary | | Grain | x 0.03657 | = Dram, avoirdupois | | Grain | x 1 | = Grain, troy | | Grain | x 0.10648 | = Grams | | Grain | x 2.0833 × 10⁻³ | = Ounces |  *Conversion factor G (continued on following page)*  ---  Conversion factor G (concluded)  | From | Multiply by | To | | :--- | :---: | :--- | | Gram | x 5 | Carat | | Gram | x 3.858 | Carat, metric | | Gram | x 100 | Centigram | | Gram | x 0.2572 | Dram, apothecary | | Gram | x 0.56438 | Dram, avoirdupois | | Gram | x 980.665 | Dyne | | Gram | x 15.4324 | Grain | | Gram | x 9.807 x 10⁻³ | Joules/centimeters | | Gram | x 9.807 x 10⁻³ | Joules/meter (newtons) | | Gram | x 0.001 | Kilograms | | Gram | x 1000 | Milligrams | | Gram | x 0.03527 | Ounces, avoirdupois | | Gram | x 0.03215 | Ounces, troy | | Gram | x 0.07093 | Poundals | | Gram | x 2.205 x 10⁻³ | Pounds | | Grams/centimeter | x 5.6 x 10⁻³ | Pounds/inch | | Grams/cubic centimeter | x 62.43 | Pounds/cubic foot | | Grams/cubic centimeter | x 0.03613 | Pounds/cubic inch | | Grams/liter | x 58.417 | Grains/gallon, USA | | Grams/liter | x 8.345 | Pounds/1,000 gallons | | Grams/liter | x 0.062427 | Pounds/cubic foot | | Grams/liter | x 1,000 | Parts/million | | Grams/square centimeter | x 2.0481 | Pounds/square foot | | Gram-calories | x 3.968 x 10⁻³ | Btu | | Gram-calories | x 4.1868 x 10⁷ | Ergs | | Gram-calories | x 3.088 | Foot-pounds | | Gram-calories | x 1.55856 x 10⁻⁶ | Horsepower/hours | | Gram-calories | x 1.163 x 10⁻⁶ | Kilowatt-hours | | Gram-calories | x 1.163 x 10⁻³ | Watt-hours | | Gram-calories/second | x 14.286 | Btu/hour | | Gram-centimeters | x 9.29658 x 10⁻⁸ | Btu | | Gram-centimeters | x 980.7 | Ergs | | Gram-centimeters | x 9.807 x 10⁻⁵ | Joules | | Gross | x 12 | Dozen | | Gross, great | x 144 | Dozen | | Gross, great | x 12 | Gross |"
SEC-PPDRWV1-0209,Process-Piping-Design-Rip-Weaver-Volume-1,PPDRWV1,N,2,N,6991,6998,195,195,Process-Piping-Design-Rip-Weaver-Volume-1.html#SEC-PPDRWV1-0209,76ab00be435f,True,False,False,,,,,## H  | From | Multiply by | To | | :--- | :---: | :--- | | Hand | x 10.16 | Centimeter | | Hand | x 4 | Inch | | Hand | x 48 | Foot |
SEC-PPDRWV1-0210,Process-Piping-Design-Rip-Weaver-Volume-1,PPDRWV1,O,2,O,6999,7017,195,195,Process-Piping-Design-Rip-Weaver-Volume-1.html#SEC-PPDRWV1-0210,b1fdb6396c72,True,False,False,,,,,"| Hand | x 1.016 | Meter | | Head, feed elevation, water | x 0.433 | Pounds/square inch | | Hectare | x 2.471 | Acre | | Hectare | x 100 | Are | | Hectare | x 1.07639 x 10⁴ | Square feet |  *Conversion factor H (continued on facing page)*  <!-- PDF2MD-ASSETS:BEGIN page=189 -->  #### Unmatched Page Assets  > **Table - Conversion factor G \(concluded\)** - see [XLSX](tables/Process-Piping-Design-Rip-Weaver-Volume-1_p0189_tbl01_conversion-factor-g-concluded.xlsx) and [source crop](tables/Process-Piping-Design-Rip-Weaver-Volume-1_p0189_tbl01_conversion-factor-g-concluded.png)  > **Table - Conversion factor H \(continued on facing page\)** - see [XLSX](tables/Process-Piping-Design-Rip-Weaver-Volume-1_p0189_tbl02_conversion-factor-h.xlsx) and [source crop](tables/Process-Piping-Design-Rip-Weaver-Volume-1_p0189_tbl02_conversion-factor-h.png)  <!-- PDF2MD-ASSETS:END page=189 -->  ---"
SEC-PPDRWV1-0211,Process-Piping-Design-Rip-Weaver-Volume-1,PPDRWV1,P,2,P,7018,7108,195,197,Process-Piping-Design-Rip-Weaver-Volume-1.html#SEC-PPDRWV1-0211,c5082dd98e3b,True,False,False,,,,Process-Piping-Design-Rip-Weaver-Volume-1_p0197_tbl01,"Conversion factor H (continued)  | From | | Factor | | To | | :--- | | :--- | | :--- | | Hectare | | x 0.01 | | = Square kilometer | | Hectare | | x 10,000 | | = Square meters | | Hectare | | x 3.861 x 10⁻³ | | = Square miles | | Hectare | | x 11,960 | | = Square yard | | Hectogram | | x 100 | | = Gram | | Hectoliter | | x 3.532 | | = Cubic feet | | Hectoliter | | x 0.1 | | = Cubic meter | | Hectoliter | | x 0.1308 | | = Cubic yard | | Hectoliter | | x 26.42 | | = Gallon, USA | | Hectoliter | | x 100 | | = Liter | | Hectometer | | x 328.089 | | = Feet | | Hectometer | | x 100 | | = Meter | | Hectometer | | x 0.06214 | | = Mile, statute, USA | | Hectometer | | x 109.36 | | = Yard | | Megawatts | | x 1,000 | | = Watts | | Henries | | x 1,000 | | = Millihenries | | Hogsheads, British | | x 10.114 | | = Cubic feet | | Hogsheads, British | | x 8.42184 | | = Cubic feet | | Hogsheads, USA | | x 63 | | = Gallons, USA | | Hogsheads, USA | | x 238.476 | | = Liter | | Hogsheads, USA | | x 504 | | = Pint | | Hogsheads, USA | | x 252 | | = Quart | | Horsepower, USA | | x 42.44 | | = Btu/minute | | Horsepower, USA | | x 33,000 | | = Foot-pounds/minute | | Horsepower, USA | | x 550 | | = Foot-pounds/second | | Horsepower, USA | | x 0.7457 | | = Kilowatts | | Horsepower, boiler | | x 33.479 | | = Btu/hour | | Horsepower, boiler | | x 34.5 | | = Pounds water/hour | | Horsepower, boiler | | x 9.803 | | = Kilowatts | | Horsepower, electric | | x 0.7072 | | = Btu/second | | Horsepower, electric | | x 746 | | = Joule/second | | Horsepower, electric | | x 0.746 | | = Kilowatts | | Horsepower, electric | | x 746 | | = Watts | | Horsepower, hours, USA | | x 2,547 | | = Btu | | Horsepower, hours, USA | | x 2.6845 x 10¹³ | | = Ergs | | Horsepower, hours, USA | | x 1.98 x 10⁶ | | = Foot-pounds | | Horsepower, hours, USA | | x 641,190 | | = Gram-calories | | Horsepower, hours, USA | | x 1.01387 | | = Horsepower-hour, metric | | Horsepower, hours, USA | | x 2.376 x 10⁴ | | = Inch-pound | | Horsepower, hours, USA | | x 26.8453 x 10⁶ | | = Joule | | Horsepower, hours, USA | | x 0.7457 | | = Kilowatt-hour | | Horsepower-hours, metric | | x 2509.83 | | = Btu | | Horsepower-hours, metric | | x 1.9529 x 10⁶ | | = Foot-pounds | | Horsepower-hours, metric | | x 0.98632 | | = Horsepower-hour, USA | | Horsepower-hours, metric | | x 632,467 | | = Gram-calories | | Horsepower-hours, metric | | x 26.4761 | | = Joule |  *Conversion factor H (continued on following page)*  <!-- PDF2MD-ASSETS:BEGIN page=190 -->  #### Unmatched Page Assets  > **Table - Conversion factor H \(continued\)** - see [XLSX](tables/Process-Piping-Design-Rip-Weaver-Volume-1_p0190_tbl01_conversion-factor-h-continued.xlsx) and [source crop](tables/Process-Piping-Design-Rip-Weaver-Volume-1_p0190_tbl01_conversion-factor-h-continued.png)  <!-- PDF2MD-ASSETS:END page=190 -->  ---  Conversion factor H (concluded)  | From | | Factor | | To | | :--- | | :---: | | :--- | | Horsepower-hours, metric | x | 0.73545 | = | Kilowatt-hour | | Hours | x | 0.0417 | = | Day | | Hours | x | 60 | = | Minute | | Hours | x | 0.00137 | = | Month | | Hours | x | 0.1142 x 10⁻³ | = | Year | | Hours | x | 5.952 x 10⁻³ | = | Week | | Hundredweight (long) | x | 112 | = | Pounds | | Hundredweight (long) | x | 0.05 | = | Tons, long | | Hundredweight (short) | x | 1.8 | = | Cubic foot | | Hundredweight (short) | x | 45.36 | = | Kilograms | | Hundredweight (short) | x | 100 | = | Pounds | | Hundredweight (short) | x | 0.05 | = | Ton, short | | Hundredweight (short) | x | 0.04536 | = | Tons, metric | | Hundredweight (short) | x | 0.044643 | = | Tons, long |  **I**  | From | | Factor | | To | | :--- | | :---: | | :--- | | Inch | x | 254 x 10⁶ | = | Angstrom | | Inch | x | 2.54 | = | Centimeter | | Inch | x | 0.833 x 10⁻³ | = | Chain, engineer | | Inch | x | 1.2626 x 10⁻³ | = | Chain, Gunter |"
SEC-PPDRWV1-0212,Process-Piping-Design-Rip-Weaver-Volume-1,PPDRWV1,Appendix,2,Appendix,7109,7308,197,201,Process-Piping-Design-Rip-Weaver-Volume-1.html#SEC-PPDRWV1-0212,021e9fdd2164,True,False,False,,,,Process-Piping-Design-Rip-Weaver-Volume-1_p0198_tbl01;Process-Piping-Design-Rip-Weaver-Volume-1_p0199_tbl01;Process-Piping-Design-Rip-Weaver-Volume-1_p0199_tbl02;Process-Piping-Design-Rip-Weaver-Volume-1_p0199_tbl03;Process-Piping-Design-Rip-Weaver-Volume-1_p0201_tbl01,"| Inch | x | 0.254 | = | Decimeter | | Inch | x | 0.08333 | = | Foot, USA | | Inch | x | 0.0254 | = | Meter | | Inch | x | 1.578 x 10⁻⁵ | = | Mile, statute, USA | | Inch | x | 25.4 | = | Millimeters | | Inch | x | 1,000 | = | Mils | | Inch | x | 5.05 x 10⁻³ | = | Rods | | Inch | x | 0.02778 | = | Yards | | Inch, mercury | x | 0.03342 | = | Atmospheres | | Inch, mercury | x | 1.133 | = | Feet of water | | Inch, mercury | x | 13.61 | = | Inch height, water | | Inch, mercury | x | 70.73 | = | Pound/square foot | | Inch, mercury | x | 0.49116 | = | Pound/square inch | | Inch, mercury | x | 0.03453 | = | Kilograms/square centimeter | | Inch, mercury | x | 1.07 x 10⁻⁴ | = | Mils | | Inch-pound | x | 0.0833 | = | Foot-pound | | Inch, water, 4°C | x | 2.458 x 10⁻³ | = | Atmospheres | | Inch, water, 4°C | x | 0.07355 | = | Inches of mercury | | Inch, water, 4°C | x | 2.54 x 10⁻³ | = | Kilograms/square centimeter | | Inch, water, 4°C | x | 0.5781 | = | Ounces/square inch | | Inch, water, 4°C | x | 5.204 | = | Pounds/square foot | | Inch, water, 4°C | x | 0.03613 | = | Pounds/square inch |  <!-- PDF2MD-ASSETS:BEGIN page=191 -->  #### Unmatched Page Assets  > **Table - Conversion factor H \(concluded\)** - see [XLSX](tables/Process-Piping-Design-Rip-Weaver-Volume-1_p0191_tbl01_conversion-factor-h-concluded.xlsx) and [source crop](tables/Process-Piping-Design-Rip-Weaver-Volume-1_p0191_tbl01_conversion-factor-h-concluded.png)  > **Table - Conversion factor I** - see [XLSX](tables/Process-Piping-Design-Rip-Weaver-Volume-1_p0191_tbl02_conversion-factor-i.xlsx) and [source crop](tables/Process-Piping-Design-Rip-Weaver-Volume-1_p0191_tbl02_conversion-factor-i.png)  <!-- PDF2MD-ASSETS:END page=191 -->  ---  ## Appendix  **J**  | From | Factor | To | | :--- | :---: | :--- | | Joule | x 9.48 x 10⁻⁴ | = Btu | | Joule | x 10⁷ | = Erg | | Joule | x 0.7376 | = Foot-pound | | Joule | x 2.389 x 10⁻⁴ | = Kilogram-calorie | | Joule | x 1.0197 x 10⁴ | = Gram-centimeter | | Joule | x 2.778 x 10⁻⁴ | = Watt-hours |  **K**  | From | Factor | To | | :--- | :---: | :--- | | Kilogram | x 1,000 | = Grams | | Kilogram | x 70.93 | = Poundals | | Kilogram | x 2.205 | = Pounds | | Kilogram | x 9.842 x 10⁻⁴ | = Tons, long | | Kilogram | x 1.102 x 10⁻³ | = Tons, short | | Kilogram | x 0.001 | = Tons, metric | | Kilograms/cubic meter | x 0.001 | = Grams/cubic centimeter | | Kilograms/cubic meter | x 0.06243 | = Pounds/cubic foot | | Kilograms/cubic meter | x 3.613 x 10⁻⁵ | = Pounds/cubic inch | | Kilograms/cubic meter | x 3.405 x 10⁻¹⁰ | = Pounds/mil-foot | | Kilograms/cubic meter | x 8.428 x 10⁻³ | = Ton, short/cubic yard | | Kilograms/meter | x 10 | = Gram/centimeters | | Kilograms/meter | x 391.983 | = Gram/inch | | Kilograms/meter | x 0.672 | = Pounds/foot | | Kilograms/meter | x 0.056 | = Pounds/inch | | Kilograms/square centimeter | x 0.9678 | = Atmospheres | | Kilograms/square centimeter | x 32.81 | = Feet of water | | Kilograms/square centimeter | x 28.96 | = Inch of mercury | | Kilograms/square centimeter | x 2.048 | = Pounds/square foot | | Kilograms/square centimeter | x 14.22 | = Pounds/square inch | | Kilograms/square meter | x 9.678 x 10⁻⁵ | = Atmospheres | | Kilograms/square meter | x 3.281 x 10⁻³ | = Feet of water | | Kilograms/square meter | x 2.896 x 10⁻³ | = Inches of mercury | | Kilograms/square meter | x 0.03937 | = Inches of water | | Kilograms/square meter | x 0.2048 | = Pounds/square foot | | Kilograms/square meter | x 1.422 x 10⁻³ | = Pounds/square inch | | Kilometers | x 3281 | = Feet | | Kilometers | x 3.937 x 10⁴ | = Inches | | Kilometers | x 1,000 | = Meters | | Kilometers | x 0.6214 | = Miles | | Kilometers | x 1,094 | = Yards | | Kilometers/hour | x 27.78 | = Centimeters/second | | Kilometers/hour | x 54.08 | = Feet/minute |  *Conversion factor K (continued on following page)*  <!-- PDF2MD-ASSETS:BEGIN page=192 -->  #### Unmatched Page Assets  > **Table - Conversion factors — J \(Joule\)** - see [XLSX](tables/Process-Piping-Design-Rip-Weaver-Volume-1_p0192_tbl01_conversion-factors-j-joule.xlsx) and [source crop](tables/Process-Piping-Design-Rip-Weaver-Volume-1_p0192_tbl01_conversion-factors-j-joule.png)  > **Table - Conversion factors — K \(Kilogram, Kilometers, etc.\) — continued on following page** - see [XLSX](tables/Process-Piping-Design-Rip-Weaver-Volume-1_p0192_tbl02_conversion-factors-k-kilogram-kilometers.xlsx) and [source crop](tables/Process-Piping-Design-Rip-Weaver-Volume-1_p0192_tbl02_conversion-factors-k-kilogram-kilometers.png)  <!-- PDF2MD-ASSETS:END page=192 -->  ---  **Conversion factor K (concluded)**  > **Table - Conversion factor K \(concluded\) — K through L units** - see [XLSX](tables/Process-Piping-Design-Rip-Weaver-Volume-1_p0193_tbl01_conversion-factor-k-concluded.xlsx) and [source crop](tables/Process-Piping-Design-Rip-Weaver-Volume-1_p0193_tbl01_conversion-factor-k-concluded.png)  | From | × | = To | | :--- | :---: | :--- | | Kilometers/hour | x 0.9113 | = Feet/second | | Kilometers/hour | x 0.5396 | = Knots | | Kilometers/hour | x 16.67 | = Meters/minute | | Kilometers/hour | x 0.6214 | = Miles/hour | | Kilowatts | x 56.92 | = Btu/minute | | Kilowatts | x 1.35972 | = Horsepower, metric | | Kilowatts | x 1.341 | = Horsepower, USA | | Kilowatts | x 1,000 | = Watts | | Kilowatt-hours | x 3,413 | = Btu | | Kilowatt-hours | x 3.6 x 10⁶ | = Joules | | Kilowatt-hours | x 1.36 | = Horsepower-hour, metric | | Kilowatt-hours | x 1.34 | = Horsepower-hour, USA | | Kilowatt-hours | x 3.6 x 10⁶ | = Joules | | Kilowatt-hours | x 860.5 | = Kilogram-calories | | Kilowatt-hours | x 3.671 x 10⁵ | = Kilogram-meters | | Kilowatt-hours | x 3.53 | = Pounds of water* | | Kilowatt-hours | x 22.75 | = Pounds of water† | | Kip | x 1 | = Kilopound | | Kip | x 1,000 | = Pound | | Knot, USA | x 51.48 | = Centimeter/second | | Knot, USA | x 6080.2 | = Feet/hour | | Knot, USA | x 1.8532 | = Kilometer/hour | | Knot, USA | x 30.887 | = Meter/minute | | Knot, USA | x 1.15155 | = Mile/hour | | Knot, USA | x 2027 | = Yards/hour |  **L**  | From | × | = To | | :--- | :---: | :--- | | League, land | x 24 | = Furlong | | League, land | x 4.828 | = Kilometer | | League, land | x 3 | = Mile | | League, marine | x 5.56 | = Kilometer | | League, marine | x 3 | = Mile, nautical | | League, marine | x 3.45 | = Mile, statute | | Light year | x 5.9 x 10¹² | = Miles | | Light year | x 9.46091 x 10¹² | = Kilometers | | Links, engineers' | x 12 | = Inches | | Links, surveyors' | x 7.92 | = Inches | | Links, surveyors' | x 0.66 | = Feet | | Links, surveyors' | x 0.22 | = Yard | | Liters | x 0.02838 | = Bushels, USA, dry | | Liters | x 100 | = Centiliters |  *Evaporated from and at 212°F †Raised from 62°F to 212°F  *Conversion factor L (continued on facing page)*  <!-- PDF2MD-ASSETS:BEGIN page=193 -->  #### Unmatched Page Assets  > **Table - Conversion factor L \(continued on facing page\)** - see [XLSX](tables/Process-Piping-Design-Rip-Weaver-Volume-1_p0193_tbl02_conversion-factor-l.xlsx) and [source crop](tables/Process-Piping-Design-Rip-Weaver-Volume-1_p0193_tbl02_conversion-factor-l.png)  <!-- PDF2MD-ASSETS:END page=193 -->  ---  ## Appendix  *Conversion factor L (concluded)*  > **Table - Conversion factor L \(concluded\) — Liters and Liters/minute/second/Lumen/Lux conversions** - see [XLSX](tables/Process-Piping-Design-Rip-Weaver-Volume-1_p0194_tbl01_conversion-factor-l-concluded.xlsx) and [source crop](tables/Process-Piping-Design-Rip-Weaver-Volume-1_p0194_tbl01_conversion-factor-l-concluded.png)  | From | Multiply by | To | | :--- | :---: | :--- | | Liters | x 1.000 | = Cubic centimeters | | Liters | x 0.035316 | = Cubic feet | | Liters | x 6.291 x 10⁻³ | = Barrels, oil, USA | | Liters | x 61.027 | = Cubic inches | | Liters | x 0.001 | = Cubic meter | | Liters | x 1.308 x 10⁻³ | = Cubic yard | | Liters | x 0.2642 | = Gallon, USA, liquid | | Liters | x 1.7598 | = Pint, USA, dry | | Liters | x 2.1134 | = Pint, USA, liquid | | Liters | x 2.202 | = Pounds of water | | Liters | x 5.88"
SEC-PPDRWV1-0213,Process-Piping-Design-Rip-Weaver-Volume-1,PPDRWV1,T,2,T,7309,7364,199,201,Process-Piping-Design-Rip-Weaver-Volume-1.html#SEC-PPDRWV1-0213,6ceb130a176d,True,False,False,,,,Process-Piping-Design-Rip-Weaver-Volume-1_p0201_tbl02,"| Meter | x 3.2808 | = Feet | | Meter | x 0.01 | = Hectometer | | Meter | x 39.37 | = Inch | | Meter | x 0.001 | = Kilometer | | Meter | x 5.396 x 10⁻⁴ | = Miles, nautical | | Meter | x 6.214 x 10⁻⁴ | = Miles, statute | | Meter | x 1000 | = Millimeters | | Meter | x 1.094 | = Yards | | Meter | x V179 | = Vara | | Meters/minute | x 1.667 | = Centimeters/second | | Meters/minute | x 3.281 | = Feet/minute | | Meters/minute | x 0.05468 | = Feet/second | | Meters/minute | x 0.06 | = Kilometers/hour | | Meters/minute | x 0.03238 | = Knots | | Meters/minute | x 0.03728 | = Miles/hour | | Meters/second | x 196.8 | = Feet/minute | | Meters/second | x 3.281 | = Feet/second | | Meters/second | x 3.6 | = Kilometers/hour | | Meters/second | x 0.06 | = Kilometers/minute | | Meters/second | x 2.237 | = Miles/hour | | Meters/second | x 0.03728 | = Miles/minute | | Micron | x 0.0001 | = Centimeter | | Micron | x 1000 | = Millimicron | | Mile, USA, nautical | x 6,080.2 | = Feet, USA | | Mile, USA, nautical | x 6.080 | = Feet, British |  *Conversion factor M (continued on following page)*  ---  Conversion factor M (concluded)  | From | Multiply by | To | | :--- | :---: | :--- | | Mile, USA, nautical | x 72,962.5 | = Inches | | Mile, USA, nautical | x 1.853 | = Kilometer | | Mile, USA, nautical | x 0.333 | = League | | Mile, USA, nautical | x 1,853.248 | = Meter | | Mile, USA, nautical | x 1.15155 | = Mile, USA, statute | | Mile, USA, nautical | x 2,026.73 | = Yard | | Mile, USA, statute | x 5,280 | = Feet, USA | | Mile, USA, statute | x 8 | = Furlongs | | Miles, USA, statute | x 63,360 | = Inches | | Miles, USA, statute | x 1.60935 | = Kilometer | | Miles, USA, statute | x 8,000 | = Link | | Miles, USA, statute | x 1,609.35 | = Meters | | Miles, USA, statute | x 0.8684 | = Mile, USA, nautical | | Miles, USA, statute | x 1,900.8 | = Vara | | Miles, USA, statute | x 1,760 | = Yard | | Miles/hour | x 44.7 | = Centimeters/second | | Miles/hour | x 88 | = Feet/minute | | Miles/hour | x 1.467 | = Feet/second | | Miles/hour | x 1.609 | = Kilometers/hour | | Miles/hour | x 0.02682 | = Kilometers/minute | | Miles/hour | x 0.8684 | = Knots | | Miles/hour | x 26.82 | = Meters/minute |"
SEC-PPDRWV1-0214,Process-Piping-Design-Rip-Weaver-Volume-1,PPDRWV1,V,2,V,7365,7373,199,199,Process-Piping-Design-Rip-Weaver-Volume-1.html#SEC-PPDRWV1-0214,f55be9a246b4,True,False,False,,,,,"| Miles/hour | x 0.4470 | = Meters/second | | Miles/hour | x 0.01667 | = Miles/minute | | Miles/minute | x 5,280 | = Feet/minute | | Miles/minute | x 60 | = Feet/second | | Miles/minute | x 316,800 | = Feet/second | | Miles/minute | x 88 | = Feet/second | | Miles/minute | x 1.609 | = Mile/hour | | Miles/minute | x 0.8684 | = Kilometers/minute | | Miles/minute | x 0.8684 | = Knots/minute |"
SEC-PPDRWV1-0215,Process-Piping-Design-Rip-Weaver-Volume-1,PPDRWV1,W,2,W,7374,7414,199,202,Process-Piping-Design-Rip-Weaver-Volume-1.html#SEC-PPDRWV1-0215,a1fb1133af56,True,False,False,,,,Process-Piping-Design-Rip-Weaver-Volume-1_p0202_tbl01;Process-Piping-Design-Rip-Weaver-Volume-1_p0202_tbl02;Process-Piping-Design-Rip-Weaver-Volume-1_p0202_tbl03,| Millimeter | x 0.1 | = Centimeter | | Millimeter | x $3.281 \times 10^{-3}$ | = Feet | | Millimeter | x 0.03937 | = Inches | | Millimeter | x $10^{-6}$ | = Kilometers | | Millimeter | x 0.001 | = Meters | | Millimeter | x $6.214 \times 10^{-7}$ | = Miles | | Millimeter | x 39.37 | = Mils | | Millimeter | x $1.094 \times 10^{-3}$ | = Yards | | Million gallons/day | x 1.54723 | = Cubic feet/second | | Mils | x $2.540 \times 10^{-3}$ | = Centimeters | | Mils | x $8.333 \times 10^{-5}$ | = Feet | | Mils | x 0.001 | = Inches | | Mils | x $2.540 \times 10^{-8}$ | = Kilometers | | Mils | x $2.778 \times 10^{-8}$ | = Yards |  <!-- PDF2MD-ASSETS:BEGIN page=195 -->  #### Unmatched Page Assets  > **Table - Conversion factor M \(concluded\)** - see [XLSX](tables/Process-Piping-Design-Rip-Weaver-Volume-1_p0195_tbl01_conversion-factor-m-concluded.xlsx) and [source crop](tables/Process-Piping-Design-Rip-Weaver-Volume-1_p0195_tbl01_conversion-factor-m-concluded.png)  <!-- PDF2MD-ASSETS:END page=195 -->  ---  ## N  | Unit | Factor | | Unit | | :--- | ---: | :---: | :--- | | Nail | x 2.5 | = | Inch | | Nepers | x 8.686 | = | Decibels | | Newton | x 1 x 10⁵ | = | Dynes |  ## O  | Unit | Factor | | Unit | | :--- | ---: | :---: | :--- | | Ounces | x 16 | = | Drams | | Ounces | x 437.5 | = | Grains | | Ounces | x 28.349527 | = | Grams | | Ounces | x 0.0625 | = | Pounds |
SEC-PPDRWV1-0216,Process-Piping-Design-Rip-Weaver-Volume-1,PPDRWV1,Y,2,Y,7415,7438,202,203,Process-Piping-Design-Rip-Weaver-Volume-1.html#SEC-PPDRWV1-0216,d07ac913f4ba,True,False,False,,,,Process-Piping-Design-Rip-Weaver-Volume-1_p0203_tbl01,"| Ounces | x 0.9115 | = | Ounces, troy | | Ounces | x 2.79 x 10⁻⁵ | = | Tons, long | | Ounces | x 2.835 x 10⁻⁵ | = | Tons, metric | | Ounces, fluid | x 1.805 | = | Cubic inches | | Ounces, fluid | x 0.02957 | = | Liters | | Ounces, troy | x 480 | = | Grains | | Ounces, troy | x 31.103481 | = | Grams | | Ounces, troy | x 1.09714 | = | Ounces, avoirdupois | | Ounces, troy | x 0.08333 | = | Pounds, troy | | Ounces/square inch | x 0.0625 | = | Pounds/square inch |  ## P  | Unit | Factor | | Unit | | :--- | ---: | :---: | :--- | | Parsec | x 19 x 10¹² | = | Miles, USA, statute | | Parsec | x 3.084 x 10¹³ | = | Kilometers | | Parts/million | x 0.05833 | = | Grains/gallon, USA | | Parts/million | x 0.07016 | = | Grains/gallon, British | | Parts/million | x 8.345 | = | Pounds/million gallons, USA | | Peck, British | x 554.6 | = | Cubic inches | | Peck, British | x 2 | = | Gallons, British | | Peck, British | x 9.0919 | = | Liters | | Peck, USA | x 0.25 | = | Bushels |"
SEC-PPDRWV1-0217,Process-Piping-Design-Rip-Weaver-Volume-1,PPDRWV1,Appendix,2,Appendix,7439,7488,203,204,Process-Piping-Design-Rip-Weaver-Volume-1.html#SEC-PPDRWV1-0217,58d305fd7f81,True,False,False,,,,Process-Piping-Design-Rip-Weaver-Volume-1_p0204_tbl01,"| Peck, USA | x 537.605 | = | Cubic inches | | Peck, USA | x 8.809582 | = | Liters | | Peck, USA | x 8 | = | Quarts, dry | | Peck, USA | x 9.3092 | = | Quarts, liquid | | Pennyweights, troy | x 24 | = | Grains | | Pennyweights, troy | x 0.05 | = | Ounces, troy | | Pennyweights, troy | x 1.55517 | = | Grams | | Pennyweights, troy | x 4.1667 x 10⁻³ | = | Pounds, troy | | Pfund, Germany | x 500 | = | Gram | | Pint, USA, dry | x 0.015625 | = | Bushel | | Pint, USA, dry | x 550.6136 | = | Cubic centimeter | | Pint, USA, dry | x 0.01945 | = | Cubic feet | | Pint, USA, dry | x 33.6 | = | Cubic inches |  *Conversion factor P (continued on following page)*  ---  **Conversion factor P (continued)**  | From | Multiply by | To | | :--- | :---: | :--- | | Pint, USA, dry | x 2 | Cup | | Pint, USA, dry | x 0.125 | Gallon, USA, dry | | Pint, USA, dry | x 0.14545 | Gallon, USA, liquid | | Pint, USA, dry | x 0.5506 | Liter | | Pint, USA, dry | x 0.0625 | Peck | | Pint, USA, dry | x 0.5 | Quart, USA, dry | | Pint, USA, dry | x 0.58182 | Quart, USA, liquid | | Pint, USA, liquid | x 437.2 | Cubic centimeters | | Pint, USA, liquid | x 0.01671 | Cubic feet | | Pint, USA, liquid | x 28.875 | Cubic inch | | Pint, USA, liquid | x 2 | Cup | | Pint, USA, liquid | x 0.1074 | Gallon, USA, dry | | Pint, USA, liquid | x 0.125 | Gallon, USA, liquid | | Pint, USA, liquid | x 4 | Gill | | Pint, USA, liquid | x 0.4732 | Liters | | Pint, USA, liquid | x 16 | Ounces | | Pint, USA, liquid | x 0.5 | Quarts, USA, liquid | | Pint, USA, liquid | x 0.42968 | Quarts, USA, dry | | Poise | x 128 | Dram, fluid | | Pole | x 100 | Centipoise | | Pole | x 16.5 | Feet | | Pole | x 5.0292 | Meter | | Pole | x 1 | Rod | | Pole | x 5.5 | Yard | | Ponce | x 2.71 | Centimeter | | Pood | x 1,000 | Cubic inch | | Pood | x 40 | Funt | | Pood | x 4.32 | Gallon, USA |"
SEC-PPDRWV1-0218,Process-Piping-Design-Rip-Weaver-Volume-1,PPDRWV1,Table A-1 (continued),2,Table A-1 (continued),7489,7537,203,205,Process-Piping-Design-Rip-Weaver-Volume-1.html#SEC-PPDRWV1-0218,5443cdb56927,True,False,False,,,,Process-Piping-Design-Rip-Weaver-Volume-1_p0205_tbl01,"| Pood | x 16.3805 | Kilogram | | Poundals | x 13,826 | Dynes | | Poundals | x 14.098 | Grams | | Poundals | x 1.383 x 10⁻³ | Joules/centimeter | | Poundals | x 0.1383 | Joules/meter | | Poundals | x 0.0141 | Kilograms | | Poundals | x 0.1383 | Newton | | Poundals | x 0.03108 | Pound-force | | Pounds | x 2267.9616 | Carats | | Pounds | x 256 | Drams | | Pounds | x 7,000 | Grains | | Pounds | x 453.5924 | Grams | | Pounds | x 0.04448 | Joules/centimeters | | Pounds | x 0.4536 | Kilograms | | Pounds | x 16 | Ounces | | Pounds | x 14.5833 | Ounces, troy | | Pounds | x 32.174 | Poundals | | Pounds | x 1.21528 | Pounds, troy | | Pounds | x 4.464 x 10⁻⁴ | Tons, long |  *Conversion factor P (continued on facing page)*  <!-- PDF2MD-ASSETS:BEGIN page=197 -->  #### Unmatched Page Assets  > **Table - Conversion factor P \(continued\)** - see [XLSX](tables/Process-Piping-Design-Rip-Weaver-Volume-1_p0197_tbl01_conversion-factor-p-continued.xlsx) and [source crop](tables/Process-Piping-Design-Rip-Weaver-Volume-1_p0197_tbl01_conversion-factor-p-continued.png)  <!-- PDF2MD-ASSETS:END page=197 -->  ---  ## Appendix  *Conversion factor P (concluded)*  | From | Factor | To | | :--- | :---: | :--- | | Pounds | x 4.536 x 10⁻⁴ | = Tons, metric | | Pounds | x 5 x 10⁻⁴ | = Tons, short | | Pounds, troy | x 5.760 | = Grains | | Pounds, troy | x 373.24177 | = Grams | | Pounds, troy | x 13.1657 | = Ounces, avoirdupois | | Pounds, troy | x 12 | = Ounces, troy | | Pounds, troy | x 240 | = Pennyweights, troy | | Pounds, troy | x 0.822857 | = Pounds, avoirdupois | | Pounds, troy | x 3.6735 x 10⁻⁴ | = Tons, long | | Pounds, troy | x 3.7324 x 10⁻⁴ | = Tons, metric | | Pounds, troy | x 4.1143 x 10⁻⁴ | = Tons, short |"
SEC-PPDRWV1-0219,Process-Piping-Design-Rip-Weaver-Volume-1,PPDRWV1,Appendix,2,Appendix,7538,7811,203,209,Process-Piping-Design-Rip-Weaver-Volume-1.html#SEC-PPDRWV1-0219,10771e7c5936,True,False,False,,,,Process-Piping-Design-Rip-Weaver-Volume-1_p0206_tbl01;Process-Piping-Design-Rip-Weaver-Volume-1_p0207_tbl01;Process-Piping-Design-Rip-Weaver-Volume-1_p0208_tbl01;Process-Piping-Design-Rip-Weaver-Volume-1_p0209_tbl01,"| Pounds of water | x 0.01602 | = Cubic feet | | Pounds of water | x 27.68 | = Cubic inches | | Pounds of water | x 0.1198 | = Gallons | | Pounds of water/minute | x 2.67 x 10⁻⁴ | = cubic feet/second | | Pounds/cubic foot | x 0.01602 | = Grams/cubic centimeters | | Pounds/cubic foot | x 16.02 | = Kilograms/cubic meter | | Pounds/cubic foot | x 5.787 x 10⁻⁴ | = Pounds/cubic inch | | Pounds/cubic foot | x 27 | = Pounds/cubic yard | | Pounds/cubic inch | x 27.68 | = Grams/cubic centimeter | | Pounds/cubic inch | x 2.768 x 10⁴ | = Kilograms/cubic meter | | Pounds/cubic inch | x 1.728 | = Pounds/cubic foot | | Pounds/cubic inch | x 46,656 | = Pounds/cubic yard | | Pounds/hour | x 10.714 x 10⁻³ | = Tons/day, long | | Pounds/hour | x 12 x 10⁻³ | = Tons/day, short | | Pounds/hour | x 10.886 x 10⁻³ | = Tons/day, metric | | Pounds/hour | x 0.45359 | = Kilograms/hour | | Pounds/square foot | x 4.725 x 10⁻⁴ | = Atmospheres | | Pounds/square foot | x 0.01602 | = Feet of water | | Pounds/square foot | x 0.01414 | = Inches of mercury | | Pounds/square foot | x 4.8824 | = Kilograms/square meter | | Pounds/square foot | x 0.1111 | = Ounce/square inch | | Pounds/square foot | x 0.107638 | = Pound/square centimeter | | Pounds/square foot | x 6.944 x 10⁻³ | = Pounds/square inch | | Pounds/square foot | x 10.76387 | = Pound/square meter | | Pounds/square inch | x 0.068046 | = Atmospheres | | Pounds/square inch | x 2.307 | = Feet of water | | Pounds/square inch | x 27.7 | = Inch of water | | **Pounds/square inch** | **x 0.0703** | **= Kilogram/square centimeter** | | Pounds/square inch | x 0.0703 | = Volume/square centimeter | | Pounds/square inch | x 703.1 | = Kilogram/square meter | | Pounds/square inch | x 51.714 | = Millimeters of mercury | | Pounds/square inch | x 2.304 | = Ounces/square foot | | Pounds/square inch | x 144 | = Pound/square foot |  *(water gauge)* $\left(3.613 \times 10^{-2}\right)$ = **(PSI)**  <!-- PDF2MD-ASSETS:BEGIN page=198 -->  #### Unmatched Page Assets  > **Table - Conversion factor P \(concluded\) — unit conversion table from Pounds through Pounds/square inch** - see [XLSX](tables/Process-Piping-Design-Rip-Weaver-Volume-1_p0198_tbl01_conversion-factor-p-concluded.xlsx) and [source crop](tables/Process-Piping-Design-Rip-Weaver-Volume-1_p0198_tbl01_conversion-factor-p-concluded.png)  <!-- PDF2MD-ASSETS:END page=198 -->  ---  **Q**  | From | Multiply by | To get | | :--- | :---: | :--- | | Quadrant | x 0.25 | = Circumference | | Quadrant | x 90 | = Degrees | | Quadrant | x 5,400 | = Minutes | | Quadrant | x 1.571 | = Radians | | Quarts, USA, dry | x 0.03125 | = Bushel | | Quarts, USA, dry | x 1,101.2 | = Cubic centimeter | | Quarts, USA, dry | x 0.03889 | = Cubic foot | | Quarts, USA, dry | x 67.20 | = Cubic inches | | Quarts, USA, dry | x 1.1012 | = Liter | | Quarts, USA, dry | x 1.16365 | = Quart, USA, liquid | | Quarts, USA, liquid | x 946.331 | = Cubic centimeter | | Quarts, USA, liquid | x 0.03342 | = Cubic foot | | Quarts, USA, liquid | x 57.75 | = Cubic inches | | Quarts, USA, liquid | x 9.464 x 10⁻⁴ | = Cubic yard | | Quarts, USA, liquid | x 1.238 x 10⁻⁴ | = Cubic yard | | Quarts, USA, liquid | x 4 | = Cup | | Quarts, USA, liquid | x 256 | = Dram fluid | | Quarts, USA, liquid | x 0.25 | = Gallons | | Quarts, USA, liquid | x 0.946331 | = Liter | | Quarts, USA, liquid | x 5.9523 x 10⁻³ | = Oil, barrel | | Quarts, USA, liquid | x 32 | = Ounces | | Quarts, USA, liquid | x 2 | = Pint | | Quarts, USA, liquid | x 0.8594 | = Quart, USA, dry |  **R**  | From | Multiply by | To get | | :--- | :---: | :--- | | Radians | x 57.3 | = Degrees | | Radians | x 3,438 | = Minutes | | Radians | x 0.6366 | = Quadrants | | Radians | x 2.063 x 10⁵ | = Seconds | | Rod | x 0.165 | = Chain, engineer | | Rod | x 0.25 | = Chain, Gunters | | Rod | x 16.5 | = Foot | | Rod | x 0.025 | = Furlong | | Rod | x 198 | = Inch | | Rod | x 25 | = Link | | Rod | x 5.029 | = Meter | | Rod | x 5.5 | = Yard |  **S**  | From | Multiply by | To get | | :--- | :---: | :--- | | Seconds, angle | x 2.778 x 10⁻⁴ | = Degrees | | Seconds, angle | x 16.67 x 10⁻³ | = Minutes | | Seconds, time | x 2.777 x 10⁻⁴ | = Hour | | Seconds, time | x 0.1666 | = Minutes |  *Conversion factor S (continued on facing page)*  <!-- PDF2MD-ASSETS:BEGIN page=199 -->  #### Unmatched Page Assets  > **Table - Conversion factors — Q \(Quadrant, Quarts USA dry, Quarts USA liquid\)** - see [XLSX](tables/Process-Piping-Design-Rip-Weaver-Volume-1_p0199_tbl01_conversion-factors-q.xlsx) and [source crop](tables/Process-Piping-Design-Rip-Weaver-Volume-1_p0199_tbl01_conversion-factors-q.png)  > **Table - Conversion factors — R \(Radians, Rod\)** - see [XLSX](tables/Process-Piping-Design-Rip-Weaver-Volume-1_p0199_tbl02_conversion-factors-r.xlsx) and [source crop](tables/Process-Piping-Design-Rip-Weaver-Volume-1_p0199_tbl02_conversion-factors-r.png)  > **Table - Conversion factors — S \(Seconds angle, Seconds time\) — continued on facing page** - see [XLSX](tables/Process-Piping-Design-Rip-Weaver-Volume-1_p0199_tbl03_conversion-factors-s.xlsx) and [source crop](tables/Process-Piping-Design-Rip-Weaver-Volume-1_p0199_tbl03_conversion-factors-s.png)  <!-- PDF2MD-ASSETS:END page=199 -->  ---  Conversion factor S (continued)  Snow, cubic foot x 7.2 = Pounds, 32°F Snow, inch deep x 0.1 = Inch, water Square centimeter x 1.076 x 10⁻³ = Square foot Square centimeter x 0.155 = Square inch Square centimeter x 0.0001 = Square meter Square centimeter x 3.861 x 10⁻¹¹ = Square miles Square centimeter x 1.196 x 10⁻⁴ = Square yards Square centimeter x 1.296 x 10⁻³ = Square millimeters Square centimeter x 100 = Square millimeters Square feet, USA x 9.29 x 10⁻² = Are Square feet, USA x 929.034 = Square centimeters Square feet, USA x 144 = Square inches Square feet, USA x 0.0929 = Square meter Square feet, USA x 3.587 x 10⁻⁸ = Square miles Square feet, USA x 9.29 x 10⁻⁸ = Square millimeters Square feet, USA x 0.1111 = Square yards Square inches x 6.452 = Square centimeters Square inches x 6.944 x 10⁻³ = Square feet Square inches x 645.2 = Square millimeters Square inches x 7.716 x 10⁻⁴ = Square yard Square kilometer x 247.1 = Acre Square kilometer x 10.76 x 10⁶ = Hectare Square kilometer x 1.55 x 10⁹ = Square feet Square kilometer x 10⁶ = Square inches Square kilometer x 0.3861 = Square meters Square kilometer x 1.196 x 10⁶ = Square mile, USA Square kilometer x 2.471 x 10⁻⁴ = Square yards Square meters x 0.01 = Acre Square meters x 0.0001 = Are Square meters x 10,000 = Hectare Square meters x 10.764 = Square centimeters Square meters x 1,550 = Square feet Square meters x 3.861 x 10⁻⁷ = Square inches Square meters x 1.196 = Square miles Square miles x 640 = Square yards Square miles x 2.59 = Acre Square miles x 27.88 x 10⁶ = Hectare Square miles x 2.59 = Square feet Square miles x 2.59 x 10⁶ = Square kilometers Square miles x 3.098 x 10⁶ = Square meters Square millimeters x 0.01 = Square yards Square millimeters x 1.076 x 10⁻⁵ = Square centimeters Square millimeters x 1.55 x 10⁻³ = Square feet Square rods x 0.00625 = Square inches Square rods x 272.25 = Acre Square rods x 25.293 = Square feet                                                     = Square meter  *Conversion factor S (continued on following page)*  ---  Conversion factor S (concluded)  > **Table - Conversion factor S \(concluded\) — unit multipliers continued** - see [XLSX](tables/Process-Piping-Design-Rip-Weaver-Volume-1_p0201_tbl01_conversion-factor-s-concluded.xlsx) and [source crop](tables/Process-Piping-Design-Rip-Weaver-Volume-1_p0201_tbl01_conversion-factor-s-concluded.png)  | From | | Multiplier | | To | | :--- | | :--- | | :--- | | Square rods | | x 30.25 | | = Square yard | | Square vara | | x 7.716 | | = Square feet | | Square yard | | x 2.066 x 10⁻⁴ | | = Acres | | Square yard | | x 8361 | | = Square centimeter | | Square yard | | x 9 | | = Square feet | | Square yard | | x 1.296 | | = Square inches | | Square yard | | x 0.8361 | | = Square meters | | Square yard | | "
SEC-PPDRWV1-0220,Process-Piping-Design-Rip-Weaver-Volume-1,PPDRWV1,Appendix,1,Appendix,7812,7965,203,211,Process-Piping-Design-Rip-Weaver-Volume-1.html#SEC-PPDRWV1-0220,6f026e8c95bf,True,False,False,,,,Process-Piping-Design-Rip-Weaver-Volume-1_p0210_tbl01;Process-Piping-Design-Rip-Weaver-Volume-1_p0211_tbl01,"| Watts | x | 0.001 | = | Kilowatt | | Watt-hours | x | 3.41428 | = | Btu | | Watt-hours | x | 3.60 x 10¹⁰* | = | Ergs | | Watt-hours | x | 2.656 | = | Foot-pounds | | Watt-hours | x | 859.85 | = | Gram-calories | | Watt-hours | x | 1.341 x 10⁻³ | = | Horsepower-hours, USA | | Watt-hours | x | 1.3596 x 10⁻³ | = | Horsepower-hours, metric | | Watt-hours | x | 0.8605 | = | Kilogram-calories | | Watt-hours | x | 367.1 | = | Kilogram-meters | | Watt-hours | x | 0.001 | = | Kilowatt-hours |  <!-- PDF2MD-ASSETS:BEGIN page=202 -->  #### Unmatched Page Assets  > **Table - Conversion factor T \(concluded\)** - see [XLSX](tables/Process-Piping-Design-Rip-Weaver-Volume-1_p0202_tbl01_conversion-factor-t-concluded.xlsx) and [source crop](tables/Process-Piping-Design-Rip-Weaver-Volume-1_p0202_tbl01_conversion-factor-t-concluded.png)  > **Table - Conversion factor V** - see [XLSX](tables/Process-Piping-Design-Rip-Weaver-Volume-1_p0202_tbl02_conversion-factor-v.xlsx) and [source crop](tables/Process-Piping-Design-Rip-Weaver-Volume-1_p0202_tbl02_conversion-factor-v.png)  > **Table - Conversion factor W** - see [XLSX](tables/Process-Piping-Design-Rip-Weaver-Volume-1_p0202_tbl03_conversion-factor-w.xlsx) and [source crop](tables/Process-Piping-Design-Rip-Weaver-Volume-1_p0202_tbl03_conversion-factor-w.png)  <!-- PDF2MD-ASSETS:END page=202 -->  ---  ## Y  | Unit | Multiply by | Equals | | :--- | :---: | :--- | | Yard, USA | x 91.4402 | = Centimeter | | Yard, USA | x 3 | = Feet | | Yard, USA | x 36 | = Inch | | Yard, USA | x 9.144 x 10⁻⁴ | = Kilometer | | Yard, USA | x 0.9144 | = Meter | | Yard, USA | x 4.934 x 10⁻⁴ | = Mile, nautical, USA | | Yard, USA | x 5.682 x 10⁻⁴ | = Mile, statute, USA | | Yard, USA | x 914.402 | = Millimeters | | Yard, USA | x 0.1818 | = Rod | | Year | x 8,765 | = Hours | | Year | x 525,948 | = Minutes |  <!-- PDF2MD-ASSETS:BEGIN page=203 -->  #### Unmatched Page Assets  > **Table - Unit conversion table — Y \(Yard, Year\)** - see [XLSX](tables/Process-Piping-Design-Rip-Weaver-Volume-1_p0203_tbl01_unit-conversion-y.xlsx) and [source crop](tables/Process-Piping-Design-Rip-Weaver-Volume-1_p0203_tbl01_unit-conversion-y.png)  <!-- PDF2MD-ASSETS:END page=203 -->  ---  ## Appendix  > **Table - Table A-1 Conversion Table, Pounds per Square Inch to Kilograms per Square Centimeter** - see [XLSX](tables/Process-Piping-Design-Rip-Weaver-Volume-1_p0204_tbl01_table-a1-psi-to-kgcm2-conversion.xlsx) and [source crop](tables/Process-Piping-Design-Rip-Weaver-Volume-1_p0204_tbl01_table-a1-psi-to-kgcm2-conversion.png)  **Table A-1** Conversion Table, Pounds per Square Inch to Kilograms per Square Centimeter Based on 1 Inch = 25.4 Millimetres; 1 Pound = 0.45359243 Kilograms  | lb/<br>sq. in. | 0 | 1 | 2 | 3 | 4 | 5 | 6 | 7 | 8 | 9 | | :--- | ---: | ---: | ---: | ---: | ---: | ---: | ---: | ---: | ---: | ---: | | | kg/cm² | kg/cm² | kg/cm² | kg/cm² | kg/cm² | kg/cm² | kg/cm² | kg/cm² | kg/cm² | kg/cm² | | — | — | 0.07031 | 0.14061 | 0.21092 | 0.28123 | 0.35153 | 0.42184 | 0.49215 | 0.56246 | 0.63276 | | 10 | 0.70307 | 0.77338 | 0.84368 | 0.91399 | 0.98430 | 1.05460 | 1.12491 | 1.19522 | 1.26553 | 1.33583 | | 20 | 1.40641 | 1.47645 | 1.54675 | 1.61706 | 1.68737 | 1.75767 | 1.82798 | 1.89829 | 1.96860 | 2.03890 | | 30 | 2.10921 | 2.17955 | 2.24982 | 2.32013 | 2.39044 | 2.46074 | 2.53105 | 2.60136 | 2.67166 | 2.74197 | | 40 | 2.81228 | 2.88259 | 2.95289 | 3.02320 | 3.09351 | 3.16381 | 3.23412 | 3.30443 | 3.37473 | 3.44504 | | 50 | 3.51535 | 3.58566 | 3.65596 | 3.72627 | 3.79658 | 3.86688 | 3.93719 | 4.00750 | 4.07780 | 4.14811 | | 60 | 4.21842 | 4.28873 | 4.35903 | 4.42934 | 4.49965 | 4.56995 | 4.64026 | 4.71057 | 4.78087 | 4.85118 | | 70 | 4.92149 | 4.99179 | 5.0621 | 5.1324 | 5.2027 | 5.2730 | 5.3433 | 5.4136 | 5.4839 | 5.5543 | | 80 | 5.6246 | 5.6949 | 5.7652 | 5.8355 | 5.9058 | 5.9761 | 6.0464 | 6.1167 | 6.1870 | 6.2573 | | 90 | 6.3276 | 6.3979 | 6.4682 | 6.5385 | 6.6089 | 6.6792 | 6.7495 | 6.8198 | 6.8901 | 6.9604 | | 100 | 7.0307 | 7.1010 | 7.1713 | 7.2416 | 7.3119 | 7.3822 | 7.4525 | 7.5228 | 7.5932 | 7.6635 | | 10 | 7.7338 | 7.8041 | 7.8744 | 7.9418 | 8.0150 | 8.0853 | 8.1556 | 8.2259 | 8.2962 | 8.3665 | | 20 | 8.4368 | 8.5071 | 8.5775 | 8.6478 | 8.7181 | 8.7884 | 8.8587 | 8.9290 | 8.9993 | 9.0696 | | 30 | 9.1399 | 9.2102 | 9.2805 | 9.3508 | 9.4211 | 9.4914 | 9.5617 | 9.6321 | 9.7024 | 9.7727 | | 40 | 9.8430 | 9.9133 | 9.9836 | 10.0539 | 10.1242 | 10.1945 | 10.2648 | 10.3351 | 10.4054 | 10.4757 | | 50 | 10.5460 | 10.6164 | 10.6867 | 10.7570 | 10.8273 | 10.8976 | 10.9679 | 11.0382 | 11.1085 | 11.1788 | | 60 | 11.2491 | 11.3194 | 11.3897 | 11.4600 | 11.5303 | 11.6006 | 11.6710 | 11.7413 | 11.8116 | 11.8819 | | 70 | 11.9522 | 12.0225 | 12.0928 | 12.1631 | 12.2334 | 12.3037 | 12.3740 | 12.4443 | 12.5146 | 12.5849 | | 80 | 12.6553 | 12.7256 | 12.7959 | 12.8662 | 12.9365 | 13.0070 | 13.0771 | 13.1474 | 13.2177 | 13.2880 | | 90 | 13.3583 | 13.4286 | 13.4989 | 13.5692 | 13.6396 | 13.7099 | 13.7802 | 13.8505 | 13.9208 | 13.9911 | | 200 | 14.0614 | 14.1317 | 14.2020 | 14.2723 | 14.3426 | 14.4129 | 14.4832 | 14.5535 | 14.6238 | 14.6942 | | 10 | 14.7645 | 14.8348 | 14.9051 | 14.9754 | 15.0457 | 15.1160 | 15.1863 | 15.2566 | 15.3269 | 15.3972 | | 20 | 15.4675 | 15.5378 | 15.6081 | 15.6785 | 15.7488 | 15.8191 | 15.8894 | 15.9597 | 16.0300 | 16.1003 | | 30 | 16.1706 | 16.2409 | 16.3112 | 16.3815 | 16.4518 | 16.5221 | 16.5924 | 16.6628 | 16.7331 | 16.8034 | | 40 | 16.8737 | 16.9440 | 17.0143 | 17.0846 | 17.1549 | 17.2252 | 17.2955 | 17.3658 | 17.4361 | 17.5064 | | 50 | 17.5767 | 17.6470 | 17.7174 | 17.7877 | 17.8580 | 17.9283 | 17.9986 | 18.0689 | 18.1392 | 18.2095 | | 60 | 18.2798 | 18.3501 | 18.4204 | 18.4907 | 18.5610 | 18.6313 | 18.7017 | 18.7720 | 18.8423 | 18.9126 | | 70 | 18.9829 | 19.0532 | 19.1235 | 19.1938 | 19.2641 | 19.3344 | 19.4047 | 19.4750 | 19.5454 | 19.6157 | | 80 | 19.6860 | 19.7563 | 19.8266 | 19.8969 | 19.9672 | 20.0376 | 20.1078 | 20.1781 | 20.2484 | 20.3187 | | 90 | 20.3890 | 20.4593 | 20.5296 | 20.5999 | 20.6703 | 20.7406 | 20.8109 | 20.8812 | 20.9515 | 21.0218 | | 300 | 21.0921 | 21.1624 | 21.2327 | 21.3030 | 21.3733 | 21.4436 | 21.5139 | 21.5842 | 21.6545 | 21.7249 | | 10 | 21.7952 | 21.8655 | 21.9358 | 22.0061 | 22.0764 | 22.1467 | 22.2170 | 22.2873 | 22.3576 | 22.4279 | | 20 | 22.4982 | 22.5685 | 22.6388 | 22.7092 | 22.7795 | 22.8498 | 22.9201 | 22.9904 | 23.0607 | 23.1310 | | 30 | 23.2013 | 23.2716 | 23.3419 | 23.4122 | 23.4825 | 23.5529 | 23.6232 | 23.6935 | 23.7638 | 23.8341 | | 40 | 23.9044 | 23.9747 | 24.0450 | 24.1153 | 24.1856 | 24.2560 | 24.3263 | 24.3966 | 24.4669 | 24.5372 | | 50 | 24.6074 | 24.6777 | 24.7481 | 24.8184 | 24.8887 | 24.9590 | 25.0293 | 25.0996 | 25.1699 | 25.2402 |  **Table A-1** *(continued on following page)*  ---  ## Table A-1 (continued)  > **Table - Table A-1 \(continued\)** - see [XLSX](tables/Process-Piping-Design-Rip-Weaver-Volume-1_p0205_tbl01_table-a1-continued-psi-to-kgcm2.xlsx) and [source crop](tables/Process-Piping-Design-Rip-Weaver-Volume-1_p0205_tbl01_table-a1-continued-psi-to-kgcm2.png)  | lb./ | 0 | 1 | 2 | 3 | 4 | 5 | 6 | 7 | 8 | 9 | | :--- | :--- | :--- | :--- | :--- | :--- | :--- | :--- | :--- | :--- | :--- | | sq. in. | kg/cm² | kg/cm² | kg/cm² | kg/cm² | kg/cm² | kg/cm² | kg/cm² | kg/cm² | kg/cm² | kg/cm² | | 60 | 25.3105 | 25.3808 | 25.4511 | 25.5214 | 25.5917 | 25.6620 | 25.7324 | 25.8027 | 25.8730 | 25.9433 | | 70 | 26.0136 | 26.0839 | 26.1542 | 26.2245 | 26.2948 | 26.3651 | 26.4354 | 26.5057 | 26.5760 | 26.6463 | | 80 | 26.7166 | 26.7870 | 26.8573 | 26.9276 | 26.9979 | 27.0682 | 27.1385 | 27.2088 | 27.2791 | 27.3494 | | 90 | 27.4197 | 27.4900 | 27.5603 | 27.6306 | 27.7009 | 27.7713 | 27.8416 | 27.9119 | 27.9822 | 28.0525 | | 400 | 28.1228 | 28.1931 | 28.2634 | 28.3337 | 28.4040 | 28.4743 | 28.5446 | 28.6149 | 28.6852 | 28.7555 | | 10 | 28.8259 | 28.8962 | 28.9665 | 29.0368 | 29.1071 | 29.1774 | 29.2477 | 29.3180 | 29.3883 | 29.4586 | | 20 | 29.5289 | 29.5992 | 29.6695 | 29.7398 | 29.8102 | 29.8805"
SEC-PPDRWV1-0221,Process-Piping-Design-Rip-Weaver-Volume-1,PPDRWV1,Appendix,2,Appendix,7966,8114,203,213,Process-Piping-Design-Rip-Weaver-Volume-1.html#SEC-PPDRWV1-0221,2dfe86b01f16,True,False,False,,,,Process-Piping-Design-Rip-Weaver-Volume-1_p0212_tbl01;Process-Piping-Design-Rip-Weaver-Volume-1_p0213_tbl01,"**Table A-1 (concluded)**  > **Table - Table A-1 \(concluded\)** - see [XLSX](tables/Process-Piping-Design-Rip-Weaver-Volume-1_p0206_tbl01_table-a1-concluded-pressure-conversion.xlsx) and [source crop](tables/Process-Piping-Design-Rip-Weaver-Volume-1_p0206_tbl01_table-a1-concluded-pressure-conversion.png)  | lb./ sq. in. | 0 | 1 | 2 | 3 | 4 | 5 | 6 | 7 | 8 | 9 | | :--- | ---: | ---: | ---: | ---: | ---: | ---: | ---: | ---: | ---: | ---: | | | kg/cm² | kg/cm² | kg/cm² | kg/cm² | kg/cm² | kg/cm² | kg/cm² | kg/cm² | kg/cm² | kg/cm² | | 50 | 52.730 | 52.801 | 52.871 | 52.941 | 53.011 | 53.082 | 53.152 | 53.222 | 53.293 | 53.363 | | 60 | 53.433 | 53.504 | 53.574 | 53.644 | 53.715 | 53.785 | 53.855 | 53.925 | 53.996 | 54.066 | | 70 | 54.136 | 54.207 | 54.277 | 54.347 | 54.418 | 54.488 | 54.558 | 54.629 | 54.699 | 54.769 | | 80 | 54.839 | 54.910 | 54.980 | 55.050 | 55.121 | 55.191 | 55.261 | 55.332 | 55.402 | 55.472 | | 90 | 55.543 | 55.613 | 55.683 | 55.753 | 55.824 | 55.894 | 55.964 | 56.035 | 56.105 | 56.175 | | 800 | 56.246 | 56.316 | 56.386 | 56.456 | 56.527 | 56.597 | 56.667 | 56.738 | 56.808 | 56.878 | | 10 | 56.949 | 57.019 | 57.089 | 57.160 | 57.230 | 57.300 | 57.370 | 57.441 | 57.511 | 57.581 | | 20 | 57.651 | 57.722 | 57.792 | 57.863 | 57.933 | 58.003 | 58.074 | 58.144 | 58.214 | 58.284 | | 30 | 58.355 | 58.425 | 58.495 | 58.566 | 58.636 | 58.706 | 58.777 | 58.847 | 58.917 | 58.988 | | 40 | 59.058 | 59.128 | 59.198 | 59.269 | 59.339 | 59.409 | 59.480 | 59.550 | 59.620 | 59.691 | | 50 | 59.761 | 59.831 | 59.902 | 59.972 | 60.042 | 60.112 | 60.183 | 60.253 | 60.323 | 60.394 | | 60 | 60.464 | 60.534 | 60.605 | 60.675 | 60.745 | 60.816 | 60.886 | 60.956 | 61.026 | 61.097 | | 70 | 61.167 | 61.237 | 61.308 | 61.378 | 61.448 | 61.519 | 61.589 | 61.659 | 61.730 | 61.800 | | 80 | 61.870 | 61.940 | 62.011 | 62.081 | 62.151 | 62.222 | 62.292 | 62.362 | 62.433 | 62.503 | | 90 | 62.573 | 62.644 | 62.714 | 62.784 | 62.854 | 62.925 | 62.995 | 63.065 | 63.136 | 63.206 | | 900 | 63.276 | 63.347 | 63.417 | 63.487 | 63.557 | 63.628 | 63.698 | 63.768 | 63.839 | 63.909 | | 10 | 63.979 | 64.050 | 64.120 | 64.190 | 64.261 | 64.331 | 64.401 | 64.471 | 64.542 | 64.612 | | 20 | 64.682 | 64.753 | 64.823 | 64.893 | 64.964 | 65.034 | 65.104 | 65.175 | 65.245 | 65.315 | | 30 | 65.385 | 65.456 | 65.526 | 65.596 | 65.667 | 65.737 | 65.807 | 65.878 | 65.948 | 66.018 | | 40 | 66.089 | 66.159 | 66.229 | 66.299 | 66.370 | 66.440 | 66.510 | 66.581 | 66.651 | 66.721 | | 50 | 66.792 | 66.862 | 66.932 | 67.003 | 67.073 | 67.143 | 67.213 | 67.284 | 67.354 | 67.424 | | 60 | 67.495 | 67.565 | 67.635 | 67.706 | 67.776 | 67.846 | 67.917 | 67.987 | 68.057 | 68.127 | | 70 | 68.198 | 68.268 | 68.338 | 68.409 | 68.479 | 68.549 | 68.620 | 68.690 | 68.760 | 68.831 | | 80 | 68.901 | 68.971 | 69.041 | 69.112 | 69.182 | 69.252 | 69.323 | 69.393 | 69.463 | 69.534 | | 90 | 69.604 | 69.674 | 69.745 | 69.815 | 69.885 | 69.955 | 70.026 | 70.096 | 70.166 | 70.237 |  ---  > **Table - Table A-2 Circumference, Area and Volume of Circles and Cylinders — Courtesy of Chicago Bridge and Iron Co.** - see [XLSX](tables/Process-Piping-Design-Rip-Weaver-Volume-1_p0207_tbl01_table-a2-circumference-area-volume-circl.xlsx) and [source crop](tables/Process-Piping-Design-Rip-Weaver-Volume-1_p0207_tbl01_table-a2-circumference-area-volume-circl.png)  **Table A-2** **Circumference, Area and Volume of Circles and Cylinders** Courtesy of Chicago Bridge and Iron Co.  | Diam. in Feet | Circumference | | Area of Circle | | Volume of Cylinder Per Foot of Height | | | Diam. in Feet | |:---:|:---:|:---:|:---:|:---:|:---:|:---:|:---:|:---:| | | Feet | Meters | Sq. Feet | Sq. Meters | U.S. Gals. | Imperial Gals. | U.S. Bbl. (42 Gals.) | | | 1 | 3.14 | 0.9576 | 0.785 | .0730 | 5.9 | 4.9 | 0.140 | 1 | | 2 | 6.28 | 1.9131 | 3.142 | .2919 | 23.5 | 19.6 | 0.560 | 2 | | 3 | 9.42 | 2.8727 | 7.069 | .6567 | 52.9 | 44.0 | 1.259 | 3 | | 4 | 12.57 | 3.8322 | 12.566 | 1.1675 | 94.0 | 78.2 | 2.238 | 4 | | 5 | 15.71 | 4.7878 | 19.635 | 1.8241 | 146.9 | 122.3 | 3.497 | 5 | | 6 | 18.85 | 5.7434 | 28.274 | 2.6268 | 211.5 | 176.1 | 5.036 | 6 | | 7 | 21.99 | 6.6989 | 38.485 | 3.5755 | 287.9 | 239.7 | 6.85 | 7 | | 8 | 25.13 | 7.6545 | 50.265 | 4.6703 | 376.0 | 313.0 | 8.95 | 8 | | 9 | 28.27 | 8.6100 | 63.617 | 5.9105 | 476.0 | 396.4 | 11.33 | 9 | | 10 | 31.42 | 9.5756 | 78.540 | 7.2966 | 587.5 | 489.2 | 13.99 | 10 | | 11 | 34.56 | 10.531 | 95.033 | 8.8284 | 711.1 | 592.1 | 16.93 | 11 | | 12 | 37.70 | 11.4867 | 113.097 | 10.5071 | 846.0 | 704.5 | 20.13 | 12 | | 13 | 40.84 | 12.4422 | 132.732 | 12.3318 | 992.8 | 826.8 | 23.63 | 13 | | 14 | 43.98 | 13.4058 | 153.938 | 14.3013 | 1,151.5 | 958.9 | 27.42 | 14 | | 15 | 47.12 | 14.3634 | 176.714 | 16.4173 | 1,321.9 | 1,100.8 | 31.47 | 15 | | 16 | 50.27 | 15.3289 | 201.062 | 18.6761 | 1,504.0 | 1,252.4 | 35.81 | 16 | | 17 | 53.41 | 16.2785 | 226.980 | 21.0891 | 1,698.1 | 1,414.0 | 40.43 | 17 | | 18 | 56.55 | 17.2400 | 254.469 | 23.6477 | 1,903.6 | 1,585.1 | 45.32 | 18 | | 19 | 59.69 | 18.1956 | 283.529 | 26.3446 | 2,120.9 | 1,766.0 | 50.50 | 19 | | 20 | 62.83 | 19.1511 | 314.159 | 29.1863 | 2,350.0 | 1,957.2 | 55.95 | 20 | | 21 | 65.97 | 20.1067 | 346.361 | 32.1780 | 2,591.0 | 2,157.8 | 61.69 | 21 | | 22 | 69.11 | 21.0663 | 380.132 | 35.3148 | 2,843.7 | 2,368.2 | 67.71 | 22 | | 23 | 72.26 | 22.0218 | 415.476 | 38.5989 | 3,108.0 | 2,588.7 | 73.99 | 23 | | 24 | 75.40 | 22.9774 | 452.389 | 42.0268 | 3,384.1 | 2,817.9 | 80.57 | 24 | | 25 | 78.54 | 23.9389 | 490.874 | 45.6037 | 3,672.0 | 3,057.6 | 87.43 | 25 | | 26 | 81.68 | 24.8985 | 530.929 | 49.3323 | 3,971.6 | 3,307.1 | 94.56 | 26 | | 27 | 84.82 | 25.8541 | 572.555 | 53.1051 | 4,283.0 | 3,566.3 | 101.98 | 27 | | 28 | 87.96 | 26.8096 | 615.752 | 57.0346 | 4,606.4 | 3,835.7 | 109.68 | 28 | | 29 | 91.11 | 27.7692 | 660.520 | 61.3643 | 4,941.9 | 4,115.1 | 117.61 | 29 | | 30 | 94.25 | 28.7247 | 706.858 | 65.6609 | 5,289.4 | 4,404.9 | 125.94 | 30 | | 31 | 97.39 | 29.6883 | 754.768 | 70.1292 | 5,646.1 | 4,701.4 | 134.43 | 31 | | 32 | 100.53 | 30.6358 | 804.248 | 74.7370 | 6,016.1 | 5,009.0 | 143.24 | 32 | | 33 | 103.67 | 31.5914 | 855.299 | 79.4849 | 6,398.1 | 5,327.3 | 152.34 | 33 | | 34 | 106.81 | 32.5470 | 907.920 | 84.3407 | 6,791.6 | 5,655.3 | 161.71 | 34 | | 35 | 109.96 | 33.5145 | 962.112 | 89.3914 | 7,196.9 | 5,994.1 | 171.36 | 35 | | 36 | 113.10 | 34.4721 | 1,017.88 | 94.5638 | 7,614.2 | 6,341.2 | 181.29 | 36 | | 37 | 116.24 | 35.4296 | 1,075.21 | 99.8704 | 8,043.1 | 6,698.7 | 191.50 | 37 | | 38 | 119.38 | 36.3852 | 1,134.11 | 105.3627 | 8,483.8 | 7,065.3 | 201.99 | 38 | | 39 | 122.52 | 37.3447 | 1,194.59 | 110.9929 | 8,936.4 | 7,442.7 | 212.77 | 39 | | 40 | 125.66 | 38.3003 | 1,256.63 | 116.7615 | 9,400.8 | 7,827.5 | 223.82 | 40 | | 41 | 128.81 | 39.2558 | 1,320.25 | 122.6643 | 9,877.1 | 8,224.5 | 235.17 | 41 | | 42 | 131.95 | 40.2154 | 1,385.44 | 128.7130 | 10,365.3 | 8,629.7 | 246.79 | 42 | | 43 | 135.09 | 41.1709 | 1,452.20 | 134.8975 | 10,863.9 | 9,045.0 | 258.66 | 43 | | 44 | 138.23 | 42.1265 | 1,520.53 | 141.3189 | 11,377.4 | 9,472.1 | 270.89 | 44 | | 45 | 141.37 | 43.0901 | 1,590.43 | 147.7762 | 11,900.1 | 9,909.3 | 283.34 | 45 | | 46 | 144.51 | 44.0456 | 1,661.90 | 154.3695 | 12,436.6 | 10,355.7 | 296.11 | 46 | | 47 | 147.65 | 45.0012 | 1,734.94 | 161.1016 | 12,983.9 | 10,812.9 | 309.14 | 47 | | 48 | 150.80 | 45.9567 | 1,809.56 | 168.0776 | 13,543.0 | 11,279.7 | 322.45 | 48 | | 49 | 153.94 | 46.9163 | 1,885.74 | 175.1954 | 14,115.5 | 11,756.7 | 336.08 | 49 | | 50 | 157.08 | 47.8718 | 1,963.50 | 182.4611 | 14,695.5 | 12,235.7 | 349.89 | 50 | | 51 | 160.22 | 48.8334 | 2,042.82 | 189.7682 | 15,281.4 | 12,721.5 | 363.85 | 51 | | 52 | 163.36 | 49.7889 | 2,123.72 | 197.3012 | 15,882.5 | 13,225.8 | 378.15 | 52 | | 53 | 166.50 | 50.7365 | 2,206.18 | 204.9611 | 16,503.4 | 13,742.8 | 392.94 | 53 | | 54 | 169.65 | 51.7040 | 2,290.22 | 212.7568 | 17,134.5 | 14,268.0 | 407.97 | 54 | | 55 | 172.79 | 52.6596 | 2,375.83 | 220.6883 | 17,775.5 | 14,803.2 | 423.23 | 5"
SEC-PPDRWV1-0222,Process-Piping-Design-Rip-Weaver-Volume-1,PPDRWV1,Appendix,2,Appendix,8115,8272,203,216,Process-Piping-Design-Rip-Weaver-Volume-1.html#SEC-PPDRWV1-0222,8f4811635e93,True,False,False,,,,Process-Piping-Design-Rip-Weaver-Volume-1_p0214_tbl01;Process-Piping-Design-Rip-Weaver-Volume-1_p0215_tbl01;Process-Piping-Design-Rip-Weaver-Volume-1_p0216_tbl01;Process-Piping-Design-Rip-Weaver-Volume-1_p0216_tbl02,"| 93 | 292.17 | 89.0428 | 6,792.91 | 630.6499 | 50,817.3 | 42,344.7 | 1,210.41 | 93 | | 94 | 295.31 | 90.0303 | 6,939.78 | 644.7786 | 51,913.3 | 43,237.8 | 1,236.03 | 94 | | 95 | 298.45 | 90.9378 | 7,088.22 | 658.4748 | 53,030.7 | 44,168.9 | 1,262.64 | 95 | | 96 | 301.59 | 91.9253 | 7,238.23 | 672.4388 | 54,165.7 | 45,086.0 | 1,289.18 | 96 | | 97 | 304.73 | 92.9129 | 7,389.81 | 686.5849 | 55,258.4 | 46,014.5 | 1,315.67 | 97 | | 98 | 307.88 | 93.8303 | 7,542.96 | 700.7428 | 56,422.3 | 47,003.7 | 1,343.39 | 98 | | 99 | 311.02 | 94.7480 | 7,697.69 | 715.2569 | 57,593.8 | 47,979.4 | 1,371.28 | 99 | | 100 | 314.16 | 95.7354 | 7,853.98 | 729.6586 | 58,773.0 | 48,959.9 | 1,399.36 | 100 | | 101 | 317.30 | 96.7229 | 8,011.85 | 744.4301 | 59,985.5 | 49,989.4 | 1,428.23 | 101 | | 102 | 320.44 | 97.6705 | 8,171.28 | 759.1044 | 62,129.8 | 51,900.8 | 1,484.04 | 102 | | 103 | 323.58 | 98.7280 | 8,332.29 | 773.9729 | 62,321.9 | 51,920.6 | 1,483.38 | 103 | | 104 | 326.73 | 99.6155 | 8,494.87 | 789.0321 | 63,540.0 | 52,934.9 | 1,513.81 | 104 | | 105 | 329.87 | 100.6030 | 8,659.01 | 804.4001 | 64,768.4 | 53,967.9 | 1,542.58 | 105 | | 106 | 332.01 | 101.6606 | 8,824.73 | 819.3348 | 65,966.6 | 54,966.8 | 1,570.63 | 106 | | 107 | 336.15 | 102.4081 | 8,992.02 | 835.0060 | 67,231.5 | 56,020.1 | 1,600.75 | 107 | | 108 | 339.29 | 103.4957 | 9,160.88 | 851.0616 | 68,503.8 | 57,079.5 | 1,631.04 | 108 | | 109 | 342.43 | 104.4132 | 9,331.32 | 866.6191 | 69,787.1 | 58,148.0 | 1,661.60 | 109 | | 110 | 345.58 | 105.4007 | 9,503.32 | 882.8371 | 71,080.8 | 59,236.5 | 1,692.40 | 110 | | 111 | 348.72 | 106.3882 | 9,676.89 | 899.4128 | 72,385.8 | 60,323.8 | 1,723.47 | 111 | | 112 | 351.86 | 107.3158 | 9,852.03 | 915.3701 | 73,698.8 | 61,417.9 | 1,754.73 | 112 | | 113 | 355.00 | 108.3033 | 10,028.75 | 931.8025 | 74,990.9 | 62,494.4 | 1,785.50 | 113 | | 114 | 358.14 | 109.2908 | 10,207.03 | 948.2521 | 76,330.5 | 63,590.2 | 1,817.87 | 114 | | 115 | 361.28 | 110.2083 | 10,386.89 | 964.8801 | 77,677.2 | 64,713.9 | 1,849.93 | 115 | | 116 | 364.42 | 111.0757 | 10,568.32 | 981.8844 | 79,034.2 | 65,845.8 | 1,882.72 | 116 | | 117 | 367.57 | 112.0032 | 10,751.32 | 998.7757 | 80,404.4 | 66,986.7 | 1,914.39 | 117 | | 118 | 370.71 | 112.9908 | 10,935.88 | 1,015.8096 | 81,785.5 | 68,137.9 | 1,947.27 | 118 | | 119 | 373.85 | 113.9183 | 11,122.02 | 1,033.0001 | 83,181.7 | 69,310.6 | 1,980.52 | 119 | | 120 | 376.99 | 114.9059 | 11,309.73 | 1,050.3798 | 84,589.6 | 70,482.7 | 2,014.04 | 120 | | 121 | 380.13 | 115.9634 | 11,499.01 | 1,067.8181 | 85,994.1 | 71,652.8 | 2,047.48 | 121 | | 122 | 383.27 | 116.8209 | 11,689.87 | 1,085.5961 | 87,426.6 | 72,845.8 | 2,081.58 | 122 | | 123 | 386.42 | 117.7384 | 11,882.29 | 1,103.3329 | 88,866.4 | 74,044.1 | 2,115.87 | 123 | | 124 | 389.56 | 118.7260 | 12,076.28 | 1,121.5376 | 90,323.9 | 75,258.7 | 2,150.57 | 124 | | 125 | 392.70 | 119.6435 | 12,271.85 | 1,139.8521 | 91,792.6 | 76,472.8 | 2,185.54 | 125 | | 126 | 395.84 | 120.7011 | 12,468.98 | 1,158.3764 | 93,267.9 | 77,701.2 | 2,220.66 | 126 | | 127 | 398.98 | 121.5685 | 12,667.69 | 1,176.8621 | 94,752.3 | 78,938.6 | 2,255.76 | 127 | | 128 | 402.12 | 122.6261 | 12,867.96 | 1,195.7576 | 96,264.1 | 80,198.8 | 2,292.48 | 128 | | 129 | 405.27 | 123.5436 | 13,069.81 | 1,214.5561 | 97,783.5 | 81,464.8 | 2,328.18 | 129 | | 130 | 408.41 | 124.4611 | 13,273.23 | 1,233.2549 | 99,280.8 | 82,712.9 | 2,363.83 | 130 | | 131 | 411.55 | 125.4486 | 13,478.22 | 1,252.3276 | 100,834.4 | 84,004.1 | 2,400.82 | 131 | | 132 | 414.69 | 126.4362 | 13,684.78 | 1,271.1716 | 102,376.4 | 85,289.0 | 2,437.53 | 132 | | 133 | 417.83 | 127.3537 | 13,892.91 | 1,290.4053 | 103,935.5 | 86,588.8 | 2,474.66 | 133 | | 134 | 420.97 | 128.3412 | 14,102.61 | 1,309.8524 | 105,498.9 | 87,891.0 | 2,511.88 | 134 |  *Table A-2 (continued on following page)*  ---  > **Table - Table A-2 \(concluded\)** - see [XLSX](tables/Process-Piping-Design-Rip-Weaver-Volume-1_p0209_tbl01_table-a2-concluded-circumference-area-vo.xlsx) and [source crop](tables/Process-Piping-Design-Rip-Weaver-Volume-1_p0209_tbl01_table-a2-concluded-circumference-area-vo.png)  | Diam. in Feet | Circumference |  | Area of Circle |  | Volume of Cylinder Per Foot of Height |  |  | Diam. in Feet | | :--- | :--- | :--- | :--- | :--- | :--- | :--- | :--- | :--- | |  | Feet | Meters | Sq. Feet | Sq. Meters | U.S. Gals. | Imperial Gals. | U.S. Bbls. (42 Gals.) |  | | 136 | 427.30 | 130.2278 | 14,526.72 | 1,349.3769 | 108,667.4 | 90,483.8 | 2,587.32 | 136 | | 137 | 430.40 | 131.1814 | 14,741.16 | 1,369.2965 | 110,271.2 | 91,818.7 | 2,625.51 | 137 | | 138 | 433.54 | 132.1405 | 14,957.12 | 1,389.3695 | 111,887.0 | 93,163.5 | 2,663.98 | 138 | | 139 | 436.68 | 133.1006 | 15,174.67 | 1,409.7197 | 113,514.4 | 94,521.2 | 2,702.72 | 139 | | 140 | 439.82 | 134.0608 | 15,393.80 | 1,430.1080 | 115,153.8 | 95,887.0 | 2,741.75 | 140 | | 141 | 442.96 | 135.0159 | 15,614.50 | 1,450.6346 | 116,804.6 | 97,260.8 | 2,781.06 | 141 | | 142 | 446.11 | 135.9750 | 15,836.80 | 1,471.2930 | 118,463.4 | 98,642.5 | 2,820.57 | 142 | | 143 | 449.25 | 136.9352 | 16,060.67 | 1,492.0748 | 120,133.4 | 100,033.2 | 2,860.32 | 143 | | 144 | 452.39 | 137.8943 | 16,286.01 | 1,513.0024 | 121,827.5 | 101,441.6 | 2,900.66 | 144 | | 145 | 455.53 | 138.8545 | 16,512.94 | 1,534.1076 | 123,524.4 | 102,859.8 | 2,941.03 | 145 | | 146 | 458.67 | 139.8091 | 16,741.54 | 1,555.3500 | 125,235.4 | 104,281.0 | 2,981.80 | 146 | | 147 | 461.81 | 140.7693 | 16,971.72 | 1,576.7118 | 126,954.4 | 105,712.4 | 3,022.72 | 147 | | 148 | 464.96 | 141.7185 | 17,203.56 | 1,598.2146 | 128,690.1 | 107,157.0 | 3,064.05 | 148 | | 149 | 468.10 | 142.6786 | 17,436.97 | 1,619.8714 | 130,431.5 | 108,610.9 | 3,105.51 | 149 | | 150 | 471.24 | 143.6388 | 17,671.96 | 1,641.7332 | 132,191.7 | 110,073.2 | 3,147.42 | 150 | | 151 | 474.38 | 144.5979 | 17,908.53 | 1,663.6896 | 133,957.1 | 111,543.9 | 3,189.55 | 151 | | 152 | 477.52 | 145.5487 | 18,146.84 | 1,685.8036 | 135,740.3 | 113,028.3 | 3,231.95 | 152 | | 153 | 480.66 | 146.5089 | 18,386.72 | 1,708.0582 | 137,528.7 | 114,522.6 | 3,274.74 | 153 | | 154 | 483.81 | 147.4680 | 18,628.18 | 1,730.4764 | 139,328.3 | 116,029.7 | 3,317.82 | 154 | | 155 | 486.95 | 148.4214 | 18,869.19 | 1,753.0052 | 141,131.3 | 117,533.9 | 3,360.75 | 155 | | 156 | 490.09 | 149.3790 | 19,113.45 | 1,775.6928 | 142,967.6 | 119,055.6 | 3,404.00 | 156 | | 157 | 493.23 | 150.3392 | 19,358.67 | 1,798.5219 | 144,817.8 | 120,588.6 | 3,448.05 | 157 | | 158 | 496.37 | 151.2982 | 19,604.47 | 1,821.5087 | 146,673.3 | 122,124.9 | 3,492.22 | 158 | | 159 | 499.51 | 152.2518 | 19,853.65 | 1,844.6503 | 148,530.6 | 123,678.4 | 3,536.44 | 159 | | 160 | 502.65 | 153.2009 | 20,106.19 | 1,867.9384 | 150,422.5 | 125,244.9 | 3,581.48 | 160 | | 161 | 505.80 | 154.1697 | 20,358.30 | 1,891.5485 | 152,290.7 | 126,809.4 | 3,625.97 | 161 | | 162 | 508.94 | 155.1298 | 20,611.97 | 1,915.2695 | 154,184.5 | 128,383.8 | 3,671.06 | 162 | | 163 | 512.08 | 156.0810 | 20,867.24 | 1,939.2494 | 156,097.4 | 129,970.2 | 3,716.61 | 163 | | 164 | 515.22 | 157.0400 | 21,124.07 | 1,963.3290 | 158,022.0 | 131,564.5 | 3,762.43 | 164 | | 165 | 518.36 | 157.9970 | 21,382.47 | 1,987.5682 | 159,955.2 | 133,163.7 | 3,808.45 | 165 | | 166 | 521.50 | 158.9540 | 21,642.43 | 2,010.6477 | 161,836.6 | 134,808.9 | 3,854.68 | 166 | | 167 | 524.65 | 159.9122 | 21,903.96 | 2,034.9349 | 163,834.2 | 136,405.1 | 3,900.82 | 167 | | 168 | 527.79 | 160.8669 | 22,166.05 | 2,059.5024 | 165,821.1 | 138,060.3 | 3,948.12 | 168 | | 169 | 530.93 | 161.8270 | 22,430.71 | 2,084.1746 | 167,835.6 | 139,698.7 | 3,996.09 | 169 | | 170 | 534.07 | 162.7848 | 22,696.94 | 2,108.7138 | 169,792.8 | 141,363.3 | 4,042.69 | 170 | | 171 | 537.21 | 163.7449 | 22,965.75 | 2,133.6025 | 171,870.5 | 143,093.5 | 4,092.63 | 171 | | 172 | 540.35 | 164.6999 | 23,233.21 | 2,158.6225 | 173,811.3 | 144,729.3 | 4,138.36 | 172 | | 173 | 543.50 | 165.6512 | 23,508.69 | 2,183.9313 | 175,845.5 | 146,403.0 | 4,187.28 | 173 | | 174 | 546.64 | 166.6120 | 23,778.91 | 2,2"
SEC-PPDRWV1-0223,Process-Piping-Design-Rip-Weaver-Volume-1,PPDRWV1,Table A-9,2,Table A-9,8273,8333,216,217,Process-Piping-Design-Rip-Weaver-Volume-1.html#SEC-PPDRWV1-0223,fd797ddc6dd3,True,False,False,,,,Process-Piping-Design-Rip-Weaver-Volume-1_p0217_tbl01,"| 17 | 908 | 2,572 | 19,237 | 458 | 77 | 18,627 | 239,040 | 1,788,141 | 42,573 | | 18 | 1,018 | 3,054 | 22,843 | 544 | 78 | 19,113 | 248,475 | 1,858,721 | 44,255 | | 19 | 1,134 | 3,591 | 26,858 | 640 | 79 | 19,607 | 258,155 | 1,931,159 | 45,980 | | 20 | 1,257 | 4,189 | 31,333 | 746 | 80 | 20,106 | 268,083 | 2,005,396 | 47,748 | | 21 | 1,385 | 4,849 | 36,273 | 864 | 81 | 20,612 | 278,262 | 2,081,543 | 49,565 | | 22 | 1,521 | 5,575 | 41,706 | 993 | 82 | 21,124 | 288,696 | 2,159,594 | 51,419 | | 23 | 1,662 | 6,371 | 47,645 | 1,135 | 83 | 21,642 | 299,385 | 2,239,629 | 53,327 | | 24 | 1,810 | 7,238 | 54,146 | 1,289 | 84 | 22,167 | 310,339 | 2,321,494 | 55,274 | | 25 | 1,963 | 8,181 | 61,177 | 1,457 | 85 | 22,698 | 321,560 | 2,405,490 | 57,278 | | 26 | 2,124 | 9,203 | 68,832 | 1,639 | 86 | 23,235 | 333,038 | 2,491,299 | 59,317 | | 27 | 2,290 | 10,306 | 77,066 | 1,835 | 87 | 23,779 | 344,786 | 2,578,857 | 61,414 | | 28 | 2,463 | 11,494 | 85,981 | 2,047 | 88 | 24,328 | 356,808 | 2,669,184 | 63,551 | | 29 | 2,642 | 12,768 | 95,461 | 2,273 | 89 | 24,885 | 369,121 | 2,761,264 | 65,745 | | 30 | 2,827 | 14,137 | 105,726 | 2,517 | 90 | 25,447 | 381,703 | 2,855,033 | 67,983 | | 31 | 3,019 | 15,599 | 116,685 | 2,778 | 91 | 26,016 | 394,569 | 2,951,345 | 70,279 | | 32 | 3,217 | 17,157 | 128,315 | 3,056 | 92 | 26,590 | 407,720 | 3,049,999 | 72,618 | | 33 | 3,421 | 18,817 | 140,740 | 3,351 | 93 | 27,172 | 421,161 | 3,150,946 | 75,022 | | 34 | 3,632 | 20,580 | 153,946 | 3,665 | 94 | 27,759 | 434,893 | 3,253,235 | 77,459 | | 35 | 3,848 | 22,449 | 167,918 | 3,998 | 95 | 28,353 | 448,921 | 3,358,065 | 79,954 | | 36 | 4,072 | 24,429 | 182,742 | 4,351 | 96 | 28,953 | 463,247 | 3,465,327 | 82,508 | | 37 | 4,301 | 26,522 | 198,360 | 4,723 | 97 | 29,559 | 477,874 | 3,574,710 | 85,115 | | 38 | 4,536 | 28,731 | 214,922 | 5,117 | 98 | 30,172 | 492,807 | 3,686,453 | 87,773 | | 39 | 4,778 | 31,059 | 232,367 | 5,533 | 99 | 30,791 | 508,049 | 3,800,494 | 90,479 | | 40 | 5,027 | 33,510 | 250,663 | 5,968 | 100 | 31,416 | 523,599 | 3,916,702 | 93,257 | | 41 | 5,281 | 36,087 | 269,931 | 6,427 | 101 | 32,047 | 539,955 | 4,035,620 | 96,090 | | 42 | 5,542 | 38,792 | 290,107 | 6,909 | 102 | 32,685 | 555,647 | 4,156,531 | 98,965 | | 43 | 5,808 | 41,626 | 311,352 | 7,413 | 103 | 33,329 | 572,175 | 4,279,295 | 101,890 | | 44 | 6,082 | 44,602 | 333,654 | 7,944 | 104 | 33,979 | 588,943 | 4,404,012 | 104,877 | | 45 | 6,362 | 47,712 | 356,960 | 8,499 | 105 | 34,636 | 606,132 | 4,530,896 | 107,904 | | 46 | 6,648 | 50,965 | 381,245 | 9,077 | 106 | 35,299 | 623,615 | 4,659,613 | 110,971 | | 47 | 6,940 | 54,359 | 406,564 | 9,682 | 107 | 35,969 | 641,405 | 4,790,288 | 114,087 | | 48 | 7,238 | 57,906 | 433,021 | 10,310 | 108 | 36,644 | 659,504 | 4,922,973 | 117,251 | | 49 | 7,543 | 61,600 | 460,669 | 10,969 | 109 | 37,327 | 677,914 | 5,057,718 | 120,469 | | 50 | 7,854 | 65,450 | 489,599 | 11,657 | 110 | 38,013 | 696,910 | 5,213,250 | 124,125 | | 51 | 8,171 | 69,456 | 519,617 | 12,372 | 111 | 38,707 | 716,087 | 5,354,366 | 127,483 | | 52 | 8,495 | 73,622 | 550,732 | 13,113 | 112 | 39,408 | 735,669 | 5,502,811 | 131,019 | | 53 | 8,825 | 77,952 | 583,143 | 13,885 | 113 | 40,115 | 755,555 | 5,649,988 | 134,533 | | 54 | 9,161 | 82,448 | 616,714 | 14,685 | 114 | 40,828 | 775,750 | 5,800,044 | 138,097 | | 55 | 9,503 | 87,114 | 651,552 | 15,513 | 115 | 41,548 | 796,258 | 5,952,834 | 141,711 | | 56 | 9,852 | 91,952 | 687,831 | 16,377 | 116 | 42,273 | 817,281 | 6,113,785 | 145,569 | | 57 | 10,207 | 96,967 | 725,308 | 17,270 | 117 | 43,008 | 838,219 | 6,265,660 | 149,205 | | 58 | 10,568 | 102,160 | 764,213 | 18,196 | 118 | 43,744 | 860,290 | 6,433,415 | 153,224 | | 59 | 10,936 | 107,536 | 804,521 | 19,155 | 119 | 44,485 | 882,481 | 6,600,094 | 157,153 | | 60 | 11,310 | 113,097 | 846,021 | 20,143 | 120 | 45,239 | 904,779 | 6,766,217 | 161,148 |  Foot Notes: ""Surface of Sphere in Square Feet"" and ""Volume of Sphere—Cubic Feet"" calculated in both U.S. Customary and S.I. (Le Système International) units (Gallons and Cubic Meters equivalents).  Volume of sphere = π/6 × d³ = 0.5236 × d³  Volume of sphere = 0.09325527 U.S. Barrels of 42 U.S. Gallons  Surface area of sphere = πd² = 3.141593 d² Square Feet  *Volume of Sphere—U.S. Gals.:* multiply Cu. Ft. × 7.48052 for U.S. Gallons  *(Can.-D) b/: .000523001 where d is diameter of sphere and b is in depth of liquid bath in inches.*  ---  > **Table - Table A-4 Decimal Equivalents in Inches, Feet and Millimeters** - see [XLSX](tables/Process-Piping-Design-Rip-Weaver-Volume-1_p0211_tbl01_decimal-equivalents-inches-feet-millimet.xlsx) and [source crop](tables/Process-Piping-Design-Rip-Weaver-Volume-1_p0211_tbl01_decimal-equivalents-inches-feet-millimet.png)"
SEC-PPDRWV1-0224,Process-Piping-Design-Rip-Weaver-Volume-1,PPDRWV1,Index,1,Index,8334,8564,216,216,Process-Piping-Design-Rip-Weaver-Volume-1.html#SEC-PPDRWV1-0224,0f5e746b2897,False,False,True,,,,,"**Table A-4** **Decimal Equivalents in Inches, Feet and Millimeters**  | In. Equiv. for Decimal of In. | Decimals | Millimeters Equiv. for Decimal of In. | In. Equiv. for Decimal of Ft. | | :--- | :--- | :--- | :--- | | ¹⁄₆₄ | .0156 | 0.397 | ¹⁄₁₆ | | ¹⁄₃₂ | .0313 | 0.794 | ⅛ | | ³⁄₆₄ | .0469 | 1.191 | ³⁄₁₆ | | ¹⁄₁₆ | .0625 | 1.588 | ¼ | | ⁵⁄₆₄ | .0781 | 1.984 | ⁵⁄₁₆ | | ³⁄₃₂ | .0938 | 2.381 | ⅜ | | ⁷⁄₆₄ | .1094 | 2.778 | ⁷⁄₁₆ | | ⅛ | .1250 | 3.175 | ½ | | ⁹⁄₆₄ | .1406 | 3.572 | ⁹⁄₁₆ | | ⁵⁄₃₂ | .1563 | 3.969 | ⅝ | | ¹¹⁄₆₄ | .1719 | 4.366 | ¹¹⁄₁₆ | | ³⁄₁₆ | .1875 | 4.763 | ¾ | | ¹³⁄₆₄ | .2031 | 5.159 | ¹³⁄₁₆ | | ⁷⁄₃₂ | .2188 | 5.556 | ⅞ | | ¹⁵⁄₆₄ | .2344 | 5.953 | ¹⁵⁄₁₆ | | ¼ | .2500 | 6.350 | 1 | | ¹⁷⁄₆₄ | .2656 | 6.747 | 1¹⁄₁₆ | | ⁹⁄₃₂ | .2813 | 7.144 | 1⅛ | | ¹⁹⁄₆₄ | .2969 | 7.541 | 1³⁄₁₆ | | ⁵⁄₁₆ | .3125 | 7.938 | 1¼ | | ²¹⁄₆₄ | .3281 | 8.334 | 1⁵⁄₁₆ | | ¹¹⁄₃₂ | .3438 | 8.731 | 1⅜ | | ²³⁄₆₄ | .3594 | 9.128 | 1⁷⁄₁₆ | | ³⁄₈ | .3750 | 9.525 | 1½ | | ²⁵⁄₆₄ | .3906 | 9.922 | 1⁹⁄₁₆ | | ¹³⁄₃₂ | .4063 | 10.319 | 1⅝ | | ²⁷⁄₆₄ | .4219 | 10.716 | 1¹¹⁄₁₆ | | ⁷⁄₁₆ | .4375 | 11.113 | 1¾ | | ²⁹⁄₆₄ | .4531 | 11.509 | 1¹³⁄₁₆ | | ¹⁵⁄₃₂ | .4688 | 11.906 | 1⅞ | | ³¹⁄₆₄ | .4844 | 12.303 | 1¹⁵⁄₁₆ | | ½ | .5000 | 12.700 | 2 | | ³³⁄₆₄ | .5156 | 13.097 | 2¹⁄₁₆ | | ¹⁷⁄₃₂ | .5313 | 13.494 | 2⅛ | | ³⁵⁄₆₄ | .5469 | 13.891 | 2³⁄₁₆ | | ⁹⁄₁₆ | .5625 | 14.288 | 2¼ | | ³⁷⁄₆₄ | .5781 | 14.684 | 2⁵⁄₁₆ | | ¹⁹⁄₃₂ | .5938 | 15.081 | 2⅜ | | ³⁹⁄₆₄ | .6094 | 15.478 | 2⁷⁄₁₆ | | ⅝ | .6250 | 15.875 | 2½ | | ⁴¹⁄₆₄ | .6406 | 16.272 | 2⁹⁄₁₆ | | ²¹⁄₃₂ | .6563 | 16.669 | 2⅝ | | ⁴³⁄₆₄ | .6719 | 17.066 | 2¹¹⁄₁₆ | | ¹¹⁄₁₆ | .6875 | 17.463 | 2¾ | | ⁴⁵⁄₆₄ | .7031 | 17.859 | 2¹³⁄₁₆ | | ²³⁄₃₂ | .7188 | 18.256 | 2⅞ | | ⁴⁷⁄₆₄ | .7344 | 18.653 | 2¹⁵⁄₁₆ | | ¾ | .7500 | 19.050 | 3 | | ⁴⁹⁄₆₄ | .7656 | 19.447 | 3¹⁄₁₆ | | ²⁵⁄₃₂ | .7813 | 19.844 | 3⅛ | | ⁵¹⁄₆₄ | .7969 | 20.241 | 3³⁄₁₆ | | ¹³⁄₁₆ | .8125 | 20.638 | 3¼ | | ⁵³⁄₆₄ | .8281 | 21.034 | 3⁵⁄₁₆ | | ²⁷⁄₃₂ | .8438 | 21.431 | 3⅜ | | ⁵⁵⁄₆₄ | .8594 | 21.828 | 3⁷⁄₁₆ | | ⁷⁄₈ | .8750 | 22.225 | 3½ | | ⁵⁷⁄₆₄ | .8906 | 22.622 | 3⁹⁄₁₆ | | ²⁹⁄₃₂ | .9063 | 23.019 | 3⅝ | | ⁵⁹⁄₆₄ | .9219 | 23.416 | 3¹¹⁄₁₆ | | ¹⁵⁄₁₆ | .9375 | 23.813 | 3¾ | | ⁶¹⁄₆₄ | .9531 | 24.209 | 3¹³⁄₁₆ | | ³¹⁄₃₂ | .9688 | 25.006 | 3⅞ | | ⁶³⁄₆₄ | .9844 | 25.003 | 3¹⁵⁄₁₆ | | 1 | 1.0000 | 25.400 | 4 |  ---  ## Appendix  > **Table - Table A-5 Temperature Conversion Chart, Centigrade-Fahrenheit** - see [source crop](tables/Process-Piping-Design-Rip-Weaver-Volume-1_p0212_tbl01_table-a5-temperature-conversion-centigra.png) and needs_extraction  **Table A-5** **Temperature Conversion Chart, Centigrade-Fahrenheit**  NOTE: The numbers in boldface refer to the temperature in degrees, either Centigrade or Fahrenheit, which it is desired to convert into the other scale. If converting from Fahrenheit to Centigrade degrees, the equivalent temperature will be found in the left column; while if converting from degrees Centigrade to degrees Fahrenheit, the answer will be found in the column on the right.  | Centigrade | Fahrenheit | Centigrade | Fahrenheit | Centigrade | Fahrenheit | Centigrade | Fahrenheit | Centigrade | Fahrenheit | | ---: | :--- | ---: | :--- | ---: | :--- | ---: | :--- | ---: | :--- | | -221.3 | -370 | -29.0 | **-20** | 36 | 96.8 | 92.8 | 99 | 101.8 | 215 | 550 | 1022 | | -215.0 | -355 | -28.9 | **-20** | 38 | 100.4 | 33.3 | 92 | 197.6 | 293 | 560 | 1040 | | -209.5 | -345 | -23.3 | **-10** | 1 | 33.8 | 34 | 93.2 | 198.4 | 294 | 566 | 1050 | | -211.0 | -355 | 62.2 | **-80** | 112.0 | 3.9 | 29 | 102.2 | 34.4 | 94 | 201.2 | 304 | 568 | 1075 | | -206.8 | -340 | -17.8 | **0** | 37.6 | 3.9 | 39 | 104.0 | 35.0 | 95 | 203.0 | 110 | 569 | 1000 | | -200.5 | -345 | 56.7 | **-70** | 98.9 | 5.0 | 41 | 105.8 | 35.6 | 96 | 204.8 | 321 | 610 | 1130 | | -195.6 | -320 | -15.6 | **4** | 39.2 | 5.6 | 42 | 107.6 | 36.1 | 97 | 206.6 | 327 | 616 | 1140 | | -203.9 | -333 | -13.1 | **-40** | 40.0 |  |  |  | 36.7 | 98 |  |  |  |  | |  |  |  |  | 6.1 | **43** | 109.4 | 37.2 | 99 | 212.0 | 332 | 630 | 1166 | | -168.3 | -290 | -56.5 | -50 | 6.7 | **44** | 111.2 | 37.8 | 100 | 212.0 | 338 | 638 | 1184 | | -150.1 | -345 | -13.9 | **-50** | 8.0 | 7.2 | 45 | 113.0 | 43.3 | 110 | 230.0 | 343 | 649 | 1188 | | -148.8 | -380 | -12.8 | **9** | 42.8 | 7.8 | 46 | 114.8 | 48.9 | 120 | 248.0 |  |  |  | | -145 | -315 |  |  |  | 8.3 | 47 | 116.6 | 54.4 | 130 | 266.0 |  |  |  | | -129 | -300 |  |  |  | 8.9 | 48 | 118.4 | 60.0 | 140 | 284.0 | 366 | 690 | 1274 | | -107.2 | -385 |  |  |  | 9.4 | 49 | 120.2 | 65.6 | 150 | 302.0 | 371 | 699 | 1274 | | -100.8 | -350 |  |  |  | 10.0 | 50 | 122.0 |  |  |  |  |  |  | | -73 | -299 | -23.1 | -1.5 | 11 | 1.2 | 51 | 122.5 | 77 | 159 | 434 | 190 | 398 | 177 | | -62.1 | -280 | -21.1 | **-10** | 13.1 | 11.1 | 52 | 125.6 | 82.2 | 160 | 320 | 193 | 408 | 186 | | -73.1 | -263 | 23.1 | -40 | 11.0 | 11.7 | 53 | 127.4 | 88 | 190 | 374 | 388 | 130 | 1349 | | -56.7 | -270 | -18.1 | **3** | 37.4 | 12.2 | 54 | 129.2 | 93.3 | 200 | 392 | 393 | 139 | 1366 | | -53.9 | -275 |  |  |  | 12.8 | 55 | 131.0 | 98.9 | 210 | 410 | 399 | 150 | 1382 | | -51.0 | -154 | 454 | 17.8 | **0** | 32 | 13.3 | 56 | 132.8 | 99 | 212 | 411 | 404 | 160 | 1382 | | -48.1 | -265 | 330 | -1.1 | **39** | 30.2 | 13.9 | 57 | 134.6 | 104.4 | 220 | 428 |  |  |  | | -46.2 | -264 | 430 | 16.1 | 1 | 37.4 | 14.4 | 58 | 136.4 | 110 | 230 | 446 | 410 | 170 | 1436 | | -45.3 | -333 |  | 16.7 | 2 | 35.6 | 15.0 | 59 | 138.2 | 116 | 240 | 464 |  |  |  | | -43.0 | -210 | 398 | 6.1 | **21** | 69.8 | 24.4 | 60 | 140.0 | 121 | 250 | 482 | 421 | 790 | 1454 | | -40.0 | -210 | 800 | 6.7 | **20** | 68.0 | 21.1 | 70 | 158.0 | 127 | 260 | 500 | 427 | 800 | 1472 | | -39.9 | -100 | 371 | 7.2 | **22** | 71.6 | 6.5 | 5 | 159.8 | 132 | 270 | 518 | 432 | 810 | 1490 | | -38.9 | -380 | 380 | 7.8 | **23** | 73.4 | 32 | 72 | 161.6 | 138 | 280 | 536 |  |  |  | | -34.4 | -390 | 390 | 8.3 | **24** | 75.2 | 32.8 | 73 | 163.4 | 143 | 290 | 554 | 438 | 820 | 1508 | | -32.1 | -228 | 364 | 8.9 | **25** | 77.0 | 33.3 | 74 | 165.2 | 149 | 300 | 572 | 443 | 830 | 1526 | | -31.7 | -225 | 364 | 9.4 | **26** | 78.8 | 33.8 | 75 | 167.0 | 154 | 309 | 580 | 449 | 840 | 1544 | | -30.0 | -220 | 364 | 10.0 | **27** | 80.6 | 34.4 | 76 | 168.8 | 160 | 320 | 608 | 454 | 850 | 1562 | | -23.5 | -300 | 345 | 11 | 11 | 51.8 | 35.0 | 77 | 170.6 | 166 | 330 | 626 | 460 | 860 | 1580 | |  |  |  |  |  |  | 35.6 | 78 | 172.4 |  |  |  |  |  |  | | -29.4 | -385 |  | 12.2 | 54 | 129.2 | 36.1 | 79 | 174.2 | 171 | 340 | 644 | 466 | 870 | 1598 | | -29.3 | -200 | 328 | 12.8 | 55 | 131.0 | 36.7 | 80 | 176.0 | 177 | 350 | 662 | 471 | 880 | 1616 | | -17.8 | -200 | 328 | 9.4 | 49 | 120.2 | 37.2 | 81 | 177.8 | 182 | 360 | 680 | 477 | 890 | 1634 | | -20.0 | -200 | 328 | 10.0 | 50 | 122.0 | 37.8 | 82 | 179.6 | 188 | 370 | 698 | 482 | 900 | 1652 | | -14.7 | -173 | 329 | 10.6 | 51 | 123.8 | 38.3 | 83 | 181.4 | 193 | 380 | 716 | 488 | 910 | 1670 | | -14.4 | -170 | 274 | 11.1 | 52 | 125.6 | 38.9 | 84 | 183.2 | 199 | 390 | 734 | 493 | 920 | 1688 | | -112.2 | -470 | 274 | 6.1 | 21 | 69.8 | 24.5 | 80 | 184.9 | 204 | 400 | 752 | 499 | 930 | 1706 | | -109.5 | -165 | 271 | 6.7 | 20 | 68.0 | 40.0 | 86 | 186.8 | 210 | 410 | 770 | 504 | 940 | 1724 | | -106.7 | -160 | 271 | 7.2 | 22 | 71.6 | 40.6 | 87 | 188.6 | 216 | 420 | 788 | 510 | 950 | 1742 | | -104.0 | -155 | 271 | 7.8 | 23 | 73.4 | 41.1 | 88 | 190.4 | 221 | 430 | 806 | 516 | 960 | 1760 | | -101.2 | -150 | 60.0 | 8.3 | 24 | 75.2 | 41.7 | 89 | 192.2 | 227 | 440 | 824 | 521 | 970 | 1778 | | -98.4 | -145 | 283 | 8.9 | 25 | 77.0 | 42.2 | 90 | 194.0 | 232 | 450 | 842 | 527 | 980 | 1796 | | -95.5 | -140 | 283 | 9.4 | 26 | 78.8 | 42.8 | 91 | 195.8 | 238 | 460 | 860 | 532 | 990 | 1814 | | -92.8 | -135 | 231 | 2.8 | 37 | 98.6 |  |  |  | 243 | 470 | 878 | 538 | 1000 | 1832 | | -92.8 | -480 | 68 | 18 | 36 | 96.8 | 80 | 176.0 | 254 | 490 | 914 | 621 | 1150 | 2102 | | -90.0 | -130 | 197 | 10 | 50 | 122.0 | 93 | 199.4 | 254 | 490 | 914 | 627 | 1160 | 2120 | | -87.2 | -125 | 181 | 11 | 52 | 125.6 | 1"
SEC-PPDRWV1-0225,Process-Piping-Design-Rip-Weaver-Volume-1,PPDRWV1,Process Piping Design Volume 1,1,Process Piping Design Volume 1,8565,8578,216,216,Process-Piping-Design-Rip-Weaver-Volume-1.html#SEC-PPDRWV1-0225,5753212dc1dd,True,False,False,,,,,| In. of Mercury (0°C) | Lbs. per Sq. In. | In. of Water (4°C) | | :---: | :---: | :---: | | 1. | .49115 | 13.5955 | | 1.5 | .737 | 20.393 | | 2. | .982 | 27.191 | | 2.5 | 1.228 | 33.989 | | 3. | 1.473 | 40.786 | | 3.5 | 1.719 | 47.584 | | 4. | 1.965 | 54.382 | | 4.5 | 2.210 | 61.180 | | 5. | 2.456 | 67.977 | | 5.5 | 2.981 | 74.775 | | 6. | 2.947 | 81.573 |
SEC-PPDRWV1-0226,Process-Piping-Design-Rip-Weaver-Volume-1,PPDRWV1,About the Author,2,About the Author,8579,8582,216,216,Process-Piping-Design-Rip-Weaver-Volume-1.html#SEC-PPDRWV1-0226,4e3a0e3efe8a,True,False,False,,,,,| 6.5 | 3.193 | 88.371 | | 7. | 3.438 | 95.168 | | 7.5 | 3.684 | 101.966 | | 8. | 3.929 | 108.764 |
SEC-PPDRWV1-0227,Process-Piping-Design-Rip-Weaver-Volume-1,PPDRWV1,Piping Videos Are Also Available From Gulf Publishing Company—,2,Piping Videos Are Also Available From Gulf Publishing Company—,8583,8584,216,216,Process-Piping-Design-Rip-Weaver-Volume-1.html#SEC-PPDRWV1-0227,57a8ab32ffd7,True,False,False,,,,,| 8.5 | 4.175 | 115.562 | | 9. | 4.420 | 122.359 |
SEC-PPDRWV1-0228,Process-Piping-Design-Rip-Weaver-Volume-1,PPDRWV1,Piping Fundamentals,3,Piping Fundamentals,8585,8588,216,216,Process-Piping-Design-Rip-Weaver-Volume-1.html#SEC-PPDRWV1-0228,ff88636b0b61,True,False,False,,,,,| 9.5 | 4.666 | 129.157 | | 10. | 4.912 | 135.955 | | 10.5 | 5.157 | 142.753 | | 11. | 5.403 | 149.550 |
SEC-PPDRWV1-0229,Process-Piping-Design-Rip-Weaver-Volume-1,PPDRWV1,Piping Familiarization,3,Piping Familiarization,8589,8592,216,216,Process-Piping-Design-Rip-Weaver-Volume-1.html#SEC-PPDRWV1-0229,bc2195867638,True,False,False,,,,,| 11.5 | 5.648 | 156.348 | | 12. | 5.894 | 163.146 | | 12.5 | 6.139 | 169.944 | | 13. | 6.385 | 176.741 |
SEC-PPDRWV1-0230,Process-Piping-Design-Rip-Weaver-Volume-1,PPDRWV1,Piping Pointers,3,Piping Pointers,8593,8636,216,220,Process-Piping-Design-Rip-Weaver-Volume-1.html#SEC-PPDRWV1-0230,c470f77f8789,True,False,False,,,,Process-Piping-Design-Rip-Weaver-Volume-1_p0220_img01;Process-Piping-Design-Rip-Weaver-Volume-1_p0220_img02,| 13.5 | 6.631 | 183.539 | | 14. | 6.876 | 190.337 | | 14.5 | 7.122 | 197.134 | | 15. | 7.368 | 203.932 | | 15.5 | 7.613 | 210.730 | | 16. | 7.858 | 217.528 | | 16.5 | 8.104 | 224.325 | | 17. | 8.350 | 231.123 | | 17.5 | 8.595 | 237.921 | | 18. | 8.841 | 244.719 | | 18.5 | 9.086 | 251.516 | | 19. | 9.332 | 258.314 | | 19.5 | 9.578 | 265.112 | | 20. | 9.823 | 271.910 | | 20.5 | 10.069 | 278.707 | | 21. | 10.314 | 285.505 | | 21.5 | 10.560 | 292.303 | | 22. | 10.806 | 299.101 | | 22.5 | 11.051 | 305.898 | | 23. | 11.297 | 312.696 | | 23.5 | 11.542 | 319.494 | | 24. | 11.788 | 326.292 | | 24.5 | 12.033 | 333.089 | | 25. | 12.279 | 339.887 | | 25.5 | 12.525 | 346.685 | | 26. | 12.770 | 353.482 | | 26.5 | 13.016 | 360.280 | | 27. | 13.261 | 367.078 | | 27.5 | 13.507 | 373.876 | | 28. | 13.753 | 380.673 | | 28.5 | 13.998 | 387.471 | | 29. | 14.244 | 394.269 | | 29.5 | 14.489 | 401.067 | | 30. | 14.735 | 407.864 |  *Source: Chicago Bridge and Iron Company*  ---  > **Table - Table A-8 Inches to Millimeters and Feet to Meters** - see [XLSX](tables/Process-Piping-Design-Rip-Weaver-Volume-1_p0215_tbl01_table-a8-inches-to-millimeters-feet-to-m.xlsx) and [source crop](tables/Process-Piping-Design-Rip-Weaver-Volume-1_p0215_tbl01_table-a8-inches-to-millimeters-feet-to-m.png)  **Table A-8** **Inches to Millimeters and Feet to Meters**
