nodes 1007
0.0 0.0 0.0
3.0 0.0 0.0
6.0 0.0 0.0
9.0 0.0 0.0
12.0 0.0 0.0
15.0 0.0 0.0
18.0 0.0 0.0
21.0 0.0 0.0
24.0 0.0 0.0
27.0 0.0 0.0
30.0 0.0 0.0
33.0 0.0 0.0
36.0 0.0 0.0
39.0 0.0 0.0
42.0 0.0 0.0
45.0 0.0 0.0
48.0 0.0 0.0
51.0 0.0 0.0
54.0 0.0 0.0
57.0 0.0 0.0
60.0 0.0 0.0
63.0 0.0 0.0
66.0 0.0 0.0
69.0 0.0 0.0
72.0 0.0 0.0
75.0 0.0 0.0
78.0 0.0 0.0
81.0 0.0 0.0
84.0 0.0 0.0
87.0 0.0 0.0
90.0 0.0 0.0
93.0 0.0 0.0
96.0 0.0 0.0
99.0 0.0 0.0
102.0 0.0 0.0
105.0 0.0 0.0
108.0 0.0 0.0
111.0 0.0 0.0
114.0 0.0 0.0
117.0 0.0 0.0
120.0 0.0 0.0
123.0 0.0 0.0
126.0 0.0 0.0
129.0 0.0 0.0
132.0 0.0 0.0
135.0 0.0 0.0
138.0 0.0 0.0
141.0 0.0 0.0
144.0 0.0 0.0
147.0 0.0 0.0
150.0 0.0 0.0
153.0 0.0 0.0
156.0 0.0 0.0
159.0 0.0 0.0
162.0 0.0 0.0
165.0 0.0 0.0
168.0 0.0 0.0
171.0 0.0 0.0
174.0 0.0 0.0
177.0 0.0 0.0
180.0 0.0 0.0
183.0 0.0 0.0
186.0 0.0 0.0
189.0 0.0 0.0
192.0 0.0 0.0
195.0 0.0 0.0
198.0 0.0 0.0
201.0 0.0 0.0
204.0 0.0 0.0
207.0 0.0 0.0
210.0 0.0 0.0
213.0 0.0 0.0
216.0 0.0 0.0
219.0 0.0 0.0
222.0 0.0 0.0
225.0 0.0 0.0
228.0 0.0 0.0
231.0 0.0 0.0
234.0 0.0 0.0
237.0 0.0 0.0
240.0 0.0 0.0
243.0 0.0 0.0
246.0 0.0 0.0
249.0 0.0 0.0
252.0 0.0 0.0
255.0 0.0 0.0
258.0 0.0 0.0
261.0 0.0 0.0
264.0 0.0 0.0
267.0 0.0 0.0
270.0 0.0 0.0
273.0 0.0 0.0
276.0 0.0 0.0
279.0 0.0 0.0
282.0 0.0 0.0
285.0 0.0 0.0
288.0 0.0 0.0
291.0 0.0 0.0
294.0 0.0 0.0
297.0 0.0 0.0
300.0 0.0 0.0
303.0 0.0 0.0
306.0 0.0 0.0
309.0 0.0 0.0
312.0 0.0 0.0
315.0 0.0 0.0
318.0 0.0 0.0
321.0 0.0 0.0
324.0 0.0 0.0
327.0 0.0 0.0
330.0 0.0 0.0
333.0 0.0 0.0
336.0 0.0 0.0
339.0 0.0 0.0
342.0 0.0 0.0
345.0 0.0 0.0
348.0 0.0 0.0
351.0 0.0 0.0
354.0 0.0 0.0
357.0 0.0 0.0
360.0 0.0 0.0
363.0 0.0 0.0
366.0 0.0 0.0
369.0 0.0 0.0
372.0 0.0 0.0
375.0 0.0 0.0
378.0 0.0 0.0
381.0 0.0 0.0
384.0 0.0 0.0
387.0 0.0 0.0
390.0 0.0 0.0
393.0 0.0 0.0
396.0 0.0 0.0
399.0 0.0 0.0
402.0 0.0 0.0
405.0 0.0 0.0
408.0 0.0 0.0
411.0 0.0 0.0
414.0 0.0 0.0
417.0 0.0 0.0
420.0 0.0 0.0
423.0 0.0 0.0
426.0 0.0 0.0
429.0 0.0 0.0
432.0 0.0 0.0
435.0 0.0 0.0
438.0 0.0 0.0
441.0 0.0 0.0
444.0 0.0 0.0
447.0 0.0 0.0
450.0 0.0 0.0
453.0 0.0 0.0
456.0 0.0 0.0
459.0 0.0 0.0
462.0 0.0 0.0
465.0 0.0 0.0
468.0 0.0 0.0
471.0 0.0 0.0
474.0 0.0 0.0
477.0 0.0 0.0
480.0 0.0 0.0
483.0 0.0 0.0
486.0 0.0 0.0
489.0 0.0 0.0
492.0 0.0 0.0
495.0 0.0 0.0
498.0 0.0 0.0
501.0 0.0 0.0
504.0 0.0 0.0
507.0 0.0 0.0
510.0 0.0 0.0
513.0 0.0 0.0
516.0 0.0 0.0
519.0 0.0 0.0
522.0 0.0 0.0
525.0 0.0 0.0
528.0 0.0 0.0
531.0 0.0 0.0
534.0 0.0 0.0
537.0 0.0 0.0
540.0 0.0 0.0
543.0 0.0 0.0
546.0 0.0 0.0
549.0 0.0 0.0
552.0 0.0 0.0
555.0 0.0 0.0
558.0 0.0 0.0
561.0 0.0 0.0
564.0 0.0 0.0
567.0 0.0 0.0
570.0 0.0 0.0
573.0 0.0 0.0
576.0 0.0 0.0
579.0 0.0 0.0
582.0 0.0 0.0
585.0 0.0 0.0
588.0 0.0 0.0
591.0 0.0 0.0
594.0 0.0 0.0
597.0 0.0 0.0
600.0 0.0 0.0
603.0 0.0 0.0
606.0 0.0 0.0
609.0 0.0 0.0
612.0 0.0 0.0
615.0 0.0 0.0
618.0 0.0 0.0
621.0 0.0 0.0
624.0 0.0 0.0
627.0 0.0 0.0
630.0 0.0 0.0
633.0 0.0 0.0
636.0 0.0 0.0
639.0 0.0 0.0
642.0 0.0 0.0
645.0 0.0 0.0
648.0 0.0 0.0
651.0 0.0 0.0
654.0 0.0 0.0
657.0 0.0 0.0
660.0 0.0 0.0
663.0 0.0 0.0
666.0 0.0 0.0
669.0 0.0 0.0
672.0 0.0 0.0
675.0 0.0 0.0
678.0 0.0 0.0
681.0 0.0 0.0
684.0 0.0 0.0
687.0 0.0 0.0
690.0 0.0 0.0
693.0 0.0 0.0
696.0 0.0 0.0
699.0 0.0 0.0
702.0 0.0 0.0
705.0 0.0 0.0
708.0 0.0 0.0
711.0 0.0 0.0
714.0 0.0 0.0
717.0 0.0 0.0
720.0 0.0 0.0
723.0 0.0 0.0
726.0 0.0 0.0
729.0 0.0 0.0
732.0 0.0 0.0
735.0 0.0 0.0
738.0 0.0 0.0
741.0 0.0 0.0
744.0 0.0 0.0
747.0 0.0 0.0
750.0 0.0 0.0
753.0 0.0 0.0
756.0 0.0 0.0
759.0 0.0 0.0
762.0 0.0 0.0
765.0 0.0 0.0
768.0 0.0 0.0
771.0 0.0 0.0
774.0 0.0 0.0
777.0 0.0 0.0
780.0 0.0 0.0
783.0 0.0 0.0
786.0 0.0 0.0
789.0 0.0 0.0
792.0 0.0 0.0
795.0 0.0 0.0
798.0 0.0 0.0
801.0 0.0 0.0
804.0 0.0 0.0
807.0 0.0 0.0
810.0 0.0 0.0
813.0 0.0 0.0
816.0 0.0 0.0
819.0 0.0 0.0
822.0 0.0 0.0
825.0 0.0 0.0
828.0 0.0 0.0
831.0 0.0 0.0
834.0 0.0 0.0
837.0 0.0 0.0
840.0 0.0 0.0
843.0 0.0 0.0
846.0 0.0 0.0
849.0 0.0 0.0
852.0 0.0 0.0
855.0 0.0 0.0
858.0 0.0 0.0
861.0 0.0 0.0
864.0 0.0 0.0
867.0 0.0 0.0
870.0 0.0 0.0
873.0 0.0 0.0
876.0 0.0 0.0
879.0 0.0 0.0
882.0 0.0 0.0
885.0 0.0 0.0
888.0 0.0 0.0
891.0 0.0 0.0
894.0 0.0 0.0
897.0 0.0 0.0
900.0 0.0 0.0
903.0 0.0 0.0
906.0 0.0 0.0
909.0 0.0 0.0
912.0 0.0 0.0
915.0 0.0 0.0
918.0 0.0 0.0
921.0 0.0 0.0
924.0 0.0 0.0
927.0 0.0 0.0
930.0 0.0 0.0
933.0 0.0 0.0
936.0 0.0 0.0
939.0 0.0 0.0
942.0 0.0 0.0
945.0 0.0 0.0
948.0 0.0 0.0
951.0 0.0 0.0
954.0 0.0 0.0
957.0 0.0 0.0
960.0 0.0 0.0
963.0 0.0 0.0
966.0 0.0 0.0
969.0 0.0 0.0
972.0 0.0 0.0
975.0 0.0 0.0
978.0 0.0 0.0
981.0 0.0 0.0
984.0 0.0 0.0
987.0 0.0 0.0
990.0 0.0 0.0
993.0 0.0 0.0
996.0 0.0 0.0
999.0 0.0 0.0
1002.0 0.0 0.0
1005.0 0.0 0.0
1008.0 0.0 0.0
1011.0 0.0 0.0
1014.0 0.0 0.0
1017.0 0.0 0.0
1020.0 0.0 0.0
1023.0 0.0 0.0
1026.0 0.0 0.0
1029.0 0.0 0.0
1032.0 0.0 0.0
1035.0 0.0 0.0
1038.0 0.0 0.0
1041.0 0.0 0.0
1044.0 0.0 0.0
1047.0 0.0 0.0
1050.0 0.0 0.0
1053.0 0.0 0.0
1056.0 0.0 0.0
1059.0 0.0 0.0
1062.0 0.0 0.0
1065.0 0.0 0.0
1068.0 0.0 0.0
1071.0 0.0 0.0
1074.0 0.0 0.0
1077.0 0.0 0.0
1080.0 0.0 0.0
1083.0 0.0 0.0
1086.0 0.0 0.0
1089.0 0.0 0.0
1092.0 0.0 0.0
1095.0 0.0 0.0
1098.0 0.0 0.0
1101.0 0.0 0.0
1104.0 0.0 0.0
1107.0 0.0 0.0
1110.0 0.0 0.0
1113.0 0.0 0.0
1116.0 0.0 0.0
1119.0 0.0 0.0
1122.0 0.0 0.0
1125.0 0.0 0.0
1128.0 0.0 0.0
1131.0 0.0 0.0
1134.0 0.0 0.0
1137.0 0.0 0.0
1140.0 0.0 0.0
1143.0 0.0 0.0
1146.0 0.0 0.0
1149.0 0.0 0.0
1152.0 0.0 0.0
1155.0 0.0 0.0
1158.0 0.0 0.0
1161.0 0.0 0.0
1164.0 0.0 0.0
1167.0 0.0 0.0
1170.0 0.0 0.0
1173.0 0.0 0.0
1176.0 0.0 0.0
1179.0 0.0 0.0
1182.0 0.0 0.0
1185.0 0.0 0.0
1188.0 0.0 0.0
1191.0 0.0 0.0
1194.0 0.0 0.0
1197.0 0.0 0.0
1200.0 0.0 0.0
1203.0 0.0 0.0
1206.0 0.0 0.0
1209.0 0.0 0.0
1212.0 0.0 0.0
1215.0 0.0 0.0
1218.0 0.0 0.0
1221.0 0.0 0.0
1224.0 0.0 0.0
1227.0 0.0 0.0
1230.0 0.0 0.0
1233.0 0.0 0.0
1236.0 0.0 0.0
1239.0 0.0 0.0
1242.0 0.0 0.0
1245.0 0.0 0.0
1248.0 0.0 0.0
1251.0 0.0 0.0
1254.0 0.0 0.0
1257.0 0.0 0.0
1260.0 0.0 0.0
1263.0 0.0 0.0
1266.0 0.0 0.0
1269.0 0.0 0.0
1272.0 0.0 0.0
1275.0 0.0 0.0
1278.0 0.0 0.0
1281.0 0.0 0.0
1284.0 0.0 0.0
1287.0 0.0 0.0
1290.0 0.0 0.0
1293.0 0.0 0.0
1296.0 0.0 0.0
1299.0 0.0 0.0
1302.0 0.0 0.0
1305.0 0.0 0.0
1308.0 0.0 0.0
1311.0 0.0 0.0
1314.0 0.0 0.0
1317.0 0.0 0.0
1320.0 0.0 0.0
1323.0 0.0 0.0
1326.0 0.0 0.0
1329.0 0.0 0.0
1332.0 0.0 0.0
1335.0 0.0 0.0
1338.0 0.0 0.0
1341.0 0.0 0.0
1344.0 0.0 0.0
1347.0 0.0 0.0
1350.0 0.0 0.0
1353.0 0.0 0.0
1356.0 0.0 0.0
1359.0 0.0 0.0
1362.0 0.0 0.0
1365.0 0.0 0.0
1368.0 0.0 0.0
1371.0 0.0 0.0
1374.0 0.0 0.0
1377.0 0.0 0.0
1380.0 0.0 0.0
1383.0 0.0 0.0
1386.0 0.0 0.0
1389.0 0.0 0.0
1392.0 0.0 0.0
1395.0 0.0 0.0
1398.0 0.0 0.0
1401.0 0.0 0.0
1404.0 0.0 0.0
1407.0 0.0 0.0
1410.0 0.0 0.0
1413.0 0.0 0.0
1416.0 0.0 0.0
1419.0 0.0 0.0
1422.0 0.0 0.0
1425.0 0.0 0.0
1428.0 0.0 0.0
1431.0 0.0 0.0
1434.0 0.0 0.0
1437.0 0.0 0.0
1440.0 0.0 0.0
1443.0 0.0 0.0
1446.0 0.0 0.0
1449.0 0.0 0.0
1452.0 0.0 0.0
1455.0 0.0 0.0
1458.0 0.0 0.0
1461.0 0.0 0.0
1464.0 0.0 0.0
1467.0 0.0 0.0
1470.0 0.0 0.0
1473.0 0.0 0.0
1476.0 0.0 0.0
1479.0 0.0 0.0
1482.0 0.0 0.0
1485.0 0.0 0.0
1488.0 0.0 0.0
1491.0 0.0 0.0
1494.0 0.0 0.0
1497.0 0.0 0.0
1500.0 0.0 0.0
1503.0 0.0 0.0
1506.0 0.0 0.0
1509.0 0.0 0.0
1512.0 0.0 0.0
1515.0 0.0 0.0
1518.0 0.0 0.0
1521.0 0.0 0.0
1524.0 0.0 0.0
1527.0 0.0 0.0
1530.0 0.0 0.0
1533.0 0.0 0.0
1536.0 0.0 0.0
1539.0 0.0 0.0
1542.0 0.0 0.0
1545.0 0.0 0.0
1548.0 0.0 0.0
1551.0 0.0 0.0
1554.0 0.0 0.0
1557.0 0.0 0.0
1560.0 0.0 0.0
1563.0 0.0 0.0
1566.0 0.0 0.0
1569.0 0.0 0.0
1572.0 0.0 0.0
1575.0 0.0 0.0
1578.0 0.0 0.0
1581.0 0.0 0.0
1584.0 0.0 0.0
1587.0 0.0 0.0
1590.0 0.0 0.0
1593.0 0.0 0.0
1596.0 0.0 0.0
1599.0 0.0 0.0
1602.0 0.0 0.0
1605.0 0.0 0.0
1608.0 0.0 0.0
1611.0 0.0 0.0
1614.0 0.0 0.0
1617.0 0.0 0.0
1620.0 0.0 0.0
1623.0 0.0 0.0
1626.0 0.0 0.0
1629.0 0.0 0.0
1632.0 0.0 0.0
1635.0 0.0 0.0
1638.0 0.0 0.0
1641.0 0.0 0.0
1644.0 0.0 0.0
1647.0 0.0 0.0
1650.0 0.0 0.0
1653.0 0.0 0.0
1656.0 0.0 0.0
1659.0 0.0 0.0
1662.0 0.0 0.0
1665.0 0.0 0.0
1668.0 0.0 0.0
1671.0 0.0 0.0
1674.0 0.0 0.0
1677.0 0.0 0.0
1680.0 0.0 0.0
1683.0 0.0 0.0
1686.0 0.0 0.0
1689.0 0.0 0.0
1692.0 0.0 0.0
1695.0 0.0 0.0
1698.0 0.0 0.0
1701.0 0.0 0.0
1704.0 0.0 0.0
1707.0 0.0 0.0
1710.0 0.0 0.0
1713.0 0.0 0.0
1716.0 0.0 0.0
1719.0 0.0 0.0
1722.0 0.0 0.0
1725.0 0.0 0.0
1728.0 0.0 0.0
1731.0 0.0 0.0
1734.0 0.0 0.0
1737.0 0.0 0.0
1740.0 0.0 0.0
1743.0 0.0 0.0
1746.0 0.0 0.0
1749.0 0.0 0.0
1752.0 0.0 0.0
1755.0 0.0 0.0
1758.0 0.0 0.0
1761.0 0.0 0.0
1764.0 0.0 0.0
1767.0 0.0 0.0
1770.0 0.0 0.0
1773.0 0.0 0.0
1776.0 0.0 0.0
1779.0 0.0 0.0
1782.0 0.0 0.0
1785.0 0.0 0.0
1788.0 0.0 0.0
1791.0 0.0 0.0
1794.0 0.0 0.0
1797.0 0.0 0.0
1800.0 0.0 0.0
1803.0 0.0 0.0
1806.0 0.0 0.0
1809.0 0.0 0.0
1812.0 0.0 0.0
1815.0 0.0 0.0
1818.0 0.0 0.0
1821.0 0.0 0.0
1824.0 0.0 0.0
1827.0 0.0 0.0
1830.0 0.0 0.0
1833.0 0.0 0.0
1836.0 0.0 0.0
1839.0 0.0 0.0
1842.0 0.0 0.0
1845.0 0.0 0.0
1848.0 0.0 0.0
1851.0 0.0 0.0
1854.0 0.0 0.0
1857.0 0.0 0.0
1860.0 0.0 0.0
1863.0 0.0 0.0
1866.0 0.0 0.0
1869.0 0.0 0.0
1872.0 0.0 0.0
1875.0 0.0 0.0
1878.0 0.0 0.0
1881.0 0.0 0.0
1884.0 0.0 0.0
1887.0 0.0 0.0
1890.0 0.0 0.0
1893.0 0.0 0.0
1896.0 0.0 0.0
1899.0 0.0 0.0
1902.0 0.0 0.0
1905.0 0.0 0.0
1908.0 0.0 0.0
1911.0 0.0 0.0
1914.0 0.0 0.0
1917.0 0.0 0.0
1920.0 0.0 0.0
1923.0 0.0 0.0
1926.0 0.0 0.0
1929.0 0.0 0.0
1932.0 0.0 0.0
1935.0 0.0 0.0
1938.0 0.0 0.0
1941.0 0.0 0.0
1944.0 0.0 0.0
1947.0 0.0 0.0
1950.0 0.0 0.0
1953.0 0.0 0.0
1956.0 0.0 0.0
1959.0 0.0 0.0
1962.0 0.0 0.0
1965.0 0.0 0.0
1968.0 0.0 0.0
1971.0 0.0 0.0
1974.0 0.0 0.0
1977.0 0.0 0.0
1980.0 0.0 0.0
1983.0 0.0 0.0
1986.0 0.0 0.0
1989.0 0.0 0.0
1992.0 0.0 0.0
1995.0 0.0 0.0
1998.0 0.0 0.0
2001.0 0.0 0.0
2004.0 0.0 0.0
2007.0 0.0 0.0
2010.0 0.0 0.0
2013.0 0.0 0.0
2016.0 0.0 0.0
2019.0 0.0 0.0
2022.0 0.0 0.0
2025.0 0.0 0.0
2028.0 0.0 0.0
2031.0 0.0 0.0
2034.0 0.0 0.0
2037.0 0.0 0.0
2040.0 0.0 0.0
2043.0 0.0 0.0
2046.0 0.0 0.0
2049.0 0.0 0.0
2052.0 0.0 0.0
2055.0 0.0 0.0
2058.0 0.0 0.0
2061.0 0.0 0.0
2064.0 0.0 0.0
2067.0 0.0 0.0
2070.0 0.0 0.0
2073.0 0.0 0.0
2076.0 0.0 0.0
2079.0 0.0 0.0
2082.0 0.0 0.0
2085.0 0.0 0.0
2088.0 0.0 0.0
2091.0 0.0 0.0
2094.0 0.0 0.0
2097.0 0.0 0.0
2100.0 0.0 0.0
2103.0 0.0 0.0
2106.0 0.0 0.0
2109.0 0.0 0.0
2112.0 0.0 0.0
2115.0 0.0 0.0
2118.0 0.0 0.0
2121.0 0.0 0.0
2124.0 0.0 0.0
2127.0 0.0 0.0
2130.0 0.0 0.0
2133.0 0.0 0.0
2136.0 0.0 0.0
2139.0 0.0 0.0
2142.0 0.0 0.0
2145.0 0.0 0.0
2148.0 0.0 0.0
2151.0 0.0 0.0
2154.0 0.0 0.0
2157.0 0.0 0.0
2160.0 0.0 0.0
2163.0 0.0 0.0
2166.0 0.0 0.0
2169.0 0.0 0.0
2172.0 0.0 0.0
2175.0 0.0 0.0
2178.0 0.0 0.0
2181.0 0.0 0.0
2184.0 0.0 0.0
2187.0 0.0 0.0
2190.0 0.0 0.0
2193.0 0.0 0.0
2196.0 0.0 0.0
2199.0 0.0 0.0
2202.0 0.0 0.0
2205.0 0.0 0.0
2208.0 0.0 0.0
2211.0 0.0 0.0
2214.0 0.0 0.0
2217.0 0.0 0.0
2220.0 0.0 0.0
2223.0 0.0 0.0
2226.0 0.0 0.0
2229.0 0.0 0.0
2232.0 0.0 0.0
2235.0 0.0 0.0
2238.0 0.0 0.0
2241.0 0.0 0.0
2244.0 0.0 0.0
2247.0 0.0 0.0
2250.0 0.0 0.0
2253.0 0.0 0.0
2256.0 0.0 0.0
2259.0 0.0 0.0
2262.0 0.0 0.0
2265.0 0.0 0.0
2268.0 0.0 0.0
2271.0 0.0 0.0
2274.0 0.0 0.0
2277.0 0.0 0.0
2280.0 0.0 0.0
2283.0 0.0 0.0
2286.0 0.0 0.0
2289.0 0.0 0.0
2292.0 0.0 0.0
2295.0 0.0 0.0
2298.0 0.0 0.0
2301.0 0.0 0.0
2304.0 0.0 0.0
2307.0 0.0 0.0
2310.0 0.0 0.0
2313.0 0.0 0.0
2316.0 0.0 0.0
2319.0 0.0 0.0
2322.0 0.0 0.0
2325.0 0.0 0.0
2328.0 0.0 0.0
2331.0 0.0 0.0
2334.0 0.0 0.0
2337.0 0.0 0.0
2340.0 0.0 0.0
2343.0 0.0 0.0
2346.0 0.0 0.0
2349.0 0.0 0.0
2352.0 0.0 0.0
2355.0 0.0 0.0
2358.0 0.0 0.0
2361.0 0.0 0.0
2364.0 0.0 0.0
2367.0 0.0 0.0
2370.0 0.0 0.0
2373.0 0.0 0.0
2376.0 0.0 0.0
2379.0 0.0 0.0
2382.0 0.0 0.0
2385.0 0.0 0.0
2388.0 0.0 0.0
2391.0 0.0 0.0
2394.0 0.0 0.0
2397.0 0.0 0.0
2400.0 0.0 0.0
2403.0 0.0 0.0
2406.0 0.0 0.0
2409.0 0.0 0.0
2412.0 0.0 0.0
2415.0 0.0 0.0
2418.0 0.0 0.0
2421.0 0.0 0.0
2424.0 0.0 0.0
2427.0 0.0 0.0
2430.0 0.0 0.0
2433.0 0.0 0.0
2436.0 0.0 0.0
2439.0 0.0 0.0
2442.0 0.0 0.0
2445.0 0.0 0.0
2448.0 0.0 0.0
2451.0 0.0 0.0
2454.0 0.0 0.0
2457.0 0.0 0.0
2460.0 0.0 0.0
2463.0 0.0 0.0
2466.0 0.0 0.0
2469.0 0.0 0.0
2472.0 0.0 0.0
2475.0 0.0 0.0
2478.0 0.0 0.0
2481.0 0.0 0.0
2484.0 0.0 0.0
2487.0 0.0 0.0
2490.0 0.0 0.0
2493.0 0.0 0.0
2496.0 0.0 0.0
2499.0 0.0 0.0
2502.0 0.0 0.0
2505.0 0.0 0.0
2508.0 0.0 0.0
2511.0 0.0 0.0
2514.0 0.0 0.0
2517.0 0.0 0.0
2520.0 0.0 0.0
2523.0 0.0 0.0
2526.0 0.0 0.0
2529.0 0.0 0.0
2532.0 0.0 0.0
2535.0 0.0 0.0
2538.0 0.0 0.0
2541.0 0.0 0.0
2544.0 0.0 0.0
2547.0 0.0 0.0
2550.0 0.0 0.0
2553.0 0.0 0.0
2556.0 0.0 0.0
2559.0 0.0 0.0
2562.0 0.0 0.0
2565.0 0.0 0.0
2568.0 0.0 0.0
2571.0 0.0 0.0
2574.0 0.0 0.0
2577.0 0.0 0.0
2580.0 0.0 0.0
2583.0 0.0 0.0
2586.0 0.0 0.0
2589.0 0.0 0.0
2592.0 0.0 0.0
2595.0 0.0 0.0
2598.0 0.0 0.0
2601.0 0.0 0.0
2604.0 0.0 0.0
2607.0 0.0 0.0
2610.0 0.0 0.0
2613.0 0.0 0.0
2616.0 0.0 0.0
2619.0 0.0 0.0
2622.0 0.0 0.0
2625.0 0.0 0.0
2628.0 0.0 0.0
2631.0 0.0 0.0
2634.0 0.0 0.0
2637.0 0.0 0.0
2640.0 0.0 0.0
2643.0 0.0 0.0
2646.0 0.0 0.0
2649.0 0.0 0.0
2652.0 0.0 0.0
2655.0 0.0 0.0
2658.0 0.0 0.0
2661.0 0.0 0.0
2664.0 0.0 0.0
2667.0 0.0 0.0
2670.0 0.0 0.0
2673.0 0.0 0.0
2676.0 0.0 0.0
2679.0 0.0 0.0
2682.0 0.0 0.0
2685.0 0.0 0.0
2688.0 0.0 0.0
2691.0 0.0 0.0
2694.0 0.0 0.0
2697.0 0.0 0.0
2700.0 0.0 0.0
2703.0 0.0 0.0
2706.0 0.0 0.0
2709.0 0.0 0.0
2712.0 0.0 0.0
2715.0 0.0 0.0
2718.0 0.0 0.0
2721.0 0.0 0.0
2724.0 0.0 0.0
2727.0 0.0 0.0
2730.0 0.0 0.0
2733.0 0.0 0.0
2736.0 0.0 0.0
2739.0 0.0 0.0
2742.0 0.0 0.0
2745.0 0.0 0.0
2748.0 0.0 0.0
2751.0 0.0 0.0
2754.0 0.0 0.0
2757.0 0.0 0.0
2760.0 0.0 0.0
2763.0 0.0 0.0
2766.0 0.0 0.0
2769.0 0.0 0.0
2772.0 0.0 0.0
2775.0 0.0 0.0
2778.0 0.0 0.0
2781.0 0.0 0.0
2784.0 0.0 0.0
2787.0 0.0 0.0
2790.0 0.0 0.0
2793.0 0.0 0.0
2796.0 0.0 0.0
2799.0 0.0 0.0
2802.0 0.0 0.0
2805.0 0.0 0.0
2808.0 0.0 0.0
2811.0 0.0 0.0
2814.0 0.0 0.0
2817.0 0.0 0.0
2820.0 0.0 0.0
2823.0 0.0 0.0
2826.0 0.0 0.0
2829.0 0.0 0.0
2832.0 0.0 0.0
2835.0 0.0 0.0
2838.0 0.0 0.0
2841.0 0.0 0.0
2844.0 0.0 0.0
2847.0 0.0 0.0
2850.0 0.0 0.0
2853.0 0.0 0.0
2856.0 0.0 0.0
2859.0 0.0 0.0
2862.0 0.0 0.0
2865.0 0.0 0.0
2868.0 0.0 0.0
2871.0 0.0 0.0
2874.0 0.0 0.0
2877.0 0.0 0.0
2880.0 0.0 0.0
2883.0 0.0 0.0
2886.0 0.0 0.0
2889.0 0.0 0.0
2892.0 0.0 0.0
2895.0 0.0 0.0
2898.0 0.0 0.0
2901.0 0.0 0.0
2904.0 0.0 0.0
2907.0 0.0 0.0
2910.0 0.0 0.0
2913.0 0.0 0.0
2916.0 0.0 0.0
2919.0 0.0 0.0
2922.0 0.0 0.0
2925.0 0.0 0.0
2928.0 0.0 0.0
2931.0 0.0 0.0
2934.0 0.0 0.0
2937.0 0.0 0.0
2940.0 0.0 0.0
2943.0 0.0 0.0
2946.0 0.0 0.0
2949.0 0.0 0.0
2952.0 0.0 0.0
2955.0 0.0 0.0
2958.0 0.0 0.0
2961.0 0.0 0.0
2964.0 0.0 0.0
2967.0 0.0 0.0
2970.0 0.0 0.0
2973.0 0.0 0.0
2976.0 0.0 0.0
2979.0 0.0 0.0
2982.0 0.0 0.0
2985.0 0.0 0.0
2988.0 0.0 0.0
2991.0 0.0 0.0
2994.0 0.0 0.0
2997.0 0.0 0.0
3000.0 0.0 0.0
0.0 100.0 0.0
1.0 102.0 2.0
2.0 104.0 4.0
3.0 106.0 6.0
4.0 108.0 8.0
5.0 110.0 10.0
members 1005
0 1 200000000000.0 80000000000.0 0.005969026041820614 2.7009842839238267e-05 5.4019685678476534e-05 0.0 0.0 1.0
1 2 200000000000.0 80000000000.0 0.005969026041820614 2.7009842839238267e-05 5.4019685678476534e-05 0.0 0.0 1.0
2 3 200000000000.0 80000000000.0 0.005969026041820614 2.7009842839238267e-05 5.4019685678476534e-05 0.0 0.0 1.0
3 4 200000000000.0 80000000000.0 0.005969026041820614 2.7009842839238267e-05 5.4019685678476534e-05 0.0 0.0 1.0
4 5 200000000000.0 80000000000.0 0.005969026041820614 2.7009842839238267e-05 5.4019685678476534e-05 0.0 0.0 1.0
5 6 200000000000.0 80000000000.0 0.005969026041820614 2.7009842839238267e-05 5.4019685678476534e-05 0.0 0.0 1.0
6 7 200000000000.0 80000000000.0 0.005969026041820614 2.7009842839238267e-05 5.4019685678476534e-05 0.0 0.0 1.0
7 8 200000000000.0 80000000000.0 0.005969026041820614 2.7009842839238267e-05 5.4019685678476534e-05 0.0 0.0 1.0
8 9 200000000000.0 80000000000.0 0.005969026041820614 2.7009842839238267e-05 5.4019685678476534e-05 0.0 0.0 1.0
9 10 200000000000.0 80000000000.0 0.005969026041820614 2.7009842839238267e-05 5.4019685678476534e-05 0.0 0.0 1.0
10 11 200000000000.0 80000000000.0 0.005969026041820614 2.7009842839238267e-05 5.4019685678476534e-05 0.0 0.0 1.0
11 12 200000000000.0 80000000000.0 0.005969026041820614 2.7009842839238267e-05 5.4019685678476534e-05 0.0 0.0 1.0
12 13 200000000000.0 80000000000.0 0.005969026041820614 2.7009842839238267e-05 5.4019685678476534e-05 0.0 0.0 1.0
13 14 200000000000.0 80000000000.0 0.005969026041820614 2.7009842839238267e-05 5.4019685678476534e-05 0.0 0.0 1.0
14 15 200000000000.0 80000000000.0 0.005969026041820614 2.7009842839238267e-05 5.4019685678476534e-05 0.0 0.0 1.0
15 16 200000000000.0 80000000000.0 0.005969026041820614 2.7009842839238267e-05 5.4019685678476534e-05 0.0 0.0 1.0
16 17 200000000000.0 80000000000.0 0.005969026041820614 2.7009842839238267e-05 5.4019685678476534e-05 0.0 0.0 1.0
17 18 200000000000.0 80000000000.0 0.005969026041820614 2.7009842839238267e-05 5.4019685678476534e-05 0.0 0.0 1.0
18 19 200000000000.0 80000000000.0 0.005969026041820614 2.7009842839238267e-05 5.4019685678476534e-05 0.0 0.0 1.0
19 20 200000000000.0 80000000000.0 0.005969026041820614 2.7009842839238267e-05 5.4019685678476534e-05 0.0 0.0 1.0
20 21 200000000000.0 80000000000.0 0.005969026041820614 2.7009842839238267e-05 5.4019685678476534e-05 0.0 0.0 1.0
21 22 200000000000.0 80000000000.0 0.005969026041820614 2.7009842839238267e-05 5.4019685678476534e-05 0.0 0.0 1.0
22 23 200000000000.0 80000000000.0 0.005969026041820614 2.7009842839238267e-05 5.4019685678476534e-05 0.0 0.0 1.0
23 24 200000000000.0 80000000000.0 0.005969026041820614 2.7009842839238267e-05 5.4019685678476534e-05 0.0 0.0 1.0
24 25 200000000000.0 80000000000.0 0.005969026041820614 2.7009842839238267e-05 5.4019685678476534e-05 0.0 0.0 1.0
25 26 200000000000.0 80000000000.0 0.005969026041820614 2.7009842839238267e-05 5.4019685678476534e-05 0.0 0.0 1.0
26 27 200000000000.0 80000000000.0 0.005969026041820614 2.7009842839238267e-05 5.4019685678476534e-05 0.0 0.0 1.0
27 28 200000000000.0 80000000000.0 0.005969026041820614 2.7009842839238267e-05 5.4019685678476534e-05 0.0 0.0 1.0
28 29 200000000000.0 80000000000.0 0.005969026041820614 2.7009842839238267e-05 5.4019685678476534e-05 0.0 0.0 1.0
29 30 200000000000.0 80000000000.0 0.005969026041820614 2.7009842839238267e-05 5.4019685678476534e-05 0.0 0.0 1.0
30 31 200000000000.0 80000000000.0 0.005969026041820614 2.7009842839238267e-05 5.4019685678476534e-05 0.0 0.0 1.0
31 32 200000000000.0 80000000000.0 0.005969026041820614 2.7009842839238267e-05 5.4019685678476534e-05 0.0 0.0 1.0
32 33 200000000000.0 80000000000.0 0.005969026041820614 2.7009842839238267e-05 5.4019685678476534e-05 0.0 0.0 1.0
33 34 200000000000.0 80000000000.0 0.005969026041820614 2.7009842839238267e-05 5.4019685678476534e-05 0.0 0.0 1.0
34 35 200000000000.0 80000000000.0 0.005969026041820614 2.7009842839238267e-05 5.4019685678476534e-05 0.0 0.0 1.0
35 36 200000000000.0 80000000000.0 0.005969026041820614 2.7009842839238267e-05 5.4019685678476534e-05 0.0 0.0 1.0
36 37 200000000000.0 80000000000.0 0.005969026041820614 2.7009842839238267e-05 5.4019685678476534e-05 0.0 0.0 1.0
37 38 200000000000.0 80000000000.0 0.005969026041820614 2.7009842839238267e-05 5.4019685678476534e-05 0.0 0.0 1.0
38 39 200000000000.0 80000000000.0 0.005969026041820614 2.7009842839238267e-05 5.4019685678476534e-05 0.0 0.0 1.0
39 40 200000000000.0 80000000000.0 0.005969026041820614 2.7009842839238267e-05 5.4019685678476534e-05 0.0 0.0 1.0
40 41 200000000000.0 80000000000.0 0.005969026041820614 2.7009842839238267e-05 5.4019685678476534e-05 0.0 0.0 1.0
41 42 200000000000.0 80000000000.0 0.005969026041820614 2.7009842839238267e-05 5.4019685678476534e-05 0.0 0.0 1.0
42 43 200000000000.0 80000000000.0 0.005969026041820614 2.7009842839238267e-05 5.4019685678476534e-05 0.0 0.0 1.0
43 44 200000000000.0 80000000000.0 0.005969026041820614 2.7009842839238267e-05 5.4019685678476534e-05 0.0 0.0 1.0
44 45 200000000000.0 80000000000.0 0.005969026041820614 2.7009842839238267e-05 5.4019685678476534e-05 0.0 0.0 1.0
45 46 200000000000.0 80000000000.0 0.005969026041820614 2.7009842839238267e-05 5.4019685678476534e-05 0.0 0.0 1.0
46 47 200000000000.0 80000000000.0 0.005969026041820614 2.7009842839238267e-05 5.4019685678476534e-05 0.0 0.0 1.0
47 48 200000000000.0 80000000000.0 0.005969026041820614 2.7009842839238267e-05 5.4019685678476534e-05 0.0 0.0 1.0
48 49 200000000000.0 80000000000.0 0.005969026041820614 2.7009842839238267e-05 5.4019685678476534e-05 0.0 0.0 1.0
49 50 200000000000.0 80000000000.0 0.005969026041820614 2.7009842839238267e-05 5.4019685678476534e-05 0.0 0.0 1.0
50 51 200000000000.0 80000000000.0 0.005969026041820614 2.7009842839238267e-05 5.4019685678476534e-05 0.0 0.0 1.0
51 52 200000000000.0 80000000000.0 0.005969026041820614 2.7009842839238267e-05 5.4019685678476534e-05 0.0 0.0 1.0
52 53 200000000000.0 80000000000.0 0.005969026041820614 2.7009842839238267e-05 5.4019685678476534e-05 0.0 0.0 1.0
53 54 200000000000.0 80000000000.0 0.005969026041820614 2.7009842839238267e-05 5.4019685678476534e-05 0.0 0.0 1.0
54 55 200000000000.0 80000000000.0 0.005969026041820614 2.7009842839238267e-05 5.4019685678476534e-05 0.0 0.0 1.0
55 56 200000000000.0 80000000000.0 0.005969026041820614 2.7009842839238267e-05 5.4019685678476534e-05 0.0 0.0 1.0
56 57 200000000000.0 80000000000.0 0.005969026041820614 2.7009842839238267e-05 5.4019685678476534e-05 0.0 0.0 1.0
57 58 200000000000.0 80000000000.0 0.005969026041820614 2.7009842839238267e-05 5.4019685678476534e-05 0.0 0.0 1.0
58 59 200000000000.0 80000000000.0 0.005969026041820614 2.7009842839238267e-05 5.4019685678476534e-05 0.0 0.0 1.0
59 60 200000000000.0 80000000000.0 0.005969026041820614 2.7009842839238267e-05 5.4019685678476534e-05 0.0 0.0 1.0
60 61 200000000000.0 80000000000.0 0.005969026041820614 2.7009842839238267e-05 5.4019685678476534e-05 0.0 0.0 1.0
61 62 200000000000.0 80000000000.0 0.005969026041820614 2.7009842839238267e-05 5.4019685678476534e-05 0.0 0.0 1.0
62 63 200000000000.0 80000000000.0 0.005969026041820614 2.7009842839238267e-05 5.4019685678476534e-05 0.0 0.0 1.0
63 64 200000000000.0 80000000000.0 0.005969026041820614 2.7009842839238267e-05 5.4019685678476534e-05 0.0 0.0 1.0
64 65 200000000000.0 80000000000.0 0.005969026041820614 2.7009842839238267e-05 5.4019685678476534e-05 0.0 0.0 1.0
65 66 200000000000.0 80000000000.0 0.005969026041820614 2.7009842839238267e-05 5.4019685678476534e-05 0.0 0.0 1.0
66 67 200000000000.0 80000000000.0 0.005969026041820614 2.7009842839238267e-05 5.4019685678476534e-05 0.0 0.0 1.0
67 68 200000000000.0 80000000000.0 0.005969026041820614 2.7009842839238267e-05 5.4019685678476534e-05 0.0 0.0 1.0
68 69 200000000000.0 80000000000.0 0.005969026041820614 2.7009842839238267e-05 5.4019685678476534e-05 0.0 0.0 1.0
69 70 200000000000.0 80000000000.0 0.005969026041820614 2.7009842839238267e-05 5.4019685678476534e-05 0.0 0.0 1.0
70 71 200000000000.0 80000000000.0 0.005969026041820614 2.7009842839238267e-05 5.4019685678476534e-05 0.0 0.0 1.0
71 72 200000000000.0 80000000000.0 0.005969026041820614 2.7009842839238267e-05 5.4019685678476534e-05 0.0 0.0 1.0
72 73 200000000000.0 80000000000.0 0.005969026041820614 2.7009842839238267e-05 5.4019685678476534e-05 0.0 0.0 1.0
73 74 200000000000.0 80000000000.0 0.005969026041820614 2.7009842839238267e-05 5.4019685678476534e-05 0.0 0.0 1.0
74 75 200000000000.0 80000000000.0 0.005969026041820614 2.7009842839238267e-05 5.4019685678476534e-05 0.0 0.0 1.0
75 76 200000000000.0 80000000000.0 0.005969026041820614 2.7009842839238267e-05 5.4019685678476534e-05 0.0 0.0 1.0
76 77 200000000000.0 80000000000.0 0.005969026041820614 2.7009842839238267e-05 5.4019685678476534e-05 0.0 0.0 1.0
77 78 200000000000.0 80000000000.0 0.005969026041820614 2.7009842839238267e-05 5.4019685678476534e-05 0.0 0.0 1.0
78 79 200000000000.0 80000000000.0 0.005969026041820614 2.7009842839238267e-05 5.4019685678476534e-05 0.0 0.0 1.0
79 80 200000000000.0 80000000000.0 0.005969026041820614 2.7009842839238267e-05 5.4019685678476534e-05 0.0 0.0 1.0
80 81 200000000000.0 80000000000.0 0.005969026041820614 2.7009842839238267e-05 5.4019685678476534e-05 0.0 0.0 1.0
81 82 200000000000.0 80000000000.0 0.005969026041820614 2.7009842839238267e-05 5.4019685678476534e-05 0.0 0.0 1.0
82 83 200000000000.0 80000000000.0 0.005969026041820614 2.7009842839238267e-05 5.4019685678476534e-05 0.0 0.0 1.0
83 84 200000000000.0 80000000000.0 0.005969026041820614 2.7009842839238267e-05 5.4019685678476534e-05 0.0 0.0 1.0
84 85 200000000000.0 80000000000.0 0.005969026041820614 2.7009842839238267e-05 5.4019685678476534e-05 0.0 0.0 1.0
85 86 200000000000.0 80000000000.0 0.005969026041820614 2.7009842839238267e-05 5.4019685678476534e-05 0.0 0.0 1.0
86 87 200000000000.0 80000000000.0 0.005969026041820614 2.7009842839238267e-05 5.4019685678476534e-05 0.0 0.0 1.0
87 88 200000000000.0 80000000000.0 0.005969026041820614 2.7009842839238267e-05 5.4019685678476534e-05 0.0 0.0 1.0
88 89 200000000000.0 80000000000.0 0.005969026041820614 2.7009842839238267e-05 5.4019685678476534e-05 0.0 0.0 1.0
89 90 200000000000.0 80000000000.0 0.005969026041820614 2.7009842839238267e-05 5.4019685678476534e-05 0.0 0.0 1.0
90 91 200000000000.0 80000000000.0 0.005969026041820614 2.7009842839238267e-05 5.4019685678476534e-05 0.0 0.0 1.0
91 92 200000000000.0 80000000000.0 0.005969026041820614 2.7009842839238267e-05 5.4019685678476534e-05 0.0 0.0 1.0
92 93 200000000000.0 80000000000.0 0.005969026041820614 2.7009842839238267e-05 5.4019685678476534e-05 0.0 0.0 1.0
93 94 200000000000.0 80000000000.0 0.005969026041820614 2.7009842839238267e-05 5.4019685678476534e-05 0.0 0.0 1.0
94 95 200000000000.0 80000000000.0 0.005969026041820614 2.7009842839238267e-05 5.4019685678476534e-05 0.0 0.0 1.0
95 96 200000000000.0 80000000000.0 0.005969026041820614 2.7009842839238267e-05 5.4019685678476534e-05 0.0 0.0 1.0
96 97 200000000000.0 80000000000.0 0.005969026041820614 2.7009842839238267e-05 5.4019685678476534e-05 0.0 0.0 1.0
97 98 200000000000.0 80000000000.0 0.005969026041820614 2.7009842839238267e-05 5.4019685678476534e-05 0.0 0.0 1.0
98 99 200000000000.0 80000000000.0 0.005969026041820614 2.7009842839238267e-05 5.4019685678476534e-05 0.0 0.0 1.0
99 100 200000000000.0 80000000000.0 0.005969026041820614 2.7009842839238267e-05 5.4019685678476534e-05 0.0 0.0 1.0
100 101 200000000000.0 80000000000.0 0.005969026041820614 2.7009842839238267e-05 5.4019685678476534e-05 0.0 0.0 1.0
101 102 200000000000.0 80000000000.0 0.005969026041820614 2.7009842839238267e-05 5.4019685678476534e-05 0.0 0.0 1.0
102 103 200000000000.0 80000000000.0 0.005969026041820614 2.7009842839238267e-05 5.4019685678476534e-05 0.0 0.0 1.0
103 104 200000000000.0 80000000000.0 0.005969026041820614 2.7009842839238267e-05 5.4019685678476534e-05 0.0 0.0 1.0
104 105 200000000000.0 80000000000.0 0.005969026041820614 2.7009842839238267e-05 5.4019685678476534e-05 0.0 0.0 1.0
105 106 200000000000.0 80000000000.0 0.005969026041820614 2.7009842839238267e-05 5.4019685678476534e-05 0.0 0.0 1.0
106 107 200000000000.0 80000000000.0 0.005969026041820614 2.7009842839238267e-05 5.4019685678476534e-05 0.0 0.0 1.0
107 108 200000000000.0 80000000000.0 0.005969026041820614 2.7009842839238267e-05 5.4019685678476534e-05 0.0 0.0 1.0
108 109 200000000000.0 80000000000.0 0.005969026041820614 2.7009842839238267e-05 5.4019685678476534e-05 0.0 0.0 1.0
109 110 200000000000.0 80000000000.0 0.005969026041820614 2.7009842839238267e-05 5.4019685678476534e-05 0.0 0.0 1.0
110 111 200000000000.0 80000000000.0 0.005969026041820614 2.7009842839238267e-05 5.4019685678476534e-05 0.0 0.0 1.0
111 112 200000000000.0 80000000000.0 0.005969026041820614 2.7009842839238267e-05 5.4019685678476534e-05 0.0 0.0 1.0
112 113 200000000000.0 80000000000.0 0.005969026041820614 2.7009842839238267e-05 5.4019685678476534e-05 0.0 0.0 1.0
113 114 200000000000.0 80000000000.0 0.005969026041820614 2.7009842839238267e-05 5.4019685678476534e-05 0.0 0.0 1.0
114 115 200000000000.0 80000000000.0 0.005969026041820614 2.7009842839238267e-05 5.4019685678476534e-05 0.0 0.0 1.0
115 116 200000000000.0 80000000000.0 0.005969026041820614 2.7009842839238267e-05 5.4019685678476534e-05 0.0 0.0 1.0
116 117 200000000000.0 80000000000.0 0.005969026041820614 2.7009842839238267e-05 5.4019685678476534e-05 0.0 0.0 1.0
117 118 200000000000.0 80000000000.0 0.005969026041820614 2.7009842839238267e-05 5.4019685678476534e-05 0.0 0.0 1.0
118 119 200000000000.0 80000000000.0 0.005969026041820614 2.7009842839238267e-05 5.4019685678476534e-05 0.0 0.0 1.0
119 120 200000000000.0 80000000000.0 0.005969026041820614 2.7009842839238267e-05 5.4019685678476534e-05 0.0 0.0 1.0
120 121 200000000000.0 80000000000.0 0.005969026041820614 2.7009842839238267e-05 5.4019685678476534e-05 0.0 0.0 1.0
121 122 200000000000.0 80000000000.0 0.005969026041820614 2.7009842839238267e-05 5.4019685678476534e-05 0.0 0.0 1.0
122 123 200000000000.0 80000000000.0 0.005969026041820614 2.7009842839238267e-05 5.4019685678476534e-05 0.0 0.0 1.0
123 124 200000000000.0 80000000000.0 0.005969026041820614 2.7009842839238267e-05 5.4019685678476534e-05 0.0 0.0 1.0
124 125 200000000000.0 80000000000.0 0.005969026041820614 2.7009842839238267e-05 5.4019685678476534e-05 0.0 0.0 1.0
125 126 200000000000.0 80000000000.0 0.005969026041820614 2.7009842839238267e-05 5.4019685678476534e-05 0.0 0.0 1.0
126 127 200000000000.0 80000000000.0 0.005969026041820614 2.7009842839238267e-05 5.4019685678476534e-05 0.0 0.0 1.0
127 128 200000000000.0 80000000000.0 0.005969026041820614 2.7009842839238267e-05 5.4019685678476534e-05 0.0 0.0 1.0
128 129 200000000000.0 80000000000.0 0.005969026041820614 2.7009842839238267e-05 5.4019685678476534e-05 0.0 0.0 1.0
129 130 200000000000.0 80000000000.0 0.005969026041820614 2.7009842839238267e-05 5.4019685678476534e-05 0.0 0.0 1.0
130 131 200000000000.0 80000000000.0 0.005969026041820614 2.7009842839238267e-05 5.4019685678476534e-05 0.0 0.0 1.0
131 132 200000000000.0 80000000000.0 0.005969026041820614 2.7009842839238267e-05 5.4019685678476534e-05 0.0 0.0 1.0
132 133 200000000000.0 80000000000.0 0.005969026041820614 2.7009842839238267e-05 5.4019685678476534e-05 0.0 0.0 1.0
133 134 200000000000.0 80000000000.0 0.005969026041820614 2.7009842839238267e-05 5.4019685678476534e-05 0.0 0.0 1.0
134 135 200000000000.0 80000000000.0 0.005969026041820614 2.7009842839238267e-05 5.4019685678476534e-05 0.0 0.0 1.0
135 136 200000000000.0 80000000000.0 0.005969026041820614 2.7009842839238267e-05 5.4019685678476534e-05 0.0 0.0 1.0
136 137 200000000000.0 80000000000.0 0.005969026041820614 2.7009842839238267e-05 5.4019685678476534e-05 0.0 0.0 1.0
137 138 200000000000.0 80000000000.0 0.005969026041820614 2.7009842839238267e-05 5.4019685678476534e-05 0.0 0.0 1.0
138 139 200000000000.0 80000000000.0 0.005969026041820614 2.7009842839238267e-05 5.4019685678476534e-05 0.0 0.0 1.0
139 140 200000000000.0 80000000000.0 0.005969026041820614 2.7009842839238267e-05 5.4019685678476534e-05 0.0 0.0 1.0
140 141 200000000000.0 80000000000.0 0.005969026041820614 2.7009842839238267e-05 5.4019685678476534e-05 0.0 0.0 1.0
141 142 200000000000.0 80000000000.0 0.005969026041820614 2.7009842839238267e-05 5.4019685678476534e-05 0.0 0.0 1.0
142 143 200000000000.0 80000000000.0 0.005969026041820614 2.7009842839238267e-05 5.4019685678476534e-05 0.0 0.0 1.0
143 144 200000000000.0 80000000000.0 0.005969026041820614 2.7009842839238267e-05 5.4019685678476534e-05 0.0 0.0 1.0
144 145 200000000000.0 80000000000.0 0.005969026041820614 2.7009842839238267e-05 5.4019685678476534e-05 0.0 0.0 1.0
145 146 200000000000.0 80000000000.0 0.005969026041820614 2.7009842839238267e-05 5.4019685678476534e-05 0.0 0.0 1.0
146 147 200000000000.0 80000000000.0 0.005969026041820614 2.7009842839238267e-05 5.4019685678476534e-05 0.0 0.0 1.0
147 148 200000000000.0 80000000000.0 0.005969026041820614 2.7009842839238267e-05 5.4019685678476534e-05 0.0 0.0 1.0
148 149 200000000000.0 80000000000.0 0.005969026041820614 2.7009842839238267e-05 5.4019685678476534e-05 0.0 0.0 1.0
149 150 200000000000.0 80000000000.0 0.005969026041820614 2.7009842839238267e-05 5.4019685678476534e-05 0.0 0.0 1.0
150 151 200000000000.0 80000000000.0 0.005969026041820614 2.7009842839238267e-05 5.4019685678476534e-05 0.0 0.0 1.0
151 152 200000000000.0 80000000000.0 0.005969026041820614 2.7009842839238267e-05 5.4019685678476534e-05 0.0 0.0 1.0
152 153 200000000000.0 80000000000.0 0.005969026041820614 2.7009842839238267e-05 5.4019685678476534e-05 0.0 0.0 1.0
153 154 200000000000.0 80000000000.0 0.005969026041820614 2.7009842839238267e-05 5.4019685678476534e-05 0.0 0.0 1.0
154 155 200000000000.0 80000000000.0 0.005969026041820614 2.7009842839238267e-05 5.4019685678476534e-05 0.0 0.0 1.0
155 156 200000000000.0 80000000000.0 0.005969026041820614 2.7009842839238267e-05 5.4019685678476534e-05 0.0 0.0 1.0
156 157 200000000000.0 80000000000.0 0.005969026041820614 2.7009842839238267e-05 5.4019685678476534e-05 0.0 0.0 1.0
157 158 200000000000.0 80000000000.0 0.005969026041820614 2.7009842839238267e-05 5.4019685678476534e-05 0.0 0.0 1.0
158 159 200000000000.0 80000000000.0 0.005969026041820614 2.7009842839238267e-05 5.4019685678476534e-05 0.0 0.0 1.0
159 160 200000000000.0 80000000000.0 0.005969026041820614 2.7009842839238267e-05 5.4019685678476534e-05 0.0 0.0 1.0
160 161 200000000000.0 80000000000.0 0.005969026041820614 2.7009842839238267e-05 5.4019685678476534e-05 0.0 0.0 1.0
161 162 200000000000.0 80000000000.0 0.005969026041820614 2.7009842839238267e-05 5.4019685678476534e-05 0.0 0.0 1.0
162 163 200000000000.0 80000000000.0 0.005969026041820614 2.7009842839238267e-05 5.4019685678476534e-05 0.0 0.0 1.0
163 164 200000000000.0 80000000000.0 0.005969026041820614 2.7009842839238267e-05 5.4019685678476534e-05 0.0 0.0 1.0
164 165 200000000000.0 80000000000.0 0.005969026041820614 2.7009842839238267e-05 5.4019685678476534e-05 0.0 0.0 1.0
165 166 200000000000.0 80000000000.0 0.005969026041820614 2.7009842839238267e-05 5.4019685678476534e-05 0.0 0.0 1.0
166 167 200000000000.0 80000000000.0 0.005969026041820614 2.7009842839238267e-05 5.4019685678476534e-05 0.0 0.0 1.0
167 168 200000000000.0 80000000000.0 0.005969026041820614 2.7009842839238267e-05 5.4019685678476534e-05 0.0 0.0 1.0
168 169 200000000000.0 80000000000.0 0.005969026041820614 2.7009842839238267e-05 5.4019685678476534e-05 0.0 0.0 1.0
169 170 200000000000.0 80000000000.0 0.005969026041820614 2.7009842839238267e-05 5.4019685678476534e-05 0.0 0.0 1.0
170 171 200000000000.0 80000000000.0 0.005969026041820614 2.7009842839238267e-05 5.4019685678476534e-05 0.0 0.0 1.0
171 172 200000000000.0 80000000000.0 0.005969026041820614 2.7009842839238267e-05 5.4019685678476534e-05 0.0 0.0 1.0
172 173 200000000000.0 80000000000.0 0.005969026041820614 2.7009842839238267e-05 5.4019685678476534e-05 0.0 0.0 1.0
173 174 200000000000.0 80000000000.0 0.005969026041820614 2.7009842839238267e-05 5.4019685678476534e-05 0.0 0.0 1.0
174 175 200000000000.0 80000000000.0 0.005969026041820614 2.7009842839238267e-05 5.4019685678476534e-05 0.0 0.0 1.0
175 176 200000000000.0 80000000000.0 0.005969026041820614 2.7009842839238267e-05 5.4019685678476534e-05 0.0 0.0 1.0
176 177 200000000000.0 80000000000.0 0.005969026041820614 2.7009842839238267e-05 5.4019685678476534e-05 0.0 0.0 1.0
177 178 200000000000.0 80000000000.0 0.005969026041820614 2.7009842839238267e-05 5.4019685678476534e-05 0.0 0.0 1.0
178 179 200000000000.0 80000000000.0 0.005969026041820614 2.7009842839238267e-05 5.4019685678476534e-05 0.0 0.0 1.0
179 180 200000000000.0 80000000000.0 0.005969026041820614 2.7009842839238267e-05 5.4019685678476534e-05 0.0 0.0 1.0
180 181 200000000000.0 80000000000.0 0.005969026041820614 2.7009842839238267e-05 5.4019685678476534e-05 0.0 0.0 1.0
181 182 200000000000.0 80000000000.0 0.005969026041820614 2.7009842839238267e-05 5.4019685678476534e-05 0.0 0.0 1.0
182 183 200000000000.0 80000000000.0 0.005969026041820614 2.7009842839238267e-05 5.4019685678476534e-05 0.0 0.0 1.0
183 184 200000000000.0 80000000000.0 0.005969026041820614 2.7009842839238267e-05 5.4019685678476534e-05 0.0 0.0 1.0
184 185 200000000000.0 80000000000.0 0.005969026041820614 2.7009842839238267e-05 5.4019685678476534e-05 0.0 0.0 1.0
185 186 200000000000.0 80000000000.0 0.005969026041820614 2.7009842839238267e-05 5.4019685678476534e-05 0.0 0.0 1.0
186 187 200000000000.0 80000000000.0 0.005969026041820614 2.7009842839238267e-05 5.4019685678476534e-05 0.0 0.0 1.0
187 188 200000000000.0 80000000000.0 0.005969026041820614 2.7009842839238267e-05 5.4019685678476534e-05 0.0 0.0 1.0
188 189 200000000000.0 80000000000.0 0.005969026041820614 2.7009842839238267e-05 5.4019685678476534e-05 0.0 0.0 1.0
189 190 200000000000.0 80000000000.0 0.005969026041820614 2.7009842839238267e-05 5.4019685678476534e-05 0.0 0.0 1.0
190 191 200000000000.0 80000000000.0 0.005969026041820614 2.7009842839238267e-05 5.4019685678476534e-05 0.0 0.0 1.0
191 192 200000000000.0 80000000000.0 0.005969026041820614 2.7009842839238267e-05 5.4019685678476534e-05 0.0 0.0 1.0
192 193 200000000000.0 80000000000.0 0.005969026041820614 2.7009842839238267e-05 5.4019685678476534e-05 0.0 0.0 1.0
193 194 200000000000.0 80000000000.0 0.005969026041820614 2.7009842839238267e-05 5.4019685678476534e-05 0.0 0.0 1.0
194 195 200000000000.0 80000000000.0 0.005969026041820614 2.7009842839238267e-05 5.4019685678476534e-05 0.0 0.0 1.0
195 196 200000000000.0 80000000000.0 0.005969026041820614 2.7009842839238267e-05 5.4019685678476534e-05 0.0 0.0 1.0
196 197 200000000000.0 80000000000.0 0.005969026041820614 2.7009842839238267e-05 5.4019685678476534e-05 0.0 0.0 1.0
197 198 200000000000.0 80000000000.0 0.005969026041820614 2.7009842839238267e-05 5.4019685678476534e-05 0.0 0.0 1.0
198 199 200000000000.0 80000000000.0 0.005969026041820614 2.7009842839238267e-05 5.4019685678476534e-05 0.0 0.0 1.0
199 200 200000000000.0 80000000000.0 0.005969026041820614 2.7009842839238267e-05 5.4019685678476534e-05 0.0 0.0 1.0
200 201 200000000000.0 80000000000.0 0.005969026041820614 2.7009842839238267e-05 5.4019685678476534e-05 0.0 0.0 1.0
201 202 200000000000.0 80000000000.0 0.005969026041820614 2.7009842839238267e-05 5.4019685678476534e-05 0.0 0.0 1.0
202 203 200000000000.0 80000000000.0 0.005969026041820614 2.7009842839238267e-05 5.4019685678476534e-05 0.0 0.0 1.0
203 204 200000000000.0 80000000000.0 0.005969026041820614 2.7009842839238267e-05 5.4019685678476534e-05 0.0 0.0 1.0
204 205 200000000000.0 80000000000.0 0.005969026041820614 2.7009842839238267e-05 5.4019685678476534e-05 0.0 0.0 1.0
205 206 200000000000.0 80000000000.0 0.005969026041820614 2.7009842839238267e-05 5.4019685678476534e-05 0.0 0.0 1.0
206 207 200000000000.0 80000000000.0 0.005969026041820614 2.7009842839238267e-05 5.4019685678476534e-05 0.0 0.0 1.0
207 208 200000000000.0 80000000000.0 0.005969026041820614 2.7009842839238267e-05 5.4019685678476534e-05 0.0 0.0 1.0
208 209 200000000000.0 80000000000.0 0.005969026041820614 2.7009842839238267e-05 5.4019685678476534e-05 0.0 0.0 1.0
209 210 200000000000.0 80000000000.0 0.005969026041820614 2.7009842839238267e-05 5.4019685678476534e-05 0.0 0.0 1.0
210 211 200000000000.0 80000000000.0 0.005969026041820614 2.7009842839238267e-05 5.4019685678476534e-05 0.0 0.0 1.0
211 212 200000000000.0 80000000000.0 0.005969026041820614 2.7009842839238267e-05 5.4019685678476534e-05 0.0 0.0 1.0
212 213 200000000000.0 80000000000.0 0.005969026041820614 2.7009842839238267e-05 5.4019685678476534e-05 0.0 0.0 1.0
213 214 200000000000.0 80000000000.0 0.005969026041820614 2.7009842839238267e-05 5.4019685678476534e-05 0.0 0.0 1.0
214 215 200000000000.0 80000000000.0 0.005969026041820614 2.7009842839238267e-05 5.4019685678476534e-05 0.0 0.0 1.0
215 216 200000000000.0 80000000000.0 0.005969026041820614 2.7009842839238267e-05 5.4019685678476534e-05 0.0 0.0 1.0
216 217 200000000000.0 80000000000.0 0.005969026041820614 2.7009842839238267e-05 5.4019685678476534e-05 0.0 0.0 1.0
217 218 200000000000.0 80000000000.0 0.005969026041820614 2.7009842839238267e-05 5.4019685678476534e-05 0.0 0.0 1.0
218 219 200000000000.0 80000000000.0 0.005969026041820614 2.7009842839238267e-05 5.4019685678476534e-05 0.0 0.0 1.0
219 220 200000000000.0 80000000000.0 0.005969026041820614 2.7009842839238267e-05 5.4019685678476534e-05 0.0 0.0 1.0
220 221 200000000000.0 80000000000.0 0.005969026041820614 2.7009842839238267e-05 5.4019685678476534e-05 0.0 0.0 1.0
221 222 200000000000.0 80000000000.0 0.005969026041820614 2.7009842839238267e-05 5.4019685678476534e-05 0.0 0.0 1.0
222 223 200000000000.0 80000000000.0 0.005969026041820614 2.7009842839238267e-05 5.4019685678476534e-05 0.0 0.0 1.0
223 224 200000000000.0 80000000000.0 0.005969026041820614 2.7009842839238267e-05 5.4019685678476534e-05 0.0 0.0 1.0
224 225 200000000000.0 80000000000.0 0.005969026041820614 2.7009842839238267e-05 5.4019685678476534e-05 0.0 0.0 1.0
225 226 200000000000.0 80000000000.0 0.005969026041820614 2.7009842839238267e-05 5.4019685678476534e-05 0.0 0.0 1.0
226 227 200000000000.0 80000000000.0 0.005969026041820614 2.7009842839238267e-05 5.4019685678476534e-05 0.0 0.0 1.0
227 228 200000000000.0 80000000000.0 0.005969026041820614 2.7009842839238267e-05 5.4019685678476534e-05 0.0 0.0 1.0
228 229 200000000000.0 80000000000.0 0.005969026041820614 2.7009842839238267e-05 5.4019685678476534e-05 0.0 0.0 1.0
229 230 200000000000.0 80000000000.0 0.005969026041820614 2.7009842839238267e-05 5.4019685678476534e-05 0.0 0.0 1.0
230 231 200000000000.0 80000000000.0 0.005969026041820614 2.7009842839238267e-05 5.4019685678476534e-05 0.0 0.0 1.0
231 232 200000000000.0 80000000000.0 0.005969026041820614 2.7009842839238267e-05 5.4019685678476534e-05 0.0 0.0 1.0
232 233 200000000000.0 80000000000.0 0.005969026041820614 2.7009842839238267e-05 5.4019685678476534e-05 0.0 0.0 1.0
233 234 200000000000.0 80000000000.0 0.005969026041820614 2.7009842839238267e-05 5.4019685678476534e-05 0.0 0.0 1.0
234 235 200000000000.0 80000000000.0 0.005969026041820614 2.7009842839238267e-05 5.4019685678476534e-05 0.0 0.0 1.0
235 236 200000000000.0 80000000000.0 0.005969026041820614 2.7009842839238267e-05 5.4019685678476534e-05 0.0 0.0 1.0
236 237 200000000000.0 80000000000.0 0.005969026041820614 2.7009842839238267e-05 5.4019685678476534e-05 0.0 0.0 1.0
237 238 200000000000.0 80000000000.0 0.005969026041820614 2.7009842839238267e-05 5.4019685678476534e-05 0.0 0.0 1.0
238 239 200000000000.0 80000000000.0 0.005969026041820614 2.7009842839238267e-05 5.4019685678476534e-05 0.0 0.0 1.0
239 240 200000000000.0 80000000000.0 0.005969026041820614 2.7009842839238267e-05 5.4019685678476534e-05 0.0 0.0 1.0
240 241 200000000000.0 80000000000.0 0.005969026041820614 2.7009842839238267e-05 5.4019685678476534e-05 0.0 0.0 1.0
241 242 200000000000.0 80000000000.0 0.005969026041820614 2.7009842839238267e-05 5.4019685678476534e-05 0.0 0.0 1.0
242 243 200000000000.0 80000000000.0 0.005969026041820614 2.7009842839238267e-05 5.4019685678476534e-05 0.0 0.0 1.0
243 244 200000000000.0 80000000000.0 0.005969026041820614 2.7009842839238267e-05 5.4019685678476534e-05 0.0 0.0 1.0
244 245 200000000000.0 80000000000.0 0.005969026041820614 2.7009842839238267e-05 5.4019685678476534e-05 0.0 0.0 1.0
245 246 200000000000.0 80000000000.0 0.005969026041820614 2.7009842839238267e-05 5.4019685678476534e-05 0.0 0.0 1.0
246 247 200000000000.0 80000000000.0 0.005969026041820614 2.7009842839238267e-05 5.4019685678476534e-05 0.0 0.0 1.0
247 248 200000000000.0 80000000000.0 0.005969026041820614 2.7009842839238267e-05 5.4019685678476534e-05 0.0 0.0 1.0
248 249 200000000000.0 80000000000.0 0.005969026041820614 2.7009842839238267e-05 5.4019685678476534e-05 0.0 0.0 1.0
249 250 200000000000.0 80000000000.0 0.005969026041820614 2.7009842839238267e-05 5.4019685678476534e-05 0.0 0.0 1.0
250 251 200000000000.0 80000000000.0 0.005969026041820614 2.7009842839238267e-05 5.4019685678476534e-05 0.0 0.0 1.0
251 252 200000000000.0 80000000000.0 0.005969026041820614 2.7009842839238267e-05 5.4019685678476534e-05 0.0 0.0 1.0
252 253 200000000000.0 80000000000.0 0.005969026041820614 2.7009842839238267e-05 5.4019685678476534e-05 0.0 0.0 1.0
253 254 200000000000.0 80000000000.0 0.005969026041820614 2.7009842839238267e-05 5.4019685678476534e-05 0.0 0.0 1.0
254 255 200000000000.0 80000000000.0 0.005969026041820614 2.7009842839238267e-05 5.4019685678476534e-05 0.0 0.0 1.0
255 256 200000000000.0 80000000000.0 0.005969026041820614 2.7009842839238267e-05 5.4019685678476534e-05 0.0 0.0 1.0
256 257 200000000000.0 80000000000.0 0.005969026041820614 2.7009842839238267e-05 5.4019685678476534e-05 0.0 0.0 1.0
257 258 200000000000.0 80000000000.0 0.005969026041820614 2.7009842839238267e-05 5.4019685678476534e-05 0.0 0.0 1.0
258 259 200000000000.0 80000000000.0 0.005969026041820614 2.7009842839238267e-05 5.4019685678476534e-05 0.0 0.0 1.0
259 260 200000000000.0 80000000000.0 0.005969026041820614 2.7009842839238267e-05 5.4019685678476534e-05 0.0 0.0 1.0
260 261 200000000000.0 80000000000.0 0.005969026041820614 2.7009842839238267e-05 5.4019685678476534e-05 0.0 0.0 1.0
261 262 200000000000.0 80000000000.0 0.005969026041820614 2.7009842839238267e-05 5.4019685678476534e-05 0.0 0.0 1.0
262 263 200000000000.0 80000000000.0 0.005969026041820614 2.7009842839238267e-05 5.4019685678476534e-05 0.0 0.0 1.0
263 264 200000000000.0 80000000000.0 0.005969026041820614 2.7009842839238267e-05 5.4019685678476534e-05 0.0 0.0 1.0
264 265 200000000000.0 80000000000.0 0.005969026041820614 2.7009842839238267e-05 5.4019685678476534e-05 0.0 0.0 1.0
265 266 200000000000.0 80000000000.0 0.005969026041820614 2.7009842839238267e-05 5.4019685678476534e-05 0.0 0.0 1.0
266 267 200000000000.0 80000000000.0 0.005969026041820614 2.7009842839238267e-05 5.4019685678476534e-05 0.0 0.0 1.0
267 268 200000000000.0 80000000000.0 0.005969026041820614 2.7009842839238267e-05 5.4019685678476534e-05 0.0 0.0 1.0
268 269 200000000000.0 80000000000.0 0.005969026041820614 2.7009842839238267e-05 5.4019685678476534e-05 0.0 0.0 1.0
269 270 200000000000.0 80000000000.0 0.005969026041820614 2.7009842839238267e-05 5.4019685678476534e-05 0.0 0.0 1.0
270 271 200000000000.0 80000000000.0 0.005969026041820614 2.7009842839238267e-05 5.4019685678476534e-05 0.0 0.0 1.0
271 272 200000000000.0 80000000000.0 0.005969026041820614 2.7009842839238267e-05 5.4019685678476534e-05 0.0 0.0 1.0
272 273 200000000000.0 80000000000.0 0.005969026041820614 2.7009842839238267e-05 5.4019685678476534e-05 0.0 0.0 1.0
273 274 200000000000.0 80000000000.0 0.005969026041820614 2.7009842839238267e-05 5.4019685678476534e-05 0.0 0.0 1.0
274 275 200000000000.0 80000000000.0 0.005969026041820614 2.7009842839238267e-05 5.4019685678476534e-05 0.0 0.0 1.0
275 276 200000000000.0 80000000000.0 0.005969026041820614 2.7009842839238267e-05 5.4019685678476534e-05 0.0 0.0 1.0
276 277 200000000000.0 80000000000.0 0.005969026041820614 2.7009842839238267e-05 5.4019685678476534e-05 0.0 0.0 1.0
277 278 200000000000.0 80000000000.0 0.005969026041820614 2.7009842839238267e-05 5.4019685678476534e-05 0.0 0.0 1.0
278 279 200000000000.0 80000000000.0 0.005969026041820614 2.7009842839238267e-05 5.4019685678476534e-05 0.0 0.0 1.0
279 280 200000000000.0 80000000000.0 0.005969026041820614 2.7009842839238267e-05 5.4019685678476534e-05 0.0 0.0 1.0
280 281 200000000000.0 80000000000.0 0.005969026041820614 2.7009842839238267e-05 5.4019685678476534e-05 0.0 0.0 1.0
281 282 200000000000.0 80000000000.0 0.005969026041820614 2.7009842839238267e-05 5.4019685678476534e-05 0.0 0.0 1.0
282 283 200000000000.0 80000000000.0 0.005969026041820614 2.7009842839238267e-05 5.4019685678476534e-05 0.0 0.0 1.0
283 284 200000000000.0 80000000000.0 0.005969026041820614 2.7009842839238267e-05 5.4019685678476534e-05 0.0 0.0 1.0
284 285 200000000000.0 80000000000.0 0.005969026041820614 2.7009842839238267e-05 5.4019685678476534e-05 0.0 0.0 1.0
285 286 200000000000.0 80000000000.0 0.005969026041820614 2.7009842839238267e-05 5.4019685678476534e-05 0.0 0.0 1.0
286 287 200000000000.0 80000000000.0 0.005969026041820614 2.7009842839238267e-05 5.4019685678476534e-05 0.0 0.0 1.0
287 288 200000000000.0 80000000000.0 0.005969026041820614 2.7009842839238267e-05 5.4019685678476534e-05 0.0 0.0 1.0
288 289 200000000000.0 80000000000.0 0.005969026041820614 2.7009842839238267e-05 5.4019685678476534e-05 0.0 0.0 1.0
289 290 200000000000.0 80000000000.0 0.005969026041820614 2.7009842839238267e-05 5.4019685678476534e-05 0.0 0.0 1.0
290 291 200000000000.0 80000000000.0 0.005969026041820614 2.7009842839238267e-05 5.4019685678476534e-05 0.0 0.0 1.0
291 292 200000000000.0 80000000000.0 0.005969026041820614 2.7009842839238267e-05 5.4019685678476534e-05 0.0 0.0 1.0
292 293 200000000000.0 80000000000.0 0.005969026041820614 2.7009842839238267e-05 5.4019685678476534e-05 0.0 0.0 1.0
293 294 200000000000.0 80000000000.0 0.005969026041820614 2.7009842839238267e-05 5.4019685678476534e-05 0.0 0.0 1.0
294 295 200000000000.0 80000000000.0 0.005969026041820614 2.7009842839238267e-05 5.4019685678476534e-05 0.0 0.0 1.0
295 296 200000000000.0 80000000000.0 0.005969026041820614 2.7009842839238267e-05 5.4019685678476534e-05 0.0 0.0 1.0
296 297 200000000000.0 80000000000.0 0.005969026041820614 2.7009842839238267e-05 5.4019685678476534e-05 0.0 0.0 1.0
297 298 200000000000.0 80000000000.0 0.005969026041820614 2.7009842839238267e-05 5.4019685678476534e-05 0.0 0.0 1.0
298 299 200000000000.0 80000000000.0 0.005969026041820614 2.7009842839238267e-05 5.4019685678476534e-05 0.0 0.0 1.0
299 300 200000000000.0 80000000000.0 0.005969026041820614 2.7009842839238267e-05 5.4019685678476534e-05 0.0 0.0 1.0
300 301 200000000000.0 80000000000.0 0.005969026041820614 2.7009842839238267e-05 5.4019685678476534e-05 0.0 0.0 1.0
301 302 200000000000.0 80000000000.0 0.005969026041820614 2.7009842839238267e-05 5.4019685678476534e-05 0.0 0.0 1.0
302 303 200000000000.0 80000000000.0 0.005969026041820614 2.7009842839238267e-05 5.4019685678476534e-05 0.0 0.0 1.0
303 304 200000000000.0 80000000000.0 0.005969026041820614 2.7009842839238267e-05 5.4019685678476534e-05 0.0 0.0 1.0
304 305 200000000000.0 80000000000.0 0.005969026041820614 2.7009842839238267e-05 5.4019685678476534e-05 0.0 0.0 1.0
305 306 200000000000.0 80000000000.0 0.005969026041820614 2.7009842839238267e-05 5.4019685678476534e-05 0.0 0.0 1.0
306 307 200000000000.0 80000000000.0 0.005969026041820614 2.7009842839238267e-05 5.4019685678476534e-05 0.0 0.0 1.0
307 308 200000000000.0 80000000000.0 0.005969026041820614 2.7009842839238267e-05 5.4019685678476534e-05 0.0 0.0 1.0
308 309 200000000000.0 80000000000.0 0.005969026041820614 2.7009842839238267e-05 5.4019685678476534e-05 0.0 0.0 1.0
309 310 200000000000.0 80000000000.0 0.005969026041820614 2.7009842839238267e-05 5.4019685678476534e-05 0.0 0.0 1.0
310 311 200000000000.0 80000000000.0 0.005969026041820614 2.7009842839238267e-05 5.4019685678476534e-05 0.0 0.0 1.0
311 312 200000000000.0 80000000000.0 0.005969026041820614 2.7009842839238267e-05 5.4019685678476534e-05 0.0 0.0 1.0
312 313 200000000000.0 80000000000.0 0.005969026041820614 2.7009842839238267e-05 5.4019685678476534e-05 0.0 0.0 1.0
313 314 200000000000.0 80000000000.0 0.005969026041820614 2.7009842839238267e-05 5.4019685678476534e-05 0.0 0.0 1.0
314 315 200000000000.0 80000000000.0 0.005969026041820614 2.7009842839238267e-05 5.4019685678476534e-05 0.0 0.0 1.0
315 316 200000000000.0 80000000000.0 0.005969026041820614 2.7009842839238267e-05 5.4019685678476534e-05 0.0 0.0 1.0
316 317 200000000000.0 80000000000.0 0.005969026041820614 2.7009842839238267e-05 5.4019685678476534e-05 0.0 0.0 1.0
317 318 200000000000.0 80000000000.0 0.005969026041820614 2.7009842839238267e-05 5.4019685678476534e-05 0.0 0.0 1.0
318 319 200000000000.0 80000000000.0 0.005969026041820614 2.7009842839238267e-05 5.4019685678476534e-05 0.0 0.0 1.0
319 320 200000000000.0 80000000000.0 0.005969026041820614 2.7009842839238267e-05 5.4019685678476534e-05 0.0 0.0 1.0
320 321 200000000000.0 80000000000.0 0.005969026041820614 2.7009842839238267e-05 5.4019685678476534e-05 0.0 0.0 1.0
321 322 200000000000.0 80000000000.0 0.005969026041820614 2.7009842839238267e-05 5.4019685678476534e-05 0.0 0.0 1.0
322 323 200000000000.0 80000000000.0 0.005969026041820614 2.7009842839238267e-05 5.4019685678476534e-05 0.0 0.0 1.0
323 324 200000000000.0 80000000000.0 0.005969026041820614 2.7009842839238267e-05 5.4019685678476534e-05 0.0 0.0 1.0
324 325 200000000000.0 80000000000.0 0.005969026041820614 2.7009842839238267e-05 5.4019685678476534e-05 0.0 0.0 1.0
325 326 200000000000.0 80000000000.0 0.005969026041820614 2.7009842839238267e-05 5.4019685678476534e-05 0.0 0.0 1.0
326 327 200000000000.0 80000000000.0 0.005969026041820614 2.7009842839238267e-05 5.4019685678476534e-05 0.0 0.0 1.0
327 328 200000000000.0 80000000000.0 0.005969026041820614 2.7009842839238267e-05 5.4019685678476534e-05 0.0 0.0 1.0
328 329 200000000000.0 80000000000.0 0.005969026041820614 2.7009842839238267e-05 5.4019685678476534e-05 0.0 0.0 1.0
329 330 200000000000.0 80000000000.0 0.005969026041820614 2.7009842839238267e-05 5.4019685678476534e-05 0.0 0.0 1.0
330 331 200000000000.0 80000000000.0 0.005969026041820614 2.7009842839238267e-05 5.4019685678476534e-05 0.0 0.0 1.0
331 332 200000000000.0 80000000000.0 0.005969026041820614 2.7009842839238267e-05 5.4019685678476534e-05 0.0 0.0 1.0
332 333 200000000000.0 80000000000.0 0.005969026041820614 2.7009842839238267e-05 5.4019685678476534e-05 0.0 0.0 1.0
333 334 200000000000.0 80000000000.0 0.005969026041820614 2.7009842839238267e-05 5.4019685678476534e-05 0.0 0.0 1.0
334 335 200000000000.0 80000000000.0 0.005969026041820614 2.7009842839238267e-05 5.4019685678476534e-05 0.0 0.0 1.0
335 336 200000000000.0 80000000000.0 0.005969026041820614 2.7009842839238267e-05 5.4019685678476534e-05 0.0 0.0 1.0
336 337 200000000000.0 80000000000.0 0.005969026041820614 2.7009842839238267e-05 5.4019685678476534e-05 0.0 0.0 1.0
337 338 200000000000.0 80000000000.0 0.005969026041820614 2.7009842839238267e-05 5.4019685678476534e-05 0.0 0.0 1.0
338 339 200000000000.0 80000000000.0 0.005969026041820614 2.7009842839238267e-05 5.4019685678476534e-05 0.0 0.0 1.0
339 340 200000000000.0 80000000000.0 0.005969026041820614 2.7009842839238267e-05 5.4019685678476534e-05 0.0 0.0 1.0
340 341 200000000000.0 80000000000.0 0.005969026041820614 2.7009842839238267e-05 5.4019685678476534e-05 0.0 0.0 1.0
341 342 200000000000.0 80000000000.0 0.005969026041820614 2.7009842839238267e-05 5.4019685678476534e-05 0.0 0.0 1.0
342 343 200000000000.0 80000000000.0 0.005969026041820614 2.7009842839238267e-05 5.4019685678476534e-05 0.0 0.0 1.0
343 344 200000000000.0 80000000000.0 0.005969026041820614 2.7009842839238267e-05 5.4019685678476534e-05 0.0 0.0 1.0
344 345 200000000000.0 80000000000.0 0.005969026041820614 2.7009842839238267e-05 5.4019685678476534e-05 0.0 0.0 1.0
345 346 200000000000.0 80000000000.0 0.005969026041820614 2.7009842839238267e-05 5.4019685678476534e-05 0.0 0.0 1.0
346 347 200000000000.0 80000000000.0 0.005969026041820614 2.7009842839238267e-05 5.4019685678476534e-05 0.0 0.0 1.0
347 348 200000000000.0 80000000000.0 0.005969026041820614 2.7009842839238267e-05 5.4019685678476534e-05 0.0 0.0 1.0
348 349 200000000000.0 80000000000.0 0.005969026041820614 2.7009842839238267e-05 5.4019685678476534e-05 0.0 0.0 1.0
349 350 200000000000.0 80000000000.0 0.005969026041820614 2.7009842839238267e-05 5.4019685678476534e-05 0.0 0.0 1.0
350 351 200000000000.0 80000000000.0 0.005969026041820614 2.7009842839238267e-05 5.4019685678476534e-05 0.0 0.0 1.0
351 352 200000000000.0 80000000000.0 0.005969026041820614 2.7009842839238267e-05 5.4019685678476534e-05 0.0 0.0 1.0
352 353 200000000000.0 80000000000.0 0.005969026041820614 2.7009842839238267e-05 5.4019685678476534e-05 0.0 0.0 1.0
353 354 200000000000.0 80000000000.0 0.005969026041820614 2.7009842839238267e-05 5.4019685678476534e-05 0.0 0.0 1.0
354 355 200000000000.0 80000000000.0 0.005969026041820614 2.7009842839238267e-05 5.4019685678476534e-05 0.0 0.0 1.0
355 356 200000000000.0 80000000000.0 0.005969026041820614 2.7009842839238267e-05 5.4019685678476534e-05 0.0 0.0 1.0
356 357 200000000000.0 80000000000.0 0.005969026041820614 2.7009842839238267e-05 5.4019685678476534e-05 0.0 0.0 1.0
357 358 200000000000.0 80000000000.0 0.005969026041820614 2.7009842839238267e-05 5.4019685678476534e-05 0.0 0.0 1.0
358 359 200000000000.0 80000000000.0 0.005969026041820614 2.7009842839238267e-05 5.4019685678476534e-05 0.0 0.0 1.0
359 360 200000000000.0 80000000000.0 0.005969026041820614 2.7009842839238267e-05 5.4019685678476534e-05 0.0 0.0 1.0
360 361 200000000000.0 80000000000.0 0.005969026041820614 2.7009842839238267e-05 5.4019685678476534e-05 0.0 0.0 1.0
361 362 200000000000.0 80000000000.0 0.005969026041820614 2.7009842839238267e-05 5.4019685678476534e-05 0.0 0.0 1.0
362 363 200000000000.0 80000000000.0 0.005969026041820614 2.7009842839238267e-05 5.4019685678476534e-05 0.0 0.0 1.0
363 364 200000000000.0 80000000000.0 0.005969026041820614 2.7009842839238267e-05 5.4019685678476534e-05 0.0 0.0 1.0
364 365 200000000000.0 80000000000.0 0.005969026041820614 2.7009842839238267e-05 5.4019685678476534e-05 0.0 0.0 1.0
365 366 200000000000.0 80000000000.0 0.005969026041820614 2.7009842839238267e-05 5.4019685678476534e-05 0.0 0.0 1.0
366 367 200000000000.0 80000000000.0 0.005969026041820614 2.7009842839238267e-05 5.4019685678476534e-05 0.0 0.0 1.0
367 368 200000000000.0 80000000000.0 0.005969026041820614 2.7009842839238267e-05 5.4019685678476534e-05 0.0 0.0 1.0
368 369 200000000000.0 80000000000.0 0.005969026041820614 2.7009842839238267e-05 5.4019685678476534e-05 0.0 0.0 1.0
369 370 200000000000.0 80000000000.0 0.005969026041820614 2.7009842839238267e-05 5.4019685678476534e-05 0.0 0.0 1.0
370 371 200000000000.0 80000000000.0 0.005969026041820614 2.7009842839238267e-05 5.4019685678476534e-05 0.0 0.0 1.0
371 372 200000000000.0 80000000000.0 0.005969026041820614 2.7009842839238267e-05 5.4019685678476534e-05 0.0 0.0 1.0
372 373 200000000000.0 80000000000.0 0.005969026041820614 2.7009842839238267e-05 5.4019685678476534e-05 0.0 0.0 1.0
373 374 200000000000.0 80000000000.0 0.005969026041820614 2.7009842839238267e-05 5.4019685678476534e-05 0.0 0.0 1.0
374 375 200000000000.0 80000000000.0 0.005969026041820614 2.7009842839238267e-05 5.4019685678476534e-05 0.0 0.0 1.0
375 376 200000000000.0 80000000000.0 0.005969026041820614 2.7009842839238267e-05 5.4019685678476534e-05 0.0 0.0 1.0
376 377 200000000000.0 80000000000.0 0.005969026041820614 2.7009842839238267e-05 5.4019685678476534e-05 0.0 0.0 1.0
377 378 200000000000.0 80000000000.0 0.005969026041820614 2.7009842839238267e-05 5.4019685678476534e-05 0.0 0.0 1.0
378 379 200000000000.0 80000000000.0 0.005969026041820614 2.7009842839238267e-05 5.4019685678476534e-05 0.0 0.0 1.0
379 380 200000000000.0 80000000000.0 0.005969026041820614 2.7009842839238267e-05 5.4019685678476534e-05 0.0 0.0 1.0
380 381 200000000000.0 80000000000.0 0.005969026041820614 2.7009842839238267e-05 5.4019685678476534e-05 0.0 0.0 1.0
381 382 200000000000.0 80000000000.0 0.005969026041820614 2.7009842839238267e-05 5.4019685678476534e-05 0.0 0.0 1.0
382 383 200000000000.0 80000000000.0 0.005969026041820614 2.7009842839238267e-05 5.4019685678476534e-05 0.0 0.0 1.0
383 384 200000000000.0 80000000000.0 0.005969026041820614 2.7009842839238267e-05 5.4019685678476534e-05 0.0 0.0 1.0
384 385 200000000000.0 80000000000.0 0.005969026041820614 2.7009842839238267e-05 5.4019685678476534e-05 0.0 0.0 1.0
385 386 200000000000.0 80000000000.0 0.005969026041820614 2.7009842839238267e-05 5.4019685678476534e-05 0.0 0.0 1.0
386 387 200000000000.0 80000000000.0 0.005969026041820614 2.7009842839238267e-05 5.4019685678476534e-05 0.0 0.0 1.0
387 388 200000000000.0 80000000000.0 0.005969026041820614 2.7009842839238267e-05 5.4019685678476534e-05 0.0 0.0 1.0
388 389 200000000000.0 80000000000.0 0.005969026041820614 2.7009842839238267e-05 5.4019685678476534e-05 0.0 0.0 1.0
389 390 200000000000.0 80000000000.0 0.005969026041820614 2.7009842839238267e-05 5.4019685678476534e-05 0.0 0.0 1.0
390 391 200000000000.0 80000000000.0 0.005969026041820614 2.7009842839238267e-05 5.4019685678476534e-05 0.0 0.0 1.0
391 392 200000000000.0 80000000000.0 0.005969026041820614 2.7009842839238267e-05 5.4019685678476534e-05 0.0 0.0 1.0
392 393 200000000000.0 80000000000.0 0.005969026041820614 2.7009842839238267e-05 5.4019685678476534e-05 0.0 0.0 1.0
393 394 200000000000.0 80000000000.0 0.005969026041820614 2.7009842839238267e-05 5.4019685678476534e-05 0.0 0.0 1.0
394 395 200000000000.0 80000000000.0 0.005969026041820614 2.7009842839238267e-05 5.4019685678476534e-05 0.0 0.0 1.0
395 396 200000000000.0 80000000000.0 0.005969026041820614 2.7009842839238267e-05 5.4019685678476534e-05 0.0 0.0 1.0
396 397 200000000000.0 80000000000.0 0.005969026041820614 2.7009842839238267e-05 5.4019685678476534e-05 0.0 0.0 1.0
397 398 200000000000.0 80000000000.0 0.005969026041820614 2.7009842839238267e-05 5.4019685678476534e-05 0.0 0.0 1.0
398 399 200000000000.0 80000000000.0 0.005969026041820614 2.7009842839238267e-05 5.4019685678476534e-05 0.0 0.0 1.0
399 400 200000000000.0 80000000000.0 0.005969026041820614 2.7009842839238267e-05 5.4019685678476534e-05 0.0 0.0 1.0
400 401 200000000000.0 80000000000.0 0.005969026041820614 2.7009842839238267e-05 5.4019685678476534e-05 0.0 0.0 1.0
401 402 200000000000.0 80000000000.0 0.005969026041820614 2.7009842839238267e-05 5.4019685678476534e-05 0.0 0.0 1.0
402 403 200000000000.0 80000000000.0 0.005969026041820614 2.7009842839238267e-05 5.4019685678476534e-05 0.0 0.0 1.0
403 404 200000000000.0 80000000000.0 0.005969026041820614 2.7009842839238267e-05 5.4019685678476534e-05 0.0 0.0 1.0
404 405 200000000000.0 80000000000.0 0.005969026041820614 2.7009842839238267e-05 5.4019685678476534e-05 0.0 0.0 1.0
405 406 200000000000.0 80000000000.0 0.005969026041820614 2.7009842839238267e-05 5.4019685678476534e-05 0.0 0.0 1.0
406 407 200000000000.0 80000000000.0 0.005969026041820614 2.7009842839238267e-05 5.4019685678476534e-05 0.0 0.0 1.0
407 408 200000000000.0 80000000000.0 0.005969026041820614 2.7009842839238267e-05 5.4019685678476534e-05 0.0 0.0 1.0
408 409 200000000000.0 80000000000.0 0.005969026041820614 2.7009842839238267e-05 5.4019685678476534e-05 0.0 0.0 1.0
409 410 200000000000.0 80000000000.0 0.005969026041820614 2.7009842839238267e-05 5.4019685678476534e-05 0.0 0.0 1.0
410 411 200000000000.0 80000000000.0 0.005969026041820614 2.7009842839238267e-05 5.4019685678476534e-05 0.0 0.0 1.0
411 412 200000000000.0 80000000000.0 0.005969026041820614 2.7009842839238267e-05 5.4019685678476534e-05 0.0 0.0 1.0
412 413 200000000000.0 80000000000.0 0.005969026041820614 2.7009842839238267e-05 5.4019685678476534e-05 0.0 0.0 1.0
413 414 200000000000.0 80000000000.0 0.005969026041820614 2.7009842839238267e-05 5.4019685678476534e-05 0.0 0.0 1.0
414 415 200000000000.0 80000000000.0 0.005969026041820614 2.7009842839238267e-05 5.4019685678476534e-05 0.0 0.0 1.0
415 416 200000000000.0 80000000000.0 0.005969026041820614 2.7009842839238267e-05 5.4019685678476534e-05 0.0 0.0 1.0
416 417 200000000000.0 80000000000.0 0.005969026041820614 2.7009842839238267e-05 5.4019685678476534e-05 0.0 0.0 1.0
417 418 200000000000.0 80000000000.0 0.005969026041820614 2.7009842839238267e-05 5.4019685678476534e-05 0.0 0.0 1.0
418 419 200000000000.0 80000000000.0 0.005969026041820614 2.7009842839238267e-05 5.4019685678476534e-05 0.0 0.0 1.0
419 420 200000000000.0 80000000000.0 0.005969026041820614 2.7009842839238267e-05 5.4019685678476534e-05 0.0 0.0 1.0
420 421 200000000000.0 80000000000.0 0.005969026041820614 2.7009842839238267e-05 5.4019685678476534e-05 0.0 0.0 1.0
421 422 200000000000.0 80000000000.0 0.005969026041820614 2.7009842839238267e-05 5.4019685678476534e-05 0.0 0.0 1.0
422 423 200000000000.0 80000000000.0 0.005969026041820614 2.7009842839238267e-05 5.4019685678476534e-05 0.0 0.0 1.0
423 424 200000000000.0 80000000000.0 0.005969026041820614 2.7009842839238267e-05 5.4019685678476534e-05 0.0 0.0 1.0
424 425 200000000000.0 80000000000.0 0.005969026041820614 2.7009842839238267e-05 5.4019685678476534e-05 0.0 0.0 1.0
425 426 200000000000.0 80000000000.0 0.005969026041820614 2.7009842839238267e-05 5.4019685678476534e-05 0.0 0.0 1.0
426 427 200000000000.0 80000000000.0 0.005969026041820614 2.7009842839238267e-05 5.4019685678476534e-05 0.0 0.0 1.0
427 428 200000000000.0 80000000000.0 0.005969026041820614 2.7009842839238267e-05 5.4019685678476534e-05 0.0 0.0 1.0
428 429 200000000000.0 80000000000.0 0.005969026041820614 2.7009842839238267e-05 5.4019685678476534e-05 0.0 0.0 1.0
429 430 200000000000.0 80000000000.0 0.005969026041820614 2.7009842839238267e-05 5.4019685678476534e-05 0.0 0.0 1.0
430 431 200000000000.0 80000000000.0 0.005969026041820614 2.7009842839238267e-05 5.4019685678476534e-05 0.0 0.0 1.0
431 432 200000000000.0 80000000000.0 0.005969026041820614 2.7009842839238267e-05 5.4019685678476534e-05 0.0 0.0 1.0
432 433 200000000000.0 80000000000.0 0.005969026041820614 2.7009842839238267e-05 5.4019685678476534e-05 0.0 0.0 1.0
433 434 200000000000.0 80000000000.0 0.005969026041820614 2.7009842839238267e-05 5.4019685678476534e-05 0.0 0.0 1.0
434 435 200000000000.0 80000000000.0 0.005969026041820614 2.7009842839238267e-05 5.4019685678476534e-05 0.0 0.0 1.0
435 436 200000000000.0 80000000000.0 0.005969026041820614 2.7009842839238267e-05 5.4019685678476534e-05 0.0 0.0 1.0
436 437 200000000000.0 80000000000.0 0.005969026041820614 2.7009842839238267e-05 5.4019685678476534e-05 0.0 0.0 1.0
437 438 200000000000.0 80000000000.0 0.005969026041820614 2.7009842839238267e-05 5.4019685678476534e-05 0.0 0.0 1.0
438 439 200000000000.0 80000000000.0 0.005969026041820614 2.7009842839238267e-05 5.4019685678476534e-05 0.0 0.0 1.0
439 440 200000000000.0 80000000000.0 0.005969026041820614 2.7009842839238267e-05 5.4019685678476534e-05 0.0 0.0 1.0
440 441 200000000000.0 80000000000.0 0.005969026041820614 2.7009842839238267e-05 5.4019685678476534e-05 0.0 0.0 1.0
441 442 200000000000.0 80000000000.0 0.005969026041820614 2.7009842839238267e-05 5.4019685678476534e-05 0.0 0.0 1.0
442 443 200000000000.0 80000000000.0 0.005969026041820614 2.7009842839238267e-05 5.4019685678476534e-05 0.0 0.0 1.0
443 444 200000000000.0 80000000000.0 0.005969026041820614 2.7009842839238267e-05 5.4019685678476534e-05 0.0 0.0 1.0
444 445 200000000000.0 80000000000.0 0.005969026041820614 2.7009842839238267e-05 5.4019685678476534e-05 0.0 0.0 1.0
445 446 200000000000.0 80000000000.0 0.005969026041820614 2.7009842839238267e-05 5.4019685678476534e-05 0.0 0.0 1.0
446 447 200000000000.0 80000000000.0 0.005969026041820614 2.7009842839238267e-05 5.4019685678476534e-05 0.0 0.0 1.0
447 448 200000000000.0 80000000000.0 0.005969026041820614 2.7009842839238267e-05 5.4019685678476534e-05 0.0 0.0 1.0
448 449 200000000000.0 80000000000.0 0.005969026041820614 2.7009842839238267e-05 5.4019685678476534e-05 0.0 0.0 1.0
449 450 200000000000.0 80000000000.0 0.005969026041820614 2.7009842839238267e-05 5.4019685678476534e-05 0.0 0.0 1.0
450 451 200000000000.0 80000000000.0 0.005969026041820614 2.7009842839238267e-05 5.4019685678476534e-05 0.0 0.0 1.0
451 452 200000000000.0 80000000000.0 0.005969026041820614 2.7009842839238267e-05 5.4019685678476534e-05 0.0 0.0 1.0
452 453 200000000000.0 80000000000.0 0.005969026041820614 2.7009842839238267e-05 5.4019685678476534e-05 0.0 0.0 1.0
453 454 200000000000.0 80000000000.0 0.005969026041820614 2.7009842839238267e-05 5.4019685678476534e-05 0.0 0.0 1.0
454 455 200000000000.0 80000000000.0 0.005969026041820614 2.7009842839238267e-05 5.4019685678476534e-05 0.0 0.0 1.0
455 456 200000000000.0 80000000000.0 0.005969026041820614 2.7009842839238267e-05 5.4019685678476534e-05 0.0 0.0 1.0
456 457 200000000000.0 80000000000.0 0.005969026041820614 2.7009842839238267e-05 5.4019685678476534e-05 0.0 0.0 1.0
457 458 200000000000.0 80000000000.0 0.005969026041820614 2.7009842839238267e-05 5.4019685678476534e-05 0.0 0.0 1.0
458 459 200000000000.0 80000000000.0 0.005969026041820614 2.7009842839238267e-05 5.4019685678476534e-05 0.0 0.0 1.0
459 460 200000000000.0 80000000000.0 0.005969026041820614 2.7009842839238267e-05 5.4019685678476534e-05 0.0 0.0 1.0
460 461 200000000000.0 80000000000.0 0.005969026041820614 2.7009842839238267e-05 5.4019685678476534e-05 0.0 0.0 1.0
461 462 200000000000.0 80000000000.0 0.005969026041820614 2.7009842839238267e-05 5.4019685678476534e-05 0.0 0.0 1.0
462 463 200000000000.0 80000000000.0 0.005969026041820614 2.7009842839238267e-05 5.4019685678476534e-05 0.0 0.0 1.0
463 464 200000000000.0 80000000000.0 0.005969026041820614 2.7009842839238267e-05 5.4019685678476534e-05 0.0 0.0 1.0
464 465 200000000000.0 80000000000.0 0.005969026041820614 2.7009842839238267e-05 5.4019685678476534e-05 0.0 0.0 1.0
465 466 200000000000.0 80000000000.0 0.005969026041820614 2.7009842839238267e-05 5.4019685678476534e-05 0.0 0.0 1.0
466 467 200000000000.0 80000000000.0 0.005969026041820614 2.7009842839238267e-05 5.4019685678476534e-05 0.0 0.0 1.0
467 468 200000000000.0 80000000000.0 0.005969026041820614 2.7009842839238267e-05 5.4019685678476534e-05 0.0 0.0 1.0
468 469 200000000000.0 80000000000.0 0.005969026041820614 2.7009842839238267e-05 5.4019685678476534e-05 0.0 0.0 1.0
469 470 200000000000.0 80000000000.0 0.005969026041820614 2.7009842839238267e-05 5.4019685678476534e-05 0.0 0.0 1.0
470 471 200000000000.0 80000000000.0 0.005969026041820614 2.7009842839238267e-05 5.4019685678476534e-05 0.0 0.0 1.0
471 472 200000000000.0 80000000000.0 0.005969026041820614 2.7009842839238267e-05 5.4019685678476534e-05 0.0 0.0 1.0
472 473 200000000000.0 80000000000.0 0.005969026041820614 2.7009842839238267e-05 5.4019685678476534e-05 0.0 0.0 1.0
473 474 200000000000.0 80000000000.0 0.005969026041820614 2.7009842839238267e-05 5.4019685678476534e-05 0.0 0.0 1.0
474 475 200000000000.0 80000000000.0 0.005969026041820614 2.7009842839238267e-05 5.4019685678476534e-05 0.0 0.0 1.0
475 476 200000000000.0 80000000000.0 0.005969026041820614 2.7009842839238267e-05 5.4019685678476534e-05 0.0 0.0 1.0
476 477 200000000000.0 80000000000.0 0.005969026041820614 2.7009842839238267e-05 5.4019685678476534e-05 0.0 0.0 1.0
477 478 200000000000.0 80000000000.0 0.005969026041820614 2.7009842839238267e-05 5.4019685678476534e-05 0.0 0.0 1.0
478 479 200000000000.0 80000000000.0 0.005969026041820614 2.7009842839238267e-05 5.4019685678476534e-05 0.0 0.0 1.0
479 480 200000000000.0 80000000000.0 0.005969026041820614 2.7009842839238267e-05 5.4019685678476534e-05 0.0 0.0 1.0
480 481 200000000000.0 80000000000.0 0.005969026041820614 2.7009842839238267e-05 5.4019685678476534e-05 0.0 0.0 1.0
481 482 200000000000.0 80000000000.0 0.005969026041820614 2.7009842839238267e-05 5.4019685678476534e-05 0.0 0.0 1.0
482 483 200000000000.0 80000000000.0 0.005969026041820614 2.7009842839238267e-05 5.4019685678476534e-05 0.0 0.0 1.0
483 484 200000000000.0 80000000000.0 0.005969026041820614 2.7009842839238267e-05 5.4019685678476534e-05 0.0 0.0 1.0
484 485 200000000000.0 80000000000.0 0.005969026041820614 2.7009842839238267e-05 5.4019685678476534e-05 0.0 0.0 1.0
485 486 200000000000.0 80000000000.0 0.005969026041820614 2.7009842839238267e-05 5.4019685678476534e-05 0.0 0.0 1.0
486 487 200000000000.0 80000000000.0 0.005969026041820614 2.7009842839238267e-05 5.4019685678476534e-05 0.0 0.0 1.0
487 488 200000000000.0 80000000000.0 0.005969026041820614 2.7009842839238267e-05 5.4019685678476534e-05 0.0 0.0 1.0
488 489 200000000000.0 80000000000.0 0.005969026041820614 2.7009842839238267e-05 5.4019685678476534e-05 0.0 0.0 1.0
489 490 200000000000.0 80000000000.0 0.005969026041820614 2.7009842839238267e-05 5.4019685678476534e-05 0.0 0.0 1.0
490 491 200000000000.0 80000000000.0 0.005969026041820614 2.7009842839238267e-05 5.4019685678476534e-05 0.0 0.0 1.0
491 492 200000000000.0 80000000000.0 0.005969026041820614 2.7009842839238267e-05 5.4019685678476534e-05 0.0 0.0 1.0
492 493 200000000000.0 80000000000.0 0.005969026041820614 2.7009842839238267e-05 5.4019685678476534e-05 0.0 0.0 1.0
493 494 200000000000.0 80000000000.0 0.005969026041820614 2.7009842839238267e-05 5.4019685678476534e-05 0.0 0.0 1.0
494 495 200000000000.0 80000000000.0 0.005969026041820614 2.7009842839238267e-05 5.4019685678476534e-05 0.0 0.0 1.0
495 496 200000000000.0 80000000000.0 0.005969026041820614 2.7009842839238267e-05 5.4019685678476534e-05 0.0 0.0 1.0
496 497 200000000000.0 80000000000.0 0.005969026041820614 2.7009842839238267e-05 5.4019685678476534e-05 0.0 0.0 1.0
497 498 200000000000.0 80000000000.0 0.005969026041820614 2.7009842839238267e-05 5.4019685678476534e-05 0.0 0.0 1.0
498 499 200000000000.0 80000000000.0 0.005969026041820614 2.7009842839238267e-05 5.4019685678476534e-05 0.0 0.0 1.0
499 500 200000000000.0 80000000000.0 0.005969026041820614 2.7009842839238267e-05 5.4019685678476534e-05 0.0 0.0 1.0
500 501 200000000000.0 80000000000.0 0.005969026041820614 2.7009842839238267e-05 5.4019685678476534e-05 0.0 0.0 1.0
501 502 200000000000.0 80000000000.0 0.005969026041820614 2.7009842839238267e-05 5.4019685678476534e-05 0.0 0.0 1.0
502 503 200000000000.0 80000000000.0 0.005969026041820614 2.7009842839238267e-05 5.4019685678476534e-05 0.0 0.0 1.0
503 504 200000000000.0 80000000000.0 0.005969026041820614 2.7009842839238267e-05 5.4019685678476534e-05 0.0 0.0 1.0
504 505 200000000000.0 80000000000.0 0.005969026041820614 2.7009842839238267e-05 5.4019685678476534e-05 0.0 0.0 1.0
505 506 200000000000.0 80000000000.0 0.005969026041820614 2.7009842839238267e-05 5.4019685678476534e-05 0.0 0.0 1.0
506 507 200000000000.0 80000000000.0 0.005969026041820614 2.7009842839238267e-05 5.4019685678476534e-05 0.0 0.0 1.0
507 508 200000000000.0 80000000000.0 0.005969026041820614 2.7009842839238267e-05 5.4019685678476534e-05 0.0 0.0 1.0
508 509 200000000000.0 80000000000.0 0.005969026041820614 2.7009842839238267e-05 5.4019685678476534e-05 0.0 0.0 1.0
509 510 200000000000.0 80000000000.0 0.005969026041820614 2.7009842839238267e-05 5.4019685678476534e-05 0.0 0.0 1.0
510 511 200000000000.0 80000000000.0 0.005969026041820614 2.7009842839238267e-05 5.4019685678476534e-05 0.0 0.0 1.0
511 512 200000000000.0 80000000000.0 0.005969026041820614 2.7009842839238267e-05 5.4019685678476534e-05 0.0 0.0 1.0
512 513 200000000000.0 80000000000.0 0.005969026041820614 2.7009842839238267e-05 5.4019685678476534e-05 0.0 0.0 1.0
513 514 200000000000.0 80000000000.0 0.005969026041820614 2.7009842839238267e-05 5.4019685678476534e-05 0.0 0.0 1.0
514 515 200000000000.0 80000000000.0 0.005969026041820614 2.7009842839238267e-05 5.4019685678476534e-05 0.0 0.0 1.0
515 516 200000000000.0 80000000000.0 0.005969026041820614 2.7009842839238267e-05 5.4019685678476534e-05 0.0 0.0 1.0
516 517 200000000000.0 80000000000.0 0.005969026041820614 2.7009842839238267e-05 5.4019685678476534e-05 0.0 0.0 1.0
517 518 200000000000.0 80000000000.0 0.005969026041820614 2.7009842839238267e-05 5.4019685678476534e-05 0.0 0.0 1.0
518 519 200000000000.0 80000000000.0 0.005969026041820614 2.7009842839238267e-05 5.4019685678476534e-05 0.0 0.0 1.0
519 520 200000000000.0 80000000000.0 0.005969026041820614 2.7009842839238267e-05 5.4019685678476534e-05 0.0 0.0 1.0
520 521 200000000000.0 80000000000.0 0.005969026041820614 2.7009842839238267e-05 5.4019685678476534e-05 0.0 0.0 1.0
521 522 200000000000.0 80000000000.0 0.005969026041820614 2.7009842839238267e-05 5.4019685678476534e-05 0.0 0.0 1.0
522 523 200000000000.0 80000000000.0 0.005969026041820614 2.7009842839238267e-05 5.4019685678476534e-05 0.0 0.0 1.0
523 524 200000000000.0 80000000000.0 0.005969026041820614 2.7009842839238267e-05 5.4019685678476534e-05 0.0 0.0 1.0
524 525 200000000000.0 80000000000.0 0.005969026041820614 2.7009842839238267e-05 5.4019685678476534e-05 0.0 0.0 1.0
525 526 200000000000.0 80000000000.0 0.005969026041820614 2.7009842839238267e-05 5.4019685678476534e-05 0.0 0.0 1.0
526 527 200000000000.0 80000000000.0 0.005969026041820614 2.7009842839238267e-05 5.4019685678476534e-05 0.0 0.0 1.0
527 528 200000000000.0 80000000000.0 0.005969026041820614 2.7009842839238267e-05 5.4019685678476534e-05 0.0 0.0 1.0
528 529 200000000000.0 80000000000.0 0.005969026041820614 2.7009842839238267e-05 5.4019685678476534e-05 0.0 0.0 1.0
529 530 200000000000.0 80000000000.0 0.005969026041820614 2.7009842839238267e-05 5.4019685678476534e-05 0.0 0.0 1.0
530 531 200000000000.0 80000000000.0 0.005969026041820614 2.7009842839238267e-05 5.4019685678476534e-05 0.0 0.0 1.0
531 532 200000000000.0 80000000000.0 0.005969026041820614 2.7009842839238267e-05 5.4019685678476534e-05 0.0 0.0 1.0
532 533 200000000000.0 80000000000.0 0.005969026041820614 2.7009842839238267e-05 5.4019685678476534e-05 0.0 0.0 1.0
533 534 200000000000.0 80000000000.0 0.005969026041820614 2.7009842839238267e-05 5.4019685678476534e-05 0.0 0.0 1.0
534 535 200000000000.0 80000000000.0 0.005969026041820614 2.7009842839238267e-05 5.4019685678476534e-05 0.0 0.0 1.0
535 536 200000000000.0 80000000000.0 0.005969026041820614 2.7009842839238267e-05 5.4019685678476534e-05 0.0 0.0 1.0
536 537 200000000000.0 80000000000.0 0.005969026041820614 2.7009842839238267e-05 5.4019685678476534e-05 0.0 0.0 1.0
537 538 200000000000.0 80000000000.0 0.005969026041820614 2.7009842839238267e-05 5.4019685678476534e-05 0.0 0.0 1.0
538 539 200000000000.0 80000000000.0 0.005969026041820614 2.7009842839238267e-05 5.4019685678476534e-05 0.0 0.0 1.0
539 540 200000000000.0 80000000000.0 0.005969026041820614 2.7009842839238267e-05 5.4019685678476534e-05 0.0 0.0 1.0
540 541 200000000000.0 80000000000.0 0.005969026041820614 2.7009842839238267e-05 5.4019685678476534e-05 0.0 0.0 1.0
541 542 200000000000.0 80000000000.0 0.005969026041820614 2.7009842839238267e-05 5.4019685678476534e-05 0.0 0.0 1.0
542 543 200000000000.0 80000000000.0 0.005969026041820614 2.7009842839238267e-05 5.4019685678476534e-05 0.0 0.0 1.0
543 544 200000000000.0 80000000000.0 0.005969026041820614 2.7009842839238267e-05 5.4019685678476534e-05 0.0 0.0 1.0
544 545 200000000000.0 80000000000.0 0.005969026041820614 2.7009842839238267e-05 5.4019685678476534e-05 0.0 0.0 1.0
545 546 200000000000.0 80000000000.0 0.005969026041820614 2.7009842839238267e-05 5.4019685678476534e-05 0.0 0.0 1.0
546 547 200000000000.0 80000000000.0 0.005969026041820614 2.7009842839238267e-05 5.4019685678476534e-05 0.0 0.0 1.0
547 548 200000000000.0 80000000000.0 0.005969026041820614 2.7009842839238267e-05 5.4019685678476534e-05 0.0 0.0 1.0
548 549 200000000000.0 80000000000.0 0.005969026041820614 2.7009842839238267e-05 5.4019685678476534e-05 0.0 0.0 1.0
549 550 200000000000.0 80000000000.0 0.005969026041820614 2.7009842839238267e-05 5.4019685678476534e-05 0.0 0.0 1.0
550 551 200000000000.0 80000000000.0 0.005969026041820614 2.7009842839238267e-05 5.4019685678476534e-05 0.0 0.0 1.0
551 552 200000000000.0 80000000000.0 0.005969026041820614 2.7009842839238267e-05 5.4019685678476534e-05 0.0 0.0 1.0
552 553 200000000000.0 80000000000.0 0.005969026041820614 2.7009842839238267e-05 5.4019685678476534e-05 0.0 0.0 1.0
553 554 200000000000.0 80000000000.0 0.005969026041820614 2.7009842839238267e-05 5.4019685678476534e-05 0.0 0.0 1.0
554 555 200000000000.0 80000000000.0 0.005969026041820614 2.7009842839238267e-05 5.4019685678476534e-05 0.0 0.0 1.0
555 556 200000000000.0 80000000000.0 0.005969026041820614 2.7009842839238267e-05 5.4019685678476534e-05 0.0 0.0 1.0
556 557 200000000000.0 80000000000.0 0.005969026041820614 2.7009842839238267e-05 5.4019685678476534e-05 0.0 0.0 1.0
557 558 200000000000.0 80000000000.0 0.005969026041820614 2.7009842839238267e-05 5.4019685678476534e-05 0.0 0.0 1.0
558 559 200000000000.0 80000000000.0 0.005969026041820614 2.7009842839238267e-05 5.4019685678476534e-05 0.0 0.0 1.0
559 560 200000000000.0 80000000000.0 0.005969026041820614 2.7009842839238267e-05 5.4019685678476534e-05 0.0 0.0 1.0
560 561 200000000000.0 80000000000.0 0.005969026041820614 2.7009842839238267e-05 5.4019685678476534e-05 0.0 0.0 1.0
561 562 200000000000.0 80000000000.0 0.005969026041820614 2.7009842839238267e-05 5.4019685678476534e-05 0.0 0.0 1.0
562 563 200000000000.0 80000000000.0 0.005969026041820614 2.7009842839238267e-05 5.4019685678476534e-05 0.0 0.0 1.0
563 564 200000000000.0 80000000000.0 0.005969026041820614 2.7009842839238267e-05 5.4019685678476534e-05 0.0 0.0 1.0
564 565 200000000000.0 80000000000.0 0.005969026041820614 2.7009842839238267e-05 5.4019685678476534e-05 0.0 0.0 1.0
565 566 200000000000.0 80000000000.0 0.005969026041820614 2.7009842839238267e-05 5.4019685678476534e-05 0.0 0.0 1.0
566 567 200000000000.0 80000000000.0 0.005969026041820614 2.7009842839238267e-05 5.4019685678476534e-05 0.0 0.0 1.0
567 568 200000000000.0 80000000000.0 0.005969026041820614 2.7009842839238267e-05 5.4019685678476534e-05 0.0 0.0 1.0
568 569 200000000000.0 80000000000.0 0.005969026041820614 2.7009842839238267e-05 5.4019685678476534e-05 0.0 0.0 1.0
569 570 200000000000.0 80000000000.0 0.005969026041820614 2.7009842839238267e-05 5.4019685678476534e-05 0.0 0.0 1.0
570 571 200000000000.0 80000000000.0 0.005969026041820614 2.7009842839238267e-05 5.4019685678476534e-05 0.0 0.0 1.0
571 572 200000000000.0 80000000000.0 0.005969026041820614 2.7009842839238267e-05 5.4019685678476534e-05 0.0 0.0 1.0
572 573 200000000000.0 80000000000.0 0.005969026041820614 2.7009842839238267e-05 5.4019685678476534e-05 0.0 0.0 1.0
573 574 200000000000.0 80000000000.0 0.005969026041820614 2.7009842839238267e-05 5.4019685678476534e-05 0.0 0.0 1.0
574 575 200000000000.0 80000000000.0 0.005969026041820614 2.7009842839238267e-05 5.4019685678476534e-05 0.0 0.0 1.0
575 576 200000000000.0 80000000000.0 0.005969026041820614 2.7009842839238267e-05 5.4019685678476534e-05 0.0 0.0 1.0
576 577 200000000000.0 80000000000.0 0.005969026041820614 2.7009842839238267e-05 5.4019685678476534e-05 0.0 0.0 1.0
577 578 200000000000.0 80000000000.0 0.005969026041820614 2.7009842839238267e-05 5.4019685678476534e-05 0.0 0.0 1.0
578 579 200000000000.0 80000000000.0 0.005969026041820614 2.7009842839238267e-05 5.4019685678476534e-05 0.0 0.0 1.0
579 580 200000000000.0 80000000000.0 0.005969026041820614 2.7009842839238267e-05 5.4019685678476534e-05 0.0 0.0 1.0
580 581 200000000000.0 80000000000.0 0.005969026041820614 2.7009842839238267e-05 5.4019685678476534e-05 0.0 0.0 1.0
581 582 200000000000.0 80000000000.0 0.005969026041820614 2.7009842839238267e-05 5.4019685678476534e-05 0.0 0.0 1.0
582 583 200000000000.0 80000000000.0 0.005969026041820614 2.7009842839238267e-05 5.4019685678476534e-05 0.0 0.0 1.0
583 584 200000000000.0 80000000000.0 0.005969026041820614 2.7009842839238267e-05 5.4019685678476534e-05 0.0 0.0 1.0
584 585 200000000000.0 80000000000.0 0.005969026041820614 2.7009842839238267e-05 5.4019685678476534e-05 0.0 0.0 1.0
585 586 200000000000.0 80000000000.0 0.005969026041820614 2.7009842839238267e-05 5.4019685678476534e-05 0.0 0.0 1.0
586 587 200000000000.0 80000000000.0 0.005969026041820614 2.7009842839238267e-05 5.4019685678476534e-05 0.0 0.0 1.0
587 588 200000000000.0 80000000000.0 0.005969026041820614 2.7009842839238267e-05 5.4019685678476534e-05 0.0 0.0 1.0
588 589 200000000000.0 80000000000.0 0.005969026041820614 2.7009842839238267e-05 5.4019685678476534e-05 0.0 0.0 1.0
589 590 200000000000.0 80000000000.0 0.005969026041820614 2.7009842839238267e-05 5.4019685678476534e-05 0.0 0.0 1.0
590 591 200000000000.0 80000000000.0 0.005969026041820614 2.7009842839238267e-05 5.4019685678476534e-05 0.0 0.0 1.0
591 592 200000000000.0 80000000000.0 0.005969026041820614 2.7009842839238267e-05 5.4019685678476534e-05 0.0 0.0 1.0
592 593 200000000000.0 80000000000.0 0.005969026041820614 2.7009842839238267e-05 5.4019685678476534e-05 0.0 0.0 1.0
593 594 200000000000.0 80000000000.0 0.005969026041820614 2.7009842839238267e-05 5.4019685678476534e-05 0.0 0.0 1.0
594 595 200000000000.0 80000000000.0 0.005969026041820614 2.7009842839238267e-05 5.4019685678476534e-05 0.0 0.0 1.0
595 596 200000000000.0 80000000000.0 0.005969026041820614 2.7009842839238267e-05 5.4019685678476534e-05 0.0 0.0 1.0
596 597 200000000000.0 80000000000.0 0.005969026041820614 2.7009842839238267e-05 5.4019685678476534e-05 0.0 0.0 1.0
597 598 200000000000.0 80000000000.0 0.005969026041820614 2.7009842839238267e-05 5.4019685678476534e-05 0.0 0.0 1.0
598 599 200000000000.0 80000000000.0 0.005969026041820614 2.7009842839238267e-05 5.4019685678476534e-05 0.0 0.0 1.0
599 600 200000000000.0 80000000000.0 0.005969026041820614 2.7009842839238267e-05 5.4019685678476534e-05 0.0 0.0 1.0
600 601 200000000000.0 80000000000.0 0.005969026041820614 2.7009842839238267e-05 5.4019685678476534e-05 0.0 0.0 1.0
601 602 200000000000.0 80000000000.0 0.005969026041820614 2.7009842839238267e-05 5.4019685678476534e-05 0.0 0.0 1.0
602 603 200000000000.0 80000000000.0 0.005969026041820614 2.7009842839238267e-05 5.4019685678476534e-05 0.0 0.0 1.0
603 604 200000000000.0 80000000000.0 0.005969026041820614 2.7009842839238267e-05 5.4019685678476534e-05 0.0 0.0 1.0
604 605 200000000000.0 80000000000.0 0.005969026041820614 2.7009842839238267e-05 5.4019685678476534e-05 0.0 0.0 1.0
605 606 200000000000.0 80000000000.0 0.005969026041820614 2.7009842839238267e-05 5.4019685678476534e-05 0.0 0.0 1.0
606 607 200000000000.0 80000000000.0 0.005969026041820614 2.7009842839238267e-05 5.4019685678476534e-05 0.0 0.0 1.0
607 608 200000000000.0 80000000000.0 0.005969026041820614 2.7009842839238267e-05 5.4019685678476534e-05 0.0 0.0 1.0
608 609 200000000000.0 80000000000.0 0.005969026041820614 2.7009842839238267e-05 5.4019685678476534e-05 0.0 0.0 1.0
609 610 200000000000.0 80000000000.0 0.005969026041820614 2.7009842839238267e-05 5.4019685678476534e-05 0.0 0.0 1.0
610 611 200000000000.0 80000000000.0 0.005969026041820614 2.7009842839238267e-05 5.4019685678476534e-05 0.0 0.0 1.0
611 612 200000000000.0 80000000000.0 0.005969026041820614 2.7009842839238267e-05 5.4019685678476534e-05 0.0 0.0 1.0
612 613 200000000000.0 80000000000.0 0.005969026041820614 2.7009842839238267e-05 5.4019685678476534e-05 0.0 0.0 1.0
613 614 200000000000.0 80000000000.0 0.005969026041820614 2.7009842839238267e-05 5.4019685678476534e-05 0.0 0.0 1.0
614 615 200000000000.0 80000000000.0 0.005969026041820614 2.7009842839238267e-05 5.4019685678476534e-05 0.0 0.0 1.0
615 616 200000000000.0 80000000000.0 0.005969026041820614 2.7009842839238267e-05 5.4019685678476534e-05 0.0 0.0 1.0
616 617 200000000000.0 80000000000.0 0.005969026041820614 2.7009842839238267e-05 5.4019685678476534e-05 0.0 0.0 1.0
617 618 200000000000.0 80000000000.0 0.005969026041820614 2.7009842839238267e-05 5.4019685678476534e-05 0.0 0.0 1.0
618 619 200000000000.0 80000000000.0 0.005969026041820614 2.7009842839238267e-05 5.4019685678476534e-05 0.0 0.0 1.0
619 620 200000000000.0 80000000000.0 0.005969026041820614 2.7009842839238267e-05 5.4019685678476534e-05 0.0 0.0 1.0
620 621 200000000000.0 80000000000.0 0.005969026041820614 2.7009842839238267e-05 5.4019685678476534e-05 0.0 0.0 1.0
621 622 200000000000.0 80000000000.0 0.005969026041820614 2.7009842839238267e-05 5.4019685678476534e-05 0.0 0.0 1.0
622 623 200000000000.0 80000000000.0 0.005969026041820614 2.7009842839238267e-05 5.4019685678476534e-05 0.0 0.0 1.0
623 624 200000000000.0 80000000000.0 0.005969026041820614 2.7009842839238267e-05 5.4019685678476534e-05 0.0 0.0 1.0
624 625 200000000000.0 80000000000.0 0.005969026041820614 2.7009842839238267e-05 5.4019685678476534e-05 0.0 0.0 1.0
625 626 200000000000.0 80000000000.0 0.005969026041820614 2.7009842839238267e-05 5.4019685678476534e-05 0.0 0.0 1.0
626 627 200000000000.0 80000000000.0 0.005969026041820614 2.7009842839238267e-05 5.4019685678476534e-05 0.0 0.0 1.0
627 628 200000000000.0 80000000000.0 0.005969026041820614 2.7009842839238267e-05 5.4019685678476534e-05 0.0 0.0 1.0
628 629 200000000000.0 80000000000.0 0.005969026041820614 2.7009842839238267e-05 5.4019685678476534e-05 0.0 0.0 1.0
629 630 200000000000.0 80000000000.0 0.005969026041820614 2.7009842839238267e-05 5.4019685678476534e-05 0.0 0.0 1.0
630 631 200000000000.0 80000000000.0 0.005969026041820614 2.7009842839238267e-05 5.4019685678476534e-05 0.0 0.0 1.0
631 632 200000000000.0 80000000000.0 0.005969026041820614 2.7009842839238267e-05 5.4019685678476534e-05 0.0 0.0 1.0
632 633 200000000000.0 80000000000.0 0.005969026041820614 2.7009842839238267e-05 5.4019685678476534e-05 0.0 0.0 1.0
633 634 200000000000.0 80000000000.0 0.005969026041820614 2.7009842839238267e-05 5.4019685678476534e-05 0.0 0.0 1.0
634 635 200000000000.0 80000000000.0 0.005969026041820614 2.7009842839238267e-05 5.4019685678476534e-05 0.0 0.0 1.0
635 636 200000000000.0 80000000000.0 0.005969026041820614 2.7009842839238267e-05 5.4019685678476534e-05 0.0 0.0 1.0
636 637 200000000000.0 80000000000.0 0.005969026041820614 2.7009842839238267e-05 5.4019685678476534e-05 0.0 0.0 1.0
637 638 200000000000.0 80000000000.0 0.005969026041820614 2.7009842839238267e-05 5.4019685678476534e-05 0.0 0.0 1.0
638 639 200000000000.0 80000000000.0 0.005969026041820614 2.7009842839238267e-05 5.4019685678476534e-05 0.0 0.0 1.0
639 640 200000000000.0 80000000000.0 0.005969026041820614 2.7009842839238267e-05 5.4019685678476534e-05 0.0 0.0 1.0
640 641 200000000000.0 80000000000.0 0.005969026041820614 2.7009842839238267e-05 5.4019685678476534e-05 0.0 0.0 1.0
641 642 200000000000.0 80000000000.0 0.005969026041820614 2.7009842839238267e-05 5.4019685678476534e-05 0.0 0.0 1.0
642 643 200000000000.0 80000000000.0 0.005969026041820614 2.7009842839238267e-05 5.4019685678476534e-05 0.0 0.0 1.0
643 644 200000000000.0 80000000000.0 0.005969026041820614 2.7009842839238267e-05 5.4019685678476534e-05 0.0 0.0 1.0
644 645 200000000000.0 80000000000.0 0.005969026041820614 2.7009842839238267e-05 5.4019685678476534e-05 0.0 0.0 1.0
645 646 200000000000.0 80000000000.0 0.005969026041820614 2.7009842839238267e-05 5.4019685678476534e-05 0.0 0.0 1.0
646 647 200000000000.0 80000000000.0 0.005969026041820614 2.7009842839238267e-05 5.4019685678476534e-05 0.0 0.0 1.0
647 648 200000000000.0 80000000000.0 0.005969026041820614 2.7009842839238267e-05 5.4019685678476534e-05 0.0 0.0 1.0
648 649 200000000000.0 80000000000.0 0.005969026041820614 2.7009842839238267e-05 5.4019685678476534e-05 0.0 0.0 1.0
649 650 200000000000.0 80000000000.0 0.005969026041820614 2.7009842839238267e-05 5.4019685678476534e-05 0.0 0.0 1.0
650 651 200000000000.0 80000000000.0 0.005969026041820614 2.7009842839238267e-05 5.4019685678476534e-05 0.0 0.0 1.0
651 652 200000000000.0 80000000000.0 0.005969026041820614 2.7009842839238267e-05 5.4019685678476534e-05 0.0 0.0 1.0
652 653 200000000000.0 80000000000.0 0.005969026041820614 2.7009842839238267e-05 5.4019685678476534e-05 0.0 0.0 1.0
653 654 200000000000.0 80000000000.0 0.005969026041820614 2.7009842839238267e-05 5.4019685678476534e-05 0.0 0.0 1.0
654 655 200000000000.0 80000000000.0 0.005969026041820614 2.7009842839238267e-05 5.4019685678476534e-05 0.0 0.0 1.0
655 656 200000000000.0 80000000000.0 0.005969026041820614 2.7009842839238267e-05 5.4019685678476534e-05 0.0 0.0 1.0
656 657 200000000000.0 80000000000.0 0.005969026041820614 2.7009842839238267e-05 5.4019685678476534e-05 0.0 0.0 1.0
657 658 200000000000.0 80000000000.0 0.005969026041820614 2.7009842839238267e-05 5.4019685678476534e-05 0.0 0.0 1.0
658 659 200000000000.0 80000000000.0 0.005969026041820614 2.7009842839238267e-05 5.4019685678476534e-05 0.0 0.0 1.0
659 660 200000000000.0 80000000000.0 0.005969026041820614 2.7009842839238267e-05 5.4019685678476534e-05 0.0 0.0 1.0
660 661 200000000000.0 80000000000.0 0.005969026041820614 2.7009842839238267e-05 5.4019685678476534e-05 0.0 0.0 1.0
661 662 200000000000.0 80000000000.0 0.005969026041820614 2.7009842839238267e-05 5.4019685678476534e-05 0.0 0.0 1.0
662 663 200000000000.0 80000000000.0 0.005969026041820614 2.7009842839238267e-05 5.4019685678476534e-05 0.0 0.0 1.0
663 664 200000000000.0 80000000000.0 0.005969026041820614 2.7009842839238267e-05 5.4019685678476534e-05 0.0 0.0 1.0
664 665 200000000000.0 80000000000.0 0.005969026041820614 2.7009842839238267e-05 5.4019685678476534e-05 0.0 0.0 1.0
665 666 200000000000.0 80000000000.0 0.005969026041820614 2.7009842839238267e-05 5.4019685678476534e-05 0.0 0.0 1.0
666 667 200000000000.0 80000000000.0 0.005969026041820614 2.7009842839238267e-05 5.4019685678476534e-05 0.0 0.0 1.0
667 668 200000000000.0 80000000000.0 0.005969026041820614 2.7009842839238267e-05 5.4019685678476534e-05 0.0 0.0 1.0
668 669 200000000000.0 80000000000.0 0.005969026041820614 2.7009842839238267e-05 5.4019685678476534e-05 0.0 0.0 1.0
669 670 200000000000.0 80000000000.0 0.005969026041820614 2.7009842839238267e-05 5.4019685678476534e-05 0.0 0.0 1.0
670 671 200000000000.0 80000000000.0 0.005969026041820614 2.7009842839238267e-05 5.4019685678476534e-05 0.0 0.0 1.0
671 672 200000000000.0 80000000000.0 0.005969026041820614 2.7009842839238267e-05 5.4019685678476534e-05 0.0 0.0 1.0
672 673 200000000000.0 80000000000.0 0.005969026041820614 2.7009842839238267e-05 5.4019685678476534e-05 0.0 0.0 1.0
673 674 200000000000.0 80000000000.0 0.005969026041820614 2.7009842839238267e-05 5.4019685678476534e-05 0.0 0.0 1.0
674 675 200000000000.0 80000000000.0 0.005969026041820614 2.7009842839238267e-05 5.4019685678476534e-05 0.0 0.0 1.0
675 676 200000000000.0 80000000000.0 0.005969026041820614 2.7009842839238267e-05 5.4019685678476534e-05 0.0 0.0 1.0
676 677 200000000000.0 80000000000.0 0.005969026041820614 2.7009842839238267e-05 5.4019685678476534e-05 0.0 0.0 1.0
677 678 200000000000.0 80000000000.0 0.005969026041820614 2.7009842839238267e-05 5.4019685678476534e-05 0.0 0.0 1.0
678 679 200000000000.0 80000000000.0 0.005969026041820614 2.7009842839238267e-05 5.4019685678476534e-05 0.0 0.0 1.0
679 680 200000000000.0 80000000000.0 0.005969026041820614 2.7009842839238267e-05 5.4019685678476534e-05 0.0 0.0 1.0
680 681 200000000000.0 80000000000.0 0.005969026041820614 2.7009842839238267e-05 5.4019685678476534e-05 0.0 0.0 1.0
681 682 200000000000.0 80000000000.0 0.005969026041820614 2.7009842839238267e-05 5.4019685678476534e-05 0.0 0.0 1.0
682 683 200000000000.0 80000000000.0 0.005969026041820614 2.7009842839238267e-05 5.4019685678476534e-05 0.0 0.0 1.0
683 684 200000000000.0 80000000000.0 0.005969026041820614 2.7009842839238267e-05 5.4019685678476534e-05 0.0 0.0 1.0
684 685 200000000000.0 80000000000.0 0.005969026041820614 2.7009842839238267e-05 5.4019685678476534e-05 0.0 0.0 1.0
685 686 200000000000.0 80000000000.0 0.005969026041820614 2.7009842839238267e-05 5.4019685678476534e-05 0.0 0.0 1.0
686 687 200000000000.0 80000000000.0 0.005969026041820614 2.7009842839238267e-05 5.4019685678476534e-05 0.0 0.0 1.0
687 688 200000000000.0 80000000000.0 0.005969026041820614 2.7009842839238267e-05 5.4019685678476534e-05 0.0 0.0 1.0
688 689 200000000000.0 80000000000.0 0.005969026041820614 2.7009842839238267e-05 5.4019685678476534e-05 0.0 0.0 1.0
689 690 200000000000.0 80000000000.0 0.005969026041820614 2.7009842839238267e-05 5.4019685678476534e-05 0.0 0.0 1.0
690 691 200000000000.0 80000000000.0 0.005969026041820614 2.7009842839238267e-05 5.4019685678476534e-05 0.0 0.0 1.0
691 692 200000000000.0 80000000000.0 0.005969026041820614 2.7009842839238267e-05 5.4019685678476534e-05 0.0 0.0 1.0
692 693 200000000000.0 80000000000.0 0.005969026041820614 2.7009842839238267e-05 5.4019685678476534e-05 0.0 0.0 1.0
693 694 200000000000.0 80000000000.0 0.005969026041820614 2.7009842839238267e-05 5.4019685678476534e-05 0.0 0.0 1.0
694 695 200000000000.0 80000000000.0 0.005969026041820614 2.7009842839238267e-05 5.4019685678476534e-05 0.0 0.0 1.0
695 696 200000000000.0 80000000000.0 0.005969026041820614 2.7009842839238267e-05 5.4019685678476534e-05 0.0 0.0 1.0
696 697 200000000000.0 80000000000.0 0.005969026041820614 2.7009842839238267e-05 5.4019685678476534e-05 0.0 0.0 1.0
697 698 200000000000.0 80000000000.0 0.005969026041820614 2.7009842839238267e-05 5.4019685678476534e-05 0.0 0.0 1.0
698 699 200000000000.0 80000000000.0 0.005969026041820614 2.7009842839238267e-05 5.4019685678476534e-05 0.0 0.0 1.0
699 700 200000000000.0 80000000000.0 0.005969026041820614 2.7009842839238267e-05 5.4019685678476534e-05 0.0 0.0 1.0
700 701 200000000000.0 80000000000.0 0.005969026041820614 2.7009842839238267e-05 5.4019685678476534e-05 0.0 0.0 1.0
701 702 200000000000.0 80000000000.0 0.005969026041820614 2.7009842839238267e-05 5.4019685678476534e-05 0.0 0.0 1.0
702 703 200000000000.0 80000000000.0 0.005969026041820614 2.7009842839238267e-05 5.4019685678476534e-05 0.0 0.0 1.0
703 704 200000000000.0 80000000000.0 0.005969026041820614 2.7009842839238267e-05 5.4019685678476534e-05 0.0 0.0 1.0
704 705 200000000000.0 80000000000.0 0.005969026041820614 2.7009842839238267e-05 5.4019685678476534e-05 0.0 0.0 1.0
705 706 200000000000.0 80000000000.0 0.005969026041820614 2.7009842839238267e-05 5.4019685678476534e-05 0.0 0.0 1.0
706 707 200000000000.0 80000000000.0 0.005969026041820614 2.7009842839238267e-05 5.4019685678476534e-05 0.0 0.0 1.0
707 708 200000000000.0 80000000000.0 0.005969026041820614 2.7009842839238267e-05 5.4019685678476534e-05 0.0 0.0 1.0
708 709 200000000000.0 80000000000.0 0.005969026041820614 2.7009842839238267e-05 5.4019685678476534e-05 0.0 0.0 1.0
709 710 200000000000.0 80000000000.0 0.005969026041820614 2.7009842839238267e-05 5.4019685678476534e-05 0.0 0.0 1.0
710 711 200000000000.0 80000000000.0 0.005969026041820614 2.7009842839238267e-05 5.4019685678476534e-05 0.0 0.0 1.0
711 712 200000000000.0 80000000000.0 0.005969026041820614 2.7009842839238267e-05 5.4019685678476534e-05 0.0 0.0 1.0
712 713 200000000000.0 80000000000.0 0.005969026041820614 2.7009842839238267e-05 5.4019685678476534e-05 0.0 0.0 1.0
713 714 200000000000.0 80000000000.0 0.005969026041820614 2.7009842839238267e-05 5.4019685678476534e-05 0.0 0.0 1.0
714 715 200000000000.0 80000000000.0 0.005969026041820614 2.7009842839238267e-05 5.4019685678476534e-05 0.0 0.0 1.0
715 716 200000000000.0 80000000000.0 0.005969026041820614 2.7009842839238267e-05 5.4019685678476534e-05 0.0 0.0 1.0
716 717 200000000000.0 80000000000.0 0.005969026041820614 2.7009842839238267e-05 5.4019685678476534e-05 0.0 0.0 1.0
717 718 200000000000.0 80000000000.0 0.005969026041820614 2.7009842839238267e-05 5.4019685678476534e-05 0.0 0.0 1.0
718 719 200000000000.0 80000000000.0 0.005969026041820614 2.7009842839238267e-05 5.4019685678476534e-05 0.0 0.0 1.0
719 720 200000000000.0 80000000000.0 0.005969026041820614 2.7009842839238267e-05 5.4019685678476534e-05 0.0 0.0 1.0
720 721 200000000000.0 80000000000.0 0.005969026041820614 2.7009842839238267e-05 5.4019685678476534e-05 0.0 0.0 1.0
721 722 200000000000.0 80000000000.0 0.005969026041820614 2.7009842839238267e-05 5.4019685678476534e-05 0.0 0.0 1.0
722 723 200000000000.0 80000000000.0 0.005969026041820614 2.7009842839238267e-05 5.4019685678476534e-05 0.0 0.0 1.0
723 724 200000000000.0 80000000000.0 0.005969026041820614 2.7009842839238267e-05 5.4019685678476534e-05 0.0 0.0 1.0
724 725 200000000000.0 80000000000.0 0.005969026041820614 2.7009842839238267e-05 5.4019685678476534e-05 0.0 0.0 1.0
725 726 200000000000.0 80000000000.0 0.005969026041820614 2.7009842839238267e-05 5.4019685678476534e-05 0.0 0.0 1.0
726 727 200000000000.0 80000000000.0 0.005969026041820614 2.7009842839238267e-05 5.4019685678476534e-05 0.0 0.0 1.0
727 728 200000000000.0 80000000000.0 0.005969026041820614 2.7009842839238267e-05 5.4019685678476534e-05 0.0 0.0 1.0
728 729 200000000000.0 80000000000.0 0.005969026041820614 2.7009842839238267e-05 5.4019685678476534e-05 0.0 0.0 1.0
729 730 200000000000.0 80000000000.0 0.005969026041820614 2.7009842839238267e-05 5.4019685678476534e-05 0.0 0.0 1.0
730 731 200000000000.0 80000000000.0 0.005969026041820614 2.7009842839238267e-05 5.4019685678476534e-05 0.0 0.0 1.0
731 732 200000000000.0 80000000000.0 0.005969026041820614 2.7009842839238267e-05 5.4019685678476534e-05 0.0 0.0 1.0
732 733 200000000000.0 80000000000.0 0.005969026041820614 2.7009842839238267e-05 5.4019685678476534e-05 0.0 0.0 1.0
733 734 200000000000.0 80000000000.0 0.005969026041820614 2.7009842839238267e-05 5.4019685678476534e-05 0.0 0.0 1.0
734 735 200000000000.0 80000000000.0 0.005969026041820614 2.7009842839238267e-05 5.4019685678476534e-05 0.0 0.0 1.0
735 736 200000000000.0 80000000000.0 0.005969026041820614 2.7009842839238267e-05 5.4019685678476534e-05 0.0 0.0 1.0
736 737 200000000000.0 80000000000.0 0.005969026041820614 2.7009842839238267e-05 5.4019685678476534e-05 0.0 0.0 1.0
737 738 200000000000.0 80000000000.0 0.005969026041820614 2.7009842839238267e-05 5.4019685678476534e-05 0.0 0.0 1.0
738 739 200000000000.0 80000000000.0 0.005969026041820614 2.7009842839238267e-05 5.4019685678476534e-05 0.0 0.0 1.0
739 740 200000000000.0 80000000000.0 0.005969026041820614 2.7009842839238267e-05 5.4019685678476534e-05 0.0 0.0 1.0
740 741 200000000000.0 80000000000.0 0.005969026041820614 2.7009842839238267e-05 5.4019685678476534e-05 0.0 0.0 1.0
741 742 200000000000.0 80000000000.0 0.005969026041820614 2.7009842839238267e-05 5.4019685678476534e-05 0.0 0.0 1.0
742 743 200000000000.0 80000000000.0 0.005969026041820614 2.7009842839238267e-05 5.4019685678476534e-05 0.0 0.0 1.0
743 744 200000000000.0 80000000000.0 0.005969026041820614 2.7009842839238267e-05 5.4019685678476534e-05 0.0 0.0 1.0
744 745 200000000000.0 80000000000.0 0.005969026041820614 2.7009842839238267e-05 5.4019685678476534e-05 0.0 0.0 1.0
745 746 200000000000.0 80000000000.0 0.005969026041820614 2.7009842839238267e-05 5.4019685678476534e-05 0.0 0.0 1.0
746 747 200000000000.0 80000000000.0 0.005969026041820614 2.7009842839238267e-05 5.4019685678476534e-05 0.0 0.0 1.0
747 748 200000000000.0 80000000000.0 0.005969026041820614 2.7009842839238267e-05 5.4019685678476534e-05 0.0 0.0 1.0
748 749 200000000000.0 80000000000.0 0.005969026041820614 2.7009842839238267e-05 5.4019685678476534e-05 0.0 0.0 1.0
749 750 200000000000.0 80000000000.0 0.005969026041820614 2.7009842839238267e-05 5.4019685678476534e-05 0.0 0.0 1.0
750 751 200000000000.0 80000000000.0 0.005969026041820614 2.7009842839238267e-05 5.4019685678476534e-05 0.0 0.0 1.0
751 752 200000000000.0 80000000000.0 0.005969026041820614 2.7009842839238267e-05 5.4019685678476534e-05 0.0 0.0 1.0
752 753 200000000000.0 80000000000.0 0.005969026041820614 2.7009842839238267e-05 5.4019685678476534e-05 0.0 0.0 1.0
753 754 200000000000.0 80000000000.0 0.005969026041820614 2.7009842839238267e-05 5.4019685678476534e-05 0.0 0.0 1.0
754 755 200000000000.0 80000000000.0 0.005969026041820614 2.7009842839238267e-05 5.4019685678476534e-05 0.0 0.0 1.0
755 756 200000000000.0 80000000000.0 0.005969026041820614 2.7009842839238267e-05 5.4019685678476534e-05 0.0 0.0 1.0
756 757 200000000000.0 80000000000.0 0.005969026041820614 2.7009842839238267e-05 5.4019685678476534e-05 0.0 0.0 1.0
757 758 200000000000.0 80000000000.0 0.005969026041820614 2.7009842839238267e-05 5.4019685678476534e-05 0.0 0.0 1.0
758 759 200000000000.0 80000000000.0 0.005969026041820614 2.7009842839238267e-05 5.4019685678476534e-05 0.0 0.0 1.0
759 760 200000000000.0 80000000000.0 0.005969026041820614 2.7009842839238267e-05 5.4019685678476534e-05 0.0 0.0 1.0
760 761 200000000000.0 80000000000.0 0.005969026041820614 2.7009842839238267e-05 5.4019685678476534e-05 0.0 0.0 1.0
761 762 200000000000.0 80000000000.0 0.005969026041820614 2.7009842839238267e-05 5.4019685678476534e-05 0.0 0.0 1.0
762 763 200000000000.0 80000000000.0 0.005969026041820614 2.7009842839238267e-05 5.4019685678476534e-05 0.0 0.0 1.0
763 764 200000000000.0 80000000000.0 0.005969026041820614 2.7009842839238267e-05 5.4019685678476534e-05 0.0 0.0 1.0
764 765 200000000000.0 80000000000.0 0.005969026041820614 2.7009842839238267e-05 5.4019685678476534e-05 0.0 0.0 1.0
765 766 200000000000.0 80000000000.0 0.005969026041820614 2.7009842839238267e-05 5.4019685678476534e-05 0.0 0.0 1.0
766 767 200000000000.0 80000000000.0 0.005969026041820614 2.7009842839238267e-05 5.4019685678476534e-05 0.0 0.0 1.0
767 768 200000000000.0 80000000000.0 0.005969026041820614 2.7009842839238267e-05 5.4019685678476534e-05 0.0 0.0 1.0
768 769 200000000000.0 80000000000.0 0.005969026041820614 2.7009842839238267e-05 5.4019685678476534e-05 0.0 0.0 1.0
769 770 200000000000.0 80000000000.0 0.005969026041820614 2.7009842839238267e-05 5.4019685678476534e-05 0.0 0.0 1.0
770 771 200000000000.0 80000000000.0 0.005969026041820614 2.7009842839238267e-05 5.4019685678476534e-05 0.0 0.0 1.0
771 772 200000000000.0 80000000000.0 0.005969026041820614 2.7009842839238267e-05 5.4019685678476534e-05 0.0 0.0 1.0
772 773 200000000000.0 80000000000.0 0.005969026041820614 2.7009842839238267e-05 5.4019685678476534e-05 0.0 0.0 1.0
773 774 200000000000.0 80000000000.0 0.005969026041820614 2.7009842839238267e-05 5.4019685678476534e-05 0.0 0.0 1.0
774 775 200000000000.0 80000000000.0 0.005969026041820614 2.7009842839238267e-05 5.4019685678476534e-05 0.0 0.0 1.0
775 776 200000000000.0 80000000000.0 0.005969026041820614 2.7009842839238267e-05 5.4019685678476534e-05 0.0 0.0 1.0
776 777 200000000000.0 80000000000.0 0.005969026041820614 2.7009842839238267e-05 5.4019685678476534e-05 0.0 0.0 1.0
777 778 200000000000.0 80000000000.0 0.005969026041820614 2.7009842839238267e-05 5.4019685678476534e-05 0.0 0.0 1.0
778 779 200000000000.0 80000000000.0 0.005969026041820614 2.7009842839238267e-05 5.4019685678476534e-05 0.0 0.0 1.0
779 780 200000000000.0 80000000000.0 0.005969026041820614 2.7009842839238267e-05 5.4019685678476534e-05 0.0 0.0 1.0
780 781 200000000000.0 80000000000.0 0.005969026041820614 2.7009842839238267e-05 5.4019685678476534e-05 0.0 0.0 1.0
781 782 200000000000.0 80000000000.0 0.005969026041820614 2.7009842839238267e-05 5.4019685678476534e-05 0.0 0.0 1.0
782 783 200000000000.0 80000000000.0 0.005969026041820614 2.7009842839238267e-05 5.4019685678476534e-05 0.0 0.0 1.0
783 784 200000000000.0 80000000000.0 0.005969026041820614 2.7009842839238267e-05 5.4019685678476534e-05 0.0 0.0 1.0
784 785 200000000000.0 80000000000.0 0.005969026041820614 2.7009842839238267e-05 5.4019685678476534e-05 0.0 0.0 1.0
785 786 200000000000.0 80000000000.0 0.005969026041820614 2.7009842839238267e-05 5.4019685678476534e-05 0.0 0.0 1.0
786 787 200000000000.0 80000000000.0 0.005969026041820614 2.7009842839238267e-05 5.4019685678476534e-05 0.0 0.0 1.0
787 788 200000000000.0 80000000000.0 0.005969026041820614 2.7009842839238267e-05 5.4019685678476534e-05 0.0 0.0 1.0
788 789 200000000000.0 80000000000.0 0.005969026041820614 2.7009842839238267e-05 5.4019685678476534e-05 0.0 0.0 1.0
789 790 200000000000.0 80000000000.0 0.005969026041820614 2.7009842839238267e-05 5.4019685678476534e-05 0.0 0.0 1.0
790 791 200000000000.0 80000000000.0 0.005969026041820614 2.7009842839238267e-05 5.4019685678476534e-05 0.0 0.0 1.0
791 792 200000000000.0 80000000000.0 0.005969026041820614 2.7009842839238267e-05 5.4019685678476534e-05 0.0 0.0 1.0
792 793 200000000000.0 80000000000.0 0.005969026041820614 2.7009842839238267e-05 5.4019685678476534e-05 0.0 0.0 1.0
793 794 200000000000.0 80000000000.0 0.005969026041820614 2.7009842839238267e-05 5.4019685678476534e-05 0.0 0.0 1.0
794 795 200000000000.0 80000000000.0 0.005969026041820614 2.7009842839238267e-05 5.4019685678476534e-05 0.0 0.0 1.0
795 796 200000000000.0 80000000000.0 0.005969026041820614 2.7009842839238267e-05 5.4019685678476534e-05 0.0 0.0 1.0
796 797 200000000000.0 80000000000.0 0.005969026041820614 2.7009842839238267e-05 5.4019685678476534e-05 0.0 0.0 1.0
797 798 200000000000.0 80000000000.0 0.005969026041820614 2.7009842839238267e-05 5.4019685678476534e-05 0.0 0.0 1.0
798 799 200000000000.0 80000000000.0 0.005969026041820614 2.7009842839238267e-05 5.4019685678476534e-05 0.0 0.0 1.0
799 800 200000000000.0 80000000000.0 0.005969026041820614 2.7009842839238267e-05 5.4019685678476534e-05 0.0 0.0 1.0
800 801 200000000000.0 80000000000.0 0.005969026041820614 2.7009842839238267e-05 5.4019685678476534e-05 0.0 0.0 1.0
801 802 200000000000.0 80000000000.0 0.005969026041820614 2.7009842839238267e-05 5.4019685678476534e-05 0.0 0.0 1.0
802 803 200000000000.0 80000000000.0 0.005969026041820614 2.7009842839238267e-05 5.4019685678476534e-05 0.0 0.0 1.0
803 804 200000000000.0 80000000000.0 0.005969026041820614 2.7009842839238267e-05 5.4019685678476534e-05 0.0 0.0 1.0
804 805 200000000000.0 80000000000.0 0.005969026041820614 2.7009842839238267e-05 5.4019685678476534e-05 0.0 0.0 1.0
805 806 200000000000.0 80000000000.0 0.005969026041820614 2.7009842839238267e-05 5.4019685678476534e-05 0.0 0.0 1.0
806 807 200000000000.0 80000000000.0 0.005969026041820614 2.7009842839238267e-05 5.4019685678476534e-05 0.0 0.0 1.0
807 808 200000000000.0 80000000000.0 0.005969026041820614 2.7009842839238267e-05 5.4019685678476534e-05 0.0 0.0 1.0
808 809 200000000000.0 80000000000.0 0.005969026041820614 2.7009842839238267e-05 5.4019685678476534e-05 0.0 0.0 1.0
809 810 200000000000.0 80000000000.0 0.005969026041820614 2.7009842839238267e-05 5.4019685678476534e-05 0.0 0.0 1.0
810 811 200000000000.0 80000000000.0 0.005969026041820614 2.7009842839238267e-05 5.4019685678476534e-05 0.0 0.0 1.0
811 812 200000000000.0 80000000000.0 0.005969026041820614 2.7009842839238267e-05 5.4019685678476534e-05 0.0 0.0 1.0
812 813 200000000000.0 80000000000.0 0.005969026041820614 2.7009842839238267e-05 5.4019685678476534e-05 0.0 0.0 1.0
813 814 200000000000.0 80000000000.0 0.005969026041820614 2.7009842839238267e-05 5.4019685678476534e-05 0.0 0.0 1.0
814 815 200000000000.0 80000000000.0 0.005969026041820614 2.7009842839238267e-05 5.4019685678476534e-05 0.0 0.0 1.0
815 816 200000000000.0 80000000000.0 0.005969026041820614 2.7009842839238267e-05 5.4019685678476534e-05 0.0 0.0 1.0
816 817 200000000000.0 80000000000.0 0.005969026041820614 2.7009842839238267e-05 5.4019685678476534e-05 0.0 0.0 1.0
817 818 200000000000.0 80000000000.0 0.005969026041820614 2.7009842839238267e-05 5.4019685678476534e-05 0.0 0.0 1.0
818 819 200000000000.0 80000000000.0 0.005969026041820614 2.7009842839238267e-05 5.4019685678476534e-05 0.0 0.0 1.0
819 820 200000000000.0 80000000000.0 0.005969026041820614 2.7009842839238267e-05 5.4019685678476534e-05 0.0 0.0 1.0
820 821 200000000000.0 80000000000.0 0.005969026041820614 2.7009842839238267e-05 5.4019685678476534e-05 0.0 0.0 1.0
821 822 200000000000.0 80000000000.0 0.005969026041820614 2.7009842839238267e-05 5.4019685678476534e-05 0.0 0.0 1.0
822 823 200000000000.0 80000000000.0 0.005969026041820614 2.7009842839238267e-05 5.4019685678476534e-05 0.0 0.0 1.0
823 824 200000000000.0 80000000000.0 0.005969026041820614 2.7009842839238267e-05 5.4019685678476534e-05 0.0 0.0 1.0
824 825 200000000000.0 80000000000.0 0.005969026041820614 2.7009842839238267e-05 5.4019685678476534e-05 0.0 0.0 1.0
825 826 200000000000.0 80000000000.0 0.005969026041820614 2.7009842839238267e-05 5.4019685678476534e-05 0.0 0.0 1.0
826 827 200000000000.0 80000000000.0 0.005969026041820614 2.7009842839238267e-05 5.4019685678476534e-05 0.0 0.0 1.0
827 828 200000000000.0 80000000000.0 0.005969026041820614 2.7009842839238267e-05 5.4019685678476534e-05 0.0 0.0 1.0
828 829 200000000000.0 80000000000.0 0.005969026041820614 2.7009842839238267e-05 5.4019685678476534e-05 0.0 0.0 1.0
829 830 200000000000.0 80000000000.0 0.005969026041820614 2.7009842839238267e-05 5.4019685678476534e-05 0.0 0.0 1.0
830 831 200000000000.0 80000000000.0 0.005969026041820614 2.7009842839238267e-05 5.4019685678476534e-05 0.0 0.0 1.0
831 832 200000000000.0 80000000000.0 0.005969026041820614 2.7009842839238267e-05 5.4019685678476534e-05 0.0 0.0 1.0
832 833 200000000000.0 80000000000.0 0.005969026041820614 2.7009842839238267e-05 5.4019685678476534e-05 0.0 0.0 1.0
833 834 200000000000.0 80000000000.0 0.005969026041820614 2.7009842839238267e-05 5.4019685678476534e-05 0.0 0.0 1.0
834 835 200000000000.0 80000000000.0 0.005969026041820614 2.7009842839238267e-05 5.4019685678476534e-05 0.0 0.0 1.0
835 836 200000000000.0 80000000000.0 0.005969026041820614 2.7009842839238267e-05 5.4019685678476534e-05 0.0 0.0 1.0
836 837 200000000000.0 80000000000.0 0.005969026041820614 2.7009842839238267e-05 5.4019685678476534e-05 0.0 0.0 1.0
837 838 200000000000.0 80000000000.0 0.005969026041820614 2.7009842839238267e-05 5.4019685678476534e-05 0.0 0.0 1.0
838 839 200000000000.0 80000000000.0 0.005969026041820614 2.7009842839238267e-05 5.4019685678476534e-05 0.0 0.0 1.0
839 840 200000000000.0 80000000000.0 0.005969026041820614 2.7009842839238267e-05 5.4019685678476534e-05 0.0 0.0 1.0
840 841 200000000000.0 80000000000.0 0.005969026041820614 2.7009842839238267e-05 5.4019685678476534e-05 0.0 0.0 1.0
841 842 200000000000.0 80000000000.0 0.005969026041820614 2.7009842839238267e-05 5.4019685678476534e-05 0.0 0.0 1.0
842 843 200000000000.0 80000000000.0 0.005969026041820614 2.7009842839238267e-05 5.4019685678476534e-05 0.0 0.0 1.0
843 844 200000000000.0 80000000000.0 0.005969026041820614 2.7009842839238267e-05 5.4019685678476534e-05 0.0 0.0 1.0
844 845 200000000000.0 80000000000.0 0.005969026041820614 2.7009842839238267e-05 5.4019685678476534e-05 0.0 0.0 1.0
845 846 200000000000.0 80000000000.0 0.005969026041820614 2.7009842839238267e-05 5.4019685678476534e-05 0.0 0.0 1.0
846 847 200000000000.0 80000000000.0 0.005969026041820614 2.7009842839238267e-05 5.4019685678476534e-05 0.0 0.0 1.0
847 848 200000000000.0 80000000000.0 0.005969026041820614 2.7009842839238267e-05 5.4019685678476534e-05 0.0 0.0 1.0
848 849 200000000000.0 80000000000.0 0.005969026041820614 2.7009842839238267e-05 5.4019685678476534e-05 0.0 0.0 1.0
849 850 200000000000.0 80000000000.0 0.005969026041820614 2.7009842839238267e-05 5.4019685678476534e-05 0.0 0.0 1.0
850 851 200000000000.0 80000000000.0 0.005969026041820614 2.7009842839238267e-05 5.4019685678476534e-05 0.0 0.0 1.0
851 852 200000000000.0 80000000000.0 0.005969026041820614 2.7009842839238267e-05 5.4019685678476534e-05 0.0 0.0 1.0
852 853 200000000000.0 80000000000.0 0.005969026041820614 2.7009842839238267e-05 5.4019685678476534e-05 0.0 0.0 1.0
853 854 200000000000.0 80000000000.0 0.005969026041820614 2.7009842839238267e-05 5.4019685678476534e-05 0.0 0.0 1.0
854 855 200000000000.0 80000000000.0 0.005969026041820614 2.7009842839238267e-05 5.4019685678476534e-05 0.0 0.0 1.0
855 856 200000000000.0 80000000000.0 0.005969026041820614 2.7009842839238267e-05 5.4019685678476534e-05 0.0 0.0 1.0
856 857 200000000000.0 80000000000.0 0.005969026041820614 2.7009842839238267e-05 5.4019685678476534e-05 0.0 0.0 1.0
857 858 200000000000.0 80000000000.0 0.005969026041820614 2.7009842839238267e-05 5.4019685678476534e-05 0.0 0.0 1.0
858 859 200000000000.0 80000000000.0 0.005969026041820614 2.7009842839238267e-05 5.4019685678476534e-05 0.0 0.0 1.0
859 860 200000000000.0 80000000000.0 0.005969026041820614 2.7009842839238267e-05 5.4019685678476534e-05 0.0 0.0 1.0
860 861 200000000000.0 80000000000.0 0.005969026041820614 2.7009842839238267e-05 5.4019685678476534e-05 0.0 0.0 1.0
861 862 200000000000.0 80000000000.0 0.005969026041820614 2.7009842839238267e-05 5.4019685678476534e-05 0.0 0.0 1.0
862 863 200000000000.0 80000000000.0 0.005969026041820614 2.7009842839238267e-05 5.4019685678476534e-05 0.0 0.0 1.0
863 864 200000000000.0 80000000000.0 0.005969026041820614 2.7009842839238267e-05 5.4019685678476534e-05 0.0 0.0 1.0
864 865 200000000000.0 80000000000.0 0.005969026041820614 2.7009842839238267e-05 5.4019685678476534e-05 0.0 0.0 1.0
865 866 200000000000.0 80000000000.0 0.005969026041820614 2.7009842839238267e-05 5.4019685678476534e-05 0.0 0.0 1.0
866 867 200000000000.0 80000000000.0 0.005969026041820614 2.7009842839238267e-05 5.4019685678476534e-05 0.0 0.0 1.0
867 868 200000000000.0 80000000000.0 0.005969026041820614 2.7009842839238267e-05 5.4019685678476534e-05 0.0 0.0 1.0
868 869 200000000000.0 80000000000.0 0.005969026041820614 2.7009842839238267e-05 5.4019685678476534e-05 0.0 0.0 1.0
869 870 200000000000.0 80000000000.0 0.005969026041820614 2.7009842839238267e-05 5.4019685678476534e-05 0.0 0.0 1.0
870 871 200000000000.0 80000000000.0 0.005969026041820614 2.7009842839238267e-05 5.4019685678476534e-05 0.0 0.0 1.0
871 872 200000000000.0 80000000000.0 0.005969026041820614 2.7009842839238267e-05 5.4019685678476534e-05 0.0 0.0 1.0
872 873 200000000000.0 80000000000.0 0.005969026041820614 2.7009842839238267e-05 5.4019685678476534e-05 0.0 0.0 1.0
873 874 200000000000.0 80000000000.0 0.005969026041820614 2.7009842839238267e-05 5.4019685678476534e-05 0.0 0.0 1.0
874 875 200000000000.0 80000000000.0 0.005969026041820614 2.7009842839238267e-05 5.4019685678476534e-05 0.0 0.0 1.0
875 876 200000000000.0 80000000000.0 0.005969026041820614 2.7009842839238267e-05 5.4019685678476534e-05 0.0 0.0 1.0
876 877 200000000000.0 80000000000.0 0.005969026041820614 2.7009842839238267e-05 5.4019685678476534e-05 0.0 0.0 1.0
877 878 200000000000.0 80000000000.0 0.005969026041820614 2.7009842839238267e-05 5.4019685678476534e-05 0.0 0.0 1.0
878 879 200000000000.0 80000000000.0 0.005969026041820614 2.7009842839238267e-05 5.4019685678476534e-05 0.0 0.0 1.0
879 880 200000000000.0 80000000000.0 0.005969026041820614 2.7009842839238267e-05 5.4019685678476534e-05 0.0 0.0 1.0
880 881 200000000000.0 80000000000.0 0.005969026041820614 2.7009842839238267e-05 5.4019685678476534e-05 0.0 0.0 1.0
881 882 200000000000.0 80000000000.0 0.005969026041820614 2.7009842839238267e-05 5.4019685678476534e-05 0.0 0.0 1.0
882 883 200000000000.0 80000000000.0 0.005969026041820614 2.7009842839238267e-05 5.4019685678476534e-05 0.0 0.0 1.0
883 884 200000000000.0 80000000000.0 0.005969026041820614 2.7009842839238267e-05 5.4019685678476534e-05 0.0 0.0 1.0
884 885 200000000000.0 80000000000.0 0.005969026041820614 2.7009842839238267e-05 5.4019685678476534e-05 0.0 0.0 1.0
885 886 200000000000.0 80000000000.0 0.005969026041820614 2.7009842839238267e-05 5.4019685678476534e-05 0.0 0.0 1.0
886 887 200000000000.0 80000000000.0 0.005969026041820614 2.7009842839238267e-05 5.4019685678476534e-05 0.0 0.0 1.0
887 888 200000000000.0 80000000000.0 0.005969026041820614 2.7009842839238267e-05 5.4019685678476534e-05 0.0 0.0 1.0
888 889 200000000000.0 80000000000.0 0.005969026041820614 2.7009842839238267e-05 5.4019685678476534e-05 0.0 0.0 1.0
889 890 200000000000.0 80000000000.0 0.005969026041820614 2.7009842839238267e-05 5.4019685678476534e-05 0.0 0.0 1.0
890 891 200000000000.0 80000000000.0 0.005969026041820614 2.7009842839238267e-05 5.4019685678476534e-05 0.0 0.0 1.0
891 892 200000000000.0 80000000000.0 0.005969026041820614 2.7009842839238267e-05 5.4019685678476534e-05 0.0 0.0 1.0
892 893 200000000000.0 80000000000.0 0.005969026041820614 2.7009842839238267e-05 5.4019685678476534e-05 0.0 0.0 1.0
893 894 200000000000.0 80000000000.0 0.005969026041820614 2.7009842839238267e-05 5.4019685678476534e-05 0.0 0.0 1.0
894 895 200000000000.0 80000000000.0 0.005969026041820614 2.7009842839238267e-05 5.4019685678476534e-05 0.0 0.0 1.0
895 896 200000000000.0 80000000000.0 0.005969026041820614 2.7009842839238267e-05 5.4019685678476534e-05 0.0 0.0 1.0
896 897 200000000000.0 80000000000.0 0.005969026041820614 2.7009842839238267e-05 5.4019685678476534e-05 0.0 0.0 1.0
897 898 200000000000.0 80000000000.0 0.005969026041820614 2.7009842839238267e-05 5.4019685678476534e-05 0.0 0.0 1.0
898 899 200000000000.0 80000000000.0 0.005969026041820614 2.7009842839238267e-05 5.4019685678476534e-05 0.0 0.0 1.0
899 900 200000000000.0 80000000000.0 0.005969026041820614 2.7009842839238267e-05 5.4019685678476534e-05 0.0 0.0 1.0
900 901 200000000000.0 80000000000.0 0.005969026041820614 2.7009842839238267e-05 5.4019685678476534e-05 0.0 0.0 1.0
901 902 200000000000.0 80000000000.0 0.005969026041820614 2.7009842839238267e-05 5.4019685678476534e-05 0.0 0.0 1.0
902 903 200000000000.0 80000000000.0 0.005969026041820614 2.7009842839238267e-05 5.4019685678476534e-05 0.0 0.0 1.0
903 904 200000000000.0 80000000000.0 0.005969026041820614 2.7009842839238267e-05 5.4019685678476534e-05 0.0 0.0 1.0
904 905 200000000000.0 80000000000.0 0.005969026041820614 2.7009842839238267e-05 5.4019685678476534e-05 0.0 0.0 1.0
905 906 200000000000.0 80000000000.0 0.005969026041820614 2.7009842839238267e-05 5.4019685678476534e-05 0.0 0.0 1.0
906 907 200000000000.0 80000000000.0 0.005969026041820614 2.7009842839238267e-05 5.4019685678476534e-05 0.0 0.0 1.0
907 908 200000000000.0 80000000000.0 0.005969026041820614 2.7009842839238267e-05 5.4019685678476534e-05 0.0 0.0 1.0
908 909 200000000000.0 80000000000.0 0.005969026041820614 2.7009842839238267e-05 5.4019685678476534e-05 0.0 0.0 1.0
909 910 200000000000.0 80000000000.0 0.005969026041820614 2.7009842839238267e-05 5.4019685678476534e-05 0.0 0.0 1.0
910 911 200000000000.0 80000000000.0 0.005969026041820614 2.7009842839238267e-05 5.4019685678476534e-05 0.0 0.0 1.0
911 912 200000000000.0 80000000000.0 0.005969026041820614 2.7009842839238267e-05 5.4019685678476534e-05 0.0 0.0 1.0
912 913 200000000000.0 80000000000.0 0.005969026041820614 2.7009842839238267e-05 5.4019685678476534e-05 0.0 0.0 1.0
913 914 200000000000.0 80000000000.0 0.005969026041820614 2.7009842839238267e-05 5.4019685678476534e-05 0.0 0.0 1.0
914 915 200000000000.0 80000000000.0 0.005969026041820614 2.7009842839238267e-05 5.4019685678476534e-05 0.0 0.0 1.0
915 916 200000000000.0 80000000000.0 0.005969026041820614 2.7009842839238267e-05 5.4019685678476534e-05 0.0 0.0 1.0
916 917 200000000000.0 80000000000.0 0.005969026041820614 2.7009842839238267e-05 5.4019685678476534e-05 0.0 0.0 1.0
917 918 200000000000.0 80000000000.0 0.005969026041820614 2.7009842839238267e-05 5.4019685678476534e-05 0.0 0.0 1.0
918 919 200000000000.0 80000000000.0 0.005969026041820614 2.7009842839238267e-05 5.4019685678476534e-05 0.0 0.0 1.0
919 920 200000000000.0 80000000000.0 0.005969026041820614 2.7009842839238267e-05 5.4019685678476534e-05 0.0 0.0 1.0
920 921 200000000000.0 80000000000.0 0.005969026041820614 2.7009842839238267e-05 5.4019685678476534e-05 0.0 0.0 1.0
921 922 200000000000.0 80000000000.0 0.005969026041820614 2.7009842839238267e-05 5.4019685678476534e-05 0.0 0.0 1.0
922 923 200000000000.0 80000000000.0 0.005969026041820614 2.7009842839238267e-05 5.4019685678476534e-05 0.0 0.0 1.0
923 924 200000000000.0 80000000000.0 0.005969026041820614 2.7009842839238267e-05 5.4019685678476534e-05 0.0 0.0 1.0
924 925 200000000000.0 80000000000.0 0.005969026041820614 2.7009842839238267e-05 5.4019685678476534e-05 0.0 0.0 1.0
925 926 200000000000.0 80000000000.0 0.005969026041820614 2.7009842839238267e-05 5.4019685678476534e-05 0.0 0.0 1.0
926 927 200000000000.0 80000000000.0 0.005969026041820614 2.7009842839238267e-05 5.4019685678476534e-05 0.0 0.0 1.0
927 928 200000000000.0 80000000000.0 0.005969026041820614 2.7009842839238267e-05 5.4019685678476534e-05 0.0 0.0 1.0
928 929 200000000000.0 80000000000.0 0.005969026041820614 2.7009842839238267e-05 5.4019685678476534e-05 0.0 0.0 1.0
929 930 200000000000.0 80000000000.0 0.005969026041820614 2.7009842839238267e-05 5.4019685678476534e-05 0.0 0.0 1.0
930 931 200000000000.0 80000000000.0 0.005969026041820614 2.7009842839238267e-05 5.4019685678476534e-05 0.0 0.0 1.0
931 932 200000000000.0 80000000000.0 0.005969026041820614 2.7009842839238267e-05 5.4019685678476534e-05 0.0 0.0 1.0
932 933 200000000000.0 80000000000.0 0.005969026041820614 2.7009842839238267e-05 5.4019685678476534e-05 0.0 0.0 1.0
933 934 200000000000.0 80000000000.0 0.005969026041820614 2.7009842839238267e-05 5.4019685678476534e-05 0.0 0.0 1.0
934 935 200000000000.0 80000000000.0 0.005969026041820614 2.7009842839238267e-05 5.4019685678476534e-05 0.0 0.0 1.0
935 936 200000000000.0 80000000000.0 0.005969026041820614 2.7009842839238267e-05 5.4019685678476534e-05 0.0 0.0 1.0
936 937 200000000000.0 80000000000.0 0.005969026041820614 2.7009842839238267e-05 5.4019685678476534e-05 0.0 0.0 1.0
937 938 200000000000.0 80000000000.0 0.005969026041820614 2.7009842839238267e-05 5.4019685678476534e-05 0.0 0.0 1.0
938 939 200000000000.0 80000000000.0 0.005969026041820614 2.7009842839238267e-05 5.4019685678476534e-05 0.0 0.0 1.0
939 940 200000000000.0 80000000000.0 0.005969026041820614 2.7009842839238267e-05 5.4019685678476534e-05 0.0 0.0 1.0
940 941 200000000000.0 80000000000.0 0.005969026041820614 2.7009842839238267e-05 5.4019685678476534e-05 0.0 0.0 1.0
941 942 200000000000.0 80000000000.0 0.005969026041820614 2.7009842839238267e-05 5.4019685678476534e-05 0.0 0.0 1.0
942 943 200000000000.0 80000000000.0 0.005969026041820614 2.7009842839238267e-05 5.4019685678476534e-05 0.0 0.0 1.0
943 944 200000000000.0 80000000000.0 0.005969026041820614 2.7009842839238267e-05 5.4019685678476534e-05 0.0 0.0 1.0
944 945 200000000000.0 80000000000.0 0.005969026041820614 2.7009842839238267e-05 5.4019685678476534e-05 0.0 0.0 1.0
945 946 200000000000.0 80000000000.0 0.005969026041820614 2.7009842839238267e-05 5.4019685678476534e-05 0.0 0.0 1.0
946 947 200000000000.0 80000000000.0 0.005969026041820614 2.7009842839238267e-05 5.4019685678476534e-05 0.0 0.0 1.0
947 948 200000000000.0 80000000000.0 0.005969026041820614 2.7009842839238267e-05 5.4019685678476534e-05 0.0 0.0 1.0
948 949 200000000000.0 80000000000.0 0.005969026041820614 2.7009842839238267e-05 5.4019685678476534e-05 0.0 0.0 1.0
949 950 200000000000.0 80000000000.0 0.005969026041820614 2.7009842839238267e-05 5.4019685678476534e-05 0.0 0.0 1.0
950 951 200000000000.0 80000000000.0 0.005969026041820614 2.7009842839238267e-05 5.4019685678476534e-05 0.0 0.0 1.0
951 952 200000000000.0 80000000000.0 0.005969026041820614 2.7009842839238267e-05 5.4019685678476534e-05 0.0 0.0 1.0
952 953 200000000000.0 80000000000.0 0.005969026041820614 2.7009842839238267e-05 5.4019685678476534e-05 0.0 0.0 1.0
953 954 200000000000.0 80000000000.0 0.005969026041820614 2.7009842839238267e-05 5.4019685678476534e-05 0.0 0.0 1.0
954 955 200000000000.0 80000000000.0 0.005969026041820614 2.7009842839238267e-05 5.4019685678476534e-05 0.0 0.0 1.0
955 956 200000000000.0 80000000000.0 0.005969026041820614 2.7009842839238267e-05 5.4019685678476534e-05 0.0 0.0 1.0
956 957 200000000000.0 80000000000.0 0.005969026041820614 2.7009842839238267e-05 5.4019685678476534e-05 0.0 0.0 1.0
957 958 200000000000.0 80000000000.0 0.005969026041820614 2.7009842839238267e-05 5.4019685678476534e-05 0.0 0.0 1.0
958 959 200000000000.0 80000000000.0 0.005969026041820614 2.7009842839238267e-05 5.4019685678476534e-05 0.0 0.0 1.0
959 960 200000000000.0 80000000000.0 0.005969026041820614 2.7009842839238267e-05 5.4019685678476534e-05 0.0 0.0 1.0
960 961 200000000000.0 80000000000.0 0.005969026041820614 2.7009842839238267e-05 5.4019685678476534e-05 0.0 0.0 1.0
961 962 200000000000.0 80000000000.0 0.005969026041820614 2.7009842839238267e-05 5.4019685678476534e-05 0.0 0.0 1.0
962 963 200000000000.0 80000000000.0 0.005969026041820614 2.7009842839238267e-05 5.4019685678476534e-05 0.0 0.0 1.0
963 964 200000000000.0 80000000000.0 0.005969026041820614 2.7009842839238267e-05 5.4019685678476534e-05 0.0 0.0 1.0
964 965 200000000000.0 80000000000.0 0.005969026041820614 2.7009842839238267e-05 5.4019685678476534e-05 0.0 0.0 1.0
965 966 200000000000.0 80000000000.0 0.005969026041820614 2.7009842839238267e-05 5.4019685678476534e-05 0.0 0.0 1.0
966 967 200000000000.0 80000000000.0 0.005969026041820614 2.7009842839238267e-05 5.4019685678476534e-05 0.0 0.0 1.0
967 968 200000000000.0 80000000000.0 0.005969026041820614 2.7009842839238267e-05 5.4019685678476534e-05 0.0 0.0 1.0
968 969 200000000000.0 80000000000.0 0.005969026041820614 2.7009842839238267e-05 5.4019685678476534e-05 0.0 0.0 1.0
969 970 200000000000.0 80000000000.0 0.005969026041820614 2.7009842839238267e-05 5.4019685678476534e-05 0.0 0.0 1.0
970 971 200000000000.0 80000000000.0 0.005969026041820614 2.7009842839238267e-05 5.4019685678476534e-05 0.0 0.0 1.0
971 972 200000000000.0 80000000000.0 0.005969026041820614 2.7009842839238267e-05 5.4019685678476534e-05 0.0 0.0 1.0
972 973 200000000000.0 80000000000.0 0.005969026041820614 2.7009842839238267e-05 5.4019685678476534e-05 0.0 0.0 1.0
973 974 200000000000.0 80000000000.0 0.005969026041820614 2.7009842839238267e-05 5.4019685678476534e-05 0.0 0.0 1.0
974 975 200000000000.0 80000000000.0 0.005969026041820614 2.7009842839238267e-05 5.4019685678476534e-05 0.0 0.0 1.0
975 976 200000000000.0 80000000000.0 0.005969026041820614 2.7009842839238267e-05 5.4019685678476534e-05 0.0 0.0 1.0
976 977 200000000000.0 80000000000.0 0.005969026041820614 2.7009842839238267e-05 5.4019685678476534e-05 0.0 0.0 1.0
977 978 200000000000.0 80000000000.0 0.005969026041820614 2.7009842839238267e-05 5.4019685678476534e-05 0.0 0.0 1.0
978 979 200000000000.0 80000000000.0 0.005969026041820614 2.7009842839238267e-05 5.4019685678476534e-05 0.0 0.0 1.0
979 980 200000000000.0 80000000000.0 0.005969026041820614 2.7009842839238267e-05 5.4019685678476534e-05 0.0 0.0 1.0
980 981 200000000000.0 80000000000.0 0.005969026041820614 2.7009842839238267e-05 5.4019685678476534e-05 0.0 0.0 1.0
981 982 200000000000.0 80000000000.0 0.005969026041820614 2.7009842839238267e-05 5.4019685678476534e-05 0.0 0.0 1.0
982 983 200000000000.0 80000000000.0 0.005969026041820614 2.7009842839238267e-05 5.4019685678476534e-05 0.0 0.0 1.0
983 984 200000000000.0 80000000000.0 0.005969026041820614 2.7009842839238267e-05 5.4019685678476534e-05 0.0 0.0 1.0
984 985 200000000000.0 80000000000.0 0.005969026041820614 2.7009842839238267e-05 5.4019685678476534e-05 0.0 0.0 1.0
985 986 200000000000.0 80000000000.0 0.005969026041820614 2.7009842839238267e-05 5.4019685678476534e-05 0.0 0.0 1.0
986 987 200000000000.0 80000000000.0 0.005969026041820614 2.7009842839238267e-05 5.4019685678476534e-05 0.0 0.0 1.0
987 988 200000000000.0 80000000000.0 0.005969026041820614 2.7009842839238267e-05 5.4019685678476534e-05 0.0 0.0 1.0
988 989 200000000000.0 80000000000.0 0.005969026041820614 2.7009842839238267e-05 5.4019685678476534e-05 0.0 0.0 1.0
989 990 200000000000.0 80000000000.0 0.005969026041820614 2.7009842839238267e-05 5.4019685678476534e-05 0.0 0.0 1.0
990 991 200000000000.0 80000000000.0 0.005969026041820614 2.7009842839238267e-05 5.4019685678476534e-05 0.0 0.0 1.0
991 992 200000000000.0 80000000000.0 0.005969026041820614 2.7009842839238267e-05 5.4019685678476534e-05 0.0 0.0 1.0
992 993 200000000000.0 80000000000.0 0.005969026041820614 2.7009842839238267e-05 5.4019685678476534e-05 0.0 0.0 1.0
993 994 200000000000.0 80000000000.0 0.005969026041820614 2.7009842839238267e-05 5.4019685678476534e-05 0.0 0.0 1.0
994 995 200000000000.0 80000000000.0 0.005969026041820614 2.7009842839238267e-05 5.4019685678476534e-05 0.0 0.0 1.0
995 996 200000000000.0 80000000000.0 0.005969026041820614 2.7009842839238267e-05 5.4019685678476534e-05 0.0 0.0 1.0
996 997 200000000000.0 80000000000.0 0.005969026041820614 2.7009842839238267e-05 5.4019685678476534e-05 0.0 0.0 1.0
997 998 200000000000.0 80000000000.0 0.005969026041820614 2.7009842839238267e-05 5.4019685678476534e-05 0.0 0.0 1.0
998 999 200000000000.0 80000000000.0 0.005969026041820614 2.7009842839238267e-05 5.4019685678476534e-05 0.0 0.0 1.0
999 1000 200000000000.0 80000000000.0 0.005969026041820614 2.7009842839238267e-05 5.4019685678476534e-05 0.0 0.0 1.0
1001 1002 200000000000.0 80000000000.0 0.005969026041820614 2.7009842839238267e-05 5.4019685678476534e-05 0.0 0.0 1.0
1002 1003 200000000000.0 80000000000.0 0.005969026041820614 2.7009842839238267e-05 5.4019685678476534e-05 0.0 0.0 1.0
1003 1004 200000000000.0 80000000000.0 0.005969026041820614 2.7009842839238267e-05 5.4019685678476534e-05 0.0 0.0 1.0
1004 1005 200000000000.0 80000000000.0 0.005969026041820614 2.7009842839238267e-05 5.4019685678476534e-05 0.0 0.0 1.0
1005 1006 200000000000.0 80000000000.0 0.005969026041820614 2.7009842839238267e-05 5.4019685678476534e-05 0.0 0.0 1.0
rigid 24
0
1
2
3
4
5
6006
6007
6008
6012
6013
6014
6018
6019
6020
6024
6025
6026
6030
6031
6032
6036
6037
6038
springs 0
loads 9
6000 5.7220458984375e-06
6001 -2.86102294921875e-06
6002 8.58306884765625e-06
6003 0.09375
6004 0.1875
6005 -0.09375
6039 0.001
6040 0.002
6041 0.002
