
> @openpipestress/desktop@0.1.0 test
> vitest run src/App.projectHandlers.test.tsx src/App.shell.test.tsx src/App.deadControls.test.tsx src/features/result-export/ResultExportPanel.test.tsx src/features/stress-neutral/StressNeutralExportPanel.test.tsx src/features/solve/SolvePanel.test.tsx --maxWorkers=2 --config /private/tmp/piping-physics-ts-vitest.config.mjs --configLoader runner


 RUN  v4.1.10 /private/tmp/piping-engine-integration-20260925/projects/chirality-piping/apps/desktop

Error: Not implemented: HTMLCanvasElement.prototype.getContext (without installing the canvas npm package)
    at module.exports (/Users/ryan/.codex/worktrees/6614/chirality/projects/chirality-piping/node_modules/jsdom/lib/jsdom/browser/not-implemented.js:9:17)
    at HTMLCanvasElementImpl.getContext (/Users/ryan/.codex/worktrees/6614/chirality/projects/chirality-piping/node_modules/jsdom/lib/jsdom/living/nodes/HTMLCanvasElement-impl.js:42:5)
    at HTMLCanvasElement.getContext (/Users/ryan/.codex/worktrees/6614/chirality/projects/chirality-piping/node_modules/jsdom/lib/jsdom/living/generated/HTMLCanvasElement.js:131:58)
    at getContext (file:///Users/ryan/.codex/worktrees/6614/chirality/projects/chirality-piping/node_modules/three/build/three.module.js:15443:18)
    at new WebGLRenderer (file:///Users/ryan/.codex/worktrees/6614/chirality/projects/chirality-piping/node_modules/three/build/three.module.js:15472:11)
    at new ViewportResource (/private/tmp/piping-engine-integration-20260925/projects/chirality-piping/apps/desktop/src/features/viewport/viewportResource.ts:509:21)
    at /private/tmp/piping-engine-integration-20260925/projects/chirality-piping/apps/desktop/src/features/viewport/PipeViewport.tsx:909:18
    at Object.react_stack_bottom_frame (/Users/ryan/.codex/worktrees/6614/chirality/projects/chirality-piping/node_modules/react-dom/cjs/react-dom-client.development.js:25989:20)
    at runWithFiberInDEV (/Users/ryan/.codex/worktrees/6614/chirality/projects/chirality-piping/node_modules/react-dom/cjs/react-dom-client.development.js:874:13)
    at commitHookEffectListMount (/Users/ryan/.codex/worktrees/6614/chirality/projects/chirality-piping/node_modules/react-dom/cjs/react-dom-client.development.js:13249:29) undefined
Error: Not implemented: HTMLCanvasElement.prototype.getContext (without installing the canvas npm package)
    at module.exports (/Users/ryan/.codex/worktrees/6614/chirality/projects/chirality-piping/node_modules/jsdom/lib/jsdom/browser/not-implemented.js:9:17)
    at HTMLCanvasElementImpl.getContext (/Users/ryan/.codex/worktrees/6614/chirality/projects/chirality-piping/node_modules/jsdom/lib/jsdom/living/nodes/HTMLCanvasElement-impl.js:42:5)
    at HTMLCanvasElement.getContext (/Users/ryan/.codex/worktrees/6614/chirality/projects/chirality-piping/node_modules/jsdom/lib/jsdom/living/generated/HTMLCanvasElement.js:131:58)
    at getContext (file:///Users/ryan/.codex/worktrees/6614/chirality/projects/chirality-piping/node_modules/three/build/three.module.js:15443:18)
    at new WebGLRenderer (file:///Users/ryan/.codex/worktrees/6614/chirality/projects/chirality-piping/node_modules/three/build/three.module.js:15476:11)
    at new ViewportResource (/private/tmp/piping-engine-integration-20260925/projects/chirality-piping/apps/desktop/src/features/viewport/viewportResource.ts:509:21)
    at /private/tmp/piping-engine-integration-20260925/projects/chirality-piping/apps/desktop/src/features/viewport/PipeViewport.tsx:909:18
    at Object.react_stack_bottom_frame (/Users/ryan/.codex/worktrees/6614/chirality/projects/chirality-piping/node_modules/react-dom/cjs/react-dom-client.development.js:25989:20)
    at runWithFiberInDEV (/Users/ryan/.codex/worktrees/6614/chirality/projects/chirality-piping/node_modules/react-dom/cjs/react-dom-client.development.js:874:13)
    at commitHookEffectListMount (/Users/ryan/.codex/worktrees/6614/chirality/projects/chirality-piping/node_modules/react-dom/cjs/react-dom-client.development.js:13249:29) undefined
Error: Not implemented: HTMLCanvasElement.prototype.getContext (without installing the canvas npm package)
    at module.exports (/Users/ryan/.codex/worktrees/6614/chirality/projects/chirality-piping/node_modules/jsdom/lib/jsdom/browser/not-implemented.js:9:17)
    at HTMLCanvasElementImpl.getContext (/Users/ryan/.codex/worktrees/6614/chirality/projects/chirality-piping/node_modules/jsdom/lib/jsdom/living/nodes/HTMLCanvasElement-impl.js:42:5)
    at HTMLCanvasElement.getContext (/Users/ryan/.codex/worktrees/6614/chirality/projects/chirality-piping/node_modules/jsdom/lib/jsdom/living/generated/HTMLCanvasElement.js:131:58)
    at getContext (file:///Users/ryan/.codex/worktrees/6614/chirality/projects/chirality-piping/node_modules/three/build/three.module.js:15443:18)
    at new WebGLRenderer (file:///Users/ryan/.codex/worktrees/6614/chirality/projects/chirality-piping/node_modules/three/build/three.module.js:15472:11)
    at new ViewportResource (/private/tmp/piping-engine-integration-20260925/projects/chirality-piping/apps/desktop/src/features/viewport/viewportResource.ts:509:21)
    at /private/tmp/piping-engine-integration-20260925/projects/chirality-piping/apps/desktop/src/features/viewport/PipeViewport.tsx:909:18
    at Object.react_stack_bottom_frame (/Users/ryan/.codex/worktrees/6614/chirality/projects/chirality-piping/node_modules/react-dom/cjs/react-dom-client.development.js:25989:20)
    at runWithFiberInDEV (/Users/ryan/.codex/worktrees/6614/chirality/projects/chirality-piping/node_modules/react-dom/cjs/react-dom-client.development.js:874:13)
    at commitHookEffectListMount (/Users/ryan/.codex/worktrees/6614/chirality/projects/chirality-piping/node_modules/react-dom/cjs/react-dom-client.development.js:13249:29) undefined
Error: Not implemented: HTMLCanvasElement.prototype.getContext (without installing the canvas npm package)
    at module.exports (/Users/ryan/.codex/worktrees/6614/chirality/projects/chirality-piping/node_modules/jsdom/lib/jsdom/browser/not-implemented.js:9:17)
    at HTMLCanvasElementImpl.getContext (/Users/ryan/.codex/worktrees/6614/chirality/projects/chirality-piping/node_modules/jsdom/lib/jsdom/living/nodes/HTMLCanvasElement-impl.js:42:5)
    at HTMLCanvasElement.getContext (/Users/ryan/.codex/worktrees/6614/chirality/projects/chirality-piping/node_modules/jsdom/lib/jsdom/living/generated/HTMLCanvasElement.js:131:58)
    at getContext (file:///Users/ryan/.codex/worktrees/6614/chirality/projects/chirality-piping/node_modules/three/build/three.module.js:15443:18)
    at new WebGLRenderer (file:///Users/ryan/.codex/worktrees/6614/chirality/projects/chirality-piping/node_modules/three/build/three.module.js:15476:11)
    at new ViewportResource (/private/tmp/piping-engine-integration-20260925/projects/chirality-piping/apps/desktop/src/features/viewport/viewportResource.ts:509:21)
    at /private/tmp/piping-engine-integration-20260925/projects/chirality-piping/apps/desktop/src/features/viewport/PipeViewport.tsx:909:18
    at Object.react_stack_bottom_frame (/Users/ryan/.codex/worktrees/6614/chirality/projects/chirality-piping/node_modules/react-dom/cjs/react-dom-client.development.js:25989:20)
    at runWithFiberInDEV (/Users/ryan/.codex/worktrees/6614/chirality/projects/chirality-piping/node_modules/react-dom/cjs/react-dom-client.development.js:874:13)
    at commitHookEffectListMount (/Users/ryan/.codex/worktrees/6614/chirality/projects/chirality-piping/node_modules/react-dom/cjs/react-dom-client.development.js:13249:29) undefined
Error: Not implemented: HTMLCanvasElement.prototype.getContext (without installing the canvas npm package)
    at module.exports (/Users/ryan/.codex/worktrees/6614/chirality/projects/chirality-piping/node_modules/jsdom/lib/jsdom/browser/not-implemented.js:9:17)
    at HTMLCanvasElementImpl.getContext (/Users/ryan/.codex/worktrees/6614/chirality/projects/chirality-piping/node_modules/jsdom/lib/jsdom/living/nodes/HTMLCanvasElement-impl.js:42:5)
    at HTMLCanvasElement.getContext (/Users/ryan/.codex/worktrees/6614/chirality/projects/chirality-piping/node_modules/jsdom/lib/jsdom/living/generated/HTMLCanvasElement.js:131:58)
    at getContext (file:///Users/ryan/.codex/worktrees/6614/chirality/projects/chirality-piping/node_modules/three/build/three.module.js:15443:18)
    at new WebGLRenderer (file:///Users/ryan/.codex/worktrees/6614/chirality/projects/chirality-piping/node_modules/three/build/three.module.js:15472:11)
    at new ViewportResource (/private/tmp/piping-engine-integration-20260925/projects/chirality-piping/apps/desktop/src/features/viewport/viewportResource.ts:509:21)
    at /private/tmp/piping-engine-integration-20260925/projects/chirality-piping/apps/desktop/src/features/viewport/PipeViewport.tsx:909:18
    at Object.react_stack_bottom_frame (/Users/ryan/.codex/worktrees/6614/chirality/projects/chirality-piping/node_modules/react-dom/cjs/react-dom-client.development.js:25989:20)
    at runWithFiberInDEV (/Users/ryan/.codex/worktrees/6614/chirality/projects/chirality-piping/node_modules/react-dom/cjs/react-dom-client.development.js:874:13)
    at commitHookEffectListMount (/Users/ryan/.codex/worktrees/6614/chirality/projects/chirality-piping/node_modules/react-dom/cjs/react-dom-client.development.js:13249:29) undefined
Error: Not implemented: HTMLCanvasElement.prototype.getContext (without installing the canvas npm package)
    at module.exports (/Users/ryan/.codex/worktrees/6614/chirality/projects/chirality-piping/node_modules/jsdom/lib/jsdom/browser/not-implemented.js:9:17)
    at HTMLCanvasElementImpl.getContext (/Users/ryan/.codex/worktrees/6614/chirality/projects/chirality-piping/node_modules/jsdom/lib/jsdom/living/nodes/HTMLCanvasElement-impl.js:42:5)
    at HTMLCanvasElement.getContext (/Users/ryan/.codex/worktrees/6614/chirality/projects/chirality-piping/node_modules/jsdom/lib/jsdom/living/generated/HTMLCanvasElement.js:131:58)
    at getContext (file:///Users/ryan/.codex/worktrees/6614/chirality/projects/chirality-piping/node_modules/three/build/three.module.js:15443:18)
    at new WebGLRenderer (file:///Users/ryan/.codex/worktrees/6614/chirality/projects/chirality-piping/node_modules/three/build/three.module.js:15476:11)
    at new ViewportResource (/private/tmp/piping-engine-integration-20260925/projects/chirality-piping/apps/desktop/src/features/viewport/viewportResource.ts:509:21)
    at /private/tmp/piping-engine-integration-20260925/projects/chirality-piping/apps/desktop/src/features/viewport/PipeViewport.tsx:909:18
    at Object.react_stack_bottom_frame (/Users/ryan/.codex/worktrees/6614/chirality/projects/chirality-piping/node_modules/react-dom/cjs/react-dom-client.development.js:25989:20)
    at runWithFiberInDEV (/Users/ryan/.codex/worktrees/6614/chirality/projects/chirality-piping/node_modules/react-dom/cjs/react-dom-client.development.js:874:13)
    at commitHookEffectListMount (/Users/ryan/.codex/worktrees/6614/chirality/projects/chirality-piping/node_modules/react-dom/cjs/react-dom-client.development.js:13249:29) undefined
Error: Not implemented: HTMLCanvasElement.prototype.getContext (without installing the canvas npm package)
    at module.exports (/Users/ryan/.codex/worktrees/6614/chirality/projects/chirality-piping/node_modules/jsdom/lib/jsdom/browser/not-implemented.js:9:17)
    at HTMLCanvasElementImpl.getContext (/Users/ryan/.codex/worktrees/6614/chirality/projects/chirality-piping/node_modules/jsdom/lib/jsdom/living/nodes/HTMLCanvasElement-impl.js:42:5)
    at HTMLCanvasElement.getContext (/Users/ryan/.codex/worktrees/6614/chirality/projects/chirality-piping/node_modules/jsdom/lib/jsdom/living/generated/HTMLCanvasElement.js:131:58)
    at getContext (file:///Users/ryan/.codex/worktrees/6614/chirality/projects/chirality-piping/node_modules/three/build/three.module.js:15443:18)
    at new WebGLRenderer (file:///Users/ryan/.codex/worktrees/6614/chirality/projects/chirality-piping/node_modules/three/build/three.module.js:15472:11)
    at new ViewportResource (/private/tmp/piping-engine-integration-20260925/projects/chirality-piping/apps/desktop/src/features/viewport/viewportResource.ts:509:21)
    at /private/tmp/piping-engine-integration-20260925/projects/chirality-piping/apps/desktop/src/features/viewport/PipeViewport.tsx:909:18
    at Object.react_stack_bottom_frame (/Users/ryan/.codex/worktrees/6614/chirality/projects/chirality-piping/node_modules/react-dom/cjs/react-dom-client.development.js:25989:20)
    at runWithFiberInDEV (/Users/ryan/.codex/worktrees/6614/chirality/projects/chirality-piping/node_modules/react-dom/cjs/react-dom-client.development.js:874:13)
    at commitHookEffectListMount (/Users/ryan/.codex/worktrees/6614/chirality/projects/chirality-piping/node_modules/react-dom/cjs/react-dom-client.development.js:13249:29) undefined
Error: Not implemented: HTMLCanvasElement.prototype.getContext (without installing the canvas npm package)
    at module.exports (/Users/ryan/.codex/worktrees/6614/chirality/projects/chirality-piping/node_modules/jsdom/lib/jsdom/browser/not-implemented.js:9:17)
    at HTMLCanvasElementImpl.getContext (/Users/ryan/.codex/worktrees/6614/chirality/projects/chirality-piping/node_modules/jsdom/lib/jsdom/living/nodes/HTMLCanvasElement-impl.js:42:5)
    at HTMLCanvasElement.getContext (/Users/ryan/.codex/worktrees/6614/chirality/projects/chirality-piping/node_modules/jsdom/lib/jsdom/living/generated/HTMLCanvasElement.js:131:58)
    at getContext (file:///Users/ryan/.codex/worktrees/6614/chirality/projects/chirality-piping/node_modules/three/build/three.module.js:15443:18)
    at new WebGLRenderer (file:///Users/ryan/.codex/worktrees/6614/chirality/projects/chirality-piping/node_modules/three/build/three.module.js:15476:11)
    at new ViewportResource (/private/tmp/piping-engine-integration-20260925/projects/chirality-piping/apps/desktop/src/features/viewport/viewportResource.ts:509:21)
    at /private/tmp/piping-engine-integration-20260925/projects/chirality-piping/apps/desktop/src/features/viewport/PipeViewport.tsx:909:18
    at Object.react_stack_bottom_frame (/Users/ryan/.codex/worktrees/6614/chirality/projects/chirality-piping/node_modules/react-dom/cjs/react-dom-client.development.js:25989:20)
    at runWithFiberInDEV (/Users/ryan/.codex/worktrees/6614/chirality/projects/chirality-piping/node_modules/react-dom/cjs/react-dom-client.development.js:874:13)
    at commitHookEffectListMount (/Users/ryan/.codex/worktrees/6614/chirality/projects/chirality-piping/node_modules/react-dom/cjs/react-dom-client.development.js:13249:29) undefined
Error: Not implemented: HTMLCanvasElement.prototype.getContext (without installing the canvas npm package)
    at module.exports (/Users/ryan/.codex/worktrees/6614/chirality/projects/chirality-piping/node_modules/jsdom/lib/jsdom/browser/not-implemented.js:9:17)
    at HTMLCanvasElementImpl.getContext (/Users/ryan/.codex/worktrees/6614/chirality/projects/chirality-piping/node_modules/jsdom/lib/jsdom/living/nodes/HTMLCanvasElement-impl.js:42:5)
    at HTMLCanvasElement.getContext (/Users/ryan/.codex/worktrees/6614/chirality/projects/chirality-piping/node_modules/jsdom/lib/jsdom/living/generated/HTMLCanvasElement.js:131:58)
    at getContext (file:///Users/ryan/.codex/worktrees/6614/chirality/projects/chirality-piping/node_modules/three/build/three.module.js:15443:18)
    at new WebGLRenderer (file:///Users/ryan/.codex/worktrees/6614/chirality/projects/chirality-piping/node_modules/three/build/three.module.js:15472:11)
    at new ViewportResource (/private/tmp/piping-engine-integration-20260925/projects/chirality-piping/apps/desktop/src/features/viewport/viewportResource.ts:509:21)
    at /private/tmp/piping-engine-integration-20260925/projects/chirality-piping/apps/desktop/src/features/viewport/PipeViewport.tsx:909:18
    at Object.react_stack_bottom_frame (/Users/ryan/.codex/worktrees/6614/chirality/projects/chirality-piping/node_modules/react-dom/cjs/react-dom-client.development.js:25989:20)
    at runWithFiberInDEV (/Users/ryan/.codex/worktrees/6614/chirality/projects/chirality-piping/node_modules/react-dom/cjs/react-dom-client.development.js:874:13)
    at commitHookEffectListMount (/Users/ryan/.codex/worktrees/6614/chirality/projects/chirality-piping/node_modules/react-dom/cjs/react-dom-client.development.js:13249:29) undefined
Error: Not implemented: HTMLCanvasElement.prototype.getContext (without installing the canvas npm package)
    at module.exports (/Users/ryan/.codex/worktrees/6614/chirality/projects/chirality-piping/node_modules/jsdom/lib/jsdom/browser/not-implemented.js:9:17)
    at HTMLCanvasElementImpl.getContext (/Users/ryan/.codex/worktrees/6614/chirality/projects/chirality-piping/node_modules/jsdom/lib/jsdom/living/nodes/HTMLCanvasElement-impl.js:42:5)
    at HTMLCanvasElement.getContext (/Users/ryan/.codex/worktrees/6614/chirality/projects/chirality-piping/node_modules/jsdom/lib/jsdom/living/generated/HTMLCanvasElement.js:131:58)
    at getContext (file:///Users/ryan/.codex/worktrees/6614/chirality/projects/chirality-piping/node_modules/three/build/three.module.js:15443:18)
    at new WebGLRenderer (file:///Users/ryan/.codex/worktrees/6614/chirality/projects/chirality-piping/node_modules/three/build/three.module.js:15476:11)
    at new ViewportResource (/private/tmp/piping-engine-integration-20260925/projects/chirality-piping/apps/desktop/src/features/viewport/viewportResource.ts:509:21)
    at /private/tmp/piping-engine-integration-20260925/projects/chirality-piping/apps/desktop/src/features/viewport/PipeViewport.tsx:909:18
    at Object.react_stack_bottom_frame (/Users/ryan/.codex/worktrees/6614/chirality/projects/chirality-piping/node_modules/react-dom/cjs/react-dom-client.development.js:25989:20)
    at runWithFiberInDEV (/Users/ryan/.codex/worktrees/6614/chirality/projects/chirality-piping/node_modules/react-dom/cjs/react-dom-client.development.js:874:13)
    at commitHookEffectListMount (/Users/ryan/.codex/worktrees/6614/chirality/projects/chirality-piping/node_modules/react-dom/cjs/react-dom-client.development.js:13249:29) undefined
Error: Not implemented: HTMLCanvasElement.prototype.getContext (without installing the canvas npm package)
    at module.exports (/Users/ryan/.codex/worktrees/6614/chirality/projects/chirality-piping/node_modules/jsdom/lib/jsdom/browser/not-implemented.js:9:17)
    at HTMLCanvasElementImpl.getContext (/Users/ryan/.codex/worktrees/6614/chirality/projects/chirality-piping/node_modules/jsdom/lib/jsdom/living/nodes/HTMLCanvasElement-impl.js:42:5)
    at HTMLCanvasElement.getContext (/Users/ryan/.codex/worktrees/6614/chirality/projects/chirality-piping/node_modules/jsdom/lib/jsdom/living/generated/HTMLCanvasElement.js:131:58)
    at getContext (file:///Users/ryan/.codex/worktrees/6614/chirality/projects/chirality-piping/node_modules/three/build/three.module.js:15443:18)
    at new WebGLRenderer (file:///Users/ryan/.codex/worktrees/6614/chirality/projects/chirality-piping/node_modules/three/build/three.module.js:15472:11)
    at new ViewportResource (/private/tmp/piping-engine-integration-20260925/projects/chirality-piping/apps/desktop/src/features/viewport/viewportResource.ts:509:21)
    at /private/tmp/piping-engine-integration-20260925/projects/chirality-piping/apps/desktop/src/features/viewport/PipeViewport.tsx:909:18
    at Object.react_stack_bottom_frame (/Users/ryan/.codex/worktrees/6614/chirality/projects/chirality-piping/node_modules/react-dom/cjs/react-dom-client.development.js:25989:20)
    at runWithFiberInDEV (/Users/ryan/.codex/worktrees/6614/chirality/projects/chirality-piping/node_modules/react-dom/cjs/react-dom-client.development.js:874:13)
    at commitHookEffectListMount (/Users/ryan/.codex/worktrees/6614/chirality/projects/chirality-piping/node_modules/react-dom/cjs/react-dom-client.development.js:13249:29) undefined
Error: Not implemented: HTMLCanvasElement.prototype.getContext (without installing the canvas npm package)
    at module.exports (/Users/ryan/.codex/worktrees/6614/chirality/projects/chirality-piping/node_modules/jsdom/lib/jsdom/browser/not-implemented.js:9:17)
    at HTMLCanvasElementImpl.getContext (/Users/ryan/.codex/worktrees/6614/chirality/projects/chirality-piping/node_modules/jsdom/lib/jsdom/living/nodes/HTMLCanvasElement-impl.js:42:5)
    at HTMLCanvasElement.getContext (/Users/ryan/.codex/worktrees/6614/chirality/projects/chirality-piping/node_modules/jsdom/lib/jsdom/living/generated/HTMLCanvasElement.js:131:58)
    at getContext (file:///Users/ryan/.codex/worktrees/6614/chirality/projects/chirality-piping/node_modules/three/build/three.module.js:15443:18)
    at new WebGLRenderer (file:///Users/ryan/.codex/worktrees/6614/chirality/projects/chirality-piping/node_modules/three/build/three.module.js:15476:11)
    at new ViewportResource (/private/tmp/piping-engine-integration-20260925/projects/chirality-piping/apps/desktop/src/features/viewport/viewportResource.ts:509:21)
    at /private/tmp/piping-engine-integration-20260925/projects/chirality-piping/apps/desktop/src/features/viewport/PipeViewport.tsx:909:18
    at Object.react_stack_bottom_frame (/Users/ryan/.codex/worktrees/6614/chirality/projects/chirality-piping/node_modules/react-dom/cjs/react-dom-client.development.js:25989:20)
    at runWithFiberInDEV (/Users/ryan/.codex/worktrees/6614/chirality/projects/chirality-piping/node_modules/react-dom/cjs/react-dom-client.development.js:874:13)
    at commitHookEffectListMount (/Users/ryan/.codex/worktrees/6614/chirality/projects/chirality-piping/node_modules/react-dom/cjs/react-dom-client.development.js:13249:29) undefined
Error: Not implemented: HTMLCanvasElement.prototype.getContext (without installing the canvas npm package)
    at module.exports (/Users/ryan/.codex/worktrees/6614/chirality/projects/chirality-piping/node_modules/jsdom/lib/jsdom/browser/not-implemented.js:9:17)
    at HTMLCanvasElementImpl.getContext (/Users/ryan/.codex/worktrees/6614/chirality/projects/chirality-piping/node_modules/jsdom/lib/jsdom/living/nodes/HTMLCanvasElement-impl.js:42:5)
    at HTMLCanvasElement.getContext (/Users/ryan/.codex/worktrees/6614/chirality/projects/chirality-piping/node_modules/jsdom/lib/jsdom/living/generated/HTMLCanvasElement.js:131:58)
    at getContext (file:///Users/ryan/.codex/worktrees/6614/chirality/projects/chirality-piping/node_modules/three/build/three.module.js:15443:18)
    at new WebGLRenderer (file:///Users/ryan/.codex/worktrees/6614/chirality/projects/chirality-piping/node_modules/three/build/three.module.js:15472:11)
    at new ViewportResource (/private/tmp/piping-engine-integration-20260925/projects/chirality-piping/apps/desktop/src/features/viewport/viewportResource.ts:509:21)
    at /private/tmp/piping-engine-integration-20260925/projects/chirality-piping/apps/desktop/src/features/viewport/PipeViewport.tsx:909:18
    at Object.react_stack_bottom_frame (/Users/ryan/.codex/worktrees/6614/chirality/projects/chirality-piping/node_modules/react-dom/cjs/react-dom-client.development.js:25989:20)
    at runWithFiberInDEV (/Users/ryan/.codex/worktrees/6614/chirality/projects/chirality-piping/node_modules/react-dom/cjs/react-dom-client.development.js:874:13)
    at commitHookEffectListMount (/Users/ryan/.codex/worktrees/6614/chirality/projects/chirality-piping/node_modules/react-dom/cjs/react-dom-client.development.js:13249:29) undefined
Error: Not implemented: HTMLCanvasElement.prototype.getContext (without installing the canvas npm package)
    at module.exports (/Users/ryan/.codex/worktrees/6614/chirality/projects/chirality-piping/node_modules/jsdom/lib/jsdom/browser/not-implemented.js:9:17)
    at HTMLCanvasElementImpl.getContext (/Users/ryan/.codex/worktrees/6614/chirality/projects/chirality-piping/node_modules/jsdom/lib/jsdom/living/nodes/HTMLCanvasElement-impl.js:42:5)
    at HTMLCanvasElement.getContext (/Users/ryan/.codex/worktrees/6614/chirality/projects/chirality-piping/node_modules/jsdom/lib/jsdom/living/generated/HTMLCanvasElement.js:131:58)
    at getContext (file:///Users/ryan/.codex/worktrees/6614/chirality/projects/chirality-piping/node_modules/three/build/three.module.js:15443:18)
    at new WebGLRenderer (file:///Users/ryan/.codex/worktrees/6614/chirality/projects/chirality-piping/node_modules/three/build/three.module.js:15476:11)
    at new ViewportResource (/private/tmp/piping-engine-integration-20260925/projects/chirality-piping/apps/desktop/src/features/viewport/viewportResource.ts:509:21)
    at /private/tmp/piping-engine-integration-20260925/projects/chirality-piping/apps/desktop/src/features/viewport/PipeViewport.tsx:909:18
    at Object.react_stack_bottom_frame (/Users/ryan/.codex/worktrees/6614/chirality/projects/chirality-piping/node_modules/react-dom/cjs/react-dom-client.development.js:25989:20)
    at runWithFiberInDEV (/Users/ryan/.codex/worktrees/6614/chirality/projects/chirality-piping/node_modules/react-dom/cjs/react-dom-client.development.js:874:13)
    at commitHookEffectListMount (/Users/ryan/.codex/worktrees/6614/chirality/projects/chirality-piping/node_modules/react-dom/cjs/react-dom-client.development.js:13249:29) undefined
Error: Not implemented: HTMLCanvasElement.prototype.getContext (without installing the canvas npm package)
    at module.exports (/Users/ryan/.codex/worktrees/6614/chirality/projects/chirality-piping/node_modules/jsdom/lib/jsdom/browser/not-implemented.js:9:17)
    at HTMLCanvasElementImpl.getContext (/Users/ryan/.codex/worktrees/6614/chirality/projects/chirality-piping/node_modules/jsdom/lib/jsdom/living/nodes/HTMLCanvasElement-impl.js:42:5)
    at HTMLCanvasElement.getContext (/Users/ryan/.codex/worktrees/6614/chirality/projects/chirality-piping/node_modules/jsdom/lib/jsdom/living/generated/HTMLCanvasElement.js:131:58)
    at getContext (file:///Users/ryan/.codex/worktrees/6614/chirality/projects/chirality-piping/node_modules/three/build/three.module.js:15443:18)
    at new WebGLRenderer (file:///Users/ryan/.codex/worktrees/6614/chirality/projects/chirality-piping/node_modules/three/build/three.module.js:15472:11)
    at new ViewportResource (/private/tmp/piping-engine-integration-20260925/projects/chirality-piping/apps/desktop/src/features/viewport/viewportResource.ts:509:21)
    at /private/tmp/piping-engine-integration-20260925/projects/chirality-piping/apps/desktop/src/features/viewport/PipeViewport.tsx:909:18
    at Object.react_stack_bottom_frame (/Users/ryan/.codex/worktrees/6614/chirality/projects/chirality-piping/node_modules/react-dom/cjs/react-dom-client.development.js:25989:20)
    at runWithFiberInDEV (/Users/ryan/.codex/worktrees/6614/chirality/projects/chirality-piping/node_modules/react-dom/cjs/react-dom-client.development.js:874:13)
    at commitHookEffectListMount (/Users/ryan/.codex/worktrees/6614/chirality/projects/chirality-piping/node_modules/react-dom/cjs/react-dom-client.development.js:13249:29) undefined
Error: Not implemented: HTMLCanvasElement.prototype.getContext (without installing the canvas npm package)
    at module.exports (/Users/ryan/.codex/worktrees/6614/chirality/projects/chirality-piping/node_modules/jsdom/lib/jsdom/browser/not-implemented.js:9:17)
    at HTMLCanvasElementImpl.getContext (/Users/ryan/.codex/worktrees/6614/chirality/projects/chirality-piping/node_modules/jsdom/lib/jsdom/living/nodes/HTMLCanvasElement-impl.js:42:5)
    at HTMLCanvasElement.getContext (/Users/ryan/.codex/worktrees/6614/chirality/projects/chirality-piping/node_modules/jsdom/lib/jsdom/living/generated/HTMLCanvasElement.js:131:58)
    at getContext (file:///Users/ryan/.codex/worktrees/6614/chirality/projects/chirality-piping/node_modules/three/build/three.module.js:15443:18)
    at new WebGLRenderer (file:///Users/ryan/.codex/worktrees/6614/chirality/projects/chirality-piping/node_modules/three/build/three.module.js:15476:11)
    at new ViewportResource (/private/tmp/piping-engine-integration-20260925/projects/chirality-piping/apps/desktop/src/features/viewport/viewportResource.ts:509:21)
    at /private/tmp/piping-engine-integration-20260925/projects/chirality-piping/apps/desktop/src/features/viewport/PipeViewport.tsx:909:18
    at Object.react_stack_bottom_frame (/Users/ryan/.codex/worktrees/6614/chirality/projects/chirality-piping/node_modules/react-dom/cjs/react-dom-client.development.js:25989:20)
    at runWithFiberInDEV (/Users/ryan/.codex/worktrees/6614/chirality/projects/chirality-piping/node_modules/react-dom/cjs/react-dom-client.development.js:874:13)
    at commitHookEffectListMount (/Users/ryan/.codex/worktrees/6614/chirality/projects/chirality-piping/node_modules/react-dom/cjs/react-dom-client.development.js:13249:29) undefined
Error: Not implemented: HTMLCanvasElement.prototype.getContext (without installing the canvas npm package)
    at module.exports (/Users/ryan/.codex/worktrees/6614/chirality/projects/chirality-piping/node_modules/jsdom/lib/jsdom/browser/not-implemented.js:9:17)
    at HTMLCanvasElementImpl.getContext (/Users/ryan/.codex/worktrees/6614/chirality/projects/chirality-piping/node_modules/jsdom/lib/jsdom/living/nodes/HTMLCanvasElement-impl.js:42:5)
    at HTMLCanvasElement.getContext (/Users/ryan/.codex/worktrees/6614/chirality/projects/chirality-piping/node_modules/jsdom/lib/jsdom/living/generated/HTMLCanvasElement.js:131:58)
    at getContext (file:///Users/ryan/.codex/worktrees/6614/chirality/projects/chirality-piping/node_modules/three/build/three.module.js:15443:18)
    at new WebGLRenderer (file:///Users/ryan/.codex/worktrees/6614/chirality/projects/chirality-piping/node_modules/three/build/three.module.js:15472:11)
    at new ViewportResource (/private/tmp/piping-engine-integration-20260925/projects/chirality-piping/apps/desktop/src/features/viewport/viewportResource.ts:509:21)
    at /private/tmp/piping-engine-integration-20260925/projects/chirality-piping/apps/desktop/src/features/viewport/PipeViewport.tsx:909:18
    at Object.react_stack_bottom_frame (/Users/ryan/.codex/worktrees/6614/chirality/projects/chirality-piping/node_modules/react-dom/cjs/react-dom-client.development.js:25989:20)
    at runWithFiberInDEV (/Users/ryan/.codex/worktrees/6614/chirality/projects/chirality-piping/node_modules/react-dom/cjs/react-dom-client.development.js:874:13)
    at commitHookEffectListMount (/Users/ryan/.codex/worktrees/6614/chirality/projects/chirality-piping/node_modules/react-dom/cjs/react-dom-client.development.js:13249:29) undefined
Error: Not implemented: HTMLCanvasElement.prototype.getContext (without installing the canvas npm package)
    at module.exports (/Users/ryan/.codex/worktrees/6614/chirality/projects/chirality-piping/node_modules/jsdom/lib/jsdom/browser/not-implemented.js:9:17)
    at HTMLCanvasElementImpl.getContext (/Users/ryan/.codex/worktrees/6614/chirality/projects/chirality-piping/node_modules/jsdom/lib/jsdom/living/nodes/HTMLCanvasElement-impl.js:42:5)
    at HTMLCanvasElement.getContext (/Users/ryan/.codex/worktrees/6614/chirality/projects/chirality-piping/node_modules/jsdom/lib/jsdom/living/generated/HTMLCanvasElement.js:131:58)
    at getContext (file:///Users/ryan/.codex/worktrees/6614/chirality/projects/chirality-piping/node_modules/three/build/three.module.js:15443:18)
    at new WebGLRenderer (file:///Users/ryan/.codex/worktrees/6614/chirality/projects/chirality-piping/node_modules/three/build/three.module.js:15476:11)
    at new ViewportResource (/private/tmp/piping-engine-integration-20260925/projects/chirality-piping/apps/desktop/src/features/viewport/viewportResource.ts:509:21)
    at /private/tmp/piping-engine-integration-20260925/projects/chirality-piping/apps/desktop/src/features/viewport/PipeViewport.tsx:909:18
    at Object.react_stack_bottom_frame (/Users/ryan/.codex/worktrees/6614/chirality/projects/chirality-piping/node_modules/react-dom/cjs/react-dom-client.development.js:25989:20)
    at runWithFiberInDEV (/Users/ryan/.codex/worktrees/6614/chirality/projects/chirality-piping/node_modules/react-dom/cjs/react-dom-client.development.js:874:13)
    at commitHookEffectListMount (/Users/ryan/.codex/worktrees/6614/chirality/projects/chirality-piping/node_modules/react-dom/cjs/react-dom-client.development.js:13249:29) undefined
Error: Not implemented: HTMLCanvasElement.prototype.getContext (without installing the canvas npm package)
    at module.exports (/Users/ryan/.codex/worktrees/6614/chirality/projects/chirality-piping/node_modules/jsdom/lib/jsdom/browser/not-implemented.js:9:17)
    at HTMLCanvasElementImpl.getContext (/Users/ryan/.codex/worktrees/6614/chirality/projects/chirality-piping/node_modules/jsdom/lib/jsdom/living/nodes/HTMLCanvasElement-impl.js:42:5)
    at HTMLCanvasElement.getContext (/Users/ryan/.codex/worktrees/6614/chirality/projects/chirality-piping/node_modules/jsdom/lib/jsdom/living/generated/HTMLCanvasElement.js:131:58)
    at getContext (file:///Users/ryan/.codex/worktrees/6614/chirality/projects/chirality-piping/node_modules/three/build/three.module.js:15443:18)
    at new WebGLRenderer (file:///Users/ryan/.codex/worktrees/6614/chirality/projects/chirality-piping/node_modules/three/build/three.module.js:15472:11)
    at new ViewportResource (/private/tmp/piping-engine-integration-20260925/projects/chirality-piping/apps/desktop/src/features/viewport/viewportResource.ts:509:21)
    at /private/tmp/piping-engine-integration-20260925/projects/chirality-piping/apps/desktop/src/features/viewport/PipeViewport.tsx:909:18
    at Object.react_stack_bottom_frame (/Users/ryan/.codex/worktrees/6614/chirality/projects/chirality-piping/node_modules/react-dom/cjs/react-dom-client.development.js:25989:20)
    at runWithFiberInDEV (/Users/ryan/.codex/worktrees/6614/chirality/projects/chirality-piping/node_modules/react-dom/cjs/react-dom-client.development.js:874:13)
    at commitHookEffectListMount (/Users/ryan/.codex/worktrees/6614/chirality/projects/chirality-piping/node_modules/react-dom/cjs/react-dom-client.development.js:13249:29) undefined
Error: Not implemented: HTMLCanvasElement.prototype.getContext (without installing the canvas npm package)
    at module.exports (/Users/ryan/.codex/worktrees/6614/chirality/projects/chirality-piping/node_modules/jsdom/lib/jsdom/browser/not-implemented.js:9:17)
    at HTMLCanvasElementImpl.getContext (/Users/ryan/.codex/worktrees/6614/chirality/projects/chirality-piping/node_modules/jsdom/lib/jsdom/living/nodes/HTMLCanvasElement-impl.js:42:5)
    at HTMLCanvasElement.getContext (/Users/ryan/.codex/worktrees/6614/chirality/projects/chirality-piping/node_modules/jsdom/lib/jsdom/living/generated/HTMLCanvasElement.js:131:58)
    at getContext (file:///Users/ryan/.codex/worktrees/6614/chirality/projects/chirality-piping/node_modules/three/build/three.module.js:15443:18)
    at new WebGLRenderer (file:///Users/ryan/.codex/worktrees/6614/chirality/projects/chirality-piping/node_modules/three/build/three.module.js:15476:11)
    at new ViewportResource (/private/tmp/piping-engine-integration-20260925/projects/chirality-piping/apps/desktop/src/features/viewport/viewportResource.ts:509:21)
    at /private/tmp/piping-engine-integration-20260925/projects/chirality-piping/apps/desktop/src/features/viewport/PipeViewport.tsx:909:18
    at Object.react_stack_bottom_frame (/Users/ryan/.codex/worktrees/6614/chirality/projects/chirality-piping/node_modules/react-dom/cjs/react-dom-client.development.js:25989:20)
    at runWithFiberInDEV (/Users/ryan/.codex/worktrees/6614/chirality/projects/chirality-piping/node_modules/react-dom/cjs/react-dom-client.development.js:874:13)
    at commitHookEffectListMount (/Users/ryan/.codex/worktrees/6614/chirality/projects/chirality-piping/node_modules/react-dom/cjs/react-dom-client.development.js:13249:29) undefined
Error: Not implemented: HTMLCanvasElement.prototype.getContext (without installing the canvas npm package)
    at module.exports (/Users/ryan/.codex/worktrees/6614/chirality/projects/chirality-piping/node_modules/jsdom/lib/jsdom/browser/not-implemented.js:9:17)
    at HTMLCanvasElementImpl.getContext (/Users/ryan/.codex/worktrees/6614/chirality/projects/chirality-piping/node_modules/jsdom/lib/jsdom/living/nodes/HTMLCanvasElement-impl.js:42:5)
    at HTMLCanvasElement.getContext (/Users/ryan/.codex/worktrees/6614/chirality/projects/chirality-piping/node_modules/jsdom/lib/jsdom/living/generated/HTMLCanvasElement.js:131:58)
    at getContext (file:///Users/ryan/.codex/worktrees/6614/chirality/projects/chirality-piping/node_modules/three/build/three.module.js:15443:18)
    at new WebGLRenderer (file:///Users/ryan/.codex/worktrees/6614/chirality/projects/chirality-piping/node_modules/three/build/three.module.js:15472:11)
    at new ViewportResource (/private/tmp/piping-engine-integration-20260925/projects/chirality-piping/apps/desktop/src/features/viewport/viewportResource.ts:509:21)
    at /private/tmp/piping-engine-integration-20260925/projects/chirality-piping/apps/desktop/src/features/viewport/PipeViewport.tsx:909:18
    at Object.react_stack_bottom_frame (/Users/ryan/.codex/worktrees/6614/chirality/projects/chirality-piping/node_modules/react-dom/cjs/react-dom-client.development.js:25989:20)
    at runWithFiberInDEV (/Users/ryan/.codex/worktrees/6614/chirality/projects/chirality-piping/node_modules/react-dom/cjs/react-dom-client.development.js:874:13)
    at commitHookEffectListMount (/Users/ryan/.codex/worktrees/6614/chirality/projects/chirality-piping/node_modules/react-dom/cjs/react-dom-client.development.js:13249:29) undefined
Error: Not implemented: HTMLCanvasElement.prototype.getContext (without installing the canvas npm package)
    at module.exports (/Users/ryan/.codex/worktrees/6614/chirality/projects/chirality-piping/node_modules/jsdom/lib/jsdom/browser/not-implemented.js:9:17)
    at HTMLCanvasElementImpl.getContext (/Users/ryan/.codex/worktrees/6614/chirality/projects/chirality-piping/node_modules/jsdom/lib/jsdom/living/nodes/HTMLCanvasElement-impl.js:42:5)
    at HTMLCanvasElement.getContext (/Users/ryan/.codex/worktrees/6614/chirality/projects/chirality-piping/node_modules/jsdom/lib/jsdom/living/generated/HTMLCanvasElement.js:131:58)
    at getContext (file:///Users/ryan/.codex/worktrees/6614/chirality/projects/chirality-piping/node_modules/three/build/three.module.js:15443:18)
    at new WebGLRenderer (file:///Users/ryan/.codex/worktrees/6614/chirality/projects/chirality-piping/node_modules/three/build/three.module.js:15476:11)
    at new ViewportResource (/private/tmp/piping-engine-integration-20260925/projects/chirality-piping/apps/desktop/src/features/viewport/viewportResource.ts:509:21)
    at /private/tmp/piping-engine-integration-20260925/projects/chirality-piping/apps/desktop/src/features/viewport/PipeViewport.tsx:909:18
    at Object.react_stack_bottom_frame (/Users/ryan/.codex/worktrees/6614/chirality/projects/chirality-piping/node_modules/react-dom/cjs/react-dom-client.development.js:25989:20)
    at runWithFiberInDEV (/Users/ryan/.codex/worktrees/6614/chirality/projects/chirality-piping/node_modules/react-dom/cjs/react-dom-client.development.js:874:13)
    at commitHookEffectListMount (/Users/ryan/.codex/worktrees/6614/chirality/projects/chirality-piping/node_modules/react-dom/cjs/react-dom-client.development.js:13249:29) undefined
Error: Not implemented: HTMLCanvasElement.prototype.getContext (without installing the canvas npm package)
    at module.exports (/Users/ryan/.codex/worktrees/6614/chirality/projects/chirality-piping/node_modules/jsdom/lib/jsdom/browser/not-implemented.js:9:17)
    at HTMLCanvasElementImpl.getContext (/Users/ryan/.codex/worktrees/6614/chirality/projects/chirality-piping/node_modules/jsdom/lib/jsdom/living/nodes/HTMLCanvasElement-impl.js:42:5)
    at HTMLCanvasElement.getContext (/Users/ryan/.codex/worktrees/6614/chirality/projects/chirality-piping/node_modules/jsdom/lib/jsdom/living/generated/HTMLCanvasElement.js:131:58)
    at getContext (file:///Users/ryan/.codex/worktrees/6614/chirality/projects/chirality-piping/node_modules/three/build/three.module.js:15443:18)
    at new WebGLRenderer (file:///Users/ryan/.codex/worktrees/6614/chirality/projects/chirality-piping/node_modules/three/build/three.module.js:15472:11)
    at new ViewportResource (/private/tmp/piping-engine-integration-20260925/projects/chirality-piping/apps/desktop/src/features/viewport/viewportResource.ts:509:21)
    at /private/tmp/piping-engine-integration-20260925/projects/chirality-piping/apps/desktop/src/features/viewport/PipeViewport.tsx:909:18
    at Object.react_stack_bottom_frame (/Users/ryan/.codex/worktrees/6614/chirality/projects/chirality-piping/node_modules/react-dom/cjs/react-dom-client.development.js:25989:20)
    at runWithFiberInDEV (/Users/ryan/.codex/worktrees/6614/chirality/projects/chirality-piping/node_modules/react-dom/cjs/react-dom-client.development.js:874:13)
    at commitHookEffectListMount (/Users/ryan/.codex/worktrees/6614/chirality/projects/chirality-piping/node_modules/react-dom/cjs/react-dom-client.development.js:13249:29) undefined
Error: Not implemented: HTMLCanvasElement.prototype.getContext (without installing the canvas npm package)
    at module.exports (/Users/ryan/.codex/worktrees/6614/chirality/projects/chirality-piping/node_modules/jsdom/lib/jsdom/browser/not-implemented.js:9:17)
    at HTMLCanvasElementImpl.getContext (/Users/ryan/.codex/worktrees/6614/chirality/projects/chirality-piping/node_modules/jsdom/lib/jsdom/living/nodes/HTMLCanvasElement-impl.js:42:5)
    at HTMLCanvasElement.getContext (/Users/ryan/.codex/worktrees/6614/chirality/projects/chirality-piping/node_modules/jsdom/lib/jsdom/living/generated/HTMLCanvasElement.js:131:58)
    at getContext (file:///Users/ryan/.codex/worktrees/6614/chirality/projects/chirality-piping/node_modules/three/build/three.module.js:15443:18)
    at new WebGLRenderer (file:///Users/ryan/.codex/worktrees/6614/chirality/projects/chirality-piping/node_modules/three/build/three.module.js:15476:11)
    at new ViewportResource (/private/tmp/piping-engine-integration-20260925/projects/chirality-piping/apps/desktop/src/features/viewport/viewportResource.ts:509:21)
    at /private/tmp/piping-engine-integration-20260925/projects/chirality-piping/apps/desktop/src/features/viewport/PipeViewport.tsx:909:18
    at Object.react_stack_bottom_frame (/Users/ryan/.codex/worktrees/6614/chirality/projects/chirality-piping/node_modules/react-dom/cjs/react-dom-client.development.js:25989:20)
    at runWithFiberInDEV (/Users/ryan/.codex/worktrees/6614/chirality/projects/chirality-piping/node_modules/react-dom/cjs/react-dom-client.development.js:874:13)
    at commitHookEffectListMount (/Users/ryan/.codex/worktrees/6614/chirality/projects/chirality-piping/node_modules/react-dom/cjs/react-dom-client.development.js:13249:29) undefined
Error: Not implemented: HTMLCanvasElement.prototype.getContext (without installing the canvas npm package)
    at module.exports (/Users/ryan/.codex/worktrees/6614/chirality/projects/chirality-piping/node_modules/jsdom/lib/jsdom/browser/not-implemented.js:9:17)
    at HTMLCanvasElementImpl.getContext (/Users/ryan/.codex/worktrees/6614/chirality/projects/chirality-piping/node_modules/jsdom/lib/jsdom/living/nodes/HTMLCanvasElement-impl.js:42:5)
    at HTMLCanvasElement.getContext (/Users/ryan/.codex/worktrees/6614/chirality/projects/chirality-piping/node_modules/jsdom/lib/jsdom/living/generated/HTMLCanvasElement.js:131:58)
    at getContext (file:///Users/ryan/.codex/worktrees/6614/chirality/projects/chirality-piping/node_modules/three/build/three.module.js:15443:18)
    at new WebGLRenderer (file:///Users/ryan/.codex/worktrees/6614/chirality/projects/chirality-piping/node_modules/three/build/three.module.js:15472:11)
    at new ViewportResource (/private/tmp/piping-engine-integration-20260925/projects/chirality-piping/apps/desktop/src/features/viewport/viewportResource.ts:509:21)
    at /private/tmp/piping-engine-integration-20260925/projects/chirality-piping/apps/desktop/src/features/viewport/PipeViewport.tsx:909:18
    at Object.react_stack_bottom_frame (/Users/ryan/.codex/worktrees/6614/chirality/projects/chirality-piping/node_modules/react-dom/cjs/react-dom-client.development.js:25989:20)
    at runWithFiberInDEV (/Users/ryan/.codex/worktrees/6614/chirality/projects/chirality-piping/node_modules/react-dom/cjs/react-dom-client.development.js:874:13)
    at commitHookEffectListMount (/Users/ryan/.codex/worktrees/6614/chirality/projects/chirality-piping/node_modules/react-dom/cjs/react-dom-client.development.js:13249:29) undefined
Error: Not implemented: HTMLCanvasElement.prototype.getContext (without installing the canvas npm package)
    at module.exports (/Users/ryan/.codex/worktrees/6614/chirality/projects/chirality-piping/node_modules/jsdom/lib/jsdom/browser/not-implemented.js:9:17)
    at HTMLCanvasElementImpl.getContext (/Users/ryan/.codex/worktrees/6614/chirality/projects/chirality-piping/node_modules/jsdom/lib/jsdom/living/nodes/HTMLCanvasElement-impl.js:42:5)
    at HTMLCanvasElement.getContext (/Users/ryan/.codex/worktrees/6614/chirality/projects/chirality-piping/node_modules/jsdom/lib/jsdom/living/generated/HTMLCanvasElement.js:131:58)
    at getContext (file:///Users/ryan/.codex/worktrees/6614/chirality/projects/chirality-piping/node_modules/three/build/three.module.js:15443:18)
    at new WebGLRenderer (file:///Users/ryan/.codex/worktrees/6614/chirality/projects/chirality-piping/node_modules/three/build/three.module.js:15476:11)
    at new ViewportResource (/private/tmp/piping-engine-integration-20260925/projects/chirality-piping/apps/desktop/src/features/viewport/viewportResource.ts:509:21)
    at /private/tmp/piping-engine-integration-20260925/projects/chirality-piping/apps/desktop/src/features/viewport/PipeViewport.tsx:909:18
    at Object.react_stack_bottom_frame (/Users/ryan/.codex/worktrees/6614/chirality/projects/chirality-piping/node_modules/react-dom/cjs/react-dom-client.development.js:25989:20)
    at runWithFiberInDEV (/Users/ryan/.codex/worktrees/6614/chirality/projects/chirality-piping/node_modules/react-dom/cjs/react-dom-client.development.js:874:13)
    at commitHookEffectListMount (/Users/ryan/.codex/worktrees/6614/chirality/projects/chirality-piping/node_modules/react-dom/cjs/react-dom-client.development.js:13249:29) undefined
Error: Not implemented: HTMLCanvasElement.prototype.getContext (without installing the canvas npm package)
    at module.exports (/Users/ryan/.codex/worktrees/6614/chirality/projects/chirality-piping/node_modules/jsdom/lib/jsdom/browser/not-implemented.js:9:17)
    at HTMLCanvasElementImpl.getContext (/Users/ryan/.codex/worktrees/6614/chirality/projects/chirality-piping/node_modules/jsdom/lib/jsdom/living/nodes/HTMLCanvasElement-impl.js:42:5)
    at HTMLCanvasElement.getContext (/Users/ryan/.codex/worktrees/6614/chirality/projects/chirality-piping/node_modules/jsdom/lib/jsdom/living/generated/HTMLCanvasElement.js:131:58)
    at getContext (file:///Users/ryan/.codex/worktrees/6614/chirality/projects/chirality-piping/node_modules/three/build/three.module.js:15443:18)
    at new WebGLRenderer (file:///Users/ryan/.codex/worktrees/6614/chirality/projects/chirality-piping/node_modules/three/build/three.module.js:15472:11)
    at new ViewportResource (/private/tmp/piping-engine-integration-20260925/projects/chirality-piping/apps/desktop/src/features/viewport/viewportResource.ts:509:21)
    at /private/tmp/piping-engine-integration-20260925/projects/chirality-piping/apps/desktop/src/features/viewport/PipeViewport.tsx:909:18
    at Object.react_stack_bottom_frame (/Users/ryan/.codex/worktrees/6614/chirality/projects/chirality-piping/node_modules/react-dom/cjs/react-dom-client.development.js:25989:20)
    at runWithFiberInDEV (/Users/ryan/.codex/worktrees/6614/chirality/projects/chirality-piping/node_modules/react-dom/cjs/react-dom-client.development.js:874:13)
    at commitHookEffectListMount (/Users/ryan/.codex/worktrees/6614/chirality/projects/chirality-piping/node_modules/react-dom/cjs/react-dom-client.development.js:13249:29) undefined
Error: Not implemented: HTMLCanvasElement.prototype.getContext (without installing the canvas npm package)
    at module.exports (/Users/ryan/.codex/worktrees/6614/chirality/projects/chirality-piping/node_modules/jsdom/lib/jsdom/browser/not-implemented.js:9:17)
    at HTMLCanvasElementImpl.getContext (/Users/ryan/.codex/worktrees/6614/chirality/projects/chirality-piping/node_modules/jsdom/lib/jsdom/living/nodes/HTMLCanvasElement-impl.js:42:5)
    at HTMLCanvasElement.getContext (/Users/ryan/.codex/worktrees/6614/chirality/projects/chirality-piping/node_modules/jsdom/lib/jsdom/living/generated/HTMLCanvasElement.js:131:58)
    at getContext (file:///Users/ryan/.codex/worktrees/6614/chirality/projects/chirality-piping/node_modules/three/build/three.module.js:15443:18)
    at new WebGLRenderer (file:///Users/ryan/.codex/worktrees/6614/chirality/projects/chirality-piping/node_modules/three/build/three.module.js:15476:11)
    at new ViewportResource (/private/tmp/piping-engine-integration-20260925/projects/chirality-piping/apps/desktop/src/features/viewport/viewportResource.ts:509:21)
    at /private/tmp/piping-engine-integration-20260925/projects/chirality-piping/apps/desktop/src/features/viewport/PipeViewport.tsx:909:18
    at Object.react_stack_bottom_frame (/Users/ryan/.codex/worktrees/6614/chirality/projects/chirality-piping/node_modules/react-dom/cjs/react-dom-client.development.js:25989:20)
    at runWithFiberInDEV (/Users/ryan/.codex/worktrees/6614/chirality/projects/chirality-piping/node_modules/react-dom/cjs/react-dom-client.development.js:874:13)
    at commitHookEffectListMount (/Users/ryan/.codex/worktrees/6614/chirality/projects/chirality-piping/node_modules/react-dom/cjs/react-dom-client.development.js:13249:29) undefined
Error: Not implemented: HTMLCanvasElement.prototype.getContext (without installing the canvas npm package)
    at module.exports (/Users/ryan/.codex/worktrees/6614/chirality/projects/chirality-piping/node_modules/jsdom/lib/jsdom/browser/not-implemented.js:9:17)
    at HTMLCanvasElementImpl.getContext (/Users/ryan/.codex/worktrees/6614/chirality/projects/chirality-piping/node_modules/jsdom/lib/jsdom/living/nodes/HTMLCanvasElement-impl.js:42:5)
    at HTMLCanvasElement.getContext (/Users/ryan/.codex/worktrees/6614/chirality/projects/chirality-piping/node_modules/jsdom/lib/jsdom/living/generated/HTMLCanvasElement.js:131:58)
    at getContext (file:///Users/ryan/.codex/worktrees/6614/chirality/projects/chirality-piping/node_modules/three/build/three.module.js:15443:18)
    at new WebGLRenderer (file:///Users/ryan/.codex/worktrees/6614/chirality/projects/chirality-piping/node_modules/three/build/three.module.js:15472:11)
    at new ViewportResource (/private/tmp/piping-engine-integration-20260925/projects/chirality-piping/apps/desktop/src/features/viewport/viewportResource.ts:509:21)
    at /private/tmp/piping-engine-integration-20260925/projects/chirality-piping/apps/desktop/src/features/viewport/PipeViewport.tsx:909:18
    at Object.react_stack_bottom_frame (/Users/ryan/.codex/worktrees/6614/chirality/projects/chirality-piping/node_modules/react-dom/cjs/react-dom-client.development.js:25989:20)
    at runWithFiberInDEV (/Users/ryan/.codex/worktrees/6614/chirality/projects/chirality-piping/node_modules/react-dom/cjs/react-dom-client.development.js:874:13)
    at commitHookEffectListMount (/Users/ryan/.codex/worktrees/6614/chirality/projects/chirality-piping/node_modules/react-dom/cjs/react-dom-client.development.js:13249:29) undefined
Error: Not implemented: HTMLCanvasElement.prototype.getContext (without installing the canvas npm package)
    at module.exports (/Users/ryan/.codex/worktrees/6614/chirality/projects/chirality-piping/node_modules/jsdom/lib/jsdom/browser/not-implemented.js:9:17)
    at HTMLCanvasElementImpl.getContext (/Users/ryan/.codex/worktrees/6614/chirality/projects/chirality-piping/node_modules/jsdom/lib/jsdom/living/nodes/HTMLCanvasElement-impl.js:42:5)
    at HTMLCanvasElement.getContext (/Users/ryan/.codex/worktrees/6614/chirality/projects/chirality-piping/node_modules/jsdom/lib/jsdom/living/generated/HTMLCanvasElement.js:131:58)
    at getContext (file:///Users/ryan/.codex/worktrees/6614/chirality/projects/chirality-piping/node_modules/three/build/three.module.js:15443:18)
    at new WebGLRenderer (file:///Users/ryan/.codex/worktrees/6614/chirality/projects/chirality-piping/node_modules/three/build/three.module.js:15476:11)
    at new ViewportResource (/private/tmp/piping-engine-integration-20260925/projects/chirality-piping/apps/desktop/src/features/viewport/viewportResource.ts:509:21)
    at /private/tmp/piping-engine-integration-20260925/projects/chirality-piping/apps/desktop/src/features/viewport/PipeViewport.tsx:909:18
    at Object.react_stack_bottom_frame (/Users/ryan/.codex/worktrees/6614/chirality/projects/chirality-piping/node_modules/react-dom/cjs/react-dom-client.development.js:25989:20)
    at runWithFiberInDEV (/Users/ryan/.codex/worktrees/6614/chirality/projects/chirality-piping/node_modules/react-dom/cjs/react-dom-client.development.js:874:13)
    at commitHookEffectListMount (/Users/ryan/.codex/worktrees/6614/chirality/projects/chirality-piping/node_modules/react-dom/cjs/react-dom-client.development.js:13249:29) undefined
Error: Not implemented: HTMLCanvasElement.prototype.getContext (without installing the canvas npm package)
    at module.exports (/Users/ryan/.codex/worktrees/6614/chirality/projects/chirality-piping/node_modules/jsdom/lib/jsdom/browser/not-implemented.js:9:17)
    at HTMLCanvasElementImpl.getContext (/Users/ryan/.codex/worktrees/6614/chirality/projects/chirality-piping/node_modules/jsdom/lib/jsdom/living/nodes/HTMLCanvasElement-impl.js:42:5)
    at HTMLCanvasElement.getContext (/Users/ryan/.codex/worktrees/6614/chirality/projects/chirality-piping/node_modules/jsdom/lib/jsdom/living/generated/HTMLCanvasElement.js:131:58)
    at getContext (file:///Users/ryan/.codex/worktrees/6614/chirality/projects/chirality-piping/node_modules/three/build/three.module.js:15443:18)
    at new WebGLRenderer (file:///Users/ryan/.codex/worktrees/6614/chirality/projects/chirality-piping/node_modules/three/build/three.module.js:15472:11)
    at new ViewportResource (/private/tmp/piping-engine-integration-20260925/projects/chirality-piping/apps/desktop/src/features/viewport/viewportResource.ts:509:21)
    at /private/tmp/piping-engine-integration-20260925/projects/chirality-piping/apps/desktop/src/features/viewport/PipeViewport.tsx:909:18
    at Object.react_stack_bottom_frame (/Users/ryan/.codex/worktrees/6614/chirality/projects/chirality-piping/node_modules/react-dom/cjs/react-dom-client.development.js:25989:20)
    at runWithFiberInDEV (/Users/ryan/.codex/worktrees/6614/chirality/projects/chirality-piping/node_modules/react-dom/cjs/react-dom-client.development.js:874:13)
    at commitHookEffectListMount (/Users/ryan/.codex/worktrees/6614/chirality/projects/chirality-piping/node_modules/react-dom/cjs/react-dom-client.development.js:13249:29) undefined
Error: Not implemented: HTMLCanvasElement.prototype.getContext (without installing the canvas npm package)
    at module.exports (/Users/ryan/.codex/worktrees/6614/chirality/projects/chirality-piping/node_modules/jsdom/lib/jsdom/browser/not-implemented.js:9:17)
    at HTMLCanvasElementImpl.getContext (/Users/ryan/.codex/worktrees/6614/chirality/projects/chirality-piping/node_modules/jsdom/lib/jsdom/living/nodes/HTMLCanvasElement-impl.js:42:5)
    at HTMLCanvasElement.getContext (/Users/ryan/.codex/worktrees/6614/chirality/projects/chirality-piping/node_modules/jsdom/lib/jsdom/living/generated/HTMLCanvasElement.js:131:58)
    at getContext (file:///Users/ryan/.codex/worktrees/6614/chirality/projects/chirality-piping/node_modules/three/build/three.module.js:15443:18)
    at new WebGLRenderer (file:///Users/ryan/.codex/worktrees/6614/chirality/projects/chirality-piping/node_modules/three/build/three.module.js:15476:11)
    at new ViewportResource (/private/tmp/piping-engine-integration-20260925/projects/chirality-piping/apps/desktop/src/features/viewport/viewportResource.ts:509:21)
    at /private/tmp/piping-engine-integration-20260925/projects/chirality-piping/apps/desktop/src/features/viewport/PipeViewport.tsx:909:18
    at Object.react_stack_bottom_frame (/Users/ryan/.codex/worktrees/6614/chirality/projects/chirality-piping/node_modules/react-dom/cjs/react-dom-client.development.js:25989:20)
    at runWithFiberInDEV (/Users/ryan/.codex/worktrees/6614/chirality/projects/chirality-piping/node_modules/react-dom/cjs/react-dom-client.development.js:874:13)
    at commitHookEffectListMount (/Users/ryan/.codex/worktrees/6614/chirality/projects/chirality-piping/node_modules/react-dom/cjs/react-dom-client.development.js:13249:29) undefined
Error: Not implemented: HTMLCanvasElement.prototype.getContext (without installing the canvas npm package)
    at module.exports (/Users/ryan/.codex/worktrees/6614/chirality/projects/chirality-piping/node_modules/jsdom/lib/jsdom/browser/not-implemented.js:9:17)
    at HTMLCanvasElementImpl.getContext (/Users/ryan/.codex/worktrees/6614/chirality/projects/chirality-piping/node_modules/jsdom/lib/jsdom/living/nodes/HTMLCanvasElement-impl.js:42:5)
    at HTMLCanvasElement.getContext (/Users/ryan/.codex/worktrees/6614/chirality/projects/chirality-piping/node_modules/jsdom/lib/jsdom/living/generated/HTMLCanvasElement.js:131:58)
    at getContext (file:///Users/ryan/.codex/worktrees/6614/chirality/projects/chirality-piping/node_modules/three/build/three.module.js:15443:18)
    at new WebGLRenderer (file:///Users/ryan/.codex/worktrees/6614/chirality/projects/chirality-piping/node_modules/three/build/three.module.js:15472:11)
    at new ViewportResource (/private/tmp/piping-engine-integration-20260925/projects/chirality-piping/apps/desktop/src/features/viewport/viewportResource.ts:509:21)
    at /private/tmp/piping-engine-integration-20260925/projects/chirality-piping/apps/desktop/src/features/viewport/PipeViewport.tsx:909:18
    at Object.react_stack_bottom_frame (/Users/ryan/.codex/worktrees/6614/chirality/projects/chirality-piping/node_modules/react-dom/cjs/react-dom-client.development.js:25989:20)
    at runWithFiberInDEV (/Users/ryan/.codex/worktrees/6614/chirality/projects/chirality-piping/node_modules/react-dom/cjs/react-dom-client.development.js:874:13)
    at commitHookEffectListMount (/Users/ryan/.codex/worktrees/6614/chirality/projects/chirality-piping/node_modules/react-dom/cjs/react-dom-client.development.js:13249:29) undefined
Error: Not implemented: HTMLCanvasElement.prototype.getContext (without installing the canvas npm package)
    at module.exports (/Users/ryan/.codex/worktrees/6614/chirality/projects/chirality-piping/node_modules/jsdom/lib/jsdom/browser/not-implemented.js:9:17)
    at HTMLCanvasElementImpl.getContext (/Users/ryan/.codex/worktrees/6614/chirality/projects/chirality-piping/node_modules/jsdom/lib/jsdom/living/nodes/HTMLCanvasElement-impl.js:42:5)
    at HTMLCanvasElement.getContext (/Users/ryan/.codex/worktrees/6614/chirality/projects/chirality-piping/node_modules/jsdom/lib/jsdom/living/generated/HTMLCanvasElement.js:131:58)
    at getContext (file:///Users/ryan/.codex/worktrees/6614/chirality/projects/chirality-piping/node_modules/three/build/three.module.js:15443:18)
    at new WebGLRenderer (file:///Users/ryan/.codex/worktrees/6614/chirality/projects/chirality-piping/node_modules/three/build/three.module.js:15476:11)
    at new ViewportResource (/private/tmp/piping-engine-integration-20260925/projects/chirality-piping/apps/desktop/src/features/viewport/viewportResource.ts:509:21)
    at /private/tmp/piping-engine-integration-20260925/projects/chirality-piping/apps/desktop/src/features/viewport/PipeViewport.tsx:909:18
    at Object.react_stack_bottom_frame (/Users/ryan/.codex/worktrees/6614/chirality/projects/chirality-piping/node_modules/react-dom/cjs/react-dom-client.development.js:25989:20)
    at runWithFiberInDEV (/Users/ryan/.codex/worktrees/6614/chirality/projects/chirality-piping/node_modules/react-dom/cjs/react-dom-client.development.js:874:13)
    at commitHookEffectListMount (/Users/ryan/.codex/worktrees/6614/chirality/projects/chirality-piping/node_modules/react-dom/cjs/react-dom-client.development.js:13249:29) undefined
Error: Not implemented: HTMLCanvasElement.prototype.getContext (without installing the canvas npm package)
    at module.exports (/Users/ryan/.codex/worktrees/6614/chirality/projects/chirality-piping/node_modules/jsdom/lib/jsdom/browser/not-implemented.js:9:17)
    at HTMLCanvasElementImpl.getContext (/Users/ryan/.codex/worktrees/6614/chirality/projects/chirality-piping/node_modules/jsdom/lib/jsdom/living/nodes/HTMLCanvasElement-impl.js:42:5)
    at HTMLCanvasElement.getContext (/Users/ryan/.codex/worktrees/6614/chirality/projects/chirality-piping/node_modules/jsdom/lib/jsdom/living/generated/HTMLCanvasElement.js:131:58)
    at getContext (file:///Users/ryan/.codex/worktrees/6614/chirality/projects/chirality-piping/node_modules/three/build/three.module.js:15443:18)
    at new WebGLRenderer (file:///Users/ryan/.codex/worktrees/6614/chirality/projects/chirality-piping/node_modules/three/build/three.module.js:15472:11)
    at new ViewportResource (/private/tmp/piping-engine-integration-20260925/projects/chirality-piping/apps/desktop/src/features/viewport/viewportResource.ts:509:21)
    at /private/tmp/piping-engine-integration-20260925/projects/chirality-piping/apps/desktop/src/features/viewport/PipeViewport.tsx:909:18
    at Object.react_stack_bottom_frame (/Users/ryan/.codex/worktrees/6614/chirality/projects/chirality-piping/node_modules/react-dom/cjs/react-dom-client.development.js:25989:20)
    at runWithFiberInDEV (/Users/ryan/.codex/worktrees/6614/chirality/projects/chirality-piping/node_modules/react-dom/cjs/react-dom-client.development.js:874:13)
    at commitHookEffectListMount (/Users/ryan/.codex/worktrees/6614/chirality/projects/chirality-piping/node_modules/react-dom/cjs/react-dom-client.development.js:13249:29) undefined
Error: Not implemented: HTMLCanvasElement.prototype.getContext (without installing the canvas npm package)
    at module.exports (/Users/ryan/.codex/worktrees/6614/chirality/projects/chirality-piping/node_modules/jsdom/lib/jsdom/browser/not-implemented.js:9:17)
    at HTMLCanvasElementImpl.getContext (/Users/ryan/.codex/worktrees/6614/chirality/projects/chirality-piping/node_modules/jsdom/lib/jsdom/living/nodes/HTMLCanvasElement-impl.js:42:5)
    at HTMLCanvasElement.getContext (/Users/ryan/.codex/worktrees/6614/chirality/projects/chirality-piping/node_modules/jsdom/lib/jsdom/living/generated/HTMLCanvasElement.js:131:58)
    at getContext (file:///Users/ryan/.codex/worktrees/6614/chirality/projects/chirality-piping/node_modules/three/build/three.module.js:15443:18)
    at new WebGLRenderer (file:///Users/ryan/.codex/worktrees/6614/chirality/projects/chirality-piping/node_modules/three/build/three.module.js:15476:11)
    at new ViewportResource (/private/tmp/piping-engine-integration-20260925/projects/chirality-piping/apps/desktop/src/features/viewport/viewportResource.ts:509:21)
    at /private/tmp/piping-engine-integration-20260925/projects/chirality-piping/apps/desktop/src/features/viewport/PipeViewport.tsx:909:18
    at Object.react_stack_bottom_frame (/Users/ryan/.codex/worktrees/6614/chirality/projects/chirality-piping/node_modules/react-dom/cjs/react-dom-client.development.js:25989:20)
    at runWithFiberInDEV (/Users/ryan/.codex/worktrees/6614/chirality/projects/chirality-piping/node_modules/react-dom/cjs/react-dom-client.development.js:874:13)
    at commitHookEffectListMount (/Users/ryan/.codex/worktrees/6614/chirality/projects/chirality-piping/node_modules/react-dom/cjs/react-dom-client.development.js:13249:29) undefined
stderr | src/App.projectHandlers.test.tsx > project handlers: a failed or empty open leaves the open project as it was (B2F item 3) > lets an in-flight rule-check revision land when an open finds nothing
Native shell state sync failed Error: NATIVE_REPLAY_COMMAND_UNSUPPORTED: sync_native_shell_state
    at invoke (/private/tmp/piping-engine-integration-20260925/projects/chirality-piping/apps/desktop/src/test/nativeMechanicsReplay.ts:86:11)
    at Mock (file:///Users/ryan/.codex/worktrees/6614/chirality/projects/chirality-piping/node_modules/@vitest/spy/dist/index.js:332:34)
    at syncNativeShellState (/private/tmp/piping-engine-integration-20260925/projects/chirality-piping/apps/desktop/src/services/nativeMenu.ts:56:9)
    at /private/tmp/piping-engine-integration-20260925/projects/chirality-piping/apps/desktop/src/features/workspace/workspaceSession.ts:2307:10
    at Object.react_stack_bottom_frame (/Users/ryan/.codex/worktrees/6614/chirality/projects/chirality-piping/node_modules/react-dom/cjs/react-dom-client.development.js:25989:20)
    at runWithFiberInDEV (/Users/ryan/.codex/worktrees/6614/chirality/projects/chirality-piping/node_modules/react-dom/cjs/react-dom-client.development.js:874:13)
    at commitHookEffectListMount (/Users/ryan/.codex/worktrees/6614/chirality/projects/chirality-piping/node_modules/react-dom/cjs/react-dom-client.development.js:13249:29)
    at commitHookPassiveMountEffects (/Users/ryan/.codex/worktrees/6614/chirality/projects/chirality-piping/node_modules/react-dom/cjs/react-dom-client.development.js:13336:11)
    at commitPassiveMountOnFiber (/Users/ryan/.codex/worktrees/6614/chirality/projects/chirality-piping/node_modules/react-dom/cjs/react-dom-client.development.js:15484:13)
    at recursivelyTraversePassiveMountEffects (/Users/ryan/.codex/worktrees/6614/chirality/projects/chirality-piping/node_modules/react-dom/cjs/react-dom-client.development.js:15439:11)

Error: Not implemented: HTMLCanvasElement.prototype.getContext (without installing the canvas npm package)
    at module.exports (/Users/ryan/.codex/worktrees/6614/chirality/projects/chirality-piping/node_modules/jsdom/lib/jsdom/browser/not-implemented.js:9:17)
    at HTMLCanvasElementImpl.getContext (/Users/ryan/.codex/worktrees/6614/chirality/projects/chirality-piping/node_modules/jsdom/lib/jsdom/living/nodes/HTMLCanvasElement-impl.js:42:5)
    at HTMLCanvasElement.getContext (/Users/ryan/.codex/worktrees/6614/chirality/projects/chirality-piping/node_modules/jsdom/lib/jsdom/living/generated/HTMLCanvasElement.js:131:58)
    at getContext (file:///Users/ryan/.codex/worktrees/6614/chirality/projects/chirality-piping/node_modules/three/build/three.module.js:15443:18)
    at new WebGLRenderer (file:///Users/ryan/.codex/worktrees/6614/chirality/projects/chirality-piping/node_modules/three/build/three.module.js:15472:11)
    at new ViewportResource (/private/tmp/piping-engine-integration-20260925/projects/chirality-piping/apps/desktop/src/features/viewport/viewportResource.ts:509:21)
    at /private/tmp/piping-engine-integration-20260925/projects/chirality-piping/apps/desktop/src/features/viewport/PipeViewport.tsx:909:18
    at Object.react_stack_bottom_frame (/Users/ryan/.codex/worktrees/6614/chirality/projects/chirality-piping/node_modules/react-dom/cjs/react-dom-client.development.js:25989:20)
    at runWithFiberInDEV (/Users/ryan/.codex/worktrees/6614/chirality/projects/chirality-piping/node_modules/react-dom/cjs/react-dom-client.development.js:874:13)
    at commitHookEffectListMount (/Users/ryan/.codex/worktrees/6614/chirality/projects/chirality-piping/node_modules/react-dom/cjs/react-dom-client.development.js:13249:29) undefined
Error: Not implemented: HTMLCanvasElement.prototype.getContext (without installing the canvas npm package)
    at module.exports (/Users/ryan/.codex/worktrees/6614/chirality/projects/chirality-piping/node_modules/jsdom/lib/jsdom/browser/not-implemented.js:9:17)
    at HTMLCanvasElementImpl.getContext (/Users/ryan/.codex/worktrees/6614/chirality/projects/chirality-piping/node_modules/jsdom/lib/jsdom/living/nodes/HTMLCanvasElement-impl.js:42:5)
    at HTMLCanvasElement.getContext (/Users/ryan/.codex/worktrees/6614/chirality/projects/chirality-piping/node_modules/jsdom/lib/jsdom/living/generated/HTMLCanvasElement.js:131:58)
    at getContext (file:///Users/ryan/.codex/worktrees/6614/chirality/projects/chirality-piping/node_modules/three/build/three.module.js:15443:18)
    at new WebGLRenderer (file:///Users/ryan/.codex/worktrees/6614/chirality/projects/chirality-piping/node_modules/three/build/three.module.js:15476:11)
    at new ViewportResource (/private/tmp/piping-engine-integration-20260925/projects/chirality-piping/apps/desktop/src/features/viewport/viewportResource.ts:509:21)
    at /private/tmp/piping-engine-integration-20260925/projects/chirality-piping/apps/desktop/src/features/viewport/PipeViewport.tsx:909:18
    at Object.react_stack_bottom_frame (/Users/ryan/.codex/worktrees/6614/chirality/projects/chirality-piping/node_modules/react-dom/cjs/react-dom-client.development.js:25989:20)
    at runWithFiberInDEV (/Users/ryan/.codex/worktrees/6614/chirality/projects/chirality-piping/node_modules/react-dom/cjs/react-dom-client.development.js:874:13)
    at commitHookEffectListMount (/Users/ryan/.codex/worktrees/6614/chirality/projects/chirality-piping/node_modules/react-dom/cjs/react-dom-client.development.js:13249:29) undefined
Error: Not implemented: HTMLCanvasElement.prototype.getContext (without installing the canvas npm package)
    at module.exports (/Users/ryan/.codex/worktrees/6614/chirality/projects/chirality-piping/node_modules/jsdom/lib/jsdom/browser/not-implemented.js:9:17)
    at HTMLCanvasElementImpl.getContext (/Users/ryan/.codex/worktrees/6614/chirality/projects/chirality-piping/node_modules/jsdom/lib/jsdom/living/nodes/HTMLCanvasElement-impl.js:42:5)
    at HTMLCanvasElement.getContext (/Users/ryan/.codex/worktrees/6614/chirality/projects/chirality-piping/node_modules/jsdom/lib/jsdom/living/generated/HTMLCanvasElement.js:131:58)
    at getContext (file:///Users/ryan/.codex/worktrees/6614/chirality/projects/chirality-piping/node_modules/three/build/three.module.js:15443:18)
    at new WebGLRenderer (file:///Users/ryan/.codex/worktrees/6614/chirality/projects/chirality-piping/node_modules/three/build/three.module.js:15472:11)
    at new ViewportResource (/private/tmp/piping-engine-integration-20260925/projects/chirality-piping/apps/desktop/src/features/viewport/viewportResource.ts:509:21)
    at /private/tmp/piping-engine-integration-20260925/projects/chirality-piping/apps/desktop/src/features/viewport/PipeViewport.tsx:909:18
    at Object.react_stack_bottom_frame (/Users/ryan/.codex/worktrees/6614/chirality/projects/chirality-piping/node_modules/react-dom/cjs/react-dom-client.development.js:25989:20)
    at runWithFiberInDEV (/Users/ryan/.codex/worktrees/6614/chirality/projects/chirality-piping/node_modules/react-dom/cjs/react-dom-client.development.js:874:13)
    at commitHookEffectListMount (/Users/ryan/.codex/worktrees/6614/chirality/projects/chirality-piping/node_modules/react-dom/cjs/react-dom-client.development.js:13249:29) undefined
Error: Not implemented: HTMLCanvasElement.prototype.getContext (without installing the canvas npm package)
    at module.exports (/Users/ryan/.codex/worktrees/6614/chirality/projects/chirality-piping/node_modules/jsdom/lib/jsdom/browser/not-implemented.js:9:17)
    at HTMLCanvasElementImpl.getContext (/Users/ryan/.codex/worktrees/6614/chirality/projects/chirality-piping/node_modules/jsdom/lib/jsdom/living/nodes/HTMLCanvasElement-impl.js:42:5)
    at HTMLCanvasElement.getContext (/Users/ryan/.codex/worktrees/6614/chirality/projects/chirality-piping/node_modules/jsdom/lib/jsdom/living/generated/HTMLCanvasElement.js:131:58)
    at getContext (file:///Users/ryan/.codex/worktrees/6614/chirality/projects/chirality-piping/node_modules/three/build/three.module.js:15443:18)
    at new WebGLRenderer (file:///Users/ryan/.codex/worktrees/6614/chirality/projects/chirality-piping/node_modules/three/build/three.module.js:15476:11)
    at new ViewportResource (/private/tmp/piping-engine-integration-20260925/projects/chirality-piping/apps/desktop/src/features/viewport/viewportResource.ts:509:21)
    at /private/tmp/piping-engine-integration-20260925/projects/chirality-piping/apps/desktop/src/features/viewport/PipeViewport.tsx:909:18
    at Object.react_stack_bottom_frame (/Users/ryan/.codex/worktrees/6614/chirality/projects/chirality-piping/node_modules/react-dom/cjs/react-dom-client.development.js:25989:20)
    at runWithFiberInDEV (/Users/ryan/.codex/worktrees/6614/chirality/projects/chirality-piping/node_modules/react-dom/cjs/react-dom-client.development.js:874:13)
    at commitHookEffectListMount (/Users/ryan/.codex/worktrees/6614/chirality/projects/chirality-piping/node_modules/react-dom/cjs/react-dom-client.development.js:13249:29) undefined
Error: Not implemented: HTMLCanvasElement.prototype.getContext (without installing the canvas npm package)
    at module.exports (/Users/ryan/.codex/worktrees/6614/chirality/projects/chirality-piping/node_modules/jsdom/lib/jsdom/browser/not-implemented.js:9:17)
    at HTMLCanvasElementImpl.getContext (/Users/ryan/.codex/worktrees/6614/chirality/projects/chirality-piping/node_modules/jsdom/lib/jsdom/living/nodes/HTMLCanvasElement-impl.js:42:5)
    at HTMLCanvasElement.getContext (/Users/ryan/.codex/worktrees/6614/chirality/projects/chirality-piping/node_modules/jsdom/lib/jsdom/living/generated/HTMLCanvasElement.js:131:58)
    at getContext (file:///Users/ryan/.codex/worktrees/6614/chirality/projects/chirality-piping/node_modules/three/build/three.module.js:15443:18)
    at new WebGLRenderer (file:///Users/ryan/.codex/worktrees/6614/chirality/projects/chirality-piping/node_modules/three/build/three.module.js:15472:11)
    at new ViewportResource (/private/tmp/piping-engine-integration-20260925/projects/chirality-piping/apps/desktop/src/features/viewport/viewportResource.ts:509:21)
    at /private/tmp/piping-engine-integration-20260925/projects/chirality-piping/apps/desktop/src/features/viewport/PipeViewport.tsx:909:18
    at Object.react_stack_bottom_frame (/Users/ryan/.codex/worktrees/6614/chirality/projects/chirality-piping/node_modules/react-dom/cjs/react-dom-client.development.js:25989:20)
    at runWithFiberInDEV (/Users/ryan/.codex/worktrees/6614/chirality/projects/chirality-piping/node_modules/react-dom/cjs/react-dom-client.development.js:874:13)
    at commitHookEffectListMount (/Users/ryan/.codex/worktrees/6614/chirality/projects/chirality-piping/node_modules/react-dom/cjs/react-dom-client.development.js:13249:29) undefined
Error: Not implemented: HTMLCanvasElement.prototype.getContext (without installing the canvas npm package)
    at module.exports (/Users/ryan/.codex/worktrees/6614/chirality/projects/chirality-piping/node_modules/jsdom/lib/jsdom/browser/not-implemented.js:9:17)
    at HTMLCanvasElementImpl.getContext (/Users/ryan/.codex/worktrees/6614/chirality/projects/chirality-piping/node_modules/jsdom/lib/jsdom/living/nodes/HTMLCanvasElement-impl.js:42:5)
    at HTMLCanvasElement.getContext (/Users/ryan/.codex/worktrees/6614/chirality/projects/chirality-piping/node_modules/jsdom/lib/jsdom/living/generated/HTMLCanvasElement.js:131:58)
    at getContext (file:///Users/ryan/.codex/worktrees/6614/chirality/projects/chirality-piping/node_modules/three/build/three.module.js:15443:18)
    at new WebGLRenderer (file:///Users/ryan/.codex/worktrees/6614/chirality/projects/chirality-piping/node_modules/three/build/three.module.js:15476:11)
    at new ViewportResource (/private/tmp/piping-engine-integration-20260925/projects/chirality-piping/apps/desktop/src/features/viewport/viewportResource.ts:509:21)
    at /private/tmp/piping-engine-integration-20260925/projects/chirality-piping/apps/desktop/src/features/viewport/PipeViewport.tsx:909:18
    at Object.react_stack_bottom_frame (/Users/ryan/.codex/worktrees/6614/chirality/projects/chirality-piping/node_modules/react-dom/cjs/react-dom-client.development.js:25989:20)
    at runWithFiberInDEV (/Users/ryan/.codex/worktrees/6614/chirality/projects/chirality-piping/node_modules/react-dom/cjs/react-dom-client.development.js:874:13)
    at commitHookEffectListMount (/Users/ryan/.codex/worktrees/6614/chirality/projects/chirality-piping/node_modules/react-dom/cjs/react-dom-client.development.js:13249:29) undefined
Error: Not implemented: HTMLCanvasElement.prototype.getContext (without installing the canvas npm package)
    at module.exports (/Users/ryan/.codex/worktrees/6614/chirality/projects/chirality-piping/node_modules/jsdom/lib/jsdom/browser/not-implemented.js:9:17)
    at HTMLCanvasElementImpl.getContext (/Users/ryan/.codex/worktrees/6614/chirality/projects/chirality-piping/node_modules/jsdom/lib/jsdom/living/nodes/HTMLCanvasElement-impl.js:42:5)
    at HTMLCanvasElement.getContext (/Users/ryan/.codex/worktrees/6614/chirality/projects/chirality-piping/node_modules/jsdom/lib/jsdom/living/generated/HTMLCanvasElement.js:131:58)
    at getContext (file:///Users/ryan/.codex/worktrees/6614/chirality/projects/chirality-piping/node_modules/three/build/three.module.js:15443:18)
    at new WebGLRenderer (file:///Users/ryan/.codex/worktrees/6614/chirality/projects/chirality-piping/node_modules/three/build/three.module.js:15472:11)
    at new ViewportResource (/private/tmp/piping-engine-integration-20260925/projects/chirality-piping/apps/desktop/src/features/viewport/viewportResource.ts:509:21)
    at /private/tmp/piping-engine-integration-20260925/projects/chirality-piping/apps/desktop/src/features/viewport/PipeViewport.tsx:909:18
    at Object.react_stack_bottom_frame (/Users/ryan/.codex/worktrees/6614/chirality/projects/chirality-piping/node_modules/react-dom/cjs/react-dom-client.development.js:25989:20)
    at runWithFiberInDEV (/Users/ryan/.codex/worktrees/6614/chirality/projects/chirality-piping/node_modules/react-dom/cjs/react-dom-client.development.js:874:13)
    at commitHookEffectListMount (/Users/ryan/.codex/worktrees/6614/chirality/projects/chirality-piping/node_modules/react-dom/cjs/react-dom-client.development.js:13249:29) undefined
Error: Not implemented: HTMLCanvasElement.prototype.getContext (without installing the canvas npm package)
    at module.exports (/Users/ryan/.codex/worktrees/6614/chirality/projects/chirality-piping/node_modules/jsdom/lib/jsdom/browser/not-implemented.js:9:17)
    at HTMLCanvasElementImpl.getContext (/Users/ryan/.codex/worktrees/6614/chirality/projects/chirality-piping/node_modules/jsdom/lib/jsdom/living/nodes/HTMLCanvasElement-impl.js:42:5)
    at HTMLCanvasElement.getContext (/Users/ryan/.codex/worktrees/6614/chirality/projects/chirality-piping/node_modules/jsdom/lib/jsdom/living/generated/HTMLCanvasElement.js:131:58)
    at getContext (file:///Users/ryan/.codex/worktrees/6614/chirality/projects/chirality-piping/node_modules/three/build/three.module.js:15443:18)
    at new WebGLRenderer (file:///Users/ryan/.codex/worktrees/6614/chirality/projects/chirality-piping/node_modules/three/build/three.module.js:15476:11)
    at new ViewportResource (/private/tmp/piping-engine-integration-20260925/projects/chirality-piping/apps/desktop/src/features/viewport/viewportResource.ts:509:21)
    at /private/tmp/piping-engine-integration-20260925/projects/chirality-piping/apps/desktop/src/features/viewport/PipeViewport.tsx:909:18
    at Object.react_stack_bottom_frame (/Users/ryan/.codex/worktrees/6614/chirality/projects/chirality-piping/node_modules/react-dom/cjs/react-dom-client.development.js:25989:20)
    at runWithFiberInDEV (/Users/ryan/.codex/worktrees/6614/chirality/projects/chirality-piping/node_modules/react-dom/cjs/react-dom-client.development.js:874:13)
    at commitHookEffectListMount (/Users/ryan/.codex/worktrees/6614/chirality/projects/chirality-piping/node_modules/react-dom/cjs/react-dom-client.development.js:13249:29) undefined
Error: Not implemented: HTMLCanvasElement.prototype.getContext (without installing the canvas npm package)
    at module.exports (/Users/ryan/.codex/worktrees/6614/chirality/projects/chirality-piping/node_modules/jsdom/lib/jsdom/browser/not-implemented.js:9:17)
    at HTMLCanvasElementImpl.getContext (/Users/ryan/.codex/worktrees/6614/chirality/projects/chirality-piping/node_modules/jsdom/lib/jsdom/living/nodes/HTMLCanvasElement-impl.js:42:5)
    at HTMLCanvasElement.getContext (/Users/ryan/.codex/worktrees/6614/chirality/projects/chirality-piping/node_modules/jsdom/lib/jsdom/living/generated/HTMLCanvasElement.js:131:58)
    at getContext (file:///Users/ryan/.codex/worktrees/6614/chirality/projects/chirality-piping/node_modules/three/build/three.module.js:15443:18)
    at new WebGLRenderer (file:///Users/ryan/.codex/worktrees/6614/chirality/projects/chirality-piping/node_modules/three/build/three.module.js:15472:11)
    at new ViewportResource (/private/tmp/piping-engine-integration-20260925/projects/chirality-piping/apps/desktop/src/features/viewport/viewportResource.ts:509:21)
    at /private/tmp/piping-engine-integration-20260925/projects/chirality-piping/apps/desktop/src/features/viewport/PipeViewport.tsx:909:18
    at Object.react_stack_bottom_frame (/Users/ryan/.codex/worktrees/6614/chirality/projects/chirality-piping/node_modules/react-dom/cjs/react-dom-client.development.js:25989:20)
    at runWithFiberInDEV (/Users/ryan/.codex/worktrees/6614/chirality/projects/chirality-piping/node_modules/react-dom/cjs/react-dom-client.development.js:874:13)
    at commitHookEffectListMount (/Users/ryan/.codex/worktrees/6614/chirality/projects/chirality-piping/node_modules/react-dom/cjs/react-dom-client.development.js:13249:29) undefined
Error: Not implemented: HTMLCanvasElement.prototype.getContext (without installing the canvas npm package)
    at module.exports (/Users/ryan/.codex/worktrees/6614/chirality/projects/chirality-piping/node_modules/jsdom/lib/jsdom/browser/not-implemented.js:9:17)
    at HTMLCanvasElementImpl.getContext (/Users/ryan/.codex/worktrees/6614/chirality/projects/chirality-piping/node_modules/jsdom/lib/jsdom/living/nodes/HTMLCanvasElement-impl.js:42:5)
    at HTMLCanvasElement.getContext (/Users/ryan/.codex/worktrees/6614/chirality/projects/chirality-piping/node_modules/jsdom/lib/jsdom/living/generated/HTMLCanvasElement.js:131:58)
    at getContext (file:///Users/ryan/.codex/worktrees/6614/chirality/projects/chirality-piping/node_modules/three/build/three.module.js:15443:18)
    at new WebGLRenderer (file:///Users/ryan/.codex/worktrees/6614/chirality/projects/chirality-piping/node_modules/three/build/three.module.js:15476:11)
    at new ViewportResource (/private/tmp/piping-engine-integration-20260925/projects/chirality-piping/apps/desktop/src/features/viewport/viewportResource.ts:509:21)
    at /private/tmp/piping-engine-integration-20260925/projects/chirality-piping/apps/desktop/src/features/viewport/PipeViewport.tsx:909:18
    at Object.react_stack_bottom_frame (/Users/ryan/.codex/worktrees/6614/chirality/projects/chirality-piping/node_modules/react-dom/cjs/react-dom-client.development.js:25989:20)
    at runWithFiberInDEV (/Users/ryan/.codex/worktrees/6614/chirality/projects/chirality-piping/node_modules/react-dom/cjs/react-dom-client.development.js:874:13)
    at commitHookEffectListMount (/Users/ryan/.codex/worktrees/6614/chirality/projects/chirality-piping/node_modules/react-dom/cjs/react-dom-client.development.js:13249:29) undefined
Error: Not implemented: HTMLCanvasElement.prototype.getContext (without installing the canvas npm package)
    at module.exports (/Users/ryan/.codex/worktrees/6614/chirality/projects/chirality-piping/node_modules/jsdom/lib/jsdom/browser/not-implemented.js:9:17)
    at HTMLCanvasElementImpl.getContext (/Users/ryan/.codex/worktrees/6614/chirality/projects/chirality-piping/node_modules/jsdom/lib/jsdom/living/nodes/HTMLCanvasElement-impl.js:42:5)
    at HTMLCanvasElement.getContext (/Users/ryan/.codex/worktrees/6614/chirality/projects/chirality-piping/node_modules/jsdom/lib/jsdom/living/generated/HTMLCanvasElement.js:131:58)
    at getContext (file:///Users/ryan/.codex/worktrees/6614/chirality/projects/chirality-piping/node_modules/three/build/three.module.js:15443:18)
    at new WebGLRenderer (file:///Users/ryan/.codex/worktrees/6614/chirality/projects/chirality-piping/node_modules/three/build/three.module.js:15472:11)
    at new ViewportResource (/private/tmp/piping-engine-integration-20260925/projects/chirality-piping/apps/desktop/src/features/viewport/viewportResource.ts:509:21)
    at /private/tmp/piping-engine-integration-20260925/projects/chirality-piping/apps/desktop/src/features/viewport/PipeViewport.tsx:909:18
    at Object.react_stack_bottom_frame (/Users/ryan/.codex/worktrees/6614/chirality/projects/chirality-piping/node_modules/react-dom/cjs/react-dom-client.development.js:25989:20)
    at runWithFiberInDEV (/Users/ryan/.codex/worktrees/6614/chirality/projects/chirality-piping/node_modules/react-dom/cjs/react-dom-client.development.js:874:13)
    at commitHookEffectListMount (/Users/ryan/.codex/worktrees/6614/chirality/projects/chirality-piping/node_modules/react-dom/cjs/react-dom-client.development.js:13249:29) undefined
Error: Not implemented: HTMLCanvasElement.prototype.getContext (without installing the canvas npm package)
    at module.exports (/Users/ryan/.codex/worktrees/6614/chirality/projects/chirality-piping/node_modules/jsdom/lib/jsdom/browser/not-implemented.js:9:17)
    at HTMLCanvasElementImpl.getContext (/Users/ryan/.codex/worktrees/6614/chirality/projects/chirality-piping/node_modules/jsdom/lib/jsdom/living/nodes/HTMLCanvasElement-impl.js:42:5)
    at HTMLCanvasElement.getContext (/Users/ryan/.codex/worktrees/6614/chirality/projects/chirality-piping/node_modules/jsdom/lib/jsdom/living/generated/HTMLCanvasElement.js:131:58)
    at getContext (file:///Users/ryan/.codex/worktrees/6614/chirality/projects/chirality-piping/node_modules/three/build/three.module.js:15443:18)
    at new WebGLRenderer (file:///Users/ryan/.codex/worktrees/6614/chirality/projects/chirality-piping/node_modules/three/build/three.module.js:15476:11)
    at new ViewportResource (/private/tmp/piping-engine-integration-20260925/projects/chirality-piping/apps/desktop/src/features/viewport/viewportResource.ts:509:21)
    at /private/tmp/piping-engine-integration-20260925/projects/chirality-piping/apps/desktop/src/features/viewport/PipeViewport.tsx:909:18
    at Object.react_stack_bottom_frame (/Users/ryan/.codex/worktrees/6614/chirality/projects/chirality-piping/node_modules/react-dom/cjs/react-dom-client.development.js:25989:20)
    at runWithFiberInDEV (/Users/ryan/.codex/worktrees/6614/chirality/projects/chirality-piping/node_modules/react-dom/cjs/react-dom-client.development.js:874:13)
    at commitHookEffectListMount (/Users/ryan/.codex/worktrees/6614/chirality/projects/chirality-piping/node_modules/react-dom/cjs/react-dom-client.development.js:13249:29) undefined
Error: Not implemented: HTMLCanvasElement.prototype.getContext (without installing the canvas npm package)
    at module.exports (/Users/ryan/.codex/worktrees/6614/chirality/projects/chirality-piping/node_modules/jsdom/lib/jsdom/browser/not-implemented.js:9:17)
    at HTMLCanvasElementImpl.getContext (/Users/ryan/.codex/worktrees/6614/chirality/projects/chirality-piping/node_modules/jsdom/lib/jsdom/living/nodes/HTMLCanvasElement-impl.js:42:5)
    at HTMLCanvasElement.getContext (/Users/ryan/.codex/worktrees/6614/chirality/projects/chirality-piping/node_modules/jsdom/lib/jsdom/living/generated/HTMLCanvasElement.js:131:58)
    at getContext (file:///Users/ryan/.codex/worktrees/6614/chirality/projects/chirality-piping/node_modules/three/build/three.module.js:15443:18)
    at new WebGLRenderer (file:///Users/ryan/.codex/worktrees/6614/chirality/projects/chirality-piping/node_modules/three/build/three.module.js:15472:11)
    at new ViewportResource (/private/tmp/piping-engine-integration-20260925/projects/chirality-piping/apps/desktop/src/features/viewport/viewportResource.ts:509:21)
    at /private/tmp/piping-engine-integration-20260925/projects/chirality-piping/apps/desktop/src/features/viewport/PipeViewport.tsx:909:18
    at Object.react_stack_bottom_frame (/Users/ryan/.codex/worktrees/6614/chirality/projects/chirality-piping/node_modules/react-dom/cjs/react-dom-client.development.js:25989:20)
    at runWithFiberInDEV (/Users/ryan/.codex/worktrees/6614/chirality/projects/chirality-piping/node_modules/react-dom/cjs/react-dom-client.development.js:874:13)
    at commitHookEffectListMount (/Users/ryan/.codex/worktrees/6614/chirality/projects/chirality-piping/node_modules/react-dom/cjs/react-dom-client.development.js:13249:29) undefined
Error: Not implemented: HTMLCanvasElement.prototype.getContext (without installing the canvas npm package)
    at module.exports (/Users/ryan/.codex/worktrees/6614/chirality/projects/chirality-piping/node_modules/jsdom/lib/jsdom/browser/not-implemented.js:9:17)
    at HTMLCanvasElementImpl.getContext (/Users/ryan/.codex/worktrees/6614/chirality/projects/chirality-piping/node_modules/jsdom/lib/jsdom/living/nodes/HTMLCanvasElement-impl.js:42:5)
    at HTMLCanvasElement.getContext (/Users/ryan/.codex/worktrees/6614/chirality/projects/chirality-piping/node_modules/jsdom/lib/jsdom/living/generated/HTMLCanvasElement.js:131:58)
    at getContext (file:///Users/ryan/.codex/worktrees/6614/chirality/projects/chirality-piping/node_modules/three/build/three.module.js:15443:18)
    at new WebGLRenderer (file:///Users/ryan/.codex/worktrees/6614/chirality/projects/chirality-piping/node_modules/three/build/three.module.js:15476:11)
    at new ViewportResource (/private/tmp/piping-engine-integration-20260925/projects/chirality-piping/apps/desktop/src/features/viewport/viewportResource.ts:509:21)
    at /private/tmp/piping-engine-integration-20260925/projects/chirality-piping/apps/desktop/src/features/viewport/PipeViewport.tsx:909:18
    at Object.react_stack_bottom_frame (/Users/ryan/.codex/worktrees/6614/chirality/projects/chirality-piping/node_modules/react-dom/cjs/react-dom-client.development.js:25989:20)
    at runWithFiberInDEV (/Users/ryan/.codex/worktrees/6614/chirality/projects/chirality-piping/node_modules/react-dom/cjs/react-dom-client.development.js:874:13)
    at commitHookEffectListMount (/Users/ryan/.codex/worktrees/6614/chirality/projects/chirality-piping/node_modules/react-dom/cjs/react-dom-client.development.js:13249:29) undefined
Error: Not implemented: HTMLCanvasElement.prototype.getContext (without installing the canvas npm package)
    at module.exports (/Users/ryan/.codex/worktrees/6614/chirality/projects/chirality-piping/node_modules/jsdom/lib/jsdom/browser/not-implemented.js:9:17)
    at HTMLCanvasElementImpl.getContext (/Users/ryan/.codex/worktrees/6614/chirality/projects/chirality-piping/node_modules/jsdom/lib/jsdom/living/nodes/HTMLCanvasElement-impl.js:42:5)
    at HTMLCanvasElement.getContext (/Users/ryan/.codex/worktrees/6614/chirality/projects/chirality-piping/node_modules/jsdom/lib/jsdom/living/generated/HTMLCanvasElement.js:131:58)
    at getContext (file:///Users/ryan/.codex/worktrees/6614/chirality/projects/chirality-piping/node_modules/three/build/three.module.js:15443:18)
    at new WebGLRenderer (file:///Users/ryan/.codex/worktrees/6614/chirality/projects/chirality-piping/node_modules/three/build/three.module.js:15472:11)
    at new ViewportResource (/private/tmp/piping-engine-integration-20260925/projects/chirality-piping/apps/desktop/src/features/viewport/viewportResource.ts:509:21)
    at /private/tmp/piping-engine-integration-20260925/projects/chirality-piping/apps/desktop/src/features/viewport/PipeViewport.tsx:909:18
    at Object.react_stack_bottom_frame (/Users/ryan/.codex/worktrees/6614/chirality/projects/chirality-piping/node_modules/react-dom/cjs/react-dom-client.development.js:25989:20)
    at runWithFiberInDEV (/Users/ryan/.codex/worktrees/6614/chirality/projects/chirality-piping/node_modules/react-dom/cjs/react-dom-client.development.js:874:13)
    at commitHookEffectListMount (/Users/ryan/.codex/worktrees/6614/chirality/projects/chirality-piping/node_modules/react-dom/cjs/react-dom-client.development.js:13249:29) undefined
Error: Not implemented: HTMLCanvasElement.prototype.getContext (without installing the canvas npm package)
    at module.exports (/Users/ryan/.codex/worktrees/6614/chirality/projects/chirality-piping/node_modules/jsdom/lib/jsdom/browser/not-implemented.js:9:17)
    at HTMLCanvasElementImpl.getContext (/Users/ryan/.codex/worktrees/6614/chirality/projects/chirality-piping/node_modules/jsdom/lib/jsdom/living/nodes/HTMLCanvasElement-impl.js:42:5)
    at HTMLCanvasElement.getContext (/Users/ryan/.codex/worktrees/6614/chirality/projects/chirality-piping/node_modules/jsdom/lib/jsdom/living/generated/HTMLCanvasElement.js:131:58)
    at getContext (file:///Users/ryan/.codex/worktrees/6614/chirality/projects/chirality-piping/node_modules/three/build/three.module.js:15443:18)
    at new WebGLRenderer (file:///Users/ryan/.codex/worktrees/6614/chirality/projects/chirality-piping/node_modules/three/build/three.module.js:15476:11)
    at new ViewportResource (/private/tmp/piping-engine-integration-20260925/projects/chirality-piping/apps/desktop/src/features/viewport/viewportResource.ts:509:21)
    at /private/tmp/piping-engine-integration-20260925/projects/chirality-piping/apps/desktop/src/features/viewport/PipeViewport.tsx:909:18
    at Object.react_stack_bottom_frame (/Users/ryan/.codex/worktrees/6614/chirality/projects/chirality-piping/node_modules/react-dom/cjs/react-dom-client.development.js:25989:20)
    at runWithFiberInDEV (/Users/ryan/.codex/worktrees/6614/chirality/projects/chirality-piping/node_modules/react-dom/cjs/react-dom-client.development.js:874:13)
    at commitHookEffectListMount (/Users/ryan/.codex/worktrees/6614/chirality/projects/chirality-piping/node_modules/react-dom/cjs/react-dom-client.development.js:13249:29) undefined
Error: Not implemented: HTMLCanvasElement.prototype.getContext (without installing the canvas npm package)
    at module.exports (/Users/ryan/.codex/worktrees/6614/chirality/projects/chirality-piping/node_modules/jsdom/lib/jsdom/browser/not-implemented.js:9:17)
    at HTMLCanvasElementImpl.getContext (/Users/ryan/.codex/worktrees/6614/chirality/projects/chirality-piping/node_modules/jsdom/lib/jsdom/living/nodes/HTMLCanvasElement-impl.js:42:5)
    at HTMLCanvasElement.getContext (/Users/ryan/.codex/worktrees/6614/chirality/projects/chirality-piping/node_modules/jsdom/lib/jsdom/living/generated/HTMLCanvasElement.js:131:58)
    at getContext (file:///Users/ryan/.codex/worktrees/6614/chirality/projects/chirality-piping/node_modules/three/build/three.module.js:15443:18)
    at new WebGLRenderer (file:///Users/ryan/.codex/worktrees/6614/chirality/projects/chirality-piping/node_modules/three/build/three.module.js:15472:11)
    at new ViewportResource (/private/tmp/piping-engine-integration-20260925/projects/chirality-piping/apps/desktop/src/features/viewport/viewportResource.ts:509:21)
    at /private/tmp/piping-engine-integration-20260925/projects/chirality-piping/apps/desktop/src/features/viewport/PipeViewport.tsx:909:18
    at Object.react_stack_bottom_frame (/Users/ryan/.codex/worktrees/6614/chirality/projects/chirality-piping/node_modules/react-dom/cjs/react-dom-client.development.js:25989:20)
    at runWithFiberInDEV (/Users/ryan/.codex/worktrees/6614/chirality/projects/chirality-piping/node_modules/react-dom/cjs/react-dom-client.development.js:874:13)
    at commitHookEffectListMount (/Users/ryan/.codex/worktrees/6614/chirality/projects/chirality-piping/node_modules/react-dom/cjs/react-dom-client.development.js:13249:29) undefined
Error: Not implemented: HTMLCanvasElement.prototype.getContext (without installing the canvas npm package)
    at module.exports (/Users/ryan/.codex/worktrees/6614/chirality/projects/chirality-piping/node_modules/jsdom/lib/jsdom/browser/not-implemented.js:9:17)
    at HTMLCanvasElementImpl.getContext (/Users/ryan/.codex/worktrees/6614/chirality/projects/chirality-piping/node_modules/jsdom/lib/jsdom/living/nodes/HTMLCanvasElement-impl.js:42:5)
    at HTMLCanvasElement.getContext (/Users/ryan/.codex/worktrees/6614/chirality/projects/chirality-piping/node_modules/jsdom/lib/jsdom/living/generated/HTMLCanvasElement.js:131:58)
    at getContext (file:///Users/ryan/.codex/worktrees/6614/chirality/projects/chirality-piping/node_modules/three/build/three.module.js:15443:18)
    at new WebGLRenderer (file:///Users/ryan/.codex/worktrees/6614/chirality/projects/chirality-piping/node_modules/three/build/three.module.js:15476:11)
    at new ViewportResource (/private/tmp/piping-engine-integration-20260925/projects/chirality-piping/apps/desktop/src/features/viewport/viewportResource.ts:509:21)
    at /private/tmp/piping-engine-integration-20260925/projects/chirality-piping/apps/desktop/src/features/viewport/PipeViewport.tsx:909:18
    at Object.react_stack_bottom_frame (/Users/ryan/.codex/worktrees/6614/chirality/projects/chirality-piping/node_modules/react-dom/cjs/react-dom-client.development.js:25989:20)
    at runWithFiberInDEV (/Users/ryan/.codex/worktrees/6614/chirality/projects/chirality-piping/node_modules/react-dom/cjs/react-dom-client.development.js:874:13)
    at commitHookEffectListMount (/Users/ryan/.codex/worktrees/6614/chirality/projects/chirality-piping/node_modules/react-dom/cjs/react-dom-client.development.js:13249:29) undefined
Error: Not implemented: HTMLCanvasElement.prototype.getContext (without installing the canvas npm package)
    at module.exports (/Users/ryan/.codex/worktrees/6614/chirality/projects/chirality-piping/node_modules/jsdom/lib/jsdom/browser/not-implemented.js:9:17)
    at HTMLCanvasElementImpl.getContext (/Users/ryan/.codex/worktrees/6614/chirality/projects/chirality-piping/node_modules/jsdom/lib/jsdom/living/nodes/HTMLCanvasElement-impl.js:42:5)
    at HTMLCanvasElement.getContext (/Users/ryan/.codex/worktrees/6614/chirality/projects/chirality-piping/node_modules/jsdom/lib/jsdom/living/generated/HTMLCanvasElement.js:131:58)
    at getContext (file:///Users/ryan/.codex/worktrees/6614/chirality/projects/chirality-piping/node_modules/three/build/three.module.js:15443:18)
    at new WebGLRenderer (file:///Users/ryan/.codex/worktrees/6614/chirality/projects/chirality-piping/node_modules/three/build/three.module.js:15472:11)
    at new ViewportResource (/private/tmp/piping-engine-integration-20260925/projects/chirality-piping/apps/desktop/src/features/viewport/viewportResource.ts:509:21)
    at /private/tmp/piping-engine-integration-20260925/projects/chirality-piping/apps/desktop/src/features/viewport/PipeViewport.tsx:909:18
    at Object.react_stack_bottom_frame (/Users/ryan/.codex/worktrees/6614/chirality/projects/chirality-piping/node_modules/react-dom/cjs/react-dom-client.development.js:25989:20)
    at runWithFiberInDEV (/Users/ryan/.codex/worktrees/6614/chirality/projects/chirality-piping/node_modules/react-dom/cjs/react-dom-client.development.js:874:13)
    at commitHookEffectListMount (/Users/ryan/.codex/worktrees/6614/chirality/projects/chirality-piping/node_modules/react-dom/cjs/react-dom-client.development.js:13249:29) undefined
Error: Not implemented: HTMLCanvasElement.prototype.getContext (without installing the canvas npm package)
    at module.exports (/Users/ryan/.codex/worktrees/6614/chirality/projects/chirality-piping/node_modules/jsdom/lib/jsdom/browser/not-implemented.js:9:17)
    at HTMLCanvasElementImpl.getContext (/Users/ryan/.codex/worktrees/6614/chirality/projects/chirality-piping/node_modules/jsdom/lib/jsdom/living/nodes/HTMLCanvasElement-impl.js:42:5)
    at HTMLCanvasElement.getContext (/Users/ryan/.codex/worktrees/6614/chirality/projects/chirality-piping/node_modules/jsdom/lib/jsdom/living/generated/HTMLCanvasElement.js:131:58)
    at getContext (file:///Users/ryan/.codex/worktrees/6614/chirality/projects/chirality-piping/node_modules/three/build/three.module.js:15443:18)
    at new WebGLRenderer (file:///Users/ryan/.codex/worktrees/6614/chirality/projects/chirality-piping/node_modules/three/build/three.module.js:15476:11)
    at new ViewportResource (/private/tmp/piping-engine-integration-20260925/projects/chirality-piping/apps/desktop/src/features/viewport/viewportResource.ts:509:21)
    at /private/tmp/piping-engine-integration-20260925/projects/chirality-piping/apps/desktop/src/features/viewport/PipeViewport.tsx:909:18
    at Object.react_stack_bottom_frame (/Users/ryan/.codex/worktrees/6614/chirality/projects/chirality-piping/node_modules/react-dom/cjs/react-dom-client.development.js:25989:20)
    at runWithFiberInDEV (/Users/ryan/.codex/worktrees/6614/chirality/projects/chirality-piping/node_modules/react-dom/cjs/react-dom-client.development.js:874:13)
    at commitHookEffectListMount (/Users/ryan/.codex/worktrees/6614/chirality/projects/chirality-piping/node_modules/react-dom/cjs/react-dom-client.development.js:13249:29) undefined
Error: Not implemented: HTMLCanvasElement.prototype.getContext (without installing the canvas npm package)
    at module.exports (/Users/ryan/.codex/worktrees/6614/chirality/projects/chirality-piping/node_modules/jsdom/lib/jsdom/browser/not-implemented.js:9:17)
    at HTMLCanvasElementImpl.getContext (/Users/ryan/.codex/worktrees/6614/chirality/projects/chirality-piping/node_modules/jsdom/lib/jsdom/living/nodes/HTMLCanvasElement-impl.js:42:5)
    at HTMLCanvasElement.getContext (/Users/ryan/.codex/worktrees/6614/chirality/projects/chirality-piping/node_modules/jsdom/lib/jsdom/living/generated/HTMLCanvasElement.js:131:58)
    at getContext (file:///Users/ryan/.codex/worktrees/6614/chirality/projects/chirality-piping/node_modules/three/build/three.module.js:15443:18)
    at new WebGLRenderer (file:///Users/ryan/.codex/worktrees/6614/chirality/projects/chirality-piping/node_modules/three/build/three.module.js:15472:11)
    at new ViewportResource (/private/tmp/piping-engine-integration-20260925/projects/chirality-piping/apps/desktop/src/features/viewport/viewportResource.ts:509:21)
    at /private/tmp/piping-engine-integration-20260925/projects/chirality-piping/apps/desktop/src/features/viewport/PipeViewport.tsx:909:18
    at Object.react_stack_bottom_frame (/Users/ryan/.codex/worktrees/6614/chirality/projects/chirality-piping/node_modules/react-dom/cjs/react-dom-client.development.js:25989:20)
    at runWithFiberInDEV (/Users/ryan/.codex/worktrees/6614/chirality/projects/chirality-piping/node_modules/react-dom/cjs/react-dom-client.development.js:874:13)
    at commitHookEffectListMount (/Users/ryan/.codex/worktrees/6614/chirality/projects/chirality-piping/node_modules/react-dom/cjs/react-dom-client.development.js:13249:29) undefined
Error: Not implemented: HTMLCanvasElement.prototype.getContext (without installing the canvas npm package)
    at module.exports (/Users/ryan/.codex/worktrees/6614/chirality/projects/chirality-piping/node_modules/jsdom/lib/jsdom/browser/not-implemented.js:9:17)
    at HTMLCanvasElementImpl.getContext (/Users/ryan/.codex/worktrees/6614/chirality/projects/chirality-piping/node_modules/jsdom/lib/jsdom/living/nodes/HTMLCanvasElement-impl.js:42:5)
    at HTMLCanvasElement.getContext (/Users/ryan/.codex/worktrees/6614/chirality/projects/chirality-piping/node_modules/jsdom/lib/jsdom/living/generated/HTMLCanvasElement.js:131:58)
    at getContext (file:///Users/ryan/.codex/worktrees/6614/chirality/projects/chirality-piping/node_modules/three/build/three.module.js:15443:18)
    at new WebGLRenderer (file:///Users/ryan/.codex/worktrees/6614/chirality/projects/chirality-piping/node_modules/three/build/three.module.js:15476:11)
    at new ViewportResource (/private/tmp/piping-engine-integration-20260925/projects/chirality-piping/apps/desktop/src/features/viewport/viewportResource.ts:509:21)
    at /private/tmp/piping-engine-integration-20260925/projects/chirality-piping/apps/desktop/src/features/viewport/PipeViewport.tsx:909:18
    at Object.react_stack_bottom_frame (/Users/ryan/.codex/worktrees/6614/chirality/projects/chirality-piping/node_modules/react-dom/cjs/react-dom-client.development.js:25989:20)
    at runWithFiberInDEV (/Users/ryan/.codex/worktrees/6614/chirality/projects/chirality-piping/node_modules/react-dom/cjs/react-dom-client.development.js:874:13)
    at commitHookEffectListMount (/Users/ryan/.codex/worktrees/6614/chirality/projects/chirality-piping/node_modules/react-dom/cjs/react-dom-client.development.js:13249:29) undefined
Error: Not implemented: HTMLCanvasElement.prototype.getContext (without installing the canvas npm package)
    at module.exports (/Users/ryan/.codex/worktrees/6614/chirality/projects/chirality-piping/node_modules/jsdom/lib/jsdom/browser/not-implemented.js:9:17)
    at HTMLCanvasElementImpl.getContext (/Users/ryan/.codex/worktrees/6614/chirality/projects/chirality-piping/node_modules/jsdom/lib/jsdom/living/nodes/HTMLCanvasElement-impl.js:42:5)
    at HTMLCanvasElement.getContext (/Users/ryan/.codex/worktrees/6614/chirality/projects/chirality-piping/node_modules/jsdom/lib/jsdom/living/generated/HTMLCanvasElement.js:131:58)
    at getContext (file:///Users/ryan/.codex/worktrees/6614/chirality/projects/chirality-piping/node_modules/three/build/three.module.js:15443:18)
    at new WebGLRenderer (file:///Users/ryan/.codex/worktrees/6614/chirality/projects/chirality-piping/node_modules/three/build/three.module.js:15472:11)
    at new ViewportResource (/private/tmp/piping-engine-integration-20260925/projects/chirality-piping/apps/desktop/src/features/viewport/viewportResource.ts:509:21)
    at /private/tmp/piping-engine-integration-20260925/projects/chirality-piping/apps/desktop/src/features/viewport/PipeViewport.tsx:909:18
    at Object.react_stack_bottom_frame (/Users/ryan/.codex/worktrees/6614/chirality/projects/chirality-piping/node_modules/react-dom/cjs/react-dom-client.development.js:25989:20)
    at runWithFiberInDEV (/Users/ryan/.codex/worktrees/6614/chirality/projects/chirality-piping/node_modules/react-dom/cjs/react-dom-client.development.js:874:13)
    at commitHookEffectListMount (/Users/ryan/.codex/worktrees/6614/chirality/projects/chirality-piping/node_modules/react-dom/cjs/react-dom-client.development.js:13249:29) undefined
Error: Not implemented: HTMLCanvasElement.prototype.getContext (without installing the canvas npm package)
    at module.exports (/Users/ryan/.codex/worktrees/6614/chirality/projects/chirality-piping/node_modules/jsdom/lib/jsdom/browser/not-implemented.js:9:17)
    at HTMLCanvasElementImpl.getContext (/Users/ryan/.codex/worktrees/6614/chirality/projects/chirality-piping/node_modules/jsdom/lib/jsdom/living/nodes/HTMLCanvasElement-impl.js:42:5)
    at HTMLCanvasElement.getContext (/Users/ryan/.codex/worktrees/6614/chirality/projects/chirality-piping/node_modules/jsdom/lib/jsdom/living/generated/HTMLCanvasElement.js:131:58)
    at getContext (file:///Users/ryan/.codex/worktrees/6614/chirality/projects/chirality-piping/node_modules/three/build/three.module.js:15443:18)
    at new WebGLRenderer (file:///Users/ryan/.codex/worktrees/6614/chirality/projects/chirality-piping/node_modules/three/build/three.module.js:15476:11)
    at new ViewportResource (/private/tmp/piping-engine-integration-20260925/projects/chirality-piping/apps/desktop/src/features/viewport/viewportResource.ts:509:21)
    at /private/tmp/piping-engine-integration-20260925/projects/chirality-piping/apps/desktop/src/features/viewport/PipeViewport.tsx:909:18
    at Object.react_stack_bottom_frame (/Users/ryan/.codex/worktrees/6614/chirality/projects/chirality-piping/node_modules/react-dom/cjs/react-dom-client.development.js:25989:20)
    at runWithFiberInDEV (/Users/ryan/.codex/worktrees/6614/chirality/projects/chirality-piping/node_modules/react-dom/cjs/react-dom-client.development.js:874:13)
    at commitHookEffectListMount (/Users/ryan/.codex/worktrees/6614/chirality/projects/chirality-piping/node_modules/react-dom/cjs/react-dom-client.development.js:13249:29) undefined
Error: Not implemented: HTMLCanvasElement.prototype.getContext (without installing the canvas npm package)
    at module.exports (/Users/ryan/.codex/worktrees/6614/chirality/projects/chirality-piping/node_modules/jsdom/lib/jsdom/browser/not-implemented.js:9:17)
    at HTMLCanvasElementImpl.getContext (/Users/ryan/.codex/worktrees/6614/chirality/projects/chirality-piping/node_modules/jsdom/lib/jsdom/living/nodes/HTMLCanvasElement-impl.js:42:5)
    at HTMLCanvasElement.getContext (/Users/ryan/.codex/worktrees/6614/chirality/projects/chirality-piping/node_modules/jsdom/lib/jsdom/living/generated/HTMLCanvasElement.js:131:58)
    at getContext (file:///Users/ryan/.codex/worktrees/6614/chirality/projects/chirality-piping/node_modules/three/build/three.module.js:15443:18)
    at new WebGLRenderer (file:///Users/ryan/.codex/worktrees/6614/chirality/projects/chirality-piping/node_modules/three/build/three.module.js:15472:11)
    at new ViewportResource (/private/tmp/piping-engine-integration-20260925/projects/chirality-piping/apps/desktop/src/features/viewport/viewportResource.ts:509:21)
    at /private/tmp/piping-engine-integration-20260925/projects/chirality-piping/apps/desktop/src/features/viewport/PipeViewport.tsx:909:18
    at Object.react_stack_bottom_frame (/Users/ryan/.codex/worktrees/6614/chirality/projects/chirality-piping/node_modules/react-dom/cjs/react-dom-client.development.js:25989:20)
    at runWithFiberInDEV (/Users/ryan/.codex/worktrees/6614/chirality/projects/chirality-piping/node_modules/react-dom/cjs/react-dom-client.development.js:874:13)
    at commitHookEffectListMount (/Users/ryan/.codex/worktrees/6614/chirality/projects/chirality-piping/node_modules/react-dom/cjs/react-dom-client.development.js:13249:29) undefined
Error: Not implemented: HTMLCanvasElement.prototype.getContext (without installing the canvas npm package)
    at module.exports (/Users/ryan/.codex/worktrees/6614/chirality/projects/chirality-piping/node_modules/jsdom/lib/jsdom/browser/not-implemented.js:9:17)
    at HTMLCanvasElementImpl.getContext (/Users/ryan/.codex/worktrees/6614/chirality/projects/chirality-piping/node_modules/jsdom/lib/jsdom/living/nodes/HTMLCanvasElement-impl.js:42:5)
    at HTMLCanvasElement.getContext (/Users/ryan/.codex/worktrees/6614/chirality/projects/chirality-piping/node_modules/jsdom/lib/jsdom/living/generated/HTMLCanvasElement.js:131:58)
    at getContext (file:///Users/ryan/.codex/worktrees/6614/chirality/projects/chirality-piping/node_modules/three/build/three.module.js:15443:18)
    at new WebGLRenderer (file:///Users/ryan/.codex/worktrees/6614/chirality/projects/chirality-piping/node_modules/three/build/three.module.js:15476:11)
    at new ViewportResource (/private/tmp/piping-engine-integration-20260925/projects/chirality-piping/apps/desktop/src/features/viewport/viewportResource.ts:509:21)
    at /private/tmp/piping-engine-integration-20260925/projects/chirality-piping/apps/desktop/src/features/viewport/PipeViewport.tsx:909:18
    at Object.react_stack_bottom_frame (/Users/ryan/.codex/worktrees/6614/chirality/projects/chirality-piping/node_modules/react-dom/cjs/react-dom-client.development.js:25989:20)
    at runWithFiberInDEV (/Users/ryan/.codex/worktrees/6614/chirality/projects/chirality-piping/node_modules/react-dom/cjs/react-dom-client.development.js:874:13)
    at commitHookEffectListMount (/Users/ryan/.codex/worktrees/6614/chirality/projects/chirality-piping/node_modules/react-dom/cjs/react-dom-client.development.js:13249:29) undefined
Error: Not implemented: HTMLCanvasElement.prototype.getContext (without installing the canvas npm package)
    at module.exports (/Users/ryan/.codex/worktrees/6614/chirality/projects/chirality-piping/node_modules/jsdom/lib/jsdom/browser/not-implemented.js:9:17)
    at HTMLCanvasElementImpl.getContext (/Users/ryan/.codex/worktrees/6614/chirality/projects/chirality-piping/node_modules/jsdom/lib/jsdom/living/nodes/HTMLCanvasElement-impl.js:42:5)
    at HTMLCanvasElement.getContext (/Users/ryan/.codex/worktrees/6614/chirality/projects/chirality-piping/node_modules/jsdom/lib/jsdom/living/generated/HTMLCanvasElement.js:131:58)
    at getContext (file:///Users/ryan/.codex/worktrees/6614/chirality/projects/chirality-piping/node_modules/three/build/three.module.js:15443:18)
    at new WebGLRenderer (file:///Users/ryan/.codex/worktrees/6614/chirality/projects/chirality-piping/node_modules/three/build/three.module.js:15472:11)
    at new ViewportResource (/private/tmp/piping-engine-integration-20260925/projects/chirality-piping/apps/desktop/src/features/viewport/viewportResource.ts:509:21)
    at /private/tmp/piping-engine-integration-20260925/projects/chirality-piping/apps/desktop/src/features/viewport/PipeViewport.tsx:909:18
    at Object.react_stack_bottom_frame (/Users/ryan/.codex/worktrees/6614/chirality/projects/chirality-piping/node_modules/react-dom/cjs/react-dom-client.development.js:25989:20)
    at runWithFiberInDEV (/Users/ryan/.codex/worktrees/6614/chirality/projects/chirality-piping/node_modules/react-dom/cjs/react-dom-client.development.js:874:13)
    at commitHookEffectListMount (/Users/ryan/.codex/worktrees/6614/chirality/projects/chirality-piping/node_modules/react-dom/cjs/react-dom-client.development.js:13249:29) undefined
Error: Not implemented: HTMLCanvasElement.prototype.getContext (without installing the canvas npm package)
    at module.exports (/Users/ryan/.codex/worktrees/6614/chirality/projects/chirality-piping/node_modules/jsdom/lib/jsdom/browser/not-implemented.js:9:17)
    at HTMLCanvasElementImpl.getContext (/Users/ryan/.codex/worktrees/6614/chirality/projects/chirality-piping/node_modules/jsdom/lib/jsdom/living/nodes/HTMLCanvasElement-impl.js:42:5)
    at HTMLCanvasElement.getContext (/Users/ryan/.codex/worktrees/6614/chirality/projects/chirality-piping/node_modules/jsdom/lib/jsdom/living/generated/HTMLCanvasElement.js:131:58)
    at getContext (file:///Users/ryan/.codex/worktrees/6614/chirality/projects/chirality-piping/node_modules/three/build/three.module.js:15443:18)
    at new WebGLRenderer (file:///Users/ryan/.codex/worktrees/6614/chirality/projects/chirality-piping/node_modules/three/build/three.module.js:15476:11)
    at new ViewportResource (/private/tmp/piping-engine-integration-20260925/projects/chirality-piping/apps/desktop/src/features/viewport/viewportResource.ts:509:21)
    at /private/tmp/piping-engine-integration-20260925/projects/chirality-piping/apps/desktop/src/features/viewport/PipeViewport.tsx:909:18
    at Object.react_stack_bottom_frame (/Users/ryan/.codex/worktrees/6614/chirality/projects/chirality-piping/node_modules/react-dom/cjs/react-dom-client.development.js:25989:20)
    at runWithFiberInDEV (/Users/ryan/.codex/worktrees/6614/chirality/projects/chirality-piping/node_modules/react-dom/cjs/react-dom-client.development.js:874:13)
    at commitHookEffectListMount (/Users/ryan/.codex/worktrees/6614/chirality/projects/chirality-piping/node_modules/react-dom/cjs/react-dom-client.development.js:13249:29) undefined
Error: Not implemented: HTMLCanvasElement.prototype.getContext (without installing the canvas npm package)
    at module.exports (/Users/ryan/.codex/worktrees/6614/chirality/projects/chirality-piping/node_modules/jsdom/lib/jsdom/browser/not-implemented.js:9:17)
    at HTMLCanvasElementImpl.getContext (/Users/ryan/.codex/worktrees/6614/chirality/projects/chirality-piping/node_modules/jsdom/lib/jsdom/living/nodes/HTMLCanvasElement-impl.js:42:5)
    at HTMLCanvasElement.getContext (/Users/ryan/.codex/worktrees/6614/chirality/projects/chirality-piping/node_modules/jsdom/lib/jsdom/living/generated/HTMLCanvasElement.js:131:58)
    at getContext (file:///Users/ryan/.codex/worktrees/6614/chirality/projects/chirality-piping/node_modules/three/build/three.module.js:15443:18)
    at new WebGLRenderer (file:///Users/ryan/.codex/worktrees/6614/chirality/projects/chirality-piping/node_modules/three/build/three.module.js:15472:11)
    at new ViewportResource (/private/tmp/piping-engine-integration-20260925/projects/chirality-piping/apps/desktop/src/features/viewport/viewportResource.ts:509:21)
    at /private/tmp/piping-engine-integration-20260925/projects/chirality-piping/apps/desktop/src/features/viewport/PipeViewport.tsx:909:18
    at Object.react_stack_bottom_frame (/Users/ryan/.codex/worktrees/6614/chirality/projects/chirality-piping/node_modules/react-dom/cjs/react-dom-client.development.js:25989:20)
    at runWithFiberInDEV (/Users/ryan/.codex/worktrees/6614/chirality/projects/chirality-piping/node_modules/react-dom/cjs/react-dom-client.development.js:874:13)
    at commitHookEffectListMount (/Users/ryan/.codex/worktrees/6614/chirality/projects/chirality-piping/node_modules/react-dom/cjs/react-dom-client.development.js:13249:29) undefined
Error: Not implemented: HTMLCanvasElement.prototype.getContext (without installing the canvas npm package)
    at module.exports (/Users/ryan/.codex/worktrees/6614/chirality/projects/chirality-piping/node_modules/jsdom/lib/jsdom/browser/not-implemented.js:9:17)
    at HTMLCanvasElementImpl.getContext (/Users/ryan/.codex/worktrees/6614/chirality/projects/chirality-piping/node_modules/jsdom/lib/jsdom/living/nodes/HTMLCanvasElement-impl.js:42:5)
    at HTMLCanvasElement.getContext (/Users/ryan/.codex/worktrees/6614/chirality/projects/chirality-piping/node_modules/jsdom/lib/jsdom/living/generated/HTMLCanvasElement.js:131:58)
    at getContext (file:///Users/ryan/.codex/worktrees/6614/chirality/projects/chirality-piping/node_modules/three/build/three.module.js:15443:18)
    at new WebGLRenderer (file:///Users/ryan/.codex/worktrees/6614/chirality/projects/chirality-piping/node_modules/three/build/three.module.js:15476:11)
    at new ViewportResource (/private/tmp/piping-engine-integration-20260925/projects/chirality-piping/apps/desktop/src/features/viewport/viewportResource.ts:509:21)
    at /private/tmp/piping-engine-integration-20260925/projects/chirality-piping/apps/desktop/src/features/viewport/PipeViewport.tsx:909:18
    at Object.react_stack_bottom_frame (/Users/ryan/.codex/worktrees/6614/chirality/projects/chirality-piping/node_modules/react-dom/cjs/react-dom-client.development.js:25989:20)
    at runWithFiberInDEV (/Users/ryan/.codex/worktrees/6614/chirality/projects/chirality-piping/node_modules/react-dom/cjs/react-dom-client.development.js:874:13)
    at commitHookEffectListMount (/Users/ryan/.codex/worktrees/6614/chirality/projects/chirality-piping/node_modules/react-dom/cjs/react-dom-client.development.js:13249:29) undefined
Error: Not implemented: HTMLCanvasElement.prototype.getContext (without installing the canvas npm package)
    at module.exports (/Users/ryan/.codex/worktrees/6614/chirality/projects/chirality-piping/node_modules/jsdom/lib/jsdom/browser/not-implemented.js:9:17)
    at HTMLCanvasElementImpl.getContext (/Users/ryan/.codex/worktrees/6614/chirality/projects/chirality-piping/node_modules/jsdom/lib/jsdom/living/nodes/HTMLCanvasElement-impl.js:42:5)
    at HTMLCanvasElement.getContext (/Users/ryan/.codex/worktrees/6614/chirality/projects/chirality-piping/node_modules/jsdom/lib/jsdom/living/generated/HTMLCanvasElement.js:131:58)
    at getContext (file:///Users/ryan/.codex/worktrees/6614/chirality/projects/chirality-piping/node_modules/three/build/three.module.js:15443:18)
    at new WebGLRenderer (file:///Users/ryan/.codex/worktrees/6614/chirality/projects/chirality-piping/node_modules/three/build/three.module.js:15472:11)
    at new ViewportResource (/private/tmp/piping-engine-integration-20260925/projects/chirality-piping/apps/desktop/src/features/viewport/viewportResource.ts:509:21)
    at /private/tmp/piping-engine-integration-20260925/projects/chirality-piping/apps/desktop/src/features/viewport/PipeViewport.tsx:909:18
    at Object.react_stack_bottom_frame (/Users/ryan/.codex/worktrees/6614/chirality/projects/chirality-piping/node_modules/react-dom/cjs/react-dom-client.development.js:25989:20)
    at runWithFiberInDEV (/Users/ryan/.codex/worktrees/6614/chirality/projects/chirality-piping/node_modules/react-dom/cjs/react-dom-client.development.js:874:13)
    at commitHookEffectListMount (/Users/ryan/.codex/worktrees/6614/chirality/projects/chirality-piping/node_modules/react-dom/cjs/react-dom-client.development.js:13249:29) undefined
Error: Not implemented: HTMLCanvasElement.prototype.getContext (without installing the canvas npm package)
    at module.exports (/Users/ryan/.codex/worktrees/6614/chirality/projects/chirality-piping/node_modules/jsdom/lib/jsdom/browser/not-implemented.js:9:17)
    at HTMLCanvasElementImpl.getContext (/Users/ryan/.codex/worktrees/6614/chirality/projects/chirality-piping/node_modules/jsdom/lib/jsdom/living/nodes/HTMLCanvasElement-impl.js:42:5)
    at HTMLCanvasElement.getContext (/Users/ryan/.codex/worktrees/6614/chirality/projects/chirality-piping/node_modules/jsdom/lib/jsdom/living/generated/HTMLCanvasElement.js:131:58)
    at getContext (file:///Users/ryan/.codex/worktrees/6614/chirality/projects/chirality-piping/node_modules/three/build/three.module.js:15443:18)
    at new WebGLRenderer (file:///Users/ryan/.codex/worktrees/6614/chirality/projects/chirality-piping/node_modules/three/build/three.module.js:15476:11)
    at new ViewportResource (/private/tmp/piping-engine-integration-20260925/projects/chirality-piping/apps/desktop/src/features/viewport/viewportResource.ts:509:21)
    at /private/tmp/piping-engine-integration-20260925/projects/chirality-piping/apps/desktop/src/features/viewport/PipeViewport.tsx:909:18
    at Object.react_stack_bottom_frame (/Users/ryan/.codex/worktrees/6614/chirality/projects/chirality-piping/node_modules/react-dom/cjs/react-dom-client.development.js:25989:20)
    at runWithFiberInDEV (/Users/ryan/.codex/worktrees/6614/chirality/projects/chirality-piping/node_modules/react-dom/cjs/react-dom-client.development.js:874:13)
    at commitHookEffectListMount (/Users/ryan/.codex/worktrees/6614/chirality/projects/chirality-piping/node_modules/react-dom/cjs/react-dom-client.development.js:13249:29) undefined
Error: Not implemented: HTMLCanvasElement.prototype.getContext (without installing the canvas npm package)
    at module.exports (/Users/ryan/.codex/worktrees/6614/chirality/projects/chirality-piping/node_modules/jsdom/lib/jsdom/browser/not-implemented.js:9:17)
    at HTMLCanvasElementImpl.getContext (/Users/ryan/.codex/worktrees/6614/chirality/projects/chirality-piping/node_modules/jsdom/lib/jsdom/living/nodes/HTMLCanvasElement-impl.js:42:5)
    at HTMLCanvasElement.getContext (/Users/ryan/.codex/worktrees/6614/chirality/projects/chirality-piping/node_modules/jsdom/lib/jsdom/living/generated/HTMLCanvasElement.js:131:58)
    at getContext (file:///Users/ryan/.codex/worktrees/6614/chirality/projects/chirality-piping/node_modules/three/build/three.module.js:15443:18)
    at new WebGLRenderer (file:///Users/ryan/.codex/worktrees/6614/chirality/projects/chirality-piping/node_modules/three/build/three.module.js:15472:11)
    at new ViewportResource (/private/tmp/piping-engine-integration-20260925/projects/chirality-piping/apps/desktop/src/features/viewport/viewportResource.ts:509:21)
    at /private/tmp/piping-engine-integration-20260925/projects/chirality-piping/apps/desktop/src/features/viewport/PipeViewport.tsx:909:18
    at Object.react_stack_bottom_frame (/Users/ryan/.codex/worktrees/6614/chirality/projects/chirality-piping/node_modules/react-dom/cjs/react-dom-client.development.js:25989:20)
    at runWithFiberInDEV (/Users/ryan/.codex/worktrees/6614/chirality/projects/chirality-piping/node_modules/react-dom/cjs/react-dom-client.development.js:874:13)
    at commitHookEffectListMount (/Users/ryan/.codex/worktrees/6614/chirality/projects/chirality-piping/node_modules/react-dom/cjs/react-dom-client.development.js:13249:29) undefined
Error: Not implemented: HTMLCanvasElement.prototype.getContext (without installing the canvas npm package)
    at module.exports (/Users/ryan/.codex/worktrees/6614/chirality/projects/chirality-piping/node_modules/jsdom/lib/jsdom/browser/not-implemented.js:9:17)
    at HTMLCanvasElementImpl.getContext (/Users/ryan/.codex/worktrees/6614/chirality/projects/chirality-piping/node_modules/jsdom/lib/jsdom/living/nodes/HTMLCanvasElement-impl.js:42:5)
    at HTMLCanvasElement.getContext (/Users/ryan/.codex/worktrees/6614/chirality/projects/chirality-piping/node_modules/jsdom/lib/jsdom/living/generated/HTMLCanvasElement.js:131:58)
    at getContext (file:///Users/ryan/.codex/worktrees/6614/chirality/projects/chirality-piping/node_modules/three/build/three.module.js:15443:18)
    at new WebGLRenderer (file:///Users/ryan/.codex/worktrees/6614/chirality/projects/chirality-piping/node_modules/three/build/three.module.js:15476:11)
    at new ViewportResource (/private/tmp/piping-engine-integration-20260925/projects/chirality-piping/apps/desktop/src/features/viewport/viewportResource.ts:509:21)
    at /private/tmp/piping-engine-integration-20260925/projects/chirality-piping/apps/desktop/src/features/viewport/PipeViewport.tsx:909:18
    at Object.react_stack_bottom_frame (/Users/ryan/.codex/worktrees/6614/chirality/projects/chirality-piping/node_modules/react-dom/cjs/react-dom-client.development.js:25989:20)
    at runWithFiberInDEV (/Users/ryan/.codex/worktrees/6614/chirality/projects/chirality-piping/node_modules/react-dom/cjs/react-dom-client.development.js:874:13)
    at commitHookEffectListMount (/Users/ryan/.codex/worktrees/6614/chirality/projects/chirality-piping/node_modules/react-dom/cjs/react-dom-client.development.js:13249:29) undefined
Error: Not implemented: HTMLCanvasElement.prototype.getContext (without installing the canvas npm package)
    at module.exports (/Users/ryan/.codex/worktrees/6614/chirality/projects/chirality-piping/node_modules/jsdom/lib/jsdom/browser/not-implemented.js:9:17)
    at HTMLCanvasElementImpl.getContext (/Users/ryan/.codex/worktrees/6614/chirality/projects/chirality-piping/node_modules/jsdom/lib/jsdom/living/nodes/HTMLCanvasElement-impl.js:42:5)
    at HTMLCanvasElement.getContext (/Users/ryan/.codex/worktrees/6614/chirality/projects/chirality-piping/node_modules/jsdom/lib/jsdom/living/generated/HTMLCanvasElement.js:131:58)
    at getContext (file:///Users/ryan/.codex/worktrees/6614/chirality/projects/chirality-piping/node_modules/three/build/three.module.js:15443:18)
    at new WebGLRenderer (file:///Users/ryan/.codex/worktrees/6614/chirality/projects/chirality-piping/node_modules/three/build/three.module.js:15472:11)
    at new ViewportResource (/private/tmp/piping-engine-integration-20260925/projects/chirality-piping/apps/desktop/src/features/viewport/viewportResource.ts:509:21)
    at /private/tmp/piping-engine-integration-20260925/projects/chirality-piping/apps/desktop/src/features/viewport/PipeViewport.tsx:909:18
    at Object.react_stack_bottom_frame (/Users/ryan/.codex/worktrees/6614/chirality/projects/chirality-piping/node_modules/react-dom/cjs/react-dom-client.development.js:25989:20)
    at runWithFiberInDEV (/Users/ryan/.codex/worktrees/6614/chirality/projects/chirality-piping/node_modules/react-dom/cjs/react-dom-client.development.js:874:13)
    at commitHookEffectListMount (/Users/ryan/.codex/worktrees/6614/chirality/projects/chirality-piping/node_modules/react-dom/cjs/react-dom-client.development.js:13249:29) undefined
Error: Not implemented: HTMLCanvasElement.prototype.getContext (without installing the canvas npm package)
    at module.exports (/Users/ryan/.codex/worktrees/6614/chirality/projects/chirality-piping/node_modules/jsdom/lib/jsdom/browser/not-implemented.js:9:17)
    at HTMLCanvasElementImpl.getContext (/Users/ryan/.codex/worktrees/6614/chirality/projects/chirality-piping/node_modules/jsdom/lib/jsdom/living/nodes/HTMLCanvasElement-impl.js:42:5)
    at HTMLCanvasElement.getContext (/Users/ryan/.codex/worktrees/6614/chirality/projects/chirality-piping/node_modules/jsdom/lib/jsdom/living/generated/HTMLCanvasElement.js:131:58)
    at getContext (file:///Users/ryan/.codex/worktrees/6614/chirality/projects/chirality-piping/node_modules/three/build/three.module.js:15443:18)
    at new WebGLRenderer (file:///Users/ryan/.codex/worktrees/6614/chirality/projects/chirality-piping/node_modules/three/build/three.module.js:15476:11)
    at new ViewportResource (/private/tmp/piping-engine-integration-20260925/projects/chirality-piping/apps/desktop/src/features/viewport/viewportResource.ts:509:21)
    at /private/tmp/piping-engine-integration-20260925/projects/chirality-piping/apps/desktop/src/features/viewport/PipeViewport.tsx:909:18
    at Object.react_stack_bottom_frame (/Users/ryan/.codex/worktrees/6614/chirality/projects/chirality-piping/node_modules/react-dom/cjs/react-dom-client.development.js:25989:20)
    at runWithFiberInDEV (/Users/ryan/.codex/worktrees/6614/chirality/projects/chirality-piping/node_modules/react-dom/cjs/react-dom-client.development.js:874:13)
    at commitHookEffectListMount (/Users/ryan/.codex/worktrees/6614/chirality/projects/chirality-piping/node_modules/react-dom/cjs/react-dom-client.development.js:13249:29) undefined
Error: Not implemented: HTMLCanvasElement.prototype.getContext (without installing the canvas npm package)
    at module.exports (/Users/ryan/.codex/worktrees/6614/chirality/projects/chirality-piping/node_modules/jsdom/lib/jsdom/browser/not-implemented.js:9:17)
    at HTMLCanvasElementImpl.getContext (/Users/ryan/.codex/worktrees/6614/chirality/projects/chirality-piping/node_modules/jsdom/lib/jsdom/living/nodes/HTMLCanvasElement-impl.js:42:5)
    at HTMLCanvasElement.getContext (/Users/ryan/.codex/worktrees/6614/chirality/projects/chirality-piping/node_modules/jsdom/lib/jsdom/living/generated/HTMLCanvasElement.js:131:58)
    at getContext (file:///Users/ryan/.codex/worktrees/6614/chirality/projects/chirality-piping/node_modules/three/build/three.module.js:15443:18)
    at new WebGLRenderer (file:///Users/ryan/.codex/worktrees/6614/chirality/projects/chirality-piping/node_modules/three/build/three.module.js:15472:11)
    at new ViewportResource (/private/tmp/piping-engine-integration-20260925/projects/chirality-piping/apps/desktop/src/features/viewport/viewportResource.ts:509:21)
    at /private/tmp/piping-engine-integration-20260925/projects/chirality-piping/apps/desktop/src/features/viewport/PipeViewport.tsx:909:18
    at Object.react_stack_bottom_frame (/Users/ryan/.codex/worktrees/6614/chirality/projects/chirality-piping/node_modules/react-dom/cjs/react-dom-client.development.js:25989:20)
    at runWithFiberInDEV (/Users/ryan/.codex/worktrees/6614/chirality/projects/chirality-piping/node_modules/react-dom/cjs/react-dom-client.development.js:874:13)
    at commitHookEffectListMount (/Users/ryan/.codex/worktrees/6614/chirality/projects/chirality-piping/node_modules/react-dom/cjs/react-dom-client.development.js:13249:29) undefined
Error: Not implemented: HTMLCanvasElement.prototype.getContext (without installing the canvas npm package)
    at module.exports (/Users/ryan/.codex/worktrees/6614/chirality/projects/chirality-piping/node_modules/jsdom/lib/jsdom/browser/not-implemented.js:9:17)
    at HTMLCanvasElementImpl.getContext (/Users/ryan/.codex/worktrees/6614/chirality/projects/chirality-piping/node_modules/jsdom/lib/jsdom/living/nodes/HTMLCanvasElement-impl.js:42:5)
    at HTMLCanvasElement.getContext (/Users/ryan/.codex/worktrees/6614/chirality/projects/chirality-piping/node_modules/jsdom/lib/jsdom/living/generated/HTMLCanvasElement.js:131:58)
    at getContext (file:///Users/ryan/.codex/worktrees/6614/chirality/projects/chirality-piping/node_modules/three/build/three.module.js:15443:18)
    at new WebGLRenderer (file:///Users/ryan/.codex/worktrees/6614/chirality/projects/chirality-piping/node_modules/three/build/three.module.js:15476:11)
    at new ViewportResource (/private/tmp/piping-engine-integration-20260925/projects/chirality-piping/apps/desktop/src/features/viewport/viewportResource.ts:509:21)
    at /private/tmp/piping-engine-integration-20260925/projects/chirality-piping/apps/desktop/src/features/viewport/PipeViewport.tsx:909:18
    at Object.react_stack_bottom_frame (/Users/ryan/.codex/worktrees/6614/chirality/projects/chirality-piping/node_modules/react-dom/cjs/react-dom-client.development.js:25989:20)
    at runWithFiberInDEV (/Users/ryan/.codex/worktrees/6614/chirality/projects/chirality-piping/node_modules/react-dom/cjs/react-dom-client.development.js:874:13)
    at commitHookEffectListMount (/Users/ryan/.codex/worktrees/6614/chirality/projects/chirality-piping/node_modules/react-dom/cjs/react-dom-client.development.js:13249:29) undefined
Error: Not implemented: HTMLCanvasElement.prototype.getContext (without installing the canvas npm package)
    at module.exports (/Users/ryan/.codex/worktrees/6614/chirality/projects/chirality-piping/node_modules/jsdom/lib/jsdom/browser/not-implemented.js:9:17)
    at HTMLCanvasElementImpl.getContext (/Users/ryan/.codex/worktrees/6614/chirality/projects/chirality-piping/node_modules/jsdom/lib/jsdom/living/nodes/HTMLCanvasElement-impl.js:42:5)
    at HTMLCanvasElement.getContext (/Users/ryan/.codex/worktrees/6614/chirality/projects/chirality-piping/node_modules/jsdom/lib/jsdom/living/generated/HTMLCanvasElement.js:131:58)
    at getContext (file:///Users/ryan/.codex/worktrees/6614/chirality/projects/chirality-piping/node_modules/three/build/three.module.js:15443:18)
    at new WebGLRenderer (file:///Users/ryan/.codex/worktrees/6614/chirality/projects/chirality-piping/node_modules/three/build/three.module.js:15472:11)
    at new ViewportResource (/private/tmp/piping-engine-integration-20260925/projects/chirality-piping/apps/desktop/src/features/viewport/viewportResource.ts:509:21)
    at /private/tmp/piping-engine-integration-20260925/projects/chirality-piping/apps/desktop/src/features/viewport/PipeViewport.tsx:909:18
    at Object.react_stack_bottom_frame (/Users/ryan/.codex/worktrees/6614/chirality/projects/chirality-piping/node_modules/react-dom/cjs/react-dom-client.development.js:25989:20)
    at runWithFiberInDEV (/Users/ryan/.codex/worktrees/6614/chirality/projects/chirality-piping/node_modules/react-dom/cjs/react-dom-client.development.js:874:13)
    at commitHookEffectListMount (/Users/ryan/.codex/worktrees/6614/chirality/projects/chirality-piping/node_modules/react-dom/cjs/react-dom-client.development.js:13249:29) undefined
Error: Not implemented: HTMLCanvasElement.prototype.getContext (without installing the canvas npm package)
    at module.exports (/Users/ryan/.codex/worktrees/6614/chirality/projects/chirality-piping/node_modules/jsdom/lib/jsdom/browser/not-implemented.js:9:17)
    at HTMLCanvasElementImpl.getContext (/Users/ryan/.codex/worktrees/6614/chirality/projects/chirality-piping/node_modules/jsdom/lib/jsdom/living/nodes/HTMLCanvasElement-impl.js:42:5)
    at HTMLCanvasElement.getContext (/Users/ryan/.codex/worktrees/6614/chirality/projects/chirality-piping/node_modules/jsdom/lib/jsdom/living/generated/HTMLCanvasElement.js:131:58)
    at getContext (file:///Users/ryan/.codex/worktrees/6614/chirality/projects/chirality-piping/node_modules/three/build/three.module.js:15443:18)
    at new WebGLRenderer (file:///Users/ryan/.codex/worktrees/6614/chirality/projects/chirality-piping/node_modules/three/build/three.module.js:15476:11)
    at new ViewportResource (/private/tmp/piping-engine-integration-20260925/projects/chirality-piping/apps/desktop/src/features/viewport/viewportResource.ts:509:21)
    at /private/tmp/piping-engine-integration-20260925/projects/chirality-piping/apps/desktop/src/features/viewport/PipeViewport.tsx:909:18
    at Object.react_stack_bottom_frame (/Users/ryan/.codex/worktrees/6614/chirality/projects/chirality-piping/node_modules/react-dom/cjs/react-dom-client.development.js:25989:20)
    at runWithFiberInDEV (/Users/ryan/.codex/worktrees/6614/chirality/projects/chirality-piping/node_modules/react-dom/cjs/react-dom-client.development.js:874:13)
    at commitHookEffectListMount (/Users/ryan/.codex/worktrees/6614/chirality/projects/chirality-piping/node_modules/react-dom/cjs/react-dom-client.development.js:13249:29) undefined
Error: Not implemented: HTMLCanvasElement.prototype.getContext (without installing the canvas npm package)
    at module.exports (/Users/ryan/.codex/worktrees/6614/chirality/projects/chirality-piping/node_modules/jsdom/lib/jsdom/browser/not-implemented.js:9:17)
    at HTMLCanvasElementImpl.getContext (/Users/ryan/.codex/worktrees/6614/chirality/projects/chirality-piping/node_modules/jsdom/lib/jsdom/living/nodes/HTMLCanvasElement-impl.js:42:5)
    at HTMLCanvasElement.getContext (/Users/ryan/.codex/worktrees/6614/chirality/projects/chirality-piping/node_modules/jsdom/lib/jsdom/living/generated/HTMLCanvasElement.js:131:58)
    at getContext (file:///Users/ryan/.codex/worktrees/6614/chirality/projects/chirality-piping/node_modules/three/build/three.module.js:15443:18)
    at new WebGLRenderer (file:///Users/ryan/.codex/worktrees/6614/chirality/projects/chirality-piping/node_modules/three/build/three.module.js:15472:11)
    at new ViewportResource (/private/tmp/piping-engine-integration-20260925/projects/chirality-piping/apps/desktop/src/features/viewport/viewportResource.ts:509:21)
    at /private/tmp/piping-engine-integration-20260925/projects/chirality-piping/apps/desktop/src/features/viewport/PipeViewport.tsx:909:18
    at Object.react_stack_bottom_frame (/Users/ryan/.codex/worktrees/6614/chirality/projects/chirality-piping/node_modules/react-dom/cjs/react-dom-client.development.js:25989:20)
    at runWithFiberInDEV (/Users/ryan/.codex/worktrees/6614/chirality/projects/chirality-piping/node_modules/react-dom/cjs/react-dom-client.development.js:874:13)
    at commitHookEffectListMount (/Users/ryan/.codex/worktrees/6614/chirality/projects/chirality-piping/node_modules/react-dom/cjs/react-dom-client.development.js:13249:29) undefined
Error: Not implemented: HTMLCanvasElement.prototype.getContext (without installing the canvas npm package)
    at module.exports (/Users/ryan/.codex/worktrees/6614/chirality/projects/chirality-piping/node_modules/jsdom/lib/jsdom/browser/not-implemented.js:9:17)
    at HTMLCanvasElementImpl.getContext (/Users/ryan/.codex/worktrees/6614/chirality/projects/chirality-piping/node_modules/jsdom/lib/jsdom/living/nodes/HTMLCanvasElement-impl.js:42:5)
    at HTMLCanvasElement.getContext (/Users/ryan/.codex/worktrees/6614/chirality/projects/chirality-piping/node_modules/jsdom/lib/jsdom/living/generated/HTMLCanvasElement.js:131:58)
    at getContext (file:///Users/ryan/.codex/worktrees/6614/chirality/projects/chirality-piping/node_modules/three/build/three.module.js:15443:18)
    at new WebGLRenderer (file:///Users/ryan/.codex/worktrees/6614/chirality/projects/chirality-piping/node_modules/three/build/three.module.js:15476:11)
    at new ViewportResource (/private/tmp/piping-engine-integration-20260925/projects/chirality-piping/apps/desktop/src/features/viewport/viewportResource.ts:509:21)
    at /private/tmp/piping-engine-integration-20260925/projects/chirality-piping/apps/desktop/src/features/viewport/PipeViewport.tsx:909:18
    at Object.react_stack_bottom_frame (/Users/ryan/.codex/worktrees/6614/chirality/projects/chirality-piping/node_modules/react-dom/cjs/react-dom-client.development.js:25989:20)
    at runWithFiberInDEV (/Users/ryan/.codex/worktrees/6614/chirality/projects/chirality-piping/node_modules/react-dom/cjs/react-dom-client.development.js:874:13)
    at commitHookEffectListMount (/Users/ryan/.codex/worktrees/6614/chirality/projects/chirality-piping/node_modules/react-dom/cjs/react-dom-client.development.js:13249:29) undefined
Error: Not implemented: HTMLCanvasElement.prototype.getContext (without installing the canvas npm package)
    at module.exports (/Users/ryan/.codex/worktrees/6614/chirality/projects/chirality-piping/node_modules/jsdom/lib/jsdom/browser/not-implemented.js:9:17)
    at HTMLCanvasElementImpl.getContext (/Users/ryan/.codex/worktrees/6614/chirality/projects/chirality-piping/node_modules/jsdom/lib/jsdom/living/nodes/HTMLCanvasElement-impl.js:42:5)
    at HTMLCanvasElement.getContext (/Users/ryan/.codex/worktrees/6614/chirality/projects/chirality-piping/node_modules/jsdom/lib/jsdom/living/generated/HTMLCanvasElement.js:131:58)
    at getContext (file:///Users/ryan/.codex/worktrees/6614/chirality/projects/chirality-piping/node_modules/three/build/three.module.js:15443:18)
    at new WebGLRenderer (file:///Users/ryan/.codex/worktrees/6614/chirality/projects/chirality-piping/node_modules/three/build/three.module.js:15472:11)
    at new ViewportResource (/private/tmp/piping-engine-integration-20260925/projects/chirality-piping/apps/desktop/src/features/viewport/viewportResource.ts:509:21)
    at /private/tmp/piping-engine-integration-20260925/projects/chirality-piping/apps/desktop/src/features/viewport/PipeViewport.tsx:909:18
    at Object.react_stack_bottom_frame (/Users/ryan/.codex/worktrees/6614/chirality/projects/chirality-piping/node_modules/react-dom/cjs/react-dom-client.development.js:25989:20)
    at runWithFiberInDEV (/Users/ryan/.codex/worktrees/6614/chirality/projects/chirality-piping/node_modules/react-dom/cjs/react-dom-client.development.js:874:13)
    at commitHookEffectListMount (/Users/ryan/.codex/worktrees/6614/chirality/projects/chirality-piping/node_modules/react-dom/cjs/react-dom-client.development.js:13249:29) undefined
Error: Not implemented: HTMLCanvasElement.prototype.getContext (without installing the canvas npm package)
    at module.exports (/Users/ryan/.codex/worktrees/6614/chirality/projects/chirality-piping/node_modules/jsdom/lib/jsdom/browser/not-implemented.js:9:17)
    at HTMLCanvasElementImpl.getContext (/Users/ryan/.codex/worktrees/6614/chirality/projects/chirality-piping/node_modules/jsdom/lib/jsdom/living/nodes/HTMLCanvasElement-impl.js:42:5)
    at HTMLCanvasElement.getContext (/Users/ryan/.codex/worktrees/6614/chirality/projects/chirality-piping/node_modules/jsdom/lib/jsdom/living/generated/HTMLCanvasElement.js:131:58)
    at getContext (file:///Users/ryan/.codex/worktrees/6614/chirality/projects/chirality-piping/node_modules/three/build/three.module.js:15443:18)
    at new WebGLRenderer (file:///Users/ryan/.codex/worktrees/6614/chirality/projects/chirality-piping/node_modules/three/build/three.module.js:15476:11)
    at new ViewportResource (/private/tmp/piping-engine-integration-20260925/projects/chirality-piping/apps/desktop/src/features/viewport/viewportResource.ts:509:21)
    at /private/tmp/piping-engine-integration-20260925/projects/chirality-piping/apps/desktop/src/features/viewport/PipeViewport.tsx:909:18
    at Object.react_stack_bottom_frame (/Users/ryan/.codex/worktrees/6614/chirality/projects/chirality-piping/node_modules/react-dom/cjs/react-dom-client.development.js:25989:20)
    at runWithFiberInDEV (/Users/ryan/.codex/worktrees/6614/chirality/projects/chirality-piping/node_modules/react-dom/cjs/react-dom-client.development.js:874:13)
    at commitHookEffectListMount (/Users/ryan/.codex/worktrees/6614/chirality/projects/chirality-piping/node_modules/react-dom/cjs/react-dom-client.development.js:13249:29) undefined
Error: Not implemented: HTMLCanvasElement.prototype.getContext (without installing the canvas npm package)
    at module.exports (/Users/ryan/.codex/worktrees/6614/chirality/projects/chirality-piping/node_modules/jsdom/lib/jsdom/browser/not-implemented.js:9:17)
    at HTMLCanvasElementImpl.getContext (/Users/ryan/.codex/worktrees/6614/chirality/projects/chirality-piping/node_modules/jsdom/lib/jsdom/living/nodes/HTMLCanvasElement-impl.js:42:5)
    at HTMLCanvasElement.getContext (/Users/ryan/.codex/worktrees/6614/chirality/projects/chirality-piping/node_modules/jsdom/lib/jsdom/living/generated/HTMLCanvasElement.js:131:58)
    at getContext (file:///Users/ryan/.codex/worktrees/6614/chirality/projects/chirality-piping/node_modules/three/build/three.module.js:15443:18)
    at new WebGLRenderer (file:///Users/ryan/.codex/worktrees/6614/chirality/projects/chirality-piping/node_modules/three/build/three.module.js:15472:11)
    at new ViewportResource (/private/tmp/piping-engine-integration-20260925/projects/chirality-piping/apps/desktop/src/features/viewport/viewportResource.ts:509:21)
    at /private/tmp/piping-engine-integration-20260925/projects/chirality-piping/apps/desktop/src/features/viewport/PipeViewport.tsx:909:18
    at Object.react_stack_bottom_frame (/Users/ryan/.codex/worktrees/6614/chirality/projects/chirality-piping/node_modules/react-dom/cjs/react-dom-client.development.js:25989:20)
    at runWithFiberInDEV (/Users/ryan/.codex/worktrees/6614/chirality/projects/chirality-piping/node_modules/react-dom/cjs/react-dom-client.development.js:874:13)
    at commitHookEffectListMount (/Users/ryan/.codex/worktrees/6614/chirality/projects/chirality-piping/node_modules/react-dom/cjs/react-dom-client.development.js:13249:29) undefined
Error: Not implemented: HTMLCanvasElement.prototype.getContext (without installing the canvas npm package)
    at module.exports (/Users/ryan/.codex/worktrees/6614/chirality/projects/chirality-piping/node_modules/jsdom/lib/jsdom/browser/not-implemented.js:9:17)
    at HTMLCanvasElementImpl.getContext (/Users/ryan/.codex/worktrees/6614/chirality/projects/chirality-piping/node_modules/jsdom/lib/jsdom/living/nodes/HTMLCanvasElement-impl.js:42:5)
    at HTMLCanvasElement.getContext (/Users/ryan/.codex/worktrees/6614/chirality/projects/chirality-piping/node_modules/jsdom/lib/jsdom/living/generated/HTMLCanvasElement.js:131:58)
    at getContext (file:///Users/ryan/.codex/worktrees/6614/chirality/projects/chirality-piping/node_modules/three/build/three.module.js:15443:18)
    at new WebGLRenderer (file:///Users/ryan/.codex/worktrees/6614/chirality/projects/chirality-piping/node_modules/three/build/three.module.js:15476:11)
    at new ViewportResource (/private/tmp/piping-engine-integration-20260925/projects/chirality-piping/apps/desktop/src/features/viewport/viewportResource.ts:509:21)
    at /private/tmp/piping-engine-integration-20260925/projects/chirality-piping/apps/desktop/src/features/viewport/PipeViewport.tsx:909:18
    at Object.react_stack_bottom_frame (/Users/ryan/.codex/worktrees/6614/chirality/projects/chirality-piping/node_modules/react-dom/cjs/react-dom-client.development.js:25989:20)
    at runWithFiberInDEV (/Users/ryan/.codex/worktrees/6614/chirality/projects/chirality-piping/node_modules/react-dom/cjs/react-dom-client.development.js:874:13)
    at commitHookEffectListMount (/Users/ryan/.codex/worktrees/6614/chirality/projects/chirality-piping/node_modules/react-dom/cjs/react-dom-client.development.js:13249:29) undefined
Error: Not implemented: HTMLCanvasElement.prototype.getContext (without installing the canvas npm package)
    at module.exports (/Users/ryan/.codex/worktrees/6614/chirality/projects/chirality-piping/node_modules/jsdom/lib/jsdom/browser/not-implemented.js:9:17)
    at HTMLCanvasElementImpl.getContext (/Users/ryan/.codex/worktrees/6614/chirality/projects/chirality-piping/node_modules/jsdom/lib/jsdom/living/nodes/HTMLCanvasElement-impl.js:42:5)
    at HTMLCanvasElement.getContext (/Users/ryan/.codex/worktrees/6614/chirality/projects/chirality-piping/node_modules/jsdom/lib/jsdom/living/generated/HTMLCanvasElement.js:131:58)
    at getContext (file:///Users/ryan/.codex/worktrees/6614/chirality/projects/chirality-piping/node_modules/three/build/three.module.js:15443:18)
    at new WebGLRenderer (file:///Users/ryan/.codex/worktrees/6614/chirality/projects/chirality-piping/node_modules/three/build/three.module.js:15472:11)
    at new ViewportResource (/private/tmp/piping-engine-integration-20260925/projects/chirality-piping/apps/desktop/src/features/viewport/viewportResource.ts:509:21)
    at /private/tmp/piping-engine-integration-20260925/projects/chirality-piping/apps/desktop/src/features/viewport/PipeViewport.tsx:909:18
    at Object.react_stack_bottom_frame (/Users/ryan/.codex/worktrees/6614/chirality/projects/chirality-piping/node_modules/react-dom/cjs/react-dom-client.development.js:25989:20)
    at runWithFiberInDEV (/Users/ryan/.codex/worktrees/6614/chirality/projects/chirality-piping/node_modules/react-dom/cjs/react-dom-client.development.js:874:13)
    at commitHookEffectListMount (/Users/ryan/.codex/worktrees/6614/chirality/projects/chirality-piping/node_modules/react-dom/cjs/react-dom-client.development.js:13249:29) undefined
Error: Not implemented: HTMLCanvasElement.prototype.getContext (without installing the canvas npm package)
    at module.exports (/Users/ryan/.codex/worktrees/6614/chirality/projects/chirality-piping/node_modules/jsdom/lib/jsdom/browser/not-implemented.js:9:17)
    at HTMLCanvasElementImpl.getContext (/Users/ryan/.codex/worktrees/6614/chirality/projects/chirality-piping/node_modules/jsdom/lib/jsdom/living/nodes/HTMLCanvasElement-impl.js:42:5)
    at HTMLCanvasElement.getContext (/Users/ryan/.codex/worktrees/6614/chirality/projects/chirality-piping/node_modules/jsdom/lib/jsdom/living/generated/HTMLCanvasElement.js:131:58)
    at getContext (file:///Users/ryan/.codex/worktrees/6614/chirality/projects/chirality-piping/node_modules/three/build/three.module.js:15443:18)
    at new WebGLRenderer (file:///Users/ryan/.codex/worktrees/6614/chirality/projects/chirality-piping/node_modules/three/build/three.module.js:15476:11)
    at new ViewportResource (/private/tmp/piping-engine-integration-20260925/projects/chirality-piping/apps/desktop/src/features/viewport/viewportResource.ts:509:21)
    at /private/tmp/piping-engine-integration-20260925/projects/chirality-piping/apps/desktop/src/features/viewport/PipeViewport.tsx:909:18
    at Object.react_stack_bottom_frame (/Users/ryan/.codex/worktrees/6614/chirality/projects/chirality-piping/node_modules/react-dom/cjs/react-dom-client.development.js:25989:20)
    at runWithFiberInDEV (/Users/ryan/.codex/worktrees/6614/chirality/projects/chirality-piping/node_modules/react-dom/cjs/react-dom-client.development.js:874:13)
    at commitHookEffectListMount (/Users/ryan/.codex/worktrees/6614/chirality/projects/chirality-piping/node_modules/react-dom/cjs/react-dom-client.development.js:13249:29) undefined
Error: Not implemented: HTMLCanvasElement.prototype.getContext (without installing the canvas npm package)
    at module.exports (/Users/ryan/.codex/worktrees/6614/chirality/projects/chirality-piping/node_modules/jsdom/lib/jsdom/browser/not-implemented.js:9:17)
    at HTMLCanvasElementImpl.getContext (/Users/ryan/.codex/worktrees/6614/chirality/projects/chirality-piping/node_modules/jsdom/lib/jsdom/living/nodes/HTMLCanvasElement-impl.js:42:5)
    at HTMLCanvasElement.getContext (/Users/ryan/.codex/worktrees/6614/chirality/projects/chirality-piping/node_modules/jsdom/lib/jsdom/living/generated/HTMLCanvasElement.js:131:58)
    at getContext (file:///Users/ryan/.codex/worktrees/6614/chirality/projects/chirality-piping/node_modules/three/build/three.module.js:15443:18)
    at new WebGLRenderer (file:///Users/ryan/.codex/worktrees/6614/chirality/projects/chirality-piping/node_modules/three/build/three.module.js:15472:11)
    at new ViewportResource (/private/tmp/piping-engine-integration-20260925/projects/chirality-piping/apps/desktop/src/features/viewport/viewportResource.ts:509:21)
    at /private/tmp/piping-engine-integration-20260925/projects/chirality-piping/apps/desktop/src/features/viewport/PipeViewport.tsx:909:18
    at Object.react_stack_bottom_frame (/Users/ryan/.codex/worktrees/6614/chirality/projects/chirality-piping/node_modules/react-dom/cjs/react-dom-client.development.js:25989:20)
    at runWithFiberInDEV (/Users/ryan/.codex/worktrees/6614/chirality/projects/chirality-piping/node_modules/react-dom/cjs/react-dom-client.development.js:874:13)
    at commitHookEffectListMount (/Users/ryan/.codex/worktrees/6614/chirality/projects/chirality-piping/node_modules/react-dom/cjs/react-dom-client.development.js:13249:29) undefined
Error: Not implemented: HTMLCanvasElement.prototype.getContext (without installing the canvas npm package)
    at module.exports (/Users/ryan/.codex/worktrees/6614/chirality/projects/chirality-piping/node_modules/jsdom/lib/jsdom/browser/not-implemented.js:9:17)
    at HTMLCanvasElementImpl.getContext (/Users/ryan/.codex/worktrees/6614/chirality/projects/chirality-piping/node_modules/jsdom/lib/jsdom/living/nodes/HTMLCanvasElement-impl.js:42:5)
    at HTMLCanvasElement.getContext (/Users/ryan/.codex/worktrees/6614/chirality/projects/chirality-piping/node_modules/jsdom/lib/jsdom/living/generated/HTMLCanvasElement.js:131:58)
    at getContext (file:///Users/ryan/.codex/worktrees/6614/chirality/projects/chirality-piping/node_modules/three/build/three.module.js:15443:18)
    at new WebGLRenderer (file:///Users/ryan/.codex/worktrees/6614/chirality/projects/chirality-piping/node_modules/three/build/three.module.js:15476:11)
    at new ViewportResource (/private/tmp/piping-engine-integration-20260925/projects/chirality-piping/apps/desktop/src/features/viewport/viewportResource.ts:509:21)
    at /private/tmp/piping-engine-integration-20260925/projects/chirality-piping/apps/desktop/src/features/viewport/PipeViewport.tsx:909:18
    at Object.react_stack_bottom_frame (/Users/ryan/.codex/worktrees/6614/chirality/projects/chirality-piping/node_modules/react-dom/cjs/react-dom-client.development.js:25989:20)
    at runWithFiberInDEV (/Users/ryan/.codex/worktrees/6614/chirality/projects/chirality-piping/node_modules/react-dom/cjs/react-dom-client.development.js:874:13)
    at commitHookEffectListMount (/Users/ryan/.codex/worktrees/6614/chirality/projects/chirality-piping/node_modules/react-dom/cjs/react-dom-client.development.js:13249:29) undefined
Error: Not implemented: HTMLCanvasElement.prototype.getContext (without installing the canvas npm package)
    at module.exports (/Users/ryan/.codex/worktrees/6614/chirality/projects/chirality-piping/node_modules/jsdom/lib/jsdom/browser/not-implemented.js:9:17)
    at HTMLCanvasElementImpl.getContext (/Users/ryan/.codex/worktrees/6614/chirality/projects/chirality-piping/node_modules/jsdom/lib/jsdom/living/nodes/HTMLCanvasElement-impl.js:42:5)
    at HTMLCanvasElement.getContext (/Users/ryan/.codex/worktrees/6614/chirality/projects/chirality-piping/node_modules/jsdom/lib/jsdom/living/generated/HTMLCanvasElement.js:131:58)
    at getContext (file:///Users/ryan/.codex/worktrees/6614/chirality/projects/chirality-piping/node_modules/three/build/three.module.js:15443:18)
    at new WebGLRenderer (file:///Users/ryan/.codex/worktrees/6614/chirality/projects/chirality-piping/node_modules/three/build/three.module.js:15472:11)
    at new ViewportResource (/private/tmp/piping-engine-integration-20260925/projects/chirality-piping/apps/desktop/src/features/viewport/viewportResource.ts:509:21)
    at /private/tmp/piping-engine-integration-20260925/projects/chirality-piping/apps/desktop/src/features/viewport/PipeViewport.tsx:909:18
    at Object.react_stack_bottom_frame (/Users/ryan/.codex/worktrees/6614/chirality/projects/chirality-piping/node_modules/react-dom/cjs/react-dom-client.development.js:25989:20)
    at runWithFiberInDEV (/Users/ryan/.codex/worktrees/6614/chirality/projects/chirality-piping/node_modules/react-dom/cjs/react-dom-client.development.js:874:13)
    at commitHookEffectListMount (/Users/ryan/.codex/worktrees/6614/chirality/projects/chirality-piping/node_modules/react-dom/cjs/react-dom-client.development.js:13249:29) undefined
Error: Not implemented: HTMLCanvasElement.prototype.getContext (without installing the canvas npm package)
    at module.exports (/Users/ryan/.codex/worktrees/6614/chirality/projects/chirality-piping/node_modules/jsdom/lib/jsdom/browser/not-implemented.js:9:17)
    at HTMLCanvasElementImpl.getContext (/Users/ryan/.codex/worktrees/6614/chirality/projects/chirality-piping/node_modules/jsdom/lib/jsdom/living/nodes/HTMLCanvasElement-impl.js:42:5)
    at HTMLCanvasElement.getContext (/Users/ryan/.codex/worktrees/6614/chirality/projects/chirality-piping/node_modules/jsdom/lib/jsdom/living/generated/HTMLCanvasElement.js:131:58)
    at getContext (file:///Users/ryan/.codex/worktrees/6614/chirality/projects/chirality-piping/node_modules/three/build/three.module.js:15443:18)
    at new WebGLRenderer (file:///Users/ryan/.codex/worktrees/6614/chirality/projects/chirality-piping/node_modules/three/build/three.module.js:15476:11)
    at new ViewportResource (/private/tmp/piping-engine-integration-20260925/projects/chirality-piping/apps/desktop/src/features/viewport/viewportResource.ts:509:21)
    at /private/tmp/piping-engine-integration-20260925/projects/chirality-piping/apps/desktop/src/features/viewport/PipeViewport.tsx:909:18
    at Object.react_stack_bottom_frame (/Users/ryan/.codex/worktrees/6614/chirality/projects/chirality-piping/node_modules/react-dom/cjs/react-dom-client.development.js:25989:20)
    at runWithFiberInDEV (/Users/ryan/.codex/worktrees/6614/chirality/projects/chirality-piping/node_modules/react-dom/cjs/react-dom-client.development.js:874:13)
    at commitHookEffectListMount (/Users/ryan/.codex/worktrees/6614/chirality/projects/chirality-piping/node_modules/react-dom/cjs/react-dom-client.development.js:13249:29) undefined
Error: Not implemented: HTMLCanvasElement.prototype.getContext (without installing the canvas npm package)
    at module.exports (/Users/ryan/.codex/worktrees/6614/chirality/projects/chirality-piping/node_modules/jsdom/lib/jsdom/browser/not-implemented.js:9:17)
    at HTMLCanvasElementImpl.getContext (/Users/ryan/.codex/worktrees/6614/chirality/projects/chirality-piping/node_modules/jsdom/lib/jsdom/living/nodes/HTMLCanvasElement-impl.js:42:5)
    at HTMLCanvasElement.getContext (/Users/ryan/.codex/worktrees/6614/chirality/projects/chirality-piping/node_modules/jsdom/lib/jsdom/living/generated/HTMLCanvasElement.js:131:58)
    at getContext (file:///Users/ryan/.codex/worktrees/6614/chirality/projects/chirality-piping/node_modules/three/build/three.module.js:15443:18)
    at new WebGLRenderer (file:///Users/ryan/.codex/worktrees/6614/chirality/projects/chirality-piping/node_modules/three/build/three.module.js:15472:11)
    at new ViewportResource (/private/tmp/piping-engine-integration-20260925/projects/chirality-piping/apps/desktop/src/features/viewport/viewportResource.ts:509:21)
    at /private/tmp/piping-engine-integration-20260925/projects/chirality-piping/apps/desktop/src/features/viewport/PipeViewport.tsx:909:18
    at Object.react_stack_bottom_frame (/Users/ryan/.codex/worktrees/6614/chirality/projects/chirality-piping/node_modules/react-dom/cjs/react-dom-client.development.js:25989:20)
    at runWithFiberInDEV (/Users/ryan/.codex/worktrees/6614/chirality/projects/chirality-piping/node_modules/react-dom/cjs/react-dom-client.development.js:874:13)
    at commitHookEffectListMount (/Users/ryan/.codex/worktrees/6614/chirality/projects/chirality-piping/node_modules/react-dom/cjs/react-dom-client.development.js:13249:29) undefined
Error: Not implemented: HTMLCanvasElement.prototype.getContext (without installing the canvas npm package)
    at module.exports (/Users/ryan/.codex/worktrees/6614/chirality/projects/chirality-piping/node_modules/jsdom/lib/jsdom/browser/not-implemented.js:9:17)
    at HTMLCanvasElementImpl.getContext (/Users/ryan/.codex/worktrees/6614/chirality/projects/chirality-piping/node_modules/jsdom/lib/jsdom/living/nodes/HTMLCanvasElement-impl.js:42:5)
    at HTMLCanvasElement.getContext (/Users/ryan/.codex/worktrees/6614/chirality/projects/chirality-piping/node_modules/jsdom/lib/jsdom/living/generated/HTMLCanvasElement.js:131:58)
    at getContext (file:///Users/ryan/.codex/worktrees/6614/chirality/projects/chirality-piping/node_modules/three/build/three.module.js:15443:18)
    at new WebGLRenderer (file:///Users/ryan/.codex/worktrees/6614/chirality/projects/chirality-piping/node_modules/three/build/three.module.js:15476:11)
    at new ViewportResource (/private/tmp/piping-engine-integration-20260925/projects/chirality-piping/apps/desktop/src/features/viewport/viewportResource.ts:509:21)
    at /private/tmp/piping-engine-integration-20260925/projects/chirality-piping/apps/desktop/src/features/viewport/PipeViewport.tsx:909:18
    at Object.react_stack_bottom_frame (/Users/ryan/.codex/worktrees/6614/chirality/projects/chirality-piping/node_modules/react-dom/cjs/react-dom-client.development.js:25989:20)
    at runWithFiberInDEV (/Users/ryan/.codex/worktrees/6614/chirality/projects/chirality-piping/node_modules/react-dom/cjs/react-dom-client.development.js:874:13)
    at commitHookEffectListMount (/Users/ryan/.codex/worktrees/6614/chirality/projects/chirality-piping/node_modules/react-dom/cjs/react-dom-client.development.js:13249:29) undefined
Error: Not implemented: HTMLCanvasElement.prototype.getContext (without installing the canvas npm package)
    at module.exports (/Users/ryan/.codex/worktrees/6614/chirality/projects/chirality-piping/node_modules/jsdom/lib/jsdom/browser/not-implemented.js:9:17)
    at HTMLCanvasElementImpl.getContext (/Users/ryan/.codex/worktrees/6614/chirality/projects/chirality-piping/node_modules/jsdom/lib/jsdom/living/nodes/HTMLCanvasElement-impl.js:42:5)
    at HTMLCanvasElement.getContext (/Users/ryan/.codex/worktrees/6614/chirality/projects/chirality-piping/node_modules/jsdom/lib/jsdom/living/generated/HTMLCanvasElement.js:131:58)
    at getContext (file:///Users/ryan/.codex/worktrees/6614/chirality/projects/chirality-piping/node_modules/three/build/three.module.js:15443:18)
    at new WebGLRenderer (file:///Users/ryan/.codex/worktrees/6614/chirality/projects/chirality-piping/node_modules/three/build/three.module.js:15472:11)
    at new ViewportResource (/private/tmp/piping-engine-integration-20260925/projects/chirality-piping/apps/desktop/src/features/viewport/viewportResource.ts:509:21)
    at /private/tmp/piping-engine-integration-20260925/projects/chirality-piping/apps/desktop/src/features/viewport/PipeViewport.tsx:909:18
    at Object.react_stack_bottom_frame (/Users/ryan/.codex/worktrees/6614/chirality/projects/chirality-piping/node_modules/react-dom/cjs/react-dom-client.development.js:25989:20)
    at runWithFiberInDEV (/Users/ryan/.codex/worktrees/6614/chirality/projects/chirality-piping/node_modules/react-dom/cjs/react-dom-client.development.js:874:13)
    at commitHookEffectListMount (/Users/ryan/.codex/worktrees/6614/chirality/projects/chirality-piping/node_modules/react-dom/cjs/react-dom-client.development.js:13249:29) undefined
Error: Not implemented: HTMLCanvasElement.prototype.getContext (without installing the canvas npm package)
    at module.exports (/Users/ryan/.codex/worktrees/6614/chirality/projects/chirality-piping/node_modules/jsdom/lib/jsdom/browser/not-implemented.js:9:17)
    at HTMLCanvasElementImpl.getContext (/Users/ryan/.codex/worktrees/6614/chirality/projects/chirality-piping/node_modules/jsdom/lib/jsdom/living/nodes/HTMLCanvasElement-impl.js:42:5)
    at HTMLCanvasElement.getContext (/Users/ryan/.codex/worktrees/6614/chirality/projects/chirality-piping/node_modules/jsdom/lib/jsdom/living/generated/HTMLCanvasElement.js:131:58)
    at getContext (file:///Users/ryan/.codex/worktrees/6614/chirality/projects/chirality-piping/node_modules/three/build/three.module.js:15443:18)
    at new WebGLRenderer (file:///Users/ryan/.codex/worktrees/6614/chirality/projects/chirality-piping/node_modules/three/build/three.module.js:15476:11)
    at new ViewportResource (/private/tmp/piping-engine-integration-20260925/projects/chirality-piping/apps/desktop/src/features/viewport/viewportResource.ts:509:21)
    at /private/tmp/piping-engine-integration-20260925/projects/chirality-piping/apps/desktop/src/features/viewport/PipeViewport.tsx:909:18
    at Object.react_stack_bottom_frame (/Users/ryan/.codex/worktrees/6614/chirality/projects/chirality-piping/node_modules/react-dom/cjs/react-dom-client.development.js:25989:20)
    at runWithFiberInDEV (/Users/ryan/.codex/worktrees/6614/chirality/projects/chirality-piping/node_modules/react-dom/cjs/react-dom-client.development.js:874:13)
    at commitHookEffectListMount (/Users/ryan/.codex/worktrees/6614/chirality/projects/chirality-piping/node_modules/react-dom/cjs/react-dom-client.development.js:13249:29) undefined
Error: Not implemented: HTMLCanvasElement.prototype.getContext (without installing the canvas npm package)
    at module.exports (/Users/ryan/.codex/worktrees/6614/chirality/projects/chirality-piping/node_modules/jsdom/lib/jsdom/browser/not-implemented.js:9:17)
    at HTMLCanvasElementImpl.getContext (/Users/ryan/.codex/worktrees/6614/chirality/projects/chirality-piping/node_modules/jsdom/lib/jsdom/living/nodes/HTMLCanvasElement-impl.js:42:5)
    at HTMLCanvasElement.getContext (/Users/ryan/.codex/worktrees/6614/chirality/projects/chirality-piping/node_modules/jsdom/lib/jsdom/living/generated/HTMLCanvasElement.js:131:58)
    at getContext (file:///Users/ryan/.codex/worktrees/6614/chirality/projects/chirality-piping/node_modules/three/build/three.module.js:15443:18)
    at new WebGLRenderer (file:///Users/ryan/.codex/worktrees/6614/chirality/projects/chirality-piping/node_modules/three/build/three.module.js:15472:11)
    at new ViewportResource (/private/tmp/piping-engine-integration-20260925/projects/chirality-piping/apps/desktop/src/features/viewport/viewportResource.ts:509:21)
    at /private/tmp/piping-engine-integration-20260925/projects/chirality-piping/apps/desktop/src/features/viewport/PipeViewport.tsx:909:18
    at Object.react_stack_bottom_frame (/Users/ryan/.codex/worktrees/6614/chirality/projects/chirality-piping/node_modules/react-dom/cjs/react-dom-client.development.js:25989:20)
    at runWithFiberInDEV (/Users/ryan/.codex/worktrees/6614/chirality/projects/chirality-piping/node_modules/react-dom/cjs/react-dom-client.development.js:874:13)
    at commitHookEffectListMount (/Users/ryan/.codex/worktrees/6614/chirality/projects/chirality-piping/node_modules/react-dom/cjs/react-dom-client.development.js:13249:29) undefined
Error: Not implemented: HTMLCanvasElement.prototype.getContext (without installing the canvas npm package)
    at module.exports (/Users/ryan/.codex/worktrees/6614/chirality/projects/chirality-piping/node_modules/jsdom/lib/jsdom/browser/not-implemented.js:9:17)
    at HTMLCanvasElementImpl.getContext (/Users/ryan/.codex/worktrees/6614/chirality/projects/chirality-piping/node_modules/jsdom/lib/jsdom/living/nodes/HTMLCanvasElement-impl.js:42:5)
    at HTMLCanvasElement.getContext (/Users/ryan/.codex/worktrees/6614/chirality/projects/chirality-piping/node_modules/jsdom/lib/jsdom/living/generated/HTMLCanvasElement.js:131:58)
    at getContext (file:///Users/ryan/.codex/worktrees/6614/chirality/projects/chirality-piping/node_modules/three/build/three.module.js:15443:18)
    at new WebGLRenderer (file:///Users/ryan/.codex/worktrees/6614/chirality/projects/chirality-piping/node_modules/three/build/three.module.js:15476:11)
    at new ViewportResource (/private/tmp/piping-engine-integration-20260925/projects/chirality-piping/apps/desktop/src/features/viewport/viewportResource.ts:509:21)
    at /private/tmp/piping-engine-integration-20260925/projects/chirality-piping/apps/desktop/src/features/viewport/PipeViewport.tsx:909:18
    at Object.react_stack_bottom_frame (/Users/ryan/.codex/worktrees/6614/chirality/projects/chirality-piping/node_modules/react-dom/cjs/react-dom-client.development.js:25989:20)
    at runWithFiberInDEV (/Users/ryan/.codex/worktrees/6614/chirality/projects/chirality-piping/node_modules/react-dom/cjs/react-dom-client.development.js:874:13)
    at commitHookEffectListMount (/Users/ryan/.codex/worktrees/6614/chirality/projects/chirality-piping/node_modules/react-dom/cjs/react-dom-client.development.js:13249:29) undefined
Error: Not implemented: HTMLCanvasElement.prototype.getContext (without installing the canvas npm package)
    at module.exports (/Users/ryan/.codex/worktrees/6614/chirality/projects/chirality-piping/node_modules/jsdom/lib/jsdom/browser/not-implemented.js:9:17)
    at HTMLCanvasElementImpl.getContext (/Users/ryan/.codex/worktrees/6614/chirality/projects/chirality-piping/node_modules/jsdom/lib/jsdom/living/nodes/HTMLCanvasElement-impl.js:42:5)
    at HTMLCanvasElement.getContext (/Users/ryan/.codex/worktrees/6614/chirality/projects/chirality-piping/node_modules/jsdom/lib/jsdom/living/generated/HTMLCanvasElement.js:131:58)
    at getContext (file:///Users/ryan/.codex/worktrees/6614/chirality/projects/chirality-piping/node_modules/three/build/three.module.js:15443:18)
    at new WebGLRenderer (file:///Users/ryan/.codex/worktrees/6614/chirality/projects/chirality-piping/node_modules/three/build/three.module.js:15472:11)
    at new ViewportResource (/private/tmp/piping-engine-integration-20260925/projects/chirality-piping/apps/desktop/src/features/viewport/viewportResource.ts:509:21)
    at /private/tmp/piping-engine-integration-20260925/projects/chirality-piping/apps/desktop/src/features/viewport/PipeViewport.tsx:909:18
    at Object.react_stack_bottom_frame (/Users/ryan/.codex/worktrees/6614/chirality/projects/chirality-piping/node_modules/react-dom/cjs/react-dom-client.development.js:25989:20)
    at runWithFiberInDEV (/Users/ryan/.codex/worktrees/6614/chirality/projects/chirality-piping/node_modules/react-dom/cjs/react-dom-client.development.js:874:13)
    at commitHookEffectListMount (/Users/ryan/.codex/worktrees/6614/chirality/projects/chirality-piping/node_modules/react-dom/cjs/react-dom-client.development.js:13249:29) undefined
Error: Not implemented: HTMLCanvasElement.prototype.getContext (without installing the canvas npm package)
    at module.exports (/Users/ryan/.codex/worktrees/6614/chirality/projects/chirality-piping/node_modules/jsdom/lib/jsdom/browser/not-implemented.js:9:17)
    at HTMLCanvasElementImpl.getContext (/Users/ryan/.codex/worktrees/6614/chirality/projects/chirality-piping/node_modules/jsdom/lib/jsdom/living/nodes/HTMLCanvasElement-impl.js:42:5)
    at HTMLCanvasElement.getContext (/Users/ryan/.codex/worktrees/6614/chirality/projects/chirality-piping/node_modules/jsdom/lib/jsdom/living/generated/HTMLCanvasElement.js:131:58)
    at getContext (file:///Users/ryan/.codex/worktrees/6614/chirality/projects/chirality-piping/node_modules/three/build/three.module.js:15443:18)
    at new WebGLRenderer (file:///Users/ryan/.codex/worktrees/6614/chirality/projects/chirality-piping/node_modules/three/build/three.module.js:15476:11)
    at new ViewportResource (/private/tmp/piping-engine-integration-20260925/projects/chirality-piping/apps/desktop/src/features/viewport/viewportResource.ts:509:21)
    at /private/tmp/piping-engine-integration-20260925/projects/chirality-piping/apps/desktop/src/features/viewport/PipeViewport.tsx:909:18
    at Object.react_stack_bottom_frame (/Users/ryan/.codex/worktrees/6614/chirality/projects/chirality-piping/node_modules/react-dom/cjs/react-dom-client.development.js:25989:20)
    at runWithFiberInDEV (/Users/ryan/.codex/worktrees/6614/chirality/projects/chirality-piping/node_modules/react-dom/cjs/react-dom-client.development.js:874:13)
    at commitHookEffectListMount (/Users/ryan/.codex/worktrees/6614/chirality/projects/chirality-piping/node_modules/react-dom/cjs/react-dom-client.development.js:13249:29) undefined
Error: Not implemented: HTMLCanvasElement.prototype.getContext (without installing the canvas npm package)
    at module.exports (/Users/ryan/.codex/worktrees/6614/chirality/projects/chirality-piping/node_modules/jsdom/lib/jsdom/browser/not-implemented.js:9:17)
    at HTMLCanvasElementImpl.getContext (/Users/ryan/.codex/worktrees/6614/chirality/projects/chirality-piping/node_modules/jsdom/lib/jsdom/living/nodes/HTMLCanvasElement-impl.js:42:5)
    at HTMLCanvasElement.getContext (/Users/ryan/.codex/worktrees/6614/chirality/projects/chirality-piping/node_modules/jsdom/lib/jsdom/living/generated/HTMLCanvasElement.js:131:58)
    at getContext (file:///Users/ryan/.codex/worktrees/6614/chirality/projects/chirality-piping/node_modules/three/build/three.module.js:15443:18)
    at new WebGLRenderer (file:///Users/ryan/.codex/worktrees/6614/chirality/projects/chirality-piping/node_modules/three/build/three.module.js:15472:11)
    at new ViewportResource (/private/tmp/piping-engine-integration-20260925/projects/chirality-piping/apps/desktop/src/features/viewport/viewportResource.ts:509:21)
    at /private/tmp/piping-engine-integration-20260925/projects/chirality-piping/apps/desktop/src/features/viewport/PipeViewport.tsx:909:18
    at Object.react_stack_bottom_frame (/Users/ryan/.codex/worktrees/6614/chirality/projects/chirality-piping/node_modules/react-dom/cjs/react-dom-client.development.js:25989:20)
    at runWithFiberInDEV (/Users/ryan/.codex/worktrees/6614/chirality/projects/chirality-piping/node_modules/react-dom/cjs/react-dom-client.development.js:874:13)
    at commitHookEffectListMount (/Users/ryan/.codex/worktrees/6614/chirality/projects/chirality-piping/node_modules/react-dom/cjs/react-dom-client.development.js:13249:29) undefined
Error: Not implemented: HTMLCanvasElement.prototype.getContext (without installing the canvas npm package)
    at module.exports (/Users/ryan/.codex/worktrees/6614/chirality/projects/chirality-piping/node_modules/jsdom/lib/jsdom/browser/not-implemented.js:9:17)
    at HTMLCanvasElementImpl.getContext (/Users/ryan/.codex/worktrees/6614/chirality/projects/chirality-piping/node_modules/jsdom/lib/jsdom/living/nodes/HTMLCanvasElement-impl.js:42:5)
    at HTMLCanvasElement.getContext (/Users/ryan/.codex/worktrees/6614/chirality/projects/chirality-piping/node_modules/jsdom/lib/jsdom/living/generated/HTMLCanvasElement.js:131:58)
    at getContext (file:///Users/ryan/.codex/worktrees/6614/chirality/projects/chirality-piping/node_modules/three/build/three.module.js:15443:18)
    at new WebGLRenderer (file:///Users/ryan/.codex/worktrees/6614/chirality/projects/chirality-piping/node_modules/three/build/three.module.js:15476:11)
    at new ViewportResource (/private/tmp/piping-engine-integration-20260925/projects/chirality-piping/apps/desktop/src/features/viewport/viewportResource.ts:509:21)
    at /private/tmp/piping-engine-integration-20260925/projects/chirality-piping/apps/desktop/src/features/viewport/PipeViewport.tsx:909:18
    at Object.react_stack_bottom_frame (/Users/ryan/.codex/worktrees/6614/chirality/projects/chirality-piping/node_modules/react-dom/cjs/react-dom-client.development.js:25989:20)
    at runWithFiberInDEV (/Users/ryan/.codex/worktrees/6614/chirality/projects/chirality-piping/node_modules/react-dom/cjs/react-dom-client.development.js:874:13)
    at commitHookEffectListMount (/Users/ryan/.codex/worktrees/6614/chirality/projects/chirality-piping/node_modules/react-dom/cjs/react-dom-client.development.js:13249:29) undefined
Error: Not implemented: HTMLCanvasElement.prototype.getContext (without installing the canvas npm package)
    at module.exports (/Users/ryan/.codex/worktrees/6614/chirality/projects/chirality-piping/node_modules/jsdom/lib/jsdom/browser/not-implemented.js:9:17)
    at HTMLCanvasElementImpl.getContext (/Users/ryan/.codex/worktrees/6614/chirality/projects/chirality-piping/node_modules/jsdom/lib/jsdom/living/nodes/HTMLCanvasElement-impl.js:42:5)
    at HTMLCanvasElement.getContext (/Users/ryan/.codex/worktrees/6614/chirality/projects/chirality-piping/node_modules/jsdom/lib/jsdom/living/generated/HTMLCanvasElement.js:131:58)
    at getContext (file:///Users/ryan/.codex/worktrees/6614/chirality/projects/chirality-piping/node_modules/three/build/three.module.js:15443:18)
    at new WebGLRenderer (file:///Users/ryan/.codex/worktrees/6614/chirality/projects/chirality-piping/node_modules/three/build/three.module.js:15472:11)
    at new ViewportResource (/private/tmp/piping-engine-integration-20260925/projects/chirality-piping/apps/desktop/src/features/viewport/viewportResource.ts:509:21)
    at /private/tmp/piping-engine-integration-20260925/projects/chirality-piping/apps/desktop/src/features/viewport/PipeViewport.tsx:909:18
    at Object.react_stack_bottom_frame (/Users/ryan/.codex/worktrees/6614/chirality/projects/chirality-piping/node_modules/react-dom/cjs/react-dom-client.development.js:25989:20)
    at runWithFiberInDEV (/Users/ryan/.codex/worktrees/6614/chirality/projects/chirality-piping/node_modules/react-dom/cjs/react-dom-client.development.js:874:13)
    at commitHookEffectListMount (/Users/ryan/.codex/worktrees/6614/chirality/projects/chirality-piping/node_modules/react-dom/cjs/react-dom-client.development.js:13249:29) undefined
Error: Not implemented: HTMLCanvasElement.prototype.getContext (without installing the canvas npm package)
    at module.exports (/Users/ryan/.codex/worktrees/6614/chirality/projects/chirality-piping/node_modules/jsdom/lib/jsdom/browser/not-implemented.js:9:17)
    at HTMLCanvasElementImpl.getContext (/Users/ryan/.codex/worktrees/6614/chirality/projects/chirality-piping/node_modules/jsdom/lib/jsdom/living/nodes/HTMLCanvasElement-impl.js:42:5)
    at HTMLCanvasElement.getContext (/Users/ryan/.codex/worktrees/6614/chirality/projects/chirality-piping/node_modules/jsdom/lib/jsdom/living/generated/HTMLCanvasElement.js:131:58)
    at getContext (file:///Users/ryan/.codex/worktrees/6614/chirality/projects/chirality-piping/node_modules/three/build/three.module.js:15443:18)
    at new WebGLRenderer (file:///Users/ryan/.codex/worktrees/6614/chirality/projects/chirality-piping/node_modules/three/build/three.module.js:15476:11)
    at new ViewportResource (/private/tmp/piping-engine-integration-20260925/projects/chirality-piping/apps/desktop/src/features/viewport/viewportResource.ts:509:21)
    at /private/tmp/piping-engine-integration-20260925/projects/chirality-piping/apps/desktop/src/features/viewport/PipeViewport.tsx:909:18
    at Object.react_stack_bottom_frame (/Users/ryan/.codex/worktrees/6614/chirality/projects/chirality-piping/node_modules/react-dom/cjs/react-dom-client.development.js:25989:20)
    at runWithFiberInDEV (/Users/ryan/.codex/worktrees/6614/chirality/projects/chirality-piping/node_modules/react-dom/cjs/react-dom-client.development.js:874:13)
    at commitHookEffectListMount (/Users/ryan/.codex/worktrees/6614/chirality/projects/chirality-piping/node_modules/react-dom/cjs/react-dom-client.development.js:13249:29) undefined
Error: Not implemented: HTMLCanvasElement.prototype.getContext (without installing the canvas npm package)
    at module.exports (/Users/ryan/.codex/worktrees/6614/chirality/projects/chirality-piping/node_modules/jsdom/lib/jsdom/browser/not-implemented.js:9:17)
    at HTMLCanvasElementImpl.getContext (/Users/ryan/.codex/worktrees/6614/chirality/projects/chirality-piping/node_modules/jsdom/lib/jsdom/living/nodes/HTMLCanvasElement-impl.js:42:5)
    at HTMLCanvasElement.getContext (/Users/ryan/.codex/worktrees/6614/chirality/projects/chirality-piping/node_modules/jsdom/lib/jsdom/living/generated/HTMLCanvasElement.js:131:58)
    at getContext (file:///Users/ryan/.codex/worktrees/6614/chirality/projects/chirality-piping/node_modules/three/build/three.module.js:15443:18)
    at new WebGLRenderer (file:///Users/ryan/.codex/worktrees/6614/chirality/projects/chirality-piping/node_modules/three/build/three.module.js:15472:11)
    at new ViewportResource (/private/tmp/piping-engine-integration-20260925/projects/chirality-piping/apps/desktop/src/features/viewport/viewportResource.ts:509:21)
    at /private/tmp/piping-engine-integration-20260925/projects/chirality-piping/apps/desktop/src/features/viewport/PipeViewport.tsx:909:18
    at Object.react_stack_bottom_frame (/Users/ryan/.codex/worktrees/6614/chirality/projects/chirality-piping/node_modules/react-dom/cjs/react-dom-client.development.js:25989:20)
    at runWithFiberInDEV (/Users/ryan/.codex/worktrees/6614/chirality/projects/chirality-piping/node_modules/react-dom/cjs/react-dom-client.development.js:874:13)
    at commitHookEffectListMount (/Users/ryan/.codex/worktrees/6614/chirality/projects/chirality-piping/node_modules/react-dom/cjs/react-dom-client.development.js:13249:29) undefined
Error: Not implemented: HTMLCanvasElement.prototype.getContext (without installing the canvas npm package)
    at module.exports (/Users/ryan/.codex/worktrees/6614/chirality/projects/chirality-piping/node_modules/jsdom/lib/jsdom/browser/not-implemented.js:9:17)
    at HTMLCanvasElementImpl.getContext (/Users/ryan/.codex/worktrees/6614/chirality/projects/chirality-piping/node_modules/jsdom/lib/jsdom/living/nodes/HTMLCanvasElement-impl.js:42:5)
    at HTMLCanvasElement.getContext (/Users/ryan/.codex/worktrees/6614/chirality/projects/chirality-piping/node_modules/jsdom/lib/jsdom/living/generated/HTMLCanvasElement.js:131:58)
    at getContext (file:///Users/ryan/.codex/worktrees/6614/chirality/projects/chirality-piping/node_modules/three/build/three.module.js:15443:18)
    at new WebGLRenderer (file:///Users/ryan/.codex/worktrees/6614/chirality/projects/chirality-piping/node_modules/three/build/three.module.js:15476:11)
    at new ViewportResource (/private/tmp/piping-engine-integration-20260925/projects/chirality-piping/apps/desktop/src/features/viewport/viewportResource.ts:509:21)
    at /private/tmp/piping-engine-integration-20260925/projects/chirality-piping/apps/desktop/src/features/viewport/PipeViewport.tsx:909:18
    at Object.react_stack_bottom_frame (/Users/ryan/.codex/worktrees/6614/chirality/projects/chirality-piping/node_modules/react-dom/cjs/react-dom-client.development.js:25989:20)
    at runWithFiberInDEV (/Users/ryan/.codex/worktrees/6614/chirality/projects/chirality-piping/node_modules/react-dom/cjs/react-dom-client.development.js:874:13)
    at commitHookEffectListMount (/Users/ryan/.codex/worktrees/6614/chirality/projects/chirality-piping/node_modules/react-dom/cjs/react-dom-client.development.js:13249:29) undefined
Error: Not implemented: HTMLCanvasElement.prototype.getContext (without installing the canvas npm package)
    at module.exports (/Users/ryan/.codex/worktrees/6614/chirality/projects/chirality-piping/node_modules/jsdom/lib/jsdom/browser/not-implemented.js:9:17)
    at HTMLCanvasElementImpl.getContext (/Users/ryan/.codex/worktrees/6614/chirality/projects/chirality-piping/node_modules/jsdom/lib/jsdom/living/nodes/HTMLCanvasElement-impl.js:42:5)
    at HTMLCanvasElement.getContext (/Users/ryan/.codex/worktrees/6614/chirality/projects/chirality-piping/node_modules/jsdom/lib/jsdom/living/generated/HTMLCanvasElement.js:131:58)
    at getContext (file:///Users/ryan/.codex/worktrees/6614/chirality/projects/chirality-piping/node_modules/three/build/three.module.js:15443:18)
    at new WebGLRenderer (file:///Users/ryan/.codex/worktrees/6614/chirality/projects/chirality-piping/node_modules/three/build/three.module.js:15472:11)
    at new ViewportResource (/private/tmp/piping-engine-integration-20260925/projects/chirality-piping/apps/desktop/src/features/viewport/viewportResource.ts:509:21)
    at /private/tmp/piping-engine-integration-20260925/projects/chirality-piping/apps/desktop/src/features/viewport/PipeViewport.tsx:909:18
    at Object.react_stack_bottom_frame (/Users/ryan/.codex/worktrees/6614/chirality/projects/chirality-piping/node_modules/react-dom/cjs/react-dom-client.development.js:25989:20)
    at runWithFiberInDEV (/Users/ryan/.codex/worktrees/6614/chirality/projects/chirality-piping/node_modules/react-dom/cjs/react-dom-client.development.js:874:13)
    at commitHookEffectListMount (/Users/ryan/.codex/worktrees/6614/chirality/projects/chirality-piping/node_modules/react-dom/cjs/react-dom-client.development.js:13249:29) undefined
Error: Not implemented: HTMLCanvasElement.prototype.getContext (without installing the canvas npm package)
    at module.exports (/Users/ryan/.codex/worktrees/6614/chirality/projects/chirality-piping/node_modules/jsdom/lib/jsdom/browser/not-implemented.js:9:17)
    at HTMLCanvasElementImpl.getContext (/Users/ryan/.codex/worktrees/6614/chirality/projects/chirality-piping/node_modules/jsdom/lib/jsdom/living/nodes/HTMLCanvasElement-impl.js:42:5)
    at HTMLCanvasElement.getContext (/Users/ryan/.codex/worktrees/6614/chirality/projects/chirality-piping/node_modules/jsdom/lib/jsdom/living/generated/HTMLCanvasElement.js:131:58)
    at getContext (file:///Users/ryan/.codex/worktrees/6614/chirality/projects/chirality-piping/node_modules/three/build/three.module.js:15443:18)
    at new WebGLRenderer (file:///Users/ryan/.codex/worktrees/6614/chirality/projects/chirality-piping/node_modules/three/build/three.module.js:15476:11)
    at new ViewportResource (/private/tmp/piping-engine-integration-20260925/projects/chirality-piping/apps/desktop/src/features/viewport/viewportResource.ts:509:21)
    at /private/tmp/piping-engine-integration-20260925/projects/chirality-piping/apps/desktop/src/features/viewport/PipeViewport.tsx:909:18
    at Object.react_stack_bottom_frame (/Users/ryan/.codex/worktrees/6614/chirality/projects/chirality-piping/node_modules/react-dom/cjs/react-dom-client.development.js:25989:20)
    at runWithFiberInDEV (/Users/ryan/.codex/worktrees/6614/chirality/projects/chirality-piping/node_modules/react-dom/cjs/react-dom-client.development.js:874:13)
    at commitHookEffectListMount (/Users/ryan/.codex/worktrees/6614/chirality/projects/chirality-piping/node_modules/react-dom/cjs/react-dom-client.development.js:13249:29) undefined
Error: Not implemented: HTMLCanvasElement.prototype.getContext (without installing the canvas npm package)
    at module.exports (/Users/ryan/.codex/worktrees/6614/chirality/projects/chirality-piping/node_modules/jsdom/lib/jsdom/browser/not-implemented.js:9:17)
    at HTMLCanvasElementImpl.getContext (/Users/ryan/.codex/worktrees/6614/chirality/projects/chirality-piping/node_modules/jsdom/lib/jsdom/living/nodes/HTMLCanvasElement-impl.js:42:5)
    at HTMLCanvasElement.getContext (/Users/ryan/.codex/worktrees/6614/chirality/projects/chirality-piping/node_modules/jsdom/lib/jsdom/living/generated/HTMLCanvasElement.js:131:58)
    at getContext (file:///Users/ryan/.codex/worktrees/6614/chirality/projects/chirality-piping/node_modules/three/build/three.module.js:15443:18)
    at new WebGLRenderer (file:///Users/ryan/.codex/worktrees/6614/chirality/projects/chirality-piping/node_modules/three/build/three.module.js:15472:11)
    at new ViewportResource (/private/tmp/piping-engine-integration-20260925/projects/chirality-piping/apps/desktop/src/features/viewport/viewportResource.ts:509:21)
    at /private/tmp/piping-engine-integration-20260925/projects/chirality-piping/apps/desktop/src/features/viewport/PipeViewport.tsx:909:18
    at Object.react_stack_bottom_frame (/Users/ryan/.codex/worktrees/6614/chirality/projects/chirality-piping/node_modules/react-dom/cjs/react-dom-client.development.js:25989:20)
    at runWithFiberInDEV (/Users/ryan/.codex/worktrees/6614/chirality/projects/chirality-piping/node_modules/react-dom/cjs/react-dom-client.development.js:874:13)
    at commitHookEffectListMount (/Users/ryan/.codex/worktrees/6614/chirality/projects/chirality-piping/node_modules/react-dom/cjs/react-dom-client.development.js:13249:29) undefined
Error: Not implemented: HTMLCanvasElement.prototype.getContext (without installing the canvas npm package)
    at module.exports (/Users/ryan/.codex/worktrees/6614/chirality/projects/chirality-piping/node_modules/jsdom/lib/jsdom/browser/not-implemented.js:9:17)
    at HTMLCanvasElementImpl.getContext (/Users/ryan/.codex/worktrees/6614/chirality/projects/chirality-piping/node_modules/jsdom/lib/jsdom/living/nodes/HTMLCanvasElement-impl.js:42:5)
    at HTMLCanvasElement.getContext (/Users/ryan/.codex/worktrees/6614/chirality/projects/chirality-piping/node_modules/jsdom/lib/jsdom/living/generated/HTMLCanvasElement.js:131:58)
    at getContext (file:///Users/ryan/.codex/worktrees/6614/chirality/projects/chirality-piping/node_modules/three/build/three.module.js:15443:18)
    at new WebGLRenderer (file:///Users/ryan/.codex/worktrees/6614/chirality/projects/chirality-piping/node_modules/three/build/three.module.js:15476:11)
    at new ViewportResource (/private/tmp/piping-engine-integration-20260925/projects/chirality-piping/apps/desktop/src/features/viewport/viewportResource.ts:509:21)
    at /private/tmp/piping-engine-integration-20260925/projects/chirality-piping/apps/desktop/src/features/viewport/PipeViewport.tsx:909:18
    at Object.react_stack_bottom_frame (/Users/ryan/.codex/worktrees/6614/chirality/projects/chirality-piping/node_modules/react-dom/cjs/react-dom-client.development.js:25989:20)
    at runWithFiberInDEV (/Users/ryan/.codex/worktrees/6614/chirality/projects/chirality-piping/node_modules/react-dom/cjs/react-dom-client.development.js:874:13)
    at commitHookEffectListMount (/Users/ryan/.codex/worktrees/6614/chirality/projects/chirality-piping/node_modules/react-dom/cjs/react-dom-client.development.js:13249:29) undefined
Error: Not implemented: HTMLCanvasElement.prototype.getContext (without installing the canvas npm package)
    at module.exports (/Users/ryan/.codex/worktrees/6614/chirality/projects/chirality-piping/node_modules/jsdom/lib/jsdom/browser/not-implemented.js:9:17)
    at HTMLCanvasElementImpl.getContext (/Users/ryan/.codex/worktrees/6614/chirality/projects/chirality-piping/node_modules/jsdom/lib/jsdom/living/nodes/HTMLCanvasElement-impl.js:42:5)
    at HTMLCanvasElement.getContext (/Users/ryan/.codex/worktrees/6614/chirality/projects/chirality-piping/node_modules/jsdom/lib/jsdom/living/generated/HTMLCanvasElement.js:131:58)
    at getContext (file:///Users/ryan/.codex/worktrees/6614/chirality/projects/chirality-piping/node_modules/three/build/three.module.js:15443:18)
    at new WebGLRenderer (file:///Users/ryan/.codex/worktrees/6614/chirality/projects/chirality-piping/node_modules/three/build/three.module.js:15472:11)
    at new ViewportResource (/private/tmp/piping-engine-integration-20260925/projects/chirality-piping/apps/desktop/src/features/viewport/viewportResource.ts:509:21)
    at /private/tmp/piping-engine-integration-20260925/projects/chirality-piping/apps/desktop/src/features/viewport/PipeViewport.tsx:909:18
    at Object.react_stack_bottom_frame (/Users/ryan/.codex/worktrees/6614/chirality/projects/chirality-piping/node_modules/react-dom/cjs/react-dom-client.development.js:25989:20)
    at runWithFiberInDEV (/Users/ryan/.codex/worktrees/6614/chirality/projects/chirality-piping/node_modules/react-dom/cjs/react-dom-client.development.js:874:13)
    at commitHookEffectListMount (/Users/ryan/.codex/worktrees/6614/chirality/projects/chirality-piping/node_modules/react-dom/cjs/react-dom-client.development.js:13249:29) undefined
Error: Not implemented: HTMLCanvasElement.prototype.getContext (without installing the canvas npm package)
    at module.exports (/Users/ryan/.codex/worktrees/6614/chirality/projects/chirality-piping/node_modules/jsdom/lib/jsdom/browser/not-implemented.js:9:17)
    at HTMLCanvasElementImpl.getContext (/Users/ryan/.codex/worktrees/6614/chirality/projects/chirality-piping/node_modules/jsdom/lib/jsdom/living/nodes/HTMLCanvasElement-impl.js:42:5)
    at HTMLCanvasElement.getContext (/Users/ryan/.codex/worktrees/6614/chirality/projects/chirality-piping/node_modules/jsdom/lib/jsdom/living/generated/HTMLCanvasElement.js:131:58)
    at getContext (file:///Users/ryan/.codex/worktrees/6614/chirality/projects/chirality-piping/node_modules/three/build/three.module.js:15443:18)
    at new WebGLRenderer (file:///Users/ryan/.codex/worktrees/6614/chirality/projects/chirality-piping/node_modules/three/build/three.module.js:15476:11)
    at new ViewportResource (/private/tmp/piping-engine-integration-20260925/projects/chirality-piping/apps/desktop/src/features/viewport/viewportResource.ts:509:21)
    at /private/tmp/piping-engine-integration-20260925/projects/chirality-piping/apps/desktop/src/features/viewport/PipeViewport.tsx:909:18
    at Object.react_stack_bottom_frame (/Users/ryan/.codex/worktrees/6614/chirality/projects/chirality-piping/node_modules/react-dom/cjs/react-dom-client.development.js:25989:20)
    at runWithFiberInDEV (/Users/ryan/.codex/worktrees/6614/chirality/projects/chirality-piping/node_modules/react-dom/cjs/react-dom-client.development.js:874:13)
    at commitHookEffectListMount (/Users/ryan/.codex/worktrees/6614/chirality/projects/chirality-piping/node_modules/react-dom/cjs/react-dom-client.development.js:13249:29) undefined
Error: Not implemented: HTMLCanvasElement.prototype.getContext (without installing the canvas npm package)
    at module.exports (/Users/ryan/.codex/worktrees/6614/chirality/projects/chirality-piping/node_modules/jsdom/lib/jsdom/browser/not-implemented.js:9:17)
    at HTMLCanvasElementImpl.getContext (/Users/ryan/.codex/worktrees/6614/chirality/projects/chirality-piping/node_modules/jsdom/lib/jsdom/living/nodes/HTMLCanvasElement-impl.js:42:5)
    at HTMLCanvasElement.getContext (/Users/ryan/.codex/worktrees/6614/chirality/projects/chirality-piping/node_modules/jsdom/lib/jsdom/living/generated/HTMLCanvasElement.js:131:58)
    at getContext (file:///Users/ryan/.codex/worktrees/6614/chirality/projects/chirality-piping/node_modules/three/build/three.module.js:15443:18)
    at new WebGLRenderer (file:///Users/ryan/.codex/worktrees/6614/chirality/projects/chirality-piping/node_modules/three/build/three.module.js:15472:11)
    at new ViewportResource (/private/tmp/piping-engine-integration-20260925/projects/chirality-piping/apps/desktop/src/features/viewport/viewportResource.ts:509:21)
    at /private/tmp/piping-engine-integration-20260925/projects/chirality-piping/apps/desktop/src/features/viewport/PipeViewport.tsx:909:18
    at Object.react_stack_bottom_frame (/Users/ryan/.codex/worktrees/6614/chirality/projects/chirality-piping/node_modules/react-dom/cjs/react-dom-client.development.js:25989:20)
    at runWithFiberInDEV (/Users/ryan/.codex/worktrees/6614/chirality/projects/chirality-piping/node_modules/react-dom/cjs/react-dom-client.development.js:874:13)
    at commitHookEffectListMount (/Users/ryan/.codex/worktrees/6614/chirality/projects/chirality-piping/node_modules/react-dom/cjs/react-dom-client.development.js:13249:29) undefined
Error: Not implemented: HTMLCanvasElement.prototype.getContext (without installing the canvas npm package)
    at module.exports (/Users/ryan/.codex/worktrees/6614/chirality/projects/chirality-piping/node_modules/jsdom/lib/jsdom/browser/not-implemented.js:9:17)
    at HTMLCanvasElementImpl.getContext (/Users/ryan/.codex/worktrees/6614/chirality/projects/chirality-piping/node_modules/jsdom/lib/jsdom/living/nodes/HTMLCanvasElement-impl.js:42:5)
    at HTMLCanvasElement.getContext (/Users/ryan/.codex/worktrees/6614/chirality/projects/chirality-piping/node_modules/jsdom/lib/jsdom/living/generated/HTMLCanvasElement.js:131:58)
    at getContext (file:///Users/ryan/.codex/worktrees/6614/chirality/projects/chirality-piping/node_modules/three/build/three.module.js:15443:18)
    at new WebGLRenderer (file:///Users/ryan/.codex/worktrees/6614/chirality/projects/chirality-piping/node_modules/three/build/three.module.js:15476:11)
    at new ViewportResource (/private/tmp/piping-engine-integration-20260925/projects/chirality-piping/apps/desktop/src/features/viewport/viewportResource.ts:509:21)
    at /private/tmp/piping-engine-integration-20260925/projects/chirality-piping/apps/desktop/src/features/viewport/PipeViewport.tsx:909:18
    at Object.react_stack_bottom_frame (/Users/ryan/.codex/worktrees/6614/chirality/projects/chirality-piping/node_modules/react-dom/cjs/react-dom-client.development.js:25989:20)
    at runWithFiberInDEV (/Users/ryan/.codex/worktrees/6614/chirality/projects/chirality-piping/node_modules/react-dom/cjs/react-dom-client.development.js:874:13)
    at commitHookEffectListMount (/Users/ryan/.codex/worktrees/6614/chirality/projects/chirality-piping/node_modules/react-dom/cjs/react-dom-client.development.js:13249:29) undefined
Error: Not implemented: HTMLCanvasElement.prototype.getContext (without installing the canvas npm package)
    at module.exports (/Users/ryan/.codex/worktrees/6614/chirality/projects/chirality-piping/node_modules/jsdom/lib/jsdom/browser/not-implemented.js:9:17)
    at HTMLCanvasElementImpl.getContext (/Users/ryan/.codex/worktrees/6614/chirality/projects/chirality-piping/node_modules/jsdom/lib/jsdom/living/nodes/HTMLCanvasElement-impl.js:42:5)
    at HTMLCanvasElement.getContext (/Users/ryan/.codex/worktrees/6614/chirality/projects/chirality-piping/node_modules/jsdom/lib/jsdom/living/generated/HTMLCanvasElement.js:131:58)
    at getContext (file:///Users/ryan/.codex/worktrees/6614/chirality/projects/chirality-piping/node_modules/three/build/three.module.js:15443:18)
    at new WebGLRenderer (file:///Users/ryan/.codex/worktrees/6614/chirality/projects/chirality-piping/node_modules/three/build/three.module.js:15472:11)
    at new ViewportResource (/private/tmp/piping-engine-integration-20260925/projects/chirality-piping/apps/desktop/src/features/viewport/viewportResource.ts:509:21)
    at /private/tmp/piping-engine-integration-20260925/projects/chirality-piping/apps/desktop/src/features/viewport/PipeViewport.tsx:909:18
    at Object.react_stack_bottom_frame (/Users/ryan/.codex/worktrees/6614/chirality/projects/chirality-piping/node_modules/react-dom/cjs/react-dom-client.development.js:25989:20)
    at runWithFiberInDEV (/Users/ryan/.codex/worktrees/6614/chirality/projects/chirality-piping/node_modules/react-dom/cjs/react-dom-client.development.js:874:13)
    at commitHookEffectListMount (/Users/ryan/.codex/worktrees/6614/chirality/projects/chirality-piping/node_modules/react-dom/cjs/react-dom-client.development.js:13249:29) undefined
Error: Not implemented: HTMLCanvasElement.prototype.getContext (without installing the canvas npm package)
    at module.exports (/Users/ryan/.codex/worktrees/6614/chirality/projects/chirality-piping/node_modules/jsdom/lib/jsdom/browser/not-implemented.js:9:17)
    at HTMLCanvasElementImpl.getContext (/Users/ryan/.codex/worktrees/6614/chirality/projects/chirality-piping/node_modules/jsdom/lib/jsdom/living/nodes/HTMLCanvasElement-impl.js:42:5)
    at HTMLCanvasElement.getContext (/Users/ryan/.codex/worktrees/6614/chirality/projects/chirality-piping/node_modules/jsdom/lib/jsdom/living/generated/HTMLCanvasElement.js:131:58)
    at getContext (file:///Users/ryan/.codex/worktrees/6614/chirality/projects/chirality-piping/node_modules/three/build/three.module.js:15443:18)
    at new WebGLRenderer (file:///Users/ryan/.codex/worktrees/6614/chirality/projects/chirality-piping/node_modules/three/build/three.module.js:15476:11)
    at new ViewportResource (/private/tmp/piping-engine-integration-20260925/projects/chirality-piping/apps/desktop/src/features/viewport/viewportResource.ts:509:21)
    at /private/tmp/piping-engine-integration-20260925/projects/chirality-piping/apps/desktop/src/features/viewport/PipeViewport.tsx:909:18
    at Object.react_stack_bottom_frame (/Users/ryan/.codex/worktrees/6614/chirality/projects/chirality-piping/node_modules/react-dom/cjs/react-dom-client.development.js:25989:20)
    at runWithFiberInDEV (/Users/ryan/.codex/worktrees/6614/chirality/projects/chirality-piping/node_modules/react-dom/cjs/react-dom-client.development.js:874:13)
    at commitHookEffectListMount (/Users/ryan/.codex/worktrees/6614/chirality/projects/chirality-piping/node_modules/react-dom/cjs/react-dom-client.development.js:13249:29) undefined
Error: Not implemented: HTMLCanvasElement.prototype.getContext (without installing the canvas npm package)
    at module.exports (/Users/ryan/.codex/worktrees/6614/chirality/projects/chirality-piping/node_modules/jsdom/lib/jsdom/browser/not-implemented.js:9:17)
    at HTMLCanvasElementImpl.getContext (/Users/ryan/.codex/worktrees/6614/chirality/projects/chirality-piping/node_modules/jsdom/lib/jsdom/living/nodes/HTMLCanvasElement-impl.js:42:5)
    at HTMLCanvasElement.getContext (/Users/ryan/.codex/worktrees/6614/chirality/projects/chirality-piping/node_modules/jsdom/lib/jsdom/living/generated/HTMLCanvasElement.js:131:58)
    at getContext (file:///Users/ryan/.codex/worktrees/6614/chirality/projects/chirality-piping/node_modules/three/build/three.module.js:15443:18)
    at new WebGLRenderer (file:///Users/ryan/.codex/worktrees/6614/chirality/projects/chirality-piping/node_modules/three/build/three.module.js:15472:11)
    at new ViewportResource (/private/tmp/piping-engine-integration-20260925/projects/chirality-piping/apps/desktop/src/features/viewport/viewportResource.ts:509:21)
    at /private/tmp/piping-engine-integration-20260925/projects/chirality-piping/apps/desktop/src/features/viewport/PipeViewport.tsx:909:18
    at Object.react_stack_bottom_frame (/Users/ryan/.codex/worktrees/6614/chirality/projects/chirality-piping/node_modules/react-dom/cjs/react-dom-client.development.js:25989:20)
    at runWithFiberInDEV (/Users/ryan/.codex/worktrees/6614/chirality/projects/chirality-piping/node_modules/react-dom/cjs/react-dom-client.development.js:874:13)
    at commitHookEffectListMount (/Users/ryan/.codex/worktrees/6614/chirality/projects/chirality-piping/node_modules/react-dom/cjs/react-dom-client.development.js:13249:29) undefined
Error: Not implemented: HTMLCanvasElement.prototype.getContext (without installing the canvas npm package)
    at module.exports (/Users/ryan/.codex/worktrees/6614/chirality/projects/chirality-piping/node_modules/jsdom/lib/jsdom/browser/not-implemented.js:9:17)
    at HTMLCanvasElementImpl.getContext (/Users/ryan/.codex/worktrees/6614/chirality/projects/chirality-piping/node_modules/jsdom/lib/jsdom/living/nodes/HTMLCanvasElement-impl.js:42:5)
    at HTMLCanvasElement.getContext (/Users/ryan/.codex/worktrees/6614/chirality/projects/chirality-piping/node_modules/jsdom/lib/jsdom/living/generated/HTMLCanvasElement.js:131:58)
    at getContext (file:///Users/ryan/.codex/worktrees/6614/chirality/projects/chirality-piping/node_modules/three/build/three.module.js:15443:18)
    at new WebGLRenderer (file:///Users/ryan/.codex/worktrees/6614/chirality/projects/chirality-piping/node_modules/three/build/three.module.js:15476:11)
    at new ViewportResource (/private/tmp/piping-engine-integration-20260925/projects/chirality-piping/apps/desktop/src/features/viewport/viewportResource.ts:509:21)
    at /private/tmp/piping-engine-integration-20260925/projects/chirality-piping/apps/desktop/src/features/viewport/PipeViewport.tsx:909:18
    at Object.react_stack_bottom_frame (/Users/ryan/.codex/worktrees/6614/chirality/projects/chirality-piping/node_modules/react-dom/cjs/react-dom-client.development.js:25989:20)
    at runWithFiberInDEV (/Users/ryan/.codex/worktrees/6614/chirality/projects/chirality-piping/node_modules/react-dom/cjs/react-dom-client.development.js:874:13)
    at commitHookEffectListMount (/Users/ryan/.codex/worktrees/6614/chirality/projects/chirality-piping/node_modules/react-dom/cjs/react-dom-client.development.js:13249:29) undefined
Error: Not implemented: HTMLCanvasElement.prototype.getContext (without installing the canvas npm package)
    at module.exports (/Users/ryan/.codex/worktrees/6614/chirality/projects/chirality-piping/node_modules/jsdom/lib/jsdom/browser/not-implemented.js:9:17)
    at HTMLCanvasElementImpl.getContext (/Users/ryan/.codex/worktrees/6614/chirality/projects/chirality-piping/node_modules/jsdom/lib/jsdom/living/nodes/HTMLCanvasElement-impl.js:42:5)
    at HTMLCanvasElement.getContext (/Users/ryan/.codex/worktrees/6614/chirality/projects/chirality-piping/node_modules/jsdom/lib/jsdom/living/generated/HTMLCanvasElement.js:131:58)
    at getContext (file:///Users/ryan/.codex/worktrees/6614/chirality/projects/chirality-piping/node_modules/three/build/three.module.js:15443:18)
    at new WebGLRenderer (file:///Users/ryan/.codex/worktrees/6614/chirality/projects/chirality-piping/node_modules/three/build/three.module.js:15472:11)
    at new ViewportResource (/private/tmp/piping-engine-integration-20260925/projects/chirality-piping/apps/desktop/src/features/viewport/viewportResource.ts:509:21)
    at /private/tmp/piping-engine-integration-20260925/projects/chirality-piping/apps/desktop/src/features/viewport/PipeViewport.tsx:909:18
    at Object.react_stack_bottom_frame (/Users/ryan/.codex/worktrees/6614/chirality/projects/chirality-piping/node_modules/react-dom/cjs/react-dom-client.development.js:25989:20)
    at runWithFiberInDEV (/Users/ryan/.codex/worktrees/6614/chirality/projects/chirality-piping/node_modules/react-dom/cjs/react-dom-client.development.js:874:13)
    at commitHookEffectListMount (/Users/ryan/.codex/worktrees/6614/chirality/projects/chirality-piping/node_modules/react-dom/cjs/react-dom-client.development.js:13249:29) undefined
Error: Not implemented: HTMLCanvasElement.prototype.getContext (without installing the canvas npm package)
    at module.exports (/Users/ryan/.codex/worktrees/6614/chirality/projects/chirality-piping/node_modules/jsdom/lib/jsdom/browser/not-implemented.js:9:17)
    at HTMLCanvasElementImpl.getContext (/Users/ryan/.codex/worktrees/6614/chirality/projects/chirality-piping/node_modules/jsdom/lib/jsdom/living/nodes/HTMLCanvasElement-impl.js:42:5)
    at HTMLCanvasElement.getContext (/Users/ryan/.codex/worktrees/6614/chirality/projects/chirality-piping/node_modules/jsdom/lib/jsdom/living/generated/HTMLCanvasElement.js:131:58)
    at getContext (file:///Users/ryan/.codex/worktrees/6614/chirality/projects/chirality-piping/node_modules/three/build/three.module.js:15443:18)
    at new WebGLRenderer (file:///Users/ryan/.codex/worktrees/6614/chirality/projects/chirality-piping/node_modules/three/build/three.module.js:15476:11)
    at new ViewportResource (/private/tmp/piping-engine-integration-20260925/projects/chirality-piping/apps/desktop/src/features/viewport/viewportResource.ts:509:21)
    at /private/tmp/piping-engine-integration-20260925/projects/chirality-piping/apps/desktop/src/features/viewport/PipeViewport.tsx:909:18
    at Object.react_stack_bottom_frame (/Users/ryan/.codex/worktrees/6614/chirality/projects/chirality-piping/node_modules/react-dom/cjs/react-dom-client.development.js:25989:20)
    at runWithFiberInDEV (/Users/ryan/.codex/worktrees/6614/chirality/projects/chirality-piping/node_modules/react-dom/cjs/react-dom-client.development.js:874:13)
    at commitHookEffectListMount (/Users/ryan/.codex/worktrees/6614/chirality/projects/chirality-piping/node_modules/react-dom/cjs/react-dom-client.development.js:13249:29) undefined
Error: Not implemented: HTMLCanvasElement.prototype.getContext (without installing the canvas npm package)
    at module.exports (/Users/ryan/.codex/worktrees/6614/chirality/projects/chirality-piping/node_modules/jsdom/lib/jsdom/browser/not-implemented.js:9:17)
    at HTMLCanvasElementImpl.getContext (/Users/ryan/.codex/worktrees/6614/chirality/projects/chirality-piping/node_modules/jsdom/lib/jsdom/living/nodes/HTMLCanvasElement-impl.js:42:5)
    at HTMLCanvasElement.getContext (/Users/ryan/.codex/worktrees/6614/chirality/projects/chirality-piping/node_modules/jsdom/lib/jsdom/living/generated/HTMLCanvasElement.js:131:58)
    at getContext (file:///Users/ryan/.codex/worktrees/6614/chirality/projects/chirality-piping/node_modules/three/build/three.module.js:15443:18)
    at new WebGLRenderer (file:///Users/ryan/.codex/worktrees/6614/chirality/projects/chirality-piping/node_modules/three/build/three.module.js:15472:11)
    at new ViewportResource (/private/tmp/piping-engine-integration-20260925/projects/chirality-piping/apps/desktop/src/features/viewport/viewportResource.ts:509:21)
    at /private/tmp/piping-engine-integration-20260925/projects/chirality-piping/apps/desktop/src/features/viewport/PipeViewport.tsx:909:18
    at Object.react_stack_bottom_frame (/Users/ryan/.codex/worktrees/6614/chirality/projects/chirality-piping/node_modules/react-dom/cjs/react-dom-client.development.js:25989:20)
    at runWithFiberInDEV (/Users/ryan/.codex/worktrees/6614/chirality/projects/chirality-piping/node_modules/react-dom/cjs/react-dom-client.development.js:874:13)
    at commitHookEffectListMount (/Users/ryan/.codex/worktrees/6614/chirality/projects/chirality-piping/node_modules/react-dom/cjs/react-dom-client.development.js:13249:29) undefined
Error: Not implemented: HTMLCanvasElement.prototype.getContext (without installing the canvas npm package)
    at module.exports (/Users/ryan/.codex/worktrees/6614/chirality/projects/chirality-piping/node_modules/jsdom/lib/jsdom/browser/not-implemented.js:9:17)
    at HTMLCanvasElementImpl.getContext (/Users/ryan/.codex/worktrees/6614/chirality/projects/chirality-piping/node_modules/jsdom/lib/jsdom/living/nodes/HTMLCanvasElement-impl.js:42:5)
    at HTMLCanvasElement.getContext (/Users/ryan/.codex/worktrees/6614/chirality/projects/chirality-piping/node_modules/jsdom/lib/jsdom/living/generated/HTMLCanvasElement.js:131:58)
    at getContext (file:///Users/ryan/.codex/worktrees/6614/chirality/projects/chirality-piping/node_modules/three/build/three.module.js:15443:18)
    at new WebGLRenderer (file:///Users/ryan/.codex/worktrees/6614/chirality/projects/chirality-piping/node_modules/three/build/three.module.js:15476:11)
    at new ViewportResource (/private/tmp/piping-engine-integration-20260925/projects/chirality-piping/apps/desktop/src/features/viewport/viewportResource.ts:509:21)
    at /private/tmp/piping-engine-integration-20260925/projects/chirality-piping/apps/desktop/src/features/viewport/PipeViewport.tsx:909:18
    at Object.react_stack_bottom_frame (/Users/ryan/.codex/worktrees/6614/chirality/projects/chirality-piping/node_modules/react-dom/cjs/react-dom-client.development.js:25989:20)
    at runWithFiberInDEV (/Users/ryan/.codex/worktrees/6614/chirality/projects/chirality-piping/node_modules/react-dom/cjs/react-dom-client.development.js:874:13)
    at commitHookEffectListMount (/Users/ryan/.codex/worktrees/6614/chirality/projects/chirality-piping/node_modules/react-dom/cjs/react-dom-client.development.js:13249:29) undefined
Error: Not implemented: HTMLCanvasElement.prototype.getContext (without installing the canvas npm package)
    at module.exports (/Users/ryan/.codex/worktrees/6614/chirality/projects/chirality-piping/node_modules/jsdom/lib/jsdom/browser/not-implemented.js:9:17)
    at HTMLCanvasElementImpl.getContext (/Users/ryan/.codex/worktrees/6614/chirality/projects/chirality-piping/node_modules/jsdom/lib/jsdom/living/nodes/HTMLCanvasElement-impl.js:42:5)
    at HTMLCanvasElement.getContext (/Users/ryan/.codex/worktrees/6614/chirality/projects/chirality-piping/node_modules/jsdom/lib/jsdom/living/generated/HTMLCanvasElement.js:131:58)
    at getContext (file:///Users/ryan/.codex/worktrees/6614/chirality/projects/chirality-piping/node_modules/three/build/three.module.js:15443:18)
    at new WebGLRenderer (file:///Users/ryan/.codex/worktrees/6614/chirality/projects/chirality-piping/node_modules/three/build/three.module.js:15472:11)
    at new ViewportResource (/private/tmp/piping-engine-integration-20260925/projects/chirality-piping/apps/desktop/src/features/viewport/viewportResource.ts:509:21)
    at /private/tmp/piping-engine-integration-20260925/projects/chirality-piping/apps/desktop/src/features/viewport/PipeViewport.tsx:909:18
    at Object.react_stack_bottom_frame (/Users/ryan/.codex/worktrees/6614/chirality/projects/chirality-piping/node_modules/react-dom/cjs/react-dom-client.development.js:25989:20)
    at runWithFiberInDEV (/Users/ryan/.codex/worktrees/6614/chirality/projects/chirality-piping/node_modules/react-dom/cjs/react-dom-client.development.js:874:13)
    at commitHookEffectListMount (/Users/ryan/.codex/worktrees/6614/chirality/projects/chirality-piping/node_modules/react-dom/cjs/react-dom-client.development.js:13249:29) undefined
Error: Not implemented: HTMLCanvasElement.prototype.getContext (without installing the canvas npm package)
    at module.exports (/Users/ryan/.codex/worktrees/6614/chirality/projects/chirality-piping/node_modules/jsdom/lib/jsdom/browser/not-implemented.js:9:17)
    at HTMLCanvasElementImpl.getContext (/Users/ryan/.codex/worktrees/6614/chirality/projects/chirality-piping/node_modules/jsdom/lib/jsdom/living/nodes/HTMLCanvasElement-impl.js:42:5)
    at HTMLCanvasElement.getContext (/Users/ryan/.codex/worktrees/6614/chirality/projects/chirality-piping/node_modules/jsdom/lib/jsdom/living/generated/HTMLCanvasElement.js:131:58)
    at getContext (file:///Users/ryan/.codex/worktrees/6614/chirality/projects/chirality-piping/node_modules/three/build/three.module.js:15443:18)
    at new WebGLRenderer (file:///Users/ryan/.codex/worktrees/6614/chirality/projects/chirality-piping/node_modules/three/build/three.module.js:15476:11)
    at new ViewportResource (/private/tmp/piping-engine-integration-20260925/projects/chirality-piping/apps/desktop/src/features/viewport/viewportResource.ts:509:21)
    at /private/tmp/piping-engine-integration-20260925/projects/chirality-piping/apps/desktop/src/features/viewport/PipeViewport.tsx:909:18
    at Object.react_stack_bottom_frame (/Users/ryan/.codex/worktrees/6614/chirality/projects/chirality-piping/node_modules/react-dom/cjs/react-dom-client.development.js:25989:20)
    at runWithFiberInDEV (/Users/ryan/.codex/worktrees/6614/chirality/projects/chirality-piping/node_modules/react-dom/cjs/react-dom-client.development.js:874:13)
    at commitHookEffectListMount (/Users/ryan/.codex/worktrees/6614/chirality/projects/chirality-piping/node_modules/react-dom/cjs/react-dom-client.development.js:13249:29) undefined
Error: Not implemented: HTMLCanvasElement.prototype.getContext (without installing the canvas npm package)
    at module.exports (/Users/ryan/.codex/worktrees/6614/chirality/projects/chirality-piping/node_modules/jsdom/lib/jsdom/browser/not-implemented.js:9:17)
    at HTMLCanvasElementImpl.getContext (/Users/ryan/.codex/worktrees/6614/chirality/projects/chirality-piping/node_modules/jsdom/lib/jsdom/living/nodes/HTMLCanvasElement-impl.js:42:5)
    at HTMLCanvasElement.getContext (/Users/ryan/.codex/worktrees/6614/chirality/projects/chirality-piping/node_modules/jsdom/lib/jsdom/living/generated/HTMLCanvasElement.js:131:58)
    at getContext (file:///Users/ryan/.codex/worktrees/6614/chirality/projects/chirality-piping/node_modules/three/build/three.module.js:15443:18)
    at new WebGLRenderer (file:///Users/ryan/.codex/worktrees/6614/chirality/projects/chirality-piping/node_modules/three/build/three.module.js:15472:11)
    at new ViewportResource (/private/tmp/piping-engine-integration-20260925/projects/chirality-piping/apps/desktop/src/features/viewport/viewportResource.ts:509:21)
    at /private/tmp/piping-engine-integration-20260925/projects/chirality-piping/apps/desktop/src/features/viewport/PipeViewport.tsx:909:18
    at Object.react_stack_bottom_frame (/Users/ryan/.codex/worktrees/6614/chirality/projects/chirality-piping/node_modules/react-dom/cjs/react-dom-client.development.js:25989:20)
    at runWithFiberInDEV (/Users/ryan/.codex/worktrees/6614/chirality/projects/chirality-piping/node_modules/react-dom/cjs/react-dom-client.development.js:874:13)
    at commitHookEffectListMount (/Users/ryan/.codex/worktrees/6614/chirality/projects/chirality-piping/node_modules/react-dom/cjs/react-dom-client.development.js:13249:29) undefined
Error: Not implemented: HTMLCanvasElement.prototype.getContext (without installing the canvas npm package)
    at module.exports (/Users/ryan/.codex/worktrees/6614/chirality/projects/chirality-piping/node_modules/jsdom/lib/jsdom/browser/not-implemented.js:9:17)
    at HTMLCanvasElementImpl.getContext (/Users/ryan/.codex/worktrees/6614/chirality/projects/chirality-piping/node_modules/jsdom/lib/jsdom/living/nodes/HTMLCanvasElement-impl.js:42:5)
    at HTMLCanvasElement.getContext (/Users/ryan/.codex/worktrees/6614/chirality/projects/chirality-piping/node_modules/jsdom/lib/jsdom/living/generated/HTMLCanvasElement.js:131:58)
    at getContext (file:///Users/ryan/.codex/worktrees/6614/chirality/projects/chirality-piping/node_modules/three/build/three.module.js:15443:18)
    at new WebGLRenderer (file:///Users/ryan/.codex/worktrees/6614/chirality/projects/chirality-piping/node_modules/three/build/three.module.js:15476:11)
    at new ViewportResource (/private/tmp/piping-engine-integration-20260925/projects/chirality-piping/apps/desktop/src/features/viewport/viewportResource.ts:509:21)
    at /private/tmp/piping-engine-integration-20260925/projects/chirality-piping/apps/desktop/src/features/viewport/PipeViewport.tsx:909:18
    at Object.react_stack_bottom_frame (/Users/ryan/.codex/worktrees/6614/chirality/projects/chirality-piping/node_modules/react-dom/cjs/react-dom-client.development.js:25989:20)
    at runWithFiberInDEV (/Users/ryan/.codex/worktrees/6614/chirality/projects/chirality-piping/node_modules/react-dom/cjs/react-dom-client.development.js:874:13)
    at commitHookEffectListMount (/Users/ryan/.codex/worktrees/6614/chirality/projects/chirality-piping/node_modules/react-dom/cjs/react-dom-client.development.js:13249:29) undefined
Error: Not implemented: HTMLCanvasElement.prototype.getContext (without installing the canvas npm package)
    at module.exports (/Users/ryan/.codex/worktrees/6614/chirality/projects/chirality-piping/node_modules/jsdom/lib/jsdom/browser/not-implemented.js:9:17)
    at HTMLCanvasElementImpl.getContext (/Users/ryan/.codex/worktrees/6614/chirality/projects/chirality-piping/node_modules/jsdom/lib/jsdom/living/nodes/HTMLCanvasElement-impl.js:42:5)
    at HTMLCanvasElement.getContext (/Users/ryan/.codex/worktrees/6614/chirality/projects/chirality-piping/node_modules/jsdom/lib/jsdom/living/generated/HTMLCanvasElement.js:131:58)
    at getContext (file:///Users/ryan/.codex/worktrees/6614/chirality/projects/chirality-piping/node_modules/three/build/three.module.js:15443:18)
    at new WebGLRenderer (file:///Users/ryan/.codex/worktrees/6614/chirality/projects/chirality-piping/node_modules/three/build/three.module.js:15472:11)
    at new ViewportResource (/private/tmp/piping-engine-integration-20260925/projects/chirality-piping/apps/desktop/src/features/viewport/viewportResource.ts:509:21)
    at /private/tmp/piping-engine-integration-20260925/projects/chirality-piping/apps/desktop/src/features/viewport/PipeViewport.tsx:909:18
    at Object.react_stack_bottom_frame (/Users/ryan/.codex/worktrees/6614/chirality/projects/chirality-piping/node_modules/react-dom/cjs/react-dom-client.development.js:25989:20)
    at runWithFiberInDEV (/Users/ryan/.codex/worktrees/6614/chirality/projects/chirality-piping/node_modules/react-dom/cjs/react-dom-client.development.js:874:13)
    at commitHookEffectListMount (/Users/ryan/.codex/worktrees/6614/chirality/projects/chirality-piping/node_modules/react-dom/cjs/react-dom-client.development.js:13249:29) undefined
Error: Not implemented: HTMLCanvasElement.prototype.getContext (without installing the canvas npm package)
    at module.exports (/Users/ryan/.codex/worktrees/6614/chirality/projects/chirality-piping/node_modules/jsdom/lib/jsdom/browser/not-implemented.js:9:17)
    at HTMLCanvasElementImpl.getContext (/Users/ryan/.codex/worktrees/6614/chirality/projects/chirality-piping/node_modules/jsdom/lib/jsdom/living/nodes/HTMLCanvasElement-impl.js:42:5)
    at HTMLCanvasElement.getContext (/Users/ryan/.codex/worktrees/6614/chirality/projects/chirality-piping/node_modules/jsdom/lib/jsdom/living/generated/HTMLCanvasElement.js:131:58)
    at getContext (file:///Users/ryan/.codex/worktrees/6614/chirality/projects/chirality-piping/node_modules/three/build/three.module.js:15443:18)
    at new WebGLRenderer (file:///Users/ryan/.codex/worktrees/6614/chirality/projects/chirality-piping/node_modules/three/build/three.module.js:15476:11)
    at new ViewportResource (/private/tmp/piping-engine-integration-20260925/projects/chirality-piping/apps/desktop/src/features/viewport/viewportResource.ts:509:21)
    at /private/tmp/piping-engine-integration-20260925/projects/chirality-piping/apps/desktop/src/features/viewport/PipeViewport.tsx:909:18
    at Object.react_stack_bottom_frame (/Users/ryan/.codex/worktrees/6614/chirality/projects/chirality-piping/node_modules/react-dom/cjs/react-dom-client.development.js:25989:20)
    at runWithFiberInDEV (/Users/ryan/.codex/worktrees/6614/chirality/projects/chirality-piping/node_modules/react-dom/cjs/react-dom-client.development.js:874:13)
    at commitHookEffectListMount (/Users/ryan/.codex/worktrees/6614/chirality/projects/chirality-piping/node_modules/react-dom/cjs/react-dom-client.development.js:13249:29) undefined
Error: Not implemented: HTMLCanvasElement.prototype.getContext (without installing the canvas npm package)
    at module.exports (/Users/ryan/.codex/worktrees/6614/chirality/projects/chirality-piping/node_modules/jsdom/lib/jsdom/browser/not-implemented.js:9:17)
    at HTMLCanvasElementImpl.getContext (/Users/ryan/.codex/worktrees/6614/chirality/projects/chirality-piping/node_modules/jsdom/lib/jsdom/living/nodes/HTMLCanvasElement-impl.js:42:5)
    at HTMLCanvasElement.getContext (/Users/ryan/.codex/worktrees/6614/chirality/projects/chirality-piping/node_modules/jsdom/lib/jsdom/living/generated/HTMLCanvasElement.js:131:58)
    at getContext (file:///Users/ryan/.codex/worktrees/6614/chirality/projects/chirality-piping/node_modules/three/build/three.module.js:15443:18)
    at new WebGLRenderer (file:///Users/ryan/.codex/worktrees/6614/chirality/projects/chirality-piping/node_modules/three/build/three.module.js:15472:11)
    at new ViewportResource (/private/tmp/piping-engine-integration-20260925/projects/chirality-piping/apps/desktop/src/features/viewport/viewportResource.ts:509:21)
    at /private/tmp/piping-engine-integration-20260925/projects/chirality-piping/apps/desktop/src/features/viewport/PipeViewport.tsx:909:18
    at Object.react_stack_bottom_frame (/Users/ryan/.codex/worktrees/6614/chirality/projects/chirality-piping/node_modules/react-dom/cjs/react-dom-client.development.js:25989:20)
    at runWithFiberInDEV (/Users/ryan/.codex/worktrees/6614/chirality/projects/chirality-piping/node_modules/react-dom/cjs/react-dom-client.development.js:874:13)
    at commitHookEffectListMount (/Users/ryan/.codex/worktrees/6614/chirality/projects/chirality-piping/node_modules/react-dom/cjs/react-dom-client.development.js:13249:29) undefined
Error: Not implemented: HTMLCanvasElement.prototype.getContext (without installing the canvas npm package)
    at module.exports (/Users/ryan/.codex/worktrees/6614/chirality/projects/chirality-piping/node_modules/jsdom/lib/jsdom/browser/not-implemented.js:9:17)
    at HTMLCanvasElementImpl.getContext (/Users/ryan/.codex/worktrees/6614/chirality/projects/chirality-piping/node_modules/jsdom/lib/jsdom/living/nodes/HTMLCanvasElement-impl.js:42:5)
    at HTMLCanvasElement.getContext (/Users/ryan/.codex/worktrees/6614/chirality/projects/chirality-piping/node_modules/jsdom/lib/jsdom/living/generated/HTMLCanvasElement.js:131:58)
    at getContext (file:///Users/ryan/.codex/worktrees/6614/chirality/projects/chirality-piping/node_modules/three/build/three.module.js:15443:18)
    at new WebGLRenderer (file:///Users/ryan/.codex/worktrees/6614/chirality/projects/chirality-piping/node_modules/three/build/three.module.js:15476:11)
    at new ViewportResource (/private/tmp/piping-engine-integration-20260925/projects/chirality-piping/apps/desktop/src/features/viewport/viewportResource.ts:509:21)
    at /private/tmp/piping-engine-integration-20260925/projects/chirality-piping/apps/desktop/src/features/viewport/PipeViewport.tsx:909:18
    at Object.react_stack_bottom_frame (/Users/ryan/.codex/worktrees/6614/chirality/projects/chirality-piping/node_modules/react-dom/cjs/react-dom-client.development.js:25989:20)
    at runWithFiberInDEV (/Users/ryan/.codex/worktrees/6614/chirality/projects/chirality-piping/node_modules/react-dom/cjs/react-dom-client.development.js:874:13)
    at commitHookEffectListMount (/Users/ryan/.codex/worktrees/6614/chirality/projects/chirality-piping/node_modules/react-dom/cjs/react-dom-client.development.js:13249:29) undefined
Error: Not implemented: HTMLCanvasElement.prototype.getContext (without installing the canvas npm package)
    at module.exports (/Users/ryan/.codex/worktrees/6614/chirality/projects/chirality-piping/node_modules/jsdom/lib/jsdom/browser/not-implemented.js:9:17)
    at HTMLCanvasElementImpl.getContext (/Users/ryan/.codex/worktrees/6614/chirality/projects/chirality-piping/node_modules/jsdom/lib/jsdom/living/nodes/HTMLCanvasElement-impl.js:42:5)
    at HTMLCanvasElement.getContext (/Users/ryan/.codex/worktrees/6614/chirality/projects/chirality-piping/node_modules/jsdom/lib/jsdom/living/generated/HTMLCanvasElement.js:131:58)
    at getContext (file:///Users/ryan/.codex/worktrees/6614/chirality/projects/chirality-piping/node_modules/three/build/three.module.js:15443:18)
    at new WebGLRenderer (file:///Users/ryan/.codex/worktrees/6614/chirality/projects/chirality-piping/node_modules/three/build/three.module.js:15472:11)
    at new ViewportResource (/private/tmp/piping-engine-integration-20260925/projects/chirality-piping/apps/desktop/src/features/viewport/viewportResource.ts:509:21)
    at /private/tmp/piping-engine-integration-20260925/projects/chirality-piping/apps/desktop/src/features/viewport/PipeViewport.tsx:909:18
    at Object.react_stack_bottom_frame (/Users/ryan/.codex/worktrees/6614/chirality/projects/chirality-piping/node_modules/react-dom/cjs/react-dom-client.development.js:25989:20)
    at runWithFiberInDEV (/Users/ryan/.codex/worktrees/6614/chirality/projects/chirality-piping/node_modules/react-dom/cjs/react-dom-client.development.js:874:13)
    at commitHookEffectListMount (/Users/ryan/.codex/worktrees/6614/chirality/projects/chirality-piping/node_modules/react-dom/cjs/react-dom-client.development.js:13249:29) undefined
Error: Not implemented: HTMLCanvasElement.prototype.getContext (without installing the canvas npm package)
    at module.exports (/Users/ryan/.codex/worktrees/6614/chirality/projects/chirality-piping/node_modules/jsdom/lib/jsdom/browser/not-implemented.js:9:17)
    at HTMLCanvasElementImpl.getContext (/Users/ryan/.codex/worktrees/6614/chirality/projects/chirality-piping/node_modules/jsdom/lib/jsdom/living/nodes/HTMLCanvasElement-impl.js:42:5)
    at HTMLCanvasElement.getContext (/Users/ryan/.codex/worktrees/6614/chirality/projects/chirality-piping/node_modules/jsdom/lib/jsdom/living/generated/HTMLCanvasElement.js:131:58)
    at getContext (file:///Users/ryan/.codex/worktrees/6614/chirality/projects/chirality-piping/node_modules/three/build/three.module.js:15443:18)
    at new WebGLRenderer (file:///Users/ryan/.codex/worktrees/6614/chirality/projects/chirality-piping/node_modules/three/build/three.module.js:15476:11)
    at new ViewportResource (/private/tmp/piping-engine-integration-20260925/projects/chirality-piping/apps/desktop/src/features/viewport/viewportResource.ts:509:21)
    at /private/tmp/piping-engine-integration-20260925/projects/chirality-piping/apps/desktop/src/features/viewport/PipeViewport.tsx:909:18
    at Object.react_stack_bottom_frame (/Users/ryan/.codex/worktrees/6614/chirality/projects/chirality-piping/node_modules/react-dom/cjs/react-dom-client.development.js:25989:20)
    at runWithFiberInDEV (/Users/ryan/.codex/worktrees/6614/chirality/projects/chirality-piping/node_modules/react-dom/cjs/react-dom-client.development.js:874:13)
    at commitHookEffectListMount (/Users/ryan/.codex/worktrees/6614/chirality/projects/chirality-piping/node_modules/react-dom/cjs/react-dom-client.development.js:13249:29) undefined
Error: Not implemented: HTMLCanvasElement.prototype.getContext (without installing the canvas npm package)
    at module.exports (/Users/ryan/.codex/worktrees/6614/chirality/projects/chirality-piping/node_modules/jsdom/lib/jsdom/browser/not-implemented.js:9:17)
    at HTMLCanvasElementImpl.getContext (/Users/ryan/.codex/worktrees/6614/chirality/projects/chirality-piping/node_modules/jsdom/lib/jsdom/living/nodes/HTMLCanvasElement-impl.js:42:5)
    at HTMLCanvasElement.getContext (/Users/ryan/.codex/worktrees/6614/chirality/projects/chirality-piping/node_modules/jsdom/lib/jsdom/living/generated/HTMLCanvasElement.js:131:58)
    at getContext (file:///Users/ryan/.codex/worktrees/6614/chirality/projects/chirality-piping/node_modules/three/build/three.module.js:15443:18)
    at new WebGLRenderer (file:///Users/ryan/.codex/worktrees/6614/chirality/projects/chirality-piping/node_modules/three/build/three.module.js:15472:11)
    at new ViewportResource (/private/tmp/piping-engine-integration-20260925/projects/chirality-piping/apps/desktop/src/features/viewport/viewportResource.ts:509:21)
    at /private/tmp/piping-engine-integration-20260925/projects/chirality-piping/apps/desktop/src/features/viewport/PipeViewport.tsx:909:18
    at Object.react_stack_bottom_frame (/Users/ryan/.codex/worktrees/6614/chirality/projects/chirality-piping/node_modules/react-dom/cjs/react-dom-client.development.js:25989:20)
    at runWithFiberInDEV (/Users/ryan/.codex/worktrees/6614/chirality/projects/chirality-piping/node_modules/react-dom/cjs/react-dom-client.development.js:874:13)
    at commitHookEffectListMount (/Users/ryan/.codex/worktrees/6614/chirality/projects/chirality-piping/node_modules/react-dom/cjs/react-dom-client.development.js:13249:29) undefined
Error: Not implemented: HTMLCanvasElement.prototype.getContext (without installing the canvas npm package)
    at module.exports (/Users/ryan/.codex/worktrees/6614/chirality/projects/chirality-piping/node_modules/jsdom/lib/jsdom/browser/not-implemented.js:9:17)
    at HTMLCanvasElementImpl.getContext (/Users/ryan/.codex/worktrees/6614/chirality/projects/chirality-piping/node_modules/jsdom/lib/jsdom/living/nodes/HTMLCanvasElement-impl.js:42:5)
    at HTMLCanvasElement.getContext (/Users/ryan/.codex/worktrees/6614/chirality/projects/chirality-piping/node_modules/jsdom/lib/jsdom/living/generated/HTMLCanvasElement.js:131:58)
    at getContext (file:///Users/ryan/.codex/worktrees/6614/chirality/projects/chirality-piping/node_modules/three/build/three.module.js:15443:18)
    at new WebGLRenderer (file:///Users/ryan/.codex/worktrees/6614/chirality/projects/chirality-piping/node_modules/three/build/three.module.js:15476:11)
    at new ViewportResource (/private/tmp/piping-engine-integration-20260925/projects/chirality-piping/apps/desktop/src/features/viewport/viewportResource.ts:509:21)
    at /private/tmp/piping-engine-integration-20260925/projects/chirality-piping/apps/desktop/src/features/viewport/PipeViewport.tsx:909:18
    at Object.react_stack_bottom_frame (/Users/ryan/.codex/worktrees/6614/chirality/projects/chirality-piping/node_modules/react-dom/cjs/react-dom-client.development.js:25989:20)
    at runWithFiberInDEV (/Users/ryan/.codex/worktrees/6614/chirality/projects/chirality-piping/node_modules/react-dom/cjs/react-dom-client.development.js:874:13)
    at commitHookEffectListMount (/Users/ryan/.codex/worktrees/6614/chirality/projects/chirality-piping/node_modules/react-dom/cjs/react-dom-client.development.js:13249:29) undefined
Error: Not implemented: HTMLCanvasElement.prototype.getContext (without installing the canvas npm package)
    at module.exports (/Users/ryan/.codex/worktrees/6614/chirality/projects/chirality-piping/node_modules/jsdom/lib/jsdom/browser/not-implemented.js:9:17)
    at HTMLCanvasElementImpl.getContext (/Users/ryan/.codex/worktrees/6614/chirality/projects/chirality-piping/node_modules/jsdom/lib/jsdom/living/nodes/HTMLCanvasElement-impl.js:42:5)
    at HTMLCanvasElement.getContext (/Users/ryan/.codex/worktrees/6614/chirality/projects/chirality-piping/node_modules/jsdom/lib/jsdom/living/generated/HTMLCanvasElement.js:131:58)
    at getContext (file:///Users/ryan/.codex/worktrees/6614/chirality/projects/chirality-piping/node_modules/three/build/three.module.js:15443:18)
    at new WebGLRenderer (file:///Users/ryan/.codex/worktrees/6614/chirality/projects/chirality-piping/node_modules/three/build/three.module.js:15472:11)
    at new ViewportResource (/private/tmp/piping-engine-integration-20260925/projects/chirality-piping/apps/desktop/src/features/viewport/viewportResource.ts:509:21)
    at /private/tmp/piping-engine-integration-20260925/projects/chirality-piping/apps/desktop/src/features/viewport/PipeViewport.tsx:909:18
    at Object.react_stack_bottom_frame (/Users/ryan/.codex/worktrees/6614/chirality/projects/chirality-piping/node_modules/react-dom/cjs/react-dom-client.development.js:25989:20)
    at runWithFiberInDEV (/Users/ryan/.codex/worktrees/6614/chirality/projects/chirality-piping/node_modules/react-dom/cjs/react-dom-client.development.js:874:13)
    at commitHookEffectListMount (/Users/ryan/.codex/worktrees/6614/chirality/projects/chirality-piping/node_modules/react-dom/cjs/react-dom-client.development.js:13249:29) undefined
Error: Not implemented: HTMLCanvasElement.prototype.getContext (without installing the canvas npm package)
    at module.exports (/Users/ryan/.codex/worktrees/6614/chirality/projects/chirality-piping/node_modules/jsdom/lib/jsdom/browser/not-implemented.js:9:17)
    at HTMLCanvasElementImpl.getContext (/Users/ryan/.codex/worktrees/6614/chirality/projects/chirality-piping/node_modules/jsdom/lib/jsdom/living/nodes/HTMLCanvasElement-impl.js:42:5)
    at HTMLCanvasElement.getContext (/Users/ryan/.codex/worktrees/6614/chirality/projects/chirality-piping/node_modules/jsdom/lib/jsdom/living/generated/HTMLCanvasElement.js:131:58)
    at getContext (file:///Users/ryan/.codex/worktrees/6614/chirality/projects/chirality-piping/node_modules/three/build/three.module.js:15443:18)
    at new WebGLRenderer (file:///Users/ryan/.codex/worktrees/6614/chirality/projects/chirality-piping/node_modules/three/build/three.module.js:15476:11)
    at new ViewportResource (/private/tmp/piping-engine-integration-20260925/projects/chirality-piping/apps/desktop/src/features/viewport/viewportResource.ts:509:21)
    at /private/tmp/piping-engine-integration-20260925/projects/chirality-piping/apps/desktop/src/features/viewport/PipeViewport.tsx:909:18
    at Object.react_stack_bottom_frame (/Users/ryan/.codex/worktrees/6614/chirality/projects/chirality-piping/node_modules/react-dom/cjs/react-dom-client.development.js:25989:20)
    at runWithFiberInDEV (/Users/ryan/.codex/worktrees/6614/chirality/projects/chirality-piping/node_modules/react-dom/cjs/react-dom-client.development.js:874:13)
    at commitHookEffectListMount (/Users/ryan/.codex/worktrees/6614/chirality/projects/chirality-piping/node_modules/react-dom/cjs/react-dom-client.development.js:13249:29) undefined
Error: Not implemented: HTMLCanvasElement.prototype.getContext (without installing the canvas npm package)
    at module.exports (/Users/ryan/.codex/worktrees/6614/chirality/projects/chirality-piping/node_modules/jsdom/lib/jsdom/browser/not-implemented.js:9:17)
    at HTMLCanvasElementImpl.getContext (/Users/ryan/.codex/worktrees/6614/chirality/projects/chirality-piping/node_modules/jsdom/lib/jsdom/living/nodes/HTMLCanvasElement-impl.js:42:5)
    at HTMLCanvasElement.getContext (/Users/ryan/.codex/worktrees/6614/chirality/projects/chirality-piping/node_modules/jsdom/lib/jsdom/living/generated/HTMLCanvasElement.js:131:58)
    at getContext (file:///Users/ryan/.codex/worktrees/6614/chirality/projects/chirality-piping/node_modules/three/build/three.module.js:15443:18)
    at new WebGLRenderer (file:///Users/ryan/.codex/worktrees/6614/chirality/projects/chirality-piping/node_modules/three/build/three.module.js:15472:11)
    at new ViewportResource (/private/tmp/piping-engine-integration-20260925/projects/chirality-piping/apps/desktop/src/features/viewport/viewportResource.ts:509:21)
    at /private/tmp/piping-engine-integration-20260925/projects/chirality-piping/apps/desktop/src/features/viewport/PipeViewport.tsx:909:18
    at Object.react_stack_bottom_frame (/Users/ryan/.codex/worktrees/6614/chirality/projects/chirality-piping/node_modules/react-dom/cjs/react-dom-client.development.js:25989:20)
    at runWithFiberInDEV (/Users/ryan/.codex/worktrees/6614/chirality/projects/chirality-piping/node_modules/react-dom/cjs/react-dom-client.development.js:874:13)
    at commitHookEffectListMount (/Users/ryan/.codex/worktrees/6614/chirality/projects/chirality-piping/node_modules/react-dom/cjs/react-dom-client.development.js:13249:29) undefined
Error: Not implemented: HTMLCanvasElement.prototype.getContext (without installing the canvas npm package)
    at module.exports (/Users/ryan/.codex/worktrees/6614/chirality/projects/chirality-piping/node_modules/jsdom/lib/jsdom/browser/not-implemented.js:9:17)
    at HTMLCanvasElementImpl.getContext (/Users/ryan/.codex/worktrees/6614/chirality/projects/chirality-piping/node_modules/jsdom/lib/jsdom/living/nodes/HTMLCanvasElement-impl.js:42:5)
    at HTMLCanvasElement.getContext (/Users/ryan/.codex/worktrees/6614/chirality/projects/chirality-piping/node_modules/jsdom/lib/jsdom/living/generated/HTMLCanvasElement.js:131:58)
    at getContext (file:///Users/ryan/.codex/worktrees/6614/chirality/projects/chirality-piping/node_modules/three/build/three.module.js:15443:18)
    at new WebGLRenderer (file:///Users/ryan/.codex/worktrees/6614/chirality/projects/chirality-piping/node_modules/three/build/three.module.js:15476:11)
    at new ViewportResource (/private/tmp/piping-engine-integration-20260925/projects/chirality-piping/apps/desktop/src/features/viewport/viewportResource.ts:509:21)
    at /private/tmp/piping-engine-integration-20260925/projects/chirality-piping/apps/desktop/src/features/viewport/PipeViewport.tsx:909:18
    at Object.react_stack_bottom_frame (/Users/ryan/.codex/worktrees/6614/chirality/projects/chirality-piping/node_modules/react-dom/cjs/react-dom-client.development.js:25989:20)
    at runWithFiberInDEV (/Users/ryan/.codex/worktrees/6614/chirality/projects/chirality-piping/node_modules/react-dom/cjs/react-dom-client.development.js:874:13)
    at commitHookEffectListMount (/Users/ryan/.codex/worktrees/6614/chirality/projects/chirality-piping/node_modules/react-dom/cjs/react-dom-client.development.js:13249:29) undefined
Error: Not implemented: HTMLCanvasElement.prototype.getContext (without installing the canvas npm package)
    at module.exports (/Users/ryan/.codex/worktrees/6614/chirality/projects/chirality-piping/node_modules/jsdom/lib/jsdom/browser/not-implemented.js:9:17)
    at HTMLCanvasElementImpl.getContext (/Users/ryan/.codex/worktrees/6614/chirality/projects/chirality-piping/node_modules/jsdom/lib/jsdom/living/nodes/HTMLCanvasElement-impl.js:42:5)
    at HTMLCanvasElement.getContext (/Users/ryan/.codex/worktrees/6614/chirality/projects/chirality-piping/node_modules/jsdom/lib/jsdom/living/generated/HTMLCanvasElement.js:131:58)
    at getContext (file:///Users/ryan/.codex/worktrees/6614/chirality/projects/chirality-piping/node_modules/three/build/three.module.js:15443:18)
    at new WebGLRenderer (file:///Users/ryan/.codex/worktrees/6614/chirality/projects/chirality-piping/node_modules/three/build/three.module.js:15472:11)
    at new ViewportResource (/private/tmp/piping-engine-integration-20260925/projects/chirality-piping/apps/desktop/src/features/viewport/viewportResource.ts:509:21)
    at /private/tmp/piping-engine-integration-20260925/projects/chirality-piping/apps/desktop/src/features/viewport/PipeViewport.tsx:909:18
    at Object.react_stack_bottom_frame (/Users/ryan/.codex/worktrees/6614/chirality/projects/chirality-piping/node_modules/react-dom/cjs/react-dom-client.development.js:25989:20)
    at runWithFiberInDEV (/Users/ryan/.codex/worktrees/6614/chirality/projects/chirality-piping/node_modules/react-dom/cjs/react-dom-client.development.js:874:13)
    at commitHookEffectListMount (/Users/ryan/.codex/worktrees/6614/chirality/projects/chirality-piping/node_modules/react-dom/cjs/react-dom-client.development.js:13249:29) undefined
Error: Not implemented: HTMLCanvasElement.prototype.getContext (without installing the canvas npm package)
    at module.exports (/Users/ryan/.codex/worktrees/6614/chirality/projects/chirality-piping/node_modules/jsdom/lib/jsdom/browser/not-implemented.js:9:17)
    at HTMLCanvasElementImpl.getContext (/Users/ryan/.codex/worktrees/6614/chirality/projects/chirality-piping/node_modules/jsdom/lib/jsdom/living/nodes/HTMLCanvasElement-impl.js:42:5)
    at HTMLCanvasElement.getContext (/Users/ryan/.codex/worktrees/6614/chirality/projects/chirality-piping/node_modules/jsdom/lib/jsdom/living/generated/HTMLCanvasElement.js:131:58)
    at getContext (file:///Users/ryan/.codex/worktrees/6614/chirality/projects/chirality-piping/node_modules/three/build/three.module.js:15443:18)
    at new WebGLRenderer (file:///Users/ryan/.codex/worktrees/6614/chirality/projects/chirality-piping/node_modules/three/build/three.module.js:15476:11)
    at new ViewportResource (/private/tmp/piping-engine-integration-20260925/projects/chirality-piping/apps/desktop/src/features/viewport/viewportResource.ts:509:21)
    at /private/tmp/piping-engine-integration-20260925/projects/chirality-piping/apps/desktop/src/features/viewport/PipeViewport.tsx:909:18
    at Object.react_stack_bottom_frame (/Users/ryan/.codex/worktrees/6614/chirality/projects/chirality-piping/node_modules/react-dom/cjs/react-dom-client.development.js:25989:20)
    at runWithFiberInDEV (/Users/ryan/.codex/worktrees/6614/chirality/projects/chirality-piping/node_modules/react-dom/cjs/react-dom-client.development.js:874:13)
    at commitHookEffectListMount (/Users/ryan/.codex/worktrees/6614/chirality/projects/chirality-piping/node_modules/react-dom/cjs/react-dom-client.development.js:13249:29) undefined
Error: Not implemented: HTMLCanvasElement.prototype.getContext (without installing the canvas npm package)
    at module.exports (/Users/ryan/.codex/worktrees/6614/chirality/projects/chirality-piping/node_modules/jsdom/lib/jsdom/browser/not-implemented.js:9:17)
    at HTMLCanvasElementImpl.getContext (/Users/ryan/.codex/worktrees/6614/chirality/projects/chirality-piping/node_modules/jsdom/lib/jsdom/living/nodes/HTMLCanvasElement-impl.js:42:5)
    at HTMLCanvasElement.getContext (/Users/ryan/.codex/worktrees/6614/chirality/projects/chirality-piping/node_modules/jsdom/lib/jsdom/living/generated/HTMLCanvasElement.js:131:58)
    at getContext (file:///Users/ryan/.codex/worktrees/6614/chirality/projects/chirality-piping/node_modules/three/build/three.module.js:15443:18)
    at new WebGLRenderer (file:///Users/ryan/.codex/worktrees/6614/chirality/projects/chirality-piping/node_modules/three/build/three.module.js:15472:11)
    at new ViewportResource (/private/tmp/piping-engine-integration-20260925/projects/chirality-piping/apps/desktop/src/features/viewport/viewportResource.ts:509:21)
    at /private/tmp/piping-engine-integration-20260925/projects/chirality-piping/apps/desktop/src/features/viewport/PipeViewport.tsx:909:18
    at Object.react_stack_bottom_frame (/Users/ryan/.codex/worktrees/6614/chirality/projects/chirality-piping/node_modules/react-dom/cjs/react-dom-client.development.js:25989:20)
    at runWithFiberInDEV (/Users/ryan/.codex/worktrees/6614/chirality/projects/chirality-piping/node_modules/react-dom/cjs/react-dom-client.development.js:874:13)
    at commitHookEffectListMount (/Users/ryan/.codex/worktrees/6614/chirality/projects/chirality-piping/node_modules/react-dom/cjs/react-dom-client.development.js:13249:29) undefined
Error: Not implemented: HTMLCanvasElement.prototype.getContext (without installing the canvas npm package)
    at module.exports (/Users/ryan/.codex/worktrees/6614/chirality/projects/chirality-piping/node_modules/jsdom/lib/jsdom/browser/not-implemented.js:9:17)
    at HTMLCanvasElementImpl.getContext (/Users/ryan/.codex/worktrees/6614/chirality/projects/chirality-piping/node_modules/jsdom/lib/jsdom/living/nodes/HTMLCanvasElement-impl.js:42:5)
    at HTMLCanvasElement.getContext (/Users/ryan/.codex/worktrees/6614/chirality/projects/chirality-piping/node_modules/jsdom/lib/jsdom/living/generated/HTMLCanvasElement.js:131:58)
    at getContext (file:///Users/ryan/.codex/worktrees/6614/chirality/projects/chirality-piping/node_modules/three/build/three.module.js:15443:18)
    at new WebGLRenderer (file:///Users/ryan/.codex/worktrees/6614/chirality/projects/chirality-piping/node_modules/three/build/three.module.js:15476:11)
    at new ViewportResource (/private/tmp/piping-engine-integration-20260925/projects/chirality-piping/apps/desktop/src/features/viewport/viewportResource.ts:509:21)
    at /private/tmp/piping-engine-integration-20260925/projects/chirality-piping/apps/desktop/src/features/viewport/PipeViewport.tsx:909:18
    at Object.react_stack_bottom_frame (/Users/ryan/.codex/worktrees/6614/chirality/projects/chirality-piping/node_modules/react-dom/cjs/react-dom-client.development.js:25989:20)
    at runWithFiberInDEV (/Users/ryan/.codex/worktrees/6614/chirality/projects/chirality-piping/node_modules/react-dom/cjs/react-dom-client.development.js:874:13)
    at commitHookEffectListMount (/Users/ryan/.codex/worktrees/6614/chirality/projects/chirality-piping/node_modules/react-dom/cjs/react-dom-client.development.js:13249:29) undefined
Error: Not implemented: HTMLCanvasElement.prototype.getContext (without installing the canvas npm package)
    at module.exports (/Users/ryan/.codex/worktrees/6614/chirality/projects/chirality-piping/node_modules/jsdom/lib/jsdom/browser/not-implemented.js:9:17)
    at HTMLCanvasElementImpl.getContext (/Users/ryan/.codex/worktrees/6614/chirality/projects/chirality-piping/node_modules/jsdom/lib/jsdom/living/nodes/HTMLCanvasElement-impl.js:42:5)
    at HTMLCanvasElement.getContext (/Users/ryan/.codex/worktrees/6614/chirality/projects/chirality-piping/node_modules/jsdom/lib/jsdom/living/generated/HTMLCanvasElement.js:131:58)
    at getContext (file:///Users/ryan/.codex/worktrees/6614/chirality/projects/chirality-piping/node_modules/three/build/three.module.js:15443:18)
    at new WebGLRenderer (file:///Users/ryan/.codex/worktrees/6614/chirality/projects/chirality-piping/node_modules/three/build/three.module.js:15472:11)
    at new ViewportResource (/private/tmp/piping-engine-integration-20260925/projects/chirality-piping/apps/desktop/src/features/viewport/viewportResource.ts:509:21)
    at /private/tmp/piping-engine-integration-20260925/projects/chirality-piping/apps/desktop/src/features/viewport/PipeViewport.tsx:909:18
    at Object.react_stack_bottom_frame (/Users/ryan/.codex/worktrees/6614/chirality/projects/chirality-piping/node_modules/react-dom/cjs/react-dom-client.development.js:25989:20)
    at runWithFiberInDEV (/Users/ryan/.codex/worktrees/6614/chirality/projects/chirality-piping/node_modules/react-dom/cjs/react-dom-client.development.js:874:13)
    at commitHookEffectListMount (/Users/ryan/.codex/worktrees/6614/chirality/projects/chirality-piping/node_modules/react-dom/cjs/react-dom-client.development.js:13249:29) undefined
Error: Not implemented: HTMLCanvasElement.prototype.getContext (without installing the canvas npm package)
    at module.exports (/Users/ryan/.codex/worktrees/6614/chirality/projects/chirality-piping/node_modules/jsdom/lib/jsdom/browser/not-implemented.js:9:17)
    at HTMLCanvasElementImpl.getContext (/Users/ryan/.codex/worktrees/6614/chirality/projects/chirality-piping/node_modules/jsdom/lib/jsdom/living/nodes/HTMLCanvasElement-impl.js:42:5)
    at HTMLCanvasElement.getContext (/Users/ryan/.codex/worktrees/6614/chirality/projects/chirality-piping/node_modules/jsdom/lib/jsdom/living/generated/HTMLCanvasElement.js:131:58)
    at getContext (file:///Users/ryan/.codex/worktrees/6614/chirality/projects/chirality-piping/node_modules/three/build/three.module.js:15443:18)
    at new WebGLRenderer (file:///Users/ryan/.codex/worktrees/6614/chirality/projects/chirality-piping/node_modules/three/build/three.module.js:15476:11)
    at new ViewportResource (/private/tmp/piping-engine-integration-20260925/projects/chirality-piping/apps/desktop/src/features/viewport/viewportResource.ts:509:21)
    at /private/tmp/piping-engine-integration-20260925/projects/chirality-piping/apps/desktop/src/features/viewport/PipeViewport.tsx:909:18
    at Object.react_stack_bottom_frame (/Users/ryan/.codex/worktrees/6614/chirality/projects/chirality-piping/node_modules/react-dom/cjs/react-dom-client.development.js:25989:20)
    at runWithFiberInDEV (/Users/ryan/.codex/worktrees/6614/chirality/projects/chirality-piping/node_modules/react-dom/cjs/react-dom-client.development.js:874:13)
    at commitHookEffectListMount (/Users/ryan/.codex/worktrees/6614/chirality/projects/chirality-piping/node_modules/react-dom/cjs/react-dom-client.development.js:13249:29) undefined
Error: Not implemented: HTMLCanvasElement.prototype.getContext (without installing the canvas npm package)
    at module.exports (/Users/ryan/.codex/worktrees/6614/chirality/projects/chirality-piping/node_modules/jsdom/lib/jsdom/browser/not-implemented.js:9:17)
    at HTMLCanvasElementImpl.getContext (/Users/ryan/.codex/worktrees/6614/chirality/projects/chirality-piping/node_modules/jsdom/lib/jsdom/living/nodes/HTMLCanvasElement-impl.js:42:5)
    at HTMLCanvasElement.getContext (/Users/ryan/.codex/worktrees/6614/chirality/projects/chirality-piping/node_modules/jsdom/lib/jsdom/living/generated/HTMLCanvasElement.js:131:58)
    at getContext (file:///Users/ryan/.codex/worktrees/6614/chirality/projects/chirality-piping/node_modules/three/build/three.module.js:15443:18)
    at new WebGLRenderer (file:///Users/ryan/.codex/worktrees/6614/chirality/projects/chirality-piping/node_modules/three/build/three.module.js:15472:11)
    at new ViewportResource (/private/tmp/piping-engine-integration-20260925/projects/chirality-piping/apps/desktop/src/features/viewport/viewportResource.ts:509:21)
    at /private/tmp/piping-engine-integration-20260925/projects/chirality-piping/apps/desktop/src/features/viewport/PipeViewport.tsx:909:18
    at Object.react_stack_bottom_frame (/Users/ryan/.codex/worktrees/6614/chirality/projects/chirality-piping/node_modules/react-dom/cjs/react-dom-client.development.js:25989:20)
    at runWithFiberInDEV (/Users/ryan/.codex/worktrees/6614/chirality/projects/chirality-piping/node_modules/react-dom/cjs/react-dom-client.development.js:874:13)
    at commitHookEffectListMount (/Users/ryan/.codex/worktrees/6614/chirality/projects/chirality-piping/node_modules/react-dom/cjs/react-dom-client.development.js:13249:29) undefined
Error: Not implemented: HTMLCanvasElement.prototype.getContext (without installing the canvas npm package)
    at module.exports (/Users/ryan/.codex/worktrees/6614/chirality/projects/chirality-piping/node_modules/jsdom/lib/jsdom/browser/not-implemented.js:9:17)
    at HTMLCanvasElementImpl.getContext (/Users/ryan/.codex/worktrees/6614/chirality/projects/chirality-piping/node_modules/jsdom/lib/jsdom/living/nodes/HTMLCanvasElement-impl.js:42:5)
    at HTMLCanvasElement.getContext (/Users/ryan/.codex/worktrees/6614/chirality/projects/chirality-piping/node_modules/jsdom/lib/jsdom/living/generated/HTMLCanvasElement.js:131:58)
    at getContext (file:///Users/ryan/.codex/worktrees/6614/chirality/projects/chirality-piping/node_modules/three/build/three.module.js:15443:18)
    at new WebGLRenderer (file:///Users/ryan/.codex/worktrees/6614/chirality/projects/chirality-piping/node_modules/three/build/three.module.js:15476:11)
    at new ViewportResource (/private/tmp/piping-engine-integration-20260925/projects/chirality-piping/apps/desktop/src/features/viewport/viewportResource.ts:509:21)
    at /private/tmp/piping-engine-integration-20260925/projects/chirality-piping/apps/desktop/src/features/viewport/PipeViewport.tsx:909:18
    at Object.react_stack_bottom_frame (/Users/ryan/.codex/worktrees/6614/chirality/projects/chirality-piping/node_modules/react-dom/cjs/react-dom-client.development.js:25989:20)
    at runWithFiberInDEV (/Users/ryan/.codex/worktrees/6614/chirality/projects/chirality-piping/node_modules/react-dom/cjs/react-dom-client.development.js:874:13)
    at commitHookEffectListMount (/Users/ryan/.codex/worktrees/6614/chirality/projects/chirality-piping/node_modules/react-dom/cjs/react-dom-client.development.js:13249:29) undefined
Error: Not implemented: HTMLCanvasElement.prototype.getContext (without installing the canvas npm package)
    at module.exports (/Users/ryan/.codex/worktrees/6614/chirality/projects/chirality-piping/node_modules/jsdom/lib/jsdom/browser/not-implemented.js:9:17)
    at HTMLCanvasElementImpl.getContext (/Users/ryan/.codex/worktrees/6614/chirality/projects/chirality-piping/node_modules/jsdom/lib/jsdom/living/nodes/HTMLCanvasElement-impl.js:42:5)
    at HTMLCanvasElement.getContext (/Users/ryan/.codex/worktrees/6614/chirality/projects/chirality-piping/node_modules/jsdom/lib/jsdom/living/generated/HTMLCanvasElement.js:131:58)
    at getContext (file:///Users/ryan/.codex/worktrees/6614/chirality/projects/chirality-piping/node_modules/three/build/three.module.js:15443:18)
    at new WebGLRenderer (file:///Users/ryan/.codex/worktrees/6614/chirality/projects/chirality-piping/node_modules/three/build/three.module.js:15472:11)
    at new ViewportResource (/private/tmp/piping-engine-integration-20260925/projects/chirality-piping/apps/desktop/src/features/viewport/viewportResource.ts:509:21)
    at /private/tmp/piping-engine-integration-20260925/projects/chirality-piping/apps/desktop/src/features/viewport/PipeViewport.tsx:909:18
    at Object.react_stack_bottom_frame (/Users/ryan/.codex/worktrees/6614/chirality/projects/chirality-piping/node_modules/react-dom/cjs/react-dom-client.development.js:25989:20)
    at runWithFiberInDEV (/Users/ryan/.codex/worktrees/6614/chirality/projects/chirality-piping/node_modules/react-dom/cjs/react-dom-client.development.js:874:13)
    at commitHookEffectListMount (/Users/ryan/.codex/worktrees/6614/chirality/projects/chirality-piping/node_modules/react-dom/cjs/react-dom-client.development.js:13249:29) undefined
Error: Not implemented: HTMLCanvasElement.prototype.getContext (without installing the canvas npm package)
    at module.exports (/Users/ryan/.codex/worktrees/6614/chirality/projects/chirality-piping/node_modules/jsdom/lib/jsdom/browser/not-implemented.js:9:17)
    at HTMLCanvasElementImpl.getContext (/Users/ryan/.codex/worktrees/6614/chirality/projects/chirality-piping/node_modules/jsdom/lib/jsdom/living/nodes/HTMLCanvasElement-impl.js:42:5)
    at HTMLCanvasElement.getContext (/Users/ryan/.codex/worktrees/6614/chirality/projects/chirality-piping/node_modules/jsdom/lib/jsdom/living/generated/HTMLCanvasElement.js:131:58)
    at getContext (file:///Users/ryan/.codex/worktrees/6614/chirality/projects/chirality-piping/node_modules/three/build/three.module.js:15443:18)
    at new WebGLRenderer (file:///Users/ryan/.codex/worktrees/6614/chirality/projects/chirality-piping/node_modules/three/build/three.module.js:15476:11)
    at new ViewportResource (/private/tmp/piping-engine-integration-20260925/projects/chirality-piping/apps/desktop/src/features/viewport/viewportResource.ts:509:21)
    at /private/tmp/piping-engine-integration-20260925/projects/chirality-piping/apps/desktop/src/features/viewport/PipeViewport.tsx:909:18
    at Object.react_stack_bottom_frame (/Users/ryan/.codex/worktrees/6614/chirality/projects/chirality-piping/node_modules/react-dom/cjs/react-dom-client.development.js:25989:20)
    at runWithFiberInDEV (/Users/ryan/.codex/worktrees/6614/chirality/projects/chirality-piping/node_modules/react-dom/cjs/react-dom-client.development.js:874:13)
    at commitHookEffectListMount (/Users/ryan/.codex/worktrees/6614/chirality/projects/chirality-piping/node_modules/react-dom/cjs/react-dom-client.development.js:13249:29) undefined
Error: Not implemented: HTMLCanvasElement.prototype.getContext (without installing the canvas npm package)
    at module.exports (/Users/ryan/.codex/worktrees/6614/chirality/projects/chirality-piping/node_modules/jsdom/lib/jsdom/browser/not-implemented.js:9:17)
    at HTMLCanvasElementImpl.getContext (/Users/ryan/.codex/worktrees/6614/chirality/projects/chirality-piping/node_modules/jsdom/lib/jsdom/living/nodes/HTMLCanvasElement-impl.js:42:5)
    at HTMLCanvasElement.getContext (/Users/ryan/.codex/worktrees/6614/chirality/projects/chirality-piping/node_modules/jsdom/lib/jsdom/living/generated/HTMLCanvasElement.js:131:58)
    at getContext (file:///Users/ryan/.codex/worktrees/6614/chirality/projects/chirality-piping/node_modules/three/build/three.module.js:15443:18)
    at new WebGLRenderer (file:///Users/ryan/.codex/worktrees/6614/chirality/projects/chirality-piping/node_modules/three/build/three.module.js:15472:11)
    at new ViewportResource (/private/tmp/piping-engine-integration-20260925/projects/chirality-piping/apps/desktop/src/features/viewport/viewportResource.ts:509:21)
    at /private/tmp/piping-engine-integration-20260925/projects/chirality-piping/apps/desktop/src/features/viewport/PipeViewport.tsx:909:18
    at Object.react_stack_bottom_frame (/Users/ryan/.codex/worktrees/6614/chirality/projects/chirality-piping/node_modules/react-dom/cjs/react-dom-client.development.js:25989:20)
    at runWithFiberInDEV (/Users/ryan/.codex/worktrees/6614/chirality/projects/chirality-piping/node_modules/react-dom/cjs/react-dom-client.development.js:874:13)
    at commitHookEffectListMount (/Users/ryan/.codex/worktrees/6614/chirality/projects/chirality-piping/node_modules/react-dom/cjs/react-dom-client.development.js:13249:29) undefined
Error: Not implemented: HTMLCanvasElement.prototype.getContext (without installing the canvas npm package)
    at module.exports (/Users/ryan/.codex/worktrees/6614/chirality/projects/chirality-piping/node_modules/jsdom/lib/jsdom/browser/not-implemented.js:9:17)
    at HTMLCanvasElementImpl.getContext (/Users/ryan/.codex/worktrees/6614/chirality/projects/chirality-piping/node_modules/jsdom/lib/jsdom/living/nodes/HTMLCanvasElement-impl.js:42:5)
    at HTMLCanvasElement.getContext (/Users/ryan/.codex/worktrees/6614/chirality/projects/chirality-piping/node_modules/jsdom/lib/jsdom/living/generated/HTMLCanvasElement.js:131:58)
    at getContext (file:///Users/ryan/.codex/worktrees/6614/chirality/projects/chirality-piping/node_modules/three/build/three.module.js:15443:18)
    at new WebGLRenderer (file:///Users/ryan/.codex/worktrees/6614/chirality/projects/chirality-piping/node_modules/three/build/three.module.js:15476:11)
    at new ViewportResource (/private/tmp/piping-engine-integration-20260925/projects/chirality-piping/apps/desktop/src/features/viewport/viewportResource.ts:509:21)
    at /private/tmp/piping-engine-integration-20260925/projects/chirality-piping/apps/desktop/src/features/viewport/PipeViewport.tsx:909:18
    at Object.react_stack_bottom_frame (/Users/ryan/.codex/worktrees/6614/chirality/projects/chirality-piping/node_modules/react-dom/cjs/react-dom-client.development.js:25989:20)
    at runWithFiberInDEV (/Users/ryan/.codex/worktrees/6614/chirality/projects/chirality-piping/node_modules/react-dom/cjs/react-dom-client.development.js:874:13)
    at commitHookEffectListMount (/Users/ryan/.codex/worktrees/6614/chirality/projects/chirality-piping/node_modules/react-dom/cjs/react-dom-client.development.js:13249:29) undefined
Error: Not implemented: HTMLCanvasElement.prototype.getContext (without installing the canvas npm package)
    at module.exports (/Users/ryan/.codex/worktrees/6614/chirality/projects/chirality-piping/node_modules/jsdom/lib/jsdom/browser/not-implemented.js:9:17)
    at HTMLCanvasElementImpl.getContext (/Users/ryan/.codex/worktrees/6614/chirality/projects/chirality-piping/node_modules/jsdom/lib/jsdom/living/nodes/HTMLCanvasElement-impl.js:42:5)
    at HTMLCanvasElement.getContext (/Users/ryan/.codex/worktrees/6614/chirality/projects/chirality-piping/node_modules/jsdom/lib/jsdom/living/generated/HTMLCanvasElement.js:131:58)
    at getContext (file:///Users/ryan/.codex/worktrees/6614/chirality/projects/chirality-piping/node_modules/three/build/three.module.js:15443:18)
    at new WebGLRenderer (file:///Users/ryan/.codex/worktrees/6614/chirality/projects/chirality-piping/node_modules/three/build/three.module.js:15472:11)
    at new ViewportResource (/private/tmp/piping-engine-integration-20260925/projects/chirality-piping/apps/desktop/src/features/viewport/viewportResource.ts:509:21)
    at /private/tmp/piping-engine-integration-20260925/projects/chirality-piping/apps/desktop/src/features/viewport/PipeViewport.tsx:909:18
    at Object.react_stack_bottom_frame (/Users/ryan/.codex/worktrees/6614/chirality/projects/chirality-piping/node_modules/react-dom/cjs/react-dom-client.development.js:25989:20)
    at runWithFiberInDEV (/Users/ryan/.codex/worktrees/6614/chirality/projects/chirality-piping/node_modules/react-dom/cjs/react-dom-client.development.js:874:13)
    at commitHookEffectListMount (/Users/ryan/.codex/worktrees/6614/chirality/projects/chirality-piping/node_modules/react-dom/cjs/react-dom-client.development.js:13249:29) undefined
Error: Not implemented: HTMLCanvasElement.prototype.getContext (without installing the canvas npm package)
    at module.exports (/Users/ryan/.codex/worktrees/6614/chirality/projects/chirality-piping/node_modules/jsdom/lib/jsdom/browser/not-implemented.js:9:17)
    at HTMLCanvasElementImpl.getContext (/Users/ryan/.codex/worktrees/6614/chirality/projects/chirality-piping/node_modules/jsdom/lib/jsdom/living/nodes/HTMLCanvasElement-impl.js:42:5)
    at HTMLCanvasElement.getContext (/Users/ryan/.codex/worktrees/6614/chirality/projects/chirality-piping/node_modules/jsdom/lib/jsdom/living/generated/HTMLCanvasElement.js:131:58)
    at getContext (file:///Users/ryan/.codex/worktrees/6614/chirality/projects/chirality-piping/node_modules/three/build/three.module.js:15443:18)
    at new WebGLRenderer (file:///Users/ryan/.codex/worktrees/6614/chirality/projects/chirality-piping/node_modules/three/build/three.module.js:15476:11)
    at new ViewportResource (/private/tmp/piping-engine-integration-20260925/projects/chirality-piping/apps/desktop/src/features/viewport/viewportResource.ts:509:21)
    at /private/tmp/piping-engine-integration-20260925/projects/chirality-piping/apps/desktop/src/features/viewport/PipeViewport.tsx:909:18
    at Object.react_stack_bottom_frame (/Users/ryan/.codex/worktrees/6614/chirality/projects/chirality-piping/node_modules/react-dom/cjs/react-dom-client.development.js:25989:20)
    at runWithFiberInDEV (/Users/ryan/.codex/worktrees/6614/chirality/projects/chirality-piping/node_modules/react-dom/cjs/react-dom-client.development.js:874:13)
    at commitHookEffectListMount (/Users/ryan/.codex/worktrees/6614/chirality/projects/chirality-piping/node_modules/react-dom/cjs/react-dom-client.development.js:13249:29) undefined
Error: Not implemented: HTMLCanvasElement.prototype.getContext (without installing the canvas npm package)
    at module.exports (/Users/ryan/.codex/worktrees/6614/chirality/projects/chirality-piping/node_modules/jsdom/lib/jsdom/browser/not-implemented.js:9:17)
    at HTMLCanvasElementImpl.getContext (/Users/ryan/.codex/worktrees/6614/chirality/projects/chirality-piping/node_modules/jsdom/lib/jsdom/living/nodes/HTMLCanvasElement-impl.js:42:5)
    at HTMLCanvasElement.getContext (/Users/ryan/.codex/worktrees/6614/chirality/projects/chirality-piping/node_modules/jsdom/lib/jsdom/living/generated/HTMLCanvasElement.js:131:58)
    at getContext (file:///Users/ryan/.codex/worktrees/6614/chirality/projects/chirality-piping/node_modules/three/build/three.module.js:15443:18)
    at new WebGLRenderer (file:///Users/ryan/.codex/worktrees/6614/chirality/projects/chirality-piping/node_modules/three/build/three.module.js:15472:11)
    at new ViewportResource (/private/tmp/piping-engine-integration-20260925/projects/chirality-piping/apps/desktop/src/features/viewport/viewportResource.ts:509:21)
    at /private/tmp/piping-engine-integration-20260925/projects/chirality-piping/apps/desktop/src/features/viewport/PipeViewport.tsx:909:18
    at Object.react_stack_bottom_frame (/Users/ryan/.codex/worktrees/6614/chirality/projects/chirality-piping/node_modules/react-dom/cjs/react-dom-client.development.js:25989:20)
    at runWithFiberInDEV (/Users/ryan/.codex/worktrees/6614/chirality/projects/chirality-piping/node_modules/react-dom/cjs/react-dom-client.development.js:874:13)
    at commitHookEffectListMount (/Users/ryan/.codex/worktrees/6614/chirality/projects/chirality-piping/node_modules/react-dom/cjs/react-dom-client.development.js:13249:29) undefined
Error: Not implemented: HTMLCanvasElement.prototype.getContext (without installing the canvas npm package)
    at module.exports (/Users/ryan/.codex/worktrees/6614/chirality/projects/chirality-piping/node_modules/jsdom/lib/jsdom/browser/not-implemented.js:9:17)
    at HTMLCanvasElementImpl.getContext (/Users/ryan/.codex/worktrees/6614/chirality/projects/chirality-piping/node_modules/jsdom/lib/jsdom/living/nodes/HTMLCanvasElement-impl.js:42:5)
    at HTMLCanvasElement.getContext (/Users/ryan/.codex/worktrees/6614/chirality/projects/chirality-piping/node_modules/jsdom/lib/jsdom/living/generated/HTMLCanvasElement.js:131:58)
    at getContext (file:///Users/ryan/.codex/worktrees/6614/chirality/projects/chirality-piping/node_modules/three/build/three.module.js:15443:18)
    at new WebGLRenderer (file:///Users/ryan/.codex/worktrees/6614/chirality/projects/chirality-piping/node_modules/three/build/three.module.js:15476:11)
    at new ViewportResource (/private/tmp/piping-engine-integration-20260925/projects/chirality-piping/apps/desktop/src/features/viewport/viewportResource.ts:509:21)
    at /private/tmp/piping-engine-integration-20260925/projects/chirality-piping/apps/desktop/src/features/viewport/PipeViewport.tsx:909:18
    at Object.react_stack_bottom_frame (/Users/ryan/.codex/worktrees/6614/chirality/projects/chirality-piping/node_modules/react-dom/cjs/react-dom-client.development.js:25989:20)
    at runWithFiberInDEV (/Users/ryan/.codex/worktrees/6614/chirality/projects/chirality-piping/node_modules/react-dom/cjs/react-dom-client.development.js:874:13)
    at commitHookEffectListMount (/Users/ryan/.codex/worktrees/6614/chirality/projects/chirality-piping/node_modules/react-dom/cjs/react-dom-client.development.js:13249:29) undefined
Error: Not implemented: HTMLCanvasElement.prototype.getContext (without installing the canvas npm package)
    at module.exports (/Users/ryan/.codex/worktrees/6614/chirality/projects/chirality-piping/node_modules/jsdom/lib/jsdom/browser/not-implemented.js:9:17)
    at HTMLCanvasElementImpl.getContext (/Users/ryan/.codex/worktrees/6614/chirality/projects/chirality-piping/node_modules/jsdom/lib/jsdom/living/nodes/HTMLCanvasElement-impl.js:42:5)
    at HTMLCanvasElement.getContext (/Users/ryan/.codex/worktrees/6614/chirality/projects/chirality-piping/node_modules/jsdom/lib/jsdom/living/generated/HTMLCanvasElement.js:131:58)
    at getContext (file:///Users/ryan/.codex/worktrees/6614/chirality/projects/chirality-piping/node_modules/three/build/three.module.js:15443:18)
    at new WebGLRenderer (file:///Users/ryan/.codex/worktrees/6614/chirality/projects/chirality-piping/node_modules/three/build/three.module.js:15472:11)
    at new ViewportResource (/private/tmp/piping-engine-integration-20260925/projects/chirality-piping/apps/desktop/src/features/viewport/viewportResource.ts:509:21)
    at /private/tmp/piping-engine-integration-20260925/projects/chirality-piping/apps/desktop/src/features/viewport/PipeViewport.tsx:909:18
    at Object.react_stack_bottom_frame (/Users/ryan/.codex/worktrees/6614/chirality/projects/chirality-piping/node_modules/react-dom/cjs/react-dom-client.development.js:25989:20)
    at runWithFiberInDEV (/Users/ryan/.codex/worktrees/6614/chirality/projects/chirality-piping/node_modules/react-dom/cjs/react-dom-client.development.js:874:13)
    at commitHookEffectListMount (/Users/ryan/.codex/worktrees/6614/chirality/projects/chirality-piping/node_modules/react-dom/cjs/react-dom-client.development.js:13249:29) undefined
Error: Not implemented: HTMLCanvasElement.prototype.getContext (without installing the canvas npm package)
    at module.exports (/Users/ryan/.codex/worktrees/6614/chirality/projects/chirality-piping/node_modules/jsdom/lib/jsdom/browser/not-implemented.js:9:17)
    at HTMLCanvasElementImpl.getContext (/Users/ryan/.codex/worktrees/6614/chirality/projects/chirality-piping/node_modules/jsdom/lib/jsdom/living/nodes/HTMLCanvasElement-impl.js:42:5)
    at HTMLCanvasElement.getContext (/Users/ryan/.codex/worktrees/6614/chirality/projects/chirality-piping/node_modules/jsdom/lib/jsdom/living/generated/HTMLCanvasElement.js:131:58)
    at getContext (file:///Users/ryan/.codex/worktrees/6614/chirality/projects/chirality-piping/node_modules/three/build/three.module.js:15443:18)
    at new WebGLRenderer (file:///Users/ryan/.codex/worktrees/6614/chirality/projects/chirality-piping/node_modules/three/build/three.module.js:15476:11)
    at new ViewportResource (/private/tmp/piping-engine-integration-20260925/projects/chirality-piping/apps/desktop/src/features/viewport/viewportResource.ts:509:21)
    at /private/tmp/piping-engine-integration-20260925/projects/chirality-piping/apps/desktop/src/features/viewport/PipeViewport.tsx:909:18
    at Object.react_stack_bottom_frame (/Users/ryan/.codex/worktrees/6614/chirality/projects/chirality-piping/node_modules/react-dom/cjs/react-dom-client.development.js:25989:20)
    at runWithFiberInDEV (/Users/ryan/.codex/worktrees/6614/chirality/projects/chirality-piping/node_modules/react-dom/cjs/react-dom-client.development.js:874:13)
    at commitHookEffectListMount (/Users/ryan/.codex/worktrees/6614/chirality/projects/chirality-piping/node_modules/react-dom/cjs/react-dom-client.development.js:13249:29) undefined
Error: Not implemented: HTMLCanvasElement.prototype.getContext (without installing the canvas npm package)
    at module.exports (/Users/ryan/.codex/worktrees/6614/chirality/projects/chirality-piping/node_modules/jsdom/lib/jsdom/browser/not-implemented.js:9:17)
    at HTMLCanvasElementImpl.getContext (/Users/ryan/.codex/worktrees/6614/chirality/projects/chirality-piping/node_modules/jsdom/lib/jsdom/living/nodes/HTMLCanvasElement-impl.js:42:5)
    at HTMLCanvasElement.getContext (/Users/ryan/.codex/worktrees/6614/chirality/projects/chirality-piping/node_modules/jsdom/lib/jsdom/living/generated/HTMLCanvasElement.js:131:58)
    at getContext (file:///Users/ryan/.codex/worktrees/6614/chirality/projects/chirality-piping/node_modules/three/build/three.module.js:15443:18)
    at new WebGLRenderer (file:///Users/ryan/.codex/worktrees/6614/chirality/projects/chirality-piping/node_modules/three/build/three.module.js:15472:11)
    at new ViewportResource (/private/tmp/piping-engine-integration-20260925/projects/chirality-piping/apps/desktop/src/features/viewport/viewportResource.ts:509:21)
    at /private/tmp/piping-engine-integration-20260925/projects/chirality-piping/apps/desktop/src/features/viewport/PipeViewport.tsx:909:18
    at Object.react_stack_bottom_frame (/Users/ryan/.codex/worktrees/6614/chirality/projects/chirality-piping/node_modules/react-dom/cjs/react-dom-client.development.js:25989:20)
    at runWithFiberInDEV (/Users/ryan/.codex/worktrees/6614/chirality/projects/chirality-piping/node_modules/react-dom/cjs/react-dom-client.development.js:874:13)
    at commitHookEffectListMount (/Users/ryan/.codex/worktrees/6614/chirality/projects/chirality-piping/node_modules/react-dom/cjs/react-dom-client.development.js:13249:29) undefined
Error: Not implemented: HTMLCanvasElement.prototype.getContext (without installing the canvas npm package)
    at module.exports (/Users/ryan/.codex/worktrees/6614/chirality/projects/chirality-piping/node_modules/jsdom/lib/jsdom/browser/not-implemented.js:9:17)
    at HTMLCanvasElementImpl.getContext (/Users/ryan/.codex/worktrees/6614/chirality/projects/chirality-piping/node_modules/jsdom/lib/jsdom/living/nodes/HTMLCanvasElement-impl.js:42:5)
    at HTMLCanvasElement.getContext (/Users/ryan/.codex/worktrees/6614/chirality/projects/chirality-piping/node_modules/jsdom/lib/jsdom/living/generated/HTMLCanvasElement.js:131:58)
    at getContext (file:///Users/ryan/.codex/worktrees/6614/chirality/projects/chirality-piping/node_modules/three/build/three.module.js:15443:18)
    at new WebGLRenderer (file:///Users/ryan/.codex/worktrees/6614/chirality/projects/chirality-piping/node_modules/three/build/three.module.js:15476:11)
    at new ViewportResource (/private/tmp/piping-engine-integration-20260925/projects/chirality-piping/apps/desktop/src/features/viewport/viewportResource.ts:509:21)
    at /private/tmp/piping-engine-integration-20260925/projects/chirality-piping/apps/desktop/src/features/viewport/PipeViewport.tsx:909:18
    at Object.react_stack_bottom_frame (/Users/ryan/.codex/worktrees/6614/chirality/projects/chirality-piping/node_modules/react-dom/cjs/react-dom-client.development.js:25989:20)
    at runWithFiberInDEV (/Users/ryan/.codex/worktrees/6614/chirality/projects/chirality-piping/node_modules/react-dom/cjs/react-dom-client.development.js:874:13)
    at commitHookEffectListMount (/Users/ryan/.codex/worktrees/6614/chirality/projects/chirality-piping/node_modules/react-dom/cjs/react-dom-client.development.js:13249:29) undefined
Error: Not implemented: HTMLCanvasElement.prototype.getContext (without installing the canvas npm package)
    at module.exports (/Users/ryan/.codex/worktrees/6614/chirality/projects/chirality-piping/node_modules/jsdom/lib/jsdom/browser/not-implemented.js:9:17)
    at HTMLCanvasElementImpl.getContext (/Users/ryan/.codex/worktrees/6614/chirality/projects/chirality-piping/node_modules/jsdom/lib/jsdom/living/nodes/HTMLCanvasElement-impl.js:42:5)
    at HTMLCanvasElement.getContext (/Users/ryan/.codex/worktrees/6614/chirality/projects/chirality-piping/node_modules/jsdom/lib/jsdom/living/generated/HTMLCanvasElement.js:131:58)
    at getContext (file:///Users/ryan/.codex/worktrees/6614/chirality/projects/chirality-piping/node_modules/three/build/three.module.js:15443:18)
    at new WebGLRenderer (file:///Users/ryan/.codex/worktrees/6614/chirality/projects/chirality-piping/node_modules/three/build/three.module.js:15472:11)
    at new ViewportResource (/private/tmp/piping-engine-integration-20260925/projects/chirality-piping/apps/desktop/src/features/viewport/viewportResource.ts:509:21)
    at /private/tmp/piping-engine-integration-20260925/projects/chirality-piping/apps/desktop/src/features/viewport/PipeViewport.tsx:909:18
    at Object.react_stack_bottom_frame (/Users/ryan/.codex/worktrees/6614/chirality/projects/chirality-piping/node_modules/react-dom/cjs/react-dom-client.development.js:25989:20)
    at runWithFiberInDEV (/Users/ryan/.codex/worktrees/6614/chirality/projects/chirality-piping/node_modules/react-dom/cjs/react-dom-client.development.js:874:13)
    at commitHookEffectListMount (/Users/ryan/.codex/worktrees/6614/chirality/projects/chirality-piping/node_modules/react-dom/cjs/react-dom-client.development.js:13249:29) undefined
Error: Not implemented: HTMLCanvasElement.prototype.getContext (without installing the canvas npm package)
    at module.exports (/Users/ryan/.codex/worktrees/6614/chirality/projects/chirality-piping/node_modules/jsdom/lib/jsdom/browser/not-implemented.js:9:17)
    at HTMLCanvasElementImpl.getContext (/Users/ryan/.codex/worktrees/6614/chirality/projects/chirality-piping/node_modules/jsdom/lib/jsdom/living/nodes/HTMLCanvasElement-impl.js:42:5)
    at HTMLCanvasElement.getContext (/Users/ryan/.codex/worktrees/6614/chirality/projects/chirality-piping/node_modules/jsdom/lib/jsdom/living/generated/HTMLCanvasElement.js:131:58)
    at getContext (file:///Users/ryan/.codex/worktrees/6614/chirality/projects/chirality-piping/node_modules/three/build/three.module.js:15443:18)
    at new WebGLRenderer (file:///Users/ryan/.codex/worktrees/6614/chirality/projects/chirality-piping/node_modules/three/build/three.module.js:15476:11)
    at new ViewportResource (/private/tmp/piping-engine-integration-20260925/projects/chirality-piping/apps/desktop/src/features/viewport/viewportResource.ts:509:21)
    at /private/tmp/piping-engine-integration-20260925/projects/chirality-piping/apps/desktop/src/features/viewport/PipeViewport.tsx:909:18
    at Object.react_stack_bottom_frame (/Users/ryan/.codex/worktrees/6614/chirality/projects/chirality-piping/node_modules/react-dom/cjs/react-dom-client.development.js:25989:20)
    at runWithFiberInDEV (/Users/ryan/.codex/worktrees/6614/chirality/projects/chirality-piping/node_modules/react-dom/cjs/react-dom-client.development.js:874:13)
    at commitHookEffectListMount (/Users/ryan/.codex/worktrees/6614/chirality/projects/chirality-piping/node_modules/react-dom/cjs/react-dom-client.development.js:13249:29) undefined
 ❯ src/App.projectHandlers.test.tsx (40 tests | 1 failed) 18911ms
     × lets an in-flight rule-check revision land when an open finds nothing 1005ms
Error: Not implemented: HTMLCanvasElement.prototype.getContext (without installing the canvas npm package)
    at module.exports (/Users/ryan/.codex/worktrees/6614/chirality/projects/chirality-piping/node_modules/jsdom/lib/jsdom/browser/not-implemented.js:9:17)
    at HTMLCanvasElementImpl.getContext (/Users/ryan/.codex/worktrees/6614/chirality/projects/chirality-piping/node_modules/jsdom/lib/jsdom/living/nodes/HTMLCanvasElement-impl.js:42:5)
    at HTMLCanvasElement.getContext (/Users/ryan/.codex/worktrees/6614/chirality/projects/chirality-piping/node_modules/jsdom/lib/jsdom/living/generated/HTMLCanvasElement.js:131:58)
    at getContext (file:///Users/ryan/.codex/worktrees/6614/chirality/projects/chirality-piping/node_modules/three/build/three.module.js:15443:18)
    at new WebGLRenderer (file:///Users/ryan/.codex/worktrees/6614/chirality/projects/chirality-piping/node_modules/three/build/three.module.js:15472:11)
    at new ViewportResource (/private/tmp/piping-engine-integration-20260925/projects/chirality-piping/apps/desktop/src/features/viewport/viewportResource.ts:509:21)
    at /private/tmp/piping-engine-integration-20260925/projects/chirality-piping/apps/desktop/src/features/viewport/PipeViewport.tsx:909:18
    at Object.react_stack_bottom_frame (/Users/ryan/.codex/worktrees/6614/chirality/projects/chirality-piping/node_modules/react-dom/cjs/react-dom-client.development.js:25989:20)
    at runWithFiberInDEV (/Users/ryan/.codex/worktrees/6614/chirality/projects/chirality-piping/node_modules/react-dom/cjs/react-dom-client.development.js:874:13)
    at commitHookEffectListMount (/Users/ryan/.codex/worktrees/6614/chirality/projects/chirality-piping/node_modules/react-dom/cjs/react-dom-client.development.js:13249:29) undefined
Error: Not implemented: HTMLCanvasElement.prototype.getContext (without installing the canvas npm package)
    at module.exports (/Users/ryan/.codex/worktrees/6614/chirality/projects/chirality-piping/node_modules/jsdom/lib/jsdom/browser/not-implemented.js:9:17)
    at HTMLCanvasElementImpl.getContext (/Users/ryan/.codex/worktrees/6614/chirality/projects/chirality-piping/node_modules/jsdom/lib/jsdom/living/nodes/HTMLCanvasElement-impl.js:42:5)
    at HTMLCanvasElement.getContext (/Users/ryan/.codex/worktrees/6614/chirality/projects/chirality-piping/node_modules/jsdom/lib/jsdom/living/generated/HTMLCanvasElement.js:131:58)
    at getContext (file:///Users/ryan/.codex/worktrees/6614/chirality/projects/chirality-piping/node_modules/three/build/three.module.js:15443:18)
    at new WebGLRenderer (file:///Users/ryan/.codex/worktrees/6614/chirality/projects/chirality-piping/node_modules/three/build/three.module.js:15476:11)
    at new ViewportResource (/private/tmp/piping-engine-integration-20260925/projects/chirality-piping/apps/desktop/src/features/viewport/viewportResource.ts:509:21)
    at /private/tmp/piping-engine-integration-20260925/projects/chirality-piping/apps/desktop/src/features/viewport/PipeViewport.tsx:909:18
    at Object.react_stack_bottom_frame (/Users/ryan/.codex/worktrees/6614/chirality/projects/chirality-piping/node_modules/react-dom/cjs/react-dom-client.development.js:25989:20)
    at runWithFiberInDEV (/Users/ryan/.codex/worktrees/6614/chirality/projects/chirality-piping/node_modules/react-dom/cjs/react-dom-client.development.js:874:13)
    at commitHookEffectListMount (/Users/ryan/.codex/worktrees/6614/chirality/projects/chirality-piping/node_modules/react-dom/cjs/react-dom-client.development.js:13249:29) undefined
Error: Not implemented: HTMLCanvasElement.prototype.getContext (without installing the canvas npm package)
    at module.exports (/Users/ryan/.codex/worktrees/6614/chirality/projects/chirality-piping/node_modules/jsdom/lib/jsdom/browser/not-implemented.js:9:17)
    at HTMLCanvasElementImpl.getContext (/Users/ryan/.codex/worktrees/6614/chirality/projects/chirality-piping/node_modules/jsdom/lib/jsdom/living/nodes/HTMLCanvasElement-impl.js:42:5)
    at HTMLCanvasElement.getContext (/Users/ryan/.codex/worktrees/6614/chirality/projects/chirality-piping/node_modules/jsdom/lib/jsdom/living/generated/HTMLCanvasElement.js:131:58)
    at getContext (file:///Users/ryan/.codex/worktrees/6614/chirality/projects/chirality-piping/node_modules/three/build/three.module.js:15443:18)
    at new WebGLRenderer (file:///Users/ryan/.codex/worktrees/6614/chirality/projects/chirality-piping/node_modules/three/build/three.module.js:15472:11)
    at new ViewportResource (/private/tmp/piping-engine-integration-20260925/projects/chirality-piping/apps/desktop/src/features/viewport/viewportResource.ts:509:21)
    at /private/tmp/piping-engine-integration-20260925/projects/chirality-piping/apps/desktop/src/features/viewport/PipeViewport.tsx:909:18
    at Object.react_stack_bottom_frame (/Users/ryan/.codex/worktrees/6614/chirality/projects/chirality-piping/node_modules/react-dom/cjs/react-dom-client.development.js:25989:20)
    at runWithFiberInDEV (/Users/ryan/.codex/worktrees/6614/chirality/projects/chirality-piping/node_modules/react-dom/cjs/react-dom-client.development.js:874:13)
    at commitHookEffectListMount (/Users/ryan/.codex/worktrees/6614/chirality/projects/chirality-piping/node_modules/react-dom/cjs/react-dom-client.development.js:13249:29) undefined
Error: Not implemented: HTMLCanvasElement.prototype.getContext (without installing the canvas npm package)
    at module.exports (/Users/ryan/.codex/worktrees/6614/chirality/projects/chirality-piping/node_modules/jsdom/lib/jsdom/browser/not-implemented.js:9:17)
    at HTMLCanvasElementImpl.getContext (/Users/ryan/.codex/worktrees/6614/chirality/projects/chirality-piping/node_modules/jsdom/lib/jsdom/living/nodes/HTMLCanvasElement-impl.js:42:5)
    at HTMLCanvasElement.getContext (/Users/ryan/.codex/worktrees/6614/chirality/projects/chirality-piping/node_modules/jsdom/lib/jsdom/living/generated/HTMLCanvasElement.js:131:58)
    at getContext (file:///Users/ryan/.codex/worktrees/6614/chirality/projects/chirality-piping/node_modules/three/build/three.module.js:15443:18)
    at new WebGLRenderer (file:///Users/ryan/.codex/worktrees/6614/chirality/projects/chirality-piping/node_modules/three/build/three.module.js:15476:11)
    at new ViewportResource (/private/tmp/piping-engine-integration-20260925/projects/chirality-piping/apps/desktop/src/features/viewport/viewportResource.ts:509:21)
    at /private/tmp/piping-engine-integration-20260925/projects/chirality-piping/apps/desktop/src/features/viewport/PipeViewport.tsx:909:18
    at Object.react_stack_bottom_frame (/Users/ryan/.codex/worktrees/6614/chirality/projects/chirality-piping/node_modules/react-dom/cjs/react-dom-client.development.js:25989:20)
    at runWithFiberInDEV (/Users/ryan/.codex/worktrees/6614/chirality/projects/chirality-piping/node_modules/react-dom/cjs/react-dom-client.development.js:874:13)
    at commitHookEffectListMount (/Users/ryan/.codex/worktrees/6614/chirality/projects/chirality-piping/node_modules/react-dom/cjs/react-dom-client.development.js:13249:29) undefined
Error: Not implemented: HTMLCanvasElement.prototype.getContext (without installing the canvas npm package)
    at module.exports (/Users/ryan/.codex/worktrees/6614/chirality/projects/chirality-piping/node_modules/jsdom/lib/jsdom/browser/not-implemented.js:9:17)
    at HTMLCanvasElementImpl.getContext (/Users/ryan/.codex/worktrees/6614/chirality/projects/chirality-piping/node_modules/jsdom/lib/jsdom/living/nodes/HTMLCanvasElement-impl.js:42:5)
    at HTMLCanvasElement.getContext (/Users/ryan/.codex/worktrees/6614/chirality/projects/chirality-piping/node_modules/jsdom/lib/jsdom/living/generated/HTMLCanvasElement.js:131:58)
    at getContext (file:///Users/ryan/.codex/worktrees/6614/chirality/projects/chirality-piping/node_modules/three/build/three.module.js:15443:18)
    at new WebGLRenderer (file:///Users/ryan/.codex/worktrees/6614/chirality/projects/chirality-piping/node_modules/three/build/three.module.js:15472:11)
    at new ViewportResource (/private/tmp/piping-engine-integration-20260925/projects/chirality-piping/apps/desktop/src/features/viewport/viewportResource.ts:509:21)
    at /private/tmp/piping-engine-integration-20260925/projects/chirality-piping/apps/desktop/src/features/viewport/PipeViewport.tsx:909:18
    at Object.react_stack_bottom_frame (/Users/ryan/.codex/worktrees/6614/chirality/projects/chirality-piping/node_modules/react-dom/cjs/react-dom-client.development.js:25989:20)
    at runWithFiberInDEV (/Users/ryan/.codex/worktrees/6614/chirality/projects/chirality-piping/node_modules/react-dom/cjs/react-dom-client.development.js:874:13)
    at commitHookEffectListMount (/Users/ryan/.codex/worktrees/6614/chirality/projects/chirality-piping/node_modules/react-dom/cjs/react-dom-client.development.js:13249:29) undefined
Error: Not implemented: HTMLCanvasElement.prototype.getContext (without installing the canvas npm package)
    at module.exports (/Users/ryan/.codex/worktrees/6614/chirality/projects/chirality-piping/node_modules/jsdom/lib/jsdom/browser/not-implemented.js:9:17)
    at HTMLCanvasElementImpl.getContext (/Users/ryan/.codex/worktrees/6614/chirality/projects/chirality-piping/node_modules/jsdom/lib/jsdom/living/nodes/HTMLCanvasElement-impl.js:42:5)
    at HTMLCanvasElement.getContext (/Users/ryan/.codex/worktrees/6614/chirality/projects/chirality-piping/node_modules/jsdom/lib/jsdom/living/generated/HTMLCanvasElement.js:131:58)
    at getContext (file:///Users/ryan/.codex/worktrees/6614/chirality/projects/chirality-piping/node_modules/three/build/three.module.js:15443:18)
    at new WebGLRenderer (file:///Users/ryan/.codex/worktrees/6614/chirality/projects/chirality-piping/node_modules/three/build/three.module.js:15476:11)
    at new ViewportResource (/private/tmp/piping-engine-integration-20260925/projects/chirality-piping/apps/desktop/src/features/viewport/viewportResource.ts:509:21)
    at /private/tmp/piping-engine-integration-20260925/projects/chirality-piping/apps/desktop/src/features/viewport/PipeViewport.tsx:909:18
    at Object.react_stack_bottom_frame (/Users/ryan/.codex/worktrees/6614/chirality/projects/chirality-piping/node_modules/react-dom/cjs/react-dom-client.development.js:25989:20)
    at runWithFiberInDEV (/Users/ryan/.codex/worktrees/6614/chirality/projects/chirality-piping/node_modules/react-dom/cjs/react-dom-client.development.js:874:13)
    at commitHookEffectListMount (/Users/ryan/.codex/worktrees/6614/chirality/projects/chirality-piping/node_modules/react-dom/cjs/react-dom-client.development.js:13249:29) undefined
Error: Not implemented: HTMLCanvasElement.prototype.getContext (without installing the canvas npm package)
    at module.exports (/Users/ryan/.codex/worktrees/6614/chirality/projects/chirality-piping/node_modules/jsdom/lib/jsdom/browser/not-implemented.js:9:17)
    at HTMLCanvasElementImpl.getContext (/Users/ryan/.codex/worktrees/6614/chirality/projects/chirality-piping/node_modules/jsdom/lib/jsdom/living/nodes/HTMLCanvasElement-impl.js:42:5)
    at HTMLCanvasElement.getContext (/Users/ryan/.codex/worktrees/6614/chirality/projects/chirality-piping/node_modules/jsdom/lib/jsdom/living/generated/HTMLCanvasElement.js:131:58)
    at getContext (file:///Users/ryan/.codex/worktrees/6614/chirality/projects/chirality-piping/node_modules/three/build/three.module.js:15443:18)
    at new WebGLRenderer (file:///Users/ryan/.codex/worktrees/6614/chirality/projects/chirality-piping/node_modules/three/build/three.module.js:15472:11)
    at new ViewportResource (/private/tmp/piping-engine-integration-20260925/projects/chirality-piping/apps/desktop/src/features/viewport/viewportResource.ts:509:21)
    at /private/tmp/piping-engine-integration-20260925/projects/chirality-piping/apps/desktop/src/features/viewport/PipeViewport.tsx:909:18
    at Object.react_stack_bottom_frame (/Users/ryan/.codex/worktrees/6614/chirality/projects/chirality-piping/node_modules/react-dom/cjs/react-dom-client.development.js:25989:20)
    at runWithFiberInDEV (/Users/ryan/.codex/worktrees/6614/chirality/projects/chirality-piping/node_modules/react-dom/cjs/react-dom-client.development.js:874:13)
    at commitHookEffectListMount (/Users/ryan/.codex/worktrees/6614/chirality/projects/chirality-piping/node_modules/react-dom/cjs/react-dom-client.development.js:13249:29) undefined
Error: Not implemented: HTMLCanvasElement.prototype.getContext (without installing the canvas npm package)
    at module.exports (/Users/ryan/.codex/worktrees/6614/chirality/projects/chirality-piping/node_modules/jsdom/lib/jsdom/browser/not-implemented.js:9:17)
    at HTMLCanvasElementImpl.getContext (/Users/ryan/.codex/worktrees/6614/chirality/projects/chirality-piping/node_modules/jsdom/lib/jsdom/living/nodes/HTMLCanvasElement-impl.js:42:5)
    at HTMLCanvasElement.getContext (/Users/ryan/.codex/worktrees/6614/chirality/projects/chirality-piping/node_modules/jsdom/lib/jsdom/living/generated/HTMLCanvasElement.js:131:58)
    at getContext (file:///Users/ryan/.codex/worktrees/6614/chirality/projects/chirality-piping/node_modules/three/build/three.module.js:15443:18)
    at new WebGLRenderer (file:///Users/ryan/.codex/worktrees/6614/chirality/projects/chirality-piping/node_modules/three/build/three.module.js:15476:11)
    at new ViewportResource (/private/tmp/piping-engine-integration-20260925/projects/chirality-piping/apps/desktop/src/features/viewport/viewportResource.ts:509:21)
    at /private/tmp/piping-engine-integration-20260925/projects/chirality-piping/apps/desktop/src/features/viewport/PipeViewport.tsx:909:18
    at Object.react_stack_bottom_frame (/Users/ryan/.codex/worktrees/6614/chirality/projects/chirality-piping/node_modules/react-dom/cjs/react-dom-client.development.js:25989:20)
    at runWithFiberInDEV (/Users/ryan/.codex/worktrees/6614/chirality/projects/chirality-piping/node_modules/react-dom/cjs/react-dom-client.development.js:874:13)
    at commitHookEffectListMount (/Users/ryan/.codex/worktrees/6614/chirality/projects/chirality-piping/node_modules/react-dom/cjs/react-dom-client.development.js:13249:29) undefined
Error: Not implemented: HTMLCanvasElement.prototype.getContext (without installing the canvas npm package)
    at module.exports (/Users/ryan/.codex/worktrees/6614/chirality/projects/chirality-piping/node_modules/jsdom/lib/jsdom/browser/not-implemented.js:9:17)
    at HTMLCanvasElementImpl.getContext (/Users/ryan/.codex/worktrees/6614/chirality/projects/chirality-piping/node_modules/jsdom/lib/jsdom/living/nodes/HTMLCanvasElement-impl.js:42:5)
    at HTMLCanvasElement.getContext (/Users/ryan/.codex/worktrees/6614/chirality/projects/chirality-piping/node_modules/jsdom/lib/jsdom/living/generated/HTMLCanvasElement.js:131:58)
    at getContext (file:///Users/ryan/.codex/worktrees/6614/chirality/projects/chirality-piping/node_modules/three/build/three.module.js:15443:18)
    at new WebGLRenderer (file:///Users/ryan/.codex/worktrees/6614/chirality/projects/chirality-piping/node_modules/three/build/three.module.js:15472:11)
    at new ViewportResource (/private/tmp/piping-engine-integration-20260925/projects/chirality-piping/apps/desktop/src/features/viewport/viewportResource.ts:509:21)
    at /private/tmp/piping-engine-integration-20260925/projects/chirality-piping/apps/desktop/src/features/viewport/PipeViewport.tsx:909:18
    at Object.react_stack_bottom_frame (/Users/ryan/.codex/worktrees/6614/chirality/projects/chirality-piping/node_modules/react-dom/cjs/react-dom-client.development.js:25989:20)
    at runWithFiberInDEV (/Users/ryan/.codex/worktrees/6614/chirality/projects/chirality-piping/node_modules/react-dom/cjs/react-dom-client.development.js:874:13)
    at commitHookEffectListMount (/Users/ryan/.codex/worktrees/6614/chirality/projects/chirality-piping/node_modules/react-dom/cjs/react-dom-client.development.js:13249:29) undefined
Error: Not implemented: HTMLCanvasElement.prototype.getContext (without installing the canvas npm package)
    at module.exports (/Users/ryan/.codex/worktrees/6614/chirality/projects/chirality-piping/node_modules/jsdom/lib/jsdom/browser/not-implemented.js:9:17)
    at HTMLCanvasElementImpl.getContext (/Users/ryan/.codex/worktrees/6614/chirality/projects/chirality-piping/node_modules/jsdom/lib/jsdom/living/nodes/HTMLCanvasElement-impl.js:42:5)
    at HTMLCanvasElement.getContext (/Users/ryan/.codex/worktrees/6614/chirality/projects/chirality-piping/node_modules/jsdom/lib/jsdom/living/generated/HTMLCanvasElement.js:131:58)
    at getContext (file:///Users/ryan/.codex/worktrees/6614/chirality/projects/chirality-piping/node_modules/three/build/three.module.js:15443:18)
    at new WebGLRenderer (file:///Users/ryan/.codex/worktrees/6614/chirality/projects/chirality-piping/node_modules/three/build/three.module.js:15476:11)
    at new ViewportResource (/private/tmp/piping-engine-integration-20260925/projects/chirality-piping/apps/desktop/src/features/viewport/viewportResource.ts:509:21)
    at /private/tmp/piping-engine-integration-20260925/projects/chirality-piping/apps/desktop/src/features/viewport/PipeViewport.tsx:909:18
    at Object.react_stack_bottom_frame (/Users/ryan/.codex/worktrees/6614/chirality/projects/chirality-piping/node_modules/react-dom/cjs/react-dom-client.development.js:25989:20)
    at runWithFiberInDEV (/Users/ryan/.codex/worktrees/6614/chirality/projects/chirality-piping/node_modules/react-dom/cjs/react-dom-client.development.js:874:13)
    at commitHookEffectListMount (/Users/ryan/.codex/worktrees/6614/chirality/projects/chirality-piping/node_modules/react-dom/cjs/react-dom-client.development.js:13249:29) undefined
Error: Not implemented: HTMLCanvasElement.prototype.getContext (without installing the canvas npm package)
    at module.exports (/Users/ryan/.codex/worktrees/6614/chirality/projects/chirality-piping/node_modules/jsdom/lib/jsdom/browser/not-implemented.js:9:17)
    at HTMLCanvasElementImpl.getContext (/Users/ryan/.codex/worktrees/6614/chirality/projects/chirality-piping/node_modules/jsdom/lib/jsdom/living/nodes/HTMLCanvasElement-impl.js:42:5)
    at HTMLCanvasElement.getContext (/Users/ryan/.codex/worktrees/6614/chirality/projects/chirality-piping/node_modules/jsdom/lib/jsdom/living/generated/HTMLCanvasElement.js:131:58)
    at getContext (file:///Users/ryan/.codex/worktrees/6614/chirality/projects/chirality-piping/node_modules/three/build/three.module.js:15443:18)
    at new WebGLRenderer (file:///Users/ryan/.codex/worktrees/6614/chirality/projects/chirality-piping/node_modules/three/build/three.module.js:15472:11)
    at new ViewportResource (/private/tmp/piping-engine-integration-20260925/projects/chirality-piping/apps/desktop/src/features/viewport/viewportResource.ts:509:21)
    at /private/tmp/piping-engine-integration-20260925/projects/chirality-piping/apps/desktop/src/features/viewport/PipeViewport.tsx:909:18
    at Object.react_stack_bottom_frame (/Users/ryan/.codex/worktrees/6614/chirality/projects/chirality-piping/node_modules/react-dom/cjs/react-dom-client.development.js:25989:20)
    at runWithFiberInDEV (/Users/ryan/.codex/worktrees/6614/chirality/projects/chirality-piping/node_modules/react-dom/cjs/react-dom-client.development.js:874:13)
    at commitHookEffectListMount (/Users/ryan/.codex/worktrees/6614/chirality/projects/chirality-piping/node_modules/react-dom/cjs/react-dom-client.development.js:13249:29) undefined
Error: Not implemented: HTMLCanvasElement.prototype.getContext (without installing the canvas npm package)
    at module.exports (/Users/ryan/.codex/worktrees/6614/chirality/projects/chirality-piping/node_modules/jsdom/lib/jsdom/browser/not-implemented.js:9:17)
    at HTMLCanvasElementImpl.getContext (/Users/ryan/.codex/worktrees/6614/chirality/projects/chirality-piping/node_modules/jsdom/lib/jsdom/living/nodes/HTMLCanvasElement-impl.js:42:5)
    at HTMLCanvasElement.getContext (/Users/ryan/.codex/worktrees/6614/chirality/projects/chirality-piping/node_modules/jsdom/lib/jsdom/living/generated/HTMLCanvasElement.js:131:58)
    at getContext (file:///Users/ryan/.codex/worktrees/6614/chirality/projects/chirality-piping/node_modules/three/build/three.module.js:15443:18)
    at new WebGLRenderer (file:///Users/ryan/.codex/worktrees/6614/chirality/projects/chirality-piping/node_modules/three/build/three.module.js:15476:11)
    at new ViewportResource (/private/tmp/piping-engine-integration-20260925/projects/chirality-piping/apps/desktop/src/features/viewport/viewportResource.ts:509:21)
    at /private/tmp/piping-engine-integration-20260925/projects/chirality-piping/apps/desktop/src/features/viewport/PipeViewport.tsx:909:18
    at Object.react_stack_bottom_frame (/Users/ryan/.codex/worktrees/6614/chirality/projects/chirality-piping/node_modules/react-dom/cjs/react-dom-client.development.js:25989:20)
    at runWithFiberInDEV (/Users/ryan/.codex/worktrees/6614/chirality/projects/chirality-piping/node_modules/react-dom/cjs/react-dom-client.development.js:874:13)
    at commitHookEffectListMount (/Users/ryan/.codex/worktrees/6614/chirality/projects/chirality-piping/node_modules/react-dom/cjs/react-dom-client.development.js:13249:29) undefined
Error: Not implemented: HTMLCanvasElement.prototype.getContext (without installing the canvas npm package)
    at module.exports (/Users/ryan/.codex/worktrees/6614/chirality/projects/chirality-piping/node_modules/jsdom/lib/jsdom/browser/not-implemented.js:9:17)
    at HTMLCanvasElementImpl.getContext (/Users/ryan/.codex/worktrees/6614/chirality/projects/chirality-piping/node_modules/jsdom/lib/jsdom/living/nodes/HTMLCanvasElement-impl.js:42:5)
    at HTMLCanvasElement.getContext (/Users/ryan/.codex/worktrees/6614/chirality/projects/chirality-piping/node_modules/jsdom/lib/jsdom/living/generated/HTMLCanvasElement.js:131:58)
    at getContext (file:///Users/ryan/.codex/worktrees/6614/chirality/projects/chirality-piping/node_modules/three/build/three.module.js:15443:18)
    at new WebGLRenderer (file:///Users/ryan/.codex/worktrees/6614/chirality/projects/chirality-piping/node_modules/three/build/three.module.js:15472:11)
    at new ViewportResource (/private/tmp/piping-engine-integration-20260925/projects/chirality-piping/apps/desktop/src/features/viewport/viewportResource.ts:509:21)
    at /private/tmp/piping-engine-integration-20260925/projects/chirality-piping/apps/desktop/src/features/viewport/PipeViewport.tsx:909:18
    at Object.react_stack_bottom_frame (/Users/ryan/.codex/worktrees/6614/chirality/projects/chirality-piping/node_modules/react-dom/cjs/react-dom-client.development.js:25989:20)
    at runWithFiberInDEV (/Users/ryan/.codex/worktrees/6614/chirality/projects/chirality-piping/node_modules/react-dom/cjs/react-dom-client.development.js:874:13)
    at commitHookEffectListMount (/Users/ryan/.codex/worktrees/6614/chirality/projects/chirality-piping/node_modules/react-dom/cjs/react-dom-client.development.js:13249:29) undefined
Error: Not implemented: HTMLCanvasElement.prototype.getContext (without installing the canvas npm package)
    at module.exports (/Users/ryan/.codex/worktrees/6614/chirality/projects/chirality-piping/node_modules/jsdom/lib/jsdom/browser/not-implemented.js:9:17)
    at HTMLCanvasElementImpl.getContext (/Users/ryan/.codex/worktrees/6614/chirality/projects/chirality-piping/node_modules/jsdom/lib/jsdom/living/nodes/HTMLCanvasElement-impl.js:42:5)
    at HTMLCanvasElement.getContext (/Users/ryan/.codex/worktrees/6614/chirality/projects/chirality-piping/node_modules/jsdom/lib/jsdom/living/generated/HTMLCanvasElement.js:131:58)
    at getContext (file:///Users/ryan/.codex/worktrees/6614/chirality/projects/chirality-piping/node_modules/three/build/three.module.js:15443:18)
    at new WebGLRenderer (file:///Users/ryan/.codex/worktrees/6614/chirality/projects/chirality-piping/node_modules/three/build/three.module.js:15476:11)
    at new ViewportResource (/private/tmp/piping-engine-integration-20260925/projects/chirality-piping/apps/desktop/src/features/viewport/viewportResource.ts:509:21)
    at /private/tmp/piping-engine-integration-20260925/projects/chirality-piping/apps/desktop/src/features/viewport/PipeViewport.tsx:909:18
    at Object.react_stack_bottom_frame (/Users/ryan/.codex/worktrees/6614/chirality/projects/chirality-piping/node_modules/react-dom/cjs/react-dom-client.development.js:25989:20)
    at runWithFiberInDEV (/Users/ryan/.codex/worktrees/6614/chirality/projects/chirality-piping/node_modules/react-dom/cjs/react-dom-client.development.js:874:13)
    at commitHookEffectListMount (/Users/ryan/.codex/worktrees/6614/chirality/projects/chirality-piping/node_modules/react-dom/cjs/react-dom-client.development.js:13249:29) undefined
 ❯ src/features/stress-neutral/StressNeutralExportPanel.test.tsx (13 tests | 2 failed) 12086ms
   × does not publish a delayed packet after its source result is replaced 296ms
   × saves native stress JSON after validation and intent and invalidates a pending source generation 312ms
Error: Not implemented: HTMLCanvasElement.prototype.getContext (without installing the canvas npm package)
    at module.exports (/Users/ryan/.codex/worktrees/6614/chirality/projects/chirality-piping/node_modules/jsdom/lib/jsdom/browser/not-implemented.js:9:17)
    at HTMLCanvasElementImpl.getContext (/Users/ryan/.codex/worktrees/6614/chirality/projects/chirality-piping/node_modules/jsdom/lib/jsdom/living/nodes/HTMLCanvasElement-impl.js:42:5)
    at HTMLCanvasElement.getContext (/Users/ryan/.codex/worktrees/6614/chirality/projects/chirality-piping/node_modules/jsdom/lib/jsdom/living/generated/HTMLCanvasElement.js:131:58)
    at getContext (file:///Users/ryan/.codex/worktrees/6614/chirality/projects/chirality-piping/node_modules/three/build/three.module.js:15443:18)
    at new WebGLRenderer (file:///Users/ryan/.codex/worktrees/6614/chirality/projects/chirality-piping/node_modules/three/build/three.module.js:15472:11)
    at new ViewportResource (/private/tmp/piping-engine-integration-20260925/projects/chirality-piping/apps/desktop/src/features/viewport/viewportResource.ts:509:21)
    at /private/tmp/piping-engine-integration-20260925/projects/chirality-piping/apps/desktop/src/features/viewport/PipeViewport.tsx:909:18
    at Object.react_stack_bottom_frame (/Users/ryan/.codex/worktrees/6614/chirality/projects/chirality-piping/node_modules/react-dom/cjs/react-dom-client.development.js:25989:20)
    at runWithFiberInDEV (/Users/ryan/.codex/worktrees/6614/chirality/projects/chirality-piping/node_modules/react-dom/cjs/react-dom-client.development.js:874:13)
    at commitHookEffectListMount (/Users/ryan/.codex/worktrees/6614/chirality/projects/chirality-piping/node_modules/react-dom/cjs/react-dom-client.development.js:13249:29) undefined
Error: Not implemented: HTMLCanvasElement.prototype.getContext (without installing the canvas npm package)
    at module.exports (/Users/ryan/.codex/worktrees/6614/chirality/projects/chirality-piping/node_modules/jsdom/lib/jsdom/browser/not-implemented.js:9:17)
    at HTMLCanvasElementImpl.getContext (/Users/ryan/.codex/worktrees/6614/chirality/projects/chirality-piping/node_modules/jsdom/lib/jsdom/living/nodes/HTMLCanvasElement-impl.js:42:5)
    at HTMLCanvasElement.getContext (/Users/ryan/.codex/worktrees/6614/chirality/projects/chirality-piping/node_modules/jsdom/lib/jsdom/living/generated/HTMLCanvasElement.js:131:58)
    at getContext (file:///Users/ryan/.codex/worktrees/6614/chirality/projects/chirality-piping/node_modules/three/build/three.module.js:15443:18)
    at new WebGLRenderer (file:///Users/ryan/.codex/worktrees/6614/chirality/projects/chirality-piping/node_modules/three/build/three.module.js:15476:11)
    at new ViewportResource (/private/tmp/piping-engine-integration-20260925/projects/chirality-piping/apps/desktop/src/features/viewport/viewportResource.ts:509:21)
    at /private/tmp/piping-engine-integration-20260925/projects/chirality-piping/apps/desktop/src/features/viewport/PipeViewport.tsx:909:18
    at Object.react_stack_bottom_frame (/Users/ryan/.codex/worktrees/6614/chirality/projects/chirality-piping/node_modules/react-dom/cjs/react-dom-client.development.js:25989:20)
    at runWithFiberInDEV (/Users/ryan/.codex/worktrees/6614/chirality/projects/chirality-piping/node_modules/react-dom/cjs/react-dom-client.development.js:874:13)
    at commitHookEffectListMount (/Users/ryan/.codex/worktrees/6614/chirality/projects/chirality-piping/node_modules/react-dom/cjs/react-dom-client.development.js:13249:29) undefined
Error: Not implemented: HTMLCanvasElement.prototype.getContext (without installing the canvas npm package)
    at module.exports (/Users/ryan/.codex/worktrees/6614/chirality/projects/chirality-piping/node_modules/jsdom/lib/jsdom/browser/not-implemented.js:9:17)
    at HTMLCanvasElementImpl.getContext (/Users/ryan/.codex/worktrees/6614/chirality/projects/chirality-piping/node_modules/jsdom/lib/jsdom/living/nodes/HTMLCanvasElement-impl.js:42:5)
    at HTMLCanvasElement.getContext (/Users/ryan/.codex/worktrees/6614/chirality/projects/chirality-piping/node_modules/jsdom/lib/jsdom/living/generated/HTMLCanvasElement.js:131:58)
    at getContext (file:///Users/ryan/.codex/worktrees/6614/chirality/projects/chirality-piping/node_modules/three/build/three.module.js:15443:18)
    at new WebGLRenderer (file:///Users/ryan/.codex/worktrees/6614/chirality/projects/chirality-piping/node_modules/three/build/three.module.js:15472:11)
    at new ViewportResource (/private/tmp/piping-engine-integration-20260925/projects/chirality-piping/apps/desktop/src/features/viewport/viewportResource.ts:509:21)
    at /private/tmp/piping-engine-integration-20260925/projects/chirality-piping/apps/desktop/src/features/viewport/PipeViewport.tsx:909:18
    at Object.react_stack_bottom_frame (/Users/ryan/.codex/worktrees/6614/chirality/projects/chirality-piping/node_modules/react-dom/cjs/react-dom-client.development.js:25989:20)
    at runWithFiberInDEV (/Users/ryan/.codex/worktrees/6614/chirality/projects/chirality-piping/node_modules/react-dom/cjs/react-dom-client.development.js:874:13)
    at commitHookEffectListMount (/Users/ryan/.codex/worktrees/6614/chirality/projects/chirality-piping/node_modules/react-dom/cjs/react-dom-client.development.js:13249:29) undefined
Error: Not implemented: HTMLCanvasElement.prototype.getContext (without installing the canvas npm package)
    at module.exports (/Users/ryan/.codex/worktrees/6614/chirality/projects/chirality-piping/node_modules/jsdom/lib/jsdom/browser/not-implemented.js:9:17)
    at HTMLCanvasElementImpl.getContext (/Users/ryan/.codex/worktrees/6614/chirality/projects/chirality-piping/node_modules/jsdom/lib/jsdom/living/nodes/HTMLCanvasElement-impl.js:42:5)
    at HTMLCanvasElement.getContext (/Users/ryan/.codex/worktrees/6614/chirality/projects/chirality-piping/node_modules/jsdom/lib/jsdom/living/generated/HTMLCanvasElement.js:131:58)
    at getContext (file:///Users/ryan/.codex/worktrees/6614/chirality/projects/chirality-piping/node_modules/three/build/three.module.js:15443:18)
    at new WebGLRenderer (file:///Users/ryan/.codex/worktrees/6614/chirality/projects/chirality-piping/node_modules/three/build/three.module.js:15476:11)
    at new ViewportResource (/private/tmp/piping-engine-integration-20260925/projects/chirality-piping/apps/desktop/src/features/viewport/viewportResource.ts:509:21)
    at /private/tmp/piping-engine-integration-20260925/projects/chirality-piping/apps/desktop/src/features/viewport/PipeViewport.tsx:909:18
    at Object.react_stack_bottom_frame (/Users/ryan/.codex/worktrees/6614/chirality/projects/chirality-piping/node_modules/react-dom/cjs/react-dom-client.development.js:25989:20)
    at runWithFiberInDEV (/Users/ryan/.codex/worktrees/6614/chirality/projects/chirality-piping/node_modules/react-dom/cjs/react-dom-client.development.js:874:13)
    at commitHookEffectListMount (/Users/ryan/.codex/worktrees/6614/chirality/projects/chirality-piping/node_modules/react-dom/cjs/react-dom-client.development.js:13249:29) undefined
Error: Not implemented: HTMLCanvasElement.prototype.getContext (without installing the canvas npm package)
    at module.exports (/Users/ryan/.codex/worktrees/6614/chirality/projects/chirality-piping/node_modules/jsdom/lib/jsdom/browser/not-implemented.js:9:17)
    at HTMLCanvasElementImpl.getContext (/Users/ryan/.codex/worktrees/6614/chirality/projects/chirality-piping/node_modules/jsdom/lib/jsdom/living/nodes/HTMLCanvasElement-impl.js:42:5)
    at HTMLCanvasElement.getContext (/Users/ryan/.codex/worktrees/6614/chirality/projects/chirality-piping/node_modules/jsdom/lib/jsdom/living/generated/HTMLCanvasElement.js:131:58)
    at getContext (file:///Users/ryan/.codex/worktrees/6614/chirality/projects/chirality-piping/node_modules/three/build/three.module.js:15443:18)
    at new WebGLRenderer (file:///Users/ryan/.codex/worktrees/6614/chirality/projects/chirality-piping/node_modules/three/build/three.module.js:15472:11)
    at new ViewportResource (/private/tmp/piping-engine-integration-20260925/projects/chirality-piping/apps/desktop/src/features/viewport/viewportResource.ts:509:21)
    at /private/tmp/piping-engine-integration-20260925/projects/chirality-piping/apps/desktop/src/features/viewport/PipeViewport.tsx:909:18
    at Object.react_stack_bottom_frame (/Users/ryan/.codex/worktrees/6614/chirality/projects/chirality-piping/node_modules/react-dom/cjs/react-dom-client.development.js:25989:20)
    at runWithFiberInDEV (/Users/ryan/.codex/worktrees/6614/chirality/projects/chirality-piping/node_modules/react-dom/cjs/react-dom-client.development.js:874:13)
    at commitHookEffectListMount (/Users/ryan/.codex/worktrees/6614/chirality/projects/chirality-piping/node_modules/react-dom/cjs/react-dom-client.development.js:13249:29) undefined
Error: Not implemented: HTMLCanvasElement.prototype.getContext (without installing the canvas npm package)
    at module.exports (/Users/ryan/.codex/worktrees/6614/chirality/projects/chirality-piping/node_modules/jsdom/lib/jsdom/browser/not-implemented.js:9:17)
    at HTMLCanvasElementImpl.getContext (/Users/ryan/.codex/worktrees/6614/chirality/projects/chirality-piping/node_modules/jsdom/lib/jsdom/living/nodes/HTMLCanvasElement-impl.js:42:5)
    at HTMLCanvasElement.getContext (/Users/ryan/.codex/worktrees/6614/chirality/projects/chirality-piping/node_modules/jsdom/lib/jsdom/living/generated/HTMLCanvasElement.js:131:58)
    at getContext (file:///Users/ryan/.codex/worktrees/6614/chirality/projects/chirality-piping/node_modules/three/build/three.module.js:15443:18)
    at new WebGLRenderer (file:///Users/ryan/.codex/worktrees/6614/chirality/projects/chirality-piping/node_modules/three/build/three.module.js:15476:11)
    at new ViewportResource (/private/tmp/piping-engine-integration-20260925/projects/chirality-piping/apps/desktop/src/features/viewport/viewportResource.ts:509:21)
    at /private/tmp/piping-engine-integration-20260925/projects/chirality-piping/apps/desktop/src/features/viewport/PipeViewport.tsx:909:18
    at Object.react_stack_bottom_frame (/Users/ryan/.codex/worktrees/6614/chirality/projects/chirality-piping/node_modules/react-dom/cjs/react-dom-client.development.js:25989:20)
    at runWithFiberInDEV (/Users/ryan/.codex/worktrees/6614/chirality/projects/chirality-piping/node_modules/react-dom/cjs/react-dom-client.development.js:874:13)
    at commitHookEffectListMount (/Users/ryan/.codex/worktrees/6614/chirality/projects/chirality-piping/node_modules/react-dom/cjs/react-dom-client.development.js:13249:29) undefined
Error: Not implemented: HTMLCanvasElement.prototype.getContext (without installing the canvas npm package)
    at module.exports (/Users/ryan/.codex/worktrees/6614/chirality/projects/chirality-piping/node_modules/jsdom/lib/jsdom/browser/not-implemented.js:9:17)
    at HTMLCanvasElementImpl.getContext (/Users/ryan/.codex/worktrees/6614/chirality/projects/chirality-piping/node_modules/jsdom/lib/jsdom/living/nodes/HTMLCanvasElement-impl.js:42:5)
    at HTMLCanvasElement.getContext (/Users/ryan/.codex/worktrees/6614/chirality/projects/chirality-piping/node_modules/jsdom/lib/jsdom/living/generated/HTMLCanvasElement.js:131:58)
    at getContext (file:///Users/ryan/.codex/worktrees/6614/chirality/projects/chirality-piping/node_modules/three/build/three.module.js:15443:18)
    at new WebGLRenderer (file:///Users/ryan/.codex/worktrees/6614/chirality/projects/chirality-piping/node_modules/three/build/three.module.js:15472:11)
    at new ViewportResource (/private/tmp/piping-engine-integration-20260925/projects/chirality-piping/apps/desktop/src/features/viewport/viewportResource.ts:509:21)
    at /private/tmp/piping-engine-integration-20260925/projects/chirality-piping/apps/desktop/src/features/viewport/PipeViewport.tsx:909:18
    at Object.react_stack_bottom_frame (/Users/ryan/.codex/worktrees/6614/chirality/projects/chirality-piping/node_modules/react-dom/cjs/react-dom-client.development.js:25989:20)
    at runWithFiberInDEV (/Users/ryan/.codex/worktrees/6614/chirality/projects/chirality-piping/node_modules/react-dom/cjs/react-dom-client.development.js:874:13)
    at commitHookEffectListMount (/Users/ryan/.codex/worktrees/6614/chirality/projects/chirality-piping/node_modules/react-dom/cjs/react-dom-client.development.js:13249:29) undefined
Error: Not implemented: HTMLCanvasElement.prototype.getContext (without installing the canvas npm package)
    at module.exports (/Users/ryan/.codex/worktrees/6614/chirality/projects/chirality-piping/node_modules/jsdom/lib/jsdom/browser/not-implemented.js:9:17)
    at HTMLCanvasElementImpl.getContext (/Users/ryan/.codex/worktrees/6614/chirality/projects/chirality-piping/node_modules/jsdom/lib/jsdom/living/nodes/HTMLCanvasElement-impl.js:42:5)
    at HTMLCanvasElement.getContext (/Users/ryan/.codex/worktrees/6614/chirality/projects/chirality-piping/node_modules/jsdom/lib/jsdom/living/generated/HTMLCanvasElement.js:131:58)
    at getContext (file:///Users/ryan/.codex/worktrees/6614/chirality/projects/chirality-piping/node_modules/three/build/three.module.js:15443:18)
    at new WebGLRenderer (file:///Users/ryan/.codex/worktrees/6614/chirality/projects/chirality-piping/node_modules/three/build/three.module.js:15476:11)
    at new ViewportResource (/private/tmp/piping-engine-integration-20260925/projects/chirality-piping/apps/desktop/src/features/viewport/viewportResource.ts:509:21)
    at /private/tmp/piping-engine-integration-20260925/projects/chirality-piping/apps/desktop/src/features/viewport/PipeViewport.tsx:909:18
    at Object.react_stack_bottom_frame (/Users/ryan/.codex/worktrees/6614/chirality/projects/chirality-piping/node_modules/react-dom/cjs/react-dom-client.development.js:25989:20)
    at runWithFiberInDEV (/Users/ryan/.codex/worktrees/6614/chirality/projects/chirality-piping/node_modules/react-dom/cjs/react-dom-client.development.js:874:13)
    at commitHookEffectListMount (/Users/ryan/.codex/worktrees/6614/chirality/projects/chirality-piping/node_modules/react-dom/cjs/react-dom-client.development.js:13249:29) undefined
Error: Not implemented: HTMLCanvasElement.prototype.getContext (without installing the canvas npm package)
    at module.exports (/Users/ryan/.codex/worktrees/6614/chirality/projects/chirality-piping/node_modules/jsdom/lib/jsdom/browser/not-implemented.js:9:17)
    at HTMLCanvasElementImpl.getContext (/Users/ryan/.codex/worktrees/6614/chirality/projects/chirality-piping/node_modules/jsdom/lib/jsdom/living/nodes/HTMLCanvasElement-impl.js:42:5)
    at HTMLCanvasElement.getContext (/Users/ryan/.codex/worktrees/6614/chirality/projects/chirality-piping/node_modules/jsdom/lib/jsdom/living/generated/HTMLCanvasElement.js:131:58)
    at getContext (file:///Users/ryan/.codex/worktrees/6614/chirality/projects/chirality-piping/node_modules/three/build/three.module.js:15443:18)
    at new WebGLRenderer (file:///Users/ryan/.codex/worktrees/6614/chirality/projects/chirality-piping/node_modules/three/build/three.module.js:15472:11)
    at new ViewportResource (/private/tmp/piping-engine-integration-20260925/projects/chirality-piping/apps/desktop/src/features/viewport/viewportResource.ts:509:21)
    at /private/tmp/piping-engine-integration-20260925/projects/chirality-piping/apps/desktop/src/features/viewport/PipeViewport.tsx:909:18
    at Object.react_stack_bottom_frame (/Users/ryan/.codex/worktrees/6614/chirality/projects/chirality-piping/node_modules/react-dom/cjs/react-dom-client.development.js:25989:20)
    at runWithFiberInDEV (/Users/ryan/.codex/worktrees/6614/chirality/projects/chirality-piping/node_modules/react-dom/cjs/react-dom-client.development.js:874:13)
    at commitHookEffectListMount (/Users/ryan/.codex/worktrees/6614/chirality/projects/chirality-piping/node_modules/react-dom/cjs/react-dom-client.development.js:13249:29) undefined
Error: Not implemented: HTMLCanvasElement.prototype.getContext (without installing the canvas npm package)
    at module.exports (/Users/ryan/.codex/worktrees/6614/chirality/projects/chirality-piping/node_modules/jsdom/lib/jsdom/browser/not-implemented.js:9:17)
    at HTMLCanvasElementImpl.getContext (/Users/ryan/.codex/worktrees/6614/chirality/projects/chirality-piping/node_modules/jsdom/lib/jsdom/living/nodes/HTMLCanvasElement-impl.js:42:5)
    at HTMLCanvasElement.getContext (/Users/ryan/.codex/worktrees/6614/chirality/projects/chirality-piping/node_modules/jsdom/lib/jsdom/living/generated/HTMLCanvasElement.js:131:58)
    at getContext (file:///Users/ryan/.codex/worktrees/6614/chirality/projects/chirality-piping/node_modules/three/build/three.module.js:15443:18)
    at new WebGLRenderer (file:///Users/ryan/.codex/worktrees/6614/chirality/projects/chirality-piping/node_modules/three/build/three.module.js:15476:11)
    at new ViewportResource (/private/tmp/piping-engine-integration-20260925/projects/chirality-piping/apps/desktop/src/features/viewport/viewportResource.ts:509:21)
    at /private/tmp/piping-engine-integration-20260925/projects/chirality-piping/apps/desktop/src/features/viewport/PipeViewport.tsx:909:18
    at Object.react_stack_bottom_frame (/Users/ryan/.codex/worktrees/6614/chirality/projects/chirality-piping/node_modules/react-dom/cjs/react-dom-client.development.js:25989:20)
    at runWithFiberInDEV (/Users/ryan/.codex/worktrees/6614/chirality/projects/chirality-piping/node_modules/react-dom/cjs/react-dom-client.development.js:874:13)
    at commitHookEffectListMount (/Users/ryan/.codex/worktrees/6614/chirality/projects/chirality-piping/node_modules/react-dom/cjs/react-dom-client.development.js:13249:29) undefined
Error: Not implemented: HTMLCanvasElement.prototype.getContext (without installing the canvas npm package)
    at module.exports (/Users/ryan/.codex/worktrees/6614/chirality/projects/chirality-piping/node_modules/jsdom/lib/jsdom/browser/not-implemented.js:9:17)
    at HTMLCanvasElementImpl.getContext (/Users/ryan/.codex/worktrees/6614/chirality/projects/chirality-piping/node_modules/jsdom/lib/jsdom/living/nodes/HTMLCanvasElement-impl.js:42:5)
    at HTMLCanvasElement.getContext (/Users/ryan/.codex/worktrees/6614/chirality/projects/chirality-piping/node_modules/jsdom/lib/jsdom/living/generated/HTMLCanvasElement.js:131:58)
    at getContext (file:///Users/ryan/.codex/worktrees/6614/chirality/projects/chirality-piping/node_modules/three/build/three.module.js:15443:18)
    at new WebGLRenderer (file:///Users/ryan/.codex/worktrees/6614/chirality/projects/chirality-piping/node_modules/three/build/three.module.js:15472:11)
    at new ViewportResource (/private/tmp/piping-engine-integration-20260925/projects/chirality-piping/apps/desktop/src/features/viewport/viewportResource.ts:509:21)
    at /private/tmp/piping-engine-integration-20260925/projects/chirality-piping/apps/desktop/src/features/viewport/PipeViewport.tsx:909:18
    at Object.react_stack_bottom_frame (/Users/ryan/.codex/worktrees/6614/chirality/projects/chirality-piping/node_modules/react-dom/cjs/react-dom-client.development.js:25989:20)
    at runWithFiberInDEV (/Users/ryan/.codex/worktrees/6614/chirality/projects/chirality-piping/node_modules/react-dom/cjs/react-dom-client.development.js:874:13)
    at commitHookEffectListMount (/Users/ryan/.codex/worktrees/6614/chirality/projects/chirality-piping/node_modules/react-dom/cjs/react-dom-client.development.js:13249:29) undefined
Error: Not implemented: HTMLCanvasElement.prototype.getContext (without installing the canvas npm package)
    at module.exports (/Users/ryan/.codex/worktrees/6614/chirality/projects/chirality-piping/node_modules/jsdom/lib/jsdom/browser/not-implemented.js:9:17)
    at HTMLCanvasElementImpl.getContext (/Users/ryan/.codex/worktrees/6614/chirality/projects/chirality-piping/node_modules/jsdom/lib/jsdom/living/nodes/HTMLCanvasElement-impl.js:42:5)
    at HTMLCanvasElement.getContext (/Users/ryan/.codex/worktrees/6614/chirality/projects/chirality-piping/node_modules/jsdom/lib/jsdom/living/generated/HTMLCanvasElement.js:131:58)
    at getContext (file:///Users/ryan/.codex/worktrees/6614/chirality/projects/chirality-piping/node_modules/three/build/three.module.js:15443:18)
    at new WebGLRenderer (file:///Users/ryan/.codex/worktrees/6614/chirality/projects/chirality-piping/node_modules/three/build/three.module.js:15476:11)
    at new ViewportResource (/private/tmp/piping-engine-integration-20260925/projects/chirality-piping/apps/desktop/src/features/viewport/viewportResource.ts:509:21)
    at /private/tmp/piping-engine-integration-20260925/projects/chirality-piping/apps/desktop/src/features/viewport/PipeViewport.tsx:909:18
    at Object.react_stack_bottom_frame (/Users/ryan/.codex/worktrees/6614/chirality/projects/chirality-piping/node_modules/react-dom/cjs/react-dom-client.development.js:25989:20)
    at runWithFiberInDEV (/Users/ryan/.codex/worktrees/6614/chirality/projects/chirality-piping/node_modules/react-dom/cjs/react-dom-client.development.js:874:13)
    at commitHookEffectListMount (/Users/ryan/.codex/worktrees/6614/chirality/projects/chirality-piping/node_modules/react-dom/cjs/react-dom-client.development.js:13249:29) undefined
Error: Not implemented: HTMLCanvasElement.prototype.getContext (without installing the canvas npm package)
    at module.exports (/Users/ryan/.codex/worktrees/6614/chirality/projects/chirality-piping/node_modules/jsdom/lib/jsdom/browser/not-implemented.js:9:17)
    at HTMLCanvasElementImpl.getContext (/Users/ryan/.codex/worktrees/6614/chirality/projects/chirality-piping/node_modules/jsdom/lib/jsdom/living/nodes/HTMLCanvasElement-impl.js:42:5)
    at HTMLCanvasElement.getContext (/Users/ryan/.codex/worktrees/6614/chirality/projects/chirality-piping/node_modules/jsdom/lib/jsdom/living/generated/HTMLCanvasElement.js:131:58)
    at getContext (file:///Users/ryan/.codex/worktrees/6614/chirality/projects/chirality-piping/node_modules/three/build/three.module.js:15443:18)
    at new WebGLRenderer (file:///Users/ryan/.codex/worktrees/6614/chirality/projects/chirality-piping/node_modules/three/build/three.module.js:15472:11)
    at new ViewportResource (/private/tmp/piping-engine-integration-20260925/projects/chirality-piping/apps/desktop/src/features/viewport/viewportResource.ts:509:21)
    at /private/tmp/piping-engine-integration-20260925/projects/chirality-piping/apps/desktop/src/features/viewport/PipeViewport.tsx:909:18
    at Object.react_stack_bottom_frame (/Users/ryan/.codex/worktrees/6614/chirality/projects/chirality-piping/node_modules/react-dom/cjs/react-dom-client.development.js:25989:20)
    at runWithFiberInDEV (/Users/ryan/.codex/worktrees/6614/chirality/projects/chirality-piping/node_modules/react-dom/cjs/react-dom-client.development.js:874:13)
    at commitHookEffectListMount (/Users/ryan/.codex/worktrees/6614/chirality/projects/chirality-piping/node_modules/react-dom/cjs/react-dom-client.development.js:13249:29) undefined
Error: Not implemented: HTMLCanvasElement.prototype.getContext (without installing the canvas npm package)
    at module.exports (/Users/ryan/.codex/worktrees/6614/chirality/projects/chirality-piping/node_modules/jsdom/lib/jsdom/browser/not-implemented.js:9:17)
    at HTMLCanvasElementImpl.getContext (/Users/ryan/.codex/worktrees/6614/chirality/projects/chirality-piping/node_modules/jsdom/lib/jsdom/living/nodes/HTMLCanvasElement-impl.js:42:5)
    at HTMLCanvasElement.getContext (/Users/ryan/.codex/worktrees/6614/chirality/projects/chirality-piping/node_modules/jsdom/lib/jsdom/living/generated/HTMLCanvasElement.js:131:58)
    at getContext (file:///Users/ryan/.codex/worktrees/6614/chirality/projects/chirality-piping/node_modules/three/build/three.module.js:15443:18)
    at new WebGLRenderer (file:///Users/ryan/.codex/worktrees/6614/chirality/projects/chirality-piping/node_modules/three/build/three.module.js:15476:11)
    at new ViewportResource (/private/tmp/piping-engine-integration-20260925/projects/chirality-piping/apps/desktop/src/features/viewport/viewportResource.ts:509:21)
    at /private/tmp/piping-engine-integration-20260925/projects/chirality-piping/apps/desktop/src/features/viewport/PipeViewport.tsx:909:18
    at Object.react_stack_bottom_frame (/Users/ryan/.codex/worktrees/6614/chirality/projects/chirality-piping/node_modules/react-dom/cjs/react-dom-client.development.js:25989:20)
    at runWithFiberInDEV (/Users/ryan/.codex/worktrees/6614/chirality/projects/chirality-piping/node_modules/react-dom/cjs/react-dom-client.development.js:874:13)
    at commitHookEffectListMount (/Users/ryan/.codex/worktrees/6614/chirality/projects/chirality-piping/node_modules/react-dom/cjs/react-dom-client.development.js:13249:29) undefined
Error: Not implemented: HTMLCanvasElement.prototype.getContext (without installing the canvas npm package)
    at module.exports (/Users/ryan/.codex/worktrees/6614/chirality/projects/chirality-piping/node_modules/jsdom/lib/jsdom/browser/not-implemented.js:9:17)
    at HTMLCanvasElementImpl.getContext (/Users/ryan/.codex/worktrees/6614/chirality/projects/chirality-piping/node_modules/jsdom/lib/jsdom/living/nodes/HTMLCanvasElement-impl.js:42:5)
    at HTMLCanvasElement.getContext (/Users/ryan/.codex/worktrees/6614/chirality/projects/chirality-piping/node_modules/jsdom/lib/jsdom/living/generated/HTMLCanvasElement.js:131:58)
    at getContext (file:///Users/ryan/.codex/worktrees/6614/chirality/projects/chirality-piping/node_modules/three/build/three.module.js:15443:18)
    at new WebGLRenderer (file:///Users/ryan/.codex/worktrees/6614/chirality/projects/chirality-piping/node_modules/three/build/three.module.js:15472:11)
    at new ViewportResource (/private/tmp/piping-engine-integration-20260925/projects/chirality-piping/apps/desktop/src/features/viewport/viewportResource.ts:509:21)
    at /private/tmp/piping-engine-integration-20260925/projects/chirality-piping/apps/desktop/src/features/viewport/PipeViewport.tsx:909:18
    at Object.react_stack_bottom_frame (/Users/ryan/.codex/worktrees/6614/chirality/projects/chirality-piping/node_modules/react-dom/cjs/react-dom-client.development.js:25989:20)
    at runWithFiberInDEV (/Users/ryan/.codex/worktrees/6614/chirality/projects/chirality-piping/node_modules/react-dom/cjs/react-dom-client.development.js:874:13)
    at commitHookEffectListMount (/Users/ryan/.codex/worktrees/6614/chirality/projects/chirality-piping/node_modules/react-dom/cjs/react-dom-client.development.js:13249:29) undefined
Error: Not implemented: HTMLCanvasElement.prototype.getContext (without installing the canvas npm package)
    at module.exports (/Users/ryan/.codex/worktrees/6614/chirality/projects/chirality-piping/node_modules/jsdom/lib/jsdom/browser/not-implemented.js:9:17)
    at HTMLCanvasElementImpl.getContext (/Users/ryan/.codex/worktrees/6614/chirality/projects/chirality-piping/node_modules/jsdom/lib/jsdom/living/nodes/HTMLCanvasElement-impl.js:42:5)
    at HTMLCanvasElement.getContext (/Users/ryan/.codex/worktrees/6614/chirality/projects/chirality-piping/node_modules/jsdom/lib/jsdom/living/generated/HTMLCanvasElement.js:131:58)
    at getContext (file:///Users/ryan/.codex/worktrees/6614/chirality/projects/chirality-piping/node_modules/three/build/three.module.js:15443:18)
    at new WebGLRenderer (file:///Users/ryan/.codex/worktrees/6614/chirality/projects/chirality-piping/node_modules/three/build/three.module.js:15476:11)
    at new ViewportResource (/private/tmp/piping-engine-integration-20260925/projects/chirality-piping/apps/desktop/src/features/viewport/viewportResource.ts:509:21)
    at /private/tmp/piping-engine-integration-20260925/projects/chirality-piping/apps/desktop/src/features/viewport/PipeViewport.tsx:909:18
    at Object.react_stack_bottom_frame (/Users/ryan/.codex/worktrees/6614/chirality/projects/chirality-piping/node_modules/react-dom/cjs/react-dom-client.development.js:25989:20)
    at runWithFiberInDEV (/Users/ryan/.codex/worktrees/6614/chirality/projects/chirality-piping/node_modules/react-dom/cjs/react-dom-client.development.js:874:13)
    at commitHookEffectListMount (/Users/ryan/.codex/worktrees/6614/chirality/projects/chirality-piping/node_modules/react-dom/cjs/react-dom-client.development.js:13249:29) undefined
Error: Not implemented: HTMLCanvasElement.prototype.getContext (without installing the canvas npm package)
    at module.exports (/Users/ryan/.codex/worktrees/6614/chirality/projects/chirality-piping/node_modules/jsdom/lib/jsdom/browser/not-implemented.js:9:17)
    at HTMLCanvasElementImpl.getContext (/Users/ryan/.codex/worktrees/6614/chirality/projects/chirality-piping/node_modules/jsdom/lib/jsdom/living/nodes/HTMLCanvasElement-impl.js:42:5)
    at HTMLCanvasElement.getContext (/Users/ryan/.codex/worktrees/6614/chirality/projects/chirality-piping/node_modules/jsdom/lib/jsdom/living/generated/HTMLCanvasElement.js:131:58)
    at getContext (file:///Users/ryan/.codex/worktrees/6614/chirality/projects/chirality-piping/node_modules/three/build/three.module.js:15443:18)
    at new WebGLRenderer (file:///Users/ryan/.codex/worktrees/6614/chirality/projects/chirality-piping/node_modules/three/build/three.module.js:15472:11)
    at new ViewportResource (/private/tmp/piping-engine-integration-20260925/projects/chirality-piping/apps/desktop/src/features/viewport/viewportResource.ts:509:21)
    at /private/tmp/piping-engine-integration-20260925/projects/chirality-piping/apps/desktop/src/features/viewport/PipeViewport.tsx:909:18
    at Object.react_stack_bottom_frame (/Users/ryan/.codex/worktrees/6614/chirality/projects/chirality-piping/node_modules/react-dom/cjs/react-dom-client.development.js:25989:20)
    at runWithFiberInDEV (/Users/ryan/.codex/worktrees/6614/chirality/projects/chirality-piping/node_modules/react-dom/cjs/react-dom-client.development.js:874:13)
    at commitHookEffectListMount (/Users/ryan/.codex/worktrees/6614/chirality/projects/chirality-piping/node_modules/react-dom/cjs/react-dom-client.development.js:13249:29) undefined
Error: Not implemented: HTMLCanvasElement.prototype.getContext (without installing the canvas npm package)
    at module.exports (/Users/ryan/.codex/worktrees/6614/chirality/projects/chirality-piping/node_modules/jsdom/lib/jsdom/browser/not-implemented.js:9:17)
    at HTMLCanvasElementImpl.getContext (/Users/ryan/.codex/worktrees/6614/chirality/projects/chirality-piping/node_modules/jsdom/lib/jsdom/living/nodes/HTMLCanvasElement-impl.js:42:5)
    at HTMLCanvasElement.getContext (/Users/ryan/.codex/worktrees/6614/chirality/projects/chirality-piping/node_modules/jsdom/lib/jsdom/living/generated/HTMLCanvasElement.js:131:58)
    at getContext (file:///Users/ryan/.codex/worktrees/6614/chirality/projects/chirality-piping/node_modules/three/build/three.module.js:15443:18)
    at new WebGLRenderer (file:///Users/ryan/.codex/worktrees/6614/chirality/projects/chirality-piping/node_modules/three/build/three.module.js:15476:11)
    at new ViewportResource (/private/tmp/piping-engine-integration-20260925/projects/chirality-piping/apps/desktop/src/features/viewport/viewportResource.ts:509:21)
    at /private/tmp/piping-engine-integration-20260925/projects/chirality-piping/apps/desktop/src/features/viewport/PipeViewport.tsx:909:18
    at Object.react_stack_bottom_frame (/Users/ryan/.codex/worktrees/6614/chirality/projects/chirality-piping/node_modules/react-dom/cjs/react-dom-client.development.js:25989:20)
    at runWithFiberInDEV (/Users/ryan/.codex/worktrees/6614/chirality/projects/chirality-piping/node_modules/react-dom/cjs/react-dom-client.development.js:874:13)
    at commitHookEffectListMount (/Users/ryan/.codex/worktrees/6614/chirality/projects/chirality-piping/node_modules/react-dom/cjs/react-dom-client.development.js:13249:29) undefined
Error: Not implemented: HTMLCanvasElement.prototype.getContext (without installing the canvas npm package)
    at module.exports (/Users/ryan/.codex/worktrees/6614/chirality/projects/chirality-piping/node_modules/jsdom/lib/jsdom/browser/not-implemented.js:9:17)
    at HTMLCanvasElementImpl.getContext (/Users/ryan/.codex/worktrees/6614/chirality/projects/chirality-piping/node_modules/jsdom/lib/jsdom/living/nodes/HTMLCanvasElement-impl.js:42:5)
    at HTMLCanvasElement.getContext (/Users/ryan/.codex/worktrees/6614/chirality/projects/chirality-piping/node_modules/jsdom/lib/jsdom/living/generated/HTMLCanvasElement.js:131:58)
    at getContext (file:///Users/ryan/.codex/worktrees/6614/chirality/projects/chirality-piping/node_modules/three/build/three.module.js:15443:18)
    at new WebGLRenderer (file:///Users/ryan/.codex/worktrees/6614/chirality/projects/chirality-piping/node_modules/three/build/three.module.js:15472:11)
    at new ViewportResource (/private/tmp/piping-engine-integration-20260925/projects/chirality-piping/apps/desktop/src/features/viewport/viewportResource.ts:509:21)
    at /private/tmp/piping-engine-integration-20260925/projects/chirality-piping/apps/desktop/src/features/viewport/PipeViewport.tsx:909:18
    at Object.react_stack_bottom_frame (/Users/ryan/.codex/worktrees/6614/chirality/projects/chirality-piping/node_modules/react-dom/cjs/react-dom-client.development.js:25989:20)
    at runWithFiberInDEV (/Users/ryan/.codex/worktrees/6614/chirality/projects/chirality-piping/node_modules/react-dom/cjs/react-dom-client.development.js:874:13)
    at commitHookEffectListMount (/Users/ryan/.codex/worktrees/6614/chirality/projects/chirality-piping/node_modules/react-dom/cjs/react-dom-client.development.js:13249:29) undefined
Error: Not implemented: HTMLCanvasElement.prototype.getContext (without installing the canvas npm package)
    at module.exports (/Users/ryan/.codex/worktrees/6614/chirality/projects/chirality-piping/node_modules/jsdom/lib/jsdom/browser/not-implemented.js:9:17)
    at HTMLCanvasElementImpl.getContext (/Users/ryan/.codex/worktrees/6614/chirality/projects/chirality-piping/node_modules/jsdom/lib/jsdom/living/nodes/HTMLCanvasElement-impl.js:42:5)
    at HTMLCanvasElement.getContext (/Users/ryan/.codex/worktrees/6614/chirality/projects/chirality-piping/node_modules/jsdom/lib/jsdom/living/generated/HTMLCanvasElement.js:131:58)
    at getContext (file:///Users/ryan/.codex/worktrees/6614/chirality/projects/chirality-piping/node_modules/three/build/three.module.js:15443:18)
    at new WebGLRenderer (file:///Users/ryan/.codex/worktrees/6614/chirality/projects/chirality-piping/node_modules/three/build/three.module.js:15476:11)
    at new ViewportResource (/private/tmp/piping-engine-integration-20260925/projects/chirality-piping/apps/desktop/src/features/viewport/viewportResource.ts:509:21)
    at /private/tmp/piping-engine-integration-20260925/projects/chirality-piping/apps/desktop/src/features/viewport/PipeViewport.tsx:909:18
    at Object.react_stack_bottom_frame (/Users/ryan/.codex/worktrees/6614/chirality/projects/chirality-piping/node_modules/react-dom/cjs/react-dom-client.development.js:25989:20)
    at runWithFiberInDEV (/Users/ryan/.codex/worktrees/6614/chirality/projects/chirality-piping/node_modules/react-dom/cjs/react-dom-client.development.js:874:13)
    at commitHookEffectListMount (/Users/ryan/.codex/worktrees/6614/chirality/projects/chirality-piping/node_modules/react-dom/cjs/react-dom-client.development.js:13249:29) undefined
Error: Not implemented: HTMLCanvasElement.prototype.getContext (without installing the canvas npm package)
    at module.exports (/Users/ryan/.codex/worktrees/6614/chirality/projects/chirality-piping/node_modules/jsdom/lib/jsdom/browser/not-implemented.js:9:17)
    at HTMLCanvasElementImpl.getContext (/Users/ryan/.codex/worktrees/6614/chirality/projects/chirality-piping/node_modules/jsdom/lib/jsdom/living/nodes/HTMLCanvasElement-impl.js:42:5)
    at HTMLCanvasElement.getContext (/Users/ryan/.codex/worktrees/6614/chirality/projects/chirality-piping/node_modules/jsdom/lib/jsdom/living/generated/HTMLCanvasElement.js:131:58)
    at getContext (file:///Users/ryan/.codex/worktrees/6614/chirality/projects/chirality-piping/node_modules/three/build/three.module.js:15443:18)
    at new WebGLRenderer (file:///Users/ryan/.codex/worktrees/6614/chirality/projects/chirality-piping/node_modules/three/build/three.module.js:15472:11)
    at new ViewportResource (/private/tmp/piping-engine-integration-20260925/projects/chirality-piping/apps/desktop/src/features/viewport/viewportResource.ts:509:21)
    at /private/tmp/piping-engine-integration-20260925/projects/chirality-piping/apps/desktop/src/features/viewport/PipeViewport.tsx:909:18
    at Object.react_stack_bottom_frame (/Users/ryan/.codex/worktrees/6614/chirality/projects/chirality-piping/node_modules/react-dom/cjs/react-dom-client.development.js:25989:20)
    at runWithFiberInDEV (/Users/ryan/.codex/worktrees/6614/chirality/projects/chirality-piping/node_modules/react-dom/cjs/react-dom-client.development.js:874:13)
    at commitHookEffectListMount (/Users/ryan/.codex/worktrees/6614/chirality/projects/chirality-piping/node_modules/react-dom/cjs/react-dom-client.development.js:13249:29) undefined
Error: Not implemented: HTMLCanvasElement.prototype.getContext (without installing the canvas npm package)
    at module.exports (/Users/ryan/.codex/worktrees/6614/chirality/projects/chirality-piping/node_modules/jsdom/lib/jsdom/browser/not-implemented.js:9:17)
    at HTMLCanvasElementImpl.getContext (/Users/ryan/.codex/worktrees/6614/chirality/projects/chirality-piping/node_modules/jsdom/lib/jsdom/living/nodes/HTMLCanvasElement-impl.js:42:5)
    at HTMLCanvasElement.getContext (/Users/ryan/.codex/worktrees/6614/chirality/projects/chirality-piping/node_modules/jsdom/lib/jsdom/living/generated/HTMLCanvasElement.js:131:58)
    at getContext (file:///Users/ryan/.codex/worktrees/6614/chirality/projects/chirality-piping/node_modules/three/build/three.module.js:15443:18)
    at new WebGLRenderer (file:///Users/ryan/.codex/worktrees/6614/chirality/projects/chirality-piping/node_modules/three/build/three.module.js:15476:11)
    at new ViewportResource (/private/tmp/piping-engine-integration-20260925/projects/chirality-piping/apps/desktop/src/features/viewport/viewportResource.ts:509:21)
    at /private/tmp/piping-engine-integration-20260925/projects/chirality-piping/apps/desktop/src/features/viewport/PipeViewport.tsx:909:18
    at Object.react_stack_bottom_frame (/Users/ryan/.codex/worktrees/6614/chirality/projects/chirality-piping/node_modules/react-dom/cjs/react-dom-client.development.js:25989:20)
    at runWithFiberInDEV (/Users/ryan/.codex/worktrees/6614/chirality/projects/chirality-piping/node_modules/react-dom/cjs/react-dom-client.development.js:874:13)
    at commitHookEffectListMount (/Users/ryan/.codex/worktrees/6614/chirality/projects/chirality-piping/node_modules/react-dom/cjs/react-dom-client.development.js:13249:29) undefined
Error: Not implemented: HTMLCanvasElement.prototype.getContext (without installing the canvas npm package)
    at module.exports (/Users/ryan/.codex/worktrees/6614/chirality/projects/chirality-piping/node_modules/jsdom/lib/jsdom/browser/not-implemented.js:9:17)
    at HTMLCanvasElementImpl.getContext (/Users/ryan/.codex/worktrees/6614/chirality/projects/chirality-piping/node_modules/jsdom/lib/jsdom/living/nodes/HTMLCanvasElement-impl.js:42:5)
    at HTMLCanvasElement.getContext (/Users/ryan/.codex/worktrees/6614/chirality/projects/chirality-piping/node_modules/jsdom/lib/jsdom/living/generated/HTMLCanvasElement.js:131:58)
    at getContext (file:///Users/ryan/.codex/worktrees/6614/chirality/projects/chirality-piping/node_modules/three/build/three.module.js:15443:18)
    at new WebGLRenderer (file:///Users/ryan/.codex/worktrees/6614/chirality/projects/chirality-piping/node_modules/three/build/three.module.js:15472:11)
    at new ViewportResource (/private/tmp/piping-engine-integration-20260925/projects/chirality-piping/apps/desktop/src/features/viewport/viewportResource.ts:509:21)
    at /private/tmp/piping-engine-integration-20260925/projects/chirality-piping/apps/desktop/src/features/viewport/PipeViewport.tsx:909:18
    at Object.react_stack_bottom_frame (/Users/ryan/.codex/worktrees/6614/chirality/projects/chirality-piping/node_modules/react-dom/cjs/react-dom-client.development.js:25989:20)
    at runWithFiberInDEV (/Users/ryan/.codex/worktrees/6614/chirality/projects/chirality-piping/node_modules/react-dom/cjs/react-dom-client.development.js:874:13)
    at commitHookEffectListMount (/Users/ryan/.codex/worktrees/6614/chirality/projects/chirality-piping/node_modules/react-dom/cjs/react-dom-client.development.js:13249:29) undefined
Error: Not implemented: HTMLCanvasElement.prototype.getContext (without installing the canvas npm package)
    at module.exports (/Users/ryan/.codex/worktrees/6614/chirality/projects/chirality-piping/node_modules/jsdom/lib/jsdom/browser/not-implemented.js:9:17)
    at HTMLCanvasElementImpl.getContext (/Users/ryan/.codex/worktrees/6614/chirality/projects/chirality-piping/node_modules/jsdom/lib/jsdom/living/nodes/HTMLCanvasElement-impl.js:42:5)
    at HTMLCanvasElement.getContext (/Users/ryan/.codex/worktrees/6614/chirality/projects/chirality-piping/node_modules/jsdom/lib/jsdom/living/generated/HTMLCanvasElement.js:131:58)
    at getContext (file:///Users/ryan/.codex/worktrees/6614/chirality/projects/chirality-piping/node_modules/three/build/three.module.js:15443:18)
    at new WebGLRenderer (file:///Users/ryan/.codex/worktrees/6614/chirality/projects/chirality-piping/node_modules/three/build/three.module.js:15476:11)
    at new ViewportResource (/private/tmp/piping-engine-integration-20260925/projects/chirality-piping/apps/desktop/src/features/viewport/viewportResource.ts:509:21)
    at /private/tmp/piping-engine-integration-20260925/projects/chirality-piping/apps/desktop/src/features/viewport/PipeViewport.tsx:909:18
    at Object.react_stack_bottom_frame (/Users/ryan/.codex/worktrees/6614/chirality/projects/chirality-piping/node_modules/react-dom/cjs/react-dom-client.development.js:25989:20)
    at runWithFiberInDEV (/Users/ryan/.codex/worktrees/6614/chirality/projects/chirality-piping/node_modules/react-dom/cjs/react-dom-client.development.js:874:13)
    at commitHookEffectListMount (/Users/ryan/.codex/worktrees/6614/chirality/projects/chirality-piping/node_modules/react-dom/cjs/react-dom-client.development.js:13249:29) undefined
Error: Not implemented: HTMLCanvasElement.prototype.getContext (without installing the canvas npm package)
    at module.exports (/Users/ryan/.codex/worktrees/6614/chirality/projects/chirality-piping/node_modules/jsdom/lib/jsdom/browser/not-implemented.js:9:17)
    at HTMLCanvasElementImpl.getContext (/Users/ryan/.codex/worktrees/6614/chirality/projects/chirality-piping/node_modules/jsdom/lib/jsdom/living/nodes/HTMLCanvasElement-impl.js:42:5)
    at HTMLCanvasElement.getContext (/Users/ryan/.codex/worktrees/6614/chirality/projects/chirality-piping/node_modules/jsdom/lib/jsdom/living/generated/HTMLCanvasElement.js:131:58)
    at getContext (file:///Users/ryan/.codex/worktrees/6614/chirality/projects/chirality-piping/node_modules/three/build/three.module.js:15443:18)
    at new WebGLRenderer (file:///Users/ryan/.codex/worktrees/6614/chirality/projects/chirality-piping/node_modules/three/build/three.module.js:15472:11)
    at new ViewportResource (/private/tmp/piping-engine-integration-20260925/projects/chirality-piping/apps/desktop/src/features/viewport/viewportResource.ts:509:21)
    at /private/tmp/piping-engine-integration-20260925/projects/chirality-piping/apps/desktop/src/features/viewport/PipeViewport.tsx:909:18
    at Object.react_stack_bottom_frame (/Users/ryan/.codex/worktrees/6614/chirality/projects/chirality-piping/node_modules/react-dom/cjs/react-dom-client.development.js:25989:20)
    at runWithFiberInDEV (/Users/ryan/.codex/worktrees/6614/chirality/projects/chirality-piping/node_modules/react-dom/cjs/react-dom-client.development.js:874:13)
    at commitHookEffectListMount (/Users/ryan/.codex/worktrees/6614/chirality/projects/chirality-piping/node_modules/react-dom/cjs/react-dom-client.development.js:13249:29) undefined
Error: Not implemented: HTMLCanvasElement.prototype.getContext (without installing the canvas npm package)
    at module.exports (/Users/ryan/.codex/worktrees/6614/chirality/projects/chirality-piping/node_modules/jsdom/lib/jsdom/browser/not-implemented.js:9:17)
    at HTMLCanvasElementImpl.getContext (/Users/ryan/.codex/worktrees/6614/chirality/projects/chirality-piping/node_modules/jsdom/lib/jsdom/living/nodes/HTMLCanvasElement-impl.js:42:5)
    at HTMLCanvasElement.getContext (/Users/ryan/.codex/worktrees/6614/chirality/projects/chirality-piping/node_modules/jsdom/lib/jsdom/living/generated/HTMLCanvasElement.js:131:58)
    at getContext (file:///Users/ryan/.codex/worktrees/6614/chirality/projects/chirality-piping/node_modules/three/build/three.module.js:15443:18)
    at new WebGLRenderer (file:///Users/ryan/.codex/worktrees/6614/chirality/projects/chirality-piping/node_modules/three/build/three.module.js:15476:11)
    at new ViewportResource (/private/tmp/piping-engine-integration-20260925/projects/chirality-piping/apps/desktop/src/features/viewport/viewportResource.ts:509:21)
    at /private/tmp/piping-engine-integration-20260925/projects/chirality-piping/apps/desktop/src/features/viewport/PipeViewport.tsx:909:18
    at Object.react_stack_bottom_frame (/Users/ryan/.codex/worktrees/6614/chirality/projects/chirality-piping/node_modules/react-dom/cjs/react-dom-client.development.js:25989:20)
    at runWithFiberInDEV (/Users/ryan/.codex/worktrees/6614/chirality/projects/chirality-piping/node_modules/react-dom/cjs/react-dom-client.development.js:874:13)
    at commitHookEffectListMount (/Users/ryan/.codex/worktrees/6614/chirality/projects/chirality-piping/node_modules/react-dom/cjs/react-dom-client.development.js:13249:29) undefined
Error: Not implemented: HTMLCanvasElement.prototype.getContext (without installing the canvas npm package)
    at module.exports (/Users/ryan/.codex/worktrees/6614/chirality/projects/chirality-piping/node_modules/jsdom/lib/jsdom/browser/not-implemented.js:9:17)
    at HTMLCanvasElementImpl.getContext (/Users/ryan/.codex/worktrees/6614/chirality/projects/chirality-piping/node_modules/jsdom/lib/jsdom/living/nodes/HTMLCanvasElement-impl.js:42:5)
    at HTMLCanvasElement.getContext (/Users/ryan/.codex/worktrees/6614/chirality/projects/chirality-piping/node_modules/jsdom/lib/jsdom/living/generated/HTMLCanvasElement.js:131:58)
    at getContext (file:///Users/ryan/.codex/worktrees/6614/chirality/projects/chirality-piping/node_modules/three/build/three.module.js:15443:18)
    at new WebGLRenderer (file:///Users/ryan/.codex/worktrees/6614/chirality/projects/chirality-piping/node_modules/three/build/three.module.js:15472:11)
    at new ViewportResource (/private/tmp/piping-engine-integration-20260925/projects/chirality-piping/apps/desktop/src/features/viewport/viewportResource.ts:509:21)
    at /private/tmp/piping-engine-integration-20260925/projects/chirality-piping/apps/desktop/src/features/viewport/PipeViewport.tsx:909:18
    at Object.react_stack_bottom_frame (/Users/ryan/.codex/worktrees/6614/chirality/projects/chirality-piping/node_modules/react-dom/cjs/react-dom-client.development.js:25989:20)
    at runWithFiberInDEV (/Users/ryan/.codex/worktrees/6614/chirality/projects/chirality-piping/node_modules/react-dom/cjs/react-dom-client.development.js:874:13)
    at commitHookEffectListMount (/Users/ryan/.codex/worktrees/6614/chirality/projects/chirality-piping/node_modules/react-dom/cjs/react-dom-client.development.js:13249:29) undefined
Error: Not implemented: HTMLCanvasElement.prototype.getContext (without installing the canvas npm package)
    at module.exports (/Users/ryan/.codex/worktrees/6614/chirality/projects/chirality-piping/node_modules/jsdom/lib/jsdom/browser/not-implemented.js:9:17)
    at HTMLCanvasElementImpl.getContext (/Users/ryan/.codex/worktrees/6614/chirality/projects/chirality-piping/node_modules/jsdom/lib/jsdom/living/nodes/HTMLCanvasElement-impl.js:42:5)
    at HTMLCanvasElement.getContext (/Users/ryan/.codex/worktrees/6614/chirality/projects/chirality-piping/node_modules/jsdom/lib/jsdom/living/generated/HTMLCanvasElement.js:131:58)
    at getContext (file:///Users/ryan/.codex/worktrees/6614/chirality/projects/chirality-piping/node_modules/three/build/three.module.js:15443:18)
    at new WebGLRenderer (file:///Users/ryan/.codex/worktrees/6614/chirality/projects/chirality-piping/node_modules/three/build/three.module.js:15476:11)
    at new ViewportResource (/private/tmp/piping-engine-integration-20260925/projects/chirality-piping/apps/desktop/src/features/viewport/viewportResource.ts:509:21)
    at /private/tmp/piping-engine-integration-20260925/projects/chirality-piping/apps/desktop/src/features/viewport/PipeViewport.tsx:909:18
    at Object.react_stack_bottom_frame (/Users/ryan/.codex/worktrees/6614/chirality/projects/chirality-piping/node_modules/react-dom/cjs/react-dom-client.development.js:25989:20)
    at runWithFiberInDEV (/Users/ryan/.codex/worktrees/6614/chirality/projects/chirality-piping/node_modules/react-dom/cjs/react-dom-client.development.js:874:13)
    at commitHookEffectListMount (/Users/ryan/.codex/worktrees/6614/chirality/projects/chirality-piping/node_modules/react-dom/cjs/react-dom-client.development.js:13249:29) undefined
Error: Not implemented: HTMLCanvasElement.prototype.getContext (without installing the canvas npm package)
    at module.exports (/Users/ryan/.codex/worktrees/6614/chirality/projects/chirality-piping/node_modules/jsdom/lib/jsdom/browser/not-implemented.js:9:17)
    at HTMLCanvasElementImpl.getContext (/Users/ryan/.codex/worktrees/6614/chirality/projects/chirality-piping/node_modules/jsdom/lib/jsdom/living/nodes/HTMLCanvasElement-impl.js:42:5)
    at HTMLCanvasElement.getContext (/Users/ryan/.codex/worktrees/6614/chirality/projects/chirality-piping/node_modules/jsdom/lib/jsdom/living/generated/HTMLCanvasElement.js:131:58)
    at getContext (file:///Users/ryan/.codex/worktrees/6614/chirality/projects/chirality-piping/node_modules/three/build/three.module.js:15443:18)
    at new WebGLRenderer (file:///Users/ryan/.codex/worktrees/6614/chirality/projects/chirality-piping/node_modules/three/build/three.module.js:15472:11)
    at new ViewportResource (/private/tmp/piping-engine-integration-20260925/projects/chirality-piping/apps/desktop/src/features/viewport/viewportResource.ts:509:21)
    at /private/tmp/piping-engine-integration-20260925/projects/chirality-piping/apps/desktop/src/features/viewport/PipeViewport.tsx:909:18
    at Object.react_stack_bottom_frame (/Users/ryan/.codex/worktrees/6614/chirality/projects/chirality-piping/node_modules/react-dom/cjs/react-dom-client.development.js:25989:20)
    at runWithFiberInDEV (/Users/ryan/.codex/worktrees/6614/chirality/projects/chirality-piping/node_modules/react-dom/cjs/react-dom-client.development.js:874:13)
    at commitHookEffectListMount (/Users/ryan/.codex/worktrees/6614/chirality/projects/chirality-piping/node_modules/react-dom/cjs/react-dom-client.development.js:13249:29) undefined
Error: Not implemented: HTMLCanvasElement.prototype.getContext (without installing the canvas npm package)
    at module.exports (/Users/ryan/.codex/worktrees/6614/chirality/projects/chirality-piping/node_modules/jsdom/lib/jsdom/browser/not-implemented.js:9:17)
    at HTMLCanvasElementImpl.getContext (/Users/ryan/.codex/worktrees/6614/chirality/projects/chirality-piping/node_modules/jsdom/lib/jsdom/living/nodes/HTMLCanvasElement-impl.js:42:5)
    at HTMLCanvasElement.getContext (/Users/ryan/.codex/worktrees/6614/chirality/projects/chirality-piping/node_modules/jsdom/lib/jsdom/living/generated/HTMLCanvasElement.js:131:58)
    at getContext (file:///Users/ryan/.codex/worktrees/6614/chirality/projects/chirality-piping/node_modules/three/build/three.module.js:15443:18)
    at new WebGLRenderer (file:///Users/ryan/.codex/worktrees/6614/chirality/projects/chirality-piping/node_modules/three/build/three.module.js:15476:11)
    at new ViewportResource (/private/tmp/piping-engine-integration-20260925/projects/chirality-piping/apps/desktop/src/features/viewport/viewportResource.ts:509:21)
    at /private/tmp/piping-engine-integration-20260925/projects/chirality-piping/apps/desktop/src/features/viewport/PipeViewport.tsx:909:18
    at Object.react_stack_bottom_frame (/Users/ryan/.codex/worktrees/6614/chirality/projects/chirality-piping/node_modules/react-dom/cjs/react-dom-client.development.js:25989:20)
    at runWithFiberInDEV (/Users/ryan/.codex/worktrees/6614/chirality/projects/chirality-piping/node_modules/react-dom/cjs/react-dom-client.development.js:874:13)
    at commitHookEffectListMount (/Users/ryan/.codex/worktrees/6614/chirality/projects/chirality-piping/node_modules/react-dom/cjs/react-dom-client.development.js:13249:29) undefined
Error: Not implemented: HTMLCanvasElement.prototype.getContext (without installing the canvas npm package)
    at module.exports (/Users/ryan/.codex/worktrees/6614/chirality/projects/chirality-piping/node_modules/jsdom/lib/jsdom/browser/not-implemented.js:9:17)
    at HTMLCanvasElementImpl.getContext (/Users/ryan/.codex/worktrees/6614/chirality/projects/chirality-piping/node_modules/jsdom/lib/jsdom/living/nodes/HTMLCanvasElement-impl.js:42:5)
    at HTMLCanvasElement.getContext (/Users/ryan/.codex/worktrees/6614/chirality/projects/chirality-piping/node_modules/jsdom/lib/jsdom/living/generated/HTMLCanvasElement.js:131:58)
    at getContext (file:///Users/ryan/.codex/worktrees/6614/chirality/projects/chirality-piping/node_modules/three/build/three.module.js:15443:18)
    at new WebGLRenderer (file:///Users/ryan/.codex/worktrees/6614/chirality/projects/chirality-piping/node_modules/three/build/three.module.js:15472:11)
    at new ViewportResource (/private/tmp/piping-engine-integration-20260925/projects/chirality-piping/apps/desktop/src/features/viewport/viewportResource.ts:509:21)
    at /private/tmp/piping-engine-integration-20260925/projects/chirality-piping/apps/desktop/src/features/viewport/PipeViewport.tsx:909:18
    at Object.react_stack_bottom_frame (/Users/ryan/.codex/worktrees/6614/chirality/projects/chirality-piping/node_modules/react-dom/cjs/react-dom-client.development.js:25989:20)
    at runWithFiberInDEV (/Users/ryan/.codex/worktrees/6614/chirality/projects/chirality-piping/node_modules/react-dom/cjs/react-dom-client.development.js:874:13)
    at commitHookEffectListMount (/Users/ryan/.codex/worktrees/6614/chirality/projects/chirality-piping/node_modules/react-dom/cjs/react-dom-client.development.js:13249:29) undefined
Error: Not implemented: HTMLCanvasElement.prototype.getContext (without installing the canvas npm package)
    at module.exports (/Users/ryan/.codex/worktrees/6614/chirality/projects/chirality-piping/node_modules/jsdom/lib/jsdom/browser/not-implemented.js:9:17)
    at HTMLCanvasElementImpl.getContext (/Users/ryan/.codex/worktrees/6614/chirality/projects/chirality-piping/node_modules/jsdom/lib/jsdom/living/nodes/HTMLCanvasElement-impl.js:42:5)
    at HTMLCanvasElement.getContext (/Users/ryan/.codex/worktrees/6614/chirality/projects/chirality-piping/node_modules/jsdom/lib/jsdom/living/generated/HTMLCanvasElement.js:131:58)
    at getContext (file:///Users/ryan/.codex/worktrees/6614/chirality/projects/chirality-piping/node_modules/three/build/three.module.js:15443:18)
    at new WebGLRenderer (file:///Users/ryan/.codex/worktrees/6614/chirality/projects/chirality-piping/node_modules/three/build/three.module.js:15476:11)
    at new ViewportResource (/private/tmp/piping-engine-integration-20260925/projects/chirality-piping/apps/desktop/src/features/viewport/viewportResource.ts:509:21)
    at /private/tmp/piping-engine-integration-20260925/projects/chirality-piping/apps/desktop/src/features/viewport/PipeViewport.tsx:909:18
    at Object.react_stack_bottom_frame (/Users/ryan/.codex/worktrees/6614/chirality/projects/chirality-piping/node_modules/react-dom/cjs/react-dom-client.development.js:25989:20)
    at runWithFiberInDEV (/Users/ryan/.codex/worktrees/6614/chirality/projects/chirality-piping/node_modules/react-dom/cjs/react-dom-client.development.js:874:13)
    at commitHookEffectListMount (/Users/ryan/.codex/worktrees/6614/chirality/projects/chirality-piping/node_modules/react-dom/cjs/react-dom-client.development.js:13249:29) undefined
Error: Not implemented: HTMLCanvasElement.prototype.getContext (without installing the canvas npm package)
    at module.exports (/Users/ryan/.codex/worktrees/6614/chirality/projects/chirality-piping/node_modules/jsdom/lib/jsdom/browser/not-implemented.js:9:17)
    at HTMLCanvasElementImpl.getContext (/Users/ryan/.codex/worktrees/6614/chirality/projects/chirality-piping/node_modules/jsdom/lib/jsdom/living/nodes/HTMLCanvasElement-impl.js:42:5)
    at HTMLCanvasElement.getContext (/Users/ryan/.codex/worktrees/6614/chirality/projects/chirality-piping/node_modules/jsdom/lib/jsdom/living/generated/HTMLCanvasElement.js:131:58)
    at getContext (file:///Users/ryan/.codex/worktrees/6614/chirality/projects/chirality-piping/node_modules/three/build/three.module.js:15443:18)
    at new WebGLRenderer (file:///Users/ryan/.codex/worktrees/6614/chirality/projects/chirality-piping/node_modules/three/build/three.module.js:15472:11)
    at new ViewportResource (/private/tmp/piping-engine-integration-20260925/projects/chirality-piping/apps/desktop/src/features/viewport/viewportResource.ts:509:21)
    at /private/tmp/piping-engine-integration-20260925/projects/chirality-piping/apps/desktop/src/features/viewport/PipeViewport.tsx:909:18
    at Object.react_stack_bottom_frame (/Users/ryan/.codex/worktrees/6614/chirality/projects/chirality-piping/node_modules/react-dom/cjs/react-dom-client.development.js:25989:20)
    at runWithFiberInDEV (/Users/ryan/.codex/worktrees/6614/chirality/projects/chirality-piping/node_modules/react-dom/cjs/react-dom-client.development.js:874:13)
    at commitHookEffectListMount (/Users/ryan/.codex/worktrees/6614/chirality/projects/chirality-piping/node_modules/react-dom/cjs/react-dom-client.development.js:13249:29) undefined
Error: Not implemented: HTMLCanvasElement.prototype.getContext (without installing the canvas npm package)
    at module.exports (/Users/ryan/.codex/worktrees/6614/chirality/projects/chirality-piping/node_modules/jsdom/lib/jsdom/browser/not-implemented.js:9:17)
    at HTMLCanvasElementImpl.getContext (/Users/ryan/.codex/worktrees/6614/chirality/projects/chirality-piping/node_modules/jsdom/lib/jsdom/living/nodes/HTMLCanvasElement-impl.js:42:5)
    at HTMLCanvasElement.getContext (/Users/ryan/.codex/worktrees/6614/chirality/projects/chirality-piping/node_modules/jsdom/lib/jsdom/living/generated/HTMLCanvasElement.js:131:58)
    at getContext (file:///Users/ryan/.codex/worktrees/6614/chirality/projects/chirality-piping/node_modules/three/build/three.module.js:15443:18)
    at new WebGLRenderer (file:///Users/ryan/.codex/worktrees/6614/chirality/projects/chirality-piping/node_modules/three/build/three.module.js:15476:11)
    at new ViewportResource (/private/tmp/piping-engine-integration-20260925/projects/chirality-piping/apps/desktop/src/features/viewport/viewportResource.ts:509:21)
    at /private/tmp/piping-engine-integration-20260925/projects/chirality-piping/apps/desktop/src/features/viewport/PipeViewport.tsx:909:18
    at Object.react_stack_bottom_frame (/Users/ryan/.codex/worktrees/6614/chirality/projects/chirality-piping/node_modules/react-dom/cjs/react-dom-client.development.js:25989:20)
    at runWithFiberInDEV (/Users/ryan/.codex/worktrees/6614/chirality/projects/chirality-piping/node_modules/react-dom/cjs/react-dom-client.development.js:874:13)
    at commitHookEffectListMount (/Users/ryan/.codex/worktrees/6614/chirality/projects/chirality-piping/node_modules/react-dom/cjs/react-dom-client.development.js:13249:29) undefined
Error: Not implemented: HTMLCanvasElement.prototype.getContext (without installing the canvas npm package)
    at module.exports (/Users/ryan/.codex/worktrees/6614/chirality/projects/chirality-piping/node_modules/jsdom/lib/jsdom/browser/not-implemented.js:9:17)
    at HTMLCanvasElementImpl.getContext (/Users/ryan/.codex/worktrees/6614/chirality/projects/chirality-piping/node_modules/jsdom/lib/jsdom/living/nodes/HTMLCanvasElement-impl.js:42:5)
    at HTMLCanvasElement.getContext (/Users/ryan/.codex/worktrees/6614/chirality/projects/chirality-piping/node_modules/jsdom/lib/jsdom/living/generated/HTMLCanvasElement.js:131:58)
    at getContext (file:///Users/ryan/.codex/worktrees/6614/chirality/projects/chirality-piping/node_modules/three/build/three.module.js:15443:18)
    at new WebGLRenderer (file:///Users/ryan/.codex/worktrees/6614/chirality/projects/chirality-piping/node_modules/three/build/three.module.js:15472:11)
    at new ViewportResource (/private/tmp/piping-engine-integration-20260925/projects/chirality-piping/apps/desktop/src/features/viewport/viewportResource.ts:509:21)
    at /private/tmp/piping-engine-integration-20260925/projects/chirality-piping/apps/desktop/src/features/viewport/PipeViewport.tsx:909:18
    at Object.react_stack_bottom_frame (/Users/ryan/.codex/worktrees/6614/chirality/projects/chirality-piping/node_modules/react-dom/cjs/react-dom-client.development.js:25989:20)
    at runWithFiberInDEV (/Users/ryan/.codex/worktrees/6614/chirality/projects/chirality-piping/node_modules/react-dom/cjs/react-dom-client.development.js:874:13)
    at commitHookEffectListMount (/Users/ryan/.codex/worktrees/6614/chirality/projects/chirality-piping/node_modules/react-dom/cjs/react-dom-client.development.js:13249:29) undefined
Error: Not implemented: HTMLCanvasElement.prototype.getContext (without installing the canvas npm package)
    at module.exports (/Users/ryan/.codex/worktrees/6614/chirality/projects/chirality-piping/node_modules/jsdom/lib/jsdom/browser/not-implemented.js:9:17)
    at HTMLCanvasElementImpl.getContext (/Users/ryan/.codex/worktrees/6614/chirality/projects/chirality-piping/node_modules/jsdom/lib/jsdom/living/nodes/HTMLCanvasElement-impl.js:42:5)
    at HTMLCanvasElement.getContext (/Users/ryan/.codex/worktrees/6614/chirality/projects/chirality-piping/node_modules/jsdom/lib/jsdom/living/generated/HTMLCanvasElement.js:131:58)
    at getContext (file:///Users/ryan/.codex/worktrees/6614/chirality/projects/chirality-piping/node_modules/three/build/three.module.js:15443:18)
    at new WebGLRenderer (file:///Users/ryan/.codex/worktrees/6614/chirality/projects/chirality-piping/node_modules/three/build/three.module.js:15476:11)
    at new ViewportResource (/private/tmp/piping-engine-integration-20260925/projects/chirality-piping/apps/desktop/src/features/viewport/viewportResource.ts:509:21)
    at /private/tmp/piping-engine-integration-20260925/projects/chirality-piping/apps/desktop/src/features/viewport/PipeViewport.tsx:909:18
    at Object.react_stack_bottom_frame (/Users/ryan/.codex/worktrees/6614/chirality/projects/chirality-piping/node_modules/react-dom/cjs/react-dom-client.development.js:25989:20)
    at runWithFiberInDEV (/Users/ryan/.codex/worktrees/6614/chirality/projects/chirality-piping/node_modules/react-dom/cjs/react-dom-client.development.js:874:13)
    at commitHookEffectListMount (/Users/ryan/.codex/worktrees/6614/chirality/projects/chirality-piping/node_modules/react-dom/cjs/react-dom-client.development.js:13249:29) undefined
Error: Not implemented: HTMLCanvasElement.prototype.getContext (without installing the canvas npm package)
    at module.exports (/Users/ryan/.codex/worktrees/6614/chirality/projects/chirality-piping/node_modules/jsdom/lib/jsdom/browser/not-implemented.js:9:17)
    at HTMLCanvasElementImpl.getContext (/Users/ryan/.codex/worktrees/6614/chirality/projects/chirality-piping/node_modules/jsdom/lib/jsdom/living/nodes/HTMLCanvasElement-impl.js:42:5)
    at HTMLCanvasElement.getContext (/Users/ryan/.codex/worktrees/6614/chirality/projects/chirality-piping/node_modules/jsdom/lib/jsdom/living/generated/HTMLCanvasElement.js:131:58)
    at getContext (file:///Users/ryan/.codex/worktrees/6614/chirality/projects/chirality-piping/node_modules/three/build/three.module.js:15443:18)
    at new WebGLRenderer (file:///Users/ryan/.codex/worktrees/6614/chirality/projects/chirality-piping/node_modules/three/build/three.module.js:15472:11)
    at new ViewportResource (/private/tmp/piping-engine-integration-20260925/projects/chirality-piping/apps/desktop/src/features/viewport/viewportResource.ts:509:21)
    at /private/tmp/piping-engine-integration-20260925/projects/chirality-piping/apps/desktop/src/features/viewport/PipeViewport.tsx:909:18
    at Object.react_stack_bottom_frame (/Users/ryan/.codex/worktrees/6614/chirality/projects/chirality-piping/node_modules/react-dom/cjs/react-dom-client.development.js:25989:20)
    at runWithFiberInDEV (/Users/ryan/.codex/worktrees/6614/chirality/projects/chirality-piping/node_modules/react-dom/cjs/react-dom-client.development.js:874:13)
    at commitHookEffectListMount (/Users/ryan/.codex/worktrees/6614/chirality/projects/chirality-piping/node_modules/react-dom/cjs/react-dom-client.development.js:13249:29) undefined
Error: Not implemented: HTMLCanvasElement.prototype.getContext (without installing the canvas npm package)
    at module.exports (/Users/ryan/.codex/worktrees/6614/chirality/projects/chirality-piping/node_modules/jsdom/lib/jsdom/browser/not-implemented.js:9:17)
    at HTMLCanvasElementImpl.getContext (/Users/ryan/.codex/worktrees/6614/chirality/projects/chirality-piping/node_modules/jsdom/lib/jsdom/living/nodes/HTMLCanvasElement-impl.js:42:5)
    at HTMLCanvasElement.getContext (/Users/ryan/.codex/worktrees/6614/chirality/projects/chirality-piping/node_modules/jsdom/lib/jsdom/living/generated/HTMLCanvasElement.js:131:58)
    at getContext (file:///Users/ryan/.codex/worktrees/6614/chirality/projects/chirality-piping/node_modules/three/build/three.module.js:15443:18)
    at new WebGLRenderer (file:///Users/ryan/.codex/worktrees/6614/chirality/projects/chirality-piping/node_modules/three/build/three.module.js:15476:11)
    at new ViewportResource (/private/tmp/piping-engine-integration-20260925/projects/chirality-piping/apps/desktop/src/features/viewport/viewportResource.ts:509:21)
    at /private/tmp/piping-engine-integration-20260925/projects/chirality-piping/apps/desktop/src/features/viewport/PipeViewport.tsx:909:18
    at Object.react_stack_bottom_frame (/Users/ryan/.codex/worktrees/6614/chirality/projects/chirality-piping/node_modules/react-dom/cjs/react-dom-client.development.js:25989:20)
    at runWithFiberInDEV (/Users/ryan/.codex/worktrees/6614/chirality/projects/chirality-piping/node_modules/react-dom/cjs/react-dom-client.development.js:874:13)
    at commitHookEffectListMount (/Users/ryan/.codex/worktrees/6614/chirality/projects/chirality-piping/node_modules/react-dom/cjs/react-dom-client.development.js:13249:29) undefined
Error: Not implemented: HTMLCanvasElement.prototype.getContext (without installing the canvas npm package)
    at module.exports (/Users/ryan/.codex/worktrees/6614/chirality/projects/chirality-piping/node_modules/jsdom/lib/jsdom/browser/not-implemented.js:9:17)
    at HTMLCanvasElementImpl.getContext (/Users/ryan/.codex/worktrees/6614/chirality/projects/chirality-piping/node_modules/jsdom/lib/jsdom/living/nodes/HTMLCanvasElement-impl.js:42:5)
    at HTMLCanvasElement.getContext (/Users/ryan/.codex/worktrees/6614/chirality/projects/chirality-piping/node_modules/jsdom/lib/jsdom/living/generated/HTMLCanvasElement.js:131:58)
    at getContext (file:///Users/ryan/.codex/worktrees/6614/chirality/projects/chirality-piping/node_modules/three/build/three.module.js:15443:18)
    at new WebGLRenderer (file:///Users/ryan/.codex/worktrees/6614/chirality/projects/chirality-piping/node_modules/three/build/three.module.js:15472:11)
    at new ViewportResource (/private/tmp/piping-engine-integration-20260925/projects/chirality-piping/apps/desktop/src/features/viewport/viewportResource.ts:509:21)
    at /private/tmp/piping-engine-integration-20260925/projects/chirality-piping/apps/desktop/src/features/viewport/PipeViewport.tsx:909:18
    at Object.react_stack_bottom_frame (/Users/ryan/.codex/worktrees/6614/chirality/projects/chirality-piping/node_modules/react-dom/cjs/react-dom-client.development.js:25989:20)
    at runWithFiberInDEV (/Users/ryan/.codex/worktrees/6614/chirality/projects/chirality-piping/node_modules/react-dom/cjs/react-dom-client.development.js:874:13)
    at commitHookEffectListMount (/Users/ryan/.codex/worktrees/6614/chirality/projects/chirality-piping/node_modules/react-dom/cjs/react-dom-client.development.js:13249:29) undefined
Error: Not implemented: HTMLCanvasElement.prototype.getContext (without installing the canvas npm package)
    at module.exports (/Users/ryan/.codex/worktrees/6614/chirality/projects/chirality-piping/node_modules/jsdom/lib/jsdom/browser/not-implemented.js:9:17)
    at HTMLCanvasElementImpl.getContext (/Users/ryan/.codex/worktrees/6614/chirality/projects/chirality-piping/node_modules/jsdom/lib/jsdom/living/nodes/HTMLCanvasElement-impl.js:42:5)
    at HTMLCanvasElement.getContext (/Users/ryan/.codex/worktrees/6614/chirality/projects/chirality-piping/node_modules/jsdom/lib/jsdom/living/generated/HTMLCanvasElement.js:131:58)
    at getContext (file:///Users/ryan/.codex/worktrees/6614/chirality/projects/chirality-piping/node_modules/three/build/three.module.js:15443:18)
    at new WebGLRenderer (file:///Users/ryan/.codex/worktrees/6614/chirality/projects/chirality-piping/node_modules/three/build/three.module.js:15476:11)
    at new ViewportResource (/private/tmp/piping-engine-integration-20260925/projects/chirality-piping/apps/desktop/src/features/viewport/viewportResource.ts:509:21)
    at /private/tmp/piping-engine-integration-20260925/projects/chirality-piping/apps/desktop/src/features/viewport/PipeViewport.tsx:909:18
    at Object.react_stack_bottom_frame (/Users/ryan/.codex/worktrees/6614/chirality/projects/chirality-piping/node_modules/react-dom/cjs/react-dom-client.development.js:25989:20)
    at runWithFiberInDEV (/Users/ryan/.codex/worktrees/6614/chirality/projects/chirality-piping/node_modules/react-dom/cjs/react-dom-client.development.js:874:13)
    at commitHookEffectListMount (/Users/ryan/.codex/worktrees/6614/chirality/projects/chirality-piping/node_modules/react-dom/cjs/react-dom-client.development.js:13249:29) undefined
Error: Not implemented: HTMLCanvasElement.prototype.getContext (without installing the canvas npm package)
    at module.exports (/Users/ryan/.codex/worktrees/6614/chirality/projects/chirality-piping/node_modules/jsdom/lib/jsdom/browser/not-implemented.js:9:17)
    at HTMLCanvasElementImpl.getContext (/Users/ryan/.codex/worktrees/6614/chirality/projects/chirality-piping/node_modules/jsdom/lib/jsdom/living/nodes/HTMLCanvasElement-impl.js:42:5)
    at HTMLCanvasElement.getContext (/Users/ryan/.codex/worktrees/6614/chirality/projects/chirality-piping/node_modules/jsdom/lib/jsdom/living/generated/HTMLCanvasElement.js:131:58)
    at getContext (file:///Users/ryan/.codex/worktrees/6614/chirality/projects/chirality-piping/node_modules/three/build/three.module.js:15443:18)
    at new WebGLRenderer (file:///Users/ryan/.codex/worktrees/6614/chirality/projects/chirality-piping/node_modules/three/build/three.module.js:15472:11)
    at new ViewportResource (/private/tmp/piping-engine-integration-20260925/projects/chirality-piping/apps/desktop/src/features/viewport/viewportResource.ts:509:21)
    at /private/tmp/piping-engine-integration-20260925/projects/chirality-piping/apps/desktop/src/features/viewport/PipeViewport.tsx:909:18
    at Object.react_stack_bottom_frame (/Users/ryan/.codex/worktrees/6614/chirality/projects/chirality-piping/node_modules/react-dom/cjs/react-dom-client.development.js:25989:20)
    at runWithFiberInDEV (/Users/ryan/.codex/worktrees/6614/chirality/projects/chirality-piping/node_modules/react-dom/cjs/react-dom-client.development.js:874:13)
    at commitHookEffectListMount (/Users/ryan/.codex/worktrees/6614/chirality/projects/chirality-piping/node_modules/react-dom/cjs/react-dom-client.development.js:13249:29) undefined
Error: Not implemented: HTMLCanvasElement.prototype.getContext (without installing the canvas npm package)
    at module.exports (/Users/ryan/.codex/worktrees/6614/chirality/projects/chirality-piping/node_modules/jsdom/lib/jsdom/browser/not-implemented.js:9:17)
    at HTMLCanvasElementImpl.getContext (/Users/ryan/.codex/worktrees/6614/chirality/projects/chirality-piping/node_modules/jsdom/lib/jsdom/living/nodes/HTMLCanvasElement-impl.js:42:5)
    at HTMLCanvasElement.getContext (/Users/ryan/.codex/worktrees/6614/chirality/projects/chirality-piping/node_modules/jsdom/lib/jsdom/living/generated/HTMLCanvasElement.js:131:58)
    at getContext (file:///Users/ryan/.codex/worktrees/6614/chirality/projects/chirality-piping/node_modules/three/build/three.module.js:15443:18)
    at new WebGLRenderer (file:///Users/ryan/.codex/worktrees/6614/chirality/projects/chirality-piping/node_modules/three/build/three.module.js:15476:11)
    at new ViewportResource (/private/tmp/piping-engine-integration-20260925/projects/chirality-piping/apps/desktop/src/features/viewport/viewportResource.ts:509:21)
    at /private/tmp/piping-engine-integration-20260925/projects/chirality-piping/apps/desktop/src/features/viewport/PipeViewport.tsx:909:18
    at Object.react_stack_bottom_frame (/Users/ryan/.codex/worktrees/6614/chirality/projects/chirality-piping/node_modules/react-dom/cjs/react-dom-client.development.js:25989:20)
    at runWithFiberInDEV (/Users/ryan/.codex/worktrees/6614/chirality/projects/chirality-piping/node_modules/react-dom/cjs/react-dom-client.development.js:874:13)
    at commitHookEffectListMount (/Users/ryan/.codex/worktrees/6614/chirality/projects/chirality-piping/node_modules/react-dom/cjs/react-dom-client.development.js:13249:29) undefined
Error: Not implemented: HTMLCanvasElement.prototype.getContext (without installing the canvas npm package)
    at module.exports (/Users/ryan/.codex/worktrees/6614/chirality/projects/chirality-piping/node_modules/jsdom/lib/jsdom/browser/not-implemented.js:9:17)
    at HTMLCanvasElementImpl.getContext (/Users/ryan/.codex/worktrees/6614/chirality/projects/chirality-piping/node_modules/jsdom/lib/jsdom/living/nodes/HTMLCanvasElement-impl.js:42:5)
    at HTMLCanvasElement.getContext (/Users/ryan/.codex/worktrees/6614/chirality/projects/chirality-piping/node_modules/jsdom/lib/jsdom/living/generated/HTMLCanvasElement.js:131:58)
    at getContext (file:///Users/ryan/.codex/worktrees/6614/chirality/projects/chirality-piping/node_modules/three/build/three.module.js:15443:18)
    at new WebGLRenderer (file:///Users/ryan/.codex/worktrees/6614/chirality/projects/chirality-piping/node_modules/three/build/three.module.js:15472:11)
    at new ViewportResource (/private/tmp/piping-engine-integration-20260925/projects/chirality-piping/apps/desktop/src/features/viewport/viewportResource.ts:509:21)
    at /private/tmp/piping-engine-integration-20260925/projects/chirality-piping/apps/desktop/src/features/viewport/PipeViewport.tsx:909:18
    at Object.react_stack_bottom_frame (/Users/ryan/.codex/worktrees/6614/chirality/projects/chirality-piping/node_modules/react-dom/cjs/react-dom-client.development.js:25989:20)
    at runWithFiberInDEV (/Users/ryan/.codex/worktrees/6614/chirality/projects/chirality-piping/node_modules/react-dom/cjs/react-dom-client.development.js:874:13)
    at commitHookEffectListMount (/Users/ryan/.codex/worktrees/6614/chirality/projects/chirality-piping/node_modules/react-dom/cjs/react-dom-client.development.js:13249:29) undefined
Error: Not implemented: HTMLCanvasElement.prototype.getContext (without installing the canvas npm package)
    at module.exports (/Users/ryan/.codex/worktrees/6614/chirality/projects/chirality-piping/node_modules/jsdom/lib/jsdom/browser/not-implemented.js:9:17)
    at HTMLCanvasElementImpl.getContext (/Users/ryan/.codex/worktrees/6614/chirality/projects/chirality-piping/node_modules/jsdom/lib/jsdom/living/nodes/HTMLCanvasElement-impl.js:42:5)
    at HTMLCanvasElement.getContext (/Users/ryan/.codex/worktrees/6614/chirality/projects/chirality-piping/node_modules/jsdom/lib/jsdom/living/generated/HTMLCanvasElement.js:131:58)
    at getContext (file:///Users/ryan/.codex/worktrees/6614/chirality/projects/chirality-piping/node_modules/three/build/three.module.js:15443:18)
    at new WebGLRenderer (file:///Users/ryan/.codex/worktrees/6614/chirality/projects/chirality-piping/node_modules/three/build/three.module.js:15476:11)
    at new ViewportResource (/private/tmp/piping-engine-integration-20260925/projects/chirality-piping/apps/desktop/src/features/viewport/viewportResource.ts:509:21)
    at /private/tmp/piping-engine-integration-20260925/projects/chirality-piping/apps/desktop/src/features/viewport/PipeViewport.tsx:909:18
    at Object.react_stack_bottom_frame (/Users/ryan/.codex/worktrees/6614/chirality/projects/chirality-piping/node_modules/react-dom/cjs/react-dom-client.development.js:25989:20)
    at runWithFiberInDEV (/Users/ryan/.codex/worktrees/6614/chirality/projects/chirality-piping/node_modules/react-dom/cjs/react-dom-client.development.js:874:13)
    at commitHookEffectListMount (/Users/ryan/.codex/worktrees/6614/chirality/projects/chirality-piping/node_modules/react-dom/cjs/react-dom-client.development.js:13249:29) undefined
Error: Not implemented: HTMLCanvasElement.prototype.getContext (without installing the canvas npm package)
    at module.exports (/Users/ryan/.codex/worktrees/6614/chirality/projects/chirality-piping/node_modules/jsdom/lib/jsdom/browser/not-implemented.js:9:17)
    at HTMLCanvasElementImpl.getContext (/Users/ryan/.codex/worktrees/6614/chirality/projects/chirality-piping/node_modules/jsdom/lib/jsdom/living/nodes/HTMLCanvasElement-impl.js:42:5)
    at HTMLCanvasElement.getContext (/Users/ryan/.codex/worktrees/6614/chirality/projects/chirality-piping/node_modules/jsdom/lib/jsdom/living/generated/HTMLCanvasElement.js:131:58)
    at getContext (file:///Users/ryan/.codex/worktrees/6614/chirality/projects/chirality-piping/node_modules/three/build/three.module.js:15443:18)
    at new WebGLRenderer (file:///Users/ryan/.codex/worktrees/6614/chirality/projects/chirality-piping/node_modules/three/build/three.module.js:15472:11)
    at new ViewportResource (/private/tmp/piping-engine-integration-20260925/projects/chirality-piping/apps/desktop/src/features/viewport/viewportResource.ts:509:21)
    at /private/tmp/piping-engine-integration-20260925/projects/chirality-piping/apps/desktop/src/features/viewport/PipeViewport.tsx:909:18
    at Object.react_stack_bottom_frame (/Users/ryan/.codex/worktrees/6614/chirality/projects/chirality-piping/node_modules/react-dom/cjs/react-dom-client.development.js:25989:20)
    at runWithFiberInDEV (/Users/ryan/.codex/worktrees/6614/chirality/projects/chirality-piping/node_modules/react-dom/cjs/react-dom-client.development.js:874:13)
    at commitHookEffectListMount (/Users/ryan/.codex/worktrees/6614/chirality/projects/chirality-piping/node_modules/react-dom/cjs/react-dom-client.development.js:13249:29) undefined
Error: Not implemented: HTMLCanvasElement.prototype.getContext (without installing the canvas npm package)
    at module.exports (/Users/ryan/.codex/worktrees/6614/chirality/projects/chirality-piping/node_modules/jsdom/lib/jsdom/browser/not-implemented.js:9:17)
    at HTMLCanvasElementImpl.getContext (/Users/ryan/.codex/worktrees/6614/chirality/projects/chirality-piping/node_modules/jsdom/lib/jsdom/living/nodes/HTMLCanvasElement-impl.js:42:5)
    at HTMLCanvasElement.getContext (/Users/ryan/.codex/worktrees/6614/chirality/projects/chirality-piping/node_modules/jsdom/lib/jsdom/living/generated/HTMLCanvasElement.js:131:58)
    at getContext (file:///Users/ryan/.codex/worktrees/6614/chirality/projects/chirality-piping/node_modules/three/build/three.module.js:15443:18)
    at new WebGLRenderer (file:///Users/ryan/.codex/worktrees/6614/chirality/projects/chirality-piping/node_modules/three/build/three.module.js:15476:11)
    at new ViewportResource (/private/tmp/piping-engine-integration-20260925/projects/chirality-piping/apps/desktop/src/features/viewport/viewportResource.ts:509:21)
    at /private/tmp/piping-engine-integration-20260925/projects/chirality-piping/apps/desktop/src/features/viewport/PipeViewport.tsx:909:18
    at Object.react_stack_bottom_frame (/Users/ryan/.codex/worktrees/6614/chirality/projects/chirality-piping/node_modules/react-dom/cjs/react-dom-client.development.js:25989:20)
    at runWithFiberInDEV (/Users/ryan/.codex/worktrees/6614/chirality/projects/chirality-piping/node_modules/react-dom/cjs/react-dom-client.development.js:874:13)
    at commitHookEffectListMount (/Users/ryan/.codex/worktrees/6614/chirality/projects/chirality-piping/node_modules/react-dom/cjs/react-dom-client.development.js:13249:29) undefined
Error: Not implemented: HTMLCanvasElement.prototype.getContext (without installing the canvas npm package)
    at module.exports (/Users/ryan/.codex/worktrees/6614/chirality/projects/chirality-piping/node_modules/jsdom/lib/jsdom/browser/not-implemented.js:9:17)
    at HTMLCanvasElementImpl.getContext (/Users/ryan/.codex/worktrees/6614/chirality/projects/chirality-piping/node_modules/jsdom/lib/jsdom/living/nodes/HTMLCanvasElement-impl.js:42:5)
    at HTMLCanvasElement.getContext (/Users/ryan/.codex/worktrees/6614/chirality/projects/chirality-piping/node_modules/jsdom/lib/jsdom/living/generated/HTMLCanvasElement.js:131:58)
    at getContext (file:///Users/ryan/.codex/worktrees/6614/chirality/projects/chirality-piping/node_modules/three/build/three.module.js:15443:18)
    at new WebGLRenderer (file:///Users/ryan/.codex/worktrees/6614/chirality/projects/chirality-piping/node_modules/three/build/three.module.js:15472:11)
    at new ViewportResource (/private/tmp/piping-engine-integration-20260925/projects/chirality-piping/apps/desktop/src/features/viewport/viewportResource.ts:509:21)
    at /private/tmp/piping-engine-integration-20260925/projects/chirality-piping/apps/desktop/src/features/viewport/PipeViewport.tsx:909:18
    at Object.react_stack_bottom_frame (/Users/ryan/.codex/worktrees/6614/chirality/projects/chirality-piping/node_modules/react-dom/cjs/react-dom-client.development.js:25989:20)
    at runWithFiberInDEV (/Users/ryan/.codex/worktrees/6614/chirality/projects/chirality-piping/node_modules/react-dom/cjs/react-dom-client.development.js:874:13)
    at commitHookEffectListMount (/Users/ryan/.codex/worktrees/6614/chirality/projects/chirality-piping/node_modules/react-dom/cjs/react-dom-client.development.js:13249:29) undefined
Error: Not implemented: HTMLCanvasElement.prototype.getContext (without installing the canvas npm package)
    at module.exports (/Users/ryan/.codex/worktrees/6614/chirality/projects/chirality-piping/node_modules/jsdom/lib/jsdom/browser/not-implemented.js:9:17)
    at HTMLCanvasElementImpl.getContext (/Users/ryan/.codex/worktrees/6614/chirality/projects/chirality-piping/node_modules/jsdom/lib/jsdom/living/nodes/HTMLCanvasElement-impl.js:42:5)
    at HTMLCanvasElement.getContext (/Users/ryan/.codex/worktrees/6614/chirality/projects/chirality-piping/node_modules/jsdom/lib/jsdom/living/generated/HTMLCanvasElement.js:131:58)
    at getContext (file:///Users/ryan/.codex/worktrees/6614/chirality/projects/chirality-piping/node_modules/three/build/three.module.js:15443:18)
    at new WebGLRenderer (file:///Users/ryan/.codex/worktrees/6614/chirality/projects/chirality-piping/node_modules/three/build/three.module.js:15476:11)
    at new ViewportResource (/private/tmp/piping-engine-integration-20260925/projects/chirality-piping/apps/desktop/src/features/viewport/viewportResource.ts:509:21)
    at /private/tmp/piping-engine-integration-20260925/projects/chirality-piping/apps/desktop/src/features/viewport/PipeViewport.tsx:909:18
    at Object.react_stack_bottom_frame (/Users/ryan/.codex/worktrees/6614/chirality/projects/chirality-piping/node_modules/react-dom/cjs/react-dom-client.development.js:25989:20)
    at runWithFiberInDEV (/Users/ryan/.codex/worktrees/6614/chirality/projects/chirality-piping/node_modules/react-dom/cjs/react-dom-client.development.js:874:13)
    at commitHookEffectListMount (/Users/ryan/.codex/worktrees/6614/chirality/projects/chirality-piping/node_modules/react-dom/cjs/react-dom-client.development.js:13249:29) undefined
Error: Not implemented: HTMLCanvasElement.prototype.getContext (without installing the canvas npm package)
    at module.exports (/Users/ryan/.codex/worktrees/6614/chirality/projects/chirality-piping/node_modules/jsdom/lib/jsdom/browser/not-implemented.js:9:17)
    at HTMLCanvasElementImpl.getContext (/Users/ryan/.codex/worktrees/6614/chirality/projects/chirality-piping/node_modules/jsdom/lib/jsdom/living/nodes/HTMLCanvasElement-impl.js:42:5)
    at HTMLCanvasElement.getContext (/Users/ryan/.codex/worktrees/6614/chirality/projects/chirality-piping/node_modules/jsdom/lib/jsdom/living/generated/HTMLCanvasElement.js:131:58)
    at getContext (file:///Users/ryan/.codex/worktrees/6614/chirality/projects/chirality-piping/node_modules/three/build/three.module.js:15443:18)
    at new WebGLRenderer (file:///Users/ryan/.codex/worktrees/6614/chirality/projects/chirality-piping/node_modules/three/build/three.module.js:15472:11)
    at new ViewportResource (/private/tmp/piping-engine-integration-20260925/projects/chirality-piping/apps/desktop/src/features/viewport/viewportResource.ts:509:21)
    at /private/tmp/piping-engine-integration-20260925/projects/chirality-piping/apps/desktop/src/features/viewport/PipeViewport.tsx:909:18
    at Object.react_stack_bottom_frame (/Users/ryan/.codex/worktrees/6614/chirality/projects/chirality-piping/node_modules/react-dom/cjs/react-dom-client.development.js:25989:20)
    at runWithFiberInDEV (/Users/ryan/.codex/worktrees/6614/chirality/projects/chirality-piping/node_modules/react-dom/cjs/react-dom-client.development.js:874:13)
    at commitHookEffectListMount (/Users/ryan/.codex/worktrees/6614/chirality/projects/chirality-piping/node_modules/react-dom/cjs/react-dom-client.development.js:13249:29) undefined
Error: Not implemented: HTMLCanvasElement.prototype.getContext (without installing the canvas npm package)
    at module.exports (/Users/ryan/.codex/worktrees/6614/chirality/projects/chirality-piping/node_modules/jsdom/lib/jsdom/browser/not-implemented.js:9:17)
    at HTMLCanvasElementImpl.getContext (/Users/ryan/.codex/worktrees/6614/chirality/projects/chirality-piping/node_modules/jsdom/lib/jsdom/living/nodes/HTMLCanvasElement-impl.js:42:5)
    at HTMLCanvasElement.getContext (/Users/ryan/.codex/worktrees/6614/chirality/projects/chirality-piping/node_modules/jsdom/lib/jsdom/living/generated/HTMLCanvasElement.js:131:58)
    at getContext (file:///Users/ryan/.codex/worktrees/6614/chirality/projects/chirality-piping/node_modules/three/build/three.module.js:15443:18)
    at new WebGLRenderer (file:///Users/ryan/.codex/worktrees/6614/chirality/projects/chirality-piping/node_modules/three/build/three.module.js:15476:11)
    at new ViewportResource (/private/tmp/piping-engine-integration-20260925/projects/chirality-piping/apps/desktop/src/features/viewport/viewportResource.ts:509:21)
    at /private/tmp/piping-engine-integration-20260925/projects/chirality-piping/apps/desktop/src/features/viewport/PipeViewport.tsx:909:18
    at Object.react_stack_bottom_frame (/Users/ryan/.codex/worktrees/6614/chirality/projects/chirality-piping/node_modules/react-dom/cjs/react-dom-client.development.js:25989:20)
    at runWithFiberInDEV (/Users/ryan/.codex/worktrees/6614/chirality/projects/chirality-piping/node_modules/react-dom/cjs/react-dom-client.development.js:874:13)
    at commitHookEffectListMount (/Users/ryan/.codex/worktrees/6614/chirality/projects/chirality-piping/node_modules/react-dom/cjs/react-dom-client.development.js:13249:29) undefined
Error: Not implemented: HTMLCanvasElement.prototype.getContext (without installing the canvas npm package)
    at module.exports (/Users/ryan/.codex/worktrees/6614/chirality/projects/chirality-piping/node_modules/jsdom/lib/jsdom/browser/not-implemented.js:9:17)
    at HTMLCanvasElementImpl.getContext (/Users/ryan/.codex/worktrees/6614/chirality/projects/chirality-piping/node_modules/jsdom/lib/jsdom/living/nodes/HTMLCanvasElement-impl.js:42:5)
    at HTMLCanvasElement.getContext (/Users/ryan/.codex/worktrees/6614/chirality/projects/chirality-piping/node_modules/jsdom/lib/jsdom/living/generated/HTMLCanvasElement.js:131:58)
    at getContext (file:///Users/ryan/.codex/worktrees/6614/chirality/projects/chirality-piping/node_modules/three/build/three.module.js:15443:18)
    at new WebGLRenderer (file:///Users/ryan/.codex/worktrees/6614/chirality/projects/chirality-piping/node_modules/three/build/three.module.js:15472:11)
    at new ViewportResource (/private/tmp/piping-engine-integration-20260925/projects/chirality-piping/apps/desktop/src/features/viewport/viewportResource.ts:509:21)
    at /private/tmp/piping-engine-integration-20260925/projects/chirality-piping/apps/desktop/src/features/viewport/PipeViewport.tsx:909:18
    at Object.react_stack_bottom_frame (/Users/ryan/.codex/worktrees/6614/chirality/projects/chirality-piping/node_modules/react-dom/cjs/react-dom-client.development.js:25989:20)
    at runWithFiberInDEV (/Users/ryan/.codex/worktrees/6614/chirality/projects/chirality-piping/node_modules/react-dom/cjs/react-dom-client.development.js:874:13)
    at commitHookEffectListMount (/Users/ryan/.codex/worktrees/6614/chirality/projects/chirality-piping/node_modules/react-dom/cjs/react-dom-client.development.js:13249:29) undefined
Error: Not implemented: HTMLCanvasElement.prototype.getContext (without installing the canvas npm package)
    at module.exports (/Users/ryan/.codex/worktrees/6614/chirality/projects/chirality-piping/node_modules/jsdom/lib/jsdom/browser/not-implemented.js:9:17)
    at HTMLCanvasElementImpl.getContext (/Users/ryan/.codex/worktrees/6614/chirality/projects/chirality-piping/node_modules/jsdom/lib/jsdom/living/nodes/HTMLCanvasElement-impl.js:42:5)
    at HTMLCanvasElement.getContext (/Users/ryan/.codex/worktrees/6614/chirality/projects/chirality-piping/node_modules/jsdom/lib/jsdom/living/generated/HTMLCanvasElement.js:131:58)
    at getContext (file:///Users/ryan/.codex/worktrees/6614/chirality/projects/chirality-piping/node_modules/three/build/three.module.js:15443:18)
    at new WebGLRenderer (file:///Users/ryan/.codex/worktrees/6614/chirality/projects/chirality-piping/node_modules/three/build/three.module.js:15476:11)
    at new ViewportResource (/private/tmp/piping-engine-integration-20260925/projects/chirality-piping/apps/desktop/src/features/viewport/viewportResource.ts:509:21)
    at /private/tmp/piping-engine-integration-20260925/projects/chirality-piping/apps/desktop/src/features/viewport/PipeViewport.tsx:909:18
    at Object.react_stack_bottom_frame (/Users/ryan/.codex/worktrees/6614/chirality/projects/chirality-piping/node_modules/react-dom/cjs/react-dom-client.development.js:25989:20)
    at runWithFiberInDEV (/Users/ryan/.codex/worktrees/6614/chirality/projects/chirality-piping/node_modules/react-dom/cjs/react-dom-client.development.js:874:13)
    at commitHookEffectListMount (/Users/ryan/.codex/worktrees/6614/chirality/projects/chirality-piping/node_modules/react-dom/cjs/react-dom-client.development.js:13249:29) undefined
Error: Not implemented: HTMLCanvasElement.prototype.getContext (without installing the canvas npm package)
    at module.exports (/Users/ryan/.codex/worktrees/6614/chirality/projects/chirality-piping/node_modules/jsdom/lib/jsdom/browser/not-implemented.js:9:17)
    at HTMLCanvasElementImpl.getContext (/Users/ryan/.codex/worktrees/6614/chirality/projects/chirality-piping/node_modules/jsdom/lib/jsdom/living/nodes/HTMLCanvasElement-impl.js:42:5)
    at HTMLCanvasElement.getContext (/Users/ryan/.codex/worktrees/6614/chirality/projects/chirality-piping/node_modules/jsdom/lib/jsdom/living/generated/HTMLCanvasElement.js:131:58)
    at getContext (file:///Users/ryan/.codex/worktrees/6614/chirality/projects/chirality-piping/node_modules/three/build/three.module.js:15443:18)
    at new WebGLRenderer (file:///Users/ryan/.codex/worktrees/6614/chirality/projects/chirality-piping/node_modules/three/build/three.module.js:15472:11)
    at new ViewportResource (/private/tmp/piping-engine-integration-20260925/projects/chirality-piping/apps/desktop/src/features/viewport/viewportResource.ts:509:21)
    at /private/tmp/piping-engine-integration-20260925/projects/chirality-piping/apps/desktop/src/features/viewport/PipeViewport.tsx:909:18
    at Object.react_stack_bottom_frame (/Users/ryan/.codex/worktrees/6614/chirality/projects/chirality-piping/node_modules/react-dom/cjs/react-dom-client.development.js:25989:20)
    at runWithFiberInDEV (/Users/ryan/.codex/worktrees/6614/chirality/projects/chirality-piping/node_modules/react-dom/cjs/react-dom-client.development.js:874:13)
    at commitHookEffectListMount (/Users/ryan/.codex/worktrees/6614/chirality/projects/chirality-piping/node_modules/react-dom/cjs/react-dom-client.development.js:13249:29) undefined
Error: Not implemented: HTMLCanvasElement.prototype.getContext (without installing the canvas npm package)
    at module.exports (/Users/ryan/.codex/worktrees/6614/chirality/projects/chirality-piping/node_modules/jsdom/lib/jsdom/browser/not-implemented.js:9:17)
    at HTMLCanvasElementImpl.getContext (/Users/ryan/.codex/worktrees/6614/chirality/projects/chirality-piping/node_modules/jsdom/lib/jsdom/living/nodes/HTMLCanvasElement-impl.js:42:5)
    at HTMLCanvasElement.getContext (/Users/ryan/.codex/worktrees/6614/chirality/projects/chirality-piping/node_modules/jsdom/lib/jsdom/living/generated/HTMLCanvasElement.js:131:58)
    at getContext (file:///Users/ryan/.codex/worktrees/6614/chirality/projects/chirality-piping/node_modules/three/build/three.module.js:15443:18)
    at new WebGLRenderer (file:///Users/ryan/.codex/worktrees/6614/chirality/projects/chirality-piping/node_modules/three/build/three.module.js:15476:11)
    at new ViewportResource (/private/tmp/piping-engine-integration-20260925/projects/chirality-piping/apps/desktop/src/features/viewport/viewportResource.ts:509:21)
    at /private/tmp/piping-engine-integration-20260925/projects/chirality-piping/apps/desktop/src/features/viewport/PipeViewport.tsx:909:18
    at Object.react_stack_bottom_frame (/Users/ryan/.codex/worktrees/6614/chirality/projects/chirality-piping/node_modules/react-dom/cjs/react-dom-client.development.js:25989:20)
    at runWithFiberInDEV (/Users/ryan/.codex/worktrees/6614/chirality/projects/chirality-piping/node_modules/react-dom/cjs/react-dom-client.development.js:874:13)
    at commitHookEffectListMount (/Users/ryan/.codex/worktrees/6614/chirality/projects/chirality-piping/node_modules/react-dom/cjs/react-dom-client.development.js:13249:29) undefined
Error: Not implemented: HTMLCanvasElement.prototype.getContext (without installing the canvas npm package)
    at module.exports (/Users/ryan/.codex/worktrees/6614/chirality/projects/chirality-piping/node_modules/jsdom/lib/jsdom/browser/not-implemented.js:9:17)
    at HTMLCanvasElementImpl.getContext (/Users/ryan/.codex/worktrees/6614/chirality/projects/chirality-piping/node_modules/jsdom/lib/jsdom/living/nodes/HTMLCanvasElement-impl.js:42:5)
    at HTMLCanvasElement.getContext (/Users/ryan/.codex/worktrees/6614/chirality/projects/chirality-piping/node_modules/jsdom/lib/jsdom/living/generated/HTMLCanvasElement.js:131:58)
    at getContext (file:///Users/ryan/.codex/worktrees/6614/chirality/projects/chirality-piping/node_modules/three/build/three.module.js:15443:18)
    at new WebGLRenderer (file:///Users/ryan/.codex/worktrees/6614/chirality/projects/chirality-piping/node_modules/three/build/three.module.js:15472:11)
    at new ViewportResource (/private/tmp/piping-engine-integration-20260925/projects/chirality-piping/apps/desktop/src/features/viewport/viewportResource.ts:509:21)
    at /private/tmp/piping-engine-integration-20260925/projects/chirality-piping/apps/desktop/src/features/viewport/PipeViewport.tsx:909:18
    at Object.react_stack_bottom_frame (/Users/ryan/.codex/worktrees/6614/chirality/projects/chirality-piping/node_modules/react-dom/cjs/react-dom-client.development.js:25989:20)
    at runWithFiberInDEV (/Users/ryan/.codex/worktrees/6614/chirality/projects/chirality-piping/node_modules/react-dom/cjs/react-dom-client.development.js:874:13)
    at commitHookEffectListMount (/Users/ryan/.codex/worktrees/6614/chirality/projects/chirality-piping/node_modules/react-dom/cjs/react-dom-client.development.js:13249:29) undefined
Error: Not implemented: HTMLCanvasElement.prototype.getContext (without installing the canvas npm package)
    at module.exports (/Users/ryan/.codex/worktrees/6614/chirality/projects/chirality-piping/node_modules/jsdom/lib/jsdom/browser/not-implemented.js:9:17)
    at HTMLCanvasElementImpl.getContext (/Users/ryan/.codex/worktrees/6614/chirality/projects/chirality-piping/node_modules/jsdom/lib/jsdom/living/nodes/HTMLCanvasElement-impl.js:42:5)
    at HTMLCanvasElement.getContext (/Users/ryan/.codex/worktrees/6614/chirality/projects/chirality-piping/node_modules/jsdom/lib/jsdom/living/generated/HTMLCanvasElement.js:131:58)
    at getContext (file:///Users/ryan/.codex/worktrees/6614/chirality/projects/chirality-piping/node_modules/three/build/three.module.js:15443:18)
    at new WebGLRenderer (file:///Users/ryan/.codex/worktrees/6614/chirality/projects/chirality-piping/node_modules/three/build/three.module.js:15476:11)
    at new ViewportResource (/private/tmp/piping-engine-integration-20260925/projects/chirality-piping/apps/desktop/src/features/viewport/viewportResource.ts:509:21)
    at /private/tmp/piping-engine-integration-20260925/projects/chirality-piping/apps/desktop/src/features/viewport/PipeViewport.tsx:909:18
    at Object.react_stack_bottom_frame (/Users/ryan/.codex/worktrees/6614/chirality/projects/chirality-piping/node_modules/react-dom/cjs/react-dom-client.development.js:25989:20)
    at runWithFiberInDEV (/Users/ryan/.codex/worktrees/6614/chirality/projects/chirality-piping/node_modules/react-dom/cjs/react-dom-client.development.js:874:13)
    at commitHookEffectListMount (/Users/ryan/.codex/worktrees/6614/chirality/projects/chirality-piping/node_modules/react-dom/cjs/react-dom-client.development.js:13249:29) undefined
Error: Not implemented: HTMLCanvasElement.prototype.getContext (without installing the canvas npm package)
    at module.exports (/Users/ryan/.codex/worktrees/6614/chirality/projects/chirality-piping/node_modules/jsdom/lib/jsdom/browser/not-implemented.js:9:17)
    at HTMLCanvasElementImpl.getContext (/Users/ryan/.codex/worktrees/6614/chirality/projects/chirality-piping/node_modules/jsdom/lib/jsdom/living/nodes/HTMLCanvasElement-impl.js:42:5)
    at HTMLCanvasElement.getContext (/Users/ryan/.codex/worktrees/6614/chirality/projects/chirality-piping/node_modules/jsdom/lib/jsdom/living/generated/HTMLCanvasElement.js:131:58)
    at getContext (file:///Users/ryan/.codex/worktrees/6614/chirality/projects/chirality-piping/node_modules/three/build/three.module.js:15443:18)
    at new WebGLRenderer (file:///Users/ryan/.codex/worktrees/6614/chirality/projects/chirality-piping/node_modules/three/build/three.module.js:15472:11)
    at new ViewportResource (/private/tmp/piping-engine-integration-20260925/projects/chirality-piping/apps/desktop/src/features/viewport/viewportResource.ts:509:21)
    at /private/tmp/piping-engine-integration-20260925/projects/chirality-piping/apps/desktop/src/features/viewport/PipeViewport.tsx:909:18
    at Object.react_stack_bottom_frame (/Users/ryan/.codex/worktrees/6614/chirality/projects/chirality-piping/node_modules/react-dom/cjs/react-dom-client.development.js:25989:20)
    at runWithFiberInDEV (/Users/ryan/.codex/worktrees/6614/chirality/projects/chirality-piping/node_modules/react-dom/cjs/react-dom-client.development.js:874:13)
    at commitHookEffectListMount (/Users/ryan/.codex/worktrees/6614/chirality/projects/chirality-piping/node_modules/react-dom/cjs/react-dom-client.development.js:13249:29) undefined
Error: Not implemented: HTMLCanvasElement.prototype.getContext (without installing the canvas npm package)
    at module.exports (/Users/ryan/.codex/worktrees/6614/chirality/projects/chirality-piping/node_modules/jsdom/lib/jsdom/browser/not-implemented.js:9:17)
    at HTMLCanvasElementImpl.getContext (/Users/ryan/.codex/worktrees/6614/chirality/projects/chirality-piping/node_modules/jsdom/lib/jsdom/living/nodes/HTMLCanvasElement-impl.js:42:5)
    at HTMLCanvasElement.getContext (/Users/ryan/.codex/worktrees/6614/chirality/projects/chirality-piping/node_modules/jsdom/lib/jsdom/living/generated/HTMLCanvasElement.js:131:58)
    at getContext (file:///Users/ryan/.codex/worktrees/6614/chirality/projects/chirality-piping/node_modules/three/build/three.module.js:15443:18)
    at new WebGLRenderer (file:///Users/ryan/.codex/worktrees/6614/chirality/projects/chirality-piping/node_modules/three/build/three.module.js:15476:11)
    at new ViewportResource (/private/tmp/piping-engine-integration-20260925/projects/chirality-piping/apps/desktop/src/features/viewport/viewportResource.ts:509:21)
    at /private/tmp/piping-engine-integration-20260925/projects/chirality-piping/apps/desktop/src/features/viewport/PipeViewport.tsx:909:18
    at Object.react_stack_bottom_frame (/Users/ryan/.codex/worktrees/6614/chirality/projects/chirality-piping/node_modules/react-dom/cjs/react-dom-client.development.js:25989:20)
    at runWithFiberInDEV (/Users/ryan/.codex/worktrees/6614/chirality/projects/chirality-piping/node_modules/react-dom/cjs/react-dom-client.development.js:874:13)
    at commitHookEffectListMount (/Users/ryan/.codex/worktrees/6614/chirality/projects/chirality-piping/node_modules/react-dom/cjs/react-dom-client.development.js:13249:29) undefined
Error: Not implemented: HTMLCanvasElement.prototype.getContext (without installing the canvas npm package)
    at module.exports (/Users/ryan/.codex/worktrees/6614/chirality/projects/chirality-piping/node_modules/jsdom/lib/jsdom/browser/not-implemented.js:9:17)
    at HTMLCanvasElementImpl.getContext (/Users/ryan/.codex/worktrees/6614/chirality/projects/chirality-piping/node_modules/jsdom/lib/jsdom/living/nodes/HTMLCanvasElement-impl.js:42:5)
    at HTMLCanvasElement.getContext (/Users/ryan/.codex/worktrees/6614/chirality/projects/chirality-piping/node_modules/jsdom/lib/jsdom/living/generated/HTMLCanvasElement.js:131:58)
    at getContext (file:///Users/ryan/.codex/worktrees/6614/chirality/projects/chirality-piping/node_modules/three/build/three.module.js:15443:18)
    at new WebGLRenderer (file:///Users/ryan/.codex/worktrees/6614/chirality/projects/chirality-piping/node_modules/three/build/three.module.js:15472:11)
    at new ViewportResource (/private/tmp/piping-engine-integration-20260925/projects/chirality-piping/apps/desktop/src/features/viewport/viewportResource.ts:509:21)
    at /private/tmp/piping-engine-integration-20260925/projects/chirality-piping/apps/desktop/src/features/viewport/PipeViewport.tsx:909:18
    at Object.react_stack_bottom_frame (/Users/ryan/.codex/worktrees/6614/chirality/projects/chirality-piping/node_modules/react-dom/cjs/react-dom-client.development.js:25989:20)
    at runWithFiberInDEV (/Users/ryan/.codex/worktrees/6614/chirality/projects/chirality-piping/node_modules/react-dom/cjs/react-dom-client.development.js:874:13)
    at commitHookEffectListMount (/Users/ryan/.codex/worktrees/6614/chirality/projects/chirality-piping/node_modules/react-dom/cjs/react-dom-client.development.js:13249:29) undefined
Error: Not implemented: HTMLCanvasElement.prototype.getContext (without installing the canvas npm package)
    at module.exports (/Users/ryan/.codex/worktrees/6614/chirality/projects/chirality-piping/node_modules/jsdom/lib/jsdom/browser/not-implemented.js:9:17)
    at HTMLCanvasElementImpl.getContext (/Users/ryan/.codex/worktrees/6614/chirality/projects/chirality-piping/node_modules/jsdom/lib/jsdom/living/nodes/HTMLCanvasElement-impl.js:42:5)
    at HTMLCanvasElement.getContext (/Users/ryan/.codex/worktrees/6614/chirality/projects/chirality-piping/node_modules/jsdom/lib/jsdom/living/generated/HTMLCanvasElement.js:131:58)
    at getContext (file:///Users/ryan/.codex/worktrees/6614/chirality/projects/chirality-piping/node_modules/three/build/three.module.js:15443:18)
    at new WebGLRenderer (file:///Users/ryan/.codex/worktrees/6614/chirality/projects/chirality-piping/node_modules/three/build/three.module.js:15476:11)
    at new ViewportResource (/private/tmp/piping-engine-integration-20260925/projects/chirality-piping/apps/desktop/src/features/viewport/viewportResource.ts:509:21)
    at /private/tmp/piping-engine-integration-20260925/projects/chirality-piping/apps/desktop/src/features/viewport/PipeViewport.tsx:909:18
    at Object.react_stack_bottom_frame (/Users/ryan/.codex/worktrees/6614/chirality/projects/chirality-piping/node_modules/react-dom/cjs/react-dom-client.development.js:25989:20)
    at runWithFiberInDEV (/Users/ryan/.codex/worktrees/6614/chirality/projects/chirality-piping/node_modules/react-dom/cjs/react-dom-client.development.js:874:13)
    at commitHookEffectListMount (/Users/ryan/.codex/worktrees/6614/chirality/projects/chirality-piping/node_modules/react-dom/cjs/react-dom-client.development.js:13249:29) undefined
Error: Not implemented: HTMLCanvasElement.prototype.getContext (without installing the canvas npm package)
    at module.exports (/Users/ryan/.codex/worktrees/6614/chirality/projects/chirality-piping/node_modules/jsdom/lib/jsdom/browser/not-implemented.js:9:17)
    at HTMLCanvasElementImpl.getContext (/Users/ryan/.codex/worktrees/6614/chirality/projects/chirality-piping/node_modules/jsdom/lib/jsdom/living/nodes/HTMLCanvasElement-impl.js:42:5)
    at HTMLCanvasElement.getContext (/Users/ryan/.codex/worktrees/6614/chirality/projects/chirality-piping/node_modules/jsdom/lib/jsdom/living/generated/HTMLCanvasElement.js:131:58)
    at getContext (file:///Users/ryan/.codex/worktrees/6614/chirality/projects/chirality-piping/node_modules/three/build/three.module.js:15443:18)
    at new WebGLRenderer (file:///Users/ryan/.codex/worktrees/6614/chirality/projects/chirality-piping/node_modules/three/build/three.module.js:15472:11)
    at new ViewportResource (/private/tmp/piping-engine-integration-20260925/projects/chirality-piping/apps/desktop/src/features/viewport/viewportResource.ts:509:21)
    at /private/tmp/piping-engine-integration-20260925/projects/chirality-piping/apps/desktop/src/features/viewport/PipeViewport.tsx:909:18
    at Object.react_stack_bottom_frame (/Users/ryan/.codex/worktrees/6614/chirality/projects/chirality-piping/node_modules/react-dom/cjs/react-dom-client.development.js:25989:20)
    at runWithFiberInDEV (/Users/ryan/.codex/worktrees/6614/chirality/projects/chirality-piping/node_modules/react-dom/cjs/react-dom-client.development.js:874:13)
    at commitHookEffectListMount (/Users/ryan/.codex/worktrees/6614/chirality/projects/chirality-piping/node_modules/react-dom/cjs/react-dom-client.development.js:13249:29) undefined
Error: Not implemented: HTMLCanvasElement.prototype.getContext (without installing the canvas npm package)
    at module.exports (/Users/ryan/.codex/worktrees/6614/chirality/projects/chirality-piping/node_modules/jsdom/lib/jsdom/browser/not-implemented.js:9:17)
    at HTMLCanvasElementImpl.getContext (/Users/ryan/.codex/worktrees/6614/chirality/projects/chirality-piping/node_modules/jsdom/lib/jsdom/living/nodes/HTMLCanvasElement-impl.js:42:5)
    at HTMLCanvasElement.getContext (/Users/ryan/.codex/worktrees/6614/chirality/projects/chirality-piping/node_modules/jsdom/lib/jsdom/living/generated/HTMLCanvasElement.js:131:58)
    at getContext (file:///Users/ryan/.codex/worktrees/6614/chirality/projects/chirality-piping/node_modules/three/build/three.module.js:15443:18)
    at new WebGLRenderer (file:///Users/ryan/.codex/worktrees/6614/chirality/projects/chirality-piping/node_modules/three/build/three.module.js:15476:11)
    at new ViewportResource (/private/tmp/piping-engine-integration-20260925/projects/chirality-piping/apps/desktop/src/features/viewport/viewportResource.ts:509:21)
    at /private/tmp/piping-engine-integration-20260925/projects/chirality-piping/apps/desktop/src/features/viewport/PipeViewport.tsx:909:18
    at Object.react_stack_bottom_frame (/Users/ryan/.codex/worktrees/6614/chirality/projects/chirality-piping/node_modules/react-dom/cjs/react-dom-client.development.js:25989:20)
    at runWithFiberInDEV (/Users/ryan/.codex/worktrees/6614/chirality/projects/chirality-piping/node_modules/react-dom/cjs/react-dom-client.development.js:874:13)
    at commitHookEffectListMount (/Users/ryan/.codex/worktrees/6614/chirality/projects/chirality-piping/node_modules/react-dom/cjs/react-dom-client.development.js:13249:29) undefined
Error: Not implemented: HTMLCanvasElement.prototype.getContext (without installing the canvas npm package)
    at module.exports (/Users/ryan/.codex/worktrees/6614/chirality/projects/chirality-piping/node_modules/jsdom/lib/jsdom/browser/not-implemented.js:9:17)
    at HTMLCanvasElementImpl.getContext (/Users/ryan/.codex/worktrees/6614/chirality/projects/chirality-piping/node_modules/jsdom/lib/jsdom/living/nodes/HTMLCanvasElement-impl.js:42:5)
    at HTMLCanvasElement.getContext (/Users/ryan/.codex/worktrees/6614/chirality/projects/chirality-piping/node_modules/jsdom/lib/jsdom/living/generated/HTMLCanvasElement.js:131:58)
    at getContext (file:///Users/ryan/.codex/worktrees/6614/chirality/projects/chirality-piping/node_modules/three/build/three.module.js:15443:18)
    at new WebGLRenderer (file:///Users/ryan/.codex/worktrees/6614/chirality/projects/chirality-piping/node_modules/three/build/three.module.js:15472:11)
    at new ViewportResource (/private/tmp/piping-engine-integration-20260925/projects/chirality-piping/apps/desktop/src/features/viewport/viewportResource.ts:509:21)
    at /private/tmp/piping-engine-integration-20260925/projects/chirality-piping/apps/desktop/src/features/viewport/PipeViewport.tsx:909:18
    at Object.react_stack_bottom_frame (/Users/ryan/.codex/worktrees/6614/chirality/projects/chirality-piping/node_modules/react-dom/cjs/react-dom-client.development.js:25989:20)
    at runWithFiberInDEV (/Users/ryan/.codex/worktrees/6614/chirality/projects/chirality-piping/node_modules/react-dom/cjs/react-dom-client.development.js:874:13)
    at commitHookEffectListMount (/Users/ryan/.codex/worktrees/6614/chirality/projects/chirality-piping/node_modules/react-dom/cjs/react-dom-client.development.js:13249:29) undefined
Error: Not implemented: HTMLCanvasElement.prototype.getContext (without installing the canvas npm package)
    at module.exports (/Users/ryan/.codex/worktrees/6614/chirality/projects/chirality-piping/node_modules/jsdom/lib/jsdom/browser/not-implemented.js:9:17)
    at HTMLCanvasElementImpl.getContext (/Users/ryan/.codex/worktrees/6614/chirality/projects/chirality-piping/node_modules/jsdom/lib/jsdom/living/nodes/HTMLCanvasElement-impl.js:42:5)
    at HTMLCanvasElement.getContext (/Users/ryan/.codex/worktrees/6614/chirality/projects/chirality-piping/node_modules/jsdom/lib/jsdom/living/generated/HTMLCanvasElement.js:131:58)
    at getContext (file:///Users/ryan/.codex/worktrees/6614/chirality/projects/chirality-piping/node_modules/three/build/three.module.js:15443:18)
    at new WebGLRenderer (file:///Users/ryan/.codex/worktrees/6614/chirality/projects/chirality-piping/node_modules/three/build/three.module.js:15476:11)
    at new ViewportResource (/private/tmp/piping-engine-integration-20260925/projects/chirality-piping/apps/desktop/src/features/viewport/viewportResource.ts:509:21)
    at /private/tmp/piping-engine-integration-20260925/projects/chirality-piping/apps/desktop/src/features/viewport/PipeViewport.tsx:909:18
    at Object.react_stack_bottom_frame (/Users/ryan/.codex/worktrees/6614/chirality/projects/chirality-piping/node_modules/react-dom/cjs/react-dom-client.development.js:25989:20)
    at runWithFiberInDEV (/Users/ryan/.codex/worktrees/6614/chirality/projects/chirality-piping/node_modules/react-dom/cjs/react-dom-client.development.js:874:13)
    at commitHookEffectListMount (/Users/ryan/.codex/worktrees/6614/chirality/projects/chirality-piping/node_modules/react-dom/cjs/react-dom-client.development.js:13249:29) undefined
Error: Not implemented: HTMLCanvasElement.prototype.getContext (without installing the canvas npm package)
    at module.exports (/Users/ryan/.codex/worktrees/6614/chirality/projects/chirality-piping/node_modules/jsdom/lib/jsdom/browser/not-implemented.js:9:17)
    at HTMLCanvasElementImpl.getContext (/Users/ryan/.codex/worktrees/6614/chirality/projects/chirality-piping/node_modules/jsdom/lib/jsdom/living/nodes/HTMLCanvasElement-impl.js:42:5)
    at HTMLCanvasElement.getContext (/Users/ryan/.codex/worktrees/6614/chirality/projects/chirality-piping/node_modules/jsdom/lib/jsdom/living/generated/HTMLCanvasElement.js:131:58)
    at getContext (file:///Users/ryan/.codex/worktrees/6614/chirality/projects/chirality-piping/node_modules/three/build/three.module.js:15443:18)
    at new WebGLRenderer (file:///Users/ryan/.codex/worktrees/6614/chirality/projects/chirality-piping/node_modules/three/build/three.module.js:15472:11)
    at new ViewportResource (/private/tmp/piping-engine-integration-20260925/projects/chirality-piping/apps/desktop/src/features/viewport/viewportResource.ts:509:21)
    at /private/tmp/piping-engine-integration-20260925/projects/chirality-piping/apps/desktop/src/features/viewport/PipeViewport.tsx:909:18
    at Object.react_stack_bottom_frame (/Users/ryan/.codex/worktrees/6614/chirality/projects/chirality-piping/node_modules/react-dom/cjs/react-dom-client.development.js:25989:20)
    at runWithFiberInDEV (/Users/ryan/.codex/worktrees/6614/chirality/projects/chirality-piping/node_modules/react-dom/cjs/react-dom-client.development.js:874:13)
    at commitHookEffectListMount (/Users/ryan/.codex/worktrees/6614/chirality/projects/chirality-piping/node_modules/react-dom/cjs/react-dom-client.development.js:13249:29) undefined
Error: Not implemented: HTMLCanvasElement.prototype.getContext (without installing the canvas npm package)
    at module.exports (/Users/ryan/.codex/worktrees/6614/chirality/projects/chirality-piping/node_modules/jsdom/lib/jsdom/browser/not-implemented.js:9:17)
    at HTMLCanvasElementImpl.getContext (/Users/ryan/.codex/worktrees/6614/chirality/projects/chirality-piping/node_modules/jsdom/lib/jsdom/living/nodes/HTMLCanvasElement-impl.js:42:5)
    at HTMLCanvasElement.getContext (/Users/ryan/.codex/worktrees/6614/chirality/projects/chirality-piping/node_modules/jsdom/lib/jsdom/living/generated/HTMLCanvasElement.js:131:58)
    at getContext (file:///Users/ryan/.codex/worktrees/6614/chirality/projects/chirality-piping/node_modules/three/build/three.module.js:15443:18)
    at new WebGLRenderer (file:///Users/ryan/.codex/worktrees/6614/chirality/projects/chirality-piping/node_modules/three/build/three.module.js:15476:11)
    at new ViewportResource (/private/tmp/piping-engine-integration-20260925/projects/chirality-piping/apps/desktop/src/features/viewport/viewportResource.ts:509:21)
    at /private/tmp/piping-engine-integration-20260925/projects/chirality-piping/apps/desktop/src/features/viewport/PipeViewport.tsx:909:18
    at Object.react_stack_bottom_frame (/Users/ryan/.codex/worktrees/6614/chirality/projects/chirality-piping/node_modules/react-dom/cjs/react-dom-client.development.js:25989:20)
    at runWithFiberInDEV (/Users/ryan/.codex/worktrees/6614/chirality/projects/chirality-piping/node_modules/react-dom/cjs/react-dom-client.development.js:874:13)
    at commitHookEffectListMount (/Users/ryan/.codex/worktrees/6614/chirality/projects/chirality-piping/node_modules/react-dom/cjs/react-dom-client.development.js:13249:29) undefined
Error: Not implemented: HTMLCanvasElement.prototype.getContext (without installing the canvas npm package)
    at module.exports (/Users/ryan/.codex/worktrees/6614/chirality/projects/chirality-piping/node_modules/jsdom/lib/jsdom/browser/not-implemented.js:9:17)
    at HTMLCanvasElementImpl.getContext (/Users/ryan/.codex/worktrees/6614/chirality/projects/chirality-piping/node_modules/jsdom/lib/jsdom/living/nodes/HTMLCanvasElement-impl.js:42:5)
    at HTMLCanvasElement.getContext (/Users/ryan/.codex/worktrees/6614/chirality/projects/chirality-piping/node_modules/jsdom/lib/jsdom/living/generated/HTMLCanvasElement.js:131:58)
    at getContext (file:///Users/ryan/.codex/worktrees/6614/chirality/projects/chirality-piping/node_modules/three/build/three.module.js:15443:18)
    at new WebGLRenderer (file:///Users/ryan/.codex/worktrees/6614/chirality/projects/chirality-piping/node_modules/three/build/three.module.js:15472:11)
    at new ViewportResource (/private/tmp/piping-engine-integration-20260925/projects/chirality-piping/apps/desktop/src/features/viewport/viewportResource.ts:509:21)
    at /private/tmp/piping-engine-integration-20260925/projects/chirality-piping/apps/desktop/src/features/viewport/PipeViewport.tsx:909:18
    at Object.react_stack_bottom_frame (/Users/ryan/.codex/worktrees/6614/chirality/projects/chirality-piping/node_modules/react-dom/cjs/react-dom-client.development.js:25989:20)
    at runWithFiberInDEV (/Users/ryan/.codex/worktrees/6614/chirality/projects/chirality-piping/node_modules/react-dom/cjs/react-dom-client.development.js:874:13)
    at commitHookEffectListMount (/Users/ryan/.codex/worktrees/6614/chirality/projects/chirality-piping/node_modules/react-dom/cjs/react-dom-client.development.js:13249:29) undefined
Error: Not implemented: HTMLCanvasElement.prototype.getContext (without installing the canvas npm package)
    at module.exports (/Users/ryan/.codex/worktrees/6614/chirality/projects/chirality-piping/node_modules/jsdom/lib/jsdom/browser/not-implemented.js:9:17)
    at HTMLCanvasElementImpl.getContext (/Users/ryan/.codex/worktrees/6614/chirality/projects/chirality-piping/node_modules/jsdom/lib/jsdom/living/nodes/HTMLCanvasElement-impl.js:42:5)
    at HTMLCanvasElement.getContext (/Users/ryan/.codex/worktrees/6614/chirality/projects/chirality-piping/node_modules/jsdom/lib/jsdom/living/generated/HTMLCanvasElement.js:131:58)
    at getContext (file:///Users/ryan/.codex/worktrees/6614/chirality/projects/chirality-piping/node_modules/three/build/three.module.js:15443:18)
    at new WebGLRenderer (file:///Users/ryan/.codex/worktrees/6614/chirality/projects/chirality-piping/node_modules/three/build/three.module.js:15476:11)
    at new ViewportResource (/private/tmp/piping-engine-integration-20260925/projects/chirality-piping/apps/desktop/src/features/viewport/viewportResource.ts:509:21)
    at /private/tmp/piping-engine-integration-20260925/projects/chirality-piping/apps/desktop/src/features/viewport/PipeViewport.tsx:909:18
    at Object.react_stack_bottom_frame (/Users/ryan/.codex/worktrees/6614/chirality/projects/chirality-piping/node_modules/react-dom/cjs/react-dom-client.development.js:25989:20)
    at runWithFiberInDEV (/Users/ryan/.codex/worktrees/6614/chirality/projects/chirality-piping/node_modules/react-dom/cjs/react-dom-client.development.js:874:13)
    at commitHookEffectListMount (/Users/ryan/.codex/worktrees/6614/chirality/projects/chirality-piping/node_modules/react-dom/cjs/react-dom-client.development.js:13249:29) undefined
Error: Not implemented: HTMLCanvasElement.prototype.getContext (without installing the canvas npm package)
    at module.exports (/Users/ryan/.codex/worktrees/6614/chirality/projects/chirality-piping/node_modules/jsdom/lib/jsdom/browser/not-implemented.js:9:17)
    at HTMLCanvasElementImpl.getContext (/Users/ryan/.codex/worktrees/6614/chirality/projects/chirality-piping/node_modules/jsdom/lib/jsdom/living/nodes/HTMLCanvasElement-impl.js:42:5)
    at HTMLCanvasElement.getContext (/Users/ryan/.codex/worktrees/6614/chirality/projects/chirality-piping/node_modules/jsdom/lib/jsdom/living/generated/HTMLCanvasElement.js:131:58)
    at getContext (file:///Users/ryan/.codex/worktrees/6614/chirality/projects/chirality-piping/node_modules/three/build/three.module.js:15443:18)
    at new WebGLRenderer (file:///Users/ryan/.codex/worktrees/6614/chirality/projects/chirality-piping/node_modules/three/build/three.module.js:15472:11)
    at new ViewportResource (/private/tmp/piping-engine-integration-20260925/projects/chirality-piping/apps/desktop/src/features/viewport/viewportResource.ts:509:21)
    at /private/tmp/piping-engine-integration-20260925/projects/chirality-piping/apps/desktop/src/features/viewport/PipeViewport.tsx:909:18
    at Object.react_stack_bottom_frame (/Users/ryan/.codex/worktrees/6614/chirality/projects/chirality-piping/node_modules/react-dom/cjs/react-dom-client.development.js:25989:20)
    at runWithFiberInDEV (/Users/ryan/.codex/worktrees/6614/chirality/projects/chirality-piping/node_modules/react-dom/cjs/react-dom-client.development.js:874:13)
    at commitHookEffectListMount (/Users/ryan/.codex/worktrees/6614/chirality/projects/chirality-piping/node_modules/react-dom/cjs/react-dom-client.development.js:13249:29) undefined
Error: Not implemented: HTMLCanvasElement.prototype.getContext (without installing the canvas npm package)
    at module.exports (/Users/ryan/.codex/worktrees/6614/chirality/projects/chirality-piping/node_modules/jsdom/lib/jsdom/browser/not-implemented.js:9:17)
    at HTMLCanvasElementImpl.getContext (/Users/ryan/.codex/worktrees/6614/chirality/projects/chirality-piping/node_modules/jsdom/lib/jsdom/living/nodes/HTMLCanvasElement-impl.js:42:5)
    at HTMLCanvasElement.getContext (/Users/ryan/.codex/worktrees/6614/chirality/projects/chirality-piping/node_modules/jsdom/lib/jsdom/living/generated/HTMLCanvasElement.js:131:58)
    at getContext (file:///Users/ryan/.codex/worktrees/6614/chirality/projects/chirality-piping/node_modules/three/build/three.module.js:15443:18)
    at new WebGLRenderer (file:///Users/ryan/.codex/worktrees/6614/chirality/projects/chirality-piping/node_modules/three/build/three.module.js:15476:11)
    at new ViewportResource (/private/tmp/piping-engine-integration-20260925/projects/chirality-piping/apps/desktop/src/features/viewport/viewportResource.ts:509:21)
    at /private/tmp/piping-engine-integration-20260925/projects/chirality-piping/apps/desktop/src/features/viewport/PipeViewport.tsx:909:18
    at Object.react_stack_bottom_frame (/Users/ryan/.codex/worktrees/6614/chirality/projects/chirality-piping/node_modules/react-dom/cjs/react-dom-client.development.js:25989:20)
    at runWithFiberInDEV (/Users/ryan/.codex/worktrees/6614/chirality/projects/chirality-piping/node_modules/react-dom/cjs/react-dom-client.development.js:874:13)
    at commitHookEffectListMount (/Users/ryan/.codex/worktrees/6614/chirality/projects/chirality-piping/node_modules/react-dom/cjs/react-dom-client.development.js:13249:29) undefined
Error: Not implemented: HTMLCanvasElement.prototype.getContext (without installing the canvas npm package)
    at module.exports (/Users/ryan/.codex/worktrees/6614/chirality/projects/chirality-piping/node_modules/jsdom/lib/jsdom/browser/not-implemented.js:9:17)
    at HTMLCanvasElementImpl.getContext (/Users/ryan/.codex/worktrees/6614/chirality/projects/chirality-piping/node_modules/jsdom/lib/jsdom/living/nodes/HTMLCanvasElement-impl.js:42:5)
    at HTMLCanvasElement.getContext (/Users/ryan/.codex/worktrees/6614/chirality/projects/chirality-piping/node_modules/jsdom/lib/jsdom/living/generated/HTMLCanvasElement.js:131:58)
    at getContext (file:///Users/ryan/.codex/worktrees/6614/chirality/projects/chirality-piping/node_modules/three/build/three.module.js:15443:18)
    at new WebGLRenderer (file:///Users/ryan/.codex/worktrees/6614/chirality/projects/chirality-piping/node_modules/three/build/three.module.js:15472:11)
    at new ViewportResource (/private/tmp/piping-engine-integration-20260925/projects/chirality-piping/apps/desktop/src/features/viewport/viewportResource.ts:509:21)
    at /private/tmp/piping-engine-integration-20260925/projects/chirality-piping/apps/desktop/src/features/viewport/PipeViewport.tsx:909:18
    at Object.react_stack_bottom_frame (/Users/ryan/.codex/worktrees/6614/chirality/projects/chirality-piping/node_modules/react-dom/cjs/react-dom-client.development.js:25989:20)
    at runWithFiberInDEV (/Users/ryan/.codex/worktrees/6614/chirality/projects/chirality-piping/node_modules/react-dom/cjs/react-dom-client.development.js:874:13)
    at commitHookEffectListMount (/Users/ryan/.codex/worktrees/6614/chirality/projects/chirality-piping/node_modules/react-dom/cjs/react-dom-client.development.js:13249:29) undefined
Error: Not implemented: HTMLCanvasElement.prototype.getContext (without installing the canvas npm package)
    at module.exports (/Users/ryan/.codex/worktrees/6614/chirality/projects/chirality-piping/node_modules/jsdom/lib/jsdom/browser/not-implemented.js:9:17)
    at HTMLCanvasElementImpl.getContext (/Users/ryan/.codex/worktrees/6614/chirality/projects/chirality-piping/node_modules/jsdom/lib/jsdom/living/nodes/HTMLCanvasElement-impl.js:42:5)
    at HTMLCanvasElement.getContext (/Users/ryan/.codex/worktrees/6614/chirality/projects/chirality-piping/node_modules/jsdom/lib/jsdom/living/generated/HTMLCanvasElement.js:131:58)
    at getContext (file:///Users/ryan/.codex/worktrees/6614/chirality/projects/chirality-piping/node_modules/three/build/three.module.js:15443:18)
    at new WebGLRenderer (file:///Users/ryan/.codex/worktrees/6614/chirality/projects/chirality-piping/node_modules/three/build/three.module.js:15476:11)
    at new ViewportResource (/private/tmp/piping-engine-integration-20260925/projects/chirality-piping/apps/desktop/src/features/viewport/viewportResource.ts:509:21)
    at /private/tmp/piping-engine-integration-20260925/projects/chirality-piping/apps/desktop/src/features/viewport/PipeViewport.tsx:909:18
    at Object.react_stack_bottom_frame (/Users/ryan/.codex/worktrees/6614/chirality/projects/chirality-piping/node_modules/react-dom/cjs/react-dom-client.development.js:25989:20)
    at runWithFiberInDEV (/Users/ryan/.codex/worktrees/6614/chirality/projects/chirality-piping/node_modules/react-dom/cjs/react-dom-client.development.js:874:13)
    at commitHookEffectListMount (/Users/ryan/.codex/worktrees/6614/chirality/projects/chirality-piping/node_modules/react-dom/cjs/react-dom-client.development.js:13249:29) undefined
Error: Not implemented: HTMLCanvasElement.prototype.getContext (without installing the canvas npm package)
    at module.exports (/Users/ryan/.codex/worktrees/6614/chirality/projects/chirality-piping/node_modules/jsdom/lib/jsdom/browser/not-implemented.js:9:17)
    at HTMLCanvasElementImpl.getContext (/Users/ryan/.codex/worktrees/6614/chirality/projects/chirality-piping/node_modules/jsdom/lib/jsdom/living/nodes/HTMLCanvasElement-impl.js:42:5)
    at HTMLCanvasElement.getContext (/Users/ryan/.codex/worktrees/6614/chirality/projects/chirality-piping/node_modules/jsdom/lib/jsdom/living/generated/HTMLCanvasElement.js:131:58)
    at getContext (file:///Users/ryan/.codex/worktrees/6614/chirality/projects/chirality-piping/node_modules/three/build/three.module.js:15443:18)
    at new WebGLRenderer (file:///Users/ryan/.codex/worktrees/6614/chirality/projects/chirality-piping/node_modules/three/build/three.module.js:15472:11)
    at new ViewportResource (/private/tmp/piping-engine-integration-20260925/projects/chirality-piping/apps/desktop/src/features/viewport/viewportResource.ts:509:21)
    at /private/tmp/piping-engine-integration-20260925/projects/chirality-piping/apps/desktop/src/features/viewport/PipeViewport.tsx:909:18
    at Object.react_stack_bottom_frame (/Users/ryan/.codex/worktrees/6614/chirality/projects/chirality-piping/node_modules/react-dom/cjs/react-dom-client.development.js:25989:20)
    at runWithFiberInDEV (/Users/ryan/.codex/worktrees/6614/chirality/projects/chirality-piping/node_modules/react-dom/cjs/react-dom-client.development.js:874:13)
    at commitHookEffectListMount (/Users/ryan/.codex/worktrees/6614/chirality/projects/chirality-piping/node_modules/react-dom/cjs/react-dom-client.development.js:13249:29) undefined
Error: Not implemented: HTMLCanvasElement.prototype.getContext (without installing the canvas npm package)
    at module.exports (/Users/ryan/.codex/worktrees/6614/chirality/projects/chirality-piping/node_modules/jsdom/lib/jsdom/browser/not-implemented.js:9:17)
    at HTMLCanvasElementImpl.getContext (/Users/ryan/.codex/worktrees/6614/chirality/projects/chirality-piping/node_modules/jsdom/lib/jsdom/living/nodes/HTMLCanvasElement-impl.js:42:5)
    at HTMLCanvasElement.getContext (/Users/ryan/.codex/worktrees/6614/chirality/projects/chirality-piping/node_modules/jsdom/lib/jsdom/living/generated/HTMLCanvasElement.js:131:58)
    at getContext (file:///Users/ryan/.codex/worktrees/6614/chirality/projects/chirality-piping/node_modules/three/build/three.module.js:15443:18)
    at new WebGLRenderer (file:///Users/ryan/.codex/worktrees/6614/chirality/projects/chirality-piping/node_modules/three/build/three.module.js:15476:11)
    at new ViewportResource (/private/tmp/piping-engine-integration-20260925/projects/chirality-piping/apps/desktop/src/features/viewport/viewportResource.ts:509:21)
    at /private/tmp/piping-engine-integration-20260925/projects/chirality-piping/apps/desktop/src/features/viewport/PipeViewport.tsx:909:18
    at Object.react_stack_bottom_frame (/Users/ryan/.codex/worktrees/6614/chirality/projects/chirality-piping/node_modules/react-dom/cjs/react-dom-client.development.js:25989:20)
    at runWithFiberInDEV (/Users/ryan/.codex/worktrees/6614/chirality/projects/chirality-piping/node_modules/react-dom/cjs/react-dom-client.development.js:874:13)
    at commitHookEffectListMount (/Users/ryan/.codex/worktrees/6614/chirality/projects/chirality-piping/node_modules/react-dom/cjs/react-dom-client.development.js:13249:29) undefined
Error: Not implemented: HTMLCanvasElement.prototype.getContext (without installing the canvas npm package)
    at module.exports (/Users/ryan/.codex/worktrees/6614/chirality/projects/chirality-piping/node_modules/jsdom/lib/jsdom/browser/not-implemented.js:9:17)
    at HTMLCanvasElementImpl.getContext (/Users/ryan/.codex/worktrees/6614/chirality/projects/chirality-piping/node_modules/jsdom/lib/jsdom/living/nodes/HTMLCanvasElement-impl.js:42:5)
    at HTMLCanvasElement.getContext (/Users/ryan/.codex/worktrees/6614/chirality/projects/chirality-piping/node_modules/jsdom/lib/jsdom/living/generated/HTMLCanvasElement.js:131:58)
    at getContext (file:///Users/ryan/.codex/worktrees/6614/chirality/projects/chirality-piping/node_modules/three/build/three.module.js:15443:18)
    at new WebGLRenderer (file:///Users/ryan/.codex/worktrees/6614/chirality/projects/chirality-piping/node_modules/three/build/three.module.js:15472:11)
    at new ViewportResource (/private/tmp/piping-engine-integration-20260925/projects/chirality-piping/apps/desktop/src/features/viewport/viewportResource.ts:509:21)
    at /private/tmp/piping-engine-integration-20260925/projects/chirality-piping/apps/desktop/src/features/viewport/PipeViewport.tsx:909:18
    at Object.react_stack_bottom_frame (/Users/ryan/.codex/worktrees/6614/chirality/projects/chirality-piping/node_modules/react-dom/cjs/react-dom-client.development.js:25989:20)
    at runWithFiberInDEV (/Users/ryan/.codex/worktrees/6614/chirality/projects/chirality-piping/node_modules/react-dom/cjs/react-dom-client.development.js:874:13)
    at commitHookEffectListMount (/Users/ryan/.codex/worktrees/6614/chirality/projects/chirality-piping/node_modules/react-dom/cjs/react-dom-client.development.js:13249:29) undefined
Error: Not implemented: HTMLCanvasElement.prototype.getContext (without installing the canvas npm package)
    at module.exports (/Users/ryan/.codex/worktrees/6614/chirality/projects/chirality-piping/node_modules/jsdom/lib/jsdom/browser/not-implemented.js:9:17)
    at HTMLCanvasElementImpl.getContext (/Users/ryan/.codex/worktrees/6614/chirality/projects/chirality-piping/node_modules/jsdom/lib/jsdom/living/nodes/HTMLCanvasElement-impl.js:42:5)
    at HTMLCanvasElement.getContext (/Users/ryan/.codex/worktrees/6614/chirality/projects/chirality-piping/node_modules/jsdom/lib/jsdom/living/generated/HTMLCanvasElement.js:131:58)
    at getContext (file:///Users/ryan/.codex/worktrees/6614/chirality/projects/chirality-piping/node_modules/three/build/three.module.js:15443:18)
    at new WebGLRenderer (file:///Users/ryan/.codex/worktrees/6614/chirality/projects/chirality-piping/node_modules/three/build/three.module.js:15476:11)
    at new ViewportResource (/private/tmp/piping-engine-integration-20260925/projects/chirality-piping/apps/desktop/src/features/viewport/viewportResource.ts:509:21)
    at /private/tmp/piping-engine-integration-20260925/projects/chirality-piping/apps/desktop/src/features/viewport/PipeViewport.tsx:909:18
    at Object.react_stack_bottom_frame (/Users/ryan/.codex/worktrees/6614/chirality/projects/chirality-piping/node_modules/react-dom/cjs/react-dom-client.development.js:25989:20)
    at runWithFiberInDEV (/Users/ryan/.codex/worktrees/6614/chirality/projects/chirality-piping/node_modules/react-dom/cjs/react-dom-client.development.js:874:13)
    at commitHookEffectListMount (/Users/ryan/.codex/worktrees/6614/chirality/projects/chirality-piping/node_modules/react-dom/cjs/react-dom-client.development.js:13249:29) undefined
Error: Not implemented: HTMLCanvasElement.prototype.getContext (without installing the canvas npm package)
    at module.exports (/Users/ryan/.codex/worktrees/6614/chirality/projects/chirality-piping/node_modules/jsdom/lib/jsdom/browser/not-implemented.js:9:17)
    at HTMLCanvasElementImpl.getContext (/Users/ryan/.codex/worktrees/6614/chirality/projects/chirality-piping/node_modules/jsdom/lib/jsdom/living/nodes/HTMLCanvasElement-impl.js:42:5)
    at HTMLCanvasElement.getContext (/Users/ryan/.codex/worktrees/6614/chirality/projects/chirality-piping/node_modules/jsdom/lib/jsdom/living/generated/HTMLCanvasElement.js:131:58)
    at getContext (file:///Users/ryan/.codex/worktrees/6614/chirality/projects/chirality-piping/node_modules/three/build/three.module.js:15443:18)
    at new WebGLRenderer (file:///Users/ryan/.codex/worktrees/6614/chirality/projects/chirality-piping/node_modules/three/build/three.module.js:15472:11)
    at new ViewportResource (/private/tmp/piping-engine-integration-20260925/projects/chirality-piping/apps/desktop/src/features/viewport/viewportResource.ts:509:21)
    at /private/tmp/piping-engine-integration-20260925/projects/chirality-piping/apps/desktop/src/features/viewport/PipeViewport.tsx:909:18
    at Object.react_stack_bottom_frame (/Users/ryan/.codex/worktrees/6614/chirality/projects/chirality-piping/node_modules/react-dom/cjs/react-dom-client.development.js:25989:20)
    at runWithFiberInDEV (/Users/ryan/.codex/worktrees/6614/chirality/projects/chirality-piping/node_modules/react-dom/cjs/react-dom-client.development.js:874:13)
    at commitHookEffectListMount (/Users/ryan/.codex/worktrees/6614/chirality/projects/chirality-piping/node_modules/react-dom/cjs/react-dom-client.development.js:13249:29) undefined
Error: Not implemented: HTMLCanvasElement.prototype.getContext (without installing the canvas npm package)
    at module.exports (/Users/ryan/.codex/worktrees/6614/chirality/projects/chirality-piping/node_modules/jsdom/lib/jsdom/browser/not-implemented.js:9:17)
    at HTMLCanvasElementImpl.getContext (/Users/ryan/.codex/worktrees/6614/chirality/projects/chirality-piping/node_modules/jsdom/lib/jsdom/living/nodes/HTMLCanvasElement-impl.js:42:5)
    at HTMLCanvasElement.getContext (/Users/ryan/.codex/worktrees/6614/chirality/projects/chirality-piping/node_modules/jsdom/lib/jsdom/living/generated/HTMLCanvasElement.js:131:58)
    at getContext (file:///Users/ryan/.codex/worktrees/6614/chirality/projects/chirality-piping/node_modules/three/build/three.module.js:15443:18)
    at new WebGLRenderer (file:///Users/ryan/.codex/worktrees/6614/chirality/projects/chirality-piping/node_modules/three/build/three.module.js:15476:11)
    at new ViewportResource (/private/tmp/piping-engine-integration-20260925/projects/chirality-piping/apps/desktop/src/features/viewport/viewportResource.ts:509:21)
    at /private/tmp/piping-engine-integration-20260925/projects/chirality-piping/apps/desktop/src/features/viewport/PipeViewport.tsx:909:18
    at Object.react_stack_bottom_frame (/Users/ryan/.codex/worktrees/6614/chirality/projects/chirality-piping/node_modules/react-dom/cjs/react-dom-client.development.js:25989:20)
    at runWithFiberInDEV (/Users/ryan/.codex/worktrees/6614/chirality/projects/chirality-piping/node_modules/react-dom/cjs/react-dom-client.development.js:874:13)
    at commitHookEffectListMount (/Users/ryan/.codex/worktrees/6614/chirality/projects/chirality-piping/node_modules/react-dom/cjs/react-dom-client.development.js:13249:29) undefined
Error: Not implemented: HTMLCanvasElement.prototype.getContext (without installing the canvas npm package)
    at module.exports (/Users/ryan/.codex/worktrees/6614/chirality/projects/chirality-piping/node_modules/jsdom/lib/jsdom/browser/not-implemented.js:9:17)
    at HTMLCanvasElementImpl.getContext (/Users/ryan/.codex/worktrees/6614/chirality/projects/chirality-piping/node_modules/jsdom/lib/jsdom/living/nodes/HTMLCanvasElement-impl.js:42:5)
    at HTMLCanvasElement.getContext (/Users/ryan/.codex/worktrees/6614/chirality/projects/chirality-piping/node_modules/jsdom/lib/jsdom/living/generated/HTMLCanvasElement.js:131:58)
    at getContext (file:///Users/ryan/.codex/worktrees/6614/chirality/projects/chirality-piping/node_modules/three/build/three.module.js:15443:18)
    at new WebGLRenderer (file:///Users/ryan/.codex/worktrees/6614/chirality/projects/chirality-piping/node_modules/three/build/three.module.js:15472:11)
    at new ViewportResource (/private/tmp/piping-engine-integration-20260925/projects/chirality-piping/apps/desktop/src/features/viewport/viewportResource.ts:509:21)
    at /private/tmp/piping-engine-integration-20260925/projects/chirality-piping/apps/desktop/src/features/viewport/PipeViewport.tsx:909:18
    at Object.react_stack_bottom_frame (/Users/ryan/.codex/worktrees/6614/chirality/projects/chirality-piping/node_modules/react-dom/cjs/react-dom-client.development.js:25989:20)
    at runWithFiberInDEV (/Users/ryan/.codex/worktrees/6614/chirality/projects/chirality-piping/node_modules/react-dom/cjs/react-dom-client.development.js:874:13)
    at commitHookEffectListMount (/Users/ryan/.codex/worktrees/6614/chirality/projects/chirality-piping/node_modules/react-dom/cjs/react-dom-client.development.js:13249:29) undefined
Error: Not implemented: HTMLCanvasElement.prototype.getContext (without installing the canvas npm package)
    at module.exports (/Users/ryan/.codex/worktrees/6614/chirality/projects/chirality-piping/node_modules/jsdom/lib/jsdom/browser/not-implemented.js:9:17)
    at HTMLCanvasElementImpl.getContext (/Users/ryan/.codex/worktrees/6614/chirality/projects/chirality-piping/node_modules/jsdom/lib/jsdom/living/nodes/HTMLCanvasElement-impl.js:42:5)
    at HTMLCanvasElement.getContext (/Users/ryan/.codex/worktrees/6614/chirality/projects/chirality-piping/node_modules/jsdom/lib/jsdom/living/generated/HTMLCanvasElement.js:131:58)
    at getContext (file:///Users/ryan/.codex/worktrees/6614/chirality/projects/chirality-piping/node_modules/three/build/three.module.js:15443:18)
    at new WebGLRenderer (file:///Users/ryan/.codex/worktrees/6614/chirality/projects/chirality-piping/node_modules/three/build/three.module.js:15476:11)
    at new ViewportResource (/private/tmp/piping-engine-integration-20260925/projects/chirality-piping/apps/desktop/src/features/viewport/viewportResource.ts:509:21)
    at /private/tmp/piping-engine-integration-20260925/projects/chirality-piping/apps/desktop/src/features/viewport/PipeViewport.tsx:909:18
    at Object.react_stack_bottom_frame (/Users/ryan/.codex/worktrees/6614/chirality/projects/chirality-piping/node_modules/react-dom/cjs/react-dom-client.development.js:25989:20)
    at runWithFiberInDEV (/Users/ryan/.codex/worktrees/6614/chirality/projects/chirality-piping/node_modules/react-dom/cjs/react-dom-client.development.js:874:13)
    at commitHookEffectListMount (/Users/ryan/.codex/worktrees/6614/chirality/projects/chirality-piping/node_modules/react-dom/cjs/react-dom-client.development.js:13249:29) undefined
Error: Not implemented: HTMLCanvasElement.prototype.getContext (without installing the canvas npm package)
    at module.exports (/Users/ryan/.codex/worktrees/6614/chirality/projects/chirality-piping/node_modules/jsdom/lib/jsdom/browser/not-implemented.js:9:17)
    at HTMLCanvasElementImpl.getContext (/Users/ryan/.codex/worktrees/6614/chirality/projects/chirality-piping/node_modules/jsdom/lib/jsdom/living/nodes/HTMLCanvasElement-impl.js:42:5)
    at HTMLCanvasElement.getContext (/Users/ryan/.codex/worktrees/6614/chirality/projects/chirality-piping/node_modules/jsdom/lib/jsdom/living/generated/HTMLCanvasElement.js:131:58)
    at getContext (file:///Users/ryan/.codex/worktrees/6614/chirality/projects/chirality-piping/node_modules/three/build/three.module.js:15443:18)
    at new WebGLRenderer (file:///Users/ryan/.codex/worktrees/6614/chirality/projects/chirality-piping/node_modules/three/build/three.module.js:15472:11)
    at new ViewportResource (/private/tmp/piping-engine-integration-20260925/projects/chirality-piping/apps/desktop/src/features/viewport/viewportResource.ts:509:21)
    at /private/tmp/piping-engine-integration-20260925/projects/chirality-piping/apps/desktop/src/features/viewport/PipeViewport.tsx:909:18
    at Object.react_stack_bottom_frame (/Users/ryan/.codex/worktrees/6614/chirality/projects/chirality-piping/node_modules/react-dom/cjs/react-dom-client.development.js:25989:20)
    at runWithFiberInDEV (/Users/ryan/.codex/worktrees/6614/chirality/projects/chirality-piping/node_modules/react-dom/cjs/react-dom-client.development.js:874:13)
    at commitHookEffectListMount (/Users/ryan/.codex/worktrees/6614/chirality/projects/chirality-piping/node_modules/react-dom/cjs/react-dom-client.development.js:13249:29) undefined
Error: Not implemented: HTMLCanvasElement.prototype.getContext (without installing the canvas npm package)
    at module.exports (/Users/ryan/.codex/worktrees/6614/chirality/projects/chirality-piping/node_modules/jsdom/lib/jsdom/browser/not-implemented.js:9:17)
    at HTMLCanvasElementImpl.getContext (/Users/ryan/.codex/worktrees/6614/chirality/projects/chirality-piping/node_modules/jsdom/lib/jsdom/living/nodes/HTMLCanvasElement-impl.js:42:5)
    at HTMLCanvasElement.getContext (/Users/ryan/.codex/worktrees/6614/chirality/projects/chirality-piping/node_modules/jsdom/lib/jsdom/living/generated/HTMLCanvasElement.js:131:58)
    at getContext (file:///Users/ryan/.codex/worktrees/6614/chirality/projects/chirality-piping/node_modules/three/build/three.module.js:15443:18)
    at new WebGLRenderer (file:///Users/ryan/.codex/worktrees/6614/chirality/projects/chirality-piping/node_modules/three/build/three.module.js:15476:11)
    at new ViewportResource (/private/tmp/piping-engine-integration-20260925/projects/chirality-piping/apps/desktop/src/features/viewport/viewportResource.ts:509:21)
    at /private/tmp/piping-engine-integration-20260925/projects/chirality-piping/apps/desktop/src/features/viewport/PipeViewport.tsx:909:18
    at Object.react_stack_bottom_frame (/Users/ryan/.codex/worktrees/6614/chirality/projects/chirality-piping/node_modules/react-dom/cjs/react-dom-client.development.js:25989:20)
    at runWithFiberInDEV (/Users/ryan/.codex/worktrees/6614/chirality/projects/chirality-piping/node_modules/react-dom/cjs/react-dom-client.development.js:874:13)
    at commitHookEffectListMount (/Users/ryan/.codex/worktrees/6614/chirality/projects/chirality-piping/node_modules/react-dom/cjs/react-dom-client.development.js:13249:29) undefined
Error: Not implemented: HTMLCanvasElement.prototype.getContext (without installing the canvas npm package)
    at module.exports (/Users/ryan/.codex/worktrees/6614/chirality/projects/chirality-piping/node_modules/jsdom/lib/jsdom/browser/not-implemented.js:9:17)
    at HTMLCanvasElementImpl.getContext (/Users/ryan/.codex/worktrees/6614/chirality/projects/chirality-piping/node_modules/jsdom/lib/jsdom/living/nodes/HTMLCanvasElement-impl.js:42:5)
    at HTMLCanvasElement.getContext (/Users/ryan/.codex/worktrees/6614/chirality/projects/chirality-piping/node_modules/jsdom/lib/jsdom/living/generated/HTMLCanvasElement.js:131:58)
    at getContext (file:///Users/ryan/.codex/worktrees/6614/chirality/projects/chirality-piping/node_modules/three/build/three.module.js:15443:18)
    at new WebGLRenderer (file:///Users/ryan/.codex/worktrees/6614/chirality/projects/chirality-piping/node_modules/three/build/three.module.js:15472:11)
    at new ViewportResource (/private/tmp/piping-engine-integration-20260925/projects/chirality-piping/apps/desktop/src/features/viewport/viewportResource.ts:509:21)
    at /private/tmp/piping-engine-integration-20260925/projects/chirality-piping/apps/desktop/src/features/viewport/PipeViewport.tsx:909:18
    at Object.react_stack_bottom_frame (/Users/ryan/.codex/worktrees/6614/chirality/projects/chirality-piping/node_modules/react-dom/cjs/react-dom-client.development.js:25989:20)
    at runWithFiberInDEV (/Users/ryan/.codex/worktrees/6614/chirality/projects/chirality-piping/node_modules/react-dom/cjs/react-dom-client.development.js:874:13)
    at commitHookEffectListMount (/Users/ryan/.codex/worktrees/6614/chirality/projects/chirality-piping/node_modules/react-dom/cjs/react-dom-client.development.js:13249:29) undefined
Error: Not implemented: HTMLCanvasElement.prototype.getContext (without installing the canvas npm package)
    at module.exports (/Users/ryan/.codex/worktrees/6614/chirality/projects/chirality-piping/node_modules/jsdom/lib/jsdom/browser/not-implemented.js:9:17)
    at HTMLCanvasElementImpl.getContext (/Users/ryan/.codex/worktrees/6614/chirality/projects/chirality-piping/node_modules/jsdom/lib/jsdom/living/nodes/HTMLCanvasElement-impl.js:42:5)
    at HTMLCanvasElement.getContext (/Users/ryan/.codex/worktrees/6614/chirality/projects/chirality-piping/node_modules/jsdom/lib/jsdom/living/generated/HTMLCanvasElement.js:131:58)
    at getContext (file:///Users/ryan/.codex/worktrees/6614/chirality/projects/chirality-piping/node_modules/three/build/three.module.js:15443:18)
    at new WebGLRenderer (file:///Users/ryan/.codex/worktrees/6614/chirality/projects/chirality-piping/node_modules/three/build/three.module.js:15476:11)
    at new ViewportResource (/private/tmp/piping-engine-integration-20260925/projects/chirality-piping/apps/desktop/src/features/viewport/viewportResource.ts:509:21)
    at /private/tmp/piping-engine-integration-20260925/projects/chirality-piping/apps/desktop/src/features/viewport/PipeViewport.tsx:909:18
    at Object.react_stack_bottom_frame (/Users/ryan/.codex/worktrees/6614/chirality/projects/chirality-piping/node_modules/react-dom/cjs/react-dom-client.development.js:25989:20)
    at runWithFiberInDEV (/Users/ryan/.codex/worktrees/6614/chirality/projects/chirality-piping/node_modules/react-dom/cjs/react-dom-client.development.js:874:13)
    at commitHookEffectListMount (/Users/ryan/.codex/worktrees/6614/chirality/projects/chirality-piping/node_modules/react-dom/cjs/react-dom-client.development.js:13249:29) undefined
Error: Not implemented: HTMLCanvasElement.prototype.getContext (without installing the canvas npm package)
    at module.exports (/Users/ryan/.codex/worktrees/6614/chirality/projects/chirality-piping/node_modules/jsdom/lib/jsdom/browser/not-implemented.js:9:17)
    at HTMLCanvasElementImpl.getContext (/Users/ryan/.codex/worktrees/6614/chirality/projects/chirality-piping/node_modules/jsdom/lib/jsdom/living/nodes/HTMLCanvasElement-impl.js:42:5)
    at HTMLCanvasElement.getContext (/Users/ryan/.codex/worktrees/6614/chirality/projects/chirality-piping/node_modules/jsdom/lib/jsdom/living/generated/HTMLCanvasElement.js:131:58)
    at getContext (file:///Users/ryan/.codex/worktrees/6614/chirality/projects/chirality-piping/node_modules/three/build/three.module.js:15443:18)
    at new WebGLRenderer (file:///Users/ryan/.codex/worktrees/6614/chirality/projects/chirality-piping/node_modules/three/build/three.module.js:15472:11)
    at new ViewportResource (/private/tmp/piping-engine-integration-20260925/projects/chirality-piping/apps/desktop/src/features/viewport/viewportResource.ts:509:21)
    at /private/tmp/piping-engine-integration-20260925/projects/chirality-piping/apps/desktop/src/features/viewport/PipeViewport.tsx:909:18
    at Object.react_stack_bottom_frame (/Users/ryan/.codex/worktrees/6614/chirality/projects/chirality-piping/node_modules/react-dom/cjs/react-dom-client.development.js:25989:20)
    at runWithFiberInDEV (/Users/ryan/.codex/worktrees/6614/chirality/projects/chirality-piping/node_modules/react-dom/cjs/react-dom-client.development.js:874:13)
    at commitHookEffectListMount (/Users/ryan/.codex/worktrees/6614/chirality/projects/chirality-piping/node_modules/react-dom/cjs/react-dom-client.development.js:13249:29) undefined
Error: Not implemented: HTMLCanvasElement.prototype.getContext (without installing the canvas npm package)
    at module.exports (/Users/ryan/.codex/worktrees/6614/chirality/projects/chirality-piping/node_modules/jsdom/lib/jsdom/browser/not-implemented.js:9:17)
    at HTMLCanvasElementImpl.getContext (/Users/ryan/.codex/worktrees/6614/chirality/projects/chirality-piping/node_modules/jsdom/lib/jsdom/living/nodes/HTMLCanvasElement-impl.js:42:5)
    at HTMLCanvasElement.getContext (/Users/ryan/.codex/worktrees/6614/chirality/projects/chirality-piping/node_modules/jsdom/lib/jsdom/living/generated/HTMLCanvasElement.js:131:58)
    at getContext (file:///Users/ryan/.codex/worktrees/6614/chirality/projects/chirality-piping/node_modules/three/build/three.module.js:15443:18)
    at new WebGLRenderer (file:///Users/ryan/.codex/worktrees/6614/chirality/projects/chirality-piping/node_modules/three/build/three.module.js:15476:11)
    at new ViewportResource (/private/tmp/piping-engine-integration-20260925/projects/chirality-piping/apps/desktop/src/features/viewport/viewportResource.ts:509:21)
    at /private/tmp/piping-engine-integration-20260925/projects/chirality-piping/apps/desktop/src/features/viewport/PipeViewport.tsx:909:18
    at Object.react_stack_bottom_frame (/Users/ryan/.codex/worktrees/6614/chirality/projects/chirality-piping/node_modules/react-dom/cjs/react-dom-client.development.js:25989:20)
    at runWithFiberInDEV (/Users/ryan/.codex/worktrees/6614/chirality/projects/chirality-piping/node_modules/react-dom/cjs/react-dom-client.development.js:874:13)
    at commitHookEffectListMount (/Users/ryan/.codex/worktrees/6614/chirality/projects/chirality-piping/node_modules/react-dom/cjs/react-dom-client.development.js:13249:29) undefined
Error: Not implemented: HTMLCanvasElement.prototype.getContext (without installing the canvas npm package)
    at module.exports (/Users/ryan/.codex/worktrees/6614/chirality/projects/chirality-piping/node_modules/jsdom/lib/jsdom/browser/not-implemented.js:9:17)
    at HTMLCanvasElementImpl.getContext (/Users/ryan/.codex/worktrees/6614/chirality/projects/chirality-piping/node_modules/jsdom/lib/jsdom/living/nodes/HTMLCanvasElement-impl.js:42:5)
    at HTMLCanvasElement.getContext (/Users/ryan/.codex/worktrees/6614/chirality/projects/chirality-piping/node_modules/jsdom/lib/jsdom/living/generated/HTMLCanvasElement.js:131:58)
    at getContext (file:///Users/ryan/.codex/worktrees/6614/chirality/projects/chirality-piping/node_modules/three/build/three.module.js:15443:18)
    at new WebGLRenderer (file:///Users/ryan/.codex/worktrees/6614/chirality/projects/chirality-piping/node_modules/three/build/three.module.js:15472:11)
    at new ViewportResource (/private/tmp/piping-engine-integration-20260925/projects/chirality-piping/apps/desktop/src/features/viewport/viewportResource.ts:509:21)
    at /private/tmp/piping-engine-integration-20260925/projects/chirality-piping/apps/desktop/src/features/viewport/PipeViewport.tsx:909:18
    at Object.react_stack_bottom_frame (/Users/ryan/.codex/worktrees/6614/chirality/projects/chirality-piping/node_modules/react-dom/cjs/react-dom-client.development.js:25989:20)
    at runWithFiberInDEV (/Users/ryan/.codex/worktrees/6614/chirality/projects/chirality-piping/node_modules/react-dom/cjs/react-dom-client.development.js:874:13)
    at commitHookEffectListMount (/Users/ryan/.codex/worktrees/6614/chirality/projects/chirality-piping/node_modules/react-dom/cjs/react-dom-client.development.js:13249:29) undefined
Error: Not implemented: HTMLCanvasElement.prototype.getContext (without installing the canvas npm package)
    at module.exports (/Users/ryan/.codex/worktrees/6614/chirality/projects/chirality-piping/node_modules/jsdom/lib/jsdom/browser/not-implemented.js:9:17)
    at HTMLCanvasElementImpl.getContext (/Users/ryan/.codex/worktrees/6614/chirality/projects/chirality-piping/node_modules/jsdom/lib/jsdom/living/nodes/HTMLCanvasElement-impl.js:42:5)
    at HTMLCanvasElement.getContext (/Users/ryan/.codex/worktrees/6614/chirality/projects/chirality-piping/node_modules/jsdom/lib/jsdom/living/generated/HTMLCanvasElement.js:131:58)
    at getContext (file:///Users/ryan/.codex/worktrees/6614/chirality/projects/chirality-piping/node_modules/three/build/three.module.js:15443:18)
    at new WebGLRenderer (file:///Users/ryan/.codex/worktrees/6614/chirality/projects/chirality-piping/node_modules/three/build/three.module.js:15476:11)
    at new ViewportResource (/private/tmp/piping-engine-integration-20260925/projects/chirality-piping/apps/desktop/src/features/viewport/viewportResource.ts:509:21)
    at /private/tmp/piping-engine-integration-20260925/projects/chirality-piping/apps/desktop/src/features/viewport/PipeViewport.tsx:909:18
    at Object.react_stack_bottom_frame (/Users/ryan/.codex/worktrees/6614/chirality/projects/chirality-piping/node_modules/react-dom/cjs/react-dom-client.development.js:25989:20)
    at runWithFiberInDEV (/Users/ryan/.codex/worktrees/6614/chirality/projects/chirality-piping/node_modules/react-dom/cjs/react-dom-client.development.js:874:13)
    at commitHookEffectListMount (/Users/ryan/.codex/worktrees/6614/chirality/projects/chirality-piping/node_modules/react-dom/cjs/react-dom-client.development.js:13249:29) undefined
Error: Not implemented: HTMLCanvasElement.prototype.getContext (without installing the canvas npm package)
    at module.exports (/Users/ryan/.codex/worktrees/6614/chirality/projects/chirality-piping/node_modules/jsdom/lib/jsdom/browser/not-implemented.js:9:17)
    at HTMLCanvasElementImpl.getContext (/Users/ryan/.codex/worktrees/6614/chirality/projects/chirality-piping/node_modules/jsdom/lib/jsdom/living/nodes/HTMLCanvasElement-impl.js:42:5)
    at HTMLCanvasElement.getContext (/Users/ryan/.codex/worktrees/6614/chirality/projects/chirality-piping/node_modules/jsdom/lib/jsdom/living/generated/HTMLCanvasElement.js:131:58)
    at getContext (file:///Users/ryan/.codex/worktrees/6614/chirality/projects/chirality-piping/node_modules/three/build/three.module.js:15443:18)
    at new WebGLRenderer (file:///Users/ryan/.codex/worktrees/6614/chirality/projects/chirality-piping/node_modules/three/build/three.module.js:15472:11)
    at new ViewportResource (/private/tmp/piping-engine-integration-20260925/projects/chirality-piping/apps/desktop/src/features/viewport/viewportResource.ts:509:21)
    at /private/tmp/piping-engine-integration-20260925/projects/chirality-piping/apps/desktop/src/features/viewport/PipeViewport.tsx:909:18
    at Object.react_stack_bottom_frame (/Users/ryan/.codex/worktrees/6614/chirality/projects/chirality-piping/node_modules/react-dom/cjs/react-dom-client.development.js:25989:20)
    at runWithFiberInDEV (/Users/ryan/.codex/worktrees/6614/chirality/projects/chirality-piping/node_modules/react-dom/cjs/react-dom-client.development.js:874:13)
    at commitHookEffectListMount (/Users/ryan/.codex/worktrees/6614/chirality/projects/chirality-piping/node_modules/react-dom/cjs/react-dom-client.development.js:13249:29) undefined
Error: Not implemented: HTMLCanvasElement.prototype.getContext (without installing the canvas npm package)
    at module.exports (/Users/ryan/.codex/worktrees/6614/chirality/projects/chirality-piping/node_modules/jsdom/lib/jsdom/browser/not-implemented.js:9:17)
    at HTMLCanvasElementImpl.getContext (/Users/ryan/.codex/worktrees/6614/chirality/projects/chirality-piping/node_modules/jsdom/lib/jsdom/living/nodes/HTMLCanvasElement-impl.js:42:5)
    at HTMLCanvasElement.getContext (/Users/ryan/.codex/worktrees/6614/chirality/projects/chirality-piping/node_modules/jsdom/lib/jsdom/living/generated/HTMLCanvasElement.js:131:58)
    at getContext (file:///Users/ryan/.codex/worktrees/6614/chirality/projects/chirality-piping/node_modules/three/build/three.module.js:15443:18)
    at new WebGLRenderer (file:///Users/ryan/.codex/worktrees/6614/chirality/projects/chirality-piping/node_modules/three/build/three.module.js:15476:11)
    at new ViewportResource (/private/tmp/piping-engine-integration-20260925/projects/chirality-piping/apps/desktop/src/features/viewport/viewportResource.ts:509:21)
    at /private/tmp/piping-engine-integration-20260925/projects/chirality-piping/apps/desktop/src/features/viewport/PipeViewport.tsx:909:18
    at Object.react_stack_bottom_frame (/Users/ryan/.codex/worktrees/6614/chirality/projects/chirality-piping/node_modules/react-dom/cjs/react-dom-client.development.js:25989:20)
    at runWithFiberInDEV (/Users/ryan/.codex/worktrees/6614/chirality/projects/chirality-piping/node_modules/react-dom/cjs/react-dom-client.development.js:874:13)
    at commitHookEffectListMount (/Users/ryan/.codex/worktrees/6614/chirality/projects/chirality-piping/node_modules/react-dom/cjs/react-dom-client.development.js:13249:29) undefined
Error: Not implemented: HTMLCanvasElement.prototype.getContext (without installing the canvas npm package)
    at module.exports (/Users/ryan/.codex/worktrees/6614/chirality/projects/chirality-piping/node_modules/jsdom/lib/jsdom/browser/not-implemented.js:9:17)
    at HTMLCanvasElementImpl.getContext (/Users/ryan/.codex/worktrees/6614/chirality/projects/chirality-piping/node_modules/jsdom/lib/jsdom/living/nodes/HTMLCanvasElement-impl.js:42:5)
    at HTMLCanvasElement.getContext (/Users/ryan/.codex/worktrees/6614/chirality/projects/chirality-piping/node_modules/jsdom/lib/jsdom/living/generated/HTMLCanvasElement.js:131:58)
    at getContext (file:///Users/ryan/.codex/worktrees/6614/chirality/projects/chirality-piping/node_modules/three/build/three.module.js:15443:18)
    at new WebGLRenderer (file:///Users/ryan/.codex/worktrees/6614/chirality/projects/chirality-piping/node_modules/three/build/three.module.js:15472:11)
    at new ViewportResource (/private/tmp/piping-engine-integration-20260925/projects/chirality-piping/apps/desktop/src/features/viewport/viewportResource.ts:509:21)
    at /private/tmp/piping-engine-integration-20260925/projects/chirality-piping/apps/desktop/src/features/viewport/PipeViewport.tsx:909:18
    at Object.react_stack_bottom_frame (/Users/ryan/.codex/worktrees/6614/chirality/projects/chirality-piping/node_modules/react-dom/cjs/react-dom-client.development.js:25989:20)
    at runWithFiberInDEV (/Users/ryan/.codex/worktrees/6614/chirality/projects/chirality-piping/node_modules/react-dom/cjs/react-dom-client.development.js:874:13)
    at commitHookEffectListMount (/Users/ryan/.codex/worktrees/6614/chirality/projects/chirality-piping/node_modules/react-dom/cjs/react-dom-client.development.js:13249:29) undefined
Error: Not implemented: HTMLCanvasElement.prototype.getContext (without installing the canvas npm package)
    at module.exports (/Users/ryan/.codex/worktrees/6614/chirality/projects/chirality-piping/node_modules/jsdom/lib/jsdom/browser/not-implemented.js:9:17)
    at HTMLCanvasElementImpl.getContext (/Users/ryan/.codex/worktrees/6614/chirality/projects/chirality-piping/node_modules/jsdom/lib/jsdom/living/nodes/HTMLCanvasElement-impl.js:42:5)
    at HTMLCanvasElement.getContext (/Users/ryan/.codex/worktrees/6614/chirality/projects/chirality-piping/node_modules/jsdom/lib/jsdom/living/generated/HTMLCanvasElement.js:131:58)
    at getContext (file:///Users/ryan/.codex/worktrees/6614/chirality/projects/chirality-piping/node_modules/three/build/three.module.js:15443:18)
    at new WebGLRenderer (file:///Users/ryan/.codex/worktrees/6614/chirality/projects/chirality-piping/node_modules/three/build/three.module.js:15476:11)
    at new ViewportResource (/private/tmp/piping-engine-integration-20260925/projects/chirality-piping/apps/desktop/src/features/viewport/viewportResource.ts:509:21)
    at /private/tmp/piping-engine-integration-20260925/projects/chirality-piping/apps/desktop/src/features/viewport/PipeViewport.tsx:909:18
    at Object.react_stack_bottom_frame (/Users/ryan/.codex/worktrees/6614/chirality/projects/chirality-piping/node_modules/react-dom/cjs/react-dom-client.development.js:25989:20)
    at runWithFiberInDEV (/Users/ryan/.codex/worktrees/6614/chirality/projects/chirality-piping/node_modules/react-dom/cjs/react-dom-client.development.js:874:13)
    at commitHookEffectListMount (/Users/ryan/.codex/worktrees/6614/chirality/projects/chirality-piping/node_modules/react-dom/cjs/react-dom-client.development.js:13249:29) undefined
Error: Not implemented: HTMLCanvasElement.prototype.getContext (without installing the canvas npm package)
    at module.exports (/Users/ryan/.codex/worktrees/6614/chirality/projects/chirality-piping/node_modules/jsdom/lib/jsdom/browser/not-implemented.js:9:17)
    at HTMLCanvasElementImpl.getContext (/Users/ryan/.codex/worktrees/6614/chirality/projects/chirality-piping/node_modules/jsdom/lib/jsdom/living/nodes/HTMLCanvasElement-impl.js:42:5)
    at HTMLCanvasElement.getContext (/Users/ryan/.codex/worktrees/6614/chirality/projects/chirality-piping/node_modules/jsdom/lib/jsdom/living/generated/HTMLCanvasElement.js:131:58)
    at getContext (file:///Users/ryan/.codex/worktrees/6614/chirality/projects/chirality-piping/node_modules/three/build/three.module.js:15443:18)
    at new WebGLRenderer (file:///Users/ryan/.codex/worktrees/6614/chirality/projects/chirality-piping/node_modules/three/build/three.module.js:15472:11)
    at new ViewportResource (/private/tmp/piping-engine-integration-20260925/projects/chirality-piping/apps/desktop/src/features/viewport/viewportResource.ts:509:21)
    at /private/tmp/piping-engine-integration-20260925/projects/chirality-piping/apps/desktop/src/features/viewport/PipeViewport.tsx:909:18
    at Object.react_stack_bottom_frame (/Users/ryan/.codex/worktrees/6614/chirality/projects/chirality-piping/node_modules/react-dom/cjs/react-dom-client.development.js:25989:20)
    at runWithFiberInDEV (/Users/ryan/.codex/worktrees/6614/chirality/projects/chirality-piping/node_modules/react-dom/cjs/react-dom-client.development.js:874:13)
    at commitHookEffectListMount (/Users/ryan/.codex/worktrees/6614/chirality/projects/chirality-piping/node_modules/react-dom/cjs/react-dom-client.development.js:13249:29) undefined
Error: Not implemented: HTMLCanvasElement.prototype.getContext (without installing the canvas npm package)
    at module.exports (/Users/ryan/.codex/worktrees/6614/chirality/projects/chirality-piping/node_modules/jsdom/lib/jsdom/browser/not-implemented.js:9:17)
    at HTMLCanvasElementImpl.getContext (/Users/ryan/.codex/worktrees/6614/chirality/projects/chirality-piping/node_modules/jsdom/lib/jsdom/living/nodes/HTMLCanvasElement-impl.js:42:5)
    at HTMLCanvasElement.getContext (/Users/ryan/.codex/worktrees/6614/chirality/projects/chirality-piping/node_modules/jsdom/lib/jsdom/living/generated/HTMLCanvasElement.js:131:58)
    at getContext (file:///Users/ryan/.codex/worktrees/6614/chirality/projects/chirality-piping/node_modules/three/build/three.module.js:15443:18)
    at new WebGLRenderer (file:///Users/ryan/.codex/worktrees/6614/chirality/projects/chirality-piping/node_modules/three/build/three.module.js:15476:11)
    at new ViewportResource (/private/tmp/piping-engine-integration-20260925/projects/chirality-piping/apps/desktop/src/features/viewport/viewportResource.ts:509:21)
    at /private/tmp/piping-engine-integration-20260925/projects/chirality-piping/apps/desktop/src/features/viewport/PipeViewport.tsx:909:18
    at Object.react_stack_bottom_frame (/Users/ryan/.codex/worktrees/6614/chirality/projects/chirality-piping/node_modules/react-dom/cjs/react-dom-client.development.js:25989:20)
    at runWithFiberInDEV (/Users/ryan/.codex/worktrees/6614/chirality/projects/chirality-piping/node_modules/react-dom/cjs/react-dom-client.development.js:874:13)
    at commitHookEffectListMount (/Users/ryan/.codex/worktrees/6614/chirality/projects/chirality-piping/node_modules/react-dom/cjs/react-dom-client.development.js:13249:29) undefined
Error: Not implemented: HTMLCanvasElement.prototype.getContext (without installing the canvas npm package)
    at module.exports (/Users/ryan/.codex/worktrees/6614/chirality/projects/chirality-piping/node_modules/jsdom/lib/jsdom/browser/not-implemented.js:9:17)
    at HTMLCanvasElementImpl.getContext (/Users/ryan/.codex/worktrees/6614/chirality/projects/chirality-piping/node_modules/jsdom/lib/jsdom/living/nodes/HTMLCanvasElement-impl.js:42:5)
    at HTMLCanvasElement.getContext (/Users/ryan/.codex/worktrees/6614/chirality/projects/chirality-piping/node_modules/jsdom/lib/jsdom/living/generated/HTMLCanvasElement.js:131:58)
    at getContext (file:///Users/ryan/.codex/worktrees/6614/chirality/projects/chirality-piping/node_modules/three/build/three.module.js:15443:18)
    at new WebGLRenderer (file:///Users/ryan/.codex/worktrees/6614/chirality/projects/chirality-piping/node_modules/three/build/three.module.js:15472:11)
    at new ViewportResource (/private/tmp/piping-engine-integration-20260925/projects/chirality-piping/apps/desktop/src/features/viewport/viewportResource.ts:509:21)
    at /private/tmp/piping-engine-integration-20260925/projects/chirality-piping/apps/desktop/src/features/viewport/PipeViewport.tsx:909:18
    at Object.react_stack_bottom_frame (/Users/ryan/.codex/worktrees/6614/chirality/projects/chirality-piping/node_modules/react-dom/cjs/react-dom-client.development.js:25989:20)
    at runWithFiberInDEV (/Users/ryan/.codex/worktrees/6614/chirality/projects/chirality-piping/node_modules/react-dom/cjs/react-dom-client.development.js:874:13)
    at commitHookEffectListMount (/Users/ryan/.codex/worktrees/6614/chirality/projects/chirality-piping/node_modules/react-dom/cjs/react-dom-client.development.js:13249:29) undefined
Error: Not implemented: HTMLCanvasElement.prototype.getContext (without installing the canvas npm package)
    at module.exports (/Users/ryan/.codex/worktrees/6614/chirality/projects/chirality-piping/node_modules/jsdom/lib/jsdom/browser/not-implemented.js:9:17)
    at HTMLCanvasElementImpl.getContext (/Users/ryan/.codex/worktrees/6614/chirality/projects/chirality-piping/node_modules/jsdom/lib/jsdom/living/nodes/HTMLCanvasElement-impl.js:42:5)
    at HTMLCanvasElement.getContext (/Users/ryan/.codex/worktrees/6614/chirality/projects/chirality-piping/node_modules/jsdom/lib/jsdom/living/generated/HTMLCanvasElement.js:131:58)
    at getContext (file:///Users/ryan/.codex/worktrees/6614/chirality/projects/chirality-piping/node_modules/three/build/three.module.js:15443:18)
    at new WebGLRenderer (file:///Users/ryan/.codex/worktrees/6614/chirality/projects/chirality-piping/node_modules/three/build/three.module.js:15476:11)
    at new ViewportResource (/private/tmp/piping-engine-integration-20260925/projects/chirality-piping/apps/desktop/src/features/viewport/viewportResource.ts:509:21)
    at /private/tmp/piping-engine-integration-20260925/projects/chirality-piping/apps/desktop/src/features/viewport/PipeViewport.tsx:909:18
    at Object.react_stack_bottom_frame (/Users/ryan/.codex/worktrees/6614/chirality/projects/chirality-piping/node_modules/react-dom/cjs/react-dom-client.development.js:25989:20)
    at runWithFiberInDEV (/Users/ryan/.codex/worktrees/6614/chirality/projects/chirality-piping/node_modules/react-dom/cjs/react-dom-client.development.js:874:13)
    at commitHookEffectListMount (/Users/ryan/.codex/worktrees/6614/chirality/projects/chirality-piping/node_modules/react-dom/cjs/react-dom-client.development.js:13249:29) undefined
Error: Not implemented: HTMLCanvasElement.prototype.getContext (without installing the canvas npm package)
    at module.exports (/Users/ryan/.codex/worktrees/6614/chirality/projects/chirality-piping/node_modules/jsdom/lib/jsdom/browser/not-implemented.js:9:17)
    at HTMLCanvasElementImpl.getContext (/Users/ryan/.codex/worktrees/6614/chirality/projects/chirality-piping/node_modules/jsdom/lib/jsdom/living/nodes/HTMLCanvasElement-impl.js:42:5)
    at HTMLCanvasElement.getContext (/Users/ryan/.codex/worktrees/6614/chirality/projects/chirality-piping/node_modules/jsdom/lib/jsdom/living/generated/HTMLCanvasElement.js:131:58)
    at getContext (file:///Users/ryan/.codex/worktrees/6614/chirality/projects/chirality-piping/node_modules/three/build/three.module.js:15443:18)
    at new WebGLRenderer (file:///Users/ryan/.codex/worktrees/6614/chirality/projects/chirality-piping/node_modules/three/build/three.module.js:15472:11)
    at new ViewportResource (/private/tmp/piping-engine-integration-20260925/projects/chirality-piping/apps/desktop/src/features/viewport/viewportResource.ts:509:21)
    at /private/tmp/piping-engine-integration-20260925/projects/chirality-piping/apps/desktop/src/features/viewport/PipeViewport.tsx:909:18
    at Object.react_stack_bottom_frame (/Users/ryan/.codex/worktrees/6614/chirality/projects/chirality-piping/node_modules/react-dom/cjs/react-dom-client.development.js:25989:20)
    at runWithFiberInDEV (/Users/ryan/.codex/worktrees/6614/chirality/projects/chirality-piping/node_modules/react-dom/cjs/react-dom-client.development.js:874:13)
    at commitHookEffectListMount (/Users/ryan/.codex/worktrees/6614/chirality/projects/chirality-piping/node_modules/react-dom/cjs/react-dom-client.development.js:13249:29) undefined
Error: Not implemented: HTMLCanvasElement.prototype.getContext (without installing the canvas npm package)
    at module.exports (/Users/ryan/.codex/worktrees/6614/chirality/projects/chirality-piping/node_modules/jsdom/lib/jsdom/browser/not-implemented.js:9:17)
    at HTMLCanvasElementImpl.getContext (/Users/ryan/.codex/worktrees/6614/chirality/projects/chirality-piping/node_modules/jsdom/lib/jsdom/living/nodes/HTMLCanvasElement-impl.js:42:5)
    at HTMLCanvasElement.getContext (/Users/ryan/.codex/worktrees/6614/chirality/projects/chirality-piping/node_modules/jsdom/lib/jsdom/living/generated/HTMLCanvasElement.js:131:58)
    at getContext (file:///Users/ryan/.codex/worktrees/6614/chirality/projects/chirality-piping/node_modules/three/build/three.module.js:15443:18)
    at new WebGLRenderer (file:///Users/ryan/.codex/worktrees/6614/chirality/projects/chirality-piping/node_modules/three/build/three.module.js:15476:11)
    at new ViewportResource (/private/tmp/piping-engine-integration-20260925/projects/chirality-piping/apps/desktop/src/features/viewport/viewportResource.ts:509:21)
    at /private/tmp/piping-engine-integration-20260925/projects/chirality-piping/apps/desktop/src/features/viewport/PipeViewport.tsx:909:18
    at Object.react_stack_bottom_frame (/Users/ryan/.codex/worktrees/6614/chirality/projects/chirality-piping/node_modules/react-dom/cjs/react-dom-client.development.js:25989:20)
    at runWithFiberInDEV (/Users/ryan/.codex/worktrees/6614/chirality/projects/chirality-piping/node_modules/react-dom/cjs/react-dom-client.development.js:874:13)
    at commitHookEffectListMount (/Users/ryan/.codex/worktrees/6614/chirality/projects/chirality-piping/node_modules/react-dom/cjs/react-dom-client.development.js:13249:29) undefined
Error: Not implemented: HTMLCanvasElement.prototype.getContext (without installing the canvas npm package)
    at module.exports (/Users/ryan/.codex/worktrees/6614/chirality/projects/chirality-piping/node_modules/jsdom/lib/jsdom/browser/not-implemented.js:9:17)
    at HTMLCanvasElementImpl.getContext (/Users/ryan/.codex/worktrees/6614/chirality/projects/chirality-piping/node_modules/jsdom/lib/jsdom/living/nodes/HTMLCanvasElement-impl.js:42:5)
    at HTMLCanvasElement.getContext (/Users/ryan/.codex/worktrees/6614/chirality/projects/chirality-piping/node_modules/jsdom/lib/jsdom/living/generated/HTMLCanvasElement.js:131:58)
    at getContext (file:///Users/ryan/.codex/worktrees/6614/chirality/projects/chirality-piping/node_modules/three/build/three.module.js:15443:18)
    at new WebGLRenderer (file:///Users/ryan/.codex/worktrees/6614/chirality/projects/chirality-piping/node_modules/three/build/three.module.js:15472:11)
    at new ViewportResource (/private/tmp/piping-engine-integration-20260925/projects/chirality-piping/apps/desktop/src/features/viewport/viewportResource.ts:509:21)
    at /private/tmp/piping-engine-integration-20260925/projects/chirality-piping/apps/desktop/src/features/viewport/PipeViewport.tsx:909:18
    at Object.react_stack_bottom_frame (/Users/ryan/.codex/worktrees/6614/chirality/projects/chirality-piping/node_modules/react-dom/cjs/react-dom-client.development.js:25989:20)
    at runWithFiberInDEV (/Users/ryan/.codex/worktrees/6614/chirality/projects/chirality-piping/node_modules/react-dom/cjs/react-dom-client.development.js:874:13)
    at commitHookEffectListMount (/Users/ryan/.codex/worktrees/6614/chirality/projects/chirality-piping/node_modules/react-dom/cjs/react-dom-client.development.js:13249:29) undefined
Error: Not implemented: HTMLCanvasElement.prototype.getContext (without installing the canvas npm package)
    at module.exports (/Users/ryan/.codex/worktrees/6614/chirality/projects/chirality-piping/node_modules/jsdom/lib/jsdom/browser/not-implemented.js:9:17)
    at HTMLCanvasElementImpl.getContext (/Users/ryan/.codex/worktrees/6614/chirality/projects/chirality-piping/node_modules/jsdom/lib/jsdom/living/nodes/HTMLCanvasElement-impl.js:42:5)
    at HTMLCanvasElement.getContext (/Users/ryan/.codex/worktrees/6614/chirality/projects/chirality-piping/node_modules/jsdom/lib/jsdom/living/generated/HTMLCanvasElement.js:131:58)
    at getContext (file:///Users/ryan/.codex/worktrees/6614/chirality/projects/chirality-piping/node_modules/three/build/three.module.js:15443:18)
    at new WebGLRenderer (file:///Users/ryan/.codex/worktrees/6614/chirality/projects/chirality-piping/node_modules/three/build/three.module.js:15476:11)
    at new ViewportResource (/private/tmp/piping-engine-integration-20260925/projects/chirality-piping/apps/desktop/src/features/viewport/viewportResource.ts:509:21)
    at /private/tmp/piping-engine-integration-20260925/projects/chirality-piping/apps/desktop/src/features/viewport/PipeViewport.tsx:909:18
    at Object.react_stack_bottom_frame (/Users/ryan/.codex/worktrees/6614/chirality/projects/chirality-piping/node_modules/react-dom/cjs/react-dom-client.development.js:25989:20)
    at runWithFiberInDEV (/Users/ryan/.codex/worktrees/6614/chirality/projects/chirality-piping/node_modules/react-dom/cjs/react-dom-client.development.js:874:13)
    at commitHookEffectListMount (/Users/ryan/.codex/worktrees/6614/chirality/projects/chirality-piping/node_modules/react-dom/cjs/react-dom-client.development.js:13249:29) undefined
Error: Not implemented: HTMLCanvasElement.prototype.getContext (without installing the canvas npm package)
    at module.exports (/Users/ryan/.codex/worktrees/6614/chirality/projects/chirality-piping/node_modules/jsdom/lib/jsdom/browser/not-implemented.js:9:17)
    at HTMLCanvasElementImpl.getContext (/Users/ryan/.codex/worktrees/6614/chirality/projects/chirality-piping/node_modules/jsdom/lib/jsdom/living/nodes/HTMLCanvasElement-impl.js:42:5)
    at HTMLCanvasElement.getContext (/Users/ryan/.codex/worktrees/6614/chirality/projects/chirality-piping/node_modules/jsdom/lib/jsdom/living/generated/HTMLCanvasElement.js:131:58)
    at getContext (file:///Users/ryan/.codex/worktrees/6614/chirality/projects/chirality-piping/node_modules/three/build/three.module.js:15443:18)
    at new WebGLRenderer (file:///Users/ryan/.codex/worktrees/6614/chirality/projects/chirality-piping/node_modules/three/build/three.module.js:15472:11)
    at new ViewportResource (/private/tmp/piping-engine-integration-20260925/projects/chirality-piping/apps/desktop/src/features/viewport/viewportResource.ts:509:21)
    at /private/tmp/piping-engine-integration-20260925/projects/chirality-piping/apps/desktop/src/features/viewport/PipeViewport.tsx:909:18
    at Object.react_stack_bottom_frame (/Users/ryan/.codex/worktrees/6614/chirality/projects/chirality-piping/node_modules/react-dom/cjs/react-dom-client.development.js:25989:20)
    at runWithFiberInDEV (/Users/ryan/.codex/worktrees/6614/chirality/projects/chirality-piping/node_modules/react-dom/cjs/react-dom-client.development.js:874:13)
    at commitHookEffectListMount (/Users/ryan/.codex/worktrees/6614/chirality/projects/chirality-piping/node_modules/react-dom/cjs/react-dom-client.development.js:13249:29) undefined
Error: Not implemented: HTMLCanvasElement.prototype.getContext (without installing the canvas npm package)
    at module.exports (/Users/ryan/.codex/worktrees/6614/chirality/projects/chirality-piping/node_modules/jsdom/lib/jsdom/browser/not-implemented.js:9:17)
    at HTMLCanvasElementImpl.getContext (/Users/ryan/.codex/worktrees/6614/chirality/projects/chirality-piping/node_modules/jsdom/lib/jsdom/living/nodes/HTMLCanvasElement-impl.js:42:5)
    at HTMLCanvasElement.getContext (/Users/ryan/.codex/worktrees/6614/chirality/projects/chirality-piping/node_modules/jsdom/lib/jsdom/living/generated/HTMLCanvasElement.js:131:58)
    at getContext (file:///Users/ryan/.codex/worktrees/6614/chirality/projects/chirality-piping/node_modules/three/build/three.module.js:15443:18)
    at new WebGLRenderer (file:///Users/ryan/.codex/worktrees/6614/chirality/projects/chirality-piping/node_modules/three/build/three.module.js:15476:11)
    at new ViewportResource (/private/tmp/piping-engine-integration-20260925/projects/chirality-piping/apps/desktop/src/features/viewport/viewportResource.ts:509:21)
    at /private/tmp/piping-engine-integration-20260925/projects/chirality-piping/apps/desktop/src/features/viewport/PipeViewport.tsx:909:18
    at Object.react_stack_bottom_frame (/Users/ryan/.codex/worktrees/6614/chirality/projects/chirality-piping/node_modules/react-dom/cjs/react-dom-client.development.js:25989:20)
    at runWithFiberInDEV (/Users/ryan/.codex/worktrees/6614/chirality/projects/chirality-piping/node_modules/react-dom/cjs/react-dom-client.development.js:874:13)
    at commitHookEffectListMount (/Users/ryan/.codex/worktrees/6614/chirality/projects/chirality-piping/node_modules/react-dom/cjs/react-dom-client.development.js:13249:29) undefined
Error: Not implemented: HTMLCanvasElement.prototype.getContext (without installing the canvas npm package)
    at module.exports (/Users/ryan/.codex/worktrees/6614/chirality/projects/chirality-piping/node_modules/jsdom/lib/jsdom/browser/not-implemented.js:9:17)
    at HTMLCanvasElementImpl.getContext (/Users/ryan/.codex/worktrees/6614/chirality/projects/chirality-piping/node_modules/jsdom/lib/jsdom/living/nodes/HTMLCanvasElement-impl.js:42:5)
    at HTMLCanvasElement.getContext (/Users/ryan/.codex/worktrees/6614/chirality/projects/chirality-piping/node_modules/jsdom/lib/jsdom/living/generated/HTMLCanvasElement.js:131:58)
    at getContext (file:///Users/ryan/.codex/worktrees/6614/chirality/projects/chirality-piping/node_modules/three/build/three.module.js:15443:18)
    at new WebGLRenderer (file:///Users/ryan/.codex/worktrees/6614/chirality/projects/chirality-piping/node_modules/three/build/three.module.js:15472:11)
    at new ViewportResource (/private/tmp/piping-engine-integration-20260925/projects/chirality-piping/apps/desktop/src/features/viewport/viewportResource.ts:509:21)
    at /private/tmp/piping-engine-integration-20260925/projects/chirality-piping/apps/desktop/src/features/viewport/PipeViewport.tsx:909:18
    at Object.react_stack_bottom_frame (/Users/ryan/.codex/worktrees/6614/chirality/projects/chirality-piping/node_modules/react-dom/cjs/react-dom-client.development.js:25989:20)
    at runWithFiberInDEV (/Users/ryan/.codex/worktrees/6614/chirality/projects/chirality-piping/node_modules/react-dom/cjs/react-dom-client.development.js:874:13)
    at commitHookEffectListMount (/Users/ryan/.codex/worktrees/6614/chirality/projects/chirality-piping/node_modules/react-dom/cjs/react-dom-client.development.js:13249:29) undefined
Error: Not implemented: HTMLCanvasElement.prototype.getContext (without installing the canvas npm package)
    at module.exports (/Users/ryan/.codex/worktrees/6614/chirality/projects/chirality-piping/node_modules/jsdom/lib/jsdom/browser/not-implemented.js:9:17)
    at HTMLCanvasElementImpl.getContext (/Users/ryan/.codex/worktrees/6614/chirality/projects/chirality-piping/node_modules/jsdom/lib/jsdom/living/nodes/HTMLCanvasElement-impl.js:42:5)
    at HTMLCanvasElement.getContext (/Users/ryan/.codex/worktrees/6614/chirality/projects/chirality-piping/node_modules/jsdom/lib/jsdom/living/generated/HTMLCanvasElement.js:131:58)
    at getContext (file:///Users/ryan/.codex/worktrees/6614/chirality/projects/chirality-piping/node_modules/three/build/three.module.js:15443:18)
    at new WebGLRenderer (file:///Users/ryan/.codex/worktrees/6614/chirality/projects/chirality-piping/node_modules/three/build/three.module.js:15476:11)
    at new ViewportResource (/private/tmp/piping-engine-integration-20260925/projects/chirality-piping/apps/desktop/src/features/viewport/viewportResource.ts:509:21)
    at /private/tmp/piping-engine-integration-20260925/projects/chirality-piping/apps/desktop/src/features/viewport/PipeViewport.tsx:909:18
    at Object.react_stack_bottom_frame (/Users/ryan/.codex/worktrees/6614/chirality/projects/chirality-piping/node_modules/react-dom/cjs/react-dom-client.development.js:25989:20)
    at runWithFiberInDEV (/Users/ryan/.codex/worktrees/6614/chirality/projects/chirality-piping/node_modules/react-dom/cjs/react-dom-client.development.js:874:13)
    at commitHookEffectListMount (/Users/ryan/.codex/worktrees/6614/chirality/projects/chirality-piping/node_modules/react-dom/cjs/react-dom-client.development.js:13249:29) undefined
Error: Not implemented: HTMLCanvasElement.prototype.getContext (without installing the canvas npm package)
    at module.exports (/Users/ryan/.codex/worktrees/6614/chirality/projects/chirality-piping/node_modules/jsdom/lib/jsdom/browser/not-implemented.js:9:17)
    at HTMLCanvasElementImpl.getContext (/Users/ryan/.codex/worktrees/6614/chirality/projects/chirality-piping/node_modules/jsdom/lib/jsdom/living/nodes/HTMLCanvasElement-impl.js:42:5)
    at HTMLCanvasElement.getContext (/Users/ryan/.codex/worktrees/6614/chirality/projects/chirality-piping/node_modules/jsdom/lib/jsdom/living/generated/HTMLCanvasElement.js:131:58)
    at getContext (file:///Users/ryan/.codex/worktrees/6614/chirality/projects/chirality-piping/node_modules/three/build/three.module.js:15443:18)
    at new WebGLRenderer (file:///Users/ryan/.codex/worktrees/6614/chirality/projects/chirality-piping/node_modules/three/build/three.module.js:15472:11)
    at new ViewportResource (/private/tmp/piping-engine-integration-20260925/projects/chirality-piping/apps/desktop/src/features/viewport/viewportResource.ts:509:21)
    at /private/tmp/piping-engine-integration-20260925/projects/chirality-piping/apps/desktop/src/features/viewport/PipeViewport.tsx:909:18
    at Object.react_stack_bottom_frame (/Users/ryan/.codex/worktrees/6614/chirality/projects/chirality-piping/node_modules/react-dom/cjs/react-dom-client.development.js:25989:20)
    at runWithFiberInDEV (/Users/ryan/.codex/worktrees/6614/chirality/projects/chirality-piping/node_modules/react-dom/cjs/react-dom-client.development.js:874:13)
    at commitHookEffectListMount (/Users/ryan/.codex/worktrees/6614/chirality/projects/chirality-piping/node_modules/react-dom/cjs/react-dom-client.development.js:13249:29) undefined
Error: Not implemented: HTMLCanvasElement.prototype.getContext (without installing the canvas npm package)
    at module.exports (/Users/ryan/.codex/worktrees/6614/chirality/projects/chirality-piping/node_modules/jsdom/lib/jsdom/browser/not-implemented.js:9:17)
    at HTMLCanvasElementImpl.getContext (/Users/ryan/.codex/worktrees/6614/chirality/projects/chirality-piping/node_modules/jsdom/lib/jsdom/living/nodes/HTMLCanvasElement-impl.js:42:5)
    at HTMLCanvasElement.getContext (/Users/ryan/.codex/worktrees/6614/chirality/projects/chirality-piping/node_modules/jsdom/lib/jsdom/living/generated/HTMLCanvasElement.js:131:58)
    at getContext (file:///Users/ryan/.codex/worktrees/6614/chirality/projects/chirality-piping/node_modules/three/build/three.module.js:15443:18)
    at new WebGLRenderer (file:///Users/ryan/.codex/worktrees/6614/chirality/projects/chirality-piping/node_modules/three/build/three.module.js:15476:11)
    at new ViewportResource (/private/tmp/piping-engine-integration-20260925/projects/chirality-piping/apps/desktop/src/features/viewport/viewportResource.ts:509:21)
    at /private/tmp/piping-engine-integration-20260925/projects/chirality-piping/apps/desktop/src/features/viewport/PipeViewport.tsx:909:18
    at Object.react_stack_bottom_frame (/Users/ryan/.codex/worktrees/6614/chirality/projects/chirality-piping/node_modules/react-dom/cjs/react-dom-client.development.js:25989:20)
    at runWithFiberInDEV (/Users/ryan/.codex/worktrees/6614/chirality/projects/chirality-piping/node_modules/react-dom/cjs/react-dom-client.development.js:874:13)
    at commitHookEffectListMount (/Users/ryan/.codex/worktrees/6614/chirality/projects/chirality-piping/node_modules/react-dom/cjs/react-dom-client.development.js:13249:29) undefined
Error: Not implemented: HTMLCanvasElement.prototype.getContext (without installing the canvas npm package)
    at module.exports (/Users/ryan/.codex/worktrees/6614/chirality/projects/chirality-piping/node_modules/jsdom/lib/jsdom/browser/not-implemented.js:9:17)
    at HTMLCanvasElementImpl.getContext (/Users/ryan/.codex/worktrees/6614/chirality/projects/chirality-piping/node_modules/jsdom/lib/jsdom/living/nodes/HTMLCanvasElement-impl.js:42:5)
    at HTMLCanvasElement.getContext (/Users/ryan/.codex/worktrees/6614/chirality/projects/chirality-piping/node_modules/jsdom/lib/jsdom/living/generated/HTMLCanvasElement.js:131:58)
    at getContext (file:///Users/ryan/.codex/worktrees/6614/chirality/projects/chirality-piping/node_modules/three/build/three.module.js:15443:18)
    at new WebGLRenderer (file:///Users/ryan/.codex/worktrees/6614/chirality/projects/chirality-piping/node_modules/three/build/three.module.js:15472:11)
    at new ViewportResource (/private/tmp/piping-engine-integration-20260925/projects/chirality-piping/apps/desktop/src/features/viewport/viewportResource.ts:509:21)
    at /private/tmp/piping-engine-integration-20260925/projects/chirality-piping/apps/desktop/src/features/viewport/PipeViewport.tsx:909:18
    at Object.react_stack_bottom_frame (/Users/ryan/.codex/worktrees/6614/chirality/projects/chirality-piping/node_modules/react-dom/cjs/react-dom-client.development.js:25989:20)
    at runWithFiberInDEV (/Users/ryan/.codex/worktrees/6614/chirality/projects/chirality-piping/node_modules/react-dom/cjs/react-dom-client.development.js:874:13)
    at commitHookEffectListMount (/Users/ryan/.codex/worktrees/6614/chirality/projects/chirality-piping/node_modules/react-dom/cjs/react-dom-client.development.js:13249:29) undefined
Error: Not implemented: HTMLCanvasElement.prototype.getContext (without installing the canvas npm package)
    at module.exports (/Users/ryan/.codex/worktrees/6614/chirality/projects/chirality-piping/node_modules/jsdom/lib/jsdom/browser/not-implemented.js:9:17)
    at HTMLCanvasElementImpl.getContext (/Users/ryan/.codex/worktrees/6614/chirality/projects/chirality-piping/node_modules/jsdom/lib/jsdom/living/nodes/HTMLCanvasElement-impl.js:42:5)
    at HTMLCanvasElement.getContext (/Users/ryan/.codex/worktrees/6614/chirality/projects/chirality-piping/node_modules/jsdom/lib/jsdom/living/generated/HTMLCanvasElement.js:131:58)
    at getContext (file:///Users/ryan/.codex/worktrees/6614/chirality/projects/chirality-piping/node_modules/three/build/three.module.js:15443:18)
    at new WebGLRenderer (file:///Users/ryan/.codex/worktrees/6614/chirality/projects/chirality-piping/node_modules/three/build/three.module.js:15476:11)
    at new ViewportResource (/private/tmp/piping-engine-integration-20260925/projects/chirality-piping/apps/desktop/src/features/viewport/viewportResource.ts:509:21)
    at /private/tmp/piping-engine-integration-20260925/projects/chirality-piping/apps/desktop/src/features/viewport/PipeViewport.tsx:909:18
    at Object.react_stack_bottom_frame (/Users/ryan/.codex/worktrees/6614/chirality/projects/chirality-piping/node_modules/react-dom/cjs/react-dom-client.development.js:25989:20)
    at runWithFiberInDEV (/Users/ryan/.codex/worktrees/6614/chirality/projects/chirality-piping/node_modules/react-dom/cjs/react-dom-client.development.js:874:13)
    at commitHookEffectListMount (/Users/ryan/.codex/worktrees/6614/chirality/projects/chirality-piping/node_modules/react-dom/cjs/react-dom-client.development.js:13249:29) undefined
Error: Not implemented: HTMLCanvasElement.prototype.getContext (without installing the canvas npm package)
    at module.exports (/Users/ryan/.codex/worktrees/6614/chirality/projects/chirality-piping/node_modules/jsdom/lib/jsdom/browser/not-implemented.js:9:17)
    at HTMLCanvasElementImpl.getContext (/Users/ryan/.codex/worktrees/6614/chirality/projects/chirality-piping/node_modules/jsdom/lib/jsdom/living/nodes/HTMLCanvasElement-impl.js:42:5)
    at HTMLCanvasElement.getContext (/Users/ryan/.codex/worktrees/6614/chirality/projects/chirality-piping/node_modules/jsdom/lib/jsdom/living/generated/HTMLCanvasElement.js:131:58)
    at getContext (file:///Users/ryan/.codex/worktrees/6614/chirality/projects/chirality-piping/node_modules/three/build/three.module.js:15443:18)
    at new WebGLRenderer (file:///Users/ryan/.codex/worktrees/6614/chirality/projects/chirality-piping/node_modules/three/build/three.module.js:15472:11)
    at new ViewportResource (/private/tmp/piping-engine-integration-20260925/projects/chirality-piping/apps/desktop/src/features/viewport/viewportResource.ts:509:21)
    at /private/tmp/piping-engine-integration-20260925/projects/chirality-piping/apps/desktop/src/features/viewport/PipeViewport.tsx:909:18
    at Object.react_stack_bottom_frame (/Users/ryan/.codex/worktrees/6614/chirality/projects/chirality-piping/node_modules/react-dom/cjs/react-dom-client.development.js:25989:20)
    at runWithFiberInDEV (/Users/ryan/.codex/worktrees/6614/chirality/projects/chirality-piping/node_modules/react-dom/cjs/react-dom-client.development.js:874:13)
    at commitHookEffectListMount (/Users/ryan/.codex/worktrees/6614/chirality/projects/chirality-piping/node_modules/react-dom/cjs/react-dom-client.development.js:13249:29) undefined
Error: Not implemented: HTMLCanvasElement.prototype.getContext (without installing the canvas npm package)
    at module.exports (/Users/ryan/.codex/worktrees/6614/chirality/projects/chirality-piping/node_modules/jsdom/lib/jsdom/browser/not-implemented.js:9:17)
    at HTMLCanvasElementImpl.getContext (/Users/ryan/.codex/worktrees/6614/chirality/projects/chirality-piping/node_modules/jsdom/lib/jsdom/living/nodes/HTMLCanvasElement-impl.js:42:5)
    at HTMLCanvasElement.getContext (/Users/ryan/.codex/worktrees/6614/chirality/projects/chirality-piping/node_modules/jsdom/lib/jsdom/living/generated/HTMLCanvasElement.js:131:58)
    at getContext (file:///Users/ryan/.codex/worktrees/6614/chirality/projects/chirality-piping/node_modules/three/build/three.module.js:15443:18)
    at new WebGLRenderer (file:///Users/ryan/.codex/worktrees/6614/chirality/projects/chirality-piping/node_modules/three/build/three.module.js:15476:11)
    at new ViewportResource (/private/tmp/piping-engine-integration-20260925/projects/chirality-piping/apps/desktop/src/features/viewport/viewportResource.ts:509:21)
    at /private/tmp/piping-engine-integration-20260925/projects/chirality-piping/apps/desktop/src/features/viewport/PipeViewport.tsx:909:18
    at Object.react_stack_bottom_frame (/Users/ryan/.codex/worktrees/6614/chirality/projects/chirality-piping/node_modules/react-dom/cjs/react-dom-client.development.js:25989:20)
    at runWithFiberInDEV (/Users/ryan/.codex/worktrees/6614/chirality/projects/chirality-piping/node_modules/react-dom/cjs/react-dom-client.development.js:874:13)
    at commitHookEffectListMount (/Users/ryan/.codex/worktrees/6614/chirality/projects/chirality-piping/node_modules/react-dom/cjs/react-dom-client.development.js:13249:29) undefined
Error: Not implemented: HTMLCanvasElement.prototype.getContext (without installing the canvas npm package)
    at module.exports (/Users/ryan/.codex/worktrees/6614/chirality/projects/chirality-piping/node_modules/jsdom/lib/jsdom/browser/not-implemented.js:9:17)
    at HTMLCanvasElementImpl.getContext (/Users/ryan/.codex/worktrees/6614/chirality/projects/chirality-piping/node_modules/jsdom/lib/jsdom/living/nodes/HTMLCanvasElement-impl.js:42:5)
    at HTMLCanvasElement.getContext (/Users/ryan/.codex/worktrees/6614/chirality/projects/chirality-piping/node_modules/jsdom/lib/jsdom/living/generated/HTMLCanvasElement.js:131:58)
    at getContext (file:///Users/ryan/.codex/worktrees/6614/chirality/projects/chirality-piping/node_modules/three/build/three.module.js:15443:18)
    at new WebGLRenderer (file:///Users/ryan/.codex/worktrees/6614/chirality/projects/chirality-piping/node_modules/three/build/three.module.js:15472:11)
    at new ViewportResource (/private/tmp/piping-engine-integration-20260925/projects/chirality-piping/apps/desktop/src/features/viewport/viewportResource.ts:509:21)
    at /private/tmp/piping-engine-integration-20260925/projects/chirality-piping/apps/desktop/src/features/viewport/PipeViewport.tsx:909:18
    at Object.react_stack_bottom_frame (/Users/ryan/.codex/worktrees/6614/chirality/projects/chirality-piping/node_modules/react-dom/cjs/react-dom-client.development.js:25989:20)
    at runWithFiberInDEV (/Users/ryan/.codex/worktrees/6614/chirality/projects/chirality-piping/node_modules/react-dom/cjs/react-dom-client.development.js:874:13)
    at commitHookEffectListMount (/Users/ryan/.codex/worktrees/6614/chirality/projects/chirality-piping/node_modules/react-dom/cjs/react-dom-client.development.js:13249:29) undefined
Error: Not implemented: HTMLCanvasElement.prototype.getContext (without installing the canvas npm package)
    at module.exports (/Users/ryan/.codex/worktrees/6614/chirality/projects/chirality-piping/node_modules/jsdom/lib/jsdom/browser/not-implemented.js:9:17)
    at HTMLCanvasElementImpl.getContext (/Users/ryan/.codex/worktrees/6614/chirality/projects/chirality-piping/node_modules/jsdom/lib/jsdom/living/nodes/HTMLCanvasElement-impl.js:42:5)
    at HTMLCanvasElement.getContext (/Users/ryan/.codex/worktrees/6614/chirality/projects/chirality-piping/node_modules/jsdom/lib/jsdom/living/generated/HTMLCanvasElement.js:131:58)
    at getContext (file:///Users/ryan/.codex/worktrees/6614/chirality/projects/chirality-piping/node_modules/three/build/three.module.js:15443:18)
    at new WebGLRenderer (file:///Users/ryan/.codex/worktrees/6614/chirality/projects/chirality-piping/node_modules/three/build/three.module.js:15476:11)
    at new ViewportResource (/private/tmp/piping-engine-integration-20260925/projects/chirality-piping/apps/desktop/src/features/viewport/viewportResource.ts:509:21)
    at /private/tmp/piping-engine-integration-20260925/projects/chirality-piping/apps/desktop/src/features/viewport/PipeViewport.tsx:909:18
    at Object.react_stack_bottom_frame (/Users/ryan/.codex/worktrees/6614/chirality/projects/chirality-piping/node_modules/react-dom/cjs/react-dom-client.development.js:25989:20)
    at runWithFiberInDEV (/Users/ryan/.codex/worktrees/6614/chirality/projects/chirality-piping/node_modules/react-dom/cjs/react-dom-client.development.js:874:13)
    at commitHookEffectListMount (/Users/ryan/.codex/worktrees/6614/chirality/projects/chirality-piping/node_modules/react-dom/cjs/react-dom-client.development.js:13249:29) undefined
Error: Not implemented: HTMLCanvasElement.prototype.getContext (without installing the canvas npm package)
    at module.exports (/Users/ryan/.codex/worktrees/6614/chirality/projects/chirality-piping/node_modules/jsdom/lib/jsdom/browser/not-implemented.js:9:17)
    at HTMLCanvasElementImpl.getContext (/Users/ryan/.codex/worktrees/6614/chirality/projects/chirality-piping/node_modules/jsdom/lib/jsdom/living/nodes/HTMLCanvasElement-impl.js:42:5)
    at HTMLCanvasElement.getContext (/Users/ryan/.codex/worktrees/6614/chirality/projects/chirality-piping/node_modules/jsdom/lib/jsdom/living/generated/HTMLCanvasElement.js:131:58)
    at getContext (file:///Users/ryan/.codex/worktrees/6614/chirality/projects/chirality-piping/node_modules/three/build/three.module.js:15443:18)
    at new WebGLRenderer (file:///Users/ryan/.codex/worktrees/6614/chirality/projects/chirality-piping/node_modules/three/build/three.module.js:15472:11)
    at new ViewportResource (/private/tmp/piping-engine-integration-20260925/projects/chirality-piping/apps/desktop/src/features/viewport/viewportResource.ts:509:21)
    at /private/tmp/piping-engine-integration-20260925/projects/chirality-piping/apps/desktop/src/features/viewport/PipeViewport.tsx:909:18
    at Object.react_stack_bottom_frame (/Users/ryan/.codex/worktrees/6614/chirality/projects/chirality-piping/node_modules/react-dom/cjs/react-dom-client.development.js:25989:20)
    at runWithFiberInDEV (/Users/ryan/.codex/worktrees/6614/chirality/projects/chirality-piping/node_modules/react-dom/cjs/react-dom-client.development.js:874:13)
    at commitHookEffectListMount (/Users/ryan/.codex/worktrees/6614/chirality/projects/chirality-piping/node_modules/react-dom/cjs/react-dom-client.development.js:13249:29) undefined
Error: Not implemented: HTMLCanvasElement.prototype.getContext (without installing the canvas npm package)
    at module.exports (/Users/ryan/.codex/worktrees/6614/chirality/projects/chirality-piping/node_modules/jsdom/lib/jsdom/browser/not-implemented.js:9:17)
    at HTMLCanvasElementImpl.getContext (/Users/ryan/.codex/worktrees/6614/chirality/projects/chirality-piping/node_modules/jsdom/lib/jsdom/living/nodes/HTMLCanvasElement-impl.js:42:5)
    at HTMLCanvasElement.getContext (/Users/ryan/.codex/worktrees/6614/chirality/projects/chirality-piping/node_modules/jsdom/lib/jsdom/living/generated/HTMLCanvasElement.js:131:58)
    at getContext (file:///Users/ryan/.codex/worktrees/6614/chirality/projects/chirality-piping/node_modules/three/build/three.module.js:15443:18)
    at new WebGLRenderer (file:///Users/ryan/.codex/worktrees/6614/chirality/projects/chirality-piping/node_modules/three/build/three.module.js:15476:11)
    at new ViewportResource (/private/tmp/piping-engine-integration-20260925/projects/chirality-piping/apps/desktop/src/features/viewport/viewportResource.ts:509:21)
    at /private/tmp/piping-engine-integration-20260925/projects/chirality-piping/apps/desktop/src/features/viewport/PipeViewport.tsx:909:18
    at Object.react_stack_bottom_frame (/Users/ryan/.codex/worktrees/6614/chirality/projects/chirality-piping/node_modules/react-dom/cjs/react-dom-client.development.js:25989:20)
    at runWithFiberInDEV (/Users/ryan/.codex/worktrees/6614/chirality/projects/chirality-piping/node_modules/react-dom/cjs/react-dom-client.development.js:874:13)
    at commitHookEffectListMount (/Users/ryan/.codex/worktrees/6614/chirality/projects/chirality-piping/node_modules/react-dom/cjs/react-dom-client.development.js:13249:29) undefined
Error: Not implemented: HTMLCanvasElement.prototype.getContext (without installing the canvas npm package)
    at module.exports (/Users/ryan/.codex/worktrees/6614/chirality/projects/chirality-piping/node_modules/jsdom/lib/jsdom/browser/not-implemented.js:9:17)
    at HTMLCanvasElementImpl.getContext (/Users/ryan/.codex/worktrees/6614/chirality/projects/chirality-piping/node_modules/jsdom/lib/jsdom/living/nodes/HTMLCanvasElement-impl.js:42:5)
    at HTMLCanvasElement.getContext (/Users/ryan/.codex/worktrees/6614/chirality/projects/chirality-piping/node_modules/jsdom/lib/jsdom/living/generated/HTMLCanvasElement.js:131:58)
    at getContext (file:///Users/ryan/.codex/worktrees/6614/chirality/projects/chirality-piping/node_modules/three/build/three.module.js:15443:18)
    at new WebGLRenderer (file:///Users/ryan/.codex/worktrees/6614/chirality/projects/chirality-piping/node_modules/three/build/three.module.js:15472:11)
    at new ViewportResource (/private/tmp/piping-engine-integration-20260925/projects/chirality-piping/apps/desktop/src/features/viewport/viewportResource.ts:509:21)
    at /private/tmp/piping-engine-integration-20260925/projects/chirality-piping/apps/desktop/src/features/viewport/PipeViewport.tsx:909:18
    at Object.react_stack_bottom_frame (/Users/ryan/.codex/worktrees/6614/chirality/projects/chirality-piping/node_modules/react-dom/cjs/react-dom-client.development.js:25989:20)
    at runWithFiberInDEV (/Users/ryan/.codex/worktrees/6614/chirality/projects/chirality-piping/node_modules/react-dom/cjs/react-dom-client.development.js:874:13)
    at commitHookEffectListMount (/Users/ryan/.codex/worktrees/6614/chirality/projects/chirality-piping/node_modules/react-dom/cjs/react-dom-client.development.js:13249:29) undefined
Error: Not implemented: HTMLCanvasElement.prototype.getContext (without installing the canvas npm package)
    at module.exports (/Users/ryan/.codex/worktrees/6614/chirality/projects/chirality-piping/node_modules/jsdom/lib/jsdom/browser/not-implemented.js:9:17)
    at HTMLCanvasElementImpl.getContext (/Users/ryan/.codex/worktrees/6614/chirality/projects/chirality-piping/node_modules/jsdom/lib/jsdom/living/nodes/HTMLCanvasElement-impl.js:42:5)
    at HTMLCanvasElement.getContext (/Users/ryan/.codex/worktrees/6614/chirality/projects/chirality-piping/node_modules/jsdom/lib/jsdom/living/generated/HTMLCanvasElement.js:131:58)
    at getContext (file:///Users/ryan/.codex/worktrees/6614/chirality/projects/chirality-piping/node_modules/three/build/three.module.js:15443:18)
    at new WebGLRenderer (file:///Users/ryan/.codex/worktrees/6614/chirality/projects/chirality-piping/node_modules/three/build/three.module.js:15476:11)
    at new ViewportResource (/private/tmp/piping-engine-integration-20260925/projects/chirality-piping/apps/desktop/src/features/viewport/viewportResource.ts:509:21)
    at /private/tmp/piping-engine-integration-20260925/projects/chirality-piping/apps/desktop/src/features/viewport/PipeViewport.tsx:909:18
    at Object.react_stack_bottom_frame (/Users/ryan/.codex/worktrees/6614/chirality/projects/chirality-piping/node_modules/react-dom/cjs/react-dom-client.development.js:25989:20)
    at runWithFiberInDEV (/Users/ryan/.codex/worktrees/6614/chirality/projects/chirality-piping/node_modules/react-dom/cjs/react-dom-client.development.js:874:13)
    at commitHookEffectListMount (/Users/ryan/.codex/worktrees/6614/chirality/projects/chirality-piping/node_modules/react-dom/cjs/react-dom-client.development.js:13249:29) undefined
Error: Not implemented: HTMLCanvasElement.prototype.getContext (without installing the canvas npm package)
    at module.exports (/Users/ryan/.codex/worktrees/6614/chirality/projects/chirality-piping/node_modules/jsdom/lib/jsdom/browser/not-implemented.js:9:17)
    at HTMLCanvasElementImpl.getContext (/Users/ryan/.codex/worktrees/6614/chirality/projects/chirality-piping/node_modules/jsdom/lib/jsdom/living/nodes/HTMLCanvasElement-impl.js:42:5)
    at HTMLCanvasElement.getContext (/Users/ryan/.codex/worktrees/6614/chirality/projects/chirality-piping/node_modules/jsdom/lib/jsdom/living/generated/HTMLCanvasElement.js:131:58)
    at getContext (file:///Users/ryan/.codex/worktrees/6614/chirality/projects/chirality-piping/node_modules/three/build/three.module.js:15443:18)
    at new WebGLRenderer (file:///Users/ryan/.codex/worktrees/6614/chirality/projects/chirality-piping/node_modules/three/build/three.module.js:15472:11)
    at new ViewportResource (/private/tmp/piping-engine-integration-20260925/projects/chirality-piping/apps/desktop/src/features/viewport/viewportResource.ts:509:21)
    at /private/tmp/piping-engine-integration-20260925/projects/chirality-piping/apps/desktop/src/features/viewport/PipeViewport.tsx:909:18
    at Object.react_stack_bottom_frame (/Users/ryan/.codex/worktrees/6614/chirality/projects/chirality-piping/node_modules/react-dom/cjs/react-dom-client.development.js:25989:20)
    at runWithFiberInDEV (/Users/ryan/.codex/worktrees/6614/chirality/projects/chirality-piping/node_modules/react-dom/cjs/react-dom-client.development.js:874:13)
    at commitHookEffectListMount (/Users/ryan/.codex/worktrees/6614/chirality/projects/chirality-piping/node_modules/react-dom/cjs/react-dom-client.development.js:13249:29) undefined
Error: Not implemented: HTMLCanvasElement.prototype.getContext (without installing the canvas npm package)
    at module.exports (/Users/ryan/.codex/worktrees/6614/chirality/projects/chirality-piping/node_modules/jsdom/lib/jsdom/browser/not-implemented.js:9:17)
    at HTMLCanvasElementImpl.getContext (/Users/ryan/.codex/worktrees/6614/chirality/projects/chirality-piping/node_modules/jsdom/lib/jsdom/living/nodes/HTMLCanvasElement-impl.js:42:5)
    at HTMLCanvasElement.getContext (/Users/ryan/.codex/worktrees/6614/chirality/projects/chirality-piping/node_modules/jsdom/lib/jsdom/living/generated/HTMLCanvasElement.js:131:58)
    at getContext (file:///Users/ryan/.codex/worktrees/6614/chirality/projects/chirality-piping/node_modules/three/build/three.module.js:15443:18)
    at new WebGLRenderer (file:///Users/ryan/.codex/worktrees/6614/chirality/projects/chirality-piping/node_modules/three/build/three.module.js:15476:11)
    at new ViewportResource (/private/tmp/piping-engine-integration-20260925/projects/chirality-piping/apps/desktop/src/features/viewport/viewportResource.ts:509:21)
    at /private/tmp/piping-engine-integration-20260925/projects/chirality-piping/apps/desktop/src/features/viewport/PipeViewport.tsx:909:18
    at Object.react_stack_bottom_frame (/Users/ryan/.codex/worktrees/6614/chirality/projects/chirality-piping/node_modules/react-dom/cjs/react-dom-client.development.js:25989:20)
    at runWithFiberInDEV (/Users/ryan/.codex/worktrees/6614/chirality/projects/chirality-piping/node_modules/react-dom/cjs/react-dom-client.development.js:874:13)
    at commitHookEffectListMount (/Users/ryan/.codex/worktrees/6614/chirality/projects/chirality-piping/node_modules/react-dom/cjs/react-dom-client.development.js:13249:29) undefined
Error: Not implemented: HTMLCanvasElement.prototype.getContext (without installing the canvas npm package)
    at module.exports (/Users/ryan/.codex/worktrees/6614/chirality/projects/chirality-piping/node_modules/jsdom/lib/jsdom/browser/not-implemented.js:9:17)
    at HTMLCanvasElementImpl.getContext (/Users/ryan/.codex/worktrees/6614/chirality/projects/chirality-piping/node_modules/jsdom/lib/jsdom/living/nodes/HTMLCanvasElement-impl.js:42:5)
    at HTMLCanvasElement.getContext (/Users/ryan/.codex/worktrees/6614/chirality/projects/chirality-piping/node_modules/jsdom/lib/jsdom/living/generated/HTMLCanvasElement.js:131:58)
    at getContext (file:///Users/ryan/.codex/worktrees/6614/chirality/projects/chirality-piping/node_modules/three/build/three.module.js:15443:18)
    at new WebGLRenderer (file:///Users/ryan/.codex/worktrees/6614/chirality/projects/chirality-piping/node_modules/three/build/three.module.js:15472:11)
    at new ViewportResource (/private/tmp/piping-engine-integration-20260925/projects/chirality-piping/apps/desktop/src/features/viewport/viewportResource.ts:509:21)
    at /private/tmp/piping-engine-integration-20260925/projects/chirality-piping/apps/desktop/src/features/viewport/PipeViewport.tsx:909:18
    at Object.react_stack_bottom_frame (/Users/ryan/.codex/worktrees/6614/chirality/projects/chirality-piping/node_modules/react-dom/cjs/react-dom-client.development.js:25989:20)
    at runWithFiberInDEV (/Users/ryan/.codex/worktrees/6614/chirality/projects/chirality-piping/node_modules/react-dom/cjs/react-dom-client.development.js:874:13)
    at commitHookEffectListMount (/Users/ryan/.codex/worktrees/6614/chirality/projects/chirality-piping/node_modules/react-dom/cjs/react-dom-client.development.js:13249:29) undefined
Error: Not implemented: HTMLCanvasElement.prototype.getContext (without installing the canvas npm package)
    at module.exports (/Users/ryan/.codex/worktrees/6614/chirality/projects/chirality-piping/node_modules/jsdom/lib/jsdom/browser/not-implemented.js:9:17)
    at HTMLCanvasElementImpl.getContext (/Users/ryan/.codex/worktrees/6614/chirality/projects/chirality-piping/node_modules/jsdom/lib/jsdom/living/nodes/HTMLCanvasElement-impl.js:42:5)
    at HTMLCanvasElement.getContext (/Users/ryan/.codex/worktrees/6614/chirality/projects/chirality-piping/node_modules/jsdom/lib/jsdom/living/generated/HTMLCanvasElement.js:131:58)
    at getContext (file:///Users/ryan/.codex/worktrees/6614/chirality/projects/chirality-piping/node_modules/three/build/three.module.js:15443:18)
    at new WebGLRenderer (file:///Users/ryan/.codex/worktrees/6614/chirality/projects/chirality-piping/node_modules/three/build/three.module.js:15476:11)
    at new ViewportResource (/private/tmp/piping-engine-integration-20260925/projects/chirality-piping/apps/desktop/src/features/viewport/viewportResource.ts:509:21)
    at /private/tmp/piping-engine-integration-20260925/projects/chirality-piping/apps/desktop/src/features/viewport/PipeViewport.tsx:909:18
    at Object.react_stack_bottom_frame (/Users/ryan/.codex/worktrees/6614/chirality/projects/chirality-piping/node_modules/react-dom/cjs/react-dom-client.development.js:25989:20)
    at runWithFiberInDEV (/Users/ryan/.codex/worktrees/6614/chirality/projects/chirality-piping/node_modules/react-dom/cjs/react-dom-client.development.js:874:13)
    at commitHookEffectListMount (/Users/ryan/.codex/worktrees/6614/chirality/projects/chirality-piping/node_modules/react-dom/cjs/react-dom-client.development.js:13249:29) undefined
Error: Not implemented: HTMLCanvasElement.prototype.getContext (without installing the canvas npm package)
    at module.exports (/Users/ryan/.codex/worktrees/6614/chirality/projects/chirality-piping/node_modules/jsdom/lib/jsdom/browser/not-implemented.js:9:17)
    at HTMLCanvasElementImpl.getContext (/Users/ryan/.codex/worktrees/6614/chirality/projects/chirality-piping/node_modules/jsdom/lib/jsdom/living/nodes/HTMLCanvasElement-impl.js:42:5)
    at HTMLCanvasElement.getContext (/Users/ryan/.codex/worktrees/6614/chirality/projects/chirality-piping/node_modules/jsdom/lib/jsdom/living/generated/HTMLCanvasElement.js:131:58)
    at getContext (file:///Users/ryan/.codex/worktrees/6614/chirality/projects/chirality-piping/node_modules/three/build/three.module.js:15443:18)
    at new WebGLRenderer (file:///Users/ryan/.codex/worktrees/6614/chirality/projects/chirality-piping/node_modules/three/build/three.module.js:15472:11)
    at new ViewportResource (/private/tmp/piping-engine-integration-20260925/projects/chirality-piping/apps/desktop/src/features/viewport/viewportResource.ts:509:21)
    at /private/tmp/piping-engine-integration-20260925/projects/chirality-piping/apps/desktop/src/features/viewport/PipeViewport.tsx:909:18
    at Object.react_stack_bottom_frame (/Users/ryan/.codex/worktrees/6614/chirality/projects/chirality-piping/node_modules/react-dom/cjs/react-dom-client.development.js:25989:20)
    at runWithFiberInDEV (/Users/ryan/.codex/worktrees/6614/chirality/projects/chirality-piping/node_modules/react-dom/cjs/react-dom-client.development.js:874:13)
    at commitHookEffectListMount (/Users/ryan/.codex/worktrees/6614/chirality/projects/chirality-piping/node_modules/react-dom/cjs/react-dom-client.development.js:13249:29) undefined
Error: Not implemented: HTMLCanvasElement.prototype.getContext (without installing the canvas npm package)
    at module.exports (/Users/ryan/.codex/worktrees/6614/chirality/projects/chirality-piping/node_modules/jsdom/lib/jsdom/browser/not-implemented.js:9:17)
    at HTMLCanvasElementImpl.getContext (/Users/ryan/.codex/worktrees/6614/chirality/projects/chirality-piping/node_modules/jsdom/lib/jsdom/living/nodes/HTMLCanvasElement-impl.js:42:5)
    at HTMLCanvasElement.getContext (/Users/ryan/.codex/worktrees/6614/chirality/projects/chirality-piping/node_modules/jsdom/lib/jsdom/living/generated/HTMLCanvasElement.js:131:58)
    at getContext (file:///Users/ryan/.codex/worktrees/6614/chirality/projects/chirality-piping/node_modules/three/build/three.module.js:15443:18)
    at new WebGLRenderer (file:///Users/ryan/.codex/worktrees/6614/chirality/projects/chirality-piping/node_modules/three/build/three.module.js:15476:11)
    at new ViewportResource (/private/tmp/piping-engine-integration-20260925/projects/chirality-piping/apps/desktop/src/features/viewport/viewportResource.ts:509:21)
    at /private/tmp/piping-engine-integration-20260925/projects/chirality-piping/apps/desktop/src/features/viewport/PipeViewport.tsx:909:18
    at Object.react_stack_bottom_frame (/Users/ryan/.codex/worktrees/6614/chirality/projects/chirality-piping/node_modules/react-dom/cjs/react-dom-client.development.js:25989:20)
    at runWithFiberInDEV (/Users/ryan/.codex/worktrees/6614/chirality/projects/chirality-piping/node_modules/react-dom/cjs/react-dom-client.development.js:874:13)
    at commitHookEffectListMount (/Users/ryan/.codex/worktrees/6614/chirality/projects/chirality-piping/node_modules/react-dom/cjs/react-dom-client.development.js:13249:29) undefined
Error: Not implemented: HTMLCanvasElement.prototype.getContext (without installing the canvas npm package)
    at module.exports (/Users/ryan/.codex/worktrees/6614/chirality/projects/chirality-piping/node_modules/jsdom/lib/jsdom/browser/not-implemented.js:9:17)
    at HTMLCanvasElementImpl.getContext (/Users/ryan/.codex/worktrees/6614/chirality/projects/chirality-piping/node_modules/jsdom/lib/jsdom/living/nodes/HTMLCanvasElement-impl.js:42:5)
    at HTMLCanvasElement.getContext (/Users/ryan/.codex/worktrees/6614/chirality/projects/chirality-piping/node_modules/jsdom/lib/jsdom/living/generated/HTMLCanvasElement.js:131:58)
    at getContext (file:///Users/ryan/.codex/worktrees/6614/chirality/projects/chirality-piping/node_modules/three/build/three.module.js:15443:18)
    at new WebGLRenderer (file:///Users/ryan/.codex/worktrees/6614/chirality/projects/chirality-piping/node_modules/three/build/three.module.js:15472:11)
    at new ViewportResource (/private/tmp/piping-engine-integration-20260925/projects/chirality-piping/apps/desktop/src/features/viewport/viewportResource.ts:509:21)
    at /private/tmp/piping-engine-integration-20260925/projects/chirality-piping/apps/desktop/src/features/viewport/PipeViewport.tsx:909:18
    at Object.react_stack_bottom_frame (/Users/ryan/.codex/worktrees/6614/chirality/projects/chirality-piping/node_modules/react-dom/cjs/react-dom-client.development.js:25989:20)
    at runWithFiberInDEV (/Users/ryan/.codex/worktrees/6614/chirality/projects/chirality-piping/node_modules/react-dom/cjs/react-dom-client.development.js:874:13)
    at commitHookEffectListMount (/Users/ryan/.codex/worktrees/6614/chirality/projects/chirality-piping/node_modules/react-dom/cjs/react-dom-client.development.js:13249:29) undefined
Error: Not implemented: HTMLCanvasElement.prototype.getContext (without installing the canvas npm package)
    at module.exports (/Users/ryan/.codex/worktrees/6614/chirality/projects/chirality-piping/node_modules/jsdom/lib/jsdom/browser/not-implemented.js:9:17)
    at HTMLCanvasElementImpl.getContext (/Users/ryan/.codex/worktrees/6614/chirality/projects/chirality-piping/node_modules/jsdom/lib/jsdom/living/nodes/HTMLCanvasElement-impl.js:42:5)
    at HTMLCanvasElement.getContext (/Users/ryan/.codex/worktrees/6614/chirality/projects/chirality-piping/node_modules/jsdom/lib/jsdom/living/generated/HTMLCanvasElement.js:131:58)
    at getContext (file:///Users/ryan/.codex/worktrees/6614/chirality/projects/chirality-piping/node_modules/three/build/three.module.js:15443:18)
    at new WebGLRenderer (file:///Users/ryan/.codex/worktrees/6614/chirality/projects/chirality-piping/node_modules/three/build/three.module.js:15476:11)
    at new ViewportResource (/private/tmp/piping-engine-integration-20260925/projects/chirality-piping/apps/desktop/src/features/viewport/viewportResource.ts:509:21)
    at /private/tmp/piping-engine-integration-20260925/projects/chirality-piping/apps/desktop/src/features/viewport/PipeViewport.tsx:909:18
    at Object.react_stack_bottom_frame (/Users/ryan/.codex/worktrees/6614/chirality/projects/chirality-piping/node_modules/react-dom/cjs/react-dom-client.development.js:25989:20)
    at runWithFiberInDEV (/Users/ryan/.codex/worktrees/6614/chirality/projects/chirality-piping/node_modules/react-dom/cjs/react-dom-client.development.js:874:13)
    at commitHookEffectListMount (/Users/ryan/.codex/worktrees/6614/chirality/projects/chirality-piping/node_modules/react-dom/cjs/react-dom-client.development.js:13249:29) undefined
Error: Not implemented: HTMLCanvasElement.prototype.getContext (without installing the canvas npm package)
    at module.exports (/Users/ryan/.codex/worktrees/6614/chirality/projects/chirality-piping/node_modules/jsdom/lib/jsdom/browser/not-implemented.js:9:17)
    at HTMLCanvasElementImpl.getContext (/Users/ryan/.codex/worktrees/6614/chirality/projects/chirality-piping/node_modules/jsdom/lib/jsdom/living/nodes/HTMLCanvasElement-impl.js:42:5)
    at HTMLCanvasElement.getContext (/Users/ryan/.codex/worktrees/6614/chirality/projects/chirality-piping/node_modules/jsdom/lib/jsdom/living/generated/HTMLCanvasElement.js:131:58)
    at getContext (file:///Users/ryan/.codex/worktrees/6614/chirality/projects/chirality-piping/node_modules/three/build/three.module.js:15443:18)
    at new WebGLRenderer (file:///Users/ryan/.codex/worktrees/6614/chirality/projects/chirality-piping/node_modules/three/build/three.module.js:15472:11)
    at new ViewportResource (/private/tmp/piping-engine-integration-20260925/projects/chirality-piping/apps/desktop/src/features/viewport/viewportResource.ts:509:21)
    at /private/tmp/piping-engine-integration-20260925/projects/chirality-piping/apps/desktop/src/features/viewport/PipeViewport.tsx:909:18
    at Object.react_stack_bottom_frame (/Users/ryan/.codex/worktrees/6614/chirality/projects/chirality-piping/node_modules/react-dom/cjs/react-dom-client.development.js:25989:20)
    at runWithFiberInDEV (/Users/ryan/.codex/worktrees/6614/chirality/projects/chirality-piping/node_modules/react-dom/cjs/react-dom-client.development.js:874:13)
    at commitHookEffectListMount (/Users/ryan/.codex/worktrees/6614/chirality/projects/chirality-piping/node_modules/react-dom/cjs/react-dom-client.development.js:13249:29) undefined
Error: Not implemented: HTMLCanvasElement.prototype.getContext (without installing the canvas npm package)
    at module.exports (/Users/ryan/.codex/worktrees/6614/chirality/projects/chirality-piping/node_modules/jsdom/lib/jsdom/browser/not-implemented.js:9:17)
    at HTMLCanvasElementImpl.getContext (/Users/ryan/.codex/worktrees/6614/chirality/projects/chirality-piping/node_modules/jsdom/lib/jsdom/living/nodes/HTMLCanvasElement-impl.js:42:5)
    at HTMLCanvasElement.getContext (/Users/ryan/.codex/worktrees/6614/chirality/projects/chirality-piping/node_modules/jsdom/lib/jsdom/living/generated/HTMLCanvasElement.js:131:58)
    at getContext (file:///Users/ryan/.codex/worktrees/6614/chirality/projects/chirality-piping/node_modules/three/build/three.module.js:15443:18)
    at new WebGLRenderer (file:///Users/ryan/.codex/worktrees/6614/chirality/projects/chirality-piping/node_modules/three/build/three.module.js:15476:11)
    at new ViewportResource (/private/tmp/piping-engine-integration-20260925/projects/chirality-piping/apps/desktop/src/features/viewport/viewportResource.ts:509:21)
    at /private/tmp/piping-engine-integration-20260925/projects/chirality-piping/apps/desktop/src/features/viewport/PipeViewport.tsx:909:18
    at Object.react_stack_bottom_frame (/Users/ryan/.codex/worktrees/6614/chirality/projects/chirality-piping/node_modules/react-dom/cjs/react-dom-client.development.js:25989:20)
    at runWithFiberInDEV (/Users/ryan/.codex/worktrees/6614/chirality/projects/chirality-piping/node_modules/react-dom/cjs/react-dom-client.development.js:874:13)
    at commitHookEffectListMount (/Users/ryan/.codex/worktrees/6614/chirality/projects/chirality-piping/node_modules/react-dom/cjs/react-dom-client.development.js:13249:29) undefined
Error: Not implemented: HTMLCanvasElement.prototype.getContext (without installing the canvas npm package)
    at module.exports (/Users/ryan/.codex/worktrees/6614/chirality/projects/chirality-piping/node_modules/jsdom/lib/jsdom/browser/not-implemented.js:9:17)
    at HTMLCanvasElementImpl.getContext (/Users/ryan/.codex/worktrees/6614/chirality/projects/chirality-piping/node_modules/jsdom/lib/jsdom/living/nodes/HTMLCanvasElement-impl.js:42:5)
    at HTMLCanvasElement.getContext (/Users/ryan/.codex/worktrees/6614/chirality/projects/chirality-piping/node_modules/jsdom/lib/jsdom/living/generated/HTMLCanvasElement.js:131:58)
    at getContext (file:///Users/ryan/.codex/worktrees/6614/chirality/projects/chirality-piping/node_modules/three/build/three.module.js:15443:18)
    at new WebGLRenderer (file:///Users/ryan/.codex/worktrees/6614/chirality/projects/chirality-piping/node_modules/three/build/three.module.js:15472:11)
    at new ViewportResource (/private/tmp/piping-engine-integration-20260925/projects/chirality-piping/apps/desktop/src/features/viewport/viewportResource.ts:509:21)
    at /private/tmp/piping-engine-integration-20260925/projects/chirality-piping/apps/desktop/src/features/viewport/PipeViewport.tsx:909:18
    at Object.react_stack_bottom_frame (/Users/ryan/.codex/worktrees/6614/chirality/projects/chirality-piping/node_modules/react-dom/cjs/react-dom-client.development.js:25989:20)
    at runWithFiberInDEV (/Users/ryan/.codex/worktrees/6614/chirality/projects/chirality-piping/node_modules/react-dom/cjs/react-dom-client.development.js:874:13)
    at commitHookEffectListMount (/Users/ryan/.codex/worktrees/6614/chirality/projects/chirality-piping/node_modules/react-dom/cjs/react-dom-client.development.js:13249:29) undefined
Error: Not implemented: HTMLCanvasElement.prototype.getContext (without installing the canvas npm package)
    at module.exports (/Users/ryan/.codex/worktrees/6614/chirality/projects/chirality-piping/node_modules/jsdom/lib/jsdom/browser/not-implemented.js:9:17)
    at HTMLCanvasElementImpl.getContext (/Users/ryan/.codex/worktrees/6614/chirality/projects/chirality-piping/node_modules/jsdom/lib/jsdom/living/nodes/HTMLCanvasElement-impl.js:42:5)
    at HTMLCanvasElement.getContext (/Users/ryan/.codex/worktrees/6614/chirality/projects/chirality-piping/node_modules/jsdom/lib/jsdom/living/generated/HTMLCanvasElement.js:131:58)
    at getContext (file:///Users/ryan/.codex/worktrees/6614/chirality/projects/chirality-piping/node_modules/three/build/three.module.js:15443:18)
    at new WebGLRenderer (file:///Users/ryan/.codex/worktrees/6614/chirality/projects/chirality-piping/node_modules/three/build/three.module.js:15476:11)
    at new ViewportResource (/private/tmp/piping-engine-integration-20260925/projects/chirality-piping/apps/desktop/src/features/viewport/viewportResource.ts:509:21)
    at /private/tmp/piping-engine-integration-20260925/projects/chirality-piping/apps/desktop/src/features/viewport/PipeViewport.tsx:909:18
    at Object.react_stack_bottom_frame (/Users/ryan/.codex/worktrees/6614/chirality/projects/chirality-piping/node_modules/react-dom/cjs/react-dom-client.development.js:25989:20)
    at runWithFiberInDEV (/Users/ryan/.codex/worktrees/6614/chirality/projects/chirality-piping/node_modules/react-dom/cjs/react-dom-client.development.js:874:13)
    at commitHookEffectListMount (/Users/ryan/.codex/worktrees/6614/chirality/projects/chirality-piping/node_modules/react-dom/cjs/react-dom-client.development.js:13249:29) undefined
Error: Not implemented: HTMLCanvasElement.prototype.getContext (without installing the canvas npm package)
    at module.exports (/Users/ryan/.codex/worktrees/6614/chirality/projects/chirality-piping/node_modules/jsdom/lib/jsdom/browser/not-implemented.js:9:17)
    at HTMLCanvasElementImpl.getContext (/Users/ryan/.codex/worktrees/6614/chirality/projects/chirality-piping/node_modules/jsdom/lib/jsdom/living/nodes/HTMLCanvasElement-impl.js:42:5)
    at HTMLCanvasElement.getContext (/Users/ryan/.codex/worktrees/6614/chirality/projects/chirality-piping/node_modules/jsdom/lib/jsdom/living/generated/HTMLCanvasElement.js:131:58)
    at getContext (file:///Users/ryan/.codex/worktrees/6614/chirality/projects/chirality-piping/node_modules/three/build/three.module.js:15443:18)
    at new WebGLRenderer (file:///Users/ryan/.codex/worktrees/6614/chirality/projects/chirality-piping/node_modules/three/build/three.module.js:15472:11)
    at new ViewportResource (/private/tmp/piping-engine-integration-20260925/projects/chirality-piping/apps/desktop/src/features/viewport/viewportResource.ts:509:21)
    at /private/tmp/piping-engine-integration-20260925/projects/chirality-piping/apps/desktop/src/features/viewport/PipeViewport.tsx:909:18
    at Object.react_stack_bottom_frame (/Users/ryan/.codex/worktrees/6614/chirality/projects/chirality-piping/node_modules/react-dom/cjs/react-dom-client.development.js:25989:20)
    at runWithFiberInDEV (/Users/ryan/.codex/worktrees/6614/chirality/projects/chirality-piping/node_modules/react-dom/cjs/react-dom-client.development.js:874:13)
    at commitHookEffectListMount (/Users/ryan/.codex/worktrees/6614/chirality/projects/chirality-piping/node_modules/react-dom/cjs/react-dom-client.development.js:13249:29) undefined
Error: Not implemented: HTMLCanvasElement.prototype.getContext (without installing the canvas npm package)
    at module.exports (/Users/ryan/.codex/worktrees/6614/chirality/projects/chirality-piping/node_modules/jsdom/lib/jsdom/browser/not-implemented.js:9:17)
    at HTMLCanvasElementImpl.getContext (/Users/ryan/.codex/worktrees/6614/chirality/projects/chirality-piping/node_modules/jsdom/lib/jsdom/living/nodes/HTMLCanvasElement-impl.js:42:5)
    at HTMLCanvasElement.getContext (/Users/ryan/.codex/worktrees/6614/chirality/projects/chirality-piping/node_modules/jsdom/lib/jsdom/living/generated/HTMLCanvasElement.js:131:58)
    at getContext (file:///Users/ryan/.codex/worktrees/6614/chirality/projects/chirality-piping/node_modules/three/build/three.module.js:15443:18)
    at new WebGLRenderer (file:///Users/ryan/.codex/worktrees/6614/chirality/projects/chirality-piping/node_modules/three/build/three.module.js:15476:11)
    at new ViewportResource (/private/tmp/piping-engine-integration-20260925/projects/chirality-piping/apps/desktop/src/features/viewport/viewportResource.ts:509:21)
    at /private/tmp/piping-engine-integration-20260925/projects/chirality-piping/apps/desktop/src/features/viewport/PipeViewport.tsx:909:18
    at Object.react_stack_bottom_frame (/Users/ryan/.codex/worktrees/6614/chirality/projects/chirality-piping/node_modules/react-dom/cjs/react-dom-client.development.js:25989:20)
    at runWithFiberInDEV (/Users/ryan/.codex/worktrees/6614/chirality/projects/chirality-piping/node_modules/react-dom/cjs/react-dom-client.development.js:874:13)
    at commitHookEffectListMount (/Users/ryan/.codex/worktrees/6614/chirality/projects/chirality-piping/node_modules/react-dom/cjs/react-dom-client.development.js:13249:29) undefined
Error: Not implemented: HTMLCanvasElement.prototype.getContext (without installing the canvas npm package)
    at module.exports (/Users/ryan/.codex/worktrees/6614/chirality/projects/chirality-piping/node_modules/jsdom/lib/jsdom/browser/not-implemented.js:9:17)
    at HTMLCanvasElementImpl.getContext (/Users/ryan/.codex/worktrees/6614/chirality/projects/chirality-piping/node_modules/jsdom/lib/jsdom/living/nodes/HTMLCanvasElement-impl.js:42:5)
    at HTMLCanvasElement.getContext (/Users/ryan/.codex/worktrees/6614/chirality/projects/chirality-piping/node_modules/jsdom/lib/jsdom/living/generated/HTMLCanvasElement.js:131:58)
    at getContext (file:///Users/ryan/.codex/worktrees/6614/chirality/projects/chirality-piping/node_modules/three/build/three.module.js:15443:18)
    at new WebGLRenderer (file:///Users/ryan/.codex/worktrees/6614/chirality/projects/chirality-piping/node_modules/three/build/three.module.js:15472:11)
    at new ViewportResource (/private/tmp/piping-engine-integration-20260925/projects/chirality-piping/apps/desktop/src/features/viewport/viewportResource.ts:509:21)
    at /private/tmp/piping-engine-integration-20260925/projects/chirality-piping/apps/desktop/src/features/viewport/PipeViewport.tsx:909:18
    at Object.react_stack_bottom_frame (/Users/ryan/.codex/worktrees/6614/chirality/projects/chirality-piping/node_modules/react-dom/cjs/react-dom-client.development.js:25989:20)
    at runWithFiberInDEV (/Users/ryan/.codex/worktrees/6614/chirality/projects/chirality-piping/node_modules/react-dom/cjs/react-dom-client.development.js:874:13)
    at commitHookEffectListMount (/Users/ryan/.codex/worktrees/6614/chirality/projects/chirality-piping/node_modules/react-dom/cjs/react-dom-client.development.js:13249:29) undefined
Error: Not implemented: HTMLCanvasElement.prototype.getContext (without installing the canvas npm package)
    at module.exports (/Users/ryan/.codex/worktrees/6614/chirality/projects/chirality-piping/node_modules/jsdom/lib/jsdom/browser/not-implemented.js:9:17)
    at HTMLCanvasElementImpl.getContext (/Users/ryan/.codex/worktrees/6614/chirality/projects/chirality-piping/node_modules/jsdom/lib/jsdom/living/nodes/HTMLCanvasElement-impl.js:42:5)
    at HTMLCanvasElement.getContext (/Users/ryan/.codex/worktrees/6614/chirality/projects/chirality-piping/node_modules/jsdom/lib/jsdom/living/generated/HTMLCanvasElement.js:131:58)
    at getContext (file:///Users/ryan/.codex/worktrees/6614/chirality/projects/chirality-piping/node_modules/three/build/three.module.js:15443:18)
    at new WebGLRenderer (file:///Users/ryan/.codex/worktrees/6614/chirality/projects/chirality-piping/node_modules/three/build/three.module.js:15476:11)
    at new ViewportResource (/private/tmp/piping-engine-integration-20260925/projects/chirality-piping/apps/desktop/src/features/viewport/viewportResource.ts:509:21)
    at /private/tmp/piping-engine-integration-20260925/projects/chirality-piping/apps/desktop/src/features/viewport/PipeViewport.tsx:909:18
    at Object.react_stack_bottom_frame (/Users/ryan/.codex/worktrees/6614/chirality/projects/chirality-piping/node_modules/react-dom/cjs/react-dom-client.development.js:25989:20)
    at runWithFiberInDEV (/Users/ryan/.codex/worktrees/6614/chirality/projects/chirality-piping/node_modules/react-dom/cjs/react-dom-client.development.js:874:13)
    at commitHookEffectListMount (/Users/ryan/.codex/worktrees/6614/chirality/projects/chirality-piping/node_modules/react-dom/cjs/react-dom-client.development.js:13249:29) undefined
Error: Not implemented: HTMLCanvasElement.prototype.getContext (without installing the canvas npm package)
    at module.exports (/Users/ryan/.codex/worktrees/6614/chirality/projects/chirality-piping/node_modules/jsdom/lib/jsdom/browser/not-implemented.js:9:17)
    at HTMLCanvasElementImpl.getContext (/Users/ryan/.codex/worktrees/6614/chirality/projects/chirality-piping/node_modules/jsdom/lib/jsdom/living/nodes/HTMLCanvasElement-impl.js:42:5)
    at HTMLCanvasElement.getContext (/Users/ryan/.codex/worktrees/6614/chirality/projects/chirality-piping/node_modules/jsdom/lib/jsdom/living/generated/HTMLCanvasElement.js:131:58)
    at getContext (file:///Users/ryan/.codex/worktrees/6614/chirality/projects/chirality-piping/node_modules/three/build/three.module.js:15443:18)
    at new WebGLRenderer (file:///Users/ryan/.codex/worktrees/6614/chirality/projects/chirality-piping/node_modules/three/build/three.module.js:15472:11)
    at new ViewportResource (/private/tmp/piping-engine-integration-20260925/projects/chirality-piping/apps/desktop/src/features/viewport/viewportResource.ts:509:21)
    at /private/tmp/piping-engine-integration-20260925/projects/chirality-piping/apps/desktop/src/features/viewport/PipeViewport.tsx:909:18
    at Object.react_stack_bottom_frame (/Users/ryan/.codex/worktrees/6614/chirality/projects/chirality-piping/node_modules/react-dom/cjs/react-dom-client.development.js:25989:20)
    at runWithFiberInDEV (/Users/ryan/.codex/worktrees/6614/chirality/projects/chirality-piping/node_modules/react-dom/cjs/react-dom-client.development.js:874:13)
    at commitHookEffectListMount (/Users/ryan/.codex/worktrees/6614/chirality/projects/chirality-piping/node_modules/react-dom/cjs/react-dom-client.development.js:13249:29) undefined
Error: Not implemented: HTMLCanvasElement.prototype.getContext (without installing the canvas npm package)
    at module.exports (/Users/ryan/.codex/worktrees/6614/chirality/projects/chirality-piping/node_modules/jsdom/lib/jsdom/browser/not-implemented.js:9:17)
    at HTMLCanvasElementImpl.getContext (/Users/ryan/.codex/worktrees/6614/chirality/projects/chirality-piping/node_modules/jsdom/lib/jsdom/living/nodes/HTMLCanvasElement-impl.js:42:5)
    at HTMLCanvasElement.getContext (/Users/ryan/.codex/worktrees/6614/chirality/projects/chirality-piping/node_modules/jsdom/lib/jsdom/living/generated/HTMLCanvasElement.js:131:58)
    at getContext (file:///Users/ryan/.codex/worktrees/6614/chirality/projects/chirality-piping/node_modules/three/build/three.module.js:15443:18)
    at new WebGLRenderer (file:///Users/ryan/.codex/worktrees/6614/chirality/projects/chirality-piping/node_modules/three/build/three.module.js:15476:11)
    at new ViewportResource (/private/tmp/piping-engine-integration-20260925/projects/chirality-piping/apps/desktop/src/features/viewport/viewportResource.ts:509:21)
    at /private/tmp/piping-engine-integration-20260925/projects/chirality-piping/apps/desktop/src/features/viewport/PipeViewport.tsx:909:18
    at Object.react_stack_bottom_frame (/Users/ryan/.codex/worktrees/6614/chirality/projects/chirality-piping/node_modules/react-dom/cjs/react-dom-client.development.js:25989:20)
    at runWithFiberInDEV (/Users/ryan/.codex/worktrees/6614/chirality/projects/chirality-piping/node_modules/react-dom/cjs/react-dom-client.development.js:874:13)
    at commitHookEffectListMount (/Users/ryan/.codex/worktrees/6614/chirality/projects/chirality-piping/node_modules/react-dom/cjs/react-dom-client.development.js:13249:29) undefined
Error: Not implemented: HTMLCanvasElement.prototype.getContext (without installing the canvas npm package)
    at module.exports (/Users/ryan/.codex/worktrees/6614/chirality/projects/chirality-piping/node_modules/jsdom/lib/jsdom/browser/not-implemented.js:9:17)
    at HTMLCanvasElementImpl.getContext (/Users/ryan/.codex/worktrees/6614/chirality/projects/chirality-piping/node_modules/jsdom/lib/jsdom/living/nodes/HTMLCanvasElement-impl.js:42:5)
    at HTMLCanvasElement.getContext (/Users/ryan/.codex/worktrees/6614/chirality/projects/chirality-piping/node_modules/jsdom/lib/jsdom/living/generated/HTMLCanvasElement.js:131:58)
    at getContext (file:///Users/ryan/.codex/worktrees/6614/chirality/projects/chirality-piping/node_modules/three/build/three.module.js:15443:18)
    at new WebGLRenderer (file:///Users/ryan/.codex/worktrees/6614/chirality/projects/chirality-piping/node_modules/three/build/three.module.js:15472:11)
    at new ViewportResource (/private/tmp/piping-engine-integration-20260925/projects/chirality-piping/apps/desktop/src/features/viewport/viewportResource.ts:509:21)
    at /private/tmp/piping-engine-integration-20260925/projects/chirality-piping/apps/desktop/src/features/viewport/PipeViewport.tsx:909:18
    at Object.react_stack_bottom_frame (/Users/ryan/.codex/worktrees/6614/chirality/projects/chirality-piping/node_modules/react-dom/cjs/react-dom-client.development.js:25989:20)
    at runWithFiberInDEV (/Users/ryan/.codex/worktrees/6614/chirality/projects/chirality-piping/node_modules/react-dom/cjs/react-dom-client.development.js:874:13)
    at commitHookEffectListMount (/Users/ryan/.codex/worktrees/6614/chirality/projects/chirality-piping/node_modules/react-dom/cjs/react-dom-client.development.js:13249:29) undefined
Error: Not implemented: HTMLCanvasElement.prototype.getContext (without installing the canvas npm package)
    at module.exports (/Users/ryan/.codex/worktrees/6614/chirality/projects/chirality-piping/node_modules/jsdom/lib/jsdom/browser/not-implemented.js:9:17)
    at HTMLCanvasElementImpl.getContext (/Users/ryan/.codex/worktrees/6614/chirality/projects/chirality-piping/node_modules/jsdom/lib/jsdom/living/nodes/HTMLCanvasElement-impl.js:42:5)
    at HTMLCanvasElement.getContext (/Users/ryan/.codex/worktrees/6614/chirality/projects/chirality-piping/node_modules/jsdom/lib/jsdom/living/generated/HTMLCanvasElement.js:131:58)
    at getContext (file:///Users/ryan/.codex/worktrees/6614/chirality/projects/chirality-piping/node_modules/three/build/three.module.js:15443:18)
    at new WebGLRenderer (file:///Users/ryan/.codex/worktrees/6614/chirality/projects/chirality-piping/node_modules/three/build/three.module.js:15476:11)
    at new ViewportResource (/private/tmp/piping-engine-integration-20260925/projects/chirality-piping/apps/desktop/src/features/viewport/viewportResource.ts:509:21)
    at /private/tmp/piping-engine-integration-20260925/projects/chirality-piping/apps/desktop/src/features/viewport/PipeViewport.tsx:909:18
    at Object.react_stack_bottom_frame (/Users/ryan/.codex/worktrees/6614/chirality/projects/chirality-piping/node_modules/react-dom/cjs/react-dom-client.development.js:25989:20)
    at runWithFiberInDEV (/Users/ryan/.codex/worktrees/6614/chirality/projects/chirality-piping/node_modules/react-dom/cjs/react-dom-client.development.js:874:13)
    at commitHookEffectListMount (/Users/ryan/.codex/worktrees/6614/chirality/projects/chirality-piping/node_modules/react-dom/cjs/react-dom-client.development.js:13249:29) undefined
Error: Not implemented: HTMLCanvasElement.prototype.getContext (without installing the canvas npm package)
    at module.exports (/Users/ryan/.codex/worktrees/6614/chirality/projects/chirality-piping/node_modules/jsdom/lib/jsdom/browser/not-implemented.js:9:17)
    at HTMLCanvasElementImpl.getContext (/Users/ryan/.codex/worktrees/6614/chirality/projects/chirality-piping/node_modules/jsdom/lib/jsdom/living/nodes/HTMLCanvasElement-impl.js:42:5)
    at HTMLCanvasElement.getContext (/Users/ryan/.codex/worktrees/6614/chirality/projects/chirality-piping/node_modules/jsdom/lib/jsdom/living/generated/HTMLCanvasElement.js:131:58)
    at getContext (file:///Users/ryan/.codex/worktrees/6614/chirality/projects/chirality-piping/node_modules/three/build/three.module.js:15443:18)
    at new WebGLRenderer (file:///Users/ryan/.codex/worktrees/6614/chirality/projects/chirality-piping/node_modules/three/build/three.module.js:15472:11)
    at new ViewportResource (/private/tmp/piping-engine-integration-20260925/projects/chirality-piping/apps/desktop/src/features/viewport/viewportResource.ts:509:21)
    at /private/tmp/piping-engine-integration-20260925/projects/chirality-piping/apps/desktop/src/features/viewport/PipeViewport.tsx:909:18
    at Object.react_stack_bottom_frame (/Users/ryan/.codex/worktrees/6614/chirality/projects/chirality-piping/node_modules/react-dom/cjs/react-dom-client.development.js:25989:20)
    at runWithFiberInDEV (/Users/ryan/.codex/worktrees/6614/chirality/projects/chirality-piping/node_modules/react-dom/cjs/react-dom-client.development.js:874:13)
    at commitHookEffectListMount (/Users/ryan/.codex/worktrees/6614/chirality/projects/chirality-piping/node_modules/react-dom/cjs/react-dom-client.development.js:13249:29) undefined
Error: Not implemented: HTMLCanvasElement.prototype.getContext (without installing the canvas npm package)
    at module.exports (/Users/ryan/.codex/worktrees/6614/chirality/projects/chirality-piping/node_modules/jsdom/lib/jsdom/browser/not-implemented.js:9:17)
    at HTMLCanvasElementImpl.getContext (/Users/ryan/.codex/worktrees/6614/chirality/projects/chirality-piping/node_modules/jsdom/lib/jsdom/living/nodes/HTMLCanvasElement-impl.js:42:5)
    at HTMLCanvasElement.getContext (/Users/ryan/.codex/worktrees/6614/chirality/projects/chirality-piping/node_modules/jsdom/lib/jsdom/living/generated/HTMLCanvasElement.js:131:58)
    at getContext (file:///Users/ryan/.codex/worktrees/6614/chirality/projects/chirality-piping/node_modules/three/build/three.module.js:15443:18)
    at new WebGLRenderer (file:///Users/ryan/.codex/worktrees/6614/chirality/projects/chirality-piping/node_modules/three/build/three.module.js:15476:11)
    at new ViewportResource (/private/tmp/piping-engine-integration-20260925/projects/chirality-piping/apps/desktop/src/features/viewport/viewportResource.ts:509:21)
    at /private/tmp/piping-engine-integration-20260925/projects/chirality-piping/apps/desktop/src/features/viewport/PipeViewport.tsx:909:18
    at Object.react_stack_bottom_frame (/Users/ryan/.codex/worktrees/6614/chirality/projects/chirality-piping/node_modules/react-dom/cjs/react-dom-client.development.js:25989:20)
    at runWithFiberInDEV (/Users/ryan/.codex/worktrees/6614/chirality/projects/chirality-piping/node_modules/react-dom/cjs/react-dom-client.development.js:874:13)
    at commitHookEffectListMount (/Users/ryan/.codex/worktrees/6614/chirality/projects/chirality-piping/node_modules/react-dom/cjs/react-dom-client.development.js:13249:29) undefined
Error: Not implemented: HTMLCanvasElement.prototype.getContext (without installing the canvas npm package)
    at module.exports (/Users/ryan/.codex/worktrees/6614/chirality/projects/chirality-piping/node_modules/jsdom/lib/jsdom/browser/not-implemented.js:9:17)
    at HTMLCanvasElementImpl.getContext (/Users/ryan/.codex/worktrees/6614/chirality/projects/chirality-piping/node_modules/jsdom/lib/jsdom/living/nodes/HTMLCanvasElement-impl.js:42:5)
    at HTMLCanvasElement.getContext (/Users/ryan/.codex/worktrees/6614/chirality/projects/chirality-piping/node_modules/jsdom/lib/jsdom/living/generated/HTMLCanvasElement.js:131:58)
    at getContext (file:///Users/ryan/.codex/worktrees/6614/chirality/projects/chirality-piping/node_modules/three/build/three.module.js:15443:18)
    at new WebGLRenderer (file:///Users/ryan/.codex/worktrees/6614/chirality/projects/chirality-piping/node_modules/three/build/three.module.js:15472:11)
    at new ViewportResource (/private/tmp/piping-engine-integration-20260925/projects/chirality-piping/apps/desktop/src/features/viewport/viewportResource.ts:509:21)
    at /private/tmp/piping-engine-integration-20260925/projects/chirality-piping/apps/desktop/src/features/viewport/PipeViewport.tsx:909:18
    at Object.react_stack_bottom_frame (/Users/ryan/.codex/worktrees/6614/chirality/projects/chirality-piping/node_modules/react-dom/cjs/react-dom-client.development.js:25989:20)
    at runWithFiberInDEV (/Users/ryan/.codex/worktrees/6614/chirality/projects/chirality-piping/node_modules/react-dom/cjs/react-dom-client.development.js:874:13)
    at commitHookEffectListMount (/Users/ryan/.codex/worktrees/6614/chirality/projects/chirality-piping/node_modules/react-dom/cjs/react-dom-client.development.js:13249:29) undefined
Error: Not implemented: HTMLCanvasElement.prototype.getContext (without installing the canvas npm package)
    at module.exports (/Users/ryan/.codex/worktrees/6614/chirality/projects/chirality-piping/node_modules/jsdom/lib/jsdom/browser/not-implemented.js:9:17)
    at HTMLCanvasElementImpl.getContext (/Users/ryan/.codex/worktrees/6614/chirality/projects/chirality-piping/node_modules/jsdom/lib/jsdom/living/nodes/HTMLCanvasElement-impl.js:42:5)
    at HTMLCanvasElement.getContext (/Users/ryan/.codex/worktrees/6614/chirality/projects/chirality-piping/node_modules/jsdom/lib/jsdom/living/generated/HTMLCanvasElement.js:131:58)
    at getContext (file:///Users/ryan/.codex/worktrees/6614/chirality/projects/chirality-piping/node_modules/three/build/three.module.js:15443:18)
    at new WebGLRenderer (file:///Users/ryan/.codex/worktrees/6614/chirality/projects/chirality-piping/node_modules/three/build/three.module.js:15476:11)
    at new ViewportResource (/private/tmp/piping-engine-integration-20260925/projects/chirality-piping/apps/desktop/src/features/viewport/viewportResource.ts:509:21)
    at /private/tmp/piping-engine-integration-20260925/projects/chirality-piping/apps/desktop/src/features/viewport/PipeViewport.tsx:909:18
    at Object.react_stack_bottom_frame (/Users/ryan/.codex/worktrees/6614/chirality/projects/chirality-piping/node_modules/react-dom/cjs/react-dom-client.development.js:25989:20)
    at runWithFiberInDEV (/Users/ryan/.codex/worktrees/6614/chirality/projects/chirality-piping/node_modules/react-dom/cjs/react-dom-client.development.js:874:13)
    at commitHookEffectListMount (/Users/ryan/.codex/worktrees/6614/chirality/projects/chirality-piping/node_modules/react-dom/cjs/react-dom-client.development.js:13249:29) undefined
Error: Not implemented: HTMLCanvasElement.prototype.getContext (without installing the canvas npm package)
    at module.exports (/Users/ryan/.codex/worktrees/6614/chirality/projects/chirality-piping/node_modules/jsdom/lib/jsdom/browser/not-implemented.js:9:17)
    at HTMLCanvasElementImpl.getContext (/Users/ryan/.codex/worktrees/6614/chirality/projects/chirality-piping/node_modules/jsdom/lib/jsdom/living/nodes/HTMLCanvasElement-impl.js:42:5)
    at HTMLCanvasElement.getContext (/Users/ryan/.codex/worktrees/6614/chirality/projects/chirality-piping/node_modules/jsdom/lib/jsdom/living/generated/HTMLCanvasElement.js:131:58)
    at getContext (file:///Users/ryan/.codex/worktrees/6614/chirality/projects/chirality-piping/node_modules/three/build/three.module.js:15443:18)
    at new WebGLRenderer (file:///Users/ryan/.codex/worktrees/6614/chirality/projects/chirality-piping/node_modules/three/build/three.module.js:15472:11)
    at new ViewportResource (/private/tmp/piping-engine-integration-20260925/projects/chirality-piping/apps/desktop/src/features/viewport/viewportResource.ts:509:21)
    at /private/tmp/piping-engine-integration-20260925/projects/chirality-piping/apps/desktop/src/features/viewport/PipeViewport.tsx:909:18
    at Object.react_stack_bottom_frame (/Users/ryan/.codex/worktrees/6614/chirality/projects/chirality-piping/node_modules/react-dom/cjs/react-dom-client.development.js:25989:20)
    at runWithFiberInDEV (/Users/ryan/.codex/worktrees/6614/chirality/projects/chirality-piping/node_modules/react-dom/cjs/react-dom-client.development.js:874:13)
    at commitHookEffectListMount (/Users/ryan/.codex/worktrees/6614/chirality/projects/chirality-piping/node_modules/react-dom/cjs/react-dom-client.development.js:13249:29) undefined
Error: Not implemented: HTMLCanvasElement.prototype.getContext (without installing the canvas npm package)
    at module.exports (/Users/ryan/.codex/worktrees/6614/chirality/projects/chirality-piping/node_modules/jsdom/lib/jsdom/browser/not-implemented.js:9:17)
    at HTMLCanvasElementImpl.getContext (/Users/ryan/.codex/worktrees/6614/chirality/projects/chirality-piping/node_modules/jsdom/lib/jsdom/living/nodes/HTMLCanvasElement-impl.js:42:5)
    at HTMLCanvasElement.getContext (/Users/ryan/.codex/worktrees/6614/chirality/projects/chirality-piping/node_modules/jsdom/lib/jsdom/living/generated/HTMLCanvasElement.js:131:58)
    at getContext (file:///Users/ryan/.codex/worktrees/6614/chirality/projects/chirality-piping/node_modules/three/build/three.module.js:15443:18)
    at new WebGLRenderer (file:///Users/ryan/.codex/worktrees/6614/chirality/projects/chirality-piping/node_modules/three/build/three.module.js:15476:11)
    at new ViewportResource (/private/tmp/piping-engine-integration-20260925/projects/chirality-piping/apps/desktop/src/features/viewport/viewportResource.ts:509:21)
    at /private/tmp/piping-engine-integration-20260925/projects/chirality-piping/apps/desktop/src/features/viewport/PipeViewport.tsx:909:18
    at Object.react_stack_bottom_frame (/Users/ryan/.codex/worktrees/6614/chirality/projects/chirality-piping/node_modules/react-dom/cjs/react-dom-client.development.js:25989:20)
    at runWithFiberInDEV (/Users/ryan/.codex/worktrees/6614/chirality/projects/chirality-piping/node_modules/react-dom/cjs/react-dom-client.development.js:874:13)
    at commitHookEffectListMount (/Users/ryan/.codex/worktrees/6614/chirality/projects/chirality-piping/node_modules/react-dom/cjs/react-dom-client.development.js:13249:29) undefined
Error: Not implemented: HTMLCanvasElement.prototype.getContext (without installing the canvas npm package)
    at module.exports (/Users/ryan/.codex/worktrees/6614/chirality/projects/chirality-piping/node_modules/jsdom/lib/jsdom/browser/not-implemented.js:9:17)
    at HTMLCanvasElementImpl.getContext (/Users/ryan/.codex/worktrees/6614/chirality/projects/chirality-piping/node_modules/jsdom/lib/jsdom/living/nodes/HTMLCanvasElement-impl.js:42:5)
    at HTMLCanvasElement.getContext (/Users/ryan/.codex/worktrees/6614/chirality/projects/chirality-piping/node_modules/jsdom/lib/jsdom/living/generated/HTMLCanvasElement.js:131:58)
    at getContext (file:///Users/ryan/.codex/worktrees/6614/chirality/projects/chirality-piping/node_modules/three/build/three.module.js:15443:18)
    at new WebGLRenderer (file:///Users/ryan/.codex/worktrees/6614/chirality/projects/chirality-piping/node_modules/three/build/three.module.js:15472:11)
    at new ViewportResource (/private/tmp/piping-engine-integration-20260925/projects/chirality-piping/apps/desktop/src/features/viewport/viewportResource.ts:509:21)
    at /private/tmp/piping-engine-integration-20260925/projects/chirality-piping/apps/desktop/src/features/viewport/PipeViewport.tsx:909:18
    at Object.react_stack_bottom_frame (/Users/ryan/.codex/worktrees/6614/chirality/projects/chirality-piping/node_modules/react-dom/cjs/react-dom-client.development.js:25989:20)
    at runWithFiberInDEV (/Users/ryan/.codex/worktrees/6614/chirality/projects/chirality-piping/node_modules/react-dom/cjs/react-dom-client.development.js:874:13)
    at commitHookEffectListMount (/Users/ryan/.codex/worktrees/6614/chirality/projects/chirality-piping/node_modules/react-dom/cjs/react-dom-client.development.js:13249:29) undefined
Error: Not implemented: HTMLCanvasElement.prototype.getContext (without installing the canvas npm package)
    at module.exports (/Users/ryan/.codex/worktrees/6614/chirality/projects/chirality-piping/node_modules/jsdom/lib/jsdom/browser/not-implemented.js:9:17)
    at HTMLCanvasElementImpl.getContext (/Users/ryan/.codex/worktrees/6614/chirality/projects/chirality-piping/node_modules/jsdom/lib/jsdom/living/nodes/HTMLCanvasElement-impl.js:42:5)
    at HTMLCanvasElement.getContext (/Users/ryan/.codex/worktrees/6614/chirality/projects/chirality-piping/node_modules/jsdom/lib/jsdom/living/generated/HTMLCanvasElement.js:131:58)
    at getContext (file:///Users/ryan/.codex/worktrees/6614/chirality/projects/chirality-piping/node_modules/three/build/three.module.js:15443:18)
    at new WebGLRenderer (file:///Users/ryan/.codex/worktrees/6614/chirality/projects/chirality-piping/node_modules/three/build/three.module.js:15476:11)
    at new ViewportResource (/private/tmp/piping-engine-integration-20260925/projects/chirality-piping/apps/desktop/src/features/viewport/viewportResource.ts:509:21)
    at /private/tmp/piping-engine-integration-20260925/projects/chirality-piping/apps/desktop/src/features/viewport/PipeViewport.tsx:909:18
    at Object.react_stack_bottom_frame (/Users/ryan/.codex/worktrees/6614/chirality/projects/chirality-piping/node_modules/react-dom/cjs/react-dom-client.development.js:25989:20)
    at runWithFiberInDEV (/Users/ryan/.codex/worktrees/6614/chirality/projects/chirality-piping/node_modules/react-dom/cjs/react-dom-client.development.js:874:13)
    at commitHookEffectListMount (/Users/ryan/.codex/worktrees/6614/chirality/projects/chirality-piping/node_modules/react-dom/cjs/react-dom-client.development.js:13249:29) undefined
Error: Not implemented: HTMLCanvasElement.prototype.getContext (without installing the canvas npm package)
    at module.exports (/Users/ryan/.codex/worktrees/6614/chirality/projects/chirality-piping/node_modules/jsdom/lib/jsdom/browser/not-implemented.js:9:17)
    at HTMLCanvasElementImpl.getContext (/Users/ryan/.codex/worktrees/6614/chirality/projects/chirality-piping/node_modules/jsdom/lib/jsdom/living/nodes/HTMLCanvasElement-impl.js:42:5)
    at HTMLCanvasElement.getContext (/Users/ryan/.codex/worktrees/6614/chirality/projects/chirality-piping/node_modules/jsdom/lib/jsdom/living/generated/HTMLCanvasElement.js:131:58)
    at getContext (file:///Users/ryan/.codex/worktrees/6614/chirality/projects/chirality-piping/node_modules/three/build/three.module.js:15443:18)
    at new WebGLRenderer (file:///Users/ryan/.codex/worktrees/6614/chirality/projects/chirality-piping/node_modules/three/build/three.module.js:15472:11)
    at new ViewportResource (/private/tmp/piping-engine-integration-20260925/projects/chirality-piping/apps/desktop/src/features/viewport/viewportResource.ts:509:21)
    at /private/tmp/piping-engine-integration-20260925/projects/chirality-piping/apps/desktop/src/features/viewport/PipeViewport.tsx:909:18
    at Object.react_stack_bottom_frame (/Users/ryan/.codex/worktrees/6614/chirality/projects/chirality-piping/node_modules/react-dom/cjs/react-dom-client.development.js:25989:20)
    at runWithFiberInDEV (/Users/ryan/.codex/worktrees/6614/chirality/projects/chirality-piping/node_modules/react-dom/cjs/react-dom-client.development.js:874:13)
    at commitHookEffectListMount (/Users/ryan/.codex/worktrees/6614/chirality/projects/chirality-piping/node_modules/react-dom/cjs/react-dom-client.development.js:13249:29) undefined
Error: Not implemented: HTMLCanvasElement.prototype.getContext (without installing the canvas npm package)
    at module.exports (/Users/ryan/.codex/worktrees/6614/chirality/projects/chirality-piping/node_modules/jsdom/lib/jsdom/browser/not-implemented.js:9:17)
    at HTMLCanvasElementImpl.getContext (/Users/ryan/.codex/worktrees/6614/chirality/projects/chirality-piping/node_modules/jsdom/lib/jsdom/living/nodes/HTMLCanvasElement-impl.js:42:5)
    at HTMLCanvasElement.getContext (/Users/ryan/.codex/worktrees/6614/chirality/projects/chirality-piping/node_modules/jsdom/lib/jsdom/living/generated/HTMLCanvasElement.js:131:58)
    at getContext (file:///Users/ryan/.codex/worktrees/6614/chirality/projects/chirality-piping/node_modules/three/build/three.module.js:15443:18)
    at new WebGLRenderer (file:///Users/ryan/.codex/worktrees/6614/chirality/projects/chirality-piping/node_modules/three/build/three.module.js:15476:11)
    at new ViewportResource (/private/tmp/piping-engine-integration-20260925/projects/chirality-piping/apps/desktop/src/features/viewport/viewportResource.ts:509:21)
    at /private/tmp/piping-engine-integration-20260925/projects/chirality-piping/apps/desktop/src/features/viewport/PipeViewport.tsx:909:18
    at Object.react_stack_bottom_frame (/Users/ryan/.codex/worktrees/6614/chirality/projects/chirality-piping/node_modules/react-dom/cjs/react-dom-client.development.js:25989:20)
    at runWithFiberInDEV (/Users/ryan/.codex/worktrees/6614/chirality/projects/chirality-piping/node_modules/react-dom/cjs/react-dom-client.development.js:874:13)
    at commitHookEffectListMount (/Users/ryan/.codex/worktrees/6614/chirality/projects/chirality-piping/node_modules/react-dom/cjs/react-dom-client.development.js:13249:29) undefined
Error: Not implemented: HTMLCanvasElement.prototype.getContext (without installing the canvas npm package)
    at module.exports (/Users/ryan/.codex/worktrees/6614/chirality/projects/chirality-piping/node_modules/jsdom/lib/jsdom/browser/not-implemented.js:9:17)
    at HTMLCanvasElementImpl.getContext (/Users/ryan/.codex/worktrees/6614/chirality/projects/chirality-piping/node_modules/jsdom/lib/jsdom/living/nodes/HTMLCanvasElement-impl.js:42:5)
    at HTMLCanvasElement.getContext (/Users/ryan/.codex/worktrees/6614/chirality/projects/chirality-piping/node_modules/jsdom/lib/jsdom/living/generated/HTMLCanvasElement.js:131:58)
    at getContext (file:///Users/ryan/.codex/worktrees/6614/chirality/projects/chirality-piping/node_modules/three/build/three.module.js:15443:18)
    at new WebGLRenderer (file:///Users/ryan/.codex/worktrees/6614/chirality/projects/chirality-piping/node_modules/three/build/three.module.js:15472:11)
    at new ViewportResource (/private/tmp/piping-engine-integration-20260925/projects/chirality-piping/apps/desktop/src/features/viewport/viewportResource.ts:509:21)
    at /private/tmp/piping-engine-integration-20260925/projects/chirality-piping/apps/desktop/src/features/viewport/PipeViewport.tsx:909:18
    at Object.react_stack_bottom_frame (/Users/ryan/.codex/worktrees/6614/chirality/projects/chirality-piping/node_modules/react-dom/cjs/react-dom-client.development.js:25989:20)
    at runWithFiberInDEV (/Users/ryan/.codex/worktrees/6614/chirality/projects/chirality-piping/node_modules/react-dom/cjs/react-dom-client.development.js:874:13)
    at commitHookEffectListMount (/Users/ryan/.codex/worktrees/6614/chirality/projects/chirality-piping/node_modules/react-dom/cjs/react-dom-client.development.js:13249:29) undefined
Error: Not implemented: HTMLCanvasElement.prototype.getContext (without installing the canvas npm package)
    at module.exports (/Users/ryan/.codex/worktrees/6614/chirality/projects/chirality-piping/node_modules/jsdom/lib/jsdom/browser/not-implemented.js:9:17)
    at HTMLCanvasElementImpl.getContext (/Users/ryan/.codex/worktrees/6614/chirality/projects/chirality-piping/node_modules/jsdom/lib/jsdom/living/nodes/HTMLCanvasElement-impl.js:42:5)
    at HTMLCanvasElement.getContext (/Users/ryan/.codex/worktrees/6614/chirality/projects/chirality-piping/node_modules/jsdom/lib/jsdom/living/generated/HTMLCanvasElement.js:131:58)
    at getContext (file:///Users/ryan/.codex/worktrees/6614/chirality/projects/chirality-piping/node_modules/three/build/three.module.js:15443:18)
    at new WebGLRenderer (file:///Users/ryan/.codex/worktrees/6614/chirality/projects/chirality-piping/node_modules/three/build/three.module.js:15476:11)
    at new ViewportResource (/private/tmp/piping-engine-integration-20260925/projects/chirality-piping/apps/desktop/src/features/viewport/viewportResource.ts:509:21)
    at /private/tmp/piping-engine-integration-20260925/projects/chirality-piping/apps/desktop/src/features/viewport/PipeViewport.tsx:909:18
    at Object.react_stack_bottom_frame (/Users/ryan/.codex/worktrees/6614/chirality/projects/chirality-piping/node_modules/react-dom/cjs/react-dom-client.development.js:25989:20)
    at runWithFiberInDEV (/Users/ryan/.codex/worktrees/6614/chirality/projects/chirality-piping/node_modules/react-dom/cjs/react-dom-client.development.js:874:13)
    at commitHookEffectListMount (/Users/ryan/.codex/worktrees/6614/chirality/projects/chirality-piping/node_modules/react-dom/cjs/react-dom-client.development.js:13249:29) undefined
Error: Not implemented: HTMLCanvasElement.prototype.getContext (without installing the canvas npm package)
    at module.exports (/Users/ryan/.codex/worktrees/6614/chirality/projects/chirality-piping/node_modules/jsdom/lib/jsdom/browser/not-implemented.js:9:17)
    at HTMLCanvasElementImpl.getContext (/Users/ryan/.codex/worktrees/6614/chirality/projects/chirality-piping/node_modules/jsdom/lib/jsdom/living/nodes/HTMLCanvasElement-impl.js:42:5)
    at HTMLCanvasElement.getContext (/Users/ryan/.codex/worktrees/6614/chirality/projects/chirality-piping/node_modules/jsdom/lib/jsdom/living/generated/HTMLCanvasElement.js:131:58)
    at getContext (file:///Users/ryan/.codex/worktrees/6614/chirality/projects/chirality-piping/node_modules/three/build/three.module.js:15443:18)
    at new WebGLRenderer (file:///Users/ryan/.codex/worktrees/6614/chirality/projects/chirality-piping/node_modules/three/build/three.module.js:15472:11)
    at new ViewportResource (/private/tmp/piping-engine-integration-20260925/projects/chirality-piping/apps/desktop/src/features/viewport/viewportResource.ts:509:21)
    at /private/tmp/piping-engine-integration-20260925/projects/chirality-piping/apps/desktop/src/features/viewport/PipeViewport.tsx:909:18
    at Object.react_stack_bottom_frame (/Users/ryan/.codex/worktrees/6614/chirality/projects/chirality-piping/node_modules/react-dom/cjs/react-dom-client.development.js:25989:20)
    at runWithFiberInDEV (/Users/ryan/.codex/worktrees/6614/chirality/projects/chirality-piping/node_modules/react-dom/cjs/react-dom-client.development.js:874:13)
    at commitHookEffectListMount (/Users/ryan/.codex/worktrees/6614/chirality/projects/chirality-piping/node_modules/react-dom/cjs/react-dom-client.development.js:13249:29) undefined
Error: Not implemented: HTMLCanvasElement.prototype.getContext (without installing the canvas npm package)
    at module.exports (/Users/ryan/.codex/worktrees/6614/chirality/projects/chirality-piping/node_modules/jsdom/lib/jsdom/browser/not-implemented.js:9:17)
    at HTMLCanvasElementImpl.getContext (/Users/ryan/.codex/worktrees/6614/chirality/projects/chirality-piping/node_modules/jsdom/lib/jsdom/living/nodes/HTMLCanvasElement-impl.js:42:5)
    at HTMLCanvasElement.getContext (/Users/ryan/.codex/worktrees/6614/chirality/projects/chirality-piping/node_modules/jsdom/lib/jsdom/living/generated/HTMLCanvasElement.js:131:58)
    at getContext (file:///Users/ryan/.codex/worktrees/6614/chirality/projects/chirality-piping/node_modules/three/build/three.module.js:15443:18)
    at new WebGLRenderer (file:///Users/ryan/.codex/worktrees/6614/chirality/projects/chirality-piping/node_modules/three/build/three.module.js:15476:11)
    at new ViewportResource (/private/tmp/piping-engine-integration-20260925/projects/chirality-piping/apps/desktop/src/features/viewport/viewportResource.ts:509:21)
    at /private/tmp/piping-engine-integration-20260925/projects/chirality-piping/apps/desktop/src/features/viewport/PipeViewport.tsx:909:18
    at Object.react_stack_bottom_frame (/Users/ryan/.codex/worktrees/6614/chirality/projects/chirality-piping/node_modules/react-dom/cjs/react-dom-client.development.js:25989:20)
    at runWithFiberInDEV (/Users/ryan/.codex/worktrees/6614/chirality/projects/chirality-piping/node_modules/react-dom/cjs/react-dom-client.development.js:874:13)
    at commitHookEffectListMount (/Users/ryan/.codex/worktrees/6614/chirality/projects/chirality-piping/node_modules/react-dom/cjs/react-dom-client.development.js:13249:29) undefined
Error: Not implemented: HTMLCanvasElement.prototype.getContext (without installing the canvas npm package)
    at module.exports (/Users/ryan/.codex/worktrees/6614/chirality/projects/chirality-piping/node_modules/jsdom/lib/jsdom/browser/not-implemented.js:9:17)
    at HTMLCanvasElementImpl.getContext (/Users/ryan/.codex/worktrees/6614/chirality/projects/chirality-piping/node_modules/jsdom/lib/jsdom/living/nodes/HTMLCanvasElement-impl.js:42:5)
    at HTMLCanvasElement.getContext (/Users/ryan/.codex/worktrees/6614/chirality/projects/chirality-piping/node_modules/jsdom/lib/jsdom/living/generated/HTMLCanvasElement.js:131:58)
    at getContext (file:///Users/ryan/.codex/worktrees/6614/chirality/projects/chirality-piping/node_modules/three/build/three.module.js:15443:18)
    at new WebGLRenderer (file:///Users/ryan/.codex/worktrees/6614/chirality/projects/chirality-piping/node_modules/three/build/three.module.js:15472:11)
    at new ViewportResource (/private/tmp/piping-engine-integration-20260925/projects/chirality-piping/apps/desktop/src/features/viewport/viewportResource.ts:509:21)
    at /private/tmp/piping-engine-integration-20260925/projects/chirality-piping/apps/desktop/src/features/viewport/PipeViewport.tsx:909:18
    at Object.react_stack_bottom_frame (/Users/ryan/.codex/worktrees/6614/chirality/projects/chirality-piping/node_modules/react-dom/cjs/react-dom-client.development.js:25989:20)
    at runWithFiberInDEV (/Users/ryan/.codex/worktrees/6614/chirality/projects/chirality-piping/node_modules/react-dom/cjs/react-dom-client.development.js:874:13)
    at commitHookEffectListMount (/Users/ryan/.codex/worktrees/6614/chirality/projects/chirality-piping/node_modules/react-dom/cjs/react-dom-client.development.js:13249:29) undefined
Error: Not implemented: HTMLCanvasElement.prototype.getContext (without installing the canvas npm package)
    at module.exports (/Users/ryan/.codex/worktrees/6614/chirality/projects/chirality-piping/node_modules/jsdom/lib/jsdom/browser/not-implemented.js:9:17)
    at HTMLCanvasElementImpl.getContext (/Users/ryan/.codex/worktrees/6614/chirality/projects/chirality-piping/node_modules/jsdom/lib/jsdom/living/nodes/HTMLCanvasElement-impl.js:42:5)
    at HTMLCanvasElement.getContext (/Users/ryan/.codex/worktrees/6614/chirality/projects/chirality-piping/node_modules/jsdom/lib/jsdom/living/generated/HTMLCanvasElement.js:131:58)
    at getContext (file:///Users/ryan/.codex/worktrees/6614/chirality/projects/chirality-piping/node_modules/three/build/three.module.js:15443:18)
    at new WebGLRenderer (file:///Users/ryan/.codex/worktrees/6614/chirality/projects/chirality-piping/node_modules/three/build/three.module.js:15476:11)
    at new ViewportResource (/private/tmp/piping-engine-integration-20260925/projects/chirality-piping/apps/desktop/src/features/viewport/viewportResource.ts:509:21)
    at /private/tmp/piping-engine-integration-20260925/projects/chirality-piping/apps/desktop/src/features/viewport/PipeViewport.tsx:909:18
    at Object.react_stack_bottom_frame (/Users/ryan/.codex/worktrees/6614/chirality/projects/chirality-piping/node_modules/react-dom/cjs/react-dom-client.development.js:25989:20)
    at runWithFiberInDEV (/Users/ryan/.codex/worktrees/6614/chirality/projects/chirality-piping/node_modules/react-dom/cjs/react-dom-client.development.js:874:13)
    at commitHookEffectListMount (/Users/ryan/.codex/worktrees/6614/chirality/projects/chirality-piping/node_modules/react-dom/cjs/react-dom-client.development.js:13249:29) undefined
Error: Not implemented: HTMLCanvasElement.prototype.getContext (without installing the canvas npm package)
    at module.exports (/Users/ryan/.codex/worktrees/6614/chirality/projects/chirality-piping/node_modules/jsdom/lib/jsdom/browser/not-implemented.js:9:17)
    at HTMLCanvasElementImpl.getContext (/Users/ryan/.codex/worktrees/6614/chirality/projects/chirality-piping/node_modules/jsdom/lib/jsdom/living/nodes/HTMLCanvasElement-impl.js:42:5)
    at HTMLCanvasElement.getContext (/Users/ryan/.codex/worktrees/6614/chirality/projects/chirality-piping/node_modules/jsdom/lib/jsdom/living/generated/HTMLCanvasElement.js:131:58)
    at getContext (file:///Users/ryan/.codex/worktrees/6614/chirality/projects/chirality-piping/node_modules/three/build/three.module.js:15443:18)
    at new WebGLRenderer (file:///Users/ryan/.codex/worktrees/6614/chirality/projects/chirality-piping/node_modules/three/build/three.module.js:15472:11)
    at new ViewportResource (/private/tmp/piping-engine-integration-20260925/projects/chirality-piping/apps/desktop/src/features/viewport/viewportResource.ts:509:21)
    at /private/tmp/piping-engine-integration-20260925/projects/chirality-piping/apps/desktop/src/features/viewport/PipeViewport.tsx:909:18
    at Object.react_stack_bottom_frame (/Users/ryan/.codex/worktrees/6614/chirality/projects/chirality-piping/node_modules/react-dom/cjs/react-dom-client.development.js:25989:20)
    at runWithFiberInDEV (/Users/ryan/.codex/worktrees/6614/chirality/projects/chirality-piping/node_modules/react-dom/cjs/react-dom-client.development.js:874:13)
    at commitHookEffectListMount (/Users/ryan/.codex/worktrees/6614/chirality/projects/chirality-piping/node_modules/react-dom/cjs/react-dom-client.development.js:13249:29) undefined
Error: Not implemented: HTMLCanvasElement.prototype.getContext (without installing the canvas npm package)
    at module.exports (/Users/ryan/.codex/worktrees/6614/chirality/projects/chirality-piping/node_modules/jsdom/lib/jsdom/browser/not-implemented.js:9:17)
    at HTMLCanvasElementImpl.getContext (/Users/ryan/.codex/worktrees/6614/chirality/projects/chirality-piping/node_modules/jsdom/lib/jsdom/living/nodes/HTMLCanvasElement-impl.js:42:5)
    at HTMLCanvasElement.getContext (/Users/ryan/.codex/worktrees/6614/chirality/projects/chirality-piping/node_modules/jsdom/lib/jsdom/living/generated/HTMLCanvasElement.js:131:58)
    at getContext (file:///Users/ryan/.codex/worktrees/6614/chirality/projects/chirality-piping/node_modules/three/build/three.module.js:15443:18)
    at new WebGLRenderer (file:///Users/ryan/.codex/worktrees/6614/chirality/projects/chirality-piping/node_modules/three/build/three.module.js:15476:11)
    at new ViewportResource (/private/tmp/piping-engine-integration-20260925/projects/chirality-piping/apps/desktop/src/features/viewport/viewportResource.ts:509:21)
    at /private/tmp/piping-engine-integration-20260925/projects/chirality-piping/apps/desktop/src/features/viewport/PipeViewport.tsx:909:18
    at Object.react_stack_bottom_frame (/Users/ryan/.codex/worktrees/6614/chirality/projects/chirality-piping/node_modules/react-dom/cjs/react-dom-client.development.js:25989:20)
    at runWithFiberInDEV (/Users/ryan/.codex/worktrees/6614/chirality/projects/chirality-piping/node_modules/react-dom/cjs/react-dom-client.development.js:874:13)
    at commitHookEffectListMount (/Users/ryan/.codex/worktrees/6614/chirality/projects/chirality-piping/node_modules/react-dom/cjs/react-dom-client.development.js:13249:29) undefined
Error: Not implemented: HTMLCanvasElement.prototype.getContext (without installing the canvas npm package)
    at module.exports (/Users/ryan/.codex/worktrees/6614/chirality/projects/chirality-piping/node_modules/jsdom/lib/jsdom/browser/not-implemented.js:9:17)
    at HTMLCanvasElementImpl.getContext (/Users/ryan/.codex/worktrees/6614/chirality/projects/chirality-piping/node_modules/jsdom/lib/jsdom/living/nodes/HTMLCanvasElement-impl.js:42:5)
    at HTMLCanvasElement.getContext (/Users/ryan/.codex/worktrees/6614/chirality/projects/chirality-piping/node_modules/jsdom/lib/jsdom/living/generated/HTMLCanvasElement.js:131:58)
    at getContext (file:///Users/ryan/.codex/worktrees/6614/chirality/projects/chirality-piping/node_modules/three/build/three.module.js:15443:18)
    at new WebGLRenderer (file:///Users/ryan/.codex/worktrees/6614/chirality/projects/chirality-piping/node_modules/three/build/three.module.js:15472:11)
    at new ViewportResource (/private/tmp/piping-engine-integration-20260925/projects/chirality-piping/apps/desktop/src/features/viewport/viewportResource.ts:509:21)
    at /private/tmp/piping-engine-integration-20260925/projects/chirality-piping/apps/desktop/src/features/viewport/PipeViewport.tsx:909:18
    at Object.react_stack_bottom_frame (/Users/ryan/.codex/worktrees/6614/chirality/projects/chirality-piping/node_modules/react-dom/cjs/react-dom-client.development.js:25989:20)
    at runWithFiberInDEV (/Users/ryan/.codex/worktrees/6614/chirality/projects/chirality-piping/node_modules/react-dom/cjs/react-dom-client.development.js:874:13)
    at commitHookEffectListMount (/Users/ryan/.codex/worktrees/6614/chirality/projects/chirality-piping/node_modules/react-dom/cjs/react-dom-client.development.js:13249:29) undefined
Error: Not implemented: HTMLCanvasElement.prototype.getContext (without installing the canvas npm package)
    at module.exports (/Users/ryan/.codex/worktrees/6614/chirality/projects/chirality-piping/node_modules/jsdom/lib/jsdom/browser/not-implemented.js:9:17)
    at HTMLCanvasElementImpl.getContext (/Users/ryan/.codex/worktrees/6614/chirality/projects/chirality-piping/node_modules/jsdom/lib/jsdom/living/nodes/HTMLCanvasElement-impl.js:42:5)
    at HTMLCanvasElement.getContext (/Users/ryan/.codex/worktrees/6614/chirality/projects/chirality-piping/node_modules/jsdom/lib/jsdom/living/generated/HTMLCanvasElement.js:131:58)
    at getContext (file:///Users/ryan/.codex/worktrees/6614/chirality/projects/chirality-piping/node_modules/three/build/three.module.js:15443:18)
    at new WebGLRenderer (file:///Users/ryan/.codex/worktrees/6614/chirality/projects/chirality-piping/node_modules/three/build/three.module.js:15476:11)
    at new ViewportResource (/private/tmp/piping-engine-integration-20260925/projects/chirality-piping/apps/desktop/src/features/viewport/viewportResource.ts:509:21)
    at /private/tmp/piping-engine-integration-20260925/projects/chirality-piping/apps/desktop/src/features/viewport/PipeViewport.tsx:909:18
    at Object.react_stack_bottom_frame (/Users/ryan/.codex/worktrees/6614/chirality/projects/chirality-piping/node_modules/react-dom/cjs/react-dom-client.development.js:25989:20)
    at runWithFiberInDEV (/Users/ryan/.codex/worktrees/6614/chirality/projects/chirality-piping/node_modules/react-dom/cjs/react-dom-client.development.js:874:13)
    at commitHookEffectListMount (/Users/ryan/.codex/worktrees/6614/chirality/projects/chirality-piping/node_modules/react-dom/cjs/react-dom-client.development.js:13249:29) undefined
Error: Not implemented: HTMLCanvasElement.prototype.getContext (without installing the canvas npm package)
    at module.exports (/Users/ryan/.codex/worktrees/6614/chirality/projects/chirality-piping/node_modules/jsdom/lib/jsdom/browser/not-implemented.js:9:17)
    at HTMLCanvasElementImpl.getContext (/Users/ryan/.codex/worktrees/6614/chirality/projects/chirality-piping/node_modules/jsdom/lib/jsdom/living/nodes/HTMLCanvasElement-impl.js:42:5)
    at HTMLCanvasElement.getContext (/Users/ryan/.codex/worktrees/6614/chirality/projects/chirality-piping/node_modules/jsdom/lib/jsdom/living/generated/HTMLCanvasElement.js:131:58)
    at getContext (file:///Users/ryan/.codex/worktrees/6614/chirality/projects/chirality-piping/node_modules/three/build/three.module.js:15443:18)
    at new WebGLRenderer (file:///Users/ryan/.codex/worktrees/6614/chirality/projects/chirality-piping/node_modules/three/build/three.module.js:15472:11)
    at new ViewportResource (/private/tmp/piping-engine-integration-20260925/projects/chirality-piping/apps/desktop/src/features/viewport/viewportResource.ts:509:21)
    at /private/tmp/piping-engine-integration-20260925/projects/chirality-piping/apps/desktop/src/features/viewport/PipeViewport.tsx:909:18
    at Object.react_stack_bottom_frame (/Users/ryan/.codex/worktrees/6614/chirality/projects/chirality-piping/node_modules/react-dom/cjs/react-dom-client.development.js:25989:20)
    at runWithFiberInDEV (/Users/ryan/.codex/worktrees/6614/chirality/projects/chirality-piping/node_modules/react-dom/cjs/react-dom-client.development.js:874:13)
    at commitHookEffectListMount (/Users/ryan/.codex/worktrees/6614/chirality/projects/chirality-piping/node_modules/react-dom/cjs/react-dom-client.development.js:13249:29) undefined
Error: Not implemented: HTMLCanvasElement.prototype.getContext (without installing the canvas npm package)
    at module.exports (/Users/ryan/.codex/worktrees/6614/chirality/projects/chirality-piping/node_modules/jsdom/lib/jsdom/browser/not-implemented.js:9:17)
    at HTMLCanvasElementImpl.getContext (/Users/ryan/.codex/worktrees/6614/chirality/projects/chirality-piping/node_modules/jsdom/lib/jsdom/living/nodes/HTMLCanvasElement-impl.js:42:5)
    at HTMLCanvasElement.getContext (/Users/ryan/.codex/worktrees/6614/chirality/projects/chirality-piping/node_modules/jsdom/lib/jsdom/living/generated/HTMLCanvasElement.js:131:58)
    at getContext (file:///Users/ryan/.codex/worktrees/6614/chirality/projects/chirality-piping/node_modules/three/build/three.module.js:15443:18)
    at new WebGLRenderer (file:///Users/ryan/.codex/worktrees/6614/chirality/projects/chirality-piping/node_modules/three/build/three.module.js:15476:11)
    at new ViewportResource (/private/tmp/piping-engine-integration-20260925/projects/chirality-piping/apps/desktop/src/features/viewport/viewportResource.ts:509:21)
    at /private/tmp/piping-engine-integration-20260925/projects/chirality-piping/apps/desktop/src/features/viewport/PipeViewport.tsx:909:18
    at Object.react_stack_bottom_frame (/Users/ryan/.codex/worktrees/6614/chirality/projects/chirality-piping/node_modules/react-dom/cjs/react-dom-client.development.js:25989:20)
    at runWithFiberInDEV (/Users/ryan/.codex/worktrees/6614/chirality/projects/chirality-piping/node_modules/react-dom/cjs/react-dom-client.development.js:874:13)
    at commitHookEffectListMount (/Users/ryan/.codex/worktrees/6614/chirality/projects/chirality-piping/node_modules/react-dom/cjs/react-dom-client.development.js:13249:29) undefined
Error: Not implemented: HTMLCanvasElement.prototype.getContext (without installing the canvas npm package)
    at module.exports (/Users/ryan/.codex/worktrees/6614/chirality/projects/chirality-piping/node_modules/jsdom/lib/jsdom/browser/not-implemented.js:9:17)
    at HTMLCanvasElementImpl.getContext (/Users/ryan/.codex/worktrees/6614/chirality/projects/chirality-piping/node_modules/jsdom/lib/jsdom/living/nodes/HTMLCanvasElement-impl.js:42:5)
    at HTMLCanvasElement.getContext (/Users/ryan/.codex/worktrees/6614/chirality/projects/chirality-piping/node_modules/jsdom/lib/jsdom/living/generated/HTMLCanvasElement.js:131:58)
    at getContext (file:///Users/ryan/.codex/worktrees/6614/chirality/projects/chirality-piping/node_modules/three/build/three.module.js:15443:18)
    at new WebGLRenderer (file:///Users/ryan/.codex/worktrees/6614/chirality/projects/chirality-piping/node_modules/three/build/three.module.js:15472:11)
    at new ViewportResource (/private/tmp/piping-engine-integration-20260925/projects/chirality-piping/apps/desktop/src/features/viewport/viewportResource.ts:509:21)
    at /private/tmp/piping-engine-integration-20260925/projects/chirality-piping/apps/desktop/src/features/viewport/PipeViewport.tsx:909:18
    at Object.react_stack_bottom_frame (/Users/ryan/.codex/worktrees/6614/chirality/projects/chirality-piping/node_modules/react-dom/cjs/react-dom-client.development.js:25989:20)
    at runWithFiberInDEV (/Users/ryan/.codex/worktrees/6614/chirality/projects/chirality-piping/node_modules/react-dom/cjs/react-dom-client.development.js:874:13)
    at commitHookEffectListMount (/Users/ryan/.codex/worktrees/6614/chirality/projects/chirality-piping/node_modules/react-dom/cjs/react-dom-client.development.js:13249:29) undefined
Error: Not implemented: HTMLCanvasElement.prototype.getContext (without installing the canvas npm package)
    at module.exports (/Users/ryan/.codex/worktrees/6614/chirality/projects/chirality-piping/node_modules/jsdom/lib/jsdom/browser/not-implemented.js:9:17)
    at HTMLCanvasElementImpl.getContext (/Users/ryan/.codex/worktrees/6614/chirality/projects/chirality-piping/node_modules/jsdom/lib/jsdom/living/nodes/HTMLCanvasElement-impl.js:42:5)
    at HTMLCanvasElement.getContext (/Users/ryan/.codex/worktrees/6614/chirality/projects/chirality-piping/node_modules/jsdom/lib/jsdom/living/generated/HTMLCanvasElement.js:131:58)
    at getContext (file:///Users/ryan/.codex/worktrees/6614/chirality/projects/chirality-piping/node_modules/three/build/three.module.js:15443:18)
    at new WebGLRenderer (file:///Users/ryan/.codex/worktrees/6614/chirality/projects/chirality-piping/node_modules/three/build/three.module.js:15476:11)
    at new ViewportResource (/private/tmp/piping-engine-integration-20260925/projects/chirality-piping/apps/desktop/src/features/viewport/viewportResource.ts:509:21)
    at /private/tmp/piping-engine-integration-20260925/projects/chirality-piping/apps/desktop/src/features/viewport/PipeViewport.tsx:909:18
    at Object.react_stack_bottom_frame (/Users/ryan/.codex/worktrees/6614/chirality/projects/chirality-piping/node_modules/react-dom/cjs/react-dom-client.development.js:25989:20)
    at runWithFiberInDEV (/Users/ryan/.codex/worktrees/6614/chirality/projects/chirality-piping/node_modules/react-dom/cjs/react-dom-client.development.js:874:13)
    at commitHookEffectListMount (/Users/ryan/.codex/worktrees/6614/chirality/projects/chirality-piping/node_modules/react-dom/cjs/react-dom-client.development.js:13249:29) undefined
Error: Not implemented: HTMLCanvasElement.prototype.getContext (without installing the canvas npm package)
    at module.exports (/Users/ryan/.codex/worktrees/6614/chirality/projects/chirality-piping/node_modules/jsdom/lib/jsdom/browser/not-implemented.js:9:17)
    at HTMLCanvasElementImpl.getContext (/Users/ryan/.codex/worktrees/6614/chirality/projects/chirality-piping/node_modules/jsdom/lib/jsdom/living/nodes/HTMLCanvasElement-impl.js:42:5)
    at HTMLCanvasElement.getContext (/Users/ryan/.codex/worktrees/6614/chirality/projects/chirality-piping/node_modules/jsdom/lib/jsdom/living/generated/HTMLCanvasElement.js:131:58)
    at getContext (file:///Users/ryan/.codex/worktrees/6614/chirality/projects/chirality-piping/node_modules/three/build/three.module.js:15443:18)
    at new WebGLRenderer (file:///Users/ryan/.codex/worktrees/6614/chirality/projects/chirality-piping/node_modules/three/build/three.module.js:15472:11)
    at new ViewportResource (/private/tmp/piping-engine-integration-20260925/projects/chirality-piping/apps/desktop/src/features/viewport/viewportResource.ts:509:21)
    at /private/tmp/piping-engine-integration-20260925/projects/chirality-piping/apps/desktop/src/features/viewport/PipeViewport.tsx:909:18
    at Object.react_stack_bottom_frame (/Users/ryan/.codex/worktrees/6614/chirality/projects/chirality-piping/node_modules/react-dom/cjs/react-dom-client.development.js:25989:20)
    at runWithFiberInDEV (/Users/ryan/.codex/worktrees/6614/chirality/projects/chirality-piping/node_modules/react-dom/cjs/react-dom-client.development.js:874:13)
    at commitHookEffectListMount (/Users/ryan/.codex/worktrees/6614/chirality/projects/chirality-piping/node_modules/react-dom/cjs/react-dom-client.development.js:13249:29) undefined
Error: Not implemented: HTMLCanvasElement.prototype.getContext (without installing the canvas npm package)
    at module.exports (/Users/ryan/.codex/worktrees/6614/chirality/projects/chirality-piping/node_modules/jsdom/lib/jsdom/browser/not-implemented.js:9:17)
    at HTMLCanvasElementImpl.getContext (/Users/ryan/.codex/worktrees/6614/chirality/projects/chirality-piping/node_modules/jsdom/lib/jsdom/living/nodes/HTMLCanvasElement-impl.js:42:5)
    at HTMLCanvasElement.getContext (/Users/ryan/.codex/worktrees/6614/chirality/projects/chirality-piping/node_modules/jsdom/lib/jsdom/living/generated/HTMLCanvasElement.js:131:58)
    at getContext (file:///Users/ryan/.codex/worktrees/6614/chirality/projects/chirality-piping/node_modules/three/build/three.module.js:15443:18)
    at new WebGLRenderer (file:///Users/ryan/.codex/worktrees/6614/chirality/projects/chirality-piping/node_modules/three/build/three.module.js:15476:11)
    at new ViewportResource (/private/tmp/piping-engine-integration-20260925/projects/chirality-piping/apps/desktop/src/features/viewport/viewportResource.ts:509:21)
    at /private/tmp/piping-engine-integration-20260925/projects/chirality-piping/apps/desktop/src/features/viewport/PipeViewport.tsx:909:18
    at Object.react_stack_bottom_frame (/Users/ryan/.codex/worktrees/6614/chirality/projects/chirality-piping/node_modules/react-dom/cjs/react-dom-client.development.js:25989:20)
    at runWithFiberInDEV (/Users/ryan/.codex/worktrees/6614/chirality/projects/chirality-piping/node_modules/react-dom/cjs/react-dom-client.development.js:874:13)
    at commitHookEffectListMount (/Users/ryan/.codex/worktrees/6614/chirality/projects/chirality-piping/node_modules/react-dom/cjs/react-dom-client.development.js:13249:29) undefined
Error: Not implemented: HTMLCanvasElement.prototype.getContext (without installing the canvas npm package)
    at module.exports (/Users/ryan/.codex/worktrees/6614/chirality/projects/chirality-piping/node_modules/jsdom/lib/jsdom/browser/not-implemented.js:9:17)
    at HTMLCanvasElementImpl.getContext (/Users/ryan/.codex/worktrees/6614/chirality/projects/chirality-piping/node_modules/jsdom/lib/jsdom/living/nodes/HTMLCanvasElement-impl.js:42:5)
    at HTMLCanvasElement.getContext (/Users/ryan/.codex/worktrees/6614/chirality/projects/chirality-piping/node_modules/jsdom/lib/jsdom/living/generated/HTMLCanvasElement.js:131:58)
    at getContext (file:///Users/ryan/.codex/worktrees/6614/chirality/projects/chirality-piping/node_modules/three/build/three.module.js:15443:18)
    at new WebGLRenderer (file:///Users/ryan/.codex/worktrees/6614/chirality/projects/chirality-piping/node_modules/three/build/three.module.js:15472:11)
    at new ViewportResource (/private/tmp/piping-engine-integration-20260925/projects/chirality-piping/apps/desktop/src/features/viewport/viewportResource.ts:509:21)
    at /private/tmp/piping-engine-integration-20260925/projects/chirality-piping/apps/desktop/src/features/viewport/PipeViewport.tsx:909:18
    at Object.react_stack_bottom_frame (/Users/ryan/.codex/worktrees/6614/chirality/projects/chirality-piping/node_modules/react-dom/cjs/react-dom-client.development.js:25989:20)
    at runWithFiberInDEV (/Users/ryan/.codex/worktrees/6614/chirality/projects/chirality-piping/node_modules/react-dom/cjs/react-dom-client.development.js:874:13)
    at commitHookEffectListMount (/Users/ryan/.codex/worktrees/6614/chirality/projects/chirality-piping/node_modules/react-dom/cjs/react-dom-client.development.js:13249:29) undefined
Error: Not implemented: HTMLCanvasElement.prototype.getContext (without installing the canvas npm package)
    at module.exports (/Users/ryan/.codex/worktrees/6614/chirality/projects/chirality-piping/node_modules/jsdom/lib/jsdom/browser/not-implemented.js:9:17)
    at HTMLCanvasElementImpl.getContext (/Users/ryan/.codex/worktrees/6614/chirality/projects/chirality-piping/node_modules/jsdom/lib/jsdom/living/nodes/HTMLCanvasElement-impl.js:42:5)
    at HTMLCanvasElement.getContext (/Users/ryan/.codex/worktrees/6614/chirality/projects/chirality-piping/node_modules/jsdom/lib/jsdom/living/generated/HTMLCanvasElement.js:131:58)
    at getContext (file:///Users/ryan/.codex/worktrees/6614/chirality/projects/chirality-piping/node_modules/three/build/three.module.js:15443:18)
    at new WebGLRenderer (file:///Users/ryan/.codex/worktrees/6614/chirality/projects/chirality-piping/node_modules/three/build/three.module.js:15476:11)
    at new ViewportResource (/private/tmp/piping-engine-integration-20260925/projects/chirality-piping/apps/desktop/src/features/viewport/viewportResource.ts:509:21)
    at /private/tmp/piping-engine-integration-20260925/projects/chirality-piping/apps/desktop/src/features/viewport/PipeViewport.tsx:909:18
    at Object.react_stack_bottom_frame (/Users/ryan/.codex/worktrees/6614/chirality/projects/chirality-piping/node_modules/react-dom/cjs/react-dom-client.development.js:25989:20)
    at runWithFiberInDEV (/Users/ryan/.codex/worktrees/6614/chirality/projects/chirality-piping/node_modules/react-dom/cjs/react-dom-client.development.js:874:13)
    at commitHookEffectListMount (/Users/ryan/.codex/worktrees/6614/chirality/projects/chirality-piping/node_modules/react-dom/cjs/react-dom-client.development.js:13249:29) undefined
Error: Not implemented: HTMLCanvasElement.prototype.getContext (without installing the canvas npm package)
    at module.exports (/Users/ryan/.codex/worktrees/6614/chirality/projects/chirality-piping/node_modules/jsdom/lib/jsdom/browser/not-implemented.js:9:17)
    at HTMLCanvasElementImpl.getContext (/Users/ryan/.codex/worktrees/6614/chirality/projects/chirality-piping/node_modules/jsdom/lib/jsdom/living/nodes/HTMLCanvasElement-impl.js:42:5)
    at HTMLCanvasElement.getContext (/Users/ryan/.codex/worktrees/6614/chirality/projects/chirality-piping/node_modules/jsdom/lib/jsdom/living/generated/HTMLCanvasElement.js:131:58)
    at getContext (file:///Users/ryan/.codex/worktrees/6614/chirality/projects/chirality-piping/node_modules/three/build/three.module.js:15443:18)
    at new WebGLRenderer (file:///Users/ryan/.codex/worktrees/6614/chirality/projects/chirality-piping/node_modules/three/build/three.module.js:15472:11)
    at new ViewportResource (/private/tmp/piping-engine-integration-20260925/projects/chirality-piping/apps/desktop/src/features/viewport/viewportResource.ts:509:21)
    at /private/tmp/piping-engine-integration-20260925/projects/chirality-piping/apps/desktop/src/features/viewport/PipeViewport.tsx:909:18
    at Object.react_stack_bottom_frame (/Users/ryan/.codex/worktrees/6614/chirality/projects/chirality-piping/node_modules/react-dom/cjs/react-dom-client.development.js:25989:20)
    at runWithFiberInDEV (/Users/ryan/.codex/worktrees/6614/chirality/projects/chirality-piping/node_modules/react-dom/cjs/react-dom-client.development.js:874:13)
    at commitHookEffectListMount (/Users/ryan/.codex/worktrees/6614/chirality/projects/chirality-piping/node_modules/react-dom/cjs/react-dom-client.development.js:13249:29) undefined
Error: Not implemented: HTMLCanvasElement.prototype.getContext (without installing the canvas npm package)
    at module.exports (/Users/ryan/.codex/worktrees/6614/chirality/projects/chirality-piping/node_modules/jsdom/lib/jsdom/browser/not-implemented.js:9:17)
    at HTMLCanvasElementImpl.getContext (/Users/ryan/.codex/worktrees/6614/chirality/projects/chirality-piping/node_modules/jsdom/lib/jsdom/living/nodes/HTMLCanvasElement-impl.js:42:5)
    at HTMLCanvasElement.getContext (/Users/ryan/.codex/worktrees/6614/chirality/projects/chirality-piping/node_modules/jsdom/lib/jsdom/living/generated/HTMLCanvasElement.js:131:58)
    at getContext (file:///Users/ryan/.codex/worktrees/6614/chirality/projects/chirality-piping/node_modules/three/build/three.module.js:15443:18)
    at new WebGLRenderer (file:///Users/ryan/.codex/worktrees/6614/chirality/projects/chirality-piping/node_modules/three/build/three.module.js:15476:11)
    at new ViewportResource (/private/tmp/piping-engine-integration-20260925/projects/chirality-piping/apps/desktop/src/features/viewport/viewportResource.ts:509:21)
    at /private/tmp/piping-engine-integration-20260925/projects/chirality-piping/apps/desktop/src/features/viewport/PipeViewport.tsx:909:18
    at Object.react_stack_bottom_frame (/Users/ryan/.codex/worktrees/6614/chirality/projects/chirality-piping/node_modules/react-dom/cjs/react-dom-client.development.js:25989:20)
    at runWithFiberInDEV (/Users/ryan/.codex/worktrees/6614/chirality/projects/chirality-piping/node_modules/react-dom/cjs/react-dom-client.development.js:874:13)
    at commitHookEffectListMount (/Users/ryan/.codex/worktrees/6614/chirality/projects/chirality-piping/node_modules/react-dom/cjs/react-dom-client.development.js:13249:29) undefined
Error: Not implemented: HTMLCanvasElement.prototype.getContext (without installing the canvas npm package)
    at module.exports (/Users/ryan/.codex/worktrees/6614/chirality/projects/chirality-piping/node_modules/jsdom/lib/jsdom/browser/not-implemented.js:9:17)
    at HTMLCanvasElementImpl.getContext (/Users/ryan/.codex/worktrees/6614/chirality/projects/chirality-piping/node_modules/jsdom/lib/jsdom/living/nodes/HTMLCanvasElement-impl.js:42:5)
    at HTMLCanvasElement.getContext (/Users/ryan/.codex/worktrees/6614/chirality/projects/chirality-piping/node_modules/jsdom/lib/jsdom/living/generated/HTMLCanvasElement.js:131:58)
    at getContext (file:///Users/ryan/.codex/worktrees/6614/chirality/projects/chirality-piping/node_modules/three/build/three.module.js:15443:18)
    at new WebGLRenderer (file:///Users/ryan/.codex/worktrees/6614/chirality/projects/chirality-piping/node_modules/three/build/three.module.js:15472:11)
    at new ViewportResource (/private/tmp/piping-engine-integration-20260925/projects/chirality-piping/apps/desktop/src/features/viewport/viewportResource.ts:509:21)
    at /private/tmp/piping-engine-integration-20260925/projects/chirality-piping/apps/desktop/src/features/viewport/PipeViewport.tsx:909:18
    at Object.react_stack_bottom_frame (/Users/ryan/.codex/worktrees/6614/chirality/projects/chirality-piping/node_modules/react-dom/cjs/react-dom-client.development.js:25989:20)
    at runWithFiberInDEV (/Users/ryan/.codex/worktrees/6614/chirality/projects/chirality-piping/node_modules/react-dom/cjs/react-dom-client.development.js:874:13)
    at commitHookEffectListMount (/Users/ryan/.codex/worktrees/6614/chirality/projects/chirality-piping/node_modules/react-dom/cjs/react-dom-client.development.js:13249:29) undefined
Error: Not implemented: HTMLCanvasElement.prototype.getContext (without installing the canvas npm package)
    at module.exports (/Users/ryan/.codex/worktrees/6614/chirality/projects/chirality-piping/node_modules/jsdom/lib/jsdom/browser/not-implemented.js:9:17)
    at HTMLCanvasElementImpl.getContext (/Users/ryan/.codex/worktrees/6614/chirality/projects/chirality-piping/node_modules/jsdom/lib/jsdom/living/nodes/HTMLCanvasElement-impl.js:42:5)
    at HTMLCanvasElement.getContext (/Users/ryan/.codex/worktrees/6614/chirality/projects/chirality-piping/node_modules/jsdom/lib/jsdom/living/generated/HTMLCanvasElement.js:131:58)
    at getContext (file:///Users/ryan/.codex/worktrees/6614/chirality/projects/chirality-piping/node_modules/three/build/three.module.js:15443:18)
    at new WebGLRenderer (file:///Users/ryan/.codex/worktrees/6614/chirality/projects/chirality-piping/node_modules/three/build/three.module.js:15476:11)
    at new ViewportResource (/private/tmp/piping-engine-integration-20260925/projects/chirality-piping/apps/desktop/src/features/viewport/viewportResource.ts:509:21)
    at /private/tmp/piping-engine-integration-20260925/projects/chirality-piping/apps/desktop/src/features/viewport/PipeViewport.tsx:909:18
    at Object.react_stack_bottom_frame (/Users/ryan/.codex/worktrees/6614/chirality/projects/chirality-piping/node_modules/react-dom/cjs/react-dom-client.development.js:25989:20)
    at runWithFiberInDEV (/Users/ryan/.codex/worktrees/6614/chirality/projects/chirality-piping/node_modules/react-dom/cjs/react-dom-client.development.js:874:13)
    at commitHookEffectListMount (/Users/ryan/.codex/worktrees/6614/chirality/projects/chirality-piping/node_modules/react-dom/cjs/react-dom-client.development.js:13249:29) undefined
Error: Not implemented: HTMLCanvasElement.prototype.getContext (without installing the canvas npm package)
    at module.exports (/Users/ryan/.codex/worktrees/6614/chirality/projects/chirality-piping/node_modules/jsdom/lib/jsdom/browser/not-implemented.js:9:17)
    at HTMLCanvasElementImpl.getContext (/Users/ryan/.codex/worktrees/6614/chirality/projects/chirality-piping/node_modules/jsdom/lib/jsdom/living/nodes/HTMLCanvasElement-impl.js:42:5)
    at HTMLCanvasElement.getContext (/Users/ryan/.codex/worktrees/6614/chirality/projects/chirality-piping/node_modules/jsdom/lib/jsdom/living/generated/HTMLCanvasElement.js:131:58)
    at getContext (file:///Users/ryan/.codex/worktrees/6614/chirality/projects/chirality-piping/node_modules/three/build/three.module.js:15443:18)
    at new WebGLRenderer (file:///Users/ryan/.codex/worktrees/6614/chirality/projects/chirality-piping/node_modules/three/build/three.module.js:15472:11)
    at new ViewportResource (/private/tmp/piping-engine-integration-20260925/projects/chirality-piping/apps/desktop/src/features/viewport/viewportResource.ts:509:21)
    at /private/tmp/piping-engine-integration-20260925/projects/chirality-piping/apps/desktop/src/features/viewport/PipeViewport.tsx:909:18
    at Object.react_stack_bottom_frame (/Users/ryan/.codex/worktrees/6614/chirality/projects/chirality-piping/node_modules/react-dom/cjs/react-dom-client.development.js:25989:20)
    at runWithFiberInDEV (/Users/ryan/.codex/worktrees/6614/chirality/projects/chirality-piping/node_modules/react-dom/cjs/react-dom-client.development.js:874:13)
    at commitHookEffectListMount (/Users/ryan/.codex/worktrees/6614/chirality/projects/chirality-piping/node_modules/react-dom/cjs/react-dom-client.development.js:13249:29) undefined
Error: Not implemented: HTMLCanvasElement.prototype.getContext (without installing the canvas npm package)
    at module.exports (/Users/ryan/.codex/worktrees/6614/chirality/projects/chirality-piping/node_modules/jsdom/lib/jsdom/browser/not-implemented.js:9:17)
    at HTMLCanvasElementImpl.getContext (/Users/ryan/.codex/worktrees/6614/chirality/projects/chirality-piping/node_modules/jsdom/lib/jsdom/living/nodes/HTMLCanvasElement-impl.js:42:5)
    at HTMLCanvasElement.getContext (/Users/ryan/.codex/worktrees/6614/chirality/projects/chirality-piping/node_modules/jsdom/lib/jsdom/living/generated/HTMLCanvasElement.js:131:58)
    at getContext (file:///Users/ryan/.codex/worktrees/6614/chirality/projects/chirality-piping/node_modules/three/build/three.module.js:15443:18)
    at new WebGLRenderer (file:///Users/ryan/.codex/worktrees/6614/chirality/projects/chirality-piping/node_modules/three/build/three.module.js:15476:11)
    at new ViewportResource (/private/tmp/piping-engine-integration-20260925/projects/chirality-piping/apps/desktop/src/features/viewport/viewportResource.ts:509:21)
    at /private/tmp/piping-engine-integration-20260925/projects/chirality-piping/apps/desktop/src/features/viewport/PipeViewport.tsx:909:18
    at Object.react_stack_bottom_frame (/Users/ryan/.codex/worktrees/6614/chirality/projects/chirality-piping/node_modules/react-dom/cjs/react-dom-client.development.js:25989:20)
    at runWithFiberInDEV (/Users/ryan/.codex/worktrees/6614/chirality/projects/chirality-piping/node_modules/react-dom/cjs/react-dom-client.development.js:874:13)
    at commitHookEffectListMount (/Users/ryan/.codex/worktrees/6614/chirality/projects/chirality-piping/node_modules/react-dom/cjs/react-dom-client.development.js:13249:29) undefined
Error: Not implemented: HTMLCanvasElement.prototype.getContext (without installing the canvas npm package)
    at module.exports (/Users/ryan/.codex/worktrees/6614/chirality/projects/chirality-piping/node_modules/jsdom/lib/jsdom/browser/not-implemented.js:9:17)
    at HTMLCanvasElementImpl.getContext (/Users/ryan/.codex/worktrees/6614/chirality/projects/chirality-piping/node_modules/jsdom/lib/jsdom/living/nodes/HTMLCanvasElement-impl.js:42:5)
    at HTMLCanvasElement.getContext (/Users/ryan/.codex/worktrees/6614/chirality/projects/chirality-piping/node_modules/jsdom/lib/jsdom/living/generated/HTMLCanvasElement.js:131:58)
    at getContext (file:///Users/ryan/.codex/worktrees/6614/chirality/projects/chirality-piping/node_modules/three/build/three.module.js:15443:18)
    at new WebGLRenderer (file:///Users/ryan/.codex/worktrees/6614/chirality/projects/chirality-piping/node_modules/three/build/three.module.js:15472:11)
    at new ViewportResource (/private/tmp/piping-engine-integration-20260925/projects/chirality-piping/apps/desktop/src/features/viewport/viewportResource.ts:509:21)
    at /private/tmp/piping-engine-integration-20260925/projects/chirality-piping/apps/desktop/src/features/viewport/PipeViewport.tsx:909:18
    at Object.react_stack_bottom_frame (/Users/ryan/.codex/worktrees/6614/chirality/projects/chirality-piping/node_modules/react-dom/cjs/react-dom-client.development.js:25989:20)
    at runWithFiberInDEV (/Users/ryan/.codex/worktrees/6614/chirality/projects/chirality-piping/node_modules/react-dom/cjs/react-dom-client.development.js:874:13)
    at commitHookEffectListMount (/Users/ryan/.codex/worktrees/6614/chirality/projects/chirality-piping/node_modules/react-dom/cjs/react-dom-client.development.js:13249:29) undefined
Error: Not implemented: HTMLCanvasElement.prototype.getContext (without installing the canvas npm package)
    at module.exports (/Users/ryan/.codex/worktrees/6614/chirality/projects/chirality-piping/node_modules/jsdom/lib/jsdom/browser/not-implemented.js:9:17)
    at HTMLCanvasElementImpl.getContext (/Users/ryan/.codex/worktrees/6614/chirality/projects/chirality-piping/node_modules/jsdom/lib/jsdom/living/nodes/HTMLCanvasElement-impl.js:42:5)
    at HTMLCanvasElement.getContext (/Users/ryan/.codex/worktrees/6614/chirality/projects/chirality-piping/node_modules/jsdom/lib/jsdom/living/generated/HTMLCanvasElement.js:131:58)
    at getContext (file:///Users/ryan/.codex/worktrees/6614/chirality/projects/chirality-piping/node_modules/three/build/three.module.js:15443:18)
    at new WebGLRenderer (file:///Users/ryan/.codex/worktrees/6614/chirality/projects/chirality-piping/node_modules/three/build/three.module.js:15476:11)
    at new ViewportResource (/private/tmp/piping-engine-integration-20260925/projects/chirality-piping/apps/desktop/src/features/viewport/viewportResource.ts:509:21)
    at /private/tmp/piping-engine-integration-20260925/projects/chirality-piping/apps/desktop/src/features/viewport/PipeViewport.tsx:909:18
    at Object.react_stack_bottom_frame (/Users/ryan/.codex/worktrees/6614/chirality/projects/chirality-piping/node_modules/react-dom/cjs/react-dom-client.development.js:25989:20)
    at runWithFiberInDEV (/Users/ryan/.codex/worktrees/6614/chirality/projects/chirality-piping/node_modules/react-dom/cjs/react-dom-client.development.js:874:13)
    at commitHookEffectListMount (/Users/ryan/.codex/worktrees/6614/chirality/projects/chirality-piping/node_modules/react-dom/cjs/react-dom-client.development.js:13249:29) undefined
Error: Not implemented: HTMLCanvasElement.prototype.getContext (without installing the canvas npm package)
    at module.exports (/Users/ryan/.codex/worktrees/6614/chirality/projects/chirality-piping/node_modules/jsdom/lib/jsdom/browser/not-implemented.js:9:17)
    at HTMLCanvasElementImpl.getContext (/Users/ryan/.codex/worktrees/6614/chirality/projects/chirality-piping/node_modules/jsdom/lib/jsdom/living/nodes/HTMLCanvasElement-impl.js:42:5)
    at HTMLCanvasElement.getContext (/Users/ryan/.codex/worktrees/6614/chirality/projects/chirality-piping/node_modules/jsdom/lib/jsdom/living/generated/HTMLCanvasElement.js:131:58)
    at getContext (file:///Users/ryan/.codex/worktrees/6614/chirality/projects/chirality-piping/node_modules/three/build/three.module.js:15443:18)
    at new WebGLRenderer (file:///Users/ryan/.codex/worktrees/6614/chirality/projects/chirality-piping/node_modules/three/build/three.module.js:15472:11)
    at new ViewportResource (/private/tmp/piping-engine-integration-20260925/projects/chirality-piping/apps/desktop/src/features/viewport/viewportResource.ts:509:21)
    at /private/tmp/piping-engine-integration-20260925/projects/chirality-piping/apps/desktop/src/features/viewport/PipeViewport.tsx:909:18
    at Object.react_stack_bottom_frame (/Users/ryan/.codex/worktrees/6614/chirality/projects/chirality-piping/node_modules/react-dom/cjs/react-dom-client.development.js:25989:20)
    at runWithFiberInDEV (/Users/ryan/.codex/worktrees/6614/chirality/projects/chirality-piping/node_modules/react-dom/cjs/react-dom-client.development.js:874:13)
    at commitHookEffectListMount (/Users/ryan/.codex/worktrees/6614/chirality/projects/chirality-piping/node_modules/react-dom/cjs/react-dom-client.development.js:13249:29) undefined
Error: Not implemented: HTMLCanvasElement.prototype.getContext (without installing the canvas npm package)
    at module.exports (/Users/ryan/.codex/worktrees/6614/chirality/projects/chirality-piping/node_modules/jsdom/lib/jsdom/browser/not-implemented.js:9:17)
    at HTMLCanvasElementImpl.getContext (/Users/ryan/.codex/worktrees/6614/chirality/projects/chirality-piping/node_modules/jsdom/lib/jsdom/living/nodes/HTMLCanvasElement-impl.js:42:5)
    at HTMLCanvasElement.getContext (/Users/ryan/.codex/worktrees/6614/chirality/projects/chirality-piping/node_modules/jsdom/lib/jsdom/living/generated/HTMLCanvasElement.js:131:58)
    at getContext (file:///Users/ryan/.codex/worktrees/6614/chirality/projects/chirality-piping/node_modules/three/build/three.module.js:15443:18)
    at new WebGLRenderer (file:///Users/ryan/.codex/worktrees/6614/chirality/projects/chirality-piping/node_modules/three/build/three.module.js:15476:11)
    at new ViewportResource (/private/tmp/piping-engine-integration-20260925/projects/chirality-piping/apps/desktop/src/features/viewport/viewportResource.ts:509:21)
    at /private/tmp/piping-engine-integration-20260925/projects/chirality-piping/apps/desktop/src/features/viewport/PipeViewport.tsx:909:18
    at Object.react_stack_bottom_frame (/Users/ryan/.codex/worktrees/6614/chirality/projects/chirality-piping/node_modules/react-dom/cjs/react-dom-client.development.js:25989:20)
    at runWithFiberInDEV (/Users/ryan/.codex/worktrees/6614/chirality/projects/chirality-piping/node_modules/react-dom/cjs/react-dom-client.development.js:874:13)
    at commitHookEffectListMount (/Users/ryan/.codex/worktrees/6614/chirality/projects/chirality-piping/node_modules/react-dom/cjs/react-dom-client.development.js:13249:29) undefined
Error: Not implemented: HTMLCanvasElement.prototype.getContext (without installing the canvas npm package)
    at module.exports (/Users/ryan/.codex/worktrees/6614/chirality/projects/chirality-piping/node_modules/jsdom/lib/jsdom/browser/not-implemented.js:9:17)
    at HTMLCanvasElementImpl.getContext (/Users/ryan/.codex/worktrees/6614/chirality/projects/chirality-piping/node_modules/jsdom/lib/jsdom/living/nodes/HTMLCanvasElement-impl.js:42:5)
    at HTMLCanvasElement.getContext (/Users/ryan/.codex/worktrees/6614/chirality/projects/chirality-piping/node_modules/jsdom/lib/jsdom/living/generated/HTMLCanvasElement.js:131:58)
    at getContext (file:///Users/ryan/.codex/worktrees/6614/chirality/projects/chirality-piping/node_modules/three/build/three.module.js:15443:18)
    at new WebGLRenderer (file:///Users/ryan/.codex/worktrees/6614/chirality/projects/chirality-piping/node_modules/three/build/three.module.js:15472:11)
    at new ViewportResource (/private/tmp/piping-engine-integration-20260925/projects/chirality-piping/apps/desktop/src/features/viewport/viewportResource.ts:509:21)
    at /private/tmp/piping-engine-integration-20260925/projects/chirality-piping/apps/desktop/src/features/viewport/PipeViewport.tsx:909:18
    at Object.react_stack_bottom_frame (/Users/ryan/.codex/worktrees/6614/chirality/projects/chirality-piping/node_modules/react-dom/cjs/react-dom-client.development.js:25989:20)
    at runWithFiberInDEV (/Users/ryan/.codex/worktrees/6614/chirality/projects/chirality-piping/node_modules/react-dom/cjs/react-dom-client.development.js:874:13)
    at commitHookEffectListMount (/Users/ryan/.codex/worktrees/6614/chirality/projects/chirality-piping/node_modules/react-dom/cjs/react-dom-client.development.js:13249:29) undefined
Error: Not implemented: HTMLCanvasElement.prototype.getContext (without installing the canvas npm package)
    at module.exports (/Users/ryan/.codex/worktrees/6614/chirality/projects/chirality-piping/node_modules/jsdom/lib/jsdom/browser/not-implemented.js:9:17)
    at HTMLCanvasElementImpl.getContext (/Users/ryan/.codex/worktrees/6614/chirality/projects/chirality-piping/node_modules/jsdom/lib/jsdom/living/nodes/HTMLCanvasElement-impl.js:42:5)
    at HTMLCanvasElement.getContext (/Users/ryan/.codex/worktrees/6614/chirality/projects/chirality-piping/node_modules/jsdom/lib/jsdom/living/generated/HTMLCanvasElement.js:131:58)
    at getContext (file:///Users/ryan/.codex/worktrees/6614/chirality/projects/chirality-piping/node_modules/three/build/three.module.js:15443:18)
    at new WebGLRenderer (file:///Users/ryan/.codex/worktrees/6614/chirality/projects/chirality-piping/node_modules/three/build/three.module.js:15476:11)
    at new ViewportResource (/private/tmp/piping-engine-integration-20260925/projects/chirality-piping/apps/desktop/src/features/viewport/viewportResource.ts:509:21)
    at /private/tmp/piping-engine-integration-20260925/projects/chirality-piping/apps/desktop/src/features/viewport/PipeViewport.tsx:909:18
    at Object.react_stack_bottom_frame (/Users/ryan/.codex/worktrees/6614/chirality/projects/chirality-piping/node_modules/react-dom/cjs/react-dom-client.development.js:25989:20)
    at runWithFiberInDEV (/Users/ryan/.codex/worktrees/6614/chirality/projects/chirality-piping/node_modules/react-dom/cjs/react-dom-client.development.js:874:13)
    at commitHookEffectListMount (/Users/ryan/.codex/worktrees/6614/chirality/projects/chirality-piping/node_modules/react-dom/cjs/react-dom-client.development.js:13249:29) undefined
Error: Not implemented: HTMLCanvasElement.prototype.getContext (without installing the canvas npm package)
    at module.exports (/Users/ryan/.codex/worktrees/6614/chirality/projects/chirality-piping/node_modules/jsdom/lib/jsdom/browser/not-implemented.js:9:17)
    at HTMLCanvasElementImpl.getContext (/Users/ryan/.codex/worktrees/6614/chirality/projects/chirality-piping/node_modules/jsdom/lib/jsdom/living/nodes/HTMLCanvasElement-impl.js:42:5)
    at HTMLCanvasElement.getContext (/Users/ryan/.codex/worktrees/6614/chirality/projects/chirality-piping/node_modules/jsdom/lib/jsdom/living/generated/HTMLCanvasElement.js:131:58)
    at getContext (file:///Users/ryan/.codex/worktrees/6614/chirality/projects/chirality-piping/node_modules/three/build/three.module.js:15443:18)
    at new WebGLRenderer (file:///Users/ryan/.codex/worktrees/6614/chirality/projects/chirality-piping/node_modules/three/build/three.module.js:15472:11)
    at new ViewportResource (/private/tmp/piping-engine-integration-20260925/projects/chirality-piping/apps/desktop/src/features/viewport/viewportResource.ts:509:21)
    at /private/tmp/piping-engine-integration-20260925/projects/chirality-piping/apps/desktop/src/features/viewport/PipeViewport.tsx:909:18
    at Object.react_stack_bottom_frame (/Users/ryan/.codex/worktrees/6614/chirality/projects/chirality-piping/node_modules/react-dom/cjs/react-dom-client.development.js:25989:20)
    at runWithFiberInDEV (/Users/ryan/.codex/worktrees/6614/chirality/projects/chirality-piping/node_modules/react-dom/cjs/react-dom-client.development.js:874:13)
    at commitHookEffectListMount (/Users/ryan/.codex/worktrees/6614/chirality/projects/chirality-piping/node_modules/react-dom/cjs/react-dom-client.development.js:13249:29) undefined
Error: Not implemented: HTMLCanvasElement.prototype.getContext (without installing the canvas npm package)
    at module.exports (/Users/ryan/.codex/worktrees/6614/chirality/projects/chirality-piping/node_modules/jsdom/lib/jsdom/browser/not-implemented.js:9:17)
    at HTMLCanvasElementImpl.getContext (/Users/ryan/.codex/worktrees/6614/chirality/projects/chirality-piping/node_modules/jsdom/lib/jsdom/living/nodes/HTMLCanvasElement-impl.js:42:5)
    at HTMLCanvasElement.getContext (/Users/ryan/.codex/worktrees/6614/chirality/projects/chirality-piping/node_modules/jsdom/lib/jsdom/living/generated/HTMLCanvasElement.js:131:58)
    at getContext (file:///Users/ryan/.codex/worktrees/6614/chirality/projects/chirality-piping/node_modules/three/build/three.module.js:15443:18)
    at new WebGLRenderer (file:///Users/ryan/.codex/worktrees/6614/chirality/projects/chirality-piping/node_modules/three/build/three.module.js:15476:11)
    at new ViewportResource (/private/tmp/piping-engine-integration-20260925/projects/chirality-piping/apps/desktop/src/features/viewport/viewportResource.ts:509:21)
    at /private/tmp/piping-engine-integration-20260925/projects/chirality-piping/apps/desktop/src/features/viewport/PipeViewport.tsx:909:18
    at Object.react_stack_bottom_frame (/Users/ryan/.codex/worktrees/6614/chirality/projects/chirality-piping/node_modules/react-dom/cjs/react-dom-client.development.js:25989:20)
    at runWithFiberInDEV (/Users/ryan/.codex/worktrees/6614/chirality/projects/chirality-piping/node_modules/react-dom/cjs/react-dom-client.development.js:874:13)
    at commitHookEffectListMount (/Users/ryan/.codex/worktrees/6614/chirality/projects/chirality-piping/node_modules/react-dom/cjs/react-dom-client.development.js:13249:29) undefined
Error: Not implemented: HTMLCanvasElement.prototype.getContext (without installing the canvas npm package)
    at module.exports (/Users/ryan/.codex/worktrees/6614/chirality/projects/chirality-piping/node_modules/jsdom/lib/jsdom/browser/not-implemented.js:9:17)
    at HTMLCanvasElementImpl.getContext (/Users/ryan/.codex/worktrees/6614/chirality/projects/chirality-piping/node_modules/jsdom/lib/jsdom/living/nodes/HTMLCanvasElement-impl.js:42:5)
    at HTMLCanvasElement.getContext (/Users/ryan/.codex/worktrees/6614/chirality/projects/chirality-piping/node_modules/jsdom/lib/jsdom/living/generated/HTMLCanvasElement.js:131:58)
    at getContext (file:///Users/ryan/.codex/worktrees/6614/chirality/projects/chirality-piping/node_modules/three/build/three.module.js:15443:18)
    at new WebGLRenderer (file:///Users/ryan/.codex/worktrees/6614/chirality/projects/chirality-piping/node_modules/three/build/three.module.js:15472:11)
    at new ViewportResource (/private/tmp/piping-engine-integration-20260925/projects/chirality-piping/apps/desktop/src/features/viewport/viewportResource.ts:509:21)
    at /private/tmp/piping-engine-integration-20260925/projects/chirality-piping/apps/desktop/src/features/viewport/PipeViewport.tsx:909:18
    at Object.react_stack_bottom_frame (/Users/ryan/.codex/worktrees/6614/chirality/projects/chirality-piping/node_modules/react-dom/cjs/react-dom-client.development.js:25989:20)
    at runWithFiberInDEV (/Users/ryan/.codex/worktrees/6614/chirality/projects/chirality-piping/node_modules/react-dom/cjs/react-dom-client.development.js:874:13)
    at commitHookEffectListMount (/Users/ryan/.codex/worktrees/6614/chirality/projects/chirality-piping/node_modules/react-dom/cjs/react-dom-client.development.js:13249:29) undefined
Error: Not implemented: HTMLCanvasElement.prototype.getContext (without installing the canvas npm package)
    at module.exports (/Users/ryan/.codex/worktrees/6614/chirality/projects/chirality-piping/node_modules/jsdom/lib/jsdom/browser/not-implemented.js:9:17)
    at HTMLCanvasElementImpl.getContext (/Users/ryan/.codex/worktrees/6614/chirality/projects/chirality-piping/node_modules/jsdom/lib/jsdom/living/nodes/HTMLCanvasElement-impl.js:42:5)
    at HTMLCanvasElement.getContext (/Users/ryan/.codex/worktrees/6614/chirality/projects/chirality-piping/node_modules/jsdom/lib/jsdom/living/generated/HTMLCanvasElement.js:131:58)
    at getContext (file:///Users/ryan/.codex/worktrees/6614/chirality/projects/chirality-piping/node_modules/three/build/three.module.js:15443:18)
    at new WebGLRenderer (file:///Users/ryan/.codex/worktrees/6614/chirality/projects/chirality-piping/node_modules/three/build/three.module.js:15476:11)
    at new ViewportResource (/private/tmp/piping-engine-integration-20260925/projects/chirality-piping/apps/desktop/src/features/viewport/viewportResource.ts:509:21)
    at /private/tmp/piping-engine-integration-20260925/projects/chirality-piping/apps/desktop/src/features/viewport/PipeViewport.tsx:909:18
    at Object.react_stack_bottom_frame (/Users/ryan/.codex/worktrees/6614/chirality/projects/chirality-piping/node_modules/react-dom/cjs/react-dom-client.development.js:25989:20)
    at runWithFiberInDEV (/Users/ryan/.codex/worktrees/6614/chirality/projects/chirality-piping/node_modules/react-dom/cjs/react-dom-client.development.js:874:13)
    at commitHookEffectListMount (/Users/ryan/.codex/worktrees/6614/chirality/projects/chirality-piping/node_modules/react-dom/cjs/react-dom-client.development.js:13249:29) undefined
Error: Not implemented: HTMLCanvasElement.prototype.getContext (without installing the canvas npm package)
    at module.exports (/Users/ryan/.codex/worktrees/6614/chirality/projects/chirality-piping/node_modules/jsdom/lib/jsdom/browser/not-implemented.js:9:17)
    at HTMLCanvasElementImpl.getContext (/Users/ryan/.codex/worktrees/6614/chirality/projects/chirality-piping/node_modules/jsdom/lib/jsdom/living/nodes/HTMLCanvasElement-impl.js:42:5)
    at HTMLCanvasElement.getContext (/Users/ryan/.codex/worktrees/6614/chirality/projects/chirality-piping/node_modules/jsdom/lib/jsdom/living/generated/HTMLCanvasElement.js:131:58)
    at getContext (file:///Users/ryan/.codex/worktrees/6614/chirality/projects/chirality-piping/node_modules/three/build/three.module.js:15443:18)
    at new WebGLRenderer (file:///Users/ryan/.codex/worktrees/6614/chirality/projects/chirality-piping/node_modules/three/build/three.module.js:15472:11)
    at new ViewportResource (/private/tmp/piping-engine-integration-20260925/projects/chirality-piping/apps/desktop/src/features/viewport/viewportResource.ts:509:21)
    at /private/tmp/piping-engine-integration-20260925/projects/chirality-piping/apps/desktop/src/features/viewport/PipeViewport.tsx:909:18
    at Object.react_stack_bottom_frame (/Users/ryan/.codex/worktrees/6614/chirality/projects/chirality-piping/node_modules/react-dom/cjs/react-dom-client.development.js:25989:20)
    at runWithFiberInDEV (/Users/ryan/.codex/worktrees/6614/chirality/projects/chirality-piping/node_modules/react-dom/cjs/react-dom-client.development.js:874:13)
    at commitHookEffectListMount (/Users/ryan/.codex/worktrees/6614/chirality/projects/chirality-piping/node_modules/react-dom/cjs/react-dom-client.development.js:13249:29) undefined
Error: Not implemented: HTMLCanvasElement.prototype.getContext (without installing the canvas npm package)
    at module.exports (/Users/ryan/.codex/worktrees/6614/chirality/projects/chirality-piping/node_modules/jsdom/lib/jsdom/browser/not-implemented.js:9:17)
    at HTMLCanvasElementImpl.getContext (/Users/ryan/.codex/worktrees/6614/chirality/projects/chirality-piping/node_modules/jsdom/lib/jsdom/living/nodes/HTMLCanvasElement-impl.js:42:5)
    at HTMLCanvasElement.getContext (/Users/ryan/.codex/worktrees/6614/chirality/projects/chirality-piping/node_modules/jsdom/lib/jsdom/living/generated/HTMLCanvasElement.js:131:58)
    at getContext (file:///Users/ryan/.codex/worktrees/6614/chirality/projects/chirality-piping/node_modules/three/build/three.module.js:15443:18)
    at new WebGLRenderer (file:///Users/ryan/.codex/worktrees/6614/chirality/projects/chirality-piping/node_modules/three/build/three.module.js:15476:11)
    at new ViewportResource (/private/tmp/piping-engine-integration-20260925/projects/chirality-piping/apps/desktop/src/features/viewport/viewportResource.ts:509:21)
    at /private/tmp/piping-engine-integration-20260925/projects/chirality-piping/apps/desktop/src/features/viewport/PipeViewport.tsx:909:18
    at Object.react_stack_bottom_frame (/Users/ryan/.codex/worktrees/6614/chirality/projects/chirality-piping/node_modules/react-dom/cjs/react-dom-client.development.js:25989:20)
    at runWithFiberInDEV (/Users/ryan/.codex/worktrees/6614/chirality/projects/chirality-piping/node_modules/react-dom/cjs/react-dom-client.development.js:874:13)
    at commitHookEffectListMount (/Users/ryan/.codex/worktrees/6614/chirality/projects/chirality-piping/node_modules/react-dom/cjs/react-dom-client.development.js:13249:29) undefined
Error: Not implemented: HTMLCanvasElement.prototype.getContext (without installing the canvas npm package)
    at module.exports (/Users/ryan/.codex/worktrees/6614/chirality/projects/chirality-piping/node_modules/jsdom/lib/jsdom/browser/not-implemented.js:9:17)
    at HTMLCanvasElementImpl.getContext (/Users/ryan/.codex/worktrees/6614/chirality/projects/chirality-piping/node_modules/jsdom/lib/jsdom/living/nodes/HTMLCanvasElement-impl.js:42:5)
    at HTMLCanvasElement.getContext (/Users/ryan/.codex/worktrees/6614/chirality/projects/chirality-piping/node_modules/jsdom/lib/jsdom/living/generated/HTMLCanvasElement.js:131:58)
    at getContext (file:///Users/ryan/.codex/worktrees/6614/chirality/projects/chirality-piping/node_modules/three/build/three.module.js:15443:18)
    at new WebGLRenderer (file:///Users/ryan/.codex/worktrees/6614/chirality/projects/chirality-piping/node_modules/three/build/three.module.js:15472:11)
    at new ViewportResource (/private/tmp/piping-engine-integration-20260925/projects/chirality-piping/apps/desktop/src/features/viewport/viewportResource.ts:509:21)
    at /private/tmp/piping-engine-integration-20260925/projects/chirality-piping/apps/desktop/src/features/viewport/PipeViewport.tsx:909:18
    at Object.react_stack_bottom_frame (/Users/ryan/.codex/worktrees/6614/chirality/projects/chirality-piping/node_modules/react-dom/cjs/react-dom-client.development.js:25989:20)
    at runWithFiberInDEV (/Users/ryan/.codex/worktrees/6614/chirality/projects/chirality-piping/node_modules/react-dom/cjs/react-dom-client.development.js:874:13)
    at commitHookEffectListMount (/Users/ryan/.codex/worktrees/6614/chirality/projects/chirality-piping/node_modules/react-dom/cjs/react-dom-client.development.js:13249:29) undefined
Error: Not implemented: HTMLCanvasElement.prototype.getContext (without installing the canvas npm package)
    at module.exports (/Users/ryan/.codex/worktrees/6614/chirality/projects/chirality-piping/node_modules/jsdom/lib/jsdom/browser/not-implemented.js:9:17)
    at HTMLCanvasElementImpl.getContext (/Users/ryan/.codex/worktrees/6614/chirality/projects/chirality-piping/node_modules/jsdom/lib/jsdom/living/nodes/HTMLCanvasElement-impl.js:42:5)
    at HTMLCanvasElement.getContext (/Users/ryan/.codex/worktrees/6614/chirality/projects/chirality-piping/node_modules/jsdom/lib/jsdom/living/generated/HTMLCanvasElement.js:131:58)
    at getContext (file:///Users/ryan/.codex/worktrees/6614/chirality/projects/chirality-piping/node_modules/three/build/three.module.js:15443:18)
    at new WebGLRenderer (file:///Users/ryan/.codex/worktrees/6614/chirality/projects/chirality-piping/node_modules/three/build/three.module.js:15476:11)
    at new ViewportResource (/private/tmp/piping-engine-integration-20260925/projects/chirality-piping/apps/desktop/src/features/viewport/viewportResource.ts:509:21)
    at /private/tmp/piping-engine-integration-20260925/projects/chirality-piping/apps/desktop/src/features/viewport/PipeViewport.tsx:909:18
    at Object.react_stack_bottom_frame (/Users/ryan/.codex/worktrees/6614/chirality/projects/chirality-piping/node_modules/react-dom/cjs/react-dom-client.development.js:25989:20)
    at runWithFiberInDEV (/Users/ryan/.codex/worktrees/6614/chirality/projects/chirality-piping/node_modules/react-dom/cjs/react-dom-client.development.js:874:13)
    at commitHookEffectListMount (/Users/ryan/.codex/worktrees/6614/chirality/projects/chirality-piping/node_modules/react-dom/cjs/react-dom-client.development.js:13249:29) undefined
Error: Not implemented: HTMLCanvasElement.prototype.getContext (without installing the canvas npm package)
    at module.exports (/Users/ryan/.codex/worktrees/6614/chirality/projects/chirality-piping/node_modules/jsdom/lib/jsdom/browser/not-implemented.js:9:17)
    at HTMLCanvasElementImpl.getContext (/Users/ryan/.codex/worktrees/6614/chirality/projects/chirality-piping/node_modules/jsdom/lib/jsdom/living/nodes/HTMLCanvasElement-impl.js:42:5)
    at HTMLCanvasElement.getContext (/Users/ryan/.codex/worktrees/6614/chirality/projects/chirality-piping/node_modules/jsdom/lib/jsdom/living/generated/HTMLCanvasElement.js:131:58)
    at getContext (file:///Users/ryan/.codex/worktrees/6614/chirality/projects/chirality-piping/node_modules/three/build/three.module.js:15443:18)
    at new WebGLRenderer (file:///Users/ryan/.codex/worktrees/6614/chirality/projects/chirality-piping/node_modules/three/build/three.module.js:15472:11)
    at new ViewportResource (/private/tmp/piping-engine-integration-20260925/projects/chirality-piping/apps/desktop/src/features/viewport/viewportResource.ts:509:21)
    at /private/tmp/piping-engine-integration-20260925/projects/chirality-piping/apps/desktop/src/features/viewport/PipeViewport.tsx:909:18
    at Object.react_stack_bottom_frame (/Users/ryan/.codex/worktrees/6614/chirality/projects/chirality-piping/node_modules/react-dom/cjs/react-dom-client.development.js:25989:20)
    at runWithFiberInDEV (/Users/ryan/.codex/worktrees/6614/chirality/projects/chirality-piping/node_modules/react-dom/cjs/react-dom-client.development.js:874:13)
    at commitHookEffectListMount (/Users/ryan/.codex/worktrees/6614/chirality/projects/chirality-piping/node_modules/react-dom/cjs/react-dom-client.development.js:13249:29) undefined
Error: Not implemented: HTMLCanvasElement.prototype.getContext (without installing the canvas npm package)
    at module.exports (/Users/ryan/.codex/worktrees/6614/chirality/projects/chirality-piping/node_modules/jsdom/lib/jsdom/browser/not-implemented.js:9:17)
    at HTMLCanvasElementImpl.getContext (/Users/ryan/.codex/worktrees/6614/chirality/projects/chirality-piping/node_modules/jsdom/lib/jsdom/living/nodes/HTMLCanvasElement-impl.js:42:5)
    at HTMLCanvasElement.getContext (/Users/ryan/.codex/worktrees/6614/chirality/projects/chirality-piping/node_modules/jsdom/lib/jsdom/living/generated/HTMLCanvasElement.js:131:58)
    at getContext (file:///Users/ryan/.codex/worktrees/6614/chirality/projects/chirality-piping/node_modules/three/build/three.module.js:15443:18)
    at new WebGLRenderer (file:///Users/ryan/.codex/worktrees/6614/chirality/projects/chirality-piping/node_modules/three/build/three.module.js:15476:11)
    at new ViewportResource (/private/tmp/piping-engine-integration-20260925/projects/chirality-piping/apps/desktop/src/features/viewport/viewportResource.ts:509:21)
    at /private/tmp/piping-engine-integration-20260925/projects/chirality-piping/apps/desktop/src/features/viewport/PipeViewport.tsx:909:18
    at Object.react_stack_bottom_frame (/Users/ryan/.codex/worktrees/6614/chirality/projects/chirality-piping/node_modules/react-dom/cjs/react-dom-client.development.js:25989:20)
    at runWithFiberInDEV (/Users/ryan/.codex/worktrees/6614/chirality/projects/chirality-piping/node_modules/react-dom/cjs/react-dom-client.development.js:874:13)
    at commitHookEffectListMount (/Users/ryan/.codex/worktrees/6614/chirality/projects/chirality-piping/node_modules/react-dom/cjs/react-dom-client.development.js:13249:29) undefined
Error: Not implemented: HTMLCanvasElement.prototype.getContext (without installing the canvas npm package)
    at module.exports (/Users/ryan/.codex/worktrees/6614/chirality/projects/chirality-piping/node_modules/jsdom/lib/jsdom/browser/not-implemented.js:9:17)
    at HTMLCanvasElementImpl.getContext (/Users/ryan/.codex/worktrees/6614/chirality/projects/chirality-piping/node_modules/jsdom/lib/jsdom/living/nodes/HTMLCanvasElement-impl.js:42:5)
    at HTMLCanvasElement.getContext (/Users/ryan/.codex/worktrees/6614/chirality/projects/chirality-piping/node_modules/jsdom/lib/jsdom/living/generated/HTMLCanvasElement.js:131:58)
    at getContext (file:///Users/ryan/.codex/worktrees/6614/chirality/projects/chirality-piping/node_modules/three/build/three.module.js:15443:18)
    at new WebGLRenderer (file:///Users/ryan/.codex/worktrees/6614/chirality/projects/chirality-piping/node_modules/three/build/three.module.js:15472:11)
    at new ViewportResource (/private/tmp/piping-engine-integration-20260925/projects/chirality-piping/apps/desktop/src/features/viewport/viewportResource.ts:509:21)
    at /private/tmp/piping-engine-integration-20260925/projects/chirality-piping/apps/desktop/src/features/viewport/PipeViewport.tsx:909:18
    at Object.react_stack_bottom_frame (/Users/ryan/.codex/worktrees/6614/chirality/projects/chirality-piping/node_modules/react-dom/cjs/react-dom-client.development.js:25989:20)
    at runWithFiberInDEV (/Users/ryan/.codex/worktrees/6614/chirality/projects/chirality-piping/node_modules/react-dom/cjs/react-dom-client.development.js:874:13)
    at commitHookEffectListMount (/Users/ryan/.codex/worktrees/6614/chirality/projects/chirality-piping/node_modules/react-dom/cjs/react-dom-client.development.js:13249:29) undefined
Error: Not implemented: HTMLCanvasElement.prototype.getContext (without installing the canvas npm package)
    at module.exports (/Users/ryan/.codex/worktrees/6614/chirality/projects/chirality-piping/node_modules/jsdom/lib/jsdom/browser/not-implemented.js:9:17)
    at HTMLCanvasElementImpl.getContext (/Users/ryan/.codex/worktrees/6614/chirality/projects/chirality-piping/node_modules/jsdom/lib/jsdom/living/nodes/HTMLCanvasElement-impl.js:42:5)
    at HTMLCanvasElement.getContext (/Users/ryan/.codex/worktrees/6614/chirality/projects/chirality-piping/node_modules/jsdom/lib/jsdom/living/generated/HTMLCanvasElement.js:131:58)
    at getContext (file:///Users/ryan/.codex/worktrees/6614/chirality/projects/chirality-piping/node_modules/three/build/three.module.js:15443:18)
    at new WebGLRenderer (file:///Users/ryan/.codex/worktrees/6614/chirality/projects/chirality-piping/node_modules/three/build/three.module.js:15476:11)
    at new ViewportResource (/private/tmp/piping-engine-integration-20260925/projects/chirality-piping/apps/desktop/src/features/viewport/viewportResource.ts:509:21)
    at /private/tmp/piping-engine-integration-20260925/projects/chirality-piping/apps/desktop/src/features/viewport/PipeViewport.tsx:909:18
    at Object.react_stack_bottom_frame (/Users/ryan/.codex/worktrees/6614/chirality/projects/chirality-piping/node_modules/react-dom/cjs/react-dom-client.development.js:25989:20)
    at runWithFiberInDEV (/Users/ryan/.codex/worktrees/6614/chirality/projects/chirality-piping/node_modules/react-dom/cjs/react-dom-client.development.js:874:13)
    at commitHookEffectListMount (/Users/ryan/.codex/worktrees/6614/chirality/projects/chirality-piping/node_modules/react-dom/cjs/react-dom-client.development.js:13249:29) undefined
Error: Not implemented: HTMLCanvasElement.prototype.getContext (without installing the canvas npm package)
    at module.exports (/Users/ryan/.codex/worktrees/6614/chirality/projects/chirality-piping/node_modules/jsdom/lib/jsdom/browser/not-implemented.js:9:17)
    at HTMLCanvasElementImpl.getContext (/Users/ryan/.codex/worktrees/6614/chirality/projects/chirality-piping/node_modules/jsdom/lib/jsdom/living/nodes/HTMLCanvasElement-impl.js:42:5)
    at HTMLCanvasElement.getContext (/Users/ryan/.codex/worktrees/6614/chirality/projects/chirality-piping/node_modules/jsdom/lib/jsdom/living/generated/HTMLCanvasElement.js:131:58)
    at getContext (file:///Users/ryan/.codex/worktrees/6614/chirality/projects/chirality-piping/node_modules/three/build/three.module.js:15443:18)
    at new WebGLRenderer (file:///Users/ryan/.codex/worktrees/6614/chirality/projects/chirality-piping/node_modules/three/build/three.module.js:15472:11)
    at new ViewportResource (/private/tmp/piping-engine-integration-20260925/projects/chirality-piping/apps/desktop/src/features/viewport/viewportResource.ts:509:21)
    at /private/tmp/piping-engine-integration-20260925/projects/chirality-piping/apps/desktop/src/features/viewport/PipeViewport.tsx:909:18
    at Object.react_stack_bottom_frame (/Users/ryan/.codex/worktrees/6614/chirality/projects/chirality-piping/node_modules/react-dom/cjs/react-dom-client.development.js:25989:20)
    at runWithFiberInDEV (/Users/ryan/.codex/worktrees/6614/chirality/projects/chirality-piping/node_modules/react-dom/cjs/react-dom-client.development.js:874:13)
    at commitHookEffectListMount (/Users/ryan/.codex/worktrees/6614/chirality/projects/chirality-piping/node_modules/react-dom/cjs/react-dom-client.development.js:13249:29) undefined
Error: Not implemented: HTMLCanvasElement.prototype.getContext (without installing the canvas npm package)
    at module.exports (/Users/ryan/.codex/worktrees/6614/chirality/projects/chirality-piping/node_modules/jsdom/lib/jsdom/browser/not-implemented.js:9:17)
    at HTMLCanvasElementImpl.getContext (/Users/ryan/.codex/worktrees/6614/chirality/projects/chirality-piping/node_modules/jsdom/lib/jsdom/living/nodes/HTMLCanvasElement-impl.js:42:5)
    at HTMLCanvasElement.getContext (/Users/ryan/.codex/worktrees/6614/chirality/projects/chirality-piping/node_modules/jsdom/lib/jsdom/living/generated/HTMLCanvasElement.js:131:58)
    at getContext (file:///Users/ryan/.codex/worktrees/6614/chirality/projects/chirality-piping/node_modules/three/build/three.module.js:15443:18)
    at new WebGLRenderer (file:///Users/ryan/.codex/worktrees/6614/chirality/projects/chirality-piping/node_modules/three/build/three.module.js:15476:11)
    at new ViewportResource (/private/tmp/piping-engine-integration-20260925/projects/chirality-piping/apps/desktop/src/features/viewport/viewportResource.ts:509:21)
    at /private/tmp/piping-engine-integration-20260925/projects/chirality-piping/apps/desktop/src/features/viewport/PipeViewport.tsx:909:18
    at Object.react_stack_bottom_frame (/Users/ryan/.codex/worktrees/6614/chirality/projects/chirality-piping/node_modules/react-dom/cjs/react-dom-client.development.js:25989:20)
    at runWithFiberInDEV (/Users/ryan/.codex/worktrees/6614/chirality/projects/chirality-piping/node_modules/react-dom/cjs/react-dom-client.development.js:874:13)
    at commitHookEffectListMount (/Users/ryan/.codex/worktrees/6614/chirality/projects/chirality-piping/node_modules/react-dom/cjs/react-dom-client.development.js:13249:29) undefined
Error: Not implemented: HTMLCanvasElement.prototype.getContext (without installing the canvas npm package)
    at module.exports (/Users/ryan/.codex/worktrees/6614/chirality/projects/chirality-piping/node_modules/jsdom/lib/jsdom/browser/not-implemented.js:9:17)
    at HTMLCanvasElementImpl.getContext (/Users/ryan/.codex/worktrees/6614/chirality/projects/chirality-piping/node_modules/jsdom/lib/jsdom/living/nodes/HTMLCanvasElement-impl.js:42:5)
    at HTMLCanvasElement.getContext (/Users/ryan/.codex/worktrees/6614/chirality/projects/chirality-piping/node_modules/jsdom/lib/jsdom/living/generated/HTMLCanvasElement.js:131:58)
    at getContext (file:///Users/ryan/.codex/worktrees/6614/chirality/projects/chirality-piping/node_modules/three/build/three.module.js:15443:18)
    at new WebGLRenderer (file:///Users/ryan/.codex/worktrees/6614/chirality/projects/chirality-piping/node_modules/three/build/three.module.js:15472:11)
    at new ViewportResource (/private/tmp/piping-engine-integration-20260925/projects/chirality-piping/apps/desktop/src/features/viewport/viewportResource.ts:509:21)
    at /private/tmp/piping-engine-integration-20260925/projects/chirality-piping/apps/desktop/src/features/viewport/PipeViewport.tsx:909:18
    at Object.react_stack_bottom_frame (/Users/ryan/.codex/worktrees/6614/chirality/projects/chirality-piping/node_modules/react-dom/cjs/react-dom-client.development.js:25989:20)
    at runWithFiberInDEV (/Users/ryan/.codex/worktrees/6614/chirality/projects/chirality-piping/node_modules/react-dom/cjs/react-dom-client.development.js:874:13)
    at commitHookEffectListMount (/Users/ryan/.codex/worktrees/6614/chirality/projects/chirality-piping/node_modules/react-dom/cjs/react-dom-client.development.js:13249:29) undefined
Error: Not implemented: HTMLCanvasElement.prototype.getContext (without installing the canvas npm package)
    at module.exports (/Users/ryan/.codex/worktrees/6614/chirality/projects/chirality-piping/node_modules/jsdom/lib/jsdom/browser/not-implemented.js:9:17)
    at HTMLCanvasElementImpl.getContext (/Users/ryan/.codex/worktrees/6614/chirality/projects/chirality-piping/node_modules/jsdom/lib/jsdom/living/nodes/HTMLCanvasElement-impl.js:42:5)
    at HTMLCanvasElement.getContext (/Users/ryan/.codex/worktrees/6614/chirality/projects/chirality-piping/node_modules/jsdom/lib/jsdom/living/generated/HTMLCanvasElement.js:131:58)
    at getContext (file:///Users/ryan/.codex/worktrees/6614/chirality/projects/chirality-piping/node_modules/three/build/three.module.js:15443:18)
    at new WebGLRenderer (file:///Users/ryan/.codex/worktrees/6614/chirality/projects/chirality-piping/node_modules/three/build/three.module.js:15476:11)
    at new ViewportResource (/private/tmp/piping-engine-integration-20260925/projects/chirality-piping/apps/desktop/src/features/viewport/viewportResource.ts:509:21)
    at /private/tmp/piping-engine-integration-20260925/projects/chirality-piping/apps/desktop/src/features/viewport/PipeViewport.tsx:909:18
    at Object.react_stack_bottom_frame (/Users/ryan/.codex/worktrees/6614/chirality/projects/chirality-piping/node_modules/react-dom/cjs/react-dom-client.development.js:25989:20)
    at runWithFiberInDEV (/Users/ryan/.codex/worktrees/6614/chirality/projects/chirality-piping/node_modules/react-dom/cjs/react-dom-client.development.js:874:13)
    at commitHookEffectListMount (/Users/ryan/.codex/worktrees/6614/chirality/projects/chirality-piping/node_modules/react-dom/cjs/react-dom-client.development.js:13249:29) undefined
Error: Not implemented: HTMLCanvasElement.prototype.getContext (without installing the canvas npm package)
    at module.exports (/Users/ryan/.codex/worktrees/6614/chirality/projects/chirality-piping/node_modules/jsdom/lib/jsdom/browser/not-implemented.js:9:17)
    at HTMLCanvasElementImpl.getContext (/Users/ryan/.codex/worktrees/6614/chirality/projects/chirality-piping/node_modules/jsdom/lib/jsdom/living/nodes/HTMLCanvasElement-impl.js:42:5)
    at HTMLCanvasElement.getContext (/Users/ryan/.codex/worktrees/6614/chirality/projects/chirality-piping/node_modules/jsdom/lib/jsdom/living/generated/HTMLCanvasElement.js:131:58)
    at getContext (file:///Users/ryan/.codex/worktrees/6614/chirality/projects/chirality-piping/node_modules/three/build/three.module.js:15443:18)
    at new WebGLRenderer (file:///Users/ryan/.codex/worktrees/6614/chirality/projects/chirality-piping/node_modules/three/build/three.module.js:15472:11)
    at new ViewportResource (/private/tmp/piping-engine-integration-20260925/projects/chirality-piping/apps/desktop/src/features/viewport/viewportResource.ts:509:21)
    at /private/tmp/piping-engine-integration-20260925/projects/chirality-piping/apps/desktop/src/features/viewport/PipeViewport.tsx:909:18
    at Object.react_stack_bottom_frame (/Users/ryan/.codex/worktrees/6614/chirality/projects/chirality-piping/node_modules/react-dom/cjs/react-dom-client.development.js:25989:20)
    at runWithFiberInDEV (/Users/ryan/.codex/worktrees/6614/chirality/projects/chirality-piping/node_modules/react-dom/cjs/react-dom-client.development.js:874:13)
    at commitHookEffectListMount (/Users/ryan/.codex/worktrees/6614/chirality/projects/chirality-piping/node_modules/react-dom/cjs/react-dom-client.development.js:13249:29) undefined
Error: Not implemented: HTMLCanvasElement.prototype.getContext (without installing the canvas npm package)
    at module.exports (/Users/ryan/.codex/worktrees/6614/chirality/projects/chirality-piping/node_modules/jsdom/lib/jsdom/browser/not-implemented.js:9:17)
    at HTMLCanvasElementImpl.getContext (/Users/ryan/.codex/worktrees/6614/chirality/projects/chirality-piping/node_modules/jsdom/lib/jsdom/living/nodes/HTMLCanvasElement-impl.js:42:5)
    at HTMLCanvasElement.getContext (/Users/ryan/.codex/worktrees/6614/chirality/projects/chirality-piping/node_modules/jsdom/lib/jsdom/living/generated/HTMLCanvasElement.js:131:58)
    at getContext (file:///Users/ryan/.codex/worktrees/6614/chirality/projects/chirality-piping/node_modules/three/build/three.module.js:15443:18)
    at new WebGLRenderer (file:///Users/ryan/.codex/worktrees/6614/chirality/projects/chirality-piping/node_modules/three/build/three.module.js:15476:11)
    at new ViewportResource (/private/tmp/piping-engine-integration-20260925/projects/chirality-piping/apps/desktop/src/features/viewport/viewportResource.ts:509:21)
    at /private/tmp/piping-engine-integration-20260925/projects/chirality-piping/apps/desktop/src/features/viewport/PipeViewport.tsx:909:18
    at Object.react_stack_bottom_frame (/Users/ryan/.codex/worktrees/6614/chirality/projects/chirality-piping/node_modules/react-dom/cjs/react-dom-client.development.js:25989:20)
    at runWithFiberInDEV (/Users/ryan/.codex/worktrees/6614/chirality/projects/chirality-piping/node_modules/react-dom/cjs/react-dom-client.development.js:874:13)
    at commitHookEffectListMount (/Users/ryan/.codex/worktrees/6614/chirality/projects/chirality-piping/node_modules/react-dom/cjs/react-dom-client.development.js:13249:29) undefined
Error: Not implemented: HTMLCanvasElement.prototype.getContext (without installing the canvas npm package)
    at module.exports (/Users/ryan/.codex/worktrees/6614/chirality/projects/chirality-piping/node_modules/jsdom/lib/jsdom/browser/not-implemented.js:9:17)
    at HTMLCanvasElementImpl.getContext (/Users/ryan/.codex/worktrees/6614/chirality/projects/chirality-piping/node_modules/jsdom/lib/jsdom/living/nodes/HTMLCanvasElement-impl.js:42:5)
    at HTMLCanvasElement.getContext (/Users/ryan/.codex/worktrees/6614/chirality/projects/chirality-piping/node_modules/jsdom/lib/jsdom/living/generated/HTMLCanvasElement.js:131:58)
    at getContext (file:///Users/ryan/.codex/worktrees/6614/chirality/projects/chirality-piping/node_modules/three/build/three.module.js:15443:18)
    at new WebGLRenderer (file:///Users/ryan/.codex/worktrees/6614/chirality/projects/chirality-piping/node_modules/three/build/three.module.js:15472:11)
    at new ViewportResource (/private/tmp/piping-engine-integration-20260925/projects/chirality-piping/apps/desktop/src/features/viewport/viewportResource.ts:509:21)
    at /private/tmp/piping-engine-integration-20260925/projects/chirality-piping/apps/desktop/src/features/viewport/PipeViewport.tsx:909:18
    at Object.react_stack_bottom_frame (/Users/ryan/.codex/worktrees/6614/chirality/projects/chirality-piping/node_modules/react-dom/cjs/react-dom-client.development.js:25989:20)
    at runWithFiberInDEV (/Users/ryan/.codex/worktrees/6614/chirality/projects/chirality-piping/node_modules/react-dom/cjs/react-dom-client.development.js:874:13)
    at commitHookEffectListMount (/Users/ryan/.codex/worktrees/6614/chirality/projects/chirality-piping/node_modules/react-dom/cjs/react-dom-client.development.js:13249:29) undefined
Error: Not implemented: HTMLCanvasElement.prototype.getContext (without installing the canvas npm package)
    at module.exports (/Users/ryan/.codex/worktrees/6614/chirality/projects/chirality-piping/node_modules/jsdom/lib/jsdom/browser/not-implemented.js:9:17)
    at HTMLCanvasElementImpl.getContext (/Users/ryan/.codex/worktrees/6614/chirality/projects/chirality-piping/node_modules/jsdom/lib/jsdom/living/nodes/HTMLCanvasElement-impl.js:42:5)
    at HTMLCanvasElement.getContext (/Users/ryan/.codex/worktrees/6614/chirality/projects/chirality-piping/node_modules/jsdom/lib/jsdom/living/generated/HTMLCanvasElement.js:131:58)
    at getContext (file:///Users/ryan/.codex/worktrees/6614/chirality/projects/chirality-piping/node_modules/three/build/three.module.js:15443:18)
    at new WebGLRenderer (file:///Users/ryan/.codex/worktrees/6614/chirality/projects/chirality-piping/node_modules/three/build/three.module.js:15476:11)
    at new ViewportResource (/private/tmp/piping-engine-integration-20260925/projects/chirality-piping/apps/desktop/src/features/viewport/viewportResource.ts:509:21)
    at /private/tmp/piping-engine-integration-20260925/projects/chirality-piping/apps/desktop/src/features/viewport/PipeViewport.tsx:909:18
    at Object.react_stack_bottom_frame (/Users/ryan/.codex/worktrees/6614/chirality/projects/chirality-piping/node_modules/react-dom/cjs/react-dom-client.development.js:25989:20)
    at runWithFiberInDEV (/Users/ryan/.codex/worktrees/6614/chirality/projects/chirality-piping/node_modules/react-dom/cjs/react-dom-client.development.js:874:13)
    at commitHookEffectListMount (/Users/ryan/.codex/worktrees/6614/chirality/projects/chirality-piping/node_modules/react-dom/cjs/react-dom-client.development.js:13249:29) undefined
Error: Not implemented: HTMLCanvasElement.prototype.getContext (without installing the canvas npm package)
    at module.exports (/Users/ryan/.codex/worktrees/6614/chirality/projects/chirality-piping/node_modules/jsdom/lib/jsdom/browser/not-implemented.js:9:17)
    at HTMLCanvasElementImpl.getContext (/Users/ryan/.codex/worktrees/6614/chirality/projects/chirality-piping/node_modules/jsdom/lib/jsdom/living/nodes/HTMLCanvasElement-impl.js:42:5)
    at HTMLCanvasElement.getContext (/Users/ryan/.codex/worktrees/6614/chirality/projects/chirality-piping/node_modules/jsdom/lib/jsdom/living/generated/HTMLCanvasElement.js:131:58)
    at getContext (file:///Users/ryan/.codex/worktrees/6614/chirality/projects/chirality-piping/node_modules/three/build/three.module.js:15443:18)
    at new WebGLRenderer (file:///Users/ryan/.codex/worktrees/6614/chirality/projects/chirality-piping/node_modules/three/build/three.module.js:15472:11)
    at new ViewportResource (/private/tmp/piping-engine-integration-20260925/projects/chirality-piping/apps/desktop/src/features/viewport/viewportResource.ts:509:21)
    at /private/tmp/piping-engine-integration-20260925/projects/chirality-piping/apps/desktop/src/features/viewport/PipeViewport.tsx:909:18
    at Object.react_stack_bottom_frame (/Users/ryan/.codex/worktrees/6614/chirality/projects/chirality-piping/node_modules/react-dom/cjs/react-dom-client.development.js:25989:20)
    at runWithFiberInDEV (/Users/ryan/.codex/worktrees/6614/chirality/projects/chirality-piping/node_modules/react-dom/cjs/react-dom-client.development.js:874:13)
    at commitHookEffectListMount (/Users/ryan/.codex/worktrees/6614/chirality/projects/chirality-piping/node_modules/react-dom/cjs/react-dom-client.development.js:13249:29) undefined
Error: Not implemented: HTMLCanvasElement.prototype.getContext (without installing the canvas npm package)
    at module.exports (/Users/ryan/.codex/worktrees/6614/chirality/projects/chirality-piping/node_modules/jsdom/lib/jsdom/browser/not-implemented.js:9:17)
    at HTMLCanvasElementImpl.getContext (/Users/ryan/.codex/worktrees/6614/chirality/projects/chirality-piping/node_modules/jsdom/lib/jsdom/living/nodes/HTMLCanvasElement-impl.js:42:5)
    at HTMLCanvasElement.getContext (/Users/ryan/.codex/worktrees/6614/chirality/projects/chirality-piping/node_modules/jsdom/lib/jsdom/living/generated/HTMLCanvasElement.js:131:58)
    at getContext (file:///Users/ryan/.codex/worktrees/6614/chirality/projects/chirality-piping/node_modules/three/build/three.module.js:15443:18)
    at new WebGLRenderer (file:///Users/ryan/.codex/worktrees/6614/chirality/projects/chirality-piping/node_modules/three/build/three.module.js:15476:11)
    at new ViewportResource (/private/tmp/piping-engine-integration-20260925/projects/chirality-piping/apps/desktop/src/features/viewport/viewportResource.ts:509:21)
    at /private/tmp/piping-engine-integration-20260925/projects/chirality-piping/apps/desktop/src/features/viewport/PipeViewport.tsx:909:18
    at Object.react_stack_bottom_frame (/Users/ryan/.codex/worktrees/6614/chirality/projects/chirality-piping/node_modules/react-dom/cjs/react-dom-client.development.js:25989:20)
    at runWithFiberInDEV (/Users/ryan/.codex/worktrees/6614/chirality/projects/chirality-piping/node_modules/react-dom/cjs/react-dom-client.development.js:874:13)
    at commitHookEffectListMount (/Users/ryan/.codex/worktrees/6614/chirality/projects/chirality-piping/node_modules/react-dom/cjs/react-dom-client.development.js:13249:29) undefined
Error: Not implemented: HTMLCanvasElement.prototype.getContext (without installing the canvas npm package)
    at module.exports (/Users/ryan/.codex/worktrees/6614/chirality/projects/chirality-piping/node_modules/jsdom/lib/jsdom/browser/not-implemented.js:9:17)
    at HTMLCanvasElementImpl.getContext (/Users/ryan/.codex/worktrees/6614/chirality/projects/chirality-piping/node_modules/jsdom/lib/jsdom/living/nodes/HTMLCanvasElement-impl.js:42:5)
    at HTMLCanvasElement.getContext (/Users/ryan/.codex/worktrees/6614/chirality/projects/chirality-piping/node_modules/jsdom/lib/jsdom/living/generated/HTMLCanvasElement.js:131:58)
    at getContext (file:///Users/ryan/.codex/worktrees/6614/chirality/projects/chirality-piping/node_modules/three/build/three.module.js:15443:18)
    at new WebGLRenderer (file:///Users/ryan/.codex/worktrees/6614/chirality/projects/chirality-piping/node_modules/three/build/three.module.js:15472:11)
    at new ViewportResource (/private/tmp/piping-engine-integration-20260925/projects/chirality-piping/apps/desktop/src/features/viewport/viewportResource.ts:509:21)
    at /private/tmp/piping-engine-integration-20260925/projects/chirality-piping/apps/desktop/src/features/viewport/PipeViewport.tsx:909:18
    at Object.react_stack_bottom_frame (/Users/ryan/.codex/worktrees/6614/chirality/projects/chirality-piping/node_modules/react-dom/cjs/react-dom-client.development.js:25989:20)
    at runWithFiberInDEV (/Users/ryan/.codex/worktrees/6614/chirality/projects/chirality-piping/node_modules/react-dom/cjs/react-dom-client.development.js:874:13)
    at commitHookEffectListMount (/Users/ryan/.codex/worktrees/6614/chirality/projects/chirality-piping/node_modules/react-dom/cjs/react-dom-client.development.js:13249:29) undefined
Error: Not implemented: HTMLCanvasElement.prototype.getContext (without installing the canvas npm package)
    at module.exports (/Users/ryan/.codex/worktrees/6614/chirality/projects/chirality-piping/node_modules/jsdom/lib/jsdom/browser/not-implemented.js:9:17)
    at HTMLCanvasElementImpl.getContext (/Users/ryan/.codex/worktrees/6614/chirality/projects/chirality-piping/node_modules/jsdom/lib/jsdom/living/nodes/HTMLCanvasElement-impl.js:42:5)
    at HTMLCanvasElement.getContext (/Users/ryan/.codex/worktrees/6614/chirality/projects/chirality-piping/node_modules/jsdom/lib/jsdom/living/generated/HTMLCanvasElement.js:131:58)
    at getContext (file:///Users/ryan/.codex/worktrees/6614/chirality/projects/chirality-piping/node_modules/three/build/three.module.js:15443:18)
    at new WebGLRenderer (file:///Users/ryan/.codex/worktrees/6614/chirality/projects/chirality-piping/node_modules/three/build/three.module.js:15476:11)
    at new ViewportResource (/private/tmp/piping-engine-integration-20260925/projects/chirality-piping/apps/desktop/src/features/viewport/viewportResource.ts:509:21)
    at /private/tmp/piping-engine-integration-20260925/projects/chirality-piping/apps/desktop/src/features/viewport/PipeViewport.tsx:909:18
    at Object.react_stack_bottom_frame (/Users/ryan/.codex/worktrees/6614/chirality/projects/chirality-piping/node_modules/react-dom/cjs/react-dom-client.development.js:25989:20)
    at runWithFiberInDEV (/Users/ryan/.codex/worktrees/6614/chirality/projects/chirality-piping/node_modules/react-dom/cjs/react-dom-client.development.js:874:13)
    at commitHookEffectListMount (/Users/ryan/.codex/worktrees/6614/chirality/projects/chirality-piping/node_modules/react-dom/cjs/react-dom-client.development.js:13249:29) undefined
Error: Not implemented: HTMLCanvasElement.prototype.getContext (without installing the canvas npm package)
    at module.exports (/Users/ryan/.codex/worktrees/6614/chirality/projects/chirality-piping/node_modules/jsdom/lib/jsdom/browser/not-implemented.js:9:17)
    at HTMLCanvasElementImpl.getContext (/Users/ryan/.codex/worktrees/6614/chirality/projects/chirality-piping/node_modules/jsdom/lib/jsdom/living/nodes/HTMLCanvasElement-impl.js:42:5)
    at HTMLCanvasElement.getContext (/Users/ryan/.codex/worktrees/6614/chirality/projects/chirality-piping/node_modules/jsdom/lib/jsdom/living/generated/HTMLCanvasElement.js:131:58)
    at getContext (file:///Users/ryan/.codex/worktrees/6614/chirality/projects/chirality-piping/node_modules/three/build/three.module.js:15443:18)
    at new WebGLRenderer (file:///Users/ryan/.codex/worktrees/6614/chirality/projects/chirality-piping/node_modules/three/build/three.module.js:15472:11)
    at new ViewportResource (/private/tmp/piping-engine-integration-20260925/projects/chirality-piping/apps/desktop/src/features/viewport/viewportResource.ts:509:21)
    at /private/tmp/piping-engine-integration-20260925/projects/chirality-piping/apps/desktop/src/features/viewport/PipeViewport.tsx:909:18
    at Object.react_stack_bottom_frame (/Users/ryan/.codex/worktrees/6614/chirality/projects/chirality-piping/node_modules/react-dom/cjs/react-dom-client.development.js:25989:20)
    at runWithFiberInDEV (/Users/ryan/.codex/worktrees/6614/chirality/projects/chirality-piping/node_modules/react-dom/cjs/react-dom-client.development.js:874:13)
    at commitHookEffectListMount (/Users/ryan/.codex/worktrees/6614/chirality/projects/chirality-piping/node_modules/react-dom/cjs/react-dom-client.development.js:13249:29) undefined
Error: Not implemented: HTMLCanvasElement.prototype.getContext (without installing the canvas npm package)
    at module.exports (/Users/ryan/.codex/worktrees/6614/chirality/projects/chirality-piping/node_modules/jsdom/lib/jsdom/browser/not-implemented.js:9:17)
    at HTMLCanvasElementImpl.getContext (/Users/ryan/.codex/worktrees/6614/chirality/projects/chirality-piping/node_modules/jsdom/lib/jsdom/living/nodes/HTMLCanvasElement-impl.js:42:5)
    at HTMLCanvasElement.getContext (/Users/ryan/.codex/worktrees/6614/chirality/projects/chirality-piping/node_modules/jsdom/lib/jsdom/living/generated/HTMLCanvasElement.js:131:58)
    at getContext (file:///Users/ryan/.codex/worktrees/6614/chirality/projects/chirality-piping/node_modules/three/build/three.module.js:15443:18)
    at new WebGLRenderer (file:///Users/ryan/.codex/worktrees/6614/chirality/projects/chirality-piping/node_modules/three/build/three.module.js:15476:11)
    at new ViewportResource (/private/tmp/piping-engine-integration-20260925/projects/chirality-piping/apps/desktop/src/features/viewport/viewportResource.ts:509:21)
    at /private/tmp/piping-engine-integration-20260925/projects/chirality-piping/apps/desktop/src/features/viewport/PipeViewport.tsx:909:18
    at Object.react_stack_bottom_frame (/Users/ryan/.codex/worktrees/6614/chirality/projects/chirality-piping/node_modules/react-dom/cjs/react-dom-client.development.js:25989:20)
    at runWithFiberInDEV (/Users/ryan/.codex/worktrees/6614/chirality/projects/chirality-piping/node_modules/react-dom/cjs/react-dom-client.development.js:874:13)
    at commitHookEffectListMount (/Users/ryan/.codex/worktrees/6614/chirality/projects/chirality-piping/node_modules/react-dom/cjs/react-dom-client.development.js:13249:29) undefined
Error: Not implemented: HTMLCanvasElement.prototype.getContext (without installing the canvas npm package)
    at module.exports (/Users/ryan/.codex/worktrees/6614/chirality/projects/chirality-piping/node_modules/jsdom/lib/jsdom/browser/not-implemented.js:9:17)
    at HTMLCanvasElementImpl.getContext (/Users/ryan/.codex/worktrees/6614/chirality/projects/chirality-piping/node_modules/jsdom/lib/jsdom/living/nodes/HTMLCanvasElement-impl.js:42:5)
    at HTMLCanvasElement.getContext (/Users/ryan/.codex/worktrees/6614/chirality/projects/chirality-piping/node_modules/jsdom/lib/jsdom/living/generated/HTMLCanvasElement.js:131:58)
    at getContext (file:///Users/ryan/.codex/worktrees/6614/chirality/projects/chirality-piping/node_modules/three/build/three.module.js:15443:18)
    at new WebGLRenderer (file:///Users/ryan/.codex/worktrees/6614/chirality/projects/chirality-piping/node_modules/three/build/three.module.js:15472:11)
    at new ViewportResource (/private/tmp/piping-engine-integration-20260925/projects/chirality-piping/apps/desktop/src/features/viewport/viewportResource.ts:509:21)
    at /private/tmp/piping-engine-integration-20260925/projects/chirality-piping/apps/desktop/src/features/viewport/PipeViewport.tsx:909:18
    at Object.react_stack_bottom_frame (/Users/ryan/.codex/worktrees/6614/chirality/projects/chirality-piping/node_modules/react-dom/cjs/react-dom-client.development.js:25989:20)
    at runWithFiberInDEV (/Users/ryan/.codex/worktrees/6614/chirality/projects/chirality-piping/node_modules/react-dom/cjs/react-dom-client.development.js:874:13)
    at commitHookEffectListMount (/Users/ryan/.codex/worktrees/6614/chirality/projects/chirality-piping/node_modules/react-dom/cjs/react-dom-client.development.js:13249:29) undefined
Error: Not implemented: HTMLCanvasElement.prototype.getContext (without installing the canvas npm package)
    at module.exports (/Users/ryan/.codex/worktrees/6614/chirality/projects/chirality-piping/node_modules/jsdom/lib/jsdom/browser/not-implemented.js:9:17)
    at HTMLCanvasElementImpl.getContext (/Users/ryan/.codex/worktrees/6614/chirality/projects/chirality-piping/node_modules/jsdom/lib/jsdom/living/nodes/HTMLCanvasElement-impl.js:42:5)
    at HTMLCanvasElement.getContext (/Users/ryan/.codex/worktrees/6614/chirality/projects/chirality-piping/node_modules/jsdom/lib/jsdom/living/generated/HTMLCanvasElement.js:131:58)
    at getContext (file:///Users/ryan/.codex/worktrees/6614/chirality/projects/chirality-piping/node_modules/three/build/three.module.js:15443:18)
    at new WebGLRenderer (file:///Users/ryan/.codex/worktrees/6614/chirality/projects/chirality-piping/node_modules/three/build/three.module.js:15476:11)
    at new ViewportResource (/private/tmp/piping-engine-integration-20260925/projects/chirality-piping/apps/desktop/src/features/viewport/viewportResource.ts:509:21)
    at /private/tmp/piping-engine-integration-20260925/projects/chirality-piping/apps/desktop/src/features/viewport/PipeViewport.tsx:909:18
    at Object.react_stack_bottom_frame (/Users/ryan/.codex/worktrees/6614/chirality/projects/chirality-piping/node_modules/react-dom/cjs/react-dom-client.development.js:25989:20)
    at runWithFiberInDEV (/Users/ryan/.codex/worktrees/6614/chirality/projects/chirality-piping/node_modules/react-dom/cjs/react-dom-client.development.js:874:13)
    at commitHookEffectListMount (/Users/ryan/.codex/worktrees/6614/chirality/projects/chirality-piping/node_modules/react-dom/cjs/react-dom-client.development.js:13249:29) undefined
Error: Not implemented: HTMLCanvasElement.prototype.getContext (without installing the canvas npm package)
    at module.exports (/Users/ryan/.codex/worktrees/6614/chirality/projects/chirality-piping/node_modules/jsdom/lib/jsdom/browser/not-implemented.js:9:17)
    at HTMLCanvasElementImpl.getContext (/Users/ryan/.codex/worktrees/6614/chirality/projects/chirality-piping/node_modules/jsdom/lib/jsdom/living/nodes/HTMLCanvasElement-impl.js:42:5)
    at HTMLCanvasElement.getContext (/Users/ryan/.codex/worktrees/6614/chirality/projects/chirality-piping/node_modules/jsdom/lib/jsdom/living/generated/HTMLCanvasElement.js:131:58)
    at getContext (file:///Users/ryan/.codex/worktrees/6614/chirality/projects/chirality-piping/node_modules/three/build/three.module.js:15443:18)
    at new WebGLRenderer (file:///Users/ryan/.codex/worktrees/6614/chirality/projects/chirality-piping/node_modules/three/build/three.module.js:15472:11)
    at new ViewportResource (/private/tmp/piping-engine-integration-20260925/projects/chirality-piping/apps/desktop/src/features/viewport/viewportResource.ts:509:21)
    at /private/tmp/piping-engine-integration-20260925/projects/chirality-piping/apps/desktop/src/features/viewport/PipeViewport.tsx:909:18
    at Object.react_stack_bottom_frame (/Users/ryan/.codex/worktrees/6614/chirality/projects/chirality-piping/node_modules/react-dom/cjs/react-dom-client.development.js:25989:20)
    at runWithFiberInDEV (/Users/ryan/.codex/worktrees/6614/chirality/projects/chirality-piping/node_modules/react-dom/cjs/react-dom-client.development.js:874:13)
    at commitHookEffectListMount (/Users/ryan/.codex/worktrees/6614/chirality/projects/chirality-piping/node_modules/react-dom/cjs/react-dom-client.development.js:13249:29) undefined
Error: Not implemented: HTMLCanvasElement.prototype.getContext (without installing the canvas npm package)
    at module.exports (/Users/ryan/.codex/worktrees/6614/chirality/projects/chirality-piping/node_modules/jsdom/lib/jsdom/browser/not-implemented.js:9:17)
    at HTMLCanvasElementImpl.getContext (/Users/ryan/.codex/worktrees/6614/chirality/projects/chirality-piping/node_modules/jsdom/lib/jsdom/living/nodes/HTMLCanvasElement-impl.js:42:5)
    at HTMLCanvasElement.getContext (/Users/ryan/.codex/worktrees/6614/chirality/projects/chirality-piping/node_modules/jsdom/lib/jsdom/living/generated/HTMLCanvasElement.js:131:58)
    at getContext (file:///Users/ryan/.codex/worktrees/6614/chirality/projects/chirality-piping/node_modules/three/build/three.module.js:15443:18)
    at new WebGLRenderer (file:///Users/ryan/.codex/worktrees/6614/chirality/projects/chirality-piping/node_modules/three/build/three.module.js:15476:11)
    at new ViewportResource (/private/tmp/piping-engine-integration-20260925/projects/chirality-piping/apps/desktop/src/features/viewport/viewportResource.ts:509:21)
    at /private/tmp/piping-engine-integration-20260925/projects/chirality-piping/apps/desktop/src/features/viewport/PipeViewport.tsx:909:18
    at Object.react_stack_bottom_frame (/Users/ryan/.codex/worktrees/6614/chirality/projects/chirality-piping/node_modules/react-dom/cjs/react-dom-client.development.js:25989:20)
    at runWithFiberInDEV (/Users/ryan/.codex/worktrees/6614/chirality/projects/chirality-piping/node_modules/react-dom/cjs/react-dom-client.development.js:874:13)
    at commitHookEffectListMount (/Users/ryan/.codex/worktrees/6614/chirality/projects/chirality-piping/node_modules/react-dom/cjs/react-dom-client.development.js:13249:29) undefined
Error: Not implemented: HTMLCanvasElement.prototype.getContext (without installing the canvas npm package)
    at module.exports (/Users/ryan/.codex/worktrees/6614/chirality/projects/chirality-piping/node_modules/jsdom/lib/jsdom/browser/not-implemented.js:9:17)
    at HTMLCanvasElementImpl.getContext (/Users/ryan/.codex/worktrees/6614/chirality/projects/chirality-piping/node_modules/jsdom/lib/jsdom/living/nodes/HTMLCanvasElement-impl.js:42:5)
    at HTMLCanvasElement.getContext (/Users/ryan/.codex/worktrees/6614/chirality/projects/chirality-piping/node_modules/jsdom/lib/jsdom/living/generated/HTMLCanvasElement.js:131:58)
    at getContext (file:///Users/ryan/.codex/worktrees/6614/chirality/projects/chirality-piping/node_modules/three/build/three.module.js:15443:18)
    at new WebGLRenderer (file:///Users/ryan/.codex/worktrees/6614/chirality/projects/chirality-piping/node_modules/three/build/three.module.js:15472:11)
    at new ViewportResource (/private/tmp/piping-engine-integration-20260925/projects/chirality-piping/apps/desktop/src/features/viewport/viewportResource.ts:509:21)
    at /private/tmp/piping-engine-integration-20260925/projects/chirality-piping/apps/desktop/src/features/viewport/PipeViewport.tsx:909:18
    at Object.react_stack_bottom_frame (/Users/ryan/.codex/worktrees/6614/chirality/projects/chirality-piping/node_modules/react-dom/cjs/react-dom-client.development.js:25989:20)
    at runWithFiberInDEV (/Users/ryan/.codex/worktrees/6614/chirality/projects/chirality-piping/node_modules/react-dom/cjs/react-dom-client.development.js:874:13)
    at commitHookEffectListMount (/Users/ryan/.codex/worktrees/6614/chirality/projects/chirality-piping/node_modules/react-dom/cjs/react-dom-client.development.js:13249:29) undefined
Error: Not implemented: HTMLCanvasElement.prototype.getContext (without installing the canvas npm package)
    at module.exports (/Users/ryan/.codex/worktrees/6614/chirality/projects/chirality-piping/node_modules/jsdom/lib/jsdom/browser/not-implemented.js:9:17)
    at HTMLCanvasElementImpl.getContext (/Users/ryan/.codex/worktrees/6614/chirality/projects/chirality-piping/node_modules/jsdom/lib/jsdom/living/nodes/HTMLCanvasElement-impl.js:42:5)
    at HTMLCanvasElement.getContext (/Users/ryan/.codex/worktrees/6614/chirality/projects/chirality-piping/node_modules/jsdom/lib/jsdom/living/generated/HTMLCanvasElement.js:131:58)
    at getContext (file:///Users/ryan/.codex/worktrees/6614/chirality/projects/chirality-piping/node_modules/three/build/three.module.js:15443:18)
    at new WebGLRenderer (file:///Users/ryan/.codex/worktrees/6614/chirality/projects/chirality-piping/node_modules/three/build/three.module.js:15476:11)
    at new ViewportResource (/private/tmp/piping-engine-integration-20260925/projects/chirality-piping/apps/desktop/src/features/viewport/viewportResource.ts:509:21)
    at /private/tmp/piping-engine-integration-20260925/projects/chirality-piping/apps/desktop/src/features/viewport/PipeViewport.tsx:909:18
    at Object.react_stack_bottom_frame (/Users/ryan/.codex/worktrees/6614/chirality/projects/chirality-piping/node_modules/react-dom/cjs/react-dom-client.development.js:25989:20)
    at runWithFiberInDEV (/Users/ryan/.codex/worktrees/6614/chirality/projects/chirality-piping/node_modules/react-dom/cjs/react-dom-client.development.js:874:13)
    at commitHookEffectListMount (/Users/ryan/.codex/worktrees/6614/chirality/projects/chirality-piping/node_modules/react-dom/cjs/react-dom-client.development.js:13249:29) undefined
Error: Not implemented: HTMLCanvasElement.prototype.getContext (without installing the canvas npm package)
    at module.exports (/Users/ryan/.codex/worktrees/6614/chirality/projects/chirality-piping/node_modules/jsdom/lib/jsdom/browser/not-implemented.js:9:17)
    at HTMLCanvasElementImpl.getContext (/Users/ryan/.codex/worktrees/6614/chirality/projects/chirality-piping/node_modules/jsdom/lib/jsdom/living/nodes/HTMLCanvasElement-impl.js:42:5)
    at HTMLCanvasElement.getContext (/Users/ryan/.codex/worktrees/6614/chirality/projects/chirality-piping/node_modules/jsdom/lib/jsdom/living/generated/HTMLCanvasElement.js:131:58)
    at getContext (file:///Users/ryan/.codex/worktrees/6614/chirality/projects/chirality-piping/node_modules/three/build/three.module.js:15443:18)
    at new WebGLRenderer (file:///Users/ryan/.codex/worktrees/6614/chirality/projects/chirality-piping/node_modules/three/build/three.module.js:15472:11)
    at new ViewportResource (/private/tmp/piping-engine-integration-20260925/projects/chirality-piping/apps/desktop/src/features/viewport/viewportResource.ts:509:21)
    at /private/tmp/piping-engine-integration-20260925/projects/chirality-piping/apps/desktop/src/features/viewport/PipeViewport.tsx:909:18
    at Object.react_stack_bottom_frame (/Users/ryan/.codex/worktrees/6614/chirality/projects/chirality-piping/node_modules/react-dom/cjs/react-dom-client.development.js:25989:20)
    at runWithFiberInDEV (/Users/ryan/.codex/worktrees/6614/chirality/projects/chirality-piping/node_modules/react-dom/cjs/react-dom-client.development.js:874:13)
    at commitHookEffectListMount (/Users/ryan/.codex/worktrees/6614/chirality/projects/chirality-piping/node_modules/react-dom/cjs/react-dom-client.development.js:13249:29) undefined
Error: Not implemented: HTMLCanvasElement.prototype.getContext (without installing the canvas npm package)
    at module.exports (/Users/ryan/.codex/worktrees/6614/chirality/projects/chirality-piping/node_modules/jsdom/lib/jsdom/browser/not-implemented.js:9:17)
    at HTMLCanvasElementImpl.getContext (/Users/ryan/.codex/worktrees/6614/chirality/projects/chirality-piping/node_modules/jsdom/lib/jsdom/living/nodes/HTMLCanvasElement-impl.js:42:5)
    at HTMLCanvasElement.getContext (/Users/ryan/.codex/worktrees/6614/chirality/projects/chirality-piping/node_modules/jsdom/lib/jsdom/living/generated/HTMLCanvasElement.js:131:58)
    at getContext (file:///Users/ryan/.codex/worktrees/6614/chirality/projects/chirality-piping/node_modules/three/build/three.module.js:15443:18)
    at new WebGLRenderer (file:///Users/ryan/.codex/worktrees/6614/chirality/projects/chirality-piping/node_modules/three/build/three.module.js:15476:11)
    at new ViewportResource (/private/tmp/piping-engine-integration-20260925/projects/chirality-piping/apps/desktop/src/features/viewport/viewportResource.ts:509:21)
    at /private/tmp/piping-engine-integration-20260925/projects/chirality-piping/apps/desktop/src/features/viewport/PipeViewport.tsx:909:18
    at Object.react_stack_bottom_frame (/Users/ryan/.codex/worktrees/6614/chirality/projects/chirality-piping/node_modules/react-dom/cjs/react-dom-client.development.js:25989:20)
    at runWithFiberInDEV (/Users/ryan/.codex/worktrees/6614/chirality/projects/chirality-piping/node_modules/react-dom/cjs/react-dom-client.development.js:874:13)
    at commitHookEffectListMount (/Users/ryan/.codex/worktrees/6614/chirality/projects/chirality-piping/node_modules/react-dom/cjs/react-dom-client.development.js:13249:29) undefined
Error: Not implemented: HTMLCanvasElement.prototype.getContext (without installing the canvas npm package)
    at module.exports (/Users/ryan/.codex/worktrees/6614/chirality/projects/chirality-piping/node_modules/jsdom/lib/jsdom/browser/not-implemented.js:9:17)
    at HTMLCanvasElementImpl.getContext (/Users/ryan/.codex/worktrees/6614/chirality/projects/chirality-piping/node_modules/jsdom/lib/jsdom/living/nodes/HTMLCanvasElement-impl.js:42:5)
    at HTMLCanvasElement.getContext (/Users/ryan/.codex/worktrees/6614/chirality/projects/chirality-piping/node_modules/jsdom/lib/jsdom/living/generated/HTMLCanvasElement.js:131:58)
    at getContext (file:///Users/ryan/.codex/worktrees/6614/chirality/projects/chirality-piping/node_modules/three/build/three.module.js:15443:18)
    at new WebGLRenderer (file:///Users/ryan/.codex/worktrees/6614/chirality/projects/chirality-piping/node_modules/three/build/three.module.js:15472:11)
    at new ViewportResource (/private/tmp/piping-engine-integration-20260925/projects/chirality-piping/apps/desktop/src/features/viewport/viewportResource.ts:509:21)
    at /private/tmp/piping-engine-integration-20260925/projects/chirality-piping/apps/desktop/src/features/viewport/PipeViewport.tsx:909:18
    at Object.react_stack_bottom_frame (/Users/ryan/.codex/worktrees/6614/chirality/projects/chirality-piping/node_modules/react-dom/cjs/react-dom-client.development.js:25989:20)
    at runWithFiberInDEV (/Users/ryan/.codex/worktrees/6614/chirality/projects/chirality-piping/node_modules/react-dom/cjs/react-dom-client.development.js:874:13)
    at commitHookEffectListMount (/Users/ryan/.codex/worktrees/6614/chirality/projects/chirality-piping/node_modules/react-dom/cjs/react-dom-client.development.js:13249:29) undefined
Error: Not implemented: HTMLCanvasElement.prototype.getContext (without installing the canvas npm package)
    at module.exports (/Users/ryan/.codex/worktrees/6614/chirality/projects/chirality-piping/node_modules/jsdom/lib/jsdom/browser/not-implemented.js:9:17)
    at HTMLCanvasElementImpl.getContext (/Users/ryan/.codex/worktrees/6614/chirality/projects/chirality-piping/node_modules/jsdom/lib/jsdom/living/nodes/HTMLCanvasElement-impl.js:42:5)
    at HTMLCanvasElement.getContext (/Users/ryan/.codex/worktrees/6614/chirality/projects/chirality-piping/node_modules/jsdom/lib/jsdom/living/generated/HTMLCanvasElement.js:131:58)
    at getContext (file:///Users/ryan/.codex/worktrees/6614/chirality/projects/chirality-piping/node_modules/three/build/three.module.js:15443:18)
    at new WebGLRenderer (file:///Users/ryan/.codex/worktrees/6614/chirality/projects/chirality-piping/node_modules/three/build/three.module.js:15476:11)
    at new ViewportResource (/private/tmp/piping-engine-integration-20260925/projects/chirality-piping/apps/desktop/src/features/viewport/viewportResource.ts:509:21)
    at /private/tmp/piping-engine-integration-20260925/projects/chirality-piping/apps/desktop/src/features/viewport/PipeViewport.tsx:909:18
    at Object.react_stack_bottom_frame (/Users/ryan/.codex/worktrees/6614/chirality/projects/chirality-piping/node_modules/react-dom/cjs/react-dom-client.development.js:25989:20)
    at runWithFiberInDEV (/Users/ryan/.codex/worktrees/6614/chirality/projects/chirality-piping/node_modules/react-dom/cjs/react-dom-client.development.js:874:13)
    at commitHookEffectListMount (/Users/ryan/.codex/worktrees/6614/chirality/projects/chirality-piping/node_modules/react-dom/cjs/react-dom-client.development.js:13249:29) undefined
Error: Not implemented: HTMLCanvasElement.prototype.getContext (without installing the canvas npm package)
    at module.exports (/Users/ryan/.codex/worktrees/6614/chirality/projects/chirality-piping/node_modules/jsdom/lib/jsdom/browser/not-implemented.js:9:17)
    at HTMLCanvasElementImpl.getContext (/Users/ryan/.codex/worktrees/6614/chirality/projects/chirality-piping/node_modules/jsdom/lib/jsdom/living/nodes/HTMLCanvasElement-impl.js:42:5)
    at HTMLCanvasElement.getContext (/Users/ryan/.codex/worktrees/6614/chirality/projects/chirality-piping/node_modules/jsdom/lib/jsdom/living/generated/HTMLCanvasElement.js:131:58)
    at getContext (file:///Users/ryan/.codex/worktrees/6614/chirality/projects/chirality-piping/node_modules/three/build/three.module.js:15443:18)
    at new WebGLRenderer (file:///Users/ryan/.codex/worktrees/6614/chirality/projects/chirality-piping/node_modules/three/build/three.module.js:15472:11)
    at new ViewportResource (/private/tmp/piping-engine-integration-20260925/projects/chirality-piping/apps/desktop/src/features/viewport/viewportResource.ts:509:21)
    at /private/tmp/piping-engine-integration-20260925/projects/chirality-piping/apps/desktop/src/features/viewport/PipeViewport.tsx:909:18
    at Object.react_stack_bottom_frame (/Users/ryan/.codex/worktrees/6614/chirality/projects/chirality-piping/node_modules/react-dom/cjs/react-dom-client.development.js:25989:20)
    at runWithFiberInDEV (/Users/ryan/.codex/worktrees/6614/chirality/projects/chirality-piping/node_modules/react-dom/cjs/react-dom-client.development.js:874:13)
    at commitHookEffectListMount (/Users/ryan/.codex/worktrees/6614/chirality/projects/chirality-piping/node_modules/react-dom/cjs/react-dom-client.development.js:13249:29) undefined
Error: Not implemented: HTMLCanvasElement.prototype.getContext (without installing the canvas npm package)
    at module.exports (/Users/ryan/.codex/worktrees/6614/chirality/projects/chirality-piping/node_modules/jsdom/lib/jsdom/browser/not-implemented.js:9:17)
    at HTMLCanvasElementImpl.getContext (/Users/ryan/.codex/worktrees/6614/chirality/projects/chirality-piping/node_modules/jsdom/lib/jsdom/living/nodes/HTMLCanvasElement-impl.js:42:5)
    at HTMLCanvasElement.getContext (/Users/ryan/.codex/worktrees/6614/chirality/projects/chirality-piping/node_modules/jsdom/lib/jsdom/living/generated/HTMLCanvasElement.js:131:58)
    at getContext (file:///Users/ryan/.codex/worktrees/6614/chirality/projects/chirality-piping/node_modules/three/build/three.module.js:15443:18)
    at new WebGLRenderer (file:///Users/ryan/.codex/worktrees/6614/chirality/projects/chirality-piping/node_modules/three/build/three.module.js:15476:11)
    at new ViewportResource (/private/tmp/piping-engine-integration-20260925/projects/chirality-piping/apps/desktop/src/features/viewport/viewportResource.ts:509:21)
    at /private/tmp/piping-engine-integration-20260925/projects/chirality-piping/apps/desktop/src/features/viewport/PipeViewport.tsx:909:18
    at Object.react_stack_bottom_frame (/Users/ryan/.codex/worktrees/6614/chirality/projects/chirality-piping/node_modules/react-dom/cjs/react-dom-client.development.js:25989:20)
    at runWithFiberInDEV (/Users/ryan/.codex/worktrees/6614/chirality/projects/chirality-piping/node_modules/react-dom/cjs/react-dom-client.development.js:874:13)
    at commitHookEffectListMount (/Users/ryan/.codex/worktrees/6614/chirality/projects/chirality-piping/node_modules/react-dom/cjs/react-dom-client.development.js:13249:29) undefined
Error: Not implemented: HTMLCanvasElement.prototype.getContext (without installing the canvas npm package)
    at module.exports (/Users/ryan/.codex/worktrees/6614/chirality/projects/chirality-piping/node_modules/jsdom/lib/jsdom/browser/not-implemented.js:9:17)
    at HTMLCanvasElementImpl.getContext (/Users/ryan/.codex/worktrees/6614/chirality/projects/chirality-piping/node_modules/jsdom/lib/jsdom/living/nodes/HTMLCanvasElement-impl.js:42:5)
    at HTMLCanvasElement.getContext (/Users/ryan/.codex/worktrees/6614/chirality/projects/chirality-piping/node_modules/jsdom/lib/jsdom/living/generated/HTMLCanvasElement.js:131:58)
    at getContext (file:///Users/ryan/.codex/worktrees/6614/chirality/projects/chirality-piping/node_modules/three/build/three.module.js:15443:18)
    at new WebGLRenderer (file:///Users/ryan/.codex/worktrees/6614/chirality/projects/chirality-piping/node_modules/three/build/three.module.js:15472:11)
    at new ViewportResource (/private/tmp/piping-engine-integration-20260925/projects/chirality-piping/apps/desktop/src/features/viewport/viewportResource.ts:509:21)
    at /private/tmp/piping-engine-integration-20260925/projects/chirality-piping/apps/desktop/src/features/viewport/PipeViewport.tsx:909:18
    at Object.react_stack_bottom_frame (/Users/ryan/.codex/worktrees/6614/chirality/projects/chirality-piping/node_modules/react-dom/cjs/react-dom-client.development.js:25989:20)
    at runWithFiberInDEV (/Users/ryan/.codex/worktrees/6614/chirality/projects/chirality-piping/node_modules/react-dom/cjs/react-dom-client.development.js:874:13)
    at commitHookEffectListMount (/Users/ryan/.codex/worktrees/6614/chirality/projects/chirality-piping/node_modules/react-dom/cjs/react-dom-client.development.js:13249:29) undefined
Error: Not implemented: HTMLCanvasElement.prototype.getContext (without installing the canvas npm package)
    at module.exports (/Users/ryan/.codex/worktrees/6614/chirality/projects/chirality-piping/node_modules/jsdom/lib/jsdom/browser/not-implemented.js:9:17)
    at HTMLCanvasElementImpl.getContext (/Users/ryan/.codex/worktrees/6614/chirality/projects/chirality-piping/node_modules/jsdom/lib/jsdom/living/nodes/HTMLCanvasElement-impl.js:42:5)
    at HTMLCanvasElement.getContext (/Users/ryan/.codex/worktrees/6614/chirality/projects/chirality-piping/node_modules/jsdom/lib/jsdom/living/generated/HTMLCanvasElement.js:131:58)
    at getContext (file:///Users/ryan/.codex/worktrees/6614/chirality/projects/chirality-piping/node_modules/three/build/three.module.js:15443:18)
    at new WebGLRenderer (file:///Users/ryan/.codex/worktrees/6614/chirality/projects/chirality-piping/node_modules/three/build/three.module.js:15476:11)
    at new ViewportResource (/private/tmp/piping-engine-integration-20260925/projects/chirality-piping/apps/desktop/src/features/viewport/viewportResource.ts:509:21)
    at /private/tmp/piping-engine-integration-20260925/projects/chirality-piping/apps/desktop/src/features/viewport/PipeViewport.tsx:909:18
    at Object.react_stack_bottom_frame (/Users/ryan/.codex/worktrees/6614/chirality/projects/chirality-piping/node_modules/react-dom/cjs/react-dom-client.development.js:25989:20)
    at runWithFiberInDEV (/Users/ryan/.codex/worktrees/6614/chirality/projects/chirality-piping/node_modules/react-dom/cjs/react-dom-client.development.js:874:13)
    at commitHookEffectListMount (/Users/ryan/.codex/worktrees/6614/chirality/projects/chirality-piping/node_modules/react-dom/cjs/react-dom-client.development.js:13249:29) undefined
Error: Not implemented: HTMLCanvasElement.prototype.getContext (without installing the canvas npm package)
    at module.exports (/Users/ryan/.codex/worktrees/6614/chirality/projects/chirality-piping/node_modules/jsdom/lib/jsdom/browser/not-implemented.js:9:17)
    at HTMLCanvasElementImpl.getContext (/Users/ryan/.codex/worktrees/6614/chirality/projects/chirality-piping/node_modules/jsdom/lib/jsdom/living/nodes/HTMLCanvasElement-impl.js:42:5)
    at HTMLCanvasElement.getContext (/Users/ryan/.codex/worktrees/6614/chirality/projects/chirality-piping/node_modules/jsdom/lib/jsdom/living/generated/HTMLCanvasElement.js:131:58)
    at getContext (file:///Users/ryan/.codex/worktrees/6614/chirality/projects/chirality-piping/node_modules/three/build/three.module.js:15443:18)
    at new WebGLRenderer (file:///Users/ryan/.codex/worktrees/6614/chirality/projects/chirality-piping/node_modules/three/build/three.module.js:15472:11)
    at new ViewportResource (/private/tmp/piping-engine-integration-20260925/projects/chirality-piping/apps/desktop/src/features/viewport/viewportResource.ts:509:21)
    at /private/tmp/piping-engine-integration-20260925/projects/chirality-piping/apps/desktop/src/features/viewport/PipeViewport.tsx:909:18
    at Object.react_stack_bottom_frame (/Users/ryan/.codex/worktrees/6614/chirality/projects/chirality-piping/node_modules/react-dom/cjs/react-dom-client.development.js:25989:20)
    at runWithFiberInDEV (/Users/ryan/.codex/worktrees/6614/chirality/projects/chirality-piping/node_modules/react-dom/cjs/react-dom-client.development.js:874:13)
    at commitHookEffectListMount (/Users/ryan/.codex/worktrees/6614/chirality/projects/chirality-piping/node_modules/react-dom/cjs/react-dom-client.development.js:13249:29) undefined
Error: Not implemented: HTMLCanvasElement.prototype.getContext (without installing the canvas npm package)
    at module.exports (/Users/ryan/.codex/worktrees/6614/chirality/projects/chirality-piping/node_modules/jsdom/lib/jsdom/browser/not-implemented.js:9:17)
    at HTMLCanvasElementImpl.getContext (/Users/ryan/.codex/worktrees/6614/chirality/projects/chirality-piping/node_modules/jsdom/lib/jsdom/living/nodes/HTMLCanvasElement-impl.js:42:5)
    at HTMLCanvasElement.getContext (/Users/ryan/.codex/worktrees/6614/chirality/projects/chirality-piping/node_modules/jsdom/lib/jsdom/living/generated/HTMLCanvasElement.js:131:58)
    at getContext (file:///Users/ryan/.codex/worktrees/6614/chirality/projects/chirality-piping/node_modules/three/build/three.module.js:15443:18)
    at new WebGLRenderer (file:///Users/ryan/.codex/worktrees/6614/chirality/projects/chirality-piping/node_modules/three/build/three.module.js:15476:11)
    at new ViewportResource (/private/tmp/piping-engine-integration-20260925/projects/chirality-piping/apps/desktop/src/features/viewport/viewportResource.ts:509:21)
    at /private/tmp/piping-engine-integration-20260925/projects/chirality-piping/apps/desktop/src/features/viewport/PipeViewport.tsx:909:18
    at Object.react_stack_bottom_frame (/Users/ryan/.codex/worktrees/6614/chirality/projects/chirality-piping/node_modules/react-dom/cjs/react-dom-client.development.js:25989:20)
    at runWithFiberInDEV (/Users/ryan/.codex/worktrees/6614/chirality/projects/chirality-piping/node_modules/react-dom/cjs/react-dom-client.development.js:874:13)
    at commitHookEffectListMount (/Users/ryan/.codex/worktrees/6614/chirality/projects/chirality-piping/node_modules/react-dom/cjs/react-dom-client.development.js:13249:29) undefined
Error: Not implemented: HTMLCanvasElement.prototype.getContext (without installing the canvas npm package)
    at module.exports (/Users/ryan/.codex/worktrees/6614/chirality/projects/chirality-piping/node_modules/jsdom/lib/jsdom/browser/not-implemented.js:9:17)
    at HTMLCanvasElementImpl.getContext (/Users/ryan/.codex/worktrees/6614/chirality/projects/chirality-piping/node_modules/jsdom/lib/jsdom/living/nodes/HTMLCanvasElement-impl.js:42:5)
    at HTMLCanvasElement.getContext (/Users/ryan/.codex/worktrees/6614/chirality/projects/chirality-piping/node_modules/jsdom/lib/jsdom/living/generated/HTMLCanvasElement.js:131:58)
    at getContext (file:///Users/ryan/.codex/worktrees/6614/chirality/projects/chirality-piping/node_modules/three/build/three.module.js:15443:18)
    at new WebGLRenderer (file:///Users/ryan/.codex/worktrees/6614/chirality/projects/chirality-piping/node_modules/three/build/three.module.js:15472:11)
    at new ViewportResource (/private/tmp/piping-engine-integration-20260925/projects/chirality-piping/apps/desktop/src/features/viewport/viewportResource.ts:509:21)
    at /private/tmp/piping-engine-integration-20260925/projects/chirality-piping/apps/desktop/src/features/viewport/PipeViewport.tsx:909:18
    at Object.react_stack_bottom_frame (/Users/ryan/.codex/worktrees/6614/chirality/projects/chirality-piping/node_modules/react-dom/cjs/react-dom-client.development.js:25989:20)
    at runWithFiberInDEV (/Users/ryan/.codex/worktrees/6614/chirality/projects/chirality-piping/node_modules/react-dom/cjs/react-dom-client.development.js:874:13)
    at commitHookEffectListMount (/Users/ryan/.codex/worktrees/6614/chirality/projects/chirality-piping/node_modules/react-dom/cjs/react-dom-client.development.js:13249:29) undefined
Error: Not implemented: HTMLCanvasElement.prototype.getContext (without installing the canvas npm package)
    at module.exports (/Users/ryan/.codex/worktrees/6614/chirality/projects/chirality-piping/node_modules/jsdom/lib/jsdom/browser/not-implemented.js:9:17)
    at HTMLCanvasElementImpl.getContext (/Users/ryan/.codex/worktrees/6614/chirality/projects/chirality-piping/node_modules/jsdom/lib/jsdom/living/nodes/HTMLCanvasElement-impl.js:42:5)
    at HTMLCanvasElement.getContext (/Users/ryan/.codex/worktrees/6614/chirality/projects/chirality-piping/node_modules/jsdom/lib/jsdom/living/generated/HTMLCanvasElement.js:131:58)
    at getContext (file:///Users/ryan/.codex/worktrees/6614/chirality/projects/chirality-piping/node_modules/three/build/three.module.js:15443:18)
    at new WebGLRenderer (file:///Users/ryan/.codex/worktrees/6614/chirality/projects/chirality-piping/node_modules/three/build/three.module.js:15476:11)
    at new ViewportResource (/private/tmp/piping-engine-integration-20260925/projects/chirality-piping/apps/desktop/src/features/viewport/viewportResource.ts:509:21)
    at /private/tmp/piping-engine-integration-20260925/projects/chirality-piping/apps/desktop/src/features/viewport/PipeViewport.tsx:909:18
    at Object.react_stack_bottom_frame (/Users/ryan/.codex/worktrees/6614/chirality/projects/chirality-piping/node_modules/react-dom/cjs/react-dom-client.development.js:25989:20)
    at runWithFiberInDEV (/Users/ryan/.codex/worktrees/6614/chirality/projects/chirality-piping/node_modules/react-dom/cjs/react-dom-client.development.js:874:13)
    at commitHookEffectListMount (/Users/ryan/.codex/worktrees/6614/chirality/projects/chirality-piping/node_modules/react-dom/cjs/react-dom-client.development.js:13249:29) undefined
Error: Not implemented: HTMLCanvasElement.prototype.getContext (without installing the canvas npm package)
    at module.exports (/Users/ryan/.codex/worktrees/6614/chirality/projects/chirality-piping/node_modules/jsdom/lib/jsdom/browser/not-implemented.js:9:17)
    at HTMLCanvasElementImpl.getContext (/Users/ryan/.codex/worktrees/6614/chirality/projects/chirality-piping/node_modules/jsdom/lib/jsdom/living/nodes/HTMLCanvasElement-impl.js:42:5)
    at HTMLCanvasElement.getContext (/Users/ryan/.codex/worktrees/6614/chirality/projects/chirality-piping/node_modules/jsdom/lib/jsdom/living/generated/HTMLCanvasElement.js:131:58)
    at getContext (file:///Users/ryan/.codex/worktrees/6614/chirality/projects/chirality-piping/node_modules/three/build/three.module.js:15443:18)
    at new WebGLRenderer (file:///Users/ryan/.codex/worktrees/6614/chirality/projects/chirality-piping/node_modules/three/build/three.module.js:15472:11)
    at new ViewportResource (/private/tmp/piping-engine-integration-20260925/projects/chirality-piping/apps/desktop/src/features/viewport/viewportResource.ts:509:21)
    at /private/tmp/piping-engine-integration-20260925/projects/chirality-piping/apps/desktop/src/features/viewport/PipeViewport.tsx:909:18
    at Object.react_stack_bottom_frame (/Users/ryan/.codex/worktrees/6614/chirality/projects/chirality-piping/node_modules/react-dom/cjs/react-dom-client.development.js:25989:20)
    at runWithFiberInDEV (/Users/ryan/.codex/worktrees/6614/chirality/projects/chirality-piping/node_modules/react-dom/cjs/react-dom-client.development.js:874:13)
    at commitHookEffectListMount (/Users/ryan/.codex/worktrees/6614/chirality/projects/chirality-piping/node_modules/react-dom/cjs/react-dom-client.development.js:13249:29) undefined
Error: Not implemented: HTMLCanvasElement.prototype.getContext (without installing the canvas npm package)
    at module.exports (/Users/ryan/.codex/worktrees/6614/chirality/projects/chirality-piping/node_modules/jsdom/lib/jsdom/browser/not-implemented.js:9:17)
    at HTMLCanvasElementImpl.getContext (/Users/ryan/.codex/worktrees/6614/chirality/projects/chirality-piping/node_modules/jsdom/lib/jsdom/living/nodes/HTMLCanvasElement-impl.js:42:5)
    at HTMLCanvasElement.getContext (/Users/ryan/.codex/worktrees/6614/chirality/projects/chirality-piping/node_modules/jsdom/lib/jsdom/living/generated/HTMLCanvasElement.js:131:58)
    at getContext (file:///Users/ryan/.codex/worktrees/6614/chirality/projects/chirality-piping/node_modules/three/build/three.module.js:15443:18)
    at new WebGLRenderer (file:///Users/ryan/.codex/worktrees/6614/chirality/projects/chirality-piping/node_modules/three/build/three.module.js:15476:11)
    at new ViewportResource (/private/tmp/piping-engine-integration-20260925/projects/chirality-piping/apps/desktop/src/features/viewport/viewportResource.ts:509:21)
    at /private/tmp/piping-engine-integration-20260925/projects/chirality-piping/apps/desktop/src/features/viewport/PipeViewport.tsx:909:18
    at Object.react_stack_bottom_frame (/Users/ryan/.codex/worktrees/6614/chirality/projects/chirality-piping/node_modules/react-dom/cjs/react-dom-client.development.js:25989:20)
    at runWithFiberInDEV (/Users/ryan/.codex/worktrees/6614/chirality/projects/chirality-piping/node_modules/react-dom/cjs/react-dom-client.development.js:874:13)
    at commitHookEffectListMount (/Users/ryan/.codex/worktrees/6614/chirality/projects/chirality-piping/node_modules/react-dom/cjs/react-dom-client.development.js:13249:29) undefined
Error: Not implemented: HTMLCanvasElement.prototype.getContext (without installing the canvas npm package)
    at module.exports (/Users/ryan/.codex/worktrees/6614/chirality/projects/chirality-piping/node_modules/jsdom/lib/jsdom/browser/not-implemented.js:9:17)
    at HTMLCanvasElementImpl.getContext (/Users/ryan/.codex/worktrees/6614/chirality/projects/chirality-piping/node_modules/jsdom/lib/jsdom/living/nodes/HTMLCanvasElement-impl.js:42:5)
    at HTMLCanvasElement.getContext (/Users/ryan/.codex/worktrees/6614/chirality/projects/chirality-piping/node_modules/jsdom/lib/jsdom/living/generated/HTMLCanvasElement.js:131:58)
    at getContext (file:///Users/ryan/.codex/worktrees/6614/chirality/projects/chirality-piping/node_modules/three/build/three.module.js:15443:18)
    at new WebGLRenderer (file:///Users/ryan/.codex/worktrees/6614/chirality/projects/chirality-piping/node_modules/three/build/three.module.js:15472:11)
    at new ViewportResource (/private/tmp/piping-engine-integration-20260925/projects/chirality-piping/apps/desktop/src/features/viewport/viewportResource.ts:509:21)
    at /private/tmp/piping-engine-integration-20260925/projects/chirality-piping/apps/desktop/src/features/viewport/PipeViewport.tsx:909:18
    at Object.react_stack_bottom_frame (/Users/ryan/.codex/worktrees/6614/chirality/projects/chirality-piping/node_modules/react-dom/cjs/react-dom-client.development.js:25989:20)
    at runWithFiberInDEV (/Users/ryan/.codex/worktrees/6614/chirality/projects/chirality-piping/node_modules/react-dom/cjs/react-dom-client.development.js:874:13)
    at commitHookEffectListMount (/Users/ryan/.codex/worktrees/6614/chirality/projects/chirality-piping/node_modules/react-dom/cjs/react-dom-client.development.js:13249:29) undefined
Error: Not implemented: HTMLCanvasElement.prototype.getContext (without installing the canvas npm package)
    at module.exports (/Users/ryan/.codex/worktrees/6614/chirality/projects/chirality-piping/node_modules/jsdom/lib/jsdom/browser/not-implemented.js:9:17)
    at HTMLCanvasElementImpl.getContext (/Users/ryan/.codex/worktrees/6614/chirality/projects/chirality-piping/node_modules/jsdom/lib/jsdom/living/nodes/HTMLCanvasElement-impl.js:42:5)
    at HTMLCanvasElement.getContext (/Users/ryan/.codex/worktrees/6614/chirality/projects/chirality-piping/node_modules/jsdom/lib/jsdom/living/generated/HTMLCanvasElement.js:131:58)
    at getContext (file:///Users/ryan/.codex/worktrees/6614/chirality/projects/chirality-piping/node_modules/three/build/three.module.js:15443:18)
    at new WebGLRenderer (file:///Users/ryan/.codex/worktrees/6614/chirality/projects/chirality-piping/node_modules/three/build/three.module.js:15476:11)
    at new ViewportResource (/private/tmp/piping-engine-integration-20260925/projects/chirality-piping/apps/desktop/src/features/viewport/viewportResource.ts:509:21)
    at /private/tmp/piping-engine-integration-20260925/projects/chirality-piping/apps/desktop/src/features/viewport/PipeViewport.tsx:909:18
    at Object.react_stack_bottom_frame (/Users/ryan/.codex/worktrees/6614/chirality/projects/chirality-piping/node_modules/react-dom/cjs/react-dom-client.development.js:25989:20)
    at runWithFiberInDEV (/Users/ryan/.codex/worktrees/6614/chirality/projects/chirality-piping/node_modules/react-dom/cjs/react-dom-client.development.js:874:13)
    at commitHookEffectListMount (/Users/ryan/.codex/worktrees/6614/chirality/projects/chirality-piping/node_modules/react-dom/cjs/react-dom-client.development.js:13249:29) undefined
Error: Not implemented: HTMLCanvasElement.prototype.getContext (without installing the canvas npm package)
    at module.exports (/Users/ryan/.codex/worktrees/6614/chirality/projects/chirality-piping/node_modules/jsdom/lib/jsdom/browser/not-implemented.js:9:17)
    at HTMLCanvasElementImpl.getContext (/Users/ryan/.codex/worktrees/6614/chirality/projects/chirality-piping/node_modules/jsdom/lib/jsdom/living/nodes/HTMLCanvasElement-impl.js:42:5)
    at HTMLCanvasElement.getContext (/Users/ryan/.codex/worktrees/6614/chirality/projects/chirality-piping/node_modules/jsdom/lib/jsdom/living/generated/HTMLCanvasElement.js:131:58)
    at getContext (file:///Users/ryan/.codex/worktrees/6614/chirality/projects/chirality-piping/node_modules/three/build/three.module.js:15443:18)
    at new WebGLRenderer (file:///Users/ryan/.codex/worktrees/6614/chirality/projects/chirality-piping/node_modules/three/build/three.module.js:15472:11)
    at new ViewportResource (/private/tmp/piping-engine-integration-20260925/projects/chirality-piping/apps/desktop/src/features/viewport/viewportResource.ts:509:21)
    at /private/tmp/piping-engine-integration-20260925/projects/chirality-piping/apps/desktop/src/features/viewport/PipeViewport.tsx:909:18
    at Object.react_stack_bottom_frame (/Users/ryan/.codex/worktrees/6614/chirality/projects/chirality-piping/node_modules/react-dom/cjs/react-dom-client.development.js:25989:20)
    at runWithFiberInDEV (/Users/ryan/.codex/worktrees/6614/chirality/projects/chirality-piping/node_modules/react-dom/cjs/react-dom-client.development.js:874:13)
    at commitHookEffectListMount (/Users/ryan/.codex/worktrees/6614/chirality/projects/chirality-piping/node_modules/react-dom/cjs/react-dom-client.development.js:13249:29) undefined
Error: Not implemented: HTMLCanvasElement.prototype.getContext (without installing the canvas npm package)
    at module.exports (/Users/ryan/.codex/worktrees/6614/chirality/projects/chirality-piping/node_modules/jsdom/lib/jsdom/browser/not-implemented.js:9:17)
    at HTMLCanvasElementImpl.getContext (/Users/ryan/.codex/worktrees/6614/chirality/projects/chirality-piping/node_modules/jsdom/lib/jsdom/living/nodes/HTMLCanvasElement-impl.js:42:5)
    at HTMLCanvasElement.getContext (/Users/ryan/.codex/worktrees/6614/chirality/projects/chirality-piping/node_modules/jsdom/lib/jsdom/living/generated/HTMLCanvasElement.js:131:58)
    at getContext (file:///Users/ryan/.codex/worktrees/6614/chirality/projects/chirality-piping/node_modules/three/build/three.module.js:15443:18)
    at new WebGLRenderer (file:///Users/ryan/.codex/worktrees/6614/chirality/projects/chirality-piping/node_modules/three/build/three.module.js:15476:11)
    at new ViewportResource (/private/tmp/piping-engine-integration-20260925/projects/chirality-piping/apps/desktop/src/features/viewport/viewportResource.ts:509:21)
    at /private/tmp/piping-engine-integration-20260925/projects/chirality-piping/apps/desktop/src/features/viewport/PipeViewport.tsx:909:18
    at Object.react_stack_bottom_frame (/Users/ryan/.codex/worktrees/6614/chirality/projects/chirality-piping/node_modules/react-dom/cjs/react-dom-client.development.js:25989:20)
    at runWithFiberInDEV (/Users/ryan/.codex/worktrees/6614/chirality/projects/chirality-piping/node_modules/react-dom/cjs/react-dom-client.development.js:874:13)
    at commitHookEffectListMount (/Users/ryan/.codex/worktrees/6614/chirality/projects/chirality-piping/node_modules/react-dom/cjs/react-dom-client.development.js:13249:29) undefined
Error: Not implemented: HTMLCanvasElement.prototype.getContext (without installing the canvas npm package)
    at module.exports (/Users/ryan/.codex/worktrees/6614/chirality/projects/chirality-piping/node_modules/jsdom/lib/jsdom/browser/not-implemented.js:9:17)
    at HTMLCanvasElementImpl.getContext (/Users/ryan/.codex/worktrees/6614/chirality/projects/chirality-piping/node_modules/jsdom/lib/jsdom/living/nodes/HTMLCanvasElement-impl.js:42:5)
    at HTMLCanvasElement.getContext (/Users/ryan/.codex/worktrees/6614/chirality/projects/chirality-piping/node_modules/jsdom/lib/jsdom/living/generated/HTMLCanvasElement.js:131:58)
    at getContext (file:///Users/ryan/.codex/worktrees/6614/chirality/projects/chirality-piping/node_modules/three/build/three.module.js:15443:18)
    at new WebGLRenderer (file:///Users/ryan/.codex/worktrees/6614/chirality/projects/chirality-piping/node_modules/three/build/three.module.js:15472:11)
    at new ViewportResource (/private/tmp/piping-engine-integration-20260925/projects/chirality-piping/apps/desktop/src/features/viewport/viewportResource.ts:509:21)
    at /private/tmp/piping-engine-integration-20260925/projects/chirality-piping/apps/desktop/src/features/viewport/PipeViewport.tsx:909:18
    at Object.react_stack_bottom_frame (/Users/ryan/.codex/worktrees/6614/chirality/projects/chirality-piping/node_modules/react-dom/cjs/react-dom-client.development.js:25989:20)
    at runWithFiberInDEV (/Users/ryan/.codex/worktrees/6614/chirality/projects/chirality-piping/node_modules/react-dom/cjs/react-dom-client.development.js:874:13)
    at commitHookEffectListMount (/Users/ryan/.codex/worktrees/6614/chirality/projects/chirality-piping/node_modules/react-dom/cjs/react-dom-client.development.js:13249:29) undefined
Error: Not implemented: HTMLCanvasElement.prototype.getContext (without installing the canvas npm package)
    at module.exports (/Users/ryan/.codex/worktrees/6614/chirality/projects/chirality-piping/node_modules/jsdom/lib/jsdom/browser/not-implemented.js:9:17)
    at HTMLCanvasElementImpl.getContext (/Users/ryan/.codex/worktrees/6614/chirality/projects/chirality-piping/node_modules/jsdom/lib/jsdom/living/nodes/HTMLCanvasElement-impl.js:42:5)
    at HTMLCanvasElement.getContext (/Users/ryan/.codex/worktrees/6614/chirality/projects/chirality-piping/node_modules/jsdom/lib/jsdom/living/generated/HTMLCanvasElement.js:131:58)
    at getContext (file:///Users/ryan/.codex/worktrees/6614/chirality/projects/chirality-piping/node_modules/three/build/three.module.js:15443:18)
    at new WebGLRenderer (file:///Users/ryan/.codex/worktrees/6614/chirality/projects/chirality-piping/node_modules/three/build/three.module.js:15476:11)
    at new ViewportResource (/private/tmp/piping-engine-integration-20260925/projects/chirality-piping/apps/desktop/src/features/viewport/viewportResource.ts:509:21)
    at /private/tmp/piping-engine-integration-20260925/projects/chirality-piping/apps/desktop/src/features/viewport/PipeViewport.tsx:909:18
    at Object.react_stack_bottom_frame (/Users/ryan/.codex/worktrees/6614/chirality/projects/chirality-piping/node_modules/react-dom/cjs/react-dom-client.development.js:25989:20)
    at runWithFiberInDEV (/Users/ryan/.codex/worktrees/6614/chirality/projects/chirality-piping/node_modules/react-dom/cjs/react-dom-client.development.js:874:13)
    at commitHookEffectListMount (/Users/ryan/.codex/worktrees/6614/chirality/projects/chirality-piping/node_modules/react-dom/cjs/react-dom-client.development.js:13249:29) undefined
Error: Not implemented: HTMLCanvasElement.prototype.getContext (without installing the canvas npm package)
    at module.exports (/Users/ryan/.codex/worktrees/6614/chirality/projects/chirality-piping/node_modules/jsdom/lib/jsdom/browser/not-implemented.js:9:17)
    at HTMLCanvasElementImpl.getContext (/Users/ryan/.codex/worktrees/6614/chirality/projects/chirality-piping/node_modules/jsdom/lib/jsdom/living/nodes/HTMLCanvasElement-impl.js:42:5)
    at HTMLCanvasElement.getContext (/Users/ryan/.codex/worktrees/6614/chirality/projects/chirality-piping/node_modules/jsdom/lib/jsdom/living/generated/HTMLCanvasElement.js:131:58)
    at getContext (file:///Users/ryan/.codex/worktrees/6614/chirality/projects/chirality-piping/node_modules/three/build/three.module.js:15443:18)
    at new WebGLRenderer (file:///Users/ryan/.codex/worktrees/6614/chirality/projects/chirality-piping/node_modules/three/build/three.module.js:15472:11)
    at new ViewportResource (/private/tmp/piping-engine-integration-20260925/projects/chirality-piping/apps/desktop/src/features/viewport/viewportResource.ts:509:21)
    at /private/tmp/piping-engine-integration-20260925/projects/chirality-piping/apps/desktop/src/features/viewport/PipeViewport.tsx:909:18
    at Object.react_stack_bottom_frame (/Users/ryan/.codex/worktrees/6614/chirality/projects/chirality-piping/node_modules/react-dom/cjs/react-dom-client.development.js:25989:20)
    at runWithFiberInDEV (/Users/ryan/.codex/worktrees/6614/chirality/projects/chirality-piping/node_modules/react-dom/cjs/react-dom-client.development.js:874:13)
    at commitHookEffectListMount (/Users/ryan/.codex/worktrees/6614/chirality/projects/chirality-piping/node_modules/react-dom/cjs/react-dom-client.development.js:13249:29) undefined
Error: Not implemented: HTMLCanvasElement.prototype.getContext (without installing the canvas npm package)
    at module.exports (/Users/ryan/.codex/worktrees/6614/chirality/projects/chirality-piping/node_modules/jsdom/lib/jsdom/browser/not-implemented.js:9:17)
    at HTMLCanvasElementImpl.getContext (/Users/ryan/.codex/worktrees/6614/chirality/projects/chirality-piping/node_modules/jsdom/lib/jsdom/living/nodes/HTMLCanvasElement-impl.js:42:5)
    at HTMLCanvasElement.getContext (/Users/ryan/.codex/worktrees/6614/chirality/projects/chirality-piping/node_modules/jsdom/lib/jsdom/living/generated/HTMLCanvasElement.js:131:58)
    at getContext (file:///Users/ryan/.codex/worktrees/6614/chirality/projects/chirality-piping/node_modules/three/build/three.module.js:15443:18)
    at new WebGLRenderer (file:///Users/ryan/.codex/worktrees/6614/chirality/projects/chirality-piping/node_modules/three/build/three.module.js:15476:11)
    at new ViewportResource (/private/tmp/piping-engine-integration-20260925/projects/chirality-piping/apps/desktop/src/features/viewport/viewportResource.ts:509:21)
    at /private/tmp/piping-engine-integration-20260925/projects/chirality-piping/apps/desktop/src/features/viewport/PipeViewport.tsx:909:18
    at Object.react_stack_bottom_frame (/Users/ryan/.codex/worktrees/6614/chirality/projects/chirality-piping/node_modules/react-dom/cjs/react-dom-client.development.js:25989:20)
    at runWithFiberInDEV (/Users/ryan/.codex/worktrees/6614/chirality/projects/chirality-piping/node_modules/react-dom/cjs/react-dom-client.development.js:874:13)
    at commitHookEffectListMount (/Users/ryan/.codex/worktrees/6614/chirality/projects/chirality-piping/node_modules/react-dom/cjs/react-dom-client.development.js:13249:29) undefined
Error: Not implemented: HTMLCanvasElement.prototype.getContext (without installing the canvas npm package)
    at module.exports (/Users/ryan/.codex/worktrees/6614/chirality/projects/chirality-piping/node_modules/jsdom/lib/jsdom/browser/not-implemented.js:9:17)
    at HTMLCanvasElementImpl.getContext (/Users/ryan/.codex/worktrees/6614/chirality/projects/chirality-piping/node_modules/jsdom/lib/jsdom/living/nodes/HTMLCanvasElement-impl.js:42:5)
    at HTMLCanvasElement.getContext (/Users/ryan/.codex/worktrees/6614/chirality/projects/chirality-piping/node_modules/jsdom/lib/jsdom/living/generated/HTMLCanvasElement.js:131:58)
    at getContext (file:///Users/ryan/.codex/worktrees/6614/chirality/projects/chirality-piping/node_modules/three/build/three.module.js:15443:18)
    at new WebGLRenderer (file:///Users/ryan/.codex/worktrees/6614/chirality/projects/chirality-piping/node_modules/three/build/three.module.js:15472:11)
    at new ViewportResource (/private/tmp/piping-engine-integration-20260925/projects/chirality-piping/apps/desktop/src/features/viewport/viewportResource.ts:509:21)
    at /private/tmp/piping-engine-integration-20260925/projects/chirality-piping/apps/desktop/src/features/viewport/PipeViewport.tsx:909:18
    at Object.react_stack_bottom_frame (/Users/ryan/.codex/worktrees/6614/chirality/projects/chirality-piping/node_modules/react-dom/cjs/react-dom-client.development.js:25989:20)
    at runWithFiberInDEV (/Users/ryan/.codex/worktrees/6614/chirality/projects/chirality-piping/node_modules/react-dom/cjs/react-dom-client.development.js:874:13)
    at commitHookEffectListMount (/Users/ryan/.codex/worktrees/6614/chirality/projects/chirality-piping/node_modules/react-dom/cjs/react-dom-client.development.js:13249:29) undefined
Error: Not implemented: HTMLCanvasElement.prototype.getContext (without installing the canvas npm package)
    at module.exports (/Users/ryan/.codex/worktrees/6614/chirality/projects/chirality-piping/node_modules/jsdom/lib/jsdom/browser/not-implemented.js:9:17)
    at HTMLCanvasElementImpl.getContext (/Users/ryan/.codex/worktrees/6614/chirality/projects/chirality-piping/node_modules/jsdom/lib/jsdom/living/nodes/HTMLCanvasElement-impl.js:42:5)
    at HTMLCanvasElement.getContext (/Users/ryan/.codex/worktrees/6614/chirality/projects/chirality-piping/node_modules/jsdom/lib/jsdom/living/generated/HTMLCanvasElement.js:131:58)
    at getContext (file:///Users/ryan/.codex/worktrees/6614/chirality/projects/chirality-piping/node_modules/three/build/three.module.js:15443:18)
    at new WebGLRenderer (file:///Users/ryan/.codex/worktrees/6614/chirality/projects/chirality-piping/node_modules/three/build/three.module.js:15476:11)
    at new ViewportResource (/private/tmp/piping-engine-integration-20260925/projects/chirality-piping/apps/desktop/src/features/viewport/viewportResource.ts:509:21)
    at /private/tmp/piping-engine-integration-20260925/projects/chirality-piping/apps/desktop/src/features/viewport/PipeViewport.tsx:909:18
    at Object.react_stack_bottom_frame (/Users/ryan/.codex/worktrees/6614/chirality/projects/chirality-piping/node_modules/react-dom/cjs/react-dom-client.development.js:25989:20)
    at runWithFiberInDEV (/Users/ryan/.codex/worktrees/6614/chirality/projects/chirality-piping/node_modules/react-dom/cjs/react-dom-client.development.js:874:13)
    at commitHookEffectListMount (/Users/ryan/.codex/worktrees/6614/chirality/projects/chirality-piping/node_modules/react-dom/cjs/react-dom-client.development.js:13249:29) undefined
Error: Not implemented: HTMLCanvasElement.prototype.getContext (without installing the canvas npm package)
    at module.exports (/Users/ryan/.codex/worktrees/6614/chirality/projects/chirality-piping/node_modules/jsdom/lib/jsdom/browser/not-implemented.js:9:17)
    at HTMLCanvasElementImpl.getContext (/Users/ryan/.codex/worktrees/6614/chirality/projects/chirality-piping/node_modules/jsdom/lib/jsdom/living/nodes/HTMLCanvasElement-impl.js:42:5)
    at HTMLCanvasElement.getContext (/Users/ryan/.codex/worktrees/6614/chirality/projects/chirality-piping/node_modules/jsdom/lib/jsdom/living/generated/HTMLCanvasElement.js:131:58)
    at getContext (file:///Users/ryan/.codex/worktrees/6614/chirality/projects/chirality-piping/node_modules/three/build/three.module.js:15443:18)
    at new WebGLRenderer (file:///Users/ryan/.codex/worktrees/6614/chirality/projects/chirality-piping/node_modules/three/build/three.module.js:15472:11)
    at new ViewportResource (/private/tmp/piping-engine-integration-20260925/projects/chirality-piping/apps/desktop/src/features/viewport/viewportResource.ts:509:21)
    at /private/tmp/piping-engine-integration-20260925/projects/chirality-piping/apps/desktop/src/features/viewport/PipeViewport.tsx:909:18
    at Object.react_stack_bottom_frame (/Users/ryan/.codex/worktrees/6614/chirality/projects/chirality-piping/node_modules/react-dom/cjs/react-dom-client.development.js:25989:20)
    at runWithFiberInDEV (/Users/ryan/.codex/worktrees/6614/chirality/projects/chirality-piping/node_modules/react-dom/cjs/react-dom-client.development.js:874:13)
    at commitHookEffectListMount (/Users/ryan/.codex/worktrees/6614/chirality/projects/chirality-piping/node_modules/react-dom/cjs/react-dom-client.development.js:13249:29) undefined
Error: Not implemented: HTMLCanvasElement.prototype.getContext (without installing the canvas npm package)
    at module.exports (/Users/ryan/.codex/worktrees/6614/chirality/projects/chirality-piping/node_modules/jsdom/lib/jsdom/browser/not-implemented.js:9:17)
    at HTMLCanvasElementImpl.getContext (/Users/ryan/.codex/worktrees/6614/chirality/projects/chirality-piping/node_modules/jsdom/lib/jsdom/living/nodes/HTMLCanvasElement-impl.js:42:5)
    at HTMLCanvasElement.getContext (/Users/ryan/.codex/worktrees/6614/chirality/projects/chirality-piping/node_modules/jsdom/lib/jsdom/living/generated/HTMLCanvasElement.js:131:58)
    at getContext (file:///Users/ryan/.codex/worktrees/6614/chirality/projects/chirality-piping/node_modules/three/build/three.module.js:15443:18)
    at new WebGLRenderer (file:///Users/ryan/.codex/worktrees/6614/chirality/projects/chirality-piping/node_modules/three/build/three.module.js:15476:11)
    at new ViewportResource (/private/tmp/piping-engine-integration-20260925/projects/chirality-piping/apps/desktop/src/features/viewport/viewportResource.ts:509:21)
    at /private/tmp/piping-engine-integration-20260925/projects/chirality-piping/apps/desktop/src/features/viewport/PipeViewport.tsx:909:18
    at Object.react_stack_bottom_frame (/Users/ryan/.codex/worktrees/6614/chirality/projects/chirality-piping/node_modules/react-dom/cjs/react-dom-client.development.js:25989:20)
    at runWithFiberInDEV (/Users/ryan/.codex/worktrees/6614/chirality/projects/chirality-piping/node_modules/react-dom/cjs/react-dom-client.development.js:874:13)
    at commitHookEffectListMount (/Users/ryan/.codex/worktrees/6614/chirality/projects/chirality-piping/node_modules/react-dom/cjs/react-dom-client.development.js:13249:29) undefined
Error: Not implemented: HTMLCanvasElement.prototype.getContext (without installing the canvas npm package)
    at module.exports (/Users/ryan/.codex/worktrees/6614/chirality/projects/chirality-piping/node_modules/jsdom/lib/jsdom/browser/not-implemented.js:9:17)
    at HTMLCanvasElementImpl.getContext (/Users/ryan/.codex/worktrees/6614/chirality/projects/chirality-piping/node_modules/jsdom/lib/jsdom/living/nodes/HTMLCanvasElement-impl.js:42:5)
    at HTMLCanvasElement.getContext (/Users/ryan/.codex/worktrees/6614/chirality/projects/chirality-piping/node_modules/jsdom/lib/jsdom/living/generated/HTMLCanvasElement.js:131:58)
    at getContext (file:///Users/ryan/.codex/worktrees/6614/chirality/projects/chirality-piping/node_modules/three/build/three.module.js:15443:18)
    at new WebGLRenderer (file:///Users/ryan/.codex/worktrees/6614/chirality/projects/chirality-piping/node_modules/three/build/three.module.js:15472:11)
    at new ViewportResource (/private/tmp/piping-engine-integration-20260925/projects/chirality-piping/apps/desktop/src/features/viewport/viewportResource.ts:509:21)
    at /private/tmp/piping-engine-integration-20260925/projects/chirality-piping/apps/desktop/src/features/viewport/PipeViewport.tsx:909:18
    at Object.react_stack_bottom_frame (/Users/ryan/.codex/worktrees/6614/chirality/projects/chirality-piping/node_modules/react-dom/cjs/react-dom-client.development.js:25989:20)
    at runWithFiberInDEV (/Users/ryan/.codex/worktrees/6614/chirality/projects/chirality-piping/node_modules/react-dom/cjs/react-dom-client.development.js:874:13)
    at commitHookEffectListMount (/Users/ryan/.codex/worktrees/6614/chirality/projects/chirality-piping/node_modules/react-dom/cjs/react-dom-client.development.js:13249:29) undefined
Error: Not implemented: HTMLCanvasElement.prototype.getContext (without installing the canvas npm package)
    at module.exports (/Users/ryan/.codex/worktrees/6614/chirality/projects/chirality-piping/node_modules/jsdom/lib/jsdom/browser/not-implemented.js:9:17)
    at HTMLCanvasElementImpl.getContext (/Users/ryan/.codex/worktrees/6614/chirality/projects/chirality-piping/node_modules/jsdom/lib/jsdom/living/nodes/HTMLCanvasElement-impl.js:42:5)
    at HTMLCanvasElement.getContext (/Users/ryan/.codex/worktrees/6614/chirality/projects/chirality-piping/node_modules/jsdom/lib/jsdom/living/generated/HTMLCanvasElement.js:131:58)
    at getContext (file:///Users/ryan/.codex/worktrees/6614/chirality/projects/chirality-piping/node_modules/three/build/three.module.js:15443:18)
    at new WebGLRenderer (file:///Users/ryan/.codex/worktrees/6614/chirality/projects/chirality-piping/node_modules/three/build/three.module.js:15476:11)
    at new ViewportResource (/private/tmp/piping-engine-integration-20260925/projects/chirality-piping/apps/desktop/src/features/viewport/viewportResource.ts:509:21)
    at /private/tmp/piping-engine-integration-20260925/projects/chirality-piping/apps/desktop/src/features/viewport/PipeViewport.tsx:909:18
    at Object.react_stack_bottom_frame (/Users/ryan/.codex/worktrees/6614/chirality/projects/chirality-piping/node_modules/react-dom/cjs/react-dom-client.development.js:25989:20)
    at runWithFiberInDEV (/Users/ryan/.codex/worktrees/6614/chirality/projects/chirality-piping/node_modules/react-dom/cjs/react-dom-client.development.js:874:13)
    at commitHookEffectListMount (/Users/ryan/.codex/worktrees/6614/chirality/projects/chirality-piping/node_modules/react-dom/cjs/react-dom-client.development.js:13249:29) undefined
Error: Not implemented: HTMLCanvasElement.prototype.getContext (without installing the canvas npm package)
    at module.exports (/Users/ryan/.codex/worktrees/6614/chirality/projects/chirality-piping/node_modules/jsdom/lib/jsdom/browser/not-implemented.js:9:17)
    at HTMLCanvasElementImpl.getContext (/Users/ryan/.codex/worktrees/6614/chirality/projects/chirality-piping/node_modules/jsdom/lib/jsdom/living/nodes/HTMLCanvasElement-impl.js:42:5)
    at HTMLCanvasElement.getContext (/Users/ryan/.codex/worktrees/6614/chirality/projects/chirality-piping/node_modules/jsdom/lib/jsdom/living/generated/HTMLCanvasElement.js:131:58)
    at getContext (file:///Users/ryan/.codex/worktrees/6614/chirality/projects/chirality-piping/node_modules/three/build/three.module.js:15443:18)
    at new WebGLRenderer (file:///Users/ryan/.codex/worktrees/6614/chirality/projects/chirality-piping/node_modules/three/build/three.module.js:15472:11)
    at new ViewportResource (/private/tmp/piping-engine-integration-20260925/projects/chirality-piping/apps/desktop/src/features/viewport/viewportResource.ts:509:21)
    at /private/tmp/piping-engine-integration-20260925/projects/chirality-piping/apps/desktop/src/features/viewport/PipeViewport.tsx:909:18
    at Object.react_stack_bottom_frame (/Users/ryan/.codex/worktrees/6614/chirality/projects/chirality-piping/node_modules/react-dom/cjs/react-dom-client.development.js:25989:20)
    at runWithFiberInDEV (/Users/ryan/.codex/worktrees/6614/chirality/projects/chirality-piping/node_modules/react-dom/cjs/react-dom-client.development.js:874:13)
    at commitHookEffectListMount (/Users/ryan/.codex/worktrees/6614/chirality/projects/chirality-piping/node_modules/react-dom/cjs/react-dom-client.development.js:13249:29) undefined
Error: Not implemented: HTMLCanvasElement.prototype.getContext (without installing the canvas npm package)
    at module.exports (/Users/ryan/.codex/worktrees/6614/chirality/projects/chirality-piping/node_modules/jsdom/lib/jsdom/browser/not-implemented.js:9:17)
    at HTMLCanvasElementImpl.getContext (/Users/ryan/.codex/worktrees/6614/chirality/projects/chirality-piping/node_modules/jsdom/lib/jsdom/living/nodes/HTMLCanvasElement-impl.js:42:5)
    at HTMLCanvasElement.getContext (/Users/ryan/.codex/worktrees/6614/chirality/projects/chirality-piping/node_modules/jsdom/lib/jsdom/living/generated/HTMLCanvasElement.js:131:58)
    at getContext (file:///Users/ryan/.codex/worktrees/6614/chirality/projects/chirality-piping/node_modules/three/build/three.module.js:15443:18)
    at new WebGLRenderer (file:///Users/ryan/.codex/worktrees/6614/chirality/projects/chirality-piping/node_modules/three/build/three.module.js:15476:11)
    at new ViewportResource (/private/tmp/piping-engine-integration-20260925/projects/chirality-piping/apps/desktop/src/features/viewport/viewportResource.ts:509:21)
    at /private/tmp/piping-engine-integration-20260925/projects/chirality-piping/apps/desktop/src/features/viewport/PipeViewport.tsx:909:18
    at Object.react_stack_bottom_frame (/Users/ryan/.codex/worktrees/6614/chirality/projects/chirality-piping/node_modules/react-dom/cjs/react-dom-client.development.js:25989:20)
    at runWithFiberInDEV (/Users/ryan/.codex/worktrees/6614/chirality/projects/chirality-piping/node_modules/react-dom/cjs/react-dom-client.development.js:874:13)
    at commitHookEffectListMount (/Users/ryan/.codex/worktrees/6614/chirality/projects/chirality-piping/node_modules/react-dom/cjs/react-dom-client.development.js:13249:29) undefined
Error: Not implemented: HTMLCanvasElement.prototype.getContext (without installing the canvas npm package)
    at module.exports (/Users/ryan/.codex/worktrees/6614/chirality/projects/chirality-piping/node_modules/jsdom/lib/jsdom/browser/not-implemented.js:9:17)
    at HTMLCanvasElementImpl.getContext (/Users/ryan/.codex/worktrees/6614/chirality/projects/chirality-piping/node_modules/jsdom/lib/jsdom/living/nodes/HTMLCanvasElement-impl.js:42:5)
    at HTMLCanvasElement.getContext (/Users/ryan/.codex/worktrees/6614/chirality/projects/chirality-piping/node_modules/jsdom/lib/jsdom/living/generated/HTMLCanvasElement.js:131:58)
    at getContext (file:///Users/ryan/.codex/worktrees/6614/chirality/projects/chirality-piping/node_modules/three/build/three.module.js:15443:18)
    at new WebGLRenderer (file:///Users/ryan/.codex/worktrees/6614/chirality/projects/chirality-piping/node_modules/three/build/three.module.js:15472:11)
    at new ViewportResource (/private/tmp/piping-engine-integration-20260925/projects/chirality-piping/apps/desktop/src/features/viewport/viewportResource.ts:509:21)
    at /private/tmp/piping-engine-integration-20260925/projects/chirality-piping/apps/desktop/src/features/viewport/PipeViewport.tsx:909:18
    at Object.react_stack_bottom_frame (/Users/ryan/.codex/worktrees/6614/chirality/projects/chirality-piping/node_modules/react-dom/cjs/react-dom-client.development.js:25989:20)
    at runWithFiberInDEV (/Users/ryan/.codex/worktrees/6614/chirality/projects/chirality-piping/node_modules/react-dom/cjs/react-dom-client.development.js:874:13)
    at commitHookEffectListMount (/Users/ryan/.codex/worktrees/6614/chirality/projects/chirality-piping/node_modules/react-dom/cjs/react-dom-client.development.js:13249:29) undefined
Error: Not implemented: HTMLCanvasElement.prototype.getContext (without installing the canvas npm package)
    at module.exports (/Users/ryan/.codex/worktrees/6614/chirality/projects/chirality-piping/node_modules/jsdom/lib/jsdom/browser/not-implemented.js:9:17)
    at HTMLCanvasElementImpl.getContext (/Users/ryan/.codex/worktrees/6614/chirality/projects/chirality-piping/node_modules/jsdom/lib/jsdom/living/nodes/HTMLCanvasElement-impl.js:42:5)
    at HTMLCanvasElement.getContext (/Users/ryan/.codex/worktrees/6614/chirality/projects/chirality-piping/node_modules/jsdom/lib/jsdom/living/generated/HTMLCanvasElement.js:131:58)
    at getContext (file:///Users/ryan/.codex/worktrees/6614/chirality/projects/chirality-piping/node_modules/three/build/three.module.js:15443:18)
    at new WebGLRenderer (file:///Users/ryan/.codex/worktrees/6614/chirality/projects/chirality-piping/node_modules/three/build/three.module.js:15476:11)
    at new ViewportResource (/private/tmp/piping-engine-integration-20260925/projects/chirality-piping/apps/desktop/src/features/viewport/viewportResource.ts:509:21)
    at /private/tmp/piping-engine-integration-20260925/projects/chirality-piping/apps/desktop/src/features/viewport/PipeViewport.tsx:909:18
    at Object.react_stack_bottom_frame (/Users/ryan/.codex/worktrees/6614/chirality/projects/chirality-piping/node_modules/react-dom/cjs/react-dom-client.development.js:25989:20)
    at runWithFiberInDEV (/Users/ryan/.codex/worktrees/6614/chirality/projects/chirality-piping/node_modules/react-dom/cjs/react-dom-client.development.js:874:13)
    at commitHookEffectListMount (/Users/ryan/.codex/worktrees/6614/chirality/projects/chirality-piping/node_modules/react-dom/cjs/react-dom-client.development.js:13249:29) undefined
Error: Not implemented: HTMLCanvasElement.prototype.getContext (without installing the canvas npm package)
    at module.exports (/Users/ryan/.codex/worktrees/6614/chirality/projects/chirality-piping/node_modules/jsdom/lib/jsdom/browser/not-implemented.js:9:17)
    at HTMLCanvasElementImpl.getContext (/Users/ryan/.codex/worktrees/6614/chirality/projects/chirality-piping/node_modules/jsdom/lib/jsdom/living/nodes/HTMLCanvasElement-impl.js:42:5)
    at HTMLCanvasElement.getContext (/Users/ryan/.codex/worktrees/6614/chirality/projects/chirality-piping/node_modules/jsdom/lib/jsdom/living/generated/HTMLCanvasElement.js:131:58)
    at getContext (file:///Users/ryan/.codex/worktrees/6614/chirality/projects/chirality-piping/node_modules/three/build/three.module.js:15443:18)
    at new WebGLRenderer (file:///Users/ryan/.codex/worktrees/6614/chirality/projects/chirality-piping/node_modules/three/build/three.module.js:15472:11)
    at new ViewportResource (/private/tmp/piping-engine-integration-20260925/projects/chirality-piping/apps/desktop/src/features/viewport/viewportResource.ts:509:21)
    at /private/tmp/piping-engine-integration-20260925/projects/chirality-piping/apps/desktop/src/features/viewport/PipeViewport.tsx:909:18
    at Object.react_stack_bottom_frame (/Users/ryan/.codex/worktrees/6614/chirality/projects/chirality-piping/node_modules/react-dom/cjs/react-dom-client.development.js:25989:20)
    at runWithFiberInDEV (/Users/ryan/.codex/worktrees/6614/chirality/projects/chirality-piping/node_modules/react-dom/cjs/react-dom-client.development.js:874:13)
    at commitHookEffectListMount (/Users/ryan/.codex/worktrees/6614/chirality/projects/chirality-piping/node_modules/react-dom/cjs/react-dom-client.development.js:13249:29) undefined
Error: Not implemented: HTMLCanvasElement.prototype.getContext (without installing the canvas npm package)
    at module.exports (/Users/ryan/.codex/worktrees/6614/chirality/projects/chirality-piping/node_modules/jsdom/lib/jsdom/browser/not-implemented.js:9:17)
    at HTMLCanvasElementImpl.getContext (/Users/ryan/.codex/worktrees/6614/chirality/projects/chirality-piping/node_modules/jsdom/lib/jsdom/living/nodes/HTMLCanvasElement-impl.js:42:5)
    at HTMLCanvasElement.getContext (/Users/ryan/.codex/worktrees/6614/chirality/projects/chirality-piping/node_modules/jsdom/lib/jsdom/living/generated/HTMLCanvasElement.js:131:58)
    at getContext (file:///Users/ryan/.codex/worktrees/6614/chirality/projects/chirality-piping/node_modules/three/build/three.module.js:15443:18)
    at new WebGLRenderer (file:///Users/ryan/.codex/worktrees/6614/chirality/projects/chirality-piping/node_modules/three/build/three.module.js:15476:11)
    at new ViewportResource (/private/tmp/piping-engine-integration-20260925/projects/chirality-piping/apps/desktop/src/features/viewport/viewportResource.ts:509:21)
    at /private/tmp/piping-engine-integration-20260925/projects/chirality-piping/apps/desktop/src/features/viewport/PipeViewport.tsx:909:18
    at Object.react_stack_bottom_frame (/Users/ryan/.codex/worktrees/6614/chirality/projects/chirality-piping/node_modules/react-dom/cjs/react-dom-client.development.js:25989:20)
    at runWithFiberInDEV (/Users/ryan/.codex/worktrees/6614/chirality/projects/chirality-piping/node_modules/react-dom/cjs/react-dom-client.development.js:874:13)
    at commitHookEffectListMount (/Users/ryan/.codex/worktrees/6614/chirality/projects/chirality-piping/node_modules/react-dom/cjs/react-dom-client.development.js:13249:29) undefined
Error: Not implemented: HTMLCanvasElement.prototype.getContext (without installing the canvas npm package)
    at module.exports (/Users/ryan/.codex/worktrees/6614/chirality/projects/chirality-piping/node_modules/jsdom/lib/jsdom/browser/not-implemented.js:9:17)
    at HTMLCanvasElementImpl.getContext (/Users/ryan/.codex/worktrees/6614/chirality/projects/chirality-piping/node_modules/jsdom/lib/jsdom/living/nodes/HTMLCanvasElement-impl.js:42:5)
    at HTMLCanvasElement.getContext (/Users/ryan/.codex/worktrees/6614/chirality/projects/chirality-piping/node_modules/jsdom/lib/jsdom/living/generated/HTMLCanvasElement.js:131:58)
    at getContext (file:///Users/ryan/.codex/worktrees/6614/chirality/projects/chirality-piping/node_modules/three/build/three.module.js:15443:18)
    at new WebGLRenderer (file:///Users/ryan/.codex/worktrees/6614/chirality/projects/chirality-piping/node_modules/three/build/three.module.js:15472:11)
    at new ViewportResource (/private/tmp/piping-engine-integration-20260925/projects/chirality-piping/apps/desktop/src/features/viewport/viewportResource.ts:509:21)
    at /private/tmp/piping-engine-integration-20260925/projects/chirality-piping/apps/desktop/src/features/viewport/PipeViewport.tsx:909:18
    at Object.react_stack_bottom_frame (/Users/ryan/.codex/worktrees/6614/chirality/projects/chirality-piping/node_modules/react-dom/cjs/react-dom-client.development.js:25989:20)
    at runWithFiberInDEV (/Users/ryan/.codex/worktrees/6614/chirality/projects/chirality-piping/node_modules/react-dom/cjs/react-dom-client.development.js:874:13)
    at commitHookEffectListMount (/Users/ryan/.codex/worktrees/6614/chirality/projects/chirality-piping/node_modules/react-dom/cjs/react-dom-client.development.js:13249:29) undefined
Error: Not implemented: HTMLCanvasElement.prototype.getContext (without installing the canvas npm package)
    at module.exports (/Users/ryan/.codex/worktrees/6614/chirality/projects/chirality-piping/node_modules/jsdom/lib/jsdom/browser/not-implemented.js:9:17)
    at HTMLCanvasElementImpl.getContext (/Users/ryan/.codex/worktrees/6614/chirality/projects/chirality-piping/node_modules/jsdom/lib/jsdom/living/nodes/HTMLCanvasElement-impl.js:42:5)
    at HTMLCanvasElement.getContext (/Users/ryan/.codex/worktrees/6614/chirality/projects/chirality-piping/node_modules/jsdom/lib/jsdom/living/generated/HTMLCanvasElement.js:131:58)
    at getContext (file:///Users/ryan/.codex/worktrees/6614/chirality/projects/chirality-piping/node_modules/three/build/three.module.js:15443:18)
    at new WebGLRenderer (file:///Users/ryan/.codex/worktrees/6614/chirality/projects/chirality-piping/node_modules/three/build/three.module.js:15476:11)
    at new ViewportResource (/private/tmp/piping-engine-integration-20260925/projects/chirality-piping/apps/desktop/src/features/viewport/viewportResource.ts:509:21)
    at /private/tmp/piping-engine-integration-20260925/projects/chirality-piping/apps/desktop/src/features/viewport/PipeViewport.tsx:909:18
    at Object.react_stack_bottom_frame (/Users/ryan/.codex/worktrees/6614/chirality/projects/chirality-piping/node_modules/react-dom/cjs/react-dom-client.development.js:25989:20)
    at runWithFiberInDEV (/Users/ryan/.codex/worktrees/6614/chirality/projects/chirality-piping/node_modules/react-dom/cjs/react-dom-client.development.js:874:13)
    at commitHookEffectListMount (/Users/ryan/.codex/worktrees/6614/chirality/projects/chirality-piping/node_modules/react-dom/cjs/react-dom-client.development.js:13249:29) undefined
Error: Not implemented: HTMLCanvasElement.prototype.getContext (without installing the canvas npm package)
    at module.exports (/Users/ryan/.codex/worktrees/6614/chirality/projects/chirality-piping/node_modules/jsdom/lib/jsdom/browser/not-implemented.js:9:17)
    at HTMLCanvasElementImpl.getContext (/Users/ryan/.codex/worktrees/6614/chirality/projects/chirality-piping/node_modules/jsdom/lib/jsdom/living/nodes/HTMLCanvasElement-impl.js:42:5)
    at HTMLCanvasElement.getContext (/Users/ryan/.codex/worktrees/6614/chirality/projects/chirality-piping/node_modules/jsdom/lib/jsdom/living/generated/HTMLCanvasElement.js:131:58)
    at getContext (file:///Users/ryan/.codex/worktrees/6614/chirality/projects/chirality-piping/node_modules/three/build/three.module.js:15443:18)
    at new WebGLRenderer (file:///Users/ryan/.codex/worktrees/6614/chirality/projects/chirality-piping/node_modules/three/build/three.module.js:15472:11)
    at new ViewportResource (/private/tmp/piping-engine-integration-20260925/projects/chirality-piping/apps/desktop/src/features/viewport/viewportResource.ts:509:21)
    at /private/tmp/piping-engine-integration-20260925/projects/chirality-piping/apps/desktop/src/features/viewport/PipeViewport.tsx:909:18
    at Object.react_stack_bottom_frame (/Users/ryan/.codex/worktrees/6614/chirality/projects/chirality-piping/node_modules/react-dom/cjs/react-dom-client.development.js:25989:20)
    at runWithFiberInDEV (/Users/ryan/.codex/worktrees/6614/chirality/projects/chirality-piping/node_modules/react-dom/cjs/react-dom-client.development.js:874:13)
    at commitHookEffectListMount (/Users/ryan/.codex/worktrees/6614/chirality/projects/chirality-piping/node_modules/react-dom/cjs/react-dom-client.development.js:13249:29) undefined
Error: Not implemented: HTMLCanvasElement.prototype.getContext (without installing the canvas npm package)
    at module.exports (/Users/ryan/.codex/worktrees/6614/chirality/projects/chirality-piping/node_modules/jsdom/lib/jsdom/browser/not-implemented.js:9:17)
    at HTMLCanvasElementImpl.getContext (/Users/ryan/.codex/worktrees/6614/chirality/projects/chirality-piping/node_modules/jsdom/lib/jsdom/living/nodes/HTMLCanvasElement-impl.js:42:5)
    at HTMLCanvasElement.getContext (/Users/ryan/.codex/worktrees/6614/chirality/projects/chirality-piping/node_modules/jsdom/lib/jsdom/living/generated/HTMLCanvasElement.js:131:58)
    at getContext (file:///Users/ryan/.codex/worktrees/6614/chirality/projects/chirality-piping/node_modules/three/build/three.module.js:15443:18)
    at new WebGLRenderer (file:///Users/ryan/.codex/worktrees/6614/chirality/projects/chirality-piping/node_modules/three/build/three.module.js:15476:11)
    at new ViewportResource (/private/tmp/piping-engine-integration-20260925/projects/chirality-piping/apps/desktop/src/features/viewport/viewportResource.ts:509:21)
    at /private/tmp/piping-engine-integration-20260925/projects/chirality-piping/apps/desktop/src/features/viewport/PipeViewport.tsx:909:18
    at Object.react_stack_bottom_frame (/Users/ryan/.codex/worktrees/6614/chirality/projects/chirality-piping/node_modules/react-dom/cjs/react-dom-client.development.js:25989:20)
    at runWithFiberInDEV (/Users/ryan/.codex/worktrees/6614/chirality/projects/chirality-piping/node_modules/react-dom/cjs/react-dom-client.development.js:874:13)
    at commitHookEffectListMount (/Users/ryan/.codex/worktrees/6614/chirality/projects/chirality-piping/node_modules/react-dom/cjs/react-dom-client.development.js:13249:29) undefined
Error: Not implemented: HTMLCanvasElement.prototype.getContext (without installing the canvas npm package)
    at module.exports (/Users/ryan/.codex/worktrees/6614/chirality/projects/chirality-piping/node_modules/jsdom/lib/jsdom/browser/not-implemented.js:9:17)
    at HTMLCanvasElementImpl.getContext (/Users/ryan/.codex/worktrees/6614/chirality/projects/chirality-piping/node_modules/jsdom/lib/jsdom/living/nodes/HTMLCanvasElement-impl.js:42:5)
    at HTMLCanvasElement.getContext (/Users/ryan/.codex/worktrees/6614/chirality/projects/chirality-piping/node_modules/jsdom/lib/jsdom/living/generated/HTMLCanvasElement.js:131:58)
    at getContext (file:///Users/ryan/.codex/worktrees/6614/chirality/projects/chirality-piping/node_modules/three/build/three.module.js:15443:18)
    at new WebGLRenderer (file:///Users/ryan/.codex/worktrees/6614/chirality/projects/chirality-piping/node_modules/three/build/three.module.js:15472:11)
    at new ViewportResource (/private/tmp/piping-engine-integration-20260925/projects/chirality-piping/apps/desktop/src/features/viewport/viewportResource.ts:509:21)
    at /private/tmp/piping-engine-integration-20260925/projects/chirality-piping/apps/desktop/src/features/viewport/PipeViewport.tsx:909:18
    at Object.react_stack_bottom_frame (/Users/ryan/.codex/worktrees/6614/chirality/projects/chirality-piping/node_modules/react-dom/cjs/react-dom-client.development.js:25989:20)
    at runWithFiberInDEV (/Users/ryan/.codex/worktrees/6614/chirality/projects/chirality-piping/node_modules/react-dom/cjs/react-dom-client.development.js:874:13)
    at commitHookEffectListMount (/Users/ryan/.codex/worktrees/6614/chirality/projects/chirality-piping/node_modules/react-dom/cjs/react-dom-client.development.js:13249:29) undefined
Error: Not implemented: HTMLCanvasElement.prototype.getContext (without installing the canvas npm package)
    at module.exports (/Users/ryan/.codex/worktrees/6614/chirality/projects/chirality-piping/node_modules/jsdom/lib/jsdom/browser/not-implemented.js:9:17)
    at HTMLCanvasElementImpl.getContext (/Users/ryan/.codex/worktrees/6614/chirality/projects/chirality-piping/node_modules/jsdom/lib/jsdom/living/nodes/HTMLCanvasElement-impl.js:42:5)
    at HTMLCanvasElement.getContext (/Users/ryan/.codex/worktrees/6614/chirality/projects/chirality-piping/node_modules/jsdom/lib/jsdom/living/generated/HTMLCanvasElement.js:131:58)
    at getContext (file:///Users/ryan/.codex/worktrees/6614/chirality/projects/chirality-piping/node_modules/three/build/three.module.js:15443:18)
    at new WebGLRenderer (file:///Users/ryan/.codex/worktrees/6614/chirality/projects/chirality-piping/node_modules/three/build/three.module.js:15476:11)
    at new ViewportResource (/private/tmp/piping-engine-integration-20260925/projects/chirality-piping/apps/desktop/src/features/viewport/viewportResource.ts:509:21)
    at /private/tmp/piping-engine-integration-20260925/projects/chirality-piping/apps/desktop/src/features/viewport/PipeViewport.tsx:909:18
    at Object.react_stack_bottom_frame (/Users/ryan/.codex/worktrees/6614/chirality/projects/chirality-piping/node_modules/react-dom/cjs/react-dom-client.development.js:25989:20)
    at runWithFiberInDEV (/Users/ryan/.codex/worktrees/6614/chirality/projects/chirality-piping/node_modules/react-dom/cjs/react-dom-client.development.js:874:13)
    at commitHookEffectListMount (/Users/ryan/.codex/worktrees/6614/chirality/projects/chirality-piping/node_modules/react-dom/cjs/react-dom-client.development.js:13249:29) undefined
Error: Not implemented: HTMLCanvasElement.prototype.getContext (without installing the canvas npm package)
    at module.exports (/Users/ryan/.codex/worktrees/6614/chirality/projects/chirality-piping/node_modules/jsdom/lib/jsdom/browser/not-implemented.js:9:17)
    at HTMLCanvasElementImpl.getContext (/Users/ryan/.codex/worktrees/6614/chirality/projects/chirality-piping/node_modules/jsdom/lib/jsdom/living/nodes/HTMLCanvasElement-impl.js:42:5)
    at HTMLCanvasElement.getContext (/Users/ryan/.codex/worktrees/6614/chirality/projects/chirality-piping/node_modules/jsdom/lib/jsdom/living/generated/HTMLCanvasElement.js:131:58)
    at getContext (file:///Users/ryan/.codex/worktrees/6614/chirality/projects/chirality-piping/node_modules/three/build/three.module.js:15443:18)
    at new WebGLRenderer (file:///Users/ryan/.codex/worktrees/6614/chirality/projects/chirality-piping/node_modules/three/build/three.module.js:15472:11)
    at new ViewportResource (/private/tmp/piping-engine-integration-20260925/projects/chirality-piping/apps/desktop/src/features/viewport/viewportResource.ts:509:21)
    at /private/tmp/piping-engine-integration-20260925/projects/chirality-piping/apps/desktop/src/features/viewport/PipeViewport.tsx:909:18
    at Object.react_stack_bottom_frame (/Users/ryan/.codex/worktrees/6614/chirality/projects/chirality-piping/node_modules/react-dom/cjs/react-dom-client.development.js:25989:20)
    at runWithFiberInDEV (/Users/ryan/.codex/worktrees/6614/chirality/projects/chirality-piping/node_modules/react-dom/cjs/react-dom-client.development.js:874:13)
    at commitHookEffectListMount (/Users/ryan/.codex/worktrees/6614/chirality/projects/chirality-piping/node_modules/react-dom/cjs/react-dom-client.development.js:13249:29) undefined
Error: Not implemented: HTMLCanvasElement.prototype.getContext (without installing the canvas npm package)
    at module.exports (/Users/ryan/.codex/worktrees/6614/chirality/projects/chirality-piping/node_modules/jsdom/lib/jsdom/browser/not-implemented.js:9:17)
    at HTMLCanvasElementImpl.getContext (/Users/ryan/.codex/worktrees/6614/chirality/projects/chirality-piping/node_modules/jsdom/lib/jsdom/living/nodes/HTMLCanvasElement-impl.js:42:5)
    at HTMLCanvasElement.getContext (/Users/ryan/.codex/worktrees/6614/chirality/projects/chirality-piping/node_modules/jsdom/lib/jsdom/living/generated/HTMLCanvasElement.js:131:58)
    at getContext (file:///Users/ryan/.codex/worktrees/6614/chirality/projects/chirality-piping/node_modules/three/build/three.module.js:15443:18)
    at new WebGLRenderer (file:///Users/ryan/.codex/worktrees/6614/chirality/projects/chirality-piping/node_modules/three/build/three.module.js:15476:11)
    at new ViewportResource (/private/tmp/piping-engine-integration-20260925/projects/chirality-piping/apps/desktop/src/features/viewport/viewportResource.ts:509:21)
    at /private/tmp/piping-engine-integration-20260925/projects/chirality-piping/apps/desktop/src/features/viewport/PipeViewport.tsx:909:18
    at Object.react_stack_bottom_frame (/Users/ryan/.codex/worktrees/6614/chirality/projects/chirality-piping/node_modules/react-dom/cjs/react-dom-client.development.js:25989:20)
    at runWithFiberInDEV (/Users/ryan/.codex/worktrees/6614/chirality/projects/chirality-piping/node_modules/react-dom/cjs/react-dom-client.development.js:874:13)
    at commitHookEffectListMount (/Users/ryan/.codex/worktrees/6614/chirality/projects/chirality-piping/node_modules/react-dom/cjs/react-dom-client.development.js:13249:29) undefined
Error: Not implemented: HTMLCanvasElement.prototype.getContext (without installing the canvas npm package)
    at module.exports (/Users/ryan/.codex/worktrees/6614/chirality/projects/chirality-piping/node_modules/jsdom/lib/jsdom/browser/not-implemented.js:9:17)
    at HTMLCanvasElementImpl.getContext (/Users/ryan/.codex/worktrees/6614/chirality/projects/chirality-piping/node_modules/jsdom/lib/jsdom/living/nodes/HTMLCanvasElement-impl.js:42:5)
    at HTMLCanvasElement.getContext (/Users/ryan/.codex/worktrees/6614/chirality/projects/chirality-piping/node_modules/jsdom/lib/jsdom/living/generated/HTMLCanvasElement.js:131:58)
    at getContext (file:///Users/ryan/.codex/worktrees/6614/chirality/projects/chirality-piping/node_modules/three/build/three.module.js:15443:18)
    at new WebGLRenderer (file:///Users/ryan/.codex/worktrees/6614/chirality/projects/chirality-piping/node_modules/three/build/three.module.js:15472:11)
    at new ViewportResource (/private/tmp/piping-engine-integration-20260925/projects/chirality-piping/apps/desktop/src/features/viewport/viewportResource.ts:509:21)
    at /private/tmp/piping-engine-integration-20260925/projects/chirality-piping/apps/desktop/src/features/viewport/PipeViewport.tsx:909:18
    at Object.react_stack_bottom_frame (/Users/ryan/.codex/worktrees/6614/chirality/projects/chirality-piping/node_modules/react-dom/cjs/react-dom-client.development.js:25989:20)
    at runWithFiberInDEV (/Users/ryan/.codex/worktrees/6614/chirality/projects/chirality-piping/node_modules/react-dom/cjs/react-dom-client.development.js:874:13)
    at commitHookEffectListMount (/Users/ryan/.codex/worktrees/6614/chirality/projects/chirality-piping/node_modules/react-dom/cjs/react-dom-client.development.js:13249:29) undefined
Error: Not implemented: HTMLCanvasElement.prototype.getContext (without installing the canvas npm package)
    at module.exports (/Users/ryan/.codex/worktrees/6614/chirality/projects/chirality-piping/node_modules/jsdom/lib/jsdom/browser/not-implemented.js:9:17)
    at HTMLCanvasElementImpl.getContext (/Users/ryan/.codex/worktrees/6614/chirality/projects/chirality-piping/node_modules/jsdom/lib/jsdom/living/nodes/HTMLCanvasElement-impl.js:42:5)
    at HTMLCanvasElement.getContext (/Users/ryan/.codex/worktrees/6614/chirality/projects/chirality-piping/node_modules/jsdom/lib/jsdom/living/generated/HTMLCanvasElement.js:131:58)
    at getContext (file:///Users/ryan/.codex/worktrees/6614/chirality/projects/chirality-piping/node_modules/three/build/three.module.js:15443:18)
    at new WebGLRenderer (file:///Users/ryan/.codex/worktrees/6614/chirality/projects/chirality-piping/node_modules/three/build/three.module.js:15476:11)
    at new ViewportResource (/private/tmp/piping-engine-integration-20260925/projects/chirality-piping/apps/desktop/src/features/viewport/viewportResource.ts:509:21)
    at /private/tmp/piping-engine-integration-20260925/projects/chirality-piping/apps/desktop/src/features/viewport/PipeViewport.tsx:909:18
    at Object.react_stack_bottom_frame (/Users/ryan/.codex/worktrees/6614/chirality/projects/chirality-piping/node_modules/react-dom/cjs/react-dom-client.development.js:25989:20)
    at runWithFiberInDEV (/Users/ryan/.codex/worktrees/6614/chirality/projects/chirality-piping/node_modules/react-dom/cjs/react-dom-client.development.js:874:13)
    at commitHookEffectListMount (/Users/ryan/.codex/worktrees/6614/chirality/projects/chirality-piping/node_modules/react-dom/cjs/react-dom-client.development.js:13249:29) undefined
Error: Not implemented: HTMLCanvasElement.prototype.getContext (without installing the canvas npm package)
    at module.exports (/Users/ryan/.codex/worktrees/6614/chirality/projects/chirality-piping/node_modules/jsdom/lib/jsdom/browser/not-implemented.js:9:17)
    at HTMLCanvasElementImpl.getContext (/Users/ryan/.codex/worktrees/6614/chirality/projects/chirality-piping/node_modules/jsdom/lib/jsdom/living/nodes/HTMLCanvasElement-impl.js:42:5)
    at HTMLCanvasElement.getContext (/Users/ryan/.codex/worktrees/6614/chirality/projects/chirality-piping/node_modules/jsdom/lib/jsdom/living/generated/HTMLCanvasElement.js:131:58)
    at getContext (file:///Users/ryan/.codex/worktrees/6614/chirality/projects/chirality-piping/node_modules/three/build/three.module.js:15443:18)
    at new WebGLRenderer (file:///Users/ryan/.codex/worktrees/6614/chirality/projects/chirality-piping/node_modules/three/build/three.module.js:15472:11)
    at new ViewportResource (/private/tmp/piping-engine-integration-20260925/projects/chirality-piping/apps/desktop/src/features/viewport/viewportResource.ts:509:21)
    at /private/tmp/piping-engine-integration-20260925/projects/chirality-piping/apps/desktop/src/features/viewport/PipeViewport.tsx:909:18
    at Object.react_stack_bottom_frame (/Users/ryan/.codex/worktrees/6614/chirality/projects/chirality-piping/node_modules/react-dom/cjs/react-dom-client.development.js:25989:20)
    at runWithFiberInDEV (/Users/ryan/.codex/worktrees/6614/chirality/projects/chirality-piping/node_modules/react-dom/cjs/react-dom-client.development.js:874:13)
    at commitHookEffectListMount (/Users/ryan/.codex/worktrees/6614/chirality/projects/chirality-piping/node_modules/react-dom/cjs/react-dom-client.development.js:13249:29) undefined
Error: Not implemented: HTMLCanvasElement.prototype.getContext (without installing the canvas npm package)
    at module.exports (/Users/ryan/.codex/worktrees/6614/chirality/projects/chirality-piping/node_modules/jsdom/lib/jsdom/browser/not-implemented.js:9:17)
    at HTMLCanvasElementImpl.getContext (/Users/ryan/.codex/worktrees/6614/chirality/projects/chirality-piping/node_modules/jsdom/lib/jsdom/living/nodes/HTMLCanvasElement-impl.js:42:5)
    at HTMLCanvasElement.getContext (/Users/ryan/.codex/worktrees/6614/chirality/projects/chirality-piping/node_modules/jsdom/lib/jsdom/living/generated/HTMLCanvasElement.js:131:58)
    at getContext (file:///Users/ryan/.codex/worktrees/6614/chirality/projects/chirality-piping/node_modules/three/build/three.module.js:15443:18)
    at new WebGLRenderer (file:///Users/ryan/.codex/worktrees/6614/chirality/projects/chirality-piping/node_modules/three/build/three.module.js:15476:11)
    at new ViewportResource (/private/tmp/piping-engine-integration-20260925/projects/chirality-piping/apps/desktop/src/features/viewport/viewportResource.ts:509:21)
    at /private/tmp/piping-engine-integration-20260925/projects/chirality-piping/apps/desktop/src/features/viewport/PipeViewport.tsx:909:18
    at Object.react_stack_bottom_frame (/Users/ryan/.codex/worktrees/6614/chirality/projects/chirality-piping/node_modules/react-dom/cjs/react-dom-client.development.js:25989:20)
    at runWithFiberInDEV (/Users/ryan/.codex/worktrees/6614/chirality/projects/chirality-piping/node_modules/react-dom/cjs/react-dom-client.development.js:874:13)
    at commitHookEffectListMount (/Users/ryan/.codex/worktrees/6614/chirality/projects/chirality-piping/node_modules/react-dom/cjs/react-dom-client.development.js:13249:29) undefined
Error: Not implemented: HTMLCanvasElement.prototype.getContext (without installing the canvas npm package)
    at module.exports (/Users/ryan/.codex/worktrees/6614/chirality/projects/chirality-piping/node_modules/jsdom/lib/jsdom/browser/not-implemented.js:9:17)
    at HTMLCanvasElementImpl.getContext (/Users/ryan/.codex/worktrees/6614/chirality/projects/chirality-piping/node_modules/jsdom/lib/jsdom/living/nodes/HTMLCanvasElement-impl.js:42:5)
    at HTMLCanvasElement.getContext (/Users/ryan/.codex/worktrees/6614/chirality/projects/chirality-piping/node_modules/jsdom/lib/jsdom/living/generated/HTMLCanvasElement.js:131:58)
    at getContext (file:///Users/ryan/.codex/worktrees/6614/chirality/projects/chirality-piping/node_modules/three/build/three.module.js:15443:18)
    at new WebGLRenderer (file:///Users/ryan/.codex/worktrees/6614/chirality/projects/chirality-piping/node_modules/three/build/three.module.js:15472:11)
    at new ViewportResource (/private/tmp/piping-engine-integration-20260925/projects/chirality-piping/apps/desktop/src/features/viewport/viewportResource.ts:509:21)
    at /private/tmp/piping-engine-integration-20260925/projects/chirality-piping/apps/desktop/src/features/viewport/PipeViewport.tsx:909:18
    at Object.react_stack_bottom_frame (/Users/ryan/.codex/worktrees/6614/chirality/projects/chirality-piping/node_modules/react-dom/cjs/react-dom-client.development.js:25989:20)
    at runWithFiberInDEV (/Users/ryan/.codex/worktrees/6614/chirality/projects/chirality-piping/node_modules/react-dom/cjs/react-dom-client.development.js:874:13)
    at commitHookEffectListMount (/Users/ryan/.codex/worktrees/6614/chirality/projects/chirality-piping/node_modules/react-dom/cjs/react-dom-client.development.js:13249:29) undefined
Error: Not implemented: HTMLCanvasElement.prototype.getContext (without installing the canvas npm package)
    at module.exports (/Users/ryan/.codex/worktrees/6614/chirality/projects/chirality-piping/node_modules/jsdom/lib/jsdom/browser/not-implemented.js:9:17)
    at HTMLCanvasElementImpl.getContext (/Users/ryan/.codex/worktrees/6614/chirality/projects/chirality-piping/node_modules/jsdom/lib/jsdom/living/nodes/HTMLCanvasElement-impl.js:42:5)
    at HTMLCanvasElement.getContext (/Users/ryan/.codex/worktrees/6614/chirality/projects/chirality-piping/node_modules/jsdom/lib/jsdom/living/generated/HTMLCanvasElement.js:131:58)
    at getContext (file:///Users/ryan/.codex/worktrees/6614/chirality/projects/chirality-piping/node_modules/three/build/three.module.js:15443:18)
    at new WebGLRenderer (file:///Users/ryan/.codex/worktrees/6614/chirality/projects/chirality-piping/node_modules/three/build/three.module.js:15476:11)
    at new ViewportResource (/private/tmp/piping-engine-integration-20260925/projects/chirality-piping/apps/desktop/src/features/viewport/viewportResource.ts:509:21)
    at /private/tmp/piping-engine-integration-20260925/projects/chirality-piping/apps/desktop/src/features/viewport/PipeViewport.tsx:909:18
    at Object.react_stack_bottom_frame (/Users/ryan/.codex/worktrees/6614/chirality/projects/chirality-piping/node_modules/react-dom/cjs/react-dom-client.development.js:25989:20)
    at runWithFiberInDEV (/Users/ryan/.codex/worktrees/6614/chirality/projects/chirality-piping/node_modules/react-dom/cjs/react-dom-client.development.js:874:13)
    at commitHookEffectListMount (/Users/ryan/.codex/worktrees/6614/chirality/projects/chirality-piping/node_modules/react-dom/cjs/react-dom-client.development.js:13249:29) undefined
Error: Not implemented: HTMLCanvasElement.prototype.getContext (without installing the canvas npm package)
    at module.exports (/Users/ryan/.codex/worktrees/6614/chirality/projects/chirality-piping/node_modules/jsdom/lib/jsdom/browser/not-implemented.js:9:17)
    at HTMLCanvasElementImpl.getContext (/Users/ryan/.codex/worktrees/6614/chirality/projects/chirality-piping/node_modules/jsdom/lib/jsdom/living/nodes/HTMLCanvasElement-impl.js:42:5)
    at HTMLCanvasElement.getContext (/Users/ryan/.codex/worktrees/6614/chirality/projects/chirality-piping/node_modules/jsdom/lib/jsdom/living/generated/HTMLCanvasElement.js:131:58)
    at getContext (file:///Users/ryan/.codex/worktrees/6614/chirality/projects/chirality-piping/node_modules/three/build/three.module.js:15443:18)
    at new WebGLRenderer (file:///Users/ryan/.codex/worktrees/6614/chirality/projects/chirality-piping/node_modules/three/build/three.module.js:15472:11)
    at new ViewportResource (/private/tmp/piping-engine-integration-20260925/projects/chirality-piping/apps/desktop/src/features/viewport/viewportResource.ts:509:21)
    at /private/tmp/piping-engine-integration-20260925/projects/chirality-piping/apps/desktop/src/features/viewport/PipeViewport.tsx:909:18
    at Object.react_stack_bottom_frame (/Users/ryan/.codex/worktrees/6614/chirality/projects/chirality-piping/node_modules/react-dom/cjs/react-dom-client.development.js:25989:20)
    at runWithFiberInDEV (/Users/ryan/.codex/worktrees/6614/chirality/projects/chirality-piping/node_modules/react-dom/cjs/react-dom-client.development.js:874:13)
    at commitHookEffectListMount (/Users/ryan/.codex/worktrees/6614/chirality/projects/chirality-piping/node_modules/react-dom/cjs/react-dom-client.development.js:13249:29) undefined
Error: Not implemented: HTMLCanvasElement.prototype.getContext (without installing the canvas npm package)
    at module.exports (/Users/ryan/.codex/worktrees/6614/chirality/projects/chirality-piping/node_modules/jsdom/lib/jsdom/browser/not-implemented.js:9:17)
    at HTMLCanvasElementImpl.getContext (/Users/ryan/.codex/worktrees/6614/chirality/projects/chirality-piping/node_modules/jsdom/lib/jsdom/living/nodes/HTMLCanvasElement-impl.js:42:5)
    at HTMLCanvasElement.getContext (/Users/ryan/.codex/worktrees/6614/chirality/projects/chirality-piping/node_modules/jsdom/lib/jsdom/living/generated/HTMLCanvasElement.js:131:58)
    at getContext (file:///Users/ryan/.codex/worktrees/6614/chirality/projects/chirality-piping/node_modules/three/build/three.module.js:15443:18)
    at new WebGLRenderer (file:///Users/ryan/.codex/worktrees/6614/chirality/projects/chirality-piping/node_modules/three/build/three.module.js:15476:11)
    at new ViewportResource (/private/tmp/piping-engine-integration-20260925/projects/chirality-piping/apps/desktop/src/features/viewport/viewportResource.ts:509:21)
    at /private/tmp/piping-engine-integration-20260925/projects/chirality-piping/apps/desktop/src/features/viewport/PipeViewport.tsx:909:18
    at Object.react_stack_bottom_frame (/Users/ryan/.codex/worktrees/6614/chirality/projects/chirality-piping/node_modules/react-dom/cjs/react-dom-client.development.js:25989:20)
    at runWithFiberInDEV (/Users/ryan/.codex/worktrees/6614/chirality/projects/chirality-piping/node_modules/react-dom/cjs/react-dom-client.development.js:874:13)
    at commitHookEffectListMount (/Users/ryan/.codex/worktrees/6614/chirality/projects/chirality-piping/node_modules/react-dom/cjs/react-dom-client.development.js:13249:29) undefined
Error: Not implemented: HTMLCanvasElement.prototype.getContext (without installing the canvas npm package)
    at module.exports (/Users/ryan/.codex/worktrees/6614/chirality/projects/chirality-piping/node_modules/jsdom/lib/jsdom/browser/not-implemented.js:9:17)
    at HTMLCanvasElementImpl.getContext (/Users/ryan/.codex/worktrees/6614/chirality/projects/chirality-piping/node_modules/jsdom/lib/jsdom/living/nodes/HTMLCanvasElement-impl.js:42:5)
    at HTMLCanvasElement.getContext (/Users/ryan/.codex/worktrees/6614/chirality/projects/chirality-piping/node_modules/jsdom/lib/jsdom/living/generated/HTMLCanvasElement.js:131:58)
    at getContext (file:///Users/ryan/.codex/worktrees/6614/chirality/projects/chirality-piping/node_modules/three/build/three.module.js:15443:18)
    at new WebGLRenderer (file:///Users/ryan/.codex/worktrees/6614/chirality/projects/chirality-piping/node_modules/three/build/three.module.js:15472:11)
    at new ViewportResource (/private/tmp/piping-engine-integration-20260925/projects/chirality-piping/apps/desktop/src/features/viewport/viewportResource.ts:509:21)
    at /private/tmp/piping-engine-integration-20260925/projects/chirality-piping/apps/desktop/src/features/viewport/PipeViewport.tsx:909:18
    at Object.react_stack_bottom_frame (/Users/ryan/.codex/worktrees/6614/chirality/projects/chirality-piping/node_modules/react-dom/cjs/react-dom-client.development.js:25989:20)
    at runWithFiberInDEV (/Users/ryan/.codex/worktrees/6614/chirality/projects/chirality-piping/node_modules/react-dom/cjs/react-dom-client.development.js:874:13)
    at commitHookEffectListMount (/Users/ryan/.codex/worktrees/6614/chirality/projects/chirality-piping/node_modules/react-dom/cjs/react-dom-client.development.js:13249:29) undefined
Error: Not implemented: HTMLCanvasElement.prototype.getContext (without installing the canvas npm package)
    at module.exports (/Users/ryan/.codex/worktrees/6614/chirality/projects/chirality-piping/node_modules/jsdom/lib/jsdom/browser/not-implemented.js:9:17)
    at HTMLCanvasElementImpl.getContext (/Users/ryan/.codex/worktrees/6614/chirality/projects/chirality-piping/node_modules/jsdom/lib/jsdom/living/nodes/HTMLCanvasElement-impl.js:42:5)
    at HTMLCanvasElement.getContext (/Users/ryan/.codex/worktrees/6614/chirality/projects/chirality-piping/node_modules/jsdom/lib/jsdom/living/generated/HTMLCanvasElement.js:131:58)
    at getContext (file:///Users/ryan/.codex/worktrees/6614/chirality/projects/chirality-piping/node_modules/three/build/three.module.js:15443:18)
    at new WebGLRenderer (file:///Users/ryan/.codex/worktrees/6614/chirality/projects/chirality-piping/node_modules/three/build/three.module.js:15476:11)
    at new ViewportResource (/private/tmp/piping-engine-integration-20260925/projects/chirality-piping/apps/desktop/src/features/viewport/viewportResource.ts:509:21)
    at /private/tmp/piping-engine-integration-20260925/projects/chirality-piping/apps/desktop/src/features/viewport/PipeViewport.tsx:909:18
    at Object.react_stack_bottom_frame (/Users/ryan/.codex/worktrees/6614/chirality/projects/chirality-piping/node_modules/react-dom/cjs/react-dom-client.development.js:25989:20)
    at runWithFiberInDEV (/Users/ryan/.codex/worktrees/6614/chirality/projects/chirality-piping/node_modules/react-dom/cjs/react-dom-client.development.js:874:13)
    at commitHookEffectListMount (/Users/ryan/.codex/worktrees/6614/chirality/projects/chirality-piping/node_modules/react-dom/cjs/react-dom-client.development.js:13249:29) undefined
Error: Not implemented: HTMLCanvasElement.prototype.getContext (without installing the canvas npm package)
    at module.exports (/Users/ryan/.codex/worktrees/6614/chirality/projects/chirality-piping/node_modules/jsdom/lib/jsdom/browser/not-implemented.js:9:17)
    at HTMLCanvasElementImpl.getContext (/Users/ryan/.codex/worktrees/6614/chirality/projects/chirality-piping/node_modules/jsdom/lib/jsdom/living/nodes/HTMLCanvasElement-impl.js:42:5)
    at HTMLCanvasElement.getContext (/Users/ryan/.codex/worktrees/6614/chirality/projects/chirality-piping/node_modules/jsdom/lib/jsdom/living/generated/HTMLCanvasElement.js:131:58)
    at getContext (file:///Users/ryan/.codex/worktrees/6614/chirality/projects/chirality-piping/node_modules/three/build/three.module.js:15443:18)
    at new WebGLRenderer (file:///Users/ryan/.codex/worktrees/6614/chirality/projects/chirality-piping/node_modules/three/build/three.module.js:15472:11)
    at new ViewportResource (/private/tmp/piping-engine-integration-20260925/projects/chirality-piping/apps/desktop/src/features/viewport/viewportResource.ts:509:21)
    at /private/tmp/piping-engine-integration-20260925/projects/chirality-piping/apps/desktop/src/features/viewport/PipeViewport.tsx:909:18
    at Object.react_stack_bottom_frame (/Users/ryan/.codex/worktrees/6614/chirality/projects/chirality-piping/node_modules/react-dom/cjs/react-dom-client.development.js:25989:20)
    at runWithFiberInDEV (/Users/ryan/.codex/worktrees/6614/chirality/projects/chirality-piping/node_modules/react-dom/cjs/react-dom-client.development.js:874:13)
    at commitHookEffectListMount (/Users/ryan/.codex/worktrees/6614/chirality/projects/chirality-piping/node_modules/react-dom/cjs/react-dom-client.development.js:13249:29) undefined
Error: Not implemented: HTMLCanvasElement.prototype.getContext (without installing the canvas npm package)
    at module.exports (/Users/ryan/.codex/worktrees/6614/chirality/projects/chirality-piping/node_modules/jsdom/lib/jsdom/browser/not-implemented.js:9:17)
    at HTMLCanvasElementImpl.getContext (/Users/ryan/.codex/worktrees/6614/chirality/projects/chirality-piping/node_modules/jsdom/lib/jsdom/living/nodes/HTMLCanvasElement-impl.js:42:5)
    at HTMLCanvasElement.getContext (/Users/ryan/.codex/worktrees/6614/chirality/projects/chirality-piping/node_modules/jsdom/lib/jsdom/living/generated/HTMLCanvasElement.js:131:58)
    at getContext (file:///Users/ryan/.codex/worktrees/6614/chirality/projects/chirality-piping/node_modules/three/build/three.module.js:15443:18)
    at new WebGLRenderer (file:///Users/ryan/.codex/worktrees/6614/chirality/projects/chirality-piping/node_modules/three/build/three.module.js:15476:11)
    at new ViewportResource (/private/tmp/piping-engine-integration-20260925/projects/chirality-piping/apps/desktop/src/features/viewport/viewportResource.ts:509:21)
    at /private/tmp/piping-engine-integration-20260925/projects/chirality-piping/apps/desktop/src/features/viewport/PipeViewport.tsx:909:18
    at Object.react_stack_bottom_frame (/Users/ryan/.codex/worktrees/6614/chirality/projects/chirality-piping/node_modules/react-dom/cjs/react-dom-client.development.js:25989:20)
    at runWithFiberInDEV (/Users/ryan/.codex/worktrees/6614/chirality/projects/chirality-piping/node_modules/react-dom/cjs/react-dom-client.development.js:874:13)
    at commitHookEffectListMount (/Users/ryan/.codex/worktrees/6614/chirality/projects/chirality-piping/node_modules/react-dom/cjs/react-dom-client.development.js:13249:29) undefined
Error: Not implemented: HTMLCanvasElement.prototype.getContext (without installing the canvas npm package)
    at module.exports (/Users/ryan/.codex/worktrees/6614/chirality/projects/chirality-piping/node_modules/jsdom/lib/jsdom/browser/not-implemented.js:9:17)
    at HTMLCanvasElementImpl.getContext (/Users/ryan/.codex/worktrees/6614/chirality/projects/chirality-piping/node_modules/jsdom/lib/jsdom/living/nodes/HTMLCanvasElement-impl.js:42:5)
    at HTMLCanvasElement.getContext (/Users/ryan/.codex/worktrees/6614/chirality/projects/chirality-piping/node_modules/jsdom/lib/jsdom/living/generated/HTMLCanvasElement.js:131:58)
    at getContext (file:///Users/ryan/.codex/worktrees/6614/chirality/projects/chirality-piping/node_modules/three/build/three.module.js:15443:18)
    at new WebGLRenderer (file:///Users/ryan/.codex/worktrees/6614/chirality/projects/chirality-piping/node_modules/three/build/three.module.js:15472:11)
    at new ViewportResource (/private/tmp/piping-engine-integration-20260925/projects/chirality-piping/apps/desktop/src/features/viewport/viewportResource.ts:509:21)
    at /private/tmp/piping-engine-integration-20260925/projects/chirality-piping/apps/desktop/src/features/viewport/PipeViewport.tsx:909:18
    at Object.react_stack_bottom_frame (/Users/ryan/.codex/worktrees/6614/chirality/projects/chirality-piping/node_modules/react-dom/cjs/react-dom-client.development.js:25989:20)
    at runWithFiberInDEV (/Users/ryan/.codex/worktrees/6614/chirality/projects/chirality-piping/node_modules/react-dom/cjs/react-dom-client.development.js:874:13)
    at commitHookEffectListMount (/Users/ryan/.codex/worktrees/6614/chirality/projects/chirality-piping/node_modules/react-dom/cjs/react-dom-client.development.js:13249:29) undefined
Error: Not implemented: HTMLCanvasElement.prototype.getContext (without installing the canvas npm package)
    at module.exports (/Users/ryan/.codex/worktrees/6614/chirality/projects/chirality-piping/node_modules/jsdom/lib/jsdom/browser/not-implemented.js:9:17)
    at HTMLCanvasElementImpl.getContext (/Users/ryan/.codex/worktrees/6614/chirality/projects/chirality-piping/node_modules/jsdom/lib/jsdom/living/nodes/HTMLCanvasElement-impl.js:42:5)
    at HTMLCanvasElement.getContext (/Users/ryan/.codex/worktrees/6614/chirality/projects/chirality-piping/node_modules/jsdom/lib/jsdom/living/generated/HTMLCanvasElement.js:131:58)
    at getContext (file:///Users/ryan/.codex/worktrees/6614/chirality/projects/chirality-piping/node_modules/three/build/three.module.js:15443:18)
    at new WebGLRenderer (file:///Users/ryan/.codex/worktrees/6614/chirality/projects/chirality-piping/node_modules/three/build/three.module.js:15476:11)
    at new ViewportResource (/private/tmp/piping-engine-integration-20260925/projects/chirality-piping/apps/desktop/src/features/viewport/viewportResource.ts:509:21)
    at /private/tmp/piping-engine-integration-20260925/projects/chirality-piping/apps/desktop/src/features/viewport/PipeViewport.tsx:909:18
    at Object.react_stack_bottom_frame (/Users/ryan/.codex/worktrees/6614/chirality/projects/chirality-piping/node_modules/react-dom/cjs/react-dom-client.development.js:25989:20)
    at runWithFiberInDEV (/Users/ryan/.codex/worktrees/6614/chirality/projects/chirality-piping/node_modules/react-dom/cjs/react-dom-client.development.js:874:13)
    at commitHookEffectListMount (/Users/ryan/.codex/worktrees/6614/chirality/projects/chirality-piping/node_modules/react-dom/cjs/react-dom-client.development.js:13249:29) undefined
Error: Not implemented: HTMLCanvasElement.prototype.getContext (without installing the canvas npm package)
    at module.exports (/Users/ryan/.codex/worktrees/6614/chirality/projects/chirality-piping/node_modules/jsdom/lib/jsdom/browser/not-implemented.js:9:17)
    at HTMLCanvasElementImpl.getContext (/Users/ryan/.codex/worktrees/6614/chirality/projects/chirality-piping/node_modules/jsdom/lib/jsdom/living/nodes/HTMLCanvasElement-impl.js:42:5)
    at HTMLCanvasElement.getContext (/Users/ryan/.codex/worktrees/6614/chirality/projects/chirality-piping/node_modules/jsdom/lib/jsdom/living/generated/HTMLCanvasElement.js:131:58)
    at getContext (file:///Users/ryan/.codex/worktrees/6614/chirality/projects/chirality-piping/node_modules/three/build/three.module.js:15443:18)
    at new WebGLRenderer (file:///Users/ryan/.codex/worktrees/6614/chirality/projects/chirality-piping/node_modules/three/build/three.module.js:15472:11)
    at new ViewportResource (/private/tmp/piping-engine-integration-20260925/projects/chirality-piping/apps/desktop/src/features/viewport/viewportResource.ts:509:21)
    at /private/tmp/piping-engine-integration-20260925/projects/chirality-piping/apps/desktop/src/features/viewport/PipeViewport.tsx:909:18
    at Object.react_stack_bottom_frame (/Users/ryan/.codex/worktrees/6614/chirality/projects/chirality-piping/node_modules/react-dom/cjs/react-dom-client.development.js:25989:20)
    at runWithFiberInDEV (/Users/ryan/.codex/worktrees/6614/chirality/projects/chirality-piping/node_modules/react-dom/cjs/react-dom-client.development.js:874:13)
    at commitHookEffectListMount (/Users/ryan/.codex/worktrees/6614/chirality/projects/chirality-piping/node_modules/react-dom/cjs/react-dom-client.development.js:13249:29) undefined
Error: Not implemented: HTMLCanvasElement.prototype.getContext (without installing the canvas npm package)
    at module.exports (/Users/ryan/.codex/worktrees/6614/chirality/projects/chirality-piping/node_modules/jsdom/lib/jsdom/browser/not-implemented.js:9:17)
    at HTMLCanvasElementImpl.getContext (/Users/ryan/.codex/worktrees/6614/chirality/projects/chirality-piping/node_modules/jsdom/lib/jsdom/living/nodes/HTMLCanvasElement-impl.js:42:5)
    at HTMLCanvasElement.getContext (/Users/ryan/.codex/worktrees/6614/chirality/projects/chirality-piping/node_modules/jsdom/lib/jsdom/living/generated/HTMLCanvasElement.js:131:58)
    at getContext (file:///Users/ryan/.codex/worktrees/6614/chirality/projects/chirality-piping/node_modules/three/build/three.module.js:15443:18)
    at new WebGLRenderer (file:///Users/ryan/.codex/worktrees/6614/chirality/projects/chirality-piping/node_modules/three/build/three.module.js:15476:11)
    at new ViewportResource (/private/tmp/piping-engine-integration-20260925/projects/chirality-piping/apps/desktop/src/features/viewport/viewportResource.ts:509:21)
    at /private/tmp/piping-engine-integration-20260925/projects/chirality-piping/apps/desktop/src/features/viewport/PipeViewport.tsx:909:18
    at Object.react_stack_bottom_frame (/Users/ryan/.codex/worktrees/6614/chirality/projects/chirality-piping/node_modules/react-dom/cjs/react-dom-client.development.js:25989:20)
    at runWithFiberInDEV (/Users/ryan/.codex/worktrees/6614/chirality/projects/chirality-piping/node_modules/react-dom/cjs/react-dom-client.development.js:874:13)
    at commitHookEffectListMount (/Users/ryan/.codex/worktrees/6614/chirality/projects/chirality-piping/node_modules/react-dom/cjs/react-dom-client.development.js:13249:29) undefined
Error: Not implemented: HTMLCanvasElement.prototype.getContext (without installing the canvas npm package)
    at module.exports (/Users/ryan/.codex/worktrees/6614/chirality/projects/chirality-piping/node_modules/jsdom/lib/jsdom/browser/not-implemented.js:9:17)
    at HTMLCanvasElementImpl.getContext (/Users/ryan/.codex/worktrees/6614/chirality/projects/chirality-piping/node_modules/jsdom/lib/jsdom/living/nodes/HTMLCanvasElement-impl.js:42:5)
    at HTMLCanvasElement.getContext (/Users/ryan/.codex/worktrees/6614/chirality/projects/chirality-piping/node_modules/jsdom/lib/jsdom/living/generated/HTMLCanvasElement.js:131:58)
    at getContext (file:///Users/ryan/.codex/worktrees/6614/chirality/projects/chirality-piping/node_modules/three/build/three.module.js:15443:18)
    at new WebGLRenderer (file:///Users/ryan/.codex/worktrees/6614/chirality/projects/chirality-piping/node_modules/three/build/three.module.js:15472:11)
    at new ViewportResource (/private/tmp/piping-engine-integration-20260925/projects/chirality-piping/apps/desktop/src/features/viewport/viewportResource.ts:509:21)
    at /private/tmp/piping-engine-integration-20260925/projects/chirality-piping/apps/desktop/src/features/viewport/PipeViewport.tsx:909:18
    at Object.react_stack_bottom_frame (/Users/ryan/.codex/worktrees/6614/chirality/projects/chirality-piping/node_modules/react-dom/cjs/react-dom-client.development.js:25989:20)
    at runWithFiberInDEV (/Users/ryan/.codex/worktrees/6614/chirality/projects/chirality-piping/node_modules/react-dom/cjs/react-dom-client.development.js:874:13)
    at commitHookEffectListMount (/Users/ryan/.codex/worktrees/6614/chirality/projects/chirality-piping/node_modules/react-dom/cjs/react-dom-client.development.js:13249:29) undefined
Error: Not implemented: HTMLCanvasElement.prototype.getContext (without installing the canvas npm package)
    at module.exports (/Users/ryan/.codex/worktrees/6614/chirality/projects/chirality-piping/node_modules/jsdom/lib/jsdom/browser/not-implemented.js:9:17)
    at HTMLCanvasElementImpl.getContext (/Users/ryan/.codex/worktrees/6614/chirality/projects/chirality-piping/node_modules/jsdom/lib/jsdom/living/nodes/HTMLCanvasElement-impl.js:42:5)
    at HTMLCanvasElement.getContext (/Users/ryan/.codex/worktrees/6614/chirality/projects/chirality-piping/node_modules/jsdom/lib/jsdom/living/generated/HTMLCanvasElement.js:131:58)
    at getContext (file:///Users/ryan/.codex/worktrees/6614/chirality/projects/chirality-piping/node_modules/three/build/three.module.js:15443:18)
    at new WebGLRenderer (file:///Users/ryan/.codex/worktrees/6614/chirality/projects/chirality-piping/node_modules/three/build/three.module.js:15476:11)
    at new ViewportResource (/private/tmp/piping-engine-integration-20260925/projects/chirality-piping/apps/desktop/src/features/viewport/viewportResource.ts:509:21)
    at /private/tmp/piping-engine-integration-20260925/projects/chirality-piping/apps/desktop/src/features/viewport/PipeViewport.tsx:909:18
    at Object.react_stack_bottom_frame (/Users/ryan/.codex/worktrees/6614/chirality/projects/chirality-piping/node_modules/react-dom/cjs/react-dom-client.development.js:25989:20)
    at runWithFiberInDEV (/Users/ryan/.codex/worktrees/6614/chirality/projects/chirality-piping/node_modules/react-dom/cjs/react-dom-client.development.js:874:13)
    at commitHookEffectListMount (/Users/ryan/.codex/worktrees/6614/chirality/projects/chirality-piping/node_modules/react-dom/cjs/react-dom-client.development.js:13249:29) undefined
Error: Not implemented: HTMLCanvasElement.prototype.getContext (without installing the canvas npm package)
    at module.exports (/Users/ryan/.codex/worktrees/6614/chirality/projects/chirality-piping/node_modules/jsdom/lib/jsdom/browser/not-implemented.js:9:17)
    at HTMLCanvasElementImpl.getContext (/Users/ryan/.codex/worktrees/6614/chirality/projects/chirality-piping/node_modules/jsdom/lib/jsdom/living/nodes/HTMLCanvasElement-impl.js:42:5)
    at HTMLCanvasElement.getContext (/Users/ryan/.codex/worktrees/6614/chirality/projects/chirality-piping/node_modules/jsdom/lib/jsdom/living/generated/HTMLCanvasElement.js:131:58)
    at getContext (file:///Users/ryan/.codex/worktrees/6614/chirality/projects/chirality-piping/node_modules/three/build/three.module.js:15443:18)
    at new WebGLRenderer (file:///Users/ryan/.codex/worktrees/6614/chirality/projects/chirality-piping/node_modules/three/build/three.module.js:15472:11)
    at new ViewportResource (/private/tmp/piping-engine-integration-20260925/projects/chirality-piping/apps/desktop/src/features/viewport/viewportResource.ts:509:21)
    at /private/tmp/piping-engine-integration-20260925/projects/chirality-piping/apps/desktop/src/features/viewport/PipeViewport.tsx:909:18
    at Object.react_stack_bottom_frame (/Users/ryan/.codex/worktrees/6614/chirality/projects/chirality-piping/node_modules/react-dom/cjs/react-dom-client.development.js:25989:20)
    at runWithFiberInDEV (/Users/ryan/.codex/worktrees/6614/chirality/projects/chirality-piping/node_modules/react-dom/cjs/react-dom-client.development.js:874:13)
    at commitHookEffectListMount (/Users/ryan/.codex/worktrees/6614/chirality/projects/chirality-piping/node_modules/react-dom/cjs/react-dom-client.development.js:13249:29) undefined
Error: Not implemented: HTMLCanvasElement.prototype.getContext (without installing the canvas npm package)
    at module.exports (/Users/ryan/.codex/worktrees/6614/chirality/projects/chirality-piping/node_modules/jsdom/lib/jsdom/browser/not-implemented.js:9:17)
    at HTMLCanvasElementImpl.getContext (/Users/ryan/.codex/worktrees/6614/chirality/projects/chirality-piping/node_modules/jsdom/lib/jsdom/living/nodes/HTMLCanvasElement-impl.js:42:5)
    at HTMLCanvasElement.getContext (/Users/ryan/.codex/worktrees/6614/chirality/projects/chirality-piping/node_modules/jsdom/lib/jsdom/living/generated/HTMLCanvasElement.js:131:58)
    at getContext (file:///Users/ryan/.codex/worktrees/6614/chirality/projects/chirality-piping/node_modules/three/build/three.module.js:15443:18)
    at new WebGLRenderer (file:///Users/ryan/.codex/worktrees/6614/chirality/projects/chirality-piping/node_modules/three/build/three.module.js:15476:11)
    at new ViewportResource (/private/tmp/piping-engine-integration-20260925/projects/chirality-piping/apps/desktop/src/features/viewport/viewportResource.ts:509:21)
    at /private/tmp/piping-engine-integration-20260925/projects/chirality-piping/apps/desktop/src/features/viewport/PipeViewport.tsx:909:18
    at Object.react_stack_bottom_frame (/Users/ryan/.codex/worktrees/6614/chirality/projects/chirality-piping/node_modules/react-dom/cjs/react-dom-client.development.js:25989:20)
    at runWithFiberInDEV (/Users/ryan/.codex/worktrees/6614/chirality/projects/chirality-piping/node_modules/react-dom/cjs/react-dom-client.development.js:874:13)
    at commitHookEffectListMount (/Users/ryan/.codex/worktrees/6614/chirality/projects/chirality-piping/node_modules/react-dom/cjs/react-dom-client.development.js:13249:29) undefined
Error: Not implemented: HTMLCanvasElement.prototype.getContext (without installing the canvas npm package)
    at module.exports (/Users/ryan/.codex/worktrees/6614/chirality/projects/chirality-piping/node_modules/jsdom/lib/jsdom/browser/not-implemented.js:9:17)
    at HTMLCanvasElementImpl.getContext (/Users/ryan/.codex/worktrees/6614/chirality/projects/chirality-piping/node_modules/jsdom/lib/jsdom/living/nodes/HTMLCanvasElement-impl.js:42:5)
    at HTMLCanvasElement.getContext (/Users/ryan/.codex/worktrees/6614/chirality/projects/chirality-piping/node_modules/jsdom/lib/jsdom/living/generated/HTMLCanvasElement.js:131:58)
    at getContext (file:///Users/ryan/.codex/worktrees/6614/chirality/projects/chirality-piping/node_modules/three/build/three.module.js:15443:18)
    at new WebGLRenderer (file:///Users/ryan/.codex/worktrees/6614/chirality/projects/chirality-piping/node_modules/three/build/three.module.js:15472:11)
    at new ViewportResource (/private/tmp/piping-engine-integration-20260925/projects/chirality-piping/apps/desktop/src/features/viewport/viewportResource.ts:509:21)
    at /private/tmp/piping-engine-integration-20260925/projects/chirality-piping/apps/desktop/src/features/viewport/PipeViewport.tsx:909:18
    at Object.react_stack_bottom_frame (/Users/ryan/.codex/worktrees/6614/chirality/projects/chirality-piping/node_modules/react-dom/cjs/react-dom-client.development.js:25989:20)
    at runWithFiberInDEV (/Users/ryan/.codex/worktrees/6614/chirality/projects/chirality-piping/node_modules/react-dom/cjs/react-dom-client.development.js:874:13)
    at commitHookEffectListMount (/Users/ryan/.codex/worktrees/6614/chirality/projects/chirality-piping/node_modules/react-dom/cjs/react-dom-client.development.js:13249:29) undefined
Error: Not implemented: HTMLCanvasElement.prototype.getContext (without installing the canvas npm package)
    at module.exports (/Users/ryan/.codex/worktrees/6614/chirality/projects/chirality-piping/node_modules/jsdom/lib/jsdom/browser/not-implemented.js:9:17)
    at HTMLCanvasElementImpl.getContext (/Users/ryan/.codex/worktrees/6614/chirality/projects/chirality-piping/node_modules/jsdom/lib/jsdom/living/nodes/HTMLCanvasElement-impl.js:42:5)
    at HTMLCanvasElement.getContext (/Users/ryan/.codex/worktrees/6614/chirality/projects/chirality-piping/node_modules/jsdom/lib/jsdom/living/generated/HTMLCanvasElement.js:131:58)
    at getContext (file:///Users/ryan/.codex/worktrees/6614/chirality/projects/chirality-piping/node_modules/three/build/three.module.js:15443:18)
    at new WebGLRenderer (file:///Users/ryan/.codex/worktrees/6614/chirality/projects/chirality-piping/node_modules/three/build/three.module.js:15476:11)
    at new ViewportResource (/private/tmp/piping-engine-integration-20260925/projects/chirality-piping/apps/desktop/src/features/viewport/viewportResource.ts:509:21)
    at /private/tmp/piping-engine-integration-20260925/projects/chirality-piping/apps/desktop/src/features/viewport/PipeViewport.tsx:909:18
    at Object.react_stack_bottom_frame (/Users/ryan/.codex/worktrees/6614/chirality/projects/chirality-piping/node_modules/react-dom/cjs/react-dom-client.development.js:25989:20)
    at runWithFiberInDEV (/Users/ryan/.codex/worktrees/6614/chirality/projects/chirality-piping/node_modules/react-dom/cjs/react-dom-client.development.js:874:13)
    at commitHookEffectListMount (/Users/ryan/.codex/worktrees/6614/chirality/projects/chirality-piping/node_modules/react-dom/cjs/react-dom-client.development.js:13249:29) undefined
Error: Not implemented: HTMLCanvasElement.prototype.getContext (without installing the canvas npm package)
    at module.exports (/Users/ryan/.codex/worktrees/6614/chirality/projects/chirality-piping/node_modules/jsdom/lib/jsdom/browser/not-implemented.js:9:17)
    at HTMLCanvasElementImpl.getContext (/Users/ryan/.codex/worktrees/6614/chirality/projects/chirality-piping/node_modules/jsdom/lib/jsdom/living/nodes/HTMLCanvasElement-impl.js:42:5)
    at HTMLCanvasElement.getContext (/Users/ryan/.codex/worktrees/6614/chirality/projects/chirality-piping/node_modules/jsdom/lib/jsdom/living/generated/HTMLCanvasElement.js:131:58)
    at getContext (file:///Users/ryan/.codex/worktrees/6614/chirality/projects/chirality-piping/node_modules/three/build/three.module.js:15443:18)
    at new WebGLRenderer (file:///Users/ryan/.codex/worktrees/6614/chirality/projects/chirality-piping/node_modules/three/build/three.module.js:15472:11)
    at new ViewportResource (/private/tmp/piping-engine-integration-20260925/projects/chirality-piping/apps/desktop/src/features/viewport/viewportResource.ts:509:21)
    at /private/tmp/piping-engine-integration-20260925/projects/chirality-piping/apps/desktop/src/features/viewport/PipeViewport.tsx:909:18
    at Object.react_stack_bottom_frame (/Users/ryan/.codex/worktrees/6614/chirality/projects/chirality-piping/node_modules/react-dom/cjs/react-dom-client.development.js:25989:20)
    at runWithFiberInDEV (/Users/ryan/.codex/worktrees/6614/chirality/projects/chirality-piping/node_modules/react-dom/cjs/react-dom-client.development.js:874:13)
    at commitHookEffectListMount (/Users/ryan/.codex/worktrees/6614/chirality/projects/chirality-piping/node_modules/react-dom/cjs/react-dom-client.development.js:13249:29) undefined
Error: Not implemented: HTMLCanvasElement.prototype.getContext (without installing the canvas npm package)
    at module.exports (/Users/ryan/.codex/worktrees/6614/chirality/projects/chirality-piping/node_modules/jsdom/lib/jsdom/browser/not-implemented.js:9:17)
    at HTMLCanvasElementImpl.getContext (/Users/ryan/.codex/worktrees/6614/chirality/projects/chirality-piping/node_modules/jsdom/lib/jsdom/living/nodes/HTMLCanvasElement-impl.js:42:5)
    at HTMLCanvasElement.getContext (/Users/ryan/.codex/worktrees/6614/chirality/projects/chirality-piping/node_modules/jsdom/lib/jsdom/living/generated/HTMLCanvasElement.js:131:58)
    at getContext (file:///Users/ryan/.codex/worktrees/6614/chirality/projects/chirality-piping/node_modules/three/build/three.module.js:15443:18)
    at new WebGLRenderer (file:///Users/ryan/.codex/worktrees/6614/chirality/projects/chirality-piping/node_modules/three/build/three.module.js:15476:11)
    at new ViewportResource (/private/tmp/piping-engine-integration-20260925/projects/chirality-piping/apps/desktop/src/features/viewport/viewportResource.ts:509:21)
    at /private/tmp/piping-engine-integration-20260925/projects/chirality-piping/apps/desktop/src/features/viewport/PipeViewport.tsx:909:18
    at Object.react_stack_bottom_frame (/Users/ryan/.codex/worktrees/6614/chirality/projects/chirality-piping/node_modules/react-dom/cjs/react-dom-client.development.js:25989:20)
    at runWithFiberInDEV (/Users/ryan/.codex/worktrees/6614/chirality/projects/chirality-piping/node_modules/react-dom/cjs/react-dom-client.development.js:874:13)
    at commitHookEffectListMount (/Users/ryan/.codex/worktrees/6614/chirality/projects/chirality-piping/node_modules/react-dom/cjs/react-dom-client.development.js:13249:29) undefined
Error: Not implemented: HTMLCanvasElement.prototype.getContext (without installing the canvas npm package)
    at module.exports (/Users/ryan/.codex/worktrees/6614/chirality/projects/chirality-piping/node_modules/jsdom/lib/jsdom/browser/not-implemented.js:9:17)
    at HTMLCanvasElementImpl.getContext (/Users/ryan/.codex/worktrees/6614/chirality/projects/chirality-piping/node_modules/jsdom/lib/jsdom/living/nodes/HTMLCanvasElement-impl.js:42:5)
    at HTMLCanvasElement.getContext (/Users/ryan/.codex/worktrees/6614/chirality/projects/chirality-piping/node_modules/jsdom/lib/jsdom/living/generated/HTMLCanvasElement.js:131:58)
    at getContext (file:///Users/ryan/.codex/worktrees/6614/chirality/projects/chirality-piping/node_modules/three/build/three.module.js:15443:18)
    at new WebGLRenderer (file:///Users/ryan/.codex/worktrees/6614/chirality/projects/chirality-piping/node_modules/three/build/three.module.js:15472:11)
    at new ViewportResource (/private/tmp/piping-engine-integration-20260925/projects/chirality-piping/apps/desktop/src/features/viewport/viewportResource.ts:509:21)
    at /private/tmp/piping-engine-integration-20260925/projects/chirality-piping/apps/desktop/src/features/viewport/PipeViewport.tsx:909:18
    at Object.react_stack_bottom_frame (/Users/ryan/.codex/worktrees/6614/chirality/projects/chirality-piping/node_modules/react-dom/cjs/react-dom-client.development.js:25989:20)
    at runWithFiberInDEV (/Users/ryan/.codex/worktrees/6614/chirality/projects/chirality-piping/node_modules/react-dom/cjs/react-dom-client.development.js:874:13)
    at commitHookEffectListMount (/Users/ryan/.codex/worktrees/6614/chirality/projects/chirality-piping/node_modules/react-dom/cjs/react-dom-client.development.js:13249:29) undefined
Error: Not implemented: HTMLCanvasElement.prototype.getContext (without installing the canvas npm package)
    at module.exports (/Users/ryan/.codex/worktrees/6614/chirality/projects/chirality-piping/node_modules/jsdom/lib/jsdom/browser/not-implemented.js:9:17)
    at HTMLCanvasElementImpl.getContext (/Users/ryan/.codex/worktrees/6614/chirality/projects/chirality-piping/node_modules/jsdom/lib/jsdom/living/nodes/HTMLCanvasElement-impl.js:42:5)
    at HTMLCanvasElement.getContext (/Users/ryan/.codex/worktrees/6614/chirality/projects/chirality-piping/node_modules/jsdom/lib/jsdom/living/generated/HTMLCanvasElement.js:131:58)
    at getContext (file:///Users/ryan/.codex/worktrees/6614/chirality/projects/chirality-piping/node_modules/three/build/three.module.js:15443:18)
    at new WebGLRenderer (file:///Users/ryan/.codex/worktrees/6614/chirality/projects/chirality-piping/node_modules/three/build/three.module.js:15476:11)
    at new ViewportResource (/private/tmp/piping-engine-integration-20260925/projects/chirality-piping/apps/desktop/src/features/viewport/viewportResource.ts:509:21)
    at /private/tmp/piping-engine-integration-20260925/projects/chirality-piping/apps/desktop/src/features/viewport/PipeViewport.tsx:909:18
    at Object.react_stack_bottom_frame (/Users/ryan/.codex/worktrees/6614/chirality/projects/chirality-piping/node_modules/react-dom/cjs/react-dom-client.development.js:25989:20)
    at runWithFiberInDEV (/Users/ryan/.codex/worktrees/6614/chirality/projects/chirality-piping/node_modules/react-dom/cjs/react-dom-client.development.js:874:13)
    at commitHookEffectListMount (/Users/ryan/.codex/worktrees/6614/chirality/projects/chirality-piping/node_modules/react-dom/cjs/react-dom-client.development.js:13249:29) undefined
Error: Not implemented: HTMLCanvasElement.prototype.getContext (without installing the canvas npm package)
    at module.exports (/Users/ryan/.codex/worktrees/6614/chirality/projects/chirality-piping/node_modules/jsdom/lib/jsdom/browser/not-implemented.js:9:17)
    at HTMLCanvasElementImpl.getContext (/Users/ryan/.codex/worktrees/6614/chirality/projects/chirality-piping/node_modules/jsdom/lib/jsdom/living/nodes/HTMLCanvasElement-impl.js:42:5)
    at HTMLCanvasElement.getContext (/Users/ryan/.codex/worktrees/6614/chirality/projects/chirality-piping/node_modules/jsdom/lib/jsdom/living/generated/HTMLCanvasElement.js:131:58)
    at getContext (file:///Users/ryan/.codex/worktrees/6614/chirality/projects/chirality-piping/node_modules/three/build/three.module.js:15443:18)
    at new WebGLRenderer (file:///Users/ryan/.codex/worktrees/6614/chirality/projects/chirality-piping/node_modules/three/build/three.module.js:15472:11)
    at new ViewportResource (/private/tmp/piping-engine-integration-20260925/projects/chirality-piping/apps/desktop/src/features/viewport/viewportResource.ts:509:21)
    at /private/tmp/piping-engine-integration-20260925/projects/chirality-piping/apps/desktop/src/features/viewport/PipeViewport.tsx:909:18
    at Object.react_stack_bottom_frame (/Users/ryan/.codex/worktrees/6614/chirality/projects/chirality-piping/node_modules/react-dom/cjs/react-dom-client.development.js:25989:20)
    at runWithFiberInDEV (/Users/ryan/.codex/worktrees/6614/chirality/projects/chirality-piping/node_modules/react-dom/cjs/react-dom-client.development.js:874:13)
    at commitHookEffectListMount (/Users/ryan/.codex/worktrees/6614/chirality/projects/chirality-piping/node_modules/react-dom/cjs/react-dom-client.development.js:13249:29) undefined
Error: Not implemented: HTMLCanvasElement.prototype.getContext (without installing the canvas npm package)
    at module.exports (/Users/ryan/.codex/worktrees/6614/chirality/projects/chirality-piping/node_modules/jsdom/lib/jsdom/browser/not-implemented.js:9:17)
    at HTMLCanvasElementImpl.getContext (/Users/ryan/.codex/worktrees/6614/chirality/projects/chirality-piping/node_modules/jsdom/lib/jsdom/living/nodes/HTMLCanvasElement-impl.js:42:5)
    at HTMLCanvasElement.getContext (/Users/ryan/.codex/worktrees/6614/chirality/projects/chirality-piping/node_modules/jsdom/lib/jsdom/living/generated/HTMLCanvasElement.js:131:58)
    at getContext (file:///Users/ryan/.codex/worktrees/6614/chirality/projects/chirality-piping/node_modules/three/build/three.module.js:15443:18)
    at new WebGLRenderer (file:///Users/ryan/.codex/worktrees/6614/chirality/projects/chirality-piping/node_modules/three/build/three.module.js:15476:11)
    at new ViewportResource (/private/tmp/piping-engine-integration-20260925/projects/chirality-piping/apps/desktop/src/features/viewport/viewportResource.ts:509:21)
    at /private/tmp/piping-engine-integration-20260925/projects/chirality-piping/apps/desktop/src/features/viewport/PipeViewport.tsx:909:18
    at Object.react_stack_bottom_frame (/Users/ryan/.codex/worktrees/6614/chirality/projects/chirality-piping/node_modules/react-dom/cjs/react-dom-client.development.js:25989:20)
    at runWithFiberInDEV (/Users/ryan/.codex/worktrees/6614/chirality/projects/chirality-piping/node_modules/react-dom/cjs/react-dom-client.development.js:874:13)
    at commitHookEffectListMount (/Users/ryan/.codex/worktrees/6614/chirality/projects/chirality-piping/node_modules/react-dom/cjs/react-dom-client.development.js:13249:29) undefined
Error: Not implemented: HTMLCanvasElement.prototype.getContext (without installing the canvas npm package)
    at module.exports (/Users/ryan/.codex/worktrees/6614/chirality/projects/chirality-piping/node_modules/jsdom/lib/jsdom/browser/not-implemented.js:9:17)
    at HTMLCanvasElementImpl.getContext (/Users/ryan/.codex/worktrees/6614/chirality/projects/chirality-piping/node_modules/jsdom/lib/jsdom/living/nodes/HTMLCanvasElement-impl.js:42:5)
    at HTMLCanvasElement.getContext (/Users/ryan/.codex/worktrees/6614/chirality/projects/chirality-piping/node_modules/jsdom/lib/jsdom/living/generated/HTMLCanvasElement.js:131:58)
    at getContext (file:///Users/ryan/.codex/worktrees/6614/chirality/projects/chirality-piping/node_modules/three/build/three.module.js:15443:18)
    at new WebGLRenderer (file:///Users/ryan/.codex/worktrees/6614/chirality/projects/chirality-piping/node_modules/three/build/three.module.js:15472:11)
    at new ViewportResource (/private/tmp/piping-engine-integration-20260925/projects/chirality-piping/apps/desktop/src/features/viewport/viewportResource.ts:509:21)
    at /private/tmp/piping-engine-integration-20260925/projects/chirality-piping/apps/desktop/src/features/viewport/PipeViewport.tsx:909:18
    at Object.react_stack_bottom_frame (/Users/ryan/.codex/worktrees/6614/chirality/projects/chirality-piping/node_modules/react-dom/cjs/react-dom-client.development.js:25989:20)
    at runWithFiberInDEV (/Users/ryan/.codex/worktrees/6614/chirality/projects/chirality-piping/node_modules/react-dom/cjs/react-dom-client.development.js:874:13)
    at commitHookEffectListMount (/Users/ryan/.codex/worktrees/6614/chirality/projects/chirality-piping/node_modules/react-dom/cjs/react-dom-client.development.js:13249:29) undefined
Error: Not implemented: HTMLCanvasElement.prototype.getContext (without installing the canvas npm package)
    at module.exports (/Users/ryan/.codex/worktrees/6614/chirality/projects/chirality-piping/node_modules/jsdom/lib/jsdom/browser/not-implemented.js:9:17)
    at HTMLCanvasElementImpl.getContext (/Users/ryan/.codex/worktrees/6614/chirality/projects/chirality-piping/node_modules/jsdom/lib/jsdom/living/nodes/HTMLCanvasElement-impl.js:42:5)
    at HTMLCanvasElement.getContext (/Users/ryan/.codex/worktrees/6614/chirality/projects/chirality-piping/node_modules/jsdom/lib/jsdom/living/generated/HTMLCanvasElement.js:131:58)
    at getContext (file:///Users/ryan/.codex/worktrees/6614/chirality/projects/chirality-piping/node_modules/three/build/three.module.js:15443:18)
    at new WebGLRenderer (file:///Users/ryan/.codex/worktrees/6614/chirality/projects/chirality-piping/node_modules/three/build/three.module.js:15476:11)
    at new ViewportResource (/private/tmp/piping-engine-integration-20260925/projects/chirality-piping/apps/desktop/src/features/viewport/viewportResource.ts:509:21)
    at /private/tmp/piping-engine-integration-20260925/projects/chirality-piping/apps/desktop/src/features/viewport/PipeViewport.tsx:909:18
    at Object.react_stack_bottom_frame (/Users/ryan/.codex/worktrees/6614/chirality/projects/chirality-piping/node_modules/react-dom/cjs/react-dom-client.development.js:25989:20)
    at runWithFiberInDEV (/Users/ryan/.codex/worktrees/6614/chirality/projects/chirality-piping/node_modules/react-dom/cjs/react-dom-client.development.js:874:13)
    at commitHookEffectListMount (/Users/ryan/.codex/worktrees/6614/chirality/projects/chirality-piping/node_modules/react-dom/cjs/react-dom-client.development.js:13249:29) undefined
Error: Not implemented: HTMLCanvasElement.prototype.getContext (without installing the canvas npm package)
    at module.exports (/Users/ryan/.codex/worktrees/6614/chirality/projects/chirality-piping/node_modules/jsdom/lib/jsdom/browser/not-implemented.js:9:17)
    at HTMLCanvasElementImpl.getContext (/Users/ryan/.codex/worktrees/6614/chirality/projects/chirality-piping/node_modules/jsdom/lib/jsdom/living/nodes/HTMLCanvasElement-impl.js:42:5)
    at HTMLCanvasElement.getContext (/Users/ryan/.codex/worktrees/6614/chirality/projects/chirality-piping/node_modules/jsdom/lib/jsdom/living/generated/HTMLCanvasElement.js:131:58)
    at getContext (file:///Users/ryan/.codex/worktrees/6614/chirality/projects/chirality-piping/node_modules/three/build/three.module.js:15443:18)
    at new WebGLRenderer (file:///Users/ryan/.codex/worktrees/6614/chirality/projects/chirality-piping/node_modules/three/build/three.module.js:15472:11)
    at new ViewportResource (/private/tmp/piping-engine-integration-20260925/projects/chirality-piping/apps/desktop/src/features/viewport/viewportResource.ts:509:21)
    at /private/tmp/piping-engine-integration-20260925/projects/chirality-piping/apps/desktop/src/features/viewport/PipeViewport.tsx:909:18
    at Object.react_stack_bottom_frame (/Users/ryan/.codex/worktrees/6614/chirality/projects/chirality-piping/node_modules/react-dom/cjs/react-dom-client.development.js:25989:20)
    at runWithFiberInDEV (/Users/ryan/.codex/worktrees/6614/chirality/projects/chirality-piping/node_modules/react-dom/cjs/react-dom-client.development.js:874:13)
    at commitHookEffectListMount (/Users/ryan/.codex/worktrees/6614/chirality/projects/chirality-piping/node_modules/react-dom/cjs/react-dom-client.development.js:13249:29) undefined
Error: Not implemented: HTMLCanvasElement.prototype.getContext (without installing the canvas npm package)
    at module.exports (/Users/ryan/.codex/worktrees/6614/chirality/projects/chirality-piping/node_modules/jsdom/lib/jsdom/browser/not-implemented.js:9:17)
    at HTMLCanvasElementImpl.getContext (/Users/ryan/.codex/worktrees/6614/chirality/projects/chirality-piping/node_modules/jsdom/lib/jsdom/living/nodes/HTMLCanvasElement-impl.js:42:5)
    at HTMLCanvasElement.getContext (/Users/ryan/.codex/worktrees/6614/chirality/projects/chirality-piping/node_modules/jsdom/lib/jsdom/living/generated/HTMLCanvasElement.js:131:58)
    at getContext (file:///Users/ryan/.codex/worktrees/6614/chirality/projects/chirality-piping/node_modules/three/build/three.module.js:15443:18)
    at new WebGLRenderer (file:///Users/ryan/.codex/worktrees/6614/chirality/projects/chirality-piping/node_modules/three/build/three.module.js:15476:11)
    at new ViewportResource (/private/tmp/piping-engine-integration-20260925/projects/chirality-piping/apps/desktop/src/features/viewport/viewportResource.ts:509:21)
    at /private/tmp/piping-engine-integration-20260925/projects/chirality-piping/apps/desktop/src/features/viewport/PipeViewport.tsx:909:18
    at Object.react_stack_bottom_frame (/Users/ryan/.codex/worktrees/6614/chirality/projects/chirality-piping/node_modules/react-dom/cjs/react-dom-client.development.js:25989:20)
    at runWithFiberInDEV (/Users/ryan/.codex/worktrees/6614/chirality/projects/chirality-piping/node_modules/react-dom/cjs/react-dom-client.development.js:874:13)
    at commitHookEffectListMount (/Users/ryan/.codex/worktrees/6614/chirality/projects/chirality-piping/node_modules/react-dom/cjs/react-dom-client.development.js:13249:29) undefined
Error: Not implemented: HTMLCanvasElement.prototype.getContext (without installing the canvas npm package)
    at module.exports (/Users/ryan/.codex/worktrees/6614/chirality/projects/chirality-piping/node_modules/jsdom/lib/jsdom/browser/not-implemented.js:9:17)
    at HTMLCanvasElementImpl.getContext (/Users/ryan/.codex/worktrees/6614/chirality/projects/chirality-piping/node_modules/jsdom/lib/jsdom/living/nodes/HTMLCanvasElement-impl.js:42:5)
    at HTMLCanvasElement.getContext (/Users/ryan/.codex/worktrees/6614/chirality/projects/chirality-piping/node_modules/jsdom/lib/jsdom/living/generated/HTMLCanvasElement.js:131:58)
    at getContext (file:///Users/ryan/.codex/worktrees/6614/chirality/projects/chirality-piping/node_modules/three/build/three.module.js:15443:18)
    at new WebGLRenderer (file:///Users/ryan/.codex/worktrees/6614/chirality/projects/chirality-piping/node_modules/three/build/three.module.js:15472:11)
    at new ViewportResource (/private/tmp/piping-engine-integration-20260925/projects/chirality-piping/apps/desktop/src/features/viewport/viewportResource.ts:509:21)
    at /private/tmp/piping-engine-integration-20260925/projects/chirality-piping/apps/desktop/src/features/viewport/PipeViewport.tsx:909:18
    at Object.react_stack_bottom_frame (/Users/ryan/.codex/worktrees/6614/chirality/projects/chirality-piping/node_modules/react-dom/cjs/react-dom-client.development.js:25989:20)
    at runWithFiberInDEV (/Users/ryan/.codex/worktrees/6614/chirality/projects/chirality-piping/node_modules/react-dom/cjs/react-dom-client.development.js:874:13)
    at commitHookEffectListMount (/Users/ryan/.codex/worktrees/6614/chirality/projects/chirality-piping/node_modules/react-dom/cjs/react-dom-client.development.js:13249:29) undefined
Error: Not implemented: HTMLCanvasElement.prototype.getContext (without installing the canvas npm package)
    at module.exports (/Users/ryan/.codex/worktrees/6614/chirality/projects/chirality-piping/node_modules/jsdom/lib/jsdom/browser/not-implemented.js:9:17)
    at HTMLCanvasElementImpl.getContext (/Users/ryan/.codex/worktrees/6614/chirality/projects/chirality-piping/node_modules/jsdom/lib/jsdom/living/nodes/HTMLCanvasElement-impl.js:42:5)
    at HTMLCanvasElement.getContext (/Users/ryan/.codex/worktrees/6614/chirality/projects/chirality-piping/node_modules/jsdom/lib/jsdom/living/generated/HTMLCanvasElement.js:131:58)
    at getContext (file:///Users/ryan/.codex/worktrees/6614/chirality/projects/chirality-piping/node_modules/three/build/three.module.js:15443:18)
    at new WebGLRenderer (file:///Users/ryan/.codex/worktrees/6614/chirality/projects/chirality-piping/node_modules/three/build/three.module.js:15476:11)
    at new ViewportResource (/private/tmp/piping-engine-integration-20260925/projects/chirality-piping/apps/desktop/src/features/viewport/viewportResource.ts:509:21)
    at /private/tmp/piping-engine-integration-20260925/projects/chirality-piping/apps/desktop/src/features/viewport/PipeViewport.tsx:909:18
    at Object.react_stack_bottom_frame (/Users/ryan/.codex/worktrees/6614/chirality/projects/chirality-piping/node_modules/react-dom/cjs/react-dom-client.development.js:25989:20)
    at runWithFiberInDEV (/Users/ryan/.codex/worktrees/6614/chirality/projects/chirality-piping/node_modules/react-dom/cjs/react-dom-client.development.js:874:13)
    at commitHookEffectListMount (/Users/ryan/.codex/worktrees/6614/chirality/projects/chirality-piping/node_modules/react-dom/cjs/react-dom-client.development.js:13249:29) undefined
Error: Not implemented: HTMLCanvasElement.prototype.getContext (without installing the canvas npm package)
    at module.exports (/Users/ryan/.codex/worktrees/6614/chirality/projects/chirality-piping/node_modules/jsdom/lib/jsdom/browser/not-implemented.js:9:17)
    at HTMLCanvasElementImpl.getContext (/Users/ryan/.codex/worktrees/6614/chirality/projects/chirality-piping/node_modules/jsdom/lib/jsdom/living/nodes/HTMLCanvasElement-impl.js:42:5)
    at HTMLCanvasElement.getContext (/Users/ryan/.codex/worktrees/6614/chirality/projects/chirality-piping/node_modules/jsdom/lib/jsdom/living/generated/HTMLCanvasElement.js:131:58)
    at getContext (file:///Users/ryan/.codex/worktrees/6614/chirality/projects/chirality-piping/node_modules/three/build/three.module.js:15443:18)
    at new WebGLRenderer (file:///Users/ryan/.codex/worktrees/6614/chirality/projects/chirality-piping/node_modules/three/build/three.module.js:15472:11)
    at new ViewportResource (/private/tmp/piping-engine-integration-20260925/projects/chirality-piping/apps/desktop/src/features/viewport/viewportResource.ts:509:21)
    at /private/tmp/piping-engine-integration-20260925/projects/chirality-piping/apps/desktop/src/features/viewport/PipeViewport.tsx:909:18
    at Object.react_stack_bottom_frame (/Users/ryan/.codex/worktrees/6614/chirality/projects/chirality-piping/node_modules/react-dom/cjs/react-dom-client.development.js:25989:20)
    at runWithFiberInDEV (/Users/ryan/.codex/worktrees/6614/chirality/projects/chirality-piping/node_modules/react-dom/cjs/react-dom-client.development.js:874:13)
    at commitHookEffectListMount (/Users/ryan/.codex/worktrees/6614/chirality/projects/chirality-piping/node_modules/react-dom/cjs/react-dom-client.development.js:13249:29) undefined
Error: Not implemented: HTMLCanvasElement.prototype.getContext (without installing the canvas npm package)
    at module.exports (/Users/ryan/.codex/worktrees/6614/chirality/projects/chirality-piping/node_modules/jsdom/lib/jsdom/browser/not-implemented.js:9:17)
    at HTMLCanvasElementImpl.getContext (/Users/ryan/.codex/worktrees/6614/chirality/projects/chirality-piping/node_modules/jsdom/lib/jsdom/living/nodes/HTMLCanvasElement-impl.js:42:5)
    at HTMLCanvasElement.getContext (/Users/ryan/.codex/worktrees/6614/chirality/projects/chirality-piping/node_modules/jsdom/lib/jsdom/living/generated/HTMLCanvasElement.js:131:58)
    at getContext (file:///Users/ryan/.codex/worktrees/6614/chirality/projects/chirality-piping/node_modules/three/build/three.module.js:15443:18)
    at new WebGLRenderer (file:///Users/ryan/.codex/worktrees/6614/chirality/projects/chirality-piping/node_modules/three/build/three.module.js:15476:11)
    at new ViewportResource (/private/tmp/piping-engine-integration-20260925/projects/chirality-piping/apps/desktop/src/features/viewport/viewportResource.ts:509:21)
    at /private/tmp/piping-engine-integration-20260925/projects/chirality-piping/apps/desktop/src/features/viewport/PipeViewport.tsx:909:18
    at Object.react_stack_bottom_frame (/Users/ryan/.codex/worktrees/6614/chirality/projects/chirality-piping/node_modules/react-dom/cjs/react-dom-client.development.js:25989:20)
    at runWithFiberInDEV (/Users/ryan/.codex/worktrees/6614/chirality/projects/chirality-piping/node_modules/react-dom/cjs/react-dom-client.development.js:874:13)
    at commitHookEffectListMount (/Users/ryan/.codex/worktrees/6614/chirality/projects/chirality-piping/node_modules/react-dom/cjs/react-dom-client.development.js:13249:29) undefined
Error: Not implemented: HTMLCanvasElement.prototype.getContext (without installing the canvas npm package)
    at module.exports (/Users/ryan/.codex/worktrees/6614/chirality/projects/chirality-piping/node_modules/jsdom/lib/jsdom/browser/not-implemented.js:9:17)
    at HTMLCanvasElementImpl.getContext (/Users/ryan/.codex/worktrees/6614/chirality/projects/chirality-piping/node_modules/jsdom/lib/jsdom/living/nodes/HTMLCanvasElement-impl.js:42:5)
    at HTMLCanvasElement.getContext (/Users/ryan/.codex/worktrees/6614/chirality/projects/chirality-piping/node_modules/jsdom/lib/jsdom/living/generated/HTMLCanvasElement.js:131:58)
    at getContext (file:///Users/ryan/.codex/worktrees/6614/chirality/projects/chirality-piping/node_modules/three/build/three.module.js:15443:18)
    at new WebGLRenderer (file:///Users/ryan/.codex/worktrees/6614/chirality/projects/chirality-piping/node_modules/three/build/three.module.js:15472:11)
    at new ViewportResource (/private/tmp/piping-engine-integration-20260925/projects/chirality-piping/apps/desktop/src/features/viewport/viewportResource.ts:509:21)
    at /private/tmp/piping-engine-integration-20260925/projects/chirality-piping/apps/desktop/src/features/viewport/PipeViewport.tsx:909:18
    at Object.react_stack_bottom_frame (/Users/ryan/.codex/worktrees/6614/chirality/projects/chirality-piping/node_modules/react-dom/cjs/react-dom-client.development.js:25989:20)
    at runWithFiberInDEV (/Users/ryan/.codex/worktrees/6614/chirality/projects/chirality-piping/node_modules/react-dom/cjs/react-dom-client.development.js:874:13)
    at commitHookEffectListMount (/Users/ryan/.codex/worktrees/6614/chirality/projects/chirality-piping/node_modules/react-dom/cjs/react-dom-client.development.js:13249:29) undefined
Error: Not implemented: HTMLCanvasElement.prototype.getContext (without installing the canvas npm package)
    at module.exports (/Users/ryan/.codex/worktrees/6614/chirality/projects/chirality-piping/node_modules/jsdom/lib/jsdom/browser/not-implemented.js:9:17)
    at HTMLCanvasElementImpl.getContext (/Users/ryan/.codex/worktrees/6614/chirality/projects/chirality-piping/node_modules/jsdom/lib/jsdom/living/nodes/HTMLCanvasElement-impl.js:42:5)
    at HTMLCanvasElement.getContext (/Users/ryan/.codex/worktrees/6614/chirality/projects/chirality-piping/node_modules/jsdom/lib/jsdom/living/generated/HTMLCanvasElement.js:131:58)
    at getContext (file:///Users/ryan/.codex/worktrees/6614/chirality/projects/chirality-piping/node_modules/three/build/three.module.js:15443:18)
    at new WebGLRenderer (file:///Users/ryan/.codex/worktrees/6614/chirality/projects/chirality-piping/node_modules/three/build/three.module.js:15476:11)
    at new ViewportResource (/private/tmp/piping-engine-integration-20260925/projects/chirality-piping/apps/desktop/src/features/viewport/viewportResource.ts:509:21)
    at /private/tmp/piping-engine-integration-20260925/projects/chirality-piping/apps/desktop/src/features/viewport/PipeViewport.tsx:909:18
    at Object.react_stack_bottom_frame (/Users/ryan/.codex/worktrees/6614/chirality/projects/chirality-piping/node_modules/react-dom/cjs/react-dom-client.development.js:25989:20)
    at runWithFiberInDEV (/Users/ryan/.codex/worktrees/6614/chirality/projects/chirality-piping/node_modules/react-dom/cjs/react-dom-client.development.js:874:13)
    at commitHookEffectListMount (/Users/ryan/.codex/worktrees/6614/chirality/projects/chirality-piping/node_modules/react-dom/cjs/react-dom-client.development.js:13249:29) undefined
Error: Not implemented: HTMLCanvasElement.prototype.getContext (without installing the canvas npm package)
    at module.exports (/Users/ryan/.codex/worktrees/6614/chirality/projects/chirality-piping/node_modules/jsdom/lib/jsdom/browser/not-implemented.js:9:17)
    at HTMLCanvasElementImpl.getContext (/Users/ryan/.codex/worktrees/6614/chirality/projects/chirality-piping/node_modules/jsdom/lib/jsdom/living/nodes/HTMLCanvasElement-impl.js:42:5)
    at HTMLCanvasElement.getContext (/Users/ryan/.codex/worktrees/6614/chirality/projects/chirality-piping/node_modules/jsdom/lib/jsdom/living/generated/HTMLCanvasElement.js:131:58)
    at getContext (file:///Users/ryan/.codex/worktrees/6614/chirality/projects/chirality-piping/node_modules/three/build/three.module.js:15443:18)
    at new WebGLRenderer (file:///Users/ryan/.codex/worktrees/6614/chirality/projects/chirality-piping/node_modules/three/build/three.module.js:15472:11)
    at new ViewportResource (/private/tmp/piping-engine-integration-20260925/projects/chirality-piping/apps/desktop/src/features/viewport/viewportResource.ts:509:21)
    at /private/tmp/piping-engine-integration-20260925/projects/chirality-piping/apps/desktop/src/features/viewport/PipeViewport.tsx:909:18
    at Object.react_stack_bottom_frame (/Users/ryan/.codex/worktrees/6614/chirality/projects/chirality-piping/node_modules/react-dom/cjs/react-dom-client.development.js:25989:20)
    at runWithFiberInDEV (/Users/ryan/.codex/worktrees/6614/chirality/projects/chirality-piping/node_modules/react-dom/cjs/react-dom-client.development.js:874:13)
    at commitHookEffectListMount (/Users/ryan/.codex/worktrees/6614/chirality/projects/chirality-piping/node_modules/react-dom/cjs/react-dom-client.development.js:13249:29) undefined
Error: Not implemented: HTMLCanvasElement.prototype.getContext (without installing the canvas npm package)
    at module.exports (/Users/ryan/.codex/worktrees/6614/chirality/projects/chirality-piping/node_modules/jsdom/lib/jsdom/browser/not-implemented.js:9:17)
    at HTMLCanvasElementImpl.getContext (/Users/ryan/.codex/worktrees/6614/chirality/projects/chirality-piping/node_modules/jsdom/lib/jsdom/living/nodes/HTMLCanvasElement-impl.js:42:5)
    at HTMLCanvasElement.getContext (/Users/ryan/.codex/worktrees/6614/chirality/projects/chirality-piping/node_modules/jsdom/lib/jsdom/living/generated/HTMLCanvasElement.js:131:58)
    at getContext (file:///Users/ryan/.codex/worktrees/6614/chirality/projects/chirality-piping/node_modules/three/build/three.module.js:15443:18)
    at new WebGLRenderer (file:///Users/ryan/.codex/worktrees/6614/chirality/projects/chirality-piping/node_modules/three/build/three.module.js:15476:11)
    at new ViewportResource (/private/tmp/piping-engine-integration-20260925/projects/chirality-piping/apps/desktop/src/features/viewport/viewportResource.ts:509:21)
    at /private/tmp/piping-engine-integration-20260925/projects/chirality-piping/apps/desktop/src/features/viewport/PipeViewport.tsx:909:18
    at Object.react_stack_bottom_frame (/Users/ryan/.codex/worktrees/6614/chirality/projects/chirality-piping/node_modules/react-dom/cjs/react-dom-client.development.js:25989:20)
    at runWithFiberInDEV (/Users/ryan/.codex/worktrees/6614/chirality/projects/chirality-piping/node_modules/react-dom/cjs/react-dom-client.development.js:874:13)
    at commitHookEffectListMount (/Users/ryan/.codex/worktrees/6614/chirality/projects/chirality-piping/node_modules/react-dom/cjs/react-dom-client.development.js:13249:29) undefined
Error: Not implemented: HTMLCanvasElement.prototype.getContext (without installing the canvas npm package)
    at module.exports (/Users/ryan/.codex/worktrees/6614/chirality/projects/chirality-piping/node_modules/jsdom/lib/jsdom/browser/not-implemented.js:9:17)
    at HTMLCanvasElementImpl.getContext (/Users/ryan/.codex/worktrees/6614/chirality/projects/chirality-piping/node_modules/jsdom/lib/jsdom/living/nodes/HTMLCanvasElement-impl.js:42:5)
    at HTMLCanvasElement.getContext (/Users/ryan/.codex/worktrees/6614/chirality/projects/chirality-piping/node_modules/jsdom/lib/jsdom/living/generated/HTMLCanvasElement.js:131:58)
    at getContext (file:///Users/ryan/.codex/worktrees/6614/chirality/projects/chirality-piping/node_modules/three/build/three.module.js:15443:18)
    at new WebGLRenderer (file:///Users/ryan/.codex/worktrees/6614/chirality/projects/chirality-piping/node_modules/three/build/three.module.js:15472:11)
    at new ViewportResource (/private/tmp/piping-engine-integration-20260925/projects/chirality-piping/apps/desktop/src/features/viewport/viewportResource.ts:509:21)
    at /private/tmp/piping-engine-integration-20260925/projects/chirality-piping/apps/desktop/src/features/viewport/PipeViewport.tsx:909:18
    at Object.react_stack_bottom_frame (/Users/ryan/.codex/worktrees/6614/chirality/projects/chirality-piping/node_modules/react-dom/cjs/react-dom-client.development.js:25989:20)
    at runWithFiberInDEV (/Users/ryan/.codex/worktrees/6614/chirality/projects/chirality-piping/node_modules/react-dom/cjs/react-dom-client.development.js:874:13)
    at commitHookEffectListMount (/Users/ryan/.codex/worktrees/6614/chirality/projects/chirality-piping/node_modules/react-dom/cjs/react-dom-client.development.js:13249:29) undefined
Error: Not implemented: HTMLCanvasElement.prototype.getContext (without installing the canvas npm package)
    at module.exports (/Users/ryan/.codex/worktrees/6614/chirality/projects/chirality-piping/node_modules/jsdom/lib/jsdom/browser/not-implemented.js:9:17)
    at HTMLCanvasElementImpl.getContext (/Users/ryan/.codex/worktrees/6614/chirality/projects/chirality-piping/node_modules/jsdom/lib/jsdom/living/nodes/HTMLCanvasElement-impl.js:42:5)
    at HTMLCanvasElement.getContext (/Users/ryan/.codex/worktrees/6614/chirality/projects/chirality-piping/node_modules/jsdom/lib/jsdom/living/generated/HTMLCanvasElement.js:131:58)
    at getContext (file:///Users/ryan/.codex/worktrees/6614/chirality/projects/chirality-piping/node_modules/three/build/three.module.js:15443:18)
    at new WebGLRenderer (file:///Users/ryan/.codex/worktrees/6614/chirality/projects/chirality-piping/node_modules/three/build/three.module.js:15476:11)
    at new ViewportResource (/private/tmp/piping-engine-integration-20260925/projects/chirality-piping/apps/desktop/src/features/viewport/viewportResource.ts:509:21)
    at /private/tmp/piping-engine-integration-20260925/projects/chirality-piping/apps/desktop/src/features/viewport/PipeViewport.tsx:909:18
    at Object.react_stack_bottom_frame (/Users/ryan/.codex/worktrees/6614/chirality/projects/chirality-piping/node_modules/react-dom/cjs/react-dom-client.development.js:25989:20)
    at runWithFiberInDEV (/Users/ryan/.codex/worktrees/6614/chirality/projects/chirality-piping/node_modules/react-dom/cjs/react-dom-client.development.js:874:13)
    at commitHookEffectListMount (/Users/ryan/.codex/worktrees/6614/chirality/projects/chirality-piping/node_modules/react-dom/cjs/react-dom-client.development.js:13249:29) undefined
Error: Not implemented: HTMLCanvasElement.prototype.getContext (without installing the canvas npm package)
    at module.exports (/Users/ryan/.codex/worktrees/6614/chirality/projects/chirality-piping/node_modules/jsdom/lib/jsdom/browser/not-implemented.js:9:17)
    at HTMLCanvasElementImpl.getContext (/Users/ryan/.codex/worktrees/6614/chirality/projects/chirality-piping/node_modules/jsdom/lib/jsdom/living/nodes/HTMLCanvasElement-impl.js:42:5)
    at HTMLCanvasElement.getContext (/Users/ryan/.codex/worktrees/6614/chirality/projects/chirality-piping/node_modules/jsdom/lib/jsdom/living/generated/HTMLCanvasElement.js:131:58)
    at getContext (file:///Users/ryan/.codex/worktrees/6614/chirality/projects/chirality-piping/node_modules/three/build/three.module.js:15443:18)
    at new WebGLRenderer (file:///Users/ryan/.codex/worktrees/6614/chirality/projects/chirality-piping/node_modules/three/build/three.module.js:15472:11)
    at new ViewportResource (/private/tmp/piping-engine-integration-20260925/projects/chirality-piping/apps/desktop/src/features/viewport/viewportResource.ts:509:21)
    at /private/tmp/piping-engine-integration-20260925/projects/chirality-piping/apps/desktop/src/features/viewport/PipeViewport.tsx:909:18
    at Object.react_stack_bottom_frame (/Users/ryan/.codex/worktrees/6614/chirality/projects/chirality-piping/node_modules/react-dom/cjs/react-dom-client.development.js:25989:20)
    at runWithFiberInDEV (/Users/ryan/.codex/worktrees/6614/chirality/projects/chirality-piping/node_modules/react-dom/cjs/react-dom-client.development.js:874:13)
    at commitHookEffectListMount (/Users/ryan/.codex/worktrees/6614/chirality/projects/chirality-piping/node_modules/react-dom/cjs/react-dom-client.development.js:13249:29) undefined
Error: Not implemented: HTMLCanvasElement.prototype.getContext (without installing the canvas npm package)
    at module.exports (/Users/ryan/.codex/worktrees/6614/chirality/projects/chirality-piping/node_modules/jsdom/lib/jsdom/browser/not-implemented.js:9:17)
    at HTMLCanvasElementImpl.getContext (/Users/ryan/.codex/worktrees/6614/chirality/projects/chirality-piping/node_modules/jsdom/lib/jsdom/living/nodes/HTMLCanvasElement-impl.js:42:5)
    at HTMLCanvasElement.getContext (/Users/ryan/.codex/worktrees/6614/chirality/projects/chirality-piping/node_modules/jsdom/lib/jsdom/living/generated/HTMLCanvasElement.js:131:58)
    at getContext (file:///Users/ryan/.codex/worktrees/6614/chirality/projects/chirality-piping/node_modules/three/build/three.module.js:15443:18)
    at new WebGLRenderer (file:///Users/ryan/.codex/worktrees/6614/chirality/projects/chirality-piping/node_modules/three/build/three.module.js:15476:11)
    at new ViewportResource (/private/tmp/piping-engine-integration-20260925/projects/chirality-piping/apps/desktop/src/features/viewport/viewportResource.ts:509:21)
    at /private/tmp/piping-engine-integration-20260925/projects/chirality-piping/apps/desktop/src/features/viewport/PipeViewport.tsx:909:18
    at Object.react_stack_bottom_frame (/Users/ryan/.codex/worktrees/6614/chirality/projects/chirality-piping/node_modules/react-dom/cjs/react-dom-client.development.js:25989:20)
    at runWithFiberInDEV (/Users/ryan/.codex/worktrees/6614/chirality/projects/chirality-piping/node_modules/react-dom/cjs/react-dom-client.development.js:874:13)
    at commitHookEffectListMount (/Users/ryan/.codex/worktrees/6614/chirality/projects/chirality-piping/node_modules/react-dom/cjs/react-dom-client.development.js:13249:29) undefined
Error: Not implemented: HTMLCanvasElement.prototype.getContext (without installing the canvas npm package)
    at module.exports (/Users/ryan/.codex/worktrees/6614/chirality/projects/chirality-piping/node_modules/jsdom/lib/jsdom/browser/not-implemented.js:9:17)
    at HTMLCanvasElementImpl.getContext (/Users/ryan/.codex/worktrees/6614/chirality/projects/chirality-piping/node_modules/jsdom/lib/jsdom/living/nodes/HTMLCanvasElement-impl.js:42:5)
    at HTMLCanvasElement.getContext (/Users/ryan/.codex/worktrees/6614/chirality/projects/chirality-piping/node_modules/jsdom/lib/jsdom/living/generated/HTMLCanvasElement.js:131:58)
    at getContext (file:///Users/ryan/.codex/worktrees/6614/chirality/projects/chirality-piping/node_modules/three/build/three.module.js:15443:18)
    at new WebGLRenderer (file:///Users/ryan/.codex/worktrees/6614/chirality/projects/chirality-piping/node_modules/three/build/three.module.js:15472:11)
    at new ViewportResource (/private/tmp/piping-engine-integration-20260925/projects/chirality-piping/apps/desktop/src/features/viewport/viewportResource.ts:509:21)
    at /private/tmp/piping-engine-integration-20260925/projects/chirality-piping/apps/desktop/src/features/viewport/PipeViewport.tsx:909:18
    at Object.react_stack_bottom_frame (/Users/ryan/.codex/worktrees/6614/chirality/projects/chirality-piping/node_modules/react-dom/cjs/react-dom-client.development.js:25989:20)
    at runWithFiberInDEV (/Users/ryan/.codex/worktrees/6614/chirality/projects/chirality-piping/node_modules/react-dom/cjs/react-dom-client.development.js:874:13)
    at commitHookEffectListMount (/Users/ryan/.codex/worktrees/6614/chirality/projects/chirality-piping/node_modules/react-dom/cjs/react-dom-client.development.js:13249:29) undefined
Error: Not implemented: HTMLCanvasElement.prototype.getContext (without installing the canvas npm package)
    at module.exports (/Users/ryan/.codex/worktrees/6614/chirality/projects/chirality-piping/node_modules/jsdom/lib/jsdom/browser/not-implemented.js:9:17)
    at HTMLCanvasElementImpl.getContext (/Users/ryan/.codex/worktrees/6614/chirality/projects/chirality-piping/node_modules/jsdom/lib/jsdom/living/nodes/HTMLCanvasElement-impl.js:42:5)
    at HTMLCanvasElement.getContext (/Users/ryan/.codex/worktrees/6614/chirality/projects/chirality-piping/node_modules/jsdom/lib/jsdom/living/generated/HTMLCanvasElement.js:131:58)
    at getContext (file:///Users/ryan/.codex/worktrees/6614/chirality/projects/chirality-piping/node_modules/three/build/three.module.js:15443:18)
    at new WebGLRenderer (file:///Users/ryan/.codex/worktrees/6614/chirality/projects/chirality-piping/node_modules/three/build/three.module.js:15476:11)
    at new ViewportResource (/private/tmp/piping-engine-integration-20260925/projects/chirality-piping/apps/desktop/src/features/viewport/viewportResource.ts:509:21)
    at /private/tmp/piping-engine-integration-20260925/projects/chirality-piping/apps/desktop/src/features/viewport/PipeViewport.tsx:909:18
    at Object.react_stack_bottom_frame (/Users/ryan/.codex/worktrees/6614/chirality/projects/chirality-piping/node_modules/react-dom/cjs/react-dom-client.development.js:25989:20)
    at runWithFiberInDEV (/Users/ryan/.codex/worktrees/6614/chirality/projects/chirality-piping/node_modules/react-dom/cjs/react-dom-client.development.js:874:13)
    at commitHookEffectListMount (/Users/ryan/.codex/worktrees/6614/chirality/projects/chirality-piping/node_modules/react-dom/cjs/react-dom-client.development.js:13249:29) undefined
Error: Not implemented: HTMLCanvasElement.prototype.getContext (without installing the canvas npm package)
    at module.exports (/Users/ryan/.codex/worktrees/6614/chirality/projects/chirality-piping/node_modules/jsdom/lib/jsdom/browser/not-implemented.js:9:17)
    at HTMLCanvasElementImpl.getContext (/Users/ryan/.codex/worktrees/6614/chirality/projects/chirality-piping/node_modules/jsdom/lib/jsdom/living/nodes/HTMLCanvasElement-impl.js:42:5)
    at HTMLCanvasElement.getContext (/Users/ryan/.codex/worktrees/6614/chirality/projects/chirality-piping/node_modules/jsdom/lib/jsdom/living/generated/HTMLCanvasElement.js:131:58)
    at getContext (file:///Users/ryan/.codex/worktrees/6614/chirality/projects/chirality-piping/node_modules/three/build/three.module.js:15443:18)
    at new WebGLRenderer (file:///Users/ryan/.codex/worktrees/6614/chirality/projects/chirality-piping/node_modules/three/build/three.module.js:15472:11)
    at new ViewportResource (/private/tmp/piping-engine-integration-20260925/projects/chirality-piping/apps/desktop/src/features/viewport/viewportResource.ts:509:21)
    at /private/tmp/piping-engine-integration-20260925/projects/chirality-piping/apps/desktop/src/features/viewport/PipeViewport.tsx:909:18
    at Object.react_stack_bottom_frame (/Users/ryan/.codex/worktrees/6614/chirality/projects/chirality-piping/node_modules/react-dom/cjs/react-dom-client.development.js:25989:20)
    at runWithFiberInDEV (/Users/ryan/.codex/worktrees/6614/chirality/projects/chirality-piping/node_modules/react-dom/cjs/react-dom-client.development.js:874:13)
    at commitHookEffectListMount (/Users/ryan/.codex/worktrees/6614/chirality/projects/chirality-piping/node_modules/react-dom/cjs/react-dom-client.development.js:13249:29) undefined
Error: Not implemented: HTMLCanvasElement.prototype.getContext (without installing the canvas npm package)
    at module.exports (/Users/ryan/.codex/worktrees/6614/chirality/projects/chirality-piping/node_modules/jsdom/lib/jsdom/browser/not-implemented.js:9:17)
    at HTMLCanvasElementImpl.getContext (/Users/ryan/.codex/worktrees/6614/chirality/projects/chirality-piping/node_modules/jsdom/lib/jsdom/living/nodes/HTMLCanvasElement-impl.js:42:5)
    at HTMLCanvasElement.getContext (/Users/ryan/.codex/worktrees/6614/chirality/projects/chirality-piping/node_modules/jsdom/lib/jsdom/living/generated/HTMLCanvasElement.js:131:58)
    at getContext (file:///Users/ryan/.codex/worktrees/6614/chirality/projects/chirality-piping/node_modules/three/build/three.module.js:15443:18)
    at new WebGLRenderer (file:///Users/ryan/.codex/worktrees/6614/chirality/projects/chirality-piping/node_modules/three/build/three.module.js:15476:11)
    at new ViewportResource (/private/tmp/piping-engine-integration-20260925/projects/chirality-piping/apps/desktop/src/features/viewport/viewportResource.ts:509:21)
    at /private/tmp/piping-engine-integration-20260925/projects/chirality-piping/apps/desktop/src/features/viewport/PipeViewport.tsx:909:18
    at Object.react_stack_bottom_frame (/Users/ryan/.codex/worktrees/6614/chirality/projects/chirality-piping/node_modules/react-dom/cjs/react-dom-client.development.js:25989:20)
    at runWithFiberInDEV (/Users/ryan/.codex/worktrees/6614/chirality/projects/chirality-piping/node_modules/react-dom/cjs/react-dom-client.development.js:874:13)
    at commitHookEffectListMount (/Users/ryan/.codex/worktrees/6614/chirality/projects/chirality-piping/node_modules/react-dom/cjs/react-dom-client.development.js:13249:29) undefined
Error: Not implemented: HTMLCanvasElement.prototype.getContext (without installing the canvas npm package)
    at module.exports (/Users/ryan/.codex/worktrees/6614/chirality/projects/chirality-piping/node_modules/jsdom/lib/jsdom/browser/not-implemented.js:9:17)
    at HTMLCanvasElementImpl.getContext (/Users/ryan/.codex/worktrees/6614/chirality/projects/chirality-piping/node_modules/jsdom/lib/jsdom/living/nodes/HTMLCanvasElement-impl.js:42:5)
    at HTMLCanvasElement.getContext (/Users/ryan/.codex/worktrees/6614/chirality/projects/chirality-piping/node_modules/jsdom/lib/jsdom/living/generated/HTMLCanvasElement.js:131:58)
    at getContext (file:///Users/ryan/.codex/worktrees/6614/chirality/projects/chirality-piping/node_modules/three/build/three.module.js:15443:18)
    at new WebGLRenderer (file:///Users/ryan/.codex/worktrees/6614/chirality/projects/chirality-piping/node_modules/three/build/three.module.js:15472:11)
    at new ViewportResource (/private/tmp/piping-engine-integration-20260925/projects/chirality-piping/apps/desktop/src/features/viewport/viewportResource.ts:509:21)
    at /private/tmp/piping-engine-integration-20260925/projects/chirality-piping/apps/desktop/src/features/viewport/PipeViewport.tsx:909:18
    at Object.react_stack_bottom_frame (/Users/ryan/.codex/worktrees/6614/chirality/projects/chirality-piping/node_modules/react-dom/cjs/react-dom-client.development.js:25989:20)
    at runWithFiberInDEV (/Users/ryan/.codex/worktrees/6614/chirality/projects/chirality-piping/node_modules/react-dom/cjs/react-dom-client.development.js:874:13)
    at commitHookEffectListMount (/Users/ryan/.codex/worktrees/6614/chirality/projects/chirality-piping/node_modules/react-dom/cjs/react-dom-client.development.js:13249:29) undefined
Error: Not implemented: HTMLCanvasElement.prototype.getContext (without installing the canvas npm package)
    at module.exports (/Users/ryan/.codex/worktrees/6614/chirality/projects/chirality-piping/node_modules/jsdom/lib/jsdom/browser/not-implemented.js:9:17)
    at HTMLCanvasElementImpl.getContext (/Users/ryan/.codex/worktrees/6614/chirality/projects/chirality-piping/node_modules/jsdom/lib/jsdom/living/nodes/HTMLCanvasElement-impl.js:42:5)
    at HTMLCanvasElement.getContext (/Users/ryan/.codex/worktrees/6614/chirality/projects/chirality-piping/node_modules/jsdom/lib/jsdom/living/generated/HTMLCanvasElement.js:131:58)
    at getContext (file:///Users/ryan/.codex/worktrees/6614/chirality/projects/chirality-piping/node_modules/three/build/three.module.js:15443:18)
    at new WebGLRenderer (file:///Users/ryan/.codex/worktrees/6614/chirality/projects/chirality-piping/node_modules/three/build/three.module.js:15476:11)
    at new ViewportResource (/private/tmp/piping-engine-integration-20260925/projects/chirality-piping/apps/desktop/src/features/viewport/viewportResource.ts:509:21)
    at /private/tmp/piping-engine-integration-20260925/projects/chirality-piping/apps/desktop/src/features/viewport/PipeViewport.tsx:909:18
    at Object.react_stack_bottom_frame (/Users/ryan/.codex/worktrees/6614/chirality/projects/chirality-piping/node_modules/react-dom/cjs/react-dom-client.development.js:25989:20)
    at runWithFiberInDEV (/Users/ryan/.codex/worktrees/6614/chirality/projects/chirality-piping/node_modules/react-dom/cjs/react-dom-client.development.js:874:13)
    at commitHookEffectListMount (/Users/ryan/.codex/worktrees/6614/chirality/projects/chirality-piping/node_modules/react-dom/cjs/react-dom-client.development.js:13249:29) undefined
Error: Not implemented: HTMLCanvasElement.prototype.getContext (without installing the canvas npm package)
    at module.exports (/Users/ryan/.codex/worktrees/6614/chirality/projects/chirality-piping/node_modules/jsdom/lib/jsdom/browser/not-implemented.js:9:17)
    at HTMLCanvasElementImpl.getContext (/Users/ryan/.codex/worktrees/6614/chirality/projects/chirality-piping/node_modules/jsdom/lib/jsdom/living/nodes/HTMLCanvasElement-impl.js:42:5)
    at HTMLCanvasElement.getContext (/Users/ryan/.codex/worktrees/6614/chirality/projects/chirality-piping/node_modules/jsdom/lib/jsdom/living/generated/HTMLCanvasElement.js:131:58)
    at getContext (file:///Users/ryan/.codex/worktrees/6614/chirality/projects/chirality-piping/node_modules/three/build/three.module.js:15443:18)
    at new WebGLRenderer (file:///Users/ryan/.codex/worktrees/6614/chirality/projects/chirality-piping/node_modules/three/build/three.module.js:15472:11)
    at new ViewportResource (/private/tmp/piping-engine-integration-20260925/projects/chirality-piping/apps/desktop/src/features/viewport/viewportResource.ts:509:21)
    at /private/tmp/piping-engine-integration-20260925/projects/chirality-piping/apps/desktop/src/features/viewport/PipeViewport.tsx:909:18
    at Object.react_stack_bottom_frame (/Users/ryan/.codex/worktrees/6614/chirality/projects/chirality-piping/node_modules/react-dom/cjs/react-dom-client.development.js:25989:20)
    at runWithFiberInDEV (/Users/ryan/.codex/worktrees/6614/chirality/projects/chirality-piping/node_modules/react-dom/cjs/react-dom-client.development.js:874:13)
    at commitHookEffectListMount (/Users/ryan/.codex/worktrees/6614/chirality/projects/chirality-piping/node_modules/react-dom/cjs/react-dom-client.development.js:13249:29) undefined
Error: Not implemented: HTMLCanvasElement.prototype.getContext (without installing the canvas npm package)
    at module.exports (/Users/ryan/.codex/worktrees/6614/chirality/projects/chirality-piping/node_modules/jsdom/lib/jsdom/browser/not-implemented.js:9:17)
    at HTMLCanvasElementImpl.getContext (/Users/ryan/.codex/worktrees/6614/chirality/projects/chirality-piping/node_modules/jsdom/lib/jsdom/living/nodes/HTMLCanvasElement-impl.js:42:5)
    at HTMLCanvasElement.getContext (/Users/ryan/.codex/worktrees/6614/chirality/projects/chirality-piping/node_modules/jsdom/lib/jsdom/living/generated/HTMLCanvasElement.js:131:58)
    at getContext (file:///Users/ryan/.codex/worktrees/6614/chirality/projects/chirality-piping/node_modules/three/build/three.module.js:15443:18)
    at new WebGLRenderer (file:///Users/ryan/.codex/worktrees/6614/chirality/projects/chirality-piping/node_modules/three/build/three.module.js:15476:11)
    at new ViewportResource (/private/tmp/piping-engine-integration-20260925/projects/chirality-piping/apps/desktop/src/features/viewport/viewportResource.ts:509:21)
    at /private/tmp/piping-engine-integration-20260925/projects/chirality-piping/apps/desktop/src/features/viewport/PipeViewport.tsx:909:18
    at Object.react_stack_bottom_frame (/Users/ryan/.codex/worktrees/6614/chirality/projects/chirality-piping/node_modules/react-dom/cjs/react-dom-client.development.js:25989:20)
    at runWithFiberInDEV (/Users/ryan/.codex/worktrees/6614/chirality/projects/chirality-piping/node_modules/react-dom/cjs/react-dom-client.development.js:874:13)
    at commitHookEffectListMount (/Users/ryan/.codex/worktrees/6614/chirality/projects/chirality-piping/node_modules/react-dom/cjs/react-dom-client.development.js:13249:29) undefined
Error: Not implemented: HTMLCanvasElement.prototype.getContext (without installing the canvas npm package)
    at module.exports (/Users/ryan/.codex/worktrees/6614/chirality/projects/chirality-piping/node_modules/jsdom/lib/jsdom/browser/not-implemented.js:9:17)
    at HTMLCanvasElementImpl.getContext (/Users/ryan/.codex/worktrees/6614/chirality/projects/chirality-piping/node_modules/jsdom/lib/jsdom/living/nodes/HTMLCanvasElement-impl.js:42:5)
    at HTMLCanvasElement.getContext (/Users/ryan/.codex/worktrees/6614/chirality/projects/chirality-piping/node_modules/jsdom/lib/jsdom/living/generated/HTMLCanvasElement.js:131:58)
    at getContext (file:///Users/ryan/.codex/worktrees/6614/chirality/projects/chirality-piping/node_modules/three/build/three.module.js:15443:18)
    at new WebGLRenderer (file:///Users/ryan/.codex/worktrees/6614/chirality/projects/chirality-piping/node_modules/three/build/three.module.js:15472:11)
    at new ViewportResource (/private/tmp/piping-engine-integration-20260925/projects/chirality-piping/apps/desktop/src/features/viewport/viewportResource.ts:509:21)
    at /private/tmp/piping-engine-integration-20260925/projects/chirality-piping/apps/desktop/src/features/viewport/PipeViewport.tsx:909:18
    at Object.react_stack_bottom_frame (/Users/ryan/.codex/worktrees/6614/chirality/projects/chirality-piping/node_modules/react-dom/cjs/react-dom-client.development.js:25989:20)
    at runWithFiberInDEV (/Users/ryan/.codex/worktrees/6614/chirality/projects/chirality-piping/node_modules/react-dom/cjs/react-dom-client.development.js:874:13)
    at commitHookEffectListMount (/Users/ryan/.codex/worktrees/6614/chirality/projects/chirality-piping/node_modules/react-dom/cjs/react-dom-client.development.js:13249:29) undefined
Error: Not implemented: HTMLCanvasElement.prototype.getContext (without installing the canvas npm package)
    at module.exports (/Users/ryan/.codex/worktrees/6614/chirality/projects/chirality-piping/node_modules/jsdom/lib/jsdom/browser/not-implemented.js:9:17)
    at HTMLCanvasElementImpl.getContext (/Users/ryan/.codex/worktrees/6614/chirality/projects/chirality-piping/node_modules/jsdom/lib/jsdom/living/nodes/HTMLCanvasElement-impl.js:42:5)
    at HTMLCanvasElement.getContext (/Users/ryan/.codex/worktrees/6614/chirality/projects/chirality-piping/node_modules/jsdom/lib/jsdom/living/generated/HTMLCanvasElement.js:131:58)
    at getContext (file:///Users/ryan/.codex/worktrees/6614/chirality/projects/chirality-piping/node_modules/three/build/three.module.js:15443:18)
    at new WebGLRenderer (file:///Users/ryan/.codex/worktrees/6614/chirality/projects/chirality-piping/node_modules/three/build/three.module.js:15476:11)
    at new ViewportResource (/private/tmp/piping-engine-integration-20260925/projects/chirality-piping/apps/desktop/src/features/viewport/viewportResource.ts:509:21)
    at /private/tmp/piping-engine-integration-20260925/projects/chirality-piping/apps/desktop/src/features/viewport/PipeViewport.tsx:909:18
    at Object.react_stack_bottom_frame (/Users/ryan/.codex/worktrees/6614/chirality/projects/chirality-piping/node_modules/react-dom/cjs/react-dom-client.development.js:25989:20)
    at runWithFiberInDEV (/Users/ryan/.codex/worktrees/6614/chirality/projects/chirality-piping/node_modules/react-dom/cjs/react-dom-client.development.js:874:13)
    at commitHookEffectListMount (/Users/ryan/.codex/worktrees/6614/chirality/projects/chirality-piping/node_modules/react-dom/cjs/react-dom-client.development.js:13249:29) undefined
Error: Not implemented: HTMLCanvasElement.prototype.getContext (without installing the canvas npm package)
    at module.exports (/Users/ryan/.codex/worktrees/6614/chirality/projects/chirality-piping/node_modules/jsdom/lib/jsdom/browser/not-implemented.js:9:17)
    at HTMLCanvasElementImpl.getContext (/Users/ryan/.codex/worktrees/6614/chirality/projects/chirality-piping/node_modules/jsdom/lib/jsdom/living/nodes/HTMLCanvasElement-impl.js:42:5)
    at HTMLCanvasElement.getContext (/Users/ryan/.codex/worktrees/6614/chirality/projects/chirality-piping/node_modules/jsdom/lib/jsdom/living/generated/HTMLCanvasElement.js:131:58)
    at getContext (file:///Users/ryan/.codex/worktrees/6614/chirality/projects/chirality-piping/node_modules/three/build/three.module.js:15443:18)
    at new WebGLRenderer (file:///Users/ryan/.codex/worktrees/6614/chirality/projects/chirality-piping/node_modules/three/build/three.module.js:15472:11)
    at new ViewportResource (/private/tmp/piping-engine-integration-20260925/projects/chirality-piping/apps/desktop/src/features/viewport/viewportResource.ts:509:21)
    at /private/tmp/piping-engine-integration-20260925/projects/chirality-piping/apps/desktop/src/features/viewport/PipeViewport.tsx:909:18
    at Object.react_stack_bottom_frame (/Users/ryan/.codex/worktrees/6614/chirality/projects/chirality-piping/node_modules/react-dom/cjs/react-dom-client.development.js:25989:20)
    at runWithFiberInDEV (/Users/ryan/.codex/worktrees/6614/chirality/projects/chirality-piping/node_modules/react-dom/cjs/react-dom-client.development.js:874:13)
    at commitHookEffectListMount (/Users/ryan/.codex/worktrees/6614/chirality/projects/chirality-piping/node_modules/react-dom/cjs/react-dom-client.development.js:13249:29) undefined
Error: Not implemented: HTMLCanvasElement.prototype.getContext (without installing the canvas npm package)
    at module.exports (/Users/ryan/.codex/worktrees/6614/chirality/projects/chirality-piping/node_modules/jsdom/lib/jsdom/browser/not-implemented.js:9:17)
    at HTMLCanvasElementImpl.getContext (/Users/ryan/.codex/worktrees/6614/chirality/projects/chirality-piping/node_modules/jsdom/lib/jsdom/living/nodes/HTMLCanvasElement-impl.js:42:5)
    at HTMLCanvasElement.getContext (/Users/ryan/.codex/worktrees/6614/chirality/projects/chirality-piping/node_modules/jsdom/lib/jsdom/living/generated/HTMLCanvasElement.js:131:58)
    at getContext (file:///Users/ryan/.codex/worktrees/6614/chirality/projects/chirality-piping/node_modules/three/build/three.module.js:15443:18)
    at new WebGLRenderer (file:///Users/ryan/.codex/worktrees/6614/chirality/projects/chirality-piping/node_modules/three/build/three.module.js:15476:11)
    at new ViewportResource (/private/tmp/piping-engine-integration-20260925/projects/chirality-piping/apps/desktop/src/features/viewport/viewportResource.ts:509:21)
    at /private/tmp/piping-engine-integration-20260925/projects/chirality-piping/apps/desktop/src/features/viewport/PipeViewport.tsx:909:18
    at Object.react_stack_bottom_frame (/Users/ryan/.codex/worktrees/6614/chirality/projects/chirality-piping/node_modules/react-dom/cjs/react-dom-client.development.js:25989:20)
    at runWithFiberInDEV (/Users/ryan/.codex/worktrees/6614/chirality/projects/chirality-piping/node_modules/react-dom/cjs/react-dom-client.development.js:874:13)
    at commitHookEffectListMount (/Users/ryan/.codex/worktrees/6614/chirality/projects/chirality-piping/node_modules/react-dom/cjs/react-dom-client.development.js:13249:29) undefined
Error: Not implemented: HTMLCanvasElement.prototype.getContext (without installing the canvas npm package)
    at module.exports (/Users/ryan/.codex/worktrees/6614/chirality/projects/chirality-piping/node_modules/jsdom/lib/jsdom/browser/not-implemented.js:9:17)
    at HTMLCanvasElementImpl.getContext (/Users/ryan/.codex/worktrees/6614/chirality/projects/chirality-piping/node_modules/jsdom/lib/jsdom/living/nodes/HTMLCanvasElement-impl.js:42:5)
    at HTMLCanvasElement.getContext (/Users/ryan/.codex/worktrees/6614/chirality/projects/chirality-piping/node_modules/jsdom/lib/jsdom/living/generated/HTMLCanvasElement.js:131:58)
    at getContext (file:///Users/ryan/.codex/worktrees/6614/chirality/projects/chirality-piping/node_modules/three/build/three.module.js:15443:18)
    at new WebGLRenderer (file:///Users/ryan/.codex/worktrees/6614/chirality/projects/chirality-piping/node_modules/three/build/three.module.js:15472:11)
    at new ViewportResource (/private/tmp/piping-engine-integration-20260925/projects/chirality-piping/apps/desktop/src/features/viewport/viewportResource.ts:509:21)
    at /private/tmp/piping-engine-integration-20260925/projects/chirality-piping/apps/desktop/src/features/viewport/PipeViewport.tsx:909:18
    at Object.react_stack_bottom_frame (/Users/ryan/.codex/worktrees/6614/chirality/projects/chirality-piping/node_modules/react-dom/cjs/react-dom-client.development.js:25989:20)
    at runWithFiberInDEV (/Users/ryan/.codex/worktrees/6614/chirality/projects/chirality-piping/node_modules/react-dom/cjs/react-dom-client.development.js:874:13)
    at commitHookEffectListMount (/Users/ryan/.codex/worktrees/6614/chirality/projects/chirality-piping/node_modules/react-dom/cjs/react-dom-client.development.js:13249:29) undefined
Error: Not implemented: HTMLCanvasElement.prototype.getContext (without installing the canvas npm package)
    at module.exports (/Users/ryan/.codex/worktrees/6614/chirality/projects/chirality-piping/node_modules/jsdom/lib/jsdom/browser/not-implemented.js:9:17)
    at HTMLCanvasElementImpl.getContext (/Users/ryan/.codex/worktrees/6614/chirality/projects/chirality-piping/node_modules/jsdom/lib/jsdom/living/nodes/HTMLCanvasElement-impl.js:42:5)
    at HTMLCanvasElement.getContext (/Users/ryan/.codex/worktrees/6614/chirality/projects/chirality-piping/node_modules/jsdom/lib/jsdom/living/generated/HTMLCanvasElement.js:131:58)
    at getContext (file:///Users/ryan/.codex/worktrees/6614/chirality/projects/chirality-piping/node_modules/three/build/three.module.js:15443:18)
    at new WebGLRenderer (file:///Users/ryan/.codex/worktrees/6614/chirality/projects/chirality-piping/node_modules/three/build/three.module.js:15476:11)
    at new ViewportResource (/private/tmp/piping-engine-integration-20260925/projects/chirality-piping/apps/desktop/src/features/viewport/viewportResource.ts:509:21)
    at /private/tmp/piping-engine-integration-20260925/projects/chirality-piping/apps/desktop/src/features/viewport/PipeViewport.tsx:909:18
    at Object.react_stack_bottom_frame (/Users/ryan/.codex/worktrees/6614/chirality/projects/chirality-piping/node_modules/react-dom/cjs/react-dom-client.development.js:25989:20)
    at runWithFiberInDEV (/Users/ryan/.codex/worktrees/6614/chirality/projects/chirality-piping/node_modules/react-dom/cjs/react-dom-client.development.js:874:13)
    at commitHookEffectListMount (/Users/ryan/.codex/worktrees/6614/chirality/projects/chirality-piping/node_modules/react-dom/cjs/react-dom-client.development.js:13249:29) undefined
Error: Not implemented: HTMLCanvasElement.prototype.getContext (without installing the canvas npm package)
    at module.exports (/Users/ryan/.codex/worktrees/6614/chirality/projects/chirality-piping/node_modules/jsdom/lib/jsdom/browser/not-implemented.js:9:17)
    at HTMLCanvasElementImpl.getContext (/Users/ryan/.codex/worktrees/6614/chirality/projects/chirality-piping/node_modules/jsdom/lib/jsdom/living/nodes/HTMLCanvasElement-impl.js:42:5)
    at HTMLCanvasElement.getContext (/Users/ryan/.codex/worktrees/6614/chirality/projects/chirality-piping/node_modules/jsdom/lib/jsdom/living/generated/HTMLCanvasElement.js:131:58)
    at getContext (file:///Users/ryan/.codex/worktrees/6614/chirality/projects/chirality-piping/node_modules/three/build/three.module.js:15443:18)
    at new WebGLRenderer (file:///Users/ryan/.codex/worktrees/6614/chirality/projects/chirality-piping/node_modules/three/build/three.module.js:15472:11)
    at new ViewportResource (/private/tmp/piping-engine-integration-20260925/projects/chirality-piping/apps/desktop/src/features/viewport/viewportResource.ts:509:21)
    at /private/tmp/piping-engine-integration-20260925/projects/chirality-piping/apps/desktop/src/features/viewport/PipeViewport.tsx:909:18
    at Object.react_stack_bottom_frame (/Users/ryan/.codex/worktrees/6614/chirality/projects/chirality-piping/node_modules/react-dom/cjs/react-dom-client.development.js:25989:20)
    at runWithFiberInDEV (/Users/ryan/.codex/worktrees/6614/chirality/projects/chirality-piping/node_modules/react-dom/cjs/react-dom-client.development.js:874:13)
    at commitHookEffectListMount (/Users/ryan/.codex/worktrees/6614/chirality/projects/chirality-piping/node_modules/react-dom/cjs/react-dom-client.development.js:13249:29) undefined
Error: Not implemented: HTMLCanvasElement.prototype.getContext (without installing the canvas npm package)
    at module.exports (/Users/ryan/.codex/worktrees/6614/chirality/projects/chirality-piping/node_modules/jsdom/lib/jsdom/browser/not-implemented.js:9:17)
    at HTMLCanvasElementImpl.getContext (/Users/ryan/.codex/worktrees/6614/chirality/projects/chirality-piping/node_modules/jsdom/lib/jsdom/living/nodes/HTMLCanvasElement-impl.js:42:5)
    at HTMLCanvasElement.getContext (/Users/ryan/.codex/worktrees/6614/chirality/projects/chirality-piping/node_modules/jsdom/lib/jsdom/living/generated/HTMLCanvasElement.js:131:58)
    at getContext (file:///Users/ryan/.codex/worktrees/6614/chirality/projects/chirality-piping/node_modules/three/build/three.module.js:15443:18)
    at new WebGLRenderer (file:///Users/ryan/.codex/worktrees/6614/chirality/projects/chirality-piping/node_modules/three/build/three.module.js:15476:11)
    at new ViewportResource (/private/tmp/piping-engine-integration-20260925/projects/chirality-piping/apps/desktop/src/features/viewport/viewportResource.ts:509:21)
    at /private/tmp/piping-engine-integration-20260925/projects/chirality-piping/apps/desktop/src/features/viewport/PipeViewport.tsx:909:18
    at Object.react_stack_bottom_frame (/Users/ryan/.codex/worktrees/6614/chirality/projects/chirality-piping/node_modules/react-dom/cjs/react-dom-client.development.js:25989:20)
    at runWithFiberInDEV (/Users/ryan/.codex/worktrees/6614/chirality/projects/chirality-piping/node_modules/react-dom/cjs/react-dom-client.development.js:874:13)
    at commitHookEffectListMount (/Users/ryan/.codex/worktrees/6614/chirality/projects/chirality-piping/node_modules/react-dom/cjs/react-dom-client.development.js:13249:29) undefined
Error: Not implemented: HTMLCanvasElement.prototype.getContext (without installing the canvas npm package)
    at module.exports (/Users/ryan/.codex/worktrees/6614/chirality/projects/chirality-piping/node_modules/jsdom/lib/jsdom/browser/not-implemented.js:9:17)
    at HTMLCanvasElementImpl.getContext (/Users/ryan/.codex/worktrees/6614/chirality/projects/chirality-piping/node_modules/jsdom/lib/jsdom/living/nodes/HTMLCanvasElement-impl.js:42:5)
    at HTMLCanvasElement.getContext (/Users/ryan/.codex/worktrees/6614/chirality/projects/chirality-piping/node_modules/jsdom/lib/jsdom/living/generated/HTMLCanvasElement.js:131:58)
    at getContext (file:///Users/ryan/.codex/worktrees/6614/chirality/projects/chirality-piping/node_modules/three/build/three.module.js:15443:18)
    at new WebGLRenderer (file:///Users/ryan/.codex/worktrees/6614/chirality/projects/chirality-piping/node_modules/three/build/three.module.js:15472:11)
    at new ViewportResource (/private/tmp/piping-engine-integration-20260925/projects/chirality-piping/apps/desktop/src/features/viewport/viewportResource.ts:509:21)
    at /private/tmp/piping-engine-integration-20260925/projects/chirality-piping/apps/desktop/src/features/viewport/PipeViewport.tsx:909:18
    at Object.react_stack_bottom_frame (/Users/ryan/.codex/worktrees/6614/chirality/projects/chirality-piping/node_modules/react-dom/cjs/react-dom-client.development.js:25989:20)
    at runWithFiberInDEV (/Users/ryan/.codex/worktrees/6614/chirality/projects/chirality-piping/node_modules/react-dom/cjs/react-dom-client.development.js:874:13)
    at commitHookEffectListMount (/Users/ryan/.codex/worktrees/6614/chirality/projects/chirality-piping/node_modules/react-dom/cjs/react-dom-client.development.js:13249:29) undefined
Error: Not implemented: HTMLCanvasElement.prototype.getContext (without installing the canvas npm package)
    at module.exports (/Users/ryan/.codex/worktrees/6614/chirality/projects/chirality-piping/node_modules/jsdom/lib/jsdom/browser/not-implemented.js:9:17)
    at HTMLCanvasElementImpl.getContext (/Users/ryan/.codex/worktrees/6614/chirality/projects/chirality-piping/node_modules/jsdom/lib/jsdom/living/nodes/HTMLCanvasElement-impl.js:42:5)
    at HTMLCanvasElement.getContext (/Users/ryan/.codex/worktrees/6614/chirality/projects/chirality-piping/node_modules/jsdom/lib/jsdom/living/generated/HTMLCanvasElement.js:131:58)
    at getContext (file:///Users/ryan/.codex/worktrees/6614/chirality/projects/chirality-piping/node_modules/three/build/three.module.js:15443:18)
    at new WebGLRenderer (file:///Users/ryan/.codex/worktrees/6614/chirality/projects/chirality-piping/node_modules/three/build/three.module.js:15476:11)
    at new ViewportResource (/private/tmp/piping-engine-integration-20260925/projects/chirality-piping/apps/desktop/src/features/viewport/viewportResource.ts:509:21)
    at /private/tmp/piping-engine-integration-20260925/projects/chirality-piping/apps/desktop/src/features/viewport/PipeViewport.tsx:909:18
    at Object.react_stack_bottom_frame (/Users/ryan/.codex/worktrees/6614/chirality/projects/chirality-piping/node_modules/react-dom/cjs/react-dom-client.development.js:25989:20)
    at runWithFiberInDEV (/Users/ryan/.codex/worktrees/6614/chirality/projects/chirality-piping/node_modules/react-dom/cjs/react-dom-client.development.js:874:13)
    at commitHookEffectListMount (/Users/ryan/.codex/worktrees/6614/chirality/projects/chirality-piping/node_modules/react-dom/cjs/react-dom-client.development.js:13249:29) undefined
Error: Not implemented: HTMLCanvasElement.prototype.getContext (without installing the canvas npm package)
    at module.exports (/Users/ryan/.codex/worktrees/6614/chirality/projects/chirality-piping/node_modules/jsdom/lib/jsdom/browser/not-implemented.js:9:17)
    at HTMLCanvasElementImpl.getContext (/Users/ryan/.codex/worktrees/6614/chirality/projects/chirality-piping/node_modules/jsdom/lib/jsdom/living/nodes/HTMLCanvasElement-impl.js:42:5)
    at HTMLCanvasElement.getContext (/Users/ryan/.codex/worktrees/6614/chirality/projects/chirality-piping/node_modules/jsdom/lib/jsdom/living/generated/HTMLCanvasElement.js:131:58)
    at getContext (file:///Users/ryan/.codex/worktrees/6614/chirality/projects/chirality-piping/node_modules/three/build/three.module.js:15443:18)
    at new WebGLRenderer (file:///Users/ryan/.codex/worktrees/6614/chirality/projects/chirality-piping/node_modules/three/build/three.module.js:15472:11)
    at new ViewportResource (/private/tmp/piping-engine-integration-20260925/projects/chirality-piping/apps/desktop/src/features/viewport/viewportResource.ts:509:21)
    at /private/tmp/piping-engine-integration-20260925/projects/chirality-piping/apps/desktop/src/features/viewport/PipeViewport.tsx:909:18
    at Object.react_stack_bottom_frame (/Users/ryan/.codex/worktrees/6614/chirality/projects/chirality-piping/node_modules/react-dom/cjs/react-dom-client.development.js:25989:20)
    at runWithFiberInDEV (/Users/ryan/.codex/worktrees/6614/chirality/projects/chirality-piping/node_modules/react-dom/cjs/react-dom-client.development.js:874:13)
    at commitHookEffectListMount (/Users/ryan/.codex/worktrees/6614/chirality/projects/chirality-piping/node_modules/react-dom/cjs/react-dom-client.development.js:13249:29) undefined
Error: Not implemented: HTMLCanvasElement.prototype.getContext (without installing the canvas npm package)
    at module.exports (/Users/ryan/.codex/worktrees/6614/chirality/projects/chirality-piping/node_modules/jsdom/lib/jsdom/browser/not-implemented.js:9:17)
    at HTMLCanvasElementImpl.getContext (/Users/ryan/.codex/worktrees/6614/chirality/projects/chirality-piping/node_modules/jsdom/lib/jsdom/living/nodes/HTMLCanvasElement-impl.js:42:5)
    at HTMLCanvasElement.getContext (/Users/ryan/.codex/worktrees/6614/chirality/projects/chirality-piping/node_modules/jsdom/lib/jsdom/living/generated/HTMLCanvasElement.js:131:58)
    at getContext (file:///Users/ryan/.codex/worktrees/6614/chirality/projects/chirality-piping/node_modules/three/build/three.module.js:15443:18)
    at new WebGLRenderer (file:///Users/ryan/.codex/worktrees/6614/chirality/projects/chirality-piping/node_modules/three/build/three.module.js:15476:11)
    at new ViewportResource (/private/tmp/piping-engine-integration-20260925/projects/chirality-piping/apps/desktop/src/features/viewport/viewportResource.ts:509:21)
    at /private/tmp/piping-engine-integration-20260925/projects/chirality-piping/apps/desktop/src/features/viewport/PipeViewport.tsx:909:18
    at Object.react_stack_bottom_frame (/Users/ryan/.codex/worktrees/6614/chirality/projects/chirality-piping/node_modules/react-dom/cjs/react-dom-client.development.js:25989:20)
    at runWithFiberInDEV (/Users/ryan/.codex/worktrees/6614/chirality/projects/chirality-piping/node_modules/react-dom/cjs/react-dom-client.development.js:874:13)
    at commitHookEffectListMount (/Users/ryan/.codex/worktrees/6614/chirality/projects/chirality-piping/node_modules/react-dom/cjs/react-dom-client.development.js:13249:29) undefined
Error: Not implemented: HTMLCanvasElement.prototype.getContext (without installing the canvas npm package)
    at module.exports (/Users/ryan/.codex/worktrees/6614/chirality/projects/chirality-piping/node_modules/jsdom/lib/jsdom/browser/not-implemented.js:9:17)
    at HTMLCanvasElementImpl.getContext (/Users/ryan/.codex/worktrees/6614/chirality/projects/chirality-piping/node_modules/jsdom/lib/jsdom/living/nodes/HTMLCanvasElement-impl.js:42:5)
    at HTMLCanvasElement.getContext (/Users/ryan/.codex/worktrees/6614/chirality/projects/chirality-piping/node_modules/jsdom/lib/jsdom/living/generated/HTMLCanvasElement.js:131:58)
    at getContext (file:///Users/ryan/.codex/worktrees/6614/chirality/projects/chirality-piping/node_modules/three/build/three.module.js:15443:18)
    at new WebGLRenderer (file:///Users/ryan/.codex/worktrees/6614/chirality/projects/chirality-piping/node_modules/three/build/three.module.js:15472:11)
    at new ViewportResource (/private/tmp/piping-engine-integration-20260925/projects/chirality-piping/apps/desktop/src/features/viewport/viewportResource.ts:509:21)
    at /private/tmp/piping-engine-integration-20260925/projects/chirality-piping/apps/desktop/src/features/viewport/PipeViewport.tsx:909:18
    at Object.react_stack_bottom_frame (/Users/ryan/.codex/worktrees/6614/chirality/projects/chirality-piping/node_modules/react-dom/cjs/react-dom-client.development.js:25989:20)
    at runWithFiberInDEV (/Users/ryan/.codex/worktrees/6614/chirality/projects/chirality-piping/node_modules/react-dom/cjs/react-dom-client.development.js:874:13)
    at commitHookEffectListMount (/Users/ryan/.codex/worktrees/6614/chirality/projects/chirality-piping/node_modules/react-dom/cjs/react-dom-client.development.js:13249:29) undefined
Error: Not implemented: HTMLCanvasElement.prototype.getContext (without installing the canvas npm package)
    at module.exports (/Users/ryan/.codex/worktrees/6614/chirality/projects/chirality-piping/node_modules/jsdom/lib/jsdom/browser/not-implemented.js:9:17)
    at HTMLCanvasElementImpl.getContext (/Users/ryan/.codex/worktrees/6614/chirality/projects/chirality-piping/node_modules/jsdom/lib/jsdom/living/nodes/HTMLCanvasElement-impl.js:42:5)
    at HTMLCanvasElement.getContext (/Users/ryan/.codex/worktrees/6614/chirality/projects/chirality-piping/node_modules/jsdom/lib/jsdom/living/generated/HTMLCanvasElement.js:131:58)
    at getContext (file:///Users/ryan/.codex/worktrees/6614/chirality/projects/chirality-piping/node_modules/three/build/three.module.js:15443:18)
    at new WebGLRenderer (file:///Users/ryan/.codex/worktrees/6614/chirality/projects/chirality-piping/node_modules/three/build/three.module.js:15476:11)
    at new ViewportResource (/private/tmp/piping-engine-integration-20260925/projects/chirality-piping/apps/desktop/src/features/viewport/viewportResource.ts:509:21)
    at /private/tmp/piping-engine-integration-20260925/projects/chirality-piping/apps/desktop/src/features/viewport/PipeViewport.tsx:909:18
    at Object.react_stack_bottom_frame (/Users/ryan/.codex/worktrees/6614/chirality/projects/chirality-piping/node_modules/react-dom/cjs/react-dom-client.development.js:25989:20)
    at runWithFiberInDEV (/Users/ryan/.codex/worktrees/6614/chirality/projects/chirality-piping/node_modules/react-dom/cjs/react-dom-client.development.js:874:13)
    at commitHookEffectListMount (/Users/ryan/.codex/worktrees/6614/chirality/projects/chirality-piping/node_modules/react-dom/cjs/react-dom-client.development.js:13249:29) undefined
Error: Not implemented: HTMLCanvasElement.prototype.getContext (without installing the canvas npm package)
    at module.exports (/Users/ryan/.codex/worktrees/6614/chirality/projects/chirality-piping/node_modules/jsdom/lib/jsdom/browser/not-implemented.js:9:17)
    at HTMLCanvasElementImpl.getContext (/Users/ryan/.codex/worktrees/6614/chirality/projects/chirality-piping/node_modules/jsdom/lib/jsdom/living/nodes/HTMLCanvasElement-impl.js:42:5)
    at HTMLCanvasElement.getContext (/Users/ryan/.codex/worktrees/6614/chirality/projects/chirality-piping/node_modules/jsdom/lib/jsdom/living/generated/HTMLCanvasElement.js:131:58)
    at getContext (file:///Users/ryan/.codex/worktrees/6614/chirality/projects/chirality-piping/node_modules/three/build/three.module.js:15443:18)
    at new WebGLRenderer (file:///Users/ryan/.codex/worktrees/6614/chirality/projects/chirality-piping/node_modules/three/build/three.module.js:15472:11)
    at new ViewportResource (/private/tmp/piping-engine-integration-20260925/projects/chirality-piping/apps/desktop/src/features/viewport/viewportResource.ts:509:21)
    at /private/tmp/piping-engine-integration-20260925/projects/chirality-piping/apps/desktop/src/features/viewport/PipeViewport.tsx:909:18
    at Object.react_stack_bottom_frame (/Users/ryan/.codex/worktrees/6614/chirality/projects/chirality-piping/node_modules/react-dom/cjs/react-dom-client.development.js:25989:20)
    at runWithFiberInDEV (/Users/ryan/.codex/worktrees/6614/chirality/projects/chirality-piping/node_modules/react-dom/cjs/react-dom-client.development.js:874:13)
    at commitHookEffectListMount (/Users/ryan/.codex/worktrees/6614/chirality/projects/chirality-piping/node_modules/react-dom/cjs/react-dom-client.development.js:13249:29) undefined
Error: Not implemented: HTMLCanvasElement.prototype.getContext (without installing the canvas npm package)
    at module.exports (/Users/ryan/.codex/worktrees/6614/chirality/projects/chirality-piping/node_modules/jsdom/lib/jsdom/browser/not-implemented.js:9:17)
    at HTMLCanvasElementImpl.getContext (/Users/ryan/.codex/worktrees/6614/chirality/projects/chirality-piping/node_modules/jsdom/lib/jsdom/living/nodes/HTMLCanvasElement-impl.js:42:5)
    at HTMLCanvasElement.getContext (/Users/ryan/.codex/worktrees/6614/chirality/projects/chirality-piping/node_modules/jsdom/lib/jsdom/living/generated/HTMLCanvasElement.js:131:58)
    at getContext (file:///Users/ryan/.codex/worktrees/6614/chirality/projects/chirality-piping/node_modules/three/build/three.module.js:15443:18)
    at new WebGLRenderer (file:///Users/ryan/.codex/worktrees/6614/chirality/projects/chirality-piping/node_modules/three/build/three.module.js:15476:11)
    at new ViewportResource (/private/tmp/piping-engine-integration-20260925/projects/chirality-piping/apps/desktop/src/features/viewport/viewportResource.ts:509:21)
    at /private/tmp/piping-engine-integration-20260925/projects/chirality-piping/apps/desktop/src/features/viewport/PipeViewport.tsx:909:18
    at Object.react_stack_bottom_frame (/Users/ryan/.codex/worktrees/6614/chirality/projects/chirality-piping/node_modules/react-dom/cjs/react-dom-client.development.js:25989:20)
    at runWithFiberInDEV (/Users/ryan/.codex/worktrees/6614/chirality/projects/chirality-piping/node_modules/react-dom/cjs/react-dom-client.development.js:874:13)
    at commitHookEffectListMount (/Users/ryan/.codex/worktrees/6614/chirality/projects/chirality-piping/node_modules/react-dom/cjs/react-dom-client.development.js:13249:29) undefined
Error: Not implemented: HTMLCanvasElement.prototype.getContext (without installing the canvas npm package)
    at module.exports (/Users/ryan/.codex/worktrees/6614/chirality/projects/chirality-piping/node_modules/jsdom/lib/jsdom/browser/not-implemented.js:9:17)
    at HTMLCanvasElementImpl.getContext (/Users/ryan/.codex/worktrees/6614/chirality/projects/chirality-piping/node_modules/jsdom/lib/jsdom/living/nodes/HTMLCanvasElement-impl.js:42:5)
    at HTMLCanvasElement.getContext (/Users/ryan/.codex/worktrees/6614/chirality/projects/chirality-piping/node_modules/jsdom/lib/jsdom/living/generated/HTMLCanvasElement.js:131:58)
    at getContext (file:///Users/ryan/.codex/worktrees/6614/chirality/projects/chirality-piping/node_modules/three/build/three.module.js:15443:18)
    at new WebGLRenderer (file:///Users/ryan/.codex/worktrees/6614/chirality/projects/chirality-piping/node_modules/three/build/three.module.js:15472:11)
    at new ViewportResource (/private/tmp/piping-engine-integration-20260925/projects/chirality-piping/apps/desktop/src/features/viewport/viewportResource.ts:509:21)
    at /private/tmp/piping-engine-integration-20260925/projects/chirality-piping/apps/desktop/src/features/viewport/PipeViewport.tsx:909:18
    at Object.react_stack_bottom_frame (/Users/ryan/.codex/worktrees/6614/chirality/projects/chirality-piping/node_modules/react-dom/cjs/react-dom-client.development.js:25989:20)
    at runWithFiberInDEV (/Users/ryan/.codex/worktrees/6614/chirality/projects/chirality-piping/node_modules/react-dom/cjs/react-dom-client.development.js:874:13)
    at commitHookEffectListMount (/Users/ryan/.codex/worktrees/6614/chirality/projects/chirality-piping/node_modules/react-dom/cjs/react-dom-client.development.js:13249:29) undefined
Error: Not implemented: HTMLCanvasElement.prototype.getContext (without installing the canvas npm package)
    at module.exports (/Users/ryan/.codex/worktrees/6614/chirality/projects/chirality-piping/node_modules/jsdom/lib/jsdom/browser/not-implemented.js:9:17)
    at HTMLCanvasElementImpl.getContext (/Users/ryan/.codex/worktrees/6614/chirality/projects/chirality-piping/node_modules/jsdom/lib/jsdom/living/nodes/HTMLCanvasElement-impl.js:42:5)
    at HTMLCanvasElement.getContext (/Users/ryan/.codex/worktrees/6614/chirality/projects/chirality-piping/node_modules/jsdom/lib/jsdom/living/generated/HTMLCanvasElement.js:131:58)
    at getContext (file:///Users/ryan/.codex/worktrees/6614/chirality/projects/chirality-piping/node_modules/three/build/three.module.js:15443:18)
    at new WebGLRenderer (file:///Users/ryan/.codex/worktrees/6614/chirality/projects/chirality-piping/node_modules/three/build/three.module.js:15476:11)
    at new ViewportResource (/private/tmp/piping-engine-integration-20260925/projects/chirality-piping/apps/desktop/src/features/viewport/viewportResource.ts:509:21)
    at /private/tmp/piping-engine-integration-20260925/projects/chirality-piping/apps/desktop/src/features/viewport/PipeViewport.tsx:909:18
    at Object.react_stack_bottom_frame (/Users/ryan/.codex/worktrees/6614/chirality/projects/chirality-piping/node_modules/react-dom/cjs/react-dom-client.development.js:25989:20)
    at runWithFiberInDEV (/Users/ryan/.codex/worktrees/6614/chirality/projects/chirality-piping/node_modules/react-dom/cjs/react-dom-client.development.js:874:13)
    at commitHookEffectListMount (/Users/ryan/.codex/worktrees/6614/chirality/projects/chirality-piping/node_modules/react-dom/cjs/react-dom-client.development.js:13249:29) undefined
Error: Not implemented: HTMLCanvasElement.prototype.getContext (without installing the canvas npm package)
    at module.exports (/Users/ryan/.codex/worktrees/6614/chirality/projects/chirality-piping/node_modules/jsdom/lib/jsdom/browser/not-implemented.js:9:17)
    at HTMLCanvasElementImpl.getContext (/Users/ryan/.codex/worktrees/6614/chirality/projects/chirality-piping/node_modules/jsdom/lib/jsdom/living/nodes/HTMLCanvasElement-impl.js:42:5)
    at HTMLCanvasElement.getContext (/Users/ryan/.codex/worktrees/6614/chirality/projects/chirality-piping/node_modules/jsdom/lib/jsdom/living/generated/HTMLCanvasElement.js:131:58)
    at getContext (file:///Users/ryan/.codex/worktrees/6614/chirality/projects/chirality-piping/node_modules/three/build/three.module.js:15443:18)
    at new WebGLRenderer (file:///Users/ryan/.codex/worktrees/6614/chirality/projects/chirality-piping/node_modules/three/build/three.module.js:15472:11)
    at new ViewportResource (/private/tmp/piping-engine-integration-20260925/projects/chirality-piping/apps/desktop/src/features/viewport/viewportResource.ts:509:21)
    at /private/tmp/piping-engine-integration-20260925/projects/chirality-piping/apps/desktop/src/features/viewport/PipeViewport.tsx:909:18
    at Object.react_stack_bottom_frame (/Users/ryan/.codex/worktrees/6614/chirality/projects/chirality-piping/node_modules/react-dom/cjs/react-dom-client.development.js:25989:20)
    at runWithFiberInDEV (/Users/ryan/.codex/worktrees/6614/chirality/projects/chirality-piping/node_modules/react-dom/cjs/react-dom-client.development.js:874:13)
    at commitHookEffectListMount (/Users/ryan/.codex/worktrees/6614/chirality/projects/chirality-piping/node_modules/react-dom/cjs/react-dom-client.development.js:13249:29) undefined
Error: Not implemented: HTMLCanvasElement.prototype.getContext (without installing the canvas npm package)
    at module.exports (/Users/ryan/.codex/worktrees/6614/chirality/projects/chirality-piping/node_modules/jsdom/lib/jsdom/browser/not-implemented.js:9:17)
    at HTMLCanvasElementImpl.getContext (/Users/ryan/.codex/worktrees/6614/chirality/projects/chirality-piping/node_modules/jsdom/lib/jsdom/living/nodes/HTMLCanvasElement-impl.js:42:5)
    at HTMLCanvasElement.getContext (/Users/ryan/.codex/worktrees/6614/chirality/projects/chirality-piping/node_modules/jsdom/lib/jsdom/living/generated/HTMLCanvasElement.js:131:58)
    at getContext (file:///Users/ryan/.codex/worktrees/6614/chirality/projects/chirality-piping/node_modules/three/build/three.module.js:15443:18)
    at new WebGLRenderer (file:///Users/ryan/.codex/worktrees/6614/chirality/projects/chirality-piping/node_modules/three/build/three.module.js:15476:11)
    at new ViewportResource (/private/tmp/piping-engine-integration-20260925/projects/chirality-piping/apps/desktop/src/features/viewport/viewportResource.ts:509:21)
    at /private/tmp/piping-engine-integration-20260925/projects/chirality-piping/apps/desktop/src/features/viewport/PipeViewport.tsx:909:18
    at Object.react_stack_bottom_frame (/Users/ryan/.codex/worktrees/6614/chirality/projects/chirality-piping/node_modules/react-dom/cjs/react-dom-client.development.js:25989:20)
    at runWithFiberInDEV (/Users/ryan/.codex/worktrees/6614/chirality/projects/chirality-piping/node_modules/react-dom/cjs/react-dom-client.development.js:874:13)
    at commitHookEffectListMount (/Users/ryan/.codex/worktrees/6614/chirality/projects/chirality-piping/node_modules/react-dom/cjs/react-dom-client.development.js:13249:29) undefined
Error: Not implemented: HTMLCanvasElement.prototype.getContext (without installing the canvas npm package)
    at module.exports (/Users/ryan/.codex/worktrees/6614/chirality/projects/chirality-piping/node_modules/jsdom/lib/jsdom/browser/not-implemented.js:9:17)
    at HTMLCanvasElementImpl.getContext (/Users/ryan/.codex/worktrees/6614/chirality/projects/chirality-piping/node_modules/jsdom/lib/jsdom/living/nodes/HTMLCanvasElement-impl.js:42:5)
    at HTMLCanvasElement.getContext (/Users/ryan/.codex/worktrees/6614/chirality/projects/chirality-piping/node_modules/jsdom/lib/jsdom/living/generated/HTMLCanvasElement.js:131:58)
    at getContext (file:///Users/ryan/.codex/worktrees/6614/chirality/projects/chirality-piping/node_modules/three/build/three.module.js:15443:18)
    at new WebGLRenderer (file:///Users/ryan/.codex/worktrees/6614/chirality/projects/chirality-piping/node_modules/three/build/three.module.js:15472:11)
    at new ViewportResource (/private/tmp/piping-engine-integration-20260925/projects/chirality-piping/apps/desktop/src/features/viewport/viewportResource.ts:509:21)
    at /private/tmp/piping-engine-integration-20260925/projects/chirality-piping/apps/desktop/src/features/viewport/PipeViewport.tsx:909:18
    at Object.react_stack_bottom_frame (/Users/ryan/.codex/worktrees/6614/chirality/projects/chirality-piping/node_modules/react-dom/cjs/react-dom-client.development.js:25989:20)
    at runWithFiberInDEV (/Users/ryan/.codex/worktrees/6614/chirality/projects/chirality-piping/node_modules/react-dom/cjs/react-dom-client.development.js:874:13)
    at commitHookEffectListMount (/Users/ryan/.codex/worktrees/6614/chirality/projects/chirality-piping/node_modules/react-dom/cjs/react-dom-client.development.js:13249:29) undefined
Error: Not implemented: HTMLCanvasElement.prototype.getContext (without installing the canvas npm package)
    at module.exports (/Users/ryan/.codex/worktrees/6614/chirality/projects/chirality-piping/node_modules/jsdom/lib/jsdom/browser/not-implemented.js:9:17)
    at HTMLCanvasElementImpl.getContext (/Users/ryan/.codex/worktrees/6614/chirality/projects/chirality-piping/node_modules/jsdom/lib/jsdom/living/nodes/HTMLCanvasElement-impl.js:42:5)
    at HTMLCanvasElement.getContext (/Users/ryan/.codex/worktrees/6614/chirality/projects/chirality-piping/node_modules/jsdom/lib/jsdom/living/generated/HTMLCanvasElement.js:131:58)
    at getContext (file:///Users/ryan/.codex/worktrees/6614/chirality/projects/chirality-piping/node_modules/three/build/three.module.js:15443:18)
    at new WebGLRenderer (file:///Users/ryan/.codex/worktrees/6614/chirality/projects/chirality-piping/node_modules/three/build/three.module.js:15476:11)
    at new ViewportResource (/private/tmp/piping-engine-integration-20260925/projects/chirality-piping/apps/desktop/src/features/viewport/viewportResource.ts:509:21)
    at /private/tmp/piping-engine-integration-20260925/projects/chirality-piping/apps/desktop/src/features/viewport/PipeViewport.tsx:909:18
    at Object.react_stack_bottom_frame (/Users/ryan/.codex/worktrees/6614/chirality/projects/chirality-piping/node_modules/react-dom/cjs/react-dom-client.development.js:25989:20)
    at runWithFiberInDEV (/Users/ryan/.codex/worktrees/6614/chirality/projects/chirality-piping/node_modules/react-dom/cjs/react-dom-client.development.js:874:13)
    at commitHookEffectListMount (/Users/ryan/.codex/worktrees/6614/chirality/projects/chirality-piping/node_modules/react-dom/cjs/react-dom-client.development.js:13249:29) undefined
Error: Not implemented: HTMLCanvasElement.prototype.getContext (without installing the canvas npm package)
    at module.exports (/Users/ryan/.codex/worktrees/6614/chirality/projects/chirality-piping/node_modules/jsdom/lib/jsdom/browser/not-implemented.js:9:17)
    at HTMLCanvasElementImpl.getContext (/Users/ryan/.codex/worktrees/6614/chirality/projects/chirality-piping/node_modules/jsdom/lib/jsdom/living/nodes/HTMLCanvasElement-impl.js:42:5)
    at HTMLCanvasElement.getContext (/Users/ryan/.codex/worktrees/6614/chirality/projects/chirality-piping/node_modules/jsdom/lib/jsdom/living/generated/HTMLCanvasElement.js:131:58)
    at getContext (file:///Users/ryan/.codex/worktrees/6614/chirality/projects/chirality-piping/node_modules/three/build/three.module.js:15443:18)
    at new WebGLRenderer (file:///Users/ryan/.codex/worktrees/6614/chirality/projects/chirality-piping/node_modules/three/build/three.module.js:15472:11)
    at new ViewportResource (/private/tmp/piping-engine-integration-20260925/projects/chirality-piping/apps/desktop/src/features/viewport/viewportResource.ts:509:21)
    at /private/tmp/piping-engine-integration-20260925/projects/chirality-piping/apps/desktop/src/features/viewport/PipeViewport.tsx:909:18
    at Object.react_stack_bottom_frame (/Users/ryan/.codex/worktrees/6614/chirality/projects/chirality-piping/node_modules/react-dom/cjs/react-dom-client.development.js:25989:20)
    at runWithFiberInDEV (/Users/ryan/.codex/worktrees/6614/chirality/projects/chirality-piping/node_modules/react-dom/cjs/react-dom-client.development.js:874:13)
    at commitHookEffectListMount (/Users/ryan/.codex/worktrees/6614/chirality/projects/chirality-piping/node_modules/react-dom/cjs/react-dom-client.development.js:13249:29) undefined
Error: Not implemented: HTMLCanvasElement.prototype.getContext (without installing the canvas npm package)
    at module.exports (/Users/ryan/.codex/worktrees/6614/chirality/projects/chirality-piping/node_modules/jsdom/lib/jsdom/browser/not-implemented.js:9:17)
    at HTMLCanvasElementImpl.getContext (/Users/ryan/.codex/worktrees/6614/chirality/projects/chirality-piping/node_modules/jsdom/lib/jsdom/living/nodes/HTMLCanvasElement-impl.js:42:5)
    at HTMLCanvasElement.getContext (/Users/ryan/.codex/worktrees/6614/chirality/projects/chirality-piping/node_modules/jsdom/lib/jsdom/living/generated/HTMLCanvasElement.js:131:58)
    at getContext (file:///Users/ryan/.codex/worktrees/6614/chirality/projects/chirality-piping/node_modules/three/build/three.module.js:15443:18)
    at new WebGLRenderer (file:///Users/ryan/.codex/worktrees/6614/chirality/projects/chirality-piping/node_modules/three/build/three.module.js:15476:11)
    at new ViewportResource (/private/tmp/piping-engine-integration-20260925/projects/chirality-piping/apps/desktop/src/features/viewport/viewportResource.ts:509:21)
    at /private/tmp/piping-engine-integration-20260925/projects/chirality-piping/apps/desktop/src/features/viewport/PipeViewport.tsx:909:18
    at Object.react_stack_bottom_frame (/Users/ryan/.codex/worktrees/6614/chirality/projects/chirality-piping/node_modules/react-dom/cjs/react-dom-client.development.js:25989:20)
    at runWithFiberInDEV (/Users/ryan/.codex/worktrees/6614/chirality/projects/chirality-piping/node_modules/react-dom/cjs/react-dom-client.development.js:874:13)
    at commitHookEffectListMount (/Users/ryan/.codex/worktrees/6614/chirality/projects/chirality-piping/node_modules/react-dom/cjs/react-dom-client.development.js:13249:29) undefined
Error: Not implemented: HTMLCanvasElement.prototype.getContext (without installing the canvas npm package)
    at module.exports (/Users/ryan/.codex/worktrees/6614/chirality/projects/chirality-piping/node_modules/jsdom/lib/jsdom/browser/not-implemented.js:9:17)
    at HTMLCanvasElementImpl.getContext (/Users/ryan/.codex/worktrees/6614/chirality/projects/chirality-piping/node_modules/jsdom/lib/jsdom/living/nodes/HTMLCanvasElement-impl.js:42:5)
    at HTMLCanvasElement.getContext (/Users/ryan/.codex/worktrees/6614/chirality/projects/chirality-piping/node_modules/jsdom/lib/jsdom/living/generated/HTMLCanvasElement.js:131:58)
    at getContext (file:///Users/ryan/.codex/worktrees/6614/chirality/projects/chirality-piping/node_modules/three/build/three.module.js:15443:18)
    at new WebGLRenderer (file:///Users/ryan/.codex/worktrees/6614/chirality/projects/chirality-piping/node_modules/three/build/three.module.js:15472:11)
    at new ViewportResource (/private/tmp/piping-engine-integration-20260925/projects/chirality-piping/apps/desktop/src/features/viewport/viewportResource.ts:509:21)
    at /private/tmp/piping-engine-integration-20260925/projects/chirality-piping/apps/desktop/src/features/viewport/PipeViewport.tsx:909:18
    at Object.react_stack_bottom_frame (/Users/ryan/.codex/worktrees/6614/chirality/projects/chirality-piping/node_modules/react-dom/cjs/react-dom-client.development.js:25989:20)
    at runWithFiberInDEV (/Users/ryan/.codex/worktrees/6614/chirality/projects/chirality-piping/node_modules/react-dom/cjs/react-dom-client.development.js:874:13)
    at commitHookEffectListMount (/Users/ryan/.codex/worktrees/6614/chirality/projects/chirality-piping/node_modules/react-dom/cjs/react-dom-client.development.js:13249:29) undefined
Error: Not implemented: HTMLCanvasElement.prototype.getContext (without installing the canvas npm package)
    at module.exports (/Users/ryan/.codex/worktrees/6614/chirality/projects/chirality-piping/node_modules/jsdom/lib/jsdom/browser/not-implemented.js:9:17)
    at HTMLCanvasElementImpl.getContext (/Users/ryan/.codex/worktrees/6614/chirality/projects/chirality-piping/node_modules/jsdom/lib/jsdom/living/nodes/HTMLCanvasElement-impl.js:42:5)
    at HTMLCanvasElement.getContext (/Users/ryan/.codex/worktrees/6614/chirality/projects/chirality-piping/node_modules/jsdom/lib/jsdom/living/generated/HTMLCanvasElement.js:131:58)
    at getContext (file:///Users/ryan/.codex/worktrees/6614/chirality/projects/chirality-piping/node_modules/three/build/three.module.js:15443:18)
    at new WebGLRenderer (file:///Users/ryan/.codex/worktrees/6614/chirality/projects/chirality-piping/node_modules/three/build/three.module.js:15476:11)
    at new ViewportResource (/private/tmp/piping-engine-integration-20260925/projects/chirality-piping/apps/desktop/src/features/viewport/viewportResource.ts:509:21)
    at /private/tmp/piping-engine-integration-20260925/projects/chirality-piping/apps/desktop/src/features/viewport/PipeViewport.tsx:909:18
    at Object.react_stack_bottom_frame (/Users/ryan/.codex/worktrees/6614/chirality/projects/chirality-piping/node_modules/react-dom/cjs/react-dom-client.development.js:25989:20)
    at runWithFiberInDEV (/Users/ryan/.codex/worktrees/6614/chirality/projects/chirality-piping/node_modules/react-dom/cjs/react-dom-client.development.js:874:13)
    at commitHookEffectListMount (/Users/ryan/.codex/worktrees/6614/chirality/projects/chirality-piping/node_modules/react-dom/cjs/react-dom-client.development.js:13249:29) undefined
Error: Not implemented: HTMLCanvasElement.prototype.getContext (without installing the canvas npm package)
    at module.exports (/Users/ryan/.codex/worktrees/6614/chirality/projects/chirality-piping/node_modules/jsdom/lib/jsdom/browser/not-implemented.js:9:17)
    at HTMLCanvasElementImpl.getContext (/Users/ryan/.codex/worktrees/6614/chirality/projects/chirality-piping/node_modules/jsdom/lib/jsdom/living/nodes/HTMLCanvasElement-impl.js:42:5)
    at HTMLCanvasElement.getContext (/Users/ryan/.codex/worktrees/6614/chirality/projects/chirality-piping/node_modules/jsdom/lib/jsdom/living/generated/HTMLCanvasElement.js:131:58)
    at getContext (file:///Users/ryan/.codex/worktrees/6614/chirality/projects/chirality-piping/node_modules/three/build/three.module.js:15443:18)
    at new WebGLRenderer (file:///Users/ryan/.codex/worktrees/6614/chirality/projects/chirality-piping/node_modules/three/build/three.module.js:15472:11)
    at new ViewportResource (/private/tmp/piping-engine-integration-20260925/projects/chirality-piping/apps/desktop/src/features/viewport/viewportResource.ts:509:21)
    at /private/tmp/piping-engine-integration-20260925/projects/chirality-piping/apps/desktop/src/features/viewport/PipeViewport.tsx:909:18
    at Object.react_stack_bottom_frame (/Users/ryan/.codex/worktrees/6614/chirality/projects/chirality-piping/node_modules/react-dom/cjs/react-dom-client.development.js:25989:20)
    at runWithFiberInDEV (/Users/ryan/.codex/worktrees/6614/chirality/projects/chirality-piping/node_modules/react-dom/cjs/react-dom-client.development.js:874:13)
    at commitHookEffectListMount (/Users/ryan/.codex/worktrees/6614/chirality/projects/chirality-piping/node_modules/react-dom/cjs/react-dom-client.development.js:13249:29) undefined
Error: Not implemented: HTMLCanvasElement.prototype.getContext (without installing the canvas npm package)
    at module.exports (/Users/ryan/.codex/worktrees/6614/chirality/projects/chirality-piping/node_modules/jsdom/lib/jsdom/browser/not-implemented.js:9:17)
    at HTMLCanvasElementImpl.getContext (/Users/ryan/.codex/worktrees/6614/chirality/projects/chirality-piping/node_modules/jsdom/lib/jsdom/living/nodes/HTMLCanvasElement-impl.js:42:5)
    at HTMLCanvasElement.getContext (/Users/ryan/.codex/worktrees/6614/chirality/projects/chirality-piping/node_modules/jsdom/lib/jsdom/living/generated/HTMLCanvasElement.js:131:58)
    at getContext (file:///Users/ryan/.codex/worktrees/6614/chirality/projects/chirality-piping/node_modules/three/build/three.module.js:15443:18)
    at new WebGLRenderer (file:///Users/ryan/.codex/worktrees/6614/chirality/projects/chirality-piping/node_modules/three/build/three.module.js:15476:11)
    at new ViewportResource (/private/tmp/piping-engine-integration-20260925/projects/chirality-piping/apps/desktop/src/features/viewport/viewportResource.ts:509:21)
    at /private/tmp/piping-engine-integration-20260925/projects/chirality-piping/apps/desktop/src/features/viewport/PipeViewport.tsx:909:18
    at Object.react_stack_bottom_frame (/Users/ryan/.codex/worktrees/6614/chirality/projects/chirality-piping/node_modules/react-dom/cjs/react-dom-client.development.js:25989:20)
    at runWithFiberInDEV (/Users/ryan/.codex/worktrees/6614/chirality/projects/chirality-piping/node_modules/react-dom/cjs/react-dom-client.development.js:874:13)
    at commitHookEffectListMount (/Users/ryan/.codex/worktrees/6614/chirality/projects/chirality-piping/node_modules/react-dom/cjs/react-dom-client.development.js:13249:29) undefined
Error: Not implemented: HTMLCanvasElement.prototype.getContext (without installing the canvas npm package)
    at module.exports (/Users/ryan/.codex/worktrees/6614/chirality/projects/chirality-piping/node_modules/jsdom/lib/jsdom/browser/not-implemented.js:9:17)
    at HTMLCanvasElementImpl.getContext (/Users/ryan/.codex/worktrees/6614/chirality/projects/chirality-piping/node_modules/jsdom/lib/jsdom/living/nodes/HTMLCanvasElement-impl.js:42:5)
    at HTMLCanvasElement.getContext (/Users/ryan/.codex/worktrees/6614/chirality/projects/chirality-piping/node_modules/jsdom/lib/jsdom/living/generated/HTMLCanvasElement.js:131:58)
    at getContext (file:///Users/ryan/.codex/worktrees/6614/chirality/projects/chirality-piping/node_modules/three/build/three.module.js:15443:18)
    at new WebGLRenderer (file:///Users/ryan/.codex/worktrees/6614/chirality/projects/chirality-piping/node_modules/three/build/three.module.js:15472:11)
    at new ViewportResource (/private/tmp/piping-engine-integration-20260925/projects/chirality-piping/apps/desktop/src/features/viewport/viewportResource.ts:509:21)
    at /private/tmp/piping-engine-integration-20260925/projects/chirality-piping/apps/desktop/src/features/viewport/PipeViewport.tsx:909:18
    at Object.react_stack_bottom_frame (/Users/ryan/.codex/worktrees/6614/chirality/projects/chirality-piping/node_modules/react-dom/cjs/react-dom-client.development.js:25989:20)
    at runWithFiberInDEV (/Users/ryan/.codex/worktrees/6614/chirality/projects/chirality-piping/node_modules/react-dom/cjs/react-dom-client.development.js:874:13)
    at commitHookEffectListMount (/Users/ryan/.codex/worktrees/6614/chirality/projects/chirality-piping/node_modules/react-dom/cjs/react-dom-client.development.js:13249:29) undefined
Error: Not implemented: HTMLCanvasElement.prototype.getContext (without installing the canvas npm package)
    at module.exports (/Users/ryan/.codex/worktrees/6614/chirality/projects/chirality-piping/node_modules/jsdom/lib/jsdom/browser/not-implemented.js:9:17)
    at HTMLCanvasElementImpl.getContext (/Users/ryan/.codex/worktrees/6614/chirality/projects/chirality-piping/node_modules/jsdom/lib/jsdom/living/nodes/HTMLCanvasElement-impl.js:42:5)
    at HTMLCanvasElement.getContext (/Users/ryan/.codex/worktrees/6614/chirality/projects/chirality-piping/node_modules/jsdom/lib/jsdom/living/generated/HTMLCanvasElement.js:131:58)
    at getContext (file:///Users/ryan/.codex/worktrees/6614/chirality/projects/chirality-piping/node_modules/three/build/three.module.js:15443:18)
    at new WebGLRenderer (file:///Users/ryan/.codex/worktrees/6614/chirality/projects/chirality-piping/node_modules/three/build/three.module.js:15476:11)
    at new ViewportResource (/private/tmp/piping-engine-integration-20260925/projects/chirality-piping/apps/desktop/src/features/viewport/viewportResource.ts:509:21)
    at /private/tmp/piping-engine-integration-20260925/projects/chirality-piping/apps/desktop/src/features/viewport/PipeViewport.tsx:909:18
    at Object.react_stack_bottom_frame (/Users/ryan/.codex/worktrees/6614/chirality/projects/chirality-piping/node_modules/react-dom/cjs/react-dom-client.development.js:25989:20)
    at runWithFiberInDEV (/Users/ryan/.codex/worktrees/6614/chirality/projects/chirality-piping/node_modules/react-dom/cjs/react-dom-client.development.js:874:13)
    at commitHookEffectListMount (/Users/ryan/.codex/worktrees/6614/chirality/projects/chirality-piping/node_modules/react-dom/cjs/react-dom-client.development.js:13249:29) undefined
Error: Not implemented: HTMLCanvasElement.prototype.getContext (without installing the canvas npm package)
    at module.exports (/Users/ryan/.codex/worktrees/6614/chirality/projects/chirality-piping/node_modules/jsdom/lib/jsdom/browser/not-implemented.js:9:17)
    at HTMLCanvasElementImpl.getContext (/Users/ryan/.codex/worktrees/6614/chirality/projects/chirality-piping/node_modules/jsdom/lib/jsdom/living/nodes/HTMLCanvasElement-impl.js:42:5)
    at HTMLCanvasElement.getContext (/Users/ryan/.codex/worktrees/6614/chirality/projects/chirality-piping/node_modules/jsdom/lib/jsdom/living/generated/HTMLCanvasElement.js:131:58)
    at getContext (file:///Users/ryan/.codex/worktrees/6614/chirality/projects/chirality-piping/node_modules/three/build/three.module.js:15443:18)
    at new WebGLRenderer (file:///Users/ryan/.codex/worktrees/6614/chirality/projects/chirality-piping/node_modules/three/build/three.module.js:15472:11)
    at new ViewportResource (/private/tmp/piping-engine-integration-20260925/projects/chirality-piping/apps/desktop/src/features/viewport/viewportResource.ts:509:21)
    at /private/tmp/piping-engine-integration-20260925/projects/chirality-piping/apps/desktop/src/features/viewport/PipeViewport.tsx:909:18
    at Object.react_stack_bottom_frame (/Users/ryan/.codex/worktrees/6614/chirality/projects/chirality-piping/node_modules/react-dom/cjs/react-dom-client.development.js:25989:20)
    at runWithFiberInDEV (/Users/ryan/.codex/worktrees/6614/chirality/projects/chirality-piping/node_modules/react-dom/cjs/react-dom-client.development.js:874:13)
    at commitHookEffectListMount (/Users/ryan/.codex/worktrees/6614/chirality/projects/chirality-piping/node_modules/react-dom/cjs/react-dom-client.development.js:13249:29) undefined
Error: Not implemented: HTMLCanvasElement.prototype.getContext (without installing the canvas npm package)
    at module.exports (/Users/ryan/.codex/worktrees/6614/chirality/projects/chirality-piping/node_modules/jsdom/lib/jsdom/browser/not-implemented.js:9:17)
    at HTMLCanvasElementImpl.getContext (/Users/ryan/.codex/worktrees/6614/chirality/projects/chirality-piping/node_modules/jsdom/lib/jsdom/living/nodes/HTMLCanvasElement-impl.js:42:5)
    at HTMLCanvasElement.getContext (/Users/ryan/.codex/worktrees/6614/chirality/projects/chirality-piping/node_modules/jsdom/lib/jsdom/living/generated/HTMLCanvasElement.js:131:58)
    at getContext (file:///Users/ryan/.codex/worktrees/6614/chirality/projects/chirality-piping/node_modules/three/build/three.module.js:15443:18)
    at new WebGLRenderer (file:///Users/ryan/.codex/worktrees/6614/chirality/projects/chirality-piping/node_modules/three/build/three.module.js:15476:11)
    at new ViewportResource (/private/tmp/piping-engine-integration-20260925/projects/chirality-piping/apps/desktop/src/features/viewport/viewportResource.ts:509:21)
    at /private/tmp/piping-engine-integration-20260925/projects/chirality-piping/apps/desktop/src/features/viewport/PipeViewport.tsx:909:18
    at Object.react_stack_bottom_frame (/Users/ryan/.codex/worktrees/6614/chirality/projects/chirality-piping/node_modules/react-dom/cjs/react-dom-client.development.js:25989:20)
    at runWithFiberInDEV (/Users/ryan/.codex/worktrees/6614/chirality/projects/chirality-piping/node_modules/react-dom/cjs/react-dom-client.development.js:874:13)
    at commitHookEffectListMount (/Users/ryan/.codex/worktrees/6614/chirality/projects/chirality-piping/node_modules/react-dom/cjs/react-dom-client.development.js:13249:29) undefined
Error: Not implemented: HTMLCanvasElement.prototype.getContext (without installing the canvas npm package)
    at module.exports (/Users/ryan/.codex/worktrees/6614/chirality/projects/chirality-piping/node_modules/jsdom/lib/jsdom/browser/not-implemented.js:9:17)
    at HTMLCanvasElementImpl.getContext (/Users/ryan/.codex/worktrees/6614/chirality/projects/chirality-piping/node_modules/jsdom/lib/jsdom/living/nodes/HTMLCanvasElement-impl.js:42:5)
    at HTMLCanvasElement.getContext (/Users/ryan/.codex/worktrees/6614/chirality/projects/chirality-piping/node_modules/jsdom/lib/jsdom/living/generated/HTMLCanvasElement.js:131:58)
    at getContext (file:///Users/ryan/.codex/worktrees/6614/chirality/projects/chirality-piping/node_modules/three/build/three.module.js:15443:18)
    at new WebGLRenderer (file:///Users/ryan/.codex/worktrees/6614/chirality/projects/chirality-piping/node_modules/three/build/three.module.js:15472:11)
    at new ViewportResource (/private/tmp/piping-engine-integration-20260925/projects/chirality-piping/apps/desktop/src/features/viewport/viewportResource.ts:509:21)
    at /private/tmp/piping-engine-integration-20260925/projects/chirality-piping/apps/desktop/src/features/viewport/PipeViewport.tsx:909:18
    at Object.react_stack_bottom_frame (/Users/ryan/.codex/worktrees/6614/chirality/projects/chirality-piping/node_modules/react-dom/cjs/react-dom-client.development.js:25989:20)
    at runWithFiberInDEV (/Users/ryan/.codex/worktrees/6614/chirality/projects/chirality-piping/node_modules/react-dom/cjs/react-dom-client.development.js:874:13)
    at commitHookEffectListMount (/Users/ryan/.codex/worktrees/6614/chirality/projects/chirality-piping/node_modules/react-dom/cjs/react-dom-client.development.js:13249:29) undefined
Error: Not implemented: HTMLCanvasElement.prototype.getContext (without installing the canvas npm package)
    at module.exports (/Users/ryan/.codex/worktrees/6614/chirality/projects/chirality-piping/node_modules/jsdom/lib/jsdom/browser/not-implemented.js:9:17)
    at HTMLCanvasElementImpl.getContext (/Users/ryan/.codex/worktrees/6614/chirality/projects/chirality-piping/node_modules/jsdom/lib/jsdom/living/nodes/HTMLCanvasElement-impl.js:42:5)
    at HTMLCanvasElement.getContext (/Users/ryan/.codex/worktrees/6614/chirality/projects/chirality-piping/node_modules/jsdom/lib/jsdom/living/generated/HTMLCanvasElement.js:131:58)
    at getContext (file:///Users/ryan/.codex/worktrees/6614/chirality/projects/chirality-piping/node_modules/three/build/three.module.js:15443:18)
    at new WebGLRenderer (file:///Users/ryan/.codex/worktrees/6614/chirality/projects/chirality-piping/node_modules/three/build/three.module.js:15476:11)
    at new ViewportResource (/private/tmp/piping-engine-integration-20260925/projects/chirality-piping/apps/desktop/src/features/viewport/viewportResource.ts:509:21)
    at /private/tmp/piping-engine-integration-20260925/projects/chirality-piping/apps/desktop/src/features/viewport/PipeViewport.tsx:909:18
    at Object.react_stack_bottom_frame (/Users/ryan/.codex/worktrees/6614/chirality/projects/chirality-piping/node_modules/react-dom/cjs/react-dom-client.development.js:25989:20)
    at runWithFiberInDEV (/Users/ryan/.codex/worktrees/6614/chirality/projects/chirality-piping/node_modules/react-dom/cjs/react-dom-client.development.js:874:13)
    at commitHookEffectListMount (/Users/ryan/.codex/worktrees/6614/chirality/projects/chirality-piping/node_modules/react-dom/cjs/react-dom-client.development.js:13249:29) undefined
 ❯ src/App.deadControls.test.tsx (2 tests | 1 failed) 58084ms
     × every button is either responsive or disabled with a stated reason 57083ms

⎯⎯⎯⎯⎯⎯⎯ Failed Tests 4 ⎯⎯⎯⎯⎯⎯⎯

 FAIL  src/App.deadControls.test.tsx > dead-control audit (TP-APP-R2-UXSHELL-001) > every button is either responsive or disabled with a stated reason
AssertionError: expected [ Array(1) ] to deeply equal []

- Expected
+ Received

- []
+ [
+   "[queued] label:Queue pressure profile: disabled control has no accessible reason (no title/aria-label/aria-describedby); text=\"Queue pressure profile\"",
+ ]

 ❯ src/App.deadControls.test.tsx:274:22
    272|       }
    273|       const report = violations.map((entry) => `[${entry.scenario}] ${…
    274|       expect(report).toEqual([]);
       |                      ^
    275|       // Sanity floor: the audit must actually have seen the shell's c…
    276|       // surface; a near-empty enumeration means the audit itself brok…

⎯⎯⎯⎯⎯⎯⎯⎯⎯⎯⎯⎯⎯⎯⎯⎯⎯⎯⎯⎯⎯⎯⎯⎯[1/4]⎯

 FAIL  src/App.projectHandlers.test.tsx > project handlers: a failed or empty open leaves the open project as it was (B2F item 3) > lets an in-flight rule-check revision land when an open finds nothing
TestingLibraryElementError: Unable to find an element by: [data-testid="desktop-preview-shell"]

Ignored nodes: comments, script, style
[36m<body>[39m
  [36m<div>[39m
    [36m<div[39m
      [33mclass[39m=[32m"loading-screen"[39m
    [36m>[39m
      [0mLoading local SWBPIPE preview fixture.[0m
    [36m</div>[39m
  [36m</div>[39m
[36m</body>[39m

Ignored nodes: comments, script, style
[36m<body>[39m
  [36m<div>[39m
    [36m<div[39m
      [33mclass[39m=[32m"loading-screen"[39m
    [36m>[39m
      [0mLoading local SWBPIPE preview fixture.[0m
    [36m</div>[39m
  [36m</div>[39m
[36m</body>[39m
 ❯ waitForWrapper ../../../../../../../Users/ryan/.codex/worktrees/6614/chirality/projects/chirality-piping/node_modules/@testing-library/dom/dist/wait-for.js:163:27
 ❯ ../../../../../../../Users/ryan/.codex/worktrees/6614/chirality/projects/chirality-piping/node_modules/@testing-library/dom/dist/query-helpers.js:86:33
 ❯ src/App.projectHandlers.test.tsx:413:18
    411|     setTauriRuntime(true);
    412|     render(<App />);
    413|     await screen.findByTestId("desktop-preview-shell");
       |                  ^
    414|     fireEvent.click(await runMechanicsButton());
    415|     await waitFor(() => expectStatusChip("status-pill-mechanics", "MEC…

⎯⎯⎯⎯⎯⎯⎯⎯⎯⎯⎯⎯⎯⎯⎯⎯⎯⎯⎯⎯⎯⎯⎯⎯[2/4]⎯

 FAIL  src/features/stress-neutral/StressNeutralExportPanel.test.tsx > does not publish a delayed packet after its source result is replaced
TypeError: Cannot read properties of null (reading 'slice')
 ❯ src/features/stress-neutral/StressNeutralExportPanel.test.tsx:109:44
    107|  await screen.findByTestId('stress-neutral-state-binding');fireEvent.c…
    108|  const href=screen.getByTestId('stress-neutral-export-link').getAttrib…
    109|  expect(JSON.parse(decodeURIComponent(href.slice(href.indexOf(',')+1))…
       |                                            ^
    110|  release();await waitFor(()=>expect(calls).toBeGreaterThan(1));await P…
    111|  expect(screen.getByTestId('stress-neutral-export-link').getAttribute(…

⎯⎯⎯⎯⎯⎯⎯⎯⎯⎯⎯⎯⎯⎯⎯⎯⎯⎯⎯⎯⎯⎯⎯⎯[3/4]⎯

 FAIL  src/features/stress-neutral/StressNeutralExportPanel.test.tsx > saves native stress JSON after validation and intent and invalidates a pending source generation
AssertionError: expected <span role="status" …(1)></span> to be null

- Expected:
null

+ Received:
<span
  data-testid="stress-neutral-export-link-native-save-status"
  role="status"
/>

 ❯ src/features/stress-neutral/StressNeutralExportPanel.test.tsx:123:278


⎯⎯⎯⎯⎯⎯⎯⎯⎯⎯⎯⎯⎯⎯⎯⎯⎯⎯⎯⎯⎯⎯⎯⎯[4/4]⎯

⎯⎯⎯⎯⎯⎯ Unhandled Errors ⎯⎯⎯⎯⎯⎯

Vitest caught 1 unhandled error during the test run.
This might cause false positive tests. Resolve unhandled errors to make sure your tests are not affected.

⎯⎯⎯⎯ Unhandled Rejection ⎯⎯⎯⎯⎯
Error: NATIVE_REPLAY_COMMAND_UNSUPPORTED: get_local_storage_capability
 ❯ invoke src/test/nativeMechanicsReplay.ts:86:11
     84|         result: job.cancelled ? null : structuredClone(job.source), er…
     85|     }
     86|     throw new Error(`NATIVE_REPLAY_COMMAND_UNSUPPORTED: ${command}`);
       |           ^
     87|   };
     88|   return { invoke, notice: NATIVE_MECHANICS_REPLAY_NOTICE };
 ❯ Mock ../../../../../../../Users/ryan/.codex/worktrees/6614/chirality/projects/chirality-piping/node_modules/@vitest/spy/dist/index.js:332:34
 ❯ getLocalStorageCapability src/services/projectService.ts:458:10
 ❯ src/features/workspace/workspaceSession.ts:499:61
 ❯ Object.react_stack_bottom_frame ../../../../../../../Users/ryan/.codex/worktrees/6614/chirality/projects/chirality-piping/node_modules/react-dom/cjs/react-dom-client.development.js:25989:20
 ❯ runWithFiberInDEV ../../../../../../../Users/ryan/.codex/worktrees/6614/chirality/projects/chirality-piping/node_modules/react-dom/cjs/react-dom-client.development.js:874:13
 ❯ commitHookEffectListMount ../../../../../../../Users/ryan/.codex/worktrees/6614/chirality/projects/chirality-piping/node_modules/react-dom/cjs/react-dom-client.development.js:13249:29
 ❯ commitHookPassiveMountEffects ../../../../../../../Users/ryan/.codex/worktrees/6614/chirality/projects/chirality-piping/node_modules/react-dom/cjs/react-dom-client.development.js:13336:11
 ❯ commitPassiveMountOnFiber ../../../../../../../Users/ryan/.codex/worktrees/6614/chirality/projects/chirality-piping/node_modules/react-dom/cjs/react-dom-client.development.js:15484:13
 ❯ recursivelyTraversePassiveMountEffects ../../../../../../../Users/ryan/.codex/worktrees/6614/chirality/projects/chirality-piping/node_modules/react-dom/cjs/react-dom-client.development.js:15439:11

This error originated in "src/App.projectHandlers.test.tsx" test file. It doesn't mean the error was thrown inside the file itself, but while it was running.
The latest test that might've caused the error is "lets an in-flight rule-check revision land when an open finds nothing". It might mean one of the following:
- The error was thrown, while Vitest was running this test.
- If the error occurred after the test had been completed, this was the last documented test before it was thrown.
⎯⎯⎯⎯⎯⎯⎯⎯⎯⎯⎯⎯⎯⎯⎯⎯⎯⎯⎯⎯⎯⎯⎯⎯⎯⎯⎯⎯⎯⎯


 Test Files  3 failed | 3 passed (6)
      Tests  4 failed | 96 passed (100)
     Errors  1 error
   Start at  00:42:38
   Duration  79.72s (transform 2.36s, setup 369ms, import 3.58s, tests 102.36s, environment 1.68s)

npm error Lifecycle script `test` failed with error:
npm error code 1
npm error path /private/tmp/piping-engine-integration-20260925/projects/chirality-piping/apps/desktop
npm error workspace @openpipestress/desktop@0.1.0
npm error location /private/tmp/piping-engine-integration-20260925/projects/chirality-piping/apps/desktop
npm error command failed
npm error command sh -c vitest run src/App.projectHandlers.test.tsx src/App.shell.test.tsx src/App.deadControls.test.tsx src/features/result-export/ResultExportPanel.test.tsx src/features/stress-neutral/StressNeutralExportPanel.test.tsx src/features/solve/SolvePanel.test.tsx --maxWorkers=2 --config /private/tmp/piping-physics-ts-vitest.config.mjs --configLoader runner
