ClaimKey,DeliverableID,UnitKind,ClaimType,ClaimClass,ClaimSummary,NormativeSource,DecisionBasis,DeclaredState,RecordedRemaining,ImplementationEvidence,VerificationEvidence,VerificationClass,ValidationEvidence,SourceReliability,LifecycleState,Disposition,Confidence,CauseTag,AuthorityTier,BaselineClass,DivergenceLayers,FindingGroup,CanonicalSituation,AdoptedByReference,ContextRefs,RemainingWork,AuthorityNeeded,SelectableUnderCurrentLoop,Notes,SourceStateSHA
DEL-12-02:SOW,DEL-12-02,SURFACE,DECLARED_STATE,DOCUMENTATION,"Scope of Work file as a whole: frontmatter, product identity and naming","projects/chirality-piping/execution/PKG-12_Security, Privacy, and Private Data Handling/1_Working/DEL-12-02_Private data redaction and export controls/ScopeOfWork.md L1-544",DEC-101; SCA-010; R0 ruling item 3 (DEC-101 does not reach SOW files),"IN_PROGRESS (_STATUS.md, Last Updated 2026-07-22)","none (## Remaining is empty; declared state only, A4)","projects/chirality-piping/execution/PKG-12_Security, Privacy, and Private Data Handling/1_Working/DEL-12-02_Private data redaction and export controls/ScopeOfWork.md",NOT_APPLICABLE,STATIC_CHECK,NOT_APPLICABLE,NOT_APPLICABLE,IN_PROGRESS,STALE_REVIEW_OR_EVIDENCE,HIGH,RENAME_OR_IDENTITY,LOCAL_DESIGN,NONE,RECORD,,CP-04,,PR #232;projects/chirality-piping/execution/_Decomposition/SOFTWARE_DECOMP.md,,OWNER,NOT_APPLICABLE,"CP-04 recorded once on the surface: the SOW names the product OpenPipeStress at CLM-013 (L207) and CLM-026 (L405). Also noted: frontmatter decomposition_basis pins commit 4d153302 (revision 0.8; frozen is 0.12, CP-02). Items are judged on their own substance.",00115c71931bcae79909602d653740d3bb72dfa1
DEL-12-02:SOW#purpose-and-objective-traceability,DEL-12-02,BLOCK,DECLARED_STATE,DOCUMENTATION,SOW defines DEL-12-02 in service of SOW-040 and OBJ-010,"projects/chirality-piping/execution/PKG-12_Security, Privacy, and Private Data Handling/1_Working/DEL-12-02_Private data redaction and export controls/ScopeOfWork.md L12-17",SOW-040; OBJ-010,"IN_PROGRESS (_STATUS.md, Last Updated 2026-07-22)","none (## Remaining is empty; declared state only, A4)",projects/chirality-piping/docs/_Registers/Deliverables.csv;projects/chirality-piping/docs/_Registers/ScopeLedger.csv,NOT_APPLICABLE,STATIC_CHECK,NOT_APPLICABLE,NOT_APPLICABLE,IN_PROGRESS,ALIGNED,HIGH,,,,NONE,,,,,,NO,NOT_APPLICABLE,Trace refs match the registers; assessed directly because the sentence carries its own trace claim.,00115c71931bcae79909602d653740d3bb72dfa1
DEL-12-02:SOW#deliverable-definition-ontology,DEL-12-02,BLOCK,NON_NORMATIVE,DOCUMENTATION,Heading or section wrapper with no claim of its own,"projects/chirality-piping/execution/PKG-12_Security, Privacy, and Private Data Handling/1_Working/DEL-12-02_Private data redaction and export controls/ScopeOfWork.md L18-149",SOW-040; OBJ-010,"IN_PROGRESS (_STATUS.md, Last Updated 2026-07-22)","none (## Remaining is empty; declared state only, A4)",NOT_APPLICABLE,NOT_APPLICABLE,NONE,NOT_APPLICABLE,NOT_APPLICABLE,IN_PROGRESS,NOT_ASSESSED,HIGH,,,,NONE,,,,,,NO,NOT_APPLICABLE,Pre-typed NON_NORMATIVE by extractor v2; heading-only unit.,00115c71931bcae79909602d653740d3bb72dfa1
DEL-12-02:SOW#CLM-001,DEL-12-02,BLOCK,NON_NORMATIVE,DOCUMENTATION,Heading or section wrapper with no claim of its own,"projects/chirality-piping/execution/PKG-12_Security, Privacy, and Private Data Handling/1_Working/DEL-12-02_Private data redaction and export controls/ScopeOfWork.md L20-24",SOW-040; OBJ-010,"IN_PROGRESS (_STATUS.md, Last Updated 2026-07-22)","none (## Remaining is empty; declared state only, A4)",NOT_APPLICABLE,NOT_APPLICABLE,NONE,NOT_APPLICABLE,NOT_APPLICABLE,IN_PROGRESS,NOT_ASSESSED,HIGH,,,,NONE,,,,,,NO,NOT_APPLICABLE,Pre-typed NON_NORMATIVE by extractor v2; heading-only unit.,00115c71931bcae79909602d653740d3bb72dfa1
DEL-12-02:SOW#CLM-002,DEL-12-02,BLOCK,DECLARED_STATE,DOCUMENTATION,Identification table incl. lifecycle IN_PROGRESS and no promotion,"projects/chirality-piping/execution/PKG-12_Security, Privacy, and Private Data Handling/1_Working/DEL-12-02_Private data redaction and export controls/ScopeOfWork.md L25-41",SOW-040; OBJ-010,"IN_PROGRESS (_STATUS.md, Last Updated 2026-07-22)","none (## Remaining is empty; declared state only, A4)","projects/chirality-piping/docs/_Registers/Deliverables.csv;projects/chirality-piping/execution/PKG-12_Security, Privacy, and Private Data Handling/1_Working/DEL-12-02_Private data redaction and export controls/_STATUS.md",NOT_APPLICABLE,STATIC_CHECK,NOT_APPLICABLE,NOT_APPLICABLE,IN_PROGRESS,ALIGNED,HIGH,,,,NONE,,,,,,NO,NOT_APPLICABLE,Identity fields match Deliverables.csv; lifecycle field matches _STATUS.md.,00115c71931bcae79909602d653740d3bb72dfa1
DEL-12-02:SOW#CLM-003,DEL-12-02,BLOCK,CONTAINER,DOCUMENTATION,Attributes table,"projects/chirality-piping/execution/PKG-12_Security, Privacy, and Private Data Handling/1_Working/DEL-12-02_Private data redaction and export controls/ScopeOfWork.md L42-61",SOW-040; OBJ-010,"IN_PROGRESS (_STATUS.md, Last Updated 2026-07-22)","none (## Remaining is empty; declared state only, A4)",NOT_APPLICABLE,NOT_APPLICABLE,NONE,NOT_APPLICABLE,NOT_APPLICABLE,IN_PROGRESS,COVERED_BY_CHILDREN,HIGH,,,,NONE,,,,,,NO,NOT_APPLICABLE,Split into .r01-.r12 because .r11 and .r12 diverge while the others align.,00115c71931bcae79909602d653740d3bb72dfa1
DEL-12-02:SOW#CLM-004,DEL-12-02,BLOCK,REQUIREMENT,SECURITY,"Conditions: explicit policy per export path, default redaction, visible local-private export, redact/block shared, manifest, adapters, boundary","projects/chirality-piping/execution/PKG-12_Security, Privacy, and Private Data Handling/1_Working/DEL-12-02_Private data redaction and export controls/ScopeOfWork.md L62-76",SOW-040; OBJ-010,"IN_PROGRESS (_STATUS.md, Last Updated 2026-07-22)","none (## Remaining is empty; declared state only, A4)",core/security/redaction/route_control.py;apps/desktop/src/features/redaction-controls/redactionExportControls.ts;apps/desktop/src/features/redaction-controls/RedactionExportControlsPanel.tsx;apps/desktop/src/features/redaction-controls/ControlledExportLink.tsx;core/handoff/native_json/package.py;core/handoff/pcf_export/package.py;core/handoff/exporter/workflow.py;core/security/redaction/controls.py;core/adapters/framework/adapter_framework.py,tests/security/test_redaction_export_controls.py::test_route_control_emits_local_first_evidence_and_unknown_route_fails_closed;apps/desktop/src/features/redaction-controls/redactionExportControls.test.ts;apps/desktop/src/features/redaction-controls/RedactionExportControlsPanel.test.tsx;apps/desktop/src/features/redaction-controls/ControlledExportLink.test.tsx;tests/security/test_redaction_export_controls.py::test_local_private_export_requires_explicit_intent_then_retains_with_warning,UNIT,NOT_APPLICABLE,NOT_APPLICABLE,IN_PROGRESS,PARTIALLY_IMPLEMENTED,MEDIUM,PARTIAL_SLICE,INVARIANT,NONE,IP_DATA,,,,,Plugin runtime no-bypass binding once a plugin runtime is authorized.,OWNER,NOT_APPLICABLE,"Assessed as a whole (single disposition, not split): every current export route declares a context and unknown routes fail closed; local-private retention needs explicit wrapper-owned intent and warns; shared and public contexts redact or block; adapter declarations are gated. The adapter-boundary row also names plugins, whose runtime is unselected, so that clause holds only by absence (CP-11); same gap as REXC-REQ-012 (F1).",00115c71931bcae79909602d653740d3bb72dfa1
DEL-12-02:SOW#CLM-005,DEL-12-02,BLOCK,DECLARED_STATE,SCHEMA,"Redaction config contract: schema and helper exist; profile storage, UI controls, CLI/API transport, formats, approval TBD","projects/chirality-piping/execution/PKG-12_Security, Privacy, and Private Data Handling/1_Working/DEL-12-02_Private data redaction and export controls/ScopeOfWork.md L77-97",SOW-040; OBJ-010,"IN_PROGRESS (_STATUS.md, Last Updated 2026-07-22)","none (## Remaining is empty; declared state only, A4)",schemas/redaction_export_controls.schema.yaml;core/security/redaction/controls.py;apps/desktop/src/features/redaction-controls/RedactionExportControlsPanel.tsx;apps/desktop/src/features/redaction-controls/ControlledExportLink.tsx,apps/desktop/src/features/redaction-controls/RedactionExportControlsPanel.test.tsx,UNIT,NOT_APPLICABLE,NOT_APPLICABLE,IN_PROGRESS,STALE_REVIEW_OR_EVIDENCE,HIGH,DOC_BEHIND_CODE,LOCAL_DESIGN,NONE,RECORD,FG-DEL-12-02-01,,,"projects/chirality-piping/execution/PKG-12_Security, Privacy, and Private Data Handling/1_Working/DEL-12-02_Private data redaction and export controls/_run_records/WORKING_ITEMS_RUN_2026-07-10_TP-E4-REDACTION-001.md",,NO,NOT_APPLICABLE,"Assessed directly for its introductory paragraph: UI controls now exist (TP-E4 panel, controlled export links). Profile storage and approval workflow remain TBD as stated. Text first present 2026-06-07. Slot rows are split .r01-.r11.",00115c71931bcae79909602d653740d3bb72dfa1
DEL-12-02:SOW#CLM-006,DEL-12-02,BLOCK,DECLARED_STATE,VALIDATION,"Export test expectations with setup status: runtime integration, linter, UI/CLI flow, manifest, adapter routing TBD","projects/chirality-piping/execution/PKG-12_Security, Privacy, and Private Data Handling/1_Working/DEL-12-02_Private data redaction and export controls/ScopeOfWork.md L98-111",SOW-040; OBJ-010,"IN_PROGRESS (_STATUS.md, Last Updated 2026-07-22)","none (## Remaining is empty; declared state only, A4)",core/security/redaction/route_control.py;apps/desktop/src/features/redaction-controls/redactionExportControls.ts;apps/desktop/src/features/redaction-controls/RedactionExportControlsPanel.tsx;apps/desktop/src/features/redaction-controls/ControlledExportLink.tsx;core/handoff/native_json/package.py;core/handoff/pcf_export/package.py;core/handoff/exporter/workflow.py;core/reporting/protected_content_linter/src/lib.rs,tests/security/test_redaction_export_controls.py::test_route_control_emits_local_first_evidence_and_unknown_route_fails_closed;apps/desktop/src/features/redaction-controls/redactionExportControls.test.ts;apps/desktop/src/features/redaction-controls/RedactionExportControlsPanel.test.tsx;apps/desktop/src/features/redaction-controls/ControlledExportLink.test.tsx;tests/security/test_redaction_export_controls.py::test_shared_parity_fixture_matches_core_decisions,UNIT,NOT_APPLICABLE,NOT_APPLICABLE,IN_PROGRESS,STALE_REVIEW_OR_EVIDENCE,HIGH,DOC_BEHIND_CODE,LOCAL_DESIGN,NONE,RECORD,FG-DEL-12-02-01,,,"projects/chirality-piping/execution/PKG-12_Security, Privacy, and Private Data Handling/1_Working/DEL-12-02_Private data redaction and export controls/_run_records/WORKING_ITEMS_RUN_2026-07-22_DEL-12-02_REDACTION-BREADTH-R15.md;projects/chirality-piping/execution/PKG-12_Security, Privacy, and Private Data Handling/1_Working/DEL-12-02_Private data redaction and export controls/_run_records/WORKING_ITEMS_RUN_2026-07-10_TP-E4-REDACTION-001.md",,NO,NOT_APPLICABLE,"R15 (2026-07-22) bound the adopted 31-route inventory (core handoffs and adapters, runner/CLI outputs, desktop preview/export links, report render/export) to the shared route control (core/security/redaction/route_control.py and its TypeScript mirror); TP-E4 (2026-07-10) added the desktop Redaction and Export Controls panel with context selection, explicit local-private intent and a checksummed redacted manifest; 2026-08-21 added local-first route evidence. Every row's 'TBD' status for runtime integration, adapter routing and source-model integration is behind code; the linter exists; legal review and plugin routing remain open. Assessed whole (single disposition). Status column first present 2026-06-07.",00115c71931bcae79909602d653740d3bb72dfa1
DEL-12-02:SOW#CLM-007,DEL-12-02,BLOCK,DECLARED_STATE,DOCUMENTATION,"Construction: evidence includes requirements in Specification.md, datasheet, Guidance.md, Procedure.md, schema, helper, tests, docs","projects/chirality-piping/execution/PKG-12_Security, Privacy, and Private Data Handling/1_Working/DEL-12-02_Private data redaction and export controls/ScopeOfWork.md L112-132",SOW-040; OBJ-010,"IN_PROGRESS (_STATUS.md, Last Updated 2026-07-22)","none (## Remaining is empty; declared state only, A4)","projects/chirality-piping/execution/PKG-12_Security, Privacy, and Private Data Handling/1_Working/DEL-12-02_Private data redaction and export controls/ScopeOfWork.md;schemas/redaction_export_controls.schema.yaml;core/security/redaction/controls.py;tests/security/test_redaction_export_controls.py;projects/chirality-piping/docs/security/redaction_export_controls.md",NOT_APPLICABLE,STATIC_CHECK,NOT_APPLICABLE,NOT_APPLICABLE,IN_PROGRESS,STALE_SETUP_SPECIFICATION,HIGH,REPRESENTATION_MIGRATED,LOCAL_DESIGN,NONE,RECORD,FG-DEL-12-02-04,CP-01,,PR #233,,NO,NOT_APPLICABLE,"Specification.md, Guidance.md and Procedure.md are absent (SOW migration); the product artifacts exist. The four-document lines are first present at 7bee9ae41 (F3). The run-scoped 'does not create product code' sentence is history.",00115c71931bcae79909602d653740d3bb72dfa1
DEL-12-02:SOW#CLM-008,DEL-12-02,BLOCK,DECLARED_STATE,DOCUMENTATION,"References table: INIT.md, AGENTS.md, governance docs, decomposition, registers","projects/chirality-piping/execution/PKG-12_Security, Privacy, and Private Data Handling/1_Working/DEL-12-02_Private data redaction and export controls/ScopeOfWork.md L133-149",SOW-040; OBJ-010,"IN_PROGRESS (_STATUS.md, Last Updated 2026-07-22)","none (## Remaining is empty; declared state only, A4)",projects/chirality-piping/AGENTS.md;projects/chirality-piping/docs/CONTRACT.md;projects/chirality-piping/docs/SPEC.md;projects/chirality-piping/docs/IP_AND_DATA_BOUNDARY.md;projects/chirality-piping/execution/_Decomposition/SOFTWARE_DECOMP.md;projects/chirality-piping/docs/_Registers/Deliverables.csv;projects/chirality-piping/docs/_Registers/ScopeLedger.csv,NOT_APPLICABLE,STATIC_CHECK,NOT_APPLICABLE,NOT_APPLICABLE,IN_PROGRESS,STALE_SETUP_SPECIFICATION,HIGH,BASIS_POINTER_STALE,LOCAL_DESIGN,NONE,RECORD,FG-DEL-12-02-05,CP-02,,,,NO,NOT_APPLICABLE,"INIT.md does not exist in the Piping tree; the other references exist. CANONICAL_DEPARTURE: F3 origin class for a setup-era file pointer (7bee9ae41), not a revision pin.",00115c71931bcae79909602d653740d3bb72dfa1
DEL-12-02:SOW#completion-and-reliance-basis-epistemology,DEL-12-02,BLOCK,NON_NORMATIVE,DOCUMENTATION,Heading or section wrapper with no claim of its own,"projects/chirality-piping/execution/PKG-12_Security, Privacy, and Private Data Handling/1_Working/DEL-12-02_Private data redaction and export controls/ScopeOfWork.md L150-266",SOW-040; OBJ-010,"IN_PROGRESS (_STATUS.md, Last Updated 2026-07-22)","none (## Remaining is empty; declared state only, A4)",NOT_APPLICABLE,NOT_APPLICABLE,NONE,NOT_APPLICABLE,NOT_APPLICABLE,IN_PROGRESS,NOT_ASSESSED,HIGH,,,,NONE,,,,,,NO,NOT_APPLICABLE,Pre-typed NON_NORMATIVE by extractor v2; heading-only unit.,00115c71931bcae79909602d653740d3bb72dfa1
DEL-12-02:SOW#CLM-009,DEL-12-02,BLOCK,NON_NORMATIVE,DOCUMENTATION,Heading or section wrapper with no claim of its own,"projects/chirality-piping/execution/PKG-12_Security, Privacy, and Private Data Handling/1_Working/DEL-12-02_Private data redaction and export controls/ScopeOfWork.md L152-157",SOW-040; OBJ-010,"IN_PROGRESS (_STATUS.md, Last Updated 2026-07-22)","none (## Remaining is empty; declared state only, A4)",NOT_APPLICABLE,NOT_APPLICABLE,NONE,NOT_APPLICABLE,NOT_APPLICABLE,IN_PROGRESS,NOT_ASSESSED,HIGH,,,,NONE,,,,,,NO,NOT_APPLICABLE,Pre-typed NON_NORMATIVE; heading plus a PDU-055 marker comment.,00115c71931bcae79909602d653740d3bb72dfa1
DEL-12-02:SOW#CLM-010,DEL-12-02,BLOCK,DECLARED_STATE,GOVERNANCE,D-41 PDU-055 current declaration: authority rev 0.8 and DAG-007; residuals in Remaining (DECL-001),"projects/chirality-piping/execution/PKG-12_Security, Privacy, and Private Data Handling/1_Working/DEL-12-02_Private data redaction and export controls/ScopeOfWork.md L158-168",SOW-040; OBJ-010,"IN_PROGRESS (_STATUS.md, Last Updated 2026-07-22)","none (## Remaining is empty; declared state only, A4)",projects/chirality-piping/execution/_Decomposition/SOFTWARE_DECOMP.md;projects/chirality-piping/execution/_DAG/_LATEST.md,NOT_APPLICABLE,STATIC_CHECK,NOT_APPLICABLE,NOT_APPLICABLE,IN_PROGRESS,STALE_REVIEW_OR_EVIDENCE,HIGH,BASIS_POINTER_STALE,LOCAL_DESIGN,NONE,RECORD,FG-DEL-12-02-06,CP-02,,"projects/chirality-piping/execution/PKG-12_Security, Privacy, and Private Data Handling/1_Working/DEL-12-02_Private data redaction and export controls/_run_records/WORKING_ITEMS_RUN_2026-07-12_D41-R5-T7-PDU055-CURRENTNESS.md",,NO,NOT_APPLICABLE,"CP-03 block with its own row; it pins SOFTWARE_DECOMP revision 0.8 and DAG-007 while the freeze is revision 0.12 and DAG-010 (CP-02). Its blanket supersession clause does not change sibling dispositions, and its delegation of residuals to the (empty) Remaining section is not relied on (A4).",00115c71931bcae79909602d653740d3bb72dfa1
DEL-12-02:SOW#CLM-011,DEL-12-02,BLOCK,DECLARED_STATE,SECURITY,Scope: documentation-level contract; June 7 evidence; does not integrate runtime report/export routes,"projects/chirality-piping/execution/PKG-12_Security, Privacy, and Private Data Handling/1_Working/DEL-12-02_Private data redaction and export controls/ScopeOfWork.md L169-177",SOW-040; OBJ-010,"IN_PROGRESS (_STATUS.md, Last Updated 2026-07-22)","none (## Remaining is empty; declared state only, A4)",core/security/redaction/route_control.py;apps/desktop/src/features/redaction-controls/redactionExportControls.ts;apps/desktop/src/features/redaction-controls/RedactionExportControlsPanel.tsx;apps/desktop/src/features/redaction-controls/ControlledExportLink.tsx;core/handoff/native_json/package.py;core/handoff/pcf_export/package.py;core/handoff/exporter/workflow.py,tests/security/test_redaction_export_controls.py::test_route_control_emits_local_first_evidence_and_unknown_route_fails_closed;apps/desktop/src/features/redaction-controls/redactionExportControls.test.ts;apps/desktop/src/features/redaction-controls/RedactionExportControlsPanel.test.tsx;apps/desktop/src/features/redaction-controls/ControlledExportLink.test.tsx,UNIT,NOT_APPLICABLE,NOT_APPLICABLE,IN_PROGRESS,STALE_REVIEW_OR_EVIDENCE,HIGH,DOC_BEHIND_CODE,LOCAL_DESIGN,NONE,RECORD,FG-DEL-12-02-01,,,"projects/chirality-piping/execution/PKG-12_Security, Privacy, and Private Data Handling/1_Working/DEL-12-02_Private data redaction and export controls/_run_records/WORKING_ITEMS_RUN_2026-07-22_DEL-12-02_REDACTION-BREADTH-R15.md",,NO,NOT_APPLICABLE,"R15 (2026-07-22) bound the adopted 31-route inventory (core handoffs and adapters, runner/CLI outputs, desktop preview/export links, report render/export) to the shared route control (core/security/redaction/route_control.py and its TypeScript mirror); TP-E4 (2026-07-10) added the desktop Redaction and Export Controls panel with context selection, explicit local-private intent and a checksummed redacted manifest; 2026-08-21 added local-first route evidence. The route integration landed under this deliverable's own R15 tranche. Text first present 2026-06-07.",00115c71931bcae79909602d653740d3bb72dfa1
DEL-12-02:SOW#CLM-012,DEL-12-02,BLOCK,CONTAINER,DOCUMENTATION,Requirements table REXC-REQ-001..015,"projects/chirality-piping/execution/PKG-12_Security, Privacy, and Private Data Handling/1_Working/DEL-12-02_Private data redaction and export controls/ScopeOfWork.md L178-200",SOW-040; OBJ-010,"IN_PROGRESS (_STATUS.md, Last Updated 2026-07-22)","none (## Remaining is empty; declared state only, A4)",NOT_APPLICABLE,NOT_APPLICABLE,NONE,NOT_APPLICABLE,NOT_APPLICABLE,IN_PROGRESS,COVERED_BY_CHILDREN,HIGH,,,,NONE,,,,,,NO,NOT_APPLICABLE,Table header only; each requirement is keyed separately.,00115c71931bcae79909602d653740d3bb72dfa1
DEL-12-02:SOW#CLM-013,DEL-12-02,BLOCK,CONTAINER,DOCUMENTATION,Standards block,"projects/chirality-piping/execution/PKG-12_Security, Privacy, and Private Data Handling/1_Working/DEL-12-02_Private data redaction and export controls/ScopeOfWork.md L201-209",SOW-040; OBJ-010,"IN_PROGRESS (_STATUS.md, Last Updated 2026-07-22)","none (## Remaining is empty; declared state only, A4)",NOT_APPLICABLE,NOT_APPLICABLE,NONE,NOT_APPLICABLE,NOT_APPLICABLE,IN_PROGRESS,COVERED_BY_CHILDREN,HIGH,,,,NONE,,,,,,NO,NOT_APPLICABLE,Split into .s01 (no protected source used) and .s02 (controlling sources listed in Datasheet.md).,00115c71931bcae79909602d653740d3bb72dfa1
DEL-12-02:SOW#CLM-013.s01,DEL-12-02,SUBCLAIM,EXCLUSION,GOVERNANCE,"No external code, protected table, formula, template, vendor catalog, private project or secret used or reproduced","projects/chirality-piping/execution/PKG-12_Security, Privacy, and Private Data Handling/1_Working/DEL-12-02_Private data redaction and export controls/ScopeOfWork.md L201-209 (sub-claim of SOW#CLM-013)",SOW-040; OBJ-010,"IN_PROGRESS (_STATUS.md, Last Updated 2026-07-22)","none (## Remaining is empty; declared state only, A4)","projects/chirality-piping/execution/PKG-12_Security, Privacy, and Private Data Handling/1_Working/DEL-12-02_Private data redaction and export controls/ScopeOfWork.md;projects/chirality-piping/docs/security/redaction_export_controls.md;fixtures/redaction_export_controls/cases.json",tests/security/test_redaction_export_controls.py::test_changed_files_do_not_embed_disallowed_example_content,UNIT;DOCUMENT_REVIEW,NOT_APPLICABLE,NOT_APPLICABLE,IN_PROGRESS,ALIGNED,HIGH,,,,NONE,,,,,,NO,NOT_APPLICABLE,,00115c71931bcae79909602d653740d3bb72dfa1
DEL-12-02:SOW#CLM-013.s02,DEL-12-02,SUBCLAIM,DECLARED_STATE,DOCUMENTATION,Controlling sources are listed in Datasheet.md and _REFERENCES.md,"projects/chirality-piping/execution/PKG-12_Security, Privacy, and Private Data Handling/1_Working/DEL-12-02_Private data redaction and export controls/ScopeOfWork.md L201-209 (sub-claim of SOW#CLM-013)",SOW-040; OBJ-010,"IN_PROGRESS (_STATUS.md, Last Updated 2026-07-22)","none (## Remaining is empty; declared state only, A4)","projects/chirality-piping/execution/PKG-12_Security, Privacy, and Private Data Handling/1_Working/DEL-12-02_Private data redaction and export controls/_REFERENCES.md;projects/chirality-piping/execution/PKG-12_Security, Privacy, and Private Data Handling/1_Working/DEL-12-02_Private data redaction and export controls/ScopeOfWork.md",NOT_APPLICABLE,STATIC_CHECK,NOT_APPLICABLE,NOT_APPLICABLE,IN_PROGRESS,STALE_REVIEW_OR_EVIDENCE,HIGH,REPRESENTATION_MIGRATED,LOCAL_DESIGN,NONE,RECORD,FG-DEL-12-02-04,CP-01,,,,NO,NOT_APPLICABLE,"Datasheet.md is absent at the freeze. Sentence first present 2026-06-07 (586d3f10d), so the later-declaration class applies (F3). Product-name residue is on the surface row.",00115c71931bcae79909602d653740d3bb72dfa1
DEL-12-02:SOW#CLM-014,DEL-12-02,BLOCK,CONTAINER,DOCUMENTATION,Verification table REXC-VER-001..008,"projects/chirality-piping/execution/PKG-12_Security, Privacy, and Private Data Handling/1_Working/DEL-12-02_Private data redaction and export controls/ScopeOfWork.md L210-225",SOW-040; OBJ-010,"IN_PROGRESS (_STATUS.md, Last Updated 2026-07-22)","none (## Remaining is empty; declared state only, A4)",NOT_APPLICABLE,NOT_APPLICABLE,NONE,NOT_APPLICABLE,NOT_APPLICABLE,IN_PROGRESS,COVERED_BY_CHILDREN,HIGH,,,,NONE,,,,,,NO,NOT_APPLICABLE,Table header only; each check is keyed separately.,00115c71931bcae79909602d653740d3bb72dfa1
DEL-12-02:SOW#CLM-015,DEL-12-02,BLOCK,CONTAINER,DOCUMENTATION,Documentation block,"projects/chirality-piping/execution/PKG-12_Security, Privacy, and Private Data Handling/1_Working/DEL-12-02_Private data redaction and export controls/ScopeOfWork.md L226-264",SOW-040; OBJ-010,"IN_PROGRESS (_STATUS.md, Last Updated 2026-07-22)","none (## Remaining is empty; declared state only, A4)",NOT_APPLICABLE,NOT_APPLICABLE,NONE,NOT_APPLICABLE,NOT_APPLICABLE,IN_PROGRESS,COVERED_BY_CHILDREN,HIGH,,,,NONE,,,,,,NO,NOT_APPLICABLE,"Split into .s01 (setup artifacts incl. four documents), .s02 (current implementation evidence) and .s03 (deferred items).",00115c71931bcae79909602d653740d3bb72dfa1
DEL-12-02:SOW#CLM-015.s01,DEL-12-02,SUBCLAIM,DECLARED_STATE,DOCUMENTATION,"Required setup artifacts: Datasheet, Specification, Guidance, Procedure, semantic and dependency files","projects/chirality-piping/execution/PKG-12_Security, Privacy, and Private Data Handling/1_Working/DEL-12-02_Private data redaction and export controls/ScopeOfWork.md L226-264 (sub-claim of SOW#CLM-015)",SOW-040; OBJ-010,"IN_PROGRESS (_STATUS.md, Last Updated 2026-07-22)","none (## Remaining is empty; declared state only, A4)","projects/chirality-piping/execution/PKG-12_Security, Privacy, and Private Data Handling/1_Working/DEL-12-02_Private data redaction and export controls/ScopeOfWork.md;projects/chirality-piping/execution/PKG-12_Security, Privacy, and Private Data Handling/1_Working/DEL-12-02_Private data redaction and export controls/_SEMANTIC.md;projects/chirality-piping/execution/PKG-12_Security, Privacy, and Private Data Handling/1_Working/DEL-12-02_Private data redaction and export controls/Dependencies.csv",NOT_APPLICABLE,STATIC_CHECK,NOT_APPLICABLE,NOT_APPLICABLE,IN_PROGRESS,STALE_SETUP_SPECIFICATION,HIGH,REPRESENTATION_MIGRATED,LOCAL_DESIGN,NONE,RECORD,FG-DEL-12-02-04,CP-01,,,,NO,NOT_APPLICABLE,The four named documents are absent (SOW migration); the others exist. Text first present at 7bee9ae41.,00115c71931bcae79909602d653740d3bb72dfa1
DEL-12-02:SOW#CLM-015.s02,DEL-12-02,SUBCLAIM,DECLARED_STATE,SECURITY,"Current implementation evidence: schema, helper, tests, product doc, June 7 run and fan-in","projects/chirality-piping/execution/PKG-12_Security, Privacy, and Private Data Handling/1_Working/DEL-12-02_Private data redaction and export controls/ScopeOfWork.md L226-264 (sub-claim of SOW#CLM-015)",SOW-040; OBJ-010,"IN_PROGRESS (_STATUS.md, Last Updated 2026-07-22)","none (## Remaining is empty; declared state only, A4)","schemas/redaction_export_controls.schema.yaml;core/security/redaction/controls.py;tests/security/test_redaction_export_controls.py;projects/chirality-piping/docs/security/redaction_export_controls.md;projects/chirality-piping/execution/PKG-12_Security, Privacy, and Private Data Handling/1_Working/DEL-12-02_Private data redaction and export controls/_run_records/TASK_RUN_2026-06-07_0935_redaction-export-hardening.md;projects/chirality-piping/execution/PKG-12_Security, Privacy, and Private Data Handling/1_Working/_run_records/WORKING_ITEMS_RUN_2026-06-07_0957_TP-PKG12-REDACTION-SECRET-GUARD-CLOSEOUT.md",NOT_APPLICABLE,STATIC_CHECK,NOT_APPLICABLE,NOT_APPLICABLE,IN_PROGRESS,ALIGNED,MEDIUM,,,,NONE,,,,,,NO,NOT_APPLICABLE,Every listed item exists. The list stops at June 7; later evidence is assessed on .s03.,00115c71931bcae79909602d653740d3bb72dfa1
DEL-12-02:SOW#CLM-015.s03,DEL-12-02,SUBCLAIM,DECLARED_STATE,SECURITY,"Deferred: runtime integration, GUI controls, CLI/API/adapter, linter, quarantine, cloud, roots, formats, approval","projects/chirality-piping/execution/PKG-12_Security, Privacy, and Private Data Handling/1_Working/DEL-12-02_Private data redaction and export controls/ScopeOfWork.md L226-264 (sub-claim of SOW#CLM-015)",SOW-040; OBJ-010,"IN_PROGRESS (_STATUS.md, Last Updated 2026-07-22)","none (## Remaining is empty; declared state only, A4)",core/security/redaction/route_control.py;apps/desktop/src/features/redaction-controls/redactionExportControls.ts;apps/desktop/src/features/redaction-controls/RedactionExportControlsPanel.tsx;apps/desktop/src/features/redaction-controls/ControlledExportLink.tsx;core/handoff/native_json/package.py;core/handoff/pcf_export/package.py;core/handoff/exporter/workflow.py;core/reporting/protected_content_linter/src/lib.rs,tests/security/test_redaction_export_controls.py::test_route_control_emits_local_first_evidence_and_unknown_route_fails_closed;apps/desktop/src/features/redaction-controls/redactionExportControls.test.ts;apps/desktop/src/features/redaction-controls/RedactionExportControlsPanel.test.tsx;apps/desktop/src/features/redaction-controls/ControlledExportLink.test.tsx,UNIT,NOT_APPLICABLE,NOT_APPLICABLE,IN_PROGRESS,STALE_REVIEW_OR_EVIDENCE,HIGH,DOC_BEHIND_CODE,LOCAL_DESIGN,NONE,RECORD,FG-DEL-12-02-01,,,"projects/chirality-piping/execution/PKG-12_Security, Privacy, and Private Data Handling/1_Working/DEL-12-02_Private data redaction and export controls/_run_records/WORKING_ITEMS_RUN_2026-07-22_DEL-12-02_REDACTION-BREADTH-R15.md;projects/chirality-piping/execution/PKG-12_Security, Privacy, and Private Data Handling/1_Working/DEL-12-02_Private data redaction and export controls/_run_records/WORKING_ITEMS_RUN_2026-07-10_TP-E4-REDACTION-001.md",,NO,NOT_APPLICABLE,"R15 (2026-07-22) bound the adopted 31-route inventory (core handoffs and adapters, runner/CLI outputs, desktop preview/export links, report render/export) to the shared route control (core/security/redaction/route_control.py and its TypeScript mirror); TP-E4 (2026-07-10) added the desktop Redaction and Export Controls panel with context selection, explicit local-private intent and a checksummed redacted manifest; 2026-08-21 added local-first route evidence. Quarantine, legal review, cloud exception and approval remain deferred as stated. Deferred list first present 2026-06-07.",00115c71931bcae79909602d653740d3bb72dfa1
DEL-12-02:SOW#production-and-verification-method-praxeology,DEL-12-02,BLOCK,NON_NORMATIVE,DOCUMENTATION,Heading or section wrapper with no claim of its own,"projects/chirality-piping/execution/PKG-12_Security, Privacy, and Private Data Handling/1_Working/DEL-12-02_Private data redaction and export controls/ScopeOfWork.md L267-381",SOW-040; OBJ-010,"IN_PROGRESS (_STATUS.md, Last Updated 2026-07-22)","none (## Remaining is empty; declared state only, A4)",NOT_APPLICABLE,NOT_APPLICABLE,NONE,NOT_APPLICABLE,NOT_APPLICABLE,IN_PROGRESS,NOT_ASSESSED,HIGH,,,,NONE,,,,,,NO,NOT_APPLICABLE,Pre-typed NON_NORMATIVE by extractor v2; heading-only unit.,00115c71931bcae79909602d653740d3bb72dfa1
DEL-12-02:SOW#CLM-016,DEL-12-02,BLOCK,NON_NORMATIVE,DOCUMENTATION,Heading or section wrapper with no claim of its own,"projects/chirality-piping/execution/PKG-12_Security, Privacy, and Private Data Handling/1_Working/DEL-12-02_Private data redaction and export controls/ScopeOfWork.md L269-274",SOW-040; OBJ-010,"IN_PROGRESS (_STATUS.md, Last Updated 2026-07-22)","none (## Remaining is empty; declared state only, A4)",NOT_APPLICABLE,NOT_APPLICABLE,NONE,NOT_APPLICABLE,NOT_APPLICABLE,IN_PROGRESS,NOT_ASSESSED,HIGH,,,,NONE,,,,,,NO,NOT_APPLICABLE,Pre-typed NON_NORMATIVE; heading plus a PDU-055 marker comment.,00115c71931bcae79909602d653740d3bb72dfa1
DEL-12-02:SOW#CLM-017,DEL-12-02,BLOCK,DECLARED_STATE,GOVERNANCE,D-41 PDU-055 current declaration: authority rev 0.8 and DAG-007; residuals in Remaining (DECL-004),"projects/chirality-piping/execution/PKG-12_Security, Privacy, and Private Data Handling/1_Working/DEL-12-02_Private data redaction and export controls/ScopeOfWork.md L275-285",SOW-040; OBJ-010,"IN_PROGRESS (_STATUS.md, Last Updated 2026-07-22)","none (## Remaining is empty; declared state only, A4)",projects/chirality-piping/execution/_Decomposition/SOFTWARE_DECOMP.md;projects/chirality-piping/execution/_DAG/_LATEST.md,NOT_APPLICABLE,STATIC_CHECK,NOT_APPLICABLE,NOT_APPLICABLE,IN_PROGRESS,STALE_REVIEW_OR_EVIDENCE,HIGH,BASIS_POINTER_STALE,LOCAL_DESIGN,NONE,RECORD,FG-DEL-12-02-06,CP-02,,"projects/chirality-piping/execution/PKG-12_Security, Privacy, and Private Data Handling/1_Working/DEL-12-02_Private data redaction and export controls/_run_records/WORKING_ITEMS_RUN_2026-07-12_D41-R5-T7-PDU055-CURRENTNESS.md",,NO,NOT_APPLICABLE,"CP-03 block with its own row; it pins SOFTWARE_DECOMP revision 0.8 and DAG-007 while the freeze is revision 0.12 and DAG-010 (CP-02). Its blanket supersession clause does not change sibling dispositions, and its delegation of residuals to the (empty) Remaining section is not relied on (A4).",00115c71931bcae79909602d653740d3bb72dfa1
DEL-12-02:SOW#CLM-018,DEL-12-02,BLOCK,CONTEXT,WORKFLOW,Procedure purpose: maintain the artifact set and describe how implementation should wire the helper into report/export behaviour,"projects/chirality-piping/execution/PKG-12_Security, Privacy, and Private Data Handling/1_Working/DEL-12-02_Private data redaction and export controls/ScopeOfWork.md L286-292",SOW-040; OBJ-010,"IN_PROGRESS (_STATUS.md, Last Updated 2026-07-22)","none (## Remaining is empty; declared state only, A4)",core/security/redaction/route_control.py;apps/desktop/src/features/redaction-controls/redactionExportControls.ts;apps/desktop/src/features/redaction-controls/RedactionExportControlsPanel.tsx;apps/desktop/src/features/redaction-controls/ControlledExportLink.tsx;core/handoff/native_json/package.py;core/handoff/pcf_export/package.py;core/handoff/exporter/workflow.py,NOT_APPLICABLE,STATIC_CHECK,NOT_APPLICABLE,NOT_APPLICABLE,IN_PROGRESS,STALE_REVIEW_OR_EVIDENCE,MEDIUM,DOC_BEHIND_CODE,LOCAL_DESIGN,NONE,RECORD,FG-DEL-12-02-01,,,"projects/chirality-piping/execution/PKG-12_Security, Privacy, and Private Data Handling/1_Working/DEL-12-02_Private data redaction and export controls/_run_records/WORKING_ITEMS_RUN_2026-07-22_DEL-12-02_REDACTION-BREADTH-R15.md",,NO,NOT_APPLICABLE,"The wiring it anticipates landed (R15, TP-E4). Text first present 2026-06-07.",00115c71931bcae79909602d653740d3bb72dfa1
DEL-12-02:SOW#CLM-019,DEL-12-02,BLOCK,DECLARED_STATE,WORKFLOW,Prerequisites incl. governance sources INIT.md and June 7 evidence basis,"projects/chirality-piping/execution/PKG-12_Security, Privacy, and Private Data Handling/1_Working/DEL-12-02_Private data redaction and export controls/ScopeOfWork.md L293-306",SOW-040; OBJ-010,"IN_PROGRESS (_STATUS.md, Last Updated 2026-07-22)","none (## Remaining is empty; declared state only, A4)",projects/chirality-piping/AGENTS.md;projects/chirality-piping/docs/CONTRACT.md;projects/chirality-piping/docs/SPEC.md;projects/chirality-piping/docs/IP_AND_DATA_BOUNDARY.md;schemas/redaction_export_controls.schema.yaml;core/security/redaction/controls.py,NOT_APPLICABLE,STATIC_CHECK,NOT_APPLICABLE,NOT_APPLICABLE,IN_PROGRESS,STALE_SETUP_SPECIFICATION,HIGH,BASIS_POINTER_STALE,LOCAL_DESIGN,NONE,RECORD,FG-DEL-12-02-05,CP-02,,,,NO,NOT_APPLICABLE,"INIT.md does not exist in the Piping tree; the other prerequisites hold. CANONICAL_DEPARTURE: F3 origin class for a setup-era file pointer (7bee9ae41), not a revision pin.",00115c71931bcae79909602d653740d3bb72dfa1
DEL-12-02:SOW#CLM-020,DEL-12-02,BLOCK,DECLARED_STATE,WORKFLOW,Thirteen-step procedure producing Datasheet/Specification/Guidance/Procedure and keeping runtime integration TBD,"projects/chirality-piping/execution/PKG-12_Security, Privacy, and Private Data Handling/1_Working/DEL-12-02_Private data redaction and export controls/ScopeOfWork.md L307-327",SOW-040; OBJ-010,"IN_PROGRESS (_STATUS.md, Last Updated 2026-07-22)","none (## Remaining is empty; declared state only, A4)","projects/chirality-piping/execution/PKG-12_Security, Privacy, and Private Data Handling/1_Working/DEL-12-02_Private data redaction and export controls/ScopeOfWork.md;projects/chirality-piping/execution/PKG-12_Security, Privacy, and Private Data Handling/1_Working/DEL-12-02_Private data redaction and export controls/_SEMANTIC.md;projects/chirality-piping/execution/PKG-12_Security, Privacy, and Private Data Handling/1_Working/DEL-12-02_Private data redaction and export controls/Dependencies.csv",NOT_APPLICABLE,STATIC_CHECK,NOT_APPLICABLE,NOT_APPLICABLE,IN_PROGRESS,STALE_SETUP_SPECIFICATION,HIGH,REPRESENTATION_MIGRATED,LOCAL_DESIGN,NONE,RECORD,FG-DEL-12-02-04,CP-01,,,,NO,NOT_APPLICABLE,"Steps 2-7 name outputs in the removed four-document kit (setup-era, 7bee9ae41). Step 12 keeps runtime integration and UI choices TBD, which R15/TP-E4 overtook (FG-DEL-12-02-01).",00115c71931bcae79909602d653740d3bb72dfa1
DEL-12-02:SOW#CLM-021,DEL-12-02,BLOCK,REQUIREMENT,SECURITY,"Future implementation: persisted profile, GUI/CLI context controls, route everything through checks, diagnostics, runtime tests, quarantine routing","projects/chirality-piping/execution/PKG-12_Security, Privacy, and Private Data Handling/1_Working/DEL-12-02_Private data redaction and export controls/ScopeOfWork.md L328-344",SOW-040; OBJ-010,"IN_PROGRESS (_STATUS.md, Last Updated 2026-07-22)","none (## Remaining is empty; declared state only, A4)",core/security/redaction/route_control.py;apps/desktop/src/features/redaction-controls/redactionExportControls.ts;apps/desktop/src/features/redaction-controls/RedactionExportControlsPanel.tsx;apps/desktop/src/features/redaction-controls/ControlledExportLink.tsx;core/handoff/native_json/package.py;core/handoff/pcf_export/package.py;core/handoff/exporter/workflow.py,tests/security/test_redaction_export_controls.py::test_route_control_emits_local_first_evidence_and_unknown_route_fails_closed;apps/desktop/src/features/redaction-controls/redactionExportControls.test.ts;apps/desktop/src/features/redaction-controls/RedactionExportControlsPanel.test.tsx;apps/desktop/src/features/redaction-controls/ControlledExportLink.test.tsx,UNIT,NOT_APPLICABLE,NOT_APPLICABLE,IN_PROGRESS,STALE_REVIEW_OR_EVIDENCE,MEDIUM,DOC_BEHIND_CODE,LOCAL_DESIGN,NONE,RECORD,FG-DEL-12-02-01,,,"projects/chirality-piping/execution/PKG-12_Security, Privacy, and Private Data Handling/1_Working/DEL-12-02_Private data redaction and export controls/_run_records/WORKING_ITEMS_RUN_2026-07-22_DEL-12-02_REDACTION-BREADTH-R15.md;projects/chirality-piping/execution/PKG-12_Security, Privacy, and Private Data Handling/1_Working/DEL-12-02_Private data redaction and export controls/_run_records/WORKING_ITEMS_RUN_2026-07-10_TP-E4-REDACTION-001.md",,NO,NOT_APPLICABLE,"Written as work for a later task; steps 2, 3, 6 and 7 have landed (TP-E4, R15). Step 1 (persisted profile store) and step 8 (quarantine routing) remain open; step 4's source/provenance diagnostic fields are carried by REXC-REQ-011. Text first present 2026-06-07.",00115c71931bcae79909602d653740d3bb72dfa1
DEL-12-02:SOW#CLM-022,DEL-12-02,BLOCK,CONTAINER,DOCUMENTATION,Procedure verification table,"projects/chirality-piping/execution/PKG-12_Security, Privacy, and Private Data Handling/1_Working/DEL-12-02_Private data redaction and export controls/ScopeOfWork.md L345-361",SOW-040; OBJ-010,"IN_PROGRESS (_STATUS.md, Last Updated 2026-07-22)","none (## Remaining is empty; declared state only, A4)",NOT_APPLICABLE,NOT_APPLICABLE,NONE,NOT_APPLICABLE,NOT_APPLICABLE,IN_PROGRESS,COVERED_BY_CHILDREN,HIGH,,,,NONE,,,,,,NO,NOT_APPLICABLE,Split into .r01-.r09 because .r01 and .r02 diverge while the others align.,00115c71931bcae79909602d653740d3bb72dfa1
DEL-12-02:SOW#CLM-023,DEL-12-02,BLOCK,CONTAINER,DOCUMENTATION,Records block,"projects/chirality-piping/execution/PKG-12_Security, Privacy, and Private Data Handling/1_Working/DEL-12-02_Private data redaction and export controls/ScopeOfWork.md L362-379",SOW-040; OBJ-010,"IN_PROGRESS (_STATUS.md, Last Updated 2026-07-22)","none (## Remaining is empty; declared state only, A4)",NOT_APPLICABLE,NOT_APPLICABLE,NONE,NOT_APPLICABLE,NOT_APPLICABLE,IN_PROGRESS,COVERED_BY_CHILDREN,HIGH,,,,NONE,,,,,,NO,NOT_APPLICABLE,Split into .s01 (four production documents) and .s02 (ISSUED and write-scope fences).,00115c71931bcae79909602d653740d3bb72dfa1
DEL-12-02:SOW#CLM-023.s01,DEL-12-02,SUBCLAIM,DECLARED_STATE,DOCUMENTATION,Evidence surface includes four production documents plus semantic/dependency records,"projects/chirality-piping/execution/PKG-12_Security, Privacy, and Private Data Handling/1_Working/DEL-12-02_Private data redaction and export controls/ScopeOfWork.md L362-379 (sub-claim of SOW#CLM-023)",SOW-040; OBJ-010,"IN_PROGRESS (_STATUS.md, Last Updated 2026-07-22)","none (## Remaining is empty; declared state only, A4)","projects/chirality-piping/execution/PKG-12_Security, Privacy, and Private Data Handling/1_Working/DEL-12-02_Private data redaction and export controls/ScopeOfWork.md;projects/chirality-piping/execution/PKG-12_Security, Privacy, and Private Data Handling/1_Working/DEL-12-02_Private data redaction and export controls/_SEMANTIC.md",NOT_APPLICABLE,STATIC_CHECK,NOT_APPLICABLE,NOT_APPLICABLE,IN_PROGRESS,STALE_REVIEW_OR_EVIDENCE,HIGH,REPRESENTATION_MIGRATED,LOCAL_DESIGN,NONE,RECORD,FG-DEL-12-02-04,CP-01,,,,NO,NOT_APPLICABLE,The four production documents are absent. Block wording first present 2026-06-07 (586d3f10d).,00115c71931bcae79909602d653740d3bb72dfa1
DEL-12-02:SOW#CLM-023.s02,DEL-12-02,SUBCLAIM,REQUIREMENT,GOVERNANCE,No ISSUED move in alignment runs; product and lifecycle files unchanged unless a separate brief grants scope,"projects/chirality-piping/execution/PKG-12_Security, Privacy, and Private Data Handling/1_Working/DEL-12-02_Private data redaction and export controls/ScopeOfWork.md L362-379 (sub-claim of SOW#CLM-023)",SOW-040; OBJ-010,"IN_PROGRESS (_STATUS.md, Last Updated 2026-07-22)","none (## Remaining is empty; declared state only, A4)","projects/chirality-piping/execution/PKG-12_Security, Privacy, and Private Data Handling/1_Working/DEL-12-02_Private data redaction and export controls/_STATUS.md",NOT_APPLICABLE,STATIC_CHECK,NOT_APPLICABLE,NOT_APPLICABLE,IN_PROGRESS,ALIGNED,HIGH,,,,NONE,,,,,,NO,NOT_APPLICABLE,"Lifecycle remains IN_PROGRESS; later product changes came through separately briefed tranches (TP-E4, R15).",00115c71931bcae79909602d653740d3bb72dfa1
DEL-12-02:SOW#governing-values-and-decisions-axiology,DEL-12-02,BLOCK,NON_NORMATIVE,DOCUMENTATION,Heading or section wrapper with no claim of its own,"projects/chirality-piping/execution/PKG-12_Security, Privacy, and Private Data Handling/1_Working/DEL-12-02_Private data redaction and export controls/ScopeOfWork.md L382-538",SOW-040; OBJ-010,"IN_PROGRESS (_STATUS.md, Last Updated 2026-07-22)","none (## Remaining is empty; declared state only, A4)",NOT_APPLICABLE,NOT_APPLICABLE,NONE,NOT_APPLICABLE,NOT_APPLICABLE,IN_PROGRESS,NOT_ASSESSED,HIGH,,,,NONE,,,,,,NO,NOT_APPLICABLE,Pre-typed NON_NORMATIVE by extractor v2; heading-only unit.,00115c71931bcae79909602d653740d3bb72dfa1
DEL-12-02:SOW#CLM-024,DEL-12-02,BLOCK,NON_NORMATIVE,DOCUMENTATION,Heading or section wrapper with no claim of its own,"projects/chirality-piping/execution/PKG-12_Security, Privacy, and Private Data Handling/1_Working/DEL-12-02_Private data redaction and export controls/ScopeOfWork.md L384-389",SOW-040; OBJ-010,"IN_PROGRESS (_STATUS.md, Last Updated 2026-07-22)","none (## Remaining is empty; declared state only, A4)",NOT_APPLICABLE,NOT_APPLICABLE,NONE,NOT_APPLICABLE,NOT_APPLICABLE,IN_PROGRESS,NOT_ASSESSED,HIGH,,,,NONE,,,,,,NO,NOT_APPLICABLE,Pre-typed NON_NORMATIVE; heading plus a PDU-055 marker comment.,00115c71931bcae79909602d653740d3bb72dfa1
DEL-12-02:SOW#CLM-025,DEL-12-02,BLOCK,DECLARED_STATE,GOVERNANCE,D-41 PDU-055 current declaration: authority rev 0.8 and DAG-007; residuals in Remaining (DECL-003),"projects/chirality-piping/execution/PKG-12_Security, Privacy, and Private Data Handling/1_Working/DEL-12-02_Private data redaction and export controls/ScopeOfWork.md L390-400",SOW-040; OBJ-010,"IN_PROGRESS (_STATUS.md, Last Updated 2026-07-22)","none (## Remaining is empty; declared state only, A4)",projects/chirality-piping/execution/_Decomposition/SOFTWARE_DECOMP.md;projects/chirality-piping/execution/_DAG/_LATEST.md,NOT_APPLICABLE,STATIC_CHECK,NOT_APPLICABLE,NOT_APPLICABLE,IN_PROGRESS,STALE_REVIEW_OR_EVIDENCE,HIGH,BASIS_POINTER_STALE,LOCAL_DESIGN,NONE,RECORD,FG-DEL-12-02-06,CP-02,,"projects/chirality-piping/execution/PKG-12_Security, Privacy, and Private Data Handling/1_Working/DEL-12-02_Private data redaction and export controls/_run_records/WORKING_ITEMS_RUN_2026-07-12_D41-R5-T7-PDU055-CURRENTNESS.md",,NO,NOT_APPLICABLE,"CP-03 block with its own row; it pins SOFTWARE_DECOMP revision 0.8 and DAG-007 while the freeze is revision 0.12 and DAG-010 (CP-02). Its blanket supersession clause does not change sibling dispositions, and its delegation of residuals to the (empty) Remaining section is not relied on (A4).",00115c71931bcae79909602d653740d3bb72dfa1
DEL-12-02:SOW#CLM-026,DEL-12-02,BLOCK,CONTEXT,SECURITY,"Guidance purpose: public mechanics allowed, private and protected values controlled; guidance selects no storage/UI/format workflows","projects/chirality-piping/execution/PKG-12_Security, Privacy, and Private Data Handling/1_Working/DEL-12-02_Private data redaction and export controls/ScopeOfWork.md L401-409",SOW-040; OBJ-010,"IN_PROGRESS (_STATUS.md, Last Updated 2026-07-22)","none (## Remaining is empty; declared state only, A4)",projects/chirality-piping/docs/security/redaction_export_controls.md;core/security/redaction/controls.py,NOT_APPLICABLE,DOCUMENT_REVIEW,NOT_APPLICABLE,NOT_APPLICABLE,IN_PROGRESS,ALIGNED,MEDIUM,,,,NONE,,,,,,NO,NOT_APPLICABLE,Substance holds; the guidance itself selects none of the listed workflows. Product-name residue is on the surface row (CP-04).,00115c71931bcae79909602d653740d3bb72dfa1
DEL-12-02:SOW#CLM-027,DEL-12-02,BLOCK,REQUIREMENT,SECURITY,"Principles: explicit context, warn or redact, block unsafe provenance, keep reproducibility evidence, no source mutation, no-bypass, human authority","projects/chirality-piping/execution/PKG-12_Security, Privacy, and Private Data Handling/1_Working/DEL-12-02_Private data redaction and export controls/ScopeOfWork.md L410-424",SOW-040; OBJ-010,"IN_PROGRESS (_STATUS.md, Last Updated 2026-07-22)","none (## Remaining is empty; declared state only, A4)",core/security/redaction/controls.py;core/security/redaction/route_control.py;apps/desktop/src/features/redaction-controls/RedactionExportControlsPanel.tsx,tests/security/test_redaction_export_controls.py;apps/desktop/src/features/redaction-controls/RedactionExportControlsPanel.test.tsx,UNIT,NOT_APPLICABLE,NOT_APPLICABLE,IN_PROGRESS,ALIGNED,MEDIUM,,,,NONE,,,,,,NO,NOT_APPLICABLE,Each principle matches route control and panel behaviour; the no-bypass principle's runtime coverage is assessed on REXC-REQ-012.,00115c71931bcae79909602d653740d3bb72dfa1
DEL-12-02:SOW#CLM-028,DEL-12-02,BLOCK,NON_NORMATIVE,DOCUMENTATION,Heading or section wrapper with no claim of its own,"projects/chirality-piping/execution/PKG-12_Security, Privacy, and Private Data Handling/1_Working/DEL-12-02_Private data redaction and export controls/ScopeOfWork.md L425-429",SOW-040; OBJ-010,"IN_PROGRESS (_STATUS.md, Last Updated 2026-07-22)","none (## Remaining is empty; declared state only, A4)",NOT_APPLICABLE,NOT_APPLICABLE,NONE,NOT_APPLICABLE,NOT_APPLICABLE,IN_PROGRESS,NOT_ASSESSED,HIGH,,,,NONE,,,,,,NO,NOT_APPLICABLE,Pre-typed NON_NORMATIVE by extractor v2; heading-only unit.,00115c71931bcae79909602d653740d3bb72dfa1
DEL-12-02:SOW#CLM-029,DEL-12-02,BLOCK,REQUIREMENT,SECURITY,Private and protected value classes treated as sensitive in export decisions,"projects/chirality-piping/execution/PKG-12_Security, Privacy, and Private Data Handling/1_Working/DEL-12-02_Private data redaction and export controls/ScopeOfWork.md L430-443",SOW-040; OBJ-010,"IN_PROGRESS (_STATUS.md, Last Updated 2026-07-22)","none (## Remaining is empty; declared state only, A4)",core/security/redaction/controls.py;schemas/redaction_export_controls.schema.yaml,NOT_APPLICABLE,STATIC_CHECK,NOT_APPLICABLE,NOT_APPLICABLE,IN_PROGRESS,ALIGNED,HIGH,,,,NONE,,,,,,NO,NOT_APPLICABLE,,00115c71931bcae79909602d653740d3bb72dfa1
DEL-12-02:SOW#CLM-030,DEL-12-02,BLOCK,REQUIREMENT,SECURITY,Export contexts: local_private needs intent and audit; public/shared prefer redaction; downstream_tool keeps checks,"projects/chirality-piping/execution/PKG-12_Security, Privacy, and Private Data Handling/1_Working/DEL-12-02_Private data redaction and export controls/ScopeOfWork.md L444-454",SOW-040; OBJ-010,"IN_PROGRESS (_STATUS.md, Last Updated 2026-07-22)","none (## Remaining is empty; declared state only, A4)",core/security/redaction/controls.py;core/security/redaction/route_control.py,tests/security/test_redaction_export_controls.py::test_local_private_export_requires_explicit_intent_then_retains_with_warning;apps/desktop/src/features/redaction-controls/ControlledExportLink.test.tsx::binds the native package to downstream-tool control without local-private fallback,UNIT,NOT_APPLICABLE,NOT_APPLICABLE,IN_PROGRESS,ALIGNED,HIGH,,,,NONE,,,,,,NO,NOT_APPLICABLE,,00115c71931bcae79909602d653740d3bb72dfa1
DEL-12-02:SOW#CLM-031,DEL-12-02,BLOCK,REQUIREMENT,REPORTING,Reports may reference rule-pack id/version/checksum/source note; no protected formulas or private values in public templates,"projects/chirality-piping/execution/PKG-12_Security, Privacy, and Private Data Handling/1_Working/DEL-12-02_Private data redaction and export controls/ScopeOfWork.md L455-461",SOW-040; OBJ-010,"IN_PROGRESS (_STATUS.md, Last Updated 2026-07-22)","none (## Remaining is empty; declared state only, A4)",core/security/redaction/controls.py;core/reporting/protected_content_linter/src/lib.rs,NOT_APPLICABLE,STATIC_CHECK,NOT_APPLICABLE,NOT_APPLICABLE,IN_PROGRESS,ALIGNED,HIGH,,,,NONE,,,,,,NO,NOT_APPLICABLE,,00115c71931bcae79909602d653740d3bb72dfa1
DEL-12-02:SOW#CLM-032,DEL-12-02,BLOCK,REQUIREMENT,REPORTING,"Redacted exports stay auditable: keep hashes, versions, profile id, warnings, provenance summaries","projects/chirality-piping/execution/PKG-12_Security, Privacy, and Private Data Handling/1_Working/DEL-12-02_Private data redaction and export controls/ScopeOfWork.md L462-468",SOW-040; OBJ-010,"IN_PROGRESS (_STATUS.md, Last Updated 2026-07-22)","none (## Remaining is empty; declared state only, A4)",apps/desktop/src/features/redaction-controls/RedactionExportControlsPanel.tsx;core/security/redaction/route_control.py,apps/desktop/src/features/redaction-controls/RedactionExportControlsPanel.test.tsx::computes a canonical sha256 checksum for the offered manifest,UNIT,NOT_APPLICABLE,NOT_APPLICABLE,IN_PROGRESS,ALIGNED,MEDIUM,,,,NONE,,,,,,NO,NOT_APPLICABLE,,00115c71931bcae79909602d653740d3bb72dfa1
DEL-12-02:SOW#CLM-033,DEL-12-02,BLOCK,REQUIREMENT,SECURITY,Adapters and plugins never bypass controls; downstream-tool export is an export boundary,"projects/chirality-piping/execution/PKG-12_Security, Privacy, and Private Data Handling/1_Working/DEL-12-02_Private data redaction and export controls/ScopeOfWork.md L469-475",SOW-040; OBJ-010,"IN_PROGRESS (_STATUS.md, Last Updated 2026-07-22)","none (## Remaining is empty; declared state only, A4)",core/adapters/framework/adapter_framework.py;core/security/redaction/route_control.py;core/handoff/native_json/package.py;core/handoff/pcf_export/package.py;core/handoff/exporter/workflow.py,apps/desktop/src/features/redaction-controls/ControlledExportLink.test.tsx::binds the native package to downstream-tool control without local-private fallback,UNIT,NOT_APPLICABLE,NOT_APPLICABLE,IN_PROGRESS,ALIGNED,MEDIUM,,,,NONE,,,,,,NO,NOT_APPLICABLE,Guidance principle; downstream handoffs are bound to route control. Runtime plugin coverage is assessed on REXC-REQ-012.,00115c71931bcae79909602d653740d3bb72dfa1
DEL-12-02:SOW#CLM-034,DEL-12-02,BLOCK,DECLARED_STATE,SECURITY,Current evidence boundary: helper is metadata-only and does not integrate report/export runtime routes,"projects/chirality-piping/execution/PKG-12_Security, Privacy, and Private Data Handling/1_Working/DEL-12-02_Private data redaction and export controls/ScopeOfWork.md L476-482",SOW-040; OBJ-010,"IN_PROGRESS (_STATUS.md, Last Updated 2026-07-22)","none (## Remaining is empty; declared state only, A4)",core/security/redaction/route_control.py;apps/desktop/src/features/redaction-controls/redactionExportControls.ts;apps/desktop/src/features/redaction-controls/RedactionExportControlsPanel.tsx;apps/desktop/src/features/redaction-controls/ControlledExportLink.tsx;core/handoff/native_json/package.py;core/handoff/pcf_export/package.py;core/handoff/exporter/workflow.py,tests/security/test_redaction_export_controls.py::test_route_control_emits_local_first_evidence_and_unknown_route_fails_closed;apps/desktop/src/features/redaction-controls/redactionExportControls.test.ts;apps/desktop/src/features/redaction-controls/RedactionExportControlsPanel.test.tsx;apps/desktop/src/features/redaction-controls/ControlledExportLink.test.tsx,UNIT,NOT_APPLICABLE,NOT_APPLICABLE,IN_PROGRESS,STALE_REVIEW_OR_EVIDENCE,HIGH,DOC_BEHIND_CODE,LOCAL_DESIGN,NONE,RECORD,FG-DEL-12-02-01,,,"projects/chirality-piping/execution/PKG-12_Security, Privacy, and Private Data Handling/1_Working/DEL-12-02_Private data redaction and export controls/_run_records/WORKING_ITEMS_RUN_2026-07-22_DEL-12-02_REDACTION-BREADTH-R15.md",,NO,NOT_APPLICABLE,"R15 (2026-07-22) bound the adopted 31-route inventory (core handoffs and adapters, runner/CLI outputs, desktop preview/export links, report render/export) to the shared route control (core/security/redaction/route_control.py and its TypeScript mirror); TP-E4 (2026-07-10) added the desktop Redaction and Export Controls panel with context selection, explicit local-private intent and a checksummed redacted manifest; 2026-08-21 added local-first route evidence. The metadata-only and no-quarantine parts remain true. Text first present 2026-06-07.",00115c71931bcae79909602d653740d3bb72dfa1
DEL-12-02:SOW#CLM-035,DEL-12-02,BLOCK,CONTAINER,DOCUMENTATION,Trade-offs table,"projects/chirality-piping/execution/PKG-12_Security, Privacy, and Private Data Handling/1_Working/DEL-12-02_Private data redaction and export controls/ScopeOfWork.md L483-495",SOW-040; OBJ-010,"IN_PROGRESS (_STATUS.md, Last Updated 2026-07-22)","none (## Remaining is empty; declared state only, A4)",NOT_APPLICABLE,NOT_APPLICABLE,NONE,NOT_APPLICABLE,NOT_APPLICABLE,IN_PROGRESS,COVERED_BY_CHILDREN,HIGH,,,,NONE,,,,,,NO,NOT_APPLICABLE,Split into .r01-.r05 because .r01 diverges while the others align.,00115c71931bcae79909602d653740d3bb72dfa1
DEL-12-02:SOW#CLM-036,DEL-12-02,BLOCK,CONTEXT,SECURITY,"Symbolic examples: public report, rule-pack summary, material export, local private report, downstream handoff","projects/chirality-piping/execution/PKG-12_Security, Privacy, and Private Data Handling/1_Working/DEL-12-02_Private data redaction and export controls/ScopeOfWork.md L496-510",SOW-040; OBJ-010,"IN_PROGRESS (_STATUS.md, Last Updated 2026-07-22)","none (## Remaining is empty; declared state only, A4)",core/security/redaction/controls.py;fixtures/redaction_export_controls/cases.json,NOT_APPLICABLE,DOCUMENT_REVIEW,NOT_APPLICABLE,NOT_APPLICABLE,IN_PROGRESS,ALIGNED,HIGH,,,,NONE,,,,,,NO,NOT_APPLICABLE,,00115c71931bcae79909602d653740d3bb72dfa1
DEL-12-02:SOW#CLM-037,DEL-12-02,BLOCK,CONTAINER,DOCUMENTATION,Open issues table REXC-OI-001..010,"projects/chirality-piping/execution/PKG-12_Security, Privacy, and Private Data Handling/1_Working/DEL-12-02_Private data redaction and export controls/ScopeOfWork.md L511-528",SOW-040; OBJ-010,"IN_PROGRESS (_STATUS.md, Last Updated 2026-07-22)","none (## Remaining is empty; declared state only, A4)",NOT_APPLICABLE,NOT_APPLICABLE,NONE,NOT_APPLICABLE,NOT_APPLICABLE,IN_PROGRESS,COVERED_BY_CHILDREN,HIGH,,,,NONE,,,,,,NO,NOT_APPLICABLE,Table header only; each issue is keyed separately.,00115c71931bcae79909602d653740d3bb72dfa1
DEL-12-02:SOW#CLM-038,DEL-12-02,BLOCK,CONTAINER,DOCUMENTATION,Conflict table REXC-CON-001..003,"projects/chirality-piping/execution/PKG-12_Security, Privacy, and Private Data Handling/1_Working/DEL-12-02_Private data redaction and export controls/ScopeOfWork.md L529-538",SOW-040; OBJ-010,"IN_PROGRESS (_STATUS.md, Last Updated 2026-07-22)","none (## Remaining is empty; declared state only, A4)",NOT_APPLICABLE,NOT_APPLICABLE,NONE,NOT_APPLICABLE,NOT_APPLICABLE,IN_PROGRESS,COVERED_BY_CHILDREN,HIGH,,,,NONE,,,,,,NO,NOT_APPLICABLE,Table header only; each conflict is keyed separately.,00115c71931bcae79909602d653740d3bb72dfa1
DEL-12-02:SOW#output-and-evaluation-matrix,DEL-12-02,BLOCK,CONTAINER,DOCUMENTATION,Output and evaluation matrix,"projects/chirality-piping/execution/PKG-12_Security, Privacy, and Private Data Handling/1_Working/DEL-12-02_Private data redaction and export controls/ScopeOfWork.md L539-544",SOW-040; OBJ-010,"IN_PROGRESS (_STATUS.md, Last Updated 2026-07-22)","none (## Remaining is empty; declared state only, A4)",NOT_APPLICABLE,NOT_APPLICABLE,NONE,NOT_APPLICABLE,NOT_APPLICABLE,IN_PROGRESS,COVERED_BY_CHILDREN,HIGH,,,,NONE,,,,,,NO,NOT_APPLICABLE,Table carries the OUT-001 row only.,00115c71931bcae79909602d653740d3bb72dfa1
DEL-12-02:SOW#purpose-and-objective-traceability/OUT-001,DEL-12-02,ITEM,REQUIREMENT,SECURITY,"A private-data redaction and export-control contract for reports, shared models, downstream tools, examples and local-private outputs is produced","projects/chirality-piping/execution/PKG-12_Security, Privacy, and Private Data Handling/1_Working/DEL-12-02_Private data redaction and export controls/ScopeOfWork.md L16-16",SOW-040; OBJ-010,"IN_PROGRESS (_STATUS.md, Last Updated 2026-07-22)","none (## Remaining is empty; declared state only, A4)","projects/chirality-piping/execution/PKG-12_Security, Privacy, and Private Data Handling/1_Working/DEL-12-02_Private data redaction and export controls/ScopeOfWork.md;schemas/redaction_export_controls.schema.yaml;projects/chirality-piping/docs/security/redaction_export_controls.md;core/security/redaction/controls.py;core/security/redaction/route_control.py",tests/security/test_redaction_export_controls.py::test_schema_vocabularies_cover_required_controls,UNIT,NOT_APPLICABLE,NOT_APPLICABLE,IN_PROGRESS,ALIGNED,MEDIUM,,,,NONE,,,,,,NO,NOT_APPLICABLE,"The contract exists as this SOW plus the schema, product document and route control covering all five export contexts. Clause accuracy is judged on each row.",00115c71931bcae79909602d653740d3bb72dfa1
DEL-12-02:SOW#CLM-003.r01,DEL-12-02,ITEM,DECLARED_STATE,SECURITY,Control surface: report/export privacy guardrails for private values,"projects/chirality-piping/execution/PKG-12_Security, Privacy, and Private Data Handling/1_Working/DEL-12-02_Private data redaction and export controls/ScopeOfWork.md L48-48",SOW-040; OBJ-010,"IN_PROGRESS (_STATUS.md, Last Updated 2026-07-22)","none (## Remaining is empty; declared state only, A4)",core/security/redaction/controls.py;core/security/redaction/route_control.py,NOT_APPLICABLE,STATIC_CHECK,NOT_APPLICABLE,NOT_APPLICABLE,IN_PROGRESS,ALIGNED,HIGH,,,,NONE,,,,,,NO,NOT_APPLICABLE,,00115c71931bcae79909602d653740d3bb72dfa1
DEL-12-02:SOW#CLM-003.r02,DEL-12-02,ITEM,DECLARED_STATE,SECURITY,Primary output: redaction configuration contract and export-test expectations,"projects/chirality-piping/execution/PKG-12_Security, Privacy, and Private Data Handling/1_Working/DEL-12-02_Private data redaction and export controls/ScopeOfWork.md L49-49",SOW-040; OBJ-010,"IN_PROGRESS (_STATUS.md, Last Updated 2026-07-22)","none (## Remaining is empty; declared state only, A4)",schemas/redaction_export_controls.schema.yaml;tests/security/test_redaction_export_controls.py,NOT_APPLICABLE,STATIC_CHECK,NOT_APPLICABLE,NOT_APPLICABLE,IN_PROGRESS,ALIGNED,HIGH,,,,NONE,,,,,,NO,NOT_APPLICABLE,,00115c71931bcae79909602d653740d3bb72dfa1
DEL-12-02:SOW#CLM-003.r03,DEL-12-02,ITEM,DECLARED_STATE,SECURITY,Local-first posture; no cloud export or transmission unless approved,"projects/chirality-piping/execution/PKG-12_Security, Privacy, and Private Data Handling/1_Working/DEL-12-02_Private data redaction and export controls/ScopeOfWork.md L50-50",SOW-040; OBJ-010,"IN_PROGRESS (_STATUS.md, Last Updated 2026-07-22)","none (## Remaining is empty; declared state only, A4)",core/security/redaction/controls.py;core/security/local_first_storage/route_control.py,NOT_APPLICABLE,STATIC_CHECK,NOT_APPLICABLE,NOT_APPLICABLE,IN_PROGRESS,ALIGNED,HIGH,,,,NONE,,,,projects/chirality-piping/execution/_Coordination/_DECISIONS/D-24_runtime_residency_reconciliation.md,,NO,NOT_APPLICABLE,Cloud/network references are blocked (CLOUD_OR_NETWORK_REFERENCE_BLOCKED).,00115c71931bcae79909602d653740d3bb72dfa1
DEL-12-02:SOW#CLM-003.r04,DEL-12-02,ITEM,DECLARED_STATE,SECURITY,Shared/public exports need explicit private-data handling and never silently include private values,"projects/chirality-piping/execution/PKG-12_Security, Privacy, and Private Data Handling/1_Working/DEL-12-02_Private data redaction and export controls/ScopeOfWork.md L51-51",SOW-040; OBJ-010,"IN_PROGRESS (_STATUS.md, Last Updated 2026-07-22)","none (## Remaining is empty; declared state only, A4)",core/security/redaction/controls.py;core/security/redaction/route_control.py,tests/security/test_redaction_export_controls.py::test_public_report_redacts_private_and_unknown_values_without_mutating_source,UNIT,NOT_APPLICABLE,NOT_APPLICABLE,IN_PROGRESS,ALIGNED,HIGH,,,,NONE,,,,,,NO,NOT_APPLICABLE,,00115c71931bcae79909602d653740d3bb72dfa1
DEL-12-02:SOW#CLM-003.r05,DEL-12-02,ITEM,DECLARED_STATE,SECURITY,"Private data classes: project, rule-pack, material, component, owner design basis, private templates","projects/chirality-piping/execution/PKG-12_Security, Privacy, and Private Data Handling/1_Working/DEL-12-02_Private data redaction and export controls/ScopeOfWork.md L52-52",SOW-040; OBJ-010,"IN_PROGRESS (_STATUS.md, Last Updated 2026-07-22)","none (## Remaining is empty; declared state only, A4)",core/security/redaction/controls.py;schemas/redaction_export_controls.schema.yaml,NOT_APPLICABLE,STATIC_CHECK,NOT_APPLICABLE,NOT_APPLICABLE,IN_PROGRESS,ALIGNED,HIGH,,,,NONE,,,,,,NO,NOT_APPLICABLE,PRIVATE_PRIVACY_CLASSES and schema field classes cover the listed groups.,00115c71931bcae79909602d653740d3bb72dfa1
DEL-12-02:SOW#CLM-003.r06,DEL-12-02,ITEM,DECLARED_STATE,SECURITY,"Protected data classes: standards text, tables, formulas, allowables, SIF tables, proprietary data","projects/chirality-piping/execution/PKG-12_Security, Privacy, and Private Data Handling/1_Working/DEL-12-02_Private data redaction and export controls/ScopeOfWork.md L53-53",SOW-040; OBJ-010,"IN_PROGRESS (_STATUS.md, Last Updated 2026-07-22)","none (## Remaining is empty; declared state only, A4)",core/security/redaction/controls.py;core/reporting/protected_content_linter/src/lib.rs,NOT_APPLICABLE,STATIC_CHECK,NOT_APPLICABLE,NOT_APPLICABLE,IN_PROGRESS,ALIGNED,HIGH,,,,NONE,,,,,,NO,NOT_APPLICABLE,Protected-suspected metadata blocks export (PROTECTED_CONTENT_BLOCKED); the report linter screens public report text.,00115c71931bcae79909602d653740d3bb72dfa1
DEL-12-02:SOW#CLM-003.r07,DEL-12-02,ITEM,DECLARED_STATE,SECURITY,Diagnostic class IP_BOUNDARY_WARNING for exposure risk,"projects/chirality-piping/execution/PKG-12_Security, Privacy, and Private Data Handling/1_Working/DEL-12-02_Private data redaction and export controls/ScopeOfWork.md L54-54",SOW-040; OBJ-010,"IN_PROGRESS (_STATUS.md, Last Updated 2026-07-22)","none (## Remaining is empty; declared state only, A4)",core/security/redaction/controls.py;schemas/redaction_export_controls.schema.yaml,NOT_APPLICABLE,STATIC_CHECK,NOT_APPLICABLE,NOT_APPLICABLE,IN_PROGRESS,ALIGNED,HIGH,,,,NONE,,,,,,NO,NOT_APPLICABLE,,00115c71931bcae79909602d653740d3bb72dfa1
DEL-12-02:SOW#CLM-003.r08,DEL-12-02,ITEM,DECLARED_STATE,SCHEMA,Redaction action vocabulary include/warning_only/redact_value/redact_field/omit_field/block_export,"projects/chirality-piping/execution/PKG-12_Security, Privacy, and Private Data Handling/1_Working/DEL-12-02_Private data redaction and export controls/ScopeOfWork.md L55-55",SOW-040; OBJ-010,"IN_PROGRESS (_STATUS.md, Last Updated 2026-07-22)","none (## Remaining is empty; declared state only, A4)",core/security/redaction/controls.py;schemas/redaction_export_controls.schema.yaml,tests/security/test_redaction_export_controls.py::test_schema_vocabularies_cover_required_controls,UNIT,NOT_APPLICABLE,NOT_APPLICABLE,IN_PROGRESS,ALIGNED,HIGH,,,,NONE,,,,,,NO,NOT_APPLICABLE,,00115c71931bcae79909602d653740d3bb72dfa1
DEL-12-02:SOW#CLM-003.r09,DEL-12-02,ITEM,DECLARED_STATE,SCHEMA,Export context vocabulary public_report/public_example/shared_model/downstream_tool/local_private,"projects/chirality-piping/execution/PKG-12_Security, Privacy, and Private Data Handling/1_Working/DEL-12-02_Private data redaction and export controls/ScopeOfWork.md L56-56",SOW-040; OBJ-010,"IN_PROGRESS (_STATUS.md, Last Updated 2026-07-22)","none (## Remaining is empty; declared state only, A4)",core/security/redaction/controls.py;schemas/redaction_export_controls.schema.yaml;apps/desktop/src/features/redaction-controls/redactionExportControls.ts,tests/security/test_redaction_export_controls.py::test_schema_vocabularies_cover_required_controls,UNIT,NOT_APPLICABLE,NOT_APPLICABLE,IN_PROGRESS,ALIGNED,HIGH,,,,NONE,,,,,,NO,NOT_APPLICABLE,,00115c71931bcae79909602d653740d3bb72dfa1
DEL-12-02:SOW#CLM-003.r10,DEL-12-02,ITEM,DECLARED_STATE,SCHEMA,Config persistence: schema records the profile; durable profile storage location and roots TBD,"projects/chirality-piping/execution/PKG-12_Security, Privacy, and Private Data Handling/1_Working/DEL-12-02_Private data redaction and export controls/ScopeOfWork.md L57-57",SOW-040; OBJ-010,"IN_PROGRESS (_STATUS.md, Last Updated 2026-07-22)","none (## Remaining is empty; declared state only, A4)",schemas/redaction_export_controls.schema.yaml,NOT_APPLICABLE,STATIC_CHECK,NOT_APPLICABLE,NOT_APPLICABLE,IN_PROGRESS,ALIGNED,MEDIUM,,,,NONE,,,,,,NO,NOT_APPLICABLE,"No persisted redaction-profile store was located, so the declared TBD for the profile location is accurate.",00115c71931bcae79909602d653740d3bb72dfa1
DEL-12-02:SOW#CLM-003.r11,DEL-12-02,ITEM,DECLARED_STATE,VALIDATION,Export-test status: focused tests exist; runtime report/export integration tests TBD,"projects/chirality-piping/execution/PKG-12_Security, Privacy, and Private Data Handling/1_Working/DEL-12-02_Private data redaction and export controls/ScopeOfWork.md L58-58",SOW-040; OBJ-010,"IN_PROGRESS (_STATUS.md, Last Updated 2026-07-22)","none (## Remaining is empty; declared state only, A4)",core/security/redaction/route_control.py;apps/desktop/src/features/redaction-controls/redactionExportControls.ts;apps/desktop/src/features/redaction-controls/RedactionExportControlsPanel.tsx;apps/desktop/src/features/redaction-controls/ControlledExportLink.tsx;core/handoff/native_json/package.py;core/handoff/pcf_export/package.py;core/handoff/exporter/workflow.py,tests/security/test_redaction_export_controls.py::test_route_control_emits_local_first_evidence_and_unknown_route_fails_closed;apps/desktop/src/features/redaction-controls/redactionExportControls.test.ts;apps/desktop/src/features/redaction-controls/RedactionExportControlsPanel.test.tsx;apps/desktop/src/features/redaction-controls/ControlledExportLink.test.tsx,UNIT,NOT_APPLICABLE,NOT_APPLICABLE,IN_PROGRESS,STALE_REVIEW_OR_EVIDENCE,HIGH,DOC_BEHIND_CODE,LOCAL_DESIGN,NONE,RECORD,FG-DEL-12-02-01,,,"projects/chirality-piping/execution/PKG-12_Security, Privacy, and Private Data Handling/1_Working/DEL-12-02_Private data redaction and export controls/_run_records/WORKING_ITEMS_RUN_2026-07-22_DEL-12-02_REDACTION-BREADTH-R15.md;projects/chirality-piping/execution/PKG-12_Security, Privacy, and Private Data Handling/1_Working/DEL-12-02_Private data redaction and export controls/_run_records/WORKING_ITEMS_RUN_2026-07-10_TP-E4-REDACTION-001.md",,NO,NOT_APPLICABLE,"R15 (2026-07-22) bound the adopted 31-route inventory (core handoffs and adapters, runner/CLI outputs, desktop preview/export links, report render/export) to the shared route control (core/security/redaction/route_control.py and its TypeScript mirror); TP-E4 (2026-07-10) added the desktop Redaction and Export Controls panel with context selection, explicit local-private intent and a checksummed redacted manifest; 2026-08-21 added local-first route evidence. Text first present 2026-06-07 (586d3f10d).",00115c71931bcae79909602d653740d3bb72dfa1
DEL-12-02:SOW#CLM-003.r12,DEL-12-02,ITEM,DECLARED_STATE,SECURITY,"Implementation status: runtime integration, UI/CLI and export-format choices among items TBD","projects/chirality-piping/execution/PKG-12_Security, Privacy, and Private Data Handling/1_Working/DEL-12-02_Private data redaction and export controls/ScopeOfWork.md L59-59",SOW-040; OBJ-010,"IN_PROGRESS (_STATUS.md, Last Updated 2026-07-22)","none (## Remaining is empty; declared state only, A4)",core/security/redaction/route_control.py;apps/desktop/src/features/redaction-controls/redactionExportControls.ts;apps/desktop/src/features/redaction-controls/RedactionExportControlsPanel.tsx;apps/desktop/src/features/redaction-controls/ControlledExportLink.tsx;core/handoff/native_json/package.py;core/handoff/pcf_export/package.py;core/handoff/exporter/workflow.py,tests/security/test_redaction_export_controls.py::test_route_control_emits_local_first_evidence_and_unknown_route_fails_closed;apps/desktop/src/features/redaction-controls/redactionExportControls.test.ts;apps/desktop/src/features/redaction-controls/RedactionExportControlsPanel.test.tsx;apps/desktop/src/features/redaction-controls/ControlledExportLink.test.tsx,UNIT,NOT_APPLICABLE,NOT_APPLICABLE,IN_PROGRESS,STALE_REVIEW_OR_EVIDENCE,HIGH,DOC_BEHIND_CODE,LOCAL_DESIGN,NONE,RECORD,FG-DEL-12-02-01,,,"projects/chirality-piping/execution/PKG-12_Security, Privacy, and Private Data Handling/1_Working/DEL-12-02_Private data redaction and export controls/_run_records/WORKING_ITEMS_RUN_2026-07-22_DEL-12-02_REDACTION-BREADTH-R15.md;projects/chirality-piping/execution/PKG-12_Security, Privacy, and Private Data Handling/1_Working/DEL-12-02_Private data redaction and export controls/_run_records/WORKING_ITEMS_RUN_2026-07-10_TP-E4-REDACTION-001.md",,NO,NOT_APPLICABLE,"R15 (2026-07-22) bound the adopted 31-route inventory (core handoffs and adapters, runner/CLI outputs, desktop preview/export links, report render/export) to the shared route control (core/security/redaction/route_control.py and its TypeScript mirror); TP-E4 (2026-07-10) added the desktop Redaction and Export Controls panel with context selection, explicit local-private intent and a checksummed redacted manifest; 2026-08-21 added local-first route evidence. Quarantine movement, legal review and cloud exception remain TBD as stated. Text first present 2026-06-07.",00115c71931bcae79909602d653740d3bb72dfa1
DEL-12-02:SOW#CLM-005.r01,DEL-12-02,ITEM,DECLARED_STATE,SCHEMA,profile_id slot exists; persisted profile lifecycle TBD,"projects/chirality-piping/execution/PKG-12_Security, Privacy, and Private Data Handling/1_Working/DEL-12-02_Private data redaction and export controls/ScopeOfWork.md L85-85",SOW-040; OBJ-010,"IN_PROGRESS (_STATUS.md, Last Updated 2026-07-22)","none (## Remaining is empty; declared state only, A4)",schemas/redaction_export_controls.schema.yaml,NOT_APPLICABLE,STATIC_CHECK,NOT_APPLICABLE,NOT_APPLICABLE,IN_PROGRESS,ALIGNED,HIGH,,,,NONE,,,,,,NO,NOT_APPLICABLE,,00115c71931bcae79909602d653740d3bb72dfa1
DEL-12-02:SOW#CLM-005.r02,DEL-12-02,ITEM,DECLARED_STATE,SCHEMA,export_context slot with five contexts,"projects/chirality-piping/execution/PKG-12_Security, Privacy, and Private Data Handling/1_Working/DEL-12-02_Private data redaction and export controls/ScopeOfWork.md L86-86",SOW-040; OBJ-010,"IN_PROGRESS (_STATUS.md, Last Updated 2026-07-22)","none (## Remaining is empty; declared state only, A4)",schemas/redaction_export_controls.schema.yaml;core/security/redaction/controls.py,tests/security/test_redaction_export_controls.py::test_schema_vocabularies_cover_required_controls,UNIT,NOT_APPLICABLE,NOT_APPLICABLE,IN_PROGRESS,ALIGNED,HIGH,,,,NONE,,,,,,NO,NOT_APPLICABLE,,00115c71931bcae79909602d653740d3bb72dfa1
DEL-12-02:SOW#CLM-005.r03,DEL-12-02,ITEM,DECLARED_STATE,SCHEMA,field_classification_rules: explicit metadata; unknown risky fields warn/redact/block,"projects/chirality-piping/execution/PKG-12_Security, Privacy, and Private Data Handling/1_Working/DEL-12-02_Private data redaction and export controls/ScopeOfWork.md L87-87",SOW-040; OBJ-010,"IN_PROGRESS (_STATUS.md, Last Updated 2026-07-22)","none (## Remaining is empty; declared state only, A4)",core/security/redaction/controls.py,tests/security/test_redaction_export_controls.py::test_missing_metadata_does_not_silently_export_value_bearing_record,UNIT,NOT_APPLICABLE,NOT_APPLICABLE,IN_PROGRESS,ALIGNED,HIGH,,,,NONE,,,,,,NO,NOT_APPLICABLE,,00115c71931bcae79909602d653740d3bb72dfa1
DEL-12-02:SOW#CLM-005.r04,DEL-12-02,ITEM,DECLARED_STATE,SCHEMA,rule_pack_detail_policy: public/shared keep identity/version/checksum/source note only,"projects/chirality-piping/execution/PKG-12_Security, Privacy, and Private Data Handling/1_Working/DEL-12-02_Private data redaction and export controls/ScopeOfWork.md L88-88",SOW-040; OBJ-010,"IN_PROGRESS (_STATUS.md, Last Updated 2026-07-22)","none (## Remaining is empty; declared state only, A4)",core/security/redaction/controls.py;schemas/redaction_export_controls.schema.yaml,tests/security/test_redaction_export_controls.py::test_public_report_redacts_private_and_unknown_values_without_mutating_source,UNIT,NOT_APPLICABLE,NOT_APPLICABLE,IN_PROGRESS,ALIGNED,HIGH,,,,NONE,,,,,,NO,NOT_APPLICABLE,,00115c71931bcae79909602d653740d3bb72dfa1
DEL-12-02:SOW#CLM-005.r05,DEL-12-02,ITEM,DECLARED_STATE,SCHEMA,material_value_policy: focused tests; runtime source integration TBD,"projects/chirality-piping/execution/PKG-12_Security, Privacy, and Private Data Handling/1_Working/DEL-12-02_Private data redaction and export controls/ScopeOfWork.md L89-89",SOW-040; OBJ-010,"IN_PROGRESS (_STATUS.md, Last Updated 2026-07-22)","none (## Remaining is empty; declared state only, A4)",core/security/redaction/route_control.py;apps/desktop/src/features/redaction-controls/redactionExportControls.ts;apps/desktop/src/features/redaction-controls/RedactionExportControlsPanel.tsx;apps/desktop/src/features/redaction-controls/ControlledExportLink.tsx;core/handoff/native_json/package.py;core/handoff/pcf_export/package.py;core/handoff/exporter/workflow.py,tests/security/test_redaction_export_controls.py::test_route_control_emits_local_first_evidence_and_unknown_route_fails_closed;apps/desktop/src/features/redaction-controls/redactionExportControls.test.ts;apps/desktop/src/features/redaction-controls/RedactionExportControlsPanel.test.tsx;apps/desktop/src/features/redaction-controls/ControlledExportLink.test.tsx,UNIT,NOT_APPLICABLE,NOT_APPLICABLE,IN_PROGRESS,STALE_REVIEW_OR_EVIDENCE,MEDIUM,DOC_BEHIND_CODE,LOCAL_DESIGN,NONE,RECORD,FG-DEL-12-02-01,,,,,NO,NOT_APPLICABLE,"R15 (2026-07-22) bound the adopted 31-route inventory (core handoffs and adapters, runner/CLI outputs, desktop preview/export links, report render/export) to the shared route control (core/security/redaction/route_control.py and its TypeScript mirror); TP-E4 (2026-07-10) added the desktop Redaction and Export Controls panel with context selection, explicit local-private intent and a checksummed redacted manifest; 2026-08-21 added local-first route evidence. Runtime routes classify real export payload leaves with unknown-default handling.",00115c71931bcae79909602d653740d3bb72dfa1
DEL-12-02:SOW#CLM-005.r06,DEL-12-02,ITEM,DECLARED_STATE,SCHEMA,component_value_policy: focused tests; runtime source integration TBD,"projects/chirality-piping/execution/PKG-12_Security, Privacy, and Private Data Handling/1_Working/DEL-12-02_Private data redaction and export controls/ScopeOfWork.md L90-90",SOW-040; OBJ-010,"IN_PROGRESS (_STATUS.md, Last Updated 2026-07-22)","none (## Remaining is empty; declared state only, A4)",core/security/redaction/route_control.py;apps/desktop/src/features/redaction-controls/redactionExportControls.ts;apps/desktop/src/features/redaction-controls/RedactionExportControlsPanel.tsx;apps/desktop/src/features/redaction-controls/ControlledExportLink.tsx;core/handoff/native_json/package.py;core/handoff/pcf_export/package.py;core/handoff/exporter/workflow.py,tests/security/test_redaction_export_controls.py::test_route_control_emits_local_first_evidence_and_unknown_route_fails_closed;apps/desktop/src/features/redaction-controls/redactionExportControls.test.ts;apps/desktop/src/features/redaction-controls/RedactionExportControlsPanel.test.tsx;apps/desktop/src/features/redaction-controls/ControlledExportLink.test.tsx,UNIT,NOT_APPLICABLE,NOT_APPLICABLE,IN_PROGRESS,STALE_REVIEW_OR_EVIDENCE,MEDIUM,DOC_BEHIND_CODE,LOCAL_DESIGN,NONE,RECORD,FG-DEL-12-02-01,,,,,NO,NOT_APPLICABLE,"R15 (2026-07-22) bound the adopted 31-route inventory (core handoffs and adapters, runner/CLI outputs, desktop preview/export links, report render/export) to the shared route control (core/security/redaction/route_control.py and its TypeScript mirror); TP-E4 (2026-07-10) added the desktop Redaction and Export Controls panel with context selection, explicit local-private intent and a checksummed redacted manifest; 2026-08-21 added local-first route evidence.",00115c71931bcae79909602d653740d3bb72dfa1
DEL-12-02:SOW#CLM-005.r07,DEL-12-02,ITEM,DECLARED_STATE,SCHEMA,project_value_policy: shared/public redact private and path metadata; storage roots and runtime export paths TBD,"projects/chirality-piping/execution/PKG-12_Security, Privacy, and Private Data Handling/1_Working/DEL-12-02_Private data redaction and export controls/ScopeOfWork.md L91-91",SOW-040; OBJ-010,"IN_PROGRESS (_STATUS.md, Last Updated 2026-07-22)","none (## Remaining is empty; declared state only, A4)",core/security/redaction/route_control.py;apps/desktop/src/features/redaction-controls/redactionExportControls.ts;apps/desktop/src/features/redaction-controls/RedactionExportControlsPanel.tsx;apps/desktop/src/features/redaction-controls/ControlledExportLink.tsx;core/handoff/native_json/package.py;core/handoff/pcf_export/package.py;core/handoff/exporter/workflow.py,tests/security/test_redaction_export_controls.py::test_route_control_emits_local_first_evidence_and_unknown_route_fails_closed;apps/desktop/src/features/redaction-controls/redactionExportControls.test.ts;apps/desktop/src/features/redaction-controls/RedactionExportControlsPanel.test.tsx;apps/desktop/src/features/redaction-controls/ControlledExportLink.test.tsx,UNIT,NOT_APPLICABLE,NOT_APPLICABLE,IN_PROGRESS,STALE_REVIEW_OR_EVIDENCE,MEDIUM,DOC_BEHIND_CODE,LOCAL_DESIGN,NONE,RECORD,FG-DEL-12-02-01,,,,,NO,NOT_APPLICABLE,"R15 (2026-07-22) bound the adopted 31-route inventory (core handoffs and adapters, runner/CLI outputs, desktop preview/export links, report render/export) to the shared route control (core/security/redaction/route_control.py and its TypeScript mirror); TP-E4 (2026-07-10) added the desktop Redaction and Export Controls panel with context selection, explicit local-private intent and a checksummed redacted manifest; 2026-08-21 added local-first route evidence. Runtime export paths are bound; the storage-root clause is covered by REXC-OI-010.",00115c71931bcae79909602d653740d3bb72dfa1
DEL-12-02:SOW#CLM-005.r08,DEL-12-02,ITEM,DECLARED_STATE,SCHEMA,manifest_policy: safe metadata stays visible; full runtime report/export manifest integration TBD,"projects/chirality-piping/execution/PKG-12_Security, Privacy, and Private Data Handling/1_Working/DEL-12-02_Private data redaction and export controls/ScopeOfWork.md L92-92",SOW-040; OBJ-010,"IN_PROGRESS (_STATUS.md, Last Updated 2026-07-22)","none (## Remaining is empty; declared state only, A4)",apps/desktop/src/features/redaction-controls/RedactionExportControlsPanel.tsx;core/security/redaction/route_control.py;apps/desktop/src/services/reportPackageSaveService.ts,apps/desktop/src/features/redaction-controls/RedactionExportControlsPanel.test.tsx::computes a canonical sha256 checksum for the offered manifest,UNIT,NOT_APPLICABLE,NOT_APPLICABLE,IN_PROGRESS,STALE_REVIEW_OR_EVIDENCE,MEDIUM,DOC_BEHIND_CODE,LOCAL_DESIGN,NONE,RECORD,FG-DEL-12-02-01,,,"projects/chirality-piping/execution/PKG-12_Security, Privacy, and Private Data Handling/1_Working/DEL-12-02_Private data redaction and export controls/_run_records/WORKING_ITEMS_RUN_2026-07-10_TP-E4-REDACTION-001.md;projects/chirality-piping/execution/PKG-12_Security, Privacy, and Private Data Handling/1_Working/DEL-12-02_Private data redaction and export controls/_run_records/WORKING_ITEMS_RUN_2026-07-22_DEL-12-02_REDACTION-BREADTH-R15.md",,NO,NOT_APPLICABLE,The panel offers a redacted manifest with a canonical checksum and routes emit sanitized decision/finding/summary evidence before exposure (R15).,00115c71931bcae79909602d653740d3bb72dfa1
DEL-12-02:SOW#CLM-005.r09,DEL-12-02,ITEM,DECLARED_STATE,SCHEMA,override_policy: local-private needs explicit intent and warns; approval/confirmation workflow TBD,"projects/chirality-piping/execution/PKG-12_Security, Privacy, and Private Data Handling/1_Working/DEL-12-02_Private data redaction and export controls/ScopeOfWork.md L93-93",SOW-040; OBJ-010,"IN_PROGRESS (_STATUS.md, Last Updated 2026-07-22)","none (## Remaining is empty; declared state only, A4)",core/security/redaction/controls.py;apps/desktop/src/features/redaction-controls/RedactionExportControlsPanel.tsx;apps/desktop/src/features/redaction-controls/ControlledExportLink.tsx,tests/security/test_redaction_export_controls.py::test_route_control_rejects_malformed_truthy_local_private_intent;apps/desktop/src/features/redaction-controls/ControlledExportLink.test.tsx::ignores source intent and requires wrapper-owned intent for known private values,UNIT,NOT_APPLICABLE,NOT_APPLICABLE,IN_PROGRESS,ALIGNED,MEDIUM,,,,NONE,,,,,,NO,NOT_APPLICABLE,"Intent control exists and is exact-Boolean; no human approval workflow exists, as the row declares.",00115c71931bcae79909602d653740d3bb72dfa1
DEL-12-02:SOW#CLM-005.r10,DEL-12-02,ITEM,DECLARED_STATE,SCHEMA,diagnostic_policy: IP_BOUNDARY/PRIVATE_DATA/PROVENANCE/STORAGE_BOUNDARY warnings represented,"projects/chirality-piping/execution/PKG-12_Security, Privacy, and Private Data Handling/1_Working/DEL-12-02_Private data redaction and export controls/ScopeOfWork.md L94-94",SOW-040; OBJ-010,"IN_PROGRESS (_STATUS.md, Last Updated 2026-07-22)","none (## Remaining is empty; declared state only, A4)",core/security/redaction/controls.py;schemas/redaction_export_controls.schema.yaml,NOT_APPLICABLE,STATIC_CHECK,NOT_APPLICABLE,NOT_APPLICABLE,IN_PROGRESS,ALIGNED,HIGH,,,,NONE,,,,,,NO,NOT_APPLICABLE,,00115c71931bcae79909602d653740d3bb72dfa1
DEL-12-02:SOW#CLM-005.r11,DEL-12-02,ITEM,DECLARED_STATE,SCHEMA,template_guard_policy: guardrail docs and scans; protected-content linter/runtime template integration and legal review TBD,"projects/chirality-piping/execution/PKG-12_Security, Privacy, and Private Data Handling/1_Working/DEL-12-02_Private data redaction and export controls/ScopeOfWork.md L95-95",SOW-040; OBJ-010,"IN_PROGRESS (_STATUS.md, Last Updated 2026-07-22)","none (## Remaining is empty; declared state only, A4)",core/reporting/protected_content_linter/src/lib.rs;core/reporting/report_renderer/src/lib.rs,NOT_APPLICABLE,STATIC_CHECK,NOT_APPLICABLE,NOT_APPLICABLE,IN_PROGRESS,STALE_REVIEW_OR_EVIDENCE,MEDIUM,DOC_BEHIND_CODE,LOCAL_DESIGN,NONE,RECORD,FG-DEL-12-02-01,,,,,NO,NOT_APPLICABLE,A protected-content linter crate exists and the report renderer calls it for public report text (report-domain ownership). Legal review workflow remains TBD as stated.,00115c71931bcae79909602d653740d3bb72dfa1
DEL-12-02:SOW#CLM-012/REXC-REQ-001,DEL-12-02,ITEM,REQUIREMENT,SECURITY,Export/report workflows classify the export context before exposing data,"projects/chirality-piping/execution/PKG-12_Security, Privacy, and Private Data Handling/1_Working/DEL-12-02_Private data redaction and export controls/ScopeOfWork.md L184-184",SOW-040; OBJ-010,"IN_PROGRESS (_STATUS.md, Last Updated 2026-07-22)","none (## Remaining is empty; declared state only, A4)",core/security/redaction/route_control.py;apps/desktop/src/features/redaction-controls/redactionExportControls.ts;apps/desktop/src/features/redaction-controls/ControlledExportLink.tsx;core/handoff/native_json/package.py;core/handoff/pcf_export/package.py;core/handoff/exporter/workflow.py,tests/security/test_redaction_export_controls.py::test_route_control_emits_local_first_evidence_and_unknown_route_fails_closed;apps/desktop/src/features/redaction-controls/ControlledExportLink.test.tsx::uses fixed route contexts,UNIT,NOT_APPLICABLE,NOT_APPLICABLE,IN_PROGRESS,ALIGNED,HIGH,,,,NONE,,,,"projects/chirality-piping/execution/PKG-12_Security, Privacy, and Private Data Handling/1_Working/DEL-12-02_Private data redaction and export controls/_run_records/WORKING_ITEMS_RUN_2026-07-22_DEL-12-02_REDACTION-BREADTH-R15.md",,NO,NOT_APPLICABLE,Every governed route carries a fixed wrapper-owned context; unknown routes and contexts fail closed.,00115c71931bcae79909602d653740d3bb72dfa1
DEL-12-02:SOW#CLM-012/REXC-REQ-002,DEL-12-02,ITEM,REQUIREMENT,SECURITY,Shared/public exports never silently include private or protected content,"projects/chirality-piping/execution/PKG-12_Security, Privacy, and Private Data Handling/1_Working/DEL-12-02_Private data redaction and export controls/ScopeOfWork.md L185-185",SOW-040; OBJ-010,"IN_PROGRESS (_STATUS.md, Last Updated 2026-07-22)","none (## Remaining is empty; declared state only, A4)",core/security/redaction/controls.py;core/security/redaction/route_control.py;core/reporting/protected_content_linter/src/lib.rs,tests/security/test_redaction_export_controls.py::test_public_report_redacts_private_and_unknown_values_without_mutating_source;tests/security/test_redaction_export_controls.py::test_protected_or_professional_boundary_metadata_blocks_export;tests/security/test_redaction_export_controls.py::test_route_public_envelope_does_not_promote_opaque_sibling,UNIT,NOT_APPLICABLE,NOT_APPLICABLE,IN_PROGRESS,ALIGNED,HIGH,,,,NONE,,,,"projects/chirality-piping/execution/PKG-12_Security, Privacy, and Private Data Handling/1_Working/DEL-12-02_Private data redaction and export controls/_run_records/WORKING_ITEMS_RUN_2026-07-22_DEL-12-02_REDACTION-BREADTH-R15.md",,NO,NOT_APPLICABLE,"Private, unknown and protected-suspected values are redacted or blocked in public and shared contexts. The verification column's 'TBD' status for runtime tests is behind code (R15/TP-E4); the requirement itself is judged here. GAP_WORDING_CHECKED: the verification-column remark is a stale status declaration, not an unmet part of this requirement.",00115c71931bcae79909602d653740d3bb72dfa1
DEL-12-02:SOW#CLM-012/REXC-REQ-003,DEL-12-02,ITEM,REQUIREMENT,SECURITY,Public report templates and examples are protected-data-free,"projects/chirality-piping/execution/PKG-12_Security, Privacy, and Private Data Handling/1_Working/DEL-12-02_Private data redaction and export controls/ScopeOfWork.md L186-186",SOW-040; OBJ-010,"IN_PROGRESS (_STATUS.md, Last Updated 2026-07-22)","none (## Remaining is empty; declared state only, A4)",core/reporting/protected_content_linter/src/lib.rs;core/reporting/report_renderer/src/lib.rs;fixtures/redaction_export_controls/cases.json,tests/security/test_redaction_export_controls.py::test_changed_files_do_not_embed_disallowed_example_content,UNIT,NOT_APPLICABLE,NOT_APPLICABLE,IN_PROGRESS,ALIGNED,MEDIUM,,,,NONE,,,,,,NO,NOT_APPLICABLE,Public templates and examples use invented data; the report renderer runs the protected-content linter on public report text (report-domain code). Its verification column still says linter integration is TBD (behind code).,00115c71931bcae79909602d653740d3bb72dfa1
DEL-12-02:SOW#CLM-012/REXC-REQ-004,DEL-12-02,ITEM,REQUIREMENT,SCHEMA,"Config supports warning, value/field redaction, blocking and explicit local-private allowance","projects/chirality-piping/execution/PKG-12_Security, Privacy, and Private Data Handling/1_Working/DEL-12-02_Private data redaction and export controls/ScopeOfWork.md L187-187",SOW-040; OBJ-010,"IN_PROGRESS (_STATUS.md, Last Updated 2026-07-22)","none (## Remaining is empty; declared state only, A4)",schemas/redaction_export_controls.schema.yaml;core/security/redaction/controls.py,tests/security/test_redaction_export_controls.py::test_schema_vocabularies_cover_required_controls,UNIT,NOT_APPLICABLE,NOT_APPLICABLE,IN_PROGRESS,ALIGNED,HIGH,,,,NONE,,,,,,NO,NOT_APPLICABLE,,00115c71931bcae79909602d653740d3bb72dfa1
DEL-12-02:SOW#CLM-012/REXC-REQ-005,DEL-12-02,ITEM,REQUIREMENT,SECURITY,"Unknown redistribution status leads to warning, redaction or block","projects/chirality-piping/execution/PKG-12_Security, Privacy, and Private Data Handling/1_Working/DEL-12-02_Private data redaction and export controls/ScopeOfWork.md L188-188",SOW-040; OBJ-010,"IN_PROGRESS (_STATUS.md, Last Updated 2026-07-22)","none (## Remaining is empty; declared state only, A4)",core/security/redaction/controls.py,tests/security/test_redaction_export_controls.py::test_missing_metadata_does_not_silently_export_value_bearing_record;tests/security/test_redaction_export_controls.py::test_public_report_redacts_private_and_unknown_values_without_mutating_source,UNIT,NOT_APPLICABLE,NOT_APPLICABLE,IN_PROGRESS,ALIGNED,HIGH,,,,NONE,,,,,,NO,NOT_APPLICABLE,,00115c71931bcae79909602d653740d3bb72dfa1
DEL-12-02:SOW#CLM-012/REXC-REQ-006,DEL-12-02,ITEM,REQUIREMENT,SECURITY,Local-private exports retain values only with explicit intent and a warning/audit note,"projects/chirality-piping/execution/PKG-12_Security, Privacy, and Private Data Handling/1_Working/DEL-12-02_Private data redaction and export controls/ScopeOfWork.md L189-189",SOW-040; OBJ-010,"IN_PROGRESS (_STATUS.md, Last Updated 2026-07-22)","none (## Remaining is empty; declared state only, A4)",core/security/redaction/controls.py;core/security/redaction/route_control.py;apps/desktop/src/features/redaction-controls/RedactionExportControlsPanel.tsx;apps/desktop/src/features/redaction-controls/ControlledExportLink.tsx;core/security/local_first_storage/route_control.py,tests/security/test_redaction_export_controls.py::test_local_private_export_requires_explicit_intent_then_retains_with_warning;tests/security/test_redaction_export_controls.py::test_route_control_rejects_malformed_truthy_local_private_intent;apps/desktop/src/features/redaction-controls/RedactionExportControlsPanel.test.tsx::defaults to the private local context and withholds the export until explicit intent is recorded,UNIT,NOT_APPLICABLE,NOT_APPLICABLE,IN_PROGRESS,ALIGNED,HIGH,,,,NONE,,,,"projects/chirality-piping/execution/PKG-12_Security, Privacy, and Private Data Handling/1_Working/DEL-12-01_Local-first storage and private data paths/_run_records/WORKING_ITEMS_RUN_2026-08-21_LOCAL-FIRST-RUNTIME-BINDING.md",,NO,NOT_APPLICABLE,Exact-Boolean wrapper-owned intent (2026-08-21) and PRIVATE_LOCAL_ALLOWED_WITH_WARNING findings. The row's 'final UI/CLI approval flow' remark is a status note.,00115c71931bcae79909602d653740d3bb72dfa1
DEL-12-02:SOW#CLM-012/REXC-REQ-007,DEL-12-02,ITEM,REQUIREMENT,SECURITY,"Redaction never mutates source model, libraries or rule packs","projects/chirality-piping/execution/PKG-12_Security, Privacy, and Private Data Handling/1_Working/DEL-12-02_Private data redaction and export controls/ScopeOfWork.md L190-190",SOW-040; OBJ-010,"IN_PROGRESS (_STATUS.md, Last Updated 2026-07-22)","none (## Remaining is empty; declared state only, A4)",core/security/redaction/controls.py;core/security/redaction/route_control.py,tests/security/test_redaction_export_controls.py::test_public_report_redacts_private_and_unknown_values_without_mutating_source;apps/desktop/src/features/redaction-controls/redactionExportControls.test.ts,UNIT,NOT_APPLICABLE,NOT_APPLICABLE,IN_PROGRESS,ALIGNED,HIGH,,,,NONE,,,,,,NO,NOT_APPLICABLE,,00115c71931bcae79909602d653740d3bb72dfa1
DEL-12-02:SOW#CLM-012/REXC-REQ-008,DEL-12-02,ITEM,REQUIREMENT,REPORTING,"Redacted exports keep non-sensitive reproducibility evidence (hashes, versions, warnings, rule-pack ids)","projects/chirality-piping/execution/PKG-12_Security, Privacy, and Private Data Handling/1_Working/DEL-12-02_Private data redaction and export controls/ScopeOfWork.md L191-191",SOW-040; OBJ-010,"IN_PROGRESS (_STATUS.md, Last Updated 2026-07-22)","none (## Remaining is empty; declared state only, A4)",core/security/redaction/controls.py;core/security/redaction/route_control.py;apps/desktop/src/features/redaction-controls/RedactionExportControlsPanel.tsx,apps/desktop/src/features/redaction-controls/RedactionExportControlsPanel.test.tsx::computes a canonical sha256 checksum for the offered manifest;tests/security/test_redaction_export_controls.py::test_public_report_redacts_private_and_unknown_values_without_mutating_source,UNIT,NOT_APPLICABLE,NOT_APPLICABLE,IN_PROGRESS,ALIGNED,MEDIUM,,,,NONE,,,,,,NO,NOT_APPLICABLE,Safe metadata classes survive redaction and the offered manifest carries a canonical checksum; routes emit sanitized summaries.,00115c71931bcae79909602d653740d3bb72dfa1
DEL-12-02:SOW#CLM-012/REXC-REQ-009,DEL-12-02,ITEM,REQUIREMENT,SECURITY,Rule-pack details in public/shared reports limited to safe metadata,"projects/chirality-piping/execution/PKG-12_Security, Privacy, and Private Data Handling/1_Working/DEL-12-02_Private data redaction and export controls/ScopeOfWork.md L192-192",SOW-040; OBJ-010,"IN_PROGRESS (_STATUS.md, Last Updated 2026-07-22)","none (## Remaining is empty; declared state only, A4)",core/security/redaction/controls.py,tests/security/test_redaction_export_controls.py::test_public_report_redacts_private_and_unknown_values_without_mutating_source,UNIT,NOT_APPLICABLE,NOT_APPLICABLE,IN_PROGRESS,ALIGNED,HIGH,,,,NONE,,,,,,NO,NOT_APPLICABLE,,00115c71931bcae79909602d653740d3bb72dfa1
DEL-12-02:SOW#CLM-012/REXC-REQ-010,DEL-12-02,ITEM,REQUIREMENT,SECURITY,"Materials, components, sections, allowables and design-basis fields carry provenance and privacy/redistribution status into redaction","projects/chirality-piping/execution/PKG-12_Security, Privacy, and Private Data Handling/1_Working/DEL-12-02_Private data redaction and export controls/ScopeOfWork.md L193-193",SOW-040; OBJ-010,"IN_PROGRESS (_STATUS.md, Last Updated 2026-07-22)","none (## Remaining is empty; declared state only, A4)",core/security/redaction/controls.py;core/security/redaction/route_control.py;apps/desktop/src/features/redaction-controls/redactionExportControls.ts,tests/security/test_redaction_export_controls.py::test_shared_parity_fixture_matches_core_decisions,UNIT,NOT_APPLICABLE,NOT_APPLICABLE,IN_PROGRESS,PARTIALLY_IMPLEMENTED,MEDIUM,PARTIAL_SLICE,INVARIANT,NONE,IP_DATA,,,,"projects/chirality-piping/execution/PKG-12_Security, Privacy, and Private Data Handling/1_Working/DEL-12-02_Private data redaction and export controls/_run_records/WORKING_ITEMS_RUN_2026-07-10_TP-E4-REDACTION-001.md","Carry schema privacy and redistribution metadata from library and model records into export decisions, with a test.",NO,NOT_APPLICABLE,"Decisions consume explicit privacy_classification and redistribution_status metadata. TP-E4 records that model entities carry only a user-entered provenance string, which the panel maps conservatively (unknown by default), and the verification column's schema/adapter status tests are future. Restates OPS-K-DATA-3/OPS-K-IP-2 (INVARIANT, IP_DATA).",00115c71931bcae79909602d653740d3bb72dfa1
DEL-12-02:SOW#CLM-012/REXC-REQ-011,DEL-12-02,ITEM,REQUIREMENT,REPORTING,Diagnostics surface redaction and private-data findings machine-readably incl. IP_BOUNDARY_WARNING,"projects/chirality-piping/execution/PKG-12_Security, Privacy, and Private Data Handling/1_Working/DEL-12-02_Private data redaction and export controls/ScopeOfWork.md L194-194",SOW-040; OBJ-010,"IN_PROGRESS (_STATUS.md, Last Updated 2026-07-22)","none (## Remaining is empty; declared state only, A4)",core/security/redaction/controls.py;schemas/redaction_export_controls.schema.yaml,tests/security/test_redaction_export_controls.py::test_protected_or_professional_boundary_metadata_blocks_export,UNIT,NOT_APPLICABLE,NOT_APPLICABLE,IN_PROGRESS,PARTIALLY_IMPLEMENTED,MEDIUM,PARTIAL_SLICE,LOCAL_DESIGN,NONE,RECORD,,,,,Add source and provenance fields to redaction findings or narrow the verification expectation.,NO,NOT_APPLICABLE,"RedactionFinding carries code, class, severity, path, action, message and remediation; the verification column also names source and provenance fields, which the finding record does not carry.",00115c71931bcae79909602d653740d3bb72dfa1
DEL-12-02:SOW#CLM-012/REXC-REQ-012,DEL-12-02,ITEM,REQUIREMENT,SECURITY,"Adapters, plugins, CLI, GUI report preview/export and downstream handoffs do not bypass controls","projects/chirality-piping/execution/PKG-12_Security, Privacy, and Private Data Handling/1_Working/DEL-12-02_Private data redaction and export controls/ScopeOfWork.md L195-195",SOW-040; OBJ-010,"IN_PROGRESS (_STATUS.md, Last Updated 2026-07-22)","none (## Remaining is empty; declared state only, A4)",core/security/redaction/route_control.py;apps/desktop/src/features/redaction-controls/redactionExportControls.ts;apps/desktop/src/features/redaction-controls/RedactionExportControlsPanel.tsx;apps/desktop/src/features/redaction-controls/ControlledExportLink.tsx;core/handoff/native_json/package.py;core/handoff/pcf_export/package.py;core/handoff/exporter/workflow.py;core/adapters/framework/adapter_framework.py;core/adapters/framework/plugin_verification.py,tests/security/test_redaction_export_controls.py::test_route_control_emits_local_first_evidence_and_unknown_route_fails_closed;apps/desktop/src/features/redaction-controls/redactionExportControls.test.ts;apps/desktop/src/features/redaction-controls/RedactionExportControlsPanel.test.tsx;apps/desktop/src/features/redaction-controls/ControlledExportLink.test.tsx,UNIT,NOT_APPLICABLE,NOT_APPLICABLE,IN_PROGRESS,PARTIALLY_IMPLEMENTED,MEDIUM,PARTIAL_SLICE,INVARIANT,NONE,IP_DATA,,,,"projects/chirality-piping/execution/PKG-12_Security, Privacy, and Private Data Handling/1_Working/DEL-12-02_Private data redaction and export controls/_run_records/WORKING_ITEMS_RUN_2026-07-22_DEL-12-02_REDACTION-BREADTH-R15.md",Plugin runtime no-bypass binding and tests once a plugin runtime is authorized.,OWNER,NOT_APPLICABLE,"R15 (2026-07-22) bound the adopted 31-route inventory (core handoffs and adapters, runner/CLI outputs, desktop preview/export links, report render/export) to the shared route control (core/security/redaction/route_control.py and its TypeScript mirror); TP-E4 (2026-07-10) added the desktop Redaction and Export Controls panel with context selection, explicit local-private intent and a checksummed redacted manifest; 2026-08-21 added local-first route evidence. Adapter declarations are gated (DEL-10-02). Plugin runtime is unselected, so the plugin clause holds only by absence (CP-11); no bug-report surface exists. Restates AB-00-02/07 and OPS-K-PRIV-1.",00115c71931bcae79909602d653740d3bb72dfa1
DEL-12-02:SOW#CLM-012/REXC-REQ-013,DEL-12-02,ITEM,REQUIREMENT,GOVERNANCE,Export controls keep solved/checked/approved distinctions and make no certification or compliance claim,"projects/chirality-piping/execution/PKG-12_Security, Privacy, and Private Data Handling/1_Working/DEL-12-02_Private data redaction and export controls/ScopeOfWork.md L196-196",OPS-K-AUTH-1/2; DEC-081,"IN_PROGRESS (_STATUS.md, Last Updated 2026-07-22)","none (## Remaining is empty; declared state only, A4)",core/security/redaction/controls.py;apps/desktop/src/features/redaction-controls/RedactionExportControlsPanel.tsx,tests/security/test_redaction_export_controls.py::test_protected_or_professional_boundary_metadata_blocks_export;apps/desktop/src/features/redaction-controls/RedactionExportControlsPanel.test.tsx::keeps the informational boundary language on screen,UNIT,NOT_APPLICABLE,NOT_APPLICABLE,IN_PROGRESS,ALIGNED,HIGH,,,,NONE,,,,,,NO,NOT_APPLICABLE,professional_claim metadata blocks export (PROFESSIONAL_BOUNDARY_BLOCKED); report claim posture is never inferred from user text (R15).,00115c71931bcae79909602d653740d3bb72dfa1
DEL-12-02:SOW#CLM-012/REXC-REQ-014,DEL-12-02,ITEM,REQUIREMENT,VALIDATION,"Tests cover public report, local private, shared model, downstream tool, adapter/plugin routes, manifest, unknown provenance, non-mutation","projects/chirality-piping/execution/PKG-12_Security, Privacy, and Private Data Handling/1_Working/DEL-12-02_Private data redaction and export controls/ScopeOfWork.md L197-197",SOW-040; OBJ-010,"IN_PROGRESS (_STATUS.md, Last Updated 2026-07-22)","none (## Remaining is empty; declared state only, A4)",core/security/redaction/route_control.py;apps/desktop/src/features/redaction-controls/redactionExportControls.ts;apps/desktop/src/features/redaction-controls/RedactionExportControlsPanel.tsx;apps/desktop/src/features/redaction-controls/ControlledExportLink.tsx;core/handoff/native_json/package.py;core/handoff/pcf_export/package.py;core/handoff/exporter/workflow.py,tests/security/test_redaction_export_controls.py::test_route_control_emits_local_first_evidence_and_unknown_route_fails_closed;apps/desktop/src/features/redaction-controls/redactionExportControls.test.ts;apps/desktop/src/features/redaction-controls/RedactionExportControlsPanel.test.tsx;apps/desktop/src/features/redaction-controls/ControlledExportLink.test.tsx;tests/security/test_redaction_export_controls.py::test_shared_parity_fixture_matches_core_decisions;GATE:GATE_EVIDENCE/B4_4_SWEEP_9D55/SUMMARY.json,UNIT;BROWSER_E2E,NOT_APPLICABLE,NOT_APPLICABLE,IN_PROGRESS,PARTIALLY_IMPLEMENTED,MEDIUM,PARTIAL_SLICE,LOCAL_DESIGN,NONE,RECORD,,,,,Plugin-route tests once a plugin runtime exists.,NO,NOT_APPLICABLE,"Route, panel, controlled-link and parity tests cover the listed contexts, manifest, unknown provenance and non-mutation; plugin-route tests do not exist because no plugin runtime exists. Suite-level pass from gate evidence; per-test status not rerun.",00115c71931bcae79909602d653740d3bb72dfa1
DEL-12-02:SOW#CLM-012/REXC-REQ-015,DEL-12-02,ITEM,REQUIREMENT,GOVERNANCE,Unresolved config/UI/format/transport/container choices stay TBD until an authorized decision,"projects/chirality-piping/execution/PKG-12_Security, Privacy, and Private Data Handling/1_Working/DEL-12-02_Private data redaction and export controls/ScopeOfWork.md L198-198",DEC-028; DEC-054,"IN_PROGRESS (_STATUS.md, Last Updated 2026-07-22)","none (## Remaining is empty; declared state only, A4)",projects/chirality-piping/execution/_Decomposition/SOFTWARE_DECOMP.md;schemas/redaction_export_controls.schema.yaml,NOT_APPLICABLE,STATIC_CHECK,NOT_APPLICABLE,NOT_APPLICABLE,IN_PROGRESS,ALIGNED,MEDIUM,,,,NONE,,,,,,NO,NOT_APPLICABLE,"Choices resolved since (container by DEC-028, UI controls by the TP-E4 tranche under DEC-054) were resolved through authorized routes, as the rule requires. Rows that still declare them TBD are separate findings (FG-DEL-12-02-01/02).",00115c71931bcae79909602d653740d3bb72dfa1
DEL-12-02:SOW#CLM-014/REXC-VER-001,DEL-12-02,ITEM,ACCEPTANCE,DOCUMENTATION,Confirm the four documents exist and preserve default sections,"projects/chirality-piping/execution/PKG-12_Security, Privacy, and Private Data Handling/1_Working/DEL-12-02_Private data redaction and export controls/ScopeOfWork.md L216-216",SOW-040; OBJ-010,"IN_PROGRESS (_STATUS.md, Last Updated 2026-07-22)","none (## Remaining is empty; declared state only, A4)","projects/chirality-piping/execution/PKG-12_Security, Privacy, and Private Data Handling/1_Working/DEL-12-02_Private data redaction and export controls/ScopeOfWork.md",NOT_APPLICABLE,STATIC_CHECK,NOT_APPLICABLE,NOT_APPLICABLE,IN_PROGRESS,STALE_SETUP_SPECIFICATION,HIGH,REPRESENTATION_MIGRATED,LOCAL_DESIGN,NONE,RECORD,FG-DEL-12-02-04,CP-01,,,,NO,NOT_APPLICABLE,Fails at the freeze: the kit was replaced by ScopeOfWork.md. Text first present at 7bee9ae41.,00115c71931bcae79909602d653740d3bb72dfa1
DEL-12-02:SOW#CLM-014/REXC-VER-002,DEL-12-02,ITEM,ACCEPTANCE,WORKFLOW,Validate Dependencies.csv with 29 v3.1 columns,"projects/chirality-piping/execution/PKG-12_Security, Privacy, and Private Data Handling/1_Working/DEL-12-02_Private data redaction and export controls/ScopeOfWork.md L217-217",SOW-040; OBJ-010,"IN_PROGRESS (_STATUS.md, Last Updated 2026-07-22)","none (## Remaining is empty; declared state only, A4)","projects/chirality-piping/execution/PKG-12_Security, Privacy, and Private Data Handling/1_Working/DEL-12-02_Private data redaction and export controls/Dependencies.csv;projects/chirality-piping/tools/validation/validate_dependencies_schema.py","projects/chirality-piping/execution/PKG-12_Security, Privacy, and Private Data Handling/1_Working/DEL-12-02_Private data redaction and export controls/_run_records/TASK_RUN_2026-06-16_2358_dependency-semantic-refresh.md",STATIC_CHECK,NOT_APPLICABLE,NOT_APPLICABLE,IN_PROGRESS,ALIGNED,HIGH,,,,NONE,,,,,,NO,NOT_APPLICABLE,29 v3.1 columns present. Validator not rerun (A6); last record is the 2026-06-16 dependency refresh.,00115c71931bcae79909602d653740d3bb72dfa1
DEL-12-02:SOW#CLM-014/REXC-VER-003,DEL-12-02,ITEM,ACCEPTANCE,WORKFLOW,_SEMANTIC.md has no MatrixError and no operator leaks,"projects/chirality-piping/execution/PKG-12_Security, Privacy, and Private Data Handling/1_Working/DEL-12-02_Private data redaction and export controls/ScopeOfWork.md L218-218",SOW-040; OBJ-010,"IN_PROGRESS (_STATUS.md, Last Updated 2026-07-22)","none (## Remaining is empty; declared state only, A4)","projects/chirality-piping/execution/PKG-12_Security, Privacy, and Private Data Handling/1_Working/DEL-12-02_Private data redaction and export controls/_SEMANTIC.md",NOT_APPLICABLE,STATIC_CHECK,NOT_APPLICABLE,NOT_APPLICABLE,IN_PROGRESS,ALIGNED,HIGH,,,,NONE,,,,,,NO,NOT_APPLICABLE,No MatrixError or MATRIX_ERROR string in the file.,00115c71931bcae79909602d653740d3bb72dfa1
DEL-12-02:SOW#CLM-014/REXC-VER-004,DEL-12-02,ITEM,ACCEPTANCE,WORKFLOW,"Lensing coverage: 96 rows for A,B,C,F,D,X,E","projects/chirality-piping/execution/PKG-12_Security, Privacy, and Private Data Handling/1_Working/DEL-12-02_Private data redaction and export controls/ScopeOfWork.md L219-219",SOW-040; OBJ-010,"IN_PROGRESS (_STATUS.md, Last Updated 2026-07-22)","none (## Remaining is empty; declared state only, A4)","projects/chirality-piping/execution/PKG-12_Security, Privacy, and Private Data Handling/1_Working/DEL-12-02_Private data redaction and export controls/_SEMANTIC_LENSING.md",NOT_APPLICABLE,STATIC_CHECK,NOT_APPLICABLE,NOT_APPLICABLE,IN_PROGRESS,ALIGNED,HIGH,,,,NONE,,,,,,NO,NOT_APPLICABLE,96 lens rows counted across the seven matrices.,00115c71931bcae79909602d653740d3bb72dfa1
DEL-12-02:SOW#CLM-014/REXC-VER-005,DEL-12-02,ITEM,ACCEPTANCE,GOVERNANCE,"Artifacts carry no protected content, real private values, secrets, cloud assumptions or authority claims","projects/chirality-piping/execution/PKG-12_Security, Privacy, and Private Data Handling/1_Working/DEL-12-02_Private data redaction and export controls/ScopeOfWork.md L220-220",SOW-040; OBJ-010,"IN_PROGRESS (_STATUS.md, Last Updated 2026-07-22)","none (## Remaining is empty; declared state only, A4)","projects/chirality-piping/execution/PKG-12_Security, Privacy, and Private Data Handling/1_Working/DEL-12-02_Private data redaction and export controls/ScopeOfWork.md;projects/chirality-piping/docs/security/redaction_export_controls.md",tests/security/test_redaction_export_controls.py::test_changed_files_do_not_embed_disallowed_example_content,UNIT;DOCUMENT_REVIEW,NOT_APPLICABLE,NOT_APPLICABLE,IN_PROGRESS,ALIGNED,MEDIUM,,,,NONE,,,,,,NO,NOT_APPLICABLE,Read of the SOW and product document found only boundary wording; scan tool not rerun (A6).,00115c71931bcae79909602d653740d3bb72dfa1
DEL-12-02:SOW#CLM-014/REXC-VER-006,DEL-12-02,ITEM,ACCEPTANCE,WORKFLOW,_STATUS.md read-only; lifecycle IN_PROGRESS,"projects/chirality-piping/execution/PKG-12_Security, Privacy, and Private Data Handling/1_Working/DEL-12-02_Private data redaction and export controls/ScopeOfWork.md L221-221",SOW-040; OBJ-010,"IN_PROGRESS (_STATUS.md, Last Updated 2026-07-22)","none (## Remaining is empty; declared state only, A4)","projects/chirality-piping/execution/PKG-12_Security, Privacy, and Private Data Handling/1_Working/DEL-12-02_Private data redaction and export controls/_STATUS.md",NOT_APPLICABLE,STATIC_CHECK,NOT_APPLICABLE,NOT_APPLICABLE,IN_PROGRESS,ALIGNED,HIGH,,,,NONE,,,,,,NO,NOT_APPLICABLE,,00115c71931bcae79909602d653740d3bb72dfa1
DEL-12-02:SOW#CLM-014/REXC-VER-007,DEL-12-02,ITEM,ACCEPTANCE,SECURITY,"June 7 schema, helper, tests and product document exist","projects/chirality-piping/execution/PKG-12_Security, Privacy, and Private Data Handling/1_Working/DEL-12-02_Private data redaction and export controls/ScopeOfWork.md L222-222",SOW-040; OBJ-010,"IN_PROGRESS (_STATUS.md, Last Updated 2026-07-22)","none (## Remaining is empty; declared state only, A4)",schemas/redaction_export_controls.schema.yaml;core/security/redaction/controls.py;tests/security/test_redaction_export_controls.py;projects/chirality-piping/docs/security/redaction_export_controls.md,NOT_APPLICABLE,STATIC_CHECK,NOT_APPLICABLE,NOT_APPLICABLE,IN_PROGRESS,ALIGNED,HIGH,,,,NONE,,,,,,NO,NOT_APPLICABLE,,00115c71931bcae79909602d653740d3bb72dfa1
DEL-12-02:SOW#CLM-014/REXC-VER-008,DEL-12-02,ITEM,ACCEPTANCE,WORKFLOW,June 7 run evidence records focused redaction/storage hardening validation,"projects/chirality-piping/execution/PKG-12_Security, Privacy, and Private Data Handling/1_Working/DEL-12-02_Private data redaction and export controls/ScopeOfWork.md L223-223",SOW-040; OBJ-010,"IN_PROGRESS (_STATUS.md, Last Updated 2026-07-22)","none (## Remaining is empty; declared state only, A4)","projects/chirality-piping/execution/PKG-12_Security, Privacy, and Private Data Handling/1_Working/DEL-12-02_Private data redaction and export controls/_run_records/TASK_RUN_2026-06-07_0935_redaction-export-hardening.md;projects/chirality-piping/execution/PKG-12_Security, Privacy, and Private Data Handling/1_Working/_run_records/WORKING_ITEMS_RUN_2026-06-07_0957_TP-PKG12-REDACTION-SECRET-GUARD-CLOSEOUT.md",NOT_APPLICABLE,STATIC_CHECK,NOT_APPLICABLE,NOT_APPLICABLE,IN_PROGRESS,ALIGNED,HIGH,,,,NONE,,,,,,NO,NOT_APPLICABLE,Both records exist and record passing focused tests (not rerun).,00115c71931bcae79909602d653740d3bb72dfa1
DEL-12-02:SOW#completion-and-reliance-basis-epistemology/AC-001,DEL-12-02,ITEM,ACCEPTANCE,SECURITY,"Contract preserves vocabularies, safe manifest, intent, non-mutation, metadata evidence, no-bypass, and visible runtime/approval TBDs","projects/chirality-piping/execution/PKG-12_Security, Privacy, and Private Data Handling/1_Working/DEL-12-02_Private data redaction and export controls/ScopeOfWork.md L265-265",DEC-081 (claim fence); SOW-040,"IN_PROGRESS (_STATUS.md, Last Updated 2026-07-22)","none (## Remaining is empty; declared state only, A4)","projects/chirality-piping/execution/PKG-12_Security, Privacy, and Private Data Handling/1_Working/DEL-12-02_Private data redaction and export controls/ScopeOfWork.md;core/security/redaction/route_control.py;apps/desktop/src/features/redaction-controls/redactionExportControls.ts;apps/desktop/src/features/redaction-controls/RedactionExportControlsPanel.tsx;apps/desktop/src/features/redaction-controls/ControlledExportLink.tsx;core/handoff/native_json/package.py;core/handoff/pcf_export/package.py;core/handoff/exporter/workflow.py",execution/_Coordination/AgentRuns/SOW-STAGE2-EXEC-20260712-01/instances/WORKING-P3-PKG12/manager-validation/DEL-12-02/parity.md,DOCUMENT_REVIEW,NOT_APPLICABLE,NOT_APPLICABLE,IN_PROGRESS,STALE_REVIEW_OR_EVIDENCE,MEDIUM,DOC_BEHIND_CODE,LOCAL_DESIGN,NONE,RECORD,FG-DEL-12-02-01,,,,,NO,NOT_APPLICABLE,"The SOW preserves each element, but the criterion enshrines runtime-integration TBDs that R15 and TP-E4 overtook. Parity PASS records predate the frozen SOW bytes.",00115c71931bcae79909602d653740d3bb72dfa1
DEL-12-02:SOW#CLM-022.r01,DEL-12-02,ITEM,ACCEPTANCE,DOCUMENTATION,Four-document presence check,"projects/chirality-piping/execution/PKG-12_Security, Privacy, and Private Data Handling/1_Working/DEL-12-02_Private data redaction and export controls/ScopeOfWork.md L351-351",SOW-040; OBJ-010,"IN_PROGRESS (_STATUS.md, Last Updated 2026-07-22)","none (## Remaining is empty; declared state only, A4)","projects/chirality-piping/execution/PKG-12_Security, Privacy, and Private Data Handling/1_Working/DEL-12-02_Private data redaction and export controls/ScopeOfWork.md",NOT_APPLICABLE,STATIC_CHECK,NOT_APPLICABLE,NOT_APPLICABLE,IN_PROGRESS,STALE_SETUP_SPECIFICATION,HIGH,REPRESENTATION_MIGRATED,LOCAL_DESIGN,NONE,RECORD,FG-DEL-12-02-04,CP-01,,,,NO,NOT_APPLICABLE,Fails at the freeze; replaced by ScopeOfWork.md. Setup-era text (7bee9ae41).,00115c71931bcae79909602d653740d3bb72dfa1
DEL-12-02:SOW#CLM-022.r02,DEL-12-02,ITEM,ACCEPTANCE,DOCUMENTATION,"Default sections check for Datasheet, Specification, Guidance, Procedure","projects/chirality-piping/execution/PKG-12_Security, Privacy, and Private Data Handling/1_Working/DEL-12-02_Private data redaction and export controls/ScopeOfWork.md L352-352",SOW-040; OBJ-010,"IN_PROGRESS (_STATUS.md, Last Updated 2026-07-22)","none (## Remaining is empty; declared state only, A4)","projects/chirality-piping/execution/PKG-12_Security, Privacy, and Private Data Handling/1_Working/DEL-12-02_Private data redaction and export controls/ScopeOfWork.md",NOT_APPLICABLE,STATIC_CHECK,NOT_APPLICABLE,NOT_APPLICABLE,IN_PROGRESS,STALE_SETUP_SPECIFICATION,HIGH,REPRESENTATION_MIGRATED,LOCAL_DESIGN,NONE,RECORD,FG-DEL-12-02-04,CP-01,,,,NO,NOT_APPLICABLE,Checks sections of removed documents. Setup-era text (7bee9ae41).,00115c71931bcae79909602d653740d3bb72dfa1
DEL-12-02:SOW#CLM-022.r03,DEL-12-02,ITEM,ACCEPTANCE,WORKFLOW,Dependency schema check,"projects/chirality-piping/execution/PKG-12_Security, Privacy, and Private Data Handling/1_Working/DEL-12-02_Private data redaction and export controls/ScopeOfWork.md L353-353",SOW-040; OBJ-010,"IN_PROGRESS (_STATUS.md, Last Updated 2026-07-22)","none (## Remaining is empty; declared state only, A4)","projects/chirality-piping/execution/PKG-12_Security, Privacy, and Private Data Handling/1_Working/DEL-12-02_Private data redaction and export controls/Dependencies.csv;projects/chirality-piping/tools/validation/validate_dependencies_schema.py","projects/chirality-piping/execution/PKG-12_Security, Privacy, and Private Data Handling/1_Working/DEL-12-02_Private data redaction and export controls/_run_records/TASK_RUN_2026-06-16_2358_dependency-semantic-refresh.md",STATIC_CHECK,NOT_APPLICABLE,NOT_APPLICABLE,IN_PROGRESS,ALIGNED,HIGH,,,,NONE,,,,,,NO,NOT_APPLICABLE,Tool and register exist; 29 v3.1 columns. Not rerun (A6).,00115c71931bcae79909602d653740d3bb72dfa1
DEL-12-02:SOW#CLM-022.r04,DEL-12-02,ITEM,ACCEPTANCE,SECURITY,Current implementation evidence present,"projects/chirality-piping/execution/PKG-12_Security, Privacy, and Private Data Handling/1_Working/DEL-12-02_Private data redaction and export controls/ScopeOfWork.md L354-354",SOW-040; OBJ-010,"IN_PROGRESS (_STATUS.md, Last Updated 2026-07-22)","none (## Remaining is empty; declared state only, A4)",schemas/redaction_export_controls.schema.yaml;core/security/redaction/controls.py;tests/security/test_redaction_export_controls.py;projects/chirality-piping/docs/security/redaction_export_controls.md,NOT_APPLICABLE,STATIC_CHECK,NOT_APPLICABLE,NOT_APPLICABLE,IN_PROGRESS,ALIGNED,HIGH,,,,NONE,,,,,,NO,NOT_APPLICABLE,,00115c71931bcae79909602d653740d3bb72dfa1
DEL-12-02:SOW#CLM-022.r05,DEL-12-02,ITEM,ACCEPTANCE,WORKFLOW,Focused redaction tests passed in June 7 evidence,"projects/chirality-piping/execution/PKG-12_Security, Privacy, and Private Data Handling/1_Working/DEL-12-02_Private data redaction and export controls/ScopeOfWork.md L355-355",SOW-040; OBJ-010,"IN_PROGRESS (_STATUS.md, Last Updated 2026-07-22)","none (## Remaining is empty; declared state only, A4)","projects/chirality-piping/execution/PKG-12_Security, Privacy, and Private Data Handling/1_Working/DEL-12-02_Private data redaction and export controls/_run_records/TASK_RUN_2026-06-07_0935_redaction-export-hardening.md;projects/chirality-piping/execution/PKG-12_Security, Privacy, and Private Data Handling/1_Working/_run_records/WORKING_ITEMS_RUN_2026-06-07_0957_TP-PKG12-REDACTION-SECRET-GUARD-CLOSEOUT.md",NOT_APPLICABLE,STATIC_CHECK,NOT_APPLICABLE,NOT_APPLICABLE,IN_PROGRESS,ALIGNED,HIGH,,,,NONE,,,,,,NO,NOT_APPLICABLE,Recorded pass; not rerun.,00115c71931bcae79909602d653740d3bb72dfa1
DEL-12-02:SOW#CLM-022.r06,DEL-12-02,ITEM,ACCEPTANCE,WORKFLOW,Semantic audit PASS,"projects/chirality-piping/execution/PKG-12_Security, Privacy, and Private Data Handling/1_Working/DEL-12-02_Private data redaction and export controls/ScopeOfWork.md L356-356",SOW-040; OBJ-010,"IN_PROGRESS (_STATUS.md, Last Updated 2026-07-22)","none (## Remaining is empty; declared state only, A4)","projects/chirality-piping/execution/PKG-12_Security, Privacy, and Private Data Handling/1_Working/DEL-12-02_Private data redaction and export controls/_SEMANTIC.md",NOT_APPLICABLE,STATIC_CHECK,NOT_APPLICABLE,NOT_APPLICABLE,IN_PROGRESS,ALIGNED,HIGH,,,,NONE,,,,,,NO,NOT_APPLICABLE,,00115c71931bcae79909602d653740d3bb72dfa1
DEL-12-02:SOW#CLM-022.r07,DEL-12-02,ITEM,ACCEPTANCE,WORKFLOW,Lensing coverage 96 rows,"projects/chirality-piping/execution/PKG-12_Security, Privacy, and Private Data Handling/1_Working/DEL-12-02_Private data redaction and export controls/ScopeOfWork.md L357-357",SOW-040; OBJ-010,"IN_PROGRESS (_STATUS.md, Last Updated 2026-07-22)","none (## Remaining is empty; declared state only, A4)","projects/chirality-piping/execution/PKG-12_Security, Privacy, and Private Data Handling/1_Working/DEL-12-02_Private data redaction and export controls/_SEMANTIC_LENSING.md",NOT_APPLICABLE,STATIC_CHECK,NOT_APPLICABLE,NOT_APPLICABLE,IN_PROGRESS,ALIGNED,HIGH,,,,NONE,,,,,,NO,NOT_APPLICABLE,96 lens rows counted.,00115c71931bcae79909602d653740d3bb72dfa1
DEL-12-02:SOW#CLM-022.r08,DEL-12-02,ITEM,ACCEPTANCE,GOVERNANCE,Boundary scan finds no disallowed content,"projects/chirality-piping/execution/PKG-12_Security, Privacy, and Private Data Handling/1_Working/DEL-12-02_Private data redaction and export controls/ScopeOfWork.md L358-358",SOW-040; OBJ-010,"IN_PROGRESS (_STATUS.md, Last Updated 2026-07-22)","none (## Remaining is empty; declared state only, A4)","projects/chirality-piping/execution/PKG-12_Security, Privacy, and Private Data Handling/1_Working/DEL-12-02_Private data redaction and export controls/ScopeOfWork.md;projects/chirality-piping/docs/security/redaction_export_controls.md",NOT_APPLICABLE,DOCUMENT_REVIEW,NOT_APPLICABLE,NOT_APPLICABLE,IN_PROGRESS,ALIGNED,MEDIUM,,,,NONE,,,,,,NO,NOT_APPLICABLE,Read of the deliverable files found only boundary wording; tool not rerun (A6).,00115c71931bcae79909602d653740d3bb72dfa1
DEL-12-02:SOW#CLM-022.r09,DEL-12-02,ITEM,ACCEPTANCE,WORKFLOW,Lifecycle remains IN_PROGRESS; no promotion,"projects/chirality-piping/execution/PKG-12_Security, Privacy, and Private Data Handling/1_Working/DEL-12-02_Private data redaction and export controls/ScopeOfWork.md L359-359",SOW-040; OBJ-010,"IN_PROGRESS (_STATUS.md, Last Updated 2026-07-22)","none (## Remaining is empty; declared state only, A4)","projects/chirality-piping/execution/PKG-12_Security, Privacy, and Private Data Handling/1_Working/DEL-12-02_Private data redaction and export controls/_STATUS.md",NOT_APPLICABLE,STATIC_CHECK,NOT_APPLICABLE,NOT_APPLICABLE,IN_PROGRESS,ALIGNED,HIGH,,,,NONE,,,,,,NO,NOT_APPLICABLE,,00115c71931bcae79909602d653740d3bb72dfa1
DEL-12-02:SOW#production-and-verification-method-praxeology/VER-001,DEL-12-02,ITEM,ACCEPTANCE,VALIDATION,Validate the contract and review source parity and coverage,"projects/chirality-piping/execution/PKG-12_Security, Privacy, and Private Data Handling/1_Working/DEL-12-02_Private data redaction and export controls/ScopeOfWork.md L380-380",SOW-040; OBJ-010,"IN_PROGRESS (_STATUS.md, Last Updated 2026-07-22)","none (## Remaining is empty; declared state only, A4)","projects/chirality-piping/execution/PKG-12_Security, Privacy, and Private Data Handling/1_Working/DEL-12-02_Private data redaction and export controls/ScopeOfWork.md",execution/_Coordination/AgentRuns/SOW-STAGE2-EXEC-20260712-01/instances/WORKING-P3-PKG12/manager-validation/DEL-12-02/parity.md;execution/_Coordination/AgentRuns/SOW-STAGE2-EXEC-20260712-01/instances/WORKING-P3-PKG12/manager-validation/DEL-12-02/claim-map.csv;execution/_Coordination/AgentRuns/SOW-STAGE2-EXEC-20260712-01/instances/CHANGE-P3/checks/DEL-12-02/parity.md,DOCUMENT_REVIEW,NOT_APPLICABLE,NOT_APPLICABLE,IN_PROGRESS,STALE_REVIEW_OR_EVIDENCE,HIGH,EVIDENCE_OVERTAKEN,LOCAL_DESIGN,NONE,RECORD,FG-DEL-12-02-07,CP-09,,,,NO,NOT_APPLICABLE,EVIDENCE_MAP: PASS parity records exist but their production hash 6dc748f3 differs from the frozen SOW 4c5e6e94 (AnyPassMatchesFrozen=NO). Latest record cited first.,00115c71931bcae79909602d653740d3bb72dfa1
DEL-12-02:SOW#CLM-035.r01,DEL-12-02,ITEM,CONTEXT,REPORTING,Redact vs preserve review detail: full report/export manifest integration TBD,"projects/chirality-piping/execution/PKG-12_Security, Privacy, and Private Data Handling/1_Working/DEL-12-02_Private data redaction and export controls/ScopeOfWork.md L489-489",SOW-040; OBJ-010,"IN_PROGRESS (_STATUS.md, Last Updated 2026-07-22)","none (## Remaining is empty; declared state only, A4)",apps/desktop/src/features/redaction-controls/RedactionExportControlsPanel.tsx;core/security/redaction/route_control.py,apps/desktop/src/features/redaction-controls/RedactionExportControlsPanel.test.tsx::computes a canonical sha256 checksum for the offered manifest,UNIT,NOT_APPLICABLE,NOT_APPLICABLE,IN_PROGRESS,STALE_REVIEW_OR_EVIDENCE,MEDIUM,DOC_BEHIND_CODE,LOCAL_DESIGN,NONE,RECORD,FG-DEL-12-02-01,,,,,NO,NOT_APPLICABLE,"Manifest integration landed for the panel and routes (TP-E4, R15). Text first present 2026-06-07.",00115c71931bcae79909602d653740d3bb72dfa1
DEL-12-02:SOW#CLM-035.r02,DEL-12-02,ITEM,CONTEXT,SECURITY,Warn-only vs block: high-risk markers blocked; approval/override workflow TBD,"projects/chirality-piping/execution/PKG-12_Security, Privacy, and Private Data Handling/1_Working/DEL-12-02_Private data redaction and export controls/ScopeOfWork.md L490-490",SOW-040; OBJ-010,"IN_PROGRESS (_STATUS.md, Last Updated 2026-07-22)","none (## Remaining is empty; declared state only, A4)",core/security/redaction/controls.py,NOT_APPLICABLE,STATIC_CHECK,NOT_APPLICABLE,NOT_APPLICABLE,IN_PROGRESS,ALIGNED,MEDIUM,,,,NONE,,,,,,NO,NOT_APPLICABLE,"Blocking holds; no human approval workflow exists, as declared.",00115c71931bcae79909602d653740d3bb72dfa1
DEL-12-02:SOW#CLM-035.r03,DEL-12-02,ITEM,CONTEXT,SECURITY,Field-level vs value-level redaction trade-off,"projects/chirality-piping/execution/PKG-12_Security, Privacy, and Private Data Handling/1_Working/DEL-12-02_Private data redaction and export controls/ScopeOfWork.md L491-491",SOW-040; OBJ-010,"IN_PROGRESS (_STATUS.md, Last Updated 2026-07-22)","none (## Remaining is empty; declared state only, A4)",core/security/redaction/controls.py,NOT_APPLICABLE,DOCUMENT_REVIEW,NOT_APPLICABLE,NOT_APPLICABLE,IN_PROGRESS,ALIGNED,HIGH,,,,NONE,,,,,,NO,NOT_APPLICABLE,,00115c71931bcae79909602d653740d3bb72dfa1
DEL-12-02:SOW#CLM-035.r04,DEL-12-02,ITEM,CONTEXT,SECURITY,Local private vs public template export trade-off,"projects/chirality-piping/execution/PKG-12_Security, Privacy, and Private Data Handling/1_Working/DEL-12-02_Private data redaction and export controls/ScopeOfWork.md L492-492",SOW-040; OBJ-010,"IN_PROGRESS (_STATUS.md, Last Updated 2026-07-22)","none (## Remaining is empty; declared state only, A4)",core/security/redaction/controls.py,NOT_APPLICABLE,DOCUMENT_REVIEW,NOT_APPLICABLE,NOT_APPLICABLE,IN_PROGRESS,ALIGNED,HIGH,,,,NONE,,,,,,NO,NOT_APPLICABLE,,00115c71931bcae79909602d653740d3bb72dfa1
DEL-12-02:SOW#CLM-035.r05,DEL-12-02,ITEM,CONTEXT,SECURITY,Rich downstream handoff vs minimum disclosure trade-off,"projects/chirality-piping/execution/PKG-12_Security, Privacy, and Private Data Handling/1_Working/DEL-12-02_Private data redaction and export controls/ScopeOfWork.md L493-493",SOW-040; OBJ-010,"IN_PROGRESS (_STATUS.md, Last Updated 2026-07-22)","none (## Remaining is empty; declared state only, A4)",core/security/redaction/route_control.py,NOT_APPLICABLE,DOCUMENT_REVIEW,NOT_APPLICABLE,NOT_APPLICABLE,IN_PROGRESS,ALIGNED,HIGH,,,,NONE,,,,,,NO,NOT_APPLICABLE,,00115c71931bcae79909602d653740d3bb72dfa1
DEL-12-02:SOW#CLM-037/REXC-OI-001,DEL-12-02,ITEM,DECLARED_STATE,SCHEMA,"Redaction config schema exists; profile storage location, migration and roots TBD","projects/chirality-piping/execution/PKG-12_Security, Privacy, and Private Data Handling/1_Working/DEL-12-02_Private data redaction and export controls/ScopeOfWork.md L517-517",SOW-040; OBJ-010,"IN_PROGRESS (_STATUS.md, Last Updated 2026-07-22)","none (## Remaining is empty; declared state only, A4)",schemas/redaction_export_controls.schema.yaml,NOT_APPLICABLE,STATIC_CHECK,NOT_APPLICABLE,NOT_APPLICABLE,IN_PROGRESS,ALIGNED,MEDIUM,,,,NONE,,,,,,NO,NOT_APPLICABLE,"No persisted redaction profile was located, so the declared open state is accurate.",00115c71931bcae79909602d653740d3bb72dfa1
DEL-12-02:SOW#CLM-037/REXC-OI-002,DEL-12-02,ITEM,DECLARED_STATE,GUI,"Export context UI and override flow TBD: GUI controls, CLI prompts, confirmation, approval not selected","projects/chirality-piping/execution/PKG-12_Security, Privacy, and Private Data Handling/1_Working/DEL-12-02_Private data redaction and export controls/ScopeOfWork.md L518-518",SOW-040; OBJ-010,"IN_PROGRESS (_STATUS.md, Last Updated 2026-07-22)","none (## Remaining is empty; declared state only, A4)",apps/desktop/src/features/redaction-controls/RedactionExportControlsPanel.tsx;apps/desktop/src/features/redaction-controls/ControlledExportLink.tsx,apps/desktop/src/features/redaction-controls/RedactionExportControlsPanel.test.tsx::disables the intent toggle outside the local private context,UNIT,NOT_APPLICABLE,NOT_APPLICABLE,IN_PROGRESS,STALE_SETUP_SPECIFICATION,HIGH,DOC_BEHIND_CODE,LOCAL_DESIGN,NONE,RECORD,FG-DEL-12-02-01,,,"projects/chirality-piping/execution/PKG-12_Security, Privacy, and Private Data Handling/1_Working/DEL-12-02_Private data redaction and export controls/_run_records/WORKING_ITEMS_RUN_2026-07-10_TP-E4-REDACTION-001.md",,NO,NOT_APPLICABLE,"GUI context selection and explicit-intent controls exist (TP-E4 panel, controlled export links); an approval workflow does not. Setup-era text (7bee9ae41).",00115c71931bcae79909602d653740d3bb72dfa1
DEL-12-02:SOW#CLM-037/REXC-OI-003,DEL-12-02,ITEM,DECLARED_STATE,INTEROP,Public API transport and export formats TBD (AB-00-07),"projects/chirality-piping/execution/PKG-12_Security, Privacy, and Private Data Handling/1_Working/DEL-12-02_Private data redaction and export controls/ScopeOfWork.md L519-519",DEC-028,"IN_PROGRESS (_STATUS.md, Last Updated 2026-07-22)","none (## Remaining is empty; declared state only, A4)",projects/chirality-piping/execution/_Decomposition/SOFTWARE_DECOMP.md;core/handoff/native_json/package.py;core/handoff/pcf_export/package.py;core/handoff/exporter/workflow.py,NOT_APPLICABLE,STATIC_CHECK,NOT_APPLICABLE,NOT_APPLICABLE,IN_PROGRESS,STALE_SETUP_SPECIFICATION,MEDIUM,SCOPE_REDIRECTED_BY_RULING,LOCAL_DESIGN,NONE,RECORD,FG-DEL-12-02-02,,,,,NO,NOT_APPLICABLE,DEC-028 (2026-06-11) ruled the native project package and public transport form as a multi-member archive; DEC-017 set the SQLite store profile. Concrete handoff formats also exist. A network public API transport is still unselected. Setup-era text (7bee9ae41).,00115c71931bcae79909602d653740d3bb72dfa1
DEL-12-02:SOW#CLM-037/REXC-OI-004,DEL-12-02,ITEM,DECLARED_STATE,VALIDATION,"Executable export tests PARTIAL/TBD: runtime, GUI/CLI/API, adapter/plugin and linter integration tests TBD","projects/chirality-piping/execution/PKG-12_Security, Privacy, and Private Data Handling/1_Working/DEL-12-02_Private data redaction and export controls/ScopeOfWork.md L520-520",SOW-040; OBJ-010,"IN_PROGRESS (_STATUS.md, Last Updated 2026-07-22)","none (## Remaining is empty; declared state only, A4)",core/security/redaction/route_control.py;apps/desktop/src/features/redaction-controls/redactionExportControls.ts;apps/desktop/src/features/redaction-controls/RedactionExportControlsPanel.tsx;apps/desktop/src/features/redaction-controls/ControlledExportLink.tsx;core/handoff/native_json/package.py;core/handoff/pcf_export/package.py;core/handoff/exporter/workflow.py,tests/security/test_redaction_export_controls.py::test_route_control_emits_local_first_evidence_and_unknown_route_fails_closed;apps/desktop/src/features/redaction-controls/redactionExportControls.test.ts;apps/desktop/src/features/redaction-controls/RedactionExportControlsPanel.test.tsx;apps/desktop/src/features/redaction-controls/ControlledExportLink.test.tsx,UNIT,NOT_APPLICABLE,NOT_APPLICABLE,IN_PROGRESS,STALE_REVIEW_OR_EVIDENCE,HIGH,DOC_BEHIND_CODE,LOCAL_DESIGN,NONE,RECORD,FG-DEL-12-02-01,,,"projects/chirality-piping/execution/PKG-12_Security, Privacy, and Private Data Handling/1_Working/DEL-12-02_Private data redaction and export controls/_run_records/WORKING_ITEMS_RUN_2026-07-22_DEL-12-02_REDACTION-BREADTH-R15.md",,NO,NOT_APPLICABLE,"R15 (2026-07-22) bound the adopted 31-route inventory (core handoffs and adapters, runner/CLI outputs, desktop preview/export links, report render/export) to the shared route control (core/security/redaction/route_control.py and its TypeScript mirror); TP-E4 (2026-07-10) added the desktop Redaction and Export Controls panel with context selection, explicit local-private intent and a checksummed redacted manifest; 2026-08-21 added local-first route evidence. Plugin-route tests remain open (REXC-REQ-014). Text first present 2026-06-07.",00115c71931bcae79909602d653740d3bb72dfa1
DEL-12-02:SOW#CLM-037/REXC-OI-005,DEL-12-02,ITEM,DECLARED_STATE,GOVERNANCE,Legal sufficiency of redaction TBD; no legal or security sufficiency claim,"projects/chirality-piping/execution/PKG-12_Security, Privacy, and Private Data Handling/1_Working/DEL-12-02_Private data redaction and export controls/ScopeOfWork.md L521-521",SOW-040; OBJ-010,"IN_PROGRESS (_STATUS.md, Last Updated 2026-07-22)","none (## Remaining is empty; declared state only, A4)",projects/chirality-piping/docs/security/redaction_export_controls.md;apps/desktop/src/features/redaction-controls/RedactionExportControlsPanel.tsx,NOT_APPLICABLE,STATIC_CHECK,NOT_APPLICABLE,NOT_APPLICABLE,IN_PROGRESS,ALIGNED,HIGH,,,,NONE,,,,,,NO,NOT_APPLICABLE,,00115c71931bcae79909602d653740d3bb72dfa1
DEL-12-02:SOW#CLM-037/REXC-OI-006,DEL-12-02,ITEM,DECLARED_STATE,SECURITY,Physical project package/container TBD (with roots and export staging),"projects/chirality-piping/execution/PKG-12_Security, Privacy, and Private Data Handling/1_Working/DEL-12-02_Private data redaction and export controls/ScopeOfWork.md L522-522",DEC-028,"IN_PROGRESS (_STATUS.md, Last Updated 2026-07-22)","none (## Remaining is empty; declared state only, A4)",projects/chirality-piping/execution/_Decomposition/SOFTWARE_DECOMP.md;apps/desktop/src-tauri/src/atomic_report_package_save.rs,NOT_APPLICABLE,STATIC_CHECK,NOT_APPLICABLE,NOT_APPLICABLE,IN_PROGRESS,STALE_SETUP_SPECIFICATION,HIGH,SCOPE_REDIRECTED_BY_RULING,LOCAL_DESIGN,NONE,RECORD,FG-DEL-12-02-02,,,,,NO,NOT_APPLICABLE,DEC-028 (2026-06-11) ruled the native project package and public transport form as a multi-member archive; DEC-017 set the SQLite store profile. Setup-era text (7bee9ae41).,00115c71931bcae79909602d653740d3bb72dfa1
DEL-12-02:SOW#CLM-037/REXC-OI-007,DEL-12-02,ITEM,DECLARED_STATE,SECURITY,Runtime report/export integration TBD; routes not wired through this control,"projects/chirality-piping/execution/PKG-12_Security, Privacy, and Private Data Handling/1_Working/DEL-12-02_Private data redaction and export controls/ScopeOfWork.md L523-523",SOW-040; OBJ-010,"IN_PROGRESS (_STATUS.md, Last Updated 2026-07-22)","none (## Remaining is empty; declared state only, A4)",core/security/redaction/route_control.py;apps/desktop/src/features/redaction-controls/redactionExportControls.ts;apps/desktop/src/features/redaction-controls/RedactionExportControlsPanel.tsx;apps/desktop/src/features/redaction-controls/ControlledExportLink.tsx;core/handoff/native_json/package.py;core/handoff/pcf_export/package.py;core/handoff/exporter/workflow.py,tests/security/test_redaction_export_controls.py::test_route_control_emits_local_first_evidence_and_unknown_route_fails_closed;apps/desktop/src/features/redaction-controls/redactionExportControls.test.ts;apps/desktop/src/features/redaction-controls/RedactionExportControlsPanel.test.tsx;apps/desktop/src/features/redaction-controls/ControlledExportLink.test.tsx,UNIT,NOT_APPLICABLE,NOT_APPLICABLE,IN_PROGRESS,STALE_REVIEW_OR_EVIDENCE,HIGH,DOC_BEHIND_CODE,LOCAL_DESIGN,NONE,RECORD,FG-DEL-12-02-01,,,"projects/chirality-piping/execution/PKG-12_Security, Privacy, and Private Data Handling/1_Working/DEL-12-02_Private data redaction and export controls/_run_records/WORKING_ITEMS_RUN_2026-07-22_DEL-12-02_REDACTION-BREADTH-R15.md",,NO,NOT_APPLICABLE,"R15 (2026-07-22) bound the adopted 31-route inventory (core handoffs and adapters, runner/CLI outputs, desktop preview/export links, report render/export) to the shared route control (core/security/redaction/route_control.py and its TypeScript mirror); TP-E4 (2026-07-10) added the desktop Redaction and Export Controls panel with context selection, explicit local-private intent and a checksummed redacted manifest; 2026-08-21 added local-first route evidence. Text first present 2026-06-07.",00115c71931bcae79909602d653740d3bb72dfa1
DEL-12-02:SOW#CLM-037/REXC-OI-008,DEL-12-02,ITEM,DECLARED_STATE,SECURITY,Quarantine and legal review workflow TBD; no destructive quarantine movement,"projects/chirality-piping/execution/PKG-12_Security, Privacy, and Private Data Handling/1_Working/DEL-12-02_Private data redaction and export controls/ScopeOfWork.md L524-524",SOW-040; OBJ-010,"IN_PROGRESS (_STATUS.md, Last Updated 2026-07-22)","none (## Remaining is empty; declared state only, A4)",core/security/redaction/controls.py,NOT_APPLICABLE,STATIC_CHECK,NOT_APPLICABLE,NOT_APPLICABLE,IN_PROGRESS,ALIGNED,HIGH,,,,NONE,,,,,,NO,NOT_APPLICABLE,,00115c71931bcae79909602d653740d3bb72dfa1
DEL-12-02:SOW#CLM-037/REXC-OI-009,DEL-12-02,ITEM,DECLARED_STATE,SECURITY,Cloud exception workflow TBD; no cloud export by default,"projects/chirality-piping/execution/PKG-12_Security, Privacy, and Private Data Handling/1_Working/DEL-12-02_Private data redaction and export controls/ScopeOfWork.md L525-525",SOW-040; OBJ-010,"IN_PROGRESS (_STATUS.md, Last Updated 2026-07-22)","none (## Remaining is empty; declared state only, A4)",core/security/redaction/controls.py;projects/chirality-piping/docs/security/redaction_export_controls.md,NOT_APPLICABLE,STATIC_CHECK,NOT_APPLICABLE,NOT_APPLICABLE,IN_PROGRESS,ALIGNED,HIGH,,,,NONE,,,,projects/chirality-piping/execution/_Coordination/_DECISIONS/D-24_runtime_residency_reconciliation.md,,NO,NOT_APPLICABLE,,00115c71931bcae79909602d653740d3bb72dfa1
DEL-12-02:SOW#CLM-037/REXC-OI-010,DEL-12-02,ITEM,DECLARED_STATE,SECURITY,Storage roots and concrete paths TBD; allowed roots and portable package behaviour open,"projects/chirality-piping/execution/PKG-12_Security, Privacy, and Private Data Handling/1_Working/DEL-12-02_Private data redaction and export controls/ScopeOfWork.md L526-526",SOW-040; OBJ-010,"IN_PROGRESS (_STATUS.md, Last Updated 2026-07-22)","none (## Remaining is empty; declared state only, A4)",apps/desktop/src-tauri/src/lib.rs::app_store_path;projects/chirality-piping/docs/SPEC.md;projects/chirality-piping/execution/_Decomposition/SOFTWARE_DECOMP.md,NOT_APPLICABLE,STATIC_CHECK,NOT_APPLICABLE,NOT_APPLICABLE,IN_PROGRESS,IMPLEMENTED_DIFFERENTLY,MEDIUM,AUTHORITY_UNCLEAR,PROJECT_BASELINE,NONE,RECORD,FG-DEL-12-02-03,CP-10,,,Owner rules whether the app-local data directory is the accepted private-data root.,OWNER,NOT_APPLICABLE,CP-10: the desktop project store takes its location from the Tauri app-local data directory (lib.rs app_store_path) while docs/SPEC.md section 4.4 lists operating-system roots and application data directories as TBD and no ruling selecting a root was found; the store is DEL-02-05 behaviour. The portable-package part is ruled by DEC-028. Concrete path redaction is accurate. Text first present 2026-06-07. Same root finding as FG-DEL-12-01-01.,00115c71931bcae79909602d653740d3bb72dfa1
DEL-12-02:SOW#CLM-038/REXC-CON-001,DEL-12-02,ITEM,DECLARED_STATE,SECURITY,Conflict: catalog anticipated config and tests; evidence has schema and focused tests but not runtime integration; ruling TBD,"projects/chirality-piping/execution/PKG-12_Security, Privacy, and Private Data Handling/1_Working/DEL-12-02_Private data redaction and export controls/ScopeOfWork.md L535-535",SOW-040; OBJ-010,"IN_PROGRESS (_STATUS.md, Last Updated 2026-07-22)","none (## Remaining is empty; declared state only, A4)",core/security/redaction/route_control.py;apps/desktop/src/features/redaction-controls/redactionExportControls.ts;apps/desktop/src/features/redaction-controls/RedactionExportControlsPanel.tsx;apps/desktop/src/features/redaction-controls/ControlledExportLink.tsx;core/handoff/native_json/package.py;core/handoff/pcf_export/package.py;core/handoff/exporter/workflow.py,tests/security/test_redaction_export_controls.py::test_route_control_emits_local_first_evidence_and_unknown_route_fails_closed;apps/desktop/src/features/redaction-controls/redactionExportControls.test.ts;apps/desktop/src/features/redaction-controls/RedactionExportControlsPanel.test.tsx;apps/desktop/src/features/redaction-controls/ControlledExportLink.test.tsx,UNIT,NOT_APPLICABLE,NOT_APPLICABLE,IN_PROGRESS,STALE_REVIEW_OR_EVIDENCE,HIGH,DOC_BEHIND_CODE,LOCAL_DESIGN,NONE,RECORD,FG-DEL-12-02-01,,,"projects/chirality-piping/execution/PKG-12_Security, Privacy, and Private Data Handling/1_Working/DEL-12-02_Private data redaction and export controls/_run_records/WORKING_ITEMS_RUN_2026-07-22_DEL-12-02_REDACTION-BREADTH-R15.md",,NO,NOT_APPLICABLE,"R15 (2026-07-22) bound the adopted 31-route inventory (core handoffs and adapters, runner/CLI outputs, desktop preview/export links, report render/export) to the shared route control (core/security/redaction/route_control.py and its TypeScript mirror); TP-E4 (2026-07-10) added the desktop Redaction and Export Controls panel with context selection, explicit local-private intent and a checksummed redacted manifest; 2026-08-21 added local-first route evidence. The conflict's premise no longer holds; its human-ruling column stays TBD. Text first present 2026-06-07.",00115c71931bcae79909602d653740d3bb72dfa1
DEL-12-02:SOW#CLM-038/REXC-CON-002,DEL-12-02,ITEM,DECLARED_STATE,SECURITY,Conflict: local-private may need unredacted values while shared/public must not disclose; proposal explicit intent + redaction; ruling TBD,"projects/chirality-piping/execution/PKG-12_Security, Privacy, and Private Data Handling/1_Working/DEL-12-02_Private data redaction and export controls/ScopeOfWork.md L536-536",SOW-040; OBJ-010,"IN_PROGRESS (_STATUS.md, Last Updated 2026-07-22)","none (## Remaining is empty; declared state only, A4)",core/security/redaction/controls.py;core/security/redaction/route_control.py;apps/desktop/src/features/redaction-controls/RedactionExportControlsPanel.tsx,tests/security/test_redaction_export_controls.py::test_local_private_export_requires_explicit_intent_then_retains_with_warning,UNIT,NOT_APPLICABLE,NOT_APPLICABLE,IN_PROGRESS,IMPLEMENTED_DIFFERENTLY,MEDIUM,AUTHORITY_UNCLEAR,PROJECT_BASELINE,NONE,RECORD,FG-DEL-12-02-08,CP-10,,"projects/chirality-piping/execution/PKG-12_Security, Privacy, and Private Data Handling/1_Working/DEL-12-02_Private data redaction and export controls/_run_records/WORKING_ITEMS_RUN_2026-07-22_DEL-12-02_REDACTION-BREADTH-R15.md",Owner rules or withdraws REXC-CON-002.,OWNER,NOT_APPLICABLE,The proposal is implemented in code (explicit local-private intent with warning; redaction or block elsewhere) while the table's human-ruling column is still TBD and no ruling on it was located. R15's owner-adopted route matrix is context only (A3).,00115c71931bcae79909602d653740d3bb72dfa1
DEL-12-02:SOW#CLM-038/REXC-CON-003,DEL-12-02,ITEM,DECLARED_STATE,SECURITY,Conflict: helper/schema/tests exist but runtime paths and approval workflows not integrated; ruling TBD,"projects/chirality-piping/execution/PKG-12_Security, Privacy, and Private Data Handling/1_Working/DEL-12-02_Private data redaction and export controls/ScopeOfWork.md L537-537",SOW-040; OBJ-010,"IN_PROGRESS (_STATUS.md, Last Updated 2026-07-22)","none (## Remaining is empty; declared state only, A4)",core/security/redaction/route_control.py;apps/desktop/src/features/redaction-controls/redactionExportControls.ts;apps/desktop/src/features/redaction-controls/RedactionExportControlsPanel.tsx;apps/desktop/src/features/redaction-controls/ControlledExportLink.tsx;core/handoff/native_json/package.py;core/handoff/pcf_export/package.py;core/handoff/exporter/workflow.py,tests/security/test_redaction_export_controls.py::test_route_control_emits_local_first_evidence_and_unknown_route_fails_closed;apps/desktop/src/features/redaction-controls/redactionExportControls.test.ts;apps/desktop/src/features/redaction-controls/RedactionExportControlsPanel.test.tsx;apps/desktop/src/features/redaction-controls/ControlledExportLink.test.tsx,UNIT,NOT_APPLICABLE,NOT_APPLICABLE,IN_PROGRESS,STALE_REVIEW_OR_EVIDENCE,HIGH,DOC_BEHIND_CODE,LOCAL_DESIGN,NONE,RECORD,FG-DEL-12-02-01,,,"projects/chirality-piping/execution/PKG-12_Security, Privacy, and Private Data Handling/1_Working/DEL-12-02_Private data redaction and export controls/_run_records/WORKING_ITEMS_RUN_2026-07-22_DEL-12-02_REDACTION-BREADTH-R15.md",,NO,NOT_APPLICABLE,"R15 (2026-07-22) bound the adopted 31-route inventory (core handoffs and adapters, runner/CLI outputs, desktop preview/export links, report render/export) to the shared route control (core/security/redaction/route_control.py and its TypeScript mirror); TP-E4 (2026-07-10) added the desktop Redaction and Export Controls panel with context selection, explicit local-private intent and a checksummed redacted manifest; 2026-08-21 added local-first route evidence. Approval workflows remain unintegrated as stated. Text first present 2026-06-07.",00115c71931bcae79909602d653740d3bb72dfa1
DEL-12-02:SOW#output-and-evaluation-matrix/OUT-001,DEL-12-02,ITEM,ACCEPTANCE,VALIDATION,"OUT-001 evidence: claim map, parity report and verification evidence","projects/chirality-piping/execution/PKG-12_Security, Privacy, and Private Data Handling/1_Working/DEL-12-02_Private data redaction and export controls/ScopeOfWork.md L543-543",SOW-040; OBJ-010,"IN_PROGRESS (_STATUS.md, Last Updated 2026-07-22)","none (## Remaining is empty; declared state only, A4)","projects/chirality-piping/execution/PKG-12_Security, Privacy, and Private Data Handling/1_Working/DEL-12-02_Private data redaction and export controls/ScopeOfWork.md",execution/_Coordination/AgentRuns/SOW-STAGE2-EXEC-20260712-01/instances/WORKING-P3-PKG12/manager-validation/DEL-12-02/parity.md;execution/_Coordination/AgentRuns/SOW-STAGE2-EXEC-20260712-01/instances/WORKING-P3-PKG12/manager-validation/DEL-12-02/claim-map.csv;execution/_Coordination/AgentRuns/SOW-STAGE2-EXEC-20260712-01/instances/CHANGE-P3/checks/DEL-12-02/parity.md,DOCUMENT_REVIEW,NOT_APPLICABLE,NOT_APPLICABLE,IN_PROGRESS,STALE_REVIEW_OR_EVIDENCE,HIGH,EVIDENCE_OVERTAKEN,LOCAL_DESIGN,NONE,RECORD,FG-DEL-12-02-07,CP-09,,,,NO,NOT_APPLICABLE,CP-09: PASS parity and claim map exist; none binds the frozen SOW (production 6dc748f3 vs frozen 4c5e6e94).,00115c71931bcae79909602d653740d3bb72dfa1
DEL-12-02:STATUS,DEL-12-02,SURFACE,DECLARED_STATE,GOVERNANCE,"_STATUS.md header: Current State IN_PROGRESS, Last Updated 2026-07-22","projects/chirality-piping/execution/PKG-12_Security, Privacy, and Private Data Handling/1_Working/DEL-12-02_Private data redaction and export controls/_STATUS.md L1-24",SOW-040; OBJ-010,"IN_PROGRESS (_STATUS.md, Last Updated 2026-07-22)","none (## Remaining is empty; declared state only, A4)","projects/chirality-piping/execution/PKG-12_Security, Privacy, and Private Data Handling/1_Working/DEL-12-02_Private data redaction and export controls/_STATUS.md;projects/chirality-piping/execution/PKG-12_Security, Privacy, and Private Data Handling/1_Working/DEL-12-02_Private data redaction and export controls/MEMORY.md",NOT_APPLICABLE,STATIC_CHECK,NOT_APPLICABLE,NOT_APPLICABLE,IN_PROGRESS,ALIGNED,HIGH,,,,NONE,,,,,,NO,NOT_APPLICABLE,Header state matches records; Last Updated equals the newest status history entry. MEMORY has later dated entries (2026-09-14/15) that did not touch status.,00115c71931bcae79909602d653740d3bb72dfa1
DEL-12-02:STATUS#remaining,DEL-12-02,BLOCK,NON_NORMATIVE,DOCUMENTATION,Empty Remaining section,"projects/chirality-piping/execution/PKG-12_Security, Privacy, and Private Data Handling/1_Working/DEL-12-02_Private data redaction and export controls/_STATUS.md L6-7",SOW-040; OBJ-010,"IN_PROGRESS (_STATUS.md, Last Updated 2026-07-22)","none (## Remaining is empty; declared state only, A4)",NOT_APPLICABLE,NOT_APPLICABLE,NONE,NOT_APPLICABLE,NOT_APPLICABLE,IN_PROGRESS,NOT_ASSESSED,HIGH,,,,NONE,,,,,,NO,NOT_APPLICABLE,Pre-typed NON_NORMATIVE: the section has no items. Observation for R3: Review_Findings.csv RF-001/RF-002 are OPEN with HumanDisposition TBD and are not homed here.,00115c71931bcae79909602d653740d3bb72dfa1
DEL-12-02:STATUS#history,DEL-12-02,BLOCK,HISTORY,GOVERNANCE,Dated status history 2026-04-30 to 2026-07-22,"projects/chirality-piping/execution/PKG-12_Security, Privacy, and Private Data Handling/1_Working/DEL-12-02_Private data redaction and export controls/_STATUS.md L8-24",SOW-040; OBJ-010,"IN_PROGRESS (_STATUS.md, Last Updated 2026-07-22)","none (## Remaining is empty; declared state only, A4)","projects/chirality-piping/execution/PKG-12_Security, Privacy, and Private Data Handling/1_Working/DEL-12-02_Private data redaction and export controls/_STATUS.md;projects/chirality-piping/execution/PKG-12_Security, Privacy, and Private Data Handling/1_Working/DEL-12-02_Private data redaction and export controls/MEMORY.md;projects/chirality-piping/execution/PKG-12_Security, Privacy, and Private Data Handling/1_Working/DEL-12-02_Private data redaction and export controls/_run_records/WORKING_ITEMS_RUN_2026-07-22_DEL-12-02_REDACTION-BREADTH-R15.md",NOT_APPLICABLE,STATIC_CHECK,NOT_APPLICABLE,NOT_APPLICABLE,IN_PROGRESS,ALIGNED,HIGH,,,,NONE,,,,,,NO,NOT_APPLICABLE,"History rule (C1): dated entries agree with MEMORY and run records sampled (R15, PDU-053, T3).",00115c71931bcae79909602d653740d3bb72dfa1
DEL-12-02:CONTEXT,DEL-12-02,SURFACE,DECLARED_STATE,GOVERNANCE,"_CONTEXT.md header: ID, name, package and type","projects/chirality-piping/execution/PKG-12_Security, Privacy, and Private Data Handling/1_Working/DEL-12-02_Private data redaction and export controls/_CONTEXT.md L1-60",SOW-040; OBJ-010,"IN_PROGRESS (_STATUS.md, Last Updated 2026-07-22)","none (## Remaining is empty; declared state only, A4)","projects/chirality-piping/execution/PKG-12_Security, Privacy, and Private Data Handling/1_Working/DEL-12-02_Private data redaction and export controls/_CONTEXT.md;projects/chirality-piping/docs/_Registers/Deliverables.csv",NOT_APPLICABLE,STATIC_CHECK,NOT_APPLICABLE,NOT_APPLICABLE,IN_PROGRESS,ALIGNED,HIGH,,,,NONE,,,,,,NO,NOT_APPLICABLE,,00115c71931bcae79909602d653740d3bb72dfa1
DEL-12-02:CONTEXT#description,DEL-12-02,BLOCK,CONTEXT,SECURITY,Implement export/report safeguards that warn or redact private values where configured,"projects/chirality-piping/execution/PKG-12_Security, Privacy, and Private Data Handling/1_Working/DEL-12-02_Private data redaction and export controls/_CONTEXT.md L9-11",SOW-040; OBJ-010,"IN_PROGRESS (_STATUS.md, Last Updated 2026-07-22)","none (## Remaining is empty; declared state only, A4)",core/security/redaction/controls.py;core/security/redaction/route_control.py;projects/chirality-piping/docs/_Registers/Deliverables.csv,NOT_APPLICABLE,STATIC_CHECK,NOT_APPLICABLE,NOT_APPLICABLE,IN_PROGRESS,ALIGNED,HIGH,,,,NONE,,,,,,NO,NOT_APPLICABLE,,00115c71931bcae79909602d653740d3bb72dfa1
DEL-12-02:CONTEXT#anticipated-artifacts,DEL-12-02,BLOCK,CONTEXT,SECURITY,Anticipated artifacts: redaction config and export tests,"projects/chirality-piping/execution/PKG-12_Security, Privacy, and Private Data Handling/1_Working/DEL-12-02_Private data redaction and export controls/_CONTEXT.md L12-15",SOW-040; OBJ-010,"IN_PROGRESS (_STATUS.md, Last Updated 2026-07-22)","none (## Remaining is empty; declared state only, A4)",schemas/redaction_export_controls.schema.yaml,tests/security/test_redaction_export_controls.py;apps/desktop/src/features/redaction-controls/redactionExportControls.test.ts,UNIT,NOT_APPLICABLE,NOT_APPLICABLE,IN_PROGRESS,ALIGNED,HIGH,,,,NONE,,,,,,NO,NOT_APPLICABLE,,00115c71931bcae79909602d653740d3bb72dfa1
DEL-12-02:CONTEXT#scope-coverage,DEL-12-02,BLOCK,DECLARED_STATE,GOVERNANCE,Scope coverage SOW-040,"projects/chirality-piping/execution/PKG-12_Security, Privacy, and Private Data Handling/1_Working/DEL-12-02_Private data redaction and export controls/_CONTEXT.md L16-18",SOW-040; OBJ-010,"IN_PROGRESS (_STATUS.md, Last Updated 2026-07-22)","none (## Remaining is empty; declared state only, A4)",projects/chirality-piping/docs/_Registers/Deliverables.csv,NOT_APPLICABLE,STATIC_CHECK,NOT_APPLICABLE,NOT_APPLICABLE,IN_PROGRESS,ALIGNED,HIGH,,,,NONE,,CS-06,,,,NO,NOT_APPLICABLE,CS-06 OK (mechanical).,00115c71931bcae79909602d653740d3bb72dfa1
DEL-12-02:CONTEXT#objective-support,DEL-12-02,BLOCK,DECLARED_STATE,GOVERNANCE,Objective support OBJ-010,"projects/chirality-piping/execution/PKG-12_Security, Privacy, and Private Data Handling/1_Working/DEL-12-02_Private data redaction and export controls/_CONTEXT.md L19-21",SOW-040; OBJ-010,"IN_PROGRESS (_STATUS.md, Last Updated 2026-07-22)","none (## Remaining is empty; declared state only, A4)",projects/chirality-piping/docs/_Registers/Deliverables.csv,NOT_APPLICABLE,STATIC_CHECK,NOT_APPLICABLE,NOT_APPLICABLE,IN_PROGRESS,ALIGNED,HIGH,,,,NONE,,CS-06,,,,NO,NOT_APPLICABLE,CS-06 OK (mechanical).,00115c71931bcae79909602d653740d3bb72dfa1
DEL-12-02:CONTEXT#context-envelope,DEL-12-02,BLOCK,CONTEXT,GOVERNANCE,Envelope M; security-sensitive but bounded,"projects/chirality-piping/execution/PKG-12_Security, Privacy, and Private Data Handling/1_Working/DEL-12-02_Private data redaction and export controls/_CONTEXT.md L22-25",SOW-040; OBJ-010,"IN_PROGRESS (_STATUS.md, Last Updated 2026-07-22)","none (## Remaining is empty; declared state only, A4)",projects/chirality-piping/docs/_Registers/Deliverables.csv,NOT_APPLICABLE,STATIC_CHECK,NOT_APPLICABLE,NOT_APPLICABLE,IN_PROGRESS,ALIGNED,HIGH,,,,NONE,,,,,,NO,NOT_APPLICABLE,,00115c71931bcae79909602d653740d3bb72dfa1
DEL-12-02:CONTEXT#context-budget-qa,DEL-12-02,BLOCK,NON_NORMATIVE,GOVERNANCE,Context budget QA metadata,"projects/chirality-piping/execution/PKG-12_Security, Privacy, and Private Data Handling/1_Working/DEL-12-02_Private data redaction and export controls/_CONTEXT.md L26-30",SOW-040; OBJ-010,"IN_PROGRESS (_STATUS.md, Last Updated 2026-07-22)","none (## Remaining is empty; declared state only, A4)",NOT_APPLICABLE,NOT_APPLICABLE,NONE,NOT_APPLICABLE,NOT_APPLICABLE,IN_PROGRESS,NOT_ASSESSED,HIGH,,,,NONE,,CS-07,,,,NO,NOT_APPLICABLE,CS-07.,00115c71931bcae79909602d653740d3bb72dfa1
DEL-12-02:CONTEXT#package-reference,DEL-12-02,BLOCK,DECLARED_STATE,GOVERNANCE,Package reference for PKG-12,"projects/chirality-piping/execution/PKG-12_Security, Privacy, and Private Data Handling/1_Working/DEL-12-02_Private data redaction and export controls/_CONTEXT.md L31-36",SOW-040; OBJ-010,"IN_PROGRESS (_STATUS.md, Last Updated 2026-07-22)","none (## Remaining is empty; declared state only, A4)",projects/chirality-piping/execution/_Decomposition/SOFTWARE_DECOMP.md,NOT_APPLICABLE,STATIC_CHECK,NOT_APPLICABLE,NOT_APPLICABLE,IN_PROGRESS,ALIGNED,HIGH,,,,NONE,,CS-06,,,,NO,NOT_APPLICABLE,CS-06 OK (mechanical).,00115c71931bcae79909602d653740d3bb72dfa1
DEL-12-02:CONTEXT#decomposition-reference,DEL-12-02,BLOCK,DECLARED_STATE,GOVERNANCE,Decomposition reference pins revision 0.7 current_basis,"projects/chirality-piping/execution/PKG-12_Security, Privacy, and Private Data Handling/1_Working/DEL-12-02_Private data redaction and export controls/_CONTEXT.md L37-41",SOW-040; OBJ-010,"IN_PROGRESS (_STATUS.md, Last Updated 2026-07-22)","none (## Remaining is empty; declared state only, A4)",projects/chirality-piping/execution/_Decomposition/SOFTWARE_DECOMP.md,NOT_APPLICABLE,STATIC_CHECK,NOT_APPLICABLE,NOT_APPLICABLE,IN_PROGRESS,STALE_REVIEW_OR_EVIDENCE,HIGH,BASIS_POINTER_STALE,LOCAL_DESIGN,NONE,RECORD,FG-DEL-12-02-06,CS-01,,,,NO,NOT_APPLICABLE,CS-01: frozen revision is 0.12.,00115c71931bcae79909602d653740d3bb72dfa1
DEL-12-02:CONTEXT#register-references,DEL-12-02,BLOCK,CONTEXT,GOVERNANCE,"Register references to Deliverables, ScopeLedger and ContextBudgetQA rows","projects/chirality-piping/execution/PKG-12_Security, Privacy, and Private Data Handling/1_Working/DEL-12-02_Private data redaction and export controls/_CONTEXT.md L42-47",SOW-040; OBJ-010,"IN_PROGRESS (_STATUS.md, Last Updated 2026-07-22)","none (## Remaining is empty; declared state only, A4)",projects/chirality-piping/docs/_Registers/Deliverables.csv;projects/chirality-piping/docs/_Registers/ScopeLedger.csv;projects/chirality-piping/docs/_Registers/ContextBudgetQA.csv,NOT_APPLICABLE,STATIC_CHECK,NOT_APPLICABLE,NOT_APPLICABLE,IN_PROGRESS,ALIGNED,HIGH,,,,NONE,,,,,,NO,NOT_APPLICABLE,,00115c71931bcae79909602d653740d3bb72dfa1
DEL-12-02:CONTEXT#architecture-basis-injection,DEL-12-02,BLOCK,DECLARED_STATE,GOVERNANCE,Architecture basis injection pins revision 0.7,"projects/chirality-piping/execution/PKG-12_Security, Privacy, and Private Data Handling/1_Working/DEL-12-02_Private data redaction and export controls/_CONTEXT.md L48-56",SOW-040; OBJ-010,"IN_PROGRESS (_STATUS.md, Last Updated 2026-07-22)","none (## Remaining is empty; declared state only, A4)",projects/chirality-piping/execution/_Decomposition/SOFTWARE_DECOMP.md,NOT_APPLICABLE,STATIC_CHECK,NOT_APPLICABLE,NOT_APPLICABLE,IN_PROGRESS,STALE_REVIEW_OR_EVIDENCE,HIGH,BASIS_POINTER_STALE,LOCAL_DESIGN,NONE,RECORD,FG-DEL-12-02-06,CS-04,,,,NO,NOT_APPLICABLE,CS-04 covers the pin only; the PKG-00 readiness statement and the Still TBD list are .s01 and .s02.,00115c71931bcae79909602d653740d3bb72dfa1
DEL-12-02:CONTEXT#architecture-basis-injection.s01,DEL-12-02,SUBCLAIM,DECLARED_STATE,GOVERNANCE,PKG-00 at SEMANTIC_READY supplies architecture-basis constraints,"projects/chirality-piping/execution/PKG-12_Security, Privacy, and Private Data Handling/1_Working/DEL-12-02_Private data redaction and export controls/_CONTEXT.md L48-56 (sub-claim of CONTEXT#architecture-basis-injection)",D-43; HUMAN-STEER-PKG00-EXCLUSION-001,"IN_PROGRESS (_STATUS.md, Last Updated 2026-07-22)","none (## Remaining is empty; declared state only, A4)",projects/chirality-piping/execution/PKG-00_Software Architecture Runway/1_Working/DEL-00-04_Persistence and schema versioning architecture/_STATUS.md;projects/chirality-piping/execution/_Coordination/_DECISIONS/_REGISTER.md,NOT_APPLICABLE,STATIC_CHECK,NOT_APPLICABLE,NOT_APPLICABLE,IN_PROGRESS,STALE_REVIEW_OR_EVIDENCE,HIGH,SCOPE_REDIRECTED_BY_RULING,LOCAL_DESIGN,NONE,RECORD,FG-DEL-12-02-06,,,,,NO,NOT_APPLICABLE,All eight PKG-00 members are IN_PROGRESS at the freeze and D-43 consolidated them into ArchitectureBasis.md. F3: a readiness state stays STALE_REVIEW_OR_EVIDENCE (OWNER_DIRECTIONS Direction 8); advancing it is an R4 lifecycle matter.,00115c71931bcae79909602d653740d3bb72dfa1
DEL-12-02:CONTEXT#architecture-basis-injection.s02,DEL-12-02,SUBCLAIM,DECLARED_STATE,GOVERNANCE,Still TBD list incl. import/export format list and physical project package/container,"projects/chirality-piping/execution/PKG-12_Security, Privacy, and Private Data Handling/1_Working/DEL-12-02_Private data redaction and export controls/_CONTEXT.md L48-56 (sub-claim of CONTEXT#architecture-basis-injection)",DEC-017; DEC-028,"IN_PROGRESS (_STATUS.md, Last Updated 2026-07-22)","none (## Remaining is empty; declared state only, A4)",projects/chirality-piping/execution/_Decomposition/SOFTWARE_DECOMP.md,NOT_APPLICABLE,STATIC_CHECK,NOT_APPLICABLE,NOT_APPLICABLE,IN_PROGRESS,STALE_SETUP_SPECIFICATION,HIGH,SCOPE_REDIRECTED_BY_RULING,LOCAL_DESIGN,NONE,RECORD,FG-DEL-12-02-02,,,,,NO,NOT_APPLICABLE,"The physical project package/container and the native package/transport form were ruled (DEC-017, DEC-028) after this list was written; setup-era text (7bee9ae41). Other items were not assessed as ruled.",00115c71931bcae79909602d653740d3bb72dfa1
DEL-12-02:CONTEXT#preparation-notes,DEL-12-02,BLOCK,HISTORY,GOVERNANCE,PREPARATION notes: structural scaffold only,"projects/chirality-piping/execution/PKG-12_Security, Privacy, and Private Data Handling/1_Working/DEL-12-02_Private data redaction and export controls/_CONTEXT.md L57-60",SOW-040; OBJ-010,"IN_PROGRESS (_STATUS.md, Last Updated 2026-07-22)","none (## Remaining is empty; declared state only, A4)",NOT_APPLICABLE,NOT_APPLICABLE,STATIC_CHECK,NOT_APPLICABLE,NOT_APPLICABLE,IN_PROGRESS,ALIGNED,HIGH,,,,NONE,,CS-02,,,,NO,NOT_APPLICABLE,CS-02 history.,00115c71931bcae79909602d653740d3bb72dfa1
DEL-12-02:MEMORY,DEL-12-02,SURFACE,HISTORY,GOVERNANCE,Deliverable memory: dated implementation and binding history,"projects/chirality-piping/execution/PKG-12_Security, Privacy, and Private Data Handling/1_Working/DEL-12-02_Private data redaction and export controls/MEMORY.md L1-512",SOW-040; OBJ-010,"IN_PROGRESS (_STATUS.md, Last Updated 2026-07-22)","none (## Remaining is empty; declared state only, A4)","projects/chirality-piping/execution/PKG-12_Security, Privacy, and Private Data Handling/1_Working/DEL-12-02_Private data redaction and export controls/MEMORY.md;projects/chirality-piping/execution/PKG-12_Security, Privacy, and Private Data Handling/1_Working/DEL-12-02_Private data redaction and export controls/_run_records/WORKING_ITEMS_RUN_2026-07-22_DEL-12-02_REDACTION-BREADTH-R15.md;projects/chirality-piping/execution/PKG-12_Security, Privacy, and Private Data Handling/1_Working/DEL-12-02_Private data redaction and export controls/_run_records/WORKING_ITEMS_RUN_2026-07-10_TP-E4-REDACTION-001.md",NOT_APPLICABLE,STATIC_CHECK,NOT_APPLICABLE,NOT_APPLICABLE,IN_PROGRESS,ALIGNED,HIGH,,,,NONE,,,,,,NO,NOT_APPLICABLE,"Single history unit (C1). Sampled entries (2026-07-22 R15, 2026-07-10 TP-E4, 2026-09-15 stress export route) agree with code and run records.",00115c71931bcae79909602d653740d3bb72dfa1
#END,,,,,,,,,,,,,,,,,,,,,,,,,,,,,147,
