   Compiling open_pipe_stress_result_export v0.1.0 (WT/scratch/i70_u8/probe/projects/chirality-piping/core/reporting/result_export)
warning: function `derived` is never used
   --> src/source_blocks.rs:433:4
    |
433 | fn derived(recipe: &Value, row: &Value, inputs: &[&Value]) -> Result<(), String> {
    |    ^^^^^^^
    |
    = note: `#[warn(dead_code)]` (part of `#[warn(unused)]`) on by default

warning: `open_pipe_stress_result_export` (lib) generated 1 warning
    Finished `test` profile [unoptimized + debuginfo] target(s) in 1.13s
     Running tests/retained_precision_contract.rs (WT/targets/i70-u8/debug/deps/retained_precision_contract-f8874809726f7047)

running 64 tests
test canonical_zero_and_invalid_helper_operands ... ok
test audit_mutations_retain_native_and_product_first_failures ... ok
test coverage_layout_controls_fail_at_g5a ... ok
test d13_absolute_bound_small_scale_switch ... ok
test d13_reader_local_pins_and_mutant_kills ... ok
test d19_converse_cause_binding ... ok
test complete_synthetic_controls_carry_their_shared_eligibility ... ok
test d1_g3_coverage_relations ... ok
test d20_selected_without_c3_attempt ... ok
test d21_verification_shared_build_is_pass_evidence ... ok
test d21_last_slot_verification_shared_build ... ok
test d22_dangling_attempt_source_ref ... ok
test d24_after_rehash_edits ... ok
test d25_integral_float_is_the_same_number ... ok
test d27_idle_rule_reads_recorded_invocation_before ... ok
test d29_empty_body_inventory ... ok
test d28_quantity_reasons_resolve_to_layout ... ok
test d29_empty_body_inventory_without_roster ... ok
test d30_native_run_ref_on_nonselected_run ... ok
test d2_g0_union ... ok
test d31_model_schema_versions_at_g8 ... ok
test d32_forged_source_identity_under_float_ref ... ok
test d33_verification_estimate_names_force_or_moment ... ok
test d32_integers_by_value ... ok
test d34_negative_zero_anywhere_in_receipt_fails_g2 ... ok
test d3_native_attempt_before_work ... ok
test d4_association_relations ... ok
test d5_native_record_relations ... ok
test d37_error_kind_agrees_with_stage_record ... ok
test d8_accounting_rules_on_shared_bases ... ok
test d8_kernel_scope_work_accounting_anywhere ... ok
test d6_d7_ordinary_and_diagnostic_relations ... ok
test finite_product_vectors_and_ranges ... ok
test fixed_small_bound_vectors ... ok
test f5_kills_u1_m09_m10_m20_on_the_real_milestone_receipts ... ok
test g5_audit_local_controls ... ok
test independent_rational_product_and_single_round_sum_controls ... ok
test negative_zero_wire_scale_remains_g2 ... ok
test p512_floor_phi_follows_native_rounding ... ok
test publicly_consistent_coverage_attestations_are_not_rejected ... ok
test rehash_index_rule_07e ... ok
test schedule_replay_terminal_branches_reader_logic ... ok
test shared_must_pass_entries_validate ... ok
test shared_rehashed_first_failure_mutations ... ok
test i70_full_07l_listing ... ok
test snapshot_03_mutation_outcomes ... ok
test snapshot_04_coverage_mutation_outcomes ... ok
test snapshot_05a_mutation_outcomes ... ok
test snapshot_05b_mutation_outcomes ... ok
test snapshot_06a_mutation_outcomes ... ok
test snapshot_06b_mutation_outcomes ... ok
test snapshot_06c_mutation_outcomes ... ok
test snapshot_06d_mutation_outcomes ... ok
test snapshot_07b_mutation_outcomes ... ok
test snapshot_07d_mutation_outcomes ... ok
test snapshot_07e_mutation_outcomes ... ok
test snapshot_07f_mutation_outcomes ... ok
test snapshot_07g_mutation_outcomes ... ok
test snapshot_07_mutation_outcomes ... ok
test snapshot_07h_mutation_outcomes ... ok
test source_decline_relation_reader_logic ... ok
test u7_07j_not_required_case_omitted_or_reordered_is_not_current ... ok
test snapshot_07l_mutation_outcomes ... FAILED
test work_accounting_mutations_fail_at_the_terminal_rule ... ok

successes:

---- shared_must_pass_entries_validate stdout ----
I63_MUST_PASS "loaded_stop_without_force_moment" true
I63_MUST_PASS "loaded_all_stop_false" true
I63_MUST_PASS "no_data_all_stop_true" true
I63_MUST_PASS "no_data_attested_data_block" true
I63_MUST_PASS "cancelled_all_stop_true" true
I63_MUST_PASS "cert_failed_before_summary" true
I63_MUST_PASS "lane_k_failed" true
I63_MUST_PASS "lane_source_failed" true
I63_MUST_PASS "maxima_abandoned" true
I63_MUST_PASS "prefix_captured" true
I63_MUST_PASS "cert_failed_after_summary_storage" true
I63_MUST_PASS "two_body_swap_stop_with_rosters" true
I63_MUST_PASS "p512_charge_follows_stop_zero_floor_body" true
I63_MUST_PASS "copy_flags_into_unloaded" true
I63_MUST_PASS "prefix_unattached_old_operand_attested" true
I63_MUST_PASS "values_failed_separate_completion" true
I63_MUST_PASS "aliases_abandoned" true
I63_MUST_PASS "bind_rows_abandoned" true
I63_MUST_PASS "interpolation_equal_e_bracketed_control" true
I63_MUST_PASS "integral_float_integers_and_references" true
I63_MUST_PASS "model_schema_version_0_1_0_accepted" true
I63_MUST_PASS "verification_estimate_names_moment_row" true
I63_MUST_PASS "f5_envelope_reordered_exact_list" true
I63_MUST_PASS "not_required_second_case_checks_passed" true
I63_MUST_PASS "isolated_estimate_uncoupled_sparse_interactive" true
I63_MUST_PASS "isolated_estimate_uncoupled_dense_scrutiny" true
I63_MUST_PASS "isolated_translation_stop_sparse_interactive" true
I63_MUST_PASS "isolated_translation_stop_dense_scrutiny" true

---- i70_full_07l_listing stdout ----
I70_CASE {"counts_rel_abs_inp_nq_nc":[66,1,6,1,0],"eligible":true,"expected_eligible":true,"expected_rows":74,"i":0,"id":"ordinary_prepared_synthetic","match":true,"rows":74,"transport_empty":true,"unbound_not_eligible":true}
I70_CASE {"counts_rel_abs_inp_nq_nc":[66,1,6,2,0],"eligible":true,"expected_eligible":true,"expected_rows":75,"i":1,"id":"ordinary_prepared_dense_synthetic","match":true,"rows":75,"transport_empty":true,"unbound_not_eligible":true}
I70_CASE {"counts_rel_abs_inp_nq_nc":[0,67,6,1,0],"eligible":true,"expected_eligible":true,"expected_rows":74,"i":2,"id":"ordinary_prepared_no_data_synthetic","match":true,"rows":74,"transport_empty":true,"unbound_not_eligible":true}
I70_CASE {"counts_rel_abs_inp_nq_nc":[0,67,6,1,0],"eligible":true,"expected_eligible":true,"expected_rows":74,"i":3,"id":"ordinary_prepared_cancelled_loads_synthetic","match":true,"rows":74,"transport_empty":true,"unbound_not_eligible":true}
I70_CASE {"counts_rel_abs_inp_nq_nc":[66,1,6,1,0],"eligible":false,"expected_eligible":false,"expected_rows":74,"i":4,"id":"two_case_facade_after_certificate_synthetic","match":true,"rows":74,"transport_empty":true,"unbound_not_eligible":true}
I70_CASE {"counts_rel_abs_inp_nq_nc":[66,1,6,1,0],"eligible":false,"expected_eligible":false,"expected_rows":74,"i":5,"id":"two_case_preparation_failure_synthetic","match":true,"rows":74,"transport_empty":true,"unbound_not_eligible":true}
I70_CASE {"counts_rel_abs_inp_nq_nc":[66,68,12,1,0],"eligible":true,"expected_eligible":true,"expected_rows":147,"i":6,"id":"two_body_synthetic","match":true,"rows":147,"transport_empty":true,"unbound_not_eligible":true}
I70_CASE {"counts_rel_abs_inp_nq_nc":[66,68,12,1,0],"eligible":true,"expected_eligible":true,"expected_rows":147,"i":7,"id":"p512_ladder_synthetic","match":true,"rows":147,"transport_empty":true,"unbound_not_eligible":true}
I70_CASE {"counts_rel_abs_inp_nq_nc":[66,68,12,2,0],"eligible":true,"expected_eligible":true,"expected_rows":148,"i":8,"id":"two_case_synthetic","match":true,"rows":148,"transport_empty":true,"unbound_not_eligible":true}
I70_CASE {"counts_rel_abs_inp_nq_nc":[66,1,6,1,0],"eligible":true,"expected_eligible":true,"expected_rows":74,"i":9,"id":"candidate_failure_skip_synthetic","match":true,"rows":74,"transport_empty":true,"unbound_not_eligible":true}
I70_CASE {"counts_rel_abs_inp_nq_nc":[66,1,6,1,0],"eligible":true,"expected_eligible":true,"expected_rows":74,"i":10,"id":"verification_failure_skip_synthetic","match":true,"rows":74,"transport_empty":true,"unbound_not_eligible":true}
I70_CASE {"counts_rel_abs_inp_nq_nc":[132,2,12,2,0],"eligible":true,"expected_eligible":true,"expected_rows":148,"i":11,"id":"two_case_shared_failed_cache_synthetic","match":true,"rows":148,"transport_empty":true,"unbound_not_eligible":true}
I70_CASE {"counts_rel_abs_inp_nq_nc":[132,2,12,2,0],"eligible":true,"expected_eligible":true,"expected_rows":148,"i":12,"id":"two_case_two_groups_synthetic","match":true,"rows":148,"transport_empty":true,"unbound_not_eligible":true}
I70_CASE {"counts_rel_abs_inp_nq_nc":[66,1,6,1,0],"eligible":true,"expected_eligible":true,"expected_rows":74,"i":13,"id":"ordinary_prepared_interpolated_material_synthetic","match":true,"rows":74,"transport_empty":true,"unbound_not_eligible":true}
I70_CASE {"counts_rel_abs_inp_nq_nc":[66,1,6,1,0],"eligible":true,"expected_eligible":true,"expected_rows":74,"i":14,"id":"ordinary_prepared_mm_units_synthetic","match":true,"rows":74,"transport_empty":true,"unbound_not_eligible":true}
I70_CASE {"counts_rel_abs_inp_nq_nc":[25,78,9,1,0],"eligible":true,"expected_eligible":true,"expected_rows":113,"i":15,"id":"u8_l0_isolated_node_sparse_interactive","match":true,"rows":113,"transport_empty":true,"unbound_not_eligible":true}
I70_CASE {"counts_rel_abs_inp_nq_nc":[25,78,9,2,0],"eligible":true,"expected_eligible":true,"expected_rows":114,"i":16,"id":"u8_l0_isolated_node_dense_scrutiny","match":true,"rows":114,"transport_empty":true,"unbound_not_eligible":true}
I70_MUTATION {"base":"ordinary_prepared_synthetic","expected":{"code":"RETAINED_PRECISION_RECEIPT_MISMATCH","gate":"G1"},"i":0,"id":"method_null","match":true,"observed":{"code":"RETAINED_PRECISION_RECEIPT_MISMATCH","gate":"G1"}}
I70_MUTATION {"base":"ordinary_prepared_synthetic","expected":{"code":"RETAINED_PRECISION_RECEIPT_MISMATCH","gate":"G1"},"i":1,"id":"method_number","match":true,"observed":{"code":"RETAINED_PRECISION_RECEIPT_MISMATCH","gate":"G1"}}
I70_MUTATION {"base":"ordinary_prepared_synthetic","expected":{"code":"RETAINED_PRECISION_RECEIPT_MISMATCH","gate":"G1"},"i":2,"id":"method_alternate_metadata","match":true,"observed":{"code":"RETAINED_PRECISION_RECEIPT_MISMATCH","gate":"G1"}}
I70_MUTATION {"base":"ordinary_prepared_synthetic","expected":{"code":"RETAINED_PRECISION_RECEIPT_MISMATCH","gate":"G1"},"i":3,"id":"method_alternate_container","match":true,"observed":{"code":"RETAINED_PRECISION_RECEIPT_MISMATCH","gate":"G1"}}
I70_MUTATION {"base":"ordinary_prepared_synthetic","expected":{"code":"RETAINED_PRECISION_ROW_METHOD_MISMATCH","gate":"G6"},"i":4,"id":"method_empty","match":true,"observed":{"code":"RETAINED_PRECISION_ROW_METHOD_MISMATCH","gate":"G6"}}
I70_MUTATION {"base":"ordinary_prepared_synthetic","expected":{"code":"RETAINED_PRECISION_ROW_METHOD_MISMATCH","gate":"G6"},"i":5,"id":"method_wrong","match":true,"observed":{"code":"RETAINED_PRECISION_ROW_METHOD_MISMATCH","gate":"G6"}}
I70_MUTATION {"base":"ordinary_prepared_synthetic","expected":{"code":"RETAINED_PRECISION_ROW_METHOD_MISMATCH","gate":"G6"},"i":6,"id":"method_missing","match":true,"observed":{"code":"RETAINED_PRECISION_ROW_METHOD_MISMATCH","gate":"G6"}}
I70_MUTATION {"base":"ordinary_prepared_synthetic","expected":{"code":"RETAINED_PRECISION_ENCODING_MISMATCH","gate":"G2"},"i":7,"id":"nonfinite_then_method","match":true,"observed":{"code":"RETAINED_PRECISION_ENCODING_MISMATCH","gate":"G2"}}
I70_MUTATION {"base":"ordinary_prepared_synthetic","expected":{"code":"RETAINED_PRECISION_RECEIPT_MISMATCH","gate":"G1"},"i":8,"id":"shape_then_encoding","match":true,"observed":{"code":"RETAINED_PRECISION_RECEIPT_MISMATCH","gate":"G1"}}
I70_MUTATION {"base":"ordinary_prepared_synthetic","expected":{"code":"RETAINED_PRECISION_ENCODING_MISMATCH","gate":"G2"},"i":9,"id":"negative_zero_counter","match":true,"observed":{"code":"RETAINED_PRECISION_ENCODING_MISMATCH","gate":"G2"}}
I70_MUTATION {"base":"ordinary_prepared_synthetic","expected":{"code":"RETAINED_PRECISION_COVERAGE_MISMATCH","gate":"G3"},"i":10,"id":"coverage_then_method","match":true,"observed":{"code":"RETAINED_PRECISION_COVERAGE_MISMATCH","gate":"G3"}}
I70_MUTATION {"base":"ordinary_prepared_synthetic","expected":{"code":"RETAINED_PRECISION_COVERAGE_MISMATCH","gate":"G3"},"i":11,"id":"member_prefix_coverage","match":true,"observed":{"code":"RETAINED_PRECISION_COVERAGE_MISMATCH","gate":"G3"}}
I70_MUTATION {"base":"ordinary_prepared_synthetic","expected":{"code":"RETAINED_PRECISION_DIAGNOSTIC_MISMATCH","gate":"G4"},"i":12,"id":"diagnostic_then_method","match":true,"observed":{"code":"RETAINED_PRECISION_DIAGNOSTIC_MISMATCH","gate":"G4"}}
I70_MUTATION {"base":"ordinary_prepared_synthetic","expected":{"code":"RETAINED_PRECISION_WORK_MISMATCH","gate":"G5"},"i":13,"id":"native_work","match":true,"observed":{"code":"RETAINED_PRECISION_WORK_MISMATCH","gate":"G5"}}
I70_MUTATION {"base":"ordinary_prepared_synthetic","expected":{"code":"RETAINED_PRECISION_RECEIPT_MISMATCH","gate":"G1"},"i":14,"id":"product_new_not_ready","match":true,"observed":{"code":"RETAINED_PRECISION_RECEIPT_MISMATCH","gate":"G1"}}
I70_MUTATION {"base":"ordinary_prepared_synthetic","expected":{"code":"RETAINED_PRECISION_SCALE_MISMATCH","gate":"G5b"},"i":15,"id":"body_scale","match":true,"observed":{"code":"RETAINED_PRECISION_SCALE_MISMATCH","gate":"G5b"}}
I70_MUTATION {"base":"ordinary_prepared_synthetic","expected":{"code":"RETAINED_PRECISION_SECTION_MISMATCH","gate":"G5b"},"i":16,"id":"section_echo","match":true,"observed":{"code":"RETAINED_PRECISION_SECTION_MISMATCH","gate":"G5b"}}
I70_MUTATION {"base":"ordinary_prepared_synthetic","expected":{"code":"RETAINED_PRECISION_CLASSIFICATION_MISMATCH","gate":"G5c"},"i":17,"id":"absolute_bound","match":true,"observed":{"code":"RETAINED_PRECISION_CLASSIFICATION_MISMATCH","gate":"G5c"}}
I70_MUTATION {"base":"ordinary_prepared_synthetic","expected":{"code":"RETAINED_PRECISION_INPUT_DOF_MISMATCH","gate":"G5c"},"i":18,"id":"input_dof","match":true,"observed":{"code":"RETAINED_PRECISION_INPUT_DOF_MISMATCH","gate":"G5c"}}
I70_MUTATION {"base":"ordinary_prepared_synthetic","expected":{"code":"RETAINED_PRECISION_PREPARATION_MISMATCH","gate":"G8"},"i":19,"id":"old_inputs_must_bind_old_J","match":true,"observed":{"code":"RETAINED_PRECISION_PREPARATION_MISMATCH","gate":"G8"}}
I70_MUTATION {"base":"ordinary_prepared_synthetic","expected":{"code":"RETAINED_PRECISION_PREPARATION_MISMATCH","gate":"G8"},"i":20,"id":"new_stiffness_must_bind_C2","match":true,"observed":{"code":"RETAINED_PRECISION_PREPARATION_MISMATCH","gate":"G8"}}
I70_MUTATION {"base":"ordinary_prepared_synthetic","expected":{"code":"RETAINED_PRECISION_INVOCATION_MISMATCH","gate":"G8"},"i":21,"id":"bad_invocation_digest","match":true,"observed":{"code":"RETAINED_PRECISION_INVOCATION_MISMATCH","gate":"G8"}}
I70_MUTATION {"base":"ordinary_prepared_synthetic","expected":{"code":"SOURCE_PRODUCER_CONTRACT_UNSUPPORTED","gate":"G0"},"i":22,"id":"v1_relabel","match":true,"observed":{"code":"SOURCE_PRODUCER_CONTRACT_UNSUPPORTED","gate":"G0"}}
I70_MUTATION {"base":"ordinary_prepared_synthetic","expected":{"code":"RETAINED_PRECISION_PREPARATION_MISMATCH","gate":"G8"},"i":23,"id":"native_source_digest_rehashed","match":true,"observed":{"code":"RETAINED_PRECISION_PREPARATION_MISMATCH","gate":"G8"}}
I70_MUTATION {"base":"ordinary_prepared_synthetic","expected":{"code":"RETAINED_PRECISION_PREPARATION_MISMATCH","gate":"G8"},"i":24,"id":"native_stiffness_digest_rehashed","match":true,"observed":{"code":"RETAINED_PRECISION_PREPARATION_MISMATCH","gate":"G8"}}
I70_MUTATION {"base":"ordinary_prepared_synthetic","expected":{"code":"RETAINED_PRECISION_ATTEMPT_MISMATCH","gate":"G5"},"i":25,"id":"physical_residual_basis","match":true,"observed":{"code":"RETAINED_PRECISION_ATTEMPT_MISMATCH","gate":"G5"}}
I70_MUTATION {"base":"ordinary_prepared_synthetic","expected":{"code":"RETAINED_PRECISION_WORK_MISMATCH","gate":"G5"},"i":26,"id":"physical_stop_stage_partition","match":true,"observed":{"code":"RETAINED_PRECISION_WORK_MISMATCH","gate":"G5"}}
I70_MUTATION {"base":"ordinary_prepared_synthetic","expected":{"code":"RETAINED_PRECISION_ENCODING_MISMATCH","gate":"G2"},"i":27,"id":"negative_zero_scale_with_wrong_method","match":true,"observed":{"code":"RETAINED_PRECISION_ENCODING_MISMATCH","gate":"G2"}}
I70_MUTATION {"base":"ordinary_prepared_synthetic","expected":{"code":"RETAINED_PRECISION_WORK_MISMATCH","gate":"G5"},"i":28,"id":"shared_stage_projection_preserves_total","match":true,"observed":{"code":"RETAINED_PRECISION_WORK_MISMATCH","gate":"G5"}}
I70_MUTATION {"base":"ordinary_prepared_synthetic","expected":{"code":"RETAINED_PRECISION_WORK_MISMATCH","gate":"G5"},"i":29,"id":"verification_own_stage_projection_preserves_total","match":true,"observed":{"code":"RETAINED_PRECISION_WORK_MISMATCH","gate":"G5"}}
I70_MUTATION {"base":"ordinary_prepared_synthetic","expected":{"code":"RETAINED_PRECISION_RECEIPT_MISMATCH","gate":"G1"},"i":30,"id":"coverage_member_missing","match":true,"observed":{"code":"RETAINED_PRECISION_RECEIPT_MISMATCH","gate":"G1"}}
I70_MUTATION {"base":"ordinary_prepared_synthetic","expected":{"code":"RETAINED_PRECISION_RECEIPT_MISMATCH","gate":"G1"},"i":31,"id":"coverage_object_not_array","match":true,"observed":{"code":"RETAINED_PRECISION_RECEIPT_MISMATCH","gate":"G1"}}
I70_MUTATION {"base":"ordinary_prepared_synthetic","expected":{"code":"RETAINED_PRECISION_RECEIPT_MISMATCH","gate":"G1"},"i":32,"id":"coverage_entry_null","match":true,"observed":{"code":"RETAINED_PRECISION_RECEIPT_MISMATCH","gate":"G1"}}
I70_MUTATION {"base":"ordinary_prepared_synthetic","expected":{"code":"RETAINED_PRECISION_RECEIPT_MISMATCH","gate":"G1"},"i":33,"id":"coverage_stop_three","match":true,"observed":{"code":"RETAINED_PRECISION_RECEIPT_MISMATCH","gate":"G1"}}
I70_MUTATION {"base":"ordinary_prepared_synthetic","expected":{"code":"RETAINED_PRECISION_RECEIPT_MISMATCH","gate":"G1"},"i":34,"id":"coverage_stop_five","match":true,"observed":{"code":"RETAINED_PRECISION_RECEIPT_MISMATCH","gate":"G1"}}
I70_MUTATION {"base":"ordinary_prepared_synthetic","expected":{"code":"RETAINED_PRECISION_RECEIPT_MISMATCH","gate":"G1"},"i":35,"id":"coverage_stop_numeric_flag","match":true,"observed":{"code":"RETAINED_PRECISION_RECEIPT_MISMATCH","gate":"G1"}}
I70_MUTATION {"base":"ordinary_prepared_synthetic","expected":{"code":"RETAINED_PRECISION_RECEIPT_MISMATCH","gate":"G1"},"i":36,"id":"coverage_stop_null_flag","match":true,"observed":{"code":"RETAINED_PRECISION_RECEIPT_MISMATCH","gate":"G1"}}
I70_MUTATION {"base":"ordinary_prepared_synthetic","expected":{"code":"RETAINED_PRECISION_RECEIPT_MISMATCH","gate":"G1"},"i":37,"id":"coverage_has_data_numeric","match":true,"observed":{"code":"RETAINED_PRECISION_RECEIPT_MISMATCH","gate":"G1"}}
I70_MUTATION {"base":"ordinary_prepared_synthetic","expected":{"code":"RETAINED_PRECISION_RECEIPT_MISMATCH","gate":"G1"},"i":38,"id":"coverage_has_data_null","match":true,"observed":{"code":"RETAINED_PRECISION_RECEIPT_MISMATCH","gate":"G1"}}
I70_MUTATION {"base":"ordinary_prepared_synthetic","expected":{"code":"RETAINED_PRECISION_RECEIPT_MISMATCH","gate":"G1"},"i":39,"id":"coverage_has_data_missing","match":true,"observed":{"code":"RETAINED_PRECISION_RECEIPT_MISMATCH","gate":"G1"}}
I70_MUTATION {"base":"ordinary_prepared_synthetic","expected":{"code":"RETAINED_PRECISION_RECEIPT_MISMATCH","gate":"G1"},"i":40,"id":"coverage_unknown_field","match":true,"observed":{"code":"RETAINED_PRECISION_RECEIPT_MISMATCH","gate":"G1"}}
I70_MUTATION {"base":"ordinary_prepared_synthetic","expected":{"code":"RETAINED_PRECISION_RECEIPT_MISMATCH","gate":"G1"},"i":41,"id":"coverage_body_string","match":true,"observed":{"code":"RETAINED_PRECISION_RECEIPT_MISMATCH","gate":"G1"}}
I70_MUTATION {"base":"ordinary_prepared_synthetic","expected":{"code":"RETAINED_PRECISION_RECEIPT_MISMATCH","gate":"G1"},"i":42,"id":"coverage_shape_then_duplicate","match":true,"observed":{"code":"RETAINED_PRECISION_RECEIPT_MISMATCH","gate":"G1"}}
I70_MUTATION {"base":"ordinary_prepared_synthetic","expected":{"code":"RETAINED_PRECISION_RECEIPT_MISMATCH","gate":"G1"},"i":43,"id":"coverage_defect_with_null_method","match":true,"observed":{"code":"RETAINED_PRECISION_RECEIPT_MISMATCH","gate":"G1"}}
I70_MUTATION {"base":"ordinary_prepared_synthetic","expected":{"code":"RETAINED_PRECISION_ENCODING_MISMATCH","gate":"G2"},"i":44,"id":"coverage_body_negative_zero","match":true,"observed":{"code":"RETAINED_PRECISION_ENCODING_MISMATCH","gate":"G2"}}
I70_MUTATION {"base":"ordinary_prepared_synthetic","expected":{"code":"RETAINED_PRECISION_ENCODING_MISMATCH","gate":"G2"},"i":45,"id":"coverage_body_fraction","match":true,"observed":{"code":"RETAINED_PRECISION_ENCODING_MISMATCH","gate":"G2"}}
I70_MUTATION {"base":"ordinary_prepared_synthetic","expected":{"code":"RETAINED_PRECISION_ENCODING_MISMATCH","gate":"G2"},"i":46,"id":"coverage_body_negative","match":true,"observed":{"code":"RETAINED_PRECISION_ENCODING_MISMATCH","gate":"G2"}}
I70_MUTATION {"base":"ordinary_prepared_synthetic","expected":{"code":"RETAINED_PRECISION_ENCODING_MISMATCH","gate":"G2"},"i":47,"id":"coverage_encoding_then_duplicate","match":true,"observed":{"code":"RETAINED_PRECISION_ENCODING_MISMATCH","gate":"G2"}}
I70_MUTATION {"base":"ordinary_prepared_synthetic","expected":{"code":"RETAINED_PRECISION_COVERAGE_MISMATCH","gate":"G3"},"i":48,"id":"coverage_empty_array","match":true,"observed":{"code":"RETAINED_PRECISION_COVERAGE_MISMATCH","gate":"G3"}}
I70_MUTATION {"base":"ordinary_prepared_synthetic","expected":{"code":"RETAINED_PRECISION_COVERAGE_MISMATCH","gate":"G3"},"i":49,"id":"coverage_duplicate_body","match":true,"observed":{"code":"RETAINED_PRECISION_COVERAGE_MISMATCH","gate":"G3"}}
I70_MUTATION {"base":"ordinary_prepared_synthetic","expected":{"code":"RETAINED_PRECISION_COVERAGE_MISMATCH","gate":"G3"},"i":50,"id":"coverage_foreign_body","match":true,"observed":{"code":"RETAINED_PRECISION_COVERAGE_MISMATCH","gate":"G3"}}
I70_MUTATION {"base":"ordinary_prepared_synthetic","expected":{"code":"RETAINED_PRECISION_COVERAGE_MISMATCH","gate":"G3"},"i":51,"id":"coverage_extra_body","match":true,"observed":{"code":"RETAINED_PRECISION_COVERAGE_MISMATCH","gate":"G3"}}
I70_MUTATION {"base":"ordinary_prepared_synthetic","expected":{"code":"RETAINED_PRECISION_COVERAGE_MISMATCH","gate":"G3"},"i":52,"id":"coverage_duplicate_then_flag_and_method","match":true,"observed":{"code":"RETAINED_PRECISION_COVERAGE_MISMATCH","gate":"G3"}}
I70_MUTATION {"base":"ordinary_prepared_synthetic","expected":{"code":"RETAINED_PRECISION_COVERAGE_MISMATCH","gate":"G3"},"i":53,"id":"attempt_owner_only","match":true,"observed":{"code":"RETAINED_PRECISION_COVERAGE_MISMATCH","gate":"G3"}}
I70_MUTATION {"base":"ordinary_prepared_synthetic","expected":{"code":"RETAINED_PRECISION_PRODUCT_ATTEMPT_MISMATCH","gate":"G5"},"i":54,"id":"coverage_null_on_ready","match":true,"observed":{"code":"RETAINED_PRECISION_PRODUCT_ATTEMPT_MISMATCH","gate":"G5"}}
I70_MUTATION {"base":"ordinary_prepared_synthetic","expected":{"code":"RETAINED_PRECISION_PRODUCT_ATTEMPT_MISMATCH","gate":"G5"},"i":55,"id":"coverage_null_then_method","match":true,"observed":{"code":"RETAINED_PRECISION_PRODUCT_ATTEMPT_MISMATCH","gate":"G5"}}
I70_MUTATION {"base":"ordinary_prepared_synthetic","expected":{"code":"RETAINED_PRECISION_SCALE_MISMATCH","gate":"G5a"},"i":56,"id":"coverage_has_data_false","match":true,"observed":{"code":"RETAINED_PRECISION_SCALE_MISMATCH","gate":"G5a"}}
I70_MUTATION {"base":"ordinary_prepared_synthetic","expected":{"code":"RETAINED_PRECISION_ATTEMPT_MISMATCH","gate":"G5"},"i":57,"id":"certified_bound_unbound_drop_existing_g5","match":true,"observed":{"code":"RETAINED_PRECISION_ATTEMPT_MISMATCH","gate":"G5"}}
I70_MUTATION {"base":"ordinary_prepared_synthetic","expected":{"code":"RETAINED_PRECISION_SCALE_MISMATCH","gate":"G5a"},"i":58,"id":"coverage_drop_certified_bound","match":true,"observed":{"code":"RETAINED_PRECISION_SCALE_MISMATCH","gate":"G5a"}}
I70_MUTATION {"base":"ordinary_prepared_synthetic","expected":{"code":"RETAINED_PRECISION_SCALE_MISMATCH","gate":"G5a"},"i":59,"id":"coverage_no_data_claim_with_free_loads","match":true,"observed":{"code":"RETAINED_PRECISION_SCALE_MISMATCH","gate":"G5a"}}
I70_MUTATION {"base":"ordinary_prepared_synthetic","expected":{"code":"RETAINED_PRECISION_SCALE_MISMATCH","gate":"G5a"},"i":60,"id":"coverage_stop_forbidden_entry","match":true,"observed":{"code":"RETAINED_PRECISION_SCALE_MISMATCH","gate":"G5a"}}
I70_MUTATION {"base":"ordinary_prepared_synthetic","expected":{"code":"RETAINED_PRECISION_SCALE_MISMATCH","gate":"G5a"},"i":61,"id":"coverage_stop_uncoupled_consistent_roster","match":true,"observed":{"code":"RETAINED_PRECISION_SCALE_MISMATCH","gate":"G5a"}}
I70_MUTATION {"base":"ordinary_prepared_synthetic","expected":{"code":"RETAINED_PRECISION_SCALE_MISMATCH","gate":"G5a"},"i":62,"id":"stop_rule_drop_required_zero","match":true,"observed":{"code":"RETAINED_PRECISION_SCALE_MISMATCH","gate":"G5a"}}
I70_MUTATION {"base":"ordinary_prepared_synthetic","expected":{"code":"RETAINED_PRECISION_SCALE_MISMATCH","gate":"G5a"},"i":63,"id":"stop_rule_duplicate_zero","match":true,"observed":{"code":"RETAINED_PRECISION_SCALE_MISMATCH","gate":"G5a"}}
I70_MUTATION {"base":"ordinary_prepared_synthetic","expected":{"code":"RETAINED_PRECISION_SCALE_MISMATCH","gate":"G5a"},"i":64,"id":"estimate_drop_required_zero","match":true,"observed":{"code":"RETAINED_PRECISION_SCALE_MISMATCH","gate":"G5a"}}
I70_MUTATION {"base":"ordinary_prepared_synthetic","expected":{"code":"RETAINED_PRECISION_SCALE_MISMATCH","gate":"G5a"},"i":65,"id":"estimate_forbidden_translation_zero","match":true,"observed":{"code":"RETAINED_PRECISION_SCALE_MISMATCH","gate":"G5a"}}
I70_MUTATION {"base":"ordinary_prepared_synthetic","expected":{"code":"RETAINED_PRECISION_SCALE_MISMATCH","gate":"G5a"},"i":66,"id":"charge_drop_required_zero","match":true,"observed":{"code":"RETAINED_PRECISION_SCALE_MISMATCH","gate":"G5a"}}
I70_MUTATION {"base":"ordinary_prepared_synthetic","expected":{"code":"RETAINED_PRECISION_SCALE_MISMATCH","gate":"G5a"},"i":67,"id":"charge_follows_stop_below_p512","match":true,"observed":{"code":"RETAINED_PRECISION_SCALE_MISMATCH","gate":"G5a"}}
I70_MUTATION {"base":"ordinary_prepared_synthetic","expected":{"code":"RETAINED_PRECISION_SCALE_MISMATCH","gate":"G5a"},"i":68,"id":"certified_bound_duplicate","match":true,"observed":{"code":"RETAINED_PRECISION_SCALE_MISMATCH","gate":"G5a"}}
I70_MUTATION {"base":"ordinary_prepared_synthetic","expected":{"code":"RETAINED_PRECISION_SCALE_MISMATCH","gate":"G5a"},"i":69,"id":"coverage_flag_defect_then_method","match":true,"observed":{"code":"RETAINED_PRECISION_SCALE_MISMATCH","gate":"G5a"}}
I70_MUTATION {"base":"ordinary_prepared_no_data_synthetic","expected":{"code":"RETAINED_PRECISION_SCALE_MISMATCH","gate":"G5a"},"i":70,"id":"nodata_forbidden_stop_zero","match":true,"observed":{"code":"RETAINED_PRECISION_SCALE_MISMATCH","gate":"G5a"}}
I70_MUTATION {"base":"ordinary_prepared_no_data_synthetic","expected":{"code":"RETAINED_PRECISION_SCALE_MISMATCH","gate":"G5a"},"i":71,"id":"nodata_forbidden_estimate_zero","match":true,"observed":{"code":"RETAINED_PRECISION_SCALE_MISMATCH","gate":"G5a"}}
I70_MUTATION {"base":"ordinary_prepared_no_data_synthetic","expected":{"code":"RETAINED_PRECISION_SCALE_MISMATCH","gate":"G5a"},"i":72,"id":"nodata_forbidden_charge_zero","match":true,"observed":{"code":"RETAINED_PRECISION_SCALE_MISMATCH","gate":"G5a"}}
I70_MUTATION {"base":"ordinary_prepared_no_data_synthetic","expected":{"code":"RETAINED_PRECISION_SCALE_MISMATCH","gate":"G5a"},"i":73,"id":"nodata_forbidden_certified_bound","match":true,"observed":{"code":"RETAINED_PRECISION_SCALE_MISMATCH","gate":"G5a"}}
I70_MUTATION {"base":"ordinary_prepared_no_data_synthetic","expected":{"code":"RETAINED_PRECISION_SCALE_MISMATCH","gate":"G5a"},"i":74,"id":"nodata_has_data_without_bound","match":true,"observed":{"code":"RETAINED_PRECISION_SCALE_MISMATCH","gate":"G5a"}}
I70_MUTATION {"base":"ordinary_prepared_no_data_synthetic","expected":{"code":"RETAINED_PRECISION_SCALE_MISMATCH","gate":"G5a"},"i":75,"id":"nodata_estimate_coupling_L_nonzero","match":true,"observed":{"code":"RETAINED_PRECISION_SCALE_MISMATCH","gate":"G5a"}}
I70_MUTATION {"base":"ordinary_prepared_synthetic","expected":{"code":"RETAINED_PRECISION_SCALE_MISMATCH","gate":"G5a"},"i":76,"id":"coverage_flag_defect_then_body_scale","match":true,"observed":{"code":"RETAINED_PRECISION_SCALE_MISMATCH","gate":"G5a"}}
I70_MUTATION {"base":"ordinary_prepared_synthetic","expected":{"code":"RETAINED_PRECISION_SCALE_MISMATCH","gate":"G5a"},"i":77,"id":"layout_force_row_input_derived","match":true,"observed":{"code":"RETAINED_PRECISION_SCALE_MISMATCH","gate":"G5a"}}
I70_MUTATION {"base":"ordinary_prepared_synthetic","expected":{"code":"RETAINED_PRECISION_SCALE_MISMATCH","gate":"G5a"},"i":78,"id":"layout_constrained_displacement_not_input_derived","match":true,"observed":{"code":"RETAINED_PRECISION_SCALE_MISMATCH","gate":"G5a"}}
I70_MUTATION {"base":"ordinary_prepared_synthetic","expected":{"code":"RETAINED_PRECISION_SCALE_MISMATCH","gate":"G5a"},"i":79,"id":"layout_nonzero_prescription","match":true,"observed":{"code":"RETAINED_PRECISION_SCALE_MISMATCH","gate":"G5a"}}
I70_MUTATION {"base":"ordinary_prepared_synthetic","expected":{"code":"RETAINED_PRECISION_PRODUCT_ATTEMPT_MISMATCH","gate":"G5"},"i":80,"id":"coverage_null_and_product_work","match":true,"observed":{"code":"RETAINED_PRECISION_PRODUCT_ATTEMPT_MISMATCH","gate":"G5"}}
I70_MUTATION {"base":"ordinary_prepared_synthetic","expected":{"code":"RETAINED_PRECISION_WORK_MISMATCH","gate":"G5"},"i":81,"id":"product_work_only","match":true,"observed":{"code":"RETAINED_PRECISION_WORK_MISMATCH","gate":"G5"}}
I70_MUTATION {"base":"ordinary_prepared_synthetic","expected":{"code":"RETAINED_PRECISION_WORK_MISMATCH","gate":"G5"},"i":82,"id":"native_work_then_coverage_null","match":true,"observed":{"code":"RETAINED_PRECISION_WORK_MISMATCH","gate":"G5"}}
I70_MUTATION {"base":"ordinary_prepared_synthetic","expected":{"code":"RETAINED_PRECISION_SCALE_MISMATCH","gate":"G5a"},"i":83,"id":"layout_row_relabelled","match":true,"observed":{"code":"RETAINED_PRECISION_SCALE_MISMATCH","gate":"G5a"}}
I70_MUTATION {"base":"ordinary_prepared_synthetic","expected":{"code":"RETAINED_PRECISION_SCALE_MISMATCH","gate":"G5a"},"i":84,"id":"layout_row_dropped","match":true,"observed":{"code":"RETAINED_PRECISION_SCALE_MISMATCH","gate":"G5a"}}
I70_MUTATION {"base":"ordinary_prepared_synthetic","expected":{"code":"RETAINED_PRECISION_SCALE_MISMATCH","gate":"G5a"},"i":85,"id":"layout_rows_reordered","match":true,"observed":{"code":"RETAINED_PRECISION_SCALE_MISMATCH","gate":"G5a"}}
I70_MUTATION {"base":"ordinary_prepared_synthetic","expected":{"code":"RETAINED_PRECISION_SCALE_MISMATCH","gate":"G5a"},"i":86,"id":"layout_row_foreign_body","match":true,"observed":{"code":"RETAINED_PRECISION_SCALE_MISMATCH","gate":"G5a"}}
I70_MUTATION {"base":"ordinary_prepared_no_data_synthetic","expected":{"code":"RETAINED_PRECISION_COVERAGE_MISMATCH","gate":"G3"},"i":87,"id":"nodata_empty_coverage","match":true,"observed":{"code":"RETAINED_PRECISION_COVERAGE_MISMATCH","gate":"G3"}}
I70_MUTATION {"base":"ordinary_prepared_synthetic","expected":{"code":"RETAINED_PRECISION_SCALE_MISMATCH","gate":"G5a"},"i":88,"id":"verification_bound_duplicate_entry","match":true,"observed":{"code":"RETAINED_PRECISION_SCALE_MISMATCH","gate":"G5a"}}
I70_MUTATION {"base":"ordinary_prepared_no_data_synthetic","expected":{"code":"RETAINED_PRECISION_SCALE_MISMATCH","gate":"G5a"},"i":89,"id":"verification_bound_missing_entry","match":true,"observed":{"code":"RETAINED_PRECISION_SCALE_MISMATCH","gate":"G5a"}}
I70_MUTATION {"base":"ordinary_prepared_no_data_synthetic","expected":{"code":"RETAINED_PRECISION_SCALE_MISMATCH","gate":"G5a"},"i":90,"id":"nodata_verification_bound_nonnull","match":true,"observed":{"code":"RETAINED_PRECISION_SCALE_MISMATCH","gate":"G5a"}}
I70_MUTATION {"base":"ordinary_prepared_synthetic","expected":{"code":"RETAINED_PRECISION_ATTEMPT_MISMATCH","gate":"G5"},"i":91,"id":"schedule_fresh_first_p256","match":true,"observed":{"code":"RETAINED_PRECISION_ATTEMPT_MISMATCH","gate":"G5"}}
I70_MUTATION {"base":"ordinary_prepared_cancelled_loads_synthetic","expected":{"code":"RETAINED_PRECISION_SCALE_MISMATCH","gate":"G5a"},"i":92,"id":"cancelled_no_data_claim","match":true,"observed":{"code":"RETAINED_PRECISION_SCALE_MISMATCH","gate":"G5a"}}
I70_MUTATION {"base":"ordinary_prepared_cancelled_loads_synthetic","expected":{"code":"RETAINED_PRECISION_SCALE_MISMATCH","gate":"G5a"},"i":93,"id":"cancelled_drop_B_only","match":true,"observed":{"code":"RETAINED_PRECISION_SCALE_MISMATCH","gate":"G5a"}}
I70_MUTATION {"base":"two_case_facade_after_certificate_synthetic","expected":{"code":"RETAINED_PRECISION_PRODUCT_ATTEMPT_MISMATCH","gate":"G5"},"i":94,"id":"unavailable_certificate_passed_coverage_null","match":true,"observed":{"code":"RETAINED_PRECISION_PRODUCT_ATTEMPT_MISMATCH","gate":"G5"}}
I70_MUTATION {"base":"two_case_facade_after_certificate_synthetic","expected":{"code":"RETAINED_PRECISION_COVERAGE_MISMATCH","gate":"G3"},"i":95,"id":"unavailable_empty_coverage","match":true,"observed":{"code":"RETAINED_PRECISION_COVERAGE_MISMATCH","gate":"G3"}}
I70_MUTATION {"base":"two_case_facade_after_certificate_synthetic","expected":{"code":"RETAINED_PRECISION_SCALE_MISMATCH","gate":"G5a"},"i":96,"id":"unavailable_no_data_claim_with_free_loads","match":true,"observed":{"code":"RETAINED_PRECISION_SCALE_MISMATCH","gate":"G5a"}}
I70_MUTATION {"base":"two_case_facade_after_certificate_synthetic","expected":{"code":"RETAINED_PRECISION_SCALE_MISMATCH","gate":"G5a"},"i":97,"id":"unavailable_stop_uncoupled","match":true,"observed":{"code":"RETAINED_PRECISION_SCALE_MISMATCH","gate":"G5a"}}
I70_MUTATION {"base":"two_case_facade_after_certificate_synthetic","expected":{"code":"RETAINED_PRECISION_SCALE_MISMATCH","gate":"G5a"},"i":98,"id":"unavailable_layout_relabelled","match":true,"observed":{"code":"RETAINED_PRECISION_SCALE_MISMATCH","gate":"G5a"}}
I70_MUTATION {"base":"two_case_facade_after_certificate_synthetic","expected":{"code":"RETAINED_PRECISION_SCALE_MISMATCH","gate":"G5a"},"i":99,"id":"unavailable_verification_bound_duplicate","match":true,"observed":{"code":"RETAINED_PRECISION_SCALE_MISMATCH","gate":"G5a"}}
I70_MUTATION {"base":"two_case_facade_after_certificate_synthetic","expected":{"code":"RETAINED_PRECISION_PRODUCT_ATTEMPT_MISMATCH","gate":"G5"},"i":100,"id":"cert_failed_before_summary_g5a_passed","match":true,"observed":{"code":"RETAINED_PRECISION_PRODUCT_ATTEMPT_MISMATCH","gate":"G5"}}
I70_MUTATION {"base":"two_case_facade_after_certificate_synthetic","expected":{"code":"RETAINED_PRECISION_PRODUCT_ATTEMPT_MISMATCH","gate":"G5"},"i":101,"id":"lane_k_failed_with_coverage","match":true,"observed":{"code":"RETAINED_PRECISION_PRODUCT_ATTEMPT_MISMATCH","gate":"G5"}}
I70_MUTATION {"base":"two_case_facade_after_certificate_synthetic","expected":{"code":"RETAINED_PRECISION_PRODUCT_ATTEMPT_MISMATCH","gate":"G5"},"i":102,"id":"maxima_abandoned_with_coverage","match":true,"observed":{"code":"RETAINED_PRECISION_PRODUCT_ATTEMPT_MISMATCH","gate":"G5"}}
I70_MUTATION {"base":"two_case_preparation_failure_synthetic","expected":{"code":"RETAINED_PRECISION_COVERAGE_MISMATCH","gate":"G3"},"i":103,"id":"prefix_captured_with_members","match":true,"observed":{"code":"RETAINED_PRECISION_COVERAGE_MISMATCH","gate":"G3"}}
I70_MUTATION {"base":"two_body_synthetic","expected":{"code":"RETAINED_PRECISION_SCALE_MISMATCH","gate":"G5a"},"i":104,"id":"two_body_swap_has_data","match":true,"observed":{"code":"RETAINED_PRECISION_SCALE_MISMATCH","gate":"G5a"}}
I70_MUTATION {"base":"two_body_synthetic","expected":{"code":"RETAINED_PRECISION_SCALE_MISMATCH","gate":"G5a"},"i":105,"id":"two_body_swap_has_data_with_rosters","match":true,"observed":{"code":"RETAINED_PRECISION_SCALE_MISMATCH","gate":"G5a"}}
I70_MUTATION {"base":"two_body_synthetic","expected":{"code":"RETAINED_PRECISION_SCALE_MISMATCH","gate":"G5a"},"i":106,"id":"two_body_swap_stop_only","match":true,"observed":{"code":"RETAINED_PRECISION_SCALE_MISMATCH","gate":"G5a"}}
I70_MUTATION {"base":"two_body_synthetic","expected":{"code":"RETAINED_PRECISION_COVERAGE_MISMATCH","gate":"G3"},"i":107,"id":"two_body_body_order_swapped","match":true,"observed":{"code":"RETAINED_PRECISION_COVERAGE_MISMATCH","gate":"G3"}}
I70_MUTATION {"base":"two_body_synthetic","expected":{"code":"RETAINED_PRECISION_COVERAGE_MISMATCH","gate":"G3"},"i":108,"id":"two_body_missing_body","match":true,"observed":{"code":"RETAINED_PRECISION_COVERAGE_MISMATCH","gate":"G3"}}
I70_MUTATION {"base":"two_body_synthetic","expected":{"code":"RETAINED_PRECISION_SCALE_MISMATCH","gate":"G5a"},"i":109,"id":"two_body_resolution_order_swapped","match":true,"observed":{"code":"RETAINED_PRECISION_SCALE_MISMATCH","gate":"G5a"}}
I70_MUTATION {"base":"p512_ladder_synthetic","expected":{"code":"RETAINED_PRECISION_SCALE_MISMATCH","gate":"G5b"},"i":110,"id":"p512_floor_not_phi","match":true,"observed":{"code":"RETAINED_PRECISION_SCALE_MISMATCH","gate":"G5b"}}
I70_MUTATION {"base":"p512_ladder_synthetic","expected":{"code":"RETAINED_PRECISION_SCALE_MISMATCH","gate":"G5a"},"i":111,"id":"p512_positive_floor_forces_stop","match":true,"observed":{"code":"RETAINED_PRECISION_SCALE_MISMATCH","gate":"G5a"}}
I70_MUTATION {"base":"p512_ladder_synthetic","expected":{"code":"RETAINED_PRECISION_SCALE_MISMATCH","gate":"G5a"},"i":112,"id":"p512_charge_follows_estimate","match":true,"observed":{"code":"RETAINED_PRECISION_SCALE_MISMATCH","gate":"G5a"}}
I70_MUTATION {"base":"p512_ladder_synthetic","expected":{"code":"RETAINED_PRECISION_SCALE_MISMATCH","gate":"G5a"},"i":113,"id":"p512_floor_null","match":true,"observed":{"code":"RETAINED_PRECISION_SCALE_MISMATCH","gate":"G5a"}}
I70_MUTATION {"base":"p512_ladder_synthetic","expected":{"code":"RETAINED_PRECISION_SCALE_MISMATCH","gate":"G5a"},"i":114,"id":"p512_zero_floor_body_given_positive_floor","match":true,"observed":{"code":"RETAINED_PRECISION_SCALE_MISMATCH","gate":"G5a"}}
I70_MUTATION {"base":"two_case_synthetic","expected":{"code":"RETAINED_PRECISION_SCALE_MISMATCH","gate":"G5a"},"i":115,"id":"copy_flags_into_loaded","match":true,"observed":{"code":"RETAINED_PRECISION_SCALE_MISMATCH","gate":"G5a"}}
I70_MUTATION {"base":"two_case_synthetic","expected":{"code":"RETAINED_PRECISION_PRODUCT_ATTEMPT_MISMATCH","gate":"G5"},"i":116,"id":"rebind_source_run_only","match":true,"observed":{"code":"RETAINED_PRECISION_PRODUCT_ATTEMPT_MISMATCH","gate":"G5"}}
I70_MUTATION {"base":"two_case_synthetic","expected":{"code":"RETAINED_PRECISION_SCALE_MISMATCH","gate":"G5a"},"i":117,"id":"cross_case_gate_order_selected","match":true,"observed":{"code":"RETAINED_PRECISION_SCALE_MISMATCH","gate":"G5a"}}
I70_MUTATION {"base":"two_case_facade_after_certificate_synthetic","expected":{"code":"RETAINED_PRECISION_SCALE_MISMATCH","gate":"G5a"},"i":118,"id":"cross_case_gate_order_unavailable","match":true,"observed":{"code":"RETAINED_PRECISION_SCALE_MISMATCH","gate":"G5a"}}
I70_MUTATION {"base":"two_case_facade_after_certificate_synthetic","expected":{"code":"RETAINED_PRECISION_SCALE_MISMATCH","gate":"G5a"},"i":119,"id":"unavailable_record_resolution_duplicate","match":true,"observed":{"code":"RETAINED_PRECISION_SCALE_MISMATCH","gate":"G5a"}}
I70_MUTATION {"base":"two_case_facade_after_certificate_synthetic","expected":{"code":"RETAINED_PRECISION_SCALE_MISMATCH","gate":"G5a"},"i":120,"id":"unavailable_record_theta_duplicate","match":true,"observed":{"code":"RETAINED_PRECISION_SCALE_MISMATCH","gate":"G5a"}}
I70_MUTATION {"base":"candidate_failure_skip_synthetic","expected":{"code":"RETAINED_PRECISION_ATTEMPT_MISMATCH","gate":"G5"},"i":121,"id":"skip_after_failed_candidate_reused","match":true,"observed":{"code":"RETAINED_PRECISION_ATTEMPT_MISMATCH","gate":"G5"}}
I70_MUTATION {"base":"candidate_failure_skip_synthetic","expected":{"code":"RETAINED_PRECISION_ATTEMPT_MISMATCH","gate":"G5"},"i":122,"id":"skip_after_failed_candidate_wrong_slot","match":true,"observed":{"code":"RETAINED_PRECISION_ATTEMPT_MISMATCH","gate":"G5"}}
I70_MUTATION {"base":"candidate_failure_skip_synthetic","expected":{"code":"RETAINED_PRECISION_ATTEMPT_MISMATCH","gate":"G5"},"i":123,"id":"failed_build_reason_mismatch","match":true,"observed":{"code":"RETAINED_PRECISION_ATTEMPT_MISMATCH","gate":"G5"}}
I70_MUTATION {"base":"candidate_failure_skip_synthetic","expected":{"code":"RETAINED_PRECISION_WORK_MISMATCH","gate":"G5"},"i":124,"id":"failed_slot_not_cached","match":true,"observed":{"code":"RETAINED_PRECISION_WORK_MISMATCH","gate":"G5"}}
I70_MUTATION {"base":"verification_failure_skip_synthetic","expected":{"code":"RETAINED_PRECISION_ATTEMPT_MISMATCH","gate":"G5"},"i":125,"id":"failed_verification_reused_as_candidate","match":true,"observed":{"code":"RETAINED_PRECISION_ATTEMPT_MISMATCH","gate":"G5"}}
I70_MUTATION {"base":"verification_failure_skip_synthetic","expected":{"code":"RETAINED_PRECISION_ATTEMPT_MISMATCH","gate":"G5"},"i":126,"id":"failed_verification_one_slot","match":true,"observed":{"code":"RETAINED_PRECISION_ATTEMPT_MISMATCH","gate":"G5"}}
I70_MUTATION {"base":"two_case_shared_failed_cache_synthetic","expected":{"code":"RETAINED_PRECISION_WORK_MISMATCH","gate":"G5"},"i":127,"id":"cached_failed_slot_rebuilt","match":true,"observed":{"code":"RETAINED_PRECISION_WORK_MISMATCH","gate":"G5"}}
I70_MUTATION {"base":"ordinary_prepared_synthetic","expected":{"code":"RETAINED_PRECISION_ATTEMPT_MISMATCH","gate":"G5"},"i":128,"id":"corrections_above_three","match":true,"observed":{"code":"RETAINED_PRECISION_ATTEMPT_MISMATCH","gate":"G5"}}
I70_MUTATION {"base":"two_case_synthetic","expected":{"code":"RETAINED_PRECISION_ATTEMPT_MISMATCH","gate":"G5"},"i":129,"id":"group_sources_out_of_order","match":true,"observed":{"code":"RETAINED_PRECISION_ATTEMPT_MISMATCH","gate":"G5"}}
I70_MUTATION {"base":"ordinary_prepared_synthetic","expected":{"code":"RETAINED_PRECISION_ATTEMPT_MISMATCH","gate":"G5"},"i":130,"id":"w2_published_without_initial_failure","match":true,"observed":{"code":"RETAINED_PRECISION_ATTEMPT_MISMATCH","gate":"G5"}}
I70_MUTATION {"base":"ordinary_prepared_synthetic","expected":{"code":"RETAINED_PRECISION_ATTEMPT_MISMATCH","gate":"G5"},"i":131,"id":"legacy_source_dangling_diagnostic","match":true,"observed":{"code":"RETAINED_PRECISION_ATTEMPT_MISMATCH","gate":"G5"}}
I70_MUTATION {"base":"ordinary_prepared_synthetic","expected":{"code":"RETAINED_PRECISION_ATTEMPT_MISMATCH","gate":"G5"},"i":132,"id":"formation_d5_dangling_diagnostic","match":true,"observed":{"code":"RETAINED_PRECISION_ATTEMPT_MISMATCH","gate":"G5"}}
I70_MUTATION {"base":"two_case_facade_after_certificate_synthetic","expected":{"code":"RETAINED_PRECISION_PRODUCT_ATTEMPT_MISMATCH","gate":"G5"},"i":133,"id":"native_stage_disagrees_with_run","match":true,"observed":{"code":"RETAINED_PRECISION_PRODUCT_ATTEMPT_MISMATCH","gate":"G5"}}
I70_MUTATION {"base":"ordinary_prepared_synthetic","expected":{"code":"RETAINED_PRECISION_PRODUCT_ATTEMPT_MISMATCH","gate":"G5"},"i":134,"id":"conversion_subnormal_kind_normal_bits","match":true,"observed":{"code":"RETAINED_PRECISION_PRODUCT_ATTEMPT_MISMATCH","gate":"G5"}}
I70_MUTATION {"base":"ordinary_prepared_synthetic","expected":{"code":"RETAINED_PRECISION_PRODUCT_ATTEMPT_MISMATCH","gate":"G5"},"i":135,"id":"conversion_normal_kind_subnormal_bits","match":true,"observed":{"code":"RETAINED_PRECISION_PRODUCT_ATTEMPT_MISMATCH","gate":"G5"}}
I70_MUTATION {"base":"ordinary_prepared_synthetic","expected":{"code":"RETAINED_PRECISION_PRODUCT_ATTEMPT_MISMATCH","gate":"G5"},"i":136,"id":"conversion_ready_underflow_nonzero_row","match":true,"observed":{"code":"RETAINED_PRECISION_PRODUCT_ATTEMPT_MISMATCH","gate":"G5"}}
I70_MUTATION {"base":"ordinary_prepared_synthetic","expected":{"code":"RETAINED_PRECISION_PRODUCT_ATTEMPT_MISMATCH","gate":"G5"},"i":137,"id":"conversion_ready_overflow","match":true,"observed":{"code":"RETAINED_PRECISION_PRODUCT_ATTEMPT_MISMATCH","gate":"G5"}}
I70_MUTATION {"base":"ordinary_prepared_synthetic","expected":{"code":"RETAINED_PRECISION_ENCODING_MISMATCH","gate":"G2"},"i":138,"id":"conversion_subnormal_metadata_negative_zero","match":true,"observed":{"code":"RETAINED_PRECISION_ENCODING_MISMATCH","gate":"G2"}}
I70_MUTATION {"base":"ordinary_prepared_synthetic","expected":{"code":"SOURCE_PREVIEW_PHYSICS_EXTREMA_BOUNDS","gate":"G7"},"i":139,"id":"g7_maximum_off_enclosure","match":true,"observed":{"code":"SOURCE_PREVIEW_PHYSICS_EXTREMA_BOUNDS","gate":"G7"}}
I70_MUTATION {"base":"ordinary_prepared_synthetic","expected":{"code":"RETAINED_PRECISION_COVERAGE_MISMATCH","gate":"G3"},"i":140,"id":"row_index_foreign_support_norm","match":true,"observed":{"code":"RETAINED_PRECISION_COVERAGE_MISMATCH","gate":"G3"}}
I70_MUTATION {"base":"ordinary_prepared_synthetic","expected":{"code":"RETAINED_PRECISION_COVERAGE_MISMATCH","gate":"G3"},"i":141,"id":"row_index_missing_row","match":true,"observed":{"code":"RETAINED_PRECISION_COVERAGE_MISMATCH","gate":"G3"}}
I70_MUTATION {"base":"ordinary_prepared_synthetic","expected":{"code":"RETAINED_PRECISION_COVERAGE_MISMATCH","gate":"G3"},"i":142,"id":"row_index_unsorted","match":true,"observed":{"code":"RETAINED_PRECISION_COVERAGE_MISMATCH","gate":"G3"}}
I70_MUTATION {"base":"ordinary_prepared_synthetic","expected":{"code":"RETAINED_PRECISION_PRODUCT_ATTEMPT_MISMATCH","gate":"G5"},"i":143,"id":"row_index_ready_subset","match":true,"observed":{"code":"RETAINED_PRECISION_PRODUCT_ATTEMPT_MISMATCH","gate":"G5"}}
I70_MUTATION {"base":"ordinary_prepared_synthetic","expected":{"code":"RETAINED_PRECISION_PREPARATION_MISMATCH","gate":"G8"},"i":144,"id":"maps_extra_support_id","match":true,"observed":{"code":"RETAINED_PRECISION_PREPARATION_MISMATCH","gate":"G8"}}
I70_MUTATION {"base":"ordinary_prepared_synthetic","expected":{"code":"RETAINED_PRECISION_PREPARATION_MISMATCH","gate":"G8"},"i":145,"id":"maps_member_ends_swapped","match":true,"observed":{"code":"RETAINED_PRECISION_PREPARATION_MISMATCH","gate":"G8"}}
I70_MUTATION {"base":"two_case_facade_after_certificate_synthetic","expected":{"code":"RETAINED_PRECISION_PRODUCT_ATTEMPT_MISMATCH","gate":"G5"},"i":146,"id":"maxima_abandoned_separate_failure","match":true,"observed":{"code":"RETAINED_PRECISION_PRODUCT_ATTEMPT_MISMATCH","gate":"G5"}}
I70_MUTATION {"base":"two_case_facade_after_certificate_synthetic","expected":{"code":"RETAINED_PRECISION_PRODUCT_ATTEMPT_MISMATCH","gate":"G5"},"i":147,"id":"certificate_check_wrong_wrapper","match":true,"observed":{"code":"RETAINED_PRECISION_PRODUCT_ATTEMPT_MISMATCH","gate":"G5"}}
I70_MUTATION {"base":"two_case_facade_after_certificate_synthetic","expected":{"code":"RETAINED_PRECISION_PRODUCT_ATTEMPT_MISMATCH","gate":"G5"},"i":148,"id":"certificate_stage_check_disagree","match":true,"observed":{"code":"RETAINED_PRECISION_PRODUCT_ATTEMPT_MISMATCH","gate":"G5"}}
I70_MUTATION {"base":"two_case_preparation_failure_synthetic","expected":{"code":"RETAINED_PRECISION_PRODUCT_ATTEMPT_MISMATCH","gate":"G5"},"i":149,"id":"stage_entered_after_failure","match":true,"observed":{"code":"RETAINED_PRECISION_PRODUCT_ATTEMPT_MISMATCH","gate":"G5"}}
I70_MUTATION {"base":"candidate_failure_skip_synthetic","expected":{"code":"RETAINED_PRECISION_ATTEMPT_MISMATCH","gate":"G5"},"i":150,"id":"ceiling_before_last_slot","match":true,"observed":{"code":"RETAINED_PRECISION_ATTEMPT_MISMATCH","gate":"G5"}}
I70_MUTATION {"base":"candidate_failure_skip_synthetic","expected":{"code":"RETAINED_PRECISION_ATTEMPT_MISMATCH","gate":"G5"},"i":151,"id":"escalating_end_not_a_terminal_translation","match":true,"observed":{"code":"RETAINED_PRECISION_ATTEMPT_MISMATCH","gate":"G5"}}
I70_MUTATION {"base":"candidate_failure_skip_synthetic","expected":{"code":"RETAINED_PRECISION_ATTEMPT_MISMATCH","gate":"G5"},"i":152,"id":"terminal_stop_wrong_translation","match":true,"observed":{"code":"RETAINED_PRECISION_ATTEMPT_MISMATCH","gate":"G5"}}
I70_MUTATION {"base":"candidate_failure_skip_synthetic","expected":{"code":"RETAINED_PRECISION_ATTEMPT_MISMATCH","gate":"G5"},"i":153,"id":"terminal_refusal_wrong_kind","match":true,"observed":{"code":"RETAINED_PRECISION_ATTEMPT_MISMATCH","gate":"G5"}}
I70_MUTATION {"base":"two_case_facade_after_certificate_synthetic","expected":{"code":"RETAINED_PRECISION_ATTEMPT_MISMATCH","gate":"G5"},"i":154,"id":"idle_budget_below_invocation_limit","match":true,"observed":{"code":"RETAINED_PRECISION_ATTEMPT_MISMATCH","gate":"G5"}}
I70_MUTATION {"base":"two_case_facade_after_certificate_synthetic","expected":{"code":"RETAINED_PRECISION_ATTEMPT_MISMATCH","gate":"G5"},"i":155,"id":"idle_ready_group_not_ledger_refusal","match":true,"observed":{"code":"RETAINED_PRECISION_ATTEMPT_MISMATCH","gate":"G5"}}
I70_MUTATION {"base":"ordinary_prepared_synthetic","expected":{"code":"RETAINED_PRECISION_RECEIPT_MISMATCH","gate":"G1"},"i":156,"id":"work_accounting_prior_not_on_wire","match":true,"observed":{"code":"RETAINED_PRECISION_RECEIPT_MISMATCH","gate":"G1"}}
I70_MUTATION {"base":"two_case_preparation_failure_synthetic","expected":{"code":"RETAINED_PRECISION_PRODUCT_ATTEMPT_MISMATCH","gate":"G5"},"i":157,"id":"refused_member_conversion_kind_bits","match":true,"observed":{"code":"RETAINED_PRECISION_PRODUCT_ATTEMPT_MISMATCH","gate":"G5"}}
I70_MUTATION {"base":"two_case_facade_after_certificate_synthetic","expected":{"code":"RETAINED_PRECISION_PREPARATION_MISMATCH","gate":"G8"},"i":158,"id":"prefix_attached_old_input_unbound","match":true,"observed":{"code":"RETAINED_PRECISION_PREPARATION_MISMATCH","gate":"G8"}}
I70_MUTATION {"base":"ordinary_prepared_synthetic","expected":{"code":"RETAINED_PRECISION_ATTEMPT_MISMATCH","gate":"G5"},"i":159,"id":"report_reference_unrelated_diagnostic","match":true,"observed":{"code":"RETAINED_PRECISION_ATTEMPT_MISMATCH","gate":"G5"}}
I70_MUTATION {"base":"two_case_two_groups_synthetic","expected":{"code":"RETAINED_PRECISION_ATTEMPT_MISMATCH","gate":"G5"},"i":160,"id":"distinct_stiffness_merged_group","match":true,"observed":{"code":"RETAINED_PRECISION_ATTEMPT_MISMATCH","gate":"G5"}}
I70_MUTATION {"base":"two_case_two_groups_synthetic","expected":{"code":"RETAINED_PRECISION_PREPARATION_MISMATCH","gate":"G8"},"i":161,"id":"named_point_value_mismatch","match":true,"observed":{"code":"RETAINED_PRECISION_PREPARATION_MISMATCH","gate":"G8"}}
I70_MUTATION {"base":"ordinary_prepared_interpolated_material_synthetic","expected":{"code":"RETAINED_PRECISION_PREPARATION_MISMATCH","gate":"G8"},"i":162,"id":"interpolation_target_mismatch","match":true,"observed":{"code":"RETAINED_PRECISION_PREPARATION_MISMATCH","gate":"G8"}}
I70_MUTATION {"base":"candidate_failure_skip_synthetic","expected":{"code":"RETAINED_PRECISION_ATTEMPT_MISMATCH","gate":"G5"},"i":163,"id":"work_accounting_after_escalating_stop","match":true,"observed":{"code":"RETAINED_PRECISION_ATTEMPT_MISMATCH","gate":"G5"}}
I70_MUTATION {"base":"two_case_facade_after_certificate_synthetic","expected":{"code":"RETAINED_PRECISION_ATTEMPT_MISMATCH","gate":"G5"},"i":164,"id":"idle_work_accounting_run","match":true,"observed":{"code":"RETAINED_PRECISION_ATTEMPT_MISMATCH","gate":"G5"}}
I70_MUTATION {"base":"p512_ladder_synthetic","expected":{"code":"RETAINED_PRECISION_ATTEMPT_MISMATCH","gate":"G5"},"i":165,"id":"work_accounting_at_last_slot","match":true,"observed":{"code":"RETAINED_PRECISION_ATTEMPT_MISMATCH","gate":"G5"}}
I70_MUTATION {"base":"ordinary_prepared_mm_units_synthetic","expected":{"code":"RETAINED_PRECISION_PREPARATION_MISMATCH","gate":"G8"},"i":166,"id":"mm_unnormalized_coordinate","match":true,"observed":{"code":"RETAINED_PRECISION_PREPARATION_MISMATCH","gate":"G8"}}
I70_MUTATION {"base":"ordinary_prepared_interpolated_material_synthetic","expected":{"code":"RETAINED_PRECISION_PREPARATION_MISMATCH","gate":"G8"},"i":167,"id":"interpolation_missing_alpha","match":true,"observed":{"code":"RETAINED_PRECISION_PREPARATION_MISMATCH","gate":"G8"}}
I70_MUTATION {"base":"ordinary_prepared_interpolated_material_synthetic","expected":{"code":"RETAINED_PRECISION_PREPARATION_MISMATCH","gate":"G8"},"i":168,"id":"interpolation_duplicate_temperature","match":true,"observed":{"code":"RETAINED_PRECISION_PREPARATION_MISMATCH","gate":"G8"}}
I70_MUTATION {"base":"ordinary_prepared_interpolated_material_synthetic","expected":{"code":"RETAINED_PRECISION_PREPARATION_MISMATCH","gate":"G8"},"i":169,"id":"interpolation_target_below_range","match":true,"observed":{"code":"RETAINED_PRECISION_PREPARATION_MISMATCH","gate":"G8"}}
I70_MUTATION {"base":"ordinary_prepared_interpolated_material_synthetic","expected":{"code":"RETAINED_PRECISION_PREPARATION_MISMATCH","gate":"G8"},"i":170,"id":"interpolation_target_at_lower_point","match":true,"observed":{"code":"RETAINED_PRECISION_PREPARATION_MISMATCH","gate":"G8"}}
I70_MUTATION {"base":"ordinary_prepared_interpolated_material_synthetic","expected":{"code":"RETAINED_PRECISION_PREPARATION_MISMATCH","gate":"G8"},"i":171,"id":"interpolation_target_at_upper_point","match":true,"observed":{"code":"RETAINED_PRECISION_PREPARATION_MISMATCH","gate":"G8"}}
I70_MUTATION {"base":"ordinary_prepared_interpolated_material_synthetic","expected":{"code":"RETAINED_PRECISION_PREPARATION_MISMATCH","gate":"G8"},"i":172,"id":"interpolation_target_above_range","match":true,"observed":{"code":"RETAINED_PRECISION_PREPARATION_MISMATCH","gate":"G8"}}
I70_MUTATION {"base":"two_case_facade_after_certificate_synthetic","expected":{"code":"RETAINED_PRECISION_WORK_MISMATCH","gate":"G5"},"i":173,"id":"adapter_fault_present","match":true,"observed":{"code":"RETAINED_PRECISION_WORK_MISMATCH","gate":"G5"}}
I70_MUTATION {"base":"two_case_facade_after_certificate_synthetic","expected":{"code":"RETAINED_PRECISION_WORK_MISMATCH","gate":"G5"},"i":174,"id":"accounting_cause_without_fault","match":true,"observed":{"code":"RETAINED_PRECISION_WORK_MISMATCH","gate":"G5"}}
I70_MUTATION {"base":"two_case_facade_after_certificate_synthetic","expected":{"code":"RETAINED_PRECISION_WORK_MISMATCH","gate":"G5"},"i":175,"id":"scalar_trace_lost_unavailable","match":true,"observed":{"code":"RETAINED_PRECISION_WORK_MISMATCH","gate":"G5"}}
I70_MUTATION {"base":"two_case_facade_after_certificate_synthetic","expected":{"code":"RETAINED_PRECISION_WORK_MISMATCH","gate":"G5"},"i":176,"id":"work_accounting_cause_exact_status","match":true,"observed":{"code":"RETAINED_PRECISION_WORK_MISMATCH","gate":"G5"}}
I70_MUTATION {"base":"two_case_facade_after_certificate_synthetic","expected":{"code":"RETAINED_PRECISION_ATTEMPT_MISMATCH","gate":"G5"},"i":177,"id":"idle_budget_not_exhausted_no_group","match":true,"observed":{"code":"RETAINED_PRECISION_ATTEMPT_MISMATCH","gate":"G5"}}
I70_MUTATION {"base":"two_case_synthetic","expected":{"code":"RETAINED_PRECISION_COVERAGE_MISMATCH","gate":"G3"},"i":178,"id":"execution_order_swapped","match":true,"observed":{"code":"RETAINED_PRECISION_COVERAGE_MISMATCH","gate":"G3"}}
I70_MUTATION {"base":"two_case_synthetic","expected":{"code":"RETAINED_PRECISION_COVERAGE_MISMATCH","gate":"G3"},"i":179,"id":"run_id_not_execution_position","match":true,"observed":{"code":"RETAINED_PRECISION_COVERAGE_MISMATCH","gate":"G3"}}
I70_MUTATION {"base":"two_body_synthetic","expected":{"code":"RETAINED_PRECISION_COVERAGE_MISMATCH","gate":"G3"},"i":180,"id":"old_members_reordered","match":true,"observed":{"code":"RETAINED_PRECISION_COVERAGE_MISMATCH","gate":"G3"}}
I70_MUTATION {"base":"two_body_synthetic","expected":{"code":"RETAINED_PRECISION_COVERAGE_MISMATCH","gate":"G3"},"i":181,"id":"complete_old_short_of_source","match":true,"observed":{"code":"RETAINED_PRECISION_COVERAGE_MISMATCH","gate":"G3"}}
I70_MUTATION {"base":"two_case_preparation_failure_synthetic","expected":{"code":"RETAINED_PRECISION_COVERAGE_MISMATCH","gate":"G3"},"i":182,"id":"unsourced_old_member_noncontiguous","match":true,"observed":{"code":"RETAINED_PRECISION_COVERAGE_MISMATCH","gate":"G3"}}
I70_MUTATION {"base":"two_body_synthetic","expected":{"code":"RETAINED_PRECISION_COVERAGE_MISMATCH","gate":"G3"},"i":183,"id":"complete_old_longer_than_source","match":true,"observed":{"code":"RETAINED_PRECISION_COVERAGE_MISMATCH","gate":"G3"}}
I70_MUTATION {"base":"two_case_facade_after_certificate_synthetic","expected":{"code":"RETAINED_PRECISION_PRODUCT_ATTEMPT_MISMATCH","gate":"G5"},"i":184,"id":"unavailable_source_backref_foreign","match":true,"observed":{"code":"RETAINED_PRECISION_PRODUCT_ATTEMPT_MISMATCH","gate":"G5"}}
I70_MUTATION {"base":"two_case_two_groups_synthetic","expected":{"code":"RETAINED_PRECISION_PRODUCT_ATTEMPT_MISMATCH","gate":"G5"},"i":185,"id":"attempt_basis_not_ordinary","match":true,"observed":{"code":"RETAINED_PRECISION_PRODUCT_ATTEMPT_MISMATCH","gate":"G5"}}
I70_MUTATION {"base":"two_case_facade_after_certificate_synthetic","expected":{"code":"RETAINED_PRECISION_PRODUCT_ATTEMPT_MISMATCH","gate":"G5"},"i":186,"id":"native_error_with_selected_run","match":true,"observed":{"code":"RETAINED_PRECISION_PRODUCT_ATTEMPT_MISMATCH","gate":"G5"}}
I70_MUTATION {"base":"two_case_synthetic","expected":{"code":"RETAINED_PRECISION_ATTEMPT_MISMATCH","gate":"G5"},"i":187,"id":"group_call_out_of_range","match":true,"observed":{"code":"RETAINED_PRECISION_ATTEMPT_MISMATCH","gate":"G5"}}
I70_MUTATION {"base":"verification_failure_skip_synthetic","expected":{"code":"RETAINED_PRECISION_ATTEMPT_MISMATCH","gate":"G5"},"i":188,"id":"escalating_failed_verification_pass_entered","match":true,"observed":{"code":"RETAINED_PRECISION_ATTEMPT_MISMATCH","gate":"G5"}}
I70_MUTATION {"base":"p512_ladder_synthetic","expected":{"code":"RETAINED_PRECISION_ATTEMPT_MISMATCH","gate":"G5"},"i":189,"id":"stop_rule_quantity_other_body","match":true,"observed":{"code":"RETAINED_PRECISION_ATTEMPT_MISMATCH","gate":"G5"}}
I70_MUTATION {"base":"ordinary_prepared_synthetic","expected":{"code":"RETAINED_PRECISION_ATTEMPT_MISMATCH","gate":"G5"},"i":190,"id":"candidate_record_with_verification","match":true,"observed":{"code":"RETAINED_PRECISION_ATTEMPT_MISMATCH","gate":"G5"}}
I70_MUTATION {"base":"ordinary_prepared_synthetic","expected":{"code":"RETAINED_PRECISION_ATTEMPT_MISMATCH","gate":"G5"},"i":191,"id":"ordinary_diagnostic_ref_duplicate","match":true,"observed":{"code":"RETAINED_PRECISION_ATTEMPT_MISMATCH","gate":"G5"}}
I70_MUTATION {"base":"ordinary_prepared_synthetic","expected":{"code":"RETAINED_PRECISION_ATTEMPT_MISMATCH","gate":"G5"},"i":192,"id":"ordinary_diagnostic_ref_dangling","match":true,"observed":{"code":"RETAINED_PRECISION_ATTEMPT_MISMATCH","gate":"G5"}}
I70_MUTATION {"base":"two_case_facade_after_certificate_synthetic","expected":{"code":"RETAINED_PRECISION_ATTEMPT_MISMATCH","gate":"G5"},"i":193,"id":"ordinary_dangling_plus_adapter_fault","match":true,"observed":{"code":"RETAINED_PRECISION_ATTEMPT_MISMATCH","gate":"G5"}}
I70_MUTATION {"base":"ordinary_prepared_synthetic","expected":{"code":"RETAINED_PRECISION_ATTEMPT_MISMATCH","gate":"G5"},"i":194,"id":"selected_case_ordinary_checks_passed","match":true,"observed":{"code":"RETAINED_PRECISION_ATTEMPT_MISMATCH","gate":"G5"}}
I70_MUTATION {"base":"two_case_preparation_failure_synthetic","expected":{"code":"RETAINED_PRECISION_WORK_MISMATCH","gate":"G5"},"i":195,"id":"section_accounting_exact_status","match":true,"observed":{"code":"RETAINED_PRECISION_WORK_MISMATCH","gate":"G5"}}
I70_MUTATION {"base":"two_case_facade_after_certificate_synthetic","expected":{"code":"RETAINED_PRECISION_WORK_MISMATCH","gate":"G5"},"i":196,"id":"nested_stop_work_accounting_exact_status","match":true,"observed":{"code":"RETAINED_PRECISION_WORK_MISMATCH","gate":"G5"}}
I70_MUTATION {"base":"two_case_facade_after_certificate_synthetic","expected":{"code":"RETAINED_PRECISION_WORK_MISMATCH","gate":"G5"},"i":197,"id":"view_work_fault_exact_status","match":true,"observed":{"code":"RETAINED_PRECISION_WORK_MISMATCH","gate":"G5"}}
I70_MUTATION {"base":"two_case_preparation_failure_synthetic","expected":{"code":"RETAINED_PRECISION_WORK_MISMATCH","gate":"G5"},"i":198,"id":"old_operational_accounting_not_lost","match":true,"observed":{"code":"RETAINED_PRECISION_WORK_MISMATCH","gate":"G5"}}
I70_MUTATION {"base":"ordinary_prepared_interpolated_material_synthetic","expected":{"code":"RETAINED_PRECISION_PREPARATION_MISMATCH","gate":"G8"},"i":199,"id":"interpolation_target_at_lower_point_equal_e","match":true,"observed":{"code":"RETAINED_PRECISION_PREPARATION_MISMATCH","gate":"G8"}}
I70_MUTATION {"base":"ordinary_prepared_interpolated_material_synthetic","expected":{"code":"RETAINED_PRECISION_PREPARATION_MISMATCH","gate":"G8"},"i":200,"id":"interpolation_target_below_range_equal_e","match":true,"observed":{"code":"RETAINED_PRECISION_PREPARATION_MISMATCH","gate":"G8"}}
I70_MUTATION {"base":"ordinary_prepared_interpolated_material_synthetic","expected":{"code":"RETAINED_PRECISION_PREPARATION_MISMATCH","gate":"G8"},"i":201,"id":"interpolation_target_at_upper_point_equal_e","match":true,"observed":{"code":"RETAINED_PRECISION_PREPARATION_MISMATCH","gate":"G8"}}
I70_MUTATION {"base":"ordinary_prepared_interpolated_material_synthetic","expected":{"code":"RETAINED_PRECISION_PREPARATION_MISMATCH","gate":"G8"},"i":202,"id":"interpolation_target_above_range_equal_e","match":true,"observed":{"code":"RETAINED_PRECISION_PREPARATION_MISMATCH","gate":"G8"}}
I70_MUTATION {"base":"two_case_facade_after_certificate_synthetic","expected":{"code":"RETAINED_PRECISION_PRODUCT_ATTEMPT_MISMATCH","gate":"G5"},"i":203,"id":"source_preparation_null","match":true,"observed":{"code":"RETAINED_PRECISION_PRODUCT_ATTEMPT_MISMATCH","gate":"G5"}}
I70_MUTATION {"base":"two_case_facade_after_certificate_synthetic","expected":{"code":"RETAINED_PRECISION_PRODUCT_ATTEMPT_MISMATCH","gate":"G5"},"i":204,"id":"run_ref_null_with_case_run","match":true,"observed":{"code":"RETAINED_PRECISION_PRODUCT_ATTEMPT_MISMATCH","gate":"G5"}}
I70_MUTATION {"base":"two_case_facade_after_certificate_synthetic","expected":{"code":"RETAINED_PRECISION_PRODUCT_ATTEMPT_MISMATCH","gate":"G5"},"i":205,"id":"preparation_error_with_selected_run","match":true,"observed":{"code":"RETAINED_PRECISION_PRODUCT_ATTEMPT_MISMATCH","gate":"G5"}}
I70_MUTATION {"base":"two_case_facade_after_certificate_synthetic","expected":{"code":"RETAINED_PRECISION_PRODUCT_ATTEMPT_MISMATCH","gate":"G5"},"i":206,"id":"prepared_failure_cause_without_own_attempt","match":true,"observed":{"code":"RETAINED_PRECISION_PRODUCT_ATTEMPT_MISMATCH","gate":"G5"}}
I70_MUTATION {"base":"two_case_facade_after_certificate_synthetic","expected":{"code":"RETAINED_PRECISION_PRODUCT_ATTEMPT_MISMATCH","gate":"G5"},"i":207,"id":"prepared_failure_cause_foreign_attempt","match":true,"observed":{"code":"RETAINED_PRECISION_PRODUCT_ATTEMPT_MISMATCH","gate":"G5"}}
I70_MUTATION {"base":"two_case_facade_after_certificate_synthetic","expected":{"code":"RETAINED_PRECISION_PRODUCT_ATTEMPT_MISMATCH","gate":"G5"},"i":208,"id":"reason_code_phase_mismatch_on_facade","match":true,"observed":{"code":"RETAINED_PRECISION_PRODUCT_ATTEMPT_MISMATCH","gate":"G5"}}
I70_MUTATION {"base":"two_case_preparation_failure_synthetic","expected":{"code":"RETAINED_PRECISION_PRODUCT_ATTEMPT_MISMATCH","gate":"G5"},"i":209,"id":"reason_code_phase_mismatch_on_preparation","match":true,"observed":{"code":"RETAINED_PRECISION_PRODUCT_ATTEMPT_MISMATCH","gate":"G5"}}
I70_MUTATION {"base":"p512_ladder_synthetic","expected":{"code":"RETAINED_PRECISION_ATTEMPT_MISMATCH","gate":"G5"},"i":210,"id":"rejected_verification_failed_with_completed_verification","match":true,"observed":{"code":"RETAINED_PRECISION_ATTEMPT_MISMATCH","gate":"G5"}}
I70_MUTATION {"base":"ordinary_prepared_synthetic","expected":{"code":"RETAINED_PRECISION_ATTEMPT_MISMATCH","gate":"G5"},"i":211,"id":"rejected_attempt_with_verified_record","match":true,"observed":{"code":"RETAINED_PRECISION_ATTEMPT_MISMATCH","gate":"G5"}}
I70_MUTATION {"base":"two_case_synthetic","expected":{"code":"RETAINED_PRECISION_COVERAGE_MISMATCH","gate":"G3"},"i":212,"id":"ordinary_attempt_order_swapped","match":true,"observed":{"code":"RETAINED_PRECISION_COVERAGE_MISMATCH","gate":"G3"}}
I70_MUTATION {"base":"ordinary_prepared_synthetic","expected":{"code":"RETAINED_PRECISION_ATTEMPT_MISMATCH","gate":"G5"},"i":213,"id":"record_index_not_contiguous","match":true,"observed":{"code":"RETAINED_PRECISION_ATTEMPT_MISMATCH","gate":"G5"}}
I70_MUTATION {"base":"ordinary_prepared_synthetic","expected":{"code":"RETAINED_PRECISION_ATTEMPT_MISMATCH","gate":"G5"},"i":214,"id":"selected_verification_record_not_verified","match":true,"observed":{"code":"RETAINED_PRECISION_ATTEMPT_MISMATCH","gate":"G5"}}
I70_MUTATION {"base":"ordinary_prepared_synthetic","expected":{"code":"RETAINED_PRECISION_WORK_MISMATCH","gate":"G5"},"i":215,"id":"projection_conversions_count_mismatch","match":true,"observed":{"code":"RETAINED_PRECISION_WORK_MISMATCH","gate":"G5"}}
I70_MUTATION {"base":"ordinary_prepared_synthetic","expected":{"code":"RETAINED_PRECISION_WORK_MISMATCH","gate":"G5"},"i":216,"id":"preparation_conversion_count_mismatch","match":true,"observed":{"code":"RETAINED_PRECISION_WORK_MISMATCH","gate":"G5"}}
I70_MUTATION {"base":"ordinary_prepared_synthetic","expected":{"code":"RETAINED_PRECISION_DIAGNOSTIC_MISMATCH","gate":"G4"},"i":217,"id":"retained_diagnostic_names_unrequested_case","match":true,"observed":{"code":"RETAINED_PRECISION_DIAGNOSTIC_MISMATCH","gate":"G4"}}
I70_MUTATION {"base":"ordinary_prepared_synthetic","expected":{"code":"SOURCE_PRODUCER_CONTRACT_UNSUPPORTED","gate":"G0"},"i":218,"id":"g0_case_limit_threshold","match":true,"observed":{"code":"SOURCE_PRODUCER_CONTRACT_UNSUPPORTED","gate":"G0"}}
I70_MUTATION {"base":"ordinary_prepared_synthetic","expected":{"code":"SOURCE_PRODUCER_CONTRACT_UNSUPPORTED","gate":"G0"},"i":219,"id":"g0_invocation_limit_threshold","match":true,"observed":{"code":"SOURCE_PRODUCER_CONTRACT_UNSUPPORTED","gate":"G0"}}
I70_MUTATION {"base":"ordinary_prepared_synthetic","expected":{"code":"SOURCE_PRODUCER_CONTRACT_UNSUPPORTED","gate":"G0"},"i":220,"id":"g0_receipt_version_not_1","match":true,"observed":{"code":"SOURCE_PRODUCER_CONTRACT_UNSUPPORTED","gate":"G0"}}
I70_MUTATION {"base":"ordinary_prepared_synthetic","expected":{"code":"SOURCE_PRODUCER_CONTRACT_UNSUPPORTED","gate":"G0"},"i":221,"id":"g0_canonicalization_profile","match":true,"observed":{"code":"SOURCE_PRODUCER_CONTRACT_UNSUPPORTED","gate":"G0"}}
I70_MUTATION {"base":"ordinary_prepared_synthetic","expected":{"code":"SOURCE_PRODUCER_CONTRACT_UNSUPPORTED","gate":"G0"},"i":222,"id":"g0_retained_precision_absent","match":true,"observed":{"code":"SOURCE_PRODUCER_CONTRACT_UNSUPPORTED","gate":"G0"}}
I70_MUTATION {"base":"ordinary_prepared_synthetic","expected":{"code":"SOURCE_PRODUCER_CONTRACT_UNSUPPORTED","gate":"G0"},"i":223,"id":"g0_receipt_body_absent","match":true,"observed":{"code":"SOURCE_PRODUCER_CONTRACT_UNSUPPORTED","gate":"G0"}}
I70_MUTATION {"base":"ordinary_prepared_synthetic","expected":{"code":"RETAINED_PRECISION_RECEIPT_MISMATCH","gate":"G1"},"i":224,"id":"refusal_work_accounting_variant","match":true,"observed":{"code":"RETAINED_PRECISION_RECEIPT_MISMATCH","gate":"G1"}}
I70_MUTATION {"base":"ordinary_prepared_synthetic","expected":{"code":"RETAINED_PRECISION_RECEIPT_MISMATCH","gate":"G1"},"i":225,"id":"refusal_count_range_variant","match":true,"observed":{"code":"RETAINED_PRECISION_RECEIPT_MISMATCH","gate":"G1"}}
I70_MUTATION {"base":"two_case_preparation_failure_synthetic","expected":{"code":"RETAINED_PRECISION_RECEIPT_MISMATCH","gate":"G1"},"i":226,"id":"unavailable_source_ref_absent","match":true,"observed":{"code":"RETAINED_PRECISION_RECEIPT_MISMATCH","gate":"G1"}}
I70_MUTATION {"base":"two_case_facade_after_certificate_synthetic","expected":{"code":"RETAINED_PRECISION_RECEIPT_MISMATCH","gate":"G1"},"i":227,"id":"source_decline_with_source_ref","match":true,"observed":{"code":"RETAINED_PRECISION_RECEIPT_MISMATCH","gate":"G1"}}
I70_MUTATION {"base":"two_case_facade_after_certificate_synthetic","expected":{"code":"RETAINED_PRECISION_ATTEMPT_MISMATCH","gate":"G5"},"i":228,"id":"rcond_label_plus_adapter_fault","match":true,"observed":{"code":"RETAINED_PRECISION_ATTEMPT_MISMATCH","gate":"G5"}}
I70_MUTATION {"base":"ordinary_prepared_synthetic","expected":{"code":"RETAINED_PRECISION_ATTEMPT_MISMATCH","gate":"G5"},"i":229,"id":"native_attempt_defect_after_native_work_defect","match":true,"observed":{"code":"RETAINED_PRECISION_ATTEMPT_MISMATCH","gate":"G5"}}
I70_MUTATION {"base":"ordinary_prepared_synthetic","expected":{"code":"RETAINED_PRECISION_ATTEMPT_MISMATCH","gate":"G5"},"i":230,"id":"dangling_candidate_record","match":true,"observed":{"code":"RETAINED_PRECISION_ATTEMPT_MISMATCH","gate":"G5"}}
I70_MUTATION {"base":"ordinary_prepared_synthetic","expected":{"code":"RETAINED_PRECISION_WORK_MISMATCH","gate":"G5"},"i":231,"id":"dangling_build_ref","match":true,"observed":{"code":"RETAINED_PRECISION_WORK_MISMATCH","gate":"G5"}}
I70_MUTATION {"base":"ordinary_prepared_synthetic","expected":{"code":"RETAINED_PRECISION_PRODUCT_ATTEMPT_MISMATCH","gate":"G5"},"i":232,"id":"dangling_ordinary_attempt_ref","match":true,"observed":{"code":"RETAINED_PRECISION_PRODUCT_ATTEMPT_MISMATCH","gate":"G5"}}
I70_MUTATION {"base":"ordinary_prepared_synthetic","expected":{"code":"RETAINED_PRECISION_SECTION_MISMATCH","gate":"G5b"},"i":233,"id":"g5b_zero_section_area","match":true,"observed":{"code":"RETAINED_PRECISION_SECTION_MISMATCH","gate":"G5b"}}
I70_MUTATION {"base":"two_case_facade_after_certificate_synthetic","expected":{"code":"RETAINED_PRECISION_ATTEMPT_MISMATCH","gate":"G5"},"i":234,"id":"ordinary_dangling_ref_plus_source_preparation_null","match":true,"observed":{"code":"RETAINED_PRECISION_ATTEMPT_MISMATCH","gate":"G5"}}
I70_MUTATION {"base":"ordinary_prepared_synthetic","expected":{"code":"RETAINED_PRECISION_SECTION_MISMATCH","gate":"G5b"},"i":235,"id":"g5b_zero_section_length","match":true,"observed":{"code":"RETAINED_PRECISION_SECTION_MISMATCH","gate":"G5b"}}
I70_MUTATION {"base":"two_case_facade_after_certificate_synthetic","expected":{"code":"RETAINED_PRECISION_PRODUCT_ATTEMPT_MISMATCH","gate":"G5"},"i":236,"id":"unavailable_attempt_under_facade_failure_cause","match":true,"observed":{"code":"RETAINED_PRECISION_PRODUCT_ATTEMPT_MISMATCH","gate":"G5"}}
I70_MUTATION {"base":"two_case_preparation_failure_synthetic","expected":{"code":"RETAINED_PRECISION_PRODUCT_ATTEMPT_MISMATCH","gate":"G5"},"i":237,"id":"unavailable_attempt_under_source_error_cause","match":true,"observed":{"code":"RETAINED_PRECISION_PRODUCT_ATTEMPT_MISMATCH","gate":"G5"}}
I70_MUTATION {"base":"two_case_facade_after_certificate_synthetic","expected":{"code":"RETAINED_PRECISION_PRODUCT_ATTEMPT_MISMATCH","gate":"G5"},"i":238,"id":"preparation_error_selected_run_under_receipt_cause","match":true,"observed":{"code":"RETAINED_PRECISION_PRODUCT_ATTEMPT_MISMATCH","gate":"G5"}}
I70_MUTATION {"base":"two_case_synthetic","expected":{"code":"RETAINED_PRECISION_PRODUCT_ATTEMPT_MISMATCH","gate":"G5"},"i":239,"id":"selected_case_without_c3_attempt","match":true,"observed":{"code":"RETAINED_PRECISION_PRODUCT_ATTEMPT_MISMATCH","gate":"G5"}}
I70_MUTATION {"base":"verification_failure_skip_synthetic","expected":{"code":"RETAINED_PRECISION_ATTEMPT_MISMATCH","gate":"G5"},"i":240,"id":"vbuild_on_escalating_failed_verification","match":true,"observed":{"code":"RETAINED_PRECISION_ATTEMPT_MISMATCH","gate":"G5"}}
I70_MUTATION {"base":"two_case_facade_after_certificate_synthetic","expected":{"code":"RETAINED_PRECISION_PRODUCT_ATTEMPT_MISMATCH","gate":"G5"},"i":241,"id":"dangling_attempt_source_ref","match":true,"observed":{"code":"RETAINED_PRECISION_PRODUCT_ATTEMPT_MISMATCH","gate":"G5"}}
I70_MUTATION {"base":"two_body_synthetic","expected":{"code":"RETAINED_PRECISION_COVERAGE_MISMATCH","gate":"G3"},"i":242,"id":"source_member_map_kernel_id_noncanonical","match":true,"observed":{"code":"RETAINED_PRECISION_COVERAGE_MISMATCH","gate":"G3"}}
I70_MUTATION {"base":"ordinary_prepared_synthetic","expected":{"code":"RETAINED_PRECISION_RECEIPT_MISMATCH","gate":"G1"},"i":243,"id":"forged_publication_hash","match":true,"observed":{"code":"RETAINED_PRECISION_RECEIPT_MISMATCH","gate":"G1"}}
I70_MUTATION {"base":"ordinary_prepared_synthetic","expected":{"code":"RETAINED_PRECISION_RECEIPT_MISMATCH","gate":"G1"},"i":244,"id":"forged_preparation_hash","match":true,"observed":{"code":"RETAINED_PRECISION_RECEIPT_MISMATCH","gate":"G1"}}
I70_MUTATION {"base":"ordinary_prepared_synthetic","expected":{"code":"RETAINED_PRECISION_RECEIPT_MISMATCH","gate":"G1"},"i":245,"id":"source_identity_stale_receipt_rehashed","match":true,"observed":{"code":"RETAINED_PRECISION_RECEIPT_MISMATCH","gate":"G1"}}
I70_MUTATION {"base":"ordinary_prepared_synthetic","expected":{"code":"RETAINED_PRECISION_RECEIPT_MISMATCH","gate":"G1"},"i":246,"id":"forged_receipt_hash","match":true,"observed":{"code":"RETAINED_PRECISION_RECEIPT_MISMATCH","gate":"G1"}}
I70_MUTATION {"base":"ordinary_prepared_synthetic","expected":{"code":"RETAINED_PRECISION_SCALE_MISMATCH","gate":"G5a"},"i":247,"id":"g5a_sanity_margin_between_2m40_and_2m39","match":true,"observed":{"code":"RETAINED_PRECISION_SCALE_MISMATCH","gate":"G5a"}}
I70_MUTATION {"base":"two_case_facade_after_certificate_synthetic","expected":{"code":"RETAINED_PRECISION_WORK_MISMATCH","gate":"G5"},"i":248,"id":"idle_run_exhausted_meter_chain_broken","match":true,"observed":{"code":"RETAINED_PRECISION_WORK_MISMATCH","gate":"G5"}}
I70_MUTATION {"base":"p512_ladder_synthetic","expected":{"code":"RETAINED_PRECISION_ATTEMPT_MISMATCH","gate":"G5"},"i":249,"id":"verification_estimate_quantity_not_in_layout","match":true,"observed":{"code":"RETAINED_PRECISION_ATTEMPT_MISMATCH","gate":"G5"}}
I70_MUTATION {"base":"p512_ladder_synthetic","expected":{"code":"RETAINED_PRECISION_ATTEMPT_MISMATCH","gate":"G5"},"i":250,"id":"charge_quantity_not_in_layout","match":true,"observed":{"code":"RETAINED_PRECISION_ATTEMPT_MISMATCH","gate":"G5"}}
I70_MUTATION {"base":"p512_ladder_synthetic","expected":{"code":"RETAINED_PRECISION_ATTEMPT_MISMATCH","gate":"G5"},"i":251,"id":"publication_enclosure_quantity_not_in_layout","match":true,"observed":{"code":"RETAINED_PRECISION_ATTEMPT_MISMATCH","gate":"G5"}}
I70_MUTATION {"base":"ordinary_prepared_synthetic","expected":{"code":"RETAINED_PRECISION_COVERAGE_MISMATCH","gate":"G3"},"i":252,"id":"empty_body_inventory","match":true,"observed":{"code":"RETAINED_PRECISION_COVERAGE_MISMATCH","gate":"G3"}}
I70_MUTATION {"base":"verification_failure_skip_synthetic","expected":{"code":"RETAINED_PRECISION_ATTEMPT_MISMATCH","gate":"G5"},"i":253,"id":"verification_summary_on_escalating_failed_verification","match":true,"observed":{"code":"RETAINED_PRECISION_ATTEMPT_MISMATCH","gate":"G5"}}
I70_MUTATION {"base":"ordinary_prepared_synthetic","expected":{"code":"RETAINED_PRECISION_INVOCATION_MISMATCH","gate":"G8"},"i":254,"id":"model_schema_version_0_4_0_rejected","match":true,"observed":{"code":"RETAINED_PRECISION_INVOCATION_MISMATCH","gate":"G8"}}
I70_MUTATION {"base":"ordinary_prepared_synthetic","expected":{"code":"RETAINED_PRECISION_RECEIPT_MISMATCH","gate":"G1"},"i":255,"id":"forged_source_identity_float_source_ref","match":true,"observed":{"code":"RETAINED_PRECISION_RECEIPT_MISMATCH","gate":"G1"}}
I70_MUTATION {"base":"p512_ladder_synthetic","expected":{"code":"RETAINED_PRECISION_ATTEMPT_MISMATCH","gate":"G5"},"i":256,"id":"verification_estimate_names_translation_row","match":true,"observed":{"code":"RETAINED_PRECISION_ATTEMPT_MISMATCH","gate":"G5"}}
I70_MUTATION {"base":"two_case_synthetic","expected":{"code":"RETAINED_PRECISION_PRODUCT_ATTEMPT_MISMATCH","gate":"G5"},"i":257,"id":"ready_attempt_under_facade_failure_cause","match":true,"observed":{"code":"RETAINED_PRECISION_PRODUCT_ATTEMPT_MISMATCH","gate":"G5"}}
I70_MUTATION {"base":"two_case_synthetic","expected":{"code":"RETAINED_PRECISION_PRODUCT_ATTEMPT_MISMATCH","gate":"G5"},"i":258,"id":"ready_attempt_under_prepared_product_failure","match":true,"observed":{"code":"RETAINED_PRECISION_PRODUCT_ATTEMPT_MISMATCH","gate":"G5"}}
I70_MUTATION {"base":"ordinary_prepared_synthetic","expected":{"code":"SOURCE_PRODUCER_CONTRACT_UNSUPPORTED","gate":"G0"},"i":259,"id":"g0_receipt_version_non_integral","match":true,"observed":{"code":"SOURCE_PRODUCER_CONTRACT_UNSUPPORTED","gate":"G0"}}
I70_MUTATION {"base":"ordinary_prepared_synthetic","expected":{"code":"SOURCE_PRODUCER_CONTRACT_UNSUPPORTED","gate":"G0"},"i":260,"id":"g0_case_limit_non_integral","match":true,"observed":{"code":"SOURCE_PRODUCER_CONTRACT_UNSUPPORTED","gate":"G0"}}
I70_MUTATION {"base":"ordinary_prepared_synthetic","expected":{"code":"SOURCE_PRODUCER_CONTRACT_UNSUPPORTED","gate":"G0"},"i":261,"id":"g0_invocation_limit_non_integral","match":true,"observed":{"code":"SOURCE_PRODUCER_CONTRACT_UNSUPPORTED","gate":"G0"}}
I70_MUTATION {"base":"p512_ladder_synthetic","expected":{"code":"RETAINED_PRECISION_ATTEMPT_MISMATCH","gate":"G5"},"i":262,"id":"verification_estimate_names_rotation_row","match":true,"observed":{"code":"RETAINED_PRECISION_ATTEMPT_MISMATCH","gate":"G5"}}
I70_MUTATION {"base":"two_case_facade_after_certificate_synthetic","expected":{"code":"RETAINED_PRECISION_PRODUCT_ATTEMPT_MISMATCH","gate":"G5"},"i":263,"id":"g5a_error_with_g5a_not_entered","match":true,"observed":{"code":"RETAINED_PRECISION_PRODUCT_ATTEMPT_MISMATCH","gate":"G5"}}
I70_MUTATION {"base":"two_case_facade_after_certificate_synthetic","expected":{"code":"RETAINED_PRECISION_PRODUCT_ATTEMPT_MISMATCH","gate":"G5"},"i":264,"id":"observable_error_with_observables_not_entered","match":true,"observed":{"code":"RETAINED_PRECISION_PRODUCT_ATTEMPT_MISMATCH","gate":"G5"}}
I70_MUTATION {"base":"two_case_facade_after_certificate_synthetic","expected":{"code":"RETAINED_PRECISION_PRODUCT_ATTEMPT_MISMATCH","gate":"G5"},"i":265,"id":"numeric_error_with_checks_not_entered","match":true,"observed":{"code":"RETAINED_PRECISION_PRODUCT_ATTEMPT_MISMATCH","gate":"G5"}}
I70_MUTATION {"base":"two_case_facade_after_certificate_synthetic","expected":{"code":"RETAINED_PRECISION_PRODUCT_ATTEMPT_MISMATCH","gate":"G5"},"i":266,"id":"proof_error_with_certificate_passed","match":true,"observed":{"code":"RETAINED_PRECISION_PRODUCT_ATTEMPT_MISMATCH","gate":"G5"}}
I70_MUTATION {"base":"two_case_facade_after_certificate_synthetic","expected":{"code":"RETAINED_PRECISION_PRODUCT_ATTEMPT_MISMATCH","gate":"G5"},"i":267,"id":"values_error_with_values_completed","match":true,"observed":{"code":"RETAINED_PRECISION_PRODUCT_ATTEMPT_MISMATCH","gate":"G5"}}
I70_MUTATION {"base":"ordinary_prepared_synthetic","expected":{"code":"RETAINED_PRECISION_ATTEMPT_MISMATCH","gate":"G5"},"i":268,"id":"f5_ordinary_refs_omit_naming_diagnostic","match":true,"observed":{"code":"RETAINED_PRECISION_ATTEMPT_MISMATCH","gate":"G5"}}
I70_MUTATION {"base":"ordinary_prepared_synthetic","expected":{"code":"RETAINED_PRECISION_ATTEMPT_MISMATCH","gate":"G5"},"i":269,"id":"f5_ordinary_refs_out_of_envelope_order","match":true,"observed":{"code":"RETAINED_PRECISION_ATTEMPT_MISMATCH","gate":"G5"}}
I70_MUTATION {"base":"ordinary_prepared_synthetic","expected":{"code":"RETAINED_PRECISION_ATTEMPT_MISMATCH","gate":"G5"},"i":270,"id":"f5_ordinary_refs_list_retained_precision_m09","match":true,"observed":{"code":"RETAINED_PRECISION_ATTEMPT_MISMATCH","gate":"G5"}}
I70_MUTATION {"base":"ordinary_prepared_synthetic","expected":{"code":"RETAINED_PRECISION_ATTEMPT_MISMATCH","gate":"G5"},"i":271,"id":"f5_ordinary_refs_list_invocation_level_m10","match":true,"observed":{"code":"RETAINED_PRECISION_ATTEMPT_MISMATCH","gate":"G5"}}
I70_MUTATION {"base":"two_case_synthetic","expected":{"code":"RETAINED_PRECISION_ATTEMPT_MISMATCH","gate":"G5"},"i":272,"id":"f5_ordinary_refs_list_other_case","match":true,"observed":{"code":"RETAINED_PRECISION_ATTEMPT_MISMATCH","gate":"G5"}}
I70_MUTATION {"base":"ordinary_prepared_synthetic","expected":{"code":"RETAINED_PRECISION_ATTEMPT_MISMATCH","gate":"G5"},"i":273,"id":"f5_ordinary_refs_relaxed_d6a_form","match":true,"observed":{"code":"RETAINED_PRECISION_ATTEMPT_MISMATCH","gate":"G5"}}
I70_MUTATION {"base":"ordinary_prepared_synthetic","expected":{"code":"RETAINED_PRECISION_ATTEMPT_MISMATCH","gate":"G5"},"i":274,"id":"f5_affected_refs_string_names_no_case","match":true,"observed":{"code":"RETAINED_PRECISION_ATTEMPT_MISMATCH","gate":"G5"}}
I70_MUTATION {"base":"two_case_synthetic","expected":{"code":"RETAINED_PRECISION_ATTEMPT_MISMATCH","gate":"G5"},"i":275,"id":"f5_ordinary_refs_second_case_relaxed_d6a_form","match":true,"observed":{"code":"RETAINED_PRECISION_ATTEMPT_MISMATCH","gate":"G5"}}
I70_MUTATION {"base":"ordinary_prepared_synthetic","expected":{"code":"RETAINED_PRECISION_ATTEMPT_MISMATCH","gate":"G5"},"i":276,"id":"f5_ordinary_refs_strict_prefix","match":true,"observed":{"code":"RETAINED_PRECISION_ATTEMPT_MISMATCH","gate":"G5"}}
I70_MUTATION {"base":"two_case_preparation_failure_synthetic","expected":{"code":"SOURCE_NUMERICAL_CASE_INVALID","gate":"G7"},"i":277,"id":"g7_not_required_quality_enum_invalid","match":true,"observed":{"code":"SOURCE_NUMERICAL_CASE_INVALID","gate":"G7"}}
I70_MUTATION {"base":"u8_l0_isolated_node_sparse_interactive","expected":{"code":"RETAINED_PRECISION_SCALE_MISMATCH","gate":"G5a"},"i":278,"id":"isolated_rotation_stop_sparse_interactive","match":true,"observed":{"code":"RETAINED_PRECISION_SCALE_MISMATCH","gate":"G5a"}}
I70_MUTATION {"base":"u8_l0_isolated_node_sparse_interactive","expected":{"code":"RETAINED_PRECISION_RECEIPT_MISMATCH","gate":"G1"},"i":279,"id":"isolated_has_data_sparse_interactive","match":true,"observed":{"code":"RETAINED_PRECISION_RECEIPT_MISMATCH","gate":"G1"}}
I70_MUTATION {"base":"u8_l0_isolated_node_sparse_interactive","expected":{"code":"RETAINED_PRECISION_SCALE_MISMATCH","gate":"G5a"},"i":280,"id":"isolated_estimate_coupled_sparse_interactive","match":true,"observed":{"code":"RETAINED_PRECISION_SCALE_MISMATCH","gate":"G5a"}}
I70_MUTATION {"base":"u8_l0_isolated_node_dense_scrutiny","expected":{"code":"RETAINED_PRECISION_SCALE_MISMATCH","gate":"G5a"},"i":281,"id":"isolated_rotation_stop_dense_scrutiny","match":true,"observed":{"code":"RETAINED_PRECISION_SCALE_MISMATCH","gate":"G5a"}}
I70_MUTATION {"base":"u8_l0_isolated_node_dense_scrutiny","expected":{"code":"RETAINED_PRECISION_SCALE_MISMATCH","gate":"G5a"},"i":282,"id":"isolated_has_data_dense_scrutiny","match":true,"observed":{"code":"RETAINED_PRECISION_SCALE_MISMATCH","gate":"G5a"}}
I70_MUTATION {"base":"u8_l0_isolated_node_dense_scrutiny","expected":{"code":"RETAINED_PRECISION_SCALE_MISMATCH","gate":"G5a"},"i":283,"id":"isolated_estimate_coupled_dense_scrutiny","match":true,"observed":{"code":"RETAINED_PRECISION_SCALE_MISMATCH","gate":"G5a"}}
I70_MUTATION {"base":"u8_l0_isolated_node_sparse_interactive","expected":{"code":"RETAINED_PRECISION_SCALE_MISMATCH","gate":"G5a"},"i":284,"id":"isolated_translation_rotation_stop_sparse_interactive","match":true,"observed":{"code":"RETAINED_PRECISION_SCALE_MISMATCH","gate":"G5a"}}
I70_MUTATION {"base":"u8_l0_isolated_node_dense_scrutiny","expected":{"code":"RETAINED_PRECISION_SCALE_MISMATCH","gate":"G5a"},"i":285,"id":"isolated_translation_rotation_stop_dense_scrutiny","match":true,"observed":{"code":"RETAINED_PRECISION_SCALE_MISMATCH","gate":"G5a"}}
I70_MUST_PASS {"admitted":true,"base":"ordinary_prepared_synthetic","counts_rel_abs_inp_nq_nc":[66,1,6,1,0],"eligible":true,"expected_eligible":true,"i":0,"id":"loaded_stop_without_force_moment","match":true}
I70_MUST_PASS {"admitted":true,"base":"ordinary_prepared_synthetic","counts_rel_abs_inp_nq_nc":[66,1,6,1,0],"eligible":true,"expected_eligible":true,"i":1,"id":"loaded_all_stop_false","match":true}
I70_MUST_PASS {"admitted":true,"base":"ordinary_prepared_no_data_synthetic","counts_rel_abs_inp_nq_nc":[0,67,6,1,0],"eligible":true,"expected_eligible":true,"i":2,"id":"no_data_all_stop_true","match":true}
I70_MUST_PASS {"admitted":true,"base":"ordinary_prepared_no_data_synthetic","counts_rel_abs_inp_nq_nc":[0,67,6,1,0],"eligible":true,"expected_eligible":true,"i":3,"id":"no_data_attested_data_block","match":true}
I70_MUST_PASS {"admitted":true,"base":"ordinary_prepared_cancelled_loads_synthetic","counts_rel_abs_inp_nq_nc":[0,67,6,1,0],"eligible":true,"expected_eligible":true,"i":4,"id":"cancelled_all_stop_true","match":true}
I70_MUST_PASS {"admitted":true,"base":"two_case_facade_after_certificate_synthetic","counts_rel_abs_inp_nq_nc":[66,1,6,1,0],"eligible":false,"expected_eligible":false,"i":5,"id":"cert_failed_before_summary","match":true}
I70_MUST_PASS {"admitted":true,"base":"two_case_facade_after_certificate_synthetic","counts_rel_abs_inp_nq_nc":[66,1,6,1,0],"eligible":false,"expected_eligible":false,"i":6,"id":"lane_k_failed","match":true}
I70_MUST_PASS {"admitted":true,"base":"two_case_facade_after_certificate_synthetic","counts_rel_abs_inp_nq_nc":[66,1,6,1,0],"eligible":false,"expected_eligible":false,"i":7,"id":"lane_source_failed","match":true}
I70_MUST_PASS {"admitted":true,"base":"two_case_facade_after_certificate_synthetic","counts_rel_abs_inp_nq_nc":[66,1,6,1,0],"eligible":false,"expected_eligible":false,"i":8,"id":"maxima_abandoned","match":true}
I70_MUST_PASS {"admitted":true,"base":"two_case_preparation_failure_synthetic","counts_rel_abs_inp_nq_nc":[66,1,6,1,0],"eligible":false,"expected_eligible":false,"i":9,"id":"prefix_captured","match":true}
I70_MUST_PASS {"admitted":true,"base":"two_case_facade_after_certificate_synthetic","counts_rel_abs_inp_nq_nc":[66,1,6,1,0],"eligible":false,"expected_eligible":false,"i":10,"id":"cert_failed_after_summary_storage","match":true}
I70_MUST_PASS {"admitted":true,"base":"two_body_synthetic","counts_rel_abs_inp_nq_nc":[66,68,12,1,0],"eligible":true,"expected_eligible":true,"i":11,"id":"two_body_swap_stop_with_rosters","match":true}
I70_MUST_PASS {"admitted":true,"base":"p512_ladder_synthetic","counts_rel_abs_inp_nq_nc":[66,68,12,1,0],"eligible":true,"expected_eligible":true,"i":12,"id":"p512_charge_follows_stop_zero_floor_body","match":true}
I70_MUST_PASS {"admitted":true,"base":"two_case_synthetic","counts_rel_abs_inp_nq_nc":[66,68,12,2,0],"eligible":true,"expected_eligible":true,"i":13,"id":"copy_flags_into_unloaded","match":true}
I70_MUST_PASS {"admitted":true,"base":"two_case_preparation_failure_synthetic","counts_rel_abs_inp_nq_nc":[66,1,6,1,0],"eligible":false,"expected_eligible":false,"i":14,"id":"prefix_unattached_old_operand_attested","match":true}
I70_MUST_PASS {"admitted":true,"base":"two_case_facade_after_certificate_synthetic","counts_rel_abs_inp_nq_nc":[66,1,6,1,0],"eligible":false,"expected_eligible":false,"i":15,"id":"values_failed_separate_completion","match":true}
I70_MUST_PASS {"admitted":true,"base":"two_case_facade_after_certificate_synthetic","counts_rel_abs_inp_nq_nc":[66,1,6,1,0],"eligible":false,"expected_eligible":false,"i":16,"id":"aliases_abandoned","match":true}
I70_MUST_PASS {"admitted":true,"base":"two_case_facade_after_certificate_synthetic","counts_rel_abs_inp_nq_nc":[66,1,6,1,0],"eligible":false,"expected_eligible":false,"i":17,"id":"bind_rows_abandoned","match":true}
I70_MUST_PASS {"admitted":true,"base":"ordinary_prepared_interpolated_material_synthetic","counts_rel_abs_inp_nq_nc":[66,1,6,1,0],"eligible":true,"expected_eligible":true,"i":18,"id":"interpolation_equal_e_bracketed_control","match":true}
I70_MUST_PASS {"admitted":true,"base":"ordinary_prepared_synthetic","counts_rel_abs_inp_nq_nc":[66,1,6,1,0],"eligible":true,"expected_eligible":true,"i":19,"id":"integral_float_integers_and_references","match":true}
I70_MUST_PASS {"admitted":true,"base":"ordinary_prepared_synthetic","counts_rel_abs_inp_nq_nc":[66,1,6,1,0],"eligible":true,"expected_eligible":true,"i":20,"id":"model_schema_version_0_1_0_accepted","match":true}
I70_MUST_PASS {"admitted":true,"base":"p512_ladder_synthetic","counts_rel_abs_inp_nq_nc":[66,68,12,1,0],"eligible":true,"expected_eligible":true,"i":21,"id":"verification_estimate_names_moment_row","match":true}
I70_MUST_PASS {"admitted":true,"base":"ordinary_prepared_synthetic","counts_rel_abs_inp_nq_nc":[66,1,6,1,0],"eligible":true,"expected_eligible":true,"i":22,"id":"f5_envelope_reordered_exact_list","match":true}
I70_MUST_PASS {"admitted":true,"base":"two_case_preparation_failure_synthetic","counts_rel_abs_inp_nq_nc":[66,1,6,1,0],"eligible":true,"expected_eligible":true,"i":23,"id":"not_required_second_case_checks_passed","match":true}
I70_MUST_PASS {"admitted":true,"base":"u8_l0_isolated_node_sparse_interactive","counts_rel_abs_inp_nq_nc":[25,78,9,1,0],"eligible":true,"expected_eligible":true,"i":24,"id":"isolated_estimate_uncoupled_sparse_interactive","match":true}
I70_MUST_PASS {"admitted":true,"base":"u8_l0_isolated_node_dense_scrutiny","counts_rel_abs_inp_nq_nc":[25,78,9,2,0],"eligible":true,"expected_eligible":true,"i":25,"id":"isolated_estimate_uncoupled_dense_scrutiny","match":true}
I70_MUST_PASS {"admitted":true,"base":"u8_l0_isolated_node_sparse_interactive","counts_rel_abs_inp_nq_nc":[25,78,9,1,0],"eligible":true,"expected_eligible":true,"i":26,"id":"isolated_translation_stop_sparse_interactive","match":true}
I70_MUST_PASS {"admitted":true,"base":"u8_l0_isolated_node_dense_scrutiny","counts_rel_abs_inp_nq_nc":[25,78,9,2,0],"eligible":true,"expected_eligible":true,"i":27,"id":"isolated_translation_stop_dense_scrutiny","match":true}
I70_SUMMARY {"cases":[17,17],"must_pass":[28,28],"mutations":[286,286]}

---- snapshot_03_mutation_outcomes stdout ----
I63_OUTCOME_03 {"base":"ordinary_prepared_synthetic","expected":{"code":"RETAINED_PRECISION_RECEIPT_MISMATCH","gate":"G1"},"id":"method_null","match":true,"observed":{"code":"RETAINED_PRECISION_RECEIPT_MISMATCH","gate":"G1"}}
I63_OUTCOME_03 {"base":"ordinary_prepared_synthetic","expected":{"code":"RETAINED_PRECISION_RECEIPT_MISMATCH","gate":"G1"},"id":"method_number","match":true,"observed":{"code":"RETAINED_PRECISION_RECEIPT_MISMATCH","gate":"G1"}}
I63_OUTCOME_03 {"base":"ordinary_prepared_synthetic","expected":{"code":"RETAINED_PRECISION_RECEIPT_MISMATCH","gate":"G1"},"id":"method_alternate_metadata","match":true,"observed":{"code":"RETAINED_PRECISION_RECEIPT_MISMATCH","gate":"G1"}}
I63_OUTCOME_03 {"base":"ordinary_prepared_synthetic","expected":{"code":"RETAINED_PRECISION_RECEIPT_MISMATCH","gate":"G1"},"id":"method_alternate_container","match":true,"observed":{"code":"RETAINED_PRECISION_RECEIPT_MISMATCH","gate":"G1"}}
I63_OUTCOME_03 {"base":"ordinary_prepared_synthetic","expected":{"code":"RETAINED_PRECISION_ROW_METHOD_MISMATCH","gate":"G6"},"id":"method_empty","match":true,"observed":{"code":"RETAINED_PRECISION_ROW_METHOD_MISMATCH","gate":"G6"}}
I63_OUTCOME_03 {"base":"ordinary_prepared_synthetic","expected":{"code":"RETAINED_PRECISION_ROW_METHOD_MISMATCH","gate":"G6"},"id":"method_wrong","match":true,"observed":{"code":"RETAINED_PRECISION_ROW_METHOD_MISMATCH","gate":"G6"}}
I63_OUTCOME_03 {"base":"ordinary_prepared_synthetic","expected":{"code":"RETAINED_PRECISION_ROW_METHOD_MISMATCH","gate":"G6"},"id":"method_missing","match":true,"observed":{"code":"RETAINED_PRECISION_ROW_METHOD_MISMATCH","gate":"G6"}}
I63_OUTCOME_03 {"base":"ordinary_prepared_synthetic","expected":{"code":"RETAINED_PRECISION_ENCODING_MISMATCH","gate":"G2"},"id":"nonfinite_then_method","match":true,"observed":{"code":"RETAINED_PRECISION_ENCODING_MISMATCH","gate":"G2"}}
I63_OUTCOME_03 {"base":"ordinary_prepared_synthetic","expected":{"code":"RETAINED_PRECISION_RECEIPT_MISMATCH","gate":"G1"},"id":"shape_then_encoding","match":true,"observed":{"code":"RETAINED_PRECISION_RECEIPT_MISMATCH","gate":"G1"}}
I63_OUTCOME_03 {"base":"ordinary_prepared_synthetic","expected":{"code":"RETAINED_PRECISION_ENCODING_MISMATCH","gate":"G2"},"id":"negative_zero_counter","match":true,"observed":{"code":"RETAINED_PRECISION_ENCODING_MISMATCH","gate":"G2"}}
I63_OUTCOME_03 {"base":"ordinary_prepared_synthetic","expected":{"code":"RETAINED_PRECISION_COVERAGE_MISMATCH","gate":"G3"},"id":"coverage_then_method","match":true,"observed":{"code":"RETAINED_PRECISION_COVERAGE_MISMATCH","gate":"G3"}}
I63_OUTCOME_03 {"base":"ordinary_prepared_synthetic","expected":{"code":"RETAINED_PRECISION_COVERAGE_MISMATCH","gate":"G3"},"id":"member_prefix_coverage","match":true,"observed":{"code":"RETAINED_PRECISION_COVERAGE_MISMATCH","gate":"G3"}}
I63_OUTCOME_03 {"base":"ordinary_prepared_synthetic","expected":{"code":"RETAINED_PRECISION_DIAGNOSTIC_MISMATCH","gate":"G4"},"id":"diagnostic_then_method","match":true,"observed":{"code":"RETAINED_PRECISION_DIAGNOSTIC_MISMATCH","gate":"G4"}}
I63_OUTCOME_03 {"base":"ordinary_prepared_synthetic","expected":{"code":"RETAINED_PRECISION_WORK_MISMATCH","gate":"G5"},"id":"native_work","match":true,"observed":{"code":"RETAINED_PRECISION_WORK_MISMATCH","gate":"G5"}}
I63_OUTCOME_03 {"base":"ordinary_prepared_synthetic","expected":{"code":"RETAINED_PRECISION_RECEIPT_MISMATCH","gate":"G1"},"id":"product_new_not_ready","match":true,"observed":{"code":"RETAINED_PRECISION_RECEIPT_MISMATCH","gate":"G1"}}
I63_OUTCOME_03 {"base":"ordinary_prepared_synthetic","expected":{"code":"RETAINED_PRECISION_SCALE_MISMATCH","gate":"G5b"},"id":"body_scale","match":true,"observed":{"code":"RETAINED_PRECISION_SCALE_MISMATCH","gate":"G5b"}}
I63_OUTCOME_03 {"base":"ordinary_prepared_synthetic","expected":{"code":"RETAINED_PRECISION_SECTION_MISMATCH","gate":"G5b"},"id":"section_echo","match":true,"observed":{"code":"RETAINED_PRECISION_SECTION_MISMATCH","gate":"G5b"}}
I63_OUTCOME_03 {"base":"ordinary_prepared_synthetic","expected":{"code":"RETAINED_PRECISION_CLASSIFICATION_MISMATCH","gate":"G5c"},"id":"absolute_bound","match":true,"observed":{"code":"RETAINED_PRECISION_CLASSIFICATION_MISMATCH","gate":"G5c"}}
I63_OUTCOME_03 {"base":"ordinary_prepared_synthetic","expected":{"code":"RETAINED_PRECISION_INPUT_DOF_MISMATCH","gate":"G5c"},"id":"input_dof","match":true,"observed":{"code":"RETAINED_PRECISION_INPUT_DOF_MISMATCH","gate":"G5c"}}
I63_OUTCOME_03 {"base":"ordinary_prepared_synthetic","expected":{"code":"RETAINED_PRECISION_PREPARATION_MISMATCH","gate":"G8"},"id":"old_inputs_must_bind_old_J","match":true,"observed":{"code":"RETAINED_PRECISION_PREPARATION_MISMATCH","gate":"G8"}}
I63_OUTCOME_03 {"base":"ordinary_prepared_synthetic","expected":{"code":"RETAINED_PRECISION_PREPARATION_MISMATCH","gate":"G8"},"id":"new_stiffness_must_bind_C2","match":true,"observed":{"code":"RETAINED_PRECISION_PREPARATION_MISMATCH","gate":"G8"}}
I63_OUTCOME_03 {"base":"ordinary_prepared_synthetic","expected":{"code":"RETAINED_PRECISION_INVOCATION_MISMATCH","gate":"G8"},"id":"bad_invocation_digest","match":true,"observed":{"code":"RETAINED_PRECISION_INVOCATION_MISMATCH","gate":"G8"}}
I63_OUTCOME_03 {"base":"ordinary_prepared_synthetic","expected":{"code":"SOURCE_PRODUCER_CONTRACT_UNSUPPORTED","gate":"G0"},"id":"v1_relabel","match":true,"observed":{"code":"SOURCE_PRODUCER_CONTRACT_UNSUPPORTED","gate":"G0"}}
I63_OUTCOME_03 {"base":"ordinary_prepared_synthetic","expected":{"code":"RETAINED_PRECISION_PREPARATION_MISMATCH","gate":"G8"},"id":"native_source_digest_rehashed","match":true,"observed":{"code":"RETAINED_PRECISION_PREPARATION_MISMATCH","gate":"G8"}}
I63_OUTCOME_03 {"base":"ordinary_prepared_synthetic","expected":{"code":"RETAINED_PRECISION_PREPARATION_MISMATCH","gate":"G8"},"id":"native_stiffness_digest_rehashed","match":true,"observed":{"code":"RETAINED_PRECISION_PREPARATION_MISMATCH","gate":"G8"}}
I63_OUTCOME_03 {"base":"ordinary_prepared_synthetic","expected":{"code":"RETAINED_PRECISION_ATTEMPT_MISMATCH","gate":"G5"},"id":"physical_residual_basis","match":true,"observed":{"code":"RETAINED_PRECISION_ATTEMPT_MISMATCH","gate":"G5"}}
I63_OUTCOME_03 {"base":"ordinary_prepared_synthetic","expected":{"code":"RETAINED_PRECISION_WORK_MISMATCH","gate":"G5"},"id":"physical_stop_stage_partition","match":true,"observed":{"code":"RETAINED_PRECISION_WORK_MISMATCH","gate":"G5"}}
I63_OUTCOME_03 {"base":"ordinary_prepared_synthetic","expected":{"code":"RETAINED_PRECISION_ENCODING_MISMATCH","gate":"G2"},"id":"negative_zero_scale_with_wrong_method","match":true,"observed":{"code":"RETAINED_PRECISION_ENCODING_MISMATCH","gate":"G2"}}
I63_OUTCOME_03 {"base":"ordinary_prepared_synthetic","expected":{"code":"RETAINED_PRECISION_WORK_MISMATCH","gate":"G5"},"id":"shared_stage_projection_preserves_total","match":true,"observed":{"code":"RETAINED_PRECISION_WORK_MISMATCH","gate":"G5"}}
I63_OUTCOME_03 {"base":"ordinary_prepared_synthetic","expected":{"code":"RETAINED_PRECISION_WORK_MISMATCH","gate":"G5"},"id":"verification_own_stage_projection_preserves_total","match":true,"observed":{"code":"RETAINED_PRECISION_WORK_MISMATCH","gate":"G5"}}

---- snapshot_04_coverage_mutation_outcomes stdout ----
I63_OUTCOME {"base":"ordinary_prepared_synthetic","expected":{"code":"RETAINED_PRECISION_RECEIPT_MISMATCH","gate":"G1"},"id":"coverage_member_missing","match":true,"observed":{"code":"RETAINED_PRECISION_RECEIPT_MISMATCH","gate":"G1"}}
I63_OUTCOME {"base":"ordinary_prepared_synthetic","expected":{"code":"RETAINED_PRECISION_RECEIPT_MISMATCH","gate":"G1"},"id":"coverage_object_not_array","match":true,"observed":{"code":"RETAINED_PRECISION_RECEIPT_MISMATCH","gate":"G1"}}
I63_OUTCOME {"base":"ordinary_prepared_synthetic","expected":{"code":"RETAINED_PRECISION_RECEIPT_MISMATCH","gate":"G1"},"id":"coverage_entry_null","match":true,"observed":{"code":"RETAINED_PRECISION_RECEIPT_MISMATCH","gate":"G1"}}
I63_OUTCOME {"base":"ordinary_prepared_synthetic","expected":{"code":"RETAINED_PRECISION_RECEIPT_MISMATCH","gate":"G1"},"id":"coverage_stop_three","match":true,"observed":{"code":"RETAINED_PRECISION_RECEIPT_MISMATCH","gate":"G1"}}
I63_OUTCOME {"base":"ordinary_prepared_synthetic","expected":{"code":"RETAINED_PRECISION_RECEIPT_MISMATCH","gate":"G1"},"id":"coverage_stop_five","match":true,"observed":{"code":"RETAINED_PRECISION_RECEIPT_MISMATCH","gate":"G1"}}
I63_OUTCOME {"base":"ordinary_prepared_synthetic","expected":{"code":"RETAINED_PRECISION_RECEIPT_MISMATCH","gate":"G1"},"id":"coverage_stop_numeric_flag","match":true,"observed":{"code":"RETAINED_PRECISION_RECEIPT_MISMATCH","gate":"G1"}}
I63_OUTCOME {"base":"ordinary_prepared_synthetic","expected":{"code":"RETAINED_PRECISION_RECEIPT_MISMATCH","gate":"G1"},"id":"coverage_stop_null_flag","match":true,"observed":{"code":"RETAINED_PRECISION_RECEIPT_MISMATCH","gate":"G1"}}
I63_OUTCOME {"base":"ordinary_prepared_synthetic","expected":{"code":"RETAINED_PRECISION_RECEIPT_MISMATCH","gate":"G1"},"id":"coverage_has_data_numeric","match":true,"observed":{"code":"RETAINED_PRECISION_RECEIPT_MISMATCH","gate":"G1"}}
I63_OUTCOME {"base":"ordinary_prepared_synthetic","expected":{"code":"RETAINED_PRECISION_RECEIPT_MISMATCH","gate":"G1"},"id":"coverage_has_data_null","match":true,"observed":{"code":"RETAINED_PRECISION_RECEIPT_MISMATCH","gate":"G1"}}
I63_OUTCOME {"base":"ordinary_prepared_synthetic","expected":{"code":"RETAINED_PRECISION_RECEIPT_MISMATCH","gate":"G1"},"id":"coverage_has_data_missing","match":true,"observed":{"code":"RETAINED_PRECISION_RECEIPT_MISMATCH","gate":"G1"}}
I63_OUTCOME {"base":"ordinary_prepared_synthetic","expected":{"code":"RETAINED_PRECISION_RECEIPT_MISMATCH","gate":"G1"},"id":"coverage_unknown_field","match":true,"observed":{"code":"RETAINED_PRECISION_RECEIPT_MISMATCH","gate":"G1"}}
I63_OUTCOME {"base":"ordinary_prepared_synthetic","expected":{"code":"RETAINED_PRECISION_RECEIPT_MISMATCH","gate":"G1"},"id":"coverage_body_string","match":true,"observed":{"code":"RETAINED_PRECISION_RECEIPT_MISMATCH","gate":"G1"}}
I63_OUTCOME {"base":"ordinary_prepared_synthetic","expected":{"code":"RETAINED_PRECISION_RECEIPT_MISMATCH","gate":"G1"},"id":"coverage_shape_then_duplicate","match":true,"observed":{"code":"RETAINED_PRECISION_RECEIPT_MISMATCH","gate":"G1"}}
I63_OUTCOME {"base":"ordinary_prepared_synthetic","expected":{"code":"RETAINED_PRECISION_RECEIPT_MISMATCH","gate":"G1"},"id":"coverage_defect_with_null_method","match":true,"observed":{"code":"RETAINED_PRECISION_RECEIPT_MISMATCH","gate":"G1"}}
I63_OUTCOME {"base":"ordinary_prepared_synthetic","expected":{"code":"RETAINED_PRECISION_ENCODING_MISMATCH","gate":"G2"},"id":"coverage_body_negative_zero","match":true,"observed":{"code":"RETAINED_PRECISION_ENCODING_MISMATCH","gate":"G2"}}
I63_OUTCOME {"base":"ordinary_prepared_synthetic","expected":{"code":"RETAINED_PRECISION_ENCODING_MISMATCH","gate":"G2"},"id":"coverage_body_fraction","match":true,"observed":{"code":"RETAINED_PRECISION_ENCODING_MISMATCH","gate":"G2"}}
I63_OUTCOME {"base":"ordinary_prepared_synthetic","expected":{"code":"RETAINED_PRECISION_ENCODING_MISMATCH","gate":"G2"},"id":"coverage_body_negative","match":true,"observed":{"code":"RETAINED_PRECISION_ENCODING_MISMATCH","gate":"G2"}}
I63_OUTCOME {"base":"ordinary_prepared_synthetic","expected":{"code":"RETAINED_PRECISION_ENCODING_MISMATCH","gate":"G2"},"id":"coverage_encoding_then_duplicate","match":true,"observed":{"code":"RETAINED_PRECISION_ENCODING_MISMATCH","gate":"G2"}}
I63_OUTCOME {"base":"ordinary_prepared_synthetic","expected":{"code":"RETAINED_PRECISION_COVERAGE_MISMATCH","gate":"G3"},"id":"coverage_empty_array","match":true,"observed":{"code":"RETAINED_PRECISION_COVERAGE_MISMATCH","gate":"G3"}}
I63_OUTCOME {"base":"ordinary_prepared_synthetic","expected":{"code":"RETAINED_PRECISION_COVERAGE_MISMATCH","gate":"G3"},"id":"coverage_duplicate_body","match":true,"observed":{"code":"RETAINED_PRECISION_COVERAGE_MISMATCH","gate":"G3"}}
I63_OUTCOME {"base":"ordinary_prepared_synthetic","expected":{"code":"RETAINED_PRECISION_COVERAGE_MISMATCH","gate":"G3"},"id":"coverage_foreign_body","match":true,"observed":{"code":"RETAINED_PRECISION_COVERAGE_MISMATCH","gate":"G3"}}
I63_OUTCOME {"base":"ordinary_prepared_synthetic","expected":{"code":"RETAINED_PRECISION_COVERAGE_MISMATCH","gate":"G3"},"id":"coverage_extra_body","match":true,"observed":{"code":"RETAINED_PRECISION_COVERAGE_MISMATCH","gate":"G3"}}
I63_OUTCOME {"base":"ordinary_prepared_synthetic","expected":{"code":"RETAINED_PRECISION_COVERAGE_MISMATCH","gate":"G3"},"id":"coverage_duplicate_then_flag_and_method","match":true,"observed":{"code":"RETAINED_PRECISION_COVERAGE_MISMATCH","gate":"G3"}}
I63_OUTCOME {"base":"ordinary_prepared_synthetic","expected":{"code":"RETAINED_PRECISION_COVERAGE_MISMATCH","gate":"G3"},"id":"attempt_owner_only","match":true,"observed":{"code":"RETAINED_PRECISION_COVERAGE_MISMATCH","gate":"G3"}}
I63_OUTCOME {"base":"ordinary_prepared_synthetic","expected":{"code":"RETAINED_PRECISION_PRODUCT_ATTEMPT_MISMATCH","gate":"G5"},"id":"coverage_null_on_ready","match":true,"observed":{"code":"RETAINED_PRECISION_PRODUCT_ATTEMPT_MISMATCH","gate":"G5"}}
I63_OUTCOME {"base":"ordinary_prepared_synthetic","expected":{"code":"RETAINED_PRECISION_PRODUCT_ATTEMPT_MISMATCH","gate":"G5"},"id":"coverage_null_then_method","match":true,"observed":{"code":"RETAINED_PRECISION_PRODUCT_ATTEMPT_MISMATCH","gate":"G5"}}
I63_OUTCOME {"base":"ordinary_prepared_synthetic","expected":{"code":"RETAINED_PRECISION_SCALE_MISMATCH","gate":"G5a"},"id":"coverage_has_data_false","match":true,"observed":{"code":"RETAINED_PRECISION_SCALE_MISMATCH","gate":"G5a"}}
I63_OUTCOME {"base":"ordinary_prepared_synthetic","expected":{"code":"RETAINED_PRECISION_ATTEMPT_MISMATCH","gate":"G5"},"id":"certified_bound_unbound_drop_existing_g5","match":true,"observed":{"code":"RETAINED_PRECISION_ATTEMPT_MISMATCH","gate":"G5"}}
I63_OUTCOME {"base":"ordinary_prepared_synthetic","expected":{"code":"RETAINED_PRECISION_SCALE_MISMATCH","gate":"G5a"},"id":"coverage_drop_certified_bound","match":true,"observed":{"code":"RETAINED_PRECISION_SCALE_MISMATCH","gate":"G5a"}}
I63_OUTCOME {"base":"ordinary_prepared_synthetic","expected":{"code":"RETAINED_PRECISION_SCALE_MISMATCH","gate":"G5a"},"id":"coverage_no_data_claim_with_free_loads","match":true,"observed":{"code":"RETAINED_PRECISION_SCALE_MISMATCH","gate":"G5a"}}
I63_OUTCOME {"base":"ordinary_prepared_synthetic","expected":{"code":"RETAINED_PRECISION_SCALE_MISMATCH","gate":"G5a"},"id":"coverage_stop_forbidden_entry","match":true,"observed":{"code":"RETAINED_PRECISION_SCALE_MISMATCH","gate":"G5a"}}
I63_OUTCOME {"base":"ordinary_prepared_synthetic","expected":{"code":"RETAINED_PRECISION_SCALE_MISMATCH","gate":"G5a"},"id":"coverage_stop_uncoupled_consistent_roster","match":true,"observed":{"code":"RETAINED_PRECISION_SCALE_MISMATCH","gate":"G5a"}}
I63_OUTCOME {"base":"ordinary_prepared_synthetic","expected":{"code":"RETAINED_PRECISION_SCALE_MISMATCH","gate":"G5a"},"id":"stop_rule_drop_required_zero","match":true,"observed":{"code":"RETAINED_PRECISION_SCALE_MISMATCH","gate":"G5a"}}
I63_OUTCOME {"base":"ordinary_prepared_synthetic","expected":{"code":"RETAINED_PRECISION_SCALE_MISMATCH","gate":"G5a"},"id":"stop_rule_duplicate_zero","match":true,"observed":{"code":"RETAINED_PRECISION_SCALE_MISMATCH","gate":"G5a"}}
I63_OUTCOME {"base":"ordinary_prepared_synthetic","expected":{"code":"RETAINED_PRECISION_SCALE_MISMATCH","gate":"G5a"},"id":"estimate_drop_required_zero","match":true,"observed":{"code":"RETAINED_PRECISION_SCALE_MISMATCH","gate":"G5a"}}
I63_OUTCOME {"base":"ordinary_prepared_synthetic","expected":{"code":"RETAINED_PRECISION_SCALE_MISMATCH","gate":"G5a"},"id":"estimate_forbidden_translation_zero","match":true,"observed":{"code":"RETAINED_PRECISION_SCALE_MISMATCH","gate":"G5a"}}
I63_OUTCOME {"base":"ordinary_prepared_synthetic","expected":{"code":"RETAINED_PRECISION_SCALE_MISMATCH","gate":"G5a"},"id":"charge_drop_required_zero","match":true,"observed":{"code":"RETAINED_PRECISION_SCALE_MISMATCH","gate":"G5a"}}
I63_OUTCOME {"base":"ordinary_prepared_synthetic","expected":{"code":"RETAINED_PRECISION_SCALE_MISMATCH","gate":"G5a"},"id":"charge_follows_stop_below_p512","match":true,"observed":{"code":"RETAINED_PRECISION_SCALE_MISMATCH","gate":"G5a"}}
I63_OUTCOME {"base":"ordinary_prepared_synthetic","expected":{"code":"RETAINED_PRECISION_SCALE_MISMATCH","gate":"G5a"},"id":"certified_bound_duplicate","match":true,"observed":{"code":"RETAINED_PRECISION_SCALE_MISMATCH","gate":"G5a"}}
I63_OUTCOME {"base":"ordinary_prepared_synthetic","expected":{"code":"RETAINED_PRECISION_SCALE_MISMATCH","gate":"G5a"},"id":"coverage_flag_defect_then_method","match":true,"observed":{"code":"RETAINED_PRECISION_SCALE_MISMATCH","gate":"G5a"}}
I63_OUTCOME {"base":"ordinary_prepared_no_data_synthetic","expected":{"code":"RETAINED_PRECISION_SCALE_MISMATCH","gate":"G5a"},"id":"nodata_forbidden_stop_zero","match":true,"observed":{"code":"RETAINED_PRECISION_SCALE_MISMATCH","gate":"G5a"}}
I63_OUTCOME {"base":"ordinary_prepared_no_data_synthetic","expected":{"code":"RETAINED_PRECISION_SCALE_MISMATCH","gate":"G5a"},"id":"nodata_forbidden_estimate_zero","match":true,"observed":{"code":"RETAINED_PRECISION_SCALE_MISMATCH","gate":"G5a"}}
I63_OUTCOME {"base":"ordinary_prepared_no_data_synthetic","expected":{"code":"RETAINED_PRECISION_SCALE_MISMATCH","gate":"G5a"},"id":"nodata_forbidden_charge_zero","match":true,"observed":{"code":"RETAINED_PRECISION_SCALE_MISMATCH","gate":"G5a"}}
I63_OUTCOME {"base":"ordinary_prepared_no_data_synthetic","expected":{"code":"RETAINED_PRECISION_SCALE_MISMATCH","gate":"G5a"},"id":"nodata_forbidden_certified_bound","match":true,"observed":{"code":"RETAINED_PRECISION_SCALE_MISMATCH","gate":"G5a"}}
I63_OUTCOME {"base":"ordinary_prepared_no_data_synthetic","expected":{"code":"RETAINED_PRECISION_SCALE_MISMATCH","gate":"G5a"},"id":"nodata_has_data_without_bound","match":true,"observed":{"code":"RETAINED_PRECISION_SCALE_MISMATCH","gate":"G5a"}}
I63_OUTCOME {"base":"ordinary_prepared_no_data_synthetic","expected":{"code":"RETAINED_PRECISION_SCALE_MISMATCH","gate":"G5a"},"id":"nodata_estimate_coupling_L_nonzero","match":true,"observed":{"code":"RETAINED_PRECISION_SCALE_MISMATCH","gate":"G5a"}}
I63_OUTCOME {"base":"ordinary_prepared_synthetic","expected":{"code":"RETAINED_PRECISION_SCALE_MISMATCH","gate":"G5a"},"id":"coverage_flag_defect_then_body_scale","match":true,"observed":{"code":"RETAINED_PRECISION_SCALE_MISMATCH","gate":"G5a"}}

---- snapshot_05a_mutation_outcomes stdout ----
I63_OUTCOME_05A {"base":"ordinary_prepared_synthetic","expected":{"code":"RETAINED_PRECISION_SCALE_MISMATCH","gate":"G5a"},"id":"layout_force_row_input_derived","match":true,"observed":{"code":"RETAINED_PRECISION_SCALE_MISMATCH","gate":"G5a"}}
I63_OUTCOME_05A {"base":"ordinary_prepared_synthetic","expected":{"code":"RETAINED_PRECISION_SCALE_MISMATCH","gate":"G5a"},"id":"layout_constrained_displacement_not_input_derived","match":true,"observed":{"code":"RETAINED_PRECISION_SCALE_MISMATCH","gate":"G5a"}}
I63_OUTCOME_05A {"base":"ordinary_prepared_synthetic","expected":{"code":"RETAINED_PRECISION_SCALE_MISMATCH","gate":"G5a"},"id":"layout_nonzero_prescription","match":true,"observed":{"code":"RETAINED_PRECISION_SCALE_MISMATCH","gate":"G5a"}}
I63_OUTCOME_05A {"base":"ordinary_prepared_synthetic","expected":{"code":"RETAINED_PRECISION_PRODUCT_ATTEMPT_MISMATCH","gate":"G5"},"id":"coverage_null_and_product_work","match":true,"observed":{"code":"RETAINED_PRECISION_PRODUCT_ATTEMPT_MISMATCH","gate":"G5"}}
I63_OUTCOME_05A {"base":"ordinary_prepared_synthetic","expected":{"code":"RETAINED_PRECISION_WORK_MISMATCH","gate":"G5"},"id":"product_work_only","match":true,"observed":{"code":"RETAINED_PRECISION_WORK_MISMATCH","gate":"G5"}}
I63_OUTCOME_05A {"base":"ordinary_prepared_synthetic","expected":{"code":"RETAINED_PRECISION_WORK_MISMATCH","gate":"G5"},"id":"native_work_then_coverage_null","match":true,"observed":{"code":"RETAINED_PRECISION_WORK_MISMATCH","gate":"G5"}}
I63_OUTCOME_05A {"base":"ordinary_prepared_synthetic","expected":{"code":"RETAINED_PRECISION_SCALE_MISMATCH","gate":"G5a"},"id":"layout_row_relabelled","match":true,"observed":{"code":"RETAINED_PRECISION_SCALE_MISMATCH","gate":"G5a"}}
I63_OUTCOME_05A {"base":"ordinary_prepared_synthetic","expected":{"code":"RETAINED_PRECISION_SCALE_MISMATCH","gate":"G5a"},"id":"layout_row_dropped","match":true,"observed":{"code":"RETAINED_PRECISION_SCALE_MISMATCH","gate":"G5a"}}
I63_OUTCOME_05A {"base":"ordinary_prepared_synthetic","expected":{"code":"RETAINED_PRECISION_SCALE_MISMATCH","gate":"G5a"},"id":"layout_rows_reordered","match":true,"observed":{"code":"RETAINED_PRECISION_SCALE_MISMATCH","gate":"G5a"}}
I63_OUTCOME_05A {"base":"ordinary_prepared_synthetic","expected":{"code":"RETAINED_PRECISION_SCALE_MISMATCH","gate":"G5a"},"id":"layout_row_foreign_body","match":true,"observed":{"code":"RETAINED_PRECISION_SCALE_MISMATCH","gate":"G5a"}}
I63_OUTCOME_05A {"base":"ordinary_prepared_no_data_synthetic","expected":{"code":"RETAINED_PRECISION_COVERAGE_MISMATCH","gate":"G3"},"id":"nodata_empty_coverage","match":true,"observed":{"code":"RETAINED_PRECISION_COVERAGE_MISMATCH","gate":"G3"}}
I63_OUTCOME_05A {"base":"ordinary_prepared_synthetic","expected":{"code":"RETAINED_PRECISION_SCALE_MISMATCH","gate":"G5a"},"id":"verification_bound_duplicate_entry","match":true,"observed":{"code":"RETAINED_PRECISION_SCALE_MISMATCH","gate":"G5a"}}
I63_OUTCOME_05A {"base":"ordinary_prepared_no_data_synthetic","expected":{"code":"RETAINED_PRECISION_SCALE_MISMATCH","gate":"G5a"},"id":"verification_bound_missing_entry","match":true,"observed":{"code":"RETAINED_PRECISION_SCALE_MISMATCH","gate":"G5a"}}
I63_OUTCOME_05A {"base":"ordinary_prepared_no_data_synthetic","expected":{"code":"RETAINED_PRECISION_SCALE_MISMATCH","gate":"G5a"},"id":"nodata_verification_bound_nonnull","match":true,"observed":{"code":"RETAINED_PRECISION_SCALE_MISMATCH","gate":"G5a"}}
I63_OUTCOME_05A {"base":"ordinary_prepared_synthetic","expected":{"code":"RETAINED_PRECISION_ATTEMPT_MISMATCH","gate":"G5"},"id":"schedule_fresh_first_p256","match":true,"observed":{"code":"RETAINED_PRECISION_ATTEMPT_MISMATCH","gate":"G5"}}
I63_OUTCOME_05A {"base":"ordinary_prepared_cancelled_loads_synthetic","expected":{"code":"RETAINED_PRECISION_SCALE_MISMATCH","gate":"G5a"},"id":"cancelled_no_data_claim","match":true,"observed":{"code":"RETAINED_PRECISION_SCALE_MISMATCH","gate":"G5a"}}
I63_OUTCOME_05A {"base":"ordinary_prepared_cancelled_loads_synthetic","expected":{"code":"RETAINED_PRECISION_SCALE_MISMATCH","gate":"G5a"},"id":"cancelled_drop_B_only","match":true,"observed":{"code":"RETAINED_PRECISION_SCALE_MISMATCH","gate":"G5a"}}
I63_OUTCOME_05A {"base":"two_case_facade_after_certificate_synthetic","expected":{"code":"RETAINED_PRECISION_PRODUCT_ATTEMPT_MISMATCH","gate":"G5"},"id":"unavailable_certificate_passed_coverage_null","match":true,"observed":{"code":"RETAINED_PRECISION_PRODUCT_ATTEMPT_MISMATCH","gate":"G5"}}
I63_OUTCOME_05A {"base":"two_case_facade_after_certificate_synthetic","expected":{"code":"RETAINED_PRECISION_COVERAGE_MISMATCH","gate":"G3"},"id":"unavailable_empty_coverage","match":true,"observed":{"code":"RETAINED_PRECISION_COVERAGE_MISMATCH","gate":"G3"}}
I63_OUTCOME_05A {"base":"two_case_facade_after_certificate_synthetic","expected":{"code":"RETAINED_PRECISION_SCALE_MISMATCH","gate":"G5a"},"id":"unavailable_no_data_claim_with_free_loads","match":true,"observed":{"code":"RETAINED_PRECISION_SCALE_MISMATCH","gate":"G5a"}}
I63_OUTCOME_05A {"base":"two_case_facade_after_certificate_synthetic","expected":{"code":"RETAINED_PRECISION_SCALE_MISMATCH","gate":"G5a"},"id":"unavailable_stop_uncoupled","match":true,"observed":{"code":"RETAINED_PRECISION_SCALE_MISMATCH","gate":"G5a"}}
I63_OUTCOME_05A {"base":"two_case_facade_after_certificate_synthetic","expected":{"code":"RETAINED_PRECISION_SCALE_MISMATCH","gate":"G5a"},"id":"unavailable_layout_relabelled","match":true,"observed":{"code":"RETAINED_PRECISION_SCALE_MISMATCH","gate":"G5a"}}
I63_OUTCOME_05A {"base":"two_case_facade_after_certificate_synthetic","expected":{"code":"RETAINED_PRECISION_SCALE_MISMATCH","gate":"G5a"},"id":"unavailable_verification_bound_duplicate","match":true,"observed":{"code":"RETAINED_PRECISION_SCALE_MISMATCH","gate":"G5a"}}
I63_OUTCOME_05A {"base":"two_case_facade_after_certificate_synthetic","expected":{"code":"RETAINED_PRECISION_PRODUCT_ATTEMPT_MISMATCH","gate":"G5"},"id":"cert_failed_before_summary_g5a_passed","match":true,"observed":{"code":"RETAINED_PRECISION_PRODUCT_ATTEMPT_MISMATCH","gate":"G5"}}
I63_OUTCOME_05A {"base":"two_case_facade_after_certificate_synthetic","expected":{"code":"RETAINED_PRECISION_PRODUCT_ATTEMPT_MISMATCH","gate":"G5"},"id":"lane_k_failed_with_coverage","match":true,"observed":{"code":"RETAINED_PRECISION_PRODUCT_ATTEMPT_MISMATCH","gate":"G5"}}
I63_OUTCOME_05A {"base":"two_case_facade_after_certificate_synthetic","expected":{"code":"RETAINED_PRECISION_PRODUCT_ATTEMPT_MISMATCH","gate":"G5"},"id":"maxima_abandoned_with_coverage","match":true,"observed":{"code":"RETAINED_PRECISION_PRODUCT_ATTEMPT_MISMATCH","gate":"G5"}}
I63_OUTCOME_05A {"base":"two_case_preparation_failure_synthetic","expected":{"code":"RETAINED_PRECISION_COVERAGE_MISMATCH","gate":"G3"},"id":"prefix_captured_with_members","match":true,"observed":{"code":"RETAINED_PRECISION_COVERAGE_MISMATCH","gate":"G3"}}

---- snapshot_05b_mutation_outcomes stdout ----
I63_OUTCOME_05B {"base":"two_body_synthetic","expected":{"code":"RETAINED_PRECISION_SCALE_MISMATCH","gate":"G5a"},"id":"two_body_swap_has_data","match":true,"observed":{"code":"RETAINED_PRECISION_SCALE_MISMATCH","gate":"G5a"}}
I63_OUTCOME_05B {"base":"two_body_synthetic","expected":{"code":"RETAINED_PRECISION_SCALE_MISMATCH","gate":"G5a"},"id":"two_body_swap_has_data_with_rosters","match":true,"observed":{"code":"RETAINED_PRECISION_SCALE_MISMATCH","gate":"G5a"}}
I63_OUTCOME_05B {"base":"two_body_synthetic","expected":{"code":"RETAINED_PRECISION_SCALE_MISMATCH","gate":"G5a"},"id":"two_body_swap_stop_only","match":true,"observed":{"code":"RETAINED_PRECISION_SCALE_MISMATCH","gate":"G5a"}}
I63_OUTCOME_05B {"base":"two_body_synthetic","expected":{"code":"RETAINED_PRECISION_COVERAGE_MISMATCH","gate":"G3"},"id":"two_body_body_order_swapped","match":true,"observed":{"code":"RETAINED_PRECISION_COVERAGE_MISMATCH","gate":"G3"}}
I63_OUTCOME_05B {"base":"two_body_synthetic","expected":{"code":"RETAINED_PRECISION_COVERAGE_MISMATCH","gate":"G3"},"id":"two_body_missing_body","match":true,"observed":{"code":"RETAINED_PRECISION_COVERAGE_MISMATCH","gate":"G3"}}
I63_OUTCOME_05B {"base":"two_body_synthetic","expected":{"code":"RETAINED_PRECISION_SCALE_MISMATCH","gate":"G5a"},"id":"two_body_resolution_order_swapped","match":true,"observed":{"code":"RETAINED_PRECISION_SCALE_MISMATCH","gate":"G5a"}}
I63_OUTCOME_05B {"base":"p512_ladder_synthetic","expected":{"code":"RETAINED_PRECISION_SCALE_MISMATCH","gate":"G5b"},"id":"p512_floor_not_phi","match":true,"observed":{"code":"RETAINED_PRECISION_SCALE_MISMATCH","gate":"G5b"}}
I63_OUTCOME_05B {"base":"p512_ladder_synthetic","expected":{"code":"RETAINED_PRECISION_SCALE_MISMATCH","gate":"G5a"},"id":"p512_positive_floor_forces_stop","match":true,"observed":{"code":"RETAINED_PRECISION_SCALE_MISMATCH","gate":"G5a"}}
I63_OUTCOME_05B {"base":"p512_ladder_synthetic","expected":{"code":"RETAINED_PRECISION_SCALE_MISMATCH","gate":"G5a"},"id":"p512_charge_follows_estimate","match":true,"observed":{"code":"RETAINED_PRECISION_SCALE_MISMATCH","gate":"G5a"}}
I63_OUTCOME_05B {"base":"p512_ladder_synthetic","expected":{"code":"RETAINED_PRECISION_SCALE_MISMATCH","gate":"G5a"},"id":"p512_floor_null","match":true,"observed":{"code":"RETAINED_PRECISION_SCALE_MISMATCH","gate":"G5a"}}
I63_OUTCOME_05B {"base":"p512_ladder_synthetic","expected":{"code":"RETAINED_PRECISION_SCALE_MISMATCH","gate":"G5a"},"id":"p512_zero_floor_body_given_positive_floor","match":true,"observed":{"code":"RETAINED_PRECISION_SCALE_MISMATCH","gate":"G5a"}}
I63_OUTCOME_05B {"base":"two_case_synthetic","expected":{"code":"RETAINED_PRECISION_SCALE_MISMATCH","gate":"G5a"},"id":"copy_flags_into_loaded","match":true,"observed":{"code":"RETAINED_PRECISION_SCALE_MISMATCH","gate":"G5a"}}
I63_OUTCOME_05B {"base":"two_case_synthetic","expected":{"code":"RETAINED_PRECISION_PRODUCT_ATTEMPT_MISMATCH","gate":"G5"},"id":"rebind_source_run_only","match":true,"observed":{"code":"RETAINED_PRECISION_PRODUCT_ATTEMPT_MISMATCH","gate":"G5"}}
I63_OUTCOME_05B {"base":"two_case_synthetic","expected":{"code":"RETAINED_PRECISION_SCALE_MISMATCH","gate":"G5a"},"id":"cross_case_gate_order_selected","match":true,"observed":{"code":"RETAINED_PRECISION_SCALE_MISMATCH","gate":"G5a"}}
I63_OUTCOME_05B {"base":"two_case_facade_after_certificate_synthetic","expected":{"code":"RETAINED_PRECISION_SCALE_MISMATCH","gate":"G5a"},"id":"cross_case_gate_order_unavailable","match":true,"observed":{"code":"RETAINED_PRECISION_SCALE_MISMATCH","gate":"G5a"}}
I63_OUTCOME_05B {"base":"two_case_facade_after_certificate_synthetic","expected":{"code":"RETAINED_PRECISION_SCALE_MISMATCH","gate":"G5a"},"id":"unavailable_record_resolution_duplicate","match":true,"observed":{"code":"RETAINED_PRECISION_SCALE_MISMATCH","gate":"G5a"}}
I63_OUTCOME_05B {"base":"two_case_facade_after_certificate_synthetic","expected":{"code":"RETAINED_PRECISION_SCALE_MISMATCH","gate":"G5a"},"id":"unavailable_record_theta_duplicate","match":true,"observed":{"code":"RETAINED_PRECISION_SCALE_MISMATCH","gate":"G5a"}}

---- snapshot_06a_mutation_outcomes stdout ----
I63_OUTCOME_06A {"base":"candidate_failure_skip_synthetic","expected":{"code":"RETAINED_PRECISION_ATTEMPT_MISMATCH","gate":"G5"},"id":"skip_after_failed_candidate_reused","match":true,"observed":{"code":"RETAINED_PRECISION_ATTEMPT_MISMATCH","gate":"G5"}}
I63_OUTCOME_06A {"base":"candidate_failure_skip_synthetic","expected":{"code":"RETAINED_PRECISION_ATTEMPT_MISMATCH","gate":"G5"},"id":"skip_after_failed_candidate_wrong_slot","match":true,"observed":{"code":"RETAINED_PRECISION_ATTEMPT_MISMATCH","gate":"G5"}}
I63_OUTCOME_06A {"base":"candidate_failure_skip_synthetic","expected":{"code":"RETAINED_PRECISION_ATTEMPT_MISMATCH","gate":"G5"},"id":"failed_build_reason_mismatch","match":true,"observed":{"code":"RETAINED_PRECISION_ATTEMPT_MISMATCH","gate":"G5"}}
I63_OUTCOME_06A {"base":"candidate_failure_skip_synthetic","expected":{"code":"RETAINED_PRECISION_WORK_MISMATCH","gate":"G5"},"id":"failed_slot_not_cached","match":true,"observed":{"code":"RETAINED_PRECISION_WORK_MISMATCH","gate":"G5"}}
I63_OUTCOME_06A {"base":"verification_failure_skip_synthetic","expected":{"code":"RETAINED_PRECISION_ATTEMPT_MISMATCH","gate":"G5"},"id":"failed_verification_reused_as_candidate","match":true,"observed":{"code":"RETAINED_PRECISION_ATTEMPT_MISMATCH","gate":"G5"}}
I63_OUTCOME_06A {"base":"verification_failure_skip_synthetic","expected":{"code":"RETAINED_PRECISION_ATTEMPT_MISMATCH","gate":"G5"},"id":"failed_verification_one_slot","match":true,"observed":{"code":"RETAINED_PRECISION_ATTEMPT_MISMATCH","gate":"G5"}}
I63_OUTCOME_06A {"base":"two_case_shared_failed_cache_synthetic","expected":{"code":"RETAINED_PRECISION_WORK_MISMATCH","gate":"G5"},"id":"cached_failed_slot_rebuilt","match":true,"observed":{"code":"RETAINED_PRECISION_WORK_MISMATCH","gate":"G5"}}
I63_OUTCOME_06A {"base":"ordinary_prepared_synthetic","expected":{"code":"RETAINED_PRECISION_ATTEMPT_MISMATCH","gate":"G5"},"id":"corrections_above_three","match":true,"observed":{"code":"RETAINED_PRECISION_ATTEMPT_MISMATCH","gate":"G5"}}
I63_OUTCOME_06A {"base":"two_case_synthetic","expected":{"code":"RETAINED_PRECISION_ATTEMPT_MISMATCH","gate":"G5"},"id":"group_sources_out_of_order","match":true,"observed":{"code":"RETAINED_PRECISION_ATTEMPT_MISMATCH","gate":"G5"}}
I63_OUTCOME_06A {"base":"ordinary_prepared_synthetic","expected":{"code":"RETAINED_PRECISION_ATTEMPT_MISMATCH","gate":"G5"},"id":"w2_published_without_initial_failure","match":true,"observed":{"code":"RETAINED_PRECISION_ATTEMPT_MISMATCH","gate":"G5"}}
I63_OUTCOME_06A {"base":"ordinary_prepared_synthetic","expected":{"code":"RETAINED_PRECISION_ATTEMPT_MISMATCH","gate":"G5"},"id":"legacy_source_dangling_diagnostic","match":true,"observed":{"code":"RETAINED_PRECISION_ATTEMPT_MISMATCH","gate":"G5"}}
I63_OUTCOME_06A {"base":"ordinary_prepared_synthetic","expected":{"code":"RETAINED_PRECISION_ATTEMPT_MISMATCH","gate":"G5"},"id":"formation_d5_dangling_diagnostic","match":true,"observed":{"code":"RETAINED_PRECISION_ATTEMPT_MISMATCH","gate":"G5"}}
I63_OUTCOME_06A {"base":"two_case_facade_after_certificate_synthetic","expected":{"code":"RETAINED_PRECISION_PRODUCT_ATTEMPT_MISMATCH","gate":"G5"},"id":"native_stage_disagrees_with_run","match":true,"observed":{"code":"RETAINED_PRECISION_PRODUCT_ATTEMPT_MISMATCH","gate":"G5"}}
I63_OUTCOME_06A {"base":"ordinary_prepared_synthetic","expected":{"code":"RETAINED_PRECISION_PRODUCT_ATTEMPT_MISMATCH","gate":"G5"},"id":"conversion_subnormal_kind_normal_bits","match":true,"observed":{"code":"RETAINED_PRECISION_PRODUCT_ATTEMPT_MISMATCH","gate":"G5"}}
I63_OUTCOME_06A {"base":"ordinary_prepared_synthetic","expected":{"code":"RETAINED_PRECISION_PRODUCT_ATTEMPT_MISMATCH","gate":"G5"},"id":"conversion_normal_kind_subnormal_bits","match":true,"observed":{"code":"RETAINED_PRECISION_PRODUCT_ATTEMPT_MISMATCH","gate":"G5"}}
I63_OUTCOME_06A {"base":"ordinary_prepared_synthetic","expected":{"code":"RETAINED_PRECISION_PRODUCT_ATTEMPT_MISMATCH","gate":"G5"},"id":"conversion_ready_underflow_nonzero_row","match":true,"observed":{"code":"RETAINED_PRECISION_PRODUCT_ATTEMPT_MISMATCH","gate":"G5"}}
I63_OUTCOME_06A {"base":"ordinary_prepared_synthetic","expected":{"code":"RETAINED_PRECISION_PRODUCT_ATTEMPT_MISMATCH","gate":"G5"},"id":"conversion_ready_overflow","match":true,"observed":{"code":"RETAINED_PRECISION_PRODUCT_ATTEMPT_MISMATCH","gate":"G5"}}
I63_OUTCOME_06A {"base":"ordinary_prepared_synthetic","expected":{"code":"RETAINED_PRECISION_ENCODING_MISMATCH","gate":"G2"},"id":"conversion_subnormal_metadata_negative_zero","match":true,"observed":{"code":"RETAINED_PRECISION_ENCODING_MISMATCH","gate":"G2"}}
I63_OUTCOME_06A {"base":"ordinary_prepared_synthetic","expected":{"code":"SOURCE_PREVIEW_PHYSICS_EXTREMA_BOUNDS","gate":"G7"},"id":"g7_maximum_off_enclosure","match":true,"observed":{"code":"SOURCE_PREVIEW_PHYSICS_EXTREMA_BOUNDS","gate":"G7"}}
I63_OUTCOME_06A {"base":"ordinary_prepared_synthetic","expected":{"code":"RETAINED_PRECISION_COVERAGE_MISMATCH","gate":"G3"},"id":"row_index_foreign_support_norm","match":true,"observed":{"code":"RETAINED_PRECISION_COVERAGE_MISMATCH","gate":"G3"}}
I63_OUTCOME_06A {"base":"ordinary_prepared_synthetic","expected":{"code":"RETAINED_PRECISION_COVERAGE_MISMATCH","gate":"G3"},"id":"row_index_missing_row","match":true,"observed":{"code":"RETAINED_PRECISION_COVERAGE_MISMATCH","gate":"G3"}}
I63_OUTCOME_06A {"base":"ordinary_prepared_synthetic","expected":{"code":"RETAINED_PRECISION_COVERAGE_MISMATCH","gate":"G3"},"id":"row_index_unsorted","match":true,"observed":{"code":"RETAINED_PRECISION_COVERAGE_MISMATCH","gate":"G3"}}
I63_OUTCOME_06A {"base":"ordinary_prepared_synthetic","expected":{"code":"RETAINED_PRECISION_PRODUCT_ATTEMPT_MISMATCH","gate":"G5"},"id":"row_index_ready_subset","match":true,"observed":{"code":"RETAINED_PRECISION_PRODUCT_ATTEMPT_MISMATCH","gate":"G5"}}
I63_OUTCOME_06A {"base":"ordinary_prepared_synthetic","expected":{"code":"RETAINED_PRECISION_PREPARATION_MISMATCH","gate":"G8"},"id":"maps_extra_support_id","match":true,"observed":{"code":"RETAINED_PRECISION_PREPARATION_MISMATCH","gate":"G8"}}
I63_OUTCOME_06A {"base":"ordinary_prepared_synthetic","expected":{"code":"RETAINED_PRECISION_PREPARATION_MISMATCH","gate":"G8"},"id":"maps_member_ends_swapped","match":true,"observed":{"code":"RETAINED_PRECISION_PREPARATION_MISMATCH","gate":"G8"}}
I63_OUTCOME_06A {"base":"two_case_facade_after_certificate_synthetic","expected":{"code":"RETAINED_PRECISION_PRODUCT_ATTEMPT_MISMATCH","gate":"G5"},"id":"maxima_abandoned_separate_failure","match":true,"observed":{"code":"RETAINED_PRECISION_PRODUCT_ATTEMPT_MISMATCH","gate":"G5"}}
I63_OUTCOME_06A {"base":"two_case_facade_after_certificate_synthetic","expected":{"code":"RETAINED_PRECISION_PRODUCT_ATTEMPT_MISMATCH","gate":"G5"},"id":"certificate_check_wrong_wrapper","match":true,"observed":{"code":"RETAINED_PRECISION_PRODUCT_ATTEMPT_MISMATCH","gate":"G5"}}
I63_OUTCOME_06A {"base":"two_case_facade_after_certificate_synthetic","expected":{"code":"RETAINED_PRECISION_PRODUCT_ATTEMPT_MISMATCH","gate":"G5"},"id":"certificate_stage_check_disagree","match":true,"observed":{"code":"RETAINED_PRECISION_PRODUCT_ATTEMPT_MISMATCH","gate":"G5"}}
I63_OUTCOME_06A {"base":"two_case_preparation_failure_synthetic","expected":{"code":"RETAINED_PRECISION_PRODUCT_ATTEMPT_MISMATCH","gate":"G5"},"id":"stage_entered_after_failure","match":true,"observed":{"code":"RETAINED_PRECISION_PRODUCT_ATTEMPT_MISMATCH","gate":"G5"}}

---- snapshot_06b_mutation_outcomes stdout ----
I63_OUTCOME_06B {"base":"candidate_failure_skip_synthetic","expected":{"code":"RETAINED_PRECISION_ATTEMPT_MISMATCH","gate":"G5"},"id":"ceiling_before_last_slot","match":true,"observed":{"code":"RETAINED_PRECISION_ATTEMPT_MISMATCH","gate":"G5"}}
I63_OUTCOME_06B {"base":"candidate_failure_skip_synthetic","expected":{"code":"RETAINED_PRECISION_ATTEMPT_MISMATCH","gate":"G5"},"id":"escalating_end_not_a_terminal_translation","match":true,"observed":{"code":"RETAINED_PRECISION_ATTEMPT_MISMATCH","gate":"G5"}}
I63_OUTCOME_06B {"base":"candidate_failure_skip_synthetic","expected":{"code":"RETAINED_PRECISION_ATTEMPT_MISMATCH","gate":"G5"},"id":"terminal_stop_wrong_translation","match":true,"observed":{"code":"RETAINED_PRECISION_ATTEMPT_MISMATCH","gate":"G5"}}
I63_OUTCOME_06B {"base":"candidate_failure_skip_synthetic","expected":{"code":"RETAINED_PRECISION_ATTEMPT_MISMATCH","gate":"G5"},"id":"terminal_refusal_wrong_kind","match":true,"observed":{"code":"RETAINED_PRECISION_ATTEMPT_MISMATCH","gate":"G5"}}
I63_OUTCOME_06B {"base":"two_case_facade_after_certificate_synthetic","expected":{"code":"RETAINED_PRECISION_ATTEMPT_MISMATCH","gate":"G5"},"id":"idle_budget_below_invocation_limit","match":true,"observed":{"code":"RETAINED_PRECISION_ATTEMPT_MISMATCH","gate":"G5"}}
I63_OUTCOME_06B {"base":"two_case_facade_after_certificate_synthetic","expected":{"code":"RETAINED_PRECISION_ATTEMPT_MISMATCH","gate":"G5"},"id":"idle_ready_group_not_ledger_refusal","match":true,"observed":{"code":"RETAINED_PRECISION_ATTEMPT_MISMATCH","gate":"G5"}}
I63_OUTCOME_06B {"base":"ordinary_prepared_synthetic","expected":{"code":"RETAINED_PRECISION_RECEIPT_MISMATCH","gate":"G1"},"id":"work_accounting_prior_not_on_wire","match":true,"observed":{"code":"RETAINED_PRECISION_RECEIPT_MISMATCH","gate":"G1"}}
I63_OUTCOME_06B {"base":"two_case_preparation_failure_synthetic","expected":{"code":"RETAINED_PRECISION_PRODUCT_ATTEMPT_MISMATCH","gate":"G5"},"id":"refused_member_conversion_kind_bits","match":true,"observed":{"code":"RETAINED_PRECISION_PRODUCT_ATTEMPT_MISMATCH","gate":"G5"}}
I63_OUTCOME_06B {"base":"two_case_facade_after_certificate_synthetic","expected":{"code":"RETAINED_PRECISION_PREPARATION_MISMATCH","gate":"G8"},"id":"prefix_attached_old_input_unbound","match":true,"observed":{"code":"RETAINED_PRECISION_PREPARATION_MISMATCH","gate":"G8"}}
I63_OUTCOME_06B {"base":"ordinary_prepared_synthetic","expected":{"code":"RETAINED_PRECISION_ATTEMPT_MISMATCH","gate":"G5"},"id":"report_reference_unrelated_diagnostic","match":true,"observed":{"code":"RETAINED_PRECISION_ATTEMPT_MISMATCH","gate":"G5"}}
I63_OUTCOME_06B {"base":"two_case_two_groups_synthetic","expected":{"code":"RETAINED_PRECISION_ATTEMPT_MISMATCH","gate":"G5"},"id":"distinct_stiffness_merged_group","match":true,"observed":{"code":"RETAINED_PRECISION_ATTEMPT_MISMATCH","gate":"G5"}}
I63_OUTCOME_06B {"base":"two_case_two_groups_synthetic","expected":{"code":"RETAINED_PRECISION_PREPARATION_MISMATCH","gate":"G8"},"id":"named_point_value_mismatch","match":true,"observed":{"code":"RETAINED_PRECISION_PREPARATION_MISMATCH","gate":"G8"}}
I63_OUTCOME_06B {"base":"ordinary_prepared_interpolated_material_synthetic","expected":{"code":"RETAINED_PRECISION_PREPARATION_MISMATCH","gate":"G8"},"id":"interpolation_target_mismatch","match":true,"observed":{"code":"RETAINED_PRECISION_PREPARATION_MISMATCH","gate":"G8"}}

---- snapshot_06c_mutation_outcomes stdout ----
I63_OUTCOME_06C {"base":"candidate_failure_skip_synthetic","expected":{"code":"RETAINED_PRECISION_ATTEMPT_MISMATCH","gate":"G5"},"id":"work_accounting_after_escalating_stop","match":true,"observed":{"code":"RETAINED_PRECISION_ATTEMPT_MISMATCH","gate":"G5"}}
I63_OUTCOME_06C {"base":"two_case_facade_after_certificate_synthetic","expected":{"code":"RETAINED_PRECISION_ATTEMPT_MISMATCH","gate":"G5"},"id":"idle_work_accounting_run","match":true,"observed":{"code":"RETAINED_PRECISION_ATTEMPT_MISMATCH","gate":"G5"}}
I63_OUTCOME_06C {"base":"p512_ladder_synthetic","expected":{"code":"RETAINED_PRECISION_ATTEMPT_MISMATCH","gate":"G5"},"id":"work_accounting_at_last_slot","match":true,"observed":{"code":"RETAINED_PRECISION_ATTEMPT_MISMATCH","gate":"G5"}}
I63_OUTCOME_06C {"base":"ordinary_prepared_mm_units_synthetic","expected":{"code":"RETAINED_PRECISION_PREPARATION_MISMATCH","gate":"G8"},"id":"mm_unnormalized_coordinate","match":true,"observed":{"code":"RETAINED_PRECISION_PREPARATION_MISMATCH","gate":"G8"}}
I63_OUTCOME_06C {"base":"ordinary_prepared_interpolated_material_synthetic","expected":{"code":"RETAINED_PRECISION_PREPARATION_MISMATCH","gate":"G8"},"id":"interpolation_missing_alpha","match":true,"observed":{"code":"RETAINED_PRECISION_PREPARATION_MISMATCH","gate":"G8"}}
I63_OUTCOME_06C {"base":"ordinary_prepared_interpolated_material_synthetic","expected":{"code":"RETAINED_PRECISION_PREPARATION_MISMATCH","gate":"G8"},"id":"interpolation_duplicate_temperature","match":true,"observed":{"code":"RETAINED_PRECISION_PREPARATION_MISMATCH","gate":"G8"}}
I63_OUTCOME_06C {"base":"ordinary_prepared_interpolated_material_synthetic","expected":{"code":"RETAINED_PRECISION_PREPARATION_MISMATCH","gate":"G8"},"id":"interpolation_target_below_range","match":true,"observed":{"code":"RETAINED_PRECISION_PREPARATION_MISMATCH","gate":"G8"}}
I63_OUTCOME_06C {"base":"ordinary_prepared_interpolated_material_synthetic","expected":{"code":"RETAINED_PRECISION_PREPARATION_MISMATCH","gate":"G8"},"id":"interpolation_target_at_lower_point","match":true,"observed":{"code":"RETAINED_PRECISION_PREPARATION_MISMATCH","gate":"G8"}}
I63_OUTCOME_06C {"base":"ordinary_prepared_interpolated_material_synthetic","expected":{"code":"RETAINED_PRECISION_PREPARATION_MISMATCH","gate":"G8"},"id":"interpolation_target_at_upper_point","match":true,"observed":{"code":"RETAINED_PRECISION_PREPARATION_MISMATCH","gate":"G8"}}
I63_OUTCOME_06C {"base":"ordinary_prepared_interpolated_material_synthetic","expected":{"code":"RETAINED_PRECISION_PREPARATION_MISMATCH","gate":"G8"},"id":"interpolation_target_above_range","match":true,"observed":{"code":"RETAINED_PRECISION_PREPARATION_MISMATCH","gate":"G8"}}

---- snapshot_06d_mutation_outcomes stdout ----
I63_OUTCOME_06D {"base":"two_case_facade_after_certificate_synthetic","expected":{"code":"RETAINED_PRECISION_WORK_MISMATCH","gate":"G5"},"id":"adapter_fault_present","match":true,"observed":{"code":"RETAINED_PRECISION_WORK_MISMATCH","gate":"G5"}}
I63_OUTCOME_06D {"base":"two_case_facade_after_certificate_synthetic","expected":{"code":"RETAINED_PRECISION_WORK_MISMATCH","gate":"G5"},"id":"accounting_cause_without_fault","match":true,"observed":{"code":"RETAINED_PRECISION_WORK_MISMATCH","gate":"G5"}}
I63_OUTCOME_06D {"base":"two_case_facade_after_certificate_synthetic","expected":{"code":"RETAINED_PRECISION_WORK_MISMATCH","gate":"G5"},"id":"scalar_trace_lost_unavailable","match":true,"observed":{"code":"RETAINED_PRECISION_WORK_MISMATCH","gate":"G5"}}
I63_OUTCOME_06D {"base":"two_case_facade_after_certificate_synthetic","expected":{"code":"RETAINED_PRECISION_WORK_MISMATCH","gate":"G5"},"id":"work_accounting_cause_exact_status","match":true,"observed":{"code":"RETAINED_PRECISION_WORK_MISMATCH","gate":"G5"}}
I63_OUTCOME_06D {"base":"two_case_facade_after_certificate_synthetic","expected":{"code":"RETAINED_PRECISION_ATTEMPT_MISMATCH","gate":"G5"},"id":"idle_budget_not_exhausted_no_group","match":true,"observed":{"code":"RETAINED_PRECISION_ATTEMPT_MISMATCH","gate":"G5"}}

---- snapshot_07b_mutation_outcomes stdout ----
I63_OUTCOME_07B {"base":"two_case_facade_after_certificate_synthetic","expected":{"code":"RETAINED_PRECISION_PRODUCT_ATTEMPT_MISMATCH","gate":"G5"},"id":"unavailable_attempt_under_facade_failure_cause","match":true,"observed":{"code":"RETAINED_PRECISION_PRODUCT_ATTEMPT_MISMATCH","gate":"G5"}}
I63_OUTCOME_07B {"base":"two_case_preparation_failure_synthetic","expected":{"code":"RETAINED_PRECISION_PRODUCT_ATTEMPT_MISMATCH","gate":"G5"},"id":"unavailable_attempt_under_source_error_cause","match":true,"observed":{"code":"RETAINED_PRECISION_PRODUCT_ATTEMPT_MISMATCH","gate":"G5"}}
I63_OUTCOME_07B {"base":"two_case_facade_after_certificate_synthetic","expected":{"code":"RETAINED_PRECISION_PRODUCT_ATTEMPT_MISMATCH","gate":"G5"},"id":"preparation_error_selected_run_under_receipt_cause","match":true,"observed":{"code":"RETAINED_PRECISION_PRODUCT_ATTEMPT_MISMATCH","gate":"G5"}}
I63_OUTCOME_07B {"base":"two_case_synthetic","expected":{"code":"RETAINED_PRECISION_PRODUCT_ATTEMPT_MISMATCH","gate":"G5"},"id":"selected_case_without_c3_attempt","match":true,"observed":{"code":"RETAINED_PRECISION_PRODUCT_ATTEMPT_MISMATCH","gate":"G5"}}
I63_OUTCOME_07B {"base":"verification_failure_skip_synthetic","expected":{"code":"RETAINED_PRECISION_ATTEMPT_MISMATCH","gate":"G5"},"id":"vbuild_on_escalating_failed_verification","match":true,"observed":{"code":"RETAINED_PRECISION_ATTEMPT_MISMATCH","gate":"G5"}}
I63_OUTCOME_07B {"base":"two_case_facade_after_certificate_synthetic","expected":{"code":"RETAINED_PRECISION_PRODUCT_ATTEMPT_MISMATCH","gate":"G5"},"id":"dangling_attempt_source_ref","match":true,"observed":{"code":"RETAINED_PRECISION_PRODUCT_ATTEMPT_MISMATCH","gate":"G5"}}
I63_OUTCOME_07B {"base":"two_body_synthetic","expected":{"code":"RETAINED_PRECISION_COVERAGE_MISMATCH","gate":"G3"},"id":"source_member_map_kernel_id_noncanonical","match":true,"observed":{"code":"RETAINED_PRECISION_COVERAGE_MISMATCH","gate":"G3"}}
I63_OUTCOME_07B {"base":"ordinary_prepared_synthetic","expected":{"code":"RETAINED_PRECISION_RECEIPT_MISMATCH","gate":"G1"},"id":"forged_publication_hash","match":true,"observed":{"code":"RETAINED_PRECISION_RECEIPT_MISMATCH","gate":"G1"}}
I63_OUTCOME_07B {"base":"ordinary_prepared_synthetic","expected":{"code":"RETAINED_PRECISION_RECEIPT_MISMATCH","gate":"G1"},"id":"forged_preparation_hash","match":true,"observed":{"code":"RETAINED_PRECISION_RECEIPT_MISMATCH","gate":"G1"}}
I63_OUTCOME_07B {"base":"ordinary_prepared_synthetic","expected":{"code":"RETAINED_PRECISION_RECEIPT_MISMATCH","gate":"G1"},"id":"source_identity_stale_receipt_rehashed","match":true,"observed":{"code":"RETAINED_PRECISION_RECEIPT_MISMATCH","gate":"G1"}}
I63_OUTCOME_07B {"base":"ordinary_prepared_synthetic","expected":{"code":"RETAINED_PRECISION_RECEIPT_MISMATCH","gate":"G1"},"id":"forged_receipt_hash","match":true,"observed":{"code":"RETAINED_PRECISION_RECEIPT_MISMATCH","gate":"G1"}}
I63_OUTCOME_07B {"base":"ordinary_prepared_synthetic","expected":{"code":"RETAINED_PRECISION_SCALE_MISMATCH","gate":"G5a"},"id":"g5a_sanity_margin_between_2m40_and_2m39","match":true,"observed":{"code":"RETAINED_PRECISION_SCALE_MISMATCH","gate":"G5a"}}
I63_OUTCOME_07B {"base":"two_case_facade_after_certificate_synthetic","expected":{"code":"RETAINED_PRECISION_WORK_MISMATCH","gate":"G5"},"id":"idle_run_exhausted_meter_chain_broken","match":true,"observed":{"code":"RETAINED_PRECISION_WORK_MISMATCH","gate":"G5"}}
I63_OUTCOME_07B {"base":"p512_ladder_synthetic","expected":{"code":"RETAINED_PRECISION_ATTEMPT_MISMATCH","gate":"G5"},"id":"verification_estimate_quantity_not_in_layout","match":true,"observed":{"code":"RETAINED_PRECISION_ATTEMPT_MISMATCH","gate":"G5"}}
I63_OUTCOME_07B {"base":"p512_ladder_synthetic","expected":{"code":"RETAINED_PRECISION_ATTEMPT_MISMATCH","gate":"G5"},"id":"charge_quantity_not_in_layout","match":true,"observed":{"code":"RETAINED_PRECISION_ATTEMPT_MISMATCH","gate":"G5"}}
I63_OUTCOME_07B {"base":"p512_ladder_synthetic","expected":{"code":"RETAINED_PRECISION_ATTEMPT_MISMATCH","gate":"G5"},"id":"publication_enclosure_quantity_not_in_layout","match":true,"observed":{"code":"RETAINED_PRECISION_ATTEMPT_MISMATCH","gate":"G5"}}
I63_OUTCOME_07B {"base":"ordinary_prepared_synthetic","expected":{"code":"RETAINED_PRECISION_COVERAGE_MISMATCH","gate":"G3"},"id":"empty_body_inventory","match":true,"observed":{"code":"RETAINED_PRECISION_COVERAGE_MISMATCH","gate":"G3"}}
I63_OUTCOME_07B {"base":"verification_failure_skip_synthetic","expected":{"code":"RETAINED_PRECISION_ATTEMPT_MISMATCH","gate":"G5"},"id":"verification_summary_on_escalating_failed_verification","match":true,"observed":{"code":"RETAINED_PRECISION_ATTEMPT_MISMATCH","gate":"G5"}}

---- snapshot_07d_mutation_outcomes stdout ----
I63_OUTCOME_07D {"base":"ordinary_prepared_synthetic","expected":{"code":"RETAINED_PRECISION_INVOCATION_MISMATCH","gate":"G8"},"id":"model_schema_version_0_4_0_rejected","match":true,"observed":{"code":"RETAINED_PRECISION_INVOCATION_MISMATCH","gate":"G8"}}
I63_OUTCOME_07D {"base":"ordinary_prepared_synthetic","expected":{"code":"RETAINED_PRECISION_RECEIPT_MISMATCH","gate":"G1"},"id":"forged_source_identity_float_source_ref","match":true,"observed":{"code":"RETAINED_PRECISION_RECEIPT_MISMATCH","gate":"G1"}}
I63_OUTCOME_07D {"base":"p512_ladder_synthetic","expected":{"code":"RETAINED_PRECISION_ATTEMPT_MISMATCH","gate":"G5"},"id":"verification_estimate_names_translation_row","match":true,"observed":{"code":"RETAINED_PRECISION_ATTEMPT_MISMATCH","gate":"G5"}}
I63_OUTCOME_07D {"base":"two_case_synthetic","expected":{"code":"RETAINED_PRECISION_PRODUCT_ATTEMPT_MISMATCH","gate":"G5"},"id":"ready_attempt_under_facade_failure_cause","match":true,"observed":{"code":"RETAINED_PRECISION_PRODUCT_ATTEMPT_MISMATCH","gate":"G5"}}
I63_OUTCOME_07D {"base":"two_case_synthetic","expected":{"code":"RETAINED_PRECISION_PRODUCT_ATTEMPT_MISMATCH","gate":"G5"},"id":"ready_attempt_under_prepared_product_failure","match":true,"observed":{"code":"RETAINED_PRECISION_PRODUCT_ATTEMPT_MISMATCH","gate":"G5"}}

---- snapshot_07e_mutation_outcomes stdout ----
I63_OUTCOME_07E {"base":"ordinary_prepared_synthetic","expected":{"code":"SOURCE_PRODUCER_CONTRACT_UNSUPPORTED","gate":"G0"},"id":"g0_receipt_version_non_integral","match":true,"observed":{"code":"SOURCE_PRODUCER_CONTRACT_UNSUPPORTED","gate":"G0"}}
I63_OUTCOME_07E {"base":"ordinary_prepared_synthetic","expected":{"code":"SOURCE_PRODUCER_CONTRACT_UNSUPPORTED","gate":"G0"},"id":"g0_case_limit_non_integral","match":true,"observed":{"code":"SOURCE_PRODUCER_CONTRACT_UNSUPPORTED","gate":"G0"}}
I63_OUTCOME_07E {"base":"ordinary_prepared_synthetic","expected":{"code":"SOURCE_PRODUCER_CONTRACT_UNSUPPORTED","gate":"G0"},"id":"g0_invocation_limit_non_integral","match":true,"observed":{"code":"SOURCE_PRODUCER_CONTRACT_UNSUPPORTED","gate":"G0"}}
I63_OUTCOME_07E {"base":"p512_ladder_synthetic","expected":{"code":"RETAINED_PRECISION_ATTEMPT_MISMATCH","gate":"G5"},"id":"verification_estimate_names_rotation_row","match":true,"observed":{"code":"RETAINED_PRECISION_ATTEMPT_MISMATCH","gate":"G5"}}

---- snapshot_07f_mutation_outcomes stdout ----
I63_OUTCOME_07F {"base":"two_case_facade_after_certificate_synthetic","expected":{"code":"RETAINED_PRECISION_PRODUCT_ATTEMPT_MISMATCH","gate":"G5"},"id":"g5a_error_with_g5a_not_entered","match":true,"observed":{"code":"RETAINED_PRECISION_PRODUCT_ATTEMPT_MISMATCH","gate":"G5"}}
I63_OUTCOME_07F {"base":"two_case_facade_after_certificate_synthetic","expected":{"code":"RETAINED_PRECISION_PRODUCT_ATTEMPT_MISMATCH","gate":"G5"},"id":"observable_error_with_observables_not_entered","match":true,"observed":{"code":"RETAINED_PRECISION_PRODUCT_ATTEMPT_MISMATCH","gate":"G5"}}
I63_OUTCOME_07F {"base":"two_case_facade_after_certificate_synthetic","expected":{"code":"RETAINED_PRECISION_PRODUCT_ATTEMPT_MISMATCH","gate":"G5"},"id":"numeric_error_with_checks_not_entered","match":true,"observed":{"code":"RETAINED_PRECISION_PRODUCT_ATTEMPT_MISMATCH","gate":"G5"}}
I63_OUTCOME_07F {"base":"two_case_facade_after_certificate_synthetic","expected":{"code":"RETAINED_PRECISION_PRODUCT_ATTEMPT_MISMATCH","gate":"G5"},"id":"proof_error_with_certificate_passed","match":true,"observed":{"code":"RETAINED_PRECISION_PRODUCT_ATTEMPT_MISMATCH","gate":"G5"}}
I63_OUTCOME_07F {"base":"two_case_facade_after_certificate_synthetic","expected":{"code":"RETAINED_PRECISION_PRODUCT_ATTEMPT_MISMATCH","gate":"G5"},"id":"values_error_with_values_completed","match":true,"observed":{"code":"RETAINED_PRECISION_PRODUCT_ATTEMPT_MISMATCH","gate":"G5"}}

---- snapshot_07g_mutation_outcomes stdout ----
I61_OUTCOME_07G {"base":"ordinary_prepared_synthetic","expected":{"code":"RETAINED_PRECISION_ATTEMPT_MISMATCH","gate":"G5"},"id":"f5_ordinary_refs_omit_naming_diagnostic","match":true,"observed":{"code":"RETAINED_PRECISION_ATTEMPT_MISMATCH","gate":"G5"}}
I61_OUTCOME_07G {"base":"ordinary_prepared_synthetic","expected":{"code":"RETAINED_PRECISION_ATTEMPT_MISMATCH","gate":"G5"},"id":"f5_ordinary_refs_out_of_envelope_order","match":true,"observed":{"code":"RETAINED_PRECISION_ATTEMPT_MISMATCH","gate":"G5"}}
I61_OUTCOME_07G {"base":"ordinary_prepared_synthetic","expected":{"code":"RETAINED_PRECISION_ATTEMPT_MISMATCH","gate":"G5"},"id":"f5_ordinary_refs_list_retained_precision_m09","match":true,"observed":{"code":"RETAINED_PRECISION_ATTEMPT_MISMATCH","gate":"G5"}}
I61_OUTCOME_07G {"base":"ordinary_prepared_synthetic","expected":{"code":"RETAINED_PRECISION_ATTEMPT_MISMATCH","gate":"G5"},"id":"f5_ordinary_refs_list_invocation_level_m10","match":true,"observed":{"code":"RETAINED_PRECISION_ATTEMPT_MISMATCH","gate":"G5"}}
I61_OUTCOME_07G {"base":"two_case_synthetic","expected":{"code":"RETAINED_PRECISION_ATTEMPT_MISMATCH","gate":"G5"},"id":"f5_ordinary_refs_list_other_case","match":true,"observed":{"code":"RETAINED_PRECISION_ATTEMPT_MISMATCH","gate":"G5"}}
I61_OUTCOME_07G {"base":"ordinary_prepared_synthetic","expected":{"code":"RETAINED_PRECISION_ATTEMPT_MISMATCH","gate":"G5"},"id":"f5_ordinary_refs_relaxed_d6a_form","match":true,"observed":{"code":"RETAINED_PRECISION_ATTEMPT_MISMATCH","gate":"G5"}}

---- snapshot_07_mutation_outcomes stdout ----
I63_OUTCOME_07 {"base":"two_case_synthetic","expected":{"code":"RETAINED_PRECISION_COVERAGE_MISMATCH","gate":"G3"},"id":"execution_order_swapped","match":true,"observed":{"code":"RETAINED_PRECISION_COVERAGE_MISMATCH","gate":"G3"}}
I63_OUTCOME_07 {"base":"two_case_synthetic","expected":{"code":"RETAINED_PRECISION_COVERAGE_MISMATCH","gate":"G3"},"id":"run_id_not_execution_position","match":true,"observed":{"code":"RETAINED_PRECISION_COVERAGE_MISMATCH","gate":"G3"}}
I63_OUTCOME_07 {"base":"two_body_synthetic","expected":{"code":"RETAINED_PRECISION_COVERAGE_MISMATCH","gate":"G3"},"id":"old_members_reordered","match":true,"observed":{"code":"RETAINED_PRECISION_COVERAGE_MISMATCH","gate":"G3"}}
I63_OUTCOME_07 {"base":"two_body_synthetic","expected":{"code":"RETAINED_PRECISION_COVERAGE_MISMATCH","gate":"G3"},"id":"complete_old_short_of_source","match":true,"observed":{"code":"RETAINED_PRECISION_COVERAGE_MISMATCH","gate":"G3"}}
I63_OUTCOME_07 {"base":"two_case_preparation_failure_synthetic","expected":{"code":"RETAINED_PRECISION_COVERAGE_MISMATCH","gate":"G3"},"id":"unsourced_old_member_noncontiguous","match":true,"observed":{"code":"RETAINED_PRECISION_COVERAGE_MISMATCH","gate":"G3"}}
I63_OUTCOME_07 {"base":"two_body_synthetic","expected":{"code":"RETAINED_PRECISION_COVERAGE_MISMATCH","gate":"G3"},"id":"complete_old_longer_than_source","match":true,"observed":{"code":"RETAINED_PRECISION_COVERAGE_MISMATCH","gate":"G3"}}
I63_OUTCOME_07 {"base":"two_case_facade_after_certificate_synthetic","expected":{"code":"RETAINED_PRECISION_PRODUCT_ATTEMPT_MISMATCH","gate":"G5"},"id":"unavailable_source_backref_foreign","match":true,"observed":{"code":"RETAINED_PRECISION_PRODUCT_ATTEMPT_MISMATCH","gate":"G5"}}
I63_OUTCOME_07 {"base":"two_case_two_groups_synthetic","expected":{"code":"RETAINED_PRECISION_PRODUCT_ATTEMPT_MISMATCH","gate":"G5"},"id":"attempt_basis_not_ordinary","match":true,"observed":{"code":"RETAINED_PRECISION_PRODUCT_ATTEMPT_MISMATCH","gate":"G5"}}
I63_OUTCOME_07 {"base":"two_case_facade_after_certificate_synthetic","expected":{"code":"RETAINED_PRECISION_PRODUCT_ATTEMPT_MISMATCH","gate":"G5"},"id":"native_error_with_selected_run","match":true,"observed":{"code":"RETAINED_PRECISION_PRODUCT_ATTEMPT_MISMATCH","gate":"G5"}}
I63_OUTCOME_07 {"base":"two_case_synthetic","expected":{"code":"RETAINED_PRECISION_ATTEMPT_MISMATCH","gate":"G5"},"id":"group_call_out_of_range","match":true,"observed":{"code":"RETAINED_PRECISION_ATTEMPT_MISMATCH","gate":"G5"}}
I63_OUTCOME_07 {"base":"verification_failure_skip_synthetic","expected":{"code":"RETAINED_PRECISION_ATTEMPT_MISMATCH","gate":"G5"},"id":"escalating_failed_verification_pass_entered","match":true,"observed":{"code":"RETAINED_PRECISION_ATTEMPT_MISMATCH","gate":"G5"}}
I63_OUTCOME_07 {"base":"p512_ladder_synthetic","expected":{"code":"RETAINED_PRECISION_ATTEMPT_MISMATCH","gate":"G5"},"id":"stop_rule_quantity_other_body","match":true,"observed":{"code":"RETAINED_PRECISION_ATTEMPT_MISMATCH","gate":"G5"}}
I63_OUTCOME_07 {"base":"ordinary_prepared_synthetic","expected":{"code":"RETAINED_PRECISION_ATTEMPT_MISMATCH","gate":"G5"},"id":"candidate_record_with_verification","match":true,"observed":{"code":"RETAINED_PRECISION_ATTEMPT_MISMATCH","gate":"G5"}}
I63_OUTCOME_07 {"base":"ordinary_prepared_synthetic","expected":{"code":"RETAINED_PRECISION_ATTEMPT_MISMATCH","gate":"G5"},"id":"ordinary_diagnostic_ref_duplicate","match":true,"observed":{"code":"RETAINED_PRECISION_ATTEMPT_MISMATCH","gate":"G5"}}
I63_OUTCOME_07 {"base":"ordinary_prepared_synthetic","expected":{"code":"RETAINED_PRECISION_ATTEMPT_MISMATCH","gate":"G5"},"id":"ordinary_diagnostic_ref_dangling","match":true,"observed":{"code":"RETAINED_PRECISION_ATTEMPT_MISMATCH","gate":"G5"}}
I63_OUTCOME_07 {"base":"two_case_facade_after_certificate_synthetic","expected":{"code":"RETAINED_PRECISION_ATTEMPT_MISMATCH","gate":"G5"},"id":"ordinary_dangling_plus_adapter_fault","match":true,"observed":{"code":"RETAINED_PRECISION_ATTEMPT_MISMATCH","gate":"G5"}}
I63_OUTCOME_07 {"base":"ordinary_prepared_synthetic","expected":{"code":"RETAINED_PRECISION_ATTEMPT_MISMATCH","gate":"G5"},"id":"selected_case_ordinary_checks_passed","match":true,"observed":{"code":"RETAINED_PRECISION_ATTEMPT_MISMATCH","gate":"G5"}}
I63_OUTCOME_07 {"base":"two_case_preparation_failure_synthetic","expected":{"code":"RETAINED_PRECISION_WORK_MISMATCH","gate":"G5"},"id":"section_accounting_exact_status","match":true,"observed":{"code":"RETAINED_PRECISION_WORK_MISMATCH","gate":"G5"}}
I63_OUTCOME_07 {"base":"two_case_facade_after_certificate_synthetic","expected":{"code":"RETAINED_PRECISION_WORK_MISMATCH","gate":"G5"},"id":"nested_stop_work_accounting_exact_status","match":true,"observed":{"code":"RETAINED_PRECISION_WORK_MISMATCH","gate":"G5"}}
I63_OUTCOME_07 {"base":"two_case_facade_after_certificate_synthetic","expected":{"code":"RETAINED_PRECISION_WORK_MISMATCH","gate":"G5"},"id":"view_work_fault_exact_status","match":true,"observed":{"code":"RETAINED_PRECISION_WORK_MISMATCH","gate":"G5"}}
I63_OUTCOME_07 {"base":"two_case_preparation_failure_synthetic","expected":{"code":"RETAINED_PRECISION_WORK_MISMATCH","gate":"G5"},"id":"old_operational_accounting_not_lost","match":true,"observed":{"code":"RETAINED_PRECISION_WORK_MISMATCH","gate":"G5"}}
I63_OUTCOME_07 {"base":"ordinary_prepared_interpolated_material_synthetic","expected":{"code":"RETAINED_PRECISION_PREPARATION_MISMATCH","gate":"G8"},"id":"interpolation_target_at_lower_point_equal_e","match":true,"observed":{"code":"RETAINED_PRECISION_PREPARATION_MISMATCH","gate":"G8"}}
I63_OUTCOME_07 {"base":"ordinary_prepared_interpolated_material_synthetic","expected":{"code":"RETAINED_PRECISION_PREPARATION_MISMATCH","gate":"G8"},"id":"interpolation_target_below_range_equal_e","match":true,"observed":{"code":"RETAINED_PRECISION_PREPARATION_MISMATCH","gate":"G8"}}
I63_OUTCOME_07 {"base":"ordinary_prepared_interpolated_material_synthetic","expected":{"code":"RETAINED_PRECISION_PREPARATION_MISMATCH","gate":"G8"},"id":"interpolation_target_at_upper_point_equal_e","match":true,"observed":{"code":"RETAINED_PRECISION_PREPARATION_MISMATCH","gate":"G8"}}
I63_OUTCOME_07 {"base":"ordinary_prepared_interpolated_material_synthetic","expected":{"code":"RETAINED_PRECISION_PREPARATION_MISMATCH","gate":"G8"},"id":"interpolation_target_above_range_equal_e","match":true,"observed":{"code":"RETAINED_PRECISION_PREPARATION_MISMATCH","gate":"G8"}}
I63_OUTCOME_07 {"base":"two_case_facade_after_certificate_synthetic","expected":{"code":"RETAINED_PRECISION_PRODUCT_ATTEMPT_MISMATCH","gate":"G5"},"id":"source_preparation_null","match":true,"observed":{"code":"RETAINED_PRECISION_PRODUCT_ATTEMPT_MISMATCH","gate":"G5"}}
I63_OUTCOME_07 {"base":"two_case_facade_after_certificate_synthetic","expected":{"code":"RETAINED_PRECISION_PRODUCT_ATTEMPT_MISMATCH","gate":"G5"},"id":"run_ref_null_with_case_run","match":true,"observed":{"code":"RETAINED_PRECISION_PRODUCT_ATTEMPT_MISMATCH","gate":"G5"}}
I63_OUTCOME_07 {"base":"two_case_facade_after_certificate_synthetic","expected":{"code":"RETAINED_PRECISION_PRODUCT_ATTEMPT_MISMATCH","gate":"G5"},"id":"preparation_error_with_selected_run","match":true,"observed":{"code":"RETAINED_PRECISION_PRODUCT_ATTEMPT_MISMATCH","gate":"G5"}}
I63_OUTCOME_07 {"base":"two_case_facade_after_certificate_synthetic","expected":{"code":"RETAINED_PRECISION_PRODUCT_ATTEMPT_MISMATCH","gate":"G5"},"id":"prepared_failure_cause_without_own_attempt","match":true,"observed":{"code":"RETAINED_PRECISION_PRODUCT_ATTEMPT_MISMATCH","gate":"G5"}}
I63_OUTCOME_07 {"base":"two_case_facade_after_certificate_synthetic","expected":{"code":"RETAINED_PRECISION_PRODUCT_ATTEMPT_MISMATCH","gate":"G5"},"id":"prepared_failure_cause_foreign_attempt","match":true,"observed":{"code":"RETAINED_PRECISION_PRODUCT_ATTEMPT_MISMATCH","gate":"G5"}}
I63_OUTCOME_07 {"base":"two_case_facade_after_certificate_synthetic","expected":{"code":"RETAINED_PRECISION_PRODUCT_ATTEMPT_MISMATCH","gate":"G5"},"id":"reason_code_phase_mismatch_on_facade","match":true,"observed":{"code":"RETAINED_PRECISION_PRODUCT_ATTEMPT_MISMATCH","gate":"G5"}}
I63_OUTCOME_07 {"base":"two_case_preparation_failure_synthetic","expected":{"code":"RETAINED_PRECISION_PRODUCT_ATTEMPT_MISMATCH","gate":"G5"},"id":"reason_code_phase_mismatch_on_preparation","match":true,"observed":{"code":"RETAINED_PRECISION_PRODUCT_ATTEMPT_MISMATCH","gate":"G5"}}
I63_OUTCOME_07 {"base":"p512_ladder_synthetic","expected":{"code":"RETAINED_PRECISION_ATTEMPT_MISMATCH","gate":"G5"},"id":"rejected_verification_failed_with_completed_verification","match":true,"observed":{"code":"RETAINED_PRECISION_ATTEMPT_MISMATCH","gate":"G5"}}
I63_OUTCOME_07 {"base":"ordinary_prepared_synthetic","expected":{"code":"RETAINED_PRECISION_ATTEMPT_MISMATCH","gate":"G5"},"id":"rejected_attempt_with_verified_record","match":true,"observed":{"code":"RETAINED_PRECISION_ATTEMPT_MISMATCH","gate":"G5"}}
I63_OUTCOME_07 {"base":"two_case_synthetic","expected":{"code":"RETAINED_PRECISION_COVERAGE_MISMATCH","gate":"G3"},"id":"ordinary_attempt_order_swapped","match":true,"observed":{"code":"RETAINED_PRECISION_COVERAGE_MISMATCH","gate":"G3"}}
I63_OUTCOME_07 {"base":"ordinary_prepared_synthetic","expected":{"code":"RETAINED_PRECISION_ATTEMPT_MISMATCH","gate":"G5"},"id":"record_index_not_contiguous","match":true,"observed":{"code":"RETAINED_PRECISION_ATTEMPT_MISMATCH","gate":"G5"}}
I63_OUTCOME_07 {"base":"ordinary_prepared_synthetic","expected":{"code":"RETAINED_PRECISION_ATTEMPT_MISMATCH","gate":"G5"},"id":"selected_verification_record_not_verified","match":true,"observed":{"code":"RETAINED_PRECISION_ATTEMPT_MISMATCH","gate":"G5"}}
I63_OUTCOME_07 {"base":"ordinary_prepared_synthetic","expected":{"code":"RETAINED_PRECISION_WORK_MISMATCH","gate":"G5"},"id":"projection_conversions_count_mismatch","match":true,"observed":{"code":"RETAINED_PRECISION_WORK_MISMATCH","gate":"G5"}}
I63_OUTCOME_07 {"base":"ordinary_prepared_synthetic","expected":{"code":"RETAINED_PRECISION_WORK_MISMATCH","gate":"G5"},"id":"preparation_conversion_count_mismatch","match":true,"observed":{"code":"RETAINED_PRECISION_WORK_MISMATCH","gate":"G5"}}
I63_OUTCOME_07 {"base":"ordinary_prepared_synthetic","expected":{"code":"RETAINED_PRECISION_DIAGNOSTIC_MISMATCH","gate":"G4"},"id":"retained_diagnostic_names_unrequested_case","match":true,"observed":{"code":"RETAINED_PRECISION_DIAGNOSTIC_MISMATCH","gate":"G4"}}
I63_OUTCOME_07 {"base":"ordinary_prepared_synthetic","expected":{"code":"SOURCE_PRODUCER_CONTRACT_UNSUPPORTED","gate":"G0"},"id":"g0_case_limit_threshold","match":true,"observed":{"code":"SOURCE_PRODUCER_CONTRACT_UNSUPPORTED","gate":"G0"}}
I63_OUTCOME_07 {"base":"ordinary_prepared_synthetic","expected":{"code":"SOURCE_PRODUCER_CONTRACT_UNSUPPORTED","gate":"G0"},"id":"g0_invocation_limit_threshold","match":true,"observed":{"code":"SOURCE_PRODUCER_CONTRACT_UNSUPPORTED","gate":"G0"}}
I63_OUTCOME_07 {"base":"ordinary_prepared_synthetic","expected":{"code":"SOURCE_PRODUCER_CONTRACT_UNSUPPORTED","gate":"G0"},"id":"g0_receipt_version_not_1","match":true,"observed":{"code":"SOURCE_PRODUCER_CONTRACT_UNSUPPORTED","gate":"G0"}}
I63_OUTCOME_07 {"base":"ordinary_prepared_synthetic","expected":{"code":"SOURCE_PRODUCER_CONTRACT_UNSUPPORTED","gate":"G0"},"id":"g0_canonicalization_profile","match":true,"observed":{"code":"SOURCE_PRODUCER_CONTRACT_UNSUPPORTED","gate":"G0"}}
I63_OUTCOME_07 {"base":"ordinary_prepared_synthetic","expected":{"code":"SOURCE_PRODUCER_CONTRACT_UNSUPPORTED","gate":"G0"},"id":"g0_retained_precision_absent","match":true,"observed":{"code":"SOURCE_PRODUCER_CONTRACT_UNSUPPORTED","gate":"G0"}}
I63_OUTCOME_07 {"base":"ordinary_prepared_synthetic","expected":{"code":"SOURCE_PRODUCER_CONTRACT_UNSUPPORTED","gate":"G0"},"id":"g0_receipt_body_absent","match":true,"observed":{"code":"SOURCE_PRODUCER_CONTRACT_UNSUPPORTED","gate":"G0"}}
I63_OUTCOME_07 {"base":"ordinary_prepared_synthetic","expected":{"code":"RETAINED_PRECISION_RECEIPT_MISMATCH","gate":"G1"},"id":"refusal_work_accounting_variant","match":true,"observed":{"code":"RETAINED_PRECISION_RECEIPT_MISMATCH","gate":"G1"}}
I63_OUTCOME_07 {"base":"ordinary_prepared_synthetic","expected":{"code":"RETAINED_PRECISION_RECEIPT_MISMATCH","gate":"G1"},"id":"refusal_count_range_variant","match":true,"observed":{"code":"RETAINED_PRECISION_RECEIPT_MISMATCH","gate":"G1"}}
I63_OUTCOME_07 {"base":"two_case_preparation_failure_synthetic","expected":{"code":"RETAINED_PRECISION_RECEIPT_MISMATCH","gate":"G1"},"id":"unavailable_source_ref_absent","match":true,"observed":{"code":"RETAINED_PRECISION_RECEIPT_MISMATCH","gate":"G1"}}
I63_OUTCOME_07 {"base":"two_case_facade_after_certificate_synthetic","expected":{"code":"RETAINED_PRECISION_RECEIPT_MISMATCH","gate":"G1"},"id":"source_decline_with_source_ref","match":true,"observed":{"code":"RETAINED_PRECISION_RECEIPT_MISMATCH","gate":"G1"}}
I63_OUTCOME_07 {"base":"two_case_facade_after_certificate_synthetic","expected":{"code":"RETAINED_PRECISION_ATTEMPT_MISMATCH","gate":"G5"},"id":"rcond_label_plus_adapter_fault","match":true,"observed":{"code":"RETAINED_PRECISION_ATTEMPT_MISMATCH","gate":"G5"}}
I63_OUTCOME_07 {"base":"ordinary_prepared_synthetic","expected":{"code":"RETAINED_PRECISION_ATTEMPT_MISMATCH","gate":"G5"},"id":"native_attempt_defect_after_native_work_defect","match":true,"observed":{"code":"RETAINED_PRECISION_ATTEMPT_MISMATCH","gate":"G5"}}
I63_OUTCOME_07 {"base":"ordinary_prepared_synthetic","expected":{"code":"RETAINED_PRECISION_ATTEMPT_MISMATCH","gate":"G5"},"id":"dangling_candidate_record","match":true,"observed":{"code":"RETAINED_PRECISION_ATTEMPT_MISMATCH","gate":"G5"}}
I63_OUTCOME_07 {"base":"ordinary_prepared_synthetic","expected":{"code":"RETAINED_PRECISION_WORK_MISMATCH","gate":"G5"},"id":"dangling_build_ref","match":true,"observed":{"code":"RETAINED_PRECISION_WORK_MISMATCH","gate":"G5"}}
I63_OUTCOME_07 {"base":"ordinary_prepared_synthetic","expected":{"code":"RETAINED_PRECISION_PRODUCT_ATTEMPT_MISMATCH","gate":"G5"},"id":"dangling_ordinary_attempt_ref","match":true,"observed":{"code":"RETAINED_PRECISION_PRODUCT_ATTEMPT_MISMATCH","gate":"G5"}}
I63_OUTCOME_07 {"base":"ordinary_prepared_synthetic","expected":{"code":"RETAINED_PRECISION_SECTION_MISMATCH","gate":"G5b"},"id":"g5b_zero_section_area","match":true,"observed":{"code":"RETAINED_PRECISION_SECTION_MISMATCH","gate":"G5b"}}
I63_OUTCOME_07 {"base":"two_case_facade_after_certificate_synthetic","expected":{"code":"RETAINED_PRECISION_ATTEMPT_MISMATCH","gate":"G5"},"id":"ordinary_dangling_ref_plus_source_preparation_null","match":true,"observed":{"code":"RETAINED_PRECISION_ATTEMPT_MISMATCH","gate":"G5"}}
I63_OUTCOME_07 {"base":"ordinary_prepared_synthetic","expected":{"code":"RETAINED_PRECISION_SECTION_MISMATCH","gate":"G5b"},"id":"g5b_zero_section_length","match":true,"observed":{"code":"RETAINED_PRECISION_SECTION_MISMATCH","gate":"G5b"}}

---- snapshot_07h_mutation_outcomes stdout ----
I61_OUTCOME_07H {"base":"ordinary_prepared_synthetic","expected":{"code":"RETAINED_PRECISION_ATTEMPT_MISMATCH","gate":"G5"},"id":"f5_affected_refs_string_names_no_case","match":true,"observed":{"code":"RETAINED_PRECISION_ATTEMPT_MISMATCH","gate":"G5"}}
I61_OUTCOME_07H {"base":"two_case_synthetic","expected":{"code":"RETAINED_PRECISION_ATTEMPT_MISMATCH","gate":"G5"},"id":"f5_ordinary_refs_second_case_relaxed_d6a_form","match":true,"observed":{"code":"RETAINED_PRECISION_ATTEMPT_MISMATCH","gate":"G5"}}
I61_OUTCOME_07H {"base":"ordinary_prepared_synthetic","expected":{"code":"RETAINED_PRECISION_ATTEMPT_MISMATCH","gate":"G5"},"id":"f5_ordinary_refs_strict_prefix","match":true,"observed":{"code":"RETAINED_PRECISION_ATTEMPT_MISMATCH","gate":"G5"}}


successes:
    audit_mutations_retain_native_and_product_first_failures
    canonical_zero_and_invalid_helper_operands
    complete_synthetic_controls_carry_their_shared_eligibility
    coverage_layout_controls_fail_at_g5a
    d13_absolute_bound_small_scale_switch
    d13_reader_local_pins_and_mutant_kills
    d19_converse_cause_binding
    d1_g3_coverage_relations
    d20_selected_without_c3_attempt
    d21_last_slot_verification_shared_build
    d21_verification_shared_build_is_pass_evidence
    d22_dangling_attempt_source_ref
    d24_after_rehash_edits
    d25_integral_float_is_the_same_number
    d27_idle_rule_reads_recorded_invocation_before
    d28_quantity_reasons_resolve_to_layout
    d29_empty_body_inventory
    d29_empty_body_inventory_without_roster
    d2_g0_union
    d30_native_run_ref_on_nonselected_run
    d31_model_schema_versions_at_g8
    d32_forged_source_identity_under_float_ref
    d32_integers_by_value
    d33_verification_estimate_names_force_or_moment
    d34_negative_zero_anywhere_in_receipt_fails_g2
    d37_error_kind_agrees_with_stage_record
    d3_native_attempt_before_work
    d4_association_relations
    d5_native_record_relations
    d6_d7_ordinary_and_diagnostic_relations
    d8_accounting_rules_on_shared_bases
    d8_kernel_scope_work_accounting_anywhere
    f5_kills_u1_m09_m10_m20_on_the_real_milestone_receipts
    finite_product_vectors_and_ranges
    fixed_small_bound_vectors
    g5_audit_local_controls
    i70_full_07l_listing
    independent_rational_product_and_single_round_sum_controls
    negative_zero_wire_scale_remains_g2
    p512_floor_phi_follows_native_rounding
    publicly_consistent_coverage_attestations_are_not_rejected
    rehash_index_rule_07e
    schedule_replay_terminal_branches_reader_logic
    shared_must_pass_entries_validate
    shared_rehashed_first_failure_mutations
    snapshot_03_mutation_outcomes
    snapshot_04_coverage_mutation_outcomes
    snapshot_05a_mutation_outcomes
    snapshot_05b_mutation_outcomes
    snapshot_06a_mutation_outcomes
    snapshot_06b_mutation_outcomes
    snapshot_06c_mutation_outcomes
    snapshot_06d_mutation_outcomes
    snapshot_07_mutation_outcomes
    snapshot_07b_mutation_outcomes
    snapshot_07d_mutation_outcomes
    snapshot_07e_mutation_outcomes
    snapshot_07f_mutation_outcomes
    snapshot_07g_mutation_outcomes
    snapshot_07h_mutation_outcomes
    source_decline_relation_reader_logic
    u7_07j_not_required_case_omitted_or_reordered_is_not_current
    work_accounting_mutations_fail_at_the_terminal_rule

failures:

---- snapshot_07l_mutation_outcomes stdout ----
I70_OUTCOME_07L {"base":"u8_l0_isolated_node_sparse_interactive","expected":{"code":"RETAINED_PRECISION_SCALE_MISMATCH","gate":"G5a"},"id":"isolated_rotation_stop_sparse_interactive","match":true,"observed":{"code":"RETAINED_PRECISION_SCALE_MISMATCH","gate":"G5a"}}
I70_OUTCOME_07L {"base":"u8_l0_isolated_node_sparse_interactive","expected":{"code":"RETAINED_PRECISION_RECEIPT_MISMATCH","gate":"G1"},"id":"isolated_has_data_sparse_interactive","match":true,"observed":{"code":"RETAINED_PRECISION_RECEIPT_MISMATCH","gate":"G1"}}
I70_OUTCOME_07L {"base":"u8_l0_isolated_node_sparse_interactive","expected":{"code":"RETAINED_PRECISION_SCALE_MISMATCH","gate":"G5a"},"id":"isolated_estimate_coupled_sparse_interactive","match":true,"observed":{"code":"RETAINED_PRECISION_SCALE_MISMATCH","gate":"G5a"}}
I70_OUTCOME_07L {"base":"u8_l0_isolated_node_dense_scrutiny","expected":{"code":"RETAINED_PRECISION_SCALE_MISMATCH","gate":"G5a"},"id":"isolated_rotation_stop_dense_scrutiny","match":true,"observed":{"code":"RETAINED_PRECISION_SCALE_MISMATCH","gate":"G5a"}}
I70_OUTCOME_07L {"base":"u8_l0_isolated_node_dense_scrutiny","expected":{"code":"RETAINED_PRECISION_SCALE_MISMATCH","gate":"G5a"},"id":"isolated_has_data_dense_scrutiny","match":true,"observed":{"code":"RETAINED_PRECISION_SCALE_MISMATCH","gate":"G5a"}}
I70_OUTCOME_07L {"base":"u8_l0_isolated_node_dense_scrutiny","expected":{"code":"RETAINED_PRECISION_SCALE_MISMATCH","gate":"G5a"},"id":"isolated_estimate_coupled_dense_scrutiny","match":true,"observed":{"code":"RETAINED_PRECISION_SCALE_MISMATCH","gate":"G5a"}}
I70_OUTCOME_07L {"base":"u8_l0_isolated_node_sparse_interactive","expected":{"code":"RETAINED_PRECISION_SCALE_MISMATCH","gate":"G5a"},"id":"isolated_translation_rotation_stop_sparse_interactive","match":true,"observed":{"code":"RETAINED_PRECISION_SCALE_MISMATCH","gate":"G5a"}}
I70_OUTCOME_07L {"base":"u8_l0_isolated_node_dense_scrutiny","expected":{"code":"RETAINED_PRECISION_SCALE_MISMATCH","gate":"G5a"},"id":"isolated_translation_rotation_stop_dense_scrutiny","match":true,"observed":{"code":"RETAINED_PRECISION_SCALE_MISMATCH","gate":"G5a"}}

thread 'snapshot_07l_mutation_outcomes' (76637974) panicked at tests/retained_precision_contract.rs:305:5:
assertion `left == right` failed: I70_OUTCOME_07L
  left: {"G1 RETAINED_PRECISION_RECEIPT_MISMATCH": 1, "G5a RETAINED_PRECISION_SCALE_MISMATCH": 7}
 right: {"G5a RETAINED_PRECISION_SCALE_MISMATCH": 8}
note: run with `RUST_BACKTRACE=1` environment variable to display a backtrace


failures:
    snapshot_07l_mutation_outcomes

test result: FAILED. 63 passed; 1 failed; 0 ignored; 0 measured; 0 filtered out; finished in 35.50s

error: test failed, to rerun pass `--test retained_precision_contract`
