    Blocking waiting for file lock on package cache
    Blocking waiting for file lock on package cache
    Blocking waiting for file lock on package cache
   Compiling open_pipe_stress_frame_kernel v0.1.0 (<wt>/scratch/i9/trees/pe134/projects/chirality-piping/core/solver/frame_kernel)
   Compiling version_check v0.9.5
   Compiling proc-macro2 v1.0.106
   Compiling unicode-ident v1.0.24
   Compiling quote v1.0.45
   Compiling typenum v1.20.1
   Compiling serde_core v1.0.228
   Compiling libc v0.2.189
   Compiling zmij v1.0.21
   Compiling generic-array v0.14.7
   Compiling serde_json v1.0.149
   Compiling serde v1.0.228
   Compiling open_pipe_stress_linear_supports v0.1.0 (<wt>/scratch/i9/trees/pe134/projects/chirality-piping/core/solver/linear_supports)
   Compiling open_pipe_stress_primitive_loads v0.1.0 (<wt>/scratch/i9/trees/pe134/projects/chirality-piping/core/loads/primitive_loads)
   Compiling open_pipe_stress_sparse_direct v0.1.0 (<wt>/scratch/i9/trees/pe134/projects/chirality-piping/core/solver/sparse_direct)
   Compiling open_pipe_stress_solver_diagnostics v0.1.0 (<wt>/scratch/i9/trees/pe134/projects/chirality-piping/core/solver/diagnostics)
   Compiling memchr v2.8.0
   Compiling itoa v1.0.18
   Compiling cpufeatures v0.2.17
   Compiling open_pipe_stress_nonlinear_supports v0.1.0 (<wt>/scratch/i9/trees/pe134/projects/chirality-piping/core/solver/nonlinear_supports)
   Compiling open_pipe_stress_curved_bend v0.1.0 (<wt>/scratch/i9/trees/pe134/projects/chirality-piping/core/solver/curved_bend)
   Compiling open_pipe_stress_straight_pipe v0.1.0 (<wt>/scratch/i9/trees/pe134/projects/chirality-piping/core/solver/straight_pipe)
   Compiling cfg-if v1.0.5
   Compiling ryu v1.0.23
   Compiling open_pipe_stress_stress_recovery v0.1.0 (<wt>/scratch/i9/trees/pe134/projects/chirality-piping/core/loads/stress_recovery)
   Compiling open_pipe_stress_nonlinear_integration v0.1.0 (<wt>/scratch/i9/trees/pe134/projects/chirality-piping/core/solver/nonlinear_integration)
   Compiling open_pipe_stress_load_case_algebra v0.1.0 (<wt>/scratch/i9/trees/pe134/projects/chirality-piping/core/loads/load_case_algebra)
   Compiling open_pipe_stress_units v0.1.0 (<wt>/scratch/i9/trees/pe134/projects/chirality-piping/core/units)
   Compiling block-buffer v0.10.4
   Compiling crypto-common v0.1.7
   Compiling digest v0.10.7
   Compiling sha2 v0.10.9
   Compiling syn v2.0.117
   Compiling serde_derive v1.0.228
   Compiling open_pipe_stress_canonical_json v0.1.0 (<wt>/scratch/i9/trees/pe134/projects/chirality-piping/core/serialization/canonical_json)
   Compiling open_pipe_stress_product_physics v0.2.0 (<wt>/scratch/i9/trees/pe134/projects/chirality-piping/core/product_physics)
warning: function `is_exact_pressure_result_kind` is never used
    --> src/lib.rs:8711:4
     |
8711 | fn is_exact_pressure_result_kind(kind: &str) -> bool {
     |    ^^^^^^^^^^^^^^^^^^^^^^^^^^^^^
     |
     = note: `#[warn(dead_code)]` (part of `#[warn(unused)]`) on by default

warning: field `stage` is never read
  --> src/source_recovery.rs:63:9
   |
62 | pub(super) struct RecoveryFailure {
   |                   --------------- field in this struct
63 |     pub stage: &'static str,
   |         ^^^^^
   |
   = note: `RecoveryFailure` has derived impls for the traits `Clone` and `Debug`, but these are intentionally ignored during dead code analysis

warning: fields `support_id`, `global_dof`, `value`, and `functional_index` are never read
  --> src/source_recovery.rs:92:9
   |
91 | pub(super) struct SpringAction {
   |                   ------------ fields in this struct
92 |     pub support_id: String,
   |         ^^^^^^^^^^
93 |     pub global_dof: usize,
   |         ^^^^^^^^^^
94 |     pub value: f64,
   |         ^^^^^
95 |     pub functional_index: usize,
   |         ^^^^^^^^^^^^^^^^
   |
   = note: `SpringAction` has derived impls for the traits `Clone` and `Debug`, but these are intentionally ignored during dead code analysis

warning: multiple fields are never read
   --> src/source_recovery.rs:117:9
    |
116 | pub(super) struct RecoverySummary {
    |                   --------------- fields in this struct
117 |     pub dofs: usize,
    |         ^^^^
118 |     pub stiffness_contributions: usize,
    |         ^^^^^^^^^^^^^^^^^^^^^^^
119 |     pub identified_load_contributions: usize,
    |         ^^^^^^^^^^^^^^^^^^^^^^^^^^^^^
120 |     pub blocks: usize,
    |         ^^^^^^
121 |     pub largest_block: usize,
    |         ^^^^^^^^^^^^^
122 |     pub member_end_components: usize,
    |         ^^^^^^^^^^^^^^^^^^^^^
123 |     pub section_components: usize,
    |         ^^^^^^^^^^^^^^^^^^
124 |     pub spring_actions: usize,
    |         ^^^^^^^^^^^^^^
125 |     pub support_components: usize,
    |         ^^^^^^^^^^^^^^^^^^
126 |     pub published_nodal_components: usize,
    |         ^^^^^^^^^^^^^^^^^^^^^^^^^^
127 |     pub functional_count: usize,
    |         ^^^^^^^^^^^^^^^^
128 |     pub dof_projection_count: usize,
    |         ^^^^^^^^^^^^^^^^^^^^
129 |     pub max_absolute_projection_error: f64,
    |         ^^^^^^^^^^^^^^^^^^^^^^^^^^^^^
130 |     pub max_relative_projection_error: f64,
131 |     pub relative_limit: f64,
    |         ^^^^^^^^^^^^^^
    |
    = note: `RecoverySummary` has derived impls for the traits `Clone` and `Debug`, but these are intentionally ignored during dead code analysis

warning: field `springs` is never read
   --> src/source_recovery.rs:144:5
    |
138 | pub(super) struct SelectedSourceRecovery {
    |                   ---------------------- field in this struct
...
144 |     springs: Vec<SpringAction>,
    |     ^^^^^^^
    |
    = note: `SelectedSourceRecovery` has a derived impl for the trait `Debug`, but this is intentionally ignored during dead code analysis

warning: method `spring_actions` is never used
   --> src/source_recovery.rs:170:12
    |
153 | impl SelectedSourceRecovery {
    | --------------------------- method in this implementation
...
170 |     pub fn spring_actions(&self) -> &[SpringAction] {
    |            ^^^^^^^^^^^^^^

warning: method `mode` is never used
   --> src/source_receipt.rs:130:19
    |
108 | impl CapturedInvocation {
    | ----------------------- method in this implementation
...
130 |     pub(super) fn mode(&self) -> PreviewSolverMode {
    |                   ^^^^

warning: associated function `not_attempted` is never used
   --> src/source_receipt.rs:524:19
    |
453 | impl OrdinaryAttempt {
    | -------------------- associated function in this implementation
...
524 |     pub(super) fn not_attempted(mode: PreviewSolverMode) -> Self {
    |                   ^^^^^^^^^^^^^

warning: function `expected_primary` is never used
  --> src/source_receipt/rows.rs:55:15
   |
55 | pub(super) fn expected_primary(
   |               ^^^^^^^^^^^^^^^^

warning: function `derived` is never used
   --> src/source_receipt/rows.rs:329:15
    |
329 | pub(super) fn derived(
    |               ^^^^^^^

warning: `open_pipe_stress_product_physics` (lib) generated 10 warnings
    Finished `test` profile [unoptimized + debuginfo] target(s) in 14.16s
     Running tests/i9_skew_product_probe.rs (<wt>/skewpin-target/pe134/debug/deps/i9_skew_product_probe-7f37403fd79658a0)

running 1 test
I9SECTION {"A":4269719475748152062,"I":3925583032670147677,"J":3930086632297518173,"L":4431542033332568064}
I9GEOM {"axes":[[4607182418800017408,0,0],[0,4607182418800017408,0],[0,0,4607182418800017408]],"length":4431542033332568064,"member":"axis","n1":[4431542033332568064,0,0]}
I9GEOM {"axes":[[4603375528459645725,4603375528459645725,4603375528459645725],[13824398004167912511,13824398004167912511,4605529566940507196],[4604544271217802189,13827916308072577997,0]],"length":4431542033332568064,"member":"skew111","n1":[4427735142992196381,4427735142992196381,4427735142992196381]}
I9GEOM {"axes":[[4599676419421066581,4604180019048437077,4604180019048437077],[4606667288441977445,13821032126042012261,13821032126042012261],[0,4604544271217802188,13827916308072577996]],"length":4431542033332568064,"member":"skew122","n1":[4424036033953617237,4428539633580987733,4428539633580987733]}
I9PROBE {"E":633258949106561958,"G":627080287732561536,"N1":[],"cases":[["numerically_unresolved","unresolved","unresolved"]],"codes":["LOAD_CATEGORY_PREVIEW_MAPPED","SOURCE_BLOCK_RECOVERY_UNAVAILABLE","NUMERICAL_INTEGRITY_UNRESOLVED"],"entry":"captured","g_label":"E/2.6","member":"axis","messages":["NUMERICAL_INTEGRITY_UNRESOLVED: Load case case: structural integrity: Range(\"arithmetic outside normal range\"); global_dof_map=[\"N0:UX\", \"N0:UY\", \"N0:UZ\", \"N0:RX\", \"N0:RY\", \"N0:RZ\", \"N1:UX\", \"N1:UY\", \"N1:UZ\", \"N1:RX\", \"N1:RY\", \"N1:RZ\"]; no structural rejection is bypassed by generic LU or output quantization"],"mode":"SparseInteractive","moment":112890230659420433,"status":"unresolved","t":-1030}
I9PROBE {"E":633258949106561958,"G":627080287732561536,"N1":[],"cases":[["numerically_unresolved","unresolved","unresolved"]],"codes":["LOAD_CATEGORY_PREVIEW_MAPPED","NUMERICAL_INTEGRITY_UNRESOLVED"],"entry":"typed","g_label":"E/2.6","member":"axis","messages":["NUMERICAL_INTEGRITY_UNRESOLVED: Load case case: structural integrity: Range(\"arithmetic outside normal range\"); global_dof_map=[\"N0:UX\", \"N0:UY\", \"N0:UZ\", \"N0:RX\", \"N0:RY\", \"N0:RZ\", \"N1:UX\", \"N1:UY\", \"N1:UZ\", \"N1:RX\", \"N1:RY\", \"N1:RZ\"]; no structural rejection is bypassed by generic LU or output quantization"],"mode":"SparseInteractive","moment":112890230659420433,"status":"unresolved","t":-1030}
I9PROBE {"E":633258949106561958,"G":627080287732561536,"N1":[],"cases":[["numerically_unresolved","unresolved","unresolved"]],"codes":["LOAD_CATEGORY_PREVIEW_MAPPED","SOURCE_BLOCK_RECOVERY_UNAVAILABLE","NUMERICAL_INTEGRITY_UNRESOLVED"],"entry":"captured","g_label":"E/2.6","member":"axis","messages":["NUMERICAL_INTEGRITY_UNRESOLVED: Load case case: structural integrity: Range(\"arithmetic outside normal range\"); global_dof_map=[\"N0:UX\", \"N0:UY\", \"N0:UZ\", \"N0:RX\", \"N0:RY\", \"N0:RZ\", \"N1:UX\", \"N1:UY\", \"N1:UZ\", \"N1:RX\", \"N1:RY\", \"N1:RZ\"]; no structural rejection is bypassed by generic LU or output quantization"],"mode":"DenseScrutiny","moment":112890230659420433,"status":"unresolved","t":-1030}
I9PROBE {"E":633258949106561958,"G":627080287732561536,"N1":[],"cases":[["numerically_unresolved","unresolved","unresolved"]],"codes":["LOAD_CATEGORY_PREVIEW_MAPPED","NUMERICAL_INTEGRITY_UNRESOLVED"],"entry":"typed","g_label":"E/2.6","member":"axis","messages":["NUMERICAL_INTEGRITY_UNRESOLVED: Load case case: structural integrity: Range(\"arithmetic outside normal range\"); global_dof_map=[\"N0:UX\", \"N0:UY\", \"N0:UZ\", \"N0:RX\", \"N0:RY\", \"N0:RZ\", \"N1:UX\", \"N1:UY\", \"N1:UZ\", \"N1:RX\", \"N1:RY\", \"N1:RZ\"]; no structural rejection is bypassed by generic LU or output quantization"],"mode":"DenseScrutiny","moment":112890230659420433,"status":"unresolved","t":-1030}
I9PROBE {"E":633258949106561958,"G":627080287732561536,"N1":[],"cases":[["numerically_unresolved","unresolved","unresolved"]],"codes":["LOAD_CATEGORY_PREVIEW_MAPPED","SOURCE_BLOCK_RECOVERY_UNAVAILABLE","NUMERICAL_INTEGRITY_UNRESOLVED"],"entry":"captured","g_label":"E/2.6","member":"skew111","messages":["NUMERICAL_INTEGRITY_UNRESOLVED: Load case case: structural integrity: Range(\"arithmetic outside normal range\"); global_dof_map=[\"N0:UX\", \"N0:UY\", \"N0:UZ\", \"N0:RX\", \"N0:RY\", \"N0:RZ\", \"N1:UX\", \"N1:UY\", \"N1:UZ\", \"N1:RX\", \"N1:RY\", \"N1:RZ\"]; no structural rejection is bypassed by generic LU or output quantization"],"mode":"SparseInteractive","moment":112890230659420433,"status":"unresolved","t":-1030}
I9PROBE {"E":633258949106561958,"G":627080287732561536,"N1":[],"cases":[["numerically_unresolved","unresolved","unresolved"]],"codes":["LOAD_CATEGORY_PREVIEW_MAPPED","NUMERICAL_INTEGRITY_UNRESOLVED"],"entry":"typed","g_label":"E/2.6","member":"skew111","messages":["NUMERICAL_INTEGRITY_UNRESOLVED: Load case case: structural integrity: Range(\"arithmetic outside normal range\"); global_dof_map=[\"N0:UX\", \"N0:UY\", \"N0:UZ\", \"N0:RX\", \"N0:RY\", \"N0:RZ\", \"N1:UX\", \"N1:UY\", \"N1:UZ\", \"N1:RX\", \"N1:RY\", \"N1:RZ\"]; no structural rejection is bypassed by generic LU or output quantization"],"mode":"SparseInteractive","moment":112890230659420433,"status":"unresolved","t":-1030}
I9PROBE {"E":633258949106561958,"G":627080287732561536,"N1":[],"cases":[["numerically_unresolved","unresolved","unresolved"]],"codes":["LOAD_CATEGORY_PREVIEW_MAPPED","SOURCE_BLOCK_RECOVERY_UNAVAILABLE","NUMERICAL_INTEGRITY_UNRESOLVED"],"entry":"captured","g_label":"E/2.6","member":"skew111","messages":["NUMERICAL_INTEGRITY_UNRESOLVED: Load case case: structural integrity: Range(\"arithmetic outside normal range\"); global_dof_map=[\"N0:UX\", \"N0:UY\", \"N0:UZ\", \"N0:RX\", \"N0:RY\", \"N0:RZ\", \"N1:UX\", \"N1:UY\", \"N1:UZ\", \"N1:RX\", \"N1:RY\", \"N1:RZ\"]; no structural rejection is bypassed by generic LU or output quantization"],"mode":"DenseScrutiny","moment":112890230659420433,"status":"unresolved","t":-1030}
I9PROBE {"E":633258949106561958,"G":627080287732561536,"N1":[],"cases":[["numerically_unresolved","unresolved","unresolved"]],"codes":["LOAD_CATEGORY_PREVIEW_MAPPED","NUMERICAL_INTEGRITY_UNRESOLVED"],"entry":"typed","g_label":"E/2.6","member":"skew111","messages":["NUMERICAL_INTEGRITY_UNRESOLVED: Load case case: structural integrity: Range(\"arithmetic outside normal range\"); global_dof_map=[\"N0:UX\", \"N0:UY\", \"N0:UZ\", \"N0:RX\", \"N0:RY\", \"N0:RZ\", \"N1:UX\", \"N1:UY\", \"N1:UZ\", \"N1:RX\", \"N1:RY\", \"N1:RZ\"]; no structural rejection is bypassed by generic LU or output quantization"],"mode":"DenseScrutiny","moment":112890230659420433,"status":"unresolved","t":-1030}
I9PROBE {"E":633258949106561958,"G":627080287732561536,"N1":[],"cases":[["numerically_unresolved","unresolved","unresolved"]],"codes":["LOAD_CATEGORY_PREVIEW_MAPPED","SOURCE_BLOCK_RECOVERY_UNAVAILABLE","NUMERICAL_INTEGRITY_UNRESOLVED"],"entry":"captured","g_label":"E/2.6","member":"skew122","messages":["NUMERICAL_INTEGRITY_UNRESOLVED: Load case case: structural integrity: Range(\"arithmetic outside normal range\"); global_dof_map=[\"N0:UX\", \"N0:UY\", \"N0:UZ\", \"N0:RX\", \"N0:RY\", \"N0:RZ\", \"N1:UX\", \"N1:UY\", \"N1:UZ\", \"N1:RX\", \"N1:RY\", \"N1:RZ\"]; no structural rejection is bypassed by generic LU or output quantization"],"mode":"SparseInteractive","moment":112890230659420433,"status":"unresolved","t":-1030}
I9PROBE {"E":633258949106561958,"G":627080287732561536,"N1":[],"cases":[["numerically_unresolved","unresolved","unresolved"]],"codes":["LOAD_CATEGORY_PREVIEW_MAPPED","NUMERICAL_INTEGRITY_UNRESOLVED"],"entry":"typed","g_label":"E/2.6","member":"skew122","messages":["NUMERICAL_INTEGRITY_UNRESOLVED: Load case case: structural integrity: Range(\"arithmetic outside normal range\"); global_dof_map=[\"N0:UX\", \"N0:UY\", \"N0:UZ\", \"N0:RX\", \"N0:RY\", \"N0:RZ\", \"N1:UX\", \"N1:UY\", \"N1:UZ\", \"N1:RX\", \"N1:RY\", \"N1:RZ\"]; no structural rejection is bypassed by generic LU or output quantization"],"mode":"SparseInteractive","moment":112890230659420433,"status":"unresolved","t":-1030}
I9PROBE {"E":633258949106561958,"G":627080287732561536,"N1":[],"cases":[["numerically_unresolved","unresolved","unresolved"]],"codes":["LOAD_CATEGORY_PREVIEW_MAPPED","SOURCE_BLOCK_RECOVERY_UNAVAILABLE","NUMERICAL_INTEGRITY_UNRESOLVED"],"entry":"captured","g_label":"E/2.6","member":"skew122","messages":["NUMERICAL_INTEGRITY_UNRESOLVED: Load case case: structural integrity: Range(\"arithmetic outside normal range\"); global_dof_map=[\"N0:UX\", \"N0:UY\", \"N0:UZ\", \"N0:RX\", \"N0:RY\", \"N0:RZ\", \"N1:UX\", \"N1:UY\", \"N1:UZ\", \"N1:RX\", \"N1:RY\", \"N1:RZ\"]; no structural rejection is bypassed by generic LU or output quantization"],"mode":"DenseScrutiny","moment":112890230659420433,"status":"unresolved","t":-1030}
I9PROBE {"E":633258949106561958,"G":627080287732561536,"N1":[],"cases":[["numerically_unresolved","unresolved","unresolved"]],"codes":["LOAD_CATEGORY_PREVIEW_MAPPED","NUMERICAL_INTEGRITY_UNRESOLVED"],"entry":"typed","g_label":"E/2.6","member":"skew122","messages":["NUMERICAL_INTEGRITY_UNRESOLVED: Load case case: structural integrity: Range(\"arithmetic outside normal range\"); global_dof_map=[\"N0:UX\", \"N0:UY\", \"N0:UZ\", \"N0:RX\", \"N0:RY\", \"N0:RZ\", \"N1:UX\", \"N1:UY\", \"N1:UZ\", \"N1:RX\", \"N1:RY\", \"N1:RZ\"]; no structural rejection is bypassed by generic LU or output quantization"],"mode":"DenseScrutiny","moment":112890230659420433,"status":"unresolved","t":-1030}
I9PROBE {"E":633258949106561958,"G":723330941653971878,"N1":[],"cases":[["numerically_unresolved","unresolved","unresolved"]],"codes":["LOAD_CATEGORY_PREVIEW_MAPPED","SOURCE_BLOCK_RECOVERY_UNAVAILABLE","NUMERICAL_INTEGRITY_UNRESOLVED"],"entry":"captured","g_label":"E*2^20","member":"axis","messages":["NUMERICAL_INTEGRITY_UNRESOLVED: Load case case: structural integrity: Range(\"arithmetic outside normal range\"); global_dof_map=[\"N0:UX\", \"N0:UY\", \"N0:UZ\", \"N0:RX\", \"N0:RY\", \"N0:RZ\", \"N1:UX\", \"N1:UY\", \"N1:UZ\", \"N1:RX\", \"N1:RY\", \"N1:RZ\"]; no structural rejection is bypassed by generic LU or output quantization"],"mode":"SparseInteractive","moment":112890230659420433,"status":"unresolved","t":-1030}
I9PROBE {"E":633258949106561958,"G":723330941653971878,"N1":[],"cases":[["numerically_unresolved","unresolved","unresolved"]],"codes":["LOAD_CATEGORY_PREVIEW_MAPPED","NUMERICAL_INTEGRITY_UNRESOLVED"],"entry":"typed","g_label":"E*2^20","member":"axis","messages":["NUMERICAL_INTEGRITY_UNRESOLVED: Load case case: structural integrity: Range(\"arithmetic outside normal range\"); global_dof_map=[\"N0:UX\", \"N0:UY\", \"N0:UZ\", \"N0:RX\", \"N0:RY\", \"N0:RZ\", \"N1:UX\", \"N1:UY\", \"N1:UZ\", \"N1:RX\", \"N1:RY\", \"N1:RZ\"]; no structural rejection is bypassed by generic LU or output quantization"],"mode":"SparseInteractive","moment":112890230659420433,"status":"unresolved","t":-1030}
I9PROBE {"E":633258949106561958,"G":723330941653971878,"N1":[],"cases":[["numerically_unresolved","unresolved","unresolved"]],"codes":["LOAD_CATEGORY_PREVIEW_MAPPED","SOURCE_BLOCK_RECOVERY_UNAVAILABLE","NUMERICAL_INTEGRITY_UNRESOLVED"],"entry":"captured","g_label":"E*2^20","member":"axis","messages":["NUMERICAL_INTEGRITY_UNRESOLVED: Load case case: structural integrity: Range(\"arithmetic outside normal range\"); global_dof_map=[\"N0:UX\", \"N0:UY\", \"N0:UZ\", \"N0:RX\", \"N0:RY\", \"N0:RZ\", \"N1:UX\", \"N1:UY\", \"N1:UZ\", \"N1:RX\", \"N1:RY\", \"N1:RZ\"]; no structural rejection is bypassed by generic LU or output quantization"],"mode":"DenseScrutiny","moment":112890230659420433,"status":"unresolved","t":-1030}
I9PROBE {"E":633258949106561958,"G":723330941653971878,"N1":[],"cases":[["numerically_unresolved","unresolved","unresolved"]],"codes":["LOAD_CATEGORY_PREVIEW_MAPPED","NUMERICAL_INTEGRITY_UNRESOLVED"],"entry":"typed","g_label":"E*2^20","member":"axis","messages":["NUMERICAL_INTEGRITY_UNRESOLVED: Load case case: structural integrity: Range(\"arithmetic outside normal range\"); global_dof_map=[\"N0:UX\", \"N0:UY\", \"N0:UZ\", \"N0:RX\", \"N0:RY\", \"N0:RZ\", \"N1:UX\", \"N1:UY\", \"N1:UZ\", \"N1:RX\", \"N1:RY\", \"N1:RZ\"]; no structural rejection is bypassed by generic LU or output quantization"],"mode":"DenseScrutiny","moment":112890230659420433,"status":"unresolved","t":-1030}
I9PROBE {"E":633258949106561958,"G":723330941653971878,"N1":[],"cases":[["numerically_unresolved","unresolved","unresolved"]],"codes":["LOAD_CATEGORY_PREVIEW_MAPPED","SOURCE_BLOCK_RECOVERY_UNAVAILABLE","NUMERICAL_INTEGRITY_UNRESOLVED"],"entry":"captured","g_label":"E*2^20","member":"skew111","messages":["NUMERICAL_INTEGRITY_UNRESOLVED: Load case case: structural integrity: Range(\"arithmetic outside normal range\"); global_dof_map=[\"N0:UX\", \"N0:UY\", \"N0:UZ\", \"N0:RX\", \"N0:RY\", \"N0:RZ\", \"N1:UX\", \"N1:UY\", \"N1:UZ\", \"N1:RX\", \"N1:RY\", \"N1:RZ\"]; no structural rejection is bypassed by generic LU or output quantization"],"mode":"SparseInteractive","moment":112890230659420433,"status":"unresolved","t":-1030}
I9PROBE {"E":633258949106561958,"G":723330941653971878,"N1":[],"cases":[["numerically_unresolved","unresolved","unresolved"]],"codes":["LOAD_CATEGORY_PREVIEW_MAPPED","NUMERICAL_INTEGRITY_UNRESOLVED"],"entry":"typed","g_label":"E*2^20","member":"skew111","messages":["NUMERICAL_INTEGRITY_UNRESOLVED: Load case case: structural integrity: Range(\"arithmetic outside normal range\"); global_dof_map=[\"N0:UX\", \"N0:UY\", \"N0:UZ\", \"N0:RX\", \"N0:RY\", \"N0:RZ\", \"N1:UX\", \"N1:UY\", \"N1:UZ\", \"N1:RX\", \"N1:RY\", \"N1:RZ\"]; no structural rejection is bypassed by generic LU or output quantization"],"mode":"SparseInteractive","moment":112890230659420433,"status":"unresolved","t":-1030}
I9PROBE {"E":633258949106561958,"G":723330941653971878,"N1":[],"cases":[["numerically_unresolved","unresolved","unresolved"]],"codes":["LOAD_CATEGORY_PREVIEW_MAPPED","SOURCE_BLOCK_RECOVERY_UNAVAILABLE","NUMERICAL_INTEGRITY_UNRESOLVED"],"entry":"captured","g_label":"E*2^20","member":"skew111","messages":["NUMERICAL_INTEGRITY_UNRESOLVED: Load case case: structural integrity: Range(\"arithmetic outside normal range\"); global_dof_map=[\"N0:UX\", \"N0:UY\", \"N0:UZ\", \"N0:RX\", \"N0:RY\", \"N0:RZ\", \"N1:UX\", \"N1:UY\", \"N1:UZ\", \"N1:RX\", \"N1:RY\", \"N1:RZ\"]; no structural rejection is bypassed by generic LU or output quantization"],"mode":"DenseScrutiny","moment":112890230659420433,"status":"unresolved","t":-1030}
I9PROBE {"E":633258949106561958,"G":723330941653971878,"N1":[],"cases":[["numerically_unresolved","unresolved","unresolved"]],"codes":["LOAD_CATEGORY_PREVIEW_MAPPED","NUMERICAL_INTEGRITY_UNRESOLVED"],"entry":"typed","g_label":"E*2^20","member":"skew111","messages":["NUMERICAL_INTEGRITY_UNRESOLVED: Load case case: structural integrity: Range(\"arithmetic outside normal range\"); global_dof_map=[\"N0:UX\", \"N0:UY\", \"N0:UZ\", \"N0:RX\", \"N0:RY\", \"N0:RZ\", \"N1:UX\", \"N1:UY\", \"N1:UZ\", \"N1:RX\", \"N1:RY\", \"N1:RZ\"]; no structural rejection is bypassed by generic LU or output quantization"],"mode":"DenseScrutiny","moment":112890230659420433,"status":"unresolved","t":-1030}
I9PROBE {"E":633258949106561958,"G":723330941653971878,"N1":[],"cases":[["numerically_unresolved","unresolved","unresolved"]],"codes":["LOAD_CATEGORY_PREVIEW_MAPPED","SOURCE_BLOCK_RECOVERY_UNAVAILABLE","NUMERICAL_INTEGRITY_UNRESOLVED"],"entry":"captured","g_label":"E*2^20","member":"skew122","messages":["NUMERICAL_INTEGRITY_UNRESOLVED: Load case case: structural integrity: Range(\"arithmetic outside normal range\"); global_dof_map=[\"N0:UX\", \"N0:UY\", \"N0:UZ\", \"N0:RX\", \"N0:RY\", \"N0:RZ\", \"N1:UX\", \"N1:UY\", \"N1:UZ\", \"N1:RX\", \"N1:RY\", \"N1:RZ\"]; no structural rejection is bypassed by generic LU or output quantization"],"mode":"SparseInteractive","moment":112890230659420433,"status":"unresolved","t":-1030}
I9PROBE {"E":633258949106561958,"G":723330941653971878,"N1":[],"cases":[["numerically_unresolved","unresolved","unresolved"]],"codes":["LOAD_CATEGORY_PREVIEW_MAPPED","NUMERICAL_INTEGRITY_UNRESOLVED"],"entry":"typed","g_label":"E*2^20","member":"skew122","messages":["NUMERICAL_INTEGRITY_UNRESOLVED: Load case case: structural integrity: Range(\"arithmetic outside normal range\"); global_dof_map=[\"N0:UX\", \"N0:UY\", \"N0:UZ\", \"N0:RX\", \"N0:RY\", \"N0:RZ\", \"N1:UX\", \"N1:UY\", \"N1:UZ\", \"N1:RX\", \"N1:RY\", \"N1:RZ\"]; no structural rejection is bypassed by generic LU or output quantization"],"mode":"SparseInteractive","moment":112890230659420433,"status":"unresolved","t":-1030}
I9PROBE {"E":633258949106561958,"G":723330941653971878,"N1":[],"cases":[["numerically_unresolved","unresolved","unresolved"]],"codes":["LOAD_CATEGORY_PREVIEW_MAPPED","SOURCE_BLOCK_RECOVERY_UNAVAILABLE","NUMERICAL_INTEGRITY_UNRESOLVED"],"entry":"captured","g_label":"E*2^20","member":"skew122","messages":["NUMERICAL_INTEGRITY_UNRESOLVED: Load case case: structural integrity: Range(\"arithmetic outside normal range\"); global_dof_map=[\"N0:UX\", \"N0:UY\", \"N0:UZ\", \"N0:RX\", \"N0:RY\", \"N0:RZ\", \"N1:UX\", \"N1:UY\", \"N1:UZ\", \"N1:RX\", \"N1:RY\", \"N1:RZ\"]; no structural rejection is bypassed by generic LU or output quantization"],"mode":"DenseScrutiny","moment":112890230659420433,"status":"unresolved","t":-1030}
I9PROBE {"E":633258949106561958,"G":723330941653971878,"N1":[],"cases":[["numerically_unresolved","unresolved","unresolved"]],"codes":["LOAD_CATEGORY_PREVIEW_MAPPED","NUMERICAL_INTEGRITY_UNRESOLVED"],"entry":"typed","g_label":"E*2^20","member":"skew122","messages":["NUMERICAL_INTEGRITY_UNRESOLVED: Load case case: structural integrity: Range(\"arithmetic outside normal range\"); global_dof_map=[\"N0:UX\", \"N0:UY\", \"N0:UZ\", \"N0:RX\", \"N0:RY\", \"N0:RZ\", \"N1:UX\", \"N1:UY\", \"N1:UZ\", \"N1:RX\", \"N1:RY\", \"N1:RZ\"]; no structural rejection is bypassed by generic LU or output quantization"],"mode":"DenseScrutiny","moment":112890230659420433,"status":"unresolved","t":-1030}
I9PROBE {"E":633258949106561958,"G":768366937927676838,"N1":[],"cases":[["numerically_unresolved","unresolved","unresolved"]],"codes":["LOAD_CATEGORY_PREVIEW_MAPPED","SOURCE_BLOCK_RECOVERY_UNAVAILABLE","NUMERICAL_INTEGRITY_UNRESOLVED"],"entry":"captured","g_label":"E*2^30","member":"axis","messages":["NUMERICAL_INTEGRITY_UNRESOLVED: Load case case: structural integrity: Range(\"arithmetic outside normal range\"); global_dof_map=[\"N0:UX\", \"N0:UY\", \"N0:UZ\", \"N0:RX\", \"N0:RY\", \"N0:RZ\", \"N1:UX\", \"N1:UY\", \"N1:UZ\", \"N1:RX\", \"N1:RY\", \"N1:RZ\"]; no structural rejection is bypassed by generic LU or output quantization"],"mode":"SparseInteractive","moment":112890230659420433,"status":"unresolved","t":-1030}
I9PROBE {"E":633258949106561958,"G":768366937927676838,"N1":[],"cases":[["numerically_unresolved","unresolved","unresolved"]],"codes":["LOAD_CATEGORY_PREVIEW_MAPPED","NUMERICAL_INTEGRITY_UNRESOLVED"],"entry":"typed","g_label":"E*2^30","member":"axis","messages":["NUMERICAL_INTEGRITY_UNRESOLVED: Load case case: structural integrity: Range(\"arithmetic outside normal range\"); global_dof_map=[\"N0:UX\", \"N0:UY\", \"N0:UZ\", \"N0:RX\", \"N0:RY\", \"N0:RZ\", \"N1:UX\", \"N1:UY\", \"N1:UZ\", \"N1:RX\", \"N1:RY\", \"N1:RZ\"]; no structural rejection is bypassed by generic LU or output quantization"],"mode":"SparseInteractive","moment":112890230659420433,"status":"unresolved","t":-1030}
I9PROBE {"E":633258949106561958,"G":768366937927676838,"N1":[],"cases":[["numerically_unresolved","unresolved","unresolved"]],"codes":["LOAD_CATEGORY_PREVIEW_MAPPED","SOURCE_BLOCK_RECOVERY_UNAVAILABLE","NUMERICAL_INTEGRITY_UNRESOLVED"],"entry":"captured","g_label":"E*2^30","member":"axis","messages":["NUMERICAL_INTEGRITY_UNRESOLVED: Load case case: structural integrity: Range(\"arithmetic outside normal range\"); global_dof_map=[\"N0:UX\", \"N0:UY\", \"N0:UZ\", \"N0:RX\", \"N0:RY\", \"N0:RZ\", \"N1:UX\", \"N1:UY\", \"N1:UZ\", \"N1:RX\", \"N1:RY\", \"N1:RZ\"]; no structural rejection is bypassed by generic LU or output quantization"],"mode":"DenseScrutiny","moment":112890230659420433,"status":"unresolved","t":-1030}
I9PROBE {"E":633258949106561958,"G":768366937927676838,"N1":[],"cases":[["numerically_unresolved","unresolved","unresolved"]],"codes":["LOAD_CATEGORY_PREVIEW_MAPPED","NUMERICAL_INTEGRITY_UNRESOLVED"],"entry":"typed","g_label":"E*2^30","member":"axis","messages":["NUMERICAL_INTEGRITY_UNRESOLVED: Load case case: structural integrity: Range(\"arithmetic outside normal range\"); global_dof_map=[\"N0:UX\", \"N0:UY\", \"N0:UZ\", \"N0:RX\", \"N0:RY\", \"N0:RZ\", \"N1:UX\", \"N1:UY\", \"N1:UZ\", \"N1:RX\", \"N1:RY\", \"N1:RZ\"]; no structural rejection is bypassed by generic LU or output quantization"],"mode":"DenseScrutiny","moment":112890230659420433,"status":"unresolved","t":-1030}
I9PROBE {"E":633258949106561958,"G":768366937927676838,"N1":[["result:disp:N1:ux",-5.2509701089513786e-11,"mm"],["result:disp:N1:uy",5.2509700698286004e-11,"mm"],["result:disp:N1:uz",3.9122774991051188e-19,"mm"],["result:disp:N1:rx",-0.03333333282110588,"rad"],["result:disp:N1:ry",-0.033333333566163935,"rad"],["result:disp:N1:rz",0.06666666643383594,"rad"]],"cases":[["passive_model_basis","sensitive","not_claimed"]],"codes":["LOAD_CATEGORY_PREVIEW_MAPPED","SOURCE_BLOCK_RECOVERY_UNAVAILABLE","NUMERICAL_INTEGRITY_SENSITIVE","RULE_CHECK_INPUTS_MISSING"],"entry":"captured","g_label":"E*2^30","member":"skew111","messages":["NUMERICAL_INTEGRITY_SENSITIVE: M03-INTEGRITY-v1 represented original-equation structural evidence for load case case: StructuralReport { policy: \"M03-INTEGRITY-v1\", quality: Sensitive, factorization: \"positive skyline LDL\", scale_exponents: [457, 457, 457, 483, 483, 483], pivots: [PivotEvidence { ordered_index: 0, global_dof: 9, "],"mode":"SparseInteractive","moment":112890230659420433,"status":"sensitive","t":-1030}
I9PROBE {"E":633258949106561958,"G":768366937927676838,"N1":[["result:disp:N1:ux",-5.2509701089513786e-11,"mm"],["result:disp:N1:uy",5.2509700698286004e-11,"mm"],["result:disp:N1:uz",3.9122774991051188e-19,"mm"],["result:disp:N1:rx",-0.03333333282110588,"rad"],["result:disp:N1:ry",-0.033333333566163935,"rad"],["result:disp:N1:rz",0.06666666643383594,"rad"]],"cases":[["passive_model_basis","sensitive","not_claimed"]],"codes":["LOAD_CATEGORY_PREVIEW_MAPPED","NUMERICAL_INTEGRITY_SENSITIVE","RULE_CHECK_INPUTS_MISSING"],"entry":"typed","g_label":"E*2^30","member":"skew111","messages":["NUMERICAL_INTEGRITY_SENSITIVE: M03-INTEGRITY-v1 represented original-equation structural evidence for load case case: StructuralReport { policy: \"M03-INTEGRITY-v1\", quality: Sensitive, factorization: \"positive skyline LDL\", scale_exponents: [457, 457, 457, 483, 483, 483], pivots: [PivotEvidence { ordered_index: 0, global_dof: 9, "],"mode":"SparseInteractive","moment":112890230659420433,"status":"sensitive","t":-1030}
I9PROBE {"E":633258949106561958,"G":768366937927676838,"N1":[["result:disp:N1:ux",-5.2509704219336186e-11,"mm"],["result:disp:N1:uy",5.250970419488428e-11,"mm"],["result:disp:N1:uz",2.4451645506730065e-20,"mm"],["result:disp:N1:rx",-0.03333333527358882,"rad"],["result:disp:N1:ry",-0.03333333532015494,"rad"],["result:disp:N1:rz",0.06666667064030989,"rad"]],"cases":[["passive_model_basis","sensitive","not_claimed"]],"codes":["LOAD_CATEGORY_PREVIEW_MAPPED","SOURCE_BLOCK_RECOVERY_UNAVAILABLE","NUMERICAL_INTEGRITY_SENSITIVE","RULE_CHECK_INPUTS_MISSING"],"entry":"captured","g_label":"E*2^30","member":"skew111","messages":["NUMERICAL_INTEGRITY_SENSITIVE: M03-INTEGRITY-v1 represented original-equation structural evidence for load case case: StructuralReport { policy: \"M03-INTEGRITY-v1\", quality: Sensitive, factorization: \"positive dense Cholesky\", scale_exponents: [457, 457, 457, 483, 483, 483], pivots: [PivotEvidence { ordered_index: 0, global_dof: "],"mode":"DenseScrutiny","moment":112890230659420433,"status":"sensitive","t":-1030}
I9PROBE {"E":633258949106561958,"G":768366937927676838,"N1":[["result:disp:N1:ux",-5.2509704219336186e-11,"mm"],["result:disp:N1:uy",5.250970419488428e-11,"mm"],["result:disp:N1:uz",2.4451645506730065e-20,"mm"],["result:disp:N1:rx",-0.03333333527358882,"rad"],["result:disp:N1:ry",-0.03333333532015494,"rad"],["result:disp:N1:rz",0.06666667064030989,"rad"]],"cases":[["passive_model_basis","sensitive","not_claimed"]],"codes":["LOAD_CATEGORY_PREVIEW_MAPPED","NUMERICAL_INTEGRITY_SENSITIVE","RULE_CHECK_INPUTS_MISSING"],"entry":"typed","g_label":"E*2^30","member":"skew111","messages":["NUMERICAL_INTEGRITY_SENSITIVE: M03-INTEGRITY-v1 represented original-equation structural evidence for load case case: StructuralReport { policy: \"M03-INTEGRITY-v1\", quality: Sensitive, factorization: \"positive dense Cholesky\", scale_exponents: [457, 457, 457, 483, 483, 483], pivots: [PivotEvidence { ordered_index: 0, global_dof: "],"mode":"DenseScrutiny","moment":112890230659420433,"status":"sensitive","t":-1030}
I9PROBE {"E":633258949106561958,"G":768366937927676838,"N1":[["result:disp:N1:ux",-6.063297289018154e-11,"mm"],["result:disp:N1:uy",3.0316488553261556e-11,"mm"],["result:disp:N1:uz",-2.1081706453804017e-18,"mm"],["result:disp:N1:rx",-0.022222222653390106,"rad"],["result:disp:N1:ry",-0.044444438352905624,"rad"],["result:disp:N1:rz",0.0555555497261668,"rad"]],"cases":[["passive_model_basis","sensitive","not_claimed"]],"codes":["LOAD_CATEGORY_PREVIEW_MAPPED","SOURCE_BLOCK_RECOVERY_UNAVAILABLE","NUMERICAL_INTEGRITY_SENSITIVE","RULE_CHECK_INPUTS_MISSING"],"entry":"captured","g_label":"E*2^30","member":"skew122","messages":["NUMERICAL_INTEGRITY_SENSITIVE: M03-INTEGRITY-v1 represented original-equation structural evidence for load case case: StructuralReport { policy: \"M03-INTEGRITY-v1\", quality: Sensitive, factorization: \"positive skyline LDL\", scale_exponents: [457, 457, 457, 484, 483, 483], pivots: [PivotEvidence { ordered_index: 0, global_dof: 9, "],"mode":"SparseInteractive","moment":112890230659420433,"status":"sensitive","t":-1030}
I9PROBE {"E":633258949106561958,"G":768366937927676838,"N1":[["result:disp:N1:ux",-6.063297289018154e-11,"mm"],["result:disp:N1:uy",3.0316488553261556e-11,"mm"],["result:disp:N1:uz",-2.1081706453804017e-18,"mm"],["result:disp:N1:rx",-0.022222222653390106,"rad"],["result:disp:N1:ry",-0.044444438352905624,"rad"],["result:disp:N1:rz",0.0555555497261668,"rad"]],"cases":[["passive_model_basis","sensitive","not_claimed"]],"codes":["LOAD_CATEGORY_PREVIEW_MAPPED","NUMERICAL_INTEGRITY_SENSITIVE","RULE_CHECK_INPUTS_MISSING"],"entry":"typed","g_label":"E*2^30","member":"skew122","messages":["NUMERICAL_INTEGRITY_SENSITIVE: M03-INTEGRITY-v1 represented original-equation structural evidence for load case case: StructuralReport { policy: \"M03-INTEGRITY-v1\", quality: Sensitive, factorization: \"positive skyline LDL\", scale_exponents: [457, 457, 457, 484, 483, 483], pivots: [PivotEvidence { ordered_index: 0, global_dof: 9, "],"mode":"SparseInteractive","moment":112890230659420433,"status":"sensitive","t":-1030}
I9PROBE {"E":633258949106561958,"G":768366937927676838,"N1":[["result:disp:N1:ux",-6.063298373220258e-11,"mm"],["result:disp:N1:uy",3.031649060496352e-11,"mm"],["result:disp:N1:uz",1.261138151211498e-18,"mm"],["result:disp:N1:rx",-0.022222221687574092,"rad"],["result:disp:N1:ry",-0.04444444753505582,"rad"],["result:disp:N1:rz",0.05555555842540899,"rad"]],"cases":[["passive_model_basis","sensitive","not_claimed"]],"codes":["LOAD_CATEGORY_PREVIEW_MAPPED","SOURCE_BLOCK_RECOVERY_UNAVAILABLE","NUMERICAL_INTEGRITY_SENSITIVE","RULE_CHECK_INPUTS_MISSING"],"entry":"captured","g_label":"E*2^30","member":"skew122","messages":["NUMERICAL_INTEGRITY_SENSITIVE: M03-INTEGRITY-v1 represented original-equation structural evidence for load case case: StructuralReport { policy: \"M03-INTEGRITY-v1\", quality: Sensitive, factorization: \"positive dense Cholesky\", scale_exponents: [457, 457, 457, 484, 483, 483], pivots: [PivotEvidence { ordered_index: 0, global_dof: "],"mode":"DenseScrutiny","moment":112890230659420433,"status":"sensitive","t":-1030}
I9PROBE {"E":633258949106561958,"G":768366937927676838,"N1":[["result:disp:N1:ux",-6.063298373220258e-11,"mm"],["result:disp:N1:uy",3.031649060496352e-11,"mm"],["result:disp:N1:uz",1.261138151211498e-18,"mm"],["result:disp:N1:rx",-0.022222221687574092,"rad"],["result:disp:N1:ry",-0.04444444753505582,"rad"],["result:disp:N1:rz",0.05555555842540899,"rad"]],"cases":[["passive_model_basis","sensitive","not_claimed"]],"codes":["LOAD_CATEGORY_PREVIEW_MAPPED","NUMERICAL_INTEGRITY_SENSITIVE","RULE_CHECK_INPUTS_MISSING"],"entry":"typed","g_label":"E*2^30","member":"skew122","messages":["NUMERICAL_INTEGRITY_SENSITIVE: M03-INTEGRITY-v1 represented original-equation structural evidence for load case case: StructuralReport { policy: \"M03-INTEGRITY-v1\", quality: Sensitive, factorization: \"positive dense Cholesky\", scale_exponents: [457, 457, 457, 484, 483, 483], pivots: [PivotEvidence { ordered_index: 0, global_dof: "],"mode":"DenseScrutiny","moment":112890230659420433,"status":"sensitive","t":-1030}
I9PROBE {"E":633258949106561958,"G":795388535691899814,"N1":[],"cases":[["numerically_unresolved","unresolved","unresolved"]],"codes":["LOAD_CATEGORY_PREVIEW_MAPPED","SOURCE_BLOCK_RECOVERY_UNAVAILABLE","NUMERICAL_INTEGRITY_UNRESOLVED"],"entry":"captured","g_label":"E*2^36","member":"axis","messages":["NUMERICAL_INTEGRITY_UNRESOLVED: Load case case: structural integrity: Range(\"arithmetic outside normal range\"); global_dof_map=[\"N0:UX\", \"N0:UY\", \"N0:UZ\", \"N0:RX\", \"N0:RY\", \"N0:RZ\", \"N1:UX\", \"N1:UY\", \"N1:UZ\", \"N1:RX\", \"N1:RY\", \"N1:RZ\"]; no structural rejection is bypassed by generic LU or output quantization"],"mode":"SparseInteractive","moment":112890230659420433,"status":"unresolved","t":-1030}
I9PROBE {"E":633258949106561958,"G":795388535691899814,"N1":[],"cases":[["numerically_unresolved","unresolved","unresolved"]],"codes":["LOAD_CATEGORY_PREVIEW_MAPPED","NUMERICAL_INTEGRITY_UNRESOLVED"],"entry":"typed","g_label":"E*2^36","member":"axis","messages":["NUMERICAL_INTEGRITY_UNRESOLVED: Load case case: structural integrity: Range(\"arithmetic outside normal range\"); global_dof_map=[\"N0:UX\", \"N0:UY\", \"N0:UZ\", \"N0:RX\", \"N0:RY\", \"N0:RZ\", \"N1:UX\", \"N1:UY\", \"N1:UZ\", \"N1:RX\", \"N1:RY\", \"N1:RZ\"]; no structural rejection is bypassed by generic LU or output quantization"],"mode":"SparseInteractive","moment":112890230659420433,"status":"unresolved","t":-1030}
I9PROBE {"E":633258949106561958,"G":795388535691899814,"N1":[],"cases":[["numerically_unresolved","unresolved","unresolved"]],"codes":["LOAD_CATEGORY_PREVIEW_MAPPED","SOURCE_BLOCK_RECOVERY_UNAVAILABLE","NUMERICAL_INTEGRITY_UNRESOLVED"],"entry":"captured","g_label":"E*2^36","member":"axis","messages":["NUMERICAL_INTEGRITY_UNRESOLVED: Load case case: structural integrity: Range(\"arithmetic outside normal range\"); global_dof_map=[\"N0:UX\", \"N0:UY\", \"N0:UZ\", \"N0:RX\", \"N0:RY\", \"N0:RZ\", \"N1:UX\", \"N1:UY\", \"N1:UZ\", \"N1:RX\", \"N1:RY\", \"N1:RZ\"]; no structural rejection is bypassed by generic LU or output quantization"],"mode":"DenseScrutiny","moment":112890230659420433,"status":"unresolved","t":-1030}
I9PROBE {"E":633258949106561958,"G":795388535691899814,"N1":[],"cases":[["numerically_unresolved","unresolved","unresolved"]],"codes":["LOAD_CATEGORY_PREVIEW_MAPPED","NUMERICAL_INTEGRITY_UNRESOLVED"],"entry":"typed","g_label":"E*2^36","member":"axis","messages":["NUMERICAL_INTEGRITY_UNRESOLVED: Load case case: structural integrity: Range(\"arithmetic outside normal range\"); global_dof_map=[\"N0:UX\", \"N0:UY\", \"N0:UZ\", \"N0:RX\", \"N0:RY\", \"N0:RZ\", \"N1:UX\", \"N1:UY\", \"N1:UZ\", \"N1:RX\", \"N1:RY\", \"N1:RZ\"]; no structural rejection is bypassed by generic LU or output quantization"],"mode":"DenseScrutiny","moment":112890230659420433,"status":"unresolved","t":-1030}
I9PROBE {"E":633258949106561958,"G":795388535691899814,"N1":[["result:disp:N1:ux",-5.250970108951382e-11,"mm"],["result:disp:N1:uy",5.2509701083400825e-11,"mm"],["result:disp:N1:uz",6.112930486211934e-21,"mm"],["result:disp:N1:rx",-0.03333333332532972,"rad"],["result:disp:N1:ry",-0.033333333336971305,"rad"],["result:disp:N1:rz",0.06666666666302862,"rad"]],"cases":[["passive_model_basis","sensitive","not_claimed"]],"codes":["LOAD_CATEGORY_PREVIEW_MAPPED","SOURCE_BLOCK_RECOVERY_UNAVAILABLE","NUMERICAL_INTEGRITY_SENSITIVE","RULE_CHECK_INPUTS_MISSING"],"entry":"captured","g_label":"E*2^36","member":"skew111","messages":["NUMERICAL_INTEGRITY_SENSITIVE: M03-INTEGRITY-v1 represented original-equation structural evidence for load case case: StructuralReport { policy: \"M03-INTEGRITY-v1\", quality: Sensitive, factorization: \"positive skyline LDL\", scale_exponents: [457, 457, 457, 480, 480, 480], pivots: [PivotEvidence { ordered_index: 0, global_dof: 9, "],"mode":"SparseInteractive","moment":112890230659420433,"status":"sensitive","t":-1030}
I9PROBE {"E":633258949106561958,"G":795388535691899814,"N1":[["result:disp:N1:ux",-5.250970108951382e-11,"mm"],["result:disp:N1:uy",5.2509701083400825e-11,"mm"],["result:disp:N1:uz",6.112930486211934e-21,"mm"],["result:disp:N1:rx",-0.03333333332532972,"rad"],["result:disp:N1:ry",-0.033333333336971305,"rad"],["result:disp:N1:rz",0.06666666666302862,"rad"]],"cases":[["passive_model_basis","sensitive","not_claimed"]],"codes":["LOAD_CATEGORY_PREVIEW_MAPPED","NUMERICAL_INTEGRITY_SENSITIVE","RULE_CHECK_INPUTS_MISSING"],"entry":"typed","g_label":"E*2^36","member":"skew111","messages":["NUMERICAL_INTEGRITY_SENSITIVE: M03-INTEGRITY-v1 represented original-equation structural evidence for load case case: StructuralReport { policy: \"M03-INTEGRITY-v1\", quality: Sensitive, factorization: \"positive skyline LDL\", scale_exponents: [457, 457, 457, 480, 480, 480], pivots: [PivotEvidence { ordered_index: 0, global_dof: 9, "],"mode":"SparseInteractive","moment":112890230659420433,"status":"sensitive","t":-1030}
I9PROBE {"E":633258949106561958,"G":795388535691899814,"N1":[["result:disp:N1:ux",-5.2509701089513916e-11,"mm"],["result:disp:N1:uy",5.2509701089131693e-11,"mm"],["result:disp:N1:uz",3.8196829037945186e-22,"mm"],["result:disp:N1:rx",-0.03333333333260574,"rad"],["result:disp:N1:ry",-0.03333333333333333,"rad"],["result:disp:N1:rz",0.06666666666666667,"rad"]],"cases":[["passive_model_basis","sensitive","not_claimed"]],"codes":["LOAD_CATEGORY_PREVIEW_MAPPED","SOURCE_BLOCK_RECOVERY_UNAVAILABLE","NUMERICAL_INTEGRITY_SENSITIVE","RULE_CHECK_INPUTS_MISSING"],"entry":"captured","g_label":"E*2^36","member":"skew111","messages":["NUMERICAL_INTEGRITY_SENSITIVE: M03-INTEGRITY-v1 represented original-equation structural evidence for load case case: StructuralReport { policy: \"M03-INTEGRITY-v1\", quality: Sensitive, factorization: \"positive dense Cholesky\", scale_exponents: [457, 457, 457, 480, 480, 480], pivots: [PivotEvidence { ordered_index: 0, global_dof: "],"mode":"DenseScrutiny","moment":112890230659420433,"status":"sensitive","t":-1030}
I9PROBE {"E":633258949106561958,"G":795388535691899814,"N1":[["result:disp:N1:ux",-5.2509701089513916e-11,"mm"],["result:disp:N1:uy",5.2509701089131693e-11,"mm"],["result:disp:N1:uz",3.8196829037945186e-22,"mm"],["result:disp:N1:rx",-0.03333333333260574,"rad"],["result:disp:N1:ry",-0.03333333333333333,"rad"],["result:disp:N1:rz",0.06666666666666667,"rad"]],"cases":[["passive_model_basis","sensitive","not_claimed"]],"codes":["LOAD_CATEGORY_PREVIEW_MAPPED","NUMERICAL_INTEGRITY_SENSITIVE","RULE_CHECK_INPUTS_MISSING"],"entry":"typed","g_label":"E*2^36","member":"skew111","messages":["NUMERICAL_INTEGRITY_SENSITIVE: M03-INTEGRITY-v1 represented original-equation structural evidence for load case case: StructuralReport { policy: \"M03-INTEGRITY-v1\", quality: Sensitive, factorization: \"positive dense Cholesky\", scale_exponents: [457, 457, 457, 480, 480, 480], pivots: [PivotEvidence { ordered_index: 0, global_dof: "],"mode":"DenseScrutiny","moment":112890230659420433,"status":"sensitive","t":-1030}
I9PROBE {"E":633258949106561958,"G":795388535691899814,"N1":[["result:disp:N1:ux",-6.063251752879753e-11,"mm"],["result:disp:N1:uy",3.031633584831843e-11,"mm"],["result:disp:N1:uz",-7.70839197444526e-17,"mm"],["result:disp:N1:rx",-0.022222165687474676,"rad"],["result:disp:N1:ry",-0.044444077110951274,"rad"],["result:disp:N1:rz",0.05555515995541621,"rad"]],"cases":[["passive_model_basis","sensitive","not_claimed"]],"codes":["LOAD_CATEGORY_PREVIEW_MAPPED","SOURCE_BLOCK_RECOVERY_UNAVAILABLE","NUMERICAL_INTEGRITY_SENSITIVE","RULE_CHECK_INPUTS_MISSING"],"entry":"captured","g_label":"E*2^36","member":"skew122","messages":["NUMERICAL_INTEGRITY_SENSITIVE: M03-INTEGRITY-v1 represented original-equation structural evidence for load case case: StructuralReport { policy: \"M03-INTEGRITY-v1\", quality: Sensitive, factorization: \"positive skyline LDL\", scale_exponents: [457, 457, 457, 481, 480, 480], pivots: [PivotEvidence { ordered_index: 0, global_dof: 9, "],"mode":"SparseInteractive","moment":112890230659420433,"status":"sensitive","t":-1030}
I9PROBE {"E":633258949106561958,"G":795388535691899814,"N1":[["result:disp:N1:ux",-6.063251752879753e-11,"mm"],["result:disp:N1:uy",3.031633584831843e-11,"mm"],["result:disp:N1:uz",-7.70839197444526e-17,"mm"],["result:disp:N1:rx",-0.022222165687474676,"rad"],["result:disp:N1:ry",-0.044444077110951274,"rad"],["result:disp:N1:rz",0.05555515995541621,"rad"]],"cases":[["passive_model_basis","sensitive","not_claimed"]],"codes":["LOAD_CATEGORY_PREVIEW_MAPPED","NUMERICAL_INTEGRITY_SENSITIVE","RULE_CHECK_INPUTS_MISSING"],"entry":"typed","g_label":"E*2^36","member":"skew122","messages":["NUMERICAL_INTEGRITY_SENSITIVE: M03-INTEGRITY-v1 represented original-equation structural evidence for load case case: StructuralReport { policy: \"M03-INTEGRITY-v1\", quality: Sensitive, factorization: \"positive skyline LDL\", scale_exponents: [457, 457, 457, 481, 480, 480], pivots: [PivotEvidence { ordered_index: 0, global_dof: 9, "],"mode":"SparseInteractive","moment":112890230659420433,"status":"sensitive","t":-1030}
I9PROBE {"E":633258949106561958,"G":795388535691899814,"N1":[["result:disp:N1:ux",-6.063321141554094e-11,"mm"],["result:disp:N1:uy",3.0316412960815823e-11,"mm"],["result:disp:N1:uz",1.9274695503009076e-16,"mm"],["result:disp:N1:rx",-0.022222024423410147,"rad"],["result:disp:N1:ry",-0.044444684629374565,"rad"],["result:disp:N1:rz",0.05555569684180723,"rad"]],"cases":[["passive_model_basis","sensitive","not_claimed"]],"codes":["LOAD_CATEGORY_PREVIEW_MAPPED","SOURCE_BLOCK_RECOVERY_UNAVAILABLE","NUMERICAL_INTEGRITY_SENSITIVE","RULE_CHECK_INPUTS_MISSING"],"entry":"captured","g_label":"E*2^36","member":"skew122","messages":["NUMERICAL_INTEGRITY_SENSITIVE: M03-INTEGRITY-v1 represented original-equation structural evidence for load case case: StructuralReport { policy: \"M03-INTEGRITY-v1\", quality: Sensitive, factorization: \"positive dense Cholesky\", scale_exponents: [457, 457, 457, 481, 480, 480], pivots: [PivotEvidence { ordered_index: 0, global_dof: "],"mode":"DenseScrutiny","moment":112890230659420433,"status":"sensitive","t":-1030}
I9PROBE {"E":633258949106561958,"G":795388535691899814,"N1":[["result:disp:N1:ux",-6.063321141554094e-11,"mm"],["result:disp:N1:uy",3.0316412960815823e-11,"mm"],["result:disp:N1:uz",1.9274695503009076e-16,"mm"],["result:disp:N1:rx",-0.022222024423410147,"rad"],["result:disp:N1:ry",-0.044444684629374565,"rad"],["result:disp:N1:rz",0.05555569684180723,"rad"]],"cases":[["passive_model_basis","sensitive","not_claimed"]],"codes":["LOAD_CATEGORY_PREVIEW_MAPPED","NUMERICAL_INTEGRITY_SENSITIVE","RULE_CHECK_INPUTS_MISSING"],"entry":"typed","g_label":"E*2^36","member":"skew122","messages":["NUMERICAL_INTEGRITY_SENSITIVE: M03-INTEGRITY-v1 represented original-equation structural evidence for load case case: StructuralReport { policy: \"M03-INTEGRITY-v1\", quality: Sensitive, factorization: \"positive dense Cholesky\", scale_exponents: [457, 457, 457, 481, 480, 480], pivots: [PivotEvidence { ordered_index: 0, global_dof: "],"mode":"DenseScrutiny","moment":112890230659420433,"status":"sensitive","t":-1030}
I9PROBE {"E":633258949106561958,"G":813402934201381798,"N1":[],"cases":[["numerically_unresolved","unresolved","unresolved"]],"codes":["LOAD_CATEGORY_PREVIEW_MAPPED","SOURCE_BLOCK_RECOVERY_UNAVAILABLE","NUMERICAL_INTEGRITY_UNRESOLVED"],"entry":"captured","g_label":"E*2^40","member":"axis","messages":["NUMERICAL_INTEGRITY_UNRESOLVED: Load case case: structural integrity: Range(\"arithmetic outside normal range\"); global_dof_map=[\"N0:UX\", \"N0:UY\", \"N0:UZ\", \"N0:RX\", \"N0:RY\", \"N0:RZ\", \"N1:UX\", \"N1:UY\", \"N1:UZ\", \"N1:RX\", \"N1:RY\", \"N1:RZ\"]; no structural rejection is bypassed by generic LU or output quantization"],"mode":"SparseInteractive","moment":112890230659420433,"status":"unresolved","t":-1030}
I9PROBE {"E":633258949106561958,"G":813402934201381798,"N1":[],"cases":[["numerically_unresolved","unresolved","unresolved"]],"codes":["LOAD_CATEGORY_PREVIEW_MAPPED","NUMERICAL_INTEGRITY_UNRESOLVED"],"entry":"typed","g_label":"E*2^40","member":"axis","messages":["NUMERICAL_INTEGRITY_UNRESOLVED: Load case case: structural integrity: Range(\"arithmetic outside normal range\"); global_dof_map=[\"N0:UX\", \"N0:UY\", \"N0:UZ\", \"N0:RX\", \"N0:RY\", \"N0:RZ\", \"N1:UX\", \"N1:UY\", \"N1:UZ\", \"N1:RX\", \"N1:RY\", \"N1:RZ\"]; no structural rejection is bypassed by generic LU or output quantization"],"mode":"SparseInteractive","moment":112890230659420433,"status":"unresolved","t":-1030}
I9PROBE {"E":633258949106561958,"G":813402934201381798,"N1":[],"cases":[["numerically_unresolved","unresolved","unresolved"]],"codes":["LOAD_CATEGORY_PREVIEW_MAPPED","SOURCE_BLOCK_RECOVERY_UNAVAILABLE","NUMERICAL_INTEGRITY_UNRESOLVED"],"entry":"captured","g_label":"E*2^40","member":"axis","messages":["NUMERICAL_INTEGRITY_UNRESOLVED: Load case case: structural integrity: Range(\"arithmetic outside normal range\"); global_dof_map=[\"N0:UX\", \"N0:UY\", \"N0:UZ\", \"N0:RX\", \"N0:RY\", \"N0:RZ\", \"N1:UX\", \"N1:UY\", \"N1:UZ\", \"N1:RX\", \"N1:RY\", \"N1:RZ\"]; no structural rejection is bypassed by generic LU or output quantization"],"mode":"DenseScrutiny","moment":112890230659420433,"status":"unresolved","t":-1030}
I9PROBE {"E":633258949106561958,"G":813402934201381798,"N1":[],"cases":[["numerically_unresolved","unresolved","unresolved"]],"codes":["LOAD_CATEGORY_PREVIEW_MAPPED","NUMERICAL_INTEGRITY_UNRESOLVED"],"entry":"typed","g_label":"E*2^40","member":"axis","messages":["NUMERICAL_INTEGRITY_UNRESOLVED: Load case case: structural integrity: Range(\"arithmetic outside normal range\"); global_dof_map=[\"N0:UX\", \"N0:UY\", \"N0:UZ\", \"N0:RX\", \"N0:RY\", \"N0:RZ\", \"N1:UX\", \"N1:UY\", \"N1:UZ\", \"N1:RX\", \"N1:RY\", \"N1:RZ\"]; no structural rejection is bypassed by generic LU or output quantization"],"mode":"DenseScrutiny","moment":112890230659420433,"status":"unresolved","t":-1030}
I9PROBE {"E":633258949106561958,"G":813402934201381798,"N1":[["result:disp:N1:ux",-5.250649634730518e-11,"mm"],["result:disp:N1:uy",5.2506496346922937e-11,"mm"],["result:disp:N1:uz",3.819696057516348e-22,"mm"],["result:disp:N1:rx",-0.0333312989517935,"rad"],["result:disp:N1:ry",-0.03333129895252111,"rad"],["result:disp:N1:rz",0.06666259790436009,"rad"]],"cases":[["passive_model_basis","sensitive","not_claimed"]],"codes":["LOAD_CATEGORY_PREVIEW_MAPPED","SOURCE_BLOCK_RECOVERY_UNAVAILABLE","NUMERICAL_INTEGRITY_SENSITIVE","RULE_CHECK_INPUTS_MISSING"],"entry":"captured","g_label":"E*2^40","member":"skew111","messages":["NUMERICAL_INTEGRITY_SENSITIVE: M03-INTEGRITY-v1 represented original-equation structural evidence for load case case: StructuralReport { policy: \"M03-INTEGRITY-v1\", quality: Sensitive, factorization: \"positive skyline LDL\", scale_exponents: [457, 457, 457, 478, 478, 478], pivots: [PivotEvidence { ordered_index: 0, global_dof: 9, "],"mode":"SparseInteractive","moment":112890230659420433,"status":"sensitive","t":-1030}
I9PROBE {"E":633258949106561958,"G":813402934201381798,"N1":[["result:disp:N1:ux",-5.250649634730518e-11,"mm"],["result:disp:N1:uy",5.2506496346922937e-11,"mm"],["result:disp:N1:uz",3.819696057516348e-22,"mm"],["result:disp:N1:rx",-0.0333312989517935,"rad"],["result:disp:N1:ry",-0.03333129895252111,"rad"],["result:disp:N1:rz",0.06666259790436009,"rad"]],"cases":[["passive_model_basis","sensitive","not_claimed"]],"codes":["LOAD_CATEGORY_PREVIEW_MAPPED","NUMERICAL_INTEGRITY_SENSITIVE","RULE_CHECK_INPUTS_MISSING"],"entry":"typed","g_label":"E*2^40","member":"skew111","messages":["NUMERICAL_INTEGRITY_SENSITIVE: M03-INTEGRITY-v1 represented original-equation structural evidence for load case case: StructuralReport { policy: \"M03-INTEGRITY-v1\", quality: Sensitive, factorization: \"positive skyline LDL\", scale_exponents: [457, 457, 457, 478, 478, 478], pivots: [PivotEvidence { ordered_index: 0, global_dof: 9, "],"mode":"SparseInteractive","moment":112890230659420433,"status":"sensitive","t":-1030}
I9PROBE {"E":633258949106561958,"G":813402934201381798,"N1":[["result:disp:N1:ux",-5.251130355842223e-11,"mm"],["result:disp:N1:uy",5.2509701187290845e-11,"mm"],["result:disp:N1:uz",1.602371131123847e-15,"mm"],["result:disp:N1:rx",-0.03333231620485056,"rad"],["result:disp:N1:ry",-0.033335367776461074,"rad"],["result:disp:N1:rz",0.06666768398135711,"rad"]],"cases":[["passive_model_basis","sensitive","not_claimed"]],"codes":["LOAD_CATEGORY_PREVIEW_MAPPED","SOURCE_BLOCK_RECOVERY_UNAVAILABLE","NUMERICAL_INTEGRITY_SENSITIVE","RULE_CHECK_INPUTS_MISSING"],"entry":"captured","g_label":"E*2^40","member":"skew111","messages":["NUMERICAL_INTEGRITY_SENSITIVE: M03-INTEGRITY-v1 represented original-equation structural evidence for load case case: StructuralReport { policy: \"M03-INTEGRITY-v1\", quality: Sensitive, factorization: \"positive dense Cholesky\", scale_exponents: [457, 457, 457, 478, 478, 478], pivots: [PivotEvidence { ordered_index: 0, global_dof: "],"mode":"DenseScrutiny","moment":112890230659420433,"status":"sensitive","t":-1030}
I9PROBE {"E":633258949106561958,"G":813402934201381798,"N1":[["result:disp:N1:ux",-5.251130355842223e-11,"mm"],["result:disp:N1:uy",5.2509701187290845e-11,"mm"],["result:disp:N1:uz",1.602371131123847e-15,"mm"],["result:disp:N1:rx",-0.03333231620485056,"rad"],["result:disp:N1:ry",-0.033335367776461074,"rad"],["result:disp:N1:rz",0.06666768398135711,"rad"]],"cases":[["passive_model_basis","sensitive","not_claimed"]],"codes":["LOAD_CATEGORY_PREVIEW_MAPPED","NUMERICAL_INTEGRITY_SENSITIVE","RULE_CHECK_INPUTS_MISSING"],"entry":"typed","g_label":"E*2^40","member":"skew111","messages":["NUMERICAL_INTEGRITY_SENSITIVE: M03-INTEGRITY-v1 represented original-equation structural evidence for load case case: StructuralReport { policy: \"M03-INTEGRITY-v1\", quality: Sensitive, factorization: \"positive dense Cholesky\", scale_exponents: [457, 457, 457, 478, 478, 478], pivots: [PivotEvidence { ordered_index: 0, global_dof: "],"mode":"DenseScrutiny","moment":112890230659420433,"status":"sensitive","t":-1030}
I9PROBE {"E":633258949106561958,"G":813402934201381798,"N1":[["result:disp:N1:ux",-6.062557953475594e-11,"mm"],["result:disp:N1:uy",3.031463991235533e-11,"mm"],["result:disp:N1:uz",-1.8501449776442677e-15,"mm"],["result:disp:N1:rx",-0.022222222220918617,"rad"],["result:disp:N1:ry",-0.0444383416740897,"rad"],["result:disp:N1:rz",0.055549452784594486,"rad"]],"cases":[["passive_model_basis","sensitive","not_claimed"]],"codes":["LOAD_CATEGORY_PREVIEW_MAPPED","SOURCE_BLOCK_RECOVERY_UNAVAILABLE","NUMERICAL_INTEGRITY_SENSITIVE","RULE_CHECK_INPUTS_MISSING"],"entry":"captured","g_label":"E*2^40","member":"skew122","messages":["NUMERICAL_INTEGRITY_SENSITIVE: M03-INTEGRITY-v1 represented original-equation structural evidence for load case case: StructuralReport { policy: \"M03-INTEGRITY-v1\", quality: Sensitive, factorization: \"positive skyline LDL\", scale_exponents: [457, 457, 457, 479, 478, 478], pivots: [PivotEvidence { ordered_index: 0, global_dof: 9, "],"mode":"SparseInteractive","moment":112890230659420433,"status":"sensitive","t":-1030}
I9PROBE {"E":633258949106561958,"G":813402934201381798,"N1":[["result:disp:N1:ux",-6.062557953475594e-11,"mm"],["result:disp:N1:uy",3.031463991235533e-11,"mm"],["result:disp:N1:uz",-1.8501449776442677e-15,"mm"],["result:disp:N1:rx",-0.022222222220918617,"rad"],["result:disp:N1:ry",-0.0444383416740897,"rad"],["result:disp:N1:rz",0.055549452784594486,"rad"]],"cases":[["passive_model_basis","sensitive","not_claimed"]],"codes":["LOAD_CATEGORY_PREVIEW_MAPPED","NUMERICAL_INTEGRITY_SENSITIVE","RULE_CHECK_INPUTS_MISSING"],"entry":"typed","g_label":"E*2^40","member":"skew122","messages":["NUMERICAL_INTEGRITY_SENSITIVE: M03-INTEGRITY-v1 represented original-equation structural evidence for load case case: StructuralReport { policy: \"M03-INTEGRITY-v1\", quality: Sensitive, factorization: \"positive skyline LDL\", scale_exponents: [457, 457, 457, 479, 478, 478], pivots: [PivotEvidence { ordered_index: 0, global_dof: 9, "],"mode":"SparseInteractive","moment":112890230659420433,"status":"sensitive","t":-1030}
I9PROBE {"E":633258949106561958,"G":813402934201381798,"N1":[["result:disp:N1:ux",-6.063791499494617e-11,"mm"],["result:disp:N1:uy",3.032080801972636e-11,"mm"],["result:disp:N1:uz",-1.8505222528942127e-15,"mm"],["result:disp:N1:rx",-0.02222674376798152,"rad"],["result:disp:N1:ry",-0.044447383523758946,"rad"],["result:disp:N1:rz",0.05556075540779518,"rad"]],"cases":[["passive_model_basis","sensitive","not_claimed"]],"codes":["LOAD_CATEGORY_PREVIEW_MAPPED","SOURCE_BLOCK_RECOVERY_UNAVAILABLE","NUMERICAL_INTEGRITY_SENSITIVE","RULE_CHECK_INPUTS_MISSING"],"entry":"captured","g_label":"E*2^40","member":"skew122","messages":["NUMERICAL_INTEGRITY_SENSITIVE: M03-INTEGRITY-v1 represented original-equation structural evidence for load case case: StructuralReport { policy: \"M03-INTEGRITY-v1\", quality: Sensitive, factorization: \"positive dense Cholesky\", scale_exponents: [457, 457, 457, 479, 478, 478], pivots: [PivotEvidence { ordered_index: 0, global_dof: "],"mode":"DenseScrutiny","moment":112890230659420433,"status":"sensitive","t":-1030}
I9PROBE {"E":633258949106561958,"G":813402934201381798,"N1":[["result:disp:N1:ux",-6.063791499494617e-11,"mm"],["result:disp:N1:uy",3.032080801972636e-11,"mm"],["result:disp:N1:uz",-1.8505222528942127e-15,"mm"],["result:disp:N1:rx",-0.02222674376798152,"rad"],["result:disp:N1:ry",-0.044447383523758946,"rad"],["result:disp:N1:rz",0.05556075540779518,"rad"]],"cases":[["passive_model_basis","sensitive","not_claimed"]],"codes":["LOAD_CATEGORY_PREVIEW_MAPPED","NUMERICAL_INTEGRITY_SENSITIVE","RULE_CHECK_INPUTS_MISSING"],"entry":"typed","g_label":"E*2^40","member":"skew122","messages":["NUMERICAL_INTEGRITY_SENSITIVE: M03-INTEGRITY-v1 represented original-equation structural evidence for load case case: StructuralReport { policy: \"M03-INTEGRITY-v1\", quality: Sensitive, factorization: \"positive dense Cholesky\", scale_exponents: [457, 457, 457, 479, 478, 478], pivots: [PivotEvidence { ordered_index: 0, global_dof: "],"mode":"DenseScrutiny","moment":112890230659420433,"status":"sensitive","t":-1030}
I9PROBE {"E":633258949106561958,"G":849431731220345766,"N1":[],"cases":[["numerically_unresolved","unresolved","unresolved"]],"codes":["LOAD_CATEGORY_PREVIEW_MAPPED","SOURCE_BLOCK_RECOVERY_UNAVAILABLE","NUMERICAL_INTEGRITY_UNRESOLVED"],"entry":"captured","g_label":"E*2^48","member":"axis","messages":["NUMERICAL_INTEGRITY_UNRESOLVED: Load case case: structural integrity: Range(\"arithmetic outside normal range\"); global_dof_map=[\"N0:UX\", \"N0:UY\", \"N0:UZ\", \"N0:RX\", \"N0:RY\", \"N0:RZ\", \"N1:UX\", \"N1:UY\", \"N1:UZ\", \"N1:RX\", \"N1:RY\", \"N1:RZ\"]; no structural rejection is bypassed by generic LU or output quantization"],"mode":"SparseInteractive","moment":112890230659420433,"status":"unresolved","t":-1030}
I9PROBE {"E":633258949106561958,"G":849431731220345766,"N1":[],"cases":[["numerically_unresolved","unresolved","unresolved"]],"codes":["LOAD_CATEGORY_PREVIEW_MAPPED","NUMERICAL_INTEGRITY_UNRESOLVED"],"entry":"typed","g_label":"E*2^48","member":"axis","messages":["NUMERICAL_INTEGRITY_UNRESOLVED: Load case case: structural integrity: Range(\"arithmetic outside normal range\"); global_dof_map=[\"N0:UX\", \"N0:UY\", \"N0:UZ\", \"N0:RX\", \"N0:RY\", \"N0:RZ\", \"N1:UX\", \"N1:UY\", \"N1:UZ\", \"N1:RX\", \"N1:RY\", \"N1:RZ\"]; no structural rejection is bypassed by generic LU or output quantization"],"mode":"SparseInteractive","moment":112890230659420433,"status":"unresolved","t":-1030}
I9PROBE {"E":633258949106561958,"G":849431731220345766,"N1":[],"cases":[["numerically_unresolved","unresolved","unresolved"]],"codes":["LOAD_CATEGORY_PREVIEW_MAPPED","SOURCE_BLOCK_RECOVERY_UNAVAILABLE","NUMERICAL_INTEGRITY_UNRESOLVED"],"entry":"captured","g_label":"E*2^48","member":"axis","messages":["NUMERICAL_INTEGRITY_UNRESOLVED: Load case case: structural integrity: Range(\"arithmetic outside normal range\"); global_dof_map=[\"N0:UX\", \"N0:UY\", \"N0:UZ\", \"N0:RX\", \"N0:RY\", \"N0:RZ\", \"N1:UX\", \"N1:UY\", \"N1:UZ\", \"N1:RX\", \"N1:RY\", \"N1:RZ\"]; no structural rejection is bypassed by generic LU or output quantization"],"mode":"DenseScrutiny","moment":112890230659420433,"status":"unresolved","t":-1030}
I9PROBE {"E":633258949106561958,"G":849431731220345766,"N1":[],"cases":[["numerically_unresolved","unresolved","unresolved"]],"codes":["LOAD_CATEGORY_PREVIEW_MAPPED","NUMERICAL_INTEGRITY_UNRESOLVED"],"entry":"typed","g_label":"E*2^48","member":"axis","messages":["NUMERICAL_INTEGRITY_UNRESOLVED: Load case case: structural integrity: Range(\"arithmetic outside normal range\"); global_dof_map=[\"N0:UX\", \"N0:UY\", \"N0:UZ\", \"N0:RX\", \"N0:RY\", \"N0:RZ\", \"N1:UX\", \"N1:UY\", \"N1:UZ\", \"N1:RX\", \"N1:RY\", \"N1:RZ\"]; no structural rejection is bypassed by generic LU or output quantization"],"mode":"DenseScrutiny","moment":112890230659420433,"status":"unresolved","t":-1030}
I9PROBE {"E":633258949106561958,"G":849431731220345766,"N1":[],"cases":[["numerically_unresolved","unresolved","unresolved"]],"codes":["LOAD_CATEGORY_PREVIEW_MAPPED","SOURCE_BLOCK_RECOVERY_UNAVAILABLE","NUMERICAL_INTEGRITY_UNRESOLVED"],"entry":"captured","g_label":"E*2^48","member":"skew111","messages":["NUMERICAL_INTEGRITY_UNRESOLVED: Load case case: structural integrity: NumericallyUnresolved { reason: \"nonpositive or cancellation-unresolved structural pivot\", global_dof: Some(11) }; global_dof_map=[\"N0:UX\", \"N0:UY\", \"N0:UZ\", \"N0:RX\", \"N0:RY\", \"N0:RZ\", \"N1:UX\", \"N1:UY\", \"N1:UZ\", \"N1:RX\", \"N1:RY\", \"N1:RZ\"]; no structural rejectio"],"mode":"SparseInteractive","moment":112890230659420433,"status":"unresolved","t":-1030}
I9PROBE {"E":633258949106561958,"G":849431731220345766,"N1":[],"cases":[["numerically_unresolved","unresolved","unresolved"]],"codes":["LOAD_CATEGORY_PREVIEW_MAPPED","NUMERICAL_INTEGRITY_UNRESOLVED"],"entry":"typed","g_label":"E*2^48","member":"skew111","messages":["NUMERICAL_INTEGRITY_UNRESOLVED: Load case case: structural integrity: NumericallyUnresolved { reason: \"nonpositive or cancellation-unresolved structural pivot\", global_dof: Some(11) }; global_dof_map=[\"N0:UX\", \"N0:UY\", \"N0:UZ\", \"N0:RX\", \"N0:RY\", \"N0:RZ\", \"N1:UX\", \"N1:UY\", \"N1:UZ\", \"N1:RX\", \"N1:RY\", \"N1:RZ\"]; no structural rejectio"],"mode":"SparseInteractive","moment":112890230659420433,"status":"unresolved","t":-1030}
I9PROBE {"E":633258949106561958,"G":849431731220345766,"N1":[],"cases":[["numerically_unresolved","unresolved","unresolved"]],"codes":["LOAD_CATEGORY_PREVIEW_MAPPED","SOURCE_BLOCK_RECOVERY_UNAVAILABLE","NUMERICAL_INTEGRITY_UNRESOLVED"],"entry":"captured","g_label":"E*2^48","member":"skew111","messages":["NUMERICAL_INTEGRITY_UNRESOLVED: Load case case: structural integrity: NumericallyUnresolved { reason: \"nonpositive or cancellation-unresolved structural pivot\", global_dof: Some(10) }; global_dof_map=[\"N0:UX\", \"N0:UY\", \"N0:UZ\", \"N0:RX\", \"N0:RY\", \"N0:RZ\", \"N1:UX\", \"N1:UY\", \"N1:UZ\", \"N1:RX\", \"N1:RY\", \"N1:RZ\"]; no structural rejectio"],"mode":"DenseScrutiny","moment":112890230659420433,"status":"unresolved","t":-1030}
I9PROBE {"E":633258949106561958,"G":849431731220345766,"N1":[],"cases":[["numerically_unresolved","unresolved","unresolved"]],"codes":["LOAD_CATEGORY_PREVIEW_MAPPED","NUMERICAL_INTEGRITY_UNRESOLVED"],"entry":"typed","g_label":"E*2^48","member":"skew111","messages":["NUMERICAL_INTEGRITY_UNRESOLVED: Load case case: structural integrity: NumericallyUnresolved { reason: \"nonpositive or cancellation-unresolved structural pivot\", global_dof: Some(10) }; global_dof_map=[\"N0:UX\", \"N0:UY\", \"N0:UZ\", \"N0:RX\", \"N0:RY\", \"N0:RZ\", \"N1:UX\", \"N1:UY\", \"N1:UZ\", \"N1:RX\", \"N1:RY\", \"N1:RZ\"]; no structural rejectio"],"mode":"DenseScrutiny","moment":112890230659420433,"status":"unresolved","t":-1030}
I9PROBE {"E":633258949106561958,"G":849431731220345766,"N1":[],"cases":[["numerically_unresolved","unresolved","unresolved"]],"codes":["LOAD_CATEGORY_PREVIEW_MAPPED","SOURCE_BLOCK_RECOVERY_UNAVAILABLE","NUMERICAL_INTEGRITY_UNRESOLVED"],"entry":"captured","g_label":"E*2^48","member":"skew122","messages":["NUMERICAL_INTEGRITY_UNRESOLVED: Load case case: structural integrity: NumericallyUnresolved { reason: \"nonpositive or cancellation-unresolved structural pivot\", global_dof: Some(10) }; global_dof_map=[\"N0:UX\", \"N0:UY\", \"N0:UZ\", \"N0:RX\", \"N0:RY\", \"N0:RZ\", \"N1:UX\", \"N1:UY\", \"N1:UZ\", \"N1:RX\", \"N1:RY\", \"N1:RZ\"]; no structural rejectio"],"mode":"SparseInteractive","moment":112890230659420433,"status":"unresolved","t":-1030}
I9PROBE {"E":633258949106561958,"G":849431731220345766,"N1":[],"cases":[["numerically_unresolved","unresolved","unresolved"]],"codes":["LOAD_CATEGORY_PREVIEW_MAPPED","NUMERICAL_INTEGRITY_UNRESOLVED"],"entry":"typed","g_label":"E*2^48","member":"skew122","messages":["NUMERICAL_INTEGRITY_UNRESOLVED: Load case case: structural integrity: NumericallyUnresolved { reason: \"nonpositive or cancellation-unresolved structural pivot\", global_dof: Some(10) }; global_dof_map=[\"N0:UX\", \"N0:UY\", \"N0:UZ\", \"N0:RX\", \"N0:RY\", \"N0:RZ\", \"N1:UX\", \"N1:UY\", \"N1:UZ\", \"N1:RX\", \"N1:RY\", \"N1:RZ\"]; no structural rejectio"],"mode":"SparseInteractive","moment":112890230659420433,"status":"unresolved","t":-1030}
I9PROBE {"E":633258949106561958,"G":849431731220345766,"N1":[],"cases":[["numerically_unresolved","unresolved","unresolved"]],"codes":["LOAD_CATEGORY_PREVIEW_MAPPED","SOURCE_BLOCK_RECOVERY_UNAVAILABLE","NUMERICAL_INTEGRITY_UNRESOLVED"],"entry":"captured","g_label":"E*2^48","member":"skew122","messages":["NUMERICAL_INTEGRITY_UNRESOLVED: Load case case: structural integrity: NumericallyUnresolved { reason: \"nonpositive or cancellation-unresolved structural pivot\", global_dof: Some(10) }; global_dof_map=[\"N0:UX\", \"N0:UY\", \"N0:UZ\", \"N0:RX\", \"N0:RY\", \"N0:RZ\", \"N1:UX\", \"N1:UY\", \"N1:UZ\", \"N1:RX\", \"N1:RY\", \"N1:RZ\"]; no structural rejectio"],"mode":"DenseScrutiny","moment":112890230659420433,"status":"unresolved","t":-1030}
I9PROBE {"E":633258949106561958,"G":849431731220345766,"N1":[],"cases":[["numerically_unresolved","unresolved","unresolved"]],"codes":["LOAD_CATEGORY_PREVIEW_MAPPED","NUMERICAL_INTEGRITY_UNRESOLVED"],"entry":"typed","g_label":"E*2^48","member":"skew122","messages":["NUMERICAL_INTEGRITY_UNRESOLVED: Load case case: structural integrity: NumericallyUnresolved { reason: \"nonpositive or cancellation-unresolved structural pivot\", global_dof: Some(10) }; global_dof_map=[\"N0:UX\", \"N0:UY\", \"N0:UZ\", \"N0:RX\", \"N0:RY\", \"N0:RZ\", \"N1:UX\", \"N1:UY\", \"N1:UZ\", \"N1:RX\", \"N1:RY\", \"N1:RZ\"]; no structural rejectio"],"mode":"DenseScrutiny","moment":112890230659420433,"status":"unresolved","t":-1030}
I9PROBE {"E":633258949106561958,"G":885460528239309734,"N1":[],"cases":[["numerically_unresolved","unresolved","unresolved"]],"codes":["LOAD_CATEGORY_PREVIEW_MAPPED","SOURCE_BLOCK_RECOVERY_UNAVAILABLE","NUMERICAL_INTEGRITY_UNRESOLVED"],"entry":"captured","g_label":"E*2^56","member":"axis","messages":["NUMERICAL_INTEGRITY_UNRESOLVED: Load case case: structural integrity: Range(\"arithmetic outside normal range\"); global_dof_map=[\"N0:UX\", \"N0:UY\", \"N0:UZ\", \"N0:RX\", \"N0:RY\", \"N0:RZ\", \"N1:UX\", \"N1:UY\", \"N1:UZ\", \"N1:RX\", \"N1:RY\", \"N1:RZ\"]; no structural rejection is bypassed by generic LU or output quantization"],"mode":"SparseInteractive","moment":112890230659420433,"status":"unresolved","t":-1030}
I9PROBE {"E":633258949106561958,"G":885460528239309734,"N1":[],"cases":[["numerically_unresolved","unresolved","unresolved"]],"codes":["LOAD_CATEGORY_PREVIEW_MAPPED","NUMERICAL_INTEGRITY_UNRESOLVED"],"entry":"typed","g_label":"E*2^56","member":"axis","messages":["NUMERICAL_INTEGRITY_UNRESOLVED: Load case case: structural integrity: Range(\"arithmetic outside normal range\"); global_dof_map=[\"N0:UX\", \"N0:UY\", \"N0:UZ\", \"N0:RX\", \"N0:RY\", \"N0:RZ\", \"N1:UX\", \"N1:UY\", \"N1:UZ\", \"N1:RX\", \"N1:RY\", \"N1:RZ\"]; no structural rejection is bypassed by generic LU or output quantization"],"mode":"SparseInteractive","moment":112890230659420433,"status":"unresolved","t":-1030}
I9PROBE {"E":633258949106561958,"G":885460528239309734,"N1":[],"cases":[["numerically_unresolved","unresolved","unresolved"]],"codes":["LOAD_CATEGORY_PREVIEW_MAPPED","SOURCE_BLOCK_RECOVERY_UNAVAILABLE","NUMERICAL_INTEGRITY_UNRESOLVED"],"entry":"captured","g_label":"E*2^56","member":"axis","messages":["NUMERICAL_INTEGRITY_UNRESOLVED: Load case case: structural integrity: Range(\"arithmetic outside normal range\"); global_dof_map=[\"N0:UX\", \"N0:UY\", \"N0:UZ\", \"N0:RX\", \"N0:RY\", \"N0:RZ\", \"N1:UX\", \"N1:UY\", \"N1:UZ\", \"N1:RX\", \"N1:RY\", \"N1:RZ\"]; no structural rejection is bypassed by generic LU or output quantization"],"mode":"DenseScrutiny","moment":112890230659420433,"status":"unresolved","t":-1030}
I9PROBE {"E":633258949106561958,"G":885460528239309734,"N1":[],"cases":[["numerically_unresolved","unresolved","unresolved"]],"codes":["LOAD_CATEGORY_PREVIEW_MAPPED","NUMERICAL_INTEGRITY_UNRESOLVED"],"entry":"typed","g_label":"E*2^56","member":"axis","messages":["NUMERICAL_INTEGRITY_UNRESOLVED: Load case case: structural integrity: Range(\"arithmetic outside normal range\"); global_dof_map=[\"N0:UX\", \"N0:UY\", \"N0:UZ\", \"N0:RX\", \"N0:RY\", \"N0:RZ\", \"N1:UX\", \"N1:UY\", \"N1:UZ\", \"N1:RX\", \"N1:RY\", \"N1:RZ\"]; no structural rejection is bypassed by generic LU or output quantization"],"mode":"DenseScrutiny","moment":112890230659420433,"status":"unresolved","t":-1030}
I9PROBE {"E":633258949106561958,"G":885460528239309734,"N1":[],"cases":[["numerically_unresolved","unresolved","unresolved"]],"codes":["LOAD_CATEGORY_PREVIEW_MAPPED","SOURCE_BLOCK_RECOVERY_UNAVAILABLE","NUMERICAL_INTEGRITY_UNRESOLVED"],"entry":"captured","g_label":"E*2^56","member":"skew111","messages":["NUMERICAL_INTEGRITY_UNRESOLVED: Load case case: structural integrity: NumericallyUnresolved { reason: \"nonpositive or cancellation-unresolved structural pivot\", global_dof: Some(11) }; global_dof_map=[\"N0:UX\", \"N0:UY\", \"N0:UZ\", \"N0:RX\", \"N0:RY\", \"N0:RZ\", \"N1:UX\", \"N1:UY\", \"N1:UZ\", \"N1:RX\", \"N1:RY\", \"N1:RZ\"]; no structural rejectio"],"mode":"SparseInteractive","moment":112890230659420433,"status":"unresolved","t":-1030}
I9PROBE {"E":633258949106561958,"G":885460528239309734,"N1":[],"cases":[["numerically_unresolved","unresolved","unresolved"]],"codes":["LOAD_CATEGORY_PREVIEW_MAPPED","NUMERICAL_INTEGRITY_UNRESOLVED"],"entry":"typed","g_label":"E*2^56","member":"skew111","messages":["NUMERICAL_INTEGRITY_UNRESOLVED: Load case case: structural integrity: NumericallyUnresolved { reason: \"nonpositive or cancellation-unresolved structural pivot\", global_dof: Some(11) }; global_dof_map=[\"N0:UX\", \"N0:UY\", \"N0:UZ\", \"N0:RX\", \"N0:RY\", \"N0:RZ\", \"N1:UX\", \"N1:UY\", \"N1:UZ\", \"N1:RX\", \"N1:RY\", \"N1:RZ\"]; no structural rejectio"],"mode":"SparseInteractive","moment":112890230659420433,"status":"unresolved","t":-1030}
I9PROBE {"E":633258949106561958,"G":885460528239309734,"N1":[],"cases":[["numerically_unresolved","unresolved","unresolved"]],"codes":["LOAD_CATEGORY_PREVIEW_MAPPED","SOURCE_BLOCK_RECOVERY_UNAVAILABLE","NUMERICAL_INTEGRITY_UNRESOLVED"],"entry":"captured","g_label":"E*2^56","member":"skew111","messages":["NUMERICAL_INTEGRITY_UNRESOLVED: Load case case: structural integrity: NumericallyUnresolved { reason: \"nonpositive or cancellation-unresolved structural pivot\", global_dof: Some(10) }; global_dof_map=[\"N0:UX\", \"N0:UY\", \"N0:UZ\", \"N0:RX\", \"N0:RY\", \"N0:RZ\", \"N1:UX\", \"N1:UY\", \"N1:UZ\", \"N1:RX\", \"N1:RY\", \"N1:RZ\"]; no structural rejectio"],"mode":"DenseScrutiny","moment":112890230659420433,"status":"unresolved","t":-1030}
I9PROBE {"E":633258949106561958,"G":885460528239309734,"N1":[],"cases":[["numerically_unresolved","unresolved","unresolved"]],"codes":["LOAD_CATEGORY_PREVIEW_MAPPED","NUMERICAL_INTEGRITY_UNRESOLVED"],"entry":"typed","g_label":"E*2^56","member":"skew111","messages":["NUMERICAL_INTEGRITY_UNRESOLVED: Load case case: structural integrity: NumericallyUnresolved { reason: \"nonpositive or cancellation-unresolved structural pivot\", global_dof: Some(10) }; global_dof_map=[\"N0:UX\", \"N0:UY\", \"N0:UZ\", \"N0:RX\", \"N0:RY\", \"N0:RZ\", \"N1:UX\", \"N1:UY\", \"N1:UZ\", \"N1:RX\", \"N1:RY\", \"N1:RZ\"]; no structural rejectio"],"mode":"DenseScrutiny","moment":112890230659420433,"status":"unresolved","t":-1030}
I9PROBE {"E":633258949106561958,"G":885460528239309734,"N1":[],"cases":[["numerically_unresolved","unresolved","unresolved"]],"codes":["LOAD_CATEGORY_PREVIEW_MAPPED","SOURCE_BLOCK_RECOVERY_UNAVAILABLE","NUMERICAL_INTEGRITY_UNRESOLVED"],"entry":"captured","g_label":"E*2^56","member":"skew122","messages":["NUMERICAL_INTEGRITY_UNRESOLVED: Load case case: structural integrity: NumericallyUnresolved { reason: \"nonpositive or cancellation-unresolved structural pivot\", global_dof: Some(11) }; global_dof_map=[\"N0:UX\", \"N0:UY\", \"N0:UZ\", \"N0:RX\", \"N0:RY\", \"N0:RZ\", \"N1:UX\", \"N1:UY\", \"N1:UZ\", \"N1:RX\", \"N1:RY\", \"N1:RZ\"]; no structural rejectio"],"mode":"SparseInteractive","moment":112890230659420433,"status":"unresolved","t":-1030}
I9PROBE {"E":633258949106561958,"G":885460528239309734,"N1":[],"cases":[["numerically_unresolved","unresolved","unresolved"]],"codes":["LOAD_CATEGORY_PREVIEW_MAPPED","NUMERICAL_INTEGRITY_UNRESOLVED"],"entry":"typed","g_label":"E*2^56","member":"skew122","messages":["NUMERICAL_INTEGRITY_UNRESOLVED: Load case case: structural integrity: NumericallyUnresolved { reason: \"nonpositive or cancellation-unresolved structural pivot\", global_dof: Some(11) }; global_dof_map=[\"N0:UX\", \"N0:UY\", \"N0:UZ\", \"N0:RX\", \"N0:RY\", \"N0:RZ\", \"N1:UX\", \"N1:UY\", \"N1:UZ\", \"N1:RX\", \"N1:RY\", \"N1:RZ\"]; no structural rejectio"],"mode":"SparseInteractive","moment":112890230659420433,"status":"unresolved","t":-1030}
I9PROBE {"E":633258949106561958,"G":885460528239309734,"N1":[],"cases":[["numerically_unresolved","unresolved","unresolved"]],"codes":["LOAD_CATEGORY_PREVIEW_MAPPED","SOURCE_BLOCK_RECOVERY_UNAVAILABLE","NUMERICAL_INTEGRITY_UNRESOLVED"],"entry":"captured","g_label":"E*2^56","member":"skew122","messages":["NUMERICAL_INTEGRITY_UNRESOLVED: Load case case: structural integrity: NumericallyUnresolved { reason: \"nonpositive or cancellation-unresolved structural pivot\", global_dof: Some(10) }; global_dof_map=[\"N0:UX\", \"N0:UY\", \"N0:UZ\", \"N0:RX\", \"N0:RY\", \"N0:RZ\", \"N1:UX\", \"N1:UY\", \"N1:UZ\", \"N1:RX\", \"N1:RY\", \"N1:RZ\"]; no structural rejectio"],"mode":"DenseScrutiny","moment":112890230659420433,"status":"unresolved","t":-1030}
I9PROBE {"E":633258949106561958,"G":885460528239309734,"N1":[],"cases":[["numerically_unresolved","unresolved","unresolved"]],"codes":["LOAD_CATEGORY_PREVIEW_MAPPED","NUMERICAL_INTEGRITY_UNRESOLVED"],"entry":"typed","g_label":"E*2^56","member":"skew122","messages":["NUMERICAL_INTEGRITY_UNRESOLVED: Load case case: structural integrity: NumericallyUnresolved { reason: \"nonpositive or cancellation-unresolved structural pivot\", global_dof: Some(10) }; global_dof_map=[\"N0:UX\", \"N0:UY\", \"N0:UZ\", \"N0:RX\", \"N0:RY\", \"N0:RZ\", \"N1:UX\", \"N1:UY\", \"N1:UZ\", \"N1:RX\", \"N1:RY\", \"N1:RZ\"]; no structural rejectio"],"mode":"DenseScrutiny","moment":112890230659420433,"status":"unresolved","t":-1030}
I9PROBE {"E":633258949106561958,"G":921489325258273702,"N1":[],"cases":[["numerically_unresolved","unresolved","unresolved"]],"codes":["LOAD_CATEGORY_PREVIEW_MAPPED","SOURCE_BLOCK_RECOVERY_UNAVAILABLE","NUMERICAL_INTEGRITY_UNRESOLVED"],"entry":"captured","g_label":"E*2^64","member":"axis","messages":["NUMERICAL_INTEGRITY_UNRESOLVED: Load case case: structural integrity: Range(\"arithmetic outside normal range\"); global_dof_map=[\"N0:UX\", \"N0:UY\", \"N0:UZ\", \"N0:RX\", \"N0:RY\", \"N0:RZ\", \"N1:UX\", \"N1:UY\", \"N1:UZ\", \"N1:RX\", \"N1:RY\", \"N1:RZ\"]; no structural rejection is bypassed by generic LU or output quantization"],"mode":"SparseInteractive","moment":112890230659420433,"status":"unresolved","t":-1030}
I9PROBE {"E":633258949106561958,"G":921489325258273702,"N1":[],"cases":[["numerically_unresolved","unresolved","unresolved"]],"codes":["LOAD_CATEGORY_PREVIEW_MAPPED","NUMERICAL_INTEGRITY_UNRESOLVED"],"entry":"typed","g_label":"E*2^64","member":"axis","messages":["NUMERICAL_INTEGRITY_UNRESOLVED: Load case case: structural integrity: Range(\"arithmetic outside normal range\"); global_dof_map=[\"N0:UX\", \"N0:UY\", \"N0:UZ\", \"N0:RX\", \"N0:RY\", \"N0:RZ\", \"N1:UX\", \"N1:UY\", \"N1:UZ\", \"N1:RX\", \"N1:RY\", \"N1:RZ\"]; no structural rejection is bypassed by generic LU or output quantization"],"mode":"SparseInteractive","moment":112890230659420433,"status":"unresolved","t":-1030}
I9PROBE {"E":633258949106561958,"G":921489325258273702,"N1":[],"cases":[["numerically_unresolved","unresolved","unresolved"]],"codes":["LOAD_CATEGORY_PREVIEW_MAPPED","SOURCE_BLOCK_RECOVERY_UNAVAILABLE","NUMERICAL_INTEGRITY_UNRESOLVED"],"entry":"captured","g_label":"E*2^64","member":"axis","messages":["NUMERICAL_INTEGRITY_UNRESOLVED: Load case case: structural integrity: Range(\"arithmetic outside normal range\"); global_dof_map=[\"N0:UX\", \"N0:UY\", \"N0:UZ\", \"N0:RX\", \"N0:RY\", \"N0:RZ\", \"N1:UX\", \"N1:UY\", \"N1:UZ\", \"N1:RX\", \"N1:RY\", \"N1:RZ\"]; no structural rejection is bypassed by generic LU or output quantization"],"mode":"DenseScrutiny","moment":112890230659420433,"status":"unresolved","t":-1030}
I9PROBE {"E":633258949106561958,"G":921489325258273702,"N1":[],"cases":[["numerically_unresolved","unresolved","unresolved"]],"codes":["LOAD_CATEGORY_PREVIEW_MAPPED","NUMERICAL_INTEGRITY_UNRESOLVED"],"entry":"typed","g_label":"E*2^64","member":"axis","messages":["NUMERICAL_INTEGRITY_UNRESOLVED: Load case case: structural integrity: Range(\"arithmetic outside normal range\"); global_dof_map=[\"N0:UX\", \"N0:UY\", \"N0:UZ\", \"N0:RX\", \"N0:RY\", \"N0:RZ\", \"N1:UX\", \"N1:UY\", \"N1:UZ\", \"N1:RX\", \"N1:RY\", \"N1:RZ\"]; no structural rejection is bypassed by generic LU or output quantization"],"mode":"DenseScrutiny","moment":112890230659420433,"status":"unresolved","t":-1030}
I9PROBE {"E":633258949106561958,"G":921489325258273702,"N1":[],"cases":[["numerically_unresolved","unresolved","unresolved"]],"codes":["LOAD_CATEGORY_PREVIEW_MAPPED","SOURCE_BLOCK_RECOVERY_UNAVAILABLE","NUMERICAL_INTEGRITY_UNRESOLVED"],"entry":"captured","g_label":"E*2^64","member":"skew111","messages":["NUMERICAL_INTEGRITY_UNRESOLVED: Load case case: structural integrity: NumericallyUnresolved { reason: \"nonpositive or cancellation-unresolved structural pivot\", global_dof: Some(11) }; global_dof_map=[\"N0:UX\", \"N0:UY\", \"N0:UZ\", \"N0:RX\", \"N0:RY\", \"N0:RZ\", \"N1:UX\", \"N1:UY\", \"N1:UZ\", \"N1:RX\", \"N1:RY\", \"N1:RZ\"]; no structural rejectio"],"mode":"SparseInteractive","moment":112890230659420433,"status":"unresolved","t":-1030}
I9PROBE {"E":633258949106561958,"G":921489325258273702,"N1":[],"cases":[["numerically_unresolved","unresolved","unresolved"]],"codes":["LOAD_CATEGORY_PREVIEW_MAPPED","NUMERICAL_INTEGRITY_UNRESOLVED"],"entry":"typed","g_label":"E*2^64","member":"skew111","messages":["NUMERICAL_INTEGRITY_UNRESOLVED: Load case case: structural integrity: NumericallyUnresolved { reason: \"nonpositive or cancellation-unresolved structural pivot\", global_dof: Some(11) }; global_dof_map=[\"N0:UX\", \"N0:UY\", \"N0:UZ\", \"N0:RX\", \"N0:RY\", \"N0:RZ\", \"N1:UX\", \"N1:UY\", \"N1:UZ\", \"N1:RX\", \"N1:RY\", \"N1:RZ\"]; no structural rejectio"],"mode":"SparseInteractive","moment":112890230659420433,"status":"unresolved","t":-1030}
I9PROBE {"E":633258949106561958,"G":921489325258273702,"N1":[],"cases":[["numerically_unresolved","unresolved","unresolved"]],"codes":["LOAD_CATEGORY_PREVIEW_MAPPED","SOURCE_BLOCK_RECOVERY_UNAVAILABLE","NUMERICAL_INTEGRITY_UNRESOLVED"],"entry":"captured","g_label":"E*2^64","member":"skew111","messages":["NUMERICAL_INTEGRITY_UNRESOLVED: Load case case: structural integrity: NumericallyUnresolved { reason: \"nonpositive or cancellation-unresolved structural pivot\", global_dof: Some(10) }; global_dof_map=[\"N0:UX\", \"N0:UY\", \"N0:UZ\", \"N0:RX\", \"N0:RY\", \"N0:RZ\", \"N1:UX\", \"N1:UY\", \"N1:UZ\", \"N1:RX\", \"N1:RY\", \"N1:RZ\"]; no structural rejectio"],"mode":"DenseScrutiny","moment":112890230659420433,"status":"unresolved","t":-1030}
I9PROBE {"E":633258949106561958,"G":921489325258273702,"N1":[],"cases":[["numerically_unresolved","unresolved","unresolved"]],"codes":["LOAD_CATEGORY_PREVIEW_MAPPED","NUMERICAL_INTEGRITY_UNRESOLVED"],"entry":"typed","g_label":"E*2^64","member":"skew111","messages":["NUMERICAL_INTEGRITY_UNRESOLVED: Load case case: structural integrity: NumericallyUnresolved { reason: \"nonpositive or cancellation-unresolved structural pivot\", global_dof: Some(10) }; global_dof_map=[\"N0:UX\", \"N0:UY\", \"N0:UZ\", \"N0:RX\", \"N0:RY\", \"N0:RZ\", \"N1:UX\", \"N1:UY\", \"N1:UZ\", \"N1:RX\", \"N1:RY\", \"N1:RZ\"]; no structural rejectio"],"mode":"DenseScrutiny","moment":112890230659420433,"status":"unresolved","t":-1030}
I9PROBE {"E":633258949106561958,"G":921489325258273702,"N1":[],"cases":[["numerically_unresolved","unresolved","unresolved"]],"codes":["LOAD_CATEGORY_PREVIEW_MAPPED","SOURCE_BLOCK_RECOVERY_UNAVAILABLE","NUMERICAL_INTEGRITY_UNRESOLVED"],"entry":"captured","g_label":"E*2^64","member":"skew122","messages":["NUMERICAL_INTEGRITY_UNRESOLVED: Load case case: structural integrity: NumericallyUnresolved { reason: \"nonpositive or cancellation-unresolved structural pivot\", global_dof: Some(11) }; global_dof_map=[\"N0:UX\", \"N0:UY\", \"N0:UZ\", \"N0:RX\", \"N0:RY\", \"N0:RZ\", \"N1:UX\", \"N1:UY\", \"N1:UZ\", \"N1:RX\", \"N1:RY\", \"N1:RZ\"]; no structural rejectio"],"mode":"SparseInteractive","moment":112890230659420433,"status":"unresolved","t":-1030}
I9PROBE {"E":633258949106561958,"G":921489325258273702,"N1":[],"cases":[["numerically_unresolved","unresolved","unresolved"]],"codes":["LOAD_CATEGORY_PREVIEW_MAPPED","NUMERICAL_INTEGRITY_UNRESOLVED"],"entry":"typed","g_label":"E*2^64","member":"skew122","messages":["NUMERICAL_INTEGRITY_UNRESOLVED: Load case case: structural integrity: NumericallyUnresolved { reason: \"nonpositive or cancellation-unresolved structural pivot\", global_dof: Some(11) }; global_dof_map=[\"N0:UX\", \"N0:UY\", \"N0:UZ\", \"N0:RX\", \"N0:RY\", \"N0:RZ\", \"N1:UX\", \"N1:UY\", \"N1:UZ\", \"N1:RX\", \"N1:RY\", \"N1:RZ\"]; no structural rejectio"],"mode":"SparseInteractive","moment":112890230659420433,"status":"unresolved","t":-1030}
I9PROBE {"E":633258949106561958,"G":921489325258273702,"N1":[],"cases":[["numerically_unresolved","unresolved","unresolved"]],"codes":["LOAD_CATEGORY_PREVIEW_MAPPED","SOURCE_BLOCK_RECOVERY_UNAVAILABLE","NUMERICAL_INTEGRITY_UNRESOLVED"],"entry":"captured","g_label":"E*2^64","member":"skew122","messages":["NUMERICAL_INTEGRITY_UNRESOLVED: Load case case: structural integrity: NumericallyUnresolved { reason: \"nonpositive or cancellation-unresolved structural pivot\", global_dof: Some(10) }; global_dof_map=[\"N0:UX\", \"N0:UY\", \"N0:UZ\", \"N0:RX\", \"N0:RY\", \"N0:RZ\", \"N1:UX\", \"N1:UY\", \"N1:UZ\", \"N1:RX\", \"N1:RY\", \"N1:RZ\"]; no structural rejectio"],"mode":"DenseScrutiny","moment":112890230659420433,"status":"unresolved","t":-1030}
I9PROBE {"E":633258949106561958,"G":921489325258273702,"N1":[],"cases":[["numerically_unresolved","unresolved","unresolved"]],"codes":["LOAD_CATEGORY_PREVIEW_MAPPED","NUMERICAL_INTEGRITY_UNRESOLVED"],"entry":"typed","g_label":"E*2^64","member":"skew122","messages":["NUMERICAL_INTEGRITY_UNRESOLVED: Load case case: structural integrity: NumericallyUnresolved { reason: \"nonpositive or cancellation-unresolved structural pivot\", global_dof: Some(10) }; global_dof_map=[\"N0:UX\", \"N0:UY\", \"N0:UZ\", \"N0:RX\", \"N0:RY\", \"N0:RZ\", \"N1:UX\", \"N1:UY\", \"N1:UZ\", \"N1:RX\", \"N1:RY\", \"N1:RZ\"]; no structural rejectio"],"mode":"DenseScrutiny","moment":112890230659420433,"status":"unresolved","t":-1030}
I9PROBE {"E":633258949106561958,"G":3110860544497550640,"N1":[],"cases":[["numerically_unresolved","unresolved","unresolved"]],"codes":["LOAD_CATEGORY_PREVIEW_MAPPED","SOURCE_BLOCK_RECOVERY_UNAVAILABLE","NUMERICAL_INTEGRITY_UNRESOLVED"],"entry":"captured","g_label":"1e-100","member":"axis","messages":["NUMERICAL_INTEGRITY_UNRESOLVED: Load case case: structural integrity: Range(\"arithmetic outside normal range\"); global_dof_map=[\"N0:UX\", \"N0:UY\", \"N0:UZ\", \"N0:RX\", \"N0:RY\", \"N0:RZ\", \"N1:UX\", \"N1:UY\", \"N1:UZ\", \"N1:RX\", \"N1:RY\", \"N1:RZ\"]; no structural rejection is bypassed by generic LU or output quantization"],"mode":"SparseInteractive","moment":112890230659420433,"status":"unresolved","t":-1030}
I9PROBE {"E":633258949106561958,"G":3110860544497550640,"N1":[],"cases":[["numerically_unresolved","unresolved","unresolved"]],"codes":["LOAD_CATEGORY_PREVIEW_MAPPED","NUMERICAL_INTEGRITY_UNRESOLVED"],"entry":"typed","g_label":"1e-100","member":"axis","messages":["NUMERICAL_INTEGRITY_UNRESOLVED: Load case case: structural integrity: Range(\"arithmetic outside normal range\"); global_dof_map=[\"N0:UX\", \"N0:UY\", \"N0:UZ\", \"N0:RX\", \"N0:RY\", \"N0:RZ\", \"N1:UX\", \"N1:UY\", \"N1:UZ\", \"N1:RX\", \"N1:RY\", \"N1:RZ\"]; no structural rejection is bypassed by generic LU or output quantization"],"mode":"SparseInteractive","moment":112890230659420433,"status":"unresolved","t":-1030}
I9PROBE {"E":633258949106561958,"G":3110860544497550640,"N1":[],"cases":[["numerically_unresolved","unresolved","unresolved"]],"codes":["LOAD_CATEGORY_PREVIEW_MAPPED","SOURCE_BLOCK_RECOVERY_UNAVAILABLE","NUMERICAL_INTEGRITY_UNRESOLVED"],"entry":"captured","g_label":"1e-100","member":"axis","messages":["NUMERICAL_INTEGRITY_UNRESOLVED: Load case case: structural integrity: Range(\"arithmetic outside normal range\"); global_dof_map=[\"N0:UX\", \"N0:UY\", \"N0:UZ\", \"N0:RX\", \"N0:RY\", \"N0:RZ\", \"N1:UX\", \"N1:UY\", \"N1:UZ\", \"N1:RX\", \"N1:RY\", \"N1:RZ\"]; no structural rejection is bypassed by generic LU or output quantization"],"mode":"DenseScrutiny","moment":112890230659420433,"status":"unresolved","t":-1030}
I9PROBE {"E":633258949106561958,"G":3110860544497550640,"N1":[],"cases":[["numerically_unresolved","unresolved","unresolved"]],"codes":["LOAD_CATEGORY_PREVIEW_MAPPED","NUMERICAL_INTEGRITY_UNRESOLVED"],"entry":"typed","g_label":"1e-100","member":"axis","messages":["NUMERICAL_INTEGRITY_UNRESOLVED: Load case case: structural integrity: Range(\"arithmetic outside normal range\"); global_dof_map=[\"N0:UX\", \"N0:UY\", \"N0:UZ\", \"N0:RX\", \"N0:RY\", \"N0:RZ\", \"N1:UX\", \"N1:UY\", \"N1:UZ\", \"N1:RX\", \"N1:RY\", \"N1:RZ\"]; no structural rejection is bypassed by generic LU or output quantization"],"mode":"DenseScrutiny","moment":112890230659420433,"status":"unresolved","t":-1030}
I9PROBE {"E":633258949106561958,"G":3110860544497550640,"N1":[],"cases":[["numerically_unresolved","unresolved","unresolved"]],"codes":["LOAD_CATEGORY_PREVIEW_MAPPED","SOURCE_BLOCK_RECOVERY_UNAVAILABLE","NUMERICAL_INTEGRITY_UNRESOLVED"],"entry":"captured","g_label":"1e-100","member":"skew111","messages":["NUMERICAL_INTEGRITY_UNRESOLVED: Load case case: structural integrity: NumericallyUnresolved { reason: \"nonpositive or cancellation-unresolved structural pivot\", global_dof: Some(11) }; global_dof_map=[\"N0:UX\", \"N0:UY\", \"N0:UZ\", \"N0:RX\", \"N0:RY\", \"N0:RZ\", \"N1:UX\", \"N1:UY\", \"N1:UZ\", \"N1:RX\", \"N1:RY\", \"N1:RZ\"]; no structural rejectio"],"mode":"SparseInteractive","moment":112890230659420433,"status":"unresolved","t":-1030}
I9PROBE {"E":633258949106561958,"G":3110860544497550640,"N1":[],"cases":[["numerically_unresolved","unresolved","unresolved"]],"codes":["LOAD_CATEGORY_PREVIEW_MAPPED","NUMERICAL_INTEGRITY_UNRESOLVED"],"entry":"typed","g_label":"1e-100","member":"skew111","messages":["NUMERICAL_INTEGRITY_UNRESOLVED: Load case case: structural integrity: NumericallyUnresolved { reason: \"nonpositive or cancellation-unresolved structural pivot\", global_dof: Some(11) }; global_dof_map=[\"N0:UX\", \"N0:UY\", \"N0:UZ\", \"N0:RX\", \"N0:RY\", \"N0:RZ\", \"N1:UX\", \"N1:UY\", \"N1:UZ\", \"N1:RX\", \"N1:RY\", \"N1:RZ\"]; no structural rejectio"],"mode":"SparseInteractive","moment":112890230659420433,"status":"unresolved","t":-1030}
I9PROBE {"E":633258949106561958,"G":3110860544497550640,"N1":[],"cases":[["numerically_unresolved","unresolved","unresolved"]],"codes":["LOAD_CATEGORY_PREVIEW_MAPPED","SOURCE_BLOCK_RECOVERY_UNAVAILABLE","NUMERICAL_INTEGRITY_UNRESOLVED"],"entry":"captured","g_label":"1e-100","member":"skew111","messages":["NUMERICAL_INTEGRITY_UNRESOLVED: Load case case: structural integrity: NumericallyUnresolved { reason: \"nonpositive or cancellation-unresolved structural pivot\", global_dof: Some(10) }; global_dof_map=[\"N0:UX\", \"N0:UY\", \"N0:UZ\", \"N0:RX\", \"N0:RY\", \"N0:RZ\", \"N1:UX\", \"N1:UY\", \"N1:UZ\", \"N1:RX\", \"N1:RY\", \"N1:RZ\"]; no structural rejectio"],"mode":"DenseScrutiny","moment":112890230659420433,"status":"unresolved","t":-1030}
I9PROBE {"E":633258949106561958,"G":3110860544497550640,"N1":[],"cases":[["numerically_unresolved","unresolved","unresolved"]],"codes":["LOAD_CATEGORY_PREVIEW_MAPPED","NUMERICAL_INTEGRITY_UNRESOLVED"],"entry":"typed","g_label":"1e-100","member":"skew111","messages":["NUMERICAL_INTEGRITY_UNRESOLVED: Load case case: structural integrity: NumericallyUnresolved { reason: \"nonpositive or cancellation-unresolved structural pivot\", global_dof: Some(10) }; global_dof_map=[\"N0:UX\", \"N0:UY\", \"N0:UZ\", \"N0:RX\", \"N0:RY\", \"N0:RZ\", \"N1:UX\", \"N1:UY\", \"N1:UZ\", \"N1:RX\", \"N1:RY\", \"N1:RZ\"]; no structural rejectio"],"mode":"DenseScrutiny","moment":112890230659420433,"status":"unresolved","t":-1030}
I9PROBE {"E":633258949106561958,"G":3110860544497550640,"N1":[],"cases":[["numerically_unresolved","unresolved","unresolved"]],"codes":["LOAD_CATEGORY_PREVIEW_MAPPED","SOURCE_BLOCK_RECOVERY_UNAVAILABLE","NUMERICAL_INTEGRITY_UNRESOLVED"],"entry":"captured","g_label":"1e-100","member":"skew122","messages":["NUMERICAL_INTEGRITY_UNRESOLVED: Load case case: structural integrity: NumericallyUnresolved { reason: \"nonpositive or cancellation-unresolved structural pivot\", global_dof: Some(11) }; global_dof_map=[\"N0:UX\", \"N0:UY\", \"N0:UZ\", \"N0:RX\", \"N0:RY\", \"N0:RZ\", \"N1:UX\", \"N1:UY\", \"N1:UZ\", \"N1:RX\", \"N1:RY\", \"N1:RZ\"]; no structural rejectio"],"mode":"SparseInteractive","moment":112890230659420433,"status":"unresolved","t":-1030}
I9PROBE {"E":633258949106561958,"G":3110860544497550640,"N1":[],"cases":[["numerically_unresolved","unresolved","unresolved"]],"codes":["LOAD_CATEGORY_PREVIEW_MAPPED","NUMERICAL_INTEGRITY_UNRESOLVED"],"entry":"typed","g_label":"1e-100","member":"skew122","messages":["NUMERICAL_INTEGRITY_UNRESOLVED: Load case case: structural integrity: NumericallyUnresolved { reason: \"nonpositive or cancellation-unresolved structural pivot\", global_dof: Some(11) }; global_dof_map=[\"N0:UX\", \"N0:UY\", \"N0:UZ\", \"N0:RX\", \"N0:RY\", \"N0:RZ\", \"N1:UX\", \"N1:UY\", \"N1:UZ\", \"N1:RX\", \"N1:RY\", \"N1:RZ\"]; no structural rejectio"],"mode":"SparseInteractive","moment":112890230659420433,"status":"unresolved","t":-1030}
I9PROBE {"E":633258949106561958,"G":3110860544497550640,"N1":[],"cases":[["numerically_unresolved","unresolved","unresolved"]],"codes":["LOAD_CATEGORY_PREVIEW_MAPPED","SOURCE_BLOCK_RECOVERY_UNAVAILABLE","NUMERICAL_INTEGRITY_UNRESOLVED"],"entry":"captured","g_label":"1e-100","member":"skew122","messages":["NUMERICAL_INTEGRITY_UNRESOLVED: Load case case: structural integrity: NumericallyUnresolved { reason: \"nonpositive or cancellation-unresolved structural pivot\", global_dof: Some(10) }; global_dof_map=[\"N0:UX\", \"N0:UY\", \"N0:UZ\", \"N0:RX\", \"N0:RY\", \"N0:RZ\", \"N1:UX\", \"N1:UY\", \"N1:UZ\", \"N1:RX\", \"N1:RY\", \"N1:RZ\"]; no structural rejectio"],"mode":"DenseScrutiny","moment":112890230659420433,"status":"unresolved","t":-1030}
I9PROBE {"E":633258949106561958,"G":3110860544497550640,"N1":[],"cases":[["numerically_unresolved","unresolved","unresolved"]],"codes":["LOAD_CATEGORY_PREVIEW_MAPPED","NUMERICAL_INTEGRITY_UNRESOLVED"],"entry":"typed","g_label":"1e-100","member":"skew122","messages":["NUMERICAL_INTEGRITY_UNRESOLVED: Load case case: structural integrity: NumericallyUnresolved { reason: \"nonpositive or cancellation-unresolved structural pivot\", global_dof: Some(10) }; global_dof_map=[\"N0:UX\", \"N0:UY\", \"N0:UZ\", \"N0:RX\", \"N0:RY\", \"N0:RZ\", \"N1:UX\", \"N1:UY\", \"N1:UZ\", \"N1:RX\", \"N1:RY\", \"N1:RZ\"]; no structural rejectio"],"mode":"DenseScrutiny","moment":112890230659420433,"status":"unresolved","t":-1030}
I9PROBE {"E":588222952832856998,"G":582044291458856576,"N1":[],"cases":[["numerically_unresolved","unresolved","unresolved"]],"codes":["LOAD_CATEGORY_PREVIEW_MAPPED","SOURCE_BLOCK_RECOVERY_UNAVAILABLE","NUMERICAL_INTEGRITY_UNRESOLVED"],"entry":"captured","g_label":"E/2.6","member":"axis","messages":["NUMERICAL_INTEGRITY_UNRESOLVED: Load case case: structural integrity: Range(\"arithmetic outside normal range\"); global_dof_map=[\"N0:UX\", \"N0:UY\", \"N0:UZ\", \"N0:RX\", \"N0:RY\", \"N0:RZ\", \"N1:UX\", \"N1:UY\", \"N1:UZ\", \"N1:RX\", \"N1:RY\", \"N1:RZ\"]; no structural rejection is bypassed by generic LU or output quantization"],"mode":"SparseInteractive","moment":67854234385715473,"status":"unresolved","t":-1040}
I9PROBE {"E":588222952832856998,"G":582044291458856576,"N1":[],"cases":[["numerically_unresolved","unresolved","unresolved"]],"codes":["LOAD_CATEGORY_PREVIEW_MAPPED","NUMERICAL_INTEGRITY_UNRESOLVED"],"entry":"typed","g_label":"E/2.6","member":"axis","messages":["NUMERICAL_INTEGRITY_UNRESOLVED: Load case case: structural integrity: Range(\"arithmetic outside normal range\"); global_dof_map=[\"N0:UX\", \"N0:UY\", \"N0:UZ\", \"N0:RX\", \"N0:RY\", \"N0:RZ\", \"N1:UX\", \"N1:UY\", \"N1:UZ\", \"N1:RX\", \"N1:RY\", \"N1:RZ\"]; no structural rejection is bypassed by generic LU or output quantization"],"mode":"SparseInteractive","moment":67854234385715473,"status":"unresolved","t":-1040}
I9PROBE {"E":588222952832856998,"G":582044291458856576,"N1":[],"cases":[["numerically_unresolved","unresolved","unresolved"]],"codes":["LOAD_CATEGORY_PREVIEW_MAPPED","SOURCE_BLOCK_RECOVERY_UNAVAILABLE","NUMERICAL_INTEGRITY_UNRESOLVED"],"entry":"captured","g_label":"E/2.6","member":"axis","messages":["NUMERICAL_INTEGRITY_UNRESOLVED: Load case case: structural integrity: Range(\"arithmetic outside normal range\"); global_dof_map=[\"N0:UX\", \"N0:UY\", \"N0:UZ\", \"N0:RX\", \"N0:RY\", \"N0:RZ\", \"N1:UX\", \"N1:UY\", \"N1:UZ\", \"N1:RX\", \"N1:RY\", \"N1:RZ\"]; no structural rejection is bypassed by generic LU or output quantization"],"mode":"DenseScrutiny","moment":67854234385715473,"status":"unresolved","t":-1040}
I9PROBE {"E":588222952832856998,"G":582044291458856576,"N1":[],"cases":[["numerically_unresolved","unresolved","unresolved"]],"codes":["LOAD_CATEGORY_PREVIEW_MAPPED","NUMERICAL_INTEGRITY_UNRESOLVED"],"entry":"typed","g_label":"E/2.6","member":"axis","messages":["NUMERICAL_INTEGRITY_UNRESOLVED: Load case case: structural integrity: Range(\"arithmetic outside normal range\"); global_dof_map=[\"N0:UX\", \"N0:UY\", \"N0:UZ\", \"N0:RX\", \"N0:RY\", \"N0:RZ\", \"N1:UX\", \"N1:UY\", \"N1:UZ\", \"N1:RX\", \"N1:RY\", \"N1:RZ\"]; no structural rejection is bypassed by generic LU or output quantization"],"mode":"DenseScrutiny","moment":67854234385715473,"status":"unresolved","t":-1040}
I9PROBE {"E":588222952832856998,"G":582044291458856576,"N1":[],"cases":[["numerically_unresolved","unresolved","unresolved"]],"codes":["LOAD_CATEGORY_PREVIEW_MAPPED","SOURCE_BLOCK_RECOVERY_UNAVAILABLE","NUMERICAL_INTEGRITY_UNRESOLVED"],"entry":"captured","g_label":"E/2.6","member":"skew111","messages":["NUMERICAL_INTEGRITY_UNRESOLVED: Load case case: structural integrity: Range(\"arithmetic outside normal range\"); global_dof_map=[\"N0:UX\", \"N0:UY\", \"N0:UZ\", \"N0:RX\", \"N0:RY\", \"N0:RZ\", \"N1:UX\", \"N1:UY\", \"N1:UZ\", \"N1:RX\", \"N1:RY\", \"N1:RZ\"]; no structural rejection is bypassed by generic LU or output quantization"],"mode":"SparseInteractive","moment":67854234385715473,"status":"unresolved","t":-1040}
I9PROBE {"E":588222952832856998,"G":582044291458856576,"N1":[],"cases":[["numerically_unresolved","unresolved","unresolved"]],"codes":["LOAD_CATEGORY_PREVIEW_MAPPED","NUMERICAL_INTEGRITY_UNRESOLVED"],"entry":"typed","g_label":"E/2.6","member":"skew111","messages":["NUMERICAL_INTEGRITY_UNRESOLVED: Load case case: structural integrity: Range(\"arithmetic outside normal range\"); global_dof_map=[\"N0:UX\", \"N0:UY\", \"N0:UZ\", \"N0:RX\", \"N0:RY\", \"N0:RZ\", \"N1:UX\", \"N1:UY\", \"N1:UZ\", \"N1:RX\", \"N1:RY\", \"N1:RZ\"]; no structural rejection is bypassed by generic LU or output quantization"],"mode":"SparseInteractive","moment":67854234385715473,"status":"unresolved","t":-1040}
I9PROBE {"E":588222952832856998,"G":582044291458856576,"N1":[],"cases":[["numerically_unresolved","unresolved","unresolved"]],"codes":["LOAD_CATEGORY_PREVIEW_MAPPED","SOURCE_BLOCK_RECOVERY_UNAVAILABLE","NUMERICAL_INTEGRITY_UNRESOLVED"],"entry":"captured","g_label":"E/2.6","member":"skew111","messages":["NUMERICAL_INTEGRITY_UNRESOLVED: Load case case: structural integrity: Range(\"arithmetic outside normal range\"); global_dof_map=[\"N0:UX\", \"N0:UY\", \"N0:UZ\", \"N0:RX\", \"N0:RY\", \"N0:RZ\", \"N1:UX\", \"N1:UY\", \"N1:UZ\", \"N1:RX\", \"N1:RY\", \"N1:RZ\"]; no structural rejection is bypassed by generic LU or output quantization"],"mode":"DenseScrutiny","moment":67854234385715473,"status":"unresolved","t":-1040}
I9PROBE {"E":588222952832856998,"G":582044291458856576,"N1":[],"cases":[["numerically_unresolved","unresolved","unresolved"]],"codes":["LOAD_CATEGORY_PREVIEW_MAPPED","NUMERICAL_INTEGRITY_UNRESOLVED"],"entry":"typed","g_label":"E/2.6","member":"skew111","messages":["NUMERICAL_INTEGRITY_UNRESOLVED: Load case case: structural integrity: Range(\"arithmetic outside normal range\"); global_dof_map=[\"N0:UX\", \"N0:UY\", \"N0:UZ\", \"N0:RX\", \"N0:RY\", \"N0:RZ\", \"N1:UX\", \"N1:UY\", \"N1:UZ\", \"N1:RX\", \"N1:RY\", \"N1:RZ\"]; no structural rejection is bypassed by generic LU or output quantization"],"mode":"DenseScrutiny","moment":67854234385715473,"status":"unresolved","t":-1040}
I9PROBE {"E":588222952832856998,"G":582044291458856576,"N1":[],"cases":[["numerically_unresolved","unresolved","unresolved"]],"codes":["LOAD_CATEGORY_PREVIEW_MAPPED","SOURCE_BLOCK_RECOVERY_UNAVAILABLE","NUMERICAL_INTEGRITY_UNRESOLVED"],"entry":"captured","g_label":"E/2.6","member":"skew122","messages":["NUMERICAL_INTEGRITY_UNRESOLVED: Load case case: structural integrity: Range(\"arithmetic outside normal range\"); global_dof_map=[\"N0:UX\", \"N0:UY\", \"N0:UZ\", \"N0:RX\", \"N0:RY\", \"N0:RZ\", \"N1:UX\", \"N1:UY\", \"N1:UZ\", \"N1:RX\", \"N1:RY\", \"N1:RZ\"]; no structural rejection is bypassed by generic LU or output quantization"],"mode":"SparseInteractive","moment":67854234385715473,"status":"unresolved","t":-1040}
I9PROBE {"E":588222952832856998,"G":582044291458856576,"N1":[],"cases":[["numerically_unresolved","unresolved","unresolved"]],"codes":["LOAD_CATEGORY_PREVIEW_MAPPED","NUMERICAL_INTEGRITY_UNRESOLVED"],"entry":"typed","g_label":"E/2.6","member":"skew122","messages":["NUMERICAL_INTEGRITY_UNRESOLVED: Load case case: structural integrity: Range(\"arithmetic outside normal range\"); global_dof_map=[\"N0:UX\", \"N0:UY\", \"N0:UZ\", \"N0:RX\", \"N0:RY\", \"N0:RZ\", \"N1:UX\", \"N1:UY\", \"N1:UZ\", \"N1:RX\", \"N1:RY\", \"N1:RZ\"]; no structural rejection is bypassed by generic LU or output quantization"],"mode":"SparseInteractive","moment":67854234385715473,"status":"unresolved","t":-1040}
I9PROBE {"E":588222952832856998,"G":582044291458856576,"N1":[],"cases":[["numerically_unresolved","unresolved","unresolved"]],"codes":["LOAD_CATEGORY_PREVIEW_MAPPED","SOURCE_BLOCK_RECOVERY_UNAVAILABLE","NUMERICAL_INTEGRITY_UNRESOLVED"],"entry":"captured","g_label":"E/2.6","member":"skew122","messages":["NUMERICAL_INTEGRITY_UNRESOLVED: Load case case: structural integrity: Range(\"arithmetic outside normal range\"); global_dof_map=[\"N0:UX\", \"N0:UY\", \"N0:UZ\", \"N0:RX\", \"N0:RY\", \"N0:RZ\", \"N1:UX\", \"N1:UY\", \"N1:UZ\", \"N1:RX\", \"N1:RY\", \"N1:RZ\"]; no structural rejection is bypassed by generic LU or output quantization"],"mode":"DenseScrutiny","moment":67854234385715473,"status":"unresolved","t":-1040}
I9PROBE {"E":588222952832856998,"G":582044291458856576,"N1":[],"cases":[["numerically_unresolved","unresolved","unresolved"]],"codes":["LOAD_CATEGORY_PREVIEW_MAPPED","NUMERICAL_INTEGRITY_UNRESOLVED"],"entry":"typed","g_label":"E/2.6","member":"skew122","messages":["NUMERICAL_INTEGRITY_UNRESOLVED: Load case case: structural integrity: Range(\"arithmetic outside normal range\"); global_dof_map=[\"N0:UX\", \"N0:UY\", \"N0:UZ\", \"N0:RX\", \"N0:RY\", \"N0:RZ\", \"N1:UX\", \"N1:UY\", \"N1:UZ\", \"N1:RX\", \"N1:RY\", \"N1:RZ\"]; no structural rejection is bypassed by generic LU or output quantization"],"mode":"DenseScrutiny","moment":67854234385715473,"status":"unresolved","t":-1040}
I9PROBE {"E":588222952832856998,"G":678294945380266918,"N1":[],"cases":[["numerically_unresolved","unresolved","unresolved"]],"codes":["LOAD_CATEGORY_PREVIEW_MAPPED","SOURCE_BLOCK_RECOVERY_UNAVAILABLE","NUMERICAL_INTEGRITY_UNRESOLVED"],"entry":"captured","g_label":"E*2^20","member":"axis","messages":["NUMERICAL_INTEGRITY_UNRESOLVED: Load case case: structural integrity: Range(\"arithmetic outside normal range\"); global_dof_map=[\"N0:UX\", \"N0:UY\", \"N0:UZ\", \"N0:RX\", \"N0:RY\", \"N0:RZ\", \"N1:UX\", \"N1:UY\", \"N1:UZ\", \"N1:RX\", \"N1:RY\", \"N1:RZ\"]; no structural rejection is bypassed by generic LU or output quantization"],"mode":"SparseInteractive","moment":67854234385715473,"status":"unresolved","t":-1040}
I9PROBE {"E":588222952832856998,"G":678294945380266918,"N1":[],"cases":[["numerically_unresolved","unresolved","unresolved"]],"codes":["LOAD_CATEGORY_PREVIEW_MAPPED","NUMERICAL_INTEGRITY_UNRESOLVED"],"entry":"typed","g_label":"E*2^20","member":"axis","messages":["NUMERICAL_INTEGRITY_UNRESOLVED: Load case case: structural integrity: Range(\"arithmetic outside normal range\"); global_dof_map=[\"N0:UX\", \"N0:UY\", \"N0:UZ\", \"N0:RX\", \"N0:RY\", \"N0:RZ\", \"N1:UX\", \"N1:UY\", \"N1:UZ\", \"N1:RX\", \"N1:RY\", \"N1:RZ\"]; no structural rejection is bypassed by generic LU or output quantization"],"mode":"SparseInteractive","moment":67854234385715473,"status":"unresolved","t":-1040}
I9PROBE {"E":588222952832856998,"G":678294945380266918,"N1":[],"cases":[["numerically_unresolved","unresolved","unresolved"]],"codes":["LOAD_CATEGORY_PREVIEW_MAPPED","SOURCE_BLOCK_RECOVERY_UNAVAILABLE","NUMERICAL_INTEGRITY_UNRESOLVED"],"entry":"captured","g_label":"E*2^20","member":"axis","messages":["NUMERICAL_INTEGRITY_UNRESOLVED: Load case case: structural integrity: Range(\"arithmetic outside normal range\"); global_dof_map=[\"N0:UX\", \"N0:UY\", \"N0:UZ\", \"N0:RX\", \"N0:RY\", \"N0:RZ\", \"N1:UX\", \"N1:UY\", \"N1:UZ\", \"N1:RX\", \"N1:RY\", \"N1:RZ\"]; no structural rejection is bypassed by generic LU or output quantization"],"mode":"DenseScrutiny","moment":67854234385715473,"status":"unresolved","t":-1040}
I9PROBE {"E":588222952832856998,"G":678294945380266918,"N1":[],"cases":[["numerically_unresolved","unresolved","unresolved"]],"codes":["LOAD_CATEGORY_PREVIEW_MAPPED","NUMERICAL_INTEGRITY_UNRESOLVED"],"entry":"typed","g_label":"E*2^20","member":"axis","messages":["NUMERICAL_INTEGRITY_UNRESOLVED: Load case case: structural integrity: Range(\"arithmetic outside normal range\"); global_dof_map=[\"N0:UX\", \"N0:UY\", \"N0:UZ\", \"N0:RX\", \"N0:RY\", \"N0:RZ\", \"N1:UX\", \"N1:UY\", \"N1:UZ\", \"N1:RX\", \"N1:RY\", \"N1:RZ\"]; no structural rejection is bypassed by generic LU or output quantization"],"mode":"DenseScrutiny","moment":67854234385715473,"status":"unresolved","t":-1040}
I9PROBE {"E":588222952832856998,"G":678294945380266918,"N1":[],"cases":[["numerically_unresolved","unresolved","unresolved"]],"codes":["LOAD_CATEGORY_PREVIEW_MAPPED","SOURCE_BLOCK_RECOVERY_UNAVAILABLE","NUMERICAL_INTEGRITY_UNRESOLVED"],"entry":"captured","g_label":"E*2^20","member":"skew111","messages":["NUMERICAL_INTEGRITY_UNRESOLVED: Load case case: structural integrity: Range(\"arithmetic outside normal range\"); global_dof_map=[\"N0:UX\", \"N0:UY\", \"N0:UZ\", \"N0:RX\", \"N0:RY\", \"N0:RZ\", \"N1:UX\", \"N1:UY\", \"N1:UZ\", \"N1:RX\", \"N1:RY\", \"N1:RZ\"]; no structural rejection is bypassed by generic LU or output quantization"],"mode":"SparseInteractive","moment":67854234385715473,"status":"unresolved","t":-1040}
I9PROBE {"E":588222952832856998,"G":678294945380266918,"N1":[],"cases":[["numerically_unresolved","unresolved","unresolved"]],"codes":["LOAD_CATEGORY_PREVIEW_MAPPED","NUMERICAL_INTEGRITY_UNRESOLVED"],"entry":"typed","g_label":"E*2^20","member":"skew111","messages":["NUMERICAL_INTEGRITY_UNRESOLVED: Load case case: structural integrity: Range(\"arithmetic outside normal range\"); global_dof_map=[\"N0:UX\", \"N0:UY\", \"N0:UZ\", \"N0:RX\", \"N0:RY\", \"N0:RZ\", \"N1:UX\", \"N1:UY\", \"N1:UZ\", \"N1:RX\", \"N1:RY\", \"N1:RZ\"]; no structural rejection is bypassed by generic LU or output quantization"],"mode":"SparseInteractive","moment":67854234385715473,"status":"unresolved","t":-1040}
I9PROBE {"E":588222952832856998,"G":678294945380266918,"N1":[],"cases":[["numerically_unresolved","unresolved","unresolved"]],"codes":["LOAD_CATEGORY_PREVIEW_MAPPED","SOURCE_BLOCK_RECOVERY_UNAVAILABLE","NUMERICAL_INTEGRITY_UNRESOLVED"],"entry":"captured","g_label":"E*2^20","member":"skew111","messages":["NUMERICAL_INTEGRITY_UNRESOLVED: Load case case: structural integrity: Range(\"arithmetic outside normal range\"); global_dof_map=[\"N0:UX\", \"N0:UY\", \"N0:UZ\", \"N0:RX\", \"N0:RY\", \"N0:RZ\", \"N1:UX\", \"N1:UY\", \"N1:UZ\", \"N1:RX\", \"N1:RY\", \"N1:RZ\"]; no structural rejection is bypassed by generic LU or output quantization"],"mode":"DenseScrutiny","moment":67854234385715473,"status":"unresolved","t":-1040}
I9PROBE {"E":588222952832856998,"G":678294945380266918,"N1":[],"cases":[["numerically_unresolved","unresolved","unresolved"]],"codes":["LOAD_CATEGORY_PREVIEW_MAPPED","NUMERICAL_INTEGRITY_UNRESOLVED"],"entry":"typed","g_label":"E*2^20","member":"skew111","messages":["NUMERICAL_INTEGRITY_UNRESOLVED: Load case case: structural integrity: Range(\"arithmetic outside normal range\"); global_dof_map=[\"N0:UX\", \"N0:UY\", \"N0:UZ\", \"N0:RX\", \"N0:RY\", \"N0:RZ\", \"N1:UX\", \"N1:UY\", \"N1:UZ\", \"N1:RX\", \"N1:RY\", \"N1:RZ\"]; no structural rejection is bypassed by generic LU or output quantization"],"mode":"DenseScrutiny","moment":67854234385715473,"status":"unresolved","t":-1040}
I9PROBE {"E":588222952832856998,"G":678294945380266918,"N1":[],"cases":[["numerically_unresolved","unresolved","unresolved"]],"codes":["LOAD_CATEGORY_PREVIEW_MAPPED","SOURCE_BLOCK_RECOVERY_UNAVAILABLE","NUMERICAL_INTEGRITY_UNRESOLVED"],"entry":"captured","g_label":"E*2^20","member":"skew122","messages":["NUMERICAL_INTEGRITY_UNRESOLVED: Load case case: structural integrity: Range(\"arithmetic outside normal range\"); global_dof_map=[\"N0:UX\", \"N0:UY\", \"N0:UZ\", \"N0:RX\", \"N0:RY\", \"N0:RZ\", \"N1:UX\", \"N1:UY\", \"N1:UZ\", \"N1:RX\", \"N1:RY\", \"N1:RZ\"]; no structural rejection is bypassed by generic LU or output quantization"],"mode":"SparseInteractive","moment":67854234385715473,"status":"unresolved","t":-1040}
I9PROBE {"E":588222952832856998,"G":678294945380266918,"N1":[],"cases":[["numerically_unresolved","unresolved","unresolved"]],"codes":["LOAD_CATEGORY_PREVIEW_MAPPED","NUMERICAL_INTEGRITY_UNRESOLVED"],"entry":"typed","g_label":"E*2^20","member":"skew122","messages":["NUMERICAL_INTEGRITY_UNRESOLVED: Load case case: structural integrity: Range(\"arithmetic outside normal range\"); global_dof_map=[\"N0:UX\", \"N0:UY\", \"N0:UZ\", \"N0:RX\", \"N0:RY\", \"N0:RZ\", \"N1:UX\", \"N1:UY\", \"N1:UZ\", \"N1:RX\", \"N1:RY\", \"N1:RZ\"]; no structural rejection is bypassed by generic LU or output quantization"],"mode":"SparseInteractive","moment":67854234385715473,"status":"unresolved","t":-1040}
I9PROBE {"E":588222952832856998,"G":678294945380266918,"N1":[],"cases":[["numerically_unresolved","unresolved","unresolved"]],"codes":["LOAD_CATEGORY_PREVIEW_MAPPED","SOURCE_BLOCK_RECOVERY_UNAVAILABLE","NUMERICAL_INTEGRITY_UNRESOLVED"],"entry":"captured","g_label":"E*2^20","member":"skew122","messages":["NUMERICAL_INTEGRITY_UNRESOLVED: Load case case: structural integrity: Range(\"arithmetic outside normal range\"); global_dof_map=[\"N0:UX\", \"N0:UY\", \"N0:UZ\", \"N0:RX\", \"N0:RY\", \"N0:RZ\", \"N1:UX\", \"N1:UY\", \"N1:UZ\", \"N1:RX\", \"N1:RY\", \"N1:RZ\"]; no structural rejection is bypassed by generic LU or output quantization"],"mode":"DenseScrutiny","moment":67854234385715473,"status":"unresolved","t":-1040}
I9PROBE {"E":588222952832856998,"G":678294945380266918,"N1":[],"cases":[["numerically_unresolved","unresolved","unresolved"]],"codes":["LOAD_CATEGORY_PREVIEW_MAPPED","NUMERICAL_INTEGRITY_UNRESOLVED"],"entry":"typed","g_label":"E*2^20","member":"skew122","messages":["NUMERICAL_INTEGRITY_UNRESOLVED: Load case case: structural integrity: Range(\"arithmetic outside normal range\"); global_dof_map=[\"N0:UX\", \"N0:UY\", \"N0:UZ\", \"N0:RX\", \"N0:RY\", \"N0:RZ\", \"N1:UX\", \"N1:UY\", \"N1:UZ\", \"N1:RX\", \"N1:RY\", \"N1:RZ\"]; no structural rejection is bypassed by generic LU or output quantization"],"mode":"DenseScrutiny","moment":67854234385715473,"status":"unresolved","t":-1040}
I9PROBE {"E":588222952832856998,"G":723330941653971878,"N1":[],"cases":[["numerically_unresolved","unresolved","unresolved"]],"codes":["LOAD_CATEGORY_PREVIEW_MAPPED","SOURCE_BLOCK_RECOVERY_UNAVAILABLE","NUMERICAL_INTEGRITY_UNRESOLVED"],"entry":"captured","g_label":"E*2^30","member":"axis","messages":["NUMERICAL_INTEGRITY_UNRESOLVED: Load case case: structural integrity: Range(\"arithmetic outside normal range\"); global_dof_map=[\"N0:UX\", \"N0:UY\", \"N0:UZ\", \"N0:RX\", \"N0:RY\", \"N0:RZ\", \"N1:UX\", \"N1:UY\", \"N1:UZ\", \"N1:RX\", \"N1:RY\", \"N1:RZ\"]; no structural rejection is bypassed by generic LU or output quantization"],"mode":"SparseInteractive","moment":67854234385715473,"status":"unresolved","t":-1040}
I9PROBE {"E":588222952832856998,"G":723330941653971878,"N1":[],"cases":[["numerically_unresolved","unresolved","unresolved"]],"codes":["LOAD_CATEGORY_PREVIEW_MAPPED","NUMERICAL_INTEGRITY_UNRESOLVED"],"entry":"typed","g_label":"E*2^30","member":"axis","messages":["NUMERICAL_INTEGRITY_UNRESOLVED: Load case case: structural integrity: Range(\"arithmetic outside normal range\"); global_dof_map=[\"N0:UX\", \"N0:UY\", \"N0:UZ\", \"N0:RX\", \"N0:RY\", \"N0:RZ\", \"N1:UX\", \"N1:UY\", \"N1:UZ\", \"N1:RX\", \"N1:RY\", \"N1:RZ\"]; no structural rejection is bypassed by generic LU or output quantization"],"mode":"SparseInteractive","moment":67854234385715473,"status":"unresolved","t":-1040}
I9PROBE {"E":588222952832856998,"G":723330941653971878,"N1":[],"cases":[["numerically_unresolved","unresolved","unresolved"]],"codes":["LOAD_CATEGORY_PREVIEW_MAPPED","SOURCE_BLOCK_RECOVERY_UNAVAILABLE","NUMERICAL_INTEGRITY_UNRESOLVED"],"entry":"captured","g_label":"E*2^30","member":"axis","messages":["NUMERICAL_INTEGRITY_UNRESOLVED: Load case case: structural integrity: Range(\"arithmetic outside normal range\"); global_dof_map=[\"N0:UX\", \"N0:UY\", \"N0:UZ\", \"N0:RX\", \"N0:RY\", \"N0:RZ\", \"N1:UX\", \"N1:UY\", \"N1:UZ\", \"N1:RX\", \"N1:RY\", \"N1:RZ\"]; no structural rejection is bypassed by generic LU or output quantization"],"mode":"DenseScrutiny","moment":67854234385715473,"status":"unresolved","t":-1040}
I9PROBE {"E":588222952832856998,"G":723330941653971878,"N1":[],"cases":[["numerically_unresolved","unresolved","unresolved"]],"codes":["LOAD_CATEGORY_PREVIEW_MAPPED","NUMERICAL_INTEGRITY_UNRESOLVED"],"entry":"typed","g_label":"E*2^30","member":"axis","messages":["NUMERICAL_INTEGRITY_UNRESOLVED: Load case case: structural integrity: Range(\"arithmetic outside normal range\"); global_dof_map=[\"N0:UX\", \"N0:UY\", \"N0:UZ\", \"N0:RX\", \"N0:RY\", \"N0:RZ\", \"N1:UX\", \"N1:UY\", \"N1:UZ\", \"N1:RX\", \"N1:RY\", \"N1:RZ\"]; no structural rejection is bypassed by generic LU or output quantization"],"mode":"DenseScrutiny","moment":67854234385715473,"status":"unresolved","t":-1040}
I9PROBE {"E":588222952832856998,"G":723330941653971878,"N1":[],"cases":[["numerically_unresolved","unresolved","unresolved"]],"codes":["LOAD_CATEGORY_PREVIEW_MAPPED","SOURCE_BLOCK_RECOVERY_UNAVAILABLE","NUMERICAL_INTEGRITY_UNRESOLVED"],"entry":"captured","g_label":"E*2^30","member":"skew111","messages":["NUMERICAL_INTEGRITY_UNRESOLVED: Load case case: structural integrity: Range(\"arithmetic outside normal range\"); global_dof_map=[\"N0:UX\", \"N0:UY\", \"N0:UZ\", \"N0:RX\", \"N0:RY\", \"N0:RZ\", \"N1:UX\", \"N1:UY\", \"N1:UZ\", \"N1:RX\", \"N1:RY\", \"N1:RZ\"]; no structural rejection is bypassed by generic LU or output quantization"],"mode":"SparseInteractive","moment":67854234385715473,"status":"unresolved","t":-1040}
I9PROBE {"E":588222952832856998,"G":723330941653971878,"N1":[],"cases":[["numerically_unresolved","unresolved","unresolved"]],"codes":["LOAD_CATEGORY_PREVIEW_MAPPED","NUMERICAL_INTEGRITY_UNRESOLVED"],"entry":"typed","g_label":"E*2^30","member":"skew111","messages":["NUMERICAL_INTEGRITY_UNRESOLVED: Load case case: structural integrity: Range(\"arithmetic outside normal range\"); global_dof_map=[\"N0:UX\", \"N0:UY\", \"N0:UZ\", \"N0:RX\", \"N0:RY\", \"N0:RZ\", \"N1:UX\", \"N1:UY\", \"N1:UZ\", \"N1:RX\", \"N1:RY\", \"N1:RZ\"]; no structural rejection is bypassed by generic LU or output quantization"],"mode":"SparseInteractive","moment":67854234385715473,"status":"unresolved","t":-1040}
I9PROBE {"E":588222952832856998,"G":723330941653971878,"N1":[],"cases":[["numerically_unresolved","unresolved","unresolved"]],"codes":["LOAD_CATEGORY_PREVIEW_MAPPED","SOURCE_BLOCK_RECOVERY_UNAVAILABLE","NUMERICAL_INTEGRITY_UNRESOLVED"],"entry":"captured","g_label":"E*2^30","member":"skew111","messages":["NUMERICAL_INTEGRITY_UNRESOLVED: Load case case: structural integrity: Range(\"arithmetic outside normal range\"); global_dof_map=[\"N0:UX\", \"N0:UY\", \"N0:UZ\", \"N0:RX\", \"N0:RY\", \"N0:RZ\", \"N1:UX\", \"N1:UY\", \"N1:UZ\", \"N1:RX\", \"N1:RY\", \"N1:RZ\"]; no structural rejection is bypassed by generic LU or output quantization"],"mode":"DenseScrutiny","moment":67854234385715473,"status":"unresolved","t":-1040}
I9PROBE {"E":588222952832856998,"G":723330941653971878,"N1":[],"cases":[["numerically_unresolved","unresolved","unresolved"]],"codes":["LOAD_CATEGORY_PREVIEW_MAPPED","NUMERICAL_INTEGRITY_UNRESOLVED"],"entry":"typed","g_label":"E*2^30","member":"skew111","messages":["NUMERICAL_INTEGRITY_UNRESOLVED: Load case case: structural integrity: Range(\"arithmetic outside normal range\"); global_dof_map=[\"N0:UX\", \"N0:UY\", \"N0:UZ\", \"N0:RX\", \"N0:RY\", \"N0:RZ\", \"N1:UX\", \"N1:UY\", \"N1:UZ\", \"N1:RX\", \"N1:RY\", \"N1:RZ\"]; no structural rejection is bypassed by generic LU or output quantization"],"mode":"DenseScrutiny","moment":67854234385715473,"status":"unresolved","t":-1040}
I9PROBE {"E":588222952832856998,"G":723330941653971878,"N1":[],"cases":[["numerically_unresolved","unresolved","unresolved"]],"codes":["LOAD_CATEGORY_PREVIEW_MAPPED","SOURCE_BLOCK_RECOVERY_UNAVAILABLE","NUMERICAL_INTEGRITY_UNRESOLVED"],"entry":"captured","g_label":"E*2^30","member":"skew122","messages":["NUMERICAL_INTEGRITY_UNRESOLVED: Load case case: structural integrity: Range(\"arithmetic outside normal range\"); global_dof_map=[\"N0:UX\", \"N0:UY\", \"N0:UZ\", \"N0:RX\", \"N0:RY\", \"N0:RZ\", \"N1:UX\", \"N1:UY\", \"N1:UZ\", \"N1:RX\", \"N1:RY\", \"N1:RZ\"]; no structural rejection is bypassed by generic LU or output quantization"],"mode":"SparseInteractive","moment":67854234385715473,"status":"unresolved","t":-1040}
I9PROBE {"E":588222952832856998,"G":723330941653971878,"N1":[],"cases":[["numerically_unresolved","unresolved","unresolved"]],"codes":["LOAD_CATEGORY_PREVIEW_MAPPED","NUMERICAL_INTEGRITY_UNRESOLVED"],"entry":"typed","g_label":"E*2^30","member":"skew122","messages":["NUMERICAL_INTEGRITY_UNRESOLVED: Load case case: structural integrity: Range(\"arithmetic outside normal range\"); global_dof_map=[\"N0:UX\", \"N0:UY\", \"N0:UZ\", \"N0:RX\", \"N0:RY\", \"N0:RZ\", \"N1:UX\", \"N1:UY\", \"N1:UZ\", \"N1:RX\", \"N1:RY\", \"N1:RZ\"]; no structural rejection is bypassed by generic LU or output quantization"],"mode":"SparseInteractive","moment":67854234385715473,"status":"unresolved","t":-1040}
I9PROBE {"E":588222952832856998,"G":723330941653971878,"N1":[],"cases":[["numerically_unresolved","unresolved","unresolved"]],"codes":["LOAD_CATEGORY_PREVIEW_MAPPED","SOURCE_BLOCK_RECOVERY_UNAVAILABLE","NUMERICAL_INTEGRITY_UNRESOLVED"],"entry":"captured","g_label":"E*2^30","member":"skew122","messages":["NUMERICAL_INTEGRITY_UNRESOLVED: Load case case: structural integrity: Range(\"arithmetic outside normal range\"); global_dof_map=[\"N0:UX\", \"N0:UY\", \"N0:UZ\", \"N0:RX\", \"N0:RY\", \"N0:RZ\", \"N1:UX\", \"N1:UY\", \"N1:UZ\", \"N1:RX\", \"N1:RY\", \"N1:RZ\"]; no structural rejection is bypassed by generic LU or output quantization"],"mode":"DenseScrutiny","moment":67854234385715473,"status":"unresolved","t":-1040}
I9PROBE {"E":588222952832856998,"G":723330941653971878,"N1":[],"cases":[["numerically_unresolved","unresolved","unresolved"]],"codes":["LOAD_CATEGORY_PREVIEW_MAPPED","NUMERICAL_INTEGRITY_UNRESOLVED"],"entry":"typed","g_label":"E*2^30","member":"skew122","messages":["NUMERICAL_INTEGRITY_UNRESOLVED: Load case case: structural integrity: Range(\"arithmetic outside normal range\"); global_dof_map=[\"N0:UX\", \"N0:UY\", \"N0:UZ\", \"N0:RX\", \"N0:RY\", \"N0:RZ\", \"N1:UX\", \"N1:UY\", \"N1:UZ\", \"N1:RX\", \"N1:RY\", \"N1:RZ\"]; no structural rejection is bypassed by generic LU or output quantization"],"mode":"DenseScrutiny","moment":67854234385715473,"status":"unresolved","t":-1040}
I9PROBE {"E":588222952832856998,"G":750352539418194854,"N1":[],"cases":[["numerically_unresolved","unresolved","unresolved"]],"codes":["LOAD_CATEGORY_PREVIEW_MAPPED","SOURCE_BLOCK_RECOVERY_UNAVAILABLE","NUMERICAL_INTEGRITY_UNRESOLVED"],"entry":"captured","g_label":"E*2^36","member":"axis","messages":["NUMERICAL_INTEGRITY_UNRESOLVED: Load case case: structural integrity: Range(\"arithmetic outside normal range\"); global_dof_map=[\"N0:UX\", \"N0:UY\", \"N0:UZ\", \"N0:RX\", \"N0:RY\", \"N0:RZ\", \"N1:UX\", \"N1:UY\", \"N1:UZ\", \"N1:RX\", \"N1:RY\", \"N1:RZ\"]; no structural rejection is bypassed by generic LU or output quantization"],"mode":"SparseInteractive","moment":67854234385715473,"status":"unresolved","t":-1040}
I9PROBE {"E":588222952832856998,"G":750352539418194854,"N1":[],"cases":[["numerically_unresolved","unresolved","unresolved"]],"codes":["LOAD_CATEGORY_PREVIEW_MAPPED","NUMERICAL_INTEGRITY_UNRESOLVED"],"entry":"typed","g_label":"E*2^36","member":"axis","messages":["NUMERICAL_INTEGRITY_UNRESOLVED: Load case case: structural integrity: Range(\"arithmetic outside normal range\"); global_dof_map=[\"N0:UX\", \"N0:UY\", \"N0:UZ\", \"N0:RX\", \"N0:RY\", \"N0:RZ\", \"N1:UX\", \"N1:UY\", \"N1:UZ\", \"N1:RX\", \"N1:RY\", \"N1:RZ\"]; no structural rejection is bypassed by generic LU or output quantization"],"mode":"SparseInteractive","moment":67854234385715473,"status":"unresolved","t":-1040}
I9PROBE {"E":588222952832856998,"G":750352539418194854,"N1":[],"cases":[["numerically_unresolved","unresolved","unresolved"]],"codes":["LOAD_CATEGORY_PREVIEW_MAPPED","SOURCE_BLOCK_RECOVERY_UNAVAILABLE","NUMERICAL_INTEGRITY_UNRESOLVED"],"entry":"captured","g_label":"E*2^36","member":"axis","messages":["NUMERICAL_INTEGRITY_UNRESOLVED: Load case case: structural integrity: Range(\"arithmetic outside normal range\"); global_dof_map=[\"N0:UX\", \"N0:UY\", \"N0:UZ\", \"N0:RX\", \"N0:RY\", \"N0:RZ\", \"N1:UX\", \"N1:UY\", \"N1:UZ\", \"N1:RX\", \"N1:RY\", \"N1:RZ\"]; no structural rejection is bypassed by generic LU or output quantization"],"mode":"DenseScrutiny","moment":67854234385715473,"status":"unresolved","t":-1040}
I9PROBE {"E":588222952832856998,"G":750352539418194854,"N1":[],"cases":[["numerically_unresolved","unresolved","unresolved"]],"codes":["LOAD_CATEGORY_PREVIEW_MAPPED","NUMERICAL_INTEGRITY_UNRESOLVED"],"entry":"typed","g_label":"E*2^36","member":"axis","messages":["NUMERICAL_INTEGRITY_UNRESOLVED: Load case case: structural integrity: Range(\"arithmetic outside normal range\"); global_dof_map=[\"N0:UX\", \"N0:UY\", \"N0:UZ\", \"N0:RX\", \"N0:RY\", \"N0:RZ\", \"N1:UX\", \"N1:UY\", \"N1:UZ\", \"N1:RX\", \"N1:RY\", \"N1:RZ\"]; no structural rejection is bypassed by generic LU or output quantization"],"mode":"DenseScrutiny","moment":67854234385715473,"status":"unresolved","t":-1040}
I9PROBE {"E":588222952832856998,"G":750352539418194854,"N1":[["result:disp:N1:ux",-5.250970108951382e-11,"mm"],["result:disp:N1:uy",5.2509701083400825e-11,"mm"],["result:disp:N1:uz",6.112930486211934e-21,"mm"],["result:disp:N1:rx",-0.03333333332532972,"rad"],["result:disp:N1:ry",-0.033333333336971305,"rad"],["result:disp:N1:rz",0.06666666666302862,"rad"]],"cases":[["passive_model_basis","sensitive","not_claimed"]],"codes":["LOAD_CATEGORY_PREVIEW_MAPPED","SOURCE_BLOCK_RECOVERY_UNAVAILABLE","NUMERICAL_INTEGRITY_SENSITIVE","RULE_CHECK_INPUTS_MISSING"],"entry":"captured","g_label":"E*2^36","member":"skew111","messages":["NUMERICAL_INTEGRITY_SENSITIVE: M03-INTEGRITY-v1 represented original-equation structural evidence for load case case: StructuralReport { policy: \"M03-INTEGRITY-v1\", quality: Sensitive, factorization: \"positive skyline LDL\", scale_exponents: [462, 462, 462, 485, 485, 485], pivots: [PivotEvidence { ordered_index: 0, global_dof: 9, "],"mode":"SparseInteractive","moment":67854234385715473,"status":"sensitive","t":-1040}
I9PROBE {"E":588222952832856998,"G":750352539418194854,"N1":[["result:disp:N1:ux",-5.250970108951382e-11,"mm"],["result:disp:N1:uy",5.2509701083400825e-11,"mm"],["result:disp:N1:uz",6.112930486211934e-21,"mm"],["result:disp:N1:rx",-0.03333333332532972,"rad"],["result:disp:N1:ry",-0.033333333336971305,"rad"],["result:disp:N1:rz",0.06666666666302862,"rad"]],"cases":[["passive_model_basis","sensitive","not_claimed"]],"codes":["LOAD_CATEGORY_PREVIEW_MAPPED","NUMERICAL_INTEGRITY_SENSITIVE","RULE_CHECK_INPUTS_MISSING"],"entry":"typed","g_label":"E*2^36","member":"skew111","messages":["NUMERICAL_INTEGRITY_SENSITIVE: M03-INTEGRITY-v1 represented original-equation structural evidence for load case case: StructuralReport { policy: \"M03-INTEGRITY-v1\", quality: Sensitive, factorization: \"positive skyline LDL\", scale_exponents: [462, 462, 462, 485, 485, 485], pivots: [PivotEvidence { ordered_index: 0, global_dof: 9, "],"mode":"SparseInteractive","moment":67854234385715473,"status":"sensitive","t":-1040}
I9PROBE {"E":588222952832856998,"G":750352539418194854,"N1":[["result:disp:N1:ux",-5.2509701089513916e-11,"mm"],["result:disp:N1:uy",5.2509701089131693e-11,"mm"],["result:disp:N1:uz",3.8196829037945186e-22,"mm"],["result:disp:N1:rx",-0.03333333333260574,"rad"],["result:disp:N1:ry",-0.03333333333333333,"rad"],["result:disp:N1:rz",0.06666666666666667,"rad"]],"cases":[["passive_model_basis","sensitive","not_claimed"]],"codes":["LOAD_CATEGORY_PREVIEW_MAPPED","SOURCE_BLOCK_RECOVERY_UNAVAILABLE","NUMERICAL_INTEGRITY_SENSITIVE","RULE_CHECK_INPUTS_MISSING"],"entry":"captured","g_label":"E*2^36","member":"skew111","messages":["NUMERICAL_INTEGRITY_SENSITIVE: M03-INTEGRITY-v1 represented original-equation structural evidence for load case case: StructuralReport { policy: \"M03-INTEGRITY-v1\", quality: Sensitive, factorization: \"positive dense Cholesky\", scale_exponents: [462, 462, 462, 485, 485, 485], pivots: [PivotEvidence { ordered_index: 0, global_dof: "],"mode":"DenseScrutiny","moment":67854234385715473,"status":"sensitive","t":-1040}
I9PROBE {"E":588222952832856998,"G":750352539418194854,"N1":[["result:disp:N1:ux",-5.2509701089513916e-11,"mm"],["result:disp:N1:uy",5.2509701089131693e-11,"mm"],["result:disp:N1:uz",3.8196829037945186e-22,"mm"],["result:disp:N1:rx",-0.03333333333260574,"rad"],["result:disp:N1:ry",-0.03333333333333333,"rad"],["result:disp:N1:rz",0.06666666666666667,"rad"]],"cases":[["passive_model_basis","sensitive","not_claimed"]],"codes":["LOAD_CATEGORY_PREVIEW_MAPPED","NUMERICAL_INTEGRITY_SENSITIVE","RULE_CHECK_INPUTS_MISSING"],"entry":"typed","g_label":"E*2^36","member":"skew111","messages":["NUMERICAL_INTEGRITY_SENSITIVE: M03-INTEGRITY-v1 represented original-equation structural evidence for load case case: StructuralReport { policy: \"M03-INTEGRITY-v1\", quality: Sensitive, factorization: \"positive dense Cholesky\", scale_exponents: [462, 462, 462, 485, 485, 485], pivots: [PivotEvidence { ordered_index: 0, global_dof: "],"mode":"DenseScrutiny","moment":67854234385715473,"status":"sensitive","t":-1040}
I9PROBE {"E":588222952832856998,"G":750352539418194854,"N1":[["result:disp:N1:ux",-6.063251752879753e-11,"mm"],["result:disp:N1:uy",3.031633584831843e-11,"mm"],["result:disp:N1:uz",-7.70839197444526e-17,"mm"],["result:disp:N1:rx",-0.022222165687474676,"rad"],["result:disp:N1:ry",-0.044444077110951274,"rad"],["result:disp:N1:rz",0.05555515995541621,"rad"]],"cases":[["passive_model_basis","sensitive","not_claimed"]],"codes":["LOAD_CATEGORY_PREVIEW_MAPPED","SOURCE_BLOCK_RECOVERY_UNAVAILABLE","NUMERICAL_INTEGRITY_SENSITIVE","RULE_CHECK_INPUTS_MISSING"],"entry":"captured","g_label":"E*2^36","member":"skew122","messages":["NUMERICAL_INTEGRITY_SENSITIVE: M03-INTEGRITY-v1 represented original-equation structural evidence for load case case: StructuralReport { policy: \"M03-INTEGRITY-v1\", quality: Sensitive, factorization: \"positive skyline LDL\", scale_exponents: [462, 462, 462, 486, 485, 485], pivots: [PivotEvidence { ordered_index: 0, global_dof: 9, "],"mode":"SparseInteractive","moment":67854234385715473,"status":"sensitive","t":-1040}
I9PROBE {"E":588222952832856998,"G":750352539418194854,"N1":[["result:disp:N1:ux",-6.063251752879753e-11,"mm"],["result:disp:N1:uy",3.031633584831843e-11,"mm"],["result:disp:N1:uz",-7.70839197444526e-17,"mm"],["result:disp:N1:rx",-0.022222165687474676,"rad"],["result:disp:N1:ry",-0.044444077110951274,"rad"],["result:disp:N1:rz",0.05555515995541621,"rad"]],"cases":[["passive_model_basis","sensitive","not_claimed"]],"codes":["LOAD_CATEGORY_PREVIEW_MAPPED","NUMERICAL_INTEGRITY_SENSITIVE","RULE_CHECK_INPUTS_MISSING"],"entry":"typed","g_label":"E*2^36","member":"skew122","messages":["NUMERICAL_INTEGRITY_SENSITIVE: M03-INTEGRITY-v1 represented original-equation structural evidence for load case case: StructuralReport { policy: \"M03-INTEGRITY-v1\", quality: Sensitive, factorization: \"positive skyline LDL\", scale_exponents: [462, 462, 462, 486, 485, 485], pivots: [PivotEvidence { ordered_index: 0, global_dof: 9, "],"mode":"SparseInteractive","moment":67854234385715473,"status":"sensitive","t":-1040}
I9PROBE {"E":588222952832856998,"G":750352539418194854,"N1":[["result:disp:N1:ux",-6.063321141554094e-11,"mm"],["result:disp:N1:uy",3.0316412960815823e-11,"mm"],["result:disp:N1:uz",1.9274695503009076e-16,"mm"],["result:disp:N1:rx",-0.022222024423410147,"rad"],["result:disp:N1:ry",-0.044444684629374565,"rad"],["result:disp:N1:rz",0.05555569684180723,"rad"]],"cases":[["passive_model_basis","sensitive","not_claimed"]],"codes":["LOAD_CATEGORY_PREVIEW_MAPPED","SOURCE_BLOCK_RECOVERY_UNAVAILABLE","NUMERICAL_INTEGRITY_SENSITIVE","RULE_CHECK_INPUTS_MISSING"],"entry":"captured","g_label":"E*2^36","member":"skew122","messages":["NUMERICAL_INTEGRITY_SENSITIVE: M03-INTEGRITY-v1 represented original-equation structural evidence for load case case: StructuralReport { policy: \"M03-INTEGRITY-v1\", quality: Sensitive, factorization: \"positive dense Cholesky\", scale_exponents: [462, 462, 462, 486, 485, 485], pivots: [PivotEvidence { ordered_index: 0, global_dof: "],"mode":"DenseScrutiny","moment":67854234385715473,"status":"sensitive","t":-1040}
I9PROBE {"E":588222952832856998,"G":750352539418194854,"N1":[["result:disp:N1:ux",-6.063321141554094e-11,"mm"],["result:disp:N1:uy",3.0316412960815823e-11,"mm"],["result:disp:N1:uz",1.9274695503009076e-16,"mm"],["result:disp:N1:rx",-0.022222024423410147,"rad"],["result:disp:N1:ry",-0.044444684629374565,"rad"],["result:disp:N1:rz",0.05555569684180723,"rad"]],"cases":[["passive_model_basis","sensitive","not_claimed"]],"codes":["LOAD_CATEGORY_PREVIEW_MAPPED","NUMERICAL_INTEGRITY_SENSITIVE","RULE_CHECK_INPUTS_MISSING"],"entry":"typed","g_label":"E*2^36","member":"skew122","messages":["NUMERICAL_INTEGRITY_SENSITIVE: M03-INTEGRITY-v1 represented original-equation structural evidence for load case case: StructuralReport { policy: \"M03-INTEGRITY-v1\", quality: Sensitive, factorization: \"positive dense Cholesky\", scale_exponents: [462, 462, 462, 486, 485, 485], pivots: [PivotEvidence { ordered_index: 0, global_dof: "],"mode":"DenseScrutiny","moment":67854234385715473,"status":"sensitive","t":-1040}
I9PROBE {"E":588222952832856998,"G":768366937927676838,"N1":[],"cases":[["numerically_unresolved","unresolved","unresolved"]],"codes":["LOAD_CATEGORY_PREVIEW_MAPPED","SOURCE_BLOCK_RECOVERY_UNAVAILABLE","NUMERICAL_INTEGRITY_UNRESOLVED"],"entry":"captured","g_label":"E*2^40","member":"axis","messages":["NUMERICAL_INTEGRITY_UNRESOLVED: Load case case: structural integrity: Range(\"arithmetic outside normal range\"); global_dof_map=[\"N0:UX\", \"N0:UY\", \"N0:UZ\", \"N0:RX\", \"N0:RY\", \"N0:RZ\", \"N1:UX\", \"N1:UY\", \"N1:UZ\", \"N1:RX\", \"N1:RY\", \"N1:RZ\"]; no structural rejection is bypassed by generic LU or output quantization"],"mode":"SparseInteractive","moment":67854234385715473,"status":"unresolved","t":-1040}
I9PROBE {"E":588222952832856998,"G":768366937927676838,"N1":[],"cases":[["numerically_unresolved","unresolved","unresolved"]],"codes":["LOAD_CATEGORY_PREVIEW_MAPPED","NUMERICAL_INTEGRITY_UNRESOLVED"],"entry":"typed","g_label":"E*2^40","member":"axis","messages":["NUMERICAL_INTEGRITY_UNRESOLVED: Load case case: structural integrity: Range(\"arithmetic outside normal range\"); global_dof_map=[\"N0:UX\", \"N0:UY\", \"N0:UZ\", \"N0:RX\", \"N0:RY\", \"N0:RZ\", \"N1:UX\", \"N1:UY\", \"N1:UZ\", \"N1:RX\", \"N1:RY\", \"N1:RZ\"]; no structural rejection is bypassed by generic LU or output quantization"],"mode":"SparseInteractive","moment":67854234385715473,"status":"unresolved","t":-1040}
I9PROBE {"E":588222952832856998,"G":768366937927676838,"N1":[],"cases":[["numerically_unresolved","unresolved","unresolved"]],"codes":["LOAD_CATEGORY_PREVIEW_MAPPED","SOURCE_BLOCK_RECOVERY_UNAVAILABLE","NUMERICAL_INTEGRITY_UNRESOLVED"],"entry":"captured","g_label":"E*2^40","member":"axis","messages":["NUMERICAL_INTEGRITY_UNRESOLVED: Load case case: structural integrity: Range(\"arithmetic outside normal range\"); global_dof_map=[\"N0:UX\", \"N0:UY\", \"N0:UZ\", \"N0:RX\", \"N0:RY\", \"N0:RZ\", \"N1:UX\", \"N1:UY\", \"N1:UZ\", \"N1:RX\", \"N1:RY\", \"N1:RZ\"]; no structural rejection is bypassed by generic LU or output quantization"],"mode":"DenseScrutiny","moment":67854234385715473,"status":"unresolved","t":-1040}
I9PROBE {"E":588222952832856998,"G":768366937927676838,"N1":[],"cases":[["numerically_unresolved","unresolved","unresolved"]],"codes":["LOAD_CATEGORY_PREVIEW_MAPPED","NUMERICAL_INTEGRITY_UNRESOLVED"],"entry":"typed","g_label":"E*2^40","member":"axis","messages":["NUMERICAL_INTEGRITY_UNRESOLVED: Load case case: structural integrity: Range(\"arithmetic outside normal range\"); global_dof_map=[\"N0:UX\", \"N0:UY\", \"N0:UZ\", \"N0:RX\", \"N0:RY\", \"N0:RZ\", \"N1:UX\", \"N1:UY\", \"N1:UZ\", \"N1:RX\", \"N1:RY\", \"N1:RZ\"]; no structural rejection is bypassed by generic LU or output quantization"],"mode":"DenseScrutiny","moment":67854234385715473,"status":"unresolved","t":-1040}
I9PROBE {"E":588222952832856998,"G":768366937927676838,"N1":[["result:disp:N1:ux",-5.250649634730518e-11,"mm"],["result:disp:N1:uy",5.2506496346922937e-11,"mm"],["result:disp:N1:uz",3.819696057516348e-22,"mm"],["result:disp:N1:rx",-0.0333312989517935,"rad"],["result:disp:N1:ry",-0.03333129895252111,"rad"],["result:disp:N1:rz",0.06666259790436009,"rad"]],"cases":[["passive_model_basis","sensitive","not_claimed"]],"codes":["LOAD_CATEGORY_PREVIEW_MAPPED","SOURCE_BLOCK_RECOVERY_UNAVAILABLE","NUMERICAL_INTEGRITY_SENSITIVE","RULE_CHECK_INPUTS_MISSING"],"entry":"captured","g_label":"E*2^40","member":"skew111","messages":["NUMERICAL_INTEGRITY_SENSITIVE: M03-INTEGRITY-v1 represented original-equation structural evidence for load case case: StructuralReport { policy: \"M03-INTEGRITY-v1\", quality: Sensitive, factorization: \"positive skyline LDL\", scale_exponents: [462, 462, 462, 483, 483, 483], pivots: [PivotEvidence { ordered_index: 0, global_dof: 9, "],"mode":"SparseInteractive","moment":67854234385715473,"status":"sensitive","t":-1040}
I9PROBE {"E":588222952832856998,"G":768366937927676838,"N1":[["result:disp:N1:ux",-5.250649634730518e-11,"mm"],["result:disp:N1:uy",5.2506496346922937e-11,"mm"],["result:disp:N1:uz",3.819696057516348e-22,"mm"],["result:disp:N1:rx",-0.0333312989517935,"rad"],["result:disp:N1:ry",-0.03333129895252111,"rad"],["result:disp:N1:rz",0.06666259790436009,"rad"]],"cases":[["passive_model_basis","sensitive","not_claimed"]],"codes":["LOAD_CATEGORY_PREVIEW_MAPPED","NUMERICAL_INTEGRITY_SENSITIVE","RULE_CHECK_INPUTS_MISSING"],"entry":"typed","g_label":"E*2^40","member":"skew111","messages":["NUMERICAL_INTEGRITY_SENSITIVE: M03-INTEGRITY-v1 represented original-equation structural evidence for load case case: StructuralReport { policy: \"M03-INTEGRITY-v1\", quality: Sensitive, factorization: \"positive skyline LDL\", scale_exponents: [462, 462, 462, 483, 483, 483], pivots: [PivotEvidence { ordered_index: 0, global_dof: 9, "],"mode":"SparseInteractive","moment":67854234385715473,"status":"sensitive","t":-1040}
I9PROBE {"E":588222952832856998,"G":768366937927676838,"N1":[["result:disp:N1:ux",-5.251130355842223e-11,"mm"],["result:disp:N1:uy",5.2509701187290845e-11,"mm"],["result:disp:N1:uz",1.602371131123847e-15,"mm"],["result:disp:N1:rx",-0.03333231620485056,"rad"],["result:disp:N1:ry",-0.033335367776461074,"rad"],["result:disp:N1:rz",0.06666768398135711,"rad"]],"cases":[["passive_model_basis","sensitive","not_claimed"]],"codes":["LOAD_CATEGORY_PREVIEW_MAPPED","SOURCE_BLOCK_RECOVERY_UNAVAILABLE","NUMERICAL_INTEGRITY_SENSITIVE","RULE_CHECK_INPUTS_MISSING"],"entry":"captured","g_label":"E*2^40","member":"skew111","messages":["NUMERICAL_INTEGRITY_SENSITIVE: M03-INTEGRITY-v1 represented original-equation structural evidence for load case case: StructuralReport { policy: \"M03-INTEGRITY-v1\", quality: Sensitive, factorization: \"positive dense Cholesky\", scale_exponents: [462, 462, 462, 483, 483, 483], pivots: [PivotEvidence { ordered_index: 0, global_dof: "],"mode":"DenseScrutiny","moment":67854234385715473,"status":"sensitive","t":-1040}
I9PROBE {"E":588222952832856998,"G":768366937927676838,"N1":[["result:disp:N1:ux",-5.251130355842223e-11,"mm"],["result:disp:N1:uy",5.2509701187290845e-11,"mm"],["result:disp:N1:uz",1.602371131123847e-15,"mm"],["result:disp:N1:rx",-0.03333231620485056,"rad"],["result:disp:N1:ry",-0.033335367776461074,"rad"],["result:disp:N1:rz",0.06666768398135711,"rad"]],"cases":[["passive_model_basis","sensitive","not_claimed"]],"codes":["LOAD_CATEGORY_PREVIEW_MAPPED","NUMERICAL_INTEGRITY_SENSITIVE","RULE_CHECK_INPUTS_MISSING"],"entry":"typed","g_label":"E*2^40","member":"skew111","messages":["NUMERICAL_INTEGRITY_SENSITIVE: M03-INTEGRITY-v1 represented original-equation structural evidence for load case case: StructuralReport { policy: \"M03-INTEGRITY-v1\", quality: Sensitive, factorization: \"positive dense Cholesky\", scale_exponents: [462, 462, 462, 483, 483, 483], pivots: [PivotEvidence { ordered_index: 0, global_dof: "],"mode":"DenseScrutiny","moment":67854234385715473,"status":"sensitive","t":-1040}
I9PROBE {"E":588222952832856998,"G":768366937927676838,"N1":[["result:disp:N1:ux",-6.062557953475594e-11,"mm"],["result:disp:N1:uy",3.031463991235533e-11,"mm"],["result:disp:N1:uz",-1.8501449776442677e-15,"mm"],["result:disp:N1:rx",-0.022222222220918617,"rad"],["result:disp:N1:ry",-0.0444383416740897,"rad"],["result:disp:N1:rz",0.055549452784594486,"rad"]],"cases":[["passive_model_basis","sensitive","not_claimed"]],"codes":["LOAD_CATEGORY_PREVIEW_MAPPED","SOURCE_BLOCK_RECOVERY_UNAVAILABLE","NUMERICAL_INTEGRITY_SENSITIVE","RULE_CHECK_INPUTS_MISSING"],"entry":"captured","g_label":"E*2^40","member":"skew122","messages":["NUMERICAL_INTEGRITY_SENSITIVE: M03-INTEGRITY-v1 represented original-equation structural evidence for load case case: StructuralReport { policy: \"M03-INTEGRITY-v1\", quality: Sensitive, factorization: \"positive skyline LDL\", scale_exponents: [462, 462, 462, 484, 483, 483], pivots: [PivotEvidence { ordered_index: 0, global_dof: 9, "],"mode":"SparseInteractive","moment":67854234385715473,"status":"sensitive","t":-1040}
I9PROBE {"E":588222952832856998,"G":768366937927676838,"N1":[["result:disp:N1:ux",-6.062557953475594e-11,"mm"],["result:disp:N1:uy",3.031463991235533e-11,"mm"],["result:disp:N1:uz",-1.8501449776442677e-15,"mm"],["result:disp:N1:rx",-0.022222222220918617,"rad"],["result:disp:N1:ry",-0.0444383416740897,"rad"],["result:disp:N1:rz",0.055549452784594486,"rad"]],"cases":[["passive_model_basis","sensitive","not_claimed"]],"codes":["LOAD_CATEGORY_PREVIEW_MAPPED","NUMERICAL_INTEGRITY_SENSITIVE","RULE_CHECK_INPUTS_MISSING"],"entry":"typed","g_label":"E*2^40","member":"skew122","messages":["NUMERICAL_INTEGRITY_SENSITIVE: M03-INTEGRITY-v1 represented original-equation structural evidence for load case case: StructuralReport { policy: \"M03-INTEGRITY-v1\", quality: Sensitive, factorization: \"positive skyline LDL\", scale_exponents: [462, 462, 462, 484, 483, 483], pivots: [PivotEvidence { ordered_index: 0, global_dof: 9, "],"mode":"SparseInteractive","moment":67854234385715473,"status":"sensitive","t":-1040}
I9PROBE {"E":588222952832856998,"G":768366937927676838,"N1":[["result:disp:N1:ux",-6.063791499494617e-11,"mm"],["result:disp:N1:uy",3.032080801972636e-11,"mm"],["result:disp:N1:uz",-1.8505222528942127e-15,"mm"],["result:disp:N1:rx",-0.02222674376798152,"rad"],["result:disp:N1:ry",-0.044447383523758946,"rad"],["result:disp:N1:rz",0.05556075540779518,"rad"]],"cases":[["passive_model_basis","sensitive","not_claimed"]],"codes":["LOAD_CATEGORY_PREVIEW_MAPPED","SOURCE_BLOCK_RECOVERY_UNAVAILABLE","NUMERICAL_INTEGRITY_SENSITIVE","RULE_CHECK_INPUTS_MISSING"],"entry":"captured","g_label":"E*2^40","member":"skew122","messages":["NUMERICAL_INTEGRITY_SENSITIVE: M03-INTEGRITY-v1 represented original-equation structural evidence for load case case: StructuralReport { policy: \"M03-INTEGRITY-v1\", quality: Sensitive, factorization: \"positive dense Cholesky\", scale_exponents: [462, 462, 462, 484, 483, 483], pivots: [PivotEvidence { ordered_index: 0, global_dof: "],"mode":"DenseScrutiny","moment":67854234385715473,"status":"sensitive","t":-1040}
I9PROBE {"E":588222952832856998,"G":768366937927676838,"N1":[["result:disp:N1:ux",-6.063791499494617e-11,"mm"],["result:disp:N1:uy",3.032080801972636e-11,"mm"],["result:disp:N1:uz",-1.8505222528942127e-15,"mm"],["result:disp:N1:rx",-0.02222674376798152,"rad"],["result:disp:N1:ry",-0.044447383523758946,"rad"],["result:disp:N1:rz",0.05556075540779518,"rad"]],"cases":[["passive_model_basis","sensitive","not_claimed"]],"codes":["LOAD_CATEGORY_PREVIEW_MAPPED","NUMERICAL_INTEGRITY_SENSITIVE","RULE_CHECK_INPUTS_MISSING"],"entry":"typed","g_label":"E*2^40","member":"skew122","messages":["NUMERICAL_INTEGRITY_SENSITIVE: M03-INTEGRITY-v1 represented original-equation structural evidence for load case case: StructuralReport { policy: \"M03-INTEGRITY-v1\", quality: Sensitive, factorization: \"positive dense Cholesky\", scale_exponents: [462, 462, 462, 484, 483, 483], pivots: [PivotEvidence { ordered_index: 0, global_dof: "],"mode":"DenseScrutiny","moment":67854234385715473,"status":"sensitive","t":-1040}
I9PROBE {"E":588222952832856998,"G":804395734946640806,"N1":[],"cases":[["numerically_unresolved","unresolved","unresolved"]],"codes":["LOAD_CATEGORY_PREVIEW_MAPPED","SOURCE_BLOCK_RECOVERY_UNAVAILABLE","NUMERICAL_INTEGRITY_UNRESOLVED"],"entry":"captured","g_label":"E*2^48","member":"axis","messages":["NUMERICAL_INTEGRITY_UNRESOLVED: Load case case: structural integrity: Range(\"arithmetic outside normal range\"); global_dof_map=[\"N0:UX\", \"N0:UY\", \"N0:UZ\", \"N0:RX\", \"N0:RY\", \"N0:RZ\", \"N1:UX\", \"N1:UY\", \"N1:UZ\", \"N1:RX\", \"N1:RY\", \"N1:RZ\"]; no structural rejection is bypassed by generic LU or output quantization"],"mode":"SparseInteractive","moment":67854234385715473,"status":"unresolved","t":-1040}
I9PROBE {"E":588222952832856998,"G":804395734946640806,"N1":[],"cases":[["numerically_unresolved","unresolved","unresolved"]],"codes":["LOAD_CATEGORY_PREVIEW_MAPPED","NUMERICAL_INTEGRITY_UNRESOLVED"],"entry":"typed","g_label":"E*2^48","member":"axis","messages":["NUMERICAL_INTEGRITY_UNRESOLVED: Load case case: structural integrity: Range(\"arithmetic outside normal range\"); global_dof_map=[\"N0:UX\", \"N0:UY\", \"N0:UZ\", \"N0:RX\", \"N0:RY\", \"N0:RZ\", \"N1:UX\", \"N1:UY\", \"N1:UZ\", \"N1:RX\", \"N1:RY\", \"N1:RZ\"]; no structural rejection is bypassed by generic LU or output quantization"],"mode":"SparseInteractive","moment":67854234385715473,"status":"unresolved","t":-1040}
I9PROBE {"E":588222952832856998,"G":804395734946640806,"N1":[],"cases":[["numerically_unresolved","unresolved","unresolved"]],"codes":["LOAD_CATEGORY_PREVIEW_MAPPED","SOURCE_BLOCK_RECOVERY_UNAVAILABLE","NUMERICAL_INTEGRITY_UNRESOLVED"],"entry":"captured","g_label":"E*2^48","member":"axis","messages":["NUMERICAL_INTEGRITY_UNRESOLVED: Load case case: structural integrity: Range(\"arithmetic outside normal range\"); global_dof_map=[\"N0:UX\", \"N0:UY\", \"N0:UZ\", \"N0:RX\", \"N0:RY\", \"N0:RZ\", \"N1:UX\", \"N1:UY\", \"N1:UZ\", \"N1:RX\", \"N1:RY\", \"N1:RZ\"]; no structural rejection is bypassed by generic LU or output quantization"],"mode":"DenseScrutiny","moment":67854234385715473,"status":"unresolved","t":-1040}
I9PROBE {"E":588222952832856998,"G":804395734946640806,"N1":[],"cases":[["numerically_unresolved","unresolved","unresolved"]],"codes":["LOAD_CATEGORY_PREVIEW_MAPPED","NUMERICAL_INTEGRITY_UNRESOLVED"],"entry":"typed","g_label":"E*2^48","member":"axis","messages":["NUMERICAL_INTEGRITY_UNRESOLVED: Load case case: structural integrity: Range(\"arithmetic outside normal range\"); global_dof_map=[\"N0:UX\", \"N0:UY\", \"N0:UZ\", \"N0:RX\", \"N0:RY\", \"N0:RZ\", \"N1:UX\", \"N1:UY\", \"N1:UZ\", \"N1:RX\", \"N1:RY\", \"N1:RZ\"]; no structural rejection is bypassed by generic LU or output quantization"],"mode":"DenseScrutiny","moment":67854234385715473,"status":"unresolved","t":-1040}
I9PROBE {"E":588222952832856998,"G":804395734946640806,"N1":[],"cases":[["numerically_unresolved","unresolved","unresolved"]],"codes":["LOAD_CATEGORY_PREVIEW_MAPPED","SOURCE_BLOCK_RECOVERY_UNAVAILABLE","NUMERICAL_INTEGRITY_UNRESOLVED"],"entry":"captured","g_label":"E*2^48","member":"skew111","messages":["NUMERICAL_INTEGRITY_UNRESOLVED: Load case case: structural integrity: NumericallyUnresolved { reason: \"nonpositive or cancellation-unresolved structural pivot\", global_dof: Some(11) }; global_dof_map=[\"N0:UX\", \"N0:UY\", \"N0:UZ\", \"N0:RX\", \"N0:RY\", \"N0:RZ\", \"N1:UX\", \"N1:UY\", \"N1:UZ\", \"N1:RX\", \"N1:RY\", \"N1:RZ\"]; no structural rejectio"],"mode":"SparseInteractive","moment":67854234385715473,"status":"unresolved","t":-1040}
I9PROBE {"E":588222952832856998,"G":804395734946640806,"N1":[],"cases":[["numerically_unresolved","unresolved","unresolved"]],"codes":["LOAD_CATEGORY_PREVIEW_MAPPED","NUMERICAL_INTEGRITY_UNRESOLVED"],"entry":"typed","g_label":"E*2^48","member":"skew111","messages":["NUMERICAL_INTEGRITY_UNRESOLVED: Load case case: structural integrity: NumericallyUnresolved { reason: \"nonpositive or cancellation-unresolved structural pivot\", global_dof: Some(11) }; global_dof_map=[\"N0:UX\", \"N0:UY\", \"N0:UZ\", \"N0:RX\", \"N0:RY\", \"N0:RZ\", \"N1:UX\", \"N1:UY\", \"N1:UZ\", \"N1:RX\", \"N1:RY\", \"N1:RZ\"]; no structural rejectio"],"mode":"SparseInteractive","moment":67854234385715473,"status":"unresolved","t":-1040}
I9PROBE {"E":588222952832856998,"G":804395734946640806,"N1":[],"cases":[["numerically_unresolved","unresolved","unresolved"]],"codes":["LOAD_CATEGORY_PREVIEW_MAPPED","SOURCE_BLOCK_RECOVERY_UNAVAILABLE","NUMERICAL_INTEGRITY_UNRESOLVED"],"entry":"captured","g_label":"E*2^48","member":"skew111","messages":["NUMERICAL_INTEGRITY_UNRESOLVED: Load case case: structural integrity: NumericallyUnresolved { reason: \"nonpositive or cancellation-unresolved structural pivot\", global_dof: Some(10) }; global_dof_map=[\"N0:UX\", \"N0:UY\", \"N0:UZ\", \"N0:RX\", \"N0:RY\", \"N0:RZ\", \"N1:UX\", \"N1:UY\", \"N1:UZ\", \"N1:RX\", \"N1:RY\", \"N1:RZ\"]; no structural rejectio"],"mode":"DenseScrutiny","moment":67854234385715473,"status":"unresolved","t":-1040}
I9PROBE {"E":588222952832856998,"G":804395734946640806,"N1":[],"cases":[["numerically_unresolved","unresolved","unresolved"]],"codes":["LOAD_CATEGORY_PREVIEW_MAPPED","NUMERICAL_INTEGRITY_UNRESOLVED"],"entry":"typed","g_label":"E*2^48","member":"skew111","messages":["NUMERICAL_INTEGRITY_UNRESOLVED: Load case case: structural integrity: NumericallyUnresolved { reason: \"nonpositive or cancellation-unresolved structural pivot\", global_dof: Some(10) }; global_dof_map=[\"N0:UX\", \"N0:UY\", \"N0:UZ\", \"N0:RX\", \"N0:RY\", \"N0:RZ\", \"N1:UX\", \"N1:UY\", \"N1:UZ\", \"N1:RX\", \"N1:RY\", \"N1:RZ\"]; no structural rejectio"],"mode":"DenseScrutiny","moment":67854234385715473,"status":"unresolved","t":-1040}
I9PROBE {"E":588222952832856998,"G":804395734946640806,"N1":[],"cases":[["numerically_unresolved","unresolved","unresolved"]],"codes":["LOAD_CATEGORY_PREVIEW_MAPPED","SOURCE_BLOCK_RECOVERY_UNAVAILABLE","NUMERICAL_INTEGRITY_UNRESOLVED"],"entry":"captured","g_label":"E*2^48","member":"skew122","messages":["NUMERICAL_INTEGRITY_UNRESOLVED: Load case case: structural integrity: NumericallyUnresolved { reason: \"nonpositive or cancellation-unresolved structural pivot\", global_dof: Some(10) }; global_dof_map=[\"N0:UX\", \"N0:UY\", \"N0:UZ\", \"N0:RX\", \"N0:RY\", \"N0:RZ\", \"N1:UX\", \"N1:UY\", \"N1:UZ\", \"N1:RX\", \"N1:RY\", \"N1:RZ\"]; no structural rejectio"],"mode":"SparseInteractive","moment":67854234385715473,"status":"unresolved","t":-1040}
I9PROBE {"E":588222952832856998,"G":804395734946640806,"N1":[],"cases":[["numerically_unresolved","unresolved","unresolved"]],"codes":["LOAD_CATEGORY_PREVIEW_MAPPED","NUMERICAL_INTEGRITY_UNRESOLVED"],"entry":"typed","g_label":"E*2^48","member":"skew122","messages":["NUMERICAL_INTEGRITY_UNRESOLVED: Load case case: structural integrity: NumericallyUnresolved { reason: \"nonpositive or cancellation-unresolved structural pivot\", global_dof: Some(10) }; global_dof_map=[\"N0:UX\", \"N0:UY\", \"N0:UZ\", \"N0:RX\", \"N0:RY\", \"N0:RZ\", \"N1:UX\", \"N1:UY\", \"N1:UZ\", \"N1:RX\", \"N1:RY\", \"N1:RZ\"]; no structural rejectio"],"mode":"SparseInteractive","moment":67854234385715473,"status":"unresolved","t":-1040}
I9PROBE {"E":588222952832856998,"G":804395734946640806,"N1":[],"cases":[["numerically_unresolved","unresolved","unresolved"]],"codes":["LOAD_CATEGORY_PREVIEW_MAPPED","SOURCE_BLOCK_RECOVERY_UNAVAILABLE","NUMERICAL_INTEGRITY_UNRESOLVED"],"entry":"captured","g_label":"E*2^48","member":"skew122","messages":["NUMERICAL_INTEGRITY_UNRESOLVED: Load case case: structural integrity: NumericallyUnresolved { reason: \"nonpositive or cancellation-unresolved structural pivot\", global_dof: Some(10) }; global_dof_map=[\"N0:UX\", \"N0:UY\", \"N0:UZ\", \"N0:RX\", \"N0:RY\", \"N0:RZ\", \"N1:UX\", \"N1:UY\", \"N1:UZ\", \"N1:RX\", \"N1:RY\", \"N1:RZ\"]; no structural rejectio"],"mode":"DenseScrutiny","moment":67854234385715473,"status":"unresolved","t":-1040}
I9PROBE {"E":588222952832856998,"G":804395734946640806,"N1":[],"cases":[["numerically_unresolved","unresolved","unresolved"]],"codes":["LOAD_CATEGORY_PREVIEW_MAPPED","NUMERICAL_INTEGRITY_UNRESOLVED"],"entry":"typed","g_label":"E*2^48","member":"skew122","messages":["NUMERICAL_INTEGRITY_UNRESOLVED: Load case case: structural integrity: NumericallyUnresolved { reason: \"nonpositive or cancellation-unresolved structural pivot\", global_dof: Some(10) }; global_dof_map=[\"N0:UX\", \"N0:UY\", \"N0:UZ\", \"N0:RX\", \"N0:RY\", \"N0:RZ\", \"N1:UX\", \"N1:UY\", \"N1:UZ\", \"N1:RX\", \"N1:RY\", \"N1:RZ\"]; no structural rejectio"],"mode":"DenseScrutiny","moment":67854234385715473,"status":"unresolved","t":-1040}
I9PROBE {"E":588222952832856998,"G":840424531965604774,"N1":[],"cases":[["numerically_unresolved","unresolved","unresolved"]],"codes":["LOAD_CATEGORY_PREVIEW_MAPPED","SOURCE_BLOCK_RECOVERY_UNAVAILABLE","NUMERICAL_INTEGRITY_UNRESOLVED"],"entry":"captured","g_label":"E*2^56","member":"axis","messages":["NUMERICAL_INTEGRITY_UNRESOLVED: Load case case: structural integrity: Range(\"arithmetic outside normal range\"); global_dof_map=[\"N0:UX\", \"N0:UY\", \"N0:UZ\", \"N0:RX\", \"N0:RY\", \"N0:RZ\", \"N1:UX\", \"N1:UY\", \"N1:UZ\", \"N1:RX\", \"N1:RY\", \"N1:RZ\"]; no structural rejection is bypassed by generic LU or output quantization"],"mode":"SparseInteractive","moment":67854234385715473,"status":"unresolved","t":-1040}
I9PROBE {"E":588222952832856998,"G":840424531965604774,"N1":[],"cases":[["numerically_unresolved","unresolved","unresolved"]],"codes":["LOAD_CATEGORY_PREVIEW_MAPPED","NUMERICAL_INTEGRITY_UNRESOLVED"],"entry":"typed","g_label":"E*2^56","member":"axis","messages":["NUMERICAL_INTEGRITY_UNRESOLVED: Load case case: structural integrity: Range(\"arithmetic outside normal range\"); global_dof_map=[\"N0:UX\", \"N0:UY\", \"N0:UZ\", \"N0:RX\", \"N0:RY\", \"N0:RZ\", \"N1:UX\", \"N1:UY\", \"N1:UZ\", \"N1:RX\", \"N1:RY\", \"N1:RZ\"]; no structural rejection is bypassed by generic LU or output quantization"],"mode":"SparseInteractive","moment":67854234385715473,"status":"unresolved","t":-1040}
I9PROBE {"E":588222952832856998,"G":840424531965604774,"N1":[],"cases":[["numerically_unresolved","unresolved","unresolved"]],"codes":["LOAD_CATEGORY_PREVIEW_MAPPED","SOURCE_BLOCK_RECOVERY_UNAVAILABLE","NUMERICAL_INTEGRITY_UNRESOLVED"],"entry":"captured","g_label":"E*2^56","member":"axis","messages":["NUMERICAL_INTEGRITY_UNRESOLVED: Load case case: structural integrity: Range(\"arithmetic outside normal range\"); global_dof_map=[\"N0:UX\", \"N0:UY\", \"N0:UZ\", \"N0:RX\", \"N0:RY\", \"N0:RZ\", \"N1:UX\", \"N1:UY\", \"N1:UZ\", \"N1:RX\", \"N1:RY\", \"N1:RZ\"]; no structural rejection is bypassed by generic LU or output quantization"],"mode":"DenseScrutiny","moment":67854234385715473,"status":"unresolved","t":-1040}
I9PROBE {"E":588222952832856998,"G":840424531965604774,"N1":[],"cases":[["numerically_unresolved","unresolved","unresolved"]],"codes":["LOAD_CATEGORY_PREVIEW_MAPPED","NUMERICAL_INTEGRITY_UNRESOLVED"],"entry":"typed","g_label":"E*2^56","member":"axis","messages":["NUMERICAL_INTEGRITY_UNRESOLVED: Load case case: structural integrity: Range(\"arithmetic outside normal range\"); global_dof_map=[\"N0:UX\", \"N0:UY\", \"N0:UZ\", \"N0:RX\", \"N0:RY\", \"N0:RZ\", \"N1:UX\", \"N1:UY\", \"N1:UZ\", \"N1:RX\", \"N1:RY\", \"N1:RZ\"]; no structural rejection is bypassed by generic LU or output quantization"],"mode":"DenseScrutiny","moment":67854234385715473,"status":"unresolved","t":-1040}
I9PROBE {"E":588222952832856998,"G":840424531965604774,"N1":[],"cases":[["numerically_unresolved","unresolved","unresolved"]],"codes":["LOAD_CATEGORY_PREVIEW_MAPPED","SOURCE_BLOCK_RECOVERY_UNAVAILABLE","NUMERICAL_INTEGRITY_UNRESOLVED"],"entry":"captured","g_label":"E*2^56","member":"skew111","messages":["NUMERICAL_INTEGRITY_UNRESOLVED: Load case case: structural integrity: NumericallyUnresolved { reason: \"nonpositive or cancellation-unresolved structural pivot\", global_dof: Some(11) }; global_dof_map=[\"N0:UX\", \"N0:UY\", \"N0:UZ\", \"N0:RX\", \"N0:RY\", \"N0:RZ\", \"N1:UX\", \"N1:UY\", \"N1:UZ\", \"N1:RX\", \"N1:RY\", \"N1:RZ\"]; no structural rejectio"],"mode":"SparseInteractive","moment":67854234385715473,"status":"unresolved","t":-1040}
I9PROBE {"E":588222952832856998,"G":840424531965604774,"N1":[],"cases":[["numerically_unresolved","unresolved","unresolved"]],"codes":["LOAD_CATEGORY_PREVIEW_MAPPED","NUMERICAL_INTEGRITY_UNRESOLVED"],"entry":"typed","g_label":"E*2^56","member":"skew111","messages":["NUMERICAL_INTEGRITY_UNRESOLVED: Load case case: structural integrity: NumericallyUnresolved { reason: \"nonpositive or cancellation-unresolved structural pivot\", global_dof: Some(11) }; global_dof_map=[\"N0:UX\", \"N0:UY\", \"N0:UZ\", \"N0:RX\", \"N0:RY\", \"N0:RZ\", \"N1:UX\", \"N1:UY\", \"N1:UZ\", \"N1:RX\", \"N1:RY\", \"N1:RZ\"]; no structural rejectio"],"mode":"SparseInteractive","moment":67854234385715473,"status":"unresolved","t":-1040}
I9PROBE {"E":588222952832856998,"G":840424531965604774,"N1":[],"cases":[["numerically_unresolved","unresolved","unresolved"]],"codes":["LOAD_CATEGORY_PREVIEW_MAPPED","SOURCE_BLOCK_RECOVERY_UNAVAILABLE","NUMERICAL_INTEGRITY_UNRESOLVED"],"entry":"captured","g_label":"E*2^56","member":"skew111","messages":["NUMERICAL_INTEGRITY_UNRESOLVED: Load case case: structural integrity: NumericallyUnresolved { reason: \"nonpositive or cancellation-unresolved structural pivot\", global_dof: Some(10) }; global_dof_map=[\"N0:UX\", \"N0:UY\", \"N0:UZ\", \"N0:RX\", \"N0:RY\", \"N0:RZ\", \"N1:UX\", \"N1:UY\", \"N1:UZ\", \"N1:RX\", \"N1:RY\", \"N1:RZ\"]; no structural rejectio"],"mode":"DenseScrutiny","moment":67854234385715473,"status":"unresolved","t":-1040}
I9PROBE {"E":588222952832856998,"G":840424531965604774,"N1":[],"cases":[["numerically_unresolved","unresolved","unresolved"]],"codes":["LOAD_CATEGORY_PREVIEW_MAPPED","NUMERICAL_INTEGRITY_UNRESOLVED"],"entry":"typed","g_label":"E*2^56","member":"skew111","messages":["NUMERICAL_INTEGRITY_UNRESOLVED: Load case case: structural integrity: NumericallyUnresolved { reason: \"nonpositive or cancellation-unresolved structural pivot\", global_dof: Some(10) }; global_dof_map=[\"N0:UX\", \"N0:UY\", \"N0:UZ\", \"N0:RX\", \"N0:RY\", \"N0:RZ\", \"N1:UX\", \"N1:UY\", \"N1:UZ\", \"N1:RX\", \"N1:RY\", \"N1:RZ\"]; no structural rejectio"],"mode":"DenseScrutiny","moment":67854234385715473,"status":"unresolved","t":-1040}
I9PROBE {"E":588222952832856998,"G":840424531965604774,"N1":[],"cases":[["numerically_unresolved","unresolved","unresolved"]],"codes":["LOAD_CATEGORY_PREVIEW_MAPPED","SOURCE_BLOCK_RECOVERY_UNAVAILABLE","NUMERICAL_INTEGRITY_UNRESOLVED"],"entry":"captured","g_label":"E*2^56","member":"skew122","messages":["NUMERICAL_INTEGRITY_UNRESOLVED: Load case case: structural integrity: NumericallyUnresolved { reason: \"nonpositive or cancellation-unresolved structural pivot\", global_dof: Some(11) }; global_dof_map=[\"N0:UX\", \"N0:UY\", \"N0:UZ\", \"N0:RX\", \"N0:RY\", \"N0:RZ\", \"N1:UX\", \"N1:UY\", \"N1:UZ\", \"N1:RX\", \"N1:RY\", \"N1:RZ\"]; no structural rejectio"],"mode":"SparseInteractive","moment":67854234385715473,"status":"unresolved","t":-1040}
I9PROBE {"E":588222952832856998,"G":840424531965604774,"N1":[],"cases":[["numerically_unresolved","unresolved","unresolved"]],"codes":["LOAD_CATEGORY_PREVIEW_MAPPED","NUMERICAL_INTEGRITY_UNRESOLVED"],"entry":"typed","g_label":"E*2^56","member":"skew122","messages":["NUMERICAL_INTEGRITY_UNRESOLVED: Load case case: structural integrity: NumericallyUnresolved { reason: \"nonpositive or cancellation-unresolved structural pivot\", global_dof: Some(11) }; global_dof_map=[\"N0:UX\", \"N0:UY\", \"N0:UZ\", \"N0:RX\", \"N0:RY\", \"N0:RZ\", \"N1:UX\", \"N1:UY\", \"N1:UZ\", \"N1:RX\", \"N1:RY\", \"N1:RZ\"]; no structural rejectio"],"mode":"SparseInteractive","moment":67854234385715473,"status":"unresolved","t":-1040}
I9PROBE {"E":588222952832856998,"G":840424531965604774,"N1":[],"cases":[["numerically_unresolved","unresolved","unresolved"]],"codes":["LOAD_CATEGORY_PREVIEW_MAPPED","SOURCE_BLOCK_RECOVERY_UNAVAILABLE","NUMERICAL_INTEGRITY_UNRESOLVED"],"entry":"captured","g_label":"E*2^56","member":"skew122","messages":["NUMERICAL_INTEGRITY_UNRESOLVED: Load case case: structural integrity: NumericallyUnresolved { reason: \"nonpositive or cancellation-unresolved structural pivot\", global_dof: Some(10) }; global_dof_map=[\"N0:UX\", \"N0:UY\", \"N0:UZ\", \"N0:RX\", \"N0:RY\", \"N0:RZ\", \"N1:UX\", \"N1:UY\", \"N1:UZ\", \"N1:RX\", \"N1:RY\", \"N1:RZ\"]; no structural rejectio"],"mode":"DenseScrutiny","moment":67854234385715473,"status":"unresolved","t":-1040}
I9PROBE {"E":588222952832856998,"G":840424531965604774,"N1":[],"cases":[["numerically_unresolved","unresolved","unresolved"]],"codes":["LOAD_CATEGORY_PREVIEW_MAPPED","NUMERICAL_INTEGRITY_UNRESOLVED"],"entry":"typed","g_label":"E*2^56","member":"skew122","messages":["NUMERICAL_INTEGRITY_UNRESOLVED: Load case case: structural integrity: NumericallyUnresolved { reason: \"nonpositive or cancellation-unresolved structural pivot\", global_dof: Some(10) }; global_dof_map=[\"N0:UX\", \"N0:UY\", \"N0:UZ\", \"N0:RX\", \"N0:RY\", \"N0:RZ\", \"N1:UX\", \"N1:UY\", \"N1:UZ\", \"N1:RX\", \"N1:RY\", \"N1:RZ\"]; no structural rejectio"],"mode":"DenseScrutiny","moment":67854234385715473,"status":"unresolved","t":-1040}
I9PROBE {"E":588222952832856998,"G":876453328984568742,"N1":[],"cases":[["numerically_unresolved","unresolved","unresolved"]],"codes":["LOAD_CATEGORY_PREVIEW_MAPPED","SOURCE_BLOCK_RECOVERY_UNAVAILABLE","NUMERICAL_INTEGRITY_UNRESOLVED"],"entry":"captured","g_label":"E*2^64","member":"axis","messages":["NUMERICAL_INTEGRITY_UNRESOLVED: Load case case: structural integrity: Range(\"arithmetic outside normal range\"); global_dof_map=[\"N0:UX\", \"N0:UY\", \"N0:UZ\", \"N0:RX\", \"N0:RY\", \"N0:RZ\", \"N1:UX\", \"N1:UY\", \"N1:UZ\", \"N1:RX\", \"N1:RY\", \"N1:RZ\"]; no structural rejection is bypassed by generic LU or output quantization"],"mode":"SparseInteractive","moment":67854234385715473,"status":"unresolved","t":-1040}
I9PROBE {"E":588222952832856998,"G":876453328984568742,"N1":[],"cases":[["numerically_unresolved","unresolved","unresolved"]],"codes":["LOAD_CATEGORY_PREVIEW_MAPPED","NUMERICAL_INTEGRITY_UNRESOLVED"],"entry":"typed","g_label":"E*2^64","member":"axis","messages":["NUMERICAL_INTEGRITY_UNRESOLVED: Load case case: structural integrity: Range(\"arithmetic outside normal range\"); global_dof_map=[\"N0:UX\", \"N0:UY\", \"N0:UZ\", \"N0:RX\", \"N0:RY\", \"N0:RZ\", \"N1:UX\", \"N1:UY\", \"N1:UZ\", \"N1:RX\", \"N1:RY\", \"N1:RZ\"]; no structural rejection is bypassed by generic LU or output quantization"],"mode":"SparseInteractive","moment":67854234385715473,"status":"unresolved","t":-1040}
I9PROBE {"E":588222952832856998,"G":876453328984568742,"N1":[],"cases":[["numerically_unresolved","unresolved","unresolved"]],"codes":["LOAD_CATEGORY_PREVIEW_MAPPED","SOURCE_BLOCK_RECOVERY_UNAVAILABLE","NUMERICAL_INTEGRITY_UNRESOLVED"],"entry":"captured","g_label":"E*2^64","member":"axis","messages":["NUMERICAL_INTEGRITY_UNRESOLVED: Load case case: structural integrity: Range(\"arithmetic outside normal range\"); global_dof_map=[\"N0:UX\", \"N0:UY\", \"N0:UZ\", \"N0:RX\", \"N0:RY\", \"N0:RZ\", \"N1:UX\", \"N1:UY\", \"N1:UZ\", \"N1:RX\", \"N1:RY\", \"N1:RZ\"]; no structural rejection is bypassed by generic LU or output quantization"],"mode":"DenseScrutiny","moment":67854234385715473,"status":"unresolved","t":-1040}
I9PROBE {"E":588222952832856998,"G":876453328984568742,"N1":[],"cases":[["numerically_unresolved","unresolved","unresolved"]],"codes":["LOAD_CATEGORY_PREVIEW_MAPPED","NUMERICAL_INTEGRITY_UNRESOLVED"],"entry":"typed","g_label":"E*2^64","member":"axis","messages":["NUMERICAL_INTEGRITY_UNRESOLVED: Load case case: structural integrity: Range(\"arithmetic outside normal range\"); global_dof_map=[\"N0:UX\", \"N0:UY\", \"N0:UZ\", \"N0:RX\", \"N0:RY\", \"N0:RZ\", \"N1:UX\", \"N1:UY\", \"N1:UZ\", \"N1:RX\", \"N1:RY\", \"N1:RZ\"]; no structural rejection is bypassed by generic LU or output quantization"],"mode":"DenseScrutiny","moment":67854234385715473,"status":"unresolved","t":-1040}
I9PROBE {"E":588222952832856998,"G":876453328984568742,"N1":[],"cases":[["numerically_unresolved","unresolved","unresolved"]],"codes":["LOAD_CATEGORY_PREVIEW_MAPPED","SOURCE_BLOCK_RECOVERY_UNAVAILABLE","NUMERICAL_INTEGRITY_UNRESOLVED"],"entry":"captured","g_label":"E*2^64","member":"skew111","messages":["NUMERICAL_INTEGRITY_UNRESOLVED: Load case case: structural integrity: NumericallyUnresolved { reason: \"nonpositive or cancellation-unresolved structural pivot\", global_dof: Some(11) }; global_dof_map=[\"N0:UX\", \"N0:UY\", \"N0:UZ\", \"N0:RX\", \"N0:RY\", \"N0:RZ\", \"N1:UX\", \"N1:UY\", \"N1:UZ\", \"N1:RX\", \"N1:RY\", \"N1:RZ\"]; no structural rejectio"],"mode":"SparseInteractive","moment":67854234385715473,"status":"unresolved","t":-1040}
I9PROBE {"E":588222952832856998,"G":876453328984568742,"N1":[],"cases":[["numerically_unresolved","unresolved","unresolved"]],"codes":["LOAD_CATEGORY_PREVIEW_MAPPED","NUMERICAL_INTEGRITY_UNRESOLVED"],"entry":"typed","g_label":"E*2^64","member":"skew111","messages":["NUMERICAL_INTEGRITY_UNRESOLVED: Load case case: structural integrity: NumericallyUnresolved { reason: \"nonpositive or cancellation-unresolved structural pivot\", global_dof: Some(11) }; global_dof_map=[\"N0:UX\", \"N0:UY\", \"N0:UZ\", \"N0:RX\", \"N0:RY\", \"N0:RZ\", \"N1:UX\", \"N1:UY\", \"N1:UZ\", \"N1:RX\", \"N1:RY\", \"N1:RZ\"]; no structural rejectio"],"mode":"SparseInteractive","moment":67854234385715473,"status":"unresolved","t":-1040}
I9PROBE {"E":588222952832856998,"G":876453328984568742,"N1":[],"cases":[["numerically_unresolved","unresolved","unresolved"]],"codes":["LOAD_CATEGORY_PREVIEW_MAPPED","SOURCE_BLOCK_RECOVERY_UNAVAILABLE","NUMERICAL_INTEGRITY_UNRESOLVED"],"entry":"captured","g_label":"E*2^64","member":"skew111","messages":["NUMERICAL_INTEGRITY_UNRESOLVED: Load case case: structural integrity: NumericallyUnresolved { reason: \"nonpositive or cancellation-unresolved structural pivot\", global_dof: Some(10) }; global_dof_map=[\"N0:UX\", \"N0:UY\", \"N0:UZ\", \"N0:RX\", \"N0:RY\", \"N0:RZ\", \"N1:UX\", \"N1:UY\", \"N1:UZ\", \"N1:RX\", \"N1:RY\", \"N1:RZ\"]; no structural rejectio"],"mode":"DenseScrutiny","moment":67854234385715473,"status":"unresolved","t":-1040}
I9PROBE {"E":588222952832856998,"G":876453328984568742,"N1":[],"cases":[["numerically_unresolved","unresolved","unresolved"]],"codes":["LOAD_CATEGORY_PREVIEW_MAPPED","NUMERICAL_INTEGRITY_UNRESOLVED"],"entry":"typed","g_label":"E*2^64","member":"skew111","messages":["NUMERICAL_INTEGRITY_UNRESOLVED: Load case case: structural integrity: NumericallyUnresolved { reason: \"nonpositive or cancellation-unresolved structural pivot\", global_dof: Some(10) }; global_dof_map=[\"N0:UX\", \"N0:UY\", \"N0:UZ\", \"N0:RX\", \"N0:RY\", \"N0:RZ\", \"N1:UX\", \"N1:UY\", \"N1:UZ\", \"N1:RX\", \"N1:RY\", \"N1:RZ\"]; no structural rejectio"],"mode":"DenseScrutiny","moment":67854234385715473,"status":"unresolved","t":-1040}
I9PROBE {"E":588222952832856998,"G":876453328984568742,"N1":[],"cases":[["numerically_unresolved","unresolved","unresolved"]],"codes":["LOAD_CATEGORY_PREVIEW_MAPPED","SOURCE_BLOCK_RECOVERY_UNAVAILABLE","NUMERICAL_INTEGRITY_UNRESOLVED"],"entry":"captured","g_label":"E*2^64","member":"skew122","messages":["NUMERICAL_INTEGRITY_UNRESOLVED: Load case case: structural integrity: NumericallyUnresolved { reason: \"nonpositive or cancellation-unresolved structural pivot\", global_dof: Some(11) }; global_dof_map=[\"N0:UX\", \"N0:UY\", \"N0:UZ\", \"N0:RX\", \"N0:RY\", \"N0:RZ\", \"N1:UX\", \"N1:UY\", \"N1:UZ\", \"N1:RX\", \"N1:RY\", \"N1:RZ\"]; no structural rejectio"],"mode":"SparseInteractive","moment":67854234385715473,"status":"unresolved","t":-1040}
I9PROBE {"E":588222952832856998,"G":876453328984568742,"N1":[],"cases":[["numerically_unresolved","unresolved","unresolved"]],"codes":["LOAD_CATEGORY_PREVIEW_MAPPED","NUMERICAL_INTEGRITY_UNRESOLVED"],"entry":"typed","g_label":"E*2^64","member":"skew122","messages":["NUMERICAL_INTEGRITY_UNRESOLVED: Load case case: structural integrity: NumericallyUnresolved { reason: \"nonpositive or cancellation-unresolved structural pivot\", global_dof: Some(11) }; global_dof_map=[\"N0:UX\", \"N0:UY\", \"N0:UZ\", \"N0:RX\", \"N0:RY\", \"N0:RZ\", \"N1:UX\", \"N1:UY\", \"N1:UZ\", \"N1:RX\", \"N1:RY\", \"N1:RZ\"]; no structural rejectio"],"mode":"SparseInteractive","moment":67854234385715473,"status":"unresolved","t":-1040}
I9PROBE {"E":588222952832856998,"G":876453328984568742,"N1":[],"cases":[["numerically_unresolved","unresolved","unresolved"]],"codes":["LOAD_CATEGORY_PREVIEW_MAPPED","SOURCE_BLOCK_RECOVERY_UNAVAILABLE","NUMERICAL_INTEGRITY_UNRESOLVED"],"entry":"captured","g_label":"E*2^64","member":"skew122","messages":["NUMERICAL_INTEGRITY_UNRESOLVED: Load case case: structural integrity: NumericallyUnresolved { reason: \"nonpositive or cancellation-unresolved structural pivot\", global_dof: Some(10) }; global_dof_map=[\"N0:UX\", \"N0:UY\", \"N0:UZ\", \"N0:RX\", \"N0:RY\", \"N0:RZ\", \"N1:UX\", \"N1:UY\", \"N1:UZ\", \"N1:RX\", \"N1:RY\", \"N1:RZ\"]; no structural rejectio"],"mode":"DenseScrutiny","moment":67854234385715473,"status":"unresolved","t":-1040}
I9PROBE {"E":588222952832856998,"G":876453328984568742,"N1":[],"cases":[["numerically_unresolved","unresolved","unresolved"]],"codes":["LOAD_CATEGORY_PREVIEW_MAPPED","NUMERICAL_INTEGRITY_UNRESOLVED"],"entry":"typed","g_label":"E*2^64","member":"skew122","messages":["NUMERICAL_INTEGRITY_UNRESOLVED: Load case case: structural integrity: NumericallyUnresolved { reason: \"nonpositive or cancellation-unresolved structural pivot\", global_dof: Some(10) }; global_dof_map=[\"N0:UX\", \"N0:UY\", \"N0:UZ\", \"N0:RX\", \"N0:RY\", \"N0:RZ\", \"N1:UX\", \"N1:UY\", \"N1:UZ\", \"N1:RX\", \"N1:RY\", \"N1:RZ\"]; no structural rejectio"],"mode":"DenseScrutiny","moment":67854234385715473,"status":"unresolved","t":-1040}
I9PROBE {"E":588222952832856998,"G":3110860544497550640,"N1":[],"cases":[["numerically_unresolved","unresolved","unresolved"]],"codes":["LOAD_CATEGORY_PREVIEW_MAPPED","SOURCE_BLOCK_RECOVERY_UNAVAILABLE","NUMERICAL_INTEGRITY_UNRESOLVED"],"entry":"captured","g_label":"1e-100","member":"axis","messages":["NUMERICAL_INTEGRITY_UNRESOLVED: Load case case: structural integrity: Range(\"arithmetic outside normal range\"); global_dof_map=[\"N0:UX\", \"N0:UY\", \"N0:UZ\", \"N0:RX\", \"N0:RY\", \"N0:RZ\", \"N1:UX\", \"N1:UY\", \"N1:UZ\", \"N1:RX\", \"N1:RY\", \"N1:RZ\"]; no structural rejection is bypassed by generic LU or output quantization"],"mode":"SparseInteractive","moment":67854234385715473,"status":"unresolved","t":-1040}
I9PROBE {"E":588222952832856998,"G":3110860544497550640,"N1":[],"cases":[["numerically_unresolved","unresolved","unresolved"]],"codes":["LOAD_CATEGORY_PREVIEW_MAPPED","NUMERICAL_INTEGRITY_UNRESOLVED"],"entry":"typed","g_label":"1e-100","member":"axis","messages":["NUMERICAL_INTEGRITY_UNRESOLVED: Load case case: structural integrity: Range(\"arithmetic outside normal range\"); global_dof_map=[\"N0:UX\", \"N0:UY\", \"N0:UZ\", \"N0:RX\", \"N0:RY\", \"N0:RZ\", \"N1:UX\", \"N1:UY\", \"N1:UZ\", \"N1:RX\", \"N1:RY\", \"N1:RZ\"]; no structural rejection is bypassed by generic LU or output quantization"],"mode":"SparseInteractive","moment":67854234385715473,"status":"unresolved","t":-1040}
I9PROBE {"E":588222952832856998,"G":3110860544497550640,"N1":[],"cases":[["numerically_unresolved","unresolved","unresolved"]],"codes":["LOAD_CATEGORY_PREVIEW_MAPPED","SOURCE_BLOCK_RECOVERY_UNAVAILABLE","NUMERICAL_INTEGRITY_UNRESOLVED"],"entry":"captured","g_label":"1e-100","member":"axis","messages":["NUMERICAL_INTEGRITY_UNRESOLVED: Load case case: structural integrity: Range(\"arithmetic outside normal range\"); global_dof_map=[\"N0:UX\", \"N0:UY\", \"N0:UZ\", \"N0:RX\", \"N0:RY\", \"N0:RZ\", \"N1:UX\", \"N1:UY\", \"N1:UZ\", \"N1:RX\", \"N1:RY\", \"N1:RZ\"]; no structural rejection is bypassed by generic LU or output quantization"],"mode":"DenseScrutiny","moment":67854234385715473,"status":"unresolved","t":-1040}
I9PROBE {"E":588222952832856998,"G":3110860544497550640,"N1":[],"cases":[["numerically_unresolved","unresolved","unresolved"]],"codes":["LOAD_CATEGORY_PREVIEW_MAPPED","NUMERICAL_INTEGRITY_UNRESOLVED"],"entry":"typed","g_label":"1e-100","member":"axis","messages":["NUMERICAL_INTEGRITY_UNRESOLVED: Load case case: structural integrity: Range(\"arithmetic outside normal range\"); global_dof_map=[\"N0:UX\", \"N0:UY\", \"N0:UZ\", \"N0:RX\", \"N0:RY\", \"N0:RZ\", \"N1:UX\", \"N1:UY\", \"N1:UZ\", \"N1:RX\", \"N1:RY\", \"N1:RZ\"]; no structural rejection is bypassed by generic LU or output quantization"],"mode":"DenseScrutiny","moment":67854234385715473,"status":"unresolved","t":-1040}
I9PROBE {"E":588222952832856998,"G":3110860544497550640,"N1":[],"cases":[["numerically_unresolved","unresolved","unresolved"]],"codes":["LOAD_CATEGORY_PREVIEW_MAPPED","SOURCE_BLOCK_RECOVERY_UNAVAILABLE","NUMERICAL_INTEGRITY_UNRESOLVED"],"entry":"captured","g_label":"1e-100","member":"skew111","messages":["NUMERICAL_INTEGRITY_UNRESOLVED: Load case case: structural integrity: NumericallyUnresolved { reason: \"nonpositive or cancellation-unresolved structural pivot\", global_dof: Some(11) }; global_dof_map=[\"N0:UX\", \"N0:UY\", \"N0:UZ\", \"N0:RX\", \"N0:RY\", \"N0:RZ\", \"N1:UX\", \"N1:UY\", \"N1:UZ\", \"N1:RX\", \"N1:RY\", \"N1:RZ\"]; no structural rejectio"],"mode":"SparseInteractive","moment":67854234385715473,"status":"unresolved","t":-1040}
I9PROBE {"E":588222952832856998,"G":3110860544497550640,"N1":[],"cases":[["numerically_unresolved","unresolved","unresolved"]],"codes":["LOAD_CATEGORY_PREVIEW_MAPPED","NUMERICAL_INTEGRITY_UNRESOLVED"],"entry":"typed","g_label":"1e-100","member":"skew111","messages":["NUMERICAL_INTEGRITY_UNRESOLVED: Load case case: structural integrity: NumericallyUnresolved { reason: \"nonpositive or cancellation-unresolved structural pivot\", global_dof: Some(11) }; global_dof_map=[\"N0:UX\", \"N0:UY\", \"N0:UZ\", \"N0:RX\", \"N0:RY\", \"N0:RZ\", \"N1:UX\", \"N1:UY\", \"N1:UZ\", \"N1:RX\", \"N1:RY\", \"N1:RZ\"]; no structural rejectio"],"mode":"SparseInteractive","moment":67854234385715473,"status":"unresolved","t":-1040}
I9PROBE {"E":588222952832856998,"G":3110860544497550640,"N1":[],"cases":[["numerically_unresolved","unresolved","unresolved"]],"codes":["LOAD_CATEGORY_PREVIEW_MAPPED","SOURCE_BLOCK_RECOVERY_UNAVAILABLE","NUMERICAL_INTEGRITY_UNRESOLVED"],"entry":"captured","g_label":"1e-100","member":"skew111","messages":["NUMERICAL_INTEGRITY_UNRESOLVED: Load case case: structural integrity: NumericallyUnresolved { reason: \"nonpositive or cancellation-unresolved structural pivot\", global_dof: Some(10) }; global_dof_map=[\"N0:UX\", \"N0:UY\", \"N0:UZ\", \"N0:RX\", \"N0:RY\", \"N0:RZ\", \"N1:UX\", \"N1:UY\", \"N1:UZ\", \"N1:RX\", \"N1:RY\", \"N1:RZ\"]; no structural rejectio"],"mode":"DenseScrutiny","moment":67854234385715473,"status":"unresolved","t":-1040}
I9PROBE {"E":588222952832856998,"G":3110860544497550640,"N1":[],"cases":[["numerically_unresolved","unresolved","unresolved"]],"codes":["LOAD_CATEGORY_PREVIEW_MAPPED","NUMERICAL_INTEGRITY_UNRESOLVED"],"entry":"typed","g_label":"1e-100","member":"skew111","messages":["NUMERICAL_INTEGRITY_UNRESOLVED: Load case case: structural integrity: NumericallyUnresolved { reason: \"nonpositive or cancellation-unresolved structural pivot\", global_dof: Some(10) }; global_dof_map=[\"N0:UX\", \"N0:UY\", \"N0:UZ\", \"N0:RX\", \"N0:RY\", \"N0:RZ\", \"N1:UX\", \"N1:UY\", \"N1:UZ\", \"N1:RX\", \"N1:RY\", \"N1:RZ\"]; no structural rejectio"],"mode":"DenseScrutiny","moment":67854234385715473,"status":"unresolved","t":-1040}
I9PROBE {"E":588222952832856998,"G":3110860544497550640,"N1":[],"cases":[["numerically_unresolved","unresolved","unresolved"]],"codes":["LOAD_CATEGORY_PREVIEW_MAPPED","SOURCE_BLOCK_RECOVERY_UNAVAILABLE","NUMERICAL_INTEGRITY_UNRESOLVED"],"entry":"captured","g_label":"1e-100","member":"skew122","messages":["NUMERICAL_INTEGRITY_UNRESOLVED: Load case case: structural integrity: NumericallyUnresolved { reason: \"nonpositive or cancellation-unresolved structural pivot\", global_dof: Some(11) }; global_dof_map=[\"N0:UX\", \"N0:UY\", \"N0:UZ\", \"N0:RX\", \"N0:RY\", \"N0:RZ\", \"N1:UX\", \"N1:UY\", \"N1:UZ\", \"N1:RX\", \"N1:RY\", \"N1:RZ\"]; no structural rejectio"],"mode":"SparseInteractive","moment":67854234385715473,"status":"unresolved","t":-1040}
I9PROBE {"E":588222952832856998,"G":3110860544497550640,"N1":[],"cases":[["numerically_unresolved","unresolved","unresolved"]],"codes":["LOAD_CATEGORY_PREVIEW_MAPPED","NUMERICAL_INTEGRITY_UNRESOLVED"],"entry":"typed","g_label":"1e-100","member":"skew122","messages":["NUMERICAL_INTEGRITY_UNRESOLVED: Load case case: structural integrity: NumericallyUnresolved { reason: \"nonpositive or cancellation-unresolved structural pivot\", global_dof: Some(11) }; global_dof_map=[\"N0:UX\", \"N0:UY\", \"N0:UZ\", \"N0:RX\", \"N0:RY\", \"N0:RZ\", \"N1:UX\", \"N1:UY\", \"N1:UZ\", \"N1:RX\", \"N1:RY\", \"N1:RZ\"]; no structural rejectio"],"mode":"SparseInteractive","moment":67854234385715473,"status":"unresolved","t":-1040}
I9PROBE {"E":588222952832856998,"G":3110860544497550640,"N1":[],"cases":[["numerically_unresolved","unresolved","unresolved"]],"codes":["LOAD_CATEGORY_PREVIEW_MAPPED","SOURCE_BLOCK_RECOVERY_UNAVAILABLE","NUMERICAL_INTEGRITY_UNRESOLVED"],"entry":"captured","g_label":"1e-100","member":"skew122","messages":["NUMERICAL_INTEGRITY_UNRESOLVED: Load case case: structural integrity: NumericallyUnresolved { reason: \"nonpositive or cancellation-unresolved structural pivot\", global_dof: Some(10) }; global_dof_map=[\"N0:UX\", \"N0:UY\", \"N0:UZ\", \"N0:RX\", \"N0:RY\", \"N0:RZ\", \"N1:UX\", \"N1:UY\", \"N1:UZ\", \"N1:RX\", \"N1:RY\", \"N1:RZ\"]; no structural rejectio"],"mode":"DenseScrutiny","moment":67854234385715473,"status":"unresolved","t":-1040}
I9PROBE {"E":588222952832856998,"G":3110860544497550640,"N1":[],"cases":[["numerically_unresolved","unresolved","unresolved"]],"codes":["LOAD_CATEGORY_PREVIEW_MAPPED","NUMERICAL_INTEGRITY_UNRESOLVED"],"entry":"typed","g_label":"1e-100","member":"skew122","messages":["NUMERICAL_INTEGRITY_UNRESOLVED: Load case case: structural integrity: NumericallyUnresolved { reason: \"nonpositive or cancellation-unresolved structural pivot\", global_dof: Some(10) }; global_dof_map=[\"N0:UX\", \"N0:UY\", \"N0:UZ\", \"N0:RX\", \"N0:RY\", \"N0:RZ\", \"N1:UX\", \"N1:UY\", \"N1:UZ\", \"N1:RX\", \"N1:RY\", \"N1:RZ\"]; no structural rejectio"],"mode":"DenseScrutiny","moment":67854234385715473,"status":"unresolved","t":-1040}
I9PROBE {"E":565704954696004518,"G":559526293322004096,"N1":[],"cases":[["numerically_unresolved","unresolved","unresolved"]],"codes":["LOAD_CATEGORY_PREVIEW_MAPPED","SOURCE_BLOCK_RECOVERY_UNAVAILABLE","NUMERICAL_INTEGRITY_UNRESOLVED"],"entry":"captured","g_label":"E/2.6","member":"axis","messages":["NUMERICAL_INTEGRITY_UNRESOLVED: Load case case: structural integrity: Range(\"arithmetic outside normal range\"); global_dof_map=[\"N0:UX\", \"N0:UY\", \"N0:UZ\", \"N0:RX\", \"N0:RY\", \"N0:RZ\", \"N1:UX\", \"N1:UY\", \"N1:UZ\", \"N1:RX\", \"N1:RY\", \"N1:RZ\"]; no structural rejection is bypassed by generic LU or output quantization"],"mode":"SparseInteractive","moment":45336236248862993,"status":"unresolved","t":-1045}
I9PROBE {"E":565704954696004518,"G":559526293322004096,"N1":[],"cases":[["numerically_unresolved","unresolved","unresolved"]],"codes":["LOAD_CATEGORY_PREVIEW_MAPPED","NUMERICAL_INTEGRITY_UNRESOLVED"],"entry":"typed","g_label":"E/2.6","member":"axis","messages":["NUMERICAL_INTEGRITY_UNRESOLVED: Load case case: structural integrity: Range(\"arithmetic outside normal range\"); global_dof_map=[\"N0:UX\", \"N0:UY\", \"N0:UZ\", \"N0:RX\", \"N0:RY\", \"N0:RZ\", \"N1:UX\", \"N1:UY\", \"N1:UZ\", \"N1:RX\", \"N1:RY\", \"N1:RZ\"]; no structural rejection is bypassed by generic LU or output quantization"],"mode":"SparseInteractive","moment":45336236248862993,"status":"unresolved","t":-1045}
I9PROBE {"E":565704954696004518,"G":559526293322004096,"N1":[],"cases":[["numerically_unresolved","unresolved","unresolved"]],"codes":["LOAD_CATEGORY_PREVIEW_MAPPED","SOURCE_BLOCK_RECOVERY_UNAVAILABLE","NUMERICAL_INTEGRITY_UNRESOLVED"],"entry":"captured","g_label":"E/2.6","member":"axis","messages":["NUMERICAL_INTEGRITY_UNRESOLVED: Load case case: structural integrity: Range(\"arithmetic outside normal range\"); global_dof_map=[\"N0:UX\", \"N0:UY\", \"N0:UZ\", \"N0:RX\", \"N0:RY\", \"N0:RZ\", \"N1:UX\", \"N1:UY\", \"N1:UZ\", \"N1:RX\", \"N1:RY\", \"N1:RZ\"]; no structural rejection is bypassed by generic LU or output quantization"],"mode":"DenseScrutiny","moment":45336236248862993,"status":"unresolved","t":-1045}
I9PROBE {"E":565704954696004518,"G":559526293322004096,"N1":[],"cases":[["numerically_unresolved","unresolved","unresolved"]],"codes":["LOAD_CATEGORY_PREVIEW_MAPPED","NUMERICAL_INTEGRITY_UNRESOLVED"],"entry":"typed","g_label":"E/2.6","member":"axis","messages":["NUMERICAL_INTEGRITY_UNRESOLVED: Load case case: structural integrity: Range(\"arithmetic outside normal range\"); global_dof_map=[\"N0:UX\", \"N0:UY\", \"N0:UZ\", \"N0:RX\", \"N0:RY\", \"N0:RZ\", \"N1:UX\", \"N1:UY\", \"N1:UZ\", \"N1:RX\", \"N1:RY\", \"N1:RZ\"]; no structural rejection is bypassed by generic LU or output quantization"],"mode":"DenseScrutiny","moment":45336236248862993,"status":"unresolved","t":-1045}
I9PROBE {"E":565704954696004518,"G":559526293322004096,"N1":[],"cases":[["numerically_unresolved","unresolved","unresolved"]],"codes":["LOAD_CATEGORY_PREVIEW_MAPPED","SOURCE_BLOCK_RECOVERY_UNAVAILABLE","NUMERICAL_INTEGRITY_UNRESOLVED"],"entry":"captured","g_label":"E/2.6","member":"skew111","messages":["NUMERICAL_INTEGRITY_UNRESOLVED: Load case case: structural integrity: Range(\"arithmetic outside normal range\"); global_dof_map=[\"N0:UX\", \"N0:UY\", \"N0:UZ\", \"N0:RX\", \"N0:RY\", \"N0:RZ\", \"N1:UX\", \"N1:UY\", \"N1:UZ\", \"N1:RX\", \"N1:RY\", \"N1:RZ\"]; no structural rejection is bypassed by generic LU or output quantization"],"mode":"SparseInteractive","moment":45336236248862993,"status":"unresolved","t":-1045}
I9PROBE {"E":565704954696004518,"G":559526293322004096,"N1":[],"cases":[["numerically_unresolved","unresolved","unresolved"]],"codes":["LOAD_CATEGORY_PREVIEW_MAPPED","NUMERICAL_INTEGRITY_UNRESOLVED"],"entry":"typed","g_label":"E/2.6","member":"skew111","messages":["NUMERICAL_INTEGRITY_UNRESOLVED: Load case case: structural integrity: Range(\"arithmetic outside normal range\"); global_dof_map=[\"N0:UX\", \"N0:UY\", \"N0:UZ\", \"N0:RX\", \"N0:RY\", \"N0:RZ\", \"N1:UX\", \"N1:UY\", \"N1:UZ\", \"N1:RX\", \"N1:RY\", \"N1:RZ\"]; no structural rejection is bypassed by generic LU or output quantization"],"mode":"SparseInteractive","moment":45336236248862993,"status":"unresolved","t":-1045}
I9PROBE {"E":565704954696004518,"G":559526293322004096,"N1":[],"cases":[["numerically_unresolved","unresolved","unresolved"]],"codes":["LOAD_CATEGORY_PREVIEW_MAPPED","SOURCE_BLOCK_RECOVERY_UNAVAILABLE","NUMERICAL_INTEGRITY_UNRESOLVED"],"entry":"captured","g_label":"E/2.6","member":"skew111","messages":["NUMERICAL_INTEGRITY_UNRESOLVED: Load case case: structural integrity: Range(\"arithmetic outside normal range\"); global_dof_map=[\"N0:UX\", \"N0:UY\", \"N0:UZ\", \"N0:RX\", \"N0:RY\", \"N0:RZ\", \"N1:UX\", \"N1:UY\", \"N1:UZ\", \"N1:RX\", \"N1:RY\", \"N1:RZ\"]; no structural rejection is bypassed by generic LU or output quantization"],"mode":"DenseScrutiny","moment":45336236248862993,"status":"unresolved","t":-1045}
I9PROBE {"E":565704954696004518,"G":559526293322004096,"N1":[],"cases":[["numerically_unresolved","unresolved","unresolved"]],"codes":["LOAD_CATEGORY_PREVIEW_MAPPED","NUMERICAL_INTEGRITY_UNRESOLVED"],"entry":"typed","g_label":"E/2.6","member":"skew111","messages":["NUMERICAL_INTEGRITY_UNRESOLVED: Load case case: structural integrity: Range(\"arithmetic outside normal range\"); global_dof_map=[\"N0:UX\", \"N0:UY\", \"N0:UZ\", \"N0:RX\", \"N0:RY\", \"N0:RZ\", \"N1:UX\", \"N1:UY\", \"N1:UZ\", \"N1:RX\", \"N1:RY\", \"N1:RZ\"]; no structural rejection is bypassed by generic LU or output quantization"],"mode":"DenseScrutiny","moment":45336236248862993,"status":"unresolved","t":-1045}
I9PROBE {"E":565704954696004518,"G":559526293322004096,"N1":[],"cases":[["numerically_unresolved","unresolved","unresolved"]],"codes":["LOAD_CATEGORY_PREVIEW_MAPPED","SOURCE_BLOCK_RECOVERY_UNAVAILABLE","NUMERICAL_INTEGRITY_UNRESOLVED"],"entry":"captured","g_label":"E/2.6","member":"skew122","messages":["NUMERICAL_INTEGRITY_UNRESOLVED: Load case case: structural integrity: Range(\"arithmetic outside normal range\"); global_dof_map=[\"N0:UX\", \"N0:UY\", \"N0:UZ\", \"N0:RX\", \"N0:RY\", \"N0:RZ\", \"N1:UX\", \"N1:UY\", \"N1:UZ\", \"N1:RX\", \"N1:RY\", \"N1:RZ\"]; no structural rejection is bypassed by generic LU or output quantization"],"mode":"SparseInteractive","moment":45336236248862993,"status":"unresolved","t":-1045}
I9PROBE {"E":565704954696004518,"G":559526293322004096,"N1":[],"cases":[["numerically_unresolved","unresolved","unresolved"]],"codes":["LOAD_CATEGORY_PREVIEW_MAPPED","NUMERICAL_INTEGRITY_UNRESOLVED"],"entry":"typed","g_label":"E/2.6","member":"skew122","messages":["NUMERICAL_INTEGRITY_UNRESOLVED: Load case case: structural integrity: Range(\"arithmetic outside normal range\"); global_dof_map=[\"N0:UX\", \"N0:UY\", \"N0:UZ\", \"N0:RX\", \"N0:RY\", \"N0:RZ\", \"N1:UX\", \"N1:UY\", \"N1:UZ\", \"N1:RX\", \"N1:RY\", \"N1:RZ\"]; no structural rejection is bypassed by generic LU or output quantization"],"mode":"SparseInteractive","moment":45336236248862993,"status":"unresolved","t":-1045}
I9PROBE {"E":565704954696004518,"G":559526293322004096,"N1":[],"cases":[["numerically_unresolved","unresolved","unresolved"]],"codes":["LOAD_CATEGORY_PREVIEW_MAPPED","SOURCE_BLOCK_RECOVERY_UNAVAILABLE","NUMERICAL_INTEGRITY_UNRESOLVED"],"entry":"captured","g_label":"E/2.6","member":"skew122","messages":["NUMERICAL_INTEGRITY_UNRESOLVED: Load case case: structural integrity: Range(\"arithmetic outside normal range\"); global_dof_map=[\"N0:UX\", \"N0:UY\", \"N0:UZ\", \"N0:RX\", \"N0:RY\", \"N0:RZ\", \"N1:UX\", \"N1:UY\", \"N1:UZ\", \"N1:RX\", \"N1:RY\", \"N1:RZ\"]; no structural rejection is bypassed by generic LU or output quantization"],"mode":"DenseScrutiny","moment":45336236248862993,"status":"unresolved","t":-1045}
I9PROBE {"E":565704954696004518,"G":559526293322004096,"N1":[],"cases":[["numerically_unresolved","unresolved","unresolved"]],"codes":["LOAD_CATEGORY_PREVIEW_MAPPED","NUMERICAL_INTEGRITY_UNRESOLVED"],"entry":"typed","g_label":"E/2.6","member":"skew122","messages":["NUMERICAL_INTEGRITY_UNRESOLVED: Load case case: structural integrity: Range(\"arithmetic outside normal range\"); global_dof_map=[\"N0:UX\", \"N0:UY\", \"N0:UZ\", \"N0:RX\", \"N0:RY\", \"N0:RZ\", \"N1:UX\", \"N1:UY\", \"N1:UZ\", \"N1:RX\", \"N1:RY\", \"N1:RZ\"]; no structural rejection is bypassed by generic LU or output quantization"],"mode":"DenseScrutiny","moment":45336236248862993,"status":"unresolved","t":-1045}
I9PROBE {"E":565704954696004518,"G":655776947243414438,"N1":[],"cases":[["numerically_unresolved","unresolved","unresolved"]],"codes":["LOAD_CATEGORY_PREVIEW_MAPPED","SOURCE_BLOCK_RECOVERY_UNAVAILABLE","NUMERICAL_INTEGRITY_UNRESOLVED"],"entry":"captured","g_label":"E*2^20","member":"axis","messages":["NUMERICAL_INTEGRITY_UNRESOLVED: Load case case: structural integrity: Range(\"arithmetic outside normal range\"); global_dof_map=[\"N0:UX\", \"N0:UY\", \"N0:UZ\", \"N0:RX\", \"N0:RY\", \"N0:RZ\", \"N1:UX\", \"N1:UY\", \"N1:UZ\", \"N1:RX\", \"N1:RY\", \"N1:RZ\"]; no structural rejection is bypassed by generic LU or output quantization"],"mode":"SparseInteractive","moment":45336236248862993,"status":"unresolved","t":-1045}
I9PROBE {"E":565704954696004518,"G":655776947243414438,"N1":[],"cases":[["numerically_unresolved","unresolved","unresolved"]],"codes":["LOAD_CATEGORY_PREVIEW_MAPPED","NUMERICAL_INTEGRITY_UNRESOLVED"],"entry":"typed","g_label":"E*2^20","member":"axis","messages":["NUMERICAL_INTEGRITY_UNRESOLVED: Load case case: structural integrity: Range(\"arithmetic outside normal range\"); global_dof_map=[\"N0:UX\", \"N0:UY\", \"N0:UZ\", \"N0:RX\", \"N0:RY\", \"N0:RZ\", \"N1:UX\", \"N1:UY\", \"N1:UZ\", \"N1:RX\", \"N1:RY\", \"N1:RZ\"]; no structural rejection is bypassed by generic LU or output quantization"],"mode":"SparseInteractive","moment":45336236248862993,"status":"unresolved","t":-1045}
I9PROBE {"E":565704954696004518,"G":655776947243414438,"N1":[],"cases":[["numerically_unresolved","unresolved","unresolved"]],"codes":["LOAD_CATEGORY_PREVIEW_MAPPED","SOURCE_BLOCK_RECOVERY_UNAVAILABLE","NUMERICAL_INTEGRITY_UNRESOLVED"],"entry":"captured","g_label":"E*2^20","member":"axis","messages":["NUMERICAL_INTEGRITY_UNRESOLVED: Load case case: structural integrity: Range(\"arithmetic outside normal range\"); global_dof_map=[\"N0:UX\", \"N0:UY\", \"N0:UZ\", \"N0:RX\", \"N0:RY\", \"N0:RZ\", \"N1:UX\", \"N1:UY\", \"N1:UZ\", \"N1:RX\", \"N1:RY\", \"N1:RZ\"]; no structural rejection is bypassed by generic LU or output quantization"],"mode":"DenseScrutiny","moment":45336236248862993,"status":"unresolved","t":-1045}
I9PROBE {"E":565704954696004518,"G":655776947243414438,"N1":[],"cases":[["numerically_unresolved","unresolved","unresolved"]],"codes":["LOAD_CATEGORY_PREVIEW_MAPPED","NUMERICAL_INTEGRITY_UNRESOLVED"],"entry":"typed","g_label":"E*2^20","member":"axis","messages":["NUMERICAL_INTEGRITY_UNRESOLVED: Load case case: structural integrity: Range(\"arithmetic outside normal range\"); global_dof_map=[\"N0:UX\", \"N0:UY\", \"N0:UZ\", \"N0:RX\", \"N0:RY\", \"N0:RZ\", \"N1:UX\", \"N1:UY\", \"N1:UZ\", \"N1:RX\", \"N1:RY\", \"N1:RZ\"]; no structural rejection is bypassed by generic LU or output quantization"],"mode":"DenseScrutiny","moment":45336236248862993,"status":"unresolved","t":-1045}
I9PROBE {"E":565704954696004518,"G":655776947243414438,"N1":[],"cases":[["numerically_unresolved","unresolved","unresolved"]],"codes":["LOAD_CATEGORY_PREVIEW_MAPPED","SOURCE_BLOCK_RECOVERY_UNAVAILABLE","NUMERICAL_INTEGRITY_UNRESOLVED"],"entry":"captured","g_label":"E*2^20","member":"skew111","messages":["NUMERICAL_INTEGRITY_UNRESOLVED: Load case case: structural integrity: Range(\"arithmetic outside normal range\"); global_dof_map=[\"N0:UX\", \"N0:UY\", \"N0:UZ\", \"N0:RX\", \"N0:RY\", \"N0:RZ\", \"N1:UX\", \"N1:UY\", \"N1:UZ\", \"N1:RX\", \"N1:RY\", \"N1:RZ\"]; no structural rejection is bypassed by generic LU or output quantization"],"mode":"SparseInteractive","moment":45336236248862993,"status":"unresolved","t":-1045}
I9PROBE {"E":565704954696004518,"G":655776947243414438,"N1":[],"cases":[["numerically_unresolved","unresolved","unresolved"]],"codes":["LOAD_CATEGORY_PREVIEW_MAPPED","NUMERICAL_INTEGRITY_UNRESOLVED"],"entry":"typed","g_label":"E*2^20","member":"skew111","messages":["NUMERICAL_INTEGRITY_UNRESOLVED: Load case case: structural integrity: Range(\"arithmetic outside normal range\"); global_dof_map=[\"N0:UX\", \"N0:UY\", \"N0:UZ\", \"N0:RX\", \"N0:RY\", \"N0:RZ\", \"N1:UX\", \"N1:UY\", \"N1:UZ\", \"N1:RX\", \"N1:RY\", \"N1:RZ\"]; no structural rejection is bypassed by generic LU or output quantization"],"mode":"SparseInteractive","moment":45336236248862993,"status":"unresolved","t":-1045}
I9PROBE {"E":565704954696004518,"G":655776947243414438,"N1":[],"cases":[["numerically_unresolved","unresolved","unresolved"]],"codes":["LOAD_CATEGORY_PREVIEW_MAPPED","SOURCE_BLOCK_RECOVERY_UNAVAILABLE","NUMERICAL_INTEGRITY_UNRESOLVED"],"entry":"captured","g_label":"E*2^20","member":"skew111","messages":["NUMERICAL_INTEGRITY_UNRESOLVED: Load case case: structural integrity: Range(\"arithmetic outside normal range\"); global_dof_map=[\"N0:UX\", \"N0:UY\", \"N0:UZ\", \"N0:RX\", \"N0:RY\", \"N0:RZ\", \"N1:UX\", \"N1:UY\", \"N1:UZ\", \"N1:RX\", \"N1:RY\", \"N1:RZ\"]; no structural rejection is bypassed by generic LU or output quantization"],"mode":"DenseScrutiny","moment":45336236248862993,"status":"unresolved","t":-1045}
I9PROBE {"E":565704954696004518,"G":655776947243414438,"N1":[],"cases":[["numerically_unresolved","unresolved","unresolved"]],"codes":["LOAD_CATEGORY_PREVIEW_MAPPED","NUMERICAL_INTEGRITY_UNRESOLVED"],"entry":"typed","g_label":"E*2^20","member":"skew111","messages":["NUMERICAL_INTEGRITY_UNRESOLVED: Load case case: structural integrity: Range(\"arithmetic outside normal range\"); global_dof_map=[\"N0:UX\", \"N0:UY\", \"N0:UZ\", \"N0:RX\", \"N0:RY\", \"N0:RZ\", \"N1:UX\", \"N1:UY\", \"N1:UZ\", \"N1:RX\", \"N1:RY\", \"N1:RZ\"]; no structural rejection is bypassed by generic LU or output quantization"],"mode":"DenseScrutiny","moment":45336236248862993,"status":"unresolved","t":-1045}
I9PROBE {"E":565704954696004518,"G":655776947243414438,"N1":[],"cases":[["numerically_unresolved","unresolved","unresolved"]],"codes":["LOAD_CATEGORY_PREVIEW_MAPPED","SOURCE_BLOCK_RECOVERY_UNAVAILABLE","NUMERICAL_INTEGRITY_UNRESOLVED"],"entry":"captured","g_label":"E*2^20","member":"skew122","messages":["NUMERICAL_INTEGRITY_UNRESOLVED: Load case case: structural integrity: Range(\"arithmetic outside normal range\"); global_dof_map=[\"N0:UX\", \"N0:UY\", \"N0:UZ\", \"N0:RX\", \"N0:RY\", \"N0:RZ\", \"N1:UX\", \"N1:UY\", \"N1:UZ\", \"N1:RX\", \"N1:RY\", \"N1:RZ\"]; no structural rejection is bypassed by generic LU or output quantization"],"mode":"SparseInteractive","moment":45336236248862993,"status":"unresolved","t":-1045}
I9PROBE {"E":565704954696004518,"G":655776947243414438,"N1":[],"cases":[["numerically_unresolved","unresolved","unresolved"]],"codes":["LOAD_CATEGORY_PREVIEW_MAPPED","NUMERICAL_INTEGRITY_UNRESOLVED"],"entry":"typed","g_label":"E*2^20","member":"skew122","messages":["NUMERICAL_INTEGRITY_UNRESOLVED: Load case case: structural integrity: Range(\"arithmetic outside normal range\"); global_dof_map=[\"N0:UX\", \"N0:UY\", \"N0:UZ\", \"N0:RX\", \"N0:RY\", \"N0:RZ\", \"N1:UX\", \"N1:UY\", \"N1:UZ\", \"N1:RX\", \"N1:RY\", \"N1:RZ\"]; no structural rejection is bypassed by generic LU or output quantization"],"mode":"SparseInteractive","moment":45336236248862993,"status":"unresolved","t":-1045}
I9PROBE {"E":565704954696004518,"G":655776947243414438,"N1":[],"cases":[["numerically_unresolved","unresolved","unresolved"]],"codes":["LOAD_CATEGORY_PREVIEW_MAPPED","SOURCE_BLOCK_RECOVERY_UNAVAILABLE","NUMERICAL_INTEGRITY_UNRESOLVED"],"entry":"captured","g_label":"E*2^20","member":"skew122","messages":["NUMERICAL_INTEGRITY_UNRESOLVED: Load case case: structural integrity: Range(\"arithmetic outside normal range\"); global_dof_map=[\"N0:UX\", \"N0:UY\", \"N0:UZ\", \"N0:RX\", \"N0:RY\", \"N0:RZ\", \"N1:UX\", \"N1:UY\", \"N1:UZ\", \"N1:RX\", \"N1:RY\", \"N1:RZ\"]; no structural rejection is bypassed by generic LU or output quantization"],"mode":"DenseScrutiny","moment":45336236248862993,"status":"unresolved","t":-1045}
I9PROBE {"E":565704954696004518,"G":655776947243414438,"N1":[],"cases":[["numerically_unresolved","unresolved","unresolved"]],"codes":["LOAD_CATEGORY_PREVIEW_MAPPED","NUMERICAL_INTEGRITY_UNRESOLVED"],"entry":"typed","g_label":"E*2^20","member":"skew122","messages":["NUMERICAL_INTEGRITY_UNRESOLVED: Load case case: structural integrity: Range(\"arithmetic outside normal range\"); global_dof_map=[\"N0:UX\", \"N0:UY\", \"N0:UZ\", \"N0:RX\", \"N0:RY\", \"N0:RZ\", \"N1:UX\", \"N1:UY\", \"N1:UZ\", \"N1:RX\", \"N1:RY\", \"N1:RZ\"]; no structural rejection is bypassed by generic LU or output quantization"],"mode":"DenseScrutiny","moment":45336236248862993,"status":"unresolved","t":-1045}
I9PROBE {"E":565704954696004518,"G":700812943517119398,"N1":[],"cases":[["numerically_unresolved","unresolved","unresolved"]],"codes":["LOAD_CATEGORY_PREVIEW_MAPPED","SOURCE_BLOCK_RECOVERY_UNAVAILABLE","NUMERICAL_INTEGRITY_UNRESOLVED"],"entry":"captured","g_label":"E*2^30","member":"axis","messages":["NUMERICAL_INTEGRITY_UNRESOLVED: Load case case: structural integrity: Range(\"arithmetic outside normal range\"); global_dof_map=[\"N0:UX\", \"N0:UY\", \"N0:UZ\", \"N0:RX\", \"N0:RY\", \"N0:RZ\", \"N1:UX\", \"N1:UY\", \"N1:UZ\", \"N1:RX\", \"N1:RY\", \"N1:RZ\"]; no structural rejection is bypassed by generic LU or output quantization"],"mode":"SparseInteractive","moment":45336236248862993,"status":"unresolved","t":-1045}
I9PROBE {"E":565704954696004518,"G":700812943517119398,"N1":[],"cases":[["numerically_unresolved","unresolved","unresolved"]],"codes":["LOAD_CATEGORY_PREVIEW_MAPPED","NUMERICAL_INTEGRITY_UNRESOLVED"],"entry":"typed","g_label":"E*2^30","member":"axis","messages":["NUMERICAL_INTEGRITY_UNRESOLVED: Load case case: structural integrity: Range(\"arithmetic outside normal range\"); global_dof_map=[\"N0:UX\", \"N0:UY\", \"N0:UZ\", \"N0:RX\", \"N0:RY\", \"N0:RZ\", \"N1:UX\", \"N1:UY\", \"N1:UZ\", \"N1:RX\", \"N1:RY\", \"N1:RZ\"]; no structural rejection is bypassed by generic LU or output quantization"],"mode":"SparseInteractive","moment":45336236248862993,"status":"unresolved","t":-1045}
I9PROBE {"E":565704954696004518,"G":700812943517119398,"N1":[],"cases":[["numerically_unresolved","unresolved","unresolved"]],"codes":["LOAD_CATEGORY_PREVIEW_MAPPED","SOURCE_BLOCK_RECOVERY_UNAVAILABLE","NUMERICAL_INTEGRITY_UNRESOLVED"],"entry":"captured","g_label":"E*2^30","member":"axis","messages":["NUMERICAL_INTEGRITY_UNRESOLVED: Load case case: structural integrity: Range(\"arithmetic outside normal range\"); global_dof_map=[\"N0:UX\", \"N0:UY\", \"N0:UZ\", \"N0:RX\", \"N0:RY\", \"N0:RZ\", \"N1:UX\", \"N1:UY\", \"N1:UZ\", \"N1:RX\", \"N1:RY\", \"N1:RZ\"]; no structural rejection is bypassed by generic LU or output quantization"],"mode":"DenseScrutiny","moment":45336236248862993,"status":"unresolved","t":-1045}
I9PROBE {"E":565704954696004518,"G":700812943517119398,"N1":[],"cases":[["numerically_unresolved","unresolved","unresolved"]],"codes":["LOAD_CATEGORY_PREVIEW_MAPPED","NUMERICAL_INTEGRITY_UNRESOLVED"],"entry":"typed","g_label":"E*2^30","member":"axis","messages":["NUMERICAL_INTEGRITY_UNRESOLVED: Load case case: structural integrity: Range(\"arithmetic outside normal range\"); global_dof_map=[\"N0:UX\", \"N0:UY\", \"N0:UZ\", \"N0:RX\", \"N0:RY\", \"N0:RZ\", \"N1:UX\", \"N1:UY\", \"N1:UZ\", \"N1:RX\", \"N1:RY\", \"N1:RZ\"]; no structural rejection is bypassed by generic LU or output quantization"],"mode":"DenseScrutiny","moment":45336236248862993,"status":"unresolved","t":-1045}
I9PROBE {"E":565704954696004518,"G":700812943517119398,"N1":[],"cases":[["numerically_unresolved","unresolved","unresolved"]],"codes":["LOAD_CATEGORY_PREVIEW_MAPPED","SOURCE_BLOCK_RECOVERY_UNAVAILABLE","NUMERICAL_INTEGRITY_UNRESOLVED"],"entry":"captured","g_label":"E*2^30","member":"skew111","messages":["NUMERICAL_INTEGRITY_UNRESOLVED: Load case case: structural integrity: Range(\"arithmetic outside normal range\"); global_dof_map=[\"N0:UX\", \"N0:UY\", \"N0:UZ\", \"N0:RX\", \"N0:RY\", \"N0:RZ\", \"N1:UX\", \"N1:UY\", \"N1:UZ\", \"N1:RX\", \"N1:RY\", \"N1:RZ\"]; no structural rejection is bypassed by generic LU or output quantization"],"mode":"SparseInteractive","moment":45336236248862993,"status":"unresolved","t":-1045}
I9PROBE {"E":565704954696004518,"G":700812943517119398,"N1":[],"cases":[["numerically_unresolved","unresolved","unresolved"]],"codes":["LOAD_CATEGORY_PREVIEW_MAPPED","NUMERICAL_INTEGRITY_UNRESOLVED"],"entry":"typed","g_label":"E*2^30","member":"skew111","messages":["NUMERICAL_INTEGRITY_UNRESOLVED: Load case case: structural integrity: Range(\"arithmetic outside normal range\"); global_dof_map=[\"N0:UX\", \"N0:UY\", \"N0:UZ\", \"N0:RX\", \"N0:RY\", \"N0:RZ\", \"N1:UX\", \"N1:UY\", \"N1:UZ\", \"N1:RX\", \"N1:RY\", \"N1:RZ\"]; no structural rejection is bypassed by generic LU or output quantization"],"mode":"SparseInteractive","moment":45336236248862993,"status":"unresolved","t":-1045}
I9PROBE {"E":565704954696004518,"G":700812943517119398,"N1":[],"cases":[["numerically_unresolved","unresolved","unresolved"]],"codes":["LOAD_CATEGORY_PREVIEW_MAPPED","SOURCE_BLOCK_RECOVERY_UNAVAILABLE","NUMERICAL_INTEGRITY_UNRESOLVED"],"entry":"captured","g_label":"E*2^30","member":"skew111","messages":["NUMERICAL_INTEGRITY_UNRESOLVED: Load case case: structural integrity: Range(\"arithmetic outside normal range\"); global_dof_map=[\"N0:UX\", \"N0:UY\", \"N0:UZ\", \"N0:RX\", \"N0:RY\", \"N0:RZ\", \"N1:UX\", \"N1:UY\", \"N1:UZ\", \"N1:RX\", \"N1:RY\", \"N1:RZ\"]; no structural rejection is bypassed by generic LU or output quantization"],"mode":"DenseScrutiny","moment":45336236248862993,"status":"unresolved","t":-1045}
I9PROBE {"E":565704954696004518,"G":700812943517119398,"N1":[],"cases":[["numerically_unresolved","unresolved","unresolved"]],"codes":["LOAD_CATEGORY_PREVIEW_MAPPED","NUMERICAL_INTEGRITY_UNRESOLVED"],"entry":"typed","g_label":"E*2^30","member":"skew111","messages":["NUMERICAL_INTEGRITY_UNRESOLVED: Load case case: structural integrity: Range(\"arithmetic outside normal range\"); global_dof_map=[\"N0:UX\", \"N0:UY\", \"N0:UZ\", \"N0:RX\", \"N0:RY\", \"N0:RZ\", \"N1:UX\", \"N1:UY\", \"N1:UZ\", \"N1:RX\", \"N1:RY\", \"N1:RZ\"]; no structural rejection is bypassed by generic LU or output quantization"],"mode":"DenseScrutiny","moment":45336236248862993,"status":"unresolved","t":-1045}
I9PROBE {"E":565704954696004518,"G":700812943517119398,"N1":[],"cases":[["numerically_unresolved","unresolved","unresolved"]],"codes":["LOAD_CATEGORY_PREVIEW_MAPPED","SOURCE_BLOCK_RECOVERY_UNAVAILABLE","NUMERICAL_INTEGRITY_UNRESOLVED"],"entry":"captured","g_label":"E*2^30","member":"skew122","messages":["NUMERICAL_INTEGRITY_UNRESOLVED: Load case case: structural integrity: Range(\"arithmetic outside normal range\"); global_dof_map=[\"N0:UX\", \"N0:UY\", \"N0:UZ\", \"N0:RX\", \"N0:RY\", \"N0:RZ\", \"N1:UX\", \"N1:UY\", \"N1:UZ\", \"N1:RX\", \"N1:RY\", \"N1:RZ\"]; no structural rejection is bypassed by generic LU or output quantization"],"mode":"SparseInteractive","moment":45336236248862993,"status":"unresolved","t":-1045}
I9PROBE {"E":565704954696004518,"G":700812943517119398,"N1":[],"cases":[["numerically_unresolved","unresolved","unresolved"]],"codes":["LOAD_CATEGORY_PREVIEW_MAPPED","NUMERICAL_INTEGRITY_UNRESOLVED"],"entry":"typed","g_label":"E*2^30","member":"skew122","messages":["NUMERICAL_INTEGRITY_UNRESOLVED: Load case case: structural integrity: Range(\"arithmetic outside normal range\"); global_dof_map=[\"N0:UX\", \"N0:UY\", \"N0:UZ\", \"N0:RX\", \"N0:RY\", \"N0:RZ\", \"N1:UX\", \"N1:UY\", \"N1:UZ\", \"N1:RX\", \"N1:RY\", \"N1:RZ\"]; no structural rejection is bypassed by generic LU or output quantization"],"mode":"SparseInteractive","moment":45336236248862993,"status":"unresolved","t":-1045}
I9PROBE {"E":565704954696004518,"G":700812943517119398,"N1":[],"cases":[["numerically_unresolved","unresolved","unresolved"]],"codes":["LOAD_CATEGORY_PREVIEW_MAPPED","SOURCE_BLOCK_RECOVERY_UNAVAILABLE","NUMERICAL_INTEGRITY_UNRESOLVED"],"entry":"captured","g_label":"E*2^30","member":"skew122","messages":["NUMERICAL_INTEGRITY_UNRESOLVED: Load case case: structural integrity: Range(\"arithmetic outside normal range\"); global_dof_map=[\"N0:UX\", \"N0:UY\", \"N0:UZ\", \"N0:RX\", \"N0:RY\", \"N0:RZ\", \"N1:UX\", \"N1:UY\", \"N1:UZ\", \"N1:RX\", \"N1:RY\", \"N1:RZ\"]; no structural rejection is bypassed by generic LU or output quantization"],"mode":"DenseScrutiny","moment":45336236248862993,"status":"unresolved","t":-1045}
I9PROBE {"E":565704954696004518,"G":700812943517119398,"N1":[],"cases":[["numerically_unresolved","unresolved","unresolved"]],"codes":["LOAD_CATEGORY_PREVIEW_MAPPED","NUMERICAL_INTEGRITY_UNRESOLVED"],"entry":"typed","g_label":"E*2^30","member":"skew122","messages":["NUMERICAL_INTEGRITY_UNRESOLVED: Load case case: structural integrity: Range(\"arithmetic outside normal range\"); global_dof_map=[\"N0:UX\", \"N0:UY\", \"N0:UZ\", \"N0:RX\", \"N0:RY\", \"N0:RZ\", \"N1:UX\", \"N1:UY\", \"N1:UZ\", \"N1:RX\", \"N1:RY\", \"N1:RZ\"]; no structural rejection is bypassed by generic LU or output quantization"],"mode":"DenseScrutiny","moment":45336236248862993,"status":"unresolved","t":-1045}
I9PROBE {"E":565704954696004518,"G":727834541281342374,"N1":[],"cases":[["numerically_unresolved","unresolved","unresolved"]],"codes":["LOAD_CATEGORY_PREVIEW_MAPPED","SOURCE_BLOCK_RECOVERY_UNAVAILABLE","NUMERICAL_INTEGRITY_UNRESOLVED"],"entry":"captured","g_label":"E*2^36","member":"axis","messages":["NUMERICAL_INTEGRITY_UNRESOLVED: Load case case: structural integrity: Range(\"arithmetic outside normal range\"); global_dof_map=[\"N0:UX\", \"N0:UY\", \"N0:UZ\", \"N0:RX\", \"N0:RY\", \"N0:RZ\", \"N1:UX\", \"N1:UY\", \"N1:UZ\", \"N1:RX\", \"N1:RY\", \"N1:RZ\"]; no structural rejection is bypassed by generic LU or output quantization"],"mode":"SparseInteractive","moment":45336236248862993,"status":"unresolved","t":-1045}
I9PROBE {"E":565704954696004518,"G":727834541281342374,"N1":[],"cases":[["numerically_unresolved","unresolved","unresolved"]],"codes":["LOAD_CATEGORY_PREVIEW_MAPPED","NUMERICAL_INTEGRITY_UNRESOLVED"],"entry":"typed","g_label":"E*2^36","member":"axis","messages":["NUMERICAL_INTEGRITY_UNRESOLVED: Load case case: structural integrity: Range(\"arithmetic outside normal range\"); global_dof_map=[\"N0:UX\", \"N0:UY\", \"N0:UZ\", \"N0:RX\", \"N0:RY\", \"N0:RZ\", \"N1:UX\", \"N1:UY\", \"N1:UZ\", \"N1:RX\", \"N1:RY\", \"N1:RZ\"]; no structural rejection is bypassed by generic LU or output quantization"],"mode":"SparseInteractive","moment":45336236248862993,"status":"unresolved","t":-1045}
I9PROBE {"E":565704954696004518,"G":727834541281342374,"N1":[],"cases":[["numerically_unresolved","unresolved","unresolved"]],"codes":["LOAD_CATEGORY_PREVIEW_MAPPED","SOURCE_BLOCK_RECOVERY_UNAVAILABLE","NUMERICAL_INTEGRITY_UNRESOLVED"],"entry":"captured","g_label":"E*2^36","member":"axis","messages":["NUMERICAL_INTEGRITY_UNRESOLVED: Load case case: structural integrity: Range(\"arithmetic outside normal range\"); global_dof_map=[\"N0:UX\", \"N0:UY\", \"N0:UZ\", \"N0:RX\", \"N0:RY\", \"N0:RZ\", \"N1:UX\", \"N1:UY\", \"N1:UZ\", \"N1:RX\", \"N1:RY\", \"N1:RZ\"]; no structural rejection is bypassed by generic LU or output quantization"],"mode":"DenseScrutiny","moment":45336236248862993,"status":"unresolved","t":-1045}
I9PROBE {"E":565704954696004518,"G":727834541281342374,"N1":[],"cases":[["numerically_unresolved","unresolved","unresolved"]],"codes":["LOAD_CATEGORY_PREVIEW_MAPPED","NUMERICAL_INTEGRITY_UNRESOLVED"],"entry":"typed","g_label":"E*2^36","member":"axis","messages":["NUMERICAL_INTEGRITY_UNRESOLVED: Load case case: structural integrity: Range(\"arithmetic outside normal range\"); global_dof_map=[\"N0:UX\", \"N0:UY\", \"N0:UZ\", \"N0:RX\", \"N0:RY\", \"N0:RZ\", \"N1:UX\", \"N1:UY\", \"N1:UZ\", \"N1:RX\", \"N1:RY\", \"N1:RZ\"]; no structural rejection is bypassed by generic LU or output quantization"],"mode":"DenseScrutiny","moment":45336236248862993,"status":"unresolved","t":-1045}
I9PROBE {"E":565704954696004518,"G":727834541281342374,"N1":[["result:disp:N1:ux",-5.250970108951382e-11,"mm"],["result:disp:N1:uy",5.2509701083400825e-11,"mm"],["result:disp:N1:uz",6.112930486211934e-21,"mm"],["result:disp:N1:rx",-0.03333333332532972,"rad"],["result:disp:N1:ry",-0.033333333336971305,"rad"],["result:disp:N1:rz",0.06666666666302862,"rad"]],"cases":[["passive_model_basis","sensitive","not_claimed"]],"codes":["LOAD_CATEGORY_PREVIEW_MAPPED","SOURCE_BLOCK_RECOVERY_UNAVAILABLE","NUMERICAL_INTEGRITY_SENSITIVE","RULE_CHECK_INPUTS_MISSING"],"entry":"captured","g_label":"E*2^36","member":"skew111","messages":["NUMERICAL_INTEGRITY_SENSITIVE: M03-INTEGRITY-v1 represented original-equation structural evidence for load case case: StructuralReport { policy: \"M03-INTEGRITY-v1\", quality: Sensitive, factorization: \"positive skyline LDL\", scale_exponents: [465, 465, 465, 488, 488, 488], pivots: [PivotEvidence { ordered_index: 0, global_dof: 9, "],"mode":"SparseInteractive","moment":45336236248862993,"status":"sensitive","t":-1045}
I9PROBE {"E":565704954696004518,"G":727834541281342374,"N1":[["result:disp:N1:ux",-5.250970108951382e-11,"mm"],["result:disp:N1:uy",5.2509701083400825e-11,"mm"],["result:disp:N1:uz",6.112930486211934e-21,"mm"],["result:disp:N1:rx",-0.03333333332532972,"rad"],["result:disp:N1:ry",-0.033333333336971305,"rad"],["result:disp:N1:rz",0.06666666666302862,"rad"]],"cases":[["passive_model_basis","sensitive","not_claimed"]],"codes":["LOAD_CATEGORY_PREVIEW_MAPPED","NUMERICAL_INTEGRITY_SENSITIVE","RULE_CHECK_INPUTS_MISSING"],"entry":"typed","g_label":"E*2^36","member":"skew111","messages":["NUMERICAL_INTEGRITY_SENSITIVE: M03-INTEGRITY-v1 represented original-equation structural evidence for load case case: StructuralReport { policy: \"M03-INTEGRITY-v1\", quality: Sensitive, factorization: \"positive skyline LDL\", scale_exponents: [465, 465, 465, 488, 488, 488], pivots: [PivotEvidence { ordered_index: 0, global_dof: 9, "],"mode":"SparseInteractive","moment":45336236248862993,"status":"sensitive","t":-1045}
I9PROBE {"E":565704954696004518,"G":727834541281342374,"N1":[["result:disp:N1:ux",-5.2509801243820406e-11,"mm"],["result:disp:N1:uy",5.250970108951383e-11,"mm"],["result:disp:N1:uz",1.0015430658050443e-16,"mm"],["result:disp:N1:rx",-0.03333326975480304,"rad"],["result:disp:N1:ry",-0.03333346048966632,"rad"],["result:disp:N1:rz",0.06666673024519695,"rad"]],"cases":[["passive_model_basis","sensitive","not_claimed"]],"codes":["LOAD_CATEGORY_PREVIEW_MAPPED","SOURCE_BLOCK_RECOVERY_UNAVAILABLE","NUMERICAL_INTEGRITY_SENSITIVE","RULE_CHECK_INPUTS_MISSING"],"entry":"captured","g_label":"E*2^36","member":"skew111","messages":["NUMERICAL_INTEGRITY_SENSITIVE: M03-INTEGRITY-v1 represented original-equation structural evidence for load case case: StructuralReport { policy: \"M03-INTEGRITY-v1\", quality: Sensitive, factorization: \"positive dense Cholesky\", scale_exponents: [465, 465, 465, 488, 488, 488], pivots: [PivotEvidence { ordered_index: 0, global_dof: "],"mode":"DenseScrutiny","moment":45336236248862993,"status":"sensitive","t":-1045}
I9PROBE {"E":565704954696004518,"G":727834541281342374,"N1":[["result:disp:N1:ux",-5.2509801243820406e-11,"mm"],["result:disp:N1:uy",5.250970108951383e-11,"mm"],["result:disp:N1:uz",1.0015430658050443e-16,"mm"],["result:disp:N1:rx",-0.03333326975480304,"rad"],["result:disp:N1:ry",-0.03333346048966632,"rad"],["result:disp:N1:rz",0.06666673024519695,"rad"]],"cases":[["passive_model_basis","sensitive","not_claimed"]],"codes":["LOAD_CATEGORY_PREVIEW_MAPPED","NUMERICAL_INTEGRITY_SENSITIVE","RULE_CHECK_INPUTS_MISSING"],"entry":"typed","g_label":"E*2^36","member":"skew111","messages":["NUMERICAL_INTEGRITY_SENSITIVE: M03-INTEGRITY-v1 represented original-equation structural evidence for load case case: StructuralReport { policy: \"M03-INTEGRITY-v1\", quality: Sensitive, factorization: \"positive dense Cholesky\", scale_exponents: [465, 465, 465, 488, 488, 488], pivots: [PivotEvidence { ordered_index: 0, global_dof: "],"mode":"DenseScrutiny","moment":45336236248862993,"status":"sensitive","t":-1045}
I9PROBE {"E":565704954696004518,"G":727834541281342374,"N1":[],"cases":[["numerically_unresolved","unresolved","unresolved"]],"codes":["LOAD_CATEGORY_PREVIEW_MAPPED","SOURCE_BLOCK_RECOVERY_UNAVAILABLE","NUMERICAL_INTEGRITY_UNRESOLVED"],"entry":"captured","g_label":"E*2^36","member":"skew122","messages":["NUMERICAL_INTEGRITY_UNRESOLVED: Load case case: structural integrity: Range(\"arithmetic outside normal range\"); global_dof_map=[\"N0:UX\", \"N0:UY\", \"N0:UZ\", \"N0:RX\", \"N0:RY\", \"N0:RZ\", \"N1:UX\", \"N1:UY\", \"N1:UZ\", \"N1:RX\", \"N1:RY\", \"N1:RZ\"]; no structural rejection is bypassed by generic LU or output quantization"],"mode":"SparseInteractive","moment":45336236248862993,"status":"unresolved","t":-1045}
I9PROBE {"E":565704954696004518,"G":727834541281342374,"N1":[],"cases":[["numerically_unresolved","unresolved","unresolved"]],"codes":["LOAD_CATEGORY_PREVIEW_MAPPED","NUMERICAL_INTEGRITY_UNRESOLVED"],"entry":"typed","g_label":"E*2^36","member":"skew122","messages":["NUMERICAL_INTEGRITY_UNRESOLVED: Load case case: structural integrity: Range(\"arithmetic outside normal range\"); global_dof_map=[\"N0:UX\", \"N0:UY\", \"N0:UZ\", \"N0:RX\", \"N0:RY\", \"N0:RZ\", \"N1:UX\", \"N1:UY\", \"N1:UZ\", \"N1:RX\", \"N1:RY\", \"N1:RZ\"]; no structural rejection is bypassed by generic LU or output quantization"],"mode":"SparseInteractive","moment":45336236248862993,"status":"unresolved","t":-1045}
I9PROBE {"E":565704954696004518,"G":727834541281342374,"N1":[],"cases":[["numerically_unresolved","unresolved","unresolved"]],"codes":["LOAD_CATEGORY_PREVIEW_MAPPED","SOURCE_BLOCK_RECOVERY_UNAVAILABLE","NUMERICAL_INTEGRITY_UNRESOLVED"],"entry":"captured","g_label":"E*2^36","member":"skew122","messages":["NUMERICAL_INTEGRITY_UNRESOLVED: Load case case: structural integrity: Range(\"arithmetic outside normal range\"); global_dof_map=[\"N0:UX\", \"N0:UY\", \"N0:UZ\", \"N0:RX\", \"N0:RY\", \"N0:RZ\", \"N1:UX\", \"N1:UY\", \"N1:UZ\", \"N1:RX\", \"N1:RY\", \"N1:RZ\"]; no structural rejection is bypassed by generic LU or output quantization"],"mode":"DenseScrutiny","moment":45336236248862993,"status":"unresolved","t":-1045}
I9PROBE {"E":565704954696004518,"G":727834541281342374,"N1":[],"cases":[["numerically_unresolved","unresolved","unresolved"]],"codes":["LOAD_CATEGORY_PREVIEW_MAPPED","NUMERICAL_INTEGRITY_UNRESOLVED"],"entry":"typed","g_label":"E*2^36","member":"skew122","messages":["NUMERICAL_INTEGRITY_UNRESOLVED: Load case case: structural integrity: Range(\"arithmetic outside normal range\"); global_dof_map=[\"N0:UX\", \"N0:UY\", \"N0:UZ\", \"N0:RX\", \"N0:RY\", \"N0:RZ\", \"N1:UX\", \"N1:UY\", \"N1:UZ\", \"N1:RX\", \"N1:RY\", \"N1:RZ\"]; no structural rejection is bypassed by generic LU or output quantization"],"mode":"DenseScrutiny","moment":45336236248862993,"status":"unresolved","t":-1045}
I9PROBE {"E":565704954696004518,"G":745848939790824358,"N1":[],"cases":[["numerically_unresolved","unresolved","unresolved"]],"codes":["LOAD_CATEGORY_PREVIEW_MAPPED","SOURCE_BLOCK_RECOVERY_UNAVAILABLE","NUMERICAL_INTEGRITY_UNRESOLVED"],"entry":"captured","g_label":"E*2^40","member":"axis","messages":["NUMERICAL_INTEGRITY_UNRESOLVED: Load case case: structural integrity: Range(\"arithmetic outside normal range\"); global_dof_map=[\"N0:UX\", \"N0:UY\", \"N0:UZ\", \"N0:RX\", \"N0:RY\", \"N0:RZ\", \"N1:UX\", \"N1:UY\", \"N1:UZ\", \"N1:RX\", \"N1:RY\", \"N1:RZ\"]; no structural rejection is bypassed by generic LU or output quantization"],"mode":"SparseInteractive","moment":45336236248862993,"status":"unresolved","t":-1045}
I9PROBE {"E":565704954696004518,"G":745848939790824358,"N1":[],"cases":[["numerically_unresolved","unresolved","unresolved"]],"codes":["LOAD_CATEGORY_PREVIEW_MAPPED","NUMERICAL_INTEGRITY_UNRESOLVED"],"entry":"typed","g_label":"E*2^40","member":"axis","messages":["NUMERICAL_INTEGRITY_UNRESOLVED: Load case case: structural integrity: Range(\"arithmetic outside normal range\"); global_dof_map=[\"N0:UX\", \"N0:UY\", \"N0:UZ\", \"N0:RX\", \"N0:RY\", \"N0:RZ\", \"N1:UX\", \"N1:UY\", \"N1:UZ\", \"N1:RX\", \"N1:RY\", \"N1:RZ\"]; no structural rejection is bypassed by generic LU or output quantization"],"mode":"SparseInteractive","moment":45336236248862993,"status":"unresolved","t":-1045}
I9PROBE {"E":565704954696004518,"G":745848939790824358,"N1":[],"cases":[["numerically_unresolved","unresolved","unresolved"]],"codes":["LOAD_CATEGORY_PREVIEW_MAPPED","SOURCE_BLOCK_RECOVERY_UNAVAILABLE","NUMERICAL_INTEGRITY_UNRESOLVED"],"entry":"captured","g_label":"E*2^40","member":"axis","messages":["NUMERICAL_INTEGRITY_UNRESOLVED: Load case case: structural integrity: Range(\"arithmetic outside normal range\"); global_dof_map=[\"N0:UX\", \"N0:UY\", \"N0:UZ\", \"N0:RX\", \"N0:RY\", \"N0:RZ\", \"N1:UX\", \"N1:UY\", \"N1:UZ\", \"N1:RX\", \"N1:RY\", \"N1:RZ\"]; no structural rejection is bypassed by generic LU or output quantization"],"mode":"DenseScrutiny","moment":45336236248862993,"status":"unresolved","t":-1045}
I9PROBE {"E":565704954696004518,"G":745848939790824358,"N1":[],"cases":[["numerically_unresolved","unresolved","unresolved"]],"codes":["LOAD_CATEGORY_PREVIEW_MAPPED","NUMERICAL_INTEGRITY_UNRESOLVED"],"entry":"typed","g_label":"E*2^40","member":"axis","messages":["NUMERICAL_INTEGRITY_UNRESOLVED: Load case case: structural integrity: Range(\"arithmetic outside normal range\"); global_dof_map=[\"N0:UX\", \"N0:UY\", \"N0:UZ\", \"N0:RX\", \"N0:RY\", \"N0:RZ\", \"N1:UX\", \"N1:UY\", \"N1:UZ\", \"N1:RX\", \"N1:RY\", \"N1:RZ\"]; no structural rejection is bypassed by generic LU or output quantization"],"mode":"DenseScrutiny","moment":45336236248862993,"status":"unresolved","t":-1045}
I9PROBE {"E":565704954696004518,"G":745848939790824358,"N1":[["result:disp:N1:ux",-5.250649634730518e-11,"mm"],["result:disp:N1:uy",5.2506496346922937e-11,"mm"],["result:disp:N1:uz",3.819696057516348e-22,"mm"],["result:disp:N1:rx",-0.0333312989517935,"rad"],["result:disp:N1:ry",-0.03333129895252111,"rad"],["result:disp:N1:rz",0.06666259790436009,"rad"]],"cases":[["passive_model_basis","sensitive","not_claimed"]],"codes":["LOAD_CATEGORY_PREVIEW_MAPPED","SOURCE_BLOCK_RECOVERY_UNAVAILABLE","NUMERICAL_INTEGRITY_SENSITIVE","RULE_CHECK_INPUTS_MISSING"],"entry":"captured","g_label":"E*2^40","member":"skew111","messages":["NUMERICAL_INTEGRITY_SENSITIVE: M03-INTEGRITY-v1 represented original-equation structural evidence for load case case: StructuralReport { policy: \"M03-INTEGRITY-v1\", quality: Sensitive, factorization: \"positive skyline LDL\", scale_exponents: [465, 465, 465, 486, 486, 486], pivots: [PivotEvidence { ordered_index: 0, global_dof: 9, "],"mode":"SparseInteractive","moment":45336236248862993,"status":"sensitive","t":-1045}
I9PROBE {"E":565704954696004518,"G":745848939790824358,"N1":[["result:disp:N1:ux",-5.250649634730518e-11,"mm"],["result:disp:N1:uy",5.2506496346922937e-11,"mm"],["result:disp:N1:uz",3.819696057516348e-22,"mm"],["result:disp:N1:rx",-0.0333312989517935,"rad"],["result:disp:N1:ry",-0.03333129895252111,"rad"],["result:disp:N1:rz",0.06666259790436009,"rad"]],"cases":[["passive_model_basis","sensitive","not_claimed"]],"codes":["LOAD_CATEGORY_PREVIEW_MAPPED","NUMERICAL_INTEGRITY_SENSITIVE","RULE_CHECK_INPUTS_MISSING"],"entry":"typed","g_label":"E*2^40","member":"skew111","messages":["NUMERICAL_INTEGRITY_SENSITIVE: M03-INTEGRITY-v1 represented original-equation structural evidence for load case case: StructuralReport { policy: \"M03-INTEGRITY-v1\", quality: Sensitive, factorization: \"positive skyline LDL\", scale_exponents: [465, 465, 465, 486, 486, 486], pivots: [PivotEvidence { ordered_index: 0, global_dof: 9, "],"mode":"SparseInteractive","moment":45336236248862993,"status":"sensitive","t":-1045}
I9PROBE {"E":565704954696004518,"G":745848939790824358,"N1":[["result:disp:N1:ux",-5.251130360732411e-11,"mm"],["result:disp:N1:uy",5.251130360730024e-11,"mm"],["result:disp:N1:uz",2.387975576462716e-23,"mm"],["result:disp:N1:rx",-0.03333435061693705,"rad"],["result:disp:N1:ry",-0.033334350616982526,"rad"],["result:disp:N1:rz",0.06666870123396507,"rad"]],"cases":[["passive_model_basis","sensitive","not_claimed"]],"codes":["LOAD_CATEGORY_PREVIEW_MAPPED","SOURCE_BLOCK_RECOVERY_UNAVAILABLE","NUMERICAL_INTEGRITY_SENSITIVE","RULE_CHECK_INPUTS_MISSING"],"entry":"captured","g_label":"E*2^40","member":"skew111","messages":["NUMERICAL_INTEGRITY_SENSITIVE: M03-INTEGRITY-v1 represented original-equation structural evidence for load case case: StructuralReport { policy: \"M03-INTEGRITY-v1\", quality: Sensitive, factorization: \"positive dense Cholesky\", scale_exponents: [465, 465, 465, 486, 486, 486], pivots: [PivotEvidence { ordered_index: 0, global_dof: "],"mode":"DenseScrutiny","moment":45336236248862993,"status":"sensitive","t":-1045}
I9PROBE {"E":565704954696004518,"G":745848939790824358,"N1":[["result:disp:N1:ux",-5.251130360732411e-11,"mm"],["result:disp:N1:uy",5.251130360730024e-11,"mm"],["result:disp:N1:uz",2.387975576462716e-23,"mm"],["result:disp:N1:rx",-0.03333435061693705,"rad"],["result:disp:N1:ry",-0.033334350616982526,"rad"],["result:disp:N1:rz",0.06666870123396507,"rad"]],"cases":[["passive_model_basis","sensitive","not_claimed"]],"codes":["LOAD_CATEGORY_PREVIEW_MAPPED","NUMERICAL_INTEGRITY_SENSITIVE","RULE_CHECK_INPUTS_MISSING"],"entry":"typed","g_label":"E*2^40","member":"skew111","messages":["NUMERICAL_INTEGRITY_SENSITIVE: M03-INTEGRITY-v1 represented original-equation structural evidence for load case case: StructuralReport { policy: \"M03-INTEGRITY-v1\", quality: Sensitive, factorization: \"positive dense Cholesky\", scale_exponents: [465, 465, 465, 486, 486, 486], pivots: [PivotEvidence { ordered_index: 0, global_dof: "],"mode":"DenseScrutiny","moment":45336236248862993,"status":"sensitive","t":-1045}
I9PROBE {"E":565704954696004518,"G":745848939790824358,"N1":[["result:disp:N1:ux",-6.062557953475594e-11,"mm"],["result:disp:N1:uy",3.031463991235533e-11,"mm"],["result:disp:N1:uz",-1.8501449776442677e-15,"mm"],["result:disp:N1:rx",-0.022222222220918617,"rad"],["result:disp:N1:ry",-0.0444383416740897,"rad"],["result:disp:N1:rz",0.055549452784594486,"rad"]],"cases":[["passive_model_basis","sensitive","not_claimed"]],"codes":["LOAD_CATEGORY_PREVIEW_MAPPED","SOURCE_BLOCK_RECOVERY_UNAVAILABLE","NUMERICAL_INTEGRITY_SENSITIVE","RULE_CHECK_INPUTS_MISSING"],"entry":"captured","g_label":"E*2^40","member":"skew122","messages":["NUMERICAL_INTEGRITY_SENSITIVE: M03-INTEGRITY-v1 represented original-equation structural evidence for load case case: StructuralReport { policy: \"M03-INTEGRITY-v1\", quality: Sensitive, factorization: \"positive skyline LDL\", scale_exponents: [465, 465, 465, 486, 485, 485], pivots: [PivotEvidence { ordered_index: 0, global_dof: 9, "],"mode":"SparseInteractive","moment":45336236248862993,"status":"sensitive","t":-1045}
I9PROBE {"E":565704954696004518,"G":745848939790824358,"N1":[["result:disp:N1:ux",-6.062557953475594e-11,"mm"],["result:disp:N1:uy",3.031463991235533e-11,"mm"],["result:disp:N1:uz",-1.8501449776442677e-15,"mm"],["result:disp:N1:rx",-0.022222222220918617,"rad"],["result:disp:N1:ry",-0.0444383416740897,"rad"],["result:disp:N1:rz",0.055549452784594486,"rad"]],"cases":[["passive_model_basis","sensitive","not_claimed"]],"codes":["LOAD_CATEGORY_PREVIEW_MAPPED","NUMERICAL_INTEGRITY_SENSITIVE","RULE_CHECK_INPUTS_MISSING"],"entry":"typed","g_label":"E*2^40","member":"skew122","messages":["NUMERICAL_INTEGRITY_SENSITIVE: M03-INTEGRITY-v1 represented original-equation structural evidence for load case case: StructuralReport { policy: \"M03-INTEGRITY-v1\", quality: Sensitive, factorization: \"positive skyline LDL\", scale_exponents: [465, 465, 465, 486, 485, 485], pivots: [PivotEvidence { ordered_index: 0, global_dof: 9, "],"mode":"SparseInteractive","moment":45336236248862993,"status":"sensitive","t":-1045}
I9PROBE {"E":565704954696004518,"G":745848939790824358,"N1":[["result:disp:N1:ux",-6.064408445700614e-11,"mm"],["result:disp:N1:uy",3.032265908177671e-11,"mm"],["result:disp:N1:uz",-6.168532735559215e-16,"mm"],["result:disp:N1:rx",-0.022227196321888517,"rad"],["result:disp:N1:ry",-0.04445235793173617,"rad"],["result:disp:N1:rz",0.0555659560927259,"rad"]],"cases":[["passive_model_basis","sensitive","not_claimed"]],"codes":["LOAD_CATEGORY_PREVIEW_MAPPED","SOURCE_BLOCK_RECOVERY_UNAVAILABLE","NUMERICAL_INTEGRITY_SENSITIVE","RULE_CHECK_INPUTS_MISSING"],"entry":"captured","g_label":"E*2^40","member":"skew122","messages":["NUMERICAL_INTEGRITY_SENSITIVE: M03-INTEGRITY-v1 represented original-equation structural evidence for load case case: StructuralReport { policy: \"M03-INTEGRITY-v1\", quality: Sensitive, factorization: \"positive dense Cholesky\", scale_exponents: [465, 465, 465, 486, 485, 485], pivots: [PivotEvidence { ordered_index: 0, global_dof: "],"mode":"DenseScrutiny","moment":45336236248862993,"status":"sensitive","t":-1045}
I9PROBE {"E":565704954696004518,"G":745848939790824358,"N1":[["result:disp:N1:ux",-6.064408445700614e-11,"mm"],["result:disp:N1:uy",3.032265908177671e-11,"mm"],["result:disp:N1:uz",-6.168532735559215e-16,"mm"],["result:disp:N1:rx",-0.022227196321888517,"rad"],["result:disp:N1:ry",-0.04445235793173617,"rad"],["result:disp:N1:rz",0.0555659560927259,"rad"]],"cases":[["passive_model_basis","sensitive","not_claimed"]],"codes":["LOAD_CATEGORY_PREVIEW_MAPPED","NUMERICAL_INTEGRITY_SENSITIVE","RULE_CHECK_INPUTS_MISSING"],"entry":"typed","g_label":"E*2^40","member":"skew122","messages":["NUMERICAL_INTEGRITY_SENSITIVE: M03-INTEGRITY-v1 represented original-equation structural evidence for load case case: StructuralReport { policy: \"M03-INTEGRITY-v1\", quality: Sensitive, factorization: \"positive dense Cholesky\", scale_exponents: [465, 465, 465, 486, 485, 485], pivots: [PivotEvidence { ordered_index: 0, global_dof: "],"mode":"DenseScrutiny","moment":45336236248862993,"status":"sensitive","t":-1045}
I9PROBE {"E":565704954696004518,"G":781877736809788326,"N1":[],"cases":[["numerically_unresolved","unresolved","unresolved"]],"codes":["LOAD_CATEGORY_PREVIEW_MAPPED","SOURCE_BLOCK_RECOVERY_UNAVAILABLE","NUMERICAL_INTEGRITY_UNRESOLVED"],"entry":"captured","g_label":"E*2^48","member":"axis","messages":["NUMERICAL_INTEGRITY_UNRESOLVED: Load case case: structural integrity: Range(\"arithmetic outside normal range\"); global_dof_map=[\"N0:UX\", \"N0:UY\", \"N0:UZ\", \"N0:RX\", \"N0:RY\", \"N0:RZ\", \"N1:UX\", \"N1:UY\", \"N1:UZ\", \"N1:RX\", \"N1:RY\", \"N1:RZ\"]; no structural rejection is bypassed by generic LU or output quantization"],"mode":"SparseInteractive","moment":45336236248862993,"status":"unresolved","t":-1045}
I9PROBE {"E":565704954696004518,"G":781877736809788326,"N1":[],"cases":[["numerically_unresolved","unresolved","unresolved"]],"codes":["LOAD_CATEGORY_PREVIEW_MAPPED","NUMERICAL_INTEGRITY_UNRESOLVED"],"entry":"typed","g_label":"E*2^48","member":"axis","messages":["NUMERICAL_INTEGRITY_UNRESOLVED: Load case case: structural integrity: Range(\"arithmetic outside normal range\"); global_dof_map=[\"N0:UX\", \"N0:UY\", \"N0:UZ\", \"N0:RX\", \"N0:RY\", \"N0:RZ\", \"N1:UX\", \"N1:UY\", \"N1:UZ\", \"N1:RX\", \"N1:RY\", \"N1:RZ\"]; no structural rejection is bypassed by generic LU or output quantization"],"mode":"SparseInteractive","moment":45336236248862993,"status":"unresolved","t":-1045}
I9PROBE {"E":565704954696004518,"G":781877736809788326,"N1":[],"cases":[["numerically_unresolved","unresolved","unresolved"]],"codes":["LOAD_CATEGORY_PREVIEW_MAPPED","SOURCE_BLOCK_RECOVERY_UNAVAILABLE","NUMERICAL_INTEGRITY_UNRESOLVED"],"entry":"captured","g_label":"E*2^48","member":"axis","messages":["NUMERICAL_INTEGRITY_UNRESOLVED: Load case case: structural integrity: Range(\"arithmetic outside normal range\"); global_dof_map=[\"N0:UX\", \"N0:UY\", \"N0:UZ\", \"N0:RX\", \"N0:RY\", \"N0:RZ\", \"N1:UX\", \"N1:UY\", \"N1:UZ\", \"N1:RX\", \"N1:RY\", \"N1:RZ\"]; no structural rejection is bypassed by generic LU or output quantization"],"mode":"DenseScrutiny","moment":45336236248862993,"status":"unresolved","t":-1045}
I9PROBE {"E":565704954696004518,"G":781877736809788326,"N1":[],"cases":[["numerically_unresolved","unresolved","unresolved"]],"codes":["LOAD_CATEGORY_PREVIEW_MAPPED","NUMERICAL_INTEGRITY_UNRESOLVED"],"entry":"typed","g_label":"E*2^48","member":"axis","messages":["NUMERICAL_INTEGRITY_UNRESOLVED: Load case case: structural integrity: Range(\"arithmetic outside normal range\"); global_dof_map=[\"N0:UX\", \"N0:UY\", \"N0:UZ\", \"N0:RX\", \"N0:RY\", \"N0:RZ\", \"N1:UX\", \"N1:UY\", \"N1:UZ\", \"N1:RX\", \"N1:RY\", \"N1:RZ\"]; no structural rejection is bypassed by generic LU or output quantization"],"mode":"DenseScrutiny","moment":45336236248862993,"status":"unresolved","t":-1045}
I9PROBE {"E":565704954696004518,"G":781877736809788326,"N1":[],"cases":[["numerically_unresolved","unresolved","unresolved"]],"codes":["LOAD_CATEGORY_PREVIEW_MAPPED","SOURCE_BLOCK_RECOVERY_UNAVAILABLE","NUMERICAL_INTEGRITY_UNRESOLVED"],"entry":"captured","g_label":"E*2^48","member":"skew111","messages":["NUMERICAL_INTEGRITY_UNRESOLVED: Load case case: structural integrity: NumericallyUnresolved { reason: \"nonpositive or cancellation-unresolved structural pivot\", global_dof: Some(11) }; global_dof_map=[\"N0:UX\", \"N0:UY\", \"N0:UZ\", \"N0:RX\", \"N0:RY\", \"N0:RZ\", \"N1:UX\", \"N1:UY\", \"N1:UZ\", \"N1:RX\", \"N1:RY\", \"N1:RZ\"]; no structural rejectio"],"mode":"SparseInteractive","moment":45336236248862993,"status":"unresolved","t":-1045}
I9PROBE {"E":565704954696004518,"G":781877736809788326,"N1":[],"cases":[["numerically_unresolved","unresolved","unresolved"]],"codes":["LOAD_CATEGORY_PREVIEW_MAPPED","NUMERICAL_INTEGRITY_UNRESOLVED"],"entry":"typed","g_label":"E*2^48","member":"skew111","messages":["NUMERICAL_INTEGRITY_UNRESOLVED: Load case case: structural integrity: NumericallyUnresolved { reason: \"nonpositive or cancellation-unresolved structural pivot\", global_dof: Some(11) }; global_dof_map=[\"N0:UX\", \"N0:UY\", \"N0:UZ\", \"N0:RX\", \"N0:RY\", \"N0:RZ\", \"N1:UX\", \"N1:UY\", \"N1:UZ\", \"N1:RX\", \"N1:RY\", \"N1:RZ\"]; no structural rejectio"],"mode":"SparseInteractive","moment":45336236248862993,"status":"unresolved","t":-1045}
I9PROBE {"E":565704954696004518,"G":781877736809788326,"N1":[],"cases":[["numerically_unresolved","unresolved","unresolved"]],"codes":["LOAD_CATEGORY_PREVIEW_MAPPED","SOURCE_BLOCK_RECOVERY_UNAVAILABLE","NUMERICAL_INTEGRITY_UNRESOLVED"],"entry":"captured","g_label":"E*2^48","member":"skew111","messages":["NUMERICAL_INTEGRITY_UNRESOLVED: Load case case: structural integrity: NumericallyUnresolved { reason: \"nonpositive or cancellation-unresolved structural pivot\", global_dof: Some(10) }; global_dof_map=[\"N0:UX\", \"N0:UY\", \"N0:UZ\", \"N0:RX\", \"N0:RY\", \"N0:RZ\", \"N1:UX\", \"N1:UY\", \"N1:UZ\", \"N1:RX\", \"N1:RY\", \"N1:RZ\"]; no structural rejectio"],"mode":"DenseScrutiny","moment":45336236248862993,"status":"unresolved","t":-1045}
I9PROBE {"E":565704954696004518,"G":781877736809788326,"N1":[],"cases":[["numerically_unresolved","unresolved","unresolved"]],"codes":["LOAD_CATEGORY_PREVIEW_MAPPED","NUMERICAL_INTEGRITY_UNRESOLVED"],"entry":"typed","g_label":"E*2^48","member":"skew111","messages":["NUMERICAL_INTEGRITY_UNRESOLVED: Load case case: structural integrity: NumericallyUnresolved { reason: \"nonpositive or cancellation-unresolved structural pivot\", global_dof: Some(10) }; global_dof_map=[\"N0:UX\", \"N0:UY\", \"N0:UZ\", \"N0:RX\", \"N0:RY\", \"N0:RZ\", \"N1:UX\", \"N1:UY\", \"N1:UZ\", \"N1:RX\", \"N1:RY\", \"N1:RZ\"]; no structural rejectio"],"mode":"DenseScrutiny","moment":45336236248862993,"status":"unresolved","t":-1045}
I9PROBE {"E":565704954696004518,"G":781877736809788326,"N1":[],"cases":[["numerically_unresolved","unresolved","unresolved"]],"codes":["LOAD_CATEGORY_PREVIEW_MAPPED","SOURCE_BLOCK_RECOVERY_UNAVAILABLE","NUMERICAL_INTEGRITY_UNRESOLVED"],"entry":"captured","g_label":"E*2^48","member":"skew122","messages":["NUMERICAL_INTEGRITY_UNRESOLVED: Load case case: structural integrity: NumericallyUnresolved { reason: \"nonpositive or cancellation-unresolved structural pivot\", global_dof: Some(10) }; global_dof_map=[\"N0:UX\", \"N0:UY\", \"N0:UZ\", \"N0:RX\", \"N0:RY\", \"N0:RZ\", \"N1:UX\", \"N1:UY\", \"N1:UZ\", \"N1:RX\", \"N1:RY\", \"N1:RZ\"]; no structural rejectio"],"mode":"SparseInteractive","moment":45336236248862993,"status":"unresolved","t":-1045}
I9PROBE {"E":565704954696004518,"G":781877736809788326,"N1":[],"cases":[["numerically_unresolved","unresolved","unresolved"]],"codes":["LOAD_CATEGORY_PREVIEW_MAPPED","NUMERICAL_INTEGRITY_UNRESOLVED"],"entry":"typed","g_label":"E*2^48","member":"skew122","messages":["NUMERICAL_INTEGRITY_UNRESOLVED: Load case case: structural integrity: NumericallyUnresolved { reason: \"nonpositive or cancellation-unresolved structural pivot\", global_dof: Some(10) }; global_dof_map=[\"N0:UX\", \"N0:UY\", \"N0:UZ\", \"N0:RX\", \"N0:RY\", \"N0:RZ\", \"N1:UX\", \"N1:UY\", \"N1:UZ\", \"N1:RX\", \"N1:RY\", \"N1:RZ\"]; no structural rejectio"],"mode":"SparseInteractive","moment":45336236248862993,"status":"unresolved","t":-1045}
I9PROBE {"E":565704954696004518,"G":781877736809788326,"N1":[],"cases":[["numerically_unresolved","unresolved","unresolved"]],"codes":["LOAD_CATEGORY_PREVIEW_MAPPED","SOURCE_BLOCK_RECOVERY_UNAVAILABLE","NUMERICAL_INTEGRITY_UNRESOLVED"],"entry":"captured","g_label":"E*2^48","member":"skew122","messages":["NUMERICAL_INTEGRITY_UNRESOLVED: Load case case: structural integrity: NumericallyUnresolved { reason: \"nonpositive or cancellation-unresolved structural pivot\", global_dof: Some(10) }; global_dof_map=[\"N0:UX\", \"N0:UY\", \"N0:UZ\", \"N0:RX\", \"N0:RY\", \"N0:RZ\", \"N1:UX\", \"N1:UY\", \"N1:UZ\", \"N1:RX\", \"N1:RY\", \"N1:RZ\"]; no structural rejectio"],"mode":"DenseScrutiny","moment":45336236248862993,"status":"unresolved","t":-1045}
I9PROBE {"E":565704954696004518,"G":781877736809788326,"N1":[],"cases":[["numerically_unresolved","unresolved","unresolved"]],"codes":["LOAD_CATEGORY_PREVIEW_MAPPED","NUMERICAL_INTEGRITY_UNRESOLVED"],"entry":"typed","g_label":"E*2^48","member":"skew122","messages":["NUMERICAL_INTEGRITY_UNRESOLVED: Load case case: structural integrity: NumericallyUnresolved { reason: \"nonpositive or cancellation-unresolved structural pivot\", global_dof: Some(10) }; global_dof_map=[\"N0:UX\", \"N0:UY\", \"N0:UZ\", \"N0:RX\", \"N0:RY\", \"N0:RZ\", \"N1:UX\", \"N1:UY\", \"N1:UZ\", \"N1:RX\", \"N1:RY\", \"N1:RZ\"]; no structural rejectio"],"mode":"DenseScrutiny","moment":45336236248862993,"status":"unresolved","t":-1045}
I9PROBE {"E":565704954696004518,"G":817906533828752294,"N1":[],"cases":[["numerically_unresolved","unresolved","unresolved"]],"codes":["LOAD_CATEGORY_PREVIEW_MAPPED","SOURCE_BLOCK_RECOVERY_UNAVAILABLE","NUMERICAL_INTEGRITY_UNRESOLVED"],"entry":"captured","g_label":"E*2^56","member":"axis","messages":["NUMERICAL_INTEGRITY_UNRESOLVED: Load case case: structural integrity: Range(\"arithmetic outside normal range\"); global_dof_map=[\"N0:UX\", \"N0:UY\", \"N0:UZ\", \"N0:RX\", \"N0:RY\", \"N0:RZ\", \"N1:UX\", \"N1:UY\", \"N1:UZ\", \"N1:RX\", \"N1:RY\", \"N1:RZ\"]; no structural rejection is bypassed by generic LU or output quantization"],"mode":"SparseInteractive","moment":45336236248862993,"status":"unresolved","t":-1045}
I9PROBE {"E":565704954696004518,"G":817906533828752294,"N1":[],"cases":[["numerically_unresolved","unresolved","unresolved"]],"codes":["LOAD_CATEGORY_PREVIEW_MAPPED","NUMERICAL_INTEGRITY_UNRESOLVED"],"entry":"typed","g_label":"E*2^56","member":"axis","messages":["NUMERICAL_INTEGRITY_UNRESOLVED: Load case case: structural integrity: Range(\"arithmetic outside normal range\"); global_dof_map=[\"N0:UX\", \"N0:UY\", \"N0:UZ\", \"N0:RX\", \"N0:RY\", \"N0:RZ\", \"N1:UX\", \"N1:UY\", \"N1:UZ\", \"N1:RX\", \"N1:RY\", \"N1:RZ\"]; no structural rejection is bypassed by generic LU or output quantization"],"mode":"SparseInteractive","moment":45336236248862993,"status":"unresolved","t":-1045}
I9PROBE {"E":565704954696004518,"G":817906533828752294,"N1":[],"cases":[["numerically_unresolved","unresolved","unresolved"]],"codes":["LOAD_CATEGORY_PREVIEW_MAPPED","SOURCE_BLOCK_RECOVERY_UNAVAILABLE","NUMERICAL_INTEGRITY_UNRESOLVED"],"entry":"captured","g_label":"E*2^56","member":"axis","messages":["NUMERICAL_INTEGRITY_UNRESOLVED: Load case case: structural integrity: Range(\"arithmetic outside normal range\"); global_dof_map=[\"N0:UX\", \"N0:UY\", \"N0:UZ\", \"N0:RX\", \"N0:RY\", \"N0:RZ\", \"N1:UX\", \"N1:UY\", \"N1:UZ\", \"N1:RX\", \"N1:RY\", \"N1:RZ\"]; no structural rejection is bypassed by generic LU or output quantization"],"mode":"DenseScrutiny","moment":45336236248862993,"status":"unresolved","t":-1045}
I9PROBE {"E":565704954696004518,"G":817906533828752294,"N1":[],"cases":[["numerically_unresolved","unresolved","unresolved"]],"codes":["LOAD_CATEGORY_PREVIEW_MAPPED","NUMERICAL_INTEGRITY_UNRESOLVED"],"entry":"typed","g_label":"E*2^56","member":"axis","messages":["NUMERICAL_INTEGRITY_UNRESOLVED: Load case case: structural integrity: Range(\"arithmetic outside normal range\"); global_dof_map=[\"N0:UX\", \"N0:UY\", \"N0:UZ\", \"N0:RX\", \"N0:RY\", \"N0:RZ\", \"N1:UX\", \"N1:UY\", \"N1:UZ\", \"N1:RX\", \"N1:RY\", \"N1:RZ\"]; no structural rejection is bypassed by generic LU or output quantization"],"mode":"DenseScrutiny","moment":45336236248862993,"status":"unresolved","t":-1045}
I9PROBE {"E":565704954696004518,"G":817906533828752294,"N1":[],"cases":[["numerically_unresolved","unresolved","unresolved"]],"codes":["LOAD_CATEGORY_PREVIEW_MAPPED","SOURCE_BLOCK_RECOVERY_UNAVAILABLE","NUMERICAL_INTEGRITY_UNRESOLVED"],"entry":"captured","g_label":"E*2^56","member":"skew111","messages":["NUMERICAL_INTEGRITY_UNRESOLVED: Load case case: structural integrity: NumericallyUnresolved { reason: \"nonpositive or cancellation-unresolved structural pivot\", global_dof: Some(11) }; global_dof_map=[\"N0:UX\", \"N0:UY\", \"N0:UZ\", \"N0:RX\", \"N0:RY\", \"N0:RZ\", \"N1:UX\", \"N1:UY\", \"N1:UZ\", \"N1:RX\", \"N1:RY\", \"N1:RZ\"]; no structural rejectio"],"mode":"SparseInteractive","moment":45336236248862993,"status":"unresolved","t":-1045}
I9PROBE {"E":565704954696004518,"G":817906533828752294,"N1":[],"cases":[["numerically_unresolved","unresolved","unresolved"]],"codes":["LOAD_CATEGORY_PREVIEW_MAPPED","NUMERICAL_INTEGRITY_UNRESOLVED"],"entry":"typed","g_label":"E*2^56","member":"skew111","messages":["NUMERICAL_INTEGRITY_UNRESOLVED: Load case case: structural integrity: NumericallyUnresolved { reason: \"nonpositive or cancellation-unresolved structural pivot\", global_dof: Some(11) }; global_dof_map=[\"N0:UX\", \"N0:UY\", \"N0:UZ\", \"N0:RX\", \"N0:RY\", \"N0:RZ\", \"N1:UX\", \"N1:UY\", \"N1:UZ\", \"N1:RX\", \"N1:RY\", \"N1:RZ\"]; no structural rejectio"],"mode":"SparseInteractive","moment":45336236248862993,"status":"unresolved","t":-1045}
I9PROBE {"E":565704954696004518,"G":817906533828752294,"N1":[],"cases":[["numerically_unresolved","unresolved","unresolved"]],"codes":["LOAD_CATEGORY_PREVIEW_MAPPED","SOURCE_BLOCK_RECOVERY_UNAVAILABLE","NUMERICAL_INTEGRITY_UNRESOLVED"],"entry":"captured","g_label":"E*2^56","member":"skew111","messages":["NUMERICAL_INTEGRITY_UNRESOLVED: Load case case: structural integrity: NumericallyUnresolved { reason: \"nonpositive or cancellation-unresolved structural pivot\", global_dof: Some(10) }; global_dof_map=[\"N0:UX\", \"N0:UY\", \"N0:UZ\", \"N0:RX\", \"N0:RY\", \"N0:RZ\", \"N1:UX\", \"N1:UY\", \"N1:UZ\", \"N1:RX\", \"N1:RY\", \"N1:RZ\"]; no structural rejectio"],"mode":"DenseScrutiny","moment":45336236248862993,"status":"unresolved","t":-1045}
I9PROBE {"E":565704954696004518,"G":817906533828752294,"N1":[],"cases":[["numerically_unresolved","unresolved","unresolved"]],"codes":["LOAD_CATEGORY_PREVIEW_MAPPED","NUMERICAL_INTEGRITY_UNRESOLVED"],"entry":"typed","g_label":"E*2^56","member":"skew111","messages":["NUMERICAL_INTEGRITY_UNRESOLVED: Load case case: structural integrity: NumericallyUnresolved { reason: \"nonpositive or cancellation-unresolved structural pivot\", global_dof: Some(10) }; global_dof_map=[\"N0:UX\", \"N0:UY\", \"N0:UZ\", \"N0:RX\", \"N0:RY\", \"N0:RZ\", \"N1:UX\", \"N1:UY\", \"N1:UZ\", \"N1:RX\", \"N1:RY\", \"N1:RZ\"]; no structural rejectio"],"mode":"DenseScrutiny","moment":45336236248862993,"status":"unresolved","t":-1045}
I9PROBE {"E":565704954696004518,"G":817906533828752294,"N1":[],"cases":[["numerically_unresolved","unresolved","unresolved"]],"codes":["LOAD_CATEGORY_PREVIEW_MAPPED","SOURCE_BLOCK_RECOVERY_UNAVAILABLE","NUMERICAL_INTEGRITY_UNRESOLVED"],"entry":"captured","g_label":"E*2^56","member":"skew122","messages":["NUMERICAL_INTEGRITY_UNRESOLVED: Load case case: structural integrity: NumericallyUnresolved { reason: \"nonpositive or cancellation-unresolved structural pivot\", global_dof: Some(11) }; global_dof_map=[\"N0:UX\", \"N0:UY\", \"N0:UZ\", \"N0:RX\", \"N0:RY\", \"N0:RZ\", \"N1:UX\", \"N1:UY\", \"N1:UZ\", \"N1:RX\", \"N1:RY\", \"N1:RZ\"]; no structural rejectio"],"mode":"SparseInteractive","moment":45336236248862993,"status":"unresolved","t":-1045}
I9PROBE {"E":565704954696004518,"G":817906533828752294,"N1":[],"cases":[["numerically_unresolved","unresolved","unresolved"]],"codes":["LOAD_CATEGORY_PREVIEW_MAPPED","NUMERICAL_INTEGRITY_UNRESOLVED"],"entry":"typed","g_label":"E*2^56","member":"skew122","messages":["NUMERICAL_INTEGRITY_UNRESOLVED: Load case case: structural integrity: NumericallyUnresolved { reason: \"nonpositive or cancellation-unresolved structural pivot\", global_dof: Some(11) }; global_dof_map=[\"N0:UX\", \"N0:UY\", \"N0:UZ\", \"N0:RX\", \"N0:RY\", \"N0:RZ\", \"N1:UX\", \"N1:UY\", \"N1:UZ\", \"N1:RX\", \"N1:RY\", \"N1:RZ\"]; no structural rejectio"],"mode":"SparseInteractive","moment":45336236248862993,"status":"unresolved","t":-1045}
I9PROBE {"E":565704954696004518,"G":817906533828752294,"N1":[],"cases":[["numerically_unresolved","unresolved","unresolved"]],"codes":["LOAD_CATEGORY_PREVIEW_MAPPED","SOURCE_BLOCK_RECOVERY_UNAVAILABLE","NUMERICAL_INTEGRITY_UNRESOLVED"],"entry":"captured","g_label":"E*2^56","member":"skew122","messages":["NUMERICAL_INTEGRITY_UNRESOLVED: Load case case: structural integrity: NumericallyUnresolved { reason: \"nonpositive or cancellation-unresolved structural pivot\", global_dof: Some(10) }; global_dof_map=[\"N0:UX\", \"N0:UY\", \"N0:UZ\", \"N0:RX\", \"N0:RY\", \"N0:RZ\", \"N1:UX\", \"N1:UY\", \"N1:UZ\", \"N1:RX\", \"N1:RY\", \"N1:RZ\"]; no structural rejectio"],"mode":"DenseScrutiny","moment":45336236248862993,"status":"unresolved","t":-1045}
I9PROBE {"E":565704954696004518,"G":817906533828752294,"N1":[],"cases":[["numerically_unresolved","unresolved","unresolved"]],"codes":["LOAD_CATEGORY_PREVIEW_MAPPED","NUMERICAL_INTEGRITY_UNRESOLVED"],"entry":"typed","g_label":"E*2^56","member":"skew122","messages":["NUMERICAL_INTEGRITY_UNRESOLVED: Load case case: structural integrity: NumericallyUnresolved { reason: \"nonpositive or cancellation-unresolved structural pivot\", global_dof: Some(10) }; global_dof_map=[\"N0:UX\", \"N0:UY\", \"N0:UZ\", \"N0:RX\", \"N0:RY\", \"N0:RZ\", \"N1:UX\", \"N1:UY\", \"N1:UZ\", \"N1:RX\", \"N1:RY\", \"N1:RZ\"]; no structural rejectio"],"mode":"DenseScrutiny","moment":45336236248862993,"status":"unresolved","t":-1045}
I9PROBE {"E":565704954696004518,"G":853935330847716262,"N1":[],"cases":[["numerically_unresolved","unresolved","unresolved"]],"codes":["LOAD_CATEGORY_PREVIEW_MAPPED","SOURCE_BLOCK_RECOVERY_UNAVAILABLE","NUMERICAL_INTEGRITY_UNRESOLVED"],"entry":"captured","g_label":"E*2^64","member":"axis","messages":["NUMERICAL_INTEGRITY_UNRESOLVED: Load case case: structural integrity: Range(\"arithmetic outside normal range\"); global_dof_map=[\"N0:UX\", \"N0:UY\", \"N0:UZ\", \"N0:RX\", \"N0:RY\", \"N0:RZ\", \"N1:UX\", \"N1:UY\", \"N1:UZ\", \"N1:RX\", \"N1:RY\", \"N1:RZ\"]; no structural rejection is bypassed by generic LU or output quantization"],"mode":"SparseInteractive","moment":45336236248862993,"status":"unresolved","t":-1045}
I9PROBE {"E":565704954696004518,"G":853935330847716262,"N1":[],"cases":[["numerically_unresolved","unresolved","unresolved"]],"codes":["LOAD_CATEGORY_PREVIEW_MAPPED","NUMERICAL_INTEGRITY_UNRESOLVED"],"entry":"typed","g_label":"E*2^64","member":"axis","messages":["NUMERICAL_INTEGRITY_UNRESOLVED: Load case case: structural integrity: Range(\"arithmetic outside normal range\"); global_dof_map=[\"N0:UX\", \"N0:UY\", \"N0:UZ\", \"N0:RX\", \"N0:RY\", \"N0:RZ\", \"N1:UX\", \"N1:UY\", \"N1:UZ\", \"N1:RX\", \"N1:RY\", \"N1:RZ\"]; no structural rejection is bypassed by generic LU or output quantization"],"mode":"SparseInteractive","moment":45336236248862993,"status":"unresolved","t":-1045}
I9PROBE {"E":565704954696004518,"G":853935330847716262,"N1":[],"cases":[["numerically_unresolved","unresolved","unresolved"]],"codes":["LOAD_CATEGORY_PREVIEW_MAPPED","SOURCE_BLOCK_RECOVERY_UNAVAILABLE","NUMERICAL_INTEGRITY_UNRESOLVED"],"entry":"captured","g_label":"E*2^64","member":"axis","messages":["NUMERICAL_INTEGRITY_UNRESOLVED: Load case case: structural integrity: Range(\"arithmetic outside normal range\"); global_dof_map=[\"N0:UX\", \"N0:UY\", \"N0:UZ\", \"N0:RX\", \"N0:RY\", \"N0:RZ\", \"N1:UX\", \"N1:UY\", \"N1:UZ\", \"N1:RX\", \"N1:RY\", \"N1:RZ\"]; no structural rejection is bypassed by generic LU or output quantization"],"mode":"DenseScrutiny","moment":45336236248862993,"status":"unresolved","t":-1045}
I9PROBE {"E":565704954696004518,"G":853935330847716262,"N1":[],"cases":[["numerically_unresolved","unresolved","unresolved"]],"codes":["LOAD_CATEGORY_PREVIEW_MAPPED","NUMERICAL_INTEGRITY_UNRESOLVED"],"entry":"typed","g_label":"E*2^64","member":"axis","messages":["NUMERICAL_INTEGRITY_UNRESOLVED: Load case case: structural integrity: Range(\"arithmetic outside normal range\"); global_dof_map=[\"N0:UX\", \"N0:UY\", \"N0:UZ\", \"N0:RX\", \"N0:RY\", \"N0:RZ\", \"N1:UX\", \"N1:UY\", \"N1:UZ\", \"N1:RX\", \"N1:RY\", \"N1:RZ\"]; no structural rejection is bypassed by generic LU or output quantization"],"mode":"DenseScrutiny","moment":45336236248862993,"status":"unresolved","t":-1045}
I9PROBE {"E":565704954696004518,"G":853935330847716262,"N1":[],"cases":[["numerically_unresolved","unresolved","unresolved"]],"codes":["LOAD_CATEGORY_PREVIEW_MAPPED","SOURCE_BLOCK_RECOVERY_UNAVAILABLE","NUMERICAL_INTEGRITY_UNRESOLVED"],"entry":"captured","g_label":"E*2^64","member":"skew111","messages":["NUMERICAL_INTEGRITY_UNRESOLVED: Load case case: structural integrity: NumericallyUnresolved { reason: \"nonpositive or cancellation-unresolved structural pivot\", global_dof: Some(11) }; global_dof_map=[\"N0:UX\", \"N0:UY\", \"N0:UZ\", \"N0:RX\", \"N0:RY\", \"N0:RZ\", \"N1:UX\", \"N1:UY\", \"N1:UZ\", \"N1:RX\", \"N1:RY\", \"N1:RZ\"]; no structural rejectio"],"mode":"SparseInteractive","moment":45336236248862993,"status":"unresolved","t":-1045}
I9PROBE {"E":565704954696004518,"G":853935330847716262,"N1":[],"cases":[["numerically_unresolved","unresolved","unresolved"]],"codes":["LOAD_CATEGORY_PREVIEW_MAPPED","NUMERICAL_INTEGRITY_UNRESOLVED"],"entry":"typed","g_label":"E*2^64","member":"skew111","messages":["NUMERICAL_INTEGRITY_UNRESOLVED: Load case case: structural integrity: NumericallyUnresolved { reason: \"nonpositive or cancellation-unresolved structural pivot\", global_dof: Some(11) }; global_dof_map=[\"N0:UX\", \"N0:UY\", \"N0:UZ\", \"N0:RX\", \"N0:RY\", \"N0:RZ\", \"N1:UX\", \"N1:UY\", \"N1:UZ\", \"N1:RX\", \"N1:RY\", \"N1:RZ\"]; no structural rejectio"],"mode":"SparseInteractive","moment":45336236248862993,"status":"unresolved","t":-1045}
I9PROBE {"E":565704954696004518,"G":853935330847716262,"N1":[],"cases":[["numerically_unresolved","unresolved","unresolved"]],"codes":["LOAD_CATEGORY_PREVIEW_MAPPED","SOURCE_BLOCK_RECOVERY_UNAVAILABLE","NUMERICAL_INTEGRITY_UNRESOLVED"],"entry":"captured","g_label":"E*2^64","member":"skew111","messages":["NUMERICAL_INTEGRITY_UNRESOLVED: Load case case: structural integrity: NumericallyUnresolved { reason: \"nonpositive or cancellation-unresolved structural pivot\", global_dof: Some(10) }; global_dof_map=[\"N0:UX\", \"N0:UY\", \"N0:UZ\", \"N0:RX\", \"N0:RY\", \"N0:RZ\", \"N1:UX\", \"N1:UY\", \"N1:UZ\", \"N1:RX\", \"N1:RY\", \"N1:RZ\"]; no structural rejectio"],"mode":"DenseScrutiny","moment":45336236248862993,"status":"unresolved","t":-1045}
I9PROBE {"E":565704954696004518,"G":853935330847716262,"N1":[],"cases":[["numerically_unresolved","unresolved","unresolved"]],"codes":["LOAD_CATEGORY_PREVIEW_MAPPED","NUMERICAL_INTEGRITY_UNRESOLVED"],"entry":"typed","g_label":"E*2^64","member":"skew111","messages":["NUMERICAL_INTEGRITY_UNRESOLVED: Load case case: structural integrity: NumericallyUnresolved { reason: \"nonpositive or cancellation-unresolved structural pivot\", global_dof: Some(10) }; global_dof_map=[\"N0:UX\", \"N0:UY\", \"N0:UZ\", \"N0:RX\", \"N0:RY\", \"N0:RZ\", \"N1:UX\", \"N1:UY\", \"N1:UZ\", \"N1:RX\", \"N1:RY\", \"N1:RZ\"]; no structural rejectio"],"mode":"DenseScrutiny","moment":45336236248862993,"status":"unresolved","t":-1045}
I9PROBE {"E":565704954696004518,"G":853935330847716262,"N1":[],"cases":[["numerically_unresolved","unresolved","unresolved"]],"codes":["LOAD_CATEGORY_PREVIEW_MAPPED","SOURCE_BLOCK_RECOVERY_UNAVAILABLE","NUMERICAL_INTEGRITY_UNRESOLVED"],"entry":"captured","g_label":"E*2^64","member":"skew122","messages":["NUMERICAL_INTEGRITY_UNRESOLVED: Load case case: structural integrity: NumericallyUnresolved { reason: \"nonpositive or cancellation-unresolved structural pivot\", global_dof: Some(11) }; global_dof_map=[\"N0:UX\", \"N0:UY\", \"N0:UZ\", \"N0:RX\", \"N0:RY\", \"N0:RZ\", \"N1:UX\", \"N1:UY\", \"N1:UZ\", \"N1:RX\", \"N1:RY\", \"N1:RZ\"]; no structural rejectio"],"mode":"SparseInteractive","moment":45336236248862993,"status":"unresolved","t":-1045}
I9PROBE {"E":565704954696004518,"G":853935330847716262,"N1":[],"cases":[["numerically_unresolved","unresolved","unresolved"]],"codes":["LOAD_CATEGORY_PREVIEW_MAPPED","NUMERICAL_INTEGRITY_UNRESOLVED"],"entry":"typed","g_label":"E*2^64","member":"skew122","messages":["NUMERICAL_INTEGRITY_UNRESOLVED: Load case case: structural integrity: NumericallyUnresolved { reason: \"nonpositive or cancellation-unresolved structural pivot\", global_dof: Some(11) }; global_dof_map=[\"N0:UX\", \"N0:UY\", \"N0:UZ\", \"N0:RX\", \"N0:RY\", \"N0:RZ\", \"N1:UX\", \"N1:UY\", \"N1:UZ\", \"N1:RX\", \"N1:RY\", \"N1:RZ\"]; no structural rejectio"],"mode":"SparseInteractive","moment":45336236248862993,"status":"unresolved","t":-1045}
I9PROBE {"E":565704954696004518,"G":853935330847716262,"N1":[],"cases":[["numerically_unresolved","unresolved","unresolved"]],"codes":["LOAD_CATEGORY_PREVIEW_MAPPED","SOURCE_BLOCK_RECOVERY_UNAVAILABLE","NUMERICAL_INTEGRITY_UNRESOLVED"],"entry":"captured","g_label":"E*2^64","member":"skew122","messages":["NUMERICAL_INTEGRITY_UNRESOLVED: Load case case: structural integrity: NumericallyUnresolved { reason: \"nonpositive or cancellation-unresolved structural pivot\", global_dof: Some(10) }; global_dof_map=[\"N0:UX\", \"N0:UY\", \"N0:UZ\", \"N0:RX\", \"N0:RY\", \"N0:RZ\", \"N1:UX\", \"N1:UY\", \"N1:UZ\", \"N1:RX\", \"N1:RY\", \"N1:RZ\"]; no structural rejectio"],"mode":"DenseScrutiny","moment":45336236248862993,"status":"unresolved","t":-1045}
I9PROBE {"E":565704954696004518,"G":853935330847716262,"N1":[],"cases":[["numerically_unresolved","unresolved","unresolved"]],"codes":["LOAD_CATEGORY_PREVIEW_MAPPED","NUMERICAL_INTEGRITY_UNRESOLVED"],"entry":"typed","g_label":"E*2^64","member":"skew122","messages":["NUMERICAL_INTEGRITY_UNRESOLVED: Load case case: structural integrity: NumericallyUnresolved { reason: \"nonpositive or cancellation-unresolved structural pivot\", global_dof: Some(10) }; global_dof_map=[\"N0:UX\", \"N0:UY\", \"N0:UZ\", \"N0:RX\", \"N0:RY\", \"N0:RZ\", \"N1:UX\", \"N1:UY\", \"N1:UZ\", \"N1:RX\", \"N1:RY\", \"N1:RZ\"]; no structural rejectio"],"mode":"DenseScrutiny","moment":45336236248862993,"status":"unresolved","t":-1045}
I9PROBE {"E":565704954696004518,"G":3110860544497550640,"N1":[],"cases":[["numerically_unresolved","unresolved","unresolved"]],"codes":["LOAD_CATEGORY_PREVIEW_MAPPED","SOURCE_BLOCK_RECOVERY_UNAVAILABLE","NUMERICAL_INTEGRITY_UNRESOLVED"],"entry":"captured","g_label":"1e-100","member":"axis","messages":["NUMERICAL_INTEGRITY_UNRESOLVED: Load case case: structural integrity: Range(\"arithmetic outside normal range\"); global_dof_map=[\"N0:UX\", \"N0:UY\", \"N0:UZ\", \"N0:RX\", \"N0:RY\", \"N0:RZ\", \"N1:UX\", \"N1:UY\", \"N1:UZ\", \"N1:RX\", \"N1:RY\", \"N1:RZ\"]; no structural rejection is bypassed by generic LU or output quantization"],"mode":"SparseInteractive","moment":45336236248862993,"status":"unresolved","t":-1045}
I9PROBE {"E":565704954696004518,"G":3110860544497550640,"N1":[],"cases":[["numerically_unresolved","unresolved","unresolved"]],"codes":["LOAD_CATEGORY_PREVIEW_MAPPED","NUMERICAL_INTEGRITY_UNRESOLVED"],"entry":"typed","g_label":"1e-100","member":"axis","messages":["NUMERICAL_INTEGRITY_UNRESOLVED: Load case case: structural integrity: Range(\"arithmetic outside normal range\"); global_dof_map=[\"N0:UX\", \"N0:UY\", \"N0:UZ\", \"N0:RX\", \"N0:RY\", \"N0:RZ\", \"N1:UX\", \"N1:UY\", \"N1:UZ\", \"N1:RX\", \"N1:RY\", \"N1:RZ\"]; no structural rejection is bypassed by generic LU or output quantization"],"mode":"SparseInteractive","moment":45336236248862993,"status":"unresolved","t":-1045}
I9PROBE {"E":565704954696004518,"G":3110860544497550640,"N1":[],"cases":[["numerically_unresolved","unresolved","unresolved"]],"codes":["LOAD_CATEGORY_PREVIEW_MAPPED","SOURCE_BLOCK_RECOVERY_UNAVAILABLE","NUMERICAL_INTEGRITY_UNRESOLVED"],"entry":"captured","g_label":"1e-100","member":"axis","messages":["NUMERICAL_INTEGRITY_UNRESOLVED: Load case case: structural integrity: Range(\"arithmetic outside normal range\"); global_dof_map=[\"N0:UX\", \"N0:UY\", \"N0:UZ\", \"N0:RX\", \"N0:RY\", \"N0:RZ\", \"N1:UX\", \"N1:UY\", \"N1:UZ\", \"N1:RX\", \"N1:RY\", \"N1:RZ\"]; no structural rejection is bypassed by generic LU or output quantization"],"mode":"DenseScrutiny","moment":45336236248862993,"status":"unresolved","t":-1045}
I9PROBE {"E":565704954696004518,"G":3110860544497550640,"N1":[],"cases":[["numerically_unresolved","unresolved","unresolved"]],"codes":["LOAD_CATEGORY_PREVIEW_MAPPED","NUMERICAL_INTEGRITY_UNRESOLVED"],"entry":"typed","g_label":"1e-100","member":"axis","messages":["NUMERICAL_INTEGRITY_UNRESOLVED: Load case case: structural integrity: Range(\"arithmetic outside normal range\"); global_dof_map=[\"N0:UX\", \"N0:UY\", \"N0:UZ\", \"N0:RX\", \"N0:RY\", \"N0:RZ\", \"N1:UX\", \"N1:UY\", \"N1:UZ\", \"N1:RX\", \"N1:RY\", \"N1:RZ\"]; no structural rejection is bypassed by generic LU or output quantization"],"mode":"DenseScrutiny","moment":45336236248862993,"status":"unresolved","t":-1045}
I9PROBE {"E":565704954696004518,"G":3110860544497550640,"N1":[],"cases":[["numerically_unresolved","unresolved","unresolved"]],"codes":["LOAD_CATEGORY_PREVIEW_MAPPED","SOURCE_BLOCK_RECOVERY_UNAVAILABLE","NUMERICAL_INTEGRITY_UNRESOLVED"],"entry":"captured","g_label":"1e-100","member":"skew111","messages":["NUMERICAL_INTEGRITY_UNRESOLVED: Load case case: structural integrity: NumericallyUnresolved { reason: \"nonpositive or cancellation-unresolved structural pivot\", global_dof: Some(11) }; global_dof_map=[\"N0:UX\", \"N0:UY\", \"N0:UZ\", \"N0:RX\", \"N0:RY\", \"N0:RZ\", \"N1:UX\", \"N1:UY\", \"N1:UZ\", \"N1:RX\", \"N1:RY\", \"N1:RZ\"]; no structural rejectio"],"mode":"SparseInteractive","moment":45336236248862993,"status":"unresolved","t":-1045}
I9PROBE {"E":565704954696004518,"G":3110860544497550640,"N1":[],"cases":[["numerically_unresolved","unresolved","unresolved"]],"codes":["LOAD_CATEGORY_PREVIEW_MAPPED","NUMERICAL_INTEGRITY_UNRESOLVED"],"entry":"typed","g_label":"1e-100","member":"skew111","messages":["NUMERICAL_INTEGRITY_UNRESOLVED: Load case case: structural integrity: NumericallyUnresolved { reason: \"nonpositive or cancellation-unresolved structural pivot\", global_dof: Some(11) }; global_dof_map=[\"N0:UX\", \"N0:UY\", \"N0:UZ\", \"N0:RX\", \"N0:RY\", \"N0:RZ\", \"N1:UX\", \"N1:UY\", \"N1:UZ\", \"N1:RX\", \"N1:RY\", \"N1:RZ\"]; no structural rejectio"],"mode":"SparseInteractive","moment":45336236248862993,"status":"unresolved","t":-1045}
I9PROBE {"E":565704954696004518,"G":3110860544497550640,"N1":[],"cases":[["numerically_unresolved","unresolved","unresolved"]],"codes":["LOAD_CATEGORY_PREVIEW_MAPPED","SOURCE_BLOCK_RECOVERY_UNAVAILABLE","NUMERICAL_INTEGRITY_UNRESOLVED"],"entry":"captured","g_label":"1e-100","member":"skew111","messages":["NUMERICAL_INTEGRITY_UNRESOLVED: Load case case: structural integrity: NumericallyUnresolved { reason: \"nonpositive or cancellation-unresolved structural pivot\", global_dof: Some(10) }; global_dof_map=[\"N0:UX\", \"N0:UY\", \"N0:UZ\", \"N0:RX\", \"N0:RY\", \"N0:RZ\", \"N1:UX\", \"N1:UY\", \"N1:UZ\", \"N1:RX\", \"N1:RY\", \"N1:RZ\"]; no structural rejectio"],"mode":"DenseScrutiny","moment":45336236248862993,"status":"unresolved","t":-1045}
I9PROBE {"E":565704954696004518,"G":3110860544497550640,"N1":[],"cases":[["numerically_unresolved","unresolved","unresolved"]],"codes":["LOAD_CATEGORY_PREVIEW_MAPPED","NUMERICAL_INTEGRITY_UNRESOLVED"],"entry":"typed","g_label":"1e-100","member":"skew111","messages":["NUMERICAL_INTEGRITY_UNRESOLVED: Load case case: structural integrity: NumericallyUnresolved { reason: \"nonpositive or cancellation-unresolved structural pivot\", global_dof: Some(10) }; global_dof_map=[\"N0:UX\", \"N0:UY\", \"N0:UZ\", \"N0:RX\", \"N0:RY\", \"N0:RZ\", \"N1:UX\", \"N1:UY\", \"N1:UZ\", \"N1:RX\", \"N1:RY\", \"N1:RZ\"]; no structural rejectio"],"mode":"DenseScrutiny","moment":45336236248862993,"status":"unresolved","t":-1045}
I9PROBE {"E":565704954696004518,"G":3110860544497550640,"N1":[],"cases":[["numerically_unresolved","unresolved","unresolved"]],"codes":["LOAD_CATEGORY_PREVIEW_MAPPED","SOURCE_BLOCK_RECOVERY_UNAVAILABLE","NUMERICAL_INTEGRITY_UNRESOLVED"],"entry":"captured","g_label":"1e-100","member":"skew122","messages":["NUMERICAL_INTEGRITY_UNRESOLVED: Load case case: structural integrity: NumericallyUnresolved { reason: \"nonpositive or cancellation-unresolved structural pivot\", global_dof: Some(11) }; global_dof_map=[\"N0:UX\", \"N0:UY\", \"N0:UZ\", \"N0:RX\", \"N0:RY\", \"N0:RZ\", \"N1:UX\", \"N1:UY\", \"N1:UZ\", \"N1:RX\", \"N1:RY\", \"N1:RZ\"]; no structural rejectio"],"mode":"SparseInteractive","moment":45336236248862993,"status":"unresolved","t":-1045}
I9PROBE {"E":565704954696004518,"G":3110860544497550640,"N1":[],"cases":[["numerically_unresolved","unresolved","unresolved"]],"codes":["LOAD_CATEGORY_PREVIEW_MAPPED","NUMERICAL_INTEGRITY_UNRESOLVED"],"entry":"typed","g_label":"1e-100","member":"skew122","messages":["NUMERICAL_INTEGRITY_UNRESOLVED: Load case case: structural integrity: NumericallyUnresolved { reason: \"nonpositive or cancellation-unresolved structural pivot\", global_dof: Some(11) }; global_dof_map=[\"N0:UX\", \"N0:UY\", \"N0:UZ\", \"N0:RX\", \"N0:RY\", \"N0:RZ\", \"N1:UX\", \"N1:UY\", \"N1:UZ\", \"N1:RX\", \"N1:RY\", \"N1:RZ\"]; no structural rejectio"],"mode":"SparseInteractive","moment":45336236248862993,"status":"unresolved","t":-1045}
I9PROBE {"E":565704954696004518,"G":3110860544497550640,"N1":[],"cases":[["numerically_unresolved","unresolved","unresolved"]],"codes":["LOAD_CATEGORY_PREVIEW_MAPPED","SOURCE_BLOCK_RECOVERY_UNAVAILABLE","NUMERICAL_INTEGRITY_UNRESOLVED"],"entry":"captured","g_label":"1e-100","member":"skew122","messages":["NUMERICAL_INTEGRITY_UNRESOLVED: Load case case: structural integrity: NumericallyUnresolved { reason: \"nonpositive or cancellation-unresolved structural pivot\", global_dof: Some(10) }; global_dof_map=[\"N0:UX\", \"N0:UY\", \"N0:UZ\", \"N0:RX\", \"N0:RY\", \"N0:RZ\", \"N1:UX\", \"N1:UY\", \"N1:UZ\", \"N1:RX\", \"N1:RY\", \"N1:RZ\"]; no structural rejectio"],"mode":"DenseScrutiny","moment":45336236248862993,"status":"unresolved","t":-1045}
I9PROBE {"E":565704954696004518,"G":3110860544497550640,"N1":[],"cases":[["numerically_unresolved","unresolved","unresolved"]],"codes":["LOAD_CATEGORY_PREVIEW_MAPPED","NUMERICAL_INTEGRITY_UNRESOLVED"],"entry":"typed","g_label":"1e-100","member":"skew122","messages":["NUMERICAL_INTEGRITY_UNRESOLVED: Load case case: structural integrity: NumericallyUnresolved { reason: \"nonpositive or cancellation-unresolved structural pivot\", global_dof: Some(10) }; global_dof_map=[\"N0:UX\", \"N0:UY\", \"N0:UZ\", \"N0:RX\", \"N0:RY\", \"N0:RZ\", \"N1:UX\", \"N1:UY\", \"N1:UZ\", \"N1:RX\", \"N1:RY\", \"N1:RZ\"]; no structural rejectio"],"mode":"DenseScrutiny","moment":45336236248862993,"status":"unresolved","t":-1045}
I9PROBE {"E":543186956559152038,"G":537008295185151616,"N1":[],"cases":[["numerically_unresolved","unresolved","unresolved"]],"codes":["LOAD_CATEGORY_PREVIEW_MAPPED","SOURCE_BLOCK_RECOVERY_UNAVAILABLE","NUMERICAL_INTEGRITY_UNRESOLVED"],"entry":"captured","g_label":"E/2.6","member":"axis","messages":["NUMERICAL_INTEGRITY_UNRESOLVED: Load case case: structural integrity: Range(\"arithmetic outside normal range\"); global_dof_map=[\"N0:UX\", \"N0:UY\", \"N0:UZ\", \"N0:RX\", \"N0:RY\", \"N0:RZ\", \"N1:UX\", \"N1:UY\", \"N1:UZ\", \"N1:RX\", \"N1:RY\", \"N1:RZ\"]; no structural rejection is bypassed by generic LU or output quantization"],"mode":"SparseInteractive","moment":22818238112010513,"status":"unresolved","t":-1050}
I9PROBE {"E":543186956559152038,"G":537008295185151616,"N1":[],"cases":[["numerically_unresolved","unresolved","unresolved"]],"codes":["LOAD_CATEGORY_PREVIEW_MAPPED","NUMERICAL_INTEGRITY_UNRESOLVED"],"entry":"typed","g_label":"E/2.6","member":"axis","messages":["NUMERICAL_INTEGRITY_UNRESOLVED: Load case case: structural integrity: Range(\"arithmetic outside normal range\"); global_dof_map=[\"N0:UX\", \"N0:UY\", \"N0:UZ\", \"N0:RX\", \"N0:RY\", \"N0:RZ\", \"N1:UX\", \"N1:UY\", \"N1:UZ\", \"N1:RX\", \"N1:RY\", \"N1:RZ\"]; no structural rejection is bypassed by generic LU or output quantization"],"mode":"SparseInteractive","moment":22818238112010513,"status":"unresolved","t":-1050}
I9PROBE {"E":543186956559152038,"G":537008295185151616,"N1":[],"cases":[["numerically_unresolved","unresolved","unresolved"]],"codes":["LOAD_CATEGORY_PREVIEW_MAPPED","SOURCE_BLOCK_RECOVERY_UNAVAILABLE","NUMERICAL_INTEGRITY_UNRESOLVED"],"entry":"captured","g_label":"E/2.6","member":"axis","messages":["NUMERICAL_INTEGRITY_UNRESOLVED: Load case case: structural integrity: Range(\"arithmetic outside normal range\"); global_dof_map=[\"N0:UX\", \"N0:UY\", \"N0:UZ\", \"N0:RX\", \"N0:RY\", \"N0:RZ\", \"N1:UX\", \"N1:UY\", \"N1:UZ\", \"N1:RX\", \"N1:RY\", \"N1:RZ\"]; no structural rejection is bypassed by generic LU or output quantization"],"mode":"DenseScrutiny","moment":22818238112010513,"status":"unresolved","t":-1050}
I9PROBE {"E":543186956559152038,"G":537008295185151616,"N1":[],"cases":[["numerically_unresolved","unresolved","unresolved"]],"codes":["LOAD_CATEGORY_PREVIEW_MAPPED","NUMERICAL_INTEGRITY_UNRESOLVED"],"entry":"typed","g_label":"E/2.6","member":"axis","messages":["NUMERICAL_INTEGRITY_UNRESOLVED: Load case case: structural integrity: Range(\"arithmetic outside normal range\"); global_dof_map=[\"N0:UX\", \"N0:UY\", \"N0:UZ\", \"N0:RX\", \"N0:RY\", \"N0:RZ\", \"N1:UX\", \"N1:UY\", \"N1:UZ\", \"N1:RX\", \"N1:RY\", \"N1:RZ\"]; no structural rejection is bypassed by generic LU or output quantization"],"mode":"DenseScrutiny","moment":22818238112010513,"status":"unresolved","t":-1050}
I9PROBE {"E":543186956559152038,"G":537008295185151616,"N1":[],"cases":[["numerically_unresolved","unresolved","unresolved"]],"codes":["LOAD_CATEGORY_PREVIEW_MAPPED","SOURCE_BLOCK_RECOVERY_UNAVAILABLE","NUMERICAL_INTEGRITY_UNRESOLVED"],"entry":"captured","g_label":"E/2.6","member":"skew111","messages":["NUMERICAL_INTEGRITY_UNRESOLVED: Load case case: structural integrity: Range(\"arithmetic outside normal range\"); global_dof_map=[\"N0:UX\", \"N0:UY\", \"N0:UZ\", \"N0:RX\", \"N0:RY\", \"N0:RZ\", \"N1:UX\", \"N1:UY\", \"N1:UZ\", \"N1:RX\", \"N1:RY\", \"N1:RZ\"]; no structural rejection is bypassed by generic LU or output quantization"],"mode":"SparseInteractive","moment":22818238112010513,"status":"unresolved","t":-1050}
I9PROBE {"E":543186956559152038,"G":537008295185151616,"N1":[],"cases":[["numerically_unresolved","unresolved","unresolved"]],"codes":["LOAD_CATEGORY_PREVIEW_MAPPED","NUMERICAL_INTEGRITY_UNRESOLVED"],"entry":"typed","g_label":"E/2.6","member":"skew111","messages":["NUMERICAL_INTEGRITY_UNRESOLVED: Load case case: structural integrity: Range(\"arithmetic outside normal range\"); global_dof_map=[\"N0:UX\", \"N0:UY\", \"N0:UZ\", \"N0:RX\", \"N0:RY\", \"N0:RZ\", \"N1:UX\", \"N1:UY\", \"N1:UZ\", \"N1:RX\", \"N1:RY\", \"N1:RZ\"]; no structural rejection is bypassed by generic LU or output quantization"],"mode":"SparseInteractive","moment":22818238112010513,"status":"unresolved","t":-1050}
I9PROBE {"E":543186956559152038,"G":537008295185151616,"N1":[],"cases":[["numerically_unresolved","unresolved","unresolved"]],"codes":["LOAD_CATEGORY_PREVIEW_MAPPED","SOURCE_BLOCK_RECOVERY_UNAVAILABLE","NUMERICAL_INTEGRITY_UNRESOLVED"],"entry":"captured","g_label":"E/2.6","member":"skew111","messages":["NUMERICAL_INTEGRITY_UNRESOLVED: Load case case: structural integrity: Range(\"arithmetic outside normal range\"); global_dof_map=[\"N0:UX\", \"N0:UY\", \"N0:UZ\", \"N0:RX\", \"N0:RY\", \"N0:RZ\", \"N1:UX\", \"N1:UY\", \"N1:UZ\", \"N1:RX\", \"N1:RY\", \"N1:RZ\"]; no structural rejection is bypassed by generic LU or output quantization"],"mode":"DenseScrutiny","moment":22818238112010513,"status":"unresolved","t":-1050}
I9PROBE {"E":543186956559152038,"G":537008295185151616,"N1":[],"cases":[["numerically_unresolved","unresolved","unresolved"]],"codes":["LOAD_CATEGORY_PREVIEW_MAPPED","NUMERICAL_INTEGRITY_UNRESOLVED"],"entry":"typed","g_label":"E/2.6","member":"skew111","messages":["NUMERICAL_INTEGRITY_UNRESOLVED: Load case case: structural integrity: Range(\"arithmetic outside normal range\"); global_dof_map=[\"N0:UX\", \"N0:UY\", \"N0:UZ\", \"N0:RX\", \"N0:RY\", \"N0:RZ\", \"N1:UX\", \"N1:UY\", \"N1:UZ\", \"N1:RX\", \"N1:RY\", \"N1:RZ\"]; no structural rejection is bypassed by generic LU or output quantization"],"mode":"DenseScrutiny","moment":22818238112010513,"status":"unresolved","t":-1050}
I9PROBE {"E":543186956559152038,"G":537008295185151616,"N1":[],"cases":[["numerically_unresolved","unresolved","unresolved"]],"codes":["LOAD_CATEGORY_PREVIEW_MAPPED","SOURCE_BLOCK_RECOVERY_UNAVAILABLE","NUMERICAL_INTEGRITY_UNRESOLVED"],"entry":"captured","g_label":"E/2.6","member":"skew122","messages":["NUMERICAL_INTEGRITY_UNRESOLVED: Load case case: structural integrity: Range(\"arithmetic outside normal range\"); global_dof_map=[\"N0:UX\", \"N0:UY\", \"N0:UZ\", \"N0:RX\", \"N0:RY\", \"N0:RZ\", \"N1:UX\", \"N1:UY\", \"N1:UZ\", \"N1:RX\", \"N1:RY\", \"N1:RZ\"]; no structural rejection is bypassed by generic LU or output quantization"],"mode":"SparseInteractive","moment":22818238112010513,"status":"unresolved","t":-1050}
I9PROBE {"E":543186956559152038,"G":537008295185151616,"N1":[],"cases":[["numerically_unresolved","unresolved","unresolved"]],"codes":["LOAD_CATEGORY_PREVIEW_MAPPED","NUMERICAL_INTEGRITY_UNRESOLVED"],"entry":"typed","g_label":"E/2.6","member":"skew122","messages":["NUMERICAL_INTEGRITY_UNRESOLVED: Load case case: structural integrity: Range(\"arithmetic outside normal range\"); global_dof_map=[\"N0:UX\", \"N0:UY\", \"N0:UZ\", \"N0:RX\", \"N0:RY\", \"N0:RZ\", \"N1:UX\", \"N1:UY\", \"N1:UZ\", \"N1:RX\", \"N1:RY\", \"N1:RZ\"]; no structural rejection is bypassed by generic LU or output quantization"],"mode":"SparseInteractive","moment":22818238112010513,"status":"unresolved","t":-1050}
I9PROBE {"E":543186956559152038,"G":537008295185151616,"N1":[],"cases":[["numerically_unresolved","unresolved","unresolved"]],"codes":["LOAD_CATEGORY_PREVIEW_MAPPED","SOURCE_BLOCK_RECOVERY_UNAVAILABLE","NUMERICAL_INTEGRITY_UNRESOLVED"],"entry":"captured","g_label":"E/2.6","member":"skew122","messages":["NUMERICAL_INTEGRITY_UNRESOLVED: Load case case: structural integrity: Range(\"arithmetic outside normal range\"); global_dof_map=[\"N0:UX\", \"N0:UY\", \"N0:UZ\", \"N0:RX\", \"N0:RY\", \"N0:RZ\", \"N1:UX\", \"N1:UY\", \"N1:UZ\", \"N1:RX\", \"N1:RY\", \"N1:RZ\"]; no structural rejection is bypassed by generic LU or output quantization"],"mode":"DenseScrutiny","moment":22818238112010513,"status":"unresolved","t":-1050}
I9PROBE {"E":543186956559152038,"G":537008295185151616,"N1":[],"cases":[["numerically_unresolved","unresolved","unresolved"]],"codes":["LOAD_CATEGORY_PREVIEW_MAPPED","NUMERICAL_INTEGRITY_UNRESOLVED"],"entry":"typed","g_label":"E/2.6","member":"skew122","messages":["NUMERICAL_INTEGRITY_UNRESOLVED: Load case case: structural integrity: Range(\"arithmetic outside normal range\"); global_dof_map=[\"N0:UX\", \"N0:UY\", \"N0:UZ\", \"N0:RX\", \"N0:RY\", \"N0:RZ\", \"N1:UX\", \"N1:UY\", \"N1:UZ\", \"N1:RX\", \"N1:RY\", \"N1:RZ\"]; no structural rejection is bypassed by generic LU or output quantization"],"mode":"DenseScrutiny","moment":22818238112010513,"status":"unresolved","t":-1050}
I9PROBE {"E":543186956559152038,"G":633258949106561958,"N1":[],"cases":[["numerically_unresolved","unresolved","unresolved"]],"codes":["LOAD_CATEGORY_PREVIEW_MAPPED","SOURCE_BLOCK_RECOVERY_UNAVAILABLE","NUMERICAL_INTEGRITY_UNRESOLVED"],"entry":"captured","g_label":"E*2^20","member":"axis","messages":["NUMERICAL_INTEGRITY_UNRESOLVED: Load case case: structural integrity: Range(\"arithmetic outside normal range\"); global_dof_map=[\"N0:UX\", \"N0:UY\", \"N0:UZ\", \"N0:RX\", \"N0:RY\", \"N0:RZ\", \"N1:UX\", \"N1:UY\", \"N1:UZ\", \"N1:RX\", \"N1:RY\", \"N1:RZ\"]; no structural rejection is bypassed by generic LU or output quantization"],"mode":"SparseInteractive","moment":22818238112010513,"status":"unresolved","t":-1050}
I9PROBE {"E":543186956559152038,"G":633258949106561958,"N1":[],"cases":[["numerically_unresolved","unresolved","unresolved"]],"codes":["LOAD_CATEGORY_PREVIEW_MAPPED","NUMERICAL_INTEGRITY_UNRESOLVED"],"entry":"typed","g_label":"E*2^20","member":"axis","messages":["NUMERICAL_INTEGRITY_UNRESOLVED: Load case case: structural integrity: Range(\"arithmetic outside normal range\"); global_dof_map=[\"N0:UX\", \"N0:UY\", \"N0:UZ\", \"N0:RX\", \"N0:RY\", \"N0:RZ\", \"N1:UX\", \"N1:UY\", \"N1:UZ\", \"N1:RX\", \"N1:RY\", \"N1:RZ\"]; no structural rejection is bypassed by generic LU or output quantization"],"mode":"SparseInteractive","moment":22818238112010513,"status":"unresolved","t":-1050}
I9PROBE {"E":543186956559152038,"G":633258949106561958,"N1":[],"cases":[["numerically_unresolved","unresolved","unresolved"]],"codes":["LOAD_CATEGORY_PREVIEW_MAPPED","SOURCE_BLOCK_RECOVERY_UNAVAILABLE","NUMERICAL_INTEGRITY_UNRESOLVED"],"entry":"captured","g_label":"E*2^20","member":"axis","messages":["NUMERICAL_INTEGRITY_UNRESOLVED: Load case case: structural integrity: Range(\"arithmetic outside normal range\"); global_dof_map=[\"N0:UX\", \"N0:UY\", \"N0:UZ\", \"N0:RX\", \"N0:RY\", \"N0:RZ\", \"N1:UX\", \"N1:UY\", \"N1:UZ\", \"N1:RX\", \"N1:RY\", \"N1:RZ\"]; no structural rejection is bypassed by generic LU or output quantization"],"mode":"DenseScrutiny","moment":22818238112010513,"status":"unresolved","t":-1050}
I9PROBE {"E":543186956559152038,"G":633258949106561958,"N1":[],"cases":[["numerically_unresolved","unresolved","unresolved"]],"codes":["LOAD_CATEGORY_PREVIEW_MAPPED","NUMERICAL_INTEGRITY_UNRESOLVED"],"entry":"typed","g_label":"E*2^20","member":"axis","messages":["NUMERICAL_INTEGRITY_UNRESOLVED: Load case case: structural integrity: Range(\"arithmetic outside normal range\"); global_dof_map=[\"N0:UX\", \"N0:UY\", \"N0:UZ\", \"N0:RX\", \"N0:RY\", \"N0:RZ\", \"N1:UX\", \"N1:UY\", \"N1:UZ\", \"N1:RX\", \"N1:RY\", \"N1:RZ\"]; no structural rejection is bypassed by generic LU or output quantization"],"mode":"DenseScrutiny","moment":22818238112010513,"status":"unresolved","t":-1050}
I9PROBE {"E":543186956559152038,"G":633258949106561958,"N1":[],"cases":[["numerically_unresolved","unresolved","unresolved"]],"codes":["LOAD_CATEGORY_PREVIEW_MAPPED","SOURCE_BLOCK_RECOVERY_UNAVAILABLE","NUMERICAL_INTEGRITY_UNRESOLVED"],"entry":"captured","g_label":"E*2^20","member":"skew111","messages":["NUMERICAL_INTEGRITY_UNRESOLVED: Load case case: structural integrity: Range(\"arithmetic outside normal range\"); global_dof_map=[\"N0:UX\", \"N0:UY\", \"N0:UZ\", \"N0:RX\", \"N0:RY\", \"N0:RZ\", \"N1:UX\", \"N1:UY\", \"N1:UZ\", \"N1:RX\", \"N1:RY\", \"N1:RZ\"]; no structural rejection is bypassed by generic LU or output quantization"],"mode":"SparseInteractive","moment":22818238112010513,"status":"unresolved","t":-1050}
I9PROBE {"E":543186956559152038,"G":633258949106561958,"N1":[],"cases":[["numerically_unresolved","unresolved","unresolved"]],"codes":["LOAD_CATEGORY_PREVIEW_MAPPED","NUMERICAL_INTEGRITY_UNRESOLVED"],"entry":"typed","g_label":"E*2^20","member":"skew111","messages":["NUMERICAL_INTEGRITY_UNRESOLVED: Load case case: structural integrity: Range(\"arithmetic outside normal range\"); global_dof_map=[\"N0:UX\", \"N0:UY\", \"N0:UZ\", \"N0:RX\", \"N0:RY\", \"N0:RZ\", \"N1:UX\", \"N1:UY\", \"N1:UZ\", \"N1:RX\", \"N1:RY\", \"N1:RZ\"]; no structural rejection is bypassed by generic LU or output quantization"],"mode":"SparseInteractive","moment":22818238112010513,"status":"unresolved","t":-1050}
I9PROBE {"E":543186956559152038,"G":633258949106561958,"N1":[],"cases":[["numerically_unresolved","unresolved","unresolved"]],"codes":["LOAD_CATEGORY_PREVIEW_MAPPED","SOURCE_BLOCK_RECOVERY_UNAVAILABLE","NUMERICAL_INTEGRITY_UNRESOLVED"],"entry":"captured","g_label":"E*2^20","member":"skew111","messages":["NUMERICAL_INTEGRITY_UNRESOLVED: Load case case: structural integrity: Range(\"arithmetic outside normal range\"); global_dof_map=[\"N0:UX\", \"N0:UY\", \"N0:UZ\", \"N0:RX\", \"N0:RY\", \"N0:RZ\", \"N1:UX\", \"N1:UY\", \"N1:UZ\", \"N1:RX\", \"N1:RY\", \"N1:RZ\"]; no structural rejection is bypassed by generic LU or output quantization"],"mode":"DenseScrutiny","moment":22818238112010513,"status":"unresolved","t":-1050}
I9PROBE {"E":543186956559152038,"G":633258949106561958,"N1":[],"cases":[["numerically_unresolved","unresolved","unresolved"]],"codes":["LOAD_CATEGORY_PREVIEW_MAPPED","NUMERICAL_INTEGRITY_UNRESOLVED"],"entry":"typed","g_label":"E*2^20","member":"skew111","messages":["NUMERICAL_INTEGRITY_UNRESOLVED: Load case case: structural integrity: Range(\"arithmetic outside normal range\"); global_dof_map=[\"N0:UX\", \"N0:UY\", \"N0:UZ\", \"N0:RX\", \"N0:RY\", \"N0:RZ\", \"N1:UX\", \"N1:UY\", \"N1:UZ\", \"N1:RX\", \"N1:RY\", \"N1:RZ\"]; no structural rejection is bypassed by generic LU or output quantization"],"mode":"DenseScrutiny","moment":22818238112010513,"status":"unresolved","t":-1050}
I9PROBE {"E":543186956559152038,"G":633258949106561958,"N1":[],"cases":[["numerically_unresolved","unresolved","unresolved"]],"codes":["LOAD_CATEGORY_PREVIEW_MAPPED","SOURCE_BLOCK_RECOVERY_UNAVAILABLE","NUMERICAL_INTEGRITY_UNRESOLVED"],"entry":"captured","g_label":"E*2^20","member":"skew122","messages":["NUMERICAL_INTEGRITY_UNRESOLVED: Load case case: structural integrity: Range(\"arithmetic outside normal range\"); global_dof_map=[\"N0:UX\", \"N0:UY\", \"N0:UZ\", \"N0:RX\", \"N0:RY\", \"N0:RZ\", \"N1:UX\", \"N1:UY\", \"N1:UZ\", \"N1:RX\", \"N1:RY\", \"N1:RZ\"]; no structural rejection is bypassed by generic LU or output quantization"],"mode":"SparseInteractive","moment":22818238112010513,"status":"unresolved","t":-1050}
I9PROBE {"E":543186956559152038,"G":633258949106561958,"N1":[],"cases":[["numerically_unresolved","unresolved","unresolved"]],"codes":["LOAD_CATEGORY_PREVIEW_MAPPED","NUMERICAL_INTEGRITY_UNRESOLVED"],"entry":"typed","g_label":"E*2^20","member":"skew122","messages":["NUMERICAL_INTEGRITY_UNRESOLVED: Load case case: structural integrity: Range(\"arithmetic outside normal range\"); global_dof_map=[\"N0:UX\", \"N0:UY\", \"N0:UZ\", \"N0:RX\", \"N0:RY\", \"N0:RZ\", \"N1:UX\", \"N1:UY\", \"N1:UZ\", \"N1:RX\", \"N1:RY\", \"N1:RZ\"]; no structural rejection is bypassed by generic LU or output quantization"],"mode":"SparseInteractive","moment":22818238112010513,"status":"unresolved","t":-1050}
I9PROBE {"E":543186956559152038,"G":633258949106561958,"N1":[],"cases":[["numerically_unresolved","unresolved","unresolved"]],"codes":["LOAD_CATEGORY_PREVIEW_MAPPED","SOURCE_BLOCK_RECOVERY_UNAVAILABLE","NUMERICAL_INTEGRITY_UNRESOLVED"],"entry":"captured","g_label":"E*2^20","member":"skew122","messages":["NUMERICAL_INTEGRITY_UNRESOLVED: Load case case: structural integrity: Range(\"arithmetic outside normal range\"); global_dof_map=[\"N0:UX\", \"N0:UY\", \"N0:UZ\", \"N0:RX\", \"N0:RY\", \"N0:RZ\", \"N1:UX\", \"N1:UY\", \"N1:UZ\", \"N1:RX\", \"N1:RY\", \"N1:RZ\"]; no structural rejection is bypassed by generic LU or output quantization"],"mode":"DenseScrutiny","moment":22818238112010513,"status":"unresolved","t":-1050}
I9PROBE {"E":543186956559152038,"G":633258949106561958,"N1":[],"cases":[["numerically_unresolved","unresolved","unresolved"]],"codes":["LOAD_CATEGORY_PREVIEW_MAPPED","NUMERICAL_INTEGRITY_UNRESOLVED"],"entry":"typed","g_label":"E*2^20","member":"skew122","messages":["NUMERICAL_INTEGRITY_UNRESOLVED: Load case case: structural integrity: Range(\"arithmetic outside normal range\"); global_dof_map=[\"N0:UX\", \"N0:UY\", \"N0:UZ\", \"N0:RX\", \"N0:RY\", \"N0:RZ\", \"N1:UX\", \"N1:UY\", \"N1:UZ\", \"N1:RX\", \"N1:RY\", \"N1:RZ\"]; no structural rejection is bypassed by generic LU or output quantization"],"mode":"DenseScrutiny","moment":22818238112010513,"status":"unresolved","t":-1050}
I9PROBE {"E":543186956559152038,"G":678294945380266918,"N1":[],"cases":[["numerically_unresolved","unresolved","unresolved"]],"codes":["LOAD_CATEGORY_PREVIEW_MAPPED","SOURCE_BLOCK_RECOVERY_UNAVAILABLE","NUMERICAL_INTEGRITY_UNRESOLVED"],"entry":"captured","g_label":"E*2^30","member":"axis","messages":["NUMERICAL_INTEGRITY_UNRESOLVED: Load case case: structural integrity: Range(\"arithmetic outside normal range\"); global_dof_map=[\"N0:UX\", \"N0:UY\", \"N0:UZ\", \"N0:RX\", \"N0:RY\", \"N0:RZ\", \"N1:UX\", \"N1:UY\", \"N1:UZ\", \"N1:RX\", \"N1:RY\", \"N1:RZ\"]; no structural rejection is bypassed by generic LU or output quantization"],"mode":"SparseInteractive","moment":22818238112010513,"status":"unresolved","t":-1050}
I9PROBE {"E":543186956559152038,"G":678294945380266918,"N1":[],"cases":[["numerically_unresolved","unresolved","unresolved"]],"codes":["LOAD_CATEGORY_PREVIEW_MAPPED","NUMERICAL_INTEGRITY_UNRESOLVED"],"entry":"typed","g_label":"E*2^30","member":"axis","messages":["NUMERICAL_INTEGRITY_UNRESOLVED: Load case case: structural integrity: Range(\"arithmetic outside normal range\"); global_dof_map=[\"N0:UX\", \"N0:UY\", \"N0:UZ\", \"N0:RX\", \"N0:RY\", \"N0:RZ\", \"N1:UX\", \"N1:UY\", \"N1:UZ\", \"N1:RX\", \"N1:RY\", \"N1:RZ\"]; no structural rejection is bypassed by generic LU or output quantization"],"mode":"SparseInteractive","moment":22818238112010513,"status":"unresolved","t":-1050}
I9PROBE {"E":543186956559152038,"G":678294945380266918,"N1":[],"cases":[["numerically_unresolved","unresolved","unresolved"]],"codes":["LOAD_CATEGORY_PREVIEW_MAPPED","SOURCE_BLOCK_RECOVERY_UNAVAILABLE","NUMERICAL_INTEGRITY_UNRESOLVED"],"entry":"captured","g_label":"E*2^30","member":"axis","messages":["NUMERICAL_INTEGRITY_UNRESOLVED: Load case case: structural integrity: Range(\"arithmetic outside normal range\"); global_dof_map=[\"N0:UX\", \"N0:UY\", \"N0:UZ\", \"N0:RX\", \"N0:RY\", \"N0:RZ\", \"N1:UX\", \"N1:UY\", \"N1:UZ\", \"N1:RX\", \"N1:RY\", \"N1:RZ\"]; no structural rejection is bypassed by generic LU or output quantization"],"mode":"DenseScrutiny","moment":22818238112010513,"status":"unresolved","t":-1050}
I9PROBE {"E":543186956559152038,"G":678294945380266918,"N1":[],"cases":[["numerically_unresolved","unresolved","unresolved"]],"codes":["LOAD_CATEGORY_PREVIEW_MAPPED","NUMERICAL_INTEGRITY_UNRESOLVED"],"entry":"typed","g_label":"E*2^30","member":"axis","messages":["NUMERICAL_INTEGRITY_UNRESOLVED: Load case case: structural integrity: Range(\"arithmetic outside normal range\"); global_dof_map=[\"N0:UX\", \"N0:UY\", \"N0:UZ\", \"N0:RX\", \"N0:RY\", \"N0:RZ\", \"N1:UX\", \"N1:UY\", \"N1:UZ\", \"N1:RX\", \"N1:RY\", \"N1:RZ\"]; no structural rejection is bypassed by generic LU or output quantization"],"mode":"DenseScrutiny","moment":22818238112010513,"status":"unresolved","t":-1050}
I9PROBE {"E":543186956559152038,"G":678294945380266918,"N1":[],"cases":[["numerically_unresolved","unresolved","unresolved"]],"codes":["LOAD_CATEGORY_PREVIEW_MAPPED","SOURCE_BLOCK_RECOVERY_UNAVAILABLE","NUMERICAL_INTEGRITY_UNRESOLVED"],"entry":"captured","g_label":"E*2^30","member":"skew111","messages":["NUMERICAL_INTEGRITY_UNRESOLVED: Load case case: structural integrity: Range(\"arithmetic outside normal range\"); global_dof_map=[\"N0:UX\", \"N0:UY\", \"N0:UZ\", \"N0:RX\", \"N0:RY\", \"N0:RZ\", \"N1:UX\", \"N1:UY\", \"N1:UZ\", \"N1:RX\", \"N1:RY\", \"N1:RZ\"]; no structural rejection is bypassed by generic LU or output quantization"],"mode":"SparseInteractive","moment":22818238112010513,"status":"unresolved","t":-1050}
I9PROBE {"E":543186956559152038,"G":678294945380266918,"N1":[],"cases":[["numerically_unresolved","unresolved","unresolved"]],"codes":["LOAD_CATEGORY_PREVIEW_MAPPED","NUMERICAL_INTEGRITY_UNRESOLVED"],"entry":"typed","g_label":"E*2^30","member":"skew111","messages":["NUMERICAL_INTEGRITY_UNRESOLVED: Load case case: structural integrity: Range(\"arithmetic outside normal range\"); global_dof_map=[\"N0:UX\", \"N0:UY\", \"N0:UZ\", \"N0:RX\", \"N0:RY\", \"N0:RZ\", \"N1:UX\", \"N1:UY\", \"N1:UZ\", \"N1:RX\", \"N1:RY\", \"N1:RZ\"]; no structural rejection is bypassed by generic LU or output quantization"],"mode":"SparseInteractive","moment":22818238112010513,"status":"unresolved","t":-1050}
I9PROBE {"E":543186956559152038,"G":678294945380266918,"N1":[],"cases":[["numerically_unresolved","unresolved","unresolved"]],"codes":["LOAD_CATEGORY_PREVIEW_MAPPED","SOURCE_BLOCK_RECOVERY_UNAVAILABLE","NUMERICAL_INTEGRITY_UNRESOLVED"],"entry":"captured","g_label":"E*2^30","member":"skew111","messages":["NUMERICAL_INTEGRITY_UNRESOLVED: Load case case: structural integrity: Range(\"arithmetic outside normal range\"); global_dof_map=[\"N0:UX\", \"N0:UY\", \"N0:UZ\", \"N0:RX\", \"N0:RY\", \"N0:RZ\", \"N1:UX\", \"N1:UY\", \"N1:UZ\", \"N1:RX\", \"N1:RY\", \"N1:RZ\"]; no structural rejection is bypassed by generic LU or output quantization"],"mode":"DenseScrutiny","moment":22818238112010513,"status":"unresolved","t":-1050}
I9PROBE {"E":543186956559152038,"G":678294945380266918,"N1":[],"cases":[["numerically_unresolved","unresolved","unresolved"]],"codes":["LOAD_CATEGORY_PREVIEW_MAPPED","NUMERICAL_INTEGRITY_UNRESOLVED"],"entry":"typed","g_label":"E*2^30","member":"skew111","messages":["NUMERICAL_INTEGRITY_UNRESOLVED: Load case case: structural integrity: Range(\"arithmetic outside normal range\"); global_dof_map=[\"N0:UX\", \"N0:UY\", \"N0:UZ\", \"N0:RX\", \"N0:RY\", \"N0:RZ\", \"N1:UX\", \"N1:UY\", \"N1:UZ\", \"N1:RX\", \"N1:RY\", \"N1:RZ\"]; no structural rejection is bypassed by generic LU or output quantization"],"mode":"DenseScrutiny","moment":22818238112010513,"status":"unresolved","t":-1050}
I9PROBE {"E":543186956559152038,"G":678294945380266918,"N1":[],"cases":[["numerically_unresolved","unresolved","unresolved"]],"codes":["LOAD_CATEGORY_PREVIEW_MAPPED","SOURCE_BLOCK_RECOVERY_UNAVAILABLE","NUMERICAL_INTEGRITY_UNRESOLVED"],"entry":"captured","g_label":"E*2^30","member":"skew122","messages":["NUMERICAL_INTEGRITY_UNRESOLVED: Load case case: structural integrity: Range(\"arithmetic outside normal range\"); global_dof_map=[\"N0:UX\", \"N0:UY\", \"N0:UZ\", \"N0:RX\", \"N0:RY\", \"N0:RZ\", \"N1:UX\", \"N1:UY\", \"N1:UZ\", \"N1:RX\", \"N1:RY\", \"N1:RZ\"]; no structural rejection is bypassed by generic LU or output quantization"],"mode":"SparseInteractive","moment":22818238112010513,"status":"unresolved","t":-1050}
I9PROBE {"E":543186956559152038,"G":678294945380266918,"N1":[],"cases":[["numerically_unresolved","unresolved","unresolved"]],"codes":["LOAD_CATEGORY_PREVIEW_MAPPED","NUMERICAL_INTEGRITY_UNRESOLVED"],"entry":"typed","g_label":"E*2^30","member":"skew122","messages":["NUMERICAL_INTEGRITY_UNRESOLVED: Load case case: structural integrity: Range(\"arithmetic outside normal range\"); global_dof_map=[\"N0:UX\", \"N0:UY\", \"N0:UZ\", \"N0:RX\", \"N0:RY\", \"N0:RZ\", \"N1:UX\", \"N1:UY\", \"N1:UZ\", \"N1:RX\", \"N1:RY\", \"N1:RZ\"]; no structural rejection is bypassed by generic LU or output quantization"],"mode":"SparseInteractive","moment":22818238112010513,"status":"unresolved","t":-1050}
I9PROBE {"E":543186956559152038,"G":678294945380266918,"N1":[],"cases":[["numerically_unresolved","unresolved","unresolved"]],"codes":["LOAD_CATEGORY_PREVIEW_MAPPED","SOURCE_BLOCK_RECOVERY_UNAVAILABLE","NUMERICAL_INTEGRITY_UNRESOLVED"],"entry":"captured","g_label":"E*2^30","member":"skew122","messages":["NUMERICAL_INTEGRITY_UNRESOLVED: Load case case: structural integrity: Range(\"arithmetic outside normal range\"); global_dof_map=[\"N0:UX\", \"N0:UY\", \"N0:UZ\", \"N0:RX\", \"N0:RY\", \"N0:RZ\", \"N1:UX\", \"N1:UY\", \"N1:UZ\", \"N1:RX\", \"N1:RY\", \"N1:RZ\"]; no structural rejection is bypassed by generic LU or output quantization"],"mode":"DenseScrutiny","moment":22818238112010513,"status":"unresolved","t":-1050}
I9PROBE {"E":543186956559152038,"G":678294945380266918,"N1":[],"cases":[["numerically_unresolved","unresolved","unresolved"]],"codes":["LOAD_CATEGORY_PREVIEW_MAPPED","NUMERICAL_INTEGRITY_UNRESOLVED"],"entry":"typed","g_label":"E*2^30","member":"skew122","messages":["NUMERICAL_INTEGRITY_UNRESOLVED: Load case case: structural integrity: Range(\"arithmetic outside normal range\"); global_dof_map=[\"N0:UX\", \"N0:UY\", \"N0:UZ\", \"N0:RX\", \"N0:RY\", \"N0:RZ\", \"N1:UX\", \"N1:UY\", \"N1:UZ\", \"N1:RX\", \"N1:RY\", \"N1:RZ\"]; no structural rejection is bypassed by generic LU or output quantization"],"mode":"DenseScrutiny","moment":22818238112010513,"status":"unresolved","t":-1050}
I9PROBE {"E":543186956559152038,"G":705316543144489894,"N1":[],"cases":[["numerically_unresolved","unresolved","unresolved"]],"codes":["LOAD_CATEGORY_PREVIEW_MAPPED","SOURCE_BLOCK_RECOVERY_UNAVAILABLE","NUMERICAL_INTEGRITY_UNRESOLVED"],"entry":"captured","g_label":"E*2^36","member":"axis","messages":["NUMERICAL_INTEGRITY_UNRESOLVED: Load case case: structural integrity: Range(\"arithmetic outside normal range\"); global_dof_map=[\"N0:UX\", \"N0:UY\", \"N0:UZ\", \"N0:RX\", \"N0:RY\", \"N0:RZ\", \"N1:UX\", \"N1:UY\", \"N1:UZ\", \"N1:RX\", \"N1:RY\", \"N1:RZ\"]; no structural rejection is bypassed by generic LU or output quantization"],"mode":"SparseInteractive","moment":22818238112010513,"status":"unresolved","t":-1050}
I9PROBE {"E":543186956559152038,"G":705316543144489894,"N1":[],"cases":[["numerically_unresolved","unresolved","unresolved"]],"codes":["LOAD_CATEGORY_PREVIEW_MAPPED","NUMERICAL_INTEGRITY_UNRESOLVED"],"entry":"typed","g_label":"E*2^36","member":"axis","messages":["NUMERICAL_INTEGRITY_UNRESOLVED: Load case case: structural integrity: Range(\"arithmetic outside normal range\"); global_dof_map=[\"N0:UX\", \"N0:UY\", \"N0:UZ\", \"N0:RX\", \"N0:RY\", \"N0:RZ\", \"N1:UX\", \"N1:UY\", \"N1:UZ\", \"N1:RX\", \"N1:RY\", \"N1:RZ\"]; no structural rejection is bypassed by generic LU or output quantization"],"mode":"SparseInteractive","moment":22818238112010513,"status":"unresolved","t":-1050}
I9PROBE {"E":543186956559152038,"G":705316543144489894,"N1":[],"cases":[["numerically_unresolved","unresolved","unresolved"]],"codes":["LOAD_CATEGORY_PREVIEW_MAPPED","SOURCE_BLOCK_RECOVERY_UNAVAILABLE","NUMERICAL_INTEGRITY_UNRESOLVED"],"entry":"captured","g_label":"E*2^36","member":"axis","messages":["NUMERICAL_INTEGRITY_UNRESOLVED: Load case case: structural integrity: Range(\"arithmetic outside normal range\"); global_dof_map=[\"N0:UX\", \"N0:UY\", \"N0:UZ\", \"N0:RX\", \"N0:RY\", \"N0:RZ\", \"N1:UX\", \"N1:UY\", \"N1:UZ\", \"N1:RX\", \"N1:RY\", \"N1:RZ\"]; no structural rejection is bypassed by generic LU or output quantization"],"mode":"DenseScrutiny","moment":22818238112010513,"status":"unresolved","t":-1050}
I9PROBE {"E":543186956559152038,"G":705316543144489894,"N1":[],"cases":[["numerically_unresolved","unresolved","unresolved"]],"codes":["LOAD_CATEGORY_PREVIEW_MAPPED","NUMERICAL_INTEGRITY_UNRESOLVED"],"entry":"typed","g_label":"E*2^36","member":"axis","messages":["NUMERICAL_INTEGRITY_UNRESOLVED: Load case case: structural integrity: Range(\"arithmetic outside normal range\"); global_dof_map=[\"N0:UX\", \"N0:UY\", \"N0:UZ\", \"N0:RX\", \"N0:RY\", \"N0:RZ\", \"N1:UX\", \"N1:UY\", \"N1:UZ\", \"N1:RX\", \"N1:RY\", \"N1:RZ\"]; no structural rejection is bypassed by generic LU or output quantization"],"mode":"DenseScrutiny","moment":22818238112010513,"status":"unresolved","t":-1050}
I9PROBE {"E":543186956559152038,"G":705316543144489894,"N1":[],"cases":[["numerically_unresolved","unresolved","unresolved"]],"codes":["LOAD_CATEGORY_PREVIEW_MAPPED","SOURCE_BLOCK_RECOVERY_UNAVAILABLE","NUMERICAL_INTEGRITY_UNRESOLVED"],"entry":"captured","g_label":"E*2^36","member":"skew111","messages":["NUMERICAL_INTEGRITY_UNRESOLVED: Load case case: structural integrity: Range(\"arithmetic outside normal range\"); global_dof_map=[\"N0:UX\", \"N0:UY\", \"N0:UZ\", \"N0:RX\", \"N0:RY\", \"N0:RZ\", \"N1:UX\", \"N1:UY\", \"N1:UZ\", \"N1:RX\", \"N1:RY\", \"N1:RZ\"]; no structural rejection is bypassed by generic LU or output quantization"],"mode":"SparseInteractive","moment":22818238112010513,"status":"unresolved","t":-1050}
I9PROBE {"E":543186956559152038,"G":705316543144489894,"N1":[],"cases":[["numerically_unresolved","unresolved","unresolved"]],"codes":["LOAD_CATEGORY_PREVIEW_MAPPED","NUMERICAL_INTEGRITY_UNRESOLVED"],"entry":"typed","g_label":"E*2^36","member":"skew111","messages":["NUMERICAL_INTEGRITY_UNRESOLVED: Load case case: structural integrity: Range(\"arithmetic outside normal range\"); global_dof_map=[\"N0:UX\", \"N0:UY\", \"N0:UZ\", \"N0:RX\", \"N0:RY\", \"N0:RZ\", \"N1:UX\", \"N1:UY\", \"N1:UZ\", \"N1:RX\", \"N1:RY\", \"N1:RZ\"]; no structural rejection is bypassed by generic LU or output quantization"],"mode":"SparseInteractive","moment":22818238112010513,"status":"unresolved","t":-1050}
I9PROBE {"E":543186956559152038,"G":705316543144489894,"N1":[],"cases":[["numerically_unresolved","unresolved","unresolved"]],"codes":["LOAD_CATEGORY_PREVIEW_MAPPED","SOURCE_BLOCK_RECOVERY_UNAVAILABLE","NUMERICAL_INTEGRITY_UNRESOLVED"],"entry":"captured","g_label":"E*2^36","member":"skew111","messages":["NUMERICAL_INTEGRITY_UNRESOLVED: Load case case: structural integrity: Range(\"arithmetic outside normal range\"); global_dof_map=[\"N0:UX\", \"N0:UY\", \"N0:UZ\", \"N0:RX\", \"N0:RY\", \"N0:RZ\", \"N1:UX\", \"N1:UY\", \"N1:UZ\", \"N1:RX\", \"N1:RY\", \"N1:RZ\"]; no structural rejection is bypassed by generic LU or output quantization"],"mode":"DenseScrutiny","moment":22818238112010513,"status":"unresolved","t":-1050}
I9PROBE {"E":543186956559152038,"G":705316543144489894,"N1":[],"cases":[["numerically_unresolved","unresolved","unresolved"]],"codes":["LOAD_CATEGORY_PREVIEW_MAPPED","NUMERICAL_INTEGRITY_UNRESOLVED"],"entry":"typed","g_label":"E*2^36","member":"skew111","messages":["NUMERICAL_INTEGRITY_UNRESOLVED: Load case case: structural integrity: Range(\"arithmetic outside normal range\"); global_dof_map=[\"N0:UX\", \"N0:UY\", \"N0:UZ\", \"N0:RX\", \"N0:RY\", \"N0:RZ\", \"N1:UX\", \"N1:UY\", \"N1:UZ\", \"N1:RX\", \"N1:RY\", \"N1:RZ\"]; no structural rejection is bypassed by generic LU or output quantization"],"mode":"DenseScrutiny","moment":22818238112010513,"status":"unresolved","t":-1050}
I9PROBE {"E":543186956559152038,"G":705316543144489894,"N1":[],"cases":[["numerically_unresolved","unresolved","unresolved"]],"codes":["LOAD_CATEGORY_PREVIEW_MAPPED","SOURCE_BLOCK_RECOVERY_UNAVAILABLE","NUMERICAL_INTEGRITY_UNRESOLVED"],"entry":"captured","g_label":"E*2^36","member":"skew122","messages":["NUMERICAL_INTEGRITY_UNRESOLVED: Load case case: structural integrity: Range(\"arithmetic outside normal range\"); global_dof_map=[\"N0:UX\", \"N0:UY\", \"N0:UZ\", \"N0:RX\", \"N0:RY\", \"N0:RZ\", \"N1:UX\", \"N1:UY\", \"N1:UZ\", \"N1:RX\", \"N1:RY\", \"N1:RZ\"]; no structural rejection is bypassed by generic LU or output quantization"],"mode":"SparseInteractive","moment":22818238112010513,"status":"unresolved","t":-1050}
I9PROBE {"E":543186956559152038,"G":705316543144489894,"N1":[],"cases":[["numerically_unresolved","unresolved","unresolved"]],"codes":["LOAD_CATEGORY_PREVIEW_MAPPED","NUMERICAL_INTEGRITY_UNRESOLVED"],"entry":"typed","g_label":"E*2^36","member":"skew122","messages":["NUMERICAL_INTEGRITY_UNRESOLVED: Load case case: structural integrity: Range(\"arithmetic outside normal range\"); global_dof_map=[\"N0:UX\", \"N0:UY\", \"N0:UZ\", \"N0:RX\", \"N0:RY\", \"N0:RZ\", \"N1:UX\", \"N1:UY\", \"N1:UZ\", \"N1:RX\", \"N1:RY\", \"N1:RZ\"]; no structural rejection is bypassed by generic LU or output quantization"],"mode":"SparseInteractive","moment":22818238112010513,"status":"unresolved","t":-1050}
I9PROBE {"E":543186956559152038,"G":705316543144489894,"N1":[],"cases":[["numerically_unresolved","unresolved","unresolved"]],"codes":["LOAD_CATEGORY_PREVIEW_MAPPED","SOURCE_BLOCK_RECOVERY_UNAVAILABLE","NUMERICAL_INTEGRITY_UNRESOLVED"],"entry":"captured","g_label":"E*2^36","member":"skew122","messages":["NUMERICAL_INTEGRITY_UNRESOLVED: Load case case: structural integrity: Range(\"arithmetic outside normal range\"); global_dof_map=[\"N0:UX\", \"N0:UY\", \"N0:UZ\", \"N0:RX\", \"N0:RY\", \"N0:RZ\", \"N1:UX\", \"N1:UY\", \"N1:UZ\", \"N1:RX\", \"N1:RY\", \"N1:RZ\"]; no structural rejection is bypassed by generic LU or output quantization"],"mode":"DenseScrutiny","moment":22818238112010513,"status":"unresolved","t":-1050}
I9PROBE {"E":543186956559152038,"G":705316543144489894,"N1":[],"cases":[["numerically_unresolved","unresolved","unresolved"]],"codes":["LOAD_CATEGORY_PREVIEW_MAPPED","NUMERICAL_INTEGRITY_UNRESOLVED"],"entry":"typed","g_label":"E*2^36","member":"skew122","messages":["NUMERICAL_INTEGRITY_UNRESOLVED: Load case case: structural integrity: Range(\"arithmetic outside normal range\"); global_dof_map=[\"N0:UX\", \"N0:UY\", \"N0:UZ\", \"N0:RX\", \"N0:RY\", \"N0:RZ\", \"N1:UX\", \"N1:UY\", \"N1:UZ\", \"N1:RX\", \"N1:RY\", \"N1:RZ\"]; no structural rejection is bypassed by generic LU or output quantization"],"mode":"DenseScrutiny","moment":22818238112010513,"status":"unresolved","t":-1050}
I9PROBE {"E":543186956559152038,"G":723330941653971878,"N1":[],"cases":[["numerically_unresolved","unresolved","unresolved"]],"codes":["LOAD_CATEGORY_PREVIEW_MAPPED","SOURCE_BLOCK_RECOVERY_UNAVAILABLE","NUMERICAL_INTEGRITY_UNRESOLVED"],"entry":"captured","g_label":"E*2^40","member":"axis","messages":["NUMERICAL_INTEGRITY_UNRESOLVED: Load case case: structural integrity: Range(\"arithmetic outside normal range\"); global_dof_map=[\"N0:UX\", \"N0:UY\", \"N0:UZ\", \"N0:RX\", \"N0:RY\", \"N0:RZ\", \"N1:UX\", \"N1:UY\", \"N1:UZ\", \"N1:RX\", \"N1:RY\", \"N1:RZ\"]; no structural rejection is bypassed by generic LU or output quantization"],"mode":"SparseInteractive","moment":22818238112010513,"status":"unresolved","t":-1050}
I9PROBE {"E":543186956559152038,"G":723330941653971878,"N1":[],"cases":[["numerically_unresolved","unresolved","unresolved"]],"codes":["LOAD_CATEGORY_PREVIEW_MAPPED","NUMERICAL_INTEGRITY_UNRESOLVED"],"entry":"typed","g_label":"E*2^40","member":"axis","messages":["NUMERICAL_INTEGRITY_UNRESOLVED: Load case case: structural integrity: Range(\"arithmetic outside normal range\"); global_dof_map=[\"N0:UX\", \"N0:UY\", \"N0:UZ\", \"N0:RX\", \"N0:RY\", \"N0:RZ\", \"N1:UX\", \"N1:UY\", \"N1:UZ\", \"N1:RX\", \"N1:RY\", \"N1:RZ\"]; no structural rejection is bypassed by generic LU or output quantization"],"mode":"SparseInteractive","moment":22818238112010513,"status":"unresolved","t":-1050}
I9PROBE {"E":543186956559152038,"G":723330941653971878,"N1":[],"cases":[["numerically_unresolved","unresolved","unresolved"]],"codes":["LOAD_CATEGORY_PREVIEW_MAPPED","SOURCE_BLOCK_RECOVERY_UNAVAILABLE","NUMERICAL_INTEGRITY_UNRESOLVED"],"entry":"captured","g_label":"E*2^40","member":"axis","messages":["NUMERICAL_INTEGRITY_UNRESOLVED: Load case case: structural integrity: Range(\"arithmetic outside normal range\"); global_dof_map=[\"N0:UX\", \"N0:UY\", \"N0:UZ\", \"N0:RX\", \"N0:RY\", \"N0:RZ\", \"N1:UX\", \"N1:UY\", \"N1:UZ\", \"N1:RX\", \"N1:RY\", \"N1:RZ\"]; no structural rejection is bypassed by generic LU or output quantization"],"mode":"DenseScrutiny","moment":22818238112010513,"status":"unresolved","t":-1050}
I9PROBE {"E":543186956559152038,"G":723330941653971878,"N1":[],"cases":[["numerically_unresolved","unresolved","unresolved"]],"codes":["LOAD_CATEGORY_PREVIEW_MAPPED","NUMERICAL_INTEGRITY_UNRESOLVED"],"entry":"typed","g_label":"E*2^40","member":"axis","messages":["NUMERICAL_INTEGRITY_UNRESOLVED: Load case case: structural integrity: Range(\"arithmetic outside normal range\"); global_dof_map=[\"N0:UX\", \"N0:UY\", \"N0:UZ\", \"N0:RX\", \"N0:RY\", \"N0:RZ\", \"N1:UX\", \"N1:UY\", \"N1:UZ\", \"N1:RX\", \"N1:RY\", \"N1:RZ\"]; no structural rejection is bypassed by generic LU or output quantization"],"mode":"DenseScrutiny","moment":22818238112010513,"status":"unresolved","t":-1050}
I9PROBE {"E":543186956559152038,"G":723330941653971878,"N1":[],"cases":[["numerically_unresolved","unresolved","unresolved"]],"codes":["LOAD_CATEGORY_PREVIEW_MAPPED","SOURCE_BLOCK_RECOVERY_UNAVAILABLE","NUMERICAL_INTEGRITY_UNRESOLVED"],"entry":"captured","g_label":"E*2^40","member":"skew111","messages":["NUMERICAL_INTEGRITY_UNRESOLVED: Load case case: structural integrity: Range(\"arithmetic outside normal range\"); global_dof_map=[\"N0:UX\", \"N0:UY\", \"N0:UZ\", \"N0:RX\", \"N0:RY\", \"N0:RZ\", \"N1:UX\", \"N1:UY\", \"N1:UZ\", \"N1:RX\", \"N1:RY\", \"N1:RZ\"]; no structural rejection is bypassed by generic LU or output quantization"],"mode":"SparseInteractive","moment":22818238112010513,"status":"unresolved","t":-1050}
I9PROBE {"E":543186956559152038,"G":723330941653971878,"N1":[],"cases":[["numerically_unresolved","unresolved","unresolved"]],"codes":["LOAD_CATEGORY_PREVIEW_MAPPED","NUMERICAL_INTEGRITY_UNRESOLVED"],"entry":"typed","g_label":"E*2^40","member":"skew111","messages":["NUMERICAL_INTEGRITY_UNRESOLVED: Load case case: structural integrity: Range(\"arithmetic outside normal range\"); global_dof_map=[\"N0:UX\", \"N0:UY\", \"N0:UZ\", \"N0:RX\", \"N0:RY\", \"N0:RZ\", \"N1:UX\", \"N1:UY\", \"N1:UZ\", \"N1:RX\", \"N1:RY\", \"N1:RZ\"]; no structural rejection is bypassed by generic LU or output quantization"],"mode":"SparseInteractive","moment":22818238112010513,"status":"unresolved","t":-1050}
I9PROBE {"E":543186956559152038,"G":723330941653971878,"N1":[],"cases":[["numerically_unresolved","unresolved","unresolved"]],"codes":["LOAD_CATEGORY_PREVIEW_MAPPED","SOURCE_BLOCK_RECOVERY_UNAVAILABLE","NUMERICAL_INTEGRITY_UNRESOLVED"],"entry":"captured","g_label":"E*2^40","member":"skew111","messages":["NUMERICAL_INTEGRITY_UNRESOLVED: Load case case: structural integrity: Range(\"arithmetic outside normal range\"); global_dof_map=[\"N0:UX\", \"N0:UY\", \"N0:UZ\", \"N0:RX\", \"N0:RY\", \"N0:RZ\", \"N1:UX\", \"N1:UY\", \"N1:UZ\", \"N1:RX\", \"N1:RY\", \"N1:RZ\"]; no structural rejection is bypassed by generic LU or output quantization"],"mode":"DenseScrutiny","moment":22818238112010513,"status":"unresolved","t":-1050}
I9PROBE {"E":543186956559152038,"G":723330941653971878,"N1":[],"cases":[["numerically_unresolved","unresolved","unresolved"]],"codes":["LOAD_CATEGORY_PREVIEW_MAPPED","NUMERICAL_INTEGRITY_UNRESOLVED"],"entry":"typed","g_label":"E*2^40","member":"skew111","messages":["NUMERICAL_INTEGRITY_UNRESOLVED: Load case case: structural integrity: Range(\"arithmetic outside normal range\"); global_dof_map=[\"N0:UX\", \"N0:UY\", \"N0:UZ\", \"N0:RX\", \"N0:RY\", \"N0:RZ\", \"N1:UX\", \"N1:UY\", \"N1:UZ\", \"N1:RX\", \"N1:RY\", \"N1:RZ\"]; no structural rejection is bypassed by generic LU or output quantization"],"mode":"DenseScrutiny","moment":22818238112010513,"status":"unresolved","t":-1050}
I9PROBE {"E":543186956559152038,"G":723330941653971878,"N1":[],"cases":[["numerically_unresolved","unresolved","unresolved"]],"codes":["LOAD_CATEGORY_PREVIEW_MAPPED","SOURCE_BLOCK_RECOVERY_UNAVAILABLE","NUMERICAL_INTEGRITY_UNRESOLVED"],"entry":"captured","g_label":"E*2^40","member":"skew122","messages":["NUMERICAL_INTEGRITY_UNRESOLVED: Load case case: structural integrity: Range(\"arithmetic outside normal range\"); global_dof_map=[\"N0:UX\", \"N0:UY\", \"N0:UZ\", \"N0:RX\", \"N0:RY\", \"N0:RZ\", \"N1:UX\", \"N1:UY\", \"N1:UZ\", \"N1:RX\", \"N1:RY\", \"N1:RZ\"]; no structural rejection is bypassed by generic LU or output quantization"],"mode":"SparseInteractive","moment":22818238112010513,"status":"unresolved","t":-1050}
I9PROBE {"E":543186956559152038,"G":723330941653971878,"N1":[],"cases":[["numerically_unresolved","unresolved","unresolved"]],"codes":["LOAD_CATEGORY_PREVIEW_MAPPED","NUMERICAL_INTEGRITY_UNRESOLVED"],"entry":"typed","g_label":"E*2^40","member":"skew122","messages":["NUMERICAL_INTEGRITY_UNRESOLVED: Load case case: structural integrity: Range(\"arithmetic outside normal range\"); global_dof_map=[\"N0:UX\", \"N0:UY\", \"N0:UZ\", \"N0:RX\", \"N0:RY\", \"N0:RZ\", \"N1:UX\", \"N1:UY\", \"N1:UZ\", \"N1:RX\", \"N1:RY\", \"N1:RZ\"]; no structural rejection is bypassed by generic LU or output quantization"],"mode":"SparseInteractive","moment":22818238112010513,"status":"unresolved","t":-1050}
I9PROBE {"E":543186956559152038,"G":723330941653971878,"N1":[],"cases":[["numerically_unresolved","unresolved","unresolved"]],"codes":["LOAD_CATEGORY_PREVIEW_MAPPED","SOURCE_BLOCK_RECOVERY_UNAVAILABLE","NUMERICAL_INTEGRITY_UNRESOLVED"],"entry":"captured","g_label":"E*2^40","member":"skew122","messages":["NUMERICAL_INTEGRITY_UNRESOLVED: Load case case: structural integrity: Range(\"arithmetic outside normal range\"); global_dof_map=[\"N0:UX\", \"N0:UY\", \"N0:UZ\", \"N0:RX\", \"N0:RY\", \"N0:RZ\", \"N1:UX\", \"N1:UY\", \"N1:UZ\", \"N1:RX\", \"N1:RY\", \"N1:RZ\"]; no structural rejection is bypassed by generic LU or output quantization"],"mode":"DenseScrutiny","moment":22818238112010513,"status":"unresolved","t":-1050}
I9PROBE {"E":543186956559152038,"G":723330941653971878,"N1":[],"cases":[["numerically_unresolved","unresolved","unresolved"]],"codes":["LOAD_CATEGORY_PREVIEW_MAPPED","NUMERICAL_INTEGRITY_UNRESOLVED"],"entry":"typed","g_label":"E*2^40","member":"skew122","messages":["NUMERICAL_INTEGRITY_UNRESOLVED: Load case case: structural integrity: Range(\"arithmetic outside normal range\"); global_dof_map=[\"N0:UX\", \"N0:UY\", \"N0:UZ\", \"N0:RX\", \"N0:RY\", \"N0:RZ\", \"N1:UX\", \"N1:UY\", \"N1:UZ\", \"N1:RX\", \"N1:RY\", \"N1:RZ\"]; no structural rejection is bypassed by generic LU or output quantization"],"mode":"DenseScrutiny","moment":22818238112010513,"status":"unresolved","t":-1050}
I9PROBE {"E":543186956559152038,"G":759359738672935846,"N1":[],"cases":[["numerically_unresolved","unresolved","unresolved"]],"codes":["LOAD_CATEGORY_PREVIEW_MAPPED","SOURCE_BLOCK_RECOVERY_UNAVAILABLE","NUMERICAL_INTEGRITY_UNRESOLVED"],"entry":"captured","g_label":"E*2^48","member":"axis","messages":["NUMERICAL_INTEGRITY_UNRESOLVED: Load case case: structural integrity: Range(\"arithmetic outside normal range\"); global_dof_map=[\"N0:UX\", \"N0:UY\", \"N0:UZ\", \"N0:RX\", \"N0:RY\", \"N0:RZ\", \"N1:UX\", \"N1:UY\", \"N1:UZ\", \"N1:RX\", \"N1:RY\", \"N1:RZ\"]; no structural rejection is bypassed by generic LU or output quantization"],"mode":"SparseInteractive","moment":22818238112010513,"status":"unresolved","t":-1050}
I9PROBE {"E":543186956559152038,"G":759359738672935846,"N1":[],"cases":[["numerically_unresolved","unresolved","unresolved"]],"codes":["LOAD_CATEGORY_PREVIEW_MAPPED","NUMERICAL_INTEGRITY_UNRESOLVED"],"entry":"typed","g_label":"E*2^48","member":"axis","messages":["NUMERICAL_INTEGRITY_UNRESOLVED: Load case case: structural integrity: Range(\"arithmetic outside normal range\"); global_dof_map=[\"N0:UX\", \"N0:UY\", \"N0:UZ\", \"N0:RX\", \"N0:RY\", \"N0:RZ\", \"N1:UX\", \"N1:UY\", \"N1:UZ\", \"N1:RX\", \"N1:RY\", \"N1:RZ\"]; no structural rejection is bypassed by generic LU or output quantization"],"mode":"SparseInteractive","moment":22818238112010513,"status":"unresolved","t":-1050}
I9PROBE {"E":543186956559152038,"G":759359738672935846,"N1":[],"cases":[["numerically_unresolved","unresolved","unresolved"]],"codes":["LOAD_CATEGORY_PREVIEW_MAPPED","SOURCE_BLOCK_RECOVERY_UNAVAILABLE","NUMERICAL_INTEGRITY_UNRESOLVED"],"entry":"captured","g_label":"E*2^48","member":"axis","messages":["NUMERICAL_INTEGRITY_UNRESOLVED: Load case case: structural integrity: Range(\"arithmetic outside normal range\"); global_dof_map=[\"N0:UX\", \"N0:UY\", \"N0:UZ\", \"N0:RX\", \"N0:RY\", \"N0:RZ\", \"N1:UX\", \"N1:UY\", \"N1:UZ\", \"N1:RX\", \"N1:RY\", \"N1:RZ\"]; no structural rejection is bypassed by generic LU or output quantization"],"mode":"DenseScrutiny","moment":22818238112010513,"status":"unresolved","t":-1050}
I9PROBE {"E":543186956559152038,"G":759359738672935846,"N1":[],"cases":[["numerically_unresolved","unresolved","unresolved"]],"codes":["LOAD_CATEGORY_PREVIEW_MAPPED","NUMERICAL_INTEGRITY_UNRESOLVED"],"entry":"typed","g_label":"E*2^48","member":"axis","messages":["NUMERICAL_INTEGRITY_UNRESOLVED: Load case case: structural integrity: Range(\"arithmetic outside normal range\"); global_dof_map=[\"N0:UX\", \"N0:UY\", \"N0:UZ\", \"N0:RX\", \"N0:RY\", \"N0:RZ\", \"N1:UX\", \"N1:UY\", \"N1:UZ\", \"N1:RX\", \"N1:RY\", \"N1:RZ\"]; no structural rejection is bypassed by generic LU or output quantization"],"mode":"DenseScrutiny","moment":22818238112010513,"status":"unresolved","t":-1050}
I9PROBE {"E":543186956559152038,"G":759359738672935846,"N1":[],"cases":[["numerically_unresolved","unresolved","unresolved"]],"codes":["LOAD_CATEGORY_PREVIEW_MAPPED","SOURCE_BLOCK_RECOVERY_UNAVAILABLE","NUMERICAL_INTEGRITY_UNRESOLVED"],"entry":"captured","g_label":"E*2^48","member":"skew111","messages":["NUMERICAL_INTEGRITY_UNRESOLVED: Load case case: structural integrity: NumericallyUnresolved { reason: \"nonpositive or cancellation-unresolved structural pivot\", global_dof: Some(11) }; global_dof_map=[\"N0:UX\", \"N0:UY\", \"N0:UZ\", \"N0:RX\", \"N0:RY\", \"N0:RZ\", \"N1:UX\", \"N1:UY\", \"N1:UZ\", \"N1:RX\", \"N1:RY\", \"N1:RZ\"]; no structural rejectio"],"mode":"SparseInteractive","moment":22818238112010513,"status":"unresolved","t":-1050}
I9PROBE {"E":543186956559152038,"G":759359738672935846,"N1":[],"cases":[["numerically_unresolved","unresolved","unresolved"]],"codes":["LOAD_CATEGORY_PREVIEW_MAPPED","NUMERICAL_INTEGRITY_UNRESOLVED"],"entry":"typed","g_label":"E*2^48","member":"skew111","messages":["NUMERICAL_INTEGRITY_UNRESOLVED: Load case case: structural integrity: NumericallyUnresolved { reason: \"nonpositive or cancellation-unresolved structural pivot\", global_dof: Some(11) }; global_dof_map=[\"N0:UX\", \"N0:UY\", \"N0:UZ\", \"N0:RX\", \"N0:RY\", \"N0:RZ\", \"N1:UX\", \"N1:UY\", \"N1:UZ\", \"N1:RX\", \"N1:RY\", \"N1:RZ\"]; no structural rejectio"],"mode":"SparseInteractive","moment":22818238112010513,"status":"unresolved","t":-1050}
I9PROBE {"E":543186956559152038,"G":759359738672935846,"N1":[],"cases":[["numerically_unresolved","unresolved","unresolved"]],"codes":["LOAD_CATEGORY_PREVIEW_MAPPED","SOURCE_BLOCK_RECOVERY_UNAVAILABLE","NUMERICAL_INTEGRITY_UNRESOLVED"],"entry":"captured","g_label":"E*2^48","member":"skew111","messages":["NUMERICAL_INTEGRITY_UNRESOLVED: Load case case: structural integrity: NumericallyUnresolved { reason: \"nonpositive or cancellation-unresolved structural pivot\", global_dof: Some(10) }; global_dof_map=[\"N0:UX\", \"N0:UY\", \"N0:UZ\", \"N0:RX\", \"N0:RY\", \"N0:RZ\", \"N1:UX\", \"N1:UY\", \"N1:UZ\", \"N1:RX\", \"N1:RY\", \"N1:RZ\"]; no structural rejectio"],"mode":"DenseScrutiny","moment":22818238112010513,"status":"unresolved","t":-1050}
I9PROBE {"E":543186956559152038,"G":759359738672935846,"N1":[],"cases":[["numerically_unresolved","unresolved","unresolved"]],"codes":["LOAD_CATEGORY_PREVIEW_MAPPED","NUMERICAL_INTEGRITY_UNRESOLVED"],"entry":"typed","g_label":"E*2^48","member":"skew111","messages":["NUMERICAL_INTEGRITY_UNRESOLVED: Load case case: structural integrity: NumericallyUnresolved { reason: \"nonpositive or cancellation-unresolved structural pivot\", global_dof: Some(10) }; global_dof_map=[\"N0:UX\", \"N0:UY\", \"N0:UZ\", \"N0:RX\", \"N0:RY\", \"N0:RZ\", \"N1:UX\", \"N1:UY\", \"N1:UZ\", \"N1:RX\", \"N1:RY\", \"N1:RZ\"]; no structural rejectio"],"mode":"DenseScrutiny","moment":22818238112010513,"status":"unresolved","t":-1050}
I9PROBE {"E":543186956559152038,"G":759359738672935846,"N1":[],"cases":[["numerically_unresolved","unresolved","unresolved"]],"codes":["LOAD_CATEGORY_PREVIEW_MAPPED","SOURCE_BLOCK_RECOVERY_UNAVAILABLE","NUMERICAL_INTEGRITY_UNRESOLVED"],"entry":"captured","g_label":"E*2^48","member":"skew122","messages":["NUMERICAL_INTEGRITY_UNRESOLVED: Load case case: structural integrity: NumericallyUnresolved { reason: \"nonpositive or cancellation-unresolved structural pivot\", global_dof: Some(10) }; global_dof_map=[\"N0:UX\", \"N0:UY\", \"N0:UZ\", \"N0:RX\", \"N0:RY\", \"N0:RZ\", \"N1:UX\", \"N1:UY\", \"N1:UZ\", \"N1:RX\", \"N1:RY\", \"N1:RZ\"]; no structural rejectio"],"mode":"SparseInteractive","moment":22818238112010513,"status":"unresolved","t":-1050}
I9PROBE {"E":543186956559152038,"G":759359738672935846,"N1":[],"cases":[["numerically_unresolved","unresolved","unresolved"]],"codes":["LOAD_CATEGORY_PREVIEW_MAPPED","NUMERICAL_INTEGRITY_UNRESOLVED"],"entry":"typed","g_label":"E*2^48","member":"skew122","messages":["NUMERICAL_INTEGRITY_UNRESOLVED: Load case case: structural integrity: NumericallyUnresolved { reason: \"nonpositive or cancellation-unresolved structural pivot\", global_dof: Some(10) }; global_dof_map=[\"N0:UX\", \"N0:UY\", \"N0:UZ\", \"N0:RX\", \"N0:RY\", \"N0:RZ\", \"N1:UX\", \"N1:UY\", \"N1:UZ\", \"N1:RX\", \"N1:RY\", \"N1:RZ\"]; no structural rejectio"],"mode":"SparseInteractive","moment":22818238112010513,"status":"unresolved","t":-1050}
I9PROBE {"E":543186956559152038,"G":759359738672935846,"N1":[],"cases":[["numerically_unresolved","unresolved","unresolved"]],"codes":["LOAD_CATEGORY_PREVIEW_MAPPED","SOURCE_BLOCK_RECOVERY_UNAVAILABLE","NUMERICAL_INTEGRITY_UNRESOLVED"],"entry":"captured","g_label":"E*2^48","member":"skew122","messages":["NUMERICAL_INTEGRITY_UNRESOLVED: Load case case: structural integrity: NumericallyUnresolved { reason: \"nonpositive or cancellation-unresolved structural pivot\", global_dof: Some(10) }; global_dof_map=[\"N0:UX\", \"N0:UY\", \"N0:UZ\", \"N0:RX\", \"N0:RY\", \"N0:RZ\", \"N1:UX\", \"N1:UY\", \"N1:UZ\", \"N1:RX\", \"N1:RY\", \"N1:RZ\"]; no structural rejectio"],"mode":"DenseScrutiny","moment":22818238112010513,"status":"unresolved","t":-1050}
I9PROBE {"E":543186956559152038,"G":759359738672935846,"N1":[],"cases":[["numerically_unresolved","unresolved","unresolved"]],"codes":["LOAD_CATEGORY_PREVIEW_MAPPED","NUMERICAL_INTEGRITY_UNRESOLVED"],"entry":"typed","g_label":"E*2^48","member":"skew122","messages":["NUMERICAL_INTEGRITY_UNRESOLVED: Load case case: structural integrity: NumericallyUnresolved { reason: \"nonpositive or cancellation-unresolved structural pivot\", global_dof: Some(10) }; global_dof_map=[\"N0:UX\", \"N0:UY\", \"N0:UZ\", \"N0:RX\", \"N0:RY\", \"N0:RZ\", \"N1:UX\", \"N1:UY\", \"N1:UZ\", \"N1:RX\", \"N1:RY\", \"N1:RZ\"]; no structural rejectio"],"mode":"DenseScrutiny","moment":22818238112010513,"status":"unresolved","t":-1050}
I9PROBE {"E":543186956559152038,"G":795388535691899814,"N1":[],"cases":[["numerically_unresolved","unresolved","unresolved"]],"codes":["LOAD_CATEGORY_PREVIEW_MAPPED","SOURCE_BLOCK_RECOVERY_UNAVAILABLE","NUMERICAL_INTEGRITY_UNRESOLVED"],"entry":"captured","g_label":"E*2^56","member":"axis","messages":["NUMERICAL_INTEGRITY_UNRESOLVED: Load case case: structural integrity: Range(\"arithmetic outside normal range\"); global_dof_map=[\"N0:UX\", \"N0:UY\", \"N0:UZ\", \"N0:RX\", \"N0:RY\", \"N0:RZ\", \"N1:UX\", \"N1:UY\", \"N1:UZ\", \"N1:RX\", \"N1:RY\", \"N1:RZ\"]; no structural rejection is bypassed by generic LU or output quantization"],"mode":"SparseInteractive","moment":22818238112010513,"status":"unresolved","t":-1050}
I9PROBE {"E":543186956559152038,"G":795388535691899814,"N1":[],"cases":[["numerically_unresolved","unresolved","unresolved"]],"codes":["LOAD_CATEGORY_PREVIEW_MAPPED","NUMERICAL_INTEGRITY_UNRESOLVED"],"entry":"typed","g_label":"E*2^56","member":"axis","messages":["NUMERICAL_INTEGRITY_UNRESOLVED: Load case case: structural integrity: Range(\"arithmetic outside normal range\"); global_dof_map=[\"N0:UX\", \"N0:UY\", \"N0:UZ\", \"N0:RX\", \"N0:RY\", \"N0:RZ\", \"N1:UX\", \"N1:UY\", \"N1:UZ\", \"N1:RX\", \"N1:RY\", \"N1:RZ\"]; no structural rejection is bypassed by generic LU or output quantization"],"mode":"SparseInteractive","moment":22818238112010513,"status":"unresolved","t":-1050}
I9PROBE {"E":543186956559152038,"G":795388535691899814,"N1":[],"cases":[["numerically_unresolved","unresolved","unresolved"]],"codes":["LOAD_CATEGORY_PREVIEW_MAPPED","SOURCE_BLOCK_RECOVERY_UNAVAILABLE","NUMERICAL_INTEGRITY_UNRESOLVED"],"entry":"captured","g_label":"E*2^56","member":"axis","messages":["NUMERICAL_INTEGRITY_UNRESOLVED: Load case case: structural integrity: Range(\"arithmetic outside normal range\"); global_dof_map=[\"N0:UX\", \"N0:UY\", \"N0:UZ\", \"N0:RX\", \"N0:RY\", \"N0:RZ\", \"N1:UX\", \"N1:UY\", \"N1:UZ\", \"N1:RX\", \"N1:RY\", \"N1:RZ\"]; no structural rejection is bypassed by generic LU or output quantization"],"mode":"DenseScrutiny","moment":22818238112010513,"status":"unresolved","t":-1050}
I9PROBE {"E":543186956559152038,"G":795388535691899814,"N1":[],"cases":[["numerically_unresolved","unresolved","unresolved"]],"codes":["LOAD_CATEGORY_PREVIEW_MAPPED","NUMERICAL_INTEGRITY_UNRESOLVED"],"entry":"typed","g_label":"E*2^56","member":"axis","messages":["NUMERICAL_INTEGRITY_UNRESOLVED: Load case case: structural integrity: Range(\"arithmetic outside normal range\"); global_dof_map=[\"N0:UX\", \"N0:UY\", \"N0:UZ\", \"N0:RX\", \"N0:RY\", \"N0:RZ\", \"N1:UX\", \"N1:UY\", \"N1:UZ\", \"N1:RX\", \"N1:RY\", \"N1:RZ\"]; no structural rejection is bypassed by generic LU or output quantization"],"mode":"DenseScrutiny","moment":22818238112010513,"status":"unresolved","t":-1050}
I9PROBE {"E":543186956559152038,"G":795388535691899814,"N1":[],"cases":[["numerically_unresolved","unresolved","unresolved"]],"codes":["LOAD_CATEGORY_PREVIEW_MAPPED","SOURCE_BLOCK_RECOVERY_UNAVAILABLE","NUMERICAL_INTEGRITY_UNRESOLVED"],"entry":"captured","g_label":"E*2^56","member":"skew111","messages":["NUMERICAL_INTEGRITY_UNRESOLVED: Load case case: structural integrity: NumericallyUnresolved { reason: \"nonpositive or cancellation-unresolved structural pivot\", global_dof: Some(11) }; global_dof_map=[\"N0:UX\", \"N0:UY\", \"N0:UZ\", \"N0:RX\", \"N0:RY\", \"N0:RZ\", \"N1:UX\", \"N1:UY\", \"N1:UZ\", \"N1:RX\", \"N1:RY\", \"N1:RZ\"]; no structural rejectio"],"mode":"SparseInteractive","moment":22818238112010513,"status":"unresolved","t":-1050}
I9PROBE {"E":543186956559152038,"G":795388535691899814,"N1":[],"cases":[["numerically_unresolved","unresolved","unresolved"]],"codes":["LOAD_CATEGORY_PREVIEW_MAPPED","NUMERICAL_INTEGRITY_UNRESOLVED"],"entry":"typed","g_label":"E*2^56","member":"skew111","messages":["NUMERICAL_INTEGRITY_UNRESOLVED: Load case case: structural integrity: NumericallyUnresolved { reason: \"nonpositive or cancellation-unresolved structural pivot\", global_dof: Some(11) }; global_dof_map=[\"N0:UX\", \"N0:UY\", \"N0:UZ\", \"N0:RX\", \"N0:RY\", \"N0:RZ\", \"N1:UX\", \"N1:UY\", \"N1:UZ\", \"N1:RX\", \"N1:RY\", \"N1:RZ\"]; no structural rejectio"],"mode":"SparseInteractive","moment":22818238112010513,"status":"unresolved","t":-1050}
I9PROBE {"E":543186956559152038,"G":795388535691899814,"N1":[],"cases":[["numerically_unresolved","unresolved","unresolved"]],"codes":["LOAD_CATEGORY_PREVIEW_MAPPED","SOURCE_BLOCK_RECOVERY_UNAVAILABLE","NUMERICAL_INTEGRITY_UNRESOLVED"],"entry":"captured","g_label":"E*2^56","member":"skew111","messages":["NUMERICAL_INTEGRITY_UNRESOLVED: Load case case: structural integrity: NumericallyUnresolved { reason: \"nonpositive or cancellation-unresolved structural pivot\", global_dof: Some(10) }; global_dof_map=[\"N0:UX\", \"N0:UY\", \"N0:UZ\", \"N0:RX\", \"N0:RY\", \"N0:RZ\", \"N1:UX\", \"N1:UY\", \"N1:UZ\", \"N1:RX\", \"N1:RY\", \"N1:RZ\"]; no structural rejectio"],"mode":"DenseScrutiny","moment":22818238112010513,"status":"unresolved","t":-1050}
I9PROBE {"E":543186956559152038,"G":795388535691899814,"N1":[],"cases":[["numerically_unresolved","unresolved","unresolved"]],"codes":["LOAD_CATEGORY_PREVIEW_MAPPED","NUMERICAL_INTEGRITY_UNRESOLVED"],"entry":"typed","g_label":"E*2^56","member":"skew111","messages":["NUMERICAL_INTEGRITY_UNRESOLVED: Load case case: structural integrity: NumericallyUnresolved { reason: \"nonpositive or cancellation-unresolved structural pivot\", global_dof: Some(10) }; global_dof_map=[\"N0:UX\", \"N0:UY\", \"N0:UZ\", \"N0:RX\", \"N0:RY\", \"N0:RZ\", \"N1:UX\", \"N1:UY\", \"N1:UZ\", \"N1:RX\", \"N1:RY\", \"N1:RZ\"]; no structural rejectio"],"mode":"DenseScrutiny","moment":22818238112010513,"status":"unresolved","t":-1050}
I9PROBE {"E":543186956559152038,"G":795388535691899814,"N1":[],"cases":[["numerically_unresolved","unresolved","unresolved"]],"codes":["LOAD_CATEGORY_PREVIEW_MAPPED","SOURCE_BLOCK_RECOVERY_UNAVAILABLE","NUMERICAL_INTEGRITY_UNRESOLVED"],"entry":"captured","g_label":"E*2^56","member":"skew122","messages":["NUMERICAL_INTEGRITY_UNRESOLVED: Load case case: structural integrity: NumericallyUnresolved { reason: \"nonpositive or cancellation-unresolved structural pivot\", global_dof: Some(11) }; global_dof_map=[\"N0:UX\", \"N0:UY\", \"N0:UZ\", \"N0:RX\", \"N0:RY\", \"N0:RZ\", \"N1:UX\", \"N1:UY\", \"N1:UZ\", \"N1:RX\", \"N1:RY\", \"N1:RZ\"]; no structural rejectio"],"mode":"SparseInteractive","moment":22818238112010513,"status":"unresolved","t":-1050}
I9PROBE {"E":543186956559152038,"G":795388535691899814,"N1":[],"cases":[["numerically_unresolved","unresolved","unresolved"]],"codes":["LOAD_CATEGORY_PREVIEW_MAPPED","NUMERICAL_INTEGRITY_UNRESOLVED"],"entry":"typed","g_label":"E*2^56","member":"skew122","messages":["NUMERICAL_INTEGRITY_UNRESOLVED: Load case case: structural integrity: NumericallyUnresolved { reason: \"nonpositive or cancellation-unresolved structural pivot\", global_dof: Some(11) }; global_dof_map=[\"N0:UX\", \"N0:UY\", \"N0:UZ\", \"N0:RX\", \"N0:RY\", \"N0:RZ\", \"N1:UX\", \"N1:UY\", \"N1:UZ\", \"N1:RX\", \"N1:RY\", \"N1:RZ\"]; no structural rejectio"],"mode":"SparseInteractive","moment":22818238112010513,"status":"unresolved","t":-1050}
I9PROBE {"E":543186956559152038,"G":795388535691899814,"N1":[],"cases":[["numerically_unresolved","unresolved","unresolved"]],"codes":["LOAD_CATEGORY_PREVIEW_MAPPED","SOURCE_BLOCK_RECOVERY_UNAVAILABLE","NUMERICAL_INTEGRITY_UNRESOLVED"],"entry":"captured","g_label":"E*2^56","member":"skew122","messages":["NUMERICAL_INTEGRITY_UNRESOLVED: Load case case: structural integrity: NumericallyUnresolved { reason: \"nonpositive or cancellation-unresolved structural pivot\", global_dof: Some(10) }; global_dof_map=[\"N0:UX\", \"N0:UY\", \"N0:UZ\", \"N0:RX\", \"N0:RY\", \"N0:RZ\", \"N1:UX\", \"N1:UY\", \"N1:UZ\", \"N1:RX\", \"N1:RY\", \"N1:RZ\"]; no structural rejectio"],"mode":"DenseScrutiny","moment":22818238112010513,"status":"unresolved","t":-1050}
I9PROBE {"E":543186956559152038,"G":795388535691899814,"N1":[],"cases":[["numerically_unresolved","unresolved","unresolved"]],"codes":["LOAD_CATEGORY_PREVIEW_MAPPED","NUMERICAL_INTEGRITY_UNRESOLVED"],"entry":"typed","g_label":"E*2^56","member":"skew122","messages":["NUMERICAL_INTEGRITY_UNRESOLVED: Load case case: structural integrity: NumericallyUnresolved { reason: \"nonpositive or cancellation-unresolved structural pivot\", global_dof: Some(10) }; global_dof_map=[\"N0:UX\", \"N0:UY\", \"N0:UZ\", \"N0:RX\", \"N0:RY\", \"N0:RZ\", \"N1:UX\", \"N1:UY\", \"N1:UZ\", \"N1:RX\", \"N1:RY\", \"N1:RZ\"]; no structural rejectio"],"mode":"DenseScrutiny","moment":22818238112010513,"status":"unresolved","t":-1050}
I9PROBE {"E":543186956559152038,"G":831417332710863782,"N1":[],"cases":[["numerically_unresolved","unresolved","unresolved"]],"codes":["LOAD_CATEGORY_PREVIEW_MAPPED","SOURCE_BLOCK_RECOVERY_UNAVAILABLE","NUMERICAL_INTEGRITY_UNRESOLVED"],"entry":"captured","g_label":"E*2^64","member":"axis","messages":["NUMERICAL_INTEGRITY_UNRESOLVED: Load case case: structural integrity: Range(\"arithmetic outside normal range\"); global_dof_map=[\"N0:UX\", \"N0:UY\", \"N0:UZ\", \"N0:RX\", \"N0:RY\", \"N0:RZ\", \"N1:UX\", \"N1:UY\", \"N1:UZ\", \"N1:RX\", \"N1:RY\", \"N1:RZ\"]; no structural rejection is bypassed by generic LU or output quantization"],"mode":"SparseInteractive","moment":22818238112010513,"status":"unresolved","t":-1050}
I9PROBE {"E":543186956559152038,"G":831417332710863782,"N1":[],"cases":[["numerically_unresolved","unresolved","unresolved"]],"codes":["LOAD_CATEGORY_PREVIEW_MAPPED","NUMERICAL_INTEGRITY_UNRESOLVED"],"entry":"typed","g_label":"E*2^64","member":"axis","messages":["NUMERICAL_INTEGRITY_UNRESOLVED: Load case case: structural integrity: Range(\"arithmetic outside normal range\"); global_dof_map=[\"N0:UX\", \"N0:UY\", \"N0:UZ\", \"N0:RX\", \"N0:RY\", \"N0:RZ\", \"N1:UX\", \"N1:UY\", \"N1:UZ\", \"N1:RX\", \"N1:RY\", \"N1:RZ\"]; no structural rejection is bypassed by generic LU or output quantization"],"mode":"SparseInteractive","moment":22818238112010513,"status":"unresolved","t":-1050}
I9PROBE {"E":543186956559152038,"G":831417332710863782,"N1":[],"cases":[["numerically_unresolved","unresolved","unresolved"]],"codes":["LOAD_CATEGORY_PREVIEW_MAPPED","SOURCE_BLOCK_RECOVERY_UNAVAILABLE","NUMERICAL_INTEGRITY_UNRESOLVED"],"entry":"captured","g_label":"E*2^64","member":"axis","messages":["NUMERICAL_INTEGRITY_UNRESOLVED: Load case case: structural integrity: Range(\"arithmetic outside normal range\"); global_dof_map=[\"N0:UX\", \"N0:UY\", \"N0:UZ\", \"N0:RX\", \"N0:RY\", \"N0:RZ\", \"N1:UX\", \"N1:UY\", \"N1:UZ\", \"N1:RX\", \"N1:RY\", \"N1:RZ\"]; no structural rejection is bypassed by generic LU or output quantization"],"mode":"DenseScrutiny","moment":22818238112010513,"status":"unresolved","t":-1050}
I9PROBE {"E":543186956559152038,"G":831417332710863782,"N1":[],"cases":[["numerically_unresolved","unresolved","unresolved"]],"codes":["LOAD_CATEGORY_PREVIEW_MAPPED","NUMERICAL_INTEGRITY_UNRESOLVED"],"entry":"typed","g_label":"E*2^64","member":"axis","messages":["NUMERICAL_INTEGRITY_UNRESOLVED: Load case case: structural integrity: Range(\"arithmetic outside normal range\"); global_dof_map=[\"N0:UX\", \"N0:UY\", \"N0:UZ\", \"N0:RX\", \"N0:RY\", \"N0:RZ\", \"N1:UX\", \"N1:UY\", \"N1:UZ\", \"N1:RX\", \"N1:RY\", \"N1:RZ\"]; no structural rejection is bypassed by generic LU or output quantization"],"mode":"DenseScrutiny","moment":22818238112010513,"status":"unresolved","t":-1050}
I9PROBE {"E":543186956559152038,"G":831417332710863782,"N1":[],"cases":[["numerically_unresolved","unresolved","unresolved"]],"codes":["LOAD_CATEGORY_PREVIEW_MAPPED","SOURCE_BLOCK_RECOVERY_UNAVAILABLE","NUMERICAL_INTEGRITY_UNRESOLVED"],"entry":"captured","g_label":"E*2^64","member":"skew111","messages":["NUMERICAL_INTEGRITY_UNRESOLVED: Load case case: structural integrity: NumericallyUnresolved { reason: \"nonpositive or cancellation-unresolved structural pivot\", global_dof: Some(11) }; global_dof_map=[\"N0:UX\", \"N0:UY\", \"N0:UZ\", \"N0:RX\", \"N0:RY\", \"N0:RZ\", \"N1:UX\", \"N1:UY\", \"N1:UZ\", \"N1:RX\", \"N1:RY\", \"N1:RZ\"]; no structural rejectio"],"mode":"SparseInteractive","moment":22818238112010513,"status":"unresolved","t":-1050}
I9PROBE {"E":543186956559152038,"G":831417332710863782,"N1":[],"cases":[["numerically_unresolved","unresolved","unresolved"]],"codes":["LOAD_CATEGORY_PREVIEW_MAPPED","NUMERICAL_INTEGRITY_UNRESOLVED"],"entry":"typed","g_label":"E*2^64","member":"skew111","messages":["NUMERICAL_INTEGRITY_UNRESOLVED: Load case case: structural integrity: NumericallyUnresolved { reason: \"nonpositive or cancellation-unresolved structural pivot\", global_dof: Some(11) }; global_dof_map=[\"N0:UX\", \"N0:UY\", \"N0:UZ\", \"N0:RX\", \"N0:RY\", \"N0:RZ\", \"N1:UX\", \"N1:UY\", \"N1:UZ\", \"N1:RX\", \"N1:RY\", \"N1:RZ\"]; no structural rejectio"],"mode":"SparseInteractive","moment":22818238112010513,"status":"unresolved","t":-1050}
I9PROBE {"E":543186956559152038,"G":831417332710863782,"N1":[],"cases":[["numerically_unresolved","unresolved","unresolved"]],"codes":["LOAD_CATEGORY_PREVIEW_MAPPED","SOURCE_BLOCK_RECOVERY_UNAVAILABLE","NUMERICAL_INTEGRITY_UNRESOLVED"],"entry":"captured","g_label":"E*2^64","member":"skew111","messages":["NUMERICAL_INTEGRITY_UNRESOLVED: Load case case: structural integrity: NumericallyUnresolved { reason: \"nonpositive or cancellation-unresolved structural pivot\", global_dof: Some(10) }; global_dof_map=[\"N0:UX\", \"N0:UY\", \"N0:UZ\", \"N0:RX\", \"N0:RY\", \"N0:RZ\", \"N1:UX\", \"N1:UY\", \"N1:UZ\", \"N1:RX\", \"N1:RY\", \"N1:RZ\"]; no structural rejectio"],"mode":"DenseScrutiny","moment":22818238112010513,"status":"unresolved","t":-1050}
I9PROBE {"E":543186956559152038,"G":831417332710863782,"N1":[],"cases":[["numerically_unresolved","unresolved","unresolved"]],"codes":["LOAD_CATEGORY_PREVIEW_MAPPED","NUMERICAL_INTEGRITY_UNRESOLVED"],"entry":"typed","g_label":"E*2^64","member":"skew111","messages":["NUMERICAL_INTEGRITY_UNRESOLVED: Load case case: structural integrity: NumericallyUnresolved { reason: \"nonpositive or cancellation-unresolved structural pivot\", global_dof: Some(10) }; global_dof_map=[\"N0:UX\", \"N0:UY\", \"N0:UZ\", \"N0:RX\", \"N0:RY\", \"N0:RZ\", \"N1:UX\", \"N1:UY\", \"N1:UZ\", \"N1:RX\", \"N1:RY\", \"N1:RZ\"]; no structural rejectio"],"mode":"DenseScrutiny","moment":22818238112010513,"status":"unresolved","t":-1050}
I9PROBE {"E":543186956559152038,"G":831417332710863782,"N1":[],"cases":[["numerically_unresolved","unresolved","unresolved"]],"codes":["LOAD_CATEGORY_PREVIEW_MAPPED","SOURCE_BLOCK_RECOVERY_UNAVAILABLE","NUMERICAL_INTEGRITY_UNRESOLVED"],"entry":"captured","g_label":"E*2^64","member":"skew122","messages":["NUMERICAL_INTEGRITY_UNRESOLVED: Load case case: structural integrity: NumericallyUnresolved { reason: \"nonpositive or cancellation-unresolved structural pivot\", global_dof: Some(11) }; global_dof_map=[\"N0:UX\", \"N0:UY\", \"N0:UZ\", \"N0:RX\", \"N0:RY\", \"N0:RZ\", \"N1:UX\", \"N1:UY\", \"N1:UZ\", \"N1:RX\", \"N1:RY\", \"N1:RZ\"]; no structural rejectio"],"mode":"SparseInteractive","moment":22818238112010513,"status":"unresolved","t":-1050}
I9PROBE {"E":543186956559152038,"G":831417332710863782,"N1":[],"cases":[["numerically_unresolved","unresolved","unresolved"]],"codes":["LOAD_CATEGORY_PREVIEW_MAPPED","NUMERICAL_INTEGRITY_UNRESOLVED"],"entry":"typed","g_label":"E*2^64","member":"skew122","messages":["NUMERICAL_INTEGRITY_UNRESOLVED: Load case case: structural integrity: NumericallyUnresolved { reason: \"nonpositive or cancellation-unresolved structural pivot\", global_dof: Some(11) }; global_dof_map=[\"N0:UX\", \"N0:UY\", \"N0:UZ\", \"N0:RX\", \"N0:RY\", \"N0:RZ\", \"N1:UX\", \"N1:UY\", \"N1:UZ\", \"N1:RX\", \"N1:RY\", \"N1:RZ\"]; no structural rejectio"],"mode":"SparseInteractive","moment":22818238112010513,"status":"unresolved","t":-1050}
I9PROBE {"E":543186956559152038,"G":831417332710863782,"N1":[],"cases":[["numerically_unresolved","unresolved","unresolved"]],"codes":["LOAD_CATEGORY_PREVIEW_MAPPED","SOURCE_BLOCK_RECOVERY_UNAVAILABLE","NUMERICAL_INTEGRITY_UNRESOLVED"],"entry":"captured","g_label":"E*2^64","member":"skew122","messages":["NUMERICAL_INTEGRITY_UNRESOLVED: Load case case: structural integrity: NumericallyUnresolved { reason: \"nonpositive or cancellation-unresolved structural pivot\", global_dof: Some(10) }; global_dof_map=[\"N0:UX\", \"N0:UY\", \"N0:UZ\", \"N0:RX\", \"N0:RY\", \"N0:RZ\", \"N1:UX\", \"N1:UY\", \"N1:UZ\", \"N1:RX\", \"N1:RY\", \"N1:RZ\"]; no structural rejectio"],"mode":"DenseScrutiny","moment":22818238112010513,"status":"unresolved","t":-1050}
I9PROBE {"E":543186956559152038,"G":831417332710863782,"N1":[],"cases":[["numerically_unresolved","unresolved","unresolved"]],"codes":["LOAD_CATEGORY_PREVIEW_MAPPED","NUMERICAL_INTEGRITY_UNRESOLVED"],"entry":"typed","g_label":"E*2^64","member":"skew122","messages":["NUMERICAL_INTEGRITY_UNRESOLVED: Load case case: structural integrity: NumericallyUnresolved { reason: \"nonpositive or cancellation-unresolved structural pivot\", global_dof: Some(10) }; global_dof_map=[\"N0:UX\", \"N0:UY\", \"N0:UZ\", \"N0:RX\", \"N0:RY\", \"N0:RZ\", \"N1:UX\", \"N1:UY\", \"N1:UZ\", \"N1:RX\", \"N1:RY\", \"N1:RZ\"]; no structural rejectio"],"mode":"DenseScrutiny","moment":22818238112010513,"status":"unresolved","t":-1050}
I9PROBE {"E":543186956559152038,"G":3110860544497550640,"N1":[],"cases":[["numerically_unresolved","unresolved","unresolved"]],"codes":["LOAD_CATEGORY_PREVIEW_MAPPED","SOURCE_BLOCK_RECOVERY_UNAVAILABLE","NUMERICAL_INTEGRITY_UNRESOLVED"],"entry":"captured","g_label":"1e-100","member":"axis","messages":["NUMERICAL_INTEGRITY_UNRESOLVED: Load case case: structural integrity: Range(\"arithmetic outside normal range\"); global_dof_map=[\"N0:UX\", \"N0:UY\", \"N0:UZ\", \"N0:RX\", \"N0:RY\", \"N0:RZ\", \"N1:UX\", \"N1:UY\", \"N1:UZ\", \"N1:RX\", \"N1:RY\", \"N1:RZ\"]; no structural rejection is bypassed by generic LU or output quantization"],"mode":"SparseInteractive","moment":22818238112010513,"status":"unresolved","t":-1050}
I9PROBE {"E":543186956559152038,"G":3110860544497550640,"N1":[],"cases":[["numerically_unresolved","unresolved","unresolved"]],"codes":["LOAD_CATEGORY_PREVIEW_MAPPED","NUMERICAL_INTEGRITY_UNRESOLVED"],"entry":"typed","g_label":"1e-100","member":"axis","messages":["NUMERICAL_INTEGRITY_UNRESOLVED: Load case case: structural integrity: Range(\"arithmetic outside normal range\"); global_dof_map=[\"N0:UX\", \"N0:UY\", \"N0:UZ\", \"N0:RX\", \"N0:RY\", \"N0:RZ\", \"N1:UX\", \"N1:UY\", \"N1:UZ\", \"N1:RX\", \"N1:RY\", \"N1:RZ\"]; no structural rejection is bypassed by generic LU or output quantization"],"mode":"SparseInteractive","moment":22818238112010513,"status":"unresolved","t":-1050}
I9PROBE {"E":543186956559152038,"G":3110860544497550640,"N1":[],"cases":[["numerically_unresolved","unresolved","unresolved"]],"codes":["LOAD_CATEGORY_PREVIEW_MAPPED","SOURCE_BLOCK_RECOVERY_UNAVAILABLE","NUMERICAL_INTEGRITY_UNRESOLVED"],"entry":"captured","g_label":"1e-100","member":"axis","messages":["NUMERICAL_INTEGRITY_UNRESOLVED: Load case case: structural integrity: Range(\"arithmetic outside normal range\"); global_dof_map=[\"N0:UX\", \"N0:UY\", \"N0:UZ\", \"N0:RX\", \"N0:RY\", \"N0:RZ\", \"N1:UX\", \"N1:UY\", \"N1:UZ\", \"N1:RX\", \"N1:RY\", \"N1:RZ\"]; no structural rejection is bypassed by generic LU or output quantization"],"mode":"DenseScrutiny","moment":22818238112010513,"status":"unresolved","t":-1050}
I9PROBE {"E":543186956559152038,"G":3110860544497550640,"N1":[],"cases":[["numerically_unresolved","unresolved","unresolved"]],"codes":["LOAD_CATEGORY_PREVIEW_MAPPED","NUMERICAL_INTEGRITY_UNRESOLVED"],"entry":"typed","g_label":"1e-100","member":"axis","messages":["NUMERICAL_INTEGRITY_UNRESOLVED: Load case case: structural integrity: Range(\"arithmetic outside normal range\"); global_dof_map=[\"N0:UX\", \"N0:UY\", \"N0:UZ\", \"N0:RX\", \"N0:RY\", \"N0:RZ\", \"N1:UX\", \"N1:UY\", \"N1:UZ\", \"N1:RX\", \"N1:RY\", \"N1:RZ\"]; no structural rejection is bypassed by generic LU or output quantization"],"mode":"DenseScrutiny","moment":22818238112010513,"status":"unresolved","t":-1050}
I9PROBE {"E":543186956559152038,"G":3110860544497550640,"N1":[],"cases":[["numerically_unresolved","unresolved","unresolved"]],"codes":["LOAD_CATEGORY_PREVIEW_MAPPED","SOURCE_BLOCK_RECOVERY_UNAVAILABLE","NUMERICAL_INTEGRITY_UNRESOLVED"],"entry":"captured","g_label":"1e-100","member":"skew111","messages":["NUMERICAL_INTEGRITY_UNRESOLVED: Load case case: structural integrity: NumericallyUnresolved { reason: \"nonpositive or cancellation-unresolved structural pivot\", global_dof: Some(11) }; global_dof_map=[\"N0:UX\", \"N0:UY\", \"N0:UZ\", \"N0:RX\", \"N0:RY\", \"N0:RZ\", \"N1:UX\", \"N1:UY\", \"N1:UZ\", \"N1:RX\", \"N1:RY\", \"N1:RZ\"]; no structural rejectio"],"mode":"SparseInteractive","moment":22818238112010513,"status":"unresolved","t":-1050}
I9PROBE {"E":543186956559152038,"G":3110860544497550640,"N1":[],"cases":[["numerically_unresolved","unresolved","unresolved"]],"codes":["LOAD_CATEGORY_PREVIEW_MAPPED","NUMERICAL_INTEGRITY_UNRESOLVED"],"entry":"typed","g_label":"1e-100","member":"skew111","messages":["NUMERICAL_INTEGRITY_UNRESOLVED: Load case case: structural integrity: NumericallyUnresolved { reason: \"nonpositive or cancellation-unresolved structural pivot\", global_dof: Some(11) }; global_dof_map=[\"N0:UX\", \"N0:UY\", \"N0:UZ\", \"N0:RX\", \"N0:RY\", \"N0:RZ\", \"N1:UX\", \"N1:UY\", \"N1:UZ\", \"N1:RX\", \"N1:RY\", \"N1:RZ\"]; no structural rejectio"],"mode":"SparseInteractive","moment":22818238112010513,"status":"unresolved","t":-1050}
I9PROBE {"E":543186956559152038,"G":3110860544497550640,"N1":[],"cases":[["numerically_unresolved","unresolved","unresolved"]],"codes":["LOAD_CATEGORY_PREVIEW_MAPPED","SOURCE_BLOCK_RECOVERY_UNAVAILABLE","NUMERICAL_INTEGRITY_UNRESOLVED"],"entry":"captured","g_label":"1e-100","member":"skew111","messages":["NUMERICAL_INTEGRITY_UNRESOLVED: Load case case: structural integrity: NumericallyUnresolved { reason: \"nonpositive or cancellation-unresolved structural pivot\", global_dof: Some(10) }; global_dof_map=[\"N0:UX\", \"N0:UY\", \"N0:UZ\", \"N0:RX\", \"N0:RY\", \"N0:RZ\", \"N1:UX\", \"N1:UY\", \"N1:UZ\", \"N1:RX\", \"N1:RY\", \"N1:RZ\"]; no structural rejectio"],"mode":"DenseScrutiny","moment":22818238112010513,"status":"unresolved","t":-1050}
I9PROBE {"E":543186956559152038,"G":3110860544497550640,"N1":[],"cases":[["numerically_unresolved","unresolved","unresolved"]],"codes":["LOAD_CATEGORY_PREVIEW_MAPPED","NUMERICAL_INTEGRITY_UNRESOLVED"],"entry":"typed","g_label":"1e-100","member":"skew111","messages":["NUMERICAL_INTEGRITY_UNRESOLVED: Load case case: structural integrity: NumericallyUnresolved { reason: \"nonpositive or cancellation-unresolved structural pivot\", global_dof: Some(10) }; global_dof_map=[\"N0:UX\", \"N0:UY\", \"N0:UZ\", \"N0:RX\", \"N0:RY\", \"N0:RZ\", \"N1:UX\", \"N1:UY\", \"N1:UZ\", \"N1:RX\", \"N1:RY\", \"N1:RZ\"]; no structural rejectio"],"mode":"DenseScrutiny","moment":22818238112010513,"status":"unresolved","t":-1050}
I9PROBE {"E":543186956559152038,"G":3110860544497550640,"N1":[],"cases":[["numerically_unresolved","unresolved","unresolved"]],"codes":["LOAD_CATEGORY_PREVIEW_MAPPED","SOURCE_BLOCK_RECOVERY_UNAVAILABLE","NUMERICAL_INTEGRITY_UNRESOLVED"],"entry":"captured","g_label":"1e-100","member":"skew122","messages":["NUMERICAL_INTEGRITY_UNRESOLVED: Load case case: structural integrity: NumericallyUnresolved { reason: \"nonpositive or cancellation-unresolved structural pivot\", global_dof: Some(11) }; global_dof_map=[\"N0:UX\", \"N0:UY\", \"N0:UZ\", \"N0:RX\", \"N0:RY\", \"N0:RZ\", \"N1:UX\", \"N1:UY\", \"N1:UZ\", \"N1:RX\", \"N1:RY\", \"N1:RZ\"]; no structural rejectio"],"mode":"SparseInteractive","moment":22818238112010513,"status":"unresolved","t":-1050}
I9PROBE {"E":543186956559152038,"G":3110860544497550640,"N1":[],"cases":[["numerically_unresolved","unresolved","unresolved"]],"codes":["LOAD_CATEGORY_PREVIEW_MAPPED","NUMERICAL_INTEGRITY_UNRESOLVED"],"entry":"typed","g_label":"1e-100","member":"skew122","messages":["NUMERICAL_INTEGRITY_UNRESOLVED: Load case case: structural integrity: NumericallyUnresolved { reason: \"nonpositive or cancellation-unresolved structural pivot\", global_dof: Some(11) }; global_dof_map=[\"N0:UX\", \"N0:UY\", \"N0:UZ\", \"N0:RX\", \"N0:RY\", \"N0:RZ\", \"N1:UX\", \"N1:UY\", \"N1:UZ\", \"N1:RX\", \"N1:RY\", \"N1:RZ\"]; no structural rejectio"],"mode":"SparseInteractive","moment":22818238112010513,"status":"unresolved","t":-1050}
I9PROBE {"E":543186956559152038,"G":3110860544497550640,"N1":[],"cases":[["numerically_unresolved","unresolved","unresolved"]],"codes":["LOAD_CATEGORY_PREVIEW_MAPPED","SOURCE_BLOCK_RECOVERY_UNAVAILABLE","NUMERICAL_INTEGRITY_UNRESOLVED"],"entry":"captured","g_label":"1e-100","member":"skew122","messages":["NUMERICAL_INTEGRITY_UNRESOLVED: Load case case: structural integrity: NumericallyUnresolved { reason: \"nonpositive or cancellation-unresolved structural pivot\", global_dof: Some(10) }; global_dof_map=[\"N0:UX\", \"N0:UY\", \"N0:UZ\", \"N0:RX\", \"N0:RY\", \"N0:RZ\", \"N1:UX\", \"N1:UY\", \"N1:UZ\", \"N1:RX\", \"N1:RY\", \"N1:RZ\"]; no structural rejectio"],"mode":"DenseScrutiny","moment":22818238112010513,"status":"unresolved","t":-1050}
I9PROBE {"E":543186956559152038,"G":3110860544497550640,"N1":[],"cases":[["numerically_unresolved","unresolved","unresolved"]],"codes":["LOAD_CATEGORY_PREVIEW_MAPPED","NUMERICAL_INTEGRITY_UNRESOLVED"],"entry":"typed","g_label":"1e-100","member":"skew122","messages":["NUMERICAL_INTEGRITY_UNRESOLVED: Load case case: structural integrity: NumericallyUnresolved { reason: \"nonpositive or cancellation-unresolved structural pivot\", global_dof: Some(10) }; global_dof_map=[\"N0:UX\", \"N0:UY\", \"N0:UZ\", \"N0:RX\", \"N0:RY\", \"N0:RZ\", \"N1:UX\", \"N1:UY\", \"N1:UZ\", \"N1:RX\", \"N1:RY\", \"N1:RZ\"]; no structural rejectio"],"mode":"DenseScrutiny","moment":22818238112010513,"status":"unresolved","t":-1050}
test i9_skew_product_probe ... ok

test result: ok. 1 passed; 0 failed; 0 ignored; 0 measured; 0 filtered out; finished in 0.61s
