G0000|Restrained|21|2|6990000000000000|-|-|9.035579155724524e-1|4.0880386148944585e-13
G0001|Restrained|10|1|6990000000000000|-|-|7.455325909927227e-2|1.3868145988567877e-13
G0002|MechanismWitnessed|3|0|7eb0000000000000|0000000000000000,0000000000000000,0130000000000000,0000000000000000,0000000000000000,0000000000000000|0000000000000000,0000000000000000,3ff0000000000000,0000000000000000,0000000000000000,0000000000000000,0000000000000000,0000000000000000,3ff0000000000000,0000000000000000,0000000000000000,0000000000000000,0000000000000000,0000000000000000,3ff0000000000000,0000000000000000,0000000000000000,0000000000000000,0000000000000000,0000000000000000,3ff0000000000000,0000000000000000,0000000000000000,0000000000000000,0000000000000000,0000000000000000,3ff0000000000000,0000000000000000,0000000000000000,0000000000000000,0000000000000000,0000000000000000,3ff0000000000000,0000000000000000,0000000000000000,0000000000000000,0000000000000000,0000000000000000,3ff0000000000000,0000000000000000,0000000000000000,0000000000000000,0000000000000000,0000000000000000,3ff0000000000000,0000000000000000,0000000000000000,0000000000000000,0000000000000000,0000000000000000,3ff0000000000000,0000000000000000,0000000000000000,0000000000000000|0e0|4.620208748404057e-14
G0003|MechanismWitnessed|5|0|3ff0000000000000|3ff0000000000000,0000000000000000,0000000000000000,0000000000000000,0000000000000000,0000000000000000|3ff0000000000000,0000000000000000,0000000000000000,0000000000000000,0000000000000000,0000000000000000|0e0|4.263256414560604e-14
G0004|NumericallyUnresolved|7|0|6980000000000000|-|-|3.4818817954291987e-17|8.883874793047932e-14
G0005|Restrained|10|1|3ff0000000000000|-|-|3.2639741628082836e-1|1.2118284742312625e-13
G0006|Restrained|16|0|7ea0000000000000|-|-|7.790010372658542e-1|2.7512227484022504e-13
G0007|Restrained|11|0|7ea0000000000000|-|-|3.806008631938448e-1|1.634912498653272e-13
G0008|Restrained|11|0|6990000000000000|-|-|4.525133907944847e-1|1.5067461395125132e-13
G0009|Restrained|6|0|3ff0000000000000|-|-|1.9072464009814905e-1|5.974074473860468e-14
G0010|MechanismWitnessed|5|0|7e90000000000000|0000000000000000,0000000000000000,0168000000000000,0000000000000000,81a0000000000000,0000000000000000|0000000000000000,0000000000000000,4008000000000000,0000000000000000,81a0000000000000,0000000000000000,c048800000000000,0000000000000000,0000000000000000,0000000000000000,81a0000000000000,0000000000000000|0e0|7.575355968185673e-14
G0011|MechanismWitnessed|5|0|3ff0000000000000|0000000000000000,0000000000000000,0000000000000000,0000000000000000,0000000000000000,3ff0000000000000|0000000000000000,0000000000000000,0000000000000000,0000000000000000,0000000000000000,3ff0000000000000|0e0|4.263256414560604e-14
G0012|Restrained|12|1|7ea0000000000000|-|-|4.5931697968779434e-1|1.9138708740881504e-13
G0013|MechanismWitnessed|8|0|7ea0000000000000|0140000000000000,0000000000000000,0000000000000000,0000000000000000,0000000000000000,0000000000000000|3ff0000000000000,0000000000000000,0000000000000000,0000000000000000,0000000000000000,0000000000000000,3ff0000000000000,0000000000000000,0000000000000000,0000000000000000,0000000000000000,0000000000000000,3ff0000000000000,0000000000000000,0000000000000000,0000000000000000,0000000000000000,0000000000000000,3ff0000000000000,0000000000000000,0000000000000000,0000000000000000,0000000000000000,0000000000000000,3ff0000000000000,0000000000000000,0000000000000000,0000000000000000,0000000000000000,0000000000000000,3ff0000000000000,0000000000000000,0000000000000000,0000000000000000,0000000000000000,0000000000000000,3ff0000000000000,0000000000000000,0000000000000000,0000000000000000,0000000000000000,0000000000000000,3ff0000000000000,0000000000000000,0000000000000000,0000000000000000,0000000000000000,0000000000000000,3ff0000000000000,0000000000000000,0000000000000000,0000000000000000,0000000000000000,0000000000000000|0e0|1.034833657702847e-13
G0014|NumericallyUnresolved|7|1|69a0000000000000|-|-|8.475781259375835e-34|9.171153760887439e-14
G0015|NumericallyUnresolved|6|0|3ff0000000000000|-|-|0e0|6.029155041345701e-14
G0016|MechanismWitnessed|4|1|6980000000000000|0000000000000000,1660000000000000,0000000000000000,0000000000000000,0000000000000000,0000000000000000|0000000000000000,3ff0000000000000,0000000000000000,0000000000000000,0000000000000000,0000000000000000,0000000000000000,3ff0000000000000,0000000000000000,0000000000000000,0000000000000000,0000000000000000|0e0|6.029155041345701e-14
G0017|Restrained|7|1|6980000000000000|-|-|1.439420068009639e-1|8.01237020700375e-14
G0018|Restrained|10|1|6990000000000000|-|-|7.376409341914931e-1|1.3929365793267542e-13
G0019|MechanismWitnessed|8|1|7ea0000000000000|0000000000000000,0140000000000000,0000000000000000,0000000000000000,0000000000000000,0000000000000000|0000000000000000,3ff0000000000000,0000000000000000,0000000000000000,0000000000000000,0000000000000000,0000000000000000,3ff0000000000000,0000000000000000,0000000000000000,0000000000000000,0000000000000000,0000000000000000,3ff0000000000000,0000000000000000,0000000000000000,0000000000000000,0000000000000000,0000000000000000,3ff0000000000000,0000000000000000,0000000000000000,0000000000000000,0000000000000000,0000000000000000,3ff0000000000000,0000000000000000,0000000000000000,0000000000000000,0000000000000000|0e0|1.003015279386494e-13
G0020|MechanismWitnessed|12|3|7eb0000000000000|0000000000000000,0130000000000000,0000000000000000,0000000000000000,0000000000000000,0000000000000000|0000000000000000,3ff0000000000000,0000000000000000,0000000000000000,0000000000000000,0000000000000000,0000000000000000,3ff0000000000000,0000000000000000,0000000000000000,0000000000000000,0000000000000000,0000000000000000,3ff0000000000000,0000000000000000,0000000000000000,0000000000000000,0000000000000000,0000000000000000,3ff0000000000000,0000000000000000,0000000000000000,0000000000000000,0000000000000000,0000000000000000,3ff0000000000000,0000000000000000,0000000000000000,0000000000000000,0000000000000000,0000000000000000,3ff0000000000000,0000000000000000,0000000000000000,0000000000000000,0000000000000000,0000000000000000,3ff0000000000000,0000000000000000,0000000000000000,0000000000000000,0000000000000000,0000000000000000,3ff0000000000000,0000000000000000,0000000000000000,0000000000000000,0000000000000000|0e0|1.7871026218262372e-13
G0021|MechanismWitnessed|9|3|3ff0000000000000|0000000000000000,0000000000000000,0000000000000000,0000000000000000,0000000000000000,3ff0000000000000|0000000000000000,0000000000000000,0000000000000000,0000000000000000,0000000000000000,3ff0000000000000,0000000000000000,0000000000000000,0000000000000000,0000000000000000,0000000000000000,3ff0000000000000,0000000000000000,0000000000000000,0000000000000000,0000000000000000,0000000000000000,3ff0000000000000|0e0|1.1076265073569339e-13
G0022|MechanismWitnessed|3|0|3ff0000000000000|0000000000000000,0000000000000000,3ff0000000000000,0000000000000000,0000000000000000,0000000000000000|0000000000000000,0000000000000000,3ff0000000000000,0000000000000000,0000000000000000,0000000000000000|0e0|4.263256414560604e-14
G0023|Restrained|10|2|69a0000000000000|-|-|3.5825762206915346e-1|1.3099781475565822e-13
G0024|Restrained|12|0|6990000000000000|-|-|1.0050394435848977e0|1.474346185029922e-13
G0025|Restrained|15|0|7ea0000000000000|-|-|7.826708559991002e-1|2.4499613413220826e-13
G0026|Restrained|11|1|6990000000000000|-|-|5.093017267740343e-1|1.53653152093462e-13
G0027|Restrained|14|1|3ff0000000000000|-|-|1e0|1.9895196601282835e-13
G0028|MechanismWitnessed|8|0|6990000000000000|0000000000000000,0000000000000000,1650000000000000,0000000000000000,0000000000000000,0000000000000000|0000000000000000,0000000000000000,3ff0000000000000,0000000000000000,0000000000000000,0000000000000000,0000000000000000,0000000000000000,3ff0000000000000,0000000000000000,0000000000000000,0000000000000000,0000000000000000,0000000000000000,3ff0000000000000,0000000000000000,0000000000000000,0000000000000000,0000000000000000,0000000000000000,3ff0000000000000,0000000000000000,0000000000000000,0000000000000000|0e0|9.845568954283856e-14
G0029|MechanismWitnessed|4|0|3ff0000000000000|0000000000000000,0000000000000000,3ff0000000000000,0000000000000000,0000000000000000,0000000000000000|0000000000000000,0000000000000000,3ff0000000000000,0000000000000000,0000000000000000,0000000000000000|0e0|4.263256414560604e-14
G0030|NumericallyUnresolved|6|0|69a0000000000000|-|-|0e0|7.673498090630013e-14
G0031|MechanismWitnessed|3|0|3ff0000000000000|3ff0000000000000,0000000000000000,0000000000000000,0000000000000000,0000000000000000,0000000000000000|3ff0000000000000,0000000000000000,0000000000000000,0000000000000000,0000000000000000,0000000000000000|0e0|4.263256414560604e-14
G0032|MechanismWitnessed|3|0|7e90000000000000|0000000000000000,0150000000000000,0000000000000000,0000000000000000,0000000000000000,0000000000000000|0000000000000000,3ff0000000000000,0000000000000000,0000000000000000,0000000000000000,0000000000000000,0000000000000000,3ff0000000000000,0000000000000000,0000000000000000,0000000000000000,0000000000000000,0000000000000000,3ff0000000000000,0000000000000000,0000000000000000,0000000000000000,0000000000000000,0000000000000000,3ff0000000000000,0000000000000000,0000000000000000,0000000000000000,0000000000000000,0000000000000000,3ff0000000000000,0000000000000000,0000000000000000,0000000000000000,0000000000000000|0e0|4.263256414560604e-14
G0033|Restrained|8|1|3ff0000000000000|-|-|1e0|8.038873388460936e-14
G0034|MechanismWitnessed|0|0|3ff0000000000000|3ff0000000000000,0000000000000000,0000000000000000,0000000000000000,0000000000000000,0000000000000000|3ff0000000000000,0000000000000000,0000000000000000,0000000000000000,0000000000000000,0000000000000000|0e0|0e0
G0035|Restrained|11|0|6990000000000000|-|-|3.957934984108005e-1|1.62561091812004e-13
G0036|Restrained|6|0|3ff0000000000000|-|-|4.938231707327514e-1|5.6496410785533075e-14
G0037|Restrained|15|3|3ff0000000000000|-|-|1.1570498614814775e0|2.289263810186428e-13
G0038|MechanismWitnessed|6|2|7e90000000000000|0150000000000000,0000000000000000,0000000000000000,0000000000000000,0000000000000000,0000000000000000|3ff0000000000000,0000000000000000,0000000000000000,0000000000000000,0000000000000000,0000000000000000,3ff0000000000000,0000000000000000,0000000000000000,0000000000000000,0000000000000000,0000000000000000|0e0|8.464545682270252e-14
G0039|MechanismWitnessed|15|3|6990000000000000|1650000000000000,0000000000000000,0000000000000000,0000000000000000,0000000000000000,0000000000000000|3ff0000000000000,0000000000000000,0000000000000000,0000000000000000,0000000000000000,0000000000000000,3ff0000000000000,0000000000000000,0000000000000000,0000000000000000,0000000000000000,0000000000000000,3ff0000000000000,0000000000000000,0000000000000000,0000000000000000,0000000000000000,0000000000000000,3ff0000000000000,0000000000000000,0000000000000000,0000000000000000,0000000000000000,0000000000000000,3ff0000000000000,0000000000000000,0000000000000000,0000000000000000,0000000000000000,0000000000000000,3ff0000000000000,0000000000000000,0000000000000000,0000000000000000,0000000000000000,0000000000000000|0e0|2.8615526622679854e-13
G0040|MechanismWitnessed|4|1|7ea0000000000000|0140000000000000,0000000000000000,0000000000000000,0000000000000000,0000000000000000,0000000000000000|3ff0000000000000,0000000000000000,0000000000000000,0000000000000000,0000000000000000,0000000000000000,3ff0000000000000,0000000000000000,0000000000000000,0000000000000000,0000000000000000,0000000000000000,3ff0000000000000,0000000000000000,0000000000000000,0000000000000000,0000000000000000,0000000000000000,3ff0000000000000,0000000000000000,0000000000000000,0000000000000000,0000000000000000,0000000000000000,3ff0000000000000,0000000000000000,0000000000000000,0000000000000000,0000000000000000,0000000000000000,3ff0000000000000,0000000000000000,0000000000000000,0000000000000000,0000000000000000,0000000000000000,3ff0000000000000,0000000000000000,0000000000000000,0000000000000000,0000000000000000,0000000000000000,3ff0000000000000,0000000000000000,0000000000000000,0000000000000000,0000000000000000,0000000000000000|0e0|7.05507410050154e-14
G0041|NumericallyUnresolved|15|1|6990000000000000|-|-|2.2252348763613613e-18|2.3512421115148337e-13
G0042|Restrained|8|0|7e90000000000000|-|-|1.1049707036785611e-1|1.1329992744526802e-13
G0043|MechanismWitnessed|22|2|6990000000000000|0000000000000000,1650000000000000,0000000000000000,0000000000000000,0000000000000000,0000000000000000|0000000000000000,3ff0000000000000,0000000000000000,0000000000000000,0000000000000000,0000000000000000,0000000000000000,3ff0000000000000,0000000000000000,0000000000000000,0000000000000000,0000000000000000,0000000000000000,3ff0000000000000,0000000000000000,0000000000000000,0000000000000000,0000000000000000,0000000000000000,3ff0000000000000,0000000000000000,0000000000000000,0000000000000000,0000000000000000,0000000000000000,3ff0000000000000,0000000000000000,0000000000000000,0000000000000000,0000000000000000,0000000000000000,3ff0000000000000,0000000000000000,0000000000000000,0000000000000000,0000000000000000,0000000000000000,3ff0000000000000,0000000000000000,0000000000000000,0000000000000000,0000000000000000,0000000000000000,3ff0000000000000,0000000000000000,0000000000000000,0000000000000000,0000000000000000,0000000000000000,3ff0000000000000,0000000000000000,0000000000000000,0000000000000000,0000000000000000|0e0|4.697157272776011e-13
G0044|MechanismWitnessed|4|1|3ff0000000000000|0000000000000000,0000000000000000,0000000000000000,3ff0000000000000,0000000000000000,0000000000000000|0000000000000000,0000000000000000,0000000000000000,3ff0000000000000,0000000000000000,0000000000000000,0000000000000000,0000000000000000,0000000000000000,3ff0000000000000,0000000000000000,0000000000000000|0e0|6.532802278655809e-14
G0045|NumericallyUnresolved|4|0|6990000000000000|-|-|0e0|5.975834561329897e-14
G0046|Restrained|17|2|7ea0000000000000|-|-|4.1439276450349505e-1|2.765681395706995e-13
G0047|MechanismWitnessed|20|3|6990000000000000|1650000000000000,0000000000000000,0000000000000000,0000000000000000,0000000000000000,0000000000000000|3ff0000000000000,0000000000000000,0000000000000000,0000000000000000,0000000000000000,0000000000000000,3ff0000000000000,0000000000000000,0000000000000000,0000000000000000,0000000000000000,0000000000000000,3ff0000000000000,0000000000000000,0000000000000000,0000000000000000,0000000000000000,0000000000000000,3ff0000000000000,0000000000000000,0000000000000000,0000000000000000,0000000000000000,0000000000000000,3ff0000000000000,0000000000000000,0000000000000000,0000000000000000,0000000000000000,0000000000000000|0e0|4.178078394598812e-13
G0048|Restrained|14|1|6970000000000000|-|-|5.47278609621679e-1|1.9895196601282835e-13
G0049|Restrained|9|1|7ea0000000000000|-|-|1.4807109732492651e-1|1.2810351885881885e-13
G0050|MechanismWitnessed|4|2|3ff0000000000000|0000000000000000,3ff0000000000000,0000000000000000,0000000000000000,0000000000000000,0000000000000000|0000000000000000,3ff0000000000000,0000000000000000,0000000000000000,0000000000000000,0000000000000000,0000000000000000,3ff0000000000000,0000000000000000,0000000000000000,0000000000000000,0000000000000000,0000000000000000,3ff0000000000000,0000000000000000,0000000000000000,0000000000000000,0000000000000000|0e0|6.029155041345701e-14
G0051|MechanismWitnessed|7|1|7ea0000000000000|0140000000000000,0000000000000000,0000000000000000,0000000000000000,0000000000000000,0000000000000000|3ff0000000000000,0000000000000000,0000000000000000,0000000000000000,0000000000000000,0000000000000000,3ff0000000000000,0000000000000000,0000000000000000,0000000000000000,0000000000000000,0000000000000000,3ff0000000000000,0000000000000000,0000000000000000,0000000000000000,0000000000000000,0000000000000000,3ff0000000000000,0000000000000000,0000000000000000,0000000000000000,0000000000000000,0000000000000000,3ff0000000000000,0000000000000000,0000000000000000,0000000000000000,0000000000000000,0000000000000000,3ff0000000000000,0000000000000000,0000000000000000,0000000000000000,0000000000000000,0000000000000000,3ff0000000000000,0000000000000000,0000000000000000,0000000000000000,0000000000000000,0000000000000000|0e0|9.644988129139258e-14
G0052|MechanismWitnessed|13|3|7ea0000000000000|0000000000000000,0140000000000000,0000000000000000,0000000000000000,0000000000000000,0000000000000000|0000000000000000,3ff0000000000000,0000000000000000,0000000000000000,0000000000000000,0000000000000000,0000000000000000,3ff0000000000000,0000000000000000,0000000000000000,0000000000000000,0000000000000000,0000000000000000,3ff0000000000000,0000000000000000,0000000000000000,0000000000000000,0000000000000000,0000000000000000,3ff0000000000000,0000000000000000,0000000000000000,0000000000000000,0000000000000000,0000000000000000,3ff0000000000000,0000000000000000,0000000000000000,0000000000000000,0000000000000000,0000000000000000,3ff0000000000000,0000000000000000,0000000000000000,0000000000000000,0000000000000000,0000000000000000,3ff0000000000000,0000000000000000,0000000000000000,0000000000000000,0000000000000000,0000000000000000,3ff0000000000000,0000000000000000,0000000000000000,0000000000000000,0000000000000000,0000000000000000,3ff0000000000000,0000000000000000,0000000000000000,0000000000000000,0000000000000000|0e0|2.302598593328308e-13
G0053|Restrained|8|0|3ff0000000000000|-|-|1e0|8.038873388460936e-14
G0054|Restrained|19|3|7ea0000000000000|-|-|1e0|3.5269478867550334e-13
G0055|Restrained|18|2|69a0000000000000|-|-|5.247609268038207e-1|3.665469322668132e-13
G0056|Restrained|9|0|6980000000000000|-|-|6.727020049365284e-1|1.0705083809426788e-13
G0057|Restrained|19|2|7e80000000000000|-|-|1.0280992456948372e0|3.4460060020188903e-13
G0058|Restrained|19|2|6990000000000000|-|-|7.131165619990327e-1|3.8390742625998596e-13
G0059|MechanismWitnessed|8|1|3ff0000000000000|3ff0000000000000,0000000000000000,0000000000000000,0000000000000000,0000000000000000,0000000000000000|3ff0000000000000,0000000000000000,0000000000000000,0000000000000000,0000000000000000,0000000000000000,3ff0000000000000,0000000000000000,0000000000000000,0000000000000000,0000000000000000,0000000000000000,3ff0000000000000,0000000000000000,0000000000000000,0000000000000000,0000000000000000,0000000000000000,3ff0000000000000,0000000000000000,0000000000000000,0000000000000000,0000000000000000,0000000000000000|0e0|9.845568954283856e-14
G0060|MechanismWitnessed|6|0|6990000000000000|0000000000000000,1650000000000000,0000000000000000,0000000000000000,0000000000000000,0000000000000000|0000000000000000,3ff0000000000000,0000000000000000,0000000000000000,0000000000000000,0000000000000000,0000000000000000,3ff0000000000000,0000000000000000,0000000000000000,0000000000000000,0000000000000000,0000000000000000,3ff0000000000000,0000000000000000,0000000000000000,0000000000000000,0000000000000000|0e0|7.301722275587868e-14
G0061|MechanismWitnessed|6|1|6990000000000000|0000000000000000,1650000000000000,0000000000000000,0000000000000000,0000000000000000,0000000000000000|0000000000000000,3ff0000000000000,0000000000000000,0000000000000000,0000000000000000,0000000000000000,0000000000000000,3ff0000000000000,0000000000000000,0000000000000000,0000000000000000,0000000000000000,0000000000000000,3ff0000000000000,0000000000000000,0000000000000000,0000000000000000,0000000000000000,0000000000000000,3ff0000000000000,0000000000000000,0000000000000000,0000000000000000,0000000000000000,0000000000000000,3ff0000000000000,0000000000000000,0000000000000000,0000000000000000,0000000000000000,0000000000000000,3ff0000000000000,0000000000000000,0000000000000000,0000000000000000,0000000000000000,0000000000000000,3ff0000000000000,0000000000000000,0000000000000000,0000000000000000,0000000000000000|0e0|7.966582716289151e-14
G0062|NumericallyUnresolved|6|0|7ea0000000000000|-|-|0e0|7.406022487353581e-14
G0063|Restrained|20|3|6980000000000000|-|-|1.072051796103769e0|3.835687464346084e-13
G0064|Restrained|14|0|7eb0000000000000|-|-|7.242328911701346e-1|2.1520709156722711e-13
G0065|Restrained|12|0|7ea0000000000000|-|-|2.3866327427539077e-1|1.5906018169575883e-13
G0066|NumericallyUnresolved|5|0|6980000000000000|-|-|0e0|5.906605042161871e-14
G0067|Restrained|12|1|3ff0000000000000|-|-|4.2288589395749074e-2|1.7049213188501188e-13
G0068|Restrained|11|0|3ff0000000000000|-|-|1.0000000000000002e0|1.2859840507088066e-13
G0069|Restrained|11|0|6980000000000000|-|-|8.706338735912691e-1|1.642874692024729e-13
G0070|MechanismWitnessed|3|0|3ff0000000000000|3ff0000000000000,0000000000000000,0000000000000000,0000000000000000,0000000000000000,0000000000000000|3ff0000000000000,0000000000000000,0000000000000000,0000000000000000,0000000000000000,0000000000000000|0e0|4.263256414560604e-14
G0071|MechanismWitnessed|6|0|7ea0000000000000|0000000000000000,0140000000000000,0000000000000000,0000000000000000,0000000000000000,0000000000000000|0000000000000000,3ff0000000000000,0000000000000000,0000000000000000,0000000000000000,0000000000000000,0000000000000000,3ff0000000000000,0000000000000000,0000000000000000,0000000000000000,0000000000000000,0000000000000000,3ff0000000000000,0000000000000000,0000000000000000,0000000000000000,0000000000000000,0000000000000000,3ff0000000000000,0000000000000000,0000000000000000,0000000000000000,0000000000000000,0000000000000000,3ff0000000000000,0000000000000000,0000000000000000,0000000000000000,0000000000000000,0000000000000000,3ff0000000000000,0000000000000000,0000000000000000,0000000000000000,0000000000000000,0000000000000000,3ff0000000000000,0000000000000000,0000000000000000,0000000000000000,0000000000000000|0e0|7.950487562182337e-14
G0072|Restrained|19|1|7ea0000000000000|-|-|7.642035907049852e-1|3.287651212807442e-13
G0073|Restrained|7|0|3ff0000000000000|-|-|5.099232294850157e-1|8.214977540291683e-14
G0074|NumericallyUnresolved|5|0|6990000000000000|-|-|0e0|7.516306885230542e-14
G0075|NumericallyUnresolved|6|0|3ff0000000000000|-|-|0e0|6.841987251607531e-14
G0076|Restrained|17|0|6990000000000000|-|-|1.2395092175636528e0|2.562712457315537e-13
G0077|MechanismWitnessed|14|0|7ea0000000000000|0140000000000000,0000000000000000,0000000000000000,0000000000000000,0000000000000000,0000000000000000|3ff0000000000000,0000000000000000,0000000000000000,0000000000000000,0000000000000000,0000000000000000,3ff0000000000000,0000000000000000,0000000000000000,0000000000000000,0000000000000000,0000000000000000,3ff0000000000000,0000000000000000,0000000000000000,0000000000000000,0000000000000000,0000000000000000,3ff0000000000000,0000000000000000,0000000000000000,0000000000000000,0000000000000000,0000000000000000,3ff0000000000000,0000000000000000,0000000000000000,0000000000000000,0000000000000000,0000000000000000|0e0|2.0997712480728902e-13
G0078|Restrained|9|0|7eb0000000000000|-|-|7.91932387640963e-3|1.2141808961928435e-13
G0079|Restrained|12|1|3ff0000000000000|-|-|9.821063991148729e-1|1.598420853773063e-13
G0080|Restrained|9|2|3ff0000000000000|-|-|1e0|1.1076265073569339e-13
G0081|NumericallyUnresolved|6|0|3ff0000000000000|-|-|0e0|6.029155041345701e-14
G0082|MechanismWitnessed|4|2|3ff0000000000000|3ff0000000000000,0000000000000000,0000000000000000,0000000000000000,0000000000000000,0000000000000000|3ff0000000000000,0000000000000000,0000000000000000,0000000000000000,0000000000000000,0000000000000000,3ff0000000000000,0000000000000000,0000000000000000,0000000000000000,0000000000000000,0000000000000000,3ff0000000000000,0000000000000000,0000000000000000,0000000000000000,0000000000000000,0000000000000000,3ff0000000000000,0000000000000000,0000000000000000,0000000000000000,0000000000000000,0000000000000000|0e0|6.029155041345701e-14
G0083|Restrained|18|1|69a0000000000000|-|-|1.1436358167852634e0|2.6889327564589487e-13
G0084|Restrained|18|2|6980000000000000|-|-|4.1259045569183017e-1|3.3053950696746654e-13
G0085|MechanismWitnessed|3|1|3ff0000000000000|0000000000000000,3ff0000000000000,0000000000000000,0000000000000000,0000000000000000,0000000000000000|0000000000000000,3ff0000000000000,0000000000000000,0000000000000000,0000000000000000,0000000000000000,0000000000000000,3ff0000000000000,0000000000000000,0000000000000000,0000000000000000,0000000000000000,0000000000000000,3ff0000000000000,0000000000000000,0000000000000000,0000000000000000,0000000000000000,0000000000000000,3ff0000000000000,0000000000000000,0000000000000000,0000000000000000,0000000000000000,0000000000000000,3ff0000000000000,0000000000000000,0000000000000000,0000000000000000,0000000000000000|0e0|4.263256414560604e-14
G0086|Restrained|10|0|7e90000000000000|-|-|4.2087871656219394e-1|1.2394800376432968e-13
G0087|Restrained|13|2|7ea0000000000000|-|-|1e0|1.7710947788772552e-13
G0088|Restrained|19|2|7ea0000000000000|-|-|4.6403725015224156e-1|3.3986891679305407e-13
G0089|Restrained|17|2|6990000000000000|-|-|2.698481537585404e-1|3.2383964754257955e-13
G0090|MechanismWitnessed|2|0|7ea0000000000000|0000000000000000,0000000000000000,0000000000000000,3ff0000000000000,3ff8000000000000,0000000000000000|0000000000000000,0000000000000000,0000000000000000,3ff0000000000000,3ff8000000000000,0000000000000000,feace00000000000,7ea3400000000000,fea7800000000000,3ff0000000000000,3ff8000000000000,0000000000000000|0e0|4.4960774896904587e-14
G0091|Restrained|14|0|7ea0000000000000|-|-|1.0912791788838496e0|1.933735388920934e-13
G0092|Restrained|17|1|69a0000000000000|-|-|1e0|2.876653346593843e-13
G0093|Restrained|11|1|3ff0000000000000|-|-|1e0|1.1053450909133791e-13
G0094|Restrained|17|2|6990000000000000|-|-|1.0732934488145496e0|2.8201476259560706e-13
G0095|Restrained|22|3|7ea0000000000000|-|-|9.936915167533282e-1|4.667418230629442e-13
G0096|Restrained|18|1|7ea0000000000000|-|-|8.888124075101995e-1|3.391378757239826e-13
G0097|Restrained|8|2|6990000000000000|-|-|1.5900909431224414e-1|1.052278638625505e-13
G0098|MechanismWitnessed|4|1|3ff0000000000000|0000000000000000,0000000000000000,0000000000000000,3ff0000000000000,0000000000000000,0000000000000000|0000000000000000,0000000000000000,0000000000000000,3ff0000000000000,0000000000000000,0000000000000000,0000000000000000,0000000000000000,0000000000000000,3ff0000000000000,0000000000000000,0000000000000000,0000000000000000,0000000000000000,0000000000000000,3ff0000000000000,0000000000000000,0000000000000000|0e0|6.541011392552945e-14
G0099|MechanismWitnessed|1|0|3ff0000000000000|3ff0000000000000,0000000000000000,0000000000000000,0000000000000000,0000000000000000,0000000000000000|3ff0000000000000,0000000000000000,0000000000000000,0000000000000000,0000000000000000,0000000000000000|0e0|4.2632564145606036e-14
G0100|Restrained|15|0|7ea0000000000000|-|-|6.17764076556501e-1|2.299950885431187e-13
G0101|MechanismWitnessed|10|3|69a0000000000000|1640000000000000,0000000000000000,0000000000000000,0000000000000000,0000000000000000,0000000000000000|3ff0000000000000,0000000000000000,0000000000000000,0000000000000000,0000000000000000,0000000000000000,3ff0000000000000,0000000000000000,0000000000000000,0000000000000000,0000000000000000,0000000000000000,3ff0000000000000,0000000000000000,0000000000000000,0000000000000000,0000000000000000,0000000000000000,3ff0000000000000,0000000000000000,0000000000000000,0000000000000000,0000000000000000,0000000000000000,3ff0000000000000,0000000000000000,0000000000000000,0000000000000000,0000000000000000,0000000000000000,3ff0000000000000,0000000000000000,0000000000000000,0000000000000000,0000000000000000,0000000000000000,3ff0000000000000,0000000000000000,0000000000000000,0000000000000000,0000000000000000,0000000000000000|0e0|1.585604425186138e-13
G0102|Restrained|16|1|69a0000000000000|-|-|8.731346872783617e-1|2.7495145460764454e-13
G0103|MechanismWitnessed|4|1|3ff0000000000000|0000000000000000,0000000000000000,0000000000000000,3ff0000000000000,0000000000000000,0000000000000000|0000000000000000,0000000000000000,0000000000000000,3ff0000000000000,0000000000000000,0000000000000000,0000000000000000,0000000000000000,0000000000000000,3ff0000000000000,0000000000000000,0000000000000000,0000000000000000,0000000000000000,0000000000000000,3ff0000000000000,0000000000000000,0000000000000000|0e0|5.1499354580294883e-14
G0104|MechanismWitnessed|13|3|69a0000000000000|0000000000000000,1640000000000000,0000000000000000,0000000000000000,0000000000000000,0000000000000000|0000000000000000,3ff0000000000000,0000000000000000,0000000000000000,0000000000000000,0000000000000000,0000000000000000,3ff0000000000000,0000000000000000,0000000000000000,0000000000000000,0000000000000000,0000000000000000,3ff0000000000000,0000000000000000,0000000000000000,0000000000000000,0000000000000000,0000000000000000,3ff0000000000000,0000000000000000,0000000000000000,0000000000000000,0000000000000000,0000000000000000,3ff0000000000000,0000000000000000,0000000000000000,0000000000000000,0000000000000000,0000000000000000,3ff0000000000000,0000000000000000,0000000000000000,0000000000000000,0000000000000000,0000000000000000,3ff0000000000000,0000000000000000,0000000000000000,0000000000000000,0000000000000000,0000000000000000,3ff0000000000000,0000000000000000,0000000000000000,0000000000000000,0000000000000000,0000000000000000,3ff0000000000000,0000000000000000,0000000000000000,0000000000000000,0000000000000000|0e0|2.211372842929252e-13
G0105|NumericallyUnresolved|15|1|6990000000000000|-|-|4.1338823133136875e-100|2.401699181764572e-13
G0106|Restrained|17|1|7ea0000000000000|-|-|5.904265331579864e-1|3.091544460140367e-13
G0107|MechanismWitnessed|9|0|7eb0000000000000|0130000000000000,0000000000000000,0000000000000000,0000000000000000,0000000000000000,0000000000000000|3ff0000000000000,0000000000000000,0000000000000000,0000000000000000,0000000000000000,0000000000000000,3ff0000000000000,0000000000000000,0000000000000000,0000000000000000,0000000000000000,0000000000000000,3ff0000000000000,0000000000000000,0000000000000000,0000000000000000,0000000000000000,0000000000000000,3ff0000000000000,0000000000000000,0000000000000000,0000000000000000,0000000000000000,0000000000000000,3ff0000000000000,0000000000000000,0000000000000000,0000000000000000,0000000000000000,0000000000000000,3ff0000000000000,0000000000000000,0000000000000000,0000000000000000,0000000000000000,0000000000000000,3ff0000000000000,0000000000000000,0000000000000000,0000000000000000,0000000000000000,0000000000000000|0e0|1.1930395234932003e-13
G0108|Restrained|14|0|6990000000000000|-|-|2.8056535171356545e-1|2.25585365244082e-13
G0109|MechanismWitnessed|4|0|7ea0000000000000|0000000000000000,0140000000000000,0000000000000000,0000000000000000,0000000000000000,0000000000000000|0000000000000000,3ff0000000000000,0000000000000000,0000000000000000,0000000000000000,0000000000000000,0000000000000000,3ff0000000000000,0000000000000000,0000000000000000,0000000000000000,0000000000000000,0000000000000000,3ff0000000000000,0000000000000000,0000000000000000,0000000000000000,0000000000000000,0000000000000000,3ff0000000000000,0000000000000000,0000000000000000,0000000000000000,0000000000000000,0000000000000000,3ff0000000000000,0000000000000000,0000000000000000,0000000000000000,0000000000000000,0000000000000000,3ff0000000000000,0000000000000000,0000000000000000,0000000000000000,0000000000000000|0e0|5.2620846334113195e-14
G0110|Restrained|9|1|54f0000000000000|-|-|1.8042024267045864e-1|1.1431968119561273e-13
G0111|MechanismWitnessed|6|1|3ff0000000000000|0000000000000000,0000000000000000,0000000000000000,0000000000000000,3ff0000000000000,0000000000000000|0000000000000000,0000000000000000,0000000000000000,0000000000000000,3ff0000000000000,0000000000000000,0000000000000000,0000000000000000,0000000000000000,0000000000000000,3ff0000000000000,0000000000000000,0000000000000000,0000000000000000,0000000000000000,0000000000000000,3ff0000000000000,0000000000000000|0e0|6.029155041345701e-14
G0112|Restrained|11|1|7ea0000000000000|-|-|6.398058188936344e-1|1.515615473093234e-13
G0113|MechanismWitnessed|3|0|3ff0000000000000|3ff0000000000000,0000000000000000,0000000000000000,0000000000000000,0000000000000000,0000000000000000|3ff0000000000000,0000000000000000,0000000000000000,0000000000000000,0000000000000000,0000000000000000,3ff0000000000000,0000000000000000,0000000000000000,0000000000000000,0000000000000000,0000000000000000|0e0|4.263256414560604e-14
G0114|Restrained|14|1|3ff0000000000000|-|-|1.0472446508005482e0|1.9866589040589455e-13
G0115|NumericallyUnresolved|13|3|6980000000000000|-|-|5.028034535249206e-100|2.230099940372141e-13
G0116|Restrained|15|1|7ea0000000000000|-|-|8.457340989918529e-1|2.3590604804104965e-13
G0117|Restrained|17|3|69a0000000000000|-|-|9.843907053253239e-1|2.9950090672336557e-13
G0118|Restrained|13|1|6980000000000000|-|-|3.6584425649306723e-1|2.295116596278955e-13
G0119|Restrained|16|1|7ea0000000000000|-|-|3.1642050756339724e-1|2.7784048404265165e-13
G0120|Restrained|8|0|3ff0000000000000|-|-|1e0|8.038873388460936e-14
G0121|Restrained|12|1|6980000000000000|-|-|4.170060301932649e-1|2.0139144518754023e-13
G0122|Restrained|14|1|7e90000000000000|-|-|4.188855769772492e-1|2.3087429470072285e-13
G0123|MechanismWitnessed|14|3|7e90000000000000|0000000000000000,0000000000000000,0150000000000000,0000000000000000,0000000000000000,0000000000000000|0000000000000000,0000000000000000,3ff0000000000000,0000000000000000,0000000000000000,0000000000000000,0000000000000000,0000000000000000,3ff0000000000000,0000000000000000,0000000000000000,0000000000000000,0000000000000000,0000000000000000,3ff0000000000000,0000000000000000,0000000000000000,0000000000000000,0000000000000000,0000000000000000,3ff0000000000000,0000000000000000,0000000000000000,0000000000000000,0000000000000000,0000000000000000,3ff0000000000000,0000000000000000,0000000000000000,0000000000000000,0000000000000000,0000000000000000,3ff0000000000000,0000000000000000,0000000000000000,0000000000000000|0e0|2.581405663505465e-13
G0124|MechanismWitnessed|6|0|3ff0000000000000|0000000000000000,0000000000000000,0000000000000000,3ff0000000000000,0000000000000000,0000000000000000|0000000000000000,0000000000000000,0000000000000000,3ff0000000000000,0000000000000000,0000000000000000,0000000000000000,0000000000000000,0000000000000000,3ff0000000000000,0000000000000000,0000000000000000|0e0|6.029155041345701e-14
G0125|MechanismWitnessed|16|1|6990000000000000|0000000000000000,0000000000000000,1650000000000000,0000000000000000,0000000000000000,0000000000000000|0000000000000000,0000000000000000,3ff0000000000000,0000000000000000,0000000000000000,0000000000000000,0000000000000000,0000000000000000,3ff0000000000000,0000000000000000,0000000000000000,0000000000000000,0000000000000000,0000000000000000,3ff0000000000000,0000000000000000,0000000000000000,0000000000000000,0000000000000000,0000000000000000,3ff0000000000000,0000000000000000,0000000000000000,0000000000000000,0000000000000000,0000000000000000,3ff0000000000000,0000000000000000,0000000000000000,0000000000000000,0000000000000000,0000000000000000,3ff0000000000000,0000000000000000,0000000000000000,0000000000000000,0000000000000000,0000000000000000,3ff0000000000000,0000000000000000,0000000000000000,0000000000000000,0000000000000000,0000000000000000,3ff0000000000000,0000000000000000,0000000000000000,0000000000000000|0e0|2.936190526585185e-13
G0126|MechanismWitnessed|2|0|6990000000000000|1650000000000000,0000000000000000,0000000000000000,0000000000000000,0000000000000000,0000000000000000|3ff0000000000000,0000000000000000,0000000000000000,0000000000000000,0000000000000000,0000000000000000,3ff0000000000000,0000000000000000,0000000000000000,0000000000000000,0000000000000000,0000000000000000,3ff0000000000000,0000000000000000,0000000000000000,0000000000000000,0000000000000000,0000000000000000,3ff0000000000000,0000000000000000,0000000000000000,0000000000000000,0000000000000000,0000000000000000,3ff0000000000000,0000000000000000,0000000000000000,0000000000000000,0000000000000000,0000000000000000,3ff0000000000000,0000000000000000,0000000000000000,0000000000000000,0000000000000000,0000000000000000,3ff0000000000000,0000000000000000,0000000000000000,0000000000000000,0000000000000000,0000000000000000,3ff0000000000000,0000000000000000,0000000000000000,0000000000000000,0000000000000000,0000000000000000,3ff0000000000000,0000000000000000,0000000000000000,0000000000000000,0000000000000000,0000000000000000|0e0|4.263256414560604e-14
G0127|Restrained|7|0|3ff0000000000000|-|-|1e0|7.034014214903317e-14
G0128|MechanismWitnessed|11|2|7ea0000000000000|0140000000000000,0000000000000000,0000000000000000,0000000000000000,0000000000000000,0000000000000000|3ff0000000000000,0000000000000000,0000000000000000,0000000000000000,0000000000000000,0000000000000000,3ff0000000000000,0000000000000000,0000000000000000,0000000000000000,0000000000000000,0000000000000000,3ff0000000000000,0000000000000000,0000000000000000,0000000000000000,0000000000000000,0000000000000000,3ff0000000000000,0000000000000000,0000000000000000,0000000000000000,0000000000000000,0000000000000000,3ff0000000000000,0000000000000000,0000000000000000,0000000000000000,0000000000000000,0000000000000000,3ff0000000000000,0000000000000000,0000000000000000,0000000000000000,0000000000000000,0000000000000000,3ff0000000000000,0000000000000000,0000000000000000,0000000000000000,0000000000000000,0000000000000000|0e0|1.8739158485942164e-13
G0129|MechanismWitnessed|14|3|7ea0000000000000|0000000000000000,0140000000000000,0000000000000000,0000000000000000,0000000000000000,0000000000000000|0000000000000000,3ff0000000000000,0000000000000000,0000000000000000,0000000000000000,0000000000000000,0000000000000000,3ff0000000000000,0000000000000000,0000000000000000,0000000000000000,0000000000000000|0e0|2.69358065127284e-13
G0130|MechanismWitnessed|5|1|7ea0000000000000|0140000000000000,0000000000000000,0000000000000000,0000000000000000,0000000000000000,0000000000000000|3ff0000000000000,0000000000000000,0000000000000000,0000000000000000,0000000000000000,0000000000000000,3ff0000000000000,0000000000000000,0000000000000000,0000000000000000,0000000000000000,0000000000000000,3ff0000000000000,0000000000000000,0000000000000000,0000000000000000,0000000000000000,0000000000000000,3ff0000000000000,0000000000000000,0000000000000000,0000000000000000,0000000000000000,0000000000000000,3ff0000000000000,0000000000000000,0000000000000000,0000000000000000,0000000000000000,0000000000000000|0e0|7.559582959471087e-14
G0131|MechanismWitnessed|8|0|6990000000000000|0000000000000000,0000000000000000,1650000000000000,0000000000000000,0000000000000000,0000000000000000|0000000000000000,0000000000000000,3ff0000000000000,0000000000000000,0000000000000000,0000000000000000,0000000000000000,0000000000000000,3ff0000000000000,0000000000000000,0000000000000000,0000000000000000,0000000000000000,0000000000000000,3ff0000000000000,0000000000000000,0000000000000000,0000000000000000,0000000000000000,0000000000000000,3ff0000000000000,0000000000000000,0000000000000000,0000000000000000,0000000000000000,0000000000000000,3ff0000000000000,0000000000000000,0000000000000000,0000000000000000,0000000000000000,0000000000000000,3ff0000000000000,0000000000000000,0000000000000000,0000000000000000,0000000000000000,0000000000000000,3ff0000000000000,0000000000000000,0000000000000000,0000000000000000,0000000000000000,0000000000000000,3ff0000000000000,0000000000000000,0000000000000000,0000000000000000|0e0|1.0747908508063835e-13
G0132|Restrained|7|0|7e80000000000000|-|-|1.213548510541034e-1|9.211322342205985e-14
G0133|MechanismWitnessed|5|0|69a0000000000000|0000000000000000,0000000000000000,1640000000000000,0000000000000000,0000000000000000,0000000000000000|0000000000000000,0000000000000000,3ff0000000000000,0000000000000000,0000000000000000,0000000000000000,0000000000000000,0000000000000000,3ff0000000000000,0000000000000000,0000000000000000,0000000000000000,0000000000000000,0000000000000000,3ff0000000000000,0000000000000000,0000000000000000,0000000000000000,0000000000000000,0000000000000000,3ff0000000000000,0000000000000000,0000000000000000,0000000000000000,0000000000000000,0000000000000000,3ff0000000000000,0000000000000000,0000000000000000,0000000000000000,0000000000000000,0000000000000000,3ff0000000000000,0000000000000000,0000000000000000,0000000000000000,0000000000000000,0000000000000000,3ff0000000000000,0000000000000000,0000000000000000,0000000000000000|0e0|5.913595411167683e-14
G0134|Restrained|12|2|7ea0000000000000|-|-|3.456386782946041e-1|1.7659612077905252e-13
G0135|MechanismWitnessed|16|1|6990000000000000|0000000000000000,0000000000000000,1650000000000000,0000000000000000,0000000000000000,0000000000000000|0000000000000000,0000000000000000,3ff0000000000000,0000000000000000,0000000000000000,0000000000000000,0000000000000000,0000000000000000,3ff0000000000000,0000000000000000,0000000000000000,0000000000000000,0000000000000000,0000000000000000,3ff0000000000000,0000000000000000,0000000000000000,0000000000000000,0000000000000000,0000000000000000,3ff0000000000000,0000000000000000,0000000000000000,0000000000000000,0000000000000000,0000000000000000,3ff0000000000000,0000000000000000,0000000000000000,0000000000000000,0000000000000000,0000000000000000,3ff0000000000000,0000000000000000,0000000000000000,0000000000000000,0000000000000000,0000000000000000,3ff0000000000000,0000000000000000,0000000000000000,0000000000000000,0000000000000000,0000000000000000,3ff0000000000000,0000000000000000,0000000000000000,0000000000000000|0e0|2.733895439269053e-13
G0136|MechanismWitnessed|7|2|7ea0000000000000|0140000000000000,0000000000000000,0000000000000000,0000000000000000,0000000000000000,0000000000000000|3ff0000000000000,0000000000000000,0000000000000000,0000000000000000,0000000000000000,0000000000000000,3ff0000000000000,0000000000000000,0000000000000000,0000000000000000,0000000000000000,0000000000000000,3ff0000000000000,0000000000000000,0000000000000000,0000000000000000,0000000000000000,0000000000000000,3ff0000000000000,0000000000000000,0000000000000000,0000000000000000,0000000000000000,0000000000000000,3ff0000000000000,0000000000000000,0000000000000000,0000000000000000,0000000000000000,0000000000000000,3ff0000000000000,0000000000000000,0000000000000000,0000000000000000,0000000000000000,0000000000000000,3ff0000000000000,0000000000000000,0000000000000000,0000000000000000,0000000000000000,0000000000000000|0e0|9.026202397130336e-14
G0137|Restrained|15|3|7ea0000000000000|-|-|4.8455592871961783e-1|2.783947204872316e-13
G0138|NumericallyUnresolved|5|0|7ea0000000000000|-|-|0e0|6.873645910530095e-14
G0139|MechanismWitnessed|15|3|69a0000000000000|0000000000000000,1640000000000000,0000000000000000,0000000000000000,0000000000000000,0000000000000000|0000000000000000,3ff0000000000000,0000000000000000,0000000000000000,0000000000000000,0000000000000000,0000000000000000,3ff0000000000000,0000000000000000,0000000000000000,0000000000000000,0000000000000000,0000000000000000,3ff0000000000000,0000000000000000,0000000000000000,0000000000000000,0000000000000000,0000000000000000,3ff0000000000000,0000000000000000,0000000000000000,0000000000000000,0000000000000000,0000000000000000,3ff0000000000000,0000000000000000,0000000000000000,0000000000000000,0000000000000000,0000000000000000,3ff0000000000000,0000000000000000,0000000000000000,0000000000000000,0000000000000000,0000000000000000,3ff0000000000000,0000000000000000,0000000000000000,0000000000000000,0000000000000000,0000000000000000,3ff0000000000000,0000000000000000,0000000000000000,0000000000000000,0000000000000000,0000000000000000,3ff0000000000000,0000000000000000,0000000000000000,0000000000000000,0000000000000000|0e0|2.775899265202597e-13
G0140|NumericallyUnresolved|9|1|3ff0000000000000|-|-|0e0|1.1529597955410112e-13
G0141|Restrained|7|0|6990000000000000|-|-|1.6774480539575218e-1|8.23875415998118e-14
G0142|Restrained|20|2|6980000000000000|-|-|1e0|3.8340295639010776e-13
G0143|NumericallyUnresolved|6|0|3ff0000000000000|-|-|0e0|6.029662137553717e-14
G0144|Restrained|15|1|6990000000000000|-|-|4.8205488764164006e-1|2.68074481479747e-13
G0145|MechanismWitnessed|7|1|6990000000000000|1650000000000000,0000000000000000,0000000000000000,0000000000000000,0000000000000000,0000000000000000|3ff0000000000000,0000000000000000,0000000000000000,0000000000000000,0000000000000000,0000000000000000,3ff0000000000000,0000000000000000,0000000000000000,0000000000000000,0000000000000000,0000000000000000,3ff0000000000000,0000000000000000,0000000000000000,0000000000000000,0000000000000000,0000000000000000,3ff0000000000000,0000000000000000,0000000000000000,0000000000000000,0000000000000000,0000000000000000|0e0|9.94759830064141e-14
G0146|Restrained|12|2|3ff0000000000000|-|-|1.4142135623730951e0|1.205831008269141e-13
G0147|MechanismWitnessed|10|3|7ea0000000000000|0158000000000000,8150000000000000,0000000000000000,0000000000000000,0000000000000000,0000000000000000|4008000000000000,c000000000000000,0000000000000000,0000000000000000,0000000000000000,0000000000000000,4008000000000000,c000000000000000,0000000000000000,0000000000000000,0000000000000000,0000000000000000,4008000000000000,c000000000000000,0000000000000000,0000000000000000,0000000000000000,0000000000000000|0e0|1.632493861629636e-13
G0148|Restrained|17|1|7ea0000000000000|-|-|7.21554755907107e-1|2.934932828166035e-13
G0149|MechanismWitnessed|5|1|6990000000000000|1650000000000000,0000000000000000,0000000000000000,0000000000000000,0000000000000000,0000000000000000|3ff0000000000000,0000000000000000,0000000000000000,0000000000000000,0000000000000000,0000000000000000,3ff0000000000000,0000000000000000,0000000000000000,0000000000000000,0000000000000000,0000000000000000|0e0|7.347339321274958e-14
G0150|Restrained|9|0|69a0000000000000|-|-|7.483660131970344e-1|1.0543665836312482e-13
G0151|NumericallyUnresolved|4|0|7ea0000000000000|-|-|0e0|5.0817005593062386e-14
G0152|MechanismWitnessed|14|2|6990000000000000|0000000000000000,0000000000000000,1650000000000000,0000000000000000,0000000000000000,0000000000000000|0000000000000000,0000000000000000,3ff0000000000000,0000000000000000,0000000000000000,0000000000000000,0000000000000000,0000000000000000,3ff0000000000000,0000000000000000,0000000000000000,0000000000000000,0000000000000000,0000000000000000,3ff0000000000000,0000000000000000,0000000000000000,0000000000000000,0000000000000000,0000000000000000,3ff0000000000000,0000000000000000,0000000000000000,0000000000000000,0000000000000000,0000000000000000,3ff0000000000000,0000000000000000,0000000000000000,0000000000000000,0000000000000000,0000000000000000,3ff0000000000000,0000000000000000,0000000000000000,0000000000000000,0000000000000000,0000000000000000,3ff0000000000000,0000000000000000,0000000000000000,0000000000000000,0000000000000000,0000000000000000,3ff0000000000000,0000000000000000,0000000000000000,0000000000000000,0000000000000000,0000000000000000,3ff0000000000000,0000000000000000,0000000000000000,0000000000000000|0e0|2.569960339305252e-13
G0153|MechanismWitnessed|7|1|7ea0000000000000|0140000000000000,0000000000000000,0000000000000000,0000000000000000,0000000000000000,0000000000000000|3ff0000000000000,0000000000000000,0000000000000000,0000000000000000,0000000000000000,0000000000000000,3ff0000000000000,0000000000000000,0000000000000000,0000000000000000,0000000000000000,0000000000000000,3ff0000000000000,0000000000000000,0000000000000000,0000000000000000,0000000000000000,0000000000000000,3ff0000000000000,0000000000000000,0000000000000000,0000000000000000,0000000000000000,0000000000000000,3ff0000000000000,0000000000000000,0000000000000000,0000000000000000,0000000000000000,0000000000000000|0e0|7.505872854985367e-14
G0154|Restrained|8|0|54e0000000000000|-|-|2.654474835068631e-1|9.799167675725497e-14
G0155|NumericallyUnresolved|5|0|6990000000000000|-|-|0e0|6.735811239655827e-14
G0156|Restrained|13|0|6990000000000000|-|-|1e0|1.7651400606859747e-13
G0157|MechanismWitnessed|2|0|3ff0000000000000|4008000000000000,0000000000000000,bff0000000000000,0000000000000000,0000000000000000,0000000000000000|4008000000000000,0000000000000000,bff0000000000000,0000000000000000,0000000000000000,0000000000000000|0e0|5.281144884613983e-14
G0158|Restrained|14|0|7eb0000000000000|-|-|4.819667059336745e-1|2.4494515925938027e-13
G0159|Restrained|18|2|7ea0000000000000|-|-|7.415031936694463e-1|3.323525054271057e-13
G0160|Restrained|11|3|6980000000000000|-|-|6.044202347056522e-2|1.3537657312140307e-13
G0161|NumericallyUnresolved|7|1|7ea0000000000000|-|-|0e0|8.558555801012128e-14
G0162|Restrained|7|0|3ff0000000000000|-|-|1e0|7.034014214903319e-14
G0163|MechanismWitnessed|13|2|7eb0000000000000|0130000000000000,0000000000000000,0000000000000000,0000000000000000,0000000000000000,0000000000000000|3ff0000000000000,0000000000000000,0000000000000000,0000000000000000,0000000000000000,0000000000000000,3ff0000000000000,0000000000000000,0000000000000000,0000000000000000,0000000000000000,0000000000000000,3ff0000000000000,0000000000000000,0000000000000000,0000000000000000,0000000000000000,0000000000000000,3ff0000000000000,0000000000000000,0000000000000000,0000000000000000,0000000000000000,0000000000000000,3ff0000000000000,0000000000000000,0000000000000000,0000000000000000,0000000000000000,0000000000000000,3ff0000000000000,0000000000000000,0000000000000000,0000000000000000,0000000000000000,0000000000000000,3ff0000000000000,0000000000000000,0000000000000000,0000000000000000,0000000000000000,0000000000000000,3ff0000000000000,0000000000000000,0000000000000000,0000000000000000,0000000000000000,0000000000000000,3ff0000000000000,0000000000000000,0000000000000000,0000000000000000,0000000000000000,0000000000000000|0e0|1.910805571060929e-13
G0164|Restrained|15|2|69a0000000000000|-|-|3.2843599684660396e-1|2.969503681803845e-13
G0165|Restrained|11|1|6980000000000000|-|-|5.90444712300153e-1|1.723404093061998e-13
G0166|MechanismWitnessed|14|3|6990000000000000|1650000000000000,0000000000000000,0000000000000000,0000000000000000,0000000000000000,0000000000000000|3ff0000000000000,0000000000000000,0000000000000000,0000000000000000,0000000000000000,0000000000000000,3ff0000000000000,0000000000000000,0000000000000000,0000000000000000,0000000000000000,0000000000000000,3ff0000000000000,0000000000000000,0000000000000000,0000000000000000,0000000000000000,0000000000000000,3ff0000000000000,0000000000000000,0000000000000000,0000000000000000,0000000000000000,0000000000000000,3ff0000000000000,0000000000000000,0000000000000000,0000000000000000,0000000000000000,0000000000000000,3ff0000000000000,0000000000000000,0000000000000000,0000000000000000,0000000000000000,0000000000000000|0e0|2.769971796771925e-13
G0167|MechanismWitnessed|13|3|6990000000000000|1650000000000000,0000000000000000,0000000000000000,0000000000000000,0000000000000000,0000000000000000|3ff0000000000000,0000000000000000,0000000000000000,0000000000000000,0000000000000000,0000000000000000,3ff0000000000000,0000000000000000,0000000000000000,0000000000000000,0000000000000000,0000000000000000,3ff0000000000000,0000000000000000,0000000000000000,0000000000000000,0000000000000000,0000000000000000,3ff0000000000000,0000000000000000,0000000000000000,0000000000000000,0000000000000000,0000000000000000,3ff0000000000000,0000000000000000,0000000000000000,0000000000000000,0000000000000000,0000000000000000,3ff0000000000000,0000000000000000,0000000000000000,0000000000000000,0000000000000000,0000000000000000,3ff0000000000000,0000000000000000,0000000000000000,0000000000000000,0000000000000000,0000000000000000,3ff0000000000000,0000000000000000,0000000000000000,0000000000000000,0000000000000000,0000000000000000,3ff0000000000000,0000000000000000,0000000000000000,0000000000000000,0000000000000000,0000000000000000|0e0|2.2282692575820126e-13
G0168|MechanismWitnessed|13|3|7eb0000000000000|0130000000000000,0000000000000000,0000000000000000,0000000000000000,0000000000000000,0000000000000000|3ff0000000000000,0000000000000000,0000000000000000,0000000000000000,0000000000000000,0000000000000000,3ff0000000000000,0000000000000000,0000000000000000,0000000000000000,0000000000000000,0000000000000000,3ff0000000000000,0000000000000000,0000000000000000,0000000000000000,0000000000000000,0000000000000000,3ff0000000000000,0000000000000000,0000000000000000,0000000000000000,0000000000000000,0000000000000000,3ff0000000000000,0000000000000000,0000000000000000,0000000000000000,0000000000000000,0000000000000000,3ff0000000000000,0000000000000000,0000000000000000,0000000000000000,0000000000000000,0000000000000000,3ff0000000000000,0000000000000000,0000000000000000,0000000000000000,0000000000000000,0000000000000000,3ff0000000000000,0000000000000000,0000000000000000,0000000000000000,0000000000000000,0000000000000000|0e0|2.0713939342269784e-13
G0169|NumericallyUnresolved|10|1|69a0000000000000|-|-|0e0|1.4513415451683216e-13
G0170|MechanismWitnessed|2|0|7ea0000000000000|0140000000000000,0000000000000000,0000000000000000,0000000000000000,0000000000000000,0000000000000000|3ff0000000000000,0000000000000000,0000000000000000,0000000000000000,0000000000000000,0000000000000000,3ff0000000000000,0000000000000000,0000000000000000,0000000000000000,0000000000000000,0000000000000000,3ff0000000000000,0000000000000000,0000000000000000,0000000000000000,0000000000000000,0000000000000000,3ff0000000000000,0000000000000000,0000000000000000,0000000000000000,0000000000000000,0000000000000000,3ff0000000000000,0000000000000000,0000000000000000,0000000000000000,0000000000000000,0000000000000000,3ff0000000000000,0000000000000000,0000000000000000,0000000000000000,0000000000000000,0000000000000000,3ff0000000000000,0000000000000000,0000000000000000,0000000000000000,0000000000000000,0000000000000000,3ff0000000000000,0000000000000000,0000000000000000,0000000000000000,0000000000000000,0000000000000000,3ff0000000000000,0000000000000000,0000000000000000,0000000000000000,0000000000000000,0000000000000000|0e0|5.594881742755558e-14
G0171|Restrained|19|1|69a0000000000000|-|-|1.139271750306297e0|3.338272912739885e-13
G0172|MechanismWitnessed|5|0|3ff0000000000000|0000000000000000,3ff0000000000000,0000000000000000,0000000000000000,0000000000000000,0000000000000000|0000000000000000,3ff0000000000000,0000000000000000,0000000000000000,0000000000000000,0000000000000000|0e0|6.029155041345701e-14
G0173|Restrained|12|1|7e90000000000000|-|-|1e0|1.604038906582453e-13
G0174|Restrained|12|0|69a0000000000000|-|-|1.0119623945856489e0|1.6458665352191242e-13
G0175|Restrained|13|0|3ff0000000000000|-|-|1.4142135623730951e0|1.5999049550711278e-13
G0176|NumericallyUnresolved|10|0|6980000000000000|-|-|1.9450722639778293e-100|1.2306961192854823e-13
G0177|Restrained|16|1|6970000000000000|-|-|9.970688375291824e-1|2.2970351426899085e-13
G0178|MechanismWitnessed|7|0|7ea0000000000000|0140000000000000,0000000000000000,0000000000000000,0000000000000000,0000000000000000,0000000000000000|3ff0000000000000,0000000000000000,0000000000000000,0000000000000000,0000000000000000,0000000000000000,3ff0000000000000,0000000000000000,0000000000000000,0000000000000000,0000000000000000,0000000000000000,3ff0000000000000,0000000000000000,0000000000000000,0000000000000000,0000000000000000,0000000000000000,3ff0000000000000,0000000000000000,0000000000000000,0000000000000000,0000000000000000,0000000000000000,3ff0000000000000,0000000000000000,0000000000000000,0000000000000000,0000000000000000,0000000000000000,3ff0000000000000,0000000000000000,0000000000000000,0000000000000000,0000000000000000,0000000000000000,3ff0000000000000,0000000000000000,0000000000000000,0000000000000000,0000000000000000,0000000000000000,3ff0000000000000,0000000000000000,0000000000000000,0000000000000000,0000000000000000,0000000000000000|0e0|8.912607633941746e-14
G0179|MechanismWitnessed|2|0|6990000000000000|1650000000000000,0000000000000000,0000000000000000,0000000000000000,0000000000000000,0000000000000000|3ff0000000000000,0000000000000000,0000000000000000,0000000000000000,0000000000000000,0000000000000000,3ff0000000000000,0000000000000000,0000000000000000,0000000000000000,0000000000000000,0000000000000000,3ff0000000000000,0000000000000000,0000000000000000,0000000000000000,0000000000000000,0000000000000000,3ff0000000000000,0000000000000000,0000000000000000,0000000000000000,0000000000000000,0000000000000000,3ff0000000000000,0000000000000000,0000000000000000,0000000000000000,0000000000000000,0000000000000000,3ff0000000000000,0000000000000000,0000000000000000,0000000000000000,0000000000000000,0000000000000000,3ff0000000000000,0000000000000000,0000000000000000,0000000000000000,0000000000000000,0000000000000000,3ff0000000000000,0000000000000000,0000000000000000,0000000000000000,0000000000000000,0000000000000000|0e0|4.802317271505941e-14
G0180|Restrained|7|0|3ff0000000000000|-|-|9.999999999999999e-1|7.034014214903319e-14
G0181|MechanismWitnessed|7|0|3ff0000000000000|0000000000000000,0000000000000000,0000000000000000,0000000000000000,3ff0000000000000,0000000000000000|0000000000000000,0000000000000000,0000000000000000,0000000000000000,3ff0000000000000,0000000000000000,0000000000000000,0000000000000000,0000000000000000,0000000000000000,3ff0000000000000,0000000000000000,0000000000000000,0000000000000000,0000000000000000,0000000000000000,3ff0000000000000,0000000000000000|0e0|8.614872834998373e-14
G0182|Restrained|13|2|7ea0000000000000|-|-|3.345001367007474e-1|2.2213846033916758e-13
G0183|Restrained|13|1|7ea0000000000000|-|-|5.163072623313808e-1|2.1019559752971114e-13
G0184|MechanismWitnessed|5|0|3ff0000000000000|0000000000000000,0000000000000000,3ff0000000000000,0000000000000000,0000000000000000,0000000000000000|0000000000000000,0000000000000000,3ff0000000000000,0000000000000000,0000000000000000,0000000000000000|0e0|4.994489694890048e-14
G0185|MechanismWitnessed|5|0|3ff0000000000000|0000000000000000,0000000000000000,0000000000000000,0000000000000000,3ff0000000000000,0000000000000000|0000000000000000,0000000000000000,0000000000000000,0000000000000000,3ff0000000000000,0000000000000000,0000000000000000,0000000000000000,0000000000000000,0000000000000000,3ff0000000000000,0000000000000000|0e0|6.029155041345701e-14
G0186|MechanismWitnessed|14|2|6990000000000000|1650000000000000,0000000000000000,0000000000000000,0000000000000000,0000000000000000,0000000000000000|3ff0000000000000,0000000000000000,0000000000000000,0000000000000000,0000000000000000,0000000000000000,3ff0000000000000,0000000000000000,0000000000000000,0000000000000000,0000000000000000,0000000000000000,3ff0000000000000,0000000000000000,0000000000000000,0000000000000000,0000000000000000,0000000000000000,3ff0000000000000,0000000000000000,0000000000000000,0000000000000000,0000000000000000,0000000000000000,3ff0000000000000,0000000000000000,0000000000000000,0000000000000000,0000000000000000,0000000000000000,3ff0000000000000,0000000000000000,0000000000000000,0000000000000000,0000000000000000,0000000000000000,3ff0000000000000,0000000000000000,0000000000000000,0000000000000000,0000000000000000,0000000000000000,3ff0000000000000,0000000000000000,0000000000000000,0000000000000000,0000000000000000,0000000000000000|0e0|2.38502756426201e-13
G0187|MechanismWitnessed|18|2|6990000000000000|1650000000000000,0000000000000000,0000000000000000,0000000000000000,0000000000000000,0000000000000000|3ff0000000000000,0000000000000000,0000000000000000,0000000000000000,0000000000000000,0000000000000000,3ff0000000000000,0000000000000000,0000000000000000,0000000000000000,0000000000000000,0000000000000000,3ff0000000000000,0000000000000000,0000000000000000,0000000000000000,0000000000000000,0000000000000000,3ff0000000000000,0000000000000000,0000000000000000,0000000000000000,0000000000000000,0000000000000000,3ff0000000000000,0000000000000000,0000000000000000,0000000000000000,0000000000000000,0000000000000000,3ff0000000000000,0000000000000000,0000000000000000,0000000000000000,0000000000000000,0000000000000000,3ff0000000000000,0000000000000000,0000000000000000,0000000000000000,0000000000000000,0000000000000000,3ff0000000000000,0000000000000000,0000000000000000,0000000000000000,0000000000000000,0000000000000000|0e0|3.188493225015503e-13
G0188|MechanismWitnessed|11|1|7ea0000000000000|0140000000000000,0000000000000000,0000000000000000,0000000000000000,0000000000000000,0000000000000000|3ff0000000000000,0000000000000000,0000000000000000,0000000000000000,0000000000000000,0000000000000000,3ff0000000000000,0000000000000000,0000000000000000,0000000000000000,0000000000000000,0000000000000000,3ff0000000000000,0000000000000000,0000000000000000,0000000000000000,0000000000000000,0000000000000000,3ff0000000000000,0000000000000000,0000000000000000,0000000000000000,0000000000000000,0000000000000000,3ff0000000000000,0000000000000000,0000000000000000,0000000000000000,0000000000000000,0000000000000000,3ff0000000000000,0000000000000000,0000000000000000,0000000000000000,0000000000000000,0000000000000000|0e0|1.698886902672711e-13
G0189|MechanismWitnessed|3|0|7ea0000000000000|0140000000000000,0000000000000000,0000000000000000,0000000000000000,0000000000000000,0000000000000000|3ff0000000000000,0000000000000000,0000000000000000,0000000000000000,0000000000000000,0000000000000000,3ff0000000000000,0000000000000000,0000000000000000,0000000000000000,0000000000000000,0000000000000000,3ff0000000000000,0000000000000000,0000000000000000,0000000000000000,0000000000000000,0000000000000000,3ff0000000000000,0000000000000000,0000000000000000,0000000000000000,0000000000000000,0000000000000000,3ff0000000000000,0000000000000000,0000000000000000,0000000000000000,0000000000000000,0000000000000000,3ff0000000000000,0000000000000000,0000000000000000,0000000000000000,0000000000000000,0000000000000000,3ff0000000000000,0000000000000000,0000000000000000,0000000000000000,0000000000000000,0000000000000000|0e0|5.3028115036483234e-14
G0190|Restrained|11|1|7ea0000000000000|-|-|3.102515492578549e-1|1.4838140444107197e-13
G0191|Restrained|14|1|3ff0000000000000|-|-|1.1283687891136314e0|1.897618433693641e-13
G0192|MechanismWitnessed|6|0|6990000000000000|1650000000000000,0000000000000000,0000000000000000,0000000000000000,0000000000000000,0000000000000000|3ff0000000000000,0000000000000000,0000000000000000,0000000000000000,0000000000000000,0000000000000000,3ff0000000000000,0000000000000000,0000000000000000,0000000000000000,0000000000000000,0000000000000000,3ff0000000000000,0000000000000000,0000000000000000,0000000000000000,0000000000000000,0000000000000000,3ff0000000000000,0000000000000000,0000000000000000,0000000000000000,0000000000000000,0000000000000000|0e0|6.029155041345701e-14
G0193|MechanismWitnessed|13|2|7ea0000000000000|0140000000000000,0000000000000000,8130000000000000,0000000000000000,0000000000000000,0000000000000000|3ff0000000000000,0000000000000000,bfe0000000000000,0000000000000000,0000000000000000,0000000000000000,3ff0000000000000,0000000000000000,bfe0000000000000,0000000000000000,0000000000000000,0000000000000000,3ff0000000000000,0000000000000000,bfe0000000000000,0000000000000000,0000000000000000,0000000000000000,3ff0000000000000,0000000000000000,bfe0000000000000,0000000000000000,0000000000000000,0000000000000000,3ff0000000000000,0000000000000000,bfe0000000000000,0000000000000000,0000000000000000,0000000000000000,3ff0000000000000,0000000000000000,bfe0000000000000,0000000000000000,0000000000000000,0000000000000000,3ff0000000000000,0000000000000000,bfe0000000000000,0000000000000000,0000000000000000,0000000000000000,3ff0000000000000,0000000000000000,bfe0000000000000,0000000000000000,0000000000000000,0000000000000000,3ff0000000000000,0000000000000000,bfe0000000000000,0000000000000000,0000000000000000,0000000000000000|2.723575485692271e-18|2.1296847196617066e-13
G0194|MechanismWitnessed|9|2|69a0000000000000|1640000000000000,1630000000000000,0000000000000000,0000000000000000,0000000000000000,0000000000000000|3ff0000000000000,3fe0000000000000,0000000000000000,0000000000000000,0000000000000000,0000000000000000,3ff0000000000000,3fe0000000000000,0000000000000000,0000000000000000,0000000000000000,0000000000000000,3ff0000000000000,3fe0000000000000,0000000000000000,0000000000000000,0000000000000000,0000000000000000,3ff0000000000000,3fe0000000000000,0000000000000000,0000000000000000,0000000000000000,0000000000000000,3ff0000000000000,3fe0000000000000,0000000000000000,0000000000000000,0000000000000000,0000000000000000,3ff0000000000000,3fe0000000000000,0000000000000000,0000000000000000,0000000000000000,0000000000000000,3ff0000000000000,3fe0000000000000,0000000000000000,0000000000000000,0000000000000000,0000000000000000,3ff0000000000000,3fe0000000000000,0000000000000000,0000000000000000,0000000000000000,0000000000000000,3ff0000000000000,3fe0000000000000,0000000000000000,0000000000000000,0000000000000000,0000000000000000|0e0|1.276294784408247e-13
G0195|Restrained|8|0|6980000000000000|-|-|4.2954329535842956e-1|9.786858317691578e-14
G0196|Restrained|15|1|3ff0000000000000|-|-|1.064786924799473e0|1.926464658811717e-13
G0197|NumericallyUnresolved|9|1|7e90000000000000|-|-|1.2833867789671189e-17|1.2811600845687491e-13
G0198|Restrained|10|2|3ff0000000000000|-|-|1e0|1.230696119285482e-13
G0199|Restrained|13|2|6980000000000000|-|-|1e0|1.647278362055361e-13
G0200|NumericallyUnresolved|4|0|7ea0000000000000|-|-|0e0|5.851758099685227e-14
G0201|Restrained|22|3|7ea0000000000000|-|-|4.7854340081262703e-1|5.321546706947216e-13
G0202|MechanismWitnessed|0|0|3ff0000000000000|3ff0000000000000,0000000000000000,0000000000000000,0000000000000000,0000000000000000,0000000000000000|3ff0000000000000,0000000000000000,0000000000000000,0000000000000000,0000000000000000,0000000000000000|0e0|0e0
G0203|Restrained|15|0|3ff0000000000000|-|-|1.4142135623730951e0|2.1191917761795212e-13
G0204|MechanismWitnessed|14|2|7ea0000000000000|0140000000000000,0000000000000000,0000000000000000,0000000000000000,0000000000000000,0000000000000000|3ff0000000000000,0000000000000000,0000000000000000,0000000000000000,0000000000000000,0000000000000000,3ff0000000000000,0000000000000000,0000000000000000,0000000000000000,0000000000000000,0000000000000000,3ff0000000000000,0000000000000000,0000000000000000,0000000000000000,0000000000000000,0000000000000000,3ff0000000000000,0000000000000000,0000000000000000,0000000000000000,0000000000000000,0000000000000000,3ff0000000000000,0000000000000000,0000000000000000,0000000000000000,0000000000000000,0000000000000000,3ff0000000000000,0000000000000000,0000000000000000,0000000000000000,0000000000000000,0000000000000000|0e0|2.593431203347003e-13
G0205|MechanismWitnessed|3|3|3ff0000000000000|0000000000000000,3ff0000000000000,0000000000000000,0000000000000000,0000000000000000,0000000000000000|0000000000000000,3ff0000000000000,0000000000000000,0000000000000000,0000000000000000,0000000000000000,0000000000000000,3ff0000000000000,0000000000000000,0000000000000000,0000000000000000,0000000000000000,0000000000000000,3ff0000000000000,0000000000000000,0000000000000000,0000000000000000,0000000000000000,0000000000000000,3ff0000000000000,0000000000000000,0000000000000000,0000000000000000,0000000000000000,0000000000000000,3ff0000000000000,0000000000000000,0000000000000000,0000000000000000,0000000000000000|0e0|5.62127607592337e-14
G0206|Restrained|8|0|3ff0000000000000|-|-|1e0|8.148001858315908e-14
G0207|Restrained|17|1|7e90000000000000|-|-|1.222068440433608e0|2.630716222158035e-13
G0208|MechanismWitnessed|5|0|6990000000000000|1650000000000000,0000000000000000,0000000000000000,0000000000000000,0000000000000000,0000000000000000|3ff0000000000000,0000000000000000,0000000000000000,0000000000000000,0000000000000000,0000000000000000,3ff0000000000000,0000000000000000,0000000000000000,0000000000000000,0000000000000000,0000000000000000,3ff0000000000000,0000000000000000,0000000000000000,0000000000000000,0000000000000000,0000000000000000,3ff0000000000000,0000000000000000,0000000000000000,0000000000000000,0000000000000000,0000000000000000,3ff0000000000000,0000000000000000,0000000000000000,0000000000000000,0000000000000000,0000000000000000,3ff0000000000000,0000000000000000,0000000000000000,0000000000000000,0000000000000000,0000000000000000,3ff0000000000000,0000000000000000,0000000000000000,0000000000000000,0000000000000000,0000000000000000|0e0|7.126366600478282e-14
G0209|MechanismWitnessed|0|0|3ff0000000000000|3ff0000000000000,0000000000000000,0000000000000000,0000000000000000,0000000000000000,0000000000000000|3ff0000000000000,0000000000000000,0000000000000000,0000000000000000,0000000000000000,0000000000000000,3ff0000000000000,0000000000000000,0000000000000000,0000000000000000,0000000000000000,0000000000000000,3ff0000000000000,0000000000000000,0000000000000000,0000000000000000,0000000000000000,0000000000000000|0e0|0e0
G0210|MechanismWitnessed|7|2|69a0000000000000|0000000000000000,1640000000000000,0000000000000000,0000000000000000,0000000000000000,0000000000000000|0000000000000000,3ff0000000000000,0000000000000000,0000000000000000,0000000000000000,0000000000000000,0000000000000000,3ff0000000000000,0000000000000000,0000000000000000,0000000000000000,0000000000000000|0e0|9.94759830064141e-14
G0211|Restrained|12|0|3ff0000000000000|-|-|1e0|1.476835343142579e-13
G0212|Restrained|12|1|6990000000000000|-|-|2.837039527335435e-1|2.009793651910111e-13
G0213|Restrained|20|3|7ea0000000000000|-|-|1.3557380670854833e0|3.3253236092487757e-13
G0214|Restrained|20|2|69a0000000000000|-|-|9.215827709679134e-1|3.9307050433888593e-13
G0215|Restrained|14|1|7ea0000000000000|-|-|7.288162180777699e-1|2.295510641855212e-13
G0216|MechanismWitnessed|2|2|6990000000000000|0000000000000000,1650000000000000,0000000000000000,0000000000000000,0000000000000000,0000000000000000|0000000000000000,3ff0000000000000,0000000000000000,0000000000000000,0000000000000000,0000000000000000,0000000000000000,3ff0000000000000,0000000000000000,0000000000000000,0000000000000000,0000000000000000,0000000000000000,3ff0000000000000,0000000000000000,0000000000000000,0000000000000000,0000000000000000,0000000000000000,3ff0000000000000,0000000000000000,0000000000000000,0000000000000000,0000000000000000,0000000000000000,3ff0000000000000,0000000000000000,0000000000000000,0000000000000000,0000000000000000,0000000000000000,3ff0000000000000,0000000000000000,0000000000000000,0000000000000000,0000000000000000|0e0|5.1416681820798855e-14
G0217|Restrained|10|1|6980000000000000|-|-|1e0|1.2184588312007647e-13
G0218|MechanismWitnessed|2|0|6990000000000000|0000000000000000,1650000000000000,0000000000000000,0000000000000000,0000000000000000,0000000000000000|0000000000000000,3ff0000000000000,0000000000000000,0000000000000000,0000000000000000,0000000000000000,0000000000000000,3ff0000000000000,0000000000000000,0000000000000000,0000000000000000,0000000000000000,0000000000000000,3ff0000000000000,0000000000000000,0000000000000000,0000000000000000,0000000000000000,0000000000000000,3ff0000000000000,0000000000000000,0000000000000000,0000000000000000,0000000000000000,0000000000000000,3ff0000000000000,0000000000000000,0000000000000000,0000000000000000,0000000000000000,0000000000000000,3ff0000000000000,0000000000000000,0000000000000000,0000000000000000,0000000000000000|0e0|4.263256414560604e-14
G0219|NumericallyUnresolved|6|2|7ea0000000000000|-|-|1.170276884223774e-19|7.63345238185227e-14
G0220|MechanismWitnessed|8|1|6980000000000000|0000000000000000,1660000000000000,0000000000000000,0000000000000000,0000000000000000,0000000000000000|0000000000000000,3ff0000000000000,0000000000000000,0000000000000000,0000000000000000,0000000000000000,0000000000000000,3ff0000000000000,0000000000000000,0000000000000000,0000000000000000,0000000000000000,0000000000000000,3ff0000000000000,0000000000000000,0000000000000000,0000000000000000,0000000000000000,0000000000000000,3ff0000000000000,0000000000000000,0000000000000000,0000000000000000,0000000000000000|0e0|9.845568954283856e-14
G0221|Restrained|9|0|7e90000000000000|-|-|1e0|1.061290249359673e-13
G0222|Restrained|17|3|6990000000000000|-|-|1.3981299403942737e-1|2.9739763847838404e-13
G0223|Restrained|15|0|7ea0000000000000|-|-|6.278541033178837e-1|2.485859435418259e-13
G0224|MechanismWitnessed|3|0|3ff0000000000000|0000000000000000,0000000000000000,0000000000000000,3ff0000000000000,0000000000000000,0000000000000000|0000000000000000,0000000000000000,0000000000000000,3ff0000000000000,0000000000000000,0000000000000000|0e0|4.263256414560604e-14
G0225|MechanismWitnessed|5|0|3ff0000000000000|0000000000000000,0000000000000000,3ff0000000000000,0000000000000000,0000000000000000,0000000000000000|0000000000000000,0000000000000000,3ff0000000000000,0000000000000000,0000000000000000,0000000000000000|0e0|4.263256414560604e-14
G0226|MechanismWitnessed|7|2|7ea0000000000000|0140000000000000,0000000000000000,0000000000000000,0000000000000000,0000000000000000,0000000000000000|3ff0000000000000,0000000000000000,0000000000000000,0000000000000000,0000000000000000,0000000000000000,3ff0000000000000,0000000000000000,0000000000000000,0000000000000000,0000000000000000,0000000000000000,3ff0000000000000,0000000000000000,0000000000000000,0000000000000000,0000000000000000,0000000000000000,3ff0000000000000,0000000000000000,0000000000000000,0000000000000000,0000000000000000,0000000000000000,3ff0000000000000,0000000000000000,0000000000000000,0000000000000000,0000000000000000,0000000000000000,3ff0000000000000,0000000000000000,0000000000000000,0000000000000000,0000000000000000,0000000000000000,3ff0000000000000,0000000000000000,0000000000000000,0000000000000000,0000000000000000,0000000000000000|0e0|9.714513067152924e-14
G0227|Restrained|13|2|6990000000000000|-|-|4.3900378482018343e-1|2.1452979414749386e-13
G0228|MechanismWitnessed|2|0|3ff0000000000000|3ff0000000000000,0000000000000000,0000000000000000,0000000000000000,0000000000000000,0000000000000000|3ff0000000000000,0000000000000000,0000000000000000,0000000000000000,0000000000000000,0000000000000000|0e0|4.652821837843332e-14
G0229|Restrained|15|2|6990000000000000|-|-|9.387051597485301e-1|2.6107007145801995e-13
G0230|NumericallyUnresolved|5|0|3ff0000000000000|-|-|0e0|5.902714701094162e-14
G0231|Restrained|7|0|6980000000000000|-|-|6.731446598772751e-1|7.034014214903319e-14
G0232|MechanismWitnessed|4|0|69a0000000000000|0000000000000000,1640000000000000,0000000000000000,0000000000000000,0000000000000000,0000000000000000|0000000000000000,3ff0000000000000,0000000000000000,0000000000000000,0000000000000000,0000000000000000,0000000000000000,3ff0000000000000,0000000000000000,0000000000000000,0000000000000000,0000000000000000,0000000000000000,3ff0000000000000,0000000000000000,0000000000000000,0000000000000000,0000000000000000,0000000000000000,3ff0000000000000,0000000000000000,0000000000000000,0000000000000000,0000000000000000,0000000000000000,3ff0000000000000,0000000000000000,0000000000000000,0000000000000000,0000000000000000,0000000000000000,3ff0000000000000,0000000000000000,0000000000000000,0000000000000000,0000000000000000,0000000000000000,3ff0000000000000,0000000000000000,0000000000000000,0000000000000000,0000000000000000,0000000000000000,3ff0000000000000,0000000000000000,0000000000000000,0000000000000000,0000000000000000,0000000000000000,3ff0000000000000,0000000000000000,0000000000000000,0000000000000000,0000000000000000|0e0|5.133790038836043e-14
G0233|Restrained|10|1|6980000000000000|-|-|1e0|1.205714490860577e-13
G0234|Restrained|7|2|3ff0000000000000|-|-|3.935044412347635e-1|7.487337203589336e-14
G0235|MechanismWitnessed|3|1|7ea0000000000000|0140000000000000,0000000000000000,0000000000000000,0000000000000000,0000000000000000,0000000000000000|3ff0000000000000,0000000000000000,0000000000000000,0000000000000000,0000000000000000,0000000000000000,3ff0000000000000,0000000000000000,0000000000000000,0000000000000000,0000000000000000,0000000000000000,3ff0000000000000,0000000000000000,0000000000000000,0000000000000000,0000000000000000,0000000000000000,3ff0000000000000,0000000000000000,0000000000000000,0000000000000000,0000000000000000,0000000000000000,3ff0000000000000,0000000000000000,0000000000000000,0000000000000000,0000000000000000,0000000000000000|0e0|5.690827270051875e-14
G0236|Restrained|16|1|6980000000000000|-|-|5.056689249115871e-1|2.2737367544323246e-13
G0237|MechanismWitnessed|12|2|6990000000000000|1650000000000000,0000000000000000,0000000000000000,0000000000000000,0000000000000000,0000000000000000|3ff0000000000000,0000000000000000,0000000000000000,0000000000000000,0000000000000000,0000000000000000,3ff0000000000000,0000000000000000,0000000000000000,0000000000000000,0000000000000000,0000000000000000,3ff0000000000000,0000000000000000,0000000000000000,0000000000000000,0000000000000000,0000000000000000,3ff0000000000000,0000000000000000,0000000000000000,0000000000000000,0000000000000000,0000000000000000,3ff0000000000000,0000000000000000,0000000000000000,0000000000000000,0000000000000000,0000000000000000,3ff0000000000000,0000000000000000,0000000000000000,0000000000000000,0000000000000000,0000000000000000,3ff0000000000000,0000000000000000,0000000000000000,0000000000000000,0000000000000000,0000000000000000,3ff0000000000000,0000000000000000,0000000000000000,0000000000000000,0000000000000000,0000000000000000,3ff0000000000000,0000000000000000,0000000000000000,0000000000000000,0000000000000000,0000000000000000|0e0|1.9411686363607077e-13
G0238|MechanismWitnessed|11|1|7e90000000000000|0000000000000000,0000000000000000,0150000000000000,0000000000000000,0000000000000000,0000000000000000|0000000000000000,0000000000000000,3ff0000000000000,0000000000000000,0000000000000000,0000000000000000,0000000000000000,0000000000000000,3ff0000000000000,0000000000000000,0000000000000000,0000000000000000,0000000000000000,0000000000000000,3ff0000000000000,0000000000000000,0000000000000000,0000000000000000|0e0|1.4298810392398758e-13
G0239|Restrained|23|2|7ea0000000000000|-|-|6.981030006495735e-1|4.850672509788607e-13
G0240|MechanismWitnessed|3|0|3ff0000000000000|0000000000000000,0000000000000000,0000000000000000,3ff0000000000000,0000000000000000,0000000000000000|0000000000000000,0000000000000000,0000000000000000,3ff0000000000000,0000000000000000,0000000000000000|0e0|6.998938257125221e-14
G0241|Restrained|14|0|7e90000000000000|-|-|1.0515319222421013e0|2.1231485156201995e-13
G0242|NumericallyUnresolved|6|0|3ff0000000000000|-|-|0e0|5.930759418876952e-14
G0243|NumericallyUnresolved|11|2|7eb0000000000000|-|-|0e0|1.7830670317554472e-13
G0244|MechanismWitnessed|9|3|3ff0000000000000|0000000000000000,0000000000000000,0000000000000000,0000000000000000,3ff0000000000000,0000000000000000|0000000000000000,0000000000000000,0000000000000000,0000000000000000,3ff0000000000000,0000000000000000,0000000000000000,0000000000000000,0000000000000000,0000000000000000,3ff0000000000000,0000000000000000,0000000000000000,0000000000000000,0000000000000000,0000000000000000,3ff0000000000000,0000000000000000|0e0|9.043732562018554e-14
G0245|MechanismWitnessed|3|0|3ff0000000000000|0000000000000000,0000000000000000,0000000000000000,4008000000000000,4000000000000000,0000000000000000|0000000000000000,0000000000000000,0000000000000000,4008000000000000,4000000000000000,0000000000000000|0e0|5.195353457752087e-14
G0246|MechanismWitnessed|9|3|7ea0000000000000|0140000000000000,0000000000000000,0000000000000000,0000000000000000,0000000000000000,0000000000000000|3ff0000000000000,0000000000000000,0000000000000000,0000000000000000,0000000000000000,0000000000000000,3ff0000000000000,0000000000000000,0000000000000000,0000000000000000,0000000000000000,0000000000000000,3ff0000000000000,0000000000000000,0000000000000000,0000000000000000,0000000000000000,0000000000000000,3ff0000000000000,0000000000000000,0000000000000000,0000000000000000,0000000000000000,0000000000000000,3ff0000000000000,0000000000000000,0000000000000000,0000000000000000,0000000000000000,0000000000000000,3ff0000000000000,0000000000000000,0000000000000000,0000000000000000,0000000000000000,0000000000000000,3ff0000000000000,0000000000000000,0000000000000000,0000000000000000,0000000000000000,0000000000000000,3ff0000000000000,0000000000000000,0000000000000000,0000000000000000,0000000000000000,0000000000000000|0e0|1.3399675088195952e-13
G0247|Restrained|12|0|69a0000000000000|-|-|8.657523002078772e-1|1.7367907270355178e-13
G0248|NumericallyUnresolved|2|0|54f0000000000000|-|-|0e0|4.271444146329568e-14
G0249|MechanismWitnessed|7|2|6990000000000000|1650000000000000,9660000000000000,0000000000000000,0000000000000000,0000000000000000,0000000000000000|3ff0000000000000,c000000000000000,0000000000000000,0000000000000000,0000000000000000,0000000000000000,3ff0000000000000,c000000000000000,0000000000000000,0000000000000000,0000000000000000,0000000000000000,3ff0000000000000,c000000000000000,0000000000000000,0000000000000000,0000000000000000,0000000000000000,3ff0000000000000,c000000000000000,0000000000000000,0000000000000000,0000000000000000,0000000000000000,3ff0000000000000,c000000000000000,0000000000000000,0000000000000000,0000000000000000,0000000000000000,3ff0000000000000,c000000000000000,0000000000000000,0000000000000000,0000000000000000,0000000000000000,3ff0000000000000,c000000000000000,0000000000000000,0000000000000000,0000000000000000,0000000000000000,3ff0000000000000,c000000000000000,0000000000000000,0000000000000000,0000000000000000,0000000000000000|0e0|9.566852905862765e-14
G0250|Restrained|18|2|7ea0000000000000|-|-|7.981086386150409e-1|3.411861009189346e-13
G0251|MechanismWitnessed|2|0|3ff0000000000000|3ff0000000000000,0000000000000000,0000000000000000,0000000000000000,0000000000000000,0000000000000000|3ff0000000000000,0000000000000000,0000000000000000,0000000000000000,0000000000000000,0000000000000000|0e0|4.96606058782728e-14
G0252|MechanismWitnessed|9|3|6990000000000000|1650000000000000,0000000000000000,0000000000000000,0000000000000000,0000000000000000,0000000000000000|3ff0000000000000,0000000000000000,0000000000000000,0000000000000000,0000000000000000,0000000000000000,3ff0000000000000,0000000000000000,0000000000000000,0000000000000000,0000000000000000,0000000000000000,3ff0000000000000,0000000000000000,0000000000000000,0000000000000000,0000000000000000,0000000000000000,3ff0000000000000,0000000000000000,0000000000000000,0000000000000000,0000000000000000,0000000000000000,3ff0000000000000,0000000000000000,0000000000000000,0000000000000000,0000000000000000,0000000000000000,3ff0000000000000,0000000000000000,0000000000000000,0000000000000000,0000000000000000,0000000000000000,3ff0000000000000,0000000000000000,0000000000000000,0000000000000000,0000000000000000,0000000000000000|0e0|1.230161421554342e-13
G0253|MechanismWitnessed|14|3|6990000000000000|1650000000000000,0000000000000000,0000000000000000,0000000000000000,0000000000000000,0000000000000000|3ff0000000000000,0000000000000000,0000000000000000,0000000000000000,0000000000000000,0000000000000000,3ff0000000000000,0000000000000000,0000000000000000,0000000000000000,0000000000000000,0000000000000000,3ff0000000000000,0000000000000000,0000000000000000,0000000000000000,0000000000000000,0000000000000000,3ff0000000000000,0000000000000000,0000000000000000,0000000000000000,0000000000000000,0000000000000000,3ff0000000000000,0000000000000000,0000000000000000,0000000000000000,0000000000000000,0000000000000000,3ff0000000000000,0000000000000000,0000000000000000,0000000000000000,0000000000000000,0000000000000000|0e0|2.2178778358557532e-13
G0254|MechanismWitnessed|12|1|7ea0000000000000|0140000000000000,0000000000000000,0000000000000000,0000000000000000,0000000000000000,0000000000000000|3ff0000000000000,0000000000000000,0000000000000000,0000000000000000,0000000000000000,0000000000000000,3ff0000000000000,0000000000000000,0000000000000000,0000000000000000,0000000000000000,0000000000000000,3ff0000000000000,0000000000000000,0000000000000000,0000000000000000,0000000000000000,0000000000000000,3ff0000000000000,0000000000000000,0000000000000000,0000000000000000,0000000000000000,0000000000000000,3ff0000000000000,0000000000000000,0000000000000000,0000000000000000,0000000000000000,0000000000000000,3ff0000000000000,0000000000000000,0000000000000000,0000000000000000,0000000000000000,0000000000000000,3ff0000000000000,0000000000000000,0000000000000000,0000000000000000,0000000000000000,0000000000000000,3ff0000000000000,0000000000000000,0000000000000000,0000000000000000,0000000000000000,0000000000000000|0e0|1.8249802817036112e-13
G0255|Restrained|14|2|7ea0000000000000|-|-|1e0|2.3906053369256403e-13
G0256|MechanismWitnessed|9|2|7ea0000000000000|0140000000000000,0000000000000000,0000000000000000,0000000000000000,0000000000000000,0000000000000000|3ff0000000000000,0000000000000000,0000000000000000,0000000000000000,0000000000000000,0000000000000000,3ff0000000000000,0000000000000000,0000000000000000,0000000000000000,0000000000000000,0000000000000000,3ff0000000000000,0000000000000000,0000000000000000,0000000000000000,0000000000000000,0000000000000000,3ff0000000000000,0000000000000000,0000000000000000,0000000000000000,0000000000000000,0000000000000000,3ff0000000000000,0000000000000000,0000000000000000,0000000000000000,0000000000000000,0000000000000000|0e0|1.2772559050194386e-13
G0257|MechanismWitnessed|3|1|7ea0000000000000|0140000000000000,0000000000000000,0000000000000000,0000000000000000,0000000000000000,0000000000000000|3ff0000000000000,0000000000000000,0000000000000000,0000000000000000,0000000000000000,0000000000000000,3ff0000000000000,0000000000000000,0000000000000000,0000000000000000,0000000000000000,0000000000000000|0e0|5.900222777885466e-14
G0258|MechanismWitnessed|6|2|7ea0000000000000|0140000000000000,0000000000000000,0000000000000000,0000000000000000,0000000000000000,0000000000000000|3ff0000000000000,0000000000000000,0000000000000000,0000000000000000,0000000000000000,0000000000000000,3ff0000000000000,0000000000000000,0000000000000000,0000000000000000,0000000000000000,0000000000000000,3ff0000000000000,0000000000000000,0000000000000000,0000000000000000,0000000000000000,0000000000000000,3ff0000000000000,0000000000000000,0000000000000000,0000000000000000,0000000000000000,0000000000000000,3ff0000000000000,0000000000000000,0000000000000000,0000000000000000,0000000000000000,0000000000000000|0e0|7.477741410696425e-14
G0259|MechanismWitnessed|2|0|3ff0000000000000|3ff0000000000000,0000000000000000,0000000000000000,0000000000000000,0000000000000000,0000000000000000|3ff0000000000000,0000000000000000,0000000000000000,0000000000000000,0000000000000000,0000000000000000|0e0|4.263256414560604e-14
G0260|Restrained|21|2|6990000000000000|-|-|9.545430162731839e-1|4.2040868482723956e-13
G0261|Restrained|7|0|3ff0000000000000|-|-|3.512584681037598e-1|6.96878819896877e-14
G0262|MechanismWitnessed|13|1|7ea0000000000000|0140000000000000,0000000000000000,0000000000000000,0000000000000000,0000000000000000,0000000000000000|3ff0000000000000,0000000000000000,0000000000000000,0000000000000000,0000000000000000,0000000000000000,3ff0000000000000,0000000000000000,0000000000000000,0000000000000000,0000000000000000,0000000000000000,3ff0000000000000,0000000000000000,0000000000000000,0000000000000000,0000000000000000,0000000000000000,3ff0000000000000,0000000000000000,0000000000000000,0000000000000000,0000000000000000,0000000000000000,3ff0000000000000,0000000000000000,0000000000000000,0000000000000000,0000000000000000,0000000000000000|0e0|2.2207762717679716e-13
G0263|MechanismWitnessed|9|1|6990000000000000|1650000000000000,0000000000000000,1640000000000000,0000000000000000,0000000000000000,0000000000000000|3ff0000000000000,0000000000000000,3fe0000000000000,0000000000000000,0000000000000000,0000000000000000,3ff0000000000000,0000000000000000,3fe0000000000000,0000000000000000,0000000000000000,0000000000000000,3ff0000000000000,0000000000000000,3fe0000000000000,0000000000000000,0000000000000000,0000000000000000,3ff0000000000000,0000000000000000,3fe0000000000000,0000000000000000,0000000000000000,0000000000000000,3ff0000000000000,0000000000000000,3fe0000000000000,0000000000000000,0000000000000000,0000000000000000,3ff0000000000000,0000000000000000,3fe0000000000000,0000000000000000,0000000000000000,0000000000000000,3ff0000000000000,0000000000000000,3fe0000000000000,0000000000000000,0000000000000000,0000000000000000,3ff0000000000000,0000000000000000,3fe0000000000000,0000000000000000,0000000000000000,0000000000000000,3ff0000000000000,0000000000000000,3fe0000000000000,0000000000000000,0000000000000000,0000000000000000|0e0|1.3189699712057988e-13
G0264|Restrained|15|1|7ea0000000000000|-|-|8.869416615717319e-1|2.4196880435691936e-13
G0265|Restrained|9|0|7ea0000000000000|-|-|4.5843306208008827e-1|1.3212259679092081e-13
G0266|MechanismWitnessed|3|1|6970000000000000|1670000000000000,0000000000000000,0000000000000000,0000000000000000,0000000000000000,0000000000000000|3ff0000000000000,0000000000000000,0000000000000000,0000000000000000,0000000000000000,0000000000000000,3ff0000000000000,0000000000000000,0000000000000000,0000000000000000,0000000000000000,0000000000000000,3ff0000000000000,0000000000000000,0000000000000000,0000000000000000,0000000000000000,0000000000000000,3ff0000000000000,0000000000000000,0000000000000000,0000000000000000,0000000000000000,0000000000000000|0e0|6.854155089580567e-14
G0267|Restrained|12|0|3ff0000000000000|-|-|1.0002681037266081e0|1.4767033378642548e-13
G0268|MechanismWitnessed|5|0|6990000000000000|0000000000000000,0000000000000000,1650000000000000,0000000000000000,0000000000000000,0000000000000000|0000000000000000,0000000000000000,3ff0000000000000,0000000000000000,0000000000000000,0000000000000000,0000000000000000,0000000000000000,3ff0000000000000,0000000000000000,0000000000000000,0000000000000000,0000000000000000,0000000000000000,3ff0000000000000,0000000000000000,0000000000000000,0000000000000000,0000000000000000,0000000000000000,3ff0000000000000,0000000000000000,0000000000000000,0000000000000000,0000000000000000,0000000000000000,3ff0000000000000,0000000000000000,0000000000000000,0000000000000000|0e0|6.029155041345701e-14
G0269|NumericallyUnresolved|5|0|3ff0000000000000|-|-|0e0|5.420134269936046e-14
G0270|Restrained|18|1|7ea0000000000000|-|-|9.226758853968114e-1|3.1035662080788816e-13
G0271|MechanismWitnessed|2|1|6990000000000000|1650000000000000,0000000000000000,0000000000000000,0000000000000000,0000000000000000,0000000000000000|3ff0000000000000,0000000000000000,0000000000000000,0000000000000000,0000000000000000,0000000000000000,3ff0000000000000,0000000000000000,0000000000000000,0000000000000000,0000000000000000,0000000000000000,3ff0000000000000,0000000000000000,0000000000000000,0000000000000000,0000000000000000,0000000000000000,3ff0000000000000,0000000000000000,0000000000000000,0000000000000000,0000000000000000,0000000000000000,3ff0000000000000,0000000000000000,0000000000000000,0000000000000000,0000000000000000,0000000000000000,3ff0000000000000,0000000000000000,0000000000000000,0000000000000000,0000000000000000,0000000000000000|0e0|5.492257970615855e-14
G0272|Restrained|6|0|3ff0000000000000|-|-|4.6829069664028805e-1|5.689017893913016e-14
G0273|Restrained|10|2|6980000000000000|-|-|7.800771122576791e-1|1.3599973839077002e-13
G0274|MechanismWitnessed|2|0|3ff0000000000000|3ff0000000000000,0000000000000000,0000000000000000,0000000000000000,0000000000000000,0000000000000000|3ff0000000000000,0000000000000000,0000000000000000,0000000000000000,0000000000000000,0000000000000000|0e0|4.544348870634959e-14
G0275|MechanismWitnessed|12|3|69a0000000000000|1640000000000000,0000000000000000,0000000000000000,0000000000000000,0000000000000000,0000000000000000|3ff0000000000000,0000000000000000,0000000000000000,0000000000000000,0000000000000000,0000000000000000,3ff0000000000000,0000000000000000,0000000000000000,0000000000000000,0000000000000000,0000000000000000,3ff0000000000000,0000000000000000,0000000000000000,0000000000000000,0000000000000000,0000000000000000,3ff0000000000000,0000000000000000,0000000000000000,0000000000000000,0000000000000000,0000000000000000,3ff0000000000000,0000000000000000,0000000000000000,0000000000000000,0000000000000000,0000000000000000|0e0|1.825263674459753e-13
G0276|Restrained|17|2|7ea0000000000000|-|-|5.502344898018398e-1|3.163048189372071e-13
G0277|MechanismWitnessed|3|0|3ff0000000000000|3ff0000000000000,0000000000000000,0000000000000000,0000000000000000,0000000000000000,0000000000000000|3ff0000000000000,0000000000000000,0000000000000000,0000000000000000,0000000000000000,0000000000000000|0e0|4.263256414560604e-14
G0278|Restrained|11|2|6990000000000000|-|-|3.6499969983131797e-1|1.8478853777216403e-13
G0279|MechanismWitnessed|6|1|7e90000000000000|0150000000000000,0000000000000000,0000000000000000,0000000000000000,0000000000000000,0000000000000000|3ff0000000000000,0000000000000000,0000000000000000,0000000000000000,0000000000000000,0000000000000000,3ff0000000000000,0000000000000000,0000000000000000,0000000000000000,0000000000000000,0000000000000000,3ff0000000000000,0000000000000000,0000000000000000,0000000000000000,0000000000000000,0000000000000000|0e0|7.69197345276106e-14
G0280|Restrained|13|0|6990000000000000|-|-|1e0|1.7791181112530792e-13
G0281|Restrained|14|0|7ea0000000000000|-|-|5.872097367598652e-1|2.3392960746870545e-13
G0282|Restrained|9|0|6980000000000000|-|-|2.6608502166796766e-1|1.2269422976009318e-13
G0283|Restrained|11|0|7e90000000000000|-|-|7.759195187443151e-1|1.4702359729529688e-13
G0284|Restrained|10|1|6990000000000000|-|-|1.5659443822632593e-1|1.366553324088612e-13
G0285|MechanismWitnessed|5|2|3ff0000000000000|3ff0000000000000,0000000000000000,0000000000000000,0000000000000000,0000000000000000,0000000000000000|3ff0000000000000,0000000000000000,0000000000000000,0000000000000000,0000000000000000,0000000000000000,3ff0000000000000,0000000000000000,0000000000000000,0000000000000000,0000000000000000,0000000000000000|0e0|6.029155041345701e-14
G0286|Restrained|18|3|7ea0000000000000|-|-|1.8951395145848787e-1|3.4389030823254855e-13
G0287|MechanismWitnessed|7|0|6990000000000000|0000000000000000,0000000000000000,1650000000000000,0000000000000000,0000000000000000,0000000000000000|0000000000000000,0000000000000000,3ff0000000000000,0000000000000000,0000000000000000,0000000000000000,0000000000000000,0000000000000000,3ff0000000000000,0000000000000000,0000000000000000,0000000000000000|0e0|8.319964450722954e-14
G0288|Restrained|14|1|6990000000000000|-|-|6.546465174189067e-1|1.9895196601282835e-13
G0289|MechanismWitnessed|5|0|3ff0000000000000|0000000000000000,0000000000000000,0000000000000000,0000000000000000,3ff0000000000000,0000000000000000|0000000000000000,0000000000000000,0000000000000000,0000000000000000,3ff0000000000000,0000000000000000|0e0|7.295478172458862e-14
G0290|Restrained|19|2|7ea0000000000000|-|-|1e0|3.216527118121738e-13
G0291|Restrained|17|1|7eb0000000000000|-|-|7.78239827398986e-1|3.184482525386396e-13
G0292|Restrained|16|3|6980000000000000|-|-|1.0550519578424677e0|2.5480942441626436e-13
G0293|Restrained|16|2|7eb0000000000000|-|-|7.051330737719362e-1|2.894566089009047e-13
G0294|MechanismWitnessed|3|1|69a0000000000000|1640000000000000,0000000000000000,0000000000000000,0000000000000000,0000000000000000,0000000000000000|3ff0000000000000,0000000000000000,0000000000000000,0000000000000000,0000000000000000,0000000000000000,3ff0000000000000,0000000000000000,0000000000000000,0000000000000000,0000000000000000,0000000000000000,3ff0000000000000,0000000000000000,0000000000000000,0000000000000000,0000000000000000,0000000000000000,3ff0000000000000,0000000000000000,0000000000000000,0000000000000000,0000000000000000,0000000000000000,3ff0000000000000,0000000000000000,0000000000000000,0000000000000000,0000000000000000,0000000000000000,3ff0000000000000,0000000000000000,0000000000000000,0000000000000000,0000000000000000,0000000000000000,3ff0000000000000,0000000000000000,0000000000000000,0000000000000000,0000000000000000,0000000000000000,3ff0000000000000,0000000000000000,0000000000000000,0000000000000000,0000000000000000,0000000000000000|0e0|5.546016003461244e-14
G0295|MechanismWitnessed|2|0|7e90000000000000|0150000000000000,0000000000000000,0000000000000000,0000000000000000,0000000000000000,0000000000000000|3ff0000000000000,0000000000000000,0000000000000000,0000000000000000,0000000000000000,0000000000000000,3ff0000000000000,0000000000000000,0000000000000000,0000000000000000,0000000000000000,0000000000000000,3ff0000000000000,0000000000000000,0000000000000000,0000000000000000,0000000000000000,0000000000000000|0e0|5.996054186378732e-14
G0296|Restrained|20|1|7ea0000000000000|-|-|8.635635600920986e-1|3.9800271822869363e-13
G0297|MechanismWitnessed|15|3|6990000000000000|0000000000000000,0000000000000000,1650000000000000,0000000000000000,0000000000000000,0000000000000000|0000000000000000,0000000000000000,3ff0000000000000,0000000000000000,0000000000000000,0000000000000000,0000000000000000,0000000000000000,3ff0000000000000,0000000000000000,0000000000000000,0000000000000000,0000000000000000,0000000000000000,3ff0000000000000,0000000000000000,0000000000000000,0000000000000000,0000000000000000,0000000000000000,3ff0000000000000,0000000000000000,0000000000000000,0000000000000000,0000000000000000,0000000000000000,3ff0000000000000,0000000000000000,0000000000000000,0000000000000000|0e0|3.060775116025971e-13
G0298|Restrained|16|2|69a0000000000000|-|-|6.675102449308808e-1|2.747715366999659e-13
G0299|Restrained|10|1|3ff0000000000000|-|-|5.521483042677957e-1|1.327889131205928e-13
G0300|Restrained|14|0|3ff0000000000000|-|-|1.0282890569088032e0|1.8995138765243747e-13
G0301|MechanismWitnessed|7|0|3ff0000000000000|0000000000000000,0000000000000000,0000000000000000,3ff0000000000000,0000000000000000,4000000000000000|0000000000000000,0000000000000000,0000000000000000,3ff0000000000000,0000000000000000,4000000000000000|0e0|7.104391043158519e-14
G0302|NumericallyUnresolved|4|2|6990000000000000|-|-|0e0|6.029155041345701e-14
G0303|Restrained|19|2|6990000000000000|-|-|9.343714240123775e-1|3.7076651871618036e-13
G0304|Restrained|7|0|3ff0000000000000|-|-|1.9691487416216608e-1|7.366919088862324e-14
G0305|MechanismWitnessed|7|1|7ea0000000000000|0140000000000000,0000000000000000,0000000000000000,0000000000000000,0000000000000000,0000000000000000|3ff0000000000000,0000000000000000,0000000000000000,0000000000000000,0000000000000000,0000000000000000,3ff0000000000000,0000000000000000,0000000000000000,0000000000000000,0000000000000000,0000000000000000,3ff0000000000000,0000000000000000,0000000000000000,0000000000000000,0000000000000000,0000000000000000|0e0|9.503915513484407e-14
G0306|Restrained|10|0|69a0000000000000|-|-|4.5228113799803965e-1|1.2342068675445815e-13
G0307|MechanismWitnessed|6|2|7ea0000000000000|0140000000000000,0000000000000000,0000000000000000,0000000000000000,0000000000000000,0000000000000000|3ff0000000000000,0000000000000000,0000000000000000,0000000000000000,0000000000000000,0000000000000000,3ff0000000000000,0000000000000000,0000000000000000,0000000000000000,0000000000000000,0000000000000000,3ff0000000000000,0000000000000000,0000000000000000,0000000000000000,0000000000000000,0000000000000000,3ff0000000000000,0000000000000000,0000000000000000,0000000000000000,0000000000000000,0000000000000000|0e0|8.207828464782811e-14
G0308|MechanismWitnessed|16|3|69a0000000000000|0000000000000000,0000000000000000,1640000000000000,0000000000000000,0000000000000000,0000000000000000|0000000000000000,0000000000000000,3ff0000000000000,0000000000000000,0000000000000000,0000000000000000,0000000000000000,0000000000000000,3ff0000000000000,0000000000000000,0000000000000000,0000000000000000,0000000000000000,0000000000000000,3ff0000000000000,0000000000000000,0000000000000000,0000000000000000,0000000000000000,0000000000000000,3ff0000000000000,0000000000000000,0000000000000000,0000000000000000,0000000000000000,0000000000000000,3ff0000000000000,0000000000000000,0000000000000000,0000000000000000,0000000000000000,0000000000000000,3ff0000000000000,0000000000000000,0000000000000000,0000000000000000,0000000000000000,0000000000000000,3ff0000000000000,0000000000000000,0000000000000000,0000000000000000,0000000000000000,0000000000000000,3ff0000000000000,0000000000000000,0000000000000000,0000000000000000,0000000000000000,0000000000000000,3ff0000000000000,0000000000000000,0000000000000000,0000000000000000|0e0|3.287785379774636e-13
G0309|MechanismWitnessed|5|2|3ff0000000000000|0000000000000000,0000000000000000,0000000000000000,3ff0000000000000,0000000000000000,0000000000000000|0000000000000000,0000000000000000,0000000000000000,3ff0000000000000,0000000000000000,0000000000000000,0000000000000000,0000000000000000,0000000000000000,3ff0000000000000,0000000000000000,0000000000000000,0000000000000000,0000000000000000,0000000000000000,3ff0000000000000,0000000000000000,0000000000000000,0000000000000000,0000000000000000,0000000000000000,3ff0000000000000,0000000000000000,0000000000000000|0e0|7.384176715712891e-14
G0310|Restrained|11|2|7ea0000000000000|-|-|3.562896538685363e-1|1.670761695479014e-13
G0311|MechanismWitnessed|15|2|6990000000000000|0000000000000000,0000000000000000,1650000000000000,0000000000000000,0000000000000000,0000000000000000|0000000000000000,0000000000000000,3ff0000000000000,0000000000000000,0000000000000000,0000000000000000,0000000000000000,0000000000000000,3ff0000000000000,0000000000000000,0000000000000000,0000000000000000,0000000000000000,0000000000000000,3ff0000000000000,0000000000000000,0000000000000000,0000000000000000,0000000000000000,0000000000000000,3ff0000000000000,0000000000000000,0000000000000000,0000000000000000|0e0|2.1915453123042733e-13
G0312|Restrained|21|3|7eb0000000000000|-|-|8.53508116907718e-1|4.119471516178947e-13
G0313|MechanismWitnessed|1|0|3ff0000000000000|3ff0000000000000,0000000000000000,0000000000000000,0000000000000000,0000000000000000,0000000000000000|3ff0000000000000,0000000000000000,0000000000000000,0000000000000000,0000000000000000,0000000000000000|0e0|4.263256414560604e-14
G0314|Restrained|14|1|7eb0000000000000|-|-|6.705443982752665e-1|2.04098441258153e-13
G0315|MechanismWitnessed|3|0|7ea0000000000000|0140000000000000,0000000000000000,0000000000000000,0000000000000000,0000000000000000,0000000000000000|3ff0000000000000,0000000000000000,0000000000000000,0000000000000000,0000000000000000,0000000000000000,3ff0000000000000,0000000000000000,0000000000000000,0000000000000000,0000000000000000,0000000000000000,3ff0000000000000,0000000000000000,0000000000000000,0000000000000000,0000000000000000,0000000000000000|0e0|5.027569187824143e-14
G0316|MechanismWitnessed|9|1|7ea0000000000000|0000000000000000,0000000000000000,0140000000000000,0000000000000000,0000000000000000,0000000000000000|0000000000000000,0000000000000000,3ff0000000000000,0000000000000000,0000000000000000,0000000000000000,0000000000000000,0000000000000000,3ff0000000000000,0000000000000000,0000000000000000,0000000000000000,0000000000000000,0000000000000000,3ff0000000000000,0000000000000000,0000000000000000,0000000000000000|0e0|1.079556736754586e-13
G0317|NumericallyUnresolved|7|0|7ea0000000000000|-|-|5.416207282748644e-18|8.476315542342078e-14
G0318|NumericallyUnresolved|9|2|69a0000000000000|-|-|0e0|1.153238108371265e-13
G0319|Restrained|22|3|6990000000000000|-|-|3.887075388317378e-1|4.745207909044582e-13
G0320|MechanismWitnessed|6|0|7ea0000000000000|0140000000000000,0000000000000000,0000000000000000,0000000000000000,0000000000000000,0000000000000000|3ff0000000000000,0000000000000000,0000000000000000,0000000000000000,0000000000000000,0000000000000000,3ff0000000000000,0000000000000000,0000000000000000,0000000000000000,0000000000000000,0000000000000000,3ff0000000000000,0000000000000000,0000000000000000,0000000000000000,0000000000000000,0000000000000000,3ff0000000000000,0000000000000000,0000000000000000,0000000000000000,0000000000000000,0000000000000000,3ff0000000000000,0000000000000000,0000000000000000,0000000000000000,0000000000000000,0000000000000000,3ff0000000000000,0000000000000000,0000000000000000,0000000000000000,0000000000000000,0000000000000000,3ff0000000000000,0000000000000000,0000000000000000,0000000000000000,0000000000000000,0000000000000000,3ff0000000000000,0000000000000000,0000000000000000,0000000000000000,0000000000000000,0000000000000000|0e0|7.262225510266622e-14
G0321|Restrained|7|0|3ff0000000000000|-|-|2.1572531319807536e-1|7.034014214903319e-14
G0322|Restrained|12|0|6980000000000000|-|-|1e0|1.779864312320631e-13
G0323|MechanismWitnessed|6|0|6990000000000000|1650000000000000,0000000000000000,0000000000000000,0000000000000000,0000000000000000,0000000000000000|3ff0000000000000,0000000000000000,0000000000000000,0000000000000000,0000000000000000,0000000000000000,3ff0000000000000,0000000000000000,0000000000000000,0000000000000000,0000000000000000,0000000000000000|0e0|6.029155041345701e-14
G0324|MechanismWitnessed|7|1|7ea0000000000000|0140000000000000,0000000000000000,0000000000000000,0000000000000000,0000000000000000,0000000000000000|3ff0000000000000,0000000000000000,0000000000000000,0000000000000000,0000000000000000,0000000000000000,3ff0000000000000,0000000000000000,0000000000000000,0000000000000000,0000000000000000,0000000000000000,3ff0000000000000,0000000000000000,0000000000000000,0000000000000000,0000000000000000,0000000000000000|0e0|9.598905049564292e-14
G0325|NumericallyUnresolved|3|0|6980000000000000|-|-|0e0|4.999815538503036e-14
G0326|MechanismWitnessed|5|0|3ff0000000000000|0000000000000000,0000000000000000,3ff0000000000000,0000000000000000,0000000000000000,0000000000000000|0000000000000000,0000000000000000,3ff0000000000000,0000000000000000,0000000000000000,0000000000000000|0e0|4.263256414560604e-14
G0327|Restrained|11|0|69a0000000000000|-|-|1e0|1.23611643122867e-13
G0328|MechanismWitnessed|8|1|7ea0000000000000|0140000000000000,0000000000000000,0000000000000000,0000000000000000,0000000000000000,0000000000000000|3ff0000000000000,0000000000000000,0000000000000000,0000000000000000,0000000000000000,0000000000000000,3ff0000000000000,0000000000000000,0000000000000000,0000000000000000,0000000000000000,0000000000000000,3ff0000000000000,0000000000000000,0000000000000000,0000000000000000,0000000000000000,0000000000000000,3ff0000000000000,0000000000000000,0000000000000000,0000000000000000,0000000000000000,0000000000000000,3ff0000000000000,0000000000000000,0000000000000000,0000000000000000,0000000000000000,0000000000000000,3ff0000000000000,0000000000000000,0000000000000000,0000000000000000,0000000000000000,0000000000000000,3ff0000000000000,0000000000000000,0000000000000000,0000000000000000,0000000000000000,0000000000000000|0e0|9.971672096747662e-14
G0329|MechanismWitnessed|1|1|7ea0000000000000|0000000000000000,0140000000000000,0000000000000000,0000000000000000,0000000000000000,0000000000000000|0000000000000000,3ff0000000000000,0000000000000000,0000000000000000,0000000000000000,0000000000000000,0000000000000000,3ff0000000000000,0000000000000000,0000000000000000,0000000000000000,0000000000000000,0000000000000000,3ff0000000000000,0000000000000000,0000000000000000,0000000000000000,0000000000000000,0000000000000000,3ff0000000000000,0000000000000000,0000000000000000,0000000000000000,0000000000000000,0000000000000000,3ff0000000000000,0000000000000000,0000000000000000,0000000000000000,0000000000000000,0000000000000000,3ff0000000000000,0000000000000000,0000000000000000,0000000000000000,0000000000000000,0000000000000000,3ff0000000000000,0000000000000000,0000000000000000,0000000000000000,0000000000000000,0000000000000000,3ff0000000000000,0000000000000000,0000000000000000,0000000000000000,0000000000000000|0e0|4.263256414560604e-14
G0330|MechanismWitnessed|18|2|7ea0000000000000|0000000000000000,0140000000000000,0000000000000000,0000000000000000,0000000000000000,0000000000000000|0000000000000000,3ff0000000000000,0000000000000000,0000000000000000,0000000000000000,0000000000000000,0000000000000000,3ff0000000000000,0000000000000000,0000000000000000,0000000000000000,0000000000000000,0000000000000000,3ff0000000000000,0000000000000000,0000000000000000,0000000000000000,0000000000000000,0000000000000000,3ff0000000000000,0000000000000000,0000000000000000,0000000000000000,0000000000000000,0000000000000000,3ff0000000000000,0000000000000000,0000000000000000,0000000000000000,0000000000000000,0000000000000000,3ff0000000000000,0000000000000000,0000000000000000,0000000000000000,0000000000000000,0000000000000000,3ff0000000000000,0000000000000000,0000000000000000,0000000000000000,0000000000000000|0e0|3.104642467512279e-13
G0331|Restrained|6|2|3ff0000000000000|-|-|3.352693314481013e-1|5.85727753909902e-14
G0332|Restrained|14|3|7e90000000000000|-|-|2.3357841805936233e-1|2.3413945789759266e-13
G0333|MechanismWitnessed|8|3|7ea0000000000000|0140000000000000,0000000000000000,0000000000000000,0000000000000000,0000000000000000,0000000000000000|3ff0000000000000,0000000000000000,0000000000000000,0000000000000000,0000000000000000,0000000000000000,3ff0000000000000,0000000000000000,0000000000000000,0000000000000000,0000000000000000,0000000000000000,3ff0000000000000,0000000000000000,0000000000000000,0000000000000000,0000000000000000,0000000000000000,3ff0000000000000,0000000000000000,0000000000000000,0000000000000000,0000000000000000,0000000000000000,3ff0000000000000,0000000000000000,0000000000000000,0000000000000000,0000000000000000,0000000000000000|0e0|1.2631521760553643e-13
G0334|Restrained|20|2|6990000000000000|-|-|4.087147491885105e-1|4.479584733619453e-13
G0335|Restrained|6|0|3ff0000000000000|-|-|1e0|4.263256414560604e-14
G0336|Restrained|14|0|3ff0000000000000|-|-|1e0|2.22435060130956e-13
G0337|NumericallyUnresolved|9|2|6980000000000000|-|-|0e0|1.5664204287481186e-13
G0338|Restrained|11|0|7ea0000000000000|-|-|7.583399583287268e-1|1.3555270778013463e-13
G0339|Restrained|14|2|7e90000000000000|-|-|9.914511146380192e-1|2.2052595434037082e-13
G0340|NumericallyUnresolved|4|0|3ff0000000000000|-|-|0e0|5.530957116144441e-14
G0341|MechanismWitnessed|7|2|3ff0000000000000|3ff0000000000000,0000000000000000,0000000000000000,0000000000000000,0000000000000000,0000000000000000|3ff0000000000000,0000000000000000,0000000000000000,0000000000000000,0000000000000000,0000000000000000,3ff0000000000000,0000000000000000,0000000000000000,0000000000000000,0000000000000000,0000000000000000,3ff0000000000000,0000000000000000,0000000000000000,0000000000000000,0000000000000000,0000000000000000|0e0|8.614872834998373e-14
G0342|NumericallyUnresolved|16|1|6990000000000000|-|-|1.7938876198484946e-17|2.578608030251078e-13
G0343|MechanismWitnessed|1|0|3ff0000000000000|3ff0000000000000,0000000000000000,0000000000000000,0000000000000000,0000000000000000,0000000000000000|3ff0000000000000,0000000000000000,0000000000000000,0000000000000000,0000000000000000,0000000000000000|0e0|4.263256414560604e-14
G0344|Restrained|16|0|6990000000000000|-|-|4.3847296601784497e-1|2.520214872945494e-13
G0345|Restrained|16|2|7ea0000000000000|-|-|4.546068284641867e-1|2.817297303953841e-13
G0346|Restrained|9|0|6980000000000000|-|-|4.473936862106117e-1|1.298803733624099e-13
G0347|NumericallyUnresolved|6|0|6990000000000000|-|-|0e0|6.029155041345701e-14
G0348|MechanismWitnessed|1|0|7e90000000000000|0150000000000000,0000000000000000,0000000000000000,0000000000000000,0000000000000000,0000000000000000|3ff0000000000000,0000000000000000,0000000000000000,0000000000000000,0000000000000000,0000000000000000,3ff0000000000000,0000000000000000,0000000000000000,0000000000000000,0000000000000000,0000000000000000|0e0|4.263256414560604e-14
G0349|MechanismWitnessed|15|2|7ea0000000000000|0140000000000000,0150000000000000,0000000000000000,0000000000000000,0000000000000000,0000000000000000|3ff0000000000000,4000000000000000,0000000000000000,0000000000000000,0000000000000000,0000000000000000,3ff0000000000000,4000000000000000,0000000000000000,0000000000000000,0000000000000000,0000000000000000,3ff0000000000000,4000000000000000,0000000000000000,0000000000000000,0000000000000000,0000000000000000,3ff0000000000000,4000000000000000,0000000000000000,0000000000000000,0000000000000000,0000000000000000|0e0|2.8095303833490384e-13
G0350|Restrained|16|2|6980000000000000|-|-|5.813254091770508e-1|2.516553015900072e-13
G0351|Restrained|18|2|7ea0000000000000|-|-|1.1895420100496479e0|3.1499333561079543e-13
G0352|MechanismWitnessed|6|0|3ff0000000000000|3ff0000000000000,0000000000000000,0000000000000000,0000000000000000,0000000000000000,0000000000000000|3ff0000000000000,0000000000000000,0000000000000000,0000000000000000,0000000000000000,0000000000000000|0e0|6.029155041345702e-14
G0353|MechanismWitnessed|3|1|69a0000000000000|1640000000000000,0000000000000000,0000000000000000,0000000000000000,0000000000000000,0000000000000000|3ff0000000000000,0000000000000000,0000000000000000,0000000000000000,0000000000000000,0000000000000000,3ff0000000000000,0000000000000000,0000000000000000,0000000000000000,0000000000000000,0000000000000000,3ff0000000000000,0000000000000000,0000000000000000,0000000000000000,0000000000000000,0000000000000000,3ff0000000000000,0000000000000000,0000000000000000,0000000000000000,0000000000000000,0000000000000000,3ff0000000000000,0000000000000000,0000000000000000,0000000000000000,0000000000000000,0000000000000000,3ff0000000000000,0000000000000000,0000000000000000,0000000000000000,0000000000000000,0000000000000000,3ff0000000000000,0000000000000000,0000000000000000,0000000000000000,0000000000000000,0000000000000000|0e0|5.943826593384194e-14
G0354|Restrained|21|2|69a0000000000000|-|-|7.581702072452643e-1|3.9441694099877765e-13
G0355|Restrained|17|3|7ea0000000000000|-|-|5.018759592236679e-1|3.112928420884028e-13
G0356|Restrained|12|2|3ff0000000000000|-|-|1.2459148636590895e0|1.3339827155010624e-13
G0357|Restrained|18|3|69a0000000000000|-|-|1.0946655211913743e0|3.1906727121788256e-13
G0358|Restrained|15|0|6990000000000000|-|-|3.7954458503396854e-1|2.322656818145444e-13
G0359|Restrained|22|3|6980000000000000|-|-|1.0755057561234096e0|4.4221101273846906e-13
G0360|MechanismWitnessed|15|2|7e90000000000000|0000000000000000,0150000000000000,0000000000000000,0000000000000000,0000000000000000,0000000000000000|0000000000000000,3ff0000000000000,0000000000000000,0000000000000000,0000000000000000,0000000000000000,0000000000000000,3ff0000000000000,0000000000000000,0000000000000000,0000000000000000,0000000000000000|0e0|2.650347314863728e-13
G0361|Restrained|16|2|7ea0000000000000|-|-|8.246943951950452e-1|2.8469272932183743e-13
G0362|Restrained|14|3|7eb0000000000000|-|-|6.129436789414767e-1|2.389981434541176e-13
G0363|Restrained|14|1|3ff0000000000000|-|-|1.4142135623730951e0|1.9895196601282835e-13
G0364|Restrained|21|3|7ea0000000000000|-|-|1.2462831900700033e0|3.8507349195813554e-13
G0365|Restrained|13|2|3ff0000000000000|-|-|1.051921356142555e0|1.5999049550711276e-13
G0366|Restrained|16|1|6990000000000000|-|-|6.299266825265977e-1|2.895222735323403e-13
G0367|MechanismWitnessed|1|1|3ff0000000000000|3ff0000000000000,0000000000000000,0000000000000000,0000000000000000,0000000000000000,0000000000000000|3ff0000000000000,0000000000000000,0000000000000000,0000000000000000,0000000000000000,0000000000000000,3ff0000000000000,0000000000000000,0000000000000000,0000000000000000,0000000000000000,0000000000000000|0e0|4.263256414560604e-14
G0368|Restrained|14|2|3ff0000000000000|-|-|1.1785188831911941e0|1.8844577138876472e-13
G0369|Restrained|12|1|6990000000000000|-|-|2.349316380587903e-1|2.1405707372119498e-13
G0370|MechanismWitnessed|5|1|3ff0000000000000|0000000000000000,0000000000000000,0000000000000000,0000000000000000,3ff0000000000000,4008000000000000|0000000000000000,0000000000000000,0000000000000000,0000000000000000,3ff0000000000000,4008000000000000,0000000000000000,0000000000000000,0000000000000000,0000000000000000,3ff0000000000000,4008000000000000,0000000000000000,0000000000000000,0000000000000000,0000000000000000,3ff0000000000000,4008000000000000,0000000000000000,0000000000000000,0000000000000000,0000000000000000,3ff0000000000000,4008000000000000|0e0|6.613308362022828e-14
G0371|Restrained|11|1|7e90000000000000|-|-|3.485165459276469e-1|1.6659086054286587e-13
G0372|Restrained|20|1|7e90000000000000|-|-|1.210678334777507e0|3.4311639670238744e-13
G0373|Restrained|8|0|6980000000000000|-|-|2.547483194931125e-1|9.31325071839191e-14
G0374|MechanismWitnessed|3|0|3ff0000000000000|0000000000000000,0000000000000000,3ff0000000000000,0000000000000000,0000000000000000,0000000000000000|0000000000000000,0000000000000000,3ff0000000000000,0000000000000000,0000000000000000,0000000000000000|0e0|4.263256414560604e-14
G0375|MechanismWitnessed|5|2|7ea0000000000000|0000000000000000,0140000000000000,0000000000000000,0000000000000000,0000000000000000,0000000000000000|0000000000000000,3ff0000000000000,0000000000000000,0000000000000000,0000000000000000,0000000000000000,0000000000000000,3ff0000000000000,0000000000000000,0000000000000000,0000000000000000,0000000000000000,0000000000000000,3ff0000000000000,0000000000000000,0000000000000000,0000000000000000,0000000000000000,0000000000000000,3ff0000000000000,0000000000000000,0000000000000000,0000000000000000,0000000000000000,0000000000000000,3ff0000000000000,0000000000000000,0000000000000000,0000000000000000,0000000000000000,0000000000000000,3ff0000000000000,0000000000000000,0000000000000000,0000000000000000,0000000000000000|0e0|6.05368476052779e-14
G0376|Restrained|6|0|3ff0000000000000|-|-|2.9517633852448805e-1|5.896364023463468e-14
G0377|Restrained|24|3|6990000000000000|-|-|1.0509494287777004e0|5.106702043931111e-13
G0378|Restrained|12|1|6990000000000000|-|-|7.587138108998713e-1|1.6999103807982837e-13
G0379|MechanismWitnessed|8|1|7ea0000000000000|0140000000000000,0000000000000000,0000000000000000,0000000000000000,0000000000000000,0000000000000000|3ff0000000000000,0000000000000000,0000000000000000,0000000000000000,0000000000000000,0000000000000000,3ff0000000000000,0000000000000000,0000000000000000,0000000000000000,0000000000000000,0000000000000000,3ff0000000000000,0000000000000000,0000000000000000,0000000000000000,0000000000000000,0000000000000000,3ff0000000000000,0000000000000000,0000000000000000,0000000000000000,0000000000000000,0000000000000000|0e0|1.1368683772161613e-13
G0380|NumericallyUnresolved|4|0|6990000000000000|-|-|0e0|6.043424925340898e-14
G0381|Restrained|15|1|69a0000000000000|-|-|6.805983667222053e-1|2.625832836734509e-13
G0382|Restrained|10|1|7ea0000000000000|-|-|4.339011638968187e-1|1.3587269073145313e-13
G0383|MechanismWitnessed|15|3|69a0000000000000|1640000000000000,0000000000000000,0000000000000000,0000000000000000,0000000000000000,0000000000000000|3ff0000000000000,0000000000000000,0000000000000000,0000000000000000,0000000000000000,0000000000000000,3ff0000000000000,0000000000000000,0000000000000000,0000000000000000,0000000000000000,0000000000000000,3ff0000000000000,0000000000000000,0000000000000000,0000000000000000,0000000000000000,0000000000000000,3ff0000000000000,0000000000000000,0000000000000000,0000000000000000,0000000000000000,0000000000000000,3ff0000000000000,0000000000000000,0000000000000000,0000000000000000,0000000000000000,0000000000000000,3ff0000000000000,0000000000000000,0000000000000000,0000000000000000,0000000000000000,0000000000000000,3ff0000000000000,0000000000000000,0000000000000000,0000000000000000,0000000000000000,0000000000000000,3ff0000000000000,0000000000000000,0000000000000000,0000000000000000,0000000000000000,0000000000000000,3ff0000000000000,0000000000000000,0000000000000000,0000000000000000,0000000000000000,0000000000000000|0e0|2.954305393023202e-13
G0384|MechanismWitnessed|3|0|3ff0000000000000|0000000000000000,3ff0000000000000,0000000000000000,0000000000000000,0000000000000000,0000000000000000|0000000000000000,3ff0000000000000,0000000000000000,0000000000000000,0000000000000000,0000000000000000,0000000000000000,3ff0000000000000,0000000000000000,0000000000000000,0000000000000000,0000000000000000,0000000000000000,3ff0000000000000,0000000000000000,0000000000000000,0000000000000000,0000000000000000|0e0|4.263256414560604e-14
G0385|Restrained|9|0|7ea0000000000000|-|-|6.335007387640498e-1|1.0600606428956156e-13
G0386|MechanismWitnessed|2|0|6980000000000000|1660000000000000,0000000000000000,0000000000000000,0000000000000000,0000000000000000,0000000000000000|3ff0000000000000,0000000000000000,0000000000000000,0000000000000000,0000000000000000,0000000000000000,3ff0000000000000,0000000000000000,0000000000000000,0000000000000000,0000000000000000,0000000000000000|0e0|5.769129863508181e-14
G0387|NumericallyUnresolved|14|1|6990000000000000|-|-|3.296029299749368e-17|2.3409169087294863e-13
G0388|Restrained|6|0|6990000000000000|-|-|4.970164492896546e-1|5.70306491345368e-14
G0389|Restrained|7|0|3ff0000000000000|-|-|9.999999999999998e-1|7.034014214903319e-14
G0390|Restrained|21|2|6990000000000000|-|-|6.408428092682232e-1|4.158463449569228e-13
G0391|MechanismWitnessed|10|1|7ea0000000000000|0000000000000000,0000000000000000,0140000000000000,0000000000000000,0000000000000000,0000000000000000|0000000000000000,0000000000000000,3ff0000000000000,0000000000000000,0000000000000000,0000000000000000,0000000000000000,0000000000000000,3ff0000000000000,0000000000000000,0000000000000000,0000000000000000,0000000000000000,0000000000000000,3ff0000000000000,0000000000000000,0000000000000000,0000000000000000,0000000000000000,0000000000000000,3ff0000000000000,0000000000000000,0000000000000000,0000000000000000,0000000000000000,0000000000000000,3ff0000000000000,0000000000000000,0000000000000000,0000000000000000,0000000000000000,0000000000000000,3ff0000000000000,0000000000000000,0000000000000000,0000000000000000,0000000000000000,0000000000000000,3ff0000000000000,0000000000000000,0000000000000000,0000000000000000,0000000000000000,0000000000000000,3ff0000000000000,0000000000000000,0000000000000000,0000000000000000,0000000000000000,0000000000000000,3ff0000000000000,0000000000000000,0000000000000000,0000000000000000|0e0|1.6168407138039883e-13
G0392|Restrained|15|1|3ff0000000000000|-|-|1.1431309886249745e0|2.0732735345876856e-13
G0393|MechanismWitnessed|5|1|6980000000000000|1660000000000000,0000000000000000,0000000000000000,0000000000000000,0000000000000000,0000000000000000|3ff0000000000000,0000000000000000,0000000000000000,0000000000000000,0000000000000000,0000000000000000,3ff0000000000000,0000000000000000,0000000000000000,0000000000000000,0000000000000000,0000000000000000,3ff0000000000000,0000000000000000,0000000000000000,0000000000000000,0000000000000000,0000000000000000,3ff0000000000000,0000000000000000,0000000000000000,0000000000000000,0000000000000000,0000000000000000,3ff0000000000000,0000000000000000,0000000000000000,0000000000000000,0000000000000000,0000000000000000,3ff0000000000000,0000000000000000,0000000000000000,0000000000000000,0000000000000000,0000000000000000|0e0|6.94463197727257e-14
G0394|Restrained|19|2|6990000000000000|-|-|1.0000000000000007e0|3.6344642270975265e-13
G0395|Restrained|9|2|6990000000000000|-|-|1.8941373775582201e-1|1.227844667837745e-13
G0396|Restrained|18|3|6980000000000000|-|-|1.2219330762344671e0|3.0935460653032797e-13
G0397|MechanismWitnessed|3|0|69a0000000000000|0000000000000000,1640000000000000,0000000000000000,0000000000000000,0000000000000000,0000000000000000|0000000000000000,3ff0000000000000,0000000000000000,0000000000000000,0000000000000000,0000000000000000,0000000000000000,3ff0000000000000,0000000000000000,0000000000000000,0000000000000000,0000000000000000,0000000000000000,3ff0000000000000,0000000000000000,0000000000000000,0000000000000000,0000000000000000,0000000000000000,3ff0000000000000,0000000000000000,0000000000000000,0000000000000000,0000000000000000,0000000000000000,3ff0000000000000,0000000000000000,0000000000000000,0000000000000000,0000000000000000,0000000000000000,3ff0000000000000,0000000000000000,0000000000000000,0000000000000000,0000000000000000,0000000000000000,3ff0000000000000,0000000000000000,0000000000000000,0000000000000000,0000000000000000|0e0|4.263256414560604e-14
G0398|Restrained|21|3|7eb0000000000000|-|-|1e0|4.043734611345112e-13
G0399|MechanismWitnessed|6|2|7ea0000000000000|0140000000000000,0000000000000000,0000000000000000,0000000000000000,0000000000000000,0000000000000000|3ff0000000000000,0000000000000000,0000000000000000,0000000000000000,0000000000000000,0000000000000000,3ff0000000000000,0000000000000000,0000000000000000,0000000000000000,0000000000000000,0000000000000000,3ff0000000000000,0000000000000000,0000000000000000,0000000000000000,0000000000000000,0000000000000000,3ff0000000000000,0000000000000000,0000000000000000,0000000000000000,0000000000000000,0000000000000000,3ff0000000000000,0000000000000000,0000000000000000,0000000000000000,0000000000000000,0000000000000000,3ff0000000000000,0000000000000000,0000000000000000,0000000000000000,0000000000000000,0000000000000000,3ff0000000000000,0000000000000000,0000000000000000,0000000000000000,0000000000000000,0000000000000000,3ff0000000000000,0000000000000000,0000000000000000,0000000000000000,0000000000000000,0000000000000000,3ff0000000000000,0000000000000000,0000000000000000,0000000000000000,0000000000000000,0000000000000000|0e0|7.001651756376556e-14
GM0000|MechanismWitnessed|9|2|3ff0000000000000|3ff0000000000000,0000000000000000,0000000000000000,0000000000000000,0000000000000000,0000000000000000|3ff0000000000000,0000000000000000,0000000000000000,0000000000000000,0000000000000000,0000000000000000,3ff0000000000000,0000000000000000,0000000000000000,0000000000000000,0000000000000000,0000000000000000,3ff0000000000000,0000000000000000,0000000000000000,0000000000000000,0000000000000000,0000000000000000,3ff0000000000000,0000000000000000,0000000000000000,0000000000000000,0000000000000000,0000000000000000,3ff0000000000000,0000000000000000,0000000000000000,0000000000000000,0000000000000000,0000000000000000,3ff0000000000000,0000000000000000,0000000000000000,0000000000000000,0000000000000000,0000000000000000,3ff0000000000000,0000000000000000,0000000000000000,0000000000000000,0000000000000000,0000000000000000,3ff0000000000000,0000000000000000,0000000000000000,0000000000000000,0000000000000000,0000000000000000,3ff0000000000000,0000000000000000,0000000000000000,0000000000000000,0000000000000000,0000000000000000|0e0|1.7746884570429943e-13
GM0001|MechanismWitnessed|10|2|3ff0000000000000|3ff0000000000000,0000000000000000,0000000000000000,0000000000000000,0000000000000000,0000000000000000|3ff0000000000000,0000000000000000,0000000000000000,0000000000000000,0000000000000000,0000000000000000,3ff0000000000000,0000000000000000,0000000000000000,0000000000000000,0000000000000000,0000000000000000,3ff0000000000000,0000000000000000,0000000000000000,0000000000000000,0000000000000000,0000000000000000,3ff0000000000000,0000000000000000,0000000000000000,0000000000000000,0000000000000000,0000000000000000,3ff0000000000000,0000000000000000,0000000000000000,0000000000000000,0000000000000000,0000000000000000,3ff0000000000000,0000000000000000,0000000000000000,0000000000000000,0000000000000000,0000000000000000,3ff0000000000000,0000000000000000,0000000000000000,0000000000000000,0000000000000000,0000000000000000,3ff0000000000000,0000000000000000,0000000000000000,0000000000000000,0000000000000000,0000000000000000,3ff0000000000000,0000000000000000,0000000000000000,0000000000000000,0000000000000000,0000000000000000,3ff0000000000000,0000000000000000,0000000000000000,0000000000000000,0000000000000000,0000000000000000|0e0|2.1316282072803028e-13
GM0002|MechanismWitnessed|2|1|3ff0000000000000|3ff0000000000000,bfcb000000000000,0000000000000000,0000000000000000,0000000000000000,0000000000000000|3ff0000000000000,bfcb000000000000,0000000000000000,0000000000000000,0000000000000000,0000000000000000,3ff0000000000000,bfcb000000000000,0000000000000000,0000000000000000,0000000000000000,0000000000000000,3ff0000000000000,bfcb000000000000,0000000000000000,0000000000000000,0000000000000000,0000000000000000,3ff0000000000000,bfcb000000000000,0000000000000000,0000000000000000,0000000000000000,0000000000000000,3ff0000000000000,bfcb000000000000,0000000000000000,0000000000000000,0000000000000000,0000000000000000,3ff0000000000000,bfcb000000000000,0000000000000000,0000000000000000,0000000000000000,0000000000000000|0e0|5.827279324171071e-14
GM0003|MechanismWitnessed|5|2|3ff0000000000000|3ff0000000000000,0000000000000000,0000000000000000,0000000000000000,0000000000000000,0000000000000000|3ff0000000000000,0000000000000000,0000000000000000,0000000000000000,0000000000000000,0000000000000000,3ff0000000000000,0000000000000000,0000000000000000,0000000000000000,0000000000000000,0000000000000000,3ff0000000000000,0000000000000000,0000000000000000,0000000000000000,0000000000000000,0000000000000000,3ff0000000000000,0000000000000000,0000000000000000,0000000000000000,0000000000000000,0000000000000000,3ff0000000000000,0000000000000000,0000000000000000,0000000000000000,0000000000000000,0000000000000000,3ff0000000000000,0000000000000000,0000000000000000,0000000000000000,0000000000000000,0000000000000000|0e0|9.365800939458135e-14
GM0004|MechanismWitnessed|4|0|3ff0000000000000|3ff0000000000000,0000000000000000,3ff0000000000000,0000000000000000,0000000000000000,0000000000000000|3ff0000000000000,0000000000000000,3ff0000000000000,0000000000000000,0000000000000000,0000000000000000,3ff0000000000000,0000000000000000,3ff0000000000000,0000000000000000,0000000000000000,0000000000000000,3ff0000000000000,0000000000000000,3ff0000000000000,0000000000000000,0000000000000000,0000000000000000|0e0|7.384176715712891e-14
GM0005|MechanismWitnessed|6|1|3ff0000000000000|4044800000000000,c050000000000000,0000000000000000,0000000000000000,0000000000000000,0000000000000000|4044800000000000,c050000000000000,0000000000000000,0000000000000000,0000000000000000,0000000000000000,4044800000000000,c050000000000000,0000000000000000,0000000000000000,0000000000000000,0000000000000000,4044800000000000,c050000000000000,0000000000000000,0000000000000000,0000000000000000,0000000000000000,4044800000000000,c050000000000000,0000000000000000,0000000000000000,0000000000000000,0000000000000000,4044800000000000,c050000000000000,0000000000000000,0000000000000000,0000000000000000,0000000000000000,4044800000000000,c050000000000000,0000000000000000,0000000000000000,0000000000000000,0000000000000000,4044800000000000,c050000000000000,0000000000000000,0000000000000000,0000000000000000,0000000000000000,4044800000000000,c050000000000000,0000000000000000,0000000000000000,0000000000000000,0000000000000000|0e0|8.675990032466331e-14
GM0006|MechanismWitnessed|1|1|3ff0000000000000|3ff0000000000000,0000000000000000,0000000000000000,0000000000000000,0000000000000000,0000000000000000|3ff0000000000000,0000000000000000,0000000000000000,0000000000000000,0000000000000000,0000000000000000,3ff0000000000000,0000000000000000,0000000000000000,0000000000000000,0000000000000000,0000000000000000,3ff0000000000000,0000000000000000,0000000000000000,0000000000000000,0000000000000000,0000000000000000,3ff0000000000000,0000000000000000,0000000000000000,0000000000000000,0000000000000000,0000000000000000,3ff0000000000000,0000000000000000,0000000000000000,0000000000000000,0000000000000000,0000000000000000,3ff0000000000000,0000000000000000,0000000000000000,0000000000000000,0000000000000000,0000000000000000|0e0|4.263256414560604e-14
GM0007|MechanismWitnessed|6|0|3ff0000000000000|0000000000000000,3ff0000000000000,0000000000000000,0000000000000000,0000000000000000,0000000000000000|0000000000000000,3ff0000000000000,0000000000000000,0000000000000000,0000000000000000,0000000000000000,0000000000000000,3ff0000000000000,0000000000000000,0000000000000000,0000000000000000,0000000000000000,0000000000000000,3ff0000000000000,0000000000000000,0000000000000000,0000000000000000,0000000000000000,0000000000000000,3ff0000000000000,0000000000000000,0000000000000000,0000000000000000,0000000000000000|0e0|8.526512829121209e-14
GM0008|MechanismWitnessed|2|0|3ff0000000000000|0000000000000000,3ff0000000000000,0000000000000000,0000000000000000,0000000000000000,0000000000000000|0000000000000000,3ff0000000000000,0000000000000000,0000000000000000,0000000000000000,0000000000000000,0000000000000000,3ff0000000000000,0000000000000000,0000000000000000,0000000000000000,0000000000000000,0000000000000000,3ff0000000000000,0000000000000000,0000000000000000,0000000000000000,0000000000000000,0000000000000000,3ff0000000000000,0000000000000000,0000000000000000,0000000000000000,0000000000000000,0000000000000000,3ff0000000000000,0000000000000000,0000000000000000,0000000000000000,0000000000000000|0e0|4.263256414560604e-14
GM0009|MechanismWitnessed|3|1|3ff0000000000000|4008000000000000,c000000000000000,0000000000000000,0000000000000000,0000000000000000,0000000000000000|4008000000000000,c000000000000000,0000000000000000,0000000000000000,0000000000000000,0000000000000000,4008000000000000,c000000000000000,0000000000000000,0000000000000000,0000000000000000,0000000000000000,4008000000000000,c000000000000000,0000000000000000,0000000000000000,0000000000000000,0000000000000000|0e0|6.029155041345701e-14
GM0010|MechanismWitnessed|7|0|3ff0000000000000|3ff0000000000000,0000000000000000,0000000000000000,0000000000000000,0000000000000000,0000000000000000|3ff0000000000000,0000000000000000,0000000000000000,0000000000000000,0000000000000000,0000000000000000,3ff0000000000000,0000000000000000,0000000000000000,0000000000000000,0000000000000000,0000000000000000,3ff0000000000000,0000000000000000,0000000000000000,0000000000000000,0000000000000000,0000000000000000,3ff0000000000000,0000000000000000,0000000000000000,0000000000000000,0000000000000000,0000000000000000,3ff0000000000000,0000000000000000,0000000000000000,0000000000000000,0000000000000000,0000000000000000,3ff0000000000000,0000000000000000,0000000000000000,0000000000000000,0000000000000000,0000000000000000,3ff0000000000000,0000000000000000,0000000000000000,0000000000000000,0000000000000000,0000000000000000,3ff0000000000000,0000000000000000,0000000000000000,0000000000000000,0000000000000000,0000000000000000|0e0|1.3159435622932954e-13
GM0011|MechanismWitnessed|6|2|3ff0000000000000|3ff0000000000000,0000000000000000,0000000000000000,0000000000000000,0000000000000000,0000000000000000|3ff0000000000000,0000000000000000,0000000000000000,0000000000000000,0000000000000000,0000000000000000,3ff0000000000000,0000000000000000,0000000000000000,0000000000000000,0000000000000000,0000000000000000,3ff0000000000000,0000000000000000,0000000000000000,0000000000000000,0000000000000000,0000000000000000,3ff0000000000000,0000000000000000,0000000000000000,0000000000000000,0000000000000000,0000000000000000,3ff0000000000000,0000000000000000,0000000000000000,0000000000000000,0000000000000000,0000000000000000|0e0|8.208409268614421e-14
GM0012|MechanismWitnessed|3|0|3ff0000000000000|0000000000000000,3ff0000000000000,0000000000000000,0000000000000000,0000000000000000,0000000000000000|0000000000000000,3ff0000000000000,0000000000000000,0000000000000000,0000000000000000,0000000000000000,0000000000000000,3ff0000000000000,0000000000000000,0000000000000000,0000000000000000,0000000000000000,0000000000000000,3ff0000000000000,0000000000000000,0000000000000000,0000000000000000,0000000000000000,0000000000000000,3ff0000000000000,0000000000000000,0000000000000000,0000000000000000,0000000000000000,0000000000000000,3ff0000000000000,0000000000000000,0000000000000000,0000000000000000,0000000000000000,0000000000000000,3ff0000000000000,0000000000000000,0000000000000000,0000000000000000,0000000000000000,0000000000000000,3ff0000000000000,0000000000000000,0000000000000000,0000000000000000,0000000000000000|0e0|6.029155041345701e-14
GM0013|MechanismWitnessed|1|0|3ff0000000000000|3ff0000000000000,0000000000000000,0000000000000000,0000000000000000,0000000000000000,0000000000000000|3ff0000000000000,0000000000000000,0000000000000000,0000000000000000,0000000000000000,0000000000000000,3ff0000000000000,0000000000000000,0000000000000000,0000000000000000,0000000000000000,0000000000000000,3ff0000000000000,0000000000000000,0000000000000000,0000000000000000,0000000000000000,0000000000000000,3ff0000000000000,0000000000000000,0000000000000000,0000000000000000,0000000000000000,0000000000000000,3ff0000000000000,0000000000000000,0000000000000000,0000000000000000,0000000000000000,0000000000000000,3ff0000000000000,0000000000000000,0000000000000000,0000000000000000,0000000000000000,0000000000000000,3ff0000000000000,0000000000000000,0000000000000000,0000000000000000,0000000000000000,0000000000000000,3ff0000000000000,0000000000000000,0000000000000000,0000000000000000,0000000000000000,0000000000000000|0e0|4.263256414560604e-14
GM0014|MechanismWitnessed|5|2|3ff0000000000000|3ff0000000000000,0000000000000000,0000000000000000,0000000000000000,0000000000000000,0000000000000000|3ff0000000000000,0000000000000000,0000000000000000,0000000000000000,0000000000000000,0000000000000000,3ff0000000000000,0000000000000000,0000000000000000,0000000000000000,0000000000000000,0000000000000000,3ff0000000000000,0000000000000000,0000000000000000,0000000000000000,0000000000000000,0000000000000000,3ff0000000000000,0000000000000000,0000000000000000,0000000000000000,0000000000000000,0000000000000000,3ff0000000000000,0000000000000000,0000000000000000,0000000000000000,0000000000000000,0000000000000000,3ff0000000000000,0000000000000000,0000000000000000,0000000000000000,0000000000000000,0000000000000000,3ff0000000000000,0000000000000000,0000000000000000,0000000000000000,0000000000000000,0000000000000000|0e0|8.526512829121209e-14
GM0015|MechanismWitnessed|4|0|3ff0000000000000|3ff0000000000000,3ff0000000000000,c000000000000000,0000000000000000,0000000000000000,0000000000000000|3ff0000000000000,3ff0000000000000,c000000000000000,0000000000000000,0000000000000000,0000000000000000,3ff0000000000000,3ff0000000000000,c000000000000000,0000000000000000,0000000000000000,0000000000000000,3ff0000000000000,3ff0000000000000,c000000000000000,0000000000000000,0000000000000000,0000000000000000|0e0|6.029155041345701e-14
GM0016|MechanismWitnessed|2|1|3ff0000000000000|3ff0000000000000,3ff0000000000000,0000000000000000,0000000000000000,0000000000000000,0000000000000000|3ff0000000000000,3ff0000000000000,0000000000000000,0000000000000000,0000000000000000,0000000000000000,3ff0000000000000,3ff0000000000000,0000000000000000,0000000000000000,0000000000000000,0000000000000000,3ff0000000000000,3ff0000000000000,0000000000000000,0000000000000000,0000000000000000,0000000000000000,3ff0000000000000,3ff0000000000000,0000000000000000,0000000000000000,0000000000000000,0000000000000000|0e0|4.263256414560603e-14
GM0017|MechanismWitnessed|8|0|3ff0000000000000|402e000000000000,0000000000000000,3ff0000000000000,0000000000000000,0000000000000000,0000000000000000|402e000000000000,0000000000000000,3ff0000000000000,0000000000000000,0000000000000000,0000000000000000,402e000000000000,0000000000000000,3ff0000000000000,0000000000000000,0000000000000000,0000000000000000,402e000000000000,0000000000000000,3ff0000000000000,0000000000000000,0000000000000000,0000000000000000,402e000000000000,0000000000000000,3ff0000000000000,0000000000000000,0000000000000000,0000000000000000,402e000000000000,0000000000000000,3ff0000000000000,0000000000000000,0000000000000000,0000000000000000,402e000000000000,0000000000000000,3ff0000000000000,0000000000000000,0000000000000000,0000000000000000|0e0|1.4145427852683135e-13
GM0018|MechanismWitnessed|1|2|3ff0000000000000|3ff0000000000000,bfe0000000000000,0000000000000000,0000000000000000,0000000000000000,0000000000000000|3ff0000000000000,bfe0000000000000,0000000000000000,0000000000000000,0000000000000000,0000000000000000,3ff0000000000000,bfe0000000000000,0000000000000000,0000000000000000,0000000000000000,0000000000000000,3ff0000000000000,bfe0000000000000,0000000000000000,0000000000000000,0000000000000000,0000000000000000,3ff0000000000000,bfe0000000000000,0000000000000000,0000000000000000,0000000000000000,0000000000000000,3ff0000000000000,bfe0000000000000,0000000000000000,0000000000000000,0000000000000000,0000000000000000,3ff0000000000000,bfe0000000000000,0000000000000000,0000000000000000,0000000000000000,0000000000000000,3ff0000000000000,bfe0000000000000,0000000000000000,0000000000000000,0000000000000000,0000000000000000,3ff0000000000000,bfe0000000000000,0000000000000000,0000000000000000,0000000000000000,0000000000000000,3ff0000000000000,bfe0000000000000,0000000000000000,0000000000000000,0000000000000000,0000000000000000|0e0|4.2632564145606036e-14
GM0019|MechanismWitnessed|3|1|3ff0000000000000|3ff0000000000000,3ff0000000000000,0000000000000000,0000000000000000,0000000000000000,0000000000000000|3ff0000000000000,3ff0000000000000,0000000000000000,0000000000000000,0000000000000000,0000000000000000,3ff0000000000000,3ff0000000000000,0000000000000000,0000000000000000,0000000000000000,0000000000000000,3ff0000000000000,3ff0000000000000,0000000000000000,0000000000000000,0000000000000000,0000000000000000|0e0|5.3576166215391995e-14
GM0020|MechanismWitnessed|5|2|3ff0000000000000|3ff0000000000000,0000000000000000,0000000000000000,0000000000000000,0000000000000000,0000000000000000|3ff0000000000000,0000000000000000,0000000000000000,0000000000000000,0000000000000000,0000000000000000,3ff0000000000000,0000000000000000,0000000000000000,0000000000000000,0000000000000000,0000000000000000,3ff0000000000000,0000000000000000,0000000000000000,0000000000000000,0000000000000000,0000000000000000,3ff0000000000000,0000000000000000,0000000000000000,0000000000000000,0000000000000000,0000000000000000|0e0|8.526512829121209e-14
GM0021|MechanismWitnessed|10|2|3ff0000000000000|3ff0000000000000,c000000000000000,0000000000000000,0000000000000000,0000000000000000,0000000000000000|3ff0000000000000,c000000000000000,0000000000000000,0000000000000000,0000000000000000,0000000000000000,3ff0000000000000,c000000000000000,0000000000000000,0000000000000000,0000000000000000,0000000000000000,3ff0000000000000,c000000000000000,0000000000000000,0000000000000000,0000000000000000,0000000000000000,3ff0000000000000,c000000000000000,0000000000000000,0000000000000000,0000000000000000,0000000000000000,3ff0000000000000,c000000000000000,0000000000000000,0000000000000000,0000000000000000,0000000000000000,3ff0000000000000,c000000000000000,0000000000000000,0000000000000000,0000000000000000,0000000000000000,3ff0000000000000,c000000000000000,0000000000000000,0000000000000000,0000000000000000,0000000000000000,3ff0000000000000,c000000000000000,0000000000000000,0000000000000000,0000000000000000,0000000000000000,3ff0000000000000,c000000000000000,0000000000000000,0000000000000000,0000000000000000,0000000000000000|0e0|2.1316282072803028e-13
GM0022|MechanismWitnessed|0|2|3ff0000000000000|3ff0000000000000,0000000000000000,0000000000000000,0000000000000000,0000000000000000,0000000000000000|3ff0000000000000,0000000000000000,0000000000000000,0000000000000000,0000000000000000,0000000000000000,3ff0000000000000,0000000000000000,0000000000000000,0000000000000000,0000000000000000,0000000000000000,3ff0000000000000,0000000000000000,0000000000000000,0000000000000000,0000000000000000,0000000000000000,3ff0000000000000,0000000000000000,0000000000000000,0000000000000000,0000000000000000,0000000000000000|0e0|0e0
GM0023|MechanismWitnessed|3|2|3ff0000000000000|3ff0000000000000,0000000000000000,0000000000000000,0000000000000000,0000000000000000,0000000000000000|3ff0000000000000,0000000000000000,0000000000000000,0000000000000000,0000000000000000,0000000000000000,3ff0000000000000,0000000000000000,0000000000000000,0000000000000000,0000000000000000,0000000000000000,3ff0000000000000,0000000000000000,0000000000000000,0000000000000000,0000000000000000,0000000000000000,3ff0000000000000,0000000000000000,0000000000000000,0000000000000000,0000000000000000,0000000000000000,3ff0000000000000,0000000000000000,0000000000000000,0000000000000000,0000000000000000,0000000000000000|0e0|6.029155041345701e-14
GM0024|MechanismWitnessed|3|2|3ff0000000000000|0000000000000000,0000000000000000,0000000000000000,3ff0000000000000,4008000000000000,c000000000000000|0000000000000000,0000000000000000,0000000000000000,3ff0000000000000,4008000000000000,c000000000000000,0000000000000000,0000000000000000,0000000000000000,3ff0000000000000,4008000000000000,c000000000000000,0000000000000000,0000000000000000,0000000000000000,3ff0000000000000,4008000000000000,c000000000000000,0000000000000000,0000000000000000,0000000000000000,3ff0000000000000,4008000000000000,c000000000000000,0000000000000000,0000000000000000,0000000000000000,3ff0000000000000,4008000000000000,c000000000000000,0000000000000000,0000000000000000,0000000000000000,3ff0000000000000,4008000000000000,c000000000000000,0000000000000000,0000000000000000,0000000000000000,3ff0000000000000,4008000000000000,c000000000000000|0e0|5.848462355390974e-14
GM0025|MechanismWitnessed|3|1|3ff0000000000000|0000000000000000,0000000000000000,0000000000000000,3ff0000000000000,0000000000000000,0000000000000000|0000000000000000,0000000000000000,0000000000000000,3ff0000000000000,0000000000000000,0000000000000000,0000000000000000,0000000000000000,0000000000000000,3ff0000000000000,0000000000000000,0000000000000000,0000000000000000,0000000000000000,0000000000000000,3ff0000000000000,0000000000000000,0000000000000000,0000000000000000,0000000000000000,0000000000000000,3ff0000000000000,0000000000000000,0000000000000000,0000000000000000,0000000000000000,0000000000000000,3ff0000000000000,0000000000000000,0000000000000000|0e0|6.006647929299306e-14
GM0026|MechanismWitnessed|5|0|3ff0000000000000|0000000000000000,0000000000000000,0000000000000000,3ff0000000000000,0000000000000000,0000000000000000|0000000000000000,0000000000000000,0000000000000000,3ff0000000000000,0000000000000000,0000000000000000,0000000000000000,0000000000000000,0000000000000000,3ff0000000000000,0000000000000000,0000000000000000,0000000000000000,0000000000000000,0000000000000000,3ff0000000000000,0000000000000000,0000000000000000,0000000000000000,0000000000000000,0000000000000000,3ff0000000000000,0000000000000000,0000000000000000,0000000000000000,0000000000000000,0000000000000000,3ff0000000000000,0000000000000000,0000000000000000,0000000000000000,0000000000000000,0000000000000000,3ff0000000000000,0000000000000000,0000000000000000|0e0|8.092040100971072e-14
GM0027|MechanismWitnessed|14|2|3ff0000000000000|3ff0000000000000,0000000000000000,0000000000000000,0000000000000000,0000000000000000,0000000000000000|3ff0000000000000,0000000000000000,0000000000000000,0000000000000000,0000000000000000,0000000000000000,3ff0000000000000,0000000000000000,0000000000000000,0000000000000000,0000000000000000,0000000000000000,3ff0000000000000,0000000000000000,0000000000000000,0000000000000000,0000000000000000,0000000000000000,3ff0000000000000,0000000000000000,0000000000000000,0000000000000000,0000000000000000,0000000000000000,3ff0000000000000,0000000000000000,0000000000000000,0000000000000000,0000000000000000,0000000000000000,3ff0000000000000,0000000000000000,0000000000000000,0000000000000000,0000000000000000,0000000000000000,3ff0000000000000,0000000000000000,0000000000000000,0000000000000000,0000000000000000,0000000000000000,3ff0000000000000,0000000000000000,0000000000000000,0000000000000000,0000000000000000,0000000000000000,3ff0000000000000,0000000000000000,0000000000000000,0000000000000000,0000000000000000,0000000000000000,3ff0000000000000,0000000000000000,0000000000000000,0000000000000000,0000000000000000,0000000000000000|0e0|2.6318871245865927e-13
GM0028|MechanismWitnessed|8|1|3ff0000000000000|0000000000000000,3ff0000000000000,0000000000000000,0000000000000000,0000000000000000,0000000000000000|0000000000000000,3ff0000000000000,0000000000000000,0000000000000000,0000000000000000,0000000000000000,0000000000000000,3ff0000000000000,0000000000000000,0000000000000000,0000000000000000,0000000000000000,0000000000000000,3ff0000000000000,0000000000000000,0000000000000000,0000000000000000,0000000000000000,0000000000000000,3ff0000000000000,0000000000000000,0000000000000000,0000000000000000,0000000000000000,0000000000000000,3ff0000000000000,0000000000000000,0000000000000000,0000000000000000,0000000000000000,0000000000000000,3ff0000000000000,0000000000000000,0000000000000000,0000000000000000,0000000000000000|0e0|1.1660281418488596e-13
GM0029|MechanismWitnessed|10|1|3ff0000000000000|0000000000000000,0000000000000000,0000000000000000,0000000000000000,3ff0000000000000,3ff0000000000000|0000000000000000,0000000000000000,0000000000000000,0000000000000000,3ff0000000000000,3ff0000000000000,0000000000000000,0000000000000000,0000000000000000,0000000000000000,3ff0000000000000,3ff0000000000000,0000000000000000,0000000000000000,0000000000000000,0000000000000000,3ff0000000000000,3ff0000000000000,0000000000000000,0000000000000000,0000000000000000,0000000000000000,3ff0000000000000,3ff0000000000000,0000000000000000,0000000000000000,0000000000000000,0000000000000000,3ff0000000000000,3ff0000000000000,0000000000000000,0000000000000000,0000000000000000,0000000000000000,3ff0000000000000,3ff0000000000000,0000000000000000,0000000000000000,0000000000000000,0000000000000000,3ff0000000000000,3ff0000000000000,0000000000000000,0000000000000000,0000000000000000,0000000000000000,3ff0000000000000,3ff0000000000000|0e0|1.5432614923814829e-13
GM0030|MechanismWitnessed|6|2|3ff0000000000000|0000000000000000,0000000000000000,0000000000000000,0000000000000000,4008000000000000,4000000000000000|0000000000000000,0000000000000000,0000000000000000,0000000000000000,4008000000000000,4000000000000000,0000000000000000,0000000000000000,0000000000000000,0000000000000000,4008000000000000,4000000000000000,0000000000000000,0000000000000000,0000000000000000,0000000000000000,4008000000000000,4000000000000000,0000000000000000,0000000000000000,0000000000000000,0000000000000000,4008000000000000,4000000000000000|0e0|7.75173778188332e-14
GM0031|MechanismWitnessed|4|2|3ff0000000000000|0000000000000000,0000000000000000,0000000000000000,4008000000000000,0000000000000000,bff0000000000000|0000000000000000,0000000000000000,0000000000000000,4008000000000000,0000000000000000,bff0000000000000,0000000000000000,0000000000000000,0000000000000000,4008000000000000,0000000000000000,bff0000000000000,0000000000000000,0000000000000000,0000000000000000,4008000000000000,0000000000000000,bff0000000000000,0000000000000000,0000000000000000,0000000000000000,4008000000000000,0000000000000000,bff0000000000000,0000000000000000,0000000000000000,0000000000000000,4008000000000000,0000000000000000,bff0000000000000,0000000000000000,0000000000000000,0000000000000000,4008000000000000,0000000000000000,bff0000000000000,0000000000000000,0000000000000000,0000000000000000,4008000000000000,0000000000000000,bff0000000000000,0000000000000000,0000000000000000,0000000000000000,4008000000000000,0000000000000000,bff0000000000000,0000000000000000,0000000000000000,0000000000000000,4008000000000000,0000000000000000,bff0000000000000,0000000000000000,0000000000000000,0000000000000000,4008000000000000,0000000000000000,bff0000000000000|0e0|6.025410089178495e-14
GM0032|MechanismWitnessed|1|0|3ff0000000000000|0000000000000000,3ff0000000000000,0000000000000000,0000000000000000,0000000000000000,0000000000000000|0000000000000000,3ff0000000000000,0000000000000000,0000000000000000,0000000000000000,0000000000000000,0000000000000000,3ff0000000000000,0000000000000000,0000000000000000,0000000000000000,0000000000000000,0000000000000000,3ff0000000000000,0000000000000000,0000000000000000,0000000000000000,0000000000000000,0000000000000000,3ff0000000000000,0000000000000000,0000000000000000,0000000000000000,0000000000000000|0e0|4.263256414560604e-14
GM0033|MechanismWitnessed|1|1|3ff0000000000000|0000000000000000,0000000000000000,0000000000000000,3ff0000000000000,0000000000000000,0000000000000000|0000000000000000,0000000000000000,0000000000000000,3ff0000000000000,0000000000000000,0000000000000000,0000000000000000,0000000000000000,0000000000000000,3ff0000000000000,0000000000000000,0000000000000000,0000000000000000,0000000000000000,0000000000000000,3ff0000000000000,0000000000000000,0000000000000000,0000000000000000,0000000000000000,0000000000000000,3ff0000000000000,0000000000000000,0000000000000000,0000000000000000,0000000000000000,0000000000000000,3ff0000000000000,0000000000000000,0000000000000000,0000000000000000,0000000000000000,0000000000000000,3ff0000000000000,0000000000000000,0000000000000000,0000000000000000,0000000000000000,0000000000000000,3ff0000000000000,0000000000000000,0000000000000000,0000000000000000,0000000000000000,0000000000000000,3ff0000000000000,0000000000000000,0000000000000000|0e0|4.2632564145606036e-14
GM0034|MechanismWitnessed|1|2|3ff0000000000000|3ff0000000000000,0000000000000000,0000000000000000,0000000000000000,0000000000000000,0000000000000000|3ff0000000000000,0000000000000000,0000000000000000,0000000000000000,0000000000000000,0000000000000000,3ff0000000000000,0000000000000000,0000000000000000,0000000000000000,0000000000000000,0000000000000000,3ff0000000000000,0000000000000000,0000000000000000,0000000000000000,0000000000000000,0000000000000000,3ff0000000000000,0000000000000000,0000000000000000,0000000000000000,0000000000000000,0000000000000000,3ff0000000000000,0000000000000000,0000000000000000,0000000000000000,0000000000000000,0000000000000000,3ff0000000000000,0000000000000000,0000000000000000,0000000000000000,0000000000000000,0000000000000000,3ff0000000000000,0000000000000000,0000000000000000,0000000000000000,0000000000000000,0000000000000000,3ff0000000000000,0000000000000000,0000000000000000,0000000000000000,0000000000000000,0000000000000000|0e0|4.263256414560604e-14
GM0035|MechanismWitnessed|8|2|3ff0000000000000|3ff0000000000000,0000000000000000,3ff0000000000000,0000000000000000,0000000000000000,0000000000000000|3ff0000000000000,0000000000000000,3ff0000000000000,0000000000000000,0000000000000000,0000000000000000,3ff0000000000000,0000000000000000,3ff0000000000000,0000000000000000,0000000000000000,0000000000000000,3ff0000000000000,0000000000000000,3ff0000000000000,0000000000000000,0000000000000000,0000000000000000,3ff0000000000000,0000000000000000,3ff0000000000000,0000000000000000,0000000000000000,0000000000000000,3ff0000000000000,0000000000000000,3ff0000000000000,0000000000000000,0000000000000000,0000000000000000,3ff0000000000000,0000000000000000,3ff0000000000000,0000000000000000,0000000000000000,0000000000000000,3ff0000000000000,0000000000000000,3ff0000000000000,0000000000000000,0000000000000000,0000000000000000,3ff0000000000000,0000000000000000,3ff0000000000000,0000000000000000,0000000000000000,0000000000000000,3ff0000000000000,0000000000000000,3ff0000000000000,0000000000000000,0000000000000000,0000000000000000,3ff0000000000000,0000000000000000,3ff0000000000000,0000000000000000,0000000000000000,0000000000000000|0e0|1.392373714442772e-13
GM0036|MechanismWitnessed|2|2|3ff0000000000000|0000000000000000,0000000000000000,0000000000000000,401c000000000000,c014000000000000,0000000000000000|0000000000000000,0000000000000000,0000000000000000,401c000000000000,c014000000000000,0000000000000000,0000000000000000,0000000000000000,0000000000000000,401c000000000000,c014000000000000,0000000000000000,0000000000000000,0000000000000000,0000000000000000,401c000000000000,c014000000000000,0000000000000000,0000000000000000,0000000000000000,0000000000000000,401c000000000000,c014000000000000,0000000000000000,0000000000000000,0000000000000000,0000000000000000,401c000000000000,c014000000000000,0000000000000000,0000000000000000,0000000000000000,0000000000000000,401c000000000000,c014000000000000,0000000000000000,0000000000000000,0000000000000000,0000000000000000,401c000000000000,c014000000000000,0000000000000000|0e0|4.263256414560604e-14
GM0037|MechanismWitnessed|6|2|3ff0000000000000|0000000000000000,0000000000000000,0000000000000000,0000000000000000,3ff0000000000000,c008000000000000|0000000000000000,0000000000000000,0000000000000000,0000000000000000,3ff0000000000000,c008000000000000,0000000000000000,0000000000000000,0000000000000000,0000000000000000,3ff0000000000000,c008000000000000,0000000000000000,0000000000000000,0000000000000000,0000000000000000,3ff0000000000000,c008000000000000,0000000000000000,0000000000000000,0000000000000000,0000000000000000,3ff0000000000000,c008000000000000,0000000000000000,0000000000000000,0000000000000000,0000000000000000,3ff0000000000000,c008000000000000|0e0|8.526512829121209e-14
GM0038|MechanismWitnessed|9|1|3ff0000000000000|3ff0000000000000,0000000000000000,3ff0000000000000,0000000000000000,0000000000000000,0000000000000000|3ff0000000000000,0000000000000000,3ff0000000000000,0000000000000000,0000000000000000,0000000000000000,3ff0000000000000,0000000000000000,3ff0000000000000,0000000000000000,0000000000000000,0000000000000000,3ff0000000000000,0000000000000000,3ff0000000000000,0000000000000000,0000000000000000,0000000000000000,3ff0000000000000,0000000000000000,3ff0000000000000,0000000000000000,0000000000000000,0000000000000000,3ff0000000000000,0000000000000000,3ff0000000000000,0000000000000000,0000000000000000,0000000000000000,3ff0000000000000,0000000000000000,3ff0000000000000,0000000000000000,0000000000000000,0000000000000000,3ff0000000000000,0000000000000000,3ff0000000000000,0000000000000000,0000000000000000,0000000000000000,3ff0000000000000,0000000000000000,3ff0000000000000,0000000000000000,0000000000000000,0000000000000000|0e0|1.6919274372342372e-13
GM0039|MechanismWitnessed|17|1|3ff0000000000000|0000000000000000,0000000000000000,0000000000000000,0000000000000000,3ff0000000000000,0000000000000000|0000000000000000,0000000000000000,0000000000000000,0000000000000000,3ff0000000000000,0000000000000000,0000000000000000,0000000000000000,0000000000000000,0000000000000000,3ff0000000000000,0000000000000000,0000000000000000,0000000000000000,0000000000000000,0000000000000000,3ff0000000000000,0000000000000000,0000000000000000,0000000000000000,0000000000000000,0000000000000000,3ff0000000000000,0000000000000000,0000000000000000,0000000000000000,0000000000000000,0000000000000000,3ff0000000000000,0000000000000000,0000000000000000,0000000000000000,0000000000000000,0000000000000000,3ff0000000000000,0000000000000000,0000000000000000,0000000000000000,0000000000000000,0000000000000000,3ff0000000000000,0000000000000000,0000000000000000,0000000000000000,0000000000000000,0000000000000000,3ff0000000000000,0000000000000000,0000000000000000,0000000000000000,0000000000000000,0000000000000000,3ff0000000000000,0000000000000000|0e0|3.1958629369980066e-13
GM0040|MechanismWitnessed|3|2|3ff0000000000000|3ff0000000000000,0000000000000000,0000000000000000,0000000000000000,0000000000000000,0000000000000000|3ff0000000000000,0000000000000000,0000000000000000,0000000000000000,0000000000000000,0000000000000000,3ff0000000000000,0000000000000000,0000000000000000,0000000000000000,0000000000000000,0000000000000000,3ff0000000000000,0000000000000000,0000000000000000,0000000000000000,0000000000000000,0000000000000000,3ff0000000000000,0000000000000000,0000000000000000,0000000000000000,0000000000000000,0000000000000000|0e0|4.954260414483641e-14
GM0041|MechanismWitnessed|1|2|3ff0000000000000|3ff0000000000000,3fe0000000000000,0000000000000000,0000000000000000,0000000000000000,0000000000000000|3ff0000000000000,3fe0000000000000,0000000000000000,0000000000000000,0000000000000000,0000000000000000,3ff0000000000000,3fe0000000000000,0000000000000000,0000000000000000,0000000000000000,0000000000000000,3ff0000000000000,3fe0000000000000,0000000000000000,0000000000000000,0000000000000000,0000000000000000,3ff0000000000000,3fe0000000000000,0000000000000000,0000000000000000,0000000000000000,0000000000000000,3ff0000000000000,3fe0000000000000,0000000000000000,0000000000000000,0000000000000000,0000000000000000|0e0|4.263256414560604e-14
GM0042|MechanismWitnessed|2|0|3ff0000000000000|0000000000000000,0000000000000000,0000000000000000,3ff0000000000000,0000000000000000,3fe0000000000000|0000000000000000,0000000000000000,0000000000000000,3ff0000000000000,0000000000000000,3fe0000000000000,0000000000000000,0000000000000000,0000000000000000,3ff0000000000000,0000000000000000,3fe0000000000000|0e0|4.2632564145606036e-14
GM0043|MechanismWitnessed|1|0|3ff0000000000000|3ff0000000000000,0000000000000000,0000000000000000,0000000000000000,0000000000000000,0000000000000000|3ff0000000000000,0000000000000000,0000000000000000,0000000000000000,0000000000000000,0000000000000000,3ff0000000000000,0000000000000000,0000000000000000,0000000000000000,0000000000000000,0000000000000000,3ff0000000000000,0000000000000000,0000000000000000,0000000000000000,0000000000000000,0000000000000000,3ff0000000000000,0000000000000000,0000000000000000,0000000000000000,0000000000000000,0000000000000000,3ff0000000000000,0000000000000000,0000000000000000,0000000000000000,0000000000000000,0000000000000000|0e0|4.2632564145606036e-14
GM0044|MechanismWitnessed|3|0|3ff0000000000000|3ff0000000000000,0000000000000000,0000000000000000,0000000000000000,0000000000000000,0000000000000000|3ff0000000000000,0000000000000000,0000000000000000,0000000000000000,0000000000000000,0000000000000000,3ff0000000000000,0000000000000000,0000000000000000,0000000000000000,0000000000000000,0000000000000000|0e0|6.029155041345701e-14
GM0045|MechanismWitnessed|9|2|3ff0000000000000|0000000000000000,0000000000000000,0000000000000000,3ff0000000000000,0000000000000000,0000000000000000|0000000000000000,0000000000000000,0000000000000000,3ff0000000000000,0000000000000000,0000000000000000,0000000000000000,0000000000000000,0000000000000000,3ff0000000000000,0000000000000000,0000000000000000,0000000000000000,0000000000000000,0000000000000000,3ff0000000000000,0000000000000000,0000000000000000,0000000000000000,0000000000000000,0000000000000000,3ff0000000000000,0000000000000000,0000000000000000,0000000000000000,0000000000000000,0000000000000000,3ff0000000000000,0000000000000000,0000000000000000,0000000000000000,0000000000000000,0000000000000000,3ff0000000000000,0000000000000000,0000000000000000,0000000000000000,0000000000000000,0000000000000000,3ff0000000000000,0000000000000000,0000000000000000,0000000000000000,0000000000000000,0000000000000000,3ff0000000000000,0000000000000000,0000000000000000,0000000000000000,0000000000000000,0000000000000000,3ff0000000000000,0000000000000000,0000000000000000,0000000000000000,0000000000000000,0000000000000000,3ff0000000000000,0000000000000000,0000000000000000|0e0|1.6919274372342372e-13
GM0046|MechanismWitnessed|4|2|3ff0000000000000|3ff0000000000000,0000000000000000,0000000000000000,0000000000000000,0000000000000000,0000000000000000|3ff0000000000000,0000000000000000,0000000000000000,0000000000000000,0000000000000000,0000000000000000,3ff0000000000000,0000000000000000,0000000000000000,0000000000000000,0000000000000000,0000000000000000,3ff0000000000000,0000000000000000,0000000000000000,0000000000000000,0000000000000000,0000000000000000,3ff0000000000000,0000000000000000,0000000000000000,0000000000000000,0000000000000000,0000000000000000|0e0|8.526512829121209e-14
GM0047|MechanismWitnessed|0|0|3ff0000000000000|3ff0000000000000,0000000000000000,0000000000000000,0000000000000000,0000000000000000,0000000000000000|3ff0000000000000,0000000000000000,0000000000000000,0000000000000000,0000000000000000,0000000000000000,3ff0000000000000,0000000000000000,0000000000000000,0000000000000000,0000000000000000,0000000000000000,3ff0000000000000,0000000000000000,0000000000000000,0000000000000000,0000000000000000,0000000000000000,3ff0000000000000,0000000000000000,0000000000000000,0000000000000000,0000000000000000,0000000000000000,3ff0000000000000,0000000000000000,0000000000000000,0000000000000000,0000000000000000,0000000000000000,3ff0000000000000,0000000000000000,0000000000000000,0000000000000000,0000000000000000,0000000000000000,3ff0000000000000,0000000000000000,0000000000000000,0000000000000000,0000000000000000,0000000000000000|0e0|0e0
GM0048|MechanismWitnessed|3|0|3ff0000000000000|3ff0000000000000,0000000000000000,0000000000000000,0000000000000000,0000000000000000,0000000000000000|3ff0000000000000,0000000000000000,0000000000000000,0000000000000000,0000000000000000,0000000000000000,3ff0000000000000,0000000000000000,0000000000000000,0000000000000000,0000000000000000,0000000000000000,3ff0000000000000,0000000000000000,0000000000000000,0000000000000000,0000000000000000,0000000000000000,3ff0000000000000,0000000000000000,0000000000000000,0000000000000000,0000000000000000,0000000000000000,3ff0000000000000,0000000000000000,0000000000000000,0000000000000000,0000000000000000,0000000000000000,3ff0000000000000,0000000000000000,0000000000000000,0000000000000000,0000000000000000,0000000000000000,3ff0000000000000,0000000000000000,0000000000000000,0000000000000000,0000000000000000,0000000000000000|0e0|6.029155041345701e-14
GM0049|MechanismWitnessed|2|1|3ff0000000000000|3ff0000000000000,0000000000000000,0000000000000000,0000000000000000,0000000000000000,0000000000000000|3ff0000000000000,0000000000000000,0000000000000000,0000000000000000,0000000000000000,0000000000000000,3ff0000000000000,0000000000000000,0000000000000000,0000000000000000,0000000000000000,0000000000000000,3ff0000000000000,0000000000000000,0000000000000000,0000000000000000,0000000000000000,0000000000000000,3ff0000000000000,0000000000000000,0000000000000000,0000000000000000,0000000000000000,0000000000000000,3ff0000000000000,0000000000000000,0000000000000000,0000000000000000,0000000000000000,0000000000000000|0e0|6.029155041345701e-14
GM0050|MechanismWitnessed|5|2|3ff0000000000000|0000000000000000,401c000000000000,c010000000000000,0000000000000000,0000000000000000,0000000000000000|0000000000000000,401c000000000000,c010000000000000,0000000000000000,0000000000000000,0000000000000000,0000000000000000,401c000000000000,c010000000000000,0000000000000000,0000000000000000,0000000000000000,0000000000000000,401c000000000000,c010000000000000,0000000000000000,0000000000000000,0000000000000000,0000000000000000,401c000000000000,c010000000000000,0000000000000000,0000000000000000,0000000000000000,0000000000000000,401c000000000000,c010000000000000,0000000000000000,0000000000000000,0000000000000000,0000000000000000,401c000000000000,c010000000000000,0000000000000000,0000000000000000,0000000000000000,0000000000000000,401c000000000000,c010000000000000,0000000000000000,0000000000000000,0000000000000000,0000000000000000,401c000000000000,c010000000000000,0000000000000000,0000000000000000,0000000000000000|0e0|7.990735448541901e-14
GM0051|MechanismWitnessed|3|0|3ff0000000000000|401c000000000000,c05f000000000000,4048800000000000,0000000000000000,0000000000000000,0000000000000000|401c000000000000,c05f000000000000,4048800000000000,0000000000000000,0000000000000000,0000000000000000,401c000000000000,c05f000000000000,4048800000000000,0000000000000000,0000000000000000,0000000000000000,401c000000000000,c05f000000000000,4048800000000000,0000000000000000,0000000000000000,0000000000000000,401c000000000000,c05f000000000000,4048800000000000,0000000000000000,0000000000000000,0000000000000000,401c000000000000,c05f000000000000,4048800000000000,0000000000000000,0000000000000000,0000000000000000|0e0|4.4164256965582183e-14
GM0052|MechanismWitnessed|1|1|3ff0000000000000|3ff0000000000000,0000000000000000,0000000000000000,0000000000000000,0000000000000000,0000000000000000|3ff0000000000000,0000000000000000,0000000000000000,0000000000000000,0000000000000000,0000000000000000,3ff0000000000000,0000000000000000,0000000000000000,0000000000000000,0000000000000000,0000000000000000,3ff0000000000000,0000000000000000,0000000000000000,0000000000000000,0000000000000000,0000000000000000,3ff0000000000000,0000000000000000,0000000000000000,0000000000000000,0000000000000000,0000000000000000,3ff0000000000000,0000000000000000,0000000000000000,0000000000000000,0000000000000000,0000000000000000,3ff0000000000000,0000000000000000,0000000000000000,0000000000000000,0000000000000000,0000000000000000,3ff0000000000000,0000000000000000,0000000000000000,0000000000000000,0000000000000000,0000000000000000,3ff0000000000000,0000000000000000,0000000000000000,0000000000000000,0000000000000000,0000000000000000,3ff0000000000000,0000000000000000,0000000000000000,0000000000000000,0000000000000000,0000000000000000|0e0|4.263256414560604e-14
GM0053|MechanismWitnessed|1|0|3ff0000000000000|3ff0000000000000,bff0000000000000,0000000000000000,0000000000000000,0000000000000000,0000000000000000|3ff0000000000000,bff0000000000000,0000000000000000,0000000000000000,0000000000000000,0000000000000000,3ff0000000000000,bff0000000000000,0000000000000000,0000000000000000,0000000000000000,0000000000000000,3ff0000000000000,bff0000000000000,0000000000000000,0000000000000000,0000000000000000,0000000000000000,3ff0000000000000,bff0000000000000,0000000000000000,0000000000000000,0000000000000000,0000000000000000|0e0|4.263256414560603e-14
GM0054|MechanismWitnessed|2|1|3ff0000000000000|3ff0000000000000,bff0000000000000,0000000000000000,0000000000000000,0000000000000000,0000000000000000|3ff0000000000000,bff0000000000000,0000000000000000,0000000000000000,0000000000000000,0000000000000000,3ff0000000000000,bff0000000000000,0000000000000000,0000000000000000,0000000000000000,0000000000000000,3ff0000000000000,bff0000000000000,0000000000000000,0000000000000000,0000000000000000,0000000000000000,3ff0000000000000,bff0000000000000,0000000000000000,0000000000000000,0000000000000000,0000000000000000|0e0|6.029155041345701e-14
GM0055|MechanismWitnessed|11|1|3ff0000000000000|0000000000000000,0000000000000000,0000000000000000,4014000000000000,bff0000000000000,0000000000000000|0000000000000000,0000000000000000,0000000000000000,4014000000000000,bff0000000000000,0000000000000000,0000000000000000,0000000000000000,0000000000000000,4014000000000000,bff0000000000000,0000000000000000,0000000000000000,0000000000000000,0000000000000000,4014000000000000,bff0000000000000,0000000000000000,0000000000000000,0000000000000000,0000000000000000,4014000000000000,bff0000000000000,0000000000000000,0000000000000000,0000000000000000,0000000000000000,4014000000000000,bff0000000000000,0000000000000000|0e0|1.5631940186722224e-13
GM0056|MechanismWitnessed|2|1|3ff0000000000000|3ff0000000000000,bfc0000000000000,0000000000000000,0000000000000000,0000000000000000,0000000000000000|3ff0000000000000,bfc0000000000000,0000000000000000,0000000000000000,0000000000000000,0000000000000000,3ff0000000000000,bfc0000000000000,0000000000000000,0000000000000000,0000000000000000,0000000000000000,3ff0000000000000,bfc0000000000000,0000000000000000,0000000000000000,0000000000000000,0000000000000000,3ff0000000000000,bfc0000000000000,0000000000000000,0000000000000000,0000000000000000,0000000000000000|0e0|4.2632564145606055e-14
GM0057|MechanismWitnessed|10|1|3ff0000000000000|4014000000000000,c02a000000000000,0000000000000000,0000000000000000,0000000000000000,0000000000000000|4014000000000000,c02a000000000000,0000000000000000,0000000000000000,0000000000000000,0000000000000000,4014000000000000,c02a000000000000,0000000000000000,0000000000000000,0000000000000000,0000000000000000,4014000000000000,c02a000000000000,0000000000000000,0000000000000000,0000000000000000,0000000000000000,4014000000000000,c02a000000000000,0000000000000000,0000000000000000,0000000000000000,0000000000000000,4014000000000000,c02a000000000000,0000000000000000,0000000000000000,0000000000000000,0000000000000000,4014000000000000,c02a000000000000,0000000000000000,0000000000000000,0000000000000000,0000000000000000,4014000000000000,c02a000000000000,0000000000000000,0000000000000000,0000000000000000,0000000000000000,4014000000000000,c02a000000000000,0000000000000000,0000000000000000,0000000000000000,0000000000000000,4014000000000000,c02a000000000000,0000000000000000,0000000000000000,0000000000000000,0000000000000000|0e0|2.0225394210638498e-13
GM0058|MechanismWitnessed|3|2|3ff0000000000000|3ff0000000000000,0000000000000000,0000000000000000,0000000000000000,0000000000000000,0000000000000000|3ff0000000000000,0000000000000000,0000000000000000,0000000000000000,0000000000000000,0000000000000000,3ff0000000000000,0000000000000000,0000000000000000,0000000000000000,0000000000000000,0000000000000000,3ff0000000000000,0000000000000000,0000000000000000,0000000000000000,0000000000000000,0000000000000000,3ff0000000000000,0000000000000000,0000000000000000,0000000000000000,0000000000000000,0000000000000000,3ff0000000000000,0000000000000000,0000000000000000,0000000000000000,0000000000000000,0000000000000000,3ff0000000000000,0000000000000000,0000000000000000,0000000000000000,0000000000000000,0000000000000000,3ff0000000000000,0000000000000000,0000000000000000,0000000000000000,0000000000000000,0000000000000000,3ff0000000000000,0000000000000000,0000000000000000,0000000000000000,0000000000000000,0000000000000000,3ff0000000000000,0000000000000000,0000000000000000,0000000000000000,0000000000000000,0000000000000000,3ff0000000000000,0000000000000000,0000000000000000,0000000000000000,0000000000000000,0000000000000000|0e0|4.263256414560604e-14
GM0059|MechanismWitnessed|0|2|3ff0000000000000|3ff0000000000000,0000000000000000,0000000000000000,0000000000000000,0000000000000000,0000000000000000|3ff0000000000000,0000000000000000,0000000000000000,0000000000000000,0000000000000000,0000000000000000,3ff0000000000000,0000000000000000,0000000000000000,0000000000000000,0000000000000000,0000000000000000,3ff0000000000000,0000000000000000,0000000000000000,0000000000000000,0000000000000000,0000000000000000,3ff0000000000000,0000000000000000,0000000000000000,0000000000000000,0000000000000000,0000000000000000,3ff0000000000000,0000000000000000,0000000000000000,0000000000000000,0000000000000000,0000000000000000,3ff0000000000000,0000000000000000,0000000000000000,0000000000000000,0000000000000000,0000000000000000,3ff0000000000000,0000000000000000,0000000000000000,0000000000000000,0000000000000000,0000000000000000,3ff0000000000000,0000000000000000,0000000000000000,0000000000000000,0000000000000000,0000000000000000,3ff0000000000000,0000000000000000,0000000000000000,0000000000000000,0000000000000000,0000000000000000|0e0|0e0
GM0060|MechanismWitnessed|5|2|3ff0000000000000|3ff0000000000000,0000000000000000,0000000000000000,0000000000000000,0000000000000000,0000000000000000|3ff0000000000000,0000000000000000,0000000000000000,0000000000000000,0000000000000000,0000000000000000,3ff0000000000000,0000000000000000,0000000000000000,0000000000000000,0000000000000000,0000000000000000,3ff0000000000000,0000000000000000,0000000000000000,0000000000000000,0000000000000000,0000000000000000,3ff0000000000000,0000000000000000,0000000000000000,0000000000000000,0000000000000000,0000000000000000,3ff0000000000000,0000000000000000,0000000000000000,0000000000000000,0000000000000000,0000000000000000|0e0|6.029155041345701e-14
GM0061|MechanismWitnessed|8|2|3ff0000000000000|3ff0000000000000,0000000000000000,bff0000000000000,0000000000000000,0000000000000000,0000000000000000|3ff0000000000000,0000000000000000,bff0000000000000,0000000000000000,0000000000000000,0000000000000000,3ff0000000000000,0000000000000000,bff0000000000000,0000000000000000,0000000000000000,0000000000000000,3ff0000000000000,0000000000000000,bff0000000000000,0000000000000000,0000000000000000,0000000000000000,3ff0000000000000,0000000000000000,bff0000000000000,0000000000000000,0000000000000000,0000000000000000,3ff0000000000000,0000000000000000,bff0000000000000,0000000000000000,0000000000000000,0000000000000000,3ff0000000000000,0000000000000000,bff0000000000000,0000000000000000,0000000000000000,0000000000000000,3ff0000000000000,0000000000000000,bff0000000000000,0000000000000000,0000000000000000,0000000000000000|0e0|1.5039354997637662e-13
GM0062|MechanismWitnessed|3|1|3ff0000000000000|3ff0000000000000,c000000000000000,bff0000000000000,0000000000000000,0000000000000000,0000000000000000|3ff0000000000000,c000000000000000,bff0000000000000,0000000000000000,0000000000000000,0000000000000000,3ff0000000000000,c000000000000000,bff0000000000000,0000000000000000,0000000000000000,0000000000000000,3ff0000000000000,c000000000000000,bff0000000000000,0000000000000000,0000000000000000,0000000000000000,3ff0000000000000,c000000000000000,bff0000000000000,0000000000000000,0000000000000000,0000000000000000,3ff0000000000000,c000000000000000,bff0000000000000,0000000000000000,0000000000000000,0000000000000000|0e0|5.4470596870983005e-14
GM0063|MechanismWitnessed|1|1|3ff0000000000000|4008000000000000,4000000000000000,0000000000000000,0000000000000000,0000000000000000,0000000000000000|4008000000000000,4000000000000000,0000000000000000,0000000000000000,0000000000000000,0000000000000000,4008000000000000,4000000000000000,0000000000000000,0000000000000000,0000000000000000,0000000000000000,4008000000000000,4000000000000000,0000000000000000,0000000000000000,0000000000000000,0000000000000000|0e0|4.2632564145606055e-14
GM0064|MechanismWitnessed|1|1|3ff0000000000000|0000000000000000,3ff0000000000000,0000000000000000,0000000000000000,0000000000000000,0000000000000000|0000000000000000,3ff0000000000000,0000000000000000,0000000000000000,0000000000000000,0000000000000000,0000000000000000,3ff0000000000000,0000000000000000,0000000000000000,0000000000000000,0000000000000000,0000000000000000,3ff0000000000000,0000000000000000,0000000000000000,0000000000000000,0000000000000000,0000000000000000,3ff0000000000000,0000000000000000,0000000000000000,0000000000000000,0000000000000000,0000000000000000,3ff0000000000000,0000000000000000,0000000000000000,0000000000000000,0000000000000000,0000000000000000,3ff0000000000000,0000000000000000,0000000000000000,0000000000000000,0000000000000000,0000000000000000,3ff0000000000000,0000000000000000,0000000000000000,0000000000000000,0000000000000000,0000000000000000,3ff0000000000000,0000000000000000,0000000000000000,0000000000000000,0000000000000000|0e0|4.263256414560604e-14
GM0065|MechanismWitnessed|2|0|3ff0000000000000|3ff0000000000000,0000000000000000,0000000000000000,0000000000000000,0000000000000000,0000000000000000|3ff0000000000000,0000000000000000,0000000000000000,0000000000000000,0000000000000000,0000000000000000,3ff0000000000000,0000000000000000,0000000000000000,0000000000000000,0000000000000000,0000000000000000,3ff0000000000000,0000000000000000,0000000000000000,0000000000000000,0000000000000000,0000000000000000,3ff0000000000000,0000000000000000,0000000000000000,0000000000000000,0000000000000000,0000000000000000,3ff0000000000000,0000000000000000,0000000000000000,0000000000000000,0000000000000000,0000000000000000,3ff0000000000000,0000000000000000,0000000000000000,0000000000000000,0000000000000000,0000000000000000,3ff0000000000000,0000000000000000,0000000000000000,0000000000000000,0000000000000000,0000000000000000|0e0|4.263256414560604e-14
GM0066|MechanismWitnessed|6|2|3ff0000000000000|3ff0000000000000,0000000000000000,0000000000000000,0000000000000000,0000000000000000,0000000000000000|3ff0000000000000,0000000000000000,0000000000000000,0000000000000000,0000000000000000,0000000000000000,3ff0000000000000,0000000000000000,0000000000000000,0000000000000000,0000000000000000,0000000000000000,3ff0000000000000,0000000000000000,0000000000000000,0000000000000000,0000000000000000,0000000000000000,3ff0000000000000,0000000000000000,0000000000000000,0000000000000000,0000000000000000,0000000000000000,3ff0000000000000,0000000000000000,0000000000000000,0000000000000000,0000000000000000,0000000000000000,3ff0000000000000,0000000000000000,0000000000000000,0000000000000000,0000000000000000,0000000000000000,3ff0000000000000,0000000000000000,0000000000000000,0000000000000000,0000000000000000,0000000000000000|0e0|1.0442802858320788e-13
GM0067|MechanismWitnessed|3|1|3ff0000000000000|0000000000000000,0000000000000000,0000000000000000,4008000000000000,4014000000000000,0000000000000000|0000000000000000,0000000000000000,0000000000000000,4008000000000000,4014000000000000,0000000000000000,0000000000000000,0000000000000000,0000000000000000,4008000000000000,4014000000000000,0000000000000000,0000000000000000,0000000000000000,0000000000000000,4008000000000000,4014000000000000,0000000000000000,0000000000000000,0000000000000000,0000000000000000,4008000000000000,4014000000000000,0000000000000000,0000000000000000,0000000000000000,0000000000000000,4008000000000000,4014000000000000,0000000000000000,0000000000000000,0000000000000000,0000000000000000,4008000000000000,4014000000000000,0000000000000000,0000000000000000,0000000000000000,0000000000000000,4008000000000000,4014000000000000,0000000000000000|0e0|5.1119038827793656e-14
GM0068|MechanismWitnessed|11|1|3ff0000000000000|3ff0000000000000,0000000000000000,0000000000000000,0000000000000000,0000000000000000,0000000000000000|3ff0000000000000,0000000000000000,0000000000000000,0000000000000000,0000000000000000,0000000000000000,3ff0000000000000,0000000000000000,0000000000000000,0000000000000000,0000000000000000,0000000000000000,3ff0000000000000,0000000000000000,0000000000000000,0000000000000000,0000000000000000,0000000000000000,3ff0000000000000,0000000000000000,0000000000000000,0000000000000000,0000000000000000,0000000000000000,3ff0000000000000,0000000000000000,0000000000000000,0000000000000000,0000000000000000,0000000000000000,3ff0000000000000,0000000000000000,0000000000000000,0000000000000000,0000000000000000,0000000000000000,3ff0000000000000,0000000000000000,0000000000000000,0000000000000000,0000000000000000,0000000000000000,3ff0000000000000,0000000000000000,0000000000000000,0000000000000000,0000000000000000,0000000000000000,3ff0000000000000,0000000000000000,0000000000000000,0000000000000000,0000000000000000,0000000000000000|0e0|2.2042201789784947e-13
GM0069|MechanismWitnessed|2|2|3ff0000000000000|3ff0000000000000,4000000000000000,c000000000000000,0000000000000000,0000000000000000,0000000000000000|3ff0000000000000,4000000000000000,c000000000000000,0000000000000000,0000000000000000,0000000000000000,3ff0000000000000,4000000000000000,c000000000000000,0000000000000000,0000000000000000,0000000000000000,3ff0000000000000,4000000000000000,c000000000000000,0000000000000000,0000000000000000,0000000000000000,3ff0000000000000,4000000000000000,c000000000000000,0000000000000000,0000000000000000,0000000000000000|0e0|5.754910114707896e-14
GM0070|MechanismWitnessed|3|0|3ff0000000000000|0000000000000000,0000000000000000,0000000000000000,3ff0000000000000,0000000000000000,0000000000000000|0000000000000000,0000000000000000,0000000000000000,3ff0000000000000,0000000000000000,0000000000000000,0000000000000000,0000000000000000,0000000000000000,3ff0000000000000,0000000000000000,0000000000000000,0000000000000000,0000000000000000,0000000000000000,3ff0000000000000,0000000000000000,0000000000000000,0000000000000000,0000000000000000,0000000000000000,3ff0000000000000,0000000000000000,0000000000000000,0000000000000000,0000000000000000,0000000000000000,3ff0000000000000,0000000000000000,0000000000000000,0000000000000000,0000000000000000,0000000000000000,3ff0000000000000,0000000000000000,0000000000000000|0e0|7.004611685160486e-14
GM0071|MechanismWitnessed|8|2|3ff0000000000000|0000000000000000,0000000000000000,3ff0000000000000,0000000000000000,0000000000000000,0000000000000000|0000000000000000,0000000000000000,3ff0000000000000,0000000000000000,0000000000000000,0000000000000000,0000000000000000,0000000000000000,3ff0000000000000,0000000000000000,0000000000000000,0000000000000000,0000000000000000,0000000000000000,3ff0000000000000,0000000000000000,0000000000000000,0000000000000000,0000000000000000,0000000000000000,3ff0000000000000,0000000000000000,0000000000000000,0000000000000000,0000000000000000,0000000000000000,3ff0000000000000,0000000000000000,0000000000000000,0000000000000000,0000000000000000,0000000000000000,3ff0000000000000,0000000000000000,0000000000000000,0000000000000000,0000000000000000,0000000000000000,3ff0000000000000,0000000000000000,0000000000000000,0000000000000000,0000000000000000,0000000000000000,3ff0000000000000,0000000000000000,0000000000000000,0000000000000000|0e0|1.392373714442772e-13
GM0072|MechanismWitnessed|0|2|3ff0000000000000|3ff0000000000000,0000000000000000,0000000000000000,0000000000000000,0000000000000000,0000000000000000|3ff0000000000000,0000000000000000,0000000000000000,0000000000000000,0000000000000000,0000000000000000,3ff0000000000000,0000000000000000,0000000000000000,0000000000000000,0000000000000000,0000000000000000,3ff0000000000000,0000000000000000,0000000000000000,0000000000000000,0000000000000000,0000000000000000,3ff0000000000000,0000000000000000,0000000000000000,0000000000000000,0000000000000000,0000000000000000,3ff0000000000000,0000000000000000,0000000000000000,0000000000000000,0000000000000000,0000000000000000,3ff0000000000000,0000000000000000,0000000000000000,0000000000000000,0000000000000000,0000000000000000,3ff0000000000000,0000000000000000,0000000000000000,0000000000000000,0000000000000000,0000000000000000|0e0|0e0
GM0073|MechanismWitnessed|3|0|3ff0000000000000|3ff0000000000000,bff0000000000000,4000000000000000,0000000000000000,0000000000000000,0000000000000000|3ff0000000000000,bff0000000000000,4000000000000000,0000000000000000,0000000000000000,0000000000000000,3ff0000000000000,bff0000000000000,4000000000000000,0000000000000000,0000000000000000,0000000000000000|0e0|5.4470596870983023e-14
GM0074|MechanismWitnessed|8|2|3ff0000000000000|0000000000000000,0000000000000000,0000000000000000,3ff0000000000000,0000000000000000,0000000000000000|0000000000000000,0000000000000000,0000000000000000,3ff0000000000000,0000000000000000,0000000000000000,0000000000000000,0000000000000000,0000000000000000,3ff0000000000000,0000000000000000,0000000000000000,0000000000000000,0000000000000000,0000000000000000,3ff0000000000000,0000000000000000,0000000000000000,0000000000000000,0000000000000000,0000000000000000,3ff0000000000000,0000000000000000,0000000000000000,0000000000000000,0000000000000000,0000000000000000,3ff0000000000000,0000000000000000,0000000000000000,0000000000000000,0000000000000000,0000000000000000,3ff0000000000000,0000000000000000,0000000000000000,0000000000000000,0000000000000000,0000000000000000,3ff0000000000000,0000000000000000,0000000000000000,0000000000000000,0000000000000000,0000000000000000,3ff0000000000000,0000000000000000,0000000000000000,0000000000000000,0000000000000000,0000000000000000,3ff0000000000000,0000000000000000,0000000000000000|0e0|1.392373714442772e-13
GM0075|MechanismWitnessed|4|0|3ff0000000000000|3ff0000000000000,3ff0000000000000,0000000000000000,0000000000000000,0000000000000000,0000000000000000|3ff0000000000000,3ff0000000000000,0000000000000000,0000000000000000,0000000000000000,0000000000000000,3ff0000000000000,3ff0000000000000,0000000000000000,0000000000000000,0000000000000000,0000000000000000,3ff0000000000000,3ff0000000000000,0000000000000000,0000000000000000,0000000000000000,0000000000000000,3ff0000000000000,3ff0000000000000,0000000000000000,0000000000000000,0000000000000000,0000000000000000,3ff0000000000000,3ff0000000000000,0000000000000000,0000000000000000,0000000000000000,0000000000000000,3ff0000000000000,3ff0000000000000,0000000000000000,0000000000000000,0000000000000000,0000000000000000|0e0|7.877470686519991e-14
GM0076|MechanismWitnessed|5|0|3ff0000000000000|3ff0000000000000,3ff0000000000000,0000000000000000,0000000000000000,0000000000000000,0000000000000000|3ff0000000000000,3ff0000000000000,0000000000000000,0000000000000000,0000000000000000,0000000000000000,3ff0000000000000,3ff0000000000000,0000000000000000,0000000000000000,0000000000000000,0000000000000000,3ff0000000000000,3ff0000000000000,0000000000000000,0000000000000000,0000000000000000,0000000000000000,3ff0000000000000,3ff0000000000000,0000000000000000,0000000000000000,0000000000000000,0000000000000000|0e0|8.688823793409309e-14
GM0077|MechanismWitnessed|5|1|3ff0000000000000|3ff0000000000000,0000000000000000,0000000000000000,0000000000000000,0000000000000000,0000000000000000|3ff0000000000000,0000000000000000,0000000000000000,0000000000000000,0000000000000000,0000000000000000,3ff0000000000000,0000000000000000,0000000000000000,0000000000000000,0000000000000000,0000000000000000,3ff0000000000000,0000000000000000,0000000000000000,0000000000000000,0000000000000000,0000000000000000,3ff0000000000000,0000000000000000,0000000000000000,0000000000000000,0000000000000000,0000000000000000,3ff0000000000000,0000000000000000,0000000000000000,0000000000000000,0000000000000000,0000000000000000,3ff0000000000000,0000000000000000,0000000000000000,0000000000000000,0000000000000000,0000000000000000|0e0|8.526512829121209e-14
GM0078|MechanismWitnessed|1|0|3ff0000000000000|3ff0000000000000,0000000000000000,0000000000000000,0000000000000000,0000000000000000,0000000000000000|3ff0000000000000,0000000000000000,0000000000000000,0000000000000000,0000000000000000,0000000000000000,3ff0000000000000,0000000000000000,0000000000000000,0000000000000000,0000000000000000,0000000000000000,3ff0000000000000,0000000000000000,0000000000000000,0000000000000000,0000000000000000,0000000000000000,3ff0000000000000,0000000000000000,0000000000000000,0000000000000000,0000000000000000,0000000000000000,3ff0000000000000,0000000000000000,0000000000000000,0000000000000000,0000000000000000,0000000000000000,3ff0000000000000,0000000000000000,0000000000000000,0000000000000000,0000000000000000,0000000000000000,3ff0000000000000,0000000000000000,0000000000000000,0000000000000000,0000000000000000,0000000000000000|0e0|4.263256414560604e-14
GM0079|MechanismWitnessed|4|2|3ff0000000000000|0000000000000000,0000000000000000,0000000000000000,3ff0000000000000,0000000000000000,0000000000000000|0000000000000000,0000000000000000,0000000000000000,3ff0000000000000,0000000000000000,0000000000000000,0000000000000000,0000000000000000,0000000000000000,3ff0000000000000,0000000000000000,0000000000000000,0000000000000000,0000000000000000,0000000000000000,3ff0000000000000,0000000000000000,0000000000000000,0000000000000000,0000000000000000,0000000000000000,3ff0000000000000,0000000000000000,0000000000000000,0000000000000000,0000000000000000,0000000000000000,3ff0000000000000,0000000000000000,0000000000000000,0000000000000000,0000000000000000,0000000000000000,3ff0000000000000,0000000000000000,0000000000000000,0000000000000000,0000000000000000,0000000000000000,3ff0000000000000,0000000000000000,0000000000000000,0000000000000000,0000000000000000,0000000000000000,3ff0000000000000,0000000000000000,0000000000000000|0e0|6.68118242023679e-14
GM0080|MechanismWitnessed|3|2|3ff0000000000000|3ff0000000000000,0000000000000000,0000000000000000,0000000000000000,0000000000000000,0000000000000000|3ff0000000000000,0000000000000000,0000000000000000,0000000000000000,0000000000000000,0000000000000000,3ff0000000000000,0000000000000000,0000000000000000,0000000000000000,0000000000000000,0000000000000000,3ff0000000000000,0000000000000000,0000000000000000,0000000000000000,0000000000000000,0000000000000000,3ff0000000000000,0000000000000000,0000000000000000,0000000000000000,0000000000000000,0000000000000000,3ff0000000000000,0000000000000000,0000000000000000,0000000000000000,0000000000000000,0000000000000000|0e0|6.067648741057053e-14
GM0081|MechanismWitnessed|13|1|3ff0000000000000|0000000000000000,0000000000000000,0000000000000000,3ff0000000000000,0000000000000000,0000000000000000|0000000000000000,0000000000000000,0000000000000000,3ff0000000000000,0000000000000000,0000000000000000,0000000000000000,0000000000000000,0000000000000000,3ff0000000000000,0000000000000000,0000000000000000,0000000000000000,0000000000000000,0000000000000000,3ff0000000000000,0000000000000000,0000000000000000,0000000000000000,0000000000000000,0000000000000000,3ff0000000000000,0000000000000000,0000000000000000,0000000000000000,0000000000000000,0000000000000000,3ff0000000000000,0000000000000000,0000000000000000,0000000000000000,0000000000000000,0000000000000000,3ff0000000000000,0000000000000000,0000000000000000,0000000000000000,0000000000000000,0000000000000000,3ff0000000000000,0000000000000000,0000000000000000|0e0|2.312016936711466e-13
GM0082|MechanismWitnessed|8|2|3ff0000000000000|4037000000000000,0000000000000000,c024000000000000,0000000000000000,0000000000000000,0000000000000000|4037000000000000,0000000000000000,c024000000000000,0000000000000000,0000000000000000,0000000000000000,4037000000000000,0000000000000000,c024000000000000,0000000000000000,0000000000000000,0000000000000000,4037000000000000,0000000000000000,c024000000000000,0000000000000000,0000000000000000,0000000000000000,4037000000000000,0000000000000000,c024000000000000,0000000000000000,0000000000000000,0000000000000000,4037000000000000,0000000000000000,c024000000000000,0000000000000000,0000000000000000,0000000000000000,4037000000000000,0000000000000000,c024000000000000,0000000000000000,0000000000000000,0000000000000000|0e0|1.2972043225190207e-13
GM0083|MechanismWitnessed|2|2|3ff0000000000000|3ff0000000000000,0000000000000000,0000000000000000,0000000000000000,0000000000000000,0000000000000000|3ff0000000000000,0000000000000000,0000000000000000,0000000000000000,0000000000000000,0000000000000000,3ff0000000000000,0000000000000000,0000000000000000,0000000000000000,0000000000000000,0000000000000000,3ff0000000000000,0000000000000000,0000000000000000,0000000000000000,0000000000000000,0000000000000000,3ff0000000000000,0000000000000000,0000000000000000,0000000000000000,0000000000000000,0000000000000000,3ff0000000000000,0000000000000000,0000000000000000,0000000000000000,0000000000000000,0000000000000000,3ff0000000000000,0000000000000000,0000000000000000,0000000000000000,0000000000000000,0000000000000000|0e0|5.221401429160394e-14
GM0084|MechanismWitnessed|1|1|3ff0000000000000|3ff0000000000000,bff8000000000000,0000000000000000,0000000000000000,0000000000000000,0000000000000000|3ff0000000000000,bff8000000000000,0000000000000000,0000000000000000,0000000000000000,0000000000000000,3ff0000000000000,bff8000000000000,0000000000000000,0000000000000000,0000000000000000,0000000000000000,3ff0000000000000,bff8000000000000,0000000000000000,0000000000000000,0000000000000000,0000000000000000,3ff0000000000000,bff8000000000000,0000000000000000,0000000000000000,0000000000000000,0000000000000000,3ff0000000000000,bff8000000000000,0000000000000000,0000000000000000,0000000000000000,0000000000000000|0e0|4.263256414560604e-14
GM0085|MechanismWitnessed|6|0|3ff0000000000000|0000000000000000,0000000000000000,0000000000000000,0000000000000000,4008000000000000,4000000000000000|0000000000000000,0000000000000000,0000000000000000,0000000000000000,4008000000000000,4000000000000000,0000000000000000,0000000000000000,0000000000000000,0000000000000000,4008000000000000,4000000000000000,0000000000000000,0000000000000000,0000000000000000,0000000000000000,4008000000000000,4000000000000000,0000000000000000,0000000000000000,0000000000000000,0000000000000000,4008000000000000,4000000000000000,0000000000000000,0000000000000000,0000000000000000,0000000000000000,4008000000000000,4000000000000000,0000000000000000,0000000000000000,0000000000000000,0000000000000000,4008000000000000,4000000000000000|0e0|7.50859351239662e-14
GM0086|MechanismWitnessed|7|0|3ff0000000000000|0000000000000000,0000000000000000,0000000000000000,3ff0000000000000,0000000000000000,0000000000000000|0000000000000000,0000000000000000,0000000000000000,3ff0000000000000,0000000000000000,0000000000000000,0000000000000000,0000000000000000,0000000000000000,3ff0000000000000,0000000000000000,0000000000000000,0000000000000000,0000000000000000,0000000000000000,3ff0000000000000,0000000000000000,0000000000000000|0e0|8.614872834998373e-14
GM0087|MechanismWitnessed|2|2|3ff0000000000000|401c000000000000,4025000000000000,4020000000000000,0000000000000000,0000000000000000,0000000000000000|401c000000000000,4025000000000000,4020000000000000,0000000000000000,0000000000000000,0000000000000000,401c000000000000,4025000000000000,4020000000000000,0000000000000000,0000000000000000,0000000000000000,401c000000000000,4025000000000000,4020000000000000,0000000000000000,0000000000000000,0000000000000000,401c000000000000,4025000000000000,4020000000000000,0000000000000000,0000000000000000,0000000000000000,401c000000000000,4025000000000000,4020000000000000,0000000000000000,0000000000000000,0000000000000000,401c000000000000,4025000000000000,4020000000000000,0000000000000000,0000000000000000,0000000000000000,401c000000000000,4025000000000000,4020000000000000,0000000000000000,0000000000000000,0000000000000000,401c000000000000,4025000000000000,4020000000000000,0000000000000000,0000000000000000,0000000000000000|0e0|5.105047121905973e-14
GM0088|MechanismWitnessed|0|2|3ff0000000000000|3ff0000000000000,0000000000000000,0000000000000000,0000000000000000,0000000000000000,0000000000000000|3ff0000000000000,0000000000000000,0000000000000000,0000000000000000,0000000000000000,0000000000000000,3ff0000000000000,0000000000000000,0000000000000000,0000000000000000,0000000000000000,0000000000000000,3ff0000000000000,0000000000000000,0000000000000000,0000000000000000,0000000000000000,0000000000000000,3ff0000000000000,0000000000000000,0000000000000000,0000000000000000,0000000000000000,0000000000000000,3ff0000000000000,0000000000000000,0000000000000000,0000000000000000,0000000000000000,0000000000000000,3ff0000000000000,0000000000000000,0000000000000000,0000000000000000,0000000000000000,0000000000000000,3ff0000000000000,0000000000000000,0000000000000000,0000000000000000,0000000000000000,0000000000000000,3ff0000000000000,0000000000000000,0000000000000000,0000000000000000,0000000000000000,0000000000000000,3ff0000000000000,0000000000000000,0000000000000000,0000000000000000,0000000000000000,0000000000000000,3ff0000000000000,0000000000000000,0000000000000000,0000000000000000,0000000000000000,0000000000000000|0e0|0e0
GM0089|MechanismWitnessed|4|1|3ff0000000000000|3ff0000000000000,0000000000000000,0000000000000000,0000000000000000,0000000000000000,0000000000000000|3ff0000000000000,0000000000000000,0000000000000000,0000000000000000,0000000000000000,0000000000000000,3ff0000000000000,0000000000000000,0000000000000000,0000000000000000,0000000000000000,0000000000000000,3ff0000000000000,0000000000000000,0000000000000000,0000000000000000,0000000000000000,0000000000000000,3ff0000000000000,0000000000000000,0000000000000000,0000000000000000,0000000000000000,0000000000000000,3ff0000000000000,0000000000000000,0000000000000000,0000000000000000,0000000000000000,0000000000000000,3ff0000000000000,0000000000000000,0000000000000000,0000000000000000,0000000000000000,0000000000000000|0e0|8.526512829121209e-14
GM0090|MechanismWitnessed|9|2|3ff0000000000000|3ff0000000000000,0000000000000000,0000000000000000,0000000000000000,0000000000000000,0000000000000000|3ff0000000000000,0000000000000000,0000000000000000,0000000000000000,0000000000000000,0000000000000000,3ff0000000000000,0000000000000000,0000000000000000,0000000000000000,0000000000000000,0000000000000000,3ff0000000000000,0000000000000000,0000000000000000,0000000000000000,0000000000000000,0000000000000000,3ff0000000000000,0000000000000000,0000000000000000,0000000000000000,0000000000000000,0000000000000000,3ff0000000000000,0000000000000000,0000000000000000,0000000000000000,0000000000000000,0000000000000000,3ff0000000000000,0000000000000000,0000000000000000,0000000000000000,0000000000000000,0000000000000000|0e0|1.4299396722704308e-13
GM0091|MechanismWitnessed|6|0|3ff0000000000000|3ff0000000000000,0000000000000000,0000000000000000,0000000000000000,0000000000000000,0000000000000000|3ff0000000000000,0000000000000000,0000000000000000,0000000000000000,0000000000000000,0000000000000000,3ff0000000000000,0000000000000000,0000000000000000,0000000000000000,0000000000000000,0000000000000000,3ff0000000000000,0000000000000000,0000000000000000,0000000000000000,0000000000000000,0000000000000000,3ff0000000000000,0000000000000000,0000000000000000,0000000000000000,0000000000000000,0000000000000000|0e0|7.384176715712891e-14
GM0092|MechanismWitnessed|7|2|3ff0000000000000|3ff0000000000000,bff0000000000000,3fe0000000000000,0000000000000000,0000000000000000,0000000000000000|3ff0000000000000,bff0000000000000,3fe0000000000000,0000000000000000,0000000000000000,0000000000000000,3ff0000000000000,bff0000000000000,3fe0000000000000,0000000000000000,0000000000000000,0000000000000000,3ff0000000000000,bff0000000000000,3fe0000000000000,0000000000000000,0000000000000000,0000000000000000,3ff0000000000000,bff0000000000000,3fe0000000000000,0000000000000000,0000000000000000,0000000000000000|0e0|1.1121753006547792e-13
GM0093|MechanismWitnessed|8|1|3ff0000000000000|3ff0000000000000,c041000000000000,c026000000000000,0000000000000000,0000000000000000,0000000000000000|3ff0000000000000,c041000000000000,c026000000000000,0000000000000000,0000000000000000,0000000000000000,3ff0000000000000,c041000000000000,c026000000000000,0000000000000000,0000000000000000,0000000000000000,3ff0000000000000,c041000000000000,c026000000000000,0000000000000000,0000000000000000,0000000000000000,3ff0000000000000,c041000000000000,c026000000000000,0000000000000000,0000000000000000,0000000000000000,3ff0000000000000,c041000000000000,c026000000000000,0000000000000000,0000000000000000,0000000000000000,3ff0000000000000,c041000000000000,c026000000000000,0000000000000000,0000000000000000,0000000000000000|0e0|1.3055667248745936e-13
GM0094|MechanismWitnessed|1|1|3ff0000000000000|3ff0000000000000,bff0000000000000,0000000000000000,0000000000000000,0000000000000000,0000000000000000|3ff0000000000000,bff0000000000000,0000000000000000,0000000000000000,0000000000000000,0000000000000000,3ff0000000000000,bff0000000000000,0000000000000000,0000000000000000,0000000000000000,0000000000000000,3ff0000000000000,bff0000000000000,0000000000000000,0000000000000000,0000000000000000,0000000000000000,3ff0000000000000,bff0000000000000,0000000000000000,0000000000000000,0000000000000000,0000000000000000,3ff0000000000000,bff0000000000000,0000000000000000,0000000000000000,0000000000000000,0000000000000000,3ff0000000000000,bff0000000000000,0000000000000000,0000000000000000,0000000000000000,0000000000000000,3ff0000000000000,bff0000000000000,0000000000000000,0000000000000000,0000000000000000,0000000000000000,3ff0000000000000,bff0000000000000,0000000000000000,0000000000000000,0000000000000000,0000000000000000,3ff0000000000000,bff0000000000000,0000000000000000,0000000000000000,0000000000000000,0000000000000000|0e0|4.263256414560604e-14
GM0095|MechanismWitnessed|6|0|3ff0000000000000|4014000000000000,0000000000000000,c008000000000000,0000000000000000,0000000000000000,0000000000000000|4014000000000000,0000000000000000,c008000000000000,0000000000000000,0000000000000000,0000000000000000,4014000000000000,0000000000000000,c008000000000000,0000000000000000,0000000000000000,0000000000000000,4014000000000000,0000000000000000,c008000000000000,0000000000000000,0000000000000000,0000000000000000|0e0|8.62442403207254e-14
GM0096|MechanismWitnessed|8|0|3ff0000000000000|0000000000000000,3ff0000000000000,0000000000000000,0000000000000000,0000000000000000,0000000000000000|0000000000000000,3ff0000000000000,0000000000000000,0000000000000000,0000000000000000,0000000000000000,0000000000000000,3ff0000000000000,0000000000000000,0000000000000000,0000000000000000,0000000000000000,0000000000000000,3ff0000000000000,0000000000000000,0000000000000000,0000000000000000,0000000000000000|0e0|9.845568954283856e-14
GM0097|MechanismWitnessed|5|2|3ff0000000000000|4014000000000000,0000000000000000,4008000000000000,0000000000000000,0000000000000000,0000000000000000|4014000000000000,0000000000000000,4008000000000000,0000000000000000,0000000000000000,0000000000000000,4014000000000000,0000000000000000,4008000000000000,0000000000000000,0000000000000000,0000000000000000,4014000000000000,0000000000000000,4008000000000000,0000000000000000,0000000000000000,0000000000000000,4014000000000000,0000000000000000,4008000000000000,0000000000000000,0000000000000000,0000000000000000,4014000000000000,0000000000000000,4008000000000000,0000000000000000,0000000000000000,0000000000000000,4014000000000000,0000000000000000,4008000000000000,0000000000000000,0000000000000000,0000000000000000|0e0|7.65577452962457e-14
GM0098|MechanismWitnessed|2|2|3ff0000000000000|3ff0000000000000,c000000000000000,0000000000000000,0000000000000000,0000000000000000,0000000000000000|3ff0000000000000,c000000000000000,0000000000000000,0000000000000000,0000000000000000,0000000000000000,3ff0000000000000,c000000000000000,0000000000000000,0000000000000000,0000000000000000,0000000000000000,3ff0000000000000,c000000000000000,0000000000000000,0000000000000000,0000000000000000,0000000000000000,3ff0000000000000,c000000000000000,0000000000000000,0000000000000000,0000000000000000,0000000000000000,3ff0000000000000,c000000000000000,0000000000000000,0000000000000000,0000000000000000,0000000000000000|0e0|4.263256414560604e-14
GM0099|MechanismWitnessed|2|0|3ff0000000000000|402e000000000000,402a000000000000,403f000000000000,0000000000000000,0000000000000000,0000000000000000|402e000000000000,402a000000000000,403f000000000000,0000000000000000,0000000000000000,0000000000000000,402e000000000000,402a000000000000,403f000000000000,0000000000000000,0000000000000000,0000000000000000,402e000000000000,402a000000000000,403f000000000000,0000000000000000,0000000000000000,0000000000000000,402e000000000000,402a000000000000,403f000000000000,0000000000000000,0000000000000000,0000000000000000,402e000000000000,402a000000000000,403f000000000000,0000000000000000,0000000000000000,0000000000000000,402e000000000000,402a000000000000,403f000000000000,0000000000000000,0000000000000000,0000000000000000|0e0|5.4243047038260024e-14
GM0100|MechanismWitnessed|2|1|3ff0000000000000|3ff0000000000000,0000000000000000,0000000000000000,0000000000000000,0000000000000000,0000000000000000|3ff0000000000000,0000000000000000,0000000000000000,0000000000000000,0000000000000000,0000000000000000,3ff0000000000000,0000000000000000,0000000000000000,0000000000000000,0000000000000000,0000000000000000,3ff0000000000000,0000000000000000,0000000000000000,0000000000000000,0000000000000000,0000000000000000,3ff0000000000000,0000000000000000,0000000000000000,0000000000000000,0000000000000000,0000000000000000|0e0|6.029155041345701e-14
GM0101|MechanismWitnessed|3|1|3ff0000000000000|3ff0000000000000,0000000000000000,0000000000000000,0000000000000000,0000000000000000,0000000000000000|3ff0000000000000,0000000000000000,0000000000000000,0000000000000000,0000000000000000,0000000000000000,3ff0000000000000,0000000000000000,0000000000000000,0000000000000000,0000000000000000,0000000000000000,3ff0000000000000,0000000000000000,0000000000000000,0000000000000000,0000000000000000,0000000000000000,3ff0000000000000,0000000000000000,0000000000000000,0000000000000000,0000000000000000,0000000000000000,3ff0000000000000,0000000000000000,0000000000000000,0000000000000000,0000000000000000,0000000000000000|0e0|6.423204077015005e-14
GM0102|MechanismWitnessed|10|2|3ff0000000000000|3ff0000000000000,0000000000000000,0000000000000000,0000000000000000,0000000000000000,0000000000000000|3ff0000000000000,0000000000000000,0000000000000000,0000000000000000,0000000000000000,0000000000000000,3ff0000000000000,0000000000000000,0000000000000000,0000000000000000,0000000000000000,0000000000000000,3ff0000000000000,0000000000000000,0000000000000000,0000000000000000,0000000000000000,0000000000000000,3ff0000000000000,0000000000000000,0000000000000000,0000000000000000,0000000000000000,0000000000000000,3ff0000000000000,0000000000000000,0000000000000000,0000000000000000,0000000000000000,0000000000000000,3ff0000000000000,0000000000000000,0000000000000000,0000000000000000,0000000000000000,0000000000000000,3ff0000000000000,0000000000000000,0000000000000000,0000000000000000,0000000000000000,0000000000000000,3ff0000000000000,0000000000000000,0000000000000000,0000000000000000,0000000000000000,0000000000000000|0e0|1.421085471520202e-13
GM0103|MechanismWitnessed|3|1|3ff0000000000000|3ff0000000000000,4000000000000000,0000000000000000,0000000000000000,0000000000000000,0000000000000000|3ff0000000000000,4000000000000000,0000000000000000,0000000000000000,0000000000000000,0000000000000000,3ff0000000000000,4000000000000000,0000000000000000,0000000000000000,0000000000000000,0000000000000000,3ff0000000000000,4000000000000000,0000000000000000,0000000000000000,0000000000000000,0000000000000000,3ff0000000000000,4000000000000000,0000000000000000,0000000000000000,0000000000000000,0000000000000000,3ff0000000000000,4000000000000000,0000000000000000,0000000000000000,0000000000000000,0000000000000000|0e0|6.650007042306731e-14
GM0104|MechanismWitnessed|1|2|3ff0000000000000|0000000000000000,3ff0000000000000,0000000000000000,0000000000000000,0000000000000000,0000000000000000|0000000000000000,3ff0000000000000,0000000000000000,0000000000000000,0000000000000000,0000000000000000,0000000000000000,3ff0000000000000,0000000000000000,0000000000000000,0000000000000000,0000000000000000,0000000000000000,3ff0000000000000,0000000000000000,0000000000000000,0000000000000000,0000000000000000,0000000000000000,3ff0000000000000,0000000000000000,0000000000000000,0000000000000000,0000000000000000,0000000000000000,3ff0000000000000,0000000000000000,0000000000000000,0000000000000000,0000000000000000,0000000000000000,3ff0000000000000,0000000000000000,0000000000000000,0000000000000000,0000000000000000,0000000000000000,3ff0000000000000,0000000000000000,0000000000000000,0000000000000000,0000000000000000,0000000000000000,3ff0000000000000,0000000000000000,0000000000000000,0000000000000000,0000000000000000,0000000000000000,3ff0000000000000,0000000000000000,0000000000000000,0000000000000000,0000000000000000|0e0|4.263256414560603e-14
GM0105|MechanismWitnessed|1|0|3ff0000000000000|3ff0000000000000,0000000000000000,0000000000000000,0000000000000000,0000000000000000,0000000000000000|3ff0000000000000,0000000000000000,0000000000000000,0000000000000000,0000000000000000,0000000000000000,3ff0000000000000,0000000000000000,0000000000000000,0000000000000000,0000000000000000,0000000000000000|0e0|4.263256414560604e-14
GM0106|MechanismWitnessed|2|2|3ff0000000000000|3ff0000000000000,bfe0000000000000,0000000000000000,0000000000000000,0000000000000000,0000000000000000|3ff0000000000000,bfe0000000000000,0000000000000000,0000000000000000,0000000000000000,0000000000000000,3ff0000000000000,bfe0000000000000,0000000000000000,0000000000000000,0000000000000000,0000000000000000,3ff0000000000000,bfe0000000000000,0000000000000000,0000000000000000,0000000000000000,0000000000000000,3ff0000000000000,bfe0000000000000,0000000000000000,0000000000000000,0000000000000000,0000000000000000,3ff0000000000000,bfe0000000000000,0000000000000000,0000000000000000,0000000000000000,0000000000000000,3ff0000000000000,bfe0000000000000,0000000000000000,0000000000000000,0000000000000000,0000000000000000,3ff0000000000000,bfe0000000000000,0000000000000000,0000000000000000,0000000000000000,0000000000000000,3ff0000000000000,bfe0000000000000,0000000000000000,0000000000000000,0000000000000000,0000000000000000,3ff0000000000000,bfe0000000000000,0000000000000000,0000000000000000,0000000000000000,0000000000000000|0e0|4.2632564145606055e-14
GM0107|MechanismWitnessed|1|1|3ff0000000000000|3ff0000000000000,0000000000000000,0000000000000000,0000000000000000,0000000000000000,0000000000000000|3ff0000000000000,0000000000000000,0000000000000000,0000000000000000,0000000000000000,0000000000000000,3ff0000000000000,0000000000000000,0000000000000000,0000000000000000,0000000000000000,0000000000000000,3ff0000000000000,0000000000000000,0000000000000000,0000000000000000,0000000000000000,0000000000000000,3ff0000000000000,0000000000000000,0000000000000000,0000000000000000,0000000000000000,0000000000000000,3ff0000000000000,0000000000000000,0000000000000000,0000000000000000,0000000000000000,0000000000000000,3ff0000000000000,0000000000000000,0000000000000000,0000000000000000,0000000000000000,0000000000000000,3ff0000000000000,0000000000000000,0000000000000000,0000000000000000,0000000000000000,0000000000000000|0e0|4.263256414560604e-14
GM0108|MechanismWitnessed|2|1|3ff0000000000000|3ff0000000000000,4000000000000000,3ff0000000000000,0000000000000000,0000000000000000,0000000000000000|3ff0000000000000,4000000000000000,3ff0000000000000,0000000000000000,0000000000000000,0000000000000000,3ff0000000000000,4000000000000000,3ff0000000000000,0000000000000000,0000000000000000,0000000000000000,3ff0000000000000,4000000000000000,3ff0000000000000,0000000000000000,0000000000000000,0000000000000000|0e0|5.447059687098304e-14
GM0109|MechanismWitnessed|0|0|3ff0000000000000|3ff0000000000000,0000000000000000,0000000000000000,0000000000000000,0000000000000000,0000000000000000|3ff0000000000000,0000000000000000,0000000000000000,0000000000000000,0000000000000000,0000000000000000,3ff0000000000000,0000000000000000,0000000000000000,0000000000000000,0000000000000000,0000000000000000,3ff0000000000000,0000000000000000,0000000000000000,0000000000000000,0000000000000000,0000000000000000|0e0|0e0
GM0110|MechanismWitnessed|1|2|3ff0000000000000|3ff0000000000000,0000000000000000,0000000000000000,0000000000000000,0000000000000000,0000000000000000|3ff0000000000000,0000000000000000,0000000000000000,0000000000000000,0000000000000000,0000000000000000,3ff0000000000000,0000000000000000,0000000000000000,0000000000000000,0000000000000000,0000000000000000,3ff0000000000000,0000000000000000,0000000000000000,0000000000000000,0000000000000000,0000000000000000,3ff0000000000000,0000000000000000,0000000000000000,0000000000000000,0000000000000000,0000000000000000,3ff0000000000000,0000000000000000,0000000000000000,0000000000000000,0000000000000000,0000000000000000,3ff0000000000000,0000000000000000,0000000000000000,0000000000000000,0000000000000000,0000000000000000,3ff0000000000000,0000000000000000,0000000000000000,0000000000000000,0000000000000000,0000000000000000,3ff0000000000000,0000000000000000,0000000000000000,0000000000000000,0000000000000000,0000000000000000,3ff0000000000000,0000000000000000,0000000000000000,0000000000000000,0000000000000000,0000000000000000,3ff0000000000000,0000000000000000,0000000000000000,0000000000000000,0000000000000000,0000000000000000|0e0|4.263256414560604e-14
GM0111|MechanismWitnessed|2|1|3ff0000000000000|3ff0000000000000,0000000000000000,0000000000000000,0000000000000000,0000000000000000,0000000000000000|3ff0000000000000,0000000000000000,0000000000000000,0000000000000000,0000000000000000,0000000000000000,3ff0000000000000,0000000000000000,0000000000000000,0000000000000000,0000000000000000,0000000000000000,3ff0000000000000,0000000000000000,0000000000000000,0000000000000000,0000000000000000,0000000000000000,3ff0000000000000,0000000000000000,0000000000000000,0000000000000000,0000000000000000,0000000000000000,3ff0000000000000,0000000000000000,0000000000000000,0000000000000000,0000000000000000,0000000000000000,3ff0000000000000,0000000000000000,0000000000000000,0000000000000000,0000000000000000,0000000000000000,3ff0000000000000,0000000000000000,0000000000000000,0000000000000000,0000000000000000,0000000000000000,3ff0000000000000,0000000000000000,0000000000000000,0000000000000000,0000000000000000,0000000000000000|0e0|5.109572449131884e-14
GM0112|MechanismWitnessed|1|1|3ff0000000000000|3ff0000000000000,0000000000000000,0000000000000000,0000000000000000,0000000000000000,0000000000000000|3ff0000000000000,0000000000000000,0000000000000000,0000000000000000,0000000000000000,0000000000000000,3ff0000000000000,0000000000000000,0000000000000000,0000000000000000,0000000000000000,0000000000000000,3ff0000000000000,0000000000000000,0000000000000000,0000000000000000,0000000000000000,0000000000000000,3ff0000000000000,0000000000000000,0000000000000000,0000000000000000,0000000000000000,0000000000000000,3ff0000000000000,0000000000000000,0000000000000000,0000000000000000,0000000000000000,0000000000000000,3ff0000000000000,0000000000000000,0000000000000000,0000000000000000,0000000000000000,0000000000000000,3ff0000000000000,0000000000000000,0000000000000000,0000000000000000,0000000000000000,0000000000000000,3ff0000000000000,0000000000000000,0000000000000000,0000000000000000,0000000000000000,0000000000000000,3ff0000000000000,0000000000000000,0000000000000000,0000000000000000,0000000000000000,0000000000000000|0e0|4.263256414560604e-14
GM0113|MechanismWitnessed|6|0|3ff0000000000000|3ff0000000000000,c000000000000000,c008000000000000,0000000000000000,0000000000000000,0000000000000000|3ff0000000000000,c000000000000000,c008000000000000,0000000000000000,0000000000000000,0000000000000000,3ff0000000000000,c000000000000000,c008000000000000,0000000000000000,0000000000000000,0000000000000000,3ff0000000000000,c000000000000000,c008000000000000,0000000000000000,0000000000000000,0000000000000000|0e0|7.468666720678389e-14
GM0114|MechanismWitnessed|2|2|3ff0000000000000|3ff0000000000000,bff0000000000000,3ff0000000000000,0000000000000000,0000000000000000,0000000000000000|3ff0000000000000,bff0000000000000,3ff0000000000000,0000000000000000,0000000000000000,0000000000000000,3ff0000000000000,bff0000000000000,3ff0000000000000,0000000000000000,0000000000000000,0000000000000000,3ff0000000000000,bff0000000000000,3ff0000000000000,0000000000000000,0000000000000000,0000000000000000,3ff0000000000000,bff0000000000000,3ff0000000000000,0000000000000000,0000000000000000,0000000000000000,3ff0000000000000,bff0000000000000,3ff0000000000000,0000000000000000,0000000000000000,0000000000000000|0e0|5.823716565136748e-14
GM0115|MechanismWitnessed|6|2|3ff0000000000000|3ff0000000000000,0000000000000000,0000000000000000,0000000000000000,0000000000000000,0000000000000000|3ff0000000000000,0000000000000000,0000000000000000,0000000000000000,0000000000000000,0000000000000000,3ff0000000000000,0000000000000000,0000000000000000,0000000000000000,0000000000000000,0000000000000000,3ff0000000000000,0000000000000000,0000000000000000,0000000000000000,0000000000000000,0000000000000000,3ff0000000000000,0000000000000000,0000000000000000,0000000000000000,0000000000000000,0000000000000000,3ff0000000000000,0000000000000000,0000000000000000,0000000000000000,0000000000000000,0000000000000000,3ff0000000000000,0000000000000000,0000000000000000,0000000000000000,0000000000000000,0000000000000000|0e0|8.235978949833245e-14
GM0116|MechanismWitnessed|5|1|3ff0000000000000|3ff0000000000000,0000000000000000,bff0000000000000,0000000000000000,0000000000000000,0000000000000000|3ff0000000000000,0000000000000000,bff0000000000000,0000000000000000,0000000000000000,0000000000000000,3ff0000000000000,0000000000000000,bff0000000000000,0000000000000000,0000000000000000,0000000000000000,3ff0000000000000,0000000000000000,bff0000000000000,0000000000000000,0000000000000000,0000000000000000,3ff0000000000000,0000000000000000,bff0000000000000,0000000000000000,0000000000000000,0000000000000000,3ff0000000000000,0000000000000000,bff0000000000000,0000000000000000,0000000000000000,0000000000000000,3ff0000000000000,0000000000000000,bff0000000000000,0000000000000000,0000000000000000,0000000000000000|0e0|7.805788246889793e-14
GM0117|MechanismWitnessed|0|1|3ff0000000000000|3ff0000000000000,0000000000000000,0000000000000000,0000000000000000,0000000000000000,0000000000000000|3ff0000000000000,0000000000000000,0000000000000000,0000000000000000,0000000000000000,0000000000000000,3ff0000000000000,0000000000000000,0000000000000000,0000000000000000,0000000000000000,0000000000000000,3ff0000000000000,0000000000000000,0000000000000000,0000000000000000,0000000000000000,0000000000000000,3ff0000000000000,0000000000000000,0000000000000000,0000000000000000,0000000000000000,0000000000000000,3ff0000000000000,0000000000000000,0000000000000000,0000000000000000,0000000000000000,0000000000000000|0e0|0e0
GM0118|MechanismWitnessed|13|2|3ff0000000000000|3ff0000000000000,0000000000000000,0000000000000000,0000000000000000,0000000000000000,0000000000000000|3ff0000000000000,0000000000000000,0000000000000000,0000000000000000,0000000000000000,0000000000000000,3ff0000000000000,0000000000000000,0000000000000000,0000000000000000,0000000000000000,0000000000000000,3ff0000000000000,0000000000000000,0000000000000000,0000000000000000,0000000000000000,0000000000000000,3ff0000000000000,0000000000000000,0000000000000000,0000000000000000,0000000000000000,0000000000000000,3ff0000000000000,0000000000000000,0000000000000000,0000000000000000,0000000000000000,0000000000000000,3ff0000000000000,0000000000000000,0000000000000000,0000000000000000,0000000000000000,0000000000000000,3ff0000000000000,0000000000000000,0000000000000000,0000000000000000,0000000000000000,0000000000000000,3ff0000000000000,0000000000000000,0000000000000000,0000000000000000,0000000000000000,0000000000000000|0e0|2.6126338512498056e-13
GM0119|MechanismWitnessed|2|0|3ff0000000000000|3ff0000000000000,0000000000000000,0000000000000000,0000000000000000,0000000000000000,0000000000000000|3ff0000000000000,0000000000000000,0000000000000000,0000000000000000,0000000000000000,0000000000000000,3ff0000000000000,0000000000000000,0000000000000000,0000000000000000,0000000000000000,0000000000000000,3ff0000000000000,0000000000000000,0000000000000000,0000000000000000,0000000000000000,0000000000000000|0e0|6.029155041345701e-14
GM0120|MechanismWitnessed|0|0|3ff0000000000000|3ff0000000000000,0000000000000000,0000000000000000,0000000000000000,0000000000000000,0000000000000000|3ff0000000000000,0000000000000000,0000000000000000,0000000000000000,0000000000000000,0000000000000000,3ff0000000000000,0000000000000000,0000000000000000,0000000000000000,0000000000000000,0000000000000000,3ff0000000000000,0000000000000000,0000000000000000,0000000000000000,0000000000000000,0000000000000000,3ff0000000000000,0000000000000000,0000000000000000,0000000000000000,0000000000000000,0000000000000000,3ff0000000000000,0000000000000000,0000000000000000,0000000000000000,0000000000000000,0000000000000000,3ff0000000000000,0000000000000000,0000000000000000,0000000000000000,0000000000000000,0000000000000000,3ff0000000000000,0000000000000000,0000000000000000,0000000000000000,0000000000000000,0000000000000000,3ff0000000000000,0000000000000000,0000000000000000,0000000000000000,0000000000000000,0000000000000000|0e0|0e0
GM0121|MechanismWitnessed|4|1|3ff0000000000000|3ff0000000000000,0000000000000000,0000000000000000,0000000000000000,0000000000000000,0000000000000000|3ff0000000000000,0000000000000000,0000000000000000,0000000000000000,0000000000000000,0000000000000000,3ff0000000000000,0000000000000000,0000000000000000,0000000000000000,0000000000000000,0000000000000000,3ff0000000000000,0000000000000000,0000000000000000,0000000000000000,0000000000000000,0000000000000000|0e0|7.384176715712891e-14
GM0122|MechanismWitnessed|4|2|3ff0000000000000|3ff0000000000000,bfd0000000000000,0000000000000000,0000000000000000,0000000000000000,0000000000000000|3ff0000000000000,bfd0000000000000,0000000000000000,0000000000000000,0000000000000000,0000000000000000,3ff0000000000000,bfd0000000000000,0000000000000000,0000000000000000,0000000000000000,0000000000000000,3ff0000000000000,bfd0000000000000,0000000000000000,0000000000000000,0000000000000000,0000000000000000,3ff0000000000000,bfd0000000000000,0000000000000000,0000000000000000,0000000000000000,0000000000000000|0e0|7.384176715712891e-14
GM0123|MechanismWitnessed|2|0|3ff0000000000000|3ff0000000000000,0000000000000000,0000000000000000,0000000000000000,0000000000000000,0000000000000000|3ff0000000000000,0000000000000000,0000000000000000,0000000000000000,0000000000000000,0000000000000000,3ff0000000000000,0000000000000000,0000000000000000,0000000000000000,0000000000000000,0000000000000000,3ff0000000000000,0000000000000000,0000000000000000,0000000000000000,0000000000000000,0000000000000000,3ff0000000000000,0000000000000000,0000000000000000,0000000000000000,0000000000000000,0000000000000000|0e0|4.263256414560604e-14
GM0124|MechanismWitnessed|7|2|3ff0000000000000|0000000000000000,3ff0000000000000,0000000000000000,0000000000000000,0000000000000000,0000000000000000|0000000000000000,3ff0000000000000,0000000000000000,0000000000000000,0000000000000000,0000000000000000,0000000000000000,3ff0000000000000,0000000000000000,0000000000000000,0000000000000000,0000000000000000,0000000000000000,3ff0000000000000,0000000000000000,0000000000000000,0000000000000000,0000000000000000,0000000000000000,3ff0000000000000,0000000000000000,0000000000000000,0000000000000000,0000000000000000|0e0|9.815446002337874e-14
GM0125|MechanismWitnessed|7|0|3ff0000000000000|4008000000000000,bfc0000000000000,0000000000000000,0000000000000000,0000000000000000,0000000000000000|4008000000000000,bfc0000000000000,0000000000000000,0000000000000000,0000000000000000,0000000000000000,4008000000000000,bfc0000000000000,0000000000000000,0000000000000000,0000000000000000,0000000000000000,4008000000000000,bfc0000000000000,0000000000000000,0000000000000000,0000000000000000,0000000000000000|0e0|9.234690416792636e-14
GM0126|MechanismWitnessed|1|1|3ff0000000000000|0000000000000000,0000000000000000,0000000000000000,3ff0000000000000,0000000000000000,0000000000000000|0000000000000000,0000000000000000,0000000000000000,3ff0000000000000,0000000000000000,0000000000000000,0000000000000000,0000000000000000,0000000000000000,3ff0000000000000,0000000000000000,0000000000000000,0000000000000000,0000000000000000,0000000000000000,3ff0000000000000,0000000000000000,0000000000000000,0000000000000000,0000000000000000,0000000000000000,3ff0000000000000,0000000000000000,0000000000000000,0000000000000000,0000000000000000,0000000000000000,3ff0000000000000,0000000000000000,0000000000000000,0000000000000000,0000000000000000,0000000000000000,3ff0000000000000,0000000000000000,0000000000000000|0e0|4.2632564145606036e-14
GM0127|MechanismWitnessed|2|0|3ff0000000000000|3ff0000000000000,0000000000000000,0000000000000000,0000000000000000,0000000000000000,0000000000000000|3ff0000000000000,0000000000000000,0000000000000000,0000000000000000,0000000000000000,0000000000000000,3ff0000000000000,0000000000000000,0000000000000000,0000000000000000,0000000000000000,0000000000000000,3ff0000000000000,0000000000000000,0000000000000000,0000000000000000,0000000000000000,0000000000000000,3ff0000000000000,0000000000000000,0000000000000000,0000000000000000,0000000000000000,0000000000000000,3ff0000000000000,0000000000000000,0000000000000000,0000000000000000,0000000000000000,0000000000000000,3ff0000000000000,0000000000000000,0000000000000000,0000000000000000,0000000000000000,0000000000000000|0e0|4.403072291788044e-14
GM0128|MechanismWitnessed|4|1|3ff0000000000000|3ff0000000000000,c000000000000000,0000000000000000,0000000000000000,0000000000000000,0000000000000000|3ff0000000000000,c000000000000000,0000000000000000,0000000000000000,0000000000000000,0000000000000000,3ff0000000000000,c000000000000000,0000000000000000,0000000000000000,0000000000000000,0000000000000000,3ff0000000000000,c000000000000000,0000000000000000,0000000000000000,0000000000000000,0000000000000000|0e0|7.08047927160611e-14
GM0129|MechanismWitnessed|11|2|3ff0000000000000|3ff0000000000000,0000000000000000,3ff0000000000000,0000000000000000,0000000000000000,0000000000000000|3ff0000000000000,0000000000000000,3ff0000000000000,0000000000000000,0000000000000000,0000000000000000,3ff0000000000000,0000000000000000,3ff0000000000000,0000000000000000,0000000000000000,0000000000000000,3ff0000000000000,0000000000000000,3ff0000000000000,0000000000000000,0000000000000000,0000000000000000,3ff0000000000000,0000000000000000,3ff0000000000000,0000000000000000,0000000000000000,0000000000000000,3ff0000000000000,0000000000000000,3ff0000000000000,0000000000000000,0000000000000000,0000000000000000,3ff0000000000000,0000000000000000,3ff0000000000000,0000000000000000,0000000000000000,0000000000000000,3ff0000000000000,0000000000000000,3ff0000000000000,0000000000000000,0000000000000000,0000000000000000|0e0|2.1213558893973436e-13
GM0130|MechanismWitnessed|1|2|3ff0000000000000|3ff0000000000000,0000000000000000,0000000000000000,0000000000000000,0000000000000000,0000000000000000|3ff0000000000000,0000000000000000,0000000000000000,0000000000000000,0000000000000000,0000000000000000,3ff0000000000000,0000000000000000,0000000000000000,0000000000000000,0000000000000000,0000000000000000,3ff0000000000000,0000000000000000,0000000000000000,0000000000000000,0000000000000000,0000000000000000,3ff0000000000000,0000000000000000,0000000000000000,0000000000000000,0000000000000000,0000000000000000,3ff0000000000000,0000000000000000,0000000000000000,0000000000000000,0000000000000000,0000000000000000,3ff0000000000000,0000000000000000,0000000000000000,0000000000000000,0000000000000000,0000000000000000,3ff0000000000000,0000000000000000,0000000000000000,0000000000000000,0000000000000000,0000000000000000|0e0|4.263256414560604e-14
GM0131|MechanismWitnessed|4|2|3ff0000000000000|0000000000000000,0000000000000000,0000000000000000,0000000000000000,3ff0000000000000,0000000000000000|0000000000000000,0000000000000000,0000000000000000,0000000000000000,3ff0000000000000,0000000000000000,0000000000000000,0000000000000000,0000000000000000,0000000000000000,3ff0000000000000,0000000000000000,0000000000000000,0000000000000000,0000000000000000,0000000000000000,3ff0000000000000,0000000000000000,0000000000000000,0000000000000000,0000000000000000,0000000000000000,3ff0000000000000,0000000000000000,0000000000000000,0000000000000000,0000000000000000,0000000000000000,3ff0000000000000,0000000000000000,0000000000000000,0000000000000000,0000000000000000,0000000000000000,3ff0000000000000,0000000000000000,0000000000000000,0000000000000000,0000000000000000,0000000000000000,3ff0000000000000,0000000000000000,0000000000000000,0000000000000000,0000000000000000,0000000000000000,3ff0000000000000,0000000000000000,0000000000000000,0000000000000000,0000000000000000,0000000000000000,3ff0000000000000,0000000000000000,0000000000000000,0000000000000000,0000000000000000,0000000000000000,3ff0000000000000,0000000000000000|0e0|5.378204928485849e-14
GM0132|MechanismWitnessed|3|2|3ff0000000000000|3ff0000000000000,0000000000000000,0000000000000000,0000000000000000,0000000000000000,0000000000000000|3ff0000000000000,0000000000000000,0000000000000000,0000000000000000,0000000000000000,0000000000000000,3ff0000000000000,0000000000000000,0000000000000000,0000000000000000,0000000000000000,0000000000000000,3ff0000000000000,0000000000000000,0000000000000000,0000000000000000,0000000000000000,0000000000000000,3ff0000000000000,0000000000000000,0000000000000000,0000000000000000,0000000000000000,0000000000000000,3ff0000000000000,0000000000000000,0000000000000000,0000000000000000,0000000000000000,0000000000000000,3ff0000000000000,0000000000000000,0000000000000000,0000000000000000,0000000000000000,0000000000000000,3ff0000000000000,0000000000000000,0000000000000000,0000000000000000,0000000000000000,0000000000000000|0e0|6.029155041345701e-14
GM0133|MechanismWitnessed|9|2|3ff0000000000000|3ff0000000000000,bff0000000000000,0000000000000000,0000000000000000,0000000000000000,0000000000000000|3ff0000000000000,bff0000000000000,0000000000000000,0000000000000000,0000000000000000,0000000000000000,3ff0000000000000,bff0000000000000,0000000000000000,0000000000000000,0000000000000000,0000000000000000,3ff0000000000000,bff0000000000000,0000000000000000,0000000000000000,0000000000000000,0000000000000000,3ff0000000000000,bff0000000000000,0000000000000000,0000000000000000,0000000000000000,0000000000000000,3ff0000000000000,bff0000000000000,0000000000000000,0000000000000000,0000000000000000,0000000000000000,3ff0000000000000,bff0000000000000,0000000000000000,0000000000000000,0000000000000000,0000000000000000|0e0|1.4169355909184264e-13
GM0134|MechanismWitnessed|5|2|3ff0000000000000|3ff0000000000000,0000000000000000,0000000000000000,0000000000000000,0000000000000000,0000000000000000|3ff0000000000000,0000000000000000,0000000000000000,0000000000000000,0000000000000000,0000000000000000,3ff0000000000000,0000000000000000,0000000000000000,0000000000000000,0000000000000000,0000000000000000,3ff0000000000000,0000000000000000,0000000000000000,0000000000000000,0000000000000000,0000000000000000,3ff0000000000000,0000000000000000,0000000000000000,0000000000000000,0000000000000000,0000000000000000|0e0|6.029155041345702e-14
GM0135|MechanismWitnessed|1|1|3ff0000000000000|3ff0000000000000,0000000000000000,0000000000000000,0000000000000000,0000000000000000,0000000000000000|3ff0000000000000,0000000000000000,0000000000000000,0000000000000000,0000000000000000,0000000000000000,3ff0000000000000,0000000000000000,0000000000000000,0000000000000000,0000000000000000,0000000000000000,3ff0000000000000,0000000000000000,0000000000000000,0000000000000000,0000000000000000,0000000000000000,3ff0000000000000,0000000000000000,0000000000000000,0000000000000000,0000000000000000,0000000000000000,3ff0000000000000,0000000000000000,0000000000000000,0000000000000000,0000000000000000,0000000000000000|0e0|4.2632564145606036e-14
GM0136|MechanismWitnessed|2|1|3ff0000000000000|0000000000000000,0000000000000000,3ff0000000000000,0000000000000000,0000000000000000,0000000000000000|0000000000000000,0000000000000000,3ff0000000000000,0000000000000000,0000000000000000,0000000000000000,0000000000000000,0000000000000000,3ff0000000000000,0000000000000000,0000000000000000,0000000000000000,0000000000000000,0000000000000000,3ff0000000000000,0000000000000000,0000000000000000,0000000000000000,0000000000000000,0000000000000000,3ff0000000000000,0000000000000000,0000000000000000,0000000000000000,0000000000000000,0000000000000000,3ff0000000000000,0000000000000000,0000000000000000,0000000000000000,0000000000000000,0000000000000000,3ff0000000000000,0000000000000000,0000000000000000,0000000000000000,0000000000000000,0000000000000000,3ff0000000000000,0000000000000000,0000000000000000,0000000000000000|0e0|4.263256414560604e-14
GM0137|MechanismWitnessed|6|2|3ff0000000000000|3ff0000000000000,0000000000000000,0000000000000000,0000000000000000,0000000000000000,0000000000000000|3ff0000000000000,0000000000000000,0000000000000000,0000000000000000,0000000000000000,0000000000000000,3ff0000000000000,0000000000000000,0000000000000000,0000000000000000,0000000000000000,0000000000000000,3ff0000000000000,0000000000000000,0000000000000000,0000000000000000,0000000000000000,0000000000000000,3ff0000000000000,0000000000000000,0000000000000000,0000000000000000,0000000000000000,0000000000000000,3ff0000000000000,0000000000000000,0000000000000000,0000000000000000,0000000000000000,0000000000000000,3ff0000000000000,0000000000000000,0000000000000000,0000000000000000,0000000000000000,0000000000000000,3ff0000000000000,0000000000000000,0000000000000000,0000000000000000,0000000000000000,0000000000000000|0e0|9.888987073722965e-14
GM0138|MechanismWitnessed|3|0|3ff0000000000000|0000000000000000,0000000000000000,0000000000000000,3ff0000000000000,0000000000000000,c004000000000000|0000000000000000,0000000000000000,0000000000000000,3ff0000000000000,0000000000000000,c004000000000000,0000000000000000,0000000000000000,0000000000000000,3ff0000000000000,0000000000000000,c004000000000000,0000000000000000,0000000000000000,0000000000000000,3ff0000000000000,0000000000000000,c004000000000000|0e0|4.424007066545646e-14
GM0139|MechanismWitnessed|6|0|3ff0000000000000|0000000000000000,0000000000000000,0000000000000000,4022000000000000,0000000000000000,c014000000000000|0000000000000000,0000000000000000,0000000000000000,4022000000000000,0000000000000000,c014000000000000,0000000000000000,0000000000000000,0000000000000000,4022000000000000,0000000000000000,c014000000000000,0000000000000000,0000000000000000,0000000000000000,4022000000000000,0000000000000000,c014000000000000,0000000000000000,0000000000000000,0000000000000000,4022000000000000,0000000000000000,c014000000000000,0000000000000000,0000000000000000,0000000000000000,4022000000000000,0000000000000000,c014000000000000,0000000000000000,0000000000000000,0000000000000000,4022000000000000,0000000000000000,c014000000000000,0000000000000000,0000000000000000,0000000000000000,4022000000000000,0000000000000000,c014000000000000|0e0|7.69748381544265e-14
GM0140|MechanismWitnessed|6|0|3ff0000000000000|3ff0000000000000,0000000000000000,0000000000000000,0000000000000000,0000000000000000,0000000000000000|3ff0000000000000,0000000000000000,0000000000000000,0000000000000000,0000000000000000,0000000000000000,3ff0000000000000,0000000000000000,0000000000000000,0000000000000000,0000000000000000,0000000000000000,3ff0000000000000,0000000000000000,0000000000000000,0000000000000000,0000000000000000,0000000000000000,3ff0000000000000,0000000000000000,0000000000000000,0000000000000000,0000000000000000,0000000000000000,3ff0000000000000,0000000000000000,0000000000000000,0000000000000000,0000000000000000,0000000000000000,3ff0000000000000,0000000000000000,0000000000000000,0000000000000000,0000000000000000,0000000000000000,3ff0000000000000,0000000000000000,0000000000000000,0000000000000000,0000000000000000,0000000000000000|0e0|9.720303463688857e-14
GM0141|MechanismWitnessed|6|1|3ff0000000000000|3ff0000000000000,0000000000000000,0000000000000000,0000000000000000,0000000000000000,0000000000000000|3ff0000000000000,0000000000000000,0000000000000000,0000000000000000,0000000000000000,0000000000000000,3ff0000000000000,0000000000000000,0000000000000000,0000000000000000,0000000000000000,0000000000000000,3ff0000000000000,0000000000000000,0000000000000000,0000000000000000,0000000000000000,0000000000000000|0e0|8.689830738774555e-14
GM0142|MechanismWitnessed|2|1|3ff0000000000000|3ff0000000000000,0000000000000000,0000000000000000,0000000000000000,0000000000000000,0000000000000000|3ff0000000000000,0000000000000000,0000000000000000,0000000000000000,0000000000000000,0000000000000000,3ff0000000000000,0000000000000000,0000000000000000,0000000000000000,0000000000000000,0000000000000000,3ff0000000000000,0000000000000000,0000000000000000,0000000000000000,0000000000000000,0000000000000000|0e0|6.029155041345701e-14
GM0143|MechanismWitnessed|9|0|3ff0000000000000|3ff0000000000000,0000000000000000,0000000000000000,0000000000000000,0000000000000000,0000000000000000|3ff0000000000000,0000000000000000,0000000000000000,0000000000000000,0000000000000000,0000000000000000,3ff0000000000000,0000000000000000,0000000000000000,0000000000000000,0000000000000000,0000000000000000,3ff0000000000000,0000000000000000,0000000000000000,0000000000000000,0000000000000000,0000000000000000,3ff0000000000000,0000000000000000,0000000000000000,0000000000000000,0000000000000000,0000000000000000,3ff0000000000000,0000000000000000,0000000000000000,0000000000000000,0000000000000000,0000000000000000,3ff0000000000000,0000000000000000,0000000000000000,0000000000000000,0000000000000000,0000000000000000,3ff0000000000000,0000000000000000,0000000000000000,0000000000000000,0000000000000000,0000000000000000,3ff0000000000000,0000000000000000,0000000000000000,0000000000000000,0000000000000000,0000000000000000|0e0|1.7114230101541416e-13
GM0144|MechanismWitnessed|3|0|3ff0000000000000|3ff0000000000000,0000000000000000,0000000000000000,0000000000000000,0000000000000000,0000000000000000|3ff0000000000000,0000000000000000,0000000000000000,0000000000000000,0000000000000000,0000000000000000,3ff0000000000000,0000000000000000,0000000000000000,0000000000000000,0000000000000000,0000000000000000,3ff0000000000000,0000000000000000,0000000000000000,0000000000000000,0000000000000000,0000000000000000,3ff0000000000000,0000000000000000,0000000000000000,0000000000000000,0000000000000000,0000000000000000,3ff0000000000000,0000000000000000,0000000000000000,0000000000000000,0000000000000000,0000000000000000|0e0|6.029155041345701e-14
GM0145|MechanismWitnessed|1|0|3ff0000000000000|3ff0000000000000,0000000000000000,bfe8000000000000,0000000000000000,0000000000000000,0000000000000000|3ff0000000000000,0000000000000000,bfe8000000000000,0000000000000000,0000000000000000,0000000000000000,3ff0000000000000,0000000000000000,bfe8000000000000,0000000000000000,0000000000000000,0000000000000000|0e0|4.263256414560604e-14
GM0146|MechanismWitnessed|5|0|3ff0000000000000|3ff0000000000000,0000000000000000,0000000000000000,0000000000000000,0000000000000000,0000000000000000|3ff0000000000000,0000000000000000,0000000000000000,0000000000000000,0000000000000000,0000000000000000,3ff0000000000000,0000000000000000,0000000000000000,0000000000000000,0000000000000000,0000000000000000,3ff0000000000000,0000000000000000,0000000000000000,0000000000000000,0000000000000000,0000000000000000,3ff0000000000000,0000000000000000,0000000000000000,0000000000000000,0000000000000000,0000000000000000,3ff0000000000000,0000000000000000,0000000000000000,0000000000000000,0000000000000000,0000000000000000|0e0|9.532931148469536e-14
GM0147|MechanismWitnessed|0|2|3ff0000000000000|3ff0000000000000,0000000000000000,0000000000000000,0000000000000000,0000000000000000,0000000000000000|3ff0000000000000,0000000000000000,0000000000000000,0000000000000000,0000000000000000,0000000000000000,3ff0000000000000,0000000000000000,0000000000000000,0000000000000000,0000000000000000,0000000000000000,3ff0000000000000,0000000000000000,0000000000000000,0000000000000000,0000000000000000,0000000000000000,3ff0000000000000,0000000000000000,0000000000000000,0000000000000000,0000000000000000,0000000000000000,3ff0000000000000,0000000000000000,0000000000000000,0000000000000000,0000000000000000,0000000000000000,3ff0000000000000,0000000000000000,0000000000000000,0000000000000000,0000000000000000,0000000000000000,3ff0000000000000,0000000000000000,0000000000000000,0000000000000000,0000000000000000,0000000000000000,3ff0000000000000,0000000000000000,0000000000000000,0000000000000000,0000000000000000,0000000000000000|0e0|0e0
GM0148|MechanismWitnessed|14|2|3ff0000000000000|3ff0000000000000,0000000000000000,0000000000000000,0000000000000000,0000000000000000,0000000000000000|3ff0000000000000,0000000000000000,0000000000000000,0000000000000000,0000000000000000,0000000000000000,3ff0000000000000,0000000000000000,0000000000000000,0000000000000000,0000000000000000,0000000000000000,3ff0000000000000,0000000000000000,0000000000000000,0000000000000000,0000000000000000,0000000000000000,3ff0000000000000,0000000000000000,0000000000000000,0000000000000000,0000000000000000,0000000000000000,3ff0000000000000,0000000000000000,0000000000000000,0000000000000000,0000000000000000,0000000000000000,3ff0000000000000,0000000000000000,0000000000000000,0000000000000000,0000000000000000,0000000000000000,3ff0000000000000,0000000000000000,0000000000000000,0000000000000000,0000000000000000,0000000000000000,3ff0000000000000,0000000000000000,0000000000000000,0000000000000000,0000000000000000,0000000000000000,3ff0000000000000,0000000000000000,0000000000000000,0000000000000000,0000000000000000,0000000000000000,3ff0000000000000,0000000000000000,0000000000000000,0000000000000000,0000000000000000,0000000000000000|0e0|2.7146581298198554e-13
GM0149|MechanismWitnessed|1|1|3ff0000000000000|3ff0000000000000,0000000000000000,0000000000000000,0000000000000000,0000000000000000,0000000000000000|3ff0000000000000,0000000000000000,0000000000000000,0000000000000000,0000000000000000,0000000000000000,3ff0000000000000,0000000000000000,0000000000000000,0000000000000000,0000000000000000,0000000000000000,3ff0000000000000,0000000000000000,0000000000000000,0000000000000000,0000000000000000,0000000000000000,3ff0000000000000,0000000000000000,0000000000000000,0000000000000000,0000000000000000,0000000000000000,3ff0000000000000,0000000000000000,0000000000000000,0000000000000000,0000000000000000,0000000000000000,3ff0000000000000,0000000000000000,0000000000000000,0000000000000000,0000000000000000,0000000000000000,3ff0000000000000,0000000000000000,0000000000000000,0000000000000000,0000000000000000,0000000000000000,3ff0000000000000,0000000000000000,0000000000000000,0000000000000000,0000000000000000,0000000000000000,3ff0000000000000,0000000000000000,0000000000000000,0000000000000000,0000000000000000,0000000000000000|0e0|4.263256414560604e-14
GM0150|MechanismWitnessed|9|1|3ff0000000000000|3ff0000000000000,0000000000000000,0000000000000000,0000000000000000,0000000000000000,0000000000000000|3ff0000000000000,0000000000000000,0000000000000000,0000000000000000,0000000000000000,0000000000000000,3ff0000000000000,0000000000000000,0000000000000000,0000000000000000,0000000000000000,0000000000000000,3ff0000000000000,0000000000000000,0000000000000000,0000000000000000,0000000000000000,0000000000000000,3ff0000000000000,0000000000000000,0000000000000000,0000000000000000,0000000000000000,0000000000000000,3ff0000000000000,0000000000000000,0000000000000000,0000000000000000,0000000000000000,0000000000000000,3ff0000000000000,0000000000000000,0000000000000000,0000000000000000,0000000000000000,0000000000000000,3ff0000000000000,0000000000000000,0000000000000000,0000000000000000,0000000000000000,0000000000000000,3ff0000000000000,0000000000000000,0000000000000000,0000000000000000,0000000000000000,0000000000000000,3ff0000000000000,0000000000000000,0000000000000000,0000000000000000,0000000000000000,0000000000000000|0e0|1.6919274372342372e-13
GM0151|MechanismWitnessed|4|2|3ff0000000000000|0000000000000000,0000000000000000,3ff0000000000000,0000000000000000,0000000000000000,0000000000000000|0000000000000000,0000000000000000,3ff0000000000000,0000000000000000,0000000000000000,0000000000000000,0000000000000000,0000000000000000,3ff0000000000000,0000000000000000,0000000000000000,0000000000000000,0000000000000000,0000000000000000,3ff0000000000000,0000000000000000,0000000000000000,0000000000000000,0000000000000000,0000000000000000,3ff0000000000000,0000000000000000,0000000000000000,0000000000000000,0000000000000000,0000000000000000,3ff0000000000000,0000000000000000,0000000000000000,0000000000000000,0000000000000000,0000000000000000,3ff0000000000000,0000000000000000,0000000000000000,0000000000000000,0000000000000000,0000000000000000,3ff0000000000000,0000000000000000,0000000000000000,0000000000000000|0e0|7.014458458411669e-14
GM0152|MechanismWitnessed|0|0|3ff0000000000000|3ff0000000000000,0000000000000000,0000000000000000,0000000000000000,0000000000000000,0000000000000000|3ff0000000000000,0000000000000000,0000000000000000,0000000000000000,0000000000000000,0000000000000000,3ff0000000000000,0000000000000000,0000000000000000,0000000000000000,0000000000000000,0000000000000000,3ff0000000000000,0000000000000000,0000000000000000,0000000000000000,0000000000000000,0000000000000000,3ff0000000000000,0000000000000000,0000000000000000,0000000000000000,0000000000000000,0000000000000000,3ff0000000000000,0000000000000000,0000000000000000,0000000000000000,0000000000000000,0000000000000000,3ff0000000000000,0000000000000000,0000000000000000,0000000000000000,0000000000000000,0000000000000000|0e0|0e0
GM0153|MechanismWitnessed|4|2|3ff0000000000000|0000000000000000,3ff0000000000000,4000000000000000,0000000000000000,0000000000000000,0000000000000000|0000000000000000,3ff0000000000000,4000000000000000,0000000000000000,0000000000000000,0000000000000000,0000000000000000,3ff0000000000000,4000000000000000,0000000000000000,0000000000000000,0000000000000000,0000000000000000,3ff0000000000000,4000000000000000,0000000000000000,0000000000000000,0000000000000000,0000000000000000,3ff0000000000000,4000000000000000,0000000000000000,0000000000000000,0000000000000000|0e0|4.947280574510803e-14
GM0154|MechanismWitnessed|5|2|3ff0000000000000|3ff0000000000000,0000000000000000,0000000000000000,0000000000000000,0000000000000000,0000000000000000|3ff0000000000000,0000000000000000,0000000000000000,0000000000000000,0000000000000000,0000000000000000,3ff0000000000000,0000000000000000,0000000000000000,0000000000000000,0000000000000000,0000000000000000,3ff0000000000000,0000000000000000,0000000000000000,0000000000000000,0000000000000000,0000000000000000,3ff0000000000000,0000000000000000,0000000000000000,0000000000000000,0000000000000000,0000000000000000,3ff0000000000000,0000000000000000,0000000000000000,0000000000000000,0000000000000000,0000000000000000,3ff0000000000000,0000000000000000,0000000000000000,0000000000000000,0000000000000000,0000000000000000,3ff0000000000000,0000000000000000,0000000000000000,0000000000000000,0000000000000000,0000000000000000|0e0|9.532931148469536e-14
GM0155|MechanismWitnessed|9|0|3ff0000000000000|0000000000000000,3ff0000000000000,0000000000000000,0000000000000000,0000000000000000,0000000000000000|0000000000000000,3ff0000000000000,0000000000000000,0000000000000000,0000000000000000,0000000000000000,0000000000000000,3ff0000000000000,0000000000000000,0000000000000000,0000000000000000,0000000000000000,0000000000000000,3ff0000000000000,0000000000000000,0000000000000000,0000000000000000,0000000000000000,0000000000000000,3ff0000000000000,0000000000000000,0000000000000000,0000000000000000,0000000000000000,0000000000000000,3ff0000000000000,0000000000000000,0000000000000000,0000000000000000,0000000000000000,0000000000000000,3ff0000000000000,0000000000000000,0000000000000000,0000000000000000,0000000000000000,0000000000000000,3ff0000000000000,0000000000000000,0000000000000000,0000000000000000,0000000000000000,0000000000000000,3ff0000000000000,0000000000000000,0000000000000000,0000000000000000,0000000000000000|0e0|1.5748918769701702e-13
GM0156|MechanismWitnessed|1|2|3ff0000000000000|3ff0000000000000,0000000000000000,0000000000000000,0000000000000000,0000000000000000,0000000000000000|3ff0000000000000,0000000000000000,0000000000000000,0000000000000000,0000000000000000,0000000000000000,3ff0000000000000,0000000000000000,0000000000000000,0000000000000000,0000000000000000,0000000000000000,3ff0000000000000,0000000000000000,0000000000000000,0000000000000000,0000000000000000,0000000000000000,3ff0000000000000,0000000000000000,0000000000000000,0000000000000000,0000000000000000,0000000000000000,3ff0000000000000,0000000000000000,0000000000000000,0000000000000000,0000000000000000,0000000000000000|0e0|4.263256414560604e-14
GM0157|MechanismWitnessed|9|2|3ff0000000000000|3ff0000000000000,0000000000000000,0000000000000000,0000000000000000,0000000000000000,0000000000000000|3ff0000000000000,0000000000000000,0000000000000000,0000000000000000,0000000000000000,0000000000000000,3ff0000000000000,0000000000000000,0000000000000000,0000000000000000,0000000000000000,0000000000000000,3ff0000000000000,0000000000000000,0000000000000000,0000000000000000,0000000000000000,0000000000000000,3ff0000000000000,0000000000000000,0000000000000000,0000000000000000,0000000000000000,0000000000000000,3ff0000000000000,0000000000000000,0000000000000000,0000000000000000,0000000000000000,0000000000000000,3ff0000000000000,0000000000000000,0000000000000000,0000000000000000,0000000000000000,0000000000000000,3ff0000000000000,0000000000000000,0000000000000000,0000000000000000,0000000000000000,0000000000000000,3ff0000000000000,0000000000000000,0000000000000000,0000000000000000,0000000000000000,0000000000000000,3ff0000000000000,0000000000000000,0000000000000000,0000000000000000,0000000000000000,0000000000000000|0e0|1.8087465124037109e-13
GM0158|MechanismWitnessed|5|1|3ff0000000000000|3ff0000000000000,0000000000000000,0000000000000000,0000000000000000,0000000000000000,0000000000000000|3ff0000000000000,0000000000000000,0000000000000000,0000000000000000,0000000000000000,0000000000000000,3ff0000000000000,0000000000000000,0000000000000000,0000000000000000,0000000000000000,0000000000000000,3ff0000000000000,0000000000000000,0000000000000000,0000000000000000,0000000000000000,0000000000000000,3ff0000000000000,0000000000000000,0000000000000000,0000000000000000,0000000000000000,0000000000000000,3ff0000000000000,0000000000000000,0000000000000000,0000000000000000,0000000000000000,0000000000000000,3ff0000000000000,0000000000000000,0000000000000000,0000000000000000,0000000000000000,0000000000000000,3ff0000000000000,0000000000000000,0000000000000000,0000000000000000,0000000000000000,0000000000000000|0e0|7.384176715712891e-14
GM0159|MechanismWitnessed|2|2|3ff0000000000000|0000000000000000,3ff0000000000000,0000000000000000,0000000000000000,0000000000000000,0000000000000000|0000000000000000,3ff0000000000000,0000000000000000,0000000000000000,0000000000000000,0000000000000000,0000000000000000,3ff0000000000000,0000000000000000,0000000000000000,0000000000000000,0000000000000000,0000000000000000,3ff0000000000000,0000000000000000,0000000000000000,0000000000000000,0000000000000000,0000000000000000,3ff0000000000000,0000000000000000,0000000000000000,0000000000000000,0000000000000000,0000000000000000,3ff0000000000000,0000000000000000,0000000000000000,0000000000000000,0000000000000000,0000000000000000,3ff0000000000000,0000000000000000,0000000000000000,0000000000000000,0000000000000000,0000000000000000,3ff0000000000000,0000000000000000,0000000000000000,0000000000000000,0000000000000000|0e0|6.029155041345701e-14
GM0160|MechanismWitnessed|2|0|3ff0000000000000|3ff0000000000000,c000000000000000,0000000000000000,0000000000000000,0000000000000000,0000000000000000|3ff0000000000000,c000000000000000,0000000000000000,0000000000000000,0000000000000000,0000000000000000,3ff0000000000000,c000000000000000,0000000000000000,0000000000000000,0000000000000000,0000000000000000,3ff0000000000000,c000000000000000,0000000000000000,0000000000000000,0000000000000000,0000000000000000|0e0|5.6322699875258624e-14
GM0161|MechanismWitnessed|8|1|3ff0000000000000|4022000000000000,c000000000000000,0000000000000000,0000000000000000,0000000000000000,0000000000000000|4022000000000000,c000000000000000,0000000000000000,0000000000000000,0000000000000000,0000000000000000,4022000000000000,c000000000000000,0000000000000000,0000000000000000,0000000000000000,0000000000000000,4022000000000000,c000000000000000,0000000000000000,0000000000000000,0000000000000000,0000000000000000,4022000000000000,c000000000000000,0000000000000000,0000000000000000,0000000000000000,0000000000000000,4022000000000000,c000000000000000,0000000000000000,0000000000000000,0000000000000000,0000000000000000,4022000000000000,c000000000000000,0000000000000000,0000000000000000,0000000000000000,0000000000000000,4022000000000000,c000000000000000,0000000000000000,0000000000000000,0000000000000000,0000000000000000,4022000000000000,c000000000000000,0000000000000000,0000000000000000,0000000000000000,0000000000000000|0e0|1.206759466248869e-13
GM0162|MechanismWitnessed|4|0|3ff0000000000000|0000000000000000,0000000000000000,0000000000000000,3ff0000000000000,0000000000000000,0000000000000000|0000000000000000,0000000000000000,0000000000000000,3ff0000000000000,0000000000000000,0000000000000000,0000000000000000,0000000000000000,0000000000000000,3ff0000000000000,0000000000000000,0000000000000000,0000000000000000,0000000000000000,0000000000000000,3ff0000000000000,0000000000000000,0000000000000000,0000000000000000,0000000000000000,0000000000000000,3ff0000000000000,0000000000000000,0000000000000000|0e0|7.384176715712891e-14
GM0163|MechanismWitnessed|2|1|3ff0000000000000|0000000000000000,0000000000000000,0000000000000000,3ff0000000000000,0000000000000000,0000000000000000|0000000000000000,0000000000000000,0000000000000000,3ff0000000000000,0000000000000000,0000000000000000,0000000000000000,0000000000000000,0000000000000000,3ff0000000000000,0000000000000000,0000000000000000,0000000000000000,0000000000000000,0000000000000000,3ff0000000000000,0000000000000000,0000000000000000,0000000000000000,0000000000000000,0000000000000000,3ff0000000000000,0000000000000000,0000000000000000,0000000000000000,0000000000000000,0000000000000000,3ff0000000000000,0000000000000000,0000000000000000,0000000000000000,0000000000000000,0000000000000000,3ff0000000000000,0000000000000000,0000000000000000|0e0|4.840212604490209e-14
GM0164|MechanismWitnessed|5|1|3ff0000000000000|0000000000000000,0000000000000000,0000000000000000,0000000000000000,3ff0000000000000,0000000000000000|0000000000000000,0000000000000000,0000000000000000,0000000000000000,3ff0000000000000,0000000000000000,0000000000000000,0000000000000000,0000000000000000,0000000000000000,3ff0000000000000,0000000000000000,0000000000000000,0000000000000000,0000000000000000,0000000000000000,3ff0000000000000,0000000000000000|0e0|6.029155041345701e-14
GM0165|MechanismWitnessed|2|1|3ff0000000000000|0000000000000000,0000000000000000,3ff0000000000000,0000000000000000,0000000000000000,0000000000000000|0000000000000000,0000000000000000,3ff0000000000000,0000000000000000,0000000000000000,0000000000000000,0000000000000000,0000000000000000,3ff0000000000000,0000000000000000,0000000000000000,0000000000000000,0000000000000000,0000000000000000,3ff0000000000000,0000000000000000,0000000000000000,0000000000000000,0000000000000000,0000000000000000,3ff0000000000000,0000000000000000,0000000000000000,0000000000000000,0000000000000000,0000000000000000,3ff0000000000000,0000000000000000,0000000000000000,0000000000000000,0000000000000000,0000000000000000,3ff0000000000000,0000000000000000,0000000000000000,0000000000000000|0e0|6.017856385410758e-14
GM0166|MechanismWitnessed|4|1|3ff0000000000000|0000000000000000,3ff0000000000000,0000000000000000,0000000000000000,0000000000000000,0000000000000000|0000000000000000,3ff0000000000000,0000000000000000,0000000000000000,0000000000000000,0000000000000000,0000000000000000,3ff0000000000000,0000000000000000,0000000000000000,0000000000000000,0000000000000000,0000000000000000,3ff0000000000000,0000000000000000,0000000000000000,0000000000000000,0000000000000000,0000000000000000,3ff0000000000000,0000000000000000,0000000000000000,0000000000000000,0000000000000000,0000000000000000,3ff0000000000000,0000000000000000,0000000000000000,0000000000000000,0000000000000000,0000000000000000,3ff0000000000000,0000000000000000,0000000000000000,0000000000000000,0000000000000000|0e0|7.384176715712891e-14
GM0167|MechanismWitnessed|3|0|3ff0000000000000|3ff0000000000000,0000000000000000,c000000000000000,0000000000000000,0000000000000000,0000000000000000|3ff0000000000000,0000000000000000,c000000000000000,0000000000000000,0000000000000000,0000000000000000,3ff0000000000000,0000000000000000,c000000000000000,0000000000000000,0000000000000000,0000000000000000,3ff0000000000000,0000000000000000,c000000000000000,0000000000000000,0000000000000000,0000000000000000,3ff0000000000000,0000000000000000,c000000000000000,0000000000000000,0000000000000000,0000000000000000,3ff0000000000000,0000000000000000,c000000000000000,0000000000000000,0000000000000000,0000000000000000,3ff0000000000000,0000000000000000,c000000000000000,0000000000000000,0000000000000000,0000000000000000|0e0|4.7054800960805123e-14
GM0168|MechanismWitnessed|3|1|3ff0000000000000|3ff0000000000000,0000000000000000,0000000000000000,0000000000000000,0000000000000000,0000000000000000|3ff0000000000000,0000000000000000,0000000000000000,0000000000000000,0000000000000000,0000000000000000,3ff0000000000000,0000000000000000,0000000000000000,0000000000000000,0000000000000000,0000000000000000,3ff0000000000000,0000000000000000,0000000000000000,0000000000000000,0000000000000000,0000000000000000|0e0|6.029155041345701e-14
GM0169|MechanismWitnessed|1|2|3ff0000000000000|3ff0000000000000,0000000000000000,0000000000000000,0000000000000000,0000000000000000,0000000000000000|3ff0000000000000,0000000000000000,0000000000000000,0000000000000000,0000000000000000,0000000000000000,3ff0000000000000,0000000000000000,0000000000000000,0000000000000000,0000000000000000,0000000000000000,3ff0000000000000,0000000000000000,0000000000000000,0000000000000000,0000000000000000,0000000000000000,3ff0000000000000,0000000000000000,0000000000000000,0000000000000000,0000000000000000,0000000000000000,3ff0000000000000,0000000000000000,0000000000000000,0000000000000000,0000000000000000,0000000000000000|0e0|4.263256414560604e-14
GM0170|MechanismWitnessed|6|1|3ff0000000000000|0000000000000000,3ff0000000000000,c000000000000000,0000000000000000,0000000000000000,0000000000000000|0000000000000000,3ff0000000000000,c000000000000000,0000000000000000,0000000000000000,0000000000000000,0000000000000000,3ff0000000000000,c000000000000000,0000000000000000,0000000000000000,0000000000000000,0000000000000000,3ff0000000000000,c000000000000000,0000000000000000,0000000000000000,0000000000000000,0000000000000000,3ff0000000000000,c000000000000000,0000000000000000,0000000000000000,0000000000000000|0e0|9.401333792721606e-14
GM0171|MechanismWitnessed|3|0|3ff0000000000000|0000000000000000,3ff0000000000000,0000000000000000,0000000000000000,0000000000000000,0000000000000000|0000000000000000,3ff0000000000000,0000000000000000,0000000000000000,0000000000000000,0000000000000000,0000000000000000,3ff0000000000000,0000000000000000,0000000000000000,0000000000000000,0000000000000000|0e0|6.029155041345701e-14
GM0172|MechanismWitnessed|6|2|3ff0000000000000|3ff0000000000000,0000000000000000,3ff0000000000000,0000000000000000,0000000000000000,0000000000000000|3ff0000000000000,0000000000000000,3ff0000000000000,0000000000000000,0000000000000000,0000000000000000,3ff0000000000000,0000000000000000,3ff0000000000000,0000000000000000,0000000000000000,0000000000000000,3ff0000000000000,0000000000000000,3ff0000000000000,0000000000000000,0000000000000000,0000000000000000,3ff0000000000000,0000000000000000,3ff0000000000000,0000000000000000,0000000000000000,0000000000000000,3ff0000000000000,0000000000000000,3ff0000000000000,0000000000000000,0000000000000000,0000000000000000,3ff0000000000000,0000000000000000,3ff0000000000000,0000000000000000,0000000000000000,0000000000000000,3ff0000000000000,0000000000000000,3ff0000000000000,0000000000000000,0000000000000000,0000000000000000|0e0|8.935534699073383e-14
GM0173|MechanismWitnessed|1|1|3ff0000000000000|3ff0000000000000,0000000000000000,0000000000000000,0000000000000000,0000000000000000,0000000000000000|3ff0000000000000,0000000000000000,0000000000000000,0000000000000000,0000000000000000,0000000000000000,3ff0000000000000,0000000000000000,0000000000000000,0000000000000000,0000000000000000,0000000000000000,3ff0000000000000,0000000000000000,0000000000000000,0000000000000000,0000000000000000,0000000000000000|0e0|4.263256414560604e-14
GM0174|MechanismWitnessed|11|2|3ff0000000000000|3ff0000000000000,0000000000000000,0000000000000000,0000000000000000,0000000000000000,0000000000000000|3ff0000000000000,0000000000000000,0000000000000000,0000000000000000,0000000000000000,0000000000000000,3ff0000000000000,0000000000000000,0000000000000000,0000000000000000,0000000000000000,0000000000000000,3ff0000000000000,0000000000000000,0000000000000000,0000000000000000,0000000000000000,0000000000000000,3ff0000000000000,0000000000000000,0000000000000000,0000000000000000,0000000000000000,0000000000000000,3ff0000000000000,0000000000000000,0000000000000000,0000000000000000,0000000000000000,0000000000000000,3ff0000000000000,0000000000000000,0000000000000000,0000000000000000,0000000000000000,0000000000000000,3ff0000000000000,0000000000000000,0000000000000000,0000000000000000,0000000000000000,0000000000000000|0e0|1.7477040438860825e-13
GM0175|MechanismWitnessed|6|1|3ff0000000000000|3ff0000000000000,0000000000000000,0000000000000000,0000000000000000,0000000000000000,0000000000000000|3ff0000000000000,0000000000000000,0000000000000000,0000000000000000,0000000000000000,0000000000000000,3ff0000000000000,0000000000000000,0000000000000000,0000000000000000,0000000000000000,0000000000000000,3ff0000000000000,0000000000000000,0000000000000000,0000000000000000,0000000000000000,0000000000000000,3ff0000000000000,0000000000000000,0000000000000000,0000000000000000,0000000000000000,0000000000000000,3ff0000000000000,0000000000000000,0000000000000000,0000000000000000,0000000000000000,0000000000000000,3ff0000000000000,0000000000000000,0000000000000000,0000000000000000,0000000000000000,0000000000000000|0e0|9.352630377728082e-14
GM0176|MechanismWitnessed|3|2|3ff0000000000000|3ff0000000000000,0000000000000000,0000000000000000,0000000000000000,0000000000000000,0000000000000000|3ff0000000000000,0000000000000000,0000000000000000,0000000000000000,0000000000000000,0000000000000000,3ff0000000000000,0000000000000000,0000000000000000,0000000000000000,0000000000000000,0000000000000000,3ff0000000000000,0000000000000000,0000000000000000,0000000000000000,0000000000000000,0000000000000000,3ff0000000000000,0000000000000000,0000000000000000,0000000000000000,0000000000000000,0000000000000000,3ff0000000000000,0000000000000000,0000000000000000,0000000000000000,0000000000000000,0000000000000000,3ff0000000000000,0000000000000000,0000000000000000,0000000000000000,0000000000000000,0000000000000000,3ff0000000000000,0000000000000000,0000000000000000,0000000000000000,0000000000000000,0000000000000000,3ff0000000000000,0000000000000000,0000000000000000,0000000000000000,0000000000000000,0000000000000000,3ff0000000000000,0000000000000000,0000000000000000,0000000000000000,0000000000000000,0000000000000000|0e0|4.7158761903934526e-14
GM0177|MechanismWitnessed|4|0|3ff0000000000000|0000000000000000,3ff0000000000000,3ff0000000000000,0000000000000000,0000000000000000,0000000000000000|0000000000000000,3ff0000000000000,3ff0000000000000,0000000000000000,0000000000000000,0000000000000000,0000000000000000,3ff0000000000000,3ff0000000000000,0000000000000000,0000000000000000,0000000000000000|0e0|6.029155041345701e-14
GM0178|MechanismWitnessed|1|0|3ff0000000000000|3ff0000000000000,0000000000000000,0000000000000000,0000000000000000,0000000000000000,0000000000000000|3ff0000000000000,0000000000000000,0000000000000000,0000000000000000,0000000000000000,0000000000000000,3ff0000000000000,0000000000000000,0000000000000000,0000000000000000,0000000000000000,0000000000000000,3ff0000000000000,0000000000000000,0000000000000000,0000000000000000,0000000000000000,0000000000000000,3ff0000000000000,0000000000000000,0000000000000000,0000000000000000,0000000000000000,0000000000000000,3ff0000000000000,0000000000000000,0000000000000000,0000000000000000,0000000000000000,0000000000000000,3ff0000000000000,0000000000000000,0000000000000000,0000000000000000,0000000000000000,0000000000000000,3ff0000000000000,0000000000000000,0000000000000000,0000000000000000,0000000000000000,0000000000000000,3ff0000000000000,0000000000000000,0000000000000000,0000000000000000,0000000000000000,0000000000000000|0e0|4.2632564145606055e-14
GM0179|MechanismWitnessed|2|0|3ff0000000000000|3ff0000000000000,3ff0000000000000,0000000000000000,0000000000000000,0000000000000000,0000000000000000|3ff0000000000000,3ff0000000000000,0000000000000000,0000000000000000,0000000000000000,0000000000000000,3ff0000000000000,3ff0000000000000,0000000000000000,0000000000000000,0000000000000000,0000000000000000,3ff0000000000000,3ff0000000000000,0000000000000000,0000000000000000,0000000000000000,0000000000000000,3ff0000000000000,3ff0000000000000,0000000000000000,0000000000000000,0000000000000000,0000000000000000,3ff0000000000000,3ff0000000000000,0000000000000000,0000000000000000,0000000000000000,0000000000000000,3ff0000000000000,3ff0000000000000,0000000000000000,0000000000000000,0000000000000000,0000000000000000,3ff0000000000000,3ff0000000000000,0000000000000000,0000000000000000,0000000000000000,0000000000000000,3ff0000000000000,3ff0000000000000,0000000000000000,0000000000000000,0000000000000000,0000000000000000|0e0|4.263256414560603e-14
GM0180|MechanismWitnessed|0|1|3ff0000000000000|3ff0000000000000,0000000000000000,0000000000000000,0000000000000000,0000000000000000,0000000000000000|3ff0000000000000,0000000000000000,0000000000000000,0000000000000000,0000000000000000,0000000000000000,3ff0000000000000,0000000000000000,0000000000000000,0000000000000000,0000000000000000,0000000000000000,3ff0000000000000,0000000000000000,0000000000000000,0000000000000000,0000000000000000,0000000000000000,3ff0000000000000,0000000000000000,0000000000000000,0000000000000000,0000000000000000,0000000000000000,3ff0000000000000,0000000000000000,0000000000000000,0000000000000000,0000000000000000,0000000000000000,3ff0000000000000,0000000000000000,0000000000000000,0000000000000000,0000000000000000,0000000000000000,3ff0000000000000,0000000000000000,0000000000000000,0000000000000000,0000000000000000,0000000000000000,3ff0000000000000,0000000000000000,0000000000000000,0000000000000000,0000000000000000,0000000000000000,3ff0000000000000,0000000000000000,0000000000000000,0000000000000000,0000000000000000,0000000000000000|0e0|0e0
GM0181|MechanismWitnessed|5|1|3ff0000000000000|3ff0000000000000,0000000000000000,0000000000000000,0000000000000000,0000000000000000,0000000000000000|3ff0000000000000,0000000000000000,0000000000000000,0000000000000000,0000000000000000,0000000000000000,3ff0000000000000,0000000000000000,0000000000000000,0000000000000000,0000000000000000,0000000000000000,3ff0000000000000,0000000000000000,0000000000000000,0000000000000000,0000000000000000,0000000000000000|0e0|8.930970044841963e-14
GM0182|MechanismWitnessed|11|2|3ff0000000000000|403d000000000000,c037000000000000,c024800000000000,0000000000000000,0000000000000000,0000000000000000|403d000000000000,c037000000000000,c024800000000000,0000000000000000,0000000000000000,0000000000000000,403d000000000000,c037000000000000,c024800000000000,0000000000000000,0000000000000000,0000000000000000,403d000000000000,c037000000000000,c024800000000000,0000000000000000,0000000000000000,0000000000000000,403d000000000000,c037000000000000,c024800000000000,0000000000000000,0000000000000000,0000000000000000,403d000000000000,c037000000000000,c024800000000000,0000000000000000,0000000000000000,0000000000000000|0e0|1.7477040438860825e-13
GM0183|MechanismWitnessed|0|1|3ff0000000000000|3ff0000000000000,0000000000000000,0000000000000000,0000000000000000,0000000000000000,0000000000000000|3ff0000000000000,0000000000000000,0000000000000000,0000000000000000,0000000000000000,0000000000000000,3ff0000000000000,0000000000000000,0000000000000000,0000000000000000,0000000000000000,0000000000000000,3ff0000000000000,0000000000000000,0000000000000000,0000000000000000,0000000000000000,0000000000000000,3ff0000000000000,0000000000000000,0000000000000000,0000000000000000,0000000000000000,0000000000000000,3ff0000000000000,0000000000000000,0000000000000000,0000000000000000,0000000000000000,0000000000000000,3ff0000000000000,0000000000000000,0000000000000000,0000000000000000,0000000000000000,0000000000000000,3ff0000000000000,0000000000000000,0000000000000000,0000000000000000,0000000000000000,0000000000000000|0e0|0e0
GM0184|MechanismWitnessed|5|2|3ff0000000000000|3ff0000000000000,0000000000000000,0000000000000000,0000000000000000,0000000000000000,0000000000000000|3ff0000000000000,0000000000000000,0000000000000000,0000000000000000,0000000000000000,0000000000000000,3ff0000000000000,0000000000000000,0000000000000000,0000000000000000,0000000000000000,0000000000000000,3ff0000000000000,0000000000000000,0000000000000000,0000000000000000,0000000000000000,0000000000000000,3ff0000000000000,0000000000000000,0000000000000000,0000000000000000,0000000000000000,0000000000000000,3ff0000000000000,0000000000000000,0000000000000000,0000000000000000,0000000000000000,0000000000000000,3ff0000000000000,0000000000000000,0000000000000000,0000000000000000,0000000000000000,0000000000000000|0e0|9.532931148469536e-14
GM0185|MechanismWitnessed|16|2|3ff0000000000000|3ff0000000000000,bff0000000000000,0000000000000000,0000000000000000,0000000000000000,0000000000000000|3ff0000000000000,bff0000000000000,0000000000000000,0000000000000000,0000000000000000,0000000000000000,3ff0000000000000,bff0000000000000,0000000000000000,0000000000000000,0000000000000000,0000000000000000,3ff0000000000000,bff0000000000000,0000000000000000,0000000000000000,0000000000000000,0000000000000000,3ff0000000000000,bff0000000000000,0000000000000000,0000000000000000,0000000000000000,0000000000000000,3ff0000000000000,bff0000000000000,0000000000000000,0000000000000000,0000000000000000,0000000000000000,3ff0000000000000,bff0000000000000,0000000000000000,0000000000000000,0000000000000000,0000000000000000,3ff0000000000000,bff0000000000000,0000000000000000,0000000000000000,0000000000000000,0000000000000000,3ff0000000000000,bff0000000000000,0000000000000000,0000000000000000,0000000000000000,0000000000000000,3ff0000000000000,bff0000000000000,0000000000000000,0000000000000000,0000000000000000,0000000000000000,3ff0000000000000,bff0000000000000,0000000000000000,0000000000000000,0000000000000000,0000000000000000|0e0|3.456981936279401e-13
GM0186|MechanismWitnessed|1|1|3ff0000000000000|3ff0000000000000,0000000000000000,0000000000000000,0000000000000000,0000000000000000,0000000000000000|3ff0000000000000,0000000000000000,0000000000000000,0000000000000000,0000000000000000,0000000000000000,3ff0000000000000,0000000000000000,0000000000000000,0000000000000000,0000000000000000,0000000000000000,3ff0000000000000,0000000000000000,0000000000000000,0000000000000000,0000000000000000,0000000000000000,3ff0000000000000,0000000000000000,0000000000000000,0000000000000000,0000000000000000,0000000000000000|0e0|4.263256414560604e-14
GM0187|MechanismWitnessed|10|0|3ff0000000000000|0000000000000000,0000000000000000,3ff0000000000000,0000000000000000,0000000000000000,0000000000000000|0000000000000000,0000000000000000,3ff0000000000000,0000000000000000,0000000000000000,0000000000000000,0000000000000000,0000000000000000,3ff0000000000000,0000000000000000,0000000000000000,0000000000000000,0000000000000000,0000000000000000,3ff0000000000000,0000000000000000,0000000000000000,0000000000000000,0000000000000000,0000000000000000,3ff0000000000000,0000000000000000,0000000000000000,0000000000000000,0000000000000000,0000000000000000,3ff0000000000000,0000000000000000,0000000000000000,0000000000000000,0000000000000000,0000000000000000,3ff0000000000000,0000000000000000,0000000000000000,0000000000000000,0000000000000000,0000000000000000,3ff0000000000000,0000000000000000,0000000000000000,0000000000000000,0000000000000000,0000000000000000,3ff0000000000000,0000000000000000,0000000000000000,0000000000000000|0e0|1.781550723873316e-13
GM0188|MechanismWitnessed|6|1|3ff0000000000000|0000000000000000,3ff0000000000000,0000000000000000,0000000000000000,0000000000000000,0000000000000000|0000000000000000,3ff0000000000000,0000000000000000,0000000000000000,0000000000000000,0000000000000000,0000000000000000,3ff0000000000000,0000000000000000,0000000000000000,0000000000000000,0000000000000000,0000000000000000,3ff0000000000000,0000000000000000,0000000000000000,0000000000000000,0000000000000000,0000000000000000,3ff0000000000000,0000000000000000,0000000000000000,0000000000000000,0000000000000000,0000000000000000,3ff0000000000000,0000000000000000,0000000000000000,0000000000000000,0000000000000000,0000000000000000,3ff0000000000000,0000000000000000,0000000000000000,0000000000000000,0000000000000000,0000000000000000,3ff0000000000000,0000000000000000,0000000000000000,0000000000000000,0000000000000000,0000000000000000,3ff0000000000000,0000000000000000,0000000000000000,0000000000000000,0000000000000000|0e0|9.532931148469536e-14
GM0189|MechanismWitnessed|0|2|3ff0000000000000|3ff0000000000000,0000000000000000,0000000000000000,0000000000000000,0000000000000000,0000000000000000|3ff0000000000000,0000000000000000,0000000000000000,0000000000000000,0000000000000000,0000000000000000,3ff0000000000000,0000000000000000,0000000000000000,0000000000000000,0000000000000000,0000000000000000,3ff0000000000000,0000000000000000,0000000000000000,0000000000000000,0000000000000000,0000000000000000,3ff0000000000000,0000000000000000,0000000000000000,0000000000000000,0000000000000000,0000000000000000,3ff0000000000000,0000000000000000,0000000000000000,0000000000000000,0000000000000000,0000000000000000,3ff0000000000000,0000000000000000,0000000000000000,0000000000000000,0000000000000000,0000000000000000,3ff0000000000000,0000000000000000,0000000000000000,0000000000000000,0000000000000000,0000000000000000|0e0|0e0
GM0190|MechanismWitnessed|6|2|3ff0000000000000|0000000000000000,3ff0000000000000,3fe0000000000000,0000000000000000,0000000000000000,0000000000000000|0000000000000000,3ff0000000000000,3fe0000000000000,0000000000000000,0000000000000000,0000000000000000,0000000000000000,3ff0000000000000,3fe0000000000000,0000000000000000,0000000000000000,0000000000000000,0000000000000000,3ff0000000000000,3fe0000000000000,0000000000000000,0000000000000000,0000000000000000,0000000000000000,3ff0000000000000,3fe0000000000000,0000000000000000,0000000000000000,0000000000000000,0000000000000000,3ff0000000000000,3fe0000000000000,0000000000000000,0000000000000000,0000000000000000,0000000000000000,3ff0000000000000,3fe0000000000000,0000000000000000,0000000000000000,0000000000000000,0000000000000000,3ff0000000000000,3fe0000000000000,0000000000000000,0000000000000000,0000000000000000|0e0|9.532931148469536e-14
GM0191|MechanismWitnessed|8|1|3ff0000000000000|0000000000000000,0000000000000000,0000000000000000,0000000000000000,4008000000000000,c000000000000000|0000000000000000,0000000000000000,0000000000000000,0000000000000000,4008000000000000,c000000000000000,0000000000000000,0000000000000000,0000000000000000,0000000000000000,4008000000000000,c000000000000000,0000000000000000,0000000000000000,0000000000000000,0000000000000000,4008000000000000,c000000000000000,0000000000000000,0000000000000000,0000000000000000,0000000000000000,4008000000000000,c000000000000000,0000000000000000,0000000000000000,0000000000000000,0000000000000000,4008000000000000,c000000000000000,0000000000000000,0000000000000000,0000000000000000,0000000000000000,4008000000000000,c000000000000000,0000000000000000,0000000000000000,0000000000000000,0000000000000000,4008000000000000,c000000000000000,0000000000000000,0000000000000000,0000000000000000,0000000000000000,4008000000000000,c000000000000000|0e0|1.2821155074130007e-13
GM0192|MechanismWitnessed|1|0|3ff0000000000000|3ff0000000000000,0000000000000000,0000000000000000,0000000000000000,0000000000000000,0000000000000000|3ff0000000000000,0000000000000000,0000000000000000,0000000000000000,0000000000000000,0000000000000000,3ff0000000000000,0000000000000000,0000000000000000,0000000000000000,0000000000000000,0000000000000000,3ff0000000000000,0000000000000000,0000000000000000,0000000000000000,0000000000000000,0000000000000000,3ff0000000000000,0000000000000000,0000000000000000,0000000000000000,0000000000000000,0000000000000000,3ff0000000000000,0000000000000000,0000000000000000,0000000000000000,0000000000000000,0000000000000000|0e0|4.263256414560604e-14
GM0193|MechanismWitnessed|3|0|3ff0000000000000|3ff0000000000000,0000000000000000,0000000000000000,0000000000000000,0000000000000000,0000000000000000|3ff0000000000000,0000000000000000,0000000000000000,0000000000000000,0000000000000000,0000000000000000,3ff0000000000000,0000000000000000,0000000000000000,0000000000000000,0000000000000000,0000000000000000,3ff0000000000000,0000000000000000,0000000000000000,0000000000000000,0000000000000000,0000000000000000|0e0|6.029155041345701e-14
GM0194|MechanismWitnessed|29|2|3ff0000000000000|3ff0000000000000,0000000000000000,0000000000000000,0000000000000000,0000000000000000,0000000000000000|3ff0000000000000,0000000000000000,0000000000000000,0000000000000000,0000000000000000,0000000000000000,3ff0000000000000,0000000000000000,0000000000000000,0000000000000000,0000000000000000,0000000000000000,3ff0000000000000,0000000000000000,0000000000000000,0000000000000000,0000000000000000,0000000000000000,3ff0000000000000,0000000000000000,0000000000000000,0000000000000000,0000000000000000,0000000000000000,3ff0000000000000,0000000000000000,0000000000000000,0000000000000000,0000000000000000,0000000000000000,3ff0000000000000,0000000000000000,0000000000000000,0000000000000000,0000000000000000,0000000000000000,3ff0000000000000,0000000000000000,0000000000000000,0000000000000000,0000000000000000,0000000000000000,3ff0000000000000,0000000000000000,0000000000000000,0000000000000000,0000000000000000,0000000000000000,3ff0000000000000,0000000000000000,0000000000000000,0000000000000000,0000000000000000,0000000000000000|0e0|6.470381645961256e-13
GM0195|MechanismWitnessed|6|0|3ff0000000000000|0000000000000000,0000000000000000,0000000000000000,0000000000000000,3ff0000000000000,0000000000000000|0000000000000000,0000000000000000,0000000000000000,0000000000000000,3ff0000000000000,0000000000000000,0000000000000000,0000000000000000,0000000000000000,0000000000000000,3ff0000000000000,0000000000000000,0000000000000000,0000000000000000,0000000000000000,0000000000000000,3ff0000000000000,0000000000000000,0000000000000000,0000000000000000,0000000000000000,0000000000000000,3ff0000000000000,0000000000000000,0000000000000000,0000000000000000,0000000000000000,0000000000000000,3ff0000000000000,0000000000000000,0000000000000000,0000000000000000,0000000000000000,0000000000000000,3ff0000000000000,0000000000000000,0000000000000000,0000000000000000,0000000000000000,0000000000000000,3ff0000000000000,0000000000000000,0000000000000000,0000000000000000,0000000000000000,0000000000000000,3ff0000000000000,0000000000000000|0e0|9.532931148469536e-14
GM0196|MechanismWitnessed|5|0|3ff0000000000000|3ff0000000000000,0000000000000000,0000000000000000,0000000000000000,0000000000000000,0000000000000000|3ff0000000000000,0000000000000000,0000000000000000,0000000000000000,0000000000000000,0000000000000000,3ff0000000000000,0000000000000000,0000000000000000,0000000000000000,0000000000000000,0000000000000000,3ff0000000000000,0000000000000000,0000000000000000,0000000000000000,0000000000000000,0000000000000000,3ff0000000000000,0000000000000000,0000000000000000,0000000000000000,0000000000000000,0000000000000000,3ff0000000000000,0000000000000000,0000000000000000,0000000000000000,0000000000000000,0000000000000000,3ff0000000000000,0000000000000000,0000000000000000,0000000000000000,0000000000000000,0000000000000000,3ff0000000000000,0000000000000000,0000000000000000,0000000000000000,0000000000000000,0000000000000000,3ff0000000000000,0000000000000000,0000000000000000,0000000000000000,0000000000000000,0000000000000000|0e0|9.532931148469536e-14
GM0197|MechanismWitnessed|1|1|3ff0000000000000|0000000000000000,0000000000000000,0000000000000000,3ff0000000000000,0000000000000000,0000000000000000|0000000000000000,0000000000000000,0000000000000000,3ff0000000000000,0000000000000000,0000000000000000,0000000000000000,0000000000000000,0000000000000000,3ff0000000000000,0000000000000000,0000000000000000,0000000000000000,0000000000000000,0000000000000000,3ff0000000000000,0000000000000000,0000000000000000,0000000000000000,0000000000000000,0000000000000000,3ff0000000000000,0000000000000000,0000000000000000,0000000000000000,0000000000000000,0000000000000000,3ff0000000000000,0000000000000000,0000000000000000,0000000000000000,0000000000000000,0000000000000000,3ff0000000000000,0000000000000000,0000000000000000|0e0|4.2632564145606036e-14
GM0198|MechanismWitnessed|3|1|3ff0000000000000|0000000000000000,0000000000000000,3ff0000000000000,0000000000000000,0000000000000000,0000000000000000|0000000000000000,0000000000000000,3ff0000000000000,0000000000000000,0000000000000000,0000000000000000,0000000000000000,0000000000000000,3ff0000000000000,0000000000000000,0000000000000000,0000000000000000,0000000000000000,0000000000000000,3ff0000000000000,0000000000000000,0000000000000000,0000000000000000,0000000000000000,0000000000000000,3ff0000000000000,0000000000000000,0000000000000000,0000000000000000,0000000000000000,0000000000000000,3ff0000000000000,0000000000000000,0000000000000000,0000000000000000,0000000000000000,0000000000000000,3ff0000000000000,0000000000000000,0000000000000000,0000000000000000,0000000000000000,0000000000000000,3ff0000000000000,0000000000000000,0000000000000000,0000000000000000,0000000000000000,0000000000000000,3ff0000000000000,0000000000000000,0000000000000000,0000000000000000,0000000000000000,0000000000000000,3ff0000000000000,0000000000000000,0000000000000000,0000000000000000|0e0|6.029155041345701e-14
GM0199|MechanismWitnessed|2|0|3ff0000000000000|3ff0000000000000,0000000000000000,0000000000000000,0000000000000000,0000000000000000,0000000000000000|3ff0000000000000,0000000000000000,0000000000000000,0000000000000000,0000000000000000,0000000000000000,3ff0000000000000,0000000000000000,0000000000000000,0000000000000000,0000000000000000,0000000000000000,3ff0000000000000,0000000000000000,0000000000000000,0000000000000000,0000000000000000,0000000000000000,3ff0000000000000,0000000000000000,0000000000000000,0000000000000000,0000000000000000,0000000000000000,3ff0000000000000,0000000000000000,0000000000000000,0000000000000000,0000000000000000,0000000000000000|0e0|4.263256414560604e-14
GM0200|MechanismWitnessed|3|0|3ff0000000000000|0000000000000000,0000000000000000,0000000000000000,3ff0000000000000,0000000000000000,0000000000000000|0000000000000000,0000000000000000,0000000000000000,3ff0000000000000,0000000000000000,0000000000000000,0000000000000000,0000000000000000,0000000000000000,3ff0000000000000,0000000000000000,0000000000000000,0000000000000000,0000000000000000,0000000000000000,3ff0000000000000,0000000000000000,0000000000000000,0000000000000000,0000000000000000,0000000000000000,3ff0000000000000,0000000000000000,0000000000000000,0000000000000000,0000000000000000,0000000000000000,3ff0000000000000,0000000000000000,0000000000000000|0e0|5.780795139933677e-14
GM0201|MechanismWitnessed|5|2|3ff0000000000000|3ff0000000000000,bff0000000000000,0000000000000000,0000000000000000,0000000000000000,0000000000000000|3ff0000000000000,bff0000000000000,0000000000000000,0000000000000000,0000000000000000,0000000000000000,3ff0000000000000,bff0000000000000,0000000000000000,0000000000000000,0000000000000000,0000000000000000,3ff0000000000000,bff0000000000000,0000000000000000,0000000000000000,0000000000000000,0000000000000000,3ff0000000000000,bff0000000000000,0000000000000000,0000000000000000,0000000000000000,0000000000000000,3ff0000000000000,bff0000000000000,0000000000000000,0000000000000000,0000000000000000,0000000000000000|0e0|8.299668859162796e-14
GM0202|MechanismWitnessed|1|1|3ff0000000000000|3ff0000000000000,0000000000000000,0000000000000000,0000000000000000,0000000000000000,0000000000000000|3ff0000000000000,0000000000000000,0000000000000000,0000000000000000,0000000000000000,0000000000000000,3ff0000000000000,0000000000000000,0000000000000000,0000000000000000,0000000000000000,0000000000000000,3ff0000000000000,0000000000000000,0000000000000000,0000000000000000,0000000000000000,0000000000000000|0e0|4.263256414560604e-14
GM0203|MechanismWitnessed|5|1|3ff0000000000000|3ff0000000000000,0000000000000000,0000000000000000,0000000000000000,0000000000000000,0000000000000000|3ff0000000000000,0000000000000000,0000000000000000,0000000000000000,0000000000000000,0000000000000000,3ff0000000000000,0000000000000000,0000000000000000,0000000000000000,0000000000000000,0000000000000000,3ff0000000000000,0000000000000000,0000000000000000,0000000000000000,0000000000000000,0000000000000000,3ff0000000000000,0000000000000000,0000000000000000,0000000000000000,0000000000000000,0000000000000000,3ff0000000000000,0000000000000000,0000000000000000,0000000000000000,0000000000000000,0000000000000000|0e0|8.62442403207254e-14
GM0204|MechanismWitnessed|2|0|3ff0000000000000|3ff0000000000000,0000000000000000,0000000000000000,0000000000000000,0000000000000000,0000000000000000|3ff0000000000000,0000000000000000,0000000000000000,0000000000000000,0000000000000000,0000000000000000,3ff0000000000000,0000000000000000,0000000000000000,0000000000000000,0000000000000000,0000000000000000,3ff0000000000000,0000000000000000,0000000000000000,0000000000000000,0000000000000000,0000000000000000|0e0|4.263256414560604e-14
GM0205|MechanismWitnessed|8|1|3ff0000000000000|0000000000000000,0000000000000000,0000000000000000,0000000000000000,3ff0000000000000,bff0000000000000|0000000000000000,0000000000000000,0000000000000000,0000000000000000,3ff0000000000000,bff0000000000000,0000000000000000,0000000000000000,0000000000000000,0000000000000000,3ff0000000000000,bff0000000000000,0000000000000000,0000000000000000,0000000000000000,0000000000000000,3ff0000000000000,bff0000000000000,0000000000000000,0000000000000000,0000000000000000,0000000000000000,3ff0000000000000,bff0000000000000,0000000000000000,0000000000000000,0000000000000000,0000000000000000,3ff0000000000000,bff0000000000000,0000000000000000,0000000000000000,0000000000000000,0000000000000000,3ff0000000000000,bff0000000000000|0e0|1.2518526847632256e-13
GM0206|MechanismWitnessed|5|1|3ff0000000000000|3ff0000000000000,0000000000000000,4000000000000000,0000000000000000,0000000000000000,0000000000000000|3ff0000000000000,0000000000000000,4000000000000000,0000000000000000,0000000000000000,0000000000000000,3ff0000000000000,0000000000000000,4000000000000000,0000000000000000,0000000000000000,0000000000000000,3ff0000000000000,0000000000000000,4000000000000000,0000000000000000,0000000000000000,0000000000000000,3ff0000000000000,0000000000000000,4000000000000000,0000000000000000,0000000000000000,0000000000000000,3ff0000000000000,0000000000000000,4000000000000000,0000000000000000,0000000000000000,0000000000000000,3ff0000000000000,0000000000000000,4000000000000000,0000000000000000,0000000000000000,0000000000000000|0e0|7.384176715712891e-14
GM0207|MechanismWitnessed|11|2|3ff0000000000000|3ff0000000000000,0000000000000000,0000000000000000,0000000000000000,0000000000000000,0000000000000000|3ff0000000000000,0000000000000000,0000000000000000,0000000000000000,0000000000000000,0000000000000000,3ff0000000000000,0000000000000000,0000000000000000,0000000000000000,0000000000000000,0000000000000000,3ff0000000000000,0000000000000000,0000000000000000,0000000000000000,0000000000000000,0000000000000000,3ff0000000000000,0000000000000000,0000000000000000,0000000000000000,0000000000000000,0000000000000000,3ff0000000000000,0000000000000000,0000000000000000,0000000000000000,0000000000000000,0000000000000000,3ff0000000000000,0000000000000000,0000000000000000,0000000000000000,0000000000000000,0000000000000000,3ff0000000000000,0000000000000000,0000000000000000,0000000000000000,0000000000000000,0000000000000000,3ff0000000000000,0000000000000000,0000000000000000,0000000000000000,0000000000000000,0000000000000000,3ff0000000000000,0000000000000000,0000000000000000,0000000000000000,0000000000000000,0000000000000000,3ff0000000000000,0000000000000000,0000000000000000,0000000000000000,0000000000000000,0000000000000000|0e0|2.3880444534854536e-13
GM0208|MechanismWitnessed|8|1|3ff0000000000000|0000000000000000,3ff0000000000000,0000000000000000,0000000000000000,0000000000000000,0000000000000000|0000000000000000,3ff0000000000000,0000000000000000,0000000000000000,0000000000000000,0000000000000000,0000000000000000,3ff0000000000000,0000000000000000,0000000000000000,0000000000000000,0000000000000000,0000000000000000,3ff0000000000000,0000000000000000,0000000000000000,0000000000000000,0000000000000000,0000000000000000,3ff0000000000000,0000000000000000,0000000000000000,0000000000000000,0000000000000000,0000000000000000,3ff0000000000000,0000000000000000,0000000000000000,0000000000000000,0000000000000000,0000000000000000,3ff0000000000000,0000000000000000,0000000000000000,0000000000000000,0000000000000000|0e0|1.1629000168407591e-13
GM0209|MechanismWitnessed|11|1|3ff0000000000000|0000000000000000,0000000000000000,0000000000000000,0000000000000000,3ff0000000000000,0000000000000000|0000000000000000,0000000000000000,0000000000000000,0000000000000000,3ff0000000000000,0000000000000000,0000000000000000,0000000000000000,0000000000000000,0000000000000000,3ff0000000000000,0000000000000000,0000000000000000,0000000000000000,0000000000000000,0000000000000000,3ff0000000000000,0000000000000000,0000000000000000,0000000000000000,0000000000000000,0000000000000000,3ff0000000000000,0000000000000000|0e0|1.5631940186722222e-13
GM0210|MechanismWitnessed|2|0|3ff0000000000000|3ff0000000000000,3ff0000000000000,0000000000000000,0000000000000000,0000000000000000,0000000000000000|3ff0000000000000,3ff0000000000000,0000000000000000,0000000000000000,0000000000000000,0000000000000000,3ff0000000000000,3ff0000000000000,0000000000000000,0000000000000000,0000000000000000,0000000000000000,3ff0000000000000,3ff0000000000000,0000000000000000,0000000000000000,0000000000000000,0000000000000000,3ff0000000000000,3ff0000000000000,0000000000000000,0000000000000000,0000000000000000,0000000000000000,3ff0000000000000,3ff0000000000000,0000000000000000,0000000000000000,0000000000000000,0000000000000000,3ff0000000000000,3ff0000000000000,0000000000000000,0000000000000000,0000000000000000,0000000000000000,3ff0000000000000,3ff0000000000000,0000000000000000,0000000000000000,0000000000000000,0000000000000000|0e0|4.263256414560604e-14
GM0211|MechanismWitnessed|2|0|3ff0000000000000|3ff0000000000000,0000000000000000,bff0000000000000,0000000000000000,0000000000000000,0000000000000000|3ff0000000000000,0000000000000000,bff0000000000000,0000000000000000,0000000000000000,0000000000000000,3ff0000000000000,0000000000000000,bff0000000000000,0000000000000000,0000000000000000,0000000000000000,3ff0000000000000,0000000000000000,bff0000000000000,0000000000000000,0000000000000000,0000000000000000,3ff0000000000000,0000000000000000,bff0000000000000,0000000000000000,0000000000000000,0000000000000000,3ff0000000000000,0000000000000000,bff0000000000000,0000000000000000,0000000000000000,0000000000000000|0e0|4.263256414560604e-14
GM0212|MechanismWitnessed|2|2|3ff0000000000000|3ff0000000000000,0000000000000000,0000000000000000,0000000000000000,0000000000000000,0000000000000000|3ff0000000000000,0000000000000000,0000000000000000,0000000000000000,0000000000000000,0000000000000000,3ff0000000000000,0000000000000000,0000000000000000,0000000000000000,0000000000000000,0000000000000000,3ff0000000000000,0000000000000000,0000000000000000,0000000000000000,0000000000000000,0000000000000000,3ff0000000000000,0000000000000000,0000000000000000,0000000000000000,0000000000000000,0000000000000000,3ff0000000000000,0000000000000000,0000000000000000,0000000000000000,0000000000000000,0000000000000000,3ff0000000000000,0000000000000000,0000000000000000,0000000000000000,0000000000000000,0000000000000000,3ff0000000000000,0000000000000000,0000000000000000,0000000000000000,0000000000000000,0000000000000000,3ff0000000000000,0000000000000000,0000000000000000,0000000000000000,0000000000000000,0000000000000000,3ff0000000000000,0000000000000000,0000000000000000,0000000000000000,0000000000000000,0000000000000000|0e0|4.263256414560604e-14
GM0213|MechanismWitnessed|2|2|3ff0000000000000|4008000000000000,4000000000000000,0000000000000000,0000000000000000,0000000000000000,0000000000000000|4008000000000000,4000000000000000,0000000000000000,0000000000000000,0000000000000000,0000000000000000,4008000000000000,4000000000000000,0000000000000000,0000000000000000,0000000000000000,0000000000000000,4008000000000000,4000000000000000,0000000000000000,0000000000000000,0000000000000000,0000000000000000,4008000000000000,4000000000000000,0000000000000000,0000000000000000,0000000000000000,0000000000000000,4008000000000000,4000000000000000,0000000000000000,0000000000000000,0000000000000000,0000000000000000,4008000000000000,4000000000000000,0000000000000000,0000000000000000,0000000000000000,0000000000000000,4008000000000000,4000000000000000,0000000000000000,0000000000000000,0000000000000000,0000000000000000|0e0|4.263256414560604e-14
GM0214|MechanismWitnessed|0|2|3ff0000000000000|3ff0000000000000,0000000000000000,0000000000000000,0000000000000000,0000000000000000,0000000000000000|3ff0000000000000,0000000000000000,0000000000000000,0000000000000000,0000000000000000,0000000000000000,3ff0000000000000,0000000000000000,0000000000000000,0000000000000000,0000000000000000,0000000000000000,3ff0000000000000,0000000000000000,0000000000000000,0000000000000000,0000000000000000,0000000000000000,3ff0000000000000,0000000000000000,0000000000000000,0000000000000000,0000000000000000,0000000000000000,3ff0000000000000,0000000000000000,0000000000000000,0000000000000000,0000000000000000,0000000000000000,3ff0000000000000,0000000000000000,0000000000000000,0000000000000000,0000000000000000,0000000000000000,3ff0000000000000,0000000000000000,0000000000000000,0000000000000000,0000000000000000,0000000000000000|0e0|0e0
GM0215|MechanismWitnessed|1|0|3ff0000000000000|3ff0000000000000,0000000000000000,0000000000000000,0000000000000000,0000000000000000,0000000000000000|3ff0000000000000,0000000000000000,0000000000000000,0000000000000000,0000000000000000,0000000000000000,3ff0000000000000,0000000000000000,0000000000000000,0000000000000000,0000000000000000,0000000000000000,3ff0000000000000,0000000000000000,0000000000000000,0000000000000000,0000000000000000,0000000000000000,3ff0000000000000,0000000000000000,0000000000000000,0000000000000000,0000000000000000,0000000000000000|0e0|4.263256414560604e-14
GM0216|MechanismWitnessed|7|2|3ff0000000000000|3ff0000000000000,0000000000000000,0000000000000000,0000000000000000,0000000000000000,0000000000000000|3ff0000000000000,0000000000000000,0000000000000000,0000000000000000,0000000000000000,0000000000000000,3ff0000000000000,0000000000000000,0000000000000000,0000000000000000,0000000000000000,0000000000000000,3ff0000000000000,0000000000000000,0000000000000000,0000000000000000,0000000000000000,0000000000000000,3ff0000000000000,0000000000000000,0000000000000000,0000000000000000,0000000000000000,0000000000000000,3ff0000000000000,0000000000000000,0000000000000000,0000000000000000,0000000000000000,0000000000000000,3ff0000000000000,0000000000000000,0000000000000000,0000000000000000,0000000000000000,0000000000000000,3ff0000000000000,0000000000000000,0000000000000000,0000000000000000,0000000000000000,0000000000000000|0e0|1.1772122563498456e-13
GM0217|MechanismWitnessed|10|0|3ff0000000000000|0000000000000000,0000000000000000,0000000000000000,0000000000000000,3ff0000000000000,0000000000000000|0000000000000000,0000000000000000,0000000000000000,0000000000000000,3ff0000000000000,0000000000000000,0000000000000000,0000000000000000,0000000000000000,0000000000000000,3ff0000000000000,0000000000000000,0000000000000000,0000000000000000,0000000000000000,0000000000000000,3ff0000000000000,0000000000000000,0000000000000000,0000000000000000,0000000000000000,0000000000000000,3ff0000000000000,0000000000000000,0000000000000000,0000000000000000,0000000000000000,0000000000000000,3ff0000000000000,0000000000000000|0e0|1.5888218580782566e-13
GM0218|MechanismWitnessed|1|0|3ff0000000000000|3ff0000000000000,0000000000000000,0000000000000000,0000000000000000,0000000000000000,0000000000000000|3ff0000000000000,0000000000000000,0000000000000000,0000000000000000,0000000000000000,0000000000000000,3ff0000000000000,0000000000000000,0000000000000000,0000000000000000,0000000000000000,0000000000000000,3ff0000000000000,0000000000000000,0000000000000000,0000000000000000,0000000000000000,0000000000000000,3ff0000000000000,0000000000000000,0000000000000000,0000000000000000,0000000000000000,0000000000000000|0e0|4.263256414560604e-14
GM0219|MechanismWitnessed|2|0|3ff0000000000000|3ff0000000000000,bff0000000000000,0000000000000000,0000000000000000,0000000000000000,0000000000000000|3ff0000000000000,bff0000000000000,0000000000000000,0000000000000000,0000000000000000,0000000000000000,3ff0000000000000,bff0000000000000,0000000000000000,0000000000000000,0000000000000000,0000000000000000,3ff0000000000000,bff0000000000000,0000000000000000,0000000000000000,0000000000000000,0000000000000000,3ff0000000000000,bff0000000000000,0000000000000000,0000000000000000,0000000000000000,0000000000000000,3ff0000000000000,bff0000000000000,0000000000000000,0000000000000000,0000000000000000,0000000000000000,3ff0000000000000,bff0000000000000,0000000000000000,0000000000000000,0000000000000000,0000000000000000|0e0|5.6035585745416076e-14
GM0220|MechanismWitnessed|5|0|3ff0000000000000|3ff0000000000000,0000000000000000,0000000000000000,0000000000000000,0000000000000000,0000000000000000|3ff0000000000000,0000000000000000,0000000000000000,0000000000000000,0000000000000000,0000000000000000,3ff0000000000000,0000000000000000,0000000000000000,0000000000000000,0000000000000000,0000000000000000,3ff0000000000000,0000000000000000,0000000000000000,0000000000000000,0000000000000000,0000000000000000,3ff0000000000000,0000000000000000,0000000000000000,0000000000000000,0000000000000000,0000000000000000,3ff0000000000000,0000000000000000,0000000000000000,0000000000000000,0000000000000000,0000000000000000,3ff0000000000000,0000000000000000,0000000000000000,0000000000000000,0000000000000000,0000000000000000,3ff0000000000000,0000000000000000,0000000000000000,0000000000000000,0000000000000000,0000000000000000,3ff0000000000000,0000000000000000,0000000000000000,0000000000000000,0000000000000000,0000000000000000|0e0|9.532931148469536e-14
GM0221|MechanismWitnessed|2|1|3ff0000000000000|3ff0000000000000,0000000000000000,0000000000000000,0000000000000000,0000000000000000,0000000000000000|3ff0000000000000,0000000000000000,0000000000000000,0000000000000000,0000000000000000,0000000000000000,3ff0000000000000,0000000000000000,0000000000000000,0000000000000000,0000000000000000,0000000000000000,3ff0000000000000,0000000000000000,0000000000000000,0000000000000000,0000000000000000,0000000000000000,3ff0000000000000,0000000000000000,0000000000000000,0000000000000000,0000000000000000,0000000000000000,3ff0000000000000,0000000000000000,0000000000000000,0000000000000000,0000000000000000,0000000000000000,3ff0000000000000,0000000000000000,0000000000000000,0000000000000000,0000000000000000,0000000000000000|0e0|4.471341049609317e-14
GM0222|MechanismWitnessed|10|0|3ff0000000000000|3ff0000000000000,0000000000000000,0000000000000000,0000000000000000,0000000000000000,0000000000000000|3ff0000000000000,0000000000000000,0000000000000000,0000000000000000,0000000000000000,0000000000000000,3ff0000000000000,0000000000000000,0000000000000000,0000000000000000,0000000000000000,0000000000000000,3ff0000000000000,0000000000000000,0000000000000000,0000000000000000,0000000000000000,0000000000000000,3ff0000000000000,0000000000000000,0000000000000000,0000000000000000,0000000000000000,0000000000000000,3ff0000000000000,0000000000000000,0000000000000000,0000000000000000,0000000000000000,0000000000000000,3ff0000000000000,0000000000000000,0000000000000000,0000000000000000,0000000000000000,0000000000000000,3ff0000000000000,0000000000000000,0000000000000000,0000000000000000,0000000000000000,0000000000000000,3ff0000000000000,0000000000000000,0000000000000000,0000000000000000,0000000000000000,0000000000000000|0e0|1.879919374704708e-13
GM0223|MechanismWitnessed|8|2|3ff0000000000000|3ff0000000000000,0000000000000000,0000000000000000,0000000000000000,0000000000000000,0000000000000000|3ff0000000000000,0000000000000000,0000000000000000,0000000000000000,0000000000000000,0000000000000000,3ff0000000000000,0000000000000000,0000000000000000,0000000000000000,0000000000000000,0000000000000000,3ff0000000000000,0000000000000000,0000000000000000,0000000000000000,0000000000000000,0000000000000000,3ff0000000000000,0000000000000000,0000000000000000,0000000000000000,0000000000000000,0000000000000000,3ff0000000000000,0000000000000000,0000000000000000,0000000000000000,0000000000000000,0000000000000000,3ff0000000000000,0000000000000000,0000000000000000,0000000000000000,0000000000000000,0000000000000000,3ff0000000000000,0000000000000000,0000000000000000,0000000000000000,0000000000000000,0000000000000000,3ff0000000000000,0000000000000000,0000000000000000,0000000000000000,0000000000000000,0000000000000000,3ff0000000000000,0000000000000000,0000000000000000,0000000000000000,0000000000000000,0000000000000000|0e0|1.5655422805444324e-13
GM0224|MechanismWitnessed|2|1|3ff0000000000000|0000000000000000,0000000000000000,3ff0000000000000,0000000000000000,0000000000000000,0000000000000000|0000000000000000,0000000000000000,3ff0000000000000,0000000000000000,0000000000000000,0000000000000000,0000000000000000,0000000000000000,3ff0000000000000,0000000000000000,0000000000000000,0000000000000000,0000000000000000,0000000000000000,3ff0000000000000,0000000000000000,0000000000000000,0000000000000000,0000000000000000,0000000000000000,3ff0000000000000,0000000000000000,0000000000000000,0000000000000000,0000000000000000,0000000000000000,3ff0000000000000,0000000000000000,0000000000000000,0000000000000000,0000000000000000,0000000000000000,3ff0000000000000,0000000000000000,0000000000000000,0000000000000000|0e0|4.263256414560604e-14
GM0225|MechanismWitnessed|10|2|3ff0000000000000|3ff0000000000000,0000000000000000,0000000000000000,0000000000000000,0000000000000000,0000000000000000|3ff0000000000000,0000000000000000,0000000000000000,0000000000000000,0000000000000000,0000000000000000,3ff0000000000000,0000000000000000,0000000000000000,0000000000000000,0000000000000000,0000000000000000,3ff0000000000000,0000000000000000,0000000000000000,0000000000000000,0000000000000000,0000000000000000,3ff0000000000000,0000000000000000,0000000000000000,0000000000000000,0000000000000000,0000000000000000,3ff0000000000000,0000000000000000,0000000000000000,0000000000000000,0000000000000000,0000000000000000,3ff0000000000000,0000000000000000,0000000000000000,0000000000000000,0000000000000000,0000000000000000,3ff0000000000000,0000000000000000,0000000000000000,0000000000000000,0000000000000000,0000000000000000|0e0|1.421085471520202e-13
GM0226|MechanismWitnessed|11|0|3ff0000000000000|0000000000000000,0000000000000000,3ff0000000000000,0000000000000000,0000000000000000,0000000000000000|0000000000000000,0000000000000000,3ff0000000000000,0000000000000000,0000000000000000,0000000000000000,0000000000000000,0000000000000000,3ff0000000000000,0000000000000000,0000000000000000,0000000000000000,0000000000000000,0000000000000000,3ff0000000000000,0000000000000000,0000000000000000,0000000000000000,0000000000000000,0000000000000000,3ff0000000000000,0000000000000000,0000000000000000,0000000000000000,0000000000000000,0000000000000000,3ff0000000000000,0000000000000000,0000000000000000,0000000000000000|0e0|1.5631940186722224e-13
GM0227|MechanismWitnessed|4|1|3ff0000000000000|3ff0000000000000,0000000000000000,0000000000000000,0000000000000000,0000000000000000,0000000000000000|3ff0000000000000,0000000000000000,0000000000000000,0000000000000000,0000000000000000,0000000000000000,3ff0000000000000,0000000000000000,0000000000000000,0000000000000000,0000000000000000,0000000000000000,3ff0000000000000,0000000000000000,0000000000000000,0000000000000000,0000000000000000,0000000000000000,3ff0000000000000,0000000000000000,0000000000000000,0000000000000000,0000000000000000,0000000000000000|0e0|8.526512829121209e-14
GM0228|MechanismWitnessed|0|2|3ff0000000000000|3ff0000000000000,0000000000000000,0000000000000000,0000000000000000,0000000000000000,0000000000000000|3ff0000000000000,0000000000000000,0000000000000000,0000000000000000,0000000000000000,0000000000000000,3ff0000000000000,0000000000000000,0000000000000000,0000000000000000,0000000000000000,0000000000000000,3ff0000000000000,0000000000000000,0000000000000000,0000000000000000,0000000000000000,0000000000000000,3ff0000000000000,0000000000000000,0000000000000000,0000000000000000,0000000000000000,0000000000000000,3ff0000000000000,0000000000000000,0000000000000000,0000000000000000,0000000000000000,0000000000000000,3ff0000000000000,0000000000000000,0000000000000000,0000000000000000,0000000000000000,0000000000000000,3ff0000000000000,0000000000000000,0000000000000000,0000000000000000,0000000000000000,0000000000000000,3ff0000000000000,0000000000000000,0000000000000000,0000000000000000,0000000000000000,0000000000000000,3ff0000000000000,0000000000000000,0000000000000000,0000000000000000,0000000000000000,0000000000000000,3ff0000000000000,0000000000000000,0000000000000000,0000000000000000,0000000000000000,0000000000000000|0e0|0e0
GM0229|MechanismWitnessed|10|0|3ff0000000000000|3ff0000000000000,bff0000000000000,0000000000000000,0000000000000000,0000000000000000,0000000000000000|3ff0000000000000,bff0000000000000,0000000000000000,0000000000000000,0000000000000000,0000000000000000,3ff0000000000000,bff0000000000000,0000000000000000,0000000000000000,0000000000000000,0000000000000000,3ff0000000000000,bff0000000000000,0000000000000000,0000000000000000,0000000000000000,0000000000000000,3ff0000000000000,bff0000000000000,0000000000000000,0000000000000000,0000000000000000,0000000000000000,3ff0000000000000,bff0000000000000,0000000000000000,0000000000000000,0000000000000000,0000000000000000,3ff0000000000000,bff0000000000000,0000000000000000,0000000000000000,0000000000000000,0000000000000000|0e0|1.7200634234409578e-13
GM0230|MechanismWitnessed|1|1|3ff0000000000000|3ff0000000000000,0000000000000000,0000000000000000,0000000000000000,0000000000000000,0000000000000000|3ff0000000000000,0000000000000000,0000000000000000,0000000000000000,0000000000000000,0000000000000000,3ff0000000000000,0000000000000000,0000000000000000,0000000000000000,0000000000000000,0000000000000000,3ff0000000000000,0000000000000000,0000000000000000,0000000000000000,0000000000000000,0000000000000000,3ff0000000000000,0000000000000000,0000000000000000,0000000000000000,0000000000000000,0000000000000000|0e0|4.263256414560604e-14
GM0231|MechanismWitnessed|12|1|3ff0000000000000|3ff0000000000000,4000000000000000,0000000000000000,0000000000000000,0000000000000000,0000000000000000|3ff0000000000000,4000000000000000,0000000000000000,0000000000000000,0000000000000000,0000000000000000,3ff0000000000000,4000000000000000,0000000000000000,0000000000000000,0000000000000000,0000000000000000,3ff0000000000000,4000000000000000,0000000000000000,0000000000000000,0000000000000000,0000000000000000,3ff0000000000000,4000000000000000,0000000000000000,0000000000000000,0000000000000000,0000000000000000,3ff0000000000000,4000000000000000,0000000000000000,0000000000000000,0000000000000000,0000000000000000,3ff0000000000000,4000000000000000,0000000000000000,0000000000000000,0000000000000000,0000000000000000,3ff0000000000000,4000000000000000,0000000000000000,0000000000000000,0000000000000000,0000000000000000|0e0|2.2559032496456504e-13
GM0232|MechanismWitnessed|4|0|3ff0000000000000|3ff0000000000000,3ff0000000000000,0000000000000000,0000000000000000,0000000000000000,0000000000000000|3ff0000000000000,3ff0000000000000,0000000000000000,0000000000000000,0000000000000000,0000000000000000,3ff0000000000000,3ff0000000000000,0000000000000000,0000000000000000,0000000000000000,0000000000000000|0e0|6.0291550413457e-14
GM0233|MechanismWitnessed|1|0|3ff0000000000000|3ff0000000000000,0000000000000000,0000000000000000,0000000000000000,0000000000000000,0000000000000000|3ff0000000000000,0000000000000000,0000000000000000,0000000000000000,0000000000000000,0000000000000000,3ff0000000000000,0000000000000000,0000000000000000,0000000000000000,0000000000000000,0000000000000000,3ff0000000000000,0000000000000000,0000000000000000,0000000000000000,0000000000000000,0000000000000000,3ff0000000000000,0000000000000000,0000000000000000,0000000000000000,0000000000000000,0000000000000000,3ff0000000000000,0000000000000000,0000000000000000,0000000000000000,0000000000000000,0000000000000000,3ff0000000000000,0000000000000000,0000000000000000,0000000000000000,0000000000000000,0000000000000000,3ff0000000000000,0000000000000000,0000000000000000,0000000000000000,0000000000000000,0000000000000000,3ff0000000000000,0000000000000000,0000000000000000,0000000000000000,0000000000000000,0000000000000000|0e0|4.263256414560604e-14
GM0234|MechanismWitnessed|1|1|3ff0000000000000|3ff0000000000000,0000000000000000,0000000000000000,0000000000000000,0000000000000000,0000000000000000|3ff0000000000000,0000000000000000,0000000000000000,0000000000000000,0000000000000000,0000000000000000,3ff0000000000000,0000000000000000,0000000000000000,0000000000000000,0000000000000000,0000000000000000,3ff0000000000000,0000000000000000,0000000000000000,0000000000000000,0000000000000000,0000000000000000,3ff0000000000000,0000000000000000,0000000000000000,0000000000000000,0000000000000000,0000000000000000,3ff0000000000000,0000000000000000,0000000000000000,0000000000000000,0000000000000000,0000000000000000|0e0|4.263256414560604e-14
GM0235|MechanismWitnessed|5|2|3ff0000000000000|3ff0000000000000,3fe0000000000000,0000000000000000,0000000000000000,0000000000000000,0000000000000000|3ff0000000000000,3fe0000000000000,0000000000000000,0000000000000000,0000000000000000,0000000000000000,3ff0000000000000,3fe0000000000000,0000000000000000,0000000000000000,0000000000000000,0000000000000000,3ff0000000000000,3fe0000000000000,0000000000000000,0000000000000000,0000000000000000,0000000000000000,3ff0000000000000,3fe0000000000000,0000000000000000,0000000000000000,0000000000000000,0000000000000000|0e0|8.28083157244678e-14
GM0236|MechanismWitnessed|3|0|3ff0000000000000|3ff0000000000000,0000000000000000,0000000000000000,0000000000000000,0000000000000000,0000000000000000|3ff0000000000000,0000000000000000,0000000000000000,0000000000000000,0000000000000000,0000000000000000,3ff0000000000000,0000000000000000,0000000000000000,0000000000000000,0000000000000000,0000000000000000,3ff0000000000000,0000000000000000,0000000000000000,0000000000000000,0000000000000000,0000000000000000|0e0|7.384176715712891e-14
GM0237|MechanismWitnessed|0|2|3ff0000000000000|3ff0000000000000,0000000000000000,0000000000000000,0000000000000000,0000000000000000,0000000000000000|3ff0000000000000,0000000000000000,0000000000000000,0000000000000000,0000000000000000,0000000000000000,3ff0000000000000,0000000000000000,0000000000000000,0000000000000000,0000000000000000,0000000000000000,3ff0000000000000,0000000000000000,0000000000000000,0000000000000000,0000000000000000,0000000000000000,3ff0000000000000,0000000000000000,0000000000000000,0000000000000000,0000000000000000,0000000000000000,3ff0000000000000,0000000000000000,0000000000000000,0000000000000000,0000000000000000,0000000000000000,3ff0000000000000,0000000000000000,0000000000000000,0000000000000000,0000000000000000,0000000000000000,3ff0000000000000,0000000000000000,0000000000000000,0000000000000000,0000000000000000,0000000000000000,3ff0000000000000,0000000000000000,0000000000000000,0000000000000000,0000000000000000,0000000000000000,3ff0000000000000,0000000000000000,0000000000000000,0000000000000000,0000000000000000,0000000000000000|0e0|0e0
GM0238|MechanismWitnessed|3|0|3ff0000000000000|3ff0000000000000,bff0000000000000,4000000000000000,0000000000000000,0000000000000000,0000000000000000|3ff0000000000000,bff0000000000000,4000000000000000,0000000000000000,0000000000000000,0000000000000000,3ff0000000000000,bff0000000000000,4000000000000000,0000000000000000,0000000000000000,0000000000000000,3ff0000000000000,bff0000000000000,4000000000000000,0000000000000000,0000000000000000,0000000000000000|0e0|5.853930374220313e-14
GM0239|MechanismWitnessed|7|2|3ff0000000000000|3ff0000000000000,0000000000000000,0000000000000000,0000000000000000,0000000000000000,0000000000000000|3ff0000000000000,0000000000000000,0000000000000000,0000000000000000,0000000000000000,0000000000000000,3ff0000000000000,0000000000000000,0000000000000000,0000000000000000,0000000000000000,0000000000000000,3ff0000000000000,0000000000000000,0000000000000000,0000000000000000,0000000000000000,0000000000000000,3ff0000000000000,0000000000000000,0000000000000000,0000000000000000,0000000000000000,0000000000000000,3ff0000000000000,0000000000000000,0000000000000000,0000000000000000,0000000000000000,0000000000000000,3ff0000000000000,0000000000000000,0000000000000000,0000000000000000,0000000000000000,0000000000000000,3ff0000000000000,0000000000000000,0000000000000000,0000000000000000,0000000000000000,0000000000000000|0e0|1.2037968887689613e-13
GM0240|MechanismWitnessed|1|1|3ff0000000000000|3ff0000000000000,0000000000000000,0000000000000000,0000000000000000,0000000000000000,0000000000000000|3ff0000000000000,0000000000000000,0000000000000000,0000000000000000,0000000000000000,0000000000000000,3ff0000000000000,0000000000000000,0000000000000000,0000000000000000,0000000000000000,0000000000000000,3ff0000000000000,0000000000000000,0000000000000000,0000000000000000,0000000000000000,0000000000000000,3ff0000000000000,0000000000000000,0000000000000000,0000000000000000,0000000000000000,0000000000000000,3ff0000000000000,0000000000000000,0000000000000000,0000000000000000,0000000000000000,0000000000000000|0e0|4.263256414560604e-14
GM0241|MechanismWitnessed|3|2|3ff0000000000000|0000000000000000,0000000000000000,0000000000000000,3ff0000000000000,0000000000000000,0000000000000000|0000000000000000,0000000000000000,0000000000000000,3ff0000000000000,0000000000000000,0000000000000000,0000000000000000,0000000000000000,0000000000000000,3ff0000000000000,0000000000000000,0000000000000000,0000000000000000,0000000000000000,0000000000000000,3ff0000000000000,0000000000000000,0000000000000000,0000000000000000,0000000000000000,0000000000000000,3ff0000000000000,0000000000000000,0000000000000000,0000000000000000,0000000000000000,0000000000000000,3ff0000000000000,0000000000000000,0000000000000000,0000000000000000,0000000000000000,0000000000000000,3ff0000000000000,0000000000000000,0000000000000000,0000000000000000,0000000000000000,0000000000000000,3ff0000000000000,0000000000000000,0000000000000000|0e0|7.054766243263007e-14
GM0242|MechanismWitnessed|2|0|3ff0000000000000|0000000000000000,3ff0000000000000,0000000000000000,0000000000000000,0000000000000000,0000000000000000|0000000000000000,3ff0000000000000,0000000000000000,0000000000000000,0000000000000000,0000000000000000,0000000000000000,3ff0000000000000,0000000000000000,0000000000000000,0000000000000000,0000000000000000,0000000000000000,3ff0000000000000,0000000000000000,0000000000000000,0000000000000000,0000000000000000,0000000000000000,3ff0000000000000,0000000000000000,0000000000000000,0000000000000000,0000000000000000,0000000000000000,3ff0000000000000,0000000000000000,0000000000000000,0000000000000000,0000000000000000,0000000000000000,3ff0000000000000,0000000000000000,0000000000000000,0000000000000000,0000000000000000,0000000000000000,3ff0000000000000,0000000000000000,0000000000000000,0000000000000000,0000000000000000|0e0|4.263256414560604e-14
GM0243|MechanismWitnessed|4|2|3ff0000000000000|4026000000000000,0000000000000000,403c000000000000,0000000000000000,0000000000000000,0000000000000000|4026000000000000,0000000000000000,403c000000000000,0000000000000000,0000000000000000,0000000000000000,4026000000000000,0000000000000000,403c000000000000,0000000000000000,0000000000000000,0000000000000000,4026000000000000,0000000000000000,403c000000000000,0000000000000000,0000000000000000,0000000000000000,4026000000000000,0000000000000000,403c000000000000,0000000000000000,0000000000000000,0000000000000000,4026000000000000,0000000000000000,403c000000000000,0000000000000000,0000000000000000,0000000000000000,4026000000000000,0000000000000000,403c000000000000,0000000000000000,0000000000000000,0000000000000000,4026000000000000,0000000000000000,403c000000000000,0000000000000000,0000000000000000,0000000000000000,4026000000000000,0000000000000000,403c000000000000,0000000000000000,0000000000000000,0000000000000000,4026000000000000,0000000000000000,403c000000000000,0000000000000000,0000000000000000,0000000000000000,4026000000000000,0000000000000000,403c000000000000,0000000000000000,0000000000000000,0000000000000000|0e0|5.207422810261447e-14
GM0244|MechanismWitnessed|7|2|3ff0000000000000|3ff0000000000000,0000000000000000,0000000000000000,0000000000000000,0000000000000000,0000000000000000|3ff0000000000000,0000000000000000,0000000000000000,0000000000000000,0000000000000000,0000000000000000,3ff0000000000000,0000000000000000,0000000000000000,0000000000000000,0000000000000000,0000000000000000,3ff0000000000000,0000000000000000,0000000000000000,0000000000000000,0000000000000000,0000000000000000,3ff0000000000000,0000000000000000,0000000000000000,0000000000000000,0000000000000000,0000000000000000,3ff0000000000000,0000000000000000,0000000000000000,0000000000000000,0000000000000000,0000000000000000|0e0|1.2014091652157e-13
GM0245|MechanismWitnessed|5|2|3ff0000000000000|3ff0000000000000,0000000000000000,3fe0000000000000,0000000000000000,0000000000000000,0000000000000000|3ff0000000000000,0000000000000000,3fe0000000000000,0000000000000000,0000000000000000,0000000000000000,3ff0000000000000,0000000000000000,3fe0000000000000,0000000000000000,0000000000000000,0000000000000000,3ff0000000000000,0000000000000000,3fe0000000000000,0000000000000000,0000000000000000,0000000000000000,3ff0000000000000,0000000000000000,3fe0000000000000,0000000000000000,0000000000000000,0000000000000000|0e0|8.00712334492284e-14
GM0246|MechanismWitnessed|6|0|3ff0000000000000|3ff0000000000000,0000000000000000,0000000000000000,0000000000000000,0000000000000000,0000000000000000|3ff0000000000000,0000000000000000,0000000000000000,0000000000000000,0000000000000000,0000000000000000,3ff0000000000000,0000000000000000,0000000000000000,0000000000000000,0000000000000000,0000000000000000,3ff0000000000000,0000000000000000,0000000000000000,0000000000000000,0000000000000000,0000000000000000,3ff0000000000000,0000000000000000,0000000000000000,0000000000000000,0000000000000000,0000000000000000,3ff0000000000000,0000000000000000,0000000000000000,0000000000000000,0000000000000000,0000000000000000,3ff0000000000000,0000000000000000,0000000000000000,0000000000000000,0000000000000000,0000000000000000,3ff0000000000000,0000000000000000,0000000000000000,0000000000000000,0000000000000000,0000000000000000|0e0|1.0442802858320788e-13
GM0247|MechanismWitnessed|4|2|3ff0000000000000|0000000000000000,3ff0000000000000,0000000000000000,0000000000000000,0000000000000000,0000000000000000|0000000000000000,3ff0000000000000,0000000000000000,0000000000000000,0000000000000000,0000000000000000,0000000000000000,3ff0000000000000,0000000000000000,0000000000000000,0000000000000000,0000000000000000,0000000000000000,3ff0000000000000,0000000000000000,0000000000000000,0000000000000000,0000000000000000,0000000000000000,3ff0000000000000,0000000000000000,0000000000000000,0000000000000000,0000000000000000,0000000000000000,3ff0000000000000,0000000000000000,0000000000000000,0000000000000000,0000000000000000,0000000000000000,3ff0000000000000,0000000000000000,0000000000000000,0000000000000000,0000000000000000,0000000000000000,3ff0000000000000,0000000000000000,0000000000000000,0000000000000000,0000000000000000,0000000000000000,3ff0000000000000,0000000000000000,0000000000000000,0000000000000000,0000000000000000,0000000000000000,3ff0000000000000,0000000000000000,0000000000000000,0000000000000000,0000000000000000,0000000000000000,3ff0000000000000,0000000000000000,0000000000000000,0000000000000000,0000000000000000|0e0|5.68838230099744e-14
GM0248|MechanismWitnessed|2|0|3ff0000000000000|0000000000000000,0000000000000000,0000000000000000,3ff0000000000000,0000000000000000,0000000000000000|0000000000000000,0000000000000000,0000000000000000,3ff0000000000000,0000000000000000,0000000000000000,0000000000000000,0000000000000000,0000000000000000,3ff0000000000000,0000000000000000,0000000000000000|0e0|4.525890174792849e-14
GM0249|MechanismWitnessed|4|2|3ff0000000000000|3ff0000000000000,0000000000000000,0000000000000000,0000000000000000,0000000000000000,0000000000000000|3ff0000000000000,0000000000000000,0000000000000000,0000000000000000,0000000000000000,0000000000000000,3ff0000000000000,0000000000000000,0000000000000000,0000000000000000,0000000000000000,0000000000000000,3ff0000000000000,0000000000000000,0000000000000000,0000000000000000,0000000000000000,0000000000000000,3ff0000000000000,0000000000000000,0000000000000000,0000000000000000,0000000000000000,0000000000000000|0e0|8.526512829121209e-14
GM0250|MechanismWitnessed|12|2|3ff0000000000000|0000000000000000,0000000000000000,0000000000000000,3ff0000000000000,0000000000000000,0000000000000000|0000000000000000,0000000000000000,0000000000000000,3ff0000000000000,0000000000000000,0000000000000000,0000000000000000,0000000000000000,0000000000000000,3ff0000000000000,0000000000000000,0000000000000000,0000000000000000,0000000000000000,0000000000000000,3ff0000000000000,0000000000000000,0000000000000000,0000000000000000,0000000000000000,0000000000000000,3ff0000000000000,0000000000000000,0000000000000000,0000000000000000,0000000000000000,0000000000000000,3ff0000000000000,0000000000000000,0000000000000000,0000000000000000,0000000000000000,0000000000000000,3ff0000000000000,0000000000000000,0000000000000000,0000000000000000,0000000000000000,0000000000000000,3ff0000000000000,0000000000000000,0000000000000000,0000000000000000,0000000000000000,0000000000000000,3ff0000000000000,0000000000000000,0000000000000000|0e0|2.2559032496456504e-13
GM0251|MechanismWitnessed|3|1|3ff0000000000000|3ff0000000000000,0000000000000000,0000000000000000,0000000000000000,0000000000000000,0000000000000000|3ff0000000000000,0000000000000000,0000000000000000,0000000000000000,0000000000000000,0000000000000000,3ff0000000000000,0000000000000000,0000000000000000,0000000000000000,0000000000000000,0000000000000000,3ff0000000000000,0000000000000000,0000000000000000,0000000000000000,0000000000000000,0000000000000000,3ff0000000000000,0000000000000000,0000000000000000,0000000000000000,0000000000000000,0000000000000000,3ff0000000000000,0000000000000000,0000000000000000,0000000000000000,0000000000000000,0000000000000000,3ff0000000000000,0000000000000000,0000000000000000,0000000000000000,0000000000000000,0000000000000000,3ff0000000000000,0000000000000000,0000000000000000,0000000000000000,0000000000000000,0000000000000000,3ff0000000000000,0000000000000000,0000000000000000,0000000000000000,0000000000000000,0000000000000000|0e0|6.474293224650103e-14
GM0252|MechanismWitnessed|1|2|3ff0000000000000|3ff0000000000000,0000000000000000,0000000000000000,0000000000000000,0000000000000000,0000000000000000|3ff0000000000000,0000000000000000,0000000000000000,0000000000000000,0000000000000000,0000000000000000,3ff0000000000000,0000000000000000,0000000000000000,0000000000000000,0000000000000000,0000000000000000,3ff0000000000000,0000000000000000,0000000000000000,0000000000000000,0000000000000000,0000000000000000,3ff0000000000000,0000000000000000,0000000000000000,0000000000000000,0000000000000000,0000000000000000,3ff0000000000000,0000000000000000,0000000000000000,0000000000000000,0000000000000000,0000000000000000,3ff0000000000000,0000000000000000,0000000000000000,0000000000000000,0000000000000000,0000000000000000,3ff0000000000000,0000000000000000,0000000000000000,0000000000000000,0000000000000000,0000000000000000|0e0|4.263256414560604e-14
GM0253|MechanismWitnessed|1|1|3ff0000000000000|3ff0000000000000,0000000000000000,bfe8000000000000,0000000000000000,0000000000000000,0000000000000000|3ff0000000000000,0000000000000000,bfe8000000000000,0000000000000000,0000000000000000,0000000000000000,3ff0000000000000,0000000000000000,bfe8000000000000,0000000000000000,0000000000000000,0000000000000000,3ff0000000000000,0000000000000000,bfe8000000000000,0000000000000000,0000000000000000,0000000000000000,3ff0000000000000,0000000000000000,bfe8000000000000,0000000000000000,0000000000000000,0000000000000000,3ff0000000000000,0000000000000000,bfe8000000000000,0000000000000000,0000000000000000,0000000000000000|0e0|4.263256414560604e-14
GM0254|MechanismWitnessed|0|0|3ff0000000000000|3ff0000000000000,0000000000000000,0000000000000000,0000000000000000,0000000000000000,0000000000000000|3ff0000000000000,0000000000000000,0000000000000000,0000000000000000,0000000000000000,0000000000000000,3ff0000000000000,0000000000000000,0000000000000000,0000000000000000,0000000000000000,0000000000000000,3ff0000000000000,0000000000000000,0000000000000000,0000000000000000,0000000000000000,0000000000000000,3ff0000000000000,0000000000000000,0000000000000000,0000000000000000,0000000000000000,0000000000000000,3ff0000000000000,0000000000000000,0000000000000000,0000000000000000,0000000000000000,0000000000000000,3ff0000000000000,0000000000000000,0000000000000000,0000000000000000,0000000000000000,0000000000000000,3ff0000000000000,0000000000000000,0000000000000000,0000000000000000,0000000000000000,0000000000000000,3ff0000000000000,0000000000000000,0000000000000000,0000000000000000,0000000000000000,0000000000000000|0e0|0e0
GM0255|MechanismWitnessed|2|2|3ff0000000000000|3ff0000000000000,0000000000000000,0000000000000000,0000000000000000,0000000000000000,0000000000000000|3ff0000000000000,0000000000000000,0000000000000000,0000000000000000,0000000000000000,0000000000000000,3ff0000000000000,0000000000000000,0000000000000000,0000000000000000,0000000000000000,0000000000000000,3ff0000000000000,0000000000000000,0000000000000000,0000000000000000,0000000000000000,0000000000000000,3ff0000000000000,0000000000000000,0000000000000000,0000000000000000,0000000000000000,0000000000000000,3ff0000000000000,0000000000000000,0000000000000000,0000000000000000,0000000000000000,0000000000000000,3ff0000000000000,0000000000000000,0000000000000000,0000000000000000,0000000000000000,0000000000000000|0e0|5.890606800708026e-14
GM0256|MechanismWitnessed|3|0|3ff0000000000000|0000000000000000,0000000000000000,0000000000000000,0000000000000000,4008000000000000,3ff0000000000000|0000000000000000,0000000000000000,0000000000000000,0000000000000000,4008000000000000,3ff0000000000000,0000000000000000,0000000000000000,0000000000000000,0000000000000000,4008000000000000,3ff0000000000000|0e0|5.539358505254326e-14
GM0257|MechanismWitnessed|8|1|3ff0000000000000|3ff0000000000000,0000000000000000,0000000000000000,0000000000000000,0000000000000000,0000000000000000|3ff0000000000000,0000000000000000,0000000000000000,0000000000000000,0000000000000000,0000000000000000,3ff0000000000000,0000000000000000,0000000000000000,0000000000000000,0000000000000000,0000000000000000,3ff0000000000000,0000000000000000,0000000000000000,0000000000000000,0000000000000000,0000000000000000,3ff0000000000000,0000000000000000,0000000000000000,0000000000000000,0000000000000000,0000000000000000,3ff0000000000000,0000000000000000,0000000000000000,0000000000000000,0000000000000000,0000000000000000|0e0|1.1368683772161613e-13
GM0258|MechanismWitnessed|1|1|3ff0000000000000|4031000000000000,4042000000000000,0000000000000000,0000000000000000,0000000000000000,0000000000000000|4031000000000000,4042000000000000,0000000000000000,0000000000000000,0000000000000000,0000000000000000,4031000000000000,4042000000000000,0000000000000000,0000000000000000,0000000000000000,0000000000000000,4031000000000000,4042000000000000,0000000000000000,0000000000000000,0000000000000000,0000000000000000,4031000000000000,4042000000000000,0000000000000000,0000000000000000,0000000000000000,0000000000000000,4031000000000000,4042000000000000,0000000000000000,0000000000000000,0000000000000000,0000000000000000,4031000000000000,4042000000000000,0000000000000000,0000000000000000,0000000000000000,0000000000000000,4031000000000000,4042000000000000,0000000000000000,0000000000000000,0000000000000000,0000000000000000|0e0|4.2632564145606055e-14
GM0259|MechanismWitnessed|1|1|3ff0000000000000|3ff0000000000000,0000000000000000,0000000000000000,0000000000000000,0000000000000000,0000000000000000|3ff0000000000000,0000000000000000,0000000000000000,0000000000000000,0000000000000000,0000000000000000,3ff0000000000000,0000000000000000,0000000000000000,0000000000000000,0000000000000000,0000000000000000,3ff0000000000000,0000000000000000,0000000000000000,0000000000000000,0000000000000000,0000000000000000,3ff0000000000000,0000000000000000,0000000000000000,0000000000000000,0000000000000000,0000000000000000,3ff0000000000000,0000000000000000,0000000000000000,0000000000000000,0000000000000000,0000000000000000,3ff0000000000000,0000000000000000,0000000000000000,0000000000000000,0000000000000000,0000000000000000,3ff0000000000000,0000000000000000,0000000000000000,0000000000000000,0000000000000000,0000000000000000,3ff0000000000000,0000000000000000,0000000000000000,0000000000000000,0000000000000000,0000000000000000|0e0|4.263256414560604e-14
GM0260|MechanismWitnessed|7|1|3ff0000000000000|0000000000000000,0000000000000000,0000000000000000,3ff0000000000000,0000000000000000,0000000000000000|0000000000000000,0000000000000000,0000000000000000,3ff0000000000000,0000000000000000,0000000000000000,0000000000000000,0000000000000000,0000000000000000,3ff0000000000000,0000000000000000,0000000000000000,0000000000000000,0000000000000000,0000000000000000,3ff0000000000000,0000000000000000,0000000000000000,0000000000000000,0000000000000000,0000000000000000,3ff0000000000000,0000000000000000,0000000000000000,0000000000000000,0000000000000000,0000000000000000,3ff0000000000000,0000000000000000,0000000000000000,0000000000000000,0000000000000000,0000000000000000,3ff0000000000000,0000000000000000,0000000000000000,0000000000000000,0000000000000000,0000000000000000,3ff0000000000000,0000000000000000,0000000000000000,0000000000000000,0000000000000000,0000000000000000,3ff0000000000000,0000000000000000,0000000000000000|0e0|9.94759830064141e-14
GM0261|MechanismWitnessed|5|0|3ff0000000000000|3ff0000000000000,0000000000000000,0000000000000000,0000000000000000,0000000000000000,0000000000000000|3ff0000000000000,0000000000000000,0000000000000000,0000000000000000,0000000000000000,0000000000000000,3ff0000000000000,0000000000000000,0000000000000000,0000000000000000,0000000000000000,0000000000000000,3ff0000000000000,0000000000000000,0000000000000000,0000000000000000,0000000000000000,0000000000000000,3ff0000000000000,0000000000000000,0000000000000000,0000000000000000,0000000000000000,0000000000000000,3ff0000000000000,0000000000000000,0000000000000000,0000000000000000,0000000000000000,0000000000000000,3ff0000000000000,0000000000000000,0000000000000000,0000000000000000,0000000000000000,0000000000000000,3ff0000000000000,0000000000000000,0000000000000000,0000000000000000,0000000000000000,0000000000000000,3ff0000000000000,0000000000000000,0000000000000000,0000000000000000,0000000000000000,0000000000000000|0e0|9.532931148469536e-14
GM0262|MechanismWitnessed|4|0|3ff0000000000000|0000000000000000,3ff0000000000000,bff0000000000000,0000000000000000,0000000000000000,0000000000000000|0000000000000000,3ff0000000000000,bff0000000000000,0000000000000000,0000000000000000,0000000000000000,0000000000000000,3ff0000000000000,bff0000000000000,0000000000000000,0000000000000000,0000000000000000,0000000000000000,3ff0000000000000,bff0000000000000,0000000000000000,0000000000000000,0000000000000000|0e0|6.029155041345701e-14
GM0263|MechanismWitnessed|0|2|3ff0000000000000|3ff0000000000000,0000000000000000,0000000000000000,0000000000000000,0000000000000000,0000000000000000|3ff0000000000000,0000000000000000,0000000000000000,0000000000000000,0000000000000000,0000000000000000,3ff0000000000000,0000000000000000,0000000000000000,0000000000000000,0000000000000000,0000000000000000,3ff0000000000000,0000000000000000,0000000000000000,0000000000000000,0000000000000000,0000000000000000,3ff0000000000000,0000000000000000,0000000000000000,0000000000000000,0000000000000000,0000000000000000,3ff0000000000000,0000000000000000,0000000000000000,0000000000000000,0000000000000000,0000000000000000,3ff0000000000000,0000000000000000,0000000000000000,0000000000000000,0000000000000000,0000000000000000,3ff0000000000000,0000000000000000,0000000000000000,0000000000000000,0000000000000000,0000000000000000|0e0|0e0
GM0264|MechanismWitnessed|2|2|3ff0000000000000|3ff0000000000000,bfe0000000000000,0000000000000000,0000000000000000,0000000000000000,0000000000000000|3ff0000000000000,bfe0000000000000,0000000000000000,0000000000000000,0000000000000000,0000000000000000,3ff0000000000000,bfe0000000000000,0000000000000000,0000000000000000,0000000000000000,0000000000000000,3ff0000000000000,bfe0000000000000,0000000000000000,0000000000000000,0000000000000000,0000000000000000,3ff0000000000000,bfe0000000000000,0000000000000000,0000000000000000,0000000000000000,0000000000000000,3ff0000000000000,bfe0000000000000,0000000000000000,0000000000000000,0000000000000000,0000000000000000,3ff0000000000000,bfe0000000000000,0000000000000000,0000000000000000,0000000000000000,0000000000000000,3ff0000000000000,bfe0000000000000,0000000000000000,0000000000000000,0000000000000000,0000000000000000|0e0|4.263256414560604e-14
GM0265|MechanismWitnessed|12|0|3ff0000000000000|3ff0000000000000,0000000000000000,0000000000000000,0000000000000000,0000000000000000,0000000000000000|3ff0000000000000,0000000000000000,0000000000000000,0000000000000000,0000000000000000,0000000000000000,3ff0000000000000,0000000000000000,0000000000000000,0000000000000000,0000000000000000,0000000000000000,3ff0000000000000,0000000000000000,0000000000000000,0000000000000000,0000000000000000,0000000000000000,3ff0000000000000,0000000000000000,0000000000000000,0000000000000000,0000000000000000,0000000000000000,3ff0000000000000,0000000000000000,0000000000000000,0000000000000000,0000000000000000,0000000000000000,3ff0000000000000,0000000000000000,0000000000000000,0000000000000000,0000000000000000,0000000000000000,3ff0000000000000,0000000000000000,0000000000000000,0000000000000000,0000000000000000,0000000000000000|0e0|2.0885605716641588e-13
GM0266|MechanismWitnessed|7|1|3ff0000000000000|3ff0000000000000,0000000000000000,0000000000000000,0000000000000000,0000000000000000,0000000000000000|3ff0000000000000,0000000000000000,0000000000000000,0000000000000000,0000000000000000,0000000000000000,3ff0000000000000,0000000000000000,0000000000000000,0000000000000000,0000000000000000,0000000000000000,3ff0000000000000,0000000000000000,0000000000000000,0000000000000000,0000000000000000,0000000000000000,3ff0000000000000,0000000000000000,0000000000000000,0000000000000000,0000000000000000,0000000000000000,3ff0000000000000,0000000000000000,0000000000000000,0000000000000000,0000000000000000,0000000000000000,3ff0000000000000,0000000000000000,0000000000000000,0000000000000000,0000000000000000,0000000000000000,3ff0000000000000,0000000000000000,0000000000000000,0000000000000000,0000000000000000,0000000000000000,3ff0000000000000,0000000000000000,0000000000000000,0000000000000000,0000000000000000,0000000000000000,3ff0000000000000,0000000000000000,0000000000000000,0000000000000000,0000000000000000,0000000000000000|0e0|1.2356532791331972e-13
GM0267|MechanismWitnessed|6|2|3ff0000000000000|3ff0000000000000,0000000000000000,0000000000000000,0000000000000000,0000000000000000,0000000000000000|3ff0000000000000,0000000000000000,0000000000000000,0000000000000000,0000000000000000,0000000000000000,3ff0000000000000,0000000000000000,0000000000000000,0000000000000000,0000000000000000,0000000000000000,3ff0000000000000,0000000000000000,0000000000000000,0000000000000000,0000000000000000,0000000000000000,3ff0000000000000,0000000000000000,0000000000000000,0000000000000000,0000000000000000,0000000000000000,3ff0000000000000,0000000000000000,0000000000000000,0000000000000000,0000000000000000,0000000000000000,3ff0000000000000,0000000000000000,0000000000000000,0000000000000000,0000000000000000,0000000000000000,3ff0000000000000,0000000000000000,0000000000000000,0000000000000000,0000000000000000,0000000000000000|0e0|9.532931148469536e-14
GM0268|MechanismWitnessed|8|2|3ff0000000000000|3ff0000000000000,0000000000000000,0000000000000000,0000000000000000,0000000000000000,0000000000000000|3ff0000000000000,0000000000000000,0000000000000000,0000000000000000,0000000000000000,0000000000000000,3ff0000000000000,0000000000000000,0000000000000000,0000000000000000,0000000000000000,0000000000000000,3ff0000000000000,0000000000000000,0000000000000000,0000000000000000,0000000000000000,0000000000000000,3ff0000000000000,0000000000000000,0000000000000000,0000000000000000,0000000000000000,0000000000000000,3ff0000000000000,0000000000000000,0000000000000000,0000000000000000,0000000000000000,0000000000000000,3ff0000000000000,0000000000000000,0000000000000000,0000000000000000,0000000000000000,0000000000000000,3ff0000000000000,0000000000000000,0000000000000000,0000000000000000,0000000000000000,0000000000000000,3ff0000000000000,0000000000000000,0000000000000000,0000000000000000,0000000000000000,0000000000000000|0e0|1.2710574864626048e-13
GM0269|MechanismWitnessed|3|0|3ff0000000000000|3ff0000000000000,3fe0000000000000,0000000000000000,0000000000000000,0000000000000000,0000000000000000|3ff0000000000000,3fe0000000000000,0000000000000000,0000000000000000,0000000000000000,0000000000000000,3ff0000000000000,3fe0000000000000,0000000000000000,0000000000000000,0000000000000000,0000000000000000,3ff0000000000000,3fe0000000000000,0000000000000000,0000000000000000,0000000000000000,0000000000000000,3ff0000000000000,3fe0000000000000,0000000000000000,0000000000000000,0000000000000000,0000000000000000|0e0|6.15973376342856e-14
GM0270|MechanismWitnessed|4|2|3ff0000000000000|3ff0000000000000,0000000000000000,0000000000000000,0000000000000000,0000000000000000,0000000000000000|3ff0000000000000,0000000000000000,0000000000000000,0000000000000000,0000000000000000,0000000000000000,3ff0000000000000,0000000000000000,0000000000000000,0000000000000000,0000000000000000,0000000000000000,3ff0000000000000,0000000000000000,0000000000000000,0000000000000000,0000000000000000,0000000000000000,3ff0000000000000,0000000000000000,0000000000000000,0000000000000000,0000000000000000,0000000000000000,3ff0000000000000,0000000000000000,0000000000000000,0000000000000000,0000000000000000,0000000000000000,3ff0000000000000,0000000000000000,0000000000000000,0000000000000000,0000000000000000,0000000000000000,3ff0000000000000,0000000000000000,0000000000000000,0000000000000000,0000000000000000,0000000000000000|0e0|6.029155041345701e-14
GM0271|MechanismWitnessed|4|0|3ff0000000000000|0000000000000000,3ff0000000000000,0000000000000000,0000000000000000,0000000000000000,0000000000000000|0000000000000000,3ff0000000000000,0000000000000000,0000000000000000,0000000000000000,0000000000000000,0000000000000000,3ff0000000000000,0000000000000000,0000000000000000,0000000000000000,0000000000000000,0000000000000000,3ff0000000000000,0000000000000000,0000000000000000,0000000000000000,0000000000000000,0000000000000000,3ff0000000000000,0000000000000000,0000000000000000,0000000000000000,0000000000000000,0000000000000000,3ff0000000000000,0000000000000000,0000000000000000,0000000000000000,0000000000000000,0000000000000000,3ff0000000000000,0000000000000000,0000000000000000,0000000000000000,0000000000000000,0000000000000000,3ff0000000000000,0000000000000000,0000000000000000,0000000000000000,0000000000000000,0000000000000000,3ff0000000000000,0000000000000000,0000000000000000,0000000000000000,0000000000000000|0e0|4.891104910503535e-14
GM0272|MechanismWitnessed|1|0|3ff0000000000000|3ff0000000000000,0000000000000000,0000000000000000,0000000000000000,0000000000000000,0000000000000000|3ff0000000000000,0000000000000000,0000000000000000,0000000000000000,0000000000000000,0000000000000000,3ff0000000000000,0000000000000000,0000000000000000,0000000000000000,0000000000000000,0000000000000000,3ff0000000000000,0000000000000000,0000000000000000,0000000000000000,0000000000000000,0000000000000000,3ff0000000000000,0000000000000000,0000000000000000,0000000000000000,0000000000000000,0000000000000000,3ff0000000000000,0000000000000000,0000000000000000,0000000000000000,0000000000000000,0000000000000000|0e0|4.2632564145606036e-14
GM0273|MechanismWitnessed|2|0|3ff0000000000000|3ff0000000000000,4000000000000000,0000000000000000,0000000000000000,0000000000000000,0000000000000000|3ff0000000000000,4000000000000000,0000000000000000,0000000000000000,0000000000000000,0000000000000000,3ff0000000000000,4000000000000000,0000000000000000,0000000000000000,0000000000000000,0000000000000000,3ff0000000000000,4000000000000000,0000000000000000,0000000000000000,0000000000000000,0000000000000000,3ff0000000000000,4000000000000000,0000000000000000,0000000000000000,0000000000000000,0000000000000000|0e0|4.263256414560604e-14
GM0274|MechanismWitnessed|6|0|3ff0000000000000|3ff0000000000000,0000000000000000,0000000000000000,0000000000000000,0000000000000000,0000000000000000|3ff0000000000000,0000000000000000,0000000000000000,0000000000000000,0000000000000000,0000000000000000,3ff0000000000000,0000000000000000,0000000000000000,0000000000000000,0000000000000000,0000000000000000,3ff0000000000000,0000000000000000,0000000000000000,0000000000000000,0000000000000000,0000000000000000|0e0|9.205080096411295e-14
GM0275|MechanismWitnessed|11|0|3ff0000000000000|0000000000000000,3ff0000000000000,0000000000000000,0000000000000000,0000000000000000,0000000000000000|0000000000000000,3ff0000000000000,0000000000000000,0000000000000000,0000000000000000,0000000000000000,0000000000000000,3ff0000000000000,0000000000000000,0000000000000000,0000000000000000,0000000000000000,0000000000000000,3ff0000000000000,0000000000000000,0000000000000000,0000000000000000,0000000000000000,0000000000000000,3ff0000000000000,0000000000000000,0000000000000000,0000000000000000,0000000000000000,0000000000000000,3ff0000000000000,0000000000000000,0000000000000000,0000000000000000,0000000000000000|0e0|1.5631940186722222e-13
GM0276|MechanismWitnessed|2|1|3ff0000000000000|3ff0000000000000,0000000000000000,0000000000000000,0000000000000000,0000000000000000,0000000000000000|3ff0000000000000,0000000000000000,0000000000000000,0000000000000000,0000000000000000,0000000000000000,3ff0000000000000,0000000000000000,0000000000000000,0000000000000000,0000000000000000,0000000000000000,3ff0000000000000,0000000000000000,0000000000000000,0000000000000000,0000000000000000,0000000000000000|0e0|4.536820458217766e-14
GM0277|MechanismWitnessed|3|2|3ff0000000000000|3ff0000000000000,0000000000000000,0000000000000000,0000000000000000,0000000000000000,0000000000000000|3ff0000000000000,0000000000000000,0000000000000000,0000000000000000,0000000000000000,0000000000000000,3ff0000000000000,0000000000000000,0000000000000000,0000000000000000,0000000000000000,0000000000000000,3ff0000000000000,0000000000000000,0000000000000000,0000000000000000,0000000000000000,0000000000000000,3ff0000000000000,0000000000000000,0000000000000000,0000000000000000,0000000000000000,0000000000000000,3ff0000000000000,0000000000000000,0000000000000000,0000000000000000,0000000000000000,0000000000000000|0e0|7.384176715712891e-14
GM0278|MechanismWitnessed|6|1|3ff0000000000000|4048800000000000,0000000000000000,4022000000000000,0000000000000000,0000000000000000,0000000000000000|4048800000000000,0000000000000000,4022000000000000,0000000000000000,0000000000000000,0000000000000000,4048800000000000,0000000000000000,4022000000000000,0000000000000000,0000000000000000,0000000000000000,4048800000000000,0000000000000000,4022000000000000,0000000000000000,0000000000000000,0000000000000000,4048800000000000,0000000000000000,4022000000000000,0000000000000000,0000000000000000,0000000000000000,4048800000000000,0000000000000000,4022000000000000,0000000000000000,0000000000000000,0000000000000000,4048800000000000,0000000000000000,4022000000000000,0000000000000000,0000000000000000,0000000000000000|0e0|9.532931148469536e-14
GM0279|MechanismWitnessed|2|2|3ff0000000000000|3ff0000000000000,0000000000000000,0000000000000000,0000000000000000,0000000000000000,0000000000000000|3ff0000000000000,0000000000000000,0000000000000000,0000000000000000,0000000000000000,0000000000000000,3ff0000000000000,0000000000000000,0000000000000000,0000000000000000,0000000000000000,0000000000000000,3ff0000000000000,0000000000000000,0000000000000000,0000000000000000,0000000000000000,0000000000000000,3ff0000000000000,0000000000000000,0000000000000000,0000000000000000,0000000000000000,0000000000000000,3ff0000000000000,0000000000000000,0000000000000000,0000000000000000,0000000000000000,0000000000000000,3ff0000000000000,0000000000000000,0000000000000000,0000000000000000,0000000000000000,0000000000000000,3ff0000000000000,0000000000000000,0000000000000000,0000000000000000,0000000000000000,0000000000000000,3ff0000000000000,0000000000000000,0000000000000000,0000000000000000,0000000000000000,0000000000000000,3ff0000000000000,0000000000000000,0000000000000000,0000000000000000,0000000000000000,0000000000000000,3ff0000000000000,0000000000000000,0000000000000000,0000000000000000,0000000000000000,0000000000000000|0e0|6.029155041345701e-14
GM0280|MechanismWitnessed|6|0|3ff0000000000000|3ff0000000000000,0000000000000000,0000000000000000,0000000000000000,0000000000000000,0000000000000000|3ff0000000000000,0000000000000000,0000000000000000,0000000000000000,0000000000000000,0000000000000000,3ff0000000000000,0000000000000000,0000000000000000,0000000000000000,0000000000000000,0000000000000000,3ff0000000000000,0000000000000000,0000000000000000,0000000000000000,0000000000000000,0000000000000000|0e0|7.384176715712891e-14
GM0281|MechanismWitnessed|4|1|3ff0000000000000|0000000000000000,0000000000000000,0000000000000000,3ff0000000000000,0000000000000000,0000000000000000|0000000000000000,0000000000000000,0000000000000000,3ff0000000000000,0000000000000000,0000000000000000,0000000000000000,0000000000000000,0000000000000000,3ff0000000000000,0000000000000000,0000000000000000,0000000000000000,0000000000000000,0000000000000000,3ff0000000000000,0000000000000000,0000000000000000|0e0|6.029155041345701e-14
GM0282|MechanismWitnessed|2|0|3ff0000000000000|3ff0000000000000,0000000000000000,0000000000000000,0000000000000000,0000000000000000,0000000000000000|3ff0000000000000,0000000000000000,0000000000000000,0000000000000000,0000000000000000,0000000000000000,3ff0000000000000,0000000000000000,0000000000000000,0000000000000000,0000000000000000,0000000000000000,3ff0000000000000,0000000000000000,0000000000000000,0000000000000000,0000000000000000,0000000000000000,3ff0000000000000,0000000000000000,0000000000000000,0000000000000000,0000000000000000,0000000000000000,3ff0000000000000,0000000000000000,0000000000000000,0000000000000000,0000000000000000,0000000000000000,3ff0000000000000,0000000000000000,0000000000000000,0000000000000000,0000000000000000,0000000000000000,3ff0000000000000,0000000000000000,0000000000000000,0000000000000000,0000000000000000,0000000000000000|0e0|6.029155041345701e-14
GM0283|MechanismWitnessed|8|0|3ff0000000000000|0000000000000000,3ff0000000000000,0000000000000000,0000000000000000,0000000000000000,0000000000000000|0000000000000000,3ff0000000000000,0000000000000000,0000000000000000,0000000000000000,0000000000000000,0000000000000000,3ff0000000000000,0000000000000000,0000000000000000,0000000000000000,0000000000000000,0000000000000000,3ff0000000000000,0000000000000000,0000000000000000,0000000000000000,0000000000000000,0000000000000000,3ff0000000000000,0000000000000000,0000000000000000,0000000000000000,0000000000000000,0000000000000000,3ff0000000000000,0000000000000000,0000000000000000,0000000000000000,0000000000000000|0e0|1.174228687838253e-13
GM0284|MechanismWitnessed|10|1|3ff0000000000000|0000000000000000,0000000000000000,3ff0000000000000,0000000000000000,0000000000000000,0000000000000000|0000000000000000,0000000000000000,3ff0000000000000,0000000000000000,0000000000000000,0000000000000000,0000000000000000,0000000000000000,3ff0000000000000,0000000000000000,0000000000000000,0000000000000000,0000000000000000,0000000000000000,3ff0000000000000,0000000000000000,0000000000000000,0000000000000000,0000000000000000,0000000000000000,3ff0000000000000,0000000000000000,0000000000000000,0000000000000000,0000000000000000,0000000000000000,3ff0000000000000,0000000000000000,0000000000000000,0000000000000000,0000000000000000,0000000000000000,3ff0000000000000,0000000000000000,0000000000000000,0000000000000000,0000000000000000,0000000000000000,3ff0000000000000,0000000000000000,0000000000000000,0000000000000000|0e0|1.7404671430534652e-13
GM0285|MechanismWitnessed|5|0|3ff0000000000000|3ff0000000000000,0000000000000000,0000000000000000,0000000000000000,0000000000000000,0000000000000000|3ff0000000000000,0000000000000000,0000000000000000,0000000000000000,0000000000000000,0000000000000000,3ff0000000000000,0000000000000000,0000000000000000,0000000000000000,0000000000000000,0000000000000000,3ff0000000000000,0000000000000000,0000000000000000,0000000000000000,0000000000000000,0000000000000000,3ff0000000000000,0000000000000000,0000000000000000,0000000000000000,0000000000000000,0000000000000000,3ff0000000000000,0000000000000000,0000000000000000,0000000000000000,0000000000000000,0000000000000000|0e0|9.133614350824295e-14
GM0286|MechanismWitnessed|3|2|3ff0000000000000|401c000000000000,0000000000000000,c000000000000000,0000000000000000,0000000000000000,0000000000000000|401c000000000000,0000000000000000,c000000000000000,0000000000000000,0000000000000000,0000000000000000,401c000000000000,0000000000000000,c000000000000000,0000000000000000,0000000000000000,0000000000000000,401c000000000000,0000000000000000,c000000000000000,0000000000000000,0000000000000000,0000000000000000,401c000000000000,0000000000000000,c000000000000000,0000000000000000,0000000000000000,0000000000000000,401c000000000000,0000000000000000,c000000000000000,0000000000000000,0000000000000000,0000000000000000,401c000000000000,0000000000000000,c000000000000000,0000000000000000,0000000000000000,0000000000000000,401c000000000000,0000000000000000,c000000000000000,0000000000000000,0000000000000000,0000000000000000,401c000000000000,0000000000000000,c000000000000000,0000000000000000,0000000000000000,0000000000000000,401c000000000000,0000000000000000,c000000000000000,0000000000000000,0000000000000000,0000000000000000|0e0|4.8396413484070083e-14
GM0287|MechanismWitnessed|2|1|3ff0000000000000|0000000000000000,3ff0000000000000,0000000000000000,0000000000000000,0000000000000000,0000000000000000|0000000000000000,3ff0000000000000,0000000000000000,0000000000000000,0000000000000000,0000000000000000,0000000000000000,3ff0000000000000,0000000000000000,0000000000000000,0000000000000000,0000000000000000,0000000000000000,3ff0000000000000,0000000000000000,0000000000000000,0000000000000000,0000000000000000|0e0|6.029155041345701e-14
GM0288|MechanismWitnessed|7|0|3ff0000000000000|3ff0000000000000,bfe0000000000000,0000000000000000,0000000000000000,0000000000000000,0000000000000000|3ff0000000000000,bfe0000000000000,0000000000000000,0000000000000000,0000000000000000,0000000000000000,3ff0000000000000,bfe0000000000000,0000000000000000,0000000000000000,0000000000000000,0000000000000000,3ff0000000000000,bfe0000000000000,0000000000000000,0000000000000000,0000000000000000,0000000000000000|0e0|8.713444507458121e-14
GM0289|MechanismWitnessed|0|1|3ff0000000000000|3ff0000000000000,0000000000000000,0000000000000000,0000000000000000,0000000000000000,0000000000000000|3ff0000000000000,0000000000000000,0000000000000000,0000000000000000,0000000000000000,0000000000000000,3ff0000000000000,0000000000000000,0000000000000000,0000000000000000,0000000000000000,0000000000000000,3ff0000000000000,0000000000000000,0000000000000000,0000000000000000,0000000000000000,0000000000000000,3ff0000000000000,0000000000000000,0000000000000000,0000000000000000,0000000000000000,0000000000000000,3ff0000000000000,0000000000000000,0000000000000000,0000000000000000,0000000000000000,0000000000000000|0e0|0e0
GM0290|MechanismWitnessed|6|2|3ff0000000000000|0000000000000000,0000000000000000,0000000000000000,3ff0000000000000,0000000000000000,0000000000000000|0000000000000000,0000000000000000,0000000000000000,3ff0000000000000,0000000000000000,0000000000000000,0000000000000000,0000000000000000,0000000000000000,3ff0000000000000,0000000000000000,0000000000000000,0000000000000000,0000000000000000,0000000000000000,3ff0000000000000,0000000000000000,0000000000000000,0000000000000000,0000000000000000,0000000000000000,3ff0000000000000,0000000000000000,0000000000000000,0000000000000000,0000000000000000,0000000000000000,3ff0000000000000,0000000000000000,0000000000000000,0000000000000000,0000000000000000,0000000000000000,3ff0000000000000,0000000000000000,0000000000000000|0e0|9.532931148469536e-14
GM0291|MechanismWitnessed|0|0|3ff0000000000000|3ff0000000000000,0000000000000000,0000000000000000,0000000000000000,0000000000000000,0000000000000000|3ff0000000000000,0000000000000000,0000000000000000,0000000000000000,0000000000000000,0000000000000000,3ff0000000000000,0000000000000000,0000000000000000,0000000000000000,0000000000000000,0000000000000000,3ff0000000000000,0000000000000000,0000000000000000,0000000000000000,0000000000000000,0000000000000000,3ff0000000000000,0000000000000000,0000000000000000,0000000000000000,0000000000000000,0000000000000000|0e0|0e0
GM0292|MechanismWitnessed|4|1|3ff0000000000000|3ff0000000000000,0000000000000000,0000000000000000,0000000000000000,0000000000000000,0000000000000000|3ff0000000000000,0000000000000000,0000000000000000,0000000000000000,0000000000000000,0000000000000000,3ff0000000000000,0000000000000000,0000000000000000,0000000000000000,0000000000000000,0000000000000000,3ff0000000000000,0000000000000000,0000000000000000,0000000000000000,0000000000000000,0000000000000000,3ff0000000000000,0000000000000000,0000000000000000,0000000000000000,0000000000000000,0000000000000000|0e0|6.029155041345701e-14
GM0293|MechanismWitnessed|3|2|3ff0000000000000|3ff0000000000000,3ff0000000000000,4000000000000000,0000000000000000,0000000000000000,0000000000000000|3ff0000000000000,3ff0000000000000,4000000000000000,0000000000000000,0000000000000000,0000000000000000,3ff0000000000000,3ff0000000000000,4000000000000000,0000000000000000,0000000000000000,0000000000000000,3ff0000000000000,3ff0000000000000,4000000000000000,0000000000000000,0000000000000000,0000000000000000,3ff0000000000000,3ff0000000000000,4000000000000000,0000000000000000,0000000000000000,0000000000000000|0e0|6.019891201648051e-14
GM0294|MechanismWitnessed|2|2|3ff0000000000000|0000000000000000,0000000000000000,3ff0000000000000,0000000000000000,0000000000000000,0000000000000000|0000000000000000,0000000000000000,3ff0000000000000,0000000000000000,0000000000000000,0000000000000000,0000000000000000,0000000000000000,3ff0000000000000,0000000000000000,0000000000000000,0000000000000000,0000000000000000,0000000000000000,3ff0000000000000,0000000000000000,0000000000000000,0000000000000000,0000000000000000,0000000000000000,3ff0000000000000,0000000000000000,0000000000000000,0000000000000000,0000000000000000,0000000000000000,3ff0000000000000,0000000000000000,0000000000000000,0000000000000000,0000000000000000,0000000000000000,3ff0000000000000,0000000000000000,0000000000000000,0000000000000000,0000000000000000,0000000000000000,3ff0000000000000,0000000000000000,0000000000000000,0000000000000000,0000000000000000,0000000000000000,3ff0000000000000,0000000000000000,0000000000000000,0000000000000000,0000000000000000,0000000000000000,3ff0000000000000,0000000000000000,0000000000000000,0000000000000000|0e0|4.2632564145606055e-14
GM0295|MechanismWitnessed|4|1|3ff0000000000000|3ff0000000000000,0000000000000000,bfe0000000000000,0000000000000000,0000000000000000,0000000000000000|3ff0000000000000,0000000000000000,bfe0000000000000,0000000000000000,0000000000000000,0000000000000000,3ff0000000000000,0000000000000000,bfe0000000000000,0000000000000000,0000000000000000,0000000000000000,3ff0000000000000,0000000000000000,bfe0000000000000,0000000000000000,0000000000000000,0000000000000000|0e0|7.22675350233931e-14
GM0296|MechanismWitnessed|3|2|3ff0000000000000|404b800000000000,4043400000000000,bfe0000000000000,0000000000000000,0000000000000000,0000000000000000|404b800000000000,4043400000000000,bfe0000000000000,0000000000000000,0000000000000000,0000000000000000,404b800000000000,4043400000000000,bfe0000000000000,0000000000000000,0000000000000000,0000000000000000,404b800000000000,4043400000000000,bfe0000000000000,0000000000000000,0000000000000000,0000000000000000,404b800000000000,4043400000000000,bfe0000000000000,0000000000000000,0000000000000000,0000000000000000,404b800000000000,4043400000000000,bfe0000000000000,0000000000000000,0000000000000000,0000000000000000,404b800000000000,4043400000000000,bfe0000000000000,0000000000000000,0000000000000000,0000000000000000,404b800000000000,4043400000000000,bfe0000000000000,0000000000000000,0000000000000000,0000000000000000,404b800000000000,4043400000000000,bfe0000000000000,0000000000000000,0000000000000000,0000000000000000,404b800000000000,4043400000000000,bfe0000000000000,0000000000000000,0000000000000000,0000000000000000|0e0|6.026773775774878e-14
GM0297|MechanismWitnessed|2|2|3ff0000000000000|0000000000000000,3ff0000000000000,0000000000000000,0000000000000000,0000000000000000,0000000000000000|0000000000000000,3ff0000000000000,0000000000000000,0000000000000000,0000000000000000,0000000000000000,0000000000000000,3ff0000000000000,0000000000000000,0000000000000000,0000000000000000,0000000000000000,0000000000000000,3ff0000000000000,0000000000000000,0000000000000000,0000000000000000,0000000000000000,0000000000000000,3ff0000000000000,0000000000000000,0000000000000000,0000000000000000,0000000000000000,0000000000000000,3ff0000000000000,0000000000000000,0000000000000000,0000000000000000,0000000000000000,0000000000000000,3ff0000000000000,0000000000000000,0000000000000000,0000000000000000,0000000000000000,0000000000000000,3ff0000000000000,0000000000000000,0000000000000000,0000000000000000,0000000000000000,0000000000000000,3ff0000000000000,0000000000000000,0000000000000000,0000000000000000,0000000000000000,0000000000000000,3ff0000000000000,0000000000000000,0000000000000000,0000000000000000,0000000000000000,0000000000000000,3ff0000000000000,0000000000000000,0000000000000000,0000000000000000,0000000000000000|0e0|4.263256414560604e-14
GM0298|MechanismWitnessed|2|2|3ff0000000000000|3ff0000000000000,0000000000000000,0000000000000000,0000000000000000,0000000000000000,0000000000000000|3ff0000000000000,0000000000000000,0000000000000000,0000000000000000,0000000000000000,0000000000000000,3ff0000000000000,0000000000000000,0000000000000000,0000000000000000,0000000000000000,0000000000000000,3ff0000000000000,0000000000000000,0000000000000000,0000000000000000,0000000000000000,0000000000000000,3ff0000000000000,0000000000000000,0000000000000000,0000000000000000,0000000000000000,0000000000000000|0e0|6.005739337604173e-14
GM0299|MechanismWitnessed|7|1|3ff0000000000000|3ff0000000000000,0000000000000000,0000000000000000,0000000000000000,0000000000000000,0000000000000000|3ff0000000000000,0000000000000000,0000000000000000,0000000000000000,0000000000000000,0000000000000000,3ff0000000000000,0000000000000000,0000000000000000,0000000000000000,0000000000000000,0000000000000000,3ff0000000000000,0000000000000000,0000000000000000,0000000000000000,0000000000000000,0000000000000000,3ff0000000000000,0000000000000000,0000000000000000,0000000000000000,0000000000000000,0000000000000000,3ff0000000000000,0000000000000000,0000000000000000,0000000000000000,0000000000000000,0000000000000000|0e0|9.94759830064141e-14
