sha256	bytes	path
404a7031a720d2d05a46d8ddd1fc518294422c4693c7446729eafb5470cbe976	2893	execution/_Coordination/AgentRuns/SOW-STAGE2-EXEC-20260712-01/instances/WORKING-P3-PKG12/children/AUTHOR-B1/CANDIDATE_MANIFEST.tsv
2821aebf7cda472f76d14b0dd1d23b303d062b9bed1aae7fc8a7810eb0089683	631	execution/_Coordination/AgentRuns/SOW-STAGE2-EXEC-20260712-01/instances/WORKING-P3-PKG12/children/AUTHOR-B1/CONTAINMENT.md
603670feb73de44e8a5fb8ef00d376e4036662fa139b29591ee32804432a4622	625	execution/_Coordination/AgentRuns/SOW-STAGE2-EXEC-20260712-01/instances/WORKING-P3-PKG12/children/AUTHOR-B1/CONTEXT_ADHERENCE.md
c2ea478e69c9ff7e3a4b09b30c8e86596054f59e0cbb202b135e896d8958dd8e	625	execution/_Coordination/AgentRuns/SOW-STAGE2-EXEC-20260712-01/instances/WORKING-P3-PKG12/children/AUTHOR-B1/FAILURE_ATTEMPTS.md
4c809506b4c47e1942e892696fa59f82d044a12e94bab4f2e3258151c1d463c7	6037	execution/_Coordination/AgentRuns/SOW-STAGE2-EXEC-20260712-01/instances/WORKING-P3-PKG12/children/AUTHOR-B1/INVERSE_ROWS.tsv
483f4ad85849f3bb187f51fb1b27d02a2abc27781a41dc6754dde10bbb54f2a0	3526	execution/_Coordination/AgentRuns/SOW-STAGE2-EXEC-20260712-01/instances/WORKING-P3-PKG12/children/AUTHOR-B1/LAUNCH_BRIEF.md
ddd0c5aa38ca6e661d1d5c7931da3ce1d99996a470efc2cafb02f0e0bfb1eec3	1217	execution/_Coordination/AgentRuns/SOW-STAGE2-EXEC-20260712-01/instances/WORKING-P3-PKG12/children/AUTHOR-B1/MEMBER_RESULTS.tsv
edf48f5c1fb980ccb3153d136aacfb2c496f154759fa19c268277432d47141cf	4065	execution/_Coordination/AgentRuns/SOW-STAGE2-EXEC-20260712-01/instances/WORKING-P3-PKG12/children/AUTHOR-B1/PROGRESS.tsv
35413198977b03e32386886f6751544ca841e555776c8bb1d3e069bd99572c8b	6002	execution/_Coordination/AgentRuns/SOW-STAGE2-EXEC-20260712-01/instances/WORKING-P3-PKG12/children/AUTHOR-B1/REPLACEMENT_ROWS.tsv
0ddfd9647ec11375870068263835f3b0d790ded78c34c24d10ad3cde61a2d9ca	1612	execution/_Coordination/AgentRuns/SOW-STAGE2-EXEC-20260712-01/instances/WORKING-P3-PKG12/children/AUTHOR-B1/RETURN.md
ead2447435cbab9748bb4cf6abebc55ae2c558bbf9c7bd23c8852f8c39d053ba	1898	execution/_Coordination/AgentRuns/SOW-STAGE2-EXEC-20260712-01/instances/WORKING-P3-PKG12/children/AUTHOR-B1/RUNTIME_EVENTS.jsonl
ecd0835218547a64f1f76578b4f80983d220c1c666a0d0246e465cd4001db47c	901	execution/_Coordination/AgentRuns/SOW-STAGE2-EXEC-20260712-01/instances/WORKING-P3-PKG12/children/AUTHOR-B1/SIMULATIONS.tsv
ec80a117de9adc23421977fdb46fa5a3d618a9e425bb07ceccb9faee33cb13a9	623	execution/_Coordination/AgentRuns/SOW-STAGE2-EXEC-20260712-01/instances/WORKING-P3-PKG12/children/AUTHOR-B1/STATUS.json
ee002f00d8a79cf504da5c3d941d14c2d61d21bbdf4698b487680960608ce148	375	execution/_Coordination/AgentRuns/SOW-STAGE2-EXEC-20260712-01/instances/WORKING-P3-PKG12/children/AUTHOR-B1/VERDICTS.tsv
eaf78e5a5275a18add380dd74c649ceedf3a58a209a5b4fcfdd7b986d335e7c4	151	execution/_Coordination/AgentRuns/SOW-STAGE2-EXEC-20260712-01/instances/WORKING-P3-PKG12/children/AUTHOR-B1/WHOLE_DIFF_HYGIENE.txt
e3b0c44298fc1c149afbf4c8996fb92427ae41e4649b934ca495991b7852b855	0	execution/_Coordination/AgentRuns/SOW-STAGE2-EXEC-20260712-01/instances/WORKING-P3-PKG12/children/AUTHOR-B1/WHOLE_DIFF_HYGIENE.warnings
f4f5fad420c19bad90597f619ef6f4fe17006df313b4674c16f2140a1b4efba3	2568	execution/_Coordination/AgentRuns/SOW-STAGE2-EXEC-20260712-01/instances/WORKING-P3-PKG12/children/AUTHOR-B1/_run_records/TASK_RUN_2026-07-14_AUTHOR-B1.md
9a271f2a916b0b6ee6cecb2426f0b3206ef074578be55d9bc94f6f3fe3ab86aa	2	execution/_Coordination/AgentRuns/SOW-STAGE2-EXEC-20260712-01/instances/WORKING-P3-PKG12/children/AUTHOR-B1/dependency-schema-1.exit
e3b0c44298fc1c149afbf4c8996fb92427ae41e4649b934ca495991b7852b855	0	execution/_Coordination/AgentRuns/SOW-STAGE2-EXEC-20260712-01/instances/WORKING-P3-PKG12/children/AUTHOR-B1/dependency-schema-1.stderr
1e3843f53cabdd751bcf6eba44d8967a99b87bcfc547923803ae4f110965c607	278	execution/_Coordination/AgentRuns/SOW-STAGE2-EXEC-20260712-01/instances/WORKING-P3-PKG12/children/AUTHOR-B1/dependency-schema-1.stdout
9a271f2a916b0b6ee6cecb2426f0b3206ef074578be55d9bc94f6f3fe3ab86aa	2	execution/_Coordination/AgentRuns/SOW-STAGE2-EXEC-20260712-01/instances/WORKING-P3-PKG12/children/AUTHOR-B1/dependency-schema-2.exit
e3b0c44298fc1c149afbf4c8996fb92427ae41e4649b934ca495991b7852b855	0	execution/_Coordination/AgentRuns/SOW-STAGE2-EXEC-20260712-01/instances/WORKING-P3-PKG12/children/AUTHOR-B1/dependency-schema-2.stderr
59b8639c171e4c311beac343e80647efba6b905ad8203b38aec6bdefc80f0a7e	278	execution/_Coordination/AgentRuns/SOW-STAGE2-EXEC-20260712-01/instances/WORKING-P3-PKG12/children/AUTHOR-B1/dependency-schema-2.stdout
9a271f2a916b0b6ee6cecb2426f0b3206ef074578be55d9bc94f6f3fe3ab86aa	2	execution/_Coordination/AgentRuns/SOW-STAGE2-EXEC-20260712-01/instances/WORKING-P3-PKG12/children/AUTHOR-B1/dependency-schema-3.exit
e3b0c44298fc1c149afbf4c8996fb92427ae41e4649b934ca495991b7852b855	0	execution/_Coordination/AgentRuns/SOW-STAGE2-EXEC-20260712-01/instances/WORKING-P3-PKG12/children/AUTHOR-B1/dependency-schema-3.stderr
8b6da23c6bd6ed8bb9ed0cbfa8ed3dc925d91be6dbedbbfbdb3cfcdb219d2b0f	267	execution/_Coordination/AgentRuns/SOW-STAGE2-EXEC-20260712-01/instances/WORKING-P3-PKG12/children/AUTHOR-B1/dependency-schema-3.stdout
9a271f2a916b0b6ee6cecb2426f0b3206ef074578be55d9bc94f6f3fe3ab86aa	2	execution/_Coordination/AgentRuns/SOW-STAGE2-EXEC-20260712-01/instances/WORKING-P3-PKG12/children/AUTHOR-B1/dependency-schema-4.exit
e3b0c44298fc1c149afbf4c8996fb92427ae41e4649b934ca495991b7852b855	0	execution/_Coordination/AgentRuns/SOW-STAGE2-EXEC-20260712-01/instances/WORKING-P3-PKG12/children/AUTHOR-B1/dependency-schema-4.stderr
91e007dc13bbd2f52a322500a8ee35f30bacf462f2fc896ac5da6763bdafdcb0	271	execution/_Coordination/AgentRuns/SOW-STAGE2-EXEC-20260712-01/instances/WORKING-P3-PKG12/children/AUTHOR-B1/dependency-schema-4.stdout
9a271f2a916b0b6ee6cecb2426f0b3206ef074578be55d9bc94f6f3fe3ab86aa	2	execution/_Coordination/AgentRuns/SOW-STAGE2-EXEC-20260712-01/instances/WORKING-P3-PKG12/children/AUTHOR-B1/dependency-schema-5.exit
e3b0c44298fc1c149afbf4c8996fb92427ae41e4649b934ca495991b7852b855	0	execution/_Coordination/AgentRuns/SOW-STAGE2-EXEC-20260712-01/instances/WORKING-P3-PKG12/children/AUTHOR-B1/dependency-schema-5.stderr
5cf61cdc0d192e02c3f78c6affc091dbbc13311653daa6f60196eae53e0ede48	257	execution/_Coordination/AgentRuns/SOW-STAGE2-EXEC-20260712-01/instances/WORKING-P3-PKG12/children/AUTHOR-B1/dependency-schema-5.stdout
7a7d082cee07dc2e8de244bfac2516da800580a652e929f8c90a7d096798876a	6396	execution/_Coordination/AgentRuns/SOW-STAGE2-EXEC-20260712-01/instances/WORKING-P3-PKG12/children/AUTHOR-B1/finalize_author_pkg12.py
d5aadea37d4e78719c2674b5b2a26fde306065af0146e7a91fb68aedf43c879a	626	execution/_Coordination/AgentRuns/SOW-STAGE2-EXEC-20260712-01/instances/WORKING-P3-PKG12/children/AUTHOR-B1/members/DEL-12-01/DERIVATIVE_DETERMINISM.tsv
8925bc779e858ab902ee5de850d4082caeba600d25252d406bb2c3869ab0b5f5	506	execution/_Coordination/AgentRuns/SOW-STAGE2-EXEC-20260712-01/instances/WORKING-P3-PKG12/children/AUTHOR-B1/members/DEL-12-01/DETERMINISM.tsv
64b7e5f092b74c698abedf39e1b4632dc3fd450830bf9f229d61dde1d9e44c72	1628	execution/_Coordination/AgentRuns/SOW-STAGE2-EXEC-20260712-01/instances/WORKING-P3-PKG12/children/AUTHOR-B1/members/DEL-12-01/FROZEN_ROW.tsv
5b8970d6c375f0c3385f9919fd28aeadb8c1685aa5c682972bd3d905d3a94047	820	execution/_Coordination/AgentRuns/SOW-STAGE2-EXEC-20260712-01/instances/WORKING-P3-PKG12/children/AUTHOR-B1/members/DEL-12-01/IMMUTABLE_LITERAL_AND_CONTEXT_REVIEW.md
e104a101b3e4907db6c15204f1bf93cc798bea0ee66c02d874d5c9df50dd7f0e	630	execution/_Coordination/AgentRuns/SOW-STAGE2-EXEC-20260712-01/instances/WORKING-P3-PKG12/children/AUTHOR-B1/members/DEL-12-01/MEMBER_SUMMARY.md
f9975e38eae45bd233f8d3aee92da30f70948984a5cf1bfba4a11b31991fb16d	1657	execution/_Coordination/AgentRuns/SOW-STAGE2-EXEC-20260712-01/instances/WORKING-P3-PKG12/children/AUTHOR-B1/members/DEL-12-01/SOURCE_HASHES.tsv
f51bcc48460504dc00eddd476505a0a82f0b41f8b1b3c37bd25f687168ea0c0a	43455	execution/_Coordination/AgentRuns/SOW-STAGE2-EXEC-20260712-01/instances/WORKING-P3-PKG12/children/AUTHOR-B1/members/DEL-12-01/ScopeOfWork-a.html
f51bcc48460504dc00eddd476505a0a82f0b41f8b1b3c37bd25f687168ea0c0a	43455	execution/_Coordination/AgentRuns/SOW-STAGE2-EXEC-20260712-01/instances/WORKING-P3-PKG12/children/AUTHOR-B1/members/DEL-12-01/ScopeOfWork-b.html
1c8d4886faf9ec9586607d71d9304708ff9e7f5d116511b39359357e12f9245c	1824	execution/_Coordination/AgentRuns/SOW-STAGE2-EXEC-20260712-01/instances/WORKING-P3-PKG12/children/AUTHOR-B1/members/DEL-12-01/checklist-a.json
e3b0c44298fc1c149afbf4c8996fb92427ae41e4649b934ca495991b7852b855	0	execution/_Coordination/AgentRuns/SOW-STAGE2-EXEC-20260712-01/instances/WORKING-P3-PKG12/children/AUTHOR-B1/members/DEL-12-01/checklist-a.stderr
e3b0c44298fc1c149afbf4c8996fb92427ae41e4649b934ca495991b7852b855	0	execution/_Coordination/AgentRuns/SOW-STAGE2-EXEC-20260712-01/instances/WORKING-P3-PKG12/children/AUTHOR-B1/members/DEL-12-01/checklist-a.stdout
1c8d4886faf9ec9586607d71d9304708ff9e7f5d116511b39359357e12f9245c	1824	execution/_Coordination/AgentRuns/SOW-STAGE2-EXEC-20260712-01/instances/WORKING-P3-PKG12/children/AUTHOR-B1/members/DEL-12-01/checklist-b.json
e3b0c44298fc1c149afbf4c8996fb92427ae41e4649b934ca495991b7852b855	0	execution/_Coordination/AgentRuns/SOW-STAGE2-EXEC-20260712-01/instances/WORKING-P3-PKG12/children/AUTHOR-B1/members/DEL-12-01/checklist-b.stderr
e3b0c44298fc1c149afbf4c8996fb92427ae41e4649b934ca495991b7852b855	0	execution/_Coordination/AgentRuns/SOW-STAGE2-EXEC-20260712-01/instances/WORKING-P3-PKG12/children/AUTHOR-B1/members/DEL-12-01/checklist-b.stdout
64899cad3f7a6a555ebc479d1f21403175086a187874c64b2583a948db29ffa1	5765	execution/_Coordination/AgentRuns/SOW-STAGE2-EXEC-20260712-01/instances/WORKING-P3-PKG12/children/AUTHOR-B1/members/DEL-12-01/claim-map-a.csv
e3b0c44298fc1c149afbf4c8996fb92427ae41e4649b934ca495991b7852b855	0	execution/_Coordination/AgentRuns/SOW-STAGE2-EXEC-20260712-01/instances/WORKING-P3-PKG12/children/AUTHOR-B1/members/DEL-12-01/claim-map-a.stderr
333be2157ed925065beacc4cedbf62c8f8654db65e8d905776c67a6a51346dba	207	execution/_Coordination/AgentRuns/SOW-STAGE2-EXEC-20260712-01/instances/WORKING-P3-PKG12/children/AUTHOR-B1/members/DEL-12-01/claim-map-a.stdout
64899cad3f7a6a555ebc479d1f21403175086a187874c64b2583a948db29ffa1	5765	execution/_Coordination/AgentRuns/SOW-STAGE2-EXEC-20260712-01/instances/WORKING-P3-PKG12/children/AUTHOR-B1/members/DEL-12-01/claim-map-b.csv
e3b0c44298fc1c149afbf4c8996fb92427ae41e4649b934ca495991b7852b855	0	execution/_Coordination/AgentRuns/SOW-STAGE2-EXEC-20260712-01/instances/WORKING-P3-PKG12/children/AUTHOR-B1/members/DEL-12-01/claim-map-b.stderr
8e6096c881e5d583954cf4adf5a8e5d24579552bcb8ed0f379c898f94858cfe4	207	execution/_Coordination/AgentRuns/SOW-STAGE2-EXEC-20260712-01/instances/WORKING-P3-PKG12/children/AUTHOR-B1/members/DEL-12-01/claim-map-b.stdout
e3b0c44298fc1c149afbf4c8996fb92427ae41e4649b934ca495991b7852b855	0	execution/_Coordination/AgentRuns/SOW-STAGE2-EXEC-20260712-01/instances/WORKING-P3-PKG12/children/AUTHOR-B1/members/DEL-12-01/conversion-a.stderr
24a3cee295e37baff2bb0968595b4e876acf1d83ceb898292a0c9bd5c3c03351	198	execution/_Coordination/AgentRuns/SOW-STAGE2-EXEC-20260712-01/instances/WORKING-P3-PKG12/children/AUTHOR-B1/members/DEL-12-01/conversion-a.stdout
e3b0c44298fc1c149afbf4c8996fb92427ae41e4649b934ca495991b7852b855	0	execution/_Coordination/AgentRuns/SOW-STAGE2-EXEC-20260712-01/instances/WORKING-P3-PKG12/children/AUTHOR-B1/members/DEL-12-01/conversion-b.stderr
017ef20f36984c24a2f589111ce0be1ea382c9b69af24bf1a522a5253592c9b4	198	execution/_Coordination/AgentRuns/SOW-STAGE2-EXEC-20260712-01/instances/WORKING-P3-PKG12/children/AUTHOR-B1/members/DEL-12-01/conversion-b.stdout
d2a49729412209263244295c347be09fb10c4e0a9171fad717735a895014a873	34287	execution/_Coordination/AgentRuns/SOW-STAGE2-EXEC-20260712-01/instances/WORKING-P3-PKG12/children/AUTHOR-B1/members/DEL-12-01/final-a/ScopeOfWork.md
f1f9f4f103cc74c9aa23aa6f5f89c1319651d7248ffd6a06235277d29d6ddf89	12081	execution/_Coordination/AgentRuns/SOW-STAGE2-EXEC-20260712-01/instances/WORKING-P3-PKG12/children/AUTHOR-B1/members/DEL-12-01/final-a/report.json
d2a49729412209263244295c347be09fb10c4e0a9171fad717735a895014a873	34287	execution/_Coordination/AgentRuns/SOW-STAGE2-EXEC-20260712-01/instances/WORKING-P3-PKG12/children/AUTHOR-B1/members/DEL-12-01/final-b/ScopeOfWork.md
f1f9f4f103cc74c9aa23aa6f5f89c1319651d7248ffd6a06235277d29d6ddf89	12081	execution/_Coordination/AgentRuns/SOW-STAGE2-EXEC-20260712-01/instances/WORKING-P3-PKG12/children/AUTHOR-B1/members/DEL-12-01/final-b/report.json
e3b0c44298fc1c149afbf4c8996fb92427ae41e4649b934ca495991b7852b855	0	execution/_Coordination/AgentRuns/SOW-STAGE2-EXEC-20260712-01/instances/WORKING-P3-PKG12/children/AUTHOR-B1/members/DEL-12-01/finalization-a.stderr
46bd29be7f53fd4a4a5e63eb5f6706275db8564695d7a70dd741b3d624875f1e	216	execution/_Coordination/AgentRuns/SOW-STAGE2-EXEC-20260712-01/instances/WORKING-P3-PKG12/children/AUTHOR-B1/members/DEL-12-01/finalization-a.stdout
e3b0c44298fc1c149afbf4c8996fb92427ae41e4649b934ca495991b7852b855	0	execution/_Coordination/AgentRuns/SOW-STAGE2-EXEC-20260712-01/instances/WORKING-P3-PKG12/children/AUTHOR-B1/members/DEL-12-01/finalization-b.stderr
0c6a67103a31e6cbd2b45153ac0cae862513771256820896d4457d9adea0d8bd	216	execution/_Coordination/AgentRuns/SOW-STAGE2-EXEC-20260712-01/instances/WORKING-P3-PKG12/children/AUTHOR-B1/members/DEL-12-01/finalization-b.stdout
2a5068a1fb22091f158cc726e90ef5aaf1091ce58d963d5bedaaa9c2453e18d9	34306	execution/_Coordination/AgentRuns/SOW-STAGE2-EXEC-20260712-01/instances/WORKING-P3-PKG12/children/AUTHOR-B1/members/DEL-12-01/mutated-production/ScopeOfWork.md
4355a46b19d348dc2f57c046f8ef63d4538ebb936000f3c9ee954a27460dd865	2	execution/_Coordination/AgentRuns/SOW-STAGE2-EXEC-20260712-01/instances/WORKING-P3-PKG12/children/AUTHOR-B1/members/DEL-12-01/negative-ambiguous-checklist.exit
b37a0cca9858c0352661b65d064e00020bbe562dbdaab6454812cd6c24f7dd2c	167	execution/_Coordination/AgentRuns/SOW-STAGE2-EXEC-20260712-01/instances/WORKING-P3-PKG12/children/AUTHOR-B1/members/DEL-12-01/negative-ambiguous-checklist.stderr
e3b0c44298fc1c149afbf4c8996fb92427ae41e4649b934ca495991b7852b855	0	execution/_Coordination/AgentRuns/SOW-STAGE2-EXEC-20260712-01/instances/WORKING-P3-PKG12/children/AUTHOR-B1/members/DEL-12-01/negative-ambiguous-checklist.stdout
4355a46b19d348dc2f57c046f8ef63d4538ebb936000f3c9ee954a27460dd865	2	execution/_Coordination/AgentRuns/SOW-STAGE2-EXEC-20260712-01/instances/WORKING-P3-PKG12/children/AUTHOR-B1/members/DEL-12-01/negative-evidence-render.exit
cb0da27c60dce6b4cbcfd06282c5b6f1266cc686411a099c3c2ce0fa13f2bc8d	129	execution/_Coordination/AgentRuns/SOW-STAGE2-EXEC-20260712-01/instances/WORKING-P3-PKG12/children/AUTHOR-B1/members/DEL-12-01/negative-evidence-render.stderr
e3b0c44298fc1c149afbf4c8996fb92427ae41e4649b934ca495991b7852b855	0	execution/_Coordination/AgentRuns/SOW-STAGE2-EXEC-20260712-01/instances/WORKING-P3-PKG12/children/AUTHOR-B1/members/DEL-12-01/negative-evidence-render.stdout
4355a46b19d348dc2f57c046f8ef63d4538ebb936000f3c9ee954a27460dd865	2	execution/_Coordination/AgentRuns/SOW-STAGE2-EXEC-20260712-01/instances/WORKING-P3-PKG12/children/AUTHOR-B1/members/DEL-12-01/negative-mutated-map.exit
508e4cba64abbcf0b6795d7878007071f478f6346c8328a87ab00f3b4203657f	97	execution/_Coordination/AgentRuns/SOW-STAGE2-EXEC-20260712-01/instances/WORKING-P3-PKG12/children/AUTHOR-B1/members/DEL-12-01/negative-mutated-map.stderr
e3b0c44298fc1c149afbf4c8996fb92427ae41e4649b934ca495991b7852b855	0	execution/_Coordination/AgentRuns/SOW-STAGE2-EXEC-20260712-01/instances/WORKING-P3-PKG12/children/AUTHOR-B1/members/DEL-12-01/negative-mutated-map.stdout
4355a46b19d348dc2f57c046f8ef63d4538ebb936000f3c9ee954a27460dd865	2	execution/_Coordination/AgentRuns/SOW-STAGE2-EXEC-20260712-01/instances/WORKING-P3-PKG12/children/AUTHOR-B1/members/DEL-12-01/negative-mutated-parity.exit
9277e3b96a7788a972be13ffd60d1baeb59e4d3f85bb7ebc0b953b2a74ac83a8	7692	execution/_Coordination/AgentRuns/SOW-STAGE2-EXEC-20260712-01/instances/WORKING-P3-PKG12/children/AUTHOR-B1/members/DEL-12-01/negative-mutated-parity.json
e3b0c44298fc1c149afbf4c8996fb92427ae41e4649b934ca495991b7852b855	0	execution/_Coordination/AgentRuns/SOW-STAGE2-EXEC-20260712-01/instances/WORKING-P3-PKG12/children/AUTHOR-B1/members/DEL-12-01/negative-mutated-parity.stderr
60bcd11ebb401bcd8a31680f173d508beaa36ff5043c8d849b978e8b23d89eae	15	execution/_Coordination/AgentRuns/SOW-STAGE2-EXEC-20260712-01/instances/WORKING-P3-PKG12/children/AUTHOR-B1/members/DEL-12-01/negative-mutated-parity.stdout
252735bfd2e854a9142e94b9906b21933bb6b6396f69b842666c2760ee1dbec9	7139	execution/_Coordination/AgentRuns/SOW-STAGE2-EXEC-20260712-01/instances/WORKING-P3-PKG12/children/AUTHOR-B1/members/DEL-12-01/negative-partial/Datasheet.md
4ad08c5e5d231d210bef823492ab75433d1e55d80b1a33ea4807c9f3490a8cbf	4908	execution/_Coordination/AgentRuns/SOW-STAGE2-EXEC-20260712-01/instances/WORKING-P3-PKG12/children/AUTHOR-B1/members/DEL-12-01/negative-partial/_STATUS.md
4355a46b19d348dc2f57c046f8ef63d4538ebb936000f3c9ee954a27460dd865	2	execution/_Coordination/AgentRuns/SOW-STAGE2-EXEC-20260712-01/instances/WORKING-P3-PKG12/children/AUTHOR-B1/members/DEL-12-01/negative-partial-validation.exit
e3b0c44298fc1c149afbf4c8996fb92427ae41e4649b934ca495991b7852b855	0	execution/_Coordination/AgentRuns/SOW-STAGE2-EXEC-20260712-01/instances/WORKING-P3-PKG12/children/AUTHOR-B1/members/DEL-12-01/negative-partial-validation.stderr
efc787aeb283a2a2b157c3a0d1f24d8e4e700635e09beba0a0193ded65368ef7	387	execution/_Coordination/AgentRuns/SOW-STAGE2-EXEC-20260712-01/instances/WORKING-P3-PKG12/children/AUTHOR-B1/members/DEL-12-01/negative-partial-validation.stdout
4355a46b19d348dc2f57c046f8ef63d4538ebb936000f3c9ee954a27460dd865	2	execution/_Coordination/AgentRuns/SOW-STAGE2-EXEC-20260712-01/instances/WORKING-P3-PKG12/children/AUTHOR-B1/members/DEL-12-01/negative-unauthorized-checklist.exit
72fbdb46d4b55ceeac9cb009dbd09cf92cf5cd08ccb47758238c60f426fecfc6	249	execution/_Coordination/AgentRuns/SOW-STAGE2-EXEC-20260712-01/instances/WORKING-P3-PKG12/children/AUTHOR-B1/members/DEL-12-01/negative-unauthorized-checklist.stderr
e3b0c44298fc1c149afbf4c8996fb92427ae41e4649b934ca495991b7852b855	0	execution/_Coordination/AgentRuns/SOW-STAGE2-EXEC-20260712-01/instances/WORKING-P3-PKG12/children/AUTHOR-B1/members/DEL-12-01/negative-unauthorized-checklist.stdout
4355a46b19d348dc2f57c046f8ef63d4538ebb936000f3c9ee954a27460dd865	2	execution/_Coordination/AgentRuns/SOW-STAGE2-EXEC-20260712-01/instances/WORKING-P3-PKG12/children/AUTHOR-B1/members/DEL-12-01/negative-unauthorized-dual.exit
e3b0c44298fc1c149afbf4c8996fb92427ae41e4649b934ca495991b7852b855	0	execution/_Coordination/AgentRuns/SOW-STAGE2-EXEC-20260712-01/instances/WORKING-P3-PKG12/children/AUTHOR-B1/members/DEL-12-01/negative-unauthorized-dual.stderr
de5a6c429e06e5c33170547b0a72014cc47981bc773f24086b8b7d9e25d62357	485	execution/_Coordination/AgentRuns/SOW-STAGE2-EXEC-20260712-01/instances/WORKING-P3-PKG12/children/AUTHOR-B1/members/DEL-12-01/negative-unauthorized-dual.stdout
b3a9bd182d86daa2297c7e72a3b2934b97283099e44ee2be1429cf09d17d679d	7530	execution/_Coordination/AgentRuns/SOW-STAGE2-EXEC-20260712-01/instances/WORKING-P3-PKG12/children/AUTHOR-B1/members/DEL-12-01/parity-a.json
b824792154c4d978c984428525eea2184325f87705de4d302b178e6bcbccee83	291	execution/_Coordination/AgentRuns/SOW-STAGE2-EXEC-20260712-01/instances/WORKING-P3-PKG12/children/AUTHOR-B1/members/DEL-12-01/parity-a.md
e3b0c44298fc1c149afbf4c8996fb92427ae41e4649b934ca495991b7852b855	0	execution/_Coordination/AgentRuns/SOW-STAGE2-EXEC-20260712-01/instances/WORKING-P3-PKG12/children/AUTHOR-B1/members/DEL-12-01/parity-a.stderr
77c1df29d87ef87108696ddcaf248981a4dfc839e3e11cbb661563689d46414d	15	execution/_Coordination/AgentRuns/SOW-STAGE2-EXEC-20260712-01/instances/WORKING-P3-PKG12/children/AUTHOR-B1/members/DEL-12-01/parity-a.stdout
b3a9bd182d86daa2297c7e72a3b2934b97283099e44ee2be1429cf09d17d679d	7530	execution/_Coordination/AgentRuns/SOW-STAGE2-EXEC-20260712-01/instances/WORKING-P3-PKG12/children/AUTHOR-B1/members/DEL-12-01/parity-b.json
b824792154c4d978c984428525eea2184325f87705de4d302b178e6bcbccee83	291	execution/_Coordination/AgentRuns/SOW-STAGE2-EXEC-20260712-01/instances/WORKING-P3-PKG12/children/AUTHOR-B1/members/DEL-12-01/parity-b.md
e3b0c44298fc1c149afbf4c8996fb92427ae41e4649b934ca495991b7852b855	0	execution/_Coordination/AgentRuns/SOW-STAGE2-EXEC-20260712-01/instances/WORKING-P3-PKG12/children/AUTHOR-B1/members/DEL-12-01/parity-b.stderr
77c1df29d87ef87108696ddcaf248981a4dfc839e3e11cbb661563689d46414d	15	execution/_Coordination/AgentRuns/SOW-STAGE2-EXEC-20260712-01/instances/WORKING-P3-PKG12/children/AUTHOR-B1/members/DEL-12-01/parity-b.stdout
e3b0c44298fc1c149afbf4c8996fb92427ae41e4649b934ca495991b7852b855	0	execution/_Coordination/AgentRuns/SOW-STAGE2-EXEC-20260712-01/instances/WORKING-P3-PKG12/children/AUTHOR-B1/members/DEL-12-01/render-a.stderr
e3b0c44298fc1c149afbf4c8996fb92427ae41e4649b934ca495991b7852b855	0	execution/_Coordination/AgentRuns/SOW-STAGE2-EXEC-20260712-01/instances/WORKING-P3-PKG12/children/AUTHOR-B1/members/DEL-12-01/render-a.stdout
e3b0c44298fc1c149afbf4c8996fb92427ae41e4649b934ca495991b7852b855	0	execution/_Coordination/AgentRuns/SOW-STAGE2-EXEC-20260712-01/instances/WORKING-P3-PKG12/children/AUTHOR-B1/members/DEL-12-01/render-b.stderr
e3b0c44298fc1c149afbf4c8996fb92427ae41e4649b934ca495991b7852b855	0	execution/_Coordination/AgentRuns/SOW-STAGE2-EXEC-20260712-01/instances/WORKING-P3-PKG12/children/AUTHOR-B1/members/DEL-12-01/render-b.stdout
c7cd8fb73aa16e6a7d2761de4302e937abbe4f4d0b2edd0e0304a49f3d395b56	18446	execution/_Coordination/AgentRuns/SOW-STAGE2-EXEC-20260712-01/instances/WORKING-P3-PKG12/children/AUTHOR-B1/members/DEL-12-01/simulation/apply/Dependencies.csv
c92670e0a51616cf8af5483716dce904330e888d2a8ebaffea64b015fe9c35a5	12736	execution/_Coordination/AgentRuns/SOW-STAGE2-EXEC-20260712-01/instances/WORKING-P3-PKG12/children/AUTHOR-B1/members/DEL-12-01/simulation/apply/MEMORY.md
aff9649f86d116fe2eb21d4a3f8310a67cf53841053ab59537fd0aaccfbd4581	1531	execution/_Coordination/AgentRuns/SOW-STAGE2-EXEC-20260712-01/instances/WORKING-P3-PKG12/children/AUTHOR-B1/members/DEL-12-01/simulation/apply/Review_Findings.csv
d2a49729412209263244295c347be09fb10c4e0a9171fad717735a895014a873	34287	execution/_Coordination/AgentRuns/SOW-STAGE2-EXEC-20260712-01/instances/WORKING-P3-PKG12/children/AUTHOR-B1/members/DEL-12-01/simulation/apply/ScopeOfWork.md
fa337f7f1978f2cd1a2615322c7eb46e14c2529d64d1edef373f4589819358a1	4011	execution/_Coordination/AgentRuns/SOW-STAGE2-EXEC-20260712-01/instances/WORKING-P3-PKG12/children/AUTHOR-B1/members/DEL-12-01/simulation/apply/_CONTEXT.md
b2477665ec8eeece7ef8e6af07e8b1e22f5144f9217872c7a24f2e9c46b6c6b4	4168	execution/_Coordination/AgentRuns/SOW-STAGE2-EXEC-20260712-01/instances/WORKING-P3-PKG12/children/AUTHOR-B1/members/DEL-12-01/simulation/apply/_DEPENDENCIES.md
644d2c41fb8485351d04d45886de07bf9650da0d4fcda7035e3c00c32bee1918	1369	execution/_Coordination/AgentRuns/SOW-STAGE2-EXEC-20260712-01/instances/WORKING-P3-PKG12/children/AUTHOR-B1/members/DEL-12-01/simulation/apply/_REFERENCES.md
c0041e977d849cf32d33029e4b7813a1cd15514f19491f14806805295208c28f	5712	execution/_Coordination/AgentRuns/SOW-STAGE2-EXEC-20260712-01/instances/WORKING-P3-PKG12/children/AUTHOR-B1/members/DEL-12-01/simulation/apply/_REVIEW.md
904de0cf320ad9c4f0728d745287e0ec165c8d5f08595ba3475068bff80870e9	43677	execution/_Coordination/AgentRuns/SOW-STAGE2-EXEC-20260712-01/instances/WORKING-P3-PKG12/children/AUTHOR-B1/members/DEL-12-01/simulation/apply/_SEMANTIC.md
b9b5532847e401476355f6df7d8a557f05c4978d058906fc2be5cf84313284c6	18831	execution/_Coordination/AgentRuns/SOW-STAGE2-EXEC-20260712-01/instances/WORKING-P3-PKG12/children/AUTHOR-B1/members/DEL-12-01/simulation/apply/_SEMANTIC_LENSING.md
4ad08c5e5d231d210bef823492ab75433d1e55d80b1a33ea4807c9f3490a8cbf	4908	execution/_Coordination/AgentRuns/SOW-STAGE2-EXEC-20260712-01/instances/WORKING-P3-PKG12/children/AUTHOR-B1/members/DEL-12-01/simulation/apply/_STATUS.md
af1c747cac1863dad918a0ec5c347a6267f8f7ce387665e57a1b6742e34d445a	1249	execution/_Coordination/AgentRuns/SOW-STAGE2-EXEC-20260712-01/instances/WORKING-P3-PKG12/children/AUTHOR-B1/members/DEL-12-01/simulation/apply/_run_records/TASK_RUN_2026-04-30_1418_four-documents-P1-P2.md
d7de09ee6d52acd197fc78aadedccab651297697423392ced3c80e536c99c575	751	execution/_Coordination/AgentRuns/SOW-STAGE2-EXEC-20260712-01/instances/WORKING-P3-PKG12/children/AUTHOR-B1/members/DEL-12-01/simulation/apply/_run_records/TASK_RUN_2026-04-30_1419_semantic-matrix-build.md
f1a1581a5d650af16815167556d75ab4c50733f3e9bfc200d22d722599e3d941	709	execution/_Coordination/AgentRuns/SOW-STAGE2-EXEC-20260712-01/instances/WORKING-P3-PKG12/children/AUTHOR-B1/members/DEL-12-01/simulation/apply/_run_records/TASK_RUN_2026-04-30_1420_lens-register.md
b80a690e3278f652ccf325a1f98edc4378d1014df5e71a242956f205df564449	872	execution/_Coordination/AgentRuns/SOW-STAGE2-EXEC-20260712-01/instances/WORKING-P3-PKG12/children/AUTHOR-B1/members/DEL-12-01/simulation/apply/_run_records/TASK_RUN_2026-04-30_1421_four-documents-P3.md
040ade18351f583753da1045e118f8d9bb4f42911bdf71a691e2701d3199234c	859	execution/_Coordination/AgentRuns/SOW-STAGE2-EXEC-20260712-01/instances/WORKING-P3-PKG12/children/AUTHOR-B1/members/DEL-12-01/simulation/apply/_run_records/TASK_RUN_2026-04-30_1422_dependency-extract.md
ae525e34b8c2e3ec78aebe80e9fb05e3ccacc04297f2c3ec742a2ed079034a25	1488	execution/_Coordination/AgentRuns/SOW-STAGE2-EXEC-20260712-01/instances/WORKING-P3-PKG12/children/AUTHOR-B1/members/DEL-12-01/simulation/apply/_run_records/TASK_RUN_2026-04-30_setup.md
e51ad192d13668d8eddf534f84dfa450a3eb30a08d003ee6ee5a4d39a741e9b4	3764	execution/_Coordination/AgentRuns/SOW-STAGE2-EXEC-20260712-01/instances/WORKING-P3-PKG12/children/AUTHOR-B1/members/DEL-12-01/simulation/apply/_run_records/TASK_RUN_2026-05-10_2330_dependency-refresh-closeout.md
36d699851073af777a36f2d9c6a3d8c1dd5b5825c3e317aa0a4284951b830100	1765	execution/_Coordination/AgentRuns/SOW-STAGE2-EXEC-20260712-01/instances/WORKING-P3-PKG12/children/AUTHOR-B1/members/DEL-12-01/simulation/apply/_run_records/TASK_RUN_2026-06-04_authority-refresh-0.7-dag006_DEL-12-01.md
ac29a99ca2dc1929cc1eb7ca5ba1c1eaf7c06d248734f676889455018e07281f	4842	execution/_Coordination/AgentRuns/SOW-STAGE2-EXEC-20260712-01/instances/WORKING-P3-PKG12/children/AUTHOR-B1/members/DEL-12-01/simulation/apply/_run_records/TASK_RUN_2026-06-07_0140.md
7ef235176605756fca656c837eee8e889636bd4c54725ce259a6746914bc48b0	6178	execution/_Coordination/AgentRuns/SOW-STAGE2-EXEC-20260712-01/instances/WORKING-P3-PKG12/children/AUTHOR-B1/members/DEL-12-01/simulation/apply/_run_records/TASK_RUN_2026-06-07_1024_DEL-12-01_readiness-evidence-alignment.md
73a6aceac38baccf598abf0b9c62cc488e69379f165edca943561dc2ebd7ba57	2482	execution/_Coordination/AgentRuns/SOW-STAGE2-EXEC-20260712-01/instances/WORKING-P3-PKG12/children/AUTHOR-B1/members/DEL-12-01/simulation/apply/_run_records/TASK_RUN_2026-06-16_2358_dependency-semantic-refresh.md
7adadfffd228f91550682a1f4e4d8b725ceb83312bd8f3945365dc1e619970f9	998	execution/_Coordination/AgentRuns/SOW-STAGE2-EXEC-20260712-01/instances/WORKING-P3-PKG12/children/AUTHOR-B1/members/DEL-12-01/simulation/apply/_run_records/WORKING_ITEMS_RUN_2026-07-12_D41-R5-T3-PDU018-PDU028.md
8d184828f6debda5951ae3bf53c5b64306fe86509e903bcf0c2d242dd160ae9a	516	execution/_Coordination/AgentRuns/SOW-STAGE2-EXEC-20260712-01/instances/WORKING-P3-PKG12/children/AUTHOR-B1/members/DEL-12-01/simulation/apply/_run_records/WORKING_ITEMS_RUN_2026-07-12_D41-R5-T4-PDU036.md
03c0152f00701b800208ab5014416d6a00a7bbe2fe6185b94e1940b43e55a7df	917	execution/_Coordination/AgentRuns/SOW-STAGE2-EXEC-20260712-01/instances/WORKING-P3-PKG12/children/AUTHOR-B1/members/DEL-12-01/simulation/apply/_run_records/WORKING_ITEMS_RUN_2026-07-12_D41-R5-T7-PDU055-CURRENTNESS.md
252735bfd2e854a9142e94b9906b21933bb6b6396f69b842666c2760ee1dbec9	7139	execution/_Coordination/AgentRuns/SOW-STAGE2-EXEC-20260712-01/instances/WORKING-P3-PKG12/children/AUTHOR-B1/members/DEL-12-01/simulation/rollback/Datasheet.md
c7cd8fb73aa16e6a7d2761de4302e937abbe4f4d0b2edd0e0304a49f3d395b56	18446	execution/_Coordination/AgentRuns/SOW-STAGE2-EXEC-20260712-01/instances/WORKING-P3-PKG12/children/AUTHOR-B1/members/DEL-12-01/simulation/rollback/Dependencies.csv
fe318d3909612b8a5f0640a6ff7e7370e95d3b3107e5c61f71534fa4b4996af9	8361	execution/_Coordination/AgentRuns/SOW-STAGE2-EXEC-20260712-01/instances/WORKING-P3-PKG12/children/AUTHOR-B1/members/DEL-12-01/simulation/rollback/Guidance.md
c92670e0a51616cf8af5483716dce904330e888d2a8ebaffea64b015fe9c35a5	12736	execution/_Coordination/AgentRuns/SOW-STAGE2-EXEC-20260712-01/instances/WORKING-P3-PKG12/children/AUTHOR-B1/members/DEL-12-01/simulation/rollback/MEMORY.md
e6f6b3e2193b04e00d79e1eb9de35b27f2c85c9062f21af97d8be0460ab108d5	6180	execution/_Coordination/AgentRuns/SOW-STAGE2-EXEC-20260712-01/instances/WORKING-P3-PKG12/children/AUTHOR-B1/members/DEL-12-01/simulation/rollback/Procedure.md
aff9649f86d116fe2eb21d4a3f8310a67cf53841053ab59537fd0aaccfbd4581	1531	execution/_Coordination/AgentRuns/SOW-STAGE2-EXEC-20260712-01/instances/WORKING-P3-PKG12/children/AUTHOR-B1/members/DEL-12-01/simulation/rollback/Review_Findings.csv
9fd2e2b1fb78e67c84d26ba02ce7c3c241442f4bc011748feb047fb7940eb2be	8684	execution/_Coordination/AgentRuns/SOW-STAGE2-EXEC-20260712-01/instances/WORKING-P3-PKG12/children/AUTHOR-B1/members/DEL-12-01/simulation/rollback/Specification.md
fa337f7f1978f2cd1a2615322c7eb46e14c2529d64d1edef373f4589819358a1	4011	execution/_Coordination/AgentRuns/SOW-STAGE2-EXEC-20260712-01/instances/WORKING-P3-PKG12/children/AUTHOR-B1/members/DEL-12-01/simulation/rollback/_CONTEXT.md
b2477665ec8eeece7ef8e6af07e8b1e22f5144f9217872c7a24f2e9c46b6c6b4	4168	execution/_Coordination/AgentRuns/SOW-STAGE2-EXEC-20260712-01/instances/WORKING-P3-PKG12/children/AUTHOR-B1/members/DEL-12-01/simulation/rollback/_DEPENDENCIES.md
644d2c41fb8485351d04d45886de07bf9650da0d4fcda7035e3c00c32bee1918	1369	execution/_Coordination/AgentRuns/SOW-STAGE2-EXEC-20260712-01/instances/WORKING-P3-PKG12/children/AUTHOR-B1/members/DEL-12-01/simulation/rollback/_REFERENCES.md
c0041e977d849cf32d33029e4b7813a1cd15514f19491f14806805295208c28f	5712	execution/_Coordination/AgentRuns/SOW-STAGE2-EXEC-20260712-01/instances/WORKING-P3-PKG12/children/AUTHOR-B1/members/DEL-12-01/simulation/rollback/_REVIEW.md
904de0cf320ad9c4f0728d745287e0ec165c8d5f08595ba3475068bff80870e9	43677	execution/_Coordination/AgentRuns/SOW-STAGE2-EXEC-20260712-01/instances/WORKING-P3-PKG12/children/AUTHOR-B1/members/DEL-12-01/simulation/rollback/_SEMANTIC.md
b9b5532847e401476355f6df7d8a557f05c4978d058906fc2be5cf84313284c6	18831	execution/_Coordination/AgentRuns/SOW-STAGE2-EXEC-20260712-01/instances/WORKING-P3-PKG12/children/AUTHOR-B1/members/DEL-12-01/simulation/rollback/_SEMANTIC_LENSING.md
4ad08c5e5d231d210bef823492ab75433d1e55d80b1a33ea4807c9f3490a8cbf	4908	execution/_Coordination/AgentRuns/SOW-STAGE2-EXEC-20260712-01/instances/WORKING-P3-PKG12/children/AUTHOR-B1/members/DEL-12-01/simulation/rollback/_STATUS.md
af1c747cac1863dad918a0ec5c347a6267f8f7ce387665e57a1b6742e34d445a	1249	execution/_Coordination/AgentRuns/SOW-STAGE2-EXEC-20260712-01/instances/WORKING-P3-PKG12/children/AUTHOR-B1/members/DEL-12-01/simulation/rollback/_run_records/TASK_RUN_2026-04-30_1418_four-documents-P1-P2.md
d7de09ee6d52acd197fc78aadedccab651297697423392ced3c80e536c99c575	751	execution/_Coordination/AgentRuns/SOW-STAGE2-EXEC-20260712-01/instances/WORKING-P3-PKG12/children/AUTHOR-B1/members/DEL-12-01/simulation/rollback/_run_records/TASK_RUN_2026-04-30_1419_semantic-matrix-build.md
f1a1581a5d650af16815167556d75ab4c50733f3e9bfc200d22d722599e3d941	709	execution/_Coordination/AgentRuns/SOW-STAGE2-EXEC-20260712-01/instances/WORKING-P3-PKG12/children/AUTHOR-B1/members/DEL-12-01/simulation/rollback/_run_records/TASK_RUN_2026-04-30_1420_lens-register.md
b80a690e3278f652ccf325a1f98edc4378d1014df5e71a242956f205df564449	872	execution/_Coordination/AgentRuns/SOW-STAGE2-EXEC-20260712-01/instances/WORKING-P3-PKG12/children/AUTHOR-B1/members/DEL-12-01/simulation/rollback/_run_records/TASK_RUN_2026-04-30_1421_four-documents-P3.md
040ade18351f583753da1045e118f8d9bb4f42911bdf71a691e2701d3199234c	859	execution/_Coordination/AgentRuns/SOW-STAGE2-EXEC-20260712-01/instances/WORKING-P3-PKG12/children/AUTHOR-B1/members/DEL-12-01/simulation/rollback/_run_records/TASK_RUN_2026-04-30_1422_dependency-extract.md
ae525e34b8c2e3ec78aebe80e9fb05e3ccacc04297f2c3ec742a2ed079034a25	1488	execution/_Coordination/AgentRuns/SOW-STAGE2-EXEC-20260712-01/instances/WORKING-P3-PKG12/children/AUTHOR-B1/members/DEL-12-01/simulation/rollback/_run_records/TASK_RUN_2026-04-30_setup.md
e51ad192d13668d8eddf534f84dfa450a3eb30a08d003ee6ee5a4d39a741e9b4	3764	execution/_Coordination/AgentRuns/SOW-STAGE2-EXEC-20260712-01/instances/WORKING-P3-PKG12/children/AUTHOR-B1/members/DEL-12-01/simulation/rollback/_run_records/TASK_RUN_2026-05-10_2330_dependency-refresh-closeout.md
36d699851073af777a36f2d9c6a3d8c1dd5b5825c3e317aa0a4284951b830100	1765	execution/_Coordination/AgentRuns/SOW-STAGE2-EXEC-20260712-01/instances/WORKING-P3-PKG12/children/AUTHOR-B1/members/DEL-12-01/simulation/rollback/_run_records/TASK_RUN_2026-06-04_authority-refresh-0.7-dag006_DEL-12-01.md
ac29a99ca2dc1929cc1eb7ca5ba1c1eaf7c06d248734f676889455018e07281f	4842	execution/_Coordination/AgentRuns/SOW-STAGE2-EXEC-20260712-01/instances/WORKING-P3-PKG12/children/AUTHOR-B1/members/DEL-12-01/simulation/rollback/_run_records/TASK_RUN_2026-06-07_0140.md
7ef235176605756fca656c837eee8e889636bd4c54725ce259a6746914bc48b0	6178	execution/_Coordination/AgentRuns/SOW-STAGE2-EXEC-20260712-01/instances/WORKING-P3-PKG12/children/AUTHOR-B1/members/DEL-12-01/simulation/rollback/_run_records/TASK_RUN_2026-06-07_1024_DEL-12-01_readiness-evidence-alignment.md
73a6aceac38baccf598abf0b9c62cc488e69379f165edca943561dc2ebd7ba57	2482	execution/_Coordination/AgentRuns/SOW-STAGE2-EXEC-20260712-01/instances/WORKING-P3-PKG12/children/AUTHOR-B1/members/DEL-12-01/simulation/rollback/_run_records/TASK_RUN_2026-06-16_2358_dependency-semantic-refresh.md
7adadfffd228f91550682a1f4e4d8b725ceb83312bd8f3945365dc1e619970f9	998	execution/_Coordination/AgentRuns/SOW-STAGE2-EXEC-20260712-01/instances/WORKING-P3-PKG12/children/AUTHOR-B1/members/DEL-12-01/simulation/rollback/_run_records/WORKING_ITEMS_RUN_2026-07-12_D41-R5-T3-PDU018-PDU028.md
8d184828f6debda5951ae3bf53c5b64306fe86509e903bcf0c2d242dd160ae9a	516	execution/_Coordination/AgentRuns/SOW-STAGE2-EXEC-20260712-01/instances/WORKING-P3-PKG12/children/AUTHOR-B1/members/DEL-12-01/simulation/rollback/_run_records/WORKING_ITEMS_RUN_2026-07-12_D41-R5-T4-PDU036.md
03c0152f00701b800208ab5014416d6a00a7bbe2fe6185b94e1940b43e55a7df	917	execution/_Coordination/AgentRuns/SOW-STAGE2-EXEC-20260712-01/instances/WORKING-P3-PKG12/children/AUTHOR-B1/members/DEL-12-01/simulation/rollback/_run_records/WORKING_ITEMS_RUN_2026-07-12_D41-R5-T7-PDU055-CURRENTNESS.md
8980a58c34055cc689f5c9d013bf7b93e8b1f22cd8479d2003866e52381af376	276	execution/_Coordination/AgentRuns/SOW-STAGE2-EXEC-20260712-01/instances/WORKING-P3-PKG12/children/AUTHOR-B1/members/DEL-12-01/simulation-apply-validation.json
e3b0c44298fc1c149afbf4c8996fb92427ae41e4649b934ca495991b7852b855	0	execution/_Coordination/AgentRuns/SOW-STAGE2-EXEC-20260712-01/instances/WORKING-P3-PKG12/children/AUTHOR-B1/members/DEL-12-01/simulation-apply-validation.stderr
4ea0edc708e97742f78ffae67516e998774c36a630562d0d988d6029b408f3bf	264	execution/_Coordination/AgentRuns/SOW-STAGE2-EXEC-20260712-01/instances/WORKING-P3-PKG12/children/AUTHOR-B1/members/DEL-12-01/validation-dual-a.json
e3b0c44298fc1c149afbf4c8996fb92427ae41e4649b934ca495991b7852b855	0	execution/_Coordination/AgentRuns/SOW-STAGE2-EXEC-20260712-01/instances/WORKING-P3-PKG12/children/AUTHOR-B1/members/DEL-12-01/validation-dual-a.stderr
440e2e83cfea0d22eb62c0a3c8dba10790fc115c2ecd2dc7dc397d025b66e910	264	execution/_Coordination/AgentRuns/SOW-STAGE2-EXEC-20260712-01/instances/WORKING-P3-PKG12/children/AUTHOR-B1/members/DEL-12-01/validation-dual-b.json
e3b0c44298fc1c149afbf4c8996fb92427ae41e4649b934ca495991b7852b855	0	execution/_Coordination/AgentRuns/SOW-STAGE2-EXEC-20260712-01/instances/WORKING-P3-PKG12/children/AUTHOR-B1/members/DEL-12-01/validation-dual-b.stderr
3c6a83b7287eca01986a2a2891363fe5f560e80b210b6f7cdef593b3ee5be3a8	242	execution/_Coordination/AgentRuns/SOW-STAGE2-EXEC-20260712-01/instances/WORKING-P3-PKG12/children/AUTHOR-B1/members/DEL-12-01/validation-sow-v1.json
e3b0c44298fc1c149afbf4c8996fb92427ae41e4649b934ca495991b7852b855	0	execution/_Coordination/AgentRuns/SOW-STAGE2-EXEC-20260712-01/instances/WORKING-P3-PKG12/children/AUTHOR-B1/members/DEL-12-01/validation-sow-v1.stderr
252735bfd2e854a9142e94b9906b21933bb6b6396f69b842666c2760ee1dbec9	7139	execution/_Coordination/AgentRuns/SOW-STAGE2-EXEC-20260712-01/instances/WORKING-P3-PKG12/children/AUTHOR-B1/members/DEL-12-01/workspace-a/Datasheet.md
c7cd8fb73aa16e6a7d2761de4302e937abbe4f4d0b2edd0e0304a49f3d395b56	18446	execution/_Coordination/AgentRuns/SOW-STAGE2-EXEC-20260712-01/instances/WORKING-P3-PKG12/children/AUTHOR-B1/members/DEL-12-01/workspace-a/Dependencies.csv
fe318d3909612b8a5f0640a6ff7e7370e95d3b3107e5c61f71534fa4b4996af9	8361	execution/_Coordination/AgentRuns/SOW-STAGE2-EXEC-20260712-01/instances/WORKING-P3-PKG12/children/AUTHOR-B1/members/DEL-12-01/workspace-a/Guidance.md
c92670e0a51616cf8af5483716dce904330e888d2a8ebaffea64b015fe9c35a5	12736	execution/_Coordination/AgentRuns/SOW-STAGE2-EXEC-20260712-01/instances/WORKING-P3-PKG12/children/AUTHOR-B1/members/DEL-12-01/workspace-a/MEMORY.md
e6f6b3e2193b04e00d79e1eb9de35b27f2c85c9062f21af97d8be0460ab108d5	6180	execution/_Coordination/AgentRuns/SOW-STAGE2-EXEC-20260712-01/instances/WORKING-P3-PKG12/children/AUTHOR-B1/members/DEL-12-01/workspace-a/Procedure.md
aff9649f86d116fe2eb21d4a3f8310a67cf53841053ab59537fd0aaccfbd4581	1531	execution/_Coordination/AgentRuns/SOW-STAGE2-EXEC-20260712-01/instances/WORKING-P3-PKG12/children/AUTHOR-B1/members/DEL-12-01/workspace-a/Review_Findings.csv
66afba4f162417d873517e26e4c2cd63796b5e107d781ed1032f331526db9d15	41785	execution/_Coordination/AgentRuns/SOW-STAGE2-EXEC-20260712-01/instances/WORKING-P3-PKG12/children/AUTHOR-B1/members/DEL-12-01/workspace-a/ScopeOfWork.md
9fd2e2b1fb78e67c84d26ba02ce7c3c241442f4bc011748feb047fb7940eb2be	8684	execution/_Coordination/AgentRuns/SOW-STAGE2-EXEC-20260712-01/instances/WORKING-P3-PKG12/children/AUTHOR-B1/members/DEL-12-01/workspace-a/Specification.md
fa337f7f1978f2cd1a2615322c7eb46e14c2529d64d1edef373f4589819358a1	4011	execution/_Coordination/AgentRuns/SOW-STAGE2-EXEC-20260712-01/instances/WORKING-P3-PKG12/children/AUTHOR-B1/members/DEL-12-01/workspace-a/_CONTEXT.md
b2477665ec8eeece7ef8e6af07e8b1e22f5144f9217872c7a24f2e9c46b6c6b4	4168	execution/_Coordination/AgentRuns/SOW-STAGE2-EXEC-20260712-01/instances/WORKING-P3-PKG12/children/AUTHOR-B1/members/DEL-12-01/workspace-a/_DEPENDENCIES.md
644d2c41fb8485351d04d45886de07bf9650da0d4fcda7035e3c00c32bee1918	1369	execution/_Coordination/AgentRuns/SOW-STAGE2-EXEC-20260712-01/instances/WORKING-P3-PKG12/children/AUTHOR-B1/members/DEL-12-01/workspace-a/_REFERENCES.md
c0041e977d849cf32d33029e4b7813a1cd15514f19491f14806805295208c28f	5712	execution/_Coordination/AgentRuns/SOW-STAGE2-EXEC-20260712-01/instances/WORKING-P3-PKG12/children/AUTHOR-B1/members/DEL-12-01/workspace-a/_REVIEW.md
904de0cf320ad9c4f0728d745287e0ec165c8d5f08595ba3475068bff80870e9	43677	execution/_Coordination/AgentRuns/SOW-STAGE2-EXEC-20260712-01/instances/WORKING-P3-PKG12/children/AUTHOR-B1/members/DEL-12-01/workspace-a/_SEMANTIC.md
b9b5532847e401476355f6df7d8a557f05c4978d058906fc2be5cf84313284c6	18831	execution/_Coordination/AgentRuns/SOW-STAGE2-EXEC-20260712-01/instances/WORKING-P3-PKG12/children/AUTHOR-B1/members/DEL-12-01/workspace-a/_SEMANTIC_LENSING.md
4ad08c5e5d231d210bef823492ab75433d1e55d80b1a33ea4807c9f3490a8cbf	4908	execution/_Coordination/AgentRuns/SOW-STAGE2-EXEC-20260712-01/instances/WORKING-P3-PKG12/children/AUTHOR-B1/members/DEL-12-01/workspace-a/_STATUS.md
af1c747cac1863dad918a0ec5c347a6267f8f7ce387665e57a1b6742e34d445a	1249	execution/_Coordination/AgentRuns/SOW-STAGE2-EXEC-20260712-01/instances/WORKING-P3-PKG12/children/AUTHOR-B1/members/DEL-12-01/workspace-a/_run_records/TASK_RUN_2026-04-30_1418_four-documents-P1-P2.md
d7de09ee6d52acd197fc78aadedccab651297697423392ced3c80e536c99c575	751	execution/_Coordination/AgentRuns/SOW-STAGE2-EXEC-20260712-01/instances/WORKING-P3-PKG12/children/AUTHOR-B1/members/DEL-12-01/workspace-a/_run_records/TASK_RUN_2026-04-30_1419_semantic-matrix-build.md
f1a1581a5d650af16815167556d75ab4c50733f3e9bfc200d22d722599e3d941	709	execution/_Coordination/AgentRuns/SOW-STAGE2-EXEC-20260712-01/instances/WORKING-P3-PKG12/children/AUTHOR-B1/members/DEL-12-01/workspace-a/_run_records/TASK_RUN_2026-04-30_1420_lens-register.md
b80a690e3278f652ccf325a1f98edc4378d1014df5e71a242956f205df564449	872	execution/_Coordination/AgentRuns/SOW-STAGE2-EXEC-20260712-01/instances/WORKING-P3-PKG12/children/AUTHOR-B1/members/DEL-12-01/workspace-a/_run_records/TASK_RUN_2026-04-30_1421_four-documents-P3.md
040ade18351f583753da1045e118f8d9bb4f42911bdf71a691e2701d3199234c	859	execution/_Coordination/AgentRuns/SOW-STAGE2-EXEC-20260712-01/instances/WORKING-P3-PKG12/children/AUTHOR-B1/members/DEL-12-01/workspace-a/_run_records/TASK_RUN_2026-04-30_1422_dependency-extract.md
ae525e34b8c2e3ec78aebe80e9fb05e3ccacc04297f2c3ec742a2ed079034a25	1488	execution/_Coordination/AgentRuns/SOW-STAGE2-EXEC-20260712-01/instances/WORKING-P3-PKG12/children/AUTHOR-B1/members/DEL-12-01/workspace-a/_run_records/TASK_RUN_2026-04-30_setup.md
e51ad192d13668d8eddf534f84dfa450a3eb30a08d003ee6ee5a4d39a741e9b4	3764	execution/_Coordination/AgentRuns/SOW-STAGE2-EXEC-20260712-01/instances/WORKING-P3-PKG12/children/AUTHOR-B1/members/DEL-12-01/workspace-a/_run_records/TASK_RUN_2026-05-10_2330_dependency-refresh-closeout.md
36d699851073af777a36f2d9c6a3d8c1dd5b5825c3e317aa0a4284951b830100	1765	execution/_Coordination/AgentRuns/SOW-STAGE2-EXEC-20260712-01/instances/WORKING-P3-PKG12/children/AUTHOR-B1/members/DEL-12-01/workspace-a/_run_records/TASK_RUN_2026-06-04_authority-refresh-0.7-dag006_DEL-12-01.md
ac29a99ca2dc1929cc1eb7ca5ba1c1eaf7c06d248734f676889455018e07281f	4842	execution/_Coordination/AgentRuns/SOW-STAGE2-EXEC-20260712-01/instances/WORKING-P3-PKG12/children/AUTHOR-B1/members/DEL-12-01/workspace-a/_run_records/TASK_RUN_2026-06-07_0140.md
7ef235176605756fca656c837eee8e889636bd4c54725ce259a6746914bc48b0	6178	execution/_Coordination/AgentRuns/SOW-STAGE2-EXEC-20260712-01/instances/WORKING-P3-PKG12/children/AUTHOR-B1/members/DEL-12-01/workspace-a/_run_records/TASK_RUN_2026-06-07_1024_DEL-12-01_readiness-evidence-alignment.md
73a6aceac38baccf598abf0b9c62cc488e69379f165edca943561dc2ebd7ba57	2482	execution/_Coordination/AgentRuns/SOW-STAGE2-EXEC-20260712-01/instances/WORKING-P3-PKG12/children/AUTHOR-B1/members/DEL-12-01/workspace-a/_run_records/TASK_RUN_2026-06-16_2358_dependency-semantic-refresh.md
7adadfffd228f91550682a1f4e4d8b725ceb83312bd8f3945365dc1e619970f9	998	execution/_Coordination/AgentRuns/SOW-STAGE2-EXEC-20260712-01/instances/WORKING-P3-PKG12/children/AUTHOR-B1/members/DEL-12-01/workspace-a/_run_records/WORKING_ITEMS_RUN_2026-07-12_D41-R5-T3-PDU018-PDU028.md
8d184828f6debda5951ae3bf53c5b64306fe86509e903bcf0c2d242dd160ae9a	516	execution/_Coordination/AgentRuns/SOW-STAGE2-EXEC-20260712-01/instances/WORKING-P3-PKG12/children/AUTHOR-B1/members/DEL-12-01/workspace-a/_run_records/WORKING_ITEMS_RUN_2026-07-12_D41-R5-T4-PDU036.md
03c0152f00701b800208ab5014416d6a00a7bbe2fe6185b94e1940b43e55a7df	917	execution/_Coordination/AgentRuns/SOW-STAGE2-EXEC-20260712-01/instances/WORKING-P3-PKG12/children/AUTHOR-B1/members/DEL-12-01/workspace-a/_run_records/WORKING_ITEMS_RUN_2026-07-12_D41-R5-T7-PDU055-CURRENTNESS.md
252735bfd2e854a9142e94b9906b21933bb6b6396f69b842666c2760ee1dbec9	7139	execution/_Coordination/AgentRuns/SOW-STAGE2-EXEC-20260712-01/instances/WORKING-P3-PKG12/children/AUTHOR-B1/members/DEL-12-01/workspace-b/Datasheet.md
c7cd8fb73aa16e6a7d2761de4302e937abbe4f4d0b2edd0e0304a49f3d395b56	18446	execution/_Coordination/AgentRuns/SOW-STAGE2-EXEC-20260712-01/instances/WORKING-P3-PKG12/children/AUTHOR-B1/members/DEL-12-01/workspace-b/Dependencies.csv
fe318d3909612b8a5f0640a6ff7e7370e95d3b3107e5c61f71534fa4b4996af9	8361	execution/_Coordination/AgentRuns/SOW-STAGE2-EXEC-20260712-01/instances/WORKING-P3-PKG12/children/AUTHOR-B1/members/DEL-12-01/workspace-b/Guidance.md
c92670e0a51616cf8af5483716dce904330e888d2a8ebaffea64b015fe9c35a5	12736	execution/_Coordination/AgentRuns/SOW-STAGE2-EXEC-20260712-01/instances/WORKING-P3-PKG12/children/AUTHOR-B1/members/DEL-12-01/workspace-b/MEMORY.md
e6f6b3e2193b04e00d79e1eb9de35b27f2c85c9062f21af97d8be0460ab108d5	6180	execution/_Coordination/AgentRuns/SOW-STAGE2-EXEC-20260712-01/instances/WORKING-P3-PKG12/children/AUTHOR-B1/members/DEL-12-01/workspace-b/Procedure.md
aff9649f86d116fe2eb21d4a3f8310a67cf53841053ab59537fd0aaccfbd4581	1531	execution/_Coordination/AgentRuns/SOW-STAGE2-EXEC-20260712-01/instances/WORKING-P3-PKG12/children/AUTHOR-B1/members/DEL-12-01/workspace-b/Review_Findings.csv
66afba4f162417d873517e26e4c2cd63796b5e107d781ed1032f331526db9d15	41785	execution/_Coordination/AgentRuns/SOW-STAGE2-EXEC-20260712-01/instances/WORKING-P3-PKG12/children/AUTHOR-B1/members/DEL-12-01/workspace-b/ScopeOfWork.md
9fd2e2b1fb78e67c84d26ba02ce7c3c241442f4bc011748feb047fb7940eb2be	8684	execution/_Coordination/AgentRuns/SOW-STAGE2-EXEC-20260712-01/instances/WORKING-P3-PKG12/children/AUTHOR-B1/members/DEL-12-01/workspace-b/Specification.md
fa337f7f1978f2cd1a2615322c7eb46e14c2529d64d1edef373f4589819358a1	4011	execution/_Coordination/AgentRuns/SOW-STAGE2-EXEC-20260712-01/instances/WORKING-P3-PKG12/children/AUTHOR-B1/members/DEL-12-01/workspace-b/_CONTEXT.md
b2477665ec8eeece7ef8e6af07e8b1e22f5144f9217872c7a24f2e9c46b6c6b4	4168	execution/_Coordination/AgentRuns/SOW-STAGE2-EXEC-20260712-01/instances/WORKING-P3-PKG12/children/AUTHOR-B1/members/DEL-12-01/workspace-b/_DEPENDENCIES.md
644d2c41fb8485351d04d45886de07bf9650da0d4fcda7035e3c00c32bee1918	1369	execution/_Coordination/AgentRuns/SOW-STAGE2-EXEC-20260712-01/instances/WORKING-P3-PKG12/children/AUTHOR-B1/members/DEL-12-01/workspace-b/_REFERENCES.md
c0041e977d849cf32d33029e4b7813a1cd15514f19491f14806805295208c28f	5712	execution/_Coordination/AgentRuns/SOW-STAGE2-EXEC-20260712-01/instances/WORKING-P3-PKG12/children/AUTHOR-B1/members/DEL-12-01/workspace-b/_REVIEW.md
904de0cf320ad9c4f0728d745287e0ec165c8d5f08595ba3475068bff80870e9	43677	execution/_Coordination/AgentRuns/SOW-STAGE2-EXEC-20260712-01/instances/WORKING-P3-PKG12/children/AUTHOR-B1/members/DEL-12-01/workspace-b/_SEMANTIC.md
b9b5532847e401476355f6df7d8a557f05c4978d058906fc2be5cf84313284c6	18831	execution/_Coordination/AgentRuns/SOW-STAGE2-EXEC-20260712-01/instances/WORKING-P3-PKG12/children/AUTHOR-B1/members/DEL-12-01/workspace-b/_SEMANTIC_LENSING.md
4ad08c5e5d231d210bef823492ab75433d1e55d80b1a33ea4807c9f3490a8cbf	4908	execution/_Coordination/AgentRuns/SOW-STAGE2-EXEC-20260712-01/instances/WORKING-P3-PKG12/children/AUTHOR-B1/members/DEL-12-01/workspace-b/_STATUS.md
af1c747cac1863dad918a0ec5c347a6267f8f7ce387665e57a1b6742e34d445a	1249	execution/_Coordination/AgentRuns/SOW-STAGE2-EXEC-20260712-01/instances/WORKING-P3-PKG12/children/AUTHOR-B1/members/DEL-12-01/workspace-b/_run_records/TASK_RUN_2026-04-30_1418_four-documents-P1-P2.md
d7de09ee6d52acd197fc78aadedccab651297697423392ced3c80e536c99c575	751	execution/_Coordination/AgentRuns/SOW-STAGE2-EXEC-20260712-01/instances/WORKING-P3-PKG12/children/AUTHOR-B1/members/DEL-12-01/workspace-b/_run_records/TASK_RUN_2026-04-30_1419_semantic-matrix-build.md
f1a1581a5d650af16815167556d75ab4c50733f3e9bfc200d22d722599e3d941	709	execution/_Coordination/AgentRuns/SOW-STAGE2-EXEC-20260712-01/instances/WORKING-P3-PKG12/children/AUTHOR-B1/members/DEL-12-01/workspace-b/_run_records/TASK_RUN_2026-04-30_1420_lens-register.md
b80a690e3278f652ccf325a1f98edc4378d1014df5e71a242956f205df564449	872	execution/_Coordination/AgentRuns/SOW-STAGE2-EXEC-20260712-01/instances/WORKING-P3-PKG12/children/AUTHOR-B1/members/DEL-12-01/workspace-b/_run_records/TASK_RUN_2026-04-30_1421_four-documents-P3.md
040ade18351f583753da1045e118f8d9bb4f42911bdf71a691e2701d3199234c	859	execution/_Coordination/AgentRuns/SOW-STAGE2-EXEC-20260712-01/instances/WORKING-P3-PKG12/children/AUTHOR-B1/members/DEL-12-01/workspace-b/_run_records/TASK_RUN_2026-04-30_1422_dependency-extract.md
ae525e34b8c2e3ec78aebe80e9fb05e3ccacc04297f2c3ec742a2ed079034a25	1488	execution/_Coordination/AgentRuns/SOW-STAGE2-EXEC-20260712-01/instances/WORKING-P3-PKG12/children/AUTHOR-B1/members/DEL-12-01/workspace-b/_run_records/TASK_RUN_2026-04-30_setup.md
e51ad192d13668d8eddf534f84dfa450a3eb30a08d003ee6ee5a4d39a741e9b4	3764	execution/_Coordination/AgentRuns/SOW-STAGE2-EXEC-20260712-01/instances/WORKING-P3-PKG12/children/AUTHOR-B1/members/DEL-12-01/workspace-b/_run_records/TASK_RUN_2026-05-10_2330_dependency-refresh-closeout.md
36d699851073af777a36f2d9c6a3d8c1dd5b5825c3e317aa0a4284951b830100	1765	execution/_Coordination/AgentRuns/SOW-STAGE2-EXEC-20260712-01/instances/WORKING-P3-PKG12/children/AUTHOR-B1/members/DEL-12-01/workspace-b/_run_records/TASK_RUN_2026-06-04_authority-refresh-0.7-dag006_DEL-12-01.md
ac29a99ca2dc1929cc1eb7ca5ba1c1eaf7c06d248734f676889455018e07281f	4842	execution/_Coordination/AgentRuns/SOW-STAGE2-EXEC-20260712-01/instances/WORKING-P3-PKG12/children/AUTHOR-B1/members/DEL-12-01/workspace-b/_run_records/TASK_RUN_2026-06-07_0140.md
7ef235176605756fca656c837eee8e889636bd4c54725ce259a6746914bc48b0	6178	execution/_Coordination/AgentRuns/SOW-STAGE2-EXEC-20260712-01/instances/WORKING-P3-PKG12/children/AUTHOR-B1/members/DEL-12-01/workspace-b/_run_records/TASK_RUN_2026-06-07_1024_DEL-12-01_readiness-evidence-alignment.md
73a6aceac38baccf598abf0b9c62cc488e69379f165edca943561dc2ebd7ba57	2482	execution/_Coordination/AgentRuns/SOW-STAGE2-EXEC-20260712-01/instances/WORKING-P3-PKG12/children/AUTHOR-B1/members/DEL-12-01/workspace-b/_run_records/TASK_RUN_2026-06-16_2358_dependency-semantic-refresh.md
7adadfffd228f91550682a1f4e4d8b725ceb83312bd8f3945365dc1e619970f9	998	execution/_Coordination/AgentRuns/SOW-STAGE2-EXEC-20260712-01/instances/WORKING-P3-PKG12/children/AUTHOR-B1/members/DEL-12-01/workspace-b/_run_records/WORKING_ITEMS_RUN_2026-07-12_D41-R5-T3-PDU018-PDU028.md
8d184828f6debda5951ae3bf53c5b64306fe86509e903bcf0c2d242dd160ae9a	516	execution/_Coordination/AgentRuns/SOW-STAGE2-EXEC-20260712-01/instances/WORKING-P3-PKG12/children/AUTHOR-B1/members/DEL-12-01/workspace-b/_run_records/WORKING_ITEMS_RUN_2026-07-12_D41-R5-T4-PDU036.md
03c0152f00701b800208ab5014416d6a00a7bbe2fe6185b94e1940b43e55a7df	917	execution/_Coordination/AgentRuns/SOW-STAGE2-EXEC-20260712-01/instances/WORKING-P3-PKG12/children/AUTHOR-B1/members/DEL-12-01/workspace-b/_run_records/WORKING_ITEMS_RUN_2026-07-12_D41-R5-T7-PDU055-CURRENTNESS.md
5d438f6862f213697400fdc5c218b80089a5cde634f9615385c23d19f9de2a94	626	execution/_Coordination/AgentRuns/SOW-STAGE2-EXEC-20260712-01/instances/WORKING-P3-PKG12/children/AUTHOR-B1/members/DEL-12-02/DERIVATIVE_DETERMINISM.tsv
65beaa3207309a9f40300c3b9f806ec12680a5cac582e77b90c184f6d94e6793	506	execution/_Coordination/AgentRuns/SOW-STAGE2-EXEC-20260712-01/instances/WORKING-P3-PKG12/children/AUTHOR-B1/members/DEL-12-02/DETERMINISM.tsv
acfcf6eda43fded126ba7a7d44f68324b01f26e4c4964924ea10bdc547da5b02	1630	execution/_Coordination/AgentRuns/SOW-STAGE2-EXEC-20260712-01/instances/WORKING-P3-PKG12/children/AUTHOR-B1/members/DEL-12-02/FROZEN_ROW.tsv
f3ae3dc0115459c10b47e9bc8924aa308086c1600aae7f0f4ccd3f8daacf148f	820	execution/_Coordination/AgentRuns/SOW-STAGE2-EXEC-20260712-01/instances/WORKING-P3-PKG12/children/AUTHOR-B1/members/DEL-12-02/IMMUTABLE_LITERAL_AND_CONTEXT_REVIEW.md
0b36045a17c4b5287a0fc7fd99f90f7fd6ccc560b0ad6ca12a873966a64a3db8	630	execution/_Coordination/AgentRuns/SOW-STAGE2-EXEC-20260712-01/instances/WORKING-P3-PKG12/children/AUTHOR-B1/members/DEL-12-02/MEMBER_SUMMARY.md
ba83db060a30ce705471d63f9b90493d4d7f336c8b0c6321c3b0c5f0f4fccc33	1657	execution/_Coordination/AgentRuns/SOW-STAGE2-EXEC-20260712-01/instances/WORKING-P3-PKG12/children/AUTHOR-B1/members/DEL-12-02/SOURCE_HASHES.tsv
0e24fdbc5b1ee872cc0cea725b198d3c6fd508b681c3dee3143772dee9779286	56724	execution/_Coordination/AgentRuns/SOW-STAGE2-EXEC-20260712-01/instances/WORKING-P3-PKG12/children/AUTHOR-B1/members/DEL-12-02/ScopeOfWork-a.html
0e24fdbc5b1ee872cc0cea725b198d3c6fd508b681c3dee3143772dee9779286	56724	execution/_Coordination/AgentRuns/SOW-STAGE2-EXEC-20260712-01/instances/WORKING-P3-PKG12/children/AUTHOR-B1/members/DEL-12-02/ScopeOfWork-b.html
291c8227a0b53620383e21420a0289952e71698a3caec9f3115b70988d067966	1820	execution/_Coordination/AgentRuns/SOW-STAGE2-EXEC-20260712-01/instances/WORKING-P3-PKG12/children/AUTHOR-B1/members/DEL-12-02/checklist-a.json
e3b0c44298fc1c149afbf4c8996fb92427ae41e4649b934ca495991b7852b855	0	execution/_Coordination/AgentRuns/SOW-STAGE2-EXEC-20260712-01/instances/WORKING-P3-PKG12/children/AUTHOR-B1/members/DEL-12-02/checklist-a.stderr
e3b0c44298fc1c149afbf4c8996fb92427ae41e4649b934ca495991b7852b855	0	execution/_Coordination/AgentRuns/SOW-STAGE2-EXEC-20260712-01/instances/WORKING-P3-PKG12/children/AUTHOR-B1/members/DEL-12-02/checklist-a.stdout
291c8227a0b53620383e21420a0289952e71698a3caec9f3115b70988d067966	1820	execution/_Coordination/AgentRuns/SOW-STAGE2-EXEC-20260712-01/instances/WORKING-P3-PKG12/children/AUTHOR-B1/members/DEL-12-02/checklist-b.json
e3b0c44298fc1c149afbf4c8996fb92427ae41e4649b934ca495991b7852b855	0	execution/_Coordination/AgentRuns/SOW-STAGE2-EXEC-20260712-01/instances/WORKING-P3-PKG12/children/AUTHOR-B1/members/DEL-12-02/checklist-b.stderr
e3b0c44298fc1c149afbf4c8996fb92427ae41e4649b934ca495991b7852b855	0	execution/_Coordination/AgentRuns/SOW-STAGE2-EXEC-20260712-01/instances/WORKING-P3-PKG12/children/AUTHOR-B1/members/DEL-12-02/checklist-b.stdout
e6683f123d3c82f5a12b5c0db45bec1ac089b8cda986cea61bd10f1e89fcfb99	6439	execution/_Coordination/AgentRuns/SOW-STAGE2-EXEC-20260712-01/instances/WORKING-P3-PKG12/children/AUTHOR-B1/members/DEL-12-02/claim-map-a.csv
e3b0c44298fc1c149afbf4c8996fb92427ae41e4649b934ca495991b7852b855	0	execution/_Coordination/AgentRuns/SOW-STAGE2-EXEC-20260712-01/instances/WORKING-P3-PKG12/children/AUTHOR-B1/members/DEL-12-02/claim-map-a.stderr
bd5e297c485a7121e022d98890598d9b840a1e50a706f5d4cbc13af1e0104ff4	207	execution/_Coordination/AgentRuns/SOW-STAGE2-EXEC-20260712-01/instances/WORKING-P3-PKG12/children/AUTHOR-B1/members/DEL-12-02/claim-map-a.stdout
e6683f123d3c82f5a12b5c0db45bec1ac089b8cda986cea61bd10f1e89fcfb99	6439	execution/_Coordination/AgentRuns/SOW-STAGE2-EXEC-20260712-01/instances/WORKING-P3-PKG12/children/AUTHOR-B1/members/DEL-12-02/claim-map-b.csv
e3b0c44298fc1c149afbf4c8996fb92427ae41e4649b934ca495991b7852b855	0	execution/_Coordination/AgentRuns/SOW-STAGE2-EXEC-20260712-01/instances/WORKING-P3-PKG12/children/AUTHOR-B1/members/DEL-12-02/claim-map-b.stderr
7e4ac94902c67c86b4f3c7a5e65fb9aa38ef6c65d9d4c2df13077952d83441dc	207	execution/_Coordination/AgentRuns/SOW-STAGE2-EXEC-20260712-01/instances/WORKING-P3-PKG12/children/AUTHOR-B1/members/DEL-12-02/claim-map-b.stdout
e3b0c44298fc1c149afbf4c8996fb92427ae41e4649b934ca495991b7852b855	0	execution/_Coordination/AgentRuns/SOW-STAGE2-EXEC-20260712-01/instances/WORKING-P3-PKG12/children/AUTHOR-B1/members/DEL-12-02/conversion-a.stderr
7cd71bf8cb3241382e8fe1bc6ebd8731b9be5be5902e9fcd8967417c011ebaf3	198	execution/_Coordination/AgentRuns/SOW-STAGE2-EXEC-20260712-01/instances/WORKING-P3-PKG12/children/AUTHOR-B1/members/DEL-12-02/conversion-a.stdout
e3b0c44298fc1c149afbf4c8996fb92427ae41e4649b934ca495991b7852b855	0	execution/_Coordination/AgentRuns/SOW-STAGE2-EXEC-20260712-01/instances/WORKING-P3-PKG12/children/AUTHOR-B1/members/DEL-12-02/conversion-b.stderr
01e7a8df6701502964bd7bb8cacf62be6efad34107304a37c49a15e70e71bf28	198	execution/_Coordination/AgentRuns/SOW-STAGE2-EXEC-20260712-01/instances/WORKING-P3-PKG12/children/AUTHOR-B1/members/DEL-12-02/conversion-b.stdout
6dc748f30ea2ada9e9a8b8cab38f3e5c9abe9778c87ebd092acaf39a035dc1c3	45516	execution/_Coordination/AgentRuns/SOW-STAGE2-EXEC-20260712-01/instances/WORKING-P3-PKG12/children/AUTHOR-B1/members/DEL-12-02/final-a/ScopeOfWork.md
3ec11d4433f8112d913c2f84327c8d7e2789a73b8114125fcb3c216ec29c34e3	13455	execution/_Coordination/AgentRuns/SOW-STAGE2-EXEC-20260712-01/instances/WORKING-P3-PKG12/children/AUTHOR-B1/members/DEL-12-02/final-a/report.json
6dc748f30ea2ada9e9a8b8cab38f3e5c9abe9778c87ebd092acaf39a035dc1c3	45516	execution/_Coordination/AgentRuns/SOW-STAGE2-EXEC-20260712-01/instances/WORKING-P3-PKG12/children/AUTHOR-B1/members/DEL-12-02/final-b/ScopeOfWork.md
3ec11d4433f8112d913c2f84327c8d7e2789a73b8114125fcb3c216ec29c34e3	13455	execution/_Coordination/AgentRuns/SOW-STAGE2-EXEC-20260712-01/instances/WORKING-P3-PKG12/children/AUTHOR-B1/members/DEL-12-02/final-b/report.json
e3b0c44298fc1c149afbf4c8996fb92427ae41e4649b934ca495991b7852b855	0	execution/_Coordination/AgentRuns/SOW-STAGE2-EXEC-20260712-01/instances/WORKING-P3-PKG12/children/AUTHOR-B1/members/DEL-12-02/finalization-a.stderr
430ad425b242a9d53251a1d07154f66e7088cbb1c7b71dcbe0042558b7cf349c	216	execution/_Coordination/AgentRuns/SOW-STAGE2-EXEC-20260712-01/instances/WORKING-P3-PKG12/children/AUTHOR-B1/members/DEL-12-02/finalization-a.stdout
e3b0c44298fc1c149afbf4c8996fb92427ae41e4649b934ca495991b7852b855	0	execution/_Coordination/AgentRuns/SOW-STAGE2-EXEC-20260712-01/instances/WORKING-P3-PKG12/children/AUTHOR-B1/members/DEL-12-02/finalization-b.stderr
c63d0414089929d62ae63c7071de69782d3bbad52ae3a2875e0d5ba52e8d9912	216	execution/_Coordination/AgentRuns/SOW-STAGE2-EXEC-20260712-01/instances/WORKING-P3-PKG12/children/AUTHOR-B1/members/DEL-12-02/finalization-b.stdout
a8e47ab0614a15ff84e1e91628f8571827d06181dc63013cc0b603d9b115445b	45535	execution/_Coordination/AgentRuns/SOW-STAGE2-EXEC-20260712-01/instances/WORKING-P3-PKG12/children/AUTHOR-B1/members/DEL-12-02/mutated-production/ScopeOfWork.md
4355a46b19d348dc2f57c046f8ef63d4538ebb936000f3c9ee954a27460dd865	2	execution/_Coordination/AgentRuns/SOW-STAGE2-EXEC-20260712-01/instances/WORKING-P3-PKG12/children/AUTHOR-B1/members/DEL-12-02/negative-ambiguous-checklist.exit
b37a0cca9858c0352661b65d064e00020bbe562dbdaab6454812cd6c24f7dd2c	167	execution/_Coordination/AgentRuns/SOW-STAGE2-EXEC-20260712-01/instances/WORKING-P3-PKG12/children/AUTHOR-B1/members/DEL-12-02/negative-ambiguous-checklist.stderr
e3b0c44298fc1c149afbf4c8996fb92427ae41e4649b934ca495991b7852b855	0	execution/_Coordination/AgentRuns/SOW-STAGE2-EXEC-20260712-01/instances/WORKING-P3-PKG12/children/AUTHOR-B1/members/DEL-12-02/negative-ambiguous-checklist.stdout
4355a46b19d348dc2f57c046f8ef63d4538ebb936000f3c9ee954a27460dd865	2	execution/_Coordination/AgentRuns/SOW-STAGE2-EXEC-20260712-01/instances/WORKING-P3-PKG12/children/AUTHOR-B1/members/DEL-12-02/negative-evidence-render.exit
cb0da27c60dce6b4cbcfd06282c5b6f1266cc686411a099c3c2ce0fa13f2bc8d	129	execution/_Coordination/AgentRuns/SOW-STAGE2-EXEC-20260712-01/instances/WORKING-P3-PKG12/children/AUTHOR-B1/members/DEL-12-02/negative-evidence-render.stderr
e3b0c44298fc1c149afbf4c8996fb92427ae41e4649b934ca495991b7852b855	0	execution/_Coordination/AgentRuns/SOW-STAGE2-EXEC-20260712-01/instances/WORKING-P3-PKG12/children/AUTHOR-B1/members/DEL-12-02/negative-evidence-render.stdout
4355a46b19d348dc2f57c046f8ef63d4538ebb936000f3c9ee954a27460dd865	2	execution/_Coordination/AgentRuns/SOW-STAGE2-EXEC-20260712-01/instances/WORKING-P3-PKG12/children/AUTHOR-B1/members/DEL-12-02/negative-mutated-map.exit
508e4cba64abbcf0b6795d7878007071f478f6346c8328a87ab00f3b4203657f	97	execution/_Coordination/AgentRuns/SOW-STAGE2-EXEC-20260712-01/instances/WORKING-P3-PKG12/children/AUTHOR-B1/members/DEL-12-02/negative-mutated-map.stderr
e3b0c44298fc1c149afbf4c8996fb92427ae41e4649b934ca495991b7852b855	0	execution/_Coordination/AgentRuns/SOW-STAGE2-EXEC-20260712-01/instances/WORKING-P3-PKG12/children/AUTHOR-B1/members/DEL-12-02/negative-mutated-map.stdout
4355a46b19d348dc2f57c046f8ef63d4538ebb936000f3c9ee954a27460dd865	2	execution/_Coordination/AgentRuns/SOW-STAGE2-EXEC-20260712-01/instances/WORKING-P3-PKG12/children/AUTHOR-B1/members/DEL-12-02/negative-mutated-parity.exit
9567e0afed3692f097a217766973a6e29a8a854b6975dd0e3144e93cda791145	8494	execution/_Coordination/AgentRuns/SOW-STAGE2-EXEC-20260712-01/instances/WORKING-P3-PKG12/children/AUTHOR-B1/members/DEL-12-02/negative-mutated-parity.json
e3b0c44298fc1c149afbf4c8996fb92427ae41e4649b934ca495991b7852b855	0	execution/_Coordination/AgentRuns/SOW-STAGE2-EXEC-20260712-01/instances/WORKING-P3-PKG12/children/AUTHOR-B1/members/DEL-12-02/negative-mutated-parity.stderr
408c1d6154341abcd5af695b0aa3ace09a0f3deae5394d1d5414aa9e7cbd3902	15	execution/_Coordination/AgentRuns/SOW-STAGE2-EXEC-20260712-01/instances/WORKING-P3-PKG12/children/AUTHOR-B1/members/DEL-12-02/negative-mutated-parity.stdout
b72ae2ebabb9beae9874aefb0c32795e86752c534725332456f4493c8c956ea4	10931	execution/_Coordination/AgentRuns/SOW-STAGE2-EXEC-20260712-01/instances/WORKING-P3-PKG12/children/AUTHOR-B1/members/DEL-12-02/negative-partial/Datasheet.md
fbf189f18c5f4743e6e00c3a19c0e17acb2f459075f9896480dc8a841cead3e3	2609	execution/_Coordination/AgentRuns/SOW-STAGE2-EXEC-20260712-01/instances/WORKING-P3-PKG12/children/AUTHOR-B1/members/DEL-12-02/negative-partial/_STATUS.md
4355a46b19d348dc2f57c046f8ef63d4538ebb936000f3c9ee954a27460dd865	2	execution/_Coordination/AgentRuns/SOW-STAGE2-EXEC-20260712-01/instances/WORKING-P3-PKG12/children/AUTHOR-B1/members/DEL-12-02/negative-partial-validation.exit
e3b0c44298fc1c149afbf4c8996fb92427ae41e4649b934ca495991b7852b855	0	execution/_Coordination/AgentRuns/SOW-STAGE2-EXEC-20260712-01/instances/WORKING-P3-PKG12/children/AUTHOR-B1/members/DEL-12-02/negative-partial-validation.stderr
71c2b603d6a7b107eb37ef00307dd770551b7a65313d0da0b3159befefb6b45d	387	execution/_Coordination/AgentRuns/SOW-STAGE2-EXEC-20260712-01/instances/WORKING-P3-PKG12/children/AUTHOR-B1/members/DEL-12-02/negative-partial-validation.stdout
4355a46b19d348dc2f57c046f8ef63d4538ebb936000f3c9ee954a27460dd865	2	execution/_Coordination/AgentRuns/SOW-STAGE2-EXEC-20260712-01/instances/WORKING-P3-PKG12/children/AUTHOR-B1/members/DEL-12-02/negative-unauthorized-checklist.exit
72fbdb46d4b55ceeac9cb009dbd09cf92cf5cd08ccb47758238c60f426fecfc6	249	execution/_Coordination/AgentRuns/SOW-STAGE2-EXEC-20260712-01/instances/WORKING-P3-PKG12/children/AUTHOR-B1/members/DEL-12-02/negative-unauthorized-checklist.stderr
e3b0c44298fc1c149afbf4c8996fb92427ae41e4649b934ca495991b7852b855	0	execution/_Coordination/AgentRuns/SOW-STAGE2-EXEC-20260712-01/instances/WORKING-P3-PKG12/children/AUTHOR-B1/members/DEL-12-02/negative-unauthorized-checklist.stdout
4355a46b19d348dc2f57c046f8ef63d4538ebb936000f3c9ee954a27460dd865	2	execution/_Coordination/AgentRuns/SOW-STAGE2-EXEC-20260712-01/instances/WORKING-P3-PKG12/children/AUTHOR-B1/members/DEL-12-02/negative-unauthorized-dual.exit
e3b0c44298fc1c149afbf4c8996fb92427ae41e4649b934ca495991b7852b855	0	execution/_Coordination/AgentRuns/SOW-STAGE2-EXEC-20260712-01/instances/WORKING-P3-PKG12/children/AUTHOR-B1/members/DEL-12-02/negative-unauthorized-dual.stderr
defc30340baef2132a9be9e47885b04881df5cce7e246c5909f37a6a46787795	485	execution/_Coordination/AgentRuns/SOW-STAGE2-EXEC-20260712-01/instances/WORKING-P3-PKG12/children/AUTHOR-B1/members/DEL-12-02/negative-unauthorized-dual.stdout
dd331c4d49a0459e54e139e25cac632acf401f78416c1bb99dfd62c92518c562	8332	execution/_Coordination/AgentRuns/SOW-STAGE2-EXEC-20260712-01/instances/WORKING-P3-PKG12/children/AUTHOR-B1/members/DEL-12-02/parity-a.json
3dadcd737a4f23f6768f1cceb9e9dd65c0b340fa3e5f9e039a8ef756c87adeb3	291	execution/_Coordination/AgentRuns/SOW-STAGE2-EXEC-20260712-01/instances/WORKING-P3-PKG12/children/AUTHOR-B1/members/DEL-12-02/parity-a.md
e3b0c44298fc1c149afbf4c8996fb92427ae41e4649b934ca495991b7852b855	0	execution/_Coordination/AgentRuns/SOW-STAGE2-EXEC-20260712-01/instances/WORKING-P3-PKG12/children/AUTHOR-B1/members/DEL-12-02/parity-a.stderr
4a472cb2d94f8f31d3629361f68cf805760748c81329d3b29215fe61d3794b90	15	execution/_Coordination/AgentRuns/SOW-STAGE2-EXEC-20260712-01/instances/WORKING-P3-PKG12/children/AUTHOR-B1/members/DEL-12-02/parity-a.stdout
dd331c4d49a0459e54e139e25cac632acf401f78416c1bb99dfd62c92518c562	8332	execution/_Coordination/AgentRuns/SOW-STAGE2-EXEC-20260712-01/instances/WORKING-P3-PKG12/children/AUTHOR-B1/members/DEL-12-02/parity-b.json
3dadcd737a4f23f6768f1cceb9e9dd65c0b340fa3e5f9e039a8ef756c87adeb3	291	execution/_Coordination/AgentRuns/SOW-STAGE2-EXEC-20260712-01/instances/WORKING-P3-PKG12/children/AUTHOR-B1/members/DEL-12-02/parity-b.md
e3b0c44298fc1c149afbf4c8996fb92427ae41e4649b934ca495991b7852b855	0	execution/_Coordination/AgentRuns/SOW-STAGE2-EXEC-20260712-01/instances/WORKING-P3-PKG12/children/AUTHOR-B1/members/DEL-12-02/parity-b.stderr
4a472cb2d94f8f31d3629361f68cf805760748c81329d3b29215fe61d3794b90	15	execution/_Coordination/AgentRuns/SOW-STAGE2-EXEC-20260712-01/instances/WORKING-P3-PKG12/children/AUTHOR-B1/members/DEL-12-02/parity-b.stdout
e3b0c44298fc1c149afbf4c8996fb92427ae41e4649b934ca495991b7852b855	0	execution/_Coordination/AgentRuns/SOW-STAGE2-EXEC-20260712-01/instances/WORKING-P3-PKG12/children/AUTHOR-B1/members/DEL-12-02/render-a.stderr
e3b0c44298fc1c149afbf4c8996fb92427ae41e4649b934ca495991b7852b855	0	execution/_Coordination/AgentRuns/SOW-STAGE2-EXEC-20260712-01/instances/WORKING-P3-PKG12/children/AUTHOR-B1/members/DEL-12-02/render-a.stdout
e3b0c44298fc1c149afbf4c8996fb92427ae41e4649b934ca495991b7852b855	0	execution/_Coordination/AgentRuns/SOW-STAGE2-EXEC-20260712-01/instances/WORKING-P3-PKG12/children/AUTHOR-B1/members/DEL-12-02/render-b.stderr
e3b0c44298fc1c149afbf4c8996fb92427ae41e4649b934ca495991b7852b855	0	execution/_Coordination/AgentRuns/SOW-STAGE2-EXEC-20260712-01/instances/WORKING-P3-PKG12/children/AUTHOR-B1/members/DEL-12-02/render-b.stdout
421fd47e0ffbc1bb35374e9c34fd953e920660e858c8734fa3427d735795902b	23472	execution/_Coordination/AgentRuns/SOW-STAGE2-EXEC-20260712-01/instances/WORKING-P3-PKG12/children/AUTHOR-B1/members/DEL-12-02/simulation/apply/Dependencies.csv
2059cfdf1043d5a9eaa4fe5b4e41d137f20001ce87781f50d8bfc54701737e11	30751	execution/_Coordination/AgentRuns/SOW-STAGE2-EXEC-20260712-01/instances/WORKING-P3-PKG12/children/AUTHOR-B1/members/DEL-12-02/simulation/apply/MEMORY.md
3b4a027557bd31fb9dec1c254d18efa2722a9e469f00be98f3874604ed0f8b8a	1120	execution/_Coordination/AgentRuns/SOW-STAGE2-EXEC-20260712-01/instances/WORKING-P3-PKG12/children/AUTHOR-B1/members/DEL-12-02/simulation/apply/Review_Findings.csv
6dc748f30ea2ada9e9a8b8cab38f3e5c9abe9778c87ebd092acaf39a035dc1c3	45516	execution/_Coordination/AgentRuns/SOW-STAGE2-EXEC-20260712-01/instances/WORKING-P3-PKG12/children/AUTHOR-B1/members/DEL-12-02/simulation/apply/ScopeOfWork.md
e3f27d2a4990b3cf05ff201f9b3c234849a2cf167185fd5b86f63377da92d9b1	2965	execution/_Coordination/AgentRuns/SOW-STAGE2-EXEC-20260712-01/instances/WORKING-P3-PKG12/children/AUTHOR-B1/members/DEL-12-02/simulation/apply/_CONTEXT.md
2cb2f5a6dc2e780a52dd4ca6074918b64af0539b8605a93d95bbce7dd83589ab	4894	execution/_Coordination/AgentRuns/SOW-STAGE2-EXEC-20260712-01/instances/WORKING-P3-PKG12/children/AUTHOR-B1/members/DEL-12-02/simulation/apply/_DEPENDENCIES.md
1b0b84175e7a8654e4fc7ea16529699782db8363b39b3b87a2a6e8993db7ddef	1369	execution/_Coordination/AgentRuns/SOW-STAGE2-EXEC-20260712-01/instances/WORKING-P3-PKG12/children/AUTHOR-B1/members/DEL-12-02/simulation/apply/_REFERENCES.md
5f4ede7fc7c2c65dfd6c596f3608596228d3e93d46290dfb9a4d4aed5f46f270	4759	execution/_Coordination/AgentRuns/SOW-STAGE2-EXEC-20260712-01/instances/WORKING-P3-PKG12/children/AUTHOR-B1/members/DEL-12-02/simulation/apply/_REVIEW.md
ed7b85e33aa7b25ada41a68ef2318314e7781e0b90bf8e5d32413a04566e28c2	43696	execution/_Coordination/AgentRuns/SOW-STAGE2-EXEC-20260712-01/instances/WORKING-P3-PKG12/children/AUTHOR-B1/members/DEL-12-02/simulation/apply/_SEMANTIC.md
3d8fb659f7680201f3904c2ffbd240e6d38efe48ce4029a1c27d55e20f8d1b64	19016	execution/_Coordination/AgentRuns/SOW-STAGE2-EXEC-20260712-01/instances/WORKING-P3-PKG12/children/AUTHOR-B1/members/DEL-12-02/simulation/apply/_SEMANTIC_LENSING.md
fbf189f18c5f4743e6e00c3a19c0e17acb2f459075f9896480dc8a841cead3e3	2609	execution/_Coordination/AgentRuns/SOW-STAGE2-EXEC-20260712-01/instances/WORKING-P3-PKG12/children/AUTHOR-B1/members/DEL-12-02/simulation/apply/_STATUS.md
8f3bc4e74c752fd45ac1357444c86debe50fb3f810a4c80c84dac6bc7b2508b2	1402	execution/_Coordination/AgentRuns/SOW-STAGE2-EXEC-20260712-01/instances/WORKING-P3-PKG12/children/AUTHOR-B1/members/DEL-12-02/simulation/apply/_run_records/TASK_RUN_2026-04-30_1431_four-documents-P1-P2.md
d7f25d539b73ef5b8d99361ed49d53ff1add3b80f0840d75bac5b3bf21c4c3d9	751	execution/_Coordination/AgentRuns/SOW-STAGE2-EXEC-20260712-01/instances/WORKING-P3-PKG12/children/AUTHOR-B1/members/DEL-12-02/simulation/apply/_run_records/TASK_RUN_2026-04-30_1432_semantic-matrix-build.md
0144050ec230b9d27cffe6c73943e8ca116e910404ac4c38bbd630d430669f64	709	execution/_Coordination/AgentRuns/SOW-STAGE2-EXEC-20260712-01/instances/WORKING-P3-PKG12/children/AUTHOR-B1/members/DEL-12-02/simulation/apply/_run_records/TASK_RUN_2026-04-30_1433_lens-register.md
69ba783224b85e0031b0f4c0452de26d1b63b60dbfa0b956996beca85717ce60	932	execution/_Coordination/AgentRuns/SOW-STAGE2-EXEC-20260712-01/instances/WORKING-P3-PKG12/children/AUTHOR-B1/members/DEL-12-02/simulation/apply/_run_records/TASK_RUN_2026-04-30_1434_four-documents-P3.md
f607568885ef21b989f3e8fd8b16175476eeb4a291ef71bb4ac29d12e5335dbb	911	execution/_Coordination/AgentRuns/SOW-STAGE2-EXEC-20260712-01/instances/WORKING-P3-PKG12/children/AUTHOR-B1/members/DEL-12-02/simulation/apply/_run_records/TASK_RUN_2026-04-30_1435_dependency-extract.md
904266b3e5e0a6eb12dea83864bd0b37d479e46e6943413d65d0da495e3d901f	1617	execution/_Coordination/AgentRuns/SOW-STAGE2-EXEC-20260712-01/instances/WORKING-P3-PKG12/children/AUTHOR-B1/members/DEL-12-02/simulation/apply/_run_records/TASK_RUN_2026-04-30_1436_setup.md
5d0c877f6c6288f694c0294adea8731d20fcafc6654026490a312663c25c8d8b	4287	execution/_Coordination/AgentRuns/SOW-STAGE2-EXEC-20260712-01/instances/WORKING-P3-PKG12/children/AUTHOR-B1/members/DEL-12-02/simulation/apply/_run_records/TASK_RUN_2026-05-10_2331_dependency-refresh-closeout.md
f4094847fe1071d9b89026cb87313d967974787af9a93e1d3bb4163f9a268a76	1703	execution/_Coordination/AgentRuns/SOW-STAGE2-EXEC-20260712-01/instances/WORKING-P3-PKG12/children/AUTHOR-B1/members/DEL-12-02/simulation/apply/_run_records/TASK_RUN_2026-06-04_authority-refresh-0.7-dag006_DEL-12-02.md
16bad1bb92ba043418dcea70ac5a9e075f1d4dd63b51777e7b72cb5ff5b31007	4575	execution/_Coordination/AgentRuns/SOW-STAGE2-EXEC-20260712-01/instances/WORKING-P3-PKG12/children/AUTHOR-B1/members/DEL-12-02/simulation/apply/_run_records/TASK_RUN_2026-06-07_0935_redaction-export-hardening.md
add6abb42386084e574b167ac8a077679134e3b0cd704db68469a4c2b9624be1	5816	execution/_Coordination/AgentRuns/SOW-STAGE2-EXEC-20260712-01/instances/WORKING-P3-PKG12/children/AUTHOR-B1/members/DEL-12-02/simulation/apply/_run_records/TASK_RUN_2026-06-07_1034_DEL-12-02_readiness-evidence-alignment.md
99a50f1b1d7744f9d5b609afb2e8b0cd856a6f473ae726bce662a9d0dd3c5b27	2581	execution/_Coordination/AgentRuns/SOW-STAGE2-EXEC-20260712-01/instances/WORKING-P3-PKG12/children/AUTHOR-B1/members/DEL-12-02/simulation/apply/_run_records/TASK_RUN_2026-06-16_2358_dependency-semantic-refresh.md
29590d97c4678e4acf9776b1e8a02dddedc3741264d369826e7aa3b2a780f1c8	1592	execution/_Coordination/AgentRuns/SOW-STAGE2-EXEC-20260712-01/instances/WORKING-P3-PKG12/children/AUTHOR-B1/members/DEL-12-02/simulation/apply/_run_records/WORKING_ITEMS_RUN_2026-06-17_TP-UNITS-BTAIL-EXPORTREVIEWUNITS-001.md
32c3409ea64c00d0b3582c02a458fa94ca1313e4925ba586e692c6a734e0fa99	1452	execution/_Coordination/AgentRuns/SOW-STAGE2-EXEC-20260712-01/instances/WORKING-P3-PKG12/children/AUTHOR-B1/members/DEL-12-02/simulation/apply/_run_records/WORKING_ITEMS_RUN_2026-06-18_TP-UNITS-BTAIL-AGENTPROPOSALUNITS-001.md
c82f894743bfa27173c07dbd13f28bdd1fed9e06090c359e5dc3f8e35b00c621	1915	execution/_Coordination/AgentRuns/SOW-STAGE2-EXEC-20260712-01/instances/WORKING-P3-PKG12/children/AUTHOR-B1/members/DEL-12-02/simulation/apply/_run_records/WORKING_ITEMS_RUN_2026-06-18_TP-UNITS-BTAIL-EXPORTREVA11YUNITS-001.md
780f158a641f42eba3159586feb781bfc4d0650d945f22296b0da34cbcecce32	1970	execution/_Coordination/AgentRuns/SOW-STAGE2-EXEC-20260712-01/instances/WORKING-P3-PKG12/children/AUTHOR-B1/members/DEL-12-02/simulation/apply/_run_records/WORKING_ITEMS_RUN_2026-06-18_TP-UNITS-BTAIL-EXPORTREVDESIGNWORKSPACEUNITS-001.md
af83fb15962219c9b28366a6ba8fcc07053f61196da5a2af6a89d436e254e990	1925	execution/_Coordination/AgentRuns/SOW-STAGE2-EXEC-20260712-01/instances/WORKING-P3-PKG12/children/AUTHOR-B1/members/DEL-12-02/simulation/apply/_run_records/WORKING_ITEMS_RUN_2026-06-18_TP-UNITS-BTAIL-EXPORTREVEDITORCONTRACTUNITS-001.md
82b6475e430cd38264b911c0112f9affb380f95d42a4a8e702bf32cecb7a84a7	2196	execution/_Coordination/AgentRuns/SOW-STAGE2-EXEC-20260712-01/instances/WORKING-P3-PKG12/children/AUTHOR-B1/members/DEL-12-02/simulation/apply/_run_records/WORKING_ITEMS_RUN_2026-06-18_TP-UNITS-BTAIL-EXPORTREVEXTPROVERUNITS-001.md
6baed1d9d66d2b852c695132eb1a97e5f59032e995f882be36c135ed377e6c76	2887	execution/_Coordination/AgentRuns/SOW-STAGE2-EXEC-20260712-01/instances/WORKING-P3-PKG12/children/AUTHOR-B1/members/DEL-12-02/simulation/apply/_run_records/WORKING_ITEMS_RUN_2026-06-18_TP-UNITS-BTAIL-EXPORTREVIEWRULECOMPUNITS-001.md
3e155c391a2074a33a56bde906425a8e2102742c6b0bf7961ea8595f43c39f3d	2462	execution/_Coordination/AgentRuns/SOW-STAGE2-EXEC-20260712-01/instances/WORKING-P3-PKG12/children/AUTHOR-B1/members/DEL-12-02/simulation/apply/_run_records/WORKING_ITEMS_RUN_2026-06-18_TP-UNITS-BTAIL-EXPORTREVIEWSTORAGEUNITS-001.md
6fcffb7eaf22f91531a338c9ee4f954ebab2a8ee523f976bb9576bd1110bddde	2143	execution/_Coordination/AgentRuns/SOW-STAGE2-EXEC-20260712-01/instances/WORKING-P3-PKG12/children/AUTHOR-B1/members/DEL-12-02/simulation/apply/_run_records/WORKING_ITEMS_RUN_2026-06-18_TP-UNITS-BTAIL-EXPORTREVMISSINGDATAUNITS-001.md
ab262ca5ee02fcb7acaaa3412861a9256d84e1c51ca6105d5e7a19f3da49a07e	2224	execution/_Coordination/AgentRuns/SOW-STAGE2-EXEC-20260712-01/instances/WORKING-P3-PKG12/children/AUTHOR-B1/members/DEL-12-02/simulation/apply/_run_records/WORKING_ITEMS_RUN_2026-06-18_TP-UNITS-BTAIL-EXPORTREVNONUNITBOUNDARY-001.md
1f63dffbe5394d8e5494d334c8fa11617478e9839a475a8d4e34edbd8adb8d04	2027	execution/_Coordination/AgentRuns/SOW-STAGE2-EXEC-20260712-01/instances/WORKING-P3-PKG12/children/AUTHOR-B1/members/DEL-12-02/simulation/apply/_run_records/WORKING_ITEMS_RUN_2026-06-18_TP-UNITS-BTAIL-EXPORTREVREPORTLINTUNITS-001.md
878cec3ad9de31b1112223c005f2724ee2726055817a19587deb51e4bf106558	2073	execution/_Coordination/AgentRuns/SOW-STAGE2-EXEC-20260712-01/instances/WORKING-P3-PKG12/children/AUTHOR-B1/members/DEL-12-02/simulation/apply/_run_records/WORKING_ITEMS_RUN_2026-06-18_TP-UNITS-BTAIL-EXPORTREVSECRETPRIVATEUNITS-001.md
32e0f26b9604aca414f0d445fd020939426307898461af9d6cc67a405b0c35ed	2013	execution/_Coordination/AgentRuns/SOW-STAGE2-EXEC-20260712-01/instances/WORKING-P3-PKG12/children/AUTHOR-B1/members/DEL-12-02/simulation/apply/_run_records/WORKING_ITEMS_RUN_2026-06-18_TP-UNITS-BTAIL-EXPORTREVVALIDATIONEVIDUNITS-001.md
c41a211df9a0b2dd8e18e990d42560dddc96f905de150512d49e34d654ce1f49	1532	execution/_Coordination/AgentRuns/SOW-STAGE2-EXEC-20260712-01/instances/WORKING-P3-PKG12/children/AUTHOR-B1/members/DEL-12-02/simulation/apply/_run_records/WORKING_ITEMS_RUN_2026-06-18_TP-UNITS-BTAIL-SECTHREATUNITPOLICY-001.md
a86e3d34e756223adf4e2b2eea42c2f80e2d817ffff3d7e92b07dad1a296ceb0	9977	execution/_Coordination/AgentRuns/SOW-STAGE2-EXEC-20260712-01/instances/WORKING-P3-PKG12/children/AUTHOR-B1/members/DEL-12-02/simulation/apply/_run_records/WORKING_ITEMS_RUN_2026-07-10_TP-E4-REDACTION-001.md
259b2c34804f913cc5ea14930fdc35b53d46726f0d9c669f2551412a824055b6	1071	execution/_Coordination/AgentRuns/SOW-STAGE2-EXEC-20260712-01/instances/WORKING-P3-PKG12/children/AUTHOR-B1/members/DEL-12-02/simulation/apply/_run_records/WORKING_ITEMS_RUN_2026-07-12_D41-R5-T3-PDU018-PDU028.md
da4654323a29cf1acb9376f2310f5849347c902bff2d3cd16e174dccae90b341	341	execution/_Coordination/AgentRuns/SOW-STAGE2-EXEC-20260712-01/instances/WORKING-P3-PKG12/children/AUTHOR-B1/members/DEL-12-02/simulation/apply/_run_records/WORKING_ITEMS_RUN_2026-07-12_D41-R5-T7-PDU053.md
b8764127e1f8f1d667c5211cf271b1ede71aa190f5aae22a960e70589e18439c	1046	execution/_Coordination/AgentRuns/SOW-STAGE2-EXEC-20260712-01/instances/WORKING-P3-PKG12/children/AUTHOR-B1/members/DEL-12-02/simulation/apply/_run_records/WORKING_ITEMS_RUN_2026-07-12_D41-R5-T7-PDU055-CURRENTNESS.md
b72ae2ebabb9beae9874aefb0c32795e86752c534725332456f4493c8c956ea4	10931	execution/_Coordination/AgentRuns/SOW-STAGE2-EXEC-20260712-01/instances/WORKING-P3-PKG12/children/AUTHOR-B1/members/DEL-12-02/simulation/rollback/Datasheet.md
421fd47e0ffbc1bb35374e9c34fd953e920660e858c8734fa3427d735795902b	23472	execution/_Coordination/AgentRuns/SOW-STAGE2-EXEC-20260712-01/instances/WORKING-P3-PKG12/children/AUTHOR-B1/members/DEL-12-02/simulation/rollback/Dependencies.csv
ecdbebc71f8f4cf2896c1637d17359a27fac4967f8074cf754fe3eebfc74f8f9	11330	execution/_Coordination/AgentRuns/SOW-STAGE2-EXEC-20260712-01/instances/WORKING-P3-PKG12/children/AUTHOR-B1/members/DEL-12-02/simulation/rollback/Guidance.md
2059cfdf1043d5a9eaa4fe5b4e41d137f20001ce87781f50d8bfc54701737e11	30751	execution/_Coordination/AgentRuns/SOW-STAGE2-EXEC-20260712-01/instances/WORKING-P3-PKG12/children/AUTHOR-B1/members/DEL-12-02/simulation/rollback/MEMORY.md
d7a5f8473a7c98a0b312722225bed3c3d2a96b53bfd32aee629d9a587bfa5f08	8531	execution/_Coordination/AgentRuns/SOW-STAGE2-EXEC-20260712-01/instances/WORKING-P3-PKG12/children/AUTHOR-B1/members/DEL-12-02/simulation/rollback/Procedure.md
3b4a027557bd31fb9dec1c254d18efa2722a9e469f00be98f3874604ed0f8b8a	1120	execution/_Coordination/AgentRuns/SOW-STAGE2-EXEC-20260712-01/instances/WORKING-P3-PKG12/children/AUTHOR-B1/members/DEL-12-02/simulation/rollback/Review_Findings.csv
9a4183b4c5b97c02a6070097d5369ab65998fd874bb1b539dfbbc86cba6e103c	10467	execution/_Coordination/AgentRuns/SOW-STAGE2-EXEC-20260712-01/instances/WORKING-P3-PKG12/children/AUTHOR-B1/members/DEL-12-02/simulation/rollback/Specification.md
e3f27d2a4990b3cf05ff201f9b3c234849a2cf167185fd5b86f63377da92d9b1	2965	execution/_Coordination/AgentRuns/SOW-STAGE2-EXEC-20260712-01/instances/WORKING-P3-PKG12/children/AUTHOR-B1/members/DEL-12-02/simulation/rollback/_CONTEXT.md
2cb2f5a6dc2e780a52dd4ca6074918b64af0539b8605a93d95bbce7dd83589ab	4894	execution/_Coordination/AgentRuns/SOW-STAGE2-EXEC-20260712-01/instances/WORKING-P3-PKG12/children/AUTHOR-B1/members/DEL-12-02/simulation/rollback/_DEPENDENCIES.md
1b0b84175e7a8654e4fc7ea16529699782db8363b39b3b87a2a6e8993db7ddef	1369	execution/_Coordination/AgentRuns/SOW-STAGE2-EXEC-20260712-01/instances/WORKING-P3-PKG12/children/AUTHOR-B1/members/DEL-12-02/simulation/rollback/_REFERENCES.md
5f4ede7fc7c2c65dfd6c596f3608596228d3e93d46290dfb9a4d4aed5f46f270	4759	execution/_Coordination/AgentRuns/SOW-STAGE2-EXEC-20260712-01/instances/WORKING-P3-PKG12/children/AUTHOR-B1/members/DEL-12-02/simulation/rollback/_REVIEW.md
ed7b85e33aa7b25ada41a68ef2318314e7781e0b90bf8e5d32413a04566e28c2	43696	execution/_Coordination/AgentRuns/SOW-STAGE2-EXEC-20260712-01/instances/WORKING-P3-PKG12/children/AUTHOR-B1/members/DEL-12-02/simulation/rollback/_SEMANTIC.md
3d8fb659f7680201f3904c2ffbd240e6d38efe48ce4029a1c27d55e20f8d1b64	19016	execution/_Coordination/AgentRuns/SOW-STAGE2-EXEC-20260712-01/instances/WORKING-P3-PKG12/children/AUTHOR-B1/members/DEL-12-02/simulation/rollback/_SEMANTIC_LENSING.md
fbf189f18c5f4743e6e00c3a19c0e17acb2f459075f9896480dc8a841cead3e3	2609	execution/_Coordination/AgentRuns/SOW-STAGE2-EXEC-20260712-01/instances/WORKING-P3-PKG12/children/AUTHOR-B1/members/DEL-12-02/simulation/rollback/_STATUS.md
8f3bc4e74c752fd45ac1357444c86debe50fb3f810a4c80c84dac6bc7b2508b2	1402	execution/_Coordination/AgentRuns/SOW-STAGE2-EXEC-20260712-01/instances/WORKING-P3-PKG12/children/AUTHOR-B1/members/DEL-12-02/simulation/rollback/_run_records/TASK_RUN_2026-04-30_1431_four-documents-P1-P2.md
d7f25d539b73ef5b8d99361ed49d53ff1add3b80f0840d75bac5b3bf21c4c3d9	751	execution/_Coordination/AgentRuns/SOW-STAGE2-EXEC-20260712-01/instances/WORKING-P3-PKG12/children/AUTHOR-B1/members/DEL-12-02/simulation/rollback/_run_records/TASK_RUN_2026-04-30_1432_semantic-matrix-build.md
0144050ec230b9d27cffe6c73943e8ca116e910404ac4c38bbd630d430669f64	709	execution/_Coordination/AgentRuns/SOW-STAGE2-EXEC-20260712-01/instances/WORKING-P3-PKG12/children/AUTHOR-B1/members/DEL-12-02/simulation/rollback/_run_records/TASK_RUN_2026-04-30_1433_lens-register.md
69ba783224b85e0031b0f4c0452de26d1b63b60dbfa0b956996beca85717ce60	932	execution/_Coordination/AgentRuns/SOW-STAGE2-EXEC-20260712-01/instances/WORKING-P3-PKG12/children/AUTHOR-B1/members/DEL-12-02/simulation/rollback/_run_records/TASK_RUN_2026-04-30_1434_four-documents-P3.md
f607568885ef21b989f3e8fd8b16175476eeb4a291ef71bb4ac29d12e5335dbb	911	execution/_Coordination/AgentRuns/SOW-STAGE2-EXEC-20260712-01/instances/WORKING-P3-PKG12/children/AUTHOR-B1/members/DEL-12-02/simulation/rollback/_run_records/TASK_RUN_2026-04-30_1435_dependency-extract.md
904266b3e5e0a6eb12dea83864bd0b37d479e46e6943413d65d0da495e3d901f	1617	execution/_Coordination/AgentRuns/SOW-STAGE2-EXEC-20260712-01/instances/WORKING-P3-PKG12/children/AUTHOR-B1/members/DEL-12-02/simulation/rollback/_run_records/TASK_RUN_2026-04-30_1436_setup.md
5d0c877f6c6288f694c0294adea8731d20fcafc6654026490a312663c25c8d8b	4287	execution/_Coordination/AgentRuns/SOW-STAGE2-EXEC-20260712-01/instances/WORKING-P3-PKG12/children/AUTHOR-B1/members/DEL-12-02/simulation/rollback/_run_records/TASK_RUN_2026-05-10_2331_dependency-refresh-closeout.md
f4094847fe1071d9b89026cb87313d967974787af9a93e1d3bb4163f9a268a76	1703	execution/_Coordination/AgentRuns/SOW-STAGE2-EXEC-20260712-01/instances/WORKING-P3-PKG12/children/AUTHOR-B1/members/DEL-12-02/simulation/rollback/_run_records/TASK_RUN_2026-06-04_authority-refresh-0.7-dag006_DEL-12-02.md
16bad1bb92ba043418dcea70ac5a9e075f1d4dd63b51777e7b72cb5ff5b31007	4575	execution/_Coordination/AgentRuns/SOW-STAGE2-EXEC-20260712-01/instances/WORKING-P3-PKG12/children/AUTHOR-B1/members/DEL-12-02/simulation/rollback/_run_records/TASK_RUN_2026-06-07_0935_redaction-export-hardening.md
add6abb42386084e574b167ac8a077679134e3b0cd704db68469a4c2b9624be1	5816	execution/_Coordination/AgentRuns/SOW-STAGE2-EXEC-20260712-01/instances/WORKING-P3-PKG12/children/AUTHOR-B1/members/DEL-12-02/simulation/rollback/_run_records/TASK_RUN_2026-06-07_1034_DEL-12-02_readiness-evidence-alignment.md
99a50f1b1d7744f9d5b609afb2e8b0cd856a6f473ae726bce662a9d0dd3c5b27	2581	execution/_Coordination/AgentRuns/SOW-STAGE2-EXEC-20260712-01/instances/WORKING-P3-PKG12/children/AUTHOR-B1/members/DEL-12-02/simulation/rollback/_run_records/TASK_RUN_2026-06-16_2358_dependency-semantic-refresh.md
29590d97c4678e4acf9776b1e8a02dddedc3741264d369826e7aa3b2a780f1c8	1592	execution/_Coordination/AgentRuns/SOW-STAGE2-EXEC-20260712-01/instances/WORKING-P3-PKG12/children/AUTHOR-B1/members/DEL-12-02/simulation/rollback/_run_records/WORKING_ITEMS_RUN_2026-06-17_TP-UNITS-BTAIL-EXPORTREVIEWUNITS-001.md
32c3409ea64c00d0b3582c02a458fa94ca1313e4925ba586e692c6a734e0fa99	1452	execution/_Coordination/AgentRuns/SOW-STAGE2-EXEC-20260712-01/instances/WORKING-P3-PKG12/children/AUTHOR-B1/members/DEL-12-02/simulation/rollback/_run_records/WORKING_ITEMS_RUN_2026-06-18_TP-UNITS-BTAIL-AGENTPROPOSALUNITS-001.md
c82f894743bfa27173c07dbd13f28bdd1fed9e06090c359e5dc3f8e35b00c621	1915	execution/_Coordination/AgentRuns/SOW-STAGE2-EXEC-20260712-01/instances/WORKING-P3-PKG12/children/AUTHOR-B1/members/DEL-12-02/simulation/rollback/_run_records/WORKING_ITEMS_RUN_2026-06-18_TP-UNITS-BTAIL-EXPORTREVA11YUNITS-001.md
780f158a641f42eba3159586feb781bfc4d0650d945f22296b0da34cbcecce32	1970	execution/_Coordination/AgentRuns/SOW-STAGE2-EXEC-20260712-01/instances/WORKING-P3-PKG12/children/AUTHOR-B1/members/DEL-12-02/simulation/rollback/_run_records/WORKING_ITEMS_RUN_2026-06-18_TP-UNITS-BTAIL-EXPORTREVDESIGNWORKSPACEUNITS-001.md
af83fb15962219c9b28366a6ba8fcc07053f61196da5a2af6a89d436e254e990	1925	execution/_Coordination/AgentRuns/SOW-STAGE2-EXEC-20260712-01/instances/WORKING-P3-PKG12/children/AUTHOR-B1/members/DEL-12-02/simulation/rollback/_run_records/WORKING_ITEMS_RUN_2026-06-18_TP-UNITS-BTAIL-EXPORTREVEDITORCONTRACTUNITS-001.md
82b6475e430cd38264b911c0112f9affb380f95d42a4a8e702bf32cecb7a84a7	2196	execution/_Coordination/AgentRuns/SOW-STAGE2-EXEC-20260712-01/instances/WORKING-P3-PKG12/children/AUTHOR-B1/members/DEL-12-02/simulation/rollback/_run_records/WORKING_ITEMS_RUN_2026-06-18_TP-UNITS-BTAIL-EXPORTREVEXTPROVERUNITS-001.md
6baed1d9d66d2b852c695132eb1a97e5f59032e995f882be36c135ed377e6c76	2887	execution/_Coordination/AgentRuns/SOW-STAGE2-EXEC-20260712-01/instances/WORKING-P3-PKG12/children/AUTHOR-B1/members/DEL-12-02/simulation/rollback/_run_records/WORKING_ITEMS_RUN_2026-06-18_TP-UNITS-BTAIL-EXPORTREVIEWRULECOMPUNITS-001.md
3e155c391a2074a33a56bde906425a8e2102742c6b0bf7961ea8595f43c39f3d	2462	execution/_Coordination/AgentRuns/SOW-STAGE2-EXEC-20260712-01/instances/WORKING-P3-PKG12/children/AUTHOR-B1/members/DEL-12-02/simulation/rollback/_run_records/WORKING_ITEMS_RUN_2026-06-18_TP-UNITS-BTAIL-EXPORTREVIEWSTORAGEUNITS-001.md
6fcffb7eaf22f91531a338c9ee4f954ebab2a8ee523f976bb9576bd1110bddde	2143	execution/_Coordination/AgentRuns/SOW-STAGE2-EXEC-20260712-01/instances/WORKING-P3-PKG12/children/AUTHOR-B1/members/DEL-12-02/simulation/rollback/_run_records/WORKING_ITEMS_RUN_2026-06-18_TP-UNITS-BTAIL-EXPORTREVMISSINGDATAUNITS-001.md
ab262ca5ee02fcb7acaaa3412861a9256d84e1c51ca6105d5e7a19f3da49a07e	2224	execution/_Coordination/AgentRuns/SOW-STAGE2-EXEC-20260712-01/instances/WORKING-P3-PKG12/children/AUTHOR-B1/members/DEL-12-02/simulation/rollback/_run_records/WORKING_ITEMS_RUN_2026-06-18_TP-UNITS-BTAIL-EXPORTREVNONUNITBOUNDARY-001.md
1f63dffbe5394d8e5494d334c8fa11617478e9839a475a8d4e34edbd8adb8d04	2027	execution/_Coordination/AgentRuns/SOW-STAGE2-EXEC-20260712-01/instances/WORKING-P3-PKG12/children/AUTHOR-B1/members/DEL-12-02/simulation/rollback/_run_records/WORKING_ITEMS_RUN_2026-06-18_TP-UNITS-BTAIL-EXPORTREVREPORTLINTUNITS-001.md
878cec3ad9de31b1112223c005f2724ee2726055817a19587deb51e4bf106558	2073	execution/_Coordination/AgentRuns/SOW-STAGE2-EXEC-20260712-01/instances/WORKING-P3-PKG12/children/AUTHOR-B1/members/DEL-12-02/simulation/rollback/_run_records/WORKING_ITEMS_RUN_2026-06-18_TP-UNITS-BTAIL-EXPORTREVSECRETPRIVATEUNITS-001.md
32e0f26b9604aca414f0d445fd020939426307898461af9d6cc67a405b0c35ed	2013	execution/_Coordination/AgentRuns/SOW-STAGE2-EXEC-20260712-01/instances/WORKING-P3-PKG12/children/AUTHOR-B1/members/DEL-12-02/simulation/rollback/_run_records/WORKING_ITEMS_RUN_2026-06-18_TP-UNITS-BTAIL-EXPORTREVVALIDATIONEVIDUNITS-001.md
c41a211df9a0b2dd8e18e990d42560dddc96f905de150512d49e34d654ce1f49	1532	execution/_Coordination/AgentRuns/SOW-STAGE2-EXEC-20260712-01/instances/WORKING-P3-PKG12/children/AUTHOR-B1/members/DEL-12-02/simulation/rollback/_run_records/WORKING_ITEMS_RUN_2026-06-18_TP-UNITS-BTAIL-SECTHREATUNITPOLICY-001.md
a86e3d34e756223adf4e2b2eea42c2f80e2d817ffff3d7e92b07dad1a296ceb0	9977	execution/_Coordination/AgentRuns/SOW-STAGE2-EXEC-20260712-01/instances/WORKING-P3-PKG12/children/AUTHOR-B1/members/DEL-12-02/simulation/rollback/_run_records/WORKING_ITEMS_RUN_2026-07-10_TP-E4-REDACTION-001.md
259b2c34804f913cc5ea14930fdc35b53d46726f0d9c669f2551412a824055b6	1071	execution/_Coordination/AgentRuns/SOW-STAGE2-EXEC-20260712-01/instances/WORKING-P3-PKG12/children/AUTHOR-B1/members/DEL-12-02/simulation/rollback/_run_records/WORKING_ITEMS_RUN_2026-07-12_D41-R5-T3-PDU018-PDU028.md
da4654323a29cf1acb9376f2310f5849347c902bff2d3cd16e174dccae90b341	341	execution/_Coordination/AgentRuns/SOW-STAGE2-EXEC-20260712-01/instances/WORKING-P3-PKG12/children/AUTHOR-B1/members/DEL-12-02/simulation/rollback/_run_records/WORKING_ITEMS_RUN_2026-07-12_D41-R5-T7-PDU053.md
b8764127e1f8f1d667c5211cf271b1ede71aa190f5aae22a960e70589e18439c	1046	execution/_Coordination/AgentRuns/SOW-STAGE2-EXEC-20260712-01/instances/WORKING-P3-PKG12/children/AUTHOR-B1/members/DEL-12-02/simulation/rollback/_run_records/WORKING_ITEMS_RUN_2026-07-12_D41-R5-T7-PDU055-CURRENTNESS.md
9220b78436d51537d6a2fecc08ae057a50656737a37e4cd88255fe9a68d831a0	276	execution/_Coordination/AgentRuns/SOW-STAGE2-EXEC-20260712-01/instances/WORKING-P3-PKG12/children/AUTHOR-B1/members/DEL-12-02/simulation-apply-validation.json
e3b0c44298fc1c149afbf4c8996fb92427ae41e4649b934ca495991b7852b855	0	execution/_Coordination/AgentRuns/SOW-STAGE2-EXEC-20260712-01/instances/WORKING-P3-PKG12/children/AUTHOR-B1/members/DEL-12-02/simulation-apply-validation.stderr
cc329dea9f3cae9d30c1a5eaa45172f2393845ac0d14eae3e4e9ca54d9b75c6c	264	execution/_Coordination/AgentRuns/SOW-STAGE2-EXEC-20260712-01/instances/WORKING-P3-PKG12/children/AUTHOR-B1/members/DEL-12-02/validation-dual-a.json
e3b0c44298fc1c149afbf4c8996fb92427ae41e4649b934ca495991b7852b855	0	execution/_Coordination/AgentRuns/SOW-STAGE2-EXEC-20260712-01/instances/WORKING-P3-PKG12/children/AUTHOR-B1/members/DEL-12-02/validation-dual-a.stderr
94f011e5a3ac13b4b7dd4ed969706054bac38a94b4032563b130a422bc728109	264	execution/_Coordination/AgentRuns/SOW-STAGE2-EXEC-20260712-01/instances/WORKING-P3-PKG12/children/AUTHOR-B1/members/DEL-12-02/validation-dual-b.json
e3b0c44298fc1c149afbf4c8996fb92427ae41e4649b934ca495991b7852b855	0	execution/_Coordination/AgentRuns/SOW-STAGE2-EXEC-20260712-01/instances/WORKING-P3-PKG12/children/AUTHOR-B1/members/DEL-12-02/validation-dual-b.stderr
fc02900a9b513f7b2bc15b812a93879672a66acae4fef7202f873e401f809b9b	242	execution/_Coordination/AgentRuns/SOW-STAGE2-EXEC-20260712-01/instances/WORKING-P3-PKG12/children/AUTHOR-B1/members/DEL-12-02/validation-sow-v1.json
e3b0c44298fc1c149afbf4c8996fb92427ae41e4649b934ca495991b7852b855	0	execution/_Coordination/AgentRuns/SOW-STAGE2-EXEC-20260712-01/instances/WORKING-P3-PKG12/children/AUTHOR-B1/members/DEL-12-02/validation-sow-v1.stderr
b72ae2ebabb9beae9874aefb0c32795e86752c534725332456f4493c8c956ea4	10931	execution/_Coordination/AgentRuns/SOW-STAGE2-EXEC-20260712-01/instances/WORKING-P3-PKG12/children/AUTHOR-B1/members/DEL-12-02/workspace-a/Datasheet.md
421fd47e0ffbc1bb35374e9c34fd953e920660e858c8734fa3427d735795902b	23472	execution/_Coordination/AgentRuns/SOW-STAGE2-EXEC-20260712-01/instances/WORKING-P3-PKG12/children/AUTHOR-B1/members/DEL-12-02/workspace-a/Dependencies.csv
ecdbebc71f8f4cf2896c1637d17359a27fac4967f8074cf754fe3eebfc74f8f9	11330	execution/_Coordination/AgentRuns/SOW-STAGE2-EXEC-20260712-01/instances/WORKING-P3-PKG12/children/AUTHOR-B1/members/DEL-12-02/workspace-a/Guidance.md
2059cfdf1043d5a9eaa4fe5b4e41d137f20001ce87781f50d8bfc54701737e11	30751	execution/_Coordination/AgentRuns/SOW-STAGE2-EXEC-20260712-01/instances/WORKING-P3-PKG12/children/AUTHOR-B1/members/DEL-12-02/workspace-a/MEMORY.md
d7a5f8473a7c98a0b312722225bed3c3d2a96b53bfd32aee629d9a587bfa5f08	8531	execution/_Coordination/AgentRuns/SOW-STAGE2-EXEC-20260712-01/instances/WORKING-P3-PKG12/children/AUTHOR-B1/members/DEL-12-02/workspace-a/Procedure.md
3b4a027557bd31fb9dec1c254d18efa2722a9e469f00be98f3874604ed0f8b8a	1120	execution/_Coordination/AgentRuns/SOW-STAGE2-EXEC-20260712-01/instances/WORKING-P3-PKG12/children/AUTHOR-B1/members/DEL-12-02/workspace-a/Review_Findings.csv
f08bc8f77da587b557f21cc057586b93705fff09c91bba5c1e918b79f661468c	53839	execution/_Coordination/AgentRuns/SOW-STAGE2-EXEC-20260712-01/instances/WORKING-P3-PKG12/children/AUTHOR-B1/members/DEL-12-02/workspace-a/ScopeOfWork.md
9a4183b4c5b97c02a6070097d5369ab65998fd874bb1b539dfbbc86cba6e103c	10467	execution/_Coordination/AgentRuns/SOW-STAGE2-EXEC-20260712-01/instances/WORKING-P3-PKG12/children/AUTHOR-B1/members/DEL-12-02/workspace-a/Specification.md
e3f27d2a4990b3cf05ff201f9b3c234849a2cf167185fd5b86f63377da92d9b1	2965	execution/_Coordination/AgentRuns/SOW-STAGE2-EXEC-20260712-01/instances/WORKING-P3-PKG12/children/AUTHOR-B1/members/DEL-12-02/workspace-a/_CONTEXT.md
2cb2f5a6dc2e780a52dd4ca6074918b64af0539b8605a93d95bbce7dd83589ab	4894	execution/_Coordination/AgentRuns/SOW-STAGE2-EXEC-20260712-01/instances/WORKING-P3-PKG12/children/AUTHOR-B1/members/DEL-12-02/workspace-a/_DEPENDENCIES.md
1b0b84175e7a8654e4fc7ea16529699782db8363b39b3b87a2a6e8993db7ddef	1369	execution/_Coordination/AgentRuns/SOW-STAGE2-EXEC-20260712-01/instances/WORKING-P3-PKG12/children/AUTHOR-B1/members/DEL-12-02/workspace-a/_REFERENCES.md
5f4ede7fc7c2c65dfd6c596f3608596228d3e93d46290dfb9a4d4aed5f46f270	4759	execution/_Coordination/AgentRuns/SOW-STAGE2-EXEC-20260712-01/instances/WORKING-P3-PKG12/children/AUTHOR-B1/members/DEL-12-02/workspace-a/_REVIEW.md
ed7b85e33aa7b25ada41a68ef2318314e7781e0b90bf8e5d32413a04566e28c2	43696	execution/_Coordination/AgentRuns/SOW-STAGE2-EXEC-20260712-01/instances/WORKING-P3-PKG12/children/AUTHOR-B1/members/DEL-12-02/workspace-a/_SEMANTIC.md
3d8fb659f7680201f3904c2ffbd240e6d38efe48ce4029a1c27d55e20f8d1b64	19016	execution/_Coordination/AgentRuns/SOW-STAGE2-EXEC-20260712-01/instances/WORKING-P3-PKG12/children/AUTHOR-B1/members/DEL-12-02/workspace-a/_SEMANTIC_LENSING.md
fbf189f18c5f4743e6e00c3a19c0e17acb2f459075f9896480dc8a841cead3e3	2609	execution/_Coordination/AgentRuns/SOW-STAGE2-EXEC-20260712-01/instances/WORKING-P3-PKG12/children/AUTHOR-B1/members/DEL-12-02/workspace-a/_STATUS.md
8f3bc4e74c752fd45ac1357444c86debe50fb3f810a4c80c84dac6bc7b2508b2	1402	execution/_Coordination/AgentRuns/SOW-STAGE2-EXEC-20260712-01/instances/WORKING-P3-PKG12/children/AUTHOR-B1/members/DEL-12-02/workspace-a/_run_records/TASK_RUN_2026-04-30_1431_four-documents-P1-P2.md
d7f25d539b73ef5b8d99361ed49d53ff1add3b80f0840d75bac5b3bf21c4c3d9	751	execution/_Coordination/AgentRuns/SOW-STAGE2-EXEC-20260712-01/instances/WORKING-P3-PKG12/children/AUTHOR-B1/members/DEL-12-02/workspace-a/_run_records/TASK_RUN_2026-04-30_1432_semantic-matrix-build.md
0144050ec230b9d27cffe6c73943e8ca116e910404ac4c38bbd630d430669f64	709	execution/_Coordination/AgentRuns/SOW-STAGE2-EXEC-20260712-01/instances/WORKING-P3-PKG12/children/AUTHOR-B1/members/DEL-12-02/workspace-a/_run_records/TASK_RUN_2026-04-30_1433_lens-register.md
69ba783224b85e0031b0f4c0452de26d1b63b60dbfa0b956996beca85717ce60	932	execution/_Coordination/AgentRuns/SOW-STAGE2-EXEC-20260712-01/instances/WORKING-P3-PKG12/children/AUTHOR-B1/members/DEL-12-02/workspace-a/_run_records/TASK_RUN_2026-04-30_1434_four-documents-P3.md
f607568885ef21b989f3e8fd8b16175476eeb4a291ef71bb4ac29d12e5335dbb	911	execution/_Coordination/AgentRuns/SOW-STAGE2-EXEC-20260712-01/instances/WORKING-P3-PKG12/children/AUTHOR-B1/members/DEL-12-02/workspace-a/_run_records/TASK_RUN_2026-04-30_1435_dependency-extract.md
904266b3e5e0a6eb12dea83864bd0b37d479e46e6943413d65d0da495e3d901f	1617	execution/_Coordination/AgentRuns/SOW-STAGE2-EXEC-20260712-01/instances/WORKING-P3-PKG12/children/AUTHOR-B1/members/DEL-12-02/workspace-a/_run_records/TASK_RUN_2026-04-30_1436_setup.md
5d0c877f6c6288f694c0294adea8731d20fcafc6654026490a312663c25c8d8b	4287	execution/_Coordination/AgentRuns/SOW-STAGE2-EXEC-20260712-01/instances/WORKING-P3-PKG12/children/AUTHOR-B1/members/DEL-12-02/workspace-a/_run_records/TASK_RUN_2026-05-10_2331_dependency-refresh-closeout.md
f4094847fe1071d9b89026cb87313d967974787af9a93e1d3bb4163f9a268a76	1703	execution/_Coordination/AgentRuns/SOW-STAGE2-EXEC-20260712-01/instances/WORKING-P3-PKG12/children/AUTHOR-B1/members/DEL-12-02/workspace-a/_run_records/TASK_RUN_2026-06-04_authority-refresh-0.7-dag006_DEL-12-02.md
16bad1bb92ba043418dcea70ac5a9e075f1d4dd63b51777e7b72cb5ff5b31007	4575	execution/_Coordination/AgentRuns/SOW-STAGE2-EXEC-20260712-01/instances/WORKING-P3-PKG12/children/AUTHOR-B1/members/DEL-12-02/workspace-a/_run_records/TASK_RUN_2026-06-07_0935_redaction-export-hardening.md
add6abb42386084e574b167ac8a077679134e3b0cd704db68469a4c2b9624be1	5816	execution/_Coordination/AgentRuns/SOW-STAGE2-EXEC-20260712-01/instances/WORKING-P3-PKG12/children/AUTHOR-B1/members/DEL-12-02/workspace-a/_run_records/TASK_RUN_2026-06-07_1034_DEL-12-02_readiness-evidence-alignment.md
99a50f1b1d7744f9d5b609afb2e8b0cd856a6f473ae726bce662a9d0dd3c5b27	2581	execution/_Coordination/AgentRuns/SOW-STAGE2-EXEC-20260712-01/instances/WORKING-P3-PKG12/children/AUTHOR-B1/members/DEL-12-02/workspace-a/_run_records/TASK_RUN_2026-06-16_2358_dependency-semantic-refresh.md
29590d97c4678e4acf9776b1e8a02dddedc3741264d369826e7aa3b2a780f1c8	1592	execution/_Coordination/AgentRuns/SOW-STAGE2-EXEC-20260712-01/instances/WORKING-P3-PKG12/children/AUTHOR-B1/members/DEL-12-02/workspace-a/_run_records/WORKING_ITEMS_RUN_2026-06-17_TP-UNITS-BTAIL-EXPORTREVIEWUNITS-001.md
32c3409ea64c00d0b3582c02a458fa94ca1313e4925ba586e692c6a734e0fa99	1452	execution/_Coordination/AgentRuns/SOW-STAGE2-EXEC-20260712-01/instances/WORKING-P3-PKG12/children/AUTHOR-B1/members/DEL-12-02/workspace-a/_run_records/WORKING_ITEMS_RUN_2026-06-18_TP-UNITS-BTAIL-AGENTPROPOSALUNITS-001.md
c82f894743bfa27173c07dbd13f28bdd1fed9e06090c359e5dc3f8e35b00c621	1915	execution/_Coordination/AgentRuns/SOW-STAGE2-EXEC-20260712-01/instances/WORKING-P3-PKG12/children/AUTHOR-B1/members/DEL-12-02/workspace-a/_run_records/WORKING_ITEMS_RUN_2026-06-18_TP-UNITS-BTAIL-EXPORTREVA11YUNITS-001.md
780f158a641f42eba3159586feb781bfc4d0650d945f22296b0da34cbcecce32	1970	execution/_Coordination/AgentRuns/SOW-STAGE2-EXEC-20260712-01/instances/WORKING-P3-PKG12/children/AUTHOR-B1/members/DEL-12-02/workspace-a/_run_records/WORKING_ITEMS_RUN_2026-06-18_TP-UNITS-BTAIL-EXPORTREVDESIGNWORKSPACEUNITS-001.md
af83fb15962219c9b28366a6ba8fcc07053f61196da5a2af6a89d436e254e990	1925	execution/_Coordination/AgentRuns/SOW-STAGE2-EXEC-20260712-01/instances/WORKING-P3-PKG12/children/AUTHOR-B1/members/DEL-12-02/workspace-a/_run_records/WORKING_ITEMS_RUN_2026-06-18_TP-UNITS-BTAIL-EXPORTREVEDITORCONTRACTUNITS-001.md
82b6475e430cd38264b911c0112f9affb380f95d42a4a8e702bf32cecb7a84a7	2196	execution/_Coordination/AgentRuns/SOW-STAGE2-EXEC-20260712-01/instances/WORKING-P3-PKG12/children/AUTHOR-B1/members/DEL-12-02/workspace-a/_run_records/WORKING_ITEMS_RUN_2026-06-18_TP-UNITS-BTAIL-EXPORTREVEXTPROVERUNITS-001.md
6baed1d9d66d2b852c695132eb1a97e5f59032e995f882be36c135ed377e6c76	2887	execution/_Coordination/AgentRuns/SOW-STAGE2-EXEC-20260712-01/instances/WORKING-P3-PKG12/children/AUTHOR-B1/members/DEL-12-02/workspace-a/_run_records/WORKING_ITEMS_RUN_2026-06-18_TP-UNITS-BTAIL-EXPORTREVIEWRULECOMPUNITS-001.md
3e155c391a2074a33a56bde906425a8e2102742c6b0bf7961ea8595f43c39f3d	2462	execution/_Coordination/AgentRuns/SOW-STAGE2-EXEC-20260712-01/instances/WORKING-P3-PKG12/children/AUTHOR-B1/members/DEL-12-02/workspace-a/_run_records/WORKING_ITEMS_RUN_2026-06-18_TP-UNITS-BTAIL-EXPORTREVIEWSTORAGEUNITS-001.md
6fcffb7eaf22f91531a338c9ee4f954ebab2a8ee523f976bb9576bd1110bddde	2143	execution/_Coordination/AgentRuns/SOW-STAGE2-EXEC-20260712-01/instances/WORKING-P3-PKG12/children/AUTHOR-B1/members/DEL-12-02/workspace-a/_run_records/WORKING_ITEMS_RUN_2026-06-18_TP-UNITS-BTAIL-EXPORTREVMISSINGDATAUNITS-001.md
ab262ca5ee02fcb7acaaa3412861a9256d84e1c51ca6105d5e7a19f3da49a07e	2224	execution/_Coordination/AgentRuns/SOW-STAGE2-EXEC-20260712-01/instances/WORKING-P3-PKG12/children/AUTHOR-B1/members/DEL-12-02/workspace-a/_run_records/WORKING_ITEMS_RUN_2026-06-18_TP-UNITS-BTAIL-EXPORTREVNONUNITBOUNDARY-001.md
1f63dffbe5394d8e5494d334c8fa11617478e9839a475a8d4e34edbd8adb8d04	2027	execution/_Coordination/AgentRuns/SOW-STAGE2-EXEC-20260712-01/instances/WORKING-P3-PKG12/children/AUTHOR-B1/members/DEL-12-02/workspace-a/_run_records/WORKING_ITEMS_RUN_2026-06-18_TP-UNITS-BTAIL-EXPORTREVREPORTLINTUNITS-001.md
878cec3ad9de31b1112223c005f2724ee2726055817a19587deb51e4bf106558	2073	execution/_Coordination/AgentRuns/SOW-STAGE2-EXEC-20260712-01/instances/WORKING-P3-PKG12/children/AUTHOR-B1/members/DEL-12-02/workspace-a/_run_records/WORKING_ITEMS_RUN_2026-06-18_TP-UNITS-BTAIL-EXPORTREVSECRETPRIVATEUNITS-001.md
32e0f26b9604aca414f0d445fd020939426307898461af9d6cc67a405b0c35ed	2013	execution/_Coordination/AgentRuns/SOW-STAGE2-EXEC-20260712-01/instances/WORKING-P3-PKG12/children/AUTHOR-B1/members/DEL-12-02/workspace-a/_run_records/WORKING_ITEMS_RUN_2026-06-18_TP-UNITS-BTAIL-EXPORTREVVALIDATIONEVIDUNITS-001.md
c41a211df9a0b2dd8e18e990d42560dddc96f905de150512d49e34d654ce1f49	1532	execution/_Coordination/AgentRuns/SOW-STAGE2-EXEC-20260712-01/instances/WORKING-P3-PKG12/children/AUTHOR-B1/members/DEL-12-02/workspace-a/_run_records/WORKING_ITEMS_RUN_2026-06-18_TP-UNITS-BTAIL-SECTHREATUNITPOLICY-001.md
a86e3d34e756223adf4e2b2eea42c2f80e2d817ffff3d7e92b07dad1a296ceb0	9977	execution/_Coordination/AgentRuns/SOW-STAGE2-EXEC-20260712-01/instances/WORKING-P3-PKG12/children/AUTHOR-B1/members/DEL-12-02/workspace-a/_run_records/WORKING_ITEMS_RUN_2026-07-10_TP-E4-REDACTION-001.md
259b2c34804f913cc5ea14930fdc35b53d46726f0d9c669f2551412a824055b6	1071	execution/_Coordination/AgentRuns/SOW-STAGE2-EXEC-20260712-01/instances/WORKING-P3-PKG12/children/AUTHOR-B1/members/DEL-12-02/workspace-a/_run_records/WORKING_ITEMS_RUN_2026-07-12_D41-R5-T3-PDU018-PDU028.md
da4654323a29cf1acb9376f2310f5849347c902bff2d3cd16e174dccae90b341	341	execution/_Coordination/AgentRuns/SOW-STAGE2-EXEC-20260712-01/instances/WORKING-P3-PKG12/children/AUTHOR-B1/members/DEL-12-02/workspace-a/_run_records/WORKING_ITEMS_RUN_2026-07-12_D41-R5-T7-PDU053.md
b8764127e1f8f1d667c5211cf271b1ede71aa190f5aae22a960e70589e18439c	1046	execution/_Coordination/AgentRuns/SOW-STAGE2-EXEC-20260712-01/instances/WORKING-P3-PKG12/children/AUTHOR-B1/members/DEL-12-02/workspace-a/_run_records/WORKING_ITEMS_RUN_2026-07-12_D41-R5-T7-PDU055-CURRENTNESS.md
b72ae2ebabb9beae9874aefb0c32795e86752c534725332456f4493c8c956ea4	10931	execution/_Coordination/AgentRuns/SOW-STAGE2-EXEC-20260712-01/instances/WORKING-P3-PKG12/children/AUTHOR-B1/members/DEL-12-02/workspace-b/Datasheet.md
421fd47e0ffbc1bb35374e9c34fd953e920660e858c8734fa3427d735795902b	23472	execution/_Coordination/AgentRuns/SOW-STAGE2-EXEC-20260712-01/instances/WORKING-P3-PKG12/children/AUTHOR-B1/members/DEL-12-02/workspace-b/Dependencies.csv
ecdbebc71f8f4cf2896c1637d17359a27fac4967f8074cf754fe3eebfc74f8f9	11330	execution/_Coordination/AgentRuns/SOW-STAGE2-EXEC-20260712-01/instances/WORKING-P3-PKG12/children/AUTHOR-B1/members/DEL-12-02/workspace-b/Guidance.md
2059cfdf1043d5a9eaa4fe5b4e41d137f20001ce87781f50d8bfc54701737e11	30751	execution/_Coordination/AgentRuns/SOW-STAGE2-EXEC-20260712-01/instances/WORKING-P3-PKG12/children/AUTHOR-B1/members/DEL-12-02/workspace-b/MEMORY.md
d7a5f8473a7c98a0b312722225bed3c3d2a96b53bfd32aee629d9a587bfa5f08	8531	execution/_Coordination/AgentRuns/SOW-STAGE2-EXEC-20260712-01/instances/WORKING-P3-PKG12/children/AUTHOR-B1/members/DEL-12-02/workspace-b/Procedure.md
3b4a027557bd31fb9dec1c254d18efa2722a9e469f00be98f3874604ed0f8b8a	1120	execution/_Coordination/AgentRuns/SOW-STAGE2-EXEC-20260712-01/instances/WORKING-P3-PKG12/children/AUTHOR-B1/members/DEL-12-02/workspace-b/Review_Findings.csv
f08bc8f77da587b557f21cc057586b93705fff09c91bba5c1e918b79f661468c	53839	execution/_Coordination/AgentRuns/SOW-STAGE2-EXEC-20260712-01/instances/WORKING-P3-PKG12/children/AUTHOR-B1/members/DEL-12-02/workspace-b/ScopeOfWork.md
9a4183b4c5b97c02a6070097d5369ab65998fd874bb1b539dfbbc86cba6e103c	10467	execution/_Coordination/AgentRuns/SOW-STAGE2-EXEC-20260712-01/instances/WORKING-P3-PKG12/children/AUTHOR-B1/members/DEL-12-02/workspace-b/Specification.md
e3f27d2a4990b3cf05ff201f9b3c234849a2cf167185fd5b86f63377da92d9b1	2965	execution/_Coordination/AgentRuns/SOW-STAGE2-EXEC-20260712-01/instances/WORKING-P3-PKG12/children/AUTHOR-B1/members/DEL-12-02/workspace-b/_CONTEXT.md
2cb2f5a6dc2e780a52dd4ca6074918b64af0539b8605a93d95bbce7dd83589ab	4894	execution/_Coordination/AgentRuns/SOW-STAGE2-EXEC-20260712-01/instances/WORKING-P3-PKG12/children/AUTHOR-B1/members/DEL-12-02/workspace-b/_DEPENDENCIES.md
1b0b84175e7a8654e4fc7ea16529699782db8363b39b3b87a2a6e8993db7ddef	1369	execution/_Coordination/AgentRuns/SOW-STAGE2-EXEC-20260712-01/instances/WORKING-P3-PKG12/children/AUTHOR-B1/members/DEL-12-02/workspace-b/_REFERENCES.md
5f4ede7fc7c2c65dfd6c596f3608596228d3e93d46290dfb9a4d4aed5f46f270	4759	execution/_Coordination/AgentRuns/SOW-STAGE2-EXEC-20260712-01/instances/WORKING-P3-PKG12/children/AUTHOR-B1/members/DEL-12-02/workspace-b/_REVIEW.md
ed7b85e33aa7b25ada41a68ef2318314e7781e0b90bf8e5d32413a04566e28c2	43696	execution/_Coordination/AgentRuns/SOW-STAGE2-EXEC-20260712-01/instances/WORKING-P3-PKG12/children/AUTHOR-B1/members/DEL-12-02/workspace-b/_SEMANTIC.md
3d8fb659f7680201f3904c2ffbd240e6d38efe48ce4029a1c27d55e20f8d1b64	19016	execution/_Coordination/AgentRuns/SOW-STAGE2-EXEC-20260712-01/instances/WORKING-P3-PKG12/children/AUTHOR-B1/members/DEL-12-02/workspace-b/_SEMANTIC_LENSING.md
fbf189f18c5f4743e6e00c3a19c0e17acb2f459075f9896480dc8a841cead3e3	2609	execution/_Coordination/AgentRuns/SOW-STAGE2-EXEC-20260712-01/instances/WORKING-P3-PKG12/children/AUTHOR-B1/members/DEL-12-02/workspace-b/_STATUS.md
8f3bc4e74c752fd45ac1357444c86debe50fb3f810a4c80c84dac6bc7b2508b2	1402	execution/_Coordination/AgentRuns/SOW-STAGE2-EXEC-20260712-01/instances/WORKING-P3-PKG12/children/AUTHOR-B1/members/DEL-12-02/workspace-b/_run_records/TASK_RUN_2026-04-30_1431_four-documents-P1-P2.md
d7f25d539b73ef5b8d99361ed49d53ff1add3b80f0840d75bac5b3bf21c4c3d9	751	execution/_Coordination/AgentRuns/SOW-STAGE2-EXEC-20260712-01/instances/WORKING-P3-PKG12/children/AUTHOR-B1/members/DEL-12-02/workspace-b/_run_records/TASK_RUN_2026-04-30_1432_semantic-matrix-build.md
0144050ec230b9d27cffe6c73943e8ca116e910404ac4c38bbd630d430669f64	709	execution/_Coordination/AgentRuns/SOW-STAGE2-EXEC-20260712-01/instances/WORKING-P3-PKG12/children/AUTHOR-B1/members/DEL-12-02/workspace-b/_run_records/TASK_RUN_2026-04-30_1433_lens-register.md
69ba783224b85e0031b0f4c0452de26d1b63b60dbfa0b956996beca85717ce60	932	execution/_Coordination/AgentRuns/SOW-STAGE2-EXEC-20260712-01/instances/WORKING-P3-PKG12/children/AUTHOR-B1/members/DEL-12-02/workspace-b/_run_records/TASK_RUN_2026-04-30_1434_four-documents-P3.md
f607568885ef21b989f3e8fd8b16175476eeb4a291ef71bb4ac29d12e5335dbb	911	execution/_Coordination/AgentRuns/SOW-STAGE2-EXEC-20260712-01/instances/WORKING-P3-PKG12/children/AUTHOR-B1/members/DEL-12-02/workspace-b/_run_records/TASK_RUN_2026-04-30_1435_dependency-extract.md
904266b3e5e0a6eb12dea83864bd0b37d479e46e6943413d65d0da495e3d901f	1617	execution/_Coordination/AgentRuns/SOW-STAGE2-EXEC-20260712-01/instances/WORKING-P3-PKG12/children/AUTHOR-B1/members/DEL-12-02/workspace-b/_run_records/TASK_RUN_2026-04-30_1436_setup.md
5d0c877f6c6288f694c0294adea8731d20fcafc6654026490a312663c25c8d8b	4287	execution/_Coordination/AgentRuns/SOW-STAGE2-EXEC-20260712-01/instances/WORKING-P3-PKG12/children/AUTHOR-B1/members/DEL-12-02/workspace-b/_run_records/TASK_RUN_2026-05-10_2331_dependency-refresh-closeout.md
f4094847fe1071d9b89026cb87313d967974787af9a93e1d3bb4163f9a268a76	1703	execution/_Coordination/AgentRuns/SOW-STAGE2-EXEC-20260712-01/instances/WORKING-P3-PKG12/children/AUTHOR-B1/members/DEL-12-02/workspace-b/_run_records/TASK_RUN_2026-06-04_authority-refresh-0.7-dag006_DEL-12-02.md
16bad1bb92ba043418dcea70ac5a9e075f1d4dd63b51777e7b72cb5ff5b31007	4575	execution/_Coordination/AgentRuns/SOW-STAGE2-EXEC-20260712-01/instances/WORKING-P3-PKG12/children/AUTHOR-B1/members/DEL-12-02/workspace-b/_run_records/TASK_RUN_2026-06-07_0935_redaction-export-hardening.md
add6abb42386084e574b167ac8a077679134e3b0cd704db68469a4c2b9624be1	5816	execution/_Coordination/AgentRuns/SOW-STAGE2-EXEC-20260712-01/instances/WORKING-P3-PKG12/children/AUTHOR-B1/members/DEL-12-02/workspace-b/_run_records/TASK_RUN_2026-06-07_1034_DEL-12-02_readiness-evidence-alignment.md
99a50f1b1d7744f9d5b609afb2e8b0cd856a6f473ae726bce662a9d0dd3c5b27	2581	execution/_Coordination/AgentRuns/SOW-STAGE2-EXEC-20260712-01/instances/WORKING-P3-PKG12/children/AUTHOR-B1/members/DEL-12-02/workspace-b/_run_records/TASK_RUN_2026-06-16_2358_dependency-semantic-refresh.md
29590d97c4678e4acf9776b1e8a02dddedc3741264d369826e7aa3b2a780f1c8	1592	execution/_Coordination/AgentRuns/SOW-STAGE2-EXEC-20260712-01/instances/WORKING-P3-PKG12/children/AUTHOR-B1/members/DEL-12-02/workspace-b/_run_records/WORKING_ITEMS_RUN_2026-06-17_TP-UNITS-BTAIL-EXPORTREVIEWUNITS-001.md
32c3409ea64c00d0b3582c02a458fa94ca1313e4925ba586e692c6a734e0fa99	1452	execution/_Coordination/AgentRuns/SOW-STAGE2-EXEC-20260712-01/instances/WORKING-P3-PKG12/children/AUTHOR-B1/members/DEL-12-02/workspace-b/_run_records/WORKING_ITEMS_RUN_2026-06-18_TP-UNITS-BTAIL-AGENTPROPOSALUNITS-001.md
c82f894743bfa27173c07dbd13f28bdd1fed9e06090c359e5dc3f8e35b00c621	1915	execution/_Coordination/AgentRuns/SOW-STAGE2-EXEC-20260712-01/instances/WORKING-P3-PKG12/children/AUTHOR-B1/members/DEL-12-02/workspace-b/_run_records/WORKING_ITEMS_RUN_2026-06-18_TP-UNITS-BTAIL-EXPORTREVA11YUNITS-001.md
780f158a641f42eba3159586feb781bfc4d0650d945f22296b0da34cbcecce32	1970	execution/_Coordination/AgentRuns/SOW-STAGE2-EXEC-20260712-01/instances/WORKING-P3-PKG12/children/AUTHOR-B1/members/DEL-12-02/workspace-b/_run_records/WORKING_ITEMS_RUN_2026-06-18_TP-UNITS-BTAIL-EXPORTREVDESIGNWORKSPACEUNITS-001.md
af83fb15962219c9b28366a6ba8fcc07053f61196da5a2af6a89d436e254e990	1925	execution/_Coordination/AgentRuns/SOW-STAGE2-EXEC-20260712-01/instances/WORKING-P3-PKG12/children/AUTHOR-B1/members/DEL-12-02/workspace-b/_run_records/WORKING_ITEMS_RUN_2026-06-18_TP-UNITS-BTAIL-EXPORTREVEDITORCONTRACTUNITS-001.md
82b6475e430cd38264b911c0112f9affb380f95d42a4a8e702bf32cecb7a84a7	2196	execution/_Coordination/AgentRuns/SOW-STAGE2-EXEC-20260712-01/instances/WORKING-P3-PKG12/children/AUTHOR-B1/members/DEL-12-02/workspace-b/_run_records/WORKING_ITEMS_RUN_2026-06-18_TP-UNITS-BTAIL-EXPORTREVEXTPROVERUNITS-001.md
6baed1d9d66d2b852c695132eb1a97e5f59032e995f882be36c135ed377e6c76	2887	execution/_Coordination/AgentRuns/SOW-STAGE2-EXEC-20260712-01/instances/WORKING-P3-PKG12/children/AUTHOR-B1/members/DEL-12-02/workspace-b/_run_records/WORKING_ITEMS_RUN_2026-06-18_TP-UNITS-BTAIL-EXPORTREVIEWRULECOMPUNITS-001.md
3e155c391a2074a33a56bde906425a8e2102742c6b0bf7961ea8595f43c39f3d	2462	execution/_Coordination/AgentRuns/SOW-STAGE2-EXEC-20260712-01/instances/WORKING-P3-PKG12/children/AUTHOR-B1/members/DEL-12-02/workspace-b/_run_records/WORKING_ITEMS_RUN_2026-06-18_TP-UNITS-BTAIL-EXPORTREVIEWSTORAGEUNITS-001.md
6fcffb7eaf22f91531a338c9ee4f954ebab2a8ee523f976bb9576bd1110bddde	2143	execution/_Coordination/AgentRuns/SOW-STAGE2-EXEC-20260712-01/instances/WORKING-P3-PKG12/children/AUTHOR-B1/members/DEL-12-02/workspace-b/_run_records/WORKING_ITEMS_RUN_2026-06-18_TP-UNITS-BTAIL-EXPORTREVMISSINGDATAUNITS-001.md
ab262ca5ee02fcb7acaaa3412861a9256d84e1c51ca6105d5e7a19f3da49a07e	2224	execution/_Coordination/AgentRuns/SOW-STAGE2-EXEC-20260712-01/instances/WORKING-P3-PKG12/children/AUTHOR-B1/members/DEL-12-02/workspace-b/_run_records/WORKING_ITEMS_RUN_2026-06-18_TP-UNITS-BTAIL-EXPORTREVNONUNITBOUNDARY-001.md
1f63dffbe5394d8e5494d334c8fa11617478e9839a475a8d4e34edbd8adb8d04	2027	execution/_Coordination/AgentRuns/SOW-STAGE2-EXEC-20260712-01/instances/WORKING-P3-PKG12/children/AUTHOR-B1/members/DEL-12-02/workspace-b/_run_records/WORKING_ITEMS_RUN_2026-06-18_TP-UNITS-BTAIL-EXPORTREVREPORTLINTUNITS-001.md
878cec3ad9de31b1112223c005f2724ee2726055817a19587deb51e4bf106558	2073	execution/_Coordination/AgentRuns/SOW-STAGE2-EXEC-20260712-01/instances/WORKING-P3-PKG12/children/AUTHOR-B1/members/DEL-12-02/workspace-b/_run_records/WORKING_ITEMS_RUN_2026-06-18_TP-UNITS-BTAIL-EXPORTREVSECRETPRIVATEUNITS-001.md
32e0f26b9604aca414f0d445fd020939426307898461af9d6cc67a405b0c35ed	2013	execution/_Coordination/AgentRuns/SOW-STAGE2-EXEC-20260712-01/instances/WORKING-P3-PKG12/children/AUTHOR-B1/members/DEL-12-02/workspace-b/_run_records/WORKING_ITEMS_RUN_2026-06-18_TP-UNITS-BTAIL-EXPORTREVVALIDATIONEVIDUNITS-001.md
c41a211df9a0b2dd8e18e990d42560dddc96f905de150512d49e34d654ce1f49	1532	execution/_Coordination/AgentRuns/SOW-STAGE2-EXEC-20260712-01/instances/WORKING-P3-PKG12/children/AUTHOR-B1/members/DEL-12-02/workspace-b/_run_records/WORKING_ITEMS_RUN_2026-06-18_TP-UNITS-BTAIL-SECTHREATUNITPOLICY-001.md
a86e3d34e756223adf4e2b2eea42c2f80e2d817ffff3d7e92b07dad1a296ceb0	9977	execution/_Coordination/AgentRuns/SOW-STAGE2-EXEC-20260712-01/instances/WORKING-P3-PKG12/children/AUTHOR-B1/members/DEL-12-02/workspace-b/_run_records/WORKING_ITEMS_RUN_2026-07-10_TP-E4-REDACTION-001.md
259b2c34804f913cc5ea14930fdc35b53d46726f0d9c669f2551412a824055b6	1071	execution/_Coordination/AgentRuns/SOW-STAGE2-EXEC-20260712-01/instances/WORKING-P3-PKG12/children/AUTHOR-B1/members/DEL-12-02/workspace-b/_run_records/WORKING_ITEMS_RUN_2026-07-12_D41-R5-T3-PDU018-PDU028.md
da4654323a29cf1acb9376f2310f5849347c902bff2d3cd16e174dccae90b341	341	execution/_Coordination/AgentRuns/SOW-STAGE2-EXEC-20260712-01/instances/WORKING-P3-PKG12/children/AUTHOR-B1/members/DEL-12-02/workspace-b/_run_records/WORKING_ITEMS_RUN_2026-07-12_D41-R5-T7-PDU053.md
b8764127e1f8f1d667c5211cf271b1ede71aa190f5aae22a960e70589e18439c	1046	execution/_Coordination/AgentRuns/SOW-STAGE2-EXEC-20260712-01/instances/WORKING-P3-PKG12/children/AUTHOR-B1/members/DEL-12-02/workspace-b/_run_records/WORKING_ITEMS_RUN_2026-07-12_D41-R5-T7-PDU055-CURRENTNESS.md
755771a0cd1f434824c55f0617c72ebf0256c159e85e2cb8542f130abc088388	626	execution/_Coordination/AgentRuns/SOW-STAGE2-EXEC-20260712-01/instances/WORKING-P3-PKG12/children/AUTHOR-B1/members/DEL-12-03/DERIVATIVE_DETERMINISM.tsv
8baaa61c5d9672affcbe7d8a1642e60082ee77de4f6381306b7bc0474930e766	506	execution/_Coordination/AgentRuns/SOW-STAGE2-EXEC-20260712-01/instances/WORKING-P3-PKG12/children/AUTHOR-B1/members/DEL-12-03/DETERMINISM.tsv
477e823bceeab611bc99457f35e698d62dd0b246dd062d146d86575831938b35	1617	execution/_Coordination/AgentRuns/SOW-STAGE2-EXEC-20260712-01/instances/WORKING-P3-PKG12/children/AUTHOR-B1/members/DEL-12-03/FROZEN_ROW.tsv
0a1a25161b12154e9b0123cb654cfd27eba57edbbf3c591031d9be8314635709	809	execution/_Coordination/AgentRuns/SOW-STAGE2-EXEC-20260712-01/instances/WORKING-P3-PKG12/children/AUTHOR-B1/members/DEL-12-03/IMMUTABLE_LITERAL_AND_CONTEXT_REVIEW.md
43005dc227ce9f4621205ad7226c916a032ae41327a8e87a16f695b6a374dd74	630	execution/_Coordination/AgentRuns/SOW-STAGE2-EXEC-20260712-01/instances/WORKING-P3-PKG12/children/AUTHOR-B1/members/DEL-12-03/MEMBER_SUMMARY.md
f4d568d81f36d8c0c211249c094e6023659296e002010e2dae1abfd8529c1a6a	1657	execution/_Coordination/AgentRuns/SOW-STAGE2-EXEC-20260712-01/instances/WORKING-P3-PKG12/children/AUTHOR-B1/members/DEL-12-03/SOURCE_HASHES.tsv
3e23aa1ac220034e61797614f703de10960ae4fdc443cbb6b5f22ac7ef470bd1	41616	execution/_Coordination/AgentRuns/SOW-STAGE2-EXEC-20260712-01/instances/WORKING-P3-PKG12/children/AUTHOR-B1/members/DEL-12-03/ScopeOfWork-a.html
3e23aa1ac220034e61797614f703de10960ae4fdc443cbb6b5f22ac7ef470bd1	41616	execution/_Coordination/AgentRuns/SOW-STAGE2-EXEC-20260712-01/instances/WORKING-P3-PKG12/children/AUTHOR-B1/members/DEL-12-03/ScopeOfWork-b.html
754954080abb56735df4fc7ac197aedcfbd43d55e2f7a6b5167030221918f395	1824	execution/_Coordination/AgentRuns/SOW-STAGE2-EXEC-20260712-01/instances/WORKING-P3-PKG12/children/AUTHOR-B1/members/DEL-12-03/checklist-a.json
e3b0c44298fc1c149afbf4c8996fb92427ae41e4649b934ca495991b7852b855	0	execution/_Coordination/AgentRuns/SOW-STAGE2-EXEC-20260712-01/instances/WORKING-P3-PKG12/children/AUTHOR-B1/members/DEL-12-03/checklist-a.stderr
e3b0c44298fc1c149afbf4c8996fb92427ae41e4649b934ca495991b7852b855	0	execution/_Coordination/AgentRuns/SOW-STAGE2-EXEC-20260712-01/instances/WORKING-P3-PKG12/children/AUTHOR-B1/members/DEL-12-03/checklist-a.stdout
754954080abb56735df4fc7ac197aedcfbd43d55e2f7a6b5167030221918f395	1824	execution/_Coordination/AgentRuns/SOW-STAGE2-EXEC-20260712-01/instances/WORKING-P3-PKG12/children/AUTHOR-B1/members/DEL-12-03/checklist-b.json
e3b0c44298fc1c149afbf4c8996fb92427ae41e4649b934ca495991b7852b855	0	execution/_Coordination/AgentRuns/SOW-STAGE2-EXEC-20260712-01/instances/WORKING-P3-PKG12/children/AUTHOR-B1/members/DEL-12-03/checklist-b.stderr
e3b0c44298fc1c149afbf4c8996fb92427ae41e4649b934ca495991b7852b855	0	execution/_Coordination/AgentRuns/SOW-STAGE2-EXEC-20260712-01/instances/WORKING-P3-PKG12/children/AUTHOR-B1/members/DEL-12-03/checklist-b.stdout
0c434044a4c90d8b0410542b8a0915968fc263b274f88b18ea1555cdfb2b6a76	4938	execution/_Coordination/AgentRuns/SOW-STAGE2-EXEC-20260712-01/instances/WORKING-P3-PKG12/children/AUTHOR-B1/members/DEL-12-03/claim-map-a.csv
e3b0c44298fc1c149afbf4c8996fb92427ae41e4649b934ca495991b7852b855	0	execution/_Coordination/AgentRuns/SOW-STAGE2-EXEC-20260712-01/instances/WORKING-P3-PKG12/children/AUTHOR-B1/members/DEL-12-03/claim-map-a.stderr
6fb7cd0938c50119af313074a0f2d10182ca33de29dae40151adf10715cf44ff	207	execution/_Coordination/AgentRuns/SOW-STAGE2-EXEC-20260712-01/instances/WORKING-P3-PKG12/children/AUTHOR-B1/members/DEL-12-03/claim-map-a.stdout
0c434044a4c90d8b0410542b8a0915968fc263b274f88b18ea1555cdfb2b6a76	4938	execution/_Coordination/AgentRuns/SOW-STAGE2-EXEC-20260712-01/instances/WORKING-P3-PKG12/children/AUTHOR-B1/members/DEL-12-03/claim-map-b.csv
e3b0c44298fc1c149afbf4c8996fb92427ae41e4649b934ca495991b7852b855	0	execution/_Coordination/AgentRuns/SOW-STAGE2-EXEC-20260712-01/instances/WORKING-P3-PKG12/children/AUTHOR-B1/members/DEL-12-03/claim-map-b.stderr
e430a8cc9605179a5e96f6d7bcb1e489e7dac313c52b4912b0a3c2dcf8026247	207	execution/_Coordination/AgentRuns/SOW-STAGE2-EXEC-20260712-01/instances/WORKING-P3-PKG12/children/AUTHOR-B1/members/DEL-12-03/claim-map-b.stdout
e3b0c44298fc1c149afbf4c8996fb92427ae41e4649b934ca495991b7852b855	0	execution/_Coordination/AgentRuns/SOW-STAGE2-EXEC-20260712-01/instances/WORKING-P3-PKG12/children/AUTHOR-B1/members/DEL-12-03/conversion-a.stderr
a7c412f5636d2332757bc718a754e192f123fe3c195d4a7fee9f43d6fd35e4aa	198	execution/_Coordination/AgentRuns/SOW-STAGE2-EXEC-20260712-01/instances/WORKING-P3-PKG12/children/AUTHOR-B1/members/DEL-12-03/conversion-a.stdout
e3b0c44298fc1c149afbf4c8996fb92427ae41e4649b934ca495991b7852b855	0	execution/_Coordination/AgentRuns/SOW-STAGE2-EXEC-20260712-01/instances/WORKING-P3-PKG12/children/AUTHOR-B1/members/DEL-12-03/conversion-b.stderr
39f719df7c46f2471509c78138b5d2ac0f7e0a2441297abda232b8d66f5e2e42	198	execution/_Coordination/AgentRuns/SOW-STAGE2-EXEC-20260712-01/instances/WORKING-P3-PKG12/children/AUTHOR-B1/members/DEL-12-03/conversion-b.stdout
a0864fe2d9185bcc09d87ec0b93f0e3925e68ec52836b7d0247e00114585e17b	33525	execution/_Coordination/AgentRuns/SOW-STAGE2-EXEC-20260712-01/instances/WORKING-P3-PKG12/children/AUTHOR-B1/members/DEL-12-03/final-a/ScopeOfWork.md
a4c978f56ca1b749408051f81a98f798c16dd504139de4a0d474604e7246e08a	10379	execution/_Coordination/AgentRuns/SOW-STAGE2-EXEC-20260712-01/instances/WORKING-P3-PKG12/children/AUTHOR-B1/members/DEL-12-03/final-a/report.json
a0864fe2d9185bcc09d87ec0b93f0e3925e68ec52836b7d0247e00114585e17b	33525	execution/_Coordination/AgentRuns/SOW-STAGE2-EXEC-20260712-01/instances/WORKING-P3-PKG12/children/AUTHOR-B1/members/DEL-12-03/final-b/ScopeOfWork.md
a4c978f56ca1b749408051f81a98f798c16dd504139de4a0d474604e7246e08a	10379	execution/_Coordination/AgentRuns/SOW-STAGE2-EXEC-20260712-01/instances/WORKING-P3-PKG12/children/AUTHOR-B1/members/DEL-12-03/final-b/report.json
e3b0c44298fc1c149afbf4c8996fb92427ae41e4649b934ca495991b7852b855	0	execution/_Coordination/AgentRuns/SOW-STAGE2-EXEC-20260712-01/instances/WORKING-P3-PKG12/children/AUTHOR-B1/members/DEL-12-03/finalization-a.stderr
21966cb8aa806f244299880f45947893e795dda860ff52e743227c75fad51129	216	execution/_Coordination/AgentRuns/SOW-STAGE2-EXEC-20260712-01/instances/WORKING-P3-PKG12/children/AUTHOR-B1/members/DEL-12-03/finalization-a.stdout
e3b0c44298fc1c149afbf4c8996fb92427ae41e4649b934ca495991b7852b855	0	execution/_Coordination/AgentRuns/SOW-STAGE2-EXEC-20260712-01/instances/WORKING-P3-PKG12/children/AUTHOR-B1/members/DEL-12-03/finalization-b.stderr
da84f48844481fc054876b7c6a1c9d6aa38e6fffc2ca20c3e4504e1dc88c1c9c	216	execution/_Coordination/AgentRuns/SOW-STAGE2-EXEC-20260712-01/instances/WORKING-P3-PKG12/children/AUTHOR-B1/members/DEL-12-03/finalization-b.stdout
65607a6f1f4b6713a5e6560ff65f2c7dfef2415ed8f8138d3de497614e831914	33544	execution/_Coordination/AgentRuns/SOW-STAGE2-EXEC-20260712-01/instances/WORKING-P3-PKG12/children/AUTHOR-B1/members/DEL-12-03/mutated-production/ScopeOfWork.md
4355a46b19d348dc2f57c046f8ef63d4538ebb936000f3c9ee954a27460dd865	2	execution/_Coordination/AgentRuns/SOW-STAGE2-EXEC-20260712-01/instances/WORKING-P3-PKG12/children/AUTHOR-B1/members/DEL-12-03/negative-ambiguous-checklist.exit
b37a0cca9858c0352661b65d064e00020bbe562dbdaab6454812cd6c24f7dd2c	167	execution/_Coordination/AgentRuns/SOW-STAGE2-EXEC-20260712-01/instances/WORKING-P3-PKG12/children/AUTHOR-B1/members/DEL-12-03/negative-ambiguous-checklist.stderr
e3b0c44298fc1c149afbf4c8996fb92427ae41e4649b934ca495991b7852b855	0	execution/_Coordination/AgentRuns/SOW-STAGE2-EXEC-20260712-01/instances/WORKING-P3-PKG12/children/AUTHOR-B1/members/DEL-12-03/negative-ambiguous-checklist.stdout
4355a46b19d348dc2f57c046f8ef63d4538ebb936000f3c9ee954a27460dd865	2	execution/_Coordination/AgentRuns/SOW-STAGE2-EXEC-20260712-01/instances/WORKING-P3-PKG12/children/AUTHOR-B1/members/DEL-12-03/negative-evidence-render.exit
cb0da27c60dce6b4cbcfd06282c5b6f1266cc686411a099c3c2ce0fa13f2bc8d	129	execution/_Coordination/AgentRuns/SOW-STAGE2-EXEC-20260712-01/instances/WORKING-P3-PKG12/children/AUTHOR-B1/members/DEL-12-03/negative-evidence-render.stderr
e3b0c44298fc1c149afbf4c8996fb92427ae41e4649b934ca495991b7852b855	0	execution/_Coordination/AgentRuns/SOW-STAGE2-EXEC-20260712-01/instances/WORKING-P3-PKG12/children/AUTHOR-B1/members/DEL-12-03/negative-evidence-render.stdout
4355a46b19d348dc2f57c046f8ef63d4538ebb936000f3c9ee954a27460dd865	2	execution/_Coordination/AgentRuns/SOW-STAGE2-EXEC-20260712-01/instances/WORKING-P3-PKG12/children/AUTHOR-B1/members/DEL-12-03/negative-mutated-map.exit
508e4cba64abbcf0b6795d7878007071f478f6346c8328a87ab00f3b4203657f	97	execution/_Coordination/AgentRuns/SOW-STAGE2-EXEC-20260712-01/instances/WORKING-P3-PKG12/children/AUTHOR-B1/members/DEL-12-03/negative-mutated-map.stderr
e3b0c44298fc1c149afbf4c8996fb92427ae41e4649b934ca495991b7852b855	0	execution/_Coordination/AgentRuns/SOW-STAGE2-EXEC-20260712-01/instances/WORKING-P3-PKG12/children/AUTHOR-B1/members/DEL-12-03/negative-mutated-map.stdout
4355a46b19d348dc2f57c046f8ef63d4538ebb936000f3c9ee954a27460dd865	2	execution/_Coordination/AgentRuns/SOW-STAGE2-EXEC-20260712-01/instances/WORKING-P3-PKG12/children/AUTHOR-B1/members/DEL-12-03/negative-mutated-parity.exit
65e85f4ae1f10b48a677072962bab3bda71afedad9c653e5062b3806d84be7de	6705	execution/_Coordination/AgentRuns/SOW-STAGE2-EXEC-20260712-01/instances/WORKING-P3-PKG12/children/AUTHOR-B1/members/DEL-12-03/negative-mutated-parity.json
e3b0c44298fc1c149afbf4c8996fb92427ae41e4649b934ca495991b7852b855	0	execution/_Coordination/AgentRuns/SOW-STAGE2-EXEC-20260712-01/instances/WORKING-P3-PKG12/children/AUTHOR-B1/members/DEL-12-03/negative-mutated-parity.stderr
1cb31b8489d6d0bb14ef4d25a9462682d623c634ff95a081af0535246f481b23	15	execution/_Coordination/AgentRuns/SOW-STAGE2-EXEC-20260712-01/instances/WORKING-P3-PKG12/children/AUTHOR-B1/members/DEL-12-03/negative-mutated-parity.stdout
0a1d6b99ca0c9ab12914a236a12d051523f3fbf8fa4297410f051c3319808737	7795	execution/_Coordination/AgentRuns/SOW-STAGE2-EXEC-20260712-01/instances/WORKING-P3-PKG12/children/AUTHOR-B1/members/DEL-12-03/negative-partial/Datasheet.md
d414545f5a01142ae26d5c9af26599174a7c606f4614e3a695d802539e72bc97	4010	execution/_Coordination/AgentRuns/SOW-STAGE2-EXEC-20260712-01/instances/WORKING-P3-PKG12/children/AUTHOR-B1/members/DEL-12-03/negative-partial/_STATUS.md
4355a46b19d348dc2f57c046f8ef63d4538ebb936000f3c9ee954a27460dd865	2	execution/_Coordination/AgentRuns/SOW-STAGE2-EXEC-20260712-01/instances/WORKING-P3-PKG12/children/AUTHOR-B1/members/DEL-12-03/negative-partial-validation.exit
e3b0c44298fc1c149afbf4c8996fb92427ae41e4649b934ca495991b7852b855	0	execution/_Coordination/AgentRuns/SOW-STAGE2-EXEC-20260712-01/instances/WORKING-P3-PKG12/children/AUTHOR-B1/members/DEL-12-03/negative-partial-validation.stderr
6b44cf829b472fa738d03d9fa135174a6f859765b70637557c9966b834d67be1	387	execution/_Coordination/AgentRuns/SOW-STAGE2-EXEC-20260712-01/instances/WORKING-P3-PKG12/children/AUTHOR-B1/members/DEL-12-03/negative-partial-validation.stdout
4355a46b19d348dc2f57c046f8ef63d4538ebb936000f3c9ee954a27460dd865	2	execution/_Coordination/AgentRuns/SOW-STAGE2-EXEC-20260712-01/instances/WORKING-P3-PKG12/children/AUTHOR-B1/members/DEL-12-03/negative-unauthorized-checklist.exit
72fbdb46d4b55ceeac9cb009dbd09cf92cf5cd08ccb47758238c60f426fecfc6	249	execution/_Coordination/AgentRuns/SOW-STAGE2-EXEC-20260712-01/instances/WORKING-P3-PKG12/children/AUTHOR-B1/members/DEL-12-03/negative-unauthorized-checklist.stderr
e3b0c44298fc1c149afbf4c8996fb92427ae41e4649b934ca495991b7852b855	0	execution/_Coordination/AgentRuns/SOW-STAGE2-EXEC-20260712-01/instances/WORKING-P3-PKG12/children/AUTHOR-B1/members/DEL-12-03/negative-unauthorized-checklist.stdout
4355a46b19d348dc2f57c046f8ef63d4538ebb936000f3c9ee954a27460dd865	2	execution/_Coordination/AgentRuns/SOW-STAGE2-EXEC-20260712-01/instances/WORKING-P3-PKG12/children/AUTHOR-B1/members/DEL-12-03/negative-unauthorized-dual.exit
e3b0c44298fc1c149afbf4c8996fb92427ae41e4649b934ca495991b7852b855	0	execution/_Coordination/AgentRuns/SOW-STAGE2-EXEC-20260712-01/instances/WORKING-P3-PKG12/children/AUTHOR-B1/members/DEL-12-03/negative-unauthorized-dual.stderr
0286b8b37b57bc2f49fa4087789c27aa714d99d3c35eb15ebba30485e92de5cf	485	execution/_Coordination/AgentRuns/SOW-STAGE2-EXEC-20260712-01/instances/WORKING-P3-PKG12/children/AUTHOR-B1/members/DEL-12-03/negative-unauthorized-dual.stdout
02bd62ec6a94ad00572d22f5b7c1161fe58acaa70af9aaba06d4000835827d65	6543	execution/_Coordination/AgentRuns/SOW-STAGE2-EXEC-20260712-01/instances/WORKING-P3-PKG12/children/AUTHOR-B1/members/DEL-12-03/parity-a.json
e47f4683ae40bbc5154cbfed3791a185710f0c08d7cf3857ca3346269dfe502c	291	execution/_Coordination/AgentRuns/SOW-STAGE2-EXEC-20260712-01/instances/WORKING-P3-PKG12/children/AUTHOR-B1/members/DEL-12-03/parity-a.md
e3b0c44298fc1c149afbf4c8996fb92427ae41e4649b934ca495991b7852b855	0	execution/_Coordination/AgentRuns/SOW-STAGE2-EXEC-20260712-01/instances/WORKING-P3-PKG12/children/AUTHOR-B1/members/DEL-12-03/parity-a.stderr
f6333522230dca274955d26bfaf6476e440792229289e463a1cf5b076bc6e705	15	execution/_Coordination/AgentRuns/SOW-STAGE2-EXEC-20260712-01/instances/WORKING-P3-PKG12/children/AUTHOR-B1/members/DEL-12-03/parity-a.stdout
02bd62ec6a94ad00572d22f5b7c1161fe58acaa70af9aaba06d4000835827d65	6543	execution/_Coordination/AgentRuns/SOW-STAGE2-EXEC-20260712-01/instances/WORKING-P3-PKG12/children/AUTHOR-B1/members/DEL-12-03/parity-b.json
e47f4683ae40bbc5154cbfed3791a185710f0c08d7cf3857ca3346269dfe502c	291	execution/_Coordination/AgentRuns/SOW-STAGE2-EXEC-20260712-01/instances/WORKING-P3-PKG12/children/AUTHOR-B1/members/DEL-12-03/parity-b.md
e3b0c44298fc1c149afbf4c8996fb92427ae41e4649b934ca495991b7852b855	0	execution/_Coordination/AgentRuns/SOW-STAGE2-EXEC-20260712-01/instances/WORKING-P3-PKG12/children/AUTHOR-B1/members/DEL-12-03/parity-b.stderr
f6333522230dca274955d26bfaf6476e440792229289e463a1cf5b076bc6e705	15	execution/_Coordination/AgentRuns/SOW-STAGE2-EXEC-20260712-01/instances/WORKING-P3-PKG12/children/AUTHOR-B1/members/DEL-12-03/parity-b.stdout
e3b0c44298fc1c149afbf4c8996fb92427ae41e4649b934ca495991b7852b855	0	execution/_Coordination/AgentRuns/SOW-STAGE2-EXEC-20260712-01/instances/WORKING-P3-PKG12/children/AUTHOR-B1/members/DEL-12-03/render-a.stderr
e3b0c44298fc1c149afbf4c8996fb92427ae41e4649b934ca495991b7852b855	0	execution/_Coordination/AgentRuns/SOW-STAGE2-EXEC-20260712-01/instances/WORKING-P3-PKG12/children/AUTHOR-B1/members/DEL-12-03/render-a.stdout
e3b0c44298fc1c149afbf4c8996fb92427ae41e4649b934ca495991b7852b855	0	execution/_Coordination/AgentRuns/SOW-STAGE2-EXEC-20260712-01/instances/WORKING-P3-PKG12/children/AUTHOR-B1/members/DEL-12-03/render-b.stderr
e3b0c44298fc1c149afbf4c8996fb92427ae41e4649b934ca495991b7852b855	0	execution/_Coordination/AgentRuns/SOW-STAGE2-EXEC-20260712-01/instances/WORKING-P3-PKG12/children/AUTHOR-B1/members/DEL-12-03/render-b.stdout
8b4c7b5a709c8b48c9dba36806bbb84f66b8ac2159b3b17cb221917f23cdad84	15838	execution/_Coordination/AgentRuns/SOW-STAGE2-EXEC-20260712-01/instances/WORKING-P3-PKG12/children/AUTHOR-B1/members/DEL-12-03/simulation/apply/Dependencies.csv
2f8cff7963ff299de5ac46bb9b398baf46f15ed2b32aac694ba99925d551c0ab	14690	execution/_Coordination/AgentRuns/SOW-STAGE2-EXEC-20260712-01/instances/WORKING-P3-PKG12/children/AUTHOR-B1/members/DEL-12-03/simulation/apply/MEMORY.md
c41e6fe36ee4070f8b19db69f05d2135c414c13c0ca506fcc76e98ccb107ade6	1471	execution/_Coordination/AgentRuns/SOW-STAGE2-EXEC-20260712-01/instances/WORKING-P3-PKG12/children/AUTHOR-B1/members/DEL-12-03/simulation/apply/Review_Findings.csv
a0864fe2d9185bcc09d87ec0b93f0e3925e68ec52836b7d0247e00114585e17b	33525	execution/_Coordination/AgentRuns/SOW-STAGE2-EXEC-20260712-01/instances/WORKING-P3-PKG12/children/AUTHOR-B1/members/DEL-12-03/simulation/apply/ScopeOfWork.md
e5359299d90b418dc41ca48dae488f831351b5e73a0f4d6b7c3954dff2b0c3ef	2941	execution/_Coordination/AgentRuns/SOW-STAGE2-EXEC-20260712-01/instances/WORKING-P3-PKG12/children/AUTHOR-B1/members/DEL-12-03/simulation/apply/_CONTEXT.md
7ff5243235cd979adf3cdd4da923e0d9405b59c23039f32e5258aa9a0f495669	4032	execution/_Coordination/AgentRuns/SOW-STAGE2-EXEC-20260712-01/instances/WORKING-P3-PKG12/children/AUTHOR-B1/members/DEL-12-03/simulation/apply/_DEPENDENCIES.md
4b4982d506308979eed6fda53185d00d9733dd1b38305356f977094d0daecd32	1358	execution/_Coordination/AgentRuns/SOW-STAGE2-EXEC-20260712-01/instances/WORKING-P3-PKG12/children/AUTHOR-B1/members/DEL-12-03/simulation/apply/_REFERENCES.md
b16d0ce4f4296b57496daf4fcff60a705c52c718ad91ad910112aa6f164aa0f0	4969	execution/_Coordination/AgentRuns/SOW-STAGE2-EXEC-20260712-01/instances/WORKING-P3-PKG12/children/AUTHOR-B1/members/DEL-12-03/simulation/apply/_REVIEW.md
d65abccef544b65f21efe36add9ab5b391ce593ab253f2b6f50bece8188b8032	27408	execution/_Coordination/AgentRuns/SOW-STAGE2-EXEC-20260712-01/instances/WORKING-P3-PKG12/children/AUTHOR-B1/members/DEL-12-03/simulation/apply/_SEMANTIC.md
22cbe234acff3faf2990e82b9cddf825f8009eda108a09077fe41ec285ced860	13806	execution/_Coordination/AgentRuns/SOW-STAGE2-EXEC-20260712-01/instances/WORKING-P3-PKG12/children/AUTHOR-B1/members/DEL-12-03/simulation/apply/_SEMANTIC_LENSING.md
d414545f5a01142ae26d5c9af26599174a7c606f4614e3a695d802539e72bc97	4010	execution/_Coordination/AgentRuns/SOW-STAGE2-EXEC-20260712-01/instances/WORKING-P3-PKG12/children/AUTHOR-B1/members/DEL-12-03/simulation/apply/_STATUS.md
1693b254138375679d804a6a45da07bf85711c7a3aa6eed7389ff20cc5b01556	944	execution/_Coordination/AgentRuns/SOW-STAGE2-EXEC-20260712-01/instances/WORKING-P3-PKG12/children/AUTHOR-B1/members/DEL-12-03/simulation/apply/_run_records/PHASE_1_four-documents_P1_P2_2026-04-30.md
14ea2c7b7d0fa917a23aa741a1b2500306634060db123ad3f0f00304d79a1d8b	674	execution/_Coordination/AgentRuns/SOW-STAGE2-EXEC-20260712-01/instances/WORKING-P3-PKG12/children/AUTHOR-B1/members/DEL-12-03/simulation/apply/_run_records/PHASE_2_semantic-matrix-build_2026-04-30.md
3a02a515152c427c77e82e07c9d7dc71bc87a0b5ee9c82167be498973ddb9cb1	599	execution/_Coordination/AgentRuns/SOW-STAGE2-EXEC-20260712-01/instances/WORKING-P3-PKG12/children/AUTHOR-B1/members/DEL-12-03/simulation/apply/_run_records/PHASE_3_lens-register_2026-04-30.md
d0c4c8c6dca2e33ada167416ee77e471292a34c399b042fc242cf32716ef0f42	632	execution/_Coordination/AgentRuns/SOW-STAGE2-EXEC-20260712-01/instances/WORKING-P3-PKG12/children/AUTHOR-B1/members/DEL-12-03/simulation/apply/_run_records/PHASE_4_four-documents_P3_ONLY_2026-04-30.md
bb39b9e86c637ae45204a2f2a5f00614a8003910995362112d6b13ed3064815e	827	execution/_Coordination/AgentRuns/SOW-STAGE2-EXEC-20260712-01/instances/WORKING-P3-PKG12/children/AUTHOR-B1/members/DEL-12-03/simulation/apply/_run_records/PHASE_5_dependency-extract_2026-04-30.md
8bc111a69404c2c9505f204fc9e77aee29e85a05b1ee53272e13a5c2bed18f15	4029	execution/_Coordination/AgentRuns/SOW-STAGE2-EXEC-20260712-01/instances/WORKING-P3-PKG12/children/AUTHOR-B1/members/DEL-12-03/simulation/apply/_run_records/TASK_RUN_2026-05-10_2331_dependency-refresh-closeout.md
ccd9f5dd264c260d8fa54af1743486e39a54138f09a0f58654047b94a5ace4e3	1707	execution/_Coordination/AgentRuns/SOW-STAGE2-EXEC-20260712-01/instances/WORKING-P3-PKG12/children/AUTHOR-B1/members/DEL-12-03/simulation/apply/_run_records/TASK_RUN_2026-06-04_authority-refresh-0.7-dag006_DEL-12-03.md
40b22e59f59c77ef524c868655222a779da812add85e53d622881052a2362928	4846	execution/_Coordination/AgentRuns/SOW-STAGE2-EXEC-20260712-01/instances/WORKING-P3-PKG12/children/AUTHOR-B1/members/DEL-12-03/simulation/apply/_run_records/TASK_RUN_2026-06-07_0141.md
89aaa078e38f5149042052ad5e67c62f2b5c0874952a627b95822101f06721e1	6598	execution/_Coordination/AgentRuns/SOW-STAGE2-EXEC-20260712-01/instances/WORKING-P3-PKG12/children/AUTHOR-B1/members/DEL-12-03/simulation/apply/_run_records/TASK_RUN_2026-06-07_1024_DEL-12-03_readiness-evidence-alignment.md
e74479933c029a392c8164844e49deff8b37709866f0d4d64bb3949b022cdf4e	2427	execution/_Coordination/AgentRuns/SOW-STAGE2-EXEC-20260712-01/instances/WORKING-P3-PKG12/children/AUTHOR-B1/members/DEL-12-03/simulation/apply/_run_records/TASK_RUN_2026-06-16_2358_dependency-semantic-refresh.md
8e2bc9655f6729e862faad573a09ce91067f3351308d1626ef38b0761ce832cc	1319	execution/_Coordination/AgentRuns/SOW-STAGE2-EXEC-20260712-01/instances/WORKING-P3-PKG12/children/AUTHOR-B1/members/DEL-12-03/simulation/apply/_run_records/VALIDATION_2026-04-30.md
78963c6f3ff1fb7855b41c53826aba8a6faf32851f58a1c89c4b0a14ec1adcad	1325	execution/_Coordination/AgentRuns/SOW-STAGE2-EXEC-20260712-01/instances/WORKING-P3-PKG12/children/AUTHOR-B1/members/DEL-12-03/simulation/apply/_run_records/WORKING_ITEMS_RUN_2026-06-18_TP-UNITS-BTAIL-EXPORTREVNONUNITBOUNDARY-001.md
da17632836b9ec525cf5370a45ea68f2a3d9ffaa7c42dae077ea83ed2ef2e3f5	2072	execution/_Coordination/AgentRuns/SOW-STAGE2-EXEC-20260712-01/instances/WORKING-P3-PKG12/children/AUTHOR-B1/members/DEL-12-03/simulation/apply/_run_records/WORKING_ITEMS_RUN_2026-07-12_D41-R5-T1-PDU077.md
d582b0591313ed67a9eb529d4e77c9363b17e48d20516278171c796ef646733f	1152	execution/_Coordination/AgentRuns/SOW-STAGE2-EXEC-20260712-01/instances/WORKING-P3-PKG12/children/AUTHOR-B1/members/DEL-12-03/simulation/apply/_run_records/WORKING_ITEMS_RUN_2026-07-12_D41-R5-T3-PDU018-PDU028.md
9219d90d3f6f855c74e69447c198d352e92e669aab829acdfe0487103683779d	1223	execution/_Coordination/AgentRuns/SOW-STAGE2-EXEC-20260712-01/instances/WORKING-P3-PKG12/children/AUTHOR-B1/members/DEL-12-03/simulation/apply/_run_records/WORKING_ITEMS_RUN_2026-07-12_D41-R5-T3-PDU026-PDU043.md
95dedb6a37d3329c370dd677b0ed2ca9fef484d73575e1c7342a5840a28136bd	1187	execution/_Coordination/AgentRuns/SOW-STAGE2-EXEC-20260712-01/instances/WORKING-P3-PKG12/children/AUTHOR-B1/members/DEL-12-03/simulation/apply/_run_records/WORKING_ITEMS_RUN_2026-07-12_D41-R5-T5-PDU042.md
aa92fe6feab8ef3912108dc6969018c77edc47518a4fe95bc667e3ee4ef22fb1	917	execution/_Coordination/AgentRuns/SOW-STAGE2-EXEC-20260712-01/instances/WORKING-P3-PKG12/children/AUTHOR-B1/members/DEL-12-03/simulation/apply/_run_records/WORKING_ITEMS_RUN_2026-07-12_D41-R5-T7-PDU055-CURRENTNESS.md
0a1d6b99ca0c9ab12914a236a12d051523f3fbf8fa4297410f051c3319808737	7795	execution/_Coordination/AgentRuns/SOW-STAGE2-EXEC-20260712-01/instances/WORKING-P3-PKG12/children/AUTHOR-B1/members/DEL-12-03/simulation/rollback/Datasheet.md
8b4c7b5a709c8b48c9dba36806bbb84f66b8ac2159b3b17cb221917f23cdad84	15838	execution/_Coordination/AgentRuns/SOW-STAGE2-EXEC-20260712-01/instances/WORKING-P3-PKG12/children/AUTHOR-B1/members/DEL-12-03/simulation/rollback/Dependencies.csv
18136838bc1da6b2005ebd40e2512f4efef6008a7b6630781171213fe453d437	5566	execution/_Coordination/AgentRuns/SOW-STAGE2-EXEC-20260712-01/instances/WORKING-P3-PKG12/children/AUTHOR-B1/members/DEL-12-03/simulation/rollback/Guidance.md
2f8cff7963ff299de5ac46bb9b398baf46f15ed2b32aac694ba99925d551c0ab	14690	execution/_Coordination/AgentRuns/SOW-STAGE2-EXEC-20260712-01/instances/WORKING-P3-PKG12/children/AUTHOR-B1/members/DEL-12-03/simulation/rollback/MEMORY.md
b24ac9f1133de9411e33af034453d5d8b5acdb4c33bdf5f2be16242e9060d3d9	6486	execution/_Coordination/AgentRuns/SOW-STAGE2-EXEC-20260712-01/instances/WORKING-P3-PKG12/children/AUTHOR-B1/members/DEL-12-03/simulation/rollback/Procedure.md
c41e6fe36ee4070f8b19db69f05d2135c414c13c0ca506fcc76e98ccb107ade6	1471	execution/_Coordination/AgentRuns/SOW-STAGE2-EXEC-20260712-01/instances/WORKING-P3-PKG12/children/AUTHOR-B1/members/DEL-12-03/simulation/rollback/Review_Findings.csv
baefebc008b927389e33e0aa129e97768a61d2045f57d03a2e69af15163fb36b	10058	execution/_Coordination/AgentRuns/SOW-STAGE2-EXEC-20260712-01/instances/WORKING-P3-PKG12/children/AUTHOR-B1/members/DEL-12-03/simulation/rollback/Specification.md
e5359299d90b418dc41ca48dae488f831351b5e73a0f4d6b7c3954dff2b0c3ef	2941	execution/_Coordination/AgentRuns/SOW-STAGE2-EXEC-20260712-01/instances/WORKING-P3-PKG12/children/AUTHOR-B1/members/DEL-12-03/simulation/rollback/_CONTEXT.md
7ff5243235cd979adf3cdd4da923e0d9405b59c23039f32e5258aa9a0f495669	4032	execution/_Coordination/AgentRuns/SOW-STAGE2-EXEC-20260712-01/instances/WORKING-P3-PKG12/children/AUTHOR-B1/members/DEL-12-03/simulation/rollback/_DEPENDENCIES.md
4b4982d506308979eed6fda53185d00d9733dd1b38305356f977094d0daecd32	1358	execution/_Coordination/AgentRuns/SOW-STAGE2-EXEC-20260712-01/instances/WORKING-P3-PKG12/children/AUTHOR-B1/members/DEL-12-03/simulation/rollback/_REFERENCES.md
b16d0ce4f4296b57496daf4fcff60a705c52c718ad91ad910112aa6f164aa0f0	4969	execution/_Coordination/AgentRuns/SOW-STAGE2-EXEC-20260712-01/instances/WORKING-P3-PKG12/children/AUTHOR-B1/members/DEL-12-03/simulation/rollback/_REVIEW.md
d65abccef544b65f21efe36add9ab5b391ce593ab253f2b6f50bece8188b8032	27408	execution/_Coordination/AgentRuns/SOW-STAGE2-EXEC-20260712-01/instances/WORKING-P3-PKG12/children/AUTHOR-B1/members/DEL-12-03/simulation/rollback/_SEMANTIC.md
22cbe234acff3faf2990e82b9cddf825f8009eda108a09077fe41ec285ced860	13806	execution/_Coordination/AgentRuns/SOW-STAGE2-EXEC-20260712-01/instances/WORKING-P3-PKG12/children/AUTHOR-B1/members/DEL-12-03/simulation/rollback/_SEMANTIC_LENSING.md
d414545f5a01142ae26d5c9af26599174a7c606f4614e3a695d802539e72bc97	4010	execution/_Coordination/AgentRuns/SOW-STAGE2-EXEC-20260712-01/instances/WORKING-P3-PKG12/children/AUTHOR-B1/members/DEL-12-03/simulation/rollback/_STATUS.md
1693b254138375679d804a6a45da07bf85711c7a3aa6eed7389ff20cc5b01556	944	execution/_Coordination/AgentRuns/SOW-STAGE2-EXEC-20260712-01/instances/WORKING-P3-PKG12/children/AUTHOR-B1/members/DEL-12-03/simulation/rollback/_run_records/PHASE_1_four-documents_P1_P2_2026-04-30.md
14ea2c7b7d0fa917a23aa741a1b2500306634060db123ad3f0f00304d79a1d8b	674	execution/_Coordination/AgentRuns/SOW-STAGE2-EXEC-20260712-01/instances/WORKING-P3-PKG12/children/AUTHOR-B1/members/DEL-12-03/simulation/rollback/_run_records/PHASE_2_semantic-matrix-build_2026-04-30.md
3a02a515152c427c77e82e07c9d7dc71bc87a0b5ee9c82167be498973ddb9cb1	599	execution/_Coordination/AgentRuns/SOW-STAGE2-EXEC-20260712-01/instances/WORKING-P3-PKG12/children/AUTHOR-B1/members/DEL-12-03/simulation/rollback/_run_records/PHASE_3_lens-register_2026-04-30.md
d0c4c8c6dca2e33ada167416ee77e471292a34c399b042fc242cf32716ef0f42	632	execution/_Coordination/AgentRuns/SOW-STAGE2-EXEC-20260712-01/instances/WORKING-P3-PKG12/children/AUTHOR-B1/members/DEL-12-03/simulation/rollback/_run_records/PHASE_4_four-documents_P3_ONLY_2026-04-30.md
bb39b9e86c637ae45204a2f2a5f00614a8003910995362112d6b13ed3064815e	827	execution/_Coordination/AgentRuns/SOW-STAGE2-EXEC-20260712-01/instances/WORKING-P3-PKG12/children/AUTHOR-B1/members/DEL-12-03/simulation/rollback/_run_records/PHASE_5_dependency-extract_2026-04-30.md
8bc111a69404c2c9505f204fc9e77aee29e85a05b1ee53272e13a5c2bed18f15	4029	execution/_Coordination/AgentRuns/SOW-STAGE2-EXEC-20260712-01/instances/WORKING-P3-PKG12/children/AUTHOR-B1/members/DEL-12-03/simulation/rollback/_run_records/TASK_RUN_2026-05-10_2331_dependency-refresh-closeout.md
ccd9f5dd264c260d8fa54af1743486e39a54138f09a0f58654047b94a5ace4e3	1707	execution/_Coordination/AgentRuns/SOW-STAGE2-EXEC-20260712-01/instances/WORKING-P3-PKG12/children/AUTHOR-B1/members/DEL-12-03/simulation/rollback/_run_records/TASK_RUN_2026-06-04_authority-refresh-0.7-dag006_DEL-12-03.md
40b22e59f59c77ef524c868655222a779da812add85e53d622881052a2362928	4846	execution/_Coordination/AgentRuns/SOW-STAGE2-EXEC-20260712-01/instances/WORKING-P3-PKG12/children/AUTHOR-B1/members/DEL-12-03/simulation/rollback/_run_records/TASK_RUN_2026-06-07_0141.md
89aaa078e38f5149042052ad5e67c62f2b5c0874952a627b95822101f06721e1	6598	execution/_Coordination/AgentRuns/SOW-STAGE2-EXEC-20260712-01/instances/WORKING-P3-PKG12/children/AUTHOR-B1/members/DEL-12-03/simulation/rollback/_run_records/TASK_RUN_2026-06-07_1024_DEL-12-03_readiness-evidence-alignment.md
e74479933c029a392c8164844e49deff8b37709866f0d4d64bb3949b022cdf4e	2427	execution/_Coordination/AgentRuns/SOW-STAGE2-EXEC-20260712-01/instances/WORKING-P3-PKG12/children/AUTHOR-B1/members/DEL-12-03/simulation/rollback/_run_records/TASK_RUN_2026-06-16_2358_dependency-semantic-refresh.md
8e2bc9655f6729e862faad573a09ce91067f3351308d1626ef38b0761ce832cc	1319	execution/_Coordination/AgentRuns/SOW-STAGE2-EXEC-20260712-01/instances/WORKING-P3-PKG12/children/AUTHOR-B1/members/DEL-12-03/simulation/rollback/_run_records/VALIDATION_2026-04-30.md
78963c6f3ff1fb7855b41c53826aba8a6faf32851f58a1c89c4b0a14ec1adcad	1325	execution/_Coordination/AgentRuns/SOW-STAGE2-EXEC-20260712-01/instances/WORKING-P3-PKG12/children/AUTHOR-B1/members/DEL-12-03/simulation/rollback/_run_records/WORKING_ITEMS_RUN_2026-06-18_TP-UNITS-BTAIL-EXPORTREVNONUNITBOUNDARY-001.md
da17632836b9ec525cf5370a45ea68f2a3d9ffaa7c42dae077ea83ed2ef2e3f5	2072	execution/_Coordination/AgentRuns/SOW-STAGE2-EXEC-20260712-01/instances/WORKING-P3-PKG12/children/AUTHOR-B1/members/DEL-12-03/simulation/rollback/_run_records/WORKING_ITEMS_RUN_2026-07-12_D41-R5-T1-PDU077.md
d582b0591313ed67a9eb529d4e77c9363b17e48d20516278171c796ef646733f	1152	execution/_Coordination/AgentRuns/SOW-STAGE2-EXEC-20260712-01/instances/WORKING-P3-PKG12/children/AUTHOR-B1/members/DEL-12-03/simulation/rollback/_run_records/WORKING_ITEMS_RUN_2026-07-12_D41-R5-T3-PDU018-PDU028.md
9219d90d3f6f855c74e69447c198d352e92e669aab829acdfe0487103683779d	1223	execution/_Coordination/AgentRuns/SOW-STAGE2-EXEC-20260712-01/instances/WORKING-P3-PKG12/children/AUTHOR-B1/members/DEL-12-03/simulation/rollback/_run_records/WORKING_ITEMS_RUN_2026-07-12_D41-R5-T3-PDU026-PDU043.md
95dedb6a37d3329c370dd677b0ed2ca9fef484d73575e1c7342a5840a28136bd	1187	execution/_Coordination/AgentRuns/SOW-STAGE2-EXEC-20260712-01/instances/WORKING-P3-PKG12/children/AUTHOR-B1/members/DEL-12-03/simulation/rollback/_run_records/WORKING_ITEMS_RUN_2026-07-12_D41-R5-T5-PDU042.md
aa92fe6feab8ef3912108dc6969018c77edc47518a4fe95bc667e3ee4ef22fb1	917	execution/_Coordination/AgentRuns/SOW-STAGE2-EXEC-20260712-01/instances/WORKING-P3-PKG12/children/AUTHOR-B1/members/DEL-12-03/simulation/rollback/_run_records/WORKING_ITEMS_RUN_2026-07-12_D41-R5-T7-PDU055-CURRENTNESS.md
0d849a8dfd2f2740ffa60078365d1a4d8bb740918f9238a3cfee1bcc1bf93d7a	276	execution/_Coordination/AgentRuns/SOW-STAGE2-EXEC-20260712-01/instances/WORKING-P3-PKG12/children/AUTHOR-B1/members/DEL-12-03/simulation-apply-validation.json
e3b0c44298fc1c149afbf4c8996fb92427ae41e4649b934ca495991b7852b855	0	execution/_Coordination/AgentRuns/SOW-STAGE2-EXEC-20260712-01/instances/WORKING-P3-PKG12/children/AUTHOR-B1/members/DEL-12-03/simulation-apply-validation.stderr
78840454364a73f725f5174a65cbbc6e4bf01d58375215a950f0141f7635da96	264	execution/_Coordination/AgentRuns/SOW-STAGE2-EXEC-20260712-01/instances/WORKING-P3-PKG12/children/AUTHOR-B1/members/DEL-12-03/validation-dual-a.json
e3b0c44298fc1c149afbf4c8996fb92427ae41e4649b934ca495991b7852b855	0	execution/_Coordination/AgentRuns/SOW-STAGE2-EXEC-20260712-01/instances/WORKING-P3-PKG12/children/AUTHOR-B1/members/DEL-12-03/validation-dual-a.stderr
adc0dc705860469f6a7d353349f8a9242adfd3156569c6e2c97ac852af9ede94	264	execution/_Coordination/AgentRuns/SOW-STAGE2-EXEC-20260712-01/instances/WORKING-P3-PKG12/children/AUTHOR-B1/members/DEL-12-03/validation-dual-b.json
e3b0c44298fc1c149afbf4c8996fb92427ae41e4649b934ca495991b7852b855	0	execution/_Coordination/AgentRuns/SOW-STAGE2-EXEC-20260712-01/instances/WORKING-P3-PKG12/children/AUTHOR-B1/members/DEL-12-03/validation-dual-b.stderr
74ab9c472b5345ab1ce4e9c5e5f6b614b638acce9388b0aea5412d51ddcf6d30	242	execution/_Coordination/AgentRuns/SOW-STAGE2-EXEC-20260712-01/instances/WORKING-P3-PKG12/children/AUTHOR-B1/members/DEL-12-03/validation-sow-v1.json
e3b0c44298fc1c149afbf4c8996fb92427ae41e4649b934ca495991b7852b855	0	execution/_Coordination/AgentRuns/SOW-STAGE2-EXEC-20260712-01/instances/WORKING-P3-PKG12/children/AUTHOR-B1/members/DEL-12-03/validation-sow-v1.stderr
0a1d6b99ca0c9ab12914a236a12d051523f3fbf8fa4297410f051c3319808737	7795	execution/_Coordination/AgentRuns/SOW-STAGE2-EXEC-20260712-01/instances/WORKING-P3-PKG12/children/AUTHOR-B1/members/DEL-12-03/workspace-a/Datasheet.md
8b4c7b5a709c8b48c9dba36806bbb84f66b8ac2159b3b17cb221917f23cdad84	15838	execution/_Coordination/AgentRuns/SOW-STAGE2-EXEC-20260712-01/instances/WORKING-P3-PKG12/children/AUTHOR-B1/members/DEL-12-03/workspace-a/Dependencies.csv
18136838bc1da6b2005ebd40e2512f4efef6008a7b6630781171213fe453d437	5566	execution/_Coordination/AgentRuns/SOW-STAGE2-EXEC-20260712-01/instances/WORKING-P3-PKG12/children/AUTHOR-B1/members/DEL-12-03/workspace-a/Guidance.md
2f8cff7963ff299de5ac46bb9b398baf46f15ed2b32aac694ba99925d551c0ab	14690	execution/_Coordination/AgentRuns/SOW-STAGE2-EXEC-20260712-01/instances/WORKING-P3-PKG12/children/AUTHOR-B1/members/DEL-12-03/workspace-a/MEMORY.md
b24ac9f1133de9411e33af034453d5d8b5acdb4c33bdf5f2be16242e9060d3d9	6486	execution/_Coordination/AgentRuns/SOW-STAGE2-EXEC-20260712-01/instances/WORKING-P3-PKG12/children/AUTHOR-B1/members/DEL-12-03/workspace-a/Procedure.md
c41e6fe36ee4070f8b19db69f05d2135c414c13c0ca506fcc76e98ccb107ade6	1471	execution/_Coordination/AgentRuns/SOW-STAGE2-EXEC-20260712-01/instances/WORKING-P3-PKG12/children/AUTHOR-B1/members/DEL-12-03/workspace-a/Review_Findings.csv
490c7a1b66f18c63a98be16ea1080e092b3837ad942ab2771806644bc24eb8a2	39928	execution/_Coordination/AgentRuns/SOW-STAGE2-EXEC-20260712-01/instances/WORKING-P3-PKG12/children/AUTHOR-B1/members/DEL-12-03/workspace-a/ScopeOfWork.md
baefebc008b927389e33e0aa129e97768a61d2045f57d03a2e69af15163fb36b	10058	execution/_Coordination/AgentRuns/SOW-STAGE2-EXEC-20260712-01/instances/WORKING-P3-PKG12/children/AUTHOR-B1/members/DEL-12-03/workspace-a/Specification.md
e5359299d90b418dc41ca48dae488f831351b5e73a0f4d6b7c3954dff2b0c3ef	2941	execution/_Coordination/AgentRuns/SOW-STAGE2-EXEC-20260712-01/instances/WORKING-P3-PKG12/children/AUTHOR-B1/members/DEL-12-03/workspace-a/_CONTEXT.md
7ff5243235cd979adf3cdd4da923e0d9405b59c23039f32e5258aa9a0f495669	4032	execution/_Coordination/AgentRuns/SOW-STAGE2-EXEC-20260712-01/instances/WORKING-P3-PKG12/children/AUTHOR-B1/members/DEL-12-03/workspace-a/_DEPENDENCIES.md
4b4982d506308979eed6fda53185d00d9733dd1b38305356f977094d0daecd32	1358	execution/_Coordination/AgentRuns/SOW-STAGE2-EXEC-20260712-01/instances/WORKING-P3-PKG12/children/AUTHOR-B1/members/DEL-12-03/workspace-a/_REFERENCES.md
b16d0ce4f4296b57496daf4fcff60a705c52c718ad91ad910112aa6f164aa0f0	4969	execution/_Coordination/AgentRuns/SOW-STAGE2-EXEC-20260712-01/instances/WORKING-P3-PKG12/children/AUTHOR-B1/members/DEL-12-03/workspace-a/_REVIEW.md
d65abccef544b65f21efe36add9ab5b391ce593ab253f2b6f50bece8188b8032	27408	execution/_Coordination/AgentRuns/SOW-STAGE2-EXEC-20260712-01/instances/WORKING-P3-PKG12/children/AUTHOR-B1/members/DEL-12-03/workspace-a/_SEMANTIC.md
22cbe234acff3faf2990e82b9cddf825f8009eda108a09077fe41ec285ced860	13806	execution/_Coordination/AgentRuns/SOW-STAGE2-EXEC-20260712-01/instances/WORKING-P3-PKG12/children/AUTHOR-B1/members/DEL-12-03/workspace-a/_SEMANTIC_LENSING.md
d414545f5a01142ae26d5c9af26599174a7c606f4614e3a695d802539e72bc97	4010	execution/_Coordination/AgentRuns/SOW-STAGE2-EXEC-20260712-01/instances/WORKING-P3-PKG12/children/AUTHOR-B1/members/DEL-12-03/workspace-a/_STATUS.md
1693b254138375679d804a6a45da07bf85711c7a3aa6eed7389ff20cc5b01556	944	execution/_Coordination/AgentRuns/SOW-STAGE2-EXEC-20260712-01/instances/WORKING-P3-PKG12/children/AUTHOR-B1/members/DEL-12-03/workspace-a/_run_records/PHASE_1_four-documents_P1_P2_2026-04-30.md
14ea2c7b7d0fa917a23aa741a1b2500306634060db123ad3f0f00304d79a1d8b	674	execution/_Coordination/AgentRuns/SOW-STAGE2-EXEC-20260712-01/instances/WORKING-P3-PKG12/children/AUTHOR-B1/members/DEL-12-03/workspace-a/_run_records/PHASE_2_semantic-matrix-build_2026-04-30.md
3a02a515152c427c77e82e07c9d7dc71bc87a0b5ee9c82167be498973ddb9cb1	599	execution/_Coordination/AgentRuns/SOW-STAGE2-EXEC-20260712-01/instances/WORKING-P3-PKG12/children/AUTHOR-B1/members/DEL-12-03/workspace-a/_run_records/PHASE_3_lens-register_2026-04-30.md
d0c4c8c6dca2e33ada167416ee77e471292a34c399b042fc242cf32716ef0f42	632	execution/_Coordination/AgentRuns/SOW-STAGE2-EXEC-20260712-01/instances/WORKING-P3-PKG12/children/AUTHOR-B1/members/DEL-12-03/workspace-a/_run_records/PHASE_4_four-documents_P3_ONLY_2026-04-30.md
bb39b9e86c637ae45204a2f2a5f00614a8003910995362112d6b13ed3064815e	827	execution/_Coordination/AgentRuns/SOW-STAGE2-EXEC-20260712-01/instances/WORKING-P3-PKG12/children/AUTHOR-B1/members/DEL-12-03/workspace-a/_run_records/PHASE_5_dependency-extract_2026-04-30.md
8bc111a69404c2c9505f204fc9e77aee29e85a05b1ee53272e13a5c2bed18f15	4029	execution/_Coordination/AgentRuns/SOW-STAGE2-EXEC-20260712-01/instances/WORKING-P3-PKG12/children/AUTHOR-B1/members/DEL-12-03/workspace-a/_run_records/TASK_RUN_2026-05-10_2331_dependency-refresh-closeout.md
ccd9f5dd264c260d8fa54af1743486e39a54138f09a0f58654047b94a5ace4e3	1707	execution/_Coordination/AgentRuns/SOW-STAGE2-EXEC-20260712-01/instances/WORKING-P3-PKG12/children/AUTHOR-B1/members/DEL-12-03/workspace-a/_run_records/TASK_RUN_2026-06-04_authority-refresh-0.7-dag006_DEL-12-03.md
40b22e59f59c77ef524c868655222a779da812add85e53d622881052a2362928	4846	execution/_Coordination/AgentRuns/SOW-STAGE2-EXEC-20260712-01/instances/WORKING-P3-PKG12/children/AUTHOR-B1/members/DEL-12-03/workspace-a/_run_records/TASK_RUN_2026-06-07_0141.md
89aaa078e38f5149042052ad5e67c62f2b5c0874952a627b95822101f06721e1	6598	execution/_Coordination/AgentRuns/SOW-STAGE2-EXEC-20260712-01/instances/WORKING-P3-PKG12/children/AUTHOR-B1/members/DEL-12-03/workspace-a/_run_records/TASK_RUN_2026-06-07_1024_DEL-12-03_readiness-evidence-alignment.md
e74479933c029a392c8164844e49deff8b37709866f0d4d64bb3949b022cdf4e	2427	execution/_Coordination/AgentRuns/SOW-STAGE2-EXEC-20260712-01/instances/WORKING-P3-PKG12/children/AUTHOR-B1/members/DEL-12-03/workspace-a/_run_records/TASK_RUN_2026-06-16_2358_dependency-semantic-refresh.md
8e2bc9655f6729e862faad573a09ce91067f3351308d1626ef38b0761ce832cc	1319	execution/_Coordination/AgentRuns/SOW-STAGE2-EXEC-20260712-01/instances/WORKING-P3-PKG12/children/AUTHOR-B1/members/DEL-12-03/workspace-a/_run_records/VALIDATION_2026-04-30.md
78963c6f3ff1fb7855b41c53826aba8a6faf32851f58a1c89c4b0a14ec1adcad	1325	execution/_Coordination/AgentRuns/SOW-STAGE2-EXEC-20260712-01/instances/WORKING-P3-PKG12/children/AUTHOR-B1/members/DEL-12-03/workspace-a/_run_records/WORKING_ITEMS_RUN_2026-06-18_TP-UNITS-BTAIL-EXPORTREVNONUNITBOUNDARY-001.md
da17632836b9ec525cf5370a45ea68f2a3d9ffaa7c42dae077ea83ed2ef2e3f5	2072	execution/_Coordination/AgentRuns/SOW-STAGE2-EXEC-20260712-01/instances/WORKING-P3-PKG12/children/AUTHOR-B1/members/DEL-12-03/workspace-a/_run_records/WORKING_ITEMS_RUN_2026-07-12_D41-R5-T1-PDU077.md
d582b0591313ed67a9eb529d4e77c9363b17e48d20516278171c796ef646733f	1152	execution/_Coordination/AgentRuns/SOW-STAGE2-EXEC-20260712-01/instances/WORKING-P3-PKG12/children/AUTHOR-B1/members/DEL-12-03/workspace-a/_run_records/WORKING_ITEMS_RUN_2026-07-12_D41-R5-T3-PDU018-PDU028.md
9219d90d3f6f855c74e69447c198d352e92e669aab829acdfe0487103683779d	1223	execution/_Coordination/AgentRuns/SOW-STAGE2-EXEC-20260712-01/instances/WORKING-P3-PKG12/children/AUTHOR-B1/members/DEL-12-03/workspace-a/_run_records/WORKING_ITEMS_RUN_2026-07-12_D41-R5-T3-PDU026-PDU043.md
95dedb6a37d3329c370dd677b0ed2ca9fef484d73575e1c7342a5840a28136bd	1187	execution/_Coordination/AgentRuns/SOW-STAGE2-EXEC-20260712-01/instances/WORKING-P3-PKG12/children/AUTHOR-B1/members/DEL-12-03/workspace-a/_run_records/WORKING_ITEMS_RUN_2026-07-12_D41-R5-T5-PDU042.md
aa92fe6feab8ef3912108dc6969018c77edc47518a4fe95bc667e3ee4ef22fb1	917	execution/_Coordination/AgentRuns/SOW-STAGE2-EXEC-20260712-01/instances/WORKING-P3-PKG12/children/AUTHOR-B1/members/DEL-12-03/workspace-a/_run_records/WORKING_ITEMS_RUN_2026-07-12_D41-R5-T7-PDU055-CURRENTNESS.md
0a1d6b99ca0c9ab12914a236a12d051523f3fbf8fa4297410f051c3319808737	7795	execution/_Coordination/AgentRuns/SOW-STAGE2-EXEC-20260712-01/instances/WORKING-P3-PKG12/children/AUTHOR-B1/members/DEL-12-03/workspace-b/Datasheet.md
8b4c7b5a709c8b48c9dba36806bbb84f66b8ac2159b3b17cb221917f23cdad84	15838	execution/_Coordination/AgentRuns/SOW-STAGE2-EXEC-20260712-01/instances/WORKING-P3-PKG12/children/AUTHOR-B1/members/DEL-12-03/workspace-b/Dependencies.csv
18136838bc1da6b2005ebd40e2512f4efef6008a7b6630781171213fe453d437	5566	execution/_Coordination/AgentRuns/SOW-STAGE2-EXEC-20260712-01/instances/WORKING-P3-PKG12/children/AUTHOR-B1/members/DEL-12-03/workspace-b/Guidance.md
2f8cff7963ff299de5ac46bb9b398baf46f15ed2b32aac694ba99925d551c0ab	14690	execution/_Coordination/AgentRuns/SOW-STAGE2-EXEC-20260712-01/instances/WORKING-P3-PKG12/children/AUTHOR-B1/members/DEL-12-03/workspace-b/MEMORY.md
b24ac9f1133de9411e33af034453d5d8b5acdb4c33bdf5f2be16242e9060d3d9	6486	execution/_Coordination/AgentRuns/SOW-STAGE2-EXEC-20260712-01/instances/WORKING-P3-PKG12/children/AUTHOR-B1/members/DEL-12-03/workspace-b/Procedure.md
c41e6fe36ee4070f8b19db69f05d2135c414c13c0ca506fcc76e98ccb107ade6	1471	execution/_Coordination/AgentRuns/SOW-STAGE2-EXEC-20260712-01/instances/WORKING-P3-PKG12/children/AUTHOR-B1/members/DEL-12-03/workspace-b/Review_Findings.csv
490c7a1b66f18c63a98be16ea1080e092b3837ad942ab2771806644bc24eb8a2	39928	execution/_Coordination/AgentRuns/SOW-STAGE2-EXEC-20260712-01/instances/WORKING-P3-PKG12/children/AUTHOR-B1/members/DEL-12-03/workspace-b/ScopeOfWork.md
baefebc008b927389e33e0aa129e97768a61d2045f57d03a2e69af15163fb36b	10058	execution/_Coordination/AgentRuns/SOW-STAGE2-EXEC-20260712-01/instances/WORKING-P3-PKG12/children/AUTHOR-B1/members/DEL-12-03/workspace-b/Specification.md
e5359299d90b418dc41ca48dae488f831351b5e73a0f4d6b7c3954dff2b0c3ef	2941	execution/_Coordination/AgentRuns/SOW-STAGE2-EXEC-20260712-01/instances/WORKING-P3-PKG12/children/AUTHOR-B1/members/DEL-12-03/workspace-b/_CONTEXT.md
7ff5243235cd979adf3cdd4da923e0d9405b59c23039f32e5258aa9a0f495669	4032	execution/_Coordination/AgentRuns/SOW-STAGE2-EXEC-20260712-01/instances/WORKING-P3-PKG12/children/AUTHOR-B1/members/DEL-12-03/workspace-b/_DEPENDENCIES.md
4b4982d506308979eed6fda53185d00d9733dd1b38305356f977094d0daecd32	1358	execution/_Coordination/AgentRuns/SOW-STAGE2-EXEC-20260712-01/instances/WORKING-P3-PKG12/children/AUTHOR-B1/members/DEL-12-03/workspace-b/_REFERENCES.md
b16d0ce4f4296b57496daf4fcff60a705c52c718ad91ad910112aa6f164aa0f0	4969	execution/_Coordination/AgentRuns/SOW-STAGE2-EXEC-20260712-01/instances/WORKING-P3-PKG12/children/AUTHOR-B1/members/DEL-12-03/workspace-b/_REVIEW.md
d65abccef544b65f21efe36add9ab5b391ce593ab253f2b6f50bece8188b8032	27408	execution/_Coordination/AgentRuns/SOW-STAGE2-EXEC-20260712-01/instances/WORKING-P3-PKG12/children/AUTHOR-B1/members/DEL-12-03/workspace-b/_SEMANTIC.md
22cbe234acff3faf2990e82b9cddf825f8009eda108a09077fe41ec285ced860	13806	execution/_Coordination/AgentRuns/SOW-STAGE2-EXEC-20260712-01/instances/WORKING-P3-PKG12/children/AUTHOR-B1/members/DEL-12-03/workspace-b/_SEMANTIC_LENSING.md
d414545f5a01142ae26d5c9af26599174a7c606f4614e3a695d802539e72bc97	4010	execution/_Coordination/AgentRuns/SOW-STAGE2-EXEC-20260712-01/instances/WORKING-P3-PKG12/children/AUTHOR-B1/members/DEL-12-03/workspace-b/_STATUS.md
1693b254138375679d804a6a45da07bf85711c7a3aa6eed7389ff20cc5b01556	944	execution/_Coordination/AgentRuns/SOW-STAGE2-EXEC-20260712-01/instances/WORKING-P3-PKG12/children/AUTHOR-B1/members/DEL-12-03/workspace-b/_run_records/PHASE_1_four-documents_P1_P2_2026-04-30.md
14ea2c7b7d0fa917a23aa741a1b2500306634060db123ad3f0f00304d79a1d8b	674	execution/_Coordination/AgentRuns/SOW-STAGE2-EXEC-20260712-01/instances/WORKING-P3-PKG12/children/AUTHOR-B1/members/DEL-12-03/workspace-b/_run_records/PHASE_2_semantic-matrix-build_2026-04-30.md
3a02a515152c427c77e82e07c9d7dc71bc87a0b5ee9c82167be498973ddb9cb1	599	execution/_Coordination/AgentRuns/SOW-STAGE2-EXEC-20260712-01/instances/WORKING-P3-PKG12/children/AUTHOR-B1/members/DEL-12-03/workspace-b/_run_records/PHASE_3_lens-register_2026-04-30.md
d0c4c8c6dca2e33ada167416ee77e471292a34c399b042fc242cf32716ef0f42	632	execution/_Coordination/AgentRuns/SOW-STAGE2-EXEC-20260712-01/instances/WORKING-P3-PKG12/children/AUTHOR-B1/members/DEL-12-03/workspace-b/_run_records/PHASE_4_four-documents_P3_ONLY_2026-04-30.md
bb39b9e86c637ae45204a2f2a5f00614a8003910995362112d6b13ed3064815e	827	execution/_Coordination/AgentRuns/SOW-STAGE2-EXEC-20260712-01/instances/WORKING-P3-PKG12/children/AUTHOR-B1/members/DEL-12-03/workspace-b/_run_records/PHASE_5_dependency-extract_2026-04-30.md
8bc111a69404c2c9505f204fc9e77aee29e85a05b1ee53272e13a5c2bed18f15	4029	execution/_Coordination/AgentRuns/SOW-STAGE2-EXEC-20260712-01/instances/WORKING-P3-PKG12/children/AUTHOR-B1/members/DEL-12-03/workspace-b/_run_records/TASK_RUN_2026-05-10_2331_dependency-refresh-closeout.md
ccd9f5dd264c260d8fa54af1743486e39a54138f09a0f58654047b94a5ace4e3	1707	execution/_Coordination/AgentRuns/SOW-STAGE2-EXEC-20260712-01/instances/WORKING-P3-PKG12/children/AUTHOR-B1/members/DEL-12-03/workspace-b/_run_records/TASK_RUN_2026-06-04_authority-refresh-0.7-dag006_DEL-12-03.md
40b22e59f59c77ef524c868655222a779da812add85e53d622881052a2362928	4846	execution/_Coordination/AgentRuns/SOW-STAGE2-EXEC-20260712-01/instances/WORKING-P3-PKG12/children/AUTHOR-B1/members/DEL-12-03/workspace-b/_run_records/TASK_RUN_2026-06-07_0141.md
89aaa078e38f5149042052ad5e67c62f2b5c0874952a627b95822101f06721e1	6598	execution/_Coordination/AgentRuns/SOW-STAGE2-EXEC-20260712-01/instances/WORKING-P3-PKG12/children/AUTHOR-B1/members/DEL-12-03/workspace-b/_run_records/TASK_RUN_2026-06-07_1024_DEL-12-03_readiness-evidence-alignment.md
e74479933c029a392c8164844e49deff8b37709866f0d4d64bb3949b022cdf4e	2427	execution/_Coordination/AgentRuns/SOW-STAGE2-EXEC-20260712-01/instances/WORKING-P3-PKG12/children/AUTHOR-B1/members/DEL-12-03/workspace-b/_run_records/TASK_RUN_2026-06-16_2358_dependency-semantic-refresh.md
8e2bc9655f6729e862faad573a09ce91067f3351308d1626ef38b0761ce832cc	1319	execution/_Coordination/AgentRuns/SOW-STAGE2-EXEC-20260712-01/instances/WORKING-P3-PKG12/children/AUTHOR-B1/members/DEL-12-03/workspace-b/_run_records/VALIDATION_2026-04-30.md
78963c6f3ff1fb7855b41c53826aba8a6faf32851f58a1c89c4b0a14ec1adcad	1325	execution/_Coordination/AgentRuns/SOW-STAGE2-EXEC-20260712-01/instances/WORKING-P3-PKG12/children/AUTHOR-B1/members/DEL-12-03/workspace-b/_run_records/WORKING_ITEMS_RUN_2026-06-18_TP-UNITS-BTAIL-EXPORTREVNONUNITBOUNDARY-001.md
da17632836b9ec525cf5370a45ea68f2a3d9ffaa7c42dae077ea83ed2ef2e3f5	2072	execution/_Coordination/AgentRuns/SOW-STAGE2-EXEC-20260712-01/instances/WORKING-P3-PKG12/children/AUTHOR-B1/members/DEL-12-03/workspace-b/_run_records/WORKING_ITEMS_RUN_2026-07-12_D41-R5-T1-PDU077.md
d582b0591313ed67a9eb529d4e77c9363b17e48d20516278171c796ef646733f	1152	execution/_Coordination/AgentRuns/SOW-STAGE2-EXEC-20260712-01/instances/WORKING-P3-PKG12/children/AUTHOR-B1/members/DEL-12-03/workspace-b/_run_records/WORKING_ITEMS_RUN_2026-07-12_D41-R5-T3-PDU018-PDU028.md
9219d90d3f6f855c74e69447c198d352e92e669aab829acdfe0487103683779d	1223	execution/_Coordination/AgentRuns/SOW-STAGE2-EXEC-20260712-01/instances/WORKING-P3-PKG12/children/AUTHOR-B1/members/DEL-12-03/workspace-b/_run_records/WORKING_ITEMS_RUN_2026-07-12_D41-R5-T3-PDU026-PDU043.md
95dedb6a37d3329c370dd677b0ed2ca9fef484d73575e1c7342a5840a28136bd	1187	execution/_Coordination/AgentRuns/SOW-STAGE2-EXEC-20260712-01/instances/WORKING-P3-PKG12/children/AUTHOR-B1/members/DEL-12-03/workspace-b/_run_records/WORKING_ITEMS_RUN_2026-07-12_D41-R5-T5-PDU042.md
aa92fe6feab8ef3912108dc6969018c77edc47518a4fe95bc667e3ee4ef22fb1	917	execution/_Coordination/AgentRuns/SOW-STAGE2-EXEC-20260712-01/instances/WORKING-P3-PKG12/children/AUTHOR-B1/members/DEL-12-03/workspace-b/_run_records/WORKING_ITEMS_RUN_2026-07-12_D41-R5-T7-PDU055-CURRENTNESS.md
9f084301de329eb95c3ba0f5f06d3f6429ccb99afbe0d1beac50c27ad512fbf8	626	execution/_Coordination/AgentRuns/SOW-STAGE2-EXEC-20260712-01/instances/WORKING-P3-PKG12/children/AUTHOR-B1/members/DEL-12-04/DERIVATIVE_DETERMINISM.tsv
be27eeda0fa7ec6ffffc9de963e20fc3e9aefb899c6d1dca6d15756ee4aba345	506	execution/_Coordination/AgentRuns/SOW-STAGE2-EXEC-20260712-01/instances/WORKING-P3-PKG12/children/AUTHOR-B1/members/DEL-12-04/DETERMINISM.tsv
895943380dadafcde0104817e551f10dda52b7dc5cae6596a3c461ee426876e5	1630	execution/_Coordination/AgentRuns/SOW-STAGE2-EXEC-20260712-01/instances/WORKING-P3-PKG12/children/AUTHOR-B1/members/DEL-12-04/FROZEN_ROW.tsv
574f131d8cf582ce4ef4406a47ee28b3c8babea689b6c2d4db97dafd48e93046	822	execution/_Coordination/AgentRuns/SOW-STAGE2-EXEC-20260712-01/instances/WORKING-P3-PKG12/children/AUTHOR-B1/members/DEL-12-04/IMMUTABLE_LITERAL_AND_CONTEXT_REVIEW.md
92c93f6a5bd4739915bee4de40b37d9b4eac229cb6d720941b52ffc497d42b2b	630	execution/_Coordination/AgentRuns/SOW-STAGE2-EXEC-20260712-01/instances/WORKING-P3-PKG12/children/AUTHOR-B1/members/DEL-12-04/MEMBER_SUMMARY.md
483611b22f1a47140c9ec8e61e8ad240e425dd3013fc044558601b3b570dee22	1657	execution/_Coordination/AgentRuns/SOW-STAGE2-EXEC-20260712-01/instances/WORKING-P3-PKG12/children/AUTHOR-B1/members/DEL-12-04/SOURCE_HASHES.tsv
36c8d2fab51f839e2de509ae0a572dabc4193d31a49836e204543a695da1194d	44882	execution/_Coordination/AgentRuns/SOW-STAGE2-EXEC-20260712-01/instances/WORKING-P3-PKG12/children/AUTHOR-B1/members/DEL-12-04/ScopeOfWork-a.html
36c8d2fab51f839e2de509ae0a572dabc4193d31a49836e204543a695da1194d	44882	execution/_Coordination/AgentRuns/SOW-STAGE2-EXEC-20260712-01/instances/WORKING-P3-PKG12/children/AUTHOR-B1/members/DEL-12-04/ScopeOfWork-b.html
03a3e5a81bd2940705fc72f269462486886e20d2943da4d68ebb71e69736b878	1831	execution/_Coordination/AgentRuns/SOW-STAGE2-EXEC-20260712-01/instances/WORKING-P3-PKG12/children/AUTHOR-B1/members/DEL-12-04/checklist-a.json
e3b0c44298fc1c149afbf4c8996fb92427ae41e4649b934ca495991b7852b855	0	execution/_Coordination/AgentRuns/SOW-STAGE2-EXEC-20260712-01/instances/WORKING-P3-PKG12/children/AUTHOR-B1/members/DEL-12-04/checklist-a.stderr
e3b0c44298fc1c149afbf4c8996fb92427ae41e4649b934ca495991b7852b855	0	execution/_Coordination/AgentRuns/SOW-STAGE2-EXEC-20260712-01/instances/WORKING-P3-PKG12/children/AUTHOR-B1/members/DEL-12-04/checklist-a.stdout
03a3e5a81bd2940705fc72f269462486886e20d2943da4d68ebb71e69736b878	1831	execution/_Coordination/AgentRuns/SOW-STAGE2-EXEC-20260712-01/instances/WORKING-P3-PKG12/children/AUTHOR-B1/members/DEL-12-04/checklist-b.json
e3b0c44298fc1c149afbf4c8996fb92427ae41e4649b934ca495991b7852b855	0	execution/_Coordination/AgentRuns/SOW-STAGE2-EXEC-20260712-01/instances/WORKING-P3-PKG12/children/AUTHOR-B1/members/DEL-12-04/checklist-b.stderr
e3b0c44298fc1c149afbf4c8996fb92427ae41e4649b934ca495991b7852b855	0	execution/_Coordination/AgentRuns/SOW-STAGE2-EXEC-20260712-01/instances/WORKING-P3-PKG12/children/AUTHOR-B1/members/DEL-12-04/checklist-b.stdout
b9cdf0b1cf40bd9eaf91a9ea3ba0f23fc4fa319ce1a417f7b75df817a48a5269	4764	execution/_Coordination/AgentRuns/SOW-STAGE2-EXEC-20260712-01/instances/WORKING-P3-PKG12/children/AUTHOR-B1/members/DEL-12-04/claim-map-a.csv
e3b0c44298fc1c149afbf4c8996fb92427ae41e4649b934ca495991b7852b855	0	execution/_Coordination/AgentRuns/SOW-STAGE2-EXEC-20260712-01/instances/WORKING-P3-PKG12/children/AUTHOR-B1/members/DEL-12-04/claim-map-a.stderr
9ca9eff0008d04f141d4e80598b9982673280cc953cfc554e000c774a5a79cae	207	execution/_Coordination/AgentRuns/SOW-STAGE2-EXEC-20260712-01/instances/WORKING-P3-PKG12/children/AUTHOR-B1/members/DEL-12-04/claim-map-a.stdout
b9cdf0b1cf40bd9eaf91a9ea3ba0f23fc4fa319ce1a417f7b75df817a48a5269	4764	execution/_Coordination/AgentRuns/SOW-STAGE2-EXEC-20260712-01/instances/WORKING-P3-PKG12/children/AUTHOR-B1/members/DEL-12-04/claim-map-b.csv
e3b0c44298fc1c149afbf4c8996fb92427ae41e4649b934ca495991b7852b855	0	execution/_Coordination/AgentRuns/SOW-STAGE2-EXEC-20260712-01/instances/WORKING-P3-PKG12/children/AUTHOR-B1/members/DEL-12-04/claim-map-b.stderr
2b7fe1ca8167914d64244289f8039b96aa9bcfcf3b7ce90ffb253149f6e73666	207	execution/_Coordination/AgentRuns/SOW-STAGE2-EXEC-20260712-01/instances/WORKING-P3-PKG12/children/AUTHOR-B1/members/DEL-12-04/claim-map-b.stdout
e3b0c44298fc1c149afbf4c8996fb92427ae41e4649b934ca495991b7852b855	0	execution/_Coordination/AgentRuns/SOW-STAGE2-EXEC-20260712-01/instances/WORKING-P3-PKG12/children/AUTHOR-B1/members/DEL-12-04/conversion-a.stderr
affd4b7c16b29a65cbc0302f35e6c238d8dd861754c64c9aea9908aa7598bd15	198	execution/_Coordination/AgentRuns/SOW-STAGE2-EXEC-20260712-01/instances/WORKING-P3-PKG12/children/AUTHOR-B1/members/DEL-12-04/conversion-a.stdout
e3b0c44298fc1c149afbf4c8996fb92427ae41e4649b934ca495991b7852b855	0	execution/_Coordination/AgentRuns/SOW-STAGE2-EXEC-20260712-01/instances/WORKING-P3-PKG12/children/AUTHOR-B1/members/DEL-12-04/conversion-b.stderr
f4ae6ba4c92e66219b4d33428817b9c3bda35bee77abc431c13510e68d05fde7	198	execution/_Coordination/AgentRuns/SOW-STAGE2-EXEC-20260712-01/instances/WORKING-P3-PKG12/children/AUTHOR-B1/members/DEL-12-04/conversion-b.stdout
a85b8115057211ecdc8ac74c005d79b0b6f0c9f2f944058441c46c211781858b	36042	execution/_Coordination/AgentRuns/SOW-STAGE2-EXEC-20260712-01/instances/WORKING-P3-PKG12/children/AUTHOR-B1/members/DEL-12-04/final-a/ScopeOfWork.md
3604c664c0999360befef4e8cfd3b64d226461070ba494c72093cca97b5af0bd	10030	execution/_Coordination/AgentRuns/SOW-STAGE2-EXEC-20260712-01/instances/WORKING-P3-PKG12/children/AUTHOR-B1/members/DEL-12-04/final-a/report.json
a85b8115057211ecdc8ac74c005d79b0b6f0c9f2f944058441c46c211781858b	36042	execution/_Coordination/AgentRuns/SOW-STAGE2-EXEC-20260712-01/instances/WORKING-P3-PKG12/children/AUTHOR-B1/members/DEL-12-04/final-b/ScopeOfWork.md
3604c664c0999360befef4e8cfd3b64d226461070ba494c72093cca97b5af0bd	10030	execution/_Coordination/AgentRuns/SOW-STAGE2-EXEC-20260712-01/instances/WORKING-P3-PKG12/children/AUTHOR-B1/members/DEL-12-04/final-b/report.json
e3b0c44298fc1c149afbf4c8996fb92427ae41e4649b934ca495991b7852b855	0	execution/_Coordination/AgentRuns/SOW-STAGE2-EXEC-20260712-01/instances/WORKING-P3-PKG12/children/AUTHOR-B1/members/DEL-12-04/finalization-a.stderr
d7d1d33deaf4e0ac0fec8f92508abf8d8f3c783b851cd6b10541f76b6c52d62d	216	execution/_Coordination/AgentRuns/SOW-STAGE2-EXEC-20260712-01/instances/WORKING-P3-PKG12/children/AUTHOR-B1/members/DEL-12-04/finalization-a.stdout
e3b0c44298fc1c149afbf4c8996fb92427ae41e4649b934ca495991b7852b855	0	execution/_Coordination/AgentRuns/SOW-STAGE2-EXEC-20260712-01/instances/WORKING-P3-PKG12/children/AUTHOR-B1/members/DEL-12-04/finalization-b.stderr
68079615c45b15b85dea5b99caac178525f4c5e806bfb7ddf0ae6d3840ee45d8	216	execution/_Coordination/AgentRuns/SOW-STAGE2-EXEC-20260712-01/instances/WORKING-P3-PKG12/children/AUTHOR-B1/members/DEL-12-04/finalization-b.stdout
59ce7d9b29d5042aeb3ffdb11ca38a2eedcae7c476ce98023b53a3d70e01bfef	36061	execution/_Coordination/AgentRuns/SOW-STAGE2-EXEC-20260712-01/instances/WORKING-P3-PKG12/children/AUTHOR-B1/members/DEL-12-04/mutated-production/ScopeOfWork.md
4355a46b19d348dc2f57c046f8ef63d4538ebb936000f3c9ee954a27460dd865	2	execution/_Coordination/AgentRuns/SOW-STAGE2-EXEC-20260712-01/instances/WORKING-P3-PKG12/children/AUTHOR-B1/members/DEL-12-04/negative-ambiguous-checklist.exit
b37a0cca9858c0352661b65d064e00020bbe562dbdaab6454812cd6c24f7dd2c	167	execution/_Coordination/AgentRuns/SOW-STAGE2-EXEC-20260712-01/instances/WORKING-P3-PKG12/children/AUTHOR-B1/members/DEL-12-04/negative-ambiguous-checklist.stderr
e3b0c44298fc1c149afbf4c8996fb92427ae41e4649b934ca495991b7852b855	0	execution/_Coordination/AgentRuns/SOW-STAGE2-EXEC-20260712-01/instances/WORKING-P3-PKG12/children/AUTHOR-B1/members/DEL-12-04/negative-ambiguous-checklist.stdout
4355a46b19d348dc2f57c046f8ef63d4538ebb936000f3c9ee954a27460dd865	2	execution/_Coordination/AgentRuns/SOW-STAGE2-EXEC-20260712-01/instances/WORKING-P3-PKG12/children/AUTHOR-B1/members/DEL-12-04/negative-evidence-render.exit
cb0da27c60dce6b4cbcfd06282c5b6f1266cc686411a099c3c2ce0fa13f2bc8d	129	execution/_Coordination/AgentRuns/SOW-STAGE2-EXEC-20260712-01/instances/WORKING-P3-PKG12/children/AUTHOR-B1/members/DEL-12-04/negative-evidence-render.stderr
e3b0c44298fc1c149afbf4c8996fb92427ae41e4649b934ca495991b7852b855	0	execution/_Coordination/AgentRuns/SOW-STAGE2-EXEC-20260712-01/instances/WORKING-P3-PKG12/children/AUTHOR-B1/members/DEL-12-04/negative-evidence-render.stdout
4355a46b19d348dc2f57c046f8ef63d4538ebb936000f3c9ee954a27460dd865	2	execution/_Coordination/AgentRuns/SOW-STAGE2-EXEC-20260712-01/instances/WORKING-P3-PKG12/children/AUTHOR-B1/members/DEL-12-04/negative-mutated-map.exit
508e4cba64abbcf0b6795d7878007071f478f6346c8328a87ab00f3b4203657f	97	execution/_Coordination/AgentRuns/SOW-STAGE2-EXEC-20260712-01/instances/WORKING-P3-PKG12/children/AUTHOR-B1/members/DEL-12-04/negative-mutated-map.stderr
e3b0c44298fc1c149afbf4c8996fb92427ae41e4649b934ca495991b7852b855	0	execution/_Coordination/AgentRuns/SOW-STAGE2-EXEC-20260712-01/instances/WORKING-P3-PKG12/children/AUTHOR-B1/members/DEL-12-04/negative-mutated-map.stdout
4355a46b19d348dc2f57c046f8ef63d4538ebb936000f3c9ee954a27460dd865	2	execution/_Coordination/AgentRuns/SOW-STAGE2-EXEC-20260712-01/instances/WORKING-P3-PKG12/children/AUTHOR-B1/members/DEL-12-04/negative-mutated-parity.exit
abe971fa0ace849650de1196c0b2bf86a6903bab212abf3a065389c8a8db2258	6499	execution/_Coordination/AgentRuns/SOW-STAGE2-EXEC-20260712-01/instances/WORKING-P3-PKG12/children/AUTHOR-B1/members/DEL-12-04/negative-mutated-parity.json
e3b0c44298fc1c149afbf4c8996fb92427ae41e4649b934ca495991b7852b855	0	execution/_Coordination/AgentRuns/SOW-STAGE2-EXEC-20260712-01/instances/WORKING-P3-PKG12/children/AUTHOR-B1/members/DEL-12-04/negative-mutated-parity.stderr
e62c9111fee9ee88dae7e31e79e82a45465da9b6abe0fe542e4213568221081d	15	execution/_Coordination/AgentRuns/SOW-STAGE2-EXEC-20260712-01/instances/WORKING-P3-PKG12/children/AUTHOR-B1/members/DEL-12-04/negative-mutated-parity.stdout
c17ed7d315698c4cfc0e97c7f947409e18ad4e451943e8d989a63837d7ec9fdb	8780	execution/_Coordination/AgentRuns/SOW-STAGE2-EXEC-20260712-01/instances/WORKING-P3-PKG12/children/AUTHOR-B1/members/DEL-12-04/negative-partial/Datasheet.md
55da2044a014aecbd7a0aa7497063333e59a1f0c68121d88d81cd232ae98e63c	2961	execution/_Coordination/AgentRuns/SOW-STAGE2-EXEC-20260712-01/instances/WORKING-P3-PKG12/children/AUTHOR-B1/members/DEL-12-04/negative-partial/_STATUS.md
4355a46b19d348dc2f57c046f8ef63d4538ebb936000f3c9ee954a27460dd865	2	execution/_Coordination/AgentRuns/SOW-STAGE2-EXEC-20260712-01/instances/WORKING-P3-PKG12/children/AUTHOR-B1/members/DEL-12-04/negative-partial-validation.exit
e3b0c44298fc1c149afbf4c8996fb92427ae41e4649b934ca495991b7852b855	0	execution/_Coordination/AgentRuns/SOW-STAGE2-EXEC-20260712-01/instances/WORKING-P3-PKG12/children/AUTHOR-B1/members/DEL-12-04/negative-partial-validation.stderr
11b008a79429803d86124c771b8158b7d2a17edb093722f45a69dee62043a047	387	execution/_Coordination/AgentRuns/SOW-STAGE2-EXEC-20260712-01/instances/WORKING-P3-PKG12/children/AUTHOR-B1/members/DEL-12-04/negative-partial-validation.stdout
4355a46b19d348dc2f57c046f8ef63d4538ebb936000f3c9ee954a27460dd865	2	execution/_Coordination/AgentRuns/SOW-STAGE2-EXEC-20260712-01/instances/WORKING-P3-PKG12/children/AUTHOR-B1/members/DEL-12-04/negative-unauthorized-checklist.exit
72fbdb46d4b55ceeac9cb009dbd09cf92cf5cd08ccb47758238c60f426fecfc6	249	execution/_Coordination/AgentRuns/SOW-STAGE2-EXEC-20260712-01/instances/WORKING-P3-PKG12/children/AUTHOR-B1/members/DEL-12-04/negative-unauthorized-checklist.stderr
e3b0c44298fc1c149afbf4c8996fb92427ae41e4649b934ca495991b7852b855	0	execution/_Coordination/AgentRuns/SOW-STAGE2-EXEC-20260712-01/instances/WORKING-P3-PKG12/children/AUTHOR-B1/members/DEL-12-04/negative-unauthorized-checklist.stdout
4355a46b19d348dc2f57c046f8ef63d4538ebb936000f3c9ee954a27460dd865	2	execution/_Coordination/AgentRuns/SOW-STAGE2-EXEC-20260712-01/instances/WORKING-P3-PKG12/children/AUTHOR-B1/members/DEL-12-04/negative-unauthorized-dual.exit
e3b0c44298fc1c149afbf4c8996fb92427ae41e4649b934ca495991b7852b855	0	execution/_Coordination/AgentRuns/SOW-STAGE2-EXEC-20260712-01/instances/WORKING-P3-PKG12/children/AUTHOR-B1/members/DEL-12-04/negative-unauthorized-dual.stderr
67a2785f3b65dd864db9d83bbcd0b83964e4d9ec4514865ee7eeb0ee1175b356	485	execution/_Coordination/AgentRuns/SOW-STAGE2-EXEC-20260712-01/instances/WORKING-P3-PKG12/children/AUTHOR-B1/members/DEL-12-04/negative-unauthorized-dual.stdout
20f8b026285f458691fe1c3427f61fafc915ff61d7978c71efdb8ccfedd486ac	6337	execution/_Coordination/AgentRuns/SOW-STAGE2-EXEC-20260712-01/instances/WORKING-P3-PKG12/children/AUTHOR-B1/members/DEL-12-04/parity-a.json
0cb57b19c997f33524e81ef55865fcf326dcaa113ab7ae6e3caf4a36c24c8c75	291	execution/_Coordination/AgentRuns/SOW-STAGE2-EXEC-20260712-01/instances/WORKING-P3-PKG12/children/AUTHOR-B1/members/DEL-12-04/parity-a.md
e3b0c44298fc1c149afbf4c8996fb92427ae41e4649b934ca495991b7852b855	0	execution/_Coordination/AgentRuns/SOW-STAGE2-EXEC-20260712-01/instances/WORKING-P3-PKG12/children/AUTHOR-B1/members/DEL-12-04/parity-a.stderr
6da18ed0a105fe55bf645b114d1266052eccdeee8ec4f939dfa92794d26fa885	15	execution/_Coordination/AgentRuns/SOW-STAGE2-EXEC-20260712-01/instances/WORKING-P3-PKG12/children/AUTHOR-B1/members/DEL-12-04/parity-a.stdout
20f8b026285f458691fe1c3427f61fafc915ff61d7978c71efdb8ccfedd486ac	6337	execution/_Coordination/AgentRuns/SOW-STAGE2-EXEC-20260712-01/instances/WORKING-P3-PKG12/children/AUTHOR-B1/members/DEL-12-04/parity-b.json
0cb57b19c997f33524e81ef55865fcf326dcaa113ab7ae6e3caf4a36c24c8c75	291	execution/_Coordination/AgentRuns/SOW-STAGE2-EXEC-20260712-01/instances/WORKING-P3-PKG12/children/AUTHOR-B1/members/DEL-12-04/parity-b.md
e3b0c44298fc1c149afbf4c8996fb92427ae41e4649b934ca495991b7852b855	0	execution/_Coordination/AgentRuns/SOW-STAGE2-EXEC-20260712-01/instances/WORKING-P3-PKG12/children/AUTHOR-B1/members/DEL-12-04/parity-b.stderr
6da18ed0a105fe55bf645b114d1266052eccdeee8ec4f939dfa92794d26fa885	15	execution/_Coordination/AgentRuns/SOW-STAGE2-EXEC-20260712-01/instances/WORKING-P3-PKG12/children/AUTHOR-B1/members/DEL-12-04/parity-b.stdout
e3b0c44298fc1c149afbf4c8996fb92427ae41e4649b934ca495991b7852b855	0	execution/_Coordination/AgentRuns/SOW-STAGE2-EXEC-20260712-01/instances/WORKING-P3-PKG12/children/AUTHOR-B1/members/DEL-12-04/render-a.stderr
e3b0c44298fc1c149afbf4c8996fb92427ae41e4649b934ca495991b7852b855	0	execution/_Coordination/AgentRuns/SOW-STAGE2-EXEC-20260712-01/instances/WORKING-P3-PKG12/children/AUTHOR-B1/members/DEL-12-04/render-a.stdout
e3b0c44298fc1c149afbf4c8996fb92427ae41e4649b934ca495991b7852b855	0	execution/_Coordination/AgentRuns/SOW-STAGE2-EXEC-20260712-01/instances/WORKING-P3-PKG12/children/AUTHOR-B1/members/DEL-12-04/render-b.stderr
e3b0c44298fc1c149afbf4c8996fb92427ae41e4649b934ca495991b7852b855	0	execution/_Coordination/AgentRuns/SOW-STAGE2-EXEC-20260712-01/instances/WORKING-P3-PKG12/children/AUTHOR-B1/members/DEL-12-04/render-b.stdout
579b9eb4b4fb7ce80ca4bffde08aef05031203f87be278767af2d7ee4a2f173d	23948	execution/_Coordination/AgentRuns/SOW-STAGE2-EXEC-20260712-01/instances/WORKING-P3-PKG12/children/AUTHOR-B1/members/DEL-12-04/simulation/apply/Dependencies.csv
b6d7f9b5afd8875388a8890e510de0fb34fa5fa0cfc8c4a197cf7fd699f62383	10639	execution/_Coordination/AgentRuns/SOW-STAGE2-EXEC-20260712-01/instances/WORKING-P3-PKG12/children/AUTHOR-B1/members/DEL-12-04/simulation/apply/MEMORY.md
efd47a627609e3e91797a0cc87e0e4601949748ee7ea68850e06c2544bc93079	1687	execution/_Coordination/AgentRuns/SOW-STAGE2-EXEC-20260712-01/instances/WORKING-P3-PKG12/children/AUTHOR-B1/members/DEL-12-04/simulation/apply/Review_Findings.csv
a85b8115057211ecdc8ac74c005d79b0b6f0c9f2f944058441c46c211781858b	36042	execution/_Coordination/AgentRuns/SOW-STAGE2-EXEC-20260712-01/instances/WORKING-P3-PKG12/children/AUTHOR-B1/members/DEL-12-04/simulation/apply/ScopeOfWork.md
068dfe79c5de460d9694244d77deb2b6206c810c9bf164a1ffaea90669fd8c16	2973	execution/_Coordination/AgentRuns/SOW-STAGE2-EXEC-20260712-01/instances/WORKING-P3-PKG12/children/AUTHOR-B1/members/DEL-12-04/simulation/apply/_CONTEXT.md
d4f8b198bfea7e36d8bc0bc0d5260044ec383cf3ce277fe613b87c59e9c3084a	4939	execution/_Coordination/AgentRuns/SOW-STAGE2-EXEC-20260712-01/instances/WORKING-P3-PKG12/children/AUTHOR-B1/members/DEL-12-04/simulation/apply/_DEPENDENCIES.md
b3f7bea29826850ac22ade10d3997eb08103966d1ce3790dd098b00f04db8d89	1370	execution/_Coordination/AgentRuns/SOW-STAGE2-EXEC-20260712-01/instances/WORKING-P3-PKG12/children/AUTHOR-B1/members/DEL-12-04/simulation/apply/_REFERENCES.md
a9154b26e452b9109e885b8b3445516fe460f4554dd09c52898e845961da19e0	6153	execution/_Coordination/AgentRuns/SOW-STAGE2-EXEC-20260712-01/instances/WORKING-P3-PKG12/children/AUTHOR-B1/members/DEL-12-04/simulation/apply/_REVIEW.md
c6faa83a70eb9d784fdb5742e0f8070b9bc2c51b1f013d6989a61622b531503f	22879	execution/_Coordination/AgentRuns/SOW-STAGE2-EXEC-20260712-01/instances/WORKING-P3-PKG12/children/AUTHOR-B1/members/DEL-12-04/simulation/apply/_SEMANTIC.md
641323556dbc747b8fc598c2ada03d3ae207b69e6c4fdafc7a2245072700f003	15557	execution/_Coordination/AgentRuns/SOW-STAGE2-EXEC-20260712-01/instances/WORKING-P3-PKG12/children/AUTHOR-B1/members/DEL-12-04/simulation/apply/_SEMANTIC_LENSING.md
55da2044a014aecbd7a0aa7497063333e59a1f0c68121d88d81cd232ae98e63c	2961	execution/_Coordination/AgentRuns/SOW-STAGE2-EXEC-20260712-01/instances/WORKING-P3-PKG12/children/AUTHOR-B1/members/DEL-12-04/simulation/apply/_STATUS.md
58502947fc5db3905851a82e4e97ee888d505dc52675b433816669124ac4659d	1339	execution/_Coordination/AgentRuns/SOW-STAGE2-EXEC-20260712-01/instances/WORKING-P3-PKG12/children/AUTHOR-B1/members/DEL-12-04/simulation/apply/_run_records/TASK_RUN_2026-04-30_1200_four-documents-P1_P2.md
b744e82ab59f3d5e1f38f665d40c848fcab9757702c9faa7acf8309ee3923d27	560	execution/_Coordination/AgentRuns/SOW-STAGE2-EXEC-20260712-01/instances/WORKING-P3-PKG12/children/AUTHOR-B1/members/DEL-12-04/simulation/apply/_run_records/TASK_RUN_2026-04-30_1201_semantic-matrix-build.md
7e45bf6cefe594eb0f1ca11185f7052b7991602d7214487d81d60a12d54fe24f	456	execution/_Coordination/AgentRuns/SOW-STAGE2-EXEC-20260712-01/instances/WORKING-P3-PKG12/children/AUTHOR-B1/members/DEL-12-04/simulation/apply/_run_records/TASK_RUN_2026-04-30_1202_lens-register.md
8430fcebd5173c94a6df8f4b4e02ff0715f4e41e2f53bb6ef3151ed4950b2f60	622	execution/_Coordination/AgentRuns/SOW-STAGE2-EXEC-20260712-01/instances/WORKING-P3-PKG12/children/AUTHOR-B1/members/DEL-12-04/simulation/apply/_run_records/TASK_RUN_2026-04-30_1203_four-documents-P3_ONLY.md
e4bb18da47e07d4f61627bf63d660fe727a977abd25ce474eb2056a5b03aa082	589	execution/_Coordination/AgentRuns/SOW-STAGE2-EXEC-20260712-01/instances/WORKING-P3-PKG12/children/AUTHOR-B1/members/DEL-12-04/simulation/apply/_run_records/TASK_RUN_2026-04-30_1204_dependency-extract.md
856f169c6e3262aa2f76050519a9983750388461846c3176a0879866ccd651b5	1280	execution/_Coordination/AgentRuns/SOW-STAGE2-EXEC-20260712-01/instances/WORKING-P3-PKG12/children/AUTHOR-B1/members/DEL-12-04/simulation/apply/_run_records/TASK_RUN_2026-04-30_1430_four-documents-P1_P2.md
c988eb2d2398f7f8b19ea0a0293316298c6291d56dc930a42d04f32a739118f1	906	execution/_Coordination/AgentRuns/SOW-STAGE2-EXEC-20260712-01/instances/WORKING-P3-PKG12/children/AUTHOR-B1/members/DEL-12-04/simulation/apply/_run_records/TASK_RUN_2026-04-30_1431_semantic-matrix-build.md
821ea6f23bf0e7d62c97df485c8cbfa67f6c0427d62f3b6ff6fbeec2fbcff5c5	839	execution/_Coordination/AgentRuns/SOW-STAGE2-EXEC-20260712-01/instances/WORKING-P3-PKG12/children/AUTHOR-B1/members/DEL-12-04/simulation/apply/_run_records/TASK_RUN_2026-04-30_1432_lens-register.md
f0ea0478b40b34680fc350c4d2218647448ee5d891e1e8211cfd3df083ae8f82	854	execution/_Coordination/AgentRuns/SOW-STAGE2-EXEC-20260712-01/instances/WORKING-P3-PKG12/children/AUTHOR-B1/members/DEL-12-04/simulation/apply/_run_records/TASK_RUN_2026-04-30_1433_four-documents-P3_ONLY.md
5c8f54e78b6c1d26cac1924a7cf8aee874e8cd554a999d0fcd047d59de9989ca	936	execution/_Coordination/AgentRuns/SOW-STAGE2-EXEC-20260712-01/instances/WORKING-P3-PKG12/children/AUTHOR-B1/members/DEL-12-04/simulation/apply/_run_records/TASK_RUN_2026-04-30_1434_dependency-extract.md
77f03eb942c669003d89e86f9d7b06bac220c1b67a38a8ac04d79c776ff16dfd	1329	execution/_Coordination/AgentRuns/SOW-STAGE2-EXEC-20260712-01/instances/WORKING-P3-PKG12/children/AUTHOR-B1/members/DEL-12-04/simulation/apply/_run_records/TASK_RUN_2026-04-30_1435_validation.md
08b1c3c9a015723ba064533f61f76370edea23aba98b5d6429a5b1c331e55779	2777	execution/_Coordination/AgentRuns/SOW-STAGE2-EXEC-20260712-01/instances/WORKING-P3-PKG12/children/AUTHOR-B1/members/DEL-12-04/simulation/apply/_run_records/TASK_RUN_2026-05-09_type2_implementation.md
520b87b01169c16805eba9ba48ef3388a9285ab2fe3a71dd128d047b27bf4973	3174	execution/_Coordination/AgentRuns/SOW-STAGE2-EXEC-20260712-01/instances/WORKING-P3-PKG12/children/AUTHOR-B1/members/DEL-12-04/simulation/apply/_run_records/TASK_RUN_2026-05-10_2331_dependency-refresh-closeout.md
22aae820bcd06eb4708402a57444afc6aecb45d068b54e03eb6b6f57d6f0748c	1757	execution/_Coordination/AgentRuns/SOW-STAGE2-EXEC-20260712-01/instances/WORKING-P3-PKG12/children/AUTHOR-B1/members/DEL-12-04/simulation/apply/_run_records/TASK_RUN_2026-06-04_authority-refresh-0.7-dag006_DEL-12-04.md
5244df4278b400bff14b2728115ef3c2d3c468ca71572b6499f552e3e148e2c3	3783	execution/_Coordination/AgentRuns/SOW-STAGE2-EXEC-20260712-01/instances/WORKING-P3-PKG12/children/AUTHOR-B1/members/DEL-12-04/simulation/apply/_run_records/TASK_RUN_2026-06-07_0942_secret-private-library-alignment.md
f84004fbd2700b0423e66aba97b07ad1746e9322a302d0becb04bc87812bb8da	7722	execution/_Coordination/AgentRuns/SOW-STAGE2-EXEC-20260712-01/instances/WORKING-P3-PKG12/children/AUTHOR-B1/members/DEL-12-04/simulation/apply/_run_records/TASK_RUN_2026-06-07_1052_DEL-12-04_readiness-evidence-alignment.md
8f228bd8194c9138f3203ebb54038a263a8b8fede321f46308b58c31df6ba579	2546	execution/_Coordination/AgentRuns/SOW-STAGE2-EXEC-20260712-01/instances/WORKING-P3-PKG12/children/AUTHOR-B1/members/DEL-12-04/simulation/apply/_run_records/TASK_RUN_2026-06-16_2358_dependency-semantic-refresh.md
15cdad46c5e4d149c765bc9c6ddb2eafa46d79e4fed6451c2e8bce13165f722f	2703	execution/_Coordination/AgentRuns/SOW-STAGE2-EXEC-20260712-01/instances/WORKING-P3-PKG12/children/AUTHOR-B1/members/DEL-12-04/simulation/apply/_run_records/WORKING_ITEMS_RUN_2026-06-17_TP-UNITS-BTAIL-SECRETPRIVATEUNITPOLICY-001.md
f5efd0a90f760b29b7c62d239cd3a2971dbf5a16392988419149f1817899ea3c	1638	execution/_Coordination/AgentRuns/SOW-STAGE2-EXEC-20260712-01/instances/WORKING-P3-PKG12/children/AUTHOR-B1/members/DEL-12-04/simulation/apply/_run_records/WORKING_ITEMS_RUN_2026-06-18_TP-UNITS-BTAIL-EXPORTREVSECRETPRIVATEUNITS-001.md
6439d17c45321b6ec7295ba6f48075b5e98f966208786d77b3bb5ac00c5721c7	458	execution/_Coordination/AgentRuns/SOW-STAGE2-EXEC-20260712-01/instances/WORKING-P3-PKG12/children/AUTHOR-B1/members/DEL-12-04/simulation/apply/_run_records/WORKING_ITEMS_RUN_2026-07-12_D41-R5-T2-PDU034-HOLD.md
ad2c0c9a59b4f09d3f8a7a28731570578cc84f518b0ac49f3b0d78d6e6e39e2a	391	execution/_Coordination/AgentRuns/SOW-STAGE2-EXEC-20260712-01/instances/WORKING-P3-PKG12/children/AUTHOR-B1/members/DEL-12-04/simulation/apply/_run_records/WORKING_ITEMS_RUN_2026-07-12_D41-R5-T7-STATUS-BACKCHECK.md
c17ed7d315698c4cfc0e97c7f947409e18ad4e451943e8d989a63837d7ec9fdb	8780	execution/_Coordination/AgentRuns/SOW-STAGE2-EXEC-20260712-01/instances/WORKING-P3-PKG12/children/AUTHOR-B1/members/DEL-12-04/simulation/rollback/Datasheet.md
579b9eb4b4fb7ce80ca4bffde08aef05031203f87be278767af2d7ee4a2f173d	23948	execution/_Coordination/AgentRuns/SOW-STAGE2-EXEC-20260712-01/instances/WORKING-P3-PKG12/children/AUTHOR-B1/members/DEL-12-04/simulation/rollback/Dependencies.csv
b17178bb5a256c3d55eaa6d9ca2e75713e2f3bcc5d39f47421e22811bfea4a9b	8007	execution/_Coordination/AgentRuns/SOW-STAGE2-EXEC-20260712-01/instances/WORKING-P3-PKG12/children/AUTHOR-B1/members/DEL-12-04/simulation/rollback/Guidance.md
b6d7f9b5afd8875388a8890e510de0fb34fa5fa0cfc8c4a197cf7fd699f62383	10639	execution/_Coordination/AgentRuns/SOW-STAGE2-EXEC-20260712-01/instances/WORKING-P3-PKG12/children/AUTHOR-B1/members/DEL-12-04/simulation/rollback/MEMORY.md
febc0bfbf0f3dd32e066b3ad948f18dd98d4cc8c64e2625f3dc2b6603d8b35a4	6408	execution/_Coordination/AgentRuns/SOW-STAGE2-EXEC-20260712-01/instances/WORKING-P3-PKG12/children/AUTHOR-B1/members/DEL-12-04/simulation/rollback/Procedure.md
efd47a627609e3e91797a0cc87e0e4601949748ee7ea68850e06c2544bc93079	1687	execution/_Coordination/AgentRuns/SOW-STAGE2-EXEC-20260712-01/instances/WORKING-P3-PKG12/children/AUTHOR-B1/members/DEL-12-04/simulation/rollback/Review_Findings.csv
c9ce54c865200ebebd01924e6c7e25320238305e6f07ca89cdb833c42d87a8cb	9174	execution/_Coordination/AgentRuns/SOW-STAGE2-EXEC-20260712-01/instances/WORKING-P3-PKG12/children/AUTHOR-B1/members/DEL-12-04/simulation/rollback/Specification.md
068dfe79c5de460d9694244d77deb2b6206c810c9bf164a1ffaea90669fd8c16	2973	execution/_Coordination/AgentRuns/SOW-STAGE2-EXEC-20260712-01/instances/WORKING-P3-PKG12/children/AUTHOR-B1/members/DEL-12-04/simulation/rollback/_CONTEXT.md
d4f8b198bfea7e36d8bc0bc0d5260044ec383cf3ce277fe613b87c59e9c3084a	4939	execution/_Coordination/AgentRuns/SOW-STAGE2-EXEC-20260712-01/instances/WORKING-P3-PKG12/children/AUTHOR-B1/members/DEL-12-04/simulation/rollback/_DEPENDENCIES.md
b3f7bea29826850ac22ade10d3997eb08103966d1ce3790dd098b00f04db8d89	1370	execution/_Coordination/AgentRuns/SOW-STAGE2-EXEC-20260712-01/instances/WORKING-P3-PKG12/children/AUTHOR-B1/members/DEL-12-04/simulation/rollback/_REFERENCES.md
a9154b26e452b9109e885b8b3445516fe460f4554dd09c52898e845961da19e0	6153	execution/_Coordination/AgentRuns/SOW-STAGE2-EXEC-20260712-01/instances/WORKING-P3-PKG12/children/AUTHOR-B1/members/DEL-12-04/simulation/rollback/_REVIEW.md
c6faa83a70eb9d784fdb5742e0f8070b9bc2c51b1f013d6989a61622b531503f	22879	execution/_Coordination/AgentRuns/SOW-STAGE2-EXEC-20260712-01/instances/WORKING-P3-PKG12/children/AUTHOR-B1/members/DEL-12-04/simulation/rollback/_SEMANTIC.md
641323556dbc747b8fc598c2ada03d3ae207b69e6c4fdafc7a2245072700f003	15557	execution/_Coordination/AgentRuns/SOW-STAGE2-EXEC-20260712-01/instances/WORKING-P3-PKG12/children/AUTHOR-B1/members/DEL-12-04/simulation/rollback/_SEMANTIC_LENSING.md
55da2044a014aecbd7a0aa7497063333e59a1f0c68121d88d81cd232ae98e63c	2961	execution/_Coordination/AgentRuns/SOW-STAGE2-EXEC-20260712-01/instances/WORKING-P3-PKG12/children/AUTHOR-B1/members/DEL-12-04/simulation/rollback/_STATUS.md
58502947fc5db3905851a82e4e97ee888d505dc52675b433816669124ac4659d	1339	execution/_Coordination/AgentRuns/SOW-STAGE2-EXEC-20260712-01/instances/WORKING-P3-PKG12/children/AUTHOR-B1/members/DEL-12-04/simulation/rollback/_run_records/TASK_RUN_2026-04-30_1200_four-documents-P1_P2.md
b744e82ab59f3d5e1f38f665d40c848fcab9757702c9faa7acf8309ee3923d27	560	execution/_Coordination/AgentRuns/SOW-STAGE2-EXEC-20260712-01/instances/WORKING-P3-PKG12/children/AUTHOR-B1/members/DEL-12-04/simulation/rollback/_run_records/TASK_RUN_2026-04-30_1201_semantic-matrix-build.md
7e45bf6cefe594eb0f1ca11185f7052b7991602d7214487d81d60a12d54fe24f	456	execution/_Coordination/AgentRuns/SOW-STAGE2-EXEC-20260712-01/instances/WORKING-P3-PKG12/children/AUTHOR-B1/members/DEL-12-04/simulation/rollback/_run_records/TASK_RUN_2026-04-30_1202_lens-register.md
8430fcebd5173c94a6df8f4b4e02ff0715f4e41e2f53bb6ef3151ed4950b2f60	622	execution/_Coordination/AgentRuns/SOW-STAGE2-EXEC-20260712-01/instances/WORKING-P3-PKG12/children/AUTHOR-B1/members/DEL-12-04/simulation/rollback/_run_records/TASK_RUN_2026-04-30_1203_four-documents-P3_ONLY.md
e4bb18da47e07d4f61627bf63d660fe727a977abd25ce474eb2056a5b03aa082	589	execution/_Coordination/AgentRuns/SOW-STAGE2-EXEC-20260712-01/instances/WORKING-P3-PKG12/children/AUTHOR-B1/members/DEL-12-04/simulation/rollback/_run_records/TASK_RUN_2026-04-30_1204_dependency-extract.md
856f169c6e3262aa2f76050519a9983750388461846c3176a0879866ccd651b5	1280	execution/_Coordination/AgentRuns/SOW-STAGE2-EXEC-20260712-01/instances/WORKING-P3-PKG12/children/AUTHOR-B1/members/DEL-12-04/simulation/rollback/_run_records/TASK_RUN_2026-04-30_1430_four-documents-P1_P2.md
c988eb2d2398f7f8b19ea0a0293316298c6291d56dc930a42d04f32a739118f1	906	execution/_Coordination/AgentRuns/SOW-STAGE2-EXEC-20260712-01/instances/WORKING-P3-PKG12/children/AUTHOR-B1/members/DEL-12-04/simulation/rollback/_run_records/TASK_RUN_2026-04-30_1431_semantic-matrix-build.md
821ea6f23bf0e7d62c97df485c8cbfa67f6c0427d62f3b6ff6fbeec2fbcff5c5	839	execution/_Coordination/AgentRuns/SOW-STAGE2-EXEC-20260712-01/instances/WORKING-P3-PKG12/children/AUTHOR-B1/members/DEL-12-04/simulation/rollback/_run_records/TASK_RUN_2026-04-30_1432_lens-register.md
f0ea0478b40b34680fc350c4d2218647448ee5d891e1e8211cfd3df083ae8f82	854	execution/_Coordination/AgentRuns/SOW-STAGE2-EXEC-20260712-01/instances/WORKING-P3-PKG12/children/AUTHOR-B1/members/DEL-12-04/simulation/rollback/_run_records/TASK_RUN_2026-04-30_1433_four-documents-P3_ONLY.md
5c8f54e78b6c1d26cac1924a7cf8aee874e8cd554a999d0fcd047d59de9989ca	936	execution/_Coordination/AgentRuns/SOW-STAGE2-EXEC-20260712-01/instances/WORKING-P3-PKG12/children/AUTHOR-B1/members/DEL-12-04/simulation/rollback/_run_records/TASK_RUN_2026-04-30_1434_dependency-extract.md
77f03eb942c669003d89e86f9d7b06bac220c1b67a38a8ac04d79c776ff16dfd	1329	execution/_Coordination/AgentRuns/SOW-STAGE2-EXEC-20260712-01/instances/WORKING-P3-PKG12/children/AUTHOR-B1/members/DEL-12-04/simulation/rollback/_run_records/TASK_RUN_2026-04-30_1435_validation.md
08b1c3c9a015723ba064533f61f76370edea23aba98b5d6429a5b1c331e55779	2777	execution/_Coordination/AgentRuns/SOW-STAGE2-EXEC-20260712-01/instances/WORKING-P3-PKG12/children/AUTHOR-B1/members/DEL-12-04/simulation/rollback/_run_records/TASK_RUN_2026-05-09_type2_implementation.md
520b87b01169c16805eba9ba48ef3388a9285ab2fe3a71dd128d047b27bf4973	3174	execution/_Coordination/AgentRuns/SOW-STAGE2-EXEC-20260712-01/instances/WORKING-P3-PKG12/children/AUTHOR-B1/members/DEL-12-04/simulation/rollback/_run_records/TASK_RUN_2026-05-10_2331_dependency-refresh-closeout.md
22aae820bcd06eb4708402a57444afc6aecb45d068b54e03eb6b6f57d6f0748c	1757	execution/_Coordination/AgentRuns/SOW-STAGE2-EXEC-20260712-01/instances/WORKING-P3-PKG12/children/AUTHOR-B1/members/DEL-12-04/simulation/rollback/_run_records/TASK_RUN_2026-06-04_authority-refresh-0.7-dag006_DEL-12-04.md
5244df4278b400bff14b2728115ef3c2d3c468ca71572b6499f552e3e148e2c3	3783	execution/_Coordination/AgentRuns/SOW-STAGE2-EXEC-20260712-01/instances/WORKING-P3-PKG12/children/AUTHOR-B1/members/DEL-12-04/simulation/rollback/_run_records/TASK_RUN_2026-06-07_0942_secret-private-library-alignment.md
f84004fbd2700b0423e66aba97b07ad1746e9322a302d0becb04bc87812bb8da	7722	execution/_Coordination/AgentRuns/SOW-STAGE2-EXEC-20260712-01/instances/WORKING-P3-PKG12/children/AUTHOR-B1/members/DEL-12-04/simulation/rollback/_run_records/TASK_RUN_2026-06-07_1052_DEL-12-04_readiness-evidence-alignment.md
8f228bd8194c9138f3203ebb54038a263a8b8fede321f46308b58c31df6ba579	2546	execution/_Coordination/AgentRuns/SOW-STAGE2-EXEC-20260712-01/instances/WORKING-P3-PKG12/children/AUTHOR-B1/members/DEL-12-04/simulation/rollback/_run_records/TASK_RUN_2026-06-16_2358_dependency-semantic-refresh.md
15cdad46c5e4d149c765bc9c6ddb2eafa46d79e4fed6451c2e8bce13165f722f	2703	execution/_Coordination/AgentRuns/SOW-STAGE2-EXEC-20260712-01/instances/WORKING-P3-PKG12/children/AUTHOR-B1/members/DEL-12-04/simulation/rollback/_run_records/WORKING_ITEMS_RUN_2026-06-17_TP-UNITS-BTAIL-SECRETPRIVATEUNITPOLICY-001.md
f5efd0a90f760b29b7c62d239cd3a2971dbf5a16392988419149f1817899ea3c	1638	execution/_Coordination/AgentRuns/SOW-STAGE2-EXEC-20260712-01/instances/WORKING-P3-PKG12/children/AUTHOR-B1/members/DEL-12-04/simulation/rollback/_run_records/WORKING_ITEMS_RUN_2026-06-18_TP-UNITS-BTAIL-EXPORTREVSECRETPRIVATEUNITS-001.md
6439d17c45321b6ec7295ba6f48075b5e98f966208786d77b3bb5ac00c5721c7	458	execution/_Coordination/AgentRuns/SOW-STAGE2-EXEC-20260712-01/instances/WORKING-P3-PKG12/children/AUTHOR-B1/members/DEL-12-04/simulation/rollback/_run_records/WORKING_ITEMS_RUN_2026-07-12_D41-R5-T2-PDU034-HOLD.md
ad2c0c9a59b4f09d3f8a7a28731570578cc84f518b0ac49f3b0d78d6e6e39e2a	391	execution/_Coordination/AgentRuns/SOW-STAGE2-EXEC-20260712-01/instances/WORKING-P3-PKG12/children/AUTHOR-B1/members/DEL-12-04/simulation/rollback/_run_records/WORKING_ITEMS_RUN_2026-07-12_D41-R5-T7-STATUS-BACKCHECK.md
e8568a2e6bcb01f3c8b43416a7f9e3dcd842eb4b68804b901689c20f72c1e1f4	276	execution/_Coordination/AgentRuns/SOW-STAGE2-EXEC-20260712-01/instances/WORKING-P3-PKG12/children/AUTHOR-B1/members/DEL-12-04/simulation-apply-validation.json
e3b0c44298fc1c149afbf4c8996fb92427ae41e4649b934ca495991b7852b855	0	execution/_Coordination/AgentRuns/SOW-STAGE2-EXEC-20260712-01/instances/WORKING-P3-PKG12/children/AUTHOR-B1/members/DEL-12-04/simulation-apply-validation.stderr
160a9a1db8965ca68fd028f73bed02c692aedcdfda5e7b67077a650f307a46c0	264	execution/_Coordination/AgentRuns/SOW-STAGE2-EXEC-20260712-01/instances/WORKING-P3-PKG12/children/AUTHOR-B1/members/DEL-12-04/validation-dual-a.json
e3b0c44298fc1c149afbf4c8996fb92427ae41e4649b934ca495991b7852b855	0	execution/_Coordination/AgentRuns/SOW-STAGE2-EXEC-20260712-01/instances/WORKING-P3-PKG12/children/AUTHOR-B1/members/DEL-12-04/validation-dual-a.stderr
1a683007ca23dd693b170c924bf8e2e6bf988d7680013c0f1c7e5c6f29625eb8	264	execution/_Coordination/AgentRuns/SOW-STAGE2-EXEC-20260712-01/instances/WORKING-P3-PKG12/children/AUTHOR-B1/members/DEL-12-04/validation-dual-b.json
e3b0c44298fc1c149afbf4c8996fb92427ae41e4649b934ca495991b7852b855	0	execution/_Coordination/AgentRuns/SOW-STAGE2-EXEC-20260712-01/instances/WORKING-P3-PKG12/children/AUTHOR-B1/members/DEL-12-04/validation-dual-b.stderr
c63a8b92cfdb914a7f43deadb68065969c6b986e46c95e80a635801cd7d2036b	242	execution/_Coordination/AgentRuns/SOW-STAGE2-EXEC-20260712-01/instances/WORKING-P3-PKG12/children/AUTHOR-B1/members/DEL-12-04/validation-sow-v1.json
e3b0c44298fc1c149afbf4c8996fb92427ae41e4649b934ca495991b7852b855	0	execution/_Coordination/AgentRuns/SOW-STAGE2-EXEC-20260712-01/instances/WORKING-P3-PKG12/children/AUTHOR-B1/members/DEL-12-04/validation-sow-v1.stderr
c17ed7d315698c4cfc0e97c7f947409e18ad4e451943e8d989a63837d7ec9fdb	8780	execution/_Coordination/AgentRuns/SOW-STAGE2-EXEC-20260712-01/instances/WORKING-P3-PKG12/children/AUTHOR-B1/members/DEL-12-04/workspace-a/Datasheet.md
579b9eb4b4fb7ce80ca4bffde08aef05031203f87be278767af2d7ee4a2f173d	23948	execution/_Coordination/AgentRuns/SOW-STAGE2-EXEC-20260712-01/instances/WORKING-P3-PKG12/children/AUTHOR-B1/members/DEL-12-04/workspace-a/Dependencies.csv
b17178bb5a256c3d55eaa6d9ca2e75713e2f3bcc5d39f47421e22811bfea4a9b	8007	execution/_Coordination/AgentRuns/SOW-STAGE2-EXEC-20260712-01/instances/WORKING-P3-PKG12/children/AUTHOR-B1/members/DEL-12-04/workspace-a/Guidance.md
b6d7f9b5afd8875388a8890e510de0fb34fa5fa0cfc8c4a197cf7fd699f62383	10639	execution/_Coordination/AgentRuns/SOW-STAGE2-EXEC-20260712-01/instances/WORKING-P3-PKG12/children/AUTHOR-B1/members/DEL-12-04/workspace-a/MEMORY.md
febc0bfbf0f3dd32e066b3ad948f18dd98d4cc8c64e2625f3dc2b6603d8b35a4	6408	execution/_Coordination/AgentRuns/SOW-STAGE2-EXEC-20260712-01/instances/WORKING-P3-PKG12/children/AUTHOR-B1/members/DEL-12-04/workspace-a/Procedure.md
efd47a627609e3e91797a0cc87e0e4601949748ee7ea68850e06c2544bc93079	1687	execution/_Coordination/AgentRuns/SOW-STAGE2-EXEC-20260712-01/instances/WORKING-P3-PKG12/children/AUTHOR-B1/members/DEL-12-04/workspace-a/Review_Findings.csv
6b8c064bd5e58455aace0534a0b4951cc4fdf58e9df7099c1a8791d625af9b6a	42134	execution/_Coordination/AgentRuns/SOW-STAGE2-EXEC-20260712-01/instances/WORKING-P3-PKG12/children/AUTHOR-B1/members/DEL-12-04/workspace-a/ScopeOfWork.md
c9ce54c865200ebebd01924e6c7e25320238305e6f07ca89cdb833c42d87a8cb	9174	execution/_Coordination/AgentRuns/SOW-STAGE2-EXEC-20260712-01/instances/WORKING-P3-PKG12/children/AUTHOR-B1/members/DEL-12-04/workspace-a/Specification.md
068dfe79c5de460d9694244d77deb2b6206c810c9bf164a1ffaea90669fd8c16	2973	execution/_Coordination/AgentRuns/SOW-STAGE2-EXEC-20260712-01/instances/WORKING-P3-PKG12/children/AUTHOR-B1/members/DEL-12-04/workspace-a/_CONTEXT.md
d4f8b198bfea7e36d8bc0bc0d5260044ec383cf3ce277fe613b87c59e9c3084a	4939	execution/_Coordination/AgentRuns/SOW-STAGE2-EXEC-20260712-01/instances/WORKING-P3-PKG12/children/AUTHOR-B1/members/DEL-12-04/workspace-a/_DEPENDENCIES.md
b3f7bea29826850ac22ade10d3997eb08103966d1ce3790dd098b00f04db8d89	1370	execution/_Coordination/AgentRuns/SOW-STAGE2-EXEC-20260712-01/instances/WORKING-P3-PKG12/children/AUTHOR-B1/members/DEL-12-04/workspace-a/_REFERENCES.md
a9154b26e452b9109e885b8b3445516fe460f4554dd09c52898e845961da19e0	6153	execution/_Coordination/AgentRuns/SOW-STAGE2-EXEC-20260712-01/instances/WORKING-P3-PKG12/children/AUTHOR-B1/members/DEL-12-04/workspace-a/_REVIEW.md
c6faa83a70eb9d784fdb5742e0f8070b9bc2c51b1f013d6989a61622b531503f	22879	execution/_Coordination/AgentRuns/SOW-STAGE2-EXEC-20260712-01/instances/WORKING-P3-PKG12/children/AUTHOR-B1/members/DEL-12-04/workspace-a/_SEMANTIC.md
641323556dbc747b8fc598c2ada03d3ae207b69e6c4fdafc7a2245072700f003	15557	execution/_Coordination/AgentRuns/SOW-STAGE2-EXEC-20260712-01/instances/WORKING-P3-PKG12/children/AUTHOR-B1/members/DEL-12-04/workspace-a/_SEMANTIC_LENSING.md
55da2044a014aecbd7a0aa7497063333e59a1f0c68121d88d81cd232ae98e63c	2961	execution/_Coordination/AgentRuns/SOW-STAGE2-EXEC-20260712-01/instances/WORKING-P3-PKG12/children/AUTHOR-B1/members/DEL-12-04/workspace-a/_STATUS.md
58502947fc5db3905851a82e4e97ee888d505dc52675b433816669124ac4659d	1339	execution/_Coordination/AgentRuns/SOW-STAGE2-EXEC-20260712-01/instances/WORKING-P3-PKG12/children/AUTHOR-B1/members/DEL-12-04/workspace-a/_run_records/TASK_RUN_2026-04-30_1200_four-documents-P1_P2.md
b744e82ab59f3d5e1f38f665d40c848fcab9757702c9faa7acf8309ee3923d27	560	execution/_Coordination/AgentRuns/SOW-STAGE2-EXEC-20260712-01/instances/WORKING-P3-PKG12/children/AUTHOR-B1/members/DEL-12-04/workspace-a/_run_records/TASK_RUN_2026-04-30_1201_semantic-matrix-build.md
7e45bf6cefe594eb0f1ca11185f7052b7991602d7214487d81d60a12d54fe24f	456	execution/_Coordination/AgentRuns/SOW-STAGE2-EXEC-20260712-01/instances/WORKING-P3-PKG12/children/AUTHOR-B1/members/DEL-12-04/workspace-a/_run_records/TASK_RUN_2026-04-30_1202_lens-register.md
8430fcebd5173c94a6df8f4b4e02ff0715f4e41e2f53bb6ef3151ed4950b2f60	622	execution/_Coordination/AgentRuns/SOW-STAGE2-EXEC-20260712-01/instances/WORKING-P3-PKG12/children/AUTHOR-B1/members/DEL-12-04/workspace-a/_run_records/TASK_RUN_2026-04-30_1203_four-documents-P3_ONLY.md
e4bb18da47e07d4f61627bf63d660fe727a977abd25ce474eb2056a5b03aa082	589	execution/_Coordination/AgentRuns/SOW-STAGE2-EXEC-20260712-01/instances/WORKING-P3-PKG12/children/AUTHOR-B1/members/DEL-12-04/workspace-a/_run_records/TASK_RUN_2026-04-30_1204_dependency-extract.md
856f169c6e3262aa2f76050519a9983750388461846c3176a0879866ccd651b5	1280	execution/_Coordination/AgentRuns/SOW-STAGE2-EXEC-20260712-01/instances/WORKING-P3-PKG12/children/AUTHOR-B1/members/DEL-12-04/workspace-a/_run_records/TASK_RUN_2026-04-30_1430_four-documents-P1_P2.md
c988eb2d2398f7f8b19ea0a0293316298c6291d56dc930a42d04f32a739118f1	906	execution/_Coordination/AgentRuns/SOW-STAGE2-EXEC-20260712-01/instances/WORKING-P3-PKG12/children/AUTHOR-B1/members/DEL-12-04/workspace-a/_run_records/TASK_RUN_2026-04-30_1431_semantic-matrix-build.md
821ea6f23bf0e7d62c97df485c8cbfa67f6c0427d62f3b6ff6fbeec2fbcff5c5	839	execution/_Coordination/AgentRuns/SOW-STAGE2-EXEC-20260712-01/instances/WORKING-P3-PKG12/children/AUTHOR-B1/members/DEL-12-04/workspace-a/_run_records/TASK_RUN_2026-04-30_1432_lens-register.md
f0ea0478b40b34680fc350c4d2218647448ee5d891e1e8211cfd3df083ae8f82	854	execution/_Coordination/AgentRuns/SOW-STAGE2-EXEC-20260712-01/instances/WORKING-P3-PKG12/children/AUTHOR-B1/members/DEL-12-04/workspace-a/_run_records/TASK_RUN_2026-04-30_1433_four-documents-P3_ONLY.md
5c8f54e78b6c1d26cac1924a7cf8aee874e8cd554a999d0fcd047d59de9989ca	936	execution/_Coordination/AgentRuns/SOW-STAGE2-EXEC-20260712-01/instances/WORKING-P3-PKG12/children/AUTHOR-B1/members/DEL-12-04/workspace-a/_run_records/TASK_RUN_2026-04-30_1434_dependency-extract.md
77f03eb942c669003d89e86f9d7b06bac220c1b67a38a8ac04d79c776ff16dfd	1329	execution/_Coordination/AgentRuns/SOW-STAGE2-EXEC-20260712-01/instances/WORKING-P3-PKG12/children/AUTHOR-B1/members/DEL-12-04/workspace-a/_run_records/TASK_RUN_2026-04-30_1435_validation.md
08b1c3c9a015723ba064533f61f76370edea23aba98b5d6429a5b1c331e55779	2777	execution/_Coordination/AgentRuns/SOW-STAGE2-EXEC-20260712-01/instances/WORKING-P3-PKG12/children/AUTHOR-B1/members/DEL-12-04/workspace-a/_run_records/TASK_RUN_2026-05-09_type2_implementation.md
520b87b01169c16805eba9ba48ef3388a9285ab2fe3a71dd128d047b27bf4973	3174	execution/_Coordination/AgentRuns/SOW-STAGE2-EXEC-20260712-01/instances/WORKING-P3-PKG12/children/AUTHOR-B1/members/DEL-12-04/workspace-a/_run_records/TASK_RUN_2026-05-10_2331_dependency-refresh-closeout.md
22aae820bcd06eb4708402a57444afc6aecb45d068b54e03eb6b6f57d6f0748c	1757	execution/_Coordination/AgentRuns/SOW-STAGE2-EXEC-20260712-01/instances/WORKING-P3-PKG12/children/AUTHOR-B1/members/DEL-12-04/workspace-a/_run_records/TASK_RUN_2026-06-04_authority-refresh-0.7-dag006_DEL-12-04.md
5244df4278b400bff14b2728115ef3c2d3c468ca71572b6499f552e3e148e2c3	3783	execution/_Coordination/AgentRuns/SOW-STAGE2-EXEC-20260712-01/instances/WORKING-P3-PKG12/children/AUTHOR-B1/members/DEL-12-04/workspace-a/_run_records/TASK_RUN_2026-06-07_0942_secret-private-library-alignment.md
f84004fbd2700b0423e66aba97b07ad1746e9322a302d0becb04bc87812bb8da	7722	execution/_Coordination/AgentRuns/SOW-STAGE2-EXEC-20260712-01/instances/WORKING-P3-PKG12/children/AUTHOR-B1/members/DEL-12-04/workspace-a/_run_records/TASK_RUN_2026-06-07_1052_DEL-12-04_readiness-evidence-alignment.md
8f228bd8194c9138f3203ebb54038a263a8b8fede321f46308b58c31df6ba579	2546	execution/_Coordination/AgentRuns/SOW-STAGE2-EXEC-20260712-01/instances/WORKING-P3-PKG12/children/AUTHOR-B1/members/DEL-12-04/workspace-a/_run_records/TASK_RUN_2026-06-16_2358_dependency-semantic-refresh.md
15cdad46c5e4d149c765bc9c6ddb2eafa46d79e4fed6451c2e8bce13165f722f	2703	execution/_Coordination/AgentRuns/SOW-STAGE2-EXEC-20260712-01/instances/WORKING-P3-PKG12/children/AUTHOR-B1/members/DEL-12-04/workspace-a/_run_records/WORKING_ITEMS_RUN_2026-06-17_TP-UNITS-BTAIL-SECRETPRIVATEUNITPOLICY-001.md
f5efd0a90f760b29b7c62d239cd3a2971dbf5a16392988419149f1817899ea3c	1638	execution/_Coordination/AgentRuns/SOW-STAGE2-EXEC-20260712-01/instances/WORKING-P3-PKG12/children/AUTHOR-B1/members/DEL-12-04/workspace-a/_run_records/WORKING_ITEMS_RUN_2026-06-18_TP-UNITS-BTAIL-EXPORTREVSECRETPRIVATEUNITS-001.md
6439d17c45321b6ec7295ba6f48075b5e98f966208786d77b3bb5ac00c5721c7	458	execution/_Coordination/AgentRuns/SOW-STAGE2-EXEC-20260712-01/instances/WORKING-P3-PKG12/children/AUTHOR-B1/members/DEL-12-04/workspace-a/_run_records/WORKING_ITEMS_RUN_2026-07-12_D41-R5-T2-PDU034-HOLD.md
ad2c0c9a59b4f09d3f8a7a28731570578cc84f518b0ac49f3b0d78d6e6e39e2a	391	execution/_Coordination/AgentRuns/SOW-STAGE2-EXEC-20260712-01/instances/WORKING-P3-PKG12/children/AUTHOR-B1/members/DEL-12-04/workspace-a/_run_records/WORKING_ITEMS_RUN_2026-07-12_D41-R5-T7-STATUS-BACKCHECK.md
c17ed7d315698c4cfc0e97c7f947409e18ad4e451943e8d989a63837d7ec9fdb	8780	execution/_Coordination/AgentRuns/SOW-STAGE2-EXEC-20260712-01/instances/WORKING-P3-PKG12/children/AUTHOR-B1/members/DEL-12-04/workspace-b/Datasheet.md
579b9eb4b4fb7ce80ca4bffde08aef05031203f87be278767af2d7ee4a2f173d	23948	execution/_Coordination/AgentRuns/SOW-STAGE2-EXEC-20260712-01/instances/WORKING-P3-PKG12/children/AUTHOR-B1/members/DEL-12-04/workspace-b/Dependencies.csv
b17178bb5a256c3d55eaa6d9ca2e75713e2f3bcc5d39f47421e22811bfea4a9b	8007	execution/_Coordination/AgentRuns/SOW-STAGE2-EXEC-20260712-01/instances/WORKING-P3-PKG12/children/AUTHOR-B1/members/DEL-12-04/workspace-b/Guidance.md
b6d7f9b5afd8875388a8890e510de0fb34fa5fa0cfc8c4a197cf7fd699f62383	10639	execution/_Coordination/AgentRuns/SOW-STAGE2-EXEC-20260712-01/instances/WORKING-P3-PKG12/children/AUTHOR-B1/members/DEL-12-04/workspace-b/MEMORY.md
febc0bfbf0f3dd32e066b3ad948f18dd98d4cc8c64e2625f3dc2b6603d8b35a4	6408	execution/_Coordination/AgentRuns/SOW-STAGE2-EXEC-20260712-01/instances/WORKING-P3-PKG12/children/AUTHOR-B1/members/DEL-12-04/workspace-b/Procedure.md
efd47a627609e3e91797a0cc87e0e4601949748ee7ea68850e06c2544bc93079	1687	execution/_Coordination/AgentRuns/SOW-STAGE2-EXEC-20260712-01/instances/WORKING-P3-PKG12/children/AUTHOR-B1/members/DEL-12-04/workspace-b/Review_Findings.csv
6b8c064bd5e58455aace0534a0b4951cc4fdf58e9df7099c1a8791d625af9b6a	42134	execution/_Coordination/AgentRuns/SOW-STAGE2-EXEC-20260712-01/instances/WORKING-P3-PKG12/children/AUTHOR-B1/members/DEL-12-04/workspace-b/ScopeOfWork.md
c9ce54c865200ebebd01924e6c7e25320238305e6f07ca89cdb833c42d87a8cb	9174	execution/_Coordination/AgentRuns/SOW-STAGE2-EXEC-20260712-01/instances/WORKING-P3-PKG12/children/AUTHOR-B1/members/DEL-12-04/workspace-b/Specification.md
068dfe79c5de460d9694244d77deb2b6206c810c9bf164a1ffaea90669fd8c16	2973	execution/_Coordination/AgentRuns/SOW-STAGE2-EXEC-20260712-01/instances/WORKING-P3-PKG12/children/AUTHOR-B1/members/DEL-12-04/workspace-b/_CONTEXT.md
d4f8b198bfea7e36d8bc0bc0d5260044ec383cf3ce277fe613b87c59e9c3084a	4939	execution/_Coordination/AgentRuns/SOW-STAGE2-EXEC-20260712-01/instances/WORKING-P3-PKG12/children/AUTHOR-B1/members/DEL-12-04/workspace-b/_DEPENDENCIES.md
b3f7bea29826850ac22ade10d3997eb08103966d1ce3790dd098b00f04db8d89	1370	execution/_Coordination/AgentRuns/SOW-STAGE2-EXEC-20260712-01/instances/WORKING-P3-PKG12/children/AUTHOR-B1/members/DEL-12-04/workspace-b/_REFERENCES.md
a9154b26e452b9109e885b8b3445516fe460f4554dd09c52898e845961da19e0	6153	execution/_Coordination/AgentRuns/SOW-STAGE2-EXEC-20260712-01/instances/WORKING-P3-PKG12/children/AUTHOR-B1/members/DEL-12-04/workspace-b/_REVIEW.md
c6faa83a70eb9d784fdb5742e0f8070b9bc2c51b1f013d6989a61622b531503f	22879	execution/_Coordination/AgentRuns/SOW-STAGE2-EXEC-20260712-01/instances/WORKING-P3-PKG12/children/AUTHOR-B1/members/DEL-12-04/workspace-b/_SEMANTIC.md
641323556dbc747b8fc598c2ada03d3ae207b69e6c4fdafc7a2245072700f003	15557	execution/_Coordination/AgentRuns/SOW-STAGE2-EXEC-20260712-01/instances/WORKING-P3-PKG12/children/AUTHOR-B1/members/DEL-12-04/workspace-b/_SEMANTIC_LENSING.md
55da2044a014aecbd7a0aa7497063333e59a1f0c68121d88d81cd232ae98e63c	2961	execution/_Coordination/AgentRuns/SOW-STAGE2-EXEC-20260712-01/instances/WORKING-P3-PKG12/children/AUTHOR-B1/members/DEL-12-04/workspace-b/_STATUS.md
58502947fc5db3905851a82e4e97ee888d505dc52675b433816669124ac4659d	1339	execution/_Coordination/AgentRuns/SOW-STAGE2-EXEC-20260712-01/instances/WORKING-P3-PKG12/children/AUTHOR-B1/members/DEL-12-04/workspace-b/_run_records/TASK_RUN_2026-04-30_1200_four-documents-P1_P2.md
b744e82ab59f3d5e1f38f665d40c848fcab9757702c9faa7acf8309ee3923d27	560	execution/_Coordination/AgentRuns/SOW-STAGE2-EXEC-20260712-01/instances/WORKING-P3-PKG12/children/AUTHOR-B1/members/DEL-12-04/workspace-b/_run_records/TASK_RUN_2026-04-30_1201_semantic-matrix-build.md
7e45bf6cefe594eb0f1ca11185f7052b7991602d7214487d81d60a12d54fe24f	456	execution/_Coordination/AgentRuns/SOW-STAGE2-EXEC-20260712-01/instances/WORKING-P3-PKG12/children/AUTHOR-B1/members/DEL-12-04/workspace-b/_run_records/TASK_RUN_2026-04-30_1202_lens-register.md
8430fcebd5173c94a6df8f4b4e02ff0715f4e41e2f53bb6ef3151ed4950b2f60	622	execution/_Coordination/AgentRuns/SOW-STAGE2-EXEC-20260712-01/instances/WORKING-P3-PKG12/children/AUTHOR-B1/members/DEL-12-04/workspace-b/_run_records/TASK_RUN_2026-04-30_1203_four-documents-P3_ONLY.md
e4bb18da47e07d4f61627bf63d660fe727a977abd25ce474eb2056a5b03aa082	589	execution/_Coordination/AgentRuns/SOW-STAGE2-EXEC-20260712-01/instances/WORKING-P3-PKG12/children/AUTHOR-B1/members/DEL-12-04/workspace-b/_run_records/TASK_RUN_2026-04-30_1204_dependency-extract.md
856f169c6e3262aa2f76050519a9983750388461846c3176a0879866ccd651b5	1280	execution/_Coordination/AgentRuns/SOW-STAGE2-EXEC-20260712-01/instances/WORKING-P3-PKG12/children/AUTHOR-B1/members/DEL-12-04/workspace-b/_run_records/TASK_RUN_2026-04-30_1430_four-documents-P1_P2.md
c988eb2d2398f7f8b19ea0a0293316298c6291d56dc930a42d04f32a739118f1	906	execution/_Coordination/AgentRuns/SOW-STAGE2-EXEC-20260712-01/instances/WORKING-P3-PKG12/children/AUTHOR-B1/members/DEL-12-04/workspace-b/_run_records/TASK_RUN_2026-04-30_1431_semantic-matrix-build.md
821ea6f23bf0e7d62c97df485c8cbfa67f6c0427d62f3b6ff6fbeec2fbcff5c5	839	execution/_Coordination/AgentRuns/SOW-STAGE2-EXEC-20260712-01/instances/WORKING-P3-PKG12/children/AUTHOR-B1/members/DEL-12-04/workspace-b/_run_records/TASK_RUN_2026-04-30_1432_lens-register.md
f0ea0478b40b34680fc350c4d2218647448ee5d891e1e8211cfd3df083ae8f82	854	execution/_Coordination/AgentRuns/SOW-STAGE2-EXEC-20260712-01/instances/WORKING-P3-PKG12/children/AUTHOR-B1/members/DEL-12-04/workspace-b/_run_records/TASK_RUN_2026-04-30_1433_four-documents-P3_ONLY.md
5c8f54e78b6c1d26cac1924a7cf8aee874e8cd554a999d0fcd047d59de9989ca	936	execution/_Coordination/AgentRuns/SOW-STAGE2-EXEC-20260712-01/instances/WORKING-P3-PKG12/children/AUTHOR-B1/members/DEL-12-04/workspace-b/_run_records/TASK_RUN_2026-04-30_1434_dependency-extract.md
77f03eb942c669003d89e86f9d7b06bac220c1b67a38a8ac04d79c776ff16dfd	1329	execution/_Coordination/AgentRuns/SOW-STAGE2-EXEC-20260712-01/instances/WORKING-P3-PKG12/children/AUTHOR-B1/members/DEL-12-04/workspace-b/_run_records/TASK_RUN_2026-04-30_1435_validation.md
08b1c3c9a015723ba064533f61f76370edea23aba98b5d6429a5b1c331e55779	2777	execution/_Coordination/AgentRuns/SOW-STAGE2-EXEC-20260712-01/instances/WORKING-P3-PKG12/children/AUTHOR-B1/members/DEL-12-04/workspace-b/_run_records/TASK_RUN_2026-05-09_type2_implementation.md
520b87b01169c16805eba9ba48ef3388a9285ab2fe3a71dd128d047b27bf4973	3174	execution/_Coordination/AgentRuns/SOW-STAGE2-EXEC-20260712-01/instances/WORKING-P3-PKG12/children/AUTHOR-B1/members/DEL-12-04/workspace-b/_run_records/TASK_RUN_2026-05-10_2331_dependency-refresh-closeout.md
22aae820bcd06eb4708402a57444afc6aecb45d068b54e03eb6b6f57d6f0748c	1757	execution/_Coordination/AgentRuns/SOW-STAGE2-EXEC-20260712-01/instances/WORKING-P3-PKG12/children/AUTHOR-B1/members/DEL-12-04/workspace-b/_run_records/TASK_RUN_2026-06-04_authority-refresh-0.7-dag006_DEL-12-04.md
5244df4278b400bff14b2728115ef3c2d3c468ca71572b6499f552e3e148e2c3	3783	execution/_Coordination/AgentRuns/SOW-STAGE2-EXEC-20260712-01/instances/WORKING-P3-PKG12/children/AUTHOR-B1/members/DEL-12-04/workspace-b/_run_records/TASK_RUN_2026-06-07_0942_secret-private-library-alignment.md
f84004fbd2700b0423e66aba97b07ad1746e9322a302d0becb04bc87812bb8da	7722	execution/_Coordination/AgentRuns/SOW-STAGE2-EXEC-20260712-01/instances/WORKING-P3-PKG12/children/AUTHOR-B1/members/DEL-12-04/workspace-b/_run_records/TASK_RUN_2026-06-07_1052_DEL-12-04_readiness-evidence-alignment.md
8f228bd8194c9138f3203ebb54038a263a8b8fede321f46308b58c31df6ba579	2546	execution/_Coordination/AgentRuns/SOW-STAGE2-EXEC-20260712-01/instances/WORKING-P3-PKG12/children/AUTHOR-B1/members/DEL-12-04/workspace-b/_run_records/TASK_RUN_2026-06-16_2358_dependency-semantic-refresh.md
15cdad46c5e4d149c765bc9c6ddb2eafa46d79e4fed6451c2e8bce13165f722f	2703	execution/_Coordination/AgentRuns/SOW-STAGE2-EXEC-20260712-01/instances/WORKING-P3-PKG12/children/AUTHOR-B1/members/DEL-12-04/workspace-b/_run_records/WORKING_ITEMS_RUN_2026-06-17_TP-UNITS-BTAIL-SECRETPRIVATEUNITPOLICY-001.md
f5efd0a90f760b29b7c62d239cd3a2971dbf5a16392988419149f1817899ea3c	1638	execution/_Coordination/AgentRuns/SOW-STAGE2-EXEC-20260712-01/instances/WORKING-P3-PKG12/children/AUTHOR-B1/members/DEL-12-04/workspace-b/_run_records/WORKING_ITEMS_RUN_2026-06-18_TP-UNITS-BTAIL-EXPORTREVSECRETPRIVATEUNITS-001.md
6439d17c45321b6ec7295ba6f48075b5e98f966208786d77b3bb5ac00c5721c7	458	execution/_Coordination/AgentRuns/SOW-STAGE2-EXEC-20260712-01/instances/WORKING-P3-PKG12/children/AUTHOR-B1/members/DEL-12-04/workspace-b/_run_records/WORKING_ITEMS_RUN_2026-07-12_D41-R5-T2-PDU034-HOLD.md
ad2c0c9a59b4f09d3f8a7a28731570578cc84f518b0ac49f3b0d78d6e6e39e2a	391	execution/_Coordination/AgentRuns/SOW-STAGE2-EXEC-20260712-01/instances/WORKING-P3-PKG12/children/AUTHOR-B1/members/DEL-12-04/workspace-b/_run_records/WORKING_ITEMS_RUN_2026-07-12_D41-R5-T7-STATUS-BACKCHECK.md
90e8aca7b62547b525363fe5a4b64b0c8f241dca4347f4615bc4f39a38bac7f6	626	execution/_Coordination/AgentRuns/SOW-STAGE2-EXEC-20260712-01/instances/WORKING-P3-PKG12/children/AUTHOR-B1/members/DEL-12-05/DERIVATIVE_DETERMINISM.tsv
001a7ba1770127477308f76291ff344c539c3fac00d009e7442730c97ef11980	506	execution/_Coordination/AgentRuns/SOW-STAGE2-EXEC-20260712-01/instances/WORKING-P3-PKG12/children/AUTHOR-B1/members/DEL-12-05/DETERMINISM.tsv
afb767cac1dbc27ea0bff5b608c56fb9c7dbc56d8380229fcd854ff6750656cd	1608	execution/_Coordination/AgentRuns/SOW-STAGE2-EXEC-20260712-01/instances/WORKING-P3-PKG12/children/AUTHOR-B1/members/DEL-12-05/FROZEN_ROW.tsv
9445fe3d89e9731e7766f9389570a691499c12ef5be0a4c89a26f86c617b4371	799	execution/_Coordination/AgentRuns/SOW-STAGE2-EXEC-20260712-01/instances/WORKING-P3-PKG12/children/AUTHOR-B1/members/DEL-12-05/IMMUTABLE_LITERAL_AND_CONTEXT_REVIEW.md
94549ebbd484b44de22f91554c390d59e9476f671c88cd676fcd7fe42f166ed0	630	execution/_Coordination/AgentRuns/SOW-STAGE2-EXEC-20260712-01/instances/WORKING-P3-PKG12/children/AUTHOR-B1/members/DEL-12-05/MEMBER_SUMMARY.md
f137794022799696aed78881ff38704c00ea9ac9bd2890294873d3522d2c85b2	1657	execution/_Coordination/AgentRuns/SOW-STAGE2-EXEC-20260712-01/instances/WORKING-P3-PKG12/children/AUTHOR-B1/members/DEL-12-05/SOURCE_HASHES.tsv
fcdc21a1895a773e7e6a468e41e8be9f421bc495055fb7a4482cf1fbc31f3e6b	52954	execution/_Coordination/AgentRuns/SOW-STAGE2-EXEC-20260712-01/instances/WORKING-P3-PKG12/children/AUTHOR-B1/members/DEL-12-05/ScopeOfWork-a.html
fcdc21a1895a773e7e6a468e41e8be9f421bc495055fb7a4482cf1fbc31f3e6b	52954	execution/_Coordination/AgentRuns/SOW-STAGE2-EXEC-20260712-01/instances/WORKING-P3-PKG12/children/AUTHOR-B1/members/DEL-12-05/ScopeOfWork-b.html
99adbcbd6f4b4ae2b091348b2d9ee7ca280c5adc833b3ac538b970a7e05c4d69	1843	execution/_Coordination/AgentRuns/SOW-STAGE2-EXEC-20260712-01/instances/WORKING-P3-PKG12/children/AUTHOR-B1/members/DEL-12-05/checklist-a.json
e3b0c44298fc1c149afbf4c8996fb92427ae41e4649b934ca495991b7852b855	0	execution/_Coordination/AgentRuns/SOW-STAGE2-EXEC-20260712-01/instances/WORKING-P3-PKG12/children/AUTHOR-B1/members/DEL-12-05/checklist-a.stderr
e3b0c44298fc1c149afbf4c8996fb92427ae41e4649b934ca495991b7852b855	0	execution/_Coordination/AgentRuns/SOW-STAGE2-EXEC-20260712-01/instances/WORKING-P3-PKG12/children/AUTHOR-B1/members/DEL-12-05/checklist-a.stdout
99adbcbd6f4b4ae2b091348b2d9ee7ca280c5adc833b3ac538b970a7e05c4d69	1843	execution/_Coordination/AgentRuns/SOW-STAGE2-EXEC-20260712-01/instances/WORKING-P3-PKG12/children/AUTHOR-B1/members/DEL-12-05/checklist-b.json
e3b0c44298fc1c149afbf4c8996fb92427ae41e4649b934ca495991b7852b855	0	execution/_Coordination/AgentRuns/SOW-STAGE2-EXEC-20260712-01/instances/WORKING-P3-PKG12/children/AUTHOR-B1/members/DEL-12-05/checklist-b.stderr
e3b0c44298fc1c149afbf4c8996fb92427ae41e4649b934ca495991b7852b855	0	execution/_Coordination/AgentRuns/SOW-STAGE2-EXEC-20260712-01/instances/WORKING-P3-PKG12/children/AUTHOR-B1/members/DEL-12-05/checklist-b.stdout
2b11ad7ff7459ac1ae29cf68639f97a4cad6a3cceb8f03ee76b29a385064b8db	7110	execution/_Coordination/AgentRuns/SOW-STAGE2-EXEC-20260712-01/instances/WORKING-P3-PKG12/children/AUTHOR-B1/members/DEL-12-05/claim-map-a.csv
e3b0c44298fc1c149afbf4c8996fb92427ae41e4649b934ca495991b7852b855	0	execution/_Coordination/AgentRuns/SOW-STAGE2-EXEC-20260712-01/instances/WORKING-P3-PKG12/children/AUTHOR-B1/members/DEL-12-05/claim-map-a.stderr
c372eae11b4eeb4091fabe6f3f86473b2281cb68010d54afe06108811389f88c	207	execution/_Coordination/AgentRuns/SOW-STAGE2-EXEC-20260712-01/instances/WORKING-P3-PKG12/children/AUTHOR-B1/members/DEL-12-05/claim-map-a.stdout
2b11ad7ff7459ac1ae29cf68639f97a4cad6a3cceb8f03ee76b29a385064b8db	7110	execution/_Coordination/AgentRuns/SOW-STAGE2-EXEC-20260712-01/instances/WORKING-P3-PKG12/children/AUTHOR-B1/members/DEL-12-05/claim-map-b.csv
e3b0c44298fc1c149afbf4c8996fb92427ae41e4649b934ca495991b7852b855	0	execution/_Coordination/AgentRuns/SOW-STAGE2-EXEC-20260712-01/instances/WORKING-P3-PKG12/children/AUTHOR-B1/members/DEL-12-05/claim-map-b.stderr
d99483dec41a6ea467af13ebb82580e1d16751b06d3d71fc27be827a053d7a49	207	execution/_Coordination/AgentRuns/SOW-STAGE2-EXEC-20260712-01/instances/WORKING-P3-PKG12/children/AUTHOR-B1/members/DEL-12-05/claim-map-b.stdout
e3b0c44298fc1c149afbf4c8996fb92427ae41e4649b934ca495991b7852b855	0	execution/_Coordination/AgentRuns/SOW-STAGE2-EXEC-20260712-01/instances/WORKING-P3-PKG12/children/AUTHOR-B1/members/DEL-12-05/conversion-a.stderr
7e37e38594090d482506aac48fc8944cae64535063df5237732db21329ea93dc	198	execution/_Coordination/AgentRuns/SOW-STAGE2-EXEC-20260712-01/instances/WORKING-P3-PKG12/children/AUTHOR-B1/members/DEL-12-05/conversion-a.stdout
e3b0c44298fc1c149afbf4c8996fb92427ae41e4649b934ca495991b7852b855	0	execution/_Coordination/AgentRuns/SOW-STAGE2-EXEC-20260712-01/instances/WORKING-P3-PKG12/children/AUTHOR-B1/members/DEL-12-05/conversion-b.stderr
0f26ad64018e165d4074d83a112ef56b407315e90dfe95218e395fc8ddf83063	198	execution/_Coordination/AgentRuns/SOW-STAGE2-EXEC-20260712-01/instances/WORKING-P3-PKG12/children/AUTHOR-B1/members/DEL-12-05/conversion-b.stdout
36b53f681a536eac315a2040cff220b65eb94c0eb06b138d18c360e707a6ce06	40653	execution/_Coordination/AgentRuns/SOW-STAGE2-EXEC-20260712-01/instances/WORKING-P3-PKG12/children/AUTHOR-B1/members/DEL-12-05/final-a/ScopeOfWork.md
6245a274f32bc6cd6e0225de010974d26672a60f3eec1278d5de4c16cef53058	14826	execution/_Coordination/AgentRuns/SOW-STAGE2-EXEC-20260712-01/instances/WORKING-P3-PKG12/children/AUTHOR-B1/members/DEL-12-05/final-a/report.json
36b53f681a536eac315a2040cff220b65eb94c0eb06b138d18c360e707a6ce06	40653	execution/_Coordination/AgentRuns/SOW-STAGE2-EXEC-20260712-01/instances/WORKING-P3-PKG12/children/AUTHOR-B1/members/DEL-12-05/final-b/ScopeOfWork.md
6245a274f32bc6cd6e0225de010974d26672a60f3eec1278d5de4c16cef53058	14826	execution/_Coordination/AgentRuns/SOW-STAGE2-EXEC-20260712-01/instances/WORKING-P3-PKG12/children/AUTHOR-B1/members/DEL-12-05/final-b/report.json
e3b0c44298fc1c149afbf4c8996fb92427ae41e4649b934ca495991b7852b855	0	execution/_Coordination/AgentRuns/SOW-STAGE2-EXEC-20260712-01/instances/WORKING-P3-PKG12/children/AUTHOR-B1/members/DEL-12-05/finalization-a.stderr
ed4df9f3575064a68be3e9348a30b414b525c03573cc1bc80b26d22c3ca5083b	216	execution/_Coordination/AgentRuns/SOW-STAGE2-EXEC-20260712-01/instances/WORKING-P3-PKG12/children/AUTHOR-B1/members/DEL-12-05/finalization-a.stdout
e3b0c44298fc1c149afbf4c8996fb92427ae41e4649b934ca495991b7852b855	0	execution/_Coordination/AgentRuns/SOW-STAGE2-EXEC-20260712-01/instances/WORKING-P3-PKG12/children/AUTHOR-B1/members/DEL-12-05/finalization-b.stderr
4447b1d5c57e03ac1a4499b46e6bfe2d4dfdf63f02189baed1fceb0527d486b2	216	execution/_Coordination/AgentRuns/SOW-STAGE2-EXEC-20260712-01/instances/WORKING-P3-PKG12/children/AUTHOR-B1/members/DEL-12-05/finalization-b.stdout
e6f78d75f86fcdb218722ffee70f73517ba398d43f4a2470b2b0a75ded773aa3	40672	execution/_Coordination/AgentRuns/SOW-STAGE2-EXEC-20260712-01/instances/WORKING-P3-PKG12/children/AUTHOR-B1/members/DEL-12-05/mutated-production/ScopeOfWork.md
4355a46b19d348dc2f57c046f8ef63d4538ebb936000f3c9ee954a27460dd865	2	execution/_Coordination/AgentRuns/SOW-STAGE2-EXEC-20260712-01/instances/WORKING-P3-PKG12/children/AUTHOR-B1/members/DEL-12-05/negative-ambiguous-checklist.exit
b37a0cca9858c0352661b65d064e00020bbe562dbdaab6454812cd6c24f7dd2c	167	execution/_Coordination/AgentRuns/SOW-STAGE2-EXEC-20260712-01/instances/WORKING-P3-PKG12/children/AUTHOR-B1/members/DEL-12-05/negative-ambiguous-checklist.stderr
e3b0c44298fc1c149afbf4c8996fb92427ae41e4649b934ca495991b7852b855	0	execution/_Coordination/AgentRuns/SOW-STAGE2-EXEC-20260712-01/instances/WORKING-P3-PKG12/children/AUTHOR-B1/members/DEL-12-05/negative-ambiguous-checklist.stdout
4355a46b19d348dc2f57c046f8ef63d4538ebb936000f3c9ee954a27460dd865	2	execution/_Coordination/AgentRuns/SOW-STAGE2-EXEC-20260712-01/instances/WORKING-P3-PKG12/children/AUTHOR-B1/members/DEL-12-05/negative-evidence-render.exit
cb0da27c60dce6b4cbcfd06282c5b6f1266cc686411a099c3c2ce0fa13f2bc8d	129	execution/_Coordination/AgentRuns/SOW-STAGE2-EXEC-20260712-01/instances/WORKING-P3-PKG12/children/AUTHOR-B1/members/DEL-12-05/negative-evidence-render.stderr
e3b0c44298fc1c149afbf4c8996fb92427ae41e4649b934ca495991b7852b855	0	execution/_Coordination/AgentRuns/SOW-STAGE2-EXEC-20260712-01/instances/WORKING-P3-PKG12/children/AUTHOR-B1/members/DEL-12-05/negative-evidence-render.stdout
4355a46b19d348dc2f57c046f8ef63d4538ebb936000f3c9ee954a27460dd865	2	execution/_Coordination/AgentRuns/SOW-STAGE2-EXEC-20260712-01/instances/WORKING-P3-PKG12/children/AUTHOR-B1/members/DEL-12-05/negative-mutated-map.exit
508e4cba64abbcf0b6795d7878007071f478f6346c8328a87ab00f3b4203657f	97	execution/_Coordination/AgentRuns/SOW-STAGE2-EXEC-20260712-01/instances/WORKING-P3-PKG12/children/AUTHOR-B1/members/DEL-12-05/negative-mutated-map.stderr
e3b0c44298fc1c149afbf4c8996fb92427ae41e4649b934ca495991b7852b855	0	execution/_Coordination/AgentRuns/SOW-STAGE2-EXEC-20260712-01/instances/WORKING-P3-PKG12/children/AUTHOR-B1/members/DEL-12-05/negative-mutated-map.stdout
4355a46b19d348dc2f57c046f8ef63d4538ebb936000f3c9ee954a27460dd865	2	execution/_Coordination/AgentRuns/SOW-STAGE2-EXEC-20260712-01/instances/WORKING-P3-PKG12/children/AUTHOR-B1/members/DEL-12-05/negative-mutated-parity.exit
9393f05a02a3169d50cc7c5510d36d8e4f04cbb460534f2456a886b0a742c885	9293	execution/_Coordination/AgentRuns/SOW-STAGE2-EXEC-20260712-01/instances/WORKING-P3-PKG12/children/AUTHOR-B1/members/DEL-12-05/negative-mutated-parity.json
e3b0c44298fc1c149afbf4c8996fb92427ae41e4649b934ca495991b7852b855	0	execution/_Coordination/AgentRuns/SOW-STAGE2-EXEC-20260712-01/instances/WORKING-P3-PKG12/children/AUTHOR-B1/members/DEL-12-05/negative-mutated-parity.stderr
01aa20473949138810f2ad94524732121ea4376a0b5f91ac694693614e766305	15	execution/_Coordination/AgentRuns/SOW-STAGE2-EXEC-20260712-01/instances/WORKING-P3-PKG12/children/AUTHOR-B1/members/DEL-12-05/negative-mutated-parity.stdout
5baf1baee7ef804ab66f2796014f9a4b7ec6e99d23882b77538cf1031f3c40c4	10194	execution/_Coordination/AgentRuns/SOW-STAGE2-EXEC-20260712-01/instances/WORKING-P3-PKG12/children/AUTHOR-B1/members/DEL-12-05/negative-partial/Datasheet.md
6d28c12ab4a81a2ca3759f9024097e1182d79038e7864fb2efb744e3f533273f	2370	execution/_Coordination/AgentRuns/SOW-STAGE2-EXEC-20260712-01/instances/WORKING-P3-PKG12/children/AUTHOR-B1/members/DEL-12-05/negative-partial/_STATUS.md
4355a46b19d348dc2f57c046f8ef63d4538ebb936000f3c9ee954a27460dd865	2	execution/_Coordination/AgentRuns/SOW-STAGE2-EXEC-20260712-01/instances/WORKING-P3-PKG12/children/AUTHOR-B1/members/DEL-12-05/negative-partial-validation.exit
e3b0c44298fc1c149afbf4c8996fb92427ae41e4649b934ca495991b7852b855	0	execution/_Coordination/AgentRuns/SOW-STAGE2-EXEC-20260712-01/instances/WORKING-P3-PKG12/children/AUTHOR-B1/members/DEL-12-05/negative-partial-validation.stderr
c2da3e6ed2ea3f9cc057020d1f4a3a3cb024e8edf5064748799fc07d885acac4	387	execution/_Coordination/AgentRuns/SOW-STAGE2-EXEC-20260712-01/instances/WORKING-P3-PKG12/children/AUTHOR-B1/members/DEL-12-05/negative-partial-validation.stdout
4355a46b19d348dc2f57c046f8ef63d4538ebb936000f3c9ee954a27460dd865	2	execution/_Coordination/AgentRuns/SOW-STAGE2-EXEC-20260712-01/instances/WORKING-P3-PKG12/children/AUTHOR-B1/members/DEL-12-05/negative-unauthorized-checklist.exit
72fbdb46d4b55ceeac9cb009dbd09cf92cf5cd08ccb47758238c60f426fecfc6	249	execution/_Coordination/AgentRuns/SOW-STAGE2-EXEC-20260712-01/instances/WORKING-P3-PKG12/children/AUTHOR-B1/members/DEL-12-05/negative-unauthorized-checklist.stderr
e3b0c44298fc1c149afbf4c8996fb92427ae41e4649b934ca495991b7852b855	0	execution/_Coordination/AgentRuns/SOW-STAGE2-EXEC-20260712-01/instances/WORKING-P3-PKG12/children/AUTHOR-B1/members/DEL-12-05/negative-unauthorized-checklist.stdout
4355a46b19d348dc2f57c046f8ef63d4538ebb936000f3c9ee954a27460dd865	2	execution/_Coordination/AgentRuns/SOW-STAGE2-EXEC-20260712-01/instances/WORKING-P3-PKG12/children/AUTHOR-B1/members/DEL-12-05/negative-unauthorized-dual.exit
e3b0c44298fc1c149afbf4c8996fb92427ae41e4649b934ca495991b7852b855	0	execution/_Coordination/AgentRuns/SOW-STAGE2-EXEC-20260712-01/instances/WORKING-P3-PKG12/children/AUTHOR-B1/members/DEL-12-05/negative-unauthorized-dual.stderr
967f4c551eb8eafe41b239a87b781650d8c4d716f6fbd10c4c4d66a6a66f8f18	485	execution/_Coordination/AgentRuns/SOW-STAGE2-EXEC-20260712-01/instances/WORKING-P3-PKG12/children/AUTHOR-B1/members/DEL-12-05/negative-unauthorized-dual.stdout
38ac157ea4807735e0237ac4f057e717424581d5cc64204254a7fdc7ce4aec42	9131	execution/_Coordination/AgentRuns/SOW-STAGE2-EXEC-20260712-01/instances/WORKING-P3-PKG12/children/AUTHOR-B1/members/DEL-12-05/parity-a.json
4035742d8c23f66c8df2b3a6a824b71a1bd899bdbe6b64c3f3840d1d5cfa1af7	291	execution/_Coordination/AgentRuns/SOW-STAGE2-EXEC-20260712-01/instances/WORKING-P3-PKG12/children/AUTHOR-B1/members/DEL-12-05/parity-a.md
e3b0c44298fc1c149afbf4c8996fb92427ae41e4649b934ca495991b7852b855	0	execution/_Coordination/AgentRuns/SOW-STAGE2-EXEC-20260712-01/instances/WORKING-P3-PKG12/children/AUTHOR-B1/members/DEL-12-05/parity-a.stderr
d292181949e163f7baec7f51aabd565abca92335b1d5f6abc96f18201c1961c6	15	execution/_Coordination/AgentRuns/SOW-STAGE2-EXEC-20260712-01/instances/WORKING-P3-PKG12/children/AUTHOR-B1/members/DEL-12-05/parity-a.stdout
38ac157ea4807735e0237ac4f057e717424581d5cc64204254a7fdc7ce4aec42	9131	execution/_Coordination/AgentRuns/SOW-STAGE2-EXEC-20260712-01/instances/WORKING-P3-PKG12/children/AUTHOR-B1/members/DEL-12-05/parity-b.json
4035742d8c23f66c8df2b3a6a824b71a1bd899bdbe6b64c3f3840d1d5cfa1af7	291	execution/_Coordination/AgentRuns/SOW-STAGE2-EXEC-20260712-01/instances/WORKING-P3-PKG12/children/AUTHOR-B1/members/DEL-12-05/parity-b.md
e3b0c44298fc1c149afbf4c8996fb92427ae41e4649b934ca495991b7852b855	0	execution/_Coordination/AgentRuns/SOW-STAGE2-EXEC-20260712-01/instances/WORKING-P3-PKG12/children/AUTHOR-B1/members/DEL-12-05/parity-b.stderr
d292181949e163f7baec7f51aabd565abca92335b1d5f6abc96f18201c1961c6	15	execution/_Coordination/AgentRuns/SOW-STAGE2-EXEC-20260712-01/instances/WORKING-P3-PKG12/children/AUTHOR-B1/members/DEL-12-05/parity-b.stdout
e3b0c44298fc1c149afbf4c8996fb92427ae41e4649b934ca495991b7852b855	0	execution/_Coordination/AgentRuns/SOW-STAGE2-EXEC-20260712-01/instances/WORKING-P3-PKG12/children/AUTHOR-B1/members/DEL-12-05/render-a.stderr
e3b0c44298fc1c149afbf4c8996fb92427ae41e4649b934ca495991b7852b855	0	execution/_Coordination/AgentRuns/SOW-STAGE2-EXEC-20260712-01/instances/WORKING-P3-PKG12/children/AUTHOR-B1/members/DEL-12-05/render-a.stdout
e3b0c44298fc1c149afbf4c8996fb92427ae41e4649b934ca495991b7852b855	0	execution/_Coordination/AgentRuns/SOW-STAGE2-EXEC-20260712-01/instances/WORKING-P3-PKG12/children/AUTHOR-B1/members/DEL-12-05/render-b.stderr
e3b0c44298fc1c149afbf4c8996fb92427ae41e4649b934ca495991b7852b855	0	execution/_Coordination/AgentRuns/SOW-STAGE2-EXEC-20260712-01/instances/WORKING-P3-PKG12/children/AUTHOR-B1/members/DEL-12-05/render-b.stdout
314f04c46eebc75a1d40140a01f23a495c1d52478d007d0ca9592044cc24d5fd	28446	execution/_Coordination/AgentRuns/SOW-STAGE2-EXEC-20260712-01/instances/WORKING-P3-PKG12/children/AUTHOR-B1/members/DEL-12-05/simulation/apply/Dependencies.csv
7ebea19ab1129702da934a9453a6634568b0c819bb0a75e780e8107182e4ff97	9570	execution/_Coordination/AgentRuns/SOW-STAGE2-EXEC-20260712-01/instances/WORKING-P3-PKG12/children/AUTHOR-B1/members/DEL-12-05/simulation/apply/MEMORY.md
08dd7619787bf7f848ef0d76b718d84eebcb478908dc0fae51c58d3b89ce6130	142	execution/_Coordination/AgentRuns/SOW-STAGE2-EXEC-20260712-01/instances/WORKING-P3-PKG12/children/AUTHOR-B1/members/DEL-12-05/simulation/apply/Review_Findings.csv
36b53f681a536eac315a2040cff220b65eb94c0eb06b138d18c360e707a6ce06	40653	execution/_Coordination/AgentRuns/SOW-STAGE2-EXEC-20260712-01/instances/WORKING-P3-PKG12/children/AUTHOR-B1/members/DEL-12-05/simulation/apply/ScopeOfWork.md
722527044601f6386b41b0696f701c4d7c733a06d3d97241f5cdf242bd311210	2954	execution/_Coordination/AgentRuns/SOW-STAGE2-EXEC-20260712-01/instances/WORKING-P3-PKG12/children/AUTHOR-B1/members/DEL-12-05/simulation/apply/_CONTEXT.md
df2c23d2c66f594a8fdc1fd6559cea93e8f00395a4357dfb8a1f4f545f960962	5337	execution/_Coordination/AgentRuns/SOW-STAGE2-EXEC-20260712-01/instances/WORKING-P3-PKG12/children/AUTHOR-B1/members/DEL-12-05/simulation/apply/_DEPENDENCIES.md
711a626463efe052b0596d439d0df661ed92bb78cbea441b6bac2881a4a61e71	1348	execution/_Coordination/AgentRuns/SOW-STAGE2-EXEC-20260712-01/instances/WORKING-P3-PKG12/children/AUTHOR-B1/members/DEL-12-05/simulation/apply/_REFERENCES.md
2452c4ece1320cc01a7d5da61e8d91f318928420d7878945e9b274613c79523a	3403	execution/_Coordination/AgentRuns/SOW-STAGE2-EXEC-20260712-01/instances/WORKING-P3-PKG12/children/AUTHOR-B1/members/DEL-12-05/simulation/apply/_REVIEW.md
bef6969af5a3d8a6d1474aa3dc07d5b79abbe223e5ce4a0872c5a81e055b9137	27677	execution/_Coordination/AgentRuns/SOW-STAGE2-EXEC-20260712-01/instances/WORKING-P3-PKG12/children/AUTHOR-B1/members/DEL-12-05/simulation/apply/_SEMANTIC.md
a925be7f36701ba67e4f6edc4921d1b560c700365d42aa508732a07491dd4f3b	18012	execution/_Coordination/AgentRuns/SOW-STAGE2-EXEC-20260712-01/instances/WORKING-P3-PKG12/children/AUTHOR-B1/members/DEL-12-05/simulation/apply/_SEMANTIC_LENSING.md
6d28c12ab4a81a2ca3759f9024097e1182d79038e7864fb2efb744e3f533273f	2370	execution/_Coordination/AgentRuns/SOW-STAGE2-EXEC-20260712-01/instances/WORKING-P3-PKG12/children/AUTHOR-B1/members/DEL-12-05/simulation/apply/_STATUS.md
eb4030b38571d0b93aef5d55ac0aabd160d607f5130dedaccbbe03b1deb9e872	1058	execution/_Coordination/AgentRuns/SOW-STAGE2-EXEC-20260712-01/instances/WORKING-P3-PKG12/children/AUTHOR-B1/members/DEL-12-05/simulation/apply/_run_records/PHASE_2_2_four_documents_P1_P2_2026-04-30.md
6c7e8ee2346f0d223400792b6a9e068ffc1d0293161140cd77483cc3279c5d6d	722	execution/_Coordination/AgentRuns/SOW-STAGE2-EXEC-20260712-01/instances/WORKING-P3-PKG12/children/AUTHOR-B1/members/DEL-12-05/simulation/apply/_run_records/PHASE_2_3_semantic_matrix_2026-04-30.md
efd4e02f8fb05c055f6472e0c7af58246e6de923762120313ec082347e212eb3	639	execution/_Coordination/AgentRuns/SOW-STAGE2-EXEC-20260712-01/instances/WORKING-P3-PKG12/children/AUTHOR-B1/members/DEL-12-05/simulation/apply/_run_records/PHASE_2_4_lens_register_2026-04-30.md
0d6ce7f1acfe155e3f8d8395e66c6f3447ad99a3ebaa2baa52f9fa5176706d83	1238	execution/_Coordination/AgentRuns/SOW-STAGE2-EXEC-20260712-01/instances/WORKING-P3-PKG12/children/AUTHOR-B1/members/DEL-12-05/simulation/apply/_run_records/PHASE_2_5_four_documents_P3_2026-04-30.md
7134c8bc056bc8e698a5f48bb65ac2fb573bef93e83a5aed2b3055c9fa3201f3	940	execution/_Coordination/AgentRuns/SOW-STAGE2-EXEC-20260712-01/instances/WORKING-P3-PKG12/children/AUTHOR-B1/members/DEL-12-05/simulation/apply/_run_records/PHASE_2_6_dependency_extract_2026-04-30.md
8907f92be6b8836f450e575ca5e7e91b7a8845f82e71ce6aaf29577a9ccc9621	385	execution/_Coordination/AgentRuns/SOW-STAGE2-EXEC-20260712-01/instances/WORKING-P3-PKG12/children/AUTHOR-B1/members/DEL-12-05/simulation/apply/_run_records/TASK_RUN_2026-04-30_setup.md
0495009b978f1a202ca96e9e61037dfe11afd0c995af33d37be8228b6eb8066f	4501	execution/_Coordination/AgentRuns/SOW-STAGE2-EXEC-20260712-01/instances/WORKING-P3-PKG12/children/AUTHOR-B1/members/DEL-12-05/simulation/apply/_run_records/TASK_RUN_2026-05-10_2331_dependency_refresh_closeout.md
d6e65554c2a3c1ebf047887602dcdeed75796fcbaf3a95a35265a035e53670cc	1749	execution/_Coordination/AgentRuns/SOW-STAGE2-EXEC-20260712-01/instances/WORKING-P3-PKG12/children/AUTHOR-B1/members/DEL-12-05/simulation/apply/_run_records/TASK_RUN_2026-06-04_authority-refresh-0.7-dag006_DEL-12-05.md
484a3c1307017e0e5d2a22a87e8007956571ae1341276cd5188329369cfeb004	3805	execution/_Coordination/AgentRuns/SOW-STAGE2-EXEC-20260712-01/instances/WORKING-P3-PKG12/children/AUTHOR-B1/members/DEL-12-05/simulation/apply/_run_records/TASK_RUN_2026-06-06_1102.md
9257c1f35be7a9a7bb44de9b7823f07d1938f29f672d66863ae4a303b8bda29a	2595	execution/_Coordination/AgentRuns/SOW-STAGE2-EXEC-20260712-01/instances/WORKING-P3-PKG12/children/AUTHOR-B1/members/DEL-12-05/simulation/apply/_run_records/TASK_RUN_2026-06-16_2358_dependency-semantic-refresh.md
60b892ff5d6c3736c9c353825f3ed586ce967b55f11ac362221c9fba542ac526	1869	execution/_Coordination/AgentRuns/SOW-STAGE2-EXEC-20260712-01/instances/WORKING-P3-PKG12/children/AUTHOR-B1/members/DEL-12-05/simulation/apply/_run_records/WORKING_ITEMS_RUN_2026-06-18_TP-UNITS-BTAIL-SECTHREATUNITPOLICY-001.md
56f31a083d466917efd700c5848c332305e3f2b34e59cfed0fdd288309a439ec	779	execution/_Coordination/AgentRuns/SOW-STAGE2-EXEC-20260712-01/instances/WORKING-P3-PKG12/children/AUTHOR-B1/members/DEL-12-05/simulation/apply/_run_records/WORKING_ITEMS_RUN_2026-07-12_D41-R5-T3-PDU027.md
b242669ebabe99f7b9ecba568f77a2ff00a0d318863b83013d88ab369f2a8fde	1186	execution/_Coordination/AgentRuns/SOW-STAGE2-EXEC-20260712-01/instances/WORKING-P3-PKG12/children/AUTHOR-B1/members/DEL-12-05/simulation/apply/_run_records/WORKING_ITEMS_RUN_2026-07-12_D41-R5-T7-PDU054.md
5baf1baee7ef804ab66f2796014f9a4b7ec6e99d23882b77538cf1031f3c40c4	10194	execution/_Coordination/AgentRuns/SOW-STAGE2-EXEC-20260712-01/instances/WORKING-P3-PKG12/children/AUTHOR-B1/members/DEL-12-05/simulation/rollback/Datasheet.md
314f04c46eebc75a1d40140a01f23a495c1d52478d007d0ca9592044cc24d5fd	28446	execution/_Coordination/AgentRuns/SOW-STAGE2-EXEC-20260712-01/instances/WORKING-P3-PKG12/children/AUTHOR-B1/members/DEL-12-05/simulation/rollback/Dependencies.csv
dcfd8413bfff63d9c9185a8931020d7b1a38aaf5c9f956b830f5d148326295d1	8980	execution/_Coordination/AgentRuns/SOW-STAGE2-EXEC-20260712-01/instances/WORKING-P3-PKG12/children/AUTHOR-B1/members/DEL-12-05/simulation/rollback/Guidance.md
7ebea19ab1129702da934a9453a6634568b0c819bb0a75e780e8107182e4ff97	9570	execution/_Coordination/AgentRuns/SOW-STAGE2-EXEC-20260712-01/instances/WORKING-P3-PKG12/children/AUTHOR-B1/members/DEL-12-05/simulation/rollback/MEMORY.md
a9325bc6e12ade9a2d5d13e07605eae82adc091b9fc7a25d78a37db1214690ce	5894	execution/_Coordination/AgentRuns/SOW-STAGE2-EXEC-20260712-01/instances/WORKING-P3-PKG12/children/AUTHOR-B1/members/DEL-12-05/simulation/rollback/Procedure.md
08dd7619787bf7f848ef0d76b718d84eebcb478908dc0fae51c58d3b89ce6130	142	execution/_Coordination/AgentRuns/SOW-STAGE2-EXEC-20260712-01/instances/WORKING-P3-PKG12/children/AUTHOR-B1/members/DEL-12-05/simulation/rollback/Review_Findings.csv
95d10c9d857a95fc417b00664df0f05add9d8a0cb3b1cf22097d874d49a54284	11236	execution/_Coordination/AgentRuns/SOW-STAGE2-EXEC-20260712-01/instances/WORKING-P3-PKG12/children/AUTHOR-B1/members/DEL-12-05/simulation/rollback/Specification.md
722527044601f6386b41b0696f701c4d7c733a06d3d97241f5cdf242bd311210	2954	execution/_Coordination/AgentRuns/SOW-STAGE2-EXEC-20260712-01/instances/WORKING-P3-PKG12/children/AUTHOR-B1/members/DEL-12-05/simulation/rollback/_CONTEXT.md
df2c23d2c66f594a8fdc1fd6559cea93e8f00395a4357dfb8a1f4f545f960962	5337	execution/_Coordination/AgentRuns/SOW-STAGE2-EXEC-20260712-01/instances/WORKING-P3-PKG12/children/AUTHOR-B1/members/DEL-12-05/simulation/rollback/_DEPENDENCIES.md
711a626463efe052b0596d439d0df661ed92bb78cbea441b6bac2881a4a61e71	1348	execution/_Coordination/AgentRuns/SOW-STAGE2-EXEC-20260712-01/instances/WORKING-P3-PKG12/children/AUTHOR-B1/members/DEL-12-05/simulation/rollback/_REFERENCES.md
2452c4ece1320cc01a7d5da61e8d91f318928420d7878945e9b274613c79523a	3403	execution/_Coordination/AgentRuns/SOW-STAGE2-EXEC-20260712-01/instances/WORKING-P3-PKG12/children/AUTHOR-B1/members/DEL-12-05/simulation/rollback/_REVIEW.md
bef6969af5a3d8a6d1474aa3dc07d5b79abbe223e5ce4a0872c5a81e055b9137	27677	execution/_Coordination/AgentRuns/SOW-STAGE2-EXEC-20260712-01/instances/WORKING-P3-PKG12/children/AUTHOR-B1/members/DEL-12-05/simulation/rollback/_SEMANTIC.md
a925be7f36701ba67e4f6edc4921d1b560c700365d42aa508732a07491dd4f3b	18012	execution/_Coordination/AgentRuns/SOW-STAGE2-EXEC-20260712-01/instances/WORKING-P3-PKG12/children/AUTHOR-B1/members/DEL-12-05/simulation/rollback/_SEMANTIC_LENSING.md
6d28c12ab4a81a2ca3759f9024097e1182d79038e7864fb2efb744e3f533273f	2370	execution/_Coordination/AgentRuns/SOW-STAGE2-EXEC-20260712-01/instances/WORKING-P3-PKG12/children/AUTHOR-B1/members/DEL-12-05/simulation/rollback/_STATUS.md
eb4030b38571d0b93aef5d55ac0aabd160d607f5130dedaccbbe03b1deb9e872	1058	execution/_Coordination/AgentRuns/SOW-STAGE2-EXEC-20260712-01/instances/WORKING-P3-PKG12/children/AUTHOR-B1/members/DEL-12-05/simulation/rollback/_run_records/PHASE_2_2_four_documents_P1_P2_2026-04-30.md
6c7e8ee2346f0d223400792b6a9e068ffc1d0293161140cd77483cc3279c5d6d	722	execution/_Coordination/AgentRuns/SOW-STAGE2-EXEC-20260712-01/instances/WORKING-P3-PKG12/children/AUTHOR-B1/members/DEL-12-05/simulation/rollback/_run_records/PHASE_2_3_semantic_matrix_2026-04-30.md
efd4e02f8fb05c055f6472e0c7af58246e6de923762120313ec082347e212eb3	639	execution/_Coordination/AgentRuns/SOW-STAGE2-EXEC-20260712-01/instances/WORKING-P3-PKG12/children/AUTHOR-B1/members/DEL-12-05/simulation/rollback/_run_records/PHASE_2_4_lens_register_2026-04-30.md
0d6ce7f1acfe155e3f8d8395e66c6f3447ad99a3ebaa2baa52f9fa5176706d83	1238	execution/_Coordination/AgentRuns/SOW-STAGE2-EXEC-20260712-01/instances/WORKING-P3-PKG12/children/AUTHOR-B1/members/DEL-12-05/simulation/rollback/_run_records/PHASE_2_5_four_documents_P3_2026-04-30.md
7134c8bc056bc8e698a5f48bb65ac2fb573bef93e83a5aed2b3055c9fa3201f3	940	execution/_Coordination/AgentRuns/SOW-STAGE2-EXEC-20260712-01/instances/WORKING-P3-PKG12/children/AUTHOR-B1/members/DEL-12-05/simulation/rollback/_run_records/PHASE_2_6_dependency_extract_2026-04-30.md
8907f92be6b8836f450e575ca5e7e91b7a8845f82e71ce6aaf29577a9ccc9621	385	execution/_Coordination/AgentRuns/SOW-STAGE2-EXEC-20260712-01/instances/WORKING-P3-PKG12/children/AUTHOR-B1/members/DEL-12-05/simulation/rollback/_run_records/TASK_RUN_2026-04-30_setup.md
0495009b978f1a202ca96e9e61037dfe11afd0c995af33d37be8228b6eb8066f	4501	execution/_Coordination/AgentRuns/SOW-STAGE2-EXEC-20260712-01/instances/WORKING-P3-PKG12/children/AUTHOR-B1/members/DEL-12-05/simulation/rollback/_run_records/TASK_RUN_2026-05-10_2331_dependency_refresh_closeout.md
d6e65554c2a3c1ebf047887602dcdeed75796fcbaf3a95a35265a035e53670cc	1749	execution/_Coordination/AgentRuns/SOW-STAGE2-EXEC-20260712-01/instances/WORKING-P3-PKG12/children/AUTHOR-B1/members/DEL-12-05/simulation/rollback/_run_records/TASK_RUN_2026-06-04_authority-refresh-0.7-dag006_DEL-12-05.md
484a3c1307017e0e5d2a22a87e8007956571ae1341276cd5188329369cfeb004	3805	execution/_Coordination/AgentRuns/SOW-STAGE2-EXEC-20260712-01/instances/WORKING-P3-PKG12/children/AUTHOR-B1/members/DEL-12-05/simulation/rollback/_run_records/TASK_RUN_2026-06-06_1102.md
9257c1f35be7a9a7bb44de9b7823f07d1938f29f672d66863ae4a303b8bda29a	2595	execution/_Coordination/AgentRuns/SOW-STAGE2-EXEC-20260712-01/instances/WORKING-P3-PKG12/children/AUTHOR-B1/members/DEL-12-05/simulation/rollback/_run_records/TASK_RUN_2026-06-16_2358_dependency-semantic-refresh.md
60b892ff5d6c3736c9c353825f3ed586ce967b55f11ac362221c9fba542ac526	1869	execution/_Coordination/AgentRuns/SOW-STAGE2-EXEC-20260712-01/instances/WORKING-P3-PKG12/children/AUTHOR-B1/members/DEL-12-05/simulation/rollback/_run_records/WORKING_ITEMS_RUN_2026-06-18_TP-UNITS-BTAIL-SECTHREATUNITPOLICY-001.md
56f31a083d466917efd700c5848c332305e3f2b34e59cfed0fdd288309a439ec	779	execution/_Coordination/AgentRuns/SOW-STAGE2-EXEC-20260712-01/instances/WORKING-P3-PKG12/children/AUTHOR-B1/members/DEL-12-05/simulation/rollback/_run_records/WORKING_ITEMS_RUN_2026-07-12_D41-R5-T3-PDU027.md
b242669ebabe99f7b9ecba568f77a2ff00a0d318863b83013d88ab369f2a8fde	1186	execution/_Coordination/AgentRuns/SOW-STAGE2-EXEC-20260712-01/instances/WORKING-P3-PKG12/children/AUTHOR-B1/members/DEL-12-05/simulation/rollback/_run_records/WORKING_ITEMS_RUN_2026-07-12_D41-R5-T7-PDU054.md
ae561fdbe744501befc76003084d245849ef22140723e75a26d098e2a09c642e	276	execution/_Coordination/AgentRuns/SOW-STAGE2-EXEC-20260712-01/instances/WORKING-P3-PKG12/children/AUTHOR-B1/members/DEL-12-05/simulation-apply-validation.json
e3b0c44298fc1c149afbf4c8996fb92427ae41e4649b934ca495991b7852b855	0	execution/_Coordination/AgentRuns/SOW-STAGE2-EXEC-20260712-01/instances/WORKING-P3-PKG12/children/AUTHOR-B1/members/DEL-12-05/simulation-apply-validation.stderr
0461ab11ca771be668b61e9e228322d76eece730f32a0b20104ce101e89e4a3c	264	execution/_Coordination/AgentRuns/SOW-STAGE2-EXEC-20260712-01/instances/WORKING-P3-PKG12/children/AUTHOR-B1/members/DEL-12-05/validation-dual-a.json
e3b0c44298fc1c149afbf4c8996fb92427ae41e4649b934ca495991b7852b855	0	execution/_Coordination/AgentRuns/SOW-STAGE2-EXEC-20260712-01/instances/WORKING-P3-PKG12/children/AUTHOR-B1/members/DEL-12-05/validation-dual-a.stderr
3b5a6c0624daebab0b3198364c5f62e61c9117d02fca985d0dba3fbee75de1d1	264	execution/_Coordination/AgentRuns/SOW-STAGE2-EXEC-20260712-01/instances/WORKING-P3-PKG12/children/AUTHOR-B1/members/DEL-12-05/validation-dual-b.json
e3b0c44298fc1c149afbf4c8996fb92427ae41e4649b934ca495991b7852b855	0	execution/_Coordination/AgentRuns/SOW-STAGE2-EXEC-20260712-01/instances/WORKING-P3-PKG12/children/AUTHOR-B1/members/DEL-12-05/validation-dual-b.stderr
f352c9e971a5d2c097d4a76d7868f8467686f8e1aede71c3a7d9c465ad526f04	242	execution/_Coordination/AgentRuns/SOW-STAGE2-EXEC-20260712-01/instances/WORKING-P3-PKG12/children/AUTHOR-B1/members/DEL-12-05/validation-sow-v1.json
e3b0c44298fc1c149afbf4c8996fb92427ae41e4649b934ca495991b7852b855	0	execution/_Coordination/AgentRuns/SOW-STAGE2-EXEC-20260712-01/instances/WORKING-P3-PKG12/children/AUTHOR-B1/members/DEL-12-05/validation-sow-v1.stderr
5baf1baee7ef804ab66f2796014f9a4b7ec6e99d23882b77538cf1031f3c40c4	10194	execution/_Coordination/AgentRuns/SOW-STAGE2-EXEC-20260712-01/instances/WORKING-P3-PKG12/children/AUTHOR-B1/members/DEL-12-05/workspace-a/Datasheet.md
314f04c46eebc75a1d40140a01f23a495c1d52478d007d0ca9592044cc24d5fd	28446	execution/_Coordination/AgentRuns/SOW-STAGE2-EXEC-20260712-01/instances/WORKING-P3-PKG12/children/AUTHOR-B1/members/DEL-12-05/workspace-a/Dependencies.csv
dcfd8413bfff63d9c9185a8931020d7b1a38aaf5c9f956b830f5d148326295d1	8980	execution/_Coordination/AgentRuns/SOW-STAGE2-EXEC-20260712-01/instances/WORKING-P3-PKG12/children/AUTHOR-B1/members/DEL-12-05/workspace-a/Guidance.md
7ebea19ab1129702da934a9453a6634568b0c819bb0a75e780e8107182e4ff97	9570	execution/_Coordination/AgentRuns/SOW-STAGE2-EXEC-20260712-01/instances/WORKING-P3-PKG12/children/AUTHOR-B1/members/DEL-12-05/workspace-a/MEMORY.md
a9325bc6e12ade9a2d5d13e07605eae82adc091b9fc7a25d78a37db1214690ce	5894	execution/_Coordination/AgentRuns/SOW-STAGE2-EXEC-20260712-01/instances/WORKING-P3-PKG12/children/AUTHOR-B1/members/DEL-12-05/workspace-a/Procedure.md
08dd7619787bf7f848ef0d76b718d84eebcb478908dc0fae51c58d3b89ce6130	142	execution/_Coordination/AgentRuns/SOW-STAGE2-EXEC-20260712-01/instances/WORKING-P3-PKG12/children/AUTHOR-B1/members/DEL-12-05/workspace-a/Review_Findings.csv
b3e03161b0f2b13a6271614960556c30392bb14e6fce14c2b092c4f4575144b9	49901	execution/_Coordination/AgentRuns/SOW-STAGE2-EXEC-20260712-01/instances/WORKING-P3-PKG12/children/AUTHOR-B1/members/DEL-12-05/workspace-a/ScopeOfWork.md
95d10c9d857a95fc417b00664df0f05add9d8a0cb3b1cf22097d874d49a54284	11236	execution/_Coordination/AgentRuns/SOW-STAGE2-EXEC-20260712-01/instances/WORKING-P3-PKG12/children/AUTHOR-B1/members/DEL-12-05/workspace-a/Specification.md
722527044601f6386b41b0696f701c4d7c733a06d3d97241f5cdf242bd311210	2954	execution/_Coordination/AgentRuns/SOW-STAGE2-EXEC-20260712-01/instances/WORKING-P3-PKG12/children/AUTHOR-B1/members/DEL-12-05/workspace-a/_CONTEXT.md
df2c23d2c66f594a8fdc1fd6559cea93e8f00395a4357dfb8a1f4f545f960962	5337	execution/_Coordination/AgentRuns/SOW-STAGE2-EXEC-20260712-01/instances/WORKING-P3-PKG12/children/AUTHOR-B1/members/DEL-12-05/workspace-a/_DEPENDENCIES.md
711a626463efe052b0596d439d0df661ed92bb78cbea441b6bac2881a4a61e71	1348	execution/_Coordination/AgentRuns/SOW-STAGE2-EXEC-20260712-01/instances/WORKING-P3-PKG12/children/AUTHOR-B1/members/DEL-12-05/workspace-a/_REFERENCES.md
2452c4ece1320cc01a7d5da61e8d91f318928420d7878945e9b274613c79523a	3403	execution/_Coordination/AgentRuns/SOW-STAGE2-EXEC-20260712-01/instances/WORKING-P3-PKG12/children/AUTHOR-B1/members/DEL-12-05/workspace-a/_REVIEW.md
bef6969af5a3d8a6d1474aa3dc07d5b79abbe223e5ce4a0872c5a81e055b9137	27677	execution/_Coordination/AgentRuns/SOW-STAGE2-EXEC-20260712-01/instances/WORKING-P3-PKG12/children/AUTHOR-B1/members/DEL-12-05/workspace-a/_SEMANTIC.md
a925be7f36701ba67e4f6edc4921d1b560c700365d42aa508732a07491dd4f3b	18012	execution/_Coordination/AgentRuns/SOW-STAGE2-EXEC-20260712-01/instances/WORKING-P3-PKG12/children/AUTHOR-B1/members/DEL-12-05/workspace-a/_SEMANTIC_LENSING.md
6d28c12ab4a81a2ca3759f9024097e1182d79038e7864fb2efb744e3f533273f	2370	execution/_Coordination/AgentRuns/SOW-STAGE2-EXEC-20260712-01/instances/WORKING-P3-PKG12/children/AUTHOR-B1/members/DEL-12-05/workspace-a/_STATUS.md
eb4030b38571d0b93aef5d55ac0aabd160d607f5130dedaccbbe03b1deb9e872	1058	execution/_Coordination/AgentRuns/SOW-STAGE2-EXEC-20260712-01/instances/WORKING-P3-PKG12/children/AUTHOR-B1/members/DEL-12-05/workspace-a/_run_records/PHASE_2_2_four_documents_P1_P2_2026-04-30.md
6c7e8ee2346f0d223400792b6a9e068ffc1d0293161140cd77483cc3279c5d6d	722	execution/_Coordination/AgentRuns/SOW-STAGE2-EXEC-20260712-01/instances/WORKING-P3-PKG12/children/AUTHOR-B1/members/DEL-12-05/workspace-a/_run_records/PHASE_2_3_semantic_matrix_2026-04-30.md
efd4e02f8fb05c055f6472e0c7af58246e6de923762120313ec082347e212eb3	639	execution/_Coordination/AgentRuns/SOW-STAGE2-EXEC-20260712-01/instances/WORKING-P3-PKG12/children/AUTHOR-B1/members/DEL-12-05/workspace-a/_run_records/PHASE_2_4_lens_register_2026-04-30.md
0d6ce7f1acfe155e3f8d8395e66c6f3447ad99a3ebaa2baa52f9fa5176706d83	1238	execution/_Coordination/AgentRuns/SOW-STAGE2-EXEC-20260712-01/instances/WORKING-P3-PKG12/children/AUTHOR-B1/members/DEL-12-05/workspace-a/_run_records/PHASE_2_5_four_documents_P3_2026-04-30.md
7134c8bc056bc8e698a5f48bb65ac2fb573bef93e83a5aed2b3055c9fa3201f3	940	execution/_Coordination/AgentRuns/SOW-STAGE2-EXEC-20260712-01/instances/WORKING-P3-PKG12/children/AUTHOR-B1/members/DEL-12-05/workspace-a/_run_records/PHASE_2_6_dependency_extract_2026-04-30.md
8907f92be6b8836f450e575ca5e7e91b7a8845f82e71ce6aaf29577a9ccc9621	385	execution/_Coordination/AgentRuns/SOW-STAGE2-EXEC-20260712-01/instances/WORKING-P3-PKG12/children/AUTHOR-B1/members/DEL-12-05/workspace-a/_run_records/TASK_RUN_2026-04-30_setup.md
0495009b978f1a202ca96e9e61037dfe11afd0c995af33d37be8228b6eb8066f	4501	execution/_Coordination/AgentRuns/SOW-STAGE2-EXEC-20260712-01/instances/WORKING-P3-PKG12/children/AUTHOR-B1/members/DEL-12-05/workspace-a/_run_records/TASK_RUN_2026-05-10_2331_dependency_refresh_closeout.md
d6e65554c2a3c1ebf047887602dcdeed75796fcbaf3a95a35265a035e53670cc	1749	execution/_Coordination/AgentRuns/SOW-STAGE2-EXEC-20260712-01/instances/WORKING-P3-PKG12/children/AUTHOR-B1/members/DEL-12-05/workspace-a/_run_records/TASK_RUN_2026-06-04_authority-refresh-0.7-dag006_DEL-12-05.md
484a3c1307017e0e5d2a22a87e8007956571ae1341276cd5188329369cfeb004	3805	execution/_Coordination/AgentRuns/SOW-STAGE2-EXEC-20260712-01/instances/WORKING-P3-PKG12/children/AUTHOR-B1/members/DEL-12-05/workspace-a/_run_records/TASK_RUN_2026-06-06_1102.md
9257c1f35be7a9a7bb44de9b7823f07d1938f29f672d66863ae4a303b8bda29a	2595	execution/_Coordination/AgentRuns/SOW-STAGE2-EXEC-20260712-01/instances/WORKING-P3-PKG12/children/AUTHOR-B1/members/DEL-12-05/workspace-a/_run_records/TASK_RUN_2026-06-16_2358_dependency-semantic-refresh.md
60b892ff5d6c3736c9c353825f3ed586ce967b55f11ac362221c9fba542ac526	1869	execution/_Coordination/AgentRuns/SOW-STAGE2-EXEC-20260712-01/instances/WORKING-P3-PKG12/children/AUTHOR-B1/members/DEL-12-05/workspace-a/_run_records/WORKING_ITEMS_RUN_2026-06-18_TP-UNITS-BTAIL-SECTHREATUNITPOLICY-001.md
56f31a083d466917efd700c5848c332305e3f2b34e59cfed0fdd288309a439ec	779	execution/_Coordination/AgentRuns/SOW-STAGE2-EXEC-20260712-01/instances/WORKING-P3-PKG12/children/AUTHOR-B1/members/DEL-12-05/workspace-a/_run_records/WORKING_ITEMS_RUN_2026-07-12_D41-R5-T3-PDU027.md
b242669ebabe99f7b9ecba568f77a2ff00a0d318863b83013d88ab369f2a8fde	1186	execution/_Coordination/AgentRuns/SOW-STAGE2-EXEC-20260712-01/instances/WORKING-P3-PKG12/children/AUTHOR-B1/members/DEL-12-05/workspace-a/_run_records/WORKING_ITEMS_RUN_2026-07-12_D41-R5-T7-PDU054.md
5baf1baee7ef804ab66f2796014f9a4b7ec6e99d23882b77538cf1031f3c40c4	10194	execution/_Coordination/AgentRuns/SOW-STAGE2-EXEC-20260712-01/instances/WORKING-P3-PKG12/children/AUTHOR-B1/members/DEL-12-05/workspace-b/Datasheet.md
314f04c46eebc75a1d40140a01f23a495c1d52478d007d0ca9592044cc24d5fd	28446	execution/_Coordination/AgentRuns/SOW-STAGE2-EXEC-20260712-01/instances/WORKING-P3-PKG12/children/AUTHOR-B1/members/DEL-12-05/workspace-b/Dependencies.csv
dcfd8413bfff63d9c9185a8931020d7b1a38aaf5c9f956b830f5d148326295d1	8980	execution/_Coordination/AgentRuns/SOW-STAGE2-EXEC-20260712-01/instances/WORKING-P3-PKG12/children/AUTHOR-B1/members/DEL-12-05/workspace-b/Guidance.md
7ebea19ab1129702da934a9453a6634568b0c819bb0a75e780e8107182e4ff97	9570	execution/_Coordination/AgentRuns/SOW-STAGE2-EXEC-20260712-01/instances/WORKING-P3-PKG12/children/AUTHOR-B1/members/DEL-12-05/workspace-b/MEMORY.md
a9325bc6e12ade9a2d5d13e07605eae82adc091b9fc7a25d78a37db1214690ce	5894	execution/_Coordination/AgentRuns/SOW-STAGE2-EXEC-20260712-01/instances/WORKING-P3-PKG12/children/AUTHOR-B1/members/DEL-12-05/workspace-b/Procedure.md
08dd7619787bf7f848ef0d76b718d84eebcb478908dc0fae51c58d3b89ce6130	142	execution/_Coordination/AgentRuns/SOW-STAGE2-EXEC-20260712-01/instances/WORKING-P3-PKG12/children/AUTHOR-B1/members/DEL-12-05/workspace-b/Review_Findings.csv
b3e03161b0f2b13a6271614960556c30392bb14e6fce14c2b092c4f4575144b9	49901	execution/_Coordination/AgentRuns/SOW-STAGE2-EXEC-20260712-01/instances/WORKING-P3-PKG12/children/AUTHOR-B1/members/DEL-12-05/workspace-b/ScopeOfWork.md
95d10c9d857a95fc417b00664df0f05add9d8a0cb3b1cf22097d874d49a54284	11236	execution/_Coordination/AgentRuns/SOW-STAGE2-EXEC-20260712-01/instances/WORKING-P3-PKG12/children/AUTHOR-B1/members/DEL-12-05/workspace-b/Specification.md
722527044601f6386b41b0696f701c4d7c733a06d3d97241f5cdf242bd311210	2954	execution/_Coordination/AgentRuns/SOW-STAGE2-EXEC-20260712-01/instances/WORKING-P3-PKG12/children/AUTHOR-B1/members/DEL-12-05/workspace-b/_CONTEXT.md
df2c23d2c66f594a8fdc1fd6559cea93e8f00395a4357dfb8a1f4f545f960962	5337	execution/_Coordination/AgentRuns/SOW-STAGE2-EXEC-20260712-01/instances/WORKING-P3-PKG12/children/AUTHOR-B1/members/DEL-12-05/workspace-b/_DEPENDENCIES.md
711a626463efe052b0596d439d0df661ed92bb78cbea441b6bac2881a4a61e71	1348	execution/_Coordination/AgentRuns/SOW-STAGE2-EXEC-20260712-01/instances/WORKING-P3-PKG12/children/AUTHOR-B1/members/DEL-12-05/workspace-b/_REFERENCES.md
2452c4ece1320cc01a7d5da61e8d91f318928420d7878945e9b274613c79523a	3403	execution/_Coordination/AgentRuns/SOW-STAGE2-EXEC-20260712-01/instances/WORKING-P3-PKG12/children/AUTHOR-B1/members/DEL-12-05/workspace-b/_REVIEW.md
bef6969af5a3d8a6d1474aa3dc07d5b79abbe223e5ce4a0872c5a81e055b9137	27677	execution/_Coordination/AgentRuns/SOW-STAGE2-EXEC-20260712-01/instances/WORKING-P3-PKG12/children/AUTHOR-B1/members/DEL-12-05/workspace-b/_SEMANTIC.md
a925be7f36701ba67e4f6edc4921d1b560c700365d42aa508732a07491dd4f3b	18012	execution/_Coordination/AgentRuns/SOW-STAGE2-EXEC-20260712-01/instances/WORKING-P3-PKG12/children/AUTHOR-B1/members/DEL-12-05/workspace-b/_SEMANTIC_LENSING.md
6d28c12ab4a81a2ca3759f9024097e1182d79038e7864fb2efb744e3f533273f	2370	execution/_Coordination/AgentRuns/SOW-STAGE2-EXEC-20260712-01/instances/WORKING-P3-PKG12/children/AUTHOR-B1/members/DEL-12-05/workspace-b/_STATUS.md
eb4030b38571d0b93aef5d55ac0aabd160d607f5130dedaccbbe03b1deb9e872	1058	execution/_Coordination/AgentRuns/SOW-STAGE2-EXEC-20260712-01/instances/WORKING-P3-PKG12/children/AUTHOR-B1/members/DEL-12-05/workspace-b/_run_records/PHASE_2_2_four_documents_P1_P2_2026-04-30.md
6c7e8ee2346f0d223400792b6a9e068ffc1d0293161140cd77483cc3279c5d6d	722	execution/_Coordination/AgentRuns/SOW-STAGE2-EXEC-20260712-01/instances/WORKING-P3-PKG12/children/AUTHOR-B1/members/DEL-12-05/workspace-b/_run_records/PHASE_2_3_semantic_matrix_2026-04-30.md
efd4e02f8fb05c055f6472e0c7af58246e6de923762120313ec082347e212eb3	639	execution/_Coordination/AgentRuns/SOW-STAGE2-EXEC-20260712-01/instances/WORKING-P3-PKG12/children/AUTHOR-B1/members/DEL-12-05/workspace-b/_run_records/PHASE_2_4_lens_register_2026-04-30.md
0d6ce7f1acfe155e3f8d8395e66c6f3447ad99a3ebaa2baa52f9fa5176706d83	1238	execution/_Coordination/AgentRuns/SOW-STAGE2-EXEC-20260712-01/instances/WORKING-P3-PKG12/children/AUTHOR-B1/members/DEL-12-05/workspace-b/_run_records/PHASE_2_5_four_documents_P3_2026-04-30.md
7134c8bc056bc8e698a5f48bb65ac2fb573bef93e83a5aed2b3055c9fa3201f3	940	execution/_Coordination/AgentRuns/SOW-STAGE2-EXEC-20260712-01/instances/WORKING-P3-PKG12/children/AUTHOR-B1/members/DEL-12-05/workspace-b/_run_records/PHASE_2_6_dependency_extract_2026-04-30.md
8907f92be6b8836f450e575ca5e7e91b7a8845f82e71ce6aaf29577a9ccc9621	385	execution/_Coordination/AgentRuns/SOW-STAGE2-EXEC-20260712-01/instances/WORKING-P3-PKG12/children/AUTHOR-B1/members/DEL-12-05/workspace-b/_run_records/TASK_RUN_2026-04-30_setup.md
0495009b978f1a202ca96e9e61037dfe11afd0c995af33d37be8228b6eb8066f	4501	execution/_Coordination/AgentRuns/SOW-STAGE2-EXEC-20260712-01/instances/WORKING-P3-PKG12/children/AUTHOR-B1/members/DEL-12-05/workspace-b/_run_records/TASK_RUN_2026-05-10_2331_dependency_refresh_closeout.md
d6e65554c2a3c1ebf047887602dcdeed75796fcbaf3a95a35265a035e53670cc	1749	execution/_Coordination/AgentRuns/SOW-STAGE2-EXEC-20260712-01/instances/WORKING-P3-PKG12/children/AUTHOR-B1/members/DEL-12-05/workspace-b/_run_records/TASK_RUN_2026-06-04_authority-refresh-0.7-dag006_DEL-12-05.md
484a3c1307017e0e5d2a22a87e8007956571ae1341276cd5188329369cfeb004	3805	execution/_Coordination/AgentRuns/SOW-STAGE2-EXEC-20260712-01/instances/WORKING-P3-PKG12/children/AUTHOR-B1/members/DEL-12-05/workspace-b/_run_records/TASK_RUN_2026-06-06_1102.md
9257c1f35be7a9a7bb44de9b7823f07d1938f29f672d66863ae4a303b8bda29a	2595	execution/_Coordination/AgentRuns/SOW-STAGE2-EXEC-20260712-01/instances/WORKING-P3-PKG12/children/AUTHOR-B1/members/DEL-12-05/workspace-b/_run_records/TASK_RUN_2026-06-16_2358_dependency-semantic-refresh.md
60b892ff5d6c3736c9c353825f3ed586ce967b55f11ac362221c9fba542ac526	1869	execution/_Coordination/AgentRuns/SOW-STAGE2-EXEC-20260712-01/instances/WORKING-P3-PKG12/children/AUTHOR-B1/members/DEL-12-05/workspace-b/_run_records/WORKING_ITEMS_RUN_2026-06-18_TP-UNITS-BTAIL-SECTHREATUNITPOLICY-001.md
56f31a083d466917efd700c5848c332305e3f2b34e59cfed0fdd288309a439ec	779	execution/_Coordination/AgentRuns/SOW-STAGE2-EXEC-20260712-01/instances/WORKING-P3-PKG12/children/AUTHOR-B1/members/DEL-12-05/workspace-b/_run_records/WORKING_ITEMS_RUN_2026-07-12_D41-R5-T3-PDU027.md
b242669ebabe99f7b9ecba568f77a2ff00a0d318863b83013d88ab369f2a8fde	1186	execution/_Coordination/AgentRuns/SOW-STAGE2-EXEC-20260712-01/instances/WORKING-P3-PKG12/children/AUTHOR-B1/members/DEL-12-05/workspace-b/_run_records/WORKING_ITEMS_RUN_2026-07-12_D41-R5-T7-PDU054.md
9a271f2a916b0b6ee6cecb2426f0b3206ef074578be55d9bc94f6f3fe3ab86aa	2	execution/_Coordination/AgentRuns/SOW-STAGE2-EXEC-20260712-01/instances/WORKING-P3-PKG12/children/AUTHOR-B1/practitioner-harness-tests.exit
e3b0c44298fc1c149afbf4c8996fb92427ae41e4649b934ca495991b7852b855	0	execution/_Coordination/AgentRuns/SOW-STAGE2-EXEC-20260712-01/instances/WORKING-P3-PKG12/children/AUTHOR-B1/practitioner-harness-tests.stderr
4794e7a176c1bae8a5790c4e303f99c388bc20150899dfbd6a7c3fc0b2e1d31e	341	execution/_Coordination/AgentRuns/SOW-STAGE2-EXEC-20260712-01/instances/WORKING-P3-PKG12/children/AUTHOR-B1/practitioner-harness-tests.stdout
9a271f2a916b0b6ee6cecb2426f0b3206ef074578be55d9bc94f6f3fe3ab86aa	2	execution/_Coordination/AgentRuns/SOW-STAGE2-EXEC-20260712-01/instances/WORKING-P3-PKG12/children/AUTHOR-B1/practitioner-self-check.exit
e3b0c44298fc1c149afbf4c8996fb92427ae41e4649b934ca495991b7852b855	0	execution/_Coordination/AgentRuns/SOW-STAGE2-EXEC-20260712-01/instances/WORKING-P3-PKG12/children/AUTHOR-B1/practitioner-self-check.stderr
6d7d084d0231da93519b4df921840577fb4cb015435ec80c64ec40151cde8b45	25131	execution/_Coordination/AgentRuns/SOW-STAGE2-EXEC-20260712-01/instances/WORKING-P3-PKG12/children/AUTHOR-B1/practitioner-self-check.stdout
4d46bcb52b4f65aab92bb79363cac7eeb8a75c787b1eddffcaaa8a96212bd3ff	5963	execution/_Coordination/AgentRuns/SOW-STAGE2-EXEC-20260712-01/instances/WORKING-P3-PKG12/children/AUTHOR-B1/run_author_pkg12.py
9a271f2a916b0b6ee6cecb2426f0b3206ef074578be55d9bc94f6f3fe3ab86aa	2	execution/_Coordination/AgentRuns/SOW-STAGE2-EXEC-20260712-01/instances/WORKING-P3-PKG12/children/AUTHOR-B1/scope-of-work-tests.exit
e3b0c44298fc1c149afbf4c8996fb92427ae41e4649b934ca495991b7852b855	0	execution/_Coordination/AgentRuns/SOW-STAGE2-EXEC-20260712-01/instances/WORKING-P3-PKG12/children/AUTHOR-B1/scope-of-work-tests.stderr
64d9437fa149cb2a2c1c528cbdf01695a98b23aaded7c1bba58f996a31915a2c	99	execution/_Coordination/AgentRuns/SOW-STAGE2-EXEC-20260712-01/instances/WORKING-P3-PKG12/children/AUTHOR-B1/scope-of-work-tests.stdout
