RegisterSchemaVersion,DependencyID,FromPackageID,FromDeliverableID,FromDeliverableName,DependencyClass,AnchorType,Direction,DependencyType,TargetType,TargetPackageID,TargetDeliverableID,TargetRefID,TargetName,TargetLocation,Statement,EvidenceFile,SourceRef,EvidenceQuote,Explicitness,RequiredMaturity,ProposedMaturity,SatisfactionStatus,Confidence,Origin,FirstSeen,LastSeen,Status,Notes,SourceRegister,SourceRegisterSHA256,SourceRecord,SelectionRule,CandidateReason,SCCRef,CaseRef,OpenQuestion
v3.1,DEP-01-01-024,PKG-01,DEL-01-01,Stock Codex hosting and supplier contract,EXECUTION,NOT_APPLICABLE,UPSTREAM,INTERFACE,DELIVERABLE,PKG-01,DEL-01-05,,"Native OAuth/sign-in, API-key and local-provider access","projects/chirality-app-v4/execution/PKG-01_Native App and third-party harness integration/1_Working/DEL-01-05_Native OAuth-sign-in, API-key and local-provider access",Receive native sign-in and server-substitution evidence from the App v4 DEL-01-05 account/provider owner when needed for the local qualification witness; the source does not impose an unconditional prerequisite.,ScopeOfWork.md,ScopeOfWork.md#Production and Verification Method — Praxeology / VER-005; Deliverable Definition — Ontology / CLM-004,native sign-in and server-substitution evidence is received from its own owner when needed.,EXPLICIT,INITIALIZED,,TBD,HIGH,EXTRACTED,2026-09-27,2026-10-04T01:14:27+00:00,ACTIVE,FACT: Conditional technical-evidence input (when needed); INITIALIZED denotes contract maturity only and does not establish evidence receipt. Distinct from the opposite-direction protocol-requirement handoff; neither direction creates a generic act sequence or overall closure verdict.,PKG-01_Native App and third-party harness integration/1_Working/DEL-01-01_Stock Codex hosting and supplier contract/Dependencies.csv,5a5a60c555247a56c637e7d57289545caa8462186793444da06b1e90decb9e38,24,SR-1;SR-2;SR-3(all canonical types);SR-4(no cut/merge ruling);SR-5(not applied);SR-6;SR-7(held),SCC_UNRESOLVED,SCC-001,_DAG/cases/SCC-CASE-001,"Identify the selected pin/protocol and embedding contribution, account/provider observations and exact conditional supplier-return criterion; qualify only with actual inputs at their point of need. See case contribution and missing-input account."
v3.1,DEP-01-04-009,PKG-01,DEL-01-04,"Native requests, outcomes and attachments",EXECUTION,NOT_APPLICABLE,UPSTREAM,INTERFACE,DELIVERABLE,PKG-02,DEL-02-02,,Workflow-making workspace and registration,projects/chirality-app-v4/execution/PKG-02_Workflow and role portability/1_Working/DEL-02-02_Workflow-making workspace and registration,"Receive source-qualified draft identity and actual draft/registration/collision/refusal transitions from the workflow workspace for native presentation, the A15 descriptor (one per act: one reviewed draft, or several library entries registered in place) bound to the exact reviewed content, and the run-start text and run-end line App DEL-02-02 supplies for the turns this slice composes.",ScopeOfWork.md,"ScopeOfWork.md#Completion and Reliance Basis — Epistemology / REQ-004; REQ-001 and REQ-008 (revised/added under SCA-V4-003 G-0104-05, G-0104-09); CLM-004",The native draft receiving interface shall carry source-qualified draft identity and explicit transitions supplied by the workflow workspace.,EXPLICIT,INITIALIZED,,TBD,HIGH,EXTRACTED,2026-09-28T03:14:57+00:00,2026-10-04T01:14:27+00:00,ACTIVE,"FACT: RequiredMaturity INITIALIZED denotes the checked local target contract only; actual technical input/usable interface and applicable candidate evidence remain separately required and receipt is unverified. Input transition evidence is separate from the native interactions handed back in DEP-01-04-010; no runtime registration requirement is promoted into a project start gate. UPDATE 20261003 (SCA-V4-003 DX): R3-01-04-a (D3 R2.5, corrected to R21-3): Statement appended with the A15 descriptor (""A15 is presented from one descriptor of the workflow workspace"", REQ-008) and the run-start text and run-end line (""supplied by App `DEL-02-02`"", REQ-001). Quote unchanged and verbatim. Identity, direction, type, target, maturity and closure unchanged; existing held arc.","PKG-01_Native App and third-party harness integration/1_Working/DEL-01-04_Native requests, outcomes and attachments/Dependencies.csv",1c08dfda40c948d3accd723e2716ec9601e7f1da1614c686441ea59dc18db2e6,9,SR-1;SR-2;SR-3(all canonical types);SR-4(no cut/merge ruling);SR-5(not applied);SR-6;SR-7(held),SCC_UNRESOLVED,SCC-002,_DAG/cases/SCC-CASE-002,"Identify and compare actual portable/native/workspace, C/P/catalog, policy-record, role and host receiving versions; preserve actual trace production separately from OI-003 owner ruling and host/person acts. Future/post30 input-specific work; see continuing CASE-002 and retained CASE-004 history."
v3.1,DEP-01-04-023,PKG-01,DEL-01-04,"Native requests, outcomes and attachments",EXECUTION,NOT_APPLICABLE,UPSTREAM,INTERFACE,DELIVERABLE,PKG-02,DEL-02-03,,Workflow execution compatibility and round-trip support,projects/chirality-app-v4/execution/PKG-02_Workflow and role portability/1_Working/DEL-02-03_Workflow execution compatibility and round-trip support,"Receive the checkpoint display meanings defined by App DEL-02-03, whose behaviour in the App this slice owns (OUT-002).",ScopeOfWork.md,ScopeOfWork.md#Deliverable Definition — Ontology / OUT-002 (revised under SCA-V4-003 G-0104-03); CLM-001 (G-0104-01),"with the checkpoint display meanings of App `DEL-02-03`, whose behaviour in the App this slice owns.",EXPLICIT,INITIALIZED,,TBD,HIGH,EXTRACTED,2026-10-04T01:14:27+00:00,2026-10-04T01:14:27+00:00,ACTIVE,"FACT: new consumer row (ledger NR-09; D3 NR-2; grounded by SC3-01-04-5). New arc DEL-01-04 → DEL-02-03, reciprocal with the existing DEL-02-03 → DEL-01-04 (DEP-02-03-027, X-1). Both ends lie in SCC-002, so the arc is held and SCC-neutral (ARC_EFFECT §2). RequiredMaturity INITIALIZED denotes the checked local target contract only; actual technical input/usable interface and applicable candidate evidence remain separately required and receipt is unverified.","PKG-01_Native App and third-party harness integration/1_Working/DEL-01-04_Native requests, outcomes and attachments/Dependencies.csv",1c08dfda40c948d3accd723e2716ec9601e7f1da1614c686441ea59dc18db2e6,23,SR-1;SR-2;SR-3(all canonical types);SR-4(no cut/merge ruling);SR-5(not applied);SR-6;SR-7(held),SCC_UNRESOLVED,SCC-002,_DAG/cases/SCC-CASE-002,"Identify and compare actual portable/native/workspace, C/P/catalog, policy-record, role and host receiving versions; preserve actual trace production separately from OI-003 owner ruling and host/person acts. Future/post30 input-specific work; see continuing CASE-002 and retained CASE-004 history."
v3.1,DEP-01-04-024,PKG-01,DEL-01-04,"Native requests, outcomes and attachments",EXECUTION,NOT_APPLICABLE,UPSTREAM,INTERFACE,DELIVERABLE,PKG-02,DEL-02-04,,Additive role selection and supply,projects/chirality-app-v4/execution/PKG-02_Workflow and role portability/1_Working/DEL-02-04_Additive role selection and supply,"Receive the role list App DEL-02-04 supplies (with the registry default preselected and clearable, and no role allowed) for the new-conversation role offer; the role stays fixed for the conversation.",ScopeOfWork.md,ScopeOfWork.md#Completion and Reliance Basis — Epistemology / REQ-002 (appended under SCA-V4-003 G-0104-06),"A new conversation offers the roles App DEL-02-04 lists, with the registry's default preselected and clearable and no role allowed;",EXPLICIT,INITIALIZED,,TBD,HIGH,EXTRACTED,2026-10-04T01:14:27+00:00,2026-10-04T01:14:27+00:00,ACTIVE,"FACT: new consumer row (ledger NR-4; D3 R2.5, NIR IF-15; adopted by R22-1; grounded by SC3-01-04-11). DEL-02-04 declares the supply in its own revised receivers sentence (its DOWNSTREAM mirror is extracted in this run). New arc DEL-01-04 → DEL-02-04. Both ends lie in SCC-002, so the arc is held and SCC-neutral (ARC_EFFECT §2). RequiredMaturity INITIALIZED denotes the checked local target contract only; actual technical input/usable interface and applicable candidate evidence remain separately required and receipt is unverified.","PKG-01_Native App and third-party harness integration/1_Working/DEL-01-04_Native requests, outcomes and attachments/Dependencies.csv",1c08dfda40c948d3accd723e2716ec9601e7f1da1614c686441ea59dc18db2e6,24,SR-1;SR-2;SR-3(all canonical types);SR-4(no cut/merge ruling);SR-5(not applied);SR-6;SR-7(held),SCC_UNRESOLVED,SCC-002,_DAG/cases/SCC-CASE-002,"Identify and compare actual portable/native/workspace, C/P/catalog, policy-record, role and host receiving versions; preserve actual trace production separately from OI-003 owner ruling and host/person acts. Future/post30 input-specific work; see continuing CASE-002 and retained CASE-004 history."
v3.1,DEP-01-04-022,PKG-01,DEL-01-04,"Native requests, outcomes and attachments",EXECUTION,NOT_APPLICABLE,UPSTREAM,INTERFACE,DELIVERABLE,PKG-04,DEL-04-02,,Visible autonomy and result standing,"projects/chirality-app-v4/execution/PKG-04_Human acts, autonomy and run evidence/1_Working/DEL-04-02_Visible autonomy and result standing","Receive the checkpoint overlay and standing facets defined by App DEL-04-02, which this slice places in the App (OUT-002).",ScopeOfWork.md,ScopeOfWork.md#Deliverable Definition — Ontology / OUT-002 (revised under SCA-V4-003 G-0104-03); CLM-001 (G-0104-01),"the App's placement of the checkpoint overlay and standing facets defined by App `DEL-04-02`,",EXPLICIT,INITIALIZED,,TBD,HIGH,EXTRACTED,2026-10-04T01:14:27+00:00,2026-10-04T01:14:27+00:00,ACTIVE,"FACT: new consumer row (ledger NR-08; D3 NR-1; grounded by SC3-01-04-5). CLM-001 also states ""this slice also places the checkpoint and standing display that App `DEL-04-02` and App `DEL-02-03` define (OUT-002)."" New arc DEL-01-04 → DEL-04-02. Both ends lie in SCC-002, so the arc is held and SCC-neutral (ARC_EFFECT §2). RequiredMaturity INITIALIZED denotes the checked local target contract only; actual technical input/usable interface and applicable candidate evidence remain separately required and receipt is unverified.","PKG-01_Native App and third-party harness integration/1_Working/DEL-01-04_Native requests, outcomes and attachments/Dependencies.csv",1c08dfda40c948d3accd723e2716ec9601e7f1da1614c686441ea59dc18db2e6,22,SR-1;SR-2;SR-3(all canonical types);SR-4(no cut/merge ruling);SR-5(not applied);SR-6;SR-7(held),SCC_UNRESOLVED,SCC-002,_DAG/cases/SCC-CASE-002,"Identify and compare actual portable/native/workspace, C/P/catalog, policy-record, role and host receiving versions; preserve actual trace production separately from OI-003 owner ruling and host/person acts. Future/post30 input-specific work; see continuing CASE-002 and retained CASE-004 history."
v3.1,DEP-01-04-012,PKG-01,DEL-01-04,"Native requests, outcomes and attachments",EXECUTION,NOT_APPLICABLE,UPSTREAM,INTERFACE,DELIVERABLE,PKG-04,DEL-04-03,,Content-bound decisions and compact run records,"projects/chirality-app-v4/execution/PKG-04_Human acts, autonomy and run evidence/1_Working/DEL-04-03_Content-bound decisions and compact run records","Consume the content-bound act/run-record and recording interface, distinct actor/subject evidence and supplied content-change lapse standing owned by App DEL-04-03 for faithful native presentation/recording.",ScopeOfWork.md,ScopeOfWork.md#Completion and Reliance Basis — Epistemology / REQ-005; Deliverable Definition — Ontology / CLM-005,"Where bound content changes, display the lapsed standing supplied by the evidence interface.",EXPLICIT,INITIALIZED,,TBD,HIGH,EXTRACTED,2026-09-28T03:14:57+00:00,2026-10-04T01:14:27+00:00,ACTIVE,"FACT: RequiredMaturity INITIALIZED denotes the checked local target contract only; actual technical input/usable interface and applicable candidate evidence remain separately required and receipt is unverified. CLM-005 resolves the evidence-record owner. Runtime act/host-receipt behavior is not independently promoted to a global production gate; the actual positive VER-005 witness is separately recorded. UPDATE 20261003 (SCA-V4-003 DX): REQ-008 (G-0104-09) also states that the act control ""writes its records through the writer of DEL-04-03"", and OUT-005 names the direct-capture record: a further basis for this existing UPSTREAM row (held arc). No DOWNSTREAM row to DEL-04-03. Identity, direction, type, target, quote, maturity and closure unchanged.","PKG-01_Native App and third-party harness integration/1_Working/DEL-01-04_Native requests, outcomes and attachments/Dependencies.csv",1c08dfda40c948d3accd723e2716ec9601e7f1da1614c686441ea59dc18db2e6,12,SR-1;SR-2;SR-3(all canonical types);SR-4(no cut/merge ruling);SR-5(not applied);SR-6;SR-7(held),SCC_UNRESOLVED,SCC-002,_DAG/cases/SCC-CASE-002,"Identify and compare actual portable/native/workspace, C/P/catalog, policy-record, role and host receiving versions; preserve actual trace production separately from OI-003 owner ruling and host/person acts. Future/post30 input-specific work; see continuing CASE-002 and retained CASE-004 history."
v3.1,DEP-01-05-012,PKG-01,DEL-01-05,"Native OAuth/sign-in, API-key and local-provider access",EXECUTION,NOT_APPLICABLE,UPSTREAM,PREREQUISITE,DELIVERABLE,PKG-01,DEL-01-01,,Stock Codex hosting and supplier contract,projects/chirality-app-v4/execution/PKG-01_Native App and third-party harness integration/1_Working/DEL-01-01_Stock Codex hosting and supplier contract,DEL-01-05 consumes the identified selected Codex protocol/pin supplied by DEL-01-01 before its mode/provider implementation and qualification depend on that input.,ScopeOfWork.md,ScopeOfWork.md > Deliverable Definition — Ontology > CLM-003; Completion and Reliance Basis — Epistemology > TBD-003,DEL-01-05 consumes that identified protocol/pin,EXPLICIT,INITIALIZED,,PENDING,HIGH,EXTRACTED,2026-09-27,2026-10-04T01:14:27+00:00,ACTIVE,"FACT: actual selected protocol/pin input remains required; INITIALIZED is only the local contract threshold and does not establish input receipt. OI-012/DEP-005 supplier identity, protocol and endpoint capability evidence remain unresolved. Distinct from embedding-qualification evidence in DEP-01-05-013. UPDATE 20261003 (SCA-V4-003 DX): R3-01-05-e: revised TBD-003 (G-0105-15) records 0.158.0 as the definition and generation pin (APP-V4-FIRST-INCREMENT-20260928-DECISION-1 D4); OI-012 and DEP-005 retain the qualification pin, which the App implementation owner selects through DEL-01-01 before qualification. Quote unchanged and verbatim. Identity, direction, type, target, maturity and closure unchanged.","PKG-01_Native App and third-party harness integration/1_Working/DEL-01-05_Native OAuth-sign-in, API-key and local-provider access/Dependencies.csv",7100a2e6fefa0879734d2461e9eceb1d2e86b9621a9b240c0ac7783ddc35bbca,12,SR-1;SR-2;SR-3(all canonical types);SR-4(no cut/merge ruling);SR-5(not applied);SR-6;SR-7(held),SCC_UNRESOLVED,SCC-001,_DAG/cases/SCC-CASE-001,"Identify the selected pin/protocol and embedding contribution, account/provider observations and exact conditional supplier-return criterion; qualify only with actual inputs at their point of need. See case contribution and missing-input account."
v3.1,DEP-09-01-021,PKG-09,DEL-09-01,Candidate examination infrastructure and evidence protocol,EXECUTION,NOT_APPLICABLE,DOWNSTREAM,HANDOVER,DELIVERABLE,PKG-01,DEL-01-06,,macOS packaging and distribution evidence,projects/chirality-app-v4/execution/PKG-01_Native App and third-party harness integration/1_Working/DEL-01-06_macOS packaging and distribution evidence,Supply reusable examination support and evidence interfaces to the named owner of DEL-01-06 for its own scoped work.,ScopeOfWork.md,ScopeOfWork.md#Completion and Reliance Basis — Epistemology/REQ-008; Deliverable Definition — Ontology/CLM-005,It supplies reusable support and evidence interfaces to those owners.,EXPLICIT,INITIALIZED,,TBD,HIGH,EXTRACTED,2026-09-27,2026-09-27,ACTIVE,FACT: Positive handoff statement in REQ-008 applies to its explicitly named owners; ownership/exclusion text alone is not the evidence. This does not perform or qualify the receiving owner's act. INITIALIZED means receiving contract maturity only; actual support handoff and contributions are unclaimed.,PKG-09_Candidate examination and connected journeys/1_Working/DEL-09-01_Candidate examination infrastructure and evidence protocol/Dependencies.csv,96ea447bba37f1225d305569226e822123ab52d9aa2e2e5c8f48e5200e5352f9,21,SR-1;SR-2;SR-3(all canonical types);SR-4(no cut/merge ruling);SR-5(not applied);SR-6;SR-7(held),SCC_UNRESOLVED,SCC-003,_DAG/cases/SCC-CASE-003,Identify usable examination-support interfaces and the actual package/configuration/signing/entitlement evidence for native smoke and packaged-witness reliance; support definition may proceed before actual native evidence.
v3.1,DEP-02-01-026,PKG-02,DEL-02-01,Portable workflow contract and shared allocation,EXECUTION,NOT_APPLICABLE,UPSTREAM,INTERFACE,DELIVERABLE,PKG-02,DEL-02-03,,Workflow execution compatibility and round-trip support,projects/chirality-app-v4/execution/PKG-02_Workflow and role portability/1_Working/DEL-02-03_Workflow execution compatibility and round-trip support,"Receive DEL-02-03's statement of the current checkpoint phase and, for the governance phase, its hold-support values; this contract consumes and does not define them.",ScopeOfWork.md,ScopeOfWork.md#Completion and Reliance Basis — Epistemology/TBD-004,"This contract consumes `DEL-02-03`'s statement of the current phase and, for the governance phase, its hold-support values; it does not define them.",EXPLICIT,INITIALIZED,,PENDING,HIGH,EXTRACTED,2026-09-29T14:35:26+00:00,2026-10-04T01:14:27+00:00,ACTIVE,FACT: added by SCA-V4-001 TBD-004 (APP-V4-SWBPIPE-INTAKE-20260928-DECISION-4 D4-1). Hold-support values apply only to the governance phase; point of need is before any checkpoint is claimed held. The owner decision on when a workflow needs enforced checkpoints is not extracted as a separate row (no stable ID; not a gate on local definition). INITIALIZED is only the local contract threshold; receipt unclaimed.,PKG-02_Workflow and role portability/1_Working/DEL-02-01_Portable workflow contract and shared allocation/Dependencies.csv,99db38e1e55e04aac0c8b207b98b423d21b9133cf271d67d5c202088454741d4,26,SR-1;SR-2;SR-3(all canonical types);SR-4(no cut/merge ruling);SR-5(not applied);SR-6;SR-7(held),SCC_UNRESOLVED,SCC-002,_DAG/cases/SCC-CASE-002,"Identify and compare actual portable/native/workspace, C/P/catalog, policy-record, role and host receiving versions; preserve actual trace production separately from OI-003 owner ruling and host/person acts. Future/post30 input-specific work; see continuing CASE-002 and retained CASE-004 history."
v3.1,DEP-02-01-017,PKG-02,DEL-02-01,Portable workflow contract and shared allocation,EXECUTION,NOT_APPLICABLE,UPSTREAM,INTERFACE,DELIVERABLE,PKG-03,DEL-03-01,,Capability catalog and read-basis contract,projects/chirality-app-v4/execution/PKG-03_Host capability and operation contracts/1_Working/DEL-03-01_Capability catalog and read-basis contract,Receive open capability-catalog tool descriptors for OUT-002 required-tool declarations and VER-002 comparison; wire fields remain with the capability-contract owner.,ScopeOfWork.md,ScopeOfWork.md#Deliverable Definition — Ontology/OUT-002; Completion and Reliance Basis — Epistemology/REQ-002; Deliverable Definition — Ontology/CLM-002,The contract consumes open tool descriptors from the capability-catalog owner without inventing that owner's wire fields.,EXPLICIT,INITIALIZED,,PENDING,HIGH,EXTRACTED,2026-09-28T03:09:04+00:00,2026-10-04T01:14:27+00:00,ACTIVE,"FACT: Supplier resolved by CLM-002; consumed descriptors, not ownership inventory, support this edge. INITIALIZED is only the local contract threshold; the specified technical contribution must actually be received at its point of need; receipt and compatibility are unclaimed. UPDATE 20260929: revised REQ-002 now names DEL-03-01 directly for host-operation capability meaning; edge unchanged.",PKG-02_Workflow and role portability/1_Working/DEL-02-01_Portable workflow contract and shared allocation/Dependencies.csv,99db38e1e55e04aac0c8b207b98b423d21b9133cf271d67d5c202088454741d4,17,SR-1;SR-2;SR-3(all canonical types);SR-4(no cut/merge ruling);SR-5(not applied);SR-6;SR-7(held),SCC_UNRESOLVED,SCC-002,_DAG/cases/SCC-CASE-002,"Identify and compare actual portable/native/workspace, C/P/catalog, policy-record, role and host receiving versions; preserve actual trace production separately from OI-003 owner ruling and host/person acts. Future/post30 input-specific work; see continuing CASE-002 and retained CASE-004 history."
v3.1,DEP-02-01-029,PKG-02,DEL-02-01,Portable workflow contract and shared allocation,EXECUTION,NOT_APPLICABLE,UPSTREAM,INTERFACE,DELIVERABLE,PKG-03,DEL-03-02,,"Proposal, validation and outcome contract","projects/chirality-app-v4/execution/PKG-03_Host capability and operation contracts/1_Working/DEL-03-02_Proposal, validation and outcome contract","Receive DEL-03-02's change-item content identities, per-item dispositions, all-items-decided indication, item-left events and applied-outcome object identities for checkpoint subject binding and item-level decisions; this contract consumes and does not define them.",ScopeOfWork.md,ScopeOfWork.md#Deliverable Definition — Ontology/CLM-002,"Checkpoint subject binding and item-level decisions consume `DEL-03-02`'s change-item content identities, per-item dispositions, all-items-decided indication, item-left events and applied-outcome object identities; this contract does not define them.",EXPLICIT,INITIALIZED,,PENDING,HIGH,EXTRACTED,2026-09-30T02:33:47+00:00,2026-10-04T01:14:27+00:00,ACTIVE,"FACT: added by SCA-V4-002 revision of CLM-002 (SOW_REVISIONS F-0201-01; APP-V4-BASIS-ALIGN-20260928-DECISION-10 routed this consumption statement to the amendment). Positive consumption statement (""consume ...; this contract does not define them""), not the CLM-002/REQ-006 ownership clause, which alone remains a non-edge. Current-phase inputs only; the governance-phase governing checkpoint constraint stays in the ownership clause and is not extracted. INITIALIZED is only the local contract threshold; receipt and compatibility are unclaimed.",PKG-02_Workflow and role portability/1_Working/DEL-02-01_Portable workflow contract and shared allocation/Dependencies.csv,99db38e1e55e04aac0c8b207b98b423d21b9133cf271d67d5c202088454741d4,29,SR-1;SR-2;SR-3(all canonical types);SR-4(no cut/merge ruling);SR-5(not applied);SR-6;SR-7(held),SCC_UNRESOLVED,SCC-002,_DAG/cases/SCC-CASE-002,"Identify and compare actual portable/native/workspace, C/P/catalog, policy-record, role and host receiving versions; preserve actual trace production separately from OI-003 owner ruling and host/person acts. Future/post30 input-specific work; see continuing CASE-002 and retained CASE-004 history."
v3.1,DEP-02-01-019,PKG-02,DEL-02-01,Portable workflow contract and shared allocation,EXECUTION,NOT_APPLICABLE,UPSTREAM,INTERFACE,DELIVERABLE,PKG-04,DEL-04-03,,Content-bound decisions and compact run records,"projects/chirality-app-v4/execution/PKG-04_Human acts, autonomy and run evidence/1_Working/DEL-04-03_Content-bound decisions and compact run records","Receive human-act/run record semantics carrying each act's actor, subject and supporting evidence for checkpoint declarations and record-interface examples; actual recorded acts remain separately evidenced.",ScopeOfWork.md,ScopeOfWork.md#Completion and Reliance Basis — Epistemology/REQ-003; Deliverable Definition — Ontology/CLM-002,"Each act retains its actor, subject and supporting evidence through the PKG-04 receiving contract;",EXPLICIT,INITIALIZED,,PENDING,HIGH,EXTRACTED,2026-09-28T03:09:04+00:00,2026-10-04T01:14:27+00:00,ACTIVE,"FACT: CLM-002 resolves record-field ownership; this row consumes record semantics separately from DEL-04-01 distinctions, with no synthetic prerequisite between human acts. INITIALIZED is only the local contract threshold; the specified technical contribution must actually be received at its point of need; receipt and compatibility are unclaimed.",PKG-02_Workflow and role portability/1_Working/DEL-02-01_Portable workflow contract and shared allocation/Dependencies.csv,99db38e1e55e04aac0c8b207b98b423d21b9133cf271d67d5c202088454741d4,19,SR-1;SR-2;SR-3(all canonical types);SR-4(no cut/merge ruling);SR-5(not applied);SR-6;SR-7(held),SCC_UNRESOLVED,SCC-002,_DAG/cases/SCC-CASE-002,"Identify and compare actual portable/native/workspace, C/P/catalog, policy-record, role and host receiving versions; preserve actual trace production separately from OI-003 owner ruling and host/person acts. Future/post30 input-specific work; see continuing CASE-002 and retained CASE-004 history."
v3.1,DEP-02-01-020,PKG-02,DEL-02-01,Portable workflow contract and shared allocation,EXECUTION,NOT_APPLICABLE,UPSTREAM,INTERFACE,DELIVERABLE,PKG-05,DEL-05-01,,Minimal-loop and model receiving contract,projects/chirality-app-v4/execution/PKG-05_Embedded-host receiving integration/1_Working/DEL-05-01_Minimal-loop and model receiving contract,Receive minimal-loop consumer requirements to define the portable contract and responsibility/allocation map against concrete host receiving needs.,ScopeOfWork.md,ScopeOfWork.md#Production and Verification Method — Praxeology/opening paragraph; Deliverable Definition — Ontology/CLM-002,"Receive catalog descriptors, record semantics and host consumer needs from the
owners in CLM-002 and CLM-003.",EXPLICIT,INITIALIZED,,PENDING,HIGH,EXTRACTED,2026-09-28T03:09:04+00:00,2026-10-04T01:14:27+00:00,ACTIVE,FACT: Positive receiving statement resolves through CLM-002 to the minimal-loop requirement owner; common-loop construction and placement are not assigned here. INITIALIZED is only the local contract threshold; the specified technical contribution must actually be received at its point of need; receipt and compatibility are unclaimed.,PKG-02_Workflow and role portability/1_Working/DEL-02-01_Portable workflow contract and shared allocation/Dependencies.csv,99db38e1e55e04aac0c8b207b98b423d21b9133cf271d67d5c202088454741d4,20,SR-1;SR-2;SR-3(all canonical types);SR-4(no cut/merge ruling);SR-5(not applied);SR-6;SR-7(held),SCC_UNRESOLVED,SCC-002,_DAG/cases/SCC-CASE-002,"Identify and compare actual portable/native/workspace, C/P/catalog, policy-record, role and host receiving versions; preserve actual trace production separately from OI-003 owner ruling and host/person acts. Future/post30 input-specific work; see continuing CASE-002 and retained CASE-004 history."
v3.1,DEP-02-01-021,PKG-02,DEL-02-01,Portable workflow contract and shared allocation,EXECUTION,NOT_APPLICABLE,UPSTREAM,INTERFACE,DELIVERABLE,PKG-05,DEL-05-02,,Host panel and shared interaction receiving,projects/chirality-app-v4/execution/PKG-05_Embedded-host receiving integration/1_Working/DEL-05-02_Host panel and shared interaction receiving,Receive host-panel consumer requirements to define the portable contract and responsibility/allocation map against concrete panel receiving needs.,ScopeOfWork.md,ScopeOfWork.md#Production and Verification Method — Praxeology/opening paragraph; Deliverable Definition — Ontology/CLM-002,"Receive catalog descriptors, record semantics and host consumer needs from the
owners in CLM-002 and CLM-003.",EXPLICIT,INITIALIZED,,PENDING,HIGH,EXTRACTED,2026-09-28T03:09:04+00:00,2026-10-04T01:14:27+00:00,ACTIVE,FACT: Positive receiving statement resolves through CLM-002 to the host-panel requirement owner; host-specific panel construction remains external. INITIALIZED is only the local contract threshold; the specified technical contribution must actually be received at its point of need; receipt and compatibility are unclaimed.,PKG-02_Workflow and role portability/1_Working/DEL-02-01_Portable workflow contract and shared allocation/Dependencies.csv,99db38e1e55e04aac0c8b207b98b423d21b9133cf271d67d5c202088454741d4,21,SR-1;SR-2;SR-3(all canonical types);SR-4(no cut/merge ruling);SR-5(not applied);SR-6;SR-7(held),SCC_UNRESOLVED,SCC-002,_DAG/cases/SCC-CASE-002,"Identify and compare actual portable/native/workspace, C/P/catalog, policy-record, role and host receiving versions; preserve actual trace production separately from OI-003 owner ruling and host/person acts. Future/post30 input-specific work; see continuing CASE-002 and retained CASE-004 history."
v3.1,DEP-02-02-013,PKG-02,DEL-02-02,Workflow-making workspace and registration,EXECUTION,NOT_APPLICABLE,UPSTREAM,INTERFACE,DELIVERABLE,PKG-01,DEL-01-04,,"Native requests, outcomes and attachments","projects/chirality-app-v4/execution/PKG-01_Native App and third-party harness integration/1_Working/DEL-01-04_Native requests, outcomes and attachments","Receive native requests, outcomes, attachments, the draft-UI receiving interface and the App act control that captures registration (with its capture evidence) from DEL-01-04; actual supplied content and native transitions remain required, and the person performs the registration act.",ScopeOfWork.md,ScopeOfWork.md#Deliverable Definition — Ontology; CLM-002 (revised under SCA-V4-003 G-0202-01); Completion and Reliance Basis — Epistemology; REQ-002 (G-0202-05),DEL-02-02 consumes these inputs and retains workflow-making integration responsibility.,EXPLICIT,INITIALIZED,,TBD,HIGH,EXTRACTED,2026-09-27,2026-10-04T01:14:27+00:00,ACTIVE,"FACT: explicit local source information flow. INITIALIZED requires a checked local contract only; the stated technical contribution and its actual receipt/use remain unverified. UPDATE 20261003 (SCA-V4-003 DX): SC3-02-02-6 (F0 ST-2): Statement extended with the App act control and capture evidence (CLM-002; REQ-002 ""Explicit registration is performed by the person through the App act control of `DEL-01-04`""). Pairs with DEP-01-04-010. Quote unchanged and verbatim. Identity, direction, type, target, maturity and closure unchanged; existing held arc.",PKG-02_Workflow and role portability/1_Working/DEL-02-02_Workflow-making workspace and registration/Dependencies.csv,a97be837fd0dfe9c6dc2b402876e6454130a68da288b68d6c0d1abf4b0806c62,13,SR-1;SR-2;SR-3(all canonical types);SR-4(no cut/merge ruling);SR-5(not applied);SR-6;SR-7(held),SCC_UNRESOLVED,SCC-002,_DAG/cases/SCC-CASE-002,"Identify and compare actual portable/native/workspace, C/P/catalog, policy-record, role and host receiving versions; preserve actual trace production separately from OI-003 owner ruling and host/person acts. Future/post30 input-specific work; see continuing CASE-002 and retained CASE-004 history."
v3.1,DEP-02-02-014,PKG-02,DEL-02-02,Workflow-making workspace and registration,EXECUTION,NOT_APPLICABLE,UPSTREAM,INTERFACE,DELIVERABLE,PKG-02,DEL-02-01,,Portable workflow contract and shared allocation,projects/chirality-app-v4/execution/PKG-02_Workflow and role portability/1_Working/DEL-02-01_Portable workflow contract and shared allocation,Receive the portable declaration and shared-allocation contract from DEL-02-01 to define receiving joins before dependent behavior; preserve unresolved placement rather than presume common construction.,ScopeOfWork.md,ScopeOfWork.md#Deliverable Definition — Ontology; CLM-003; Production and Verification Method — Praxeology,"Their inputs remain explicit, while this deliverable owns their standalone workspace join.",EXPLICIT,INITIALIZED,,TBD,HIGH,EXTRACTED,2026-09-27,2026-10-04T01:14:27+00:00,ACTIVE,FACT: explicit local source information flow. INITIALIZED requires a checked local contract only; the stated technical contribution and its actual receipt/use remain unverified. ,PKG-02_Workflow and role portability/1_Working/DEL-02-02_Workflow-making workspace and registration/Dependencies.csv,a97be837fd0dfe9c6dc2b402876e6454130a68da288b68d6c0d1abf4b0806c62,14,SR-1;SR-2;SR-3(all canonical types);SR-4(no cut/merge ruling);SR-5(not applied);SR-6;SR-7(held),SCC_UNRESOLVED,SCC-002,_DAG/cases/SCC-CASE-002,"Identify and compare actual portable/native/workspace, C/P/catalog, policy-record, role and host receiving versions; preserve actual trace production separately from OI-003 owner ruling and host/person acts. Future/post30 input-specific work; see continuing CASE-002 and retained CASE-004 history."
v3.1,DEP-02-02-015,PKG-02,DEL-02-02,Workflow-making workspace and registration,EXECUTION,NOT_APPLICABLE,UPSTREAM,INTERFACE,DELIVERABLE,PKG-02,DEL-02-03,,Workflow execution compatibility and round-trip support,projects/chirality-app-v4/execution/PKG-02_Workflow and role portability/1_Working/DEL-02-03_Workflow execution compatibility and round-trip support,"Receive capability/checkpoint execution and round-trip support from DEL-02-03 for the standalone workspace join, preserving missing capability, required checkpoint and unknown-outcome conditions; for each run DEL-02-03 starts, this workspace composes the run-start text (and the App-written run-end line), records its content identity and checks it against Codex's history.",ScopeOfWork.md,ScopeOfWork.md#Deliverable Definition — Ontology; CLM-003 (revised under SCA-V4-003 G-0202-02); Completion and Reliance Basis — Epistemology; REQ-005,"Their inputs remain explicit, while this deliverable owns their standalone workspace join.",EXPLICIT,INITIALIZED,,TBD,HIGH,EXTRACTED,2026-09-27,2026-10-04T01:14:27+00:00,ACTIVE,"FACT: explicit local source information flow. INITIALIZED requires a checked local contract only; the stated technical contribution and its actual receipt/use remain unverified. External host execution remains with its external host owner; local receiving fixtures are not a live external round-trip claim or blanket standalone gate. UPDATE 20261003 (SCA-V4-003 DX): SC3-02-02-9 (D5 R2.4): Statement extended with the run-start text, its identity and the supply check (CLM-003). Quote unchanged and verbatim. Identity, direction, type, target, maturity and closure unchanged; existing held arc.",PKG-02_Workflow and role portability/1_Working/DEL-02-02_Workflow-making workspace and registration/Dependencies.csv,a97be837fd0dfe9c6dc2b402876e6454130a68da288b68d6c0d1abf4b0806c62,15,SR-1;SR-2;SR-3(all canonical types);SR-4(no cut/merge ruling);SR-5(not applied);SR-6;SR-7(held),SCC_UNRESOLVED,SCC-002,_DAG/cases/SCC-CASE-002,"Identify and compare actual portable/native/workspace, C/P/catalog, policy-record, role and host receiving versions; preserve actual trace production separately from OI-003 owner ruling and host/person acts. Future/post30 input-specific work; see continuing CASE-002 and retained CASE-004 history."
v3.1,DEP-02-02-017,PKG-02,DEL-02-02,Workflow-making workspace and registration,EXECUTION,NOT_APPLICABLE,UPSTREAM,INTERFACE,DELIVERABLE,PKG-04,DEL-04-03,,Content-bound decisions and compact run records,"projects/chirality-app-v4/execution/PKG-04_Human acts, autonomy and run evidence/1_Working/DEL-04-03_Content-bound decisions and compact run records","Receive content-bound decision and compact run-record behavior from DEL-04-03, including the record kind for the registration act (A15) bound to the exact reviewed content, for truthful review/registration presentation binding actual actor, content, scope and purpose.",ScopeOfWork.md,ScopeOfWork.md#Completion and Reliance Basis — Epistemology; REQ-005; Deliverable Definition — Ontology; CLM-004,"The workspace shall receive declaration, capability/checkpoint and content-bound record behavior through CLM-003 and CLM-004.",EXPLICIT,INITIALIZED,,TBD,HIGH,EXTRACTED,2026-09-27,2026-10-04T01:14:27+00:00,ACTIVE,"FACT: explicit local source information flow. INITIALIZED requires a checked local contract only; the stated technical contribution and its actual receipt/use remain unverified. Records do not create human acts; host-supplied receipts and actual acts retain their own source and evidence. UPDATE 20261003 (SCA-V4-003 DX): SC3-02-02-7 (F0 ST-3; pass-2 C1-A note B4 §7): Statement names A15 and its run-record (RS) kind. Note on wording: ""A15"" (register workflow revision) is the act-kind label DEL-01-04 REQ-008 and the accepted ledger use; this ScopeOfWork describes the act (the person's explicit registration through DEL-01-04's App act control, bound to the exact reviewed content) without the label. Quote unchanged and verbatim. Identity, direction, type, target, maturity and closure unchanged.",PKG-02_Workflow and role portability/1_Working/DEL-02-02_Workflow-making workspace and registration/Dependencies.csv,a97be837fd0dfe9c6dc2b402876e6454130a68da288b68d6c0d1abf4b0806c62,17,SR-1;SR-2;SR-3(all canonical types);SR-4(no cut/merge ruling);SR-5(not applied);SR-6;SR-7(held),SCC_UNRESOLVED,SCC-002,_DAG/cases/SCC-CASE-002,"Identify and compare actual portable/native/workspace, C/P/catalog, policy-record, role and host receiving versions; preserve actual trace production separately from OI-003 owner ruling and host/person acts. Future/post30 input-specific work; see continuing CASE-002 and retained CASE-004 history."
v3.1,DEP-02-03-027,PKG-02,DEL-02-03,Workflow execution compatibility and round-trip support,EXECUTION,NOT_APPLICABLE,UPSTREAM,INTERFACE,DELIVERABLE,PKG-01,DEL-01-04,,"Native requests, outcomes and attachments","projects/chirality-app-v4/execution/PKG-01_Native App and third-party harness integration/1_Working/DEL-01-04_Native requests, outcomes and attachments","Consume DEL-01-04's App act control (person identity as APP-V4-DESIGN-PASS-2-20260930-DECISION-K1 K1-4 sets it) for the App-side positive capture fixtures (OUT-003, VER-003), which await that later undertaking; this slice does not construct the control.",ScopeOfWork.md,ScopeOfWork.md#Deliverable Definition — Ontology/CLM-002 (revised under SCA-V4-003 G-0203-05),"`DEL-01-04`'s App act control, which records the person's identity as `APP-V4-DESIGN-PASS-2-20260930-DECISION-K1` K1-4 sets it, for the App-side positive capture fixtures (OUT-003, VER-003),",EXPLICIT,INITIALIZED,,TBD,HIGH,EXTRACTED,2026-09-30T02:35:46+00:00,2026-10-04T01:14:27+00:00,ACTIVE,"FACT: added by SCA-V4-002 revision of CLM-002 (SOW_REVISIONS F-0203-01). The clause sits in the sentence ""This slice consumes, and does not define: ..."". Narrow input: only the App-side positive capture fixtures (OUT-003, VER-003) wait for it; definition work and the negative/absent-act cases proceed. DEL-01-04 is a later undertaking (APP-V4-FIRST-INCREMENT-20260928-DECISION-1 D1) per CLM-002; the CLM-002/REQ-006 ownership clauses for its construction alone remain non-edges. RequiredMaturity=INITIALIZED is local contract maturity only; the constructed control must actually be received before those fixtures run. UPDATE 20261003 (SCA-V4-003 DX): R2-02-03-j: Statement and quote refreshed (""App act control and person identity"" → ""App act control (person identity as K1-4 sets it)""); the prior quote no longer occurs. DEL-01-04 now mirrors this row (its REQ-008 names DEL-02-03 as user). Identity, direction, type, target, maturity and closure unchanged; existing held arc.",PKG-02_Workflow and role portability/1_Working/DEL-02-03_Workflow execution compatibility and round-trip support/Dependencies.csv,a80b1e31a963a437f9edab021a065e9f86bea9328b86d9d981c654e53c428549,27,SR-1;SR-2;SR-3(all canonical types);SR-4(no cut/merge ruling);SR-5(not applied);SR-6;SR-7(held),SCC_UNRESOLVED,SCC-002,_DAG/cases/SCC-CASE-002,"Identify and compare actual portable/native/workspace, C/P/catalog, policy-record, role and host receiving versions; preserve actual trace production separately from OI-003 owner ruling and host/person acts. Future/post30 input-specific work; see continuing CASE-002 and retained CASE-004 history."
v3.1,DEP-02-03-009,PKG-02,DEL-02-03,Workflow execution compatibility and round-trip support,EXECUTION,NOT_APPLICABLE,UPSTREAM,INTERFACE,DELIVERABLE,PKG-02,DEL-02-01,,Portable workflow contract and shared allocation,projects/chirality-app-v4/execution/PKG-02_Workflow and role portability/1_Working/DEL-02-01_Portable workflow contract and shared allocation,Receive the portable workflow/role/checkpoint declarations and shared-allocation contract for selected-workflow execution and transfer.,ScopeOfWork.md,ScopeOfWork.md#Deliverable Definition — Ontology/CLM-001,This slice receives those contracts and preserves selected identity during execution and transfer.,EXPLICIT,INITIALIZED,,TBD,HIGH,EXTRACTED,2026-09-27,2026-10-04T01:14:27+00:00,ACTIVE,FACT: source-stated relationship. RequiredMaturity=INITIALIZED is local contract maturity only; the stated technical input or handoff remains unverified. CLM-001 explicitly identifies DEL-02-01 and DEL-02-02 as the two contract sources; OUT-001 positively consumes portable declarations.,PKG-02_Workflow and role portability/1_Working/DEL-02-03_Workflow execution compatibility and round-trip support/Dependencies.csv,a80b1e31a963a437f9edab021a065e9f86bea9328b86d9d981c654e53c428549,9,SR-1;SR-2;SR-3(all canonical types);SR-4(no cut/merge ruling);SR-5(not applied);SR-6;SR-7(held),SCC_UNRESOLVED,SCC-002,_DAG/cases/SCC-CASE-002,"Identify and compare actual portable/native/workspace, C/P/catalog, policy-record, role and host receiving versions; preserve actual trace production separately from OI-003 owner ruling and host/person acts. Future/post30 input-specific work; see continuing CASE-002 and retained CASE-004 history."
v3.1,DEP-02-03-010,PKG-02,DEL-02-03,Workflow execution compatibility and round-trip support,EXECUTION,NOT_APPLICABLE,UPSTREAM,INTERFACE,DELIVERABLE,PKG-02,DEL-02-02,,Workflow-making workspace and registration,projects/chirality-app-v4/execution/PKG-02_Workflow and role portability/1_Working/DEL-02-02_Workflow-making workspace and registration,"Receive the workflow-making, reviewed-registration and source-qualified selection contract, and the run-start text (and App-written run-end line) DEL-02-02 composes for each run this slice starts, with its content identity and supply-check record; route host-origin changed drafts through its existing receiving interface.",ScopeOfWork.md,ScopeOfWork.md#Completion and Reliance Basis — Epistemology/REQ-005; Deliverable Definition — Ontology/CLM-001,routing changed drafts through the existing reviewed-registration contract.,EXPLICIT,INITIALIZED,,TBD,HIGH,EXTRACTED,2026-09-27,2026-10-04T01:14:27+00:00,ACTIVE,"FACT: source-stated relationship. RequiredMaturity=INITIALIZED is local contract maturity only; the stated technical input or handoff remains unverified. CLM-001 explicitly identifies DEL-02-02 as owner and says this slice receives those contracts; this is one bidirectional receiving interface recorded UPSTREAM for its contract input. UPDATE 20261003 (SCA-V4-003 DX): SC3-02-02-9 (D5 R2.4): Statement extended with the run-start text, its identity and supply check, which DEL-02-02's revised CLM-003 states DEL-02-03 receives; this register's own SoW does not restate it, so the extension rests on that paired ledger row and is noted here. Quote unchanged and verbatim. Identity, direction, type, target, maturity and closure unchanged.",PKG-02_Workflow and role portability/1_Working/DEL-02-03_Workflow execution compatibility and round-trip support/Dependencies.csv,a80b1e31a963a437f9edab021a065e9f86bea9328b86d9d981c654e53c428549,10,SR-1;SR-2;SR-3(all canonical types);SR-4(no cut/merge ruling);SR-5(not applied);SR-6;SR-7(held),SCC_UNRESOLVED,SCC-002,_DAG/cases/SCC-CASE-002,"Identify and compare actual portable/native/workspace, C/P/catalog, policy-record, role and host receiving versions; preserve actual trace production separately from OI-003 owner ruling and host/person acts. Future/post30 input-specific work; see continuing CASE-002 and retained CASE-004 history."
v3.1,DEP-02-03-011,PKG-02,DEL-02-03,Workflow execution compatibility and round-trip support,EXECUTION,NOT_APPLICABLE,UPSTREAM,INTERFACE,DELIVERABLE,PKG-03,DEL-03-01,,Capability catalog and read-basis contract,projects/chirality-app-v4/execution/PKG-03_Host capability and operation contracts/1_Working/DEL-03-01_Capability catalog and read-basis contract,Consume the capability/catalog semantics contract to interpret current-host capability information for required-tool checks; actual host capability evidence remains separately required.,ScopeOfWork.md,ScopeOfWork.md#Deliverable Definition — Ontology/OUT-001 and CLM-002; Completion and Reliance Basis — Epistemology/REQ-001,"It consumes portable declarations, current-host capabilities and actual act evidence through the named interfaces",EXPLICIT,INITIALIZED,,TBD,HIGH,EXTRACTED,2026-09-27,2026-10-04T01:14:27+00:00,ACTIVE,FACT: source-stated relationship. RequiredMaturity=INITIALIZED is local contract maturity only; the stated technical input or handoff remains unverified. CLM-002 resolves capability/catalog semantics to DEL-03-01; the external host owns its actual implementation and observations.,PKG-02_Workflow and role portability/1_Working/DEL-02-03_Workflow execution compatibility and round-trip support/Dependencies.csv,a80b1e31a963a437f9edab021a065e9f86bea9328b86d9d981c654e53c428549,11,SR-1;SR-2;SR-3(all canonical types);SR-4(no cut/merge ruling);SR-5(not applied);SR-6;SR-7(held),SCC_UNRESOLVED,SCC-002,_DAG/cases/SCC-CASE-002,"Identify and compare actual portable/native/workspace, C/P/catalog, policy-record, role and host receiving versions; preserve actual trace production separately from OI-003 owner ruling and host/person acts. Future/post30 input-specific work; see continuing CASE-002 and retained CASE-004 history."
v3.1,DEP-02-03-025,PKG-02,DEL-02-03,Workflow execution compatibility and round-trip support,EXECUTION,NOT_APPLICABLE,UPSTREAM,INTERFACE,DELIVERABLE,PKG-03,DEL-03-02,,"Proposal, validation and outcome contract","projects/chirality-app-v4/execution/PKG-03_Host capability and operation contracts/1_Working/DEL-03-02_Proposal, validation and outcome contract","Consume DEL-03-02's per-item dispositions, item-left events, all-items-decided indication, change-item content identities and applied outcomes with their resulting objects for checkpoint recording and interrupted or replayed history (REQ-002, REQ-003); this slice does not define them.",ScopeOfWork.md,ScopeOfWork.md#Deliverable Definition — Ontology/CLM-002,"`DEL-03-02`'s per-item dispositions, item-left events, all-items-decided indication, change-item content identities and applied outcomes with their resulting objects, for checkpoint recording and interrupted or replayed history",EXPLICIT,INITIALIZED,,TBD,HIGH,EXTRACTED,2026-09-30T02:35:46+00:00,2026-10-04T01:14:27+00:00,ACTIVE,"FACT: added by SCA-V4-002 revision of CLM-002 (SOW_REVISIONS F-0203-01; APP-V4-BASIS-ALIGN-20260928-DECISION-10 routed this consumption statement). Positive consumption statement (""consumes, and does not define""), not the CLM-002/REQ-006 ownership clause, which alone remains a non-edge. The quoted clause continues ""for checkpoint recording and interrupted or replayed history (REQ-002, REQ-003)"". RequiredMaturity=INITIALIZED is local contract maturity only; receipt is unverified. UPDATE 20261003 (SCA-V4-003 DX): Re-quoted in place: CLM-002 now inserts the DEL-01-02 clause after ""This slice consumes, and does not define:"", so the prior quote no longer occurs; the DEL-03-02 clause itself is unchanged. Identity, direction, type, target, maturity and closure unchanged.",PKG-02_Workflow and role portability/1_Working/DEL-02-03_Workflow execution compatibility and round-trip support/Dependencies.csv,a80b1e31a963a437f9edab021a065e9f86bea9328b86d9d981c654e53c428549,25,SR-1;SR-2;SR-3(all canonical types);SR-4(no cut/merge ruling);SR-5(not applied);SR-6;SR-7(held),SCC_UNRESOLVED,SCC-002,_DAG/cases/SCC-CASE-002,"Identify and compare actual portable/native/workspace, C/P/catalog, policy-record, role and host receiving versions; preserve actual trace production separately from OI-003 owner ruling and host/person acts. Future/post30 input-specific work; see continuing CASE-002 and retained CASE-004 history."
v3.1,DEP-02-03-026,PKG-02,DEL-02-03,Workflow execution compatibility and round-trip support,EXECUTION,NOT_APPLICABLE,UPSTREAM,INTERFACE,DELIVERABLE,PKG-03,DEL-03-03,,Local external-agent receiving adapter,projects/chirality-app-v4/execution/PKG-03_Host capability and operation contracts/1_Working/DEL-03-03_Local external-agent receiving adapter,"Consume DEL-03-03's observations of checkpoint arrivals and act records on the external channel, which this slice records (REQ-002, REQ-003); this slice does not define the external-channel receiving.",ScopeOfWork.md,ScopeOfWork.md#Deliverable Definition — Ontology/CLM-002,"`DEL-03-03`'s observations of checkpoint arrivals and act records on the external channel, which this slice records (REQ-002, REQ-003);",EXPLICIT,INITIALIZED,,TBD,HIGH,EXTRACTED,2026-09-30T02:35:46+00:00,2026-10-04T01:14:27+00:00,ACTIVE,"FACT: added by SCA-V4-002 revision of CLM-002 (SOW_REVISIONS F-0203-01). The clause sits in the sentence ""This slice consumes, and does not define: ...""; the CLM-002 ownership clause for DEL-03-03 (external-channel receiving and governance-phase carriage assurance) alone remains a non-edge. Current-phase recording input; carriage assurance is governance phase and not extracted. RequiredMaturity=INITIALIZED is local contract maturity only; receipt is unverified.",PKG-02_Workflow and role portability/1_Working/DEL-02-03_Workflow execution compatibility and round-trip support/Dependencies.csv,a80b1e31a963a437f9edab021a065e9f86bea9328b86d9d981c654e53c428549,26,SR-1;SR-2;SR-3(all canonical types);SR-4(no cut/merge ruling);SR-5(not applied);SR-6;SR-7(held),SCC_UNRESOLVED,SCC-002,_DAG/cases/SCC-CASE-002,"Identify and compare actual portable/native/workspace, C/P/catalog, policy-record, role and host receiving versions; preserve actual trace production separately from OI-003 owner ruling and host/person acts. Future/post30 input-specific work; see continuing CASE-002 and retained CASE-004 history."
v3.1,DEP-02-03-029,PKG-02,DEL-02-03,Workflow execution compatibility and round-trip support,EXECUTION,NOT_APPLICABLE,UPSTREAM,INTERFACE,DELIVERABLE,PKG-04,DEL-04-02,,Visible autonomy and result standing,"projects/chirality-app-v4/execution/PKG-04_Human acts, autonomy and run evidence/1_Working/DEL-04-02_Visible autonomy and result standing","Consume DEL-04-02's grant display states (including set by person, not yet confirmed; unconfirmed; refused) for recording A12 checkpoints (REQ-002, REQ-003); this slice does not define them.",ScopeOfWork.md,"ScopeOfWork.md#Deliverable Definition — Ontology/CLM-002 (consumption list, revised under SCA-V4-003 G-0203-04)","`DEL-04-02`'s grant display states (including *set by person, not yet confirmed*, *unconfirmed* and *refused*), for recording A12 checkpoints (REQ-002, REQ-003);",EXPLICIT,INITIALIZED,,TBD,HIGH,EXTRACTED,2026-10-04T01:14:27+00:00,2026-10-04T01:14:27+00:00,ACTIVE,FACT: consumer-side row added by SCA-V4-003 (SC2-02-03-3); mirror of DEP-04-02-023 on an existing held arc (ledger R2-02-03-a); no topology change. INITIALIZED is local contract maturity only.,PKG-02_Workflow and role portability/1_Working/DEL-02-03_Workflow execution compatibility and round-trip support/Dependencies.csv,a80b1e31a963a437f9edab021a065e9f86bea9328b86d9d981c654e53c428549,29,SR-1;SR-2;SR-3(all canonical types);SR-4(no cut/merge ruling);SR-5(not applied);SR-6;SR-7(held),SCC_UNRESOLVED,SCC-002,_DAG/cases/SCC-CASE-002,"Identify and compare actual portable/native/workspace, C/P/catalog, policy-record, role and host receiving versions; preserve actual trace production separately from OI-003 owner ruling and host/person acts. Future/post30 input-specific work; see continuing CASE-002 and retained CASE-004 history."
v3.1,DEP-02-03-013,PKG-02,DEL-02-03,Workflow execution compatibility and round-trip support,EXECUTION,NOT_APPLICABLE,UPSTREAM,INTERFACE,DELIVERABLE,PKG-04,DEL-04-03,,Content-bound decisions and compact run records,"projects/chirality-app-v4/execution/PKG-04_Human acts, autonomy and run evidence/1_Working/DEL-04-03_Content-bound decisions and compact run records",Receive the content/scope/purpose act-binding and run-record format to faithfully record actual checkpoint acts and content-change lapse.,ScopeOfWork.md,ScopeOfWork.md#Completion and Reliance Basis — Epistemology/REQ-003; Deliverable Definition — Ontology/CLM-002,"Receive and faithfully record evidence of an actually performed checkpoint act using PKG-04's content/scope/purpose binding,",EXPLICIT,INITIALIZED,,TBD,HIGH,EXTRACTED,2026-09-27,2026-10-04T01:14:27+00:00,ACTIVE,FACT: source-stated relationship. RequiredMaturity=INITIALIZED is local contract maturity only; the stated technical input or handoff remains unverified. CLM-002 identifies DEL-04-03 as record-format/writer-reader owner; VER-003 positively uses its format. Actual human performance and receipt evidence remain distinct from this format input.,PKG-02_Workflow and role portability/1_Working/DEL-02-03_Workflow execution compatibility and round-trip support/Dependencies.csv,a80b1e31a963a437f9edab021a065e9f86bea9328b86d9d981c654e53c428549,13,SR-1;SR-2;SR-3(all canonical types);SR-4(no cut/merge ruling);SR-5(not applied);SR-6;SR-7(held),SCC_UNRESOLVED,SCC-002,_DAG/cases/SCC-CASE-002,"Identify and compare actual portable/native/workspace, C/P/catalog, policy-record, role and host receiving versions; preserve actual trace production separately from OI-003 owner ruling and host/person acts. Future/post30 input-specific work; see continuing CASE-002 and retained CASE-004 history."
v3.1,DEP-02-03-022,PKG-02,DEL-02-03,Workflow execution compatibility and round-trip support,EXECUTION,NOT_APPLICABLE,UPSTREAM,INTERFACE,DELIVERABLE,PKG-05,DEL-05-01,,Minimal-loop and model receiving contract,projects/chirality-app-v4/execution/PKG-05_Embedded-host receiving integration/1_Working/DEL-05-01_Minimal-loop and model receiving contract,"Receive checkpoint arrival observation, subject binding and loop events from host loops through the DEL-05-01 receiving contract for checkpoint request/recording behavior; its host-loop hold applies only in the governance phase.",ScopeOfWork.md,ScopeOfWork.md#Deliverable Definition — Ontology/CLM-002,"`DEL-05-01` supplies arrival observation, subject binding and loop events from host loops (its host-loop hold is governance phase);",IMPLICIT,INITIALIZED,,TBD,MEDIUM,EXTRACTED,2026-09-29T14:38:40+00:00,2026-10-04T01:14:27+00:00,ACTIVE,"FACT: CLM-002 (revised by SCA-V4-001) states that DEL-05-01 supplies these items. ASSUMPTION: this slice is the receiver, because OUT-001 consumes act evidence ""through the named interfaces"" and CLM-002 names them; the clause does not name the recipient, hence IMPLICIT/MEDIUM. Supersedes the prior-run note that DEL-05-01 was named only as an owner. Host-loop hold is governance phase only.",PKG-02_Workflow and role portability/1_Working/DEL-02-03_Workflow execution compatibility and round-trip support/Dependencies.csv,a80b1e31a963a437f9edab021a065e9f86bea9328b86d9d981c654e53c428549,22,SR-1;SR-2;SR-3(all canonical types);SR-4(no cut/merge ruling);SR-5(not applied);SR-6;SR-7(held),SCC_UNRESOLVED,SCC-002,_DAG/cases/SCC-CASE-002,"Identify and compare actual portable/native/workspace, C/P/catalog, policy-record, role and host receiving versions; preserve actual trace production separately from OI-003 owner ruling and host/person acts. Future/post30 input-specific work; see continuing CASE-002 and retained CASE-004 history."
v3.1,DEP-02-04-011,PKG-02,DEL-02-04,Additive role selection and supply,EXECUTION,NOT_APPLICABLE,UPSTREAM,INTERFACE,DELIVERABLE,PKG-02,DEL-02-01,,Portable workflow contract and shared allocation,projects/chirality-app-v4/execution/PKG-02_Workflow and role portability/1_Working/DEL-02-01_Portable workflow contract and shared allocation,Consume the portable four-role receiving contract and applicable shared allocation from DEL-02-01 when developing local role supply.,ScopeOfWork.md,ScopeOfWork.md#Production and Verification Method — Praxeology / opening paragraph; Deliverable Definition — Ontology / CLM-002,The App role-guidance owner develops the local implementation against the identified supplier and portable receiving contracts,EXPLICIT,INITIALIZED,,PENDING,HIGH,EXTRACTED,2026-09-27,2026-10-04T01:14:27+00:00,ACTIVE,"FACT: CLM-002 resolves the portable contract to DEL-02-01, owned by the App/shared workflow-contract owner with affected consumer owners confirming responsibilities. OI-014: App/shared contract owners decide placement Before structural/production contract allocation. Actual receiving contract/allocation is required; INITIALIZED supplies neither. No common service or fixed placement inferred.",PKG-02_Workflow and role portability/1_Working/DEL-02-04_Additive role selection and supply/Dependencies.csv,fe350addbe9664a37752120841e5289df58d5b724b38338c22405ccde87c8450,11,SR-1;SR-2;SR-3(all canonical types);SR-4(no cut/merge ruling);SR-5(not applied);SR-6;SR-7(held),SCC_UNRESOLVED,SCC-002,_DAG/cases/SCC-CASE-002,"Identify and compare actual portable/native/workspace, C/P/catalog, policy-record, role and host receiving versions; preserve actual trace production separately from OI-003 owner ruling and host/person acts. Future/post30 input-specific work; see continuing CASE-002 and retained CASE-004 history."
v3.1,DEP-03-01-026,PKG-03,DEL-03-01,Capability catalog and read-basis contract,EXECUTION,NOT_APPLICABLE,UPSTREAM,INTERFACE,DELIVERABLE,PKG-03,DEL-03-02,,"Proposal, validation and outcome contract","projects/chirality-app-v4/execution/PKG-03_Host capability and operation contracts/1_Working/DEL-03-02_Proposal, validation and outcome contract",Receive App v4 DEL-03-02 proposal refusal/application behavior for VER-004 read-to-action basis comparison; this catalog contract does not implement that behavior.,ScopeOfWork.md,ScopeOfWork.md#Production and Verification Method — Praxeology/VER-004,proposal refusal/application behavior is received from App v4 DEL-03-02 rather than implemented here.,EXPLICIT,INITIALIZED,,PENDING,HIGH,EXTRACTED,2026-09-27,2026-10-04T01:14:27+00:00,ACTIVE,FACT: A distinct return input from the downstream identity/basis handoff; no finish-to-start ordering or graph closure inferred. INITIALIZED is contract maturity only; actual behavior input remains pending.,PKG-03_Host capability and operation contracts/1_Working/DEL-03-01_Capability catalog and read-basis contract/Dependencies.csv,01962fe8fecd10f1bf2018c72eaf36f0f74a8f969fb7d950b82959e0b5859c86,26,SR-1;SR-2;SR-3(all canonical types);SR-4(no cut/merge ruling);SR-5(not applied);SR-6;SR-7(held),SCC_UNRESOLVED,SCC-002,_DAG/cases/SCC-CASE-002,"Identify and compare actual portable/native/workspace, C/P/catalog, policy-record, role and host receiving versions; preserve actual trace production separately from OI-003 owner ruling and host/person acts. Future/post30 input-specific work; see continuing CASE-002 and retained CASE-004 history."
v3.1,DEP-03-01-031,PKG-03,DEL-03-01,Capability catalog and read-basis contract,EXECUTION,NOT_APPLICABLE,UPSTREAM,INTERFACE,DELIVERABLE,PKG-04,DEL-04-03,,Content-bound decisions and compact run records,"projects/chirality-app-v4/execution/PKG-04_Human acts, autonomy and run evidence/1_Working/DEL-04-03_Content-bound decisions and compact run records",Receive the DEL-04-03 act field set and lapse vocabulary that read results carry as standing (human-act evidence and lapse state); this catalog contract consumes and does not define them.,ScopeOfWork.md,ScopeOfWork.md#Deliverable Definition — Ontology/CLM-002,This catalog contract consumes the `DEL-04-03` act field set and lapse vocabulary that read results carry as standing (human-act evidence and lapse state).,EXPLICIT,INITIALIZED,,PENDING,HIGH,EXTRACTED,2026-09-29T14:42:27+00:00,2026-10-04T01:14:27+00:00,ACTIVE,FACT: added by SCA-V4-001 revision of CLM-002. Explicit consumption statement; supersedes the 2026-09-27 run note that the DEL-04-03 exclusion creates no edge (the REQ-007 exclusion of record-format construction still creates none). INITIALIZED is contract maturity only; actual field set and vocabulary receipt remain pending.,PKG-03_Host capability and operation contracts/1_Working/DEL-03-01_Capability catalog and read-basis contract/Dependencies.csv,01962fe8fecd10f1bf2018c72eaf36f0f74a8f969fb7d950b82959e0b5859c86,31,SR-1;SR-2;SR-3(all canonical types);SR-4(no cut/merge ruling);SR-5(not applied);SR-6;SR-7(held),SCC_UNRESOLVED,SCC-002,_DAG/cases/SCC-CASE-002,"Identify and compare actual portable/native/workspace, C/P/catalog, policy-record, role and host receiving versions; preserve actual trace production separately from OI-003 owner ruling and host/person acts. Future/post30 input-specific work; see continuing CASE-002 and retained CASE-004 history."
v3.1,DEP-03-01-030,PKG-03,DEL-03-01,Capability catalog and read-basis contract,EXECUTION,NOT_APPLICABLE,UPSTREAM,INTERFACE,DELIVERABLE,PKG-09,DEL-09-09,,External control and catalog-extension trace,projects/chirality-app-v4/execution/PKG-09_Candidate examination and connected journeys/1_Working/DEL-09-09_External control and catalog-extension trace,Receive the candidate-bound extension trace and generated/adapted-work account from DEL-09-09 before fixing or claiming the dependent extension capability; the owner's retain/narrow/defer ruling is separately required under DEP-03-01-027.,ScopeOfWork.md,ScopeOfWork.md#Completion and Reliance Basis — Epistemology/AC-007,an extension trace and the owner's retain/narrow/defer ruling are needed before that dependent claim is fixed.,EXPLICIT,TBD,,PENDING,HIGH,EXTRACTED,2026-09-28,2026-10-04T01:14:27+00:00,ACTIVE,"FACT: Positive producer resolution from accepted G3 ScopeLedger SOW-073/SOW-203, Deliverables.csv DEL-09-09 and its OUT-002/OUT-003. This records the trace contribution separated from DEP-03-01-027; DEL-09-09 does not perform or choose the owner's disposition. Candidate-bound trace evidence remains unsupplied and the retained absolute promise is not weakened.",PKG-03_Host capability and operation contracts/1_Working/DEL-03-01_Capability catalog and read-basis contract/Dependencies.csv,01962fe8fecd10f1bf2018c72eaf36f0f74a8f969fb7d950b82959e0b5859c86,30,SR-1;SR-2;SR-3(all canonical types);SR-4(no cut/merge ruling);SR-5(not applied);SR-6;SR-7(held),SCC_UNRESOLVED,SCC-002,_DAG/cases/SCC-CASE-002,"Identify and compare actual portable/native/workspace, C/P/catalog, policy-record, role and host receiving versions; preserve actual trace production separately from OI-003 owner ruling and host/person acts. Future/post30 input-specific work; see continuing CASE-002 and retained CASE-004 history."
v3.1,DEP-03-02-027,PKG-03,DEL-03-02,"Proposal, validation and outcome contract",EXECUTION,NOT_APPLICABLE,UPSTREAM,INTERFACE,DELIVERABLE,PKG-02,DEL-02-01,,Portable workflow contract and shared allocation,projects/chirality-app-v4/execution/PKG-02_Workflow and role portability/1_Working/DEL-02-01_Portable workflow contract and shared allocation,"Consume DEL-02-01 workflow identity (kind, origin, source root, name, revision) for proposal origin, and its checkpoint declarations (required act, subject class, reached-when) with the item rule for an acceptance checkpoint; the governing checkpoint constraint derived from them applies only in the governance phase.",ScopeOfWork.md,ScopeOfWork.md § Deliverable Definition — Ontology / CLM-003,"It also consumes App v4 `DEL-02-01` workflow identity (kind, origin, source root, name, revision) for proposal origin, and its checkpoint declarations",EXPLICIT,INITIALIZED,,TBD,HIGH,EXTRACTED,2026-09-29T14:43:26+00:00,2026-10-04T01:14:27+00:00,ACTIVE,FACT: added by SCA-V4-001 revision of CLM-003 (APP-V4-SWBPIPE-INTAKE-20260928-DECISION-4 phasing). Explicit consumption statement. The governing checkpoint constraint and its carriage assurance (OUT-001) apply only in the governance phase; workflow identity for proposal origin applies now. INITIALIZED denotes checked local contract maturity only; receipt unclaimed.,"PKG-03_Host capability and operation contracts/1_Working/DEL-03-02_Proposal, validation and outcome contract/Dependencies.csv",20904d9eef8db1f28a2a8e3b1865ae6f8d14faab50e2fdda19b8161b2a4292f3,27,SR-1;SR-2;SR-3(all canonical types);SR-4(no cut/merge ruling);SR-5(not applied);SR-6;SR-7(held),SCC_UNRESOLVED,SCC-002,_DAG/cases/SCC-CASE-002,"Identify and compare actual portable/native/workspace, C/P/catalog, policy-record, role and host receiving versions; preserve actual trace production separately from OI-003 owner ruling and host/person acts. Future/post30 input-specific work; see continuing CASE-002 and retained CASE-004 history."
v3.1,DEP-03-02-016,PKG-03,DEL-03-02,"Proposal, validation and outcome contract",EXECUTION,NOT_APPLICABLE,UPSTREAM,PREREQUISITE,DELIVERABLE,PKG-03,DEL-03-01,,Capability catalog and read-basis contract,projects/chirality-app-v4/execution/PKG-03_Host capability and operation contracts/1_Working/DEL-03-01_Capability catalog and read-basis contract,"Consume the actual capability-catalog and read-basis definition from DEL-03-01, preserving operation identity, version, argument/result/error semantics, availability and relied-on basis.",ScopeOfWork.md,ScopeOfWork.md § Deliverable Definition — Ontology / Required interfaces and evidence conditions,The catalog/read-basis definition from DEL-03-01 and adopted policy distinctions from DEL-04-01 are definition inputs.,EXPLICIT,INITIALIZED,,TBD,HIGH,EXTRACTED,2026-09-27,2026-10-04T01:14:27+00:00,ACTIVE,"FACT; CLM-003 and OUT-001 identify the consumed meaning; no separate basis authority. INITIALIZED denotes checked local contract maturity only; actual technical inputs and adopted distinctions must be present when relied upon. No fulfilment or adoption inferred. UPDATE 20260929: revised CLM-003 (SCA-V4-001) states that the canonical content hash is received as a canonical content identity with its identity-method designation, plus subject content identities of relied-on targets (or a host whole-model identity covering every subject); edge unchanged.","PKG-03_Host capability and operation contracts/1_Working/DEL-03-02_Proposal, validation and outcome contract/Dependencies.csv",20904d9eef8db1f28a2a8e3b1865ae6f8d14faab50e2fdda19b8161b2a4292f3,16,SR-1;SR-2;SR-3(all canonical types);SR-4(no cut/merge ruling);SR-5(not applied);SR-6;SR-7(held),SCC_UNRESOLVED,SCC-002,_DAG/cases/SCC-CASE-002,"Identify and compare actual portable/native/workspace, C/P/catalog, policy-record, role and host receiving versions; preserve actual trace production separately from OI-003 owner ruling and host/person acts. Future/post30 input-specific work; see continuing CASE-002 and retained CASE-004 history."
v3.1,DEP-03-02-034,PKG-03,DEL-03-02,"Proposal, validation and outcome contract",EXECUTION,NOT_APPLICABLE,UPSTREAM,INTERFACE,DELIVERABLE,PKG-04,DEL-04-02,,Visible autonomy and result standing,"projects/chirality-app-v4/execution/PKG-04_Human acts, autonomy and run evidence/1_Working/DEL-04-02_Visible autonomy and result standing","Consume DEL-04-02's visible autonomy state (grant display states, grant value and scope, settings version identities) for origin and standing at drafting.",ScopeOfWork.md,ScopeOfWork.md § Deliverable Definition — Ontology / CLM-004 (added under SCA-V4-003 G-0302-03),"It consumes `DEL-04-02`'s visible autonomy state (grant display states, grant value and scope, settings version identities) for origin and standing at drafting.",EXPLICIT,INITIALIZED,,TBD,HIGH,EXTRACTED,2026-10-04T01:14:27+00:00,2026-10-04T01:14:27+00:00,ACTIVE,"FACT: consumer-side row added by SCA-V4-003 (S-02-2; optional item accepted under Q-11); consumer side of the existing held arc N-05 DEL-03-02 → DEL-04-02 (ledger R-02-3); no topology change. Reciprocal with the existing DOWNSTREAM row DEP-03-02-018 (both ends in SCC-002, held). INITIALIZED is local contract maturity only.","PKG-03_Host capability and operation contracts/1_Working/DEL-03-02_Proposal, validation and outcome contract/Dependencies.csv",20904d9eef8db1f28a2a8e3b1865ae6f8d14faab50e2fdda19b8161b2a4292f3,34,SR-1;SR-2;SR-3(all canonical types);SR-4(no cut/merge ruling);SR-5(not applied);SR-6;SR-7(held),SCC_UNRESOLVED,SCC-002,_DAG/cases/SCC-CASE-002,"Identify and compare actual portable/native/workspace, C/P/catalog, policy-record, role and host receiving versions; preserve actual trace production separately from OI-003 owner ruling and host/person acts. Future/post30 input-specific work; see continuing CASE-002 and retained CASE-004 history."
v3.1,DEP-03-03-017,PKG-03,DEL-03-03,Local external-agent receiving adapter,EXECUTION,NOT_APPLICABLE,UPSTREAM,INTERFACE,DELIVERABLE,PKG-02,DEL-02-01,,Portable workflow contract and shared allocation,projects/chirality-app-v4/execution/PKG-02_Workflow and role portability/1_Working/DEL-02-01_Portable workflow contract and shared allocation,"For the governance phase, the receiving adapter consumes App DEL-02-01's declared checkpoint constraints for carriage on the external channel.",ScopeOfWork.md,"ScopeOfWork.md § Deliverable Definition — Ontology; CLM-002 (consumption sentence, as revised under SCA-V4-003 G-0303-01)","for the governance phase, App `DEL-02-01`'s declared checkpoint constraints,",EXPLICIT,INITIALIZED,,PENDING,HIGH,EXTRACTED,2026-10-04T01:14:27+00:00,2026-10-04T01:14:27+00:00,ACTIVE,"FACT: consumer-side row added by SCA-V4-003 (S-03-3; optional, accepted under Q-11; clause b of G-0303-01); consumer side of the existing held arc mirrored by DEP-02-01-027 (ledger R-03-4); no topology change. Governance-phase input only. RequiredMaturity INITIALIZED is local contract maturity only.",PKG-03_Host capability and operation contracts/1_Working/DEL-03-03_Local external-agent receiving adapter/Dependencies.csv,55979f4635682b1bb57db6accd282a030185008ab9a1311cd917459dddc11998,17,SR-1;SR-2;SR-3(all canonical types);SR-4(no cut/merge ruling);SR-5(not applied);SR-6;SR-7(held),SCC_UNRESOLVED,SCC-002,_DAG/cases/SCC-CASE-002,"Identify and compare actual portable/native/workspace, C/P/catalog, policy-record, role and host receiving versions; preserve actual trace production separately from OI-003 owner ruling and host/person acts. Future/post30 input-specific work; see continuing CASE-002 and retained CASE-004 history."
v3.1,DEP-03-03-014,PKG-03,DEL-03-03,Local external-agent receiving adapter,EXECUTION,NOT_APPLICABLE,UPSTREAM,INTERFACE,DELIVERABLE,PKG-02,DEL-02-03,,Workflow execution compatibility and round-trip support,projects/chirality-app-v4/execution/PKG-02_Workflow and role portability/1_Working/DEL-02-03_Workflow execution compatibility and round-trip support,"The receiving adapter consumes App DEL-02-03's checkpoint statement and required-tool check for the current phase and, for the governance phase, its hold machine and hold-support values; in the current phase a checkpoint on this channel is plan guidance and no hold is claimed.",ScopeOfWork.md,"ScopeOfWork.md § Deliverable Definition — Ontology; CLM-002 (consumption sentence, as revised under SCA-V4-003 G-0303-01); § Completion and Reliance Basis — Epistemology; REQ-003 (revised, G-0303-03)","and App `DEL-02-03`'s checkpoint statement and required-tool check for the current phase and, for the governance phase, its hold machine and hold-support values;",EXPLICIT,INITIALIZED,,PENDING,HIGH,EXTRACTED,2026-09-29,2026-10-04T01:14:27+00:00,ACTIVE,"FACT: Positive consumption statement in revised CLM-002 (SCA-V4-001 edit E-0303-07, P2 grounding for N-27), phased per APP-V4-SWBPIPE-INTAKE-20260928-DECISION-4 D4-1 (REQ-003). Typed INTERFACE for the same reason as DEP-03-03-013. INITIALIZED is local contract maturity only; governance-phase hold content is not a current-phase requirement; fulfilment unclaimed. Arc DEL-03-03 -> DEL-02-03 (N-27; new). No row to DEL-04-03 (N-B8 withheld) or DEL-09-06 (K-11) is written: the SoW names neither. | 2026-10-03 DX UPDATE (APP-V4-SCA003-20261002): FACT: R-03-3 (S-03-2): Statement and quote refreshed in place; the required-tool check now belongs to the current phase, so the prior quote no longer occurs. REQ-003 now has the agent request the checkpoint act in the current phase (K1-1). Identity, direction, type, target, maturity and closure unchanged; existing held arc (N-24 reciprocal).",PKG-03_Host capability and operation contracts/1_Working/DEL-03-03_Local external-agent receiving adapter/Dependencies.csv,55979f4635682b1bb57db6accd282a030185008ab9a1311cd917459dddc11998,14,SR-1;SR-2;SR-3(all canonical types);SR-4(no cut/merge ruling);SR-5(not applied);SR-6;SR-7(held),SCC_UNRESOLVED,SCC-002,_DAG/cases/SCC-CASE-002,"Identify and compare actual portable/native/workspace, C/P/catalog, policy-record, role and host receiving versions; preserve actual trace production separately from OI-003 owner ruling and host/person acts. Future/post30 input-specific work; see continuing CASE-002 and retained CASE-004 history."
v3.1,DEP-03-03-006,PKG-03,DEL-03-03,Local external-agent receiving adapter,EXECUTION,NOT_APPLICABLE,UPSTREAM,PREREQUISITE,DELIVERABLE,PKG-03,DEL-03-01,,Capability catalog and read-basis contract,projects/chirality-app-v4/execution/PKG-03_Host capability and operation contracts/1_Working/DEL-03-01_Capability catalog and read-basis contract,The receiving adapter requires the identified capability catalog/read-basis definitions and availability/read-standing expectations supplied by App DEL-03-01 for production and contract comparisons.,ScopeOfWork.md,ScopeOfWork.md § Deliverable Definition — Ontology; CLM-002; § Completion and Reliance Basis — Epistemology; REQ-001,This adapter consumes these definitions with adopted PKG-04 operation-policy distinctions,EXPLICIT,INITIALIZED,,PENDING,HIGH,EXTRACTED,2026-09-27,2026-10-04T01:14:27+00:00,ACTIVE,"FACT: CLM-002 identifies the supplying App contract; its positive consumption statement and REQ-001 establish the input. INITIALIZED measures checked local contract maturity only; identified technical definitions and comparison basis must actually be supplied. Receipt, adoption and fulfilment are unclaimed.",PKG-03_Host capability and operation contracts/1_Working/DEL-03-03_Local external-agent receiving adapter/Dependencies.csv,55979f4635682b1bb57db6accd282a030185008ab9a1311cd917459dddc11998,6,SR-1;SR-2;SR-3(all canonical types);SR-4(no cut/merge ruling);SR-5(not applied);SR-6;SR-7(held),SCC_UNRESOLVED,SCC-002,_DAG/cases/SCC-CASE-002,"Identify and compare actual portable/native/workspace, C/P/catalog, policy-record, role and host receiving versions; preserve actual trace production separately from OI-003 owner ruling and host/person acts. Future/post30 input-specific work; see continuing CASE-002 and retained CASE-004 history."
v3.1,DEP-03-03-007,PKG-03,DEL-03-03,Local external-agent receiving adapter,EXECUTION,NOT_APPLICABLE,UPSTREAM,PREREQUISITE,DELIVERABLE,PKG-03,DEL-03-02,,"Proposal, validation and outcome contract","projects/chirality-app-v4/execution/PKG-03_Host capability and operation contracts/1_Working/DEL-03-02_Proposal, validation and outcome contract","The receiving adapter requires the identified proposal, validation and outcome definitions, including original basis, stale refusal, no retargeting, duplicate one-effect and unknown outcomes supplied by App DEL-03-02 for production and contract comparisons.",ScopeOfWork.md,ScopeOfWork.md § Deliverable Definition — Ontology; CLM-002; § Completion and Reliance Basis — Epistemology; REQ-001,This adapter consumes these definitions with adopted PKG-04 operation-policy distinctions,EXPLICIT,INITIALIZED,,PENDING,HIGH,EXTRACTED,2026-09-27,2026-10-04T01:14:27+00:00,ACTIVE,"FACT: CLM-002 identifies the supplying App contract; its positive consumption statement and REQ-001 establish the input. INITIALIZED measures checked local contract maturity only; identified technical definitions and comparison basis must actually be supplied. Receipt, adoption and fulfilment are unclaimed.",PKG-03_Host capability and operation contracts/1_Working/DEL-03-03_Local external-agent receiving adapter/Dependencies.csv,55979f4635682b1bb57db6accd282a030185008ab9a1311cd917459dddc11998,7,SR-1;SR-2;SR-3(all canonical types);SR-4(no cut/merge ruling);SR-5(not applied);SR-6;SR-7(held),SCC_UNRESOLVED,SCC-002,_DAG/cases/SCC-CASE-002,"Identify and compare actual portable/native/workspace, C/P/catalog, policy-record, role and host receiving versions; preserve actual trace production separately from OI-003 owner ruling and host/person acts. Future/post30 input-specific work; see continuing CASE-002 and retained CASE-004 history."
v3.1,DEP-03-03-016,PKG-03,DEL-03-03,Local external-agent receiving adapter,EXECUTION,NOT_APPLICABLE,UPSTREAM,INTERFACE,DELIVERABLE,PKG-04,DEL-04-02,,Visible autonomy and result standing,"projects/chirality-app-v4/execution/PKG-04_Human acts, autonomy and run evidence/1_Working/DEL-04-02_Visible autonomy and result standing",The receiving adapter consumes App DEL-04-02's visible autonomy state (grant display states and settings references).,ScopeOfWork.md,"ScopeOfWork.md § Deliverable Definition — Ontology; CLM-002 (consumption sentence, as revised under SCA-V4-003 G-0303-01)",App `DEL-04-02`'s visible autonomy state (grant display states and settings references),EXPLICIT,INITIALIZED,,PENDING,HIGH,EXTRACTED,2026-10-04T01:14:27+00:00,2026-10-04T01:14:27+00:00,ACTIVE,"FACT: consumer-side row added by SCA-V4-003 (S-03-3; optional, accepted under Q-11; clause b of G-0303-01); consumer side of an existing held arc (ledger R-03-4); no topology change. RequiredMaturity INITIALIZED is local contract maturity only.",PKG-03_Host capability and operation contracts/1_Working/DEL-03-03_Local external-agent receiving adapter/Dependencies.csv,55979f4635682b1bb57db6accd282a030185008ab9a1311cd917459dddc11998,16,SR-1;SR-2;SR-3(all canonical types);SR-4(no cut/merge ruling);SR-5(not applied);SR-6;SR-7(held),SCC_UNRESOLVED,SCC-002,_DAG/cases/SCC-CASE-002,"Identify and compare actual portable/native/workspace, C/P/catalog, policy-record, role and host receiving versions; preserve actual trace production separately from OI-003 owner ruling and host/person acts. Future/post30 input-specific work; see continuing CASE-002 and retained CASE-004 history."
v3.1,DEP-04-02-017,PKG-04,DEL-04-02,Visible autonomy and result standing,EXECUTION,NOT_APPLICABLE,UPSTREAM,INTERFACE,DELIVERABLE,PKG-02,DEL-02-03,,Workflow execution compatibility and round-trip support,projects/chirality-app-v4/execution/PKG-02_Workflow and role portability/1_Working/DEL-02-03_Workflow execution compatibility and round-trip support,Consume App DEL-02-03 checkpoint recording annotations for the current-phase receiving display; the hold-support values are retained for the governance phase (TBD-006) and are not a current-phase display input.,ScopeOfWork.md,"ScopeOfWork.md#Deliverable Definition — Ontology / CLM-002 (second (consumption) sentence, added under SCA-V4-001)","It also consumes App v4 `DEL-03-02` proposal/outcome and direct-application origin semantics, `DEL-03-01` read-basis and standing facets, and `DEL-02-03` checkpoint recording annotations (with the hold-support values retained for the governance phase).",EXPLICIT,INITIALIZED,,PENDING,HIGH,EXTRACTED,2026-09-29T14:34:59Z,2026-10-04T01:14:27+00:00,ACTIVE,"FACT: CLM-002 (revised under SCA-V4-001) states the consumption explicitly; the parenthetical and TBD-006 limit the current phase to recording annotations. RequiredMaturity=INITIALIZED is the local contract threshold only; actual contribution receipt/fulfilment is unclaimed. SatisfactionStatus PENDING follows this register's convention for unfulfilled execution inputs. UPDATE 20260929 (SCA-V4-002 DX): EvidenceQuote re-quoted exactly, inline-code/bold markers included (ASC-ISS-008; V12 F1); no other field changed.","PKG-04_Human acts, autonomy and run evidence/1_Working/DEL-04-02_Visible autonomy and result standing/Dependencies.csv",26a1b49bf8b5c2ff546b2b28e536dd3ac7b8d5fc9899f7ef903e497fd86e6405,17,SR-1;SR-2;SR-3(all canonical types);SR-4(no cut/merge ruling);SR-5(not applied);SR-6;SR-7(held),SCC_UNRESOLVED,SCC-002,_DAG/cases/SCC-CASE-002,"Identify and compare actual portable/native/workspace, C/P/catalog, policy-record, role and host receiving versions; preserve actual trace production separately from OI-003 owner ruling and host/person acts. Future/post30 input-specific work; see continuing CASE-002 and retained CASE-004 history."
v3.1,DEP-04-02-016,PKG-04,DEL-04-02,Visible autonomy and result standing,EXECUTION,NOT_APPLICABLE,UPSTREAM,INTERFACE,DELIVERABLE,PKG-03,DEL-03-01,,Capability catalog and read-basis contract,projects/chirality-app-v4/execution/PKG-03_Host capability and operation contracts/1_Working/DEL-03-01_Capability catalog and read-basis contract,Consume App DEL-03-01 read-basis and standing facets for evidence-bounded result-standing display.,ScopeOfWork.md,"ScopeOfWork.md#Deliverable Definition — Ontology / CLM-002 (second (consumption) sentence, added under SCA-V4-001)","It also consumes App v4 `DEL-03-02` proposal/outcome and direct-application origin semantics, `DEL-03-01` read-basis and standing facets, and `DEL-02-03` checkpoint recording annotations (with the hold-support values retained for the governance phase).",EXPLICIT,INITIALIZED,,PENDING,HIGH,EXTRACTED,2026-09-29T14:34:59Z,2026-10-04T01:14:27+00:00,ACTIVE,"FACT: CLM-002 (revised under SCA-V4-001) states the consumption explicitly. RequiredMaturity=INITIALIZED is the local contract threshold only; actual contribution receipt/fulfilment is unclaimed. SatisfactionStatus PENDING follows this register's convention for unfulfilled execution inputs. UPDATE 20260929 (SCA-V4-002 DX): EvidenceQuote re-quoted exactly, inline-code/bold markers included (ASC-ISS-008; V12 F1); no other field changed.","PKG-04_Human acts, autonomy and run evidence/1_Working/DEL-04-02_Visible autonomy and result standing/Dependencies.csv",26a1b49bf8b5c2ff546b2b28e536dd3ac7b8d5fc9899f7ef903e497fd86e6405,16,SR-1;SR-2;SR-3(all canonical types);SR-4(no cut/merge ruling);SR-5(not applied);SR-6;SR-7(held),SCC_UNRESOLVED,SCC-002,_DAG/cases/SCC-CASE-002,"Identify and compare actual portable/native/workspace, C/P/catalog, policy-record, role and host receiving versions; preserve actual trace production separately from OI-003 owner ruling and host/person acts. Future/post30 input-specific work; see continuing CASE-002 and retained CASE-004 history."
v3.1,DEP-04-02-015,PKG-04,DEL-04-02,Visible autonomy and result standing,EXECUTION,NOT_APPLICABLE,UPSTREAM,INTERFACE,DELIVERABLE,PKG-03,DEL-03-02,,"Proposal, validation and outcome contract","projects/chirality-app-v4/execution/PKG-03_Host capability and operation contracts/1_Working/DEL-03-02_Proposal, validation and outcome contract","Consume App DEL-03-02 proposal/outcome and direct-application origin semantics for the receiving components, contract and fixtures.",ScopeOfWork.md,"ScopeOfWork.md#Deliverable Definition — Ontology / CLM-002 (second (consumption) sentence, added under SCA-V4-001)","It also consumes App v4 `DEL-03-02` proposal/outcome and direct-application origin semantics, `DEL-03-01` read-basis and standing facets, and `DEL-02-03` checkpoint recording annotations (with the hold-support values retained for the governance phase).",EXPLICIT,INITIALIZED,,PENDING,HIGH,EXTRACTED,2026-09-29T14:34:59Z,2026-10-04T01:14:27+00:00,ACTIVE,"FACT: CLM-002 (revised under SCA-V4-001) states the consumption explicitly. RequiredMaturity=INITIALIZED is the local contract threshold only; actual contribution receipt/fulfilment is unclaimed. SatisfactionStatus PENDING follows this register's convention for unfulfilled execution inputs. UPDATE 20260929 (SCA-V4-002 DX): EvidenceQuote re-quoted exactly, inline-code/bold markers included (ASC-ISS-008; V12 F1); no other field changed.","PKG-04_Human acts, autonomy and run evidence/1_Working/DEL-04-02_Visible autonomy and result standing/Dependencies.csv",26a1b49bf8b5c2ff546b2b28e536dd3ac7b8d5fc9899f7ef903e497fd86e6405,15,SR-1;SR-2;SR-3(all canonical types);SR-4(no cut/merge ruling);SR-5(not applied);SR-6;SR-7(held),SCC_UNRESOLVED,SCC-002,_DAG/cases/SCC-CASE-002,"Identify and compare actual portable/native/workspace, C/P/catalog, policy-record, role and host receiving versions; preserve actual trace production separately from OI-003 owner ruling and host/person acts. Future/post30 input-specific work; see continuing CASE-002 and retained CASE-004 history."
v3.1,DEP-04-02-008,PKG-04,DEL-04-02,Visible autonomy and result standing,EXECUTION,NOT_APPLICABLE,UPSTREAM,INTERFACE,DELIVERABLE,PKG-04,DEL-04-03,,Content-bound decisions and compact run records,"projects/chirality-app-v4/execution/PKG-04_Human acts, autonomy and run evidence/1_Working/DEL-04-03_Content-bound decisions and compact run records","Receive the App DEL-04-03 run-record contribution, including recorded settings, attributable human-act evidence and changed-content lapse, for comparison and evidence-bounded display.",ScopeOfWork.md,ScopeOfWork.md#Deliverable Definition — Ontology / CLM-002; Production and Verification Method — Praxeology / VER-002 and VER-004,including changed-content lapse received from the record owner,EXPLICIT,INITIALIZED,,PENDING,HIGH,EXTRACTED,2026-09-27,2026-10-04T01:14:27+00:00,ACTIVE,FACT: The source identifies the record owner as App DEL-04-03. Human decision actor remains distinct from a recorder; this input creates no required sequence between human acts. RequiredMaturity=INITIALIZED is the local contract threshold only; actual contribution receipt/fulfilment is unclaimed.,"PKG-04_Human acts, autonomy and run evidence/1_Working/DEL-04-02_Visible autonomy and result standing/Dependencies.csv",26a1b49bf8b5c2ff546b2b28e536dd3ac7b8d5fc9899f7ef903e497fd86e6405,8,SR-1;SR-2;SR-3(all canonical types);SR-4(no cut/merge ruling);SR-5(not applied);SR-6;SR-7(held),SCC_UNRESOLVED,SCC-002,_DAG/cases/SCC-CASE-002,"Identify and compare actual portable/native/workspace, C/P/catalog, policy-record, role and host receiving versions; preserve actual trace production separately from OI-003 owner ruling and host/person acts. Future/post30 input-specific work; see continuing CASE-002 and retained CASE-004 history."
v3.1,DEP-04-02-018,PKG-04,DEL-04-02,Visible autonomy and result standing,EXECUTION,NOT_APPLICABLE,UPSTREAM,INTERFACE,DELIVERABLE,PKG-05,DEL-05-01,,Minimal-loop and model receiving contract,projects/chirality-app-v4/execution/PKG-05_Embedded-host receiving integration/1_Working/DEL-05-01_Minimal-loop and model receiving contract,"Consume from App DEL-05-01 a host agent's network-destination allow list, in-work destination grants and contacted-destination record, which APP-V4-SWBPIPE-INTAKE-20260928-DECISION-5 requires to be shown.",ScopeOfWork.md,"ScopeOfWork.md#Deliverable Definition — Ontology / CLM-002 (fourth (network-destination consumption) sentence, added under SCA-V4-001)","It also consumes, from App v4 `DEL-05-01`, a host agent's network-destination allow list, in-work destination grants and contacted-destination record, which `APP-V4-SWBPIPE-INTAKE-20260928-DECISION-5` requires to be shown.",EXPLICIT,INITIALIZED,,PENDING,HIGH,EXTRACTED,2026-09-29T14:34:59Z,2026-10-04T01:14:27+00:00,ACTIVE,"FACT: CLM-002 (revised under SCA-V4-001, applying DECISION-5) states the consumption explicitly. Distinct from the opposite-direction visible-autonomy handover to DEL-05-01. RequiredMaturity=INITIALIZED is the local contract threshold only; actual contribution receipt/fulfilment is unclaimed. SatisfactionStatus PENDING follows this register's convention for unfulfilled execution inputs. UPDATE 20260929 (SCA-V4-002 DX): EvidenceQuote re-quoted exactly, inline-code/bold markers included (ASC-ISS-008; V12 F1); no other field changed.","PKG-04_Human acts, autonomy and run evidence/1_Working/DEL-04-02_Visible autonomy and result standing/Dependencies.csv",26a1b49bf8b5c2ff546b2b28e536dd3ac7b8d5fc9899f7ef903e497fd86e6405,18,SR-1;SR-2;SR-3(all canonical types);SR-4(no cut/merge ruling);SR-5(not applied);SR-6;SR-7(held),SCC_UNRESOLVED,SCC-002,_DAG/cases/SCC-CASE-002,"Identify and compare actual portable/native/workspace, C/P/catalog, policy-record, role and host receiving versions; preserve actual trace production separately from OI-003 owner ruling and host/person acts. Future/post30 input-specific work; see continuing CASE-002 and retained CASE-004 history."
v3.1,DEP-04-03-034,PKG-04,DEL-04-03,Content-bound decisions and compact run records,EXECUTION,NOT_APPLICABLE,UPSTREAM,INTERFACE,DELIVERABLE,PKG-02,DEL-02-01,,Portable workflow contract and shared allocation,projects/chirality-app-v4/execution/PKG-02_Workflow and role portability/1_Working/DEL-02-01_Portable workflow contract and shared allocation,Receive the workflow identity tuple and the checkpoint disposition vocabulary from App DEL-02-01 for the run record.,ScopeOfWork.md,"ScopeOfWork.md#Deliverable Definition — Ontology; CLM-004 (receives clause, revised under SCA-V4-003 G-0403-01); line 55","the workflow identity tuple and the checkpoint disposition vocabulary from `DEL-02-01`,",EXPLICIT,INITIALIZED,,PENDING,HIGH,EXTRACTED,2026-10-04T01:14:27+00:00,2026-10-04T01:14:27+00:00,ACTIVE,"FACT: new consumer row (ledger R2-04-03-e; ARC_ANALYSIS K-8; SC2-04-03-2; the RS schema carries the WD tuple, R14-1). New arc DEL-04-03 → DEL-02-01, reciprocal with the existing DEL-02-01 → DEL-04-03 (DEP-02-01-019). Both ends lie in SCC-002 (held, SCC-neutral; ARC_EFFECT §2). RequiredMaturity=INITIALIZED is the local contract threshold only; actual receipt/fulfilment is unclaimed.","PKG-04_Human acts, autonomy and run evidence/1_Working/DEL-04-03_Content-bound decisions and compact run records/Dependencies.csv",cff3c10a4b78624030a93ad544d58e527f786944e65ebba150a7f05be5639779,34,SR-1;SR-2;SR-3(all canonical types);SR-4(no cut/merge ruling);SR-5(not applied);SR-6;SR-7(held),SCC_UNRESOLVED,SCC-002,_DAG/cases/SCC-CASE-002,"Identify and compare actual portable/native/workspace, C/P/catalog, policy-record, role and host receiving versions; preserve actual trace production separately from OI-003 owner ruling and host/person acts. Future/post30 input-specific work; see continuing CASE-002 and retained CASE-004 history."
v3.1,DEP-04-03-035,PKG-04,DEL-04-03,Content-bound decisions and compact run records,EXECUTION,NOT_APPLICABLE,UPSTREAM,INTERFACE,DELIVERABLE,PKG-02,DEL-02-02,,Workflow-making workspace and registration,projects/chirality-app-v4/execution/PKG-02_Workflow and role portability/1_Working/DEL-02-02_Workflow-making workspace and registration,"Receive from App DEL-02-02 the per-run run-start text and run-end line with their content identity and supply-check record, the selection record and the A15 descriptor's reviewed-content and prior-revision relations, as supplied-workflow evidence.",ScopeOfWork.md,"ScopeOfWork.md#Deliverable Definition — Ontology; CLM-004 (receives clause, revised under SCA-V4-003 G-0403-02); line 55","the per-run run-start text and run-end line with their content identity and supply-check record, the selection record and the A15 descriptor's reviewed-content and prior-revision relations from `DEL-02-02`,",EXPLICIT,INITIALIZED,,PENDING,HIGH,EXTRACTED,2026-10-04T01:14:27+00:00,2026-10-04T01:14:27+00:00,ACTIVE,"FACT: new consumer row (ledger R20-10; F-C §4; grounded on the consumer side by P1-05). DEL-02-02 declares the supply in its own revised CLM-003 (mirror extracted there). New arc DEL-04-03 → DEL-02-02, reciprocal with the existing DEL-02-02 → DEL-04-03 (DEP-02-02-017). Both ends lie in SCC-002 (held, SCC-neutral; ARC_EFFECT §2). RequiredMaturity=INITIALIZED is the local contract threshold only; actual receipt/fulfilment is unclaimed.","PKG-04_Human acts, autonomy and run evidence/1_Working/DEL-04-03_Content-bound decisions and compact run records/Dependencies.csv",cff3c10a4b78624030a93ad544d58e527f786944e65ebba150a7f05be5639779,35,SR-1;SR-2;SR-3(all canonical types);SR-4(no cut/merge ruling);SR-5(not applied);SR-6;SR-7(held),SCC_UNRESOLVED,SCC-002,_DAG/cases/SCC-CASE-002,"Identify and compare actual portable/native/workspace, C/P/catalog, policy-record, role and host receiving versions; preserve actual trace production separately from OI-003 owner ruling and host/person acts. Future/post30 input-specific work; see continuing CASE-002 and retained CASE-004 history."
v3.1,DEP-04-03-025,PKG-04,DEL-04-03,Content-bound decisions and compact run records,EXECUTION,NOT_APPLICABLE,UPSTREAM,INTERFACE,DELIVERABLE,PKG-02,DEL-02-03,,Workflow execution compatibility and round-trip support,projects/chirality-app-v4/execution/PKG-02_Workflow and role portability/1_Working/DEL-02-03_Workflow execution compatibility and round-trip support,"Receive checkpoint arrival, act request (where it can be identified), act and lapse events and compatibility reports from App DEL-02-03; hold events are retained for the governance phase.",ScopeOfWork.md,"ScopeOfWork.md#Deliverable Definition — Ontology; CLM-004 (receives clause, revised under SCA-V4-003 G-0403-01); line 55","checkpoint arrival, act request (where it can be identified), act and lapse events (with hold events retained for the governance phase) and compatibility reports from `DEL-02-03`,",EXPLICIT,INITIALIZED,,PENDING,HIGH,EXTRACTED,2026-09-29T14:34:59Z,2026-10-04T01:14:27+00:00,ACTIVE,"FACT; CLM-004 (revised under SCA-V4-001) states this received input explicitly. RequiredMaturity=INITIALIZED is the local contract threshold only; actual contribution receipt/fulfilment is unclaimed. Fulfilment is not established by this extraction. UPDATE 20260929 (SCA-V4-002 DX): EvidenceQuote re-quoted exactly, inline-code backticks included (ASC-ISS-008; V12 F1); no other field changed. UPDATE 20261003 (SCA-V4-003 DX): R2-04-03-f (SC2-04-03-2; K1-1): Statement and quote refreshed in place to add the act request ""where it can be identified""; the prior quote no longer occurs. Identity, direction, type, target, maturity and closure unchanged; existing held arc.","PKG-04_Human acts, autonomy and run evidence/1_Working/DEL-04-03_Content-bound decisions and compact run records/Dependencies.csv",cff3c10a4b78624030a93ad544d58e527f786944e65ebba150a7f05be5639779,25,SR-1;SR-2;SR-3(all canonical types);SR-4(no cut/merge ruling);SR-5(not applied);SR-6;SR-7(held),SCC_UNRESOLVED,SCC-002,_DAG/cases/SCC-CASE-002,"Identify and compare actual portable/native/workspace, C/P/catalog, policy-record, role and host receiving versions; preserve actual trace production separately from OI-003 owner ruling and host/person acts. Future/post30 input-specific work; see continuing CASE-002 and retained CASE-004 history."
v3.1,DEP-04-03-036,PKG-04,DEL-04-03,Content-bound decisions and compact run records,EXECUTION,NOT_APPLICABLE,UPSTREAM,INTERFACE,DELIVERABLE,PKG-02,DEL-02-04,,Additive role selection and supply,projects/chirality-app-v4/execution/PKG-02_Workflow and role portability/1_Working/DEL-02-04_Additive role selection and supply,"Receive role-supply records from App DEL-02-04: the role guidance supplied at conversation start or a fork, with its source and content identity, the limit account and observations that a stated limit was not kept.",ScopeOfWork.md,"ScopeOfWork.md#Deliverable Definition — Ontology; CLM-004 (receives clause, revised under SCA-V4-003 G-0403-03); line 55","the limit account and observations that a stated limit was not kept) from `DEL-02-04`,",EXPLICIT,INITIALIZED,,PENDING,HIGH,EXTRACTED,2026-10-04T01:14:27+00:00,2026-10-04T01:14:27+00:00,ACTIVE,"FACT: consumer-side row added by SCA-V4-003 (R22-7-SoW, P2-B G-0403-03); the clause opens ""role-supply records (the role guidance supplied at conversation start or a fork, with its source and content identity, …"". Mirror of DEP-02-04-012 on the existing held arc (ledger R22-7-reg); no topology change. DEL-11-02's counterpart for DEP-02-04-013 stays open with its owner (R22-7-open, DEFER) and is not extracted here. RequiredMaturity=INITIALIZED is the local contract threshold only; actual receipt/fulfilment is unclaimed.","PKG-04_Human acts, autonomy and run evidence/1_Working/DEL-04-03_Content-bound decisions and compact run records/Dependencies.csv",cff3c10a4b78624030a93ad544d58e527f786944e65ebba150a7f05be5639779,36,SR-1;SR-2;SR-3(all canonical types);SR-4(no cut/merge ruling);SR-5(not applied);SR-6;SR-7(held),SCC_UNRESOLVED,SCC-002,_DAG/cases/SCC-CASE-002,"Identify and compare actual portable/native/workspace, C/P/catalog, policy-record, role and host receiving versions; preserve actual trace production separately from OI-003 owner ruling and host/person acts. Future/post30 input-specific work; see continuing CASE-002 and retained CASE-004 history."
v3.1,DEP-04-03-023,PKG-04,DEL-04-03,Content-bound decisions and compact run records,EXECUTION,NOT_APPLICABLE,UPSTREAM,INTERFACE,DELIVERABLE,PKG-03,DEL-03-01,,Capability catalog and read-basis contract,projects/chirality-app-v4/execution/PKG-03_Host capability and operation contracts/1_Working/DEL-03-01_Capability catalog and read-basis contract,Receive subject content identities and method designations from App DEL-03-01.,ScopeOfWork.md,"ScopeOfWork.md#Deliverable Definition — Ontology; CLM-004 (receives clause, added under SCA-V4-001); line 55","subject content identities and method designations from `DEL-03-01`,",EXPLICIT,INITIALIZED,,PENDING,HIGH,EXTRACTED,2026-09-29T14:34:59Z,2026-10-04T01:14:27+00:00,ACTIVE,"FACT; CLM-004 (revised under SCA-V4-001) states this received input explicitly. RequiredMaturity=INITIALIZED is the local contract threshold only; actual contribution receipt/fulfilment is unclaimed. Fulfilment is not established by this extraction. UPDATE 20260929 (SCA-V4-002 DX): EvidenceQuote re-quoted exactly, inline-code backticks included (ASC-ISS-008; V12 F1); no other field changed.","PKG-04_Human acts, autonomy and run evidence/1_Working/DEL-04-03_Content-bound decisions and compact run records/Dependencies.csv",cff3c10a4b78624030a93ad544d58e527f786944e65ebba150a7f05be5639779,23,SR-1;SR-2;SR-3(all canonical types);SR-4(no cut/merge ruling);SR-5(not applied);SR-6;SR-7(held),SCC_UNRESOLVED,SCC-002,_DAG/cases/SCC-CASE-002,"Identify and compare actual portable/native/workspace, C/P/catalog, policy-record, role and host receiving versions; preserve actual trace production separately from OI-003 owner ruling and host/person acts. Future/post30 input-specific work; see continuing CASE-002 and retained CASE-004 history."
v3.1,DEP-04-03-024,PKG-04,DEL-04-03,Content-bound decisions and compact run records,EXECUTION,NOT_APPLICABLE,UPSTREAM,INTERFACE,DELIVERABLE,PKG-03,DEL-03-02,,"Proposal, validation and outcome contract","projects/chirality-app-v4/execution/PKG-03_Host capability and operation contracts/1_Working/DEL-03-02_Proposal, validation and outcome contract","Receive operation outcomes, change-item content identities and receipt links from App DEL-03-02.",ScopeOfWork.md,"ScopeOfWork.md#Deliverable Definition — Ontology; CLM-004 (receives clause, added under SCA-V4-001); line 55","operation outcomes, change-item content identities and receipt links from `DEL-03-02`,",EXPLICIT,INITIALIZED,,PENDING,HIGH,EXTRACTED,2026-09-29T14:34:59Z,2026-10-04T01:14:27+00:00,ACTIVE,"FACT; CLM-004 (revised under SCA-V4-001) states this received input explicitly. RequiredMaturity=INITIALIZED is the local contract threshold only; actual contribution receipt/fulfilment is unclaimed. Fulfilment is not established by this extraction. UPDATE 20260929 (SCA-V4-002 DX): EvidenceQuote re-quoted exactly, inline-code backticks included (ASC-ISS-008; V12 F1); no other field changed.","PKG-04_Human acts, autonomy and run evidence/1_Working/DEL-04-03_Content-bound decisions and compact run records/Dependencies.csv",cff3c10a4b78624030a93ad544d58e527f786944e65ebba150a7f05be5639779,24,SR-1;SR-2;SR-3(all canonical types);SR-4(no cut/merge ruling);SR-5(not applied);SR-6;SR-7(held),SCC_UNRESOLVED,SCC-002,_DAG/cases/SCC-CASE-002,"Identify and compare actual portable/native/workspace, C/P/catalog, policy-record, role and host receiving versions; preserve actual trace production separately from OI-003 owner ruling and host/person acts. Future/post30 input-specific work; see continuing CASE-002 and retained CASE-004 history."
v3.1,DEP-04-03-026,PKG-04,DEL-04-03,Content-bound decisions and compact run records,EXECUTION,NOT_APPLICABLE,UPSTREAM,INTERFACE,DELIVERABLE,PKG-03,DEL-03-03,,Local external-agent receiving adapter,projects/chirality-app-v4/execution/PKG-03_Host capability and operation contracts/1_Working/DEL-03-03_Local external-agent receiving adapter,Receive external dispatch entries from App DEL-03-03.,ScopeOfWork.md,"ScopeOfWork.md#Deliverable Definition — Ontology; CLM-004 (receives clause, added under SCA-V4-001); line 55","external dispatch entries from `DEL-03-03`,",EXPLICIT,INITIALIZED,,PENDING,HIGH,EXTRACTED,2026-09-29T14:34:59Z,2026-10-04T01:14:27+00:00,ACTIVE,"FACT; CLM-004 (revised under SCA-V4-001) states this received input explicitly. RequiredMaturity=INITIALIZED is the local contract threshold only; actual contribution receipt/fulfilment is unclaimed. Fulfilment is not established by this extraction. UPDATE 20260929 (SCA-V4-002 DX): EvidenceQuote re-quoted exactly, inline-code backticks included (ASC-ISS-008; V12 F1); no other field changed.","PKG-04_Human acts, autonomy and run evidence/1_Working/DEL-04-03_Content-bound decisions and compact run records/Dependencies.csv",cff3c10a4b78624030a93ad544d58e527f786944e65ebba150a7f05be5639779,26,SR-1;SR-2;SR-3(all canonical types);SR-4(no cut/merge ruling);SR-5(not applied);SR-6;SR-7(held),SCC_UNRESOLVED,SCC-002,_DAG/cases/SCC-CASE-002,"Identify and compare actual portable/native/workspace, C/P/catalog, policy-record, role and host receiving versions; preserve actual trace production separately from OI-003 owner ruling and host/person acts. Future/post30 input-specific work; see continuing CASE-002 and retained CASE-004 history."
v3.1,DEP-04-03-022,PKG-04,DEL-04-03,Content-bound decisions and compact run records,EXECUTION,NOT_APPLICABLE,UPSTREAM,INTERFACE,DELIVERABLE,PKG-04,DEL-04-02,,Visible autonomy and result standing,"projects/chirality-app-v4/execution/PKG-04_Human acts, autonomy and run evidence/1_Working/DEL-04-02_Visible autonomy and result standing",Receive settings-in from App DEL-04-02 for the run record.,ScopeOfWork.md,"ScopeOfWork.md#Deliverable Definition — Ontology; CLM-004 (receives clause, added under SCA-V4-001); line 55","settings-in from `DEL-04-02`,",EXPLICIT,INITIALIZED,,PENDING,HIGH,EXTRACTED,2026-09-29T14:34:59Z,2026-10-04T01:14:27+00:00,ACTIVE,"FACT; CLM-004 (revised under SCA-V4-001) states this received input explicitly. Distinct from the DEL-04-03 -> DEL-04-02 record-evidence handover (DEP-04-03-014). RequiredMaturity=INITIALIZED is the local contract threshold only; actual contribution receipt/fulfilment is unclaimed. Fulfilment is not established by this extraction. UPDATE 20260929 (SCA-V4-002 DX): EvidenceQuote re-quoted exactly, inline-code backticks included (ASC-ISS-008; V12 F1); no other field changed.","PKG-04_Human acts, autonomy and run evidence/1_Working/DEL-04-03_Content-bound decisions and compact run records/Dependencies.csv",cff3c10a4b78624030a93ad544d58e527f786944e65ebba150a7f05be5639779,22,SR-1;SR-2;SR-3(all canonical types);SR-4(no cut/merge ruling);SR-5(not applied);SR-6;SR-7(held),SCC_UNRESOLVED,SCC-002,_DAG/cases/SCC-CASE-002,"Identify and compare actual portable/native/workspace, C/P/catalog, policy-record, role and host receiving versions; preserve actual trace production separately from OI-003 owner ruling and host/person acts. Future/post30 input-specific work; see continuing CASE-002 and retained CASE-004 history."
v3.1,DEP-04-03-028,PKG-04,DEL-04-03,Content-bound decisions and compact run records,EXECUTION,NOT_APPLICABLE,UPSTREAM,INTERFACE,DELIVERABLE,PKG-05,DEL-05-01,,Minimal-loop and model receiving contract,projects/chirality-app-v4/execution/PKG-05_Embedded-host receiving integration/1_Working/DEL-05-01_Minimal-loop and model receiving contract,"Receive a host agent's network-destination events (destination contacted, destination grant, destination declined) from App DEL-05-01, per APP-V4-SWBPIPE-INTAKE-20260928-DECISION-5.",ScopeOfWork.md,"ScopeOfWork.md#Deliverable Definition — Ontology; CLM-004 (receives clause, added under SCA-V4-001); line 55","a host agent's network-destination events (destination contacted, destination grant, destination declined) from `DEL-05-01` (`APP-V4-SWBPIPE-INTAKE-20260928-DECISION-5`);",EXPLICIT,INITIALIZED,,PENDING,HIGH,EXTRACTED,2026-09-29T14:34:59Z,2026-10-04T01:14:27+00:00,ACTIVE,"FACT; CLM-004 (revised under SCA-V4-001) states this received input explicitly. Distinct from the opposite-direction record-meaning consumption by DEL-05-01. RequiredMaturity=INITIALIZED is the local contract threshold only; actual contribution receipt/fulfilment is unclaimed. Fulfilment is not established by this extraction. UPDATE 20260929 (SCA-V4-002 DX): EvidenceQuote re-quoted exactly, inline-code backticks included (ASC-ISS-008; V12 F1); no other field changed.","PKG-04_Human acts, autonomy and run evidence/1_Working/DEL-04-03_Content-bound decisions and compact run records/Dependencies.csv",cff3c10a4b78624030a93ad544d58e527f786944e65ebba150a7f05be5639779,28,SR-1;SR-2;SR-3(all canonical types);SR-4(no cut/merge ruling);SR-5(not applied);SR-6;SR-7(held),SCC_UNRESOLVED,SCC-002,_DAG/cases/SCC-CASE-002,"Identify and compare actual portable/native/workspace, C/P/catalog, policy-record, role and host receiving versions; preserve actual trace production separately from OI-003 owner ruling and host/person acts. Future/post30 input-specific work; see continuing CASE-002 and retained CASE-004 history."
v3.1,DEP-05-01-016,PKG-05,DEL-05-01,Minimal-loop and model receiving contract,EXECUTION,NOT_APPLICABLE,UPSTREAM,INTERFACE,DELIVERABLE,PKG-02,DEL-02-01,,Portable workflow contract and shared allocation,projects/chirality-app-v4/execution/PKG-02_Workflow and role portability/1_Working/DEL-02-01_Portable workflow contract and shared allocation,Receive adopted portable workflow/role/checkpoint declarations for loop checkpoint/event definitions and fixtures; consume their shared meaning without deciding common-component allocation.,ScopeOfWork.md,ScopeOfWork.md — Deliverable Definition — Ontology / CLM-002; Completion and Reliance Basis — Epistemology / REQ-005 and REQ-007,This deliverable consumes their meanings at the loop boundary.,EXPLICIT,INITIALIZED,,PENDING,HIGH,EXTRACTED,2026-09-27,2026-10-04T01:14:27+00:00,ACTIVE,FACT: CLM-002 explicitly says this deliverable consumes the listed meanings at the loop boundary. RequiredMaturity=INITIALIZED is the local contract threshold only; adopted technical artifacts and interface identities remain required at actual use and unconfirmed. Definition/implementation ownership stays with the named owner.,PKG-05_Embedded-host receiving integration/1_Working/DEL-05-01_Minimal-loop and model receiving contract/Dependencies.csv,9cf716c18b0077d6084c1d79693248d3b829d83c30ac822b97ed887101f0eb70,16,SR-1;SR-2;SR-3(all canonical types);SR-4(no cut/merge ruling);SR-5(not applied);SR-6;SR-7(held),SCC_UNRESOLVED,SCC-002,_DAG/cases/SCC-CASE-002,"Identify and compare actual portable/native/workspace, C/P/catalog, policy-record, role and host receiving versions; preserve actual trace production separately from OI-003 owner ruling and host/person acts. Future/post30 input-specific work; see continuing CASE-002 and retained CASE-004 history."
v3.1,DEP-05-01-017,PKG-05,DEL-05-01,Minimal-loop and model receiving contract,EXECUTION,NOT_APPLICABLE,UPSTREAM,INTERFACE,DELIVERABLE,PKG-02,DEL-02-03,,Workflow execution compatibility and round-trip support,projects/chirality-app-v4/execution/PKG-02_Workflow and role portability/1_Working/DEL-02-03_Workflow execution compatibility and round-trip support,Consume DEL-02-03's workflow execution/checkpoint receiving behavior at the loop boundary: in the current phase the loop evaluates reached-when and records checkpoint arrivals and acts as observation; for the governance phase it realizes DEL-02-03's retained hold machine and hold-support values. Actual adopted behavior/identity must be supplied at use.,ScopeOfWork.md,ScopeOfWork.md — Deliverable Definition — Ontology / CLM-002; Completion and Reliance Basis — Epistemology / REQ-006 and REQ-007,This deliverable consumes their meanings at the loop boundary.,EXPLICIT,INITIALIZED,,PENDING,HIGH,EXTRACTED,2026-09-27,2026-10-04T01:14:27+00:00,ACTIVE,"FACT: CLM-002 explicitly says this deliverable consumes the listed meanings at the loop boundary. RequiredMaturity=INITIALIZED is the local contract threshold only; adopted technical artifacts and interface identities remain required at actual use and unconfirmed. Definition/implementation ownership stays with the named owner. UPDATE 20260929: revised REQ-006 (SCA-V4-001, APP-V4-SWBPIPE-INTAKE-20260928-DECISION-4 D4-1) names the hold machine and hold-support values of DEL-02-03 as realized by the loop in the governance phase; stating those receiving obligations is local work, not implementation of DEL-02-03.",PKG-05_Embedded-host receiving integration/1_Working/DEL-05-01_Minimal-loop and model receiving contract/Dependencies.csv,9cf716c18b0077d6084c1d79693248d3b829d83c30ac822b97ed887101f0eb70,17,SR-1;SR-2;SR-3(all canonical types);SR-4(no cut/merge ruling);SR-5(not applied);SR-6;SR-7(held),SCC_UNRESOLVED,SCC-002,_DAG/cases/SCC-CASE-002,"Identify and compare actual portable/native/workspace, C/P/catalog, policy-record, role and host receiving versions; preserve actual trace production separately from OI-003 owner ruling and host/person acts. Future/post30 input-specific work; see continuing CASE-002 and retained CASE-004 history."
v3.1,DEP-05-01-014,PKG-05,DEL-05-01,Minimal-loop and model receiving contract,EXECUTION,NOT_APPLICABLE,UPSTREAM,INTERFACE,DELIVERABLE,PKG-03,DEL-03-01,,Capability catalog and read-basis contract,projects/chirality-app-v4/execution/PKG-03_Host capability and operation contracts/1_Working/DEL-03-01_Capability catalog and read-basis contract,Receive the adopted capability-catalog/read-basis schemas and catalog identity for loop argument validation and catalog-bound fixtures; this deliverable does not define those schemas.,ScopeOfWork.md,ScopeOfWork.md — Completion and Reliance Basis — Epistemology / REQ-003; Deliverable Definition — Ontology / CLM-002; Production and Verification Method — Praxeology / VER-004,Tool arguments shall be checked against the adopted host catalog schemas before host domain validation.,EXPLICIT,INITIALIZED,,PENDING,HIGH,EXTRACTED,2026-09-27,2026-10-04T01:14:27+00:00,ACTIVE,"FACT: CLM-002 explicitly says this deliverable consumes the listed meanings at the loop boundary. RequiredMaturity=INITIALIZED is the local contract threshold only; adopted technical artifacts and interface identities remain required at actual use and unconfirmed. Definition/implementation ownership stays with the named owner. UPDATE 20261003 (SCA-V4-003 DX): R-0501-2 (accepted ledger annotation; source pass-2 C1-C §7, LOOP §5.3 DF-1; not restated in this ScopeOfWork): the destination flow also consumes the catalog's host-declared external-contact declaration and the destination-request entry kind, which DEL-03-01's revised OUT-001/REQ-002 now define. Same supplier and arc; quote unchanged and verbatim. Identity, direction, type, target, maturity and closure unchanged.",PKG-05_Embedded-host receiving integration/1_Working/DEL-05-01_Minimal-loop and model receiving contract/Dependencies.csv,9cf716c18b0077d6084c1d79693248d3b829d83c30ac822b97ed887101f0eb70,14,SR-1;SR-2;SR-3(all canonical types);SR-4(no cut/merge ruling);SR-5(not applied);SR-6;SR-7(held),SCC_UNRESOLVED,SCC-002,_DAG/cases/SCC-CASE-002,"Identify and compare actual portable/native/workspace, C/P/catalog, policy-record, role and host receiving versions; preserve actual trace production separately from OI-003 owner ruling and host/person acts. Future/post30 input-specific work; see continuing CASE-002 and retained CASE-004 history."
v3.1,DEP-05-01-015,PKG-05,DEL-05-01,Minimal-loop and model receiving contract,EXECUTION,NOT_APPLICABLE,UPSTREAM,INTERFACE,DELIVERABLE,PKG-03,DEL-03-02,,"Proposal, validation and outcome contract","projects/chirality-app-v4/execution/PKG-03_Host capability and operation contracts/1_Working/DEL-03-02_Proposal, validation and outcome contract","Consume the proposal/validation/outcome contract meaning at the loop boundary so schema validity does not substitute for host validation, acceptance or a human act. Actual adopted meaning remains an incoming contract input.",ScopeOfWork.md,ScopeOfWork.md — Deliverable Definition — Ontology / CLM-002; Completion and Reliance Basis — Epistemology / REQ-003 and REQ-007,This deliverable consumes their meanings at the loop boundary.,EXPLICIT,INITIALIZED,,PENDING,HIGH,EXTRACTED,2026-09-27,2026-10-04T01:14:27+00:00,ACTIVE,FACT: CLM-002 explicitly says this deliverable consumes the listed meanings at the loop boundary. RequiredMaturity=INITIALIZED is the local contract threshold only; adopted technical artifacts and interface identities remain required at actual use and unconfirmed. Definition/implementation ownership stays with the named owner.,PKG-05_Embedded-host receiving integration/1_Working/DEL-05-01_Minimal-loop and model receiving contract/Dependencies.csv,9cf716c18b0077d6084c1d79693248d3b829d83c30ac822b97ed887101f0eb70,15,SR-1;SR-2;SR-3(all canonical types);SR-4(no cut/merge ruling);SR-5(not applied);SR-6;SR-7(held),SCC_UNRESOLVED,SCC-002,_DAG/cases/SCC-CASE-002,"Identify and compare actual portable/native/workspace, C/P/catalog, policy-record, role and host receiving versions; preserve actual trace production separately from OI-003 owner ruling and host/person acts. Future/post30 input-specific work; see continuing CASE-002 and retained CASE-004 history."
v3.1,DEP-05-01-025,PKG-05,DEL-05-01,Minimal-loop and model receiving contract,EXECUTION,NOT_APPLICABLE,UPSTREAM,INTERFACE,DELIVERABLE,PKG-04,DEL-04-02,,Visible autonomy and result standing,"projects/chirality-app-v4/execution/PKG-04_Human acts, autonomy and run evidence/1_Working/DEL-04-02_Visible autonomy and result standing",Receive the autonomy-grant display states and standing exchange from DEL-04-02 and consume them as the grant in force carried on each loop dispatch; this deliverable does not define those states.,ScopeOfWork.md,ScopeOfWork.md — Deliverable Definition — Ontology / CLM-002; Completion and Reliance Basis — Epistemology / REQ-006,"`DEL-04-02` owns the autonomy-grant display states and standing exchange, which this deliverable consumes as the grant in force carried on each dispatch;",EXPLICIT,INITIALIZED,,PENDING,HIGH,EXTRACTED,2026-09-29T14:40:03+00:00,2026-10-04T01:14:27+00:00,ACTIVE,"FACT: added by SCA-V4-001 revision of CLM-002/REQ-006; CLM-002 explicitly states consumption. RequiredMaturity=INITIALIZED is the local contract threshold only; the adopted grant/standing interface remains required at actual use and unconfirmed. Definition stays with DEL-04-02. UPDATE 20261003 (SCA-V4-003 DX): R-0501-3 (accepted ledger annotation; source pass-2 C1-C §7, B4 §7; not restated in this ScopeOfWork): the grant in force carried on each dispatch is now defined (AS §12.1; LOOP §6.2). Quote unchanged and verbatim. Identity, direction, type, target, maturity and closure unchanged.",PKG-05_Embedded-host receiving integration/1_Working/DEL-05-01_Minimal-loop and model receiving contract/Dependencies.csv,9cf716c18b0077d6084c1d79693248d3b829d83c30ac822b97ed887101f0eb70,25,SR-1;SR-2;SR-3(all canonical types);SR-4(no cut/merge ruling);SR-5(not applied);SR-6;SR-7(held),SCC_UNRESOLVED,SCC-002,_DAG/cases/SCC-CASE-002,"Identify and compare actual portable/native/workspace, C/P/catalog, policy-record, role and host receiving versions; preserve actual trace production separately from OI-003 owner ruling and host/person acts. Future/post30 input-specific work; see continuing CASE-002 and retained CASE-004 history."
v3.1,DEP-05-01-019,PKG-05,DEL-05-01,Minimal-loop and model receiving contract,EXECUTION,NOT_APPLICABLE,UPSTREAM,INTERFACE,DELIVERABLE,PKG-04,DEL-04-03,,Content-bound decisions and compact run records,"projects/chirality-app-v4/execution/PKG-04_Human acts, autonomy and run evidence/1_Working/DEL-04-03_Content-bound decisions and compact run records","Receive adopted shared human-act/run-record meanings and format for loop event/checkpoint and record receiving definitions and examples; actual execution, acceptance, checking, approval and reliance remain separately evidenced.",ScopeOfWork.md,ScopeOfWork.md — Production and Verification Method — Praxeology / VER-008; Deliverable Definition — Ontology / CLM-002; Completion and Reliance Basis — Epistemology / REQ-007,"Review checkpoint/event/evidence examples against adopted workflow, policy and record inputs.",EXPLICIT,INITIALIZED,,PENDING,HIGH,EXTRACTED,2026-09-27,2026-10-04T01:14:27+00:00,ACTIVE,FACT: CLM-002 explicitly says this deliverable consumes the listed meanings at the loop boundary. RequiredMaturity=INITIALIZED is the local contract threshold only; adopted technical artifacts and interface identities remain required at actual use and unconfirmed. Definition/implementation ownership stays with the named owner.,PKG-05_Embedded-host receiving integration/1_Working/DEL-05-01_Minimal-loop and model receiving contract/Dependencies.csv,9cf716c18b0077d6084c1d79693248d3b829d83c30ac822b97ed887101f0eb70,19,SR-1;SR-2;SR-3(all canonical types);SR-4(no cut/merge ruling);SR-5(not applied);SR-6;SR-7(held),SCC_UNRESOLVED,SCC-002,_DAG/cases/SCC-CASE-002,"Identify and compare actual portable/native/workspace, C/P/catalog, policy-record, role and host receiving versions; preserve actual trace production separately from OI-003 owner ruling and host/person acts. Future/post30 input-specific work; see continuing CASE-002 and retained CASE-004 history."
v3.1,DEP-05-01-020,PKG-05,DEL-05-01,Minimal-loop and model receiving contract,EXECUTION,NOT_APPLICABLE,UPSTREAM,INTERFACE,DELIVERABLE,PKG-05,DEL-05-02,,Host panel and shared interaction receiving,projects/chirality-app-v4/execution/PKG-05_Embedded-host receiving integration/1_Working/DEL-05-02_Host panel and shared interaction receiving,Receive the App/shared panel receiving needs and meaning at the loop boundary for the receiving/allocation account; host-specific panel assembly remains external and common implementation remains unallocated.,ScopeOfWork.md,ScopeOfWork.md — Completion and Reliance Basis — Epistemology / REQ-005; Deliverable Definition — Ontology / CLM-002,catalog schemas; shared workflow/role/checkpoint meanings; record and human-act meanings; panel receiving needs; and host-specific native/loop evidence.,EXPLICIT,INITIALIZED,,PENDING,HIGH,EXTRACTED,2026-09-27,2026-10-04T01:14:27+00:00,ACTIVE,FACT: CLM-002 explicitly says this deliverable consumes the listed meanings at the loop boundary. RequiredMaturity=INITIALIZED is the local contract threshold only; adopted technical artifacts and interface identities remain required at actual use and unconfirmed. Definition/implementation ownership stays with the named owner.,PKG-05_Embedded-host receiving integration/1_Working/DEL-05-01_Minimal-loop and model receiving contract/Dependencies.csv,9cf716c18b0077d6084c1d79693248d3b829d83c30ac822b97ed887101f0eb70,20,SR-1;SR-2;SR-3(all canonical types);SR-4(no cut/merge ruling);SR-5(not applied);SR-6;SR-7(held),SCC_UNRESOLVED,SCC-002,_DAG/cases/SCC-CASE-002,"Identify and compare actual portable/native/workspace, C/P/catalog, policy-record, role and host receiving versions; preserve actual trace production separately from OI-003 owner ruling and host/person acts. Future/post30 input-specific work; see continuing CASE-002 and retained CASE-004 history."
v3.1,DEP-05-02-005,PKG-05,DEL-05-02,Host panel and shared interaction receiving,EXECUTION,NOT_APPLICABLE,UPSTREAM,PREREQUISITE,DELIVERABLE,PKG-02,DEL-02-01,,Portable workflow contract and shared allocation,projects/chirality-app-v4/execution/PKG-02_Workflow and role portability/1_Working/DEL-02-01_Portable workflow contract and shared allocation,"Panel receiving requirements consume the actual identified, independently compared portable workflow/checkpoint meaning definition supplied by App-v4 DEL-02-01; the required input must be identified or recorded as unavailable.",ScopeOfWork.md,ScopeOfWork.md#Deliverable Definition — Ontology / CLM-002 (line 35); Completion and Reliance Basis — Epistemology / REQ-001 (line 47); Production and Verification Method — Praxeology (line 64),`DEL-02-01` supplies portable workflow/checkpoint meaning;,EXPLICIT,INITIALIZED,,PENDING,HIGH,EXTRACTED,2026-09-28T03:27:25Z,2026-10-04T01:14:27+00:00,ACTIVE,"FACT: CLM-002 explicitly states that their checked definitions are consumed here. INITIALIZED is the local contract-maturity threshold only; actual checked-definition receipt, applicability and fulfilment are unclaimed. App-v4 identity; not an identically numbered external-project deliverable. UPDATE 20261003 (SCA-V4-003 DX): R-0502-1: Statement wording ""checked"" → ""identified, independently compared"" (pass-2 R-4 reserves ""checked"" for the person's act A4); meaning unchanged. The ScopeOfWork is not revised by SCA-V4-003 (register-only action, Amendment_Actions row 18); quote unchanged and verbatim. Identity, direction, type, target, maturity and closure unchanged.",PKG-05_Embedded-host receiving integration/1_Working/DEL-05-02_Host panel and shared interaction receiving/Dependencies.csv,4fa3cd981be4086b693aabc6d4ee7c056d3a5c078893a1a5a43b5db9537212a1,5,SR-1;SR-2;SR-3(all canonical types);SR-4(no cut/merge ruling);SR-5(not applied);SR-6;SR-7(held),SCC_UNRESOLVED,SCC-002,_DAG/cases/SCC-CASE-002,"Identify and compare actual portable/native/workspace, C/P/catalog, policy-record, role and host receiving versions; preserve actual trace production separately from OI-003 owner ruling and host/person acts. Future/post30 input-specific work; see continuing CASE-002 and retained CASE-004 history."
v3.1,DEP-05-02-020,PKG-05,DEL-05-02,Host panel and shared interaction receiving,EXECUTION,NOT_APPLICABLE,UPSTREAM,PREREQUISITE,DELIVERABLE,PKG-02,DEL-02-03,,Workflow execution compatibility and round-trip support,projects/chirality-app-v4/execution/PKG-02_Workflow and role portability/1_Working/DEL-02-03_Workflow execution compatibility and round-trip support,"Panel receiving requirements consume DEL-02-03's checkpoint recording meanings displayed in the current phase (arrival, act recorded only when performed, act-lapsed label) and, for the governance phase, its retained hold-support values and hold-machine meanings.",ScopeOfWork.md,ScopeOfWork.md#Deliverable Definition — Ontology / CLM-002 (line 35); Completion and Reliance Basis — Epistemology / REQ-001 (line 47); Production and Verification Method — Praxeology (line 64); Completion and Reliance Basis — Epistemology / REQ-006 (line 52),"`DEL-02-03` supplies the checkpoint recording meanings the panel displays in the current phase (arrival, act recorded only when performed, act-lapsed label)",EXPLICIT,INITIALIZED,,PENDING,HIGH,EXTRACTED,2026-09-29T14:41:27+00:00,2026-10-04T01:14:27+00:00,ACTIVE,FACT: added by SCA-V4-001 revision of CLM-002/REQ-006 (APP-V4-SWBPIPE-INTAKE-20260928-DECISION-4 D4-1 phasing); CLM-002 explicitly states consumption. Hold-support values and hold-machine meanings apply only to the governance phase. INITIALIZED is the local contract-maturity threshold only; receipt is unclaimed. App-v4 identity.,PKG-05_Embedded-host receiving integration/1_Working/DEL-05-02_Host panel and shared interaction receiving/Dependencies.csv,4fa3cd981be4086b693aabc6d4ee7c056d3a5c078893a1a5a43b5db9537212a1,20,SR-1;SR-2;SR-3(all canonical types);SR-4(no cut/merge ruling);SR-5(not applied);SR-6;SR-7(held),SCC_UNRESOLVED,SCC-002,_DAG/cases/SCC-CASE-002,"Identify and compare actual portable/native/workspace, C/P/catalog, policy-record, role and host receiving versions; preserve actual trace production separately from OI-003 owner ruling and host/person acts. Future/post30 input-specific work; see continuing CASE-002 and retained CASE-004 history."
v3.1,DEP-05-02-006,PKG-05,DEL-05-02,Host panel and shared interaction receiving,EXECUTION,NOT_APPLICABLE,UPSTREAM,PREREQUISITE,DELIVERABLE,PKG-03,DEL-03-01,,Capability catalog and read-basis contract,projects/chirality-app-v4/execution/PKG-03_Host capability and operation contracts/1_Working/DEL-03-01_Capability catalog and read-basis contract,"Panel receiving requirements consume the actual identified, independently compared catalog/read-basis meaning definition supplied by App-v4 DEL-03-01; the required input must be identified or recorded as unavailable.",ScopeOfWork.md,ScopeOfWork.md#Deliverable Definition — Ontology / CLM-002 (line 35); Completion and Reliance Basis — Epistemology / REQ-001 (line 47); Production and Verification Method — Praxeology (line 64),`DEL-03-01` supplies catalog/read-basis meaning;,EXPLICIT,INITIALIZED,,PENDING,HIGH,EXTRACTED,2026-09-28T03:27:25Z,2026-10-04T01:14:27+00:00,ACTIVE,"FACT: CLM-002 explicitly states that their checked definitions are consumed here. INITIALIZED is the local contract-maturity threshold only; actual checked-definition receipt, applicability and fulfilment are unclaimed. App-v4 identity; not an identically numbered external-project deliverable. UPDATE 20261003 (SCA-V4-003 DX): R-0502-1: Statement wording ""checked"" → ""identified, independently compared"" (pass-2 R-4 reserves ""checked"" for the person's act A4); meaning unchanged. The ScopeOfWork is not revised by SCA-V4-003 (register-only action, Amendment_Actions row 18); quote unchanged and verbatim. Identity, direction, type, target, maturity and closure unchanged.",PKG-05_Embedded-host receiving integration/1_Working/DEL-05-02_Host panel and shared interaction receiving/Dependencies.csv,4fa3cd981be4086b693aabc6d4ee7c056d3a5c078893a1a5a43b5db9537212a1,6,SR-1;SR-2;SR-3(all canonical types);SR-4(no cut/merge ruling);SR-5(not applied);SR-6;SR-7(held),SCC_UNRESOLVED,SCC-002,_DAG/cases/SCC-CASE-002,"Identify and compare actual portable/native/workspace, C/P/catalog, policy-record, role and host receiving versions; preserve actual trace production separately from OI-003 owner ruling and host/person acts. Future/post30 input-specific work; see continuing CASE-002 and retained CASE-004 history."
v3.1,DEP-05-02-007,PKG-05,DEL-05-02,Host panel and shared interaction receiving,EXECUTION,NOT_APPLICABLE,UPSTREAM,PREREQUISITE,DELIVERABLE,PKG-03,DEL-03-02,,"Proposal, validation and outcome contract","projects/chirality-app-v4/execution/PKG-03_Host capability and operation contracts/1_Working/DEL-03-02_Proposal, validation and outcome contract","Panel receiving requirements consume the actual identified, independently compared proposal, validation and outcome meaning definition supplied by App-v4 DEL-03-02; the required input must be identified or recorded as unavailable.",ScopeOfWork.md,ScopeOfWork.md#Deliverable Definition — Ontology / CLM-002 (line 35); Completion and Reliance Basis — Epistemology / REQ-001 (line 47); Production and Verification Method — Praxeology (line 64),"`DEL-03-02` supplies proposal, validation and outcome meaning;",EXPLICIT,INITIALIZED,,PENDING,HIGH,EXTRACTED,2026-09-28T03:27:25Z,2026-10-04T01:14:27+00:00,ACTIVE,"FACT: CLM-002 explicitly states that their checked definitions are consumed here. INITIALIZED is the local contract-maturity threshold only; actual checked-definition receipt, applicability and fulfilment are unclaimed. App-v4 identity; not an identically numbered external-project deliverable. UPDATE 20261003 (SCA-V4-003 DX): R-0502-1: Statement wording ""checked"" → ""identified, independently compared"" (pass-2 R-4 reserves ""checked"" for the person's act A4); meaning unchanged. The ScopeOfWork is not revised by SCA-V4-003 (register-only action, Amendment_Actions row 18); quote unchanged and verbatim. Identity, direction, type, target, maturity and closure unchanged.",PKG-05_Embedded-host receiving integration/1_Working/DEL-05-02_Host panel and shared interaction receiving/Dependencies.csv,4fa3cd981be4086b693aabc6d4ee7c056d3a5c078893a1a5a43b5db9537212a1,7,SR-1;SR-2;SR-3(all canonical types);SR-4(no cut/merge ruling);SR-5(not applied);SR-6;SR-7(held),SCC_UNRESOLVED,SCC-002,_DAG/cases/SCC-CASE-002,"Identify and compare actual portable/native/workspace, C/P/catalog, policy-record, role and host receiving versions; preserve actual trace production separately from OI-003 owner ruling and host/person acts. Future/post30 input-specific work; see continuing CASE-002 and retained CASE-004 history."
v3.1,DEP-05-02-019,PKG-05,DEL-05-02,Host panel and shared interaction receiving,EXECUTION,NOT_APPLICABLE,UPSTREAM,PREREQUISITE,DELIVERABLE,PKG-04,DEL-04-02,,Visible autonomy and result standing,"projects/chirality-app-v4/execution/PKG-04_Human acts, autonomy and run evidence/1_Working/DEL-04-02_Visible autonomy and result standing","Panel receiving requirements consume the actual identified, independently compared autonomy-grant display states and active scope definition supplied by App-v4 DEL-04-02; the required input must be identified or recorded as unavailable.",ScopeOfWork.md,ScopeOfWork.md#Deliverable Definition — Ontology / CLM-002 (line 35); Completion and Reliance Basis — Epistemology / REQ-001 (line 47); Production and Verification Method — Praxeology (line 64); Completion and Reliance Basis — Epistemology / REQ-006 (line 52),`DEL-04-02` supplies autonomy-grant display states and active scope.,EXPLICIT,INITIALIZED,,PENDING,HIGH,EXTRACTED,2026-09-29T14:41:27+00:00,2026-10-04T01:14:27+00:00,ACTIVE,"FACT: added by SCA-V4-001 revision of CLM-002/REQ-006; CLM-002 explicitly states that the identified, independently compared definitions are consumed here. INITIALIZED is the local contract-maturity threshold only; receipt, applicability and fulfilment are unclaimed. App-v4 identity. UPDATE 20261003 (SCA-V4-003 DX): R-0502-1: Statement wording ""checked"" → ""identified, independently compared"" (pass-2 R-4 reserves ""checked"" for the person's act A4); meaning unchanged. The ScopeOfWork is not revised by SCA-V4-003 (register-only action, Amendment_Actions row 18); quote unchanged and verbatim. Identity, direction, type, target, maturity and closure unchanged.",PKG-05_Embedded-host receiving integration/1_Working/DEL-05-02_Host panel and shared interaction receiving/Dependencies.csv,4fa3cd981be4086b693aabc6d4ee7c056d3a5c078893a1a5a43b5db9537212a1,19,SR-1;SR-2;SR-3(all canonical types);SR-4(no cut/merge ruling);SR-5(not applied);SR-6;SR-7(held),SCC_UNRESOLVED,SCC-002,_DAG/cases/SCC-CASE-002,"Identify and compare actual portable/native/workspace, C/P/catalog, policy-record, role and host receiving versions; preserve actual trace production separately from OI-003 owner ruling and host/person acts. Future/post30 input-specific work; see continuing CASE-002 and retained CASE-004 history."
v3.1,DEP-05-02-009,PKG-05,DEL-05-02,Host panel and shared interaction receiving,EXECUTION,NOT_APPLICABLE,UPSTREAM,PREREQUISITE,DELIVERABLE,PKG-04,DEL-04-03,,Content-bound decisions and compact run records,"projects/chirality-app-v4/execution/PKG-04_Human acts, autonomy and run evidence/1_Working/DEL-04-03_Content-bound decisions and compact run records","Panel receiving requirements consume the actual identified, independently compared content-bound decision/run-record meaning definition supplied by App-v4 DEL-04-03; the required input must be identified or recorded as unavailable.",ScopeOfWork.md,ScopeOfWork.md#Deliverable Definition — Ontology / CLM-002 (line 35); Completion and Reliance Basis — Epistemology / REQ-001 (line 47); Production and Verification Method — Praxeology (line 64),`DEL-04-03` supplies content-bound decision/run-record meaning;,EXPLICIT,INITIALIZED,,PENDING,HIGH,EXTRACTED,2026-09-28T03:27:25Z,2026-10-04T01:14:27+00:00,ACTIVE,"FACT: CLM-002 explicitly states that their checked definitions are consumed here. INITIALIZED is the local contract-maturity threshold only; actual checked-definition receipt, applicability and fulfilment are unclaimed. App-v4 identity; not an identically numbered external-project deliverable. UPDATE 20261003 (SCA-V4-003 DX): R-0502-1: Statement wording ""checked"" → ""identified, independently compared"" (pass-2 R-4 reserves ""checked"" for the person's act A4); meaning unchanged. The ScopeOfWork is not revised by SCA-V4-003 (register-only action, Amendment_Actions row 18); quote unchanged and verbatim. Identity, direction, type, target, maturity and closure unchanged.",PKG-05_Embedded-host receiving integration/1_Working/DEL-05-02_Host panel and shared interaction receiving/Dependencies.csv,4fa3cd981be4086b693aabc6d4ee7c056d3a5c078893a1a5a43b5db9537212a1,9,SR-1;SR-2;SR-3(all canonical types);SR-4(no cut/merge ruling);SR-5(not applied);SR-6;SR-7(held),SCC_UNRESOLVED,SCC-002,_DAG/cases/SCC-CASE-002,"Identify and compare actual portable/native/workspace, C/P/catalog, policy-record, role and host receiving versions; preserve actual trace production separately from OI-003 owner ruling and host/person acts. Future/post30 input-specific work; see continuing CASE-002 and retained CASE-004 history."
v3.1,DEP-05-02-010,PKG-05,DEL-05-02,Host panel and shared interaction receiving,EXECUTION,NOT_APPLICABLE,UPSTREAM,PREREQUISITE,DELIVERABLE,PKG-05,DEL-05-01,,Minimal-loop and model receiving contract,projects/chirality-app-v4/execution/PKG-05_Embedded-host receiving integration/1_Working/DEL-05-01_Minimal-loop and model receiving contract,"Panel receiving requirements consume the actual identified, independently compared loop messages/tools/events/checkpoints and receiving requirements definition supplied by App-v4 DEL-05-01; the required input must be identified or recorded as unavailable.",ScopeOfWork.md,ScopeOfWork.md#Deliverable Definition — Ontology / CLM-002 (line 35); Completion and Reliance Basis — Epistemology / REQ-001 (line 47); Production and Verification Method — Praxeology (line 64),`DEL-05-01` supplies loop messages/tools/events/checkpoints and receiving requirements.,EXPLICIT,INITIALIZED,,PENDING,HIGH,EXTRACTED,2026-09-28T03:27:25Z,2026-10-04T01:14:27+00:00,ACTIVE,"FACT: CLM-002 explicitly states that their checked definitions are consumed here. INITIALIZED is the local contract-maturity threshold only; actual checked-definition receipt, applicability and fulfilment are unclaimed. App-v4 identity; not an identically numbered external-project deliverable. UPDATE 20261003 (SCA-V4-003 DX): R-0502-1: Statement wording ""checked"" → ""identified, independently compared"" (pass-2 R-4 reserves ""checked"" for the person's act A4); meaning unchanged. The ScopeOfWork is not revised by SCA-V4-003 (register-only action, Amendment_Actions row 18); quote unchanged and verbatim. Identity, direction, type, target, maturity and closure unchanged.",PKG-05_Embedded-host receiving integration/1_Working/DEL-05-02_Host panel and shared interaction receiving/Dependencies.csv,4fa3cd981be4086b693aabc6d4ee7c056d3a5c078893a1a5a43b5db9537212a1,10,SR-1;SR-2;SR-3(all canonical types);SR-4(no cut/merge ruling);SR-5(not applied);SR-6;SR-7(held),SCC_UNRESOLVED,SCC-002,_DAG/cases/SCC-CASE-002,"Identify and compare actual portable/native/workspace, C/P/catalog, policy-record, role and host receiving versions; preserve actual trace production separately from OI-003 owner ruling and host/person acts. Future/post30 input-specific work; see continuing CASE-002 and retained CASE-004 history."
v3.1,DEP-07-01-014,PKG-07,DEL-07-01,PEC first-consumer contract and adoption evidence,EXECUTION,NOT_APPLICABLE,UPSTREAM,INTERFACE,DELIVERABLE,PKG-07,DEL-07-02,,Connector limitation and source-file recovery paths,projects/chirality-app-v4/execution/PKG-07_PEC receiving and connector fallback/1_Working/DEL-07-02_Connector limitation and source-file recovery paths,"The App PEC contract and adapter require the source-file route supplied by DEL-07-02 for unsupported absent, stale, partial or failing PEC cases, including total absence.",ScopeOfWork.md,ScopeOfWork.md#Completion and Reliance Basis — Epistemology/REQ-005,connect the affected coordination question to the source-file route supplied by `DEL-07-02`,EXPLICIT,INITIALIZED,,PENDING,HIGH,EXTRACTED,2026-09-27,2026-09-27,ACTIVE,FACT: INITIALIZED is only the local contract threshold. Actual usable source-file route and bounded integration remain required and unclaimed. Missing PEC does not block independent supported work or Domains.,PKG-07_PEC receiving and connector fallback/1_Working/DEL-07-01_PEC first-consumer contract and adoption evidence/Dependencies.csv,62fc67a92d230f27bb5b3b62d4a65772245dc1810ef0b74f05df749c94308fa3,14,SR-1;SR-2;SR-3(all canonical types);SR-4(no cut/merge ruling);SR-5(not applied);SR-6;SR-7(held),SCC_UNRESOLVED,SCC-004,_DAG/cases/SCC-CASE-005,Identify common recovery and connector-specific terms/cases; later PEC qualification/release/adoption and Domains admission/query/boundary evidence remain separate. No connector availability gate for initial App or ordinary-file recovery.
v3.1,DEP-07-02-010,PKG-07,DEL-07-02,Connector limitation and source-file recovery paths,EXECUTION,NOT_APPLICABLE,UPSTREAM,INTERFACE,DELIVERABLE,PKG-07,DEL-07-01,,PEC first-consumer contract and adoption evidence,projects/chirality-app-v4/execution/PKG-07_PEC receiving and connector fallback/1_Working/DEL-07-01_PEC first-consumer contract and adoption evidence,Use DEL-07-01 actual PEC receiving terms before PEC-dependent implementation or reliance; the source-file route can be defined and used independently.,ScopeOfWork.md,ScopeOfWork.md / Completion and Reliance Basis — Epistemology / TBD-001,App DEL-07-01 resolves and carries those terms; this deliverable defines the source route now and uses actual terms before dependent implementation/reliance.,EXPLICIT,INITIALIZED,,PENDING,HIGH,EXTRACTED,2026-09-27,2026-09-27,ACTIVE,"FACT; INITIALIZED is only local contract maturity; actual technical input remains required at its stated point of need and is not established by this extraction. OI-022 remains open until the receiving owners supply actual terms; no inferred schema, freshness cutoff, provider delivery or blanket start gate.",PKG-07_PEC receiving and connector fallback/1_Working/DEL-07-02_Connector limitation and source-file recovery paths/Dependencies.csv,42b737be974b711a72570e910b716a834782ffaba5e693dd23988163170f9122,10,SR-1;SR-2;SR-3(all canonical types);SR-4(no cut/merge ruling);SR-5(not applied);SR-6;SR-7(held),SCC_UNRESOLVED,SCC-004,_DAG/cases/SCC-CASE-005,Identify common recovery and connector-specific terms/cases; later PEC qualification/release/adoption and Domains admission/query/boundary evidence remain separate. No connector availability gate for initial App or ordinary-file recovery.
v3.1,DEP-07-02-011,PKG-07,DEL-07-02,Connector limitation and source-file recovery paths,EXECUTION,NOT_APPLICABLE,UPSTREAM,INTERFACE,DELIVERABLE,PKG-08,DEL-08-01,,"Domains query, admission and freshness contract","projects/chirality-app-v4/execution/PKG-08_Domains research receiving/1_Working/DEL-08-01_Domains query, admission and freshness contract",Consume DEL-08-01 Domains admission/query/provenance/freshness meanings and the applicable resolved data-boundary terms when integrating the Domains-specific path; common fallback and independent work continue without Domains.,ScopeOfWork.md,ScopeOfWork.md / Completion and Reliance Basis — Epistemology / REQ-001; Purpose and Objective Traceability / CLM-003; Completion and Reliance Basis — Epistemology / TBD-002,Connector-specific meanings come from the receiving owners in CLM-003 and unresolved terms in TBD-001 and TBD-002,EXPLICIT,INITIALIZED,,PENDING,HIGH,EXTRACTED,2026-09-27,2026-09-27,ACTIVE,"FACT; INITIALIZED is only local contract maturity; actual technical input remains required at its stated point of need and is not established by this extraction. CLM-003 identifies DEL-08-01 as the Domains terms owner. OI-023/OI-026 remain with their actual decision owners; provider allocation, deployment, transport and query readiness are unresolved. PEC has no prerequisite role.",PKG-07_PEC receiving and connector fallback/1_Working/DEL-07-02_Connector limitation and source-file recovery paths/Dependencies.csv,42b737be974b711a72570e910b716a834782ffaba5e693dd23988163170f9122,11,SR-1;SR-2;SR-3(all canonical types);SR-4(no cut/merge ruling);SR-5(not applied);SR-6;SR-7(held),SCC_UNRESOLVED,SCC-004,_DAG/cases/SCC-CASE-005,Identify common recovery and connector-specific terms/cases; later PEC qualification/release/adoption and Domains admission/query/boundary evidence remain separate. No connector availability gate for initial App or ordinary-file recovery.
v3.1,DEP-08-01-009,PKG-08,DEL-08-01,"Domains query, admission and freshness contract",EXECUTION,NOT_APPLICABLE,UPSTREAM,INTERFACE,DELIVERABLE,PKG-07,DEL-07-02,,Connector limitation and source-file recovery paths,projects/chirality-app-v4/execution/PKG-07_PEC receiving and connector fallback/1_Working/DEL-07-02_Connector limitation and source-file recovery paths,"Use the common connector limitation/source-file recovery behavior for Domains-specific unavailable, unsuitable and stale-source cases.",ScopeOfWork.md,ScopeOfWork.md#Deliverable Definition — Ontology/CLM-005; Completion and Reliance Basis — Epistemology/REQ-005,"App v4 `DEL-07-02`, owned by the App connector-receiving owner, supplies the common connector limitation/source-file recovery behavior;",EXPLICIT,INITIALIZED,,TBD,HIGH,EXTRACTED,2026-09-27,2026-09-29,ACTIVE,FACT: Required input is the supported recovery/responsibility behavior at local case preparation/exercise. Managers and human retain fallback coordination; PEC availability is independent. INITIALIZED is local checked-contract maturity only; actual technical input/transfer remains separately required and fulfilment is unclaimed.,"PKG-08_Domains research receiving/1_Working/DEL-08-01_Domains query, admission and freshness contract/Dependencies.csv",69bc284d0f71ed0d13d3c6c49e7267e447bc02f8d5e37df790eff1e2d4432a06,9,SR-1;SR-2;SR-3(all canonical types);SR-4(no cut/merge ruling);SR-5(not applied);SR-6;SR-7(held),SCC_UNRESOLVED,SCC-004,_DAG/cases/SCC-CASE-005,Identify common recovery and connector-specific terms/cases; later PEC qualification/release/adoption and Domains admission/query/boundary evidence remain separate. No connector availability gate for initial App or ordinary-file recovery.
v3.1,DEP-09-01-016,PKG-09,DEL-09-01,Candidate examination infrastructure and evidence protocol,EXECUTION,NOT_APPLICABLE,UPSTREAM,PREREQUISITE,DELIVERABLE,PKG-01,DEL-01-06,,macOS packaging and distribution evidence,projects/chirality-app-v4/execution/PKG-01_Native App and third-party harness integration/1_Working/DEL-01-06_macOS packaging and distribution evidence,Consume the actual targeted App package for native smoke examination and identified packaging evidence before relying on a packaged distribution witness.,ScopeOfWork.md,ScopeOfWork.md#Production and Verification Method — Praxeology/VER-008; Deliverable Definition — Ontology/CLM-005; Governing Values and Decisions — Axiology/TBD-001/OI-011,Require identified packaging evidence from its owner before relying on that witness,EXPLICIT,INITIALIZED,,TBD,HIGH,EXTRACTED,2026-09-27,2026-09-27,ACTIVE,FACT: CLM-005 identifies DEL-01-06 as App packaging producer; VER-008 requires actual targeted packaged applications. INITIALIZED is only local contract maturity; receipt of the actual package and packaging evidence remains unclaimed. Native host inputs cannot be replaced by a browser pass.,PKG-09_Candidate examination and connected journeys/1_Working/DEL-09-01_Candidate examination infrastructure and evidence protocol/Dependencies.csv,96ea447bba37f1225d305569226e822123ab52d9aa2e2e5c8f48e5200e5352f9,16,SR-1;SR-2;SR-3(all canonical types);SR-4(no cut/merge ruling);SR-5(not applied);SR-6;SR-7(held),SCC_UNRESOLVED,SCC-003,_DAG/cases/SCC-CASE-003,Identify usable examination-support interfaces and the actual package/configuration/signing/entitlement evidence for native smoke and packaged-witness reliance; support definition may proceed before actual native evidence.
v3.1,DEP-09-09-023,PKG-09,DEL-09-09,External control and catalog-extension trace,EXECUTION,NOT_APPLICABLE,UPSTREAM,PREREQUISITE,DELIVERABLE,PKG-02,DEL-02-03,,Workflow execution compatibility and round-trip support,projects/chirality-app-v4/execution/PKG-02_Workflow and role portability/1_Working/DEL-02-03_Workflow execution compatibility and round-trip support,"Consume App DEL-02-03's per-surface compatibility report and, for the governance phase only, its hold-support values.",ScopeOfWork.md,"ScopeOfWork.md :: Deliverable Definition — Ontology / CLM-002 (as revised under SCA-V4-001, C1 S9-9-4, edit E-0909-04)",`DEL-04-02` owns grant display states; `DEL-02-03` owns the per-surface compatibility report and the hold-support values (governance phase). This deliverable consumes their identified contributions,EXPLICIT,INITIALIZED,,PENDING,HIGH,EXTRACTED,2026-09-29T14:38:50+00:00,2026-10-04T01:14:27+00:00,ACTIVE,"FACT: CLM-002 names the supplier and states ""This deliverable consumes their identified contributions without claiming their implementation or acceptance."" Typed PREREQUISITE like the register's other CLM-002 consumption rows (DEP-09-09-007…012). RequiredMaturity=INITIALIZED addresses local contract maturity only; fulfilment unclaimed. Arc DEL-09-09 -> DEL-02-03 (N-26; new). Phasing per APP-V4-SWBPIPE-INTAKE-20260928-DECISION-4 D4-1 (TBD-005): checkpoint parts of XC-10 are recording cases in the current phase.",PKG-09_Candidate examination and connected journeys/1_Working/DEL-09-09_External control and catalog-extension trace/Dependencies.csv,e439fb4c01d6cc4bb43eed680f785da4d2d9cc3600a48e7fc02683156e1ce895,23,SR-1;SR-2;SR-3(all canonical types);SR-4(no cut/merge ruling);SR-5(not applied);SR-6;SR-7(held),SCC_UNRESOLVED,SCC-002,_DAG/cases/SCC-CASE-002,"Identify and compare actual portable/native/workspace, C/P/catalog, policy-record, role and host receiving versions; preserve actual trace production separately from OI-003 owner ruling and host/person acts. Future/post30 input-specific work; see continuing CASE-002 and retained CASE-004 history."
v3.1,DEP-09-09-007,PKG-09,DEL-09-09,External control and catalog-extension trace,EXECUTION,NOT_APPLICABLE,UPSTREAM,PREREQUISITE,DELIVERABLE,PKG-03,DEL-03-01,,Capability catalog and read-basis contract,projects/chirality-app-v4/execution/PKG-03_Host capability and operation contracts/1_Working/DEL-03-01_Capability catalog and read-basis contract,"Consume the catalog/read-basis contract, operation/model basis and generated-surface/adapter responsibility map for the candidate-bound three-channel examination.",ScopeOfWork.md,ScopeOfWork.md :: Completion and Reliance Basis — Epistemology / REQ-001; Deliverable Definition — Ontology / CLM-002,operation/catalog contract and model basis,EXPLICIT,INITIALIZED,,PENDING,HIGH,EXTRACTED,2026-09-28T03:37:19+00:00,2026-10-04T01:14:27+00:00,ACTIVE,"FACT: The actual catalog/read-basis contribution and map are required at examination; a checked local contract alone does not establish delivery. RequiredMaturity=INITIALIZED addresses local contract maturity only; fulfilment unclaimed. | 2026-10-03 DX UPDATE (APP-V4-SCA003-20261002): R-0909-2 (accepted ledger annotation; source pass-2 C1-C §7, B3 §6): rehearsals run on the simulated host SH-1 supplied with DEL-03-01's fixtures (DEL-03-01 OUT-003; test-double evidence only); revised OUT-003 (G-0909-02) states that no rehearsal record counts toward the witness. Quote unchanged and verbatim. Identity, direction, type, target, maturity and closure unchanged.",PKG-09_Candidate examination and connected journeys/1_Working/DEL-09-09_External control and catalog-extension trace/Dependencies.csv,e439fb4c01d6cc4bb43eed680f785da4d2d9cc3600a48e7fc02683156e1ce895,7,SR-1;SR-2;SR-3(all canonical types);SR-4(no cut/merge ruling);SR-5(not applied);SR-6;SR-7(held),SCC_UNRESOLVED,SCC-002,_DAG/cases/SCC-CASE-002,"Identify and compare actual portable/native/workspace, C/P/catalog, policy-record, role and host receiving versions; preserve actual trace production separately from OI-003 owner ruling and host/person acts. Future/post30 input-specific work; see continuing CASE-002 and retained CASE-004 history."
v3.1,DEP-09-09-008,PKG-09,DEL-09-09,External control and catalog-extension trace,EXECUTION,NOT_APPLICABLE,UPSTREAM,PREREQUISITE,DELIVERABLE,PKG-03,DEL-03-02,,"Proposal, validation and outcome contract","projects/chirality-app-v4/execution/PKG-03_Host capability and operation contracts/1_Working/DEL-03-02_Proposal, validation and outcome contract","Consume proposal, validation and outcome meanings and their catalog/proposal/receiving contract evidence when checking the input account and original-basis-to-receipt witness.",ScopeOfWork.md,ScopeOfWork.md :: Production and Verification Method — Praxeology / VER-001; Deliverable Definition — Ontology / CLM-002,"catalog/proposal/receiving contracts, adopted policy and supplied candidate evidence.",EXPLICIT,INITIALIZED,,PENDING,HIGH,EXTRACTED,2026-09-28T03:37:19+00:00,2026-10-04T01:14:27+00:00,ACTIVE,FACT: The actual proposal/outcome contract is an examination input; actual host validation/application evidence remains external. RequiredMaturity=INITIALIZED addresses local contract maturity only; fulfilment unclaimed.,PKG-09_Candidate examination and connected journeys/1_Working/DEL-09-09_External control and catalog-extension trace/Dependencies.csv,e439fb4c01d6cc4bb43eed680f785da4d2d9cc3600a48e7fc02683156e1ce895,8,SR-1;SR-2;SR-3(all canonical types);SR-4(no cut/merge ruling);SR-5(not applied);SR-6;SR-7(held),SCC_UNRESOLVED,SCC-002,_DAG/cases/SCC-CASE-002,"Identify and compare actual portable/native/workspace, C/P/catalog, policy-record, role and host receiving versions; preserve actual trace production separately from OI-003 owner ruling and host/person acts. Future/post30 input-specific work; see continuing CASE-002 and retained CASE-004 history."
v3.1,DEP-09-09-009,PKG-09,DEL-09-09,External control and catalog-extension trace,EXECUTION,NOT_APPLICABLE,UPSTREAM,PREREQUISITE,DELIVERABLE,PKG-03,DEL-03-03,,Local external-agent receiving adapter,projects/chirality-app-v4/execution/PKG-03_Host capability and operation contracts/1_Working/DEL-03-03_Local external-agent receiving adapter,Consume the App external receiving/configuration contribution and suitable focused fixtures for the actually selected machine-local MCP or CLI seam.,ScopeOfWork.md,ScopeOfWork.md :: Completion and Reliance Basis — Epistemology / REQ-001; Production and Verification Method — Praxeology / VER-002; Deliverable Definition — Ontology / CLM-002,App external receiving contribution,EXPLICIT,INITIALIZED,,PENDING,HIGH,EXTRACTED,2026-09-28T03:37:19+00:00,2026-10-04T01:14:27+00:00,ACTIVE,FACT: Actual App receiving contribution is needed for its dependent witness; suitable fixture use keeps limitations. Access remains off unless the person enables it; transport is not selected here. RequiredMaturity=INITIALIZED addresses local contract maturity only; fulfilment unclaimed.,PKG-09_Candidate examination and connected journeys/1_Working/DEL-09-09_External control and catalog-extension trace/Dependencies.csv,e439fb4c01d6cc4bb43eed680f785da4d2d9cc3600a48e7fc02683156e1ce895,9,SR-1;SR-2;SR-3(all canonical types);SR-4(no cut/merge ruling);SR-5(not applied);SR-6;SR-7(held),SCC_UNRESOLVED,SCC-002,_DAG/cases/SCC-CASE-002,"Identify and compare actual portable/native/workspace, C/P/catalog, policy-record, role and host receiving versions; preserve actual trace production separately from OI-003 owner ruling and host/person acts. Future/post30 input-specific work; see continuing CASE-002 and retained CASE-004 history."
v3.1,DEP-09-09-022,PKG-09,DEL-09-09,External control and catalog-extension trace,EXECUTION,NOT_APPLICABLE,UPSTREAM,PREREQUISITE,DELIVERABLE,PKG-04,DEL-04-02,,Visible autonomy and result standing,"projects/chirality-app-v4/execution/PKG-04_Human acts, autonomy and run evidence/1_Working/DEL-04-02_Visible autonomy and result standing",Consume App DEL-04-02 grant display states for the external-route and three-channel examination.,ScopeOfWork.md,"ScopeOfWork.md :: Deliverable Definition — Ontology / CLM-002 (as revised under SCA-V4-001, C1 S9-9-4, edit E-0909-04)",`DEL-04-02` owns grant display states; `DEL-02-03` owns the per-surface compatibility report and the hold-support values (governance phase). This deliverable consumes their identified contributions,EXPLICIT,INITIALIZED,,PENDING,HIGH,EXTRACTED,2026-09-29T14:38:50+00:00,2026-10-04T01:14:27+00:00,ACTIVE,"FACT: CLM-002 names the supplier and states ""This deliverable consumes their identified contributions without claiming their implementation or acceptance."" Typed PREREQUISITE like the register's other CLM-002 consumption rows (DEP-09-09-007…012). RequiredMaturity=INITIALIZED addresses local contract maturity only; fulfilment unclaimed. Arc DEL-09-09 -> DEL-04-02 (N-09; new).",PKG-09_Candidate examination and connected journeys/1_Working/DEL-09-09_External control and catalog-extension trace/Dependencies.csv,e439fb4c01d6cc4bb43eed680f785da4d2d9cc3600a48e7fc02683156e1ce895,22,SR-1;SR-2;SR-3(all canonical types);SR-4(no cut/merge ruling);SR-5(not applied);SR-6;SR-7(held),SCC_UNRESOLVED,SCC-002,_DAG/cases/SCC-CASE-002,"Identify and compare actual portable/native/workspace, C/P/catalog, policy-record, role and host receiving versions; preserve actual trace production separately from OI-003 owner ruling and host/person acts. Future/post30 input-specific work; see continuing CASE-002 and retained CASE-004 history."
v3.1,DEP-09-09-011,PKG-09,DEL-09-09,External control and catalog-extension trace,EXECUTION,NOT_APPLICABLE,UPSTREAM,PREREQUISITE,DELIVERABLE,PKG-04,DEL-04-03,,Content-bound decisions and compact run records,"projects/chirality-app-v4/execution/PKG-04_Human acts, autonomy and run evidence/1_Working/DEL-04-03_Content-bound decisions and compact run records",Consume the App/shared evidence-record contribution and adopted act/record semantics to examine faithful content-bound acceptance recording and false-attribution negatives.,ScopeOfWork.md,ScopeOfWork.md :: Production and Verification Method — Praxeology / VER-007; Deliverable Definition — Ontology / CLM-002,Inspect the real acceptance recording in the joined witness as a positive case and exercise false-attribution negatives against the adopted act/record semantics.,EXPLICIT,INITIALIZED,,PENDING,HIGH,EXTRACTED,2026-09-28T03:37:19+00:00,2026-10-04T01:14:27+00:00,ACTIVE,FACT: CLM-002 explicitly says this deliverable consumes the identified contribution. Actual record evidence remains necessary; actor and recorder differ; receipt success proves no human act. RequiredMaturity=INITIALIZED addresses local contract maturity only; fulfilment unclaimed.,PKG-09_Candidate examination and connected journeys/1_Working/DEL-09-09_External control and catalog-extension trace/Dependencies.csv,e439fb4c01d6cc4bb43eed680f785da4d2d9cc3600a48e7fc02683156e1ce895,11,SR-1;SR-2;SR-3(all canonical types);SR-4(no cut/merge ruling);SR-5(not applied);SR-6;SR-7(held),SCC_UNRESOLVED,SCC-002,_DAG/cases/SCC-CASE-002,"Identify and compare actual portable/native/workspace, C/P/catalog, policy-record, role and host receiving versions; preserve actual trace production separately from OI-003 owner ruling and host/person acts. Future/post30 input-specific work; see continuing CASE-002 and retained CASE-004 history."
v3.1,DEP-09-09-021,PKG-09,DEL-09-09,External control and catalog-extension trace,EXECUTION,NOT_APPLICABLE,UPSTREAM,PREREQUISITE,DELIVERABLE,PKG-05,DEL-05-01,,Minimal-loop and model receiving contract,projects/chirality-app-v4/execution/PKG-05_Embedded-host receiving integration/1_Working/DEL-05-01_Minimal-loop and model receiving contract,Consume the App/shared embedded-loop receiving contribution from App DEL-05-01 for the embedded surface of the three-channel trace.,ScopeOfWork.md,"ScopeOfWork.md :: Deliverable Definition — Ontology / CLM-002 (as revised under SCA-V4-001, C1 S9-9-4, edit E-0909-04)",`DEL-05-01` owns the App/shared embedded-loop receiving contribution used for the embedded surface of the three-channel trace;,EXPLICIT,INITIALIZED,,PENDING,HIGH,EXTRACTED,2026-09-29T14:38:50+00:00,2026-10-04T01:14:27+00:00,ACTIVE,"FACT: CLM-002 names the supplier and states ""This deliverable consumes their identified contributions without claiming their implementation or acceptance."" Typed PREREQUISITE like the register's other CLM-002 consumption rows (DEP-09-09-007…012). RequiredMaturity=INITIALIZED addresses local contract maturity only; fulfilment unclaimed. Arc DEL-09-09 -> DEL-05-01 (N-C6; new).",PKG-09_Candidate examination and connected journeys/1_Working/DEL-09-09_External control and catalog-extension trace/Dependencies.csv,e439fb4c01d6cc4bb43eed680f785da4d2d9cc3600a48e7fc02683156e1ce895,21,SR-1;SR-2;SR-3(all canonical types);SR-4(no cut/merge ruling);SR-5(not applied);SR-6;SR-7(held),SCC_UNRESOLVED,SCC-002,_DAG/cases/SCC-CASE-002,"Identify and compare actual portable/native/workspace, C/P/catalog, policy-record, role and host receiving versions; preserve actual trace production separately from OI-003 owner ruling and host/person acts. Future/post30 input-specific work; see continuing CASE-002 and retained CASE-004 history."
v3.1,DEP-10-02-012,PKG-10,DEL-10-02,Proportionate undertaking controls and practice feedback,EXECUTION,NOT_APPLICABLE,UPSTREAM,CONSTRAINT,DELIVERABLE,PKG-10,DEL-10-04,,Project production dependency DAG,projects/chirality-app-v4/execution/PKG-10_Project definition and manual-led practice/1_Working/DEL-10-04_Project production dependency DAG,"When a current production DAG has been accepted, undertaking work selection uses DEL-10-04's accepted DAG within its scope and currency; independent authorized definition remains permitted before that event.",ScopeOfWork.md,ScopeOfWork.md#Completion and Reliance Basis — Epistemology: REQ-001; Deliverable Definition — Ontology: CLM-003; Production and Verification Method — Praxeology: VER-001,"Once a current DAG is accepted, selection uses its scope and currency.",EXPLICIT,INITIALIZED,,TBD,HIGH,EXTRACTED,2026-09-27,2026-09-27,ACTIVE,"FACT: conditional input at work selection after actual DAG acceptance. CLM-003 identifies the supplier; required input is accepted current DAG evidence, not merely its INITIALIZED contract. This row is not a prerequisite to defining these controls, using file-native controls, constructing future fleet software or accepting an honest DAG with pending contributions. No acceptance, availability or closure is asserted.",PKG-10_Project definition and manual-led practice/1_Working/DEL-10-02_Proportionate undertaking controls and practice feedback/Dependencies.csv,42a7edd14cb1d48c628c1f961d59a951dfd7d62c827a7459b0c318d5d4187cdd,12,SR-1;SR-2;SR-3(all canonical types);SR-4(no cut/merge ruling);SR-5(not applied);SR-6;SR-7(held),SCC_UNRESOLVED,SCC-005,_DAG/cases/SCC-CASE-006,Identify applicable current control/practice records for graph examination and actual later accepted/current graph for graph-based selection. Current records support initial definition without an already accepted graph.
v3.1,DEP-10-04-006,PKG-10,DEL-10-04,Project production dependency DAG,EXECUTION,NOT_APPLICABLE,UPSTREAM,PREREQUISITE,DELIVERABLE,PKG-10,DEL-10-02,,Proportionate undertaking controls and practice feedback,projects/chirality-app-v4/execution/PKG-10_Project definition and manual-led practice/1_Working/DEL-10-02_Proportionate undertaking controls and practice feedback,"Graph production consumes applicable current undertaking work-graph, control and practice-feedback records from App DEL-10-02 at the actual point of need.",ScopeOfWork.md,ScopeOfWork.md#Deliverable Definition — Ontology / CLM-002,This deliverable consumes their applicable records at their points of need;,EXPLICIT,INITIALIZED,,TBD,HIGH,EXTRACTED,2026-09-27,2026-09-27,ACTIVE,FACT: CLM-002 explicitly identifies this App contributor and consumes its applicable records; INITIALIZED is checked local contract maturity only. Actual applicable records and any governing adoption decision require their own evidence; no blanket gate on initial contract definition.,PKG-10_Project definition and manual-led practice/1_Working/DEL-10-04_Project production dependency DAG/Dependencies.csv,2469ec61bdf3017d18abda563d872b9fae89c76d693e371acf0ff0095ca66011,6,SR-1;SR-2;SR-3(all canonical types);SR-4(no cut/merge ruling);SR-5(not applied);SR-6;SR-7(held),SCC_UNRESOLVED,SCC-005,_DAG/cases/SCC-CASE-006,Identify applicable current control/practice records for graph examination and actual later accepted/current graph for graph-based selection. Current records support initial definition without an already accepted graph.
v3.1,DEP-11-03-015,PKG-11,DEL-11-03,Owner replacement evidence packet,EXECUTION,NOT_APPLICABLE,DOWNSTREAM,HANDOVER,DELIVERABLE,PKG-11,DEL-11-01,,Preserved history and coexistence account,projects/chirality-app-v4/execution/PKG-11_Adoption and replacement continuity/1_Working/DEL-11-01_Preserved history and coexistence account,Return the faithfully recorded later owner disposition and continuing obligations to the App continuity owner.,ScopeOfWork.md,ScopeOfWork.md — Production and Verification Method — Praxeology / opening paragraph,returns the disposition and continuing obligations to the App continuity owner and affected consumers.,EXPLICIT,INITIALIZED,,PENDING,HIGH,EXTRACTED,2026-09-27,2026-09-27,ACTIVE,FACT: source-stated relationship. INITIALIZED is the local contract threshold only; actual input/handoff condition remains unfulfilled by setup. This is a later evidence handoff distinct from the upstream continuity account; it does not itself authorize consumer adoption or retirement.,PKG-11_Adoption and replacement continuity/1_Working/DEL-11-03_Owner replacement evidence packet/Dependencies.csv,96d3e9326705fc5d82a914a244a7651f1d07549152f31d0b8c50d8dc45d9b2e3,15,SR-1;SR-2;SR-3(all canonical types);SR-4(no cut/merge ruling);SR-5(not applied);SR-6;SR-7(held),SCC_UNRESOLVED,SCC-006,_DAG/cases/SCC-CASE-007,"Identify the current continuity account and actual candidate/baseline dossiers; return a later attributable owner disposition when supplied. Recording never performs the act or implies favorable replacement, adoption or retirement."
v3.1,DEP-11-03-008,PKG-11,DEL-11-03,Owner replacement evidence packet,EXECUTION,NOT_APPLICABLE,UPSTREAM,PREREQUISITE,DELIVERABLE,PKG-11,DEL-11-01,,Preserved history and coexistence account,projects/chirality-app-v4/execution/PKG-11_Adoption and replacement continuity/1_Working/DEL-11-01_Preserved history and coexistence account,Consume the current App continuity account and continuing obligations in the exact owner replacement decision package.,ScopeOfWork.md,ScopeOfWork.md — Deliverable Definition — Ontology / OUT-003,remaining scope/evidence and the App DEL-11-01 continuity account.,EXPLICIT,INITIALIZED,,PENDING,HIGH,EXTRACTED,2026-09-27,2026-09-27,ACTIVE,"FACT: source-stated relationship. INITIALIZED is the local contract threshold only; actual input/handoff condition remains unfulfilled by setup. Replacement, consumer adoption, retirement, release and professional reliance remain separate acts; no automatic retirement.",PKG-11_Adoption and replacement continuity/1_Working/DEL-11-03_Owner replacement evidence packet/Dependencies.csv,96d3e9326705fc5d82a914a244a7651f1d07549152f31d0b8c50d8dc45d9b2e3,8,SR-1;SR-2;SR-3(all canonical types);SR-4(no cut/merge ruling);SR-5(not applied);SR-6;SR-7(held),SCC_UNRESOLVED,SCC-006,_DAG/cases/SCC-CASE-007,"Identify the current continuity account and actual candidate/baseline dossiers; return a later attributable owner disposition when supplied. Recording never performs the act or implies favorable replacement, adoption or retirement."
