
running 13 tests
test envelope::tests::all_tokens_and_overwritten_values_are_in_the_actual_prefix ... ok
test envelope::tests::continuation_bounds_normal_cap_spelling_and_retains_actual_counts_prefix ... ok
test envelope::tests::poisoned_alternative_and_reference_width_fail_explicitly ... ok
test envelope::tests::sparse_factor_validation_retains_caller_ordering_phase ... ok
test envelope::tests::whitespace_is_measured_and_unbound_escape_scratch_is_named ... ok
test envelope::tests::refused_format_argument_survives_outer_format_phase ... ok
test exact::tests::decimals_and_binary64_values_parse_exactly ... ok
test exact::tests::the_binary64_range_is_decided_exactly ... ok
test exact::tests::the_floor_is_r_times_s_star_exactly ... ok
test exact::tests::the_magnitude_predicate_holds_at_both_bounds_and_not_one_ulp_beyond ... ok
test exact::tests::the_predicate_holds_at_its_boundary_and_not_one_ulp_beyond ... ok
test exact::tests::nat_arithmetic_equals_u128_arithmetic ... ok
test sha256::tests::fips_180_known_answers ... ok

test result: ok. 13 passed; 0 failed; 0 ignored; 0 measured; 0 filtered out; finished in 0.18s


running 4 tests
test permuting_every_list_changes_no_canonical_byte ... ok
test every_ci_models_canonical_bytes_equal_the_generators_from_references_py_model ... ok
RF-MECH-K0 literal model: NonPositiveSpring { id: 1 }
test rf_mech_k0s_literal_model_is_refused_by_the_source_naming_its_spring ... ok
test permuting_every_list_changes_no_published_bit_on_rf_invariance ... ok

test result: ok. 4 passed; 0 failed; 0 ignored; 0 measured; 0 filtered out; finished in 4.77s


running 5 tests
test a_discriminating_control_that_passes_is_listed_never_dropped ... ok
test a_wrong_value_on_a_sub_range_row_fails ... ok
test r1s_five_absolute_range_rows_are_counted_apart_from_the_passes ... ok
test the_comparison_scale_is_exps_magnitude_never_obss ... ok
test an_overflowed_published_row_fails ... ok

test result: ok. 5 passed; 0 failed; 0 ignored; 0 measured; 0 filtered out; finished in 0.01s


running 5 tests
test a_manifest_enabling_vrs_seeded_faults_is_flagged ... ok
test ci_passes_no_cargo_features ... ok
test no_vr_source_names_the_execution_tree ... ok
test the_guard_flags_what_it_must ... ok
test no_manifest_enables_the_mutation_controls_feature ... ok

test result: ok. 5 passed; 0 failed; 0 ignored; 0 measured; 0 filtered out; finished in 0.01s


running 10 tests
test c1_the_prescaled_coefficients_equal_the_designs_wherever_it_is_defined ... ok
test every_r1_key_resolves_and_the_structural_zeros_are_exact_zeros ... ok
test every_discriminating_value_control_fails_the_predicate ... ok
vectors: 2020 plain, 408 magnitude, 1322 hold
test the_exact_engine_agrees_with_the_generators_fractions_on_every_vector ... ok
test the_expected_unresolved_list_is_thin_a_and_thin_b ... ok
test the_files_hold_r1s_213_kernel_lane_cases_as_counted ... ok
test the_case_files_match_their_recorded_sha256 ... ok
test the_floor_check_reproduces_the_committed_not_covered_list ... ok
test v_ks_s_star_equals_k4s_exported_functions_bit_for_bit ... ok
test the_rows_outside_binary64s_range_are_cont_n10000s_five ... ok

test result: ok. 10 passed; 0 failed; 0 ignored; 0 measured; 0 filtered out; finished in 0.44s


running 1 test
{"at":"th.N3.RY","base":"RF-INVARIANCE-PINTOR-BASE","bit_identical":null,"largest_difference_in_allowances":1.3552505353625656e-7,"rows_compared":92,"rows_unmatched":0,"variant":"RF-INVARIANCE-PINTOR-ROT-Q3"}
{"at":"th.N1.RY","base":"RF-INVARIANCE-PINTOR-BASE","bit_identical":null,"largest_difference_in_allowances":1.3552505353625656e-7,"rows_compared":92,"rows_unmatched":0,"variant":"RF-INVARIANCE-PINTOR-ROT-Q9"}
{"at":"","base":"RF-INVARIANCE-PINTOR-BASE","bit_identical":92,"largest_difference_in_allowances":0.0,"rows_compared":92,"rows_unmatched":0,"variant":"RF-INVARIANCE-PINTOR-OFF-1e3"}
{"at":"","base":"RF-INVARIANCE-PINTOR-BASE","bit_identical":92,"largest_difference_in_allowances":0.0,"rows_compared":92,"rows_unmatched":0,"variant":"RF-INVARIANCE-PINTOR-OFF-1e6"}
{"at":"","base":"RF-INVARIANCE-PINTOR-BASE","bit_identical":92,"largest_difference_in_allowances":0.0,"rows_compared":92,"rows_unmatched":0,"variant":"RF-INVARIANCE-PINTOR-RELABEL"}
{"at":"tw.M3","base":"RF-INVARIANCE-PINTOR-BASE","bit_identical":null,"largest_difference_in_allowances":1.2051082421725988e-7,"rows_compared":92,"rows_unmatched":0,"variant":"RF-INVARIANCE-PINTOR-UNITS-mm"}
{"at":"th.A1.RY","base":"RF-INVARIANCE-LFRAME-BASE","bit_identical":null,"largest_difference_in_allowances":1.35520377425823e-7,"rows_compared":44,"rows_unmatched":0,"variant":"RF-INVARIANCE-LFRAME-ROT-Q3"}
{"at":"th.A1.RY","base":"RF-INVARIANCE-LFRAME-BASE","bit_identical":null,"largest_difference_in_allowances":1.35520377425823e-7,"rows_compared":44,"rows_unmatched":0,"variant":"RF-INVARIANCE-LFRAME-ROT-Q9"}
{"at":"","base":"RF-INVARIANCE-LFRAME-BASE","bit_identical":44,"largest_difference_in_allowances":0.0,"rows_compared":44,"rows_unmatched":0,"variant":"RF-INVARIANCE-LFRAME-OFF-1e3"}
{"at":"","base":"RF-INVARIANCE-LFRAME-BASE","bit_identical":44,"largest_difference_in_allowances":0.0,"rows_compared":44,"rows_unmatched":0,"variant":"RF-INVARIANCE-LFRAME-OFF-1e6"}
{"at":"","base":"RF-INVARIANCE-LFRAME-BASE","bit_identical":44,"largest_difference_in_allowances":0.0,"rows_compared":44,"rows_unmatched":0,"variant":"RF-INVARIANCE-LFRAME-RELABEL"}
{"at":"th.A2.RY","base":"RF-INVARIANCE-LFRAME-BASE","bit_identical":null,"largest_difference_in_allowances":6.617205928995264e-11,"rows_compared":44,"rows_unmatched":0,"variant":"RF-INVARIANCE-LFRAME-UNITS-mm"}
{"at":"Mb.A4.j","base":"RF-INVARIANCE-CONT4-BASE","bit_identical":null,"largest_difference_in_allowances":1.4817388084955128e-7,"rows_compared":128,"rows_unmatched":0,"variant":"RF-INVARIANCE-CONT4-ROT-Q3"}
{"at":"u.C4.UX","base":"RF-INVARIANCE-CONT4-BASE","bit_identical":null,"largest_difference_in_allowances":1.348360352762395e-7,"rows_compared":128,"rows_unmatched":0,"variant":"RF-INVARIANCE-CONT4-ROT-Q9"}
{"at":"","base":"RF-INVARIANCE-CONT4-BASE","bit_identical":128,"largest_difference_in_allowances":0.0,"rows_compared":128,"rows_unmatched":0,"variant":"RF-INVARIANCE-CONT4-OFF-1e3"}
{"at":"","base":"RF-INVARIANCE-CONT4-BASE","bit_identical":128,"largest_difference_in_allowances":0.0,"rows_compared":128,"rows_unmatched":0,"variant":"RF-INVARIANCE-CONT4-OFF-1e6"}
{"at":"Mb.E1.i","base":"RF-INVARIANCE-CONT4-BASE","bit_identical":127,"largest_difference_in_allowances":4.2485079875940544e-30,"rows_compared":128,"rows_unmatched":0,"variant":"RF-INVARIANCE-CONT4-RELABEL"}
{"at":"u.C4.UY","base":"RF-INVARIANCE-CONT4-BASE","bit_identical":null,"largest_difference_in_allowances":1.3807210012286924e-7,"rows_compared":128,"rows_unmatched":0,"variant":"RF-INVARIANCE-CONT4-UNITS-mm"}
test every_small_variants_rows_map_onto_its_base ... ok

test result: ok. 1 passed; 0 failed; 0 ignored; 0 measured; 0 filtered out; finished in 2.36s


running 7 tests
test absent_argument_history_is_rejected ... ok
test described_loads_preserve_original_213_case_order_and_content ... ok
test embedded_actual_cli_policy_matches_independent_values_at_bound_path_lengths ... ok
test missing_input_and_mismatched_counts_are_errors_without_partial_estimates ... ok
test missing_scale_is_a_named_cell_not_a_panic_or_zero ... ok
test public_type_observations_remain_separate_from_reference_math ... ok
test all_193_independently_reviewed_reference_values_and_source_drop ... ok

test result: ok. 7 passed; 0 failed; 0 ignored; 0 measured; 0 filtered out; finished in 2.66s


running 10 tests
RF-CANCEL: rows 1444: passes 1378, absolute-range passes 0, not covered 3 | structural zeros 0, expected unresolved 0, failures 63
RF-CANCEL: outcomes {"selected": 38}
RF-CANCEL: controls discriminated 90, non-discriminating 62
RF-CANCEL: FAILURE RF-CANCEL-F-G1e5-GnG: R.N0.UY (-3.000000000000000000000000000000000000000e-1) predicate
RF-CANCEL: FAILURE RF-CANCEL-F-G1e5-GnG: R.N0.RZ (-6.000000000000000000000000000000000000000e-1) predicate
RF-CANCEL: FAILURE RF-CANCEL-F-G1e5-GGn: R.N0.UY (-3.000000000000000000000000000000000000000e-1) predicate
RF-CANCEL: FAILURE RF-CANCEL-F-G1e5-GGn: R.N0.RZ (-6.000000000000000000000000000000000000000e-1) predicate
RF-CANCEL: FAILURE RF-CANCEL-F-G1e5-nGG: R.N0.UY (-3.000000000000000000000000000000000000000e-1) predicate
RF-CANCEL: FAILURE RF-CANCEL-F-G1e5-nGG: R.N0.RZ (-6.000000000000000000000000000000000000000e-1) predicate
RF-CANCEL: FAILURE RF-CANCEL-F-G1e6-GnG: R.N0.UY (-3.000000000000000000000000000000000000000e-1) predicate
RF-CANCEL: FAILURE RF-CANCEL-F-G1e6-GnG: R.N0.RZ (-6.000000000000000000000000000000000000000e-1) predicate
RF-CANCEL: FAILURE RF-CANCEL-F-G1e6-GGn: R.N0.UY (-3.000000000000000000000000000000000000000e-1) predicate
RF-CANCEL: FAILURE RF-CANCEL-F-G1e6-GGn: R.N0.RZ (-6.000000000000000000000000000000000000000e-1) predicate
RF-CANCEL: FAILURE RF-CANCEL-F-G1e6-nGG: R.N0.UY (-3.000000000000000000000000000000000000000e-1) predicate
RF-CANCEL: FAILURE RF-CANCEL-F-G1e6-nGG: R.N0.RZ (-6.000000000000000000000000000000000000000e-1) predicate
RF-CANCEL: FAILURE RF-CANCEL-F-G1e7-GnG: R.N0.UY (-3.000000000000000000000000000000000000000e-1) predicate
RF-CANCEL: FAILURE RF-CANCEL-F-G1e7-GnG: R.N0.RZ (-6.000000000000000000000000000000000000000e-1) predicate
RF-CANCEL: FAILURE RF-CANCEL-F-G1e7-GGn: R.N0.UY (-3.000000000000000000000000000000000000000e-1) predicate
RF-CANCEL: FAILURE RF-CANCEL-F-G1e7-GGn: R.N0.RZ (-6.000000000000000000000000000000000000000e-1) predicate
RF-CANCEL: FAILURE RF-CANCEL-F-G1e7-nGG: R.N0.UY (-3.000000000000000000000000000000000000000e-1) predicate
RF-CANCEL: FAILURE RF-CANCEL-F-G1e7-nGG: R.N0.RZ (-6.000000000000000000000000000000000000000e-1) predicate
RF-CANCEL: FAILURE RF-CANCEL-F-G1e8-GnG: R.N0.UY (-3.000000000000000000000000000000000000000e-1) predicate
RF-CANCEL: FAILURE RF-CANCEL-F-G1e8-GnG: R.N0.RZ (-6.000000000000000000000000000000000000000e-1) predicate
RF-CANCEL: FAILURE RF-CANCEL-F-G1e8-GGn: R.N0.UY (-3.000000000000000000000000000000000000000e-1) predicate
RF-CANCEL: FAILURE RF-CANCEL-F-G1e8-GGn: R.N0.RZ (-6.000000000000000000000000000000000000000e-1) predicate
RF-CANCEL: FAILURE RF-CANCEL-F-G1e8-nGG: R.N0.UY (-3.000000000000000000000000000000000000000e-1) predicate
RF-CANCEL: FAILURE RF-CANCEL-F-G1e8-nGG: R.N0.RZ (-6.000000000000000000000000000000000000000e-1) predicate
RF-CANCEL: FAILURE RF-CANCEL-F-G1e8-GnG-ORTHO: R.N0.UY (-3.000000000000000000000000000000000000000e-1) predicate
RF-CANCEL: FAILURE RF-CANCEL-F-G1e8-GnG-ORTHO: R.N0.UZ (-1.000000000000000000000000000000000000000e+2) predicate
RF-CANCEL: FAILURE RF-CANCEL-F-G1e8-GnG-ORTHO: R.N0.RY (2.000000000000000000000000000000000000000e+2) predicate
RF-CANCEL: FAILURE RF-CANCEL-F-G1e8-GnG-ORTHO: R.N0.RZ (-6.000000000000000000000000000000000000000e-1) predicate
RF-CANCEL: FAILURE RF-CANCEL-F-G1e8-GnG-INPLANE: R.N0.UY (-5.030000000000000000000000000000000000000e+1) predicate
RF-CANCEL: FAILURE RF-CANCEL-F-G1e8-GnG-INPLANE: R.N0.RZ (-5.060000000000000000000000000000000000000e+1) predicate
RF-CANCEL: FAILURE RF-CANCEL-F-G1e80-GnG: R.N0.UY (-1.000000000000000000000000000000000000000e-8) predicate
RF-CANCEL: FAILURE RF-CANCEL-F-G1e80-GnG: R.N0.RZ (-2.000000000000000000000000000000000000000e-8) predicate
RF-CANCEL: FAILURE RF-CANCEL-F-G1e80-GGn: R.N0.UY (-1.000000000000000000000000000000000000000e-8) predicate
RF-CANCEL: FAILURE RF-CANCEL-F-G1e80-GGn: R.N0.RZ (-2.000000000000000000000000000000000000000e-8) predicate
RF-CANCEL: FAILURE RF-CANCEL-F-G1e80-nGG: R.N0.UY (-1.000000000000000000000000000000000000000e-8) predicate
RF-CANCEL: FAILURE RF-CANCEL-F-G1e80-nGG: R.N0.RZ (-2.000000000000000000000000000000000000000e-8) predicate
RF-CANCEL: FAILURE RF-CANCEL-F-G1e80-GnG-ORTHO: R.N0.UY (-1.000000000000000000000000000000000000000e-8) predicate
RF-CANCEL: FAILURE RF-CANCEL-F-G1e80-GnG-ORTHO: R.N0.UZ (-1.000000000000000000000000000000000000000e+2) predicate
RF-CANCEL: FAILURE RF-CANCEL-F-G1e80-GnG-ORTHO: R.N0.RY (2.000000000000000000000000000000000000000e+2) predicate
RF-CANCEL: FAILURE RF-CANCEL-F-G1e80-GnG-ORTHO: R.N0.RZ (-2.000000000000000000000000000000000000000e-8) predicate
RF-CANCEL: FAILURE RF-CANCEL-F-G1e80-GnG-INPLANE: R.N0.UY (-5.000000001000000000000000000000000000000e+1) predicate
RF-CANCEL: FAILURE RF-CANCEL-F-G1e80-GnG-INPLANE: R.N0.RZ (-5.000000002000000000000000000000000000000e+1) predicate
RF-CANCEL: FAILURE RF-CANCEL-M-G1e5-GnG: R.N0.RZ (-3.000000000000000000000000000000000000000e-1) predicate
RF-CANCEL: FAILURE RF-CANCEL-M-G1e5-GGn: R.N0.RZ (-3.000000000000000000000000000000000000000e-1) predicate
RF-CANCEL: FAILURE RF-CANCEL-M-G1e5-nGG: R.N0.RZ (-3.000000000000000000000000000000000000000e-1) predicate
RF-CANCEL: FAILURE RF-CANCEL-M-G1e6-GnG: R.N0.RZ (-3.000000000000000000000000000000000000000e-1) predicate
RF-CANCEL: FAILURE RF-CANCEL-M-G1e6-GGn: R.N0.RZ (-3.000000000000000000000000000000000000000e-1) predicate
RF-CANCEL: FAILURE RF-CANCEL-M-G1e6-nGG: R.N0.RZ (-3.000000000000000000000000000000000000000e-1) predicate
RF-CANCEL: FAILURE RF-CANCEL-M-G1e7-GnG: R.N0.RZ (-3.000000000000000000000000000000000000000e-1) predicate
RF-CANCEL: FAILURE RF-CANCEL-M-G1e7-GGn: R.N0.RZ (-3.000000000000000000000000000000000000000e-1) predicate
RF-CANCEL: FAILURE RF-CANCEL-M-G1e7-nGG: R.N0.RZ (-3.000000000000000000000000000000000000000e-1) predicate
RF-CANCEL: FAILURE RF-CANCEL-M-G1e8-GnG: R.N0.RZ (-3.000000000000000000000000000000000000000e-1) predicate
RF-CANCEL: FAILURE RF-CANCEL-M-G1e8-GGn: R.N0.RZ (-3.000000000000000000000000000000000000000e-1) predicate
RF-CANCEL: FAILURE RF-CANCEL-M-G1e8-nGG: R.N0.RZ (-3.000000000000000000000000000000000000000e-1) predicate
RF-CANCEL: FAILURE RF-CANCEL-M-G1e8-GnG-ORTHO: R.N0.RY (-5.000000000000000000000000000000000000000e+1) predicate
RF-CANCEL: FAILURE RF-CANCEL-M-G1e8-GnG-ORTHO: R.N0.RZ (-3.000000000000000000000000000000000000000e-1) predicate
RF-CANCEL: FAILURE RF-CANCEL-M-G1e8-GnG-INPLANE: R.N0.RZ (-2.030000000000000000000000000000000000000e+1) predicate
RF-CANCEL: FAILURE RF-CANCEL-M-G1e80-GnG: R.N0.RZ (-1.000000000000000000000000000000000000000e-8) predicate
RF-CANCEL: FAILURE RF-CANCEL-M-G1e80-GGn: R.N0.RZ (-1.000000000000000000000000000000000000000e-8) predicate
RF-CANCEL: FAILURE RF-CANCEL-M-G1e80-nGG: R.N0.RZ (-1.000000000000000000000000000000000000000e-8) predicate
RF-CANCEL: FAILURE RF-CANCEL-M-G1e80-GnG-ORTHO: R.N0.RY (-5.000000000000000000000000000000000000000e+1) predicate
RF-CANCEL: FAILURE RF-CANCEL-M-G1e80-GnG-ORTHO: R.N0.RZ (-1.000000000000000000000000000000000000000e-8) predicate
RF-CANCEL: FAILURE RF-CANCEL-M-G1e80-GnG-INPLANE: R.N0.RZ (-2.000000001000000000000000000000000000000e+1) predicate
test rf_cancel ... FAILED
RF-FINITE: rows 748: passes 712, absolute-range passes 0, not covered 0 | structural zeros 0, expected unresolved 0, failures 36
RF-FINITE: outcomes {"selected": 6}
RF-FINITE: controls discriminated 6, non-discriminating 6
RF-FINITE: FAILURE RF-FINITE-THIRDS-O0: R.N0.UX (-1.000000000000000000000000000000000000000e+1) predicate
RF-FINITE: FAILURE RF-FINITE-THIRDS-O0: R.N0.UY (-5.000000000000000000000000000000000000000e+0) predicate
RF-FINITE: FAILURE RF-FINITE-THIRDS-O0: R.N0.UZ (3.000000000000000000000000000000000000000e+0) predicate
RF-FINITE: FAILURE RF-FINITE-THIRDS-O0: R.N0.RX (-2.000000000000000000000000000000000000000e+0) predicate
RF-FINITE: FAILURE RF-FINITE-THIRDS-O0: R.N0.RY (-1.000000000000000000000000000000000000000e+1) predicate
RF-FINITE: FAILURE RF-FINITE-THIRDS-O0: R.N0.RZ (-1.666666666666666666666666666666666666667e+1) predicate
RF-FINITE: FAILURE RF-FINITE-THIRDS-O1e3: R.N0.UX (-1.000000000000000000000000000000000000000e+1) predicate
RF-FINITE: FAILURE RF-FINITE-THIRDS-O1e3: R.N0.UY (-5.000000000000000000000000000000000000000e+0) predicate
RF-FINITE: FAILURE RF-FINITE-THIRDS-O1e3: R.N0.UZ (3.000000000000000000000000000000000000000e+0) predicate
RF-FINITE: FAILURE RF-FINITE-THIRDS-O1e3: R.N0.RX (-2.000000000000000000000000000000000000000e+0) predicate
RF-FINITE: FAILURE RF-FINITE-THIRDS-O1e3: R.N0.RY (-1.000000000000000000000000000000000000000e+1) predicate
RF-FINITE: FAILURE RF-FINITE-THIRDS-O1e3: R.N0.RZ (-1.666666666666666666666666666666666666667e+1) predicate
RF-FINITE: FAILURE RF-FINITE-THIRDS-O1e6: R.N0.UX (-1.000000000000000000000000000000000000000e+1) predicate
RF-FINITE: FAILURE RF-FINITE-THIRDS-O1e6: R.N0.UY (-5.000000000000000000000000000000000000000e+0) predicate
RF-FINITE: FAILURE RF-FINITE-THIRDS-O1e6: R.N0.UZ (3.000000000000000000000000000000000000000e+0) predicate
RF-FINITE: FAILURE RF-FINITE-THIRDS-O1e6: R.N0.RX (-2.000000000000000000000000000000000000000e+0) predicate
RF-FINITE: FAILURE RF-FINITE-THIRDS-O1e6: R.N0.RY (-1.000000000000000000000000000000000000000e+1) predicate
RF-FINITE: FAILURE RF-FINITE-THIRDS-O1e6: R.N0.RZ (-1.666666666666666666666666666666666666667e+1) predicate
RF-FINITE: FAILURE RF-FINITE-TENTHS-O1e6: R.N0.UX (-1.000000000000000000000000000000000000000e+1) predicate
RF-FINITE: FAILURE RF-FINITE-TENTHS-O1e6: R.N0.UY (-5.000000000000000000000000000000000000000e+0) predicate
RF-FINITE: FAILURE RF-FINITE-TENTHS-O1e6: R.N0.UZ (3.000000000000000000000000000000000000000e+0) predicate
RF-FINITE: FAILURE RF-FINITE-TENTHS-O1e6: R.N0.RX (-2.000000000000000000000000000000000000000e+0) predicate
RF-FINITE: FAILURE RF-FINITE-TENTHS-O1e6: R.N0.RY (-3.000000000000000000000000000000000000000e+0) predicate
RF-FINITE: FAILURE RF-FINITE-TENTHS-O1e6: R.N0.RZ (-5.000000000000000000000000000000000000000e+0) predicate
RF-FINITE: FAILURE RF-FINITE-THIRTIETHS-O1e6: R.N0.UX (-1.000000000000000000000000000000000000000e+1) predicate
RF-FINITE: FAILURE RF-FINITE-THIRTIETHS-O1e6: R.N0.UY (-5.000000000000000000000000000000000000000e+0) predicate
RF-FINITE: FAILURE RF-FINITE-THIRTIETHS-O1e6: R.N0.UZ (3.000000000000000000000000000000000000000e+0) predicate
RF-FINITE: FAILURE RF-FINITE-THIRTIETHS-O1e6: R.N0.RX (-2.000000000000000000000000000000000000000e+0) predicate
RF-FINITE: FAILURE RF-FINITE-THIRTIETHS-O1e6: R.N0.RY (-1.000000000116415321826934814453125000000e+0) predicate
RF-FINITE: FAILURE RF-FINITE-THIRTIETHS-O1e6: R.N0.RZ (-1.666666666860692203044891357421875000000e+0) predicate
RF-FINITE: FAILURE RF-FINITE-ROT-Q9-NONMULT: R.N0.UX (-8.888888888888888888888888888888888888889e+0) predicate
RF-FINITE: FAILURE RF-FINITE-ROT-Q9-NONMULT: R.N0.UY (-1.111111111111111111111111111111111111111e+0) predicate
RF-FINITE: FAILURE RF-FINITE-ROT-Q9-NONMULT: R.N0.UZ (-4.444444444444444444444444444444444444444e+0) predicate
RF-FINITE: FAILURE RF-FINITE-ROT-Q9-NONMULT: R.N0.RX (-7.000000000000000000000000000000000000000e+0) predicate
RF-FINITE: FAILURE RF-FINITE-ROT-Q9-NONMULT: R.N0.RY (2.400000000000000000000000000000000000000e+1) predicate
RF-FINITE: FAILURE RF-FINITE-ROT-Q9-NONMULT: R.N0.RZ (8.000000000000000000000000000000000000000e+0) predicate
test rf_finite ... FAILED
RF-CHAIN: rows 2760: passes 2700, absolute-range passes 0, not covered 0 | structural zeros 60, expected unresolved 0, failures 0
RF-CHAIN: outcomes {"selected": 30}
RF-CHAIN: controls discriminated 82, non-discriminating 38
test rf_chain ... ok
RF-INVARIANCE: rows 7096: passes 6929, absolute-range passes 0, not covered 0 | structural zeros 40, expected unresolved 0, failures 127
RF-INVARIANCE: outcomes {"selected": 25}
RF-INVARIANCE: controls discriminated 47, non-discriminating 7
RF-INVARIANCE: FAILURE RF-INVARIANCE-LFRAME-BASE: R.A0.UZ (-1.373291015625000000000000000000000000000e-4) predicate
RF-INVARIANCE: FAILURE RF-INVARIANCE-LFRAME-ROT-Q3: R.A0.UX (-9.155273437500000000000000000000000000000e-5) predicate
RF-INVARIANCE: FAILURE RF-INVARIANCE-LFRAME-ROT-Q3: R.A0.UY (9.155273437500000000000000000000000000000e-5) predicate
RF-INVARIANCE: FAILURE RF-INVARIANCE-LFRAME-ROT-Q3: R.A0.UZ (4.577636718750000000000000000000000000000e-5) predicate
RF-INVARIANCE: FAILURE RF-INVARIANCE-LFRAME-ROT-Q9: R.A0.UX (-6.103515625000000000000000000000000000000e-5) predicate
RF-INVARIANCE: FAILURE RF-INVARIANCE-LFRAME-ROT-Q9: R.A0.UY (6.103515625000000000000000000000000000000e-5) predicate
RF-INVARIANCE: FAILURE RF-INVARIANCE-LFRAME-ROT-Q9: R.A0.UZ (1.068115234375000000000000000000000000000e-4) predicate
RF-INVARIANCE: FAILURE RF-INVARIANCE-LFRAME-OFF-1e3: R.A0.UZ (-1.373291015625000000000000000000000000000e-4) predicate
RF-INVARIANCE: FAILURE RF-INVARIANCE-LFRAME-OFF-1e6: R.A0.UZ (-1.373291015625000000000000000000000000000e-4) predicate
RF-INVARIANCE: FAILURE RF-INVARIANCE-LFRAME-RELABEL: R.R2.UZ (-1.373291015625000000000000000000000000000e-4) predicate
RF-INVARIANCE: FAILURE RF-INVARIANCE-LFRAME-UNITS-mm: R.A0.UZ (-1.373291015625000000000000000000000000000e-4) predicate
RF-INVARIANCE: FAILURE RF-INVARIANCE-CONT4-BASE: R.S0.UY (-2.955154639175257731958762886597938144330e+1) predicate
RF-INVARIANCE: FAILURE RF-INVARIANCE-CONT4-BASE: R.S0.UZ (1.953092783505154639175257731958762886598e+1) predicate
RF-INVARIANCE: FAILURE RF-INVARIANCE-CONT4-BASE: R.S0.RY (-9.018556701030927835051546391752577319588e+1) predicate
RF-INVARIANCE: FAILURE RF-INVARIANCE-CONT4-BASE: R.S0.RZ (-1.503092783505154639175257731958762886598e+2) predicate
RF-INVARIANCE: FAILURE RF-INVARIANCE-CONT4-BASE: R.S1.UY (2.370618556701030927835051546391752577320e+1) predicate
RF-INVARIANCE: FAILURE RF-INVARIANCE-CONT4-BASE: R.S1.UZ (2.537628865979381443298969072164948453608e+1) predicate
RF-INVARIANCE: FAILURE RF-INVARIANCE-CONT4-BASE: R.S2.UY (6.327835051546391752577319587628865979381e+1) predicate
RF-INVARIANCE: FAILURE RF-INVARIANCE-CONT4-BASE: R.S2.UZ (-4.156701030927835051546391752577319587629e+1) predicate
RF-INVARIANCE: FAILURE RF-INVARIANCE-CONT4-BASE: R.S3.UY (-8.781958762886597938144329896907216494845e+1) predicate
RF-INVARIANCE: FAILURE RF-INVARIANCE-CONT4-BASE: R.S3.UZ (-6.610824742268041237113402061855670103093e+1) predicate
RF-INVARIANCE: FAILURE RF-INVARIANCE-CONT4-BASE: R.S4.UY (-4.161340206185567010309278350515463917526e+1) predicate
RF-INVARIANCE: FAILURE RF-INVARIANCE-CONT4-BASE: R.S4.UZ (-9.231958762886597938144329896907216494845e+0) predicate
RF-INVARIANCE: FAILURE RF-INVARIANCE-CONT4-ROT-Q3: R.S0.UX (-6.680412371134020618556701030927835051546e+0) predicate
RF-INVARIANCE: FAILURE RF-INVARIANCE-CONT4-ROT-Q3: R.S0.UY (-2.287113402061855670103092783505154639175e+1) predicate
RF-INVARIANCE: FAILURE RF-INVARIANCE-CONT4-ROT-Q3: R.S0.UZ (-2.621134020618556701030927835051546391753e+1) predicate
RF-INVARIANCE: FAILURE RF-INVARIANCE-CONT4-ROT-Q3: R.S0.RX (-1.603298969072164948453608247422680412371e+2) predicate
RF-INVARIANCE: FAILURE RF-INVARIANCE-CONT4-ROT-Q3: R.S0.RY (7.014432989690721649484536082474226804124e+1) predicate
RF-INVARIANCE: FAILURE RF-INVARIANCE-CONT4-ROT-Q3: R.S0.RZ (-1.002061855670103092783505154639175257732e+1) predicate
RF-INVARIANCE: FAILURE RF-INVARIANCE-CONT4-ROT-Q3: R.S1.UX (3.272164948453608247422680412371134020619e+1) predicate
RF-INVARIANCE: FAILURE RF-INVARIANCE-CONT4-ROT-Q3: R.S1.UY (-9.015463917525773195876288659793814432990e+0) predicate
RF-INVARIANCE: FAILURE RF-INVARIANCE-CONT4-ROT-Q3: R.S1.UZ (7.345360824742268041237113402061855670103e+0) predicate
RF-INVARIANCE: FAILURE RF-INVARIANCE-CONT4-ROT-Q3: R.S2.UX (1.447422680412371134020618556701030927835e+1) predicate
RF-INVARIANCE: FAILURE RF-INVARIANCE-CONT4-ROT-Q3: R.S2.UY (4.880412371134020618556701030927835051546e+1) predicate
RF-INVARIANCE: FAILURE RF-INVARIANCE-CONT4-ROT-Q3: R.S2.UZ (5.604123711340206185567010309278350515464e+1) predicate
RF-INVARIANCE: FAILURE RF-INVARIANCE-CONT4-ROT-Q3: R.S3.UX (-1.026185567010309278350515463917525773196e+2) predicate
RF-INVARIANCE: FAILURE RF-INVARIANCE-CONT4-ROT-Q3: R.S3.UY (1.479896907216494845360824742268041237113e+1) predicate
RF-INVARIANCE: FAILURE RF-INVARIANCE-CONT4-ROT-Q3: R.S3.UZ (-3.651030927835051546391752577319587628866e+1) predicate
RF-INVARIANCE: FAILURE RF-INVARIANCE-CONT4-ROT-Q3: R.S4.UX (-3.389690721649484536082474226804123711340e+1) predicate
RF-INVARIANCE: FAILURE RF-INVARIANCE-CONT4-ROT-Q3: R.S4.UY (-7.716494845360824742268041237113402061856e+0) predicate
RF-INVARIANCE: FAILURE RF-INVARIANCE-CONT4-ROT-Q3: R.S4.UZ (-2.466494845360824742268041237113402061856e+1) predicate
RF-INVARIANCE: FAILURE RF-INVARIANCE-CONT4-ROT-Q9: R.S0.UX (-1.758762886597938144329896907216494845361e+1) predicate
RF-INVARIANCE: FAILURE RF-INVARIANCE-CONT4-ROT-Q9: R.S0.UY (-1.196391752577319587628865979381443298969e+1) predicate
RF-INVARIANCE: FAILURE RF-INVARIANCE-CONT4-ROT-Q9: R.S0.UZ (-2.832474226804123711340206185567010309278e+1) predicate
RF-INVARIANCE: FAILURE RF-INVARIANCE-CONT4-ROT-Q9: R.S0.RX (-1.469690721649484536082474226804123711340e+2) predicate
RF-INVARIANCE: FAILURE RF-INVARIANCE-CONT4-ROT-Q9: R.S0.RY (5.678350515463917525773195876288659793814e+1) predicate
RF-INVARIANCE: FAILURE RF-INVARIANCE-CONT4-ROT-Q9: R.S0.RZ (7.682474226804123711340206185567010309278e+1) predicate
RF-INVARIANCE: FAILURE RF-INVARIANCE-CONT4-ROT-Q9: R.S1.UX (3.235051546391752577319587628865979381443e+1) predicate
RF-INVARIANCE: FAILURE RF-INVARIANCE-CONT4-ROT-Q9: R.S1.UY (-8.644329896907216494845360824742268041237e+0) predicate
RF-INVARIANCE: FAILURE RF-INVARIANCE-CONT4-ROT-Q9: R.S1.UZ (-9.201030927835051546391752577319587628866e+0) predicate
RF-INVARIANCE: FAILURE RF-INVARIANCE-CONT4-ROT-Q9: R.S2.UX (3.777319587628865979381443298969072164948e+1) predicate
RF-INVARIANCE: FAILURE RF-INVARIANCE-CONT4-ROT-Q9: R.S2.UY (2.550515463917525773195876288659793814433e+1) predicate
RF-INVARIANCE: FAILURE RF-INVARIANCE-CONT4-ROT-Q9: R.S2.UZ (6.045360824742268041237113402061855670103e+1) predicate
RF-INVARIANCE: FAILURE RF-INVARIANCE-CONT4-ROT-Q9: R.S3.UX (-1.074432989690721649484536082474226804124e+2) predicate
RF-INVARIANCE: FAILURE RF-INVARIANCE-CONT4-ROT-Q9: R.S3.UY (1.962371134020618556701030927835051546392e+1) predicate
RF-INVARIANCE: FAILURE RF-INVARIANCE-CONT4-ROT-Q9: R.S3.UZ (1.238659793814432989690721649484536082474e+1) predicate
RF-INVARIANCE: FAILURE RF-INVARIANCE-CONT4-ROT-Q9: R.S4.UX (-4.109278350515463917525773195876288659794e+1) predicate
RF-INVARIANCE: FAILURE RF-INVARIANCE-CONT4-ROT-Q9: R.S4.UY (-5.206185567010309278350515463917525773196e-1) predicate
RF-INVARIANCE: FAILURE RF-INVARIANCE-CONT4-ROT-Q9: R.S4.UZ (-1.131443298969072164948453608247422680412e+1) predicate
RF-INVARIANCE: FAILURE RF-INVARIANCE-CONT4-OFF-1e3: R.S0.UY (-2.955154639175257731958762886597938144330e+1) predicate
RF-INVARIANCE: FAILURE RF-INVARIANCE-CONT4-OFF-1e3: R.S0.UZ (1.953092783505154639175257731958762886598e+1) predicate
RF-INVARIANCE: FAILURE RF-INVARIANCE-CONT4-OFF-1e3: R.S0.RY (-9.018556701030927835051546391752577319588e+1) predicate
RF-INVARIANCE: FAILURE RF-INVARIANCE-CONT4-OFF-1e3: R.S0.RZ (-1.503092783505154639175257731958762886598e+2) predicate
RF-INVARIANCE: FAILURE RF-INVARIANCE-CONT4-OFF-1e3: R.S1.UY (2.370618556701030927835051546391752577320e+1) predicate
RF-INVARIANCE: FAILURE RF-INVARIANCE-CONT4-OFF-1e3: R.S1.UZ (2.537628865979381443298969072164948453608e+1) predicate
RF-INVARIANCE: FAILURE RF-INVARIANCE-CONT4-OFF-1e3: R.S2.UY (6.327835051546391752577319587628865979381e+1) predicate
RF-INVARIANCE: FAILURE RF-INVARIANCE-CONT4-OFF-1e3: R.S2.UZ (-4.156701030927835051546391752577319587629e+1) predicate
RF-INVARIANCE: FAILURE RF-INVARIANCE-CONT4-OFF-1e3: R.S3.UY (-8.781958762886597938144329896907216494845e+1) predicate
RF-INVARIANCE: FAILURE RF-INVARIANCE-CONT4-OFF-1e3: R.S3.UZ (-6.610824742268041237113402061855670103093e+1) predicate
RF-INVARIANCE: FAILURE RF-INVARIANCE-CONT4-OFF-1e3: R.S4.UY (-4.161340206185567010309278350515463917526e+1) predicate
RF-INVARIANCE: FAILURE RF-INVARIANCE-CONT4-OFF-1e3: R.S4.UZ (-9.231958762886597938144329896907216494845e+0) predicate
RF-INVARIANCE: FAILURE RF-INVARIANCE-CONT4-OFF-1e6: R.S0.UY (-2.955154639175257731958762886597938144330e+1) predicate
RF-INVARIANCE: FAILURE RF-INVARIANCE-CONT4-OFF-1e6: R.S0.UZ (1.953092783505154639175257731958762886598e+1) predicate
RF-INVARIANCE: FAILURE RF-INVARIANCE-CONT4-OFF-1e6: R.S0.RY (-9.018556701030927835051546391752577319588e+1) predicate
RF-INVARIANCE: FAILURE RF-INVARIANCE-CONT4-OFF-1e6: R.S0.RZ (-1.503092783505154639175257731958762886598e+2) predicate
RF-INVARIANCE: FAILURE RF-INVARIANCE-CONT4-OFF-1e6: R.S1.UY (2.370618556701030927835051546391752577320e+1) predicate
RF-INVARIANCE: FAILURE RF-INVARIANCE-CONT4-OFF-1e6: R.S1.UZ (2.537628865979381443298969072164948453608e+1) predicate
RF-INVARIANCE: FAILURE RF-INVARIANCE-CONT4-OFF-1e6: R.S2.UY (6.327835051546391752577319587628865979381e+1) predicate
RF-INVARIANCE: FAILURE RF-INVARIANCE-CONT4-OFF-1e6: R.S2.UZ (-4.156701030927835051546391752577319587629e+1) predicate
RF-INVARIANCE: FAILURE RF-INVARIANCE-CONT4-OFF-1e6: R.S3.UY (-8.781958762886597938144329896907216494845e+1) predicate
RF-INVARIANCE: FAILURE RF-INVARIANCE-CONT4-OFF-1e6: R.S3.UZ (-6.610824742268041237113402061855670103093e+1) predicate
RF-INVARIANCE: FAILURE RF-INVARIANCE-CONT4-OFF-1e6: R.S4.UY (-4.161340206185567010309278350515463917526e+1) predicate
RF-INVARIANCE: FAILURE RF-INVARIANCE-CONT4-OFF-1e6: R.S4.UZ (-9.231958762886597938144329896907216494845e+0) predicate
RF-INVARIANCE: FAILURE RF-INVARIANCE-CONT4-RELABEL: R.R4.UY (-4.161340206185567010309278350515463917526e+1) predicate
RF-INVARIANCE: FAILURE RF-INVARIANCE-CONT4-RELABEL: R.R4.UZ (-9.231958762886597938144329896907216494845e+0) predicate
RF-INVARIANCE: FAILURE RF-INVARIANCE-CONT4-RELABEL: R.R5.UY (-8.781958762886597938144329896907216494845e+1) predicate
RF-INVARIANCE: FAILURE RF-INVARIANCE-CONT4-RELABEL: R.R5.UZ (-6.610824742268041237113402061855670103093e+1) predicate
RF-INVARIANCE: FAILURE RF-INVARIANCE-CONT4-RELABEL: R.R6.UY (6.327835051546391752577319587628865979381e+1) predicate
RF-INVARIANCE: FAILURE RF-INVARIANCE-CONT4-RELABEL: R.R6.UZ (-4.156701030927835051546391752577319587629e+1) predicate
RF-INVARIANCE: FAILURE RF-INVARIANCE-CONT4-RELABEL: R.R7.UY (2.370618556701030927835051546391752577320e+1) predicate
RF-INVARIANCE: FAILURE RF-INVARIANCE-CONT4-RELABEL: R.R7.UZ (2.537628865979381443298969072164948453608e+1) predicate
RF-INVARIANCE: FAILURE RF-INVARIANCE-CONT4-RELABEL: R.R8.UY (-2.955154639175257731958762886597938144330e+1) predicate
RF-INVARIANCE: FAILURE RF-INVARIANCE-CONT4-RELABEL: R.R8.UZ (1.953092783505154639175257731958762886598e+1) predicate
RF-INVARIANCE: FAILURE RF-INVARIANCE-CONT4-RELABEL: R.R8.RY (-9.018556701030927835051546391752577319588e+1) predicate
RF-INVARIANCE: FAILURE RF-INVARIANCE-CONT4-RELABEL: R.R8.RZ (-1.503092783505154639175257731958762886598e+2) predicate
RF-INVARIANCE: FAILURE RF-INVARIANCE-CONT4-UNITS-mm: R.S0.UY (-2.955154639175257731958762886597938144330e+1) predicate
RF-INVARIANCE: FAILURE RF-INVARIANCE-CONT4-UNITS-mm: R.S0.UZ (1.953092783505154639175257731958762886598e+1) predicate
RF-INVARIANCE: FAILURE RF-INVARIANCE-CONT4-UNITS-mm: R.S0.RY (-9.018556701030927835051546391752577319588e+4) predicate
RF-INVARIANCE: FAILURE RF-INVARIANCE-CONT4-UNITS-mm: R.S0.RZ (-1.503092783505154639175257731958762886598e+5) predicate
RF-INVARIANCE: FAILURE RF-INVARIANCE-CONT4-UNITS-mm: R.S1.UY (2.370618556701030927835051546391752577320e+1) predicate
RF-INVARIANCE: FAILURE RF-INVARIANCE-CONT4-UNITS-mm: R.S1.UZ (2.537628865979381443298969072164948453608e+1) predicate
RF-INVARIANCE: FAILURE RF-INVARIANCE-CONT4-UNITS-mm: R.S2.UY (6.327835051546391752577319587628865979381e+1) predicate
RF-INVARIANCE: FAILURE RF-INVARIANCE-CONT4-UNITS-mm: R.S2.UZ (-4.156701030927835051546391752577319587629e+1) predicate
RF-INVARIANCE: FAILURE RF-INVARIANCE-CONT4-UNITS-mm: R.S3.UY (-8.781958762886597938144329896907216494845e+1) predicate
RF-INVARIANCE: FAILURE RF-INVARIANCE-CONT4-UNITS-mm: R.S3.UZ (-6.610824742268041237113402061855670103093e+1) predicate
RF-INVARIANCE: FAILURE RF-INVARIANCE-CONT4-UNITS-mm: R.S4.UY (-4.161340206185567010309278350515463917526e+1) predicate
RF-INVARIANCE: FAILURE RF-INVARIANCE-CONT4-UNITS-mm: R.S4.UZ (-9.231958762886597938144329896907216494845e+0) predicate
RF-INVARIANCE: FAILURE RF-INVARIANCE-TREE100-BASE: R.P0.UY (-4.687500000000000000000000000000000000000e-2) predicate
RF-INVARIANCE: FAILURE RF-INVARIANCE-TREE100-BASE: R.P0.UZ (1.406250000000000000000000000000000000000e-1) predicate
RF-INVARIANCE: FAILURE RF-INVARIANCE-TREE100-BASE: R.P0.RX (5.625000000000000000000000000000000000000e-1) predicate
RF-INVARIANCE: FAILURE RF-INVARIANCE-TREE100-BASE: R.P0.RY (-7.734375000000000000000000000000000000000e+0) predicate
RF-INVARIANCE: FAILURE RF-INVARIANCE-TREE100-BASE: R.P0.RZ (-5.625000000000000000000000000000000000000e-1) predicate
RF-INVARIANCE: FAILURE RF-INVARIANCE-TREE100-OFF-1e3: R.P0.UY (-4.687500000000000000000000000000000000000e-2) predicate
RF-INVARIANCE: FAILURE RF-INVARIANCE-TREE100-OFF-1e3: R.P0.UZ (1.406250000000000000000000000000000000000e-1) predicate
RF-INVARIANCE: FAILURE RF-INVARIANCE-TREE100-OFF-1e3: R.P0.RX (5.625000000000000000000000000000000000000e-1) predicate
RF-INVARIANCE: FAILURE RF-INVARIANCE-TREE100-OFF-1e3: R.P0.RY (-7.734375000000000000000000000000000000000e+0) predicate
RF-INVARIANCE: FAILURE RF-INVARIANCE-TREE100-OFF-1e3: R.P0.RZ (-5.625000000000000000000000000000000000000e-1) predicate
RF-INVARIANCE: FAILURE RF-INVARIANCE-TREE100-OFF-1e6: R.P0.UY (-4.687500000000000000000000000000000000000e-2) predicate
RF-INVARIANCE: FAILURE RF-INVARIANCE-TREE100-OFF-1e6: R.P0.UZ (1.406250000000000000000000000000000000000e-1) predicate
RF-INVARIANCE: FAILURE RF-INVARIANCE-TREE100-OFF-1e6: R.P0.RX (5.625000000000000000000000000000000000000e-1) predicate
RF-INVARIANCE: FAILURE RF-INVARIANCE-TREE100-OFF-1e6: R.P0.RY (-7.734375000000000000000000000000000000000e+0) predicate
RF-INVARIANCE: FAILURE RF-INVARIANCE-TREE100-OFF-1e6: R.P0.RZ (-5.625000000000000000000000000000000000000e-1) predicate
RF-INVARIANCE: FAILURE RF-INVARIANCE-TREE100-RELABEL: R.R100.UY (-4.687500000000000000000000000000000000000e-2) predicate
RF-INVARIANCE: FAILURE RF-INVARIANCE-TREE100-RELABEL: R.R100.UZ (1.406250000000000000000000000000000000000e-1) predicate
RF-INVARIANCE: FAILURE RF-INVARIANCE-TREE100-RELABEL: R.R100.RX (5.625000000000000000000000000000000000000e-1) predicate
RF-INVARIANCE: FAILURE RF-INVARIANCE-TREE100-RELABEL: R.R100.RY (-7.734375000000000000000000000000000000000e+0) predicate
RF-INVARIANCE: FAILURE RF-INVARIANCE-TREE100-RELABEL: R.R100.RZ (-5.625000000000000000000000000000000000000e-1) predicate
test rf_invariance ... FAILED
RF-MECH: rows 26: passes 23, absolute-range passes 0, not covered 0 | structural zeros 0, expected unresolved 0, failures 3
RF-MECH: outcomes {"refused": 8, "selected": 1}
RF-MECH: controls discriminated 26, non-discriminating 0
RF-MECH: FAILURE RF-MECH-LINE345-RX-COMPANION: R.N0.UZ (-1.333333333333333333333333333333333333333e-3) predicate
RF-MECH: FAILURE RF-MECH-LINE345-RX-COMPANION: R.N0.RX (-8.333333333333333333333333333333333333333e-3) predicate
RF-MECH: FAILURE RF-MECH-LINE345-RX-COMPANION: R.N1.UZ (1.333333333333333333333333333333333333333e-3) predicate
test rf_mech ... FAILED
RF-RANGE: rows 2720: passes 2450, absolute-range passes 0, not covered 0 | structural zeros 80, expected unresolved 50, failures 140
RF-RANGE: outcomes {"selected": 30, "unresolved": 2}
RF-RANGE: controls discriminated 80, non-discriminating 12
RF-RANGE: FAILURE RF-RANGE-CONT-L-240: R.S0.UY (5.675138121546961325966850828729281767956e+1) predicate
RF-RANGE: FAILURE RF-RANGE-CONT-L-240: R.S0.UZ (1.521546961325966850828729281767955801105e+1) predicate
RF-RANGE: FAILURE RF-RANGE-CONT-L-240: R.S0.RY (-1.722330123141489354980670892755868685359e-71) predicate
RF-RANGE: FAILURE RF-RANGE-CONT-L-240: R.S0.RZ (5.065676832769086338178443802223143192233e-71) predicate
RF-RANGE: FAILURE RF-RANGE-CONT-L-240: R.S1.UY (4.899447513812154696132596685082872928177e+1) predicate
RF-RANGE: FAILURE RF-RANGE-CONT-L-240: R.S1.UZ (-7.286187845303867403314917127071823204420e+1) predicate
RF-RANGE: FAILURE RF-RANGE-CONT-L-240: R.S2.UY (-3.348066298342541436464088397790055248619e+1) predicate
RF-RANGE: FAILURE RF-RANGE-CONT-L-240: R.S2.UZ (-2.983425414364640883977900552486187845304e+0) predicate
RF-RANGE: FAILURE RF-RANGE-CONT-L-240: R.S3.UY (-2.030718232044198895027624309392265193370e+2) predicate
RF-RANGE: FAILURE RF-RANGE-CONT-L-240: R.S3.UZ (8.479558011049723756906077348066298342541e+1) predicate
RF-RANGE: FAILURE RF-RANGE-CONT-L-240: R.S4.UY (4.176795580110497237569060773480662983425e+1) predicate
RF-RANGE: FAILURE RF-RANGE-CONT-L-240: R.S4.UZ (-8.419889502762430939226519337016574585635e+1) predicate
RF-RANGE: FAILURE RF-RANGE-CONT-L-240: R.S5.UY (8.903867403314917127071823204419889502762e+1) predicate
RF-RANGE: FAILURE RF-RANGE-CONT-L-240: R.S5.UZ (-3.596685082872928176795580110497237569061e+1) predicate
RF-RANGE: FAILURE RF-RANGE-CONT-L+240: R.S0.UY (5.675138121546961325966850828729281767956e+1) predicate
RF-RANGE: FAILURE RF-RANGE-CONT-L+240: R.S0.UZ (1.521546961325966850828729281767955801105e+1) predicate
RF-RANGE: FAILURE RF-RANGE-CONT-L+240: R.S0.RY (-5.376681565082508777538564991211047063634e+73) predicate
RF-RANGE: FAILURE RF-RANGE-CONT-L+240: R.S0.RZ (1.581376930906620228687813232709131489304e+74) predicate
RF-RANGE: FAILURE RF-RANGE-CONT-L+240: R.S1.UY (4.899447513812154696132596685082872928177e+1) predicate
RF-RANGE: FAILURE RF-RANGE-CONT-L+240: R.S1.UZ (-7.286187845303867403314917127071823204420e+1) predicate
RF-RANGE: FAILURE RF-RANGE-CONT-L+240: R.S2.UY (-3.348066298342541436464088397790055248619e+1) predicate
RF-RANGE: FAILURE RF-RANGE-CONT-L+240: R.S2.UZ (-2.983425414364640883977900552486187845304e+0) predicate
RF-RANGE: FAILURE RF-RANGE-CONT-L+240: R.S3.UY (-2.030718232044198895027624309392265193370e+2) predicate
RF-RANGE: FAILURE RF-RANGE-CONT-L+240: R.S3.UZ (8.479558011049723756906077348066298342541e+1) predicate
RF-RANGE: FAILURE RF-RANGE-CONT-L+240: R.S4.UY (4.176795580110497237569060773480662983425e+1) predicate
RF-RANGE: FAILURE RF-RANGE-CONT-L+240: R.S4.UZ (-8.419889502762430939226519337016574585635e+1) predicate
RF-RANGE: FAILURE RF-RANGE-CONT-L+240: R.S5.UY (8.903867403314917127071823204419889502762e+1) predicate
RF-RANGE: FAILURE RF-RANGE-CONT-L+240: R.S5.UZ (-3.596685082872928176795580110497237569061e+1) predicate
RF-RANGE: FAILURE RF-RANGE-CONT-E-1000: R.S0.UY (5.675138121546961325966850828729281767956e+1) predicate
RF-RANGE: FAILURE RF-RANGE-CONT-E-1000: R.S0.UZ (1.521546961325966850828729281767955801105e+1) predicate
RF-RANGE: FAILURE RF-RANGE-CONT-E-1000: R.S0.RY (-3.043093922651933701657458563535911602210e+1) predicate
RF-RANGE: FAILURE RF-RANGE-CONT-E-1000: R.S0.RZ (8.950276243093922651933701657458563535912e+1) predicate
RF-RANGE: FAILURE RF-RANGE-CONT-E-1000: R.S1.UY (4.899447513812154696132596685082872928177e+1) predicate
RF-RANGE: FAILURE RF-RANGE-CONT-E-1000: R.S1.UZ (-7.286187845303867403314917127071823204420e+1) predicate
RF-RANGE: FAILURE RF-RANGE-CONT-E-1000: R.S2.UY (-3.348066298342541436464088397790055248619e+1) predicate
RF-RANGE: FAILURE RF-RANGE-CONT-E-1000: R.S2.UZ (-2.983425414364640883977900552486187845304e+0) predicate
RF-RANGE: FAILURE RF-RANGE-CONT-E-1000: R.S3.UY (-2.030718232044198895027624309392265193370e+2) predicate
RF-RANGE: FAILURE RF-RANGE-CONT-E-1000: R.S3.UZ (8.479558011049723756906077348066298342541e+1) predicate
RF-RANGE: FAILURE RF-RANGE-CONT-E-1000: R.S4.UY (4.176795580110497237569060773480662983425e+1) predicate
RF-RANGE: FAILURE RF-RANGE-CONT-E-1000: R.S4.UZ (-8.419889502762430939226519337016574585635e+1) predicate
RF-RANGE: FAILURE RF-RANGE-CONT-E-1000: R.S5.UY (8.903867403314917127071823204419889502762e+1) predicate
RF-RANGE: FAILURE RF-RANGE-CONT-E-1000: R.S5.UZ (-3.596685082872928176795580110497237569061e+1) predicate
RF-RANGE: FAILURE RF-RANGE-CONT-E+960: R.S0.UY (5.675138121546961325966850828729281767956e+1) predicate
RF-RANGE: FAILURE RF-RANGE-CONT-E+960: R.S0.UZ (1.521546961325966850828729281767955801105e+1) predicate
RF-RANGE: FAILURE RF-RANGE-CONT-E+960: R.S0.RY (-3.043093922651933701657458563535911602210e+1) predicate
RF-RANGE: FAILURE RF-RANGE-CONT-E+960: R.S0.RZ (8.950276243093922651933701657458563535912e+1) predicate
RF-RANGE: FAILURE RF-RANGE-CONT-E+960: R.S1.UY (4.899447513812154696132596685082872928177e+1) predicate
RF-RANGE: FAILURE RF-RANGE-CONT-E+960: R.S1.UZ (-7.286187845303867403314917127071823204420e+1) predicate
RF-RANGE: FAILURE RF-RANGE-CONT-E+960: R.S2.UY (-3.348066298342541436464088397790055248619e+1) predicate
RF-RANGE: FAILURE RF-RANGE-CONT-E+960: R.S2.UZ (-2.983425414364640883977900552486187845304e+0) predicate
RF-RANGE: FAILURE RF-RANGE-CONT-E+960: R.S3.UY (-2.030718232044198895027624309392265193370e+2) predicate
RF-RANGE: FAILURE RF-RANGE-CONT-E+960: R.S3.UZ (8.479558011049723756906077348066298342541e+1) predicate
RF-RANGE: FAILURE RF-RANGE-CONT-E+960: R.S4.UY (4.176795580110497237569060773480662983425e+1) predicate
RF-RANGE: FAILURE RF-RANGE-CONT-E+960: R.S4.UZ (-8.419889502762430939226519337016574585635e+1) predicate
RF-RANGE: FAILURE RF-RANGE-CONT-E+960: R.S5.UY (8.903867403314917127071823204419889502762e+1) predicate
RF-RANGE: FAILURE RF-RANGE-CONT-E+960: R.S5.UZ (-3.596685082872928176795580110497237569061e+1) predicate
RF-RANGE: FAILURE RF-RANGE-CONT-F-960: R.S0.UY (5.823453318085210059831449289821026879921e-288) predicate
RF-RANGE: FAILURE RF-RANGE-CONT-F-960: R.S0.UZ (1.561311374416537042910417771044305688016e-288) predicate
RF-RANGE: FAILURE RF-RANGE-CONT-F-960: R.S0.RY (-3.122622748833074085820835542088611376032e-288) predicate
RF-RANGE: FAILURE RF-RANGE-CONT-F-960: R.S0.RZ (9.184184555391394370061281006142974635389e-288) predicate
RF-RANGE: FAILURE RF-RANGE-CONT-F-960: R.S1.UY (5.027490656617955881092804935955302411521e-288) predicate
RF-RANGE: FAILURE RF-RANGE-CONT-F-960: R.S1.UZ (-7.476606538055661046442479870926762314291e-288) predicate
RF-RANGE: FAILURE RF-RANGE-CONT-F-960: R.S2.UY (-3.435565333683447523615516228223853474720e-288) predicate
RF-RANGE: FAILURE RF-RANGE-CONT-F-960: R.S2.UZ (-3.061394851797131456687093668714324878463e-289) predicate
RF-RANGE: FAILURE RF-RANGE-CONT-F-960: R.S3.UY (-2.083789429123247478185015090504883800607e-287) predicate
RF-RANGE: FAILURE RF-RANGE-CONT-F-960: R.S3.UZ (8.701164478774513629117317338412492265676e-288) predicate
RF-RANGE: FAILURE RF-RANGE-CONT-F-960: R.S4.UY (4.285952792515984039361931136200054829848e-288) predicate
RF-RANGE: FAILURE RF-RANGE-CONT-F-960: R.S4.UZ (-8.639936581738570999983575465038205768107e-288) predicate
RF-RANGE: FAILURE RF-RANGE-CONT-F-960: R.S5.UY (9.136562857696772325179481771296307359502e-288) predicate
RF-RANGE: FAILURE RF-RANGE-CONT-F-960: R.S5.UZ (-3.690681571333208478339440700616713881258e-288) predicate
RF-RANGE: FAILURE RF-RANGE-CONT-F+960: R.S0.UY (5.530600305254187323391709607085852725377e+290) predicate
RF-RANGE: FAILURE RF-RANGE-CONT-F+960: R.S0.UZ (1.482795292121303727474763264983882243544e+290) predicate
RF-RANGE: FAILURE RF-RANGE-CONT-F+960: R.S0.RY (-2.965590584242607454949526529967764487089e+290) predicate
RF-RANGE: FAILURE RF-RANGE-CONT-F+960: R.S0.RZ (8.722325247772374867498607441081660256143e+290) predicate
RF-RANGE: FAILURE RF-RANGE-CONT-F+960: R.S1.UY (4.774665450447248168208496962192108836511e+290) predicate
RF-RANGE: FAILURE RF-RANGE-CONT-F+960: R.S1.UZ (-7.100618849853214799541458946480551571483e+290) predicate
RF-RANGE: FAILURE RF-RANGE-CONT-F+960: R.S2.UY (-3.262795740833369857842071672404621058780e+290) predicate
RF-RANGE: FAILURE RF-RANGE-CONT-F+960: R.S2.UZ (-2.907441749257458289166202480360553418714e+289) predicate
RF-RANGE: FAILURE RF-RANGE-CONT-F+960: R.S3.UY (-1.978998683994576608825795154965416693672e+291) predicate
RF-RANGE: FAILURE RF-RANGE-CONT-F+960: R.S3.UZ (8.263595549556198115207939938624772938968e+290) predicate
RF-RANGE: FAILURE RF-RANGE-CONT-F+960: R.S4.UY (4.070418448960441604832683472504774786200e+290) predicate
RF-RANGE: FAILURE RF-RANGE-CONT-F+960: R.S4.UZ (-8.205446714571048949424615889017561870594e+290) predicate
RF-RANGE: FAILURE RF-RANGE-CONT-F+960: R.S5.UY (8.677098376117258849667133180276051647408e+290) predicate
RF-RANGE: FAILURE RF-RANGE-CONT-F+960: R.S5.UZ (-3.505082553271491381939255212434667177006e+290) predicate
RF-RANGE: FAILURE RF-RANGE-CONT-LEF-small: R.S0.UY (1.367662809631868820852651069423585182045e-179) predicate
RF-RANGE: FAILURE RF-RANGE-CONT-LEF-small: R.S0.UZ (3.666806247786377270860787621877485972890e-180) predicate
RF-RANGE: FAILURE RF-RANGE-CONT-LEF-small: R.S0.RY (-4.563718260186262596207505835610709374198e-240) predicate
RF-RANGE: FAILURE RF-RANGE-CONT-LEF-small: R.S0.RZ (1.342270076525371351825737010473738051235e-239) predicate
RF-RANGE: FAILURE RF-RANGE-CONT-LEF-small: R.S1.UY (1.180727589156484881553865818112183936369e-179) predicate
RF-RANGE: FAILURE RF-RANGE-CONT-LEF-small: R.S1.UZ (-1.755912882926897002473205052916495461528e-179) predicate
RF-RANGE: FAILURE RF-RANGE-CONT-LEF-small: R.S2.UY (-8.068571482057170029562953154893814450150e-180) predicate
RF-RANGE: FAILURE RF-RANGE-CONT-LEF-small: R.S2.UZ (-7.189816172130151511491740435053894064490e-181) predicate
RF-RANGE: FAILURE RF-RANGE-CONT-LEF-small: R.S3.UY (-4.893868207829923128822044656126683893230e-179) predicate
RF-RANGE: FAILURE RF-RANGE-CONT-LEF-small: R.S3.UZ (2.043505529812103062932874670318651224107e-179) predicate
RF-RANGE: FAILURE RF-RANGE-CONT-LEF-small: R.S4.UY (1.006574264098221211608843660907545169029e-179) predicate
RF-RANGE: FAILURE RF-RANGE-CONT-LEF-small: R.S4.UZ (-2.029125897467842759909891189448543435978e-179) predicate
RF-RANGE: FAILURE RF-RANGE-CONT-LEF-small: R.S5.UY (2.145760693149065217762979423172751050802e-179) predicate
RF-RANGE: FAILURE RF-RANGE-CONT-LEF-small: R.S5.UZ (-8.667722829734682655520598191148305622191e-180) predicate
RF-RANGE: FAILURE RF-RANGE-CONT-LEF-large: R.S0.UY (2.354907399090914898886157656123514217856e+182) predicate
RF-RANGE: FAILURE RF-RANGE-CONT-LEF-large: R.S0.UZ (6.313682804805665529139873622433954591098e+181) predicate
RF-RANGE: FAILURE RF-RANGE-CONT-LEF-large: R.S0.RY (-2.029139419685206482963084180292413698711e+242) predicate
RF-RANGE: FAILURE RF-RANGE-CONT-LEF-large: R.S0.RZ (5.968057116721195538126718177330628525621e+242) predicate
RF-RANGE: FAILURE RF-RANGE-CONT-LEF-large: R.S1.UY (2.033033373747880969949615079293547905369e+182) predicate
RF-RANGE: FAILURE RF-RANGE-CONT-LEF-large: R.S1.UZ (-3.023414990187985366677438392616521174561e+182) predicate
RF-RANGE: FAILURE RF-RANGE-CONT-LEF-large: R.S2.UY (-1.389285323061813112076529925633615280394e+182) predicate
RF-RANGE: FAILURE RF-RANGE-CONT-LEF-large: R.S2.UZ (-1.237977020550130495909779141653716586490e+181) predicate
RF-RANGE: FAILURE RF-RANGE-CONT-LEF-large: R.S3.UY (-8.426496919877888242159230024189630898708e+182) predicate
RF-RANGE: FAILURE RF-RANGE-CONT-LEF-large: R.S3.UZ (3.518605798408037565041350049278007809157e+182) predicate
RF-RANGE: FAILURE RF-RANGE-CONT-LEF-large: R.S4.UY (1.733167828770182694273690798315203221086e+182) predicate
RF-RANGE: FAILURE RF-RANGE-CONT-LEF-large: R.S4.UZ (-3.493846257997034955123154466444933477427e+182) predicate
RF-RANGE: FAILURE RF-RANGE-CONT-LEF-large: R.S5.UY (3.694673641330722791126296416090980834791e+182) predicate
RF-RANGE: FAILURE RF-RANGE-CONT-LEF-large: R.S5.UZ (-1.492450074774323986735678187438091662602e+182) predicate
RF-RANGE: FAILURE RF-RANGE-CONT-SIM-a: R.S0.UY (1.051417759686817201671532515367285913343e+80) predicate
RF-RANGE: FAILURE RF-RANGE-CONT-SIM-a: R.S0.UZ (2.818929624393978361958139162112057442899e+79) predicate
RF-RANGE: FAILURE RF-RANGE-CONT-SIM-a: R.S0.RY (-4.241453886516114373742359676994032291952e+43) predicate
RF-RANGE: FAILURE RF-RANGE-CONT-SIM-a: R.S0.RZ (1.247486437210621874630105787351185968221e+44) predicate
RF-RANGE: FAILURE RF-RANGE-CONT-SIM-a: R.S1.UY (9.077076219726143832187646365145143574301e+79) predicate
RF-RANGE: FAILURE RF-RANGE-CONT-SIM-a: R.S1.UZ (-1.349892661093238439996511956061503760238e+80) predicate
RF-RANGE: FAILURE RF-RANGE-CONT-SIM-a: R.S2.UY (-6.202873465442087463132288788089712456051e+79) predicate
RF-RANGE: FAILURE RF-RANGE-CONT-SIM-a: R.S2.UZ (-5.527312989007800709721841494337367535095e+78) predicate
RF-RANGE: FAILURE RF-RANGE-CONT-SIM-a: R.S3.UY (-3.762257707851309683084000110478968168888e+80) predicate
RF-RANGE: FAILURE RF-RANGE-CONT-SIM-a: R.S3.UZ (1.570985180653550468385385615834998461642e+80) predicate
RF-RANGE: FAILURE RF-RANGE-CONT-SIM-a: R.S4.UY (7.738238184610920993610578092072314549133e+79) predicate
RF-RANGE: FAILURE RF-RANGE-CONT-SIM-a: R.S4.UZ (-1.559930554675534866965941932846323726571e+80) predicate
RF-RANGE: FAILURE RF-RANGE-CONT-SIM-a: R.S5.UY (1.649595854274994745145874028198907688807e+80) predicate
RF-RANGE: FAILURE RF-RANGE-CONT-SIM-a: R.S5.UZ (-6.663482881192737522275775579284493083976e+79) predicate
RF-RANGE: FAILURE RF-RANGE-CONT-SIM-b: R.S0.UY (3.063215586945101353313833091667324046772e-77) predicate
RF-RANGE: FAILURE RF-RANGE-CONT-SIM-b: R.S0.UZ (8.212710014064261221793512786654799868389e-78) predicate
RF-RANGE: FAILURE RF-RANGE-CONT-SIM-b: R.S0.RY (-2.183312814391469238919185692219646034342e-41) predicate
RF-RANGE: FAILURE RF-RANGE-CONT-SIM-b: R.S0.RZ (6.421508277621968349762310859469547159829e-41) predicate
RF-RANGE: FAILURE RF-RANGE-CONT-SIM-b: R.S1.UY (2.644528409757511565536124596661393073089e-77) predicate
RF-RANGE: FAILURE RF-RANGE-CONT-SIM-b: R.S1.UZ (-3.932796647257787835621381504371949915189e-77) predicate
RF-RANGE: FAILURE RF-RANGE-CONT-SIM-b: R.S2.UY (-1.807154055382331989980707606649531125724e-77) predicate
RF-RANGE: FAILURE RF-RANGE-CONT-SIM-b: R.S2.UZ (-1.610335296875345337606571134638196052625e-78) predicate
RF-RANGE: FAILURE RF-RANGE-CONT-SIM-b: R.S3.UY (-1.096101558739818393130872752310398779820e-76) predicate
RF-RANGE: FAILURE RF-RANGE-CONT-SIM-b: R.S3.UZ (4.576930766007925970664009958227228336239e-77) predicate
RF-RANGE: FAILURE RF-RANGE-CONT-SIM-b: R.S4.UY (2.254469415625483472649199588493474473675e-77) predicate
RF-RANGE: FAILURE RF-RANGE-CONT-SIM-b: R.S4.UZ (-4.544724060070419063911878535534464415187e-77) predicate
RF-RANGE: FAILURE RF-RANGE-CONT-SIM-b: R.S5.UY (4.805956230452419529790277852931327330390e-77) predicate
RF-RANGE: FAILURE RF-RANGE-CONT-SIM-b: R.S5.UZ (-1.941348663455277434781255201202714130109e-77) predicate
test rf_range ... FAILED
RF-SKEW: rows 1080: passes 937, absolute-range passes 0, not covered 2 | structural zeros 96, expected unresolved 0, failures 45
RF-SKEW: outcomes {"selected": 36}
RF-SKEW: controls discriminated 105, non-discriminating 33
RF-SKEW: FAILURE RF-SKEW-T-PIN-OFF-345-r1e-04: R.N0.UZ (-2.304000000000000000000000000000000000000e-3) predicate
RF-SKEW: FAILURE RF-SKEW-T-PIN-OFF-345-r1e-04: R.N1.UZ (2.304000000000000000000000000000000000000e-3) predicate
RF-SKEW: FAILURE RF-SKEW-T-PIN-OFF-345-r1e-08: R.N0.UZ (-2.304000000000000000000000000000000000000e-7) predicate
RF-SKEW: FAILURE RF-SKEW-T-PIN-OFF-345-r1e-08: R.N1.UZ (2.304000000000000000000000000000000000000e-7) predicate
RF-SKEW: FAILURE RF-SKEW-T-PIN-OFF-345-r1e-12: R.N0.UZ (-2.304000000000000000000000000000000000000e-11) predicate
RF-SKEW: FAILURE RF-SKEW-T-PIN-OFF-345-r1e-12: R.N1.UZ (2.304000000000000000000000000000000000000e-11) predicate
RF-SKEW: FAILURE RF-SKEW-T-PIN-OFF-122-r1e-04: R.N0.UY (9.600000000000000000000000000000000000000e-3) predicate
RF-SKEW: FAILURE RF-SKEW-T-PIN-OFF-122-r1e-04: R.N0.UZ (-9.600000000000000000000000000000000000000e-3) predicate
RF-SKEW: FAILURE RF-SKEW-T-PIN-OFF-122-r1e-04: R.N1.UY (-9.600000000000000000000000000000000000000e-3) predicate
RF-SKEW: FAILURE RF-SKEW-T-PIN-OFF-122-r1e-04: R.N1.UZ (9.600000000000000000000000000000000000000e-3) predicate
RF-SKEW: FAILURE RF-SKEW-T-PIN-OFF-122-r1e-08: R.N0.UY (9.600000000000000000000000000000000000000e-7) predicate
RF-SKEW: FAILURE RF-SKEW-T-PIN-OFF-122-r1e-08: R.N0.UZ (-9.600000000000000000000000000000000000000e-7) predicate
RF-SKEW: FAILURE RF-SKEW-T-PIN-OFF-122-r1e-08: R.N1.UY (-9.600000000000000000000000000000000000000e-7) predicate
RF-SKEW: FAILURE RF-SKEW-T-PIN-OFF-122-r1e-08: R.N1.UZ (9.600000000000000000000000000000000000000e-7) predicate
RF-SKEW: FAILURE RF-SKEW-T-PIN-OFF-122-r1e-12: R.N0.UY (9.600000000000000000000000000000000000000e-11) predicate
RF-SKEW: FAILURE RF-SKEW-T-PIN-OFF-122-r1e-12: R.N0.UZ (-9.600000000000000000000000000000000000000e-11) predicate
RF-SKEW: FAILURE RF-SKEW-T-PIN-OFF-122-r1e-12: R.N1.UY (-9.600000000000000000000000000000000000000e-11) predicate
RF-SKEW: FAILURE RF-SKEW-T-PIN-OFF-122-r1e-12: R.N1.UZ (9.600000000000000000000000000000000000000e-11) predicate
RF-SKEW: FAILURE RF-SKEW-T-CANT-AX-345-r1e-04: R.N0.UX (8.000000000000000000000000000000000000000e+0) predicate
RF-SKEW: FAILURE RF-SKEW-T-CANT-AX-345-r1e-04: R.N0.UY (-6.000000000000000000000000000000000000000e+0) predicate
RF-SKEW: FAILURE RF-SKEW-T-CANT-AX-345-r1e-08: R.N0.UX (8.000000000000000000000000000000000000000e+0) predicate
RF-SKEW: FAILURE RF-SKEW-T-CANT-AX-345-r1e-08: R.N0.UY (-6.000000000000000000000000000000000000000e+0) predicate
RF-SKEW: FAILURE RF-SKEW-T-CANT-AX-345-r1e-12: R.N0.UX (8.000000000000000000000000000000000000000e+0) predicate
RF-SKEW: FAILURE RF-SKEW-T-CANT-AX-345-r1e-12: R.N0.UY (-6.000000000000000000000000000000000000000e+0) predicate
RF-SKEW: FAILURE RF-SKEW-T-CANT-AX-122-r1e-04: R.N0.UX (-6.000000000000000000000000000000000000000e+0) predicate
RF-SKEW: FAILURE RF-SKEW-T-CANT-AX-122-r1e-04: R.N0.UY (-3.000000000000000000000000000000000000000e+0) predicate
RF-SKEW: FAILURE RF-SKEW-T-CANT-AX-122-r1e-04: R.N0.UZ (6.000000000000000000000000000000000000000e+0) predicate
RF-SKEW: FAILURE RF-SKEW-T-CANT-AX-122-r1e-08: R.N0.UX (-6.000000000000000000000000000000000000000e+0) predicate
RF-SKEW: FAILURE RF-SKEW-T-CANT-AX-122-r1e-08: R.N0.UY (-3.000000000000000000000000000000000000000e+0) predicate
RF-SKEW: FAILURE RF-SKEW-T-CANT-AX-122-r1e-08: R.N0.UZ (6.000000000000000000000000000000000000000e+0) predicate
RF-SKEW: FAILURE RF-SKEW-T-CANT-AX-122-r1e-12: R.N0.UX (-6.000000000000000000000000000000000000000e+0) predicate
RF-SKEW: FAILURE RF-SKEW-T-CANT-AX-122-r1e-12: R.N0.UY (-3.000000000000000000000000000000000000000e+0) predicate
RF-SKEW: FAILURE RF-SKEW-T-CANT-AX-122-r1e-12: R.N0.UZ (6.000000000000000000000000000000000000000e+0) predicate
RF-SKEW: FAILURE RF-SKEW-A-CANT-AX-345-r1e-04: R.N0.RZ (-5.000000000000000000000000000000000000000e+1) predicate
RF-SKEW: FAILURE RF-SKEW-A-CANT-AX-345-r1e-08: R.N0.RZ (-5.000000000000000000000000000000000000000e+1) predicate
RF-SKEW: FAILURE RF-SKEW-A-CANT-AX-345-r1e-12: R.N0.RZ (-5.000000000000000000000000000000000000000e+1) predicate
RF-SKEW: FAILURE RF-SKEW-A-CANT-AX-122-r1e-04: R.N0.RX (1.800000000000000000000000000000000000000e+1) predicate
RF-SKEW: FAILURE RF-SKEW-A-CANT-AX-122-r1e-04: R.N0.RY (-1.800000000000000000000000000000000000000e+1) predicate
RF-SKEW: FAILURE RF-SKEW-A-CANT-AX-122-r1e-04: R.N0.RZ (9.000000000000000000000000000000000000000e+0) predicate
RF-SKEW: FAILURE RF-SKEW-A-CANT-AX-122-r1e-08: R.N0.RX (1.800000000000000000000000000000000000000e+1) predicate
RF-SKEW: FAILURE RF-SKEW-A-CANT-AX-122-r1e-08: R.N0.RY (-1.800000000000000000000000000000000000000e+1) predicate
RF-SKEW: FAILURE RF-SKEW-A-CANT-AX-122-r1e-08: R.N0.RZ (9.000000000000000000000000000000000000000e+0) predicate
RF-SKEW: FAILURE RF-SKEW-A-CANT-AX-122-r1e-12: R.N0.RX (1.799999999999999911182158029987476766109e+1) predicate
RF-SKEW: FAILURE RF-SKEW-A-CANT-AX-122-r1e-12: R.N0.RY (-1.800000000000000000000000000000000000000e+1) predicate
RF-SKEW: FAILURE RF-SKEW-A-CANT-AX-122-r1e-12: R.N0.RZ (9.000000000000000444089209850062616169453e+0) predicate
test rf_skew ... FAILED
RF-WEAK: rows 618: passes 507, absolute-range passes 0, not covered 46 | structural zeros 6, expected unresolved 0, failures 59
RF-WEAK: outcomes {"selected": 9}
RF-WEAK: controls discriminated 23, non-discriminating 13
RF-WEAK: FAILURE RF-WEAK-W-AX-rho1e-04: R.N0.UX (-9.998000799680127948820471811275489804078e+2) predicate
RF-WEAK: FAILURE RF-WEAK-W-AX-rho1e-04: R.N0.UY (-9.956538917423943105491900434610825760569e+1) predicate
RF-WEAK: FAILURE RF-WEAK-W-AX-rho1e-04: R.N0.RX (-4.999000399840063974410235905637744902039e+1) predicate
RF-WEAK: FAILURE RF-WEAK-W-AX-rho1e-04: R.N0.RZ (-1.988934809323998571255022289780255420550e+2) predicate
RF-WEAK: FAILURE RF-WEAK-W-AX-rho1e-04: R.N5.UX (-1.999200319872051179528188724510195921631e-1) predicate
RF-WEAK: FAILURE RF-WEAK-W-AX-rho1e-04: R.N5.UY (-4.346108257605689450809956538917423943105e-1) predicate
RF-WEAK: FAILURE RF-WEAK-W-AX-rho1e-04: R.N5.RX (-9.996001599360255897640943622550979608157e-3) predicate
RF-WEAK: FAILURE RF-WEAK-W-AX-rho1e-04: R.N5.RZ (1.066535061202701850907207247484254026560e+0) predicate
RF-WEAK: FAILURE RF-WEAK-W-AX-rho1e-08: R.N0.UX (-9.999999800000007999999680000012799999488e+2) predicate
RF-WEAK: FAILURE RF-WEAK-W-AX-rho1e-08: R.N0.UY (-9.999995600005455993234568389135197472355e+1) predicate
RF-WEAK: FAILURE RF-WEAK-W-AX-rho1e-08: R.N0.RX (-4.999999900000003999999840000006399999744e+1) predicate
RF-WEAK: FAILURE RF-WEAK-W-AX-rho1e-08: R.N0.RZ (-1.999998880001364798308610097285079368038e+2) predicate
RF-WEAK: FAILURE RF-WEAK-W-AX-rho1e-08: R.N5.UX (-1.999999920000003199999872000005119999795e-5) predicate
RF-WEAK: FAILURE RF-WEAK-W-AX-rho1e-08: R.N5.UY (-4.399994544006765431610864802527644865720e-5) predicate
RF-WEAK: FAILURE RF-WEAK-W-AX-rho1e-08: R.N5.RX (-9.999999600000015999999360000025599998976e-7) predicate
RF-WEAK: FAILURE RF-WEAK-W-AX-rho1e-08: R.N5.RZ (1.079998636801691325902717480631860016432e-4) predicate
RF-WEAK: FAILURE RF-WEAK-W-AX-rho1e-12: R.N0.UX (-9.999999999980000000000079999999999680000e+2) predicate
RF-WEAK: FAILURE RF-WEAK-W-AX-rho1e-12: R.N0.UY (-9.999999999560000000054559999993234560001e+1) predicate
RF-WEAK: FAILURE RF-WEAK-W-AX-rho1e-12: R.N0.RX (-4.999999999990000000000039999999999840000e+1) predicate
RF-WEAK: FAILURE RF-WEAK-W-AX-rho1e-12: R.N0.RZ (-1.999999999888000000013647999998308608000e+2) predicate
RF-WEAK: FAILURE RF-WEAK-W-L-r1e-04: R.N0.UZ (-1.080000000000000000000000000000000000000e-2) predicate
RF-WEAK: FAILURE RF-WEAK-W-L-r1e-04: R.N0.RY (2.160000000000000000000000000000000000000e-2) predicate
RF-WEAK: FAILURE RF-WEAK-W-L-r1e-08: R.N0.UZ (-1.080000000000000000000000000000000000000e-6) predicate
RF-WEAK: FAILURE RF-WEAK-W-L-r1e-08: R.N0.RY (2.160000000000000000000000000000000000000e-6) predicate
RF-WEAK: FAILURE RF-WEAK-W-L-r1e-12: R.N0.UZ (-1.080000000000000000000000000000000000000e-10) predicate
RF-WEAK: FAILURE RF-WEAK-W-L-r1e-12: R.N0.RY (2.160000000000000000000000000000000000000e-10) predicate
RF-WEAK: FAILURE RF-WEAK-W-3D-rho1e-04: R.A0.UX (-9.141023670980790692343187422139752221274e-4) predicate
RF-WEAK: FAILURE RF-WEAK-W-3D-rho1e-04: R.A0.UY (-1.173981597835440821070699894894658058869e-2) predicate
RF-WEAK: FAILURE RF-WEAK-W-3D-rho1e-04: R.A0.UZ (-8.446724517225334718811665299045729629589e+0) predicate
RF-WEAK: FAILURE RF-WEAK-W-3D-rho1e-04: R.A0.RX (-2.187747444299197484881418997794728909679e+1) predicate
RF-WEAK: FAILURE RF-WEAK-W-3D-rho1e-04: R.A0.RY (1.689114723767536138672112403318478072542e+1) predicate
RF-WEAK: FAILURE RF-WEAK-W-3D-rho1e-04: R.A0.RZ (-2.165345120177456687016224162230896642023e-2) predicate
RF-WEAK: FAILURE RF-WEAK-W-3D-rho1e-04: R.B0.UX (9.141023670980790692343187422139752221274e-4) predicate
RF-WEAK: FAILURE RF-WEAK-W-3D-rho1e-04: R.B0.UY (1.173981597835440821070699894894658058869e-2) predicate
RF-WEAK: FAILURE RF-WEAK-W-3D-rho1e-04: R.B0.UZ (-1.553275482774665281188334700954270370411e+0) predicate
RF-WEAK: FAILURE RF-WEAK-W-3D-rho1e-04: R.B0.RX (3.114056006047344789988942779662263739615e+0) predicate
RF-WEAK: FAILURE RF-WEAK-W-3D-rho1e-04: R.B0.RY (-3.106077373508218669612931474486290157502e+0) predicate
RF-WEAK: FAILURE RF-WEAK-W-3D-rho1e-04: R.B0.RZ (-2.164940324325074969572847920462145504601e-2) predicate
RF-WEAK: FAILURE RF-WEAK-W-3D-rho1e-08: R.A0.UX (-2.999719729563627739553547106324350290385e-7) predicate
RF-WEAK: FAILURE RF-WEAK-W-3D-rho1e-08: R.A0.UY (-1.387471477848831932303582285697344587874e-6) predicate
RF-WEAK: FAILURE RF-WEAK-W-3D-rho1e-08: R.A0.UZ (-9.999791903939534393992916056662959361516e+0) predicate
RF-WEAK: FAILURE RF-WEAK-W-3D-rho1e-08: R.A0.RX (-2.499958195791281415293049533997393274875e+1) predicate
RF-WEAK: FAILURE RF-WEAK-W-3D-rho1e-08: R.A0.RY (1.999958340790189793034532356529216617773e+1) predicate
RF-WEAK: FAILURE RF-WEAK-W-3D-rho1e-08: R.A0.RZ (-2.174999036784032665608551285085734740359e-6) predicate
RF-WEAK: FAILURE RF-WEAK-W-3D-rho1e-08: R.B0.UX (2.999719729563627739553547106324350290385e-7) predicate
RF-WEAK: FAILURE RF-WEAK-W-3D-rho1e-08: R.B0.UY (1.387471477848831932303582285697344587874e-6) predicate
RF-WEAK: FAILURE RF-WEAK-W-3D-rho1e-08: R.B0.UZ (-2.080960604656060070839433370406384843073e-4) predicate
RF-WEAK: FAILURE RF-WEAK-W-3D-rho1e-08: R.B0.RX (4.171170976322746226957204866666973757309e-4) predicate
RF-WEAK: FAILURE RF-WEAK-W-3D-rho1e-08: R.B0.RY (-4.163920877062670992072493497499965345138e-4) predicate
RF-WEAK: FAILURE RF-WEAK-W-3D-rho1e-08: R.B0.RZ (-2.174998982785843967784359015173903494985e-6) predicate
RF-WEAK: FAILURE RF-WEAK-W-3D-rho1e-12: R.A0.UZ (-9.999999979189686995198850697048755589827e+0) predicate
RF-WEAK: FAILURE RF-WEAK-W-3D-rho1e-12: R.A0.RX (-2.499999995819437399073516641923039326993e+1) predicate
RF-WEAK: FAILURE RF-WEAK-W-3D-rho1e-12: R.A0.RY (1.999999995833937399062600065164458189797e+1) predicate
RF-WEAK: FAILURE RF-WEAK-W-3D-rho1e-12: R.B0.UX (2.999999971971995994116032194375812184843e-11) predicate
RF-WEAK: FAILURE RF-WEAK-W-3D-rho1e-12: R.B0.UY (1.387499997147688823788857303945974315191e-10) predicate
RF-WEAK: FAILURE RF-WEAK-W-3D-rho1e-12: R.B0.UZ (-2.081031300480114930295124441017301372218e-8) predicate
RF-WEAK: FAILURE RF-WEAK-W-3D-rho1e-12: R.B0.RX (4.171312600936930139579314237141420003170e-8) predicate
RF-WEAK: FAILURE RF-WEAK-W-3D-rho1e-12: R.B0.RY (-4.164062600927003778333188018255371041549e-8) predicate
RF-WEAK: FAILURE RF-WEAK-W-3D-rho1e-12: R.B0.RZ (-2.174999999898278448763564987539636474756e-10) predicate
test rf_weak ... FAILED
RF-ZERO: rows 158: passes 142, absolute-range passes 0, not covered 0 | structural zeros 0, expected unresolved 0, failures 16
RF-ZERO: outcomes {"selected": 4}
RF-ZERO: controls discriminated 9, non-discriminating 0
RF-ZERO: FAILURE RF-ZERO-SYM: R.N0.UY (-5.000000000000000000000000000000000000000e+2) predicate
RF-ZERO: FAILURE RF-ZERO-SYM: R.N0.UZ (-2.500000000000000000000000000000000000000e+2) predicate
RF-ZERO: FAILURE RF-ZERO-SYM: R.N0.RY (2.500000000000000000000000000000000000000e+2) predicate
RF-ZERO: FAILURE RF-ZERO-SYM: R.N0.RZ (-5.000000000000000000000000000000000000000e+2) predicate
RF-ZERO: FAILURE RF-ZERO-SYM: R.N4.UY (-5.000000000000000000000000000000000000000e+2) predicate
RF-ZERO: FAILURE RF-ZERO-SYM: R.N4.UZ (-2.500000000000000000000000000000000000000e+2) predicate
RF-ZERO: FAILURE RF-ZERO-SYM: R.N4.RY (-2.500000000000000000000000000000000000000e+2) predicate
RF-ZERO: FAILURE RF-ZERO-SYM: R.N4.RZ (5.000000000000000000000000000000000000000e+2) predicate
RF-ZERO: FAILURE RF-ZERO-TORSION: R.N0.RX (-1.000000000000000000000000000000000000000e+0) predicate
RF-ZERO: FAILURE RF-ZERO-TORSION: R.N0.RY (-2.000000000000000000000000000000000000000e+0) predicate
RF-ZERO: FAILURE RF-ZERO-TORSION: R.N0.RZ (-2.000000000000000000000000000000000000000e+0) predicate
RF-ZERO: FAILURE RF-ZERO-PLANAR: R.N0.UX (-1.000000000000000000000000000000000000000e+2) predicate
RF-ZERO: FAILURE RF-ZERO-PLANAR: R.N0.UY (2.000000000000000000000000000000000000000e+2) predicate
RF-ZERO: FAILURE RF-ZERO-PLANAR: R.N0.RZ (5.500000000000000000000000000000000000000e+2) predicate
RF-ZERO: FAILURE RF-ZERO-TINY: R.N0.UX (-1.000000000000000000000000000000000000000e-3) predicate
RF-ZERO: FAILURE RF-ZERO-TINY: R.N0.RX (-1.000000000000000000000000000000000000000e-3) predicate
test rf_zero ... FAILED
RF-LARGE: rows 9054: passes 8737, absolute-range passes 0, not covered 0 | structural zeros 0, expected unresolved 0, failures 317
RF-LARGE: outcomes {"selected": 12}
RF-LARGE: controls discriminated 38, non-discriminating 0
RF-LARGE: FAILURE RF-LARGE-CHAIN-n00010-AX: R.N0.UX (-9.375000000000000000000000000000000000000e-2) predicate
RF-LARGE: FAILURE RF-LARGE-CHAIN-n00010-AX: R.N0.UY (4.687500000000000000000000000000000000000e-2) predicate
RF-LARGE: FAILURE RF-LARGE-CHAIN-n00010-AX: R.N0.UZ (-1.406250000000000000000000000000000000000e-1) predicate
RF-LARGE: FAILURE RF-LARGE-CHAIN-n00010-AX: R.N0.RX (-6.000000000000000000000000000000000000000e+0) predicate
RF-LARGE: FAILURE RF-LARGE-CHAIN-n00010-AX: R.N0.RY (-7.781250000000000000000000000000000000000e+0) predicate
RF-LARGE: FAILURE RF-LARGE-CHAIN-n00010-AX: R.N0.RZ (7.406250000000000000000000000000000000000e+0) predicate
RF-LARGE: FAILURE RF-LARGE-CHAIN-n00010-ROT: R.N0.UX (-9.375000000000000000000000000000000000000e-2) predicate
RF-LARGE: FAILURE RF-LARGE-CHAIN-n00010-ROT: R.N0.UY (4.687500000000000000000000000000000000000e-2) predicate
RF-LARGE: FAILURE RF-LARGE-CHAIN-n00010-ROT: R.N0.UZ (1.406250000000000000000000000000000000000e-1) predicate
RF-LARGE: FAILURE RF-LARGE-CHAIN-n00010-ROT: R.N0.RX (-2.250000000000000000000000000000000000000e+0) predicate
RF-LARGE: FAILURE RF-LARGE-CHAIN-n00010-ROT: R.N0.RY (-1.153125000000000000000000000000000000000e+1) predicate
RF-LARGE: FAILURE RF-LARGE-CHAIN-n00010-ROT: R.N0.RZ (-3.656250000000000000000000000000000000000e+0) predicate
RF-LARGE: FAILURE RF-LARGE-TREE-n00010-AX: R.P0.RY (7.200000000000000000000000000000000000000e+1) predicate
RF-LARGE: FAILURE RF-LARGE-TREE-n00010-AX: R.P0.RZ (-1.800000000000000000000000000000000000000e+1) predicate
RF-LARGE: FAILURE RF-LARGE-TREE-n00010-ROT: R.P0.RX (3.600000000000000000000000000000000000000e+1) predicate
RF-LARGE: FAILURE RF-LARGE-TREE-n00010-ROT: R.P0.RY (3.600000000000000000000000000000000000000e+1) predicate
RF-LARGE: FAILURE RF-LARGE-TREE-n00010-ROT: R.P0.RZ (5.400000000000000000000000000000000000000e+1) predicate
RF-LARGE: FAILURE RF-LARGE-CONT-n00010-AX: R.S0.UY (5.675138121546961325966850828729281767956e+1) predicate
RF-LARGE: FAILURE RF-LARGE-CONT-n00010-AX: R.S0.UZ (1.521546961325966850828729281767955801105e+1) predicate
RF-LARGE: FAILURE RF-LARGE-CONT-n00010-AX: R.S0.RY (-3.043093922651933701657458563535911602210e+1) predicate
RF-LARGE: FAILURE RF-LARGE-CONT-n00010-AX: R.S0.RZ (8.950276243093922651933701657458563535912e+1) predicate
RF-LARGE: FAILURE RF-LARGE-CONT-n00010-AX: R.S1.UY (4.899447513812154696132596685082872928177e+1) predicate
RF-LARGE: FAILURE RF-LARGE-CONT-n00010-AX: R.S1.UZ (-7.286187845303867403314917127071823204420e+1) predicate
RF-LARGE: FAILURE RF-LARGE-CONT-n00010-AX: R.S2.UY (-3.348066298342541436464088397790055248619e+1) predicate
RF-LARGE: FAILURE RF-LARGE-CONT-n00010-AX: R.S2.UZ (-2.983425414364640883977900552486187845304e+0) predicate
RF-LARGE: FAILURE RF-LARGE-CONT-n00010-AX: R.S3.UY (-2.030718232044198895027624309392265193370e+2) predicate
RF-LARGE: FAILURE RF-LARGE-CONT-n00010-AX: R.S3.UZ (8.479558011049723756906077348066298342541e+1) predicate
RF-LARGE: FAILURE RF-LARGE-CONT-n00010-AX: R.S4.UY (4.176795580110497237569060773480662983425e+1) predicate
RF-LARGE: FAILURE RF-LARGE-CONT-n00010-AX: R.S4.UZ (-8.419889502762430939226519337016574585635e+1) predicate
RF-LARGE: FAILURE RF-LARGE-CONT-n00010-AX: R.S5.UY (8.903867403314917127071823204419889502762e+1) predicate
RF-LARGE: FAILURE RF-LARGE-CONT-n00010-AX: R.S5.UZ (-3.596685082872928176795580110497237569061e+1) predicate
RF-LARGE: FAILURE RF-LARGE-CONT-n00010-ROT: R.S0.UX (4.797790055248618784530386740331491712707e+1) predicate
RF-LARGE: FAILURE RF-LARGE-CONT-n00010-ROT: R.S0.UY (8.773480662983425414364640883977900552486e+0) predicate
RF-LARGE: FAILURE RF-LARGE-CONT-n00010-ROT: R.S0.UZ (3.276243093922651933701657458563535911602e+1) predicate
RF-LARGE: FAILURE RF-LARGE-CONT-n00010-ROT: R.S0.RX (3.938121546961325966850828729281767955801e+1) predicate
RF-LARGE: FAILURE RF-LARGE-CONT-n00010-ROT: R.S0.RY (-6.981215469613259668508287292817679558011e+1) predicate
RF-LARGE: FAILURE RF-LARGE-CONT-n00010-ROT: R.S0.RZ (-5.012154696132596685082872928176795580110e+1) predicate
RF-LARGE: FAILURE RF-LARGE-CONT-n00010-ROT: R.S1.UX (-1.591160220994475138121546961325966850829e+1) predicate
RF-LARGE: FAILURE RF-LARGE-CONT-n00010-ROT: R.S1.UY (6.490607734806629834254143646408839779006e+1) predicate
RF-LARGE: FAILURE RF-LARGE-CONT-n00010-ROT: R.S1.UZ (5.695027624309392265193370165745856353591e+1) predicate
RF-LARGE: FAILURE RF-LARGE-CONT-n00010-ROT: R.S2.UX (-2.430939226519337016574585635359116022099e+1) predicate
RF-LARGE: FAILURE RF-LARGE-CONT-n00010-ROT: R.S2.UY (-9.171270718232044198895027624309392265193e+0) predicate
RF-LARGE: FAILURE RF-LARGE-CONT-n00010-ROT: R.S2.UZ (-2.132596685082872928176795580110497237569e+1) predicate
RF-LARGE: FAILURE RF-LARGE-CONT-n00010-ROT: R.S3.UX (-7.885082872928176795580110497237569060773e+1) predicate
RF-LARGE: FAILURE RF-LARGE-CONT-n00010-ROT: R.S3.UY (-1.242209944751381215469613259668508287293e+2) predicate
RF-LARGE: FAILURE RF-LARGE-CONT-n00010-ROT: R.S3.UZ (-1.636464088397790055248618784530386740331e+2) predicate
RF-LARGE: FAILURE RF-LARGE-CONT-n00010-ROT: R.S4.UX (-2.828729281767955801104972375690607734807e+1) predicate
RF-LARGE: FAILURE RF-LARGE-CONT-n00010-ROT: R.S4.UY (7.005524861878453038674033149171270718232e+1) predicate
RF-LARGE: FAILURE RF-LARGE-CONT-n00010-ROT: R.S4.UZ (5.591160220994475138121546961325966850829e+1) predicate
RF-LARGE: FAILURE RF-LARGE-CONT-n00010-ROT: R.S5.UX (3.538121546961325966850828729281767955801e+1) predicate
RF-LARGE: FAILURE RF-LARGE-CONT-n00010-ROT: R.S5.UY (5.365745856353591160220994475138121546961e+1) predicate
RF-LARGE: FAILURE RF-LARGE-CONT-n00010-ROT: R.S5.UZ (7.134806629834254143646408839779005524862e+1) predicate
RF-LARGE: FAILURE RF-LARGE-CHAIN-n00100-AX: R.N0.UX (-7.324218750000000000000000000000000000000e-4) predicate
RF-LARGE: FAILURE RF-LARGE-CHAIN-n00100-AX: R.N0.UY (3.662109375000000000000000000000000000000e-4) predicate
RF-LARGE: FAILURE RF-LARGE-CHAIN-n00100-AX: R.N0.UZ (-1.098632812500000000000000000000000000000e-3) predicate
RF-LARGE: FAILURE RF-LARGE-CHAIN-n00100-AX: R.N0.RX (-7.500000000000000000000000000000000000000e-1) predicate
RF-LARGE: FAILURE RF-LARGE-CHAIN-n00100-AX: R.N0.RY (-1.170410156250000000000000000000000000000e+0) predicate
RF-LARGE: FAILURE RF-LARGE-CHAIN-n00100-AX: R.N0.RZ (8.598632812500000000000000000000000000000e-1) predicate
RF-LARGE: FAILURE RF-LARGE-CHAIN-n00100-ROT: R.N0.UX (-7.324218750000000000000000000000000000000e-4) predicate
RF-LARGE: FAILURE RF-LARGE-CHAIN-n00100-ROT: R.N0.UY (3.662109375000000000000000000000000000000e-4) predicate
RF-LARGE: FAILURE RF-LARGE-CHAIN-n00100-ROT: R.N0.UZ (1.098632812500000000000000000000000000000e-3) predicate
RF-LARGE: FAILURE RF-LARGE-CHAIN-n00100-ROT: R.N0.RX (-4.570312500000000000000000000000000000000e-1) predicate
RF-LARGE: FAILURE RF-LARGE-CHAIN-n00100-ROT: R.N0.RY (-1.463378906250000000000000000000000000000e+0) predicate
RF-LARGE: FAILURE RF-LARGE-CHAIN-n00100-ROT: R.N0.RZ (-5.668945312500000000000000000000000000000e-1) predicate
RF-LARGE: FAILURE RF-LARGE-TREE-n00100-AX: R.P0.UY (-4.687500000000000000000000000000000000000e-2) predicate
RF-LARGE: FAILURE RF-LARGE-TREE-n00100-AX: R.P0.UZ (1.406250000000000000000000000000000000000e-1) predicate
RF-LARGE: FAILURE RF-LARGE-TREE-n00100-AX: R.P0.RX (5.625000000000000000000000000000000000000e-1) predicate
RF-LARGE: FAILURE RF-LARGE-TREE-n00100-AX: R.P0.RY (-7.734375000000000000000000000000000000000e+0) predicate
RF-LARGE: FAILURE RF-LARGE-TREE-n00100-AX: R.P0.RZ (-5.625000000000000000000000000000000000000e-1) predicate
RF-LARGE: FAILURE RF-LARGE-TREE-n00100-ROT: R.P0.UX (6.250000000000000000000000000000000000000e-2) predicate
RF-LARGE: FAILURE RF-LARGE-TREE-n00100-ROT: R.P0.UY (-1.093750000000000000000000000000000000000e-1) predicate
RF-LARGE: FAILURE RF-LARGE-TREE-n00100-ROT: R.P0.UZ (-7.812500000000000000000000000000000000000e-2) predicate
RF-LARGE: FAILURE RF-LARGE-TREE-n00100-ROT: R.P0.RX (-5.343750000000000000000000000000000000000e+0) predicate
RF-LARGE: FAILURE RF-LARGE-TREE-n00100-ROT: R.P0.RY (-1.828125000000000000000000000000000000000e+0) predicate
RF-LARGE: FAILURE RF-LARGE-TREE-n00100-ROT: R.P0.RZ (-5.343750000000000000000000000000000000000e+0) predicate
RF-LARGE: FAILURE RF-LARGE-CONT-n00100-AX: R.S0.UY (5.653427505137477314527923547191484191586e+1) predicate
RF-LARGE: FAILURE RF-LARGE-CONT-n00100-AX: R.S0.UZ (1.521539030917347247767064390192953159669e+1) predicate
RF-LARGE: FAILURE RF-LARGE-CONT-n00100-AX: R.S0.RY (-3.043078061834694495534128780385906319337e+1) predicate
RF-LARGE: FAILURE RF-LARGE-CONT-n00100-AX: R.S0.RZ (8.906855010274954629055847094382968383172e+1) predicate
RF-LARGE: FAILURE RF-LARGE-CONT-n00100-AX: R.S1.UY (4.986289979450090741888305811234063233657e+1) predicate
RF-LARGE: FAILURE RF-LARGE-CONT-n00100-AX: R.S1.UZ (-7.286156123669388991068257560771812638675e+1) predicate
RF-LARGE: FAILURE RF-LARGE-CONT-n00100-AX: R.S2.UY (-3.652014928075317596609070339319221317799e+1) predicate
RF-LARGE: FAILURE RF-LARGE-CONT-n00100-AX: R.S2.UZ (-2.984535671571385312610985372986557646391e+0) predicate
RF-LARGE: FAILURE RF-LARGE-CONT-n00100-AX: R.S3.UY (-1.917823026714882035545202445395717796246e+2) predicate
RF-LARGE: FAILURE RF-LARGE-CONT-n00100-AX: R.S3.UZ (8.479970392297943116112651709966435697231e+1) predicate
RF-LARGE: FAILURE RF-LARGE-CONT-n00100-AX: R.S4.UY (-3.506400332940098158283184485206683235405e-1) predicate
RF-LARGE: FAILURE RF-LARGE-CONT-n00100-AX: R.S4.UZ (-8.421428002034633933189508302567087024285e+1) predicate
RF-LARGE: FAILURE RF-LARGE-CONT-n00100-AX: R.S5.UY (1.931848628046642428178335183336544529188e+2) predicate
RF-LARGE: FAILURE RF-LARGE-CONT-n00100-AX: R.S5.UZ (5.741615840592616645381500301912399909205e-2) predicate
RF-LARGE: FAILURE RF-LARGE-CONT-n00100-AX: R.S6.UY (3.161118881463703854449424511390285664842e+1) predicate
RF-LARGE: FAILURE RF-LARGE-CONT-n00100-AX: R.S6.UZ (8.398461538672263466607982301359437424648e+1) predicate
RF-LARGE: FAILURE RF-LARGE-CONT-n00100-AX: R.S7.UY (-3.162961806321239699581049878926587951246e+1) predicate
RF-LARGE: FAILURE RF-LARGE-CONT-n00100-AX: R.S7.UZ (-8.399587770529646483077310705739662098502e+1) predicate
RF-LARGE: FAILURE RF-LARGE-CONT-n00100-AX: R.S8.UY (-1.930927165617874505612522499568393385986e+2) predicate
RF-LARGE: FAILURE RF-LARGE-CONT-n00100-AX: R.S8.UZ (-1.104565536775342987394784007890306395063e-3) predicate
RF-LARGE: FAILURE RF-LARGE-CONT-n00100-AX: R.S9.UY (4.843103621992408194986166232339067796785e-4) predicate
RF-LARGE: FAILURE RF-LARGE-CONT-n00100-AX: R.S9.UZ (8.400029596744356620272268619342818221060e+1) predicate
RF-LARGE: FAILURE RF-LARGE-CONT-n00100-AX: R.S10.UY (1.930907793203386535979742554903464029715e+2) predicate
RF-LARGE: FAILURE RF-LARGE-CONT-n00100-AX: R.S10.UZ (-8.400007930423748946790334998970483853601e+1) predicate
RF-LARGE: FAILURE RF-LARGE-CONT-n00100-AX: R.S11.UY (3.163639840828318636728347942199115420738e+1) predicate
RF-LARGE: FAILURE RF-LARGE-CONT-n00100-AX: R.S11.UZ (2.124950639166889071376539117193345122041e-5) predicate
RF-LARGE: FAILURE RF-LARGE-CONT-n00100-AX: R.S12.UY (-3.163637295347139906710817317831101980096e+1) predicate
RF-LARGE: FAILURE RF-LARGE-CONT-n00100-AX: R.S12.UZ (8.399999430621192279234049492814015080221e+1) predicate
RF-LARGE: FAILURE RF-LARGE-CONT-n00100-AX: R.S13.UY (-1.930909065943975900988507867087470750035e+2) predicate
RF-LARGE: FAILURE RF-LARGE-CONT-n00100-AX: R.S13.UZ (-8.399999847435408283825269347795177514229e+1) predicate
RF-LARGE: FAILURE RF-LARGE-CONT-n00100-AX: R.S14.UY (-6.689382405374886799867006801849466842613e-7) predicate
RF-LARGE: FAILURE RF-LARGE-CONT-n00100-AX: R.S14.UZ (-4.087955914393297210163330502330683985682e-7) predicate
RF-LARGE: FAILURE RF-LARGE-CONT-n00100-AX: R.S15.UY (1.930909092701505522488055066555497957433e+2) predicate
RF-LARGE: FAILURE RF-LARGE-CONT-n00100-AX: R.S15.UZ (8.400000010953644859557157754328397607456e+1) predicate
RF-LARGE: FAILURE RF-LARGE-CONT-n00100-AX: R.S16.UY (3.163636358833603154226665336450149721171e+1) predicate
RF-LARGE: FAILURE RF-LARGE-CONT-n00100-AX: R.S16.UZ (-8.400000002935020294295658915680285406517e+1) predicate
RF-LARGE: FAILURE RF-LARGE-CONT-n00100-AX: R.S17.UY (-3.163636362349467841787212011355578459015e+1) predicate
RF-LARGE: FAILURE RF-LARGE-CONT-n00100-AX: R.S18.UY (-1.930909090943573178707781729102783588511e+2) predicate
RF-LARGE: FAILURE RF-LARGE-CONT-n00100-AX: R.S18.UZ (8.399999999789275023793747282109309332074e+1) predicate
RF-LARGE: FAILURE RF-LARGE-CONT-n00100-AX: R.S19.UZ (-8.399999999943536412800467036829981346908e+1) predicate
RF-LARGE: FAILURE RF-LARGE-CONT-n00100-AX: R.S20.UY (1.930909090906615182668389258916014788726e+2) predicate
RF-LARGE: FAILURE RF-LARGE-CONT-n00100-AX: R.S21.UY (3.163636363642997703165948467892486451482e+1) predicate
RF-LARGE: FAILURE RF-LARGE-CONT-n00100-AX: R.S21.UZ (8.400000000004053903167983575987517124675e+1) predicate
RF-LARGE: FAILURE RF-LARGE-CONT-n00100-AX: R.S22.UY (-3.163636363638142639347686460730093693194e+1) predicate
RF-LARGE: FAILURE RF-LARGE-CONT-n00100-AX: R.S22.UZ (-8.400000000001086240080055169160684554259e+1) predicate
RF-LARGE: FAILURE RF-LARGE-CONT-n00100-AX: R.S23.UY (-1.930909090909042714577520262497211167871e+2) predicate
RF-LARGE: FAILURE RF-LARGE-CONT-n00100-AX: R.S24.UZ (8.399999999999922011471106766539800184810e+1) predicate
RF-LARGE: FAILURE RF-LARGE-CONT-n00100-AX: R.S25.UY (1.930909090909102225598121478249795004660e+2) predicate
RF-LARGE: FAILURE RF-LARGE-CONT-n00100-AX: R.S25.UZ (-8.399999999999979103036664166814421831602e+1) predicate
RF-LARGE: FAILURE RF-LARGE-CONT-n00100-AX: R.S26.UY (3.163636363636059753626643909389659405564e+1) predicate
RF-LARGE: FAILURE RF-LARGE-CONT-n00100-AX: R.S27.UY (-3.163636363635261270487790420056587668858e+1) predicate
RF-LARGE: FAILURE RF-LARGE-CONT-n00100-AX: R.S27.UZ (8.400000000000001500334464563942873265207e+1) predicate
RF-LARGE: FAILURE RF-LARGE-CONT-n00100-AX: R.S28.UY (-1.930909090909501467167548222916330873013e+2) predicate
RF-LARGE: FAILURE RF-LARGE-CONT-n00100-AX: R.S28.UZ (-8.400000000000000402013408156489380202427e+1) predicate
RF-LARGE: FAILURE RF-LARGE-CONT-n00100-AX: R.S30.UY (1.930909090903373484291660488232401837259e+2) predicate
RF-LARGE: FAILURE RF-LARGE-CONT-n00100-AX: R.S30.UZ (8.399999999999999971136735908430790024419e+1) predicate
RF-LARGE: FAILURE RF-LARGE-CONT-n00100-AX: R.S31.UY (3.163636363849740671143861133994103920239e+1) predicate
RF-LARGE: FAILURE RF-LARGE-CONT-n00100-AX: R.S31.UZ (-8.399999999999999992266111695737807642177e+1) predicate
RF-LARGE: FAILURE RF-LARGE-CONT-n00100-AX: R.S32.UY (-3.163636364432697527492049418300434053550e+1) predicate
RF-LARGE: FAILURE RF-LARGE-CONT-n00100-AX: R.S33.UY (-1.930909090611895056117566346079236770604e+2) predicate
RF-LARGE: FAILURE RF-LARGE-CONT-n00100-AX: R.S33.UZ (8.400000000000000000555268197656045465026e+1) predicate
RF-LARGE: FAILURE RF-LARGE-CONT-n00100-AX: R.S34.UY (-1.109150022780529673853009512229048244142e-7) predicate
RF-LARGE: FAILURE RF-LARGE-CONT-n00100-AX: R.S34.UZ (-8.400000000000000000148783665144622404392e+1) predicate
RF-LARGE: FAILURE RF-LARGE-CONT-n00100-AX: R.S35.UY (1.930909095048495147239685041491274819520e+2) predicate
RF-LARGE: FAILURE RF-LARGE-CONT-n00100-AX: R.S36.UY (3.163636209151694338217895078879102341483e+1) predicate
RF-LARGE: FAILURE RF-LARGE-CONT-n00100-AX: R.S36.UZ (8.399999999999999999989317813454845794228e+1) predicate
RF-LARGE: FAILURE RF-LARGE-CONT-n00100-AX: R.S37.UY (-3.163635787091728825268430730429157561134e+1) predicate
RF-LARGE: FAILURE RF-LARGE-CONT-n00100-AX: R.S37.UZ (-8.399999999999999999997137716741827329452e+1) predicate
RF-LARGE: FAILURE RF-LARGE-CONT-n00100-AX: R.S38.UY (-1.930909306078477903714417215716247209695e+2) predicate
RF-LARGE: FAILURE RF-LARGE-CONT-n00100-AX: R.S39.UY (8.030230844973845119359079045948924945013e-5) predicate
RF-LARGE: FAILURE RF-LARGE-CONT-n00100-AX: R.S39.UZ (8.400000000000000000000205502691973235128e+1) predicate
RF-LARGE: FAILURE RF-LARGE-CONT-n00100-AX: R.S40.UY (1.930906093986139914176369472084628830125e+2) predicate
RF-LARGE: FAILURE RF-LARGE-CONT-n00100-AX: R.S40.UZ (-8.400000000000000000000055064280356464094e+1) predicate
RF-LARGE: FAILURE RF-LARGE-CONT-n00100-AX: R.S41.UY (3.163748210323558459100101757535800846083e+1) predicate
RF-LARGE: FAILURE RF-LARGE-CONT-n00100-AX: R.S42.UY (-3.164053781155632978164101750989491685580e+1) predicate
RF-LARGE: FAILURE RF-LARGE-CONT-n00100-AX: R.S42.UZ (8.399999999999999999999996046562545979104e+1) predicate
RF-LARGE: FAILURE RF-LARGE-CONT-n00100-AX: R.S43.UY (-1.930753308570102654644369475357783410376e+2) predicate
RF-LARGE: FAILURE RF-LARGE-CONT-n00100-AX: R.S43.UZ (-8.399999999999999999999998940679636537663e+1) predicate
RF-LARGE: FAILURE RF-LARGE-CONT-n00100-AX: R.S44.UY (-5.813876040260836061119234699171899369707e-2) predicate
RF-LARGE: FAILURE RF-LARGE-CONT-n00100-AX: R.S45.UY (1.933078858986206989068817169237452170124e+2) predicate
RF-LARGE: FAILURE RF-LARGE-CONT-n00100-AX: R.S45.UZ (8.400000000000000000000000076055635851470e+1) predicate
RF-LARGE: FAILURE RF-LARGE-CONT-n00100-AX: R.S46.UY (3.082659516591981273308432465201085094404e+1) predicate
RF-LARGE: FAILURE RF-LARGE-CONT-n00100-AX: R.S46.UZ (-8.400000000000000000000000020378543577427e+1) predicate
RF-LARGE: FAILURE RF-LARGE-CONT-n00100-AX: R.S47.UY (-2.861426656229994983921901553178862078858e+1) predicate
RF-LARGE: FAILURE RF-LARGE-CONT-n00100-AX: R.S48.UY (-2.043695289167200133762082625248563677897e+2) predicate
RF-LARGE: FAILURE RF-LARGE-CONT-n00100-AX: R.S48.UZ (8.399999999999999999999999998544389744469e+1) predicate
RF-LARGE: FAILURE RF-LARGE-CONT-n00100-AX: R.S49.UY (4.209238222918000334405206563121409194743e+1) predicate
RF-LARGE: FAILURE RF-LARGE-CONT-n00100-AX: R.S49.UZ (-8.399999999999999999999999999636097436117e+1) predicate
RF-LARGE: FAILURE RF-LARGE-CONT-n00100-AX: R.S50.UY (8.898460296180333277599132239479765134210e+1) predicate
RF-LARGE: FAILURE RF-LARGE-CONT-n00100-AX: R.S50.UZ (-3.600000000000000000000000000060650427314e+1) predicate
RF-LARGE: FAILURE RF-LARGE-CONT-n00100-ROT: R.S0.UX (4.783311024036549708196658624922958234170e+1) predicate
RF-LARGE: FAILURE RF-LARGE-CONT-n00100-ROT: R.S0.UY (8.701164811009276063312649222685259574162e+0) predicate
RF-LARGE: FAILURE RF-LARGE-CONT-n00100-ROT: R.S0.UZ (3.261771993119202460429594234730005074501e+1) predicate
RF-LARGE: FAILURE RF-LARGE-CONT-n00100-ROT: R.S0.RX (3.909184632293506755681145542664708042556e+1) predicate
RF-LARGE: FAILURE RF-LARGE-CONT-n00100-ROT: R.S0.RY (-6.952262694128201251215274323050614361893e+1) predicate
RF-LARGE: FAILURE RF-LARGE-CONT-n00100-ROT: R.S0.RZ (-4.997670377981447873374701551718260340615e+1) predicate
RF-LARGE: FAILURE RF-LARGE-CONT-n00100-ROT: R.S1.UX (-1.533244096146198832786634499691832936679e+1) predicate
RF-LARGE: FAILURE RF-LARGE-CONT-n00100-ROT: R.S1.UY (6.519534075596289574674940310925896170335e+1) predicate
RF-LARGE: FAILURE RF-LARGE-CONT-n00100-ROT: R.S1.UZ (5.752912027523190158281623061079979701996e+1) predicate
RF-LARGE: FAILURE RF-LARGE-CONT-n00100-ROT: R.S2.UX (-2.633645663488304085246779251078584721625e+1) predicate
RF-LARGE: FAILURE RF-LARGE-CONT-n00100-ROT: R.S2.UY (-1.018369264587013511362291088240636596173e+1) predicate
RF-LARGE: FAILURE RF-LARGE-CONT-n00100-ROT: R.S2.UZ (-2.335192096331165553985680713779928956986e+1) predicate
RF-LARGE: FAILURE RF-LARGE-CONT-n00100-ROT: R.S3.UX (-7.132173249900584826226248495993828176821e+1) predicate
RF-LARGE: FAILURE RF-LARGE-CONT-n00100-ROT: R.S3.UY (-1.204605701724823552922577595796334978564e+2) predicate
RF-LARGE: FAILURE RF-LARGE-CONT-n00100-ROT: R.S3.UZ (-1.561214364219852794233890020596026387405e+2) predicate
RF-LARGE: FAILURE RF-LARGE-CONT-n00100-ROT: R.S4.UX (-5.637661336909356609848226764946102571093e+1) predicate
RF-LARGE: FAILURE RF-LARGE-CONT-n00100-ROT: R.S4.UY (5.602597333579955628265394920094035738739e+1) predicate
RF-LARGE: FAILURE RF-LARGE-CONT-n00100-ROT: R.S4.UZ (2.783766665125277323341281537620984453192e+1) predicate
RF-LARGE: FAILURE RF-LARGE-CONT-n00100-ROT: R.S5.UX (1.288281859753801126561915555577823846119e+2) predicate
RF-LARGE: FAILURE RF-LARGE-CONT-n00100-ROT: R.S5.UY (6.435667682928413016164196277587206830687e+1) predicate
RF-LARGE: FAILURE RF-LARGE-CONT-n00100-ROT: R.S5.UZ (1.287707698169741864897377405547632606128e+2) predicate
RF-LARGE: FAILURE RF-LARGE-CONT-n00100-ROT: R.S6.UX (7.706386946757311547371604541833148726327e+1) predicate
RF-LARGE: FAILURE RF-LARGE-CONT-n00100-ROT: R.S6.UY (-4.545268065293607692922180030442863061485e+1) predicate
RF-LARGE: FAILURE RF-LARGE-CONT-n00100-ROT: R.S6.UZ (-6.920745919149519192363777595262886983214e+0) predicate
RF-LARGE: FAILURE RF-LARGE-CONT-n00100-ROT: R.S7.UX (-7.708366384567257455105573723110833366499e+1) predicate
RF-LARGE: FAILURE RF-LARGE-CONT-n00100-ROT: R.S7.UY (4.545404578246017755524523844184245415253e+1) predicate
RF-LARGE: FAILURE RF-LARGE-CONT-n00100-ROT: R.S7.UZ (6.912213859623890279717369826288287320034e+0) predicate
RF-LARGE: FAILURE RF-LARGE-CONT-n00100-ROT: R.S8.UX (-1.287292140848828172694930964938981526033e+2) predicate
RF-LARGE: FAILURE RF-LARGE-CONT-n00100-ROT: R.S8.UY (-6.436350247690463329175915346294118599526e+1) predicate
RF-LARGE: FAILURE RF-LARGE-CONT-n00100-ROT: R.S8.UZ (-1.287281095193460419265057017098902622969e+2) predicate
RF-LARGE: FAILURE RF-LARGE-CONT-n00100-ROT: R.S9.UX (5.600052018520384362902812320670094407825e+1) predicate
RF-LARGE: FAILURE RF-LARGE-CONT-n00100-ROT: R.S9.UY (-5.600003587484164438820862459007771017147e+1) predicate
RF-LARGE: FAILURE RF-LARGE-CONT-n00100-ROT: R.S9.UZ (-2.799977578223972257369456298672723813235e+1) predicate
RF-LARGE: FAILURE RF-LARGE-CONT-n00100-ROT: R.S10.UX (7.272713334406744275338060366709437629030e+1) predicate
RF-LARGE: FAILURE RF-LARGE-CONT-n00100-ROT: R.S10.UY (1.203636459762712108445936518232520266812e+2) predicate
RF-LARGE: FAILURE RF-LARGE-CONT-n00100-ROT: R.S10.UZ (1.567272126483049322212839536567992148263e+2) predicate
RF-LARGE: FAILURE RF-LARGE-CONT-n00100-ROT: R.S11.UX (2.109094643852638535744946212492155076055e+1) predicate
RF-LARGE: FAILURE RF-LARGE-CONT-n00100-ROT: R.S11.UY (1.054545196975680100983401729706960344682e+1) predicate
RF-LARGE: FAILURE RF-LARGE-CONT-n00100-ROT: R.S11.UZ (2.109092518901999368855874835953037882710e+1) predicate
RF-LARGE: FAILURE RF-LARGE-CONT-n00100-ROT: R.S12.UX (3.490908090182701581682154783321942066750e+1) predicate
RF-LARGE: FAILURE RF-LARGE-CONT-n00100-ROT: R.S12.UY (-6.654545385529841488392972101153044046846e+1) predicate
RF-LARGE: FAILURE RF-LARGE-CONT-n00100-ROT: R.S12.UZ (-4.909091340438490697551894709492073013471e+1) predicate
RF-LARGE: FAILURE RF-LARGE-CONT-n00100-ROT: R.S13.UX (-1.847272700458344486247356534577992334305e+2) predicate
RF-LARGE: FAILURE RF-LARGE-CONT-n00100-ROT: R.S13.UY (-8.363636548563141474115133250947841572984e+0) predicate
RF-LARGE: FAILURE RF-LARGE-CONT-n00100-ROT: R.S13.UZ (-1.007272715714803657864829599798474582883e+2) predicate
RF-LARGE: FAILURE RF-LARGE-CONT-n00100-ROT: R.S14.UX (-7.184892213178789340020224869453433885530e-7) predicate
RF-LARGE: FAILURE RF-LARGE-CONT-n00100-ROT: R.S14.UZ (-3.096936298785492129856894367122749899848e-7) predicate
RF-LARGE: FAILURE RF-LARGE-CONT-n00100-ROT: R.S15.UX (1.847272729197913338962513894658891812119e+2) predicate
RF-LARGE: FAILURE RF-LARGE-CONT-n00100-ROT: R.S15.UY (8.363636350359218352554117189660614531397e+0) predicate
RF-LARGE: FAILURE RF-LARGE-CONT-n00100-ROT: R.S15.UZ (1.007272728102548853006798119226052051374e+2) predicate
RF-LARGE: FAILURE RF-LARGE-CONT-n00100-ROT: R.S16.UX (-3.490909096067611426712662386153423790230e+1) predicate
RF-LARGE: FAILURE RF-LARGE-CONT-n00100-ROT: R.S16.UY (6.654545454901214580939327722603573511401e+1) predicate
RF-LARGE: FAILURE RF-LARGE-CONT-n00100-ROT: R.S16.UZ (4.909090906867408867582996529526861616286e+1) predicate
RF-LARGE: FAILURE RF-LARGE-CONT-n00100-ROT: R.S17.UX (-2.109090907708687682774489401975222960269e+1) predicate
RF-LARGE: FAILURE RF-LARGE-CONT-n00100-ROT: R.S17.UY (-1.054545454640780159012722609380355498745e+1) predicate
RF-LARGE: FAILURE RF-LARGE-CONT-n00100-ROT: R.S17.UZ (-2.109090908495124000399967310367966978880e+1) predicate
RF-LARGE: FAILURE RF-LARGE-CONT-n00100-ROT: R.S18.UX (-7.272727273097637842189380005945684368692e+1) predicate
RF-LARGE: FAILURE RF-LARGE-CONT-n00100-ROT: R.S18.UY (-1.203636363633809394488843728508215151642e+2) predicate
RF-LARGE: FAILURE RF-LARGE-CONT-n00100-ROT: R.S18.UZ (-1.567272727288691286598312728805499370077e+2) predicate
RF-LARGE: FAILURE RF-LARGE-CONT-n00100-ROT: R.S19.UX (-5.599999999900760948467990574242039564964e+1) predicate
RF-LARGE: FAILURE RF-LARGE-CONT-n00100-ROT: R.S19.UY (5.599999999993155938566471749708961564426e+1) predicate
RF-LARGE: FAILURE RF-LARGE-CONT-n00100-ROT: R.S19.UZ (2.800000000042775464332476462587941781944e+1) predicate
RF-LARGE: FAILURE RF-LARGE-CONT-n00100-ROT: R.S20.UX (1.287272727270068163606134230291384262855e+2) predicate
RF-LARGE: FAILURE RF-LARGE-CONT-n00100-ROT: R.S20.UY (6.436363636365470190622550286246305258716e+1) predicate
RF-LARGE: FAILURE RF-LARGE-CONT-n00100-ROT: R.S20.UZ (1.287272727271581100865322143770322657299e+2) predicate
RF-LARGE: FAILURE RF-LARGE-CONT-n00100-ROT: R.S21.UX (7.709090909098034404222621362586669050772e+1) predicate
RF-LARGE: FAILURE RF-LARGE-CONT-n00100-ROT: R.S21.UY (-4.545454545455036701056672894694182599289e+1) predicate
RF-LARGE: FAILURE RF-LARGE-CONT-n00100-ROT: R.S21.UZ (-6.909090909060194989453622134008480739035e+0) predicate
RF-LARGE: FAILURE RF-LARGE-CONT-n00100-ROT: R.S22.UX (-7.709090909092819252951827753260518831635e+1) predicate
RF-LARGE: FAILURE RF-LARGE-CONT-n00100-ROT: R.S22.UY (4.545454545454676613604141292530425138442e+1) predicate
RF-LARGE: FAILURE RF-LARGE-CONT-n00100-ROT: R.S22.UZ (6.909090909082669871282274159001657226241e+0) predicate
RF-LARGE: FAILURE RF-LARGE-CONT-n00100-ROT: R.S23.UX (-1.287272727272675739241531034954459372423e+2) predicate
RF-LARGE: FAILURE RF-LARGE-CONT-n00100-ROT: R.S23.UY (-6.436363636363669753359892275427517954478e+1) predicate
RF-LARGE: FAILURE RF-LARGE-CONT-n00100-ROT: R.S23.UZ (-1.287272727272704844956754745019981481659e+2) predicate
RF-LARGE: FAILURE RF-LARGE-CONT-n00100-ROT: R.S24.UX (5.599999999999848822613069151438893728558e+1) predicate
RF-LARGE: FAILURE RF-LARGE-CONT-n00100-ROT: R.S24.UY (-5.599999999999997600164572190820353320531e+1) predicate
RF-LARGE: FAILURE RF-LARGE-CONT-n00100-ROT: R.S24.UZ (-2.800000000000073188858037615100906456252e+1) predicate
RF-LARGE: FAILURE RF-LARGE-CONT-n00100-ROT: R.S25.UX (7.272727272727362101963033743789018810000e+1) predicate
RF-LARGE: FAILURE RF-LARGE-CONT-n00100-ROT: R.S25.UY (1.203636363636366015401818103870893123660e+2) predicate
RF-LARGE: FAILURE RF-LARGE-CONT-n00100-ROT: R.S25.UZ (1.567272727272734120499969791060344064160e+2) predicate
RF-LARGE: FAILURE RF-LARGE-CONT-n00100-ROT: R.S26.UX (2.109090909090702769534795873405031031442e+1) predicate
RF-LARGE: FAILURE RF-LARGE-CONT-n00100-ROT: R.S26.UY (1.054545454545356984091848035984628374122e+1) predicate
RF-LARGE: FAILURE RF-LARGE-CONT-n00100-ROT: R.S26.UZ (2.109090909090708368859245972687143889843e+1) predicate
RF-LARGE: FAILURE RF-LARGE-CONT-n00100-ROT: R.S27.UX (3.490909090909826819897782762590857064233e+1) predicate
RF-LARGE: FAILURE RF-LARGE-CONT-n00100-ROT: R.S27.UY (-6.654545454545088090385573182647444733091e+1) predicate
RF-LARGE: FAILURE RF-LARGE-CONT-n00100-ROT: R.S27.UZ (-4.909090909090174680436681801352016200974e+1) predicate
RF-LARGE: FAILURE RF-LARGE-CONT-n00100-ROT: R.S28.UX (-1.847272727273001004912592692376845928837e+2) predicate
RF-LARGE: FAILURE RF-LARGE-CONT-n00100-ROT: R.S28.UY (-8.363636363650046225495553053948494417590e+0) predicate
RF-LARGE: FAILURE RF-LARGE-CONT-n00100-ROT: R.S28.UZ (-1.007272727273000964711251876727907908595e+2) predicate
RF-LARGE: FAILURE RF-LARGE-CONT-n00100-ROT: R.S30.UX (1.847272727268915654270222719383653893134e+2) predicate
RF-LARGE: FAILURE RF-LARGE-CONT-n00100-ROT: R.S30.UY (8.363636363445783002143776884874794412523e+0) predicate
RF-LARGE: FAILURE RF-LARGE-CONT-n00100-ROT: R.S30.UZ (1.007272727268915657156549128540574890692e+2) predicate
RF-LARGE: FAILURE RF-LARGE-CONT-n00100-ROT: R.S31.UX (-3.490909090766839547414833707829135814625e+1) predicate
RF-LARGE: FAILURE RF-LARGE-CONT-n00100-ROT: R.S31.UY (6.654545454616580218558694841823239734864e+1) predicate
RF-LARGE: FAILURE RF-LARGE-CONT-n00100-ROT: R.S31.UZ (4.909090909233160444851277987908671827551e+1) predicate
RF-LARGE: FAILURE RF-LARGE-CONT-n00100-ROT: R.S32.UX (-2.109090909621798353042892362519995672841e+1) predicate
RF-LARGE: FAILURE RF-LARGE-CONT-n00100-ROT: R.S32.UY (-1.054545454810899174449157055780438380708e+1) predicate
RF-LARGE: FAILURE RF-LARGE-CONT-n00100-ROT: R.S32.UZ (-2.109090909621798350970603237040436217129e+1) predicate
RF-LARGE: FAILURE RF-LARGE-CONT-n00100-ROT: R.S33.UX (-7.272727270745967040413596842090881494009e+1) predicate
RF-LARGE: FAILURE RF-LARGE-CONT-n00100-ROT: R.S33.UY (-1.203636363537298352076206661870148621203e+2) predicate
RF-LARGE: FAILURE RF-LARGE-CONT-n00100-ROT: R.S33.UZ (-1.567272727074596704096886503974692695904e+2) predicate
RF-LARGE: FAILURE RF-LARGE-CONT-n00100-ROT: R.S34.UX (-5.600000007394333485302720269116478351121e+1) predicate
RF-LARGE: FAILURE RF-LARGE-CONT-n00100-ROT: R.S34.UY (5.599999996302833257497423530586383228831e+1) predicate
RF-LARGE: FAILURE RF-LARGE-CONT-n00100-ROT: R.S34.UZ (2.799999992605666514846063396028144053270e+1) predicate
RF-LARGE: FAILURE RF-LARGE-CONT-n00100-ROT: R.S35.UX (1.287272730032330098162447791855679489850e+2) predicate
RF-LARGE: FAILURE RF-LARGE-CONT-n00100-ROT: R.S35.UY (6.436363650161650490772372496355953296707e+1) predicate
RF-LARGE: FAILURE RF-LARGE-CONT-n00100-ROT: R.S35.UZ (1.287272730032330098158461145563435074595e+2) predicate
RF-LARGE: FAILURE RF-LARGE-CONT-n00100-ROT: R.S36.UX (7.709090806101129558804808594889298757141e+1) predicate
RF-LARGE: FAILURE RF-LARGE-CONT-n00100-ROT: R.S36.UY (-4.545454596949435220586913516010196415658e+1) predicate
RF-LARGE: FAILURE RF-LARGE-CONT-n00100-ROT: R.S36.UZ (-6.909091938988704411845092185655470370873e+0) predicate
RF-LARGE: FAILURE RF-LARGE-CONT-n00100-ROT: R.S37.UX (-7.709090524727819216843712298113989927057e+1) predicate
RF-LARGE: FAILURE RF-LARGE-CONT-n00100-ROT: R.S37.UY (4.545454737636090391575281567684832365924e+1) predicate
RF-LARGE: FAILURE RF-LARGE-CONT-n00100-ROT: R.S37.UZ (6.909094752721807831534254186278374023949e+0) predicate
RF-LARGE: FAILURE RF-LARGE-CONT-n00100-ROT: R.S38.UX (-1.287272870718985269142995940243333904891e+2) predicate
RF-LARGE: FAILURE RF-LARGE-CONT-n00100-ROT: R.S38.UY (-6.436364353594926345714212754729133048037e+1) predicate
RF-LARGE: FAILURE RF-LARGE-CONT-n00100-ROT: R.S38.UZ (-1.287272870718985269142919245594580257249e+2) predicate
RF-LARGE: FAILURE RF-LARGE-CONT-n00100-ROT: R.S39.UX (5.600005353487229982563549907847346122702e+1) predicate
RF-LARGE: FAILURE RF-LARGE-CONT-n00100-ROT: R.S39.UY (-5.599997323256385008718430548768300173777e+1) predicate
RF-LARGE: FAILURE RF-LARGE-CONT-n00100-ROT: R.S39.UZ (-2.799994646512770017436655594844627112426e+1) predicate
RF-LARGE: FAILURE RF-LARGE-CONT-n00100-ROT: R.S40.UX (7.272707293240932761175759771043954558103e+1) predicate
RF-LARGE: FAILURE RF-LARGE-CONT-n00100-ROT: R.S40.UY (1.203635364662046638058793494980233374315e+2) predicate
RF-LARGE: FAILURE RF-LARGE-CONT-n00100-ROT: R.S40.UZ (1.567270729324093276117581483532431102220e+2) predicate
RF-LARGE: FAILURE RF-LARGE-CONT-n00100-ROT: R.S41.UX (2.109165473549038972733411007976835644887e+1) predicate
RF-LARGE: FAILURE RF-LARGE-CONT-n00100-ROT: R.S41.UY (1.054582736774519486366690749558965201196e+1) predicate
RF-LARGE: FAILURE RF-LARGE-CONT-n00100-ROT: R.S41.UZ (2.109165473549038972733396253547383023640e+1) predicate
RF-LARGE: FAILURE RF-LARGE-CONT-n00100-ROT: R.S42.UX (3.490630812562911347890596197048702862349e+1) predicate
RF-LARGE: FAILURE RF-LARGE-CONT-n00100-ROT: R.S42.UY (-6.654684593718544326054697948038194547929e+1) predicate
RF-LARGE: FAILURE RF-LARGE-CONT-n00100-ROT: R.S42.UZ (-4.909369187437088652109399849513843116755e+1) predicate
RF-LARGE: FAILURE RF-LARGE-CONT-n00100-ROT: R.S43.UX (-1.847168872380068436429579579617164709428e+2) predicate
RF-LARGE: FAILURE RF-LARGE-CONT-n00100-ROT: R.S43.UY (-8.358443619003421821478989574061870094788e+0) predicate
RF-LARGE: FAILURE RF-LARGE-CONT-n00100-ROT: R.S43.UZ (-1.007168872380068436429579685549201055662e+2) predicate
RF-LARGE: FAILURE RF-LARGE-CONT-n00100-ROT: R.S44.UX (-3.875917360173890707413012362114485214253e-2) predicate
RF-LARGE: FAILURE RF-LARGE-CONT-n00100-ROT: R.S44.UY (-1.937958680086945353706222337057414155454e-2) predicate
RF-LARGE: FAILURE RF-LARGE-CONT-n00100-ROT: R.S44.UZ (-3.875917360173890707412728518114656762580e-2) predicate
RF-LARGE: FAILURE RF-LARGE-CONT-n00100-ROT: R.S45.UX (1.848719239324137992712544784562010503514e+2) predicate
RF-LARGE: FAILURE RF-LARGE-CONT-n00100-ROT: R.S45.UY (8.435961966206899635627238467544166661006e+0) predicate
RF-LARGE: FAILURE RF-LARGE-CONT-n00100-ROT: R.S45.UZ (1.008719239324137992712544776956446918367e+2) predicate
RF-LARGE: FAILURE RF-LARGE-CONT-n00100-ROT: R.S46.UX (-3.544893655605345817794378370118305655349e+1) predicate
RF-LARGE: FAILURE RF-LARGE-CONT-n00100-ROT: R.S46.UY (6.627553172197327091102810835319390749753e+1) predicate
RF-LARGE: FAILURE RF-LARGE-CONT-n00100-ROT: R.S46.UZ (4.855106344394654182205621650260237922079e+1) predicate
RF-LARGE: FAILURE RF-LARGE-CONT-n00100-ROT: R.S47.UX (-1.907617770819996655947934365146882413746e+1) predicate
RF-LARGE: FAILURE RF-LARGE-CONT-n00100-ROT: R.S47.UY (-9.538088854099983279739671880319796651124e+0) predicate
RF-LARGE: FAILURE RF-LARGE-CONT-n00100-ROT: R.S47.UZ (-1.907617770819996655947934370605420871985e+1) predicate
RF-LARGE: FAILURE RF-LARGE-CONT-n00100-ROT: R.S48.UX (-8.024635261114667558413884169294164689668e+1) predicate
RF-LARGE: FAILURE RF-LARGE-CONT-n00100-ROT: R.S48.UY (-1.241231763055733377920694208319147208930e+2) predicate
RF-LARGE: FAILURE RF-LARGE-CONT-n00100-ROT: R.S48.UZ (-1.642463526111466755841388416783855443414e+2) predicate
RF-LARGE: FAILURE RF-LARGE-CONT-n00100-ROT: R.S49.UX (-2.793841184721333110396528957676458827583e+1) predicate
RF-LARGE: FAILURE RF-LARGE-CONT-n00100-ROT: R.S49.UY (7.003079407639333444801735520797868022326e+1) predicate
RF-LARGE: FAILURE RF-LARGE-CONT-n00100-ROT: R.S49.UZ (5.606158815278666889603471041959638608534e+1) predicate
RF-LARGE: FAILURE RF-LARGE-CONT-n00100-ROT: R.S50.UX (3.532306864120222185066088159612743137931e+1) predicate
RF-LARGE: FAILURE RF-LARGE-CONT-n00100-ROT: R.S50.UY (5.366153432060111092533044079867021996279e+1) predicate
RF-LARGE: FAILURE RF-LARGE-CONT-n00100-ROT: R.S50.UZ (7.132306864120222185066088159673393565244e+1) predicate
test rf_large_at_10_and_100_members ... FAILED

failures:

failures:
    rf_cancel
    rf_finite
    rf_invariance
    rf_large_at_10_and_100_members
    rf_mech
    rf_range
    rf_skew
    rf_weak
    rf_zero

test result: FAILED. 1 passed; 9 failed; 0 ignored; 0 measured; 0 filtered out; finished in 21.80s


running 2 tests
RF-MECH-LINE122-TORQUE: sparse NumericallyUnresolved(nonpositive or cancellation-unresolved structural pivot) dense Some("NumericallyUnresolved(nonpositive or cancellation-unresolved structural pivot)")
RF-MECH-LINE122-PERP: sparse NumericallyUnresolved(nonpositive or cancellation-unresolved structural pivot) dense Some("NumericallyUnresolved(nonpositive or cancellation-unresolved structural pivot)")
RF-LARGE-CHAIN-n00010-AX: sparse Passed dense Some("Passed") delta Some((true, 0.00026094085797555896))
RF-MECH-LINE122-UNLOADED: sparse NumericallyUnresolved(nonpositive or cancellation-unresolved structural pivot) dense Some("NumericallyUnresolved(nonpositive or cancellation-unresolved structural pivot)")
RF-MECH-LINE345-RZ: sparse NumericallyUnresolved(nonpositive or cancellation-unresolved structural pivot) dense Some("NumericallyUnresolved(nonpositive or cancellation-unresolved structural pivot)")
RF-LARGE-CHAIN-n00010-ROT: sparse Passed dense Some("Passed") delta Some((true, 0.03820034152276524))
RF-MECH-K0: sparse NumericallyUnresolved(nonpositive or cancellation-unresolved structural pivot) dense Some("NumericallyUnresolved(nonpositive or cancellation-unresolved structural pivot)")
RF-MECH-LINE345-RX-COMPANION: sparse Passed dense Some("Passed")
test rf_mech_is_refused_in_both_modes_with_bitwise_k ... ok
RF-LARGE-TREE-n00010-AX: sparse Passed dense Some("Passed") delta Some((true, 0.00630702766467845))
RF-LARGE-TREE-n00010-ROT: sparse Passed dense Some("Passed") delta Some((true, 0.005227033029933681))
RF-LARGE-CONT-n00010-AX: sparse Passed dense Some("Passed") delta Some((true, 1.901512327101089e-7))
RF-LARGE-CONT-n00010-ROT: sparse Passed dense Some("Passed") delta Some((true, 1.0741256124506697e-5))
RF-LARGE-CHAIN-n00100-AX: sparse Sensitive dense Some("Sensitive") delta Some((false, 2.233387772482559))
RF-LARGE-CHAIN-n00100-ROT: sparse Sensitive dense Some("Sensitive") delta Some((false, 344.8670229204612))
RF-LARGE-TREE-n00100-AX: sparse Sensitive dense Some("Sensitive") delta Some((false, 14.319897703190744))
RF-LARGE-TREE-n00100-ROT: sparse Sensitive dense Some("Sensitive") delta Some((false, 11.164786596598626))
RF-LARGE-CONT-n00100-AX: sparse Passed dense Some("Passed") delta Some((true, 4.7582915453598174e-7))
RF-LARGE-CONT-n00100-ROT: sparse Passed dense Some("Passed") delta Some((true, 4.039333669930846e-5))
test rf_large_at_10_and_100_members_has_bitwise_k_class_parity_and_the_dec053_basis ... ok

test result: ok. 2 passed; 0 failed; 0 ignored; 0 measured; 0 filtered out; finished in 10.87s


running 2 tests
test k4s_rcm_equals_sparse_directs_on_seeded_synthetic_graphs ... ok
test k4s_rcm_equals_sparse_directs_on_every_ci_models_adjacency ... ok

test result: ok. 2 passed; 0 failed; 0 ignored; 0 measured; 0 filtered out; finished in 0.39s


running 1 test
test the_counts_equal_k4s_storage_counts_on_every_factored_ci_case ... ok

test result: ok. 1 passed; 0 failed; 0 ignored; 0 measured; 0 filtered out; finished in 2.65s


running 0 tests

test result: ok. 0 passed; 0 failed; 0 ignored; 0 measured; 0 filtered out; finished in 0.00s

    Finished `test` profile [unoptimized + debuginfo] target(s) in 0.01s
     Running unittests src/lib.rs (/Users/ryan/dev/chirality/.claude/worktrees/swbpipe-control-layer-8a41be/.claude/t3/scratch/i27-vk-mechanical-07/target/debug/deps/piping_numerical_robustness-7b068f1c3e8164d0)
     Running tests/adapter.rs (/Users/ryan/dev/chirality/.claude/worktrees/swbpipe-control-layer-8a41be/.claude/t3/scratch/i27-vk-mechanical-07/target/debug/deps/adapter-5837b06008e6eb25)
     Running tests/engine.rs (/Users/ryan/dev/chirality/.claude/worktrees/swbpipe-control-layer-8a41be/.claude/t3/scratch/i27-vk-mechanical-07/target/debug/deps/engine-0b1f76fcf007fe46)
     Running tests/feature_guard.rs (/Users/ryan/dev/chirality/.claude/worktrees/swbpipe-control-layer-8a41be/.claude/t3/scratch/i27-vk-mechanical-07/target/debug/deps/feature_guard-315923969c26dc39)
     Running tests/files.rs (/Users/ryan/dev/chirality/.claude/worktrees/swbpipe-control-layer-8a41be/.claude/t3/scratch/i27-vk-mechanical-07/target/debug/deps/files-fe67a98451a17e8c)
     Running tests/invariance.rs (/Users/ryan/dev/chirality/.claude/worktrees/swbpipe-control-layer-8a41be/.claude/t3/scratch/i27-vk-mechanical-07/target/debug/deps/invariance-d5106482ce77dcc0)
     Running tests/k6c_envelope.rs (/Users/ryan/dev/chirality/.claude/worktrees/swbpipe-control-layer-8a41be/.claude/t3/scratch/i27-vk-mechanical-07/target/debug/deps/k6c_envelope-f172b45c6be5ef8a)
     Running tests/lane.rs (/Users/ryan/dev/chirality/.claude/worktrees/swbpipe-control-layer-8a41be/.claude/t3/scratch/i27-vk-mechanical-07/target/debug/deps/lane-1631953ed8dc9240)

thread 'rf_cancel' (29242241) panicked at tests/lane.rs:75:5:
RF-CANCEL: 63 failures
note: run with `RUST_BACKTRACE=1` environment variable to display a backtrace

thread 'rf_finite' (29242358) panicked at tests/lane.rs:75:5:
RF-FINITE: 36 failures

thread 'rf_invariance' (29242432) panicked at tests/lane.rs:75:5:
RF-INVARIANCE: 127 failures

thread 'rf_mech' (29242990) panicked at tests/lane.rs:75:5:
RF-MECH: 3 failures

thread 'rf_range' (29242992) panicked at tests/lane.rs:75:5:
RF-RANGE: 140 failures

thread 'rf_skew' (29243064) panicked at tests/lane.rs:75:5:
RF-SKEW: 45 failures

thread 'rf_weak' (29243214) panicked at tests/lane.rs:75:5:
RF-WEAK: 59 failures

thread 'rf_zero' (29243284) panicked at tests/lane.rs:75:5:
RF-ZERO: 16 failures

thread 'rf_large_at_10_and_100_members' (29242470) panicked at tests/lane.rs:75:5:
RF-LARGE: 317 failures
error: test failed, to rerun pass `--test lane`
     Running tests/parity.rs (/Users/ryan/dev/chirality/.claude/worktrees/swbpipe-control-layer-8a41be/.claude/t3/scratch/i27-vk-mechanical-07/target/debug/deps/parity-7c3cc27996d81d93)
     Running tests/rcm.rs (/Users/ryan/dev/chirality/.claude/worktrees/swbpipe-control-layer-8a41be/.claude/t3/scratch/i27-vk-mechanical-07/target/debug/deps/rcm-39828dc568e96163)
     Running tests/scale.rs (/Users/ryan/dev/chirality/.claude/worktrees/swbpipe-control-layer-8a41be/.claude/t3/scratch/i27-vk-mechanical-07/target/debug/deps/scale-2875b56270494cf9)
   Doc-tests piping_numerical_robustness
error: 1 target failed:
    `--test lane`
