   Compiling open_pipe_stress_product_physics v0.2.0 (/private/tmp/piping-numerical-integrity-20260924/projects/chirality-piping/core/product_physics)
    Finished `test` profile [unoptimized + debuginfo] target(s) in 2.67s
     Running unittests src/lib.rs (/private/tmp/piping-product-rotational-gap-target/debug/deps/open_pipe_stress_product_physics-c924aecbdc551246)

running 1 test
test tests::diagnosis_probe_product_full_five_failures ... DIAGPROBE INPUT label=audit_nonfinite_computed_mechanics mode=dense_scrutiny {"model":{"schema_version":"0.1.0","document_kind":"openpipestress.product_preview.model","project":{"id":"project:invented-loop-01","units":{"angle":"rad","force":"N","length":"m","pressure":"Pa","stress":"MPa","temperature":"degC"}},"analysis_status":{"mechanics":"ready_for_preview_diagnostics","rule_check":"not_performed_user_rule_inputs_missing","professional_acceptance":"not_provided"},"nodes":[{"id":"node:N-100","position":{"x":0.0,"y":0.0,"z":0.0},"provenance":"invented_example"},{"id":"node:N-110","position":{"x":1.0,"y":0.0,"z":0.0},"provenance":"invented_example"}],"pipe_segments":[{"id":"pipe:P-100","from":"node:N-100","to":"node:N-110","section":{"outside_diameter":{"value":0.168,"unit":"m"},"wall_thickness":{"value":0.007,"unit":"m"},"mill_tolerance":null,"material_density":null,"contents_density":null,"insulation_thickness":null,"insulation_density":null},"section_ref":null,"material":"material:invented-carbon-steel","y_reference":{"x":0.0,"y":1.0,"z":0.0},"provenance":"invented_example_no_standard_catalog"}],"sections":[],"supports":[{"id":"support:S-100","node":"node:N-100","restraints":["UX","UY","UZ","RX","RY","RZ"],"family":"anchor","stiffness":null,"hanger":null,"nonlinear":null,"provenance":"invented_example"}],"components":[],"materials":[{"id":"material:invented-carbon-steel","elastic_modulus":{"value":200000000000.0,"unit":"Pa"},"shear_modulus":{"value":77000000000.0,"unit":"Pa"},"thermal_expansion_coefficient":{"value":0.000012,"unit":"1/degC"},"temperature_points":[],"provenance":"invented_example_no_material_standard"}],"load_cases":[{"id":"load:L-FRICTION","primitive_loads":[{"id":"load:L-FRICTION-X","category":"occasional","target":{"type":"node","node":"node:N-110"},"direction":"global_x","magnitude":{"value":1e+308,"unit":"N"},"dimension":"force","provenance":"invented_example_user_input"}],"equivalent_static":null,"modulus_basis_ref":null,"modulus_basis_temperature":null,"provenance":"invented_example_no_code_combination"}],"combinations":[{"id":"combination:C-FRICTION","label":null,"basis":"mechanics","terms":[{"load_case":"load:L-FRICTION","factor":1.0}],"minuend_id":null,"subtrahend_id":null,"operand_ids":null,"mode":null,"provenance":"invented_example_no_code_combination"}]},"materials":[{"id":"material:invented-carbon-steel","elastic_modulus":{"value":200000000000.0,"unit":"Pa"},"shear_modulus":{"value":77000000000.0,"unit":"Pa"},"thermal_expansion_coefficient":{"value":0.000012,"unit":"1/degC"},"temperature_points":[],"provenance":"invented_example_no_material_standard"}]}
DIAGPROBE OUTPUT label=audit_nonfinite_computed_mechanics mode=dense_scrutiny status=StatusEnvelope {
    mechanics: "MODEL_INCOMPLETE",
    rule_check: "RULE_INPUTS_INCOMPLETE",
    professional_acceptance: "NOT_PROVIDED",
} quality=NumericalQuality {
    value_representation: "finite_binary64",
    publication_quantization: "none",
    integrity_policy: "M03-INTEGRITY-v1",
    status: Unresolved,
    cases: [
        NumericalCaseQuality {
            basis_ref: ResultBasisRef {
                ref_type: "load_case",
                ref_id: "load:L-FRICTION",
            },
            structural_status: NumericallyUnresolved,
            solve_quality: Unresolved,
            model_matrix_fidelity: AssemblyUncertainty,
            accuracy_evidence: Unresolved,
            evidence_refs: [
                "diagnostic:numerical-integrity:load:L-FRICTION",
            ],
        },
    ],
} diagnostics=[
    Diagnostic {
        id: "diagnostic:numerical-integrity:load:L-FRICTION",
        code: "NUMERICAL_INTEGRITY_UNRESOLVED",
        severity: "blocking",
        message: "Load case load:L-FRICTION: structural integrity: Range(\"physical residual record overflow\"); global_dof_map=[\"node:N-100:UX\", \"node:N-100:UY\", \"node:N-100:UZ\", \"node:N-100:RX\", \"node:N-100:RY\", \"node:N-100:RZ\", \"node:N-110:UX\", \"node:N-110:UY\", \"node:N-110:UZ\", \"node:N-110:RX\", \"node:N-110:RY\", \"node:N-110:RZ\"]; no structural rejection is bypassed by generic LU or output quantization",
        source: Some(
            "core/product_physics",
        ),
        affected_refs: [
            "load:L-FRICTION",
        ],
    },
] rows=[]
DIAGPROBE INPUT label=contact_failed_attempt mode=dense_scrutiny {"model":{"schema_version":"0.1.0","document_kind":"openpipestress.product_preview.model","project":{"id":"project:invented-loop-01","units":{"angle":"rad","force":"N","length":"m","pressure":"Pa","stress":"MPa","temperature":"degC"}},"analysis_status":{"mechanics":"ready_for_preview_diagnostics","rule_check":"not_performed_user_rule_inputs_missing","professional_acceptance":"not_provided"},"nodes":[{"id":"node:N-100","position":{"x":0.0,"y":0.0,"z":0.0},"provenance":"invented_example"},{"id":"node:N-110","position":{"x":1.0,"y":0.0,"z":0.0},"provenance":"invented_example"}],"pipe_segments":[{"id":"pipe:P-100","from":"node:N-100","to":"node:N-110","section":{"outside_diameter":{"value":0.168,"unit":"m"},"wall_thickness":{"value":0.007,"unit":"m"},"mill_tolerance":null,"material_density":null,"contents_density":null,"insulation_thickness":null,"insulation_density":null},"section_ref":null,"material":"material:invented-carbon-steel","y_reference":{"x":0.0,"y":1.0,"z":0.0},"provenance":"invented_example_no_standard_catalog"}],"sections":[],"supports":[{"id":"support:S-100","node":"node:N-100","restraints":["UY","UZ","RX","RY","RZ"],"family":"anchor","stiffness":null,"hanger":null,"nonlinear":null,"provenance":"invented_example"},{"id":"support:NL-GAP-110","node":"node:N-110","restraints":["UY"],"family":"guide","stiffness":null,"hanger":null,"nonlinear":null,"provenance":"invented_example_user_entered_nonlinear_support_no_catalog"}],"components":[],"materials":[{"id":"material:invented-carbon-steel","elastic_modulus":{"value":200000000000.0,"unit":"Pa"},"shear_modulus":{"value":77000000000.0,"unit":"Pa"},"thermal_expansion_coefficient":{"value":0.000012,"unit":"1/degC"},"temperature_points":[],"provenance":"invented_example_no_material_standard"}],"load_cases":[{"id":"load:L-GAP","primitive_loads":[{"id":"load:L-GAP-X","category":"occasional","target":{"type":"node","node":"node:N-110"},"direction":"global_x","magnitude":{"value":100000.0,"unit":"N"},"dimension":"force","provenance":"invented_example_user_input"}],"equivalent_static":null,"modulus_basis_ref":null,"modulus_basis_temperature":null,"provenance":"invented_example_no_code_combination"}],"combinations":[{"id":"combination:C-GAP","label":null,"basis":"mechanics","terms":[{"load_case":"load:L-GAP","factor":1.0}],"minuend_id":null,"subtrahend_id":null,"operand_ids":null,"mode":null,"provenance":"invented_example_no_code_combination"}]},"materials":[{"id":"material:invented-carbon-steel","elastic_modulus":{"value":200000000000.0,"unit":"Pa"},"shear_modulus":{"value":77000000000.0,"unit":"Pa"},"thermal_expansion_coefficient":{"value":0.000012,"unit":"1/degC"},"temperature_points":[],"provenance":"invented_example_no_material_standard"}]}
DIAGPROBE OUTPUT label=contact_failed_attempt mode=dense_scrutiny status=StatusEnvelope {
    mechanics: "MODEL_INCOMPLETE",
    rule_check: "RULE_INPUTS_INCOMPLETE",
    professional_acceptance: "NOT_PROVIDED",
} quality=NumericalQuality {
    value_representation: "finite_binary64",
    publication_quantization: "none",
    integrity_policy: "M03-INTEGRITY-v1",
    status: Failed,
    cases: [
        NumericalCaseQuality {
            basis_ref: ResultBasisRef {
                ref_type: "load_case",
                ref_id: "load:L-GAP",
            },
            structural_status: PhysicalMechanismWitnessed,
            solve_quality: Failed,
            model_matrix_fidelity: NotAssessed,
            accuracy_evidence: NotClaimed,
            evidence_refs: [
                "diagnostic:numerical-integrity:load:L-GAP",
            ],
        },
    ],
} diagnostics=[
    Diagnostic {
        id: "diagnostic:numerical-integrity:load:L-GAP",
        code: "NUMERICAL_INTEGRITY_PHYSICAL_MECHANISM",
        severity: "blocking",
        message: "Load case load:L-GAP: structural integrity: Mechanism { direction: [1.0, -0.0, -0.0, -0.0, -0.0, -0.0, 1.0, -0.0, -0.0, -0.0, -0.0, -0.0] }; global_dof_map=[\"node:N-100:UX\", \"node:N-100:UY\", \"node:N-100:UZ\", \"node:N-100:RX\", \"node:N-100:RY\", \"node:N-100:RZ\", \"node:N-110:UX\", \"node:N-110:UY\", \"node:N-110:UZ\", \"node:N-110:RX\", \"node:N-110:RY\", \"node:N-110:RZ\"]; no structural rejection is bypassed by generic LU or output quantization",
        source: Some(
            "core/product_physics",
        ),
        affected_refs: [
            "load:L-GAP",
        ],
    },
] rows=[]
DIAGPROBE INPUT label=contact_forward_control seed=active mode=dense_scrutiny {"model":{"schema_version":"0.1.0","document_kind":"openpipestress.product_preview.model","project":{"id":"project:invented-loop-01","units":{"angle":"rad","force":"N","length":"m","pressure":"Pa","stress":"MPa","temperature":"degC"}},"analysis_status":{"mechanics":"ready_for_preview_diagnostics","rule_check":"not_performed_user_rule_inputs_missing","professional_acceptance":"not_provided"},"nodes":[{"id":"node:N-100","position":{"x":0.0,"y":0.0,"z":0.0},"provenance":"invented_example"},{"id":"node:N-110","position":{"x":1.0,"y":0.0,"z":0.0},"provenance":"invented_example"}],"pipe_segments":[{"id":"pipe:P-100","from":"node:N-100","to":"node:N-110","section":{"outside_diameter":{"value":0.168,"unit":"m"},"wall_thickness":{"value":0.007,"unit":"m"},"mill_tolerance":null,"material_density":null,"contents_density":null,"insulation_thickness":null,"insulation_density":null},"section_ref":null,"material":"material:invented-carbon-steel","y_reference":{"x":0.0,"y":1.0,"z":0.0},"provenance":"invented_example_no_standard_catalog"}],"sections":[],"supports":[{"id":"support:S-100","node":"node:N-100","restraints":["UY","UZ","RX","RY","RZ"],"family":"anchor","stiffness":null,"hanger":null,"nonlinear":null,"provenance":"invented_example"},{"id":"support:NL-GAP-110","node":"node:N-100","restraints":[],"family":"nonlinear","stiffness":null,"hanger":null,"nonlinear":{"behavior":"gap","dof":"UX","initial_state":"active","active_when":null,"contact_when":null,"closes_when":"positive_displacement","gap":{"value":0.05,"unit":"mm"},"friction_coefficient":null,"normal_reaction":null,"normal_reaction_source":null},"provenance":"invented_example_user_entered_nonlinear_support_no_catalog"}],"components":[],"materials":[{"id":"material:invented-carbon-steel","elastic_modulus":{"value":200000000000.0,"unit":"Pa"},"shear_modulus":{"value":77000000000.0,"unit":"Pa"},"thermal_expansion_coefficient":{"value":0.000012,"unit":"1/degC"},"temperature_points":[],"provenance":"invented_example_no_material_standard"}],"load_cases":[{"id":"load:L-GAP","primitive_loads":[{"id":"load:L-GAP-X","category":"occasional","target":{"type":"node","node":"node:N-110"},"direction":"global_x","magnitude":{"value":100000.0,"unit":"N"},"dimension":"force","provenance":"invented_example_user_input"}],"equivalent_static":null,"modulus_basis_ref":null,"modulus_basis_temperature":null,"provenance":"invented_example_no_code_combination"}],"combinations":[{"id":"combination:C-GAP","label":null,"basis":"mechanics","terms":[{"load_case":"load:L-GAP","factor":1.0}],"minuend_id":null,"subtrahend_id":null,"operand_ids":null,"mode":null,"provenance":"invented_example_no_code_combination"}]},"materials":[{"id":"material:invented-carbon-steel","elastic_modulus":{"value":200000000000.0,"unit":"Pa"},"shear_modulus":{"value":77000000000.0,"unit":"Pa"},"thermal_expansion_coefficient":{"value":0.000012,"unit":"1/degC"},"temperature_points":[],"provenance":"invented_example_no_material_standard"}]}
DIAGPROBE OUTPUT label=contact_forward_control seed=active mode=dense_scrutiny status=StatusEnvelope {
    mechanics: "MECHANICS_SOLVED",
    rule_check: "RULE_INPUTS_INCOMPLETE",
    professional_acceptance: "NOT_PROVIDED",
} quality=NumericalQuality {
    value_representation: "finite_binary64",
    publication_quantization: "none",
    integrity_policy: "M03-INTEGRITY-v1",
    status: Unresolved,
    cases: [
        NumericalCaseQuality {
            basis_ref: ResultBasisRef {
                ref_type: "load_case",
                ref_id: "load:L-GAP",
            },
            structural_status: NumericallyUnresolved,
            solve_quality: Unresolved,
            model_matrix_fidelity: NotAssessed,
            accuracy_evidence: Unresolved,
            evidence_refs: [
                "diagnostic:numerical-integrity:load:L-GAP",
            ],
        },
    ],
} diagnostics=[
    Diagnostic {
        id: "diagnostic:nonlinear:load-L-GAP:support-NL-GAP-110:state",
        code: "NONLINEAR_SUPPORT_STATE_REVIEW",
        severity: "info",
        message: "nonlinear support support:NL-GAP-110 ended in active state for load case load:L-GAP; dense_scrutiny preview loop evidence only",
        source: Some(
            "core/product_physics",
        ),
        affected_refs: [
            "support:NL-GAP-110",
            "load:L-GAP",
        ],
    },
    Diagnostic {
        id: "diagnostic:nonlinear:load-L-GAP:loop",
        code: "NONLINEAR_SUPPORT_LOOP_CONVERGED",
        severity: "info",
        message: "dense_scrutiny nonlinear support active-set preview completed 1 iteration(s); final residual count 0; accepted active-set-count policy_ref=DEC-046-CV-B-product-preview-active-set-count-v1; prospective evaluated force/moment equilibrium policy_ref=M03-PRODUCT-PREVIEW-EQUILIBRIUM-v1; derived per-row residual-work policy_ref=M03-PRODUCT-PREVIEW-EQUILIBRIUM-v1; historical general-energy alias is residual work, not total energy balance; historical policy_ref=DEC-046-CV-B-product-preview-general-energy-residual-v1; accepted displacement/reaction-delta policy_ref=DEC-046-CV-B-product-preview-displacement-reaction-delta-threshold-v1 for emitted product-preview delta rows; timing/RSS/hardware sparse evidence remains observational, not thresholded",
        source: Some(
            "core/product_physics",
        ),
        affected_refs: [
            "load:L-GAP",
            "DEC-046",
        ],
    },
    Diagnostic {
        id: "diagnostic:numerical-integrity:load:L-GAP",
        code: "NUMERICAL_INTEGRITY_RECOVERY_BASIS_UNQUALIFIED",
        severity: "warning",
        message: "Load case load:L-GAP selected represented-exact-ratio global displacement and support reactions, while member fields are recovered from projected binary64 displacement. The ordinary structural report is a preprojection precondition, and selected-public-displacement equilibrium does not prove exact-ratio equilibrium or complete field recovery. Mixed recovery remains numerically unresolved and unavailable for Current reliance; computed loop and quantity rows remain inspection evidence only. Ordinary structural precondition: StructuralReport { policy: \"M03-INTEGRITY-v1\", quality: Passed, factorization: \"positive dense Cholesky\", scale_exponents: [-14, -12, -12, -10, -11, -11], pivots: [PivotEvidence { ordered_index: 0, global_dof: 6, pivot: 2.6379338805345434, cancellation_scale: 2.6379338805345434, operation_count: 2, screen: 3.748729512458544e-14 }, PivotEvidence { ordered_index: 1, global_dof: 7, pivot: 1.6441714290595697, cancellation_scale: 1.6441714290595697, operation_count: 4, screen: 4.6730162610503225e-14 }, PivotEvidence { ordered_index: 2, global_dof: 8, pivot: 1.6441714290595697, cancellation_scale: 1.6441714290595697, operation_count: 6, screen: 7.009524391575487e-14 }, PivotEvidence { ordered_index: 3, global_dof: 9, pivot: 1.6880160005011582, cancellation_scale: 1.6880160005011582, operation_count: 8, screen: 9.595260056023334e-14 }, PivotEvidence { ordered_index: 4, global_dof: 10, pivot: 0.548057143019856, cancellation_scale: 3.8364000011389963, operation_count: 10, screen: 2.725926152279357e-13 }, PivotEvidence { ordered_index: 5, global_dof: 11, pivot: 0.548057143019856, cancellation_scale: 3.8364000011389963, operation_count: 12, screen: 3.271111382735229e-13 }], condition_estimator: \"Hager-Higham inverse-1-norm iteration with alternating-vector safeguard\", reciprocal_condition_estimate: 0.06122448979591829, residual_rows: [ResidualRow { global_dof: 6, residual: 0.0, denominator: 270811.498411914, row_scale_exponent: 17, normalized_residual: 0.0, normalized_denominator: 2.0661277649834746, normalized_evaluation_allowance: 1.3763175699011826e-15, normalization_basis: \"radix mantissas; one multiply/add per term; physical records descriptive\", operation_count: 6, evaluation_allowance: 1.803966965220878e-10, guarded_ratio: 6.66133814775096e-16, target: 4.263256414560604e-14, passed: true }, ResidualRow { global_dof: 7, residual: 0.0, denominator: 0.0, row_scale_exponent: 0, normalized_residual: 0.0, normalized_denominator: 0.0, normalized_evaluation_allowance: 0.0, normalization_basis: \"radix mantissas; one multiply/add per term; physical records descriptive\", operation_count: 10, evaluation_allowance: 0.0, guarded_ratio: 0.0, target: 7.10542735760101e-14, passed: true }, ResidualRow { global_dof: 8, residual: 0.0, denominator: 0.0, row_scale_exponent: 0, normalized_residual: 0.0, normalized_denominator: 0.0, normalized_evaluation_allowance: 0.0, normalization_basis: \"radix mantissas; one multiply/add per term; physical records descriptive\", operation_count: 10, evaluation_allowance: 0.0, guarded_ratio: 0.0, target: 7.10542735760101e-14, passed: true }, ResidualRow { global_dof: 9, residual: 0.0, denominator: 0.0, row_scale_exponent: 0, normalized_residual: 0.0, normalized_denominator: 0.0, normalized_evaluation_allowance: 0.0, normalization_basis: \"radix mantissas; one multiply/add per term; physical records descriptive\", operation_count: 6, evaluation_allowance: 0.0, guarded_ratio: 0.0, target: 4.263256414560604e-14, passed: true }, ResidualRow { global_dof: 10, residual: 0.0, denominator: 0.0, row_scale_exponent: 0, normalized_residual: 0.0, normalized_denominator: 0.0, normalized_evaluation_allowance: 0.0, normalization_basis: \"radix mantissas; one multiply/add per term; physical records descriptive\", operation_count: 10, evaluation_allowance: 0.0, guarded_ratio: 0.0, target: 7.10542735760101e-14, passed: true }, ResidualRow { global_dof: 11, residual: 0.0, denominator: 0.0, row_scale_exponent: 0, normalized_residual: 0.0, normalized_denominator: 0.0, normalized_evaluation_allowance: 0.0, normalization_basis: \"radix mantissas; one multiply/add per term; physical records descriptive\", operation_count: 10, evaluation_allowance: 0.0, guarded_ratio: 0.0, target: 7.10542735760101e-14, passed: true }], refinement_attempts: 0, contribution_audit_performed: true, contribution_rounding: [], assembly_relative_perturbation_estimate: 0.0, assembly_amplification_estimate: 0.0, assembly_load_perturbation_estimate: 0.0, intended_residual_rows: [ResidualRow { global_dof: 6, residual: 1.9307814758747942e-11, denominator: 270811.498411914, row_scale_exponent: 17, normalized_residual: 1.4730693633077958e-16, normalized_denominator: 2.0661277649834746, normalized_evaluation_allowance: 1.3304403175711585e-14, normalization_basis: \"exact contribution expansions and full intended free action including prescribed DOFs\", operation_count: 58, evaluation_allowance: 1.7438347330468689e-9, guarded_ratio: 6.5105896837652986e-15, target: 4.121147867408608e-13, passed: true }, ResidualRow { global_dof: 7, residual: -0.0, denominator: 0.0, row_scale_exponent: 0, normalized_residual: -0.0, normalized_denominator: 0.0, normalized_evaluation_allowance: 0.0, normalization_basis: \"exact contribution expansions and full intended free action including prescribed DOFs\", operation_count: 10, evaluation_allowance: 0.0, guarded_ratio: 0.0, target: 7.10542735760101e-14, passed: true }, ResidualRow { global_dof: 8, residual: -0.0, denominator: 0.0, row_scale_exponent: 0, normalized_residual: -0.0, normalized_denominator: 0.0, normalized_evaluation_allowance: 0.0, normalization_basis: \"exact contribution expansions and full intended free action including prescribed DOFs\", operation_count: 10, evaluation_allowance: 0.0, guarded_ratio: 0.0, target: 7.10542735760101e-14, passed: true }, ResidualRow { global_dof: 9, residual: -0.0, denominator: 0.0, row_scale_exponent: 0, normalized_residual: -0.0, normalized_denominator: 0.0, normalized_evaluation_allowance: 0.0, normalization_basis: \"exact contribution expansions and full intended free action including prescribed DOFs\", operation_count: 6, evaluation_allowance: 0.0, guarded_ratio: 0.0, target: 4.263256414560604e-14, passed: true }, ResidualRow { global_dof: 10, residual: -0.0, denominator: 0.0, row_scale_exponent: 0, normalized_residual: -0.0, normalized_denominator: 0.0, normalized_evaluation_allowance: 0.0, normalization_basis: \"exact contribution expansions and full intended free action including prescribed DOFs\", operation_count: 10, evaluation_allowance: 0.0, guarded_ratio: 0.0, target: 7.10542735760101e-14, passed: true }, ResidualRow { global_dof: 11, residual: -0.0, denominator: 0.0, row_scale_exponent: 0, normalized_residual: -0.0, normalized_denominator: 0.0, normalized_evaluation_allowance: 0.0, normalization_basis: \"exact contribution expansions and full intended free action including prescribed DOFs\", operation_count: 10, evaluation_allowance: 0.0, guarded_ratio: 0.0, target: 7.10542735760101e-14, passed: true }], symmetry_projection_performed: false, maximum_scaled_skew: 0.0, symmetry_basis: Some(\"represented local matrices; two-stage 12-term frame transforms plus directed scatter; curved H*K and (H*K)*H^T six-term stages when traced; inverse accuracy not claimed; objective welded unreleased straight-frame family\") }; selected-public-displacement equilibrium: ProductEquilibriumReport { policy: \"M03-PRODUCT-PREVIEW-EQUILIBRIUM-v1\", rows: [ResidualRow { global_dof: 6, residual: 0.0, denominator: 270811.498411914, row_scale_exponent: 17, normalized_residual: 0.0, normalized_denominator: 2.0661277649834746, normalized_evaluation_allowance: 1.3763175699011826e-15, normalization_basis: \"radix mantissas; one multiply/add per term; physical records descriptive\", operation_count: 6, evaluation_allowance: 1.803966965220878e-10, guarded_ratio: 6.66133814775096e-16, target: 4.263256414560604e-14, passed: true }, ResidualRow { global_dof: 7, residual: 0.0, denominator: 0.0, row_scale_exponent: 0, normalized_residual: 0.0, normalized_denominator: 0.0, normalized_evaluation_allowance: 0.0, normalization_basis: \"radix mantissas; one multiply/add per term; physical records descriptive\", operation_count: 10, evaluation_allowance: 0.0, guarded_ratio: 0.0, target: 7.10542735760101e-14, passed: true }, ResidualRow { global_dof: 8, residual: 0.0, denominator: 0.0, row_scale_exponent: 0, normalized_residual: 0.0, normalized_denominator: 0.0, normalized_evaluation_allowance: 0.0, normalization_basis: \"radix mantissas; one multiply/add per term; physical records descriptive\", operation_count: 10, evaluation_allowance: 0.0, guarded_ratio: 0.0, target: 7.10542735760101e-14, passed: true }, ResidualRow { global_dof: 9, residual: 0.0, denominator: 0.0, row_scale_exponent: 0, normalized_residual: 0.0, normalized_denominator: 0.0, normalized_evaluation_allowance: 0.0, normalization_basis: \"radix mantissas; one multiply/add per term; physical records descriptive\", operation_count: 6, evaluation_allowance: 0.0, guarded_ratio: 0.0, target: 4.263256414560604e-14, passed: true }, ResidualRow { global_dof: 10, residual: 0.0, denominator: 0.0, row_scale_exponent: 0, normalized_residual: 0.0, normalized_denominator: 0.0, normalized_evaluation_allowance: 0.0, normalization_basis: \"radix mantissas; one multiply/add per term; physical records descriptive\", operation_count: 10, evaluation_allowance: 0.0, guarded_ratio: 0.0, target: 7.10542735760101e-14, passed: true }, ResidualRow { global_dof: 11, residual: 0.0, denominator: 0.0, row_scale_exponent: 0, normalized_residual: 0.0, normalized_denominator: 0.0, normalized_evaluation_allowance: 0.0, normalization_basis: \"radix mantissas; one multiply/add per term; physical records descriptive\", operation_count: 10, evaluation_allowance: 0.0, guarded_ratio: 0.0, target: 7.10542735760101e-14, passed: true }], work_rows: [WorkRow { global_dof: 6, observed_work: 0.0, evaluation_allowance: 3.449545680386729e-14, derived_target: 2.2077092354475036e-12, normalized_work: 0.0, normalized_allowance: 2.1559660502417055e-15, normalized_target: 1.3798182721546898e-13, scale_exponent: 4, passed: true }, WorkRow { global_dof: 7, observed_work: 0.0, evaluation_allowance: 0.0, derived_target: 0.0, normalized_work: 0.0, normalized_allowance: 0.0, normalized_target: 0.0, scale_exponent: 0, passed: true }, WorkRow { global_dof: 8, observed_work: 0.0, evaluation_allowance: 0.0, derived_target: 0.0, normalized_work: 0.0, normalized_allowance: 0.0, normalized_target: 0.0, scale_exponent: 0, passed: true }, WorkRow { global_dof: 9, observed_work: 0.0, evaluation_allowance: 0.0, derived_target: 0.0, normalized_work: 0.0, normalized_allowance: 0.0, normalized_target: 0.0, scale_exponent: 0, passed: true }, WorkRow { global_dof: 10, observed_work: 0.0, evaluation_allowance: 0.0, derived_target: 0.0, normalized_work: 0.0, normalized_allowance: 0.0, normalized_target: 0.0, scale_exponent: 0, passed: true }, WorkRow { global_dof: 11, observed_work: 0.0, evaluation_allowance: 0.0, derived_target: 0.0, normalized_work: 0.0, normalized_allowance: 0.0, normalized_target: 0.0, scale_exponent: 0, passed: true }], observed_governing_work_dof: Some(11), passed: true }",
        source: Some(
            "core/product_physics",
        ),
        affected_refs: [
            "load:L-GAP",
        ],
    },
    Diagnostic {
        id: "diagnostic:combination:combination-C-GAP:result-nonlinear-support-converged-flag:LOAD_COMBINATION_RESULT_DIMENSION_UNSUPPORTED",
        code: "LOAD_COMBINATION_RESULT_DIMENSION_UNSUPPORTED",
        severity: "warning",
        message: "result row unit is not supported for TP-MAC-08 scalar load-combination algebra",
        source: Some(
            "core/product_physics",
        ),
        affected_refs: [
            "combination:C-GAP",
            "result:nonlinear-support:converged-flag",
            "result:nonlinear-support:converged-flag",
        ],
    },
    Diagnostic {
        id: "diagnostic:combination:combination-C-GAP:result-nonlinear-support-final-residual-count:LOAD_COMBINATION_RESULT_DIMENSION_UNSUPPORTED",
        code: "LOAD_COMBINATION_RESULT_DIMENSION_UNSUPPORTED",
        severity: "warning",
        message: "result row unit is not supported for TP-MAC-08 scalar load-combination algebra",
        source: Some(
            "core/product_physics",
        ),
        affected_refs: [
            "combination:C-GAP",
            "result:nonlinear-support:final-residual-count",
            "result:nonlinear-support:final-residual-count",
        ],
    },
    Diagnostic {
        id: "diagnostic:combination:combination-C-GAP:result-nonlinear-support-iteration-count:LOAD_COMBINATION_RESULT_DIMENSION_UNSUPPORTED",
        code: "LOAD_COMBINATION_RESULT_DIMENSION_UNSUPPORTED",
        severity: "warning",
        message: "result row unit is not supported for TP-MAC-08 scalar load-combination algebra",
        source: Some(
            "core/product_physics",
        ),
        affected_refs: [
            "combination:C-GAP",
            "result:nonlinear-support:iteration-count",
            "result:nonlinear-support:iteration-count",
        ],
    },
    Diagnostic {
        id: "diagnostic:combination:combination-C-GAP:result-nonlinear-support-support-NL-GAP-110-state-code:LOAD_COMBINATION_RESULT_DIMENSION_UNSUPPORTED",
        code: "LOAD_COMBINATION_RESULT_DIMENSION_UNSUPPORTED",
        severity: "warning",
        message: "result row unit is not supported for TP-MAC-08 scalar load-combination algebra",
        source: Some(
            "core/product_physics",
        ),
        affected_refs: [
            "combination:C-GAP",
            "result:nonlinear-support:support-NL-GAP-110:state-code",
            "result:nonlinear-support:support-NL-GAP-110:state-code",
        ],
    },
    Diagnostic {
        id: "diagnostic:combination:combination-C-GAP:result-stress-pipe-P-100:COMBINATION_STRESS_SUMMARY_SKIPPED",
        code: "COMBINATION_STRESS_SUMMARY_SKIPPED",
        severity: "warning",
        message: "open-formula stress summary rows are not linearly combined in TP-MAC-08; combine inspectable stress component rows instead",
        source: Some(
            "core/product_physics",
        ),
        affected_refs: [
            "combination:C-GAP",
            "result:stress:pipe-P-100",
            "result:stress:pipe-P-100",
        ],
    },
    Diagnostic {
        id: "diagnostic:physics:rule-inputs-missing",
        code: "RULE_CHECK_INPUTS_MISSING",
        severity: "warning",
        message: "rule-check inputs and protected criteria are absent; no compliance result is produced",
        source: Some(
            "core/product_physics",
        ),
        affected_refs: [],
    },
] rows=[
    ResultItem {
        id: "result:nonlinear-support:iteration-count",
        kind: "nonlinear_support_active_set_iteration_count",
        value: 1.0,
        unit: "count",
        entity_ref: "nonlinear_supports",
        basis_ref: Some(
            ResultBasisRef {
                ref_type: "load_case",
                ref_id: "load:L-GAP",
            },
        ),
        source_result_refs: [],
        metadata: Some(
            ResultMetadata {
                component: "active_set_iteration_count",
                coordinate_system: "solver_iteration",
                location: "load_case",
                basis: "dense_scrutiny_active_set_loop; policy_ref=DEC-046-CV-B-product-preview-active-set-count-v1; policy_status=accepted; support_count=1; support_classes=gap",
                sign_convention: "counts completed dense active-set linearization iterations",
            },
        ),
    },
    ResultItem {
        id: "result:nonlinear-support:final-residual-count",
        kind: "nonlinear_support_active_set_final_residual_count",
        value: 0.0,
        unit: "count",
        entity_ref: "nonlinear_supports",
        basis_ref: Some(
            ResultBasisRef {
                ref_type: "load_case",
                ref_id: "load:L-GAP",
            },
        ),
        source_result_refs: [],
        metadata: Some(
            ResultMetadata {
                component: "active_set_final_residual_count",
                coordinate_system: "solver_iteration",
                location: "load_case",
                basis: "dense_scrutiny_active_set_loop; policy_ref=DEC-046-CV-B-product-preview-active-set-count-v1; residual_is_changed_support_count",
                sign_convention: "zero means no nonlinear support state changed in the final iteration",
            },
        ),
    },
    ResultItem {
        id: "result:nonlinear-support:converged-flag",
        kind: "nonlinear_support_active_set_converged_flag",
        value: 1.0,
        unit: "boolean",
        entity_ref: "nonlinear_supports",
        basis_ref: Some(
            ResultBasisRef {
                ref_type: "load_case",
                ref_id: "load:L-GAP",
            },
        ),
        source_result_refs: [],
        metadata: Some(
            ResultMetadata {
                component: "active_set_converged_flag",
                coordinate_system: "solver_iteration",
                location: "load_case",
                basis: "dense_scrutiny_active_set_loop; policy_ref=DEC-046-CV-B-product-preview-active-set-count-v1; policy_status=accepted; residual_is_changed_support_count",
                sign_convention: "1 means the active-set state-change residual satisfied the supplied preview tolerance",
            },
        ),
    },
    ResultItem {
        id: "result:nonlinear-support:free-dof-force-residual",
        kind: "nonlinear_support_observed_free_dof_force_residual",
        value: 0.0,
        unit: "N",
        entity_ref: "nonlinear_supports",
        basis_ref: Some(
            ResultBasisRef {
                ref_type: "load_case",
                ref_id: "load:L-GAP",
            },
        ),
        source_result_refs: [],
        metadata: Some(
            ResultMetadata {
                component: "observed_free_dof_force_residual",
                coordinate_system: "solver_iteration",
                location: "final_iteration",
                basis: "dense_scrutiny_active_set_loop; policy_ref=DEC-046-CV-B-product-preview-active-set-count-v1; threshold_policy_ref=M03-PRODUCT-PREVIEW-EQUILIBRIUM-v1; threshold_policy_status=accepted; observed_compliance=true; residual_basis=free_dof_force_moment_equilibrium; target=64*gamma(actual_row_operation_count); original_full_equations_with_prescribed_coupling; evaluation_allowance_and_denominator_guard; historical_superseded_policy_ref=DEC-046-CV-B-product-preview-free-dof-force-moment-residual-v1; historical_zero_limits=0 N,0 N*m; product_preview_only",
                sign_convention: "nonnegative max absolute translational free-DOF equilibrium residual in the final linearized solve",
            },
        ),
    },
    ResultItem {
        id: "result:nonlinear-support:free-dof-moment-residual",
        kind: "nonlinear_support_observed_free_dof_moment_residual",
        value: 0.0,
        unit: "N*m",
        entity_ref: "nonlinear_supports",
        basis_ref: Some(
            ResultBasisRef {
                ref_type: "load_case",
                ref_id: "load:L-GAP",
            },
        ),
        source_result_refs: [],
        metadata: Some(
            ResultMetadata {
                component: "observed_free_dof_moment_residual",
                coordinate_system: "solver_iteration",
                location: "final_iteration",
                basis: "dense_scrutiny_active_set_loop; policy_ref=DEC-046-CV-B-product-preview-active-set-count-v1; threshold_policy_ref=M03-PRODUCT-PREVIEW-EQUILIBRIUM-v1; threshold_policy_status=accepted; observed_compliance=true; residual_basis=free_dof_force_moment_equilibrium; target=64*gamma(actual_row_operation_count); original_full_equations_with_prescribed_coupling; evaluation_allowance_and_denominator_guard; historical_superseded_policy_ref=DEC-046-CV-B-product-preview-free-dof-force-moment-residual-v1; historical_zero_limits=0 N,0 N*m; product_preview_only",
                sign_convention: "nonnegative max absolute rotational free-DOF equilibrium residual in the final linearized solve",
            },
        ),
    },
    ResultItem {
        id: "result:nonlinear-support:free-dof-work-residual",
        kind: "nonlinear_support_free_dof_work_residual",
        value: 0.0,
        unit: "N*m",
        entity_ref: "nonlinear_supports",
        basis_ref: Some(
            ResultBasisRef {
                ref_type: "load_case",
                ref_id: "load:L-GAP",
            },
        ),
        source_result_refs: [],
        metadata: Some(
            ResultMetadata {
                component: "free_dof_work_residual",
                coordinate_system: "solver_iteration",
                location: "final_iteration",
                basis: "dense_scrutiny_active_set_loop; policy_ref=DEC-046-CV-B-product-preview-active-set-count-v1; threshold_policy_ref=M03-PRODUCT-PREVIEW-EQUILIBRIUM-v1; threshold_policy_status=accepted; observed_compliance=true; residual_basis=free_dof_work_residual; work_target=per_row_abs_u_times_tau_times_original_denominator_with_evaluation_allowance; observed_governing_global_dof=Some(11); general_energy_alias=residual_work_not_total_energy_balance; historical_superseded_policy_refs=DEC-046-CV-B-product-preview-free-dof-work-residual-v1,DEC-046-CV-B-product-preview-general-energy-residual-v1, historical_limits=0 N*m,0 N*m; product_preview_only",
                sign_convention: "nonnegative max absolute free-DOF residual work product in the final linearized solve",
            },
        ),
    },
    ResultItem {
        id: "result:nonlinear-support:support-NL-GAP-110:state-code",
        kind: "nonlinear_support_active_set_state_code",
        value: 1.0,
        unit: "state_code",
        entity_ref: "support:NL-GAP-110",
        basis_ref: Some(
            ResultBasisRef {
                ref_type: "load_case",
                ref_id: "load:L-GAP",
            },
        ),
        source_result_refs: [],
        metadata: Some(
            ResultMetadata {
                component: "active_set_state_code",
                coordinate_system: "solver_iteration",
                location: "ux",
                basis: "dense_scrutiny_active_set_loop; policy_ref=DEC-046-CV-B-product-preview-active-set-count-v1; final_state=active",
                sign_convention: "0=inactive, 1=active, 2=sticking, 3=sliding",
            },
        ),
    },
    ResultItem {
        id: "result:nonlinear-support:support-NL-GAP-110:ux-displacement",
        kind: "nonlinear_support_final_displacement",
        value: 0.05,
        unit: "mm",
        entity_ref: "support:NL-GAP-110",
        basis_ref: Some(
            ResultBasisRef {
                ref_type: "load_case",
                ref_id: "load:L-GAP",
            },
        ),
        source_result_refs: [],
        metadata: Some(
            ResultMetadata {
                component: "nonlinear_support_final_displacement",
                coordinate_system: "solver_iteration",
                location: "ux",
                basis: "dense_scrutiny_active_set_loop; policy_ref=DEC-046-CV-B-product-preview-active-set-count-v1; final_state=active",
                sign_convention: "positive value follows the global frame DOF sign convention",
            },
        ),
    },
    ResultItem {
        id: "result:nonlinear-support:support-NL-GAP-110:ux-reaction",
        kind: "nonlinear_support_final_reaction",
        value: -100000.0,
        unit: "N",
        entity_ref: "support:NL-GAP-110",
        basis_ref: Some(
            ResultBasisRef {
                ref_type: "load_case",
                ref_id: "load:L-GAP",
            },
        ),
        source_result_refs: [],
        metadata: Some(
            ResultMetadata {
                component: "nonlinear_support_final_reaction",
                coordinate_system: "solver_iteration",
                location: "ux",
                basis: "dense_scrutiny_active_set_loop; policy_ref=DEC-046-CV-B-product-preview-active-set-count-v1; final_state=active",
                sign_convention: "positive value follows the global frame DOF reaction sign convention",
            },
        ),
    },
    ResultItem {
        id: "result:disp:node-N-100",
        kind: "displacement_magnitude",
        value: 0.05,
        unit: "mm",
        entity_ref: "node:N-100",
        basis_ref: Some(
            ResultBasisRef {
                ref_type: "load_case",
                ref_id: "load:L-GAP",
            },
        ),
        source_result_refs: [],
        metadata: None,
    },
    ResultItem {
        id: "result:disp:node-N-110",
        kind: "displacement_magnitude",
        value: 0.19122000274347406,
        unit: "mm",
        entity_ref: "node:N-110",
        basis_ref: Some(
            ResultBasisRef {
                ref_type: "load_case",
                ref_id: "load:L-GAP",
            },
        ),
        source_result_refs: [],
        metadata: None,
    },
    ResultItem {
        id: "result:disp:node-N-100:ux",
        kind: "global_nodal_displacement_x",
        value: 0.05,
        unit: "mm",
        entity_ref: "node:N-100",
        basis_ref: Some(
            ResultBasisRef {
                ref_type: "load_case",
                ref_id: "load:L-GAP",
            },
        ),
        source_result_refs: [],
        metadata: Some(
            ResultMetadata {
                component: "nodal_displacement_x",
                coordinate_system: "global",
                location: "node",
                basis: "solved_from_global_linear_system",
                sign_convention: "positive value follows the global cartesian X axis displacement of the node",
            },
        ),
    },
    ResultItem {
        id: "result:disp:node-N-100:uy",
        kind: "global_nodal_displacement_y",
        value: 0.0,
        unit: "mm",
        entity_ref: "node:N-100",
        basis_ref: Some(
            ResultBasisRef {
                ref_type: "load_case",
                ref_id: "load:L-GAP",
            },
        ),
        source_result_refs: [],
        metadata: Some(
            ResultMetadata {
                component: "nodal_displacement_y",
                coordinate_system: "global",
                location: "node",
                basis: "solved_from_global_linear_system",
                sign_convention: "positive value follows the global cartesian Y axis displacement of the node",
            },
        ),
    },
    ResultItem {
        id: "result:disp:node-N-100:uz",
        kind: "global_nodal_displacement_z",
        value: 0.0,
        unit: "mm",
        entity_ref: "node:N-100",
        basis_ref: Some(
            ResultBasisRef {
                ref_type: "load_case",
                ref_id: "load:L-GAP",
            },
        ),
        source_result_refs: [],
        metadata: Some(
            ResultMetadata {
                component: "nodal_displacement_z",
                coordinate_system: "global",
                location: "node",
                basis: "solved_from_global_linear_system",
                sign_convention: "positive value follows the global cartesian Z axis displacement of the node",
            },
        ),
    },
    ResultItem {
        id: "result:disp:node-N-100:rx",
        kind: "global_nodal_rotation_x",
        value: 0.0,
        unit: "rad",
        entity_ref: "node:N-100",
        basis_ref: Some(
            ResultBasisRef {
                ref_type: "load_case",
                ref_id: "load:L-GAP",
            },
        ),
        source_result_refs: [],
        metadata: Some(
            ResultMetadata {
                component: "nodal_rotation_x",
                coordinate_system: "global",
                location: "node",
                basis: "solved_from_global_linear_system",
                sign_convention: "positive value follows the right-hand-rule rotation about the global cartesian X axis",
            },
        ),
    },
    ResultItem {
        id: "result:disp:node-N-100:ry",
        kind: "global_nodal_rotation_y",
        value: 0.0,
        unit: "rad",
        entity_ref: "node:N-100",
        basis_ref: Some(
            ResultBasisRef {
                ref_type: "load_case",
                ref_id: "load:L-GAP",
            },
        ),
        source_result_refs: [],
        metadata: Some(
            ResultMetadata {
                component: "nodal_rotation_y",
                coordinate_system: "global",
                location: "node",
                basis: "solved_from_global_linear_system",
                sign_convention: "positive value follows the right-hand-rule rotation about the global cartesian Y axis",
            },
        ),
    },
    ResultItem {
        id: "result:disp:node-N-100:rz",
        kind: "global_nodal_rotation_z",
        value: 0.0,
        unit: "rad",
        entity_ref: "node:N-100",
        basis_ref: Some(
            ResultBasisRef {
                ref_type: "load_case",
                ref_id: "load:L-GAP",
            },
        ),
        source_result_refs: [],
        metadata: Some(
            ResultMetadata {
                component: "nodal_rotation_z",
                coordinate_system: "global",
                location: "node",
                basis: "solved_from_global_linear_system",
                sign_convention: "positive value follows the right-hand-rule rotation about the global cartesian Z axis",
            },
        ),
    },
    ResultItem {
        id: "result:disp:node-N-110:ux",
        kind: "global_nodal_displacement_x",
        value: 0.19122000274347406,
        unit: "mm",
        entity_ref: "node:N-110",
        basis_ref: Some(
            ResultBasisRef {
                ref_type: "load_case",
                ref_id: "load:L-GAP",
            },
        ),
        source_result_refs: [],
        metadata: Some(
            ResultMetadata {
                component: "nodal_displacement_x",
                coordinate_system: "global",
                location: "node",
                basis: "solved_from_global_linear_system",
                sign_convention: "positive value follows the global cartesian X axis displacement of the node",
            },
        ),
    },
    ResultItem {
        id: "result:disp:node-N-110:uy",
        kind: "global_nodal_displacement_y",
        value: 0.0,
        unit: "mm",
        entity_ref: "node:N-110",
        basis_ref: Some(
            ResultBasisRef {
                ref_type: "load_case",
                ref_id: "load:L-GAP",
            },
        ),
        source_result_refs: [],
        metadata: Some(
            ResultMetadata {
                component: "nodal_displacement_y",
                coordinate_system: "global",
                location: "node",
                basis: "solved_from_global_linear_system",
                sign_convention: "positive value follows the global cartesian Y axis displacement of the node",
            },
        ),
    },
    ResultItem {
        id: "result:disp:node-N-110:uz",
        kind: "global_nodal_displacement_z",
        value: 0.0,
        unit: "mm",
        entity_ref: "node:N-110",
        basis_ref: Some(
            ResultBasisRef {
                ref_type: "load_case",
                ref_id: "load:L-GAP",
            },
        ),
        source_result_refs: [],
        metadata: Some(
            ResultMetadata {
                component: "nodal_displacement_z",
                coordinate_system: "global",
                location: "node",
                basis: "solved_from_global_linear_system",
                sign_convention: "positive value follows the global cartesian Z axis displacement of the node",
            },
        ),
    },
    ResultItem {
        id: "result:disp:node-N-110:rx",
        kind: "global_nodal_rotation_x",
        value: 0.0,
        unit: "rad",
        entity_ref: "node:N-110",
        basis_ref: Some(
            ResultBasisRef {
                ref_type: "load_case",
                ref_id: "load:L-GAP",
            },
        ),
        source_result_refs: [],
        metadata: Some(
            ResultMetadata {
                component: "nodal_rotation_x",
                coordinate_system: "global",
                location: "node",
                basis: "solved_from_global_linear_system",
                sign_convention: "positive value follows the right-hand-rule rotation about the global cartesian X axis",
            },
        ),
    },
    ResultItem {
        id: "result:disp:node-N-110:ry",
        kind: "global_nodal_rotation_y",
        value: 0.0,
        unit: "rad",
        entity_ref: "node:N-110",
        basis_ref: Some(
            ResultBasisRef {
                ref_type: "load_case",
                ref_id: "load:L-GAP",
            },
        ),
        source_result_refs: [],
        metadata: Some(
            ResultMetadata {
                component: "nodal_rotation_y",
                coordinate_system: "global",
                location: "node",
                basis: "solved_from_global_linear_system",
                sign_convention: "positive value follows the right-hand-rule rotation about the global cartesian Y axis",
            },
        ),
    },
    ResultItem {
        id: "result:disp:node-N-110:rz",
        kind: "global_nodal_rotation_z",
        value: 0.0,
        unit: "rad",
        entity_ref: "node:N-110",
        basis_ref: Some(
            ResultBasisRef {
                ref_type: "load_case",
                ref_id: "load:L-GAP",
            },
        ),
        source_result_refs: [],
        metadata: Some(
            ResultMetadata {
                component: "nodal_rotation_z",
                coordinate_system: "global",
                location: "node",
                basis: "solved_from_global_linear_system",
                sign_convention: "positive value follows the right-hand-rule rotation about the global cartesian Z axis",
            },
        ),
    },
    ResultItem {
        id: "result:reaction:support-S-100",
        kind: "reaction_resultant",
        value: 0.0,
        unit: "N",
        entity_ref: "support:S-100",
        basis_ref: Some(
            ResultBasisRef {
                ref_type: "load_case",
                ref_id: "load:L-GAP",
            },
        ),
        source_result_refs: [],
        metadata: None,
    },
    ResultItem {
        id: "result:reaction:support-NL-GAP-110",
        kind: "reaction_resultant",
        value: 100000.0,
        unit: "N",
        entity_ref: "support:NL-GAP-110",
        basis_ref: Some(
            ResultBasisRef {
                ref_type: "load_case",
                ref_id: "load:L-GAP",
            },
        ),
        source_result_refs: [],
        metadata: None,
    },
    ResultItem {
        id: "result:force:pipe-P-100:axial",
        kind: "element_local_axial_force",
        value: -100000.0,
        unit: "N",
        entity_ref: "pipe:P-100",
        basis_ref: Some(
            ResultBasisRef {
                ref_type: "load_case",
                ref_id: "load:L-GAP",
            },
        ),
        source_result_refs: [],
        metadata: Some(
            ResultMetadata {
                component: "axial_force",
                coordinate_system: "element_local",
                location: "end_i",
                basis: "recovered_from_local_element_stiffness",
                sign_convention: "positive value follows the element-local DOF at the i-end force vector",
            },
        ),
    },
    ResultItem {
        id: "result:force:pipe-P-100:axial:end-j",
        kind: "element_local_axial_force",
        value: 100000.0,
        unit: "N",
        entity_ref: "pipe:P-100",
        basis_ref: Some(
            ResultBasisRef {
                ref_type: "load_case",
                ref_id: "load:L-GAP",
            },
        ),
        source_result_refs: [],
        metadata: Some(
            ResultMetadata {
                component: "axial_force",
                coordinate_system: "element_local",
                location: "end_j",
                basis: "recovered_from_local_element_stiffness",
                sign_convention: "positive value follows the element-local DOF at the j-end force vector",
            },
        ),
    },
    ResultItem {
        id: "result:force:pipe-P-100:shear-y",
        kind: "element_local_shear_force_y",
        value: 0.0,
        unit: "N",
        entity_ref: "pipe:P-100",
        basis_ref: Some(
            ResultBasisRef {
                ref_type: "load_case",
                ref_id: "load:L-GAP",
            },
        ),
        source_result_refs: [],
        metadata: Some(
            ResultMetadata {
                component: "shear_force_y",
                coordinate_system: "element_local",
                location: "end_i",
                basis: "recovered_from_local_element_stiffness",
                sign_convention: "positive value follows the element-local DOF at the i-end force vector",
            },
        ),
    },
    ResultItem {
        id: "result:force:pipe-P-100:shear-y:end-j",
        kind: "element_local_shear_force_y",
        value: 0.0,
        unit: "N",
        entity_ref: "pipe:P-100",
        basis_ref: Some(
            ResultBasisRef {
                ref_type: "load_case",
                ref_id: "load:L-GAP",
            },
        ),
        source_result_refs: [],
        metadata: Some(
            ResultMetadata {
                component: "shear_force_y",
                coordinate_system: "element_local",
                location: "end_j",
                basis: "recovered_from_local_element_stiffness",
                sign_convention: "positive value follows the element-local DOF at the j-end force vector",
            },
        ),
    },
    ResultItem {
        id: "result:force:pipe-P-100:shear-z",
        kind: "element_local_shear_force_z",
        value: 0.0,
        unit: "N",
        entity_ref: "pipe:P-100",
        basis_ref: Some(
            ResultBasisRef {
                ref_type: "load_case",
                ref_id: "load:L-GAP",
            },
        ),
        source_result_refs: [],
        metadata: Some(
            ResultMetadata {
                component: "shear_force_z",
                coordinate_system: "element_local",
                location: "end_i",
                basis: "recovered_from_local_element_stiffness",
                sign_convention: "positive value follows the element-local DOF at the i-end force vector",
            },
        ),
    },
    ResultItem {
        id: "result:force:pipe-P-100:shear-z:end-j",
        kind: "element_local_shear_force_z",
        value: 0.0,
        unit: "N",
        entity_ref: "pipe:P-100",
        basis_ref: Some(
            ResultBasisRef {
                ref_type: "load_case",
                ref_id: "load:L-GAP",
            },
        ),
        source_result_refs: [],
        metadata: Some(
            ResultMetadata {
                component: "shear_force_z",
                coordinate_system: "element_local",
                location: "end_j",
                basis: "recovered_from_local_element_stiffness",
                sign_convention: "positive value follows the element-local DOF at the j-end force vector",
            },
        ),
    },
    ResultItem {
        id: "result:moment:pipe-P-100:torsion",
        kind: "element_local_torsional_moment",
        value: 0.0,
        unit: "N*m",
        entity_ref: "pipe:P-100",
        basis_ref: Some(
            ResultBasisRef {
                ref_type: "load_case",
                ref_id: "load:L-GAP",
            },
        ),
        source_result_refs: [],
        metadata: Some(
            ResultMetadata {
                component: "torsional_moment",
                coordinate_system: "element_local",
                location: "end_i",
                basis: "recovered_from_local_element_stiffness",
                sign_convention: "positive value follows the element-local DOF at the i-end force vector",
            },
        ),
    },
    ResultItem {
        id: "result:moment:pipe-P-100:torsion:end-j",
        kind: "element_local_torsional_moment",
        value: 0.0,
        unit: "N*m",
        entity_ref: "pipe:P-100",
        basis_ref: Some(
            ResultBasisRef {
                ref_type: "load_case",
                ref_id: "load:L-GAP",
            },
        ),
        source_result_refs: [],
        metadata: Some(
            ResultMetadata {
                component: "torsional_moment",
                coordinate_system: "element_local",
                location: "end_j",
                basis: "recovered_from_local_element_stiffness",
                sign_convention: "positive value follows the element-local DOF at the j-end force vector",
            },
        ),
    },
    ResultItem {
        id: "result:moment:pipe-P-100:bending-y",
        kind: "element_local_bending_moment_y",
        value: 0.0,
        unit: "N*m",
        entity_ref: "pipe:P-100",
        basis_ref: Some(
            ResultBasisRef {
                ref_type: "load_case",
                ref_id: "load:L-GAP",
            },
        ),
        source_result_refs: [],
        metadata: Some(
            ResultMetadata {
                component: "bending_moment_y",
                coordinate_system: "element_local",
                location: "end_i",
                basis: "recovered_from_local_element_stiffness",
                sign_convention: "positive value follows the element-local DOF at the i-end force vector",
            },
        ),
    },
    ResultItem {
        id: "result:moment:pipe-P-100:bending-y:end-j",
        kind: "element_local_bending_moment_y",
        value: 0.0,
        unit: "N*m",
        entity_ref: "pipe:P-100",
        basis_ref: Some(
            ResultBasisRef {
                ref_type: "load_case",
                ref_id: "load:L-GAP",
            },
        ),
        source_result_refs: [],
        metadata: Some(
            ResultMetadata {
                component: "bending_moment_y",
                coordinate_system: "element_local",
                location: "end_j",
                basis: "recovered_from_local_element_stiffness",
                sign_convention: "positive value follows the element-local DOF at the j-end force vector",
            },
        ),
    },
    ResultItem {
        id: "result:moment:pipe-P-100:bending-z",
        kind: "element_local_bending_moment_z",
        value: 0.0,
        unit: "N*m",
        entity_ref: "pipe:P-100",
        basis_ref: Some(
            ResultBasisRef {
                ref_type: "load_case",
                ref_id: "load:L-GAP",
            },
        ),
        source_result_refs: [],
        metadata: Some(
            ResultMetadata {
                component: "bending_moment_z",
                coordinate_system: "element_local",
                location: "end_i",
                basis: "recovered_from_local_element_stiffness",
                sign_convention: "positive value follows the element-local DOF at the i-end force vector",
            },
        ),
    },
    ResultItem {
        id: "result:moment:pipe-P-100:bending-z:end-j",
        kind: "element_local_bending_moment_z",
        value: 0.0,
        unit: "N*m",
        entity_ref: "pipe:P-100",
        basis_ref: Some(
            ResultBasisRef {
                ref_type: "load_case",
                ref_id: "load:L-GAP",
            },
        ),
        source_result_refs: [],
        metadata: Some(
            ResultMetadata {
                component: "bending_moment_z",
                coordinate_system: "element_local",
                location: "end_j",
                basis: "recovered_from_local_element_stiffness",
                sign_convention: "positive value follows the element-local DOF at the j-end force vector",
            },
        ),
    },
    ResultItem {
        id: "result:force:pipe-P-100:quarter-1:axial",
        kind: "element_local_axial_force",
        value: 100000.0,
        unit: "N",
        entity_ref: "pipe:P-100",
        basis_ref: Some(
            ResultBasisRef {
                ref_type: "load_case",
                ref_id: "load:L-GAP",
            },
        ),
        source_result_refs: [],
        metadata: Some(
            ResultMetadata {
                component: "axial_force",
                coordinate_system: "element_local",
                location: "quarter_1",
                basis: "recovered_from_local_element_stiffness",
                sign_convention: "positive value follows the j-side section action in the element-local frame (x toward end j); section equilibrium from stiffness-recovered end actions with consistent distributed-load fixed-end correction",
            },
        ),
    },
    ResultItem {
        id: "result:force:pipe-P-100:quarter-1:shear-y",
        kind: "element_local_shear_force_y",
        value: -0.0,
        unit: "N",
        entity_ref: "pipe:P-100",
        basis_ref: Some(
            ResultBasisRef {
                ref_type: "load_case",
                ref_id: "load:L-GAP",
            },
        ),
        source_result_refs: [],
        metadata: Some(
            ResultMetadata {
                component: "shear_force_y",
                coordinate_system: "element_local",
                location: "quarter_1",
                basis: "recovered_from_local_element_stiffness",
                sign_convention: "positive value follows the j-side section action in the element-local frame (x toward end j); section equilibrium from stiffness-recovered end actions with consistent distributed-load fixed-end correction",
            },
        ),
    },
    ResultItem {
        id: "result:force:pipe-P-100:quarter-1:shear-z",
        kind: "element_local_shear_force_z",
        value: -0.0,
        unit: "N",
        entity_ref: "pipe:P-100",
        basis_ref: Some(
            ResultBasisRef {
                ref_type: "load_case",
                ref_id: "load:L-GAP",
            },
        ),
        source_result_refs: [],
        metadata: Some(
            ResultMetadata {
                component: "shear_force_z",
                coordinate_system: "element_local",
                location: "quarter_1",
                basis: "recovered_from_local_element_stiffness",
                sign_convention: "positive value follows the j-side section action in the element-local frame (x toward end j); section equilibrium from stiffness-recovered end actions with consistent distributed-load fixed-end correction",
            },
        ),
    },
    ResultItem {
        id: "result:moment:pipe-P-100:quarter-1:torsion",
        kind: "element_local_torsional_moment",
        value: -0.0,
        unit: "N*m",
        entity_ref: "pipe:P-100",
        basis_ref: Some(
            ResultBasisRef {
                ref_type: "load_case",
                ref_id: "load:L-GAP",
            },
        ),
        source_result_refs: [],
        metadata: Some(
            ResultMetadata {
                component: "torsional_moment",
                coordinate_system: "element_local",
                location: "quarter_1",
                basis: "recovered_from_local_element_stiffness",
                sign_convention: "positive value follows the j-side section action in the element-local frame (x toward end j); section equilibrium from stiffness-recovered end actions with consistent distributed-load fixed-end correction",
            },
        ),
    },
    ResultItem {
        id: "result:moment:pipe-P-100:quarter-1:bending-y",
        kind: "element_local_bending_moment_y",
        value: -0.0,
        unit: "N*m",
        entity_ref: "pipe:P-100",
        basis_ref: Some(
            ResultBasisRef {
                ref_type: "load_case",
                ref_id: "load:L-GAP",
            },
        ),
        source_result_refs: [],
        metadata: Some(
            ResultMetadata {
                component: "bending_moment_y",
                coordinate_system: "element_local",
                location: "quarter_1",
                basis: "recovered_from_local_element_stiffness",
                sign_convention: "positive value follows the j-side section action in the element-local frame (x toward end j); section equilibrium from stiffness-recovered end actions with consistent distributed-load fixed-end correction",
            },
        ),
    },
    ResultItem {
        id: "result:moment:pipe-P-100:quarter-1:bending-z",
        kind: "element_local_bending_moment_z",
        value: -0.0,
        unit: "N*m",
        entity_ref: "pipe:P-100",
        basis_ref: Some(
            ResultBasisRef {
                ref_type: "load_case",
                ref_id: "load:L-GAP",
            },
        ),
        source_result_refs: [],
        metadata: Some(
            ResultMetadata {
                component: "bending_moment_z",
                coordinate_system: "element_local",
                location: "quarter_1",
                basis: "recovered_from_local_element_stiffness",
                sign_convention: "positive value follows the j-side section action in the element-local frame (x toward end j); section equilibrium from stiffness-recovered end actions with consistent distributed-load fixed-end correction",
            },
        ),
    },
    ResultItem {
        id: "result:force:pipe-P-100:midspan:axial",
        kind: "element_local_axial_force",
        value: 100000.0,
        unit: "N",
        entity_ref: "pipe:P-100",
        basis_ref: Some(
            ResultBasisRef {
                ref_type: "load_case",
                ref_id: "load:L-GAP",
            },
        ),
        source_result_refs: [],
        metadata: Some(
            ResultMetadata {
                component: "axial_force",
                coordinate_system: "element_local",
                location: "midspan",
                basis: "recovered_from_local_element_stiffness",
                sign_convention: "positive value follows the j-side section action in the element-local frame (x toward end j); section equilibrium from stiffness-recovered end actions with consistent distributed-load fixed-end correction",
            },
        ),
    },
    ResultItem {
        id: "result:force:pipe-P-100:midspan:shear-y",
        kind: "element_local_shear_force_y",
        value: -0.0,
        unit: "N",
        entity_ref: "pipe:P-100",
        basis_ref: Some(
            ResultBasisRef {
                ref_type: "load_case",
                ref_id: "load:L-GAP",
            },
        ),
        source_result_refs: [],
        metadata: Some(
            ResultMetadata {
                component: "shear_force_y",
                coordinate_system: "element_local",
                location: "midspan",
                basis: "recovered_from_local_element_stiffness",
                sign_convention: "positive value follows the j-side section action in the element-local frame (x toward end j); section equilibrium from stiffness-recovered end actions with consistent distributed-load fixed-end correction",
            },
        ),
    },
    ResultItem {
        id: "result:force:pipe-P-100:midspan:shear-z",
        kind: "element_local_shear_force_z",
        value: -0.0,
        unit: "N",
        entity_ref: "pipe:P-100",
        basis_ref: Some(
            ResultBasisRef {
                ref_type: "load_case",
                ref_id: "load:L-GAP",
            },
        ),
        source_result_refs: [],
        metadata: Some(
            ResultMetadata {
                component: "shear_force_z",
                coordinate_system: "element_local",
                location: "midspan",
                basis: "recovered_from_local_element_stiffness",
                sign_convention: "positive value follows the j-side section action in the element-local frame (x toward end j); section equilibrium from stiffness-recovered end actions with consistent distributed-load fixed-end correction",
            },
        ),
    },
    ResultItem {
        id: "result:moment:pipe-P-100:midspan:torsion",
        kind: "element_local_torsional_moment",
        value: -0.0,
        unit: "N*m",
        entity_ref: "pipe:P-100",
        basis_ref: Some(
            ResultBasisRef {
                ref_type: "load_case",
                ref_id: "load:L-GAP",
            },
        ),
        source_result_refs: [],
        metadata: Some(
            ResultMetadata {
                component: "torsional_moment",
                coordinate_system: "element_local",
                location: "midspan",
                basis: "recovered_from_local_element_stiffness",
                sign_convention: "positive value follows the j-side section action in the element-local frame (x toward end j); section equilibrium from stiffness-recovered end actions with consistent distributed-load fixed-end correction",
            },
        ),
    },
    ResultItem {
        id: "result:moment:pipe-P-100:midspan:bending-y",
        kind: "element_local_bending_moment_y",
        value: -0.0,
        unit: "N*m",
        entity_ref: "pipe:P-100",
        basis_ref: Some(
            ResultBasisRef {
                ref_type: "load_case",
                ref_id: "load:L-GAP",
            },
        ),
        source_result_refs: [],
        metadata: Some(
            ResultMetadata {
                component: "bending_moment_y",
                coordinate_system: "element_local",
                location: "midspan",
                basis: "recovered_from_local_element_stiffness",
                sign_convention: "positive value follows the j-side section action in the element-local frame (x toward end j); section equilibrium from stiffness-recovered end actions with consistent distributed-load fixed-end correction",
            },
        ),
    },
    ResultItem {
        id: "result:moment:pipe-P-100:midspan:bending-z",
        kind: "element_local_bending_moment_z",
        value: -0.0,
        unit: "N*m",
        entity_ref: "pipe:P-100",
        basis_ref: Some(
            ResultBasisRef {
                ref_type: "load_case",
                ref_id: "load:L-GAP",
            },
        ),
        source_result_refs: [],
        metadata: Some(
            ResultMetadata {
                component: "bending_moment_z",
                coordinate_system: "element_local",
                location: "midspan",
                basis: "recovered_from_local_element_stiffness",
                sign_convention: "positive value follows the j-side section action in the element-local frame (x toward end j); section equilibrium from stiffness-recovered end actions with consistent distributed-load fixed-end correction",
            },
        ),
    },
    ResultItem {
        id: "result:force:pipe-P-100:quarter-3:axial",
        kind: "element_local_axial_force",
        value: 100000.0,
        unit: "N",
        entity_ref: "pipe:P-100",
        basis_ref: Some(
            ResultBasisRef {
                ref_type: "load_case",
                ref_id: "load:L-GAP",
            },
        ),
        source_result_refs: [],
        metadata: Some(
            ResultMetadata {
                component: "axial_force",
                coordinate_system: "element_local",
                location: "quarter_3",
                basis: "recovered_from_local_element_stiffness",
                sign_convention: "positive value follows the j-side section action in the element-local frame (x toward end j); section equilibrium from stiffness-recovered end actions with consistent distributed-load fixed-end correction",
            },
        ),
    },
    ResultItem {
        id: "result:force:pipe-P-100:quarter-3:shear-y",
        kind: "element_local_shear_force_y",
        value: -0.0,
        unit: "N",
        entity_ref: "pipe:P-100",
        basis_ref: Some(
            ResultBasisRef {
                ref_type: "load_case",
                ref_id: "load:L-GAP",
            },
        ),
        source_result_refs: [],
        metadata: Some(
            ResultMetadata {
                component: "shear_force_y",
                coordinate_system: "element_local",
                location: "quarter_3",
                basis: "recovered_from_local_element_stiffness",
                sign_convention: "positive value follows the j-side section action in the element-local frame (x toward end j); section equilibrium from stiffness-recovered end actions with consistent distributed-load fixed-end correction",
            },
        ),
    },
    ResultItem {
        id: "result:force:pipe-P-100:quarter-3:shear-z",
        kind: "element_local_shear_force_z",
        value: -0.0,
        unit: "N",
        entity_ref: "pipe:P-100",
        basis_ref: Some(
            ResultBasisRef {
                ref_type: "load_case",
                ref_id: "load:L-GAP",
            },
        ),
        source_result_refs: [],
        metadata: Some(
            ResultMetadata {
                component: "shear_force_z",
                coordinate_system: "element_local",
                location: "quarter_3",
                basis: "recovered_from_local_element_stiffness",
                sign_convention: "positive value follows the j-side section action in the element-local frame (x toward end j); section equilibrium from stiffness-recovered end actions with consistent distributed-load fixed-end correction",
            },
        ),
    },
    ResultItem {
        id: "result:moment:pipe-P-100:quarter-3:torsion",
        kind: "element_local_torsional_moment",
        value: -0.0,
        unit: "N*m",
        entity_ref: "pipe:P-100",
        basis_ref: Some(
            ResultBasisRef {
                ref_type: "load_case",
                ref_id: "load:L-GAP",
            },
        ),
        source_result_refs: [],
        metadata: Some(
            ResultMetadata {
                component: "torsional_moment",
                coordinate_system: "element_local",
                location: "quarter_3",
                basis: "recovered_from_local_element_stiffness",
                sign_convention: "positive value follows the j-side section action in the element-local frame (x toward end j); section equilibrium from stiffness-recovered end actions with consistent distributed-load fixed-end correction",
            },
        ),
    },
    ResultItem {
        id: "result:moment:pipe-P-100:quarter-3:bending-y",
        kind: "element_local_bending_moment_y",
        value: -0.0,
        unit: "N*m",
        entity_ref: "pipe:P-100",
        basis_ref: Some(
            ResultBasisRef {
                ref_type: "load_case",
                ref_id: "load:L-GAP",
            },
        ),
        source_result_refs: [],
        metadata: Some(
            ResultMetadata {
                component: "bending_moment_y",
                coordinate_system: "element_local",
                location: "quarter_3",
                basis: "recovered_from_local_element_stiffness",
                sign_convention: "positive value follows the j-side section action in the element-local frame (x toward end j); section equilibrium from stiffness-recovered end actions with consistent distributed-load fixed-end correction",
            },
        ),
    },
    ResultItem {
        id: "result:moment:pipe-P-100:quarter-3:bending-z",
        kind: "element_local_bending_moment_z",
        value: -0.0,
        unit: "N*m",
        entity_ref: "pipe:P-100",
        basis_ref: Some(
            ResultBasisRef {
                ref_type: "load_case",
                ref_id: "load:L-GAP",
            },
        ),
        source_result_refs: [],
        metadata: Some(
            ResultMetadata {
                component: "bending_moment_z",
                coordinate_system: "element_local",
                location: "quarter_3",
                basis: "recovered_from_local_element_stiffness",
                sign_convention: "positive value follows the j-side section action in the element-local frame (x toward end j); section equilibrium from stiffness-recovered end actions with consistent distributed-load fixed-end correction",
            },
        ),
    },
    ResultItem {
        id: "result:stress:pipe-P-100:end-i:axial-normal",
        kind: "element_local_axial_normal_stress",
        value: 28.244000548694814,
        unit: "MPa",
        entity_ref: "pipe:P-100",
        basis_ref: Some(
            ResultBasisRef {
                ref_type: "load_case",
                ref_id: "load:L-GAP",
            },
        ),
        source_result_refs: [],
        metadata: Some(
            ResultMetadata {
                component: "axial_normal_stress",
                coordinate_system: "element_local",
                location: "end_i",
                basis: "recovered_from_local_element_stiffness",
                sign_convention: "positive value follows the j-side section action in the element-local frame (local x toward end j); resultants come from section equilibrium over assembled end actions",
            },
        ),
    },
    ResultItem {
        id: "result:stress:pipe-P-100:end-i:bending-normal-y",
        kind: "element_local_bending_normal_stress_y",
        value: -0.0,
        unit: "MPa",
        entity_ref: "pipe:P-100",
        basis_ref: Some(
            ResultBasisRef {
                ref_type: "load_case",
                ref_id: "load:L-GAP",
            },
        ),
        source_result_refs: [],
        metadata: Some(
            ResultMetadata {
                component: "bending_normal_stress_y",
                coordinate_system: "element_local",
                location: "end_i",
                basis: "recovered_from_local_element_stiffness",
                sign_convention: "positive value follows the j-side section action in the element-local frame (local x toward end j); resultants come from section equilibrium over assembled end actions",
            },
        ),
    },
    ResultItem {
        id: "result:stress:pipe-P-100:end-i:bending-normal-z",
        kind: "element_local_bending_normal_stress_z",
        value: -0.0,
        unit: "MPa",
        entity_ref: "pipe:P-100",
        basis_ref: Some(
            ResultBasisRef {
                ref_type: "load_case",
                ref_id: "load:L-GAP",
            },
        ),
        source_result_refs: [],
        metadata: Some(
            ResultMetadata {
                component: "bending_normal_stress_z",
                coordinate_system: "element_local",
                location: "end_i",
                basis: "recovered_from_local_element_stiffness",
                sign_convention: "positive value follows the j-side section action in the element-local frame (local x toward end j); resultants come from section equilibrium over assembled end actions",
            },
        ),
    },
    ResultItem {
        id: "result:stress:pipe-P-100:end-i:torsional-shear",
        kind: "element_local_torsional_shear_stress",
        value: -0.0,
        unit: "MPa",
        entity_ref: "pipe:P-100",
        basis_ref: Some(
            ResultBasisRef {
                ref_type: "load_case",
                ref_id: "load:L-GAP",
            },
        ),
        source_result_refs: [],
        metadata: Some(
            ResultMetadata {
                component: "torsional_shear_stress",
                coordinate_system: "element_local",
                location: "end_i",
                basis: "recovered_from_local_element_stiffness",
                sign_convention: "positive value follows the j-side section action in the element-local frame (local x toward end j); resultants come from section equilibrium over assembled end actions",
            },
        ),
    },
    ResultItem {
        id: "result:stress:pipe-P-100:end-j:axial-normal",
        kind: "element_local_axial_normal_stress",
        value: 28.244000548694814,
        unit: "MPa",
        entity_ref: "pipe:P-100",
        basis_ref: Some(
            ResultBasisRef {
                ref_type: "load_case",
                ref_id: "load:L-GAP",
            },
        ),
        source_result_refs: [],
        metadata: Some(
            ResultMetadata {
                component: "axial_normal_stress",
                coordinate_system: "element_local",
                location: "end_j",
                basis: "recovered_from_local_element_stiffness",
                sign_convention: "positive value follows the j-side section action in the element-local frame (local x toward end j); resultants come from section equilibrium over assembled end actions",
            },
        ),
    },
    ResultItem {
        id: "result:stress:pipe-P-100:end-j:bending-normal-y",
        kind: "element_local_bending_normal_stress_y",
        value: -0.0,
        unit: "MPa",
        entity_ref: "pipe:P-100",
        basis_ref: Some(
            ResultBasisRef {
                ref_type: "load_case",
                ref_id: "load:L-GAP",
            },
        ),
        source_result_refs: [],
        metadata: Some(
            ResultMetadata {
                component: "bending_normal_stress_y",
                coordinate_system: "element_local",
                location: "end_j",
                basis: "recovered_from_local_element_stiffness",
                sign_convention: "positive value follows the j-side section action in the element-local frame (local x toward end j); resultants come from section equilibrium over assembled end actions",
            },
        ),
    },
    ResultItem {
        id: "result:stress:pipe-P-100:end-j:bending-normal-z",
        kind: "element_local_bending_normal_stress_z",
        value: -0.0,
        unit: "MPa",
        entity_ref: "pipe:P-100",
        basis_ref: Some(
            ResultBasisRef {
                ref_type: "load_case",
                ref_id: "load:L-GAP",
            },
        ),
        source_result_refs: [],
        metadata: Some(
            ResultMetadata {
                component: "bending_normal_stress_z",
                coordinate_system: "element_local",
                location: "end_j",
                basis: "recovered_from_local_element_stiffness",
                sign_convention: "positive value follows the j-side section action in the element-local frame (local x toward end j); resultants come from section equilibrium over assembled end actions",
            },
        ),
    },
    ResultItem {
        id: "result:stress:pipe-P-100:end-j:torsional-shear",
        kind: "element_local_torsional_shear_stress",
        value: -0.0,
        unit: "MPa",
        entity_ref: "pipe:P-100",
        basis_ref: Some(
            ResultBasisRef {
                ref_type: "load_case",
                ref_id: "load:L-GAP",
            },
        ),
        source_result_refs: [],
        metadata: Some(
            ResultMetadata {
                component: "torsional_shear_stress",
                coordinate_system: "element_local",
                location: "end_j",
                basis: "recovered_from_local_element_stiffness",
                sign_convention: "positive value follows the j-side section action in the element-local frame (local x toward end j); resultants come from section equilibrium over assembled end actions",
            },
        ),
    },
    ResultItem {
        id: "result:stress:pipe-P-100:quarter-1:axial-normal",
        kind: "element_local_axial_normal_stress",
        value: 28.244000548694814,
        unit: "MPa",
        entity_ref: "pipe:P-100",
        basis_ref: Some(
            ResultBasisRef {
                ref_type: "load_case",
                ref_id: "load:L-GAP",
            },
        ),
        source_result_refs: [],
        metadata: Some(
            ResultMetadata {
                component: "axial_normal_stress",
                coordinate_system: "element_local",
                location: "quarter_1",
                basis: "recovered_from_open_mechanics_stress_components",
                sign_convention: "positive normal stress follows the section-equilibrium element-local axial resultant at this station; j-side section action in the element-local frame (x toward end j); section equilibrium from stiffness-recovered end actions with consistent distributed-load fixed-end correction",
            },
        ),
    },
    ResultItem {
        id: "result:stress:pipe-P-100:quarter-1:bending-normal-y",
        kind: "element_local_bending_normal_stress_y",
        value: -0.0,
        unit: "MPa",
        entity_ref: "pipe:P-100",
        basis_ref: Some(
            ResultBasisRef {
                ref_type: "load_case",
                ref_id: "load:L-GAP",
            },
        ),
        source_result_refs: [],
        metadata: Some(
            ResultMetadata {
                component: "bending_normal_stress_y",
                coordinate_system: "element_local",
                location: "quarter_1",
                basis: "recovered_from_open_mechanics_stress_components",
                sign_convention: "positive bending normal stress follows the section-equilibrium element-local y bending resultant at this station; j-side section action in the element-local frame (x toward end j); section equilibrium from stiffness-recovered end actions with consistent distributed-load fixed-end correction",
            },
        ),
    },
    ResultItem {
        id: "result:stress:pipe-P-100:quarter-1:bending-normal-z",
        kind: "element_local_bending_normal_stress_z",
        value: -0.0,
        unit: "MPa",
        entity_ref: "pipe:P-100",
        basis_ref: Some(
            ResultBasisRef {
                ref_type: "load_case",
                ref_id: "load:L-GAP",
            },
        ),
        source_result_refs: [],
        metadata: Some(
            ResultMetadata {
                component: "bending_normal_stress_z",
                coordinate_system: "element_local",
                location: "quarter_1",
                basis: "recovered_from_open_mechanics_stress_components",
                sign_convention: "positive bending normal stress follows the section-equilibrium element-local z bending resultant at this station; j-side section action in the element-local frame (x toward end j); section equilibrium from stiffness-recovered end actions with consistent distributed-load fixed-end correction",
            },
        ),
    },
    ResultItem {
        id: "result:stress:pipe-P-100:quarter-1:torsional-shear",
        kind: "element_local_torsional_shear_stress",
        value: -0.0,
        unit: "MPa",
        entity_ref: "pipe:P-100",
        basis_ref: Some(
            ResultBasisRef {
                ref_type: "load_case",
                ref_id: "load:L-GAP",
            },
        ),
        source_result_refs: [],
        metadata: Some(
            ResultMetadata {
                component: "torsional_shear_stress",
                coordinate_system: "element_local",
                location: "quarter_1",
                basis: "recovered_from_open_mechanics_stress_components",
                sign_convention: "positive torsional shear stress follows the section-equilibrium element-local torsional resultant at this station; j-side section action in the element-local frame (x toward end j); section equilibrium from stiffness-recovered end actions with consistent distributed-load fixed-end correction",
            },
        ),
    },
    ResultItem {
        id: "result:stress:pipe-P-100:midspan:axial-normal",
        kind: "element_local_axial_normal_stress",
        value: 28.244000548694814,
        unit: "MPa",
        entity_ref: "pipe:P-100",
        basis_ref: Some(
            ResultBasisRef {
                ref_type: "load_case",
                ref_id: "load:L-GAP",
            },
        ),
        source_result_refs: [],
        metadata: Some(
            ResultMetadata {
                component: "axial_normal_stress",
                coordinate_system: "element_local",
                location: "midspan",
                basis: "recovered_from_open_mechanics_stress_components",
                sign_convention: "positive normal stress follows the section-equilibrium element-local axial resultant at this station; j-side section action in the element-local frame (x toward end j); section equilibrium from stiffness-recovered end actions with consistent distributed-load fixed-end correction",
            },
        ),
    },
    ResultItem {
        id: "result:stress:pipe-P-100:midspan:bending-normal-y",
        kind: "element_local_bending_normal_stress_y",
        value: -0.0,
        unit: "MPa",
        entity_ref: "pipe:P-100",
        basis_ref: Some(
            ResultBasisRef {
                ref_type: "load_case",
                ref_id: "load:L-GAP",
            },
        ),
        source_result_refs: [],
        metadata: Some(
            ResultMetadata {
                component: "bending_normal_stress_y",
                coordinate_system: "element_local",
                location: "midspan",
                basis: "recovered_from_open_mechanics_stress_components",
                sign_convention: "positive bending normal stress follows the section-equilibrium element-local y bending resultant at this station; j-side section action in the element-local frame (x toward end j); section equilibrium from stiffness-recovered end actions with consistent distributed-load fixed-end correction",
            },
        ),
    },
    ResultItem {
        id: "result:stress:pipe-P-100:midspan:bending-normal-z",
        kind: "element_local_bending_normal_stress_z",
        value: -0.0,
        unit: "MPa",
        entity_ref: "pipe:P-100",
        basis_ref: Some(
            ResultBasisRef {
                ref_type: "load_case",
                ref_id: "load:L-GAP",
            },
        ),
        source_result_refs: [],
        metadata: Some(
            ResultMetadata {
                component: "bending_normal_stress_z",
                coordinate_system: "element_local",
                location: "midspan",
                basis: "recovered_from_open_mechanics_stress_components",
                sign_convention: "positive bending normal stress follows the section-equilibrium element-local z bending resultant at this station; j-side section action in the element-local frame (x toward end j); section equilibrium from stiffness-recovered end actions with consistent distributed-load fixed-end correction",
            },
        ),
    },
    ResultItem {
        id: "result:stress:pipe-P-100:midspan:torsional-shear",
        kind: "element_local_torsional_shear_stress",
        value: -0.0,
        unit: "MPa",
        entity_ref: "pipe:P-100",
        basis_ref: Some(
            ResultBasisRef {
                ref_type: "load_case",
                ref_id: "load:L-GAP",
            },
        ),
        source_result_refs: [],
        metadata: Some(
            ResultMetadata {
                component: "torsional_shear_stress",
                coordinate_system: "element_local",
                location: "midspan",
                basis: "recovered_from_open_mechanics_stress_components",
                sign_convention: "positive torsional shear stress follows the section-equilibrium element-local torsional resultant at this station; j-side section action in the element-local frame (x toward end j); section equilibrium from stiffness-recovered end actions with consistent distributed-load fixed-end correction",
            },
        ),
    },
    ResultItem {
        id: "result:stress:pipe-P-100:quarter-3:axial-normal",
        kind: "element_local_axial_normal_stress",
        value: 28.244000548694814,
        unit: "MPa",
        entity_ref: "pipe:P-100",
        basis_ref: Some(
            ResultBasisRef {
                ref_type: "load_case",
                ref_id: "load:L-GAP",
            },
        ),
        source_result_refs: [],
        metadata: Some(
            ResultMetadata {
                component: "axial_normal_stress",
                coordinate_system: "element_local",
                location: "quarter_3",
                basis: "recovered_from_open_mechanics_stress_components",
                sign_convention: "positive normal stress follows the section-equilibrium element-local axial resultant at this station; j-side section action in the element-local frame (x toward end j); section equilibrium from stiffness-recovered end actions with consistent distributed-load fixed-end correction",
            },
        ),
    },
    ResultItem {
        id: "result:stress:pipe-P-100:quarter-3:bending-normal-y",
        kind: "element_local_bending_normal_stress_y",
        value: -0.0,
        unit: "MPa",
        entity_ref: "pipe:P-100",
        basis_ref: Some(
            ResultBasisRef {
                ref_type: "load_case",
                ref_id: "load:L-GAP",
            },
        ),
        source_result_refs: [],
        metadata: Some(
            ResultMetadata {
                component: "bending_normal_stress_y",
                coordinate_system: "element_local",
                location: "quarter_3",
                basis: "recovered_from_open_mechanics_stress_components",
                sign_convention: "positive bending normal stress follows the section-equilibrium element-local y bending resultant at this station; j-side section action in the element-local frame (x toward end j); section equilibrium from stiffness-recovered end actions with consistent distributed-load fixed-end correction",
            },
        ),
    },
    ResultItem {
        id: "result:stress:pipe-P-100:quarter-3:bending-normal-z",
        kind: "element_local_bending_normal_stress_z",
        value: -0.0,
        unit: "MPa",
        entity_ref: "pipe:P-100",
        basis_ref: Some(
            ResultBasisRef {
                ref_type: "load_case",
                ref_id: "load:L-GAP",
            },
        ),
        source_result_refs: [],
        metadata: Some(
            ResultMetadata {
                component: "bending_normal_stress_z",
                coordinate_system: "element_local",
                location: "quarter_3",
                basis: "recovered_from_open_mechanics_stress_components",
                sign_convention: "positive bending normal stress follows the section-equilibrium element-local z bending resultant at this station; j-side section action in the element-local frame (x toward end j); section equilibrium from stiffness-recovered end actions with consistent distributed-load fixed-end correction",
            },
        ),
    },
    ResultItem {
        id: "result:stress:pipe-P-100:quarter-3:torsional-shear",
        kind: "element_local_torsional_shear_stress",
        value: -0.0,
        unit: "MPa",
        entity_ref: "pipe:P-100",
        basis_ref: Some(
            ResultBasisRef {
                ref_type: "load_case",
                ref_id: "load:L-GAP",
            },
        ),
        source_result_refs: [],
        metadata: Some(
            ResultMetadata {
                component: "torsional_shear_stress",
                coordinate_system: "element_local",
                location: "quarter_3",
                basis: "recovered_from_open_mechanics_stress_components",
                sign_convention: "positive torsional shear stress follows the section-equilibrium element-local torsional resultant at this station; j-side section action in the element-local frame (x toward end j); section equilibrium from stiffness-recovered end actions with consistent distributed-load fixed-end correction",
            },
        ),
    },
    ResultItem {
        id: "result:stress:pipe-P-100",
        kind: "open_formula_stress_summary",
        value: 28.244000548694814,
        unit: "MPa",
        entity_ref: "pipe:P-100",
        basis_ref: Some(
            ResultBasisRef {
                ref_type: "load_case",
                ref_id: "load:L-GAP",
            },
        ),
        source_result_refs: [],
        metadata: None,
    },
    ResultItem {
        id: "result:combination:combination-C-GAP:disp:node-N-100",
        kind: "displacement_magnitude",
        value: 0.05,
        unit: "mm",
        entity_ref: "node:N-100",
        basis_ref: Some(
            ResultBasisRef {
                ref_type: "combination",
                ref_id: "combination:C-GAP",
            },
        ),
        source_result_refs: [
            "result:combination:combination-C-GAP:disp:node-N-100:ux",
            "result:combination:combination-C-GAP:disp:node-N-100:uy",
            "result:combination:combination-C-GAP:disp:node-N-100:uz",
        ],
        metadata: None,
    },
    ResultItem {
        id: "result:combination:combination-C-GAP:disp:node-N-100:rx",
        kind: "global_nodal_rotation_x",
        value: 0.0,
        unit: "rad",
        entity_ref: "node:N-100",
        basis_ref: Some(
            ResultBasisRef {
                ref_type: "combination",
                ref_id: "combination:C-GAP",
            },
        ),
        source_result_refs: [
            "result:disp:node-N-100:rx",
        ],
        metadata: Some(
            ResultMetadata {
                component: "nodal_rotation_x",
                coordinate_system: "global",
                location: "node",
                basis: "explicit_user_linear_combination",
                sign_convention: "positive value follows explicit user linear combination of matching source result sign conventions",
            },
        ),
    },
    ResultItem {
        id: "result:combination:combination-C-GAP:disp:node-N-100:ry",
        kind: "global_nodal_rotation_y",
        value: 0.0,
        unit: "rad",
        entity_ref: "node:N-100",
        basis_ref: Some(
            ResultBasisRef {
                ref_type: "combination",
                ref_id: "combination:C-GAP",
            },
        ),
        source_result_refs: [
            "result:disp:node-N-100:ry",
        ],
        metadata: Some(
            ResultMetadata {
                component: "nodal_rotation_y",
                coordinate_system: "global",
                location: "node",
                basis: "explicit_user_linear_combination",
                sign_convention: "positive value follows explicit user linear combination of matching source result sign conventions",
            },
        ),
    },
    ResultItem {
        id: "result:combination:combination-C-GAP:disp:node-N-100:rz",
        kind: "global_nodal_rotation_z",
        value: 0.0,
        unit: "rad",
        entity_ref: "node:N-100",
        basis_ref: Some(
            ResultBasisRef {
                ref_type: "combination",
                ref_id: "combination:C-GAP",
            },
        ),
        source_result_refs: [
            "result:disp:node-N-100:rz",
        ],
        metadata: Some(
            ResultMetadata {
                component: "nodal_rotation_z",
                coordinate_system: "global",
                location: "node",
                basis: "explicit_user_linear_combination",
                sign_convention: "positive value follows explicit user linear combination of matching source result sign conventions",
            },
        ),
    },
    ResultItem {
        id: "result:combination:combination-C-GAP:disp:node-N-100:ux",
        kind: "global_nodal_displacement_x",
        value: 0.05,
        unit: "mm",
        entity_ref: "node:N-100",
        basis_ref: Some(
            ResultBasisRef {
                ref_type: "combination",
                ref_id: "combination:C-GAP",
            },
        ),
        source_result_refs: [
            "result:disp:node-N-100:ux",
        ],
        metadata: Some(
            ResultMetadata {
                component: "nodal_displacement_x",
                coordinate_system: "global",
                location: "node",
                basis: "explicit_user_linear_combination",
                sign_convention: "positive value follows explicit user linear combination of matching source result sign conventions",
            },
        ),
    },
    ResultItem {
        id: "result:combination:combination-C-GAP:disp:node-N-100:uy",
        kind: "global_nodal_displacement_y",
        value: 0.0,
        unit: "mm",
        entity_ref: "node:N-100",
        basis_ref: Some(
            ResultBasisRef {
                ref_type: "combination",
                ref_id: "combination:C-GAP",
            },
        ),
        source_result_refs: [
            "result:disp:node-N-100:uy",
        ],
        metadata: Some(
            ResultMetadata {
                component: "nodal_displacement_y",
                coordinate_system: "global",
                location: "node",
                basis: "explicit_user_linear_combination",
                sign_convention: "positive value follows explicit user linear combination of matching source result sign conventions",
            },
        ),
    },
    ResultItem {
        id: "result:combination:combination-C-GAP:disp:node-N-100:uz",
        kind: "global_nodal_displacement_z",
        value: 0.0,
        unit: "mm",
        entity_ref: "node:N-100",
        basis_ref: Some(
            ResultBasisRef {
                ref_type: "combination",
                ref_id: "combination:C-GAP",
            },
        ),
        source_result_refs: [
            "result:disp:node-N-100:uz",
        ],
        metadata: Some(
            ResultMetadata {
                component: "nodal_displacement_z",
                coordinate_system: "global",
                location: "node",
                basis: "explicit_user_linear_combination",
                sign_convention: "positive value follows explicit user linear combination of matching source result sign conventions",
            },
        ),
    },
    ResultItem {
        id: "result:combination:combination-C-GAP:disp:node-N-110",
        kind: "displacement_magnitude",
        value: 0.19122000274347406,
        unit: "mm",
        entity_ref: "node:N-110",
        basis_ref: Some(
            ResultBasisRef {
                ref_type: "combination",
                ref_id: "combination:C-GAP",
            },
        ),
        source_result_refs: [
            "result:combination:combination-C-GAP:disp:node-N-110:ux",
            "result:combination:combination-C-GAP:disp:node-N-110:uy",
            "result:combination:combination-C-GAP:disp:node-N-110:uz",
        ],
        metadata: None,
    },
    ResultItem {
        id: "result:combination:combination-C-GAP:disp:node-N-110:rx",
        kind: "global_nodal_rotation_x",
        value: 0.0,
        unit: "rad",
        entity_ref: "node:N-110",
        basis_ref: Some(
            ResultBasisRef {
                ref_type: "combination",
                ref_id: "combination:C-GAP",
            },
        ),
        source_result_refs: [
            "result:disp:node-N-110:rx",
        ],
        metadata: Some(
            ResultMetadata {
                component: "nodal_rotation_x",
                coordinate_system: "global",
                location: "node",
                basis: "explicit_user_linear_combination",
                sign_convention: "positive value follows explicit user linear combination of matching source result sign conventions",
            },
        ),
    },
    ResultItem {
        id: "result:combination:combination-C-GAP:disp:node-N-110:ry",
        kind: "global_nodal_rotation_y",
        value: 0.0,
        unit: "rad",
        entity_ref: "node:N-110",
        basis_ref: Some(
            ResultBasisRef {
                ref_type: "combination",
                ref_id: "combination:C-GAP",
            },
        ),
        source_result_refs: [
            "result:disp:node-N-110:ry",
        ],
        metadata: Some(
            ResultMetadata {
                component: "nodal_rotation_y",
                coordinate_system: "global",
                location: "node",
                basis: "explicit_user_linear_combination",
                sign_convention: "positive value follows explicit user linear combination of matching source result sign conventions",
            },
        ),
    },
    ResultItem {
        id: "result:combination:combination-C-GAP:disp:node-N-110:rz",
        kind: "global_nodal_rotation_z",
        value: 0.0,
        unit: "rad",
        entity_ref: "node:N-110",
        basis_ref: Some(
            ResultBasisRef {
                ref_type: "combination",
                ref_id: "combination:C-GAP",
            },
        ),
        source_result_refs: [
            "result:disp:node-N-110:rz",
        ],
        metadata: Some(
            ResultMetadata {
                component: "nodal_rotation_z",
                coordinate_system: "global",
                location: "node",
                basis: "explicit_user_linear_combination",
                sign_convention: "positive value follows explicit user linear combination of matching source result sign conventions",
            },
        ),
    },
    ResultItem {
        id: "result:combination:combination-C-GAP:disp:node-N-110:ux",
        kind: "global_nodal_displacement_x",
        value: 0.19122000274347406,
        unit: "mm",
        entity_ref: "node:N-110",
        basis_ref: Some(
            ResultBasisRef {
                ref_type: "combination",
                ref_id: "combination:C-GAP",
            },
        ),
        source_result_refs: [
            "result:disp:node-N-110:ux",
        ],
        metadata: Some(
            ResultMetadata {
                component: "nodal_displacement_x",
                coordinate_system: "global",
                location: "node",
                basis: "explicit_user_linear_combination",
                sign_convention: "positive value follows explicit user linear combination of matching source result sign conventions",
            },
        ),
    },
    ResultItem {
        id: "result:combination:combination-C-GAP:disp:node-N-110:uy",
        kind: "global_nodal_displacement_y",
        value: 0.0,
        unit: "mm",
        entity_ref: "node:N-110",
        basis_ref: Some(
            ResultBasisRef {
                ref_type: "combination",
                ref_id: "combination:C-GAP",
            },
        ),
        source_result_refs: [
            "result:disp:node-N-110:uy",
        ],
        metadata: Some(
            ResultMetadata {
                component: "nodal_displacement_y",
                coordinate_system: "global",
                location: "node",
                basis: "explicit_user_linear_combination",
                sign_convention: "positive value follows explicit user linear combination of matching source result sign conventions",
            },
        ),
    },
    ResultItem {
        id: "result:combination:combination-C-GAP:disp:node-N-110:uz",
        kind: "global_nodal_displacement_z",
        value: 0.0,
        unit: "mm",
        entity_ref: "node:N-110",
        basis_ref: Some(
            ResultBasisRef {
                ref_type: "combination",
                ref_id: "combination:C-GAP",
            },
        ),
        source_result_refs: [
            "result:disp:node-N-110:uz",
        ],
        metadata: Some(
            ResultMetadata {
                component: "nodal_displacement_z",
                coordinate_system: "global",
                location: "node",
                basis: "explicit_user_linear_combination",
                sign_convention: "positive value follows explicit user linear combination of matching source result sign conventions",
            },
        ),
    },
    ResultItem {
        id: "result:combination:combination-C-GAP:force:pipe-P-100:axial",
        kind: "element_local_axial_force",
        value: -100000.0,
        unit: "N",
        entity_ref: "pipe:P-100",
        basis_ref: Some(
            ResultBasisRef {
                ref_type: "combination",
                ref_id: "combination:C-GAP",
            },
        ),
        source_result_refs: [
            "result:force:pipe-P-100:axial",
        ],
        metadata: Some(
            ResultMetadata {
                component: "axial_force",
                coordinate_system: "element_local",
                location: "end_i",
                basis: "explicit_user_linear_combination",
                sign_convention: "positive value follows explicit user linear combination of matching source result sign conventions",
            },
        ),
    },
    ResultItem {
        id: "result:combination:combination-C-GAP:force:pipe-P-100:axial:end-j",
        kind: "element_local_axial_force",
        value: 100000.0,
        unit: "N",
        entity_ref: "pipe:P-100",
        basis_ref: Some(
            ResultBasisRef {
                ref_type: "combination",
                ref_id: "combination:C-GAP",
            },
        ),
        source_result_refs: [
            "result:force:pipe-P-100:axial:end-j",
        ],
        metadata: Some(
            ResultMetadata {
                component: "axial_force",
                coordinate_system: "element_local",
                location: "end_j",
                basis: "explicit_user_linear_combination",
                sign_convention: "positive value follows explicit user linear combination of matching source result sign conventions",
            },
        ),
    },
    ResultItem {
        id: "result:combination:combination-C-GAP:force:pipe-P-100:midspan:axial",
        kind: "element_local_axial_force",
        value: 100000.0,
        unit: "N",
        entity_ref: "pipe:P-100",
        basis_ref: Some(
            ResultBasisRef {
                ref_type: "combination",
                ref_id: "combination:C-GAP",
            },
        ),
        source_result_refs: [
            "result:force:pipe-P-100:midspan:axial",
        ],
        metadata: Some(
            ResultMetadata {
                component: "axial_force",
                coordinate_system: "element_local",
                location: "midspan",
                basis: "explicit_user_linear_combination",
                sign_convention: "positive value follows explicit user linear combination of matching source result sign conventions",
            },
        ),
    },
    ResultItem {
        id: "result:combination:combination-C-GAP:force:pipe-P-100:midspan:shear-y",
        kind: "element_local_shear_force_y",
        value: 0.0,
        unit: "N",
        entity_ref: "pipe:P-100",
        basis_ref: Some(
            ResultBasisRef {
                ref_type: "combination",
                ref_id: "combination:C-GAP",
            },
        ),
        source_result_refs: [
            "result:force:pipe-P-100:midspan:shear-y",
        ],
        metadata: Some(
            ResultMetadata {
                component: "shear_force_y",
                coordinate_system: "element_local",
                location: "midspan",
                basis: "explicit_user_linear_combination",
                sign_convention: "positive value follows explicit user linear combination of matching source result sign conventions",
            },
        ),
    },
    ResultItem {
        id: "result:combination:combination-C-GAP:force:pipe-P-100:midspan:shear-z",
        kind: "element_local_shear_force_z",
        value: 0.0,
        unit: "N",
        entity_ref: "pipe:P-100",
        basis_ref: Some(
            ResultBasisRef {
                ref_type: "combination",
                ref_id: "combination:C-GAP",
            },
        ),
        source_result_refs: [
            "result:force:pipe-P-100:midspan:shear-z",
        ],
        metadata: Some(
            ResultMetadata {
                component: "shear_force_z",
                coordinate_system: "element_local",
                location: "midspan",
                basis: "explicit_user_linear_combination",
                sign_convention: "positive value follows explicit user linear combination of matching source result sign conventions",
            },
        ),
    },
    ResultItem {
        id: "result:combination:combination-C-GAP:force:pipe-P-100:quarter-1:axial",
        kind: "element_local_axial_force",
        value: 100000.0,
        unit: "N",
        entity_ref: "pipe:P-100",
        basis_ref: Some(
            ResultBasisRef {
                ref_type: "combination",
                ref_id: "combination:C-GAP",
            },
        ),
        source_result_refs: [
            "result:force:pipe-P-100:quarter-1:axial",
        ],
        metadata: Some(
            ResultMetadata {
                component: "axial_force",
                coordinate_system: "element_local",
                location: "quarter_1",
                basis: "explicit_user_linear_combination",
                sign_convention: "positive value follows explicit user linear combination of matching source result sign conventions",
            },
        ),
    },
    ResultItem {
        id: "result:combination:combination-C-GAP:force:pipe-P-100:quarter-1:shear-y",
        kind: "element_local_shear_force_y",
        value: 0.0,
        unit: "N",
        entity_ref: "pipe:P-100",
        basis_ref: Some(
            ResultBasisRef {
                ref_type: "combination",
                ref_id: "combination:C-GAP",
            },
        ),
        source_result_refs: [
            "result:force:pipe-P-100:quarter-1:shear-y",
        ],
        metadata: Some(
            ResultMetadata {
                component: "shear_force_y",
                coordinate_system: "element_local",
                location: "quarter_1",
                basis: "explicit_user_linear_combination",
                sign_convention: "positive value follows explicit user linear combination of matching source result sign conventions",
            },
        ),
    },
    ResultItem {
        id: "result:combination:combination-C-GAP:force:pipe-P-100:quarter-1:shear-z",
        kind: "element_local_shear_force_z",
        value: 0.0,
        unit: "N",
        entity_ref: "pipe:P-100",
        basis_ref: Some(
            ResultBasisRef {
                ref_type: "combination",
                ref_id: "combination:C-GAP",
            },
        ),
        source_result_refs: [
            "result:force:pipe-P-100:quarter-1:shear-z",
        ],
        metadata: Some(
            ResultMetadata {
                component: "shear_force_z",
                coordinate_system: "element_local",
                location: "quarter_1",
                basis: "explicit_user_linear_combination",
                sign_convention: "positive value follows explicit user linear combination of matching source result sign conventions",
            },
        ),
    },
    ResultItem {
        id: "result:combination:combination-C-GAP:force:pipe-P-100:quarter-3:axial",
        kind: "element_local_axial_force",
        value: 100000.0,
        unit: "N",
        entity_ref: "pipe:P-100",
        basis_ref: Some(
            ResultBasisRef {
                ref_type: "combination",
                ref_id: "combination:C-GAP",
            },
        ),
        source_result_refs: [
            "result:force:pipe-P-100:quarter-3:axial",
        ],
        metadata: Some(
            ResultMetadata {
                component: "axial_force",
                coordinate_system: "element_local",
                location: "quarter_3",
                basis: "explicit_user_linear_combination",
                sign_convention: "positive value follows explicit user linear combination of matching source result sign conventions",
            },
        ),
    },
    ResultItem {
        id: "result:combination:combination-C-GAP:force:pipe-P-100:quarter-3:shear-y",
        kind: "element_local_shear_force_y",
        value: 0.0,
        unit: "N",
        entity_ref: "pipe:P-100",
        basis_ref: Some(
            ResultBasisRef {
                ref_type: "combination",
                ref_id: "combination:C-GAP",
            },
        ),
        source_result_refs: [
            "result:force:pipe-P-100:quarter-3:shear-y",
        ],
        metadata: Some(
            ResultMetadata {
                component: "shear_force_y",
                coordinate_system: "element_local",
                location: "quarter_3",
                basis: "explicit_user_linear_combination",
                sign_convention: "positive value follows explicit user linear combination of matching source result sign conventions",
            },
        ),
    },
    ResultItem {
        id: "result:combination:combination-C-GAP:force:pipe-P-100:quarter-3:shear-z",
        kind: "element_local_shear_force_z",
        value: 0.0,
        unit: "N",
        entity_ref: "pipe:P-100",
        basis_ref: Some(
            ResultBasisRef {
                ref_type: "combination",
                ref_id: "combination:C-GAP",
            },
        ),
        source_result_refs: [
            "result:force:pipe-P-100:quarter-3:shear-z",
        ],
        metadata: Some(
            ResultMetadata {
                component: "shear_force_z",
                coordinate_system: "element_local",
                location: "quarter_3",
                basis: "explicit_user_linear_combination",
                sign_convention: "positive value follows explicit user linear combination of matching source result sign conventions",
            },
        ),
    },
    ResultItem {
        id: "result:combination:combination-C-GAP:force:pipe-P-100:shear-y",
        kind: "element_local_shear_force_y",
        value: 0.0,
        unit: "N",
        entity_ref: "pipe:P-100",
        basis_ref: Some(
            ResultBasisRef {
                ref_type: "combination",
                ref_id: "combination:C-GAP",
            },
        ),
        source_result_refs: [
            "result:force:pipe-P-100:shear-y",
        ],
        metadata: Some(
            ResultMetadata {
                component: "shear_force_y",
                coordinate_system: "element_local",
                location: "end_i",
                basis: "explicit_user_linear_combination",
                sign_convention: "positive value follows explicit user linear combination of matching source result sign conventions",
            },
        ),
    },
    ResultItem {
        id: "result:combination:combination-C-GAP:force:pipe-P-100:shear-y:end-j",
        kind: "element_local_shear_force_y",
        value: 0.0,
        unit: "N",
        entity_ref: "pipe:P-100",
        basis_ref: Some(
            ResultBasisRef {
                ref_type: "combination",
                ref_id: "combination:C-GAP",
            },
        ),
        source_result_refs: [
            "result:force:pipe-P-100:shear-y:end-j",
        ],
        metadata: Some(
            ResultMetadata {
                component: "shear_force_y",
                coordinate_system: "element_local",
                location: "end_j",
                basis: "explicit_user_linear_combination",
                sign_convention: "positive value follows explicit user linear combination of matching source result sign conventions",
            },
        ),
    },
    ResultItem {
        id: "result:combination:combination-C-GAP:force:pipe-P-100:shear-z",
        kind: "element_local_shear_force_z",
        value: 0.0,
        unit: "N",
        entity_ref: "pipe:P-100",
        basis_ref: Some(
            ResultBasisRef {
                ref_type: "combination",
                ref_id: "combination:C-GAP",
            },
        ),
        source_result_refs: [
            "result:force:pipe-P-100:shear-z",
        ],
        metadata: Some(
            ResultMetadata {
                component: "shear_force_z",
                coordinate_system: "element_local",
                location: "end_i",
                basis: "explicit_user_linear_combination",
                sign_convention: "positive value follows explicit user linear combination of matching source result sign conventions",
            },
        ),
    },
    ResultItem {
        id: "result:combination:combination-C-GAP:force:pipe-P-100:shear-z:end-j",
        kind: "element_local_shear_force_z",
        value: 0.0,
        unit: "N",
        entity_ref: "pipe:P-100",
        basis_ref: Some(
            ResultBasisRef {
                ref_type: "combination",
                ref_id: "combination:C-GAP",
            },
        ),
        source_result_refs: [
            "result:force:pipe-P-100:shear-z:end-j",
        ],
        metadata: Some(
            ResultMetadata {
                component: "shear_force_z",
                coordinate_system: "element_local",
                location: "end_j",
                basis: "explicit_user_linear_combination",
                sign_convention: "positive value follows explicit user linear combination of matching source result sign conventions",
            },
        ),
    },
    ResultItem {
        id: "result:combination:combination-C-GAP:moment:pipe-P-100:bending-y",
        kind: "element_local_bending_moment_y",
        value: 0.0,
        unit: "N*m",
        entity_ref: "pipe:P-100",
        basis_ref: Some(
            ResultBasisRef {
                ref_type: "combination",
                ref_id: "combination:C-GAP",
            },
        ),
        source_result_refs: [
            "result:moment:pipe-P-100:bending-y",
        ],
        metadata: Some(
            ResultMetadata {
                component: "bending_moment_y",
                coordinate_system: "element_local",
                location: "end_i",
                basis: "explicit_user_linear_combination",
                sign_convention: "positive value follows explicit user linear combination of matching source result sign conventions",
            },
        ),
    },
    ResultItem {
        id: "result:combination:combination-C-GAP:moment:pipe-P-100:bending-y:end-j",
        kind: "element_local_bending_moment_y",
        value: 0.0,
        unit: "N*m",
        entity_ref: "pipe:P-100",
        basis_ref: Some(
            ResultBasisRef {
                ref_type: "combination",
                ref_id: "combination:C-GAP",
            },
        ),
        source_result_refs: [
            "result:moment:pipe-P-100:bending-y:end-j",
        ],
        metadata: Some(
            ResultMetadata {
                component: "bending_moment_y",
                coordinate_system: "element_local",
                location: "end_j",
                basis: "explicit_user_linear_combination",
                sign_convention: "positive value follows explicit user linear combination of matching source result sign conventions",
            },
        ),
    },
    ResultItem {
        id: "result:combination:combination-C-GAP:moment:pipe-P-100:bending-z",
        kind: "element_local_bending_moment_z",
        value: 0.0,
        unit: "N*m",
        entity_ref: "pipe:P-100",
        basis_ref: Some(
            ResultBasisRef {
                ref_type: "combination",
                ref_id: "combination:C-GAP",
            },
        ),
        source_result_refs: [
            "result:moment:pipe-P-100:bending-z",
        ],
        metadata: Some(
            ResultMetadata {
                component: "bending_moment_z",
                coordinate_system: "element_local",
                location: "end_i",
                basis: "explicit_user_linear_combination",
                sign_convention: "positive value follows explicit user linear combination of matching source result sign conventions",
            },
        ),
    },
    ResultItem {
        id: "result:combination:combination-C-GAP:moment:pipe-P-100:bending-z:end-j",
        kind: "element_local_bending_moment_z",
        value: 0.0,
        unit: "N*m",
        entity_ref: "pipe:P-100",
        basis_ref: Some(
            ResultBasisRef {
                ref_type: "combination",
                ref_id: "combination:C-GAP",
            },
        ),
        source_result_refs: [
            "result:moment:pipe-P-100:bending-z:end-j",
        ],
        metadata: Some(
            ResultMetadata {
                component: "bending_moment_z",
                coordinate_system: "element_local",
                location: "end_j",
                basis: "explicit_user_linear_combination",
                sign_convention: "positive value follows explicit user linear combination of matching source result sign conventions",
            },
        ),
    },
    ResultItem {
        id: "result:combination:combination-C-GAP:moment:pipe-P-100:midspan:bending-y",
        kind: "element_local_bending_moment_y",
        value: 0.0,
        unit: "N*m",
        entity_ref: "pipe:P-100",
        basis_ref: Some(
            ResultBasisRef {
                ref_type: "combination",
                ref_id: "combination:C-GAP",
            },
        ),
        source_result_refs: [
            "result:moment:pipe-P-100:midspan:bending-y",
        ],
        metadata: Some(
            ResultMetadata {
                component: "bending_moment_y",
                coordinate_system: "element_local",
                location: "midspan",
                basis: "explicit_user_linear_combination",
                sign_convention: "positive value follows explicit user linear combination of matching source result sign conventions",
            },
        ),
    },
    ResultItem {
        id: "result:combination:combination-C-GAP:moment:pipe-P-100:midspan:bending-z",
        kind: "element_local_bending_moment_z",
        value: 0.0,
        unit: "N*m",
        entity_ref: "pipe:P-100",
        basis_ref: Some(
            ResultBasisRef {
                ref_type: "combination",
                ref_id: "combination:C-GAP",
            },
        ),
        source_result_refs: [
            "result:moment:pipe-P-100:midspan:bending-z",
        ],
        metadata: Some(
            ResultMetadata {
                component: "bending_moment_z",
                coordinate_system: "element_local",
                location: "midspan",
                basis: "explicit_user_linear_combination",
                sign_convention: "positive value follows explicit user linear combination of matching source result sign conventions",
            },
        ),
    },
    ResultItem {
        id: "result:combination:combination-C-GAP:moment:pipe-P-100:midspan:torsion",
        kind: "element_local_torsional_moment",
        value: 0.0,
        unit: "N*m",
        entity_ref: "pipe:P-100",
        basis_ref: Some(
            ResultBasisRef {
                ref_type: "combination",
                ref_id: "combination:C-GAP",
            },
        ),
        source_result_refs: [
            "result:moment:pipe-P-100:midspan:torsion",
        ],
        metadata: Some(
            ResultMetadata {
                component: "torsional_moment",
                coordinate_system: "element_local",
                location: "midspan",
                basis: "explicit_user_linear_combination",
                sign_convention: "positive value follows explicit user linear combination of matching source result sign conventions",
            },
        ),
    },
    ResultItem {
        id: "result:combination:combination-C-GAP:moment:pipe-P-100:quarter-1:bending-y",
        kind: "element_local_bending_moment_y",
        value: 0.0,
        unit: "N*m",
        entity_ref: "pipe:P-100",
        basis_ref: Some(
            ResultBasisRef {
                ref_type: "combination",
                ref_id: "combination:C-GAP",
            },
        ),
        source_result_refs: [
            "result:moment:pipe-P-100:quarter-1:bending-y",
        ],
        metadata: Some(
            ResultMetadata {
                component: "bending_moment_y",
                coordinate_system: "element_local",
                location: "quarter_1",
                basis: "explicit_user_linear_combination",
                sign_convention: "positive value follows explicit user linear combination of matching source result sign conventions",
            },
        ),
    },
    ResultItem {
        id: "result:combination:combination-C-GAP:moment:pipe-P-100:quarter-1:bending-z",
        kind: "element_local_bending_moment_z",
        value: 0.0,
        unit: "N*m",
        entity_ref: "pipe:P-100",
        basis_ref: Some(
            ResultBasisRef {
                ref_type: "combination",
                ref_id: "combination:C-GAP",
            },
        ),
        source_result_refs: [
            "result:moment:pipe-P-100:quarter-1:bending-z",
        ],
        metadata: Some(
            ResultMetadata {
                component: "bending_moment_z",
                coordinate_system: "element_local",
                location: "quarter_1",
                basis: "explicit_user_linear_combination",
                sign_convention: "positive value follows explicit user linear combination of matching source result sign conventions",
            },
        ),
    },
    ResultItem {
        id: "result:combination:combination-C-GAP:moment:pipe-P-100:quarter-1:torsion",
        kind: "element_local_torsional_moment",
        value: 0.0,
        unit: "N*m",
        entity_ref: "pipe:P-100",
        basis_ref: Some(
            ResultBasisRef {
                ref_type: "combination",
                ref_id: "combination:C-GAP",
            },
        ),
        source_result_refs: [
            "result:moment:pipe-P-100:quarter-1:torsion",
        ],
        metadata: Some(
            ResultMetadata {
                component: "torsional_moment",
                coordinate_system: "element_local",
                location: "quarter_1",
                basis: "explicit_user_linear_combination",
                sign_convention: "positive value follows explicit user linear combination of matching source result sign conventions",
            },
        ),
    },
    ResultItem {
        id: "result:combination:combination-C-GAP:moment:pipe-P-100:quarter-3:bending-y",
        kind: "element_local_bending_moment_y",
        value: 0.0,
        unit: "N*m",
        entity_ref: "pipe:P-100",
        basis_ref: Some(
            ResultBasisRef {
                ref_type: "combination",
                ref_id: "combination:C-GAP",
            },
        ),
        source_result_refs: [
            "result:moment:pipe-P-100:quarter-3:bending-y",
        ],
        metadata: Some(
            ResultMetadata {
                component: "bending_moment_y",
                coordinate_system: "element_local",
                location: "quarter_3",
                basis: "explicit_user_linear_combination",
                sign_convention: "positive value follows explicit user linear combination of matching source result sign conventions",
            },
        ),
    },
    ResultItem {
        id: "result:combination:combination-C-GAP:moment:pipe-P-100:quarter-3:bending-z",
        kind: "element_local_bending_moment_z",
        value: 0.0,
        unit: "N*m",
        entity_ref: "pipe:P-100",
        basis_ref: Some(
            ResultBasisRef {
                ref_type: "combination",
                ref_id: "combination:C-GAP",
            },
        ),
        source_result_refs: [
            "result:moment:pipe-P-100:quarter-3:bending-z",
        ],
        metadata: Some(
            ResultMetadata {
                component: "bending_moment_z",
                coordinate_system: "element_local",
                location: "quarter_3",
                basis: "explicit_user_linear_combination",
                sign_convention: "positive value follows explicit user linear combination of matching source result sign conventions",
            },
        ),
    },
    ResultItem {
        id: "result:combination:combination-C-GAP:moment:pipe-P-100:quarter-3:torsion",
        kind: "element_local_torsional_moment",
        value: 0.0,
        unit: "N*m",
        entity_ref: "pipe:P-100",
        basis_ref: Some(
            ResultBasisRef {
                ref_type: "combination",
                ref_id: "combination:C-GAP",
            },
        ),
        source_result_refs: [
            "result:moment:pipe-P-100:quarter-3:torsion",
        ],
        metadata: Some(
            ResultMetadata {
                component: "torsional_moment",
                coordinate_system: "element_local",
                location: "quarter_3",
                basis: "explicit_user_linear_combination",
                sign_convention: "positive value follows explicit user linear combination of matching source result sign conventions",
            },
        ),
    },
    ResultItem {
        id: "result:combination:combination-C-GAP:moment:pipe-P-100:torsion",
        kind: "element_local_torsional_moment",
        value: 0.0,
        unit: "N*m",
        entity_ref: "pipe:P-100",
        basis_ref: Some(
            ResultBasisRef {
                ref_type: "combination",
                ref_id: "combination:C-GAP",
            },
        ),
        source_result_refs: [
            "result:moment:pipe-P-100:torsion",
        ],
        metadata: Some(
            ResultMetadata {
                component: "torsional_moment",
                coordinate_system: "element_local",
                location: "end_i",
                basis: "explicit_user_linear_combination",
                sign_convention: "positive value follows explicit user linear combination of matching source result sign conventions",
            },
        ),
    },
    ResultItem {
        id: "result:combination:combination-C-GAP:moment:pipe-P-100:torsion:end-j",
        kind: "element_local_torsional_moment",
        value: 0.0,
        unit: "N*m",
        entity_ref: "pipe:P-100",
        basis_ref: Some(
            ResultBasisRef {
                ref_type: "combination",
                ref_id: "combination:C-GAP",
            },
        ),
        source_result_refs: [
            "result:moment:pipe-P-100:torsion:end-j",
        ],
        metadata: Some(
            ResultMetadata {
                component: "torsional_moment",
                coordinate_system: "element_local",
                location: "end_j",
                basis: "explicit_user_linear_combination",
                sign_convention: "positive value follows explicit user linear combination of matching source result sign conventions",
            },
        ),
    },
    ResultItem {
        id: "result:combination:combination-C-GAP:nonlinear-support:support-NL-GAP-110:ux-displacement",
        kind: "nonlinear_support_final_displacement",
        value: 0.05,
        unit: "mm",
        entity_ref: "support:NL-GAP-110",
        basis_ref: Some(
            ResultBasisRef {
                ref_type: "combination",
                ref_id: "combination:C-GAP",
            },
        ),
        source_result_refs: [
            "result:nonlinear-support:support-NL-GAP-110:ux-displacement",
        ],
        metadata: Some(
            ResultMetadata {
                component: "nonlinear_support_final_displacement",
                coordinate_system: "solver_iteration",
                location: "ux",
                basis: "explicit_user_linear_combination",
                sign_convention: "positive value follows explicit user linear combination of matching source result sign conventions",
            },
        ),
    },
    ResultItem {
        id: "result:combination:combination-C-GAP:nonlinear-support:support-NL-GAP-110:ux-reaction",
        kind: "nonlinear_support_final_reaction",
        value: -100000.0,
        unit: "N",
        entity_ref: "support:NL-GAP-110",
        basis_ref: Some(
            ResultBasisRef {
                ref_type: "combination",
                ref_id: "combination:C-GAP",
            },
        ),
        source_result_refs: [
            "result:nonlinear-support:support-NL-GAP-110:ux-reaction",
        ],
        metadata: Some(
            ResultMetadata {
                component: "nonlinear_support_final_reaction",
                coordinate_system: "solver_iteration",
                location: "ux",
                basis: "explicit_user_linear_combination",
                sign_convention: "positive value follows explicit user linear combination of matching source result sign conventions",
            },
        ),
    },
    ResultItem {
        id: "result:combination:combination-C-GAP:reaction:support-NL-GAP-110",
        kind: "reaction_resultant",
        value: 100000.0,
        unit: "N",
        entity_ref: "support:NL-GAP-110",
        basis_ref: Some(
            ResultBasisRef {
                ref_type: "combination",
                ref_id: "combination:C-GAP",
            },
        ),
        source_result_refs: [
            "result:reaction:support-NL-GAP-110",
        ],
        metadata: None,
    },
    ResultItem {
        id: "result:combination:combination-C-GAP:reaction:support-S-100",
        kind: "reaction_resultant",
        value: 0.0,
        unit: "N",
        entity_ref: "support:S-100",
        basis_ref: Some(
            ResultBasisRef {
                ref_type: "combination",
                ref_id: "combination:C-GAP",
            },
        ),
        source_result_refs: [
            "result:reaction:support-S-100",
        ],
        metadata: None,
    },
    ResultItem {
        id: "result:combination:combination-C-GAP:stress:pipe-P-100:end-i:axial-normal",
        kind: "element_local_axial_normal_stress",
        value: 28.244000548694814,
        unit: "MPa",
        entity_ref: "pipe:P-100",
        basis_ref: Some(
            ResultBasisRef {
                ref_type: "combination",
                ref_id: "combination:C-GAP",
            },
        ),
        source_result_refs: [
            "result:stress:pipe-P-100:end-i:axial-normal",
        ],
        metadata: Some(
            ResultMetadata {
                component: "axial_normal_stress",
                coordinate_system: "element_local",
                location: "end_i",
                basis: "explicit_user_linear_combination",
                sign_convention: "positive value follows explicit user linear combination of matching source result sign conventions",
            },
        ),
    },
    ResultItem {
        id: "result:combination:combination-C-GAP:stress:pipe-P-100:end-i:bending-normal-y",
        kind: "element_local_bending_normal_stress_y",
        value: 0.0,
        unit: "MPa",
        entity_ref: "pipe:P-100",
        basis_ref: Some(
            ResultBasisRef {
                ref_type: "combination",
                ref_id: "combination:C-GAP",
            },
        ),
        source_result_refs: [
            "result:stress:pipe-P-100:end-i:bending-normal-y",
        ],
        metadata: Some(
            ResultMetadata {
                component: "bending_normal_stress_y",
                coordinate_system: "element_local",
                location: "end_i",
                basis: "explicit_user_linear_combination",
                sign_convention: "positive value follows explicit user linear combination of matching source result sign conventions",
            },
        ),
    },
    ResultItem {
        id: "result:combination:combination-C-GAP:stress:pipe-P-100:end-i:bending-normal-z",
        kind: "element_local_bending_normal_stress_z",
        value: 0.0,
        unit: "MPa",
        entity_ref: "pipe:P-100",
        basis_ref: Some(
            ResultBasisRef {
                ref_type: "combination",
                ref_id: "combination:C-GAP",
            },
        ),
        source_result_refs: [
            "result:stress:pipe-P-100:end-i:bending-normal-z",
        ],
        metadata: Some(
            ResultMetadata {
                component: "bending_normal_stress_z",
                coordinate_system: "element_local",
                location: "end_i",
                basis: "explicit_user_linear_combination",
                sign_convention: "positive value follows explicit user linear combination of matching source result sign conventions",
            },
        ),
    },
    ResultItem {
        id: "result:combination:combination-C-GAP:stress:pipe-P-100:end-i:torsional-shear",
        kind: "element_local_torsional_shear_stress",
        value: 0.0,
        unit: "MPa",
        entity_ref: "pipe:P-100",
        basis_ref: Some(
            ResultBasisRef {
                ref_type: "combination",
                ref_id: "combination:C-GAP",
            },
        ),
        source_result_refs: [
            "result:stress:pipe-P-100:end-i:torsional-shear",
        ],
        metadata: Some(
            ResultMetadata {
                component: "torsional_shear_stress",
                coordinate_system: "element_local",
                location: "end_i",
                basis: "explicit_user_linear_combination",
                sign_convention: "positive value follows explicit user linear combination of matching source result sign conventions",
            },
        ),
    },
    ResultItem {
        id: "result:combination:combination-C-GAP:stress:pipe-P-100:end-j:axial-normal",
        kind: "element_local_axial_normal_stress",
        value: 28.244000548694814,
        unit: "MPa",
        entity_ref: "pipe:P-100",
        basis_ref: Some(
            ResultBasisRef {
                ref_type: "combination",
                ref_id: "combination:C-GAP",
            },
        ),
        source_result_refs: [
            "result:stress:pipe-P-100:end-j:axial-normal",
        ],
        metadata: Some(
            ResultMetadata {
                component: "axial_normal_stress",
                coordinate_system: "element_local",
                location: "end_j",
                basis: "explicit_user_linear_combination",
                sign_convention: "positive value follows explicit user linear combination of matching source result sign conventions",
            },
        ),
    },
    ResultItem {
        id: "result:combination:combination-C-GAP:stress:pipe-P-100:end-j:bending-normal-y",
        kind: "element_local_bending_normal_stress_y",
        value: 0.0,
        unit: "MPa",
        entity_ref: "pipe:P-100",
        basis_ref: Some(
            ResultBasisRef {
                ref_type: "combination",
                ref_id: "combination:C-GAP",
            },
        ),
        source_result_refs: [
            "result:stress:pipe-P-100:end-j:bending-normal-y",
        ],
        metadata: Some(
            ResultMetadata {
                component: "bending_normal_stress_y",
                coordinate_system: "element_local",
                location: "end_j",
                basis: "explicit_user_linear_combination",
                sign_convention: "positive value follows explicit user linear combination of matching source result sign conventions",
            },
        ),
    },
    ResultItem {
        id: "result:combination:combination-C-GAP:stress:pipe-P-100:end-j:bending-normal-z",
        kind: "element_local_bending_normal_stress_z",
        value: 0.0,
        unit: "MPa",
        entity_ref: "pipe:P-100",
        basis_ref: Some(
            ResultBasisRef {
                ref_type: "combination",
                ref_id: "combination:C-GAP",
            },
        ),
        source_result_refs: [
            "result:stress:pipe-P-100:end-j:bending-normal-z",
        ],
        metadata: Some(
            ResultMetadata {
                component: "bending_normal_stress_z",
                coordinate_system: "element_local",
                location: "end_j",
                basis: "explicit_user_linear_combination",
                sign_convention: "positive value follows explicit user linear combination of matching source result sign conventions",
            },
        ),
    },
    ResultItem {
        id: "result:combination:combination-C-GAP:stress:pipe-P-100:end-j:torsional-shear",
        kind: "element_local_torsional_shear_stress",
        value: 0.0,
        unit: "MPa",
        entity_ref: "pipe:P-100",
        basis_ref: Some(
            ResultBasisRef {
                ref_type: "combination",
                ref_id: "combination:C-GAP",
            },
        ),
        source_result_refs: [
            "result:stress:pipe-P-100:end-j:torsional-shear",
        ],
        metadata: Some(
            ResultMetadata {
                component: "torsional_shear_stress",
                coordinate_system: "element_local",
                location: "end_j",
                basis: "explicit_user_linear_combination",
                sign_convention: "positive value follows explicit user linear combination of matching source result sign conventions",
            },
        ),
    },
    ResultItem {
        id: "result:combination:combination-C-GAP:stress:pipe-P-100:midspan:axial-normal",
        kind: "element_local_axial_normal_stress",
        value: 28.244000548694814,
        unit: "MPa",
        entity_ref: "pipe:P-100",
        basis_ref: Some(
            ResultBasisRef {
                ref_type: "combination",
                ref_id: "combination:C-GAP",
            },
        ),
        source_result_refs: [
            "result:stress:pipe-P-100:midspan:axial-normal",
        ],
        metadata: Some(
            ResultMetadata {
                component: "axial_normal_stress",
                coordinate_system: "element_local",
                location: "midspan",
                basis: "explicit_user_linear_combination",
                sign_convention: "positive value follows explicit user linear combination of matching source result sign conventions",
            },
        ),
    },
    ResultItem {
        id: "result:combination:combination-C-GAP:stress:pipe-P-100:midspan:bending-normal-y",
        kind: "element_local_bending_normal_stress_y",
        value: 0.0,
        unit: "MPa",
        entity_ref: "pipe:P-100",
        basis_ref: Some(
            ResultBasisRef {
                ref_type: "combination",
                ref_id: "combination:C-GAP",
            },
        ),
        source_result_refs: [
            "result:stress:pipe-P-100:midspan:bending-normal-y",
        ],
        metadata: Some(
            ResultMetadata {
                component: "bending_normal_stress_y",
                coordinate_system: "element_local",
                location: "midspan",
                basis: "explicit_user_linear_combination",
                sign_convention: "positive value follows explicit user linear combination of matching source result sign conventions",
            },
        ),
    },
    ResultItem {
        id: "result:combination:combination-C-GAP:stress:pipe-P-100:midspan:bending-normal-z",
        kind: "element_local_bending_normal_stress_z",
        value: 0.0,
        unit: "MPa",
        entity_ref: "pipe:P-100",
        basis_ref: Some(
            ResultBasisRef {
                ref_type: "combination",
                ref_id: "combination:C-GAP",
            },
        ),
        source_result_refs: [
            "result:stress:pipe-P-100:midspan:bending-normal-z",
        ],
        metadata: Some(
            ResultMetadata {
                component: "bending_normal_stress_z",
                coordinate_system: "element_local",
                location: "midspan",
                basis: "explicit_user_linear_combination",
                sign_convention: "positive value follows explicit user linear combination of matching source result sign conventions",
            },
        ),
    },
    ResultItem {
        id: "result:combination:combination-C-GAP:stress:pipe-P-100:midspan:torsional-shear",
        kind: "element_local_torsional_shear_stress",
        value: 0.0,
        unit: "MPa",
        entity_ref: "pipe:P-100",
        basis_ref: Some(
            ResultBasisRef {
                ref_type: "combination",
                ref_id: "combination:C-GAP",
            },
        ),
        source_result_refs: [
            "result:stress:pipe-P-100:midspan:torsional-shear",
        ],
        metadata: Some(
            ResultMetadata {
                component: "torsional_shear_stress",
                coordinate_system: "element_local",
                location: "midspan",
                basis: "explicit_user_linear_combination",
                sign_convention: "positive value follows explicit user linear combination of matching source result sign conventions",
            },
        ),
    },
    ResultItem {
        id: "result:combination:combination-C-GAP:stress:pipe-P-100:quarter-1:axial-normal",
        kind: "element_local_axial_normal_stress",
        value: 28.244000548694814,
        unit: "MPa",
        entity_ref: "pipe:P-100",
        basis_ref: Some(
            ResultBasisRef {
                ref_type: "combination",
                ref_id: "combination:C-GAP",
            },
        ),
        source_result_refs: [
            "result:stress:pipe-P-100:quarter-1:axial-normal",
        ],
        metadata: Some(
            ResultMetadata {
                component: "axial_normal_stress",
                coordinate_system: "element_local",
                location: "quarter_1",
                basis: "explicit_user_linear_combination",
                sign_convention: "positive value follows explicit user linear combination of matching source result sign conventions",
            },
        ),
    },
    ResultItem {
        id: "result:combination:combination-C-GAP:stress:pipe-P-100:quarter-1:bending-normal-y",
        kind: "element_local_bending_normal_stress_y",
        value: 0.0,
        unit: "MPa",
        entity_ref: "pipe:P-100",
        basis_ref: Some(
            ResultBasisRef {
                ref_type: "combination",
                ref_id: "combination:C-GAP",
            },
        ),
        source_result_refs: [
            "result:stress:pipe-P-100:quarter-1:bending-normal-y",
        ],
        metadata: Some(
            ResultMetadata {
                component: "bending_normal_stress_y",
                coordinate_system: "element_local",
                location: "quarter_1",
                basis: "explicit_user_linear_combination",
                sign_convention: "positive value follows explicit user linear combination of matching source result sign conventions",
            },
        ),
    },
    ResultItem {
        id: "result:combination:combination-C-GAP:stress:pipe-P-100:quarter-1:bending-normal-z",
        kind: "element_local_bending_normal_stress_z",
        value: 0.0,
        unit: "MPa",
        entity_ref: "pipe:P-100",
        basis_ref: Some(
            ResultBasisRef {
                ref_type: "combination",
                ref_id: "combination:C-GAP",
            },
        ),
        source_result_refs: [
            "result:stress:pipe-P-100:quarter-1:bending-normal-z",
        ],
        metadata: Some(
            ResultMetadata {
                component: "bending_normal_stress_z",
                coordinate_system: "element_local",
                location: "quarter_1",
                basis: "explicit_user_linear_combination",
                sign_convention: "positive value follows explicit user linear combination of matching source result sign conventions",
            },
        ),
    },
    ResultItem {
        id: "result:combination:combination-C-GAP:stress:pipe-P-100:quarter-1:torsional-shear",
        kind: "element_local_torsional_shear_stress",
        value: 0.0,
        unit: "MPa",
        entity_ref: "pipe:P-100",
        basis_ref: Some(
            ResultBasisRef {
                ref_type: "combination",
                ref_id: "combination:C-GAP",
            },
        ),
        source_result_refs: [
            "result:stress:pipe-P-100:quarter-1:torsional-shear",
        ],
        metadata: Some(
            ResultMetadata {
                component: "torsional_shear_stress",
                coordinate_system: "element_local",
                location: "quarter_1",
                basis: "explicit_user_linear_combination",
                sign_convention: "positive value follows explicit user linear combination of matching source result sign conventions",
            },
        ),
    },
    ResultItem {
        id: "result:combination:combination-C-GAP:stress:pipe-P-100:quarter-3:axial-normal",
        kind: "element_local_axial_normal_stress",
        value: 28.244000548694814,
        unit: "MPa",
        entity_ref: "pipe:P-100",
        basis_ref: Some(
            ResultBasisRef {
                ref_type: "combination",
                ref_id: "combination:C-GAP",
            },
        ),
        source_result_refs: [
            "result:stress:pipe-P-100:quarter-3:axial-normal",
        ],
        metadata: Some(
            ResultMetadata {
                component: "axial_normal_stress",
                coordinate_system: "element_local",
                location: "quarter_3",
                basis: "explicit_user_linear_combination",
                sign_convention: "positive value follows explicit user linear combination of matching source result sign conventions",
            },
        ),
    },
    ResultItem {
        id: "result:combination:combination-C-GAP:stress:pipe-P-100:quarter-3:bending-normal-y",
        kind: "element_local_bending_normal_stress_y",
        value: 0.0,
        unit: "MPa",
        entity_ref: "pipe:P-100",
        basis_ref: Some(
            ResultBasisRef {
                ref_type: "combination",
                ref_id: "combination:C-GAP",
            },
        ),
        source_result_refs: [
            "result:stress:pipe-P-100:quarter-3:bending-normal-y",
        ],
        metadata: Some(
            ResultMetadata {
                component: "bending_normal_stress_y",
                coordinate_system: "element_local",
                location: "quarter_3",
                basis: "explicit_user_linear_combination",
                sign_convention: "positive value follows explicit user linear combination of matching source result sign conventions",
            },
        ),
    },
    ResultItem {
        id: "result:combination:combination-C-GAP:stress:pipe-P-100:quarter-3:bending-normal-z",
        kind: "element_local_bending_normal_stress_z",
        value: 0.0,
        unit: "MPa",
        entity_ref: "pipe:P-100",
        basis_ref: Some(
            ResultBasisRef {
                ref_type: "combination",
                ref_id: "combination:C-GAP",
            },
        ),
        source_result_refs: [
            "result:stress:pipe-P-100:quarter-3:bending-normal-z",
        ],
        metadata: Some(
            ResultMetadata {
                component: "bending_normal_stress_z",
                coordinate_system: "element_local",
                location: "quarter_3",
                basis: "explicit_user_linear_combination",
                sign_convention: "positive value follows explicit user linear combination of matching source result sign conventions",
            },
        ),
    },
    ResultItem {
        id: "result:combination:combination-C-GAP:stress:pipe-P-100:quarter-3:torsional-shear",
        kind: "element_local_torsional_shear_stress",
        value: 0.0,
        unit: "MPa",
        entity_ref: "pipe:P-100",
        basis_ref: Some(
            ResultBasisRef {
                ref_type: "combination",
                ref_id: "combination:C-GAP",
            },
        ),
        source_result_refs: [
            "result:stress:pipe-P-100:quarter-3:torsional-shear",
        ],
        metadata: Some(
            ResultMetadata {
                component: "torsional_shear_stress",
                coordinate_system: "element_local",
                location: "quarter_3",
                basis: "explicit_user_linear_combination",
                sign_convention: "positive value follows explicit user linear combination of matching source result sign conventions",
            },
        ),
    },
]
DIAGPROBE INPUT label=contact_reversed seed=active mode=dense_scrutiny {"model":{"schema_version":"0.1.0","document_kind":"openpipestress.product_preview.model","project":{"id":"project:invented-loop-01","units":{"angle":"rad","force":"N","length":"m","pressure":"Pa","stress":"MPa","temperature":"degC"}},"analysis_status":{"mechanics":"ready_for_preview_diagnostics","rule_check":"not_performed_user_rule_inputs_missing","professional_acceptance":"not_provided"},"nodes":[{"id":"node:N-100","position":{"x":0.0,"y":0.0,"z":0.0},"provenance":"invented_example"},{"id":"node:N-110","position":{"x":1.0,"y":0.0,"z":0.0},"provenance":"invented_example"}],"pipe_segments":[{"id":"pipe:P-100","from":"node:N-100","to":"node:N-110","section":{"outside_diameter":{"value":0.168,"unit":"m"},"wall_thickness":{"value":0.007,"unit":"m"},"mill_tolerance":null,"material_density":null,"contents_density":null,"insulation_thickness":null,"insulation_density":null},"section_ref":null,"material":"material:invented-carbon-steel","y_reference":{"x":0.0,"y":1.0,"z":0.0},"provenance":"invented_example_no_standard_catalog"}],"sections":[],"supports":[{"id":"support:S-100","node":"node:N-100","restraints":["UY","UZ","RX","RY","RZ"],"family":"anchor","stiffness":null,"hanger":null,"nonlinear":null,"provenance":"invented_example"},{"id":"support:NL-GAP-110","node":"node:N-100","restraints":[],"family":"nonlinear","stiffness":null,"hanger":null,"nonlinear":{"behavior":"gap","dof":"UX","initial_state":"active","active_when":null,"contact_when":null,"closes_when":"positive_displacement","gap":{"value":0.05,"unit":"mm"},"friction_coefficient":null,"normal_reaction":null,"normal_reaction_source":null},"provenance":"invented_example_user_entered_nonlinear_support_no_catalog"}],"components":[],"materials":[{"id":"material:invented-carbon-steel","elastic_modulus":{"value":200000000000.0,"unit":"Pa"},"shear_modulus":{"value":77000000000.0,"unit":"Pa"},"thermal_expansion_coefficient":{"value":0.000012,"unit":"1/degC"},"temperature_points":[],"provenance":"invented_example_no_material_standard"}],"load_cases":[{"id":"load:L-GAP","primitive_loads":[{"id":"load:L-GAP-X","category":"occasional","target":{"type":"node","node":"node:N-110"},"direction":"global_x","magnitude":{"value":-100000.0,"unit":"N"},"dimension":"force","provenance":"invented_example_user_input"}],"equivalent_static":null,"modulus_basis_ref":null,"modulus_basis_temperature":null,"provenance":"invented_example_no_code_combination"}],"combinations":[{"id":"combination:C-GAP","label":null,"basis":"mechanics","terms":[{"load_case":"load:L-GAP","factor":1.0}],"minuend_id":null,"subtrahend_id":null,"operand_ids":null,"mode":null,"provenance":"invented_example_no_code_combination"}]},"materials":[{"id":"material:invented-carbon-steel","elastic_modulus":{"value":200000000000.0,"unit":"Pa"},"shear_modulus":{"value":77000000000.0,"unit":"Pa"},"thermal_expansion_coefficient":{"value":0.000012,"unit":"1/degC"},"temperature_points":[],"provenance":"invented_example_no_material_standard"}]}
DIAGPROBE OUTPUT label=contact_reversed seed=active mode=dense_scrutiny status=StatusEnvelope {
    mechanics: "MODEL_INCOMPLETE",
    rule_check: "RULE_INPUTS_INCOMPLETE",
    professional_acceptance: "NOT_PROVIDED",
} quality=NumericalQuality {
    value_representation: "finite_binary64",
    publication_quantization: "none",
    integrity_policy: "M03-INTEGRITY-v1",
    status: Failed,
    cases: [
        NumericalCaseQuality {
            basis_ref: ResultBasisRef {
                ref_type: "load_case",
                ref_id: "load:L-GAP",
            },
            structural_status: PhysicalMechanismWitnessed,
            solve_quality: Failed,
            model_matrix_fidelity: NotAssessed,
            accuracy_evidence: NotClaimed,
            evidence_refs: [
                "diagnostic:numerical-integrity:load:L-GAP",
            ],
        },
    ],
} diagnostics=[
    Diagnostic {
        id: "diagnostic:numerical-integrity:load:L-GAP",
        code: "NUMERICAL_INTEGRITY_PHYSICAL_MECHANISM",
        severity: "blocking",
        message: "Load case load:L-GAP: structural integrity: Mechanism { direction: [1.0, -0.0, -0.0, -0.0, -0.0, -0.0, 1.0, -0.0, -0.0, -0.0, -0.0, -0.0] }; global_dof_map=[\"node:N-100:UX\", \"node:N-100:UY\", \"node:N-100:UZ\", \"node:N-100:RX\", \"node:N-100:RY\", \"node:N-100:RZ\", \"node:N-110:UX\", \"node:N-110:UY\", \"node:N-110:UZ\", \"node:N-110:RX\", \"node:N-110:RY\", \"node:N-110:RZ\"]; no structural rejection is bypassed by generic LU or output quantization",
        source: Some(
            "core/product_physics",
        ),
        affected_refs: [
            "load:L-GAP",
        ],
    },
    Diagnostic {
        id: "diagnostic:nonlinear:load-L-GAP:blocked",
        code: "NONLINEAR_SUPPORT_LOOP_BLOCKED",
        severity: "blocking",
        message: "nonlinear support dense preview loop could not run: structural integrity: Mechanism { direction: [1.0, -0.0, -0.0, -0.0, -0.0, -0.0, 1.0, -0.0, -0.0, -0.0, -0.0, -0.0] }",
        source: Some(
            "core/product_physics",
        ),
        affected_refs: [
            "load:L-GAP",
        ],
    },
    Diagnostic {
        id: "diagnostic:physics:selected-state-unavailable",
        code: "SOLVER_SYSTEM_BLOCKED",
        severity: "blocking",
        message: "nonlinear selected mechanics state is unavailable or did not converge",
        source: Some(
            "core/product_physics",
        ),
        affected_refs: [
            "load:L-GAP",
        ],
    },
] rows=[]
DIAGPROBE INPUT label=contact_forward_control seed=inactive mode=dense_scrutiny {"model":{"schema_version":"0.1.0","document_kind":"openpipestress.product_preview.model","project":{"id":"project:invented-loop-01","units":{"angle":"rad","force":"N","length":"m","pressure":"Pa","stress":"MPa","temperature":"degC"}},"analysis_status":{"mechanics":"ready_for_preview_diagnostics","rule_check":"not_performed_user_rule_inputs_missing","professional_acceptance":"not_provided"},"nodes":[{"id":"node:N-100","position":{"x":0.0,"y":0.0,"z":0.0},"provenance":"invented_example"},{"id":"node:N-110","position":{"x":1.0,"y":0.0,"z":0.0},"provenance":"invented_example"}],"pipe_segments":[{"id":"pipe:P-100","from":"node:N-100","to":"node:N-110","section":{"outside_diameter":{"value":0.168,"unit":"m"},"wall_thickness":{"value":0.007,"unit":"m"},"mill_tolerance":null,"material_density":null,"contents_density":null,"insulation_thickness":null,"insulation_density":null},"section_ref":null,"material":"material:invented-carbon-steel","y_reference":{"x":0.0,"y":1.0,"z":0.0},"provenance":"invented_example_no_standard_catalog"}],"sections":[],"supports":[{"id":"support:S-100","node":"node:N-100","restraints":["UY","UZ","RX","RY","RZ"],"family":"anchor","stiffness":null,"hanger":null,"nonlinear":null,"provenance":"invented_example"},{"id":"support:NL-GAP-110","node":"node:N-100","restraints":[],"family":"nonlinear","stiffness":null,"hanger":null,"nonlinear":{"behavior":"gap","dof":"UX","initial_state":"inactive","active_when":null,"contact_when":null,"closes_when":"positive_displacement","gap":{"value":0.05,"unit":"mm"},"friction_coefficient":null,"normal_reaction":null,"normal_reaction_source":null},"provenance":"invented_example_user_entered_nonlinear_support_no_catalog"}],"components":[],"materials":[{"id":"material:invented-carbon-steel","elastic_modulus":{"value":200000000000.0,"unit":"Pa"},"shear_modulus":{"value":77000000000.0,"unit":"Pa"},"thermal_expansion_coefficient":{"value":0.000012,"unit":"1/degC"},"temperature_points":[],"provenance":"invented_example_no_material_standard"}],"load_cases":[{"id":"load:L-GAP","primitive_loads":[{"id":"load:L-GAP-X","category":"occasional","target":{"type":"node","node":"node:N-110"},"direction":"global_x","magnitude":{"value":100000.0,"unit":"N"},"dimension":"force","provenance":"invented_example_user_input"}],"equivalent_static":null,"modulus_basis_ref":null,"modulus_basis_temperature":null,"provenance":"invented_example_no_code_combination"}],"combinations":[{"id":"combination:C-GAP","label":null,"basis":"mechanics","terms":[{"load_case":"load:L-GAP","factor":1.0}],"minuend_id":null,"subtrahend_id":null,"operand_ids":null,"mode":null,"provenance":"invented_example_no_code_combination"}]},"materials":[{"id":"material:invented-carbon-steel","elastic_modulus":{"value":200000000000.0,"unit":"Pa"},"shear_modulus":{"value":77000000000.0,"unit":"Pa"},"thermal_expansion_coefficient":{"value":0.000012,"unit":"1/degC"},"temperature_points":[],"provenance":"invented_example_no_material_standard"}]}
DIAGPROBE OUTPUT label=contact_forward_control seed=inactive mode=dense_scrutiny status=StatusEnvelope {
    mechanics: "MECHANICS_SOLVED",
    rule_check: "RULE_INPUTS_INCOMPLETE",
    professional_acceptance: "NOT_PROVIDED",
} quality=NumericalQuality {
    value_representation: "finite_binary64",
    publication_quantization: "none",
    integrity_policy: "M03-INTEGRITY-v1",
    status: Unresolved,
    cases: [
        NumericalCaseQuality {
            basis_ref: ResultBasisRef {
                ref_type: "load_case",
                ref_id: "load:L-GAP",
            },
            structural_status: NumericallyUnresolved,
            solve_quality: Unresolved,
            model_matrix_fidelity: NotAssessed,
            accuracy_evidence: Unresolved,
            evidence_refs: [
                "diagnostic:numerical-integrity:load:L-GAP",
            ],
        },
    ],
} diagnostics=[
    Diagnostic {
        id: "diagnostic:nonlinear:load-L-GAP:1:SOLVER_SINGULAR_SYSTEM",
        code: "SOLVER_SINGULAR_SYSTEM",
        severity: "warning",
        message: "The first-iteration structurally rejected inactive contact seed recovered by one all-active trial in dense_scrutiny mode; original_singular_pivot=structural integrity: Mechanism { direction: [1.0, -0.0, -0.0, -0.0, -0.0, -0.0, 1.0, -0.0, -0.0, -0.0, -0.0, -0.0] }; original_states=[support:NL-GAP-110=inactive]; original_ground_dofs=[1, 2, 3, 4, 5]; recovery_states=[support:NL-GAP-110=active]; recovery_ground_dofs=[0, 1, 2, 3, 4, 5]; authored signed boundaries, forces and stiffness preserved; successful trial counts as iteration 1; later singularity remains failure and no second recovery is permitted.",
        source: Some(
            "core/product_physics",
        ),
        affected_refs: [
            "load:L-GAP",
        ],
    },
    Diagnostic {
        id: "diagnostic:nonlinear:load-L-GAP:support-NL-GAP-110:state",
        code: "NONLINEAR_SUPPORT_STATE_REVIEW",
        severity: "info",
        message: "nonlinear support support:NL-GAP-110 ended in active state for load case load:L-GAP; dense_scrutiny preview loop evidence only",
        source: Some(
            "core/product_physics",
        ),
        affected_refs: [
            "support:NL-GAP-110",
            "load:L-GAP",
        ],
    },
    Diagnostic {
        id: "diagnostic:nonlinear:load-L-GAP:loop",
        code: "NONLINEAR_SUPPORT_LOOP_CONVERGED",
        severity: "info",
        message: "dense_scrutiny nonlinear support active-set preview completed 1 iteration(s); final residual count 0; accepted active-set-count policy_ref=DEC-046-CV-B-product-preview-active-set-count-v1; prospective evaluated force/moment equilibrium policy_ref=M03-PRODUCT-PREVIEW-EQUILIBRIUM-v1; derived per-row residual-work policy_ref=M03-PRODUCT-PREVIEW-EQUILIBRIUM-v1; historical general-energy alias is residual work, not total energy balance; historical policy_ref=DEC-046-CV-B-product-preview-general-energy-residual-v1; accepted displacement/reaction-delta policy_ref=DEC-046-CV-B-product-preview-displacement-reaction-delta-threshold-v1 for emitted product-preview delta rows; timing/RSS/hardware sparse evidence remains observational, not thresholded",
        source: Some(
            "core/product_physics",
        ),
        affected_refs: [
            "load:L-GAP",
            "DEC-046",
        ],
    },
    Diagnostic {
        id: "diagnostic:numerical-integrity:load:L-GAP",
        code: "NUMERICAL_INTEGRITY_RECOVERY_BASIS_UNQUALIFIED",
        severity: "warning",
        message: "Load case load:L-GAP selected represented-exact-ratio global displacement and support reactions, while member fields are recovered from projected binary64 displacement. The ordinary structural report is a preprojection precondition, and selected-public-displacement equilibrium does not prove exact-ratio equilibrium or complete field recovery. Mixed recovery remains numerically unresolved and unavailable for Current reliance; computed loop and quantity rows remain inspection evidence only. Ordinary structural precondition: StructuralReport { policy: \"M03-INTEGRITY-v1\", quality: Passed, factorization: \"positive dense Cholesky\", scale_exponents: [-14, -12, -12, -10, -11, -11], pivots: [PivotEvidence { ordered_index: 0, global_dof: 6, pivot: 2.6379338805345434, cancellation_scale: 2.6379338805345434, operation_count: 2, screen: 3.748729512458544e-14 }, PivotEvidence { ordered_index: 1, global_dof: 7, pivot: 1.6441714290595697, cancellation_scale: 1.6441714290595697, operation_count: 4, screen: 4.6730162610503225e-14 }, PivotEvidence { ordered_index: 2, global_dof: 8, pivot: 1.6441714290595697, cancellation_scale: 1.6441714290595697, operation_count: 6, screen: 7.009524391575487e-14 }, PivotEvidence { ordered_index: 3, global_dof: 9, pivot: 1.6880160005011582, cancellation_scale: 1.6880160005011582, operation_count: 8, screen: 9.595260056023334e-14 }, PivotEvidence { ordered_index: 4, global_dof: 10, pivot: 0.548057143019856, cancellation_scale: 3.8364000011389963, operation_count: 10, screen: 2.725926152279357e-13 }, PivotEvidence { ordered_index: 5, global_dof: 11, pivot: 0.548057143019856, cancellation_scale: 3.8364000011389963, operation_count: 12, screen: 3.271111382735229e-13 }], condition_estimator: \"Hager-Higham inverse-1-norm iteration with alternating-vector safeguard\", reciprocal_condition_estimate: 0.06122448979591829, residual_rows: [ResidualRow { global_dof: 6, residual: 0.0, denominator: 270811.498411914, row_scale_exponent: 17, normalized_residual: 0.0, normalized_denominator: 2.0661277649834746, normalized_evaluation_allowance: 1.3763175699011826e-15, normalization_basis: \"radix mantissas; one multiply/add per term; physical records descriptive\", operation_count: 6, evaluation_allowance: 1.803966965220878e-10, guarded_ratio: 6.66133814775096e-16, target: 4.263256414560604e-14, passed: true }, ResidualRow { global_dof: 7, residual: 0.0, denominator: 0.0, row_scale_exponent: 0, normalized_residual: 0.0, normalized_denominator: 0.0, normalized_evaluation_allowance: 0.0, normalization_basis: \"radix mantissas; one multiply/add per term; physical records descriptive\", operation_count: 10, evaluation_allowance: 0.0, guarded_ratio: 0.0, target: 7.10542735760101e-14, passed: true }, ResidualRow { global_dof: 8, residual: 0.0, denominator: 0.0, row_scale_exponent: 0, normalized_residual: 0.0, normalized_denominator: 0.0, normalized_evaluation_allowance: 0.0, normalization_basis: \"radix mantissas; one multiply/add per term; physical records descriptive\", operation_count: 10, evaluation_allowance: 0.0, guarded_ratio: 0.0, target: 7.10542735760101e-14, passed: true }, ResidualRow { global_dof: 9, residual: 0.0, denominator: 0.0, row_scale_exponent: 0, normalized_residual: 0.0, normalized_denominator: 0.0, normalized_evaluation_allowance: 0.0, normalization_basis: \"radix mantissas; one multiply/add per term; physical records descriptive\", operation_count: 6, evaluation_allowance: 0.0, guarded_ratio: 0.0, target: 4.263256414560604e-14, passed: true }, ResidualRow { global_dof: 10, residual: 0.0, denominator: 0.0, row_scale_exponent: 0, normalized_residual: 0.0, normalized_denominator: 0.0, normalized_evaluation_allowance: 0.0, normalization_basis: \"radix mantissas; one multiply/add per term; physical records descriptive\", operation_count: 10, evaluation_allowance: 0.0, guarded_ratio: 0.0, target: 7.10542735760101e-14, passed: true }, ResidualRow { global_dof: 11, residual: 0.0, denominator: 0.0, row_scale_exponent: 0, normalized_residual: 0.0, normalized_denominator: 0.0, normalized_evaluation_allowance: 0.0, normalization_basis: \"radix mantissas; one multiply/add per term; physical records descriptive\", operation_count: 10, evaluation_allowance: 0.0, guarded_ratio: 0.0, target: 7.10542735760101e-14, passed: true }], refinement_attempts: 0, contribution_audit_performed: true, contribution_rounding: [], assembly_relative_perturbation_estimate: 0.0, assembly_amplification_estimate: 0.0, assembly_load_perturbation_estimate: 0.0, intended_residual_rows: [ResidualRow { global_dof: 6, residual: 1.9307814758747942e-11, denominator: 270811.498411914, row_scale_exponent: 17, normalized_residual: 1.4730693633077958e-16, normalized_denominator: 2.0661277649834746, normalized_evaluation_allowance: 1.3304403175711585e-14, normalization_basis: \"exact contribution expansions and full intended free action including prescribed DOFs\", operation_count: 58, evaluation_allowance: 1.7438347330468689e-9, guarded_ratio: 6.5105896837652986e-15, target: 4.121147867408608e-13, passed: true }, ResidualRow { global_dof: 7, residual: -0.0, denominator: 0.0, row_scale_exponent: 0, normalized_residual: -0.0, normalized_denominator: 0.0, normalized_evaluation_allowance: 0.0, normalization_basis: \"exact contribution expansions and full intended free action including prescribed DOFs\", operation_count: 10, evaluation_allowance: 0.0, guarded_ratio: 0.0, target: 7.10542735760101e-14, passed: true }, ResidualRow { global_dof: 8, residual: -0.0, denominator: 0.0, row_scale_exponent: 0, normalized_residual: -0.0, normalized_denominator: 0.0, normalized_evaluation_allowance: 0.0, normalization_basis: \"exact contribution expansions and full intended free action including prescribed DOFs\", operation_count: 10, evaluation_allowance: 0.0, guarded_ratio: 0.0, target: 7.10542735760101e-14, passed: true }, ResidualRow { global_dof: 9, residual: -0.0, denominator: 0.0, row_scale_exponent: 0, normalized_residual: -0.0, normalized_denominator: 0.0, normalized_evaluation_allowance: 0.0, normalization_basis: \"exact contribution expansions and full intended free action including prescribed DOFs\", operation_count: 6, evaluation_allowance: 0.0, guarded_ratio: 0.0, target: 4.263256414560604e-14, passed: true }, ResidualRow { global_dof: 10, residual: -0.0, denominator: 0.0, row_scale_exponent: 0, normalized_residual: -0.0, normalized_denominator: 0.0, normalized_evaluation_allowance: 0.0, normalization_basis: \"exact contribution expansions and full intended free action including prescribed DOFs\", operation_count: 10, evaluation_allowance: 0.0, guarded_ratio: 0.0, target: 7.10542735760101e-14, passed: true }, ResidualRow { global_dof: 11, residual: -0.0, denominator: 0.0, row_scale_exponent: 0, normalized_residual: -0.0, normalized_denominator: 0.0, normalized_evaluation_allowance: 0.0, normalization_basis: \"exact contribution expansions and full intended free action including prescribed DOFs\", operation_count: 10, evaluation_allowance: 0.0, guarded_ratio: 0.0, target: 7.10542735760101e-14, passed: true }], symmetry_projection_performed: false, maximum_scaled_skew: 0.0, symmetry_basis: Some(\"represented local matrices; two-stage 12-term frame transforms plus directed scatter; curved H*K and (H*K)*H^T six-term stages when traced; inverse accuracy not claimed; objective welded unreleased straight-frame family\") }; selected-public-displacement equilibrium: ProductEquilibriumReport { policy: \"M03-PRODUCT-PREVIEW-EQUILIBRIUM-v1\", rows: [ResidualRow { global_dof: 6, residual: 0.0, denominator: 270811.498411914, row_scale_exponent: 17, normalized_residual: 0.0, normalized_denominator: 2.0661277649834746, normalized_evaluation_allowance: 1.3763175699011826e-15, normalization_basis: \"radix mantissas; one multiply/add per term; physical records descriptive\", operation_count: 6, evaluation_allowance: 1.803966965220878e-10, guarded_ratio: 6.66133814775096e-16, target: 4.263256414560604e-14, passed: true }, ResidualRow { global_dof: 7, residual: 0.0, denominator: 0.0, row_scale_exponent: 0, normalized_residual: 0.0, normalized_denominator: 0.0, normalized_evaluation_allowance: 0.0, normalization_basis: \"radix mantissas; one multiply/add per term; physical records descriptive\", operation_count: 10, evaluation_allowance: 0.0, guarded_ratio: 0.0, target: 7.10542735760101e-14, passed: true }, ResidualRow { global_dof: 8, residual: 0.0, denominator: 0.0, row_scale_exponent: 0, normalized_residual: 0.0, normalized_denominator: 0.0, normalized_evaluation_allowance: 0.0, normalization_basis: \"radix mantissas; one multiply/add per term; physical records descriptive\", operation_count: 10, evaluation_allowance: 0.0, guarded_ratio: 0.0, target: 7.10542735760101e-14, passed: true }, ResidualRow { global_dof: 9, residual: 0.0, denominator: 0.0, row_scale_exponent: 0, normalized_residual: 0.0, normalized_denominator: 0.0, normalized_evaluation_allowance: 0.0, normalization_basis: \"radix mantissas; one multiply/add per term; physical records descriptive\", operation_count: 6, evaluation_allowance: 0.0, guarded_ratio: 0.0, target: 4.263256414560604e-14, passed: true }, ResidualRow { global_dof: 10, residual: 0.0, denominator: 0.0, row_scale_exponent: 0, normalized_residual: 0.0, normalized_denominator: 0.0, normalized_evaluation_allowance: 0.0, normalization_basis: \"radix mantissas; one multiply/add per term; physical records descriptive\", operation_count: 10, evaluation_allowance: 0.0, guarded_ratio: 0.0, target: 7.10542735760101e-14, passed: true }, ResidualRow { global_dof: 11, residual: 0.0, denominator: 0.0, row_scale_exponent: 0, normalized_residual: 0.0, normalized_denominator: 0.0, normalized_evaluation_allowance: 0.0, normalization_basis: \"radix mantissas; one multiply/add per term; physical records descriptive\", operation_count: 10, evaluation_allowance: 0.0, guarded_ratio: 0.0, target: 7.10542735760101e-14, passed: true }], work_rows: [WorkRow { global_dof: 6, observed_work: 0.0, evaluation_allowance: 3.449545680386729e-14, derived_target: 2.2077092354475036e-12, normalized_work: 0.0, normalized_allowance: 2.1559660502417055e-15, normalized_target: 1.3798182721546898e-13, scale_exponent: 4, passed: true }, WorkRow { global_dof: 7, observed_work: 0.0, evaluation_allowance: 0.0, derived_target: 0.0, normalized_work: 0.0, normalized_allowance: 0.0, normalized_target: 0.0, scale_exponent: 0, passed: true }, WorkRow { global_dof: 8, observed_work: 0.0, evaluation_allowance: 0.0, derived_target: 0.0, normalized_work: 0.0, normalized_allowance: 0.0, normalized_target: 0.0, scale_exponent: 0, passed: true }, WorkRow { global_dof: 9, observed_work: 0.0, evaluation_allowance: 0.0, derived_target: 0.0, normalized_work: 0.0, normalized_allowance: 0.0, normalized_target: 0.0, scale_exponent: 0, passed: true }, WorkRow { global_dof: 10, observed_work: 0.0, evaluation_allowance: 0.0, derived_target: 0.0, normalized_work: 0.0, normalized_allowance: 0.0, normalized_target: 0.0, scale_exponent: 0, passed: true }, WorkRow { global_dof: 11, observed_work: 0.0, evaluation_allowance: 0.0, derived_target: 0.0, normalized_work: 0.0, normalized_allowance: 0.0, normalized_target: 0.0, scale_exponent: 0, passed: true }], observed_governing_work_dof: Some(11), passed: true }",
        source: Some(
            "core/product_physics",
        ),
        affected_refs: [
            "load:L-GAP",
        ],
    },
    Diagnostic {
        id: "diagnostic:combination:combination-C-GAP:result-nonlinear-support-converged-flag:LOAD_COMBINATION_RESULT_DIMENSION_UNSUPPORTED",
        code: "LOAD_COMBINATION_RESULT_DIMENSION_UNSUPPORTED",
        severity: "warning",
        message: "result row unit is not supported for TP-MAC-08 scalar load-combination algebra",
        source: Some(
            "core/product_physics",
        ),
        affected_refs: [
            "combination:C-GAP",
            "result:nonlinear-support:converged-flag",
            "result:nonlinear-support:converged-flag",
        ],
    },
    Diagnostic {
        id: "diagnostic:combination:combination-C-GAP:result-nonlinear-support-final-residual-count:LOAD_COMBINATION_RESULT_DIMENSION_UNSUPPORTED",
        code: "LOAD_COMBINATION_RESULT_DIMENSION_UNSUPPORTED",
        severity: "warning",
        message: "result row unit is not supported for TP-MAC-08 scalar load-combination algebra",
        source: Some(
            "core/product_physics",
        ),
        affected_refs: [
            "combination:C-GAP",
            "result:nonlinear-support:final-residual-count",
            "result:nonlinear-support:final-residual-count",
        ],
    },
    Diagnostic {
        id: "diagnostic:combination:combination-C-GAP:result-nonlinear-support-iteration-count:LOAD_COMBINATION_RESULT_DIMENSION_UNSUPPORTED",
        code: "LOAD_COMBINATION_RESULT_DIMENSION_UNSUPPORTED",
        severity: "warning",
        message: "result row unit is not supported for TP-MAC-08 scalar load-combination algebra",
        source: Some(
            "core/product_physics",
        ),
        affected_refs: [
            "combination:C-GAP",
            "result:nonlinear-support:iteration-count",
            "result:nonlinear-support:iteration-count",
        ],
    },
    Diagnostic {
        id: "diagnostic:combination:combination-C-GAP:result-nonlinear-support-support-NL-GAP-110-state-code:LOAD_COMBINATION_RESULT_DIMENSION_UNSUPPORTED",
        code: "LOAD_COMBINATION_RESULT_DIMENSION_UNSUPPORTED",
        severity: "warning",
        message: "result row unit is not supported for TP-MAC-08 scalar load-combination algebra",
        source: Some(
            "core/product_physics",
        ),
        affected_refs: [
            "combination:C-GAP",
            "result:nonlinear-support:support-NL-GAP-110:state-code",
            "result:nonlinear-support:support-NL-GAP-110:state-code",
        ],
    },
    Diagnostic {
        id: "diagnostic:combination:combination-C-GAP:result-stress-pipe-P-100:COMBINATION_STRESS_SUMMARY_SKIPPED",
        code: "COMBINATION_STRESS_SUMMARY_SKIPPED",
        severity: "warning",
        message: "open-formula stress summary rows are not linearly combined in TP-MAC-08; combine inspectable stress component rows instead",
        source: Some(
            "core/product_physics",
        ),
        affected_refs: [
            "combination:C-GAP",
            "result:stress:pipe-P-100",
            "result:stress:pipe-P-100",
        ],
    },
    Diagnostic {
        id: "diagnostic:physics:rule-inputs-missing",
        code: "RULE_CHECK_INPUTS_MISSING",
        severity: "warning",
        message: "rule-check inputs and protected criteria are absent; no compliance result is produced",
        source: Some(
            "core/product_physics",
        ),
        affected_refs: [],
    },
] rows=[
    ResultItem {
        id: "result:nonlinear-support:iteration-count",
        kind: "nonlinear_support_active_set_iteration_count",
        value: 1.0,
        unit: "count",
        entity_ref: "nonlinear_supports",
        basis_ref: Some(
            ResultBasisRef {
                ref_type: "load_case",
                ref_id: "load:L-GAP",
            },
        ),
        source_result_refs: [],
        metadata: Some(
            ResultMetadata {
                component: "active_set_iteration_count",
                coordinate_system: "solver_iteration",
                location: "load_case",
                basis: "dense_scrutiny_active_set_loop; policy_ref=DEC-046-CV-B-product-preview-active-set-count-v1; policy_status=accepted; support_count=1; support_classes=gap",
                sign_convention: "counts completed dense active-set linearization iterations",
            },
        ),
    },
    ResultItem {
        id: "result:nonlinear-support:final-residual-count",
        kind: "nonlinear_support_active_set_final_residual_count",
        value: 0.0,
        unit: "count",
        entity_ref: "nonlinear_supports",
        basis_ref: Some(
            ResultBasisRef {
                ref_type: "load_case",
                ref_id: "load:L-GAP",
            },
        ),
        source_result_refs: [],
        metadata: Some(
            ResultMetadata {
                component: "active_set_final_residual_count",
                coordinate_system: "solver_iteration",
                location: "load_case",
                basis: "dense_scrutiny_active_set_loop; policy_ref=DEC-046-CV-B-product-preview-active-set-count-v1; residual_is_changed_support_count",
                sign_convention: "zero means no nonlinear support state changed in the final iteration",
            },
        ),
    },
    ResultItem {
        id: "result:nonlinear-support:converged-flag",
        kind: "nonlinear_support_active_set_converged_flag",
        value: 1.0,
        unit: "boolean",
        entity_ref: "nonlinear_supports",
        basis_ref: Some(
            ResultBasisRef {
                ref_type: "load_case",
                ref_id: "load:L-GAP",
            },
        ),
        source_result_refs: [],
        metadata: Some(
            ResultMetadata {
                component: "active_set_converged_flag",
                coordinate_system: "solver_iteration",
                location: "load_case",
                basis: "dense_scrutiny_active_set_loop; policy_ref=DEC-046-CV-B-product-preview-active-set-count-v1; policy_status=accepted; residual_is_changed_support_count",
                sign_convention: "1 means the active-set state-change residual satisfied the supplied preview tolerance",
            },
        ),
    },
    ResultItem {
        id: "result:nonlinear-support:free-dof-force-residual",
        kind: "nonlinear_support_observed_free_dof_force_residual",
        value: 0.0,
        unit: "N",
        entity_ref: "nonlinear_supports",
        basis_ref: Some(
            ResultBasisRef {
                ref_type: "load_case",
                ref_id: "load:L-GAP",
            },
        ),
        source_result_refs: [],
        metadata: Some(
            ResultMetadata {
                component: "observed_free_dof_force_residual",
                coordinate_system: "solver_iteration",
                location: "final_iteration",
                basis: "dense_scrutiny_active_set_loop; policy_ref=DEC-046-CV-B-product-preview-active-set-count-v1; threshold_policy_ref=M03-PRODUCT-PREVIEW-EQUILIBRIUM-v1; threshold_policy_status=accepted; observed_compliance=true; residual_basis=free_dof_force_moment_equilibrium; target=64*gamma(actual_row_operation_count); original_full_equations_with_prescribed_coupling; evaluation_allowance_and_denominator_guard; historical_superseded_policy_ref=DEC-046-CV-B-product-preview-free-dof-force-moment-residual-v1; historical_zero_limits=0 N,0 N*m; product_preview_only",
                sign_convention: "nonnegative max absolute translational free-DOF equilibrium residual in the final linearized solve",
            },
        ),
    },
    ResultItem {
        id: "result:nonlinear-support:free-dof-moment-residual",
        kind: "nonlinear_support_observed_free_dof_moment_residual",
        value: 0.0,
        unit: "N*m",
        entity_ref: "nonlinear_supports",
        basis_ref: Some(
            ResultBasisRef {
                ref_type: "load_case",
                ref_id: "load:L-GAP",
            },
        ),
        source_result_refs: [],
        metadata: Some(
            ResultMetadata {
                component: "observed_free_dof_moment_residual",
                coordinate_system: "solver_iteration",
                location: "final_iteration",
                basis: "dense_scrutiny_active_set_loop; policy_ref=DEC-046-CV-B-product-preview-active-set-count-v1; threshold_policy_ref=M03-PRODUCT-PREVIEW-EQUILIBRIUM-v1; threshold_policy_status=accepted; observed_compliance=true; residual_basis=free_dof_force_moment_equilibrium; target=64*gamma(actual_row_operation_count); original_full_equations_with_prescribed_coupling; evaluation_allowance_and_denominator_guard; historical_superseded_policy_ref=DEC-046-CV-B-product-preview-free-dof-force-moment-residual-v1; historical_zero_limits=0 N,0 N*m; product_preview_only",
                sign_convention: "nonnegative max absolute rotational free-DOF equilibrium residual in the final linearized solve",
            },
        ),
    },
    ResultItem {
        id: "result:nonlinear-support:free-dof-work-residual",
        kind: "nonlinear_support_free_dof_work_residual",
        value: 0.0,
        unit: "N*m",
        entity_ref: "nonlinear_supports",
        basis_ref: Some(
            ResultBasisRef {
                ref_type: "load_case",
                ref_id: "load:L-GAP",
            },
        ),
        source_result_refs: [],
        metadata: Some(
            ResultMetadata {
                component: "free_dof_work_residual",
                coordinate_system: "solver_iteration",
                location: "final_iteration",
                basis: "dense_scrutiny_active_set_loop; policy_ref=DEC-046-CV-B-product-preview-active-set-count-v1; threshold_policy_ref=M03-PRODUCT-PREVIEW-EQUILIBRIUM-v1; threshold_policy_status=accepted; observed_compliance=true; residual_basis=free_dof_work_residual; work_target=per_row_abs_u_times_tau_times_original_denominator_with_evaluation_allowance; observed_governing_global_dof=Some(11); general_energy_alias=residual_work_not_total_energy_balance; historical_superseded_policy_refs=DEC-046-CV-B-product-preview-free-dof-work-residual-v1,DEC-046-CV-B-product-preview-general-energy-residual-v1, historical_limits=0 N*m,0 N*m; product_preview_only",
                sign_convention: "nonnegative max absolute free-DOF residual work product in the final linearized solve",
            },
        ),
    },
    ResultItem {
        id: "result:nonlinear-support:support-NL-GAP-110:state-code",
        kind: "nonlinear_support_active_set_state_code",
        value: 1.0,
        unit: "state_code",
        entity_ref: "support:NL-GAP-110",
        basis_ref: Some(
            ResultBasisRef {
                ref_type: "load_case",
                ref_id: "load:L-GAP",
            },
        ),
        source_result_refs: [],
        metadata: Some(
            ResultMetadata {
                component: "active_set_state_code",
                coordinate_system: "solver_iteration",
                location: "ux",
                basis: "dense_scrutiny_active_set_loop; policy_ref=DEC-046-CV-B-product-preview-active-set-count-v1; final_state=active",
                sign_convention: "0=inactive, 1=active, 2=sticking, 3=sliding",
            },
        ),
    },
    ResultItem {
        id: "result:nonlinear-support:support-NL-GAP-110:ux-displacement",
        kind: "nonlinear_support_final_displacement",
        value: 0.05,
        unit: "mm",
        entity_ref: "support:NL-GAP-110",
        basis_ref: Some(
            ResultBasisRef {
                ref_type: "load_case",
                ref_id: "load:L-GAP",
            },
        ),
        source_result_refs: [],
        metadata: Some(
            ResultMetadata {
                component: "nonlinear_support_final_displacement",
                coordinate_system: "solver_iteration",
                location: "ux",
                basis: "dense_scrutiny_active_set_loop; policy_ref=DEC-046-CV-B-product-preview-active-set-count-v1; final_state=active",
                sign_convention: "positive value follows the global frame DOF sign convention",
            },
        ),
    },
    ResultItem {
        id: "result:nonlinear-support:support-NL-GAP-110:ux-reaction",
        kind: "nonlinear_support_final_reaction",
        value: -100000.0,
        unit: "N",
        entity_ref: "support:NL-GAP-110",
        basis_ref: Some(
            ResultBasisRef {
                ref_type: "load_case",
                ref_id: "load:L-GAP",
            },
        ),
        source_result_refs: [],
        metadata: Some(
            ResultMetadata {
                component: "nonlinear_support_final_reaction",
                coordinate_system: "solver_iteration",
                location: "ux",
                basis: "dense_scrutiny_active_set_loop; policy_ref=DEC-046-CV-B-product-preview-active-set-count-v1; final_state=active",
                sign_convention: "positive value follows the global frame DOF reaction sign convention",
            },
        ),
    },
    ResultItem {
        id: "result:disp:node-N-100",
        kind: "displacement_magnitude",
        value: 0.05,
        unit: "mm",
        entity_ref: "node:N-100",
        basis_ref: Some(
            ResultBasisRef {
                ref_type: "load_case",
                ref_id: "load:L-GAP",
            },
        ),
        source_result_refs: [],
        metadata: None,
    },
    ResultItem {
        id: "result:disp:node-N-110",
        kind: "displacement_magnitude",
        value: 0.19122000274347406,
        unit: "mm",
        entity_ref: "node:N-110",
        basis_ref: Some(
            ResultBasisRef {
                ref_type: "load_case",
                ref_id: "load:L-GAP",
            },
        ),
        source_result_refs: [],
        metadata: None,
    },
    ResultItem {
        id: "result:disp:node-N-100:ux",
        kind: "global_nodal_displacement_x",
        value: 0.05,
        unit: "mm",
        entity_ref: "node:N-100",
        basis_ref: Some(
            ResultBasisRef {
                ref_type: "load_case",
                ref_id: "load:L-GAP",
            },
        ),
        source_result_refs: [],
        metadata: Some(
            ResultMetadata {
                component: "nodal_displacement_x",
                coordinate_system: "global",
                location: "node",
                basis: "solved_from_global_linear_system",
                sign_convention: "positive value follows the global cartesian X axis displacement of the node",
            },
        ),
    },
    ResultItem {
        id: "result:disp:node-N-100:uy",
        kind: "global_nodal_displacement_y",
        value: 0.0,
        unit: "mm",
        entity_ref: "node:N-100",
        basis_ref: Some(
            ResultBasisRef {
                ref_type: "load_case",
                ref_id: "load:L-GAP",
            },
        ),
        source_result_refs: [],
        metadata: Some(
            ResultMetadata {
                component: "nodal_displacement_y",
                coordinate_system: "global",
                location: "node",
                basis: "solved_from_global_linear_system",
                sign_convention: "positive value follows the global cartesian Y axis displacement of the node",
            },
        ),
    },
    ResultItem {
        id: "result:disp:node-N-100:uz",
        kind: "global_nodal_displacement_z",
        value: 0.0,
        unit: "mm",
        entity_ref: "node:N-100",
        basis_ref: Some(
            ResultBasisRef {
                ref_type: "load_case",
                ref_id: "load:L-GAP",
            },
        ),
        source_result_refs: [],
        metadata: Some(
            ResultMetadata {
                component: "nodal_displacement_z",
                coordinate_system: "global",
                location: "node",
                basis: "solved_from_global_linear_system",
                sign_convention: "positive value follows the global cartesian Z axis displacement of the node",
            },
        ),
    },
    ResultItem {
        id: "result:disp:node-N-100:rx",
        kind: "global_nodal_rotation_x",
        value: 0.0,
        unit: "rad",
        entity_ref: "node:N-100",
        basis_ref: Some(
            ResultBasisRef {
                ref_type: "load_case",
                ref_id: "load:L-GAP",
            },
        ),
        source_result_refs: [],
        metadata: Some(
            ResultMetadata {
                component: "nodal_rotation_x",
                coordinate_system: "global",
                location: "node",
                basis: "solved_from_global_linear_system",
                sign_convention: "positive value follows the right-hand-rule rotation about the global cartesian X axis",
            },
        ),
    },
    ResultItem {
        id: "result:disp:node-N-100:ry",
        kind: "global_nodal_rotation_y",
        value: 0.0,
        unit: "rad",
        entity_ref: "node:N-100",
        basis_ref: Some(
            ResultBasisRef {
                ref_type: "load_case",
                ref_id: "load:L-GAP",
            },
        ),
        source_result_refs: [],
        metadata: Some(
            ResultMetadata {
                component: "nodal_rotation_y",
                coordinate_system: "global",
                location: "node",
                basis: "solved_from_global_linear_system",
                sign_convention: "positive value follows the right-hand-rule rotation about the global cartesian Y axis",
            },
        ),
    },
    ResultItem {
        id: "result:disp:node-N-100:rz",
        kind: "global_nodal_rotation_z",
        value: 0.0,
        unit: "rad",
        entity_ref: "node:N-100",
        basis_ref: Some(
            ResultBasisRef {
                ref_type: "load_case",
                ref_id: "load:L-GAP",
            },
        ),
        source_result_refs: [],
        metadata: Some(
            ResultMetadata {
                component: "nodal_rotation_z",
                coordinate_system: "global",
                location: "node",
                basis: "solved_from_global_linear_system",
                sign_convention: "positive value follows the right-hand-rule rotation about the global cartesian Z axis",
            },
        ),
    },
    ResultItem {
        id: "result:disp:node-N-110:ux",
        kind: "global_nodal_displacement_x",
        value: 0.19122000274347406,
        unit: "mm",
        entity_ref: "node:N-110",
        basis_ref: Some(
            ResultBasisRef {
                ref_type: "load_case",
                ref_id: "load:L-GAP",
            },
        ),
        source_result_refs: [],
        metadata: Some(
            ResultMetadata {
                component: "nodal_displacement_x",
                coordinate_system: "global",
                location: "node",
                basis: "solved_from_global_linear_system",
                sign_convention: "positive value follows the global cartesian X axis displacement of the node",
            },
        ),
    },
    ResultItem {
        id: "result:disp:node-N-110:uy",
        kind: "global_nodal_displacement_y",
        value: 0.0,
        unit: "mm",
        entity_ref: "node:N-110",
        basis_ref: Some(
            ResultBasisRef {
                ref_type: "load_case",
                ref_id: "load:L-GAP",
            },
        ),
        source_result_refs: [],
        metadata: Some(
            ResultMetadata {
                component: "nodal_displacement_y",
                coordinate_system: "global",
                location: "node",
                basis: "solved_from_global_linear_system",
                sign_convention: "positive value follows the global cartesian Y axis displacement of the node",
            },
        ),
    },
    ResultItem {
        id: "result:disp:node-N-110:uz",
        kind: "global_nodal_displacement_z",
        value: 0.0,
        unit: "mm",
        entity_ref: "node:N-110",
        basis_ref: Some(
            ResultBasisRef {
                ref_type: "load_case",
                ref_id: "load:L-GAP",
            },
        ),
        source_result_refs: [],
        metadata: Some(
            ResultMetadata {
                component: "nodal_displacement_z",
                coordinate_system: "global",
                location: "node",
                basis: "solved_from_global_linear_system",
                sign_convention: "positive value follows the global cartesian Z axis displacement of the node",
            },
        ),
    },
    ResultItem {
        id: "result:disp:node-N-110:rx",
        kind: "global_nodal_rotation_x",
        value: 0.0,
        unit: "rad",
        entity_ref: "node:N-110",
        basis_ref: Some(
            ResultBasisRef {
                ref_type: "load_case",
                ref_id: "load:L-GAP",
            },
        ),
        source_result_refs: [],
        metadata: Some(
            ResultMetadata {
                component: "nodal_rotation_x",
                coordinate_system: "global",
                location: "node",
                basis: "solved_from_global_linear_system",
                sign_convention: "positive value follows the right-hand-rule rotation about the global cartesian X axis",
            },
        ),
    },
    ResultItem {
        id: "result:disp:node-N-110:ry",
        kind: "global_nodal_rotation_y",
        value: 0.0,
        unit: "rad",
        entity_ref: "node:N-110",
        basis_ref: Some(
            ResultBasisRef {
                ref_type: "load_case",
                ref_id: "load:L-GAP",
            },
        ),
        source_result_refs: [],
        metadata: Some(
            ResultMetadata {
                component: "nodal_rotation_y",
                coordinate_system: "global",
                location: "node",
                basis: "solved_from_global_linear_system",
                sign_convention: "positive value follows the right-hand-rule rotation about the global cartesian Y axis",
            },
        ),
    },
    ResultItem {
        id: "result:disp:node-N-110:rz",
        kind: "global_nodal_rotation_z",
        value: 0.0,
        unit: "rad",
        entity_ref: "node:N-110",
        basis_ref: Some(
            ResultBasisRef {
                ref_type: "load_case",
                ref_id: "load:L-GAP",
            },
        ),
        source_result_refs: [],
        metadata: Some(
            ResultMetadata {
                component: "nodal_rotation_z",
                coordinate_system: "global",
                location: "node",
                basis: "solved_from_global_linear_system",
                sign_convention: "positive value follows the right-hand-rule rotation about the global cartesian Z axis",
            },
        ),
    },
    ResultItem {
        id: "result:reaction:support-S-100",
        kind: "reaction_resultant",
        value: 0.0,
        unit: "N",
        entity_ref: "support:S-100",
        basis_ref: Some(
            ResultBasisRef {
                ref_type: "load_case",
                ref_id: "load:L-GAP",
            },
        ),
        source_result_refs: [],
        metadata: None,
    },
    ResultItem {
        id: "result:reaction:support-NL-GAP-110",
        kind: "reaction_resultant",
        value: 100000.0,
        unit: "N",
        entity_ref: "support:NL-GAP-110",
        basis_ref: Some(
            ResultBasisRef {
                ref_type: "load_case",
                ref_id: "load:L-GAP",
            },
        ),
        source_result_refs: [],
        metadata: None,
    },
    ResultItem {
        id: "result:force:pipe-P-100:axial",
        kind: "element_local_axial_force",
        value: -100000.0,
        unit: "N",
        entity_ref: "pipe:P-100",
        basis_ref: Some(
            ResultBasisRef {
                ref_type: "load_case",
                ref_id: "load:L-GAP",
            },
        ),
        source_result_refs: [],
        metadata: Some(
            ResultMetadata {
                component: "axial_force",
                coordinate_system: "element_local",
                location: "end_i",
                basis: "recovered_from_local_element_stiffness",
                sign_convention: "positive value follows the element-local DOF at the i-end force vector",
            },
        ),
    },
    ResultItem {
        id: "result:force:pipe-P-100:axial:end-j",
        kind: "element_local_axial_force",
        value: 100000.0,
        unit: "N",
        entity_ref: "pipe:P-100",
        basis_ref: Some(
            ResultBasisRef {
                ref_type: "load_case",
                ref_id: "load:L-GAP",
            },
        ),
        source_result_refs: [],
        metadata: Some(
            ResultMetadata {
                component: "axial_force",
                coordinate_system: "element_local",
                location: "end_j",
                basis: "recovered_from_local_element_stiffness",
                sign_convention: "positive value follows the element-local DOF at the j-end force vector",
            },
        ),
    },
    ResultItem {
        id: "result:force:pipe-P-100:shear-y",
        kind: "element_local_shear_force_y",
        value: 0.0,
        unit: "N",
        entity_ref: "pipe:P-100",
        basis_ref: Some(
            ResultBasisRef {
                ref_type: "load_case",
                ref_id: "load:L-GAP",
            },
        ),
        source_result_refs: [],
        metadata: Some(
            ResultMetadata {
                component: "shear_force_y",
                coordinate_system: "element_local",
                location: "end_i",
                basis: "recovered_from_local_element_stiffness",
                sign_convention: "positive value follows the element-local DOF at the i-end force vector",
            },
        ),
    },
    ResultItem {
        id: "result:force:pipe-P-100:shear-y:end-j",
        kind: "element_local_shear_force_y",
        value: 0.0,
        unit: "N",
        entity_ref: "pipe:P-100",
        basis_ref: Some(
            ResultBasisRef {
                ref_type: "load_case",
                ref_id: "load:L-GAP",
            },
        ),
        source_result_refs: [],
        metadata: Some(
            ResultMetadata {
                component: "shear_force_y",
                coordinate_system: "element_local",
                location: "end_j",
                basis: "recovered_from_local_element_stiffness",
                sign_convention: "positive value follows the element-local DOF at the j-end force vector",
            },
        ),
    },
    ResultItem {
        id: "result:force:pipe-P-100:shear-z",
        kind: "element_local_shear_force_z",
        value: 0.0,
        unit: "N",
        entity_ref: "pipe:P-100",
        basis_ref: Some(
            ResultBasisRef {
                ref_type: "load_case",
                ref_id: "load:L-GAP",
            },
        ),
        source_result_refs: [],
        metadata: Some(
            ResultMetadata {
                component: "shear_force_z",
                coordinate_system: "element_local",
                location: "end_i",
                basis: "recovered_from_local_element_stiffness",
                sign_convention: "positive value follows the element-local DOF at the i-end force vector",
            },
        ),
    },
    ResultItem {
        id: "result:force:pipe-P-100:shear-z:end-j",
        kind: "element_local_shear_force_z",
        value: 0.0,
        unit: "N",
        entity_ref: "pipe:P-100",
        basis_ref: Some(
            ResultBasisRef {
                ref_type: "load_case",
                ref_id: "load:L-GAP",
            },
        ),
        source_result_refs: [],
        metadata: Some(
            ResultMetadata {
                component: "shear_force_z",
                coordinate_system: "element_local",
                location: "end_j",
                basis: "recovered_from_local_element_stiffness",
                sign_convention: "positive value follows the element-local DOF at the j-end force vector",
            },
        ),
    },
    ResultItem {
        id: "result:moment:pipe-P-100:torsion",
        kind: "element_local_torsional_moment",
        value: 0.0,
        unit: "N*m",
        entity_ref: "pipe:P-100",
        basis_ref: Some(
            ResultBasisRef {
                ref_type: "load_case",
                ref_id: "load:L-GAP",
            },
        ),
        source_result_refs: [],
        metadata: Some(
            ResultMetadata {
                component: "torsional_moment",
                coordinate_system: "element_local",
                location: "end_i",
                basis: "recovered_from_local_element_stiffness",
                sign_convention: "positive value follows the element-local DOF at the i-end force vector",
            },
        ),
    },
    ResultItem {
        id: "result:moment:pipe-P-100:torsion:end-j",
        kind: "element_local_torsional_moment",
        value: 0.0,
        unit: "N*m",
        entity_ref: "pipe:P-100",
        basis_ref: Some(
            ResultBasisRef {
                ref_type: "load_case",
                ref_id: "load:L-GAP",
            },
        ),
        source_result_refs: [],
        metadata: Some(
            ResultMetadata {
                component: "torsional_moment",
                coordinate_system: "element_local",
                location: "end_j",
                basis: "recovered_from_local_element_stiffness",
                sign_convention: "positive value follows the element-local DOF at the j-end force vector",
            },
        ),
    },
    ResultItem {
        id: "result:moment:pipe-P-100:bending-y",
        kind: "element_local_bending_moment_y",
        value: 0.0,
        unit: "N*m",
        entity_ref: "pipe:P-100",
        basis_ref: Some(
            ResultBasisRef {
                ref_type: "load_case",
                ref_id: "load:L-GAP",
            },
        ),
        source_result_refs: [],
        metadata: Some(
            ResultMetadata {
                component: "bending_moment_y",
                coordinate_system: "element_local",
                location: "end_i",
                basis: "recovered_from_local_element_stiffness",
                sign_convention: "positive value follows the element-local DOF at the i-end force vector",
            },
        ),
    },
    ResultItem {
        id: "result:moment:pipe-P-100:bending-y:end-j",
        kind: "element_local_bending_moment_y",
        value: 0.0,
        unit: "N*m",
        entity_ref: "pipe:P-100",
        basis_ref: Some(
            ResultBasisRef {
                ref_type: "load_case",
                ref_id: "load:L-GAP",
            },
        ),
        source_result_refs: [],
        metadata: Some(
            ResultMetadata {
                component: "bending_moment_y",
                coordinate_system: "element_local",
                location: "end_j",
                basis: "recovered_from_local_element_stiffness",
                sign_convention: "positive value follows the element-local DOF at the j-end force vector",
            },
        ),
    },
    ResultItem {
        id: "result:moment:pipe-P-100:bending-z",
        kind: "element_local_bending_moment_z",
        value: 0.0,
        unit: "N*m",
        entity_ref: "pipe:P-100",
        basis_ref: Some(
            ResultBasisRef {
                ref_type: "load_case",
                ref_id: "load:L-GAP",
            },
        ),
        source_result_refs: [],
        metadata: Some(
            ResultMetadata {
                component: "bending_moment_z",
                coordinate_system: "element_local",
                location: "end_i",
                basis: "recovered_from_local_element_stiffness",
                sign_convention: "positive value follows the element-local DOF at the i-end force vector",
            },
        ),
    },
    ResultItem {
        id: "result:moment:pipe-P-100:bending-z:end-j",
        kind: "element_local_bending_moment_z",
        value: 0.0,
        unit: "N*m",
        entity_ref: "pipe:P-100",
        basis_ref: Some(
            ResultBasisRef {
                ref_type: "load_case",
                ref_id: "load:L-GAP",
            },
        ),
        source_result_refs: [],
        metadata: Some(
            ResultMetadata {
                component: "bending_moment_z",
                coordinate_system: "element_local",
                location: "end_j",
                basis: "recovered_from_local_element_stiffness",
                sign_convention: "positive value follows the element-local DOF at the j-end force vector",
            },
        ),
    },
    ResultItem {
        id: "result:force:pipe-P-100:quarter-1:axial",
        kind: "element_local_axial_force",
        value: 100000.0,
        unit: "N",
        entity_ref: "pipe:P-100",
        basis_ref: Some(
            ResultBasisRef {
                ref_type: "load_case",
                ref_id: "load:L-GAP",
            },
        ),
        source_result_refs: [],
        metadata: Some(
            ResultMetadata {
                component: "axial_force",
                coordinate_system: "element_local",
                location: "quarter_1",
                basis: "recovered_from_local_element_stiffness",
                sign_convention: "positive value follows the j-side section action in the element-local frame (x toward end j); section equilibrium from stiffness-recovered end actions with consistent distributed-load fixed-end correction",
            },
        ),
    },
    ResultItem {
        id: "result:force:pipe-P-100:quarter-1:shear-y",
        kind: "element_local_shear_force_y",
        value: -0.0,
        unit: "N",
        entity_ref: "pipe:P-100",
        basis_ref: Some(
            ResultBasisRef {
                ref_type: "load_case",
                ref_id: "load:L-GAP",
            },
        ),
        source_result_refs: [],
        metadata: Some(
            ResultMetadata {
                component: "shear_force_y",
                coordinate_system: "element_local",
                location: "quarter_1",
                basis: "recovered_from_local_element_stiffness",
                sign_convention: "positive value follows the j-side section action in the element-local frame (x toward end j); section equilibrium from stiffness-recovered end actions with consistent distributed-load fixed-end correction",
            },
        ),
    },
    ResultItem {
        id: "result:force:pipe-P-100:quarter-1:shear-z",
        kind: "element_local_shear_force_z",
        value: -0.0,
        unit: "N",
        entity_ref: "pipe:P-100",
        basis_ref: Some(
            ResultBasisRef {
                ref_type: "load_case",
                ref_id: "load:L-GAP",
            },
        ),
        source_result_refs: [],
        metadata: Some(
            ResultMetadata {
                component: "shear_force_z",
                coordinate_system: "element_local",
                location: "quarter_1",
                basis: "recovered_from_local_element_stiffness",
                sign_convention: "positive value follows the j-side section action in the element-local frame (x toward end j); section equilibrium from stiffness-recovered end actions with consistent distributed-load fixed-end correction",
            },
        ),
    },
    ResultItem {
        id: "result:moment:pipe-P-100:quarter-1:torsion",
        kind: "element_local_torsional_moment",
        value: -0.0,
        unit: "N*m",
        entity_ref: "pipe:P-100",
        basis_ref: Some(
            ResultBasisRef {
                ref_type: "load_case",
                ref_id: "load:L-GAP",
            },
        ),
        source_result_refs: [],
        metadata: Some(
            ResultMetadata {
                component: "torsional_moment",
                coordinate_system: "element_local",
                location: "quarter_1",
                basis: "recovered_from_local_element_stiffness",
                sign_convention: "positive value follows the j-side section action in the element-local frame (x toward end j); section equilibrium from stiffness-recovered end actions with consistent distributed-load fixed-end correction",
            },
        ),
    },
    ResultItem {
        id: "result:moment:pipe-P-100:quarter-1:bending-y",
        kind: "element_local_bending_moment_y",
        value: -0.0,
        unit: "N*m",
        entity_ref: "pipe:P-100",
        basis_ref: Some(
            ResultBasisRef {
                ref_type: "load_case",
                ref_id: "load:L-GAP",
            },
        ),
        source_result_refs: [],
        metadata: Some(
            ResultMetadata {
                component: "bending_moment_y",
                coordinate_system: "element_local",
                location: "quarter_1",
                basis: "recovered_from_local_element_stiffness",
                sign_convention: "positive value follows the j-side section action in the element-local frame (x toward end j); section equilibrium from stiffness-recovered end actions with consistent distributed-load fixed-end correction",
            },
        ),
    },
    ResultItem {
        id: "result:moment:pipe-P-100:quarter-1:bending-z",
        kind: "element_local_bending_moment_z",
        value: -0.0,
        unit: "N*m",
        entity_ref: "pipe:P-100",
        basis_ref: Some(
            ResultBasisRef {
                ref_type: "load_case",
                ref_id: "load:L-GAP",
            },
        ),
        source_result_refs: [],
        metadata: Some(
            ResultMetadata {
                component: "bending_moment_z",
                coordinate_system: "element_local",
                location: "quarter_1",
                basis: "recovered_from_local_element_stiffness",
                sign_convention: "positive value follows the j-side section action in the element-local frame (x toward end j); section equilibrium from stiffness-recovered end actions with consistent distributed-load fixed-end correction",
            },
        ),
    },
    ResultItem {
        id: "result:force:pipe-P-100:midspan:axial",
        kind: "element_local_axial_force",
        value: 100000.0,
        unit: "N",
        entity_ref: "pipe:P-100",
        basis_ref: Some(
            ResultBasisRef {
                ref_type: "load_case",
                ref_id: "load:L-GAP",
            },
        ),
        source_result_refs: [],
        metadata: Some(
            ResultMetadata {
                component: "axial_force",
                coordinate_system: "element_local",
                location: "midspan",
                basis: "recovered_from_local_element_stiffness",
                sign_convention: "positive value follows the j-side section action in the element-local frame (x toward end j); section equilibrium from stiffness-recovered end actions with consistent distributed-load fixed-end correction",
            },
        ),
    },
    ResultItem {
        id: "result:force:pipe-P-100:midspan:shear-y",
        kind: "element_local_shear_force_y",
        value: -0.0,
        unit: "N",
        entity_ref: "pipe:P-100",
        basis_ref: Some(
            ResultBasisRef {
                ref_type: "load_case",
                ref_id: "load:L-GAP",
            },
        ),
        source_result_refs: [],
        metadata: Some(
            ResultMetadata {
                component: "shear_force_y",
                coordinate_system: "element_local",
                location: "midspan",
                basis: "recovered_from_local_element_stiffness",
                sign_convention: "positive value follows the j-side section action in the element-local frame (x toward end j); section equilibrium from stiffness-recovered end actions with consistent distributed-load fixed-end correction",
            },
        ),
    },
    ResultItem {
        id: "result:force:pipe-P-100:midspan:shear-z",
        kind: "element_local_shear_force_z",
        value: -0.0,
        unit: "N",
        entity_ref: "pipe:P-100",
        basis_ref: Some(
            ResultBasisRef {
                ref_type: "load_case",
                ref_id: "load:L-GAP",
            },
        ),
        source_result_refs: [],
        metadata: Some(
            ResultMetadata {
                component: "shear_force_z",
                coordinate_system: "element_local",
                location: "midspan",
                basis: "recovered_from_local_element_stiffness",
                sign_convention: "positive value follows the j-side section action in the element-local frame (x toward end j); section equilibrium from stiffness-recovered end actions with consistent distributed-load fixed-end correction",
            },
        ),
    },
    ResultItem {
        id: "result:moment:pipe-P-100:midspan:torsion",
        kind: "element_local_torsional_moment",
        value: -0.0,
        unit: "N*m",
        entity_ref: "pipe:P-100",
        basis_ref: Some(
            ResultBasisRef {
                ref_type: "load_case",
                ref_id: "load:L-GAP",
            },
        ),
        source_result_refs: [],
        metadata: Some(
            ResultMetadata {
                component: "torsional_moment",
                coordinate_system: "element_local",
                location: "midspan",
                basis: "recovered_from_local_element_stiffness",
                sign_convention: "positive value follows the j-side section action in the element-local frame (x toward end j); section equilibrium from stiffness-recovered end actions with consistent distributed-load fixed-end correction",
            },
        ),
    },
    ResultItem {
        id: "result:moment:pipe-P-100:midspan:bending-y",
        kind: "element_local_bending_moment_y",
        value: -0.0,
        unit: "N*m",
        entity_ref: "pipe:P-100",
        basis_ref: Some(
            ResultBasisRef {
                ref_type: "load_case",
                ref_id: "load:L-GAP",
            },
        ),
        source_result_refs: [],
        metadata: Some(
            ResultMetadata {
                component: "bending_moment_y",
                coordinate_system: "element_local",
                location: "midspan",
                basis: "recovered_from_local_element_stiffness",
                sign_convention: "positive value follows the j-side section action in the element-local frame (x toward end j); section equilibrium from stiffness-recovered end actions with consistent distributed-load fixed-end correction",
            },
        ),
    },
    ResultItem {
        id: "result:moment:pipe-P-100:midspan:bending-z",
        kind: "element_local_bending_moment_z",
        value: -0.0,
        unit: "N*m",
        entity_ref: "pipe:P-100",
        basis_ref: Some(
            ResultBasisRef {
                ref_type: "load_case",
                ref_id: "load:L-GAP",
            },
        ),
        source_result_refs: [],
        metadata: Some(
            ResultMetadata {
                component: "bending_moment_z",
                coordinate_system: "element_local",
                location: "midspan",
                basis: "recovered_from_local_element_stiffness",
                sign_convention: "positive value follows the j-side section action in the element-local frame (x toward end j); section equilibrium from stiffness-recovered end actions with consistent distributed-load fixed-end correction",
            },
        ),
    },
    ResultItem {
        id: "result:force:pipe-P-100:quarter-3:axial",
        kind: "element_local_axial_force",
        value: 100000.0,
        unit: "N",
        entity_ref: "pipe:P-100",
        basis_ref: Some(
            ResultBasisRef {
                ref_type: "load_case",
                ref_id: "load:L-GAP",
            },
        ),
        source_result_refs: [],
        metadata: Some(
            ResultMetadata {
                component: "axial_force",
                coordinate_system: "element_local",
                location: "quarter_3",
                basis: "recovered_from_local_element_stiffness",
                sign_convention: "positive value follows the j-side section action in the element-local frame (x toward end j); section equilibrium from stiffness-recovered end actions with consistent distributed-load fixed-end correction",
            },
        ),
    },
    ResultItem {
        id: "result:force:pipe-P-100:quarter-3:shear-y",
        kind: "element_local_shear_force_y",
        value: -0.0,
        unit: "N",
        entity_ref: "pipe:P-100",
        basis_ref: Some(
            ResultBasisRef {
                ref_type: "load_case",
                ref_id: "load:L-GAP",
            },
        ),
        source_result_refs: [],
        metadata: Some(
            ResultMetadata {
                component: "shear_force_y",
                coordinate_system: "element_local",
                location: "quarter_3",
                basis: "recovered_from_local_element_stiffness",
                sign_convention: "positive value follows the j-side section action in the element-local frame (x toward end j); section equilibrium from stiffness-recovered end actions with consistent distributed-load fixed-end correction",
            },
        ),
    },
    ResultItem {
        id: "result:force:pipe-P-100:quarter-3:shear-z",
        kind: "element_local_shear_force_z",
        value: -0.0,
        unit: "N",
        entity_ref: "pipe:P-100",
        basis_ref: Some(
            ResultBasisRef {
                ref_type: "load_case",
                ref_id: "load:L-GAP",
            },
        ),
        source_result_refs: [],
        metadata: Some(
            ResultMetadata {
                component: "shear_force_z",
                coordinate_system: "element_local",
                location: "quarter_3",
                basis: "recovered_from_local_element_stiffness",
                sign_convention: "positive value follows the j-side section action in the element-local frame (x toward end j); section equilibrium from stiffness-recovered end actions with consistent distributed-load fixed-end correction",
            },
        ),
    },
    ResultItem {
        id: "result:moment:pipe-P-100:quarter-3:torsion",
        kind: "element_local_torsional_moment",
        value: -0.0,
        unit: "N*m",
        entity_ref: "pipe:P-100",
        basis_ref: Some(
            ResultBasisRef {
                ref_type: "load_case",
                ref_id: "load:L-GAP",
            },
        ),
        source_result_refs: [],
        metadata: Some(
            ResultMetadata {
                component: "torsional_moment",
                coordinate_system: "element_local",
                location: "quarter_3",
                basis: "recovered_from_local_element_stiffness",
                sign_convention: "positive value follows the j-side section action in the element-local frame (x toward end j); section equilibrium from stiffness-recovered end actions with consistent distributed-load fixed-end correction",
            },
        ),
    },
    ResultItem {
        id: "result:moment:pipe-P-100:quarter-3:bending-y",
        kind: "element_local_bending_moment_y",
        value: -0.0,
        unit: "N*m",
        entity_ref: "pipe:P-100",
        basis_ref: Some(
            ResultBasisRef {
                ref_type: "load_case",
                ref_id: "load:L-GAP",
            },
        ),
        source_result_refs: [],
        metadata: Some(
            ResultMetadata {
                component: "bending_moment_y",
                coordinate_system: "element_local",
                location: "quarter_3",
                basis: "recovered_from_local_element_stiffness",
                sign_convention: "positive value follows the j-side section action in the element-local frame (x toward end j); section equilibrium from stiffness-recovered end actions with consistent distributed-load fixed-end correction",
            },
        ),
    },
    ResultItem {
        id: "result:moment:pipe-P-100:quarter-3:bending-z",
        kind: "element_local_bending_moment_z",
        value: -0.0,
        unit: "N*m",
        entity_ref: "pipe:P-100",
        basis_ref: Some(
            ResultBasisRef {
                ref_type: "load_case",
                ref_id: "load:L-GAP",
            },
        ),
        source_result_refs: [],
        metadata: Some(
            ResultMetadata {
                component: "bending_moment_z",
                coordinate_system: "element_local",
                location: "quarter_3",
                basis: "recovered_from_local_element_stiffness",
                sign_convention: "positive value follows the j-side section action in the element-local frame (x toward end j); section equilibrium from stiffness-recovered end actions with consistent distributed-load fixed-end correction",
            },
        ),
    },
    ResultItem {
        id: "result:stress:pipe-P-100:end-i:axial-normal",
        kind: "element_local_axial_normal_stress",
        value: 28.244000548694814,
        unit: "MPa",
        entity_ref: "pipe:P-100",
        basis_ref: Some(
            ResultBasisRef {
                ref_type: "load_case",
                ref_id: "load:L-GAP",
            },
        ),
        source_result_refs: [],
        metadata: Some(
            ResultMetadata {
                component: "axial_normal_stress",
                coordinate_system: "element_local",
                location: "end_i",
                basis: "recovered_from_local_element_stiffness",
                sign_convention: "positive value follows the j-side section action in the element-local frame (local x toward end j); resultants come from section equilibrium over assembled end actions",
            },
        ),
    },
    ResultItem {
        id: "result:stress:pipe-P-100:end-i:bending-normal-y",
        kind: "element_local_bending_normal_stress_y",
        value: -0.0,
        unit: "MPa",
        entity_ref: "pipe:P-100",
        basis_ref: Some(
            ResultBasisRef {
                ref_type: "load_case",
                ref_id: "load:L-GAP",
            },
        ),
        source_result_refs: [],
        metadata: Some(
            ResultMetadata {
                component: "bending_normal_stress_y",
                coordinate_system: "element_local",
                location: "end_i",
                basis: "recovered_from_local_element_stiffness",
                sign_convention: "positive value follows the j-side section action in the element-local frame (local x toward end j); resultants come from section equilibrium over assembled end actions",
            },
        ),
    },
    ResultItem {
        id: "result:stress:pipe-P-100:end-i:bending-normal-z",
        kind: "element_local_bending_normal_stress_z",
        value: -0.0,
        unit: "MPa",
        entity_ref: "pipe:P-100",
        basis_ref: Some(
            ResultBasisRef {
                ref_type: "load_case",
                ref_id: "load:L-GAP",
            },
        ),
        source_result_refs: [],
        metadata: Some(
            ResultMetadata {
                component: "bending_normal_stress_z",
                coordinate_system: "element_local",
                location: "end_i",
                basis: "recovered_from_local_element_stiffness",
                sign_convention: "positive value follows the j-side section action in the element-local frame (local x toward end j); resultants come from section equilibrium over assembled end actions",
            },
        ),
    },
    ResultItem {
        id: "result:stress:pipe-P-100:end-i:torsional-shear",
        kind: "element_local_torsional_shear_stress",
        value: -0.0,
        unit: "MPa",
        entity_ref: "pipe:P-100",
        basis_ref: Some(
            ResultBasisRef {
                ref_type: "load_case",
                ref_id: "load:L-GAP",
            },
        ),
        source_result_refs: [],
        metadata: Some(
            ResultMetadata {
                component: "torsional_shear_stress",
                coordinate_system: "element_local",
                location: "end_i",
                basis: "recovered_from_local_element_stiffness",
                sign_convention: "positive value follows the j-side section action in the element-local frame (local x toward end j); resultants come from section equilibrium over assembled end actions",
            },
        ),
    },
    ResultItem {
        id: "result:stress:pipe-P-100:end-j:axial-normal",
        kind: "element_local_axial_normal_stress",
        value: 28.244000548694814,
        unit: "MPa",
        entity_ref: "pipe:P-100",
        basis_ref: Some(
            ResultBasisRef {
                ref_type: "load_case",
                ref_id: "load:L-GAP",
            },
        ),
        source_result_refs: [],
        metadata: Some(
            ResultMetadata {
                component: "axial_normal_stress",
                coordinate_system: "element_local",
                location: "end_j",
                basis: "recovered_from_local_element_stiffness",
                sign_convention: "positive value follows the j-side section action in the element-local frame (local x toward end j); resultants come from section equilibrium over assembled end actions",
            },
        ),
    },
    ResultItem {
        id: "result:stress:pipe-P-100:end-j:bending-normal-y",
        kind: "element_local_bending_normal_stress_y",
        value: -0.0,
        unit: "MPa",
        entity_ref: "pipe:P-100",
        basis_ref: Some(
            ResultBasisRef {
                ref_type: "load_case",
                ref_id: "load:L-GAP",
            },
        ),
        source_result_refs: [],
        metadata: Some(
            ResultMetadata {
                component: "bending_normal_stress_y",
                coordinate_system: "element_local",
                location: "end_j",
                basis: "recovered_from_local_element_stiffness",
                sign_convention: "positive value follows the j-side section action in the element-local frame (local x toward end j); resultants come from section equilibrium over assembled end actions",
            },
        ),
    },
    ResultItem {
        id: "result:stress:pipe-P-100:end-j:bending-normal-z",
        kind: "element_local_bending_normal_stress_z",
        value: -0.0,
        unit: "MPa",
        entity_ref: "pipe:P-100",
        basis_ref: Some(
            ResultBasisRef {
                ref_type: "load_case",
                ref_id: "load:L-GAP",
            },
        ),
        source_result_refs: [],
        metadata: Some(
            ResultMetadata {
                component: "bending_normal_stress_z",
                coordinate_system: "element_local",
                location: "end_j",
                basis: "recovered_from_local_element_stiffness",
                sign_convention: "positive value follows the j-side section action in the element-local frame (local x toward end j); resultants come from section equilibrium over assembled end actions",
            },
        ),
    },
    ResultItem {
        id: "result:stress:pipe-P-100:end-j:torsional-shear",
        kind: "element_local_torsional_shear_stress",
        value: -0.0,
        unit: "MPa",
        entity_ref: "pipe:P-100",
        basis_ref: Some(
            ResultBasisRef {
                ref_type: "load_case",
                ref_id: "load:L-GAP",
            },
        ),
        source_result_refs: [],
        metadata: Some(
            ResultMetadata {
                component: "torsional_shear_stress",
                coordinate_system: "element_local",
                location: "end_j",
                basis: "recovered_from_local_element_stiffness",
                sign_convention: "positive value follows the j-side section action in the element-local frame (local x toward end j); resultants come from section equilibrium over assembled end actions",
            },
        ),
    },
    ResultItem {
        id: "result:stress:pipe-P-100:quarter-1:axial-normal",
        kind: "element_local_axial_normal_stress",
        value: 28.244000548694814,
        unit: "MPa",
        entity_ref: "pipe:P-100",
        basis_ref: Some(
            ResultBasisRef {
                ref_type: "load_case",
                ref_id: "load:L-GAP",
            },
        ),
        source_result_refs: [],
        metadata: Some(
            ResultMetadata {
                component: "axial_normal_stress",
                coordinate_system: "element_local",
                location: "quarter_1",
                basis: "recovered_from_open_mechanics_stress_components",
                sign_convention: "positive normal stress follows the section-equilibrium element-local axial resultant at this station; j-side section action in the element-local frame (x toward end j); section equilibrium from stiffness-recovered end actions with consistent distributed-load fixed-end correction",
            },
        ),
    },
    ResultItem {
        id: "result:stress:pipe-P-100:quarter-1:bending-normal-y",
        kind: "element_local_bending_normal_stress_y",
        value: -0.0,
        unit: "MPa",
        entity_ref: "pipe:P-100",
        basis_ref: Some(
            ResultBasisRef {
                ref_type: "load_case",
                ref_id: "load:L-GAP",
            },
        ),
        source_result_refs: [],
        metadata: Some(
            ResultMetadata {
                component: "bending_normal_stress_y",
                coordinate_system: "element_local",
                location: "quarter_1",
                basis: "recovered_from_open_mechanics_stress_components",
                sign_convention: "positive bending normal stress follows the section-equilibrium element-local y bending resultant at this station; j-side section action in the element-local frame (x toward end j); section equilibrium from stiffness-recovered end actions with consistent distributed-load fixed-end correction",
            },
        ),
    },
    ResultItem {
        id: "result:stress:pipe-P-100:quarter-1:bending-normal-z",
        kind: "element_local_bending_normal_stress_z",
        value: -0.0,
        unit: "MPa",
        entity_ref: "pipe:P-100",
        basis_ref: Some(
            ResultBasisRef {
                ref_type: "load_case",
                ref_id: "load:L-GAP",
            },
        ),
        source_result_refs: [],
        metadata: Some(
            ResultMetadata {
                component: "bending_normal_stress_z",
                coordinate_system: "element_local",
                location: "quarter_1",
                basis: "recovered_from_open_mechanics_stress_components",
                sign_convention: "positive bending normal stress follows the section-equilibrium element-local z bending resultant at this station; j-side section action in the element-local frame (x toward end j); section equilibrium from stiffness-recovered end actions with consistent distributed-load fixed-end correction",
            },
        ),
    },
    ResultItem {
        id: "result:stress:pipe-P-100:quarter-1:torsional-shear",
        kind: "element_local_torsional_shear_stress",
        value: -0.0,
        unit: "MPa",
        entity_ref: "pipe:P-100",
        basis_ref: Some(
            ResultBasisRef {
                ref_type: "load_case",
                ref_id: "load:L-GAP",
            },
        ),
        source_result_refs: [],
        metadata: Some(
            ResultMetadata {
                component: "torsional_shear_stress",
                coordinate_system: "element_local",
                location: "quarter_1",
                basis: "recovered_from_open_mechanics_stress_components",
                sign_convention: "positive torsional shear stress follows the section-equilibrium element-local torsional resultant at this station; j-side section action in the element-local frame (x toward end j); section equilibrium from stiffness-recovered end actions with consistent distributed-load fixed-end correction",
            },
        ),
    },
    ResultItem {
        id: "result:stress:pipe-P-100:midspan:axial-normal",
        kind: "element_local_axial_normal_stress",
        value: 28.244000548694814,
        unit: "MPa",
        entity_ref: "pipe:P-100",
        basis_ref: Some(
            ResultBasisRef {
                ref_type: "load_case",
                ref_id: "load:L-GAP",
            },
        ),
        source_result_refs: [],
        metadata: Some(
            ResultMetadata {
                component: "axial_normal_stress",
                coordinate_system: "element_local",
                location: "midspan",
                basis: "recovered_from_open_mechanics_stress_components",
                sign_convention: "positive normal stress follows the section-equilibrium element-local axial resultant at this station; j-side section action in the element-local frame (x toward end j); section equilibrium from stiffness-recovered end actions with consistent distributed-load fixed-end correction",
            },
        ),
    },
    ResultItem {
        id: "result:stress:pipe-P-100:midspan:bending-normal-y",
        kind: "element_local_bending_normal_stress_y",
        value: -0.0,
        unit: "MPa",
        entity_ref: "pipe:P-100",
        basis_ref: Some(
            ResultBasisRef {
                ref_type: "load_case",
                ref_id: "load:L-GAP",
            },
        ),
        source_result_refs: [],
        metadata: Some(
            ResultMetadata {
                component: "bending_normal_stress_y",
                coordinate_system: "element_local",
                location: "midspan",
                basis: "recovered_from_open_mechanics_stress_components",
                sign_convention: "positive bending normal stress follows the section-equilibrium element-local y bending resultant at this station; j-side section action in the element-local frame (x toward end j); section equilibrium from stiffness-recovered end actions with consistent distributed-load fixed-end correction",
            },
        ),
    },
    ResultItem {
        id: "result:stress:pipe-P-100:midspan:bending-normal-z",
        kind: "element_local_bending_normal_stress_z",
        value: -0.0,
        unit: "MPa",
        entity_ref: "pipe:P-100",
        basis_ref: Some(
            ResultBasisRef {
                ref_type: "load_case",
                ref_id: "load:L-GAP",
            },
        ),
        source_result_refs: [],
        metadata: Some(
            ResultMetadata {
                component: "bending_normal_stress_z",
                coordinate_system: "element_local",
                location: "midspan",
                basis: "recovered_from_open_mechanics_stress_components",
                sign_convention: "positive bending normal stress follows the section-equilibrium element-local z bending resultant at this station; j-side section action in the element-local frame (x toward end j); section equilibrium from stiffness-recovered end actions with consistent distributed-load fixed-end correction",
            },
        ),
    },
    ResultItem {
        id: "result:stress:pipe-P-100:midspan:torsional-shear",
        kind: "element_local_torsional_shear_stress",
        value: -0.0,
        unit: "MPa",
        entity_ref: "pipe:P-100",
        basis_ref: Some(
            ResultBasisRef {
                ref_type: "load_case",
                ref_id: "load:L-GAP",
            },
        ),
        source_result_refs: [],
        metadata: Some(
            ResultMetadata {
                component: "torsional_shear_stress",
                coordinate_system: "element_local",
                location: "midspan",
                basis: "recovered_from_open_mechanics_stress_components",
                sign_convention: "positive torsional shear stress follows the section-equilibrium element-local torsional resultant at this station; j-side section action in the element-local frame (x toward end j); section equilibrium from stiffness-recovered end actions with consistent distributed-load fixed-end correction",
            },
        ),
    },
    ResultItem {
        id: "result:stress:pipe-P-100:quarter-3:axial-normal",
        kind: "element_local_axial_normal_stress",
        value: 28.244000548694814,
        unit: "MPa",
        entity_ref: "pipe:P-100",
        basis_ref: Some(
            ResultBasisRef {
                ref_type: "load_case",
                ref_id: "load:L-GAP",
            },
        ),
        source_result_refs: [],
        metadata: Some(
            ResultMetadata {
                component: "axial_normal_stress",
                coordinate_system: "element_local",
                location: "quarter_3",
                basis: "recovered_from_open_mechanics_stress_components",
                sign_convention: "positive normal stress follows the section-equilibrium element-local axial resultant at this station; j-side section action in the element-local frame (x toward end j); section equilibrium from stiffness-recovered end actions with consistent distributed-load fixed-end correction",
            },
        ),
    },
    ResultItem {
        id: "result:stress:pipe-P-100:quarter-3:bending-normal-y",
        kind: "element_local_bending_normal_stress_y",
        value: -0.0,
        unit: "MPa",
        entity_ref: "pipe:P-100",
        basis_ref: Some(
            ResultBasisRef {
                ref_type: "load_case",
                ref_id: "load:L-GAP",
            },
        ),
        source_result_refs: [],
        metadata: Some(
            ResultMetadata {
                component: "bending_normal_stress_y",
                coordinate_system: "element_local",
                location: "quarter_3",
                basis: "recovered_from_open_mechanics_stress_components",
                sign_convention: "positive bending normal stress follows the section-equilibrium element-local y bending resultant at this station; j-side section action in the element-local frame (x toward end j); section equilibrium from stiffness-recovered end actions with consistent distributed-load fixed-end correction",
            },
        ),
    },
    ResultItem {
        id: "result:stress:pipe-P-100:quarter-3:bending-normal-z",
        kind: "element_local_bending_normal_stress_z",
        value: -0.0,
        unit: "MPa",
        entity_ref: "pipe:P-100",
        basis_ref: Some(
            ResultBasisRef {
                ref_type: "load_case",
                ref_id: "load:L-GAP",
            },
        ),
        source_result_refs: [],
        metadata: Some(
            ResultMetadata {
                component: "bending_normal_stress_z",
                coordinate_system: "element_local",
                location: "quarter_3",
                basis: "recovered_from_open_mechanics_stress_components",
                sign_convention: "positive bending normal stress follows the section-equilibrium element-local z bending resultant at this station; j-side section action in the element-local frame (x toward end j); section equilibrium from stiffness-recovered end actions with consistent distributed-load fixed-end correction",
            },
        ),
    },
    ResultItem {
        id: "result:stress:pipe-P-100:quarter-3:torsional-shear",
        kind: "element_local_torsional_shear_stress",
        value: -0.0,
        unit: "MPa",
        entity_ref: "pipe:P-100",
        basis_ref: Some(
            ResultBasisRef {
                ref_type: "load_case",
                ref_id: "load:L-GAP",
            },
        ),
        source_result_refs: [],
        metadata: Some(
            ResultMetadata {
                component: "torsional_shear_stress",
                coordinate_system: "element_local",
                location: "quarter_3",
                basis: "recovered_from_open_mechanics_stress_components",
                sign_convention: "positive torsional shear stress follows the section-equilibrium element-local torsional resultant at this station; j-side section action in the element-local frame (x toward end j); section equilibrium from stiffness-recovered end actions with consistent distributed-load fixed-end correction",
            },
        ),
    },
    ResultItem {
        id: "result:stress:pipe-P-100",
        kind: "open_formula_stress_summary",
        value: 28.244000548694814,
        unit: "MPa",
        entity_ref: "pipe:P-100",
        basis_ref: Some(
            ResultBasisRef {
                ref_type: "load_case",
                ref_id: "load:L-GAP",
            },
        ),
        source_result_refs: [],
        metadata: None,
    },
    ResultItem {
        id: "result:combination:combination-C-GAP:disp:node-N-100",
        kind: "displacement_magnitude",
        value: 0.05,
        unit: "mm",
        entity_ref: "node:N-100",
        basis_ref: Some(
            ResultBasisRef {
                ref_type: "combination",
                ref_id: "combination:C-GAP",
            },
        ),
        source_result_refs: [
            "result:combination:combination-C-GAP:disp:node-N-100:ux",
            "result:combination:combination-C-GAP:disp:node-N-100:uy",
            "result:combination:combination-C-GAP:disp:node-N-100:uz",
        ],
        metadata: None,
    },
    ResultItem {
        id: "result:combination:combination-C-GAP:disp:node-N-100:rx",
        kind: "global_nodal_rotation_x",
        value: 0.0,
        unit: "rad",
        entity_ref: "node:N-100",
        basis_ref: Some(
            ResultBasisRef {
                ref_type: "combination",
                ref_id: "combination:C-GAP",
            },
        ),
        source_result_refs: [
            "result:disp:node-N-100:rx",
        ],
        metadata: Some(
            ResultMetadata {
                component: "nodal_rotation_x",
                coordinate_system: "global",
                location: "node",
                basis: "explicit_user_linear_combination",
                sign_convention: "positive value follows explicit user linear combination of matching source result sign conventions",
            },
        ),
    },
    ResultItem {
        id: "result:combination:combination-C-GAP:disp:node-N-100:ry",
        kind: "global_nodal_rotation_y",
        value: 0.0,
        unit: "rad",
        entity_ref: "node:N-100",
        basis_ref: Some(
            ResultBasisRef {
                ref_type: "combination",
                ref_id: "combination:C-GAP",
            },
        ),
        source_result_refs: [
            "result:disp:node-N-100:ry",
        ],
        metadata: Some(
            ResultMetadata {
                component: "nodal_rotation_y",
                coordinate_system: "global",
                location: "node",
                basis: "explicit_user_linear_combination",
                sign_convention: "positive value follows explicit user linear combination of matching source result sign conventions",
            },
        ),
    },
    ResultItem {
        id: "result:combination:combination-C-GAP:disp:node-N-100:rz",
        kind: "global_nodal_rotation_z",
        value: 0.0,
        unit: "rad",
        entity_ref: "node:N-100",
        basis_ref: Some(
            ResultBasisRef {
                ref_type: "combination",
                ref_id: "combination:C-GAP",
            },
        ),
        source_result_refs: [
            "result:disp:node-N-100:rz",
        ],
        metadata: Some(
            ResultMetadata {
                component: "nodal_rotation_z",
                coordinate_system: "global",
                location: "node",
                basis: "explicit_user_linear_combination",
                sign_convention: "positive value follows explicit user linear combination of matching source result sign conventions",
            },
        ),
    },
    ResultItem {
        id: "result:combination:combination-C-GAP:disp:node-N-100:ux",
        kind: "global_nodal_displacement_x",
        value: 0.05,
        unit: "mm",
        entity_ref: "node:N-100",
        basis_ref: Some(
            ResultBasisRef {
                ref_type: "combination",
                ref_id: "combination:C-GAP",
            },
        ),
        source_result_refs: [
            "result:disp:node-N-100:ux",
        ],
        metadata: Some(
            ResultMetadata {
                component: "nodal_displacement_x",
                coordinate_system: "global",
                location: "node",
                basis: "explicit_user_linear_combination",
                sign_convention: "positive value follows explicit user linear combination of matching source result sign conventions",
            },
        ),
    },
    ResultItem {
        id: "result:combination:combination-C-GAP:disp:node-N-100:uy",
        kind: "global_nodal_displacement_y",
        value: 0.0,
        unit: "mm",
        entity_ref: "node:N-100",
        basis_ref: Some(
            ResultBasisRef {
                ref_type: "combination",
                ref_id: "combination:C-GAP",
            },
        ),
        source_result_refs: [
            "result:disp:node-N-100:uy",
        ],
        metadata: Some(
            ResultMetadata {
                component: "nodal_displacement_y",
                coordinate_system: "global",
                location: "node",
                basis: "explicit_user_linear_combination",
                sign_convention: "positive value follows explicit user linear combination of matching source result sign conventions",
            },
        ),
    },
    ResultItem {
        id: "result:combination:combination-C-GAP:disp:node-N-100:uz",
        kind: "global_nodal_displacement_z",
        value: 0.0,
        unit: "mm",
        entity_ref: "node:N-100",
        basis_ref: Some(
            ResultBasisRef {
                ref_type: "combination",
                ref_id: "combination:C-GAP",
            },
        ),
        source_result_refs: [
            "result:disp:node-N-100:uz",
        ],
        metadata: Some(
            ResultMetadata {
                component: "nodal_displacement_z",
                coordinate_system: "global",
                location: "node",
                basis: "explicit_user_linear_combination",
                sign_convention: "positive value follows explicit user linear combination of matching source result sign conventions",
            },
        ),
    },
    ResultItem {
        id: "result:combination:combination-C-GAP:disp:node-N-110",
        kind: "displacement_magnitude",
        value: 0.19122000274347406,
        unit: "mm",
        entity_ref: "node:N-110",
        basis_ref: Some(
            ResultBasisRef {
                ref_type: "combination",
                ref_id: "combination:C-GAP",
            },
        ),
        source_result_refs: [
            "result:combination:combination-C-GAP:disp:node-N-110:ux",
            "result:combination:combination-C-GAP:disp:node-N-110:uy",
            "result:combination:combination-C-GAP:disp:node-N-110:uz",
        ],
        metadata: None,
    },
    ResultItem {
        id: "result:combination:combination-C-GAP:disp:node-N-110:rx",
        kind: "global_nodal_rotation_x",
        value: 0.0,
        unit: "rad",
        entity_ref: "node:N-110",
        basis_ref: Some(
            ResultBasisRef {
                ref_type: "combination",
                ref_id: "combination:C-GAP",
            },
        ),
        source_result_refs: [
            "result:disp:node-N-110:rx",
        ],
        metadata: Some(
            ResultMetadata {
                component: "nodal_rotation_x",
                coordinate_system: "global",
                location: "node",
                basis: "explicit_user_linear_combination",
                sign_convention: "positive value follows explicit user linear combination of matching source result sign conventions",
            },
        ),
    },
    ResultItem {
        id: "result:combination:combination-C-GAP:disp:node-N-110:ry",
        kind: "global_nodal_rotation_y",
        value: 0.0,
        unit: "rad",
        entity_ref: "node:N-110",
        basis_ref: Some(
            ResultBasisRef {
                ref_type: "combination",
                ref_id: "combination:C-GAP",
            },
        ),
        source_result_refs: [
            "result:disp:node-N-110:ry",
        ],
        metadata: Some(
            ResultMetadata {
                component: "nodal_rotation_y",
                coordinate_system: "global",
                location: "node",
                basis: "explicit_user_linear_combination",
                sign_convention: "positive value follows explicit user linear combination of matching source result sign conventions",
            },
        ),
    },
    ResultItem {
        id: "result:combination:combination-C-GAP:disp:node-N-110:rz",
        kind: "global_nodal_rotation_z",
        value: 0.0,
        unit: "rad",
        entity_ref: "node:N-110",
        basis_ref: Some(
            ResultBasisRef {
                ref_type: "combination",
                ref_id: "combination:C-GAP",
            },
        ),
        source_result_refs: [
            "result:disp:node-N-110:rz",
        ],
        metadata: Some(
            ResultMetadata {
                component: "nodal_rotation_z",
                coordinate_system: "global",
                location: "node",
                basis: "explicit_user_linear_combination",
                sign_convention: "positive value follows explicit user linear combination of matching source result sign conventions",
            },
        ),
    },
    ResultItem {
        id: "result:combination:combination-C-GAP:disp:node-N-110:ux",
        kind: "global_nodal_displacement_x",
        value: 0.19122000274347406,
        unit: "mm",
        entity_ref: "node:N-110",
        basis_ref: Some(
            ResultBasisRef {
                ref_type: "combination",
                ref_id: "combination:C-GAP",
            },
        ),
        source_result_refs: [
            "result:disp:node-N-110:ux",
        ],
        metadata: Some(
            ResultMetadata {
                component: "nodal_displacement_x",
                coordinate_system: "global",
                location: "node",
                basis: "explicit_user_linear_combination",
                sign_convention: "positive value follows explicit user linear combination of matching source result sign conventions",
            },
        ),
    },
    ResultItem {
        id: "result:combination:combination-C-GAP:disp:node-N-110:uy",
        kind: "global_nodal_displacement_y",
        value: 0.0,
        unit: "mm",
        entity_ref: "node:N-110",
        basis_ref: Some(
            ResultBasisRef {
                ref_type: "combination",
                ref_id: "combination:C-GAP",
            },
        ),
        source_result_refs: [
            "result:disp:node-N-110:uy",
        ],
        metadata: Some(
            ResultMetadata {
                component: "nodal_displacement_y",
                coordinate_system: "global",
                location: "node",
                basis: "explicit_user_linear_combination",
                sign_convention: "positive value follows explicit user linear combination of matching source result sign conventions",
            },
        ),
    },
    ResultItem {
        id: "result:combination:combination-C-GAP:disp:node-N-110:uz",
        kind: "global_nodal_displacement_z",
        value: 0.0,
        unit: "mm",
        entity_ref: "node:N-110",
        basis_ref: Some(
            ResultBasisRef {
                ref_type: "combination",
                ref_id: "combination:C-GAP",
            },
        ),
        source_result_refs: [
            "result:disp:node-N-110:uz",
        ],
        metadata: Some(
            ResultMetadata {
                component: "nodal_displacement_z",
                coordinate_system: "global",
                location: "node",
                basis: "explicit_user_linear_combination",
                sign_convention: "positive value follows explicit user linear combination of matching source result sign conventions",
            },
        ),
    },
    ResultItem {
        id: "result:combination:combination-C-GAP:force:pipe-P-100:axial",
        kind: "element_local_axial_force",
        value: -100000.0,
        unit: "N",
        entity_ref: "pipe:P-100",
        basis_ref: Some(
            ResultBasisRef {
                ref_type: "combination",
                ref_id: "combination:C-GAP",
            },
        ),
        source_result_refs: [
            "result:force:pipe-P-100:axial",
        ],
        metadata: Some(
            ResultMetadata {
                component: "axial_force",
                coordinate_system: "element_local",
                location: "end_i",
                basis: "explicit_user_linear_combination",
                sign_convention: "positive value follows explicit user linear combination of matching source result sign conventions",
            },
        ),
    },
    ResultItem {
        id: "result:combination:combination-C-GAP:force:pipe-P-100:axial:end-j",
        kind: "element_local_axial_force",
        value: 100000.0,
        unit: "N",
        entity_ref: "pipe:P-100",
        basis_ref: Some(
            ResultBasisRef {
                ref_type: "combination",
                ref_id: "combination:C-GAP",
            },
        ),
        source_result_refs: [
            "result:force:pipe-P-100:axial:end-j",
        ],
        metadata: Some(
            ResultMetadata {
                component: "axial_force",
                coordinate_system: "element_local",
                location: "end_j",
                basis: "explicit_user_linear_combination",
                sign_convention: "positive value follows explicit user linear combination of matching source result sign conventions",
            },
        ),
    },
    ResultItem {
        id: "result:combination:combination-C-GAP:force:pipe-P-100:midspan:axial",
        kind: "element_local_axial_force",
        value: 100000.0,
        unit: "N",
        entity_ref: "pipe:P-100",
        basis_ref: Some(
            ResultBasisRef {
                ref_type: "combination",
                ref_id: "combination:C-GAP",
            },
        ),
        source_result_refs: [
            "result:force:pipe-P-100:midspan:axial",
        ],
        metadata: Some(
            ResultMetadata {
                component: "axial_force",
                coordinate_system: "element_local",
                location: "midspan",
                basis: "explicit_user_linear_combination",
                sign_convention: "positive value follows explicit user linear combination of matching source result sign conventions",
            },
        ),
    },
    ResultItem {
        id: "result:combination:combination-C-GAP:force:pipe-P-100:midspan:shear-y",
        kind: "element_local_shear_force_y",
        value: 0.0,
        unit: "N",
        entity_ref: "pipe:P-100",
        basis_ref: Some(
            ResultBasisRef {
                ref_type: "combination",
                ref_id: "combination:C-GAP",
            },
        ),
        source_result_refs: [
            "result:force:pipe-P-100:midspan:shear-y",
        ],
        metadata: Some(
            ResultMetadata {
                component: "shear_force_y",
                coordinate_system: "element_local",
                location: "midspan",
                basis: "explicit_user_linear_combination",
                sign_convention: "positive value follows explicit user linear combination of matching source result sign conventions",
            },
        ),
    },
    ResultItem {
        id: "result:combination:combination-C-GAP:force:pipe-P-100:midspan:shear-z",
        kind: "element_local_shear_force_z",
        value: 0.0,
        unit: "N",
        entity_ref: "pipe:P-100",
        basis_ref: Some(
            ResultBasisRef {
                ref_type: "combination",
                ref_id: "combination:C-GAP",
            },
        ),
        source_result_refs: [
            "result:force:pipe-P-100:midspan:shear-z",
        ],
        metadata: Some(
            ResultMetadata {
                component: "shear_force_z",
                coordinate_system: "element_local",
                location: "midspan",
                basis: "explicit_user_linear_combination",
                sign_convention: "positive value follows explicit user linear combination of matching source result sign conventions",
            },
        ),
    },
    ResultItem {
        id: "result:combination:combination-C-GAP:force:pipe-P-100:quarter-1:axial",
        kind: "element_local_axial_force",
        value: 100000.0,
        unit: "N",
        entity_ref: "pipe:P-100",
        basis_ref: Some(
            ResultBasisRef {
                ref_type: "combination",
                ref_id: "combination:C-GAP",
            },
        ),
        source_result_refs: [
            "result:force:pipe-P-100:quarter-1:axial",
        ],
        metadata: Some(
            ResultMetadata {
                component: "axial_force",
                coordinate_system: "element_local",
                location: "quarter_1",
                basis: "explicit_user_linear_combination",
                sign_convention: "positive value follows explicit user linear combination of matching source result sign conventions",
            },
        ),
    },
    ResultItem {
        id: "result:combination:combination-C-GAP:force:pipe-P-100:quarter-1:shear-y",
        kind: "element_local_shear_force_y",
        value: 0.0,
        unit: "N",
        entity_ref: "pipe:P-100",
        basis_ref: Some(
            ResultBasisRef {
                ref_type: "combination",
                ref_id: "combination:C-GAP",
            },
        ),
        source_result_refs: [
            "result:force:pipe-P-100:quarter-1:shear-y",
        ],
        metadata: Some(
            ResultMetadata {
                component: "shear_force_y",
                coordinate_system: "element_local",
                location: "quarter_1",
                basis: "explicit_user_linear_combination",
                sign_convention: "positive value follows explicit user linear combination of matching source result sign conventions",
            },
        ),
    },
    ResultItem {
        id: "result:combination:combination-C-GAP:force:pipe-P-100:quarter-1:shear-z",
        kind: "element_local_shear_force_z",
        value: 0.0,
        unit: "N",
        entity_ref: "pipe:P-100",
        basis_ref: Some(
            ResultBasisRef {
                ref_type: "combination",
                ref_id: "combination:C-GAP",
            },
        ),
        source_result_refs: [
            "result:force:pipe-P-100:quarter-1:shear-z",
        ],
        metadata: Some(
            ResultMetadata {
                component: "shear_force_z",
                coordinate_system: "element_local",
                location: "quarter_1",
                basis: "explicit_user_linear_combination",
                sign_convention: "positive value follows explicit user linear combination of matching source result sign conventions",
            },
        ),
    },
    ResultItem {
        id: "result:combination:combination-C-GAP:force:pipe-P-100:quarter-3:axial",
        kind: "element_local_axial_force",
        value: 100000.0,
        unit: "N",
        entity_ref: "pipe:P-100",
        basis_ref: Some(
            ResultBasisRef {
                ref_type: "combination",
                ref_id: "combination:C-GAP",
            },
        ),
        source_result_refs: [
            "result:force:pipe-P-100:quarter-3:axial",
        ],
        metadata: Some(
            ResultMetadata {
                component: "axial_force",
                coordinate_system: "element_local",
                location: "quarter_3",
                basis: "explicit_user_linear_combination",
                sign_convention: "positive value follows explicit user linear combination of matching source result sign conventions",
            },
        ),
    },
    ResultItem {
        id: "result:combination:combination-C-GAP:force:pipe-P-100:quarter-3:shear-y",
        kind: "element_local_shear_force_y",
        value: 0.0,
        unit: "N",
        entity_ref: "pipe:P-100",
        basis_ref: Some(
            ResultBasisRef {
                ref_type: "combination",
                ref_id: "combination:C-GAP",
            },
        ),
        source_result_refs: [
            "result:force:pipe-P-100:quarter-3:shear-y",
        ],
        metadata: Some(
            ResultMetadata {
                component: "shear_force_y",
                coordinate_system: "element_local",
                location: "quarter_3",
                basis: "explicit_user_linear_combination",
                sign_convention: "positive value follows explicit user linear combination of matching source result sign conventions",
            },
        ),
    },
    ResultItem {
        id: "result:combination:combination-C-GAP:force:pipe-P-100:quarter-3:shear-z",
        kind: "element_local_shear_force_z",
        value: 0.0,
        unit: "N",
        entity_ref: "pipe:P-100",
        basis_ref: Some(
            ResultBasisRef {
                ref_type: "combination",
                ref_id: "combination:C-GAP",
            },
        ),
        source_result_refs: [
            "result:force:pipe-P-100:quarter-3:shear-z",
        ],
        metadata: Some(
            ResultMetadata {
                component: "shear_force_z",
                coordinate_system: "element_local",
                location: "quarter_3",
                basis: "explicit_user_linear_combination",
                sign_convention: "positive value follows explicit user linear combination of matching source result sign conventions",
            },
        ),
    },
    ResultItem {
        id: "result:combination:combination-C-GAP:force:pipe-P-100:shear-y",
        kind: "element_local_shear_force_y",
        value: 0.0,
        unit: "N",
        entity_ref: "pipe:P-100",
        basis_ref: Some(
            ResultBasisRef {
                ref_type: "combination",
                ref_id: "combination:C-GAP",
            },
        ),
        source_result_refs: [
            "result:force:pipe-P-100:shear-y",
        ],
        metadata: Some(
            ResultMetadata {
                component: "shear_force_y",
                coordinate_system: "element_local",
                location: "end_i",
                basis: "explicit_user_linear_combination",
                sign_convention: "positive value follows explicit user linear combination of matching source result sign conventions",
            },
        ),
    },
    ResultItem {
        id: "result:combination:combination-C-GAP:force:pipe-P-100:shear-y:end-j",
        kind: "element_local_shear_force_y",
        value: 0.0,
        unit: "N",
        entity_ref: "pipe:P-100",
        basis_ref: Some(
            ResultBasisRef {
                ref_type: "combination",
                ref_id: "combination:C-GAP",
            },
        ),
        source_result_refs: [
            "result:force:pipe-P-100:shear-y:end-j",
        ],
        metadata: Some(
            ResultMetadata {
                component: "shear_force_y",
                coordinate_system: "element_local",
                location: "end_j",
                basis: "explicit_user_linear_combination",
                sign_convention: "positive value follows explicit user linear combination of matching source result sign conventions",
            },
        ),
    },
    ResultItem {
        id: "result:combination:combination-C-GAP:force:pipe-P-100:shear-z",
        kind: "element_local_shear_force_z",
        value: 0.0,
        unit: "N",
        entity_ref: "pipe:P-100",
        basis_ref: Some(
            ResultBasisRef {
                ref_type: "combination",
                ref_id: "combination:C-GAP",
            },
        ),
        source_result_refs: [
            "result:force:pipe-P-100:shear-z",
        ],
        metadata: Some(
            ResultMetadata {
                component: "shear_force_z",
                coordinate_system: "element_local",
                location: "end_i",
                basis: "explicit_user_linear_combination",
                sign_convention: "positive value follows explicit user linear combination of matching source result sign conventions",
            },
        ),
    },
    ResultItem {
        id: "result:combination:combination-C-GAP:force:pipe-P-100:shear-z:end-j",
        kind: "element_local_shear_force_z",
        value: 0.0,
        unit: "N",
        entity_ref: "pipe:P-100",
        basis_ref: Some(
            ResultBasisRef {
                ref_type: "combination",
                ref_id: "combination:C-GAP",
            },
        ),
        source_result_refs: [
            "result:force:pipe-P-100:shear-z:end-j",
        ],
        metadata: Some(
            ResultMetadata {
                component: "shear_force_z",
                coordinate_system: "element_local",
                location: "end_j",
                basis: "explicit_user_linear_combination",
                sign_convention: "positive value follows explicit user linear combination of matching source result sign conventions",
            },
        ),
    },
    ResultItem {
        id: "result:combination:combination-C-GAP:moment:pipe-P-100:bending-y",
        kind: "element_local_bending_moment_y",
        value: 0.0,
        unit: "N*m",
        entity_ref: "pipe:P-100",
        basis_ref: Some(
            ResultBasisRef {
                ref_type: "combination",
                ref_id: "combination:C-GAP",
            },
        ),
        source_result_refs: [
            "result:moment:pipe-P-100:bending-y",
        ],
        metadata: Some(
            ResultMetadata {
                component: "bending_moment_y",
                coordinate_system: "element_local",
                location: "end_i",
                basis: "explicit_user_linear_combination",
                sign_convention: "positive value follows explicit user linear combination of matching source result sign conventions",
            },
        ),
    },
    ResultItem {
        id: "result:combination:combination-C-GAP:moment:pipe-P-100:bending-y:end-j",
        kind: "element_local_bending_moment_y",
        value: 0.0,
        unit: "N*m",
        entity_ref: "pipe:P-100",
        basis_ref: Some(
            ResultBasisRef {
                ref_type: "combination",
                ref_id: "combination:C-GAP",
            },
        ),
        source_result_refs: [
            "result:moment:pipe-P-100:bending-y:end-j",
        ],
        metadata: Some(
            ResultMetadata {
                component: "bending_moment_y",
                coordinate_system: "element_local",
                location: "end_j",
                basis: "explicit_user_linear_combination",
                sign_convention: "positive value follows explicit user linear combination of matching source result sign conventions",
            },
        ),
    },
    ResultItem {
        id: "result:combination:combination-C-GAP:moment:pipe-P-100:bending-z",
        kind: "element_local_bending_moment_z",
        value: 0.0,
        unit: "N*m",
        entity_ref: "pipe:P-100",
        basis_ref: Some(
            ResultBasisRef {
                ref_type: "combination",
                ref_id: "combination:C-GAP",
            },
        ),
        source_result_refs: [
            "result:moment:pipe-P-100:bending-z",
        ],
        metadata: Some(
            ResultMetadata {
                component: "bending_moment_z",
                coordinate_system: "element_local",
                location: "end_i",
                basis: "explicit_user_linear_combination",
                sign_convention: "positive value follows explicit user linear combination of matching source result sign conventions",
            },
        ),
    },
    ResultItem {
        id: "result:combination:combination-C-GAP:moment:pipe-P-100:bending-z:end-j",
        kind: "element_local_bending_moment_z",
        value: 0.0,
        unit: "N*m",
        entity_ref: "pipe:P-100",
        basis_ref: Some(
            ResultBasisRef {
                ref_type: "combination",
                ref_id: "combination:C-GAP",
            },
        ),
        source_result_refs: [
            "result:moment:pipe-P-100:bending-z:end-j",
        ],
        metadata: Some(
            ResultMetadata {
                component: "bending_moment_z",
                coordinate_system: "element_local",
                location: "end_j",
                basis: "explicit_user_linear_combination",
                sign_convention: "positive value follows explicit user linear combination of matching source result sign conventions",
            },
        ),
    },
    ResultItem {
        id: "result:combination:combination-C-GAP:moment:pipe-P-100:midspan:bending-y",
        kind: "element_local_bending_moment_y",
        value: 0.0,
        unit: "N*m",
        entity_ref: "pipe:P-100",
        basis_ref: Some(
            ResultBasisRef {
                ref_type: "combination",
                ref_id: "combination:C-GAP",
            },
        ),
        source_result_refs: [
            "result:moment:pipe-P-100:midspan:bending-y",
        ],
        metadata: Some(
            ResultMetadata {
                component: "bending_moment_y",
                coordinate_system: "element_local",
                location: "midspan",
                basis: "explicit_user_linear_combination",
                sign_convention: "positive value follows explicit user linear combination of matching source result sign conventions",
            },
        ),
    },
    ResultItem {
        id: "result:combination:combination-C-GAP:moment:pipe-P-100:midspan:bending-z",
        kind: "element_local_bending_moment_z",
        value: 0.0,
        unit: "N*m",
        entity_ref: "pipe:P-100",
        basis_ref: Some(
            ResultBasisRef {
                ref_type: "combination",
                ref_id: "combination:C-GAP",
            },
        ),
        source_result_refs: [
            "result:moment:pipe-P-100:midspan:bending-z",
        ],
        metadata: Some(
            ResultMetadata {
                component: "bending_moment_z",
                coordinate_system: "element_local",
                location: "midspan",
                basis: "explicit_user_linear_combination",
                sign_convention: "positive value follows explicit user linear combination of matching source result sign conventions",
            },
        ),
    },
    ResultItem {
        id: "result:combination:combination-C-GAP:moment:pipe-P-100:midspan:torsion",
        kind: "element_local_torsional_moment",
        value: 0.0,
        unit: "N*m",
        entity_ref: "pipe:P-100",
        basis_ref: Some(
            ResultBasisRef {
                ref_type: "combination",
                ref_id: "combination:C-GAP",
            },
        ),
        source_result_refs: [
            "result:moment:pipe-P-100:midspan:torsion",
        ],
        metadata: Some(
            ResultMetadata {
                component: "torsional_moment",
                coordinate_system: "element_local",
                location: "midspan",
                basis: "explicit_user_linear_combination",
                sign_convention: "positive value follows explicit user linear combination of matching source result sign conventions",
            },
        ),
    },
    ResultItem {
        id: "result:combination:combination-C-GAP:moment:pipe-P-100:quarter-1:bending-y",
        kind: "element_local_bending_moment_y",
        value: 0.0,
        unit: "N*m",
        entity_ref: "pipe:P-100",
        basis_ref: Some(
            ResultBasisRef {
                ref_type: "combination",
                ref_id: "combination:C-GAP",
            },
        ),
        source_result_refs: [
            "result:moment:pipe-P-100:quarter-1:bending-y",
        ],
        metadata: Some(
            ResultMetadata {
                component: "bending_moment_y",
                coordinate_system: "element_local",
                location: "quarter_1",
                basis: "explicit_user_linear_combination",
                sign_convention: "positive value follows explicit user linear combination of matching source result sign conventions",
            },
        ),
    },
    ResultItem {
        id: "result:combination:combination-C-GAP:moment:pipe-P-100:quarter-1:bending-z",
        kind: "element_local_bending_moment_z",
        value: 0.0,
        unit: "N*m",
        entity_ref: "pipe:P-100",
        basis_ref: Some(
            ResultBasisRef {
                ref_type: "combination",
                ref_id: "combination:C-GAP",
            },
        ),
        source_result_refs: [
            "result:moment:pipe-P-100:quarter-1:bending-z",
        ],
        metadata: Some(
            ResultMetadata {
                component: "bending_moment_z",
                coordinate_system: "element_local",
                location: "quarter_1",
                basis: "explicit_user_linear_combination",
                sign_convention: "positive value follows explicit user linear combination of matching source result sign conventions",
            },
        ),
    },
    ResultItem {
        id: "result:combination:combination-C-GAP:moment:pipe-P-100:quarter-1:torsion",
        kind: "element_local_torsional_moment",
        value: 0.0,
        unit: "N*m",
        entity_ref: "pipe:P-100",
        basis_ref: Some(
            ResultBasisRef {
                ref_type: "combination",
                ref_id: "combination:C-GAP",
            },
        ),
        source_result_refs: [
            "result:moment:pipe-P-100:quarter-1:torsion",
        ],
        metadata: Some(
            ResultMetadata {
                component: "torsional_moment",
                coordinate_system: "element_local",
                location: "quarter_1",
                basis: "explicit_user_linear_combination",
                sign_convention: "positive value follows explicit user linear combination of matching source result sign conventions",
            },
        ),
    },
    ResultItem {
        id: "result:combination:combination-C-GAP:moment:pipe-P-100:quarter-3:bending-y",
        kind: "element_local_bending_moment_y",
        value: 0.0,
        unit: "N*m",
        entity_ref: "pipe:P-100",
        basis_ref: Some(
            ResultBasisRef {
                ref_type: "combination",
                ref_id: "combination:C-GAP",
            },
        ),
        source_result_refs: [
            "result:moment:pipe-P-100:quarter-3:bending-y",
        ],
        metadata: Some(
            ResultMetadata {
                component: "bending_moment_y",
                coordinate_system: "element_local",
                location: "quarter_3",
                basis: "explicit_user_linear_combination",
                sign_convention: "positive value follows explicit user linear combination of matching source result sign conventions",
            },
        ),
    },
    ResultItem {
        id: "result:combination:combination-C-GAP:moment:pipe-P-100:quarter-3:bending-z",
        kind: "element_local_bending_moment_z",
        value: 0.0,
        unit: "N*m",
        entity_ref: "pipe:P-100",
        basis_ref: Some(
            ResultBasisRef {
                ref_type: "combination",
                ref_id: "combination:C-GAP",
            },
        ),
        source_result_refs: [
            "result:moment:pipe-P-100:quarter-3:bending-z",
        ],
        metadata: Some(
            ResultMetadata {
                component: "bending_moment_z",
                coordinate_system: "element_local",
                location: "quarter_3",
                basis: "explicit_user_linear_combination",
                sign_convention: "positive value follows explicit user linear combination of matching source result sign conventions",
            },
        ),
    },
    ResultItem {
        id: "result:combination:combination-C-GAP:moment:pipe-P-100:quarter-3:torsion",
        kind: "element_local_torsional_moment",
        value: 0.0,
        unit: "N*m",
        entity_ref: "pipe:P-100",
        basis_ref: Some(
            ResultBasisRef {
                ref_type: "combination",
                ref_id: "combination:C-GAP",
            },
        ),
        source_result_refs: [
            "result:moment:pipe-P-100:quarter-3:torsion",
        ],
        metadata: Some(
            ResultMetadata {
                component: "torsional_moment",
                coordinate_system: "element_local",
                location: "quarter_3",
                basis: "explicit_user_linear_combination",
                sign_convention: "positive value follows explicit user linear combination of matching source result sign conventions",
            },
        ),
    },
    ResultItem {
        id: "result:combination:combination-C-GAP:moment:pipe-P-100:torsion",
        kind: "element_local_torsional_moment",
        value: 0.0,
        unit: "N*m",
        entity_ref: "pipe:P-100",
        basis_ref: Some(
            ResultBasisRef {
                ref_type: "combination",
                ref_id: "combination:C-GAP",
            },
        ),
        source_result_refs: [
            "result:moment:pipe-P-100:torsion",
        ],
        metadata: Some(
            ResultMetadata {
                component: "torsional_moment",
                coordinate_system: "element_local",
                location: "end_i",
                basis: "explicit_user_linear_combination",
                sign_convention: "positive value follows explicit user linear combination of matching source result sign conventions",
            },
        ),
    },
    ResultItem {
        id: "result:combination:combination-C-GAP:moment:pipe-P-100:torsion:end-j",
        kind: "element_local_torsional_moment",
        value: 0.0,
        unit: "N*m",
        entity_ref: "pipe:P-100",
        basis_ref: Some(
            ResultBasisRef {
                ref_type: "combination",
                ref_id: "combination:C-GAP",
            },
        ),
        source_result_refs: [
            "result:moment:pipe-P-100:torsion:end-j",
        ],
        metadata: Some(
            ResultMetadata {
                component: "torsional_moment",
                coordinate_system: "element_local",
                location: "end_j",
                basis: "explicit_user_linear_combination",
                sign_convention: "positive value follows explicit user linear combination of matching source result sign conventions",
            },
        ),
    },
    ResultItem {
        id: "result:combination:combination-C-GAP:nonlinear-support:support-NL-GAP-110:ux-displacement",
        kind: "nonlinear_support_final_displacement",
        value: 0.05,
        unit: "mm",
        entity_ref: "support:NL-GAP-110",
        basis_ref: Some(
            ResultBasisRef {
                ref_type: "combination",
                ref_id: "combination:C-GAP",
            },
        ),
        source_result_refs: [
            "result:nonlinear-support:support-NL-GAP-110:ux-displacement",
        ],
        metadata: Some(
            ResultMetadata {
                component: "nonlinear_support_final_displacement",
                coordinate_system: "solver_iteration",
                location: "ux",
                basis: "explicit_user_linear_combination",
                sign_convention: "positive value follows explicit user linear combination of matching source result sign conventions",
            },
        ),
    },
    ResultItem {
        id: "result:combination:combination-C-GAP:nonlinear-support:support-NL-GAP-110:ux-reaction",
        kind: "nonlinear_support_final_reaction",
        value: -100000.0,
        unit: "N",
        entity_ref: "support:NL-GAP-110",
        basis_ref: Some(
            ResultBasisRef {
                ref_type: "combination",
                ref_id: "combination:C-GAP",
            },
        ),
        source_result_refs: [
            "result:nonlinear-support:support-NL-GAP-110:ux-reaction",
        ],
        metadata: Some(
            ResultMetadata {
                component: "nonlinear_support_final_reaction",
                coordinate_system: "solver_iteration",
                location: "ux",
                basis: "explicit_user_linear_combination",
                sign_convention: "positive value follows explicit user linear combination of matching source result sign conventions",
            },
        ),
    },
    ResultItem {
        id: "result:combination:combination-C-GAP:reaction:support-NL-GAP-110",
        kind: "reaction_resultant",
        value: 100000.0,
        unit: "N",
        entity_ref: "support:NL-GAP-110",
        basis_ref: Some(
            ResultBasisRef {
                ref_type: "combination",
                ref_id: "combination:C-GAP",
            },
        ),
        source_result_refs: [
            "result:reaction:support-NL-GAP-110",
        ],
        metadata: None,
    },
    ResultItem {
        id: "result:combination:combination-C-GAP:reaction:support-S-100",
        kind: "reaction_resultant",
        value: 0.0,
        unit: "N",
        entity_ref: "support:S-100",
        basis_ref: Some(
            ResultBasisRef {
                ref_type: "combination",
                ref_id: "combination:C-GAP",
            },
        ),
        source_result_refs: [
            "result:reaction:support-S-100",
        ],
        metadata: None,
    },
    ResultItem {
        id: "result:combination:combination-C-GAP:stress:pipe-P-100:end-i:axial-normal",
        kind: "element_local_axial_normal_stress",
        value: 28.244000548694814,
        unit: "MPa",
        entity_ref: "pipe:P-100",
        basis_ref: Some(
            ResultBasisRef {
                ref_type: "combination",
                ref_id: "combination:C-GAP",
            },
        ),
        source_result_refs: [
            "result:stress:pipe-P-100:end-i:axial-normal",
        ],
        metadata: Some(
            ResultMetadata {
                component: "axial_normal_stress",
                coordinate_system: "element_local",
                location: "end_i",
                basis: "explicit_user_linear_combination",
                sign_convention: "positive value follows explicit user linear combination of matching source result sign conventions",
            },
        ),
    },
    ResultItem {
        id: "result:combination:combination-C-GAP:stress:pipe-P-100:end-i:bending-normal-y",
        kind: "element_local_bending_normal_stress_y",
        value: 0.0,
        unit: "MPa",
        entity_ref: "pipe:P-100",
        basis_ref: Some(
            ResultBasisRef {
                ref_type: "combination",
                ref_id: "combination:C-GAP",
            },
        ),
        source_result_refs: [
            "result:stress:pipe-P-100:end-i:bending-normal-y",
        ],
        metadata: Some(
            ResultMetadata {
                component: "bending_normal_stress_y",
                coordinate_system: "element_local",
                location: "end_i",
                basis: "explicit_user_linear_combination",
                sign_convention: "positive value follows explicit user linear combination of matching source result sign conventions",
            },
        ),
    },
    ResultItem {
        id: "result:combination:combination-C-GAP:stress:pipe-P-100:end-i:bending-normal-z",
        kind: "element_local_bending_normal_stress_z",
        value: 0.0,
        unit: "MPa",
        entity_ref: "pipe:P-100",
        basis_ref: Some(
            ResultBasisRef {
                ref_type: "combination",
                ref_id: "combination:C-GAP",
            },
        ),
        source_result_refs: [
            "result:stress:pipe-P-100:end-i:bending-normal-z",
        ],
        metadata: Some(
            ResultMetadata {
                component: "bending_normal_stress_z",
                coordinate_system: "element_local",
                location: "end_i",
                basis: "explicit_user_linear_combination",
                sign_convention: "positive value follows explicit user linear combination of matching source result sign conventions",
            },
        ),
    },
    ResultItem {
        id: "result:combination:combination-C-GAP:stress:pipe-P-100:end-i:torsional-shear",
        kind: "element_local_torsional_shear_stress",
        value: 0.0,
        unit: "MPa",
        entity_ref: "pipe:P-100",
        basis_ref: Some(
            ResultBasisRef {
                ref_type: "combination",
                ref_id: "combination:C-GAP",
            },
        ),
        source_result_refs: [
            "result:stress:pipe-P-100:end-i:torsional-shear",
        ],
        metadata: Some(
            ResultMetadata {
                component: "torsional_shear_stress",
                coordinate_system: "element_local",
                location: "end_i",
                basis: "explicit_user_linear_combination",
                sign_convention: "positive value follows explicit user linear combination of matching source result sign conventions",
            },
        ),
    },
    ResultItem {
        id: "result:combination:combination-C-GAP:stress:pipe-P-100:end-j:axial-normal",
        kind: "element_local_axial_normal_stress",
        value: 28.244000548694814,
        unit: "MPa",
        entity_ref: "pipe:P-100",
        basis_ref: Some(
            ResultBasisRef {
                ref_type: "combination",
                ref_id: "combination:C-GAP",
            },
        ),
        source_result_refs: [
            "result:stress:pipe-P-100:end-j:axial-normal",
        ],
        metadata: Some(
            ResultMetadata {
                component: "axial_normal_stress",
                coordinate_system: "element_local",
                location: "end_j",
                basis: "explicit_user_linear_combination",
                sign_convention: "positive value follows explicit user linear combination of matching source result sign conventions",
            },
        ),
    },
    ResultItem {
        id: "result:combination:combination-C-GAP:stress:pipe-P-100:end-j:bending-normal-y",
        kind: "element_local_bending_normal_stress_y",
        value: 0.0,
        unit: "MPa",
        entity_ref: "pipe:P-100",
        basis_ref: Some(
            ResultBasisRef {
                ref_type: "combination",
                ref_id: "combination:C-GAP",
            },
        ),
        source_result_refs: [
            "result:stress:pipe-P-100:end-j:bending-normal-y",
        ],
        metadata: Some(
            ResultMetadata {
                component: "bending_normal_stress_y",
                coordinate_system: "element_local",
                location: "end_j",
                basis: "explicit_user_linear_combination",
                sign_convention: "positive value follows explicit user linear combination of matching source result sign conventions",
            },
        ),
    },
    ResultItem {
        id: "result:combination:combination-C-GAP:stress:pipe-P-100:end-j:bending-normal-z",
        kind: "element_local_bending_normal_stress_z",
        value: 0.0,
        unit: "MPa",
        entity_ref: "pipe:P-100",
        basis_ref: Some(
            ResultBasisRef {
                ref_type: "combination",
                ref_id: "combination:C-GAP",
            },
        ),
        source_result_refs: [
            "result:stress:pipe-P-100:end-j:bending-normal-z",
        ],
        metadata: Some(
            ResultMetadata {
                component: "bending_normal_stress_z",
                coordinate_system: "element_local",
                location: "end_j",
                basis: "explicit_user_linear_combination",
                sign_convention: "positive value follows explicit user linear combination of matching source result sign conventions",
            },
        ),
    },
    ResultItem {
        id: "result:combination:combination-C-GAP:stress:pipe-P-100:end-j:torsional-shear",
        kind: "element_local_torsional_shear_stress",
        value: 0.0,
        unit: "MPa",
        entity_ref: "pipe:P-100",
        basis_ref: Some(
            ResultBasisRef {
                ref_type: "combination",
                ref_id: "combination:C-GAP",
            },
        ),
        source_result_refs: [
            "result:stress:pipe-P-100:end-j:torsional-shear",
        ],
        metadata: Some(
            ResultMetadata {
                component: "torsional_shear_stress",
                coordinate_system: "element_local",
                location: "end_j",
                basis: "explicit_user_linear_combination",
                sign_convention: "positive value follows explicit user linear combination of matching source result sign conventions",
            },
        ),
    },
    ResultItem {
        id: "result:combination:combination-C-GAP:stress:pipe-P-100:midspan:axial-normal",
        kind: "element_local_axial_normal_stress",
        value: 28.244000548694814,
        unit: "MPa",
        entity_ref: "pipe:P-100",
        basis_ref: Some(
            ResultBasisRef {
                ref_type: "combination",
                ref_id: "combination:C-GAP",
            },
        ),
        source_result_refs: [
            "result:stress:pipe-P-100:midspan:axial-normal",
        ],
        metadata: Some(
            ResultMetadata {
                component: "axial_normal_stress",
                coordinate_system: "element_local",
                location: "midspan",
                basis: "explicit_user_linear_combination",
                sign_convention: "positive value follows explicit user linear combination of matching source result sign conventions",
            },
        ),
    },
    ResultItem {
        id: "result:combination:combination-C-GAP:stress:pipe-P-100:midspan:bending-normal-y",
        kind: "element_local_bending_normal_stress_y",
        value: 0.0,
        unit: "MPa",
        entity_ref: "pipe:P-100",
        basis_ref: Some(
            ResultBasisRef {
                ref_type: "combination",
                ref_id: "combination:C-GAP",
            },
        ),
        source_result_refs: [
            "result:stress:pipe-P-100:midspan:bending-normal-y",
        ],
        metadata: Some(
            ResultMetadata {
                component: "bending_normal_stress_y",
                coordinate_system: "element_local",
                location: "midspan",
                basis: "explicit_user_linear_combination",
                sign_convention: "positive value follows explicit user linear combination of matching source result sign conventions",
            },
        ),
    },
    ResultItem {
        id: "result:combination:combination-C-GAP:stress:pipe-P-100:midspan:bending-normal-z",
        kind: "element_local_bending_normal_stress_z",
        value: 0.0,
        unit: "MPa",
        entity_ref: "pipe:P-100",
        basis_ref: Some(
            ResultBasisRef {
                ref_type: "combination",
                ref_id: "combination:C-GAP",
            },
        ),
        source_result_refs: [
            "result:stress:pipe-P-100:midspan:bending-normal-z",
        ],
        metadata: Some(
            ResultMetadata {
                component: "bending_normal_stress_z",
                coordinate_system: "element_local",
                location: "midspan",
                basis: "explicit_user_linear_combination",
                sign_convention: "positive value follows explicit user linear combination of matching source result sign conventions",
            },
        ),
    },
    ResultItem {
        id: "result:combination:combination-C-GAP:stress:pipe-P-100:midspan:torsional-shear",
        kind: "element_local_torsional_shear_stress",
        value: 0.0,
        unit: "MPa",
        entity_ref: "pipe:P-100",
        basis_ref: Some(
            ResultBasisRef {
                ref_type: "combination",
                ref_id: "combination:C-GAP",
            },
        ),
        source_result_refs: [
            "result:stress:pipe-P-100:midspan:torsional-shear",
        ],
        metadata: Some(
            ResultMetadata {
                component: "torsional_shear_stress",
                coordinate_system: "element_local",
                location: "midspan",
                basis: "explicit_user_linear_combination",
                sign_convention: "positive value follows explicit user linear combination of matching source result sign conventions",
            },
        ),
    },
    ResultItem {
        id: "result:combination:combination-C-GAP:stress:pipe-P-100:quarter-1:axial-normal",
        kind: "element_local_axial_normal_stress",
        value: 28.244000548694814,
        unit: "MPa",
        entity_ref: "pipe:P-100",
        basis_ref: Some(
            ResultBasisRef {
                ref_type: "combination",
                ref_id: "combination:C-GAP",
            },
        ),
        source_result_refs: [
            "result:stress:pipe-P-100:quarter-1:axial-normal",
        ],
        metadata: Some(
            ResultMetadata {
                component: "axial_normal_stress",
                coordinate_system: "element_local",
                location: "quarter_1",
                basis: "explicit_user_linear_combination",
                sign_convention: "positive value follows explicit user linear combination of matching source result sign conventions",
            },
        ),
    },
    ResultItem {
        id: "result:combination:combination-C-GAP:stress:pipe-P-100:quarter-1:bending-normal-y",
        kind: "element_local_bending_normal_stress_y",
        value: 0.0,
        unit: "MPa",
        entity_ref: "pipe:P-100",
        basis_ref: Some(
            ResultBasisRef {
                ref_type: "combination",
                ref_id: "combination:C-GAP",
            },
        ),
        source_result_refs: [
            "result:stress:pipe-P-100:quarter-1:bending-normal-y",
        ],
        metadata: Some(
            ResultMetadata {
                component: "bending_normal_stress_y",
                coordinate_system: "element_local",
                location: "quarter_1",
                basis: "explicit_user_linear_combination",
                sign_convention: "positive value follows explicit user linear combination of matching source result sign conventions",
            },
        ),
    },
    ResultItem {
        id: "result:combination:combination-C-GAP:stress:pipe-P-100:quarter-1:bending-normal-z",
        kind: "element_local_bending_normal_stress_z",
        value: 0.0,
        unit: "MPa",
        entity_ref: "pipe:P-100",
        basis_ref: Some(
            ResultBasisRef {
                ref_type: "combination",
                ref_id: "combination:C-GAP",
            },
        ),
        source_result_refs: [
            "result:stress:pipe-P-100:quarter-1:bending-normal-z",
        ],
        metadata: Some(
            ResultMetadata {
                component: "bending_normal_stress_z",
                coordinate_system: "element_local",
                location: "quarter_1",
                basis: "explicit_user_linear_combination",
                sign_convention: "positive value follows explicit user linear combination of matching source result sign conventions",
            },
        ),
    },
    ResultItem {
        id: "result:combination:combination-C-GAP:stress:pipe-P-100:quarter-1:torsional-shear",
        kind: "element_local_torsional_shear_stress",
        value: 0.0,
        unit: "MPa",
        entity_ref: "pipe:P-100",
        basis_ref: Some(
            ResultBasisRef {
                ref_type: "combination",
                ref_id: "combination:C-GAP",
            },
        ),
        source_result_refs: [
            "result:stress:pipe-P-100:quarter-1:torsional-shear",
        ],
        metadata: Some(
            ResultMetadata {
                component: "torsional_shear_stress",
                coordinate_system: "element_local",
                location: "quarter_1",
                basis: "explicit_user_linear_combination",
                sign_convention: "positive value follows explicit user linear combination of matching source result sign conventions",
            },
        ),
    },
    ResultItem {
        id: "result:combination:combination-C-GAP:stress:pipe-P-100:quarter-3:axial-normal",
        kind: "element_local_axial_normal_stress",
        value: 28.244000548694814,
        unit: "MPa",
        entity_ref: "pipe:P-100",
        basis_ref: Some(
            ResultBasisRef {
                ref_type: "combination",
                ref_id: "combination:C-GAP",
            },
        ),
        source_result_refs: [
            "result:stress:pipe-P-100:quarter-3:axial-normal",
        ],
        metadata: Some(
            ResultMetadata {
                component: "axial_normal_stress",
                coordinate_system: "element_local",
                location: "quarter_3",
                basis: "explicit_user_linear_combination",
                sign_convention: "positive value follows explicit user linear combination of matching source result sign conventions",
            },
        ),
    },
    ResultItem {
        id: "result:combination:combination-C-GAP:stress:pipe-P-100:quarter-3:bending-normal-y",
        kind: "element_local_bending_normal_stress_y",
        value: 0.0,
        unit: "MPa",
        entity_ref: "pipe:P-100",
        basis_ref: Some(
            ResultBasisRef {
                ref_type: "combination",
                ref_id: "combination:C-GAP",
            },
        ),
        source_result_refs: [
            "result:stress:pipe-P-100:quarter-3:bending-normal-y",
        ],
        metadata: Some(
            ResultMetadata {
                component: "bending_normal_stress_y",
                coordinate_system: "element_local",
                location: "quarter_3",
                basis: "explicit_user_linear_combination",
                sign_convention: "positive value follows explicit user linear combination of matching source result sign conventions",
            },
        ),
    },
    ResultItem {
        id: "result:combination:combination-C-GAP:stress:pipe-P-100:quarter-3:bending-normal-z",
        kind: "element_local_bending_normal_stress_z",
        value: 0.0,
        unit: "MPa",
        entity_ref: "pipe:P-100",
        basis_ref: Some(
            ResultBasisRef {
                ref_type: "combination",
                ref_id: "combination:C-GAP",
            },
        ),
        source_result_refs: [
            "result:stress:pipe-P-100:quarter-3:bending-normal-z",
        ],
        metadata: Some(
            ResultMetadata {
                component: "bending_normal_stress_z",
                coordinate_system: "element_local",
                location: "quarter_3",
                basis: "explicit_user_linear_combination",
                sign_convention: "positive value follows explicit user linear combination of matching source result sign conventions",
            },
        ),
    },
    ResultItem {
        id: "result:combination:combination-C-GAP:stress:pipe-P-100:quarter-3:torsional-shear",
        kind: "element_local_torsional_shear_stress",
        value: 0.0,
        unit: "MPa",
        entity_ref: "pipe:P-100",
        basis_ref: Some(
            ResultBasisRef {
                ref_type: "combination",
                ref_id: "combination:C-GAP",
            },
        ),
        source_result_refs: [
            "result:stress:pipe-P-100:quarter-3:torsional-shear",
        ],
        metadata: Some(
            ResultMetadata {
                component: "torsional_shear_stress",
                coordinate_system: "element_local",
                location: "quarter_3",
                basis: "explicit_user_linear_combination",
                sign_convention: "positive value follows explicit user linear combination of matching source result sign conventions",
            },
        ),
    },
]
DIAGPROBE INPUT label=contact_reversed seed=inactive mode=dense_scrutiny {"model":{"schema_version":"0.1.0","document_kind":"openpipestress.product_preview.model","project":{"id":"project:invented-loop-01","units":{"angle":"rad","force":"N","length":"m","pressure":"Pa","stress":"MPa","temperature":"degC"}},"analysis_status":{"mechanics":"ready_for_preview_diagnostics","rule_check":"not_performed_user_rule_inputs_missing","professional_acceptance":"not_provided"},"nodes":[{"id":"node:N-100","position":{"x":0.0,"y":0.0,"z":0.0},"provenance":"invented_example"},{"id":"node:N-110","position":{"x":1.0,"y":0.0,"z":0.0},"provenance":"invented_example"}],"pipe_segments":[{"id":"pipe:P-100","from":"node:N-100","to":"node:N-110","section":{"outside_diameter":{"value":0.168,"unit":"m"},"wall_thickness":{"value":0.007,"unit":"m"},"mill_tolerance":null,"material_density":null,"contents_density":null,"insulation_thickness":null,"insulation_density":null},"section_ref":null,"material":"material:invented-carbon-steel","y_reference":{"x":0.0,"y":1.0,"z":0.0},"provenance":"invented_example_no_standard_catalog"}],"sections":[],"supports":[{"id":"support:S-100","node":"node:N-100","restraints":["UY","UZ","RX","RY","RZ"],"family":"anchor","stiffness":null,"hanger":null,"nonlinear":null,"provenance":"invented_example"},{"id":"support:NL-GAP-110","node":"node:N-100","restraints":[],"family":"nonlinear","stiffness":null,"hanger":null,"nonlinear":{"behavior":"gap","dof":"UX","initial_state":"inactive","active_when":null,"contact_when":null,"closes_when":"positive_displacement","gap":{"value":0.05,"unit":"mm"},"friction_coefficient":null,"normal_reaction":null,"normal_reaction_source":null},"provenance":"invented_example_user_entered_nonlinear_support_no_catalog"}],"components":[],"materials":[{"id":"material:invented-carbon-steel","elastic_modulus":{"value":200000000000.0,"unit":"Pa"},"shear_modulus":{"value":77000000000.0,"unit":"Pa"},"thermal_expansion_coefficient":{"value":0.000012,"unit":"1/degC"},"temperature_points":[],"provenance":"invented_example_no_material_standard"}],"load_cases":[{"id":"load:L-GAP","primitive_loads":[{"id":"load:L-GAP-X","category":"occasional","target":{"type":"node","node":"node:N-110"},"direction":"global_x","magnitude":{"value":-100000.0,"unit":"N"},"dimension":"force","provenance":"invented_example_user_input"}],"equivalent_static":null,"modulus_basis_ref":null,"modulus_basis_temperature":null,"provenance":"invented_example_no_code_combination"}],"combinations":[{"id":"combination:C-GAP","label":null,"basis":"mechanics","terms":[{"load_case":"load:L-GAP","factor":1.0}],"minuend_id":null,"subtrahend_id":null,"operand_ids":null,"mode":null,"provenance":"invented_example_no_code_combination"}]},"materials":[{"id":"material:invented-carbon-steel","elastic_modulus":{"value":200000000000.0,"unit":"Pa"},"shear_modulus":{"value":77000000000.0,"unit":"Pa"},"thermal_expansion_coefficient":{"value":0.000012,"unit":"1/degC"},"temperature_points":[],"provenance":"invented_example_no_material_standard"}]}
DIAGPROBE OUTPUT label=contact_reversed seed=inactive mode=dense_scrutiny status=StatusEnvelope {
    mechanics: "MODEL_INCOMPLETE",
    rule_check: "RULE_INPUTS_INCOMPLETE",
    professional_acceptance: "NOT_PROVIDED",
} quality=NumericalQuality {
    value_representation: "finite_binary64",
    publication_quantization: "none",
    integrity_policy: "M03-INTEGRITY-v1",
    status: Failed,
    cases: [
        NumericalCaseQuality {
            basis_ref: ResultBasisRef {
                ref_type: "load_case",
                ref_id: "load:L-GAP",
            },
            structural_status: PhysicalMechanismWitnessed,
            solve_quality: Failed,
            model_matrix_fidelity: NotAssessed,
            accuracy_evidence: NotClaimed,
            evidence_refs: [
                "diagnostic:numerical-integrity:load:L-GAP",
            ],
        },
    ],
} diagnostics=[
    Diagnostic {
        id: "diagnostic:numerical-integrity:load:L-GAP",
        code: "NUMERICAL_INTEGRITY_PHYSICAL_MECHANISM",
        severity: "blocking",
        message: "Load case load:L-GAP: structural integrity: Mechanism { direction: [1.0, -0.0, -0.0, -0.0, -0.0, -0.0, 1.0, -0.0, -0.0, -0.0, -0.0, -0.0] }; global_dof_map=[\"node:N-100:UX\", \"node:N-100:UY\", \"node:N-100:UZ\", \"node:N-100:RX\", \"node:N-100:RY\", \"node:N-100:RZ\", \"node:N-110:UX\", \"node:N-110:UY\", \"node:N-110:UZ\", \"node:N-110:RX\", \"node:N-110:RY\", \"node:N-110:RZ\"]; no structural rejection is bypassed by generic LU or output quantization",
        source: Some(
            "core/product_physics",
        ),
        affected_refs: [
            "load:L-GAP",
        ],
    },
    Diagnostic {
        id: "diagnostic:nonlinear:load-L-GAP:blocked",
        code: "NONLINEAR_SUPPORT_LOOP_BLOCKED",
        severity: "blocking",
        message: "nonlinear support dense preview loop could not run: structural integrity: Mechanism { direction: [1.0, -0.0, -0.0, -0.0, -0.0, -0.0, 1.0, -0.0, -0.0, -0.0, -0.0, -0.0] }",
        source: Some(
            "core/product_physics",
        ),
        affected_refs: [
            "load:L-GAP",
        ],
    },
    Diagnostic {
        id: "diagnostic:physics:selected-state-unavailable",
        code: "SOLVER_SYSTEM_BLOCKED",
        severity: "blocking",
        message: "nonlinear selected mechanics state is unavailable or did not converge",
        source: Some(
            "core/product_physics",
        ),
        affected_refs: [
            "load:L-GAP",
        ],
    },
] rows=[]
DIAGPROBE INPUT label=mixed_original_fixture mode=dense_scrutiny {"model":{"schema_version":"0.1.0","document_kind":"openpipestress.product_preview.model","project":{"id":"project:invented-loop-01","units":{"angle":"rad","force":"N","length":"m","pressure":"Pa","stress":"MPa","temperature":"degC"}},"analysis_status":{"mechanics":"ready_for_preview_diagnostics","rule_check":"not_performed_user_rule_inputs_missing","professional_acceptance":"not_provided"},"nodes":[{"id":"node:N-100","position":{"x":0.0,"y":0.0,"z":0.0},"provenance":"invented_example"},{"id":"node:N-110","position":{"x":1.0,"y":0.0,"z":0.0},"provenance":"invented_example"}],"pipe_segments":[{"id":"pipe:P-100","from":"node:N-100","to":"node:N-110","section":{"outside_diameter":{"value":0.168,"unit":"m"},"wall_thickness":{"value":0.007,"unit":"m"},"mill_tolerance":null,"material_density":null,"contents_density":null,"insulation_thickness":null,"insulation_density":null},"section_ref":null,"material":"material:invented-carbon-steel","y_reference":{"x":0.0,"y":1.0,"z":0.0},"provenance":"invented_example_no_standard_catalog"}],"sections":[],"supports":[{"id":"support:S-100","node":"node:N-100","restraints":["UX","UY","UZ","RX","RY","RZ"],"family":"anchor","stiffness":null,"hanger":null,"nonlinear":null,"provenance":"invented_example"},{"id":"support:NL-MIX-ONEWAY-110","node":"node:N-110","restraints":[],"family":"nonlinear","stiffness":null,"hanger":null,"nonlinear":{"behavior":"one_way","dof":"UX","initial_state":"active","active_when":"positive_reaction","contact_when":null,"closes_when":null,"gap":null,"friction_coefficient":null,"normal_reaction":null,"normal_reaction_source":null},"provenance":"invented_example_user_entered_nonlinear_support_no_catalog"},{"id":"support:NL-MIX-GAP-110","node":"node:N-110","restraints":[],"family":"nonlinear","stiffness":null,"hanger":null,"nonlinear":{"behavior":"gap","dof":"UY","initial_state":"inactive","active_when":null,"contact_when":null,"closes_when":"positive_displacement","gap":{"value":0.05,"unit":"mm"},"friction_coefficient":null,"normal_reaction":null,"normal_reaction_source":null},"provenance":"invented_example_user_entered_nonlinear_gap_no_catalog"},{"id":"support:NL-MIX-FRIC-110","node":"node:N-110","restraints":[],"family":"nonlinear","stiffness":null,"hanger":null,"nonlinear":{"behavior":"friction","dof":"UZ","initial_state":"sticking","active_when":null,"contact_when":null,"closes_when":null,"gap":null,"friction_coefficient":{"value":0.3,"unit":"none"},"normal_reaction":{"value":10.0,"unit":"N"},"normal_reaction_source":null},"provenance":"invented_example_user_entered_nonlinear_friction_no_catalog"}],"components":[],"materials":[{"id":"material:invented-carbon-steel","elastic_modulus":{"value":200000000000.0,"unit":"Pa"},"shear_modulus":{"value":77000000000.0,"unit":"Pa"},"thermal_expansion_coefficient":{"value":0.000012,"unit":"1/degC"},"temperature_points":[],"provenance":"invented_example_no_material_standard"}],"load_cases":[{"id":"load:L-MIXED-NONLINEAR","primitive_loads":[{"id":"load:L-MIXED-NONLINEAR-X","category":"occasional","target":{"type":"node","node":"node:N-110"},"direction":"global_x","magnitude":{"value":100.0,"unit":"N"},"dimension":"force","provenance":"invented_example_user_input"},{"id":"load:L-MIXED-NONLINEAR-Y","category":"occasional","target":{"type":"node","node":"node:N-110"},"direction":"global_y","magnitude":{"value":100000.0,"unit":"N"},"dimension":"force","provenance":"invented_example_user_input"},{"id":"load:L-MIXED-NONLINEAR-Z","category":"occasional","target":{"type":"node","node":"node:N-110"},"direction":"global_z","magnitude":{"value":100.0,"unit":"N"},"dimension":"force","provenance":"invented_example_user_input"}],"equivalent_static":null,"modulus_basis_ref":null,"modulus_basis_temperature":null,"provenance":"invented_example_no_code_combination"}],"combinations":[{"id":"combination:C-MIXED-NONLINEAR","label":null,"basis":"mechanics","terms":[{"load_case":"load:L-MIXED-NONLINEAR","factor":1.0}],"minuend_id":null,"subtrahend_id":null,"operand_ids":null,"mode":null,"provenance":"invented_example_no_code_combination"}]},"materials":[{"id":"material:invented-carbon-steel","elastic_modulus":{"value":200000000000.0,"unit":"Pa"},"shear_modulus":{"value":77000000000.0,"unit":"Pa"},"thermal_expansion_coefficient":{"value":0.000012,"unit":"1/degC"},"temperature_points":[],"provenance":"invented_example_no_material_standard"}]}
DIAGPROBE FINAL_QUALIFICATION case=load:L-MIXED-NONLINEAR mode=dense_scrutiny outcome=Ok(false) converged=true strict_gap_unqualified_reason=Some("strict-gap proof supports only gap-only objective straight-frame bodies with declared nodal loads and linear springs; mixed/curved/user/affine source capability remains unqualified") final_states=[
    SupportStateRecord {
        support_id: "support:NL-MIX-FRIC-110",
        state: Sliding,
    },
    SupportStateRecord {
        support_id: "support:NL-MIX-GAP-110",
        state: Active,
    },
    SupportStateRecord {
        support_id: "support:NL-MIX-ONEWAY-110",
        state: Inactive,
    },
] selected_u=[
    0.0,
    0.0,
    0.0,
    0.0,
    0.0,
    0.0,
    1.4122000274347406e-7,
    5e-5,
    1.4065809540358881e-5,
    0.0,
    -2.1098714310538325e-5,
    7.500000000000002e-5,
] selected_reactions=[
    -100.0,
    -344.8077400795132,
    -97.00000000000011,
    0.0,
    97.00000000000013,
    -344.80774007951345,
    0.0,
    -99655.19225992048,
    -2.9999999999998863,
    0.0,
    0.0,
    1.1368683772161603e-13,
]
DIAGPROBE ITERATION index=1 strict_gap=("unsupported", Some("strict-gap proof supports only gap-only objective straight-frame bodies with declared nodal loads and linear springs; mixed/curved/user/affine source capability remains unqualified")) contact_branches_admissible=true active_set=ActiveSetIteration {
    iteration: 1,
    states: [
        SupportStateRecord {
            support_id: "support:NL-MIX-FRIC-110",
            state: Sliding,
        },
        SupportStateRecord {
            support_id: "support:NL-MIX-GAP-110",
            state: Active,
        },
        SupportStateRecord {
            support_id: "support:NL-MIX-ONEWAY-110",
            state: Inactive,
        },
    ],
    changed_supports: [
        "support:NL-MIX-FRIC-110",
        "support:NL-MIX-GAP-110",
        "support:NL-MIX-ONEWAY-110",
    ],
    residual_norm: 3.0,
    converged: false,
    diagnostics: [
        SolverDiagnostic {
            code: NonConvergence,
            class: NonlinearWarning,
            severity: Warning,
            source: SolverIteration,
            message: "solver residual 3 exceeds tolerance 0 before the iteration limit; active-set changed supports: support:NL-MIX-FRIC-110,support:NL-MIX-GAP-110,support:NL-MIX-ONEWAY-110; active-set states: support:NL-MIX-FRIC-110=sliding,support:NL-MIX-GAP-110=active,support:NL-MIX-ONEWAY-110=inactive",
            affected_ref: Some(
                "active-set:support:NL-MIX-FRIC-110,support:NL-MIX-GAP-110,support:NL-MIX-ONEWAY-110",
            ),
            canonical_ref: None,
            remediation: Some(
                "Review the nonlinear iteration inputs, active-set state, and accepted tolerance policy.",
            ),
            provenance: DiagnosticProvenance {
                source_name: "OpenPipeStress solver diagnostics",
                source_location: "core/solver/diagnostics",
                source_license: "project-governed",
                contributor: "software",
                redistribution_status: "public_project_record",
                review_status: "TBD",
            },
            quantity_units: [],
        },
    ],
} active_dofs=[
    0,
    1,
    2,
    3,
    4,
    5,
    6,
    8,
] prescribed=[
    0.0,
    0.0,
    0.0,
    0.0,
    0.0,
    0.0,
    0.0,
    0.0,
] selected_u=[
    0.0,
    0.0,
    0.0,
    0.0,
    0.0,
    0.0,
    0.0,
    0.014500834577689567,
    0.0,
    0.0,
    0.0,
    0.021751251866534354,
] selected_reactions=[
    0.0,
    -100000.00000000006,
    0.0,
    0.0,
    0.0,
    -100000.00000000012,
    -100.0,
    5.820766091346741e-11,
    -100.0,
    0.0,
    0.0,
    0.0,
] sliding_forces=[] residual_observations=NonlinearResidualObservation {
    active_set_changed_support_count: 3.0,
    max_abs_translation_delta_from_previous: None,
    max_abs_rotation_delta_from_previous: None,
    max_abs_force_reaction_delta_from_previous: None,
    max_abs_moment_reaction_delta_from_previous: None,
    max_abs_free_dof_force_residual: 5.820766091346741e-11,
    max_abs_free_dof_moment_residual: 0.0,
    max_abs_free_dof_work_residual: 8.440596620604377e-13,
} ordinary_structural_report=StructuralReport {
    policy: "M03-INTEGRITY-v1",
    quality: Passed,
    factorization: "positive dense Cholesky",
    scale_exponents: [
        -12,
        -10,
        -11,
        -11,
    ],
    pivots: [
        PivotEvidence {
            ordered_index: 0,
            global_dof: 7,
            pivot: 1.6441714290595697,
            cancellation_scale: 1.6441714290595697,
            operation_count: 2,
            screen: 2.336508130525161e-14,
        },
        PivotEvidence {
            ordered_index: 1,
            global_dof: 9,
            pivot: 1.6880160005011582,
            cancellation_scale: 1.6880160005011582,
            operation_count: 4,
            screen: 4.797630028011664e-14,
        },
        PivotEvidence {
            ordered_index: 2,
            global_dof: 10,
            pivot: 2.192228572079426,
            cancellation_scale: 2.192228572079426,
            operation_count: 6,
            screen: 9.346032522100647e-14,
        },
        PivotEvidence {
            ordered_index: 3,
            global_dof: 11,
            pivot: 0.548057143019856,
            cancellation_scale: 3.8364000011389963,
            operation_count: 8,
            screen: 2.180740921823485e-13,
        },
    ],
    condition_estimator: "Hager-Higham inverse-1-norm iteration with alternating-vector safeguard",
    reciprocal_condition_estimate: 0.06122448979591829,
    residual_rows: [
        ResidualRow {
            global_dof: 7,
            residual: 5.820766091346741e-11,
            denominator: 800000.0000000009,
            row_scale_exponent: 18,
            normalized_residual: 2.220446049250313e-16,
            normalized_denominator: 3.0517578125000036,
            normalized_evaluation_allowance: 3.3881317890172128e-15,
            normalization_basis: "radix mantissas; one multiply/add per term; physical records descriptive",
            operation_count: 10,
            evaluation_allowance: 8.881784197001282e-10,
            guarded_ratio: 1.1829826007669955e-15,
            target: 7.10542735760101e-14,
            passed: true,
        },
        ResidualRow {
            global_dof: 9,
            residual: 0.0,
            denominator: 0.0,
            row_scale_exponent: 0,
            normalized_residual: 0.0,
            normalized_denominator: 0.0,
            normalized_evaluation_allowance: 0.0,
            normalization_basis: "radix mantissas; one multiply/add per term; physical records descriptive",
            operation_count: 6,
            evaluation_allowance: 0.0,
            guarded_ratio: 0.0,
            target: 4.263256414560604e-14,
            passed: true,
        },
        ResidualRow {
            global_dof: 10,
            residual: 0.0,
            denominator: 0.0,
            row_scale_exponent: 0,
            normalized_residual: 0.0,
            normalized_denominator: 0.0,
            normalized_evaluation_allowance: 0.0,
            normalization_basis: "radix mantissas; one multiply/add per term; physical records descriptive",
            operation_count: 10,
            evaluation_allowance: 0.0,
            guarded_ratio: 0.0,
            target: 7.10542735760101e-14,
            passed: true,
        },
        ResidualRow {
            global_dof: 11,
            residual: 0.0,
            denominator: 400000.00000000047,
            row_scale_exponent: 18,
            normalized_residual: 0.0,
            normalized_denominator: 1.5258789062500018,
            normalized_evaluation_allowance: 1.6940658945086064e-15,
            normalization_basis: "radix mantissas; one multiply/add per term; physical records descriptive",
            operation_count: 10,
            evaluation_allowance: 4.440892098500641e-10,
            guarded_ratio: 1.110223024625161e-15,
            target: 7.10542735760101e-14,
            passed: true,
        },
    ],
    refinement_attempts: 0,
    contribution_audit_performed: true,
    contribution_rounding: [],
    assembly_relative_perturbation_estimate: 0.0,
    assembly_amplification_estimate: 0.0,
    assembly_load_perturbation_estimate: 0.0,
    intended_residual_rows: [
        ResidualRow {
            global_dof: 7,
            residual: 6.622364902494929e-11,
            denominator: 800000.0000000009,
            row_scale_exponent: 18,
            normalized_residual: 2.5262317285518376e-16,
            normalized_denominator: 3.0517578125000036,
            normalized_evaluation_allowance: 2.1006417091906964e-14,
            normalization_basis: "exact contribution expansions and full intended free action including prescribed DOFs",
            operation_count: 62,
            evaluation_allowance: 5.506706202140859e-9,
            guarded_ratio: 6.9661623139573065e-15,
            target: 4.4053649617126514e-13,
            passed: true,
        },
        ResidualRow {
            global_dof: 9,
            residual: -0.0,
            denominator: 0.0,
            row_scale_exponent: 0,
            normalized_residual: -0.0,
            normalized_denominator: 0.0,
            normalized_evaluation_allowance: 0.0,
            normalization_basis: "exact contribution expansions and full intended free action including prescribed DOFs",
            operation_count: 6,
            evaluation_allowance: 0.0,
            guarded_ratio: 0.0,
            target: 4.263256414560604e-14,
            passed: true,
        },
        ResidualRow {
            global_dof: 10,
            residual: -0.0,
            denominator: 0.0,
            row_scale_exponent: 0,
            normalized_residual: -0.0,
            normalized_denominator: 0.0,
            normalized_evaluation_allowance: 0.0,
            normalization_basis: "exact contribution expansions and full intended free action including prescribed DOFs",
            operation_count: 10,
            evaluation_allowance: 0.0,
            guarded_ratio: 0.0,
            target: 7.10542735760101e-14,
            passed: true,
        },
        ResidualRow {
            global_dof: 11,
            residual: 1.8396169749136517e-11,
            denominator: 400000.00000000047,
            row_scale_exponent: 18,
            normalized_residual: 7.017581844000441e-17,
            normalized_denominator: 1.5258789062500018,
            normalized_evaluation_allowance: 7.453889935837923e-15,
            normalization_basis: "exact contribution expansions and full intended free action including prescribed DOFs",
            operation_count: 44,
            evaluation_allowance: 1.9539925233402966e-9,
            guarded_ratio: 4.930971732723606e-15,
            target: 3.126388037344456e-13,
            passed: true,
        },
    ],
    symmetry_projection_performed: false,
    maximum_scaled_skew: 0.0,
    symmetry_basis: Some(
        "represented local matrices; two-stage 12-term frame transforms plus directed scatter; curved H*K and (H*K)*H^T six-term stages when traced; inverse accuracy not claimed; objective welded unreleased straight-frame family",
    ),
} selected_product_equilibrium=ProductEquilibriumReport {
    policy: "M03-PRODUCT-PREVIEW-EQUILIBRIUM-v1",
    rows: [
        ResidualRow {
            global_dof: 7,
            residual: 5.820766091346741e-11,
            denominator: 800000.0000000009,
            row_scale_exponent: 18,
            normalized_residual: 2.220446049250313e-16,
            normalized_denominator: 3.0517578125000036,
            normalized_evaluation_allowance: 3.3881317890172128e-15,
            normalization_basis: "radix mantissas; one multiply/add per term; physical records descriptive",
            operation_count: 10,
            evaluation_allowance: 8.881784197001282e-10,
            guarded_ratio: 1.1829826007669955e-15,
            target: 7.10542735760101e-14,
            passed: true,
        },
        ResidualRow {
            global_dof: 9,
            residual: 0.0,
            denominator: 0.0,
            row_scale_exponent: 0,
            normalized_residual: 0.0,
            normalized_denominator: 0.0,
            normalized_evaluation_allowance: 0.0,
            normalization_basis: "radix mantissas; one multiply/add per term; physical records descriptive",
            operation_count: 6,
            evaluation_allowance: 0.0,
            guarded_ratio: 0.0,
            target: 4.263256414560604e-14,
            passed: true,
        },
        ResidualRow {
            global_dof: 10,
            residual: 0.0,
            denominator: 0.0,
            row_scale_exponent: 0,
            normalized_residual: 0.0,
            normalized_denominator: 0.0,
            normalized_evaluation_allowance: 0.0,
            normalization_basis: "radix mantissas; one multiply/add per term; physical records descriptive",
            operation_count: 10,
            evaluation_allowance: 0.0,
            guarded_ratio: 0.0,
            target: 7.10542735760101e-14,
            passed: true,
        },
        ResidualRow {
            global_dof: 11,
            residual: 0.0,
            denominator: 400000.00000000047,
            row_scale_exponent: 18,
            normalized_residual: 0.0,
            normalized_denominator: 1.5258789062500018,
            normalized_evaluation_allowance: 1.6940658945086064e-15,
            normalization_basis: "radix mantissas; one multiply/add per term; physical records descriptive",
            operation_count: 10,
            evaluation_allowance: 4.440892098500641e-10,
            guarded_ratio: 1.110223024625161e-15,
            target: 7.10542735760101e-14,
            passed: true,
        },
    ],
    work_rows: [
        WorkRow {
            global_dof: 7,
            observed_work: 8.440596620604377e-13,
            evaluation_allowance: 1.2879328339545297e-11,
            derived_target: 8.24277013730897e-10,
            normalized_work: 4.121385068654481e-16,
            normalized_allowance: 6.288734540793602e-15,
            normalized_target: 4.0247901061078956e-13,
            scale_exponent: 11,
            passed: true,
        },
        WorkRow {
            global_dof: 9,
            observed_work: 0.0,
            evaluation_allowance: 0.0,
            derived_target: 0.0,
            normalized_work: 0.0,
            normalized_allowance: 0.0,
            normalized_target: 0.0,
            scale_exponent: 0,
            passed: true,
        },
        WorkRow {
            global_dof: 10,
            observed_work: 0.0,
            evaluation_allowance: 0.0,
            derived_target: 0.0,
            normalized_work: 0.0,
            normalized_allowance: 0.0,
            normalized_target: 0.0,
            scale_exponent: 0,
            passed: true,
        },
        WorkRow {
            global_dof: 11,
            observed_work: 0.0,
            evaluation_allowance: 9.659496254658974e-12,
            derived_target: 6.182077602981729e-10,
            normalized_work: 0.0,
            normalized_allowance: 2.358275452797601e-15,
            normalized_target: 1.5092962897904612e-13,
            scale_exponent: 12,
            passed: true,
        },
    ],
    observed_governing_work_dof: Some(
        7,
    ),
    passed: true,
}
DIAGPROBE ITERATION index=2 strict_gap=("unsupported", Some("strict-gap proof supports only gap-only objective straight-frame bodies with declared nodal loads and linear springs; mixed/curved/user/affine source capability remains unqualified")) contact_branches_admissible=true active_set=ActiveSetIteration {
    iteration: 2,
    states: [
        SupportStateRecord {
            support_id: "support:NL-MIX-FRIC-110",
            state: Sliding,
        },
        SupportStateRecord {
            support_id: "support:NL-MIX-GAP-110",
            state: Active,
        },
        SupportStateRecord {
            support_id: "support:NL-MIX-ONEWAY-110",
            state: Inactive,
        },
    ],
    changed_supports: [],
    residual_norm: 0.0,
    converged: true,
    diagnostics: [],
} active_dofs=[
    0,
    1,
    2,
    3,
    4,
    5,
    7,
] prescribed=[
    0.0,
    0.0,
    0.0,
    0.0,
    0.0,
    0.0,
    5e-5,
] selected_u=[
    0.0,
    0.0,
    0.0,
    0.0,
    0.0,
    0.0,
    1.4122000274347406e-7,
    5e-5,
    1.4065809540358881e-5,
    0.0,
    -2.1098714310538325e-5,
    7.500000000000002e-5,
] selected_reactions=[
    -100.0,
    -344.8077400795132,
    -97.00000000000011,
    0.0,
    97.00000000000013,
    -344.80774007951345,
    0.0,
    -99655.19225992048,
    -2.9999999999998863,
    0.0,
    0.0,
    1.1368683772161603e-13,
] sliding_forces=[
    AppliedSlidingFrictionForce {
        support_id: "support:NL-MIX-FRIC-110",
        global_dof: 8,
        force: -3.0,
    },
] residual_observations=NonlinearResidualObservation {
    active_set_changed_support_count: 0.0,
    max_abs_translation_delta_from_previous: Some(
        0.014450834577689567,
    ),
    max_abs_rotation_delta_from_previous: Some(
        0.021676251866534355,
    ),
    max_abs_force_reaction_delta_from_previous: Some(
        99655.19225992054,
    ),
    max_abs_moment_reaction_delta_from_previous: Some(
        99655.1922599206,
    ),
    max_abs_free_dof_force_residual: 1.1368683772161603e-13,
    max_abs_free_dof_moment_residual: 1.1368683772161603e-13,
    max_abs_free_dof_work_residual: 8.526512829121205e-18,
} ordinary_structural_report=StructuralReport {
    policy: "M03-INTEGRITY-v1",
    quality: Passed,
    factorization: "positive dense Cholesky",
    scale_exponents: [
        -14,
        -12,
        -10,
        -11,
        -11,
    ],
    pivots: [
        PivotEvidence {
            ordered_index: 0,
            global_dof: 6,
            pivot: 2.6379338805345434,
            cancellation_scale: 2.6379338805345434,
            operation_count: 2,
            screen: 3.748729512458544e-14,
        },
        PivotEvidence {
            ordered_index: 1,
            global_dof: 8,
            pivot: 1.6441714290595697,
            cancellation_scale: 1.6441714290595697,
            operation_count: 4,
            screen: 4.6730162610503225e-14,
        },
        PivotEvidence {
            ordered_index: 2,
            global_dof: 9,
            pivot: 1.6880160005011582,
            cancellation_scale: 1.6880160005011582,
            operation_count: 6,
            screen: 7.196445042017498e-14,
        },
        PivotEvidence {
            ordered_index: 3,
            global_dof: 10,
            pivot: 0.548057143019856,
            cancellation_scale: 3.8364000011389963,
            operation_count: 8,
            screen: 2.180740921823485e-13,
        },
        PivotEvidence {
            ordered_index: 4,
            global_dof: 11,
            pivot: 2.192228572079426,
            cancellation_scale: 2.192228572079426,
            operation_count: 10,
            screen: 1.557672087016775e-13,
        },
    ],
    condition_estimator: "Hager-Higham inverse-1-norm iteration with alternating-vector safeguard",
    reciprocal_condition_estimate: 0.06122448979591829,
    residual_rows: [
        ResidualRow {
            global_dof: 6,
            residual: 0.0,
            denominator: 200.0,
            row_scale_exponent: 7,
            normalized_residual: 0.0,
            normalized_denominator: 1.5625,
            normalized_evaluation_allowance: 1.0408340855860858e-15,
            normalization_basis: "radix mantissas; one multiply/add per term; physical records descriptive",
            operation_count: 6,
            evaluation_allowance: 1.3322676295501899e-13,
            guarded_ratio: 6.66133814775096e-16,
            target: 4.263256414560604e-14,
            passed: true,
        },
        ResidualRow {
            global_dof: 8,
            residual: 1.1368683772161603e-13,
            denominator: 776.0000000000009,
            row_scale_exponent: 8,
            normalized_residual: 4.440892098500626e-16,
            normalized_denominator: 3.0312500000000036,
            normalized_evaluation_allowance: 3.365363543395017e-15,
            normalization_basis: "radix mantissas; one multiply/add per term; physical records descriptive",
            operation_count: 10,
            evaluation_allowance: 8.615330671091243e-13,
            guarded_ratio: 1.256726681482914e-15,
            target: 7.10542735760101e-14,
            passed: true,
        },
        ResidualRow {
            global_dof: 9,
            residual: 0.0,
            denominator: 0.0,
            row_scale_exponent: 0,
            normalized_residual: 0.0,
            normalized_denominator: 0.0,
            normalized_evaluation_allowance: 0.0,
            normalization_basis: "radix mantissas; one multiply/add per term; physical records descriptive",
            operation_count: 6,
            evaluation_allowance: 0.0,
            guarded_ratio: 0.0,
            target: 4.263256414560604e-14,
            passed: true,
        },
        ResidualRow {
            global_dof: 10,
            residual: 0.0,
            denominator: 388.0000000000005,
            row_scale_exponent: 8,
            normalized_residual: 0.0,
            normalized_denominator: 1.515625000000002,
            normalized_evaluation_allowance: 1.6826817716975086e-15,
            normalization_basis: "radix mantissas; one multiply/add per term; physical records descriptive",
            operation_count: 10,
            evaluation_allowance: 4.307665335545622e-13,
            guarded_ratio: 1.110223024625161e-15,
            target: 7.10542735760101e-14,
            passed: true,
        },
        ResidualRow {
            global_dof: 11,
            residual: 1.1368683772161603e-13,
            denominator: 1379.2309603180543,
            row_scale_exponent: 10,
            normalized_residual: 1.1102230246251565e-16,
            normalized_denominator: 1.3469052346855999,
            normalized_evaluation_allowance: 1.4953652035361062e-15,
            normalization_basis: "radix mantissas; one multiply/add per term; physical records descriptive",
            operation_count: 10,
            evaluation_allowance: 1.5312539684209728e-12,
            guarded_ratio: 1.1926507259982508e-15,
            target: 7.10542735760101e-14,
            passed: true,
        },
    ],
    refinement_attempts: 0,
    contribution_audit_performed: true,
    contribution_rounding: [],
    assembly_relative_perturbation_estimate: 0.0,
    assembly_amplification_estimate: 0.0,
    assembly_load_perturbation_estimate: 0.0,
    intended_residual_rows: [
        ResidualRow {
            global_dof: 6,
            residual: -4.384155759990053e-15,
            denominator: 200.0,
            row_scale_exponent: 7,
            normalized_residual: -3.425121687492229e-17,
            normalized_denominator: 1.5625,
            normalized_evaluation_allowance: 4.5102810375397245e-15,
            normalization_basis: "exact contribution expansions and full intended free action including prescribed DOFs",
            operation_count: 26,
            evaluation_allowance: 5.773159728050847e-13,
            guarded_ratio: 2.9085006428253847e-15,
            target: 1.8474111129762658e-13,
            passed: true,
        },
        ResidualRow {
            global_dof: 8,
            residual: 8.59945032656511e-14,
            denominator: 776.0000000000009,
            row_scale_exponent: 8,
            normalized_residual: 3.3591602838144963e-16,
            normalized_denominator: 3.0312500000000036,
            normalized_evaluation_allowance: 2.0865253969049348e-14,
            normalization_basis: "exact contribution expansions and full intended free action including prescribed DOFs",
            operation_count: 62,
            evaluation_allowance: 5.341505016076633e-12,
            guarded_ratio: 6.994200411523608e-15,
            target: 4.4053649617126514e-13,
            passed: true,
        },
        ResidualRow {
            global_dof: 9,
            residual: -0.0,
            denominator: 0.0,
            row_scale_exponent: 0,
            normalized_residual: -0.0,
            normalized_denominator: 0.0,
            normalized_evaluation_allowance: 0.0,
            normalization_basis: "exact contribution expansions and full intended free action including prescribed DOFs",
            operation_count: 6,
            evaluation_allowance: 0.0,
            guarded_ratio: 0.0,
            target: 4.263256414560604e-14,
            passed: true,
        },
        ResidualRow {
            global_dof: 10,
            residual: -1.0265275350073607e-14,
            denominator: 388.0000000000005,
            row_scale_exponent: 8,
            normalized_residual: -4.009873183622503e-17,
            normalized_denominator: 1.515625000000002,
            normalized_evaluation_allowance: 7.403799795469095e-15,
            normalization_basis: "exact contribution expansions and full intended free action including prescribed DOFs",
            operation_count: 44,
            evaluation_allowance: 1.8953727476400882e-12,
            guarded_ratio: 4.911438203582913e-15,
            target: 3.126388037344456e-13,
            passed: true,
        },
        ResidualRow {
            global_dof: 11,
            residual: 1.0920107997090341e-13,
            denominator: 1379.2309603180543,
            row_scale_exponent: 10,
            normalized_residual: 1.0664167965908536e-16,
            normalized_denominator: 1.3469052346855999,
            normalized_evaluation_allowance: 6.579606895558918e-15,
            normalization_basis: "exact contribution expansions and full intended free action including prescribed DOFs",
            operation_count: 44,
            evaluation_allowance: 6.737517461052332e-12,
            guarded_ratio: 4.964156648168921e-15,
            target: 3.126388037344456e-13,
            passed: true,
        },
    ],
    symmetry_projection_performed: false,
    maximum_scaled_skew: 0.0,
    symmetry_basis: Some(
        "represented local matrices; two-stage 12-term frame transforms plus directed scatter; curved H*K and (H*K)*H^T six-term stages when traced; inverse accuracy not claimed; objective welded unreleased straight-frame family",
    ),
} selected_product_equilibrium=ProductEquilibriumReport {
    policy: "M03-PRODUCT-PREVIEW-EQUILIBRIUM-v1",
    rows: [
        ResidualRow {
            global_dof: 6,
            residual: 0.0,
            denominator: 200.0,
            row_scale_exponent: 7,
            normalized_residual: 0.0,
            normalized_denominator: 1.5625,
            normalized_evaluation_allowance: 1.0408340855860858e-15,
            normalization_basis: "radix mantissas; one multiply/add per term; physical records descriptive",
            operation_count: 6,
            evaluation_allowance: 1.3322676295501899e-13,
            guarded_ratio: 6.66133814775096e-16,
            target: 4.263256414560604e-14,
            passed: true,
        },
        ResidualRow {
            global_dof: 8,
            residual: 1.1368683772161603e-13,
            denominator: 776.0000000000009,
            row_scale_exponent: 8,
            normalized_residual: 4.440892098500626e-16,
            normalized_denominator: 3.0312500000000036,
            normalized_evaluation_allowance: 3.365363543395017e-15,
            normalization_basis: "radix mantissas; one multiply/add per term; physical records descriptive",
            operation_count: 10,
            evaluation_allowance: 8.615330671091243e-13,
            guarded_ratio: 1.256726681482914e-15,
            target: 7.10542735760101e-14,
            passed: true,
        },
        ResidualRow {
            global_dof: 9,
            residual: 0.0,
            denominator: 0.0,
            row_scale_exponent: 0,
            normalized_residual: 0.0,
            normalized_denominator: 0.0,
            normalized_evaluation_allowance: 0.0,
            normalization_basis: "radix mantissas; one multiply/add per term; physical records descriptive",
            operation_count: 6,
            evaluation_allowance: 0.0,
            guarded_ratio: 0.0,
            target: 4.263256414560604e-14,
            passed: true,
        },
        ResidualRow {
            global_dof: 10,
            residual: 0.0,
            denominator: 388.0000000000005,
            row_scale_exponent: 8,
            normalized_residual: 0.0,
            normalized_denominator: 1.515625000000002,
            normalized_evaluation_allowance: 1.6826817716975086e-15,
            normalization_basis: "radix mantissas; one multiply/add per term; physical records descriptive",
            operation_count: 10,
            evaluation_allowance: 4.307665335545622e-13,
            guarded_ratio: 1.110223024625161e-15,
            target: 7.10542735760101e-14,
            passed: true,
        },
        ResidualRow {
            global_dof: 11,
            residual: 1.1368683772161603e-13,
            denominator: 1379.2309603180543,
            row_scale_exponent: 10,
            normalized_residual: 1.1102230246251565e-16,
            normalized_denominator: 1.3469052346855999,
            normalized_evaluation_allowance: 1.4953652035361062e-15,
            normalization_basis: "radix mantissas; one multiply/add per term; physical records descriptive",
            operation_count: 10,
            evaluation_allowance: 1.5312539684209728e-12,
            guarded_ratio: 1.1926507259982508e-15,
            target: 7.10542735760101e-14,
            passed: true,
        },
    ],
    work_rows: [
        WorkRow {
            global_dof: 6,
            observed_work: 0.0,
            evaluation_allowance: 1.881428383001195e-20,
            derived_target: 1.204114165120763e-18,
            normalized_work: 0.0,
            normalized_allowance: 1.2330129050836632e-15,
            normalized_target: 7.891282592535432e-14,
            scale_exponent: -16,
            passed: true,
        },
        WorkRow {
            global_dof: 8,
            observed_work: 1.5990974066379387e-18,
            evaluation_allowance: 1.2118160034678168e-17,
            derived_target: 7.755622422194011e-16,
            normalized_work: 8.187378721986246e-16,
            normalized_allowance: 6.204497937755222e-15,
            normalized_target: 3.9708786801633337e-13,
            scale_exponent: -9,
            passed: true,
        },
        WorkRow {
            global_dof: 9,
            observed_work: 0.0,
            evaluation_allowance: 0.0,
            derived_target: 0.0,
            normalized_work: 0.0,
            normalized_allowance: 0.0,
            normalized_target: 0.0,
            scale_exponent: 0,
            passed: true,
        },
        WorkRow {
            global_dof: 10,
            observed_work: 0.0,
            evaluation_allowance: 9.088620026008629e-18,
            derived_target: 5.81671681664551e-16,
            normalized_work: 0.0,
            normalized_allowance: 2.326686726658209e-15,
            normalized_target: 1.4890795050612505e-13,
            scale_exponent: -8,
            passed: true,
        },
        WorkRow {
            global_dof: 11,
            observed_work: 8.526512829121205e-18,
            evaluation_allowance: 1.14844047631573e-16,
            derived_target: 7.350019048420654e-15,
            normalized_work: 1.3642420526593927e-16,
            normalized_allowance: 1.837504762105168e-15,
            normalized_target: 1.1760030477473047e-13,
            scale_exponent: -4,
            passed: true,
        },
    ],
    observed_governing_work_dof: Some(
        11,
    ),
    passed: true,
}
DIAGPROBE OUTPUT label=mixed_original_fixture mode=dense_scrutiny status=StatusEnvelope {
    mechanics: "MODEL_INCOMPLETE",
    rule_check: "RULE_INPUTS_INCOMPLETE",
    professional_acceptance: "NOT_PROVIDED",
} quality=NumericalQuality {
    value_representation: "finite_binary64",
    publication_quantization: "none",
    integrity_policy: "M03-INTEGRITY-v1",
    status: Unresolved,
    cases: [
        NumericalCaseQuality {
            basis_ref: ResultBasisRef {
                ref_type: "load_case",
                ref_id: "load:L-MIXED-NONLINEAR",
            },
            structural_status: NumericallyUnresolved,
            solve_quality: Unresolved,
            model_matrix_fidelity: AssemblyUncertainty,
            accuracy_evidence: Unresolved,
            evidence_refs: [
                "diagnostic:numerical-integrity:load:L-MIXED-NONLINEAR",
            ],
        },
    ],
} diagnostics=[
    Diagnostic {
        id: "diagnostic:numerical-integrity:load:L-MIXED-NONLINEAR",
        code: "NUMERICAL_INTEGRITY_UNRESOLVED",
        severity: "blocking",
        message: "Load case load:L-MIXED-NONLINEAR: structural integrity: NumericallyUnresolved { reason: \"M03 product final same-state equilibrium/contact qualification failed\", global_dof: None }; global_dof_map=[\"node:N-100:UX\", \"node:N-100:UY\", \"node:N-100:UZ\", \"node:N-100:RX\", \"node:N-100:RY\", \"node:N-100:RZ\", \"node:N-110:UX\", \"node:N-110:UY\", \"node:N-110:UZ\", \"node:N-110:RX\", \"node:N-110:RY\", \"node:N-110:RZ\"]; no structural rejection is bypassed by generic LU or output quantization",
        source: Some(
            "core/product_physics",
        ),
        affected_refs: [
            "load:L-MIXED-NONLINEAR",
        ],
    },
    Diagnostic {
        id: "diagnostic:physics:selected-state-unavailable",
        code: "SOLVER_SYSTEM_BLOCKED",
        severity: "blocking",
        message: "nonlinear selected mechanics state is unavailable or did not converge",
        source: Some(
            "core/product_physics",
        ),
        affected_refs: [
            "load:L-MIXED-NONLINEAR",
        ],
    },
] rows=[]
DIAGPROBE INPUT label=audit_nonfinite_computed_mechanics mode=sparse_interactive {"model":{"schema_version":"0.1.0","document_kind":"openpipestress.product_preview.model","project":{"id":"project:invented-loop-01","units":{"angle":"rad","force":"N","length":"m","pressure":"Pa","stress":"MPa","temperature":"degC"}},"analysis_status":{"mechanics":"ready_for_preview_diagnostics","rule_check":"not_performed_user_rule_inputs_missing","professional_acceptance":"not_provided"},"nodes":[{"id":"node:N-100","position":{"x":0.0,"y":0.0,"z":0.0},"provenance":"invented_example"},{"id":"node:N-110","position":{"x":1.0,"y":0.0,"z":0.0},"provenance":"invented_example"}],"pipe_segments":[{"id":"pipe:P-100","from":"node:N-100","to":"node:N-110","section":{"outside_diameter":{"value":0.168,"unit":"m"},"wall_thickness":{"value":0.007,"unit":"m"},"mill_tolerance":null,"material_density":null,"contents_density":null,"insulation_thickness":null,"insulation_density":null},"section_ref":null,"material":"material:invented-carbon-steel","y_reference":{"x":0.0,"y":1.0,"z":0.0},"provenance":"invented_example_no_standard_catalog"}],"sections":[],"supports":[{"id":"support:S-100","node":"node:N-100","restraints":["UX","UY","UZ","RX","RY","RZ"],"family":"anchor","stiffness":null,"hanger":null,"nonlinear":null,"provenance":"invented_example"}],"components":[],"materials":[{"id":"material:invented-carbon-steel","elastic_modulus":{"value":200000000000.0,"unit":"Pa"},"shear_modulus":{"value":77000000000.0,"unit":"Pa"},"thermal_expansion_coefficient":{"value":0.000012,"unit":"1/degC"},"temperature_points":[],"provenance":"invented_example_no_material_standard"}],"load_cases":[{"id":"load:L-FRICTION","primitive_loads":[{"id":"load:L-FRICTION-X","category":"occasional","target":{"type":"node","node":"node:N-110"},"direction":"global_x","magnitude":{"value":1e+308,"unit":"N"},"dimension":"force","provenance":"invented_example_user_input"}],"equivalent_static":null,"modulus_basis_ref":null,"modulus_basis_temperature":null,"provenance":"invented_example_no_code_combination"}],"combinations":[{"id":"combination:C-FRICTION","label":null,"basis":"mechanics","terms":[{"load_case":"load:L-FRICTION","factor":1.0}],"minuend_id":null,"subtrahend_id":null,"operand_ids":null,"mode":null,"provenance":"invented_example_no_code_combination"}]},"materials":[{"id":"material:invented-carbon-steel","elastic_modulus":{"value":200000000000.0,"unit":"Pa"},"shear_modulus":{"value":77000000000.0,"unit":"Pa"},"thermal_expansion_coefficient":{"value":0.000012,"unit":"1/degC"},"temperature_points":[],"provenance":"invented_example_no_material_standard"}]}
DIAGPROBE OUTPUT label=audit_nonfinite_computed_mechanics mode=sparse_interactive status=StatusEnvelope {
    mechanics: "MODEL_INCOMPLETE",
    rule_check: "RULE_INPUTS_INCOMPLETE",
    professional_acceptance: "NOT_PROVIDED",
} quality=NumericalQuality {
    value_representation: "finite_binary64",
    publication_quantization: "none",
    integrity_policy: "M03-INTEGRITY-v1",
    status: Unresolved,
    cases: [
        NumericalCaseQuality {
            basis_ref: ResultBasisRef {
                ref_type: "load_case",
                ref_id: "load:L-FRICTION",
            },
            structural_status: NumericallyUnresolved,
            solve_quality: Unresolved,
            model_matrix_fidelity: AssemblyUncertainty,
            accuracy_evidence: Unresolved,
            evidence_refs: [
                "diagnostic:numerical-integrity:load:L-FRICTION",
            ],
        },
    ],
} diagnostics=[
    Diagnostic {
        id: "diagnostic:numerical-integrity:load:L-FRICTION",
        code: "NUMERICAL_INTEGRITY_UNRESOLVED",
        severity: "blocking",
        message: "Load case load:L-FRICTION: structural integrity: Range(\"physical residual record overflow\"); global_dof_map=[\"node:N-100:UX\", \"node:N-100:UY\", \"node:N-100:UZ\", \"node:N-100:RX\", \"node:N-100:RY\", \"node:N-100:RZ\", \"node:N-110:UX\", \"node:N-110:UY\", \"node:N-110:UZ\", \"node:N-110:RX\", \"node:N-110:RY\", \"node:N-110:RZ\"]; no structural rejection is bypassed by generic LU or output quantization",
        source: Some(
            "core/product_physics",
        ),
        affected_refs: [
            "load:L-FRICTION",
        ],
    },
] rows=[]
DIAGPROBE INPUT label=contact_failed_attempt mode=sparse_interactive {"model":{"schema_version":"0.1.0","document_kind":"openpipestress.product_preview.model","project":{"id":"project:invented-loop-01","units":{"angle":"rad","force":"N","length":"m","pressure":"Pa","stress":"MPa","temperature":"degC"}},"analysis_status":{"mechanics":"ready_for_preview_diagnostics","rule_check":"not_performed_user_rule_inputs_missing","professional_acceptance":"not_provided"},"nodes":[{"id":"node:N-100","position":{"x":0.0,"y":0.0,"z":0.0},"provenance":"invented_example"},{"id":"node:N-110","position":{"x":1.0,"y":0.0,"z":0.0},"provenance":"invented_example"}],"pipe_segments":[{"id":"pipe:P-100","from":"node:N-100","to":"node:N-110","section":{"outside_diameter":{"value":0.168,"unit":"m"},"wall_thickness":{"value":0.007,"unit":"m"},"mill_tolerance":null,"material_density":null,"contents_density":null,"insulation_thickness":null,"insulation_density":null},"section_ref":null,"material":"material:invented-carbon-steel","y_reference":{"x":0.0,"y":1.0,"z":0.0},"provenance":"invented_example_no_standard_catalog"}],"sections":[],"supports":[{"id":"support:S-100","node":"node:N-100","restraints":["UY","UZ","RX","RY","RZ"],"family":"anchor","stiffness":null,"hanger":null,"nonlinear":null,"provenance":"invented_example"},{"id":"support:NL-GAP-110","node":"node:N-110","restraints":["UY"],"family":"guide","stiffness":null,"hanger":null,"nonlinear":null,"provenance":"invented_example_user_entered_nonlinear_support_no_catalog"}],"components":[],"materials":[{"id":"material:invented-carbon-steel","elastic_modulus":{"value":200000000000.0,"unit":"Pa"},"shear_modulus":{"value":77000000000.0,"unit":"Pa"},"thermal_expansion_coefficient":{"value":0.000012,"unit":"1/degC"},"temperature_points":[],"provenance":"invented_example_no_material_standard"}],"load_cases":[{"id":"load:L-GAP","primitive_loads":[{"id":"load:L-GAP-X","category":"occasional","target":{"type":"node","node":"node:N-110"},"direction":"global_x","magnitude":{"value":100000.0,"unit":"N"},"dimension":"force","provenance":"invented_example_user_input"}],"equivalent_static":null,"modulus_basis_ref":null,"modulus_basis_temperature":null,"provenance":"invented_example_no_code_combination"}],"combinations":[{"id":"combination:C-GAP","label":null,"basis":"mechanics","terms":[{"load_case":"load:L-GAP","factor":1.0}],"minuend_id":null,"subtrahend_id":null,"operand_ids":null,"mode":null,"provenance":"invented_example_no_code_combination"}]},"materials":[{"id":"material:invented-carbon-steel","elastic_modulus":{"value":200000000000.0,"unit":"Pa"},"shear_modulus":{"value":77000000000.0,"unit":"Pa"},"thermal_expansion_coefficient":{"value":0.000012,"unit":"1/degC"},"temperature_points":[],"provenance":"invented_example_no_material_standard"}]}
DIAGPROBE OUTPUT label=contact_failed_attempt mode=sparse_interactive status=StatusEnvelope {
    mechanics: "MODEL_INCOMPLETE",
    rule_check: "RULE_INPUTS_INCOMPLETE",
    professional_acceptance: "NOT_PROVIDED",
} quality=NumericalQuality {
    value_representation: "finite_binary64",
    publication_quantization: "none",
    integrity_policy: "M03-INTEGRITY-v1",
    status: Failed,
    cases: [
        NumericalCaseQuality {
            basis_ref: ResultBasisRef {
                ref_type: "load_case",
                ref_id: "load:L-GAP",
            },
            structural_status: PhysicalMechanismWitnessed,
            solve_quality: Failed,
            model_matrix_fidelity: NotAssessed,
            accuracy_evidence: NotClaimed,
            evidence_refs: [
                "diagnostic:numerical-integrity:load:L-GAP",
            ],
        },
    ],
} diagnostics=[
    Diagnostic {
        id: "diagnostic:numerical-integrity:load:L-GAP",
        code: "NUMERICAL_INTEGRITY_PHYSICAL_MECHANISM",
        severity: "blocking",
        message: "Load case load:L-GAP: structural integrity: Mechanism { direction: [1.0, -0.0, -0.0, -0.0, -0.0, -0.0, 1.0, -0.0, -0.0, -0.0, -0.0, -0.0] }; global_dof_map=[\"node:N-100:UX\", \"node:N-100:UY\", \"node:N-100:UZ\", \"node:N-100:RX\", \"node:N-100:RY\", \"node:N-100:RZ\", \"node:N-110:UX\", \"node:N-110:UY\", \"node:N-110:UZ\", \"node:N-110:RX\", \"node:N-110:RY\", \"node:N-110:RZ\"]; no structural rejection is bypassed by generic LU or output quantization",
        source: Some(
            "core/product_physics",
        ),
        affected_refs: [
            "load:L-GAP",
        ],
    },
] rows=[]
DIAGPROBE INPUT label=contact_forward_control seed=active mode=sparse_interactive {"model":{"schema_version":"0.1.0","document_kind":"openpipestress.product_preview.model","project":{"id":"project:invented-loop-01","units":{"angle":"rad","force":"N","length":"m","pressure":"Pa","stress":"MPa","temperature":"degC"}},"analysis_status":{"mechanics":"ready_for_preview_diagnostics","rule_check":"not_performed_user_rule_inputs_missing","professional_acceptance":"not_provided"},"nodes":[{"id":"node:N-100","position":{"x":0.0,"y":0.0,"z":0.0},"provenance":"invented_example"},{"id":"node:N-110","position":{"x":1.0,"y":0.0,"z":0.0},"provenance":"invented_example"}],"pipe_segments":[{"id":"pipe:P-100","from":"node:N-100","to":"node:N-110","section":{"outside_diameter":{"value":0.168,"unit":"m"},"wall_thickness":{"value":0.007,"unit":"m"},"mill_tolerance":null,"material_density":null,"contents_density":null,"insulation_thickness":null,"insulation_density":null},"section_ref":null,"material":"material:invented-carbon-steel","y_reference":{"x":0.0,"y":1.0,"z":0.0},"provenance":"invented_example_no_standard_catalog"}],"sections":[],"supports":[{"id":"support:S-100","node":"node:N-100","restraints":["UY","UZ","RX","RY","RZ"],"family":"anchor","stiffness":null,"hanger":null,"nonlinear":null,"provenance":"invented_example"},{"id":"support:NL-GAP-110","node":"node:N-100","restraints":[],"family":"nonlinear","stiffness":null,"hanger":null,"nonlinear":{"behavior":"gap","dof":"UX","initial_state":"active","active_when":null,"contact_when":null,"closes_when":"positive_displacement","gap":{"value":0.05,"unit":"mm"},"friction_coefficient":null,"normal_reaction":null,"normal_reaction_source":null},"provenance":"invented_example_user_entered_nonlinear_support_no_catalog"}],"components":[],"materials":[{"id":"material:invented-carbon-steel","elastic_modulus":{"value":200000000000.0,"unit":"Pa"},"shear_modulus":{"value":77000000000.0,"unit":"Pa"},"thermal_expansion_coefficient":{"value":0.000012,"unit":"1/degC"},"temperature_points":[],"provenance":"invented_example_no_material_standard"}],"load_cases":[{"id":"load:L-GAP","primitive_loads":[{"id":"load:L-GAP-X","category":"occasional","target":{"type":"node","node":"node:N-110"},"direction":"global_x","magnitude":{"value":100000.0,"unit":"N"},"dimension":"force","provenance":"invented_example_user_input"}],"equivalent_static":null,"modulus_basis_ref":null,"modulus_basis_temperature":null,"provenance":"invented_example_no_code_combination"}],"combinations":[{"id":"combination:C-GAP","label":null,"basis":"mechanics","terms":[{"load_case":"load:L-GAP","factor":1.0}],"minuend_id":null,"subtrahend_id":null,"operand_ids":null,"mode":null,"provenance":"invented_example_no_code_combination"}]},"materials":[{"id":"material:invented-carbon-steel","elastic_modulus":{"value":200000000000.0,"unit":"Pa"},"shear_modulus":{"value":77000000000.0,"unit":"Pa"},"thermal_expansion_coefficient":{"value":0.000012,"unit":"1/degC"},"temperature_points":[],"provenance":"invented_example_no_material_standard"}]}
DIAGPROBE OUTPUT label=contact_forward_control seed=active mode=sparse_interactive status=StatusEnvelope {
    mechanics: "MECHANICS_SOLVED",
    rule_check: "RULE_INPUTS_INCOMPLETE",
    professional_acceptance: "NOT_PROVIDED",
} quality=NumericalQuality {
    value_representation: "finite_binary64",
    publication_quantization: "none",
    integrity_policy: "M03-INTEGRITY-v1",
    status: Unresolved,
    cases: [
        NumericalCaseQuality {
            basis_ref: ResultBasisRef {
                ref_type: "load_case",
                ref_id: "load:L-GAP",
            },
            structural_status: NumericallyUnresolved,
            solve_quality: Unresolved,
            model_matrix_fidelity: NotAssessed,
            accuracy_evidence: Unresolved,
            evidence_refs: [
                "diagnostic:numerical-integrity:load:L-GAP",
            ],
        },
    ],
} diagnostics=[
    Diagnostic {
        id: "diagnostic:nonlinear:load-L-GAP:support-NL-GAP-110:state",
        code: "NONLINEAR_SUPPORT_STATE_REVIEW",
        severity: "info",
        message: "nonlinear support support:NL-GAP-110 ended in active state for load case load:L-GAP; sparse_interactive preview loop evidence only",
        source: Some(
            "core/product_physics",
        ),
        affected_refs: [
            "support:NL-GAP-110",
            "load:L-GAP",
        ],
    },
    Diagnostic {
        id: "diagnostic:nonlinear:load-L-GAP:loop",
        code: "NONLINEAR_SUPPORT_LOOP_CONVERGED",
        severity: "info",
        message: "sparse_interactive nonlinear support active-set preview completed 1 iteration(s); final residual count 0; accepted active-set-count policy_ref=DEC-046-CV-B-product-preview-active-set-count-v1; prospective evaluated force/moment equilibrium policy_ref=M03-PRODUCT-PREVIEW-EQUILIBRIUM-v1; derived per-row residual-work policy_ref=M03-PRODUCT-PREVIEW-EQUILIBRIUM-v1; historical general-energy alias is residual work, not total energy balance; historical policy_ref=DEC-046-CV-B-product-preview-general-energy-residual-v1; accepted displacement/reaction-delta policy_ref=DEC-046-CV-B-product-preview-displacement-reaction-delta-threshold-v1 for emitted product-preview delta rows; timing/RSS/hardware sparse evidence remains observational, not thresholded",
        source: Some(
            "core/product_physics",
        ),
        affected_refs: [
            "load:L-GAP",
            "DEC-046",
        ],
    },
    Diagnostic {
        id: "diagnostic:numerical-integrity:load:L-GAP",
        code: "NUMERICAL_INTEGRITY_RECOVERY_BASIS_UNQUALIFIED",
        severity: "warning",
        message: "Load case load:L-GAP selected represented-exact-ratio global displacement and support reactions, while member fields are recovered from projected binary64 displacement. The ordinary structural report is a preprojection precondition, and selected-public-displacement equilibrium does not prove exact-ratio equilibrium or complete field recovery. Mixed recovery remains numerically unresolved and unavailable for Current reliance; computed loop and quantity rows remain inspection evidence only. Ordinary structural precondition: StructuralReport { policy: \"M03-INTEGRITY-v1\", quality: Passed, factorization: \"positive skyline LDL\", scale_exponents: [-14, -12, -12, -10, -11, -11], pivots: [PivotEvidence { ordered_index: 0, global_dof: 9, pivot: 1.6880160005011582, cancellation_scale: 1.6880160005011582, operation_count: 2, screen: 2.3988150140058318e-14 }, PivotEvidence { ordered_index: 1, global_dof: 10, pivot: 2.192228572079426, cancellation_scale: 2.192228572079426, operation_count: 2, screen: 3.1153441740335475e-14 }, PivotEvidence { ordered_index: 2, global_dof: 8, pivot: 0.41104285726489254, cancellation_scale: 2.877300000854247, operation_count: 4, screen: 8.177778456838064e-14 }, PivotEvidence { ordered_index: 3, global_dof: 11, pivot: 2.192228572079426, cancellation_scale: 2.192228572079426, operation_count: 2, screen: 3.1153441740335475e-14 }, PivotEvidence { ordered_index: 4, global_dof: 7, pivot: 0.41104285726489254, cancellation_scale: 2.877300000854247, operation_count: 4, screen: 8.177778456838064e-14 }, PivotEvidence { ordered_index: 5, global_dof: 6, pivot: 2.6379338805345434, cancellation_scale: 2.6379338805345434, operation_count: 2, screen: 3.748729512458544e-14 }], condition_estimator: \"Hager-Higham inverse-1-norm iteration with alternating-vector safeguard\", reciprocal_condition_estimate: 0.06122448979591839, residual_rows: [ResidualRow { global_dof: 6, residual: 0.0, denominator: 270811.498411914, row_scale_exponent: 17, normalized_residual: 0.0, normalized_denominator: 2.0661277649834746, normalized_evaluation_allowance: 1.3763175699011826e-15, normalization_basis: \"radix mantissas; one multiply/add per term; physical records descriptive\", operation_count: 6, evaluation_allowance: 1.803966965220878e-10, guarded_ratio: 6.66133814775096e-16, target: 4.263256414560604e-14, passed: true }, ResidualRow { global_dof: 7, residual: 0.0, denominator: 0.0, row_scale_exponent: 0, normalized_residual: 0.0, normalized_denominator: 0.0, normalized_evaluation_allowance: 0.0, normalization_basis: \"radix mantissas; one multiply/add per term; physical records descriptive\", operation_count: 10, evaluation_allowance: 0.0, guarded_ratio: 0.0, target: 7.10542735760101e-14, passed: true }, ResidualRow { global_dof: 8, residual: 0.0, denominator: 0.0, row_scale_exponent: 0, normalized_residual: 0.0, normalized_denominator: 0.0, normalized_evaluation_allowance: 0.0, normalization_basis: \"radix mantissas; one multiply/add per term; physical records descriptive\", operation_count: 10, evaluation_allowance: 0.0, guarded_ratio: 0.0, target: 7.10542735760101e-14, passed: true }, ResidualRow { global_dof: 9, residual: 0.0, denominator: 0.0, row_scale_exponent: 0, normalized_residual: 0.0, normalized_denominator: 0.0, normalized_evaluation_allowance: 0.0, normalization_basis: \"radix mantissas; one multiply/add per term; physical records descriptive\", operation_count: 6, evaluation_allowance: 0.0, guarded_ratio: 0.0, target: 4.263256414560604e-14, passed: true }, ResidualRow { global_dof: 10, residual: 0.0, denominator: 0.0, row_scale_exponent: 0, normalized_residual: 0.0, normalized_denominator: 0.0, normalized_evaluation_allowance: 0.0, normalization_basis: \"radix mantissas; one multiply/add per term; physical records descriptive\", operation_count: 10, evaluation_allowance: 0.0, guarded_ratio: 0.0, target: 7.10542735760101e-14, passed: true }, ResidualRow { global_dof: 11, residual: 0.0, denominator: 0.0, row_scale_exponent: 0, normalized_residual: 0.0, normalized_denominator: 0.0, normalized_evaluation_allowance: 0.0, normalization_basis: \"radix mantissas; one multiply/add per term; physical records descriptive\", operation_count: 10, evaluation_allowance: 0.0, guarded_ratio: 0.0, target: 7.10542735760101e-14, passed: true }], refinement_attempts: 0, contribution_audit_performed: true, contribution_rounding: [], assembly_relative_perturbation_estimate: 0.0, assembly_amplification_estimate: 0.0, assembly_load_perturbation_estimate: 0.0, intended_residual_rows: [ResidualRow { global_dof: 6, residual: 1.143196549601991e-13, denominator: 270811.498411914, row_scale_exponent: 17, normalized_residual: 8.7218975036773e-19, normalized_denominator: 2.0661277649834746, normalized_evaluation_allowance: 1.3304403175711585e-14, normalization_basis: \"exact contribution expansions and full intended free action including prescribed DOFs\", operation_count: 58, evaluation_allowance: 1.7438347330468689e-9, guarded_ratio: 6.4397156802006724e-15, target: 4.121147867408608e-13, passed: true }, ResidualRow { global_dof: 7, residual: -0.0, denominator: 0.0, row_scale_exponent: 0, normalized_residual: -0.0, normalized_denominator: 0.0, normalized_evaluation_allowance: 0.0, normalization_basis: \"exact contribution expansions and full intended free action including prescribed DOFs\", operation_count: 10, evaluation_allowance: 0.0, guarded_ratio: 0.0, target: 7.10542735760101e-14, passed: true }, ResidualRow { global_dof: 8, residual: -0.0, denominator: 0.0, row_scale_exponent: 0, normalized_residual: -0.0, normalized_denominator: 0.0, normalized_evaluation_allowance: 0.0, normalization_basis: \"exact contribution expansions and full intended free action including prescribed DOFs\", operation_count: 10, evaluation_allowance: 0.0, guarded_ratio: 0.0, target: 7.10542735760101e-14, passed: true }, ResidualRow { global_dof: 9, residual: -0.0, denominator: 0.0, row_scale_exponent: 0, normalized_residual: -0.0, normalized_denominator: 0.0, normalized_evaluation_allowance: 0.0, normalization_basis: \"exact contribution expansions and full intended free action including prescribed DOFs\", operation_count: 6, evaluation_allowance: 0.0, guarded_ratio: 0.0, target: 4.263256414560604e-14, passed: true }, ResidualRow { global_dof: 10, residual: -0.0, denominator: 0.0, row_scale_exponent: 0, normalized_residual: -0.0, normalized_denominator: 0.0, normalized_evaluation_allowance: 0.0, normalization_basis: \"exact contribution expansions and full intended free action including prescribed DOFs\", operation_count: 10, evaluation_allowance: 0.0, guarded_ratio: 0.0, target: 7.10542735760101e-14, passed: true }, ResidualRow { global_dof: 11, residual: -0.0, denominator: 0.0, row_scale_exponent: 0, normalized_residual: -0.0, normalized_denominator: 0.0, normalized_evaluation_allowance: 0.0, normalization_basis: \"exact contribution expansions and full intended free action including prescribed DOFs\", operation_count: 10, evaluation_allowance: 0.0, guarded_ratio: 0.0, target: 7.10542735760101e-14, passed: true }], symmetry_projection_performed: false, maximum_scaled_skew: 0.0, symmetry_basis: Some(\"represented local matrices; two-stage 12-term frame transforms plus directed scatter; curved H*K and (H*K)*H^T six-term stages when traced; inverse accuracy not claimed; objective welded unreleased straight-frame family\") }; selected-public-displacement equilibrium: ProductEquilibriumReport { policy: \"M03-PRODUCT-PREVIEW-EQUILIBRIUM-v1\", rows: [ResidualRow { global_dof: 6, residual: 0.0, denominator: 270811.498411914, row_scale_exponent: 17, normalized_residual: 0.0, normalized_denominator: 2.0661277649834746, normalized_evaluation_allowance: 1.3763175699011826e-15, normalization_basis: \"radix mantissas; one multiply/add per term; physical records descriptive\", operation_count: 6, evaluation_allowance: 1.803966965220878e-10, guarded_ratio: 6.66133814775096e-16, target: 4.263256414560604e-14, passed: true }, ResidualRow { global_dof: 7, residual: 0.0, denominator: 0.0, row_scale_exponent: 0, normalized_residual: 0.0, normalized_denominator: 0.0, normalized_evaluation_allowance: 0.0, normalization_basis: \"radix mantissas; one multiply/add per term; physical records descriptive\", operation_count: 10, evaluation_allowance: 0.0, guarded_ratio: 0.0, target: 7.10542735760101e-14, passed: true }, ResidualRow { global_dof: 8, residual: 0.0, denominator: 0.0, row_scale_exponent: 0, normalized_residual: 0.0, normalized_denominator: 0.0, normalized_evaluation_allowance: 0.0, normalization_basis: \"radix mantissas; one multiply/add per term; physical records descriptive\", operation_count: 10, evaluation_allowance: 0.0, guarded_ratio: 0.0, target: 7.10542735760101e-14, passed: true }, ResidualRow { global_dof: 9, residual: 0.0, denominator: 0.0, row_scale_exponent: 0, normalized_residual: 0.0, normalized_denominator: 0.0, normalized_evaluation_allowance: 0.0, normalization_basis: \"radix mantissas; one multiply/add per term; physical records descriptive\", operation_count: 6, evaluation_allowance: 0.0, guarded_ratio: 0.0, target: 4.263256414560604e-14, passed: true }, ResidualRow { global_dof: 10, residual: 0.0, denominator: 0.0, row_scale_exponent: 0, normalized_residual: 0.0, normalized_denominator: 0.0, normalized_evaluation_allowance: 0.0, normalization_basis: \"radix mantissas; one multiply/add per term; physical records descriptive\", operation_count: 10, evaluation_allowance: 0.0, guarded_ratio: 0.0, target: 7.10542735760101e-14, passed: true }, ResidualRow { global_dof: 11, residual: 0.0, denominator: 0.0, row_scale_exponent: 0, normalized_residual: 0.0, normalized_denominator: 0.0, normalized_evaluation_allowance: 0.0, normalization_basis: \"radix mantissas; one multiply/add per term; physical records descriptive\", operation_count: 10, evaluation_allowance: 0.0, guarded_ratio: 0.0, target: 7.10542735760101e-14, passed: true }], work_rows: [WorkRow { global_dof: 6, observed_work: 0.0, evaluation_allowance: 3.449545680386729e-14, derived_target: 2.2077092354475036e-12, normalized_work: 0.0, normalized_allowance: 2.1559660502417055e-15, normalized_target: 1.3798182721546898e-13, scale_exponent: 4, passed: true }, WorkRow { global_dof: 7, observed_work: 0.0, evaluation_allowance: 0.0, derived_target: 0.0, normalized_work: 0.0, normalized_allowance: 0.0, normalized_target: 0.0, scale_exponent: 0, passed: true }, WorkRow { global_dof: 8, observed_work: 0.0, evaluation_allowance: 0.0, derived_target: 0.0, normalized_work: 0.0, normalized_allowance: 0.0, normalized_target: 0.0, scale_exponent: 0, passed: true }, WorkRow { global_dof: 9, observed_work: 0.0, evaluation_allowance: 0.0, derived_target: 0.0, normalized_work: 0.0, normalized_allowance: 0.0, normalized_target: 0.0, scale_exponent: 0, passed: true }, WorkRow { global_dof: 10, observed_work: 0.0, evaluation_allowance: 0.0, derived_target: 0.0, normalized_work: 0.0, normalized_allowance: 0.0, normalized_target: 0.0, scale_exponent: 0, passed: true }, WorkRow { global_dof: 11, observed_work: 0.0, evaluation_allowance: 0.0, derived_target: 0.0, normalized_work: 0.0, normalized_allowance: 0.0, normalized_target: 0.0, scale_exponent: 0, passed: true }], observed_governing_work_dof: Some(11), passed: true }",
        source: Some(
            "core/product_physics",
        ),
        affected_refs: [
            "load:L-GAP",
        ],
    },
    Diagnostic {
        id: "diagnostic:combination:combination-C-GAP:result-nonlinear-support-converged-flag:LOAD_COMBINATION_RESULT_DIMENSION_UNSUPPORTED",
        code: "LOAD_COMBINATION_RESULT_DIMENSION_UNSUPPORTED",
        severity: "warning",
        message: "result row unit is not supported for TP-MAC-08 scalar load-combination algebra",
        source: Some(
            "core/product_physics",
        ),
        affected_refs: [
            "combination:C-GAP",
            "result:nonlinear-support:converged-flag",
            "result:nonlinear-support:converged-flag",
        ],
    },
    Diagnostic {
        id: "diagnostic:combination:combination-C-GAP:result-nonlinear-support-final-residual-count:LOAD_COMBINATION_RESULT_DIMENSION_UNSUPPORTED",
        code: "LOAD_COMBINATION_RESULT_DIMENSION_UNSUPPORTED",
        severity: "warning",
        message: "result row unit is not supported for TP-MAC-08 scalar load-combination algebra",
        source: Some(
            "core/product_physics",
        ),
        affected_refs: [
            "combination:C-GAP",
            "result:nonlinear-support:final-residual-count",
            "result:nonlinear-support:final-residual-count",
        ],
    },
    Diagnostic {
        id: "diagnostic:combination:combination-C-GAP:result-nonlinear-support-iteration-count:LOAD_COMBINATION_RESULT_DIMENSION_UNSUPPORTED",
        code: "LOAD_COMBINATION_RESULT_DIMENSION_UNSUPPORTED",
        severity: "warning",
        message: "result row unit is not supported for TP-MAC-08 scalar load-combination algebra",
        source: Some(
            "core/product_physics",
        ),
        affected_refs: [
            "combination:C-GAP",
            "result:nonlinear-support:iteration-count",
            "result:nonlinear-support:iteration-count",
        ],
    },
    Diagnostic {
        id: "diagnostic:combination:combination-C-GAP:result-nonlinear-support-support-NL-GAP-110-state-code:LOAD_COMBINATION_RESULT_DIMENSION_UNSUPPORTED",
        code: "LOAD_COMBINATION_RESULT_DIMENSION_UNSUPPORTED",
        severity: "warning",
        message: "result row unit is not supported for TP-MAC-08 scalar load-combination algebra",
        source: Some(
            "core/product_physics",
        ),
        affected_refs: [
            "combination:C-GAP",
            "result:nonlinear-support:support-NL-GAP-110:state-code",
            "result:nonlinear-support:support-NL-GAP-110:state-code",
        ],
    },
    Diagnostic {
        id: "diagnostic:combination:combination-C-GAP:result-stress-pipe-P-100:COMBINATION_STRESS_SUMMARY_SKIPPED",
        code: "COMBINATION_STRESS_SUMMARY_SKIPPED",
        severity: "warning",
        message: "open-formula stress summary rows are not linearly combined in TP-MAC-08; combine inspectable stress component rows instead",
        source: Some(
            "core/product_physics",
        ),
        affected_refs: [
            "combination:C-GAP",
            "result:stress:pipe-P-100",
            "result:stress:pipe-P-100",
        ],
    },
    Diagnostic {
        id: "diagnostic:physics:rule-inputs-missing",
        code: "RULE_CHECK_INPUTS_MISSING",
        severity: "warning",
        message: "rule-check inputs and protected criteria are absent; no compliance result is produced",
        source: Some(
            "core/product_physics",
        ),
        affected_refs: [],
    },
] rows=[
    ResultItem {
        id: "result:nonlinear-support:iteration-count",
        kind: "nonlinear_support_active_set_iteration_count",
        value: 1.0,
        unit: "count",
        entity_ref: "nonlinear_supports",
        basis_ref: Some(
            ResultBasisRef {
                ref_type: "load_case",
                ref_id: "load:L-GAP",
            },
        ),
        source_result_refs: [],
        metadata: Some(
            ResultMetadata {
                component: "active_set_iteration_count",
                coordinate_system: "solver_iteration",
                location: "load_case",
                basis: "sparse_interactive_active_set_loop; policy_ref=DEC-046-CV-B-product-preview-active-set-count-v1; policy_status=accepted; support_count=1; support_classes=gap",
                sign_convention: "counts completed dense active-set linearization iterations",
            },
        ),
    },
    ResultItem {
        id: "result:nonlinear-support:final-residual-count",
        kind: "nonlinear_support_active_set_final_residual_count",
        value: 0.0,
        unit: "count",
        entity_ref: "nonlinear_supports",
        basis_ref: Some(
            ResultBasisRef {
                ref_type: "load_case",
                ref_id: "load:L-GAP",
            },
        ),
        source_result_refs: [],
        metadata: Some(
            ResultMetadata {
                component: "active_set_final_residual_count",
                coordinate_system: "solver_iteration",
                location: "load_case",
                basis: "sparse_interactive_active_set_loop; policy_ref=DEC-046-CV-B-product-preview-active-set-count-v1; residual_is_changed_support_count",
                sign_convention: "zero means no nonlinear support state changed in the final iteration",
            },
        ),
    },
    ResultItem {
        id: "result:nonlinear-support:converged-flag",
        kind: "nonlinear_support_active_set_converged_flag",
        value: 1.0,
        unit: "boolean",
        entity_ref: "nonlinear_supports",
        basis_ref: Some(
            ResultBasisRef {
                ref_type: "load_case",
                ref_id: "load:L-GAP",
            },
        ),
        source_result_refs: [],
        metadata: Some(
            ResultMetadata {
                component: "active_set_converged_flag",
                coordinate_system: "solver_iteration",
                location: "load_case",
                basis: "sparse_interactive_active_set_loop; policy_ref=DEC-046-CV-B-product-preview-active-set-count-v1; policy_status=accepted; residual_is_changed_support_count",
                sign_convention: "1 means the active-set state-change residual satisfied the supplied preview tolerance",
            },
        ),
    },
    ResultItem {
        id: "result:nonlinear-support:free-dof-force-residual",
        kind: "nonlinear_support_observed_free_dof_force_residual",
        value: 0.0,
        unit: "N",
        entity_ref: "nonlinear_supports",
        basis_ref: Some(
            ResultBasisRef {
                ref_type: "load_case",
                ref_id: "load:L-GAP",
            },
        ),
        source_result_refs: [],
        metadata: Some(
            ResultMetadata {
                component: "observed_free_dof_force_residual",
                coordinate_system: "solver_iteration",
                location: "final_iteration",
                basis: "sparse_interactive_active_set_loop; policy_ref=DEC-046-CV-B-product-preview-active-set-count-v1; threshold_policy_ref=M03-PRODUCT-PREVIEW-EQUILIBRIUM-v1; threshold_policy_status=accepted; observed_compliance=true; residual_basis=free_dof_force_moment_equilibrium; target=64*gamma(actual_row_operation_count); original_full_equations_with_prescribed_coupling; evaluation_allowance_and_denominator_guard; historical_superseded_policy_ref=DEC-046-CV-B-product-preview-free-dof-force-moment-residual-v1; historical_zero_limits=0 N,0 N*m; product_preview_only",
                sign_convention: "nonnegative max absolute translational free-DOF equilibrium residual in the final linearized solve",
            },
        ),
    },
    ResultItem {
        id: "result:nonlinear-support:free-dof-moment-residual",
        kind: "nonlinear_support_observed_free_dof_moment_residual",
        value: 0.0,
        unit: "N*m",
        entity_ref: "nonlinear_supports",
        basis_ref: Some(
            ResultBasisRef {
                ref_type: "load_case",
                ref_id: "load:L-GAP",
            },
        ),
        source_result_refs: [],
        metadata: Some(
            ResultMetadata {
                component: "observed_free_dof_moment_residual",
                coordinate_system: "solver_iteration",
                location: "final_iteration",
                basis: "sparse_interactive_active_set_loop; policy_ref=DEC-046-CV-B-product-preview-active-set-count-v1; threshold_policy_ref=M03-PRODUCT-PREVIEW-EQUILIBRIUM-v1; threshold_policy_status=accepted; observed_compliance=true; residual_basis=free_dof_force_moment_equilibrium; target=64*gamma(actual_row_operation_count); original_full_equations_with_prescribed_coupling; evaluation_allowance_and_denominator_guard; historical_superseded_policy_ref=DEC-046-CV-B-product-preview-free-dof-force-moment-residual-v1; historical_zero_limits=0 N,0 N*m; product_preview_only",
                sign_convention: "nonnegative max absolute rotational free-DOF equilibrium residual in the final linearized solve",
            },
        ),
    },
    ResultItem {
        id: "result:nonlinear-support:free-dof-work-residual",
        kind: "nonlinear_support_free_dof_work_residual",
        value: 0.0,
        unit: "N*m",
        entity_ref: "nonlinear_supports",
        basis_ref: Some(
            ResultBasisRef {
                ref_type: "load_case",
                ref_id: "load:L-GAP",
            },
        ),
        source_result_refs: [],
        metadata: Some(
            ResultMetadata {
                component: "free_dof_work_residual",
                coordinate_system: "solver_iteration",
                location: "final_iteration",
                basis: "sparse_interactive_active_set_loop; policy_ref=DEC-046-CV-B-product-preview-active-set-count-v1; threshold_policy_ref=M03-PRODUCT-PREVIEW-EQUILIBRIUM-v1; threshold_policy_status=accepted; observed_compliance=true; residual_basis=free_dof_work_residual; work_target=per_row_abs_u_times_tau_times_original_denominator_with_evaluation_allowance; observed_governing_global_dof=Some(11); general_energy_alias=residual_work_not_total_energy_balance; historical_superseded_policy_refs=DEC-046-CV-B-product-preview-free-dof-work-residual-v1,DEC-046-CV-B-product-preview-general-energy-residual-v1, historical_limits=0 N*m,0 N*m; product_preview_only",
                sign_convention: "nonnegative max absolute free-DOF residual work product in the final linearized solve",
            },
        ),
    },
    ResultItem {
        id: "result:nonlinear-support:support-NL-GAP-110:state-code",
        kind: "nonlinear_support_active_set_state_code",
        value: 1.0,
        unit: "state_code",
        entity_ref: "support:NL-GAP-110",
        basis_ref: Some(
            ResultBasisRef {
                ref_type: "load_case",
                ref_id: "load:L-GAP",
            },
        ),
        source_result_refs: [],
        metadata: Some(
            ResultMetadata {
                component: "active_set_state_code",
                coordinate_system: "solver_iteration",
                location: "ux",
                basis: "sparse_interactive_active_set_loop; policy_ref=DEC-046-CV-B-product-preview-active-set-count-v1; final_state=active",
                sign_convention: "0=inactive, 1=active, 2=sticking, 3=sliding",
            },
        ),
    },
    ResultItem {
        id: "result:nonlinear-support:support-NL-GAP-110:ux-displacement",
        kind: "nonlinear_support_final_displacement",
        value: 0.05,
        unit: "mm",
        entity_ref: "support:NL-GAP-110",
        basis_ref: Some(
            ResultBasisRef {
                ref_type: "load_case",
                ref_id: "load:L-GAP",
            },
        ),
        source_result_refs: [],
        metadata: Some(
            ResultMetadata {
                component: "nonlinear_support_final_displacement",
                coordinate_system: "solver_iteration",
                location: "ux",
                basis: "sparse_interactive_active_set_loop; policy_ref=DEC-046-CV-B-product-preview-active-set-count-v1; final_state=active",
                sign_convention: "positive value follows the global frame DOF sign convention",
            },
        ),
    },
    ResultItem {
        id: "result:nonlinear-support:support-NL-GAP-110:ux-reaction",
        kind: "nonlinear_support_final_reaction",
        value: -100000.0,
        unit: "N",
        entity_ref: "support:NL-GAP-110",
        basis_ref: Some(
            ResultBasisRef {
                ref_type: "load_case",
                ref_id: "load:L-GAP",
            },
        ),
        source_result_refs: [],
        metadata: Some(
            ResultMetadata {
                component: "nonlinear_support_final_reaction",
                coordinate_system: "solver_iteration",
                location: "ux",
                basis: "sparse_interactive_active_set_loop; policy_ref=DEC-046-CV-B-product-preview-active-set-count-v1; final_state=active",
                sign_convention: "positive value follows the global frame DOF reaction sign convention",
            },
        ),
    },
    ResultItem {
        id: "result:disp:node-N-100",
        kind: "displacement_magnitude",
        value: 0.05,
        unit: "mm",
        entity_ref: "node:N-100",
        basis_ref: Some(
            ResultBasisRef {
                ref_type: "load_case",
                ref_id: "load:L-GAP",
            },
        ),
        source_result_refs: [],
        metadata: None,
    },
    ResultItem {
        id: "result:disp:node-N-110",
        kind: "displacement_magnitude",
        value: 0.19122000274347406,
        unit: "mm",
        entity_ref: "node:N-110",
        basis_ref: Some(
            ResultBasisRef {
                ref_type: "load_case",
                ref_id: "load:L-GAP",
            },
        ),
        source_result_refs: [],
        metadata: None,
    },
    ResultItem {
        id: "result:disp:node-N-100:ux",
        kind: "global_nodal_displacement_x",
        value: 0.05,
        unit: "mm",
        entity_ref: "node:N-100",
        basis_ref: Some(
            ResultBasisRef {
                ref_type: "load_case",
                ref_id: "load:L-GAP",
            },
        ),
        source_result_refs: [],
        metadata: Some(
            ResultMetadata {
                component: "nodal_displacement_x",
                coordinate_system: "global",
                location: "node",
                basis: "solved_from_global_linear_system",
                sign_convention: "positive value follows the global cartesian X axis displacement of the node",
            },
        ),
    },
    ResultItem {
        id: "result:disp:node-N-100:uy",
        kind: "global_nodal_displacement_y",
        value: 0.0,
        unit: "mm",
        entity_ref: "node:N-100",
        basis_ref: Some(
            ResultBasisRef {
                ref_type: "load_case",
                ref_id: "load:L-GAP",
            },
        ),
        source_result_refs: [],
        metadata: Some(
            ResultMetadata {
                component: "nodal_displacement_y",
                coordinate_system: "global",
                location: "node",
                basis: "solved_from_global_linear_system",
                sign_convention: "positive value follows the global cartesian Y axis displacement of the node",
            },
        ),
    },
    ResultItem {
        id: "result:disp:node-N-100:uz",
        kind: "global_nodal_displacement_z",
        value: 0.0,
        unit: "mm",
        entity_ref: "node:N-100",
        basis_ref: Some(
            ResultBasisRef {
                ref_type: "load_case",
                ref_id: "load:L-GAP",
            },
        ),
        source_result_refs: [],
        metadata: Some(
            ResultMetadata {
                component: "nodal_displacement_z",
                coordinate_system: "global",
                location: "node",
                basis: "solved_from_global_linear_system",
                sign_convention: "positive value follows the global cartesian Z axis displacement of the node",
            },
        ),
    },
    ResultItem {
        id: "result:disp:node-N-100:rx",
        kind: "global_nodal_rotation_x",
        value: 0.0,
        unit: "rad",
        entity_ref: "node:N-100",
        basis_ref: Some(
            ResultBasisRef {
                ref_type: "load_case",
                ref_id: "load:L-GAP",
            },
        ),
        source_result_refs: [],
        metadata: Some(
            ResultMetadata {
                component: "nodal_rotation_x",
                coordinate_system: "global",
                location: "node",
                basis: "solved_from_global_linear_system",
                sign_convention: "positive value follows the right-hand-rule rotation about the global cartesian X axis",
            },
        ),
    },
    ResultItem {
        id: "result:disp:node-N-100:ry",
        kind: "global_nodal_rotation_y",
        value: 0.0,
        unit: "rad",
        entity_ref: "node:N-100",
        basis_ref: Some(
            ResultBasisRef {
                ref_type: "load_case",
                ref_id: "load:L-GAP",
            },
        ),
        source_result_refs: [],
        metadata: Some(
            ResultMetadata {
                component: "nodal_rotation_y",
                coordinate_system: "global",
                location: "node",
                basis: "solved_from_global_linear_system",
                sign_convention: "positive value follows the right-hand-rule rotation about the global cartesian Y axis",
            },
        ),
    },
    ResultItem {
        id: "result:disp:node-N-100:rz",
        kind: "global_nodal_rotation_z",
        value: 0.0,
        unit: "rad",
        entity_ref: "node:N-100",
        basis_ref: Some(
            ResultBasisRef {
                ref_type: "load_case",
                ref_id: "load:L-GAP",
            },
        ),
        source_result_refs: [],
        metadata: Some(
            ResultMetadata {
                component: "nodal_rotation_z",
                coordinate_system: "global",
                location: "node",
                basis: "solved_from_global_linear_system",
                sign_convention: "positive value follows the right-hand-rule rotation about the global cartesian Z axis",
            },
        ),
    },
    ResultItem {
        id: "result:disp:node-N-110:ux",
        kind: "global_nodal_displacement_x",
        value: 0.19122000274347406,
        unit: "mm",
        entity_ref: "node:N-110",
        basis_ref: Some(
            ResultBasisRef {
                ref_type: "load_case",
                ref_id: "load:L-GAP",
            },
        ),
        source_result_refs: [],
        metadata: Some(
            ResultMetadata {
                component: "nodal_displacement_x",
                coordinate_system: "global",
                location: "node",
                basis: "solved_from_global_linear_system",
                sign_convention: "positive value follows the global cartesian X axis displacement of the node",
            },
        ),
    },
    ResultItem {
        id: "result:disp:node-N-110:uy",
        kind: "global_nodal_displacement_y",
        value: 0.0,
        unit: "mm",
        entity_ref: "node:N-110",
        basis_ref: Some(
            ResultBasisRef {
                ref_type: "load_case",
                ref_id: "load:L-GAP",
            },
        ),
        source_result_refs: [],
        metadata: Some(
            ResultMetadata {
                component: "nodal_displacement_y",
                coordinate_system: "global",
                location: "node",
                basis: "solved_from_global_linear_system",
                sign_convention: "positive value follows the global cartesian Y axis displacement of the node",
            },
        ),
    },
    ResultItem {
        id: "result:disp:node-N-110:uz",
        kind: "global_nodal_displacement_z",
        value: 0.0,
        unit: "mm",
        entity_ref: "node:N-110",
        basis_ref: Some(
            ResultBasisRef {
                ref_type: "load_case",
                ref_id: "load:L-GAP",
            },
        ),
        source_result_refs: [],
        metadata: Some(
            ResultMetadata {
                component: "nodal_displacement_z",
                coordinate_system: "global",
                location: "node",
                basis: "solved_from_global_linear_system",
                sign_convention: "positive value follows the global cartesian Z axis displacement of the node",
            },
        ),
    },
    ResultItem {
        id: "result:disp:node-N-110:rx",
        kind: "global_nodal_rotation_x",
        value: 0.0,
        unit: "rad",
        entity_ref: "node:N-110",
        basis_ref: Some(
            ResultBasisRef {
                ref_type: "load_case",
                ref_id: "load:L-GAP",
            },
        ),
        source_result_refs: [],
        metadata: Some(
            ResultMetadata {
                component: "nodal_rotation_x",
                coordinate_system: "global",
                location: "node",
                basis: "solved_from_global_linear_system",
                sign_convention: "positive value follows the right-hand-rule rotation about the global cartesian X axis",
            },
        ),
    },
    ResultItem {
        id: "result:disp:node-N-110:ry",
        kind: "global_nodal_rotation_y",
        value: 0.0,
        unit: "rad",
        entity_ref: "node:N-110",
        basis_ref: Some(
            ResultBasisRef {
                ref_type: "load_case",
                ref_id: "load:L-GAP",
            },
        ),
        source_result_refs: [],
        metadata: Some(
            ResultMetadata {
                component: "nodal_rotation_y",
                coordinate_system: "global",
                location: "node",
                basis: "solved_from_global_linear_system",
                sign_convention: "positive value follows the right-hand-rule rotation about the global cartesian Y axis",
            },
        ),
    },
    ResultItem {
        id: "result:disp:node-N-110:rz",
        kind: "global_nodal_rotation_z",
        value: 0.0,
        unit: "rad",
        entity_ref: "node:N-110",
        basis_ref: Some(
            ResultBasisRef {
                ref_type: "load_case",
                ref_id: "load:L-GAP",
            },
        ),
        source_result_refs: [],
        metadata: Some(
            ResultMetadata {
                component: "nodal_rotation_z",
                coordinate_system: "global",
                location: "node",
                basis: "solved_from_global_linear_system",
                sign_convention: "positive value follows the right-hand-rule rotation about the global cartesian Z axis",
            },
        ),
    },
    ResultItem {
        id: "result:reaction:support-S-100",
        kind: "reaction_resultant",
        value: 0.0,
        unit: "N",
        entity_ref: "support:S-100",
        basis_ref: Some(
            ResultBasisRef {
                ref_type: "load_case",
                ref_id: "load:L-GAP",
            },
        ),
        source_result_refs: [],
        metadata: None,
    },
    ResultItem {
        id: "result:reaction:support-NL-GAP-110",
        kind: "reaction_resultant",
        value: 100000.0,
        unit: "N",
        entity_ref: "support:NL-GAP-110",
        basis_ref: Some(
            ResultBasisRef {
                ref_type: "load_case",
                ref_id: "load:L-GAP",
            },
        ),
        source_result_refs: [],
        metadata: None,
    },
    ResultItem {
        id: "result:force:pipe-P-100:axial",
        kind: "element_local_axial_force",
        value: -100000.0,
        unit: "N",
        entity_ref: "pipe:P-100",
        basis_ref: Some(
            ResultBasisRef {
                ref_type: "load_case",
                ref_id: "load:L-GAP",
            },
        ),
        source_result_refs: [],
        metadata: Some(
            ResultMetadata {
                component: "axial_force",
                coordinate_system: "element_local",
                location: "end_i",
                basis: "recovered_from_local_element_stiffness",
                sign_convention: "positive value follows the element-local DOF at the i-end force vector",
            },
        ),
    },
    ResultItem {
        id: "result:force:pipe-P-100:axial:end-j",
        kind: "element_local_axial_force",
        value: 100000.0,
        unit: "N",
        entity_ref: "pipe:P-100",
        basis_ref: Some(
            ResultBasisRef {
                ref_type: "load_case",
                ref_id: "load:L-GAP",
            },
        ),
        source_result_refs: [],
        metadata: Some(
            ResultMetadata {
                component: "axial_force",
                coordinate_system: "element_local",
                location: "end_j",
                basis: "recovered_from_local_element_stiffness",
                sign_convention: "positive value follows the element-local DOF at the j-end force vector",
            },
        ),
    },
    ResultItem {
        id: "result:force:pipe-P-100:shear-y",
        kind: "element_local_shear_force_y",
        value: 0.0,
        unit: "N",
        entity_ref: "pipe:P-100",
        basis_ref: Some(
            ResultBasisRef {
                ref_type: "load_case",
                ref_id: "load:L-GAP",
            },
        ),
        source_result_refs: [],
        metadata: Some(
            ResultMetadata {
                component: "shear_force_y",
                coordinate_system: "element_local",
                location: "end_i",
                basis: "recovered_from_local_element_stiffness",
                sign_convention: "positive value follows the element-local DOF at the i-end force vector",
            },
        ),
    },
    ResultItem {
        id: "result:force:pipe-P-100:shear-y:end-j",
        kind: "element_local_shear_force_y",
        value: 0.0,
        unit: "N",
        entity_ref: "pipe:P-100",
        basis_ref: Some(
            ResultBasisRef {
                ref_type: "load_case",
                ref_id: "load:L-GAP",
            },
        ),
        source_result_refs: [],
        metadata: Some(
            ResultMetadata {
                component: "shear_force_y",
                coordinate_system: "element_local",
                location: "end_j",
                basis: "recovered_from_local_element_stiffness",
                sign_convention: "positive value follows the element-local DOF at the j-end force vector",
            },
        ),
    },
    ResultItem {
        id: "result:force:pipe-P-100:shear-z",
        kind: "element_local_shear_force_z",
        value: 0.0,
        unit: "N",
        entity_ref: "pipe:P-100",
        basis_ref: Some(
            ResultBasisRef {
                ref_type: "load_case",
                ref_id: "load:L-GAP",
            },
        ),
        source_result_refs: [],
        metadata: Some(
            ResultMetadata {
                component: "shear_force_z",
                coordinate_system: "element_local",
                location: "end_i",
                basis: "recovered_from_local_element_stiffness",
                sign_convention: "positive value follows the element-local DOF at the i-end force vector",
            },
        ),
    },
    ResultItem {
        id: "result:force:pipe-P-100:shear-z:end-j",
        kind: "element_local_shear_force_z",
        value: 0.0,
        unit: "N",
        entity_ref: "pipe:P-100",
        basis_ref: Some(
            ResultBasisRef {
                ref_type: "load_case",
                ref_id: "load:L-GAP",
            },
        ),
        source_result_refs: [],
        metadata: Some(
            ResultMetadata {
                component: "shear_force_z",
                coordinate_system: "element_local",
                location: "end_j",
                basis: "recovered_from_local_element_stiffness",
                sign_convention: "positive value follows the element-local DOF at the j-end force vector",
            },
        ),
    },
    ResultItem {
        id: "result:moment:pipe-P-100:torsion",
        kind: "element_local_torsional_moment",
        value: 0.0,
        unit: "N*m",
        entity_ref: "pipe:P-100",
        basis_ref: Some(
            ResultBasisRef {
                ref_type: "load_case",
                ref_id: "load:L-GAP",
            },
        ),
        source_result_refs: [],
        metadata: Some(
            ResultMetadata {
                component: "torsional_moment",
                coordinate_system: "element_local",
                location: "end_i",
                basis: "recovered_from_local_element_stiffness",
                sign_convention: "positive value follows the element-local DOF at the i-end force vector",
            },
        ),
    },
    ResultItem {
        id: "result:moment:pipe-P-100:torsion:end-j",
        kind: "element_local_torsional_moment",
        value: 0.0,
        unit: "N*m",
        entity_ref: "pipe:P-100",
        basis_ref: Some(
            ResultBasisRef {
                ref_type: "load_case",
                ref_id: "load:L-GAP",
            },
        ),
        source_result_refs: [],
        metadata: Some(
            ResultMetadata {
                component: "torsional_moment",
                coordinate_system: "element_local",
                location: "end_j",
                basis: "recovered_from_local_element_stiffness",
                sign_convention: "positive value follows the element-local DOF at the j-end force vector",
            },
        ),
    },
    ResultItem {
        id: "result:moment:pipe-P-100:bending-y",
        kind: "element_local_bending_moment_y",
        value: 0.0,
        unit: "N*m",
        entity_ref: "pipe:P-100",
        basis_ref: Some(
            ResultBasisRef {
                ref_type: "load_case",
                ref_id: "load:L-GAP",
            },
        ),
        source_result_refs: [],
        metadata: Some(
            ResultMetadata {
                component: "bending_moment_y",
                coordinate_system: "element_local",
                location: "end_i",
                basis: "recovered_from_local_element_stiffness",
                sign_convention: "positive value follows the element-local DOF at the i-end force vector",
            },
        ),
    },
    ResultItem {
        id: "result:moment:pipe-P-100:bending-y:end-j",
        kind: "element_local_bending_moment_y",
        value: 0.0,
        unit: "N*m",
        entity_ref: "pipe:P-100",
        basis_ref: Some(
            ResultBasisRef {
                ref_type: "load_case",
                ref_id: "load:L-GAP",
            },
        ),
        source_result_refs: [],
        metadata: Some(
            ResultMetadata {
                component: "bending_moment_y",
                coordinate_system: "element_local",
                location: "end_j",
                basis: "recovered_from_local_element_stiffness",
                sign_convention: "positive value follows the element-local DOF at the j-end force vector",
            },
        ),
    },
    ResultItem {
        id: "result:moment:pipe-P-100:bending-z",
        kind: "element_local_bending_moment_z",
        value: 0.0,
        unit: "N*m",
        entity_ref: "pipe:P-100",
        basis_ref: Some(
            ResultBasisRef {
                ref_type: "load_case",
                ref_id: "load:L-GAP",
            },
        ),
        source_result_refs: [],
        metadata: Some(
            ResultMetadata {
                component: "bending_moment_z",
                coordinate_system: "element_local",
                location: "end_i",
                basis: "recovered_from_local_element_stiffness",
                sign_convention: "positive value follows the element-local DOF at the i-end force vector",
            },
        ),
    },
    ResultItem {
        id: "result:moment:pipe-P-100:bending-z:end-j",
        kind: "element_local_bending_moment_z",
        value: 0.0,
        unit: "N*m",
        entity_ref: "pipe:P-100",
        basis_ref: Some(
            ResultBasisRef {
                ref_type: "load_case",
                ref_id: "load:L-GAP",
            },
        ),
        source_result_refs: [],
        metadata: Some(
            ResultMetadata {
                component: "bending_moment_z",
                coordinate_system: "element_local",
                location: "end_j",
                basis: "recovered_from_local_element_stiffness",
                sign_convention: "positive value follows the element-local DOF at the j-end force vector",
            },
        ),
    },
    ResultItem {
        id: "result:force:pipe-P-100:quarter-1:axial",
        kind: "element_local_axial_force",
        value: 100000.0,
        unit: "N",
        entity_ref: "pipe:P-100",
        basis_ref: Some(
            ResultBasisRef {
                ref_type: "load_case",
                ref_id: "load:L-GAP",
            },
        ),
        source_result_refs: [],
        metadata: Some(
            ResultMetadata {
                component: "axial_force",
                coordinate_system: "element_local",
                location: "quarter_1",
                basis: "recovered_from_local_element_stiffness",
                sign_convention: "positive value follows the j-side section action in the element-local frame (x toward end j); section equilibrium from stiffness-recovered end actions with consistent distributed-load fixed-end correction",
            },
        ),
    },
    ResultItem {
        id: "result:force:pipe-P-100:quarter-1:shear-y",
        kind: "element_local_shear_force_y",
        value: -0.0,
        unit: "N",
        entity_ref: "pipe:P-100",
        basis_ref: Some(
            ResultBasisRef {
                ref_type: "load_case",
                ref_id: "load:L-GAP",
            },
        ),
        source_result_refs: [],
        metadata: Some(
            ResultMetadata {
                component: "shear_force_y",
                coordinate_system: "element_local",
                location: "quarter_1",
                basis: "recovered_from_local_element_stiffness",
                sign_convention: "positive value follows the j-side section action in the element-local frame (x toward end j); section equilibrium from stiffness-recovered end actions with consistent distributed-load fixed-end correction",
            },
        ),
    },
    ResultItem {
        id: "result:force:pipe-P-100:quarter-1:shear-z",
        kind: "element_local_shear_force_z",
        value: -0.0,
        unit: "N",
        entity_ref: "pipe:P-100",
        basis_ref: Some(
            ResultBasisRef {
                ref_type: "load_case",
                ref_id: "load:L-GAP",
            },
        ),
        source_result_refs: [],
        metadata: Some(
            ResultMetadata {
                component: "shear_force_z",
                coordinate_system: "element_local",
                location: "quarter_1",
                basis: "recovered_from_local_element_stiffness",
                sign_convention: "positive value follows the j-side section action in the element-local frame (x toward end j); section equilibrium from stiffness-recovered end actions with consistent distributed-load fixed-end correction",
            },
        ),
    },
    ResultItem {
        id: "result:moment:pipe-P-100:quarter-1:torsion",
        kind: "element_local_torsional_moment",
        value: -0.0,
        unit: "N*m",
        entity_ref: "pipe:P-100",
        basis_ref: Some(
            ResultBasisRef {
                ref_type: "load_case",
                ref_id: "load:L-GAP",
            },
        ),
        source_result_refs: [],
        metadata: Some(
            ResultMetadata {
                component: "torsional_moment",
                coordinate_system: "element_local",
                location: "quarter_1",
                basis: "recovered_from_local_element_stiffness",
                sign_convention: "positive value follows the j-side section action in the element-local frame (x toward end j); section equilibrium from stiffness-recovered end actions with consistent distributed-load fixed-end correction",
            },
        ),
    },
    ResultItem {
        id: "result:moment:pipe-P-100:quarter-1:bending-y",
        kind: "element_local_bending_moment_y",
        value: -0.0,
        unit: "N*m",
        entity_ref: "pipe:P-100",
        basis_ref: Some(
            ResultBasisRef {
                ref_type: "load_case",
                ref_id: "load:L-GAP",
            },
        ),
        source_result_refs: [],
        metadata: Some(
            ResultMetadata {
                component: "bending_moment_y",
                coordinate_system: "element_local",
                location: "quarter_1",
                basis: "recovered_from_local_element_stiffness",
                sign_convention: "positive value follows the j-side section action in the element-local frame (x toward end j); section equilibrium from stiffness-recovered end actions with consistent distributed-load fixed-end correction",
            },
        ),
    },
    ResultItem {
        id: "result:moment:pipe-P-100:quarter-1:bending-z",
        kind: "element_local_bending_moment_z",
        value: -0.0,
        unit: "N*m",
        entity_ref: "pipe:P-100",
        basis_ref: Some(
            ResultBasisRef {
                ref_type: "load_case",
                ref_id: "load:L-GAP",
            },
        ),
        source_result_refs: [],
        metadata: Some(
            ResultMetadata {
                component: "bending_moment_z",
                coordinate_system: "element_local",
                location: "quarter_1",
                basis: "recovered_from_local_element_stiffness",
                sign_convention: "positive value follows the j-side section action in the element-local frame (x toward end j); section equilibrium from stiffness-recovered end actions with consistent distributed-load fixed-end correction",
            },
        ),
    },
    ResultItem {
        id: "result:force:pipe-P-100:midspan:axial",
        kind: "element_local_axial_force",
        value: 100000.0,
        unit: "N",
        entity_ref: "pipe:P-100",
        basis_ref: Some(
            ResultBasisRef {
                ref_type: "load_case",
                ref_id: "load:L-GAP",
            },
        ),
        source_result_refs: [],
        metadata: Some(
            ResultMetadata {
                component: "axial_force",
                coordinate_system: "element_local",
                location: "midspan",
                basis: "recovered_from_local_element_stiffness",
                sign_convention: "positive value follows the j-side section action in the element-local frame (x toward end j); section equilibrium from stiffness-recovered end actions with consistent distributed-load fixed-end correction",
            },
        ),
    },
    ResultItem {
        id: "result:force:pipe-P-100:midspan:shear-y",
        kind: "element_local_shear_force_y",
        value: -0.0,
        unit: "N",
        entity_ref: "pipe:P-100",
        basis_ref: Some(
            ResultBasisRef {
                ref_type: "load_case",
                ref_id: "load:L-GAP",
            },
        ),
        source_result_refs: [],
        metadata: Some(
            ResultMetadata {
                component: "shear_force_y",
                coordinate_system: "element_local",
                location: "midspan",
                basis: "recovered_from_local_element_stiffness",
                sign_convention: "positive value follows the j-side section action in the element-local frame (x toward end j); section equilibrium from stiffness-recovered end actions with consistent distributed-load fixed-end correction",
            },
        ),
    },
    ResultItem {
        id: "result:force:pipe-P-100:midspan:shear-z",
        kind: "element_local_shear_force_z",
        value: -0.0,
        unit: "N",
        entity_ref: "pipe:P-100",
        basis_ref: Some(
            ResultBasisRef {
                ref_type: "load_case",
                ref_id: "load:L-GAP",
            },
        ),
        source_result_refs: [],
        metadata: Some(
            ResultMetadata {
                component: "shear_force_z",
                coordinate_system: "element_local",
                location: "midspan",
                basis: "recovered_from_local_element_stiffness",
                sign_convention: "positive value follows the j-side section action in the element-local frame (x toward end j); section equilibrium from stiffness-recovered end actions with consistent distributed-load fixed-end correction",
            },
        ),
    },
    ResultItem {
        id: "result:moment:pipe-P-100:midspan:torsion",
        kind: "element_local_torsional_moment",
        value: -0.0,
        unit: "N*m",
        entity_ref: "pipe:P-100",
        basis_ref: Some(
            ResultBasisRef {
                ref_type: "load_case",
                ref_id: "load:L-GAP",
            },
        ),
        source_result_refs: [],
        metadata: Some(
            ResultMetadata {
                component: "torsional_moment",
                coordinate_system: "element_local",
                location: "midspan",
                basis: "recovered_from_local_element_stiffness",
                sign_convention: "positive value follows the j-side section action in the element-local frame (x toward end j); section equilibrium from stiffness-recovered end actions with consistent distributed-load fixed-end correction",
            },
        ),
    },
    ResultItem {
        id: "result:moment:pipe-P-100:midspan:bending-y",
        kind: "element_local_bending_moment_y",
        value: -0.0,
        unit: "N*m",
        entity_ref: "pipe:P-100",
        basis_ref: Some(
            ResultBasisRef {
                ref_type: "load_case",
                ref_id: "load:L-GAP",
            },
        ),
        source_result_refs: [],
        metadata: Some(
            ResultMetadata {
                component: "bending_moment_y",
                coordinate_system: "element_local",
                location: "midspan",
                basis: "recovered_from_local_element_stiffness",
                sign_convention: "positive value follows the j-side section action in the element-local frame (x toward end j); section equilibrium from stiffness-recovered end actions with consistent distributed-load fixed-end correction",
            },
        ),
    },
    ResultItem {
        id: "result:moment:pipe-P-100:midspan:bending-z",
        kind: "element_local_bending_moment_z",
        value: -0.0,
        unit: "N*m",
        entity_ref: "pipe:P-100",
        basis_ref: Some(
            ResultBasisRef {
                ref_type: "load_case",
                ref_id: "load:L-GAP",
            },
        ),
        source_result_refs: [],
        metadata: Some(
            ResultMetadata {
                component: "bending_moment_z",
                coordinate_system: "element_local",
                location: "midspan",
                basis: "recovered_from_local_element_stiffness",
                sign_convention: "positive value follows the j-side section action in the element-local frame (x toward end j); section equilibrium from stiffness-recovered end actions with consistent distributed-load fixed-end correction",
            },
        ),
    },
    ResultItem {
        id: "result:force:pipe-P-100:quarter-3:axial",
        kind: "element_local_axial_force",
        value: 100000.0,
        unit: "N",
        entity_ref: "pipe:P-100",
        basis_ref: Some(
            ResultBasisRef {
                ref_type: "load_case",
                ref_id: "load:L-GAP",
            },
        ),
        source_result_refs: [],
        metadata: Some(
            ResultMetadata {
                component: "axial_force",
                coordinate_system: "element_local",
                location: "quarter_3",
                basis: "recovered_from_local_element_stiffness",
                sign_convention: "positive value follows the j-side section action in the element-local frame (x toward end j); section equilibrium from stiffness-recovered end actions with consistent distributed-load fixed-end correction",
            },
        ),
    },
    ResultItem {
        id: "result:force:pipe-P-100:quarter-3:shear-y",
        kind: "element_local_shear_force_y",
        value: -0.0,
        unit: "N",
        entity_ref: "pipe:P-100",
        basis_ref: Some(
            ResultBasisRef {
                ref_type: "load_case",
                ref_id: "load:L-GAP",
            },
        ),
        source_result_refs: [],
        metadata: Some(
            ResultMetadata {
                component: "shear_force_y",
                coordinate_system: "element_local",
                location: "quarter_3",
                basis: "recovered_from_local_element_stiffness",
                sign_convention: "positive value follows the j-side section action in the element-local frame (x toward end j); section equilibrium from stiffness-recovered end actions with consistent distributed-load fixed-end correction",
            },
        ),
    },
    ResultItem {
        id: "result:force:pipe-P-100:quarter-3:shear-z",
        kind: "element_local_shear_force_z",
        value: -0.0,
        unit: "N",
        entity_ref: "pipe:P-100",
        basis_ref: Some(
            ResultBasisRef {
                ref_type: "load_case",
                ref_id: "load:L-GAP",
            },
        ),
        source_result_refs: [],
        metadata: Some(
            ResultMetadata {
                component: "shear_force_z",
                coordinate_system: "element_local",
                location: "quarter_3",
                basis: "recovered_from_local_element_stiffness",
                sign_convention: "positive value follows the j-side section action in the element-local frame (x toward end j); section equilibrium from stiffness-recovered end actions with consistent distributed-load fixed-end correction",
            },
        ),
    },
    ResultItem {
        id: "result:moment:pipe-P-100:quarter-3:torsion",
        kind: "element_local_torsional_moment",
        value: -0.0,
        unit: "N*m",
        entity_ref: "pipe:P-100",
        basis_ref: Some(
            ResultBasisRef {
                ref_type: "load_case",
                ref_id: "load:L-GAP",
            },
        ),
        source_result_refs: [],
        metadata: Some(
            ResultMetadata {
                component: "torsional_moment",
                coordinate_system: "element_local",
                location: "quarter_3",
                basis: "recovered_from_local_element_stiffness",
                sign_convention: "positive value follows the j-side section action in the element-local frame (x toward end j); section equilibrium from stiffness-recovered end actions with consistent distributed-load fixed-end correction",
            },
        ),
    },
    ResultItem {
        id: "result:moment:pipe-P-100:quarter-3:bending-y",
        kind: "element_local_bending_moment_y",
        value: -0.0,
        unit: "N*m",
        entity_ref: "pipe:P-100",
        basis_ref: Some(
            ResultBasisRef {
                ref_type: "load_case",
                ref_id: "load:L-GAP",
            },
        ),
        source_result_refs: [],
        metadata: Some(
            ResultMetadata {
                component: "bending_moment_y",
                coordinate_system: "element_local",
                location: "quarter_3",
                basis: "recovered_from_local_element_stiffness",
                sign_convention: "positive value follows the j-side section action in the element-local frame (x toward end j); section equilibrium from stiffness-recovered end actions with consistent distributed-load fixed-end correction",
            },
        ),
    },
    ResultItem {
        id: "result:moment:pipe-P-100:quarter-3:bending-z",
        kind: "element_local_bending_moment_z",
        value: -0.0,
        unit: "N*m",
        entity_ref: "pipe:P-100",
        basis_ref: Some(
            ResultBasisRef {
                ref_type: "load_case",
                ref_id: "load:L-GAP",
            },
        ),
        source_result_refs: [],
        metadata: Some(
            ResultMetadata {
                component: "bending_moment_z",
                coordinate_system: "element_local",
                location: "quarter_3",
                basis: "recovered_from_local_element_stiffness",
                sign_convention: "positive value follows the j-side section action in the element-local frame (x toward end j); section equilibrium from stiffness-recovered end actions with consistent distributed-load fixed-end correction",
            },
        ),
    },
    ResultItem {
        id: "result:stress:pipe-P-100:end-i:axial-normal",
        kind: "element_local_axial_normal_stress",
        value: 28.244000548694814,
        unit: "MPa",
        entity_ref: "pipe:P-100",
        basis_ref: Some(
            ResultBasisRef {
                ref_type: "load_case",
                ref_id: "load:L-GAP",
            },
        ),
        source_result_refs: [],
        metadata: Some(
            ResultMetadata {
                component: "axial_normal_stress",
                coordinate_system: "element_local",
                location: "end_i",
                basis: "recovered_from_local_element_stiffness",
                sign_convention: "positive value follows the j-side section action in the element-local frame (local x toward end j); resultants come from section equilibrium over assembled end actions",
            },
        ),
    },
    ResultItem {
        id: "result:stress:pipe-P-100:end-i:bending-normal-y",
        kind: "element_local_bending_normal_stress_y",
        value: -0.0,
        unit: "MPa",
        entity_ref: "pipe:P-100",
        basis_ref: Some(
            ResultBasisRef {
                ref_type: "load_case",
                ref_id: "load:L-GAP",
            },
        ),
        source_result_refs: [],
        metadata: Some(
            ResultMetadata {
                component: "bending_normal_stress_y",
                coordinate_system: "element_local",
                location: "end_i",
                basis: "recovered_from_local_element_stiffness",
                sign_convention: "positive value follows the j-side section action in the element-local frame (local x toward end j); resultants come from section equilibrium over assembled end actions",
            },
        ),
    },
    ResultItem {
        id: "result:stress:pipe-P-100:end-i:bending-normal-z",
        kind: "element_local_bending_normal_stress_z",
        value: -0.0,
        unit: "MPa",
        entity_ref: "pipe:P-100",
        basis_ref: Some(
            ResultBasisRef {
                ref_type: "load_case",
                ref_id: "load:L-GAP",
            },
        ),
        source_result_refs: [],
        metadata: Some(
            ResultMetadata {
                component: "bending_normal_stress_z",
                coordinate_system: "element_local",
                location: "end_i",
                basis: "recovered_from_local_element_stiffness",
                sign_convention: "positive value follows the j-side section action in the element-local frame (local x toward end j); resultants come from section equilibrium over assembled end actions",
            },
        ),
    },
    ResultItem {
        id: "result:stress:pipe-P-100:end-i:torsional-shear",
        kind: "element_local_torsional_shear_stress",
        value: -0.0,
        unit: "MPa",
        entity_ref: "pipe:P-100",
        basis_ref: Some(
            ResultBasisRef {
                ref_type: "load_case",
                ref_id: "load:L-GAP",
            },
        ),
        source_result_refs: [],
        metadata: Some(
            ResultMetadata {
                component: "torsional_shear_stress",
                coordinate_system: "element_local",
                location: "end_i",
                basis: "recovered_from_local_element_stiffness",
                sign_convention: "positive value follows the j-side section action in the element-local frame (local x toward end j); resultants come from section equilibrium over assembled end actions",
            },
        ),
    },
    ResultItem {
        id: "result:stress:pipe-P-100:end-j:axial-normal",
        kind: "element_local_axial_normal_stress",
        value: 28.244000548694814,
        unit: "MPa",
        entity_ref: "pipe:P-100",
        basis_ref: Some(
            ResultBasisRef {
                ref_type: "load_case",
                ref_id: "load:L-GAP",
            },
        ),
        source_result_refs: [],
        metadata: Some(
            ResultMetadata {
                component: "axial_normal_stress",
                coordinate_system: "element_local",
                location: "end_j",
                basis: "recovered_from_local_element_stiffness",
                sign_convention: "positive value follows the j-side section action in the element-local frame (local x toward end j); resultants come from section equilibrium over assembled end actions",
            },
        ),
    },
    ResultItem {
        id: "result:stress:pipe-P-100:end-j:bending-normal-y",
        kind: "element_local_bending_normal_stress_y",
        value: -0.0,
        unit: "MPa",
        entity_ref: "pipe:P-100",
        basis_ref: Some(
            ResultBasisRef {
                ref_type: "load_case",
                ref_id: "load:L-GAP",
            },
        ),
        source_result_refs: [],
        metadata: Some(
            ResultMetadata {
                component: "bending_normal_stress_y",
                coordinate_system: "element_local",
                location: "end_j",
                basis: "recovered_from_local_element_stiffness",
                sign_convention: "positive value follows the j-side section action in the element-local frame (local x toward end j); resultants come from section equilibrium over assembled end actions",
            },
        ),
    },
    ResultItem {
        id: "result:stress:pipe-P-100:end-j:bending-normal-z",
        kind: "element_local_bending_normal_stress_z",
        value: -0.0,
        unit: "MPa",
        entity_ref: "pipe:P-100",
        basis_ref: Some(
            ResultBasisRef {
                ref_type: "load_case",
                ref_id: "load:L-GAP",
            },
        ),
        source_result_refs: [],
        metadata: Some(
            ResultMetadata {
                component: "bending_normal_stress_z",
                coordinate_system: "element_local",
                location: "end_j",
                basis: "recovered_from_local_element_stiffness",
                sign_convention: "positive value follows the j-side section action in the element-local frame (local x toward end j); resultants come from section equilibrium over assembled end actions",
            },
        ),
    },
    ResultItem {
        id: "result:stress:pipe-P-100:end-j:torsional-shear",
        kind: "element_local_torsional_shear_stress",
        value: -0.0,
        unit: "MPa",
        entity_ref: "pipe:P-100",
        basis_ref: Some(
            ResultBasisRef {
                ref_type: "load_case",
                ref_id: "load:L-GAP",
            },
        ),
        source_result_refs: [],
        metadata: Some(
            ResultMetadata {
                component: "torsional_shear_stress",
                coordinate_system: "element_local",
                location: "end_j",
                basis: "recovered_from_local_element_stiffness",
                sign_convention: "positive value follows the j-side section action in the element-local frame (local x toward end j); resultants come from section equilibrium over assembled end actions",
            },
        ),
    },
    ResultItem {
        id: "result:stress:pipe-P-100:quarter-1:axial-normal",
        kind: "element_local_axial_normal_stress",
        value: 28.244000548694814,
        unit: "MPa",
        entity_ref: "pipe:P-100",
        basis_ref: Some(
            ResultBasisRef {
                ref_type: "load_case",
                ref_id: "load:L-GAP",
            },
        ),
        source_result_refs: [],
        metadata: Some(
            ResultMetadata {
                component: "axial_normal_stress",
                coordinate_system: "element_local",
                location: "quarter_1",
                basis: "recovered_from_open_mechanics_stress_components",
                sign_convention: "positive normal stress follows the section-equilibrium element-local axial resultant at this station; j-side section action in the element-local frame (x toward end j); section equilibrium from stiffness-recovered end actions with consistent distributed-load fixed-end correction",
            },
        ),
    },
    ResultItem {
        id: "result:stress:pipe-P-100:quarter-1:bending-normal-y",
        kind: "element_local_bending_normal_stress_y",
        value: -0.0,
        unit: "MPa",
        entity_ref: "pipe:P-100",
        basis_ref: Some(
            ResultBasisRef {
                ref_type: "load_case",
                ref_id: "load:L-GAP",
            },
        ),
        source_result_refs: [],
        metadata: Some(
            ResultMetadata {
                component: "bending_normal_stress_y",
                coordinate_system: "element_local",
                location: "quarter_1",
                basis: "recovered_from_open_mechanics_stress_components",
                sign_convention: "positive bending normal stress follows the section-equilibrium element-local y bending resultant at this station; j-side section action in the element-local frame (x toward end j); section equilibrium from stiffness-recovered end actions with consistent distributed-load fixed-end correction",
            },
        ),
    },
    ResultItem {
        id: "result:stress:pipe-P-100:quarter-1:bending-normal-z",
        kind: "element_local_bending_normal_stress_z",
        value: -0.0,
        unit: "MPa",
        entity_ref: "pipe:P-100",
        basis_ref: Some(
            ResultBasisRef {
                ref_type: "load_case",
                ref_id: "load:L-GAP",
            },
        ),
        source_result_refs: [],
        metadata: Some(
            ResultMetadata {
                component: "bending_normal_stress_z",
                coordinate_system: "element_local",
                location: "quarter_1",
                basis: "recovered_from_open_mechanics_stress_components",
                sign_convention: "positive bending normal stress follows the section-equilibrium element-local z bending resultant at this station; j-side section action in the element-local frame (x toward end j); section equilibrium from stiffness-recovered end actions with consistent distributed-load fixed-end correction",
            },
        ),
    },
    ResultItem {
        id: "result:stress:pipe-P-100:quarter-1:torsional-shear",
        kind: "element_local_torsional_shear_stress",
        value: -0.0,
        unit: "MPa",
        entity_ref: "pipe:P-100",
        basis_ref: Some(
            ResultBasisRef {
                ref_type: "load_case",
                ref_id: "load:L-GAP",
            },
        ),
        source_result_refs: [],
        metadata: Some(
            ResultMetadata {
                component: "torsional_shear_stress",
                coordinate_system: "element_local",
                location: "quarter_1",
                basis: "recovered_from_open_mechanics_stress_components",
                sign_convention: "positive torsional shear stress follows the section-equilibrium element-local torsional resultant at this station; j-side section action in the element-local frame (x toward end j); section equilibrium from stiffness-recovered end actions with consistent distributed-load fixed-end correction",
            },
        ),
    },
    ResultItem {
        id: "result:stress:pipe-P-100:midspan:axial-normal",
        kind: "element_local_axial_normal_stress",
        value: 28.244000548694814,
        unit: "MPa",
        entity_ref: "pipe:P-100",
        basis_ref: Some(
            ResultBasisRef {
                ref_type: "load_case",
                ref_id: "load:L-GAP",
            },
        ),
        source_result_refs: [],
        metadata: Some(
            ResultMetadata {
                component: "axial_normal_stress",
                coordinate_system: "element_local",
                location: "midspan",
                basis: "recovered_from_open_mechanics_stress_components",
                sign_convention: "positive normal stress follows the section-equilibrium element-local axial resultant at this station; j-side section action in the element-local frame (x toward end j); section equilibrium from stiffness-recovered end actions with consistent distributed-load fixed-end correction",
            },
        ),
    },
    ResultItem {
        id: "result:stress:pipe-P-100:midspan:bending-normal-y",
        kind: "element_local_bending_normal_stress_y",
        value: -0.0,
        unit: "MPa",
        entity_ref: "pipe:P-100",
        basis_ref: Some(
            ResultBasisRef {
                ref_type: "load_case",
                ref_id: "load:L-GAP",
            },
        ),
        source_result_refs: [],
        metadata: Some(
            ResultMetadata {
                component: "bending_normal_stress_y",
                coordinate_system: "element_local",
                location: "midspan",
                basis: "recovered_from_open_mechanics_stress_components",
                sign_convention: "positive bending normal stress follows the section-equilibrium element-local y bending resultant at this station; j-side section action in the element-local frame (x toward end j); section equilibrium from stiffness-recovered end actions with consistent distributed-load fixed-end correction",
            },
        ),
    },
    ResultItem {
        id: "result:stress:pipe-P-100:midspan:bending-normal-z",
        kind: "element_local_bending_normal_stress_z",
        value: -0.0,
        unit: "MPa",
        entity_ref: "pipe:P-100",
        basis_ref: Some(
            ResultBasisRef {
                ref_type: "load_case",
                ref_id: "load:L-GAP",
            },
        ),
        source_result_refs: [],
        metadata: Some(
            ResultMetadata {
                component: "bending_normal_stress_z",
                coordinate_system: "element_local",
                location: "midspan",
                basis: "recovered_from_open_mechanics_stress_components",
                sign_convention: "positive bending normal stress follows the section-equilibrium element-local z bending resultant at this station; j-side section action in the element-local frame (x toward end j); section equilibrium from stiffness-recovered end actions with consistent distributed-load fixed-end correction",
            },
        ),
    },
    ResultItem {
        id: "result:stress:pipe-P-100:midspan:torsional-shear",
        kind: "element_local_torsional_shear_stress",
        value: -0.0,
        unit: "MPa",
        entity_ref: "pipe:P-100",
        basis_ref: Some(
            ResultBasisRef {
                ref_type: "load_case",
                ref_id: "load:L-GAP",
            },
        ),
        source_result_refs: [],
        metadata: Some(
            ResultMetadata {
                component: "torsional_shear_stress",
                coordinate_system: "element_local",
                location: "midspan",
                basis: "recovered_from_open_mechanics_stress_components",
                sign_convention: "positive torsional shear stress follows the section-equilibrium element-local torsional resultant at this station; j-side section action in the element-local frame (x toward end j); section equilibrium from stiffness-recovered end actions with consistent distributed-load fixed-end correction",
            },
        ),
    },
    ResultItem {
        id: "result:stress:pipe-P-100:quarter-3:axial-normal",
        kind: "element_local_axial_normal_stress",
        value: 28.244000548694814,
        unit: "MPa",
        entity_ref: "pipe:P-100",
        basis_ref: Some(
            ResultBasisRef {
                ref_type: "load_case",
                ref_id: "load:L-GAP",
            },
        ),
        source_result_refs: [],
        metadata: Some(
            ResultMetadata {
                component: "axial_normal_stress",
                coordinate_system: "element_local",
                location: "quarter_3",
                basis: "recovered_from_open_mechanics_stress_components",
                sign_convention: "positive normal stress follows the section-equilibrium element-local axial resultant at this station; j-side section action in the element-local frame (x toward end j); section equilibrium from stiffness-recovered end actions with consistent distributed-load fixed-end correction",
            },
        ),
    },
    ResultItem {
        id: "result:stress:pipe-P-100:quarter-3:bending-normal-y",
        kind: "element_local_bending_normal_stress_y",
        value: -0.0,
        unit: "MPa",
        entity_ref: "pipe:P-100",
        basis_ref: Some(
            ResultBasisRef {
                ref_type: "load_case",
                ref_id: "load:L-GAP",
            },
        ),
        source_result_refs: [],
        metadata: Some(
            ResultMetadata {
                component: "bending_normal_stress_y",
                coordinate_system: "element_local",
                location: "quarter_3",
                basis: "recovered_from_open_mechanics_stress_components",
                sign_convention: "positive bending normal stress follows the section-equilibrium element-local y bending resultant at this station; j-side section action in the element-local frame (x toward end j); section equilibrium from stiffness-recovered end actions with consistent distributed-load fixed-end correction",
            },
        ),
    },
    ResultItem {
        id: "result:stress:pipe-P-100:quarter-3:bending-normal-z",
        kind: "element_local_bending_normal_stress_z",
        value: -0.0,
        unit: "MPa",
        entity_ref: "pipe:P-100",
        basis_ref: Some(
            ResultBasisRef {
                ref_type: "load_case",
                ref_id: "load:L-GAP",
            },
        ),
        source_result_refs: [],
        metadata: Some(
            ResultMetadata {
                component: "bending_normal_stress_z",
                coordinate_system: "element_local",
                location: "quarter_3",
                basis: "recovered_from_open_mechanics_stress_components",
                sign_convention: "positive bending normal stress follows the section-equilibrium element-local z bending resultant at this station; j-side section action in the element-local frame (x toward end j); section equilibrium from stiffness-recovered end actions with consistent distributed-load fixed-end correction",
            },
        ),
    },
    ResultItem {
        id: "result:stress:pipe-P-100:quarter-3:torsional-shear",
        kind: "element_local_torsional_shear_stress",
        value: -0.0,
        unit: "MPa",
        entity_ref: "pipe:P-100",
        basis_ref: Some(
            ResultBasisRef {
                ref_type: "load_case",
                ref_id: "load:L-GAP",
            },
        ),
        source_result_refs: [],
        metadata: Some(
            ResultMetadata {
                component: "torsional_shear_stress",
                coordinate_system: "element_local",
                location: "quarter_3",
                basis: "recovered_from_open_mechanics_stress_components",
                sign_convention: "positive torsional shear stress follows the section-equilibrium element-local torsional resultant at this station; j-side section action in the element-local frame (x toward end j); section equilibrium from stiffness-recovered end actions with consistent distributed-load fixed-end correction",
            },
        ),
    },
    ResultItem {
        id: "result:stress:pipe-P-100",
        kind: "open_formula_stress_summary",
        value: 28.244000548694814,
        unit: "MPa",
        entity_ref: "pipe:P-100",
        basis_ref: Some(
            ResultBasisRef {
                ref_type: "load_case",
                ref_id: "load:L-GAP",
            },
        ),
        source_result_refs: [],
        metadata: None,
    },
    ResultItem {
        id: "result:combination:combination-C-GAP:disp:node-N-100",
        kind: "displacement_magnitude",
        value: 0.05,
        unit: "mm",
        entity_ref: "node:N-100",
        basis_ref: Some(
            ResultBasisRef {
                ref_type: "combination",
                ref_id: "combination:C-GAP",
            },
        ),
        source_result_refs: [
            "result:combination:combination-C-GAP:disp:node-N-100:ux",
            "result:combination:combination-C-GAP:disp:node-N-100:uy",
            "result:combination:combination-C-GAP:disp:node-N-100:uz",
        ],
        metadata: None,
    },
    ResultItem {
        id: "result:combination:combination-C-GAP:disp:node-N-100:rx",
        kind: "global_nodal_rotation_x",
        value: 0.0,
        unit: "rad",
        entity_ref: "node:N-100",
        basis_ref: Some(
            ResultBasisRef {
                ref_type: "combination",
                ref_id: "combination:C-GAP",
            },
        ),
        source_result_refs: [
            "result:disp:node-N-100:rx",
        ],
        metadata: Some(
            ResultMetadata {
                component: "nodal_rotation_x",
                coordinate_system: "global",
                location: "node",
                basis: "explicit_user_linear_combination",
                sign_convention: "positive value follows explicit user linear combination of matching source result sign conventions",
            },
        ),
    },
    ResultItem {
        id: "result:combination:combination-C-GAP:disp:node-N-100:ry",
        kind: "global_nodal_rotation_y",
        value: 0.0,
        unit: "rad",
        entity_ref: "node:N-100",
        basis_ref: Some(
            ResultBasisRef {
                ref_type: "combination",
                ref_id: "combination:C-GAP",
            },
        ),
        source_result_refs: [
            "result:disp:node-N-100:ry",
        ],
        metadata: Some(
            ResultMetadata {
                component: "nodal_rotation_y",
                coordinate_system: "global",
                location: "node",
                basis: "explicit_user_linear_combination",
                sign_convention: "positive value follows explicit user linear combination of matching source result sign conventions",
            },
        ),
    },
    ResultItem {
        id: "result:combination:combination-C-GAP:disp:node-N-100:rz",
        kind: "global_nodal_rotation_z",
        value: 0.0,
        unit: "rad",
        entity_ref: "node:N-100",
        basis_ref: Some(
            ResultBasisRef {
                ref_type: "combination",
                ref_id: "combination:C-GAP",
            },
        ),
        source_result_refs: [
            "result:disp:node-N-100:rz",
        ],
        metadata: Some(
            ResultMetadata {
                component: "nodal_rotation_z",
                coordinate_system: "global",
                location: "node",
                basis: "explicit_user_linear_combination",
                sign_convention: "positive value follows explicit user linear combination of matching source result sign conventions",
            },
        ),
    },
    ResultItem {
        id: "result:combination:combination-C-GAP:disp:node-N-100:ux",
        kind: "global_nodal_displacement_x",
        value: 0.05,
        unit: "mm",
        entity_ref: "node:N-100",
        basis_ref: Some(
            ResultBasisRef {
                ref_type: "combination",
                ref_id: "combination:C-GAP",
            },
        ),
        source_result_refs: [
            "result:disp:node-N-100:ux",
        ],
        metadata: Some(
            ResultMetadata {
                component: "nodal_displacement_x",
                coordinate_system: "global",
                location: "node",
                basis: "explicit_user_linear_combination",
                sign_convention: "positive value follows explicit user linear combination of matching source result sign conventions",
            },
        ),
    },
    ResultItem {
        id: "result:combination:combination-C-GAP:disp:node-N-100:uy",
        kind: "global_nodal_displacement_y",
        value: 0.0,
        unit: "mm",
        entity_ref: "node:N-100",
        basis_ref: Some(
            ResultBasisRef {
                ref_type: "combination",
                ref_id: "combination:C-GAP",
            },
        ),
        source_result_refs: [
            "result:disp:node-N-100:uy",
        ],
        metadata: Some(
            ResultMetadata {
                component: "nodal_displacement_y",
                coordinate_system: "global",
                location: "node",
                basis: "explicit_user_linear_combination",
                sign_convention: "positive value follows explicit user linear combination of matching source result sign conventions",
            },
        ),
    },
    ResultItem {
        id: "result:combination:combination-C-GAP:disp:node-N-100:uz",
        kind: "global_nodal_displacement_z",
        value: 0.0,
        unit: "mm",
        entity_ref: "node:N-100",
        basis_ref: Some(
            ResultBasisRef {
                ref_type: "combination",
                ref_id: "combination:C-GAP",
            },
        ),
        source_result_refs: [
            "result:disp:node-N-100:uz",
        ],
        metadata: Some(
            ResultMetadata {
                component: "nodal_displacement_z",
                coordinate_system: "global",
                location: "node",
                basis: "explicit_user_linear_combination",
                sign_convention: "positive value follows explicit user linear combination of matching source result sign conventions",
            },
        ),
    },
    ResultItem {
        id: "result:combination:combination-C-GAP:disp:node-N-110",
        kind: "displacement_magnitude",
        value: 0.19122000274347406,
        unit: "mm",
        entity_ref: "node:N-110",
        basis_ref: Some(
            ResultBasisRef {
                ref_type: "combination",
                ref_id: "combination:C-GAP",
            },
        ),
        source_result_refs: [
            "result:combination:combination-C-GAP:disp:node-N-110:ux",
            "result:combination:combination-C-GAP:disp:node-N-110:uy",
            "result:combination:combination-C-GAP:disp:node-N-110:uz",
        ],
        metadata: None,
    },
    ResultItem {
        id: "result:combination:combination-C-GAP:disp:node-N-110:rx",
        kind: "global_nodal_rotation_x",
        value: 0.0,
        unit: "rad",
        entity_ref: "node:N-110",
        basis_ref: Some(
            ResultBasisRef {
                ref_type: "combination",
                ref_id: "combination:C-GAP",
            },
        ),
        source_result_refs: [
            "result:disp:node-N-110:rx",
        ],
        metadata: Some(
            ResultMetadata {
                component: "nodal_rotation_x",
                coordinate_system: "global",
                location: "node",
                basis: "explicit_user_linear_combination",
                sign_convention: "positive value follows explicit user linear combination of matching source result sign conventions",
            },
        ),
    },
    ResultItem {
        id: "result:combination:combination-C-GAP:disp:node-N-110:ry",
        kind: "global_nodal_rotation_y",
        value: 0.0,
        unit: "rad",
        entity_ref: "node:N-110",
        basis_ref: Some(
            ResultBasisRef {
                ref_type: "combination",
                ref_id: "combination:C-GAP",
            },
        ),
        source_result_refs: [
            "result:disp:node-N-110:ry",
        ],
        metadata: Some(
            ResultMetadata {
                component: "nodal_rotation_y",
                coordinate_system: "global",
                location: "node",
                basis: "explicit_user_linear_combination",
                sign_convention: "positive value follows explicit user linear combination of matching source result sign conventions",
            },
        ),
    },
    ResultItem {
        id: "result:combination:combination-C-GAP:disp:node-N-110:rz",
        kind: "global_nodal_rotation_z",
        value: 0.0,
        unit: "rad",
        entity_ref: "node:N-110",
        basis_ref: Some(
            ResultBasisRef {
                ref_type: "combination",
                ref_id: "combination:C-GAP",
            },
        ),
        source_result_refs: [
            "result:disp:node-N-110:rz",
        ],
        metadata: Some(
            ResultMetadata {
                component: "nodal_rotation_z",
                coordinate_system: "global",
                location: "node",
                basis: "explicit_user_linear_combination",
                sign_convention: "positive value follows explicit user linear combination of matching source result sign conventions",
            },
        ),
    },
    ResultItem {
        id: "result:combination:combination-C-GAP:disp:node-N-110:ux",
        kind: "global_nodal_displacement_x",
        value: 0.19122000274347406,
        unit: "mm",
        entity_ref: "node:N-110",
        basis_ref: Some(
            ResultBasisRef {
                ref_type: "combination",
                ref_id: "combination:C-GAP",
            },
        ),
        source_result_refs: [
            "result:disp:node-N-110:ux",
        ],
        metadata: Some(
            ResultMetadata {
                component: "nodal_displacement_x",
                coordinate_system: "global",
                location: "node",
                basis: "explicit_user_linear_combination",
                sign_convention: "positive value follows explicit user linear combination of matching source result sign conventions",
            },
        ),
    },
    ResultItem {
        id: "result:combination:combination-C-GAP:disp:node-N-110:uy",
        kind: "global_nodal_displacement_y",
        value: 0.0,
        unit: "mm",
        entity_ref: "node:N-110",
        basis_ref: Some(
            ResultBasisRef {
                ref_type: "combination",
                ref_id: "combination:C-GAP",
            },
        ),
        source_result_refs: [
            "result:disp:node-N-110:uy",
        ],
        metadata: Some(
            ResultMetadata {
                component: "nodal_displacement_y",
                coordinate_system: "global",
                location: "node",
                basis: "explicit_user_linear_combination",
                sign_convention: "positive value follows explicit user linear combination of matching source result sign conventions",
            },
        ),
    },
    ResultItem {
        id: "result:combination:combination-C-GAP:disp:node-N-110:uz",
        kind: "global_nodal_displacement_z",
        value: 0.0,
        unit: "mm",
        entity_ref: "node:N-110",
        basis_ref: Some(
            ResultBasisRef {
                ref_type: "combination",
                ref_id: "combination:C-GAP",
            },
        ),
        source_result_refs: [
            "result:disp:node-N-110:uz",
        ],
        metadata: Some(
            ResultMetadata {
                component: "nodal_displacement_z",
                coordinate_system: "global",
                location: "node",
                basis: "explicit_user_linear_combination",
                sign_convention: "positive value follows explicit user linear combination of matching source result sign conventions",
            },
        ),
    },
    ResultItem {
        id: "result:combination:combination-C-GAP:force:pipe-P-100:axial",
        kind: "element_local_axial_force",
        value: -100000.0,
        unit: "N",
        entity_ref: "pipe:P-100",
        basis_ref: Some(
            ResultBasisRef {
                ref_type: "combination",
                ref_id: "combination:C-GAP",
            },
        ),
        source_result_refs: [
            "result:force:pipe-P-100:axial",
        ],
        metadata: Some(
            ResultMetadata {
                component: "axial_force",
                coordinate_system: "element_local",
                location: "end_i",
                basis: "explicit_user_linear_combination",
                sign_convention: "positive value follows explicit user linear combination of matching source result sign conventions",
            },
        ),
    },
    ResultItem {
        id: "result:combination:combination-C-GAP:force:pipe-P-100:axial:end-j",
        kind: "element_local_axial_force",
        value: 100000.0,
        unit: "N",
        entity_ref: "pipe:P-100",
        basis_ref: Some(
            ResultBasisRef {
                ref_type: "combination",
                ref_id: "combination:C-GAP",
            },
        ),
        source_result_refs: [
            "result:force:pipe-P-100:axial:end-j",
        ],
        metadata: Some(
            ResultMetadata {
                component: "axial_force",
                coordinate_system: "element_local",
                location: "end_j",
                basis: "explicit_user_linear_combination",
                sign_convention: "positive value follows explicit user linear combination of matching source result sign conventions",
            },
        ),
    },
    ResultItem {
        id: "result:combination:combination-C-GAP:force:pipe-P-100:midspan:axial",
        kind: "element_local_axial_force",
        value: 100000.0,
        unit: "N",
        entity_ref: "pipe:P-100",
        basis_ref: Some(
            ResultBasisRef {
                ref_type: "combination",
                ref_id: "combination:C-GAP",
            },
        ),
        source_result_refs: [
            "result:force:pipe-P-100:midspan:axial",
        ],
        metadata: Some(
            ResultMetadata {
                component: "axial_force",
                coordinate_system: "element_local",
                location: "midspan",
                basis: "explicit_user_linear_combination",
                sign_convention: "positive value follows explicit user linear combination of matching source result sign conventions",
            },
        ),
    },
    ResultItem {
        id: "result:combination:combination-C-GAP:force:pipe-P-100:midspan:shear-y",
        kind: "element_local_shear_force_y",
        value: 0.0,
        unit: "N",
        entity_ref: "pipe:P-100",
        basis_ref: Some(
            ResultBasisRef {
                ref_type: "combination",
                ref_id: "combination:C-GAP",
            },
        ),
        source_result_refs: [
            "result:force:pipe-P-100:midspan:shear-y",
        ],
        metadata: Some(
            ResultMetadata {
                component: "shear_force_y",
                coordinate_system: "element_local",
                location: "midspan",
                basis: "explicit_user_linear_combination",
                sign_convention: "positive value follows explicit user linear combination of matching source result sign conventions",
            },
        ),
    },
    ResultItem {
        id: "result:combination:combination-C-GAP:force:pipe-P-100:midspan:shear-z",
        kind: "element_local_shear_force_z",
        value: 0.0,
        unit: "N",
        entity_ref: "pipe:P-100",
        basis_ref: Some(
            ResultBasisRef {
                ref_type: "combination",
                ref_id: "combination:C-GAP",
            },
        ),
        source_result_refs: [
            "result:force:pipe-P-100:midspan:shear-z",
        ],
        metadata: Some(
            ResultMetadata {
                component: "shear_force_z",
                coordinate_system: "element_local",
                location: "midspan",
                basis: "explicit_user_linear_combination",
                sign_convention: "positive value follows explicit user linear combination of matching source result sign conventions",
            },
        ),
    },
    ResultItem {
        id: "result:combination:combination-C-GAP:force:pipe-P-100:quarter-1:axial",
        kind: "element_local_axial_force",
        value: 100000.0,
        unit: "N",
        entity_ref: "pipe:P-100",
        basis_ref: Some(
            ResultBasisRef {
                ref_type: "combination",
                ref_id: "combination:C-GAP",
            },
        ),
        source_result_refs: [
            "result:force:pipe-P-100:quarter-1:axial",
        ],
        metadata: Some(
            ResultMetadata {
                component: "axial_force",
                coordinate_system: "element_local",
                location: "quarter_1",
                basis: "explicit_user_linear_combination",
                sign_convention: "positive value follows explicit user linear combination of matching source result sign conventions",
            },
        ),
    },
    ResultItem {
        id: "result:combination:combination-C-GAP:force:pipe-P-100:quarter-1:shear-y",
        kind: "element_local_shear_force_y",
        value: 0.0,
        unit: "N",
        entity_ref: "pipe:P-100",
        basis_ref: Some(
            ResultBasisRef {
                ref_type: "combination",
                ref_id: "combination:C-GAP",
            },
        ),
        source_result_refs: [
            "result:force:pipe-P-100:quarter-1:shear-y",
        ],
        metadata: Some(
            ResultMetadata {
                component: "shear_force_y",
                coordinate_system: "element_local",
                location: "quarter_1",
                basis: "explicit_user_linear_combination",
                sign_convention: "positive value follows explicit user linear combination of matching source result sign conventions",
            },
        ),
    },
    ResultItem {
        id: "result:combination:combination-C-GAP:force:pipe-P-100:quarter-1:shear-z",
        kind: "element_local_shear_force_z",
        value: 0.0,
        unit: "N",
        entity_ref: "pipe:P-100",
        basis_ref: Some(
            ResultBasisRef {
                ref_type: "combination",
                ref_id: "combination:C-GAP",
            },
        ),
        source_result_refs: [
            "result:force:pipe-P-100:quarter-1:shear-z",
        ],
        metadata: Some(
            ResultMetadata {
                component: "shear_force_z",
                coordinate_system: "element_local",
                location: "quarter_1",
                basis: "explicit_user_linear_combination",
                sign_convention: "positive value follows explicit user linear combination of matching source result sign conventions",
            },
        ),
    },
    ResultItem {
        id: "result:combination:combination-C-GAP:force:pipe-P-100:quarter-3:axial",
        kind: "element_local_axial_force",
        value: 100000.0,
        unit: "N",
        entity_ref: "pipe:P-100",
        basis_ref: Some(
            ResultBasisRef {
                ref_type: "combination",
                ref_id: "combination:C-GAP",
            },
        ),
        source_result_refs: [
            "result:force:pipe-P-100:quarter-3:axial",
        ],
        metadata: Some(
            ResultMetadata {
                component: "axial_force",
                coordinate_system: "element_local",
                location: "quarter_3",
                basis: "explicit_user_linear_combination",
                sign_convention: "positive value follows explicit user linear combination of matching source result sign conventions",
            },
        ),
    },
    ResultItem {
        id: "result:combination:combination-C-GAP:force:pipe-P-100:quarter-3:shear-y",
        kind: "element_local_shear_force_y",
        value: 0.0,
        unit: "N",
        entity_ref: "pipe:P-100",
        basis_ref: Some(
            ResultBasisRef {
                ref_type: "combination",
                ref_id: "combination:C-GAP",
            },
        ),
        source_result_refs: [
            "result:force:pipe-P-100:quarter-3:shear-y",
        ],
        metadata: Some(
            ResultMetadata {
                component: "shear_force_y",
                coordinate_system: "element_local",
                location: "quarter_3",
                basis: "explicit_user_linear_combination",
                sign_convention: "positive value follows explicit user linear combination of matching source result sign conventions",
            },
        ),
    },
    ResultItem {
        id: "result:combination:combination-C-GAP:force:pipe-P-100:quarter-3:shear-z",
        kind: "element_local_shear_force_z",
        value: 0.0,
        unit: "N",
        entity_ref: "pipe:P-100",
        basis_ref: Some(
            ResultBasisRef {
                ref_type: "combination",
                ref_id: "combination:C-GAP",
            },
        ),
        source_result_refs: [
            "result:force:pipe-P-100:quarter-3:shear-z",
        ],
        metadata: Some(
            ResultMetadata {
                component: "shear_force_z",
                coordinate_system: "element_local",
                location: "quarter_3",
                basis: "explicit_user_linear_combination",
                sign_convention: "positive value follows explicit user linear combination of matching source result sign conventions",
            },
        ),
    },
    ResultItem {
        id: "result:combination:combination-C-GAP:force:pipe-P-100:shear-y",
        kind: "element_local_shear_force_y",
        value: 0.0,
        unit: "N",
        entity_ref: "pipe:P-100",
        basis_ref: Some(
            ResultBasisRef {
                ref_type: "combination",
                ref_id: "combination:C-GAP",
            },
        ),
        source_result_refs: [
            "result:force:pipe-P-100:shear-y",
        ],
        metadata: Some(
            ResultMetadata {
                component: "shear_force_y",
                coordinate_system: "element_local",
                location: "end_i",
                basis: "explicit_user_linear_combination",
                sign_convention: "positive value follows explicit user linear combination of matching source result sign conventions",
            },
        ),
    },
    ResultItem {
        id: "result:combination:combination-C-GAP:force:pipe-P-100:shear-y:end-j",
        kind: "element_local_shear_force_y",
        value: 0.0,
        unit: "N",
        entity_ref: "pipe:P-100",
        basis_ref: Some(
            ResultBasisRef {
                ref_type: "combination",
                ref_id: "combination:C-GAP",
            },
        ),
        source_result_refs: [
            "result:force:pipe-P-100:shear-y:end-j",
        ],
        metadata: Some(
            ResultMetadata {
                component: "shear_force_y",
                coordinate_system: "element_local",
                location: "end_j",
                basis: "explicit_user_linear_combination",
                sign_convention: "positive value follows explicit user linear combination of matching source result sign conventions",
            },
        ),
    },
    ResultItem {
        id: "result:combination:combination-C-GAP:force:pipe-P-100:shear-z",
        kind: "element_local_shear_force_z",
        value: 0.0,
        unit: "N",
        entity_ref: "pipe:P-100",
        basis_ref: Some(
            ResultBasisRef {
                ref_type: "combination",
                ref_id: "combination:C-GAP",
            },
        ),
        source_result_refs: [
            "result:force:pipe-P-100:shear-z",
        ],
        metadata: Some(
            ResultMetadata {
                component: "shear_force_z",
                coordinate_system: "element_local",
                location: "end_i",
                basis: "explicit_user_linear_combination",
                sign_convention: "positive value follows explicit user linear combination of matching source result sign conventions",
            },
        ),
    },
    ResultItem {
        id: "result:combination:combination-C-GAP:force:pipe-P-100:shear-z:end-j",
        kind: "element_local_shear_force_z",
        value: 0.0,
        unit: "N",
        entity_ref: "pipe:P-100",
        basis_ref: Some(
            ResultBasisRef {
                ref_type: "combination",
                ref_id: "combination:C-GAP",
            },
        ),
        source_result_refs: [
            "result:force:pipe-P-100:shear-z:end-j",
        ],
        metadata: Some(
            ResultMetadata {
                component: "shear_force_z",
                coordinate_system: "element_local",
                location: "end_j",
                basis: "explicit_user_linear_combination",
                sign_convention: "positive value follows explicit user linear combination of matching source result sign conventions",
            },
        ),
    },
    ResultItem {
        id: "result:combination:combination-C-GAP:moment:pipe-P-100:bending-y",
        kind: "element_local_bending_moment_y",
        value: 0.0,
        unit: "N*m",
        entity_ref: "pipe:P-100",
        basis_ref: Some(
            ResultBasisRef {
                ref_type: "combination",
                ref_id: "combination:C-GAP",
            },
        ),
        source_result_refs: [
            "result:moment:pipe-P-100:bending-y",
        ],
        metadata: Some(
            ResultMetadata {
                component: "bending_moment_y",
                coordinate_system: "element_local",
                location: "end_i",
                basis: "explicit_user_linear_combination",
                sign_convention: "positive value follows explicit user linear combination of matching source result sign conventions",
            },
        ),
    },
    ResultItem {
        id: "result:combination:combination-C-GAP:moment:pipe-P-100:bending-y:end-j",
        kind: "element_local_bending_moment_y",
        value: 0.0,
        unit: "N*m",
        entity_ref: "pipe:P-100",
        basis_ref: Some(
            ResultBasisRef {
                ref_type: "combination",
                ref_id: "combination:C-GAP",
            },
        ),
        source_result_refs: [
            "result:moment:pipe-P-100:bending-y:end-j",
        ],
        metadata: Some(
            ResultMetadata {
                component: "bending_moment_y",
                coordinate_system: "element_local",
                location: "end_j",
                basis: "explicit_user_linear_combination",
                sign_convention: "positive value follows explicit user linear combination of matching source result sign conventions",
            },
        ),
    },
    ResultItem {
        id: "result:combination:combination-C-GAP:moment:pipe-P-100:bending-z",
        kind: "element_local_bending_moment_z",
        value: 0.0,
        unit: "N*m",
        entity_ref: "pipe:P-100",
        basis_ref: Some(
            ResultBasisRef {
                ref_type: "combination",
                ref_id: "combination:C-GAP",
            },
        ),
        source_result_refs: [
            "result:moment:pipe-P-100:bending-z",
        ],
        metadata: Some(
            ResultMetadata {
                component: "bending_moment_z",
                coordinate_system: "element_local",
                location: "end_i",
                basis: "explicit_user_linear_combination",
                sign_convention: "positive value follows explicit user linear combination of matching source result sign conventions",
            },
        ),
    },
    ResultItem {
        id: "result:combination:combination-C-GAP:moment:pipe-P-100:bending-z:end-j",
        kind: "element_local_bending_moment_z",
        value: 0.0,
        unit: "N*m",
        entity_ref: "pipe:P-100",
        basis_ref: Some(
            ResultBasisRef {
                ref_type: "combination",
                ref_id: "combination:C-GAP",
            },
        ),
        source_result_refs: [
            "result:moment:pipe-P-100:bending-z:end-j",
        ],
        metadata: Some(
            ResultMetadata {
                component: "bending_moment_z",
                coordinate_system: "element_local",
                location: "end_j",
                basis: "explicit_user_linear_combination",
                sign_convention: "positive value follows explicit user linear combination of matching source result sign conventions",
            },
        ),
    },
    ResultItem {
        id: "result:combination:combination-C-GAP:moment:pipe-P-100:midspan:bending-y",
        kind: "element_local_bending_moment_y",
        value: 0.0,
        unit: "N*m",
        entity_ref: "pipe:P-100",
        basis_ref: Some(
            ResultBasisRef {
                ref_type: "combination",
                ref_id: "combination:C-GAP",
            },
        ),
        source_result_refs: [
            "result:moment:pipe-P-100:midspan:bending-y",
        ],
        metadata: Some(
            ResultMetadata {
                component: "bending_moment_y",
                coordinate_system: "element_local",
                location: "midspan",
                basis: "explicit_user_linear_combination",
                sign_convention: "positive value follows explicit user linear combination of matching source result sign conventions",
            },
        ),
    },
    ResultItem {
        id: "result:combination:combination-C-GAP:moment:pipe-P-100:midspan:bending-z",
        kind: "element_local_bending_moment_z",
        value: 0.0,
        unit: "N*m",
        entity_ref: "pipe:P-100",
        basis_ref: Some(
            ResultBasisRef {
                ref_type: "combination",
                ref_id: "combination:C-GAP",
            },
        ),
        source_result_refs: [
            "result:moment:pipe-P-100:midspan:bending-z",
        ],
        metadata: Some(
            ResultMetadata {
                component: "bending_moment_z",
                coordinate_system: "element_local",
                location: "midspan",
                basis: "explicit_user_linear_combination",
                sign_convention: "positive value follows explicit user linear combination of matching source result sign conventions",
            },
        ),
    },
    ResultItem {
        id: "result:combination:combination-C-GAP:moment:pipe-P-100:midspan:torsion",
        kind: "element_local_torsional_moment",
        value: 0.0,
        unit: "N*m",
        entity_ref: "pipe:P-100",
        basis_ref: Some(
            ResultBasisRef {
                ref_type: "combination",
                ref_id: "combination:C-GAP",
            },
        ),
        source_result_refs: [
            "result:moment:pipe-P-100:midspan:torsion",
        ],
        metadata: Some(
            ResultMetadata {
                component: "torsional_moment",
                coordinate_system: "element_local",
                location: "midspan",
                basis: "explicit_user_linear_combination",
                sign_convention: "positive value follows explicit user linear combination of matching source result sign conventions",
            },
        ),
    },
    ResultItem {
        id: "result:combination:combination-C-GAP:moment:pipe-P-100:quarter-1:bending-y",
        kind: "element_local_bending_moment_y",
        value: 0.0,
        unit: "N*m",
        entity_ref: "pipe:P-100",
        basis_ref: Some(
            ResultBasisRef {
                ref_type: "combination",
                ref_id: "combination:C-GAP",
            },
        ),
        source_result_refs: [
            "result:moment:pipe-P-100:quarter-1:bending-y",
        ],
        metadata: Some(
            ResultMetadata {
                component: "bending_moment_y",
                coordinate_system: "element_local",
                location: "quarter_1",
                basis: "explicit_user_linear_combination",
                sign_convention: "positive value follows explicit user linear combination of matching source result sign conventions",
            },
        ),
    },
    ResultItem {
        id: "result:combination:combination-C-GAP:moment:pipe-P-100:quarter-1:bending-z",
        kind: "element_local_bending_moment_z",
        value: 0.0,
        unit: "N*m",
        entity_ref: "pipe:P-100",
        basis_ref: Some(
            ResultBasisRef {
                ref_type: "combination",
                ref_id: "combination:C-GAP",
            },
        ),
        source_result_refs: [
            "result:moment:pipe-P-100:quarter-1:bending-z",
        ],
        metadata: Some(
            ResultMetadata {
                component: "bending_moment_z",
                coordinate_system: "element_local",
                location: "quarter_1",
                basis: "explicit_user_linear_combination",
                sign_convention: "positive value follows explicit user linear combination of matching source result sign conventions",
            },
        ),
    },
    ResultItem {
        id: "result:combination:combination-C-GAP:moment:pipe-P-100:quarter-1:torsion",
        kind: "element_local_torsional_moment",
        value: 0.0,
        unit: "N*m",
        entity_ref: "pipe:P-100",
        basis_ref: Some(
            ResultBasisRef {
                ref_type: "combination",
                ref_id: "combination:C-GAP",
            },
        ),
        source_result_refs: [
            "result:moment:pipe-P-100:quarter-1:torsion",
        ],
        metadata: Some(
            ResultMetadata {
                component: "torsional_moment",
                coordinate_system: "element_local",
                location: "quarter_1",
                basis: "explicit_user_linear_combination",
                sign_convention: "positive value follows explicit user linear combination of matching source result sign conventions",
            },
        ),
    },
    ResultItem {
        id: "result:combination:combination-C-GAP:moment:pipe-P-100:quarter-3:bending-y",
        kind: "element_local_bending_moment_y",
        value: 0.0,
        unit: "N*m",
        entity_ref: "pipe:P-100",
        basis_ref: Some(
            ResultBasisRef {
                ref_type: "combination",
                ref_id: "combination:C-GAP",
            },
        ),
        source_result_refs: [
            "result:moment:pipe-P-100:quarter-3:bending-y",
        ],
        metadata: Some(
            ResultMetadata {
                component: "bending_moment_y",
                coordinate_system: "element_local",
                location: "quarter_3",
                basis: "explicit_user_linear_combination",
                sign_convention: "positive value follows explicit user linear combination of matching source result sign conventions",
            },
        ),
    },
    ResultItem {
        id: "result:combination:combination-C-GAP:moment:pipe-P-100:quarter-3:bending-z",
        kind: "element_local_bending_moment_z",
        value: 0.0,
        unit: "N*m",
        entity_ref: "pipe:P-100",
        basis_ref: Some(
            ResultBasisRef {
                ref_type: "combination",
                ref_id: "combination:C-GAP",
            },
        ),
        source_result_refs: [
            "result:moment:pipe-P-100:quarter-3:bending-z",
        ],
        metadata: Some(
            ResultMetadata {
                component: "bending_moment_z",
                coordinate_system: "element_local",
                location: "quarter_3",
                basis: "explicit_user_linear_combination",
                sign_convention: "positive value follows explicit user linear combination of matching source result sign conventions",
            },
        ),
    },
    ResultItem {
        id: "result:combination:combination-C-GAP:moment:pipe-P-100:quarter-3:torsion",
        kind: "element_local_torsional_moment",
        value: 0.0,
        unit: "N*m",
        entity_ref: "pipe:P-100",
        basis_ref: Some(
            ResultBasisRef {
                ref_type: "combination",
                ref_id: "combination:C-GAP",
            },
        ),
        source_result_refs: [
            "result:moment:pipe-P-100:quarter-3:torsion",
        ],
        metadata: Some(
            ResultMetadata {
                component: "torsional_moment",
                coordinate_system: "element_local",
                location: "quarter_3",
                basis: "explicit_user_linear_combination",
                sign_convention: "positive value follows explicit user linear combination of matching source result sign conventions",
            },
        ),
    },
    ResultItem {
        id: "result:combination:combination-C-GAP:moment:pipe-P-100:torsion",
        kind: "element_local_torsional_moment",
        value: 0.0,
        unit: "N*m",
        entity_ref: "pipe:P-100",
        basis_ref: Some(
            ResultBasisRef {
                ref_type: "combination",
                ref_id: "combination:C-GAP",
            },
        ),
        source_result_refs: [
            "result:moment:pipe-P-100:torsion",
        ],
        metadata: Some(
            ResultMetadata {
                component: "torsional_moment",
                coordinate_system: "element_local",
                location: "end_i",
                basis: "explicit_user_linear_combination",
                sign_convention: "positive value follows explicit user linear combination of matching source result sign conventions",
            },
        ),
    },
    ResultItem {
        id: "result:combination:combination-C-GAP:moment:pipe-P-100:torsion:end-j",
        kind: "element_local_torsional_moment",
        value: 0.0,
        unit: "N*m",
        entity_ref: "pipe:P-100",
        basis_ref: Some(
            ResultBasisRef {
                ref_type: "combination",
                ref_id: "combination:C-GAP",
            },
        ),
        source_result_refs: [
            "result:moment:pipe-P-100:torsion:end-j",
        ],
        metadata: Some(
            ResultMetadata {
                component: "torsional_moment",
                coordinate_system: "element_local",
                location: "end_j",
                basis: "explicit_user_linear_combination",
                sign_convention: "positive value follows explicit user linear combination of matching source result sign conventions",
            },
        ),
    },
    ResultItem {
        id: "result:combination:combination-C-GAP:nonlinear-support:support-NL-GAP-110:ux-displacement",
        kind: "nonlinear_support_final_displacement",
        value: 0.05,
        unit: "mm",
        entity_ref: "support:NL-GAP-110",
        basis_ref: Some(
            ResultBasisRef {
                ref_type: "combination",
                ref_id: "combination:C-GAP",
            },
        ),
        source_result_refs: [
            "result:nonlinear-support:support-NL-GAP-110:ux-displacement",
        ],
        metadata: Some(
            ResultMetadata {
                component: "nonlinear_support_final_displacement",
                coordinate_system: "solver_iteration",
                location: "ux",
                basis: "explicit_user_linear_combination",
                sign_convention: "positive value follows explicit user linear combination of matching source result sign conventions",
            },
        ),
    },
    ResultItem {
        id: "result:combination:combination-C-GAP:nonlinear-support:support-NL-GAP-110:ux-reaction",
        kind: "nonlinear_support_final_reaction",
        value: -100000.0,
        unit: "N",
        entity_ref: "support:NL-GAP-110",
        basis_ref: Some(
            ResultBasisRef {
                ref_type: "combination",
                ref_id: "combination:C-GAP",
            },
        ),
        source_result_refs: [
            "result:nonlinear-support:support-NL-GAP-110:ux-reaction",
        ],
        metadata: Some(
            ResultMetadata {
                component: "nonlinear_support_final_reaction",
                coordinate_system: "solver_iteration",
                location: "ux",
                basis: "explicit_user_linear_combination",
                sign_convention: "positive value follows explicit user linear combination of matching source result sign conventions",
            },
        ),
    },
    ResultItem {
        id: "result:combination:combination-C-GAP:reaction:support-NL-GAP-110",
        kind: "reaction_resultant",
        value: 100000.0,
        unit: "N",
        entity_ref: "support:NL-GAP-110",
        basis_ref: Some(
            ResultBasisRef {
                ref_type: "combination",
                ref_id: "combination:C-GAP",
            },
        ),
        source_result_refs: [
            "result:reaction:support-NL-GAP-110",
        ],
        metadata: None,
    },
    ResultItem {
        id: "result:combination:combination-C-GAP:reaction:support-S-100",
        kind: "reaction_resultant",
        value: 0.0,
        unit: "N",
        entity_ref: "support:S-100",
        basis_ref: Some(
            ResultBasisRef {
                ref_type: "combination",
                ref_id: "combination:C-GAP",
            },
        ),
        source_result_refs: [
            "result:reaction:support-S-100",
        ],
        metadata: None,
    },
    ResultItem {
        id: "result:combination:combination-C-GAP:stress:pipe-P-100:end-i:axial-normal",
        kind: "element_local_axial_normal_stress",
        value: 28.244000548694814,
        unit: "MPa",
        entity_ref: "pipe:P-100",
        basis_ref: Some(
            ResultBasisRef {
                ref_type: "combination",
                ref_id: "combination:C-GAP",
            },
        ),
        source_result_refs: [
            "result:stress:pipe-P-100:end-i:axial-normal",
        ],
        metadata: Some(
            ResultMetadata {
                component: "axial_normal_stress",
                coordinate_system: "element_local",
                location: "end_i",
                basis: "explicit_user_linear_combination",
                sign_convention: "positive value follows explicit user linear combination of matching source result sign conventions",
            },
        ),
    },
    ResultItem {
        id: "result:combination:combination-C-GAP:stress:pipe-P-100:end-i:bending-normal-y",
        kind: "element_local_bending_normal_stress_y",
        value: 0.0,
        unit: "MPa",
        entity_ref: "pipe:P-100",
        basis_ref: Some(
            ResultBasisRef {
                ref_type: "combination",
                ref_id: "combination:C-GAP",
            },
        ),
        source_result_refs: [
            "result:stress:pipe-P-100:end-i:bending-normal-y",
        ],
        metadata: Some(
            ResultMetadata {
                component: "bending_normal_stress_y",
                coordinate_system: "element_local",
                location: "end_i",
                basis: "explicit_user_linear_combination",
                sign_convention: "positive value follows explicit user linear combination of matching source result sign conventions",
            },
        ),
    },
    ResultItem {
        id: "result:combination:combination-C-GAP:stress:pipe-P-100:end-i:bending-normal-z",
        kind: "element_local_bending_normal_stress_z",
        value: 0.0,
        unit: "MPa",
        entity_ref: "pipe:P-100",
        basis_ref: Some(
            ResultBasisRef {
                ref_type: "combination",
                ref_id: "combination:C-GAP",
            },
        ),
        source_result_refs: [
            "result:stress:pipe-P-100:end-i:bending-normal-z",
        ],
        metadata: Some(
            ResultMetadata {
                component: "bending_normal_stress_z",
                coordinate_system: "element_local",
                location: "end_i",
                basis: "explicit_user_linear_combination",
                sign_convention: "positive value follows explicit user linear combination of matching source result sign conventions",
            },
        ),
    },
    ResultItem {
        id: "result:combination:combination-C-GAP:stress:pipe-P-100:end-i:torsional-shear",
        kind: "element_local_torsional_shear_stress",
        value: 0.0,
        unit: "MPa",
        entity_ref: "pipe:P-100",
        basis_ref: Some(
            ResultBasisRef {
                ref_type: "combination",
                ref_id: "combination:C-GAP",
            },
        ),
        source_result_refs: [
            "result:stress:pipe-P-100:end-i:torsional-shear",
        ],
        metadata: Some(
            ResultMetadata {
                component: "torsional_shear_stress",
                coordinate_system: "element_local",
                location: "end_i",
                basis: "explicit_user_linear_combination",
                sign_convention: "positive value follows explicit user linear combination of matching source result sign conventions",
            },
        ),
    },
    ResultItem {
        id: "result:combination:combination-C-GAP:stress:pipe-P-100:end-j:axial-normal",
        kind: "element_local_axial_normal_stress",
        value: 28.244000548694814,
        unit: "MPa",
        entity_ref: "pipe:P-100",
        basis_ref: Some(
            ResultBasisRef {
                ref_type: "combination",
                ref_id: "combination:C-GAP",
            },
        ),
        source_result_refs: [
            "result:stress:pipe-P-100:end-j:axial-normal",
        ],
        metadata: Some(
            ResultMetadata {
                component: "axial_normal_stress",
                coordinate_system: "element_local",
                location: "end_j",
                basis: "explicit_user_linear_combination",
                sign_convention: "positive value follows explicit user linear combination of matching source result sign conventions",
            },
        ),
    },
    ResultItem {
        id: "result:combination:combination-C-GAP:stress:pipe-P-100:end-j:bending-normal-y",
        kind: "element_local_bending_normal_stress_y",
        value: 0.0,
        unit: "MPa",
        entity_ref: "pipe:P-100",
        basis_ref: Some(
            ResultBasisRef {
                ref_type: "combination",
                ref_id: "combination:C-GAP",
            },
        ),
        source_result_refs: [
            "result:stress:pipe-P-100:end-j:bending-normal-y",
        ],
        metadata: Some(
            ResultMetadata {
                component: "bending_normal_stress_y",
                coordinate_system: "element_local",
                location: "end_j",
                basis: "explicit_user_linear_combination",
                sign_convention: "positive value follows explicit user linear combination of matching source result sign conventions",
            },
        ),
    },
    ResultItem {
        id: "result:combination:combination-C-GAP:stress:pipe-P-100:end-j:bending-normal-z",
        kind: "element_local_bending_normal_stress_z",
        value: 0.0,
        unit: "MPa",
        entity_ref: "pipe:P-100",
        basis_ref: Some(
            ResultBasisRef {
                ref_type: "combination",
                ref_id: "combination:C-GAP",
            },
        ),
        source_result_refs: [
            "result:stress:pipe-P-100:end-j:bending-normal-z",
        ],
        metadata: Some(
            ResultMetadata {
                component: "bending_normal_stress_z",
                coordinate_system: "element_local",
                location: "end_j",
                basis: "explicit_user_linear_combination",
                sign_convention: "positive value follows explicit user linear combination of matching source result sign conventions",
            },
        ),
    },
    ResultItem {
        id: "result:combination:combination-C-GAP:stress:pipe-P-100:end-j:torsional-shear",
        kind: "element_local_torsional_shear_stress",
        value: 0.0,
        unit: "MPa",
        entity_ref: "pipe:P-100",
        basis_ref: Some(
            ResultBasisRef {
                ref_type: "combination",
                ref_id: "combination:C-GAP",
            },
        ),
        source_result_refs: [
            "result:stress:pipe-P-100:end-j:torsional-shear",
        ],
        metadata: Some(
            ResultMetadata {
                component: "torsional_shear_stress",
                coordinate_system: "element_local",
                location: "end_j",
                basis: "explicit_user_linear_combination",
                sign_convention: "positive value follows explicit user linear combination of matching source result sign conventions",
            },
        ),
    },
    ResultItem {
        id: "result:combination:combination-C-GAP:stress:pipe-P-100:midspan:axial-normal",
        kind: "element_local_axial_normal_stress",
        value: 28.244000548694814,
        unit: "MPa",
        entity_ref: "pipe:P-100",
        basis_ref: Some(
            ResultBasisRef {
                ref_type: "combination",
                ref_id: "combination:C-GAP",
            },
        ),
        source_result_refs: [
            "result:stress:pipe-P-100:midspan:axial-normal",
        ],
        metadata: Some(
            ResultMetadata {
                component: "axial_normal_stress",
                coordinate_system: "element_local",
                location: "midspan",
                basis: "explicit_user_linear_combination",
                sign_convention: "positive value follows explicit user linear combination of matching source result sign conventions",
            },
        ),
    },
    ResultItem {
        id: "result:combination:combination-C-GAP:stress:pipe-P-100:midspan:bending-normal-y",
        kind: "element_local_bending_normal_stress_y",
        value: 0.0,
        unit: "MPa",
        entity_ref: "pipe:P-100",
        basis_ref: Some(
            ResultBasisRef {
                ref_type: "combination",
                ref_id: "combination:C-GAP",
            },
        ),
        source_result_refs: [
            "result:stress:pipe-P-100:midspan:bending-normal-y",
        ],
        metadata: Some(
            ResultMetadata {
                component: "bending_normal_stress_y",
                coordinate_system: "element_local",
                location: "midspan",
                basis: "explicit_user_linear_combination",
                sign_convention: "positive value follows explicit user linear combination of matching source result sign conventions",
            },
        ),
    },
    ResultItem {
        id: "result:combination:combination-C-GAP:stress:pipe-P-100:midspan:bending-normal-z",
        kind: "element_local_bending_normal_stress_z",
        value: 0.0,
        unit: "MPa",
        entity_ref: "pipe:P-100",
        basis_ref: Some(
            ResultBasisRef {
                ref_type: "combination",
                ref_id: "combination:C-GAP",
            },
        ),
        source_result_refs: [
            "result:stress:pipe-P-100:midspan:bending-normal-z",
        ],
        metadata: Some(
            ResultMetadata {
                component: "bending_normal_stress_z",
                coordinate_system: "element_local",
                location: "midspan",
                basis: "explicit_user_linear_combination",
                sign_convention: "positive value follows explicit user linear combination of matching source result sign conventions",
            },
        ),
    },
    ResultItem {
        id: "result:combination:combination-C-GAP:stress:pipe-P-100:midspan:torsional-shear",
        kind: "element_local_torsional_shear_stress",
        value: 0.0,
        unit: "MPa",
        entity_ref: "pipe:P-100",
        basis_ref: Some(
            ResultBasisRef {
                ref_type: "combination",
                ref_id: "combination:C-GAP",
            },
        ),
        source_result_refs: [
            "result:stress:pipe-P-100:midspan:torsional-shear",
        ],
        metadata: Some(
            ResultMetadata {
                component: "torsional_shear_stress",
                coordinate_system: "element_local",
                location: "midspan",
                basis: "explicit_user_linear_combination",
                sign_convention: "positive value follows explicit user linear combination of matching source result sign conventions",
            },
        ),
    },
    ResultItem {
        id: "result:combination:combination-C-GAP:stress:pipe-P-100:quarter-1:axial-normal",
        kind: "element_local_axial_normal_stress",
        value: 28.244000548694814,
        unit: "MPa",
        entity_ref: "pipe:P-100",
        basis_ref: Some(
            ResultBasisRef {
                ref_type: "combination",
                ref_id: "combination:C-GAP",
            },
        ),
        source_result_refs: [
            "result:stress:pipe-P-100:quarter-1:axial-normal",
        ],
        metadata: Some(
            ResultMetadata {
                component: "axial_normal_stress",
                coordinate_system: "element_local",
                location: "quarter_1",
                basis: "explicit_user_linear_combination",
                sign_convention: "positive value follows explicit user linear combination of matching source result sign conventions",
            },
        ),
    },
    ResultItem {
        id: "result:combination:combination-C-GAP:stress:pipe-P-100:quarter-1:bending-normal-y",
        kind: "element_local_bending_normal_stress_y",
        value: 0.0,
        unit: "MPa",
        entity_ref: "pipe:P-100",
        basis_ref: Some(
            ResultBasisRef {
                ref_type: "combination",
                ref_id: "combination:C-GAP",
            },
        ),
        source_result_refs: [
            "result:stress:pipe-P-100:quarter-1:bending-normal-y",
        ],
        metadata: Some(
            ResultMetadata {
                component: "bending_normal_stress_y",
                coordinate_system: "element_local",
                location: "quarter_1",
                basis: "explicit_user_linear_combination",
                sign_convention: "positive value follows explicit user linear combination of matching source result sign conventions",
            },
        ),
    },
    ResultItem {
        id: "result:combination:combination-C-GAP:stress:pipe-P-100:quarter-1:bending-normal-z",
        kind: "element_local_bending_normal_stress_z",
        value: 0.0,
        unit: "MPa",
        entity_ref: "pipe:P-100",
        basis_ref: Some(
            ResultBasisRef {
                ref_type: "combination",
                ref_id: "combination:C-GAP",
            },
        ),
        source_result_refs: [
            "result:stress:pipe-P-100:quarter-1:bending-normal-z",
        ],
        metadata: Some(
            ResultMetadata {
                component: "bending_normal_stress_z",
                coordinate_system: "element_local",
                location: "quarter_1",
                basis: "explicit_user_linear_combination",
                sign_convention: "positive value follows explicit user linear combination of matching source result sign conventions",
            },
        ),
    },
    ResultItem {
        id: "result:combination:combination-C-GAP:stress:pipe-P-100:quarter-1:torsional-shear",
        kind: "element_local_torsional_shear_stress",
        value: 0.0,
        unit: "MPa",
        entity_ref: "pipe:P-100",
        basis_ref: Some(
            ResultBasisRef {
                ref_type: "combination",
                ref_id: "combination:C-GAP",
            },
        ),
        source_result_refs: [
            "result:stress:pipe-P-100:quarter-1:torsional-shear",
        ],
        metadata: Some(
            ResultMetadata {
                component: "torsional_shear_stress",
                coordinate_system: "element_local",
                location: "quarter_1",
                basis: "explicit_user_linear_combination",
                sign_convention: "positive value follows explicit user linear combination of matching source result sign conventions",
            },
        ),
    },
    ResultItem {
        id: "result:combination:combination-C-GAP:stress:pipe-P-100:quarter-3:axial-normal",
        kind: "element_local_axial_normal_stress",
        value: 28.244000548694814,
        unit: "MPa",
        entity_ref: "pipe:P-100",
        basis_ref: Some(
            ResultBasisRef {
                ref_type: "combination",
                ref_id: "combination:C-GAP",
            },
        ),
        source_result_refs: [
            "result:stress:pipe-P-100:quarter-3:axial-normal",
        ],
        metadata: Some(
            ResultMetadata {
                component: "axial_normal_stress",
                coordinate_system: "element_local",
                location: "quarter_3",
                basis: "explicit_user_linear_combination",
                sign_convention: "positive value follows explicit user linear combination of matching source result sign conventions",
            },
        ),
    },
    ResultItem {
        id: "result:combination:combination-C-GAP:stress:pipe-P-100:quarter-3:bending-normal-y",
        kind: "element_local_bending_normal_stress_y",
        value: 0.0,
        unit: "MPa",
        entity_ref: "pipe:P-100",
        basis_ref: Some(
            ResultBasisRef {
                ref_type: "combination",
                ref_id: "combination:C-GAP",
            },
        ),
        source_result_refs: [
            "result:stress:pipe-P-100:quarter-3:bending-normal-y",
        ],
        metadata: Some(
            ResultMetadata {
                component: "bending_normal_stress_y",
                coordinate_system: "element_local",
                location: "quarter_3",
                basis: "explicit_user_linear_combination",
                sign_convention: "positive value follows explicit user linear combination of matching source result sign conventions",
            },
        ),
    },
    ResultItem {
        id: "result:combination:combination-C-GAP:stress:pipe-P-100:quarter-3:bending-normal-z",
        kind: "element_local_bending_normal_stress_z",
        value: 0.0,
        unit: "MPa",
        entity_ref: "pipe:P-100",
        basis_ref: Some(
            ResultBasisRef {
                ref_type: "combination",
                ref_id: "combination:C-GAP",
            },
        ),
        source_result_refs: [
            "result:stress:pipe-P-100:quarter-3:bending-normal-z",
        ],
        metadata: Some(
            ResultMetadata {
                component: "bending_normal_stress_z",
                coordinate_system: "element_local",
                location: "quarter_3",
                basis: "explicit_user_linear_combination",
                sign_convention: "positive value follows explicit user linear combination of matching source result sign conventions",
            },
        ),
    },
    ResultItem {
        id: "result:combination:combination-C-GAP:stress:pipe-P-100:quarter-3:torsional-shear",
        kind: "element_local_torsional_shear_stress",
        value: 0.0,
        unit: "MPa",
        entity_ref: "pipe:P-100",
        basis_ref: Some(
            ResultBasisRef {
                ref_type: "combination",
                ref_id: "combination:C-GAP",
            },
        ),
        source_result_refs: [
            "result:stress:pipe-P-100:quarter-3:torsional-shear",
        ],
        metadata: Some(
            ResultMetadata {
                component: "torsional_shear_stress",
                coordinate_system: "element_local",
                location: "quarter_3",
                basis: "explicit_user_linear_combination",
                sign_convention: "positive value follows explicit user linear combination of matching source result sign conventions",
            },
        ),
    },
]
DIAGPROBE INPUT label=contact_reversed seed=active mode=sparse_interactive {"model":{"schema_version":"0.1.0","document_kind":"openpipestress.product_preview.model","project":{"id":"project:invented-loop-01","units":{"angle":"rad","force":"N","length":"m","pressure":"Pa","stress":"MPa","temperature":"degC"}},"analysis_status":{"mechanics":"ready_for_preview_diagnostics","rule_check":"not_performed_user_rule_inputs_missing","professional_acceptance":"not_provided"},"nodes":[{"id":"node:N-100","position":{"x":0.0,"y":0.0,"z":0.0},"provenance":"invented_example"},{"id":"node:N-110","position":{"x":1.0,"y":0.0,"z":0.0},"provenance":"invented_example"}],"pipe_segments":[{"id":"pipe:P-100","from":"node:N-100","to":"node:N-110","section":{"outside_diameter":{"value":0.168,"unit":"m"},"wall_thickness":{"value":0.007,"unit":"m"},"mill_tolerance":null,"material_density":null,"contents_density":null,"insulation_thickness":null,"insulation_density":null},"section_ref":null,"material":"material:invented-carbon-steel","y_reference":{"x":0.0,"y":1.0,"z":0.0},"provenance":"invented_example_no_standard_catalog"}],"sections":[],"supports":[{"id":"support:S-100","node":"node:N-100","restraints":["UY","UZ","RX","RY","RZ"],"family":"anchor","stiffness":null,"hanger":null,"nonlinear":null,"provenance":"invented_example"},{"id":"support:NL-GAP-110","node":"node:N-100","restraints":[],"family":"nonlinear","stiffness":null,"hanger":null,"nonlinear":{"behavior":"gap","dof":"UX","initial_state":"active","active_when":null,"contact_when":null,"closes_when":"positive_displacement","gap":{"value":0.05,"unit":"mm"},"friction_coefficient":null,"normal_reaction":null,"normal_reaction_source":null},"provenance":"invented_example_user_entered_nonlinear_support_no_catalog"}],"components":[],"materials":[{"id":"material:invented-carbon-steel","elastic_modulus":{"value":200000000000.0,"unit":"Pa"},"shear_modulus":{"value":77000000000.0,"unit":"Pa"},"thermal_expansion_coefficient":{"value":0.000012,"unit":"1/degC"},"temperature_points":[],"provenance":"invented_example_no_material_standard"}],"load_cases":[{"id":"load:L-GAP","primitive_loads":[{"id":"load:L-GAP-X","category":"occasional","target":{"type":"node","node":"node:N-110"},"direction":"global_x","magnitude":{"value":-100000.0,"unit":"N"},"dimension":"force","provenance":"invented_example_user_input"}],"equivalent_static":null,"modulus_basis_ref":null,"modulus_basis_temperature":null,"provenance":"invented_example_no_code_combination"}],"combinations":[{"id":"combination:C-GAP","label":null,"basis":"mechanics","terms":[{"load_case":"load:L-GAP","factor":1.0}],"minuend_id":null,"subtrahend_id":null,"operand_ids":null,"mode":null,"provenance":"invented_example_no_code_combination"}]},"materials":[{"id":"material:invented-carbon-steel","elastic_modulus":{"value":200000000000.0,"unit":"Pa"},"shear_modulus":{"value":77000000000.0,"unit":"Pa"},"thermal_expansion_coefficient":{"value":0.000012,"unit":"1/degC"},"temperature_points":[],"provenance":"invented_example_no_material_standard"}]}
DIAGPROBE OUTPUT label=contact_reversed seed=active mode=sparse_interactive status=StatusEnvelope {
    mechanics: "MODEL_INCOMPLETE",
    rule_check: "RULE_INPUTS_INCOMPLETE",
    professional_acceptance: "NOT_PROVIDED",
} quality=NumericalQuality {
    value_representation: "finite_binary64",
    publication_quantization: "none",
    integrity_policy: "M03-INTEGRITY-v1",
    status: Failed,
    cases: [
        NumericalCaseQuality {
            basis_ref: ResultBasisRef {
                ref_type: "load_case",
                ref_id: "load:L-GAP",
            },
            structural_status: PhysicalMechanismWitnessed,
            solve_quality: Failed,
            model_matrix_fidelity: NotAssessed,
            accuracy_evidence: NotClaimed,
            evidence_refs: [
                "diagnostic:numerical-integrity:load:L-GAP",
            ],
        },
    ],
} diagnostics=[
    Diagnostic {
        id: "diagnostic:numerical-integrity:load:L-GAP",
        code: "NUMERICAL_INTEGRITY_PHYSICAL_MECHANISM",
        severity: "blocking",
        message: "Load case load:L-GAP: structural integrity: Mechanism { direction: [1.0, -0.0, -0.0, -0.0, -0.0, -0.0, 1.0, -0.0, -0.0, -0.0, -0.0, -0.0] }; global_dof_map=[\"node:N-100:UX\", \"node:N-100:UY\", \"node:N-100:UZ\", \"node:N-100:RX\", \"node:N-100:RY\", \"node:N-100:RZ\", \"node:N-110:UX\", \"node:N-110:UY\", \"node:N-110:UZ\", \"node:N-110:RX\", \"node:N-110:RY\", \"node:N-110:RZ\"]; no structural rejection is bypassed by generic LU or output quantization",
        source: Some(
            "core/product_physics",
        ),
        affected_refs: [
            "load:L-GAP",
        ],
    },
    Diagnostic {
        id: "diagnostic:nonlinear:load-L-GAP:blocked",
        code: "NONLINEAR_SUPPORT_LOOP_BLOCKED",
        severity: "blocking",
        message: "nonlinear support dense preview loop could not run: structural integrity: Mechanism { direction: [1.0, -0.0, -0.0, -0.0, -0.0, -0.0, 1.0, -0.0, -0.0, -0.0, -0.0, -0.0] }",
        source: Some(
            "core/product_physics",
        ),
        affected_refs: [
            "load:L-GAP",
        ],
    },
    Diagnostic {
        id: "diagnostic:physics:selected-state-unavailable",
        code: "SOLVER_SYSTEM_BLOCKED",
        severity: "blocking",
        message: "nonlinear selected mechanics state is unavailable or did not converge",
        source: Some(
            "core/product_physics",
        ),
        affected_refs: [
            "load:L-GAP",
        ],
    },
] rows=[]
DIAGPROBE INPUT label=contact_forward_control seed=inactive mode=sparse_interactive {"model":{"schema_version":"0.1.0","document_kind":"openpipestress.product_preview.model","project":{"id":"project:invented-loop-01","units":{"angle":"rad","force":"N","length":"m","pressure":"Pa","stress":"MPa","temperature":"degC"}},"analysis_status":{"mechanics":"ready_for_preview_diagnostics","rule_check":"not_performed_user_rule_inputs_missing","professional_acceptance":"not_provided"},"nodes":[{"id":"node:N-100","position":{"x":0.0,"y":0.0,"z":0.0},"provenance":"invented_example"},{"id":"node:N-110","position":{"x":1.0,"y":0.0,"z":0.0},"provenance":"invented_example"}],"pipe_segments":[{"id":"pipe:P-100","from":"node:N-100","to":"node:N-110","section":{"outside_diameter":{"value":0.168,"unit":"m"},"wall_thickness":{"value":0.007,"unit":"m"},"mill_tolerance":null,"material_density":null,"contents_density":null,"insulation_thickness":null,"insulation_density":null},"section_ref":null,"material":"material:invented-carbon-steel","y_reference":{"x":0.0,"y":1.0,"z":0.0},"provenance":"invented_example_no_standard_catalog"}],"sections":[],"supports":[{"id":"support:S-100","node":"node:N-100","restraints":["UY","UZ","RX","RY","RZ"],"family":"anchor","stiffness":null,"hanger":null,"nonlinear":null,"provenance":"invented_example"},{"id":"support:NL-GAP-110","node":"node:N-100","restraints":[],"family":"nonlinear","stiffness":null,"hanger":null,"nonlinear":{"behavior":"gap","dof":"UX","initial_state":"inactive","active_when":null,"contact_when":null,"closes_when":"positive_displacement","gap":{"value":0.05,"unit":"mm"},"friction_coefficient":null,"normal_reaction":null,"normal_reaction_source":null},"provenance":"invented_example_user_entered_nonlinear_support_no_catalog"}],"components":[],"materials":[{"id":"material:invented-carbon-steel","elastic_modulus":{"value":200000000000.0,"unit":"Pa"},"shear_modulus":{"value":77000000000.0,"unit":"Pa"},"thermal_expansion_coefficient":{"value":0.000012,"unit":"1/degC"},"temperature_points":[],"provenance":"invented_example_no_material_standard"}],"load_cases":[{"id":"load:L-GAP","primitive_loads":[{"id":"load:L-GAP-X","category":"occasional","target":{"type":"node","node":"node:N-110"},"direction":"global_x","magnitude":{"value":100000.0,"unit":"N"},"dimension":"force","provenance":"invented_example_user_input"}],"equivalent_static":null,"modulus_basis_ref":null,"modulus_basis_temperature":null,"provenance":"invented_example_no_code_combination"}],"combinations":[{"id":"combination:C-GAP","label":null,"basis":"mechanics","terms":[{"load_case":"load:L-GAP","factor":1.0}],"minuend_id":null,"subtrahend_id":null,"operand_ids":null,"mode":null,"provenance":"invented_example_no_code_combination"}]},"materials":[{"id":"material:invented-carbon-steel","elastic_modulus":{"value":200000000000.0,"unit":"Pa"},"shear_modulus":{"value":77000000000.0,"unit":"Pa"},"thermal_expansion_coefficient":{"value":0.000012,"unit":"1/degC"},"temperature_points":[],"provenance":"invented_example_no_material_standard"}]}
DIAGPROBE OUTPUT label=contact_forward_control seed=inactive mode=sparse_interactive status=StatusEnvelope {
    mechanics: "MECHANICS_SOLVED",
    rule_check: "RULE_INPUTS_INCOMPLETE",
    professional_acceptance: "NOT_PROVIDED",
} quality=NumericalQuality {
    value_representation: "finite_binary64",
    publication_quantization: "none",
    integrity_policy: "M03-INTEGRITY-v1",
    status: Unresolved,
    cases: [
        NumericalCaseQuality {
            basis_ref: ResultBasisRef {
                ref_type: "load_case",
                ref_id: "load:L-GAP",
            },
            structural_status: NumericallyUnresolved,
            solve_quality: Unresolved,
            model_matrix_fidelity: NotAssessed,
            accuracy_evidence: Unresolved,
            evidence_refs: [
                "diagnostic:numerical-integrity:load:L-GAP",
            ],
        },
    ],
} diagnostics=[
    Diagnostic {
        id: "diagnostic:nonlinear:load-L-GAP:1:SOLVER_SINGULAR_SYSTEM",
        code: "SOLVER_SINGULAR_SYSTEM",
        severity: "warning",
        message: "The first-iteration structurally rejected inactive contact seed recovered by one all-active trial in sparse_interactive mode; original_singular_pivot=structural integrity: Mechanism { direction: [1.0, -0.0, -0.0, -0.0, -0.0, -0.0, 1.0, -0.0, -0.0, -0.0, -0.0, -0.0] }; original_states=[support:NL-GAP-110=inactive]; original_ground_dofs=[1, 2, 3, 4, 5]; recovery_states=[support:NL-GAP-110=active]; recovery_ground_dofs=[0, 1, 2, 3, 4, 5]; authored signed boundaries, forces and stiffness preserved; successful trial counts as iteration 1; later singularity remains failure and no second recovery is permitted.",
        source: Some(
            "core/product_physics",
        ),
        affected_refs: [
            "load:L-GAP",
        ],
    },
    Diagnostic {
        id: "diagnostic:nonlinear:load-L-GAP:support-NL-GAP-110:state",
        code: "NONLINEAR_SUPPORT_STATE_REVIEW",
        severity: "info",
        message: "nonlinear support support:NL-GAP-110 ended in active state for load case load:L-GAP; sparse_interactive preview loop evidence only",
        source: Some(
            "core/product_physics",
        ),
        affected_refs: [
            "support:NL-GAP-110",
            "load:L-GAP",
        ],
    },
    Diagnostic {
        id: "diagnostic:nonlinear:load-L-GAP:loop",
        code: "NONLINEAR_SUPPORT_LOOP_CONVERGED",
        severity: "info",
        message: "sparse_interactive nonlinear support active-set preview completed 1 iteration(s); final residual count 0; accepted active-set-count policy_ref=DEC-046-CV-B-product-preview-active-set-count-v1; prospective evaluated force/moment equilibrium policy_ref=M03-PRODUCT-PREVIEW-EQUILIBRIUM-v1; derived per-row residual-work policy_ref=M03-PRODUCT-PREVIEW-EQUILIBRIUM-v1; historical general-energy alias is residual work, not total energy balance; historical policy_ref=DEC-046-CV-B-product-preview-general-energy-residual-v1; accepted displacement/reaction-delta policy_ref=DEC-046-CV-B-product-preview-displacement-reaction-delta-threshold-v1 for emitted product-preview delta rows; timing/RSS/hardware sparse evidence remains observational, not thresholded",
        source: Some(
            "core/product_physics",
        ),
        affected_refs: [
            "load:L-GAP",
            "DEC-046",
        ],
    },
    Diagnostic {
        id: "diagnostic:numerical-integrity:load:L-GAP",
        code: "NUMERICAL_INTEGRITY_RECOVERY_BASIS_UNQUALIFIED",
        severity: "warning",
        message: "Load case load:L-GAP selected represented-exact-ratio global displacement and support reactions, while member fields are recovered from projected binary64 displacement. The ordinary structural report is a preprojection precondition, and selected-public-displacement equilibrium does not prove exact-ratio equilibrium or complete field recovery. Mixed recovery remains numerically unresolved and unavailable for Current reliance; computed loop and quantity rows remain inspection evidence only. Ordinary structural precondition: StructuralReport { policy: \"M03-INTEGRITY-v1\", quality: Passed, factorization: \"positive skyline LDL\", scale_exponents: [-14, -12, -12, -10, -11, -11], pivots: [PivotEvidence { ordered_index: 0, global_dof: 9, pivot: 1.6880160005011582, cancellation_scale: 1.6880160005011582, operation_count: 2, screen: 2.3988150140058318e-14 }, PivotEvidence { ordered_index: 1, global_dof: 10, pivot: 2.192228572079426, cancellation_scale: 2.192228572079426, operation_count: 2, screen: 3.1153441740335475e-14 }, PivotEvidence { ordered_index: 2, global_dof: 8, pivot: 0.41104285726489254, cancellation_scale: 2.877300000854247, operation_count: 4, screen: 8.177778456838064e-14 }, PivotEvidence { ordered_index: 3, global_dof: 11, pivot: 2.192228572079426, cancellation_scale: 2.192228572079426, operation_count: 2, screen: 3.1153441740335475e-14 }, PivotEvidence { ordered_index: 4, global_dof: 7, pivot: 0.41104285726489254, cancellation_scale: 2.877300000854247, operation_count: 4, screen: 8.177778456838064e-14 }, PivotEvidence { ordered_index: 5, global_dof: 6, pivot: 2.6379338805345434, cancellation_scale: 2.6379338805345434, operation_count: 2, screen: 3.748729512458544e-14 }], condition_estimator: \"Hager-Higham inverse-1-norm iteration with alternating-vector safeguard\", reciprocal_condition_estimate: 0.06122448979591839, residual_rows: [ResidualRow { global_dof: 6, residual: 0.0, denominator: 270811.498411914, row_scale_exponent: 17, normalized_residual: 0.0, normalized_denominator: 2.0661277649834746, normalized_evaluation_allowance: 1.3763175699011826e-15, normalization_basis: \"radix mantissas; one multiply/add per term; physical records descriptive\", operation_count: 6, evaluation_allowance: 1.803966965220878e-10, guarded_ratio: 6.66133814775096e-16, target: 4.263256414560604e-14, passed: true }, ResidualRow { global_dof: 7, residual: 0.0, denominator: 0.0, row_scale_exponent: 0, normalized_residual: 0.0, normalized_denominator: 0.0, normalized_evaluation_allowance: 0.0, normalization_basis: \"radix mantissas; one multiply/add per term; physical records descriptive\", operation_count: 10, evaluation_allowance: 0.0, guarded_ratio: 0.0, target: 7.10542735760101e-14, passed: true }, ResidualRow { global_dof: 8, residual: 0.0, denominator: 0.0, row_scale_exponent: 0, normalized_residual: 0.0, normalized_denominator: 0.0, normalized_evaluation_allowance: 0.0, normalization_basis: \"radix mantissas; one multiply/add per term; physical records descriptive\", operation_count: 10, evaluation_allowance: 0.0, guarded_ratio: 0.0, target: 7.10542735760101e-14, passed: true }, ResidualRow { global_dof: 9, residual: 0.0, denominator: 0.0, row_scale_exponent: 0, normalized_residual: 0.0, normalized_denominator: 0.0, normalized_evaluation_allowance: 0.0, normalization_basis: \"radix mantissas; one multiply/add per term; physical records descriptive\", operation_count: 6, evaluation_allowance: 0.0, guarded_ratio: 0.0, target: 4.263256414560604e-14, passed: true }, ResidualRow { global_dof: 10, residual: 0.0, denominator: 0.0, row_scale_exponent: 0, normalized_residual: 0.0, normalized_denominator: 0.0, normalized_evaluation_allowance: 0.0, normalization_basis: \"radix mantissas; one multiply/add per term; physical records descriptive\", operation_count: 10, evaluation_allowance: 0.0, guarded_ratio: 0.0, target: 7.10542735760101e-14, passed: true }, ResidualRow { global_dof: 11, residual: 0.0, denominator: 0.0, row_scale_exponent: 0, normalized_residual: 0.0, normalized_denominator: 0.0, normalized_evaluation_allowance: 0.0, normalization_basis: \"radix mantissas; one multiply/add per term; physical records descriptive\", operation_count: 10, evaluation_allowance: 0.0, guarded_ratio: 0.0, target: 7.10542735760101e-14, passed: true }], refinement_attempts: 0, contribution_audit_performed: true, contribution_rounding: [], assembly_relative_perturbation_estimate: 0.0, assembly_amplification_estimate: 0.0, assembly_load_perturbation_estimate: 0.0, intended_residual_rows: [ResidualRow { global_dof: 6, residual: 1.143196549601991e-13, denominator: 270811.498411914, row_scale_exponent: 17, normalized_residual: 8.7218975036773e-19, normalized_denominator: 2.0661277649834746, normalized_evaluation_allowance: 1.3304403175711585e-14, normalization_basis: \"exact contribution expansions and full intended free action including prescribed DOFs\", operation_count: 58, evaluation_allowance: 1.7438347330468689e-9, guarded_ratio: 6.4397156802006724e-15, target: 4.121147867408608e-13, passed: true }, ResidualRow { global_dof: 7, residual: -0.0, denominator: 0.0, row_scale_exponent: 0, normalized_residual: -0.0, normalized_denominator: 0.0, normalized_evaluation_allowance: 0.0, normalization_basis: \"exact contribution expansions and full intended free action including prescribed DOFs\", operation_count: 10, evaluation_allowance: 0.0, guarded_ratio: 0.0, target: 7.10542735760101e-14, passed: true }, ResidualRow { global_dof: 8, residual: -0.0, denominator: 0.0, row_scale_exponent: 0, normalized_residual: -0.0, normalized_denominator: 0.0, normalized_evaluation_allowance: 0.0, normalization_basis: \"exact contribution expansions and full intended free action including prescribed DOFs\", operation_count: 10, evaluation_allowance: 0.0, guarded_ratio: 0.0, target: 7.10542735760101e-14, passed: true }, ResidualRow { global_dof: 9, residual: -0.0, denominator: 0.0, row_scale_exponent: 0, normalized_residual: -0.0, normalized_denominator: 0.0, normalized_evaluation_allowance: 0.0, normalization_basis: \"exact contribution expansions and full intended free action including prescribed DOFs\", operation_count: 6, evaluation_allowance: 0.0, guarded_ratio: 0.0, target: 4.263256414560604e-14, passed: true }, ResidualRow { global_dof: 10, residual: -0.0, denominator: 0.0, row_scale_exponent: 0, normalized_residual: -0.0, normalized_denominator: 0.0, normalized_evaluation_allowance: 0.0, normalization_basis: \"exact contribution expansions and full intended free action including prescribed DOFs\", operation_count: 10, evaluation_allowance: 0.0, guarded_ratio: 0.0, target: 7.10542735760101e-14, passed: true }, ResidualRow { global_dof: 11, residual: -0.0, denominator: 0.0, row_scale_exponent: 0, normalized_residual: -0.0, normalized_denominator: 0.0, normalized_evaluation_allowance: 0.0, normalization_basis: \"exact contribution expansions and full intended free action including prescribed DOFs\", operation_count: 10, evaluation_allowance: 0.0, guarded_ratio: 0.0, target: 7.10542735760101e-14, passed: true }], symmetry_projection_performed: false, maximum_scaled_skew: 0.0, symmetry_basis: Some(\"represented local matrices; two-stage 12-term frame transforms plus directed scatter; curved H*K and (H*K)*H^T six-term stages when traced; inverse accuracy not claimed; objective welded unreleased straight-frame family\") }; selected-public-displacement equilibrium: ProductEquilibriumReport { policy: \"M03-PRODUCT-PREVIEW-EQUILIBRIUM-v1\", rows: [ResidualRow { global_dof: 6, residual: 0.0, denominator: 270811.498411914, row_scale_exponent: 17, normalized_residual: 0.0, normalized_denominator: 2.0661277649834746, normalized_evaluation_allowance: 1.3763175699011826e-15, normalization_basis: \"radix mantissas; one multiply/add per term; physical records descriptive\", operation_count: 6, evaluation_allowance: 1.803966965220878e-10, guarded_ratio: 6.66133814775096e-16, target: 4.263256414560604e-14, passed: true }, ResidualRow { global_dof: 7, residual: 0.0, denominator: 0.0, row_scale_exponent: 0, normalized_residual: 0.0, normalized_denominator: 0.0, normalized_evaluation_allowance: 0.0, normalization_basis: \"radix mantissas; one multiply/add per term; physical records descriptive\", operation_count: 10, evaluation_allowance: 0.0, guarded_ratio: 0.0, target: 7.10542735760101e-14, passed: true }, ResidualRow { global_dof: 8, residual: 0.0, denominator: 0.0, row_scale_exponent: 0, normalized_residual: 0.0, normalized_denominator: 0.0, normalized_evaluation_allowance: 0.0, normalization_basis: \"radix mantissas; one multiply/add per term; physical records descriptive\", operation_count: 10, evaluation_allowance: 0.0, guarded_ratio: 0.0, target: 7.10542735760101e-14, passed: true }, ResidualRow { global_dof: 9, residual: 0.0, denominator: 0.0, row_scale_exponent: 0, normalized_residual: 0.0, normalized_denominator: 0.0, normalized_evaluation_allowance: 0.0, normalization_basis: \"radix mantissas; one multiply/add per term; physical records descriptive\", operation_count: 6, evaluation_allowance: 0.0, guarded_ratio: 0.0, target: 4.263256414560604e-14, passed: true }, ResidualRow { global_dof: 10, residual: 0.0, denominator: 0.0, row_scale_exponent: 0, normalized_residual: 0.0, normalized_denominator: 0.0, normalized_evaluation_allowance: 0.0, normalization_basis: \"radix mantissas; one multiply/add per term; physical records descriptive\", operation_count: 10, evaluation_allowance: 0.0, guarded_ratio: 0.0, target: 7.10542735760101e-14, passed: true }, ResidualRow { global_dof: 11, residual: 0.0, denominator: 0.0, row_scale_exponent: 0, normalized_residual: 0.0, normalized_denominator: 0.0, normalized_evaluation_allowance: 0.0, normalization_basis: \"radix mantissas; one multiply/add per term; physical records descriptive\", operation_count: 10, evaluation_allowance: 0.0, guarded_ratio: 0.0, target: 7.10542735760101e-14, passed: true }], work_rows: [WorkRow { global_dof: 6, observed_work: 0.0, evaluation_allowance: 3.449545680386729e-14, derived_target: 2.2077092354475036e-12, normalized_work: 0.0, normalized_allowance: 2.1559660502417055e-15, normalized_target: 1.3798182721546898e-13, scale_exponent: 4, passed: true }, WorkRow { global_dof: 7, observed_work: 0.0, evaluation_allowance: 0.0, derived_target: 0.0, normalized_work: 0.0, normalized_allowance: 0.0, normalized_target: 0.0, scale_exponent: 0, passed: true }, WorkRow { global_dof: 8, observed_work: 0.0, evaluation_allowance: 0.0, derived_target: 0.0, normalized_work: 0.0, normalized_allowance: 0.0, normalized_target: 0.0, scale_exponent: 0, passed: true }, WorkRow { global_dof: 9, observed_work: 0.0, evaluation_allowance: 0.0, derived_target: 0.0, normalized_work: 0.0, normalized_allowance: 0.0, normalized_target: 0.0, scale_exponent: 0, passed: true }, WorkRow { global_dof: 10, observed_work: 0.0, evaluation_allowance: 0.0, derived_target: 0.0, normalized_work: 0.0, normalized_allowance: 0.0, normalized_target: 0.0, scale_exponent: 0, passed: true }, WorkRow { global_dof: 11, observed_work: 0.0, evaluation_allowance: 0.0, derived_target: 0.0, normalized_work: 0.0, normalized_allowance: 0.0, normalized_target: 0.0, scale_exponent: 0, passed: true }], observed_governing_work_dof: Some(11), passed: true }",
        source: Some(
            "core/product_physics",
        ),
        affected_refs: [
            "load:L-GAP",
        ],
    },
    Diagnostic {
        id: "diagnostic:combination:combination-C-GAP:result-nonlinear-support-converged-flag:LOAD_COMBINATION_RESULT_DIMENSION_UNSUPPORTED",
        code: "LOAD_COMBINATION_RESULT_DIMENSION_UNSUPPORTED",
        severity: "warning",
        message: "result row unit is not supported for TP-MAC-08 scalar load-combination algebra",
        source: Some(
            "core/product_physics",
        ),
        affected_refs: [
            "combination:C-GAP",
            "result:nonlinear-support:converged-flag",
            "result:nonlinear-support:converged-flag",
        ],
    },
    Diagnostic {
        id: "diagnostic:combination:combination-C-GAP:result-nonlinear-support-final-residual-count:LOAD_COMBINATION_RESULT_DIMENSION_UNSUPPORTED",
        code: "LOAD_COMBINATION_RESULT_DIMENSION_UNSUPPORTED",
        severity: "warning",
        message: "result row unit is not supported for TP-MAC-08 scalar load-combination algebra",
        source: Some(
            "core/product_physics",
        ),
        affected_refs: [
            "combination:C-GAP",
            "result:nonlinear-support:final-residual-count",
            "result:nonlinear-support:final-residual-count",
        ],
    },
    Diagnostic {
        id: "diagnostic:combination:combination-C-GAP:result-nonlinear-support-iteration-count:LOAD_COMBINATION_RESULT_DIMENSION_UNSUPPORTED",
        code: "LOAD_COMBINATION_RESULT_DIMENSION_UNSUPPORTED",
        severity: "warning",
        message: "result row unit is not supported for TP-MAC-08 scalar load-combination algebra",
        source: Some(
            "core/product_physics",
        ),
        affected_refs: [
            "combination:C-GAP",
            "result:nonlinear-support:iteration-count",
            "result:nonlinear-support:iteration-count",
        ],
    },
    Diagnostic {
        id: "diagnostic:combination:combination-C-GAP:result-nonlinear-support-support-NL-GAP-110-state-code:LOAD_COMBINATION_RESULT_DIMENSION_UNSUPPORTED",
        code: "LOAD_COMBINATION_RESULT_DIMENSION_UNSUPPORTED",
        severity: "warning",
        message: "result row unit is not supported for TP-MAC-08 scalar load-combination algebra",
        source: Some(
            "core/product_physics",
        ),
        affected_refs: [
            "combination:C-GAP",
            "result:nonlinear-support:support-NL-GAP-110:state-code",
            "result:nonlinear-support:support-NL-GAP-110:state-code",
        ],
    },
    Diagnostic {
        id: "diagnostic:combination:combination-C-GAP:result-stress-pipe-P-100:COMBINATION_STRESS_SUMMARY_SKIPPED",
        code: "COMBINATION_STRESS_SUMMARY_SKIPPED",
        severity: "warning",
        message: "open-formula stress summary rows are not linearly combined in TP-MAC-08; combine inspectable stress component rows instead",
        source: Some(
            "core/product_physics",
        ),
        affected_refs: [
            "combination:C-GAP",
            "result:stress:pipe-P-100",
            "result:stress:pipe-P-100",
        ],
    },
    Diagnostic {
        id: "diagnostic:physics:rule-inputs-missing",
        code: "RULE_CHECK_INPUTS_MISSING",
        severity: "warning",
        message: "rule-check inputs and protected criteria are absent; no compliance result is produced",
        source: Some(
            "core/product_physics",
        ),
        affected_refs: [],
    },
] rows=[
    ResultItem {
        id: "result:nonlinear-support:iteration-count",
        kind: "nonlinear_support_active_set_iteration_count",
        value: 1.0,
        unit: "count",
        entity_ref: "nonlinear_supports",
        basis_ref: Some(
            ResultBasisRef {
                ref_type: "load_case",
                ref_id: "load:L-GAP",
            },
        ),
        source_result_refs: [],
        metadata: Some(
            ResultMetadata {
                component: "active_set_iteration_count",
                coordinate_system: "solver_iteration",
                location: "load_case",
                basis: "sparse_interactive_active_set_loop; policy_ref=DEC-046-CV-B-product-preview-active-set-count-v1; policy_status=accepted; support_count=1; support_classes=gap",
                sign_convention: "counts completed dense active-set linearization iterations",
            },
        ),
    },
    ResultItem {
        id: "result:nonlinear-support:final-residual-count",
        kind: "nonlinear_support_active_set_final_residual_count",
        value: 0.0,
        unit: "count",
        entity_ref: "nonlinear_supports",
        basis_ref: Some(
            ResultBasisRef {
                ref_type: "load_case",
                ref_id: "load:L-GAP",
            },
        ),
        source_result_refs: [],
        metadata: Some(
            ResultMetadata {
                component: "active_set_final_residual_count",
                coordinate_system: "solver_iteration",
                location: "load_case",
                basis: "sparse_interactive_active_set_loop; policy_ref=DEC-046-CV-B-product-preview-active-set-count-v1; residual_is_changed_support_count",
                sign_convention: "zero means no nonlinear support state changed in the final iteration",
            },
        ),
    },
    ResultItem {
        id: "result:nonlinear-support:converged-flag",
        kind: "nonlinear_support_active_set_converged_flag",
        value: 1.0,
        unit: "boolean",
        entity_ref: "nonlinear_supports",
        basis_ref: Some(
            ResultBasisRef {
                ref_type: "load_case",
                ref_id: "load:L-GAP",
            },
        ),
        source_result_refs: [],
        metadata: Some(
            ResultMetadata {
                component: "active_set_converged_flag",
                coordinate_system: "solver_iteration",
                location: "load_case",
                basis: "sparse_interactive_active_set_loop; policy_ref=DEC-046-CV-B-product-preview-active-set-count-v1; policy_status=accepted; residual_is_changed_support_count",
                sign_convention: "1 means the active-set state-change residual satisfied the supplied preview tolerance",
            },
        ),
    },
    ResultItem {
        id: "result:nonlinear-support:free-dof-force-residual",
        kind: "nonlinear_support_observed_free_dof_force_residual",
        value: 0.0,
        unit: "N",
        entity_ref: "nonlinear_supports",
        basis_ref: Some(
            ResultBasisRef {
                ref_type: "load_case",
                ref_id: "load:L-GAP",
            },
        ),
        source_result_refs: [],
        metadata: Some(
            ResultMetadata {
                component: "observed_free_dof_force_residual",
                coordinate_system: "solver_iteration",
                location: "final_iteration",
                basis: "sparse_interactive_active_set_loop; policy_ref=DEC-046-CV-B-product-preview-active-set-count-v1; threshold_policy_ref=M03-PRODUCT-PREVIEW-EQUILIBRIUM-v1; threshold_policy_status=accepted; observed_compliance=true; residual_basis=free_dof_force_moment_equilibrium; target=64*gamma(actual_row_operation_count); original_full_equations_with_prescribed_coupling; evaluation_allowance_and_denominator_guard; historical_superseded_policy_ref=DEC-046-CV-B-product-preview-free-dof-force-moment-residual-v1; historical_zero_limits=0 N,0 N*m; product_preview_only",
                sign_convention: "nonnegative max absolute translational free-DOF equilibrium residual in the final linearized solve",
            },
        ),
    },
    ResultItem {
        id: "result:nonlinear-support:free-dof-moment-residual",
        kind: "nonlinear_support_observed_free_dof_moment_residual",
        value: 0.0,
        unit: "N*m",
        entity_ref: "nonlinear_supports",
        basis_ref: Some(
            ResultBasisRef {
                ref_type: "load_case",
                ref_id: "load:L-GAP",
            },
        ),
        source_result_refs: [],
        metadata: Some(
            ResultMetadata {
                component: "observed_free_dof_moment_residual",
                coordinate_system: "solver_iteration",
                location: "final_iteration",
                basis: "sparse_interactive_active_set_loop; policy_ref=DEC-046-CV-B-product-preview-active-set-count-v1; threshold_policy_ref=M03-PRODUCT-PREVIEW-EQUILIBRIUM-v1; threshold_policy_status=accepted; observed_compliance=true; residual_basis=free_dof_force_moment_equilibrium; target=64*gamma(actual_row_operation_count); original_full_equations_with_prescribed_coupling; evaluation_allowance_and_denominator_guard; historical_superseded_policy_ref=DEC-046-CV-B-product-preview-free-dof-force-moment-residual-v1; historical_zero_limits=0 N,0 N*m; product_preview_only",
                sign_convention: "nonnegative max absolute rotational free-DOF equilibrium residual in the final linearized solve",
            },
        ),
    },
    ResultItem {
        id: "result:nonlinear-support:free-dof-work-residual",
        kind: "nonlinear_support_free_dof_work_residual",
        value: 0.0,
        unit: "N*m",
        entity_ref: "nonlinear_supports",
        basis_ref: Some(
            ResultBasisRef {
                ref_type: "load_case",
                ref_id: "load:L-GAP",
            },
        ),
        source_result_refs: [],
        metadata: Some(
            ResultMetadata {
                component: "free_dof_work_residual",
                coordinate_system: "solver_iteration",
                location: "final_iteration",
                basis: "sparse_interactive_active_set_loop; policy_ref=DEC-046-CV-B-product-preview-active-set-count-v1; threshold_policy_ref=M03-PRODUCT-PREVIEW-EQUILIBRIUM-v1; threshold_policy_status=accepted; observed_compliance=true; residual_basis=free_dof_work_residual; work_target=per_row_abs_u_times_tau_times_original_denominator_with_evaluation_allowance; observed_governing_global_dof=Some(11); general_energy_alias=residual_work_not_total_energy_balance; historical_superseded_policy_refs=DEC-046-CV-B-product-preview-free-dof-work-residual-v1,DEC-046-CV-B-product-preview-general-energy-residual-v1, historical_limits=0 N*m,0 N*m; product_preview_only",
                sign_convention: "nonnegative max absolute free-DOF residual work product in the final linearized solve",
            },
        ),
    },
    ResultItem {
        id: "result:nonlinear-support:support-NL-GAP-110:state-code",
        kind: "nonlinear_support_active_set_state_code",
        value: 1.0,
        unit: "state_code",
        entity_ref: "support:NL-GAP-110",
        basis_ref: Some(
            ResultBasisRef {
                ref_type: "load_case",
                ref_id: "load:L-GAP",
            },
        ),
        source_result_refs: [],
        metadata: Some(
            ResultMetadata {
                component: "active_set_state_code",
                coordinate_system: "solver_iteration",
                location: "ux",
                basis: "sparse_interactive_active_set_loop; policy_ref=DEC-046-CV-B-product-preview-active-set-count-v1; final_state=active",
                sign_convention: "0=inactive, 1=active, 2=sticking, 3=sliding",
            },
        ),
    },
    ResultItem {
        id: "result:nonlinear-support:support-NL-GAP-110:ux-displacement",
        kind: "nonlinear_support_final_displacement",
        value: 0.05,
        unit: "mm",
        entity_ref: "support:NL-GAP-110",
        basis_ref: Some(
            ResultBasisRef {
                ref_type: "load_case",
                ref_id: "load:L-GAP",
            },
        ),
        source_result_refs: [],
        metadata: Some(
            ResultMetadata {
                component: "nonlinear_support_final_displacement",
                coordinate_system: "solver_iteration",
                location: "ux",
                basis: "sparse_interactive_active_set_loop; policy_ref=DEC-046-CV-B-product-preview-active-set-count-v1; final_state=active",
                sign_convention: "positive value follows the global frame DOF sign convention",
            },
        ),
    },
    ResultItem {
        id: "result:nonlinear-support:support-NL-GAP-110:ux-reaction",
        kind: "nonlinear_support_final_reaction",
        value: -100000.0,
        unit: "N",
        entity_ref: "support:NL-GAP-110",
        basis_ref: Some(
            ResultBasisRef {
                ref_type: "load_case",
                ref_id: "load:L-GAP",
            },
        ),
        source_result_refs: [],
        metadata: Some(
            ResultMetadata {
                component: "nonlinear_support_final_reaction",
                coordinate_system: "solver_iteration",
                location: "ux",
                basis: "sparse_interactive_active_set_loop; policy_ref=DEC-046-CV-B-product-preview-active-set-count-v1; final_state=active",
                sign_convention: "positive value follows the global frame DOF reaction sign convention",
            },
        ),
    },
    ResultItem {
        id: "result:disp:node-N-100",
        kind: "displacement_magnitude",
        value: 0.05,
        unit: "mm",
        entity_ref: "node:N-100",
        basis_ref: Some(
            ResultBasisRef {
                ref_type: "load_case",
                ref_id: "load:L-GAP",
            },
        ),
        source_result_refs: [],
        metadata: None,
    },
    ResultItem {
        id: "result:disp:node-N-110",
        kind: "displacement_magnitude",
        value: 0.19122000274347406,
        unit: "mm",
        entity_ref: "node:N-110",
        basis_ref: Some(
            ResultBasisRef {
                ref_type: "load_case",
                ref_id: "load:L-GAP",
            },
        ),
        source_result_refs: [],
        metadata: None,
    },
    ResultItem {
        id: "result:disp:node-N-100:ux",
        kind: "global_nodal_displacement_x",
        value: 0.05,
        unit: "mm",
        entity_ref: "node:N-100",
        basis_ref: Some(
            ResultBasisRef {
                ref_type: "load_case",
                ref_id: "load:L-GAP",
            },
        ),
        source_result_refs: [],
        metadata: Some(
            ResultMetadata {
                component: "nodal_displacement_x",
                coordinate_system: "global",
                location: "node",
                basis: "solved_from_global_linear_system",
                sign_convention: "positive value follows the global cartesian X axis displacement of the node",
            },
        ),
    },
    ResultItem {
        id: "result:disp:node-N-100:uy",
        kind: "global_nodal_displacement_y",
        value: 0.0,
        unit: "mm",
        entity_ref: "node:N-100",
        basis_ref: Some(
            ResultBasisRef {
                ref_type: "load_case",
                ref_id: "load:L-GAP",
            },
        ),
        source_result_refs: [],
        metadata: Some(
            ResultMetadata {
                component: "nodal_displacement_y",
                coordinate_system: "global",
                location: "node",
                basis: "solved_from_global_linear_system",
                sign_convention: "positive value follows the global cartesian Y axis displacement of the node",
            },
        ),
    },
    ResultItem {
        id: "result:disp:node-N-100:uz",
        kind: "global_nodal_displacement_z",
        value: 0.0,
        unit: "mm",
        entity_ref: "node:N-100",
        basis_ref: Some(
            ResultBasisRef {
                ref_type: "load_case",
                ref_id: "load:L-GAP",
            },
        ),
        source_result_refs: [],
        metadata: Some(
            ResultMetadata {
                component: "nodal_displacement_z",
                coordinate_system: "global",
                location: "node",
                basis: "solved_from_global_linear_system",
                sign_convention: "positive value follows the global cartesian Z axis displacement of the node",
            },
        ),
    },
    ResultItem {
        id: "result:disp:node-N-100:rx",
        kind: "global_nodal_rotation_x",
        value: 0.0,
        unit: "rad",
        entity_ref: "node:N-100",
        basis_ref: Some(
            ResultBasisRef {
                ref_type: "load_case",
                ref_id: "load:L-GAP",
            },
        ),
        source_result_refs: [],
        metadata: Some(
            ResultMetadata {
                component: "nodal_rotation_x",
                coordinate_system: "global",
                location: "node",
                basis: "solved_from_global_linear_system",
                sign_convention: "positive value follows the right-hand-rule rotation about the global cartesian X axis",
            },
        ),
    },
    ResultItem {
        id: "result:disp:node-N-100:ry",
        kind: "global_nodal_rotation_y",
        value: 0.0,
        unit: "rad",
        entity_ref: "node:N-100",
        basis_ref: Some(
            ResultBasisRef {
                ref_type: "load_case",
                ref_id: "load:L-GAP",
            },
        ),
        source_result_refs: [],
        metadata: Some(
            ResultMetadata {
                component: "nodal_rotation_y",
                coordinate_system: "global",
                location: "node",
                basis: "solved_from_global_linear_system",
                sign_convention: "positive value follows the right-hand-rule rotation about the global cartesian Y axis",
            },
        ),
    },
    ResultItem {
        id: "result:disp:node-N-100:rz",
        kind: "global_nodal_rotation_z",
        value: 0.0,
        unit: "rad",
        entity_ref: "node:N-100",
        basis_ref: Some(
            ResultBasisRef {
                ref_type: "load_case",
                ref_id: "load:L-GAP",
            },
        ),
        source_result_refs: [],
        metadata: Some(
            ResultMetadata {
                component: "nodal_rotation_z",
                coordinate_system: "global",
                location: "node",
                basis: "solved_from_global_linear_system",
                sign_convention: "positive value follows the right-hand-rule rotation about the global cartesian Z axis",
            },
        ),
    },
    ResultItem {
        id: "result:disp:node-N-110:ux",
        kind: "global_nodal_displacement_x",
        value: 0.19122000274347406,
        unit: "mm",
        entity_ref: "node:N-110",
        basis_ref: Some(
            ResultBasisRef {
                ref_type: "load_case",
                ref_id: "load:L-GAP",
            },
        ),
        source_result_refs: [],
        metadata: Some(
            ResultMetadata {
                component: "nodal_displacement_x",
                coordinate_system: "global",
                location: "node",
                basis: "solved_from_global_linear_system",
                sign_convention: "positive value follows the global cartesian X axis displacement of the node",
            },
        ),
    },
    ResultItem {
        id: "result:disp:node-N-110:uy",
        kind: "global_nodal_displacement_y",
        value: 0.0,
        unit: "mm",
        entity_ref: "node:N-110",
        basis_ref: Some(
            ResultBasisRef {
                ref_type: "load_case",
                ref_id: "load:L-GAP",
            },
        ),
        source_result_refs: [],
        metadata: Some(
            ResultMetadata {
                component: "nodal_displacement_y",
                coordinate_system: "global",
                location: "node",
                basis: "solved_from_global_linear_system",
                sign_convention: "positive value follows the global cartesian Y axis displacement of the node",
            },
        ),
    },
    ResultItem {
        id: "result:disp:node-N-110:uz",
        kind: "global_nodal_displacement_z",
        value: 0.0,
        unit: "mm",
        entity_ref: "node:N-110",
        basis_ref: Some(
            ResultBasisRef {
                ref_type: "load_case",
                ref_id: "load:L-GAP",
            },
        ),
        source_result_refs: [],
        metadata: Some(
            ResultMetadata {
                component: "nodal_displacement_z",
                coordinate_system: "global",
                location: "node",
                basis: "solved_from_global_linear_system",
                sign_convention: "positive value follows the global cartesian Z axis displacement of the node",
            },
        ),
    },
    ResultItem {
        id: "result:disp:node-N-110:rx",
        kind: "global_nodal_rotation_x",
        value: 0.0,
        unit: "rad",
        entity_ref: "node:N-110",
        basis_ref: Some(
            ResultBasisRef {
                ref_type: "load_case",
                ref_id: "load:L-GAP",
            },
        ),
        source_result_refs: [],
        metadata: Some(
            ResultMetadata {
                component: "nodal_rotation_x",
                coordinate_system: "global",
                location: "node",
                basis: "solved_from_global_linear_system",
                sign_convention: "positive value follows the right-hand-rule rotation about the global cartesian X axis",
            },
        ),
    },
    ResultItem {
        id: "result:disp:node-N-110:ry",
        kind: "global_nodal_rotation_y",
        value: 0.0,
        unit: "rad",
        entity_ref: "node:N-110",
        basis_ref: Some(
            ResultBasisRef {
                ref_type: "load_case",
                ref_id: "load:L-GAP",
            },
        ),
        source_result_refs: [],
        metadata: Some(
            ResultMetadata {
                component: "nodal_rotation_y",
                coordinate_system: "global",
                location: "node",
                basis: "solved_from_global_linear_system",
                sign_convention: "positive value follows the right-hand-rule rotation about the global cartesian Y axis",
            },
        ),
    },
    ResultItem {
        id: "result:disp:node-N-110:rz",
        kind: "global_nodal_rotation_z",
        value: 0.0,
        unit: "rad",
        entity_ref: "node:N-110",
        basis_ref: Some(
            ResultBasisRef {
                ref_type: "load_case",
                ref_id: "load:L-GAP",
            },
        ),
        source_result_refs: [],
        metadata: Some(
            ResultMetadata {
                component: "nodal_rotation_z",
                coordinate_system: "global",
                location: "node",
                basis: "solved_from_global_linear_system",
                sign_convention: "positive value follows the right-hand-rule rotation about the global cartesian Z axis",
            },
        ),
    },
    ResultItem {
        id: "result:reaction:support-S-100",
        kind: "reaction_resultant",
        value: 0.0,
        unit: "N",
        entity_ref: "support:S-100",
        basis_ref: Some(
            ResultBasisRef {
                ref_type: "load_case",
                ref_id: "load:L-GAP",
            },
        ),
        source_result_refs: [],
        metadata: None,
    },
    ResultItem {
        id: "result:reaction:support-NL-GAP-110",
        kind: "reaction_resultant",
        value: 100000.0,
        unit: "N",
        entity_ref: "support:NL-GAP-110",
        basis_ref: Some(
            ResultBasisRef {
                ref_type: "load_case",
                ref_id: "load:L-GAP",
            },
        ),
        source_result_refs: [],
        metadata: None,
    },
    ResultItem {
        id: "result:force:pipe-P-100:axial",
        kind: "element_local_axial_force",
        value: -100000.0,
        unit: "N",
        entity_ref: "pipe:P-100",
        basis_ref: Some(
            ResultBasisRef {
                ref_type: "load_case",
                ref_id: "load:L-GAP",
            },
        ),
        source_result_refs: [],
        metadata: Some(
            ResultMetadata {
                component: "axial_force",
                coordinate_system: "element_local",
                location: "end_i",
                basis: "recovered_from_local_element_stiffness",
                sign_convention: "positive value follows the element-local DOF at the i-end force vector",
            },
        ),
    },
    ResultItem {
        id: "result:force:pipe-P-100:axial:end-j",
        kind: "element_local_axial_force",
        value: 100000.0,
        unit: "N",
        entity_ref: "pipe:P-100",
        basis_ref: Some(
            ResultBasisRef {
                ref_type: "load_case",
                ref_id: "load:L-GAP",
            },
        ),
        source_result_refs: [],
        metadata: Some(
            ResultMetadata {
                component: "axial_force",
                coordinate_system: "element_local",
                location: "end_j",
                basis: "recovered_from_local_element_stiffness",
                sign_convention: "positive value follows the element-local DOF at the j-end force vector",
            },
        ),
    },
    ResultItem {
        id: "result:force:pipe-P-100:shear-y",
        kind: "element_local_shear_force_y",
        value: 0.0,
        unit: "N",
        entity_ref: "pipe:P-100",
        basis_ref: Some(
            ResultBasisRef {
                ref_type: "load_case",
                ref_id: "load:L-GAP",
            },
        ),
        source_result_refs: [],
        metadata: Some(
            ResultMetadata {
                component: "shear_force_y",
                coordinate_system: "element_local",
                location: "end_i",
                basis: "recovered_from_local_element_stiffness",
                sign_convention: "positive value follows the element-local DOF at the i-end force vector",
            },
        ),
    },
    ResultItem {
        id: "result:force:pipe-P-100:shear-y:end-j",
        kind: "element_local_shear_force_y",
        value: 0.0,
        unit: "N",
        entity_ref: "pipe:P-100",
        basis_ref: Some(
            ResultBasisRef {
                ref_type: "load_case",
                ref_id: "load:L-GAP",
            },
        ),
        source_result_refs: [],
        metadata: Some(
            ResultMetadata {
                component: "shear_force_y",
                coordinate_system: "element_local",
                location: "end_j",
                basis: "recovered_from_local_element_stiffness",
                sign_convention: "positive value follows the element-local DOF at the j-end force vector",
            },
        ),
    },
    ResultItem {
        id: "result:force:pipe-P-100:shear-z",
        kind: "element_local_shear_force_z",
        value: 0.0,
        unit: "N",
        entity_ref: "pipe:P-100",
        basis_ref: Some(
            ResultBasisRef {
                ref_type: "load_case",
                ref_id: "load:L-GAP",
            },
        ),
        source_result_refs: [],
        metadata: Some(
            ResultMetadata {
                component: "shear_force_z",
                coordinate_system: "element_local",
                location: "end_i",
                basis: "recovered_from_local_element_stiffness",
                sign_convention: "positive value follows the element-local DOF at the i-end force vector",
            },
        ),
    },
    ResultItem {
        id: "result:force:pipe-P-100:shear-z:end-j",
        kind: "element_local_shear_force_z",
        value: 0.0,
        unit: "N",
        entity_ref: "pipe:P-100",
        basis_ref: Some(
            ResultBasisRef {
                ref_type: "load_case",
                ref_id: "load:L-GAP",
            },
        ),
        source_result_refs: [],
        metadata: Some(
            ResultMetadata {
                component: "shear_force_z",
                coordinate_system: "element_local",
                location: "end_j",
                basis: "recovered_from_local_element_stiffness",
                sign_convention: "positive value follows the element-local DOF at the j-end force vector",
            },
        ),
    },
    ResultItem {
        id: "result:moment:pipe-P-100:torsion",
        kind: "element_local_torsional_moment",
        value: 0.0,
        unit: "N*m",
        entity_ref: "pipe:P-100",
        basis_ref: Some(
            ResultBasisRef {
                ref_type: "load_case",
                ref_id: "load:L-GAP",
            },
        ),
        source_result_refs: [],
        metadata: Some(
            ResultMetadata {
                component: "torsional_moment",
                coordinate_system: "element_local",
                location: "end_i",
                basis: "recovered_from_local_element_stiffness",
                sign_convention: "positive value follows the element-local DOF at the i-end force vector",
            },
        ),
    },
    ResultItem {
        id: "result:moment:pipe-P-100:torsion:end-j",
        kind: "element_local_torsional_moment",
        value: 0.0,
        unit: "N*m",
        entity_ref: "pipe:P-100",
        basis_ref: Some(
            ResultBasisRef {
                ref_type: "load_case",
                ref_id: "load:L-GAP",
            },
        ),
        source_result_refs: [],
        metadata: Some(
            ResultMetadata {
                component: "torsional_moment",
                coordinate_system: "element_local",
                location: "end_j",
                basis: "recovered_from_local_element_stiffness",
                sign_convention: "positive value follows the element-local DOF at the j-end force vector",
            },
        ),
    },
    ResultItem {
        id: "result:moment:pipe-P-100:bending-y",
        kind: "element_local_bending_moment_y",
        value: 0.0,
        unit: "N*m",
        entity_ref: "pipe:P-100",
        basis_ref: Some(
            ResultBasisRef {
                ref_type: "load_case",
                ref_id: "load:L-GAP",
            },
        ),
        source_result_refs: [],
        metadata: Some(
            ResultMetadata {
                component: "bending_moment_y",
                coordinate_system: "element_local",
                location: "end_i",
                basis: "recovered_from_local_element_stiffness",
                sign_convention: "positive value follows the element-local DOF at the i-end force vector",
            },
        ),
    },
    ResultItem {
        id: "result:moment:pipe-P-100:bending-y:end-j",
        kind: "element_local_bending_moment_y",
        value: 0.0,
        unit: "N*m",
        entity_ref: "pipe:P-100",
        basis_ref: Some(
            ResultBasisRef {
                ref_type: "load_case",
                ref_id: "load:L-GAP",
            },
        ),
        source_result_refs: [],
        metadata: Some(
            ResultMetadata {
                component: "bending_moment_y",
                coordinate_system: "element_local",
                location: "end_j",
                basis: "recovered_from_local_element_stiffness",
                sign_convention: "positive value follows the element-local DOF at the j-end force vector",
            },
        ),
    },
    ResultItem {
        id: "result:moment:pipe-P-100:bending-z",
        kind: "element_local_bending_moment_z",
        value: 0.0,
        unit: "N*m",
        entity_ref: "pipe:P-100",
        basis_ref: Some(
            ResultBasisRef {
                ref_type: "load_case",
                ref_id: "load:L-GAP",
            },
        ),
        source_result_refs: [],
        metadata: Some(
            ResultMetadata {
                component: "bending_moment_z",
                coordinate_system: "element_local",
                location: "end_i",
                basis: "recovered_from_local_element_stiffness",
                sign_convention: "positive value follows the element-local DOF at the i-end force vector",
            },
        ),
    },
    ResultItem {
        id: "result:moment:pipe-P-100:bending-z:end-j",
        kind: "element_local_bending_moment_z",
        value: 0.0,
        unit: "N*m",
        entity_ref: "pipe:P-100",
        basis_ref: Some(
            ResultBasisRef {
                ref_type: "load_case",
                ref_id: "load:L-GAP",
            },
        ),
        source_result_refs: [],
        metadata: Some(
            ResultMetadata {
                component: "bending_moment_z",
                coordinate_system: "element_local",
                location: "end_j",
                basis: "recovered_from_local_element_stiffness",
                sign_convention: "positive value follows the element-local DOF at the j-end force vector",
            },
        ),
    },
    ResultItem {
        id: "result:force:pipe-P-100:quarter-1:axial",
        kind: "element_local_axial_force",
        value: 100000.0,
        unit: "N",
        entity_ref: "pipe:P-100",
        basis_ref: Some(
            ResultBasisRef {
                ref_type: "load_case",
                ref_id: "load:L-GAP",
            },
        ),
        source_result_refs: [],
        metadata: Some(
            ResultMetadata {
                component: "axial_force",
                coordinate_system: "element_local",
                location: "quarter_1",
                basis: "recovered_from_local_element_stiffness",
                sign_convention: "positive value follows the j-side section action in the element-local frame (x toward end j); section equilibrium from stiffness-recovered end actions with consistent distributed-load fixed-end correction",
            },
        ),
    },
    ResultItem {
        id: "result:force:pipe-P-100:quarter-1:shear-y",
        kind: "element_local_shear_force_y",
        value: -0.0,
        unit: "N",
        entity_ref: "pipe:P-100",
        basis_ref: Some(
            ResultBasisRef {
                ref_type: "load_case",
                ref_id: "load:L-GAP",
            },
        ),
        source_result_refs: [],
        metadata: Some(
            ResultMetadata {
                component: "shear_force_y",
                coordinate_system: "element_local",
                location: "quarter_1",
                basis: "recovered_from_local_element_stiffness",
                sign_convention: "positive value follows the j-side section action in the element-local frame (x toward end j); section equilibrium from stiffness-recovered end actions with consistent distributed-load fixed-end correction",
            },
        ),
    },
    ResultItem {
        id: "result:force:pipe-P-100:quarter-1:shear-z",
        kind: "element_local_shear_force_z",
        value: -0.0,
        unit: "N",
        entity_ref: "pipe:P-100",
        basis_ref: Some(
            ResultBasisRef {
                ref_type: "load_case",
                ref_id: "load:L-GAP",
            },
        ),
        source_result_refs: [],
        metadata: Some(
            ResultMetadata {
                component: "shear_force_z",
                coordinate_system: "element_local",
                location: "quarter_1",
                basis: "recovered_from_local_element_stiffness",
                sign_convention: "positive value follows the j-side section action in the element-local frame (x toward end j); section equilibrium from stiffness-recovered end actions with consistent distributed-load fixed-end correction",
            },
        ),
    },
    ResultItem {
        id: "result:moment:pipe-P-100:quarter-1:torsion",
        kind: "element_local_torsional_moment",
        value: -0.0,
        unit: "N*m",
        entity_ref: "pipe:P-100",
        basis_ref: Some(
            ResultBasisRef {
                ref_type: "load_case",
                ref_id: "load:L-GAP",
            },
        ),
        source_result_refs: [],
        metadata: Some(
            ResultMetadata {
                component: "torsional_moment",
                coordinate_system: "element_local",
                location: "quarter_1",
                basis: "recovered_from_local_element_stiffness",
                sign_convention: "positive value follows the j-side section action in the element-local frame (x toward end j); section equilibrium from stiffness-recovered end actions with consistent distributed-load fixed-end correction",
            },
        ),
    },
    ResultItem {
        id: "result:moment:pipe-P-100:quarter-1:bending-y",
        kind: "element_local_bending_moment_y",
        value: -0.0,
        unit: "N*m",
        entity_ref: "pipe:P-100",
        basis_ref: Some(
            ResultBasisRef {
                ref_type: "load_case",
                ref_id: "load:L-GAP",
            },
        ),
        source_result_refs: [],
        metadata: Some(
            ResultMetadata {
                component: "bending_moment_y",
                coordinate_system: "element_local",
                location: "quarter_1",
                basis: "recovered_from_local_element_stiffness",
                sign_convention: "positive value follows the j-side section action in the element-local frame (x toward end j); section equilibrium from stiffness-recovered end actions with consistent distributed-load fixed-end correction",
            },
        ),
    },
    ResultItem {
        id: "result:moment:pipe-P-100:quarter-1:bending-z",
        kind: "element_local_bending_moment_z",
        value: -0.0,
        unit: "N*m",
        entity_ref: "pipe:P-100",
        basis_ref: Some(
            ResultBasisRef {
                ref_type: "load_case",
                ref_id: "load:L-GAP",
            },
        ),
        source_result_refs: [],
        metadata: Some(
            ResultMetadata {
                component: "bending_moment_z",
                coordinate_system: "element_local",
                location: "quarter_1",
                basis: "recovered_from_local_element_stiffness",
                sign_convention: "positive value follows the j-side section action in the element-local frame (x toward end j); section equilibrium from stiffness-recovered end actions with consistent distributed-load fixed-end correction",
            },
        ),
    },
    ResultItem {
        id: "result:force:pipe-P-100:midspan:axial",
        kind: "element_local_axial_force",
        value: 100000.0,
        unit: "N",
        entity_ref: "pipe:P-100",
        basis_ref: Some(
            ResultBasisRef {
                ref_type: "load_case",
                ref_id: "load:L-GAP",
            },
        ),
        source_result_refs: [],
        metadata: Some(
            ResultMetadata {
                component: "axial_force",
                coordinate_system: "element_local",
                location: "midspan",
                basis: "recovered_from_local_element_stiffness",
                sign_convention: "positive value follows the j-side section action in the element-local frame (x toward end j); section equilibrium from stiffness-recovered end actions with consistent distributed-load fixed-end correction",
            },
        ),
    },
    ResultItem {
        id: "result:force:pipe-P-100:midspan:shear-y",
        kind: "element_local_shear_force_y",
        value: -0.0,
        unit: "N",
        entity_ref: "pipe:P-100",
        basis_ref: Some(
            ResultBasisRef {
                ref_type: "load_case",
                ref_id: "load:L-GAP",
            },
        ),
        source_result_refs: [],
        metadata: Some(
            ResultMetadata {
                component: "shear_force_y",
                coordinate_system: "element_local",
                location: "midspan",
                basis: "recovered_from_local_element_stiffness",
                sign_convention: "positive value follows the j-side section action in the element-local frame (x toward end j); section equilibrium from stiffness-recovered end actions with consistent distributed-load fixed-end correction",
            },
        ),
    },
    ResultItem {
        id: "result:force:pipe-P-100:midspan:shear-z",
        kind: "element_local_shear_force_z",
        value: -0.0,
        unit: "N",
        entity_ref: "pipe:P-100",
        basis_ref: Some(
            ResultBasisRef {
                ref_type: "load_case",
                ref_id: "load:L-GAP",
            },
        ),
        source_result_refs: [],
        metadata: Some(
            ResultMetadata {
                component: "shear_force_z",
                coordinate_system: "element_local",
                location: "midspan",
                basis: "recovered_from_local_element_stiffness",
                sign_convention: "positive value follows the j-side section action in the element-local frame (x toward end j); section equilibrium from stiffness-recovered end actions with consistent distributed-load fixed-end correction",
            },
        ),
    },
    ResultItem {
        id: "result:moment:pipe-P-100:midspan:torsion",
        kind: "element_local_torsional_moment",
        value: -0.0,
        unit: "N*m",
        entity_ref: "pipe:P-100",
        basis_ref: Some(
            ResultBasisRef {
                ref_type: "load_case",
                ref_id: "load:L-GAP",
            },
        ),
        source_result_refs: [],
        metadata: Some(
            ResultMetadata {
                component: "torsional_moment",
                coordinate_system: "element_local",
                location: "midspan",
                basis: "recovered_from_local_element_stiffness",
                sign_convention: "positive value follows the j-side section action in the element-local frame (x toward end j); section equilibrium from stiffness-recovered end actions with consistent distributed-load fixed-end correction",
            },
        ),
    },
    ResultItem {
        id: "result:moment:pipe-P-100:midspan:bending-y",
        kind: "element_local_bending_moment_y",
        value: -0.0,
        unit: "N*m",
        entity_ref: "pipe:P-100",
        basis_ref: Some(
            ResultBasisRef {
                ref_type: "load_case",
                ref_id: "load:L-GAP",
            },
        ),
        source_result_refs: [],
        metadata: Some(
            ResultMetadata {
                component: "bending_moment_y",
                coordinate_system: "element_local",
                location: "midspan",
                basis: "recovered_from_local_element_stiffness",
                sign_convention: "positive value follows the j-side section action in the element-local frame (x toward end j); section equilibrium from stiffness-recovered end actions with consistent distributed-load fixed-end correction",
            },
        ),
    },
    ResultItem {
        id: "result:moment:pipe-P-100:midspan:bending-z",
        kind: "element_local_bending_moment_z",
        value: -0.0,
        unit: "N*m",
        entity_ref: "pipe:P-100",
        basis_ref: Some(
            ResultBasisRef {
                ref_type: "load_case",
                ref_id: "load:L-GAP",
            },
        ),
        source_result_refs: [],
        metadata: Some(
            ResultMetadata {
                component: "bending_moment_z",
                coordinate_system: "element_local",
                location: "midspan",
                basis: "recovered_from_local_element_stiffness",
                sign_convention: "positive value follows the j-side section action in the element-local frame (x toward end j); section equilibrium from stiffness-recovered end actions with consistent distributed-load fixed-end correction",
            },
        ),
    },
    ResultItem {
        id: "result:force:pipe-P-100:quarter-3:axial",
        kind: "element_local_axial_force",
        value: 100000.0,
        unit: "N",
        entity_ref: "pipe:P-100",
        basis_ref: Some(
            ResultBasisRef {
                ref_type: "load_case",
                ref_id: "load:L-GAP",
            },
        ),
        source_result_refs: [],
        metadata: Some(
            ResultMetadata {
                component: "axial_force",
                coordinate_system: "element_local",
                location: "quarter_3",
                basis: "recovered_from_local_element_stiffness",
                sign_convention: "positive value follows the j-side section action in the element-local frame (x toward end j); section equilibrium from stiffness-recovered end actions with consistent distributed-load fixed-end correction",
            },
        ),
    },
    ResultItem {
        id: "result:force:pipe-P-100:quarter-3:shear-y",
        kind: "element_local_shear_force_y",
        value: -0.0,
        unit: "N",
        entity_ref: "pipe:P-100",
        basis_ref: Some(
            ResultBasisRef {
                ref_type: "load_case",
                ref_id: "load:L-GAP",
            },
        ),
        source_result_refs: [],
        metadata: Some(
            ResultMetadata {
                component: "shear_force_y",
                coordinate_system: "element_local",
                location: "quarter_3",
                basis: "recovered_from_local_element_stiffness",
                sign_convention: "positive value follows the j-side section action in the element-local frame (x toward end j); section equilibrium from stiffness-recovered end actions with consistent distributed-load fixed-end correction",
            },
        ),
    },
    ResultItem {
        id: "result:force:pipe-P-100:quarter-3:shear-z",
        kind: "element_local_shear_force_z",
        value: -0.0,
        unit: "N",
        entity_ref: "pipe:P-100",
        basis_ref: Some(
            ResultBasisRef {
                ref_type: "load_case",
                ref_id: "load:L-GAP",
            },
        ),
        source_result_refs: [],
        metadata: Some(
            ResultMetadata {
                component: "shear_force_z",
                coordinate_system: "element_local",
                location: "quarter_3",
                basis: "recovered_from_local_element_stiffness",
                sign_convention: "positive value follows the j-side section action in the element-local frame (x toward end j); section equilibrium from stiffness-recovered end actions with consistent distributed-load fixed-end correction",
            },
        ),
    },
    ResultItem {
        id: "result:moment:pipe-P-100:quarter-3:torsion",
        kind: "element_local_torsional_moment",
        value: -0.0,
        unit: "N*m",
        entity_ref: "pipe:P-100",
        basis_ref: Some(
            ResultBasisRef {
                ref_type: "load_case",
                ref_id: "load:L-GAP",
            },
        ),
        source_result_refs: [],
        metadata: Some(
            ResultMetadata {
                component: "torsional_moment",
                coordinate_system: "element_local",
                location: "quarter_3",
                basis: "recovered_from_local_element_stiffness",
                sign_convention: "positive value follows the j-side section action in the element-local frame (x toward end j); section equilibrium from stiffness-recovered end actions with consistent distributed-load fixed-end correction",
            },
        ),
    },
    ResultItem {
        id: "result:moment:pipe-P-100:quarter-3:bending-y",
        kind: "element_local_bending_moment_y",
        value: -0.0,
        unit: "N*m",
        entity_ref: "pipe:P-100",
        basis_ref: Some(
            ResultBasisRef {
                ref_type: "load_case",
                ref_id: "load:L-GAP",
            },
        ),
        source_result_refs: [],
        metadata: Some(
            ResultMetadata {
                component: "bending_moment_y",
                coordinate_system: "element_local",
                location: "quarter_3",
                basis: "recovered_from_local_element_stiffness",
                sign_convention: "positive value follows the j-side section action in the element-local frame (x toward end j); section equilibrium from stiffness-recovered end actions with consistent distributed-load fixed-end correction",
            },
        ),
    },
    ResultItem {
        id: "result:moment:pipe-P-100:quarter-3:bending-z",
        kind: "element_local_bending_moment_z",
        value: -0.0,
        unit: "N*m",
        entity_ref: "pipe:P-100",
        basis_ref: Some(
            ResultBasisRef {
                ref_type: "load_case",
                ref_id: "load:L-GAP",
            },
        ),
        source_result_refs: [],
        metadata: Some(
            ResultMetadata {
                component: "bending_moment_z",
                coordinate_system: "element_local",
                location: "quarter_3",
                basis: "recovered_from_local_element_stiffness",
                sign_convention: "positive value follows the j-side section action in the element-local frame (x toward end j); section equilibrium from stiffness-recovered end actions with consistent distributed-load fixed-end correction",
            },
        ),
    },
    ResultItem {
        id: "result:stress:pipe-P-100:end-i:axial-normal",
        kind: "element_local_axial_normal_stress",
        value: 28.244000548694814,
        unit: "MPa",
        entity_ref: "pipe:P-100",
        basis_ref: Some(
            ResultBasisRef {
                ref_type: "load_case",
                ref_id: "load:L-GAP",
            },
        ),
        source_result_refs: [],
        metadata: Some(
            ResultMetadata {
                component: "axial_normal_stress",
                coordinate_system: "element_local",
                location: "end_i",
                basis: "recovered_from_local_element_stiffness",
                sign_convention: "positive value follows the j-side section action in the element-local frame (local x toward end j); resultants come from section equilibrium over assembled end actions",
            },
        ),
    },
    ResultItem {
        id: "result:stress:pipe-P-100:end-i:bending-normal-y",
        kind: "element_local_bending_normal_stress_y",
        value: -0.0,
        unit: "MPa",
        entity_ref: "pipe:P-100",
        basis_ref: Some(
            ResultBasisRef {
                ref_type: "load_case",
                ref_id: "load:L-GAP",
            },
        ),
        source_result_refs: [],
        metadata: Some(
            ResultMetadata {
                component: "bending_normal_stress_y",
                coordinate_system: "element_local",
                location: "end_i",
                basis: "recovered_from_local_element_stiffness",
                sign_convention: "positive value follows the j-side section action in the element-local frame (local x toward end j); resultants come from section equilibrium over assembled end actions",
            },
        ),
    },
    ResultItem {
        id: "result:stress:pipe-P-100:end-i:bending-normal-z",
        kind: "element_local_bending_normal_stress_z",
        value: -0.0,
        unit: "MPa",
        entity_ref: "pipe:P-100",
        basis_ref: Some(
            ResultBasisRef {
                ref_type: "load_case",
                ref_id: "load:L-GAP",
            },
        ),
        source_result_refs: [],
        metadata: Some(
            ResultMetadata {
                component: "bending_normal_stress_z",
                coordinate_system: "element_local",
                location: "end_i",
                basis: "recovered_from_local_element_stiffness",
                sign_convention: "positive value follows the j-side section action in the element-local frame (local x toward end j); resultants come from section equilibrium over assembled end actions",
            },
        ),
    },
    ResultItem {
        id: "result:stress:pipe-P-100:end-i:torsional-shear",
        kind: "element_local_torsional_shear_stress",
        value: -0.0,
        unit: "MPa",
        entity_ref: "pipe:P-100",
        basis_ref: Some(
            ResultBasisRef {
                ref_type: "load_case",
                ref_id: "load:L-GAP",
            },
        ),
        source_result_refs: [],
        metadata: Some(
            ResultMetadata {
                component: "torsional_shear_stress",
                coordinate_system: "element_local",
                location: "end_i",
                basis: "recovered_from_local_element_stiffness",
                sign_convention: "positive value follows the j-side section action in the element-local frame (local x toward end j); resultants come from section equilibrium over assembled end actions",
            },
        ),
    },
    ResultItem {
        id: "result:stress:pipe-P-100:end-j:axial-normal",
        kind: "element_local_axial_normal_stress",
        value: 28.244000548694814,
        unit: "MPa",
        entity_ref: "pipe:P-100",
        basis_ref: Some(
            ResultBasisRef {
                ref_type: "load_case",
                ref_id: "load:L-GAP",
            },
        ),
        source_result_refs: [],
        metadata: Some(
            ResultMetadata {
                component: "axial_normal_stress",
                coordinate_system: "element_local",
                location: "end_j",
                basis: "recovered_from_local_element_stiffness",
                sign_convention: "positive value follows the j-side section action in the element-local frame (local x toward end j); resultants come from section equilibrium over assembled end actions",
            },
        ),
    },
    ResultItem {
        id: "result:stress:pipe-P-100:end-j:bending-normal-y",
        kind: "element_local_bending_normal_stress_y",
        value: -0.0,
        unit: "MPa",
        entity_ref: "pipe:P-100",
        basis_ref: Some(
            ResultBasisRef {
                ref_type: "load_case",
                ref_id: "load:L-GAP",
            },
        ),
        source_result_refs: [],
        metadata: Some(
            ResultMetadata {
                component: "bending_normal_stress_y",
                coordinate_system: "element_local",
                location: "end_j",
                basis: "recovered_from_local_element_stiffness",
                sign_convention: "positive value follows the j-side section action in the element-local frame (local x toward end j); resultants come from section equilibrium over assembled end actions",
            },
        ),
    },
    ResultItem {
        id: "result:stress:pipe-P-100:end-j:bending-normal-z",
        kind: "element_local_bending_normal_stress_z",
        value: -0.0,
        unit: "MPa",
        entity_ref: "pipe:P-100",
        basis_ref: Some(
            ResultBasisRef {
                ref_type: "load_case",
                ref_id: "load:L-GAP",
            },
        ),
        source_result_refs: [],
        metadata: Some(
            ResultMetadata {
                component: "bending_normal_stress_z",
                coordinate_system: "element_local",
                location: "end_j",
                basis: "recovered_from_local_element_stiffness",
                sign_convention: "positive value follows the j-side section action in the element-local frame (local x toward end j); resultants come from section equilibrium over assembled end actions",
            },
        ),
    },
    ResultItem {
        id: "result:stress:pipe-P-100:end-j:torsional-shear",
        kind: "element_local_torsional_shear_stress",
        value: -0.0,
        unit: "MPa",
        entity_ref: "pipe:P-100",
        basis_ref: Some(
            ResultBasisRef {
                ref_type: "load_case",
                ref_id: "load:L-GAP",
            },
        ),
        source_result_refs: [],
        metadata: Some(
            ResultMetadata {
                component: "torsional_shear_stress",
                coordinate_system: "element_local",
                location: "end_j",
                basis: "recovered_from_local_element_stiffness",
                sign_convention: "positive value follows the j-side section action in the element-local frame (local x toward end j); resultants come from section equilibrium over assembled end actions",
            },
        ),
    },
    ResultItem {
        id: "result:stress:pipe-P-100:quarter-1:axial-normal",
        kind: "element_local_axial_normal_stress",
        value: 28.244000548694814,
        unit: "MPa",
        entity_ref: "pipe:P-100",
        basis_ref: Some(
            ResultBasisRef {
                ref_type: "load_case",
                ref_id: "load:L-GAP",
            },
        ),
        source_result_refs: [],
        metadata: Some(
            ResultMetadata {
                component: "axial_normal_stress",
                coordinate_system: "element_local",
                location: "quarter_1",
                basis: "recovered_from_open_mechanics_stress_components",
                sign_convention: "positive normal stress follows the section-equilibrium element-local axial resultant at this station; j-side section action in the element-local frame (x toward end j); section equilibrium from stiffness-recovered end actions with consistent distributed-load fixed-end correction",
            },
        ),
    },
    ResultItem {
        id: "result:stress:pipe-P-100:quarter-1:bending-normal-y",
        kind: "element_local_bending_normal_stress_y",
        value: -0.0,
        unit: "MPa",
        entity_ref: "pipe:P-100",
        basis_ref: Some(
            ResultBasisRef {
                ref_type: "load_case",
                ref_id: "load:L-GAP",
            },
        ),
        source_result_refs: [],
        metadata: Some(
            ResultMetadata {
                component: "bending_normal_stress_y",
                coordinate_system: "element_local",
                location: "quarter_1",
                basis: "recovered_from_open_mechanics_stress_components",
                sign_convention: "positive bending normal stress follows the section-equilibrium element-local y bending resultant at this station; j-side section action in the element-local frame (x toward end j); section equilibrium from stiffness-recovered end actions with consistent distributed-load fixed-end correction",
            },
        ),
    },
    ResultItem {
        id: "result:stress:pipe-P-100:quarter-1:bending-normal-z",
        kind: "element_local_bending_normal_stress_z",
        value: -0.0,
        unit: "MPa",
        entity_ref: "pipe:P-100",
        basis_ref: Some(
            ResultBasisRef {
                ref_type: "load_case",
                ref_id: "load:L-GAP",
            },
        ),
        source_result_refs: [],
        metadata: Some(
            ResultMetadata {
                component: "bending_normal_stress_z",
                coordinate_system: "element_local",
                location: "quarter_1",
                basis: "recovered_from_open_mechanics_stress_components",
                sign_convention: "positive bending normal stress follows the section-equilibrium element-local z bending resultant at this station; j-side section action in the element-local frame (x toward end j); section equilibrium from stiffness-recovered end actions with consistent distributed-load fixed-end correction",
            },
        ),
    },
    ResultItem {
        id: "result:stress:pipe-P-100:quarter-1:torsional-shear",
        kind: "element_local_torsional_shear_stress",
        value: -0.0,
        unit: "MPa",
        entity_ref: "pipe:P-100",
        basis_ref: Some(
            ResultBasisRef {
                ref_type: "load_case",
                ref_id: "load:L-GAP",
            },
        ),
        source_result_refs: [],
        metadata: Some(
            ResultMetadata {
                component: "torsional_shear_stress",
                coordinate_system: "element_local",
                location: "quarter_1",
                basis: "recovered_from_open_mechanics_stress_components",
                sign_convention: "positive torsional shear stress follows the section-equilibrium element-local torsional resultant at this station; j-side section action in the element-local frame (x toward end j); section equilibrium from stiffness-recovered end actions with consistent distributed-load fixed-end correction",
            },
        ),
    },
    ResultItem {
        id: "result:stress:pipe-P-100:midspan:axial-normal",
        kind: "element_local_axial_normal_stress",
        value: 28.244000548694814,
        unit: "MPa",
        entity_ref: "pipe:P-100",
        basis_ref: Some(
            ResultBasisRef {
                ref_type: "load_case",
                ref_id: "load:L-GAP",
            },
        ),
        source_result_refs: [],
        metadata: Some(
            ResultMetadata {
                component: "axial_normal_stress",
                coordinate_system: "element_local",
                location: "midspan",
                basis: "recovered_from_open_mechanics_stress_components",
                sign_convention: "positive normal stress follows the section-equilibrium element-local axial resultant at this station; j-side section action in the element-local frame (x toward end j); section equilibrium from stiffness-recovered end actions with consistent distributed-load fixed-end correction",
            },
        ),
    },
    ResultItem {
        id: "result:stress:pipe-P-100:midspan:bending-normal-y",
        kind: "element_local_bending_normal_stress_y",
        value: -0.0,
        unit: "MPa",
        entity_ref: "pipe:P-100",
        basis_ref: Some(
            ResultBasisRef {
                ref_type: "load_case",
                ref_id: "load:L-GAP",
            },
        ),
        source_result_refs: [],
        metadata: Some(
            ResultMetadata {
                component: "bending_normal_stress_y",
                coordinate_system: "element_local",
                location: "midspan",
                basis: "recovered_from_open_mechanics_stress_components",
                sign_convention: "positive bending normal stress follows the section-equilibrium element-local y bending resultant at this station; j-side section action in the element-local frame (x toward end j); section equilibrium from stiffness-recovered end actions with consistent distributed-load fixed-end correction",
            },
        ),
    },
    ResultItem {
        id: "result:stress:pipe-P-100:midspan:bending-normal-z",
        kind: "element_local_bending_normal_stress_z",
        value: -0.0,
        unit: "MPa",
        entity_ref: "pipe:P-100",
        basis_ref: Some(
            ResultBasisRef {
                ref_type: "load_case",
                ref_id: "load:L-GAP",
            },
        ),
        source_result_refs: [],
        metadata: Some(
            ResultMetadata {
                component: "bending_normal_stress_z",
                coordinate_system: "element_local",
                location: "midspan",
                basis: "recovered_from_open_mechanics_stress_components",
                sign_convention: "positive bending normal stress follows the section-equilibrium element-local z bending resultant at this station; j-side section action in the element-local frame (x toward end j); section equilibrium from stiffness-recovered end actions with consistent distributed-load fixed-end correction",
            },
        ),
    },
    ResultItem {
        id: "result:stress:pipe-P-100:midspan:torsional-shear",
        kind: "element_local_torsional_shear_stress",
        value: -0.0,
        unit: "MPa",
        entity_ref: "pipe:P-100",
        basis_ref: Some(
            ResultBasisRef {
                ref_type: "load_case",
                ref_id: "load:L-GAP",
            },
        ),
        source_result_refs: [],
        metadata: Some(
            ResultMetadata {
                component: "torsional_shear_stress",
                coordinate_system: "element_local",
                location: "midspan",
                basis: "recovered_from_open_mechanics_stress_components",
                sign_convention: "positive torsional shear stress follows the section-equilibrium element-local torsional resultant at this station; j-side section action in the element-local frame (x toward end j); section equilibrium from stiffness-recovered end actions with consistent distributed-load fixed-end correction",
            },
        ),
    },
    ResultItem {
        id: "result:stress:pipe-P-100:quarter-3:axial-normal",
        kind: "element_local_axial_normal_stress",
        value: 28.244000548694814,
        unit: "MPa",
        entity_ref: "pipe:P-100",
        basis_ref: Some(
            ResultBasisRef {
                ref_type: "load_case",
                ref_id: "load:L-GAP",
            },
        ),
        source_result_refs: [],
        metadata: Some(
            ResultMetadata {
                component: "axial_normal_stress",
                coordinate_system: "element_local",
                location: "quarter_3",
                basis: "recovered_from_open_mechanics_stress_components",
                sign_convention: "positive normal stress follows the section-equilibrium element-local axial resultant at this station; j-side section action in the element-local frame (x toward end j); section equilibrium from stiffness-recovered end actions with consistent distributed-load fixed-end correction",
            },
        ),
    },
    ResultItem {
        id: "result:stress:pipe-P-100:quarter-3:bending-normal-y",
        kind: "element_local_bending_normal_stress_y",
        value: -0.0,
        unit: "MPa",
        entity_ref: "pipe:P-100",
        basis_ref: Some(
            ResultBasisRef {
                ref_type: "load_case",
                ref_id: "load:L-GAP",
            },
        ),
        source_result_refs: [],
        metadata: Some(
            ResultMetadata {
                component: "bending_normal_stress_y",
                coordinate_system: "element_local",
                location: "quarter_3",
                basis: "recovered_from_open_mechanics_stress_components",
                sign_convention: "positive bending normal stress follows the section-equilibrium element-local y bending resultant at this station; j-side section action in the element-local frame (x toward end j); section equilibrium from stiffness-recovered end actions with consistent distributed-load fixed-end correction",
            },
        ),
    },
    ResultItem {
        id: "result:stress:pipe-P-100:quarter-3:bending-normal-z",
        kind: "element_local_bending_normal_stress_z",
        value: -0.0,
        unit: "MPa",
        entity_ref: "pipe:P-100",
        basis_ref: Some(
            ResultBasisRef {
                ref_type: "load_case",
                ref_id: "load:L-GAP",
            },
        ),
        source_result_refs: [],
        metadata: Some(
            ResultMetadata {
                component: "bending_normal_stress_z",
                coordinate_system: "element_local",
                location: "quarter_3",
                basis: "recovered_from_open_mechanics_stress_components",
                sign_convention: "positive bending normal stress follows the section-equilibrium element-local z bending resultant at this station; j-side section action in the element-local frame (x toward end j); section equilibrium from stiffness-recovered end actions with consistent distributed-load fixed-end correction",
            },
        ),
    },
    ResultItem {
        id: "result:stress:pipe-P-100:quarter-3:torsional-shear",
        kind: "element_local_torsional_shear_stress",
        value: -0.0,
        unit: "MPa",
        entity_ref: "pipe:P-100",
        basis_ref: Some(
            ResultBasisRef {
                ref_type: "load_case",
                ref_id: "load:L-GAP",
            },
        ),
        source_result_refs: [],
        metadata: Some(
            ResultMetadata {
                component: "torsional_shear_stress",
                coordinate_system: "element_local",
                location: "quarter_3",
                basis: "recovered_from_open_mechanics_stress_components",
                sign_convention: "positive torsional shear stress follows the section-equilibrium element-local torsional resultant at this station; j-side section action in the element-local frame (x toward end j); section equilibrium from stiffness-recovered end actions with consistent distributed-load fixed-end correction",
            },
        ),
    },
    ResultItem {
        id: "result:stress:pipe-P-100",
        kind: "open_formula_stress_summary",
        value: 28.244000548694814,
        unit: "MPa",
        entity_ref: "pipe:P-100",
        basis_ref: Some(
            ResultBasisRef {
                ref_type: "load_case",
                ref_id: "load:L-GAP",
            },
        ),
        source_result_refs: [],
        metadata: None,
    },
    ResultItem {
        id: "result:combination:combination-C-GAP:disp:node-N-100",
        kind: "displacement_magnitude",
        value: 0.05,
        unit: "mm",
        entity_ref: "node:N-100",
        basis_ref: Some(
            ResultBasisRef {
                ref_type: "combination",
                ref_id: "combination:C-GAP",
            },
        ),
        source_result_refs: [
            "result:combination:combination-C-GAP:disp:node-N-100:ux",
            "result:combination:combination-C-GAP:disp:node-N-100:uy",
            "result:combination:combination-C-GAP:disp:node-N-100:uz",
        ],
        metadata: None,
    },
    ResultItem {
        id: "result:combination:combination-C-GAP:disp:node-N-100:rx",
        kind: "global_nodal_rotation_x",
        value: 0.0,
        unit: "rad",
        entity_ref: "node:N-100",
        basis_ref: Some(
            ResultBasisRef {
                ref_type: "combination",
                ref_id: "combination:C-GAP",
            },
        ),
        source_result_refs: [
            "result:disp:node-N-100:rx",
        ],
        metadata: Some(
            ResultMetadata {
                component: "nodal_rotation_x",
                coordinate_system: "global",
                location: "node",
                basis: "explicit_user_linear_combination",
                sign_convention: "positive value follows explicit user linear combination of matching source result sign conventions",
            },
        ),
    },
    ResultItem {
        id: "result:combination:combination-C-GAP:disp:node-N-100:ry",
        kind: "global_nodal_rotation_y",
        value: 0.0,
        unit: "rad",
        entity_ref: "node:N-100",
        basis_ref: Some(
            ResultBasisRef {
                ref_type: "combination",
                ref_id: "combination:C-GAP",
            },
        ),
        source_result_refs: [
            "result:disp:node-N-100:ry",
        ],
        metadata: Some(
            ResultMetadata {
                component: "nodal_rotation_y",
                coordinate_system: "global",
                location: "node",
                basis: "explicit_user_linear_combination",
                sign_convention: "positive value follows explicit user linear combination of matching source result sign conventions",
            },
        ),
    },
    ResultItem {
        id: "result:combination:combination-C-GAP:disp:node-N-100:rz",
        kind: "global_nodal_rotation_z",
        value: 0.0,
        unit: "rad",
        entity_ref: "node:N-100",
        basis_ref: Some(
            ResultBasisRef {
                ref_type: "combination",
                ref_id: "combination:C-GAP",
            },
        ),
        source_result_refs: [
            "result:disp:node-N-100:rz",
        ],
        metadata: Some(
            ResultMetadata {
                component: "nodal_rotation_z",
                coordinate_system: "global",
                location: "node",
                basis: "explicit_user_linear_combination",
                sign_convention: "positive value follows explicit user linear combination of matching source result sign conventions",
            },
        ),
    },
    ResultItem {
        id: "result:combination:combination-C-GAP:disp:node-N-100:ux",
        kind: "global_nodal_displacement_x",
        value: 0.05,
        unit: "mm",
        entity_ref: "node:N-100",
        basis_ref: Some(
            ResultBasisRef {
                ref_type: "combination",
                ref_id: "combination:C-GAP",
            },
        ),
        source_result_refs: [
            "result:disp:node-N-100:ux",
        ],
        metadata: Some(
            ResultMetadata {
                component: "nodal_displacement_x",
                coordinate_system: "global",
                location: "node",
                basis: "explicit_user_linear_combination",
                sign_convention: "positive value follows explicit user linear combination of matching source result sign conventions",
            },
        ),
    },
    ResultItem {
        id: "result:combination:combination-C-GAP:disp:node-N-100:uy",
        kind: "global_nodal_displacement_y",
        value: 0.0,
        unit: "mm",
        entity_ref: "node:N-100",
        basis_ref: Some(
            ResultBasisRef {
                ref_type: "combination",
                ref_id: "combination:C-GAP",
            },
        ),
        source_result_refs: [
            "result:disp:node-N-100:uy",
        ],
        metadata: Some(
            ResultMetadata {
                component: "nodal_displacement_y",
                coordinate_system: "global",
                location: "node",
                basis: "explicit_user_linear_combination",
                sign_convention: "positive value follows explicit user linear combination of matching source result sign conventions",
            },
        ),
    },
    ResultItem {
        id: "result:combination:combination-C-GAP:disp:node-N-100:uz",
        kind: "global_nodal_displacement_z",
        value: 0.0,
        unit: "mm",
        entity_ref: "node:N-100",
        basis_ref: Some(
            ResultBasisRef {
                ref_type: "combination",
                ref_id: "combination:C-GAP",
            },
        ),
        source_result_refs: [
            "result:disp:node-N-100:uz",
        ],
        metadata: Some(
            ResultMetadata {
                component: "nodal_displacement_z",
                coordinate_system: "global",
                location: "node",
                basis: "explicit_user_linear_combination",
                sign_convention: "positive value follows explicit user linear combination of matching source result sign conventions",
            },
        ),
    },
    ResultItem {
        id: "result:combination:combination-C-GAP:disp:node-N-110",
        kind: "displacement_magnitude",
        value: 0.19122000274347406,
        unit: "mm",
        entity_ref: "node:N-110",
        basis_ref: Some(
            ResultBasisRef {
                ref_type: "combination",
                ref_id: "combination:C-GAP",
            },
        ),
        source_result_refs: [
            "result:combination:combination-C-GAP:disp:node-N-110:ux",
            "result:combination:combination-C-GAP:disp:node-N-110:uy",
            "result:combination:combination-C-GAP:disp:node-N-110:uz",
        ],
        metadata: None,
    },
    ResultItem {
        id: "result:combination:combination-C-GAP:disp:node-N-110:rx",
        kind: "global_nodal_rotation_x",
        value: 0.0,
        unit: "rad",
        entity_ref: "node:N-110",
        basis_ref: Some(
            ResultBasisRef {
                ref_type: "combination",
                ref_id: "combination:C-GAP",
            },
        ),
        source_result_refs: [
            "result:disp:node-N-110:rx",
        ],
        metadata: Some(
            ResultMetadata {
                component: "nodal_rotation_x",
                coordinate_system: "global",
                location: "node",
                basis: "explicit_user_linear_combination",
                sign_convention: "positive value follows explicit user linear combination of matching source result sign conventions",
            },
        ),
    },
    ResultItem {
        id: "result:combination:combination-C-GAP:disp:node-N-110:ry",
        kind: "global_nodal_rotation_y",
        value: 0.0,
        unit: "rad",
        entity_ref: "node:N-110",
        basis_ref: Some(
            ResultBasisRef {
                ref_type: "combination",
                ref_id: "combination:C-GAP",
            },
        ),
        source_result_refs: [
            "result:disp:node-N-110:ry",
        ],
        metadata: Some(
            ResultMetadata {
                component: "nodal_rotation_y",
                coordinate_system: "global",
                location: "node",
                basis: "explicit_user_linear_combination",
                sign_convention: "positive value follows explicit user linear combination of matching source result sign conventions",
            },
        ),
    },
    ResultItem {
        id: "result:combination:combination-C-GAP:disp:node-N-110:rz",
        kind: "global_nodal_rotation_z",
        value: 0.0,
        unit: "rad",
        entity_ref: "node:N-110",
        basis_ref: Some(
            ResultBasisRef {
                ref_type: "combination",
                ref_id: "combination:C-GAP",
            },
        ),
        source_result_refs: [
            "result:disp:node-N-110:rz",
        ],
        metadata: Some(
            ResultMetadata {
                component: "nodal_rotation_z",
                coordinate_system: "global",
                location: "node",
                basis: "explicit_user_linear_combination",
                sign_convention: "positive value follows explicit user linear combination of matching source result sign conventions",
            },
        ),
    },
    ResultItem {
        id: "result:combination:combination-C-GAP:disp:node-N-110:ux",
        kind: "global_nodal_displacement_x",
        value: 0.19122000274347406,
        unit: "mm",
        entity_ref: "node:N-110",
        basis_ref: Some(
            ResultBasisRef {
                ref_type: "combination",
                ref_id: "combination:C-GAP",
            },
        ),
        source_result_refs: [
            "result:disp:node-N-110:ux",
        ],
        metadata: Some(
            ResultMetadata {
                component: "nodal_displacement_x",
                coordinate_system: "global",
                location: "node",
                basis: "explicit_user_linear_combination",
                sign_convention: "positive value follows explicit user linear combination of matching source result sign conventions",
            },
        ),
    },
    ResultItem {
        id: "result:combination:combination-C-GAP:disp:node-N-110:uy",
        kind: "global_nodal_displacement_y",
        value: 0.0,
        unit: "mm",
        entity_ref: "node:N-110",
        basis_ref: Some(
            ResultBasisRef {
                ref_type: "combination",
                ref_id: "combination:C-GAP",
            },
        ),
        source_result_refs: [
            "result:disp:node-N-110:uy",
        ],
        metadata: Some(
            ResultMetadata {
                component: "nodal_displacement_y",
                coordinate_system: "global",
                location: "node",
                basis: "explicit_user_linear_combination",
                sign_convention: "positive value follows explicit user linear combination of matching source result sign conventions",
            },
        ),
    },
    ResultItem {
        id: "result:combination:combination-C-GAP:disp:node-N-110:uz",
        kind: "global_nodal_displacement_z",
        value: 0.0,
        unit: "mm",
        entity_ref: "node:N-110",
        basis_ref: Some(
            ResultBasisRef {
                ref_type: "combination",
                ref_id: "combination:C-GAP",
            },
        ),
        source_result_refs: [
            "result:disp:node-N-110:uz",
        ],
        metadata: Some(
            ResultMetadata {
                component: "nodal_displacement_z",
                coordinate_system: "global",
                location: "node",
                basis: "explicit_user_linear_combination",
                sign_convention: "positive value follows explicit user linear combination of matching source result sign conventions",
            },
        ),
    },
    ResultItem {
        id: "result:combination:combination-C-GAP:force:pipe-P-100:axial",
        kind: "element_local_axial_force",
        value: -100000.0,
        unit: "N",
        entity_ref: "pipe:P-100",
        basis_ref: Some(
            ResultBasisRef {
                ref_type: "combination",
                ref_id: "combination:C-GAP",
            },
        ),
        source_result_refs: [
            "result:force:pipe-P-100:axial",
        ],
        metadata: Some(
            ResultMetadata {
                component: "axial_force",
                coordinate_system: "element_local",
                location: "end_i",
                basis: "explicit_user_linear_combination",
                sign_convention: "positive value follows explicit user linear combination of matching source result sign conventions",
            },
        ),
    },
    ResultItem {
        id: "result:combination:combination-C-GAP:force:pipe-P-100:axial:end-j",
        kind: "element_local_axial_force",
        value: 100000.0,
        unit: "N",
        entity_ref: "pipe:P-100",
        basis_ref: Some(
            ResultBasisRef {
                ref_type: "combination",
                ref_id: "combination:C-GAP",
            },
        ),
        source_result_refs: [
            "result:force:pipe-P-100:axial:end-j",
        ],
        metadata: Some(
            ResultMetadata {
                component: "axial_force",
                coordinate_system: "element_local",
                location: "end_j",
                basis: "explicit_user_linear_combination",
                sign_convention: "positive value follows explicit user linear combination of matching source result sign conventions",
            },
        ),
    },
    ResultItem {
        id: "result:combination:combination-C-GAP:force:pipe-P-100:midspan:axial",
        kind: "element_local_axial_force",
        value: 100000.0,
        unit: "N",
        entity_ref: "pipe:P-100",
        basis_ref: Some(
            ResultBasisRef {
                ref_type: "combination",
                ref_id: "combination:C-GAP",
            },
        ),
        source_result_refs: [
            "result:force:pipe-P-100:midspan:axial",
        ],
        metadata: Some(
            ResultMetadata {
                component: "axial_force",
                coordinate_system: "element_local",
                location: "midspan",
                basis: "explicit_user_linear_combination",
                sign_convention: "positive value follows explicit user linear combination of matching source result sign conventions",
            },
        ),
    },
    ResultItem {
        id: "result:combination:combination-C-GAP:force:pipe-P-100:midspan:shear-y",
        kind: "element_local_shear_force_y",
        value: 0.0,
        unit: "N",
        entity_ref: "pipe:P-100",
        basis_ref: Some(
            ResultBasisRef {
                ref_type: "combination",
                ref_id: "combination:C-GAP",
            },
        ),
        source_result_refs: [
            "result:force:pipe-P-100:midspan:shear-y",
        ],
        metadata: Some(
            ResultMetadata {
                component: "shear_force_y",
                coordinate_system: "element_local",
                location: "midspan",
                basis: "explicit_user_linear_combination",
                sign_convention: "positive value follows explicit user linear combination of matching source result sign conventions",
            },
        ),
    },
    ResultItem {
        id: "result:combination:combination-C-GAP:force:pipe-P-100:midspan:shear-z",
        kind: "element_local_shear_force_z",
        value: 0.0,
        unit: "N",
        entity_ref: "pipe:P-100",
        basis_ref: Some(
            ResultBasisRef {
                ref_type: "combination",
                ref_id: "combination:C-GAP",
            },
        ),
        source_result_refs: [
            "result:force:pipe-P-100:midspan:shear-z",
        ],
        metadata: Some(
            ResultMetadata {
                component: "shear_force_z",
                coordinate_system: "element_local",
                location: "midspan",
                basis: "explicit_user_linear_combination",
                sign_convention: "positive value follows explicit user linear combination of matching source result sign conventions",
            },
        ),
    },
    ResultItem {
        id: "result:combination:combination-C-GAP:force:pipe-P-100:quarter-1:axial",
        kind: "element_local_axial_force",
        value: 100000.0,
        unit: "N",
        entity_ref: "pipe:P-100",
        basis_ref: Some(
            ResultBasisRef {
                ref_type: "combination",
                ref_id: "combination:C-GAP",
            },
        ),
        source_result_refs: [
            "result:force:pipe-P-100:quarter-1:axial",
        ],
        metadata: Some(
            ResultMetadata {
                component: "axial_force",
                coordinate_system: "element_local",
                location: "quarter_1",
                basis: "explicit_user_linear_combination",
                sign_convention: "positive value follows explicit user linear combination of matching source result sign conventions",
            },
        ),
    },
    ResultItem {
        id: "result:combination:combination-C-GAP:force:pipe-P-100:quarter-1:shear-y",
        kind: "element_local_shear_force_y",
        value: 0.0,
        unit: "N",
        entity_ref: "pipe:P-100",
        basis_ref: Some(
            ResultBasisRef {
                ref_type: "combination",
                ref_id: "combination:C-GAP",
            },
        ),
        source_result_refs: [
            "result:force:pipe-P-100:quarter-1:shear-y",
        ],
        metadata: Some(
            ResultMetadata {
                component: "shear_force_y",
                coordinate_system: "element_local",
                location: "quarter_1",
                basis: "explicit_user_linear_combination",
                sign_convention: "positive value follows explicit user linear combination of matching source result sign conventions",
            },
        ),
    },
    ResultItem {
        id: "result:combination:combination-C-GAP:force:pipe-P-100:quarter-1:shear-z",
        kind: "element_local_shear_force_z",
        value: 0.0,
        unit: "N",
        entity_ref: "pipe:P-100",
        basis_ref: Some(
            ResultBasisRef {
                ref_type: "combination",
                ref_id: "combination:C-GAP",
            },
        ),
        source_result_refs: [
            "result:force:pipe-P-100:quarter-1:shear-z",
        ],
        metadata: Some(
            ResultMetadata {
                component: "shear_force_z",
                coordinate_system: "element_local",
                location: "quarter_1",
                basis: "explicit_user_linear_combination",
                sign_convention: "positive value follows explicit user linear combination of matching source result sign conventions",
            },
        ),
    },
    ResultItem {
        id: "result:combination:combination-C-GAP:force:pipe-P-100:quarter-3:axial",
        kind: "element_local_axial_force",
        value: 100000.0,
        unit: "N",
        entity_ref: "pipe:P-100",
        basis_ref: Some(
            ResultBasisRef {
                ref_type: "combination",
                ref_id: "combination:C-GAP",
            },
        ),
        source_result_refs: [
            "result:force:pipe-P-100:quarter-3:axial",
        ],
        metadata: Some(
            ResultMetadata {
                component: "axial_force",
                coordinate_system: "element_local",
                location: "quarter_3",
                basis: "explicit_user_linear_combination",
                sign_convention: "positive value follows explicit user linear combination of matching source result sign conventions",
            },
        ),
    },
    ResultItem {
        id: "result:combination:combination-C-GAP:force:pipe-P-100:quarter-3:shear-y",
        kind: "element_local_shear_force_y",
        value: 0.0,
        unit: "N",
        entity_ref: "pipe:P-100",
        basis_ref: Some(
            ResultBasisRef {
                ref_type: "combination",
                ref_id: "combination:C-GAP",
            },
        ),
        source_result_refs: [
            "result:force:pipe-P-100:quarter-3:shear-y",
        ],
        metadata: Some(
            ResultMetadata {
                component: "shear_force_y",
                coordinate_system: "element_local",
                location: "quarter_3",
                basis: "explicit_user_linear_combination",
                sign_convention: "positive value follows explicit user linear combination of matching source result sign conventions",
            },
        ),
    },
    ResultItem {
        id: "result:combination:combination-C-GAP:force:pipe-P-100:quarter-3:shear-z",
        kind: "element_local_shear_force_z",
        value: 0.0,
        unit: "N",
        entity_ref: "pipe:P-100",
        basis_ref: Some(
            ResultBasisRef {
                ref_type: "combination",
                ref_id: "combination:C-GAP",
            },
        ),
        source_result_refs: [
            "result:force:pipe-P-100:quarter-3:shear-z",
        ],
        metadata: Some(
            ResultMetadata {
                component: "shear_force_z",
                coordinate_system: "element_local",
                location: "quarter_3",
                basis: "explicit_user_linear_combination",
                sign_convention: "positive value follows explicit user linear combination of matching source result sign conventions",
            },
        ),
    },
    ResultItem {
        id: "result:combination:combination-C-GAP:force:pipe-P-100:shear-y",
        kind: "element_local_shear_force_y",
        value: 0.0,
        unit: "N",
        entity_ref: "pipe:P-100",
        basis_ref: Some(
            ResultBasisRef {
                ref_type: "combination",
                ref_id: "combination:C-GAP",
            },
        ),
        source_result_refs: [
            "result:force:pipe-P-100:shear-y",
        ],
        metadata: Some(
            ResultMetadata {
                component: "shear_force_y",
                coordinate_system: "element_local",
                location: "end_i",
                basis: "explicit_user_linear_combination",
                sign_convention: "positive value follows explicit user linear combination of matching source result sign conventions",
            },
        ),
    },
    ResultItem {
        id: "result:combination:combination-C-GAP:force:pipe-P-100:shear-y:end-j",
        kind: "element_local_shear_force_y",
        value: 0.0,
        unit: "N",
        entity_ref: "pipe:P-100",
        basis_ref: Some(
            ResultBasisRef {
                ref_type: "combination",
                ref_id: "combination:C-GAP",
            },
        ),
        source_result_refs: [
            "result:force:pipe-P-100:shear-y:end-j",
        ],
        metadata: Some(
            ResultMetadata {
                component: "shear_force_y",
                coordinate_system: "element_local",
                location: "end_j",
                basis: "explicit_user_linear_combination",
                sign_convention: "positive value follows explicit user linear combination of matching source result sign conventions",
            },
        ),
    },
    ResultItem {
        id: "result:combination:combination-C-GAP:force:pipe-P-100:shear-z",
        kind: "element_local_shear_force_z",
        value: 0.0,
        unit: "N",
        entity_ref: "pipe:P-100",
        basis_ref: Some(
            ResultBasisRef {
                ref_type: "combination",
                ref_id: "combination:C-GAP",
            },
        ),
        source_result_refs: [
            "result:force:pipe-P-100:shear-z",
        ],
        metadata: Some(
            ResultMetadata {
                component: "shear_force_z",
                coordinate_system: "element_local",
                location: "end_i",
                basis: "explicit_user_linear_combination",
                sign_convention: "positive value follows explicit user linear combination of matching source result sign conventions",
            },
        ),
    },
    ResultItem {
        id: "result:combination:combination-C-GAP:force:pipe-P-100:shear-z:end-j",
        kind: "element_local_shear_force_z",
        value: 0.0,
        unit: "N",
        entity_ref: "pipe:P-100",
        basis_ref: Some(
            ResultBasisRef {
                ref_type: "combination",
                ref_id: "combination:C-GAP",
            },
        ),
        source_result_refs: [
            "result:force:pipe-P-100:shear-z:end-j",
        ],
        metadata: Some(
            ResultMetadata {
                component: "shear_force_z",
                coordinate_system: "element_local",
                location: "end_j",
                basis: "explicit_user_linear_combination",
                sign_convention: "positive value follows explicit user linear combination of matching source result sign conventions",
            },
        ),
    },
    ResultItem {
        id: "result:combination:combination-C-GAP:moment:pipe-P-100:bending-y",
        kind: "element_local_bending_moment_y",
        value: 0.0,
        unit: "N*m",
        entity_ref: "pipe:P-100",
        basis_ref: Some(
            ResultBasisRef {
                ref_type: "combination",
                ref_id: "combination:C-GAP",
            },
        ),
        source_result_refs: [
            "result:moment:pipe-P-100:bending-y",
        ],
        metadata: Some(
            ResultMetadata {
                component: "bending_moment_y",
                coordinate_system: "element_local",
                location: "end_i",
                basis: "explicit_user_linear_combination",
                sign_convention: "positive value follows explicit user linear combination of matching source result sign conventions",
            },
        ),
    },
    ResultItem {
        id: "result:combination:combination-C-GAP:moment:pipe-P-100:bending-y:end-j",
        kind: "element_local_bending_moment_y",
        value: 0.0,
        unit: "N*m",
        entity_ref: "pipe:P-100",
        basis_ref: Some(
            ResultBasisRef {
                ref_type: "combination",
                ref_id: "combination:C-GAP",
            },
        ),
        source_result_refs: [
            "result:moment:pipe-P-100:bending-y:end-j",
        ],
        metadata: Some(
            ResultMetadata {
                component: "bending_moment_y",
                coordinate_system: "element_local",
                location: "end_j",
                basis: "explicit_user_linear_combination",
                sign_convention: "positive value follows explicit user linear combination of matching source result sign conventions",
            },
        ),
    },
    ResultItem {
        id: "result:combination:combination-C-GAP:moment:pipe-P-100:bending-z",
        kind: "element_local_bending_moment_z",
        value: 0.0,
        unit: "N*m",
        entity_ref: "pipe:P-100",
        basis_ref: Some(
            ResultBasisRef {
                ref_type: "combination",
                ref_id: "combination:C-GAP",
            },
        ),
        source_result_refs: [
            "result:moment:pipe-P-100:bending-z",
        ],
        metadata: Some(
            ResultMetadata {
                component: "bending_moment_z",
                coordinate_system: "element_local",
                location: "end_i",
                basis: "explicit_user_linear_combination",
                sign_convention: "positive value follows explicit user linear combination of matching source result sign conventions",
            },
        ),
    },
    ResultItem {
        id: "result:combination:combination-C-GAP:moment:pipe-P-100:bending-z:end-j",
        kind: "element_local_bending_moment_z",
        value: 0.0,
        unit: "N*m",
        entity_ref: "pipe:P-100",
        basis_ref: Some(
            ResultBasisRef {
                ref_type: "combination",
                ref_id: "combination:C-GAP",
            },
        ),
        source_result_refs: [
            "result:moment:pipe-P-100:bending-z:end-j",
        ],
        metadata: Some(
            ResultMetadata {
                component: "bending_moment_z",
                coordinate_system: "element_local",
                location: "end_j",
                basis: "explicit_user_linear_combination",
                sign_convention: "positive value follows explicit user linear combination of matching source result sign conventions",
            },
        ),
    },
    ResultItem {
        id: "result:combination:combination-C-GAP:moment:pipe-P-100:midspan:bending-y",
        kind: "element_local_bending_moment_y",
        value: 0.0,
        unit: "N*m",
        entity_ref: "pipe:P-100",
        basis_ref: Some(
            ResultBasisRef {
                ref_type: "combination",
                ref_id: "combination:C-GAP",
            },
        ),
        source_result_refs: [
            "result:moment:pipe-P-100:midspan:bending-y",
        ],
        metadata: Some(
            ResultMetadata {
                component: "bending_moment_y",
                coordinate_system: "element_local",
                location: "midspan",
                basis: "explicit_user_linear_combination",
                sign_convention: "positive value follows explicit user linear combination of matching source result sign conventions",
            },
        ),
    },
    ResultItem {
        id: "result:combination:combination-C-GAP:moment:pipe-P-100:midspan:bending-z",
        kind: "element_local_bending_moment_z",
        value: 0.0,
        unit: "N*m",
        entity_ref: "pipe:P-100",
        basis_ref: Some(
            ResultBasisRef {
                ref_type: "combination",
                ref_id: "combination:C-GAP",
            },
        ),
        source_result_refs: [
            "result:moment:pipe-P-100:midspan:bending-z",
        ],
        metadata: Some(
            ResultMetadata {
                component: "bending_moment_z",
                coordinate_system: "element_local",
                location: "midspan",
                basis: "explicit_user_linear_combination",
                sign_convention: "positive value follows explicit user linear combination of matching source result sign conventions",
            },
        ),
    },
    ResultItem {
        id: "result:combination:combination-C-GAP:moment:pipe-P-100:midspan:torsion",
        kind: "element_local_torsional_moment",
        value: 0.0,
        unit: "N*m",
        entity_ref: "pipe:P-100",
        basis_ref: Some(
            ResultBasisRef {
                ref_type: "combination",
                ref_id: "combination:C-GAP",
            },
        ),
        source_result_refs: [
            "result:moment:pipe-P-100:midspan:torsion",
        ],
        metadata: Some(
            ResultMetadata {
                component: "torsional_moment",
                coordinate_system: "element_local",
                location: "midspan",
                basis: "explicit_user_linear_combination",
                sign_convention: "positive value follows explicit user linear combination of matching source result sign conventions",
            },
        ),
    },
    ResultItem {
        id: "result:combination:combination-C-GAP:moment:pipe-P-100:quarter-1:bending-y",
        kind: "element_local_bending_moment_y",
        value: 0.0,
        unit: "N*m",
        entity_ref: "pipe:P-100",
        basis_ref: Some(
            ResultBasisRef {
                ref_type: "combination",
                ref_id: "combination:C-GAP",
            },
        ),
        source_result_refs: [
            "result:moment:pipe-P-100:quarter-1:bending-y",
        ],
        metadata: Some(
            ResultMetadata {
                component: "bending_moment_y",
                coordinate_system: "element_local",
                location: "quarter_1",
                basis: "explicit_user_linear_combination",
                sign_convention: "positive value follows explicit user linear combination of matching source result sign conventions",
            },
        ),
    },
    ResultItem {
        id: "result:combination:combination-C-GAP:moment:pipe-P-100:quarter-1:bending-z",
        kind: "element_local_bending_moment_z",
        value: 0.0,
        unit: "N*m",
        entity_ref: "pipe:P-100",
        basis_ref: Some(
            ResultBasisRef {
                ref_type: "combination",
                ref_id: "combination:C-GAP",
            },
        ),
        source_result_refs: [
            "result:moment:pipe-P-100:quarter-1:bending-z",
        ],
        metadata: Some(
            ResultMetadata {
                component: "bending_moment_z",
                coordinate_system: "element_local",
                location: "quarter_1",
                basis: "explicit_user_linear_combination",
                sign_convention: "positive value follows explicit user linear combination of matching source result sign conventions",
            },
        ),
    },
    ResultItem {
        id: "result:combination:combination-C-GAP:moment:pipe-P-100:quarter-1:torsion",
        kind: "element_local_torsional_moment",
        value: 0.0,
        unit: "N*m",
        entity_ref: "pipe:P-100",
        basis_ref: Some(
            ResultBasisRef {
                ref_type: "combination",
                ref_id: "combination:C-GAP",
            },
        ),
        source_result_refs: [
            "result:moment:pipe-P-100:quarter-1:torsion",
        ],
        metadata: Some(
            ResultMetadata {
                component: "torsional_moment",
                coordinate_system: "element_local",
                location: "quarter_1",
                basis: "explicit_user_linear_combination",
                sign_convention: "positive value follows explicit user linear combination of matching source result sign conventions",
            },
        ),
    },
    ResultItem {
        id: "result:combination:combination-C-GAP:moment:pipe-P-100:quarter-3:bending-y",
        kind: "element_local_bending_moment_y",
        value: 0.0,
        unit: "N*m",
        entity_ref: "pipe:P-100",
        basis_ref: Some(
            ResultBasisRef {
                ref_type: "combination",
                ref_id: "combination:C-GAP",
            },
        ),
        source_result_refs: [
            "result:moment:pipe-P-100:quarter-3:bending-y",
        ],
        metadata: Some(
            ResultMetadata {
                component: "bending_moment_y",
                coordinate_system: "element_local",
                location: "quarter_3",
                basis: "explicit_user_linear_combination",
                sign_convention: "positive value follows explicit user linear combination of matching source result sign conventions",
            },
        ),
    },
    ResultItem {
        id: "result:combination:combination-C-GAP:moment:pipe-P-100:quarter-3:bending-z",
        kind: "element_local_bending_moment_z",
        value: 0.0,
        unit: "N*m",
        entity_ref: "pipe:P-100",
        basis_ref: Some(
            ResultBasisRef {
                ref_type: "combination",
                ref_id: "combination:C-GAP",
            },
        ),
        source_result_refs: [
            "result:moment:pipe-P-100:quarter-3:bending-z",
        ],
        metadata: Some(
            ResultMetadata {
                component: "bending_moment_z",
                coordinate_system: "element_local",
                location: "quarter_3",
                basis: "explicit_user_linear_combination",
                sign_convention: "positive value follows explicit user linear combination of matching source result sign conventions",
            },
        ),
    },
    ResultItem {
        id: "result:combination:combination-C-GAP:moment:pipe-P-100:quarter-3:torsion",
        kind: "element_local_torsional_moment",
        value: 0.0,
        unit: "N*m",
        entity_ref: "pipe:P-100",
        basis_ref: Some(
            ResultBasisRef {
                ref_type: "combination",
                ref_id: "combination:C-GAP",
            },
        ),
        source_result_refs: [
            "result:moment:pipe-P-100:quarter-3:torsion",
        ],
        metadata: Some(
            ResultMetadata {
                component: "torsional_moment",
                coordinate_system: "element_local",
                location: "quarter_3",
                basis: "explicit_user_linear_combination",
                sign_convention: "positive value follows explicit user linear combination of matching source result sign conventions",
            },
        ),
    },
    ResultItem {
        id: "result:combination:combination-C-GAP:moment:pipe-P-100:torsion",
        kind: "element_local_torsional_moment",
        value: 0.0,
        unit: "N*m",
        entity_ref: "pipe:P-100",
        basis_ref: Some(
            ResultBasisRef {
                ref_type: "combination",
                ref_id: "combination:C-GAP",
            },
        ),
        source_result_refs: [
            "result:moment:pipe-P-100:torsion",
        ],
        metadata: Some(
            ResultMetadata {
                component: "torsional_moment",
                coordinate_system: "element_local",
                location: "end_i",
                basis: "explicit_user_linear_combination",
                sign_convention: "positive value follows explicit user linear combination of matching source result sign conventions",
            },
        ),
    },
    ResultItem {
        id: "result:combination:combination-C-GAP:moment:pipe-P-100:torsion:end-j",
        kind: "element_local_torsional_moment",
        value: 0.0,
        unit: "N*m",
        entity_ref: "pipe:P-100",
        basis_ref: Some(
            ResultBasisRef {
                ref_type: "combination",
                ref_id: "combination:C-GAP",
            },
        ),
        source_result_refs: [
            "result:moment:pipe-P-100:torsion:end-j",
        ],
        metadata: Some(
            ResultMetadata {
                component: "torsional_moment",
                coordinate_system: "element_local",
                location: "end_j",
                basis: "explicit_user_linear_combination",
                sign_convention: "positive value follows explicit user linear combination of matching source result sign conventions",
            },
        ),
    },
    ResultItem {
        id: "result:combination:combination-C-GAP:nonlinear-support:support-NL-GAP-110:ux-displacement",
        kind: "nonlinear_support_final_displacement",
        value: 0.05,
        unit: "mm",
        entity_ref: "support:NL-GAP-110",
        basis_ref: Some(
            ResultBasisRef {
                ref_type: "combination",
                ref_id: "combination:C-GAP",
            },
        ),
        source_result_refs: [
            "result:nonlinear-support:support-NL-GAP-110:ux-displacement",
        ],
        metadata: Some(
            ResultMetadata {
                component: "nonlinear_support_final_displacement",
                coordinate_system: "solver_iteration",
                location: "ux",
                basis: "explicit_user_linear_combination",
                sign_convention: "positive value follows explicit user linear combination of matching source result sign conventions",
            },
        ),
    },
    ResultItem {
        id: "result:combination:combination-C-GAP:nonlinear-support:support-NL-GAP-110:ux-reaction",
        kind: "nonlinear_support_final_reaction",
        value: -100000.0,
        unit: "N",
        entity_ref: "support:NL-GAP-110",
        basis_ref: Some(
            ResultBasisRef {
                ref_type: "combination",
                ref_id: "combination:C-GAP",
            },
        ),
        source_result_refs: [
            "result:nonlinear-support:support-NL-GAP-110:ux-reaction",
        ],
        metadata: Some(
            ResultMetadata {
                component: "nonlinear_support_final_reaction",
                coordinate_system: "solver_iteration",
                location: "ux",
                basis: "explicit_user_linear_combination",
                sign_convention: "positive value follows explicit user linear combination of matching source result sign conventions",
            },
        ),
    },
    ResultItem {
        id: "result:combination:combination-C-GAP:reaction:support-NL-GAP-110",
        kind: "reaction_resultant",
        value: 100000.0,
        unit: "N",
        entity_ref: "support:NL-GAP-110",
        basis_ref: Some(
            ResultBasisRef {
                ref_type: "combination",
                ref_id: "combination:C-GAP",
            },
        ),
        source_result_refs: [
            "result:reaction:support-NL-GAP-110",
        ],
        metadata: None,
    },
    ResultItem {
        id: "result:combination:combination-C-GAP:reaction:support-S-100",
        kind: "reaction_resultant",
        value: 0.0,
        unit: "N",
        entity_ref: "support:S-100",
        basis_ref: Some(
            ResultBasisRef {
                ref_type: "combination",
                ref_id: "combination:C-GAP",
            },
        ),
        source_result_refs: [
            "result:reaction:support-S-100",
        ],
        metadata: None,
    },
    ResultItem {
        id: "result:combination:combination-C-GAP:stress:pipe-P-100:end-i:axial-normal",
        kind: "element_local_axial_normal_stress",
        value: 28.244000548694814,
        unit: "MPa",
        entity_ref: "pipe:P-100",
        basis_ref: Some(
            ResultBasisRef {
                ref_type: "combination",
                ref_id: "combination:C-GAP",
            },
        ),
        source_result_refs: [
            "result:stress:pipe-P-100:end-i:axial-normal",
        ],
        metadata: Some(
            ResultMetadata {
                component: "axial_normal_stress",
                coordinate_system: "element_local",
                location: "end_i",
                basis: "explicit_user_linear_combination",
                sign_convention: "positive value follows explicit user linear combination of matching source result sign conventions",
            },
        ),
    },
    ResultItem {
        id: "result:combination:combination-C-GAP:stress:pipe-P-100:end-i:bending-normal-y",
        kind: "element_local_bending_normal_stress_y",
        value: 0.0,
        unit: "MPa",
        entity_ref: "pipe:P-100",
        basis_ref: Some(
            ResultBasisRef {
                ref_type: "combination",
                ref_id: "combination:C-GAP",
            },
        ),
        source_result_refs: [
            "result:stress:pipe-P-100:end-i:bending-normal-y",
        ],
        metadata: Some(
            ResultMetadata {
                component: "bending_normal_stress_y",
                coordinate_system: "element_local",
                location: "end_i",
                basis: "explicit_user_linear_combination",
                sign_convention: "positive value follows explicit user linear combination of matching source result sign conventions",
            },
        ),
    },
    ResultItem {
        id: "result:combination:combination-C-GAP:stress:pipe-P-100:end-i:bending-normal-z",
        kind: "element_local_bending_normal_stress_z",
        value: 0.0,
        unit: "MPa",
        entity_ref: "pipe:P-100",
        basis_ref: Some(
            ResultBasisRef {
                ref_type: "combination",
                ref_id: "combination:C-GAP",
            },
        ),
        source_result_refs: [
            "result:stress:pipe-P-100:end-i:bending-normal-z",
        ],
        metadata: Some(
            ResultMetadata {
                component: "bending_normal_stress_z",
                coordinate_system: "element_local",
                location: "end_i",
                basis: "explicit_user_linear_combination",
                sign_convention: "positive value follows explicit user linear combination of matching source result sign conventions",
            },
        ),
    },
    ResultItem {
        id: "result:combination:combination-C-GAP:stress:pipe-P-100:end-i:torsional-shear",
        kind: "element_local_torsional_shear_stress",
        value: 0.0,
        unit: "MPa",
        entity_ref: "pipe:P-100",
        basis_ref: Some(
            ResultBasisRef {
                ref_type: "combination",
                ref_id: "combination:C-GAP",
            },
        ),
        source_result_refs: [
            "result:stress:pipe-P-100:end-i:torsional-shear",
        ],
        metadata: Some(
            ResultMetadata {
                component: "torsional_shear_stress",
                coordinate_system: "element_local",
                location: "end_i",
                basis: "explicit_user_linear_combination",
                sign_convention: "positive value follows explicit user linear combination of matching source result sign conventions",
            },
        ),
    },
    ResultItem {
        id: "result:combination:combination-C-GAP:stress:pipe-P-100:end-j:axial-normal",
        kind: "element_local_axial_normal_stress",
        value: 28.244000548694814,
        unit: "MPa",
        entity_ref: "pipe:P-100",
        basis_ref: Some(
            ResultBasisRef {
                ref_type: "combination",
                ref_id: "combination:C-GAP",
            },
        ),
        source_result_refs: [
            "result:stress:pipe-P-100:end-j:axial-normal",
        ],
        metadata: Some(
            ResultMetadata {
                component: "axial_normal_stress",
                coordinate_system: "element_local",
                location: "end_j",
                basis: "explicit_user_linear_combination",
                sign_convention: "positive value follows explicit user linear combination of matching source result sign conventions",
            },
        ),
    },
    ResultItem {
        id: "result:combination:combination-C-GAP:stress:pipe-P-100:end-j:bending-normal-y",
        kind: "element_local_bending_normal_stress_y",
        value: 0.0,
        unit: "MPa",
        entity_ref: "pipe:P-100",
        basis_ref: Some(
            ResultBasisRef {
                ref_type: "combination",
                ref_id: "combination:C-GAP",
            },
        ),
        source_result_refs: [
            "result:stress:pipe-P-100:end-j:bending-normal-y",
        ],
        metadata: Some(
            ResultMetadata {
                component: "bending_normal_stress_y",
                coordinate_system: "element_local",
                location: "end_j",
                basis: "explicit_user_linear_combination",
                sign_convention: "positive value follows explicit user linear combination of matching source result sign conventions",
            },
        ),
    },
    ResultItem {
        id: "result:combination:combination-C-GAP:stress:pipe-P-100:end-j:bending-normal-z",
        kind: "element_local_bending_normal_stress_z",
        value: 0.0,
        unit: "MPa",
        entity_ref: "pipe:P-100",
        basis_ref: Some(
            ResultBasisRef {
                ref_type: "combination",
                ref_id: "combination:C-GAP",
            },
        ),
        source_result_refs: [
            "result:stress:pipe-P-100:end-j:bending-normal-z",
        ],
        metadata: Some(
            ResultMetadata {
                component: "bending_normal_stress_z",
                coordinate_system: "element_local",
                location: "end_j",
                basis: "explicit_user_linear_combination",
                sign_convention: "positive value follows explicit user linear combination of matching source result sign conventions",
            },
        ),
    },
    ResultItem {
        id: "result:combination:combination-C-GAP:stress:pipe-P-100:end-j:torsional-shear",
        kind: "element_local_torsional_shear_stress",
        value: 0.0,
        unit: "MPa",
        entity_ref: "pipe:P-100",
        basis_ref: Some(
            ResultBasisRef {
                ref_type: "combination",
                ref_id: "combination:C-GAP",
            },
        ),
        source_result_refs: [
            "result:stress:pipe-P-100:end-j:torsional-shear",
        ],
        metadata: Some(
            ResultMetadata {
                component: "torsional_shear_stress",
                coordinate_system: "element_local",
                location: "end_j",
                basis: "explicit_user_linear_combination",
                sign_convention: "positive value follows explicit user linear combination of matching source result sign conventions",
            },
        ),
    },
    ResultItem {
        id: "result:combination:combination-C-GAP:stress:pipe-P-100:midspan:axial-normal",
        kind: "element_local_axial_normal_stress",
        value: 28.244000548694814,
        unit: "MPa",
        entity_ref: "pipe:P-100",
        basis_ref: Some(
            ResultBasisRef {
                ref_type: "combination",
                ref_id: "combination:C-GAP",
            },
        ),
        source_result_refs: [
            "result:stress:pipe-P-100:midspan:axial-normal",
        ],
        metadata: Some(
            ResultMetadata {
                component: "axial_normal_stress",
                coordinate_system: "element_local",
                location: "midspan",
                basis: "explicit_user_linear_combination",
                sign_convention: "positive value follows explicit user linear combination of matching source result sign conventions",
            },
        ),
    },
    ResultItem {
        id: "result:combination:combination-C-GAP:stress:pipe-P-100:midspan:bending-normal-y",
        kind: "element_local_bending_normal_stress_y",
        value: 0.0,
        unit: "MPa",
        entity_ref: "pipe:P-100",
        basis_ref: Some(
            ResultBasisRef {
                ref_type: "combination",
                ref_id: "combination:C-GAP",
            },
        ),
        source_result_refs: [
            "result:stress:pipe-P-100:midspan:bending-normal-y",
        ],
        metadata: Some(
            ResultMetadata {
                component: "bending_normal_stress_y",
                coordinate_system: "element_local",
                location: "midspan",
                basis: "explicit_user_linear_combination",
                sign_convention: "positive value follows explicit user linear combination of matching source result sign conventions",
            },
        ),
    },
    ResultItem {
        id: "result:combination:combination-C-GAP:stress:pipe-P-100:midspan:bending-normal-z",
        kind: "element_local_bending_normal_stress_z",
        value: 0.0,
        unit: "MPa",
        entity_ref: "pipe:P-100",
        basis_ref: Some(
            ResultBasisRef {
                ref_type: "combination",
                ref_id: "combination:C-GAP",
            },
        ),
        source_result_refs: [
            "result:stress:pipe-P-100:midspan:bending-normal-z",
        ],
        metadata: Some(
            ResultMetadata {
                component: "bending_normal_stress_z",
                coordinate_system: "element_local",
                location: "midspan",
                basis: "explicit_user_linear_combination",
                sign_convention: "positive value follows explicit user linear combination of matching source result sign conventions",
            },
        ),
    },
    ResultItem {
        id: "result:combination:combination-C-GAP:stress:pipe-P-100:midspan:torsional-shear",
        kind: "element_local_torsional_shear_stress",
        value: 0.0,
        unit: "MPa",
        entity_ref: "pipe:P-100",
        basis_ref: Some(
            ResultBasisRef {
                ref_type: "combination",
                ref_id: "combination:C-GAP",
            },
        ),
        source_result_refs: [
            "result:stress:pipe-P-100:midspan:torsional-shear",
        ],
        metadata: Some(
            ResultMetadata {
                component: "torsional_shear_stress",
                coordinate_system: "element_local",
                location: "midspan",
                basis: "explicit_user_linear_combination",
                sign_convention: "positive value follows explicit user linear combination of matching source result sign conventions",
            },
        ),
    },
    ResultItem {
        id: "result:combination:combination-C-GAP:stress:pipe-P-100:quarter-1:axial-normal",
        kind: "element_local_axial_normal_stress",
        value: 28.244000548694814,
        unit: "MPa",
        entity_ref: "pipe:P-100",
        basis_ref: Some(
            ResultBasisRef {
                ref_type: "combination",
                ref_id: "combination:C-GAP",
            },
        ),
        source_result_refs: [
            "result:stress:pipe-P-100:quarter-1:axial-normal",
        ],
        metadata: Some(
            ResultMetadata {
                component: "axial_normal_stress",
                coordinate_system: "element_local",
                location: "quarter_1",
                basis: "explicit_user_linear_combination",
                sign_convention: "positive value follows explicit user linear combination of matching source result sign conventions",
            },
        ),
    },
    ResultItem {
        id: "result:combination:combination-C-GAP:stress:pipe-P-100:quarter-1:bending-normal-y",
        kind: "element_local_bending_normal_stress_y",
        value: 0.0,
        unit: "MPa",
        entity_ref: "pipe:P-100",
        basis_ref: Some(
            ResultBasisRef {
                ref_type: "combination",
                ref_id: "combination:C-GAP",
            },
        ),
        source_result_refs: [
            "result:stress:pipe-P-100:quarter-1:bending-normal-y",
        ],
        metadata: Some(
            ResultMetadata {
                component: "bending_normal_stress_y",
                coordinate_system: "element_local",
                location: "quarter_1",
                basis: "explicit_user_linear_combination",
                sign_convention: "positive value follows explicit user linear combination of matching source result sign conventions",
            },
        ),
    },
    ResultItem {
        id: "result:combination:combination-C-GAP:stress:pipe-P-100:quarter-1:bending-normal-z",
        kind: "element_local_bending_normal_stress_z",
        value: 0.0,
        unit: "MPa",
        entity_ref: "pipe:P-100",
        basis_ref: Some(
            ResultBasisRef {
                ref_type: "combination",
                ref_id: "combination:C-GAP",
            },
        ),
        source_result_refs: [
            "result:stress:pipe-P-100:quarter-1:bending-normal-z",
        ],
        metadata: Some(
            ResultMetadata {
                component: "bending_normal_stress_z",
                coordinate_system: "element_local",
                location: "quarter_1",
                basis: "explicit_user_linear_combination",
                sign_convention: "positive value follows explicit user linear combination of matching source result sign conventions",
            },
        ),
    },
    ResultItem {
        id: "result:combination:combination-C-GAP:stress:pipe-P-100:quarter-1:torsional-shear",
        kind: "element_local_torsional_shear_stress",
        value: 0.0,
        unit: "MPa",
        entity_ref: "pipe:P-100",
        basis_ref: Some(
            ResultBasisRef {
                ref_type: "combination",
                ref_id: "combination:C-GAP",
            },
        ),
        source_result_refs: [
            "result:stress:pipe-P-100:quarter-1:torsional-shear",
        ],
        metadata: Some(
            ResultMetadata {
                component: "torsional_shear_stress",
                coordinate_system: "element_local",
                location: "quarter_1",
                basis: "explicit_user_linear_combination",
                sign_convention: "positive value follows explicit user linear combination of matching source result sign conventions",
            },
        ),
    },
    ResultItem {
        id: "result:combination:combination-C-GAP:stress:pipe-P-100:quarter-3:axial-normal",
        kind: "element_local_axial_normal_stress",
        value: 28.244000548694814,
        unit: "MPa",
        entity_ref: "pipe:P-100",
        basis_ref: Some(
            ResultBasisRef {
                ref_type: "combination",
                ref_id: "combination:C-GAP",
            },
        ),
        source_result_refs: [
            "result:stress:pipe-P-100:quarter-3:axial-normal",
        ],
        metadata: Some(
            ResultMetadata {
                component: "axial_normal_stress",
                coordinate_system: "element_local",
                location: "quarter_3",
                basis: "explicit_user_linear_combination",
                sign_convention: "positive value follows explicit user linear combination of matching source result sign conventions",
            },
        ),
    },
    ResultItem {
        id: "result:combination:combination-C-GAP:stress:pipe-P-100:quarter-3:bending-normal-y",
        kind: "element_local_bending_normal_stress_y",
        value: 0.0,
        unit: "MPa",
        entity_ref: "pipe:P-100",
        basis_ref: Some(
            ResultBasisRef {
                ref_type: "combination",
                ref_id: "combination:C-GAP",
            },
        ),
        source_result_refs: [
            "result:stress:pipe-P-100:quarter-3:bending-normal-y",
        ],
        metadata: Some(
            ResultMetadata {
                component: "bending_normal_stress_y",
                coordinate_system: "element_local",
                location: "quarter_3",
                basis: "explicit_user_linear_combination",
                sign_convention: "positive value follows explicit user linear combination of matching source result sign conventions",
            },
        ),
    },
    ResultItem {
        id: "result:combination:combination-C-GAP:stress:pipe-P-100:quarter-3:bending-normal-z",
        kind: "element_local_bending_normal_stress_z",
        value: 0.0,
        unit: "MPa",
        entity_ref: "pipe:P-100",
        basis_ref: Some(
            ResultBasisRef {
                ref_type: "combination",
                ref_id: "combination:C-GAP",
            },
        ),
        source_result_refs: [
            "result:stress:pipe-P-100:quarter-3:bending-normal-z",
        ],
        metadata: Some(
            ResultMetadata {
                component: "bending_normal_stress_z",
                coordinate_system: "element_local",
                location: "quarter_3",
                basis: "explicit_user_linear_combination",
                sign_convention: "positive value follows explicit user linear combination of matching source result sign conventions",
            },
        ),
    },
    ResultItem {
        id: "result:combination:combination-C-GAP:stress:pipe-P-100:quarter-3:torsional-shear",
        kind: "element_local_torsional_shear_stress",
        value: 0.0,
        unit: "MPa",
        entity_ref: "pipe:P-100",
        basis_ref: Some(
            ResultBasisRef {
                ref_type: "combination",
                ref_id: "combination:C-GAP",
            },
        ),
        source_result_refs: [
            "result:stress:pipe-P-100:quarter-3:torsional-shear",
        ],
        metadata: Some(
            ResultMetadata {
                component: "torsional_shear_stress",
                coordinate_system: "element_local",
                location: "quarter_3",
                basis: "explicit_user_linear_combination",
                sign_convention: "positive value follows explicit user linear combination of matching source result sign conventions",
            },
        ),
    },
]
DIAGPROBE INPUT label=contact_reversed seed=inactive mode=sparse_interactive {"model":{"schema_version":"0.1.0","document_kind":"openpipestress.product_preview.model","project":{"id":"project:invented-loop-01","units":{"angle":"rad","force":"N","length":"m","pressure":"Pa","stress":"MPa","temperature":"degC"}},"analysis_status":{"mechanics":"ready_for_preview_diagnostics","rule_check":"not_performed_user_rule_inputs_missing","professional_acceptance":"not_provided"},"nodes":[{"id":"node:N-100","position":{"x":0.0,"y":0.0,"z":0.0},"provenance":"invented_example"},{"id":"node:N-110","position":{"x":1.0,"y":0.0,"z":0.0},"provenance":"invented_example"}],"pipe_segments":[{"id":"pipe:P-100","from":"node:N-100","to":"node:N-110","section":{"outside_diameter":{"value":0.168,"unit":"m"},"wall_thickness":{"value":0.007,"unit":"m"},"mill_tolerance":null,"material_density":null,"contents_density":null,"insulation_thickness":null,"insulation_density":null},"section_ref":null,"material":"material:invented-carbon-steel","y_reference":{"x":0.0,"y":1.0,"z":0.0},"provenance":"invented_example_no_standard_catalog"}],"sections":[],"supports":[{"id":"support:S-100","node":"node:N-100","restraints":["UY","UZ","RX","RY","RZ"],"family":"anchor","stiffness":null,"hanger":null,"nonlinear":null,"provenance":"invented_example"},{"id":"support:NL-GAP-110","node":"node:N-100","restraints":[],"family":"nonlinear","stiffness":null,"hanger":null,"nonlinear":{"behavior":"gap","dof":"UX","initial_state":"inactive","active_when":null,"contact_when":null,"closes_when":"positive_displacement","gap":{"value":0.05,"unit":"mm"},"friction_coefficient":null,"normal_reaction":null,"normal_reaction_source":null},"provenance":"invented_example_user_entered_nonlinear_support_no_catalog"}],"components":[],"materials":[{"id":"material:invented-carbon-steel","elastic_modulus":{"value":200000000000.0,"unit":"Pa"},"shear_modulus":{"value":77000000000.0,"unit":"Pa"},"thermal_expansion_coefficient":{"value":0.000012,"unit":"1/degC"},"temperature_points":[],"provenance":"invented_example_no_material_standard"}],"load_cases":[{"id":"load:L-GAP","primitive_loads":[{"id":"load:L-GAP-X","category":"occasional","target":{"type":"node","node":"node:N-110"},"direction":"global_x","magnitude":{"value":-100000.0,"unit":"N"},"dimension":"force","provenance":"invented_example_user_input"}],"equivalent_static":null,"modulus_basis_ref":null,"modulus_basis_temperature":null,"provenance":"invented_example_no_code_combination"}],"combinations":[{"id":"combination:C-GAP","label":null,"basis":"mechanics","terms":[{"load_case":"load:L-GAP","factor":1.0}],"minuend_id":null,"subtrahend_id":null,"operand_ids":null,"mode":null,"provenance":"invented_example_no_code_combination"}]},"materials":[{"id":"material:invented-carbon-steel","elastic_modulus":{"value":200000000000.0,"unit":"Pa"},"shear_modulus":{"value":77000000000.0,"unit":"Pa"},"thermal_expansion_coefficient":{"value":0.000012,"unit":"1/degC"},"temperature_points":[],"provenance":"invented_example_no_material_standard"}]}
DIAGPROBE OUTPUT label=contact_reversed seed=inactive mode=sparse_interactive status=StatusEnvelope {
    mechanics: "MODEL_INCOMPLETE",
    rule_check: "RULE_INPUTS_INCOMPLETE",
    professional_acceptance: "NOT_PROVIDED",
} quality=NumericalQuality {
    value_representation: "finite_binary64",
    publication_quantization: "none",
    integrity_policy: "M03-INTEGRITY-v1",
    status: Failed,
    cases: [
        NumericalCaseQuality {
            basis_ref: ResultBasisRef {
                ref_type: "load_case",
                ref_id: "load:L-GAP",
            },
            structural_status: PhysicalMechanismWitnessed,
            solve_quality: Failed,
            model_matrix_fidelity: NotAssessed,
            accuracy_evidence: NotClaimed,
            evidence_refs: [
                "diagnostic:numerical-integrity:load:L-GAP",
            ],
        },
    ],
} diagnostics=[
    Diagnostic {
        id: "diagnostic:numerical-integrity:load:L-GAP",
        code: "NUMERICAL_INTEGRITY_PHYSICAL_MECHANISM",
        severity: "blocking",
        message: "Load case load:L-GAP: structural integrity: Mechanism { direction: [1.0, -0.0, -0.0, -0.0, -0.0, -0.0, 1.0, -0.0, -0.0, -0.0, -0.0, -0.0] }; global_dof_map=[\"node:N-100:UX\", \"node:N-100:UY\", \"node:N-100:UZ\", \"node:N-100:RX\", \"node:N-100:RY\", \"node:N-100:RZ\", \"node:N-110:UX\", \"node:N-110:UY\", \"node:N-110:UZ\", \"node:N-110:RX\", \"node:N-110:RY\", \"node:N-110:RZ\"]; no structural rejection is bypassed by generic LU or output quantization",
        source: Some(
            "core/product_physics",
        ),
        affected_refs: [
            "load:L-GAP",
        ],
    },
    Diagnostic {
        id: "diagnostic:nonlinear:load-L-GAP:blocked",
        code: "NONLINEAR_SUPPORT_LOOP_BLOCKED",
        severity: "blocking",
        message: "nonlinear support dense preview loop could not run: structural integrity: Mechanism { direction: [1.0, -0.0, -0.0, -0.0, -0.0, -0.0, 1.0, -0.0, -0.0, -0.0, -0.0, -0.0] }",
        source: Some(
            "core/product_physics",
        ),
        affected_refs: [
            "load:L-GAP",
        ],
    },
    Diagnostic {
        id: "diagnostic:physics:selected-state-unavailable",
        code: "SOLVER_SYSTEM_BLOCKED",
        severity: "blocking",
        message: "nonlinear selected mechanics state is unavailable or did not converge",
        source: Some(
            "core/product_physics",
        ),
        affected_refs: [
            "load:L-GAP",
        ],
    },
] rows=[]
DIAGPROBE INPUT label=mixed_original_fixture mode=sparse_interactive {"model":{"schema_version":"0.1.0","document_kind":"openpipestress.product_preview.model","project":{"id":"project:invented-loop-01","units":{"angle":"rad","force":"N","length":"m","pressure":"Pa","stress":"MPa","temperature":"degC"}},"analysis_status":{"mechanics":"ready_for_preview_diagnostics","rule_check":"not_performed_user_rule_inputs_missing","professional_acceptance":"not_provided"},"nodes":[{"id":"node:N-100","position":{"x":0.0,"y":0.0,"z":0.0},"provenance":"invented_example"},{"id":"node:N-110","position":{"x":1.0,"y":0.0,"z":0.0},"provenance":"invented_example"}],"pipe_segments":[{"id":"pipe:P-100","from":"node:N-100","to":"node:N-110","section":{"outside_diameter":{"value":0.168,"unit":"m"},"wall_thickness":{"value":0.007,"unit":"m"},"mill_tolerance":null,"material_density":null,"contents_density":null,"insulation_thickness":null,"insulation_density":null},"section_ref":null,"material":"material:invented-carbon-steel","y_reference":{"x":0.0,"y":1.0,"z":0.0},"provenance":"invented_example_no_standard_catalog"}],"sections":[],"supports":[{"id":"support:S-100","node":"node:N-100","restraints":["UX","UY","UZ","RX","RY","RZ"],"family":"anchor","stiffness":null,"hanger":null,"nonlinear":null,"provenance":"invented_example"},{"id":"support:NL-MIX-ONEWAY-110","node":"node:N-110","restraints":[],"family":"nonlinear","stiffness":null,"hanger":null,"nonlinear":{"behavior":"one_way","dof":"UX","initial_state":"active","active_when":"positive_reaction","contact_when":null,"closes_when":null,"gap":null,"friction_coefficient":null,"normal_reaction":null,"normal_reaction_source":null},"provenance":"invented_example_user_entered_nonlinear_support_no_catalog"},{"id":"support:NL-MIX-GAP-110","node":"node:N-110","restraints":[],"family":"nonlinear","stiffness":null,"hanger":null,"nonlinear":{"behavior":"gap","dof":"UY","initial_state":"inactive","active_when":null,"contact_when":null,"closes_when":"positive_displacement","gap":{"value":0.05,"unit":"mm"},"friction_coefficient":null,"normal_reaction":null,"normal_reaction_source":null},"provenance":"invented_example_user_entered_nonlinear_gap_no_catalog"},{"id":"support:NL-MIX-FRIC-110","node":"node:N-110","restraints":[],"family":"nonlinear","stiffness":null,"hanger":null,"nonlinear":{"behavior":"friction","dof":"UZ","initial_state":"sticking","active_when":null,"contact_when":null,"closes_when":null,"gap":null,"friction_coefficient":{"value":0.3,"unit":"none"},"normal_reaction":{"value":10.0,"unit":"N"},"normal_reaction_source":null},"provenance":"invented_example_user_entered_nonlinear_friction_no_catalog"}],"components":[],"materials":[{"id":"material:invented-carbon-steel","elastic_modulus":{"value":200000000000.0,"unit":"Pa"},"shear_modulus":{"value":77000000000.0,"unit":"Pa"},"thermal_expansion_coefficient":{"value":0.000012,"unit":"1/degC"},"temperature_points":[],"provenance":"invented_example_no_material_standard"}],"load_cases":[{"id":"load:L-MIXED-NONLINEAR","primitive_loads":[{"id":"load:L-MIXED-NONLINEAR-X","category":"occasional","target":{"type":"node","node":"node:N-110"},"direction":"global_x","magnitude":{"value":100.0,"unit":"N"},"dimension":"force","provenance":"invented_example_user_input"},{"id":"load:L-MIXED-NONLINEAR-Y","category":"occasional","target":{"type":"node","node":"node:N-110"},"direction":"global_y","magnitude":{"value":100000.0,"unit":"N"},"dimension":"force","provenance":"invented_example_user_input"},{"id":"load:L-MIXED-NONLINEAR-Z","category":"occasional","target":{"type":"node","node":"node:N-110"},"direction":"global_z","magnitude":{"value":100.0,"unit":"N"},"dimension":"force","provenance":"invented_example_user_input"}],"equivalent_static":null,"modulus_basis_ref":null,"modulus_basis_temperature":null,"provenance":"invented_example_no_code_combination"}],"combinations":[{"id":"combination:C-MIXED-NONLINEAR","label":null,"basis":"mechanics","terms":[{"load_case":"load:L-MIXED-NONLINEAR","factor":1.0}],"minuend_id":null,"subtrahend_id":null,"operand_ids":null,"mode":null,"provenance":"invented_example_no_code_combination"}]},"materials":[{"id":"material:invented-carbon-steel","elastic_modulus":{"value":200000000000.0,"unit":"Pa"},"shear_modulus":{"value":77000000000.0,"unit":"Pa"},"thermal_expansion_coefficient":{"value":0.000012,"unit":"1/degC"},"temperature_points":[],"provenance":"invented_example_no_material_standard"}]}
DIAGPROBE FINAL_QUALIFICATION case=load:L-MIXED-NONLINEAR mode=sparse_interactive outcome=Ok(false) converged=true strict_gap_unqualified_reason=Some("strict-gap proof supports only gap-only objective straight-frame bodies with declared nodal loads and linear springs; mixed/curved/user/affine source capability remains unqualified") final_states=[
    SupportStateRecord {
        support_id: "support:NL-MIX-FRIC-110",
        state: Sliding,
    },
    SupportStateRecord {
        support_id: "support:NL-MIX-GAP-110",
        state: Active,
    },
    SupportStateRecord {
        support_id: "support:NL-MIX-ONEWAY-110",
        state: Inactive,
    },
] selected_u=[
    0.0,
    0.0,
    0.0,
    0.0,
    0.0,
    0.0,
    1.4122000274347406e-7,
    5e-5,
    1.406580954035886e-5,
    0.0,
    -2.109871431053829e-5,
    7.500000000000001e-5,
] selected_reactions=[
    -100.0,
    -344.80774007951345,
    -96.99999999999994,
    0.0,
    96.99999999999997,
    -344.8077400795135,
    0.0,
    -99655.19225992048,
    -3.000000000000057,
    0.0,
    0.0,
    0.0,
]
DIAGPROBE ITERATION index=1 strict_gap=("unsupported", Some("strict-gap proof supports only gap-only objective straight-frame bodies with declared nodal loads and linear springs; mixed/curved/user/affine source capability remains unqualified")) contact_branches_admissible=true active_set=ActiveSetIteration {
    iteration: 1,
    states: [
        SupportStateRecord {
            support_id: "support:NL-MIX-FRIC-110",
            state: Sliding,
        },
        SupportStateRecord {
            support_id: "support:NL-MIX-GAP-110",
            state: Active,
        },
        SupportStateRecord {
            support_id: "support:NL-MIX-ONEWAY-110",
            state: Inactive,
        },
    ],
    changed_supports: [
        "support:NL-MIX-FRIC-110",
        "support:NL-MIX-GAP-110",
        "support:NL-MIX-ONEWAY-110",
    ],
    residual_norm: 3.0,
    converged: false,
    diagnostics: [
        SolverDiagnostic {
            code: NonConvergence,
            class: NonlinearWarning,
            severity: Warning,
            source: SolverIteration,
            message: "solver residual 3 exceeds tolerance 0 before the iteration limit; active-set changed supports: support:NL-MIX-FRIC-110,support:NL-MIX-GAP-110,support:NL-MIX-ONEWAY-110; active-set states: support:NL-MIX-FRIC-110=sliding,support:NL-MIX-GAP-110=active,support:NL-MIX-ONEWAY-110=inactive",
            affected_ref: Some(
                "active-set:support:NL-MIX-FRIC-110,support:NL-MIX-GAP-110,support:NL-MIX-ONEWAY-110",
            ),
            canonical_ref: None,
            remediation: Some(
                "Review the nonlinear iteration inputs, active-set state, and accepted tolerance policy.",
            ),
            provenance: DiagnosticProvenance {
                source_name: "OpenPipeStress solver diagnostics",
                source_location: "core/solver/diagnostics",
                source_license: "project-governed",
                contributor: "software",
                redistribution_status: "public_project_record",
                review_status: "TBD",
            },
            quantity_units: [],
        },
    ],
} active_dofs=[
    0,
    1,
    2,
    3,
    4,
    5,
    6,
    8,
] prescribed=[
    0.0,
    0.0,
    0.0,
    0.0,
    0.0,
    0.0,
    0.0,
    0.0,
] selected_u=[
    0.0,
    0.0,
    0.0,
    0.0,
    0.0,
    0.0,
    0.0,
    0.014500834577689546,
    0.0,
    0.0,
    0.0,
    0.02175125186653432,
] selected_reactions=[
    0.0,
    -100000.0,
    0.0,
    0.0,
    0.0,
    -99999.99999999997,
    -100.0,
    0.0,
    -100.0,
    0.0,
    0.0,
    0.0,
] sliding_forces=[] residual_observations=NonlinearResidualObservation {
    active_set_changed_support_count: 3.0,
    max_abs_translation_delta_from_previous: None,
    max_abs_rotation_delta_from_previous: None,
    max_abs_force_reaction_delta_from_previous: None,
    max_abs_moment_reaction_delta_from_previous: None,
    max_abs_free_dof_force_residual: 0.0,
    max_abs_free_dof_moment_residual: 0.0,
    max_abs_free_dof_work_residual: 0.0,
} ordinary_structural_report=StructuralReport {
    policy: "M03-INTEGRITY-v1",
    quality: Passed,
    factorization: "positive skyline LDL",
    scale_exponents: [
        -12,
        -10,
        -11,
        -11,
    ],
    pivots: [
        PivotEvidence {
            ordered_index: 0,
            global_dof: 10,
            pivot: 2.192228572079426,
            cancellation_scale: 2.192228572079426,
            operation_count: 2,
            screen: 3.1153441740335475e-14,
        },
        PivotEvidence {
            ordered_index: 1,
            global_dof: 9,
            pivot: 1.6880160005011582,
            cancellation_scale: 1.6880160005011582,
            operation_count: 2,
            screen: 2.3988150140058318e-14,
        },
        PivotEvidence {
            ordered_index: 2,
            global_dof: 11,
            pivot: 2.192228572079426,
            cancellation_scale: 2.192228572079426,
            operation_count: 2,
            screen: 3.1153441740335475e-14,
        },
        PivotEvidence {
            ordered_index: 3,
            global_dof: 7,
            pivot: 0.41104285726489254,
            cancellation_scale: 2.877300000854247,
            operation_count: 4,
            screen: 8.177778456838064e-14,
        },
    ],
    condition_estimator: "Hager-Higham inverse-1-norm iteration with alternating-vector safeguard",
    reciprocal_condition_estimate: 0.06122448979591839,
    residual_rows: [
        ResidualRow {
            global_dof: 7,
            residual: 0.0,
            denominator: 799999.9999999998,
            row_scale_exponent: 18,
            normalized_residual: 0.0,
            normalized_denominator: 3.051757812499999,
            normalized_evaluation_allowance: 3.388131789017208e-15,
            normalization_basis: "radix mantissas; one multiply/add per term; physical records descriptive",
            operation_count: 10,
            evaluation_allowance: 8.88178419700127e-10,
            guarded_ratio: 1.110223024625161e-15,
            target: 7.10542735760101e-14,
            passed: true,
        },
        ResidualRow {
            global_dof: 9,
            residual: 0.0,
            denominator: 0.0,
            row_scale_exponent: 0,
            normalized_residual: 0.0,
            normalized_denominator: 0.0,
            normalized_evaluation_allowance: 0.0,
            normalization_basis: "radix mantissas; one multiply/add per term; physical records descriptive",
            operation_count: 6,
            evaluation_allowance: 0.0,
            guarded_ratio: 0.0,
            target: 4.263256414560604e-14,
            passed: true,
        },
        ResidualRow {
            global_dof: 10,
            residual: 0.0,
            denominator: 0.0,
            row_scale_exponent: 0,
            normalized_residual: 0.0,
            normalized_denominator: 0.0,
            normalized_evaluation_allowance: 0.0,
            normalization_basis: "radix mantissas; one multiply/add per term; physical records descriptive",
            operation_count: 10,
            evaluation_allowance: 0.0,
            guarded_ratio: 0.0,
            target: 7.10542735760101e-14,
            passed: true,
        },
        ResidualRow {
            global_dof: 11,
            residual: 0.0,
            denominator: 399999.9999999999,
            row_scale_exponent: 18,
            normalized_residual: 0.0,
            normalized_denominator: 1.5258789062499996,
            normalized_evaluation_allowance: 1.694065894508604e-15,
            normalization_basis: "radix mantissas; one multiply/add per term; physical records descriptive",
            operation_count: 10,
            evaluation_allowance: 4.440892098500635e-10,
            guarded_ratio: 1.110223024625161e-15,
            target: 7.10542735760101e-14,
            passed: true,
        },
    ],
    refinement_attempts: 0,
    contribution_audit_performed: true,
    contribution_rounding: [],
    assembly_relative_perturbation_estimate: 0.0,
    assembly_amplification_estimate: 0.0,
    assembly_load_perturbation_estimate: 0.0,
    intended_residual_rows: [
        ResidualRow {
            global_dof: 7,
            residual: -2.9479724001361275e-11,
            denominator: 799999.9999999998,
            row_scale_exponent: 18,
            normalized_residual: -1.1245622253937254e-16,
            normalized_denominator: 3.051757812499999,
            normalized_evaluation_allowance: 1.8973538018496558e-14,
            normalization_basis: "exact contribution expansions and full intended free action including prescribed DOFs",
            operation_count: 56,
            evaluation_allowance: 4.973799150320762e-9,
            guarded_ratio: 6.2540985929026995e-15,
            target: 3.979039320256586e-13,
            passed: true,
        },
        ResidualRow {
            global_dof: 9,
            residual: -0.0,
            denominator: 0.0,
            row_scale_exponent: 0,
            normalized_residual: -0.0,
            normalized_denominator: 0.0,
            normalized_evaluation_allowance: 0.0,
            normalization_basis: "exact contribution expansions and full intended free action including prescribed DOFs",
            operation_count: 6,
            evaluation_allowance: 0.0,
            guarded_ratio: 0.0,
            target: 4.263256414560604e-14,
            passed: true,
        },
        ResidualRow {
            global_dof: 10,
            residual: -0.0,
            denominator: 0.0,
            row_scale_exponent: 0,
            normalized_residual: -0.0,
            normalized_denominator: 0.0,
            normalized_evaluation_allowance: 0.0,
            normalization_basis: "exact contribution expansions and full intended free action including prescribed DOFs",
            operation_count: 10,
            evaluation_allowance: 0.0,
            guarded_ratio: 0.0,
            target: 7.10542735760101e-14,
            passed: true,
        },
        ResidualRow {
            global_dof: 11,
            residual: -1.3504954592966983e-11,
            denominator: 399999.9999999999,
            row_scale_exponent: 18,
            normalized_residual: -5.1517313358180936e-17,
            normalized_denominator: 1.5258789062499996,
            normalized_evaluation_allowance: 7.453889935837914e-15,
            normalization_basis: "exact contribution expansions and full intended free action including prescribed DOFs",
            operation_count: 44,
            evaluation_allowance: 1.953992523340294e-9,
            guarded_ratio: 4.918743694833182e-15,
            target: 3.126388037344456e-13,
            passed: true,
        },
    ],
    symmetry_projection_performed: false,
    maximum_scaled_skew: 0.0,
    symmetry_basis: Some(
        "represented local matrices; two-stage 12-term frame transforms plus directed scatter; curved H*K and (H*K)*H^T six-term stages when traced; inverse accuracy not claimed; objective welded unreleased straight-frame family",
    ),
} selected_product_equilibrium=ProductEquilibriumReport {
    policy: "M03-PRODUCT-PREVIEW-EQUILIBRIUM-v1",
    rows: [
        ResidualRow {
            global_dof: 7,
            residual: 0.0,
            denominator: 799999.9999999998,
            row_scale_exponent: 18,
            normalized_residual: 0.0,
            normalized_denominator: 3.051757812499999,
            normalized_evaluation_allowance: 3.388131789017208e-15,
            normalization_basis: "radix mantissas; one multiply/add per term; physical records descriptive",
            operation_count: 10,
            evaluation_allowance: 8.88178419700127e-10,
            guarded_ratio: 1.110223024625161e-15,
            target: 7.10542735760101e-14,
            passed: true,
        },
        ResidualRow {
            global_dof: 9,
            residual: 0.0,
            denominator: 0.0,
            row_scale_exponent: 0,
            normalized_residual: 0.0,
            normalized_denominator: 0.0,
            normalized_evaluation_allowance: 0.0,
            normalization_basis: "radix mantissas; one multiply/add per term; physical records descriptive",
            operation_count: 6,
            evaluation_allowance: 0.0,
            guarded_ratio: 0.0,
            target: 4.263256414560604e-14,
            passed: true,
        },
        ResidualRow {
            global_dof: 10,
            residual: 0.0,
            denominator: 0.0,
            row_scale_exponent: 0,
            normalized_residual: 0.0,
            normalized_denominator: 0.0,
            normalized_evaluation_allowance: 0.0,
            normalization_basis: "radix mantissas; one multiply/add per term; physical records descriptive",
            operation_count: 10,
            evaluation_allowance: 0.0,
            guarded_ratio: 0.0,
            target: 7.10542735760101e-14,
            passed: true,
        },
        ResidualRow {
            global_dof: 11,
            residual: 0.0,
            denominator: 399999.9999999999,
            row_scale_exponent: 18,
            normalized_residual: 0.0,
            normalized_denominator: 1.5258789062499996,
            normalized_evaluation_allowance: 1.694065894508604e-15,
            normalization_basis: "radix mantissas; one multiply/add per term; physical records descriptive",
            operation_count: 10,
            evaluation_allowance: 4.440892098500635e-10,
            guarded_ratio: 1.110223024625161e-15,
            target: 7.10542735760101e-14,
            passed: true,
        },
    ],
    work_rows: [
        WorkRow {
            global_dof: 7,
            observed_work: 0.0,
            evaluation_allowance: 1.287932833954526e-11,
            derived_target: 8.242770137308946e-10,
            normalized_work: 0.0,
            normalized_allowance: 6.288734540793584e-15,
            normalized_target: 4.024790106107884e-13,
            scale_exponent: 11,
            passed: true,
        },
        WorkRow {
            global_dof: 9,
            observed_work: 0.0,
            evaluation_allowance: 0.0,
            derived_target: 0.0,
            normalized_work: 0.0,
            normalized_allowance: 0.0,
            normalized_target: 0.0,
            scale_exponent: 0,
            passed: true,
        },
        WorkRow {
            global_dof: 10,
            observed_work: 0.0,
            evaluation_allowance: 0.0,
            derived_target: 0.0,
            normalized_work: 0.0,
            normalized_allowance: 0.0,
            normalized_target: 0.0,
            scale_exponent: 0,
            passed: true,
        },
        WorkRow {
            global_dof: 11,
            observed_work: 0.0,
            evaluation_allowance: 9.659496254658945e-12,
            derived_target: 6.18207760298171e-10,
            normalized_work: 0.0,
            normalized_allowance: 2.358275452797594e-15,
            normalized_target: 1.5092962897904566e-13,
            scale_exponent: 12,
            passed: true,
        },
    ],
    observed_governing_work_dof: Some(
        11,
    ),
    passed: true,
}
DIAGPROBE ITERATION index=2 strict_gap=("unsupported", Some("strict-gap proof supports only gap-only objective straight-frame bodies with declared nodal loads and linear springs; mixed/curved/user/affine source capability remains unqualified")) contact_branches_admissible=true active_set=ActiveSetIteration {
    iteration: 2,
    states: [
        SupportStateRecord {
            support_id: "support:NL-MIX-FRIC-110",
            state: Sliding,
        },
        SupportStateRecord {
            support_id: "support:NL-MIX-GAP-110",
            state: Active,
        },
        SupportStateRecord {
            support_id: "support:NL-MIX-ONEWAY-110",
            state: Inactive,
        },
    ],
    changed_supports: [],
    residual_norm: 0.0,
    converged: true,
    diagnostics: [],
} active_dofs=[
    0,
    1,
    2,
    3,
    4,
    5,
    7,
] prescribed=[
    0.0,
    0.0,
    0.0,
    0.0,
    0.0,
    0.0,
    5e-5,
] selected_u=[
    0.0,
    0.0,
    0.0,
    0.0,
    0.0,
    0.0,
    1.4122000274347406e-7,
    5e-5,
    1.406580954035886e-5,
    0.0,
    -2.109871431053829e-5,
    7.500000000000001e-5,
] selected_reactions=[
    -100.0,
    -344.80774007951345,
    -96.99999999999994,
    0.0,
    96.99999999999997,
    -344.8077400795135,
    0.0,
    -99655.19225992048,
    -3.000000000000057,
    0.0,
    0.0,
    0.0,
] sliding_forces=[
    AppliedSlidingFrictionForce {
        support_id: "support:NL-MIX-FRIC-110",
        global_dof: 8,
        force: -3.0,
    },
] residual_observations=NonlinearResidualObservation {
    active_set_changed_support_count: 0.0,
    max_abs_translation_delta_from_previous: Some(
        0.014450834577689546,
    ),
    max_abs_rotation_delta_from_previous: Some(
        0.02167625186653432,
    ),
    max_abs_force_reaction_delta_from_previous: Some(
        99655.19225992048,
    ),
    max_abs_moment_reaction_delta_from_previous: Some(
        99655.19225992046,
    ),
    max_abs_free_dof_force_residual: 5.684341886080802e-14,
    max_abs_free_dof_moment_residual: 0.0,
    max_abs_free_dof_work_residual: 7.995487033189681e-19,
} ordinary_structural_report=StructuralReport {
    policy: "M03-INTEGRITY-v1",
    quality: Passed,
    factorization: "positive skyline LDL",
    scale_exponents: [
        -14,
        -12,
        -10,
        -11,
        -11,
    ],
    pivots: [
        PivotEvidence {
            ordered_index: 0,
            global_dof: 11,
            pivot: 2.192228572079426,
            cancellation_scale: 2.192228572079426,
            operation_count: 2,
            screen: 3.1153441740335475e-14,
        },
        PivotEvidence {
            ordered_index: 1,
            global_dof: 9,
            pivot: 1.6880160005011582,
            cancellation_scale: 1.6880160005011582,
            operation_count: 2,
            screen: 2.3988150140058318e-14,
        },
        PivotEvidence {
            ordered_index: 2,
            global_dof: 10,
            pivot: 2.192228572079426,
            cancellation_scale: 2.192228572079426,
            operation_count: 2,
            screen: 3.1153441740335475e-14,
        },
        PivotEvidence {
            ordered_index: 3,
            global_dof: 8,
            pivot: 0.41104285726489254,
            cancellation_scale: 2.877300000854247,
            operation_count: 4,
            screen: 8.177778456838064e-14,
        },
        PivotEvidence {
            ordered_index: 4,
            global_dof: 6,
            pivot: 2.6379338805345434,
            cancellation_scale: 2.6379338805345434,
            operation_count: 2,
            screen: 3.748729512458544e-14,
        },
    ],
    condition_estimator: "Hager-Higham inverse-1-norm iteration with alternating-vector safeguard",
    reciprocal_condition_estimate: 0.06122448979591839,
    residual_rows: [
        ResidualRow {
            global_dof: 6,
            residual: 0.0,
            denominator: 200.0,
            row_scale_exponent: 7,
            normalized_residual: 0.0,
            normalized_denominator: 1.5625,
            normalized_evaluation_allowance: 1.0408340855860858e-15,
            normalization_basis: "radix mantissas; one multiply/add per term; physical records descriptive",
            operation_count: 6,
            evaluation_allowance: 1.3322676295501899e-13,
            guarded_ratio: 6.66133814775096e-16,
            target: 4.263256414560604e-14,
            passed: true,
        },
        ResidualRow {
            global_dof: 8,
            residual: -5.684341886080802e-14,
            denominator: 775.9999999999998,
            row_scale_exponent: 8,
            normalized_residual: -2.220446049250313e-16,
            normalized_denominator: 3.031249999999999,
            normalized_evaluation_allowance: 3.365363543395012e-15,
            normalization_basis: "radix mantissas; one multiply/add per term; physical records descriptive",
            operation_count: 10,
            evaluation_allowance: 8.615330671091231e-13,
            guarded_ratio: 1.1834748530540375e-15,
            target: 7.10542735760101e-14,
            passed: true,
        },
        ResidualRow {
            global_dof: 9,
            residual: 0.0,
            denominator: 0.0,
            row_scale_exponent: 0,
            normalized_residual: 0.0,
            normalized_denominator: 0.0,
            normalized_evaluation_allowance: 0.0,
            normalization_basis: "radix mantissas; one multiply/add per term; physical records descriptive",
            operation_count: 6,
            evaluation_allowance: 0.0,
            guarded_ratio: 0.0,
            target: 4.263256414560604e-14,
            passed: true,
        },
        ResidualRow {
            global_dof: 10,
            residual: 0.0,
            denominator: 387.9999999999999,
            row_scale_exponent: 8,
            normalized_residual: 0.0,
            normalized_denominator: 1.5156249999999996,
            normalized_evaluation_allowance: 1.682681771697506e-15,
            normalization_basis: "radix mantissas; one multiply/add per term; physical records descriptive",
            operation_count: 10,
            evaluation_allowance: 4.3076653355456155e-13,
            guarded_ratio: 1.110223024625161e-15,
            target: 7.10542735760101e-14,
            passed: true,
        },
        ResidualRow {
            global_dof: 11,
            residual: 0.0,
            denominator: 1379.230960318054,
            row_scale_exponent: 10,
            normalized_residual: 0.0,
            normalized_denominator: 1.3469052346855996,
            normalized_evaluation_allowance: 1.4953652035361058e-15,
            normalization_basis: "radix mantissas; one multiply/add per term; physical records descriptive",
            operation_count: 10,
            evaluation_allowance: 1.5312539684209724e-12,
            guarded_ratio: 1.110223024625161e-15,
            target: 7.10542735760101e-14,
            passed: true,
        },
    ],
    refinement_attempts: 0,
    contribution_audit_performed: true,
    contribution_rounding: [],
    assembly_relative_perturbation_estimate: 0.0,
    assembly_amplification_estimate: 0.0,
    assembly_load_perturbation_estimate: 0.0,
    intended_residual_rows: [
        ResidualRow {
            global_dof: 6,
            residual: -4.384155759990053e-15,
            denominator: 200.0,
            row_scale_exponent: 7,
            normalized_residual: -3.425121687492229e-17,
            normalized_denominator: 1.5625,
            normalized_evaluation_allowance: 4.5102810375397245e-15,
            normalization_basis: "exact contribution expansions and full intended free action including prescribed DOFs",
            operation_count: 26,
            evaluation_allowance: 5.773159728050847e-13,
            guarded_ratio: 2.9085006428253847e-15,
            target: 1.8474111129762658e-13,
            passed: true,
        },
        ResidualRow {
            global_dof: 8,
            residual: -5.419598456585851e-14,
            denominator: 775.9999999999998,
            row_scale_exponent: 8,
            normalized_residual: -2.1170306471038481e-16,
            normalized_denominator: 3.031249999999999,
            normalized_evaluation_allowance: 2.086525396904932e-14,
            normalization_basis: "exact contribution expansions and full intended free action including prescribed DOFs",
            operation_count: 62,
            evaluation_allowance: 5.341505016076626e-12,
            guarded_ratio: 6.953222938972329e-15,
            target: 4.4053649617126514e-13,
            passed: true,
        },
        ResidualRow {
            global_dof: 9,
            residual: -0.0,
            denominator: 0.0,
            row_scale_exponent: 0,
            normalized_residual: -0.0,
            normalized_denominator: 0.0,
            normalized_evaluation_allowance: 0.0,
            normalization_basis: "exact contribution expansions and full intended free action including prescribed DOFs",
            operation_count: 6,
            evaluation_allowance: 0.0,
            guarded_ratio: 0.0,
            target: 4.263256414560604e-14,
            passed: true,
        },
        ResidualRow {
            global_dof: 10,
            residual: -2.4769149149897607e-15,
            denominator: 387.9999999999999,
            row_scale_exponent: 8,
            normalized_residual: -9.675448886678753e-18,
            normalized_denominator: 1.5156249999999996,
            normalized_evaluation_allowance: 7.403799795469082e-15,
            normalization_basis: "exact contribution expansions and full intended free action including prescribed DOFs",
            operation_count: 44,
            evaluation_allowance: 1.895372747640085e-12,
            guarded_ratio: 4.891365109678058e-15,
            target: 3.126388037344456e-13,
            passed: true,
        },
        ResidualRow {
            global_dof: 11,
            residual: -1.541268699043846e-14,
            denominator: 1379.230960318054,
            row_scale_exponent: 10,
            normalized_residual: -1.5051452139100058e-17,
            normalized_denominator: 1.3469052346855996,
            normalized_evaluation_allowance: 6.579606895558916e-15,
            normalization_basis: "exact contribution expansions and full intended free action including prescribed DOFs",
            operation_count: 44,
            evaluation_allowance: 6.73751746105233e-12,
            guarded_ratio: 4.896156149573067e-15,
            target: 3.126388037344456e-13,
            passed: true,
        },
    ],
    symmetry_projection_performed: false,
    maximum_scaled_skew: 0.0,
    symmetry_basis: Some(
        "represented local matrices; two-stage 12-term frame transforms plus directed scatter; curved H*K and (H*K)*H^T six-term stages when traced; inverse accuracy not claimed; objective welded unreleased straight-frame family",
    ),
} selected_product_equilibrium=ProductEquilibriumReport {
    policy: "M03-PRODUCT-PREVIEW-EQUILIBRIUM-v1",
    rows: [
        ResidualRow {
            global_dof: 6,
            residual: 0.0,
            denominator: 200.0,
            row_scale_exponent: 7,
            normalized_residual: 0.0,
            normalized_denominator: 1.5625,
            normalized_evaluation_allowance: 1.0408340855860858e-15,
            normalization_basis: "radix mantissas; one multiply/add per term; physical records descriptive",
            operation_count: 6,
            evaluation_allowance: 1.3322676295501899e-13,
            guarded_ratio: 6.66133814775096e-16,
            target: 4.263256414560604e-14,
            passed: true,
        },
        ResidualRow {
            global_dof: 8,
            residual: -5.684341886080802e-14,
            denominator: 775.9999999999998,
            row_scale_exponent: 8,
            normalized_residual: -2.220446049250313e-16,
            normalized_denominator: 3.031249999999999,
            normalized_evaluation_allowance: 3.365363543395012e-15,
            normalization_basis: "radix mantissas; one multiply/add per term; physical records descriptive",
            operation_count: 10,
            evaluation_allowance: 8.615330671091231e-13,
            guarded_ratio: 1.1834748530540375e-15,
            target: 7.10542735760101e-14,
            passed: true,
        },
        ResidualRow {
            global_dof: 9,
            residual: 0.0,
            denominator: 0.0,
            row_scale_exponent: 0,
            normalized_residual: 0.0,
            normalized_denominator: 0.0,
            normalized_evaluation_allowance: 0.0,
            normalization_basis: "radix mantissas; one multiply/add per term; physical records descriptive",
            operation_count: 6,
            evaluation_allowance: 0.0,
            guarded_ratio: 0.0,
            target: 4.263256414560604e-14,
            passed: true,
        },
        ResidualRow {
            global_dof: 10,
            residual: 0.0,
            denominator: 387.9999999999999,
            row_scale_exponent: 8,
            normalized_residual: 0.0,
            normalized_denominator: 1.5156249999999996,
            normalized_evaluation_allowance: 1.682681771697506e-15,
            normalization_basis: "radix mantissas; one multiply/add per term; physical records descriptive",
            operation_count: 10,
            evaluation_allowance: 4.3076653355456155e-13,
            guarded_ratio: 1.110223024625161e-15,
            target: 7.10542735760101e-14,
            passed: true,
        },
        ResidualRow {
            global_dof: 11,
            residual: 0.0,
            denominator: 1379.230960318054,
            row_scale_exponent: 10,
            normalized_residual: 0.0,
            normalized_denominator: 1.3469052346855996,
            normalized_evaluation_allowance: 1.4953652035361058e-15,
            normalization_basis: "radix mantissas; one multiply/add per term; physical records descriptive",
            operation_count: 10,
            evaluation_allowance: 1.5312539684209724e-12,
            guarded_ratio: 1.110223024625161e-15,
            target: 7.10542735760101e-14,
            passed: true,
        },
    ],
    work_rows: [
        WorkRow {
            global_dof: 6,
            observed_work: 0.0,
            evaluation_allowance: 1.881428383001195e-20,
            derived_target: 1.204114165120763e-18,
            normalized_work: 0.0,
            normalized_allowance: 1.2330129050836632e-15,
            normalized_target: 7.891282592535432e-14,
            scale_exponent: -16,
            passed: true,
        },
        WorkRow {
            global_dof: 8,
            observed_work: 7.995487033189681e-19,
            evaluation_allowance: 1.2118160034678133e-17,
            derived_target: 7.755622422193988e-16,
            normalized_work: 4.0936893609931167e-16,
            normalized_allowance: 6.204497937755204e-15,
            normalized_target: 3.970878680163322e-13,
            scale_exponent: -9,
            passed: true,
        },
        WorkRow {
            global_dof: 9,
            observed_work: 0.0,
            evaluation_allowance: 0.0,
            derived_target: 0.0,
            normalized_work: 0.0,
            normalized_allowance: 0.0,
            normalized_target: 0.0,
            scale_exponent: 0,
            passed: true,
        },
        WorkRow {
            global_dof: 10,
            observed_work: 0.0,
            evaluation_allowance: 9.0886200260086e-18,
            derived_target: 5.816716816645491e-16,
            normalized_work: 0.0,
            normalized_allowance: 2.3266867266582015e-15,
            normalized_target: 1.4890795050612457e-13,
            scale_exponent: -8,
            passed: true,
        },
        WorkRow {
            global_dof: 11,
            observed_work: 0.0,
            evaluation_allowance: 1.1484404763157295e-16,
            derived_target: 7.350019048420653e-15,
            normalized_work: 0.0,
            normalized_allowance: 1.837504762105167e-15,
            normalized_target: 1.1760030477473044e-13,
            scale_exponent: -4,
            passed: true,
        },
    ],
    observed_governing_work_dof: Some(
        8,
    ),
    passed: true,
}
DIAGPROBE OUTPUT label=mixed_original_fixture mode=sparse_interactive status=StatusEnvelope {
    mechanics: "MODEL_INCOMPLETE",
    rule_check: "RULE_INPUTS_INCOMPLETE",
    professional_acceptance: "NOT_PROVIDED",
} quality=NumericalQuality {
    value_representation: "finite_binary64",
    publication_quantization: "none",
    integrity_policy: "M03-INTEGRITY-v1",
    status: Unresolved,
    cases: [
        NumericalCaseQuality {
            basis_ref: ResultBasisRef {
                ref_type: "load_case",
                ref_id: "load:L-MIXED-NONLINEAR",
            },
            structural_status: NumericallyUnresolved,
            solve_quality: Unresolved,
            model_matrix_fidelity: AssemblyUncertainty,
            accuracy_evidence: Unresolved,
            evidence_refs: [
                "diagnostic:numerical-integrity:load:L-MIXED-NONLINEAR",
            ],
        },
    ],
} diagnostics=[
    Diagnostic {
        id: "diagnostic:numerical-integrity:load:L-MIXED-NONLINEAR",
        code: "NUMERICAL_INTEGRITY_UNRESOLVED",
        severity: "blocking",
        message: "Load case load:L-MIXED-NONLINEAR: structural integrity: NumericallyUnresolved { reason: \"M03 product final same-state equilibrium/contact qualification failed\", global_dof: None }; global_dof_map=[\"node:N-100:UX\", \"node:N-100:UY\", \"node:N-100:UZ\", \"node:N-100:RX\", \"node:N-100:RY\", \"node:N-100:RZ\", \"node:N-110:UX\", \"node:N-110:UY\", \"node:N-110:UZ\", \"node:N-110:RX\", \"node:N-110:RY\", \"node:N-110:RZ\"]; no structural rejection is bypassed by generic LU or output quantization",
        source: Some(
            "core/product_physics",
        ),
        affected_refs: [
            "load:L-MIXED-NONLINEAR",
        ],
    },
    Diagnostic {
        id: "diagnostic:physics:selected-state-unavailable",
        code: "SOLVER_SYSTEM_BLOCKED",
        severity: "blocking",
        message: "nonlinear selected mechanics state is unavailable or did not converge",
        source: Some(
            "core/product_physics",
        ),
        affected_refs: [
            "load:L-MIXED-NONLINEAR",
        ],
    },
] rows=[]
ok

test result: ok. 1 passed; 0 failed; 0 ignored; 0 measured; 203 filtered out; finished in 0.21s

