SubjectID,Name,ParentKnowledgeTypeID,CategoryID,Description,CoversUnits,MappedUnitCount,Keywords,SourceBasis,Status,Notes
SUB-01-01-01_DEL-00-01,DEL-00-01 Architecture decision record baseline — Datasheet,KTY-01-01_Datasheet-Reference,CAT-001,DEL-00-01 Architecture decision record baseline — Datasheet,HBA-ED001-00001;HBA-ED001-00002;HBA-ED001-00003;HBA-ED001-00004;HBA-ED001-00005;HBA-ED001-00006;HBA-ED001-00007;HBA-ED001-00008;HBA-ED001-00009;HBA-ED001-00010;HBA-ED001-00011;HBA-ED001-00012;HBA-ED001-00013;HBA-ED001-00014;HBA-ED001-00015;HBA-ED001-00016;HBA-ED001-00017;HBA-ED001-00018;HBA-ED001-00019;HBA-ED001-00020;HBA-ED001-00021;HBA-ED001-00022;HBA-ED001-00023;HBA-ED001-00024;HBA-ED001-00025,25,,EXECUTION_DELIVERABLE/DEL-00-01,ACCEPTED_GATE4,
SUB-01-01-02_DEL-00-02,DEL-00-02 Repository and module boundary architecture — Datasheet,KTY-01-01_Datasheet-Reference,CAT-001,DEL-00-02 Repository and module boundary architecture — Datasheet,HBA-ED002-00001;HBA-ED002-00002;HBA-ED002-00003;HBA-ED002-00004;HBA-ED002-00005;HBA-ED002-00006;HBA-ED002-00007;HBA-ED002-00008;HBA-ED002-00009;HBA-ED002-00010;HBA-ED002-00011;HBA-ED002-00012;HBA-ED002-00013;HBA-ED002-00014;HBA-ED002-00015;HBA-ED002-00016;HBA-ED002-00021;HBA-ED002-00022;HBA-ED002-00023;HBA-ED002-00024;HBA-ED002-00025,21,,EXECUTION_DELIVERABLE/DEL-00-02,ACCEPTED_GATE4,
SUB-01-01-03_DEL-00-03,DEL-00-03 Application service command query job model — Datasheet,KTY-01-01_Datasheet-Reference,CAT-001,DEL-00-03 Application service command query job model — Datasheet,HBA-ED003-00001;HBA-ED003-00002;HBA-ED003-00003;HBA-ED003-00004;HBA-ED003-00005;HBA-ED003-00006;HBA-ED003-00007;HBA-ED003-00008;HBA-ED003-00009;HBA-ED003-00010;HBA-ED003-00011;HBA-ED003-00012;HBA-ED003-00013;HBA-ED003-00014;HBA-ED003-00015;HBA-ED003-00016;HBA-ED003-00017;HBA-ED003-00018;HBA-ED003-00019;HBA-ED003-00020;HBA-ED003-00025;HBA-ED003-00026;HBA-ED003-00027;HBA-ED003-00028;HBA-ED003-00029,25,,EXECUTION_DELIVERABLE/DEL-00-03,ACCEPTED_GATE4,
SUB-01-01-04_DEL-00-04,DEL-00-04 Persistence and schema versioning architecture — Datasheet,KTY-01-01_Datasheet-Reference,CAT-001,DEL-00-04 Persistence and schema versioning architecture — Datasheet,HBA-ED004-00001;HBA-ED004-00002;HBA-ED004-00003;HBA-ED004-00004;HBA-ED004-00005;HBA-ED004-00006;HBA-ED004-00007;HBA-ED004-00008;HBA-ED004-00009;HBA-ED004-00010;HBA-ED004-00011;HBA-ED004-00012;HBA-ED004-00013;HBA-ED004-00014;HBA-ED004-00015;HBA-ED004-00021;HBA-ED004-00022;HBA-ED004-00023;HBA-ED004-00024,19,,EXECUTION_DELIVERABLE/DEL-00-04,ACCEPTED_GATE4,
SUB-01-01-05_DEL-00-05,DEL-00-05 GUI state and interaction architecture — Datasheet,KTY-01-01_Datasheet-Reference,CAT-001,DEL-00-05 GUI state and interaction architecture — Datasheet,HBA-ED005-00001;HBA-ED005-00002;HBA-ED005-00003;HBA-ED005-00004;HBA-ED005-00005;HBA-ED005-00006;HBA-ED005-00007;HBA-ED005-00008;HBA-ED005-00009;HBA-ED005-00010;HBA-ED005-00011;HBA-ED005-00012;HBA-ED005-00013;HBA-ED005-00014;HBA-ED005-00015;HBA-ED005-00016;HBA-ED005-00017;HBA-ED005-00018;HBA-ED005-00019;HBA-ED005-00020;HBA-ED005-00021;HBA-ED005-00027;HBA-ED005-00028;HBA-ED005-00029;HBA-ED005-00030;HBA-ED005-00031,26,,EXECUTION_DELIVERABLE/DEL-00-05,ACCEPTED_GATE4,
SUB-01-01-06_DEL-00-06,"DEL-00-06 Diagnostics, warning, and result envelope contract — Datasheet",KTY-01-01_Datasheet-Reference,CAT-001,"DEL-00-06 Diagnostics, warning, and result envelope contract — Datasheet",HBA-ED006-00001;HBA-ED006-00002;HBA-ED006-00003;HBA-ED006-00004;HBA-ED006-00005;HBA-ED006-00006;HBA-ED006-00007;HBA-ED006-00008;HBA-ED006-00009;HBA-ED006-00010;HBA-ED006-00011;HBA-ED006-00012;HBA-ED006-00013;HBA-ED006-00014;HBA-ED006-00015;HBA-ED006-00016;HBA-ED006-00017;HBA-ED006-00018;HBA-ED006-00019;HBA-ED006-00025;HBA-ED006-00026;HBA-ED006-00027;HBA-ED006-00028;HBA-ED006-00029,24,,EXECUTION_DELIVERABLE/DEL-00-06,ACCEPTED_GATE4,
SUB-01-01-07_DEL-00-07,DEL-00-07 API boundary and adapter contract map — Datasheet,KTY-01-01_Datasheet-Reference,CAT-001,DEL-00-07 API boundary and adapter contract map — Datasheet,HBA-ED007-00001;HBA-ED007-00002;HBA-ED007-00003;HBA-ED007-00004;HBA-ED007-00005;HBA-ED007-00006;HBA-ED007-00007;HBA-ED007-00008;HBA-ED007-00009;HBA-ED007-00010;HBA-ED007-00011;HBA-ED007-00012;HBA-ED007-00013;HBA-ED007-00014;HBA-ED007-00015;HBA-ED007-00016;HBA-ED007-00017;HBA-ED007-00018;HBA-ED007-00019;HBA-ED007-00020;HBA-ED007-00026;HBA-ED007-00027;HBA-ED007-00028;HBA-ED007-00029;HBA-ED007-00030,25,,EXECUTION_DELIVERABLE/DEL-00-07,ACCEPTED_GATE4,
SUB-01-01-08_DEL-00-08,DEL-00-08 Layered software test and acceptance strategy — Datasheet,KTY-01-01_Datasheet-Reference,CAT-001,DEL-00-08 Layered software test and acceptance strategy — Datasheet,HBA-ED008-00001;HBA-ED008-00002;HBA-ED008-00003;HBA-ED008-00004;HBA-ED008-00005;HBA-ED008-00006;HBA-ED008-00007;HBA-ED008-00008;HBA-ED008-00009;HBA-ED008-00010;HBA-ED008-00011;HBA-ED008-00012;HBA-ED008-00013;HBA-ED008-00014;HBA-ED008-00015;HBA-ED008-00016;HBA-ED008-00017;HBA-ED008-00018;HBA-ED008-00019;HBA-ED008-00020;HBA-ED008-00026;HBA-ED008-00027;HBA-ED008-00028;HBA-ED008-00029;HBA-ED008-00030,25,,EXECUTION_DELIVERABLE/DEL-00-08,ACCEPTED_GATE4,
SUB-01-02-01_DEL-00-01,DEL-00-01 Architecture decision record baseline — Specification,KTY-01-02_Specification,CAT-001,DEL-00-01 Architecture decision record baseline — Specification,HBA-ED001-00061;HBA-ED001-00062;HBA-ED001-00063;HBA-ED001-00064;HBA-ED001-00065;HBA-ED001-00066;HBA-ED001-00067;HBA-ED001-00068;HBA-ED001-00069;HBA-ED001-00070;HBA-ED001-00071;HBA-ED001-00072;HBA-ED001-00073;HBA-ED001-00074;HBA-ED001-00075;HBA-ED001-00076;HBA-ED001-00077;HBA-ED001-00078;HBA-ED001-00079;HBA-ED001-00080;HBA-ED001-00081;HBA-ED001-00082;HBA-ED001-00083,23,,EXECUTION_DELIVERABLE/DEL-00-01,ACCEPTED_GATE4,
SUB-01-02-02_DEL-00-02,DEL-00-02 Repository and module boundary architecture — Specification,KTY-01-02_Specification,CAT-001,DEL-00-02 Repository and module boundary architecture — Specification,HBA-ED002-00061;HBA-ED002-00062;HBA-ED002-00063;HBA-ED002-00064;HBA-ED002-00065;HBA-ED002-00066;HBA-ED002-00067;HBA-ED002-00068;HBA-ED002-00069;HBA-ED002-00070;HBA-ED002-00071;HBA-ED002-00072;HBA-ED002-00073;HBA-ED002-00074;HBA-ED002-00075;HBA-ED002-00076;HBA-ED002-00077;HBA-ED002-00078;HBA-ED002-00079;HBA-ED002-00080;HBA-ED002-00081;HBA-ED002-00082,22,,EXECUTION_DELIVERABLE/DEL-00-02,ACCEPTED_GATE4,
SUB-01-02-03_DEL-00-03,DEL-00-03 Application service command query job model — Specification,KTY-01-02_Specification,CAT-001,DEL-00-03 Application service command query job model — Specification,HBA-ED003-00067;HBA-ED003-00068;HBA-ED003-00069;HBA-ED003-00070;HBA-ED003-00071;HBA-ED003-00072;HBA-ED003-00073;HBA-ED003-00074;HBA-ED003-00075;HBA-ED003-00076;HBA-ED003-00077;HBA-ED003-00078;HBA-ED003-00079;HBA-ED003-00080;HBA-ED003-00081;HBA-ED003-00082;HBA-ED003-00083;HBA-ED003-00084;HBA-ED003-00085;HBA-ED003-00086;HBA-ED003-00087;HBA-ED003-00088;HBA-ED003-00089,23,,EXECUTION_DELIVERABLE/DEL-00-03,ACCEPTED_GATE4,
SUB-01-02-04_DEL-00-04,DEL-00-04 Persistence and schema versioning architecture — Specification,KTY-01-02_Specification,CAT-001,DEL-00-04 Persistence and schema versioning architecture — Specification,HBA-ED004-00061;HBA-ED004-00062;HBA-ED004-00063;HBA-ED004-00064;HBA-ED004-00065;HBA-ED004-00066;HBA-ED004-00067;HBA-ED004-00068;HBA-ED004-00069;HBA-ED004-00070;HBA-ED004-00071;HBA-ED004-00072;HBA-ED004-00073;HBA-ED004-00074;HBA-ED004-00075;HBA-ED004-00076;HBA-ED004-00077;HBA-ED004-00078;HBA-ED004-00079;HBA-ED004-00080;HBA-ED004-00081;HBA-ED004-00082,22,,EXECUTION_DELIVERABLE/DEL-00-04,ACCEPTED_GATE4,
SUB-01-02-05_DEL-00-05,DEL-00-05 GUI state and interaction architecture — Specification,KTY-01-02_Specification,CAT-001,DEL-00-05 GUI state and interaction architecture — Specification,HBA-ED005-00067;HBA-ED005-00068;HBA-ED005-00069;HBA-ED005-00070;HBA-ED005-00071;HBA-ED005-00072;HBA-ED005-00073;HBA-ED005-00074;HBA-ED005-00075;HBA-ED005-00076;HBA-ED005-00077;HBA-ED005-00078;HBA-ED005-00079;HBA-ED005-00080;HBA-ED005-00081;HBA-ED005-00082;HBA-ED005-00083;HBA-ED005-00084;HBA-ED005-00085;HBA-ED005-00086;HBA-ED005-00087;HBA-ED005-00088,22,,EXECUTION_DELIVERABLE/DEL-00-05,ACCEPTED_GATE4,
SUB-01-02-06_DEL-00-06,"DEL-00-06 Diagnostics, warning, and result envelope contract — Specification",KTY-01-02_Specification,CAT-001,"DEL-00-06 Diagnostics, warning, and result envelope contract — Specification",HBA-ED006-00065;HBA-ED006-00066;HBA-ED006-00067;HBA-ED006-00068;HBA-ED006-00069;HBA-ED006-00070;HBA-ED006-00071;HBA-ED006-00072;HBA-ED006-00073;HBA-ED006-00074;HBA-ED006-00075;HBA-ED006-00076;HBA-ED006-00077;HBA-ED006-00078;HBA-ED006-00079;HBA-ED006-00080;HBA-ED006-00081;HBA-ED006-00082;HBA-ED006-00083;HBA-ED006-00084;HBA-ED006-00085;HBA-ED006-00086,22,,EXECUTION_DELIVERABLE/DEL-00-06,ACCEPTED_GATE4,
SUB-01-02-07_DEL-00-07,DEL-00-07 API boundary and adapter contract map — Specification,KTY-01-02_Specification,CAT-001,DEL-00-07 API boundary and adapter contract map — Specification,HBA-ED007-00069;HBA-ED007-00070;HBA-ED007-00071;HBA-ED007-00072;HBA-ED007-00073;HBA-ED007-00074;HBA-ED007-00075;HBA-ED007-00076;HBA-ED007-00077;HBA-ED007-00078;HBA-ED007-00079;HBA-ED007-00080;HBA-ED007-00081;HBA-ED007-00082;HBA-ED007-00083;HBA-ED007-00084;HBA-ED007-00085;HBA-ED007-00086;HBA-ED007-00087;HBA-ED007-00088;HBA-ED007-00089;HBA-ED007-00090,22,,EXECUTION_DELIVERABLE/DEL-00-07,ACCEPTED_GATE4,
SUB-01-02-08_DEL-00-08,DEL-00-08 Layered software test and acceptance strategy — Specification,KTY-01-02_Specification,CAT-001,DEL-00-08 Layered software test and acceptance strategy — Specification,HBA-ED008-00066;HBA-ED008-00067;HBA-ED008-00068;HBA-ED008-00069;HBA-ED008-00070;HBA-ED008-00071;HBA-ED008-00072;HBA-ED008-00073;HBA-ED008-00074;HBA-ED008-00075;HBA-ED008-00076;HBA-ED008-00077;HBA-ED008-00078;HBA-ED008-00079;HBA-ED008-00080;HBA-ED008-00081;HBA-ED008-00082;HBA-ED008-00083;HBA-ED008-00084;HBA-ED008-00085;HBA-ED008-00086;HBA-ED008-00087,22,,EXECUTION_DELIVERABLE/DEL-00-08,ACCEPTED_GATE4,
SUB-01-03-01_DEL-00-01,DEL-00-01 Architecture decision record baseline — Guidance,KTY-01-03_Guidance,CAT-001,DEL-00-01 Architecture decision record baseline — Guidance,HBA-ED001-00026;HBA-ED001-00027;HBA-ED001-00028;HBA-ED001-00029;HBA-ED001-00030;HBA-ED001-00031;HBA-ED001-00032;HBA-ED001-00033;HBA-ED001-00034;HBA-ED001-00035;HBA-ED001-00036;HBA-ED001-00037;HBA-ED001-00038;HBA-ED001-00039;HBA-ED001-00040;HBA-ED001-00041;HBA-ED001-00042;HBA-ED001-00043,18,,EXECUTION_DELIVERABLE/DEL-00-01,ACCEPTED_GATE4,
SUB-01-03-02_DEL-00-02,DEL-00-02 Repository and module boundary architecture — Guidance,KTY-01-03_Guidance,CAT-001,DEL-00-02 Repository and module boundary architecture — Guidance,HBA-ED002-00026;HBA-ED002-00027;HBA-ED002-00028;HBA-ED002-00029;HBA-ED002-00030;HBA-ED002-00031;HBA-ED002-00032;HBA-ED002-00033;HBA-ED002-00034;HBA-ED002-00035;HBA-ED002-00036;HBA-ED002-00037;HBA-ED002-00038;HBA-ED002-00039;HBA-ED002-00040,15,,EXECUTION_DELIVERABLE/DEL-00-02,ACCEPTED_GATE4,
SUB-01-03-03_DEL-00-03,DEL-00-03 Application service command query job model — Guidance,KTY-01-03_Guidance,CAT-001,DEL-00-03 Application service command query job model — Guidance,HBA-ED003-00030;HBA-ED003-00031;HBA-ED003-00032;HBA-ED003-00033;HBA-ED003-00034;HBA-ED003-00035;HBA-ED003-00036;HBA-ED003-00037;HBA-ED003-00038;HBA-ED003-00039;HBA-ED003-00040;HBA-ED003-00041;HBA-ED003-00042;HBA-ED003-00043;HBA-ED003-00044,15,,EXECUTION_DELIVERABLE/DEL-00-03,ACCEPTED_GATE4,
SUB-01-03-04_DEL-00-04,DEL-00-04 Persistence and schema versioning architecture — Guidance,KTY-01-03_Guidance,CAT-001,DEL-00-04 Persistence and schema versioning architecture — Guidance,HBA-ED004-00025;HBA-ED004-00026;HBA-ED004-00027;HBA-ED004-00028;HBA-ED004-00029;HBA-ED004-00030;HBA-ED004-00031;HBA-ED004-00032;HBA-ED004-00033;HBA-ED004-00034;HBA-ED004-00035;HBA-ED004-00036;HBA-ED004-00037;HBA-ED004-00038;HBA-ED004-00039,15,,EXECUTION_DELIVERABLE/DEL-00-04,ACCEPTED_GATE4,
SUB-01-03-05_DEL-00-05,DEL-00-05 GUI state and interaction architecture — Guidance,KTY-01-03_Guidance,CAT-001,DEL-00-05 GUI state and interaction architecture — Guidance,HBA-ED005-00032;HBA-ED005-00033;HBA-ED005-00034;HBA-ED005-00035;HBA-ED005-00036;HBA-ED005-00037;HBA-ED005-00038;HBA-ED005-00039;HBA-ED005-00040;HBA-ED005-00041;HBA-ED005-00042;HBA-ED005-00043;HBA-ED005-00044;HBA-ED005-00045;HBA-ED005-00046,15,,EXECUTION_DELIVERABLE/DEL-00-05,ACCEPTED_GATE4,
SUB-01-03-06_DEL-00-06,"DEL-00-06 Diagnostics, warning, and result envelope contract — Guidance",KTY-01-03_Guidance,CAT-001,"DEL-00-06 Diagnostics, warning, and result envelope contract — Guidance",HBA-ED006-00030;HBA-ED006-00031;HBA-ED006-00032;HBA-ED006-00033;HBA-ED006-00034;HBA-ED006-00035;HBA-ED006-00036;HBA-ED006-00037;HBA-ED006-00038;HBA-ED006-00039;HBA-ED006-00040;HBA-ED006-00041;HBA-ED006-00042;HBA-ED006-00043;HBA-ED006-00044,15,,EXECUTION_DELIVERABLE/DEL-00-06,ACCEPTED_GATE4,
SUB-01-03-07_DEL-00-07,DEL-00-07 API boundary and adapter contract map — Guidance,KTY-01-03_Guidance,CAT-001,DEL-00-07 API boundary and adapter contract map — Guidance,HBA-ED007-00031;HBA-ED007-00032;HBA-ED007-00033;HBA-ED007-00034;HBA-ED007-00035;HBA-ED007-00036;HBA-ED007-00037;HBA-ED007-00038;HBA-ED007-00039;HBA-ED007-00040;HBA-ED007-00041;HBA-ED007-00042;HBA-ED007-00043;HBA-ED007-00044;HBA-ED007-00045,15,,EXECUTION_DELIVERABLE/DEL-00-07,ACCEPTED_GATE4,
SUB-01-03-08_DEL-00-08,DEL-00-08 Layered software test and acceptance strategy — Guidance,KTY-01-03_Guidance,CAT-001,DEL-00-08 Layered software test and acceptance strategy — Guidance,HBA-ED008-00031;HBA-ED008-00032;HBA-ED008-00033;HBA-ED008-00034;HBA-ED008-00035;HBA-ED008-00036;HBA-ED008-00037;HBA-ED008-00038;HBA-ED008-00039;HBA-ED008-00040;HBA-ED008-00041;HBA-ED008-00042;HBA-ED008-00043;HBA-ED008-00044;HBA-ED008-00045,15,,EXECUTION_DELIVERABLE/DEL-00-08,ACCEPTED_GATE4,
SUB-01-04-01_DEL-00-01,DEL-00-01 Architecture decision record baseline — Procedure,KTY-01-04_Procedure,CAT-001,DEL-00-01 Architecture decision record baseline — Procedure,HBA-ED001-00044;HBA-ED001-00045;HBA-ED001-00046;HBA-ED001-00047;HBA-ED001-00048;HBA-ED001-00049;HBA-ED001-00050;HBA-ED001-00051;HBA-ED001-00052;HBA-ED001-00053;HBA-ED001-00054;HBA-ED001-00055;HBA-ED001-00056;HBA-ED001-00057;HBA-ED001-00058;HBA-ED001-00059;HBA-ED001-00060,17,,EXECUTION_DELIVERABLE/DEL-00-01,ACCEPTED_GATE4,
SUB-01-04-02_DEL-00-02,DEL-00-02 Repository and module boundary architecture — Procedure,KTY-01-04_Procedure,CAT-001,DEL-00-02 Repository and module boundary architecture — Procedure,HBA-ED002-00043;HBA-ED002-00044;HBA-ED002-00045;HBA-ED002-00046;HBA-ED002-00047;HBA-ED002-00048;HBA-ED002-00049;HBA-ED002-00050;HBA-ED002-00051;HBA-ED002-00052;HBA-ED002-00053;HBA-ED002-00054;HBA-ED002-00055;HBA-ED002-00056;HBA-ED002-00057;HBA-ED002-00058;HBA-ED002-00059;HBA-ED002-00060,18,,EXECUTION_DELIVERABLE/DEL-00-02,ACCEPTED_GATE4,
SUB-01-04-03_DEL-00-03,DEL-00-03 Application service command query job model — Procedure,KTY-01-04_Procedure,CAT-001,DEL-00-03 Application service command query job model — Procedure,HBA-ED003-00047;HBA-ED003-00048;HBA-ED003-00049;HBA-ED003-00050;HBA-ED003-00051;HBA-ED003-00052;HBA-ED003-00053;HBA-ED003-00054;HBA-ED003-00055;HBA-ED003-00056;HBA-ED003-00057;HBA-ED003-00058;HBA-ED003-00059;HBA-ED003-00060;HBA-ED003-00061;HBA-ED003-00062;HBA-ED003-00063;HBA-ED003-00064;HBA-ED003-00065;HBA-ED003-00066,20,,EXECUTION_DELIVERABLE/DEL-00-03,ACCEPTED_GATE4,
SUB-01-04-04_DEL-00-04,DEL-00-04 Persistence and schema versioning architecture — Procedure,KTY-01-04_Procedure,CAT-001,DEL-00-04 Persistence and schema versioning architecture — Procedure,HBA-ED004-00043;HBA-ED004-00044;HBA-ED004-00045;HBA-ED004-00046;HBA-ED004-00047;HBA-ED004-00048;HBA-ED004-00049;HBA-ED004-00050;HBA-ED004-00051;HBA-ED004-00052;HBA-ED004-00053;HBA-ED004-00054;HBA-ED004-00055;HBA-ED004-00056;HBA-ED004-00057;HBA-ED004-00058;HBA-ED004-00059;HBA-ED004-00060,18,,EXECUTION_DELIVERABLE/DEL-00-04,ACCEPTED_GATE4,
SUB-01-04-05_DEL-00-05,DEL-00-05 GUI state and interaction architecture — Procedure,KTY-01-04_Procedure,CAT-001,DEL-00-05 GUI state and interaction architecture — Procedure,HBA-ED005-00049;HBA-ED005-00050;HBA-ED005-00051;HBA-ED005-00052;HBA-ED005-00053;HBA-ED005-00054;HBA-ED005-00055;HBA-ED005-00056;HBA-ED005-00057;HBA-ED005-00058;HBA-ED005-00059;HBA-ED005-00060;HBA-ED005-00061;HBA-ED005-00062;HBA-ED005-00063;HBA-ED005-00064;HBA-ED005-00065;HBA-ED005-00066,18,,EXECUTION_DELIVERABLE/DEL-00-05,ACCEPTED_GATE4,
SUB-01-04-06_DEL-00-06,"DEL-00-06 Diagnostics, warning, and result envelope contract — Procedure",KTY-01-04_Procedure,CAT-001,"DEL-00-06 Diagnostics, warning, and result envelope contract — Procedure",HBA-ED006-00047;HBA-ED006-00048;HBA-ED006-00049;HBA-ED006-00050;HBA-ED006-00051;HBA-ED006-00052;HBA-ED006-00053;HBA-ED006-00054;HBA-ED006-00055;HBA-ED006-00056;HBA-ED006-00057;HBA-ED006-00058;HBA-ED006-00059;HBA-ED006-00060;HBA-ED006-00061;HBA-ED006-00062;HBA-ED006-00064,17,,EXECUTION_DELIVERABLE/DEL-00-06,ACCEPTED_GATE4,
SUB-01-04-07_DEL-00-07,DEL-00-07 API boundary and adapter contract map — Procedure,KTY-01-04_Procedure,CAT-001,DEL-00-07 API boundary and adapter contract map — Procedure,HBA-ED007-00049;HBA-ED007-00050;HBA-ED007-00051;HBA-ED007-00052;HBA-ED007-00053;HBA-ED007-00054;HBA-ED007-00055;HBA-ED007-00056;HBA-ED007-00057;HBA-ED007-00058;HBA-ED007-00059;HBA-ED007-00060;HBA-ED007-00061;HBA-ED007-00062;HBA-ED007-00063;HBA-ED007-00064;HBA-ED007-00065;HBA-ED007-00066;HBA-ED007-00067;HBA-ED007-00068,20,,EXECUTION_DELIVERABLE/DEL-00-07,ACCEPTED_GATE4,
SUB-01-04-08_DEL-00-08,DEL-00-08 Layered software test and acceptance strategy — Procedure,KTY-01-04_Procedure,CAT-001,DEL-00-08 Layered software test and acceptance strategy — Procedure,HBA-ED008-00049;HBA-ED008-00050;HBA-ED008-00051;HBA-ED008-00052;HBA-ED008-00053;HBA-ED008-00054;HBA-ED008-00055;HBA-ED008-00056;HBA-ED008-00057;HBA-ED008-00058;HBA-ED008-00059;HBA-ED008-00060;HBA-ED008-00061;HBA-ED008-00062;HBA-ED008-00063;HBA-ED008-00064;HBA-ED008-00065,17,,EXECUTION_DELIVERABLE/DEL-00-08,ACCEPTED_GATE4,
SUB-02-01-01_DEL-01-01,DEL-01-01 Project governance baseline — Datasheet,KTY-02-01_Datasheet-Reference,CAT-002,DEL-01-01 Project governance baseline — Datasheet,HBA-ED009-00001;HBA-ED009-00002;HBA-ED009-00003;HBA-ED009-00004;HBA-ED009-00005;HBA-ED009-00006;HBA-ED009-00007;HBA-ED009-00008;HBA-ED009-00009;HBA-ED009-00010;HBA-ED009-00011;HBA-ED009-00012;HBA-ED009-00013;HBA-ED009-00014;HBA-ED009-00015;HBA-ED009-00016;HBA-ED009-00017;HBA-ED009-00018;HBA-ED009-00022;HBA-ED009-00028;HBA-ED009-00029;HBA-ED009-00030;HBA-ED009-00031;HBA-ED009-00032;HBA-ED009-00033;HBA-ED009-00034;HBA-ED009-00035,27,,EXECUTION_DELIVERABLE/DEL-01-01,ACCEPTED_GATE4,
SUB-02-01-02_DEL-01-02,DEL-01-02 Copyright and protected data boundary policy — Datasheet,KTY-02-01_Datasheet-Reference,CAT-002,DEL-01-02 Copyright and protected data boundary policy — Datasheet,HBA-ED010-00001;HBA-ED010-00002;HBA-ED010-00003;HBA-ED010-00004;HBA-ED010-00005;HBA-ED010-00006;HBA-ED010-00007;HBA-ED010-00008;HBA-ED010-00009;HBA-ED010-00010;HBA-ED010-00011;HBA-ED010-00012;HBA-ED010-00013;HBA-ED010-00014;HBA-ED010-00015;HBA-ED010-00016;HBA-ED010-00017;HBA-ED010-00018;HBA-ED010-00019;HBA-ED010-00020;HBA-ED010-00021;HBA-ED010-00022;HBA-ED010-00023;HBA-ED010-00024;HBA-ED010-00025;HBA-ED010-00026,26,,EXECUTION_DELIVERABLE/DEL-01-02,ACCEPTED_GATE4,
SUB-02-01-03_DEL-01-03,DEL-01-03 Contributor certification workflow — Datasheet,KTY-02-01_Datasheet-Reference,CAT-002,DEL-01-03 Contributor certification workflow — Datasheet,HBA-ED011-00001;HBA-ED011-00002;HBA-ED011-00003;HBA-ED011-00004;HBA-ED011-00005;HBA-ED011-00008;HBA-ED011-00009;HBA-ED011-00010;HBA-ED011-00011;HBA-ED011-00012;HBA-ED011-00013;HBA-ED011-00014;HBA-ED011-00015;HBA-ED011-00016;HBA-ED011-00017;HBA-ED011-00018;HBA-ED011-00019;HBA-ED011-00020;HBA-ED011-00021;HBA-ED011-00022;HBA-ED011-00023;HBA-ED011-00024;HBA-ED011-00025;HBA-ED011-00026;HBA-ED011-00027;HBA-ED011-00028;HBA-ED011-00029;HBA-ED011-00030;HBA-ED011-00031,29,,EXECUTION_DELIVERABLE/DEL-01-03,ACCEPTED_GATE4,
SUB-02-01-04_DEL-01-04,DEL-01-04 Professional responsibility and product claims policy — Datasheet,KTY-02-01_Datasheet-Reference,CAT-002,DEL-01-04 Professional responsibility and product claims policy — Datasheet,HBA-ED012-00001;HBA-ED012-00002;HBA-ED012-00003;HBA-ED012-00004;HBA-ED012-00005;HBA-ED012-00006;HBA-ED012-00007;HBA-ED012-00008;HBA-ED012-00009;HBA-ED012-00010;HBA-ED012-00011;HBA-ED012-00012;HBA-ED012-00013;HBA-ED012-00014;HBA-ED012-00015;HBA-ED012-00016;HBA-ED012-00017;HBA-ED012-00018;HBA-ED012-00019;HBA-ED012-00020,20,,EXECUTION_DELIVERABLE/DEL-01-04,ACCEPTED_GATE4,
SUB-02-02-01_DEL-01-01,DEL-01-01 Project governance baseline — Specification,KTY-02-02_Specification,CAT-002,DEL-01-01 Project governance baseline — Specification,HBA-ED009-00086;HBA-ED009-00087;HBA-ED009-00088;HBA-ED009-00089;HBA-ED009-00090;HBA-ED009-00091;HBA-ED009-00092;HBA-ED009-00093;HBA-ED009-00094;HBA-ED009-00095;HBA-ED009-00096;HBA-ED009-00097;HBA-ED009-00098;HBA-ED009-00099;HBA-ED009-00100;HBA-ED009-00101;HBA-ED009-00102;HBA-ED009-00103;HBA-ED009-00104;HBA-ED009-00105;HBA-ED009-00106;HBA-ED009-00107;HBA-ED009-00108;HBA-ED009-00109;HBA-ED009-00110;HBA-ED009-00111;HBA-ED009-00112;HBA-ED009-00113;HBA-ED009-00114;HBA-ED009-00115,30,,EXECUTION_DELIVERABLE/DEL-01-01,ACCEPTED_GATE4,
SUB-02-02-02_DEL-01-02,DEL-01-02 Copyright and protected data boundary policy — Specification,KTY-02-02_Specification,CAT-002,DEL-01-02 Copyright and protected data boundary policy — Specification,HBA-ED010-00075;HBA-ED010-00076;HBA-ED010-00077;HBA-ED010-00078;HBA-ED010-00079;HBA-ED010-00080;HBA-ED010-00081;HBA-ED010-00082;HBA-ED010-00083;HBA-ED010-00084;HBA-ED010-00085;HBA-ED010-00086;HBA-ED010-00087;HBA-ED010-00088;HBA-ED010-00089;HBA-ED010-00090;HBA-ED010-00091;HBA-ED010-00092;HBA-ED010-00093;HBA-ED010-00094;HBA-ED010-00095;HBA-ED010-00096;HBA-ED010-00097;HBA-ED010-00098;HBA-ED010-00099;HBA-ED010-00100,26,,EXECUTION_DELIVERABLE/DEL-01-02,ACCEPTED_GATE4,
SUB-02-02-03_DEL-01-03,DEL-01-03 Contributor certification workflow — Specification,KTY-02-02_Specification,CAT-002,DEL-01-03 Contributor certification workflow — Specification,HBA-ED011-00091;HBA-ED011-00092;HBA-ED011-00093;HBA-ED011-00094;HBA-ED011-00095;HBA-ED011-00096;HBA-ED011-00097;HBA-ED011-00098;HBA-ED011-00099;HBA-ED011-00100;HBA-ED011-00101;HBA-ED011-00102;HBA-ED011-00103;HBA-ED011-00104;HBA-ED011-00106;HBA-ED011-00107;HBA-ED011-00108;HBA-ED011-00109;HBA-ED011-00110;HBA-ED011-00111;HBA-ED011-00112;HBA-ED011-00113;HBA-ED011-00114;HBA-ED011-00115;HBA-ED011-00116;HBA-ED011-00117;HBA-ED011-00118;HBA-ED011-00119;HBA-ED011-00120,29,,EXECUTION_DELIVERABLE/DEL-01-03,ACCEPTED_GATE4,
SUB-02-02-04_DEL-01-04,DEL-01-04 Professional responsibility and product claims policy — Specification,KTY-02-02_Specification,CAT-002,DEL-01-04 Professional responsibility and product claims policy — Specification,HBA-ED012-00066;HBA-ED012-00067;HBA-ED012-00068;HBA-ED012-00069;HBA-ED012-00070;HBA-ED012-00071;HBA-ED012-00072;HBA-ED012-00073;HBA-ED012-00074;HBA-ED012-00075;HBA-ED012-00076;HBA-ED012-00077;HBA-ED012-00078;HBA-ED012-00079;HBA-ED012-00080;HBA-ED012-00081;HBA-ED012-00082;HBA-ED012-00083;HBA-ED012-00084;HBA-ED012-00085;HBA-ED012-00086;HBA-ED012-00087;HBA-ED012-00088;HBA-ED012-00089;HBA-ED012-00090;HBA-ED012-00091,26,,EXECUTION_DELIVERABLE/DEL-01-04,ACCEPTED_GATE4,
SUB-02-03-01_DEL-01-01,DEL-01-01 Project governance baseline — Guidance,KTY-02-03_Guidance,CAT-002,DEL-01-01 Project governance baseline — Guidance,HBA-ED009-00036;HBA-ED009-00037;HBA-ED009-00038;HBA-ED009-00039;HBA-ED009-00040;HBA-ED009-00041;HBA-ED009-00042;HBA-ED009-00043;HBA-ED009-00044;HBA-ED009-00045;HBA-ED009-00046;HBA-ED009-00047;HBA-ED009-00048;HBA-ED009-00049;HBA-ED009-00050;HBA-ED009-00051;HBA-ED009-00052;HBA-ED009-00053;HBA-ED009-00054;HBA-ED009-00055;HBA-ED009-00056;HBA-ED009-00057;HBA-ED009-00058;HBA-ED009-00059;HBA-ED009-00060;HBA-ED009-00061,26,,EXECUTION_DELIVERABLE/DEL-01-01,ACCEPTED_GATE4,
SUB-02-03-02_DEL-01-02,DEL-01-02 Copyright and protected data boundary policy — Guidance,KTY-02-03_Guidance,CAT-002,DEL-01-02 Copyright and protected data boundary policy — Guidance,HBA-ED010-00027;HBA-ED010-00028;HBA-ED010-00029;HBA-ED010-00030;HBA-ED010-00031;HBA-ED010-00032;HBA-ED010-00033;HBA-ED010-00034;HBA-ED010-00035;HBA-ED010-00036;HBA-ED010-00038;HBA-ED010-00039;HBA-ED010-00040;HBA-ED010-00041;HBA-ED010-00042;HBA-ED010-00043;HBA-ED010-00044;HBA-ED010-00045;HBA-ED010-00046,19,,EXECUTION_DELIVERABLE/DEL-01-02,ACCEPTED_GATE4,
SUB-02-03-03_DEL-01-03,DEL-01-03 Contributor certification workflow — Guidance,KTY-02-03_Guidance,CAT-002,DEL-01-03 Contributor certification workflow — Guidance,HBA-ED011-00032;HBA-ED011-00033;HBA-ED011-00034;HBA-ED011-00035;HBA-ED011-00036;HBA-ED011-00037;HBA-ED011-00038;HBA-ED011-00039;HBA-ED011-00040;HBA-ED011-00041;HBA-ED011-00042;HBA-ED011-00043;HBA-ED011-00044;HBA-ED011-00045;HBA-ED011-00046;HBA-ED011-00047;HBA-ED011-00048;HBA-ED011-00049;HBA-ED011-00050;HBA-ED011-00051;HBA-ED011-00052;HBA-ED011-00053,22,,EXECUTION_DELIVERABLE/DEL-01-03,ACCEPTED_GATE4,
SUB-02-03-04_DEL-01-04,DEL-01-04 Professional responsibility and product claims policy — Guidance,KTY-02-03_Guidance,CAT-002,DEL-01-04 Professional responsibility and product claims policy — Guidance,HBA-ED012-00021;HBA-ED012-00022;HBA-ED012-00023;HBA-ED012-00024;HBA-ED012-00025;HBA-ED012-00026;HBA-ED012-00027;HBA-ED012-00028;HBA-ED012-00029;HBA-ED012-00030;HBA-ED012-00031;HBA-ED012-00032;HBA-ED012-00033;HBA-ED012-00034;HBA-ED012-00035;HBA-ED012-00036;HBA-ED012-00037;HBA-ED012-00038;HBA-ED012-00039;HBA-ED012-00040;HBA-ED012-00041;HBA-ED012-00042,22,,EXECUTION_DELIVERABLE/DEL-01-04,ACCEPTED_GATE4,
SUB-02-04-01_DEL-01-01,DEL-01-01 Project governance baseline — Procedure,KTY-02-04_Procedure,CAT-002,DEL-01-01 Project governance baseline — Procedure,HBA-ED009-00063;HBA-ED009-00064;HBA-ED009-00065;HBA-ED009-00066;HBA-ED009-00067;HBA-ED009-00068;HBA-ED009-00069;HBA-ED009-00070;HBA-ED009-00071;HBA-ED009-00072;HBA-ED009-00073;HBA-ED009-00074;HBA-ED009-00075;HBA-ED009-00076;HBA-ED009-00077;HBA-ED009-00078;HBA-ED009-00079;HBA-ED009-00080;HBA-ED009-00081;HBA-ED009-00082;HBA-ED009-00083;HBA-ED009-00084;HBA-ED009-00085,23,,EXECUTION_DELIVERABLE/DEL-01-01,ACCEPTED_GATE4,
SUB-02-04-02_DEL-01-02,DEL-01-02 Copyright and protected data boundary policy — Procedure,KTY-02-04_Procedure,CAT-002,DEL-01-02 Copyright and protected data boundary policy — Procedure,HBA-ED010-00050;HBA-ED010-00051;HBA-ED010-00052;HBA-ED010-00053;HBA-ED010-00054;HBA-ED010-00055;HBA-ED010-00057;HBA-ED010-00058;HBA-ED010-00059;HBA-ED010-00060;HBA-ED010-00061;HBA-ED010-00062;HBA-ED010-00063;HBA-ED010-00064;HBA-ED010-00065;HBA-ED010-00066;HBA-ED010-00067;HBA-ED010-00068;HBA-ED010-00069;HBA-ED010-00070;HBA-ED010-00071;HBA-ED010-00072;HBA-ED010-00073,23,,EXECUTION_DELIVERABLE/DEL-01-02,ACCEPTED_GATE4,
SUB-02-04-03_DEL-01-03,DEL-01-03 Contributor certification workflow — Procedure,KTY-02-04_Procedure,CAT-002,DEL-01-03 Contributor certification workflow — Procedure,HBA-ED011-00060;HBA-ED011-00061;HBA-ED011-00062;HBA-ED011-00064;HBA-ED011-00065;HBA-ED011-00066;HBA-ED011-00067;HBA-ED011-00068;HBA-ED011-00069;HBA-ED011-00070;HBA-ED011-00071;HBA-ED011-00072;HBA-ED011-00073;HBA-ED011-00075;HBA-ED011-00076;HBA-ED011-00077;HBA-ED011-00078;HBA-ED011-00079;HBA-ED011-00080;HBA-ED011-00081;HBA-ED011-00082;HBA-ED011-00083;HBA-ED011-00084;HBA-ED011-00085;HBA-ED011-00086;HBA-ED011-00087;HBA-ED011-00088;HBA-ED011-00089;HBA-ED011-00090,29,,EXECUTION_DELIVERABLE/DEL-01-03,ACCEPTED_GATE4,
SUB-02-04-04_DEL-01-04,DEL-01-04 Professional responsibility and product claims policy — Procedure,KTY-02-04_Procedure,CAT-002,DEL-01-04 Professional responsibility and product claims policy — Procedure,HBA-ED012-00043;HBA-ED012-00044;HBA-ED012-00045;HBA-ED012-00046;HBA-ED012-00047;HBA-ED012-00048;HBA-ED012-00049;HBA-ED012-00050;HBA-ED012-00051;HBA-ED012-00052;HBA-ED012-00053;HBA-ED012-00054;HBA-ED012-00055;HBA-ED012-00056;HBA-ED012-00057;HBA-ED012-00058;HBA-ED012-00059;HBA-ED012-00060;HBA-ED012-00061;HBA-ED012-00062;HBA-ED012-00063;HBA-ED012-00064;HBA-ED012-00065,23,,EXECUTION_DELIVERABLE/DEL-01-04,ACCEPTED_GATE4,
SUB-03-01-01_DEL-02-01,DEL-02-01 Canonical domain model schema — Datasheet,KTY-03-01_Datasheet-Reference,CAT-003,DEL-02-01 Canonical domain model schema — Datasheet,HBA-ED013-00001;HBA-ED013-00002;HBA-ED013-00003;HBA-ED013-00004;HBA-ED013-00005;HBA-ED013-00006;HBA-ED013-00007;HBA-ED013-00008;HBA-ED013-00009;HBA-ED013-00010;HBA-ED013-00011;HBA-ED013-00012;HBA-ED013-00013;HBA-ED013-00014;HBA-ED013-00015;HBA-ED013-00016;HBA-ED013-00019;HBA-ED013-00020;HBA-ED013-00021;HBA-ED013-00022;HBA-ED013-00023;HBA-ED013-00024;HBA-ED013-00025;HBA-ED013-00026,24,,EXECUTION_DELIVERABLE/DEL-02-01,ACCEPTED_GATE4,
SUB-03-01-02_DEL-02-02,DEL-02-02 Unit system and dimensional analysis core contract — Datasheet,KTY-03-01_Datasheet-Reference,CAT-003,DEL-02-02 Unit system and dimensional analysis core contract — Datasheet,HBA-ED014-00001;HBA-ED014-00002;HBA-ED014-00003;HBA-ED014-00004;HBA-ED014-00005;HBA-ED014-00006;HBA-ED014-00007;HBA-ED014-00008;HBA-ED014-00009;HBA-ED014-00014;HBA-ED014-00015;HBA-ED014-00016;HBA-ED014-00017;HBA-ED014-00018;HBA-ED014-00019;HBA-ED014-00020;HBA-ED014-00021;HBA-ED014-00022;HBA-ED014-00023;HBA-ED014-00024;HBA-ED014-00025;HBA-ED014-00027;HBA-ED014-00028,23,,EXECUTION_DELIVERABLE/DEL-02-02,ACCEPTED_GATE4,
SUB-03-01-03_DEL-02-03,DEL-02-03 Code neutral analysis boundary model — Datasheet,KTY-03-01_Datasheet-Reference,CAT-003,DEL-02-03 Code neutral analysis boundary model — Datasheet,HBA-ED015-00001;HBA-ED015-00002;HBA-ED015-00003;HBA-ED015-00004;HBA-ED015-00005;HBA-ED015-00006;HBA-ED015-00007;HBA-ED015-00008;HBA-ED015-00009;HBA-ED015-00010;HBA-ED015-00011;HBA-ED015-00012;HBA-ED015-00013;HBA-ED015-00014;HBA-ED015-00015;HBA-ED015-00016;HBA-ED015-00017;HBA-ED015-00018;HBA-ED015-00019;HBA-ED015-00020;HBA-ED015-00021;HBA-ED015-00023;HBA-ED015-00024;HBA-ED015-00025;HBA-ED015-00026;HBA-ED015-00027;HBA-ED015-00028;HBA-ED015-00029;HBA-ED015-00032;HBA-ED015-00033;HBA-ED015-00034,31,,EXECUTION_DELIVERABLE/DEL-02-03,ACCEPTED_GATE4,
SUB-03-01-04_DEL-02-04,DEL-02-04 Plugin and extension domain contracts — Datasheet,KTY-03-01_Datasheet-Reference,CAT-003,DEL-02-04 Plugin and extension domain contracts — Datasheet,HBA-ED016-00001;HBA-ED016-00002;HBA-ED016-00003;HBA-ED016-00004;HBA-ED016-00005;HBA-ED016-00006;HBA-ED016-00007;HBA-ED016-00010;HBA-ED016-00011;HBA-ED016-00012;HBA-ED016-00013;HBA-ED016-00014;HBA-ED016-00015;HBA-ED016-00016;HBA-ED016-00017;HBA-ED016-00021;HBA-ED016-00022;HBA-ED016-00023;HBA-ED016-00024;HBA-ED016-00025;HBA-ED016-00026;HBA-ED016-00027;HBA-ED016-00028;HBA-ED016-00029;HBA-ED016-00030;HBA-ED016-00031;HBA-ED016-00032;HBA-ED016-00033;HBA-ED016-00034,29,,EXECUTION_DELIVERABLE/DEL-02-04,ACCEPTED_GATE4,
SUB-03-01-05_DEL-02-05,DEL-02-05 Project persistence and round trip serialization — Datasheet,KTY-03-01_Datasheet-Reference,CAT-003,DEL-02-05 Project persistence and round trip serialization — Datasheet,HBA-ED017-00001;HBA-ED017-00002;HBA-ED017-00003;HBA-ED017-00004;HBA-ED017-00005;HBA-ED017-00006;HBA-ED017-00007;HBA-ED017-00008;HBA-ED017-00009;HBA-ED017-00010;HBA-ED017-00011;HBA-ED017-00012;HBA-ED017-00013;HBA-ED017-00014;HBA-ED017-00015;HBA-ED017-00016;HBA-ED017-00017;HBA-ED017-00018;HBA-ED017-00019;HBA-ED017-00020;HBA-ED017-00021;HBA-ED017-00022;HBA-ED017-00023;HBA-ED017-00024;HBA-ED017-00025;HBA-ED017-00026;HBA-ED017-00027;HBA-ED017-00028;HBA-ED017-00029;HBA-ED017-00030;HBA-ED017-00031;HBA-ED017-00032;HBA-ED017-00033;HBA-ED017-00034;HBA-ED017-00035;HBA-ED017-00036;HBA-ED017-00037;HBA-ED017-00038;HBA-ED017-00039,39,,EXECUTION_DELIVERABLE/DEL-02-05,ACCEPTED_GATE4,
SUB-03-02-01_DEL-02-01,DEL-02-01 Canonical domain model schema — Specification,KTY-03-02_Specification,CAT-003,DEL-02-01 Canonical domain model schema — Specification,HBA-ED013-00089;HBA-ED013-00090;HBA-ED013-00091;HBA-ED013-00092;HBA-ED013-00093;HBA-ED013-00101;HBA-ED013-00102;HBA-ED013-00103;HBA-ED013-00104;HBA-ED013-00105;HBA-ED013-00106;HBA-ED013-00107;HBA-ED013-00108;HBA-ED013-00109;HBA-ED013-00110;HBA-ED013-00111;HBA-ED013-00112;HBA-ED013-00113;HBA-ED013-00114;HBA-ED013-00115;HBA-ED013-00116;HBA-ED013-00117;HBA-ED013-00118;HBA-ED013-00119;HBA-ED013-00120;HBA-ED013-00121;HBA-ED013-00122;HBA-ED013-00123;HBA-ED013-00124;HBA-ED013-00125;HBA-ED013-00126;HBA-ED013-00127;HBA-ED013-00128;HBA-ED013-00129;HBA-ED013-00130;HBA-ED013-00131;HBA-ED013-00132;HBA-ED013-00133;HBA-ED013-00134;HBA-ED013-00135;HBA-ED013-00136;HBA-ED013-00137;HBA-ED013-00138;HBA-ED013-00139;HBA-ED013-00140;HBA-ED013-00141;HBA-ED013-00142;HBA-ED013-00143;HBA-ED013-00144;HBA-ED013-00145;HBA-ED013-00146;HBA-ED013-00147;HBA-ED013-00148,53,,EXECUTION_DELIVERABLE/DEL-02-01,ACCEPTED_GATE4,
SUB-03-02-02_DEL-02-02,DEL-02-02 Unit system and dimensional analysis core contract — Specification,KTY-03-02_Specification,CAT-003,DEL-02-02 Unit system and dimensional analysis core contract — Specification,HBA-ED014-00076;HBA-ED014-00077;HBA-ED014-00078;HBA-ED014-00079;HBA-ED014-00080;HBA-ED014-00081;HBA-ED014-00082;HBA-ED014-00083;HBA-ED014-00084;HBA-ED014-00085;HBA-ED014-00086;HBA-ED014-00087;HBA-ED014-00088;HBA-ED014-00089;HBA-ED014-00090;HBA-ED014-00091;HBA-ED014-00092;HBA-ED014-00093;HBA-ED014-00094;HBA-ED014-00095;HBA-ED014-00096;HBA-ED014-00106;HBA-ED014-00107;HBA-ED014-00108;HBA-ED014-00109;HBA-ED014-00110,26,,EXECUTION_DELIVERABLE/DEL-02-02,ACCEPTED_GATE4,
SUB-03-02-03_DEL-02-03,DEL-02-03 Code neutral analysis boundary model — Specification,KTY-03-02_Specification,CAT-003,DEL-02-03 Code neutral analysis boundary model — Specification,HBA-ED015-00077;HBA-ED015-00078;HBA-ED015-00079;HBA-ED015-00080;HBA-ED015-00081;HBA-ED015-00082;HBA-ED015-00083;HBA-ED015-00084;HBA-ED015-00085;HBA-ED015-00086;HBA-ED015-00087;HBA-ED015-00088;HBA-ED015-00089;HBA-ED015-00090;HBA-ED015-00091;HBA-ED015-00092;HBA-ED015-00093;HBA-ED015-00094;HBA-ED015-00095;HBA-ED015-00096;HBA-ED015-00097;HBA-ED015-00098;HBA-ED015-00099;HBA-ED015-00100;HBA-ED015-00101;HBA-ED015-00102;HBA-ED015-00103;HBA-ED015-00104;HBA-ED015-00105;HBA-ED015-00106;HBA-ED015-00107;HBA-ED015-00108;HBA-ED015-00109;HBA-ED015-00110;HBA-ED015-00111;HBA-ED015-00112;HBA-ED015-00113;HBA-ED015-00114;HBA-ED015-00115;HBA-ED015-00116;HBA-ED015-00117;HBA-ED015-00118;HBA-ED015-00119;HBA-ED015-00120;HBA-ED015-00121;HBA-ED015-00122;HBA-ED015-00123;HBA-ED015-00124;HBA-ED015-00125;HBA-ED015-00126;HBA-ED015-00127;HBA-ED015-00128;HBA-ED015-00129,53,,EXECUTION_DELIVERABLE/DEL-02-03,ACCEPTED_GATE4,
SUB-03-02-04_DEL-02-04,DEL-02-04 Plugin and extension domain contracts — Specification,KTY-03-02_Specification,CAT-003,DEL-02-04 Plugin and extension domain contracts — Specification,HBA-ED016-00096;HBA-ED016-00097;HBA-ED016-00098;HBA-ED016-00099;HBA-ED016-00100;HBA-ED016-00101;HBA-ED016-00102;HBA-ED016-00103;HBA-ED016-00104;HBA-ED016-00105;HBA-ED016-00106;HBA-ED016-00107;HBA-ED016-00108;HBA-ED016-00109;HBA-ED016-00110;HBA-ED016-00111;HBA-ED016-00112;HBA-ED016-00113;HBA-ED016-00114;HBA-ED016-00115;HBA-ED016-00116;HBA-ED016-00117;HBA-ED016-00118;HBA-ED016-00119;HBA-ED016-00120;HBA-ED016-00121;HBA-ED016-00122;HBA-ED016-00123;HBA-ED016-00124;HBA-ED016-00125;HBA-ED016-00126;HBA-ED016-00127;HBA-ED016-00128;HBA-ED016-00129;HBA-ED016-00130;HBA-ED016-00131;HBA-ED016-00132;HBA-ED016-00133;HBA-ED016-00134;HBA-ED016-00135;HBA-ED016-00136;HBA-ED016-00137;HBA-ED016-00138;HBA-ED016-00143;HBA-ED016-00144;HBA-ED016-00145,46,,EXECUTION_DELIVERABLE/DEL-02-04,ACCEPTED_GATE4,
SUB-03-02-05_DEL-02-05,DEL-02-05 Project persistence and round trip serialization — Specification,KTY-03-02_Specification,CAT-003,DEL-02-05 Project persistence and round trip serialization — Specification,HBA-ED017-00128;HBA-ED017-00129;HBA-ED017-00130;HBA-ED017-00131;HBA-ED017-00132;HBA-ED017-00133;HBA-ED017-00134;HBA-ED017-00135;HBA-ED017-00136;HBA-ED017-00137;HBA-ED017-00138;HBA-ED017-00139;HBA-ED017-00140;HBA-ED017-00141;HBA-ED017-00142;HBA-ED017-00143;HBA-ED017-00144;HBA-ED017-00145;HBA-ED017-00146;HBA-ED017-00147;HBA-ED017-00148;HBA-ED017-00149;HBA-ED017-00150;HBA-ED017-00151;HBA-ED017-00152;HBA-ED017-00153;HBA-ED017-00154;HBA-ED017-00155;HBA-ED017-00156;HBA-ED017-00157;HBA-ED017-00158;HBA-ED017-00159;HBA-ED017-00160;HBA-ED017-00161;HBA-ED017-00162;HBA-ED017-00163;HBA-ED017-00164;HBA-ED017-00165;HBA-ED017-00166;HBA-ED017-00167;HBA-ED017-00168;HBA-ED017-00169;HBA-ED017-00170;HBA-ED017-00171;HBA-ED017-00172;HBA-ED017-00173;HBA-ED017-00174;HBA-ED017-00175;HBA-ED017-00176;HBA-ED017-00177;HBA-ED017-00178;HBA-ED017-00179;HBA-ED017-00180;HBA-ED017-00181;HBA-ED017-00183;HBA-ED017-00184;HBA-ED017-00185;HBA-ED017-00186;HBA-ED017-00187;HBA-ED017-00188;HBA-ED017-00189;HBA-ED017-00190;HBA-ED017-00191;HBA-ED017-00192;HBA-ED017-00193;HBA-ED017-00194;HBA-ED017-00195;HBA-ED017-00196;HBA-ED017-00197;HBA-ED017-00198;HBA-ED017-00199;HBA-ED017-00200;HBA-ED017-00201;HBA-ED017-00202;HBA-ED017-00203;HBA-ED017-00204;HBA-ED017-00205;HBA-ED017-00206;HBA-ED017-00207;HBA-ED017-00208;HBA-ED017-00209;HBA-ED017-00210;HBA-ED017-00211;HBA-ED017-00212;HBA-ED017-00213;HBA-ED017-00214;HBA-ED017-00215;HBA-ED017-00216,88,,EXECUTION_DELIVERABLE/DEL-02-05,ACCEPTED_GATE4,
SUB-03-03-01_DEL-02-01,DEL-02-01 Canonical domain model schema — Guidance,KTY-03-03_Guidance,CAT-003,DEL-02-01 Canonical domain model schema — Guidance,HBA-ED013-00027;HBA-ED013-00028;HBA-ED013-00029;HBA-ED013-00030;HBA-ED013-00031;HBA-ED013-00032;HBA-ED013-00033;HBA-ED013-00034;HBA-ED013-00035;HBA-ED013-00036;HBA-ED013-00037;HBA-ED013-00038;HBA-ED013-00039;HBA-ED013-00040;HBA-ED013-00041;HBA-ED013-00043;HBA-ED013-00044;HBA-ED013-00045;HBA-ED013-00046;HBA-ED013-00047;HBA-ED013-00048;HBA-ED013-00049;HBA-ED013-00050;HBA-ED013-00051;HBA-ED013-00052;HBA-ED013-00053;HBA-ED013-00054;HBA-ED013-00055;HBA-ED013-00056;HBA-ED013-00057;HBA-ED013-00058;HBA-ED013-00059;HBA-ED013-00060;HBA-ED013-00063,34,,EXECUTION_DELIVERABLE/DEL-02-01,ACCEPTED_GATE4,
SUB-03-03-02_DEL-02-02,DEL-02-02 Unit system and dimensional analysis core contract — Guidance,KTY-03-03_Guidance,CAT-003,DEL-02-02 Unit system and dimensional analysis core contract — Guidance,HBA-ED014-00030;HBA-ED014-00031;HBA-ED014-00032;HBA-ED014-00033;HBA-ED014-00034;HBA-ED014-00035;HBA-ED014-00036;HBA-ED014-00037;HBA-ED014-00038;HBA-ED014-00039;HBA-ED014-00040;HBA-ED014-00042;HBA-ED014-00043;HBA-ED014-00044;HBA-ED014-00045;HBA-ED014-00046;HBA-ED014-00047;HBA-ED014-00049;HBA-ED014-00050;HBA-ED014-00051;HBA-ED014-00052;HBA-ED014-00053,22,,EXECUTION_DELIVERABLE/DEL-02-02,ACCEPTED_GATE4,
SUB-03-03-03_DEL-02-03,DEL-02-03 Code neutral analysis boundary model — Guidance,KTY-03-03_Guidance,CAT-003,DEL-02-03 Code neutral analysis boundary model — Guidance,HBA-ED015-00035;HBA-ED015-00036;HBA-ED015-00037;HBA-ED015-00038;HBA-ED015-00039;HBA-ED015-00040;HBA-ED015-00041;HBA-ED015-00042;HBA-ED015-00043;HBA-ED015-00044;HBA-ED015-00045;HBA-ED015-00046;HBA-ED015-00047;HBA-ED015-00048;HBA-ED015-00049;HBA-ED015-00050;HBA-ED015-00051;HBA-ED015-00052;HBA-ED015-00053;HBA-ED015-00054;HBA-ED015-00055;HBA-ED015-00056;HBA-ED015-00057;HBA-ED015-00058;HBA-ED015-00059;HBA-ED015-00060,26,,EXECUTION_DELIVERABLE/DEL-02-03,ACCEPTED_GATE4,
SUB-03-03-04_DEL-02-04,DEL-02-04 Plugin and extension domain contracts — Guidance,KTY-03-03_Guidance,CAT-003,DEL-02-04 Plugin and extension domain contracts — Guidance,HBA-ED016-00035;HBA-ED016-00036;HBA-ED016-00037;HBA-ED016-00038;HBA-ED016-00039;HBA-ED016-00040;HBA-ED016-00041;HBA-ED016-00042;HBA-ED016-00043;HBA-ED016-00044;HBA-ED016-00045;HBA-ED016-00046;HBA-ED016-00047;HBA-ED016-00048;HBA-ED016-00049;HBA-ED016-00050;HBA-ED016-00051;HBA-ED016-00052;HBA-ED016-00053;HBA-ED016-00054;HBA-ED016-00055;HBA-ED016-00061;HBA-ED016-00062;HBA-ED016-00063;HBA-ED016-00064,25,,EXECUTION_DELIVERABLE/DEL-02-04,ACCEPTED_GATE4,
SUB-03-03-05_DEL-02-05,DEL-02-05 Project persistence and round trip serialization — Guidance,KTY-03-03_Guidance,CAT-003,DEL-02-05 Project persistence and round trip serialization — Guidance,HBA-ED017-00040;HBA-ED017-00041;HBA-ED017-00042;HBA-ED017-00043;HBA-ED017-00044;HBA-ED017-00045;HBA-ED017-00046;HBA-ED017-00047;HBA-ED017-00048;HBA-ED017-00049;HBA-ED017-00050;HBA-ED017-00051;HBA-ED017-00052;HBA-ED017-00053;HBA-ED017-00054;HBA-ED017-00055;HBA-ED017-00056;HBA-ED017-00057;HBA-ED017-00058;HBA-ED017-00059;HBA-ED017-00060;HBA-ED017-00061;HBA-ED017-00062;HBA-ED017-00063;HBA-ED017-00064;HBA-ED017-00065;HBA-ED017-00066;HBA-ED017-00067;HBA-ED017-00068;HBA-ED017-00069;HBA-ED017-00070;HBA-ED017-00071;HBA-ED017-00072,33,,EXECUTION_DELIVERABLE/DEL-02-05,ACCEPTED_GATE4,
SUB-03-04-01_DEL-02-01,DEL-02-01 Canonical domain model schema — Procedure,KTY-03-04_Procedure,CAT-003,DEL-02-01 Canonical domain model schema — Procedure,HBA-ED013-00064;HBA-ED013-00065;HBA-ED013-00066;HBA-ED013-00067;HBA-ED013-00068;HBA-ED013-00069;HBA-ED013-00070;HBA-ED013-00071;HBA-ED013-00072;HBA-ED013-00073;HBA-ED013-00074;HBA-ED013-00075;HBA-ED013-00076;HBA-ED013-00077;HBA-ED013-00078;HBA-ED013-00079;HBA-ED013-00080;HBA-ED013-00081;HBA-ED013-00082;HBA-ED013-00083;HBA-ED013-00084;HBA-ED013-00085;HBA-ED013-00086;HBA-ED013-00087;HBA-ED013-00088,25,,EXECUTION_DELIVERABLE/DEL-02-01,ACCEPTED_GATE4,
SUB-03-04-02_DEL-02-02,DEL-02-02 Unit system and dimensional analysis core contract — Procedure,KTY-03-04_Procedure,CAT-003,DEL-02-02 Unit system and dimensional analysis core contract — Procedure,HBA-ED014-00055;HBA-ED014-00058;HBA-ED014-00059;HBA-ED014-00060;HBA-ED014-00061;HBA-ED014-00062;HBA-ED014-00063;HBA-ED014-00064;HBA-ED014-00065;HBA-ED014-00066;HBA-ED014-00067;HBA-ED014-00068;HBA-ED014-00069;HBA-ED014-00070;HBA-ED014-00071;HBA-ED014-00072;HBA-ED014-00073;HBA-ED014-00074;HBA-ED014-00075,19,,EXECUTION_DELIVERABLE/DEL-02-02,ACCEPTED_GATE4,
SUB-03-04-03_DEL-02-03,DEL-02-03 Code neutral analysis boundary model — Procedure,KTY-03-04_Procedure,CAT-003,DEL-02-03 Code neutral analysis boundary model — Procedure,HBA-ED015-00061;HBA-ED015-00062;HBA-ED015-00063;HBA-ED015-00064;HBA-ED015-00065;HBA-ED015-00066;HBA-ED015-00067;HBA-ED015-00068;HBA-ED015-00069;HBA-ED015-00070;HBA-ED015-00071;HBA-ED015-00072;HBA-ED015-00073;HBA-ED015-00074;HBA-ED015-00075;HBA-ED015-00076,16,,EXECUTION_DELIVERABLE/DEL-02-03,ACCEPTED_GATE4,
SUB-03-04-04_DEL-02-04,DEL-02-04 Plugin and extension domain contracts — Procedure,KTY-03-04_Procedure,CAT-003,DEL-02-04 Plugin and extension domain contracts — Procedure,HBA-ED016-00066;HBA-ED016-00067;HBA-ED016-00068;HBA-ED016-00069;HBA-ED016-00070;HBA-ED016-00071;HBA-ED016-00072;HBA-ED016-00073;HBA-ED016-00074;HBA-ED016-00075;HBA-ED016-00076;HBA-ED016-00077;HBA-ED016-00078;HBA-ED016-00079;HBA-ED016-00080;HBA-ED016-00081;HBA-ED016-00082;HBA-ED016-00083;HBA-ED016-00084;HBA-ED016-00085;HBA-ED016-00086;HBA-ED016-00087;HBA-ED016-00088;HBA-ED016-00089;HBA-ED016-00090;HBA-ED016-00091;HBA-ED016-00092;HBA-ED016-00093;HBA-ED016-00094;HBA-ED016-00095,30,,EXECUTION_DELIVERABLE/DEL-02-04,ACCEPTED_GATE4,
SUB-03-04-05_DEL-02-05,DEL-02-05 Project persistence and round trip serialization — Procedure,KTY-03-04_Procedure,CAT-003,DEL-02-05 Project persistence and round trip serialization — Procedure,HBA-ED017-00073;HBA-ED017-00074;HBA-ED017-00075;HBA-ED017-00076;HBA-ED017-00077;HBA-ED017-00078;HBA-ED017-00079;HBA-ED017-00080;HBA-ED017-00081;HBA-ED017-00082;HBA-ED017-00083;HBA-ED017-00084;HBA-ED017-00085;HBA-ED017-00086;HBA-ED017-00087;HBA-ED017-00088;HBA-ED017-00089;HBA-ED017-00090;HBA-ED017-00091;HBA-ED017-00092;HBA-ED017-00093;HBA-ED017-00094;HBA-ED017-00095;HBA-ED017-00096;HBA-ED017-00097;HBA-ED017-00098;HBA-ED017-00099;HBA-ED017-00100;HBA-ED017-00101;HBA-ED017-00102;HBA-ED017-00103;HBA-ED017-00104;HBA-ED017-00105;HBA-ED017-00106;HBA-ED017-00107;HBA-ED017-00108;HBA-ED017-00109;HBA-ED017-00110;HBA-ED017-00111;HBA-ED017-00112;HBA-ED017-00113;HBA-ED017-00114;HBA-ED017-00115;HBA-ED017-00116;HBA-ED017-00117;HBA-ED017-00118;HBA-ED017-00119;HBA-ED017-00120;HBA-ED017-00121;HBA-ED017-00122;HBA-ED017-00123;HBA-ED017-00124;HBA-ED017-00125;HBA-ED017-00126;HBA-ED017-00127,55,,EXECUTION_DELIVERABLE/DEL-02-05,ACCEPTED_GATE4,
SUB-04-01-01_DEL-03-01,DEL-03-01 Material library schema with provenance — Datasheet,KTY-04-01_Datasheet-Reference,CAT-004,DEL-03-01 Material library schema with provenance — Datasheet,HBA-ED018-00001;HBA-ED018-00002;HBA-ED018-00003;HBA-ED018-00004;HBA-ED018-00005;HBA-ED018-00006;HBA-ED018-00007;HBA-ED018-00008;HBA-ED018-00009;HBA-ED018-00010;HBA-ED018-00011;HBA-ED018-00012;HBA-ED018-00013;HBA-ED018-00014;HBA-ED018-00016;HBA-ED018-00017;HBA-ED018-00018;HBA-ED018-00019;HBA-ED018-00020;HBA-ED018-00021;HBA-ED018-00022;HBA-ED018-00023;HBA-ED018-00024;HBA-ED018-00025;HBA-ED018-00026,25,,EXECUTION_DELIVERABLE/DEL-03-01,ACCEPTED_GATE4,
SUB-04-01-02_DEL-03-02,DEL-03-02 Pipe section and component library schema — Datasheet,KTY-04-01_Datasheet-Reference,CAT-004,DEL-03-02 Pipe section and component library schema — Datasheet,HBA-ED019-00001;HBA-ED019-00002;HBA-ED019-00003;HBA-ED019-00004;HBA-ED019-00005;HBA-ED019-00006;HBA-ED019-00007;HBA-ED019-00009;HBA-ED019-00010;HBA-ED019-00011;HBA-ED019-00012;HBA-ED019-00013;HBA-ED019-00014;HBA-ED019-00015;HBA-ED019-00016;HBA-ED019-00017;HBA-ED019-00018;HBA-ED019-00019;HBA-ED019-00020;HBA-ED019-00021;HBA-ED019-00022;HBA-ED019-00023;HBA-ED019-00024;HBA-ED019-00025;HBA-ED019-00026;HBA-ED019-00027;HBA-ED019-00028;HBA-ED019-00029;HBA-ED019-00030;HBA-ED019-00031;HBA-ED019-00032;HBA-ED019-00033;HBA-ED019-00034,33,,EXECUTION_DELIVERABLE/DEL-03-02,ACCEPTED_GATE4,
SUB-04-01-03_DEL-03-03,DEL-03-03 Bend and elbow component model fields — Datasheet,KTY-04-01_Datasheet-Reference,CAT-004,DEL-03-03 Bend and elbow component model fields — Datasheet,HBA-ED020-00001;HBA-ED020-00002;HBA-ED020-00003;HBA-ED020-00004;HBA-ED020-00005;HBA-ED020-00006;HBA-ED020-00007;HBA-ED020-00008;HBA-ED020-00009;HBA-ED020-00010;HBA-ED020-00011;HBA-ED020-00012;HBA-ED020-00013;HBA-ED020-00014;HBA-ED020-00015;HBA-ED020-00016;HBA-ED020-00017;HBA-ED020-00018,18,,EXECUTION_DELIVERABLE/DEL-03-03,ACCEPTED_GATE4,
SUB-04-01-04_DEL-03-04,DEL-03-04 Branch connection component model fields — Datasheet,KTY-04-01_Datasheet-Reference,CAT-004,DEL-03-04 Branch connection component model fields — Datasheet,HBA-ED021-00002;HBA-ED021-00003;HBA-ED021-00004;HBA-ED021-00005;HBA-ED021-00006;HBA-ED021-00007;HBA-ED021-00008;HBA-ED021-00009;HBA-ED021-00010;HBA-ED021-00011;HBA-ED021-00012;HBA-ED021-00013;HBA-ED021-00014;HBA-ED021-00015;HBA-ED021-00016;HBA-ED021-00017;HBA-ED021-00018;HBA-ED021-00019;HBA-ED021-00020;HBA-ED021-00021;HBA-ED021-00022,21,,EXECUTION_DELIVERABLE/DEL-03-04,ACCEPTED_GATE4,
SUB-04-01-05_DEL-03-05,"DEL-03-05 Rigid component models for valves, flanges, reducers, and specialty items — Datasheet",KTY-04-01_Datasheet-Reference,CAT-004,"DEL-03-05 Rigid component models for valves, flanges, reducers, and specialty items — Datasheet",HBA-ED022-00001;HBA-ED022-00002;HBA-ED022-00003;HBA-ED022-00004;HBA-ED022-00005;HBA-ED022-00006;HBA-ED022-00007;HBA-ED022-00008;HBA-ED022-00009;HBA-ED022-00010;HBA-ED022-00011;HBA-ED022-00012;HBA-ED022-00013;HBA-ED022-00014;HBA-ED022-00015;HBA-ED022-00016,16,,EXECUTION_DELIVERABLE/DEL-03-05,ACCEPTED_GATE4,
SUB-04-01-06_DEL-03-06,DEL-03-06 Expansion joint component model — Datasheet,KTY-04-01_Datasheet-Reference,CAT-004,DEL-03-06 Expansion joint component model — Datasheet,HBA-ED023-00001;HBA-ED023-00002;HBA-ED023-00003;HBA-ED023-00004;HBA-ED023-00005;HBA-ED023-00007;HBA-ED023-00008;HBA-ED023-00010;HBA-ED023-00012;HBA-ED023-00020;HBA-ED023-00021;HBA-ED023-00022;HBA-ED023-00023;HBA-ED023-00024;HBA-ED023-00025;HBA-ED023-00026;HBA-ED023-00027;HBA-ED023-00028;HBA-ED023-00029;HBA-ED023-00030;HBA-ED023-00031,21,,EXECUTION_DELIVERABLE/DEL-03-06,ACCEPTED_GATE4,
SUB-04-01-07_DEL-03-07,DEL-03-07 Public private library import provenance checker — Datasheet,KTY-04-01_Datasheet-Reference,CAT-004,DEL-03-07 Public private library import provenance checker — Datasheet,HBA-ED024-00001;HBA-ED024-00002;HBA-ED024-00003;HBA-ED024-00004;HBA-ED024-00005;HBA-ED024-00006;HBA-ED024-00009;HBA-ED024-00010;HBA-ED024-00011;HBA-ED024-00012;HBA-ED024-00013;HBA-ED024-00014;HBA-ED024-00015;HBA-ED024-00016;HBA-ED024-00017;HBA-ED024-00018;HBA-ED024-00019;HBA-ED024-00020;HBA-ED024-00021;HBA-ED024-00022;HBA-ED024-00023;HBA-ED024-00025,22,,EXECUTION_DELIVERABLE/DEL-03-07,ACCEPTED_GATE4,
SUB-04-01-08_DEL-03-08,DEL-03-08 Pipe section property and mass property calculator — Datasheet,KTY-04-01_Datasheet-Reference,CAT-004,DEL-03-08 Pipe section property and mass property calculator — Datasheet,HBA-ED025-00001;HBA-ED025-00002;HBA-ED025-00003;HBA-ED025-00004;HBA-ED025-00005;HBA-ED025-00006;HBA-ED025-00007;HBA-ED025-00008;HBA-ED025-00009;HBA-ED025-00010;HBA-ED025-00011;HBA-ED025-00012;HBA-ED025-00013;HBA-ED025-00014;HBA-ED025-00015;HBA-ED025-00016;HBA-ED025-00017;HBA-ED025-00018;HBA-ED025-00019;HBA-ED025-00020;HBA-ED025-00021;HBA-ED025-00022;HBA-ED025-00023;HBA-ED025-00024;HBA-ED025-00025;HBA-ED025-00026;HBA-ED025-00027;HBA-ED025-00028;HBA-ED025-00029;HBA-ED025-00030,30,,EXECUTION_DELIVERABLE/DEL-03-08,ACCEPTED_GATE4,
SUB-04-02-01_DEL-03-01,DEL-03-01 Material library schema with provenance — Specification,KTY-04-02_Specification,CAT-004,DEL-03-01 Material library schema with provenance — Specification,HBA-ED018-00065;HBA-ED018-00066;HBA-ED018-00067;HBA-ED018-00068;HBA-ED018-00069;HBA-ED018-00070;HBA-ED018-00071;HBA-ED018-00072;HBA-ED018-00073;HBA-ED018-00074;HBA-ED018-00075;HBA-ED018-00076;HBA-ED018-00077;HBA-ED018-00078;HBA-ED018-00079;HBA-ED018-00080;HBA-ED018-00081;HBA-ED018-00082;HBA-ED018-00083;HBA-ED018-00085;HBA-ED018-00086,21,,EXECUTION_DELIVERABLE/DEL-03-01,ACCEPTED_GATE4,
SUB-04-02-02_DEL-03-02,DEL-03-02 Pipe section and component library schema — Specification,KTY-04-02_Specification,CAT-004,DEL-03-02 Pipe section and component library schema — Specification,HBA-ED019-00080;HBA-ED019-00081;HBA-ED019-00082;HBA-ED019-00083;HBA-ED019-00084;HBA-ED019-00085;HBA-ED019-00086;HBA-ED019-00087;HBA-ED019-00088;HBA-ED019-00089;HBA-ED019-00090;HBA-ED019-00091;HBA-ED019-00092;HBA-ED019-00093;HBA-ED019-00094;HBA-ED019-00095;HBA-ED019-00096;HBA-ED019-00097;HBA-ED019-00098;HBA-ED019-00099;HBA-ED019-00100;HBA-ED019-00101;HBA-ED019-00102;HBA-ED019-00103;HBA-ED019-00104;HBA-ED019-00105;HBA-ED019-00106;HBA-ED019-00107;HBA-ED019-00108;HBA-ED019-00109;HBA-ED019-00110;HBA-ED019-00111,32,,EXECUTION_DELIVERABLE/DEL-03-02,ACCEPTED_GATE4,
SUB-04-02-03_DEL-03-03,DEL-03-03 Bend and elbow component model fields — Specification,KTY-04-02_Specification,CAT-004,DEL-03-03 Bend and elbow component model fields — Specification,HBA-ED020-00053;HBA-ED020-00054;HBA-ED020-00055;HBA-ED020-00056;HBA-ED020-00057;HBA-ED020-00058;HBA-ED020-00059;HBA-ED020-00060;HBA-ED020-00061;HBA-ED020-00062;HBA-ED020-00063;HBA-ED020-00064;HBA-ED020-00065;HBA-ED020-00066;HBA-ED020-00067;HBA-ED020-00068;HBA-ED020-00069;HBA-ED020-00070;HBA-ED020-00071;HBA-ED020-00072;HBA-ED020-00073;HBA-ED020-00074;HBA-ED020-00075;HBA-ED020-00076;HBA-ED020-00077,25,,EXECUTION_DELIVERABLE/DEL-03-03,ACCEPTED_GATE4,
SUB-04-02-04_DEL-03-04,DEL-03-04 Branch connection component model fields — Specification,KTY-04-02_Specification,CAT-004,DEL-03-04 Branch connection component model fields — Specification,HBA-ED021-00071;HBA-ED021-00072;HBA-ED021-00073;HBA-ED021-00074;HBA-ED021-00075;HBA-ED021-00076;HBA-ED021-00077;HBA-ED021-00078;HBA-ED021-00079;HBA-ED021-00080;HBA-ED021-00081;HBA-ED021-00082;HBA-ED021-00083;HBA-ED021-00084;HBA-ED021-00085;HBA-ED021-00086;HBA-ED021-00087;HBA-ED021-00088;HBA-ED021-00090;HBA-ED021-00091,20,,EXECUTION_DELIVERABLE/DEL-03-04,ACCEPTED_GATE4,
SUB-04-02-05_DEL-03-05,"DEL-03-05 Rigid component models for valves, flanges, reducers, and specialty items — Specification",KTY-04-02_Specification,CAT-004,"DEL-03-05 Rigid component models for valves, flanges, reducers, and specialty items — Specification",HBA-ED022-00061;HBA-ED022-00062;HBA-ED022-00063;HBA-ED022-00064;HBA-ED022-00065;HBA-ED022-00066;HBA-ED022-00067;HBA-ED022-00068;HBA-ED022-00069;HBA-ED022-00070;HBA-ED022-00071;HBA-ED022-00072;HBA-ED022-00073;HBA-ED022-00074;HBA-ED022-00075;HBA-ED022-00078;HBA-ED022-00079;HBA-ED022-00080;HBA-ED022-00081;HBA-ED022-00082;HBA-ED022-00083;HBA-ED022-00084;HBA-ED022-00085;HBA-ED022-00086;HBA-ED022-00087;HBA-ED022-00088,26,,EXECUTION_DELIVERABLE/DEL-03-05,ACCEPTED_GATE4,
SUB-04-02-06_DEL-03-06,DEL-03-06 Expansion joint component model — Specification,KTY-04-02_Specification,CAT-004,DEL-03-06 Expansion joint component model — Specification,HBA-ED023-00070;HBA-ED023-00071;HBA-ED023-00072;HBA-ED023-00073;HBA-ED023-00074;HBA-ED023-00075;HBA-ED023-00076;HBA-ED023-00077;HBA-ED023-00078;HBA-ED023-00079;HBA-ED023-00080;HBA-ED023-00081;HBA-ED023-00082;HBA-ED023-00083;HBA-ED023-00084;HBA-ED023-00085;HBA-ED023-00092;HBA-ED023-00093;HBA-ED023-00094;HBA-ED023-00095;HBA-ED023-00096;HBA-ED023-00097;HBA-ED023-00098;HBA-ED023-00099;HBA-ED023-00100;HBA-ED023-00101;HBA-ED023-00102;HBA-ED023-00103;HBA-ED023-00104,29,,EXECUTION_DELIVERABLE/DEL-03-06,ACCEPTED_GATE4,
SUB-04-02-07_DEL-03-07,DEL-03-07 Public private library import provenance checker — Specification,KTY-04-02_Specification,CAT-004,DEL-03-07 Public private library import provenance checker — Specification,HBA-ED024-00070;HBA-ED024-00071;HBA-ED024-00072;HBA-ED024-00073;HBA-ED024-00074;HBA-ED024-00075;HBA-ED024-00076;HBA-ED024-00077;HBA-ED024-00078;HBA-ED024-00079;HBA-ED024-00080;HBA-ED024-00081;HBA-ED024-00082;HBA-ED024-00083;HBA-ED024-00084;HBA-ED024-00085;HBA-ED024-00088;HBA-ED024-00089;HBA-ED024-00090;HBA-ED024-00091;HBA-ED024-00092;HBA-ED024-00093;HBA-ED024-00094,23,,EXECUTION_DELIVERABLE/DEL-03-07,ACCEPTED_GATE4,
SUB-04-02-08_DEL-03-08,DEL-03-08 Pipe section property and mass property calculator — Specification,KTY-04-02_Specification,CAT-004,DEL-03-08 Pipe section property and mass property calculator — Specification,HBA-ED025-00074;HBA-ED025-00075;HBA-ED025-00076;HBA-ED025-00077;HBA-ED025-00078;HBA-ED025-00079;HBA-ED025-00080;HBA-ED025-00081;HBA-ED025-00082;HBA-ED025-00083;HBA-ED025-00084;HBA-ED025-00085;HBA-ED025-00086;HBA-ED025-00087;HBA-ED025-00088;HBA-ED025-00089;HBA-ED025-00090;HBA-ED025-00091,18,,EXECUTION_DELIVERABLE/DEL-03-08,ACCEPTED_GATE4,
SUB-04-03-01_DEL-03-01,DEL-03-01 Material library schema with provenance — Guidance,KTY-04-03_Guidance,CAT-004,DEL-03-01 Material library schema with provenance — Guidance,HBA-ED018-00027;HBA-ED018-00028;HBA-ED018-00029;HBA-ED018-00030;HBA-ED018-00031;HBA-ED018-00032;HBA-ED018-00033;HBA-ED018-00034;HBA-ED018-00035;HBA-ED018-00036;HBA-ED018-00037;HBA-ED018-00038;HBA-ED018-00039;HBA-ED018-00040;HBA-ED018-00041;HBA-ED018-00042;HBA-ED018-00043,17,,EXECUTION_DELIVERABLE/DEL-03-01,ACCEPTED_GATE4,
SUB-04-03-02_DEL-03-02,DEL-03-02 Pipe section and component library schema — Guidance,KTY-04-03_Guidance,CAT-004,DEL-03-02 Pipe section and component library schema — Guidance,HBA-ED019-00035;HBA-ED019-00036;HBA-ED019-00037;HBA-ED019-00038;HBA-ED019-00039;HBA-ED019-00040;HBA-ED019-00041;HBA-ED019-00042;HBA-ED019-00043;HBA-ED019-00044;HBA-ED019-00045;HBA-ED019-00046;HBA-ED019-00047;HBA-ED019-00048;HBA-ED019-00049;HBA-ED019-00050;HBA-ED019-00051;HBA-ED019-00052;HBA-ED019-00053;HBA-ED019-00054,20,,EXECUTION_DELIVERABLE/DEL-03-02,ACCEPTED_GATE4,
SUB-04-03-03_DEL-03-03,DEL-03-03 Bend and elbow component model fields — Guidance,KTY-04-03_Guidance,CAT-004,DEL-03-03 Bend and elbow component model fields — Guidance,HBA-ED020-00019;HBA-ED020-00020;HBA-ED020-00021;HBA-ED020-00022;HBA-ED020-00023;HBA-ED020-00024;HBA-ED020-00025;HBA-ED020-00026;HBA-ED020-00027;HBA-ED020-00028;HBA-ED020-00029;HBA-ED020-00030;HBA-ED020-00031;HBA-ED020-00032;HBA-ED020-00033;HBA-ED020-00034,16,,EXECUTION_DELIVERABLE/DEL-03-03,ACCEPTED_GATE4,
SUB-04-03-04_DEL-03-04,DEL-03-04 Branch connection component model fields — Guidance,KTY-04-03_Guidance,CAT-004,DEL-03-04 Branch connection component model fields — Guidance,HBA-ED021-00028;HBA-ED021-00029;HBA-ED021-00030;HBA-ED021-00031;HBA-ED021-00032;HBA-ED021-00033;HBA-ED021-00034;HBA-ED021-00035;HBA-ED021-00036;HBA-ED021-00037;HBA-ED021-00038;HBA-ED021-00039;HBA-ED021-00040;HBA-ED021-00041;HBA-ED021-00042;HBA-ED021-00043;HBA-ED021-00044;HBA-ED021-00045;HBA-ED021-00046;HBA-ED021-00047;HBA-ED021-00048;HBA-ED021-00049;HBA-ED021-00050;HBA-ED021-00051,24,,EXECUTION_DELIVERABLE/DEL-03-04,ACCEPTED_GATE4,
SUB-04-03-05_DEL-03-05,"DEL-03-05 Rigid component models for valves, flanges, reducers, and specialty items — Guidance",KTY-04-03_Guidance,CAT-004,"DEL-03-05 Rigid component models for valves, flanges, reducers, and specialty items — Guidance",HBA-ED022-00017;HBA-ED022-00018;HBA-ED022-00019;HBA-ED022-00020;HBA-ED022-00021;HBA-ED022-00022;HBA-ED022-00023;HBA-ED022-00024;HBA-ED022-00025;HBA-ED022-00026;HBA-ED022-00027;HBA-ED022-00028;HBA-ED022-00029;HBA-ED022-00030;HBA-ED022-00031;HBA-ED022-00032;HBA-ED022-00033;HBA-ED022-00034;HBA-ED022-00035;HBA-ED022-00036;HBA-ED022-00037;HBA-ED022-00038;HBA-ED022-00039,23,,EXECUTION_DELIVERABLE/DEL-03-05,ACCEPTED_GATE4,
SUB-04-03-06_DEL-03-06,DEL-03-06 Expansion joint component model — Guidance,KTY-04-03_Guidance,CAT-004,DEL-03-06 Expansion joint component model — Guidance,HBA-ED023-00032;HBA-ED023-00033;HBA-ED023-00034;HBA-ED023-00035;HBA-ED023-00036;HBA-ED023-00037;HBA-ED023-00038;HBA-ED023-00039;HBA-ED023-00040;HBA-ED023-00041;HBA-ED023-00042;HBA-ED023-00043;HBA-ED023-00044;HBA-ED023-00045,14,,EXECUTION_DELIVERABLE/DEL-03-06,ACCEPTED_GATE4,
SUB-04-03-07_DEL-03-07,DEL-03-07 Public private library import provenance checker — Guidance,KTY-04-03_Guidance,CAT-004,DEL-03-07 Public private library import provenance checker — Guidance,HBA-ED024-00026;HBA-ED024-00027;HBA-ED024-00028;HBA-ED024-00029;HBA-ED024-00030;HBA-ED024-00031;HBA-ED024-00032;HBA-ED024-00033;HBA-ED024-00034;HBA-ED024-00035;HBA-ED024-00036;HBA-ED024-00038;HBA-ED024-00039;HBA-ED024-00040;HBA-ED024-00041;HBA-ED024-00042;HBA-ED024-00043;HBA-ED024-00044;HBA-ED024-00045;HBA-ED024-00046,20,,EXECUTION_DELIVERABLE/DEL-03-07,ACCEPTED_GATE4,
SUB-04-03-08_DEL-03-08,DEL-03-08 Pipe section property and mass property calculator — Guidance,KTY-04-03_Guidance,CAT-004,DEL-03-08 Pipe section property and mass property calculator — Guidance,HBA-ED025-00031;HBA-ED025-00032;HBA-ED025-00033;HBA-ED025-00034;HBA-ED025-00035;HBA-ED025-00036;HBA-ED025-00037;HBA-ED025-00038;HBA-ED025-00039;HBA-ED025-00040;HBA-ED025-00041;HBA-ED025-00042;HBA-ED025-00043;HBA-ED025-00044;HBA-ED025-00045;HBA-ED025-00046;HBA-ED025-00050,17,,EXECUTION_DELIVERABLE/DEL-03-08,ACCEPTED_GATE4,
SUB-04-04-01_DEL-03-01,DEL-03-01 Material library schema with provenance — Procedure,KTY-04-04_Procedure,CAT-004,DEL-03-01 Material library schema with provenance — Procedure,HBA-ED018-00045;HBA-ED018-00046;HBA-ED018-00047;HBA-ED018-00048;HBA-ED018-00049;HBA-ED018-00050;HBA-ED018-00051;HBA-ED018-00052;HBA-ED018-00053;HBA-ED018-00054;HBA-ED018-00055;HBA-ED018-00056;HBA-ED018-00057;HBA-ED018-00058;HBA-ED018-00059;HBA-ED018-00060;HBA-ED018-00061;HBA-ED018-00062;HBA-ED018-00063;HBA-ED018-00064,20,,EXECUTION_DELIVERABLE/DEL-03-01,ACCEPTED_GATE4,
SUB-04-04-02_DEL-03-02,DEL-03-02 Pipe section and component library schema — Procedure,KTY-04-04_Procedure,CAT-004,DEL-03-02 Pipe section and component library schema — Procedure,HBA-ED019-00055;HBA-ED019-00056;HBA-ED019-00057;HBA-ED019-00058;HBA-ED019-00059;HBA-ED019-00060;HBA-ED019-00061;HBA-ED019-00062;HBA-ED019-00063;HBA-ED019-00064;HBA-ED019-00065;HBA-ED019-00066;HBA-ED019-00067;HBA-ED019-00068;HBA-ED019-00069;HBA-ED019-00070;HBA-ED019-00071;HBA-ED019-00072;HBA-ED019-00073;HBA-ED019-00074;HBA-ED019-00075;HBA-ED019-00076;HBA-ED019-00077;HBA-ED019-00078;HBA-ED019-00079,25,,EXECUTION_DELIVERABLE/DEL-03-02,ACCEPTED_GATE4,
SUB-04-04-03_DEL-03-03,DEL-03-03 Bend and elbow component model fields — Procedure,KTY-04-04_Procedure,CAT-004,DEL-03-03 Bend and elbow component model fields — Procedure,HBA-ED020-00036;HBA-ED020-00037;HBA-ED020-00038;HBA-ED020-00039;HBA-ED020-00040;HBA-ED020-00041;HBA-ED020-00042;HBA-ED020-00043;HBA-ED020-00044;HBA-ED020-00045;HBA-ED020-00046;HBA-ED020-00047;HBA-ED020-00048;HBA-ED020-00049;HBA-ED020-00050;HBA-ED020-00051;HBA-ED020-00052,17,,EXECUTION_DELIVERABLE/DEL-03-03,ACCEPTED_GATE4,
SUB-04-04-04_DEL-03-04,DEL-03-04 Branch connection component model fields — Procedure,KTY-04-04_Procedure,CAT-004,DEL-03-04 Branch connection component model fields — Procedure,HBA-ED021-00052;HBA-ED021-00053;HBA-ED021-00054;HBA-ED021-00055;HBA-ED021-00056;HBA-ED021-00057;HBA-ED021-00058;HBA-ED021-00059;HBA-ED021-00060;HBA-ED021-00061;HBA-ED021-00062;HBA-ED021-00063;HBA-ED021-00064;HBA-ED021-00065;HBA-ED021-00066;HBA-ED021-00067;HBA-ED021-00068;HBA-ED021-00069,18,,EXECUTION_DELIVERABLE/DEL-03-04,ACCEPTED_GATE4,
SUB-04-04-05_DEL-03-05,"DEL-03-05 Rigid component models for valves, flanges, reducers, and specialty items — Procedure",KTY-04-04_Procedure,CAT-004,"DEL-03-05 Rigid component models for valves, flanges, reducers, and specialty items — Procedure",HBA-ED022-00042;HBA-ED022-00043;HBA-ED022-00044;HBA-ED022-00045;HBA-ED022-00046;HBA-ED022-00047;HBA-ED022-00048;HBA-ED022-00049;HBA-ED022-00050;HBA-ED022-00051;HBA-ED022-00052;HBA-ED022-00053;HBA-ED022-00054;HBA-ED022-00055;HBA-ED022-00056;HBA-ED022-00057;HBA-ED022-00058;HBA-ED022-00059;HBA-ED022-00060,19,,EXECUTION_DELIVERABLE/DEL-03-05,ACCEPTED_GATE4,
SUB-04-04-06_DEL-03-06,DEL-03-06 Expansion joint component model — Procedure,KTY-04-04_Procedure,CAT-004,DEL-03-06 Expansion joint component model — Procedure,HBA-ED023-00046;HBA-ED023-00047;HBA-ED023-00048;HBA-ED023-00049;HBA-ED023-00050;HBA-ED023-00051;HBA-ED023-00052;HBA-ED023-00053;HBA-ED023-00054;HBA-ED023-00055;HBA-ED023-00056;HBA-ED023-00057;HBA-ED023-00058;HBA-ED023-00059;HBA-ED023-00060;HBA-ED023-00061;HBA-ED023-00062;HBA-ED023-00063;HBA-ED023-00064;HBA-ED023-00065;HBA-ED023-00066;HBA-ED023-00067;HBA-ED023-00068;HBA-ED023-00069,24,,EXECUTION_DELIVERABLE/DEL-03-06,ACCEPTED_GATE4,
SUB-04-04-07_DEL-03-07,DEL-03-07 Public private library import provenance checker — Procedure,KTY-04-04_Procedure,CAT-004,DEL-03-07 Public private library import provenance checker — Procedure,HBA-ED024-00051;HBA-ED024-00052;HBA-ED024-00053;HBA-ED024-00054;HBA-ED024-00055;HBA-ED024-00056;HBA-ED024-00057;HBA-ED024-00058;HBA-ED024-00059;HBA-ED024-00060;HBA-ED024-00061;HBA-ED024-00062;HBA-ED024-00063;HBA-ED024-00064;HBA-ED024-00065;HBA-ED024-00066;HBA-ED024-00067;HBA-ED024-00068;HBA-ED024-00069,19,,EXECUTION_DELIVERABLE/DEL-03-07,ACCEPTED_GATE4,
SUB-04-04-08_DEL-03-08,DEL-03-08 Pipe section property and mass property calculator — Procedure,KTY-04-04_Procedure,CAT-004,DEL-03-08 Pipe section property and mass property calculator — Procedure,HBA-ED025-00051;HBA-ED025-00052;HBA-ED025-00053;HBA-ED025-00054;HBA-ED025-00055;HBA-ED025-00056;HBA-ED025-00057;HBA-ED025-00058;HBA-ED025-00059;HBA-ED025-00060;HBA-ED025-00061;HBA-ED025-00062;HBA-ED025-00063;HBA-ED025-00064;HBA-ED025-00065;HBA-ED025-00066;HBA-ED025-00067;HBA-ED025-00068;HBA-ED025-00069;HBA-ED025-00070;HBA-ED025-00071;HBA-ED025-00072,22,,EXECUTION_DELIVERABLE/DEL-03-08,ACCEPTED_GATE4,
SUB-05-01-01_DEL-04-01,DEL-04-01 3D frame stiffness kernel — Datasheet,KTY-05-01_Datasheet-Reference,CAT-005,DEL-04-01 3D frame stiffness kernel — Datasheet,HBA-ED026-00001;HBA-ED026-00002;HBA-ED026-00003;HBA-ED026-00004;HBA-ED026-00005;HBA-ED026-00006;HBA-ED026-00007;HBA-ED026-00008;HBA-ED026-00009;HBA-ED026-00010;HBA-ED026-00011;HBA-ED026-00012;HBA-ED026-00013;HBA-ED026-00014;HBA-ED026-00015;HBA-ED026-00016;HBA-ED026-00017;HBA-ED026-00018;HBA-ED026-00019;HBA-ED026-00020;HBA-ED026-00021;HBA-ED026-00022;HBA-ED026-00023;HBA-ED026-00024;HBA-ED026-00025;HBA-ED026-00026;HBA-ED026-00027;HBA-ED026-00028;HBA-ED026-00029;HBA-ED026-00030;HBA-ED026-00031;HBA-ED026-00032;HBA-ED026-00033;HBA-ED026-00034,34,,EXECUTION_DELIVERABLE/DEL-04-01,ACCEPTED_GATE4,
SUB-05-01-02_DEL-04-02,DEL-04-02 Straight pipe element — Datasheet,KTY-05-01_Datasheet-Reference,CAT-005,DEL-04-02 Straight pipe element — Datasheet,HBA-ED027-00001;HBA-ED027-00002;HBA-ED027-00003;HBA-ED027-00004;HBA-ED027-00005;HBA-ED027-00006;HBA-ED027-00007;HBA-ED027-00008;HBA-ED027-00009;HBA-ED027-00014;HBA-ED027-00015;HBA-ED027-00016;HBA-ED027-00017;HBA-ED027-00018,14,,EXECUTION_DELIVERABLE/DEL-04-02,ACCEPTED_GATE4,
SUB-05-01-03_DEL-04-03,DEL-04-03 Linear support and restraint models — Datasheet,KTY-05-01_Datasheet-Reference,CAT-005,DEL-04-03 Linear support and restraint models — Datasheet,HBA-ED028-00002;HBA-ED028-00003;HBA-ED028-00004;HBA-ED028-00005;HBA-ED028-00006;HBA-ED028-00007;HBA-ED028-00008;HBA-ED028-00009;HBA-ED028-00010;HBA-ED028-00011;HBA-ED028-00013;HBA-ED028-00014;HBA-ED028-00015;HBA-ED028-00016;HBA-ED028-00017;HBA-ED028-00018;HBA-ED028-00019;HBA-ED028-00021;HBA-ED028-00022;HBA-ED028-00024;HBA-ED028-00025,21,,EXECUTION_DELIVERABLE/DEL-04-03,ACCEPTED_GATE4,
SUB-05-01-04_DEL-04-04,DEL-04-04 Nonlinear support active set solver — Datasheet,KTY-05-01_Datasheet-Reference,CAT-005,DEL-04-04 Nonlinear support active set solver — Datasheet,HBA-ED029-00001;HBA-ED029-00002;HBA-ED029-00003;HBA-ED029-00004;HBA-ED029-00005;HBA-ED029-00006;HBA-ED029-00007;HBA-ED029-00008;HBA-ED029-00009;HBA-ED029-00010;HBA-ED029-00011;HBA-ED029-00012;HBA-ED029-00013;HBA-ED029-00014;HBA-ED029-00015;HBA-ED029-00016;HBA-ED029-00017;HBA-ED029-00018;HBA-ED029-00019;HBA-ED029-00020;HBA-ED029-00021;HBA-ED029-00022;HBA-ED029-00023;HBA-ED029-00024,24,,EXECUTION_DELIVERABLE/DEL-04-04,ACCEPTED_GATE4,
SUB-05-01-05_DEL-04-05,DEL-04-05 Sparse solver performance harness — Datasheet,KTY-05-01_Datasheet-Reference,CAT-005,DEL-04-05 Sparse solver performance harness — Datasheet,HBA-ED030-00001;HBA-ED030-00002;HBA-ED030-00003;HBA-ED030-00004;HBA-ED030-00005;HBA-ED030-00006;HBA-ED030-00007;HBA-ED030-00008;HBA-ED030-00009;HBA-ED030-00010;HBA-ED030-00011;HBA-ED030-00012;HBA-ED030-00013;HBA-ED030-00014;HBA-ED030-00015;HBA-ED030-00016;HBA-ED030-00017;HBA-ED030-00018;HBA-ED030-00019;HBA-ED030-00020;HBA-ED030-00021;HBA-ED030-00022,22,,EXECUTION_DELIVERABLE/DEL-04-05,ACCEPTED_GATE4,
SUB-05-01-06_DEL-04-06,DEL-04-06 Solver diagnostics and singularity detection — Datasheet,KTY-05-01_Datasheet-Reference,CAT-005,DEL-04-06 Solver diagnostics and singularity detection — Datasheet,HBA-ED031-00001;HBA-ED031-00002;HBA-ED031-00003;HBA-ED031-00004;HBA-ED031-00005;HBA-ED031-00006;HBA-ED031-00007;HBA-ED031-00008;HBA-ED031-00009;HBA-ED031-00010;HBA-ED031-00011;HBA-ED031-00012;HBA-ED031-00013;HBA-ED031-00014;HBA-ED031-00015;HBA-ED031-00016;HBA-ED031-00017;HBA-ED031-00018;HBA-ED031-00019;HBA-ED031-00020;HBA-ED031-00021;HBA-ED031-00022;HBA-ED031-00023;HBA-ED031-00024;HBA-ED031-00025;HBA-ED031-00026;HBA-ED031-00027;HBA-ED031-00028;HBA-ED031-00029;HBA-ED031-00030;HBA-ED031-00031;HBA-ED031-00032,32,,EXECUTION_DELIVERABLE/DEL-04-06,ACCEPTED_GATE4,
SUB-05-02-01_DEL-04-01,DEL-04-01 3D frame stiffness kernel — Specification,KTY-05-02_Specification,CAT-005,DEL-04-01 3D frame stiffness kernel — Specification,HBA-ED026-00075;HBA-ED026-00076;HBA-ED026-00077;HBA-ED026-00078;HBA-ED026-00079;HBA-ED026-00080;HBA-ED026-00081;HBA-ED026-00082;HBA-ED026-00083;HBA-ED026-00084;HBA-ED026-00085;HBA-ED026-00086;HBA-ED026-00087;HBA-ED026-00088;HBA-ED026-00089;HBA-ED026-00090;HBA-ED026-00091;HBA-ED026-00092;HBA-ED026-00093;HBA-ED026-00094;HBA-ED026-00095;HBA-ED026-00096;HBA-ED026-00097;HBA-ED026-00098;HBA-ED026-00099;HBA-ED026-00100;HBA-ED026-00101;HBA-ED026-00102;HBA-ED026-00103;HBA-ED026-00104;HBA-ED026-00105,31,,EXECUTION_DELIVERABLE/DEL-04-01,ACCEPTED_GATE4,
SUB-05-02-02_DEL-04-02,DEL-04-02 Straight pipe element — Specification,KTY-05-02_Specification,CAT-005,DEL-04-02 Straight pipe element — Specification,HBA-ED027-00059;HBA-ED027-00060;HBA-ED027-00061;HBA-ED027-00062;HBA-ED027-00063;HBA-ED027-00064;HBA-ED027-00065;HBA-ED027-00066;HBA-ED027-00067;HBA-ED027-00068;HBA-ED027-00069;HBA-ED027-00070;HBA-ED027-00071;HBA-ED027-00072;HBA-ED027-00073;HBA-ED027-00074;HBA-ED027-00075;HBA-ED027-00076,18,,EXECUTION_DELIVERABLE/DEL-04-02,ACCEPTED_GATE4,
SUB-05-02-03_DEL-04-03,DEL-04-03 Linear support and restraint models — Specification,KTY-05-02_Specification,CAT-005,DEL-04-03 Linear support and restraint models — Specification,HBA-ED028-00078;HBA-ED028-00079;HBA-ED028-00080;HBA-ED028-00081;HBA-ED028-00082;HBA-ED028-00083;HBA-ED028-00084;HBA-ED028-00085;HBA-ED028-00086;HBA-ED028-00087;HBA-ED028-00088;HBA-ED028-00089;HBA-ED028-00090;HBA-ED028-00091;HBA-ED028-00092;HBA-ED028-00093;HBA-ED028-00094;HBA-ED028-00095;HBA-ED028-00096;HBA-ED028-00097;HBA-ED028-00098;HBA-ED028-00099;HBA-ED028-00100;HBA-ED028-00101;HBA-ED028-00102;HBA-ED028-00103;HBA-ED028-00104;HBA-ED028-00105;HBA-ED028-00106;HBA-ED028-00107;HBA-ED028-00108,31,,EXECUTION_DELIVERABLE/DEL-04-03,ACCEPTED_GATE4,
SUB-05-02-04_DEL-04-04,DEL-04-04 Nonlinear support active set solver — Specification,KTY-05-02_Specification,CAT-005,DEL-04-04 Nonlinear support active set solver — Specification,HBA-ED029-00057;HBA-ED029-00058;HBA-ED029-00059;HBA-ED029-00060;HBA-ED029-00061;HBA-ED029-00062;HBA-ED029-00063;HBA-ED029-00064;HBA-ED029-00065;HBA-ED029-00066;HBA-ED029-00067;HBA-ED029-00068;HBA-ED029-00069;HBA-ED029-00070;HBA-ED029-00071;HBA-ED029-00072,16,,EXECUTION_DELIVERABLE/DEL-04-04,ACCEPTED_GATE4,
SUB-05-02-05_DEL-04-05,DEL-04-05 Sparse solver performance harness — Specification,KTY-05-02_Specification,CAT-005,DEL-04-05 Sparse solver performance harness — Specification,HBA-ED030-00066;HBA-ED030-00067;HBA-ED030-00068;HBA-ED030-00069;HBA-ED030-00070;HBA-ED030-00071;HBA-ED030-00072;HBA-ED030-00073;HBA-ED030-00074;HBA-ED030-00075;HBA-ED030-00076;HBA-ED030-00077;HBA-ED030-00078;HBA-ED030-00079;HBA-ED030-00080;HBA-ED030-00081;HBA-ED030-00082;HBA-ED030-00083;HBA-ED030-00084;HBA-ED030-00085,20,,EXECUTION_DELIVERABLE/DEL-04-05,ACCEPTED_GATE4,
SUB-05-02-06_DEL-04-06,DEL-04-06 Solver diagnostics and singularity detection — Specification,KTY-05-02_Specification,CAT-005,DEL-04-06 Solver diagnostics and singularity detection — Specification,HBA-ED031-00080;HBA-ED031-00081;HBA-ED031-00082;HBA-ED031-00083;HBA-ED031-00084;HBA-ED031-00085;HBA-ED031-00086;HBA-ED031-00087;HBA-ED031-00088;HBA-ED031-00089;HBA-ED031-00090;HBA-ED031-00091;HBA-ED031-00092;HBA-ED031-00093;HBA-ED031-00094;HBA-ED031-00095;HBA-ED031-00096;HBA-ED031-00097;HBA-ED031-00098;HBA-ED031-00099,20,,EXECUTION_DELIVERABLE/DEL-04-06,ACCEPTED_GATE4,
SUB-05-03-01_DEL-04-01,DEL-04-01 3D frame stiffness kernel — Guidance,KTY-05-03_Guidance,CAT-005,DEL-04-01 3D frame stiffness kernel — Guidance,HBA-ED026-00035;HBA-ED026-00036;HBA-ED026-00037;HBA-ED026-00038;HBA-ED026-00039;HBA-ED026-00040;HBA-ED026-00041;HBA-ED026-00042;HBA-ED026-00043;HBA-ED026-00044;HBA-ED026-00045;HBA-ED026-00046;HBA-ED026-00047;HBA-ED026-00048;HBA-ED026-00049;HBA-ED026-00050;HBA-ED026-00051;HBA-ED026-00052,18,,EXECUTION_DELIVERABLE/DEL-04-01,ACCEPTED_GATE4,
SUB-05-03-02_DEL-04-02,DEL-04-02 Straight pipe element — Guidance,KTY-05-03_Guidance,CAT-005,DEL-04-02 Straight pipe element — Guidance,HBA-ED027-00023;HBA-ED027-00024;HBA-ED027-00025;HBA-ED027-00026;HBA-ED027-00027;HBA-ED027-00028;HBA-ED027-00029;HBA-ED027-00030;HBA-ED027-00031;HBA-ED027-00032;HBA-ED027-00033;HBA-ED027-00034;HBA-ED027-00035;HBA-ED027-00036,14,,EXECUTION_DELIVERABLE/DEL-04-02,ACCEPTED_GATE4,
SUB-05-03-03_DEL-04-03,DEL-04-03 Linear support and restraint models — Guidance,KTY-05-03_Guidance,CAT-005,DEL-04-03 Linear support and restraint models — Guidance,HBA-ED028-00027;HBA-ED028-00028;HBA-ED028-00029;HBA-ED028-00030;HBA-ED028-00031;HBA-ED028-00032;HBA-ED028-00033;HBA-ED028-00034;HBA-ED028-00035;HBA-ED028-00036;HBA-ED028-00037;HBA-ED028-00038;HBA-ED028-00040;HBA-ED028-00041;HBA-ED028-00042;HBA-ED028-00043;HBA-ED028-00044;HBA-ED028-00045;HBA-ED028-00046;HBA-ED028-00047;HBA-ED028-00048;HBA-ED028-00049;HBA-ED028-00050,23,,EXECUTION_DELIVERABLE/DEL-04-03,ACCEPTED_GATE4,
SUB-05-03-04_DEL-04-04,DEL-04-04 Nonlinear support active set solver — Guidance,KTY-05-03_Guidance,CAT-005,DEL-04-04 Nonlinear support active set solver — Guidance,HBA-ED029-00025;HBA-ED029-00026;HBA-ED029-00027;HBA-ED029-00028;HBA-ED029-00029;HBA-ED029-00030;HBA-ED029-00031;HBA-ED029-00032;HBA-ED029-00033;HBA-ED029-00034;HBA-ED029-00035;HBA-ED029-00036;HBA-ED029-00037;HBA-ED029-00038,14,,EXECUTION_DELIVERABLE/DEL-04-04,ACCEPTED_GATE4,
SUB-05-03-05_DEL-04-05,DEL-04-05 Sparse solver performance harness — Guidance,KTY-05-03_Guidance,CAT-005,DEL-04-05 Sparse solver performance harness — Guidance,HBA-ED030-00023;HBA-ED030-00024;HBA-ED030-00025;HBA-ED030-00026;HBA-ED030-00027;HBA-ED030-00028;HBA-ED030-00029;HBA-ED030-00030;HBA-ED030-00031;HBA-ED030-00032;HBA-ED030-00033;HBA-ED030-00034;HBA-ED030-00035;HBA-ED030-00037;HBA-ED030-00038;HBA-ED030-00039;HBA-ED030-00040,17,,EXECUTION_DELIVERABLE/DEL-04-05,ACCEPTED_GATE4,
SUB-05-03-06_DEL-04-06,DEL-04-06 Solver diagnostics and singularity detection — Guidance,KTY-05-03_Guidance,CAT-005,DEL-04-06 Solver diagnostics and singularity detection — Guidance,HBA-ED031-00033;HBA-ED031-00034;HBA-ED031-00035;HBA-ED031-00036;HBA-ED031-00037;HBA-ED031-00038;HBA-ED031-00039;HBA-ED031-00040;HBA-ED031-00041;HBA-ED031-00042;HBA-ED031-00043;HBA-ED031-00044;HBA-ED031-00045;HBA-ED031-00046;HBA-ED031-00047;HBA-ED031-00048;HBA-ED031-00049;HBA-ED031-00050;HBA-ED031-00051;HBA-ED031-00052;HBA-ED031-00053;HBA-ED031-00054;HBA-ED031-00055;HBA-ED031-00056;HBA-ED031-00057;HBA-ED031-00058;HBA-ED031-00059;HBA-ED031-00060;HBA-ED031-00061;HBA-ED031-00062;HBA-ED031-00063,31,,EXECUTION_DELIVERABLE/DEL-04-06,ACCEPTED_GATE4,
SUB-05-04-01_DEL-04-01,DEL-04-01 3D frame stiffness kernel — Procedure,KTY-05-04_Procedure,CAT-005,DEL-04-01 3D frame stiffness kernel — Procedure,HBA-ED026-00053;HBA-ED026-00054;HBA-ED026-00055;HBA-ED026-00056;HBA-ED026-00057;HBA-ED026-00058;HBA-ED026-00059;HBA-ED026-00060;HBA-ED026-00061;HBA-ED026-00062;HBA-ED026-00063;HBA-ED026-00064;HBA-ED026-00065;HBA-ED026-00066;HBA-ED026-00067;HBA-ED026-00068;HBA-ED026-00069;HBA-ED026-00070;HBA-ED026-00071;HBA-ED026-00072;HBA-ED026-00073;HBA-ED026-00074,22,,EXECUTION_DELIVERABLE/DEL-04-01,ACCEPTED_GATE4,
SUB-05-04-02_DEL-04-02,DEL-04-02 Straight pipe element — Procedure,KTY-05-04_Procedure,CAT-005,DEL-04-02 Straight pipe element — Procedure,HBA-ED027-00037;HBA-ED027-00038;HBA-ED027-00039;HBA-ED027-00040;HBA-ED027-00041;HBA-ED027-00042;HBA-ED027-00043;HBA-ED027-00044;HBA-ED027-00045;HBA-ED027-00046;HBA-ED027-00047;HBA-ED027-00048;HBA-ED027-00049;HBA-ED027-00050;HBA-ED027-00051;HBA-ED027-00052;HBA-ED027-00053;HBA-ED027-00054;HBA-ED027-00055;HBA-ED027-00056;HBA-ED027-00057;HBA-ED027-00058,22,,EXECUTION_DELIVERABLE/DEL-04-02,ACCEPTED_GATE4,
SUB-05-04-03_DEL-04-03,DEL-04-03 Linear support and restraint models — Procedure,KTY-05-04_Procedure,CAT-005,DEL-04-03 Linear support and restraint models — Procedure,HBA-ED028-00052;HBA-ED028-00053;HBA-ED028-00054;HBA-ED028-00055;HBA-ED028-00056;HBA-ED028-00057;HBA-ED028-00058;HBA-ED028-00059;HBA-ED028-00060;HBA-ED028-00061;HBA-ED028-00062;HBA-ED028-00063;HBA-ED028-00064;HBA-ED028-00065;HBA-ED028-00066;HBA-ED028-00067;HBA-ED028-00068;HBA-ED028-00069;HBA-ED028-00070;HBA-ED028-00071;HBA-ED028-00072,21,,EXECUTION_DELIVERABLE/DEL-04-03,ACCEPTED_GATE4,
SUB-05-04-04_DEL-04-04,DEL-04-04 Nonlinear support active set solver — Procedure,KTY-05-04_Procedure,CAT-005,DEL-04-04 Nonlinear support active set solver — Procedure,HBA-ED029-00039;HBA-ED029-00040;HBA-ED029-00041;HBA-ED029-00042;HBA-ED029-00043;HBA-ED029-00044;HBA-ED029-00045;HBA-ED029-00046;HBA-ED029-00047;HBA-ED029-00048;HBA-ED029-00049;HBA-ED029-00050;HBA-ED029-00051;HBA-ED029-00052;HBA-ED029-00053;HBA-ED029-00054;HBA-ED029-00055;HBA-ED029-00056,18,,EXECUTION_DELIVERABLE/DEL-04-04,ACCEPTED_GATE4,
SUB-05-04-05_DEL-04-05,DEL-04-05 Sparse solver performance harness — Procedure,KTY-05-04_Procedure,CAT-005,DEL-04-05 Sparse solver performance harness — Procedure,HBA-ED030-00041;HBA-ED030-00042;HBA-ED030-00043;HBA-ED030-00044;HBA-ED030-00045;HBA-ED030-00046;HBA-ED030-00047;HBA-ED030-00048;HBA-ED030-00049;HBA-ED030-00050;HBA-ED030-00051;HBA-ED030-00052;HBA-ED030-00053;HBA-ED030-00054;HBA-ED030-00055;HBA-ED030-00056;HBA-ED030-00057;HBA-ED030-00058;HBA-ED030-00059;HBA-ED030-00060;HBA-ED030-00061;HBA-ED030-00062;HBA-ED030-00063;HBA-ED030-00064;HBA-ED030-00065,25,,EXECUTION_DELIVERABLE/DEL-04-05,ACCEPTED_GATE4,
SUB-05-04-06_DEL-04-06,DEL-04-06 Solver diagnostics and singularity detection — Procedure,KTY-05-04_Procedure,CAT-005,DEL-04-06 Solver diagnostics and singularity detection — Procedure,HBA-ED031-00064;HBA-ED031-00065;HBA-ED031-00066;HBA-ED031-00067;HBA-ED031-00068;HBA-ED031-00069;HBA-ED031-00070;HBA-ED031-00071;HBA-ED031-00072;HBA-ED031-00073;HBA-ED031-00074;HBA-ED031-00075;HBA-ED031-00076;HBA-ED031-00077;HBA-ED031-00078;HBA-ED031-00079,16,,EXECUTION_DELIVERABLE/DEL-04-06,ACCEPTED_GATE4,
SUB-06-01-01_DEL-05-01,DEL-05-01 Primitive load case engine — Datasheet,KTY-06-01_Datasheet-Reference,CAT-006,DEL-05-01 Primitive load case engine — Datasheet,HBA-ED032-00001;HBA-ED032-00002;HBA-ED032-00003;HBA-ED032-00004;HBA-ED032-00005;HBA-ED032-00006;HBA-ED032-00007;HBA-ED032-00008;HBA-ED032-00009;HBA-ED032-00010;HBA-ED032-00011;HBA-ED032-00012;HBA-ED032-00013;HBA-ED032-00014;HBA-ED032-00015;HBA-ED032-00017;HBA-ED032-00019;HBA-ED032-00020;HBA-ED032-00021;HBA-ED032-00022;HBA-ED032-00023;HBA-ED032-00024;HBA-ED032-00025;HBA-ED032-00026;HBA-ED032-00027;HBA-ED032-00028;HBA-ED032-00029;HBA-ED032-00030;HBA-ED032-00031;HBA-ED032-00032;HBA-ED032-00033;HBA-ED032-00034;HBA-ED032-00035;HBA-ED032-00036;HBA-ED032-00037;HBA-ED032-00038;HBA-ED032-00039;HBA-ED032-00040;HBA-ED032-00041;HBA-ED032-00042;HBA-ED032-00043;HBA-ED032-00044,42,,EXECUTION_DELIVERABLE/DEL-05-01,ACCEPTED_GATE4,
SUB-06-01-02_DEL-05-02,DEL-05-02 Load case algebra engine — Datasheet,KTY-06-01_Datasheet-Reference,CAT-006,DEL-05-02 Load case algebra engine — Datasheet,HBA-ED033-00001;HBA-ED033-00002;HBA-ED033-00003;HBA-ED033-00004;HBA-ED033-00005;HBA-ED033-00006;HBA-ED033-00007;HBA-ED033-00008;HBA-ED033-00009;HBA-ED033-00010;HBA-ED033-00011;HBA-ED033-00012;HBA-ED033-00013;HBA-ED033-00014;HBA-ED033-00015;HBA-ED033-00016;HBA-ED033-00017;HBA-ED033-00018;HBA-ED033-00019;HBA-ED033-00020,20,,EXECUTION_DELIVERABLE/DEL-05-02,ACCEPTED_GATE4,
SUB-06-01-03_DEL-05-03,DEL-05-03 Fundamental stress recovery module — Datasheet,KTY-06-01_Datasheet-Reference,CAT-006,DEL-05-03 Fundamental stress recovery module — Datasheet,HBA-ED034-00001;HBA-ED034-00002;HBA-ED034-00003;HBA-ED034-00004;HBA-ED034-00005;HBA-ED034-00006;HBA-ED034-00007;HBA-ED034-00009;HBA-ED034-00010;HBA-ED034-00011;HBA-ED034-00012;HBA-ED034-00013;HBA-ED034-00014;HBA-ED034-00015;HBA-ED034-00016;HBA-ED034-00017;HBA-ED034-00018;HBA-ED034-00019;HBA-ED034-00020;HBA-ED034-00021;HBA-ED034-00022;HBA-ED034-00023;HBA-ED034-00024,23,,EXECUTION_DELIVERABLE/DEL-05-03,ACCEPTED_GATE4,
SUB-06-01-04_DEL-05-04,DEL-05-04 Analysis status semantics — Datasheet,KTY-06-01_Datasheet-Reference,CAT-006,DEL-05-04 Analysis status semantics — Datasheet,HBA-ED035-00001;HBA-ED035-00002;HBA-ED035-00003;HBA-ED035-00004;HBA-ED035-00005;HBA-ED035-00006;HBA-ED035-00007;HBA-ED035-00008;HBA-ED035-00010;HBA-ED035-00011;HBA-ED035-00012;HBA-ED035-00013;HBA-ED035-00014;HBA-ED035-00015;HBA-ED035-00016;HBA-ED035-00017;HBA-ED035-00018;HBA-ED035-00019;HBA-ED035-00020;HBA-ED035-00021;HBA-ED035-00022;HBA-ED035-00023;HBA-ED035-00024;HBA-ED035-00025,24,,EXECUTION_DELIVERABLE/DEL-05-04,ACCEPTED_GATE4,
SUB-06-01-05_DEL-05-05,DEL-05-05 Concentrated and distributed user load application — Datasheet,KTY-06-01_Datasheet-Reference,CAT-006,DEL-05-05 Concentrated and distributed user load application — Datasheet,HBA-ED036-00001;HBA-ED036-00002;HBA-ED036-00003;HBA-ED036-00004;HBA-ED036-00005;HBA-ED036-00006;HBA-ED036-00007;HBA-ED036-00008;HBA-ED036-00010;HBA-ED036-00012;HBA-ED036-00013;HBA-ED036-00014;HBA-ED036-00015;HBA-ED036-00016;HBA-ED036-00017;HBA-ED036-00018;HBA-ED036-00019;HBA-ED036-00020;HBA-ED036-00021;HBA-ED036-00022;HBA-ED036-00023,21,,EXECUTION_DELIVERABLE/DEL-05-05,ACCEPTED_GATE4,
SUB-06-02-01_DEL-05-01,DEL-05-01 Primitive load case engine — Specification,KTY-06-02_Specification,CAT-006,DEL-05-01 Primitive load case engine — Specification,HBA-ED032-00091;HBA-ED032-00092;HBA-ED032-00093;HBA-ED032-00094;HBA-ED032-00095;HBA-ED032-00096;HBA-ED032-00097;HBA-ED032-00098;HBA-ED032-00099;HBA-ED032-00100;HBA-ED032-00101;HBA-ED032-00102;HBA-ED032-00103;HBA-ED032-00104;HBA-ED032-00105;HBA-ED032-00106;HBA-ED032-00107;HBA-ED032-00108;HBA-ED032-00109;HBA-ED032-00110;HBA-ED032-00117,21,,EXECUTION_DELIVERABLE/DEL-05-01,ACCEPTED_GATE4,
SUB-06-02-02_DEL-05-02,DEL-05-02 Load case algebra engine — Specification,KTY-06-02_Specification,CAT-006,DEL-05-02 Load case algebra engine — Specification,HBA-ED033-00056;HBA-ED033-00057;HBA-ED033-00058;HBA-ED033-00059;HBA-ED033-00060;HBA-ED033-00061;HBA-ED033-00062;HBA-ED033-00063;HBA-ED033-00064;HBA-ED033-00065;HBA-ED033-00066;HBA-ED033-00067;HBA-ED033-00068;HBA-ED033-00069;HBA-ED033-00070;HBA-ED033-00071;HBA-ED033-00072;HBA-ED033-00073;HBA-ED033-00074;HBA-ED033-00075;HBA-ED033-00076;HBA-ED033-00077,22,,EXECUTION_DELIVERABLE/DEL-05-02,ACCEPTED_GATE4,
SUB-06-02-03_DEL-05-03,DEL-05-03 Fundamental stress recovery module — Specification,KTY-06-02_Specification,CAT-006,DEL-05-03 Fundamental stress recovery module — Specification,HBA-ED034-00063;HBA-ED034-00064;HBA-ED034-00065;HBA-ED034-00066;HBA-ED034-00067;HBA-ED034-00068;HBA-ED034-00069;HBA-ED034-00070;HBA-ED034-00071;HBA-ED034-00072;HBA-ED034-00073;HBA-ED034-00074;HBA-ED034-00075,13,,EXECUTION_DELIVERABLE/DEL-05-03,ACCEPTED_GATE4,
SUB-06-02-04_DEL-05-04,DEL-05-04 Analysis status semantics — Specification,KTY-06-02_Specification,CAT-006,DEL-05-04 Analysis status semantics — Specification,HBA-ED035-00085;HBA-ED035-00086;HBA-ED035-00087;HBA-ED035-00088;HBA-ED035-00089;HBA-ED035-00090;HBA-ED035-00091;HBA-ED035-00092;HBA-ED035-00093;HBA-ED035-00094;HBA-ED035-00095;HBA-ED035-00096;HBA-ED035-00097;HBA-ED035-00098;HBA-ED035-00099;HBA-ED035-00100;HBA-ED035-00101;HBA-ED035-00102;HBA-ED035-00103;HBA-ED035-00104;HBA-ED035-00105;HBA-ED035-00106;HBA-ED035-00107;HBA-ED035-00108;HBA-ED035-00109;HBA-ED035-00110;HBA-ED035-00111;HBA-ED035-00112;HBA-ED035-00113;HBA-ED035-00114;HBA-ED035-00115;HBA-ED035-00116,32,,EXECUTION_DELIVERABLE/DEL-05-04,ACCEPTED_GATE4,
SUB-06-02-05_DEL-05-05,DEL-05-05 Concentrated and distributed user load application — Specification,KTY-06-02_Specification,CAT-006,DEL-05-05 Concentrated and distributed user load application — Specification,HBA-ED036-00066;HBA-ED036-00067;HBA-ED036-00068;HBA-ED036-00069;HBA-ED036-00070;HBA-ED036-00071;HBA-ED036-00072;HBA-ED036-00073;HBA-ED036-00074;HBA-ED036-00076;HBA-ED036-00077;HBA-ED036-00078;HBA-ED036-00079;HBA-ED036-00080;HBA-ED036-00081;HBA-ED036-00082;HBA-ED036-00083;HBA-ED036-00084;HBA-ED036-00085;HBA-ED036-00086;HBA-ED036-00087;HBA-ED036-00088;HBA-ED036-00089;HBA-ED036-00090;HBA-ED036-00091;HBA-ED036-00092;HBA-ED036-00093;HBA-ED036-00094;HBA-ED036-00095;HBA-ED036-00096;HBA-ED036-00097;HBA-ED036-00098;HBA-ED036-00099;HBA-ED036-00100;HBA-ED036-00101,35,,EXECUTION_DELIVERABLE/DEL-05-05,ACCEPTED_GATE4,
SUB-06-03-01_DEL-05-01,DEL-05-01 Primitive load case engine — Guidance,KTY-06-03_Guidance,CAT-006,DEL-05-01 Primitive load case engine — Guidance,HBA-ED032-00045;HBA-ED032-00046;HBA-ED032-00047;HBA-ED032-00048;HBA-ED032-00049;HBA-ED032-00050;HBA-ED032-00051;HBA-ED032-00052;HBA-ED032-00053;HBA-ED032-00054;HBA-ED032-00055;HBA-ED032-00056;HBA-ED032-00057;HBA-ED032-00058;HBA-ED032-00059;HBA-ED032-00060;HBA-ED032-00061;HBA-ED032-00062;HBA-ED032-00063;HBA-ED032-00064;HBA-ED032-00065;HBA-ED032-00066;HBA-ED032-00067;HBA-ED032-00068;HBA-ED032-00069,25,,EXECUTION_DELIVERABLE/DEL-05-01,ACCEPTED_GATE4,
SUB-06-03-02_DEL-05-02,DEL-05-02 Load case algebra engine — Guidance,KTY-06-03_Guidance,CAT-006,DEL-05-02 Load case algebra engine — Guidance,HBA-ED033-00021;HBA-ED033-00022;HBA-ED033-00023;HBA-ED033-00024;HBA-ED033-00025;HBA-ED033-00026;HBA-ED033-00027;HBA-ED033-00028;HBA-ED033-00029;HBA-ED033-00030;HBA-ED033-00031;HBA-ED033-00032;HBA-ED033-00033;HBA-ED033-00034;HBA-ED033-00035,15,,EXECUTION_DELIVERABLE/DEL-05-02,ACCEPTED_GATE4,
SUB-06-03-03_DEL-05-03,DEL-05-03 Fundamental stress recovery module — Guidance,KTY-06-03_Guidance,CAT-006,DEL-05-03 Fundamental stress recovery module — Guidance,HBA-ED034-00025;HBA-ED034-00026;HBA-ED034-00027;HBA-ED034-00028;HBA-ED034-00029;HBA-ED034-00030;HBA-ED034-00031;HBA-ED034-00032;HBA-ED034-00033;HBA-ED034-00034;HBA-ED034-00035;HBA-ED034-00036;HBA-ED034-00037;HBA-ED034-00038;HBA-ED034-00039;HBA-ED034-00040;HBA-ED034-00041,17,,EXECUTION_DELIVERABLE/DEL-05-03,ACCEPTED_GATE4,
SUB-06-03-04_DEL-05-04,DEL-05-04 Analysis status semantics — Guidance,KTY-06-03_Guidance,CAT-006,DEL-05-04 Analysis status semantics — Guidance,HBA-ED035-00026;HBA-ED035-00027;HBA-ED035-00028;HBA-ED035-00029;HBA-ED035-00030;HBA-ED035-00031;HBA-ED035-00032;HBA-ED035-00033;HBA-ED035-00034;HBA-ED035-00035;HBA-ED035-00036;HBA-ED035-00037;HBA-ED035-00038;HBA-ED035-00039;HBA-ED035-00040;HBA-ED035-00041;HBA-ED035-00042;HBA-ED035-00043;HBA-ED035-00044;HBA-ED035-00045;HBA-ED035-00046;HBA-ED035-00047;HBA-ED035-00048;HBA-ED035-00049;HBA-ED035-00050;HBA-ED035-00051;HBA-ED035-00052;HBA-ED035-00053,28,,EXECUTION_DELIVERABLE/DEL-05-04,ACCEPTED_GATE4,
SUB-06-03-05_DEL-05-05,DEL-05-05 Concentrated and distributed user load application — Guidance,KTY-06-03_Guidance,CAT-006,DEL-05-05 Concentrated and distributed user load application — Guidance,HBA-ED036-00025;HBA-ED036-00026;HBA-ED036-00027;HBA-ED036-00028;HBA-ED036-00029;HBA-ED036-00030;HBA-ED036-00031;HBA-ED036-00032;HBA-ED036-00033;HBA-ED036-00034;HBA-ED036-00035;HBA-ED036-00036;HBA-ED036-00037;HBA-ED036-00038;HBA-ED036-00039;HBA-ED036-00040;HBA-ED036-00041;HBA-ED036-00042;HBA-ED036-00044,19,,EXECUTION_DELIVERABLE/DEL-05-05,ACCEPTED_GATE4,
SUB-06-04-01_DEL-05-01,DEL-05-01 Primitive load case engine — Procedure,KTY-06-04_Procedure,CAT-006,DEL-05-01 Primitive load case engine — Procedure,HBA-ED032-00070;HBA-ED032-00071;HBA-ED032-00072;HBA-ED032-00073;HBA-ED032-00074;HBA-ED032-00075;HBA-ED032-00076;HBA-ED032-00077;HBA-ED032-00078;HBA-ED032-00079;HBA-ED032-00080;HBA-ED032-00081;HBA-ED032-00082;HBA-ED032-00083;HBA-ED032-00084;HBA-ED032-00085;HBA-ED032-00086;HBA-ED032-00087;HBA-ED032-00088;HBA-ED032-00089;HBA-ED032-00090,21,,EXECUTION_DELIVERABLE/DEL-05-01,ACCEPTED_GATE4,
SUB-06-04-02_DEL-05-02,DEL-05-02 Load case algebra engine — Procedure,KTY-06-04_Procedure,CAT-006,DEL-05-02 Load case algebra engine — Procedure,HBA-ED033-00037;HBA-ED033-00038;HBA-ED033-00039;HBA-ED033-00040;HBA-ED033-00041;HBA-ED033-00042;HBA-ED033-00043;HBA-ED033-00044;HBA-ED033-00045;HBA-ED033-00046;HBA-ED033-00047;HBA-ED033-00048;HBA-ED033-00049;HBA-ED033-00050;HBA-ED033-00051;HBA-ED033-00052;HBA-ED033-00053;HBA-ED033-00054;HBA-ED033-00055,19,,EXECUTION_DELIVERABLE/DEL-05-02,ACCEPTED_GATE4,
SUB-06-04-03_DEL-05-03,DEL-05-03 Fundamental stress recovery module — Procedure,KTY-06-04_Procedure,CAT-006,DEL-05-03 Fundamental stress recovery module — Procedure,HBA-ED034-00043;HBA-ED034-00044;HBA-ED034-00045;HBA-ED034-00046;HBA-ED034-00047;HBA-ED034-00048;HBA-ED034-00049;HBA-ED034-00050;HBA-ED034-00051;HBA-ED034-00052;HBA-ED034-00053;HBA-ED034-00054;HBA-ED034-00055;HBA-ED034-00056;HBA-ED034-00057;HBA-ED034-00058;HBA-ED034-00059;HBA-ED034-00060;HBA-ED034-00061;HBA-ED034-00062,20,,EXECUTION_DELIVERABLE/DEL-05-03,ACCEPTED_GATE4,
SUB-06-04-04_DEL-05-04,DEL-05-04 Analysis status semantics — Procedure,KTY-06-04_Procedure,CAT-006,DEL-05-04 Analysis status semantics — Procedure,HBA-ED035-00060;HBA-ED035-00061;HBA-ED035-00062;HBA-ED035-00063;HBA-ED035-00064;HBA-ED035-00065;HBA-ED035-00066;HBA-ED035-00067;HBA-ED035-00068;HBA-ED035-00069;HBA-ED035-00070;HBA-ED035-00071;HBA-ED035-00072;HBA-ED035-00073;HBA-ED035-00074;HBA-ED035-00075;HBA-ED035-00076;HBA-ED035-00077;HBA-ED035-00078;HBA-ED035-00079;HBA-ED035-00080;HBA-ED035-00081;HBA-ED035-00082;HBA-ED035-00083;HBA-ED035-00084,25,,EXECUTION_DELIVERABLE/DEL-05-04,ACCEPTED_GATE4,
SUB-06-04-05_DEL-05-05,DEL-05-05 Concentrated and distributed user load application — Procedure,KTY-06-04_Procedure,CAT-006,DEL-05-05 Concentrated and distributed user load application — Procedure,HBA-ED036-00045;HBA-ED036-00046;HBA-ED036-00047;HBA-ED036-00048;HBA-ED036-00049;HBA-ED036-00050;HBA-ED036-00051;HBA-ED036-00052;HBA-ED036-00053;HBA-ED036-00054;HBA-ED036-00055;HBA-ED036-00056;HBA-ED036-00057;HBA-ED036-00058;HBA-ED036-00059;HBA-ED036-00060;HBA-ED036-00061;HBA-ED036-00062;HBA-ED036-00063;HBA-ED036-00064,20,,EXECUTION_DELIVERABLE/DEL-05-05,ACCEPTED_GATE4,
SUB-07-01-01_DEL-06-01,DEL-06-01 Rule pack schema — Datasheet,KTY-07-01_Datasheet-Reference,CAT-007,DEL-06-01 Rule pack schema — Datasheet,HBA-ED037-00001;HBA-ED037-00002;HBA-ED037-00003;HBA-ED037-00004;HBA-ED037-00005;HBA-ED037-00006;HBA-ED037-00007;HBA-ED037-00008;HBA-ED037-00009;HBA-ED037-00010;HBA-ED037-00011;HBA-ED037-00012;HBA-ED037-00013;HBA-ED037-00014;HBA-ED037-00015;HBA-ED037-00016;HBA-ED037-00017;HBA-ED037-00018;HBA-ED037-00019;HBA-ED037-00020;HBA-ED037-00021;HBA-ED037-00022;HBA-ED037-00023;HBA-ED037-00024;HBA-ED037-00025;HBA-ED037-00026;HBA-ED037-00027;HBA-ED037-00028;HBA-ED037-00029;HBA-ED037-00030;HBA-ED037-00031;HBA-ED037-00032;HBA-ED037-00033,33,,EXECUTION_DELIVERABLE/DEL-06-01,ACCEPTED_GATE4,
SUB-07-01-02_DEL-06-02,DEL-06-02 Sandboxed unit aware expression evaluator — Datasheet,KTY-07-01_Datasheet-Reference,CAT-007,DEL-06-02 Sandboxed unit aware expression evaluator — Datasheet,HBA-ED038-00001;HBA-ED038-00002;HBA-ED038-00003;HBA-ED038-00004;HBA-ED038-00005;HBA-ED038-00006;HBA-ED038-00007;HBA-ED038-00008;HBA-ED038-00009;HBA-ED038-00010;HBA-ED038-00012;HBA-ED038-00013;HBA-ED038-00014;HBA-ED038-00015;HBA-ED038-00016;HBA-ED038-00017;HBA-ED038-00018;HBA-ED038-00019;HBA-ED038-00020;HBA-ED038-00021;HBA-ED038-00022,21,,EXECUTION_DELIVERABLE/DEL-06-02,ACCEPTED_GATE4,
SUB-07-01-03_DEL-06-03,DEL-06-03 Required input completeness checker — Datasheet,KTY-07-01_Datasheet-Reference,CAT-007,DEL-06-03 Required input completeness checker — Datasheet,HBA-ED039-00001;HBA-ED039-00002;HBA-ED039-00003;HBA-ED039-00004;HBA-ED039-00005;HBA-ED039-00006;HBA-ED039-00007;HBA-ED039-00008;HBA-ED039-00009;HBA-ED039-00010;HBA-ED039-00011;HBA-ED039-00012;HBA-ED039-00013;HBA-ED039-00014;HBA-ED039-00015;HBA-ED039-00016,16,,EXECUTION_DELIVERABLE/DEL-06-03,ACCEPTED_GATE4,
SUB-07-01-04_DEL-06-04,DEL-06-04 Private rule pack lifecycle and checksum handling — Datasheet,KTY-07-01_Datasheet-Reference,CAT-007,DEL-06-04 Private rule pack lifecycle and checksum handling — Datasheet,HBA-ED040-00001;HBA-ED040-00002;HBA-ED040-00003;HBA-ED040-00004;HBA-ED040-00005;HBA-ED040-00006;HBA-ED040-00007;HBA-ED040-00008;HBA-ED040-00009;HBA-ED040-00010;HBA-ED040-00011;HBA-ED040-00012;HBA-ED040-00013;HBA-ED040-00014;HBA-ED040-00015;HBA-ED040-00016;HBA-ED040-00017;HBA-ED040-00018;HBA-ED040-00019;HBA-ED040-00020;HBA-ED040-00021;HBA-ED040-00022;HBA-ED040-00023;HBA-ED040-00024;HBA-ED040-00025;HBA-ED040-00026;HBA-ED040-00027;HBA-ED040-00028;HBA-ED040-00029,29,,EXECUTION_DELIVERABLE/DEL-06-04,ACCEPTED_GATE4,
SUB-07-01-05_DEL-06-05,DEL-06-05 Invented non code example rule pack — Datasheet,KTY-07-01_Datasheet-Reference,CAT-007,DEL-06-05 Invented non code example rule pack — Datasheet,HBA-ED041-00001;HBA-ED041-00002;HBA-ED041-00003;HBA-ED041-00004;HBA-ED041-00005;HBA-ED041-00006;HBA-ED041-00007;HBA-ED041-00008;HBA-ED041-00009;HBA-ED041-00010;HBA-ED041-00011;HBA-ED041-00012;HBA-ED041-00013;HBA-ED041-00014;HBA-ED041-00015;HBA-ED041-00016;HBA-ED041-00017;HBA-ED041-00018;HBA-ED041-00019;HBA-ED041-00020;HBA-ED041-00021;HBA-ED041-00022;HBA-ED041-00023;HBA-ED041-00024,24,,EXECUTION_DELIVERABLE/DEL-06-05,ACCEPTED_GATE4,
SUB-07-02-01_DEL-06-01,DEL-06-01 Rule pack schema — Specification,KTY-07-02_Specification,CAT-007,DEL-06-01 Rule pack schema — Specification,HBA-ED037-00093;HBA-ED037-00094;HBA-ED037-00095;HBA-ED037-00096;HBA-ED037-00097;HBA-ED037-00098;HBA-ED037-00099;HBA-ED037-00100;HBA-ED037-00101;HBA-ED037-00102;HBA-ED037-00103;HBA-ED037-00104;HBA-ED037-00105;HBA-ED037-00106;HBA-ED037-00107;HBA-ED037-00108;HBA-ED037-00109;HBA-ED037-00110;HBA-ED037-00111;HBA-ED037-00112;HBA-ED037-00113;HBA-ED037-00114;HBA-ED037-00115;HBA-ED037-00116;HBA-ED037-00117;HBA-ED037-00118;HBA-ED037-00119;HBA-ED037-00120;HBA-ED037-00121,29,,EXECUTION_DELIVERABLE/DEL-06-01,ACCEPTED_GATE4,
SUB-07-02-02_DEL-06-02,DEL-06-02 Sandboxed unit aware expression evaluator — Specification,KTY-07-02_Specification,CAT-007,DEL-06-02 Sandboxed unit aware expression evaluator — Specification,HBA-ED038-00068;HBA-ED038-00069;HBA-ED038-00070;HBA-ED038-00071;HBA-ED038-00072;HBA-ED038-00073;HBA-ED038-00074;HBA-ED038-00075;HBA-ED038-00076;HBA-ED038-00077;HBA-ED038-00078;HBA-ED038-00079;HBA-ED038-00080;HBA-ED038-00081;HBA-ED038-00087;HBA-ED038-00088;HBA-ED038-00089;HBA-ED038-00090;HBA-ED038-00091;HBA-ED038-00092;HBA-ED038-00093,21,,EXECUTION_DELIVERABLE/DEL-06-02,ACCEPTED_GATE4,
SUB-07-02-03_DEL-06-03,DEL-06-03 Required input completeness checker — Specification,KTY-07-02_Specification,CAT-007,DEL-06-03 Required input completeness checker — Specification,HBA-ED039-00051;HBA-ED039-00052;HBA-ED039-00053;HBA-ED039-00054;HBA-ED039-00055;HBA-ED039-00056;HBA-ED039-00057;HBA-ED039-00058;HBA-ED039-00059;HBA-ED039-00060;HBA-ED039-00061;HBA-ED039-00062;HBA-ED039-00063;HBA-ED039-00064;HBA-ED039-00065;HBA-ED039-00066;HBA-ED039-00067;HBA-ED039-00068;HBA-ED039-00069;HBA-ED039-00070;HBA-ED039-00071,21,,EXECUTION_DELIVERABLE/DEL-06-03,ACCEPTED_GATE4,
SUB-07-02-04_DEL-06-04,DEL-06-04 Private rule pack lifecycle and checksum handling — Specification,KTY-07-02_Specification,CAT-007,DEL-06-04 Private rule pack lifecycle and checksum handling — Specification,HBA-ED040-00073;HBA-ED040-00074;HBA-ED040-00075;HBA-ED040-00076;HBA-ED040-00077;HBA-ED040-00078;HBA-ED040-00079;HBA-ED040-00080;HBA-ED040-00081;HBA-ED040-00082;HBA-ED040-00083;HBA-ED040-00084;HBA-ED040-00085;HBA-ED040-00086;HBA-ED040-00087;HBA-ED040-00088;HBA-ED040-00089;HBA-ED040-00090;HBA-ED040-00091;HBA-ED040-00092;HBA-ED040-00093;HBA-ED040-00094;HBA-ED040-00095;HBA-ED040-00096;HBA-ED040-00097;HBA-ED040-00098;HBA-ED040-00099;HBA-ED040-00100;HBA-ED040-00101;HBA-ED040-00102;HBA-ED040-00103,31,,EXECUTION_DELIVERABLE/DEL-06-04,ACCEPTED_GATE4,
SUB-07-02-05_DEL-06-05,DEL-06-05 Invented non code example rule pack — Specification,KTY-07-02_Specification,CAT-007,DEL-06-05 Invented non code example rule pack — Specification,HBA-ED041-00075;HBA-ED041-00076;HBA-ED041-00077;HBA-ED041-00078;HBA-ED041-00079;HBA-ED041-00080;HBA-ED041-00081;HBA-ED041-00082;HBA-ED041-00083;HBA-ED041-00084;HBA-ED041-00085;HBA-ED041-00086;HBA-ED041-00087;HBA-ED041-00088;HBA-ED041-00089;HBA-ED041-00090;HBA-ED041-00091;HBA-ED041-00092;HBA-ED041-00093;HBA-ED041-00094;HBA-ED041-00095;HBA-ED041-00096;HBA-ED041-00097;HBA-ED041-00098;HBA-ED041-00099;HBA-ED041-00100;HBA-ED041-00101;HBA-ED041-00102;HBA-ED041-00103,29,,EXECUTION_DELIVERABLE/DEL-06-05,ACCEPTED_GATE4,
SUB-07-03-01_DEL-06-01,DEL-06-01 Rule pack schema — Guidance,KTY-07-03_Guidance,CAT-007,DEL-06-01 Rule pack schema — Guidance,HBA-ED037-00035;HBA-ED037-00036;HBA-ED037-00037;HBA-ED037-00038;HBA-ED037-00039;HBA-ED037-00040;HBA-ED037-00041;HBA-ED037-00042;HBA-ED037-00043;HBA-ED037-00044;HBA-ED037-00045;HBA-ED037-00046;HBA-ED037-00047;HBA-ED037-00048;HBA-ED037-00049;HBA-ED037-00050;HBA-ED037-00051;HBA-ED037-00052;HBA-ED037-00053;HBA-ED037-00054;HBA-ED037-00055;HBA-ED037-00056;HBA-ED037-00057;HBA-ED037-00058;HBA-ED037-00059;HBA-ED037-00060;HBA-ED037-00061;HBA-ED037-00062,28,,EXECUTION_DELIVERABLE/DEL-06-01,ACCEPTED_GATE4,
SUB-07-03-02_DEL-06-02,DEL-06-02 Sandboxed unit aware expression evaluator — Guidance,KTY-07-03_Guidance,CAT-007,DEL-06-02 Sandboxed unit aware expression evaluator — Guidance,HBA-ED038-00023;HBA-ED038-00024;HBA-ED038-00025;HBA-ED038-00026;HBA-ED038-00027;HBA-ED038-00028;HBA-ED038-00029;HBA-ED038-00030;HBA-ED038-00031;HBA-ED038-00032;HBA-ED038-00033;HBA-ED038-00034;HBA-ED038-00035;HBA-ED038-00036;HBA-ED038-00037;HBA-ED038-00038;HBA-ED038-00039;HBA-ED038-00040;HBA-ED038-00041;HBA-ED038-00042;HBA-ED038-00043;HBA-ED038-00044;HBA-ED038-00045;HBA-ED038-00046;HBA-ED038-00047,25,,EXECUTION_DELIVERABLE/DEL-06-02,ACCEPTED_GATE4,
SUB-07-03-03_DEL-06-03,DEL-06-03 Required input completeness checker — Guidance,KTY-07-03_Guidance,CAT-007,DEL-06-03 Required input completeness checker — Guidance,HBA-ED039-00018;HBA-ED039-00019;HBA-ED039-00020;HBA-ED039-00021;HBA-ED039-00022;HBA-ED039-00023;HBA-ED039-00024;HBA-ED039-00025;HBA-ED039-00026;HBA-ED039-00027;HBA-ED039-00028;HBA-ED039-00029;HBA-ED039-00030;HBA-ED039-00031,14,,EXECUTION_DELIVERABLE/DEL-06-03,ACCEPTED_GATE4,
SUB-07-03-04_DEL-06-04,DEL-06-04 Private rule pack lifecycle and checksum handling — Guidance,KTY-07-03_Guidance,CAT-007,DEL-06-04 Private rule pack lifecycle and checksum handling — Guidance,HBA-ED040-00030;HBA-ED040-00031;HBA-ED040-00032;HBA-ED040-00033;HBA-ED040-00034;HBA-ED040-00035;HBA-ED040-00036;HBA-ED040-00037;HBA-ED040-00038;HBA-ED040-00039;HBA-ED040-00040;HBA-ED040-00041;HBA-ED040-00042;HBA-ED040-00043;HBA-ED040-00044;HBA-ED040-00045;HBA-ED040-00046;HBA-ED040-00047;HBA-ED040-00048;HBA-ED040-00049;HBA-ED040-00050;HBA-ED040-00051;HBA-ED040-00052,23,,EXECUTION_DELIVERABLE/DEL-06-04,ACCEPTED_GATE4,
SUB-07-03-05_DEL-06-05,DEL-06-05 Invented non code example rule pack — Guidance,KTY-07-03_Guidance,CAT-007,DEL-06-05 Invented non code example rule pack — Guidance,HBA-ED041-00025;HBA-ED041-00026;HBA-ED041-00027;HBA-ED041-00028;HBA-ED041-00029;HBA-ED041-00030;HBA-ED041-00031;HBA-ED041-00032;HBA-ED041-00033;HBA-ED041-00034;HBA-ED041-00035;HBA-ED041-00036;HBA-ED041-00037;HBA-ED041-00038;HBA-ED041-00039;HBA-ED041-00040;HBA-ED041-00041;HBA-ED041-00042;HBA-ED041-00043;HBA-ED041-00044;HBA-ED041-00045,21,,EXECUTION_DELIVERABLE/DEL-06-05,ACCEPTED_GATE4,
SUB-07-04-01_DEL-06-01,DEL-06-01 Rule pack schema — Procedure,KTY-07-04_Procedure,CAT-007,DEL-06-01 Rule pack schema — Procedure,HBA-ED037-00063;HBA-ED037-00064;HBA-ED037-00065;HBA-ED037-00066;HBA-ED037-00067;HBA-ED037-00068;HBA-ED037-00069;HBA-ED037-00070;HBA-ED037-00071;HBA-ED037-00072;HBA-ED037-00073;HBA-ED037-00074;HBA-ED037-00075;HBA-ED037-00076;HBA-ED037-00077;HBA-ED037-00078;HBA-ED037-00079;HBA-ED037-00080;HBA-ED037-00081;HBA-ED037-00082;HBA-ED037-00083;HBA-ED037-00084;HBA-ED037-00085;HBA-ED037-00086;HBA-ED037-00087;HBA-ED037-00088;HBA-ED037-00089;HBA-ED037-00090;HBA-ED037-00091;HBA-ED037-00092,30,,EXECUTION_DELIVERABLE/DEL-06-01,ACCEPTED_GATE4,
SUB-07-04-02_DEL-06-02,DEL-06-02 Sandboxed unit aware expression evaluator — Procedure,KTY-07-04_Procedure,CAT-007,DEL-06-02 Sandboxed unit aware expression evaluator — Procedure,HBA-ED038-00049;HBA-ED038-00051;HBA-ED038-00052;HBA-ED038-00053;HBA-ED038-00054;HBA-ED038-00055;HBA-ED038-00056;HBA-ED038-00057;HBA-ED038-00058;HBA-ED038-00059;HBA-ED038-00060;HBA-ED038-00061;HBA-ED038-00062;HBA-ED038-00063;HBA-ED038-00064;HBA-ED038-00065;HBA-ED038-00066;HBA-ED038-00067,18,,EXECUTION_DELIVERABLE/DEL-06-02,ACCEPTED_GATE4,
SUB-07-04-03_DEL-06-03,DEL-06-03 Required input completeness checker — Procedure,KTY-07-04_Procedure,CAT-007,DEL-06-03 Required input completeness checker — Procedure,HBA-ED039-00033;HBA-ED039-00034;HBA-ED039-00035;HBA-ED039-00036;HBA-ED039-00037;HBA-ED039-00039;HBA-ED039-00040;HBA-ED039-00041;HBA-ED039-00042;HBA-ED039-00043;HBA-ED039-00044;HBA-ED039-00045;HBA-ED039-00046;HBA-ED039-00047;HBA-ED039-00048;HBA-ED039-00049;HBA-ED039-00050,17,,EXECUTION_DELIVERABLE/DEL-06-03,ACCEPTED_GATE4,
SUB-07-04-04_DEL-06-04,DEL-06-04 Private rule pack lifecycle and checksum handling — Procedure,KTY-07-04_Procedure,CAT-007,DEL-06-04 Private rule pack lifecycle and checksum handling — Procedure,HBA-ED040-00053;HBA-ED040-00054;HBA-ED040-00055;HBA-ED040-00056;HBA-ED040-00057;HBA-ED040-00058;HBA-ED040-00059;HBA-ED040-00060;HBA-ED040-00061;HBA-ED040-00062;HBA-ED040-00063;HBA-ED040-00064;HBA-ED040-00065;HBA-ED040-00066;HBA-ED040-00067;HBA-ED040-00068;HBA-ED040-00069;HBA-ED040-00070;HBA-ED040-00071;HBA-ED040-00072,20,,EXECUTION_DELIVERABLE/DEL-06-04,ACCEPTED_GATE4,
SUB-07-04-05_DEL-06-05,DEL-06-05 Invented non code example rule pack — Procedure,KTY-07-04_Procedure,CAT-007,DEL-06-05 Invented non code example rule pack — Procedure,HBA-ED041-00046;HBA-ED041-00047;HBA-ED041-00048;HBA-ED041-00049;HBA-ED041-00050;HBA-ED041-00051;HBA-ED041-00052;HBA-ED041-00053;HBA-ED041-00054;HBA-ED041-00055;HBA-ED041-00056;HBA-ED041-00057;HBA-ED041-00058;HBA-ED041-00059;HBA-ED041-00060;HBA-ED041-00061;HBA-ED041-00062;HBA-ED041-00063;HBA-ED041-00064;HBA-ED041-00065;HBA-ED041-00066;HBA-ED041-00067;HBA-ED041-00068;HBA-ED041-00069;HBA-ED041-00070;HBA-ED041-00071;HBA-ED041-00072;HBA-ED041-00073;HBA-ED041-00074,29,,EXECUTION_DELIVERABLE/DEL-06-05,ACCEPTED_GATE4,
SUB-08-01-01_DEL-07-01,DEL-07-01 3D viewport and centerline editor — Datasheet,KTY-08-01_Datasheet-Reference,CAT-008,DEL-07-01 3D viewport and centerline editor — Datasheet,HBA-ED042-00001;HBA-ED042-00002;HBA-ED042-00003;HBA-ED042-00004;HBA-ED042-00005;HBA-ED042-00006;HBA-ED042-00007;HBA-ED042-00008;HBA-ED042-00009;HBA-ED042-00010;HBA-ED042-00011;HBA-ED042-00012;HBA-ED042-00013;HBA-ED042-00014;HBA-ED042-00015;HBA-ED042-00016;HBA-ED042-00017;HBA-ED042-00018;HBA-ED042-00019;HBA-ED042-00020;HBA-ED042-00021;HBA-ED042-00022;HBA-ED042-00023;HBA-ED042-00024;HBA-ED042-00025,25,,EXECUTION_DELIVERABLE/DEL-07-01,ACCEPTED_GATE4,
SUB-08-01-02_DEL-07-02,DEL-07-02 Model tree and property inspector — Datasheet,KTY-08-01_Datasheet-Reference,CAT-008,DEL-07-02 Model tree and property inspector — Datasheet,HBA-ED043-00001;HBA-ED043-00002;HBA-ED043-00003;HBA-ED043-00004;HBA-ED043-00005;HBA-ED043-00006;HBA-ED043-00007;HBA-ED043-00008;HBA-ED043-00009;HBA-ED043-00010;HBA-ED043-00011;HBA-ED043-00012;HBA-ED043-00013;HBA-ED043-00014;HBA-ED043-00015;HBA-ED043-00016;HBA-ED043-00017;HBA-ED043-00018;HBA-ED043-00019;HBA-ED043-00020;HBA-ED043-00021;HBA-ED043-00022;HBA-ED043-00023;HBA-ED043-00024;HBA-ED043-00025,25,,EXECUTION_DELIVERABLE/DEL-07-02,ACCEPTED_GATE4,
SUB-08-01-03_DEL-07-03,"DEL-07-03 Material, component, and rule pack editors — Datasheet",KTY-08-01_Datasheet-Reference,CAT-008,"DEL-07-03 Material, component, and rule pack editors — Datasheet",HBA-ED044-00001;HBA-ED044-00002;HBA-ED044-00003;HBA-ED044-00004;HBA-ED044-00005;HBA-ED044-00006;HBA-ED044-00007;HBA-ED044-00008;HBA-ED044-00010;HBA-ED044-00011;HBA-ED044-00012;HBA-ED044-00013;HBA-ED044-00014;HBA-ED044-00015;HBA-ED044-00016;HBA-ED044-00017;HBA-ED044-00018;HBA-ED044-00019;HBA-ED044-00020;HBA-ED044-00021;HBA-ED044-00022;HBA-ED044-00023;HBA-ED044-00024;HBA-ED044-00025;HBA-ED044-00026;HBA-ED044-00027,26,,EXECUTION_DELIVERABLE/DEL-07-03,ACCEPTED_GATE4,
SUB-08-01-04_DEL-07-04,DEL-07-04 Missing data warning and blocking UX — Datasheet,KTY-08-01_Datasheet-Reference,CAT-008,DEL-07-04 Missing data warning and blocking UX — Datasheet,HBA-ED045-00001;HBA-ED045-00002;HBA-ED045-00003;HBA-ED045-00004;HBA-ED045-00005;HBA-ED045-00006;HBA-ED045-00007;HBA-ED045-00008;HBA-ED045-00009;HBA-ED045-00010;HBA-ED045-00011;HBA-ED045-00012;HBA-ED045-00013;HBA-ED045-00014;HBA-ED045-00015;HBA-ED045-00016;HBA-ED045-00017;HBA-ED045-00018;HBA-ED045-00019;HBA-ED045-00020;HBA-ED045-00021;HBA-ED045-00022;HBA-ED045-00023;HBA-ED045-00024,24,,EXECUTION_DELIVERABLE/DEL-07-04,ACCEPTED_GATE4,
SUB-08-01-05_DEL-07-05,DEL-07-05 Results viewer — Datasheet,KTY-08-01_Datasheet-Reference,CAT-008,DEL-07-05 Results viewer — Datasheet,HBA-ED046-00001;HBA-ED046-00002;HBA-ED046-00003;HBA-ED046-00004;HBA-ED046-00005;HBA-ED046-00006;HBA-ED046-00007;HBA-ED046-00008;HBA-ED046-00009;HBA-ED046-00010;HBA-ED046-00011;HBA-ED046-00014;HBA-ED046-00015;HBA-ED046-00016;HBA-ED046-00017;HBA-ED046-00018;HBA-ED046-00019;HBA-ED046-00020;HBA-ED046-00021;HBA-ED046-00022;HBA-ED046-00023,21,,EXECUTION_DELIVERABLE/DEL-07-05,ACCEPTED_GATE4,
SUB-08-01-06_DEL-07-06,DEL-07-06 Accessibility and usability baseline — Datasheet,KTY-08-01_Datasheet-Reference,CAT-008,DEL-07-06 Accessibility and usability baseline — Datasheet,HBA-ED047-00001;HBA-ED047-00002;HBA-ED047-00003;HBA-ED047-00004;HBA-ED047-00005;HBA-ED047-00006;HBA-ED047-00007;HBA-ED047-00008;HBA-ED047-00009;HBA-ED047-00010;HBA-ED047-00011;HBA-ED047-00012;HBA-ED047-00013;HBA-ED047-00014;HBA-ED047-00015;HBA-ED047-00016;HBA-ED047-00017;HBA-ED047-00018;HBA-ED047-00019;HBA-ED047-00020,20,,EXECUTION_DELIVERABLE/DEL-07-06,ACCEPTED_GATE4,
SUB-08-01-07_DEL-07-07,"DEL-07-07 Solve execution UX  progress, cancellation, and diagnostics — Datasheet",KTY-08-01_Datasheet-Reference,CAT-008,"DEL-07-07 Solve execution UX  progress, cancellation, and diagnostics — Datasheet",HBA-ED048-00001;HBA-ED048-00002;HBA-ED048-00003;HBA-ED048-00004;HBA-ED048-00005;HBA-ED048-00006;HBA-ED048-00007;HBA-ED048-00008;HBA-ED048-00009;HBA-ED048-00010;HBA-ED048-00011;HBA-ED048-00012;HBA-ED048-00013;HBA-ED048-00014;HBA-ED048-00015;HBA-ED048-00016;HBA-ED048-00017;HBA-ED048-00018;HBA-ED048-00019;HBA-ED048-00020;HBA-ED048-00021;HBA-ED048-00022,22,,EXECUTION_DELIVERABLE/DEL-07-07,ACCEPTED_GATE4,
SUB-08-01-08_DEL-07-08,DEL-07-08 Design authoring state and comparison workspace — Datasheet,KTY-08-01_Datasheet-Reference,CAT-008,DEL-07-08 Design authoring state and comparison workspace — Datasheet,HBA-ED049-00001;HBA-ED049-00002;HBA-ED049-00003;HBA-ED049-00004;HBA-ED049-00005;HBA-ED049-00006;HBA-ED049-00007;HBA-ED049-00008;HBA-ED049-00009;HBA-ED049-00010;HBA-ED049-00012;HBA-ED049-00013;HBA-ED049-00014;HBA-ED049-00015;HBA-ED049-00016;HBA-ED049-00017;HBA-ED049-00018;HBA-ED049-00019;HBA-ED049-00020;HBA-ED049-00021;HBA-ED049-00022;HBA-ED049-00023;HBA-ED049-00024,23,,EXECUTION_DELIVERABLE/DEL-07-08,ACCEPTED_GATE4,
SUB-08-02-01_DEL-07-01,DEL-07-01 3D viewport and centerline editor — Specification,KTY-08-02_Specification,CAT-008,DEL-07-01 3D viewport and centerline editor — Specification,HBA-ED042-00074;HBA-ED042-00075;HBA-ED042-00076;HBA-ED042-00077;HBA-ED042-00078;HBA-ED042-00079;HBA-ED042-00080;HBA-ED042-00081;HBA-ED042-00082;HBA-ED042-00083;HBA-ED042-00084;HBA-ED042-00085;HBA-ED042-00086;HBA-ED042-00087;HBA-ED042-00088;HBA-ED042-00089;HBA-ED042-00090;HBA-ED042-00091;HBA-ED042-00092;HBA-ED042-00093;HBA-ED042-00094;HBA-ED042-00095;HBA-ED042-00096,23,,EXECUTION_DELIVERABLE/DEL-07-01,ACCEPTED_GATE4,
SUB-08-02-02_DEL-07-02,DEL-07-02 Model tree and property inspector — Specification,KTY-08-02_Specification,CAT-008,DEL-07-02 Model tree and property inspector — Specification,HBA-ED043-00072;HBA-ED043-00073;HBA-ED043-00074;HBA-ED043-00075;HBA-ED043-00076;HBA-ED043-00077;HBA-ED043-00078;HBA-ED043-00079;HBA-ED043-00080;HBA-ED043-00081;HBA-ED043-00082;HBA-ED043-00083;HBA-ED043-00084;HBA-ED043-00085;HBA-ED043-00086;HBA-ED043-00087;HBA-ED043-00088;HBA-ED043-00089;HBA-ED043-00090;HBA-ED043-00091;HBA-ED043-00092;HBA-ED043-00093;HBA-ED043-00094;HBA-ED043-00095;HBA-ED043-00096;HBA-ED043-00097;HBA-ED043-00098;HBA-ED043-00099,28,,EXECUTION_DELIVERABLE/DEL-07-02,ACCEPTED_GATE4,
SUB-08-02-03_DEL-07-03,"DEL-07-03 Material, component, and rule pack editors — Specification",KTY-08-02_Specification,CAT-008,"DEL-07-03 Material, component, and rule pack editors — Specification",HBA-ED044-00069;HBA-ED044-00070;HBA-ED044-00071;HBA-ED044-00072;HBA-ED044-00073;HBA-ED044-00074;HBA-ED044-00075;HBA-ED044-00076;HBA-ED044-00077;HBA-ED044-00078;HBA-ED044-00079;HBA-ED044-00080;HBA-ED044-00081;HBA-ED044-00082;HBA-ED044-00083;HBA-ED044-00084;HBA-ED044-00085;HBA-ED044-00086;HBA-ED044-00087;HBA-ED044-00088;HBA-ED044-00089;HBA-ED044-00090;HBA-ED044-00091;HBA-ED044-00092;HBA-ED044-00094;HBA-ED044-00095;HBA-ED044-00096;HBA-ED044-00097;HBA-ED044-00098;HBA-ED044-00099;HBA-ED044-00100;HBA-ED044-00101,32,,EXECUTION_DELIVERABLE/DEL-07-03,ACCEPTED_GATE4,
SUB-08-02-04_DEL-07-04,DEL-07-04 Missing data warning and blocking UX — Specification,KTY-08-02_Specification,CAT-008,DEL-07-04 Missing data warning and blocking UX — Specification,HBA-ED045-00076;HBA-ED045-00077;HBA-ED045-00078;HBA-ED045-00079;HBA-ED045-00080;HBA-ED045-00081;HBA-ED045-00082;HBA-ED045-00083;HBA-ED045-00084;HBA-ED045-00085;HBA-ED045-00086;HBA-ED045-00087;HBA-ED045-00088;HBA-ED045-00089;HBA-ED045-00090;HBA-ED045-00091;HBA-ED045-00092;HBA-ED045-00093;HBA-ED045-00094;HBA-ED045-00095;HBA-ED045-00096;HBA-ED045-00097;HBA-ED045-00098;HBA-ED045-00099;HBA-ED045-00100;HBA-ED045-00101;HBA-ED045-00102;HBA-ED045-00103;HBA-ED045-00104;HBA-ED045-00105;HBA-ED045-00106;HBA-ED045-00107;HBA-ED045-00108;HBA-ED045-00109,34,,EXECUTION_DELIVERABLE/DEL-07-04,ACCEPTED_GATE4,
SUB-08-02-05_DEL-07-05,DEL-07-05 Results viewer — Specification,KTY-08-02_Specification,CAT-008,DEL-07-05 Results viewer — Specification,HBA-ED046-00080;HBA-ED046-00081;HBA-ED046-00082;HBA-ED046-00083;HBA-ED046-00084;HBA-ED046-00085;HBA-ED046-00086;HBA-ED046-00087;HBA-ED046-00088;HBA-ED046-00089;HBA-ED046-00090;HBA-ED046-00091;HBA-ED046-00092;HBA-ED046-00093;HBA-ED046-00094;HBA-ED046-00095;HBA-ED046-00096;HBA-ED046-00097;HBA-ED046-00098;HBA-ED046-00099;HBA-ED046-00100,21,,EXECUTION_DELIVERABLE/DEL-07-05,ACCEPTED_GATE4,
SUB-08-02-06_DEL-07-06,DEL-07-06 Accessibility and usability baseline — Specification,KTY-08-02_Specification,CAT-008,DEL-07-06 Accessibility and usability baseline — Specification,HBA-ED047-00075;HBA-ED047-00076;HBA-ED047-00077;HBA-ED047-00078;HBA-ED047-00079;HBA-ED047-00080;HBA-ED047-00081;HBA-ED047-00082;HBA-ED047-00083;HBA-ED047-00084;HBA-ED047-00085;HBA-ED047-00086;HBA-ED047-00087;HBA-ED047-00088;HBA-ED047-00089;HBA-ED047-00090;HBA-ED047-00091;HBA-ED047-00092;HBA-ED047-00093;HBA-ED047-00094;HBA-ED047-00095;HBA-ED047-00096;HBA-ED047-00097;HBA-ED047-00099;HBA-ED047-00100,25,,EXECUTION_DELIVERABLE/DEL-07-06,ACCEPTED_GATE4,
SUB-08-02-07_DEL-07-07,"DEL-07-07 Solve execution UX  progress, cancellation, and diagnostics — Specification",KTY-08-02_Specification,CAT-008,"DEL-07-07 Solve execution UX  progress, cancellation, and diagnostics — Specification",HBA-ED048-00069;HBA-ED048-00070;HBA-ED048-00071;HBA-ED048-00072;HBA-ED048-00073;HBA-ED048-00074;HBA-ED048-00075;HBA-ED048-00076;HBA-ED048-00077;HBA-ED048-00078;HBA-ED048-00079;HBA-ED048-00080;HBA-ED048-00081;HBA-ED048-00082;HBA-ED048-00083;HBA-ED048-00084;HBA-ED048-00085;HBA-ED048-00086;HBA-ED048-00087;HBA-ED048-00088;HBA-ED048-00089;HBA-ED048-00090;HBA-ED048-00091,23,,EXECUTION_DELIVERABLE/DEL-07-07,ACCEPTED_GATE4,
SUB-08-02-08_DEL-07-08,DEL-07-08 Design authoring state and comparison workspace — Specification,KTY-08-02_Specification,CAT-008,DEL-07-08 Design authoring state and comparison workspace — Specification,HBA-ED049-00063;HBA-ED049-00064;HBA-ED049-00065;HBA-ED049-00066;HBA-ED049-00067;HBA-ED049-00068;HBA-ED049-00069;HBA-ED049-00070;HBA-ED049-00071;HBA-ED049-00072;HBA-ED049-00073;HBA-ED049-00074;HBA-ED049-00075;HBA-ED049-00076;HBA-ED049-00077;HBA-ED049-00078;HBA-ED049-00079;HBA-ED049-00081,18,,EXECUTION_DELIVERABLE/DEL-07-08,ACCEPTED_GATE4,
SUB-08-03-01_DEL-07-01,DEL-07-01 3D viewport and centerline editor — Guidance,KTY-08-03_Guidance,CAT-008,DEL-07-01 3D viewport and centerline editor — Guidance,HBA-ED042-00026;HBA-ED042-00027;HBA-ED042-00028;HBA-ED042-00029;HBA-ED042-00030;HBA-ED042-00031;HBA-ED042-00032;HBA-ED042-00033;HBA-ED042-00034;HBA-ED042-00035;HBA-ED042-00036;HBA-ED042-00037;HBA-ED042-00038;HBA-ED042-00039;HBA-ED042-00040;HBA-ED042-00041;HBA-ED042-00042;HBA-ED042-00043;HBA-ED042-00044;HBA-ED042-00045;HBA-ED042-00046;HBA-ED042-00047;HBA-ED042-00048;HBA-ED042-00049;HBA-ED042-00050;HBA-ED042-00051;HBA-ED042-00053;HBA-ED042-00054,28,,EXECUTION_DELIVERABLE/DEL-07-01,ACCEPTED_GATE4,
SUB-08-03-02_DEL-07-02,DEL-07-02 Model tree and property inspector — Guidance,KTY-08-03_Guidance,CAT-008,DEL-07-02 Model tree and property inspector — Guidance,HBA-ED043-00031;HBA-ED043-00032;HBA-ED043-00033;HBA-ED043-00034;HBA-ED043-00035;HBA-ED043-00036;HBA-ED043-00037;HBA-ED043-00038;HBA-ED043-00039;HBA-ED043-00040;HBA-ED043-00041;HBA-ED043-00042;HBA-ED043-00043;HBA-ED043-00044;HBA-ED043-00045;HBA-ED043-00046;HBA-ED043-00047;HBA-ED043-00048;HBA-ED043-00049,19,,EXECUTION_DELIVERABLE/DEL-07-02,ACCEPTED_GATE4,
SUB-08-03-03_DEL-07-03,"DEL-07-03 Material, component, and rule pack editors — Guidance",KTY-08-03_Guidance,CAT-008,"DEL-07-03 Material, component, and rule pack editors — Guidance",HBA-ED044-00028;HBA-ED044-00029;HBA-ED044-00030;HBA-ED044-00031;HBA-ED044-00032;HBA-ED044-00033;HBA-ED044-00034;HBA-ED044-00035;HBA-ED044-00036;HBA-ED044-00037;HBA-ED044-00038;HBA-ED044-00039;HBA-ED044-00040;HBA-ED044-00041;HBA-ED044-00043;HBA-ED044-00044;HBA-ED044-00045;HBA-ED044-00046;HBA-ED044-00047;HBA-ED044-00048;HBA-ED044-00049;HBA-ED044-00050;HBA-ED044-00051,23,,EXECUTION_DELIVERABLE/DEL-07-03,ACCEPTED_GATE4,
SUB-08-03-04_DEL-07-04,DEL-07-04 Missing data warning and blocking UX — Guidance,KTY-08-03_Guidance,CAT-008,DEL-07-04 Missing data warning and blocking UX — Guidance,HBA-ED045-00025;HBA-ED045-00026;HBA-ED045-00027;HBA-ED045-00028;HBA-ED045-00029;HBA-ED045-00030;HBA-ED045-00031;HBA-ED045-00032;HBA-ED045-00033;HBA-ED045-00034;HBA-ED045-00035;HBA-ED045-00036;HBA-ED045-00037;HBA-ED045-00038;HBA-ED045-00039;HBA-ED045-00040;HBA-ED045-00041;HBA-ED045-00042;HBA-ED045-00043;HBA-ED045-00044;HBA-ED045-00045;HBA-ED045-00046;HBA-ED045-00047;HBA-ED045-00048,24,,EXECUTION_DELIVERABLE/DEL-07-04,ACCEPTED_GATE4,
SUB-08-03-05_DEL-07-05,DEL-07-05 Results viewer — Guidance,KTY-08-03_Guidance,CAT-008,DEL-07-05 Results viewer — Guidance,HBA-ED046-00024;HBA-ED046-00025;HBA-ED046-00026;HBA-ED046-00027;HBA-ED046-00028;HBA-ED046-00029;HBA-ED046-00030;HBA-ED046-00031;HBA-ED046-00032;HBA-ED046-00033;HBA-ED046-00034;HBA-ED046-00035;HBA-ED046-00036;HBA-ED046-00037;HBA-ED046-00038;HBA-ED046-00039;HBA-ED046-00040;HBA-ED046-00041;HBA-ED046-00042;HBA-ED046-00043;HBA-ED046-00044;HBA-ED046-00045;HBA-ED046-00046;HBA-ED046-00047;HBA-ED046-00048;HBA-ED046-00049;HBA-ED046-00050,27,,EXECUTION_DELIVERABLE/DEL-07-05,ACCEPTED_GATE4,
SUB-08-03-06_DEL-07-06,DEL-07-06 Accessibility and usability baseline — Guidance,KTY-08-03_Guidance,CAT-008,DEL-07-06 Accessibility and usability baseline — Guidance,HBA-ED047-00022;HBA-ED047-00023;HBA-ED047-00024;HBA-ED047-00025;HBA-ED047-00026;HBA-ED047-00027;HBA-ED047-00028;HBA-ED047-00029;HBA-ED047-00030;HBA-ED047-00031;HBA-ED047-00032;HBA-ED047-00033;HBA-ED047-00034;HBA-ED047-00035;HBA-ED047-00036;HBA-ED047-00037;HBA-ED047-00038;HBA-ED047-00039;HBA-ED047-00040;HBA-ED047-00041;HBA-ED047-00042;HBA-ED047-00043;HBA-ED047-00044;HBA-ED047-00045;HBA-ED047-00046;HBA-ED047-00047,26,,EXECUTION_DELIVERABLE/DEL-07-06,ACCEPTED_GATE4,
SUB-08-03-07_DEL-07-07,"DEL-07-07 Solve execution UX  progress, cancellation, and diagnostics — Guidance",KTY-08-03_Guidance,CAT-008,"DEL-07-07 Solve execution UX  progress, cancellation, and diagnostics — Guidance",HBA-ED048-00023;HBA-ED048-00024;HBA-ED048-00025;HBA-ED048-00026;HBA-ED048-00027;HBA-ED048-00028;HBA-ED048-00029;HBA-ED048-00030;HBA-ED048-00031;HBA-ED048-00032;HBA-ED048-00033;HBA-ED048-00034;HBA-ED048-00035;HBA-ED048-00036;HBA-ED048-00037;HBA-ED048-00038;HBA-ED048-00039;HBA-ED048-00040;HBA-ED048-00041;HBA-ED048-00042;HBA-ED048-00043;HBA-ED048-00044;HBA-ED048-00045;HBA-ED048-00046;HBA-ED048-00047,25,,EXECUTION_DELIVERABLE/DEL-07-07,ACCEPTED_GATE4,
SUB-08-03-08_DEL-07-08,DEL-07-08 Design authoring state and comparison workspace — Guidance,KTY-08-03_Guidance,CAT-008,DEL-07-08 Design authoring state and comparison workspace — Guidance,HBA-ED049-00026;HBA-ED049-00027;HBA-ED049-00028;HBA-ED049-00029;HBA-ED049-00030;HBA-ED049-00031;HBA-ED049-00032;HBA-ED049-00034;HBA-ED049-00035;HBA-ED049-00036;HBA-ED049-00037;HBA-ED049-00038;HBA-ED049-00039;HBA-ED049-00040;HBA-ED049-00041;HBA-ED049-00042,16,,EXECUTION_DELIVERABLE/DEL-07-08,ACCEPTED_GATE4,
SUB-08-04-01_DEL-07-01,DEL-07-01 3D viewport and centerline editor — Procedure,KTY-08-04_Procedure,CAT-008,DEL-07-01 3D viewport and centerline editor — Procedure,HBA-ED042-00055;HBA-ED042-00056;HBA-ED042-00057;HBA-ED042-00058;HBA-ED042-00059;HBA-ED042-00060;HBA-ED042-00061;HBA-ED042-00062;HBA-ED042-00063;HBA-ED042-00064;HBA-ED042-00065;HBA-ED042-00066;HBA-ED042-00067;HBA-ED042-00068;HBA-ED042-00069;HBA-ED042-00070;HBA-ED042-00071;HBA-ED042-00072;HBA-ED042-00073,19,,EXECUTION_DELIVERABLE/DEL-07-01,ACCEPTED_GATE4,
SUB-08-04-02_DEL-07-02,DEL-07-02 Model tree and property inspector — Procedure,KTY-08-04_Procedure,CAT-008,DEL-07-02 Model tree and property inspector — Procedure,HBA-ED043-00051;HBA-ED043-00052;HBA-ED043-00053;HBA-ED043-00054;HBA-ED043-00055;HBA-ED043-00056;HBA-ED043-00057;HBA-ED043-00058;HBA-ED043-00059;HBA-ED043-00060;HBA-ED043-00061;HBA-ED043-00062;HBA-ED043-00063;HBA-ED043-00064;HBA-ED043-00065;HBA-ED043-00066;HBA-ED043-00067;HBA-ED043-00068;HBA-ED043-00069;HBA-ED043-00070;HBA-ED043-00071,21,,EXECUTION_DELIVERABLE/DEL-07-02,ACCEPTED_GATE4,
SUB-08-04-03_DEL-07-03,"DEL-07-03 Material, component, and rule pack editors — Procedure",KTY-08-04_Procedure,CAT-008,"DEL-07-03 Material, component, and rule pack editors — Procedure",HBA-ED044-00052;HBA-ED044-00053;HBA-ED044-00054;HBA-ED044-00055;HBA-ED044-00056;HBA-ED044-00057;HBA-ED044-00058;HBA-ED044-00059;HBA-ED044-00060;HBA-ED044-00061;HBA-ED044-00062;HBA-ED044-00063;HBA-ED044-00064;HBA-ED044-00065;HBA-ED044-00066;HBA-ED044-00067;HBA-ED044-00068,17,,EXECUTION_DELIVERABLE/DEL-07-03,ACCEPTED_GATE4,
SUB-08-04-04_DEL-07-04,DEL-07-04 Missing data warning and blocking UX — Procedure,KTY-08-04_Procedure,CAT-008,DEL-07-04 Missing data warning and blocking UX — Procedure,HBA-ED045-00050;HBA-ED045-00051;HBA-ED045-00052;HBA-ED045-00053;HBA-ED045-00054;HBA-ED045-00055;HBA-ED045-00056;HBA-ED045-00057;HBA-ED045-00058;HBA-ED045-00059;HBA-ED045-00060;HBA-ED045-00061;HBA-ED045-00062;HBA-ED045-00063;HBA-ED045-00064;HBA-ED045-00065;HBA-ED045-00066;HBA-ED045-00067;HBA-ED045-00068;HBA-ED045-00069;HBA-ED045-00070;HBA-ED045-00071;HBA-ED045-00072;HBA-ED045-00073;HBA-ED045-00074;HBA-ED045-00075,26,,EXECUTION_DELIVERABLE/DEL-07-04,ACCEPTED_GATE4,
SUB-08-04-05_DEL-07-05,DEL-07-05 Results viewer — Procedure,KTY-08-04_Procedure,CAT-008,DEL-07-05 Results viewer — Procedure,HBA-ED046-00055;HBA-ED046-00056;HBA-ED046-00057;HBA-ED046-00058;HBA-ED046-00059;HBA-ED046-00060;HBA-ED046-00061;HBA-ED046-00062;HBA-ED046-00063;HBA-ED046-00064;HBA-ED046-00065;HBA-ED046-00066;HBA-ED046-00067;HBA-ED046-00068;HBA-ED046-00069;HBA-ED046-00070;HBA-ED046-00071;HBA-ED046-00072;HBA-ED046-00073;HBA-ED046-00074;HBA-ED046-00075;HBA-ED046-00076;HBA-ED046-00077;HBA-ED046-00078;HBA-ED046-00079,25,,EXECUTION_DELIVERABLE/DEL-07-05,ACCEPTED_GATE4,
SUB-08-04-06_DEL-07-06,DEL-07-06 Accessibility and usability baseline — Procedure,KTY-08-04_Procedure,CAT-008,DEL-07-06 Accessibility and usability baseline — Procedure,HBA-ED047-00050;HBA-ED047-00051;HBA-ED047-00052;HBA-ED047-00053;HBA-ED047-00054;HBA-ED047-00055;HBA-ED047-00056;HBA-ED047-00057;HBA-ED047-00058;HBA-ED047-00059;HBA-ED047-00060;HBA-ED047-00061;HBA-ED047-00062;HBA-ED047-00063;HBA-ED047-00064;HBA-ED047-00065;HBA-ED047-00066;HBA-ED047-00067;HBA-ED047-00068;HBA-ED047-00069;HBA-ED047-00070;HBA-ED047-00071;HBA-ED047-00072,23,,EXECUTION_DELIVERABLE/DEL-07-06,ACCEPTED_GATE4,
SUB-08-04-07_DEL-07-07,"DEL-07-07 Solve execution UX  progress, cancellation, and diagnostics — Procedure",KTY-08-04_Procedure,CAT-008,"DEL-07-07 Solve execution UX  progress, cancellation, and diagnostics — Procedure",HBA-ED048-00048;HBA-ED048-00049;HBA-ED048-00050;HBA-ED048-00051;HBA-ED048-00052;HBA-ED048-00053;HBA-ED048-00054;HBA-ED048-00055;HBA-ED048-00056;HBA-ED048-00057;HBA-ED048-00058;HBA-ED048-00059;HBA-ED048-00060;HBA-ED048-00061;HBA-ED048-00062;HBA-ED048-00063;HBA-ED048-00064;HBA-ED048-00065;HBA-ED048-00066;HBA-ED048-00067;HBA-ED048-00068,21,,EXECUTION_DELIVERABLE/DEL-07-07,ACCEPTED_GATE4,
SUB-08-04-08_DEL-07-08,DEL-07-08 Design authoring state and comparison workspace — Procedure,KTY-08-04_Procedure,CAT-008,DEL-07-08 Design authoring state and comparison workspace — Procedure,HBA-ED049-00043;HBA-ED049-00044;HBA-ED049-00045;HBA-ED049-00046;HBA-ED049-00047;HBA-ED049-00048;HBA-ED049-00049;HBA-ED049-00050;HBA-ED049-00051;HBA-ED049-00052;HBA-ED049-00053;HBA-ED049-00054;HBA-ED049-00055;HBA-ED049-00056;HBA-ED049-00057;HBA-ED049-00058;HBA-ED049-00059;HBA-ED049-00060;HBA-ED049-00061,19,,EXECUTION_DELIVERABLE/DEL-07-08,ACCEPTED_GATE4,
SUB-09-01-01_DEL-08-01,DEL-08-01 Calculation report generator — Datasheet,KTY-09-01_Datasheet-Reference,CAT-009,DEL-08-01 Calculation report generator — Datasheet,HBA-ED050-00001;HBA-ED050-00002;HBA-ED050-00003;HBA-ED050-00004;HBA-ED050-00005;HBA-ED050-00006;HBA-ED050-00007;HBA-ED050-00008;HBA-ED050-00009;HBA-ED050-00010;HBA-ED050-00011;HBA-ED050-00012;HBA-ED050-00013;HBA-ED050-00014;HBA-ED050-00015;HBA-ED050-00016;HBA-ED050-00017;HBA-ED050-00018;HBA-ED050-00019;HBA-ED050-00020,20,,EXECUTION_DELIVERABLE/DEL-08-01,ACCEPTED_GATE4,
SUB-09-01-02_DEL-08-02,DEL-08-02 Audit manifest and model hash — Datasheet,KTY-09-01_Datasheet-Reference,CAT-009,DEL-08-02 Audit manifest and model hash — Datasheet,HBA-ED051-00001;HBA-ED051-00002;HBA-ED051-00003;HBA-ED051-00004;HBA-ED051-00005;HBA-ED051-00006;HBA-ED051-00007;HBA-ED051-00008;HBA-ED051-00009;HBA-ED051-00010;HBA-ED051-00011;HBA-ED051-00012;HBA-ED051-00014;HBA-ED051-00015;HBA-ED051-00016;HBA-ED051-00017;HBA-ED051-00018;HBA-ED051-00019;HBA-ED051-00020;HBA-ED051-00021;HBA-ED051-00022;HBA-ED051-00023,22,,EXECUTION_DELIVERABLE/DEL-08-02,ACCEPTED_GATE4,
SUB-09-01-03_DEL-08-03,"DEL-08-03 Warnings, assumptions, and provenance report section — Datasheet",KTY-09-01_Datasheet-Reference,CAT-009,"DEL-08-03 Warnings, assumptions, and provenance report section — Datasheet",HBA-ED052-00001;HBA-ED052-00002;HBA-ED052-00003;HBA-ED052-00004;HBA-ED052-00005;HBA-ED052-00006;HBA-ED052-00007;HBA-ED052-00008;HBA-ED052-00009;HBA-ED052-00010;HBA-ED052-00011;HBA-ED052-00012;HBA-ED052-00013;HBA-ED052-00014;HBA-ED052-00015;HBA-ED052-00016;HBA-ED052-00017;HBA-ED052-00018;HBA-ED052-00019;HBA-ED052-00020;HBA-ED052-00021;HBA-ED052-00022;HBA-ED052-00023;HBA-ED052-00024;HBA-ED052-00025;HBA-ED052-00026;HBA-ED052-00027;HBA-ED052-00028;HBA-ED052-00029;HBA-ED052-00030;HBA-ED052-00031;HBA-ED052-00032,32,,EXECUTION_DELIVERABLE/DEL-08-03,ACCEPTED_GATE4,
SUB-09-01-04_DEL-08-04,DEL-08-04 Result export format — Datasheet,KTY-09-01_Datasheet-Reference,CAT-009,DEL-08-04 Result export format — Datasheet,HBA-ED053-00001;HBA-ED053-00002;HBA-ED053-00003;HBA-ED053-00004;HBA-ED053-00005;HBA-ED053-00006;HBA-ED053-00007;HBA-ED053-00008;HBA-ED053-00009;HBA-ED053-00010;HBA-ED053-00011;HBA-ED053-00012;HBA-ED053-00013;HBA-ED053-00014;HBA-ED053-00015;HBA-ED053-00016;HBA-ED053-00017;HBA-ED053-00018;HBA-ED053-00019;HBA-ED053-00020;HBA-ED053-00021;HBA-ED053-00022;HBA-ED053-00023;HBA-ED053-00024,24,,EXECUTION_DELIVERABLE/DEL-08-04,ACCEPTED_GATE4,
SUB-09-01-05_DEL-08-05,DEL-08-05 Report protected content linter — Datasheet,KTY-09-01_Datasheet-Reference,CAT-009,DEL-08-05 Report protected content linter — Datasheet,HBA-ED054-00002;HBA-ED054-00003;HBA-ED054-00004;HBA-ED054-00005;HBA-ED054-00006;HBA-ED054-00007;HBA-ED054-00008;HBA-ED054-00009;HBA-ED054-00010;HBA-ED054-00011;HBA-ED054-00012;HBA-ED054-00013;HBA-ED054-00014;HBA-ED054-00015;HBA-ED054-00016;HBA-ED054-00017;HBA-ED054-00018;HBA-ED054-00019;HBA-ED054-00020;HBA-ED054-00021;HBA-ED054-00022;HBA-ED054-00023;HBA-ED054-00024;HBA-ED054-00025;HBA-ED054-00026;HBA-ED054-00027;HBA-ED054-00028;HBA-ED054-00029,28,,EXECUTION_DELIVERABLE/DEL-08-05,ACCEPTED_GATE4,
SUB-09-01-06_DEL-08-06,"DEL-08-06 State, comparison, and handoff report sections — Datasheet",KTY-09-01_Datasheet-Reference,CAT-009,"DEL-08-06 State, comparison, and handoff report sections — Datasheet",HBA-ED055-00001;HBA-ED055-00002;HBA-ED055-00003;HBA-ED055-00004;HBA-ED055-00005;HBA-ED055-00007;HBA-ED055-00008;HBA-ED055-00009;HBA-ED055-00010;HBA-ED055-00011;HBA-ED055-00012;HBA-ED055-00013;HBA-ED055-00014;HBA-ED055-00015;HBA-ED055-00016;HBA-ED055-00017;HBA-ED055-00018;HBA-ED055-00019;HBA-ED055-00020;HBA-ED055-00022;HBA-ED055-00023;HBA-ED055-00024;HBA-ED055-00025,23,,EXECUTION_DELIVERABLE/DEL-08-06,ACCEPTED_GATE4,
SUB-09-02-01_DEL-08-01,DEL-08-01 Calculation report generator — Specification,KTY-09-02_Specification,CAT-009,DEL-08-01 Calculation report generator — Specification,HBA-ED050-00064;HBA-ED050-00065;HBA-ED050-00066;HBA-ED050-00067;HBA-ED050-00068;HBA-ED050-00069;HBA-ED050-00070;HBA-ED050-00071;HBA-ED050-00072;HBA-ED050-00073;HBA-ED050-00074;HBA-ED050-00075;HBA-ED050-00076;HBA-ED050-00077;HBA-ED050-00078;HBA-ED050-00079;HBA-ED050-00080;HBA-ED050-00081;HBA-ED050-00083;HBA-ED050-00084;HBA-ED050-00085;HBA-ED050-00086;HBA-ED050-00087,23,,EXECUTION_DELIVERABLE/DEL-08-01,ACCEPTED_GATE4,
SUB-09-02-02_DEL-08-02,DEL-08-02 Audit manifest and model hash — Specification,KTY-09-02_Specification,CAT-009,DEL-08-02 Audit manifest and model hash — Specification,HBA-ED051-00067;HBA-ED051-00068;HBA-ED051-00069;HBA-ED051-00070;HBA-ED051-00071;HBA-ED051-00072;HBA-ED051-00073;HBA-ED051-00074;HBA-ED051-00075;HBA-ED051-00076;HBA-ED051-00077;HBA-ED051-00078;HBA-ED051-00079;HBA-ED051-00080;HBA-ED051-00081;HBA-ED051-00082;HBA-ED051-00083;HBA-ED051-00084;HBA-ED051-00085;HBA-ED051-00086;HBA-ED051-00087;HBA-ED051-00088;HBA-ED051-00089;HBA-ED051-00090;HBA-ED051-00091,25,,EXECUTION_DELIVERABLE/DEL-08-02,ACCEPTED_GATE4,
SUB-09-02-03_DEL-08-03,"DEL-08-03 Warnings, assumptions, and provenance report section — Specification",KTY-09-02_Specification,CAT-009,"DEL-08-03 Warnings, assumptions, and provenance report section — Specification",HBA-ED052-00094;HBA-ED052-00095;HBA-ED052-00096;HBA-ED052-00097;HBA-ED052-00098;HBA-ED052-00099;HBA-ED052-00100;HBA-ED052-00101;HBA-ED052-00102;HBA-ED052-00103;HBA-ED052-00104;HBA-ED052-00105;HBA-ED052-00106;HBA-ED052-00107;HBA-ED052-00108;HBA-ED052-00109;HBA-ED052-00110;HBA-ED052-00111;HBA-ED052-00112;HBA-ED052-00113;HBA-ED052-00114;HBA-ED052-00115;HBA-ED052-00116;HBA-ED052-00117;HBA-ED052-00118;HBA-ED052-00119;HBA-ED052-00120;HBA-ED052-00121;HBA-ED052-00122;HBA-ED052-00123;HBA-ED052-00124;HBA-ED052-00125;HBA-ED052-00126;HBA-ED052-00127;HBA-ED052-00128,35,,EXECUTION_DELIVERABLE/DEL-08-03,ACCEPTED_GATE4,
SUB-09-02-04_DEL-08-04,DEL-08-04 Result export format — Specification,KTY-09-02_Specification,CAT-009,DEL-08-04 Result export format — Specification,HBA-ED053-00074;HBA-ED053-00075;HBA-ED053-00076;HBA-ED053-00077;HBA-ED053-00078;HBA-ED053-00079;HBA-ED053-00080;HBA-ED053-00081;HBA-ED053-00082;HBA-ED053-00083;HBA-ED053-00084;HBA-ED053-00085;HBA-ED053-00086;HBA-ED053-00087;HBA-ED053-00088;HBA-ED053-00089;HBA-ED053-00090;HBA-ED053-00091;HBA-ED053-00092;HBA-ED053-00093;HBA-ED053-00094;HBA-ED053-00095;HBA-ED053-00096;HBA-ED053-00097;HBA-ED053-00098;HBA-ED053-00099;HBA-ED053-00100;HBA-ED053-00101;HBA-ED053-00102,29,,EXECUTION_DELIVERABLE/DEL-08-04,ACCEPTED_GATE4,
SUB-09-02-05_DEL-08-05,DEL-08-05 Report protected content linter — Specification,KTY-09-02_Specification,CAT-009,DEL-08-05 Report protected content linter — Specification,HBA-ED054-00103;HBA-ED054-00104;HBA-ED054-00105;HBA-ED054-00106;HBA-ED054-00107;HBA-ED054-00108;HBA-ED054-00109;HBA-ED054-00110;HBA-ED054-00111;HBA-ED054-00112;HBA-ED054-00113;HBA-ED054-00114;HBA-ED054-00115;HBA-ED054-00116;HBA-ED054-00117;HBA-ED054-00118;HBA-ED054-00119;HBA-ED054-00120;HBA-ED054-00121;HBA-ED054-00122;HBA-ED054-00123;HBA-ED054-00124;HBA-ED054-00125;HBA-ED054-00126;HBA-ED054-00127;HBA-ED054-00128;HBA-ED054-00129;HBA-ED054-00130;HBA-ED054-00131;HBA-ED054-00132;HBA-ED054-00133;HBA-ED054-00134;HBA-ED054-00135;HBA-ED054-00136;HBA-ED054-00137;HBA-ED054-00138;HBA-ED054-00139;HBA-ED054-00140;HBA-ED054-00141;HBA-ED054-00142;HBA-ED054-00143;HBA-ED054-00144,42,,EXECUTION_DELIVERABLE/DEL-08-05,ACCEPTED_GATE4,
SUB-09-02-06_DEL-08-06,"DEL-08-06 State, comparison, and handoff report sections — Specification",KTY-09-02_Specification,CAT-009,"DEL-08-06 State, comparison, and handoff report sections — Specification",HBA-ED055-00078;HBA-ED055-00079;HBA-ED055-00081;HBA-ED055-00082;HBA-ED055-00083;HBA-ED055-00084;HBA-ED055-00085;HBA-ED055-00086;HBA-ED055-00087;HBA-ED055-00088;HBA-ED055-00089;HBA-ED055-00090;HBA-ED055-00091;HBA-ED055-00092;HBA-ED055-00093;HBA-ED055-00094;HBA-ED055-00095;HBA-ED055-00096;HBA-ED055-00097;HBA-ED055-00098;HBA-ED055-00099;HBA-ED055-00100;HBA-ED055-00101;HBA-ED055-00102;HBA-ED055-00103;HBA-ED055-00104;HBA-ED055-00105;HBA-ED055-00106;HBA-ED055-00107;HBA-ED055-00108;HBA-ED055-00109,31,,EXECUTION_DELIVERABLE/DEL-08-06,ACCEPTED_GATE4,
SUB-09-03-01_DEL-08-01,DEL-08-01 Calculation report generator — Guidance,KTY-09-03_Guidance,CAT-009,DEL-08-01 Calculation report generator — Guidance,HBA-ED050-00022;HBA-ED050-00023;HBA-ED050-00024;HBA-ED050-00025;HBA-ED050-00026;HBA-ED050-00027;HBA-ED050-00028;HBA-ED050-00029;HBA-ED050-00030;HBA-ED050-00031;HBA-ED050-00032;HBA-ED050-00033;HBA-ED050-00034;HBA-ED050-00035;HBA-ED050-00036;HBA-ED050-00037;HBA-ED050-00038;HBA-ED050-00040,18,,EXECUTION_DELIVERABLE/DEL-08-01,ACCEPTED_GATE4,
SUB-09-03-02_DEL-08-02,DEL-08-02 Audit manifest and model hash — Guidance,KTY-09-03_Guidance,CAT-009,DEL-08-02 Audit manifest and model hash — Guidance,HBA-ED051-00024;HBA-ED051-00025;HBA-ED051-00026;HBA-ED051-00027;HBA-ED051-00028;HBA-ED051-00029;HBA-ED051-00030;HBA-ED051-00031;HBA-ED051-00032;HBA-ED051-00033;HBA-ED051-00034;HBA-ED051-00035;HBA-ED051-00036;HBA-ED051-00037;HBA-ED051-00038;HBA-ED051-00039;HBA-ED051-00040;HBA-ED051-00041;HBA-ED051-00042,19,,EXECUTION_DELIVERABLE/DEL-08-02,ACCEPTED_GATE4,
SUB-09-03-03_DEL-08-03,"DEL-08-03 Warnings, assumptions, and provenance report section — Guidance",KTY-09-03_Guidance,CAT-009,"DEL-08-03 Warnings, assumptions, and provenance report section — Guidance",HBA-ED052-00033;HBA-ED052-00034;HBA-ED052-00035;HBA-ED052-00036;HBA-ED052-00037;HBA-ED052-00038;HBA-ED052-00039;HBA-ED052-00040;HBA-ED052-00041;HBA-ED052-00042;HBA-ED052-00043;HBA-ED052-00044;HBA-ED052-00045;HBA-ED052-00046;HBA-ED052-00047;HBA-ED052-00048;HBA-ED052-00049;HBA-ED052-00050;HBA-ED052-00051;HBA-ED052-00052;HBA-ED052-00053;HBA-ED052-00054;HBA-ED052-00055;HBA-ED052-00056;HBA-ED052-00057;HBA-ED052-00058;HBA-ED052-00059;HBA-ED052-00060;HBA-ED052-00061,29,,EXECUTION_DELIVERABLE/DEL-08-03,ACCEPTED_GATE4,
SUB-09-03-04_DEL-08-04,DEL-08-04 Result export format — Guidance,KTY-09-03_Guidance,CAT-009,DEL-08-04 Result export format — Guidance,HBA-ED053-00025;HBA-ED053-00026;HBA-ED053-00027;HBA-ED053-00028;HBA-ED053-00029;HBA-ED053-00030;HBA-ED053-00031;HBA-ED053-00032;HBA-ED053-00033;HBA-ED053-00034;HBA-ED053-00035;HBA-ED053-00036;HBA-ED053-00037;HBA-ED053-00038;HBA-ED053-00039;HBA-ED053-00040;HBA-ED053-00041;HBA-ED053-00042;HBA-ED053-00043;HBA-ED053-00044;HBA-ED053-00045;HBA-ED053-00046;HBA-ED053-00047;HBA-ED053-00048;HBA-ED053-00049,25,,EXECUTION_DELIVERABLE/DEL-08-04,ACCEPTED_GATE4,
SUB-09-03-05_DEL-08-05,DEL-08-05 Report protected content linter — Guidance,KTY-09-03_Guidance,CAT-009,DEL-08-05 Report protected content linter — Guidance,HBA-ED054-00032;HBA-ED054-00033;HBA-ED054-00034;HBA-ED054-00035;HBA-ED054-00036;HBA-ED054-00037;HBA-ED054-00038;HBA-ED054-00039;HBA-ED054-00040;HBA-ED054-00041;HBA-ED054-00042;HBA-ED054-00043;HBA-ED054-00044;HBA-ED054-00045;HBA-ED054-00046;HBA-ED054-00047;HBA-ED054-00048;HBA-ED054-00049;HBA-ED054-00050;HBA-ED054-00051;HBA-ED054-00052;HBA-ED054-00053;HBA-ED054-00054;HBA-ED054-00055;HBA-ED054-00056;HBA-ED054-00057;HBA-ED054-00058;HBA-ED054-00059;HBA-ED054-00060;HBA-ED054-00061;HBA-ED054-00062;HBA-ED054-00063;HBA-ED054-00064;HBA-ED054-00065;HBA-ED054-00066,35,,EXECUTION_DELIVERABLE/DEL-08-05,ACCEPTED_GATE4,
SUB-09-03-06_DEL-08-06,"DEL-08-06 State, comparison, and handoff report sections — Guidance",KTY-09-03_Guidance,CAT-009,"DEL-08-06 State, comparison, and handoff report sections — Guidance",HBA-ED055-00027;HBA-ED055-00028;HBA-ED055-00029;HBA-ED055-00030;HBA-ED055-00031;HBA-ED055-00032;HBA-ED055-00033;HBA-ED055-00034;HBA-ED055-00035;HBA-ED055-00036;HBA-ED055-00037;HBA-ED055-00039;HBA-ED055-00040;HBA-ED055-00041;HBA-ED055-00042;HBA-ED055-00043;HBA-ED055-00044;HBA-ED055-00045;HBA-ED055-00046,19,,EXECUTION_DELIVERABLE/DEL-08-06,ACCEPTED_GATE4,
SUB-09-04-01_DEL-08-01,DEL-08-01 Calculation report generator — Procedure,KTY-09-04_Procedure,CAT-009,DEL-08-01 Calculation report generator — Procedure,HBA-ED050-00045;HBA-ED050-00046;HBA-ED050-00047;HBA-ED050-00048;HBA-ED050-00049;HBA-ED050-00050;HBA-ED050-00051;HBA-ED050-00052;HBA-ED050-00053;HBA-ED050-00054;HBA-ED050-00055;HBA-ED050-00056;HBA-ED050-00057;HBA-ED050-00058;HBA-ED050-00059;HBA-ED050-00060;HBA-ED050-00061;HBA-ED050-00062;HBA-ED050-00063,19,,EXECUTION_DELIVERABLE/DEL-08-01,ACCEPTED_GATE4,
SUB-09-04-02_DEL-08-02,DEL-08-02 Audit manifest and model hash — Procedure,KTY-09-04_Procedure,CAT-009,DEL-08-02 Audit manifest and model hash — Procedure,HBA-ED051-00043;HBA-ED051-00044;HBA-ED051-00045;HBA-ED051-00046;HBA-ED051-00047;HBA-ED051-00048;HBA-ED051-00049;HBA-ED051-00050;HBA-ED051-00051;HBA-ED051-00052;HBA-ED051-00053;HBA-ED051-00054;HBA-ED051-00055;HBA-ED051-00056;HBA-ED051-00057;HBA-ED051-00058;HBA-ED051-00059;HBA-ED051-00060;HBA-ED051-00061;HBA-ED051-00062;HBA-ED051-00063;HBA-ED051-00064;HBA-ED051-00065;HBA-ED051-00066,24,,EXECUTION_DELIVERABLE/DEL-08-02,ACCEPTED_GATE4,
SUB-09-04-03_DEL-08-03,"DEL-08-03 Warnings, assumptions, and provenance report section — Procedure",KTY-09-04_Procedure,CAT-009,"DEL-08-03 Warnings, assumptions, and provenance report section — Procedure",HBA-ED052-00062;HBA-ED052-00063;HBA-ED052-00064;HBA-ED052-00065;HBA-ED052-00066;HBA-ED052-00067;HBA-ED052-00068;HBA-ED052-00069;HBA-ED052-00070;HBA-ED052-00071;HBA-ED052-00072;HBA-ED052-00073;HBA-ED052-00074;HBA-ED052-00075;HBA-ED052-00076;HBA-ED052-00077;HBA-ED052-00078;HBA-ED052-00079;HBA-ED052-00080;HBA-ED052-00081;HBA-ED052-00082;HBA-ED052-00083;HBA-ED052-00084;HBA-ED052-00085;HBA-ED052-00086;HBA-ED052-00087;HBA-ED052-00088;HBA-ED052-00089;HBA-ED052-00090;HBA-ED052-00091;HBA-ED052-00092;HBA-ED052-00093,32,,EXECUTION_DELIVERABLE/DEL-08-03,ACCEPTED_GATE4,
SUB-09-04-04_DEL-08-04,DEL-08-04 Result export format — Procedure,KTY-09-04_Procedure,CAT-009,DEL-08-04 Result export format — Procedure,HBA-ED053-00050;HBA-ED053-00051;HBA-ED053-00052;HBA-ED053-00053;HBA-ED053-00054;HBA-ED053-00055;HBA-ED053-00056;HBA-ED053-00057;HBA-ED053-00058;HBA-ED053-00059;HBA-ED053-00060;HBA-ED053-00061;HBA-ED053-00062;HBA-ED053-00063;HBA-ED053-00064;HBA-ED053-00065;HBA-ED053-00066;HBA-ED053-00067;HBA-ED053-00068;HBA-ED053-00069;HBA-ED053-00070;HBA-ED053-00071;HBA-ED053-00072;HBA-ED053-00073,24,,EXECUTION_DELIVERABLE/DEL-08-04,ACCEPTED_GATE4,
SUB-09-04-05_DEL-08-05,DEL-08-05 Report protected content linter — Procedure,KTY-09-04_Procedure,CAT-009,DEL-08-05 Report protected content linter — Procedure,HBA-ED054-00068;HBA-ED054-00069;HBA-ED054-00070;HBA-ED054-00071;HBA-ED054-00072;HBA-ED054-00073;HBA-ED054-00075;HBA-ED054-00076;HBA-ED054-00077;HBA-ED054-00078;HBA-ED054-00079;HBA-ED054-00080;HBA-ED054-00081;HBA-ED054-00082;HBA-ED054-00083;HBA-ED054-00084;HBA-ED054-00085;HBA-ED054-00086;HBA-ED054-00087;HBA-ED054-00088;HBA-ED054-00089;HBA-ED054-00090;HBA-ED054-00091;HBA-ED054-00092;HBA-ED054-00093;HBA-ED054-00094;HBA-ED054-00095;HBA-ED054-00096;HBA-ED054-00097;HBA-ED054-00098;HBA-ED054-00099;HBA-ED054-00100;HBA-ED054-00101,33,,EXECUTION_DELIVERABLE/DEL-08-05,ACCEPTED_GATE4,
SUB-09-04-06_DEL-08-06,"DEL-08-06 State, comparison, and handoff report sections — Procedure",KTY-09-04_Procedure,CAT-009,"DEL-08-06 State, comparison, and handoff report sections — Procedure",HBA-ED055-00047;HBA-ED055-00048;HBA-ED055-00049;HBA-ED055-00050;HBA-ED055-00051;HBA-ED055-00052;HBA-ED055-00053;HBA-ED055-00054;HBA-ED055-00055;HBA-ED055-00056;HBA-ED055-00057;HBA-ED055-00058;HBA-ED055-00059;HBA-ED055-00060;HBA-ED055-00061;HBA-ED055-00062;HBA-ED055-00063;HBA-ED055-00064;HBA-ED055-00065;HBA-ED055-00066;HBA-ED055-00067;HBA-ED055-00068;HBA-ED055-00069;HBA-ED055-00070;HBA-ED055-00071;HBA-ED055-00072;HBA-ED055-00073;HBA-ED055-00074;HBA-ED055-00075;HBA-ED055-00076;HBA-ED055-00077,31,,EXECUTION_DELIVERABLE/DEL-08-06,ACCEPTED_GATE4,
SUB-10-01-01_DEL-09-01,DEL-09-01 Mechanics benchmark suite — Datasheet,KTY-10-01_Datasheet-Reference,CAT-010,DEL-09-01 Mechanics benchmark suite — Datasheet,HBA-ED056-00001;HBA-ED056-00002;HBA-ED056-00003;HBA-ED056-00004;HBA-ED056-00005;HBA-ED056-00006;HBA-ED056-00007;HBA-ED056-00008;HBA-ED056-00009;HBA-ED056-00010;HBA-ED056-00011;HBA-ED056-00012;HBA-ED056-00013;HBA-ED056-00014;HBA-ED056-00015;HBA-ED056-00016;HBA-ED056-00017;HBA-ED056-00018;HBA-ED056-00019;HBA-ED056-00020;HBA-ED056-00021;HBA-ED056-00022;HBA-ED056-00023;HBA-ED056-00024;HBA-ED056-00025;HBA-ED056-00026;HBA-ED056-00027;HBA-ED056-00028;HBA-ED056-00029,29,,EXECUTION_DELIVERABLE/DEL-09-01,ACCEPTED_GATE4,
SUB-10-01-02_DEL-09-02,DEL-09-02 Stress recovery benchmark suite — Datasheet,KTY-10-01_Datasheet-Reference,CAT-010,DEL-09-02 Stress recovery benchmark suite — Datasheet,HBA-ED057-00001;HBA-ED057-00002;HBA-ED057-00003;HBA-ED057-00004;HBA-ED057-00005;HBA-ED057-00006;HBA-ED057-00007;HBA-ED057-00008;HBA-ED057-00009;HBA-ED057-00010;HBA-ED057-00011;HBA-ED057-00012;HBA-ED057-00013;HBA-ED057-00014;HBA-ED057-00015;HBA-ED057-00016;HBA-ED057-00017;HBA-ED057-00018;HBA-ED057-00019;HBA-ED057-00020;HBA-ED057-00022,21,,EXECUTION_DELIVERABLE/DEL-09-02,ACCEPTED_GATE4,
SUB-10-01-03_DEL-09-03,DEL-09-03 Nonlinear support regression suite — Datasheet,KTY-10-01_Datasheet-Reference,CAT-010,DEL-09-03 Nonlinear support regression suite — Datasheet,HBA-ED058-00001;HBA-ED058-00002;HBA-ED058-00003;HBA-ED058-00004;HBA-ED058-00005;HBA-ED058-00006;HBA-ED058-00007;HBA-ED058-00008;HBA-ED058-00009;HBA-ED058-00010;HBA-ED058-00011;HBA-ED058-00012;HBA-ED058-00013;HBA-ED058-00014;HBA-ED058-00015,15,,EXECUTION_DELIVERABLE/DEL-09-03,ACCEPTED_GATE4,
SUB-10-01-04_DEL-09-04,DEL-09-04 Validation manual skeleton — Datasheet,KTY-10-01_Datasheet-Reference,CAT-010,DEL-09-04 Validation manual skeleton — Datasheet,HBA-ED059-00001;HBA-ED059-00002;HBA-ED059-00003;HBA-ED059-00004;HBA-ED059-00005;HBA-ED059-00006;HBA-ED059-00007;HBA-ED059-00008;HBA-ED059-00009;HBA-ED059-00010;HBA-ED059-00011;HBA-ED059-00012;HBA-ED059-00013;HBA-ED059-00014;HBA-ED059-00015;HBA-ED059-00016;HBA-ED059-00017;HBA-ED059-00018;HBA-ED059-00019;HBA-ED059-00020;HBA-ED059-00021;HBA-ED059-00022;HBA-ED059-00023;HBA-ED059-00024;HBA-ED059-00025;HBA-ED059-00026,26,,EXECUTION_DELIVERABLE/DEL-09-04,ACCEPTED_GATE4,
SUB-10-01-05_DEL-09-05,DEL-09-05 Release quality gate checklist — Datasheet,KTY-10-01_Datasheet-Reference,CAT-010,DEL-09-05 Release quality gate checklist — Datasheet,HBA-ED060-00001;HBA-ED060-00002;HBA-ED060-00003;HBA-ED060-00004;HBA-ED060-00005;HBA-ED060-00006;HBA-ED060-00007;HBA-ED060-00008;HBA-ED060-00009;HBA-ED060-00010;HBA-ED060-00011;HBA-ED060-00012;HBA-ED060-00013;HBA-ED060-00014;HBA-ED060-00015;HBA-ED060-00016;HBA-ED060-00017;HBA-ED060-00018;HBA-ED060-00019;HBA-ED060-00020;HBA-ED060-00021;HBA-ED060-00022;HBA-ED060-00023;HBA-ED060-00024;HBA-ED060-00025;HBA-ED060-00026;HBA-ED060-00027;HBA-ED060-00028;HBA-ED060-00029;HBA-ED060-00030;HBA-ED060-00031;HBA-ED060-00032;HBA-ED060-00033,33,,EXECUTION_DELIVERABLE/DEL-09-05,ACCEPTED_GATE4,
SUB-10-02-01_DEL-09-01,DEL-09-01 Mechanics benchmark suite — Specification,KTY-10-02_Specification,CAT-010,DEL-09-01 Mechanics benchmark suite — Specification,HBA-ED056-00077;HBA-ED056-00078;HBA-ED056-00079;HBA-ED056-00080;HBA-ED056-00081;HBA-ED056-00082;HBA-ED056-00083;HBA-ED056-00084;HBA-ED056-00085;HBA-ED056-00086;HBA-ED056-00087;HBA-ED056-00088;HBA-ED056-00089;HBA-ED056-00090;HBA-ED056-00091;HBA-ED056-00092;HBA-ED056-00093;HBA-ED056-00094;HBA-ED056-00095;HBA-ED056-00096;HBA-ED056-00097;HBA-ED056-00098;HBA-ED056-00099;HBA-ED056-00100;HBA-ED056-00101,25,,EXECUTION_DELIVERABLE/DEL-09-01,ACCEPTED_GATE4,
SUB-10-02-02_DEL-09-02,DEL-09-02 Stress recovery benchmark suite — Specification,KTY-10-02_Specification,CAT-010,DEL-09-02 Stress recovery benchmark suite — Specification,HBA-ED057-00071;HBA-ED057-00072;HBA-ED057-00073;HBA-ED057-00074;HBA-ED057-00075;HBA-ED057-00076;HBA-ED057-00077;HBA-ED057-00078;HBA-ED057-00079;HBA-ED057-00080;HBA-ED057-00081;HBA-ED057-00082;HBA-ED057-00083;HBA-ED057-00084;HBA-ED057-00085;HBA-ED057-00086;HBA-ED057-00087;HBA-ED057-00088;HBA-ED057-00089;HBA-ED057-00090;HBA-ED057-00091;HBA-ED057-00092;HBA-ED057-00093,23,,EXECUTION_DELIVERABLE/DEL-09-02,ACCEPTED_GATE4,
SUB-10-02-03_DEL-09-03,DEL-09-03 Nonlinear support regression suite — Specification,KTY-10-02_Specification,CAT-010,DEL-09-03 Nonlinear support regression suite — Specification,HBA-ED058-00068;HBA-ED058-00069;HBA-ED058-00070;HBA-ED058-00071;HBA-ED058-00072;HBA-ED058-00073;HBA-ED058-00074;HBA-ED058-00075;HBA-ED058-00076;HBA-ED058-00077;HBA-ED058-00078;HBA-ED058-00079;HBA-ED058-00080;HBA-ED058-00081;HBA-ED058-00082;HBA-ED058-00083;HBA-ED058-00084;HBA-ED058-00085;HBA-ED058-00086;HBA-ED058-00087;HBA-ED058-00088;HBA-ED058-00089;HBA-ED058-00090;HBA-ED058-00091;HBA-ED058-00092;HBA-ED058-00093;HBA-ED058-00094;HBA-ED058-00095;HBA-ED058-00096;HBA-ED058-00097;HBA-ED058-00098;HBA-ED058-00099;HBA-ED058-00100,33,,EXECUTION_DELIVERABLE/DEL-09-03,ACCEPTED_GATE4,
SUB-10-02-04_DEL-09-04,DEL-09-04 Validation manual skeleton — Specification,KTY-10-02_Specification,CAT-010,DEL-09-04 Validation manual skeleton — Specification,HBA-ED059-00075;HBA-ED059-00076;HBA-ED059-00077;HBA-ED059-00078;HBA-ED059-00079;HBA-ED059-00080;HBA-ED059-00081;HBA-ED059-00082;HBA-ED059-00083;HBA-ED059-00084;HBA-ED059-00085;HBA-ED059-00086;HBA-ED059-00087;HBA-ED059-00088;HBA-ED059-00089;HBA-ED059-00090;HBA-ED059-00091;HBA-ED059-00092;HBA-ED059-00093;HBA-ED059-00094;HBA-ED059-00096,21,,EXECUTION_DELIVERABLE/DEL-09-04,ACCEPTED_GATE4,
SUB-10-02-05_DEL-09-05,DEL-09-05 Release quality gate checklist — Specification,KTY-10-02_Specification,CAT-010,DEL-09-05 Release quality gate checklist — Specification,HBA-ED060-00120;HBA-ED060-00121;HBA-ED060-00122;HBA-ED060-00123;HBA-ED060-00124;HBA-ED060-00125;HBA-ED060-00126;HBA-ED060-00127;HBA-ED060-00128;HBA-ED060-00129;HBA-ED060-00130;HBA-ED060-00131;HBA-ED060-00132;HBA-ED060-00133;HBA-ED060-00134;HBA-ED060-00135;HBA-ED060-00136;HBA-ED060-00137;HBA-ED060-00138;HBA-ED060-00139;HBA-ED060-00140;HBA-ED060-00141;HBA-ED060-00142;HBA-ED060-00143;HBA-ED060-00144;HBA-ED060-00145;HBA-ED060-00146;HBA-ED060-00147;HBA-ED060-00148;HBA-ED060-00149;HBA-ED060-00151;HBA-ED060-00152;HBA-ED060-00153;HBA-ED060-00154;HBA-ED060-00155;HBA-ED060-00156;HBA-ED060-00157,37,,EXECUTION_DELIVERABLE/DEL-09-05,ACCEPTED_GATE4,
SUB-10-03-01_DEL-09-01,DEL-09-01 Mechanics benchmark suite — Guidance,KTY-10-03_Guidance,CAT-010,DEL-09-01 Mechanics benchmark suite — Guidance,HBA-ED056-00030;HBA-ED056-00031;HBA-ED056-00032;HBA-ED056-00033;HBA-ED056-00034;HBA-ED056-00035;HBA-ED056-00036;HBA-ED056-00037;HBA-ED056-00038;HBA-ED056-00039;HBA-ED056-00040;HBA-ED056-00041;HBA-ED056-00042;HBA-ED056-00043;HBA-ED056-00044;HBA-ED056-00045;HBA-ED056-00046;HBA-ED056-00047;HBA-ED056-00048,19,,EXECUTION_DELIVERABLE/DEL-09-01,ACCEPTED_GATE4,
SUB-10-03-02_DEL-09-02,DEL-09-02 Stress recovery benchmark suite — Guidance,KTY-10-03_Guidance,CAT-010,DEL-09-02 Stress recovery benchmark suite — Guidance,HBA-ED057-00028;HBA-ED057-00029;HBA-ED057-00030;HBA-ED057-00031;HBA-ED057-00032;HBA-ED057-00033;HBA-ED057-00034;HBA-ED057-00035;HBA-ED057-00036;HBA-ED057-00037;HBA-ED057-00038;HBA-ED057-00039;HBA-ED057-00040;HBA-ED057-00041;HBA-ED057-00042;HBA-ED057-00043;HBA-ED057-00044;HBA-ED057-00045,18,,EXECUTION_DELIVERABLE/DEL-09-02,ACCEPTED_GATE4,
SUB-10-03-03_DEL-09-03,DEL-09-03 Nonlinear support regression suite — Guidance,KTY-10-03_Guidance,CAT-010,DEL-09-03 Nonlinear support regression suite — Guidance,HBA-ED058-00016;HBA-ED058-00017;HBA-ED058-00018;HBA-ED058-00019;HBA-ED058-00020;HBA-ED058-00021;HBA-ED058-00022;HBA-ED058-00023;HBA-ED058-00024;HBA-ED058-00025;HBA-ED058-00026;HBA-ED058-00027;HBA-ED058-00028;HBA-ED058-00029;HBA-ED058-00030;HBA-ED058-00031;HBA-ED058-00032;HBA-ED058-00033;HBA-ED058-00034;HBA-ED058-00035;HBA-ED058-00036;HBA-ED058-00037;HBA-ED058-00038,23,,EXECUTION_DELIVERABLE/DEL-09-03,ACCEPTED_GATE4,
SUB-10-03-04_DEL-09-04,DEL-09-04 Validation manual skeleton — Guidance,KTY-10-03_Guidance,CAT-010,DEL-09-04 Validation manual skeleton — Guidance,HBA-ED059-00028;HBA-ED059-00029;HBA-ED059-00030;HBA-ED059-00031;HBA-ED059-00032;HBA-ED059-00033;HBA-ED059-00034;HBA-ED059-00035;HBA-ED059-00036;HBA-ED059-00037;HBA-ED059-00038;HBA-ED059-00039;HBA-ED059-00040;HBA-ED059-00041;HBA-ED059-00042;HBA-ED059-00043;HBA-ED059-00044;HBA-ED059-00045;HBA-ED059-00046;HBA-ED059-00047;HBA-ED059-00048;HBA-ED059-00049;HBA-ED059-00050;HBA-ED059-00051;HBA-ED059-00052;HBA-ED059-00053,26,,EXECUTION_DELIVERABLE/DEL-09-04,ACCEPTED_GATE4,
SUB-10-03-05_DEL-09-05,DEL-09-05 Release quality gate checklist — Guidance,KTY-10-03_Guidance,CAT-010,DEL-09-05 Release quality gate checklist — Guidance,HBA-ED060-00035;HBA-ED060-00036;HBA-ED060-00037;HBA-ED060-00038;HBA-ED060-00039;HBA-ED060-00040;HBA-ED060-00041;HBA-ED060-00042;HBA-ED060-00043;HBA-ED060-00044;HBA-ED060-00045;HBA-ED060-00046;HBA-ED060-00047;HBA-ED060-00048;HBA-ED060-00049;HBA-ED060-00050;HBA-ED060-00051;HBA-ED060-00052;HBA-ED060-00053;HBA-ED060-00054;HBA-ED060-00061;HBA-ED060-00062,22,,EXECUTION_DELIVERABLE/DEL-09-05,ACCEPTED_GATE4,
SUB-10-04-01_DEL-09-01,DEL-09-01 Mechanics benchmark suite — Procedure,KTY-10-04_Procedure,CAT-010,DEL-09-01 Mechanics benchmark suite — Procedure,HBA-ED056-00049;HBA-ED056-00050;HBA-ED056-00051;HBA-ED056-00052;HBA-ED056-00053;HBA-ED056-00054;HBA-ED056-00055;HBA-ED056-00056;HBA-ED056-00057;HBA-ED056-00058;HBA-ED056-00059;HBA-ED056-00060;HBA-ED056-00061;HBA-ED056-00062;HBA-ED056-00063;HBA-ED056-00064;HBA-ED056-00065;HBA-ED056-00066;HBA-ED056-00067;HBA-ED056-00068;HBA-ED056-00069;HBA-ED056-00070;HBA-ED056-00071;HBA-ED056-00072;HBA-ED056-00073;HBA-ED056-00074;HBA-ED056-00075;HBA-ED056-00076,28,,EXECUTION_DELIVERABLE/DEL-09-01,ACCEPTED_GATE4,
SUB-10-04-02_DEL-09-02,DEL-09-02 Stress recovery benchmark suite — Procedure,KTY-10-04_Procedure,CAT-010,DEL-09-02 Stress recovery benchmark suite — Procedure,HBA-ED057-00047;HBA-ED057-00048;HBA-ED057-00049;HBA-ED057-00050;HBA-ED057-00051;HBA-ED057-00052;HBA-ED057-00053;HBA-ED057-00054;HBA-ED057-00055;HBA-ED057-00056;HBA-ED057-00057;HBA-ED057-00058;HBA-ED057-00059;HBA-ED057-00060;HBA-ED057-00061;HBA-ED057-00062;HBA-ED057-00063;HBA-ED057-00064;HBA-ED057-00065;HBA-ED057-00066;HBA-ED057-00067;HBA-ED057-00069;HBA-ED057-00070,23,,EXECUTION_DELIVERABLE/DEL-09-02,ACCEPTED_GATE4,
SUB-10-04-03_DEL-09-03,DEL-09-03 Nonlinear support regression suite — Procedure,KTY-10-04_Procedure,CAT-010,DEL-09-03 Nonlinear support regression suite — Procedure,HBA-ED058-00039;HBA-ED058-00040;HBA-ED058-00041;HBA-ED058-00042;HBA-ED058-00043;HBA-ED058-00044;HBA-ED058-00045;HBA-ED058-00046;HBA-ED058-00047;HBA-ED058-00048;HBA-ED058-00049;HBA-ED058-00050;HBA-ED058-00051;HBA-ED058-00052;HBA-ED058-00053;HBA-ED058-00054;HBA-ED058-00055;HBA-ED058-00056;HBA-ED058-00057;HBA-ED058-00058;HBA-ED058-00059;HBA-ED058-00060;HBA-ED058-00061;HBA-ED058-00062;HBA-ED058-00063;HBA-ED058-00064;HBA-ED058-00065;HBA-ED058-00066;HBA-ED058-00067,29,,EXECUTION_DELIVERABLE/DEL-09-03,ACCEPTED_GATE4,
SUB-10-04-04_DEL-09-04,DEL-09-04 Validation manual skeleton — Procedure,KTY-10-04_Procedure,CAT-010,DEL-09-04 Validation manual skeleton — Procedure,HBA-ED059-00054;HBA-ED059-00055;HBA-ED059-00056;HBA-ED059-00057;HBA-ED059-00058;HBA-ED059-00059;HBA-ED059-00060;HBA-ED059-00061;HBA-ED059-00062;HBA-ED059-00063;HBA-ED059-00064;HBA-ED059-00065;HBA-ED059-00066;HBA-ED059-00067;HBA-ED059-00068;HBA-ED059-00069;HBA-ED059-00070;HBA-ED059-00071;HBA-ED059-00072;HBA-ED059-00073,20,,EXECUTION_DELIVERABLE/DEL-09-04,ACCEPTED_GATE4,
SUB-10-04-05_DEL-09-05,DEL-09-05 Release quality gate checklist — Procedure,KTY-10-04_Procedure,CAT-010,DEL-09-05 Release quality gate checklist — Procedure,HBA-ED060-00063;HBA-ED060-00064;HBA-ED060-00065;HBA-ED060-00066;HBA-ED060-00067;HBA-ED060-00068;HBA-ED060-00069;HBA-ED060-00070;HBA-ED060-00071;HBA-ED060-00072;HBA-ED060-00073;HBA-ED060-00074;HBA-ED060-00075;HBA-ED060-00076;HBA-ED060-00077;HBA-ED060-00078;HBA-ED060-00079;HBA-ED060-00080;HBA-ED060-00081;HBA-ED060-00082;HBA-ED060-00083;HBA-ED060-00084;HBA-ED060-00085;HBA-ED060-00086;HBA-ED060-00087;HBA-ED060-00088;HBA-ED060-00089;HBA-ED060-00090;HBA-ED060-00091;HBA-ED060-00092;HBA-ED060-00093;HBA-ED060-00094;HBA-ED060-00095;HBA-ED060-00096;HBA-ED060-00097;HBA-ED060-00098;HBA-ED060-00099;HBA-ED060-00100;HBA-ED060-00101;HBA-ED060-00102;HBA-ED060-00103;HBA-ED060-00104;HBA-ED060-00105;HBA-ED060-00106;HBA-ED060-00107;HBA-ED060-00108;HBA-ED060-00109;HBA-ED060-00110;HBA-ED060-00111;HBA-ED060-00112;HBA-ED060-00113;HBA-ED060-00114;HBA-ED060-00115;HBA-ED060-00116;HBA-ED060-00117;HBA-ED060-00118;HBA-ED060-00119,57,,EXECUTION_DELIVERABLE/DEL-09-05,ACCEPTED_GATE4,
SUB-11-01-01_DEL-10-01,DEL-10-01 Public API and plugin boundary — Datasheet,KTY-11-01_Datasheet-Reference,CAT-011,DEL-10-01 Public API and plugin boundary — Datasheet,HBA-ED061-00001;HBA-ED061-00002;HBA-ED061-00003;HBA-ED061-00005;HBA-ED061-00006;HBA-ED061-00007;HBA-ED061-00008;HBA-ED061-00009;HBA-ED061-00010;HBA-ED061-00011;HBA-ED061-00012;HBA-ED061-00013;HBA-ED061-00014;HBA-ED061-00015;HBA-ED061-00016;HBA-ED061-00017;HBA-ED061-00018;HBA-ED061-00019;HBA-ED061-00020;HBA-ED061-00021;HBA-ED061-00022;HBA-ED061-00023;HBA-ED061-00024,23,,EXECUTION_DELIVERABLE/DEL-10-01,ACCEPTED_GATE4,
SUB-11-01-02_DEL-10-02,DEL-10-02 Import export adapter framework — Datasheet,KTY-11-01_Datasheet-Reference,CAT-011,DEL-10-02 Import export adapter framework — Datasheet,HBA-ED062-00001;HBA-ED062-00002;HBA-ED062-00003;HBA-ED062-00004;HBA-ED062-00005;HBA-ED062-00006;HBA-ED062-00007;HBA-ED062-00008;HBA-ED062-00011;HBA-ED062-00012;HBA-ED062-00013;HBA-ED062-00014;HBA-ED062-00015;HBA-ED062-00016;HBA-ED062-00017;HBA-ED062-00018;HBA-ED062-00019;HBA-ED062-00020;HBA-ED062-00021;HBA-ED062-00022;HBA-ED062-00023;HBA-ED062-00024,22,,EXECUTION_DELIVERABLE/DEL-10-02,ACCEPTED_GATE4,
SUB-11-01-03_DEL-10-03,DEL-10-03 Local FEA handoff data contract — Datasheet,KTY-11-01_Datasheet-Reference,CAT-011,DEL-10-03 Local FEA handoff data contract — Datasheet,HBA-ED063-00001;HBA-ED063-00002;HBA-ED063-00003;HBA-ED063-00004;HBA-ED063-00005;HBA-ED063-00006;HBA-ED063-00008;HBA-ED063-00009;HBA-ED063-00010;HBA-ED063-00011;HBA-ED063-00012;HBA-ED063-00013;HBA-ED063-00014;HBA-ED063-00015;HBA-ED063-00016;HBA-ED063-00017;HBA-ED063-00018;HBA-ED063-00019;HBA-ED063-00020;HBA-ED063-00021;HBA-ED063-00022;HBA-ED063-00023;HBA-ED063-00024;HBA-ED063-00025;HBA-ED063-00026;HBA-ED063-00027;HBA-ED063-00028;HBA-ED063-00029;HBA-ED063-00030;HBA-ED063-00031,30,,EXECUTION_DELIVERABLE/DEL-10-03,ACCEPTED_GATE4,
SUB-11-01-04_DEL-10-04,"DEL-10-04 Build, packaging, and CI CD pipeline — Datasheet",KTY-11-01_Datasheet-Reference,CAT-011,"DEL-10-04 Build, packaging, and CI CD pipeline — Datasheet",HBA-ED064-00001;HBA-ED064-00002;HBA-ED064-00003;HBA-ED064-00004;HBA-ED064-00005;HBA-ED064-00006;HBA-ED064-00007;HBA-ED064-00008;HBA-ED064-00009;HBA-ED064-00016;HBA-ED064-00017;HBA-ED064-00018;HBA-ED064-00019;HBA-ED064-00020;HBA-ED064-00021,15,,EXECUTION_DELIVERABLE/DEL-10-04,ACCEPTED_GATE4,
SUB-11-01-05_DEL-10-05,DEL-10-05 Headless CLI and structured I O analysis runner — Datasheet,KTY-11-01_Datasheet-Reference,CAT-011,DEL-10-05 Headless CLI and structured I O analysis runner — Datasheet,HBA-ED065-00001;HBA-ED065-00002;HBA-ED065-00003;HBA-ED065-00004;HBA-ED065-00005;HBA-ED065-00006;HBA-ED065-00007;HBA-ED065-00008;HBA-ED065-00009;HBA-ED065-00010;HBA-ED065-00011;HBA-ED065-00017;HBA-ED065-00018;HBA-ED065-00019;HBA-ED065-00020;HBA-ED065-00021,16,,EXECUTION_DELIVERABLE/DEL-10-05,ACCEPTED_GATE4,
SUB-11-02-01_DEL-10-01,DEL-10-01 Public API and plugin boundary — Specification,KTY-11-02_Specification,CAT-011,DEL-10-01 Public API and plugin boundary — Specification,HBA-ED061-00086;HBA-ED061-00087;HBA-ED061-00088;HBA-ED061-00089;HBA-ED061-00090;HBA-ED061-00091;HBA-ED061-00092;HBA-ED061-00093;HBA-ED061-00094;HBA-ED061-00095;HBA-ED061-00096;HBA-ED061-00097;HBA-ED061-00098;HBA-ED061-00099;HBA-ED061-00100;HBA-ED061-00101;HBA-ED061-00102;HBA-ED061-00103;HBA-ED061-00104;HBA-ED061-00105;HBA-ED061-00106;HBA-ED061-00107;HBA-ED061-00108;HBA-ED061-00109;HBA-ED061-00110;HBA-ED061-00111;HBA-ED061-00112;HBA-ED061-00113;HBA-ED061-00114;HBA-ED061-00115;HBA-ED061-00116;HBA-ED061-00117;HBA-ED061-00118;HBA-ED061-00119;HBA-ED061-00120;HBA-ED061-00121;HBA-ED061-00122;HBA-ED061-00123;HBA-ED061-00124;HBA-ED061-00125;HBA-ED061-00126;HBA-ED061-00127,42,,EXECUTION_DELIVERABLE/DEL-10-01,ACCEPTED_GATE4,
SUB-11-02-02_DEL-10-02,DEL-10-02 Import export adapter framework — Specification,KTY-11-02_Specification,CAT-011,DEL-10-02 Import export adapter framework — Specification,HBA-ED062-00072;HBA-ED062-00073;HBA-ED062-00075;HBA-ED062-00076;HBA-ED062-00077;HBA-ED062-00078;HBA-ED062-00079;HBA-ED062-00080;HBA-ED062-00081;HBA-ED062-00082;HBA-ED062-00083;HBA-ED062-00084;HBA-ED062-00085;HBA-ED062-00086;HBA-ED062-00087;HBA-ED062-00088;HBA-ED062-00089;HBA-ED062-00090;HBA-ED062-00091;HBA-ED062-00092;HBA-ED062-00093;HBA-ED062-00094;HBA-ED062-00095;HBA-ED062-00096,24,,EXECUTION_DELIVERABLE/DEL-10-02,ACCEPTED_GATE4,
SUB-11-02-03_DEL-10-03,DEL-10-03 Local FEA handoff data contract — Specification,KTY-11-02_Specification,CAT-011,DEL-10-03 Local FEA handoff data contract — Specification,HBA-ED063-00088;HBA-ED063-00089;HBA-ED063-00090;HBA-ED063-00091;HBA-ED063-00092;HBA-ED063-00093;HBA-ED063-00094;HBA-ED063-00095;HBA-ED063-00096;HBA-ED063-00097;HBA-ED063-00098;HBA-ED063-00099;HBA-ED063-00100;HBA-ED063-00101;HBA-ED063-00102;HBA-ED063-00103;HBA-ED063-00104;HBA-ED063-00105;HBA-ED063-00106;HBA-ED063-00107;HBA-ED063-00108;HBA-ED063-00109;HBA-ED063-00110;HBA-ED063-00111,24,,EXECUTION_DELIVERABLE/DEL-10-03,ACCEPTED_GATE4,
SUB-11-02-04_DEL-10-04,"DEL-10-04 Build, packaging, and CI CD pipeline — Specification",KTY-11-02_Specification,CAT-011,"DEL-10-04 Build, packaging, and CI CD pipeline — Specification",HBA-ED064-00056;HBA-ED064-00057;HBA-ED064-00058;HBA-ED064-00059;HBA-ED064-00060;HBA-ED064-00061;HBA-ED064-00062;HBA-ED064-00063;HBA-ED064-00064;HBA-ED064-00065;HBA-ED064-00066;HBA-ED064-00067;HBA-ED064-00068;HBA-ED064-00069;HBA-ED064-00070;HBA-ED064-00071;HBA-ED064-00072;HBA-ED064-00073;HBA-ED064-00074,19,,EXECUTION_DELIVERABLE/DEL-10-04,ACCEPTED_GATE4,
SUB-11-02-05_DEL-10-05,DEL-10-05 Headless CLI and structured I O analysis runner — Specification,KTY-11-02_Specification,CAT-011,DEL-10-05 Headless CLI and structured I O analysis runner — Specification,HBA-ED065-00069;HBA-ED065-00070;HBA-ED065-00071;HBA-ED065-00072;HBA-ED065-00073;HBA-ED065-00074;HBA-ED065-00075;HBA-ED065-00076;HBA-ED065-00077;HBA-ED065-00078;HBA-ED065-00079;HBA-ED065-00080;HBA-ED065-00081;HBA-ED065-00082;HBA-ED065-00083;HBA-ED065-00084;HBA-ED065-00085;HBA-ED065-00086;HBA-ED065-00087;HBA-ED065-00088;HBA-ED065-00089;HBA-ED065-00090;HBA-ED065-00091;HBA-ED065-00092;HBA-ED065-00093,25,,EXECUTION_DELIVERABLE/DEL-10-05,ACCEPTED_GATE4,
SUB-11-03-01_DEL-10-01,DEL-10-01 Public API and plugin boundary — Guidance,KTY-11-03_Guidance,CAT-011,DEL-10-01 Public API and plugin boundary — Guidance,HBA-ED061-00025;HBA-ED061-00026;HBA-ED061-00027;HBA-ED061-00028;HBA-ED061-00029;HBA-ED061-00030;HBA-ED061-00031;HBA-ED061-00032;HBA-ED061-00033;HBA-ED061-00034;HBA-ED061-00035;HBA-ED061-00036;HBA-ED061-00037;HBA-ED061-00038;HBA-ED061-00039;HBA-ED061-00040;HBA-ED061-00041;HBA-ED061-00042;HBA-ED061-00043;HBA-ED061-00044;HBA-ED061-00045;HBA-ED061-00046;HBA-ED061-00054;HBA-ED061-00055;HBA-ED061-00056;HBA-ED061-00057;HBA-ED061-00058,27,,EXECUTION_DELIVERABLE/DEL-10-01,ACCEPTED_GATE4,
SUB-11-03-02_DEL-10-02,DEL-10-02 Import export adapter framework — Guidance,KTY-11-03_Guidance,CAT-011,DEL-10-02 Import export adapter framework — Guidance,HBA-ED062-00026;HBA-ED062-00027;HBA-ED062-00028;HBA-ED062-00029;HBA-ED062-00030;HBA-ED062-00031;HBA-ED062-00032;HBA-ED062-00033;HBA-ED062-00034;HBA-ED062-00035;HBA-ED062-00036;HBA-ED062-00037;HBA-ED062-00038;HBA-ED062-00039;HBA-ED062-00040;HBA-ED062-00041;HBA-ED062-00042;HBA-ED062-00043;HBA-ED062-00044;HBA-ED062-00045,20,,EXECUTION_DELIVERABLE/DEL-10-02,ACCEPTED_GATE4,
SUB-11-03-03_DEL-10-03,DEL-10-03 Local FEA handoff data contract — Guidance,KTY-11-03_Guidance,CAT-011,DEL-10-03 Local FEA handoff data contract — Guidance,HBA-ED063-00032;HBA-ED063-00033;HBA-ED063-00034;HBA-ED063-00035;HBA-ED063-00036;HBA-ED063-00037;HBA-ED063-00038;HBA-ED063-00039;HBA-ED063-00040;HBA-ED063-00041;HBA-ED063-00042;HBA-ED063-00043;HBA-ED063-00044;HBA-ED063-00045;HBA-ED063-00046;HBA-ED063-00047;HBA-ED063-00048;HBA-ED063-00049;HBA-ED063-00050;HBA-ED063-00051;HBA-ED063-00052;HBA-ED063-00053;HBA-ED063-00054;HBA-ED063-00055;HBA-ED063-00056;HBA-ED063-00057;HBA-ED063-00058;HBA-ED063-00059;HBA-ED063-00067,29,,EXECUTION_DELIVERABLE/DEL-10-03,ACCEPTED_GATE4,
SUB-11-03-04_DEL-10-04,"DEL-10-04 Build, packaging, and CI CD pipeline — Guidance",KTY-11-03_Guidance,CAT-011,"DEL-10-04 Build, packaging, and CI CD pipeline — Guidance",HBA-ED064-00022;HBA-ED064-00023;HBA-ED064-00024;HBA-ED064-00025;HBA-ED064-00026;HBA-ED064-00027;HBA-ED064-00028;HBA-ED064-00029;HBA-ED064-00030;HBA-ED064-00031;HBA-ED064-00032;HBA-ED064-00033;HBA-ED064-00034;HBA-ED064-00035;HBA-ED064-00036;HBA-ED064-00037;HBA-ED064-00038,17,,EXECUTION_DELIVERABLE/DEL-10-04,ACCEPTED_GATE4,
SUB-11-03-05_DEL-10-05,DEL-10-05 Headless CLI and structured I O analysis runner — Guidance,KTY-11-03_Guidance,CAT-011,DEL-10-05 Headless CLI and structured I O analysis runner — Guidance,HBA-ED065-00023;HBA-ED065-00024;HBA-ED065-00025;HBA-ED065-00026;HBA-ED065-00027;HBA-ED065-00028;HBA-ED065-00029;HBA-ED065-00030;HBA-ED065-00031;HBA-ED065-00032;HBA-ED065-00033;HBA-ED065-00034;HBA-ED065-00035;HBA-ED065-00036;HBA-ED065-00037;HBA-ED065-00038;HBA-ED065-00039;HBA-ED065-00040;HBA-ED065-00041;HBA-ED065-00042;HBA-ED065-00043;HBA-ED065-00044;HBA-ED065-00045,23,,EXECUTION_DELIVERABLE/DEL-10-05,ACCEPTED_GATE4,
SUB-11-04-01_DEL-10-01,DEL-10-01 Public API and plugin boundary — Procedure,KTY-11-04_Procedure,CAT-011,DEL-10-01 Public API and plugin boundary — Procedure,HBA-ED061-00059;HBA-ED061-00060;HBA-ED061-00061;HBA-ED061-00062;HBA-ED061-00063;HBA-ED061-00064;HBA-ED061-00065;HBA-ED061-00066;HBA-ED061-00067;HBA-ED061-00068;HBA-ED061-00069;HBA-ED061-00070;HBA-ED061-00071;HBA-ED061-00072;HBA-ED061-00073;HBA-ED061-00074;HBA-ED061-00075;HBA-ED061-00076;HBA-ED061-00077;HBA-ED061-00078;HBA-ED061-00079;HBA-ED061-00080;HBA-ED061-00081;HBA-ED061-00082;HBA-ED061-00083;HBA-ED061-00085,26,,EXECUTION_DELIVERABLE/DEL-10-01,ACCEPTED_GATE4,
SUB-11-04-02_DEL-10-02,DEL-10-02 Import export adapter framework — Procedure,KTY-11-04_Procedure,CAT-011,DEL-10-02 Import export adapter framework — Procedure,HBA-ED062-00046;HBA-ED062-00047;HBA-ED062-00048;HBA-ED062-00049;HBA-ED062-00050;HBA-ED062-00051;HBA-ED062-00052;HBA-ED062-00053;HBA-ED062-00054;HBA-ED062-00055;HBA-ED062-00056;HBA-ED062-00057;HBA-ED062-00058;HBA-ED062-00059;HBA-ED062-00060;HBA-ED062-00061;HBA-ED062-00062;HBA-ED062-00063;HBA-ED062-00064;HBA-ED062-00065;HBA-ED062-00066;HBA-ED062-00067;HBA-ED062-00068;HBA-ED062-00069;HBA-ED062-00070;HBA-ED062-00071,26,,EXECUTION_DELIVERABLE/DEL-10-02,ACCEPTED_GATE4,
SUB-11-04-03_DEL-10-03,DEL-10-03 Local FEA handoff data contract — Procedure,KTY-11-04_Procedure,CAT-011,DEL-10-03 Local FEA handoff data contract — Procedure,HBA-ED063-00068;HBA-ED063-00069;HBA-ED063-00070;HBA-ED063-00071;HBA-ED063-00072;HBA-ED063-00073;HBA-ED063-00074;HBA-ED063-00075;HBA-ED063-00076;HBA-ED063-00077;HBA-ED063-00078;HBA-ED063-00079;HBA-ED063-00080;HBA-ED063-00081;HBA-ED063-00082;HBA-ED063-00083;HBA-ED063-00084;HBA-ED063-00085;HBA-ED063-00086;HBA-ED063-00087,20,,EXECUTION_DELIVERABLE/DEL-10-03,ACCEPTED_GATE4,
SUB-11-04-04_DEL-10-04,"DEL-10-04 Build, packaging, and CI CD pipeline — Procedure",KTY-11-04_Procedure,CAT-011,"DEL-10-04 Build, packaging, and CI CD pipeline — Procedure",HBA-ED064-00039;HBA-ED064-00040;HBA-ED064-00041;HBA-ED064-00042;HBA-ED064-00043;HBA-ED064-00044;HBA-ED064-00045;HBA-ED064-00046;HBA-ED064-00047;HBA-ED064-00048;HBA-ED064-00049;HBA-ED064-00050;HBA-ED064-00051;HBA-ED064-00052;HBA-ED064-00053;HBA-ED064-00054;HBA-ED064-00055,17,,EXECUTION_DELIVERABLE/DEL-10-04,ACCEPTED_GATE4,
SUB-11-04-05_DEL-10-05,DEL-10-05 Headless CLI and structured I O analysis runner — Procedure,KTY-11-04_Procedure,CAT-011,DEL-10-05 Headless CLI and structured I O analysis runner — Procedure,HBA-ED065-00046;HBA-ED065-00047;HBA-ED065-00048;HBA-ED065-00049;HBA-ED065-00050;HBA-ED065-00051;HBA-ED065-00052;HBA-ED065-00053;HBA-ED065-00054;HBA-ED065-00055;HBA-ED065-00056;HBA-ED065-00057;HBA-ED065-00058;HBA-ED065-00059;HBA-ED065-00060;HBA-ED065-00061;HBA-ED065-00062;HBA-ED065-00063;HBA-ED065-00064;HBA-ED065-00065;HBA-ED065-00066;HBA-ED065-00067;HBA-ED065-00068,23,,EXECUTION_DELIVERABLE/DEL-10-05,ACCEPTED_GATE4,
SUB-12-01-01_DEL-11-01,DEL-11-01 User guide skeleton — Datasheet,KTY-12-01_Datasheet-Reference,CAT-012,DEL-11-01 User guide skeleton — Datasheet,HBA-ED066-00001;HBA-ED066-00002;HBA-ED066-00003;HBA-ED066-00004;HBA-ED066-00005;HBA-ED066-00006;HBA-ED066-00007;HBA-ED066-00008;HBA-ED066-00009;HBA-ED066-00010;HBA-ED066-00011;HBA-ED066-00012;HBA-ED066-00013;HBA-ED066-00014;HBA-ED066-00015;HBA-ED066-00016;HBA-ED066-00017;HBA-ED066-00018;HBA-ED066-00019;HBA-ED066-00020;HBA-ED066-00021;HBA-ED066-00022;HBA-ED066-00023;HBA-ED066-00024;HBA-ED066-00025;HBA-ED066-00026;HBA-ED066-00027;HBA-ED066-00028;HBA-ED066-00029;HBA-ED066-00030;HBA-ED066-00031,31,,EXECUTION_DELIVERABLE/DEL-11-01,ACCEPTED_GATE4,
SUB-12-01-02_DEL-11-02,DEL-11-02 Developer guide for solver and rule packs — Datasheet,KTY-12-01_Datasheet-Reference,CAT-012,DEL-11-02 Developer guide for solver and rule packs — Datasheet,HBA-ED067-00001;HBA-ED067-00002;HBA-ED067-00003;HBA-ED067-00004;HBA-ED067-00005;HBA-ED067-00006;HBA-ED067-00007;HBA-ED067-00008;HBA-ED067-00009;HBA-ED067-00010;HBA-ED067-00011;HBA-ED067-00012;HBA-ED067-00013;HBA-ED067-00014;HBA-ED067-00015;HBA-ED067-00016;HBA-ED067-00017;HBA-ED067-00018;HBA-ED067-00019;HBA-ED067-00020;HBA-ED067-00021;HBA-ED067-00022;HBA-ED067-00023;HBA-ED067-00024;HBA-ED067-00025;HBA-ED067-00026;HBA-ED067-00027;HBA-ED067-00028;HBA-ED067-00029,29,,EXECUTION_DELIVERABLE/DEL-11-02,ACCEPTED_GATE4,
SUB-12-01-03_DEL-11-03,DEL-11-03 Theory notes  classical to modern centerline analysis — Datasheet,KTY-12-01_Datasheet-Reference,CAT-012,DEL-11-03 Theory notes  classical to modern centerline analysis — Datasheet,HBA-ED068-00001;HBA-ED068-00002;HBA-ED068-00003;HBA-ED068-00004;HBA-ED068-00005;HBA-ED068-00006;HBA-ED068-00007;HBA-ED068-00008;HBA-ED068-00009;HBA-ED068-00010;HBA-ED068-00011;HBA-ED068-00012;HBA-ED068-00013;HBA-ED068-00014;HBA-ED068-00015;HBA-ED068-00016;HBA-ED068-00017;HBA-ED068-00018;HBA-ED068-00019;HBA-ED068-00020;HBA-ED068-00021;HBA-ED068-00022;HBA-ED068-00023;HBA-ED068-00024;HBA-ED068-00025;HBA-ED068-00026;HBA-ED068-00027;HBA-ED068-00028;HBA-ED068-00029;HBA-ED068-00030;HBA-ED068-00031;HBA-ED068-00032,32,,EXECUTION_DELIVERABLE/DEL-11-03,ACCEPTED_GATE4,
SUB-12-01-04_DEL-11-04,DEL-11-04 Invented educational example models — Datasheet,KTY-12-01_Datasheet-Reference,CAT-012,DEL-11-04 Invented educational example models — Datasheet,HBA-ED069-00001;HBA-ED069-00002;HBA-ED069-00003;HBA-ED069-00004;HBA-ED069-00005;HBA-ED069-00006;HBA-ED069-00007;HBA-ED069-00008;HBA-ED069-00009;HBA-ED069-00010;HBA-ED069-00011;HBA-ED069-00012;HBA-ED069-00013;HBA-ED069-00014;HBA-ED069-00015;HBA-ED069-00016;HBA-ED069-00017;HBA-ED069-00018;HBA-ED069-00019;HBA-ED069-00020;HBA-ED069-00021,21,,EXECUTION_DELIVERABLE/DEL-11-04,ACCEPTED_GATE4,
SUB-12-01-05_DEL-11-05,DEL-11-05 Contributor tutorial and onboarding — Datasheet,KTY-12-01_Datasheet-Reference,CAT-012,DEL-11-05 Contributor tutorial and onboarding — Datasheet,HBA-ED070-00001;HBA-ED070-00002;HBA-ED070-00003;HBA-ED070-00004;HBA-ED070-00005;HBA-ED070-00006;HBA-ED070-00007;HBA-ED070-00008;HBA-ED070-00009;HBA-ED070-00010;HBA-ED070-00011;HBA-ED070-00012;HBA-ED070-00013;HBA-ED070-00014;HBA-ED070-00015;HBA-ED070-00016;HBA-ED070-00017;HBA-ED070-00018;HBA-ED070-00019;HBA-ED070-00020;HBA-ED070-00021;HBA-ED070-00022;HBA-ED070-00023;HBA-ED070-00024;HBA-ED070-00025;HBA-ED070-00026;HBA-ED070-00027,27,,EXECUTION_DELIVERABLE/DEL-11-05,ACCEPTED_GATE4,
SUB-12-02-01_DEL-11-01,DEL-11-01 User guide skeleton — Specification,KTY-12-02_Specification,CAT-012,DEL-11-01 User guide skeleton — Specification,HBA-ED066-00082;HBA-ED066-00083;HBA-ED066-00084;HBA-ED066-00085;HBA-ED066-00086;HBA-ED066-00087;HBA-ED066-00088;HBA-ED066-00089;HBA-ED066-00090;HBA-ED066-00091;HBA-ED066-00092;HBA-ED066-00093;HBA-ED066-00094;HBA-ED066-00095;HBA-ED066-00096;HBA-ED066-00097;HBA-ED066-00098;HBA-ED066-00099;HBA-ED066-00100;HBA-ED066-00101;HBA-ED066-00102;HBA-ED066-00103,22,,EXECUTION_DELIVERABLE/DEL-11-01,ACCEPTED_GATE4,
SUB-12-02-02_DEL-11-02,DEL-11-02 Developer guide for solver and rule packs — Specification,KTY-12-02_Specification,CAT-012,DEL-11-02 Developer guide for solver and rule packs — Specification,HBA-ED067-00100;HBA-ED067-00101;HBA-ED067-00102;HBA-ED067-00103;HBA-ED067-00104;HBA-ED067-00105;HBA-ED067-00106;HBA-ED067-00107;HBA-ED067-00108;HBA-ED067-00109;HBA-ED067-00110;HBA-ED067-00111;HBA-ED067-00112;HBA-ED067-00113;HBA-ED067-00114;HBA-ED067-00115;HBA-ED067-00116;HBA-ED067-00117;HBA-ED067-00118;HBA-ED067-00119;HBA-ED067-00120;HBA-ED067-00121;HBA-ED067-00122;HBA-ED067-00123;HBA-ED067-00124;HBA-ED067-00125,26,,EXECUTION_DELIVERABLE/DEL-11-02,ACCEPTED_GATE4,
SUB-12-02-03_DEL-11-03,DEL-11-03 Theory notes  classical to modern centerline analysis — Specification,KTY-12-02_Specification,CAT-012,DEL-11-03 Theory notes  classical to modern centerline analysis — Specification,HBA-ED068-00068;HBA-ED068-00069;HBA-ED068-00070;HBA-ED068-00071;HBA-ED068-00072;HBA-ED068-00073;HBA-ED068-00074;HBA-ED068-00075;HBA-ED068-00076;HBA-ED068-00077;HBA-ED068-00078;HBA-ED068-00079;HBA-ED068-00080;HBA-ED068-00081;HBA-ED068-00082;HBA-ED068-00083;HBA-ED068-00084;HBA-ED068-00085;HBA-ED068-00086;HBA-ED068-00087;HBA-ED068-00088;HBA-ED068-00089;HBA-ED068-00090;HBA-ED068-00091;HBA-ED068-00092;HBA-ED068-00093;HBA-ED068-00094;HBA-ED068-00095;HBA-ED068-00096;HBA-ED068-00097;HBA-ED068-00098;HBA-ED068-00099;HBA-ED068-00100;HBA-ED068-00101;HBA-ED068-00102;HBA-ED068-00103,36,,EXECUTION_DELIVERABLE/DEL-11-03,ACCEPTED_GATE4,
SUB-12-02-04_DEL-11-04,DEL-11-04 Invented educational example models — Specification,KTY-12-02_Specification,CAT-012,DEL-11-04 Invented educational example models — Specification,HBA-ED069-00067;HBA-ED069-00068;HBA-ED069-00069;HBA-ED069-00070;HBA-ED069-00071;HBA-ED069-00072;HBA-ED069-00073;HBA-ED069-00074;HBA-ED069-00075;HBA-ED069-00076;HBA-ED069-00077;HBA-ED069-00078;HBA-ED069-00079;HBA-ED069-00080;HBA-ED069-00081;HBA-ED069-00082;HBA-ED069-00083;HBA-ED069-00084;HBA-ED069-00085;HBA-ED069-00086;HBA-ED069-00087;HBA-ED069-00088;HBA-ED069-00089,23,,EXECUTION_DELIVERABLE/DEL-11-04,ACCEPTED_GATE4,
SUB-12-02-05_DEL-11-05,DEL-11-05 Contributor tutorial and onboarding — Specification,KTY-12-02_Specification,CAT-012,DEL-11-05 Contributor tutorial and onboarding — Specification,HBA-ED070-00074;HBA-ED070-00075;HBA-ED070-00076;HBA-ED070-00077;HBA-ED070-00078;HBA-ED070-00079;HBA-ED070-00080;HBA-ED070-00081;HBA-ED070-00082;HBA-ED070-00083;HBA-ED070-00084;HBA-ED070-00085;HBA-ED070-00086;HBA-ED070-00087;HBA-ED070-00088;HBA-ED070-00089;HBA-ED070-00090;HBA-ED070-00091;HBA-ED070-00092;HBA-ED070-00093;HBA-ED070-00094;HBA-ED070-00095;HBA-ED070-00096;HBA-ED070-00097;HBA-ED070-00098;HBA-ED070-00099;HBA-ED070-00100;HBA-ED070-00101;HBA-ED070-00102;HBA-ED070-00103,30,,EXECUTION_DELIVERABLE/DEL-11-05,ACCEPTED_GATE4,
SUB-12-03-01_DEL-11-01,DEL-11-01 User guide skeleton — Guidance,KTY-12-03_Guidance,CAT-012,DEL-11-01 User guide skeleton — Guidance,HBA-ED066-00032;HBA-ED066-00033;HBA-ED066-00034;HBA-ED066-00035;HBA-ED066-00036;HBA-ED066-00037;HBA-ED066-00038;HBA-ED066-00039;HBA-ED066-00040;HBA-ED066-00041;HBA-ED066-00042;HBA-ED066-00043;HBA-ED066-00044;HBA-ED066-00045;HBA-ED066-00046;HBA-ED066-00047;HBA-ED066-00048;HBA-ED066-00049;HBA-ED066-00050;HBA-ED066-00051;HBA-ED066-00052;HBA-ED066-00053;HBA-ED066-00054;HBA-ED066-00055;HBA-ED066-00056;HBA-ED066-00057;HBA-ED066-00058;HBA-ED066-00059;HBA-ED066-00060,29,,EXECUTION_DELIVERABLE/DEL-11-01,ACCEPTED_GATE4,
SUB-12-03-02_DEL-11-02,DEL-11-02 Developer guide for solver and rule packs — Guidance,KTY-12-03_Guidance,CAT-012,DEL-11-02 Developer guide for solver and rule packs — Guidance,HBA-ED067-00030;HBA-ED067-00031;HBA-ED067-00032;HBA-ED067-00033;HBA-ED067-00034;HBA-ED067-00035;HBA-ED067-00036;HBA-ED067-00037;HBA-ED067-00038;HBA-ED067-00039;HBA-ED067-00040;HBA-ED067-00041;HBA-ED067-00042;HBA-ED067-00043;HBA-ED067-00044;HBA-ED067-00045;HBA-ED067-00046;HBA-ED067-00047;HBA-ED067-00048;HBA-ED067-00049;HBA-ED067-00050;HBA-ED067-00051;HBA-ED067-00052;HBA-ED067-00053;HBA-ED067-00054;HBA-ED067-00055;HBA-ED067-00056;HBA-ED067-00057;HBA-ED067-00058;HBA-ED067-00059;HBA-ED067-00060;HBA-ED067-00061;HBA-ED067-00062;HBA-ED067-00063;HBA-ED067-00064;HBA-ED067-00065;HBA-ED067-00066;HBA-ED067-00067;HBA-ED067-00068;HBA-ED067-00069;HBA-ED067-00070;HBA-ED067-00071;HBA-ED067-00072;HBA-ED067-00073;HBA-ED067-00074;HBA-ED067-00075;HBA-ED067-00076;HBA-ED067-00077;HBA-ED067-00078;HBA-ED067-00079,50,,EXECUTION_DELIVERABLE/DEL-11-02,ACCEPTED_GATE4,
SUB-12-03-03_DEL-11-03,DEL-11-03 Theory notes  classical to modern centerline analysis — Guidance,KTY-12-03_Guidance,CAT-012,DEL-11-03 Theory notes  classical to modern centerline analysis — Guidance,HBA-ED068-00034;HBA-ED068-00035;HBA-ED068-00036;HBA-ED068-00037;HBA-ED068-00038;HBA-ED068-00039;HBA-ED068-00040;HBA-ED068-00041;HBA-ED068-00042;HBA-ED068-00043;HBA-ED068-00044;HBA-ED068-00045;HBA-ED068-00046;HBA-ED068-00047;HBA-ED068-00048;HBA-ED068-00049;HBA-ED068-00050;HBA-ED068-00051;HBA-ED068-00052;HBA-ED068-00053;HBA-ED068-00054;HBA-ED068-00055,22,,EXECUTION_DELIVERABLE/DEL-11-03,ACCEPTED_GATE4,
SUB-12-03-04_DEL-11-04,DEL-11-04 Invented educational example models — Guidance,KTY-12-03_Guidance,CAT-012,DEL-11-04 Invented educational example models — Guidance,HBA-ED069-00022;HBA-ED069-00023;HBA-ED069-00024;HBA-ED069-00025;HBA-ED069-00026;HBA-ED069-00027;HBA-ED069-00028;HBA-ED069-00029;HBA-ED069-00030;HBA-ED069-00031;HBA-ED069-00032;HBA-ED069-00033;HBA-ED069-00034;HBA-ED069-00035;HBA-ED069-00036;HBA-ED069-00037;HBA-ED069-00038;HBA-ED069-00039;HBA-ED069-00040;HBA-ED069-00041;HBA-ED069-00042;HBA-ED069-00043;HBA-ED069-00046,23,,EXECUTION_DELIVERABLE/DEL-11-04,ACCEPTED_GATE4,
SUB-12-03-05_DEL-11-05,DEL-11-05 Contributor tutorial and onboarding — Guidance,KTY-12-03_Guidance,CAT-012,DEL-11-05 Contributor tutorial and onboarding — Guidance,HBA-ED070-00028;HBA-ED070-00029;HBA-ED070-00030;HBA-ED070-00031;HBA-ED070-00032;HBA-ED070-00033;HBA-ED070-00034;HBA-ED070-00035;HBA-ED070-00036;HBA-ED070-00037;HBA-ED070-00038;HBA-ED070-00039;HBA-ED070-00040;HBA-ED070-00041;HBA-ED070-00042;HBA-ED070-00043;HBA-ED070-00044;HBA-ED070-00045;HBA-ED070-00046;HBA-ED070-00047;HBA-ED070-00048;HBA-ED070-00049;HBA-ED070-00050;HBA-ED070-00051;HBA-ED070-00052;HBA-ED070-00053;HBA-ED070-00054;HBA-ED070-00055,28,,EXECUTION_DELIVERABLE/DEL-11-05,ACCEPTED_GATE4,
SUB-12-04-01_DEL-11-01,DEL-11-01 User guide skeleton — Procedure,KTY-12-04_Procedure,CAT-012,DEL-11-01 User guide skeleton — Procedure,HBA-ED066-00061;HBA-ED066-00062;HBA-ED066-00063;HBA-ED066-00064;HBA-ED066-00065;HBA-ED066-00066;HBA-ED066-00067;HBA-ED066-00068;HBA-ED066-00069;HBA-ED066-00070;HBA-ED066-00071;HBA-ED066-00072;HBA-ED066-00073;HBA-ED066-00074;HBA-ED066-00075;HBA-ED066-00076;HBA-ED066-00077;HBA-ED066-00078;HBA-ED066-00079;HBA-ED066-00080;HBA-ED066-00081,21,,EXECUTION_DELIVERABLE/DEL-11-01,ACCEPTED_GATE4,
SUB-12-04-02_DEL-11-02,DEL-11-02 Developer guide for solver and rule packs — Procedure,KTY-12-04_Procedure,CAT-012,DEL-11-02 Developer guide for solver and rule packs — Procedure,HBA-ED067-00080;HBA-ED067-00081;HBA-ED067-00082;HBA-ED067-00083;HBA-ED067-00084;HBA-ED067-00085;HBA-ED067-00086;HBA-ED067-00087;HBA-ED067-00088;HBA-ED067-00089;HBA-ED067-00090;HBA-ED067-00091;HBA-ED067-00092;HBA-ED067-00093;HBA-ED067-00094;HBA-ED067-00095;HBA-ED067-00096;HBA-ED067-00097;HBA-ED067-00098;HBA-ED067-00099,20,,EXECUTION_DELIVERABLE/DEL-11-02,ACCEPTED_GATE4,
SUB-12-04-03_DEL-11-03,DEL-11-03 Theory notes  classical to modern centerline analysis — Procedure,KTY-12-04_Procedure,CAT-012,DEL-11-03 Theory notes  classical to modern centerline analysis — Procedure,HBA-ED068-00056;HBA-ED068-00057;HBA-ED068-00058;HBA-ED068-00059;HBA-ED068-00060;HBA-ED068-00061;HBA-ED068-00062;HBA-ED068-00063;HBA-ED068-00064;HBA-ED068-00065;HBA-ED068-00066;HBA-ED068-00067,12,,EXECUTION_DELIVERABLE/DEL-11-03,ACCEPTED_GATE4,
SUB-12-04-04_DEL-11-04,DEL-11-04 Invented educational example models — Procedure,KTY-12-04_Procedure,CAT-012,DEL-11-04 Invented educational example models — Procedure,HBA-ED069-00047;HBA-ED069-00048;HBA-ED069-00049;HBA-ED069-00050;HBA-ED069-00051;HBA-ED069-00052;HBA-ED069-00053;HBA-ED069-00054;HBA-ED069-00055;HBA-ED069-00056;HBA-ED069-00057;HBA-ED069-00058;HBA-ED069-00059;HBA-ED069-00060;HBA-ED069-00061;HBA-ED069-00062;HBA-ED069-00063;HBA-ED069-00064;HBA-ED069-00065;HBA-ED069-00066,20,,EXECUTION_DELIVERABLE/DEL-11-04,ACCEPTED_GATE4,
SUB-12-04-05_DEL-11-05,DEL-11-05 Contributor tutorial and onboarding — Procedure,KTY-12-04_Procedure,CAT-012,DEL-11-05 Contributor tutorial and onboarding — Procedure,HBA-ED070-00056;HBA-ED070-00057;HBA-ED070-00058;HBA-ED070-00059;HBA-ED070-00060;HBA-ED070-00061;HBA-ED070-00062;HBA-ED070-00063;HBA-ED070-00064;HBA-ED070-00065;HBA-ED070-00066;HBA-ED070-00067;HBA-ED070-00068;HBA-ED070-00069;HBA-ED070-00070;HBA-ED070-00071;HBA-ED070-00072;HBA-ED070-00073,18,,EXECUTION_DELIVERABLE/DEL-11-05,ACCEPTED_GATE4,
SUB-13-01-01_DEL-12-01,DEL-12-01 Local first storage and private data paths — Datasheet,KTY-13-01_Datasheet-Reference,CAT-013,DEL-12-01 Local first storage and private data paths — Datasheet,HBA-ED071-00001;HBA-ED071-00002;HBA-ED071-00003;HBA-ED071-00004;HBA-ED071-00005;HBA-ED071-00006;HBA-ED071-00007;HBA-ED071-00008;HBA-ED071-00009;HBA-ED071-00010;HBA-ED071-00011;HBA-ED071-00012;HBA-ED071-00013;HBA-ED071-00014;HBA-ED071-00015;HBA-ED071-00016;HBA-ED071-00017;HBA-ED071-00018;HBA-ED071-00019;HBA-ED071-00020;HBA-ED071-00021;HBA-ED071-00022;HBA-ED071-00023;HBA-ED071-00024;HBA-ED071-00025;HBA-ED071-00026;HBA-ED071-00027;HBA-ED071-00028,28,,EXECUTION_DELIVERABLE/DEL-12-01,ACCEPTED_GATE4,
SUB-13-01-02_DEL-12-02,DEL-12-02 Private data redaction and export controls — Datasheet,KTY-13-01_Datasheet-Reference,CAT-013,DEL-12-02 Private data redaction and export controls — Datasheet,HBA-ED072-00001;HBA-ED072-00002;HBA-ED072-00003;HBA-ED072-00004;HBA-ED072-00005;HBA-ED072-00006;HBA-ED072-00007;HBA-ED072-00008;HBA-ED072-00009;HBA-ED072-00010;HBA-ED072-00011;HBA-ED072-00012;HBA-ED072-00013;HBA-ED072-00014;HBA-ED072-00015;HBA-ED072-00016;HBA-ED072-00017;HBA-ED072-00018;HBA-ED072-00019;HBA-ED072-00020;HBA-ED072-00021;HBA-ED072-00022;HBA-ED072-00023;HBA-ED072-00024;HBA-ED072-00025;HBA-ED072-00026;HBA-ED072-00027;HBA-ED072-00028;HBA-ED072-00029;HBA-ED072-00030;HBA-ED072-00031;HBA-ED072-00032;HBA-ED072-00033;HBA-ED072-00034;HBA-ED072-00035;HBA-ED072-00036;HBA-ED072-00037;HBA-ED072-00038,38,,EXECUTION_DELIVERABLE/DEL-12-02,ACCEPTED_GATE4,
SUB-13-01-03_DEL-12-03,DEL-12-03 Telemetry off by default design — Datasheet,KTY-13-01_Datasheet-Reference,CAT-013,DEL-12-03 Telemetry off by default design — Datasheet,HBA-ED073-00001;HBA-ED073-00002;HBA-ED073-00003;HBA-ED073-00004;HBA-ED073-00005;HBA-ED073-00006;HBA-ED073-00007;HBA-ED073-00008;HBA-ED073-00009;HBA-ED073-00010;HBA-ED073-00011;HBA-ED073-00012;HBA-ED073-00013;HBA-ED073-00014;HBA-ED073-00015;HBA-ED073-00016;HBA-ED073-00017;HBA-ED073-00018;HBA-ED073-00019,19,,EXECUTION_DELIVERABLE/DEL-12-03,ACCEPTED_GATE4,
SUB-13-01-04_DEL-12-04,DEL-12-04 Secret and private library handling — Datasheet,KTY-13-01_Datasheet-Reference,CAT-013,DEL-12-04 Secret and private library handling — Datasheet,HBA-ED074-00001;HBA-ED074-00002;HBA-ED074-00003;HBA-ED074-00005;HBA-ED074-00006;HBA-ED074-00007;HBA-ED074-00008;HBA-ED074-00009;HBA-ED074-00010;HBA-ED074-00011;HBA-ED074-00012;HBA-ED074-00013;HBA-ED074-00014;HBA-ED074-00015;HBA-ED074-00016;HBA-ED074-00017;HBA-ED074-00019;HBA-ED074-00020;HBA-ED074-00021;HBA-ED074-00022;HBA-ED074-00023;HBA-ED074-00024;HBA-ED074-00025;HBA-ED074-00026;HBA-ED074-00027;HBA-ED074-00028;HBA-ED074-00029;HBA-ED074-00030;HBA-ED074-00031;HBA-ED074-00032;HBA-ED074-00033;HBA-ED074-00034;HBA-ED074-00035;HBA-ED074-00036,34,,EXECUTION_DELIVERABLE/DEL-12-04,ACCEPTED_GATE4,
SUB-13-01-05_DEL-12-05,DEL-12-05 Security threat model — Datasheet,KTY-13-01_Datasheet-Reference,CAT-013,DEL-12-05 Security threat model — Datasheet,HBA-ED075-00001;HBA-ED075-00002;HBA-ED075-00003;HBA-ED075-00004;HBA-ED075-00005;HBA-ED075-00006;HBA-ED075-00007;HBA-ED075-00008;HBA-ED075-00009;HBA-ED075-00010;HBA-ED075-00011;HBA-ED075-00012;HBA-ED075-00013;HBA-ED075-00014;HBA-ED075-00015;HBA-ED075-00016;HBA-ED075-00017;HBA-ED075-00018;HBA-ED075-00019;HBA-ED075-00020;HBA-ED075-00021;HBA-ED075-00022;HBA-ED075-00023;HBA-ED075-00024;HBA-ED075-00025;HBA-ED075-00026;HBA-ED075-00027;HBA-ED075-00028;HBA-ED075-00029;HBA-ED075-00030;HBA-ED075-00031;HBA-ED075-00032;HBA-ED075-00033;HBA-ED075-00034;HBA-ED075-00035;HBA-ED075-00036;HBA-ED075-00037;HBA-ED075-00038;HBA-ED075-00039;HBA-ED075-00040;HBA-ED075-00041;HBA-ED075-00042;HBA-ED075-00043;HBA-ED075-00044;HBA-ED075-00045;HBA-ED075-00046,46,,EXECUTION_DELIVERABLE/DEL-12-05,ACCEPTED_GATE4,
SUB-13-02-01_DEL-12-01,DEL-12-01 Local first storage and private data paths — Specification,KTY-13-02_Specification,CAT-013,DEL-12-01 Local first storage and private data paths — Specification,HBA-ED071-00084;HBA-ED071-00085;HBA-ED071-00086;HBA-ED071-00087;HBA-ED071-00088;HBA-ED071-00089;HBA-ED071-00090;HBA-ED071-00091;HBA-ED071-00092;HBA-ED071-00093;HBA-ED071-00094;HBA-ED071-00095;HBA-ED071-00096;HBA-ED071-00097;HBA-ED071-00098;HBA-ED071-00099,16,,EXECUTION_DELIVERABLE/DEL-12-01,ACCEPTED_GATE4,
SUB-13-02-02_DEL-12-02,DEL-12-02 Private data redaction and export controls — Specification,KTY-13-02_Specification,CAT-013,DEL-12-02 Private data redaction and export controls — Specification,HBA-ED072-00096;HBA-ED072-00097;HBA-ED072-00098;HBA-ED072-00099;HBA-ED072-00100;HBA-ED072-00101;HBA-ED072-00102;HBA-ED072-00103;HBA-ED072-00104;HBA-ED072-00105;HBA-ED072-00106;HBA-ED072-00107;HBA-ED072-00108;HBA-ED072-00109;HBA-ED072-00110;HBA-ED072-00111;HBA-ED072-00112;HBA-ED072-00113,18,,EXECUTION_DELIVERABLE/DEL-12-02,ACCEPTED_GATE4,
SUB-13-02-03_DEL-12-03,DEL-12-03 Telemetry off by default design — Specification,KTY-13-02_Specification,CAT-013,DEL-12-03 Telemetry off by default design — Specification,HBA-ED073-00070;HBA-ED073-00071;HBA-ED073-00072;HBA-ED073-00073;HBA-ED073-00074;HBA-ED073-00075;HBA-ED073-00076;HBA-ED073-00077;HBA-ED073-00078;HBA-ED073-00079;HBA-ED073-00080;HBA-ED073-00081;HBA-ED073-00082;HBA-ED073-00083;HBA-ED073-00084;HBA-ED073-00085;HBA-ED073-00086;HBA-ED073-00087;HBA-ED073-00088;HBA-ED073-00089;HBA-ED073-00090;HBA-ED073-00091;HBA-ED073-00092;HBA-ED073-00093;HBA-ED073-00094;HBA-ED073-00095;HBA-ED073-00096;HBA-ED073-00097;HBA-ED073-00098;HBA-ED073-00099,30,,EXECUTION_DELIVERABLE/DEL-12-03,ACCEPTED_GATE4,
SUB-13-02-04_DEL-12-04,DEL-12-04 Secret and private library handling — Specification,KTY-13-02_Specification,CAT-013,DEL-12-04 Secret and private library handling — Specification,HBA-ED074-00083;HBA-ED074-00084;HBA-ED074-00085;HBA-ED074-00086;HBA-ED074-00087;HBA-ED074-00088;HBA-ED074-00089;HBA-ED074-00090;HBA-ED074-00091;HBA-ED074-00092;HBA-ED074-00093;HBA-ED074-00094;HBA-ED074-00095;HBA-ED074-00096;HBA-ED074-00097;HBA-ED074-00098;HBA-ED074-00099;HBA-ED074-00100;HBA-ED074-00101;HBA-ED074-00102;HBA-ED074-00103;HBA-ED074-00104;HBA-ED074-00105;HBA-ED074-00106;HBA-ED074-00107;HBA-ED074-00108;HBA-ED074-00109;HBA-ED074-00110;HBA-ED074-00111,29,,EXECUTION_DELIVERABLE/DEL-12-04,ACCEPTED_GATE4,
SUB-13-02-05_DEL-12-05,DEL-12-05 Security threat model — Specification,KTY-13-02_Specification,CAT-013,DEL-12-05 Security threat model — Specification,HBA-ED075-00111;HBA-ED075-00112;HBA-ED075-00113;HBA-ED075-00114;HBA-ED075-00115;HBA-ED075-00116;HBA-ED075-00117;HBA-ED075-00118;HBA-ED075-00119;HBA-ED075-00120;HBA-ED075-00121;HBA-ED075-00122;HBA-ED075-00123;HBA-ED075-00124;HBA-ED075-00125;HBA-ED075-00126;HBA-ED075-00127;HBA-ED075-00128;HBA-ED075-00129;HBA-ED075-00130;HBA-ED075-00131;HBA-ED075-00132;HBA-ED075-00133;HBA-ED075-00134;HBA-ED075-00135;HBA-ED075-00136;HBA-ED075-00137;HBA-ED075-00138;HBA-ED075-00139;HBA-ED075-00140;HBA-ED075-00141;HBA-ED075-00142,32,,EXECUTION_DELIVERABLE/DEL-12-05,ACCEPTED_GATE4,
SUB-13-03-01_DEL-12-01,DEL-12-01 Local first storage and private data paths — Guidance,KTY-13-03_Guidance,CAT-013,DEL-12-01 Local first storage and private data paths — Guidance,HBA-ED071-00029;HBA-ED071-00030;HBA-ED071-00031;HBA-ED071-00032;HBA-ED071-00033;HBA-ED071-00034;HBA-ED071-00035;HBA-ED071-00036;HBA-ED071-00037;HBA-ED071-00038;HBA-ED071-00039;HBA-ED071-00040;HBA-ED071-00041;HBA-ED071-00042;HBA-ED071-00043;HBA-ED071-00044;HBA-ED071-00045;HBA-ED071-00046;HBA-ED071-00047;HBA-ED071-00048;HBA-ED071-00049;HBA-ED071-00050;HBA-ED071-00051;HBA-ED071-00052;HBA-ED071-00053;HBA-ED071-00054;HBA-ED071-00055;HBA-ED071-00056;HBA-ED071-00057;HBA-ED071-00058;HBA-ED071-00059;HBA-ED071-00060;HBA-ED071-00061;HBA-ED071-00062;HBA-ED071-00063;HBA-ED071-00064;HBA-ED071-00065;HBA-ED071-00066,38,,EXECUTION_DELIVERABLE/DEL-12-01,ACCEPTED_GATE4,
SUB-13-03-02_DEL-12-02,DEL-12-02 Private data redaction and export controls — Guidance,KTY-13-03_Guidance,CAT-013,DEL-12-02 Private data redaction and export controls — Guidance,HBA-ED072-00039;HBA-ED072-00040;HBA-ED072-00041;HBA-ED072-00042;HBA-ED072-00043;HBA-ED072-00044;HBA-ED072-00045;HBA-ED072-00046;HBA-ED072-00047;HBA-ED072-00048;HBA-ED072-00049;HBA-ED072-00050;HBA-ED072-00051;HBA-ED072-00052;HBA-ED072-00053;HBA-ED072-00054;HBA-ED072-00055;HBA-ED072-00056;HBA-ED072-00057;HBA-ED072-00058;HBA-ED072-00059;HBA-ED072-00060;HBA-ED072-00061;HBA-ED072-00062;HBA-ED072-00063;HBA-ED072-00064;HBA-ED072-00066;HBA-ED072-00067;HBA-ED072-00068;HBA-ED072-00069;HBA-ED072-00070;HBA-ED072-00071;HBA-ED072-00072;HBA-ED072-00073;HBA-ED072-00074;HBA-ED072-00075;HBA-ED072-00076,37,,EXECUTION_DELIVERABLE/DEL-12-02,ACCEPTED_GATE4,
SUB-13-03-03_DEL-12-03,DEL-12-03 Telemetry off by default design — Guidance,KTY-13-03_Guidance,CAT-013,DEL-12-03 Telemetry off by default design — Guidance,HBA-ED073-00021;HBA-ED073-00022;HBA-ED073-00023;HBA-ED073-00024;HBA-ED073-00025;HBA-ED073-00026;HBA-ED073-00027;HBA-ED073-00028;HBA-ED073-00029;HBA-ED073-00030;HBA-ED073-00031;HBA-ED073-00032;HBA-ED073-00033;HBA-ED073-00034;HBA-ED073-00035;HBA-ED073-00036;HBA-ED073-00037;HBA-ED073-00038;HBA-ED073-00039;HBA-ED073-00040;HBA-ED073-00041;HBA-ED073-00042;HBA-ED073-00043;HBA-ED073-00044;HBA-ED073-00045;HBA-ED073-00046;HBA-ED073-00047;HBA-ED073-00048,28,,EXECUTION_DELIVERABLE/DEL-12-03,ACCEPTED_GATE4,
SUB-13-03-04_DEL-12-04,DEL-12-04 Secret and private library handling — Guidance,KTY-13-03_Guidance,CAT-013,DEL-12-04 Secret and private library handling — Guidance,HBA-ED074-00037;HBA-ED074-00038;HBA-ED074-00039;HBA-ED074-00040;HBA-ED074-00041;HBA-ED074-00042;HBA-ED074-00043;HBA-ED074-00044;HBA-ED074-00045;HBA-ED074-00046;HBA-ED074-00047;HBA-ED074-00048;HBA-ED074-00050;HBA-ED074-00051;HBA-ED074-00052;HBA-ED074-00053;HBA-ED074-00054;HBA-ED074-00055;HBA-ED074-00056;HBA-ED074-00057;HBA-ED074-00058;HBA-ED074-00059;HBA-ED074-00060;HBA-ED074-00061;HBA-ED074-00062;HBA-ED074-00063;HBA-ED074-00064,27,,EXECUTION_DELIVERABLE/DEL-12-04,ACCEPTED_GATE4,
SUB-13-03-05_DEL-12-05,DEL-12-05 Security threat model — Guidance,KTY-13-03_Guidance,CAT-013,DEL-12-05 Security threat model — Guidance,HBA-ED075-00047;HBA-ED075-00048;HBA-ED075-00049;HBA-ED075-00050;HBA-ED075-00051;HBA-ED075-00052;HBA-ED075-00053;HBA-ED075-00054;HBA-ED075-00055;HBA-ED075-00056;HBA-ED075-00057;HBA-ED075-00058;HBA-ED075-00059;HBA-ED075-00060;HBA-ED075-00061;HBA-ED075-00062;HBA-ED075-00063;HBA-ED075-00064;HBA-ED075-00065;HBA-ED075-00066;HBA-ED075-00067;HBA-ED075-00068;HBA-ED075-00069;HBA-ED075-00070;HBA-ED075-00071;HBA-ED075-00072;HBA-ED075-00073;HBA-ED075-00074;HBA-ED075-00075;HBA-ED075-00076;HBA-ED075-00077;HBA-ED075-00078;HBA-ED075-00079;HBA-ED075-00080;HBA-ED075-00081;HBA-ED075-00082;HBA-ED075-00083;HBA-ED075-00084;HBA-ED075-00085;HBA-ED075-00086;HBA-ED075-00087,41,,EXECUTION_DELIVERABLE/DEL-12-05,ACCEPTED_GATE4,
SUB-13-04-01_DEL-12-01,DEL-12-01 Local first storage and private data paths — Procedure,KTY-13-04_Procedure,CAT-013,DEL-12-01 Local first storage and private data paths — Procedure,HBA-ED071-00067;HBA-ED071-00068;HBA-ED071-00069;HBA-ED071-00070;HBA-ED071-00071;HBA-ED071-00072;HBA-ED071-00073;HBA-ED071-00074;HBA-ED071-00075;HBA-ED071-00076;HBA-ED071-00077;HBA-ED071-00078;HBA-ED071-00079;HBA-ED071-00080;HBA-ED071-00081;HBA-ED071-00082;HBA-ED071-00083,17,,EXECUTION_DELIVERABLE/DEL-12-01,ACCEPTED_GATE4,
SUB-13-04-02_DEL-12-02,DEL-12-02 Private data redaction and export controls — Procedure,KTY-13-04_Procedure,CAT-013,DEL-12-02 Private data redaction and export controls — Procedure,HBA-ED072-00080;HBA-ED072-00081;HBA-ED072-00082;HBA-ED072-00083;HBA-ED072-00084;HBA-ED072-00085;HBA-ED072-00086;HBA-ED072-00087;HBA-ED072-00088;HBA-ED072-00089;HBA-ED072-00090;HBA-ED072-00091;HBA-ED072-00092;HBA-ED072-00093;HBA-ED072-00094;HBA-ED072-00095,16,,EXECUTION_DELIVERABLE/DEL-12-02,ACCEPTED_GATE4,
SUB-13-04-03_DEL-12-03,DEL-12-03 Telemetry off by default design — Procedure,KTY-13-04_Procedure,CAT-013,DEL-12-03 Telemetry off by default design — Procedure,HBA-ED073-00049;HBA-ED073-00050;HBA-ED073-00051;HBA-ED073-00052;HBA-ED073-00053;HBA-ED073-00054;HBA-ED073-00055;HBA-ED073-00056;HBA-ED073-00057;HBA-ED073-00058;HBA-ED073-00059;HBA-ED073-00060;HBA-ED073-00061;HBA-ED073-00062;HBA-ED073-00063;HBA-ED073-00064;HBA-ED073-00065;HBA-ED073-00066;HBA-ED073-00067;HBA-ED073-00069,20,,EXECUTION_DELIVERABLE/DEL-12-03,ACCEPTED_GATE4,
SUB-13-04-04_DEL-12-04,DEL-12-04 Secret and private library handling — Procedure,KTY-13-04_Procedure,CAT-013,DEL-12-04 Secret and private library handling — Procedure,HBA-ED074-00067;HBA-ED074-00068;HBA-ED074-00069;HBA-ED074-00070;HBA-ED074-00071;HBA-ED074-00072;HBA-ED074-00073;HBA-ED074-00074;HBA-ED074-00075;HBA-ED074-00076;HBA-ED074-00077;HBA-ED074-00078;HBA-ED074-00079;HBA-ED074-00080;HBA-ED074-00081;HBA-ED074-00082,16,,EXECUTION_DELIVERABLE/DEL-12-04,ACCEPTED_GATE4,
SUB-13-04-05_DEL-12-05,DEL-12-05 Security threat model — Procedure,KTY-13-04_Procedure,CAT-013,DEL-12-05 Security threat model — Procedure,HBA-ED075-00088;HBA-ED075-00089;HBA-ED075-00090;HBA-ED075-00091;HBA-ED075-00092;HBA-ED075-00093;HBA-ED075-00094;HBA-ED075-00095;HBA-ED075-00096;HBA-ED075-00097;HBA-ED075-00098;HBA-ED075-00099;HBA-ED075-00100;HBA-ED075-00101;HBA-ED075-00102;HBA-ED075-00103;HBA-ED075-00104;HBA-ED075-00105;HBA-ED075-00106;HBA-ED075-00107;HBA-ED075-00108;HBA-ED075-00109;HBA-ED075-00110,23,,EXECUTION_DELIVERABLE/DEL-12-05,ACCEPTED_GATE4,
SUB-14-01-01_DEL-13-01,DEL-13-01 Design knowledge schema and provenance model — Datasheet,KTY-14-01_Datasheet-Reference,CAT-014,DEL-13-01 Design knowledge schema and provenance model — Datasheet,HBA-ED076-00001;HBA-ED076-00002;HBA-ED076-00003;HBA-ED076-00004;HBA-ED076-00005;HBA-ED076-00006;HBA-ED076-00007;HBA-ED076-00008;HBA-ED076-00009;HBA-ED076-00010;HBA-ED076-00011;HBA-ED076-00012;HBA-ED076-00013;HBA-ED076-00014;HBA-ED076-00015;HBA-ED076-00016;HBA-ED076-00017;HBA-ED076-00018;HBA-ED076-00019;HBA-ED076-00020;HBA-ED076-00021;HBA-ED076-00022;HBA-ED076-00023;HBA-ED076-00024;HBA-ED076-00025;HBA-ED076-00026;HBA-ED076-00027;HBA-ED076-00028,28,,EXECUTION_DELIVERABLE/DEL-13-01,ACCEPTED_GATE4,
SUB-14-01-02_DEL-13-02,DEL-13-02 Constraint entity and provenance model — Datasheet,KTY-14-01_Datasheet-Reference,CAT-014,DEL-13-02 Constraint entity and provenance model — Datasheet,HBA-ED077-00001;HBA-ED077-00002;HBA-ED077-00003;HBA-ED077-00004;HBA-ED077-00005;HBA-ED077-00006;HBA-ED077-00007;HBA-ED077-00008;HBA-ED077-00009;HBA-ED077-00010;HBA-ED077-00011;HBA-ED077-00012;HBA-ED077-00013;HBA-ED077-00014;HBA-ED077-00015;HBA-ED077-00016;HBA-ED077-00017;HBA-ED077-00018;HBA-ED077-00019;HBA-ED077-00020;HBA-ED077-00021;HBA-ED077-00022;HBA-ED077-00023;HBA-ED077-00024;HBA-ED077-00025;HBA-ED077-00026;HBA-ED077-00027;HBA-ED077-00028;HBA-ED077-00029;HBA-ED077-00030;HBA-ED077-00031;HBA-ED077-00032;HBA-ED077-00033,33,,EXECUTION_DELIVERABLE/DEL-13-02,ACCEPTED_GATE4,
SUB-14-01-03_DEL-13-03,DEL-13-03 Constraint validation engine — Datasheet,KTY-14-01_Datasheet-Reference,CAT-014,DEL-13-03 Constraint validation engine — Datasheet,HBA-ED078-00001;HBA-ED078-00002;HBA-ED078-00003;HBA-ED078-00004;HBA-ED078-00005;HBA-ED078-00006;HBA-ED078-00007;HBA-ED078-00008;HBA-ED078-00009;HBA-ED078-00010;HBA-ED078-00011;HBA-ED078-00012;HBA-ED078-00014;HBA-ED078-00016;HBA-ED078-00017;HBA-ED078-00018;HBA-ED078-00019;HBA-ED078-00020;HBA-ED078-00021;HBA-ED078-00022;HBA-ED078-00023;HBA-ED078-00024;HBA-ED078-00025;HBA-ED078-00026;HBA-ED078-00027,25,,EXECUTION_DELIVERABLE/DEL-13-03,ACCEPTED_GATE4,
SUB-14-01-04_DEL-13-04,DEL-13-04 Physical to analytical transformation contract — Datasheet,KTY-14-01_Datasheet-Reference,CAT-014,DEL-13-04 Physical to analytical transformation contract — Datasheet,HBA-ED079-00001;HBA-ED079-00002;HBA-ED079-00003;HBA-ED079-00004;HBA-ED079-00005;HBA-ED079-00006;HBA-ED079-00007;HBA-ED079-00008;HBA-ED079-00009;HBA-ED079-00010;HBA-ED079-00011;HBA-ED079-00012;HBA-ED079-00013;HBA-ED079-00014;HBA-ED079-00015;HBA-ED079-00016;HBA-ED079-00017;HBA-ED079-00018;HBA-ED079-00019;HBA-ED079-00020;HBA-ED079-00021;HBA-ED079-00024;HBA-ED079-00025;HBA-ED079-00026;HBA-ED079-00027;HBA-ED079-00028;HBA-ED079-00029;HBA-ED079-00030;HBA-ED079-00031;HBA-ED079-00032;HBA-ED079-00034;HBA-ED079-00035;HBA-ED079-00040;HBA-ED079-00041;HBA-ED079-00042;HBA-ED079-00043;HBA-ED079-00044;HBA-ED079-00045,38,,EXECUTION_DELIVERABLE/DEL-13-04,ACCEPTED_GATE4,
SUB-14-02-01_DEL-13-01,DEL-13-01 Design knowledge schema and provenance model — Specification,KTY-14-02_Specification,CAT-014,DEL-13-01 Design knowledge schema and provenance model — Specification,HBA-ED076-00076;HBA-ED076-00077;HBA-ED076-00078;HBA-ED076-00079;HBA-ED076-00080;HBA-ED076-00081;HBA-ED076-00082;HBA-ED076-00083;HBA-ED076-00084;HBA-ED076-00085;HBA-ED076-00086;HBA-ED076-00087;HBA-ED076-00088;HBA-ED076-00089;HBA-ED076-00090;HBA-ED076-00091;HBA-ED076-00092;HBA-ED076-00093;HBA-ED076-00094;HBA-ED076-00095,20,,EXECUTION_DELIVERABLE/DEL-13-01,ACCEPTED_GATE4,
SUB-14-02-02_DEL-13-02,DEL-13-02 Constraint entity and provenance model — Specification,KTY-14-02_Specification,CAT-014,DEL-13-02 Constraint entity and provenance model — Specification,HBA-ED077-00073;HBA-ED077-00074;HBA-ED077-00075;HBA-ED077-00076;HBA-ED077-00077;HBA-ED077-00078;HBA-ED077-00079;HBA-ED077-00080;HBA-ED077-00081;HBA-ED077-00082;HBA-ED077-00083;HBA-ED077-00084;HBA-ED077-00085;HBA-ED077-00086;HBA-ED077-00087;HBA-ED077-00088;HBA-ED077-00089;HBA-ED077-00090;HBA-ED077-00091;HBA-ED077-00092;HBA-ED077-00093;HBA-ED077-00094;HBA-ED077-00095;HBA-ED077-00096;HBA-ED077-00097;HBA-ED077-00098;HBA-ED077-00099,27,,EXECUTION_DELIVERABLE/DEL-13-02,ACCEPTED_GATE4,
SUB-14-02-03_DEL-13-03,DEL-13-03 Constraint validation engine — Specification,KTY-14-02_Specification,CAT-014,DEL-13-03 Constraint validation engine — Specification,HBA-ED078-00076;HBA-ED078-00077;HBA-ED078-00078;HBA-ED078-00079;HBA-ED078-00080;HBA-ED078-00081;HBA-ED078-00082;HBA-ED078-00083;HBA-ED078-00084;HBA-ED078-00085;HBA-ED078-00086;HBA-ED078-00087;HBA-ED078-00088;HBA-ED078-00089;HBA-ED078-00090;HBA-ED078-00091;HBA-ED078-00092;HBA-ED078-00093;HBA-ED078-00094;HBA-ED078-00095;HBA-ED078-00096;HBA-ED078-00097;HBA-ED078-00098;HBA-ED078-00099;HBA-ED078-00100,25,,EXECUTION_DELIVERABLE/DEL-13-03,ACCEPTED_GATE4,
SUB-14-02-04_DEL-13-04,DEL-13-04 Physical to analytical transformation contract — Specification,KTY-14-02_Specification,CAT-014,DEL-13-04 Physical to analytical transformation contract — Specification,HBA-ED079-00095;HBA-ED079-00096;HBA-ED079-00097;HBA-ED079-00098;HBA-ED079-00099;HBA-ED079-00100;HBA-ED079-00101;HBA-ED079-00102;HBA-ED079-00103;HBA-ED079-00104;HBA-ED079-00105;HBA-ED079-00106;HBA-ED079-00107;HBA-ED079-00109;HBA-ED079-00110;HBA-ED079-00111;HBA-ED079-00112;HBA-ED079-00113;HBA-ED079-00114;HBA-ED079-00115;HBA-ED079-00116;HBA-ED079-00117;HBA-ED079-00118;HBA-ED079-00119;HBA-ED079-00120;HBA-ED079-00121;HBA-ED079-00123;HBA-ED079-00124;HBA-ED079-00125,29,,EXECUTION_DELIVERABLE/DEL-13-04,ACCEPTED_GATE4,
SUB-14-03-01_DEL-13-01,DEL-13-01 Design knowledge schema and provenance model — Guidance,KTY-14-03_Guidance,CAT-014,DEL-13-01 Design knowledge schema and provenance model — Guidance,HBA-ED076-00029;HBA-ED076-00030;HBA-ED076-00031;HBA-ED076-00032;HBA-ED076-00033;HBA-ED076-00034;HBA-ED076-00035;HBA-ED076-00036;HBA-ED076-00037;HBA-ED076-00038;HBA-ED076-00039;HBA-ED076-00040;HBA-ED076-00041;HBA-ED076-00042;HBA-ED076-00043;HBA-ED076-00044;HBA-ED076-00045;HBA-ED076-00046;HBA-ED076-00047;HBA-ED076-00048,20,,EXECUTION_DELIVERABLE/DEL-13-01,ACCEPTED_GATE4,
SUB-14-03-02_DEL-13-02,DEL-13-02 Constraint entity and provenance model — Guidance,KTY-14-03_Guidance,CAT-014,DEL-13-02 Constraint entity and provenance model — Guidance,HBA-ED077-00034;HBA-ED077-00035;HBA-ED077-00036;HBA-ED077-00037;HBA-ED077-00038;HBA-ED077-00039;HBA-ED077-00040;HBA-ED077-00041;HBA-ED077-00042;HBA-ED077-00043;HBA-ED077-00044;HBA-ED077-00045;HBA-ED077-00046;HBA-ED077-00047;HBA-ED077-00048;HBA-ED077-00049;HBA-ED077-00050;HBA-ED077-00051,18,,EXECUTION_DELIVERABLE/DEL-13-02,ACCEPTED_GATE4,
SUB-14-03-03_DEL-13-03,DEL-13-03 Constraint validation engine — Guidance,KTY-14-03_Guidance,CAT-014,DEL-13-03 Constraint validation engine — Guidance,HBA-ED078-00031;HBA-ED078-00032;HBA-ED078-00033;HBA-ED078-00034;HBA-ED078-00035;HBA-ED078-00036;HBA-ED078-00037;HBA-ED078-00038;HBA-ED078-00039;HBA-ED078-00040;HBA-ED078-00041;HBA-ED078-00042;HBA-ED078-00043;HBA-ED078-00044;HBA-ED078-00045;HBA-ED078-00046;HBA-ED078-00047;HBA-ED078-00048;HBA-ED078-00049;HBA-ED078-00050,20,,EXECUTION_DELIVERABLE/DEL-13-03,ACCEPTED_GATE4,
SUB-14-03-04_DEL-13-04,DEL-13-04 Physical to analytical transformation contract — Guidance,KTY-14-03_Guidance,CAT-014,DEL-13-04 Physical to analytical transformation contract — Guidance,HBA-ED079-00047;HBA-ED079-00048;HBA-ED079-00049;HBA-ED079-00050;HBA-ED079-00051;HBA-ED079-00052;HBA-ED079-00053;HBA-ED079-00054;HBA-ED079-00055;HBA-ED079-00056;HBA-ED079-00058;HBA-ED079-00059;HBA-ED079-00060;HBA-ED079-00061;HBA-ED079-00062;HBA-ED079-00063;HBA-ED079-00064;HBA-ED079-00065;HBA-ED079-00066;HBA-ED079-00067;HBA-ED079-00068;HBA-ED079-00069,22,,EXECUTION_DELIVERABLE/DEL-13-04,ACCEPTED_GATE4,
SUB-14-04-01_DEL-13-01,DEL-13-01 Design knowledge schema and provenance model — Procedure,KTY-14-04_Procedure,CAT-014,DEL-13-01 Design knowledge schema and provenance model — Procedure,HBA-ED076-00049;HBA-ED076-00050;HBA-ED076-00051;HBA-ED076-00052;HBA-ED076-00053;HBA-ED076-00054;HBA-ED076-00055;HBA-ED076-00056;HBA-ED076-00057;HBA-ED076-00058;HBA-ED076-00059;HBA-ED076-00060;HBA-ED076-00061;HBA-ED076-00062;HBA-ED076-00063;HBA-ED076-00064;HBA-ED076-00065;HBA-ED076-00066;HBA-ED076-00067;HBA-ED076-00068;HBA-ED076-00069;HBA-ED076-00070;HBA-ED076-00071;HBA-ED076-00072;HBA-ED076-00073;HBA-ED076-00074;HBA-ED076-00075,27,,EXECUTION_DELIVERABLE/DEL-13-01,ACCEPTED_GATE4,
SUB-14-04-02_DEL-13-02,DEL-13-02 Constraint entity and provenance model — Procedure,KTY-14-04_Procedure,CAT-014,DEL-13-02 Constraint entity and provenance model — Procedure,HBA-ED077-00052;HBA-ED077-00053;HBA-ED077-00054;HBA-ED077-00055;HBA-ED077-00056;HBA-ED077-00057;HBA-ED077-00058;HBA-ED077-00059;HBA-ED077-00060;HBA-ED077-00061;HBA-ED077-00062;HBA-ED077-00063;HBA-ED077-00064;HBA-ED077-00065;HBA-ED077-00066;HBA-ED077-00067;HBA-ED077-00068;HBA-ED077-00069;HBA-ED077-00070;HBA-ED077-00071;HBA-ED077-00072,21,,EXECUTION_DELIVERABLE/DEL-13-02,ACCEPTED_GATE4,
SUB-14-04-03_DEL-13-03,DEL-13-03 Constraint validation engine — Procedure,KTY-14-04_Procedure,CAT-014,DEL-13-03 Constraint validation engine — Procedure,HBA-ED078-00051;HBA-ED078-00052;HBA-ED078-00053;HBA-ED078-00054;HBA-ED078-00055;HBA-ED078-00056;HBA-ED078-00057;HBA-ED078-00058;HBA-ED078-00059;HBA-ED078-00060;HBA-ED078-00061;HBA-ED078-00062;HBA-ED078-00063;HBA-ED078-00064;HBA-ED078-00065;HBA-ED078-00066;HBA-ED078-00067;HBA-ED078-00068;HBA-ED078-00069;HBA-ED078-00070;HBA-ED078-00071;HBA-ED078-00072;HBA-ED078-00073;HBA-ED078-00074;HBA-ED078-00075,25,,EXECUTION_DELIVERABLE/DEL-13-03,ACCEPTED_GATE4,
SUB-14-04-04_DEL-13-04,DEL-13-04 Physical to analytical transformation contract — Procedure,KTY-14-04_Procedure,CAT-014,DEL-13-04 Physical to analytical transformation contract — Procedure,HBA-ED079-00073;HBA-ED079-00074;HBA-ED079-00075;HBA-ED079-00076;HBA-ED079-00077;HBA-ED079-00078;HBA-ED079-00079;HBA-ED079-00080;HBA-ED079-00081;HBA-ED079-00082;HBA-ED079-00083;HBA-ED079-00084;HBA-ED079-00085;HBA-ED079-00086;HBA-ED079-00087;HBA-ED079-00088;HBA-ED079-00090;HBA-ED079-00091;HBA-ED079-00092;HBA-ED079-00093,20,,EXECUTION_DELIVERABLE/DEL-13-04,ACCEPTED_GATE4,
SUB-15-01-01_DEL-14-01,DEL-14-01 Immutable model state records — Datasheet,KTY-15-01_Datasheet-Reference,CAT-015,DEL-14-01 Immutable model state records — Datasheet,HBA-ED080-00001;HBA-ED080-00002;HBA-ED080-00003;HBA-ED080-00004;HBA-ED080-00005;HBA-ED080-00006;HBA-ED080-00007;HBA-ED080-00008;HBA-ED080-00009;HBA-ED080-00010;HBA-ED080-00011;HBA-ED080-00013;HBA-ED080-00014;HBA-ED080-00015;HBA-ED080-00016;HBA-ED080-00017;HBA-ED080-00018;HBA-ED080-00019;HBA-ED080-00020;HBA-ED080-00021;HBA-ED080-00022;HBA-ED080-00023;HBA-ED080-00024,23,,EXECUTION_DELIVERABLE/DEL-14-01,ACCEPTED_GATE4,
SUB-15-01-02_DEL-14-02,DEL-14-02 Analysis run records — Datasheet,KTY-15-01_Datasheet-Reference,CAT-015,DEL-14-02 Analysis run records — Datasheet,HBA-ED081-00001;HBA-ED081-00002;HBA-ED081-00003;HBA-ED081-00004;HBA-ED081-00005;HBA-ED081-00006;HBA-ED081-00007;HBA-ED081-00008;HBA-ED081-00009;HBA-ED081-00010;HBA-ED081-00011;HBA-ED081-00012;HBA-ED081-00013;HBA-ED081-00014;HBA-ED081-00015;HBA-ED081-00016;HBA-ED081-00017;HBA-ED081-00020;HBA-ED081-00021;HBA-ED081-00022;HBA-ED081-00023;HBA-ED081-00024;HBA-ED081-00025;HBA-ED081-00026;HBA-ED081-00027;HBA-ED081-00028;HBA-ED081-00029;HBA-ED081-00030;HBA-ED081-00031;HBA-ED081-00032;HBA-ED081-00033;HBA-ED081-00034;HBA-ED081-00035,33,,EXECUTION_DELIVERABLE/DEL-14-02,ACCEPTED_GATE4,
SUB-15-01-03_DEL-14-03,DEL-14-03 Model state comparison engine — Datasheet,KTY-15-01_Datasheet-Reference,CAT-015,DEL-14-03 Model state comparison engine — Datasheet,HBA-ED082-00001;HBA-ED082-00002;HBA-ED082-00003;HBA-ED082-00004;HBA-ED082-00005;HBA-ED082-00006;HBA-ED082-00007;HBA-ED082-00008;HBA-ED082-00009;HBA-ED082-00010;HBA-ED082-00011;HBA-ED082-00012;HBA-ED082-00013;HBA-ED082-00014;HBA-ED082-00015;HBA-ED082-00016;HBA-ED082-00017;HBA-ED082-00018;HBA-ED082-00019;HBA-ED082-00020;HBA-ED082-00021,21,,EXECUTION_DELIVERABLE/DEL-14-03,ACCEPTED_GATE4,
SUB-15-01-04_DEL-14-04,DEL-14-04 Analysis run comparison engine — Datasheet,KTY-15-01_Datasheet-Reference,CAT-015,DEL-14-04 Analysis run comparison engine — Datasheet,HBA-ED083-00003;HBA-ED083-00004;HBA-ED083-00005;HBA-ED083-00006;HBA-ED083-00007;HBA-ED083-00008;HBA-ED083-00009;HBA-ED083-00010;HBA-ED083-00011;HBA-ED083-00012;HBA-ED083-00013;HBA-ED083-00014;HBA-ED083-00015;HBA-ED083-00016;HBA-ED083-00018;HBA-ED083-00019;HBA-ED083-00020;HBA-ED083-00021;HBA-ED083-00022;HBA-ED083-00023;HBA-ED083-00024;HBA-ED083-00025;HBA-ED083-00026;HBA-ED083-00027;HBA-ED083-00028;HBA-ED083-00029;HBA-ED083-00030,27,,EXECUTION_DELIVERABLE/DEL-14-04,ACCEPTED_GATE4,
SUB-15-01-05_DEL-14-05,"DEL-14-05 Comparison mapping, tolerance, and export contracts — Datasheet",KTY-15-01_Datasheet-Reference,CAT-015,"DEL-14-05 Comparison mapping, tolerance, and export contracts — Datasheet",HBA-ED084-00001;HBA-ED084-00002;HBA-ED084-00003;HBA-ED084-00004;HBA-ED084-00005;HBA-ED084-00006;HBA-ED084-00007;HBA-ED084-00008;HBA-ED084-00009;HBA-ED084-00010;HBA-ED084-00011;HBA-ED084-00012;HBA-ED084-00013;HBA-ED084-00014;HBA-ED084-00015;HBA-ED084-00016;HBA-ED084-00017;HBA-ED084-00018;HBA-ED084-00019;HBA-ED084-00020;HBA-ED084-00021;HBA-ED084-00022;HBA-ED084-00023;HBA-ED084-00024;HBA-ED084-00025,25,,EXECUTION_DELIVERABLE/DEL-14-05,ACCEPTED_GATE4,
SUB-15-02-01_DEL-14-01,DEL-14-01 Immutable model state records — Specification,KTY-15-02_Specification,CAT-015,DEL-14-01 Immutable model state records — Specification,HBA-ED080-00071;HBA-ED080-00072;HBA-ED080-00073;HBA-ED080-00074;HBA-ED080-00075;HBA-ED080-00076;HBA-ED080-00077;HBA-ED080-00078;HBA-ED080-00079;HBA-ED080-00080;HBA-ED080-00081;HBA-ED080-00082;HBA-ED080-00083;HBA-ED080-00084;HBA-ED080-00085;HBA-ED080-00086;HBA-ED080-00087;HBA-ED080-00088;HBA-ED080-00089;HBA-ED080-00090;HBA-ED080-00091;HBA-ED080-00092;HBA-ED080-00093;HBA-ED080-00094;HBA-ED080-00095;HBA-ED080-00096;HBA-ED080-00097;HBA-ED080-00098;HBA-ED080-00099,29,,EXECUTION_DELIVERABLE/DEL-14-01,ACCEPTED_GATE4,
SUB-15-02-02_DEL-14-02,DEL-14-02 Analysis run records — Specification,KTY-15-02_Specification,CAT-015,DEL-14-02 Analysis run records — Specification,HBA-ED081-00084;HBA-ED081-00085;HBA-ED081-00086;HBA-ED081-00087;HBA-ED081-00088;HBA-ED081-00089;HBA-ED081-00090;HBA-ED081-00091;HBA-ED081-00092;HBA-ED081-00093;HBA-ED081-00094;HBA-ED081-00095;HBA-ED081-00096;HBA-ED081-00097;HBA-ED081-00098;HBA-ED081-00099;HBA-ED081-00100;HBA-ED081-00101;HBA-ED081-00102;HBA-ED081-00103;HBA-ED081-00104;HBA-ED081-00105;HBA-ED081-00106;HBA-ED081-00107;HBA-ED081-00108;HBA-ED081-00109;HBA-ED081-00110;HBA-ED081-00111;HBA-ED081-00112;HBA-ED081-00113;HBA-ED081-00114;HBA-ED081-00115;HBA-ED081-00116;HBA-ED081-00117;HBA-ED081-00118;HBA-ED081-00119;HBA-ED081-00120;HBA-ED081-00121,38,,EXECUTION_DELIVERABLE/DEL-14-02,ACCEPTED_GATE4,
SUB-15-02-03_DEL-14-03,DEL-14-03 Model state comparison engine — Specification,KTY-15-02_Specification,CAT-015,DEL-14-03 Model state comparison engine — Specification,HBA-ED082-00071;HBA-ED082-00072;HBA-ED082-00073;HBA-ED082-00074;HBA-ED082-00075;HBA-ED082-00076;HBA-ED082-00077;HBA-ED082-00078;HBA-ED082-00079;HBA-ED082-00080;HBA-ED082-00081;HBA-ED082-00082;HBA-ED082-00083;HBA-ED082-00084;HBA-ED082-00085;HBA-ED082-00086;HBA-ED082-00087;HBA-ED082-00088;HBA-ED082-00089;HBA-ED082-00090;HBA-ED082-00091;HBA-ED082-00092,22,,EXECUTION_DELIVERABLE/DEL-14-03,ACCEPTED_GATE4,
SUB-15-02-04_DEL-14-04,DEL-14-04 Analysis run comparison engine — Specification,KTY-15-02_Specification,CAT-015,DEL-14-04 Analysis run comparison engine — Specification,HBA-ED083-00081;HBA-ED083-00082;HBA-ED083-00083;HBA-ED083-00084;HBA-ED083-00085;HBA-ED083-00086;HBA-ED083-00087;HBA-ED083-00088;HBA-ED083-00089;HBA-ED083-00090;HBA-ED083-00091;HBA-ED083-00092;HBA-ED083-00094;HBA-ED083-00095;HBA-ED083-00096;HBA-ED083-00097;HBA-ED083-00098;HBA-ED083-00099;HBA-ED083-00100;HBA-ED083-00101;HBA-ED083-00102;HBA-ED083-00103;HBA-ED083-00104;HBA-ED083-00105;HBA-ED083-00106;HBA-ED083-00107,26,,EXECUTION_DELIVERABLE/DEL-14-04,ACCEPTED_GATE4,
SUB-15-02-05_DEL-14-05,"DEL-14-05 Comparison mapping, tolerance, and export contracts — Specification",KTY-15-02_Specification,CAT-015,"DEL-14-05 Comparison mapping, tolerance, and export contracts — Specification",HBA-ED084-00063;HBA-ED084-00064;HBA-ED084-00065;HBA-ED084-00066;HBA-ED084-00067;HBA-ED084-00068;HBA-ED084-00069;HBA-ED084-00070;HBA-ED084-00071;HBA-ED084-00072;HBA-ED084-00073;HBA-ED084-00074;HBA-ED084-00075;HBA-ED084-00076;HBA-ED084-00077;HBA-ED084-00078;HBA-ED084-00079;HBA-ED084-00080;HBA-ED084-00081;HBA-ED084-00082,20,,EXECUTION_DELIVERABLE/DEL-14-05,ACCEPTED_GATE4,
SUB-15-03-01_DEL-14-01,DEL-14-01 Immutable model state records — Guidance,KTY-15-03_Guidance,CAT-015,DEL-14-01 Immutable model state records — Guidance,HBA-ED080-00029;HBA-ED080-00030;HBA-ED080-00031;HBA-ED080-00032;HBA-ED080-00033;HBA-ED080-00034;HBA-ED080-00035;HBA-ED080-00036;HBA-ED080-00037;HBA-ED080-00038;HBA-ED080-00039;HBA-ED080-00040;HBA-ED080-00041;HBA-ED080-00042;HBA-ED080-00043;HBA-ED080-00044;HBA-ED080-00045,17,,EXECUTION_DELIVERABLE/DEL-14-01,ACCEPTED_GATE4,
SUB-15-03-02_DEL-14-02,DEL-14-02 Analysis run records — Guidance,KTY-15-03_Guidance,CAT-015,DEL-14-02 Analysis run records — Guidance,HBA-ED081-00037;HBA-ED081-00038;HBA-ED081-00039;HBA-ED081-00040;HBA-ED081-00041;HBA-ED081-00042;HBA-ED081-00043;HBA-ED081-00044;HBA-ED081-00045;HBA-ED081-00046;HBA-ED081-00047;HBA-ED081-00048;HBA-ED081-00049;HBA-ED081-00050;HBA-ED081-00051;HBA-ED081-00052;HBA-ED081-00053;HBA-ED081-00054;HBA-ED081-00055;HBA-ED081-00056,20,,EXECUTION_DELIVERABLE/DEL-14-02,ACCEPTED_GATE4,
SUB-15-03-03_DEL-14-03,DEL-14-03 Model state comparison engine — Guidance,KTY-15-03_Guidance,CAT-015,DEL-14-03 Model state comparison engine — Guidance,HBA-ED082-00023;HBA-ED082-00024;HBA-ED082-00025;HBA-ED082-00026;HBA-ED082-00027;HBA-ED082-00028;HBA-ED082-00029;HBA-ED082-00030;HBA-ED082-00031;HBA-ED082-00032;HBA-ED082-00033;HBA-ED082-00034;HBA-ED082-00035;HBA-ED082-00036;HBA-ED082-00037;HBA-ED082-00038;HBA-ED082-00039;HBA-ED082-00040;HBA-ED082-00041;HBA-ED082-00042;HBA-ED082-00043;HBA-ED082-00044,22,,EXECUTION_DELIVERABLE/DEL-14-03,ACCEPTED_GATE4,
SUB-15-03-04_DEL-14-04,DEL-14-04 Analysis run comparison engine — Guidance,KTY-15-03_Guidance,CAT-015,DEL-14-04 Analysis run comparison engine — Guidance,HBA-ED083-00032;HBA-ED083-00033;HBA-ED083-00034;HBA-ED083-00035;HBA-ED083-00036;HBA-ED083-00037;HBA-ED083-00038;HBA-ED083-00039;HBA-ED083-00040;HBA-ED083-00041;HBA-ED083-00042;HBA-ED083-00043;HBA-ED083-00044;HBA-ED083-00045;HBA-ED083-00046;HBA-ED083-00047;HBA-ED083-00048;HBA-ED083-00049;HBA-ED083-00053,19,,EXECUTION_DELIVERABLE/DEL-14-04,ACCEPTED_GATE4,
SUB-15-03-05_DEL-14-05,"DEL-14-05 Comparison mapping, tolerance, and export contracts — Guidance",KTY-15-03_Guidance,CAT-015,"DEL-14-05 Comparison mapping, tolerance, and export contracts — Guidance",HBA-ED084-00026;HBA-ED084-00027;HBA-ED084-00028;HBA-ED084-00029;HBA-ED084-00030;HBA-ED084-00031;HBA-ED084-00032;HBA-ED084-00033;HBA-ED084-00034;HBA-ED084-00035;HBA-ED084-00036;HBA-ED084-00037;HBA-ED084-00038;HBA-ED084-00039;HBA-ED084-00040;HBA-ED084-00041;HBA-ED084-00042;HBA-ED084-00043,18,,EXECUTION_DELIVERABLE/DEL-14-05,ACCEPTED_GATE4,
SUB-15-04-01_DEL-14-01,DEL-14-01 Immutable model state records — Procedure,KTY-15-04_Procedure,CAT-015,DEL-14-01 Immutable model state records — Procedure,HBA-ED080-00047;HBA-ED080-00048;HBA-ED080-00049;HBA-ED080-00050;HBA-ED080-00051;HBA-ED080-00052;HBA-ED080-00053;HBA-ED080-00054;HBA-ED080-00055;HBA-ED080-00056;HBA-ED080-00057;HBA-ED080-00058;HBA-ED080-00059;HBA-ED080-00060;HBA-ED080-00061;HBA-ED080-00062;HBA-ED080-00063;HBA-ED080-00064;HBA-ED080-00065;HBA-ED080-00066;HBA-ED080-00067;HBA-ED080-00068;HBA-ED080-00069;HBA-ED080-00070,24,,EXECUTION_DELIVERABLE/DEL-14-01,ACCEPTED_GATE4,
SUB-15-04-02_DEL-14-02,DEL-14-02 Analysis run records — Procedure,KTY-15-04_Procedure,CAT-015,DEL-14-02 Analysis run records — Procedure,HBA-ED081-00057;HBA-ED081-00058;HBA-ED081-00061;HBA-ED081-00062;HBA-ED081-00063;HBA-ED081-00064;HBA-ED081-00065;HBA-ED081-00066;HBA-ED081-00067;HBA-ED081-00068;HBA-ED081-00069;HBA-ED081-00070;HBA-ED081-00071;HBA-ED081-00072;HBA-ED081-00073;HBA-ED081-00074;HBA-ED081-00075;HBA-ED081-00076;HBA-ED081-00077;HBA-ED081-00078;HBA-ED081-00079;HBA-ED081-00080;HBA-ED081-00081;HBA-ED081-00082;HBA-ED081-00083,25,,EXECUTION_DELIVERABLE/DEL-14-02,ACCEPTED_GATE4,
SUB-15-04-03_DEL-14-03,DEL-14-03 Model state comparison engine — Procedure,KTY-15-04_Procedure,CAT-015,DEL-14-03 Model state comparison engine — Procedure,HBA-ED082-00046;HBA-ED082-00047;HBA-ED082-00048;HBA-ED082-00049;HBA-ED082-00050;HBA-ED082-00051;HBA-ED082-00052;HBA-ED082-00053;HBA-ED082-00054;HBA-ED082-00055;HBA-ED082-00056;HBA-ED082-00057;HBA-ED082-00058;HBA-ED082-00059;HBA-ED082-00060;HBA-ED082-00061;HBA-ED082-00062;HBA-ED082-00063;HBA-ED082-00064;HBA-ED082-00065;HBA-ED082-00066;HBA-ED082-00067;HBA-ED082-00068;HBA-ED082-00069;HBA-ED082-00070,25,,EXECUTION_DELIVERABLE/DEL-14-03,ACCEPTED_GATE4,
SUB-15-04-04_DEL-14-04,DEL-14-04 Analysis run comparison engine — Procedure,KTY-15-04_Procedure,CAT-015,DEL-14-04 Analysis run comparison engine — Procedure,HBA-ED083-00054;HBA-ED083-00055;HBA-ED083-00056;HBA-ED083-00057;HBA-ED083-00058;HBA-ED083-00059;HBA-ED083-00060;HBA-ED083-00061;HBA-ED083-00062;HBA-ED083-00063;HBA-ED083-00064;HBA-ED083-00065;HBA-ED083-00066;HBA-ED083-00067;HBA-ED083-00068;HBA-ED083-00069;HBA-ED083-00070;HBA-ED083-00071;HBA-ED083-00072;HBA-ED083-00073;HBA-ED083-00074;HBA-ED083-00075;HBA-ED083-00076;HBA-ED083-00077;HBA-ED083-00078;HBA-ED083-00079;HBA-ED083-00080,27,,EXECUTION_DELIVERABLE/DEL-14-04,ACCEPTED_GATE4,
SUB-15-04-05_DEL-14-05,"DEL-14-05 Comparison mapping, tolerance, and export contracts — Procedure",KTY-15-04_Procedure,CAT-015,"DEL-14-05 Comparison mapping, tolerance, and export contracts — Procedure",HBA-ED084-00044;HBA-ED084-00045;HBA-ED084-00046;HBA-ED084-00047;HBA-ED084-00048;HBA-ED084-00049;HBA-ED084-00050;HBA-ED084-00051;HBA-ED084-00052;HBA-ED084-00053;HBA-ED084-00054;HBA-ED084-00055;HBA-ED084-00056;HBA-ED084-00057;HBA-ED084-00058;HBA-ED084-00059;HBA-ED084-00060;HBA-ED084-00061;HBA-ED084-00062,19,,EXECUTION_DELIVERABLE/DEL-14-05,ACCEPTED_GATE4,
SUB-16-01-01_DEL-15-01,DEL-15-01 Canonical handoff package schema and manifest — Datasheet,KTY-16-01_Datasheet-Reference,CAT-016,DEL-15-01 Canonical handoff package schema and manifest — Datasheet,HBA-ED085-00001;HBA-ED085-00002;HBA-ED085-00003;HBA-ED085-00004;HBA-ED085-00005;HBA-ED085-00006;HBA-ED085-00007;HBA-ED085-00008;HBA-ED085-00009;HBA-ED085-00010;HBA-ED085-00011;HBA-ED085-00012;HBA-ED085-00013;HBA-ED085-00015;HBA-ED085-00016;HBA-ED085-00017;HBA-ED085-00018;HBA-ED085-00019;HBA-ED085-00020;HBA-ED085-00021;HBA-ED085-00022;HBA-ED085-00023;HBA-ED085-00024;HBA-ED085-00025;HBA-ED085-00026;HBA-ED085-00027;HBA-ED085-00028;HBA-ED085-00029;HBA-ED085-00030;HBA-ED085-00031,30,,EXECUTION_DELIVERABLE/DEL-15-01,ACCEPTED_GATE4,
SUB-16-01-02_DEL-15-02,DEL-15-02 Target mapping and unsupported behavior contract — Datasheet,KTY-16-01_Datasheet-Reference,CAT-016,DEL-15-02 Target mapping and unsupported behavior contract — Datasheet,HBA-ED086-00001;HBA-ED086-00002;HBA-ED086-00003;HBA-ED086-00004;HBA-ED086-00005;HBA-ED086-00006;HBA-ED086-00007;HBA-ED086-00008;HBA-ED086-00009;HBA-ED086-00010;HBA-ED086-00011;HBA-ED086-00014;HBA-ED086-00015;HBA-ED086-00016;HBA-ED086-00017;HBA-ED086-00018;HBA-ED086-00019;HBA-ED086-00020;HBA-ED086-00021;HBA-ED086-00022;HBA-ED086-00023;HBA-ED086-00024,22,,EXECUTION_DELIVERABLE/DEL-15-02,ACCEPTED_GATE4,
SUB-16-01-03_DEL-15-03,DEL-15-03 Downstream modeling export workflow — Datasheet,KTY-16-01_Datasheet-Reference,CAT-016,DEL-15-03 Downstream modeling export workflow — Datasheet,HBA-ED087-00001;HBA-ED087-00002;HBA-ED087-00003;HBA-ED087-00004;HBA-ED087-00005;HBA-ED087-00007;HBA-ED087-00008;HBA-ED087-00009;HBA-ED087-00010;HBA-ED087-00011;HBA-ED087-00012;HBA-ED087-00013;HBA-ED087-00014;HBA-ED087-00015;HBA-ED087-00016;HBA-ED087-00018;HBA-ED087-00019;HBA-ED087-00020;HBA-ED087-00021;HBA-ED087-00022;HBA-ED087-00023;HBA-ED087-00024;HBA-ED087-00025;HBA-ED087-00026;HBA-ED087-00027,25,,EXECUTION_DELIVERABLE/DEL-15-03,ACCEPTED_GATE4,
SUB-16-01-04_DEL-15-04,DEL-15-04 External prover boundary metadata — Datasheet,KTY-16-01_Datasheet-Reference,CAT-016,DEL-15-04 External prover boundary metadata — Datasheet,HBA-ED088-00001;HBA-ED088-00002;HBA-ED088-00003;HBA-ED088-00004;HBA-ED088-00005;HBA-ED088-00006;HBA-ED088-00007;HBA-ED088-00008;HBA-ED088-00009;HBA-ED088-00010;HBA-ED088-00011;HBA-ED088-00012;HBA-ED088-00013;HBA-ED088-00014;HBA-ED088-00015;HBA-ED088-00016;HBA-ED088-00017;HBA-ED088-00018;HBA-ED088-00019;HBA-ED088-00020;HBA-ED088-00021;HBA-ED088-00022;HBA-ED088-00023;HBA-ED088-00024;HBA-ED088-00025,25,,EXECUTION_DELIVERABLE/DEL-15-04,ACCEPTED_GATE4,
SUB-16-02-01_DEL-15-01,DEL-15-01 Canonical handoff package schema and manifest — Specification,KTY-16-02_Specification,CAT-016,DEL-15-01 Canonical handoff package schema and manifest — Specification,HBA-ED085-00076;HBA-ED085-00077;HBA-ED085-00078;HBA-ED085-00079;HBA-ED085-00080;HBA-ED085-00081;HBA-ED085-00082;HBA-ED085-00083;HBA-ED085-00084;HBA-ED085-00085;HBA-ED085-00086;HBA-ED085-00087;HBA-ED085-00088;HBA-ED085-00089;HBA-ED085-00090;HBA-ED085-00091;HBA-ED085-00092;HBA-ED085-00093;HBA-ED085-00094;HBA-ED085-00095;HBA-ED085-00096;HBA-ED085-00097;HBA-ED085-00098;HBA-ED085-00099;HBA-ED085-00100;HBA-ED085-00101;HBA-ED085-00102;HBA-ED085-00103;HBA-ED085-00104;HBA-ED085-00105;HBA-ED085-00106;HBA-ED085-00107,32,,EXECUTION_DELIVERABLE/DEL-15-01,ACCEPTED_GATE4,
SUB-16-02-02_DEL-15-02,DEL-15-02 Target mapping and unsupported behavior contract — Specification,KTY-16-02_Specification,CAT-016,DEL-15-02 Target mapping and unsupported behavior contract — Specification,HBA-ED086-00085;HBA-ED086-00086;HBA-ED086-00087;HBA-ED086-00088;HBA-ED086-00089;HBA-ED086-00090;HBA-ED086-00091;HBA-ED086-00092;HBA-ED086-00093;HBA-ED086-00094;HBA-ED086-00095;HBA-ED086-00096;HBA-ED086-00097;HBA-ED086-00098;HBA-ED086-00099;HBA-ED086-00100;HBA-ED086-00101;HBA-ED086-00102;HBA-ED086-00104;HBA-ED086-00105;HBA-ED086-00106;HBA-ED086-00107;HBA-ED086-00108;HBA-ED086-00109;HBA-ED086-00110,25,,EXECUTION_DELIVERABLE/DEL-15-02,ACCEPTED_GATE4,
SUB-16-02-03_DEL-15-03,DEL-15-03 Downstream modeling export workflow — Specification,KTY-16-02_Specification,CAT-016,DEL-15-03 Downstream modeling export workflow — Specification,HBA-ED087-00082;HBA-ED087-00083;HBA-ED087-00084;HBA-ED087-00085;HBA-ED087-00086;HBA-ED087-00087;HBA-ED087-00088;HBA-ED087-00089;HBA-ED087-00090;HBA-ED087-00091;HBA-ED087-00092;HBA-ED087-00093;HBA-ED087-00094;HBA-ED087-00095;HBA-ED087-00096;HBA-ED087-00097;HBA-ED087-00098;HBA-ED087-00099;HBA-ED087-00100;HBA-ED087-00101;HBA-ED087-00102;HBA-ED087-00103;HBA-ED087-00104;HBA-ED087-00105;HBA-ED087-00106;HBA-ED087-00107;HBA-ED087-00108;HBA-ED087-00109;HBA-ED087-00110;HBA-ED087-00111;HBA-ED087-00112;HBA-ED087-00113,32,,EXECUTION_DELIVERABLE/DEL-15-03,ACCEPTED_GATE4,
SUB-16-02-04_DEL-15-04,DEL-15-04 External prover boundary metadata — Specification,KTY-16-02_Specification,CAT-016,DEL-15-04 External prover boundary metadata — Specification,HBA-ED088-00072;HBA-ED088-00073;HBA-ED088-00074;HBA-ED088-00075;HBA-ED088-00076;HBA-ED088-00077;HBA-ED088-00078;HBA-ED088-00079;HBA-ED088-00080;HBA-ED088-00081;HBA-ED088-00082;HBA-ED088-00083;HBA-ED088-00084;HBA-ED088-00085;HBA-ED088-00086;HBA-ED088-00087;HBA-ED088-00088;HBA-ED088-00089;HBA-ED088-00090;HBA-ED088-00091;HBA-ED088-00092;HBA-ED088-00093;HBA-ED088-00094;HBA-ED088-00095,24,,EXECUTION_DELIVERABLE/DEL-15-04,ACCEPTED_GATE4,
SUB-16-03-01_DEL-15-01,DEL-15-01 Canonical handoff package schema and manifest — Guidance,KTY-16-03_Guidance,CAT-016,DEL-15-01 Canonical handoff package schema and manifest — Guidance,HBA-ED085-00032;HBA-ED085-00033;HBA-ED085-00034;HBA-ED085-00035;HBA-ED085-00036;HBA-ED085-00037;HBA-ED085-00038;HBA-ED085-00039;HBA-ED085-00040;HBA-ED085-00041;HBA-ED085-00042;HBA-ED085-00043;HBA-ED085-00044;HBA-ED085-00045;HBA-ED085-00046;HBA-ED085-00047;HBA-ED085-00048;HBA-ED085-00049;HBA-ED085-00050;HBA-ED085-00051,20,,EXECUTION_DELIVERABLE/DEL-15-01,ACCEPTED_GATE4,
SUB-16-03-02_DEL-15-02,DEL-15-02 Target mapping and unsupported behavior contract — Guidance,KTY-16-03_Guidance,CAT-016,DEL-15-02 Target mapping and unsupported behavior contract — Guidance,HBA-ED086-00025;HBA-ED086-00026;HBA-ED086-00027;HBA-ED086-00028;HBA-ED086-00029;HBA-ED086-00030;HBA-ED086-00031;HBA-ED086-00032;HBA-ED086-00033;HBA-ED086-00034;HBA-ED086-00035;HBA-ED086-00036;HBA-ED086-00037;HBA-ED086-00038;HBA-ED086-00039;HBA-ED086-00040;HBA-ED086-00041;HBA-ED086-00042;HBA-ED086-00043,19,,EXECUTION_DELIVERABLE/DEL-15-02,ACCEPTED_GATE4,
SUB-16-03-03_DEL-15-03,DEL-15-03 Downstream modeling export workflow — Guidance,KTY-16-03_Guidance,CAT-016,DEL-15-03 Downstream modeling export workflow — Guidance,HBA-ED087-00030;HBA-ED087-00031;HBA-ED087-00032;HBA-ED087-00033;HBA-ED087-00034;HBA-ED087-00035;HBA-ED087-00036;HBA-ED087-00037;HBA-ED087-00038;HBA-ED087-00039;HBA-ED087-00040;HBA-ED087-00041;HBA-ED087-00042;HBA-ED087-00043;HBA-ED087-00044;HBA-ED087-00045;HBA-ED087-00046;HBA-ED087-00047;HBA-ED087-00048;HBA-ED087-00053,20,,EXECUTION_DELIVERABLE/DEL-15-03,ACCEPTED_GATE4,
SUB-16-03-04_DEL-15-04,DEL-15-04 External prover boundary metadata — Guidance,KTY-16-03_Guidance,CAT-016,DEL-15-04 External prover boundary metadata — Guidance,HBA-ED088-00026;HBA-ED088-00027;HBA-ED088-00028;HBA-ED088-00029;HBA-ED088-00030;HBA-ED088-00031;HBA-ED088-00032;HBA-ED088-00033;HBA-ED088-00034;HBA-ED088-00035;HBA-ED088-00036;HBA-ED088-00037;HBA-ED088-00038;HBA-ED088-00039;HBA-ED088-00040;HBA-ED088-00041;HBA-ED088-00042;HBA-ED088-00043;HBA-ED088-00044;HBA-ED088-00045;HBA-ED088-00046;HBA-ED088-00047;HBA-ED088-00048;HBA-ED088-00049,24,,EXECUTION_DELIVERABLE/DEL-15-04,ACCEPTED_GATE4,
SUB-16-04-01_DEL-15-01,DEL-15-01 Canonical handoff package schema and manifest — Procedure,KTY-16-04_Procedure,CAT-016,DEL-15-01 Canonical handoff package schema and manifest — Procedure,HBA-ED085-00053;HBA-ED085-00054;HBA-ED085-00055;HBA-ED085-00056;HBA-ED085-00057;HBA-ED085-00058;HBA-ED085-00059;HBA-ED085-00060;HBA-ED085-00061;HBA-ED085-00062;HBA-ED085-00063;HBA-ED085-00064;HBA-ED085-00065;HBA-ED085-00066;HBA-ED085-00067;HBA-ED085-00068;HBA-ED085-00069;HBA-ED085-00070;HBA-ED085-00071;HBA-ED085-00072;HBA-ED085-00073;HBA-ED085-00074;HBA-ED085-00075,23,,EXECUTION_DELIVERABLE/DEL-15-01,ACCEPTED_GATE4,
SUB-16-04-02_DEL-15-02,DEL-15-02 Target mapping and unsupported behavior contract — Procedure,KTY-16-04_Procedure,CAT-016,DEL-15-02 Target mapping and unsupported behavior contract — Procedure,HBA-ED086-00045;HBA-ED086-00046;HBA-ED086-00047;HBA-ED086-00048;HBA-ED086-00049;HBA-ED086-00050;HBA-ED086-00051;HBA-ED086-00052;HBA-ED086-00053;HBA-ED086-00054;HBA-ED086-00055;HBA-ED086-00056;HBA-ED086-00057;HBA-ED086-00058;HBA-ED086-00059;HBA-ED086-00060;HBA-ED086-00061;HBA-ED086-00062;HBA-ED086-00063;HBA-ED086-00064;HBA-ED086-00065;HBA-ED086-00066;HBA-ED086-00067;HBA-ED086-00068;HBA-ED086-00069;HBA-ED086-00070;HBA-ED086-00071;HBA-ED086-00072;HBA-ED086-00074;HBA-ED086-00075;HBA-ED086-00076;HBA-ED086-00077;HBA-ED086-00078;HBA-ED086-00079;HBA-ED086-00080;HBA-ED086-00081;HBA-ED086-00082;HBA-ED086-00083;HBA-ED086-00084,39,,EXECUTION_DELIVERABLE/DEL-15-02,ACCEPTED_GATE4,
SUB-16-04-03_DEL-15-03,DEL-15-03 Downstream modeling export workflow — Procedure,KTY-16-04_Procedure,CAT-016,DEL-15-03 Downstream modeling export workflow — Procedure,HBA-ED087-00054;HBA-ED087-00055;HBA-ED087-00056;HBA-ED087-00057;HBA-ED087-00058;HBA-ED087-00059;HBA-ED087-00060;HBA-ED087-00061;HBA-ED087-00062;HBA-ED087-00063;HBA-ED087-00064;HBA-ED087-00065;HBA-ED087-00066;HBA-ED087-00067;HBA-ED087-00068;HBA-ED087-00069;HBA-ED087-00070;HBA-ED087-00071;HBA-ED087-00072;HBA-ED087-00073;HBA-ED087-00074;HBA-ED087-00075;HBA-ED087-00076;HBA-ED087-00077;HBA-ED087-00078;HBA-ED087-00079;HBA-ED087-00080;HBA-ED087-00081,28,,EXECUTION_DELIVERABLE/DEL-15-03,ACCEPTED_GATE4,
SUB-16-04-04_DEL-15-04,DEL-15-04 External prover boundary metadata — Procedure,KTY-16-04_Procedure,CAT-016,DEL-15-04 External prover boundary metadata — Procedure,HBA-ED088-00050;HBA-ED088-00051;HBA-ED088-00052;HBA-ED088-00053;HBA-ED088-00054;HBA-ED088-00055;HBA-ED088-00056;HBA-ED088-00057;HBA-ED088-00058;HBA-ED088-00059;HBA-ED088-00060;HBA-ED088-00061;HBA-ED088-00062;HBA-ED088-00063;HBA-ED088-00064;HBA-ED088-00065;HBA-ED088-00066;HBA-ED088-00067;HBA-ED088-00068;HBA-ED088-00069;HBA-ED088-00070;HBA-ED088-00071,22,,EXECUTION_DELIVERABLE/DEL-15-04,ACCEPTED_GATE4,
SUB-17-01-01_DEL-16-01,DEL-16-01 Structured model operation schema — Datasheet,KTY-17-01_Datasheet-Reference,CAT-017,DEL-16-01 Structured model operation schema — Datasheet,HBA-ED089-00001;HBA-ED089-00002;HBA-ED089-00003;HBA-ED089-00004;HBA-ED089-00005;HBA-ED089-00006;HBA-ED089-00007;HBA-ED089-00008;HBA-ED089-00009;HBA-ED089-00010;HBA-ED089-00011;HBA-ED089-00012;HBA-ED089-00013;HBA-ED089-00014;HBA-ED089-00015;HBA-ED089-00016;HBA-ED089-00017;HBA-ED089-00018;HBA-ED089-00019;HBA-ED089-00020;HBA-ED089-00023;HBA-ED089-00024;HBA-ED089-00025;HBA-ED089-00026;HBA-ED089-00027;HBA-ED089-00028;HBA-ED089-00029;HBA-ED089-00030;HBA-ED089-00031,29,,EXECUTION_DELIVERABLE/DEL-16-01,ACCEPTED_GATE4,
SUB-17-01-02_DEL-16-02,DEL-16-02 Operation validation and diff preview — Datasheet,KTY-17-01_Datasheet-Reference,CAT-017,DEL-16-02 Operation validation and diff preview — Datasheet,HBA-ED090-00001;HBA-ED090-00002;HBA-ED090-00003;HBA-ED090-00004;HBA-ED090-00005;HBA-ED090-00006;HBA-ED090-00007;HBA-ED090-00008;HBA-ED090-00009;HBA-ED090-00010;HBA-ED090-00011;HBA-ED090-00012;HBA-ED090-00013;HBA-ED090-00014;HBA-ED090-00015;HBA-ED090-00016;HBA-ED090-00017;HBA-ED090-00018;HBA-ED090-00019;HBA-ED090-00020;HBA-ED090-00021;HBA-ED090-00022;HBA-ED090-00023;HBA-ED090-00024;HBA-ED090-00025;HBA-ED090-00026;HBA-ED090-00027;HBA-ED090-00028;HBA-ED090-00029;HBA-ED090-00030;HBA-ED090-00031,31,,EXECUTION_DELIVERABLE/DEL-16-02,ACCEPTED_GATE4,
SUB-17-01-03_DEL-16-03,DEL-16-03 User acceptance and operation audit trail — Datasheet,KTY-17-01_Datasheet-Reference,CAT-017,DEL-16-03 User acceptance and operation audit trail — Datasheet,HBA-ED091-00001;HBA-ED091-00002;HBA-ED091-00003;HBA-ED091-00004;HBA-ED091-00005;HBA-ED091-00006;HBA-ED091-00007;HBA-ED091-00008;HBA-ED091-00009;HBA-ED091-00010;HBA-ED091-00011;HBA-ED091-00012;HBA-ED091-00013;HBA-ED091-00014;HBA-ED091-00015;HBA-ED091-00016;HBA-ED091-00017;HBA-ED091-00018;HBA-ED091-00019;HBA-ED091-00020;HBA-ED091-00021;HBA-ED091-00022;HBA-ED091-00023;HBA-ED091-00024;HBA-ED091-00025;HBA-ED091-00033;HBA-ED091-00034;HBA-ED091-00035;HBA-ED091-00036;HBA-ED091-00037,30,,EXECUTION_DELIVERABLE/DEL-16-03,ACCEPTED_GATE4,
SUB-17-01-04_DEL-16-04,DEL-16-04 Agent rationale and professional boundary controls — Datasheet,KTY-17-01_Datasheet-Reference,CAT-017,DEL-16-04 Agent rationale and professional boundary controls — Datasheet,HBA-ED092-00002;HBA-ED092-00003;HBA-ED092-00004;HBA-ED092-00005;HBA-ED092-00006;HBA-ED092-00007;HBA-ED092-00008;HBA-ED092-00009;HBA-ED092-00010;HBA-ED092-00011;HBA-ED092-00012;HBA-ED092-00013;HBA-ED092-00014;HBA-ED092-00015;HBA-ED092-00016;HBA-ED092-00017;HBA-ED092-00018;HBA-ED092-00019;HBA-ED092-00020;HBA-ED092-00022;HBA-ED092-00023;HBA-ED092-00024;HBA-ED092-00025,23,,EXECUTION_DELIVERABLE/DEL-16-04,ACCEPTED_GATE4,
SUB-17-02-01_DEL-16-01,DEL-16-01 Structured model operation schema — Specification,KTY-17-02_Specification,CAT-017,DEL-16-01 Structured model operation schema — Specification,HBA-ED089-00086;HBA-ED089-00087;HBA-ED089-00088;HBA-ED089-00089;HBA-ED089-00090;HBA-ED089-00091;HBA-ED089-00092;HBA-ED089-00093;HBA-ED089-00094;HBA-ED089-00095;HBA-ED089-00096;HBA-ED089-00097;HBA-ED089-00098;HBA-ED089-00099;HBA-ED089-00100;HBA-ED089-00101;HBA-ED089-00102;HBA-ED089-00103;HBA-ED089-00104;HBA-ED089-00105;HBA-ED089-00106;HBA-ED089-00107;HBA-ED089-00108;HBA-ED089-00109;HBA-ED089-00110;HBA-ED089-00111;HBA-ED089-00112;HBA-ED089-00113;HBA-ED089-00114;HBA-ED089-00115;HBA-ED089-00116;HBA-ED089-00117,32,,EXECUTION_DELIVERABLE/DEL-16-01,ACCEPTED_GATE4,
SUB-17-02-02_DEL-16-02,DEL-16-02 Operation validation and diff preview — Specification,KTY-17-02_Specification,CAT-017,DEL-16-02 Operation validation and diff preview — Specification,HBA-ED090-00070;HBA-ED090-00071;HBA-ED090-00072;HBA-ED090-00073;HBA-ED090-00074;HBA-ED090-00075;HBA-ED090-00076;HBA-ED090-00077;HBA-ED090-00078;HBA-ED090-00079;HBA-ED090-00080;HBA-ED090-00081;HBA-ED090-00082;HBA-ED090-00083;HBA-ED090-00085;HBA-ED090-00086;HBA-ED090-00087;HBA-ED090-00088;HBA-ED090-00089;HBA-ED090-00090;HBA-ED090-00091;HBA-ED090-00092;HBA-ED090-00093;HBA-ED090-00094;HBA-ED090-00095;HBA-ED090-00096,26,,EXECUTION_DELIVERABLE/DEL-16-02,ACCEPTED_GATE4,
SUB-17-02-03_DEL-16-03,DEL-16-03 User acceptance and operation audit trail — Specification,KTY-17-02_Specification,CAT-017,DEL-16-03 User acceptance and operation audit trail — Specification,HBA-ED091-00086;HBA-ED091-00087;HBA-ED091-00089;HBA-ED091-00090;HBA-ED091-00091;HBA-ED091-00092;HBA-ED091-00093;HBA-ED091-00094;HBA-ED091-00095;HBA-ED091-00096;HBA-ED091-00097;HBA-ED091-00098;HBA-ED091-00099;HBA-ED091-00100;HBA-ED091-00101;HBA-ED091-00102;HBA-ED091-00103;HBA-ED091-00104;HBA-ED091-00105;HBA-ED091-00106;HBA-ED091-00107;HBA-ED091-00108,22,,EXECUTION_DELIVERABLE/DEL-16-03,ACCEPTED_GATE4,
SUB-17-02-04_DEL-16-04,DEL-16-04 Agent rationale and professional boundary controls — Specification,KTY-17-02_Specification,CAT-017,DEL-16-04 Agent rationale and professional boundary controls — Specification,HBA-ED092-00090;HBA-ED092-00091;HBA-ED092-00092;HBA-ED092-00093;HBA-ED092-00094;HBA-ED092-00095;HBA-ED092-00096;HBA-ED092-00097;HBA-ED092-00098;HBA-ED092-00099;HBA-ED092-00100;HBA-ED092-00101;HBA-ED092-00102;HBA-ED092-00103;HBA-ED092-00104;HBA-ED092-00105;HBA-ED092-00106;HBA-ED092-00107;HBA-ED092-00108;HBA-ED092-00109;HBA-ED092-00110;HBA-ED092-00111;HBA-ED092-00112;HBA-ED092-00113;HBA-ED092-00114;HBA-ED092-00115;HBA-ED092-00116;HBA-ED092-00117;HBA-ED092-00118;HBA-ED092-00119;HBA-ED092-00120;HBA-ED092-00121,32,,EXECUTION_DELIVERABLE/DEL-16-04,ACCEPTED_GATE4,
SUB-17-03-01_DEL-16-01,DEL-16-01 Structured model operation schema — Guidance,KTY-17-03_Guidance,CAT-017,DEL-16-01 Structured model operation schema — Guidance,HBA-ED089-00032;HBA-ED089-00033;HBA-ED089-00034;HBA-ED089-00035;HBA-ED089-00036;HBA-ED089-00037;HBA-ED089-00038;HBA-ED089-00039;HBA-ED089-00040;HBA-ED089-00041;HBA-ED089-00042;HBA-ED089-00043;HBA-ED089-00045;HBA-ED089-00046;HBA-ED089-00047;HBA-ED089-00048;HBA-ED089-00049;HBA-ED089-00050;HBA-ED089-00051;HBA-ED089-00052;HBA-ED089-00053;HBA-ED089-00054;HBA-ED089-00055;HBA-ED089-00056;HBA-ED089-00057;HBA-ED089-00058;HBA-ED089-00059,27,,EXECUTION_DELIVERABLE/DEL-16-01,ACCEPTED_GATE4,
SUB-17-03-02_DEL-16-02,DEL-16-02 Operation validation and diff preview — Guidance,KTY-17-03_Guidance,CAT-017,DEL-16-02 Operation validation and diff preview — Guidance,HBA-ED090-00032;HBA-ED090-00033;HBA-ED090-00034;HBA-ED090-00035;HBA-ED090-00036;HBA-ED090-00037;HBA-ED090-00038;HBA-ED090-00039;HBA-ED090-00040;HBA-ED090-00041;HBA-ED090-00042;HBA-ED090-00043;HBA-ED090-00044;HBA-ED090-00045;HBA-ED090-00046;HBA-ED090-00047;HBA-ED090-00048,17,,EXECUTION_DELIVERABLE/DEL-16-02,ACCEPTED_GATE4,
SUB-17-03-03_DEL-16-03,DEL-16-03 User acceptance and operation audit trail — Guidance,KTY-17-03_Guidance,CAT-017,DEL-16-03 User acceptance and operation audit trail — Guidance,HBA-ED091-00038;HBA-ED091-00039;HBA-ED091-00040;HBA-ED091-00041;HBA-ED091-00042;HBA-ED091-00043;HBA-ED091-00044;HBA-ED091-00045;HBA-ED091-00046;HBA-ED091-00047;HBA-ED091-00048;HBA-ED091-00049;HBA-ED091-00050;HBA-ED091-00051;HBA-ED091-00052;HBA-ED091-00053;HBA-ED091-00054;HBA-ED091-00055;HBA-ED091-00056;HBA-ED091-00057;HBA-ED091-00058,21,,EXECUTION_DELIVERABLE/DEL-16-03,ACCEPTED_GATE4,
SUB-17-03-04_DEL-16-04,DEL-16-04 Agent rationale and professional boundary controls — Guidance,KTY-17-03_Guidance,CAT-017,DEL-16-04 Agent rationale and professional boundary controls — Guidance,HBA-ED092-00028;HBA-ED092-00029;HBA-ED092-00030;HBA-ED092-00031;HBA-ED092-00032;HBA-ED092-00033;HBA-ED092-00034;HBA-ED092-00035;HBA-ED092-00036;HBA-ED092-00037;HBA-ED092-00038;HBA-ED092-00039;HBA-ED092-00040;HBA-ED092-00041;HBA-ED092-00042;HBA-ED092-00043;HBA-ED092-00044;HBA-ED092-00045;HBA-ED092-00046;HBA-ED092-00047;HBA-ED092-00048;HBA-ED092-00049;HBA-ED092-00050;HBA-ED092-00051;HBA-ED092-00052,25,,EXECUTION_DELIVERABLE/DEL-16-04,ACCEPTED_GATE4,
SUB-17-04-01_DEL-16-01,DEL-16-01 Structured model operation schema — Procedure,KTY-17-04_Procedure,CAT-017,DEL-16-01 Structured model operation schema — Procedure,HBA-ED089-00063;HBA-ED089-00064;HBA-ED089-00065;HBA-ED089-00066;HBA-ED089-00067;HBA-ED089-00068;HBA-ED089-00069;HBA-ED089-00070;HBA-ED089-00071;HBA-ED089-00072;HBA-ED089-00073;HBA-ED089-00074;HBA-ED089-00075;HBA-ED089-00076;HBA-ED089-00077;HBA-ED089-00078;HBA-ED089-00079;HBA-ED089-00080;HBA-ED089-00081;HBA-ED089-00082;HBA-ED089-00083;HBA-ED089-00084;HBA-ED089-00085,23,,EXECUTION_DELIVERABLE/DEL-16-01,ACCEPTED_GATE4,
SUB-17-04-02_DEL-16-02,DEL-16-02 Operation validation and diff preview — Procedure,KTY-17-04_Procedure,CAT-017,DEL-16-02 Operation validation and diff preview — Procedure,HBA-ED090-00049;HBA-ED090-00050;HBA-ED090-00051;HBA-ED090-00052;HBA-ED090-00053;HBA-ED090-00054;HBA-ED090-00055;HBA-ED090-00056;HBA-ED090-00057;HBA-ED090-00058;HBA-ED090-00059;HBA-ED090-00060;HBA-ED090-00061;HBA-ED090-00062;HBA-ED090-00063;HBA-ED090-00064;HBA-ED090-00065;HBA-ED090-00066;HBA-ED090-00067;HBA-ED090-00068;HBA-ED090-00069,21,,EXECUTION_DELIVERABLE/DEL-16-02,ACCEPTED_GATE4,
SUB-17-04-03_DEL-16-03,DEL-16-03 User acceptance and operation audit trail — Procedure,KTY-17-04_Procedure,CAT-017,DEL-16-03 User acceptance and operation audit trail — Procedure,HBA-ED091-00060;HBA-ED091-00061;HBA-ED091-00062;HBA-ED091-00063;HBA-ED091-00064;HBA-ED091-00065;HBA-ED091-00066;HBA-ED091-00067;HBA-ED091-00068;HBA-ED091-00069;HBA-ED091-00070;HBA-ED091-00071;HBA-ED091-00072;HBA-ED091-00073;HBA-ED091-00074;HBA-ED091-00075;HBA-ED091-00076;HBA-ED091-00077;HBA-ED091-00078;HBA-ED091-00079;HBA-ED091-00080;HBA-ED091-00081;HBA-ED091-00082;HBA-ED091-00083;HBA-ED091-00084;HBA-ED091-00085,26,,EXECUTION_DELIVERABLE/DEL-16-03,ACCEPTED_GATE4,
SUB-17-04-04_DEL-16-04,DEL-16-04 Agent rationale and professional boundary controls — Procedure,KTY-17-04_Procedure,CAT-017,DEL-16-04 Agent rationale and professional boundary controls — Procedure,HBA-ED092-00054;HBA-ED092-00055;HBA-ED092-00056;HBA-ED092-00057;HBA-ED092-00058;HBA-ED092-00059;HBA-ED092-00060;HBA-ED092-00061;HBA-ED092-00063;HBA-ED092-00064;HBA-ED092-00065;HBA-ED092-00066;HBA-ED092-00067;HBA-ED092-00068;HBA-ED092-00069;HBA-ED092-00070;HBA-ED092-00071;HBA-ED092-00072;HBA-ED092-00073;HBA-ED092-00074;HBA-ED092-00075;HBA-ED092-00076;HBA-ED092-00077;HBA-ED092-00078;HBA-ED092-00079;HBA-ED092-00080;HBA-ED092-00081;HBA-ED092-00082;HBA-ED092-00083;HBA-ED092-00084;HBA-ED092-00085;HBA-ED092-00086;HBA-ED092-00087;HBA-ED092-00088,34,,EXECUTION_DELIVERABLE/DEL-16-04,ACCEPTED_GATE4,
SUB-18-01-01_DEL-17-01,DEL-17-01 CAEPIPE and export format source basis — Datasheet,KTY-18-01_Datasheet-Reference,CAT-018,DEL-17-01 CAEPIPE and export format source basis — Datasheet,HBA-ED093-00001;HBA-ED093-00002;HBA-ED093-00003;HBA-ED093-00004;HBA-ED093-00005;HBA-ED093-00006;HBA-ED093-00007;HBA-ED093-00008;HBA-ED093-00009;HBA-ED093-00010;HBA-ED093-00011;HBA-ED093-00012;HBA-ED093-00013;HBA-ED093-00014;HBA-ED093-00015;HBA-ED093-00016;HBA-ED093-00017;HBA-ED093-00018;HBA-ED093-00019;HBA-ED093-00020;HBA-ED093-00021;HBA-ED093-00022;HBA-ED093-00023;HBA-ED093-00024;HBA-ED093-00025;HBA-ED093-00026;HBA-ED093-00027;HBA-ED093-00028;HBA-ED093-00029;HBA-ED093-00030;HBA-ED093-00031;HBA-ED093-00032;HBA-ED093-00110;HBA-ED093-00111,34,,EXECUTION_DELIVERABLE/DEL-17-01,ACCEPTED_GATE4,
SUB-18-01-02_DEL-17-02,"DEL-17-02 Export package, profile, and stable ID map contracts — Datasheet",KTY-18-01_Datasheet-Reference,CAT-018,"DEL-17-02 Export package, profile, and stable ID map contracts — Datasheet",HBA-ED094-00001;HBA-ED094-00002;HBA-ED094-00003;HBA-ED094-00004;HBA-ED094-00005;HBA-ED094-00006;HBA-ED094-00007;HBA-ED094-00008;HBA-ED094-00009;HBA-ED094-00010;HBA-ED094-00011;HBA-ED094-00012;HBA-ED094-00013;HBA-ED094-00014;HBA-ED094-00015;HBA-ED094-00016;HBA-ED094-00017;HBA-ED094-00018;HBA-ED094-00019;HBA-ED094-00020;HBA-ED094-00021;HBA-ED094-00022;HBA-ED094-00023;HBA-ED094-00024;HBA-ED094-00025;HBA-ED094-00026;HBA-ED094-00027;HBA-ED094-00028;HBA-ED094-00029;HBA-ED094-00030;HBA-ED094-00031;HBA-ED094-00032;HBA-ED094-00033;HBA-ED094-00034;HBA-ED094-00035;HBA-ED094-00036;HBA-ED094-00037;HBA-ED094-00038;HBA-ED094-00039;HBA-ED094-00040;HBA-ED094-00041;HBA-ED094-00042;HBA-ED094-00043;HBA-ED094-00044;HBA-ED094-00045;HBA-ED094-00046;HBA-ED094-00047;HBA-ED094-00048;HBA-ED094-00049;HBA-ED094-00050;HBA-ED094-00051;HBA-ED094-00052;HBA-ED094-00053;HBA-ED094-00054;HBA-ED094-00055;HBA-ED094-00056;HBA-ED094-00057;HBA-ED094-00058;HBA-ED094-00059;HBA-ED094-00060;HBA-ED094-00061;HBA-ED094-00062;HBA-ED094-00063;HBA-ED094-00064;HBA-ED094-00065;HBA-ED094-00066;HBA-ED094-00067;HBA-ED094-00068,68,,EXECUTION_DELIVERABLE/DEL-17-02,ACCEPTED_GATE4,
SUB-18-01-03_DEL-17-03,DEL-17-03 Native open JSON export package — Datasheet,KTY-18-01_Datasheet-Reference,CAT-018,DEL-17-03 Native open JSON export package — Datasheet,HBA-ED095-00001;HBA-ED095-00002;HBA-ED095-00003;HBA-ED095-00004;HBA-ED095-00005;HBA-ED095-00006;HBA-ED095-00007;HBA-ED095-00008;HBA-ED095-00009;HBA-ED095-00010;HBA-ED095-00011;HBA-ED095-00012;HBA-ED095-00013;HBA-ED095-00014;HBA-ED095-00015;HBA-ED095-00016;HBA-ED095-00017;HBA-ED095-00018;HBA-ED095-00019;HBA-ED095-00020;HBA-ED095-00021;HBA-ED095-00022;HBA-ED095-00023;HBA-ED095-00024;HBA-ED095-00025;HBA-ED095-00026;HBA-ED095-00027;HBA-ED095-00028;HBA-ED095-00029;HBA-ED095-00030,30,,EXECUTION_DELIVERABLE/DEL-17-03,ACCEPTED_GATE4,
SUB-18-01-04_DEL-17-04,DEL-17-04 CAEPIPE MBF export profile and deterministic writer — Datasheet,KTY-18-01_Datasheet-Reference,CAT-018,DEL-17-04 CAEPIPE MBF export profile and deterministic writer — Datasheet,HBA-ED096-00001;HBA-ED096-00002;HBA-ED096-00003;HBA-ED096-00004;HBA-ED096-00005;HBA-ED096-00006;HBA-ED096-00007;HBA-ED096-00008;HBA-ED096-00009;HBA-ED096-00010;HBA-ED096-00011;HBA-ED096-00012;HBA-ED096-00013;HBA-ED096-00014;HBA-ED096-00015;HBA-ED096-00016;HBA-ED096-00017;HBA-ED096-00018;HBA-ED096-00019;HBA-ED096-00020;HBA-ED096-00021;HBA-ED096-00022;HBA-ED096-00023;HBA-ED096-00024;HBA-ED096-00025;HBA-ED096-00026;HBA-ED096-00027;HBA-ED096-00028,28,,EXECUTION_DELIVERABLE/DEL-17-04,ACCEPTED_GATE4,
SUB-18-01-05_DEL-17-05,DEL-17-05 CAEPIPE external run harness and CSV parser — Datasheet,KTY-18-01_Datasheet-Reference,CAT-018,DEL-17-05 CAEPIPE external run harness and CSV parser — Datasheet,HBA-ED097-00001;HBA-ED097-00002;HBA-ED097-00003;HBA-ED097-00004;HBA-ED097-00005;HBA-ED097-00006;HBA-ED097-00007;HBA-ED097-00010;HBA-ED097-00012;HBA-ED097-00013;HBA-ED097-00015;HBA-ED097-00016;HBA-ED097-00020;HBA-ED097-00021;HBA-ED097-00022;HBA-ED097-00023;HBA-ED097-00024;HBA-ED097-00025;HBA-ED097-00026;HBA-ED097-00027;HBA-ED097-00028;HBA-ED097-00029,22,,EXECUTION_DELIVERABLE/DEL-17-05,ACCEPTED_GATE4,
SUB-18-01-06_DEL-17-06,DEL-17-06 Stress neutral CSV JSON package — Datasheet,KTY-18-01_Datasheet-Reference,CAT-018,DEL-17-06 Stress neutral CSV JSON package — Datasheet,HBA-ED098-00001;HBA-ED098-00002;HBA-ED098-00003;HBA-ED098-00004;HBA-ED098-00005;HBA-ED098-00006;HBA-ED098-00007;HBA-ED098-00008;HBA-ED098-00009;HBA-ED098-00010;HBA-ED098-00011;HBA-ED098-00012;HBA-ED098-00013;HBA-ED098-00014;HBA-ED098-00015;HBA-ED098-00016;HBA-ED098-00017;HBA-ED098-00018;HBA-ED098-00019;HBA-ED098-00020;HBA-ED098-00021;HBA-ED098-00022;HBA-ED098-00023;HBA-ED098-00024;HBA-ED098-00025;HBA-ED098-00026;HBA-ED098-00027;HBA-ED098-00028;HBA-ED098-00029;HBA-ED098-00030;HBA-ED098-00031;HBA-ED098-00032;HBA-ED098-00033;HBA-ED098-00034;HBA-ED098-00035;HBA-ED098-00036;HBA-ED098-00037;HBA-ED098-00038,38,,EXECUTION_DELIVERABLE/DEL-17-06,ACCEPTED_GATE4,
SUB-18-01-07_DEL-17-07,DEL-17-07 Conservative PCF subset exporter — Datasheet,KTY-18-01_Datasheet-Reference,CAT-018,DEL-17-07 Conservative PCF subset exporter — Datasheet,HBA-ED099-00001;HBA-ED099-00002;HBA-ED099-00003;HBA-ED099-00004;HBA-ED099-00005;HBA-ED099-00006;HBA-ED099-00007;HBA-ED099-00008;HBA-ED099-00009;HBA-ED099-00010;HBA-ED099-00011;HBA-ED099-00012;HBA-ED099-00013;HBA-ED099-00014;HBA-ED099-00015;HBA-ED099-00016;HBA-ED099-00017;HBA-ED099-00018;HBA-ED099-00019;HBA-ED099-00020;HBA-ED099-00021;HBA-ED099-00022;HBA-ED099-00023;HBA-ED099-00024;HBA-ED099-00025;HBA-ED099-00026;HBA-ED099-00027;HBA-ED099-00028;HBA-ED099-00029;HBA-ED099-00030;HBA-ED099-00031;HBA-ED099-00032;HBA-ED099-00033;HBA-ED099-00034;HBA-ED099-00035;HBA-ED099-00036;HBA-ED099-00037;HBA-ED099-00038;HBA-ED099-00039;HBA-ED099-00040;HBA-ED099-00041,41,,EXECUTION_DELIVERABLE/DEL-17-07,ACCEPTED_GATE4,
SUB-18-01-08_DEL-17-08,DEL-17-08 GLB glTF review geometry export — Datasheet,KTY-18-01_Datasheet-Reference,CAT-018,DEL-17-08 GLB glTF review geometry export — Datasheet,HBA-ED100-00001;HBA-ED100-00002;HBA-ED100-00003;HBA-ED100-00004;HBA-ED100-00005;HBA-ED100-00006;HBA-ED100-00007;HBA-ED100-00008;HBA-ED100-00009;HBA-ED100-00010;HBA-ED100-00011;HBA-ED100-00012;HBA-ED100-00013;HBA-ED100-00014;HBA-ED100-00015;HBA-ED100-00016;HBA-ED100-00018;HBA-ED100-00020;HBA-ED100-00022;HBA-ED100-00023;HBA-ED100-00024;HBA-ED100-00025;HBA-ED100-00026;HBA-ED100-00027;HBA-ED100-00028;HBA-ED100-00029;HBA-ED100-00030;HBA-ED100-00031;HBA-ED100-00035;HBA-ED100-00036;HBA-ED100-00037;HBA-ED100-00038,32,,EXECUTION_DELIVERABLE/DEL-17-08,ACCEPTED_GATE4,
SUB-18-01-09_DEL-17-09,DEL-17-09 Export adapter SDK and additional targets — Datasheet,KTY-18-01_Datasheet-Reference,CAT-018,DEL-17-09 Export adapter SDK and additional targets — Datasheet,HBA-ED101-00001;HBA-ED101-00002;HBA-ED101-00003;HBA-ED101-00004;HBA-ED101-00005;HBA-ED101-00006;HBA-ED101-00007;HBA-ED101-00008;HBA-ED101-00009;HBA-ED101-00010;HBA-ED101-00011;HBA-ED101-00012;HBA-ED101-00013;HBA-ED101-00014;HBA-ED101-00015;HBA-ED101-00016;HBA-ED101-00017;HBA-ED101-00018;HBA-ED101-00019;HBA-ED101-00020;HBA-ED101-00021;HBA-ED101-00022;HBA-ED101-00023;HBA-ED101-00024,24,,EXECUTION_DELIVERABLE/DEL-17-09,ACCEPTED_GATE4,
SUB-18-02-01_DEL-17-01,DEL-17-01 CAEPIPE and export format source basis — Specification,KTY-18-02_Specification,CAT-018,DEL-17-01 CAEPIPE and export format source basis — Specification,HBA-ED093-00081;HBA-ED093-00082;HBA-ED093-00083;HBA-ED093-00084;HBA-ED093-00085;HBA-ED093-00086;HBA-ED093-00087;HBA-ED093-00088;HBA-ED093-00089;HBA-ED093-00090;HBA-ED093-00091;HBA-ED093-00092;HBA-ED093-00093;HBA-ED093-00094;HBA-ED093-00095;HBA-ED093-00096;HBA-ED093-00097;HBA-ED093-00098;HBA-ED093-00099;HBA-ED093-00100;HBA-ED093-00101;HBA-ED093-00102;HBA-ED093-00103;HBA-ED093-00104;HBA-ED093-00105;HBA-ED093-00106;HBA-ED093-00107;HBA-ED093-00108;HBA-ED093-00109,29,,EXECUTION_DELIVERABLE/DEL-17-01,ACCEPTED_GATE4,
SUB-18-02-02_DEL-17-02,"DEL-17-02 Export package, profile, and stable ID map contracts — Specification",KTY-18-02_Specification,CAT-018,"DEL-17-02 Export package, profile, and stable ID map contracts — Specification",HBA-ED094-00145;HBA-ED094-00146;HBA-ED094-00147;HBA-ED094-00148;HBA-ED094-00149;HBA-ED094-00150;HBA-ED094-00151;HBA-ED094-00152;HBA-ED094-00153;HBA-ED094-00154;HBA-ED094-00155;HBA-ED094-00156;HBA-ED094-00157;HBA-ED094-00158;HBA-ED094-00159;HBA-ED094-00160;HBA-ED094-00161;HBA-ED094-00162;HBA-ED094-00163;HBA-ED094-00164;HBA-ED094-00165;HBA-ED094-00166;HBA-ED094-00167;HBA-ED094-00168;HBA-ED094-00169;HBA-ED094-00170;HBA-ED094-00171;HBA-ED094-00172;HBA-ED094-00173;HBA-ED094-00174;HBA-ED094-00175;HBA-ED094-00176;HBA-ED094-00177;HBA-ED094-00178;HBA-ED094-00179;HBA-ED094-00180;HBA-ED094-00181;HBA-ED094-00182;HBA-ED094-00183;HBA-ED094-00184;HBA-ED094-00185;HBA-ED094-00186;HBA-ED094-00187;HBA-ED094-00188;HBA-ED094-00189;HBA-ED094-00190;HBA-ED094-00191;HBA-ED094-00192;HBA-ED094-00193;HBA-ED094-00194;HBA-ED094-00195;HBA-ED094-00196;HBA-ED094-00197;HBA-ED094-00198;HBA-ED094-00199;HBA-ED094-00200;HBA-ED094-00201;HBA-ED094-00202;HBA-ED094-00203,59,,EXECUTION_DELIVERABLE/DEL-17-02,ACCEPTED_GATE4,
SUB-18-02-03_DEL-17-03,DEL-17-03 Native open JSON export package — Specification,KTY-18-02_Specification,CAT-018,DEL-17-03 Native open JSON export package — Specification,HBA-ED095-00064;HBA-ED095-00065;HBA-ED095-00066;HBA-ED095-00067;HBA-ED095-00068;HBA-ED095-00069;HBA-ED095-00070;HBA-ED095-00071;HBA-ED095-00072;HBA-ED095-00073;HBA-ED095-00074;HBA-ED095-00075;HBA-ED095-00076;HBA-ED095-00077;HBA-ED095-00078;HBA-ED095-00079;HBA-ED095-00080;HBA-ED095-00081;HBA-ED095-00082;HBA-ED095-00083;HBA-ED095-00084;HBA-ED095-00085,22,,EXECUTION_DELIVERABLE/DEL-17-03,ACCEPTED_GATE4,
SUB-18-02-04_DEL-17-04,DEL-17-04 CAEPIPE MBF export profile and deterministic writer — Specification,KTY-18-02_Specification,CAT-018,DEL-17-04 CAEPIPE MBF export profile and deterministic writer — Specification,HBA-ED096-00085;HBA-ED096-00086;HBA-ED096-00087;HBA-ED096-00088;HBA-ED096-00089;HBA-ED096-00090;HBA-ED096-00091;HBA-ED096-00092;HBA-ED096-00093;HBA-ED096-00094;HBA-ED096-00095;HBA-ED096-00096;HBA-ED096-00097;HBA-ED096-00098;HBA-ED096-00099;HBA-ED096-00100;HBA-ED096-00101;HBA-ED096-00102;HBA-ED096-00103;HBA-ED096-00104;HBA-ED096-00105;HBA-ED096-00106;HBA-ED096-00107;HBA-ED096-00108;HBA-ED096-00109;HBA-ED096-00110;HBA-ED096-00111;HBA-ED096-00112;HBA-ED096-00113;HBA-ED096-00114;HBA-ED096-00115;HBA-ED096-00116,32,,EXECUTION_DELIVERABLE/DEL-17-04,ACCEPTED_GATE4,
SUB-18-02-05_DEL-17-05,DEL-17-05 CAEPIPE external run harness and CSV parser — Specification,KTY-18-02_Specification,CAT-018,DEL-17-05 CAEPIPE external run harness and CSV parser — Specification,HBA-ED097-00146;HBA-ED097-00147;HBA-ED097-00148;HBA-ED097-00149;HBA-ED097-00150;HBA-ED097-00152;HBA-ED097-00153;HBA-ED097-00154;HBA-ED097-00155;HBA-ED097-00156;HBA-ED097-00157;HBA-ED097-00158;HBA-ED097-00159;HBA-ED097-00160;HBA-ED097-00161;HBA-ED097-00162;HBA-ED097-00163;HBA-ED097-00164;HBA-ED097-00165;HBA-ED097-00168;HBA-ED097-00169;HBA-ED097-00170;HBA-ED097-00171;HBA-ED097-00172;HBA-ED097-00173;HBA-ED097-00174;HBA-ED097-00175;HBA-ED097-00176;HBA-ED097-00177;HBA-ED097-00178;HBA-ED097-00179;HBA-ED097-00180;HBA-ED097-00181;HBA-ED097-00182;HBA-ED097-00183;HBA-ED097-00184;HBA-ED097-00185;HBA-ED097-00186;HBA-ED097-00187;HBA-ED097-00188,40,,EXECUTION_DELIVERABLE/DEL-17-05,ACCEPTED_GATE4,
SUB-18-02-06_DEL-17-06,DEL-17-06 Stress neutral CSV JSON package — Specification,KTY-18-02_Specification,CAT-018,DEL-17-06 Stress neutral CSV JSON package — Specification,HBA-ED098-00107;HBA-ED098-00108;HBA-ED098-00109;HBA-ED098-00110;HBA-ED098-00111;HBA-ED098-00112;HBA-ED098-00113;HBA-ED098-00114;HBA-ED098-00115;HBA-ED098-00116;HBA-ED098-00117;HBA-ED098-00118;HBA-ED098-00119;HBA-ED098-00120;HBA-ED098-00121;HBA-ED098-00122;HBA-ED098-00123;HBA-ED098-00124;HBA-ED098-00125;HBA-ED098-00126;HBA-ED098-00127;HBA-ED098-00128;HBA-ED098-00129;HBA-ED098-00130;HBA-ED098-00131,25,,EXECUTION_DELIVERABLE/DEL-17-06,ACCEPTED_GATE4,
SUB-18-02-07_DEL-17-07,DEL-17-07 Conservative PCF subset exporter — Specification,KTY-18-02_Specification,CAT-018,DEL-17-07 Conservative PCF subset exporter — Specification,HBA-ED099-00122;HBA-ED099-00123;HBA-ED099-00124;HBA-ED099-00125;HBA-ED099-00126;HBA-ED099-00127;HBA-ED099-00128;HBA-ED099-00129;HBA-ED099-00130;HBA-ED099-00131;HBA-ED099-00132;HBA-ED099-00133;HBA-ED099-00134;HBA-ED099-00135;HBA-ED099-00136;HBA-ED099-00137;HBA-ED099-00138;HBA-ED099-00139;HBA-ED099-00140;HBA-ED099-00141;HBA-ED099-00142;HBA-ED099-00143;HBA-ED099-00144;HBA-ED099-00145;HBA-ED099-00146;HBA-ED099-00147;HBA-ED099-00148;HBA-ED099-00149;HBA-ED099-00150;HBA-ED099-00151;HBA-ED099-00152;HBA-ED099-00153;HBA-ED099-00154;HBA-ED099-00155;HBA-ED099-00156;HBA-ED099-00157;HBA-ED099-00158;HBA-ED099-00159;HBA-ED099-00160;HBA-ED099-00161;HBA-ED099-00162;HBA-ED099-00163;HBA-ED099-00164;HBA-ED099-00165;HBA-ED099-00166;HBA-ED099-00167;HBA-ED099-00168;HBA-ED099-00169,48,,EXECUTION_DELIVERABLE/DEL-17-07,ACCEPTED_GATE4,
SUB-18-02-08_DEL-17-08,DEL-17-08 GLB glTF review geometry export — Specification,KTY-18-02_Specification,CAT-018,DEL-17-08 GLB glTF review geometry export — Specification,HBA-ED100-00107;HBA-ED100-00108;HBA-ED100-00109;HBA-ED100-00110;HBA-ED100-00111;HBA-ED100-00112;HBA-ED100-00113;HBA-ED100-00114;HBA-ED100-00115;HBA-ED100-00116;HBA-ED100-00117;HBA-ED100-00118;HBA-ED100-00119;HBA-ED100-00120;HBA-ED100-00121;HBA-ED100-00122;HBA-ED100-00123;HBA-ED100-00124;HBA-ED100-00125;HBA-ED100-00126;HBA-ED100-00127;HBA-ED100-00128;HBA-ED100-00129;HBA-ED100-00130;HBA-ED100-00131;HBA-ED100-00132;HBA-ED100-00133;HBA-ED100-00134;HBA-ED100-00135;HBA-ED100-00136;HBA-ED100-00137;HBA-ED100-00138;HBA-ED100-00139;HBA-ED100-00143;HBA-ED100-00144;HBA-ED100-00145;HBA-ED100-00146;HBA-ED100-00147,38,,EXECUTION_DELIVERABLE/DEL-17-08,ACCEPTED_GATE4,
SUB-18-02-09_DEL-17-09,DEL-17-09 Export adapter SDK and additional targets — Specification,KTY-18-02_Specification,CAT-018,DEL-17-09 Export adapter SDK and additional targets — Specification,HBA-ED101-00114;HBA-ED101-00115;HBA-ED101-00116;HBA-ED101-00117;HBA-ED101-00118;HBA-ED101-00119;HBA-ED101-00120;HBA-ED101-00121;HBA-ED101-00122;HBA-ED101-00123;HBA-ED101-00124;HBA-ED101-00125;HBA-ED101-00126;HBA-ED101-00127;HBA-ED101-00128;HBA-ED101-00129;HBA-ED101-00130;HBA-ED101-00131;HBA-ED101-00132;HBA-ED101-00133;HBA-ED101-00134;HBA-ED101-00135;HBA-ED101-00136;HBA-ED101-00137;HBA-ED101-00138;HBA-ED101-00139;HBA-ED101-00140;HBA-ED101-00141;HBA-ED101-00142;HBA-ED101-00143;HBA-ED101-00144;HBA-ED101-00145;HBA-ED101-00146;HBA-ED101-00147;HBA-ED101-00148;HBA-ED101-00149;HBA-ED101-00150;HBA-ED101-00151;HBA-ED101-00152;HBA-ED101-00153;HBA-ED101-00154,41,,EXECUTION_DELIVERABLE/DEL-17-09,ACCEPTED_GATE4,
SUB-18-03-01_DEL-17-01,DEL-17-01 CAEPIPE and export format source basis — Guidance,KTY-18-03_Guidance,CAT-018,DEL-17-01 CAEPIPE and export format source basis — Guidance,HBA-ED093-00033;HBA-ED093-00034;HBA-ED093-00035;HBA-ED093-00036;HBA-ED093-00037;HBA-ED093-00038;HBA-ED093-00039;HBA-ED093-00040;HBA-ED093-00041;HBA-ED093-00042;HBA-ED093-00043;HBA-ED093-00044;HBA-ED093-00045;HBA-ED093-00046;HBA-ED093-00047;HBA-ED093-00048;HBA-ED093-00049,17,,EXECUTION_DELIVERABLE/DEL-17-01,ACCEPTED_GATE4,
SUB-18-03-02_DEL-17-02,"DEL-17-02 Export package, profile, and stable ID map contracts — Guidance",KTY-18-03_Guidance,CAT-018,"DEL-17-02 Export package, profile, and stable ID map contracts — Guidance",HBA-ED094-00069;HBA-ED094-00070;HBA-ED094-00071;HBA-ED094-00072;HBA-ED094-00073;HBA-ED094-00074;HBA-ED094-00075;HBA-ED094-00076;HBA-ED094-00077;HBA-ED094-00078;HBA-ED094-00079;HBA-ED094-00080;HBA-ED094-00081;HBA-ED094-00082;HBA-ED094-00083;HBA-ED094-00084;HBA-ED094-00085;HBA-ED094-00086;HBA-ED094-00087;HBA-ED094-00088;HBA-ED094-00089;HBA-ED094-00090;HBA-ED094-00091;HBA-ED094-00092;HBA-ED094-00093;HBA-ED094-00094;HBA-ED094-00095;HBA-ED094-00096;HBA-ED094-00097;HBA-ED094-00098;HBA-ED094-00099;HBA-ED094-00100;HBA-ED094-00101;HBA-ED094-00102;HBA-ED094-00103;HBA-ED094-00104,36,,EXECUTION_DELIVERABLE/DEL-17-02,ACCEPTED_GATE4,
SUB-18-03-03_DEL-17-03,DEL-17-03 Native open JSON export package — Guidance,KTY-18-03_Guidance,CAT-018,DEL-17-03 Native open JSON export package — Guidance,HBA-ED095-00031;HBA-ED095-00032;HBA-ED095-00033;HBA-ED095-00034;HBA-ED095-00035;HBA-ED095-00036;HBA-ED095-00037;HBA-ED095-00038;HBA-ED095-00039;HBA-ED095-00040;HBA-ED095-00041;HBA-ED095-00042;HBA-ED095-00043;HBA-ED095-00044;HBA-ED095-00045,15,,EXECUTION_DELIVERABLE/DEL-17-03,ACCEPTED_GATE4,
SUB-18-03-04_DEL-17-04,DEL-17-04 CAEPIPE MBF export profile and deterministic writer — Guidance,KTY-18-03_Guidance,CAT-018,DEL-17-04 CAEPIPE MBF export profile and deterministic writer — Guidance,HBA-ED096-00029;HBA-ED096-00030;HBA-ED096-00031;HBA-ED096-00032;HBA-ED096-00033;HBA-ED096-00034;HBA-ED096-00035;HBA-ED096-00036;HBA-ED096-00037;HBA-ED096-00038;HBA-ED096-00039;HBA-ED096-00040;HBA-ED096-00041;HBA-ED096-00042;HBA-ED096-00043;HBA-ED096-00044;HBA-ED096-00045;HBA-ED096-00046;HBA-ED096-00047;HBA-ED096-00048;HBA-ED096-00049;HBA-ED096-00050;HBA-ED096-00051;HBA-ED096-00052;HBA-ED096-00053;HBA-ED096-00054;HBA-ED096-00055,27,,EXECUTION_DELIVERABLE/DEL-17-04,ACCEPTED_GATE4,
SUB-18-03-05_DEL-17-05,DEL-17-05 CAEPIPE external run harness and CSV parser — Guidance,KTY-18-03_Guidance,CAT-018,DEL-17-05 CAEPIPE external run harness and CSV parser — Guidance,HBA-ED097-00030;HBA-ED097-00031;HBA-ED097-00032;HBA-ED097-00033;HBA-ED097-00034;HBA-ED097-00035;HBA-ED097-00036;HBA-ED097-00037;HBA-ED097-00038;HBA-ED097-00039;HBA-ED097-00040;HBA-ED097-00041;HBA-ED097-00042;HBA-ED097-00043;HBA-ED097-00044;HBA-ED097-00045;HBA-ED097-00046;HBA-ED097-00047;HBA-ED097-00048;HBA-ED097-00049;HBA-ED097-00050;HBA-ED097-00051;HBA-ED097-00052;HBA-ED097-00053;HBA-ED097-00054;HBA-ED097-00055;HBA-ED097-00056;HBA-ED097-00057;HBA-ED097-00058;HBA-ED097-00059;HBA-ED097-00060;HBA-ED097-00063;HBA-ED097-00064;HBA-ED097-00065;HBA-ED097-00066;HBA-ED097-00067;HBA-ED097-00068;HBA-ED097-00069,38,,EXECUTION_DELIVERABLE/DEL-17-05,ACCEPTED_GATE4,
SUB-18-03-06_DEL-17-06,DEL-17-06 Stress neutral CSV JSON package — Guidance,KTY-18-03_Guidance,CAT-018,DEL-17-06 Stress neutral CSV JSON package — Guidance,HBA-ED098-00040;HBA-ED098-00041;HBA-ED098-00042;HBA-ED098-00043;HBA-ED098-00044;HBA-ED098-00045;HBA-ED098-00046;HBA-ED098-00047;HBA-ED098-00048;HBA-ED098-00049;HBA-ED098-00050;HBA-ED098-00051;HBA-ED098-00052;HBA-ED098-00053;HBA-ED098-00054;HBA-ED098-00055;HBA-ED098-00056;HBA-ED098-00057;HBA-ED098-00058;HBA-ED098-00059;HBA-ED098-00060;HBA-ED098-00061;HBA-ED098-00062;HBA-ED098-00063;HBA-ED098-00064;HBA-ED098-00065;HBA-ED098-00066,27,,EXECUTION_DELIVERABLE/DEL-17-06,ACCEPTED_GATE4,
SUB-18-03-07_DEL-17-07,DEL-17-07 Conservative PCF subset exporter — Guidance,KTY-18-03_Guidance,CAT-018,DEL-17-07 Conservative PCF subset exporter — Guidance,HBA-ED099-00042;HBA-ED099-00043;HBA-ED099-00044;HBA-ED099-00045;HBA-ED099-00046;HBA-ED099-00047;HBA-ED099-00048;HBA-ED099-00049;HBA-ED099-00050;HBA-ED099-00051;HBA-ED099-00052;HBA-ED099-00053;HBA-ED099-00054;HBA-ED099-00055;HBA-ED099-00056;HBA-ED099-00057;HBA-ED099-00058;HBA-ED099-00059;HBA-ED099-00060;HBA-ED099-00061;HBA-ED099-00062;HBA-ED099-00063;HBA-ED099-00064;HBA-ED099-00065;HBA-ED099-00066;HBA-ED099-00067;HBA-ED099-00068;HBA-ED099-00069;HBA-ED099-00070;HBA-ED099-00071;HBA-ED099-00072;HBA-ED099-00073;HBA-ED099-00074,33,,EXECUTION_DELIVERABLE/DEL-17-07,ACCEPTED_GATE4,
SUB-18-03-08_DEL-17-08,DEL-17-08 GLB glTF review geometry export — Guidance,KTY-18-03_Guidance,CAT-018,DEL-17-08 GLB glTF review geometry export — Guidance,HBA-ED100-00039;HBA-ED100-00040;HBA-ED100-00041;HBA-ED100-00042;HBA-ED100-00043;HBA-ED100-00044;HBA-ED100-00045;HBA-ED100-00046;HBA-ED100-00047;HBA-ED100-00048;HBA-ED100-00049;HBA-ED100-00050;HBA-ED100-00051;HBA-ED100-00052;HBA-ED100-00053;HBA-ED100-00054;HBA-ED100-00056;HBA-ED100-00057;HBA-ED100-00058;HBA-ED100-00059;HBA-ED100-00061;HBA-ED100-00062;HBA-ED100-00063;HBA-ED100-00064;HBA-ED100-00065;HBA-ED100-00066;HBA-ED100-00067;HBA-ED100-00068;HBA-ED100-00069;HBA-ED100-00070;HBA-ED100-00071,31,,EXECUTION_DELIVERABLE/DEL-17-08,ACCEPTED_GATE4,
SUB-18-03-09_DEL-17-09,DEL-17-09 Export adapter SDK and additional targets — Guidance,KTY-18-03_Guidance,CAT-018,DEL-17-09 Export adapter SDK and additional targets — Guidance,HBA-ED101-00025;HBA-ED101-00026;HBA-ED101-00027;HBA-ED101-00028;HBA-ED101-00029;HBA-ED101-00030;HBA-ED101-00031;HBA-ED101-00032;HBA-ED101-00033;HBA-ED101-00034;HBA-ED101-00035;HBA-ED101-00036;HBA-ED101-00037;HBA-ED101-00038;HBA-ED101-00039;HBA-ED101-00040;HBA-ED101-00041;HBA-ED101-00042;HBA-ED101-00043;HBA-ED101-00044;HBA-ED101-00045;HBA-ED101-00046;HBA-ED101-00047;HBA-ED101-00048;HBA-ED101-00049;HBA-ED101-00050;HBA-ED101-00051;HBA-ED101-00052;HBA-ED101-00053;HBA-ED101-00054;HBA-ED101-00055;HBA-ED101-00056;HBA-ED101-00057;HBA-ED101-00058;HBA-ED101-00059;HBA-ED101-00060,36,,EXECUTION_DELIVERABLE/DEL-17-09,ACCEPTED_GATE4,
SUB-18-04-01_DEL-17-01,DEL-17-01 CAEPIPE and export format source basis — Procedure,KTY-18-04_Procedure,CAT-018,DEL-17-01 CAEPIPE and export format source basis — Procedure,HBA-ED093-00050;HBA-ED093-00051;HBA-ED093-00052;HBA-ED093-00053;HBA-ED093-00054;HBA-ED093-00055;HBA-ED093-00056;HBA-ED093-00057;HBA-ED093-00058;HBA-ED093-00059;HBA-ED093-00060;HBA-ED093-00061;HBA-ED093-00062;HBA-ED093-00063;HBA-ED093-00064;HBA-ED093-00065;HBA-ED093-00066;HBA-ED093-00067;HBA-ED093-00068;HBA-ED093-00069;HBA-ED093-00070;HBA-ED093-00071;HBA-ED093-00072;HBA-ED093-00073;HBA-ED093-00074;HBA-ED093-00075;HBA-ED093-00076;HBA-ED093-00077;HBA-ED093-00078;HBA-ED093-00079;HBA-ED093-00080,31,,EXECUTION_DELIVERABLE/DEL-17-01,ACCEPTED_GATE4,
SUB-18-04-02_DEL-17-02,"DEL-17-02 Export package, profile, and stable ID map contracts — Procedure",KTY-18-04_Procedure,CAT-018,"DEL-17-02 Export package, profile, and stable ID map contracts — Procedure",HBA-ED094-00105;HBA-ED094-00106;HBA-ED094-00107;HBA-ED094-00108;HBA-ED094-00109;HBA-ED094-00110;HBA-ED094-00111;HBA-ED094-00112;HBA-ED094-00113;HBA-ED094-00114;HBA-ED094-00115;HBA-ED094-00116;HBA-ED094-00117;HBA-ED094-00118;HBA-ED094-00119;HBA-ED094-00120;HBA-ED094-00121;HBA-ED094-00122;HBA-ED094-00123;HBA-ED094-00124;HBA-ED094-00125;HBA-ED094-00126;HBA-ED094-00127;HBA-ED094-00128;HBA-ED094-00129;HBA-ED094-00130;HBA-ED094-00131;HBA-ED094-00132;HBA-ED094-00133;HBA-ED094-00134;HBA-ED094-00135;HBA-ED094-00136;HBA-ED094-00137;HBA-ED094-00138;HBA-ED094-00139;HBA-ED094-00140;HBA-ED094-00141;HBA-ED094-00142;HBA-ED094-00143;HBA-ED094-00144,40,,EXECUTION_DELIVERABLE/DEL-17-02,ACCEPTED_GATE4,
SUB-18-04-03_DEL-17-03,DEL-17-03 Native open JSON export package — Procedure,KTY-18-04_Procedure,CAT-018,DEL-17-03 Native open JSON export package — Procedure,HBA-ED095-00046;HBA-ED095-00047;HBA-ED095-00048;HBA-ED095-00049;HBA-ED095-00050;HBA-ED095-00051;HBA-ED095-00052;HBA-ED095-00053;HBA-ED095-00054;HBA-ED095-00055;HBA-ED095-00056;HBA-ED095-00057;HBA-ED095-00058;HBA-ED095-00059;HBA-ED095-00060;HBA-ED095-00061;HBA-ED095-00062;HBA-ED095-00063,18,,EXECUTION_DELIVERABLE/DEL-17-03,ACCEPTED_GATE4,
SUB-18-04-04_DEL-17-04,DEL-17-04 CAEPIPE MBF export profile and deterministic writer — Procedure,KTY-18-04_Procedure,CAT-018,DEL-17-04 CAEPIPE MBF export profile and deterministic writer — Procedure,HBA-ED096-00056;HBA-ED096-00057;HBA-ED096-00058;HBA-ED096-00059;HBA-ED096-00060;HBA-ED096-00061;HBA-ED096-00062;HBA-ED096-00063;HBA-ED096-00064;HBA-ED096-00065;HBA-ED096-00066;HBA-ED096-00067;HBA-ED096-00068;HBA-ED096-00069;HBA-ED096-00070;HBA-ED096-00071;HBA-ED096-00072;HBA-ED096-00073;HBA-ED096-00074;HBA-ED096-00075;HBA-ED096-00076;HBA-ED096-00077;HBA-ED096-00078;HBA-ED096-00079;HBA-ED096-00080;HBA-ED096-00081;HBA-ED096-00082;HBA-ED096-00083;HBA-ED096-00084,29,,EXECUTION_DELIVERABLE/DEL-17-04,ACCEPTED_GATE4,
SUB-18-04-05_DEL-17-05,DEL-17-05 CAEPIPE external run harness and CSV parser — Procedure,KTY-18-04_Procedure,CAT-018,DEL-17-05 CAEPIPE external run harness and CSV parser — Procedure,HBA-ED097-00070;HBA-ED097-00071;HBA-ED097-00072;HBA-ED097-00073;HBA-ED097-00074;HBA-ED097-00075;HBA-ED097-00076;HBA-ED097-00077;HBA-ED097-00078;HBA-ED097-00079;HBA-ED097-00080;HBA-ED097-00081;HBA-ED097-00082;HBA-ED097-00083;HBA-ED097-00084;HBA-ED097-00085;HBA-ED097-00086;HBA-ED097-00087;HBA-ED097-00088;HBA-ED097-00089;HBA-ED097-00090;HBA-ED097-00091;HBA-ED097-00092;HBA-ED097-00093;HBA-ED097-00094;HBA-ED097-00095;HBA-ED097-00096;HBA-ED097-00097;HBA-ED097-00098;HBA-ED097-00099;HBA-ED097-00100;HBA-ED097-00101;HBA-ED097-00102;HBA-ED097-00103;HBA-ED097-00104;HBA-ED097-00105;HBA-ED097-00106;HBA-ED097-00107;HBA-ED097-00108;HBA-ED097-00109;HBA-ED097-00110;HBA-ED097-00111;HBA-ED097-00112;HBA-ED097-00113;HBA-ED097-00114;HBA-ED097-00115;HBA-ED097-00116;HBA-ED097-00117;HBA-ED097-00118;HBA-ED097-00119;HBA-ED097-00120;HBA-ED097-00121;HBA-ED097-00122;HBA-ED097-00123;HBA-ED097-00124;HBA-ED097-00125;HBA-ED097-00126;HBA-ED097-00127;HBA-ED097-00128;HBA-ED097-00129;HBA-ED097-00130;HBA-ED097-00131;HBA-ED097-00132;HBA-ED097-00133;HBA-ED097-00134;HBA-ED097-00135;HBA-ED097-00136;HBA-ED097-00137;HBA-ED097-00138;HBA-ED097-00139;HBA-ED097-00140;HBA-ED097-00141;HBA-ED097-00142;HBA-ED097-00143;HBA-ED097-00144;HBA-ED097-00145,76,,EXECUTION_DELIVERABLE/DEL-17-05,ACCEPTED_GATE4,
SUB-18-04-06_DEL-17-06,DEL-17-06 Stress neutral CSV JSON package — Procedure,KTY-18-04_Procedure,CAT-018,DEL-17-06 Stress neutral CSV JSON package — Procedure,HBA-ED098-00067;HBA-ED098-00068;HBA-ED098-00069;HBA-ED098-00070;HBA-ED098-00071;HBA-ED098-00072;HBA-ED098-00073;HBA-ED098-00074;HBA-ED098-00075;HBA-ED098-00076;HBA-ED098-00077;HBA-ED098-00078;HBA-ED098-00079;HBA-ED098-00080;HBA-ED098-00081;HBA-ED098-00082;HBA-ED098-00083;HBA-ED098-00084;HBA-ED098-00085;HBA-ED098-00086;HBA-ED098-00087;HBA-ED098-00088;HBA-ED098-00089;HBA-ED098-00090;HBA-ED098-00091;HBA-ED098-00092;HBA-ED098-00093;HBA-ED098-00094;HBA-ED098-00095;HBA-ED098-00096;HBA-ED098-00097;HBA-ED098-00098;HBA-ED098-00099;HBA-ED098-00100;HBA-ED098-00101;HBA-ED098-00102;HBA-ED098-00103;HBA-ED098-00104;HBA-ED098-00105;HBA-ED098-00106,40,,EXECUTION_DELIVERABLE/DEL-17-06,ACCEPTED_GATE4,
SUB-18-04-07_DEL-17-07,DEL-17-07 Conservative PCF subset exporter — Procedure,KTY-18-04_Procedure,CAT-018,DEL-17-07 Conservative PCF subset exporter — Procedure,HBA-ED099-00075;HBA-ED099-00076;HBA-ED099-00077;HBA-ED099-00078;HBA-ED099-00079;HBA-ED099-00080;HBA-ED099-00081;HBA-ED099-00082;HBA-ED099-00083;HBA-ED099-00084;HBA-ED099-00085;HBA-ED099-00086;HBA-ED099-00087;HBA-ED099-00088;HBA-ED099-00089;HBA-ED099-00090;HBA-ED099-00091;HBA-ED099-00092;HBA-ED099-00093;HBA-ED099-00094;HBA-ED099-00095;HBA-ED099-00096;HBA-ED099-00097;HBA-ED099-00098;HBA-ED099-00099;HBA-ED099-00100;HBA-ED099-00101;HBA-ED099-00102;HBA-ED099-00103;HBA-ED099-00104;HBA-ED099-00105;HBA-ED099-00106;HBA-ED099-00107;HBA-ED099-00108;HBA-ED099-00109;HBA-ED099-00110;HBA-ED099-00111;HBA-ED099-00112;HBA-ED099-00113;HBA-ED099-00114;HBA-ED099-00115;HBA-ED099-00116;HBA-ED099-00117;HBA-ED099-00118;HBA-ED099-00119;HBA-ED099-00120;HBA-ED099-00121,47,,EXECUTION_DELIVERABLE/DEL-17-07,ACCEPTED_GATE4,
SUB-18-04-08_DEL-17-08,DEL-17-08 GLB glTF review geometry export — Procedure,KTY-18-04_Procedure,CAT-018,DEL-17-08 GLB glTF review geometry export — Procedure,HBA-ED100-00072;HBA-ED100-00073;HBA-ED100-00074;HBA-ED100-00075;HBA-ED100-00076;HBA-ED100-00077;HBA-ED100-00078;HBA-ED100-00079;HBA-ED100-00080;HBA-ED100-00081;HBA-ED100-00082;HBA-ED100-00083;HBA-ED100-00084;HBA-ED100-00085;HBA-ED100-00086;HBA-ED100-00087;HBA-ED100-00088;HBA-ED100-00089;HBA-ED100-00090;HBA-ED100-00091;HBA-ED100-00092;HBA-ED100-00093;HBA-ED100-00094;HBA-ED100-00095;HBA-ED100-00096;HBA-ED100-00097;HBA-ED100-00098;HBA-ED100-00099;HBA-ED100-00100;HBA-ED100-00101;HBA-ED100-00102;HBA-ED100-00103;HBA-ED100-00104;HBA-ED100-00105;HBA-ED100-00106,35,,EXECUTION_DELIVERABLE/DEL-17-08,ACCEPTED_GATE4,
SUB-18-04-09_DEL-17-09,DEL-17-09 Export adapter SDK and additional targets — Procedure,KTY-18-04_Procedure,CAT-018,DEL-17-09 Export adapter SDK and additional targets — Procedure,HBA-ED101-00062;HBA-ED101-00063;HBA-ED101-00064;HBA-ED101-00065;HBA-ED101-00066;HBA-ED101-00067;HBA-ED101-00068;HBA-ED101-00069;HBA-ED101-00070;HBA-ED101-00071;HBA-ED101-00072;HBA-ED101-00073;HBA-ED101-00074;HBA-ED101-00075;HBA-ED101-00076;HBA-ED101-00077;HBA-ED101-00078;HBA-ED101-00079;HBA-ED101-00080;HBA-ED101-00081;HBA-ED101-00082;HBA-ED101-00083;HBA-ED101-00084;HBA-ED101-00085;HBA-ED101-00086;HBA-ED101-00087;HBA-ED101-00088;HBA-ED101-00089;HBA-ED101-00090;HBA-ED101-00091;HBA-ED101-00092;HBA-ED101-00093;HBA-ED101-00094;HBA-ED101-00095;HBA-ED101-00096;HBA-ED101-00097;HBA-ED101-00098;HBA-ED101-00099;HBA-ED101-00100;HBA-ED101-00101;HBA-ED101-00102;HBA-ED101-00103;HBA-ED101-00104;HBA-ED101-00105;HBA-ED101-00106;HBA-ED101-00107;HBA-ED101-00108;HBA-ED101-00109;HBA-ED101-00110;HBA-ED101-00111;HBA-ED101-00112;HBA-ED101-00113,52,,EXECUTION_DELIVERABLE/DEL-17-09,ACCEPTED_GATE4,
SUB-19-01-01_DOCS-ARCHITECTURE-ADR-ADR-0001-OPERATION-SEAM-ENGINE-UNIFICA,DOCS ARCHITECTURE ADR ADR 0001 OPERATION SEAM ENGINE UNIFICATION,KTY-19-01_Architecture-and-ADR-Reference,CAT-019,DOCS ARCHITECTURE ADR ADR 0001 OPERATION SEAM ENGINE UNIFICATION,HBA-PD002-00001;HBA-PD002-00002;HBA-PD002-00003;HBA-PD002-00004;HBA-PD002-00005;HBA-PD002-00006;HBA-PD002-00007;HBA-PD002-00008;HBA-PD002-00009;HBA-PD002-00010;HBA-PD002-00011;HBA-PD002-00012;HBA-PD002-00013;HBA-PD002-00014;HBA-PD002-00015;HBA-PD002-00016;HBA-PD002-00017;HBA-PD002-00018;HBA-PD002-00019;HBA-PD002-00020;HBA-PD002-00021;HBA-PD002-00022;HBA-PD002-00023;HBA-PD002-00024;HBA-PD002-00025;HBA-PD002-00026;HBA-PD002-00027;HBA-PD002-00028;HBA-PD002-00029;HBA-PD002-00030;HBA-PD002-00031;HBA-PD002-00032;HBA-PD002-00033;HBA-PD002-00034;HBA-PD002-00035;HBA-PD002-00036;HBA-PD002-00037;HBA-PD002-00038;HBA-PD002-00039;HBA-PD002-00040;HBA-PD002-00041,41,,SRC-DOCS-ARCHITECTURE-ADR-ADR-0001-OPERATION-SEAM-ENGINE-UNIFICATION,ACCEPTED_GATE4,
SUB-19-01-02_DOCS-ARCHITECTURE-ADR-INDEX,DOCS ARCHITECTURE ADR INDEX,KTY-19-01_Architecture-and-ADR-Reference,CAT-019,DOCS ARCHITECTURE ADR INDEX,HBA-PD003-00001;HBA-PD003-00002;HBA-PD003-00003;HBA-PD003-00004;HBA-PD003-00005;HBA-PD003-00006;HBA-PD003-00007;HBA-PD003-00008;HBA-PD003-00009;HBA-PD003-00010;HBA-PD003-00011;HBA-PD003-00012;HBA-PD003-00013;HBA-PD003-00014;HBA-PD003-00015;HBA-PD003-00016;HBA-PD003-00017;HBA-PD003-00018;HBA-PD003-00019;HBA-PD003-00020,20,,SRC-DOCS-ARCHITECTURE-ADR-INDEX,ACCEPTED_GATE4,
SUB-19-01-03_DOCS-ARCHITECTURE-ADR-TEMPLATE,DOCS ARCHITECTURE ADR TEMPLATE,KTY-19-01_Architecture-and-ADR-Reference,CAT-019,DOCS ARCHITECTURE ADR TEMPLATE,HBA-PD004-00001;HBA-PD004-00002;HBA-PD004-00003;HBA-PD004-00004;HBA-PD004-00005;HBA-PD004-00006;HBA-PD004-00007;HBA-PD004-00008;HBA-PD004-00009;HBA-PD004-00010;HBA-PD004-00011;HBA-PD004-00012;HBA-PD004-00013;HBA-PD004-00014;HBA-PD004-00015;HBA-PD004-00016;HBA-PD004-00017;HBA-PD004-00018;HBA-PD004-00019;HBA-PD004-00020;HBA-PD004-00021;HBA-PD004-00022,22,,SRC-DOCS-ARCHITECTURE-ADR-TEMPLATE,ACCEPTED_GATE4,
SUB-19-01-04_DOCS-ARCHITECTURE-ANALYSIS-STATUS-SEMANTICS,DOCS ARCHITECTURE ANALYSIS STATUS SEMANTICS,KTY-19-01_Architecture-and-ADR-Reference,CAT-019,DOCS ARCHITECTURE ANALYSIS STATUS SEMANTICS,HBA-PD005-00001;HBA-PD005-00002;HBA-PD005-00003;HBA-PD005-00004;HBA-PD005-00005;HBA-PD005-00006;HBA-PD005-00007;HBA-PD005-00008;HBA-PD005-00009;HBA-PD005-00010;HBA-PD005-00011;HBA-PD005-00012;HBA-PD005-00013;HBA-PD005-00014;HBA-PD005-00015;HBA-PD005-00016;HBA-PD005-00017;HBA-PD005-00018;HBA-PD005-00019;HBA-PD005-00020;HBA-PD005-00021;HBA-PD005-00022;HBA-PD005-00023;HBA-PD005-00024;HBA-PD005-00025;HBA-PD005-00026;HBA-PD005-00027;HBA-PD005-00028;HBA-PD005-00029;HBA-PD005-00030;HBA-PD005-00031;HBA-PD005-00032;HBA-PD005-00033;HBA-PD005-00034;HBA-PD005-00035;HBA-PD005-00036;HBA-PD005-00037;HBA-PD005-00038;HBA-PD005-00039;HBA-PD005-00040;HBA-PD005-00041;HBA-PD005-00042;HBA-PD005-00043;HBA-PD005-00044;HBA-PD005-00045;HBA-PD005-00046;HBA-PD005-00047;HBA-PD005-00048;HBA-PD005-00049;HBA-PD005-00050;HBA-PD005-00051;HBA-PD005-00052,52,,SRC-DOCS-ARCHITECTURE-ANALYSIS-STATUS-SEMANTICS,ACCEPTED_GATE4,
SUB-19-01-05_DOCS-ARCHITECTURE-CODE-NEUTRAL-ANALYSIS-BOUNDARY,DOCS ARCHITECTURE CODE NEUTRAL ANALYSIS BOUNDARY,KTY-19-01_Architecture-and-ADR-Reference,CAT-019,DOCS ARCHITECTURE CODE NEUTRAL ANALYSIS BOUNDARY,HBA-PD006-00001;HBA-PD006-00002;HBA-PD006-00003;HBA-PD006-00004;HBA-PD006-00005;HBA-PD006-00006;HBA-PD006-00007;HBA-PD006-00008;HBA-PD006-00009;HBA-PD006-00010;HBA-PD006-00011;HBA-PD006-00012;HBA-PD006-00013;HBA-PD006-00014;HBA-PD006-00015;HBA-PD006-00016;HBA-PD006-00017;HBA-PD006-00018;HBA-PD006-00019;HBA-PD006-00020;HBA-PD006-00021;HBA-PD006-00022,22,,SRC-DOCS-ARCHITECTURE-CODE-NEUTRAL-ANALYSIS-BOUNDARY,ACCEPTED_GATE4,
SUB-19-01-06_DOCS-ARCHITECTURE-EXTENSION-DOMAIN-CONTRACTS,DOCS ARCHITECTURE EXTENSION DOMAIN CONTRACTS,KTY-19-01_Architecture-and-ADR-Reference,CAT-019,DOCS ARCHITECTURE EXTENSION DOMAIN CONTRACTS,HBA-PD007-00001;HBA-PD007-00002;HBA-PD007-00003;HBA-PD007-00004;HBA-PD007-00005;HBA-PD007-00006;HBA-PD007-00007;HBA-PD007-00008;HBA-PD007-00009;HBA-PD007-00010;HBA-PD007-00011;HBA-PD007-00012;HBA-PD007-00013;HBA-PD007-00014;HBA-PD007-00015;HBA-PD007-00016;HBA-PD007-00018;HBA-PD007-00019;HBA-PD007-00020;HBA-PD007-00021;HBA-PD007-00022;HBA-PD007-00023;HBA-PD007-00024;HBA-PD007-00025;HBA-PD007-00026;HBA-PD007-00027;HBA-PD007-00028;HBA-PD007-00029;HBA-PD007-00030;HBA-PD007-00031;HBA-PD007-00032;HBA-PD007-00033;HBA-PD007-00034;HBA-PD007-00035;HBA-PD007-00036;HBA-PD007-00037;HBA-PD007-00038;HBA-PD007-00039;HBA-PD007-00040;HBA-PD007-00041;HBA-PD007-00042;HBA-PD007-00043;HBA-PD007-00044;HBA-PD007-00045;HBA-PD007-00046;HBA-PD007-00047;HBA-PD007-00048;HBA-PD007-00049;HBA-PD007-00050;HBA-PD007-00051;HBA-PD007-00052,51,,SRC-DOCS-ARCHITECTURE-EXTENSION-DOMAIN-CONTRACTS,ACCEPTED_GATE4,
SUB-19-01-07_DOCS-ARCHITECTURE-PERSISTENCE-CONTRACT,DOCS ARCHITECTURE PERSISTENCE CONTRACT,KTY-19-01_Architecture-and-ADR-Reference,CAT-019,DOCS ARCHITECTURE PERSISTENCE CONTRACT,HBA-PD008-00001;HBA-PD008-00002;HBA-PD008-00003;HBA-PD008-00004;HBA-PD008-00005;HBA-PD008-00006;HBA-PD008-00007;HBA-PD008-00008;HBA-PD008-00009;HBA-PD008-00010;HBA-PD008-00011;HBA-PD008-00012;HBA-PD008-00013;HBA-PD008-00014;HBA-PD008-00015;HBA-PD008-00016;HBA-PD008-00017;HBA-PD008-00018;HBA-PD008-00019;HBA-PD008-00020;HBA-PD008-00021;HBA-PD008-00022;HBA-PD008-00023;HBA-PD008-00024;HBA-PD008-00025;HBA-PD008-00026;HBA-PD008-00027;HBA-PD008-00028;HBA-PD008-00029;HBA-PD008-00030;HBA-PD008-00031;HBA-PD008-00032;HBA-PD008-00033;HBA-PD008-00034;HBA-PD008-00035;HBA-PD008-00036;HBA-PD008-00037;HBA-PD008-00038;HBA-PD008-00039;HBA-PD008-00040;HBA-PD008-00041;HBA-PD008-00042;HBA-PD008-00043;HBA-PD008-00044;HBA-PD008-00045;HBA-PD008-00046;HBA-PD008-00047;HBA-PD008-00048;HBA-PD008-00049;HBA-PD008-00050;HBA-PD008-00051;HBA-PD008-00052;HBA-PD008-00053;HBA-PD008-00054;HBA-PD008-00055;HBA-PD008-00056;HBA-PD008-00057;HBA-PD008-00058;HBA-PD008-00059;HBA-PD008-00060;HBA-PD008-00061;HBA-PD008-00062;HBA-PD008-00063;HBA-PD008-00064;HBA-PD008-00065;HBA-PD008-00066;HBA-PD008-00067;HBA-PD008-00068;HBA-PD008-00069;HBA-PD008-00070;HBA-PD008-00071;HBA-PD008-00072;HBA-PD008-00073;HBA-PD008-00074;HBA-PD008-00075;HBA-PD008-00076;HBA-PD008-00077;HBA-PD008-00078;HBA-PD008-00079;HBA-PD008-00080,80,,SRC-DOCS-ARCHITECTURE-PERSISTENCE-CONTRACT,ACCEPTED_GATE4,
SUB-19-01-08_DOCS-ARCHITECTURE-PLUGIN-BOUNDARY,DOCS ARCHITECTURE PLUGIN BOUNDARY,KTY-19-01_Architecture-and-ADR-Reference,CAT-019,DOCS ARCHITECTURE PLUGIN BOUNDARY,HBA-PD009-00001;HBA-PD009-00002;HBA-PD009-00003;HBA-PD009-00004;HBA-PD009-00005;HBA-PD009-00006;HBA-PD009-00007;HBA-PD009-00008;HBA-PD009-00009;HBA-PD009-00010;HBA-PD009-00011;HBA-PD009-00012;HBA-PD009-00013;HBA-PD009-00014;HBA-PD009-00015;HBA-PD009-00016;HBA-PD009-00017;HBA-PD009-00018;HBA-PD009-00019;HBA-PD009-00020;HBA-PD009-00021;HBA-PD009-00022;HBA-PD009-00023;HBA-PD009-00024;HBA-PD009-00025;HBA-PD009-00026;HBA-PD009-00027;HBA-PD009-00028;HBA-PD009-00029;HBA-PD009-00030;HBA-PD009-00032;HBA-PD009-00033;HBA-PD009-00034;HBA-PD009-00035;HBA-PD009-00036;HBA-PD009-00038;HBA-PD009-00039;HBA-PD009-00040;HBA-PD009-00041;HBA-PD009-00042;HBA-PD009-00043;HBA-PD009-00044;HBA-PD009-00045;HBA-PD009-00046;HBA-PD009-00047;HBA-PD009-00048;HBA-PD009-00049;HBA-PD009-00050;HBA-PD009-00051;HBA-PD009-00052;HBA-PD009-00053;HBA-PD009-00054;HBA-PD009-00055;HBA-PD009-00056;HBA-PD009-00057;HBA-PD009-00058;HBA-PD009-00060;HBA-PD009-00061,58,,SRC-DOCS-ARCHITECTURE-PLUGIN-BOUNDARY,ACCEPTED_GATE4,
SUB-19-01-09_DOCS-THEORY-CENTERLINE-ANALYSIS,DOCS THEORY CENTERLINE ANALYSIS,KTY-19-01_Architecture-and-ADR-Reference,CAT-019,DOCS THEORY CENTERLINE ANALYSIS,HBA-PD037-00001;HBA-PD037-00002;HBA-PD037-00003;HBA-PD037-00004;HBA-PD037-00005;HBA-PD037-00007;HBA-PD037-00008;HBA-PD037-00009;HBA-PD037-00010;HBA-PD037-00011;HBA-PD037-00013;HBA-PD037-00014;HBA-PD037-00015;HBA-PD037-00016;HBA-PD037-00017;HBA-PD037-00018;HBA-PD037-00019;HBA-PD037-00020;HBA-PD037-00021;HBA-PD037-00022;HBA-PD037-00023;HBA-PD037-00024;HBA-PD037-00025;HBA-PD037-00026;HBA-PD037-00027;HBA-PD037-00028;HBA-PD037-00029;HBA-PD037-00030;HBA-PD037-00031;HBA-PD037-00032;HBA-PD037-00033;HBA-PD037-00034;HBA-PD037-00035;HBA-PD037-00036;HBA-PD037-00037;HBA-PD037-00038;HBA-PD037-00039;HBA-PD037-00040;HBA-PD037-00041;HBA-PD037-00042;HBA-PD037-00043;HBA-PD037-00044;HBA-PD037-00045;HBA-PD037-00046;HBA-PD037-00047;HBA-PD037-00048;HBA-PD037-00049;HBA-PD037-00050;HBA-PD037-00051;HBA-PD037-00052;HBA-PD037-00053;HBA-PD037-00054;HBA-PD037-00055;HBA-PD037-00056;HBA-PD037-00057;HBA-PD037-00058;HBA-PD037-00059;HBA-PD037-00060;HBA-PD037-00061;HBA-PD037-00062;HBA-PD037-00064;HBA-PD037-00065;HBA-PD037-00066;HBA-PD037-00067;HBA-PD037-00068;HBA-PD037-00069;HBA-PD037-00070;HBA-PD037-00071;HBA-PD037-00072;HBA-PD037-00073;HBA-PD037-00074;HBA-PD037-00075;HBA-PD037-00076;HBA-PD037-00077;HBA-PD037-00078;HBA-PD037-00079;HBA-PD037-00080;HBA-PD037-00081;HBA-PD037-00082;HBA-PD037-00083;HBA-PD037-00084;HBA-PD037-00085;HBA-PD037-00089;HBA-PD037-00090;HBA-PD037-00091,85,,SRC-DOCS-THEORY-CENTERLINE-ANALYSIS,ACCEPTED_GATE4,
SUB-19-02-01_DOCS-DIRECTIVE,DOCS DIRECTIVE,KTY-19-02_Product-Requirements-and-Intent,CAT-019,DOCS DIRECTIVE,HBA-PD014-00001;HBA-PD014-00002;HBA-PD014-00003;HBA-PD014-00004;HBA-PD014-00005;HBA-PD014-00006;HBA-PD014-00007;HBA-PD014-00008;HBA-PD014-00009;HBA-PD014-00010;HBA-PD014-00011;HBA-PD014-00012;HBA-PD014-00013;HBA-PD014-00014;HBA-PD014-00015;HBA-PD014-00016;HBA-PD014-00017;HBA-PD014-00018;HBA-PD014-00019;HBA-PD014-00020;HBA-PD014-00021;HBA-PD014-00022;HBA-PD014-00023;HBA-PD014-00024;HBA-PD014-00025;HBA-PD014-00026;HBA-PD014-00027;HBA-PD014-00028;HBA-PD014-00029;HBA-PD014-00030;HBA-PD014-00031;HBA-PD014-00032;HBA-PD014-00033;HBA-PD014-00034;HBA-PD014-00035;HBA-PD014-00036;HBA-PD014-00037;HBA-PD014-00038;HBA-PD014-00039;HBA-PD014-00040;HBA-PD014-00041;HBA-PD014-00042;HBA-PD014-00043;HBA-PD014-00044;HBA-PD014-00045;HBA-PD014-00046;HBA-PD014-00047;HBA-PD014-00048;HBA-PD014-00049;HBA-PD014-00050;HBA-PD014-00051;HBA-PD014-00052;HBA-PD014-00053;HBA-PD014-00054;HBA-PD014-00055;HBA-PD014-00056;HBA-PD014-00057;HBA-PD014-00058;HBA-PD014-00059;HBA-PD014-00060;HBA-PD014-00061;HBA-PD014-00062,62,,SRC-DOCS-DIRECTIVE,ACCEPTED_GATE4,
SUB-19-02-02_DOCS-INTENT,DOCS INTENT,KTY-19-02_Product-Requirements-and-Intent,CAT-019,DOCS INTENT,HBA-PD017-00002;HBA-PD017-00003;HBA-PD017-00004;HBA-PD017-00005;HBA-PD017-00006;HBA-PD017-00007;HBA-PD017-00008;HBA-PD017-00009;HBA-PD017-00010;HBA-PD017-00011;HBA-PD017-00012;HBA-PD017-00013;HBA-PD017-00014;HBA-PD017-00015;HBA-PD017-00016;HBA-PD017-00017;HBA-PD017-00018;HBA-PD017-00019;HBA-PD017-00020;HBA-PD017-00021;HBA-PD017-00022;HBA-PD017-00023;HBA-PD017-00024;HBA-PD017-00025;HBA-PD017-00026;HBA-PD017-00027;HBA-PD017-00028;HBA-PD017-00029;HBA-PD017-00030;HBA-PD017-00031;HBA-PD017-00032;HBA-PD017-00033;HBA-PD017-00034;HBA-PD017-00035;HBA-PD017-00036;HBA-PD017-00037;HBA-PD017-00038;HBA-PD017-00039;HBA-PD017-00040;HBA-PD017-00041;HBA-PD017-00042;HBA-PD017-00043;HBA-PD017-00044;HBA-PD017-00045;HBA-PD017-00046;HBA-PD017-00047;HBA-PD017-00048;HBA-PD017-00049;HBA-PD017-00050;HBA-PD017-00051;HBA-PD017-00052;HBA-PD017-00053;HBA-PD017-00054;HBA-PD017-00055;HBA-PD017-00056;HBA-PD017-00057;HBA-PD017-00058;HBA-PD017-00059;HBA-PD017-00060;HBA-PD017-00061;HBA-PD017-00062;HBA-PD017-00063;HBA-PD017-00064;HBA-PD017-00065;HBA-PD017-00066;HBA-PD017-00067;HBA-PD017-00068;HBA-PD017-00069;HBA-PD017-00070;HBA-PD017-00071;HBA-PD017-00072;HBA-PD017-00073;HBA-PD017-00074;HBA-PD017-00075;HBA-PD017-00076;HBA-PD017-00077;HBA-PD017-00078;HBA-PD017-00079;HBA-PD017-00080;HBA-PD017-00081;HBA-PD017-00082;HBA-PD017-00083;HBA-PD017-00084;HBA-PD017-00085;HBA-PD017-00086;HBA-PD017-00087;HBA-PD017-00088;HBA-PD017-00089;HBA-PD017-00090;HBA-PD017-00091;HBA-PD017-00092;HBA-PD017-00093;HBA-PD017-00094;HBA-PD017-00095;HBA-PD017-00096;HBA-PD017-00097;HBA-PD017-00098;HBA-PD017-00099;HBA-PD017-00100;HBA-PD017-00101;HBA-PD017-00102;HBA-PD017-00103;HBA-PD017-00104;HBA-PD017-00105;HBA-PD017-00106;HBA-PD017-00107;HBA-PD017-00108;HBA-PD017-00109;HBA-PD017-00110;HBA-PD017-00111;HBA-PD017-00112;HBA-PD017-00113;HBA-PD017-00114;HBA-PD017-00115;HBA-PD017-00116;HBA-PD017-00117;HBA-PD017-00118,117,,SRC-DOCS-INTENT,ACCEPTED_GATE4,
SUB-19-02-03_DOCS-PRD,DOCS PRD,KTY-19-02_Product-Requirements-and-Intent,CAT-019,DOCS PRD,HBA-PD021-00001;HBA-PD021-00002;HBA-PD021-00003;HBA-PD021-00004;HBA-PD021-00005;HBA-PD021-00006;HBA-PD021-00007;HBA-PD021-00008;HBA-PD021-00009;HBA-PD021-00010;HBA-PD021-00011;HBA-PD021-00012;HBA-PD021-00013;HBA-PD021-00014;HBA-PD021-00015;HBA-PD021-00016;HBA-PD021-00017;HBA-PD021-00018;HBA-PD021-00019;HBA-PD021-00020;HBA-PD021-00021;HBA-PD021-00022;HBA-PD021-00023;HBA-PD021-00024;HBA-PD021-00025;HBA-PD021-00026;HBA-PD021-00027;HBA-PD021-00028;HBA-PD021-00029;HBA-PD021-00030;HBA-PD021-00031;HBA-PD021-00032;HBA-PD021-00033;HBA-PD021-00034;HBA-PD021-00035;HBA-PD021-00036;HBA-PD021-00037;HBA-PD021-00038;HBA-PD021-00039;HBA-PD021-00040;HBA-PD021-00041;HBA-PD021-00042;HBA-PD021-00043;HBA-PD021-00044;HBA-PD021-00045;HBA-PD021-00046;HBA-PD021-00047;HBA-PD021-00048;HBA-PD021-00049;HBA-PD021-00050;HBA-PD021-00051;HBA-PD021-00052;HBA-PD021-00053;HBA-PD021-00054;HBA-PD021-00055;HBA-PD021-00056;HBA-PD021-00057;HBA-PD021-00058;HBA-PD021-00059;HBA-PD021-00060;HBA-PD021-00061;HBA-PD021-00062;HBA-PD021-00063;HBA-PD021-00064;HBA-PD021-00065;HBA-PD021-00066;HBA-PD021-00067;HBA-PD021-00068;HBA-PD021-00069;HBA-PD021-00070;HBA-PD021-00071;HBA-PD021-00072;HBA-PD021-00073;HBA-PD021-00074;HBA-PD021-00075;HBA-PD021-00076;HBA-PD021-00077;HBA-PD021-00078;HBA-PD021-00079;HBA-PD021-00080;HBA-PD021-00081;HBA-PD021-00082;HBA-PD021-00083;HBA-PD021-00084;HBA-PD021-00085;HBA-PD021-00086;HBA-PD021-00087;HBA-PD021-00088;HBA-PD021-00089;HBA-PD021-00090;HBA-PD021-00091;HBA-PD021-00092;HBA-PD021-00093;HBA-PD021-00094;HBA-PD021-00095;HBA-PD021-00096;HBA-PD021-00097;HBA-PD021-00098;HBA-PD021-00099;HBA-PD021-00100;HBA-PD021-00101;HBA-PD021-00102;HBA-PD021-00103;HBA-PD021-00104;HBA-PD021-00105;HBA-PD021-00106;HBA-PD021-00107;HBA-PD021-00108;HBA-PD021-00109;HBA-PD021-00110;HBA-PD021-00111;HBA-PD021-00112;HBA-PD021-00113;HBA-PD021-00114;HBA-PD021-00115;HBA-PD021-00116;HBA-PD021-00117;HBA-PD021-00118;HBA-PD021-00119;HBA-PD021-00120;HBA-PD021-00121;HBA-PD021-00122;HBA-PD021-00123;HBA-PD021-00124;HBA-PD021-00125;HBA-PD021-00126;HBA-PD021-00127;HBA-PD021-00128;HBA-PD021-00129;HBA-PD021-00130;HBA-PD021-00131;HBA-PD021-00132;HBA-PD021-00133;HBA-PD021-00134;HBA-PD021-00135;HBA-PD021-00136;HBA-PD021-00137;HBA-PD021-00138;HBA-PD021-00139;HBA-PD021-00140;HBA-PD021-00141;HBA-PD021-00142;HBA-PD021-00143;HBA-PD021-00144;HBA-PD021-00145;HBA-PD021-00146;HBA-PD021-00147;HBA-PD021-00148;HBA-PD021-00149;HBA-PD021-00150;HBA-PD021-00151;HBA-PD021-00152;HBA-PD021-00153;HBA-PD021-00154;HBA-PD021-00155;HBA-PD021-00156;HBA-PD021-00157;HBA-PD021-00158;HBA-PD021-00159;HBA-PD021-00160;HBA-PD021-00161;HBA-PD021-00162;HBA-PD021-00163;HBA-PD021-00164;HBA-PD021-00165;HBA-PD021-00166;HBA-PD021-00167;HBA-PD021-00168;HBA-PD021-00169;HBA-PD021-00170;HBA-PD021-00171;HBA-PD021-00172;HBA-PD021-00173;HBA-PD021-00174;HBA-PD021-00175;HBA-PD021-00176;HBA-PD021-00177;HBA-PD021-00178;HBA-PD021-00179;HBA-PD021-00180;HBA-PD021-00181;HBA-PD021-00182;HBA-PD021-00183;HBA-PD021-00184;HBA-PD021-00185;HBA-PD021-00186;HBA-PD021-00187;HBA-PD021-00188;HBA-PD021-00189;HBA-PD021-00190;HBA-PD021-00191;HBA-PD021-00192;HBA-PD021-00193;HBA-PD021-00194;HBA-PD021-00195;HBA-PD021-00196;HBA-PD021-00197;HBA-PD021-00198;HBA-PD021-00199;HBA-PD021-00200;HBA-PD021-00201;HBA-PD021-00202;HBA-PD021-00203;HBA-PD021-00204;HBA-PD021-00205;HBA-PD021-00206;HBA-PD021-00207;HBA-PD021-00208;HBA-PD021-00209;HBA-PD021-00210;HBA-PD021-00211;HBA-PD021-00212;HBA-PD021-00213;HBA-PD021-00214;HBA-PD021-00215;HBA-PD021-00216;HBA-PD021-00217;HBA-PD021-00218;HBA-PD021-00219;HBA-PD021-00220;HBA-PD021-00221;HBA-PD021-00222;HBA-PD021-00223;HBA-PD021-00224;HBA-PD021-00225;HBA-PD021-00226;HBA-PD021-00227;HBA-PD021-00228;HBA-PD021-00229;HBA-PD021-00230;HBA-PD021-00231;HBA-PD021-00232;HBA-PD021-00233;HBA-PD021-00234;HBA-PD021-00235;HBA-PD021-00236;HBA-PD021-00237;HBA-PD021-00238;HBA-PD021-00239;HBA-PD021-00240;HBA-PD021-00241;HBA-PD021-00242;HBA-PD021-00243;HBA-PD021-00244;HBA-PD021-00245;HBA-PD021-00246;HBA-PD021-00247;HBA-PD021-00248;HBA-PD021-00249;HBA-PD021-00250;HBA-PD021-00251;HBA-PD021-00252;HBA-PD021-00253;HBA-PD021-00254;HBA-PD021-00255;HBA-PD021-00256;HBA-PD021-00257;HBA-PD021-00258;HBA-PD021-00259;HBA-PD021-00260;HBA-PD021-00261;HBA-PD021-00262;HBA-PD021-00263;HBA-PD021-00264;HBA-PD021-00265;HBA-PD021-00266;HBA-PD021-00267;HBA-PD021-00268;HBA-PD021-00269;HBA-PD021-00270;HBA-PD021-00271;HBA-PD021-00272;HBA-PD021-00273;HBA-PD021-00274;HBA-PD021-00275;HBA-PD021-00276;HBA-PD021-00277;HBA-PD021-00278;HBA-PD021-00279;HBA-PD021-00280;HBA-PD021-00291;HBA-PD021-00292;HBA-PD021-00293;HBA-PD021-00294;HBA-PD021-00295;HBA-PD021-00296;HBA-PD021-00297;HBA-PD021-00298;HBA-PD021-00299;HBA-PD021-00300;HBA-PD021-00301;HBA-PD021-00302;HBA-PD021-00303;HBA-PD021-00304;HBA-PD021-00305;HBA-PD021-00306;HBA-PD021-00307;HBA-PD021-00308;HBA-PD021-00309;HBA-PD021-00310,300,,SRC-DOCS-PRD,ACCEPTED_GATE4,
SUB-19-03-01_DOCS-SPEC,DOCS SPEC,KTY-19-03_System-Specification,CAT-019,DOCS SPEC,HBA-PD036-00002;HBA-PD036-00003;HBA-PD036-00004;HBA-PD036-00005;HBA-PD036-00006;HBA-PD036-00007;HBA-PD036-00008;HBA-PD036-00009;HBA-PD036-00010;HBA-PD036-00011;HBA-PD036-00012;HBA-PD036-00013;HBA-PD036-00014;HBA-PD036-00015;HBA-PD036-00016;HBA-PD036-00017;HBA-PD036-00018;HBA-PD036-00019;HBA-PD036-00020;HBA-PD036-00021;HBA-PD036-00022;HBA-PD036-00023;HBA-PD036-00024;HBA-PD036-00025;HBA-PD036-00026;HBA-PD036-00027;HBA-PD036-00028;HBA-PD036-00029;HBA-PD036-00030;HBA-PD036-00031;HBA-PD036-00032;HBA-PD036-00033;HBA-PD036-00034;HBA-PD036-00035;HBA-PD036-00036;HBA-PD036-00037;HBA-PD036-00038;HBA-PD036-00039;HBA-PD036-00040;HBA-PD036-00041;HBA-PD036-00042;HBA-PD036-00043;HBA-PD036-00044;HBA-PD036-00045;HBA-PD036-00046;HBA-PD036-00047;HBA-PD036-00048;HBA-PD036-00049;HBA-PD036-00050;HBA-PD036-00051;HBA-PD036-00052;HBA-PD036-00053;HBA-PD036-00054;HBA-PD036-00055;HBA-PD036-00056;HBA-PD036-00057;HBA-PD036-00058;HBA-PD036-00059;HBA-PD036-00060;HBA-PD036-00061;HBA-PD036-00062;HBA-PD036-00063;HBA-PD036-00064;HBA-PD036-00065;HBA-PD036-00066;HBA-PD036-00067;HBA-PD036-00068;HBA-PD036-00069;HBA-PD036-00070;HBA-PD036-00071;HBA-PD036-00072;HBA-PD036-00073;HBA-PD036-00074;HBA-PD036-00075;HBA-PD036-00076;HBA-PD036-00077;HBA-PD036-00078;HBA-PD036-00079;HBA-PD036-00080;HBA-PD036-00081;HBA-PD036-00082;HBA-PD036-00083;HBA-PD036-00084;HBA-PD036-00085;HBA-PD036-00086;HBA-PD036-00087;HBA-PD036-00088;HBA-PD036-00089;HBA-PD036-00090;HBA-PD036-00091;HBA-PD036-00092;HBA-PD036-00093;HBA-PD036-00094;HBA-PD036-00095;HBA-PD036-00096;HBA-PD036-00097;HBA-PD036-00098;HBA-PD036-00099;HBA-PD036-00100;HBA-PD036-00101;HBA-PD036-00102;HBA-PD036-00103;HBA-PD036-00104;HBA-PD036-00105;HBA-PD036-00106;HBA-PD036-00107;HBA-PD036-00108;HBA-PD036-00109;HBA-PD036-00110;HBA-PD036-00111;HBA-PD036-00112;HBA-PD036-00113;HBA-PD036-00114;HBA-PD036-00115;HBA-PD036-00116;HBA-PD036-00117;HBA-PD036-00118;HBA-PD036-00119;HBA-PD036-00120;HBA-PD036-00121;HBA-PD036-00122;HBA-PD036-00123;HBA-PD036-00124;HBA-PD036-00125;HBA-PD036-00126;HBA-PD036-00127;HBA-PD036-00128;HBA-PD036-00129;HBA-PD036-00130;HBA-PD036-00131;HBA-PD036-00132;HBA-PD036-00133;HBA-PD036-00134;HBA-PD036-00135;HBA-PD036-00136;HBA-PD036-00137;HBA-PD036-00138;HBA-PD036-00139;HBA-PD036-00140;HBA-PD036-00141;HBA-PD036-00142;HBA-PD036-00143;HBA-PD036-00144;HBA-PD036-00145;HBA-PD036-00146;HBA-PD036-00147;HBA-PD036-00148;HBA-PD036-00149;HBA-PD036-00150;HBA-PD036-00151;HBA-PD036-00152;HBA-PD036-00153;HBA-PD036-00154;HBA-PD036-00155;HBA-PD036-00156;HBA-PD036-00157;HBA-PD036-00158;HBA-PD036-00159;HBA-PD036-00160;HBA-PD036-00161;HBA-PD036-00162;HBA-PD036-00163;HBA-PD036-00164;HBA-PD036-00165;HBA-PD036-00166;HBA-PD036-00167;HBA-PD036-00168;HBA-PD036-00169;HBA-PD036-00170;HBA-PD036-00171;HBA-PD036-00172;HBA-PD036-00173;HBA-PD036-00174;HBA-PD036-00175;HBA-PD036-00176;HBA-PD036-00177;HBA-PD036-00178;HBA-PD036-00179;HBA-PD036-00180;HBA-PD036-00181;HBA-PD036-00182;HBA-PD036-00183;HBA-PD036-00184;HBA-PD036-00185;HBA-PD036-00186;HBA-PD036-00187;HBA-PD036-00188;HBA-PD036-00189;HBA-PD036-00190;HBA-PD036-00191;HBA-PD036-00192;HBA-PD036-00193;HBA-PD036-00194;HBA-PD036-00195;HBA-PD036-00196;HBA-PD036-00197;HBA-PD036-00198;HBA-PD036-00199;HBA-PD036-00200;HBA-PD036-00201;HBA-PD036-00202;HBA-PD036-00203;HBA-PD036-00204;HBA-PD036-00205;HBA-PD036-00206;HBA-PD036-00207;HBA-PD036-00208;HBA-PD036-00209;HBA-PD036-00210;HBA-PD036-00211;HBA-PD036-00212;HBA-PD036-00213;HBA-PD036-00214;HBA-PD036-00215;HBA-PD036-00216;HBA-PD036-00217;HBA-PD036-00218;HBA-PD036-00219;HBA-PD036-00220;HBA-PD036-00221;HBA-PD036-00222;HBA-PD036-00223;HBA-PD036-00224;HBA-PD036-00225;HBA-PD036-00226;HBA-PD036-00227;HBA-PD036-00228;HBA-PD036-00229;HBA-PD036-00230;HBA-PD036-00231;HBA-PD036-00232;HBA-PD036-00233;HBA-PD036-00234;HBA-PD036-00235;HBA-PD036-00236;HBA-PD036-00237;HBA-PD036-00238;HBA-PD036-00239;HBA-PD036-00240;HBA-PD036-00241;HBA-PD036-00242;HBA-PD036-00243;HBA-PD036-00244;HBA-PD036-00245;HBA-PD036-00246;HBA-PD036-00247;HBA-PD036-00248;HBA-PD036-00249;HBA-PD036-00250;HBA-PD036-00251;HBA-PD036-00252;HBA-PD036-00253;HBA-PD036-00254;HBA-PD036-00255;HBA-PD036-00256;HBA-PD036-00257;HBA-PD036-00258;HBA-PD036-00259;HBA-PD036-00260;HBA-PD036-00261;HBA-PD036-00262;HBA-PD036-00263;HBA-PD036-00264;HBA-PD036-00265;HBA-PD036-00266;HBA-PD036-00267;HBA-PD036-00268;HBA-PD036-00269;HBA-PD036-00270;HBA-PD036-00271;HBA-PD036-00272;HBA-PD036-00273;HBA-PD036-00274;HBA-PD036-00275;HBA-PD036-00276;HBA-PD036-00277;HBA-PD036-00278,277,,SRC-DOCS-SPEC,ACCEPTED_GATE4,
SUB-19-04-01_DOCS-CONTRACT,DOCS CONTRACT,KTY-19-04_Type-and-Interface-Contract-Reference,CAT-019,DOCS CONTRACT,HBA-PD011-00002;HBA-PD011-00003;HBA-PD011-00005;HBA-PD011-00006;HBA-PD011-00007;HBA-PD011-00008;HBA-PD011-00009;HBA-PD011-00010;HBA-PD011-00011;HBA-PD011-00012;HBA-PD011-00013;HBA-PD011-00014;HBA-PD011-00015;HBA-PD011-00016;HBA-PD011-00017;HBA-PD011-00018;HBA-PD011-00019;HBA-PD011-00020;HBA-PD011-00021;HBA-PD011-00022;HBA-PD011-00023;HBA-PD011-00024;HBA-PD011-00025;HBA-PD011-00026;HBA-PD011-00027;HBA-PD011-00028;HBA-PD011-00029;HBA-PD011-00030;HBA-PD011-00031;HBA-PD011-00032;HBA-PD011-00033;HBA-PD011-00034;HBA-PD011-00036;HBA-PD011-00037;HBA-PD011-00038;HBA-PD011-00039;HBA-PD011-00040;HBA-PD011-00041;HBA-PD011-00042;HBA-PD011-00043;HBA-PD011-00045,41,,SRC-DOCS-CONTRACT,ACCEPTED_GATE4,
SUB-19-04-02_DOCS-TYPES,DOCS TYPES,KTY-19-04_Type-and-Interface-Contract-Reference,CAT-019,DOCS TYPES,HBA-PD038-00001;HBA-PD038-00002;HBA-PD038-00003;HBA-PD038-00004;HBA-PD038-00005;HBA-PD038-00006;HBA-PD038-00007;HBA-PD038-00008;HBA-PD038-00009;HBA-PD038-00010;HBA-PD038-00011;HBA-PD038-00012;HBA-PD038-00013;HBA-PD038-00014;HBA-PD038-00015;HBA-PD038-00016;HBA-PD038-00017;HBA-PD038-00018;HBA-PD038-00019;HBA-PD038-00020;HBA-PD038-00021;HBA-PD038-00022;HBA-PD038-00023;HBA-PD038-00024;HBA-PD038-00025;HBA-PD038-00026;HBA-PD038-00027;HBA-PD038-00028;HBA-PD038-00029;HBA-PD038-00030;HBA-PD038-00031;HBA-PD038-00032;HBA-PD038-00033;HBA-PD038-00034;HBA-PD038-00035;HBA-PD038-00036;HBA-PD038-00037;HBA-PD038-00038;HBA-PD038-00039;HBA-PD038-00040;HBA-PD038-00041;HBA-PD038-00042;HBA-PD038-00043;HBA-PD038-00044;HBA-PD038-00045;HBA-PD038-00046;HBA-PD038-00047;HBA-PD038-00048;HBA-PD038-00049;HBA-PD038-00050;HBA-PD038-00051;HBA-PD038-00052;HBA-PD038-00053;HBA-PD038-00054;HBA-PD038-00055;HBA-PD038-00056;HBA-PD038-00057;HBA-PD038-00058;HBA-PD038-00059;HBA-PD038-00060;HBA-PD038-00061;HBA-PD038-00062;HBA-PD038-00063;HBA-PD038-00064;HBA-PD038-00065;HBA-PD038-00066;HBA-PD038-00067;HBA-PD038-00068;HBA-PD038-00069;HBA-PD038-00070;HBA-PD038-00071;HBA-PD038-00072;HBA-PD038-00073;HBA-PD038-00074;HBA-PD038-00075;HBA-PD038-00076;HBA-PD038-00077;HBA-PD038-00078;HBA-PD038-00079;HBA-PD038-00080;HBA-PD038-00081;HBA-PD038-00082;HBA-PD038-00083;HBA-PD038-00084;HBA-PD038-00085;HBA-PD038-00086;HBA-PD038-00087;HBA-PD038-00088;HBA-PD038-00089;HBA-PD038-00090;HBA-PD038-00091;HBA-PD038-00092;HBA-PD038-00093;HBA-PD038-00094;HBA-PD038-00095;HBA-PD038-00096;HBA-PD038-00097;HBA-PD038-00098;HBA-PD038-00099;HBA-PD038-00100;HBA-PD038-00101;HBA-PD038-00102;HBA-PD038-00103;HBA-PD038-00104;HBA-PD038-00105;HBA-PD038-00106;HBA-PD038-00107;HBA-PD038-00108;HBA-PD038-00109;HBA-PD038-00110;HBA-PD038-00111;HBA-PD038-00112;HBA-PD038-00113;HBA-PD038-00114;HBA-PD038-00115;HBA-PD038-00116;HBA-PD038-00117;HBA-PD038-00118;HBA-PD038-00119;HBA-PD038-00120;HBA-PD038-00121;HBA-PD038-00122;HBA-PD038-00123;HBA-PD038-00124;HBA-PD038-00125;HBA-PD038-00126;HBA-PD038-00127;HBA-PD038-00128;HBA-PD038-00129;HBA-PD038-00130;HBA-PD038-00131;HBA-PD038-00132;HBA-PD038-00133;HBA-PD038-00134;HBA-PD038-00135;HBA-PD038-00136;HBA-PD038-00137;HBA-PD038-00138;HBA-PD038-00139;HBA-PD038-00140;HBA-PD038-00141;HBA-PD038-00142;HBA-PD038-00143;HBA-PD038-00144;HBA-PD038-00145;HBA-PD038-00146;HBA-PD038-00147;HBA-PD038-00148;HBA-PD038-00149,149,,SRC-DOCS-TYPES,ACCEPTED_GATE4,
SUB-19-05-01_DOCS-README,DOCS README,KTY-19-05_Product-Overview-Reference,CAT-019,DOCS README,HBA-PD023-00001;HBA-PD023-00002;HBA-PD023-00003;HBA-PD023-00004;HBA-PD023-00005;HBA-PD023-00006;HBA-PD023-00007;HBA-PD023-00008;HBA-PD023-00009;HBA-PD023-00010;HBA-PD023-00011;HBA-PD023-00012;HBA-PD023-00013;HBA-PD023-00014;HBA-PD023-00015;HBA-PD023-00016;HBA-PD023-00017;HBA-PD023-00018;HBA-PD023-00019;HBA-PD023-00020;HBA-PD023-00021;HBA-PD023-00022;HBA-PD023-00023;HBA-PD023-00024;HBA-PD023-00025;HBA-PD023-00026;HBA-PD023-00027;HBA-PD023-00028;HBA-PD023-00029;HBA-PD023-00030;HBA-PD023-00031;HBA-PD023-00032;HBA-PD023-00033;HBA-PD023-00034;HBA-PD023-00035;HBA-PD023-00036;HBA-PD023-00037;HBA-PD023-00038,38,,SRC-DOCS-README,ACCEPTED_GATE4,
SUB-20-01-01_DOCS-PLAN,DOCS PLAN,KTY-20-01_Implementation-Plan,CAT-020,DOCS PLAN,HBA-PD020-00001;HBA-PD020-00002;HBA-PD020-00003;HBA-PD020-00004;HBA-PD020-00005;HBA-PD020-00006;HBA-PD020-00007;HBA-PD020-00008;HBA-PD020-00009;HBA-PD020-00010;HBA-PD020-00011;HBA-PD020-00012;HBA-PD020-00013;HBA-PD020-00014;HBA-PD020-00015;HBA-PD020-00016;HBA-PD020-00017;HBA-PD020-00018;HBA-PD020-00019;HBA-PD020-00020;HBA-PD020-00021;HBA-PD020-00022;HBA-PD020-00023;HBA-PD020-00024;HBA-PD020-00025;HBA-PD020-00026;HBA-PD020-00027;HBA-PD020-00028;HBA-PD020-00029;HBA-PD020-00030;HBA-PD020-00031;HBA-PD020-00032;HBA-PD020-00033;HBA-PD020-00034;HBA-PD020-00035;HBA-PD020-00036;HBA-PD020-00037;HBA-PD020-00038;HBA-PD020-00039;HBA-PD020-00040;HBA-PD020-00041;HBA-PD020-00042;HBA-PD020-00043;HBA-PD020-00044;HBA-PD020-00045;HBA-PD020-00046;HBA-PD020-00047;HBA-PD020-00048;HBA-PD020-00049;HBA-PD020-00050;HBA-PD020-00051;HBA-PD020-00052;HBA-PD020-00053;HBA-PD020-00054;HBA-PD020-00055;HBA-PD020-00056;HBA-PD020-00057;HBA-PD020-00058;HBA-PD020-00059;HBA-PD020-00060;HBA-PD020-00061;HBA-PD020-00062;HBA-PD020-00063;HBA-PD020-00064;HBA-PD020-00065,65,,SRC-DOCS-PLAN,ACCEPTED_GATE4,
SUB-20-02-01_DOCS-BUILD-AND-RELEASE,DOCS BUILD AND RELEASE,KTY-20-02_Build-and-Release-Guidance,CAT-020,DOCS BUILD AND RELEASE,HBA-PD010-00002;HBA-PD010-00003;HBA-PD010-00004;HBA-PD010-00005;HBA-PD010-00006;HBA-PD010-00007;HBA-PD010-00008;HBA-PD010-00009;HBA-PD010-00010;HBA-PD010-00011;HBA-PD010-00012;HBA-PD010-00013;HBA-PD010-00014;HBA-PD010-00015;HBA-PD010-00016;HBA-PD010-00017;HBA-PD010-00018;HBA-PD010-00019;HBA-PD010-00020;HBA-PD010-00021;HBA-PD010-00022;HBA-PD010-00023;HBA-PD010-00024;HBA-PD010-00025;HBA-PD010-00026;HBA-PD010-00027;HBA-PD010-00028;HBA-PD010-00029;HBA-PD010-00030;HBA-PD010-00031;HBA-PD010-00032;HBA-PD010-00033;HBA-PD010-00034;HBA-PD010-00035;HBA-PD010-00036;HBA-PD010-00037;HBA-PD010-00038;HBA-PD010-00039;HBA-PD010-00040;HBA-PD010-00041;HBA-PD010-00042;HBA-PD010-00043;HBA-PD010-00044;HBA-PD010-00045;HBA-PD010-00046;HBA-PD010-00047;HBA-PD010-00048;HBA-PD010-00049;HBA-PD010-00050;HBA-PD010-00051;HBA-PD010-00052;HBA-PD010-00053;HBA-PD010-00054;HBA-PD010-00055;HBA-PD010-00056;HBA-PD010-00057;HBA-PD010-00058;HBA-PD010-00059;HBA-PD010-00060;HBA-PD010-00061;HBA-PD010-00062;HBA-PD010-00063;HBA-PD010-00064;HBA-PD010-00065;HBA-PD010-00066;HBA-PD010-00067;HBA-PD010-00068;HBA-PD010-00069;HBA-PD010-00070;HBA-PD010-00071;HBA-PD010-00072;HBA-PD010-00073;HBA-PD010-00074;HBA-PD010-00075;HBA-PD010-00076;HBA-PD010-00077;HBA-PD010-00078;HBA-PD010-00079;HBA-PD010-00080;HBA-PD010-00081;HBA-PD010-00082;HBA-PD010-00083;HBA-PD010-00084;HBA-PD010-00085;HBA-PD010-00086;HBA-PD010-00087;HBA-PD010-00088;HBA-PD010-00089;HBA-PD010-00090;HBA-PD010-00091;HBA-PD010-00092;HBA-PD010-00093;HBA-PD010-00094;HBA-PD010-00095;HBA-PD010-00096;HBA-PD010-00097;HBA-PD010-00098;HBA-PD010-00099,98,,SRC-DOCS-BUILD-AND-RELEASE,ACCEPTED_GATE4,
SUB-20-02-02_DOCS-RELEASE-NOTES-TEMPLATE,DOCS RELEASE NOTES TEMPLATE,KTY-20-02_Build-and-Release-Guidance,CAT-020,DOCS RELEASE NOTES TEMPLATE,HBA-PD024-00001;HBA-PD024-00002;HBA-PD024-00003;HBA-PD024-00004;HBA-PD024-00005;HBA-PD024-00006;HBA-PD024-00007;HBA-PD024-00008;HBA-PD024-00009;HBA-PD024-00010;HBA-PD024-00011;HBA-PD024-00012;HBA-PD024-00013;HBA-PD024-00014;HBA-PD024-00015;HBA-PD024-00016;HBA-PD024-00017;HBA-PD024-00018;HBA-PD024-00019;HBA-PD024-00020;HBA-PD024-00021;HBA-PD024-00022;HBA-PD024-00023;HBA-PD024-00024;HBA-PD024-00025;HBA-PD024-00026;HBA-PD024-00027;HBA-PD024-00028,28,,SRC-DOCS-RELEASE-NOTES-TEMPLATE,ACCEPTED_GATE4,
SUB-20-02-03_DOCS-RELEASE-QUALITY-GATES,DOCS RELEASE QUALITY GATES,KTY-20-02_Build-and-Release-Guidance,CAT-020,DOCS RELEASE QUALITY GATES,HBA-PD025-00001;HBA-PD025-00002;HBA-PD025-00003;HBA-PD025-00004;HBA-PD025-00005;HBA-PD025-00006;HBA-PD025-00007;HBA-PD025-00008;HBA-PD025-00009;HBA-PD025-00010;HBA-PD025-00011;HBA-PD025-00012;HBA-PD025-00013;HBA-PD025-00014;HBA-PD025-00015;HBA-PD025-00016;HBA-PD025-00017;HBA-PD025-00018;HBA-PD025-00019;HBA-PD025-00020;HBA-PD025-00021;HBA-PD025-00022;HBA-PD025-00023;HBA-PD025-00024;HBA-PD025-00025;HBA-PD025-00026;HBA-PD025-00027;HBA-PD025-00028;HBA-PD025-00029;HBA-PD025-00030;HBA-PD025-00031;HBA-PD025-00032;HBA-PD025-00033;HBA-PD025-00034;HBA-PD025-00035;HBA-PD025-00036;HBA-PD025-00037;HBA-PD025-00038;HBA-PD025-00039;HBA-PD025-00040;HBA-PD025-00041;HBA-PD025-00042;HBA-PD025-00043;HBA-PD025-00044;HBA-PD025-00046;HBA-PD025-00047;HBA-PD025-00048;HBA-PD025-00049;HBA-PD025-00050;HBA-PD025-00051;HBA-PD025-00052;HBA-PD025-00053;HBA-PD025-00054;HBA-PD025-00055;HBA-PD025-00056;HBA-PD025-00057;HBA-PD025-00058;HBA-PD025-00059;HBA-PD025-00060;HBA-PD025-00061;HBA-PD025-00062;HBA-PD025-00063;HBA-PD025-00064;HBA-PD025-00065;HBA-PD025-00069;HBA-PD025-00070,66,,SRC-DOCS-RELEASE-QUALITY-GATES,ACCEPTED_GATE4,
SUB-20-03-01_DOCS-AGENTIC-DEVELOPMENT-WORKFLOW,DOCS AGENTIC DEVELOPMENT WORKFLOW,KTY-20-03_Development-Process-Guidance,CAT-020,DOCS AGENTIC DEVELOPMENT WORKFLOW,HBA-PD001-00001;HBA-PD001-00002;HBA-PD001-00003;HBA-PD001-00004;HBA-PD001-00005;HBA-PD001-00006;HBA-PD001-00007;HBA-PD001-00008;HBA-PD001-00009;HBA-PD001-00010;HBA-PD001-00011;HBA-PD001-00012;HBA-PD001-00013;HBA-PD001-00014;HBA-PD001-00015;HBA-PD001-00016;HBA-PD001-00017;HBA-PD001-00018;HBA-PD001-00019;HBA-PD001-00020;HBA-PD001-00021;HBA-PD001-00022;HBA-PD001-00023;HBA-PD001-00024;HBA-PD001-00025;HBA-PD001-00026;HBA-PD001-00027;HBA-PD001-00028;HBA-PD001-00029;HBA-PD001-00030;HBA-PD001-00031;HBA-PD001-00032;HBA-PD001-00033;HBA-PD001-00034;HBA-PD001-00035;HBA-PD001-00036;HBA-PD001-00037;HBA-PD001-00038;HBA-PD001-00039;HBA-PD001-00040;HBA-PD001-00041;HBA-PD001-00042;HBA-PD001-00043;HBA-PD001-00044;HBA-PD001-00045;HBA-PD001-00046;HBA-PD001-00047;HBA-PD001-00048;HBA-PD001-00049;HBA-PD001-00050;HBA-PD001-00051;HBA-PD001-00052;HBA-PD001-00053;HBA-PD001-00054;HBA-PD001-00055;HBA-PD001-00056;HBA-PD001-00057;HBA-PD001-00058;HBA-PD001-00059;HBA-PD001-00060;HBA-PD001-00061;HBA-PD001-00062;HBA-PD001-00063;HBA-PD001-00064;HBA-PD001-00065;HBA-PD001-00066;HBA-PD001-00067;HBA-PD001-00068;HBA-PD001-00069;HBA-PD001-00070;HBA-PD001-00071;HBA-PD001-00072;HBA-PD001-00073;HBA-PD001-00074;HBA-PD001-00075;HBA-PD001-00076;HBA-PD001-00077;HBA-PD001-00078;HBA-PD001-00079;HBA-PD001-00080;HBA-PD001-00081;HBA-PD001-00082;HBA-PD001-00083;HBA-PD001-00084;HBA-PD001-00085;HBA-PD001-00086;HBA-PD001-00087;HBA-PD001-00088;HBA-PD001-00089;HBA-PD001-00090;HBA-PD001-00091;HBA-PD001-00092;HBA-PD001-00093;HBA-PD001-00094;HBA-PD001-00095;HBA-PD001-00096;HBA-PD001-00097;HBA-PD001-00098;HBA-PD001-00099,99,,SRC-DOCS-AGENTIC-DEVELOPMENT-WORKFLOW,ACCEPTED_GATE4,
SUB-20-04-01_DOCS-VALIDATION-MANUAL-INDEX,DOCS VALIDATION MANUAL INDEX,KTY-20-04_Validation-Strategy-Reference,CAT-020,DOCS VALIDATION MANUAL INDEX,HBA-PD040-00002;HBA-PD040-00003;HBA-PD040-00004;HBA-PD040-00005;HBA-PD040-00006;HBA-PD040-00007;HBA-PD040-00008;HBA-PD040-00009;HBA-PD040-00010;HBA-PD040-00011;HBA-PD040-00012;HBA-PD040-00013;HBA-PD040-00014;HBA-PD040-00015;HBA-PD040-00016;HBA-PD040-00017;HBA-PD040-00018;HBA-PD040-00019;HBA-PD040-00020;HBA-PD040-00021;HBA-PD040-00022;HBA-PD040-00023;HBA-PD040-00024;HBA-PD040-00025;HBA-PD040-00026;HBA-PD040-00027;HBA-PD040-00028;HBA-PD040-00029;HBA-PD040-00030;HBA-PD040-00031;HBA-PD040-00032;HBA-PD040-00033;HBA-PD040-00034;HBA-PD040-00035;HBA-PD040-00036;HBA-PD040-00037;HBA-PD040-00038;HBA-PD040-00039;HBA-PD040-00040;HBA-PD040-00041;HBA-PD040-00042;HBA-PD040-00043;HBA-PD040-00044;HBA-PD040-00045;HBA-PD040-00046;HBA-PD040-00047;HBA-PD040-00048;HBA-PD040-00049;HBA-PD040-00050;HBA-PD040-00051;HBA-PD040-00052;HBA-PD040-00053;HBA-PD040-00054;HBA-PD040-00055;HBA-PD040-00056;HBA-PD040-00057;HBA-PD040-00058;HBA-PD040-00059;HBA-PD040-00060;HBA-PD040-00061;HBA-PD040-00062;HBA-PD040-00063;HBA-PD040-00064;HBA-PD040-00065;HBA-PD040-00066;HBA-PD040-00067;HBA-PD040-00068;HBA-PD040-00069,68,,SRC-DOCS-VALIDATION-MANUAL-INDEX,ACCEPTED_GATE4,
SUB-20-04-02_DOCS-VALIDATION-STRATEGY,DOCS VALIDATION STRATEGY,KTY-20-04_Validation-Strategy-Reference,CAT-020,DOCS VALIDATION STRATEGY,HBA-PD041-00001;HBA-PD041-00002;HBA-PD041-00003;HBA-PD041-00004;HBA-PD041-00005;HBA-PD041-00006;HBA-PD041-00007;HBA-PD041-00008;HBA-PD041-00009;HBA-PD041-00010;HBA-PD041-00011;HBA-PD041-00012;HBA-PD041-00013;HBA-PD041-00014;HBA-PD041-00015;HBA-PD041-00016;HBA-PD041-00017;HBA-PD041-00018;HBA-PD041-00019;HBA-PD041-00020;HBA-PD041-00021;HBA-PD041-00022;HBA-PD041-00023;HBA-PD041-00024;HBA-PD041-00025;HBA-PD041-00026;HBA-PD041-00027;HBA-PD041-00028;HBA-PD041-00029;HBA-PD041-00030;HBA-PD041-00031;HBA-PD041-00032;HBA-PD041-00033;HBA-PD041-00034;HBA-PD041-00035;HBA-PD041-00036;HBA-PD041-00037;HBA-PD041-00038;HBA-PD041-00039;HBA-PD041-00040;HBA-PD041-00041;HBA-PD041-00042;HBA-PD041-00043;HBA-PD041-00044;HBA-PD041-00045;HBA-PD041-00046;HBA-PD041-00047;HBA-PD041-00048;HBA-PD041-00049;HBA-PD041-00050;HBA-PD041-00051;HBA-PD041-00052;HBA-PD041-00053;HBA-PD041-00054;HBA-PD041-00055,55,,SRC-DOCS-VALIDATION-STRATEGY,ACCEPTED_GATE4,
SUB-20-05-01_DOCS-REPORT-NOTICE-TEMPLATE,DOCS REPORT NOTICE TEMPLATE,KTY-20-05_Reporting-Template,CAT-020,DOCS REPORT NOTICE TEMPLATE,HBA-PD026-00002;HBA-PD026-00003;HBA-PD026-00004;HBA-PD026-00005;HBA-PD026-00006;HBA-PD026-00008;HBA-PD026-00009;HBA-PD026-00010;HBA-PD026-00011;HBA-PD026-00012;HBA-PD026-00013;HBA-PD026-00014;HBA-PD026-00015;HBA-PD026-00016;HBA-PD026-00017;HBA-PD026-00018;HBA-PD026-00019;HBA-PD026-00020;HBA-PD026-00021;HBA-PD026-00022;HBA-PD026-00023;HBA-PD026-00024;HBA-PD026-00025;HBA-PD026-00026;HBA-PD026-00027;HBA-PD026-00028;HBA-PD026-00029;HBA-PD026-00030;HBA-PD026-00031;HBA-PD026-00032;HBA-PD026-00033;HBA-PD026-00034;HBA-PD026-00035;HBA-PD026-00036;HBA-PD026-00037;HBA-PD026-00038;HBA-PD026-00039;HBA-PD026-00040,38,,SRC-DOCS-REPORT-NOTICE-TEMPLATE,ACCEPTED_GATE4,
SUB-21-01-01_DOCS-IP-AND-DATA-BOUNDARY,DOCS IP AND DATA BOUNDARY,KTY-21-01_IP-and-Professional-Boundary,CAT-021,DOCS IP AND DATA BOUNDARY,HBA-PD018-00002;HBA-PD018-00003;HBA-PD018-00004;HBA-PD018-00005;HBA-PD018-00006;HBA-PD018-00007;HBA-PD018-00008;HBA-PD018-00009;HBA-PD018-00010;HBA-PD018-00011;HBA-PD018-00012;HBA-PD018-00013;HBA-PD018-00014;HBA-PD018-00015;HBA-PD018-00016;HBA-PD018-00017;HBA-PD018-00018;HBA-PD018-00019;HBA-PD018-00020;HBA-PD018-00021;HBA-PD018-00022;HBA-PD018-00023;HBA-PD018-00024;HBA-PD018-00025;HBA-PD018-00026;HBA-PD018-00027;HBA-PD018-00028;HBA-PD018-00029;HBA-PD018-00030;HBA-PD018-00031;HBA-PD018-00032;HBA-PD018-00033;HBA-PD018-00034;HBA-PD018-00035;HBA-PD018-00036;HBA-PD018-00037;HBA-PD018-00038;HBA-PD018-00039;HBA-PD018-00040;HBA-PD018-00041;HBA-PD018-00042;HBA-PD018-00043;HBA-PD018-00044;HBA-PD018-00045;HBA-PD018-00046;HBA-PD018-00047;HBA-PD018-00048;HBA-PD018-00049;HBA-PD018-00050;HBA-PD018-00051;HBA-PD018-00052,51,,SRC-DOCS-IP-AND-DATA-BOUNDARY,ACCEPTED_GATE4,
SUB-21-01-02_DOCS-PROFESSIONAL-BOUNDARY,DOCS PROFESSIONAL BOUNDARY,KTY-21-01_IP-and-Professional-Boundary,CAT-021,DOCS PROFESSIONAL BOUNDARY,HBA-PD022-00001;HBA-PD022-00002;HBA-PD022-00003;HBA-PD022-00004;HBA-PD022-00005;HBA-PD022-00006;HBA-PD022-00007;HBA-PD022-00009;HBA-PD022-00010;HBA-PD022-00011;HBA-PD022-00012;HBA-PD022-00013;HBA-PD022-00014;HBA-PD022-00015;HBA-PD022-00016;HBA-PD022-00017;HBA-PD022-00018;HBA-PD022-00019;HBA-PD022-00020;HBA-PD022-00021;HBA-PD022-00022;HBA-PD022-00023;HBA-PD022-00024;HBA-PD022-00025;HBA-PD022-00026;HBA-PD022-00027;HBA-PD022-00028;HBA-PD022-00029;HBA-PD022-00030;HBA-PD022-00031;HBA-PD022-00032;HBA-PD022-00033;HBA-PD022-00034;HBA-PD022-00035;HBA-PD022-00036;HBA-PD022-00037;HBA-PD022-00038;HBA-PD022-00039;HBA-PD022-00040;HBA-PD022-00041;HBA-PD022-00042;HBA-PD022-00043;HBA-PD022-00044;HBA-PD022-00045;HBA-PD022-00046;HBA-PD022-00047;HBA-PD022-00048;HBA-PD022-00049;HBA-PD022-00050;HBA-PD022-00051;HBA-PD022-00052;HBA-PD022-00053;HBA-PD022-00055;HBA-PD022-00056;HBA-PD022-00057;HBA-PD022-00058;HBA-PD022-00059;HBA-PD022-00060;HBA-PD022-00061;HBA-PD022-00062;HBA-PD022-00063;HBA-PD022-00064;HBA-PD022-00065;HBA-PD022-00066;HBA-PD022-00067;HBA-PD022-00068;HBA-PD022-00069;HBA-PD022-00070,68,,SRC-DOCS-PROFESSIONAL-BOUNDARY,ACCEPTED_GATE4,
SUB-21-02-01_DOCS-SECURITY-LOCAL-FIRST-STORAGE-POLICY,DOCS SECURITY LOCAL FIRST STORAGE POLICY,KTY-21-02_Security-and-Privacy-Policy,CAT-021,DOCS SECURITY LOCAL FIRST STORAGE POLICY,HBA-PD031-00001;HBA-PD031-00002;HBA-PD031-00003;HBA-PD031-00004;HBA-PD031-00005;HBA-PD031-00006;HBA-PD031-00007;HBA-PD031-00008;HBA-PD031-00009;HBA-PD031-00010;HBA-PD031-00011;HBA-PD031-00012;HBA-PD031-00013;HBA-PD031-00014;HBA-PD031-00015;HBA-PD031-00016;HBA-PD031-00017;HBA-PD031-00018;HBA-PD031-00019;HBA-PD031-00020;HBA-PD031-00021;HBA-PD031-00022;HBA-PD031-00023;HBA-PD031-00024;HBA-PD031-00025;HBA-PD031-00026;HBA-PD031-00027;HBA-PD031-00028;HBA-PD031-00029;HBA-PD031-00030;HBA-PD031-00031;HBA-PD031-00032;HBA-PD031-00033;HBA-PD031-00034;HBA-PD031-00035;HBA-PD031-00036;HBA-PD031-00037;HBA-PD031-00038;HBA-PD031-00039;HBA-PD031-00040;HBA-PD031-00041;HBA-PD031-00042;HBA-PD031-00043;HBA-PD031-00044;HBA-PD031-00045;HBA-PD031-00046;HBA-PD031-00047;HBA-PD031-00048;HBA-PD031-00049;HBA-PD031-00050;HBA-PD031-00051;HBA-PD031-00052;HBA-PD031-00053;HBA-PD031-00054;HBA-PD031-00055;HBA-PD031-00056;HBA-PD031-00057;HBA-PD031-00058;HBA-PD031-00059;HBA-PD031-00060;HBA-PD031-00061;HBA-PD031-00062;HBA-PD031-00063;HBA-PD031-00064;HBA-PD031-00065;HBA-PD031-00066;HBA-PD031-00067;HBA-PD031-00068;HBA-PD031-00069;HBA-PD031-00070;HBA-PD031-00071;HBA-PD031-00072;HBA-PD031-00073;HBA-PD031-00074;HBA-PD031-00075;HBA-PD031-00076;HBA-PD031-00077;HBA-PD031-00078;HBA-PD031-00079;HBA-PD031-00080;HBA-PD031-00081;HBA-PD031-00082;HBA-PD031-00083;HBA-PD031-00084;HBA-PD031-00085;HBA-PD031-00086;HBA-PD031-00087;HBA-PD031-00088;HBA-PD031-00089;HBA-PD031-00090;HBA-PD031-00091;HBA-PD031-00092;HBA-PD031-00093;HBA-PD031-00094;HBA-PD031-00095;HBA-PD031-00096,96,,SRC-DOCS-SECURITY-LOCAL-FIRST-STORAGE-POLICY,ACCEPTED_GATE4,
SUB-21-02-02_DOCS-SECURITY-REDACTION-EXPORT-CONTROLS,DOCS SECURITY REDACTION EXPORT CONTROLS,KTY-21-02_Security-and-Privacy-Policy,CAT-021,DOCS SECURITY REDACTION EXPORT CONTROLS,HBA-PD032-00001;HBA-PD032-00002;HBA-PD032-00003;HBA-PD032-00004;HBA-PD032-00005;HBA-PD032-00006;HBA-PD032-00007;HBA-PD032-00008;HBA-PD032-00009;HBA-PD032-00010;HBA-PD032-00011;HBA-PD032-00012;HBA-PD032-00013;HBA-PD032-00014;HBA-PD032-00015;HBA-PD032-00016;HBA-PD032-00017;HBA-PD032-00018;HBA-PD032-00019;HBA-PD032-00020;HBA-PD032-00021;HBA-PD032-00022;HBA-PD032-00023;HBA-PD032-00024;HBA-PD032-00025;HBA-PD032-00026;HBA-PD032-00027;HBA-PD032-00028;HBA-PD032-00029;HBA-PD032-00030;HBA-PD032-00031;HBA-PD032-00032;HBA-PD032-00033;HBA-PD032-00034;HBA-PD032-00035;HBA-PD032-00036;HBA-PD032-00037;HBA-PD032-00038,38,,SRC-DOCS-SECURITY-REDACTION-EXPORT-CONTROLS,ACCEPTED_GATE4,
SUB-21-02-03_DOCS-SECURITY-SECRET-PRIVATE-LIBRARY-HANDLING,DOCS SECURITY SECRET PRIVATE LIBRARY HANDLING,KTY-21-02_Security-and-Privacy-Policy,CAT-021,DOCS SECURITY SECRET PRIVATE LIBRARY HANDLING,HBA-PD033-00001;HBA-PD033-00002;HBA-PD033-00003;HBA-PD033-00004;HBA-PD033-00005;HBA-PD033-00006;HBA-PD033-00007;HBA-PD033-00008;HBA-PD033-00009;HBA-PD033-00010;HBA-PD033-00011;HBA-PD033-00012;HBA-PD033-00013;HBA-PD033-00014;HBA-PD033-00015;HBA-PD033-00016;HBA-PD033-00017;HBA-PD033-00018;HBA-PD033-00019;HBA-PD033-00020;HBA-PD033-00021;HBA-PD033-00022;HBA-PD033-00023;HBA-PD033-00024;HBA-PD033-00025;HBA-PD033-00026;HBA-PD033-00027;HBA-PD033-00028;HBA-PD033-00029;HBA-PD033-00030;HBA-PD033-00031;HBA-PD033-00032;HBA-PD033-00033;HBA-PD033-00034;HBA-PD033-00035;HBA-PD033-00036;HBA-PD033-00037;HBA-PD033-00038;HBA-PD033-00039;HBA-PD033-00040;HBA-PD033-00041;HBA-PD033-00042,42,,SRC-DOCS-SECURITY-SECRET-PRIVATE-LIBRARY-HANDLING,ACCEPTED_GATE4,
SUB-21-02-04_DOCS-SECURITY-TELEMETRY-POLICY,DOCS SECURITY TELEMETRY POLICY,KTY-21-02_Security-and-Privacy-Policy,CAT-021,DOCS SECURITY TELEMETRY POLICY,HBA-PD034-00002;HBA-PD034-00003;HBA-PD034-00004;HBA-PD034-00005;HBA-PD034-00006;HBA-PD034-00008;HBA-PD034-00009;HBA-PD034-00010;HBA-PD034-00011;HBA-PD034-00012;HBA-PD034-00014;HBA-PD034-00015;HBA-PD034-00016;HBA-PD034-00017;HBA-PD034-00019;HBA-PD034-00020;HBA-PD034-00021;HBA-PD034-00022;HBA-PD034-00023;HBA-PD034-00024;HBA-PD034-00025;HBA-PD034-00027;HBA-PD034-00028;HBA-PD034-00029;HBA-PD034-00030;HBA-PD034-00031;HBA-PD034-00033;HBA-PD034-00034;HBA-PD034-00035;HBA-PD034-00036;HBA-PD034-00037;HBA-PD034-00038;HBA-PD034-00039;HBA-PD034-00041;HBA-PD034-00042;HBA-PD034-00043;HBA-PD034-00044;HBA-PD034-00045;HBA-PD034-00046;HBA-PD034-00047;HBA-PD034-00048;HBA-PD034-00049;HBA-PD034-00050;HBA-PD034-00051;HBA-PD034-00053;HBA-PD034-00054;HBA-PD034-00055;HBA-PD034-00056;HBA-PD034-00058;HBA-PD034-00059;HBA-PD034-00061;HBA-PD034-00062;HBA-PD034-00063;HBA-PD034-00064;HBA-PD034-00065;HBA-PD034-00067;HBA-PD034-00068;HBA-PD034-00069;HBA-PD034-00070;HBA-PD034-00071;HBA-PD034-00072;HBA-PD034-00073,62,,SRC-DOCS-SECURITY-TELEMETRY-POLICY,ACCEPTED_GATE4,
SUB-21-02-05_DOCS-SECURITY-THREAT-MODEL,DOCS SECURITY THREAT MODEL,KTY-21-02_Security-and-Privacy-Policy,CAT-021,DOCS SECURITY THREAT MODEL,HBA-PD035-00001;HBA-PD035-00002;HBA-PD035-00003;HBA-PD035-00004;HBA-PD035-00005;HBA-PD035-00006;HBA-PD035-00007;HBA-PD035-00008;HBA-PD035-00009;HBA-PD035-00010;HBA-PD035-00011;HBA-PD035-00012;HBA-PD035-00013;HBA-PD035-00014;HBA-PD035-00015;HBA-PD035-00016;HBA-PD035-00017;HBA-PD035-00018;HBA-PD035-00019;HBA-PD035-00020;HBA-PD035-00021;HBA-PD035-00022;HBA-PD035-00023;HBA-PD035-00024;HBA-PD035-00025;HBA-PD035-00026;HBA-PD035-00027;HBA-PD035-00028;HBA-PD035-00029;HBA-PD035-00030;HBA-PD035-00031;HBA-PD035-00032;HBA-PD035-00033;HBA-PD035-00034;HBA-PD035-00035;HBA-PD035-00036;HBA-PD035-00037;HBA-PD035-00038;HBA-PD035-00039;HBA-PD035-00040;HBA-PD035-00041;HBA-PD035-00042;HBA-PD035-00043;HBA-PD035-00044;HBA-PD035-00045;HBA-PD035-00046;HBA-PD035-00047;HBA-PD035-00048;HBA-PD035-00049;HBA-PD035-00050;HBA-PD035-00051;HBA-PD035-00052;HBA-PD035-00053;HBA-PD035-00054;HBA-PD035-00055;HBA-PD035-00056;HBA-PD035-00057;HBA-PD035-00058;HBA-PD035-00059;HBA-PD035-00060;HBA-PD035-00061;HBA-PD035-00062;HBA-PD035-00063;HBA-PD035-00064;HBA-PD035-00065;HBA-PD035-00066;HBA-PD035-00067;HBA-PD035-00068;HBA-PD035-00069;HBA-PD035-00070;HBA-PD035-00071;HBA-PD035-00072;HBA-PD035-00073;HBA-PD035-00074;HBA-PD035-00075;HBA-PD035-00076;HBA-PD035-00077;HBA-PD035-00078;HBA-PD035-00079;HBA-PD035-00080;HBA-PD035-00081;HBA-PD035-00082;HBA-PD035-00083;HBA-PD035-00084;HBA-PD035-00085;HBA-PD035-00086;HBA-PD035-00087;HBA-PD035-00088;HBA-PD035-00089;HBA-PD035-00090;HBA-PD035-00091;HBA-PD035-00092;HBA-PD035-00093;HBA-PD035-00094;HBA-PD035-00095;HBA-PD035-00096;HBA-PD035-00097;HBA-PD035-00098;HBA-PD035-00099;HBA-PD035-00100;HBA-PD035-00101;HBA-PD035-00102;HBA-PD035-00103;HBA-PD035-00104;HBA-PD035-00105;HBA-PD035-00106;HBA-PD035-00107;HBA-PD035-00108;HBA-PD035-00109;HBA-PD035-00110;HBA-PD035-00111,111,,SRC-DOCS-SECURITY-THREAT-MODEL,ACCEPTED_GATE4,
SUB-22-01-01_DOCS-USER-GUIDE-INDEX,DOCS USER GUIDE INDEX,KTY-22-01_User-Guide,CAT-022,DOCS USER GUIDE INDEX,HBA-PD039-00001;HBA-PD039-00002;HBA-PD039-00003;HBA-PD039-00004;HBA-PD039-00005;HBA-PD039-00006;HBA-PD039-00007;HBA-PD039-00008;HBA-PD039-00009;HBA-PD039-00010;HBA-PD039-00011;HBA-PD039-00012;HBA-PD039-00013;HBA-PD039-00014;HBA-PD039-00015;HBA-PD039-00016;HBA-PD039-00017;HBA-PD039-00018;HBA-PD039-00019;HBA-PD039-00020;HBA-PD039-00021;HBA-PD039-00022;HBA-PD039-00023;HBA-PD039-00024;HBA-PD039-00025;HBA-PD039-00026;HBA-PD039-00027;HBA-PD039-00028;HBA-PD039-00029;HBA-PD039-00030;HBA-PD039-00031;HBA-PD039-00032;HBA-PD039-00033;HBA-PD039-00034;HBA-PD039-00035;HBA-PD039-00036;HBA-PD039-00037;HBA-PD039-00038;HBA-PD039-00039;HBA-PD039-00040;HBA-PD039-00041;HBA-PD039-00042;HBA-PD039-00043;HBA-PD039-00044;HBA-PD039-00045;HBA-PD039-00046;HBA-PD039-00047;HBA-PD039-00048;HBA-PD039-00049;HBA-PD039-00050;HBA-PD039-00051;HBA-PD039-00052;HBA-PD039-00053;HBA-PD039-00054;HBA-PD039-00055;HBA-PD039-00056;HBA-PD039-00057;HBA-PD039-00058;HBA-PD039-00059;HBA-PD039-00060;HBA-PD039-00061;HBA-PD039-00062;HBA-PD039-00063;HBA-PD039-00064;HBA-PD039-00065;HBA-PD039-00066;HBA-PD039-00067;HBA-PD039-00068;HBA-PD039-00069;HBA-PD039-00070;HBA-PD039-00071;HBA-PD039-00072;HBA-PD039-00073;HBA-PD039-00074;HBA-PD039-00075;HBA-PD039-00076;HBA-PD039-00077;HBA-PD039-00078;HBA-PD039-00079;HBA-PD039-00080;HBA-PD039-00081;HBA-PD039-00082;HBA-PD039-00083;HBA-PD039-00084;HBA-PD039-00085;HBA-PD039-00086;HBA-PD039-00087;HBA-PD039-00088;HBA-PD039-00089;HBA-PD039-00090;HBA-PD039-00091;HBA-PD039-00092;HBA-PD039-00093;HBA-PD039-00094;HBA-PD039-00095;HBA-PD039-00096;HBA-PD039-00097;HBA-PD039-00098;HBA-PD039-00099;HBA-PD039-00100;HBA-PD039-00101;HBA-PD039-00102;HBA-PD039-00103;HBA-PD039-00104;HBA-PD039-00105;HBA-PD039-00106;HBA-PD039-00107;HBA-PD039-00108;HBA-PD039-00109;HBA-PD039-00110;HBA-PD039-00111;HBA-PD039-00112;HBA-PD039-00113;HBA-PD039-00114;HBA-PD039-00115;HBA-PD039-00116;HBA-PD039-00117;HBA-PD039-00118;HBA-PD039-00119;HBA-PD039-00120;HBA-PD039-00121;HBA-PD039-00122;HBA-PD039-00123;HBA-PD039-00124;HBA-PD039-00125;HBA-PD039-00126;HBA-PD039-00127;HBA-PD039-00128;HBA-PD039-00129;HBA-PD039-00130;HBA-PD039-00131;HBA-PD039-00132;HBA-PD039-00133;HBA-PD039-00134;HBA-PD039-00135;HBA-PD039-00136;HBA-PD039-00137;HBA-PD039-00138;HBA-PD039-00139;HBA-PD039-00140;HBA-PD039-00141;HBA-PD039-00142;HBA-PD039-00143;HBA-PD039-00144;HBA-PD039-00145;HBA-PD039-00146;HBA-PD039-00147;HBA-PD039-00148;HBA-PD039-00149;HBA-PD039-00150;HBA-PD039-00151;HBA-PD039-00152,152,,SRC-DOCS-USER-GUIDE-INDEX,ACCEPTED_GATE4,
SUB-22-02-01_DOCS-DEVELOPER-GUIDE-INDEX,DOCS DEVELOPER GUIDE INDEX,KTY-22-02_Developer-Guide,CAT-022,DOCS DEVELOPER GUIDE INDEX,HBA-PD013-00001;HBA-PD013-00002;HBA-PD013-00003;HBA-PD013-00004;HBA-PD013-00005;HBA-PD013-00006;HBA-PD013-00007;HBA-PD013-00008;HBA-PD013-00009;HBA-PD013-00010;HBA-PD013-00011;HBA-PD013-00012;HBA-PD013-00013;HBA-PD013-00014;HBA-PD013-00015;HBA-PD013-00016;HBA-PD013-00017;HBA-PD013-00018;HBA-PD013-00019;HBA-PD013-00020;HBA-PD013-00021;HBA-PD013-00022;HBA-PD013-00023;HBA-PD013-00024;HBA-PD013-00025;HBA-PD013-00026;HBA-PD013-00027;HBA-PD013-00028;HBA-PD013-00029;HBA-PD013-00030;HBA-PD013-00031;HBA-PD013-00032;HBA-PD013-00033;HBA-PD013-00034;HBA-PD013-00035;HBA-PD013-00036;HBA-PD013-00037;HBA-PD013-00038;HBA-PD013-00039;HBA-PD013-00040;HBA-PD013-00041;HBA-PD013-00042;HBA-PD013-00043;HBA-PD013-00044;HBA-PD013-00045;HBA-PD013-00046;HBA-PD013-00047;HBA-PD013-00048;HBA-PD013-00049;HBA-PD013-00050;HBA-PD013-00051;HBA-PD013-00052;HBA-PD013-00053;HBA-PD013-00054;HBA-PD013-00055;HBA-PD013-00056;HBA-PD013-00057;HBA-PD013-00058;HBA-PD013-00059;HBA-PD013-00060;HBA-PD013-00061;HBA-PD013-00062;HBA-PD013-00063;HBA-PD013-00064;HBA-PD013-00065;HBA-PD013-00066;HBA-PD013-00067;HBA-PD013-00068;HBA-PD013-00069;HBA-PD013-00070;HBA-PD013-00071;HBA-PD013-00072;HBA-PD013-00073;HBA-PD013-00074;HBA-PD013-00075;HBA-PD013-00076;HBA-PD013-00077;HBA-PD013-00078;HBA-PD013-00079;HBA-PD013-00080;HBA-PD013-00081;HBA-PD013-00082;HBA-PD013-00083;HBA-PD013-00084;HBA-PD013-00085;HBA-PD013-00086;HBA-PD013-00087;HBA-PD013-00088;HBA-PD013-00089;HBA-PD013-00090;HBA-PD013-00091;HBA-PD013-00092;HBA-PD013-00093;HBA-PD013-00094;HBA-PD013-00095;HBA-PD013-00096;HBA-PD013-00097;HBA-PD013-00098;HBA-PD013-00099;HBA-PD013-00100;HBA-PD013-00101;HBA-PD013-00102;HBA-PD013-00103;HBA-PD013-00104;HBA-PD013-00105;HBA-PD013-00106;HBA-PD013-00107;HBA-PD013-00108;HBA-PD013-00109;HBA-PD013-00110;HBA-PD013-00111;HBA-PD013-00112;HBA-PD013-00113;HBA-PD013-00114;HBA-PD013-00115;HBA-PD013-00116;HBA-PD013-00117;HBA-PD013-00118;HBA-PD013-00119;HBA-PD013-00120;HBA-PD013-00121;HBA-PD013-00122;HBA-PD013-00123;HBA-PD013-00124;HBA-PD013-00125;HBA-PD013-00126;HBA-PD013-00127;HBA-PD013-00128;HBA-PD013-00129;HBA-PD013-00130;HBA-PD013-00131;HBA-PD013-00132;HBA-PD013-00133;HBA-PD013-00134;HBA-PD013-00135;HBA-PD013-00136;HBA-PD013-00137;HBA-PD013-00138;HBA-PD013-00139;HBA-PD013-00140;HBA-PD013-00141;HBA-PD013-00142;HBA-PD013-00143;HBA-PD013-00144;HBA-PD013-00145;HBA-PD013-00146;HBA-PD013-00147;HBA-PD013-00148;HBA-PD013-00149;HBA-PD013-00150,150,,SRC-DOCS-DEVELOPER-GUIDE-INDEX,ACCEPTED_GATE4,
SUB-22-03-01_DOCS-CONTRIBUTOR-GUIDE-INDEX,DOCS CONTRIBUTOR GUIDE INDEX,KTY-22-03_Contributor-Guide,CAT-022,DOCS CONTRIBUTOR GUIDE INDEX,HBA-PD012-00001;HBA-PD012-00002;HBA-PD012-00003;HBA-PD012-00004;HBA-PD012-00005;HBA-PD012-00006;HBA-PD012-00007;HBA-PD012-00008;HBA-PD012-00009;HBA-PD012-00010;HBA-PD012-00011;HBA-PD012-00012;HBA-PD012-00013;HBA-PD012-00014;HBA-PD012-00015;HBA-PD012-00016;HBA-PD012-00017;HBA-PD012-00018;HBA-PD012-00019;HBA-PD012-00020;HBA-PD012-00021;HBA-PD012-00022;HBA-PD012-00023;HBA-PD012-00024;HBA-PD012-00025;HBA-PD012-00026;HBA-PD012-00027;HBA-PD012-00028;HBA-PD012-00029;HBA-PD012-00030;HBA-PD012-00031;HBA-PD012-00032;HBA-PD012-00033;HBA-PD012-00034;HBA-PD012-00035;HBA-PD012-00036;HBA-PD012-00037;HBA-PD012-00038;HBA-PD012-00039;HBA-PD012-00040;HBA-PD012-00041;HBA-PD012-00042;HBA-PD012-00043;HBA-PD012-00044;HBA-PD012-00045;HBA-PD012-00046;HBA-PD012-00047;HBA-PD012-00048;HBA-PD012-00049;HBA-PD012-00050;HBA-PD012-00051;HBA-PD012-00052;HBA-PD012-00053;HBA-PD012-00054;HBA-PD012-00055;HBA-PD012-00056;HBA-PD012-00057;HBA-PD012-00058;HBA-PD012-00059;HBA-PD012-00060;HBA-PD012-00061;HBA-PD012-00062;HBA-PD012-00063;HBA-PD012-00064;HBA-PD012-00065;HBA-PD012-00066;HBA-PD012-00067;HBA-PD012-00068;HBA-PD012-00069;HBA-PD012-00070;HBA-PD012-00071;HBA-PD012-00072;HBA-PD012-00073;HBA-PD012-00074;HBA-PD012-00075;HBA-PD012-00076;HBA-PD012-00077;HBA-PD012-00078;HBA-PD012-00079;HBA-PD012-00080;HBA-PD012-00081;HBA-PD012-00082;HBA-PD012-00083;HBA-PD012-00084,84,,SRC-DOCS-CONTRIBUTOR-GUIDE-INDEX,ACCEPTED_GATE4,
SUB-22-04-01_DOCS-EXAMPLES-README,DOCS EXAMPLES README,KTY-22-04_Examples-and-Local-Analysis,CAT-022,DOCS EXAMPLES README,HBA-PD015-00002;HBA-PD015-00003,2,,SRC-DOCS-EXAMPLES-README,ACCEPTED_GATE4,
SUB-22-04-02_DOCS-EXAMPLES-RULE-PACK-NOTICE,DOCS EXAMPLES RULE PACK NOTICE,KTY-22-04_Examples-and-Local-Analysis,CAT-022,DOCS EXAMPLES RULE PACK NOTICE,HBA-PD016-00002;HBA-PD016-00003;HBA-PD016-00004;HBA-PD016-00005;HBA-PD016-00006;HBA-PD016-00007;HBA-PD016-00008;HBA-PD016-00009;HBA-PD016-00010,9,,SRC-DOCS-EXAMPLES-RULE-PACK-NOTICE,ACCEPTED_GATE4,
SUB-22-04-03_DOCS-LOCAL-ANALYSIS-LOCAL-FEA-HANDOFF-GUIDANCE,DOCS LOCAL ANALYSIS LOCAL FEA HANDOFF GUIDANCE,KTY-22-04_Examples-and-Local-Analysis,CAT-022,DOCS LOCAL ANALYSIS LOCAL FEA HANDOFF GUIDANCE,HBA-PD019-00001;HBA-PD019-00002;HBA-PD019-00003;HBA-PD019-00004;HBA-PD019-00005;HBA-PD019-00006;HBA-PD019-00007;HBA-PD019-00008;HBA-PD019-00009;HBA-PD019-00010;HBA-PD019-00011;HBA-PD019-00012;HBA-PD019-00013;HBA-PD019-00014;HBA-PD019-00015;HBA-PD019-00016,16,,SRC-DOCS-LOCAL-ANALYSIS-LOCAL-FEA-HANDOFF-GUIDANCE,ACCEPTED_GATE4,
SUB-23-01-01_EGOV-DECOMPOSITION,EGOV DECOMPOSITION,KTY-23-01_Decomposition-Reference,CAT-023,EGOV DECOMPOSITION,HBA-EG001-00002;HBA-EG001-00003;HBA-EG001-00004;HBA-EG001-00005;HBA-EG001-00006;HBA-EG001-00007;HBA-EG001-00008;HBA-EG001-00009;HBA-EG001-00010;HBA-EG001-00012;HBA-EG001-00013;HBA-EG001-00014;HBA-EG001-00015;HBA-EG001-00016;HBA-EG001-00017;HBA-EG001-00018;HBA-EG001-00019;HBA-EG001-00020;HBA-EG001-00021;HBA-EG001-00022;HBA-EG001-00023;HBA-EG001-00024;HBA-EG001-00025;HBA-EG001-00026;HBA-EG001-00027;HBA-EG001-00028;HBA-EG001-00029;HBA-EG001-00030;HBA-EG001-00031;HBA-EG001-00032;HBA-EG001-00033;HBA-EG001-00034;HBA-EG001-00035;HBA-EG001-00036;HBA-EG001-00037;HBA-EG001-00038;HBA-EG001-00039;HBA-EG001-00040;HBA-EG001-00041;HBA-EG001-00042;HBA-EG001-00043;HBA-EG001-00044;HBA-EG001-00045;HBA-EG001-00046;HBA-EG001-00047;HBA-EG001-00048;HBA-EG001-00049;HBA-EG001-00050;HBA-EG001-00051;HBA-EG001-00052;HBA-EG001-00053;HBA-EG001-00054;HBA-EG001-00055;HBA-EG001-00056;HBA-EG001-00057;HBA-EG001-00058;HBA-EG001-00059;HBA-EG001-00060;HBA-EG001-00061;HBA-EG001-00062;HBA-EG001-00063;HBA-EG001-00064;HBA-EG001-00065;HBA-EG001-00066;HBA-EG001-00067;HBA-EG001-00068;HBA-EG001-00069;HBA-EG001-00070;HBA-EG001-00071;HBA-EG001-00072;HBA-EG001-00073;HBA-EG001-00074;HBA-EG001-00075;HBA-EG001-00076;HBA-EG001-00077;HBA-EG001-00078;HBA-EG001-00079;HBA-EG001-00080;HBA-EG001-00081;HBA-EG001-00082;HBA-EG001-00083;HBA-EG001-00084;HBA-EG001-00085;HBA-EG001-00086;HBA-EG001-00087;HBA-EG001-00088;HBA-EG001-00089;HBA-EG001-00090;HBA-EG001-00091;HBA-EG001-00092;HBA-EG001-00093;HBA-EG001-00094;HBA-EG001-00095;HBA-EG001-00096;HBA-EG001-00097;HBA-EG001-00098;HBA-EG001-00099;HBA-EG001-00100;HBA-EG001-00101;HBA-EG001-00102;HBA-EG001-00103;HBA-EG001-00104;HBA-EG001-00105;HBA-EG001-00106;HBA-EG001-00107;HBA-EG001-00108;HBA-EG001-00109;HBA-EG001-00110;HBA-EG001-00111;HBA-EG001-00112;HBA-EG001-00113;HBA-EG001-00114;HBA-EG001-00115;HBA-EG001-00116;HBA-EG001-00117;HBA-EG001-00118;HBA-EG001-00119;HBA-EG001-00120;HBA-EG001-00121;HBA-EG001-00122;HBA-EG001-00123;HBA-EG001-00124;HBA-EG001-00125;HBA-EG001-00126;HBA-EG001-00127;HBA-EG001-00128;HBA-EG001-00129;HBA-EG001-00130;HBA-EG001-00131;HBA-EG001-00132;HBA-EG001-00133;HBA-EG001-00134;HBA-EG001-00135;HBA-EG001-00136;HBA-EG001-00137;HBA-EG001-00138;HBA-EG001-00139;HBA-EG001-00140;HBA-EG001-00141;HBA-EG001-00142;HBA-EG001-00143;HBA-EG001-00144;HBA-EG001-00145;HBA-EG001-00146;HBA-EG001-00147;HBA-EG001-00148;HBA-EG001-00149;HBA-EG001-00150;HBA-EG001-00151;HBA-EG001-00152;HBA-EG001-00153;HBA-EG001-00154;HBA-EG001-00155;HBA-EG001-00156;HBA-EG001-00157;HBA-EG001-00158;HBA-EG001-00159;HBA-EG001-00160;HBA-EG001-00161;HBA-EG001-00164;HBA-EG001-00165;HBA-EG001-00183;HBA-EG001-00184;HBA-EG001-00185;HBA-EG001-00186;HBA-EG001-00187;HBA-EG001-00188;HBA-EG001-00189;HBA-EG001-00190;HBA-EG001-00191;HBA-EG001-00192;HBA-EG001-00193;HBA-EG001-00194;HBA-EG001-00195;HBA-EG001-00196;HBA-EG001-00197;HBA-EG001-00198;HBA-EG001-00199;HBA-EG001-00200;HBA-EG001-00201;HBA-EG001-00202;HBA-EG001-00203;HBA-EG001-00204;HBA-EG001-00205;HBA-EG001-00206;HBA-EG001-00207;HBA-EG001-00208;HBA-EG001-00209;HBA-EG001-00210;HBA-EG001-00211;HBA-EG001-00212;HBA-EG001-00213;HBA-EG001-00214;HBA-EG001-00215;HBA-EG001-00216;HBA-EG001-00217;HBA-EG001-00218;HBA-EG001-00219;HBA-EG001-00220;HBA-EG001-00221;HBA-EG001-00222;HBA-EG001-00223;HBA-EG001-00224;HBA-EG001-00225;HBA-EG001-00226,205,,SRC-EGOV-DECOMPOSITION,ACCEPTED_GATE4,
SUB-24-01-01_DOCS-SCOPECHANGE-OPENPIPESTRESS-PRD-V0-2,DOCS SCOPECHANGE OPENPIPESTRESS PRD V0 2,KTY-24-01_Scope-Change-PRD-Corpus,CAT-024,DOCS SCOPECHANGE OPENPIPESTRESS PRD V0 2,HBA-PD027-00001;HBA-PD027-00004;HBA-PD027-00005;HBA-PD027-00006;HBA-PD027-00007;HBA-PD027-00008;HBA-PD027-00009;HBA-PD027-00010;HBA-PD027-00011;HBA-PD027-00012;HBA-PD027-00013;HBA-PD027-00014;HBA-PD027-00015;HBA-PD027-00016;HBA-PD027-00017;HBA-PD027-00018;HBA-PD027-00019;HBA-PD027-00020;HBA-PD027-00021;HBA-PD027-00022;HBA-PD027-00023;HBA-PD027-00024;HBA-PD027-00025;HBA-PD027-00026;HBA-PD027-00027;HBA-PD027-00028;HBA-PD027-00029;HBA-PD027-00030;HBA-PD027-00031;HBA-PD027-00032;HBA-PD027-00033;HBA-PD027-00034;HBA-PD027-00035;HBA-PD027-00036;HBA-PD027-00037;HBA-PD027-00038;HBA-PD027-00039;HBA-PD027-00040;HBA-PD027-00041;HBA-PD027-00042;HBA-PD027-00043;HBA-PD027-00044;HBA-PD027-00045;HBA-PD027-00046;HBA-PD027-00047;HBA-PD027-00048;HBA-PD027-00049;HBA-PD027-00050;HBA-PD027-00051;HBA-PD027-00052;HBA-PD027-00053;HBA-PD027-00054;HBA-PD027-00055;HBA-PD027-00056;HBA-PD027-00057;HBA-PD027-00058;HBA-PD027-00059;HBA-PD027-00060;HBA-PD027-00061;HBA-PD027-00062;HBA-PD027-00063;HBA-PD027-00064;HBA-PD027-00065;HBA-PD027-00066;HBA-PD027-00067;HBA-PD027-00068;HBA-PD027-00069;HBA-PD027-00070;HBA-PD027-00071;HBA-PD027-00072;HBA-PD027-00073;HBA-PD027-00074;HBA-PD027-00075;HBA-PD027-00076;HBA-PD027-00077;HBA-PD027-00078;HBA-PD027-00079;HBA-PD027-00080;HBA-PD027-00081;HBA-PD027-00082;HBA-PD027-00083;HBA-PD027-00084;HBA-PD027-00085;HBA-PD027-00086;HBA-PD027-00087;HBA-PD027-00088;HBA-PD027-00089;HBA-PD027-00090;HBA-PD027-00091;HBA-PD027-00092;HBA-PD027-00093;HBA-PD027-00094;HBA-PD027-00095;HBA-PD027-00096;HBA-PD027-00097;HBA-PD027-00098;HBA-PD027-00099;HBA-PD027-00100;HBA-PD027-00101;HBA-PD027-00102;HBA-PD027-00103;HBA-PD027-00104;HBA-PD027-00105;HBA-PD027-00106;HBA-PD027-00107;HBA-PD027-00108;HBA-PD027-00109;HBA-PD027-00110;HBA-PD027-00111;HBA-PD027-00112;HBA-PD027-00113;HBA-PD027-00114;HBA-PD027-00115;HBA-PD027-00116;HBA-PD027-00117;HBA-PD027-00118;HBA-PD027-00119;HBA-PD027-00120;HBA-PD027-00121;HBA-PD027-00122;HBA-PD027-00123;HBA-PD027-00124;HBA-PD027-00125;HBA-PD027-00126;HBA-PD027-00127;HBA-PD027-00128;HBA-PD027-00129;HBA-PD027-00130;HBA-PD027-00131;HBA-PD027-00132;HBA-PD027-00133;HBA-PD027-00134;HBA-PD027-00135;HBA-PD027-00136;HBA-PD027-00137;HBA-PD027-00138;HBA-PD027-00139;HBA-PD027-00140;HBA-PD027-00141;HBA-PD027-00142;HBA-PD027-00143;HBA-PD027-00144;HBA-PD027-00145;HBA-PD027-00146;HBA-PD027-00147;HBA-PD027-00148;HBA-PD027-00149;HBA-PD027-00150;HBA-PD027-00151;HBA-PD027-00152;HBA-PD027-00153;HBA-PD027-00154;HBA-PD027-00155;HBA-PD027-00156;HBA-PD027-00157;HBA-PD027-00158;HBA-PD027-00159;HBA-PD027-00160;HBA-PD027-00161;HBA-PD027-00162;HBA-PD027-00163;HBA-PD027-00164;HBA-PD027-00165;HBA-PD027-00166;HBA-PD027-00167;HBA-PD027-00168;HBA-PD027-00169;HBA-PD027-00170;HBA-PD027-00171;HBA-PD027-00172;HBA-PD027-00173;HBA-PD027-00174;HBA-PD027-00175;HBA-PD027-00176;HBA-PD027-00177;HBA-PD027-00178;HBA-PD027-00179;HBA-PD027-00180;HBA-PD027-00181;HBA-PD027-00182;HBA-PD027-00183;HBA-PD027-00184;HBA-PD027-00185;HBA-PD027-00186;HBA-PD027-00187;HBA-PD027-00188;HBA-PD027-00189;HBA-PD027-00190;HBA-PD027-00191;HBA-PD027-00192;HBA-PD027-00193;HBA-PD027-00194;HBA-PD027-00195;HBA-PD027-00196;HBA-PD027-00197;HBA-PD027-00198;HBA-PD027-00199;HBA-PD027-00200;HBA-PD027-00201;HBA-PD027-00202;HBA-PD027-00203;HBA-PD027-00204;HBA-PD027-00205;HBA-PD027-00206;HBA-PD027-00207;HBA-PD027-00208;HBA-PD027-00209;HBA-PD027-00210;HBA-PD027-00211;HBA-PD027-00212;HBA-PD027-00213;HBA-PD027-00214;HBA-PD027-00215;HBA-PD027-00216;HBA-PD027-00217;HBA-PD027-00218;HBA-PD027-00219;HBA-PD027-00220;HBA-PD027-00221;HBA-PD027-00222;HBA-PD027-00223;HBA-PD027-00224;HBA-PD027-00225;HBA-PD027-00226;HBA-PD027-00227;HBA-PD027-00228;HBA-PD027-00229;HBA-PD027-00230;HBA-PD027-00231;HBA-PD027-00232;HBA-PD027-00233;HBA-PD027-00234;HBA-PD027-00235;HBA-PD027-00236;HBA-PD027-00237;HBA-PD027-00238;HBA-PD027-00239;HBA-PD027-00240;HBA-PD027-00241;HBA-PD027-00242;HBA-PD027-00243;HBA-PD027-00244;HBA-PD027-00245;HBA-PD027-00246;HBA-PD027-00247;HBA-PD027-00248;HBA-PD027-00249;HBA-PD027-00250;HBA-PD027-00251;HBA-PD027-00252;HBA-PD027-00253;HBA-PD027-00254;HBA-PD027-00255;HBA-PD027-00256;HBA-PD027-00257;HBA-PD027-00258;HBA-PD027-00259;HBA-PD027-00260;HBA-PD027-00261;HBA-PD027-00262;HBA-PD027-00263;HBA-PD027-00264;HBA-PD027-00265;HBA-PD027-00266;HBA-PD027-00267;HBA-PD027-00268;HBA-PD027-00269;HBA-PD027-00270;HBA-PD027-00271;HBA-PD027-00272;HBA-PD027-00273;HBA-PD027-00274;HBA-PD027-00275;HBA-PD027-00276;HBA-PD027-00277;HBA-PD027-00278;HBA-PD027-00279;HBA-PD027-00280;HBA-PD027-00281;HBA-PD027-00282;HBA-PD027-00283;HBA-PD027-00284;HBA-PD027-00285;HBA-PD027-00286;HBA-PD027-00287;HBA-PD027-00288;HBA-PD027-00289;HBA-PD027-00290;HBA-PD027-00291;HBA-PD027-00292;HBA-PD027-00293;HBA-PD027-00294;HBA-PD027-00295;HBA-PD027-00296;HBA-PD027-00297;HBA-PD027-00298;HBA-PD027-00299;HBA-PD027-00300;HBA-PD027-00301;HBA-PD027-00302;HBA-PD027-00303;HBA-PD027-00304;HBA-PD027-00305;HBA-PD027-00306;HBA-PD027-00307;HBA-PD027-00308;HBA-PD027-00309;HBA-PD027-00310;HBA-PD027-00311;HBA-PD027-00312;HBA-PD027-00313;HBA-PD027-00314;HBA-PD027-00315;HBA-PD027-00316;HBA-PD027-00317;HBA-PD027-00318;HBA-PD027-00319;HBA-PD027-00320;HBA-PD027-00321;HBA-PD027-00322;HBA-PD027-00323;HBA-PD027-00324;HBA-PD027-00325;HBA-PD027-00326;HBA-PD027-00327;HBA-PD027-00328;HBA-PD027-00329;HBA-PD027-00330;HBA-PD027-00331;HBA-PD027-00332;HBA-PD027-00333;HBA-PD027-00334;HBA-PD027-00335;HBA-PD027-00336;HBA-PD027-00337;HBA-PD027-00338;HBA-PD027-00339;HBA-PD027-00340;HBA-PD027-00341;HBA-PD027-00342;HBA-PD027-00343;HBA-PD027-00344;HBA-PD027-00345;HBA-PD027-00346;HBA-PD027-00347;HBA-PD027-00348;HBA-PD027-00349;HBA-PD027-00350;HBA-PD027-00351;HBA-PD027-00352;HBA-PD027-00353;HBA-PD027-00354;HBA-PD027-00355;HBA-PD027-00356;HBA-PD027-00371;HBA-PD027-00372;HBA-PD027-00373;HBA-PD027-00374;HBA-PD027-00375;HBA-PD027-00376;HBA-PD027-00377;HBA-PD027-00378;HBA-PD027-00379;HBA-PD027-00380;HBA-PD027-00381;HBA-PD027-00382;HBA-PD027-00383;HBA-PD027-00384,368,,SRC-DOCS-SCOPECHANGE-OPENPIPESTRESS-PRD-V0-2,ACCEPTED_GATE4,
SUB-24-01-02_DOCS-SCOPECHANGE-OPENPIPESTRESS-PRD-V0-2-SCOPE-CHANGE-BRIEF,DOCS SCOPECHANGE OPENPIPESTRESS PRD V0 2 SCOPE CHANGE BRIEF,KTY-24-01_Scope-Change-PRD-Corpus,CAT-024,DOCS SCOPECHANGE OPENPIPESTRESS PRD V0 2 SCOPE CHANGE BRIEF,HBA-PD028-00001;HBA-PD028-00002;HBA-PD028-00003;HBA-PD028-00004;HBA-PD028-00005;HBA-PD028-00006;HBA-PD028-00007;HBA-PD028-00008;HBA-PD028-00009;HBA-PD028-00010;HBA-PD028-00011;HBA-PD028-00012;HBA-PD028-00013;HBA-PD028-00014;HBA-PD028-00015;HBA-PD028-00016;HBA-PD028-00017;HBA-PD028-00018;HBA-PD028-00019;HBA-PD028-00020;HBA-PD028-00021;HBA-PD028-00022;HBA-PD028-00023;HBA-PD028-00024;HBA-PD028-00025;HBA-PD028-00026;HBA-PD028-00027;HBA-PD028-00028;HBA-PD028-00029;HBA-PD028-00030;HBA-PD028-00031;HBA-PD028-00032;HBA-PD028-00033;HBA-PD028-00034;HBA-PD028-00035;HBA-PD028-00036;HBA-PD028-00037;HBA-PD028-00038;HBA-PD028-00039;HBA-PD028-00040;HBA-PD028-00041;HBA-PD028-00042;HBA-PD028-00043;HBA-PD028-00044;HBA-PD028-00045;HBA-PD028-00046;HBA-PD028-00047;HBA-PD028-00048;HBA-PD028-00049;HBA-PD028-00050;HBA-PD028-00051;HBA-PD028-00052;HBA-PD028-00053;HBA-PD028-00054;HBA-PD028-00055;HBA-PD028-00056;HBA-PD028-00057;HBA-PD028-00058;HBA-PD028-00059;HBA-PD028-00060;HBA-PD028-00061;HBA-PD028-00062;HBA-PD028-00063;HBA-PD028-00064;HBA-PD028-00065;HBA-PD028-00066;HBA-PD028-00067;HBA-PD028-00068;HBA-PD028-00069;HBA-PD028-00070;HBA-PD028-00071;HBA-PD028-00072;HBA-PD028-00073;HBA-PD028-00074;HBA-PD028-00075;HBA-PD028-00076;HBA-PD028-00077;HBA-PD028-00078;HBA-PD028-00079;HBA-PD028-00080;HBA-PD028-00081;HBA-PD028-00082;HBA-PD028-00083;HBA-PD028-00084;HBA-PD028-00085;HBA-PD028-00086;HBA-PD028-00087;HBA-PD028-00088;HBA-PD028-00089;HBA-PD028-00090;HBA-PD028-00091;HBA-PD028-00092;HBA-PD028-00093;HBA-PD028-00094;HBA-PD028-00095;HBA-PD028-00096;HBA-PD028-00097;HBA-PD028-00098;HBA-PD028-00099;HBA-PD028-00100;HBA-PD028-00101;HBA-PD028-00102;HBA-PD028-00103;HBA-PD028-00104;HBA-PD028-00105;HBA-PD028-00106;HBA-PD028-00107;HBA-PD028-00108;HBA-PD028-00109;HBA-PD028-00110;HBA-PD028-00111;HBA-PD028-00112;HBA-PD028-00113;HBA-PD028-00114;HBA-PD028-00115;HBA-PD028-00116;HBA-PD028-00117;HBA-PD028-00118;HBA-PD028-00119;HBA-PD028-00120;HBA-PD028-00121;HBA-PD028-00122;HBA-PD028-00123;HBA-PD028-00124;HBA-PD028-00125;HBA-PD028-00126;HBA-PD028-00127;HBA-PD028-00128;HBA-PD028-00129;HBA-PD028-00130;HBA-PD028-00131;HBA-PD028-00132;HBA-PD028-00133;HBA-PD028-00134;HBA-PD028-00135;HBA-PD028-00136;HBA-PD028-00137;HBA-PD028-00138;HBA-PD028-00139,139,,SRC-DOCS-SCOPECHANGE-OPENPIPESTRESS-PRD-V0-2-SCOPE-CHANGE-BRIEF,ACCEPTED_GATE4,
SUB-24-02-01_DOCS-SCOPECHANGE-SCA-002-2026-05-02-1854-AUTHORITY,DOCS SCOPECHANGE SCA 002 2026 05 02 1854 AUTHORITY,KTY-24-02_Scope-Change-Authority-and-Case-Record,CAT-024,DOCS SCOPECHANGE SCA 002 2026 05 02 1854 AUTHORITY,HBA-PD029-00001;HBA-PD029-00002;HBA-PD029-00003;HBA-PD029-00004;HBA-PD029-00005;HBA-PD029-00006;HBA-PD029-00007;HBA-PD029-00008;HBA-PD029-00009;HBA-PD029-00010;HBA-PD029-00011;HBA-PD029-00012;HBA-PD029-00013;HBA-PD029-00014;HBA-PD029-00015;HBA-PD029-00016;HBA-PD029-00017;HBA-PD029-00018;HBA-PD029-00019;HBA-PD029-00020;HBA-PD029-00021,21,,SRC-DOCS-SCOPECHANGE-SCA-002-2026-05-02-1854-AUTHORITY,ACCEPTED_GATE4,
SUB-24-02-02_DOCS-SCOPECHANGE-SCA-003-2026-05-17-1658-AUTHORITY,DOCS SCOPECHANGE SCA 003 2026 05 17 1658 AUTHORITY,KTY-24-02_Scope-Change-Authority-and-Case-Record,CAT-024,DOCS SCOPECHANGE SCA 003 2026 05 17 1658 AUTHORITY,HBA-PD030-00002;HBA-PD030-00003;HBA-PD030-00004;HBA-PD030-00005;HBA-PD030-00006;HBA-PD030-00007;HBA-PD030-00008;HBA-PD030-00009;HBA-PD030-00010;HBA-PD030-00011;HBA-PD030-00012;HBA-PD030-00013,12,,SRC-DOCS-SCOPECHANGE-SCA-003-2026-05-17-1658-AUTHORITY,ACCEPTED_GATE4,
SUB-24-02-03_EGOV-SCOPECHANGE-SCA-001-2026-04-30-0045,EGOV SCOPECHANGE SCA 001 2026 04 30 0045,KTY-24-02_Scope-Change-Authority-and-Case-Record,CAT-024,EGOV SCOPECHANGE SCA 001 2026 04 30 0045,HBA-EG002-00001;HBA-EG002-00002;HBA-EG002-00003;HBA-EG002-00004;HBA-EG002-00005;HBA-EG002-00006;HBA-EG002-00007;HBA-EG002-00008;HBA-EG002-00009;HBA-EG002-00010;HBA-EG002-00011;HBA-EG002-00012;HBA-EG002-00013;HBA-EG002-00014;HBA-EG002-00015;HBA-EG002-00016;HBA-EG002-00017;HBA-EG002-00018;HBA-EG002-00019;HBA-EG002-00020;HBA-EG002-00021;HBA-EG002-00022;HBA-EG002-00023;HBA-EG002-00024;HBA-EG002-00025;HBA-EG002-00026;HBA-EG002-00027;HBA-EG002-00028;HBA-EG002-00029;HBA-EG002-00030;HBA-EG002-00031;HBA-EG002-00032;HBA-EG002-00033;HBA-EG002-00034;HBA-EG002-00035;HBA-EG002-00036;HBA-EG002-00037;HBA-EG002-00038,38,,SRC-EGOV-SCOPECHANGE-SCA-001-2026-04-30-0045,ACCEPTED_GATE4,
SUB-24-02-04_EGOV-SCOPECHANGE-SCA-002-2026-05-02-1854,EGOV SCOPECHANGE SCA 002 2026 05 02 1854,KTY-24-02_Scope-Change-Authority-and-Case-Record,CAT-024,EGOV SCOPECHANGE SCA 002 2026 05 02 1854,HBA-EG003-00001;HBA-EG003-00002;HBA-EG003-00003;HBA-EG003-00004;HBA-EG003-00005;HBA-EG003-00006;HBA-EG003-00007;HBA-EG003-00008;HBA-EG003-00009;HBA-EG003-00010;HBA-EG003-00011;HBA-EG003-00012;HBA-EG003-00013;HBA-EG003-00014;HBA-EG003-00015;HBA-EG003-00016;HBA-EG003-00017;HBA-EG003-00018;HBA-EG003-00019;HBA-EG003-00020;HBA-EG003-00021;HBA-EG003-00022;HBA-EG003-00023;HBA-EG003-00024;HBA-EG003-00025;HBA-EG003-00026;HBA-EG003-00027;HBA-EG003-00028;HBA-EG003-00029;HBA-EG003-00030;HBA-EG003-00031;HBA-EG003-00032;HBA-EG003-00033;HBA-EG003-00034;HBA-EG003-00035;HBA-EG003-00036;HBA-EG003-00037;HBA-EG003-00038;HBA-EG003-00039;HBA-EG003-00040;HBA-EG003-00041;HBA-EG003-00042;HBA-EG003-00043;HBA-EG003-00044;HBA-EG003-00045;HBA-EG003-00046;HBA-EG003-00047;HBA-EG003-00048;HBA-EG003-00049;HBA-EG003-00050;HBA-EG003-00051;HBA-EG003-00052;HBA-EG003-00053;HBA-EG003-00054,54,,SRC-EGOV-SCOPECHANGE-SCA-002-2026-05-02-1854,ACCEPTED_GATE4,
SUB-24-02-05_EGOV-SCOPECHANGE-SCA-003-2026-05-17-1658,EGOV SCOPECHANGE SCA 003 2026 05 17 1658,KTY-24-02_Scope-Change-Authority-and-Case-Record,CAT-024,EGOV SCOPECHANGE SCA 003 2026 05 17 1658,HBA-EG004-00001;HBA-EG004-00002;HBA-EG004-00003;HBA-EG004-00004;HBA-EG004-00005;HBA-EG004-00006;HBA-EG004-00007;HBA-EG004-00008;HBA-EG004-00009;HBA-EG004-00010;HBA-EG004-00011;HBA-EG004-00012;HBA-EG004-00013;HBA-EG004-00014;HBA-EG004-00015;HBA-EG004-00016;HBA-EG004-00017;HBA-EG004-00018;HBA-EG004-00019;HBA-EG004-00020;HBA-EG004-00021;HBA-EG004-00022;HBA-EG004-00023;HBA-EG004-00024;HBA-EG004-00025;HBA-EG004-00026;HBA-EG004-00027;HBA-EG004-00028;HBA-EG004-00029;HBA-EG004-00030;HBA-EG004-00031;HBA-EG004-00032;HBA-EG004-00033;HBA-EG004-00034;HBA-EG004-00035;HBA-EG004-00036;HBA-EG004-00037;HBA-EG004-00038;HBA-EG004-00039;HBA-EG004-00040;HBA-EG004-00041;HBA-EG004-00042;HBA-EG004-00043;HBA-EG004-00044;HBA-EG004-00045;HBA-EG004-00046;HBA-EG004-00047;HBA-EG004-00048;HBA-EG004-00049;HBA-EG004-00050;HBA-EG004-00051;HBA-EG004-00052;HBA-EG004-00053;HBA-EG004-00054;HBA-EG004-00055;HBA-EG004-00056;HBA-EG004-00057;HBA-EG004-00058;HBA-EG004-00059;HBA-EG004-00060;HBA-EG004-00061,61,,SRC-EGOV-SCOPECHANGE-SCA-003-2026-05-17-1658,ACCEPTED_GATE4,
SUB-24-02-06_EGOV-SCOPECHANGE-SCA-004-2026-05-18-0000,EGOV SCOPECHANGE SCA 004 2026 05 18 0000,KTY-24-02_Scope-Change-Authority-and-Case-Record,CAT-024,EGOV SCOPECHANGE SCA 004 2026 05 18 0000,HBA-EG005-00001;HBA-EG005-00002;HBA-EG005-00003;HBA-EG005-00004;HBA-EG005-00005;HBA-EG005-00006;HBA-EG005-00007;HBA-EG005-00008;HBA-EG005-00009;HBA-EG005-00010;HBA-EG005-00011;HBA-EG005-00012;HBA-EG005-00013;HBA-EG005-00014;HBA-EG005-00015;HBA-EG005-00016;HBA-EG005-00017;HBA-EG005-00018;HBA-EG005-00019;HBA-EG005-00020;HBA-EG005-00021,21,,SRC-EGOV-SCOPECHANGE-SCA-004-2026-05-18-0000,ACCEPTED_GATE4,
SUB-25-01-01_AGENTS,AGENTS,KTY-25-01_Repository-Operating-Posture,CAT-025,AGENTS,HBA-RT001-00001;HBA-RT001-00002;HBA-RT001-00003;HBA-RT001-00004;HBA-RT001-00005;HBA-RT001-00006;HBA-RT001-00007;HBA-RT001-00008;HBA-RT001-00009;HBA-RT001-00010;HBA-RT001-00011;HBA-RT001-00012;HBA-RT001-00013;HBA-RT001-00014;HBA-RT001-00015;HBA-RT001-00016;HBA-RT001-00017;HBA-RT001-00018;HBA-RT001-00019;HBA-RT001-00020;HBA-RT001-00021;HBA-RT001-00022;HBA-RT001-00023;HBA-RT001-00024;HBA-RT001-00025;HBA-RT001-00026;HBA-RT001-00027;HBA-RT001-00028;HBA-RT001-00029;HBA-RT001-00030;HBA-RT001-00031;HBA-RT001-00032;HBA-RT001-00033;HBA-RT001-00034;HBA-RT001-00035;HBA-RT001-00036;HBA-RT001-00037;HBA-RT001-00038;HBA-RT001-00039;HBA-RT001-00040;HBA-RT001-00041;HBA-RT001-00042;HBA-RT001-00043;HBA-RT001-00044;HBA-RT001-00045;HBA-RT001-00046;HBA-RT001-00047;HBA-RT001-00048;HBA-RT001-00049;HBA-RT001-00050;HBA-RT001-00051;HBA-RT001-00052;HBA-RT001-00053;HBA-RT001-00054;HBA-RT001-00055;HBA-RT001-00056;HBA-RT001-00057;HBA-RT001-00058;HBA-RT001-00059;HBA-RT001-00060;HBA-RT001-00061;HBA-RT001-00062,62,,SRC-AGENTS,ACCEPTED_GATE4,
SUB-25-01-02_CONTRIBUTING,CONTRIBUTING,KTY-25-01_Repository-Operating-Posture,CAT-025,CONTRIBUTING,HBA-RT002-00001;HBA-RT002-00002;HBA-RT002-00003;HBA-RT002-00004;HBA-RT002-00005;HBA-RT002-00006;HBA-RT002-00009;HBA-RT002-00010;HBA-RT002-00011;HBA-RT002-00012;HBA-RT002-00013;HBA-RT002-00014;HBA-RT002-00015;HBA-RT002-00016;HBA-RT002-00017;HBA-RT002-00018;HBA-RT002-00019;HBA-RT002-00020;HBA-RT002-00021;HBA-RT002-00022;HBA-RT002-00023;HBA-RT002-00024;HBA-RT002-00025;HBA-RT002-00026;HBA-RT002-00027;HBA-RT002-00028;HBA-RT002-00029;HBA-RT002-00030;HBA-RT002-00031;HBA-RT002-00032;HBA-RT002-00033;HBA-RT002-00034;HBA-RT002-00035;HBA-RT002-00036;HBA-RT002-00037;HBA-RT002-00038;HBA-RT002-00039;HBA-RT002-00040,38,,SRC-CONTRIBUTING,ACCEPTED_GATE4,
SUB-25-01-03_README,README,KTY-25-01_Repository-Operating-Posture,CAT-025,README,HBA-RT003-00001;HBA-RT003-00002;HBA-RT003-00003;HBA-RT003-00004;HBA-RT003-00005;HBA-RT003-00006;HBA-RT003-00007;HBA-RT003-00008;HBA-RT003-00009;HBA-RT003-00010;HBA-RT003-00011;HBA-RT003-00012;HBA-RT003-00013;HBA-RT003-00014;HBA-RT003-00015;HBA-RT003-00016;HBA-RT003-00017;HBA-RT003-00018;HBA-RT003-00019;HBA-RT003-00020;HBA-RT003-00021;HBA-RT003-00022;HBA-RT003-00023;HBA-RT003-00024;HBA-RT003-00025;HBA-RT003-00026;HBA-RT003-00027;HBA-RT003-00028;HBA-RT003-00029;HBA-RT003-00030,30,,SRC-README,ACCEPTED_GATE4,
SUB-25-02-01_GOVERNANCE-CONTRIBUTION-REVIEW-CHECKLIST,GOVERNANCE CONTRIBUTION REVIEW CHECKLIST,KTY-25-02_Contribution-Governance,CAT-025,GOVERNANCE CONTRIBUTION REVIEW CHECKLIST,HBA-PD042-00001;HBA-PD042-00002;HBA-PD042-00003;HBA-PD042-00004;HBA-PD042-00005;HBA-PD042-00006;HBA-PD042-00007;HBA-PD042-00008;HBA-PD042-00009;HBA-PD042-00010;HBA-PD042-00011;HBA-PD042-00012;HBA-PD042-00013;HBA-PD042-00014;HBA-PD042-00015;HBA-PD042-00016;HBA-PD042-00017;HBA-PD042-00018;HBA-PD042-00019;HBA-PD042-00020;HBA-PD042-00021;HBA-PD042-00022;HBA-PD042-00023;HBA-PD042-00024;HBA-PD042-00025;HBA-PD042-00026;HBA-PD042-00027;HBA-PD042-00028;HBA-PD042-00029;HBA-PD042-00030;HBA-PD042-00031;HBA-PD042-00032;HBA-PD042-00033;HBA-PD042-00034;HBA-PD042-00035;HBA-PD042-00036;HBA-PD042-00037;HBA-PD042-00038;HBA-PD042-00039;HBA-PD042-00040,40,,SRC-GOVERNANCE-CONTRIBUTION-REVIEW-CHECKLIST,ACCEPTED_GATE4,
SUB-25-02-02_GOVERNANCE-CONTRIBUTOR-CERTIFICATION-TEMPLATE,GOVERNANCE CONTRIBUTOR CERTIFICATION TEMPLATE,KTY-25-02_Contribution-Governance,CAT-025,GOVERNANCE CONTRIBUTOR CERTIFICATION TEMPLATE,HBA-PD043-00001;HBA-PD043-00002;HBA-PD043-00003;HBA-PD043-00004;HBA-PD043-00005;HBA-PD043-00006;HBA-PD043-00009;HBA-PD043-00010;HBA-PD043-00011;HBA-PD043-00012;HBA-PD043-00013;HBA-PD043-00014;HBA-PD043-00015;HBA-PD043-00016;HBA-PD043-00018;HBA-PD043-00019;HBA-PD043-00020;HBA-PD043-00021;HBA-PD043-00022;HBA-PD043-00023;HBA-PD043-00024;HBA-PD043-00025;HBA-PD043-00026;HBA-PD043-00027;HBA-PD043-00028;HBA-PD043-00029;HBA-PD043-00030,27,,SRC-GOVERNANCE-CONTRIBUTOR-CERTIFICATION-TEMPLATE,ACCEPTED_GATE4,
SUB-25-02-03_GOVERNANCE-MAINTAINERS,GOVERNANCE MAINTAINERS,KTY-25-02_Contribution-Governance,CAT-025,GOVERNANCE MAINTAINERS,HBA-PD044-00001;HBA-PD044-00002;HBA-PD044-00003;HBA-PD044-00004;HBA-PD044-00005;HBA-PD044-00006;HBA-PD044-00007;HBA-PD044-00008;HBA-PD044-00009;HBA-PD044-00010;HBA-PD044-00019;HBA-PD044-00020;HBA-PD044-00021;HBA-PD044-00022;HBA-PD044-00023;HBA-PD044-00024;HBA-PD044-00025;HBA-PD044-00026;HBA-PD044-00027;HBA-PD044-00028;HBA-PD044-00029;HBA-PD044-00030;HBA-PD044-00031;HBA-PD044-00032;HBA-PD044-00033;HBA-PD044-00034;HBA-PD044-00035;HBA-PD044-00036;HBA-PD044-00037;HBA-PD044-00038;HBA-PD044-00039;HBA-PD044-00040;HBA-PD044-00041;HBA-PD044-00042;HBA-PD044-00043;HBA-PD044-00044;HBA-PD044-00045;HBA-PD044-00046;HBA-PD044-00047;HBA-PD044-00048;HBA-PD044-00049;HBA-PD044-00050;HBA-PD044-00051;HBA-PD044-00052;HBA-PD044-00053;HBA-PD044-00054;HBA-PD044-00055;HBA-PD044-00056;HBA-PD044-00057;HBA-PD044-00058;HBA-PD044-00059;HBA-PD044-00060;HBA-PD044-00061;HBA-PD044-00063;HBA-PD044-00071;HBA-PD044-00072;HBA-PD044-00073;HBA-PD044-00074;HBA-PD044-00075,59,,SRC-GOVERNANCE-MAINTAINERS,ACCEPTED_GATE4,
SUB-26-01-01_core-adapters-framework,Source directory core/adapters/framework,KTY-26-01_Core-Engine-Implementation-Source,CAT-026,Source directory core/adapters/framework,HBA-CC001-00001;HBA-CC001-00002;HBA-CC001-00003;HBA-CC001-00004;HBA-CC001-00005;HBA-CC001-00006;HBA-CC001-00007;HBA-CC001-00008;HBA-CC001-00009;HBA-CC001-00010;HBA-CC001-00011;HBA-CC001-00012;HBA-CC001-00013;HBA-CC001-00014;HBA-CC001-00015;HBA-CC001-00016;HBA-CC001-00017;HBA-CC001-00018;HBA-CC001-00019;HBA-CC001-00020;HBA-CC001-00021;HBA-CC001-00022;HBA-CC001-00023;HBA-CC001-00024;HBA-CC001-00025;HBA-CC001-00026;HBA-CC001-00027;HBA-CC001-00028;HBA-CC001-00029;HBA-CC001-00030;HBA-CC001-00031;HBA-CC001-00032;HBA-CC001-00033;HBA-CC001-00034;HBA-CC001-00035;HBA-CC001-00036,36,,SRC-CODE-CORE/core/adapters/framework,ACCEPTED_GATE4,
SUB-26-01-02_core-analysis-runs,Source directory core/analysis_runs,KTY-26-01_Core-Engine-Implementation-Source,CAT-026,Source directory core/analysis_runs,HBA-CC001-00037;HBA-CC001-00038;HBA-CC001-00039;HBA-CC001-00040;HBA-CC001-00041;HBA-CC001-00042;HBA-CC001-00043;HBA-CC001-00044;HBA-CC001-00045;HBA-CC001-00046;HBA-CC001-00047;HBA-CC001-00048;HBA-CC001-00049;HBA-CC001-00050;HBA-CC001-00051;HBA-CC001-00052;HBA-CC001-00053;HBA-CC001-00054;HBA-CC001-00055;HBA-CC001-00056;HBA-CC001-00057;HBA-CC001-00058,22,,SRC-CODE-CORE/core/analysis_runs,ACCEPTED_GATE4,
SUB-26-01-03_core-comparison-analysis-run,Source directory core/comparison/analysis_run,KTY-26-01_Core-Engine-Implementation-Source,CAT-026,Source directory core/comparison/analysis_run,HBA-CC001-00059;HBA-CC001-00060;HBA-CC001-00061;HBA-CC001-00062;HBA-CC001-00063;HBA-CC001-00064;HBA-CC001-00065;HBA-CC001-00066;HBA-CC001-00067;HBA-CC001-00068;HBA-CC001-00069;HBA-CC001-00070;HBA-CC001-00071;HBA-CC001-00072;HBA-CC001-00073;HBA-CC001-00074;HBA-CC001-00075;HBA-CC001-00076;HBA-CC001-00077;HBA-CC001-00078;HBA-CC001-00079;HBA-CC001-00080,22,,SRC-CODE-CORE/core/comparison/analysis_run,ACCEPTED_GATE4,
SUB-26-01-04_core-comparison-model-state,Source directory core/comparison/model_state,KTY-26-01_Core-Engine-Implementation-Source,CAT-026,Source directory core/comparison/model_state,HBA-CC001-00081;HBA-CC001-00082;HBA-CC001-00083;HBA-CC001-00084;HBA-CC001-00085;HBA-CC001-00086;HBA-CC001-00087;HBA-CC001-00088;HBA-CC001-00089;HBA-CC001-00090;HBA-CC001-00091;HBA-CC001-00092;HBA-CC001-00093;HBA-CC001-00094;HBA-CC001-00095;HBA-CC001-00096;HBA-CC001-00097;HBA-CC001-00098;HBA-CC001-00099;HBA-CC001-00100;HBA-CC001-00101;HBA-CC001-00102;HBA-CC001-00103,23,,SRC-CODE-CORE/core/comparison/model_state,ACCEPTED_GATE4,
SUB-26-01-05_core-constraints-validation,Source directory core/constraints/validation,KTY-26-01_Core-Engine-Implementation-Source,CAT-026,Source directory core/constraints/validation,HBA-CC001-00104;HBA-CC001-00105;HBA-CC001-00106;HBA-CC001-00107;HBA-CC001-00108;HBA-CC001-00109;HBA-CC001-00110;HBA-CC001-00111;HBA-CC001-00112;HBA-CC001-00113;HBA-CC001-00114;HBA-CC001-00115;HBA-CC001-00116;HBA-CC001-00117;HBA-CC001-00118;HBA-CC001-00119;HBA-CC001-00120;HBA-CC001-00121;HBA-CC001-00122;HBA-CC001-00123;HBA-CC001-00124;HBA-CC001-00125;HBA-CC001-00126;HBA-CC001-00127;HBA-CC001-00128;HBA-CC001-00129;HBA-CC001-00130;HBA-CC001-00131;HBA-CC001-00132;HBA-CC001-00133;HBA-CC001-00134;HBA-CC001-00135;HBA-CC001-00136;HBA-CC001-00137,34,,SRC-CODE-CORE/core/constraints/validation,ACCEPTED_GATE4,
SUB-26-01-06_core-gui-accessibility,Source directory core/gui/accessibility,KTY-26-01_Core-Engine-Implementation-Source,CAT-026,Source directory core/gui/accessibility,HBA-CC001-00138;HBA-CC001-00139;HBA-CC001-00140;HBA-CC001-00141;HBA-CC001-00142;HBA-CC001-00143;HBA-CC001-00144;HBA-CC001-00145;HBA-CC001-00146;HBA-CC001-00147;HBA-CC001-00148;HBA-CC001-00149;HBA-CC001-00150;HBA-CC001-00151;HBA-CC001-00152;HBA-CC001-00153;HBA-CC001-00154;HBA-CC001-00155;HBA-CC001-00156;HBA-CC001-00157;HBA-CC001-00158;HBA-CC001-00159;HBA-CC001-00160;HBA-CC001-00161;HBA-CC001-00162;HBA-CC001-00163;HBA-CC001-00164;HBA-CC001-00165,28,,SRC-CODE-CORE/core/gui/accessibility,ACCEPTED_GATE4,
SUB-26-01-07_core-gui-design-workspace,Source directory core/gui/design_workspace,KTY-26-01_Core-Engine-Implementation-Source,CAT-026,Source directory core/gui/design_workspace,HBA-CC001-00166;HBA-CC001-00167;HBA-CC001-00168;HBA-CC001-00169;HBA-CC001-00170;HBA-CC001-00171;HBA-CC001-00172;HBA-CC001-00173;HBA-CC001-00174;HBA-CC001-00175;HBA-CC001-00176;HBA-CC001-00177;HBA-CC001-00178;HBA-CC001-00179;HBA-CC001-00180;HBA-CC001-00181;HBA-CC001-00182;HBA-CC001-00183;HBA-CC001-00184;HBA-CC001-00185;HBA-CC001-00186;HBA-CC001-00187;HBA-CC001-00188;HBA-CC001-00189;HBA-CC001-00190;HBA-CC001-00191;HBA-CC001-00192;HBA-CC001-00193;HBA-CC001-00194;HBA-CC001-00195;HBA-CC001-00196;HBA-CC001-00197;HBA-CC001-00198;HBA-CC001-00199;HBA-CC001-00200;HBA-CC001-00201;HBA-CC001-00202;HBA-CC001-00203;HBA-CC001-00204;HBA-CC001-00205;HBA-CC001-00206;HBA-CC001-00207;HBA-CC001-00208;HBA-CC001-00209,44,,SRC-CODE-CORE/core/gui/design_workspace,ACCEPTED_GATE4,
SUB-26-01-08_core-gui-editors,Source directory core/gui/editors,KTY-26-01_Core-Engine-Implementation-Source,CAT-026,Source directory core/gui/editors,HBA-CC001-00210;HBA-CC001-00211;HBA-CC001-00212;HBA-CC001-00213;HBA-CC001-00214;HBA-CC001-00215;HBA-CC001-00216;HBA-CC001-00217;HBA-CC001-00218;HBA-CC001-00219,10,,SRC-CODE-CORE/core/gui/editors,ACCEPTED_GATE4,
SUB-26-01-09_core-gui-model-tree,Source directory core/gui/model_tree,KTY-26-01_Core-Engine-Implementation-Source,CAT-026,Source directory core/gui/model_tree,HBA-CC001-00220;HBA-CC001-00221;HBA-CC001-00222;HBA-CC001-00223;HBA-CC001-00224;HBA-CC001-00225;HBA-CC001-00226;HBA-CC001-00227;HBA-CC001-00228,9,,SRC-CODE-CORE/core/gui/model_tree,ACCEPTED_GATE4,
SUB-26-01-100_core-units,Source directory core/units,KTY-26-01_Core-Engine-Implementation-Source,CAT-026,Source directory core/units,HBA-CC001-02722;HBA-CC001-02723;HBA-CC001-02724;HBA-CC001-02725;HBA-CC001-02726;HBA-CC001-02727;HBA-CC001-02728;HBA-CC001-02729;HBA-CC001-02730;HBA-CC001-02731;HBA-CC001-02732;HBA-CC001-02733;HBA-CC001-02734;HBA-CC001-02735;HBA-CC001-02736;HBA-CC001-02737;HBA-CC001-02738;HBA-CC001-02739;HBA-CC001-02740;HBA-CC001-02741;HBA-CC001-02742;HBA-CC001-02743;HBA-CC001-02744;HBA-CC001-02745;HBA-CC001-02746;HBA-CC001-02747;HBA-CC001-02748;HBA-CC001-02749;HBA-CC001-02750;HBA-CC001-02751;HBA-CC001-02752;HBA-CC001-02753;HBA-CC001-02754;HBA-CC001-02755;HBA-CC001-02756,35,,SRC-CODE-CORE/core/units,ACCEPTED_GATE4,
SUB-26-01-101_core-units-src,Source directory core/units/src,KTY-26-01_Core-Engine-Implementation-Source,CAT-026,Source directory core/units/src,HBA-CC001-02757;HBA-CC001-02758;HBA-CC001-02759;HBA-CC001-02760;HBA-CC001-02761;HBA-CC001-02762;HBA-CC001-02763;HBA-CC001-02764;HBA-CC001-02765;HBA-CC001-02766;HBA-CC001-02767;HBA-CC001-02768;HBA-CC001-02769;HBA-CC001-02770;HBA-CC001-02771;HBA-CC001-02772;HBA-CC001-02773;HBA-CC001-02774;HBA-CC001-02775;HBA-CC001-02776;HBA-CC001-02777;HBA-CC001-02778;HBA-CC001-02779;HBA-CC001-02780;HBA-CC001-02781;HBA-CC001-02782;HBA-CC001-02783;HBA-CC001-02784;HBA-CC001-02785;HBA-CC001-02786;HBA-CC001-02787;HBA-CC001-02788;HBA-CC001-02789;HBA-CC001-02790;HBA-CC001-02791;HBA-CC001-02792;HBA-CC001-02793;HBA-CC001-02794;HBA-CC001-02795;HBA-CC001-02796;HBA-CC001-02797;HBA-CC001-02798;HBA-CC001-02799;HBA-CC001-02800,44,,SRC-CODE-CORE/core/units/src,ACCEPTED_GATE4,
SUB-26-01-10_core-gui,Source directory core/gui,KTY-26-01_Core-Engine-Implementation-Source,CAT-026,Source directory core/gui,HBA-CC001-00229;HBA-CC001-00230;HBA-CC001-00231;HBA-CC001-00232;HBA-CC001-00233;HBA-CC001-00234;HBA-CC001-00235;HBA-CC001-00236;HBA-CC001-00237;HBA-CC001-00238;HBA-CC001-00239;HBA-CC001-00240;HBA-CC001-00241;HBA-CC001-00242;HBA-CC001-00243;HBA-CC001-00244;HBA-CC001-00245;HBA-CC001-00246;HBA-CC001-00247,19,,SRC-CODE-CORE/core/gui,ACCEPTED_GATE4,
SUB-26-01-11_core-gui-results-viewer,Source directory core/gui/results_viewer,KTY-26-01_Core-Engine-Implementation-Source,CAT-026,Source directory core/gui/results_viewer,HBA-CC001-00248;HBA-CC001-00249;HBA-CC001-00250;HBA-CC001-00251;HBA-CC001-00252;HBA-CC001-00253;HBA-CC001-00254;HBA-CC001-00255;HBA-CC001-00256;HBA-CC001-00257,10,,SRC-CODE-CORE/core/gui/results_viewer,ACCEPTED_GATE4,
SUB-26-01-12_core-gui-solve-execution,Source directory core/gui/solve_execution,KTY-26-01_Core-Engine-Implementation-Source,CAT-026,Source directory core/gui/solve_execution,HBA-CC001-00258;HBA-CC001-00259;HBA-CC001-00260;HBA-CC001-00261;HBA-CC001-00262;HBA-CC001-00263;HBA-CC001-00264;HBA-CC001-00265;HBA-CC001-00266,9,,SRC-CODE-CORE/core/gui/solve_execution,ACCEPTED_GATE4,
SUB-26-01-13_core-gui-viewport-editor,Source directory core/gui/viewport_editor,KTY-26-01_Core-Engine-Implementation-Source,CAT-026,Source directory core/gui/viewport_editor,HBA-CC001-00267,1,,SRC-CODE-CORE/core/gui/viewport_editor,ACCEPTED_GATE4,
SUB-26-01-14_core-gui-viewport-editor-src,Source directory core/gui/viewport_editor/src,KTY-26-01_Core-Engine-Implementation-Source,CAT-026,Source directory core/gui/viewport_editor/src,HBA-CC001-00268;HBA-CC001-00269;HBA-CC001-00270;HBA-CC001-00271;HBA-CC001-00272;HBA-CC001-00273;HBA-CC001-00274;HBA-CC001-00275;HBA-CC001-00276;HBA-CC001-00277;HBA-CC001-00278;HBA-CC001-00279;HBA-CC001-00280;HBA-CC001-00281;HBA-CC001-00282;HBA-CC001-00283;HBA-CC001-00284;HBA-CC001-00285;HBA-CC001-00286;HBA-CC001-00287;HBA-CC001-00288;HBA-CC001-00289;HBA-CC001-00290;HBA-CC001-00291;HBA-CC001-00292;HBA-CC001-00293,26,,SRC-CODE-CORE/core/gui/viewport_editor/src,ACCEPTED_GATE4,
SUB-26-01-15_core-gui-warnings,Source directory core/gui/warnings,KTY-26-01_Core-Engine-Implementation-Source,CAT-026,Source directory core/gui/warnings,HBA-CC001-00294;HBA-CC001-00295;HBA-CC001-00296;HBA-CC001-00297;HBA-CC001-00298;HBA-CC001-00299;HBA-CC001-00300;HBA-CC001-00301;HBA-CC001-00302;HBA-CC001-00303,10,,SRC-CODE-CORE/core/gui/warnings,ACCEPTED_GATE4,
SUB-26-01-16_core-handoff-caepipe-external,Source directory core/handoff/caepipe_external,KTY-26-01_Core-Engine-Implementation-Source,CAT-026,Source directory core/handoff/caepipe_external,HBA-CC001-00304;HBA-CC001-00305;HBA-CC001-00306;HBA-CC001-00307;HBA-CC001-00308;HBA-CC001-00309;HBA-CC001-00310;HBA-CC001-00311;HBA-CC001-00312;HBA-CC001-00313;HBA-CC001-00314;HBA-CC001-00315;HBA-CC001-00316;HBA-CC001-00317;HBA-CC001-00318;HBA-CC001-00319;HBA-CC001-00320;HBA-CC001-00321;HBA-CC001-00322;HBA-CC001-00323;HBA-CC001-00324;HBA-CC001-00325;HBA-CC001-00326;HBA-CC001-00327;HBA-CC001-00328;HBA-CC001-00329;HBA-CC001-00330,27,,SRC-CODE-CORE/core/handoff/caepipe_external,ACCEPTED_GATE4,
SUB-26-01-17_core-handoff-caepipe-mbf,Source directory core/handoff/caepipe_mbf,KTY-26-01_Core-Engine-Implementation-Source,CAT-026,Source directory core/handoff/caepipe_mbf,HBA-CC001-00331;HBA-CC001-00332;HBA-CC001-00333;HBA-CC001-00334;HBA-CC001-00335;HBA-CC001-00336;HBA-CC001-00337;HBA-CC001-00338;HBA-CC001-00339;HBA-CC001-00340;HBA-CC001-00341;HBA-CC001-00342;HBA-CC001-00343;HBA-CC001-00344;HBA-CC001-00345;HBA-CC001-00346;HBA-CC001-00347;HBA-CC001-00348;HBA-CC001-00349;HBA-CC001-00350;HBA-CC001-00351;HBA-CC001-00352;HBA-CC001-00353;HBA-CC001-00354;HBA-CC001-00355,25,,SRC-CODE-CORE/core/handoff/caepipe_mbf,ACCEPTED_GATE4,
SUB-26-01-18_core-handoff-export-adapter-sdk,Source directory core/handoff/export_adapter_sdk,KTY-26-01_Core-Engine-Implementation-Source,CAT-026,Source directory core/handoff/export_adapter_sdk,HBA-CC001-00356;HBA-CC001-00357;HBA-CC001-00358;HBA-CC001-00359;HBA-CC001-00360;HBA-CC001-00361;HBA-CC001-00362;HBA-CC001-00363;HBA-CC001-00364;HBA-CC001-00365;HBA-CC001-00366;HBA-CC001-00367;HBA-CC001-00368;HBA-CC001-00369;HBA-CC001-00370;HBA-CC001-00371;HBA-CC001-00372;HBA-CC001-00373,18,,SRC-CODE-CORE/core/handoff/export_adapter_sdk,ACCEPTED_GATE4,
SUB-26-01-19_core-handoff-exporter,Source directory core/handoff/exporter,KTY-26-01_Core-Engine-Implementation-Source,CAT-026,Source directory core/handoff/exporter,HBA-CC001-00374;HBA-CC001-00375;HBA-CC001-00376;HBA-CC001-00377;HBA-CC001-00378;HBA-CC001-00379;HBA-CC001-00380;HBA-CC001-00381;HBA-CC001-00382;HBA-CC001-00383;HBA-CC001-00384;HBA-CC001-00385;HBA-CC001-00386;HBA-CC001-00387;HBA-CC001-00388,15,,SRC-CODE-CORE/core/handoff/exporter,ACCEPTED_GATE4,
SUB-26-01-20_core-handoff-external-prover,Source directory core/handoff/external_prover,KTY-26-01_Core-Engine-Implementation-Source,CAT-026,Source directory core/handoff/external_prover,HBA-CC001-00389;HBA-CC001-00390;HBA-CC001-00391;HBA-CC001-00392;HBA-CC001-00393;HBA-CC001-00394;HBA-CC001-00395;HBA-CC001-00396;HBA-CC001-00397;HBA-CC001-00398;HBA-CC001-00399;HBA-CC001-00400;HBA-CC001-00401;HBA-CC001-00402;HBA-CC001-00403;HBA-CC001-00404;HBA-CC001-00405,17,,SRC-CODE-CORE/core/handoff/external_prover,ACCEPTED_GATE4,
SUB-26-01-21_core-handoff-native-json,Source directory core/handoff/native_json,KTY-26-01_Core-Engine-Implementation-Source,CAT-026,Source directory core/handoff/native_json,HBA-CC001-00406;HBA-CC001-00407;HBA-CC001-00408;HBA-CC001-00409;HBA-CC001-00410;HBA-CC001-00411;HBA-CC001-00412;HBA-CC001-00413;HBA-CC001-00414;HBA-CC001-00415;HBA-CC001-00416;HBA-CC001-00417,12,,SRC-CODE-CORE/core/handoff/native_json,ACCEPTED_GATE4,
SUB-26-01-22_core-handoff-pcf-export,Source directory core/handoff/pcf_export,KTY-26-01_Core-Engine-Implementation-Source,CAT-026,Source directory core/handoff/pcf_export,HBA-CC001-00418;HBA-CC001-00419;HBA-CC001-00420;HBA-CC001-00421;HBA-CC001-00422;HBA-CC001-00423;HBA-CC001-00424;HBA-CC001-00425;HBA-CC001-00426;HBA-CC001-00427;HBA-CC001-00428;HBA-CC001-00429;HBA-CC001-00430;HBA-CC001-00431;HBA-CC001-00432;HBA-CC001-00433;HBA-CC001-00434,17,,SRC-CODE-CORE/core/handoff/pcf_export,ACCEPTED_GATE4,
SUB-26-01-23_core-handoff-review-geometry,Source directory core/handoff/review_geometry,KTY-26-01_Core-Engine-Implementation-Source,CAT-026,Source directory core/handoff/review_geometry,HBA-CC001-00435;HBA-CC001-00436;HBA-CC001-00437;HBA-CC001-00438;HBA-CC001-00439;HBA-CC001-00440;HBA-CC001-00441;HBA-CC001-00442;HBA-CC001-00443;HBA-CC001-00444;HBA-CC001-00445;HBA-CC001-00446;HBA-CC001-00447;HBA-CC001-00448;HBA-CC001-00449;HBA-CC001-00450;HBA-CC001-00451;HBA-CC001-00452;HBA-CC001-00453;HBA-CC001-00454;HBA-CC001-00455;HBA-CC001-00456;HBA-CC001-00457;HBA-CC001-00458;HBA-CC001-00459;HBA-CC001-00460;HBA-CC001-00461;HBA-CC001-00462;HBA-CC001-00463;HBA-CC001-00464;HBA-CC001-00465,31,,SRC-CODE-CORE/core/handoff/review_geometry,ACCEPTED_GATE4,
SUB-26-01-24_core-handoff-stress-neutral,Source directory core/handoff/stress_neutral,KTY-26-01_Core-Engine-Implementation-Source,CAT-026,Source directory core/handoff/stress_neutral,HBA-CC001-00466;HBA-CC001-00467;HBA-CC001-00468;HBA-CC001-00469;HBA-CC001-00470;HBA-CC001-00471;HBA-CC001-00472;HBA-CC001-00473;HBA-CC001-00474;HBA-CC001-00475;HBA-CC001-00476;HBA-CC001-00477;HBA-CC001-00478;HBA-CC001-00479;HBA-CC001-00480;HBA-CC001-00481;HBA-CC001-00482;HBA-CC001-00483;HBA-CC001-00484;HBA-CC001-00485;HBA-CC001-00486;HBA-CC001-00487;HBA-CC001-00488;HBA-CC001-00489,24,,SRC-CODE-CORE/core/handoff/stress_neutral,ACCEPTED_GATE4,
SUB-26-01-25_core-handoff-target-mapping,Source directory core/handoff/target_mapping,KTY-26-01_Core-Engine-Implementation-Source,CAT-026,Source directory core/handoff/target_mapping,HBA-CC001-00490;HBA-CC001-00491;HBA-CC001-00492;HBA-CC001-00493;HBA-CC001-00494;HBA-CC001-00495;HBA-CC001-00496;HBA-CC001-00497;HBA-CC001-00498;HBA-CC001-00499;HBA-CC001-00500;HBA-CC001-00501;HBA-CC001-00502;HBA-CC001-00503;HBA-CC001-00504;HBA-CC001-00505;HBA-CC001-00506;HBA-CC001-00507;HBA-CC001-00508,19,,SRC-CODE-CORE/core/handoff/target_mapping,ACCEPTED_GATE4,
SUB-26-01-26_core-library-import,Source directory core/library_import,KTY-26-01_Core-Engine-Implementation-Source,CAT-026,Source directory core/library_import,HBA-CC001-00509;HBA-CC001-00510;HBA-CC001-00511;HBA-CC001-00512;HBA-CC001-00545;HBA-CC001-00546;HBA-CC001-00547;HBA-CC001-00548;HBA-CC001-00549;HBA-CC001-00550;HBA-CC001-00551;HBA-CC001-00552;HBA-CC001-00553;HBA-CC001-00554;HBA-CC001-00555;HBA-CC001-00556;HBA-CC001-00557;HBA-CC001-00558;HBA-CC001-00559;HBA-CC001-00560;HBA-CC001-00561;HBA-CC001-00562;HBA-CC001-00563;HBA-CC001-00564;HBA-CC001-00565;HBA-CC001-00566;HBA-CC001-00567,27,,SRC-CODE-CORE/core/library_import,ACCEPTED_GATE4,
SUB-26-01-27_core-library-import-library-import-document,Source directory core/library_import/library_import_document,KTY-26-01_Core-Engine-Implementation-Source,CAT-026,Source directory core/library_import/library_import_document,HBA-CC001-00513;HBA-CC001-00514;HBA-CC001-00515;HBA-CC001-00516;HBA-CC001-00517;HBA-CC001-00518;HBA-CC001-00519;HBA-CC001-00520;HBA-CC001-00521;HBA-CC001-00522;HBA-CC001-00523;HBA-CC001-00524,12,,SRC-CODE-CORE/core/library_import/library_import_document,ACCEPTED_GATE4,
SUB-26-01-28_core-library-import-library-import-document-src,Source directory core/library_import/library_import_document/src,KTY-26-01_Core-Engine-Implementation-Source,CAT-026,Source directory core/library_import/library_import_document/src,HBA-CC001-00525;HBA-CC001-00526;HBA-CC001-00527;HBA-CC001-00528;HBA-CC001-00529;HBA-CC001-00530;HBA-CC001-00531;HBA-CC001-00532;HBA-CC001-00533;HBA-CC001-00534;HBA-CC001-00535;HBA-CC001-00536,12,,SRC-CODE-CORE/core/library_import/library_import_document/src,ACCEPTED_GATE4,
SUB-26-01-29_core-library-import-library-import-document-tests,Source directory core/library_import/library_import_document/tests,KTY-26-01_Core-Engine-Implementation-Source,CAT-026,Source directory core/library_import/library_import_document/tests,HBA-CC001-00537;HBA-CC001-00538;HBA-CC001-00539;HBA-CC001-00540;HBA-CC001-00541;HBA-CC001-00542;HBA-CC001-00543;HBA-CC001-00544,8,,SRC-CODE-CORE/core/library_import/library_import_document/tests,ACCEPTED_GATE4,
SUB-26-01-30_core-loads-load-case-algebra,Source directory core/loads/load_case_algebra,KTY-26-01_Core-Engine-Implementation-Source,CAT-026,Source directory core/loads/load_case_algebra,HBA-CC001-00568;HBA-CC001-00569;HBA-CC001-00570;HBA-CC001-00571;HBA-CC001-00572;HBA-CC001-00573;HBA-CC001-00574;HBA-CC001-00575;HBA-CC001-00576;HBA-CC001-00577;HBA-CC001-00578;HBA-CC001-00579;HBA-CC001-00580;HBA-CC001-00581,14,,SRC-CODE-CORE/core/loads/load_case_algebra,ACCEPTED_GATE4,
SUB-26-01-31_core-loads-load-case-algebra-src,Source directory core/loads/load_case_algebra/src,KTY-26-01_Core-Engine-Implementation-Source,CAT-026,Source directory core/loads/load_case_algebra/src,HBA-CC001-00582;HBA-CC001-00583;HBA-CC001-00584;HBA-CC001-00585;HBA-CC001-00586;HBA-CC001-00587;HBA-CC001-00588;HBA-CC001-00589;HBA-CC001-00590;HBA-CC001-00591;HBA-CC001-00592;HBA-CC001-00593;HBA-CC001-00594;HBA-CC001-00595;HBA-CC001-00596;HBA-CC001-00597;HBA-CC001-00598;HBA-CC001-00599;HBA-CC001-00600;HBA-CC001-00601;HBA-CC001-00602;HBA-CC001-00603;HBA-CC001-00604;HBA-CC001-00605;HBA-CC001-00606;HBA-CC001-00607;HBA-CC001-00608;HBA-CC001-00609;HBA-CC001-00610;HBA-CC001-00611;HBA-CC001-00612;HBA-CC001-00613;HBA-CC001-00614,33,,SRC-CODE-CORE/core/loads/load_case_algebra/src,ACCEPTED_GATE4,
SUB-26-01-32_core-loads-primitive-loads,Source directory core/loads/primitive_loads,KTY-26-01_Core-Engine-Implementation-Source,CAT-026,Source directory core/loads/primitive_loads,HBA-CC001-00615;HBA-CC001-00616;HBA-CC001-00617;HBA-CC001-00618;HBA-CC001-00619;HBA-CC001-00620;HBA-CC001-00621;HBA-CC001-00622;HBA-CC001-00623;HBA-CC001-00624;HBA-CC001-00625;HBA-CC001-00626;HBA-CC001-00627;HBA-CC001-00628;HBA-CC001-00629;HBA-CC001-00630;HBA-CC001-00631;HBA-CC001-00632;HBA-CC001-00633;HBA-CC001-00634;HBA-CC001-00635;HBA-CC001-00636,22,,SRC-CODE-CORE/core/loads/primitive_loads,ACCEPTED_GATE4,
SUB-26-01-33_core-loads-primitive-loads-src,Source directory core/loads/primitive_loads/src,KTY-26-01_Core-Engine-Implementation-Source,CAT-026,Source directory core/loads/primitive_loads/src,HBA-CC001-00637;HBA-CC001-00638;HBA-CC001-00639;HBA-CC001-00640;HBA-CC001-00641;HBA-CC001-00642;HBA-CC001-00643;HBA-CC001-00644;HBA-CC001-00645;HBA-CC001-00646;HBA-CC001-00647;HBA-CC001-00648;HBA-CC001-00649;HBA-CC001-00650;HBA-CC001-00651;HBA-CC001-00652;HBA-CC001-00653;HBA-CC001-00654;HBA-CC001-00655;HBA-CC001-00656;HBA-CC001-00657;HBA-CC001-00658;HBA-CC001-00659;HBA-CC001-00660;HBA-CC001-00661;HBA-CC001-00662;HBA-CC001-00663;HBA-CC001-00664;HBA-CC001-00665;HBA-CC001-00666;HBA-CC001-00667;HBA-CC001-00668;HBA-CC001-00669;HBA-CC001-00670;HBA-CC001-00671;HBA-CC001-00672;HBA-CC001-00673;HBA-CC001-00674;HBA-CC001-00675;HBA-CC001-00676;HBA-CC001-00677;HBA-CC001-00678;HBA-CC001-00679;HBA-CC001-00680;HBA-CC001-00681;HBA-CC001-00682;HBA-CC001-00683;HBA-CC001-00684;HBA-CC001-00685;HBA-CC001-00686;HBA-CC001-00687;HBA-CC001-00688;HBA-CC001-00689;HBA-CC001-00690;HBA-CC001-00691;HBA-CC001-00692;HBA-CC001-00693;HBA-CC001-00694;HBA-CC001-00695;HBA-CC001-00696;HBA-CC001-00697;HBA-CC001-00698;HBA-CC001-00699;HBA-CC001-00700;HBA-CC001-00701;HBA-CC001-00702;HBA-CC001-00703;HBA-CC001-00704;HBA-CC001-00705;HBA-CC001-00706;HBA-CC001-00707;HBA-CC001-00708;HBA-CC001-00709;HBA-CC001-00710;HBA-CC001-00711;HBA-CC001-00712;HBA-CC001-00713;HBA-CC001-00714;HBA-CC001-00715;HBA-CC001-00716;HBA-CC001-00717;HBA-CC001-00718;HBA-CC001-00719;HBA-CC001-00720,84,,SRC-CODE-CORE/core/loads/primitive_loads/src,ACCEPTED_GATE4,
SUB-26-01-34_core-loads-stress-recovery,Source directory core/loads/stress_recovery,KTY-26-01_Core-Engine-Implementation-Source,CAT-026,Source directory core/loads/stress_recovery,HBA-CC001-00721;HBA-CC001-00722;HBA-CC001-00723;HBA-CC001-00724;HBA-CC001-00725;HBA-CC001-00726;HBA-CC001-00727;HBA-CC001-00728;HBA-CC001-00729;HBA-CC001-00730;HBA-CC001-00731;HBA-CC001-00732;HBA-CC001-00733;HBA-CC001-00734;HBA-CC001-00735;HBA-CC001-00736;HBA-CC001-00737,17,,SRC-CODE-CORE/core/loads/stress_recovery,ACCEPTED_GATE4,
SUB-26-01-35_core-loads-stress-recovery-src,Source directory core/loads/stress_recovery/src,KTY-26-01_Core-Engine-Implementation-Source,CAT-026,Source directory core/loads/stress_recovery/src,HBA-CC001-00738;HBA-CC001-00739;HBA-CC001-00740;HBA-CC001-00741;HBA-CC001-00742;HBA-CC001-00743;HBA-CC001-00744;HBA-CC001-00745;HBA-CC001-00746;HBA-CC001-00747;HBA-CC001-00748;HBA-CC001-00749;HBA-CC001-00750;HBA-CC001-00751;HBA-CC001-00752;HBA-CC001-00753;HBA-CC001-00754;HBA-CC001-00755;HBA-CC001-00756;HBA-CC001-00757;HBA-CC001-00758;HBA-CC001-00759;HBA-CC001-00760;HBA-CC001-00761;HBA-CC001-00762;HBA-CC001-00763;HBA-CC001-00764;HBA-CC001-00765;HBA-CC001-00766;HBA-CC001-00767;HBA-CC001-00768;HBA-CC001-00769;HBA-CC001-00770;HBA-CC001-00771;HBA-CC001-00772;HBA-CC001-00773;HBA-CC001-00774,37,,SRC-CODE-CORE/core/loads/stress_recovery/src,ACCEPTED_GATE4,
SUB-26-01-36_core-loads-user-loads,Source directory core/loads/user_loads,KTY-26-01_Core-Engine-Implementation-Source,CAT-026,Source directory core/loads/user_loads,HBA-CC001-00776;HBA-CC001-00777;HBA-CC001-00778;HBA-CC001-00779;HBA-CC001-00780;HBA-CC001-00781;HBA-CC001-00782;HBA-CC001-00783;HBA-CC001-00784;HBA-CC001-00785,10,,SRC-CODE-CORE/core/loads/user_loads,ACCEPTED_GATE4,
SUB-26-01-37_core-loads-user-loads-src,Source directory core/loads/user_loads/src,KTY-26-01_Core-Engine-Implementation-Source,CAT-026,Source directory core/loads/user_loads/src,HBA-CC001-00786;HBA-CC001-00787;HBA-CC001-00788;HBA-CC001-00789;HBA-CC001-00790;HBA-CC001-00791;HBA-CC001-00792;HBA-CC001-00793;HBA-CC001-00794;HBA-CC001-00795;HBA-CC001-00796;HBA-CC001-00797;HBA-CC001-00798;HBA-CC001-00799;HBA-CC001-00800;HBA-CC001-00801;HBA-CC001-00802;HBA-CC001-00803;HBA-CC001-00804;HBA-CC001-00805;HBA-CC001-00806;HBA-CC001-00807;HBA-CC001-00808;HBA-CC001-00809;HBA-CC001-00810;HBA-CC001-00811;HBA-CC001-00812;HBA-CC001-00813;HBA-CC001-00814;HBA-CC001-00815;HBA-CC001-00816;HBA-CC001-00817;HBA-CC001-00818;HBA-CC001-00819;HBA-CC001-00820;HBA-CC001-00821;HBA-CC001-00822;HBA-CC001-00823;HBA-CC001-00824;HBA-CC001-00825;HBA-CC001-00826,41,,SRC-CODE-CORE/core/loads/user_loads/src,ACCEPTED_GATE4,
SUB-26-01-38_core-model-operations-agent-rationale,Source directory core/model_operations/agent_rationale,KTY-26-01_Core-Engine-Implementation-Source,CAT-026,Source directory core/model_operations/agent_rationale,HBA-CC001-00827;HBA-CC001-00828;HBA-CC001-00829;HBA-CC001-00830;HBA-CC001-00831;HBA-CC001-00832;HBA-CC001-00833;HBA-CC001-00834;HBA-CC001-00835;HBA-CC001-00836;HBA-CC001-00837;HBA-CC001-00838;HBA-CC001-00839,13,,SRC-CODE-CORE/core/model_operations/agent_rationale,ACCEPTED_GATE4,
SUB-26-01-39_core-model-operations-audit-trail,Source directory core/model_operations/audit_trail,KTY-26-01_Core-Engine-Implementation-Source,CAT-026,Source directory core/model_operations/audit_trail,HBA-CC001-00840;HBA-CC001-00841;HBA-CC001-00842;HBA-CC001-00843;HBA-CC001-00844;HBA-CC001-00845;HBA-CC001-00846;HBA-CC001-00847;HBA-CC001-00848;HBA-CC001-00849;HBA-CC001-00850;HBA-CC001-00851;HBA-CC001-00852;HBA-CC001-00853;HBA-CC001-00854;HBA-CC001-00855;HBA-CC001-00856,17,,SRC-CODE-CORE/core/model_operations/audit_trail,ACCEPTED_GATE4,
SUB-26-01-40_core-model-operations-operation-applier,Source directory core/model_operations/operation_applier,KTY-26-01_Core-Engine-Implementation-Source,CAT-026,Source directory core/model_operations/operation_applier,HBA-CC001-00857;HBA-CC001-00858;HBA-CC001-00859;HBA-CC001-00860,4,,SRC-CODE-CORE/core/model_operations/operation_applier,ACCEPTED_GATE4,
SUB-26-01-41_core-model-operations-operation-applier-src,Source directory core/model_operations/operation_applier/src,KTY-26-01_Core-Engine-Implementation-Source,CAT-026,Source directory core/model_operations/operation_applier/src,HBA-CC001-00861;HBA-CC001-00862;HBA-CC001-00863;HBA-CC001-00864;HBA-CC001-00865;HBA-CC001-00866;HBA-CC001-00867;HBA-CC001-00868;HBA-CC001-00869;HBA-CC001-00870;HBA-CC001-00871;HBA-CC001-00872;HBA-CC001-00873;HBA-CC001-00874;HBA-CC001-00875;HBA-CC001-00876;HBA-CC001-00877;HBA-CC001-00878;HBA-CC001-00879;HBA-CC001-00880;HBA-CC001-00881;HBA-CC001-00882;HBA-CC001-00883;HBA-CC001-00884;HBA-CC001-00885;HBA-CC001-00886;HBA-CC001-00887;HBA-CC001-00888;HBA-CC001-00889;HBA-CC001-00890;HBA-CC001-00891;HBA-CC001-00892;HBA-CC001-00893;HBA-CC001-00894;HBA-CC001-00895;HBA-CC001-00896;HBA-CC001-00897;HBA-CC001-00898;HBA-CC001-00899;HBA-CC001-00900;HBA-CC001-00901;HBA-CC001-00902;HBA-CC001-00903;HBA-CC001-00904;HBA-CC001-00905;HBA-CC001-00906;HBA-CC001-00907;HBA-CC001-00908;HBA-CC001-00909;HBA-CC001-00910;HBA-CC001-00911;HBA-CC001-00912;HBA-CC001-00913;HBA-CC001-00914;HBA-CC001-00915;HBA-CC001-00916;HBA-CC001-00917;HBA-CC001-00918;HBA-CC001-00919;HBA-CC001-00920;HBA-CC001-00921;HBA-CC001-00922;HBA-CC001-00923;HBA-CC001-00924;HBA-CC001-00925;HBA-CC001-00926;HBA-CC001-00927;HBA-CC001-00928;HBA-CC001-00929;HBA-CC001-00930;HBA-CC001-00931;HBA-CC001-00932;HBA-CC001-00933;HBA-CC001-00934;HBA-CC001-00935;HBA-CC001-00936;HBA-CC001-00937;HBA-CC001-00938;HBA-CC001-00939;HBA-CC001-00940;HBA-CC001-00941;HBA-CC001-00942;HBA-CC001-00943;HBA-CC001-00944;HBA-CC001-00945;HBA-CC001-00946;HBA-CC001-00947;HBA-CC001-00948;HBA-CC001-00949;HBA-CC001-00950;HBA-CC001-00951;HBA-CC001-00952;HBA-CC001-00953;HBA-CC001-00954;HBA-CC001-00955;HBA-CC001-00956;HBA-CC001-00957;HBA-CC001-00958;HBA-CC001-00959;HBA-CC001-00960;HBA-CC001-00961;HBA-CC001-00962;HBA-CC001-00963;HBA-CC001-00964;HBA-CC001-00965;HBA-CC001-00966;HBA-CC001-00967;HBA-CC001-00968;HBA-CC001-00969;HBA-CC001-00970;HBA-CC001-00971;HBA-CC001-00972;HBA-CC001-00973;HBA-CC001-00974;HBA-CC001-00975;HBA-CC001-00976;HBA-CC001-00977;HBA-CC001-00978;HBA-CC001-00979;HBA-CC001-00980;HBA-CC001-00981;HBA-CC001-00982;HBA-CC001-00983;HBA-CC001-00984;HBA-CC001-00985;HBA-CC001-00986;HBA-CC001-00987;HBA-CC001-00988;HBA-CC001-00989;HBA-CC001-00990;HBA-CC001-00995;HBA-CC001-00996;HBA-CC001-00997;HBA-CC001-00998;HBA-CC001-00999;HBA-CC001-01000;HBA-CC001-01001;HBA-CC001-01002;HBA-CC001-01003;HBA-CC001-01004;HBA-CC001-01005;HBA-CC001-01006;HBA-CC001-01007;HBA-CC001-01008;HBA-CC001-01009;HBA-CC001-01010;HBA-CC001-01011;HBA-CC001-01012;HBA-CC001-01013;HBA-CC001-01014;HBA-CC001-01015;HBA-CC001-01016;HBA-CC001-01017;HBA-CC001-01018;HBA-CC001-01019;HBA-CC001-01020;HBA-CC001-01021;HBA-CC001-01022;HBA-CC001-01023;HBA-CC001-01024;HBA-CC001-01025;HBA-CC001-01026;HBA-CC001-01027;HBA-CC001-01028;HBA-CC001-01029;HBA-CC001-01030;HBA-CC001-01031;HBA-CC001-01033;HBA-CC001-01034;HBA-CC001-01035;HBA-CC001-01036;HBA-CC001-01037;HBA-CC001-01038;HBA-CC001-01039;HBA-CC001-01040;HBA-CC001-01041;HBA-CC001-01042;HBA-CC001-01043;HBA-CC001-01044;HBA-CC001-01045;HBA-CC001-01046;HBA-CC001-01047;HBA-CC001-01048;HBA-CC001-01049;HBA-CC001-01050;HBA-CC001-01051;HBA-CC001-01052;HBA-CC001-01053;HBA-CC001-01054;HBA-CC001-01055,190,,SRC-CODE-CORE/core/model_operations/operation_applier/src,ACCEPTED_GATE4,
SUB-26-01-42_core-model-operations-operation-applier-tests,Source directory core/model_operations/operation_applier/tests,KTY-26-01_Core-Engine-Implementation-Source,CAT-026,Source directory core/model_operations/operation_applier/tests,HBA-CC001-01056;HBA-CC001-01057;HBA-CC001-01058;HBA-CC001-01059;HBA-CC001-01060;HBA-CC001-01061;HBA-CC001-01062;HBA-CC001-01063;HBA-CC001-01064;HBA-CC001-01065;HBA-CC001-01066;HBA-CC001-01067;HBA-CC001-01068;HBA-CC001-01069;HBA-CC001-01070;HBA-CC001-01071;HBA-CC001-01072;HBA-CC001-01073;HBA-CC001-01074;HBA-CC001-01075;HBA-CC001-01076;HBA-CC001-01077;HBA-CC001-01078;HBA-CC001-01079;HBA-CC001-01080;HBA-CC001-01081;HBA-CC001-01082;HBA-CC001-01083,28,,SRC-CODE-CORE/core/model_operations/operation_applier/tests,ACCEPTED_GATE4,
SUB-26-01-43_core-model-operations-validation-preview,Source directory core/model_operations/validation_preview,KTY-26-01_Core-Engine-Implementation-Source,CAT-026,Source directory core/model_operations/validation_preview,HBA-CC001-01084;HBA-CC001-01085;HBA-CC001-01086;HBA-CC001-01087;HBA-CC001-01088;HBA-CC001-01089;HBA-CC001-01090;HBA-CC001-01091;HBA-CC001-01092;HBA-CC001-01093;HBA-CC001-01094;HBA-CC001-01095;HBA-CC001-01096;HBA-CC001-01097;HBA-CC001-01098;HBA-CC001-01099;HBA-CC001-01100;HBA-CC001-01101;HBA-CC001-01102;HBA-CC001-01103;HBA-CC001-01104;HBA-CC001-01105;HBA-CC001-01106;HBA-CC001-01107;HBA-CC001-01108;HBA-CC001-01109;HBA-CC001-01110;HBA-CC001-01111;HBA-CC001-01112;HBA-CC001-01113;HBA-CC001-01114;HBA-CC001-01115;HBA-CC001-01116;HBA-CC001-01117;HBA-CC001-01118;HBA-CC001-01119;HBA-CC001-01120,37,,SRC-CODE-CORE/core/model_operations/validation_preview,ACCEPTED_GATE4,
SUB-26-01-44_core-model-transform-physical-to-analytical,Source directory core/model_transform/physical_to_analytical,KTY-26-01_Core-Engine-Implementation-Source,CAT-026,Source directory core/model_transform/physical_to_analytical,HBA-CC001-01121;HBA-CC001-01122;HBA-CC001-01123;HBA-CC001-01124;HBA-CC001-01125;HBA-CC001-01126;HBA-CC001-01127;HBA-CC001-01128;HBA-CC001-01129;HBA-CC001-01130;HBA-CC001-01131;HBA-CC001-01132;HBA-CC001-01133;HBA-CC001-01134;HBA-CC001-01135;HBA-CC001-01136;HBA-CC001-01137;HBA-CC001-01138;HBA-CC001-01139;HBA-CC001-01140;HBA-CC001-01141;HBA-CC001-01142;HBA-CC001-01143;HBA-CC001-01144;HBA-CC001-01145;HBA-CC001-01146;HBA-CC001-01147;HBA-CC001-01148;HBA-CC001-01149;HBA-CC001-01150;HBA-CC001-01151;HBA-CC001-01152;HBA-CC001-01153;HBA-CC001-01154;HBA-CC001-01155;HBA-CC001-01156;HBA-CC001-01157;HBA-CC001-01158;HBA-CC001-01159;HBA-CC001-01160;HBA-CC001-01161;HBA-CC001-01162;HBA-CC001-01163;HBA-CC001-01164;HBA-CC001-01165;HBA-CC001-01166;HBA-CC001-01167;HBA-CC001-01168;HBA-CC001-01169;HBA-CC001-01170;HBA-CC001-01171;HBA-CC001-01172;HBA-CC001-01173;HBA-CC001-01174;HBA-CC001-01175,55,,SRC-CODE-CORE/core/model_transform/physical_to_analytical,ACCEPTED_GATE4,
SUB-26-01-45_core-product-physics,Source directory core/product_physics,KTY-26-01_Core-Engine-Implementation-Source,CAT-026,Source directory core/product_physics,HBA-CC001-01176;HBA-CC001-01177,2,,SRC-CODE-CORE/core/product_physics,ACCEPTED_GATE4,
SUB-26-01-46_core-product-physics-examples,Source directory core/product_physics/examples,KTY-26-01_Core-Engine-Implementation-Source,CAT-026,Source directory core/product_physics/examples,HBA-CC001-01178;HBA-CC001-01179,2,,SRC-CODE-CORE/core/product_physics/examples,ACCEPTED_GATE4,
SUB-26-01-47_core-product-physics-src,Source directory core/product_physics/src,KTY-26-01_Core-Engine-Implementation-Source,CAT-026,Source directory core/product_physics/src,HBA-CC001-01180;HBA-CC001-01181;HBA-CC001-01182;HBA-CC001-01183;HBA-CC001-01184;HBA-CC001-01185;HBA-CC001-01186;HBA-CC001-01187;HBA-CC001-01188;HBA-CC001-01189;HBA-CC001-01190;HBA-CC001-01191;HBA-CC001-01192;HBA-CC001-01193;HBA-CC001-01194;HBA-CC001-01195;HBA-CC001-01196;HBA-CC001-01197;HBA-CC001-01198;HBA-CC001-01199;HBA-CC001-01200;HBA-CC001-01201;HBA-CC001-01202;HBA-CC001-01203;HBA-CC001-01204;HBA-CC001-01205;HBA-CC001-01206;HBA-CC001-01207;HBA-CC001-01208;HBA-CC001-01209;HBA-CC001-01210;HBA-CC001-01211;HBA-CC001-01212;HBA-CC001-01213;HBA-CC001-01214;HBA-CC001-01215;HBA-CC001-01216;HBA-CC001-01217;HBA-CC001-01218;HBA-CC001-01219;HBA-CC001-01220;HBA-CC001-01221;HBA-CC001-01222;HBA-CC001-01223;HBA-CC001-01224;HBA-CC001-01225;HBA-CC001-01226;HBA-CC001-01227;HBA-CC001-01228;HBA-CC001-01229;HBA-CC001-01230;HBA-CC001-01231;HBA-CC001-01232;HBA-CC001-01233;HBA-CC001-01234;HBA-CC001-01235;HBA-CC001-01236;HBA-CC001-01237;HBA-CC001-01238;HBA-CC001-01239;HBA-CC001-01240;HBA-CC001-01241;HBA-CC001-01242;HBA-CC001-01243;HBA-CC001-01244;HBA-CC001-01245;HBA-CC001-01246;HBA-CC001-01247;HBA-CC001-01248;HBA-CC001-01249;HBA-CC001-01250;HBA-CC001-01251;HBA-CC001-01252;HBA-CC001-01253;HBA-CC001-01254;HBA-CC001-01255;HBA-CC001-01256;HBA-CC001-01257;HBA-CC001-01258;HBA-CC001-01259;HBA-CC001-01260;HBA-CC001-01261;HBA-CC001-01262;HBA-CC001-01263;HBA-CC001-01264;HBA-CC001-01265;HBA-CC001-01266;HBA-CC001-01267;HBA-CC001-01268;HBA-CC001-01269;HBA-CC001-01270;HBA-CC001-01271;HBA-CC001-01272;HBA-CC001-01273;HBA-CC001-01274;HBA-CC001-01275;HBA-CC001-01276;HBA-CC001-01277;HBA-CC001-01278;HBA-CC001-01279;HBA-CC001-01280;HBA-CC001-01281;HBA-CC001-01282;HBA-CC001-01283;HBA-CC001-01284;HBA-CC001-01285;HBA-CC001-01286;HBA-CC001-01287;HBA-CC001-01288;HBA-CC001-01289;HBA-CC001-01290;HBA-CC001-01291;HBA-CC001-01292;HBA-CC001-01293;HBA-CC001-01294;HBA-CC001-01295;HBA-CC001-01296;HBA-CC001-01297;HBA-CC001-01298;HBA-CC001-01299;HBA-CC001-01300;HBA-CC001-01301;HBA-CC001-01302;HBA-CC001-01304;HBA-CC001-01305;HBA-CC001-01306;HBA-CC001-01307;HBA-CC001-01308;HBA-CC001-01309;HBA-CC001-01310;HBA-CC001-01311;HBA-CC001-01312;HBA-CC001-01313;HBA-CC001-01314;HBA-CC001-01315;HBA-CC001-01316;HBA-CC001-01317;HBA-CC001-01318;HBA-CC001-01319;HBA-CC001-01320;HBA-CC001-01321;HBA-CC001-01322;HBA-CC001-01323;HBA-CC001-01324,144,,SRC-CODE-CORE/core/product_physics/src,ACCEPTED_GATE4,
SUB-26-01-48_core-product-preview,Source directory core/product_preview,KTY-26-01_Core-Engine-Implementation-Source,CAT-026,Source directory core/product_preview,HBA-CC001-01325;HBA-CC001-01326;HBA-CC001-01327;HBA-CC001-01328;HBA-CC001-01329;HBA-CC001-01330;HBA-CC001-01331;HBA-CC001-01332;HBA-CC001-01333;HBA-CC001-01334;HBA-CC001-01335;HBA-CC001-01336;HBA-CC001-01337;HBA-CC001-01338;HBA-CC001-01339;HBA-CC001-01340;HBA-CC001-01341;HBA-CC001-01342;HBA-CC001-01343;HBA-CC001-01344;HBA-CC001-01345;HBA-CC001-01346,22,,SRC-CODE-CORE/core/product_preview,ACCEPTED_GATE4,
SUB-26-01-49_core-project-persistence,Source directory core/project_persistence,KTY-26-01_Core-Engine-Implementation-Source,CAT-026,Source directory core/project_persistence,HBA-CC001-01347;HBA-CC001-01348;HBA-CC001-01349;HBA-CC001-01350;HBA-CC001-01351;HBA-CC001-01352;HBA-CC001-01353;HBA-CC001-01354;HBA-CC001-01355;HBA-CC001-01356;HBA-CC001-01357;HBA-CC001-01358;HBA-CC001-01359;HBA-CC001-01360;HBA-CC001-01361;HBA-CC001-01362;HBA-CC001-01363;HBA-CC001-01364;HBA-CC001-01365;HBA-CC001-01366;HBA-CC001-01367;HBA-CC001-01368;HBA-CC001-01369;HBA-CC001-01370;HBA-CC001-01371;HBA-CC001-01372;HBA-CC001-01373;HBA-CC001-01374;HBA-CC001-01375;HBA-CC001-01376,30,,SRC-CODE-CORE/core/project_persistence,ACCEPTED_GATE4,
SUB-26-01-50_core-reporting-audit-manifest,Source directory core/reporting/audit_manifest,KTY-26-01_Core-Engine-Implementation-Source,CAT-026,Source directory core/reporting/audit_manifest,HBA-CC001-01377;HBA-CC001-01378;HBA-CC001-01379;HBA-CC001-01380;HBA-CC001-01381;HBA-CC001-01382,6,,SRC-CODE-CORE/core/reporting/audit_manifest,ACCEPTED_GATE4,
SUB-26-01-51_core-reporting-audit-manifest-src,Source directory core/reporting/audit_manifest/src,KTY-26-01_Core-Engine-Implementation-Source,CAT-026,Source directory core/reporting/audit_manifest/src,HBA-CC001-01383;HBA-CC001-01385;HBA-CC001-01386;HBA-CC001-01387;HBA-CC001-01388;HBA-CC001-01389;HBA-CC001-01390;HBA-CC001-01391;HBA-CC001-01392;HBA-CC001-01393;HBA-CC001-01394;HBA-CC001-01395;HBA-CC001-01396;HBA-CC001-01397;HBA-CC001-01398;HBA-CC001-01399;HBA-CC001-01400;HBA-CC001-01401;HBA-CC001-01402;HBA-CC001-01403;HBA-CC001-01404;HBA-CC001-01405;HBA-CC001-01406;HBA-CC001-01407;HBA-CC001-01408;HBA-CC001-01409;HBA-CC001-01410;HBA-CC001-01411;HBA-CC001-01412;HBA-CC001-01413;HBA-CC001-01414,31,,SRC-CODE-CORE/core/reporting/audit_manifest/src,ACCEPTED_GATE4,
SUB-26-01-52_core-reporting-protected-content-linter,Source directory core/reporting/protected_content_linter,KTY-26-01_Core-Engine-Implementation-Source,CAT-026,Source directory core/reporting/protected_content_linter,HBA-CC001-01415,1,,SRC-CODE-CORE/core/reporting/protected_content_linter,ACCEPTED_GATE4,
SUB-26-01-53_core-reporting-protected-content-linter-src,Source directory core/reporting/protected_content_linter/src,KTY-26-01_Core-Engine-Implementation-Source,CAT-026,Source directory core/reporting/protected_content_linter/src,HBA-CC001-01416;HBA-CC001-01417;HBA-CC001-01418;HBA-CC001-01419;HBA-CC001-01420;HBA-CC001-01421;HBA-CC001-01422;HBA-CC001-01423;HBA-CC001-01424;HBA-CC001-01425;HBA-CC001-01426;HBA-CC001-01427;HBA-CC001-01428;HBA-CC001-01429;HBA-CC001-01430;HBA-CC001-01431;HBA-CC001-01432;HBA-CC001-01433;HBA-CC001-01434;HBA-CC001-01435;HBA-CC001-01436;HBA-CC001-01437;HBA-CC001-01438;HBA-CC001-01439;HBA-CC001-01440,25,,SRC-CODE-CORE/core/reporting/protected_content_linter/src,ACCEPTED_GATE4,
SUB-26-01-54_core-reporting-report-generator,Source directory core/reporting/report_generator,KTY-26-01_Core-Engine-Implementation-Source,CAT-026,Source directory core/reporting/report_generator,HBA-CC001-01441,1,,SRC-CODE-CORE/core/reporting/report_generator,ACCEPTED_GATE4,
SUB-26-01-55_core-reporting-report-generator-src,Source directory core/reporting/report_generator/src,KTY-26-01_Core-Engine-Implementation-Source,CAT-026,Source directory core/reporting/report_generator/src,HBA-CC001-01442;HBA-CC001-01443;HBA-CC001-01444;HBA-CC001-01445;HBA-CC001-01446;HBA-CC001-01447;HBA-CC001-01448;HBA-CC001-01449;HBA-CC001-01450;HBA-CC001-01451;HBA-CC001-01452;HBA-CC001-01453;HBA-CC001-01454;HBA-CC001-01455;HBA-CC001-01456;HBA-CC001-01457;HBA-CC001-01458;HBA-CC001-01459;HBA-CC001-01460;HBA-CC001-01461;HBA-CC001-01462;HBA-CC001-01463;HBA-CC001-01464;HBA-CC001-01465;HBA-CC001-01466;HBA-CC001-01467;HBA-CC001-01468;HBA-CC001-01469;HBA-CC001-01470;HBA-CC001-01471;HBA-CC001-01472;HBA-CC001-01473;HBA-CC001-01474;HBA-CC001-01475;HBA-CC001-01476;HBA-CC001-01477;HBA-CC001-01478;HBA-CC001-01479,38,,SRC-CODE-CORE/core/reporting/report_generator/src,ACCEPTED_GATE4,
SUB-26-01-56_core-reporting-report-renderer,Source directory core/reporting/report_renderer,KTY-26-01_Core-Engine-Implementation-Source,CAT-026,Source directory core/reporting/report_renderer,HBA-CC001-01480;HBA-CC001-01481,2,,SRC-CODE-CORE/core/reporting/report_renderer,ACCEPTED_GATE4,
SUB-26-01-57_core-reporting-report-renderer-src,Source directory core/reporting/report_renderer/src,KTY-26-01_Core-Engine-Implementation-Source,CAT-026,Source directory core/reporting/report_renderer/src,HBA-CC001-01482;HBA-CC001-01483;HBA-CC001-01484;HBA-CC001-01485;HBA-CC001-01486;HBA-CC001-01487;HBA-CC001-01488;HBA-CC001-01489;HBA-CC001-01490;HBA-CC001-01491;HBA-CC001-01492;HBA-CC001-01493;HBA-CC001-01494;HBA-CC001-01495;HBA-CC001-01496;HBA-CC001-01497;HBA-CC001-01498;HBA-CC001-01499;HBA-CC001-01500;HBA-CC001-01501;HBA-CC001-01502;HBA-CC001-01503;HBA-CC001-01504;HBA-CC001-01505;HBA-CC001-01506;HBA-CC001-01507;HBA-CC001-01508;HBA-CC001-01509;HBA-CC001-01510;HBA-CC001-01511;HBA-CC001-01512;HBA-CC001-01513;HBA-CC001-01514;HBA-CC001-01515;HBA-CC001-01516;HBA-CC001-01517;HBA-CC001-01518;HBA-CC001-01519;HBA-CC001-01520;HBA-CC001-01521;HBA-CC001-01522;HBA-CC001-01523,42,,SRC-CODE-CORE/core/reporting/report_renderer/src,ACCEPTED_GATE4,
SUB-26-01-58_core-reporting-report-renderer-tests,Source directory core/reporting/report_renderer/tests,KTY-26-01_Core-Engine-Implementation-Source,CAT-026,Source directory core/reporting/report_renderer/tests,HBA-CC001-01524;HBA-CC001-01525;HBA-CC001-01526;HBA-CC001-01527;HBA-CC001-01528;HBA-CC001-01529;HBA-CC001-01530;HBA-CC001-01531;HBA-CC001-01532,9,,SRC-CODE-CORE/core/reporting/report_renderer/tests,ACCEPTED_GATE4,
SUB-26-01-59_core-reporting-report-sections,Source directory core/reporting/report_sections,KTY-26-01_Core-Engine-Implementation-Source,CAT-026,Source directory core/reporting/report_sections,HBA-CC001-01533,1,,SRC-CODE-CORE/core/reporting/report_sections,ACCEPTED_GATE4,
SUB-26-01-60_core-reporting-report-sections-src,Source directory core/reporting/report_sections/src,KTY-26-01_Core-Engine-Implementation-Source,CAT-026,Source directory core/reporting/report_sections/src,HBA-CC001-01534;HBA-CC001-01535;HBA-CC001-01536;HBA-CC001-01537;HBA-CC001-01538;HBA-CC001-01539;HBA-CC001-01540;HBA-CC001-01541;HBA-CC001-01542;HBA-CC001-01543;HBA-CC001-01544;HBA-CC001-01545;HBA-CC001-01546;HBA-CC001-01547;HBA-CC001-01548;HBA-CC001-01549;HBA-CC001-01550;HBA-CC001-01551;HBA-CC001-01552;HBA-CC001-01553;HBA-CC001-01554;HBA-CC001-01555;HBA-CC001-01556;HBA-CC001-01557;HBA-CC001-01558;HBA-CC001-01559;HBA-CC001-01560;HBA-CC001-01561;HBA-CC001-01562;HBA-CC001-01563;HBA-CC001-01564;HBA-CC001-01565;HBA-CC001-01566;HBA-CC001-01567;HBA-CC001-01568;HBA-CC001-01569;HBA-CC001-01570;HBA-CC001-01571;HBA-CC001-01572;HBA-CC001-01573;HBA-CC001-01574;HBA-CC001-01575;HBA-CC001-01576;HBA-CC001-01577;HBA-CC001-01578;HBA-CC001-01579;HBA-CC001-01580;HBA-CC001-01581,48,,SRC-CODE-CORE/core/reporting/report_sections/src,ACCEPTED_GATE4,
SUB-26-01-61_core-reporting-result-export,Source directory core/reporting/result_export,KTY-26-01_Core-Engine-Implementation-Source,CAT-026,Source directory core/reporting/result_export,HBA-CC001-01582,1,,SRC-CODE-CORE/core/reporting/result_export,ACCEPTED_GATE4,
SUB-26-01-62_core-reporting-result-export-src,Source directory core/reporting/result_export/src,KTY-26-01_Core-Engine-Implementation-Source,CAT-026,Source directory core/reporting/result_export/src,HBA-CC001-01583;HBA-CC001-01584;HBA-CC001-01585;HBA-CC001-01586;HBA-CC001-01587;HBA-CC001-01588;HBA-CC001-01589;HBA-CC001-01590;HBA-CC001-01591;HBA-CC001-01592;HBA-CC001-01593;HBA-CC001-01594;HBA-CC001-01595;HBA-CC001-01596;HBA-CC001-01597;HBA-CC001-01598;HBA-CC001-01599;HBA-CC001-01600;HBA-CC001-01601;HBA-CC001-01602;HBA-CC001-01603;HBA-CC001-01604;HBA-CC001-01605;HBA-CC001-01606;HBA-CC001-01607;HBA-CC001-01608;HBA-CC001-01609;HBA-CC001-01610;HBA-CC001-01611;HBA-CC001-01612;HBA-CC001-01613;HBA-CC001-01614;HBA-CC001-01615;HBA-CC001-01616;HBA-CC001-01617;HBA-CC001-01618;HBA-CC001-01619;HBA-CC001-01620;HBA-CC001-01621;HBA-CC001-01622;HBA-CC001-01623;HBA-CC001-01624;HBA-CC001-01625;HBA-CC001-01626;HBA-CC001-01627;HBA-CC001-01628;HBA-CC001-01629;HBA-CC001-01630;HBA-CC001-01631;HBA-CC001-01632,50,,SRC-CODE-CORE/core/reporting/result_export/src,ACCEPTED_GATE4,
SUB-26-01-63_core-reporting-state-comparison-handoff-sections,Source directory core/reporting/state_comparison_handoff_sections,KTY-26-01_Core-Engine-Implementation-Source,CAT-026,Source directory core/reporting/state_comparison_handoff_sections,HBA-CC001-01633;HBA-CC001-01634;HBA-CC001-01635;HBA-CC001-01636;HBA-CC001-01637;HBA-CC001-01638;HBA-CC001-01639;HBA-CC001-01640;HBA-CC001-01641;HBA-CC001-01642;HBA-CC001-01643;HBA-CC001-01644;HBA-CC001-01645;HBA-CC001-01646;HBA-CC001-01647;HBA-CC001-01648;HBA-CC001-01649;HBA-CC001-01650;HBA-CC001-01651;HBA-CC001-01652;HBA-CC001-01653;HBA-CC001-01654;HBA-CC001-01655;HBA-CC001-01656;HBA-CC001-01657;HBA-CC001-01658;HBA-CC001-01659;HBA-CC001-01660;HBA-CC001-01661;HBA-CC001-01662;HBA-CC001-01663;HBA-CC001-01664;HBA-CC001-01665;HBA-CC001-01666;HBA-CC001-01667;HBA-CC001-01668;HBA-CC001-01669;HBA-CC001-01670;HBA-CC001-01671;HBA-CC001-01672,40,,SRC-CODE-CORE/core/reporting/state_comparison_handoff_sections,ACCEPTED_GATE4,
SUB-26-01-64_core-rules-completeness-checker,Source directory core/rules/completeness_checker,KTY-26-01_Core-Engine-Implementation-Source,CAT-026,Source directory core/rules/completeness_checker,HBA-CC001-01673;HBA-CC001-01674;HBA-CC001-01675;HBA-CC001-01676;HBA-CC001-01677;HBA-CC001-01678;HBA-CC001-01679;HBA-CC001-01680;HBA-CC001-01681,9,,SRC-CODE-CORE/core/rules/completeness_checker,ACCEPTED_GATE4,
SUB-26-01-65_core-rules-completeness-checker-src,Source directory core/rules/completeness_checker/src,KTY-26-01_Core-Engine-Implementation-Source,CAT-026,Source directory core/rules/completeness_checker/src,HBA-CC001-01682;HBA-CC001-01683;HBA-CC001-01684;HBA-CC001-01685;HBA-CC001-01686;HBA-CC001-01687;HBA-CC001-01688;HBA-CC001-01689;HBA-CC001-01690;HBA-CC001-01691;HBA-CC001-01692;HBA-CC001-01693;HBA-CC001-01694;HBA-CC001-01695;HBA-CC001-01696;HBA-CC001-01697;HBA-CC001-01698;HBA-CC001-01699;HBA-CC001-01700;HBA-CC001-01701;HBA-CC001-01702;HBA-CC001-01703;HBA-CC001-01704;HBA-CC001-01705;HBA-CC001-01706;HBA-CC001-01707;HBA-CC001-01708;HBA-CC001-01709;HBA-CC001-01710;HBA-CC001-01711;HBA-CC001-01712;HBA-CC001-01713;HBA-CC001-01714;HBA-CC001-01715;HBA-CC001-01716;HBA-CC001-01717;HBA-CC001-01718;HBA-CC001-01719;HBA-CC001-01720;HBA-CC001-01721,40,,SRC-CODE-CORE/core/rules/completeness_checker/src,ACCEPTED_GATE4,
SUB-26-01-66_core-rules-expression-evaluator,Source directory core/rules/expression_evaluator,KTY-26-01_Core-Engine-Implementation-Source,CAT-026,Source directory core/rules/expression_evaluator,HBA-CC001-01722;HBA-CC001-01723;HBA-CC001-01724;HBA-CC001-01725;HBA-CC001-01726;HBA-CC001-01727;HBA-CC001-01728;HBA-CC001-01729;HBA-CC001-01730;HBA-CC001-01731;HBA-CC001-01732;HBA-CC001-01733;HBA-CC001-01734;HBA-CC001-01735;HBA-CC001-01736;HBA-CC001-01737;HBA-CC001-01738;HBA-CC001-01739;HBA-CC001-01740,19,,SRC-CODE-CORE/core/rules/expression_evaluator,ACCEPTED_GATE4,
SUB-26-01-67_core-rules-expression-evaluator-src,Source directory core/rules/expression_evaluator/src,KTY-26-01_Core-Engine-Implementation-Source,CAT-026,Source directory core/rules/expression_evaluator/src,HBA-CC001-01741;HBA-CC001-01742;HBA-CC001-01743;HBA-CC001-01744;HBA-CC001-01745;HBA-CC001-01746;HBA-CC001-01747;HBA-CC001-01748;HBA-CC001-01749;HBA-CC001-01750;HBA-CC001-01751;HBA-CC001-01752;HBA-CC001-01753;HBA-CC001-01754;HBA-CC001-01755;HBA-CC001-01756;HBA-CC001-01757;HBA-CC001-01758;HBA-CC001-01759;HBA-CC001-01760;HBA-CC001-01761;HBA-CC001-01762;HBA-CC001-01763;HBA-CC001-01764;HBA-CC001-01765;HBA-CC001-01766;HBA-CC001-01767;HBA-CC001-01768;HBA-CC001-01769;HBA-CC001-01770;HBA-CC001-01771;HBA-CC001-01772;HBA-CC001-01773;HBA-CC001-01774;HBA-CC001-01775;HBA-CC001-01776;HBA-CC001-01777;HBA-CC001-01778;HBA-CC001-01779;HBA-CC001-01780;HBA-CC001-01781;HBA-CC001-01782;HBA-CC001-01783;HBA-CC001-01784;HBA-CC001-01785;HBA-CC001-01786;HBA-CC001-01787;HBA-CC001-01788;HBA-CC001-01789;HBA-CC001-01790;HBA-CC001-01791;HBA-CC001-01792;HBA-CC001-01793;HBA-CC001-01794;HBA-CC001-01795;HBA-CC001-01796;HBA-CC001-01797,57,,SRC-CODE-CORE/core/rules/expression_evaluator/src,ACCEPTED_GATE4,
SUB-26-01-68_core-rules-expression-evaluator-tests,Source directory core/rules/expression_evaluator/tests,KTY-26-01_Core-Engine-Implementation-Source,CAT-026,Source directory core/rules/expression_evaluator/tests,HBA-CC001-01798;HBA-CC001-01799;HBA-CC001-01800;HBA-CC001-01801;HBA-CC001-01802;HBA-CC001-01803;HBA-CC001-01804,7,,SRC-CODE-CORE/core/rules/expression_evaluator/tests,ACCEPTED_GATE4,
SUB-26-01-69_core-rules-rule-check-runner,Source directory core/rules/rule_check_runner,KTY-26-01_Core-Engine-Implementation-Source,CAT-026,Source directory core/rules/rule_check_runner,HBA-CC001-01805;HBA-CC001-01806,2,,SRC-CODE-CORE/core/rules/rule_check_runner,ACCEPTED_GATE4,
SUB-26-01-70_core-rules-rule-check-runner-src,Source directory core/rules/rule_check_runner/src,KTY-26-01_Core-Engine-Implementation-Source,CAT-026,Source directory core/rules/rule_check_runner/src,HBA-CC001-01807;HBA-CC001-01808;HBA-CC001-01809;HBA-CC001-01810;HBA-CC001-01811;HBA-CC001-01812;HBA-CC001-01813;HBA-CC001-01814;HBA-CC001-01815;HBA-CC001-01816;HBA-CC001-01817;HBA-CC001-01818;HBA-CC001-01819;HBA-CC001-01820;HBA-CC001-01821;HBA-CC001-01822;HBA-CC001-01823;HBA-CC001-01824;HBA-CC001-01825;HBA-CC001-01826;HBA-CC001-01827;HBA-CC001-01828;HBA-CC001-01829;HBA-CC001-01830;HBA-CC001-01831;HBA-CC001-01832;HBA-CC001-01833;HBA-CC001-01834;HBA-CC001-01835;HBA-CC001-01836;HBA-CC001-01837;HBA-CC001-01838;HBA-CC001-01839;HBA-CC001-01840;HBA-CC001-01841;HBA-CC001-01842;HBA-CC001-01843;HBA-CC001-01844;HBA-CC001-01845;HBA-CC001-01846;HBA-CC001-01847;HBA-CC001-01848;HBA-CC001-01849;HBA-CC001-01850;HBA-CC001-01851;HBA-CC001-01852;HBA-CC001-01853;HBA-CC001-01854;HBA-CC001-01855;HBA-CC001-01856;HBA-CC001-01857;HBA-CC001-01858;HBA-CC001-01859;HBA-CC001-01860;HBA-CC001-01861;HBA-CC001-01862;HBA-CC001-01863;HBA-CC001-01864;HBA-CC001-01865;HBA-CC001-01866;HBA-CC001-01867;HBA-CC001-01868;HBA-CC001-01869;HBA-CC001-01870;HBA-CC001-01871;HBA-CC001-01872;HBA-CC001-01873;HBA-CC001-01874;HBA-CC001-01875;HBA-CC001-01876;HBA-CC001-01877;HBA-CC001-01878;HBA-CC001-01880;HBA-CC001-01881;HBA-CC001-01882;HBA-CC001-01883;HBA-CC001-01884;HBA-CC001-01885;HBA-CC001-01886;HBA-CC001-01887;HBA-CC001-01888;HBA-CC001-01889;HBA-CC001-01890;HBA-CC001-01891;HBA-CC001-01892,85,,SRC-CODE-CORE/core/rules/rule_check_runner/src,ACCEPTED_GATE4,
SUB-26-01-71_core-rules-rule-check-runner-tests,Source directory core/rules/rule_check_runner/tests,KTY-26-01_Core-Engine-Implementation-Source,CAT-026,Source directory core/rules/rule_check_runner/tests,HBA-CC001-01893;HBA-CC001-01894;HBA-CC001-01895;HBA-CC001-01896;HBA-CC001-01897;HBA-CC001-01898;HBA-CC001-01899;HBA-CC001-01900;HBA-CC001-01901,9,,SRC-CODE-CORE/core/rules/rule_check_runner/tests,ACCEPTED_GATE4,
SUB-26-01-72_core-rules-rule-pack-document,Source directory core/rules/rule_pack_document,KTY-26-01_Core-Engine-Implementation-Source,CAT-026,Source directory core/rules/rule_pack_document,HBA-CC001-01902;HBA-CC001-01903,2,,SRC-CODE-CORE/core/rules/rule_pack_document,ACCEPTED_GATE4,
SUB-26-01-73_core-rules-rule-pack-document-src,Source directory core/rules/rule_pack_document/src,KTY-26-01_Core-Engine-Implementation-Source,CAT-026,Source directory core/rules/rule_pack_document/src,HBA-CC001-01904;HBA-CC001-01905;HBA-CC001-01906;HBA-CC001-01907;HBA-CC001-01908;HBA-CC001-01909;HBA-CC001-01910;HBA-CC001-01911;HBA-CC001-01912;HBA-CC001-01913;HBA-CC001-01914;HBA-CC001-01915;HBA-CC001-01916;HBA-CC001-01917;HBA-CC001-01918;HBA-CC001-01919;HBA-CC001-01920;HBA-CC001-01921;HBA-CC001-01922;HBA-CC001-01923;HBA-CC001-01924;HBA-CC001-01925;HBA-CC001-01926;HBA-CC001-01927;HBA-CC001-01928;HBA-CC001-01929;HBA-CC001-01930;HBA-CC001-01931;HBA-CC001-01932;HBA-CC001-01933;HBA-CC001-01934;HBA-CC001-01935;HBA-CC001-01936;HBA-CC001-01937;HBA-CC001-01938;HBA-CC001-01939;HBA-CC001-01940;HBA-CC001-01941;HBA-CC001-01942;HBA-CC001-01943;HBA-CC001-01944;HBA-CC001-01945;HBA-CC001-01946;HBA-CC001-01947;HBA-CC001-01948;HBA-CC001-01949;HBA-CC001-01950;HBA-CC001-01951;HBA-CC001-01952;HBA-CC001-01953;HBA-CC001-01954;HBA-CC001-01955;HBA-CC001-01956;HBA-CC001-01957;HBA-CC001-01958;HBA-CC001-01960;HBA-CC001-01961;HBA-CC001-01962;HBA-CC001-01963;HBA-CC001-01964;HBA-CC001-01965,61,,SRC-CODE-CORE/core/rules/rule_pack_document/src,ACCEPTED_GATE4,
SUB-26-01-74_core-rules-rule-pack-document-tests,Source directory core/rules/rule_pack_document/tests,KTY-26-01_Core-Engine-Implementation-Source,CAT-026,Source directory core/rules/rule_pack_document/tests,HBA-CC001-01966;HBA-CC001-01967;HBA-CC001-01968;HBA-CC001-01969;HBA-CC001-01970;HBA-CC001-01971,6,,SRC-CODE-CORE/core/rules/rule_pack_document/tests,ACCEPTED_GATE4,
SUB-26-01-75_core-rules-rule-pack-lifecycle,Source directory core/rules/rule_pack_lifecycle,KTY-26-01_Core-Engine-Implementation-Source,CAT-026,Source directory core/rules/rule_pack_lifecycle,HBA-CC001-01972;HBA-CC001-01973;HBA-CC001-01974;HBA-CC001-01975;HBA-CC001-01976;HBA-CC001-01977;HBA-CC001-01978;HBA-CC001-01979;HBA-CC001-01980;HBA-CC001-01981;HBA-CC001-01982;HBA-CC001-01983,12,,SRC-CODE-CORE/core/rules/rule_pack_lifecycle,ACCEPTED_GATE4,
SUB-26-01-76_core-rules-rule-pack-lifecycle-src,Source directory core/rules/rule_pack_lifecycle/src,KTY-26-01_Core-Engine-Implementation-Source,CAT-026,Source directory core/rules/rule_pack_lifecycle/src,HBA-CC001-01984;HBA-CC001-01985;HBA-CC001-01986;HBA-CC001-01987;HBA-CC001-01988;HBA-CC001-01989;HBA-CC001-01990;HBA-CC001-01991;HBA-CC001-01992;HBA-CC001-01993;HBA-CC001-01994;HBA-CC001-01995;HBA-CC001-01996;HBA-CC001-01997;HBA-CC001-01998;HBA-CC001-01999;HBA-CC001-02000;HBA-CC001-02001;HBA-CC001-02002;HBA-CC001-02003;HBA-CC001-02004;HBA-CC001-02005;HBA-CC001-02006;HBA-CC001-02007;HBA-CC001-02008;HBA-CC001-02009;HBA-CC001-02010;HBA-CC001-02011;HBA-CC001-02012;HBA-CC001-02013;HBA-CC001-02014;HBA-CC001-02015;HBA-CC001-02016;HBA-CC001-02017;HBA-CC001-02018;HBA-CC001-02019;HBA-CC001-02020;HBA-CC001-02021;HBA-CC001-02022;HBA-CC001-02023;HBA-CC001-02024;HBA-CC001-02025;HBA-CC001-02026;HBA-CC001-02027;HBA-CC001-02028;HBA-CC001-02029;HBA-CC001-02030;HBA-CC001-02031;HBA-CC001-02032;HBA-CC001-02033;HBA-CC001-02034;HBA-CC001-02035;HBA-CC001-02036;HBA-CC001-02037;HBA-CC001-02038;HBA-CC001-02039;HBA-CC001-02040,57,,SRC-CODE-CORE/core/rules/rule_pack_lifecycle/src,ACCEPTED_GATE4,
SUB-26-01-77_core-runner-headless,Source directory core/runner/headless,KTY-26-01_Core-Engine-Implementation-Source,CAT-026,Source directory core/runner/headless,HBA-CC001-02041;HBA-CC001-02042,2,,SRC-CODE-CORE/core/runner/headless,ACCEPTED_GATE4,
SUB-26-01-78_core-runner-headless-src,Source directory core/runner/headless/src,KTY-26-01_Core-Engine-Implementation-Source,CAT-026,Source directory core/runner/headless/src,HBA-CC001-02043;HBA-CC001-02044;HBA-CC001-02045;HBA-CC001-02046;HBA-CC001-02047;HBA-CC001-02048;HBA-CC001-02049;HBA-CC001-02050;HBA-CC001-02051;HBA-CC001-02052;HBA-CC001-02053;HBA-CC001-02054;HBA-CC001-02055;HBA-CC001-02056;HBA-CC001-02057;HBA-CC001-02058;HBA-CC001-02059;HBA-CC001-02060;HBA-CC001-02061;HBA-CC001-02062;HBA-CC001-02063;HBA-CC001-02064;HBA-CC001-02065;HBA-CC001-02066;HBA-CC001-02067;HBA-CC001-02068;HBA-CC001-02069;HBA-CC001-02070;HBA-CC001-02071;HBA-CC001-02072;HBA-CC001-02073;HBA-CC001-02074;HBA-CC001-02075;HBA-CC001-02076;HBA-CC001-02077;HBA-CC001-02078;HBA-CC001-02079;HBA-CC001-02080;HBA-CC001-02081;HBA-CC001-02082;HBA-CC001-02083;HBA-CC001-02084;HBA-CC001-02085;HBA-CC001-02086;HBA-CC001-02087;HBA-CC001-02088;HBA-CC001-02089;HBA-CC001-02090;HBA-CC001-02091;HBA-CC001-02092;HBA-CC001-02093;HBA-CC001-02094;HBA-CC001-02095;HBA-CC001-02096;HBA-CC001-02097;HBA-CC001-02098;HBA-CC001-02099;HBA-CC001-02100;HBA-CC001-02101;HBA-CC001-02102;HBA-CC001-02103;HBA-CC001-02104;HBA-CC001-02105;HBA-CC001-02106;HBA-CC001-02107;HBA-CC001-02108;HBA-CC001-02109;HBA-CC001-02110;HBA-CC001-02111;HBA-CC001-02112;HBA-CC001-02113;HBA-CC001-02114;HBA-CC001-02115;HBA-CC001-02116;HBA-CC001-02117,75,,SRC-CODE-CORE/core/runner/headless/src,ACCEPTED_GATE4,
SUB-26-01-79_core-section-properties,Source directory core/section_properties,KTY-26-01_Core-Engine-Implementation-Source,CAT-026,Source directory core/section_properties,HBA-CC001-02118;HBA-CC001-02119;HBA-CC001-02120;HBA-CC001-02121;HBA-CC001-02122;HBA-CC001-02123;HBA-CC001-02124;HBA-CC001-02125;HBA-CC001-02126;HBA-CC001-02127;HBA-CC001-02128;HBA-CC001-02129;HBA-CC001-02130;HBA-CC001-02131;HBA-CC001-02132;HBA-CC001-02133;HBA-CC001-02134;HBA-CC001-02135;HBA-CC001-02136;HBA-CC001-02137;HBA-CC001-02138;HBA-CC001-02139;HBA-CC001-02140;HBA-CC001-02141;HBA-CC001-02142;HBA-CC001-02143;HBA-CC001-02144,27,,SRC-CODE-CORE/core/section_properties,ACCEPTED_GATE4,
SUB-26-01-80_core-security-local-first-storage,Source directory core/security/local_first_storage,KTY-26-01_Core-Engine-Implementation-Source,CAT-026,Source directory core/security/local_first_storage,HBA-CC001-02145;HBA-CC001-02146;HBA-CC001-02147;HBA-CC001-02148;HBA-CC001-02149;HBA-CC001-02150;HBA-CC001-02151;HBA-CC001-02152;HBA-CC001-02153;HBA-CC001-02154;HBA-CC001-02155;HBA-CC001-02156;HBA-CC001-02157;HBA-CC001-02158;HBA-CC001-02159;HBA-CC001-02160;HBA-CC001-02161;HBA-CC001-02162;HBA-CC001-02163;HBA-CC001-02164;HBA-CC001-02165;HBA-CC001-02166;HBA-CC001-02167;HBA-CC001-02168;HBA-CC001-02169;HBA-CC001-02170;HBA-CC001-02171;HBA-CC001-02172;HBA-CC001-02173;HBA-CC001-02174;HBA-CC001-02175;HBA-CC001-02176;HBA-CC001-02177;HBA-CC001-02178;HBA-CC001-02179;HBA-CC001-02180;HBA-CC001-02181;HBA-CC001-02182;HBA-CC001-02183;HBA-CC001-02184;HBA-CC001-02185;HBA-CC001-02186;HBA-CC001-02187;HBA-CC001-02188;HBA-CC001-02189;HBA-CC001-02190;HBA-CC001-02191;HBA-CC001-02192;HBA-CC001-02193;HBA-CC001-02194;HBA-CC001-02195;HBA-CC001-02196;HBA-CC001-02197,53,,SRC-CODE-CORE/core/security/local_first_storage,ACCEPTED_GATE4,
SUB-26-01-81_core-security-redaction,Source directory core/security/redaction,KTY-26-01_Core-Engine-Implementation-Source,CAT-026,Source directory core/security/redaction,HBA-CC001-02198;HBA-CC001-02199;HBA-CC001-02200;HBA-CC001-02201;HBA-CC001-02202;HBA-CC001-02203;HBA-CC001-02204;HBA-CC001-02205;HBA-CC001-02206;HBA-CC001-02207;HBA-CC001-02208;HBA-CC001-02209;HBA-CC001-02210;HBA-CC001-02211;HBA-CC001-02212;HBA-CC001-02213;HBA-CC001-02214;HBA-CC001-02215;HBA-CC001-02216;HBA-CC001-02217;HBA-CC001-02218;HBA-CC001-02219;HBA-CC001-02220;HBA-CC001-02221;HBA-CC001-02222;HBA-CC001-02223,26,,SRC-CODE-CORE/core/security/redaction,ACCEPTED_GATE4,
SUB-26-01-82_core-security-secret-private-library,Source directory core/security/secret_private_library,KTY-26-01_Core-Engine-Implementation-Source,CAT-026,Source directory core/security/secret_private_library,HBA-CC001-02224;HBA-CC001-02226;HBA-CC001-02227;HBA-CC001-02228;HBA-CC001-02229;HBA-CC001-02230;HBA-CC001-02231;HBA-CC001-02232;HBA-CC001-02233;HBA-CC001-02234;HBA-CC001-02235;HBA-CC001-02236;HBA-CC001-02237;HBA-CC001-02238;HBA-CC001-02239;HBA-CC001-02240;HBA-CC001-02241;HBA-CC001-02242;HBA-CC001-02243;HBA-CC001-02244;HBA-CC001-02245;HBA-CC001-02246;HBA-CC001-02247;HBA-CC001-02248;HBA-CC001-02249;HBA-CC001-02250;HBA-CC001-02251;HBA-CC001-02252;HBA-CC001-02253;HBA-CC001-02254;HBA-CC001-02255;HBA-CC001-02256;HBA-CC001-02257;HBA-CC001-02258;HBA-CC001-02259;HBA-CC001-02260;HBA-CC001-02261;HBA-CC001-02262;HBA-CC001-02263;HBA-CC001-02264;HBA-CC001-02265;HBA-CC001-02266,42,,SRC-CODE-CORE/core/security/secret_private_library,ACCEPTED_GATE4,
SUB-26-01-83_core-security-telemetry-policy,Source directory core/security/telemetry_policy,KTY-26-01_Core-Engine-Implementation-Source,CAT-026,Source directory core/security/telemetry_policy,HBA-CC001-02267;HBA-CC001-02269;HBA-CC001-02270;HBA-CC001-02271;HBA-CC001-02272;HBA-CC001-02273;HBA-CC001-02274;HBA-CC001-02275;HBA-CC001-02276;HBA-CC001-02277;HBA-CC001-02278;HBA-CC001-02279;HBA-CC001-02280;HBA-CC001-02281;HBA-CC001-02282;HBA-CC001-02283;HBA-CC001-02284;HBA-CC001-02285;HBA-CC001-02286;HBA-CC001-02287;HBA-CC001-02288;HBA-CC001-02289;HBA-CC001-02290;HBA-CC001-02291;HBA-CC001-02292;HBA-CC001-02293;HBA-CC001-02294;HBA-CC001-02295;HBA-CC001-02296;HBA-CC001-02297;HBA-CC001-02298;HBA-CC001-02299;HBA-CC001-02300;HBA-CC001-02301;HBA-CC001-02302;HBA-CC001-02303;HBA-CC001-02304;HBA-CC001-02305;HBA-CC001-02306;HBA-CC001-02307,40,,SRC-CODE-CORE/core/security/telemetry_policy,ACCEPTED_GATE4,
SUB-26-01-84_core-serialization-canonical-json,Source directory core/serialization/canonical_json,KTY-26-01_Core-Engine-Implementation-Source,CAT-026,Source directory core/serialization/canonical_json,HBA-CC001-02308;HBA-CC001-02309,2,,SRC-CODE-CORE/core/serialization/canonical_json,ACCEPTED_GATE4,
SUB-26-01-85_core-serialization-canonical-json-src,Source directory core/serialization/canonical_json/src,KTY-26-01_Core-Engine-Implementation-Source,CAT-026,Source directory core/serialization/canonical_json/src,HBA-CC001-02310;HBA-CC001-02311;HBA-CC001-02312;HBA-CC001-02313;HBA-CC001-02314;HBA-CC001-02315;HBA-CC001-02316;HBA-CC001-02317;HBA-CC001-02318;HBA-CC001-02319;HBA-CC001-02320;HBA-CC001-02321;HBA-CC001-02322;HBA-CC001-02323;HBA-CC001-02324;HBA-CC001-02325;HBA-CC001-02326;HBA-CC001-02327;HBA-CC001-02328,19,,SRC-CODE-CORE/core/serialization/canonical_json/src,ACCEPTED_GATE4,
SUB-26-01-86_core-solver-diagnostics,Source directory core/solver/diagnostics,KTY-26-01_Core-Engine-Implementation-Source,CAT-026,Source directory core/solver/diagnostics,HBA-CC001-02329;HBA-CC001-02330;HBA-CC001-02331;HBA-CC001-02332;HBA-CC001-02333;HBA-CC001-02334;HBA-CC001-02335;HBA-CC001-02336;HBA-CC001-02337;HBA-CC001-02338;HBA-CC001-02339;HBA-CC001-02340;HBA-CC001-02341;HBA-CC001-02342;HBA-CC001-02343;HBA-CC001-02344,16,,SRC-CODE-CORE/core/solver/diagnostics,ACCEPTED_GATE4,
SUB-26-01-87_core-solver-diagnostics-src,Source directory core/solver/diagnostics/src,KTY-26-01_Core-Engine-Implementation-Source,CAT-026,Source directory core/solver/diagnostics/src,HBA-CC001-02345;HBA-CC001-02346;HBA-CC001-02347;HBA-CC001-02348;HBA-CC001-02349;HBA-CC001-02350;HBA-CC001-02351;HBA-CC001-02352;HBA-CC001-02353;HBA-CC001-02354;HBA-CC001-02355;HBA-CC001-02356;HBA-CC001-02357;HBA-CC001-02358;HBA-CC001-02359;HBA-CC001-02360;HBA-CC001-02361;HBA-CC001-02362;HBA-CC001-02363;HBA-CC001-02364;HBA-CC001-02365;HBA-CC001-02366;HBA-CC001-02367;HBA-CC001-02368;HBA-CC001-02369;HBA-CC001-02370;HBA-CC001-02371;HBA-CC001-02372;HBA-CC001-02373;HBA-CC001-02374;HBA-CC001-02375;HBA-CC001-02376;HBA-CC001-02377;HBA-CC001-02378;HBA-CC001-02379;HBA-CC001-02380;HBA-CC001-02381;HBA-CC001-02382;HBA-CC001-02384;HBA-CC001-02385;HBA-CC001-02386;HBA-CC001-02387,42,,SRC-CODE-CORE/core/solver/diagnostics/src,ACCEPTED_GATE4,
SUB-26-01-88_core-solver-frame-kernel,Source directory core/solver/frame_kernel,KTY-26-01_Core-Engine-Implementation-Source,CAT-026,Source directory core/solver/frame_kernel,HBA-CC001-02388;HBA-CC001-02390;HBA-CC001-02391;HBA-CC001-02392;HBA-CC001-02393;HBA-CC001-02394;HBA-CC001-02395;HBA-CC001-02396;HBA-CC001-02397;HBA-CC001-02398;HBA-CC001-02399;HBA-CC001-02400;HBA-CC001-02401;HBA-CC001-02402;HBA-CC001-02403;HBA-CC001-02404;HBA-CC001-02405,17,,SRC-CODE-CORE/core/solver/frame_kernel,ACCEPTED_GATE4,
SUB-26-01-89_core-solver-frame-kernel-src,Source directory core/solver/frame_kernel/src,KTY-26-01_Core-Engine-Implementation-Source,CAT-026,Source directory core/solver/frame_kernel/src,HBA-CC001-02406;HBA-CC001-02407;HBA-CC001-02408;HBA-CC001-02409;HBA-CC001-02410;HBA-CC001-02411;HBA-CC001-02412;HBA-CC001-02413;HBA-CC001-02414;HBA-CC001-02415;HBA-CC001-02416;HBA-CC001-02417;HBA-CC001-02418;HBA-CC001-02419;HBA-CC001-02420;HBA-CC001-02421;HBA-CC001-02422;HBA-CC001-02423;HBA-CC001-02424;HBA-CC001-02425;HBA-CC001-02426;HBA-CC001-02427;HBA-CC001-02428;HBA-CC001-02429;HBA-CC001-02430;HBA-CC001-02431;HBA-CC001-02432;HBA-CC001-02433;HBA-CC001-02434;HBA-CC001-02435;HBA-CC001-02436;HBA-CC001-02437;HBA-CC001-02438;HBA-CC001-02439;HBA-CC001-02440;HBA-CC001-02441;HBA-CC001-02442;HBA-CC001-02443,38,,SRC-CODE-CORE/core/solver/frame_kernel/src,ACCEPTED_GATE4,
SUB-26-01-90_core-solver-linear-supports,Source directory core/solver/linear_supports,KTY-26-01_Core-Engine-Implementation-Source,CAT-026,Source directory core/solver/linear_supports,HBA-CC001-02444;HBA-CC001-02446;HBA-CC001-02447;HBA-CC001-02448;HBA-CC001-02449;HBA-CC001-02450;HBA-CC001-02451;HBA-CC001-02452;HBA-CC001-02453;HBA-CC001-02454,10,,SRC-CODE-CORE/core/solver/linear_supports,ACCEPTED_GATE4,
SUB-26-01-91_core-solver-linear-supports-src,Source directory core/solver/linear_supports/src,KTY-26-01_Core-Engine-Implementation-Source,CAT-026,Source directory core/solver/linear_supports/src,HBA-CC001-02455;HBA-CC001-02456;HBA-CC001-02457;HBA-CC001-02458;HBA-CC001-02459;HBA-CC001-02460;HBA-CC001-02461;HBA-CC001-02462;HBA-CC001-02463;HBA-CC001-02464;HBA-CC001-02465;HBA-CC001-02466;HBA-CC001-02467;HBA-CC001-02468;HBA-CC001-02469;HBA-CC001-02470;HBA-CC001-02471;HBA-CC001-02472;HBA-CC001-02473;HBA-CC001-02474;HBA-CC001-02475;HBA-CC001-02476;HBA-CC001-02477;HBA-CC001-02478;HBA-CC001-02479;HBA-CC001-02480;HBA-CC001-02481;HBA-CC001-02482;HBA-CC001-02483;HBA-CC001-02484;HBA-CC001-02485;HBA-CC001-02486;HBA-CC001-02487;HBA-CC001-02488,34,,SRC-CODE-CORE/core/solver/linear_supports/src,ACCEPTED_GATE4,
SUB-26-01-92_core-solver-nonlinear-supports,Source directory core/solver/nonlinear_supports,KTY-26-01_Core-Engine-Implementation-Source,CAT-026,Source directory core/solver/nonlinear_supports,HBA-CC001-02489;HBA-CC001-02491;HBA-CC001-02492;HBA-CC001-02493;HBA-CC001-02494;HBA-CC001-02495;HBA-CC001-02496;HBA-CC001-02497;HBA-CC001-02498;HBA-CC001-02499;HBA-CC001-02500;HBA-CC001-02501;HBA-CC001-02502,13,,SRC-CODE-CORE/core/solver/nonlinear_supports,ACCEPTED_GATE4,
SUB-26-01-93_core-solver-nonlinear-supports-src,Source directory core/solver/nonlinear_supports/src,KTY-26-01_Core-Engine-Implementation-Source,CAT-026,Source directory core/solver/nonlinear_supports/src,HBA-CC001-02503;HBA-CC001-02504;HBA-CC001-02505;HBA-CC001-02506;HBA-CC001-02507;HBA-CC001-02508;HBA-CC001-02509;HBA-CC001-02510;HBA-CC001-02511;HBA-CC001-02512;HBA-CC001-02513;HBA-CC001-02514;HBA-CC001-02515;HBA-CC001-02516;HBA-CC001-02517;HBA-CC001-02518;HBA-CC001-02519;HBA-CC001-02520;HBA-CC001-02521;HBA-CC001-02522;HBA-CC001-02523;HBA-CC001-02524;HBA-CC001-02525;HBA-CC001-02526;HBA-CC001-02527;HBA-CC001-02528;HBA-CC001-02529;HBA-CC001-02530;HBA-CC001-02531;HBA-CC001-02532;HBA-CC001-02533;HBA-CC001-02534;HBA-CC001-02535;HBA-CC001-02536;HBA-CC001-02537;HBA-CC001-02538;HBA-CC001-02539;HBA-CC001-02540;HBA-CC001-02541;HBA-CC001-02542;HBA-CC001-02543;HBA-CC001-02544,42,,SRC-CODE-CORE/core/solver/nonlinear_supports/src,ACCEPTED_GATE4,
SUB-26-01-94_core-solver-performance-harness,Source directory core/solver/performance_harness,KTY-26-01_Core-Engine-Implementation-Source,CAT-026,Source directory core/solver/performance_harness,HBA-CC001-02545;HBA-CC001-02546;HBA-CC001-02547;HBA-CC001-02548;HBA-CC001-02549;HBA-CC001-02550;HBA-CC001-02551;HBA-CC001-02552;HBA-CC001-02553;HBA-CC001-02554;HBA-CC001-02555;HBA-CC001-02556;HBA-CC001-02557,13,,SRC-CODE-CORE/core/solver/performance_harness,ACCEPTED_GATE4,
SUB-26-01-95_core-solver-performance-harness-src,Source directory core/solver/performance_harness/src,KTY-26-01_Core-Engine-Implementation-Source,CAT-026,Source directory core/solver/performance_harness/src,HBA-CC001-02558;HBA-CC001-02559;HBA-CC001-02560;HBA-CC001-02561;HBA-CC001-02562;HBA-CC001-02563;HBA-CC001-02564;HBA-CC001-02565;HBA-CC001-02566;HBA-CC001-02567;HBA-CC001-02568;HBA-CC001-02569;HBA-CC001-02570;HBA-CC001-02571;HBA-CC001-02572;HBA-CC001-02573;HBA-CC001-02574;HBA-CC001-02575;HBA-CC001-02576;HBA-CC001-02577;HBA-CC001-02578;HBA-CC001-02579;HBA-CC001-02580;HBA-CC001-02581;HBA-CC001-02582;HBA-CC001-02583;HBA-CC001-02584;HBA-CC001-02585;HBA-CC001-02586;HBA-CC001-02587;HBA-CC001-02588;HBA-CC001-02589;HBA-CC001-02590;HBA-CC001-02591;HBA-CC001-02592;HBA-CC001-02593;HBA-CC001-02594;HBA-CC001-02595;HBA-CC001-02596,39,,SRC-CODE-CORE/core/solver/performance_harness/src,ACCEPTED_GATE4,
SUB-26-01-96_core-solver-sparse-direct,Source directory core/solver/sparse_direct,KTY-26-01_Core-Engine-Implementation-Source,CAT-026,Source directory core/solver/sparse_direct,HBA-CC001-02597;HBA-CC001-02598;HBA-CC001-02599;HBA-CC001-02600;HBA-CC001-02601;HBA-CC001-02602;HBA-CC001-02603;HBA-CC001-02604;HBA-CC001-02605;HBA-CC001-02606;HBA-CC001-02607;HBA-CC001-02608;HBA-CC001-02609;HBA-CC001-02610;HBA-CC001-02611;HBA-CC001-02612;HBA-CC001-02613;HBA-CC001-02614;HBA-CC001-02615;HBA-CC001-02616;HBA-CC001-02617;HBA-CC001-02618,22,,SRC-CODE-CORE/core/solver/sparse_direct,ACCEPTED_GATE4,
SUB-26-01-97_core-solver-sparse-direct-src,Source directory core/solver/sparse_direct/src,KTY-26-01_Core-Engine-Implementation-Source,CAT-026,Source directory core/solver/sparse_direct/src,HBA-CC001-02619;HBA-CC001-02620;HBA-CC001-02621;HBA-CC001-02622;HBA-CC001-02623;HBA-CC001-02624;HBA-CC001-02625;HBA-CC001-02626;HBA-CC001-02627;HBA-CC001-02628;HBA-CC001-02629;HBA-CC001-02630;HBA-CC001-02631;HBA-CC001-02632;HBA-CC001-02633;HBA-CC001-02634;HBA-CC001-02635;HBA-CC001-02636;HBA-CC001-02637;HBA-CC001-02638;HBA-CC001-02639;HBA-CC001-02640;HBA-CC001-02641;HBA-CC001-02642;HBA-CC001-02643;HBA-CC001-02644;HBA-CC001-02645;HBA-CC001-02646;HBA-CC001-02647;HBA-CC001-02648;HBA-CC001-02649;HBA-CC001-02650,32,,SRC-CODE-CORE/core/solver/sparse_direct/src,ACCEPTED_GATE4,
SUB-26-01-98_core-solver-straight-pipe,Source directory core/solver/straight_pipe,KTY-26-01_Core-Engine-Implementation-Source,CAT-026,Source directory core/solver/straight_pipe,HBA-CC001-02651;HBA-CC001-02652;HBA-CC001-02653;HBA-CC001-02654;HBA-CC001-02655;HBA-CC001-02656;HBA-CC001-02657;HBA-CC001-02658;HBA-CC001-02659;HBA-CC001-02660,10,,SRC-CODE-CORE/core/solver/straight_pipe,ACCEPTED_GATE4,
SUB-26-01-99_core-solver-straight-pipe-src,Source directory core/solver/straight_pipe/src,KTY-26-01_Core-Engine-Implementation-Source,CAT-026,Source directory core/solver/straight_pipe/src,HBA-CC001-02661;HBA-CC001-02662;HBA-CC001-02663;HBA-CC001-02664;HBA-CC001-02665;HBA-CC001-02666;HBA-CC001-02667;HBA-CC001-02668;HBA-CC001-02669;HBA-CC001-02670;HBA-CC001-02671;HBA-CC001-02672;HBA-CC001-02673;HBA-CC001-02674;HBA-CC001-02675;HBA-CC001-02676;HBA-CC001-02677;HBA-CC001-02678;HBA-CC001-02679;HBA-CC001-02680;HBA-CC001-02681;HBA-CC001-02682;HBA-CC001-02683;HBA-CC001-02684;HBA-CC001-02685;HBA-CC001-02686;HBA-CC001-02687;HBA-CC001-02688;HBA-CC001-02689;HBA-CC001-02690;HBA-CC001-02691;HBA-CC001-02692;HBA-CC001-02693;HBA-CC001-02694;HBA-CC001-02695;HBA-CC001-02696;HBA-CC001-02697;HBA-CC001-02698;HBA-CC001-02699;HBA-CC001-02700;HBA-CC001-02701;HBA-CC001-02702;HBA-CC001-02703;HBA-CC001-02704;HBA-CC001-02705;HBA-CC001-02706;HBA-CC001-02707;HBA-CC001-02708;HBA-CC001-02709;HBA-CC001-02710;HBA-CC001-02711;HBA-CC001-02712;HBA-CC001-02713;HBA-CC001-02714;HBA-CC001-02715;HBA-CC001-02716;HBA-CC001-02717;HBA-CC001-02718;HBA-CC001-02719;HBA-CC001-02720,60,,SRC-CODE-CORE/core/solver/straight_pipe/src,ACCEPTED_GATE4,
SUB-27-01-01_apps-desktop,Source directory apps/desktop,KTY-27-01_Application-and-GUI-Implementation-Source,CAT-027,Source directory apps/desktop,HBA-CA001-00001;HBA-CA001-00002;HBA-CA001-00003;HBA-CA001-00004;HBA-CA001-00005;HBA-CA001-00006;HBA-CA001-00007;HBA-CA001-00008;HBA-CA001-00009;HBA-CA001-00010;HBA-CA001-00011;HBA-CA001-00012;HBA-CA001-00013;HBA-CA001-00014;HBA-CA001-00015;HBA-CA001-00016;HBA-CA001-00017;HBA-CA001-00018;HBA-CA001-00019;HBA-CA001-00020;HBA-CA001-00021;HBA-CA001-00022;HBA-CA001-00023;HBA-CA001-00024;HBA-CA001-00025;HBA-CA001-00026;HBA-CA001-00027;HBA-CA001-00028;HBA-CA001-00029;HBA-CA001-00030;HBA-CA001-00031;HBA-CA001-00032;HBA-CA001-00033;HBA-CA001-00034;HBA-CA001-00035;HBA-CA001-00036;HBA-CA001-00037;HBA-CA001-00038;HBA-CA001-00039;HBA-CA001-00040;HBA-CA001-00041;HBA-CA001-00043;HBA-CA001-00044;HBA-CA001-00045;HBA-CA001-00046;HBA-CA001-00047;HBA-CA001-00048;HBA-CA001-00049;HBA-CA001-00050;HBA-CA001-00051;HBA-CA001-00052;HBA-CA001-00053;HBA-CA001-00054;HBA-CA001-00055;HBA-CA001-00056;HBA-CA001-00057;HBA-CA001-00058;HBA-CA001-00059;HBA-CA001-00060;HBA-CA001-00061;HBA-CA001-00062;HBA-CA001-00063;HBA-CA001-00064;HBA-CA001-00065;HBA-CA001-00066;HBA-CA001-00067;HBA-CA001-00068;HBA-CA001-00069;HBA-CA001-00070;HBA-CA001-00071;HBA-CA001-00072;HBA-CA001-00073;HBA-CA001-00074;HBA-CA001-00075;HBA-CA001-00076;HBA-CA001-00077;HBA-CA001-00078;HBA-CA001-00079;HBA-CA001-00080;HBA-CA001-00081;HBA-CA001-00082;HBA-CA001-00083;HBA-CA001-00084;HBA-CA001-00085;HBA-CA001-00086;HBA-CA001-00087;HBA-CA001-00088;HBA-CA001-00089;HBA-CA001-00090;HBA-CA001-00091;HBA-CA001-00092;HBA-CA001-00093;HBA-CA001-00094;HBA-CA001-00095;HBA-CA001-00096;HBA-CA001-00097;HBA-CA001-00098;HBA-CA001-00099;HBA-CA001-00100;HBA-CA001-00101;HBA-CA001-00102;HBA-CA001-00103;HBA-CA001-00104;HBA-CA001-00105;HBA-CA001-00106;HBA-CA001-00107;HBA-CA001-00108;HBA-CA001-00109;HBA-CA001-00110;HBA-CA001-00111;HBA-CA001-00112;HBA-CA001-00113;HBA-CA001-00114;HBA-CA001-00115;HBA-CA001-00116;HBA-CA001-00117;HBA-CA001-00118;HBA-CA001-00119;HBA-CA001-00120;HBA-CA001-00121;HBA-CA001-00122;HBA-CA001-00123;HBA-CA001-00124;HBA-CA001-00125;HBA-CA001-00126;HBA-CA001-00127;HBA-CA001-00128;HBA-CA001-00129;HBA-CA001-00130;HBA-CA001-00131;HBA-CA001-00132;HBA-CA001-00133;HBA-CA001-00134;HBA-CA001-00135;HBA-CA001-00136;HBA-CA001-00137;HBA-CA001-00138;HBA-CA001-00139;HBA-CA001-00140;HBA-CA001-00141;HBA-CA001-00142;HBA-CA001-00143;HBA-CA001-00144;HBA-CA001-00145;HBA-CA001-00146;HBA-CA001-00147;HBA-CA001-00148;HBA-CA001-00149;HBA-CA001-00150;HBA-CA001-00151;HBA-CA001-00152;HBA-CA001-00153;HBA-CA001-00154;HBA-CA001-00155;HBA-CA001-00156;HBA-CA001-00157;HBA-CA001-00158;HBA-CA001-00159;HBA-CA001-00160;HBA-CA001-00161;HBA-CA001-00162;HBA-CA001-00163;HBA-CA001-00164;HBA-CA001-00165;HBA-CA001-00166;HBA-CA001-00167;HBA-CA001-00168;HBA-CA001-00169;HBA-CA001-00170;HBA-CA001-00171;HBA-CA001-00172;HBA-CA001-00173;HBA-CA001-00174;HBA-CA001-00175;HBA-CA001-00176;HBA-CA001-00177;HBA-CA001-00178;HBA-CA001-00179;HBA-CA001-00180;HBA-CA001-00181;HBA-CA001-00182;HBA-CA001-00183;HBA-CA001-00184;HBA-CA001-00185;HBA-CA001-00186;HBA-CA001-00187;HBA-CA001-00188;HBA-CA001-00189;HBA-CA001-00190;HBA-CA001-00191;HBA-CA001-00192;HBA-CA001-00193;HBA-CA001-00194;HBA-CA001-00195;HBA-CA001-00196;HBA-CA001-00197;HBA-CA001-00199;HBA-CA001-00200;HBA-CA001-00201;HBA-CA001-00202;HBA-CA001-00203;HBA-CA001-00204;HBA-CA001-00205;HBA-CA001-00206;HBA-CA001-00208;HBA-CA001-00209;HBA-CA001-00210;HBA-CA001-00211;HBA-CA001-00212;HBA-CA001-00213;HBA-CA001-00214;HBA-CA001-00215;HBA-CA001-00216;HBA-CA001-00217;HBA-CA001-00218;HBA-CA001-00219;HBA-CA001-00220;HBA-CA001-00221;HBA-CA001-00222;HBA-CA001-00223;HBA-CA001-00224;HBA-CA001-00225;HBA-CA001-00226;HBA-CA001-00227;HBA-CA001-00229;HBA-CA001-00230;HBA-CA001-00231;HBA-CA001-00232;HBA-CA001-00233;HBA-CA001-00234;HBA-CA001-00235;HBA-CA001-00236;HBA-CA001-00237;HBA-CA001-00238;HBA-CA001-00239;HBA-CA001-00240;HBA-CA001-00241;HBA-CA001-00242;HBA-CA001-00243;HBA-CA001-00244;HBA-CA001-00245;HBA-CA001-00246;HBA-CA001-00247;HBA-CA001-00248;HBA-CA001-00249;HBA-CA001-00250;HBA-CA001-00251;HBA-CA001-00252;HBA-CA001-00254;HBA-CA001-00255;HBA-CA001-00256;HBA-CA001-00257;HBA-CA001-00258;HBA-CA001-00259;HBA-CA001-00260;HBA-CA001-00261;HBA-CA001-00262;HBA-CA001-00263;HBA-CA001-00264;HBA-CA001-00265;HBA-CA001-00266;HBA-CA001-00267;HBA-CA001-00268;HBA-CA001-00269;HBA-CA001-00270;HBA-CA001-00271;HBA-CA001-00272;HBA-CA001-00273;HBA-CA001-00274;HBA-CA001-00275;HBA-CA001-00276;HBA-CA001-00277;HBA-CA001-00278;HBA-CA001-00279;HBA-CA001-00280;HBA-CA001-00281;HBA-CA001-00282;HBA-CA001-00283;HBA-CA001-00284;HBA-CA001-00285;HBA-CA001-00286;HBA-CA001-00287;HBA-CA001-00288;HBA-CA001-00289;HBA-CA001-00290;HBA-CA001-00291;HBA-CA001-00292;HBA-CA001-00293;HBA-CA001-00294;HBA-CA001-00295;HBA-CA001-00296;HBA-CA001-00297;HBA-CA001-00298;HBA-CA001-00299;HBA-CA001-00300;HBA-CA001-00301;HBA-CA001-00302;HBA-CA001-00303;HBA-CA001-00304;HBA-CA001-00305;HBA-CA001-00306;HBA-CA001-00307;HBA-CA001-00308;HBA-CA001-00309;HBA-CA001-00310;HBA-CA001-00311;HBA-CA001-00312;HBA-CA001-00313;HBA-CA001-00314;HBA-CA001-00315;HBA-CA001-00316;HBA-CA001-00317;HBA-CA001-00318;HBA-CA001-00319;HBA-CA001-00320;HBA-CA001-00321;HBA-CA001-00322;HBA-CA001-00323;HBA-CA001-00324;HBA-CA001-00325;HBA-CA001-00326;HBA-CA001-00327;HBA-CA001-00328;HBA-CA001-00329;HBA-CA001-00330;HBA-CA001-00331;HBA-CA001-00332;HBA-CA001-00333;HBA-CA001-00334;HBA-CA001-00335;HBA-CA001-00336;HBA-CA001-00337;HBA-CA001-00338;HBA-CA001-00339;HBA-CA001-00340;HBA-CA001-00341;HBA-CA001-00342;HBA-CA001-00343;HBA-CA001-00344;HBA-CA001-00345;HBA-CA001-00346;HBA-CA001-00347;HBA-CA001-00348;HBA-CA001-00349;HBA-CA001-00350;HBA-CA001-00351;HBA-CA001-00352;HBA-CA001-00353;HBA-CA001-00354;HBA-CA001-00355;HBA-CA001-00356;HBA-CA001-00357;HBA-CA001-00358;HBA-CA001-00359;HBA-CA001-00360;HBA-CA001-00361;HBA-CA001-00362;HBA-CA001-00363;HBA-CA001-00364;HBA-CA001-00365;HBA-CA001-00366;HBA-CA001-00367;HBA-CA001-00368;HBA-CA001-00369;HBA-CA001-00370;HBA-CA001-00371;HBA-CA001-00372;HBA-CA001-00373;HBA-CA001-00374;HBA-CA001-00375;HBA-CA001-00376;HBA-CA001-00377;HBA-CA001-00378;HBA-CA001-00379;HBA-CA001-00380;HBA-CA001-00381;HBA-CA001-00382;HBA-CA001-00383;HBA-CA001-00384;HBA-CA001-00385;HBA-CA001-00386;HBA-CA001-00387;HBA-CA001-00388;HBA-CA001-00389;HBA-CA001-00390;HBA-CA001-00391;HBA-CA001-00392;HBA-CA001-00393;HBA-CA001-00394;HBA-CA001-00395;HBA-CA001-00396;HBA-CA001-00397;HBA-CA001-00398;HBA-CA001-00399;HBA-CA001-00400;HBA-CA001-00401;HBA-CA001-00402;HBA-CA001-00403;HBA-CA001-00404;HBA-CA001-00405;HBA-CA001-00406;HBA-CA001-00407;HBA-CA001-00408;HBA-CA001-00409;HBA-CA001-00410;HBA-CA001-00411;HBA-CA001-00412;HBA-CA001-00413;HBA-CA001-00414;HBA-CA001-00415;HBA-CA001-00416;HBA-CA001-00417;HBA-CA001-00418;HBA-CA001-00419;HBA-CA001-00420;HBA-CA001-00421;HBA-CA001-00422;HBA-CA001-00423;HBA-CA001-00424;HBA-CA001-00425;HBA-CA001-00426;HBA-CA001-00427;HBA-CA001-00428;HBA-CA001-00430;HBA-CA001-00431;HBA-CA001-00432;HBA-CA001-00433;HBA-CA001-00434;HBA-CA001-00435;HBA-CA001-00436;HBA-CA001-00437;HBA-CA001-00438;HBA-CA001-00439;HBA-CA001-00440;HBA-CA001-00441;HBA-CA001-00442;HBA-CA001-00443;HBA-CA001-00444;HBA-CA001-00445;HBA-CA001-00446;HBA-CA001-00447;HBA-CA001-00448;HBA-CA001-00449;HBA-CA001-00450;HBA-CA001-00451;HBA-CA001-00452;HBA-CA001-00453;HBA-CA001-00454;HBA-CA001-00455;HBA-CA001-00456;HBA-CA001-00457;HBA-CA001-00458;HBA-CA001-00459;HBA-CA001-00460;HBA-CA001-00461;HBA-CA001-00462;HBA-CA001-00463;HBA-CA001-00464;HBA-CA001-00465;HBA-CA001-00466;HBA-CA001-00467;HBA-CA001-00468;HBA-CA001-00469;HBA-CA001-00470;HBA-CA001-00471;HBA-CA001-00472;HBA-CA001-00473;HBA-CA001-00474;HBA-CA001-00475;HBA-CA001-00476;HBA-CA001-00477;HBA-CA001-00478;HBA-CA001-00479;HBA-CA001-00480;HBA-CA001-00481;HBA-CA001-00482;HBA-CA001-00483;HBA-CA001-00485;HBA-CA001-00486;HBA-CA001-00487;HBA-CA001-00488;HBA-CA001-00489;HBA-CA001-00490;HBA-CA001-00491;HBA-CA001-00492;HBA-CA001-00493;HBA-CA001-00494;HBA-CA001-00495;HBA-CA001-00496;HBA-CA001-00497;HBA-CA001-00498;HBA-CA001-00499;HBA-CA001-00500;HBA-CA001-00501;HBA-CA001-00502;HBA-CA001-00503;HBA-CA001-00504;HBA-CA001-00505;HBA-CA001-00506;HBA-CA001-00507;HBA-CA001-00508;HBA-CA001-00509;HBA-CA001-00510;HBA-CA001-00511;HBA-CA001-00512;HBA-CA001-00513;HBA-CA001-00514;HBA-CA001-00515;HBA-CA001-00516;HBA-CA001-00517;HBA-CA001-00518;HBA-CA001-00519;HBA-CA001-00520;HBA-CA001-00521;HBA-CA001-00522;HBA-CA001-00523;HBA-CA001-00524;HBA-CA001-00525;HBA-CA001-00526;HBA-CA001-00527;HBA-CA001-00528;HBA-CA001-00529;HBA-CA001-00530;HBA-CA001-00531;HBA-CA001-00532;HBA-CA001-00533;HBA-CA001-00534;HBA-CA001-00535;HBA-CA001-00536;HBA-CA001-00537;HBA-CA001-00538;HBA-CA001-00539;HBA-CA001-00540;HBA-CA001-00541;HBA-CA001-00542;HBA-CA001-00543;HBA-CA001-00544;HBA-CA001-00545;HBA-CA001-00546;HBA-CA001-00547;HBA-CA001-00549;HBA-CA001-00550;HBA-CA001-00551;HBA-CA001-00552;HBA-CA001-00553;HBA-CA001-00554;HBA-CA001-00555;HBA-CA001-00556;HBA-CA001-00557;HBA-CA001-00558;HBA-CA001-00559;HBA-CA001-00560;HBA-CA001-00561;HBA-CA001-00562;HBA-CA001-00563;HBA-CA001-00564;HBA-CA001-00565;HBA-CA001-00566;HBA-CA001-00567;HBA-CA001-00568;HBA-CA001-00569;HBA-CA001-00570;HBA-CA001-00571;HBA-CA001-00572;HBA-CA001-00573;HBA-CA001-00574;HBA-CA001-00575;HBA-CA001-00576;HBA-CA001-00577;HBA-CA001-00578;HBA-CA001-00579;HBA-CA001-00580;HBA-CA001-00581;HBA-CA001-00582;HBA-CA001-00583;HBA-CA001-00584;HBA-CA001-00585;HBA-CA001-00586;HBA-CA001-00587;HBA-CA001-00588;HBA-CA001-00589;HBA-CA001-00590;HBA-CA001-00591;HBA-CA001-00592;HBA-CA001-00593;HBA-CA001-00594;HBA-CA001-00595;HBA-CA001-00596;HBA-CA001-00597;HBA-CA001-00598;HBA-CA001-00599;HBA-CA001-00600;HBA-CA001-00601;HBA-CA001-00602;HBA-CA001-00603;HBA-CA001-00604;HBA-CA001-00605;HBA-CA001-00606;HBA-CA001-00607;HBA-CA001-00608;HBA-CA001-00609;HBA-CA001-00610;HBA-CA001-00611;HBA-CA001-00612;HBA-CA001-00613;HBA-CA001-00614;HBA-CA001-00615;HBA-CA001-00616;HBA-CA001-00617;HBA-CA001-00618;HBA-CA001-00619;HBA-CA001-00620;HBA-CA001-00621;HBA-CA001-00622;HBA-CA001-00623;HBA-CA001-00624;HBA-CA001-00625;HBA-CA001-00626;HBA-CA001-00627;HBA-CA001-00628;HBA-CA001-00629;HBA-CA001-00630;HBA-CA001-00631;HBA-CA001-00632;HBA-CA001-00633;HBA-CA001-00634;HBA-CA001-00635;HBA-CA001-00636;HBA-CA001-00637;HBA-CA001-00638;HBA-CA001-00760;HBA-CA001-00761;HBA-CA001-00762;HBA-CA001-00763;HBA-CA001-00764;HBA-CA001-00765;HBA-CA001-00766;HBA-CA001-00767;HBA-CA001-00768;HBA-CA001-00769;HBA-CA001-00770;HBA-CA001-00771;HBA-CA001-02582;HBA-CA001-02583;HBA-CA001-02584;HBA-CA001-02585;HBA-CA001-02586;HBA-CA001-02587;HBA-CA001-02588;HBA-CA001-02589;HBA-CA001-02590;HBA-CA001-02591,652,,SRC-CODE-APPS/apps/desktop,ACCEPTED_GATE4,
SUB-27-01-02_apps-desktop-e2e,Source directory apps/desktop/e2e,KTY-27-01_Application-and-GUI-Implementation-Source,CAT-027,Source directory apps/desktop/e2e,HBA-CA001-00639;HBA-CA001-00640;HBA-CA001-00641;HBA-CA001-00642;HBA-CA001-00643;HBA-CA001-00644;HBA-CA001-00645;HBA-CA001-00646;HBA-CA001-00647;HBA-CA001-00648;HBA-CA001-00649;HBA-CA001-00650;HBA-CA001-00651;HBA-CA001-00652;HBA-CA001-00653;HBA-CA001-00654;HBA-CA001-00655;HBA-CA001-00656;HBA-CA001-00657;HBA-CA001-00658;HBA-CA001-00659;HBA-CA001-00660;HBA-CA001-00661;HBA-CA001-00662;HBA-CA001-00663;HBA-CA001-00664;HBA-CA001-00665;HBA-CA001-00666;HBA-CA001-00667;HBA-CA001-00668;HBA-CA001-00669;HBA-CA001-00670;HBA-CA001-00671;HBA-CA001-00672;HBA-CA001-00673;HBA-CA001-00674;HBA-CA001-00675;HBA-CA001-00676;HBA-CA001-00677;HBA-CA001-00678;HBA-CA001-00679;HBA-CA001-00680;HBA-CA001-00681;HBA-CA001-00682;HBA-CA001-00683;HBA-CA001-00684;HBA-CA001-00685;HBA-CA001-00686;HBA-CA001-00687;HBA-CA001-00688;HBA-CA001-00689;HBA-CA001-00690;HBA-CA001-00691;HBA-CA001-00692;HBA-CA001-00693;HBA-CA001-00694;HBA-CA001-00695;HBA-CA001-00696;HBA-CA001-00697;HBA-CA001-00698;HBA-CA001-00699;HBA-CA001-00700;HBA-CA001-00701;HBA-CA001-00702;HBA-CA001-00703;HBA-CA001-00704;HBA-CA001-00705;HBA-CA001-00706;HBA-CA001-00707;HBA-CA001-00708;HBA-CA001-00709;HBA-CA001-00710;HBA-CA001-00711;HBA-CA001-00712;HBA-CA001-00713;HBA-CA001-00714;HBA-CA001-00715;HBA-CA001-00716;HBA-CA001-00717;HBA-CA001-00718;HBA-CA001-00719;HBA-CA001-00720;HBA-CA001-00721;HBA-CA001-00722;HBA-CA001-00723;HBA-CA001-00724;HBA-CA001-00725;HBA-CA001-00726;HBA-CA001-00727;HBA-CA001-00728;HBA-CA001-00729;HBA-CA001-00730;HBA-CA001-00731;HBA-CA001-00732;HBA-CA001-00733;HBA-CA001-00734;HBA-CA001-00735;HBA-CA001-00736;HBA-CA001-00737;HBA-CA001-00738;HBA-CA001-00739;HBA-CA001-00740;HBA-CA001-00741;HBA-CA001-00742;HBA-CA001-00743;HBA-CA001-00744;HBA-CA001-00745;HBA-CA001-00746;HBA-CA001-00747;HBA-CA001-00748;HBA-CA001-00749;HBA-CA001-00750;HBA-CA001-00751;HBA-CA001-00752;HBA-CA001-00753;HBA-CA001-00754;HBA-CA001-00755;HBA-CA001-00756;HBA-CA001-00757;HBA-CA001-00758;HBA-CA001-00759,121,,SRC-CODE-APPS/apps/desktop/e2e,ACCEPTED_GATE4,
SUB-27-01-03_apps-desktop-public-wasm-engine,Source directory apps/desktop/public/wasm-engine,KTY-27-01_Application-and-GUI-Implementation-Source,CAT-027,Source directory apps/desktop/public/wasm-engine,HBA-CA001-00772;HBA-CA001-00773;HBA-CA001-00774;HBA-CA001-00775;HBA-CA001-00776;HBA-CA001-00777;HBA-CA001-00778;HBA-CA001-00779;HBA-CA001-00780;HBA-CA001-00781;HBA-CA001-00782;HBA-CA001-00783;HBA-CA001-00784;HBA-CA001-00785;HBA-CA001-00786;HBA-CA001-00787;HBA-CA001-00788;HBA-CA001-00789;HBA-CA001-00790,19,,SRC-CODE-APPS/apps/desktop/public/wasm-engine,ACCEPTED_GATE4,
SUB-27-01-04_apps-desktop-scripts,Source directory apps/desktop/scripts,KTY-27-01_Application-and-GUI-Implementation-Source,CAT-027,Source directory apps/desktop/scripts,HBA-CA001-00791;HBA-CA001-00792;HBA-CA001-00793;HBA-CA001-00794;HBA-CA001-00795;HBA-CA001-00796;HBA-CA001-00797;HBA-CA001-00798;HBA-CA001-00799;HBA-CA001-00800;HBA-CA001-00801;HBA-CA001-00802;HBA-CA001-00803,13,,SRC-CODE-APPS/apps/desktop/scripts,ACCEPTED_GATE4,
SUB-27-01-05_apps-desktop-src-tauri,Source directory apps/desktop/src-tauri,KTY-27-01_Application-and-GUI-Implementation-Source,CAT-027,Source directory apps/desktop/src-tauri,HBA-CA001-00804;HBA-CA001-00805;HBA-CA001-00806;HBA-CA001-00807;HBA-CA001-00808;HBA-CA001-00809,6,,SRC-CODE-APPS/apps/desktop/src-tauri,ACCEPTED_GATE4,
SUB-27-01-06_apps-desktop-src-tauri-src,Source directory apps/desktop/src-tauri/src,KTY-27-01_Application-and-GUI-Implementation-Source,CAT-027,Source directory apps/desktop/src-tauri/src,HBA-CA001-00810;HBA-CA001-00811;HBA-CA001-00812;HBA-CA001-00813;HBA-CA001-00814;HBA-CA001-00815;HBA-CA001-00816;HBA-CA001-00817;HBA-CA001-00818;HBA-CA001-00819;HBA-CA001-00820;HBA-CA001-00821;HBA-CA001-00822;HBA-CA001-00823;HBA-CA001-00824;HBA-CA001-00825;HBA-CA001-00826;HBA-CA001-00827;HBA-CA001-00828;HBA-CA001-00829;HBA-CA001-00830;HBA-CA001-00831;HBA-CA001-00832;HBA-CA001-00833;HBA-CA001-00834;HBA-CA001-00835;HBA-CA001-00836;HBA-CA001-00837;HBA-CA001-00838;HBA-CA001-00839;HBA-CA001-00840;HBA-CA001-00841;HBA-CA001-00842;HBA-CA001-00843;HBA-CA001-00844;HBA-CA001-00845;HBA-CA001-00846;HBA-CA001-00847;HBA-CA001-00848;HBA-CA001-00849;HBA-CA001-00850;HBA-CA001-00851;HBA-CA001-00852;HBA-CA001-00853;HBA-CA001-00854;HBA-CA001-00855;HBA-CA001-00856;HBA-CA001-00857;HBA-CA001-00858;HBA-CA001-00859;HBA-CA001-00860;HBA-CA001-00861;HBA-CA001-00862;HBA-CA001-00863;HBA-CA001-00864;HBA-CA001-00865;HBA-CA001-00866;HBA-CA001-00867;HBA-CA001-00868;HBA-CA001-00869;HBA-CA001-00870;HBA-CA001-00871;HBA-CA001-00872;HBA-CA001-00873;HBA-CA001-00874;HBA-CA001-00875;HBA-CA001-00876;HBA-CA001-00877;HBA-CA001-00878;HBA-CA001-00879;HBA-CA001-00880;HBA-CA001-00881;HBA-CA001-00882;HBA-CA001-00883;HBA-CA001-00884;HBA-CA001-00885;HBA-CA001-00886;HBA-CA001-00887;HBA-CA001-00888;HBA-CA001-00889;HBA-CA001-00890;HBA-CA001-00891;HBA-CA001-00892;HBA-CA001-00893;HBA-CA001-00894;HBA-CA001-00895;HBA-CA001-00896;HBA-CA001-00897;HBA-CA001-00898;HBA-CA001-00899;HBA-CA001-00900;HBA-CA001-00901;HBA-CA001-00902;HBA-CA001-00903;HBA-CA001-00904;HBA-CA001-00905;HBA-CA001-00906;HBA-CA001-00907;HBA-CA001-00908;HBA-CA001-00909;HBA-CA001-00910;HBA-CA001-00911;HBA-CA001-00912;HBA-CA001-00913;HBA-CA001-00914;HBA-CA001-00915;HBA-CA001-00916;HBA-CA001-00917;HBA-CA001-00918;HBA-CA001-00919;HBA-CA001-00920;HBA-CA001-00921;HBA-CA001-00922;HBA-CA001-00923;HBA-CA001-00924;HBA-CA001-00925;HBA-CA001-00926;HBA-CA001-00927;HBA-CA001-00928;HBA-CA001-00929;HBA-CA001-00930;HBA-CA001-00931;HBA-CA001-00932;HBA-CA001-00933;HBA-CA001-00934;HBA-CA001-00935;HBA-CA001-00936;HBA-CA001-00937;HBA-CA001-00938;HBA-CA001-00939;HBA-CA001-00940;HBA-CA001-00941;HBA-CA001-00942;HBA-CA001-00943;HBA-CA001-00944;HBA-CA001-00945;HBA-CA001-00946;HBA-CA001-00947;HBA-CA001-00948;HBA-CA001-00949;HBA-CA001-00950;HBA-CA001-00951;HBA-CA001-00952;HBA-CA001-00953;HBA-CA001-00954;HBA-CA001-00955;HBA-CA001-00956;HBA-CA001-00957;HBA-CA001-00958;HBA-CA001-00959;HBA-CA001-00960;HBA-CA001-00961;HBA-CA001-00962;HBA-CA001-00963;HBA-CA001-00964;HBA-CA001-00965;HBA-CA001-00966;HBA-CA001-00967;HBA-CA001-00968;HBA-CA001-00969;HBA-CA001-00970;HBA-CA001-00971;HBA-CA001-00972;HBA-CA001-00973;HBA-CA001-00974;HBA-CA001-00975;HBA-CA001-00976;HBA-CA001-00977;HBA-CA001-00978;HBA-CA001-00979;HBA-CA001-00980;HBA-CA001-00981;HBA-CA001-00982;HBA-CA001-00983;HBA-CA001-00984;HBA-CA001-00985;HBA-CA001-00986;HBA-CA001-00987;HBA-CA001-00988;HBA-CA001-00989;HBA-CA001-00990;HBA-CA001-00991;HBA-CA001-00992;HBA-CA001-00993;HBA-CA001-00994;HBA-CA001-00995;HBA-CA001-00996;HBA-CA001-00997;HBA-CA001-00998;HBA-CA001-00999;HBA-CA001-01000;HBA-CA001-01001;HBA-CA001-01002;HBA-CA001-01003;HBA-CA001-01004;HBA-CA001-01005;HBA-CA001-01006;HBA-CA001-01007;HBA-CA001-01008;HBA-CA001-01009;HBA-CA001-01010;HBA-CA001-01011;HBA-CA001-01012;HBA-CA001-01013;HBA-CA001-01014;HBA-CA001-01015;HBA-CA001-01016;HBA-CA001-01017;HBA-CA001-01018;HBA-CA001-01019;HBA-CA001-01020;HBA-CA001-01021;HBA-CA001-01022;HBA-CA001-01023;HBA-CA001-01024;HBA-CA001-01025;HBA-CA001-01026;HBA-CA001-01027;HBA-CA001-01028;HBA-CA001-01029;HBA-CA001-01030;HBA-CA001-01031;HBA-CA001-01032;HBA-CA001-01033;HBA-CA001-01034;HBA-CA001-01035;HBA-CA001-01036;HBA-CA001-01037;HBA-CA001-01038;HBA-CA001-01039;HBA-CA001-01040;HBA-CA001-01041;HBA-CA001-01042;HBA-CA001-01043;HBA-CA001-01044;HBA-CA001-01045;HBA-CA001-01046;HBA-CA001-01047;HBA-CA001-01048;HBA-CA001-01049;HBA-CA001-01050;HBA-CA001-01051;HBA-CA001-01052;HBA-CA001-01053;HBA-CA001-01054;HBA-CA001-01055;HBA-CA001-01056;HBA-CA001-01057;HBA-CA001-01058;HBA-CA001-01059;HBA-CA001-01060;HBA-CA001-01061;HBA-CA001-01062;HBA-CA001-01063;HBA-CA001-01064;HBA-CA001-01065;HBA-CA001-01066;HBA-CA001-01067;HBA-CA001-01068;HBA-CA001-01069;HBA-CA001-01070;HBA-CA001-01071;HBA-CA001-01072;HBA-CA001-01073;HBA-CA001-01074;HBA-CA001-01075;HBA-CA001-01076;HBA-CA001-01077;HBA-CA001-01078;HBA-CA001-01079;HBA-CA001-01080;HBA-CA001-01081;HBA-CA001-01082;HBA-CA001-01083;HBA-CA001-01084;HBA-CA001-01085;HBA-CA001-01086;HBA-CA001-01088,278,,SRC-CODE-APPS/apps/desktop/src-tauri/src,ACCEPTED_GATE4,
SUB-27-01-07_apps-desktop-src,Source directory apps/desktop/src,KTY-27-01_Application-and-GUI-Implementation-Source,CAT-027,Source directory apps/desktop/src,HBA-CA001-01097;HBA-CA001-01098;HBA-CA001-01099;HBA-CA001-01100;HBA-CA001-01101;HBA-CA001-01102;HBA-CA001-01103;HBA-CA001-01104;HBA-CA001-01105;HBA-CA001-01106;HBA-CA001-01107;HBA-CA001-01108;HBA-CA001-01109;HBA-CA001-01110;HBA-CA001-01111;HBA-CA001-01112;HBA-CA001-01113;HBA-CA001-01114;HBA-CA001-01116;HBA-CA001-01117;HBA-CA001-01118;HBA-CA001-01119;HBA-CA001-01121;HBA-CA001-01122;HBA-CA001-01123;HBA-CA001-01124;HBA-CA001-01125;HBA-CA001-01126;HBA-CA001-01127;HBA-CA001-01128;HBA-CA001-01129;HBA-CA001-01130;HBA-CA001-01131;HBA-CA001-01132;HBA-CA001-01133;HBA-CA001-01134;HBA-CA001-01135;HBA-CA001-01136;HBA-CA001-01137;HBA-CA001-01138;HBA-CA001-01139;HBA-CA001-01140;HBA-CA001-01141;HBA-CA001-01142;HBA-CA001-01143;HBA-CA001-01144;HBA-CA001-01145;HBA-CA001-01146;HBA-CA001-01147;HBA-CA001-01148;HBA-CA001-01149;HBA-CA001-01150;HBA-CA001-01151;HBA-CA001-01152;HBA-CA001-01153;HBA-CA001-01154;HBA-CA001-01155;HBA-CA001-01156;HBA-CA001-01157;HBA-CA001-01158;HBA-CA001-01159;HBA-CA001-01160;HBA-CA001-01161;HBA-CA001-01162;HBA-CA001-01163;HBA-CA001-01164;HBA-CA001-01165;HBA-CA001-01166;HBA-CA001-01167;HBA-CA001-01168;HBA-CA001-01169;HBA-CA001-01170;HBA-CA001-01171;HBA-CA001-01172;HBA-CA001-01173;HBA-CA001-01174;HBA-CA001-01175;HBA-CA001-01176;HBA-CA001-01177;HBA-CA001-01178;HBA-CA001-01179;HBA-CA001-01180;HBA-CA001-01181;HBA-CA001-01182;HBA-CA001-01183;HBA-CA001-01184;HBA-CA001-01185;HBA-CA001-01186;HBA-CA001-01187;HBA-CA001-01188;HBA-CA001-01189;HBA-CA001-01190;HBA-CA001-01191;HBA-CA001-01192;HBA-CA001-01193;HBA-CA001-01194;HBA-CA001-01195;HBA-CA001-01196;HBA-CA001-01197;HBA-CA001-01198;HBA-CA001-01199;HBA-CA001-01200;HBA-CA001-01201;HBA-CA001-01202;HBA-CA001-01203;HBA-CA001-01204;HBA-CA001-01205;HBA-CA001-01206;HBA-CA001-01207;HBA-CA001-01208;HBA-CA001-01209;HBA-CA001-01210;HBA-CA001-01211;HBA-CA001-01212;HBA-CA001-01213;HBA-CA001-01214;HBA-CA001-01215;HBA-CA001-01216;HBA-CA001-01217;HBA-CA001-01218;HBA-CA001-01219;HBA-CA001-01220;HBA-CA001-01221;HBA-CA001-01222;HBA-CA001-01223;HBA-CA001-01224;HBA-CA001-01225;HBA-CA001-01226;HBA-CA001-01227;HBA-CA001-01228;HBA-CA001-01229;HBA-CA001-01230;HBA-CA001-01231;HBA-CA001-01232;HBA-CA001-01233;HBA-CA001-01234;HBA-CA001-01235;HBA-CA001-01236;HBA-CA001-01237;HBA-CA001-01238;HBA-CA001-01239;HBA-CA001-01240;HBA-CA001-01241;HBA-CA001-01242;HBA-CA001-01243;HBA-CA001-01244;HBA-CA001-01245;HBA-CA001-01246;HBA-CA001-01247;HBA-CA001-01248;HBA-CA001-01249;HBA-CA001-01250;HBA-CA001-01251;HBA-CA001-01252;HBA-CA001-01253;HBA-CA001-01254;HBA-CA001-01255;HBA-CA001-01256;HBA-CA001-01257;HBA-CA001-01258;HBA-CA001-01259;HBA-CA001-01260;HBA-CA001-01261;HBA-CA001-01262;HBA-CA001-01263;HBA-CA001-01264;HBA-CA001-01265;HBA-CA001-01266;HBA-CA001-01267;HBA-CA001-01268;HBA-CA001-01269;HBA-CA001-01270;HBA-CA001-01271;HBA-CA001-01272;HBA-CA001-01273;HBA-CA001-01274;HBA-CA001-01275;HBA-CA001-01276;HBA-CA001-01277;HBA-CA001-01278;HBA-CA001-01279;HBA-CA001-01280;HBA-CA001-01281;HBA-CA001-01282;HBA-CA001-01283;HBA-CA001-01284;HBA-CA001-01285;HBA-CA001-01286;HBA-CA001-01287;HBA-CA001-01288;HBA-CA001-01289;HBA-CA001-01290;HBA-CA001-01291;HBA-CA001-01292;HBA-CA001-01293;HBA-CA001-02318;HBA-CA001-02507;HBA-CA001-02508;HBA-CA001-02509;HBA-CA001-02510;HBA-CA001-02512;HBA-CA001-02513;HBA-CA001-02514;HBA-CA001-02515;HBA-CA001-02516;HBA-CA001-02517;HBA-CA001-02518;HBA-CA001-02519;HBA-CA001-02520;HBA-CA001-02521;HBA-CA001-02522;HBA-CA001-02523;HBA-CA001-02524;HBA-CA001-02525;HBA-CA001-02526;HBA-CA001-02527;HBA-CA001-02528;HBA-CA001-02529;HBA-CA001-02530;HBA-CA001-02531;HBA-CA001-02532;HBA-CA001-02533;HBA-CA001-02534;HBA-CA001-02535;HBA-CA001-02536;HBA-CA001-02537;HBA-CA001-02538;HBA-CA001-02539;HBA-CA001-02540;HBA-CA001-02541;HBA-CA001-02542;HBA-CA001-02543;HBA-CA001-02544;HBA-CA001-02545;HBA-CA001-02546;HBA-CA001-02547;HBA-CA001-02548;HBA-CA001-02549;HBA-CA001-02550;HBA-CA001-02551;HBA-CA001-02552;HBA-CA001-02553;HBA-CA001-02554;HBA-CA001-02555;HBA-CA001-02556;HBA-CA001-02557;HBA-CA001-02558;HBA-CA001-02559;HBA-CA001-02560;HBA-CA001-02561;HBA-CA001-02562;HBA-CA001-02563;HBA-CA001-02564;HBA-CA001-02565;HBA-CA001-02566;HBA-CA001-02567;HBA-CA001-02568;HBA-CA001-02569;HBA-CA001-02570;HBA-CA001-02571;HBA-CA001-02572;HBA-CA001-02573;HBA-CA001-02574;HBA-CA001-02575;HBA-CA001-02576;HBA-CA001-02577;HBA-CA001-02578;HBA-CA001-02579;HBA-CA001-02580;HBA-CA001-02581,270,,SRC-CODE-APPS/apps/desktop/src,ACCEPTED_GATE4,
SUB-27-01-08_apps-desktop-src-features-accessibility-baseline,Source directory apps/desktop/src/features/accessibility-baseline,KTY-27-01_Application-and-GUI-Implementation-Source,CAT-027,Source directory apps/desktop/src/features/accessibility-baseline,HBA-CA001-01294;HBA-CA001-01295;HBA-CA001-01296;HBA-CA001-01297;HBA-CA001-01298;HBA-CA001-01299;HBA-CA001-01300;HBA-CA001-01301;HBA-CA001-01302;HBA-CA001-01303;HBA-CA001-01304;HBA-CA001-01305;HBA-CA001-01306;HBA-CA001-01307,14,,SRC-CODE-APPS/apps/desktop/src/features/accessibility-baseline,ACCEPTED_GATE4,
SUB-27-01-09_apps-desktop-src-features-adapter-framework,Source directory apps/desktop/src/features/adapter-framework,KTY-27-01_Application-and-GUI-Implementation-Source,CAT-027,Source directory apps/desktop/src/features/adapter-framework,HBA-CA001-01308;HBA-CA001-01309;HBA-CA001-01310;HBA-CA001-01311;HBA-CA001-01312;HBA-CA001-01313;HBA-CA001-01314;HBA-CA001-01315;HBA-CA001-01316;HBA-CA001-01317;HBA-CA001-01318;HBA-CA001-01319;HBA-CA001-01320;HBA-CA001-01321;HBA-CA001-01322;HBA-CA001-01323;HBA-CA001-01324;HBA-CA001-01325;HBA-CA001-01326;HBA-CA001-01327;HBA-CA001-01328;HBA-CA001-01329,22,,SRC-CODE-APPS/apps/desktop/src/features/adapter-framework,ACCEPTED_GATE4,
SUB-27-01-10_apps-desktop-src-features-agent-proposals,Source directory apps/desktop/src/features/agent-proposals,KTY-27-01_Application-and-GUI-Implementation-Source,CAT-027,Source directory apps/desktop/src/features/agent-proposals,HBA-CA001-01330;HBA-CA001-01331;HBA-CA001-01332;HBA-CA001-01333;HBA-CA001-01334;HBA-CA001-01335;HBA-CA001-01336;HBA-CA001-01337,8,,SRC-CODE-APPS/apps/desktop/src/features/agent-proposals,ACCEPTED_GATE4,
SUB-27-01-11_apps-desktop-src-features-build-readiness,Source directory apps/desktop/src/features/build-readiness,KTY-27-01_Application-and-GUI-Implementation-Source,CAT-027,Source directory apps/desktop/src/features/build-readiness,HBA-CA001-01338;HBA-CA001-01339;HBA-CA001-01340;HBA-CA001-01341;HBA-CA001-01342;HBA-CA001-01343;HBA-CA001-01344;HBA-CA001-01345;HBA-CA001-01346;HBA-CA001-01347;HBA-CA001-01348;HBA-CA001-01349;HBA-CA001-01350;HBA-CA001-01351;HBA-CA001-01352;HBA-CA001-01353;HBA-CA001-01354,17,,SRC-CODE-APPS/apps/desktop/src/features/build-readiness,ACCEPTED_GATE4,
SUB-27-01-12_apps-desktop-src-features-caepipe-external,Source directory apps/desktop/src/features/caepipe-external,KTY-27-01_Application-and-GUI-Implementation-Source,CAT-027,Source directory apps/desktop/src/features/caepipe-external,HBA-CA001-01355;HBA-CA001-01356;HBA-CA001-01357;HBA-CA001-01358;HBA-CA001-01359;HBA-CA001-01360;HBA-CA001-01361;HBA-CA001-01362;HBA-CA001-01363;HBA-CA001-01364;HBA-CA001-01365;HBA-CA001-01366;HBA-CA001-01367;HBA-CA001-01368;HBA-CA001-01369;HBA-CA001-01370;HBA-CA001-01371;HBA-CA001-01372;HBA-CA001-01373;HBA-CA001-01374;HBA-CA001-01375;HBA-CA001-01376;HBA-CA001-01377;HBA-CA001-01378;HBA-CA001-01379;HBA-CA001-01380;HBA-CA001-01381;HBA-CA001-01382;HBA-CA001-01383;HBA-CA001-01384;HBA-CA001-01385,31,,SRC-CODE-APPS/apps/desktop/src/features/caepipe-external,ACCEPTED_GATE4,
SUB-27-01-13_apps-desktop-src-features-caepipe-mbf,Source directory apps/desktop/src/features/caepipe-mbf,KTY-27-01_Application-and-GUI-Implementation-Source,CAT-027,Source directory apps/desktop/src/features/caepipe-mbf,HBA-CA001-01386;HBA-CA001-01387;HBA-CA001-01388;HBA-CA001-01389;HBA-CA001-01390;HBA-CA001-01391;HBA-CA001-01392;HBA-CA001-01393;HBA-CA001-01394;HBA-CA001-01395;HBA-CA001-01396;HBA-CA001-01397;HBA-CA001-01398;HBA-CA001-01399;HBA-CA001-01400;HBA-CA001-01401;HBA-CA001-01402;HBA-CA001-01403;HBA-CA001-01404;HBA-CA001-01405;HBA-CA001-01406;HBA-CA001-01407;HBA-CA001-01408;HBA-CA001-01409;HBA-CA001-01410;HBA-CA001-01411;HBA-CA001-01412,27,,SRC-CODE-APPS/apps/desktop/src/features/caepipe-mbf,ACCEPTED_GATE4,
SUB-27-01-14_apps-desktop-src-features-comparison,Source directory apps/desktop/src/features/comparison,KTY-27-01_Application-and-GUI-Implementation-Source,CAT-027,Source directory apps/desktop/src/features/comparison,HBA-CA001-01413;HBA-CA001-01414;HBA-CA001-01415;HBA-CA001-01416,4,,SRC-CODE-APPS/apps/desktop/src/features/comparison,ACCEPTED_GATE4,
SUB-27-01-15_apps-desktop-src-features-design-workspace,Source directory apps/desktop/src/features/design-workspace,KTY-27-01_Application-and-GUI-Implementation-Source,CAT-027,Source directory apps/desktop/src/features/design-workspace,HBA-CA001-01417;HBA-CA001-01418;HBA-CA001-01419;HBA-CA001-01420;HBA-CA001-01421;HBA-CA001-01422,6,,SRC-CODE-APPS/apps/desktop/src/features/design-workspace,ACCEPTED_GATE4,
SUB-27-01-16_apps-desktop-src-features-diagnostics,Source directory apps/desktop/src/features/diagnostics,KTY-27-01_Application-and-GUI-Implementation-Source,CAT-027,Source directory apps/desktop/src/features/diagnostics,HBA-CA001-01423;HBA-CA001-01424;HBA-CA001-01425;HBA-CA001-01426,4,,SRC-CODE-APPS/apps/desktop/src/features/diagnostics,ACCEPTED_GATE4,
SUB-27-01-17_apps-desktop-src-features-diff-preview,Source directory apps/desktop/src/features/diff-preview,KTY-27-01_Application-and-GUI-Implementation-Source,CAT-027,Source directory apps/desktop/src/features/diff-preview,HBA-CA001-01427;HBA-CA001-01428;HBA-CA001-01429;HBA-CA001-01430;HBA-CA001-01431,5,,SRC-CODE-APPS/apps/desktop/src/features/diff-preview,ACCEPTED_GATE4,
SUB-27-01-18_apps-desktop-src-features-editor-contract,Source directory apps/desktop/src/features/editor-contract,KTY-27-01_Application-and-GUI-Implementation-Source,CAT-027,Source directory apps/desktop/src/features/editor-contract,HBA-CA001-01432;HBA-CA001-01433;HBA-CA001-01434;HBA-CA001-01435;HBA-CA001-01436;HBA-CA001-01437;HBA-CA001-01438;HBA-CA001-01439;HBA-CA001-01440;HBA-CA001-01441;HBA-CA001-01442;HBA-CA001-01443;HBA-CA001-01444,13,,SRC-CODE-APPS/apps/desktop/src/features/editor-contract,ACCEPTED_GATE4,
SUB-27-01-19_apps-desktop-src-features-export-adapter-sdk,Source directory apps/desktop/src/features/export-adapter-sdk,KTY-27-01_Application-and-GUI-Implementation-Source,CAT-027,Source directory apps/desktop/src/features/export-adapter-sdk,HBA-CA001-01445;HBA-CA001-01446;HBA-CA001-01447;HBA-CA001-01448;HBA-CA001-01449;HBA-CA001-01450;HBA-CA001-01451;HBA-CA001-01452;HBA-CA001-01453;HBA-CA001-01454;HBA-CA001-01455,11,,SRC-CODE-APPS/apps/desktop/src/features/export-adapter-sdk,ACCEPTED_GATE4,
SUB-27-01-20_apps-desktop-src-features-export-review,Source directory apps/desktop/src/features/export-review,KTY-27-01_Application-and-GUI-Implementation-Source,CAT-027,Source directory apps/desktop/src/features/export-review,HBA-CA001-01456;HBA-CA001-01457;HBA-CA001-01458;HBA-CA001-01459;HBA-CA001-01460;HBA-CA001-01461;HBA-CA001-01462;HBA-CA001-01463;HBA-CA001-01464;HBA-CA001-01465;HBA-CA001-01466;HBA-CA001-01467;HBA-CA001-01468;HBA-CA001-01469;HBA-CA001-01470;HBA-CA001-01471;HBA-CA001-01472;HBA-CA001-01473;HBA-CA001-01474;HBA-CA001-01475;HBA-CA001-01476;HBA-CA001-01477;HBA-CA001-01478;HBA-CA001-01479;HBA-CA001-01480;HBA-CA001-01481;HBA-CA001-01482;HBA-CA001-01483;HBA-CA001-01484;HBA-CA001-01485;HBA-CA001-01486,31,,SRC-CODE-APPS/apps/desktop/src/features/export-review,ACCEPTED_GATE4,
SUB-27-01-21_apps-desktop-src-features,Source directory apps/desktop/src/features,KTY-27-01_Application-and-GUI-Implementation-Source,CAT-027,Source directory apps/desktop/src/features,HBA-CA001-01487;HBA-CA001-01488;HBA-CA001-01489;HBA-CA001-01490,4,,SRC-CODE-APPS/apps/desktop/src/features,ACCEPTED_GATE4,
SUB-27-01-22_apps-desktop-src-features-external-prover,Source directory apps/desktop/src/features/external-prover,KTY-27-01_Application-and-GUI-Implementation-Source,CAT-027,Source directory apps/desktop/src/features/external-prover,HBA-CA001-01491;HBA-CA001-01492;HBA-CA001-01493;HBA-CA001-01494;HBA-CA001-01495;HBA-CA001-01496;HBA-CA001-01497;HBA-CA001-01498,8,,SRC-CODE-APPS/apps/desktop/src/features/external-prover,ACCEPTED_GATE4,
SUB-27-01-23_apps-desktop-src-features-handoff,Source directory apps/desktop/src/features/handoff,KTY-27-01_Application-and-GUI-Implementation-Source,CAT-027,Source directory apps/desktop/src/features/handoff,HBA-CA001-01499;HBA-CA001-01500;HBA-CA001-01501;HBA-CA001-01502;HBA-CA001-01503;HBA-CA001-01504;HBA-CA001-01505;HBA-CA001-01506;HBA-CA001-01507;HBA-CA001-01508,10,,SRC-CODE-APPS/apps/desktop/src/features/handoff,ACCEPTED_GATE4,
SUB-27-01-24_apps-desktop-src-features-headless-runner,Source directory apps/desktop/src/features/headless-runner,KTY-27-01_Application-and-GUI-Implementation-Source,CAT-027,Source directory apps/desktop/src/features/headless-runner,HBA-CA001-01509;HBA-CA001-01510;HBA-CA001-01511;HBA-CA001-01512;HBA-CA001-01513;HBA-CA001-01514;HBA-CA001-01515;HBA-CA001-01516;HBA-CA001-01517;HBA-CA001-01518;HBA-CA001-01519,11,,SRC-CODE-APPS/apps/desktop/src/features/headless-runner,ACCEPTED_GATE4,
SUB-27-01-25_apps-desktop-src-features-knowledge,Source directory apps/desktop/src/features/knowledge,KTY-27-01_Application-and-GUI-Implementation-Source,CAT-027,Source directory apps/desktop/src/features/knowledge,HBA-CA001-01520;HBA-CA001-01521;HBA-CA001-01522;HBA-CA001-01523,4,,SRC-CODE-APPS/apps/desktop/src/features/knowledge,ACCEPTED_GATE4,
SUB-27-01-26_apps-desktop-src-features-library,Source directory apps/desktop/src/features/library,KTY-27-01_Application-and-GUI-Implementation-Source,CAT-027,Source directory apps/desktop/src/features/library,HBA-CA001-01524;HBA-CA001-01525;HBA-CA001-01526;HBA-CA001-01527;HBA-CA001-01528;HBA-CA001-01529;HBA-CA001-01530;HBA-CA001-01531;HBA-CA001-01532;HBA-CA001-01533;HBA-CA001-01534;HBA-CA001-01535;HBA-CA001-01536;HBA-CA001-01537;HBA-CA001-01538;HBA-CA001-01539;HBA-CA001-01540,17,,SRC-CODE-APPS/apps/desktop/src/features/library,ACCEPTED_GATE4,
SUB-27-01-27_apps-desktop-src-features-load-cases,Source directory apps/desktop/src/features/load-cases,KTY-27-01_Application-and-GUI-Implementation-Source,CAT-027,Source directory apps/desktop/src/features/load-cases,HBA-CA001-01541;HBA-CA001-01542;HBA-CA001-01543;HBA-CA001-01544;HBA-CA001-01545;HBA-CA001-01546;HBA-CA001-01547;HBA-CA001-01548;HBA-CA001-01549;HBA-CA001-01550;HBA-CA001-01551;HBA-CA001-01552;HBA-CA001-01553;HBA-CA001-01554;HBA-CA001-01555;HBA-CA001-01556;HBA-CA001-01557;HBA-CA001-01558;HBA-CA001-01559;HBA-CA001-01560;HBA-CA001-01561;HBA-CA001-01562;HBA-CA001-01563;HBA-CA001-01564;HBA-CA001-01565;HBA-CA001-01566;HBA-CA001-01567;HBA-CA001-01568;HBA-CA001-01569;HBA-CA001-01570;HBA-CA001-01571,31,,SRC-CODE-APPS/apps/desktop/src/features/load-cases,ACCEPTED_GATE4,
SUB-27-01-28_apps-desktop-src-features-local-fea-handoff,Source directory apps/desktop/src/features/local-fea-handoff,KTY-27-01_Application-and-GUI-Implementation-Source,CAT-027,Source directory apps/desktop/src/features/local-fea-handoff,HBA-CA001-01572;HBA-CA001-01573;HBA-CA001-01574;HBA-CA001-01575;HBA-CA001-01576;HBA-CA001-01577;HBA-CA001-01578;HBA-CA001-01579;HBA-CA001-01580;HBA-CA001-01581;HBA-CA001-01582;HBA-CA001-01583;HBA-CA001-01584;HBA-CA001-01585;HBA-CA001-01586;HBA-CA001-01587;HBA-CA001-01588;HBA-CA001-01589;HBA-CA001-01590;HBA-CA001-01591;HBA-CA001-01592;HBA-CA001-01593;HBA-CA001-01594;HBA-CA001-01595;HBA-CA001-01596;HBA-CA001-01597;HBA-CA001-01598;HBA-CA001-01599;HBA-CA001-01600;HBA-CA001-01601;HBA-CA001-01602;HBA-CA001-01603;HBA-CA001-01604;HBA-CA001-01605;HBA-CA001-01606,35,,SRC-CODE-APPS/apps/desktop/src/features/local-fea-handoff,ACCEPTED_GATE4,
SUB-27-01-29_apps-desktop-src-features-missing-data,Source directory apps/desktop/src/features/missing-data,KTY-27-01_Application-and-GUI-Implementation-Source,CAT-027,Source directory apps/desktop/src/features/missing-data,HBA-CA001-01607;HBA-CA001-01608;HBA-CA001-01609;HBA-CA001-01610;HBA-CA001-01611;HBA-CA001-01612;HBA-CA001-01613;HBA-CA001-01614;HBA-CA001-01615;HBA-CA001-01616;HBA-CA001-01617;HBA-CA001-01618;HBA-CA001-01619;HBA-CA001-01620;HBA-CA001-01621;HBA-CA001-01622;HBA-CA001-01623;HBA-CA001-01624;HBA-CA001-01625;HBA-CA001-01626,20,,SRC-CODE-APPS/apps/desktop/src/features/missing-data,ACCEPTED_GATE4,
SUB-27-01-30_apps-desktop-src-features-model-tree,Source directory apps/desktop/src/features/model-tree,KTY-27-01_Application-and-GUI-Implementation-Source,CAT-027,Source directory apps/desktop/src/features/model-tree,HBA-CA001-01627;HBA-CA001-01628;HBA-CA001-01629;HBA-CA001-01630;HBA-CA001-01631;HBA-CA001-01632;HBA-CA001-01633;HBA-CA001-01634;HBA-CA001-01635;HBA-CA001-01636;HBA-CA001-01637;HBA-CA001-01638;HBA-CA001-01639;HBA-CA001-01640;HBA-CA001-01641;HBA-CA001-01642;HBA-CA001-01643;HBA-CA001-01644;HBA-CA001-01645;HBA-CA001-01646;HBA-CA001-01647;HBA-CA001-01648;HBA-CA001-01649;HBA-CA001-01650;HBA-CA001-01651;HBA-CA001-01652;HBA-CA001-01653;HBA-CA001-01654;HBA-CA001-01655;HBA-CA001-01656;HBA-CA001-01657;HBA-CA001-01658;HBA-CA001-01659;HBA-CA001-01660;HBA-CA001-01661;HBA-CA001-01662;HBA-CA001-01663;HBA-CA001-01664;HBA-CA001-01665;HBA-CA001-01666;HBA-CA001-01667;HBA-CA001-01668;HBA-CA001-01669;HBA-CA001-01670;HBA-CA001-01671;HBA-CA001-01672;HBA-CA001-01673;HBA-CA001-01674;HBA-CA001-01675,49,,SRC-CODE-APPS/apps/desktop/src/features/model-tree,ACCEPTED_GATE4,
SUB-27-01-31_apps-desktop-src-features-model-workspace,Source directory apps/desktop/src/features/model-workspace,KTY-27-01_Application-and-GUI-Implementation-Source,CAT-027,Source directory apps/desktop/src/features/model-workspace,HBA-CA001-01676;HBA-CA001-01677;HBA-CA001-01678;HBA-CA001-01679;HBA-CA001-01680;HBA-CA001-01681;HBA-CA001-01682;HBA-CA001-01683;HBA-CA001-01684;HBA-CA001-01685,10,,SRC-CODE-APPS/apps/desktop/src/features/model-workspace,ACCEPTED_GATE4,
SUB-27-01-32_apps-desktop-src-features-native-package,Source directory apps/desktop/src/features/native-package,KTY-27-01_Application-and-GUI-Implementation-Source,CAT-027,Source directory apps/desktop/src/features/native-package,HBA-CA001-01686;HBA-CA001-01687;HBA-CA001-01688;HBA-CA001-01689;HBA-CA001-01690;HBA-CA001-01691;HBA-CA001-01692;HBA-CA001-01693;HBA-CA001-01694;HBA-CA001-01695;HBA-CA001-01696;HBA-CA001-01697;HBA-CA001-01698;HBA-CA001-01699;HBA-CA001-01700;HBA-CA001-01701;HBA-CA001-01702;HBA-CA001-01703;HBA-CA001-01704;HBA-CA001-01705;HBA-CA001-01706;HBA-CA001-01707;HBA-CA001-01708;HBA-CA001-01709,24,,SRC-CODE-APPS/apps/desktop/src/features/native-package,ACCEPTED_GATE4,
SUB-27-01-33_apps-desktop-src-features-operations,Source directory apps/desktop/src/features/operations,KTY-27-01_Application-and-GUI-Implementation-Source,CAT-027,Source directory apps/desktop/src/features/operations,HBA-CA001-01710;HBA-CA001-01711;HBA-CA001-01712;HBA-CA001-01713;HBA-CA001-01714;HBA-CA001-01715;HBA-CA001-01716;HBA-CA001-01717;HBA-CA001-01718;HBA-CA001-01719;HBA-CA001-01720;HBA-CA001-01721;HBA-CA001-01722;HBA-CA001-01723;HBA-CA001-01724;HBA-CA001-01725;HBA-CA001-01726;HBA-CA001-01727;HBA-CA001-01728;HBA-CA001-01729;HBA-CA001-01730;HBA-CA001-01731;HBA-CA001-01732,23,,SRC-CODE-APPS/apps/desktop/src/features/operations,ACCEPTED_GATE4,
SUB-27-01-34_apps-desktop-src-features-pcf-export,Source directory apps/desktop/src/features/pcf-export,KTY-27-01_Application-and-GUI-Implementation-Source,CAT-027,Source directory apps/desktop/src/features/pcf-export,HBA-CA001-01733;HBA-CA001-01734;HBA-CA001-01735;HBA-CA001-01736;HBA-CA001-01737;HBA-CA001-01738;HBA-CA001-01739;HBA-CA001-01740;HBA-CA001-01741;HBA-CA001-01742;HBA-CA001-01743;HBA-CA001-01744;HBA-CA001-01745;HBA-CA001-01746;HBA-CA001-01747;HBA-CA001-01748;HBA-CA001-01749;HBA-CA001-01750;HBA-CA001-01751;HBA-CA001-01752;HBA-CA001-01753;HBA-CA001-01754,22,,SRC-CODE-APPS/apps/desktop/src/features/pcf-export,ACCEPTED_GATE4,
SUB-27-01-35_apps-desktop-src-features-project-storage,Source directory apps/desktop/src/features/project-storage,KTY-27-01_Application-and-GUI-Implementation-Source,CAT-027,Source directory apps/desktop/src/features/project-storage,HBA-CA001-01755;HBA-CA001-01756;HBA-CA001-01757;HBA-CA001-01758;HBA-CA001-01759;HBA-CA001-01760;HBA-CA001-01761;HBA-CA001-01762,8,,SRC-CODE-APPS/apps/desktop/src/features/project-storage,ACCEPTED_GATE4,
SUB-27-01-36_apps-desktop-src-features-project-validation,Source directory apps/desktop/src/features/project-validation,KTY-27-01_Application-and-GUI-Implementation-Source,CAT-027,Source directory apps/desktop/src/features/project-validation,HBA-CA001-01763;HBA-CA001-01764;HBA-CA001-01765;HBA-CA001-01766;HBA-CA001-01767;HBA-CA001-01768;HBA-CA001-01769;HBA-CA001-01770;HBA-CA001-01771;HBA-CA001-01772;HBA-CA001-01773;HBA-CA001-01774;HBA-CA001-01775;HBA-CA001-01776;HBA-CA001-01777;HBA-CA001-01778;HBA-CA001-01779;HBA-CA001-01780,18,,SRC-CODE-APPS/apps/desktop/src/features/project-validation,ACCEPTED_GATE4,
SUB-27-01-37_apps-desktop-src-features-report-lint,Source directory apps/desktop/src/features/report-lint,KTY-27-01_Application-and-GUI-Implementation-Source,CAT-027,Source directory apps/desktop/src/features/report-lint,HBA-CA001-01781;HBA-CA001-01782;HBA-CA001-01783;HBA-CA001-01784;HBA-CA001-01785;HBA-CA001-01786;HBA-CA001-01787;HBA-CA001-01788;HBA-CA001-01789;HBA-CA001-01790;HBA-CA001-01791,11,,SRC-CODE-APPS/apps/desktop/src/features/report-lint,ACCEPTED_GATE4,
SUB-27-01-38_apps-desktop-src-features-report,Source directory apps/desktop/src/features/report,KTY-27-01_Application-and-GUI-Implementation-Source,CAT-027,Source directory apps/desktop/src/features/report,HBA-CA001-01792;HBA-CA001-01793;HBA-CA001-01794;HBA-CA001-01795;HBA-CA001-01796;HBA-CA001-01797;HBA-CA001-01798;HBA-CA001-01799;HBA-CA001-01800;HBA-CA001-01801;HBA-CA001-01802;HBA-CA001-01803;HBA-CA001-01804;HBA-CA001-01805;HBA-CA001-01806;HBA-CA001-01807;HBA-CA001-01808;HBA-CA001-01809;HBA-CA001-01810;HBA-CA001-01811;HBA-CA001-01812;HBA-CA001-01813;HBA-CA001-01814;HBA-CA001-01815;HBA-CA001-01816;HBA-CA001-01817;HBA-CA001-01818;HBA-CA001-01819;HBA-CA001-01820;HBA-CA001-01821;HBA-CA001-01822;HBA-CA001-01823;HBA-CA001-01824;HBA-CA001-01825;HBA-CA001-01826;HBA-CA001-01827;HBA-CA001-01828;HBA-CA001-01829;HBA-CA001-01830;HBA-CA001-01831;HBA-CA001-01832;HBA-CA001-01833;HBA-CA001-01834;HBA-CA001-01835;HBA-CA001-01836;HBA-CA001-01837;HBA-CA001-01838,47,,SRC-CODE-APPS/apps/desktop/src/features/report,ACCEPTED_GATE4,
SUB-27-01-39_apps-desktop-src-features-result-export,Source directory apps/desktop/src/features/result-export,KTY-27-01_Application-and-GUI-Implementation-Source,CAT-027,Source directory apps/desktop/src/features/result-export,HBA-CA001-01839;HBA-CA001-01840;HBA-CA001-01841;HBA-CA001-01842;HBA-CA001-01843;HBA-CA001-01844;HBA-CA001-01845;HBA-CA001-01846;HBA-CA001-01847;HBA-CA001-01848;HBA-CA001-01849;HBA-CA001-01850;HBA-CA001-01851;HBA-CA001-01852;HBA-CA001-01853;HBA-CA001-01854;HBA-CA001-01855;HBA-CA001-01856;HBA-CA001-01857,19,,SRC-CODE-APPS/apps/desktop/src/features/result-export,ACCEPTED_GATE4,
SUB-27-01-40_apps-desktop-src-features-results,Source directory apps/desktop/src/features/results,KTY-27-01_Application-and-GUI-Implementation-Source,CAT-027,Source directory apps/desktop/src/features/results,HBA-CA001-01858;HBA-CA001-01859;HBA-CA001-01860;HBA-CA001-01861;HBA-CA001-01862;HBA-CA001-01863;HBA-CA001-01864;HBA-CA001-01865;HBA-CA001-01866;HBA-CA001-01867;HBA-CA001-01868;HBA-CA001-01869;HBA-CA001-01870;HBA-CA001-01871;HBA-CA001-01872;HBA-CA001-01873;HBA-CA001-01874;HBA-CA001-01875;HBA-CA001-01876;HBA-CA001-01877;HBA-CA001-01878;HBA-CA001-01879;HBA-CA001-01880;HBA-CA001-01881;HBA-CA001-01882;HBA-CA001-01883;HBA-CA001-01884;HBA-CA001-01885;HBA-CA001-01886;HBA-CA001-01887;HBA-CA001-01888;HBA-CA001-01889;HBA-CA001-01890,33,,SRC-CODE-APPS/apps/desktop/src/features/results,ACCEPTED_GATE4,
SUB-27-01-41_apps-desktop-src-features-review-geometry,Source directory apps/desktop/src/features/review-geometry,KTY-27-01_Application-and-GUI-Implementation-Source,CAT-027,Source directory apps/desktop/src/features/review-geometry,HBA-CA001-01891;HBA-CA001-01892;HBA-CA001-01893;HBA-CA001-01894;HBA-CA001-01895;HBA-CA001-01896;HBA-CA001-01897;HBA-CA001-01898;HBA-CA001-01899;HBA-CA001-01900;HBA-CA001-01901;HBA-CA001-01902;HBA-CA001-01903;HBA-CA001-01904;HBA-CA001-01905;HBA-CA001-01906;HBA-CA001-01907;HBA-CA001-01908;HBA-CA001-01909;HBA-CA001-01910;HBA-CA001-01911;HBA-CA001-01912,22,,SRC-CODE-APPS/apps/desktop/src/features/review-geometry,ACCEPTED_GATE4,
SUB-27-01-42_apps-desktop-src-features-rule-check,Source directory apps/desktop/src/features/rule-check,KTY-27-01_Application-and-GUI-Implementation-Source,CAT-027,Source directory apps/desktop/src/features/rule-check,HBA-CA001-01913;HBA-CA001-01914;HBA-CA001-01915;HBA-CA001-01916;HBA-CA001-01917;HBA-CA001-01918;HBA-CA001-01919;HBA-CA001-01920;HBA-CA001-01921;HBA-CA001-01922;HBA-CA001-01923;HBA-CA001-01924;HBA-CA001-01925;HBA-CA001-01926;HBA-CA001-01927;HBA-CA001-01928;HBA-CA001-01929;HBA-CA001-01930;HBA-CA001-01931;HBA-CA001-01932;HBA-CA001-01933;HBA-CA001-01934;HBA-CA001-01935;HBA-CA001-01936;HBA-CA001-01937;HBA-CA001-01938;HBA-CA001-01939;HBA-CA001-01940;HBA-CA001-01941;HBA-CA001-01942;HBA-CA001-01943;HBA-CA001-01944;HBA-CA001-01945;HBA-CA001-01946;HBA-CA001-01947;HBA-CA001-01948;HBA-CA001-01949;HBA-CA001-01950;HBA-CA001-01951;HBA-CA001-01952;HBA-CA001-01953;HBA-CA001-01954;HBA-CA001-01955;HBA-CA001-01956;HBA-CA001-01957;HBA-CA001-01958;HBA-CA001-01959;HBA-CA001-01960;HBA-CA001-01961;HBA-CA001-01962;HBA-CA001-01963;HBA-CA001-01964;HBA-CA001-01965;HBA-CA001-01966;HBA-CA001-01967;HBA-CA001-01968;HBA-CA001-01969;HBA-CA001-01970;HBA-CA001-01971;HBA-CA001-01972;HBA-CA001-01973;HBA-CA001-01974;HBA-CA001-01975;HBA-CA001-01976;HBA-CA001-01977;HBA-CA001-01978;HBA-CA001-01979;HBA-CA001-01980;HBA-CA001-01981;HBA-CA001-01982;HBA-CA001-01983;HBA-CA001-01984;HBA-CA001-01985;HBA-CA001-01986;HBA-CA001-01987;HBA-CA001-01988;HBA-CA001-01989;HBA-CA001-01990;HBA-CA001-01991;HBA-CA001-01992;HBA-CA001-01993;HBA-CA001-01994;HBA-CA001-01995,83,,SRC-CODE-APPS/apps/desktop/src/features/rule-check,ACCEPTED_GATE4,
SUB-27-01-43_apps-desktop-src-features-rule-packs,Source directory apps/desktop/src/features/rule-packs,KTY-27-01_Application-and-GUI-Implementation-Source,CAT-027,Source directory apps/desktop/src/features/rule-packs,HBA-CA001-01996;HBA-CA001-01997;HBA-CA001-01998;HBA-CA001-01999;HBA-CA001-02000;HBA-CA001-02001;HBA-CA001-02002;HBA-CA001-02003;HBA-CA001-02004;HBA-CA001-02005;HBA-CA001-02006;HBA-CA001-02007;HBA-CA001-02008;HBA-CA001-02009;HBA-CA001-02010;HBA-CA001-02011;HBA-CA001-02012;HBA-CA001-02013;HBA-CA001-02014;HBA-CA001-02015;HBA-CA001-02016;HBA-CA001-02017;HBA-CA001-02018;HBA-CA001-02019;HBA-CA001-02020;HBA-CA001-02021;HBA-CA001-02022;HBA-CA001-02023;HBA-CA001-02024;HBA-CA001-02025;HBA-CA001-02026;HBA-CA001-02027;HBA-CA001-02028;HBA-CA001-02029;HBA-CA001-02030;HBA-CA001-02031;HBA-CA001-02032;HBA-CA001-02033;HBA-CA001-02034;HBA-CA001-02035;HBA-CA001-02036;HBA-CA001-02037;HBA-CA001-02038;HBA-CA001-02039;HBA-CA001-02040;HBA-CA001-02041;HBA-CA001-02042;HBA-CA001-02043;HBA-CA001-02044;HBA-CA001-02045;HBA-CA001-02046;HBA-CA001-02047;HBA-CA001-02048;HBA-CA001-02049;HBA-CA001-02050;HBA-CA001-02051;HBA-CA001-02052;HBA-CA001-02053;HBA-CA001-02054;HBA-CA001-02055;HBA-CA001-02056;HBA-CA001-02057;HBA-CA001-02058;HBA-CA001-02059;HBA-CA001-02060;HBA-CA001-02061;HBA-CA001-02062;HBA-CA001-02063;HBA-CA001-02064;HBA-CA001-02065;HBA-CA001-02066;HBA-CA001-02067;HBA-CA001-02068;HBA-CA001-02069;HBA-CA001-02070;HBA-CA001-02071;HBA-CA001-02072;HBA-CA001-02073;HBA-CA001-02074;HBA-CA001-02075;HBA-CA001-02076;HBA-CA001-02077;HBA-CA001-02078;HBA-CA001-02079;HBA-CA001-02080;HBA-CA001-02081;HBA-CA001-02082;HBA-CA001-02083;HBA-CA001-02084;HBA-CA001-02085;HBA-CA001-02086;HBA-CA001-02087;HBA-CA001-02088;HBA-CA001-02089;HBA-CA001-02090;HBA-CA001-02091;HBA-CA001-02092;HBA-CA001-02093;HBA-CA001-02094;HBA-CA001-02095;HBA-CA001-02096;HBA-CA001-02097;HBA-CA001-02098;HBA-CA001-02099;HBA-CA001-02100;HBA-CA001-02101;HBA-CA001-02102;HBA-CA001-02103;HBA-CA001-02104;HBA-CA001-02105;HBA-CA001-02106;HBA-CA001-02107;HBA-CA001-02108;HBA-CA001-02109;HBA-CA001-02110;HBA-CA001-02111;HBA-CA001-02112;HBA-CA001-02113;HBA-CA001-02114;HBA-CA001-02115;HBA-CA001-02116;HBA-CA001-02117;HBA-CA001-02118;HBA-CA001-02119;HBA-CA001-02120;HBA-CA001-02121;HBA-CA001-02122;HBA-CA001-02123;HBA-CA001-02124;HBA-CA001-02125;HBA-CA001-02126;HBA-CA001-02127;HBA-CA001-02128;HBA-CA001-02129;HBA-CA001-02130;HBA-CA001-02131;HBA-CA001-02132;HBA-CA001-02133;HBA-CA001-02134;HBA-CA001-02135;HBA-CA001-02136;HBA-CA001-02137;HBA-CA001-02138;HBA-CA001-02139;HBA-CA001-02140;HBA-CA001-02141;HBA-CA001-02142;HBA-CA001-02143;HBA-CA001-02144;HBA-CA001-02145;HBA-CA001-02146;HBA-CA001-02147;HBA-CA001-02148;HBA-CA001-02149;HBA-CA001-02150;HBA-CA001-02151;HBA-CA001-02152;HBA-CA001-02153;HBA-CA001-02154;HBA-CA001-02155;HBA-CA001-02156;HBA-CA001-02157;HBA-CA001-02158;HBA-CA001-02159;HBA-CA001-02160;HBA-CA001-02161;HBA-CA001-02162;HBA-CA001-02163;HBA-CA001-02164;HBA-CA001-02165;HBA-CA001-02166;HBA-CA001-02167;HBA-CA001-02168;HBA-CA001-02169;HBA-CA001-02170;HBA-CA001-02171;HBA-CA001-02172;HBA-CA001-02173;HBA-CA001-02174;HBA-CA001-02175;HBA-CA001-02176;HBA-CA001-02177;HBA-CA001-02178;HBA-CA001-02179;HBA-CA001-02180;HBA-CA001-02181;HBA-CA001-02182;HBA-CA001-02183;HBA-CA001-02184;HBA-CA001-02185;HBA-CA001-02186;HBA-CA001-02187;HBA-CA001-02188;HBA-CA001-02189;HBA-CA001-02190;HBA-CA001-02191;HBA-CA001-02192;HBA-CA001-02193;HBA-CA001-02194;HBA-CA001-02195;HBA-CA001-02196;HBA-CA001-02197;HBA-CA001-02198;HBA-CA001-02199;HBA-CA001-02200;HBA-CA001-02201;HBA-CA001-02202;HBA-CA001-02203;HBA-CA001-02204;HBA-CA001-02205;HBA-CA001-02206;HBA-CA001-02207;HBA-CA001-02208;HBA-CA001-02209;HBA-CA001-02210;HBA-CA001-02211;HBA-CA001-02212;HBA-CA001-02213;HBA-CA001-02214;HBA-CA001-02215;HBA-CA001-02216;HBA-CA001-02217,222,,SRC-CODE-APPS/apps/desktop/src/features/rule-packs,ACCEPTED_GATE4,
SUB-27-01-44_apps-desktop-src-features-run-audit,Source directory apps/desktop/src/features/run-audit,KTY-27-01_Application-and-GUI-Implementation-Source,CAT-027,Source directory apps/desktop/src/features/run-audit,HBA-CA001-02218;HBA-CA001-02219;HBA-CA001-02220;HBA-CA001-02221;HBA-CA001-02222;HBA-CA001-02223,6,,SRC-CODE-APPS/apps/desktop/src/features/run-audit,ACCEPTED_GATE4,
SUB-27-01-45_apps-desktop-src-features-secret-private-library,Source directory apps/desktop/src/features/secret-private-library,KTY-27-01_Application-and-GUI-Implementation-Source,CAT-027,Source directory apps/desktop/src/features/secret-private-library,HBA-CA001-02224;HBA-CA001-02225;HBA-CA001-02226;HBA-CA001-02227;HBA-CA001-02228;HBA-CA001-02229;HBA-CA001-02230;HBA-CA001-02231;HBA-CA001-02232;HBA-CA001-02233;HBA-CA001-02234;HBA-CA001-02235,12,,SRC-CODE-APPS/apps/desktop/src/features/secret-private-library,ACCEPTED_GATE4,
SUB-27-01-46_apps-desktop-src-features-security-threat-model,Source directory apps/desktop/src/features/security-threat-model,KTY-27-01_Application-and-GUI-Implementation-Source,CAT-027,Source directory apps/desktop/src/features/security-threat-model,HBA-CA001-02236;HBA-CA001-02237;HBA-CA001-02238;HBA-CA001-02239;HBA-CA001-02240;HBA-CA001-02241;HBA-CA001-02242;HBA-CA001-02243;HBA-CA001-02244;HBA-CA001-02245;HBA-CA001-02246;HBA-CA001-02247,12,,SRC-CODE-APPS/apps/desktop/src/features/security-threat-model,ACCEPTED_GATE4,
SUB-27-01-47_apps-desktop-src-features-solve,Source directory apps/desktop/src/features/solve,KTY-27-01_Application-and-GUI-Implementation-Source,CAT-027,Source directory apps/desktop/src/features/solve,HBA-CA001-02248;HBA-CA001-02249;HBA-CA001-02250;HBA-CA001-02251;HBA-CA001-02252;HBA-CA001-02253;HBA-CA001-02254;HBA-CA001-02255;HBA-CA001-02256;HBA-CA001-02257,10,,SRC-CODE-APPS/apps/desktop/src/features/solve,ACCEPTED_GATE4,
SUB-27-01-48_apps-desktop-src-features-stress-neutral,Source directory apps/desktop/src/features/stress-neutral,KTY-27-01_Application-and-GUI-Implementation-Source,CAT-027,Source directory apps/desktop/src/features/stress-neutral,HBA-CA001-02258;HBA-CA001-02259;HBA-CA001-02260;HBA-CA001-02261;HBA-CA001-02262;HBA-CA001-02263;HBA-CA001-02264;HBA-CA001-02265;HBA-CA001-02266;HBA-CA001-02267;HBA-CA001-02268;HBA-CA001-02269;HBA-CA001-02270;HBA-CA001-02271;HBA-CA001-02272;HBA-CA001-02273,16,,SRC-CODE-APPS/apps/desktop/src/features/stress-neutral,ACCEPTED_GATE4,
SUB-27-01-49_apps-desktop-src-features-telemetry,Source directory apps/desktop/src/features/telemetry,KTY-27-01_Application-and-GUI-Implementation-Source,CAT-027,Source directory apps/desktop/src/features/telemetry,HBA-CA001-02274;HBA-CA001-02275;HBA-CA001-02276;HBA-CA001-02277;HBA-CA001-02278;HBA-CA001-02279;HBA-CA001-02280;HBA-CA001-02281;HBA-CA001-02282;HBA-CA001-02283,10,,SRC-CODE-APPS/apps/desktop/src/features/telemetry,ACCEPTED_GATE4,
SUB-27-01-50_apps-desktop-src-features-validation-evidence,Source directory apps/desktop/src/features/validation-evidence,KTY-27-01_Application-and-GUI-Implementation-Source,CAT-027,Source directory apps/desktop/src/features/validation-evidence,HBA-CA001-02284;HBA-CA001-02285;HBA-CA001-02286;HBA-CA001-02287;HBA-CA001-02288;HBA-CA001-02289;HBA-CA001-02290;HBA-CA001-02291;HBA-CA001-02292;HBA-CA001-02293;HBA-CA001-02294,11,,SRC-CODE-APPS/apps/desktop/src/features/validation-evidence,ACCEPTED_GATE4,
SUB-27-01-51_apps-desktop-src-features-viewport,Source directory apps/desktop/src/features/viewport,KTY-27-01_Application-and-GUI-Implementation-Source,CAT-027,Source directory apps/desktop/src/features/viewport,HBA-CA001-02295;HBA-CA001-02296;HBA-CA001-02297;HBA-CA001-02298;HBA-CA001-02299;HBA-CA001-02300;HBA-CA001-02301;HBA-CA001-02302;HBA-CA001-02303;HBA-CA001-02304;HBA-CA001-02305;HBA-CA001-02306;HBA-CA001-02307;HBA-CA001-02308;HBA-CA001-02309;HBA-CA001-02310;HBA-CA001-02311;HBA-CA001-02312;HBA-CA001-02313;HBA-CA001-02314;HBA-CA001-02315,21,,SRC-CODE-APPS/apps/desktop/src/features/viewport,ACCEPTED_GATE4,
SUB-27-01-52_apps-desktop-src-services,Source directory apps/desktop/src/services,KTY-27-01_Application-and-GUI-Implementation-Source,CAT-027,Source directory apps/desktop/src/services,HBA-CA001-02319;HBA-CA001-02320;HBA-CA001-02321;HBA-CA001-02322;HBA-CA001-02323;HBA-CA001-02324;HBA-CA001-02325;HBA-CA001-02326;HBA-CA001-02327;HBA-CA001-02328;HBA-CA001-02329;HBA-CA001-02330;HBA-CA001-02331;HBA-CA001-02332;HBA-CA001-02333;HBA-CA001-02334;HBA-CA001-02335;HBA-CA001-02336;HBA-CA001-02337;HBA-CA001-02338;HBA-CA001-02339;HBA-CA001-02340;HBA-CA001-02341;HBA-CA001-02342;HBA-CA001-02343;HBA-CA001-02344;HBA-CA001-02345;HBA-CA001-02346;HBA-CA001-02347;HBA-CA001-02348;HBA-CA001-02349;HBA-CA001-02350;HBA-CA001-02351;HBA-CA001-02352;HBA-CA001-02353;HBA-CA001-02354;HBA-CA001-02355;HBA-CA001-02356;HBA-CA001-02357;HBA-CA001-02358;HBA-CA001-02359;HBA-CA001-02360;HBA-CA001-02361;HBA-CA001-02362;HBA-CA001-02363;HBA-CA001-02364;HBA-CA001-02365;HBA-CA001-02366;HBA-CA001-02367;HBA-CA001-02368;HBA-CA001-02369;HBA-CA001-02370;HBA-CA001-02371;HBA-CA001-02372;HBA-CA001-02373;HBA-CA001-02374;HBA-CA001-02375;HBA-CA001-02376;HBA-CA001-02377;HBA-CA001-02378;HBA-CA001-02379;HBA-CA001-02380;HBA-CA001-02381;HBA-CA001-02382;HBA-CA001-02383;HBA-CA001-02384;HBA-CA001-02385;HBA-CA001-02386;HBA-CA001-02387;HBA-CA001-02388;HBA-CA001-02389;HBA-CA001-02390;HBA-CA001-02391;HBA-CA001-02392;HBA-CA001-02393;HBA-CA001-02394;HBA-CA001-02395;HBA-CA001-02396;HBA-CA001-02397;HBA-CA001-02398;HBA-CA001-02399;HBA-CA001-02400;HBA-CA001-02401;HBA-CA001-02402;HBA-CA001-02403;HBA-CA001-02404;HBA-CA001-02405;HBA-CA001-02406;HBA-CA001-02407;HBA-CA001-02408;HBA-CA001-02409;HBA-CA001-02410;HBA-CA001-02411;HBA-CA001-02412;HBA-CA001-02413;HBA-CA001-02414;HBA-CA001-02415;HBA-CA001-02416;HBA-CA001-02417;HBA-CA001-02418;HBA-CA001-02419;HBA-CA001-02420;HBA-CA001-02421;HBA-CA001-02422;HBA-CA001-02423;HBA-CA001-02424;HBA-CA001-02425;HBA-CA001-02426;HBA-CA001-02427;HBA-CA001-02428;HBA-CA001-02429;HBA-CA001-02430;HBA-CA001-02431;HBA-CA001-02432;HBA-CA001-02433;HBA-CA001-02434;HBA-CA001-02435;HBA-CA001-02436;HBA-CA001-02437;HBA-CA001-02438;HBA-CA001-02439;HBA-CA001-02440;HBA-CA001-02441;HBA-CA001-02442;HBA-CA001-02443;HBA-CA001-02444;HBA-CA001-02445;HBA-CA001-02446;HBA-CA001-02447;HBA-CA001-02448;HBA-CA001-02449;HBA-CA001-02450;HBA-CA001-02451;HBA-CA001-02452;HBA-CA001-02453;HBA-CA001-02454;HBA-CA001-02455;HBA-CA001-02456;HBA-CA001-02457;HBA-CA001-02458;HBA-CA001-02459;HBA-CA001-02460;HBA-CA001-02461;HBA-CA001-02462;HBA-CA001-02463;HBA-CA001-02464;HBA-CA001-02465;HBA-CA001-02466;HBA-CA001-02467;HBA-CA001-02468;HBA-CA001-02469;HBA-CA001-02470;HBA-CA001-02471;HBA-CA001-02472;HBA-CA001-02473;HBA-CA001-02474;HBA-CA001-02475;HBA-CA001-02476;HBA-CA001-02477;HBA-CA001-02478;HBA-CA001-02479;HBA-CA001-02480;HBA-CA001-02481;HBA-CA001-02482;HBA-CA001-02483;HBA-CA001-02484;HBA-CA001-02485;HBA-CA001-02486;HBA-CA001-02487;HBA-CA001-02488;HBA-CA001-02489;HBA-CA001-02490;HBA-CA001-02491;HBA-CA001-02492;HBA-CA001-02493;HBA-CA001-02494;HBA-CA001-02495;HBA-CA001-02496;HBA-CA001-02497;HBA-CA001-02498;HBA-CA001-02499;HBA-CA001-02500,182,,SRC-CODE-APPS/apps/desktop/src/services,ACCEPTED_GATE4,
SUB-27-01-53_apps-desktop-src-services-wasmEngine,Source directory apps/desktop/src/services/wasmEngine,KTY-27-01_Application-and-GUI-Implementation-Source,CAT-027,Source directory apps/desktop/src/services/wasmEngine,HBA-CA001-02501;HBA-CA001-02502;HBA-CA001-02503;HBA-CA001-02504;HBA-CA001-02505;HBA-CA001-02506,6,,SRC-CODE-APPS/apps/desktop/src/services/wasmEngine,ACCEPTED_GATE4,
SUB-27-01-54_apps-desktop-src-test,Source directory apps/desktop/src/test,KTY-27-01_Application-and-GUI-Implementation-Source,CAT-027,Source directory apps/desktop/src/test,HBA-CA001-02511,1,,SRC-CODE-APPS/apps/desktop/src/test,ACCEPTED_GATE4,
SUB-28-01-01_tests-product-preview,Source directory tests/product_preview,KTY-28-01_Test-Suite-Source,CAT-028,Source directory tests/product_preview,HBA-CT001-00001;HBA-CT001-00002;HBA-CT001-00003;HBA-CT001-00004;HBA-CT001-00005;HBA-CT001-00006;HBA-CT001-00007;HBA-CT001-00008;HBA-CT001-00009;HBA-CT001-00010;HBA-CT001-00011;HBA-CT001-00012;HBA-CT001-00013,13,,SRC-CODE-TESTS/tests/product_preview,ACCEPTED_GATE4,
SUB-28-01-02_tests,Source directory tests,KTY-28-01_Test-Suite-Source,CAT-028,Source directory tests,HBA-CT001-00014;HBA-CT001-00015;HBA-CT001-00016;HBA-CT001-00017;HBA-CT001-00018;HBA-CT001-00019;HBA-CT001-00076;HBA-CT001-00077;HBA-CT001-00078;HBA-CT001-00079;HBA-CT001-00080;HBA-CT001-00081;HBA-CT001-00082;HBA-CT001-00083;HBA-CT001-00084;HBA-CT001-00085;HBA-CT001-00086;HBA-CT001-00087;HBA-CT001-00088;HBA-CT001-00089;HBA-CT001-00090;HBA-CT001-00091;HBA-CT001-00092;HBA-CT001-00093;HBA-CT001-00094;HBA-CT001-00095;HBA-CT001-00096;HBA-CT001-00097;HBA-CT001-00098;HBA-CT001-00099;HBA-CT001-00100;HBA-CT001-00101;HBA-CT001-00102;HBA-CT001-00103;HBA-CT001-00104;HBA-CT001-00105;HBA-CT001-00106;HBA-CT001-00107;HBA-CT001-00108;HBA-CT001-00109;HBA-CT001-00110;HBA-CT001-00111;HBA-CT001-00112;HBA-CT001-00113;HBA-CT001-00114;HBA-CT001-00115;HBA-CT001-00116;HBA-CT001-00117;HBA-CT001-00118;HBA-CT001-00119;HBA-CT001-00120;HBA-CT001-00121;HBA-CT001-00122;HBA-CT001-00123;HBA-CT001-00124;HBA-CT001-00125;HBA-CT001-00126;HBA-CT001-00127;HBA-CT001-00128;HBA-CT001-00129;HBA-CT001-00130;HBA-CT001-00131;HBA-CT001-00132;HBA-CT001-00133;HBA-CT001-00134;HBA-CT001-00135;HBA-CT001-00136;HBA-CT001-00137;HBA-CT001-00138;HBA-CT001-00139;HBA-CT001-00140;HBA-CT001-00141;HBA-CT001-00142;HBA-CT001-00143;HBA-CT001-00144;HBA-CT001-00145;HBA-CT001-00146;HBA-CT001-00147;HBA-CT001-00148;HBA-CT001-00149;HBA-CT001-00150;HBA-CT001-00151;HBA-CT001-00152;HBA-CT001-00153;HBA-CT001-00154;HBA-CT001-00155;HBA-CT001-00156;HBA-CT001-00157;HBA-CT001-00158;HBA-CT001-00159;HBA-CT001-00160;HBA-CT001-00161;HBA-CT001-00162;HBA-CT001-00163;HBA-CT001-00164;HBA-CT001-00165;HBA-CT001-00166;HBA-CT001-00167;HBA-CT001-00168;HBA-CT001-00169;HBA-CT001-00170;HBA-CT001-00171;HBA-CT001-00172;HBA-CT001-00173;HBA-CT001-00174;HBA-CT001-00175;HBA-CT001-00176;HBA-CT001-00177;HBA-CT001-00178;HBA-CT001-00179;HBA-CT001-00180;HBA-CT001-00181;HBA-CT001-00182;HBA-CT001-00183;HBA-CT001-00184;HBA-CT001-00185;HBA-CT001-00186;HBA-CT001-00187;HBA-CT001-00188;HBA-CT001-00189;HBA-CT001-00190;HBA-CT001-00191;HBA-CT001-00192;HBA-CT001-00193;HBA-CT001-00194;HBA-CT001-00195;HBA-CT001-00196;HBA-CT001-00197;HBA-CT001-00198;HBA-CT001-00199;HBA-CT001-00200;HBA-CT001-00201;HBA-CT001-00202;HBA-CT001-00203;HBA-CT001-00204;HBA-CT001-00205;HBA-CT001-00206;HBA-CT001-00207;HBA-CT001-00208;HBA-CT001-00209;HBA-CT001-00210;HBA-CT001-00211;HBA-CT001-00212;HBA-CT001-00213;HBA-CT001-00214;HBA-CT001-00215;HBA-CT001-00216;HBA-CT001-00217;HBA-CT001-00218;HBA-CT001-00219;HBA-CT001-00220;HBA-CT001-00221;HBA-CT001-00222;HBA-CT001-00223;HBA-CT001-00224;HBA-CT001-00225;HBA-CT001-00226;HBA-CT001-00227;HBA-CT001-00228;HBA-CT001-00229;HBA-CT001-00230;HBA-CT001-00231;HBA-CT001-00232;HBA-CT001-00233;HBA-CT001-00234;HBA-CT001-00235;HBA-CT001-00236;HBA-CT001-00237;HBA-CT001-00238;HBA-CT001-00239;HBA-CT001-00240;HBA-CT001-00241;HBA-CT001-00242;HBA-CT001-00243;HBA-CT001-00244;HBA-CT001-00245;HBA-CT001-00246;HBA-CT001-00247;HBA-CT001-00248;HBA-CT001-00249;HBA-CT001-00250;HBA-CT001-00251;HBA-CT001-00252;HBA-CT001-00253;HBA-CT001-00254;HBA-CT001-00255;HBA-CT001-00256;HBA-CT001-00257;HBA-CT001-00258;HBA-CT001-00259;HBA-CT001-00260;HBA-CT001-00261;HBA-CT001-00262;HBA-CT001-00263;HBA-CT001-00264;HBA-CT001-00265;HBA-CT001-00266;HBA-CT001-00267;HBA-CT001-00268;HBA-CT001-00269;HBA-CT001-00270;HBA-CT001-00271;HBA-CT001-00272;HBA-CT001-00273;HBA-CT001-00274;HBA-CT001-00275;HBA-CT001-00276;HBA-CT001-00277;HBA-CT001-00278;HBA-CT001-00279;HBA-CT001-00280;HBA-CT001-00281;HBA-CT001-00282;HBA-CT001-00283;HBA-CT001-00284;HBA-CT001-00285;HBA-CT001-00286;HBA-CT001-00287;HBA-CT001-00288;HBA-CT001-00289;HBA-CT001-00290;HBA-CT001-00291;HBA-CT001-00292;HBA-CT001-00293;HBA-CT001-00294;HBA-CT001-00295;HBA-CT001-00296;HBA-CT001-00297;HBA-CT001-00298;HBA-CT001-00299;HBA-CT001-00300;HBA-CT001-00301;HBA-CT001-00302;HBA-CT001-00303;HBA-CT001-00304;HBA-CT001-00305;HBA-CT001-00306;HBA-CT001-00307;HBA-CT001-00308;HBA-CT001-00309;HBA-CT001-00310;HBA-CT001-00311;HBA-CT001-00312;HBA-CT001-00313;HBA-CT001-00314;HBA-CT001-00315;HBA-CT001-00316;HBA-CT001-00317;HBA-CT001-00318;HBA-CT001-00319;HBA-CT001-00320;HBA-CT001-00321;HBA-CT001-00322;HBA-CT001-00323;HBA-CT001-00324;HBA-CT001-00325;HBA-CT001-00326;HBA-CT001-00327;HBA-CT001-00328;HBA-CT001-00329;HBA-CT001-00330;HBA-CT001-00331;HBA-CT001-00332;HBA-CT001-00333;HBA-CT001-00334;HBA-CT001-00335;HBA-CT001-00336;HBA-CT001-00337;HBA-CT001-00338;HBA-CT001-00339;HBA-CT001-00340;HBA-CT001-00341;HBA-CT001-00342;HBA-CT001-00343;HBA-CT001-00344;HBA-CT001-00345;HBA-CT001-00346;HBA-CT001-00347;HBA-CT001-00348;HBA-CT001-00349;HBA-CT001-00350;HBA-CT001-00351;HBA-CT001-00352;HBA-CT001-00353;HBA-CT001-00354;HBA-CT001-00355;HBA-CT001-00356;HBA-CT001-00357;HBA-CT001-00358;HBA-CT001-00359;HBA-CT001-00360;HBA-CT001-00361;HBA-CT001-00362;HBA-CT001-00363;HBA-CT001-00364;HBA-CT001-00365;HBA-CT001-00366;HBA-CT001-00367;HBA-CT001-00368;HBA-CT001-00369;HBA-CT001-00370;HBA-CT001-00371;HBA-CT001-00372;HBA-CT001-00373;HBA-CT001-00374;HBA-CT001-00375;HBA-CT001-00376;HBA-CT001-00377;HBA-CT001-00378;HBA-CT001-00379;HBA-CT001-00380;HBA-CT001-00381;HBA-CT001-00382;HBA-CT001-00383;HBA-CT001-00384;HBA-CT001-00385;HBA-CT001-00386;HBA-CT001-00387;HBA-CT001-00388;HBA-CT001-00389;HBA-CT001-00390;HBA-CT001-00391;HBA-CT001-00392;HBA-CT001-00393;HBA-CT001-00394;HBA-CT001-00395;HBA-CT001-00396;HBA-CT001-00397;HBA-CT001-00398;HBA-CT001-00399;HBA-CT001-00400;HBA-CT001-00401;HBA-CT001-00402;HBA-CT001-00403;HBA-CT001-00404;HBA-CT001-00405;HBA-CT001-00406;HBA-CT001-00407;HBA-CT001-00408;HBA-CT001-00409;HBA-CT001-00410;HBA-CT001-00411;HBA-CT001-00412;HBA-CT001-00413;HBA-CT001-00414;HBA-CT001-00415;HBA-CT001-00416;HBA-CT001-00417;HBA-CT001-00418;HBA-CT001-00419;HBA-CT001-00420;HBA-CT001-00421;HBA-CT001-00422;HBA-CT001-00423;HBA-CT001-00424;HBA-CT001-00425;HBA-CT001-00426;HBA-CT001-00427;HBA-CT001-00428;HBA-CT001-00429;HBA-CT001-00430;HBA-CT001-00431;HBA-CT001-00432;HBA-CT001-00433;HBA-CT001-00434;HBA-CT001-00435;HBA-CT001-00436;HBA-CT001-00437;HBA-CT001-00438;HBA-CT001-00439;HBA-CT001-00440;HBA-CT001-00441;HBA-CT001-00442;HBA-CT001-00443;HBA-CT001-00444;HBA-CT001-00445;HBA-CT001-00446;HBA-CT001-00447;HBA-CT001-00448;HBA-CT001-00449;HBA-CT001-00450;HBA-CT001-00451;HBA-CT001-00452;HBA-CT001-00453;HBA-CT001-00454;HBA-CT001-00455;HBA-CT001-00456;HBA-CT001-00457;HBA-CT001-00458;HBA-CT001-00459;HBA-CT001-00460;HBA-CT001-00461;HBA-CT001-00462;HBA-CT001-00463;HBA-CT001-00464;HBA-CT001-00465;HBA-CT001-00466;HBA-CT001-00467;HBA-CT001-00468;HBA-CT001-00469;HBA-CT001-00470;HBA-CT001-00471;HBA-CT001-00472;HBA-CT001-00473;HBA-CT001-00474;HBA-CT001-00475;HBA-CT001-00476;HBA-CT001-00477;HBA-CT001-00478;HBA-CT001-00479;HBA-CT001-00480;HBA-CT001-00481;HBA-CT001-00482;HBA-CT001-00483;HBA-CT001-00484;HBA-CT001-00485;HBA-CT001-00486;HBA-CT001-00487;HBA-CT001-00488;HBA-CT001-00489;HBA-CT001-00490;HBA-CT001-00491;HBA-CT001-00492;HBA-CT001-00493;HBA-CT001-00494;HBA-CT001-00495;HBA-CT001-00496;HBA-CT001-00497;HBA-CT001-00498;HBA-CT001-00499;HBA-CT001-00500;HBA-CT001-00501;HBA-CT001-00502;HBA-CT001-00503;HBA-CT001-00504;HBA-CT001-00505;HBA-CT001-00506;HBA-CT001-00507;HBA-CT001-00508;HBA-CT001-00509;HBA-CT001-00510;HBA-CT001-00511;HBA-CT001-00512;HBA-CT001-00513;HBA-CT001-00514;HBA-CT001-00515;HBA-CT001-00516;HBA-CT001-00517;HBA-CT001-00518;HBA-CT001-00519;HBA-CT001-00520;HBA-CT001-00521;HBA-CT001-00522;HBA-CT001-00523;HBA-CT001-00524;HBA-CT001-00525;HBA-CT001-00526;HBA-CT001-00527;HBA-CT001-00528;HBA-CT001-00529;HBA-CT001-00530;HBA-CT001-00531;HBA-CT001-00532;HBA-CT001-00533;HBA-CT001-00534;HBA-CT001-00535;HBA-CT001-00536;HBA-CT001-00537;HBA-CT001-00538;HBA-CT001-00539;HBA-CT001-00540;HBA-CT001-00541;HBA-CT001-00542;HBA-CT001-00543;HBA-CT001-00544;HBA-CT001-00545;HBA-CT001-00546;HBA-CT001-00547;HBA-CT001-00548;HBA-CT001-00549;HBA-CT001-00550;HBA-CT001-00551;HBA-CT001-00552;HBA-CT001-00553;HBA-CT001-00554;HBA-CT001-00555;HBA-CT001-00556;HBA-CT001-00557;HBA-CT001-00558;HBA-CT001-00559;HBA-CT001-00560;HBA-CT001-00561;HBA-CT001-00562;HBA-CT001-00563;HBA-CT001-00564;HBA-CT001-00565;HBA-CT001-00566;HBA-CT001-00567;HBA-CT001-00568;HBA-CT001-00569;HBA-CT001-00570;HBA-CT001-00571;HBA-CT001-00572;HBA-CT001-00573;HBA-CT001-00574;HBA-CT001-00575;HBA-CT001-00576;HBA-CT001-00577;HBA-CT001-00578;HBA-CT001-00579;HBA-CT001-00580;HBA-CT001-00581;HBA-CT001-00582;HBA-CT001-00583;HBA-CT001-00584;HBA-CT001-00585;HBA-CT001-00586;HBA-CT001-00587;HBA-CT001-00588;HBA-CT001-00589;HBA-CT001-00590;HBA-CT001-00591;HBA-CT001-00592;HBA-CT001-00593;HBA-CT001-00594;HBA-CT001-00595;HBA-CT001-00596;HBA-CT001-00597;HBA-CT001-00598;HBA-CT001-00599;HBA-CT001-00600;HBA-CT001-00601;HBA-CT001-00602;HBA-CT001-00603;HBA-CT001-00604;HBA-CT001-00605;HBA-CT001-00606;HBA-CT001-00607;HBA-CT001-00608;HBA-CT001-00609;HBA-CT001-00610;HBA-CT001-00611;HBA-CT001-00612;HBA-CT001-00613;HBA-CT001-00614;HBA-CT001-00615;HBA-CT001-00616;HBA-CT001-00617;HBA-CT001-00618;HBA-CT001-00619;HBA-CT001-00620;HBA-CT001-00621;HBA-CT001-00622;HBA-CT001-00623;HBA-CT001-00624;HBA-CT001-00625;HBA-CT001-00626;HBA-CT001-00627;HBA-CT001-00628;HBA-CT001-00629;HBA-CT001-00630;HBA-CT001-00631;HBA-CT001-00632;HBA-CT001-00633;HBA-CT001-00634;HBA-CT001-00635;HBA-CT001-00636;HBA-CT001-00637;HBA-CT001-00638;HBA-CT001-00639;HBA-CT001-00640;HBA-CT001-00641;HBA-CT001-00642;HBA-CT001-00643;HBA-CT001-00644;HBA-CT001-00645;HBA-CT001-00646;HBA-CT001-00647;HBA-CT001-00648;HBA-CT001-00649;HBA-CT001-00650;HBA-CT001-00651;HBA-CT001-00652;HBA-CT001-00653;HBA-CT001-00654;HBA-CT001-00655;HBA-CT001-00656;HBA-CT001-00657;HBA-CT001-00658;HBA-CT001-00659;HBA-CT001-00660;HBA-CT001-00661;HBA-CT001-00662;HBA-CT001-00663;HBA-CT001-00664;HBA-CT001-00665;HBA-CT001-00666;HBA-CT001-00667;HBA-CT001-00668;HBA-CT001-00669;HBA-CT001-00670;HBA-CT001-00671;HBA-CT001-00672;HBA-CT001-00673;HBA-CT001-00674;HBA-CT001-00675;HBA-CT001-00676;HBA-CT001-00677;HBA-CT001-00678;HBA-CT001-00679;HBA-CT001-00680;HBA-CT001-00681;HBA-CT001-00682;HBA-CT001-00683;HBA-CT001-00684;HBA-CT001-00685;HBA-CT001-00686;HBA-CT001-00687;HBA-CT001-00688;HBA-CT001-00689;HBA-CT001-00690;HBA-CT001-00691;HBA-CT001-00692;HBA-CT001-00693;HBA-CT001-00694;HBA-CT001-00695;HBA-CT001-00696;HBA-CT001-00697;HBA-CT001-00698;HBA-CT001-00699;HBA-CT001-00700;HBA-CT001-00701;HBA-CT001-00702;HBA-CT001-00703;HBA-CT001-00704;HBA-CT001-00705;HBA-CT001-00706;HBA-CT001-00707;HBA-CT001-00708;HBA-CT001-00709;HBA-CT001-00710;HBA-CT001-00711;HBA-CT001-00712;HBA-CT001-00713;HBA-CT001-00714;HBA-CT001-00715;HBA-CT001-00716;HBA-CT001-00717;HBA-CT001-00718;HBA-CT001-00719;HBA-CT001-00720;HBA-CT001-00721;HBA-CT001-00722;HBA-CT001-00723;HBA-CT001-00724;HBA-CT001-00725;HBA-CT001-00726;HBA-CT001-00727;HBA-CT001-00728;HBA-CT001-00729;HBA-CT001-00730;HBA-CT001-00731;HBA-CT001-00732;HBA-CT001-00733;HBA-CT001-00734;HBA-CT001-00735;HBA-CT001-00736;HBA-CT001-00737;HBA-CT001-00738;HBA-CT001-00739;HBA-CT001-00740;HBA-CT001-00741;HBA-CT001-00742;HBA-CT001-00743;HBA-CT001-00744;HBA-CT001-00745;HBA-CT001-00746;HBA-CT001-00747;HBA-CT001-00748;HBA-CT001-00749;HBA-CT001-00750;HBA-CT001-00751;HBA-CT001-00752;HBA-CT001-00753;HBA-CT001-00754;HBA-CT001-00755;HBA-CT001-00756;HBA-CT001-00757;HBA-CT001-00758;HBA-CT001-00759;HBA-CT001-00760;HBA-CT001-00761;HBA-CT001-00762;HBA-CT001-00763;HBA-CT001-00764;HBA-CT001-00765;HBA-CT001-00766;HBA-CT001-00767;HBA-CT001-00768;HBA-CT001-00769;HBA-CT001-00770;HBA-CT001-00771;HBA-CT001-00772;HBA-CT001-00773;HBA-CT001-00774;HBA-CT001-00775;HBA-CT001-00776;HBA-CT001-00777;HBA-CT001-00778;HBA-CT001-00779;HBA-CT001-00780;HBA-CT001-00781;HBA-CT001-00782;HBA-CT001-00783;HBA-CT001-00784;HBA-CT001-00785;HBA-CT001-00786;HBA-CT001-00787;HBA-CT001-00788;HBA-CT001-00789;HBA-CT001-00790;HBA-CT001-00791;HBA-CT001-00792;HBA-CT001-00793;HBA-CT001-00794;HBA-CT001-00795;HBA-CT001-00796;HBA-CT001-00797;HBA-CT001-00798;HBA-CT001-00799;HBA-CT001-00800;HBA-CT001-00801;HBA-CT001-00802;HBA-CT001-00803;HBA-CT001-00804;HBA-CT001-00805;HBA-CT001-00806;HBA-CT001-00807;HBA-CT001-00808;HBA-CT001-00809;HBA-CT001-00810;HBA-CT001-00811;HBA-CT001-00812;HBA-CT001-00813;HBA-CT001-00814;HBA-CT001-00815;HBA-CT001-00816;HBA-CT001-00817;HBA-CT001-00818;HBA-CT001-00819;HBA-CT001-00820;HBA-CT001-00821;HBA-CT001-00822;HBA-CT001-00823;HBA-CT001-00824;HBA-CT001-00825;HBA-CT001-00826;HBA-CT001-00827;HBA-CT001-00828;HBA-CT001-00829;HBA-CT001-00830;HBA-CT001-00831;HBA-CT001-00832;HBA-CT001-00833;HBA-CT001-00834;HBA-CT001-00835;HBA-CT001-00836;HBA-CT001-00837;HBA-CT001-00838;HBA-CT001-00839;HBA-CT001-00840;HBA-CT001-00841;HBA-CT001-00842;HBA-CT001-00843;HBA-CT001-00844;HBA-CT001-00845;HBA-CT001-00846;HBA-CT001-00847;HBA-CT001-00848;HBA-CT001-00849;HBA-CT001-00850;HBA-CT001-00851;HBA-CT001-00852;HBA-CT001-00853;HBA-CT001-00854;HBA-CT001-00855;HBA-CT001-00856;HBA-CT001-00857;HBA-CT001-00858;HBA-CT001-00859;HBA-CT001-00860;HBA-CT001-00861;HBA-CT001-00862;HBA-CT001-00863;HBA-CT001-00864;HBA-CT001-00865;HBA-CT001-00866;HBA-CT001-00867;HBA-CT001-00868;HBA-CT001-00869;HBA-CT001-00870;HBA-CT001-00871;HBA-CT001-00872;HBA-CT001-00873;HBA-CT001-00874;HBA-CT001-00875;HBA-CT001-00876;HBA-CT001-00877;HBA-CT001-00878;HBA-CT001-00879;HBA-CT001-00880;HBA-CT001-00881;HBA-CT001-00882;HBA-CT001-00883,814,,SRC-CODE-TESTS/tests,ACCEPTED_GATE4,
SUB-28-01-03_tests-security,Source directory tests/security,KTY-28-01_Test-Suite-Source,CAT-028,Source directory tests/security,HBA-CT001-00020;HBA-CT001-00021;HBA-CT001-00022;HBA-CT001-00023;HBA-CT001-00024;HBA-CT001-00025;HBA-CT001-00026;HBA-CT001-00027;HBA-CT001-00028;HBA-CT001-00029;HBA-CT001-00030;HBA-CT001-00031;HBA-CT001-00032;HBA-CT001-00033;HBA-CT001-00034;HBA-CT001-00035;HBA-CT001-00036;HBA-CT001-00037;HBA-CT001-00038;HBA-CT001-00039;HBA-CT001-00040;HBA-CT001-00041;HBA-CT001-00042;HBA-CT001-00043;HBA-CT001-00044;HBA-CT001-00045;HBA-CT001-00046;HBA-CT001-00047;HBA-CT001-00048;HBA-CT001-00049;HBA-CT001-00050;HBA-CT001-00051;HBA-CT001-00052;HBA-CT001-00053;HBA-CT001-00054;HBA-CT001-00055;HBA-CT001-00056;HBA-CT001-00057;HBA-CT001-00058;HBA-CT001-00059;HBA-CT001-00060;HBA-CT001-00061;HBA-CT001-00062;HBA-CT001-00063;HBA-CT001-00064;HBA-CT001-00065;HBA-CT001-00066;HBA-CT001-00067;HBA-CT001-00068;HBA-CT001-00069;HBA-CT001-00070;HBA-CT001-00071;HBA-CT001-00072;HBA-CT001-00073;HBA-CT001-00074;HBA-CT001-00075,56,,SRC-CODE-TESTS/tests/security,ACCEPTED_GATE4,
SUB-29-01-01_tools,Source directory tools,KTY-29-01_Developer-Tooling-Source,CAT-029,Source directory tools,HBA-CL001-00001;HBA-CL001-00002;HBA-CL001-00003;HBA-CL001-00004;HBA-CL001-00005;HBA-CL001-00006;HBA-CL001-00007;HBA-CL001-00008;HBA-CL001-00009;HBA-CL001-00010,10,,SRC-CODE-TOOLS/tools,ACCEPTED_GATE4,
SUB-29-01-02_tools-coordination,Source directory tools/coordination,KTY-29-01_Developer-Tooling-Source,CAT-029,Source directory tools/coordination,HBA-CL001-00011;HBA-CL001-00012;HBA-CL001-00013;HBA-CL001-00014;HBA-CL001-00015;HBA-CL001-00016;HBA-CL001-00017;HBA-CL001-00018;HBA-CL001-00019;HBA-CL001-00020;HBA-CL001-00021;HBA-CL001-00022;HBA-CL001-00023;HBA-CL001-00024;HBA-CL001-00025;HBA-CL001-00026;HBA-CL001-00027;HBA-CL001-00028;HBA-CL001-00029;HBA-CL001-00030;HBA-CL001-00031;HBA-CL001-00032;HBA-CL001-00033;HBA-CL001-00034;HBA-CL001-00035;HBA-CL001-00036;HBA-CL001-00037;HBA-CL001-00038;HBA-CL001-00039;HBA-CL001-00040;HBA-CL001-00041;HBA-CL001-00042;HBA-CL001-00043;HBA-CL001-00044;HBA-CL001-00045;HBA-CL001-00046;HBA-CL001-00047;HBA-CL001-00048;HBA-CL001-00049;HBA-CL001-00050;HBA-CL001-00051;HBA-CL001-00052;HBA-CL001-00053;HBA-CL001-00054;HBA-CL001-00055;HBA-CL001-00056;HBA-CL001-00057;HBA-CL001-00058;HBA-CL001-00059;HBA-CL001-00060;HBA-CL001-00061;HBA-CL001-00062;HBA-CL001-00063;HBA-CL001-00064;HBA-CL001-00065;HBA-CL001-00066;HBA-CL001-00067;HBA-CL001-00068;HBA-CL001-00069;HBA-CL001-00070;HBA-CL001-00071;HBA-CL001-00072;HBA-CL001-00073;HBA-CL001-00074;HBA-CL001-00075;HBA-CL001-00076;HBA-CL001-00077;HBA-CL001-00078;HBA-CL001-00079;HBA-CL001-00080;HBA-CL001-00081;HBA-CL001-00082;HBA-CL001-00083,73,,SRC-CODE-TOOLS/tools/coordination,ACCEPTED_GATE4,
SUB-29-01-03_tools-release,Source directory tools/release,KTY-29-01_Developer-Tooling-Source,CAT-029,Source directory tools/release,HBA-CL001-00084;HBA-CL001-00085;HBA-CL001-00086;HBA-CL001-00087;HBA-CL001-00088;HBA-CL001-00089;HBA-CL001-00090;HBA-CL001-00091;HBA-CL001-00092;HBA-CL001-00093;HBA-CL001-00094;HBA-CL001-00095;HBA-CL001-00096;HBA-CL001-00097;HBA-CL001-00098;HBA-CL001-00099;HBA-CL001-00100;HBA-CL001-00101;HBA-CL001-00102;HBA-CL001-00103;HBA-CL001-00104;HBA-CL001-00105;HBA-CL001-00106;HBA-CL001-00107;HBA-CL001-00108;HBA-CL001-00109;HBA-CL001-00110;HBA-CL001-00111;HBA-CL001-00112;HBA-CL001-00113;HBA-CL001-00114;HBA-CL001-00115;HBA-CL001-00116;HBA-CL001-00117;HBA-CL001-00118;HBA-CL001-00119,36,,SRC-CODE-TOOLS/tools/release,ACCEPTED_GATE4,
SUB-29-01-04_tools-validation,Source directory tools/validation,KTY-29-01_Developer-Tooling-Source,CAT-029,Source directory tools/validation,HBA-CL001-00120;HBA-CL001-00121;HBA-CL001-00122;HBA-CL001-00123;HBA-CL001-00124;HBA-CL001-00125;HBA-CL001-00126;HBA-CL001-00127;HBA-CL001-00128;HBA-CL001-00129;HBA-CL001-00130;HBA-CL001-00131;HBA-CL001-00132;HBA-CL001-00133,14,,SRC-CODE-TOOLS/tools/validation,ACCEPTED_GATE4,
SUB-30-01-01_validation-benchmarks-mechanics,Source directory validation/benchmarks/mechanics,KTY-30-01_Validation-Implementation-Source,CAT-030,Source directory validation/benchmarks/mechanics,HBA-CV001-00001;HBA-CV001-00002;HBA-CV001-00003;HBA-CV001-00004;HBA-CV001-00005;HBA-CV001-00006;HBA-CV001-00007;HBA-CV001-00008;HBA-CV001-00009;HBA-CV001-00010;HBA-CV001-00011;HBA-CV001-00012;HBA-CV001-00013;HBA-CV001-00014;HBA-CV001-00015;HBA-CV001-00016;HBA-CV001-00017;HBA-CV001-00018;HBA-CV001-00021;HBA-CV001-00022;HBA-CV001-00023;HBA-CV001-00025;HBA-CV001-00026;HBA-CV001-00027;HBA-CV001-00028;HBA-CV001-00029;HBA-CV001-00030;HBA-CV001-00031;HBA-CV001-00032;HBA-CV001-00033;HBA-CV001-00034;HBA-CV001-00035;HBA-CV001-00036;HBA-CV001-00037;HBA-CV001-00038;HBA-CV001-00039,36,,SRC-CODE-VALIDATION/validation/benchmarks/mechanics,ACCEPTED_GATE4,
SUB-30-01-02_validation-benchmarks-mechanics-src,Source directory validation/benchmarks/mechanics/src,KTY-30-01_Validation-Implementation-Source,CAT-030,Source directory validation/benchmarks/mechanics/src,HBA-CV001-00041;HBA-CV001-00042;HBA-CV001-00043;HBA-CV001-00044;HBA-CV001-00045;HBA-CV001-00046;HBA-CV001-00047;HBA-CV001-00048;HBA-CV001-00049;HBA-CV001-00050;HBA-CV001-00051;HBA-CV001-00052;HBA-CV001-00053;HBA-CV001-00054;HBA-CV001-00055;HBA-CV001-00056;HBA-CV001-00057;HBA-CV001-00058;HBA-CV001-00059;HBA-CV001-00060;HBA-CV001-00061;HBA-CV001-00062;HBA-CV001-00063;HBA-CV001-00064;HBA-CV001-00065;HBA-CV001-00066;HBA-CV001-00067;HBA-CV001-00068;HBA-CV001-00069;HBA-CV001-00070;HBA-CV001-00071;HBA-CV001-00072;HBA-CV001-00073;HBA-CV001-00074;HBA-CV001-00075;HBA-CV001-00076;HBA-CV001-00077;HBA-CV001-00078;HBA-CV001-00079;HBA-CV001-00080;HBA-CV001-00081;HBA-CV001-00082;HBA-CV001-00083;HBA-CV001-00084;HBA-CV001-00085;HBA-CV001-00086;HBA-CV001-00087;HBA-CV001-00088;HBA-CV001-00089;HBA-CV001-00090;HBA-CV001-00091;HBA-CV001-00092;HBA-CV001-00093;HBA-CV001-00094;HBA-CV001-00095;HBA-CV001-00096;HBA-CV001-00097;HBA-CV001-00098;HBA-CV001-00099;HBA-CV001-00100;HBA-CV001-00101;HBA-CV001-00102;HBA-CV001-00103;HBA-CV001-00104;HBA-CV001-00105;HBA-CV001-00106;HBA-CV001-00107;HBA-CV001-00108;HBA-CV001-00109;HBA-CV001-00110;HBA-CV001-00111;HBA-CV001-00112;HBA-CV001-00113;HBA-CV001-00114;HBA-CV001-00115;HBA-CV001-00116;HBA-CV001-00117;HBA-CV001-00118;HBA-CV001-00119;HBA-CV001-00120;HBA-CV001-00121;HBA-CV001-00122;HBA-CV001-00123;HBA-CV001-00124;HBA-CV001-00125;HBA-CV001-00126;HBA-CV001-00127;HBA-CV001-00128;HBA-CV001-00129;HBA-CV001-00130;HBA-CV001-00131;HBA-CV001-00132;HBA-CV001-00133;HBA-CV001-00134;HBA-CV001-00135;HBA-CV001-00136;HBA-CV001-00137;HBA-CV001-00138;HBA-CV001-00139;HBA-CV001-00140;HBA-CV001-00141;HBA-CV001-00142;HBA-CV001-00143;HBA-CV001-00144;HBA-CV001-00145;HBA-CV001-00146;HBA-CV001-00147;HBA-CV001-00148;HBA-CV001-00149;HBA-CV001-00150;HBA-CV001-00151;HBA-CV001-00152,112,,SRC-CODE-VALIDATION/validation/benchmarks/mechanics/src,ACCEPTED_GATE4,
SUB-30-01-03_validation-benchmarks-nonlinear,Source directory validation/benchmarks/nonlinear,KTY-30-01_Validation-Implementation-Source,CAT-030,Source directory validation/benchmarks/nonlinear,HBA-CV001-00153;HBA-CV001-00154;HBA-CV001-00155;HBA-CV001-00156;HBA-CV001-00157;HBA-CV001-00158,6,,SRC-CODE-VALIDATION/validation/benchmarks/nonlinear,ACCEPTED_GATE4,
SUB-30-01-04_validation-benchmarks-nonlinear-src,Source directory validation/benchmarks/nonlinear/src,KTY-30-01_Validation-Implementation-Source,CAT-030,Source directory validation/benchmarks/nonlinear/src,HBA-CV001-00159;HBA-CV001-00160;HBA-CV001-00161;HBA-CV001-00162;HBA-CV001-00163;HBA-CV001-00164;HBA-CV001-00165;HBA-CV001-00166;HBA-CV001-00167;HBA-CV001-00168;HBA-CV001-00169;HBA-CV001-00170;HBA-CV001-00171;HBA-CV001-00172;HBA-CV001-00173;HBA-CV001-00174;HBA-CV001-00175;HBA-CV001-00176;HBA-CV001-00177;HBA-CV001-00178;HBA-CV001-00179;HBA-CV001-00180;HBA-CV001-00181;HBA-CV001-00182;HBA-CV001-00183;HBA-CV001-00184;HBA-CV001-00185;HBA-CV001-00186;HBA-CV001-00187;HBA-CV001-00188;HBA-CV001-00189;HBA-CV001-00190;HBA-CV001-00191;HBA-CV001-00192;HBA-CV001-00193;HBA-CV001-00194,36,,SRC-CODE-VALIDATION/validation/benchmarks/nonlinear/src,ACCEPTED_GATE4,
SUB-30-01-05_validation-benchmarks-stress,Source directory validation/benchmarks/stress,KTY-30-01_Validation-Implementation-Source,CAT-030,Source directory validation/benchmarks/stress,HBA-CV001-00195;HBA-CV001-00196;HBA-CV001-00197;HBA-CV001-00198;HBA-CV001-00199;HBA-CV001-00200;HBA-CV001-00201;HBA-CV001-00202;HBA-CV001-00203,9,,SRC-CODE-VALIDATION/validation/benchmarks/stress,ACCEPTED_GATE4,
SUB-30-01-06_validation-benchmarks-stress-src,Source directory validation/benchmarks/stress/src,KTY-30-01_Validation-Implementation-Source,CAT-030,Source directory validation/benchmarks/stress/src,HBA-CV001-00204;HBA-CV001-00205;HBA-CV001-00206;HBA-CV001-00207;HBA-CV001-00208;HBA-CV001-00209;HBA-CV001-00210;HBA-CV001-00211;HBA-CV001-00212;HBA-CV001-00213;HBA-CV001-00214;HBA-CV001-00215;HBA-CV001-00216;HBA-CV001-00217;HBA-CV001-00218;HBA-CV001-00219;HBA-CV001-00220;HBA-CV001-00221;HBA-CV001-00222;HBA-CV001-00223;HBA-CV001-00224;HBA-CV001-00225;HBA-CV001-00226;HBA-CV001-00227;HBA-CV001-00228;HBA-CV001-00229;HBA-CV001-00230;HBA-CV001-00231;HBA-CV001-00232;HBA-CV001-00233;HBA-CV001-00234;HBA-CV001-00235;HBA-CV001-00236;HBA-CV001-00237;HBA-CV001-00238;HBA-CV001-00239;HBA-CV001-00240;HBA-CV001-00241;HBA-CV001-00242;HBA-CV001-00243;HBA-CV001-00244;HBA-CV001-00245;HBA-CV001-00246;HBA-CV001-00247;HBA-CV001-00248;HBA-CV001-00249;HBA-CV001-00250;HBA-CV001-00251;HBA-CV001-00252;HBA-CV001-00253;HBA-CV001-00254;HBA-CV001-00255;HBA-CV001-00256;HBA-CV001-00257;HBA-CV001-00258;HBA-CV001-00259;HBA-CV001-00260;HBA-CV001-00261,58,,SRC-CODE-VALIDATION/validation/benchmarks/stress/src,ACCEPTED_GATE4,
SUB-30-01-07_validation-hand-calcs-mechanics,Source directory validation/hand_calcs/mechanics,KTY-30-01_Validation-Implementation-Source,CAT-030,Source directory validation/hand_calcs/mechanics,HBA-CV001-00262;HBA-CV001-00263;HBA-CV001-00264;HBA-CV001-00265;HBA-CV001-00266;HBA-CV001-00267;HBA-CV001-00268;HBA-CV001-00269;HBA-CV001-00270;HBA-CV001-00271;HBA-CV001-00272;HBA-CV001-00273;HBA-CV001-00274;HBA-CV001-00275;HBA-CV001-00276;HBA-CV001-00277;HBA-CV001-00278;HBA-CV001-00279;HBA-CV001-00280;HBA-CV001-00281;HBA-CV001-00282;HBA-CV001-00283;HBA-CV001-00284;HBA-CV001-00285;HBA-CV001-00286;HBA-CV001-00287;HBA-CV001-00288;HBA-CV001-00289;HBA-CV001-00290;HBA-CV001-00291;HBA-CV001-00292;HBA-CV001-00293;HBA-CV001-00294;HBA-CV001-00295;HBA-CV001-00296;HBA-CV001-00297;HBA-CV001-00298;HBA-CV001-00299;HBA-CV001-00300;HBA-CV001-00301;HBA-CV001-00302;HBA-CV001-00303;HBA-CV001-00304;HBA-CV001-00305;HBA-CV001-00306;HBA-CV001-00307;HBA-CV001-00308;HBA-CV001-00309;HBA-CV001-00310;HBA-CV001-00311;HBA-CV001-00312;HBA-CV001-00313;HBA-CV001-00314;HBA-CV001-00315;HBA-CV001-00316;HBA-CV001-00317;HBA-CV001-00318;HBA-CV001-00319;HBA-CV001-00320;HBA-CV001-00321;HBA-CV001-00322;HBA-CV001-00323;HBA-CV001-00324;HBA-CV001-00325;HBA-CV001-00326;HBA-CV001-00327;HBA-CV001-00328;HBA-CV001-00329;HBA-CV001-00330;HBA-CV001-00331;HBA-CV001-00332;HBA-CV001-00333;HBA-CV001-00334;HBA-CV001-00335;HBA-CV001-00336;HBA-CV001-00337;HBA-CV001-00338;HBA-CV001-00339;HBA-CV001-00340;HBA-CV001-00341;HBA-CV001-00342;HBA-CV001-00343;HBA-CV001-00344;HBA-CV001-00345;HBA-CV001-00346;HBA-CV001-00347;HBA-CV001-00348;HBA-CV001-00349;HBA-CV001-00350;HBA-CV001-00351;HBA-CV001-00352;HBA-CV001-00353;HBA-CV001-00354;HBA-CV001-00355;HBA-CV001-00356;HBA-CV001-00357;HBA-CV001-00358;HBA-CV001-00359;HBA-CV001-00360;HBA-CV001-00361;HBA-CV001-00362;HBA-CV001-00363;HBA-CV001-00364;HBA-CV001-00365;HBA-CV001-00366;HBA-CV001-00367;HBA-CV001-00368;HBA-CV001-00369;HBA-CV001-00370;HBA-CV001-00371;HBA-CV001-00372;HBA-CV001-00373;HBA-CV001-00374;HBA-CV001-00375;HBA-CV001-00376;HBA-CV001-00377;HBA-CV001-00378;HBA-CV001-00379;HBA-CV001-00380;HBA-CV001-00381;HBA-CV001-00382;HBA-CV001-00383;HBA-CV001-00384;HBA-CV001-00385;HBA-CV001-00386;HBA-CV001-00387;HBA-CV001-00388;HBA-CV001-00389;HBA-CV001-00390;HBA-CV001-00391;HBA-CV001-00392;HBA-CV001-00393;HBA-CV001-00394,133,,SRC-CODE-VALIDATION/validation/hand_calcs/mechanics,ACCEPTED_GATE4,
SUB-30-01-08_validation-hand-calcs-nonlinear,Source directory validation/hand_calcs/nonlinear,KTY-30-01_Validation-Implementation-Source,CAT-030,Source directory validation/hand_calcs/nonlinear,HBA-CV001-00395;HBA-CV001-00396;HBA-CV001-00397;HBA-CV001-00398;HBA-CV001-00399;HBA-CV001-00400;HBA-CV001-00401;HBA-CV001-00402;HBA-CV001-00403;HBA-CV001-00404;HBA-CV001-00405;HBA-CV001-00406;HBA-CV001-00407;HBA-CV001-00408;HBA-CV001-00409;HBA-CV001-00410;HBA-CV001-00411;HBA-CV001-00412;HBA-CV001-00413,19,,SRC-CODE-VALIDATION/validation/hand_calcs/nonlinear,ACCEPTED_GATE4,
SUB-30-01-09_validation-hand-calcs-stress,Source directory validation/hand_calcs/stress,KTY-30-01_Validation-Implementation-Source,CAT-030,Source directory validation/hand_calcs/stress,HBA-CV001-00414;HBA-CV001-00415;HBA-CV001-00416;HBA-CV001-00417;HBA-CV001-00418;HBA-CV001-00419;HBA-CV001-00420;HBA-CV001-00421;HBA-CV001-00422;HBA-CV001-00423;HBA-CV001-00424;HBA-CV001-00432;HBA-CV001-00433;HBA-CV001-00434;HBA-CV001-00435;HBA-CV001-00436;HBA-CV001-00437;HBA-CV001-00438;HBA-CV001-00439;HBA-CV001-00440;HBA-CV001-00441;HBA-CV001-00442;HBA-CV001-00443;HBA-CV001-00444;HBA-CV001-00445;HBA-CV001-00446;HBA-CV001-00447;HBA-CV001-00448;HBA-CV001-00449;HBA-CV001-00450;HBA-CV001-00451;HBA-CV001-00452;HBA-CV001-00453;HBA-CV001-00454;HBA-CV001-00455;HBA-CV001-00456;HBA-CV001-00457;HBA-CV001-00458;HBA-CV001-00459;HBA-CV001-00460;HBA-CV001-00461;HBA-CV001-00462;HBA-CV001-00463;HBA-CV001-00464;HBA-CV001-00465;HBA-CV001-00466;HBA-CV001-00467;HBA-CV001-00468;HBA-CV001-00469;HBA-CV001-00470;HBA-CV001-00471;HBA-CV001-00472;HBA-CV001-00473;HBA-CV001-00474;HBA-CV001-00475;HBA-CV001-00476;HBA-CV001-00477;HBA-CV001-00478;HBA-CV001-00479;HBA-CV001-00480;HBA-CV001-00481;HBA-CV001-00482;HBA-CV001-00483;HBA-CV001-00484;HBA-CV001-00485;HBA-CV001-00486;HBA-CV001-00487;HBA-CV001-00488;HBA-CV001-00489;HBA-CV001-00490;HBA-CV001-00491;HBA-CV001-00492;HBA-CV001-00493;HBA-CV001-00494;HBA-CV001-00495;HBA-CV001-00496;HBA-CV001-00497;HBA-CV001-00498,78,,SRC-CODE-VALIDATION/validation/hand_calcs/stress,ACCEPTED_GATE4,
SUB-30-01-10_validation-hand-calcs-stress-generated,Source directory validation/hand_calcs/stress/generated,KTY-30-01_Validation-Implementation-Source,CAT-030,Source directory validation/hand_calcs/stress/generated,HBA-CV001-00425;HBA-CV001-00426;HBA-CV001-00427;HBA-CV001-00428;HBA-CV001-00429;HBA-CV001-00430;HBA-CV001-00431,7,,SRC-CODE-VALIDATION/validation/hand_calcs/stress/generated,ACCEPTED_GATE4,
SUB-30-01-11_validation-witness,Source directory validation/witness,KTY-30-01_Validation-Implementation-Source,CAT-030,Source directory validation/witness,HBA-CV001-00499;HBA-CV001-00500;HBA-CV001-00501,3,,SRC-CODE-VALIDATION/validation/witness,ACCEPTED_GATE4,
SUB-30-01-12_validation-witness-tools,Source directory validation/witness/tools,KTY-30-01_Validation-Implementation-Source,CAT-030,Source directory validation/witness/tools,HBA-CV001-00502;HBA-CV001-00503;HBA-CV001-00504;HBA-CV001-00505;HBA-CV001-00506;HBA-CV001-00507;HBA-CV001-00508;HBA-CV001-00509;HBA-CV001-00510;HBA-CV001-00511;HBA-CV001-00512;HBA-CV001-00513;HBA-CV001-00514;HBA-CV001-00515;HBA-CV001-00516;HBA-CV001-00517;HBA-CV001-00518;HBA-CV001-00519;HBA-CV001-00520;HBA-CV001-00521;HBA-CV001-00522;HBA-CV001-00523;HBA-CV001-00524;HBA-CV001-00525;HBA-CV001-00526;HBA-CV001-00527;HBA-CV001-00528;HBA-CV001-00529;HBA-CV001-00530;HBA-CV001-00531;HBA-CV001-00532;HBA-CV001-00533;HBA-CV001-00534;HBA-CV001-00535;HBA-CV001-00536;HBA-CV001-00537;HBA-CV001-00538;HBA-CV001-00539;HBA-CV001-00540;HBA-CV001-00541;HBA-CV001-00542;HBA-CV001-00543;HBA-CV001-00544;HBA-CV001-00545;HBA-CV001-00546;HBA-CV001-00547;HBA-CV001-00548;HBA-CV001-00549;HBA-CV001-00550;HBA-CV001-00551;HBA-CV001-00552;HBA-CV001-00553;HBA-CV001-00554;HBA-CV001-00555;HBA-CV001-00556;HBA-CV001-00557;HBA-CV001-00558;HBA-CV001-00559;HBA-CV001-00560;HBA-CV001-00561;HBA-CV001-00562;HBA-CV001-00563;HBA-CV001-00564,63,,SRC-CODE-VALIDATION/validation/witness/tools,ACCEPTED_GATE4,
