CapabilityID,Answer,ClaimKey,Reason
RC-00-0001,NOT_MINE,,"Not mine: 'Derives which solver results, user values and library values a rule pack needs, classifies solver-result...' is behaviour of the desktop frontend service ruleCheckService.ts, outside this member's claims and cited paths. DEL-00-01 is the ADR baseline (decision structure only) and owns no implementation."
RC-00-0002,COVERS,DEL-00-01:AB#realized-artifacts,ADR-0001 (accepted; DEC-020) on this member's ADR surface records the decision that the wasm operation engine is the sole browser-mode engine with no fallback; this loader implements it. Record relation only; the operation-seam packages own the code.
RC-00-0003,NOT_MINE,,"Not mine: 'Provides independent hit oracles that predict which entity a canvas point or box gesture should select,...' is behaviour of the desktop browser-test suite, outside this member's claims and cited paths. DEL-00-01 is the ADR baseline (decision structure only) and owns no implementation."
RC-00-0004,NOT_MINE,,"Not mine: 'Provides a starting draft rule-pack document with placeholder provenance for user authoring' is behaviour of the desktop frontend service rulePackService.ts, outside this member's claims and cited paths. DEL-00-01 is the ADR baseline (decision structure only) and owns no implementation."
RC-00-0005,NOT_MINE,,"Not mine: 'Supplies default proposed-operation intents (validation not run, review-only boundary) and a guard that...' is behaviour of the desktop GUI feature offline-proposal-intake, outside this member's claims and cited paths. DEL-00-01 is the ADR baseline (decision structure only) and owns no implementation."
RC-00-0006,NOT_MINE,,"Not mine: 'Defines canonical handoff packages and manifests that reference model, state, run, result, unit, library,...' is behaviour of the schema handoff_package.schema.json, outside this member's claims and cited paths. DEL-00-01 is the ADR baseline (decision structure only) and owns no implementation."
RC-00-0007,NOT_MINE,,"Not mine: 'Canonicalizes JSON text under a strict checked profile that rejects duplicate keys and integers or...' is behaviour of the core module serialization/canonical_json, outside this member's claims and cited paths. DEL-00-01 is the ADR baseline (decision structure only) and owns no implementation."
RC-00-0008,NOT_MINE,,"Not mine: 'Treats captured reproduction stdout and stderr files as opaque bytes so Git never diffs, merges or...' is behaviour of .gitattributes, outside this member's claims and cited paths. DEL-00-01 is the ADR baseline (decision structure only) and owns no implementation."
RC-00-0009,NOT_MINE,,"Not mine: 'Draws authored force and moment loads as arrows at their node or pipe anchor along their global direction' is behaviour of the desktop GUI feature viewport, outside this member's claims and cited paths. DEL-00-01 is the ADR baseline (decision structure only) and owns no implementation."
RC-00-0010,NOT_MINE,,"Not mine: 'Records the observation promoting sparse solving to the interactive default and the policy governing dense...' is behaviour of validation/benchmarks/sparse_default_promotion_observation.dec053.json, outside this member's claims and cited paths. DEL-00-01 is the ADR baseline (decision structure only) and owns no implementation."
RC-00-0011,CONSTRAINS,DEL-00-01:AB#resolved-decisions-former-tbd-and-human-ruling-q,The Tauri macOS bundle configuration realizes the DEC-009 shell and the DEC-057 macOS-only v0.1 matrix recorded in the packaging-targets row; ownership sits with packaging work.
RC-00-0012,NOT_MINE,,"Not mine: 'Keeps environment secrets, private source folders, generated wasm engine outputs, build products and...' is behaviour of .gitignore, outside this member's claims and cited paths. DEL-00-01 is the ADR baseline (decision structure only) and owns no implementation."
RC-00-0013,NOT_MINE,,"Not mine: 'Loads a sample agent proposal for the selected review target into the session' is behaviour of the desktop GUI feature workspace, outside this member's claims and cited paths. DEL-00-01 is the ADR baseline (decision structure only) and owns no implementation."
RC-00-0014,NOT_MINE,,"Not mine: 'Requires explicit variable spring hanger stiffness and emits hanger input review rows without catalog defaults' is behaviour of the core module product_physics/src, outside this member's claims and cited paths. DEL-00-01 is the ADR baseline (decision structure only) and owns no implementation."
RC-00-0015,NOT_MINE,,"Not mine: 'Operation review ledger listing queued intents and proposal records, with clear-queue and a downloadable...' is behaviour of the desktop GUI feature operations, outside this member's claims and cited paths. DEL-00-01 is the ADR baseline (decision structure only) and owns no implementation."
RC-00-0016,NOT_MINE,,"Not mine: 'Onboards contributors: first-hour path, repository map, how bounded work is executed, data boundary, tests...' is behaviour of docs/contributor_guide/index.md, outside this member's claims and cited paths. DEL-00-01 is the ADR baseline (decision structure only) and owns no implementation."
RC-00-0017,NOT_MINE,,"Not mine: 'Validates rule-pack lifecycle metadata (privacy, redistribution, review and lifecycle status, checksum...' is behaviour of the core module rules/rule_pack_lifecycle, outside this member's claims and cited paths. DEL-00-01 is the ADR baseline (decision structure only) and owns no implementation."
RC-00-0018,NOT_MINE,,"Not mine: 'Measures the distance between two picked nodes or along a picked pipe and shows the result in the chosen...' is behaviour of the desktop GUI feature viewport, outside this member's claims and cited paths. DEL-00-01 is the ADR baseline (decision structure only) and owns no implementation."
RC-00-0019,NOT_MINE,,"Not mine: 'Defines the schema-first public API and plugin boundary: service command, query and job envelopes, and no...' is behaviour of api/api_boundary_contract.yaml, outside this member's claims and cited paths. DEL-00-01 is the ADR baseline (decision structure only) and owns no implementation."
RC-00-0020,NOT_MINE,,"Not mine: 'Presents selection and hover as screen-space halo outlines and point-primitive markers, and binds the...' is behaviour of the desktop GUI feature viewport, outside this member's claims and cited paths. DEL-00-01 is the ADR baseline (decision structure only) and owns no implementation."
RC-00-0021,NOT_MINE,,"Not mine: 'Validates a material, section, component or hanger library import, classifying it as accepted, rejected or...' is behaviour of the desktop native shell (src-tauri). The forward ledger cites apps/desktop/src-tauri/src/lib.rs as evidence that the ruled stack, SQLite store and .opsproj naming exist; that citation does not make this capability part of the member. DEL-00-01 is the ADR baseline (decision structure only) and owns no implementation."
RC-00-0022,NOT_MINE,,"Not mine: 'Toggles entity labels, the grid and authored-load display, showing a prioritized, bounded label set' is behaviour of the desktop GUI feature viewport, outside this member's claims and cited paths. DEL-00-01 is the ADR baseline (decision structure only) and owns no implementation."
RC-00-0023,NOT_MINE,,"Not mine: 'Pins the complete npm dependency graph for the workspace, including the browser-test framework version...' is behaviour of package-lock.json, outside this member's claims and cited paths. DEL-00-01 is the ADR baseline (decision structure only) and owns no implementation."
RC-00-0024,NOT_MINE,,"Not mine: 'States the founding intent, design philosophy, non-negotiable product principles, scope, authority and...' is behaviour of docs/DIRECTIVE.md, outside this member's claims and cited paths. DEL-00-01 is the ADR baseline (decision structure only) and owns no implementation."
RC-00-0025,NOT_MINE,,"Not mine: 'Reads the accepted dimension identifiers from the units schema for Python callers, rejecting a missing,...' is behaviour of the core module units/schema_vocabulary.py, outside this member's claims and cited paths. DEL-00-01 is the ADR baseline (decision structure only) and owns no implementation."
RC-00-0026,NOT_MINE,,"Not mine: 'Converts quantities between units for display, natively or through the wasm engine, surfacing engine errors' is behaviour of the desktop native shell (src-tauri). The forward ledger cites apps/desktop/src-tauri/src/lib.rs as evidence that the ruled stack, SQLite store and .opsproj naming exist; that citation does not make this capability part of the member. DEL-00-01 is the ADR baseline (decision structure only) and owns no implementation."
RC-00-0027,NOT_MINE,,"Not mine: 'Refuses to store a library import unless validation accepted it as private local-only data; rejected or...' is behaviour of the desktop native shell (src-tauri). The forward ledger cites apps/desktop/src-tauri/src/lib.rs as evidence that the ruled stack, SQLite store and .opsproj naming exist; that citation does not make this capability part of the member. DEL-00-01 is the ADR baseline (decision structure only) and owns no implementation."
RC-00-0028,NOT_MINE,,"Not mine: 'Invented export adapter SDK admission package and its source payload' is behaviour of fixtures/export_adapter_sdk/, outside this member's claims and cited paths. DEL-00-01 is the ADR baseline (decision structure only) and owns no implementation."
RC-00-0029,NOT_MINE,,"Not mine: 'Procedurally renders the desktop application icon and writes the PNG source mark and a multi-resolution...' is behaviour of tools/release/generate_app_icon.py, outside this member's claims and cited paths. DEL-00-01 is the ADR baseline (decision structure only) and owns no implementation."
RC-00-0030,NOT_MINE,,"Not mine: 'Validates proposed operation sets against an accepted model-state snapshot and produces deterministic...' is behaviour of the core module model_operations/validation_preview, outside this member's claims and cited paths. DEL-00-01 is the ADR baseline (decision structure only) and owns no implementation."
RC-00-0031,NOT_MINE,,"Not mine: 'Defines analysis status semantics: usage rules, human acceptance records, result envelope requirements,...' is behaviour of docs/architecture/analysis_status_semantics.md, outside this member's claims and cited paths. DEL-00-01 is the ADR baseline (decision structure only) and owns no implementation."
RC-00-0032,NOT_MINE,,"Not mine: 'Gives a manual desktop smoke checklist over invented preview data and a long running log of per-change...' is behaviour of the desktop app (SMOKE.md), outside this member's claims and cited paths. DEL-00-01 is the ADR baseline (decision structure only) and owns no implementation."
RC-00-0033,NOT_MINE,,"Not mine: 'Keeps inactive expensive workspace sections mounted but dormant, skipping re-render until they become...' is behaviour of the desktop GUI feature workspace, outside this member's claims and cited paths. DEL-00-01 is the ADR baseline (decision structure only) and owns no implementation."
RC-00-0034,NOT_MINE,,"Not mine: 'Shows a typed mechanics result quantity in the chosen display units, or a fallback when the row is missing' is behaviour of the desktop GUI feature toolkit, outside this member's claims and cited paths. DEL-00-01 is the ADR baseline (decision structure only) and owns no implementation."
RC-00-0035,NOT_MINE,,"Not mine: 'Converts values between units of the same dimension, with affine absolute-temperature versus interval...' is behaviour of the core module units/src, outside this member's claims and cited paths. DEL-00-01 is the ADR baseline (decision structure only) and owns no implementation."
RC-00-0036,NOT_MINE,,"Not mine: 'Result envelope fixtures: the 0.2 semantic contract table, 0.2 export accept and reject cases, and...' is behaviour of fixtures/results/, outside this member's claims and cited paths. DEL-00-01 is the ADR baseline (decision structure only) and owns no implementation."
RC-00-0037,NOT_MINE,,"Not mine: 'Hashes deterministic JSON values, asset bytes and external artifacts into SHA-256 records and assembles an...' is behaviour of the core module reporting/audit_manifest, outside this member's claims and cited paths. DEL-00-01 is the ADR baseline (decision structure only) and owns no implementation."
RC-00-0038,NOT_MINE,,"Not mine: 'Keeps desktop telemetry disabled, dropping any attempt and rejecting attempts that name forbidden fields,...' is behaviour of the desktop frontend service telemetryPolicyService.ts, outside this member's claims and cited paths. DEL-00-01 is the ADR baseline (decision structure only) and owns no implementation."
RC-00-0039,NOT_MINE,,"Not mine: 'Lets the user navigate between Model, Loads, Results and Review stages and the library, rules and issues...' is behaviour of the desktop GUI feature workspace, outside this member's claims and cited paths. DEL-00-01 is the ADR baseline (decision structure only) and owns no implementation."
RC-00-0040,NOT_MINE,,"Not mine: 'Fails the test run if any non-test viewport source holds a colour literal, or if stylesheet-drawn canvas...' is behaviour of the desktop GUI feature viewport, outside this member's claims and cited paths. DEL-00-01 is the ADR baseline (decision structure only) and owns no implementation."
RC-00-0041,NOT_MINE,,"Not mine: 'Freezes a node or route draft for review, validates it on temporary state, and applies it only when the...' is behaviour of the desktop GUI feature viewport, outside this member's claims and cited paths. DEL-00-01 is the ADR baseline (decision structure only) and owns no implementation."
RC-00-0042,NOT_MINE,,"Not mine: 'Runs a packaged-binary self-test from a command-line flag that saves an edited load in a disposable store,...' is behaviour of the desktop native shell (src-tauri). The forward ledger cites apps/desktop/src-tauri/src/lib.rs as evidence that the ruled stack, SQLite store and .opsproj naming exist; that citation does not make this capability part of the member. DEL-00-01 is the ADR baseline (decision structure only) and owns no implementation."
RC-00-0043,NOT_MINE,,"Not mine: 'Builds, validates and queues a new bend, tee, reducer, valve, flange or expansion joint at a node with its...' is behaviour of the desktop GUI feature component-creation, outside this member's claims and cited paths. DEL-00-01 is the ADR baseline (decision structure only) and owns no implementation."
RC-00-0044,NOT_MINE,,"Not mine: 'Prepares unit tests (DOM matchers, wasm engine warm-up) and provides helpers for choosing targets in...' is behaviour of the desktop app (src/test), outside this member's claims and cited paths. DEL-00-01 is the ADR baseline (decision structure only) and owns no implementation."
RC-00-0045,NOT_MINE,,"Not mine: 'Pins the Python development dependencies used by project checks: JSON schema validation, coverage, YAML...' is behaviour of requirements-dev.txt, outside this member's claims and cited paths. DEL-00-01 is the ADR baseline (decision structure only) and owns no implementation."
RC-00-0046,NOT_MINE,,"Not mine: 'Generates a reviewable self-weight load operation plan for selected pipes, natively or through a separate...' is behaviour of the desktop native shell (src-tauri). The forward ledger cites apps/desktop/src-tauri/src/lib.rs as evidence that the ruled stack, SQLite store and .opsproj naming exist; that citation does not make this capability part of the member. DEL-00-01 is the ADR baseline (decision structure only) and owns no implementation."
RC-00-0047,NOT_MINE,,"Not mine: 'Invented native JSON export package used as golden output' is behaviour of fixtures/native_json/, outside this member's claims and cited paths. DEL-00-01 is the ADR baseline (decision structure only) and owns no implementation."
RC-00-0048,NOT_MINE,,"Not mine: 'Lets the user undo and redo applied session model edits using model checkpoints' is behaviour of the desktop GUI feature workspace, outside this member's claims and cited paths. DEL-00-01 is the ADR baseline (decision structure only) and owns no implementation."
RC-00-0049,NOT_MINE,,"Not mine: 'Builds a stress-neutral CSV/JSON results package (units, source refs, stable IDs, loss report,...' is behaviour of the core module handoff/stress_neutral, outside this member's claims and cited paths. DEL-00-01 is the ADR baseline (decision structure only) and owns no implementation."
RC-00-0050,NOT_MINE,,"Not mine: 'Evaluates release-quality gate criteria for solver, rule-engine, GUI, report-template and mixed families...' is behaviour of tools/release/run_release_gate_records.py, outside this member's claims and cited paths. DEL-00-01 is the ADR baseline (decision structure only) and owns no implementation."
RC-00-0051,NOT_MINE,,"Not mine: 'Shared invented redaction and export-control cases used by both the Python and desktop redaction...' is behaviour of fixtures/redaction_export_controls/, outside this member's claims and cited paths. DEL-00-01 is the ADR baseline (decision structure only) and owns no implementation."
RC-00-0052,NOT_MINE,,"Not mine: 'Right-hand agent strip reserved for a future agent column; its single control is disabled with an...' is behaviour of the desktop GUI feature workspace, outside this member's claims and cited paths. DEL-00-01 is the ADR baseline (decision structure only) and owns no implementation."
RC-00-0053,NOT_MINE,,"Not mine: 'Defines user-owned rule packs: metadata, required inputs, declarative formula slots, user-supplied value...' is behaviour of the schema rule_pack.schema.yaml, outside this member's claims and cited paths. DEL-00-01 is the ADR baseline (decision structure only) and owns no implementation."
RC-00-0054,NOT_MINE,,"Not mine: 'Maintains an ordered multi-entity selection with modifier, range and box selection, focus and pruning,...' is behaviour of the desktop GUI feature workspace, outside this member's claims and cited paths. DEL-00-01 is the ADR baseline (decision structure only) and owns no implementation."
RC-00-0055,NOT_MINE,,"Not mine: 'Returns the unit catalog to the desktop frontend for unit pickers and display' is behaviour of the desktop native shell (src-tauri). The forward ledger cites apps/desktop/src-tauri/src/lib.rs as evidence that the ruled stack, SQLite store and .opsproj naming exist; that citation does not make this capability part of the member. DEL-00-01 is the ADR baseline (decision structure only) and owns no implementation."
RC-00-0056,NOT_MINE,,"Not mine: 'Provides generated invented request inputs and captured runner outputs for the headless export-results...' is behaviour of validation/witness/inputs/generate_del1005_export_results_inputs.py, outside this member's claims and cited paths. DEL-00-01 is the ADR baseline (decision structure only) and owns no implementation."
RC-00-0057,NOT_MINE,,"Not mine: 'Provides the pilot section-property stress calculation witness with its experimental content dictionary...' is behaviour of validation/witness/fixtures/tp_phys_015_section_property_stress_witness.json, outside this member's claims and cited paths. DEL-00-01 is the ADR baseline (decision structure only) and owns no implementation."
RC-00-0058,NOT_MINE,,"Not mine: 'Measures causal frame presentation from browser traces and scores results against performance targets,...' is behaviour of the desktop browser-test suite, outside this member's claims and cited paths. DEL-00-01 is the ADR baseline (decision structure only) and owns no implementation."
RC-00-0059,NOT_MINE,,"Not mine: 'Publishes a versioned UI diagnostics snapshot (renderer info, owned resource counts, model assignment...' is behaviour of the desktop GUI feature workspace, outside this member's claims and cited paths. DEL-00-01 is the ADR baseline (decision structure only) and owns no implementation."
RC-00-0060,NOT_MINE,,"Not mine: 'Defines versioned JSON result envelopes for review, regression comparison, reports and headless...' is behaviour of the schema results.schema.yaml, outside this member's claims and cited paths. DEL-00-01 is the ADR baseline (decision structure only) and owns no implementation."
RC-00-0061,NOT_MINE,,"Not mine: 'Defines format-neutral import/export adapter declarations, validation planning, diagnostics, provenance,...' is behaviour of the schema adapter_framework.schema.yaml, outside this member's claims and cited paths. DEL-00-01 is the ADR baseline (decision structure only) and owns no implementation."
RC-00-0062,NOT_MINE,,"Not mine: 'Defines release quality gates: routing, common evidence, solver, rule-engine, GUI and report-template...' is behaviour of docs/RELEASE_QUALITY_GATES.md, outside this member's claims and cited paths. DEL-00-01 is the ADR baseline (decision structure only) and owns no implementation."
RC-00-0063,NOT_MINE,,"Not mine: 'States the policy for example data and gives an invented rule-pack example notice so examples are not...' is behaviour of docs/_Examples/README.md, outside this member's claims and cited paths. DEL-00-01 is the ADR baseline (decision structure only) and owns no implementation."
RC-00-0064,NOT_MINE,,"Not mine: 'Saves, opens, lists and deletes accepted private libraries per project in the local store' is behaviour of the desktop native shell (src-tauri). The forward ledger cites apps/desktop/src-tauri/src/lib.rs as evidence that the ruled stack, SQLite store and .opsproj naming exist; that citation does not make this capability part of the member. DEL-00-01 is the ADR baseline (decision structure only) and owns no implementation."
RC-00-0065,NOT_MINE,,"Not mine: 'Lets the user edit a spreadsheet-like engineering table with keyboard cell navigation, sorting by...' is behaviour of the desktop GUI feature workspace, outside this member's claims and cited paths. DEL-00-01 is the ADR baseline (decision structure only) and owns no implementation."
RC-00-0066,NOT_MINE,,"Not mine: 'Creates a node from typed coordinates or a click on the construction plane, checking the unit against the...' is behaviour of the desktop GUI feature viewport, outside this member's claims and cited paths. DEL-00-01 is the ADR baseline (decision structure only) and owns no implementation."
RC-00-0067,NOT_MINE,,"Not mine: 'Defines unit-aware comparison tolerance profiles with dimensional applicability and review provenance but...' is behaviour of the schema comparison_tolerance.schema.json, outside this member's claims and cited paths. DEL-00-01 is the ADR baseline (decision structure only) and owns no implementation."
RC-00-0068,NOT_MINE,,"Not mine: 'Checks keyboard focus, Escape ownership, disabled-reason visibility and accessibility-tree exclusion end...' is behaviour of the desktop browser-test suite, outside this member's claims and cited paths. DEL-00-01 is the ADR baseline (decision structure only) and owns no implementation."
RC-00-0069,NOT_MINE,,"Not mine: 'Provides invented linear mechanics benchmark fixtures with expected values, units and provenance, compared...' is behaviour of validation/benchmarks/mechanics/src/lib.rs, outside this member's claims and cited paths. DEL-00-01 is the ADR baseline (decision structure only) and owns no implementation."
RC-00-0070,NOT_MINE,,"Not mine: 'Defines the product's visual tokens and global styling, generating light, system-dark and dark CSS...' is behaviour of the desktop app (src/design), outside this member's claims and cited paths. DEL-00-01 is the ADR baseline (decision structure only) and owns no implementation."
RC-00-0071,NOT_MINE,,"Not mine: 'Builds a redaction-controlled report package request from the session and saves it through the report...' is behaviour of the desktop GUI feature workspace, outside this member's claims and cited paths. DEL-00-01 is the ADR baseline (decision structure only) and owns no implementation."
RC-00-0072,NOT_MINE,,"Not mine: 'Defines plugin and extension manifests that are denied by default and cannot bypass unit, provenance,...' is behaviour of the schema plugin_manifest.schema.yaml, outside this member's claims and cited paths. DEL-00-01 is the ADR baseline (decision structure only) and owns no implementation."
RC-00-0073,NOT_MINE,,"Not mine: 'Defines local-first redaction and export-control configuration, decisions and findings for report and...' is behaviour of the schema redaction_export_controls.schema.yaml, outside this member's claims and cited paths. DEL-00-01 is the ADR baseline (decision structure only) and owns no implementation."
RC-00-0074,NOT_MINE,,"Not mine: 'Defines the File, Edit, View, Insert and Analyze menu model and dispatches menu command ids from the...' is behaviour of the desktop GUI feature workspace, outside this member's claims and cited paths. DEL-00-01 is the ADR baseline (decision structure only) and owns no implementation."
RC-00-0075,NOT_MINE,,"Not mine: 'Builds and optionally executes profile-based local release-readiness check plans, including...' is behaviour of tools/release/check_release_readiness.py, outside this member's claims and cited paths. DEL-00-01 is the ADR baseline (decision structure only) and owns no implementation."
RC-00-0076,NOT_MINE,,"Not mine: 'Declares which project checks run for which changed paths (desktop build/test, Python tests, evidence...' is behaviour of software-workflow.json, outside this member's claims and cited paths. DEL-00-01 is the ADR baseline (decision structure only) and owns no implementation."
RC-00-0077,NOT_MINE,,"Not mine: 'Invented persisted preview project document used for persistence round-trip checks' is behaviour of fixtures/persistence/, outside this member's claims and cited paths. DEL-00-01 is the ADR baseline (decision structure only) and owns no implementation."
RC-00-0078,NOT_MINE,,"Not mine: 'Opens a searchable command palette (Ctrl/Cmd+K) listing toolkit capabilities by group plus shell view...' is behaviour of the desktop GUI feature toolkit, outside this member's claims and cited paths. DEL-00-01 is the ADR baseline (decision structure only) and owns no implementation."
RC-00-0079,NOT_MINE,,"Not mine: 'Invented domain models (minimal project, physical source-of-truth model) and a physical-to-analytical...' is behaviour of fixtures/domain/, outside this member's claims and cited paths. DEL-00-01 is the ADR baseline (decision structure only) and owns no implementation."
RC-00-0080,NOT_MINE,,"Not mine: 'Runs the five-surface local evidence sweep (Rust crates, Python tests, desktop unit tests with wasm build,...' is behaviour of tools/release/run_evidence_sweep.py, outside this member's claims and cited paths. DEL-00-01 is the ADR baseline (decision structure only) and owns no implementation."
RC-00-0081,NOT_MINE,,"Not mine: 'Invented stress-neutral source result payload, 0.1 and 0.2 export packages, and the emitted CSV' is behaviour of fixtures/stress_neutral/, outside this member's claims and cited paths. DEL-00-01 is the ADR baseline (decision structure only) and owns no implementation."
RC-00-0082,NOT_MINE,,"Not mine: 'Splits one pipe run at a fraction or translates, rotates or mirrors selected runs in copy or in-place mode...' is behaviour of the desktop GUI feature geometry-tools, outside this member's claims and cited paths. DEL-00-01 is the ADR baseline (decision structure only) and owns no implementation."
RC-00-0083,NOT_MINE,,"Not mine: 'Separates mechanics solve output, user rule-pack checks, missing inputs, diagnostics and human acceptance...' is behaviour of the schema analysis_boundary.schema.yaml, outside this member's claims and cited paths. DEL-00-01 is the ADR baseline (decision structure only) and owns no implementation."
RC-00-0084,NOT_MINE,,"Not mine: 'Specifies product requirements: vision, positioning, principles, goals, non-goals, concepts, personas,...' is behaviour of docs/PRD.md. The forward ledger cites docs/PRD.md as context for the product rename behind the .opsproj finding; that citation does not make this capability part of the member. DEL-00-01 is the ADR baseline (decision structure only) and owns no implementation."
RC-00-0085,NOT_MINE,,"Not mine: 'Runs a solve as a background job that the UI can poll and cancel with a token; cancellation is cooperative...' is behaviour of the desktop native shell (src-tauri). The forward ledger cites apps/desktop/src-tauri/src/lib.rs as evidence that the ruled stack, SQLite store and .opsproj naming exist; that citation does not make this capability part of the member. DEL-00-01 is the ADR baseline (decision structure only) and owns no implementation."
RC-00-0086,NOT_MINE,,"Not mine: 'Records target-admission and adapter-boundary evidence for adding further export targets through an...' is behaviour of the core module handoff/export_adapter_sdk, outside this member's claims and cited paths. DEL-00-01 is the ADR baseline (decision structure only) and owns no implementation."
RC-00-0087,NOT_MINE,,"Not mine: 'Defines target-neutral local shell/solid FEA handoff records: selected regions, global centreline context,...' is behaviour of the schema local_fea_handoff.schema.yaml, outside this member's claims and cited paths. DEL-00-01 is the ADR baseline (decision structure only) and owns no implementation."
RC-00-0088,NOT_MINE,,"Not mine: 'Provides the maintainer checklist for reviewing a contribution: identity, rights evidence,...' is behaviour of governance/CONTRIBUTION_REVIEW_CHECKLIST.md, outside this member's claims and cited paths. DEL-00-01 is the ADR baseline (decision structure only) and owns no implementation."
RC-00-0089,NOT_MINE,,"Not mine: 'Creates and deletes load combinations of mechanics, result-state subtraction and range-envelope bases, and...' is behaviour of the core module model_operations/operation_applier, outside this member's claims and cited paths. DEL-00-01 is the ADR baseline (decision structure only) and owns no implementation."
RC-00-0090,NOT_MINE,,"Not mine: 'Shows the audit and boundaries drawer and evidence section: data-boundary policies, local storage status,...' is behaviour of the desktop app (src/App.tsx), outside this member's claims and cited paths. DEL-00-01 is the ADR baseline (decision structure only) and owns no implementation."
RC-00-0091,NOT_MINE,,"Not mine: 'Defines the headless runner request and result envelope for non-GUI solve, benchmark, regression and...' is behaviour of the schema headless_runner.schema.yaml, outside this member's claims and cited paths. DEL-00-01 is the ADR baseline (decision structure only) and owns no implementation."
RC-00-0092,NOT_MINE,,"Not mine: 'Produces the selected entity's display label and typed property rows for project, material, section, node,...' is behaviour of the desktop GUI feature model-workspace, outside this member's claims and cited paths. DEL-00-01 is the ADR baseline (decision structure only) and owns no implementation."
RC-00-0093,NOT_MINE,,"Not mine: 'Frozen conformance corpus for rule-expression evaluator semantics, plus checksum-binding payloads that pin...' is behaviour of fixtures/rule_expressions/, outside this member's claims and cited paths. DEL-00-01 is the ADR baseline (decision structure only) and owns no implementation."
RC-00-0094,NOT_MINE,,"Not mine: 'Replaces material temperature-point tables and wind-exposure load data as validated atomic rich edits with...' is behaviour of the core module model_operations/operation_applier, outside this member's claims and cited paths. DEL-00-01 is the ADR baseline (decision structure only) and owns no implementation."
RC-00-0095,NOT_MINE,,"Not mine: 'Resolves pipe references to shared section definitions and blocks stale, blank or failed references while...' is behaviour of the core module product_physics/src, outside this member's claims and cited paths. DEL-00-01 is the ADR baseline (decision structure only) and owns no implementation."
RC-00-0096,NOT_MINE,,"Not mine: 'Creates and deletes load cases and primitive loads (e.g. concentrated forces) and edits their magnitudes,...' is behaviour of the core module model_operations/operation_applier, outside this member's claims and cited paths. DEL-00-01 is the ADR baseline (decision structure only) and owns no implementation."
RC-00-0097,NOT_MINE,,"Not mine: 'Gives the strategic roadmap: definition of completion, current milestone position, layer relations,...' is behaviour of docs/PLAN.md, outside this member's claims and cited paths. DEL-00-01 is the ADR baseline (decision structure only) and owns no implementation."
RC-00-0098,NOT_MINE,,"Not mine: 'Shows the issues drawer listing operation diagnostics, model diagnostics and missing required inputs, and...' is behaviour of the desktop app (src/App.tsx), outside this member's claims and cited paths. DEL-00-01 is the ADR baseline (decision structure only) and owns no implementation."
RC-00-0099,CLAIMED_BY,DEL-00-01:AB#realized-artifacts;DEL-00-01:AB#normative-requirements/REQ-01-01;DEL-00-01:AB#normative-requirements/REQ-01-02,"The ADR index, template and ADR-0001 are this member's anticipated and realized artifacts: four-state index (REQ-01-01) and template fields (REQ-01-02)."
RC-00-0100,NOT_MINE,,"Not mine: 'Applies export redaction controls to the three report routes: on-screen report and JSON, renderer input,...' is behaviour of the desktop GUI feature report, outside this member's claims and cited paths. DEL-00-01 is the ADR baseline (decision structure only) and owns no implementation."
RC-00-0101,NOT_MINE,,"Not mine: 'Selects model entities by clicking in the canvas or activating a label, using analytic picking over the...' is behaviour of the desktop GUI feature viewport, outside this member's claims and cited paths. DEL-00-01 is the ADR baseline (decision structure only) and owns no implementation."
RC-00-0102,NOT_MINE,,"Not mine: 'Records deterministic user acceptance or rejection decisions over operations with validation outcomes and...' is behaviour of the core module model_operations/audit_trail, outside this member's claims and cited paths. DEL-00-01 is the ADR baseline (decision structure only) and owns no implementation."
RC-00-0103,NOT_MINE,,"Not mine: 'Builds and verifies the hash-bound analysis-run record (version 0.2) for a solve, composing the input...' is behaviour of the desktop frontend service analysisRunCompatibility.ts, outside this member's claims and cited paths. DEL-00-01 is the ADR baseline (decision structure only) and owns no implementation."
RC-00-0104,NOT_MINE,,"Not mine: 'Invented viewport-editor session used for viewport contract and accessibility baseline checks' is behaviour of fixtures/gui/, outside this member's claims and cited paths. DEL-00-01 is the ADR baseline (decision structure only) and owns no implementation."
RC-00-0105,NOT_MINE,,"Not mine: 'Lets the user run or cancel the mechanics solve, choose dense or sparse solver mode, see a readiness and...' is behaviour of the desktop GUI feature solve, outside this member's claims and cited paths. DEL-00-01 is the ADR baseline (decision structure only) and owns no implementation."
RC-00-0106,NOT_MINE,,"Not mine: 'Exports the design-workspace composition as a local JSON download with unit-policy evidence and...' is behaviour of the desktop GUI feature design-workspace, outside this member's claims and cited paths. DEL-00-01 is the ADR baseline (decision structure only) and owns no implementation."
RC-00-0107,NOT_MINE,,"Not mine: 'Synchronises native window title (project name and edited marker) and native menu checked/enabled states...' is behaviour of the desktop native shell (src-tauri). The forward ledger cites apps/desktop/src-tauri/src/lib.rs as evidence that the ruled stack, SQLite store and .opsproj naming exist; that citation does not make this capability part of the member. DEL-00-01 is the ADR baseline (decision structure only) and owns no implementation."
RC-00-0108,NOT_MINE,,"Not mine: 'Keeps snapshots of Cargo and npm lockfiles for each crate and the desktop app, as a record of resolved...' is behaviour of provenance/build-artifacts/, outside this member's claims and cited paths. DEL-00-01 is the ADR baseline (decision structure only) and owns no implementation."
RC-00-0109,NOT_MINE,,"Not mine: 'Creates, opens (latest or by id), lists and saves local projects, persisting the model with review...' is behaviour of the desktop native shell (src-tauri). The forward ledger cites apps/desktop/src-tauri/src/lib.rs as evidence that the ruled stack, SQLite store and .opsproj naming exist; that citation does not make this capability part of the member. DEL-00-01 is the ADR baseline (decision structure only) and owns no implementation."
RC-00-0110,NOT_MINE,,"Not mine: 'Validates one structured editor-operation intent against a model document, returning findings,...' is behaviour of the core module model_operations/operation_applier. The forward ledger cites apps/desktop/src-tauri/src/lib.rs as evidence that the ruled stack, SQLite store and .opsproj naming exist; that citation does not make this capability part of the member. DEL-00-01 is the ADR baseline (decision structure only) and owns no implementation."
RC-00-0111,NOT_MINE,,"Not mine: 'Bottom status bar showing status chips, the current selection, display units, and toggles for the issues...' is behaviour of the desktop GUI feature workspace, outside this member's claims and cited paths. DEL-00-01 is the ADR baseline (decision structure only) and owns no implementation."
RC-00-0112,NOT_MINE,,"Not mine: 'Switches pipe display between schematic lines and actual outside diameter, converting each pipe's diameter...' is behaviour of the desktop GUI feature viewport, outside this member's claims and cited paths. DEL-00-01 is the ADR baseline (decision structure only) and owns no implementation."
RC-00-0113,NOT_MINE,,"Not mine: 'Builds and verifies a canonical, hashed manifest of the current session's inputs (model, solver identity,...' is behaviour of the desktop frontend service inputManifestService.ts, outside this member's claims and cited paths. DEL-00-01 is the ADR baseline (decision structure only) and owns no implementation."
RC-00-0114,NOT_MINE,,"Not mine: 'Provides a fill-in contributor certification record covering contribution identity, source and rights,...' is behaviour of governance/CONTRIBUTOR_CERTIFICATION_TEMPLATE.md, outside this member's claims and cited paths. DEL-00-01 is the ADR baseline (decision structure only) and owns no implementation."
RC-00-0115,NOT_MINE,,"Not mine: 'Lets the user create a sample or blank project, list, open and save local projects through the local...' is behaviour of the desktop GUI feature workspace, outside this member's claims and cited paths. DEL-00-01 is the ADR baseline (decision structure only) and owns no implementation."
RC-00-0116,NOT_MINE,,"Not mine: 'Writes a file atomically through a temporary sibling, flush, sync and rename, rejecting symlink...' is behaviour of the desktop native shell (src-tauri). The forward ledger cites apps/desktop/src-tauri/src/atomic_report_package_save.rs as evidence that the .opsproj extension (rename residue) is live; that citation does not make this capability part of the member. DEL-00-01 is the ADR baseline (decision structure only) and owns no implementation."
RC-00-0117,NOT_MINE,,"Not mine: 'Scans a release candidate's artifact classes for protected content, provenance-manifest defects and...' is behaviour of tools/release/run_release_candidate_scan.py, outside this member's claims and cited paths. DEL-00-01 is the ADR baseline (decision structure only) and owns no implementation."
RC-00-0118,NOT_MINE,,"Not mine: 'Splits a pipe run at a point or rigidly transforms pipe runs and their nodes, carrying attachments and...' is behaviour of the core module model_operations/operation_applier, outside this member's claims and cited paths. DEL-00-01 is the ADR baseline (decision structure only) and owns no implementation."
RC-00-0119,NOT_MINE,,"Not mine: 'Invented review-geometry export package, its source centreline payload and the emitted .gltf file' is behaviour of fixtures/review_geometry/, outside this member's claims and cited paths. DEL-00-01 is the ADR baseline (decision structure only) and owns no implementation."
RC-00-0120,NOT_MINE,,"Not mine: 'Builds a solve-run timeline over queued, running, cancelling, cancelled, completed and failed states, with...' is behaviour of the core module gui/solve_execution, outside this member's claims and cited paths. DEL-00-01 is the ADR baseline (decision structure only) and owns no implementation."
RC-00-0121,NOT_MINE,,"Not mine: 'Provides per-case validation pages for stress recovery benchmarks (axial, bending, torsion, pressure...' is behaviour of docs/validation_manual/cases/stress/, outside this member's claims and cited paths. DEL-00-01 is the ADR baseline (decision structure only) and owns no implementation."
RC-00-0122,NOT_MINE,,"Not mine: 'Computes min, max or range envelopes over an ordered set of compatible result states' is behaviour of the core module loads/load_case_algebra, outside this member's claims and cited paths. DEL-00-01 is the ADR baseline (decision structure only) and owns no implementation."
RC-00-0123,NOT_MINE,,"Not mine: 'Exercises end-to-end user journeys: fixture solve and results, report, from-blank authoring, rule-pack,...' is behaviour of the desktop browser-test suite, outside this member's claims and cited paths. DEL-00-01 is the ADR baseline (decision structure only) and owns no implementation."
RC-00-0124,NOT_MINE,,"Not mine: 'Defines report-facing warnings, assumptions, user-supplied values, provenance notes, limitations, open...' is behaviour of the schema report_sections.schema.yaml, outside this member's claims and cited paths. DEL-00-01 is the ADR baseline (decision structure only) and owns no implementation."
RC-00-0125,NOT_MINE,,"Not mine: 'Validates or applies an ordered batch of operations atomically on a private evolving document; any failure...' is behaviour of the core module model_operations/operation_applier. The forward ledger cites apps/desktop/src-tauri/src/lib.rs as evidence that the ruled stack, SQLite store and .opsproj naming exist; that citation does not make this capability part of the member. DEL-00-01 is the ADR baseline (decision structure only) and owns no implementation."
RC-00-0126,NOT_MINE,,"Not mine: 'Supplies an invented library import template and indexes library records and slots to classify whether a...' is behaviour of the desktop frontend service libraryImportService.ts, outside this member's claims and cited paths. DEL-00-01 is the ADR baseline (decision structure only) and owns no implementation."
RC-00-0127,NOT_MINE,,"Not mine: 'Defines bounded CAEPIPE MBF export packages with deterministic text output, source references, sidecar...' is behaviour of the schema caepipe_mbf_export.schema.json, outside this member's claims and cited paths. DEL-00-01 is the ADR baseline (decision structure only) and owns no implementation."
RC-00-0128,NOT_MINE,,"Not mine: 'Declares the frontend types for models, results, analysis runs, operations, proposals and project...' is behaviour of the desktop app (src/types.ts), outside this member's claims and cited paths. DEL-00-01 is the ADR baseline (decision structure only) and owns no implementation."
RC-00-0129,NOT_MINE,,"Not mine: 'Invented public demonstration rule pack showing rule-pack structure without engineering values' is behaviour of examples/rule_packs/invented_demo.yaml, outside this member's claims and cited paths. DEL-00-01 is the ADR baseline (decision structure only) and owns no implementation."
RC-00-0130,NOT_MINE,,"Not mine: 'Records the sparse solver suitability and pivot-conditioning threshold policies and their observation set...' is behaviour of validation/benchmarks/sparse_suitability_observation.dec050.json, outside this member's claims and cited paths. DEL-00-01 is the ADR baseline (decision structure only) and owns no implementation."
RC-00-0131,NOT_MINE,,"Not mine: 'Evaluates explicit load combinations (factored linear, result-state subtraction, range envelopes) over...' is behaviour of the core module product_physics/src, outside this member's claims and cited paths. DEL-00-01 is the ADR baseline (decision structure only) and owns no implementation."
RC-00-0132,NOT_MINE,,"Not mine: 'Specifies the project persistence contract: required envelope, deterministic serialization, hash rules,...' is behaviour of docs/architecture/persistence_contract.md, outside this member's claims and cited paths. DEL-00-01 is the ADR baseline (decision structure only) and owns no implementation."
RC-00-0133,NOT_MINE,,"Not mine: 'Resolves a selected result or diagnostic to its model entity and interprets diagnostics so the user can...' is behaviour of the desktop GUI feature results, outside this member's claims and cited paths. DEL-00-01 is the ADR baseline (decision structure only) and owns no implementation."
RC-00-0134,NOT_MINE,,"Not mine: 'Shows design knowledge records plus computed mechanics context records derived from result warnings,...' is behaviour of the desktop GUI feature knowledge, outside this member's claims and cited paths. DEL-00-01 is the ADR baseline (decision structure only) and owns no implementation."
RC-00-0135,NOT_MINE,,"Not mine: 'Model tree that lists project entities hierarchically with filtering, keyboard navigation, selection sync...' is behaviour of the desktop GUI feature model-tree, outside this member's claims and cited paths. DEL-00-01 is the ADR baseline (decision structure only) and owns no implementation."
RC-00-0136,NOT_MINE,,"Not mine: 'Runs the pull-request desktop browser-test gate: selection with policy self-test, accessibility barrier,...' is behaviour of .github/workflows/piping-desktop-e2e.yml, outside this member's claims and cited paths. DEL-00-01 is the ADR baseline (decision structure only) and owns no implementation."
RC-00-0137,NOT_MINE,,"Not mine: 'Declares historical path-role overrides and control-path exceptions, with hashes and reasons, for the...' is behaviour of validation/portability_policy.json, outside this member's claims and cited paths. DEL-00-01 is the ADR baseline (decision structure only) and owns no implementation."
RC-00-0138,CONSTRAINS,DEL-00-01:AB#resolved-decisions-former-tbd-and-human-ruling-q,The deterministic zip with SHA-256 checksum realizes the DEC-057 installer posture recorded in the packaging-targets row; DEL-00-01 owns no release tooling.
RC-00-0139,NOT_MINE,,"Not mine: 'Rebases authored coordinates to a local render origin so large models stay float32-precise, and excludes...' is behaviour of the desktop GUI feature viewport, outside this member's claims and cited paths. DEL-00-01 is the ADR baseline (decision structure only) and owns no implementation."
RC-00-0140,NOT_MINE,,"Not mine: 'Checks table editing, section and material editing, undo/redo and save/open session status end to end' is behaviour of the desktop browser-test suite, outside this member's claims and cited paths. DEL-00-01 is the ADR baseline (decision structure only) and owns no implementation."
RC-00-0141,NOT_MINE,,"Not mine: 'Presents the validation manual: authority boundary, evidence states, case index, section map, current...' is behaviour of docs/validation_manual/index.md, outside this member's claims and cited paths. DEL-00-01 is the ADR baseline (decision structure only) and owns no implementation."
RC-00-0142,NOT_MINE,,"Not mine: 'Runs an opt-in UI performance benchmark of the production bundle: instrumented sessions, point and box...' is behaviour of the desktop browser-test suite, outside this member's claims and cited paths. DEL-00-01 is the ADR baseline (decision structure only) and owns no implementation."
RC-00-0143,NOT_MINE,,"Not mine: 'Invented unit-contract document exercising dimensions, quantities, conversions and dimension checks' is behaviour of fixtures/units/, outside this member's claims and cited paths. DEL-00-01 is the ADR baseline (decision structure only) and owns no implementation."
RC-00-0144,NOT_MINE,,"Not mine: 'Plans desktop browser-test coverage for a change as lean, affected, full or not-applicable, runs barrier...' is behaviour of tools/ci/e2e_plan.py, outside this member's claims and cited paths. DEL-00-01 is the ADR baseline (decision structure only) and owns no implementation."
RC-00-0145,NOT_MINE,,"Not mine: 'Invented CAEPIPE MBF export package used as the golden output for MBF export' is behaviour of fixtures/caepipe_mbf/, outside this member's claims and cited paths. DEL-00-01 is the ADR baseline (decision structure only) and owns no implementation."
RC-00-0146,NOT_MINE,,"Not mine: 'Records documentation-side scope changes: a comparison brief between requirement versions, a redirect stub...' is behaviour of docs/_ScopeChange/_LATEST.md, outside this member's claims and cited paths. DEL-00-01 is the ADR baseline (decision structure only) and owns no implementation."
RC-00-0147,NOT_MINE,,"Not mine: 'Formats a value in inches or feet with an approximate metric equivalent for display' is behaviour of the desktop frontend service unitConversion.ts, outside this member's claims and cited paths. DEL-00-01 is the ADR baseline (decision structure only) and owns no implementation."
RC-00-0148,NOT_MINE,,"Not mine: 'Property inspector showing the selected entity's properties with dual-unit display, provenance, required...' is behaviour of the desktop GUI feature model-tree, outside this member's claims and cited paths. DEL-00-01 is the ADR baseline (decision structure only) and owns no implementation."
RC-00-0149,NOT_MINE,,"Not mine: 'Provides invented code-neutral stress recovery benchmark fixtures (axial, bending, torsion, pressure,...' is behaviour of validation/benchmarks/stress/src/lib.rs, outside this member's claims and cited paths. DEL-00-01 is the ADR baseline (decision structure only) and owns no implementation."
RC-00-0150,NOT_MINE,,"Not mine: 'Invented report-lint run fixture plus a safe template and a deliberately risky template used to exercise...' is behaviour of fixtures/report_lint/, outside this member's claims and cited paths. DEL-00-01 is the ADR baseline (decision structure only) and owns no implementation."
RC-00-0151,NOT_MINE,,"Not mine: 'Checks workspace layout, pane sizes, selection, tree, properties and canvas regressions across themes,...' is behaviour of the desktop browser-test suite, outside this member's claims and cited paths. DEL-00-01 is the ADR baseline (decision structure only) and owns no implementation."
RC-00-0152,NOT_MINE,,"Not mine: 'Solves a reduced dense linear system by deterministic Gaussian elimination with partial pivoting and...' is behaviour of the core module solver/frame_kernel, outside this member's claims and cited paths. DEL-00-01 is the ADR baseline (decision structure only) and owns no implementation."
RC-00-0153,NOT_MINE,,"Not mine: 'Provides shared structured-form helpers: explicit quantity parsing with no blank-to-zero coercion, text...' is behaviour of the desktop GUI feature rich-authoring, outside this member's claims and cited paths. DEL-00-01 is the ADR baseline (decision structure only) and owns no implementation."
RC-00-0154,NOT_MINE,,"Not mine: 'On project open, verifies saved run evidence (run and model refs, model, envelope, result and analysis...' is behaviour of the desktop GUI feature results, outside this member's claims and cited paths. DEL-00-01 is the ADR baseline (decision structure only) and owns no implementation."
RC-00-0155,COVERS,DEL-00-01:AB#realized-artifacts,"ADR-0001 (accepted; DEC-020) on this member's ADR surface records the decision that the wasm operation engine is the sole browser-mode engine with no fallback; the build fails when the wasm assets are missing, as the decision requires. Record relation only."
RC-00-0156,NOT_MINE,,"Not mine: 'Builds and validates deterministic project persistence envelopes with model, state and run history, hash...' is behaviour of the core module project_persistence/service.py, outside this member's claims and cited paths. DEL-00-01 is the ADR baseline (decision structure only) and owns no implementation."
RC-00-0157,NOT_MINE,,"Not mine: 'Defines native open JSON export packages: model payload, stable IDs, loss report, validation checks,...' is behaviour of the schema native_json_export.schema.json, outside this member's claims and cited paths. DEL-00-01 is the ADR baseline (decision structure only) and owns no implementation."
RC-00-0158,NOT_MINE,,"Not mine: 'Migrates the local SQLite store schema through ordered versions (projects, review columns, hashes,...' is behaviour of the desktop native shell (src-tauri). The forward ledger cites apps/desktop/src-tauri/src/lib.rs as evidence that the ruled stack, SQLite store and .opsproj naming exist; that citation does not make this capability part of the member. DEL-00-01 is the ADR baseline (decision structure only) and owns no implementation."
RC-00-0159,NOT_MINE,,"Not mine: 'Binds each mechanics result row to its semantic family, dimension and category from a result semantic...' is behaviour of the desktop GUI feature results, outside this member's claims and cited paths. DEL-00-01 is the ADR baseline (decision structure only) and owns no implementation."
RC-00-0160,NOT_MINE,,"Not mine: 'Defines the rule-check run result: per-check outcomes plus a worst-of aggregate over all checks in a rule pack' is behaviour of the schema rule_check_run_result.schema.json, outside this member's claims and cited paths. DEL-00-01 is the ADR baseline (decision structure only) and owns no implementation."
RC-00-0161,NOT_MINE,,"Not mine: 'Solves the current model for preview mechanics in a sparse or dense solver mode through the linked physics...' is behaviour of the desktop native shell (src-tauri). The forward ledger cites apps/desktop/src-tauri/src/lib.rs as evidence that the ruled stack, SQLite store and .opsproj naming exist; that citation does not make this capability part of the member. DEL-00-01 is the ADR baseline (decision structure only) and owns no implementation."
RC-00-0162,NOT_MINE,,"Not mine: 'Documents how to run the UI foundation fixtures and benchmark, a repair record for its first profile, the...' is behaviour of the desktop browser-test suite, outside this member's claims and cited paths. DEL-00-01 is the ADR baseline (decision structure only) and owns no implementation."
RC-00-0163,NOT_MINE,,"Not mine: 'Provides a command bar to arm creation tools for node, pipe, support, component or load, with a selection...' is behaviour of the desktop GUI feature viewport, outside this member's claims and cited paths. DEL-00-01 is the ADR baseline (decision structure only) and owns no implementation."
RC-00-0164,NOT_MINE,,"Not mine: 'Defines redaction and export controls: classification basis, export contexts, protected classes, actions,...' is behaviour of docs/security/redaction_export_controls.md, outside this member's claims and cited paths. DEL-00-01 is the ADR baseline (decision structure only) and owns no implementation."
RC-00-0165,NOT_MINE,,"Not mine: 'Validates or applies an ordered batch of model operations atomically against a claimed model hash,...' is behaviour of the desktop native shell (src-tauri). The forward ledger cites apps/desktop/src-tauri/src/lib.rs as evidence that the ruled stack, SQLite store and .opsproj naming exist; that citation does not make this capability part of the member. DEL-00-01 is the ADR baseline (decision structure only) and owns no implementation."
RC-00-0166,NOT_MINE,,"Not mine: 'Validates headless runner request and result records (operation, references, privacy, professional...' is behaviour of the core module runner/headless, outside this member's claims and cited paths. DEL-00-01 is the ADR baseline (decision structure only) and owns no implementation."
RC-00-0167,NOT_MINE,,"Not mine: 'Defines the code-neutral canonical project and model structure (nodes, segments, components, supports,...' is behaviour of the schema model.schema.yaml, outside this member's claims and cited paths. DEL-00-01 is the ADR baseline (decision structure only) and owns no implementation."
RC-00-0168,NOT_MINE,,"Not mine: 'Invented analysis-boundary records covering a checked rule, rule inputs missing after a mechanics solve,...' is behaviour of fixtures/analysis_boundary/, outside this member's claims and cited paths. DEL-00-01 is the ADR baseline (decision structure only) and owns no implementation."
RC-00-0169,NOT_MINE,,"Not mine: 'Guides developers through governing artifacts, architecture map, solver and rule-pack architecture, data...' is behaviour of docs/developer_guide/index.md, outside this member's claims and cited paths. DEL-00-01 is the ADR baseline (decision structure only) and owns no implementation."
RC-00-0170,NOT_MINE,,"Not mine: 'Sets out maintainer responsibilities, contribution review gates, a release policy skeleton, decision...' is behaviour of governance/MAINTAINERS.md, outside this member's claims and cited paths. DEL-00-01 is the ADR baseline (decision structure only) and owns no implementation."
RC-00-0171,NOT_MINE,,"Not mine: 'Defines conservative PCF export packages with deterministic ASCII PCF text, sidecar stable identity, loss...' is behaviour of the schema pcf_export.schema.json, outside this member's claims and cited paths. DEL-00-01 is the ADR baseline (decision structure only) and owns no implementation."
RC-00-0172,NOT_MINE,,"Not mine: 'Edits single fields of sections, materials, nodes, elements, supports, components, load cases and...' is behaviour of the core module model_operations/operation_applier, outside this member's claims and cited paths. DEL-00-01 is the ADR baseline (decision structure only) and owns no implementation."
RC-00-0173,NOT_MINE,,"Not mine: 'Holds planning registers as CSV tables recording scope items, planned work items and per-item context...' is behaviour of docs/_Registers/ScopeLedger.csv. The forward ledger cites docs/_Registers/ContextBudgetQA.csv as the register check for its context-budget row; and docs/_Registers/Deliverables.csv as the register check for its own identity and artifact rows; that citation does not make this capability part of the member. DEL-00-01 is the ADR baseline (decision structure only) and owns no implementation."
RC-00-0174,NOT_MINE,,"Not mine: 'Defines user-supplied design knowledge records with source notes, provenance and unresolved assumptions' is behaviour of the schema design_knowledge.schema.json, outside this member's claims and cited paths. DEL-00-01 is the ADR baseline (decision structure only) and owns no implementation."
RC-00-0175,NOT_MINE,,"Not mine: 'Defines an imported user-supplied hanger library of explicit values; import validity does not imply solve...' is behaviour of the schema hanger.schema.yaml, outside this member's claims and cited paths. DEL-00-01 is the ADR baseline (decision structure only) and owns no implementation."
RC-00-0176,NOT_MINE,,"Not mine: 'Persists per-user UI preferences (theme, density, split and drawer sizes) in browser storage with bounds,...' is behaviour of the desktop GUI feature workspace, outside this member's claims and cited paths. DEL-00-01 is the ADR baseline (decision structure only) and owns no implementation."
RC-00-0177,NOT_MINE,,"Not mine: 'Validates parsed material, section and component library imports for required provenance, public...' is behaviour of the core module library_import/provenance_checker.py, outside this member's claims and cited paths. DEL-00-01 is the ADR baseline (decision structure only) and owns no implementation."
RC-00-0178,NOT_MINE,,"Not mine: 'Routes toolkit capability commands and viewport creation-tool arming from the current selection, including...' is behaviour of the desktop GUI feature workspace, outside this member's claims and cited paths. DEL-00-01 is the ADR baseline (decision structure only) and owns no implementation."
RC-00-0179,NOT_MINE,,"Not mine: 'Invented preview project data (model, mechanics result, demo rule pack, design knowledge, agent proposal,...' is behaviour of fixtures/product_preview/, outside this member's claims and cited paths. DEL-00-01 is the ADR baseline (decision structure only) and owns no implementation."
RC-00-0180,NOT_MINE,,"Not mine: 'Compares solver results between two load bases and reports matched pairs and unmatched rows as diagnostics' is behaviour of the desktop frontend service previewService.ts, outside this member's claims and cited paths. DEL-00-01 is the ADR baseline (decision structure only) and owns no implementation."
RC-00-0181,NOT_MINE,,"Not mine: 'Defines unit systems, dimensions, unit-bearing quantities, conversion declarations and dimension-check...' is behaviour of the schema units.schema.yaml, outside this member's claims and cited paths. DEL-00-01 is the ADR baseline (decision structure only) and owns no implementation."
RC-00-0182,NOT_MINE,,"Not mine: 'Provides the required report notice text, report metadata slots, optional human acceptance and...' is behaviour of docs/report_notice_template.md, outside this member's claims and cited paths. DEL-00-01 is the ADR baseline (decision structure only) and owns no implementation."
RC-00-0183,NOT_MINE,,"Not mine: 'Orients a reader to the project: product identity, document map, status and how agents should use the...' is behaviour of README.md, outside this member's claims and cited paths. DEL-00-01 is the ADR baseline (decision structure only) and owns no implementation."
RC-00-0184,NOT_MINE,,"Not mine: 'Defines extension domain contracts: extension families, required manifest declarations, denied-by-default...' is behaviour of docs/architecture/extension_domain_contracts.md, outside this member's claims and cited paths. DEL-00-01 is the ADR baseline (decision structure only) and owns no implementation."
RC-00-0185,NOT_MINE,,"Not mine: 'Assigns a shared section to a pipe element or detaches it, materializing and propagating cached section...' is behaviour of the core module model_operations/operation_applier, outside this member's claims and cited paths. DEL-00-01 is the ADR baseline (decision structure only) and owns no implementation."
RC-00-0186,NOT_MINE,,"Not mine: 'Models in-memory viewport session state and prepares node-creation, pipe-run connection, component-symbol...' is behaviour of the core module gui/viewport_editor, outside this member's claims and cited paths. DEL-00-01 is the ADR baseline (decision structure only) and owns no implementation."
RC-00-0187,NOT_MINE,,"Not mine: 'Builds the private checked canonical-JSON adapter executable with Cargo so Python tests and development...' is behaviour of tools/serialization/build_checked_json.py, outside this member's claims and cited paths. DEL-00-01 is the ADR baseline (decision structure only) and owns no implementation."
RC-00-0188,COVERS,DEL-00-01:AB#realized-artifacts,ADR-0001 (accepted; DEC-020) on this member's ADR surface records the decision that the wasm operation engine is the sole browser-mode engine with no fallback; this script builds that wasm engine. Record relation only.
RC-00-0189,NOT_MINE,,"Not mine: 'Validates or applies one model edit operation against a claimed model hash, natively through the operation...' is behaviour of the desktop native shell (src-tauri). The forward ledger cites apps/desktop/src-tauri/src/lib.rs as evidence that the ruled stack, SQLite store and .opsproj naming exist; that citation does not make this capability part of the member. DEL-00-01 is the ADR baseline (decision structure only) and owns no implementation."
RC-00-0190,NOT_MINE,,"Not mine: 'Builds the native macOS menu bar and forwards each menu choice to the web view as a DOM event for the...' is behaviour of the desktop native shell (src-tauri). The forward ledger cites apps/desktop/src-tauri/src/lib.rs as evidence that the ruled stack, SQLite store and .opsproj naming exist; that citation does not make this capability part of the member. DEL-00-01 is the ADR baseline (decision structure only) and owns no implementation."
RC-00-0191,NOT_MINE,,"Not mine: 'Defines what the public repository may and must not contain, required provenance fields, the quarantine...' is behaviour of docs/IP_AND_DATA_BOUNDARY.md. The forward ledger cites docs/IP_AND_DATA_BOUNDARY.md as context for the protected-data rule in REQ-01-05; that citation does not make this capability part of the member. DEL-00-01 is the ADR baseline (decision structure only) and owns no implementation."
RC-00-0192,NOT_MINE,,"Not mine: 'Shades pipe figures with an untextured matte shader that darkens toward the silhouette and draws an...' is behaviour of the desktop GUI feature viewport, outside this member's claims and cited paths. DEL-00-01 is the ADR baseline (decision structure only) and owns no implementation."
RC-00-0193,NOT_MINE,,"Not mine: 'Holds reusable checking-entry profiles for program checks, once real checks harden them' is behaviour of docs/CHECKING_ENTRY_PROFILES.md, outside this member's claims and cited paths. DEL-00-01 is the ADR baseline (decision structure only) and owns no implementation."
RC-00-0194,NOT_MINE,,"Not mine: 'Builds a stress-neutral CSV and JSON result package for the current run with per-row unit witnesses,...' is behaviour of the desktop GUI feature stress-neutral, outside this member's claims and cited paths. DEL-00-01 is the ADR baseline (decision structure only) and owns no implementation."
RC-00-0195,NOT_MINE,,"Not mine: 'Lets the user orient the camera with isometric, front and top presets, a view cube and orientation gizmo,...' is behaviour of the desktop GUI feature viewport, outside this member's claims and cited paths. DEL-00-01 is the ADR baseline (decision structure only) and owns no implementation."
RC-00-0196,NOT_MINE,,"Not mine: 'States the code-neutral analysis boundary: rules, prohibited public content, separation of mechanics...' is behaviour of docs/architecture/code_neutral_analysis_boundary.md, outside this member's claims and cited paths. DEL-00-01 is the ADR baseline (decision structure only) and owns no implementation."
RC-00-0197,NOT_MINE,,"Not mine: 'Inventories dependency registers across the working tree and optionally validates each one, writing...' is behaviour of tools/coordination/dependency_semantic_refresh_fanin.py, outside this member's claims and cited paths. DEL-00-01 is the ADR baseline (decision structure only) and owns no implementation."
RC-00-0198,NOT_MINE,,"Not mine: 'Defines provider-neutral target mapping metadata, with flags for unsupported or approximate behaviour,...' is behaviour of the schema target_mapping.schema.json, outside this member's claims and cited paths. DEL-00-01 is the ADR baseline (decision structure only) and owns no implementation."
RC-00-0199,NOT_MINE,,"Not mine: 'Reviews missing, assumed, nonlinear and IP-boundary data warnings, reports which block solve or rule...' is behaviour of the desktop GUI feature missing-data, outside this member's claims and cited paths. DEL-00-01 is the ADR baseline (decision structure only) and owns no implementation."
RC-00-0200,NOT_MINE,,"Not mine: 'Resolves canvas colours for light and dark themes from the product design-token file through a fixed...' is behaviour of the desktop GUI feature viewport, outside this member's claims and cited paths. DEL-00-01 is the ADR baseline (decision structure only) and owns no implementation."
RC-00-0201,NOT_MINE,,"Not mine: 'Offers Project page controls to create, start blank, open, list and save local projects, open a listed...' is behaviour of the desktop app (src/App.tsx), outside this member's claims and cited paths. DEL-00-01 is the ADR baseline (decision structure only) and owns no implementation."
RC-00-0202,NOT_MINE,,"Not mine: 'Renders JSON as RFC 8785 canonical text (UTF-16 key order, ECMAScript number form) so every hash seam...' is behaviour of the core module serialization/canonical_json, outside this member's claims and cited paths. DEL-00-01 is the ADR baseline (decision structure only) and owns no implementation."
RC-00-0203,NOT_MINE,,"Not mine: 'Results panel with text and family filters, paging, result detail, endpoint-pair tables, governing ratio...' is behaviour of the desktop GUI feature results, outside this member's claims and cited paths. DEL-00-01 is the ADR baseline (decision structure only) and owns no implementation."
RC-00-0204,NOT_MINE,,"Not mine: 'Regression-tests the product linear static preview in sparse and dense modes on an invented cantilever...' is behaviour of validation/benchmarks/physics_audit_regression/src/lib.rs, outside this member's claims and cited paths. DEL-00-01 is the ADR baseline (decision structure only) and owns no implementation."
RC-00-0205,NOT_MINE,,"Not mine: 'Publishes the accepted unit catalogue with dimensions, transform kinds and provenance, and lets the UI...' is behaviour of the desktop native shell (src-tauri). The forward ledger cites apps/desktop/src-tauri/src/lib.rs as evidence that the ruled stack, SQLite store and .opsproj naming exist; that citation does not make this capability part of the member. DEL-00-01 is the ADR baseline (decision structure only) and owns no implementation."
RC-00-0206,NOT_MINE,,"Not mine: 'Defines non-authoritative metadata for external-prover workflows: tags, notes, references, attachments,...' is behaviour of the schema external_prover_metadata.schema.json, outside this member's claims and cited paths. DEL-00-01 is the ADR baseline (decision structure only) and owns no implementation."
RC-00-0207,NOT_MINE,,"Not mine: 'Provides the canonical dimension vocabulary, exponent-vector algebra and a closed SI/US unit catalog with...' is behaviour of the core module units/src, outside this member's claims and cited paths. DEL-00-01 is the ADR baseline (decision structure only) and owns no implementation."
RC-00-0208,NOT_MINE,,"Not mine: 'Checks viewport hide, isolate, dim and show-all behaviour and its independence from model history and...' is behaviour of the desktop browser-test suite, outside this member's claims and cited paths. DEL-00-01 is the ADR baseline (decision structure only) and owns no implementation."
RC-00-0209,NOT_MINE,,"Not mine: 'Defines analysis status envelopes that keep software-computed mechanics and rule-pack statuses separate...' is behaviour of the schema analysis_status.schema.yaml, outside this member's claims and cited paths. DEL-00-01 is the ADR baseline (decision structure only) and owns no implementation."
RC-00-0210,NOT_MINE,,"Not mine: 'Deterministically regenerates per-case validation manual pages from committed hand-calc notes, benchmark...' is behaviour of docs/validation_manual/cases/generate_validation_case_pages.py, outside this member's claims and cited paths. DEL-00-01 is the ADR baseline (decision structure only) and owns no implementation."
RC-00-0211,NOT_MINE,,"Not mine: 'Assigns a shared pipe section to the selected pipe or detaches it to local dimensions, queued for review' is behaviour of the desktop GUI feature toolkit, outside this member's claims and cited paths. DEL-00-01 is the ADR baseline (decision structure only) and owns no implementation."
RC-00-0212,NOT_MINE,,"Not mine: 'Describes how agentic development proceeds: authority and role maps, phase-aware coordination, default...' is behaviour of docs/AGENTIC_DEVELOPMENT_WORKFLOW.md, outside this member's claims and cited paths. DEL-00-01 is the ADR baseline (decision structure only) and owns no implementation."
RC-00-0213,NOT_MINE,,"Not mine: 'Validates a rule-pack document and computes or stamps its document checksum' is behaviour of the desktop native shell (src-tauri). The forward ledger cites apps/desktop/src-tauri/src/lib.rs as evidence that the ruled stack, SQLite store and .opsproj naming exist; that citation does not make this capability part of the member. DEL-00-01 is the ADR baseline (decision structure only) and owns no implementation."
RC-00-0214,NOT_MINE,,"Not mine: 'Displays a reopened saved run as historical evidence with its findings and read-only results, stating it...' is behaviour of the desktop GUI feature results, outside this member's claims and cited paths. DEL-00-01 is the ADR baseline (decision structure only) and owns no implementation."
RC-00-0215,NOT_MINE,,"Not mine: 'Invented PCF export package, its source payload and the emitted .pcf text' is behaviour of fixtures/pcf_export/, outside this member's claims and cited paths. DEL-00-01 is the ADR baseline (decision structure only) and owns no implementation."
RC-00-0216,NOT_MINE,,"Not mine: 'Prepares wind, seismic and occasional loads as explicit equivalent-static mechanics inputs when a basis or...' is behaviour of the core module loads/primitive_loads, outside this member's claims and cited paths. DEL-00-01 is the ADR baseline (decision structure only) and owns no implementation."
RC-00-0217,NOT_MINE,,"Not mine: 'Records the aggregate user rule-check status against the currently rendered model, result and input...' is behaviour of the desktop GUI feature workspace, outside this member's claims and cited paths. DEL-00-01 is the ADR baseline (decision structure only) and owns no implementation."
RC-00-0218,NOT_MINE,,"Not mine: 'Defines named immutable model-state records with metadata, assumptions, warnings, external references and...' is behaviour of the schema model_state.schema.json, outside this member's claims and cited paths. DEL-00-01 is the ADR baseline (decision structure only) and owns no implementation."
RC-00-0219,NOT_MINE,,"Not mine: 'Provides generated invented inputs and captured outputs for the headless runner command line (solve,...' is behaviour of validation/witness/inputs/generate_tp_runner_015_inputs.py, outside this member's claims and cited paths. DEL-00-01 is the ADR baseline (decision structure only) and owns no implementation."
RC-00-0220,COVERS,DEL-00-01:AB#realized-artifacts,ADR-0001 (accepted; DEC-020) on this member's ADR surface records the decision that the wasm operation engine is the sole browser-mode engine with no fallback; this feature-gated wasm API is the engine it names. Record relation only.
RC-00-0221,NOT_MINE,,"Not mine: 'Maps registered software status and evidence tokens to display labels with their authority domain, and...' is behaviour of the desktop GUI feature workspace, outside this member's claims and cited paths. DEL-00-01 is the ADR baseline (decision structure only) and owns no implementation."
RC-00-0222,NOT_MINE,,"Not mine: 'Converts between the node-tagged JSON expression encoding in rule-pack documents and the evaluator's typed...' is behaviour of the core module rules/rule_pack_document, outside this member's claims and cited paths. DEL-00-01 is the ADR baseline (decision structure only) and owns no implementation."
RC-00-0223,NOT_MINE,,"Not mine: 'Queues removal of a selected material, section or component for review, where inbound references block...' is behaviour of the desktop GUI feature toolkit, outside this member's claims and cited paths. DEL-00-01 is the ADR baseline (decision structure only) and owns no implementation."
RC-00-0224,NOT_MINE,,"Not mine: 'Guides end users through scope limits, setup and storage, project creation, modeling, solving and reading...' is behaviour of docs/user_guide/index.md, outside this member's claims and cited paths. DEL-00-01 is the ADR baseline (decision structure only) and owns no implementation."
RC-00-0225,NOT_MINE,,"Not mine: 'Provides an in-page application menu bar (File, Edit, View, Insert, Analyze) with enabled/checked states...' is behaviour of the desktop app (src/App.tsx), outside this member's claims and cited paths. DEL-00-01 is the ADR baseline (decision structure only) and owns no implementation."
RC-00-0226,NOT_MINE,,"Not mine: 'Records agent rationale as decision-support metadata bound to operation and audit context, flagging...' is behaviour of the core module model_operations/agent_rationale, outside this member's claims and cited paths. DEL-00-01 is the ADR baseline (decision structure only) and owns no implementation."
RC-00-0227,NOT_MINE,,"Not mine: 'Tracks the solve job audit through start, backend polling, cancel, complete and failure, invalidates stale...' is behaviour of the desktop GUI feature workspace, outside this member's claims and cited paths. DEL-00-01 is the ADR baseline (decision structure only) and owns no implementation."
RC-00-0228,NOT_MINE,,"Not mine: 'Maps the documentation package for readers and agents and records a machine-readable manifest of the seed...' is behaviour of docs/README.md, outside this member's claims and cited paths. DEL-00-01 is the ADR baseline (decision structure only) and owns no implementation."
RC-00-0229,NOT_MINE,,"Not mine: 'Invented CAEPIPE external-run evidence packages (skipped and parser-only) plus a sample result CSV for the...' is behaviour of fixtures/caepipe_external/, outside this member's claims and cited paths. DEL-00-01 is the ADR baseline (decision structure only) and owns no implementation."
RC-00-0230,NOT_MINE,,"Not mine: 'Inserts component symbols (bend, tee, reducer, valve, flange, expansion joint) at a node, resolving the...' is behaviour of the core module model_operations/operation_applier, outside this member's claims and cited paths. DEL-00-01 is the ADR baseline (decision structure only) and owns no implementation."
RC-00-0231,NOT_MINE,,"Not mine: 'Invented accepted model state, valid operation set, and a corpus of accept and block model-operation cases...' is behaviour of fixtures/model_operations/, outside this member's claims and cited paths. DEL-00-01 is the ADR baseline (decision structure only) and owns no implementation."
RC-00-0232,NOT_MINE,,"Not mine: 'States the telemetry policy: default-off semantics, initialization, event allowlist, metadata-only guard,...' is behaviour of docs/security/telemetry_policy.md, outside this member's claims and cited paths. DEL-00-01 is the ADR baseline (decision structure only) and owns no implementation."
RC-00-0233,NOT_MINE,,"Not mine: 'Invented valid section, component and combined section-component library documents' is behaviour of fixtures/component/, outside this member's claims and cited paths. DEL-00-01 is the ADR baseline (decision structure only) and owns no implementation."
RC-00-0234,NOT_MINE,,"Not mine: 'Defines the workspace shell's stages, views, per-stage view memory, section homes, stage tabs, inspector...' is behaviour of the desktop GUI feature workspace, outside this member's claims and cited paths. DEL-00-01 is the ADR baseline (decision structure only) and owns no implementation."
RC-00-0235,NOT_MINE,,"Not mine: 'Invented valid hanger library plus a large table of accept and reject hanger import cases with expected...' is behaviour of fixtures/hanger/, outside this member's claims and cited paths. DEL-00-01 is the ADR baseline (decision structure only) and owns no implementation."
RC-00-0236,NOT_MINE,,"Not mine: 'Explains classical-to-modern centerline piping analysis, what a global 3D frame model decides and does...' is behaviour of docs/theory/centerline_analysis.md, outside this member's claims and cited paths. DEL-00-01 is the ADR baseline (decision structure only) and owns no implementation."
RC-00-0237,NOT_MINE,,"Not mine: 'Structured expression composer builds the typed formula tree (arithmetic, compare, logical, min/max,...' is behaviour of the desktop GUI feature rule-packs, outside this member's claims and cited paths. DEL-00-01 is the ADR baseline (decision structure only) and owns no implementation."
RC-00-0238,NOT_MINE,,"Not mine: 'Top toolbar showing the project name and edited marker, undo and redo, run and stop, view switch,...' is behaviour of the desktop GUI feature workspace, outside this member's claims and cited paths. DEL-00-01 is the ADR baseline (decision structure only) and owns no implementation."
RC-00-0239,NOT_MINE,,"Not mine: 'Gives agents project-specific instructions: path anchors, knowledge sources, project boundaries, execution...' is behaviour of AGENTS.md, outside this member's claims and cited paths. DEL-00-01 is the ADR baseline (decision structure only) and owns no implementation."
RC-00-0240,NOT_MINE,,"Not mine: 'Defines the professional boundary and product-claims policy: authority boundaries, permitted and...' is behaviour of docs/PROFESSIONAL_BOUNDARY.md, outside this member's claims and cited paths. DEL-00-01 is the ADR baseline (decision structure only) and owns no implementation."
RC-00-0241,NOT_MINE,,"Not mine: 'Validates hanger library imports against the standalone hanger schema: identities, repeated records,...' is behaviour of the core module library_import/provenance_checker.py, outside this member's claims and cited paths. DEL-00-01 is the ADR baseline (decision structure only) and owns no implementation."
RC-00-0242,NOT_MINE,,"Not mine: 'Defines 3D centreline viewport state, view primitives, selection, diagnostics and command intents,...' is behaviour of the schema viewport_editor.schema.yaml, outside this member's claims and cited paths. DEL-00-01 is the ADR baseline (decision structure only) and owns no implementation."
RC-00-0243,NOT_MINE,,"Not mine: 'Creates, opens, saves, version-checks and migrates a local SQLite project store and rebuilds its retrieval...' is behaviour of the core module project_persistence/service.py, outside this member's claims and cited paths. DEL-00-01 is the ADR baseline (decision structure only) and owns no implementation."
RC-00-0244,NOT_MINE,,"Not mine: 'Shows a mechanics gap ledger listing preview mechanics capabilities with implemented or deferred status...' is behaviour of the desktop GUI feature results, outside this member's claims and cited paths. DEL-00-01 is the ADR baseline (decision structure only) and owns no implementation."
RC-00-0245,NOT_MINE,,"Not mine: 'Configures the governance harness for this project: where status files live, lifecycle states, parser...' is behaviour of _harness/adapter.yaml, outside this member's claims and cited paths. DEL-00-01 is the ADR baseline (decision structure only) and owns no implementation."
RC-00-0246,NOT_MINE,,"Not mine: 'Connects a pipe run between two existing nodes and deletes pipe runs, checking endpoints, section geometry...' is behaviour of the core module model_operations/operation_applier, outside this member's claims and cited paths. DEL-00-01 is the ADR baseline (decision structure only) and owns no implementation."
RC-00-0247,NOT_MINE,,"Not mine: 'Holds and orchestrates the desktop workspace session state (model, selection, results, operations,...' is behaviour of the desktop GUI feature workspace, outside this member's claims and cited paths. DEL-00-01 is the ADR baseline (decision structure only) and owns no implementation."
RC-00-0248,NOT_MINE,,"Not mine: 'Defines the governed vocabulary of boundary statements and evidence-status labels, composite anchors and...' is behaviour of docs/claims_registry.md, outside this member's claims and cited paths. DEL-00-01 is the ADR baseline (decision structure only) and owns no implementation."
RC-00-0249,NOT_MINE,,"Not mine: 'Composes design-knowledge, constraint-warning, state/run browser, comparison tables, graphical overlays...' is behaviour of the core module gui/design_workspace, outside this member's claims and cited paths. DEL-00-01 is the ADR baseline (decision structure only) and owns no implementation."
RC-00-0250,NOT_MINE,,"Not mine: 'Provides a compact accessible select control with scoped identity used by inspector, viewport and...' is behaviour of the desktop GUI feature workspace, outside this member's claims and cited paths. DEL-00-01 is the ADR baseline (decision structure only) and owns no implementation."
RC-00-0251,NOT_MINE,,"Not mine: 'Owns the WebGL renderer lifecycle: invalidation-driven frame scheduling, a resource ownership ledger with...' is behaviour of the desktop GUI feature viewport, outside this member's claims and cited paths. DEL-00-01 is the ADR baseline (decision structure only) and owns no implementation."
RC-00-0252,NOT_MINE,,"Not mine: 'Provides shared batch-form parsing of required text and finite numbers, batch ID generation, and an async...' is behaviour of the desktop GUI feature geometry-tools, outside this member's claims and cited paths. DEL-00-01 is the ADR baseline (decision structure only) and owns no implementation."
RC-00-0253,NOT_MINE,,"Not mine: 'Lists work-item lifecycle status from local status files, optionally joined to a selected dependency...' is behaviour of tools/coordination/list_deliverable_status.py. The forward ledger cites tools/coordination/list_deliverable_status.py as the census tool that reads its _STATUS.md; that citation does not make this capability part of the member. DEL-00-01 is the ADR baseline (decision structure only) and owns no implementation."
RC-00-0254,NOT_MINE,,"Not mine: 'Enforces the library import provenance and quarantine rules in the desktop runtime, projecting findings...' is behaviour of the core module library_import/library_import_document. The forward ledger cites apps/desktop/src-tauri/src/lib.rs as evidence that the ruled stack, SQLite store and .opsproj naming exist; that citation does not make this capability part of the member. DEL-00-01 is the ADR baseline (decision structure only) and owns no implementation."
RC-00-0255,NOT_MINE,,"Not mine: 'Defines the result envelope of an operation validate-only or apply run, carrying per-operation outcomes...' is behaviour of the schema operation_outcome.schema.json, outside this member's claims and cited paths. DEL-00-01 is the ADR baseline (decision structure only) and owns no implementation."
RC-00-0256,NOT_MINE,,"Not mine: 'Box-selects entities by dragging a window or crossing rectangle, filtered to all, pipes, nodes, supports...' is behaviour of the desktop GUI feature viewport, outside this member's claims and cited paths. DEL-00-01 is the ADR baseline (decision structure only) and owns no implementation."
RC-00-0257,NOT_MINE,,"Not mine: 'Explains the Rust library import validation crate, its relation to the Python contract and its parity testing' is behaviour of the core module library_import/library_import_document, outside this member's claims and cited paths. DEL-00-01 is the ADR baseline (decision structure only) and owns no implementation."
RC-00-0258,NOT_MINE,,"Not mine: 'Validates a dependency register CSV against the canonical column set, enumerations and row rules,...' is behaviour of tools/validation/validate_dependencies_schema.py, outside this member's claims and cited paths. DEL-00-01 is the ADR baseline (decision structure only) and owns no implementation."
RC-00-0259,NOT_MINE,,"Not mine: 'Provides a feature-gated command-line canonicalizer that reads a versioned batch request on stdin and...' is behaviour of the core module serialization/canonical_json, outside this member's claims and cited paths. DEL-00-01 is the ADR baseline (decision structure only) and owns no implementation."
RC-00-0260,NOT_MINE,,"Not mine: 'Stages an allowlisted, sanitized public export of the project tree with a path/size/hash manifest,...' is behaviour of tools/release/export_public_openpipestress.py, outside this member's claims and cited paths. DEL-00-01 is the ADR baseline (decision structure only) and owns no implementation."
RC-00-0261,NOT_MINE,,"Not mine: 'Invented valid material library document' is behaviour of fixtures/material/, outside this member's claims and cited paths. DEL-00-01 is the ADR baseline (decision structure only) and owns no implementation."
RC-00-0262,NOT_MINE,,"Not mine: 'Applies thermal expansion as equivalent element loads with fixed-end axial correction, requiring an...' is behaviour of the core module product_physics/src, outside this member's claims and cited paths. DEL-00-01 is the ADR baseline (decision structure only) and owns no implementation."
RC-00-0263,NOT_MINE,,"Not mine: 'Validates formal calculation witnesses against a JSON schema, evaluates their expressions with dimensional...' is behaviour of validation/witness/tools/witness_validator.py, outside this member's claims and cited paths. DEL-00-01 is the ADR baseline (decision structure only) and owns no implementation."
RC-00-0264,NOT_MINE,,"Not mine: 'Converts displayed quantities through the external unit engine in batched, deduplicated requests, drops...' is behaviour of the desktop GUI feature display-units, outside this member's claims and cited paths. DEL-00-01 is the ADR baseline (decision structure only) and owns no implementation."
RC-00-0265,NOT_MINE,,"Not mine: 'Defines material library records with temperature-dependent property slots, provenance, redistribution...' is behaviour of the schema material.schema.yaml, outside this member's claims and cited paths. DEL-00-01 is the ADR baseline (decision structure only) and owns no implementation."
RC-00-0266,NOT_MINE,,"Not mine: 'States the local-first storage policy: storage resolution rules, metadata-only storage guard, symbolic...' is behaviour of docs/security/local_first_storage_policy.md, outside this member's claims and cited paths. DEL-00-01 is the ADR baseline (decision structure only) and owns no implementation."
RC-00-0267,NOT_MINE,,"Not mine: 'Documents hand calculations and provenance for the invented mechanics benchmark fixtures, including...' is behaviour of validation/hand_calcs/mechanics/, outside this member's claims and cited paths. DEL-00-01 is the ADR baseline (decision structure only) and owns no implementation."
RC-00-0268,NOT_MINE,,"Not mine: 'Evaluates model-document schema versions, migrates older documents in memory, refuses newer or unsupported...' is behaviour of the desktop native shell (src-tauri). The forward ledger cites apps/desktop/src-tauri/src/lib.rs as evidence that the ruled stack, SQLite store and .opsproj naming exist; that citation does not make this capability part of the member. DEL-00-01 is the ADR baseline (decision structure only) and owns no implementation."
RC-00-0269,NOT_MINE,,"Not mine: 'Defines the operation-outcome document (diagnostics, diff rows, model-basis hash evidence, validation...' is behaviour of the core module model_operations/operation_applier, outside this member's claims and cited paths. DEL-00-01 is the ADR baseline (decision structure only) and owns no implementation."
RC-00-0270,NOT_MINE,,"Not mine: 'Builds a cached index of model entities with 3D bounds, spatial chunks and section bindings, and checks...' is behaviour of the desktop GUI feature workspace, outside this member's claims and cited paths. DEL-00-01 is the ADR baseline (decision structure only) and owns no implementation."
RC-00-0271,NOT_MINE,,"Not mine: 'Defines structured model-edit operations proposed from the GUI or an agent; they stay proposals until...' is behaviour of the schema model_operation.schema.json, outside this member's claims and cited paths. DEL-00-01 is the ADR baseline (decision structure only) and owns no implementation."
RC-00-0272,NOT_MINE,,"Not mine: 'Explains the library import provenance checker, its checks and limits, and the hanger library boundary' is behaviour of the core module library_import/README.md, outside this member's claims and cited paths. DEL-00-01 is the ADR baseline (decision structure only) and owns no implementation."
RC-00-0273,NOT_MINE,,"Not mine: 'Defines provenance-marked constraint records from user, project, import, agent or source origins, with no...' is behaviour of the schema constraint.schema.json, outside this member's claims and cited paths. DEL-00-01 is the ADR baseline (decision structure only) and owns no implementation."
RC-00-0274,NOT_MINE,,"Not mine: 'Validates grouped (composite) support boundary-association metadata across a batch, requiring complete...' is behaviour of the core module model_operations/operation_applier, outside this member's claims and cited paths. DEL-00-01 is the ADR baseline (decision structure only) and owns no implementation."
RC-00-0275,NOT_MINE,,"Not mine: 'Adds view, stage, theme and density switching commands to the command palette with the same states and...' is behaviour of the desktop app (src/App.tsx), outside this member's claims and cited paths. DEL-00-01 is the ADR baseline (decision structure only) and owns no implementation."
RC-00-0276,NOT_MINE,,"Not mine: 'Overlays the deformed shape from solved displacement results with a status, summary and boundary note, and...' is behaviour of the desktop GUI feature viewport, outside this member's claims and cited paths. DEL-00-01 is the ADR baseline (decision structure only) and owns no implementation."
RC-00-0277,NOT_MINE,,"Not mine: 'Shows the design-agent workbench: selection, target, queue and boundary facts with Run, Propose, Review...' is behaviour of the desktop app (src/App.tsx), outside this member's claims and cited paths. DEL-00-01 is the ADR baseline (decision structure only) and owns no implementation."
RC-00-0278,NOT_MINE,,"Not mine: 'Provides generated invented inputs and captured runner outputs for benchmark and regression commands bound...' is behaviour of validation/witness/inputs/generate_del1005_payload_binding_inputs.py, outside this member's claims and cited paths. DEL-00-01 is the ADR baseline (decision structure only) and owns no implementation."
RC-00-0279,NOT_MINE,,"Not mine: 'Lets the user validate and apply queued structured operations one at a time, see engine and unit-policy...' is behaviour of the desktop GUI feature operations, outside this member's claims and cited paths. DEL-00-01 is the ADR baseline (decision structure only) and owns no implementation."
RC-00-0280,NOT_MINE,,"Not mine: 'Assigns each solver result row its canonical physical dimension from its kind and component, rejecting...' is behaviour of the desktop frontend service previewService.ts, outside this member's claims and cited paths. DEL-00-01 is the ADR baseline (decision structure only) and owns no implementation."
RC-00-0281,NOT_MINE,,"Not mine: 'Checks the built production bundle serves the wasm engine, carries result packages, applies self-weight...' is behaviour of the desktop browser-test suite, outside this member's claims and cited paths. DEL-00-01 is the ADR baseline (decision structure only) and owns no implementation."
RC-00-0282,NOT_MINE,,"Not mine: 'Applies one validated editor operation to a cloned model document and returns the new document with a...' is behaviour of the core module model_operations/operation_applier. The forward ledger cites apps/desktop/src-tauri/src/lib.rs as evidence that the ruled stack, SQLite store and .opsproj naming exist; that citation does not make this capability part of the member. DEL-00-01 is the ADR baseline (decision structure only) and owns no implementation."
RC-00-0283,NOT_MINE,,"Not mine: 'Declares the toolkit command vocabulary with status and route, and decides availability from selection...' is behaviour of the desktop GUI feature toolkit, outside this member's claims and cited paths. DEL-00-01 is the ADR baseline (decision structure only) and owns no implementation."
RC-00-0284,NOT_MINE,,"Not mine: 'Defines review-geometry glTF export packages with a deterministic JSON .gltf artifact, sidecar stable...' is behaviour of the schema review_geometry_export.schema.json, outside this member's claims and cited paths. DEL-00-01 is the ADR baseline (decision structure only) and owns no implementation."
RC-00-0285,COVERS,DEL-00-01:AB,"The D-43 validator checks this member's ArchitectureBasis.md (marker, AB-00-01 row, manifest hash); record relation only, the D-43 tooling owns it."
RC-00-0286,NOT_MINE,,"Not mine: 'Hosts the Operations section tabs (review, geometry, supports, self weight, agent, details), including...' is behaviour of the desktop app (src/App.tsx), outside this member's claims and cited paths. DEL-00-01 is the ADR baseline (decision structure only) and owns no implementation."
RC-00-0287,NOT_MINE,,"Not mine: 'Computes canonical JSON and SHA-256 hashes (including a checked profile) for models, project envelopes and...' is behaviour of the desktop frontend service hashService.ts, outside this member's claims and cited paths. DEL-00-01 is the ADR baseline (decision structure only) and owns no implementation."
RC-00-0288,NOT_MINE,,"Not mine: 'Defines pipe section library records: user-entered dimensions, calculated-property slots, provenance,...' is behaviour of the schema section.schema.yaml, outside this member's claims and cited paths. DEL-00-01 is the ADR baseline (decision structure only) and owns no implementation."
RC-00-0289,NOT_MINE,,"Not mine: 'Editor contract review listing material, component and rule-pack reference editors, field readiness,...' is behaviour of the desktop GUI feature editor-contract, outside this member's claims and cited paths. DEL-00-01 is the ADR baseline (decision structure only) and owns no implementation."
RC-00-0290,NOT_MINE,,"Not mine: 'Blocks report export when the bundled template, the assembled pre-render section text or the final...' is behaviour of the core module reporting/report_renderer, outside this member's claims and cited paths. DEL-00-01 is the ADR baseline (decision structure only) and owns no implementation."
RC-00-0291,NOT_MINE,,"Not mine: 'Lets the user switch the tree to a grid layout and bulk-edit nodes, materials and sections in tables, then...' is behaviour of the desktop GUI feature model-tree, outside this member's claims and cited paths. DEL-00-01 is the ADR baseline (decision structure only) and owns no implementation."
RC-00-0292,NOT_MINE,,"Not mine: 'Builds a deterministic accessibility and usability baseline review over GUI surface records (viewport,...' is behaviour of the core module gui/accessibility, outside this member's claims and cited paths. DEL-00-01 is the ADR baseline (decision structure only) and owns no implementation."
RC-00-0293,NOT_MINE,,"Not mine: 'Defines the guidance labels and contract notes for handing a model region off to local finite-element analysis' is behaviour of docs/local_analysis/local_fea_handoff_guidance.md, outside this member's claims and cited paths. DEL-00-01 is the ADR baseline (decision structure only) and owns no implementation."
RC-00-0294,NOT_MINE,,"Not mine: 'Draws dimmed entities at reduced opacity by partitioning instanced meshes into prepared companion batches,...' is behaviour of the desktop GUI feature viewport, outside this member's claims and cited paths. DEL-00-01 is the ADR baseline (decision structure only) and owns no implementation."
RC-00-0295,NOT_MINE,,"Not mine: 'Keeps disabled controls focusable and exposes their disabled reason to assistive technology through a...' is behaviour of the desktop GUI feature workspace, outside this member's claims and cited paths. DEL-00-01 is the ADR baseline (decision structure only) and owns no implementation."
RC-00-0296,NOT_MINE,,"Not mine: 'Converts quantities for display through the unit catalog without altering stored values, returning...' is behaviour of the core module model_operations/operation_applier. The forward ledger cites apps/desktop/src-tauri/src/lib.rs as evidence that the ruled stack, SQLite store and .opsproj naming exist; that citation does not make this capability part of the member. DEL-00-01 is the ADR baseline (decision structure only) and owns no implementation."
RC-00-0297,NOT_MINE,,"Not mine: 'Builds result-viewer records for displacement, rotation, force, moment, reaction, stress and ratio results...' is behaviour of the core module gui/results_viewer, outside this member's claims and cited paths. DEL-00-01 is the ADR baseline (decision structure only) and owns no implementation."
RC-00-0298,NOT_MINE,,"Not mine: 'Provides virtualized scrolling lists and single or multi target pickers for large entity sets' is behaviour of the desktop GUI feature workspace, outside this member's claims and cited paths. DEL-00-01 is the ADR baseline (decision structure only) and owns no implementation."
RC-00-0299,NOT_MINE,,"Not mine: 'Lets the user draft inspector edit intents: change a property with unit and rationale, create materials,...' is behaviour of the desktop GUI feature model-tree, outside this member's claims and cited paths. DEL-00-01 is the ADR baseline (decision structure only) and owns no implementation."
RC-00-0300,NOT_MINE,,"Not mine: 'Preserves the superseded first version of the product requirements for history and comparison' is behaviour of docs/_history/PRD_v0.1.md, outside this member's claims and cited paths. DEL-00-01 is the ADR baseline (decision structure only) and owns no implementation."
RC-00-0301,NOT_MINE,,"Not mine: 'Blocks edits whose stated before-value is stale or whose claimed model hash does not match the current...' is behaviour of the core module model_operations/operation_applier, outside this member's claims and cited paths. DEL-00-01 is the ADR baseline (decision structure only) and owns no implementation."
RC-00-0302,NOT_MINE,,"Not mine: 'States the verification and validation strategy: principle, benchmark families, validation manual...' is behaviour of docs/VALIDATION_STRATEGY.md, outside this member's claims and cited paths. DEL-00-01 is the ADR baseline (decision structure only) and owns no implementation."
RC-00-0303,NOT_MINE,,"Not mine: 'Operation diff preview showing before and after values with units for queued intents and proposals, with a...' is behaviour of the desktop GUI feature diff-preview, outside this member's claims and cited paths. DEL-00-01 is the ADR baseline (decision structure only) and owns no implementation."
RC-00-0304,NOT_MINE,,"Not mine: 'Computes model and project-envelope hashes when a project is saved and reports whether stored hashes still...' is behaviour of the desktop native shell (src-tauri). The forward ledger cites apps/desktop/src-tauri/src/lib.rs as evidence that the ruled stack, SQLite store and .opsproj naming exist; that citation does not make this capability part of the member. DEL-00-01 is the ADR baseline (decision structure only) and owns no implementation."
RC-00-0305,NOT_MINE,,"Not mine: 'Defines comparison participants, manual and automatic mappings, unmatched classifications and...' is behaviour of the schema comparison_mapping.schema.json, outside this member's claims and cited paths. DEL-00-01 is the ADR baseline (decision structure only) and owns no implementation."
RC-00-0306,NOT_MINE,,"Not mine: 'Creates and deletes nodes, refusing deletes of nodes still referenced by pipes, supports, components or loads' is behaviour of the core module model_operations/operation_applier, outside this member's claims and cited paths. DEL-00-01 is the ADR baseline (decision structure only) and owns no implementation."
RC-00-0307,NOT_MINE,,"Not mine: 'Tells contributors what may be contributed, the required certification, review routing, rejection and...' is behaviour of CONTRIBUTING.md, outside this member's claims and cited paths. DEL-00-01 is the ADR baseline (decision structure only) and owns no implementation."
RC-00-0308,NOT_MINE,,"Not mine: 'Documents how to reproduce headless runner benchmark and regression evidence: a frozen procedure, per-case...' is behaviour of docs/validation_manual/headless_runner_reproduction.md, outside this member's claims and cited paths. DEL-00-01 is the ADR baseline (decision structure only) and owns no implementation."
RC-00-0309,NOT_MINE,,"Not mine: 'Renders the hash-bound calculation report from controlled input through the linked report renderer' is behaviour of the desktop native shell (src-tauri). The forward ledger cites apps/desktop/src-tauri/src/lib.rs as evidence that the ruled stack, SQLite store and .opsproj naming exist; that citation does not make this capability part of the member. DEL-00-01 is the ADR baseline (decision structure only) and owns no implementation."
RC-00-0310,NOT_MINE,,"Not mine: 'Warms main-branch dependency caches for the desktop browser-test setup when dependency or setup inputs...' is behaviour of .github/workflows/piping-e2e-cache.yml, outside this member's claims and cited paths. DEL-00-01 is the ADR baseline (decision structure only) and owns no implementation."
RC-00-0311,NOT_MINE,,"Not mine: 'Classifies missing-data, provenance, assumption, solve-required and code-check-required conditions into...' is behaviour of the core module gui/warnings, outside this member's claims and cited paths. DEL-00-01 is the ADR baseline (decision structure only) and owns no implementation."
RC-00-0312,NOT_MINE,,"Not mine: 'Invented educational example models: a mechanics-only toy span and a toy model for a fake rule pack' is behaviour of examples/models/invented/, outside this member's claims and cited paths. DEL-00-01 is the ADR baseline (decision structure only) and owns no implementation."
RC-00-0313,NOT_MINE,,"Not mine: 'Builds model-tree nodes, selection and property-inspector records for model entities with validation state...' is behaviour of the core module gui/model_tree, outside this member's claims and cited paths. DEL-00-01 is the ADR baseline (decision structure only) and owns no implementation."
RC-00-0314,NOT_MINE,,"Not mine: 'Summarizes design-workspace state (knowledge records, runs, comparisons, queued operations, routing, units...' is behaviour of the desktop GUI feature design-workspace, outside this member's claims and cited paths. DEL-00-01 is the ADR baseline (decision structure only) and owns no implementation."
RC-00-0315,NOT_MINE,,"Not mine: 'Combines compatible mechanics operands by a user-defined linear combination with explicit numeric factors' is behaviour of the core module loads/load_case_algebra, outside this member's claims and cited paths. DEL-00-01 is the ADR baseline (decision structure only) and owns no implementation."
RC-00-0316,NOT_MINE,,"Not mine: 'Supplies shared unit, analysis-status, persistence-hash and source-of-truth boundary helpers and...' is behaviour of the core module gui/pkg02_boundary.py, outside this member's claims and cited paths. DEL-00-01 is the ADR baseline (decision structure only) and owns no implementation."
RC-00-0317,NOT_MINE,,"Not mine: 'Records how desktop CI selects checks, assigns coverage and duration, schedules full checkpoints and...' is behaviour of docs/CI_STRATEGY.md, outside this member's claims and cited paths. DEL-00-01 is the ADR baseline (decision structure only) and owns no implementation."
RC-00-0318,NOT_MINE,,"Not mine: 'Generates a sample review-only agent proposal from a mechanics result and selected target without changing...' is behaviour of the desktop native shell (src-tauri). The forward ledger cites apps/desktop/src-tauri/src/lib.rs as evidence that the ruled stack, SQLite store and .opsproj naming exist; that citation does not make this capability part of the member. DEL-00-01 is the ADR baseline (decision structure only) and owns no implementation."
RC-00-0319,NOT_MINE,,"Not mine: 'Collects opt-in Rust, Python and desktop coverage telemetry into a commit-bound schema-validated JSON...' is behaviour of tools/release/run_coverage_telemetry.py, outside this member's claims and cited paths. DEL-00-01 is the ADR baseline (decision structure only) and owns no implementation."
RC-00-0320,NOT_MINE,,"Not mine: 'Lets the user choose Entered, SI or US display units for all readouts, while editing stays in entered units' is behaviour of the desktop GUI feature display-units, outside this member's claims and cited paths. DEL-00-01 is the ADR baseline (decision structure only) and owns no implementation."
RC-00-0321,NOT_MINE,,"Not mine: 'Measures shell chrome height and reserves the remaining space for the 3D canvas without feedback from the...' is behaviour of the desktop GUI feature workspace, outside this member's claims and cited paths. DEL-00-01 is the ADR baseline (decision structure only) and owns no implementation."
RC-00-0322,NOT_MINE,,"Not mine: 'Provides public issue forms for bug reports, documentation feedback and questions, with blank issues...' is behaviour of .github/ISSUE_TEMPLATE/README.md, outside this member's claims and cited paths. DEL-00-01 is the ADR baseline (decision structure only) and owns no implementation."
RC-00-0323,NOT_MINE,,"Not mine: 'Defines optional CAEPIPE external-run evidence packages that record skipped or parser-only runs without...' is behaviour of the schema caepipe_external_run.schema.json, outside this member's claims and cited paths. DEL-00-01 is the ADR baseline (decision structure only) and owns no implementation."
RC-00-0324,NOT_MINE,,"Not mine: 'Creates and validates references to external artifacts carried in a project envelope, including hash evidence' is behaviour of the core module project_persistence/service.py, outside this member's claims and cited paths. DEL-00-01 is the ADR baseline (decision structure only) and owns no implementation."
RC-00-0325,NOT_MINE,,"Not mine: 'Lists the editor intents queued from the viewport with their unit-validation status' is behaviour of the desktop GUI feature viewport, outside this member's claims and cited paths. DEL-00-01 is the ADR baseline (decision structure only) and owns no implementation."
RC-00-0326,NOT_MINE,,"Not mine: 'Explains build and release practice: repository baseline, reproducibility inputs, local check profiles,...' is behaviour of docs/BUILD_AND_RELEASE.md, outside this member's claims and cited paths. DEL-00-01 is the ADR baseline (decision structure only) and owns no implementation."
RC-00-0327,NOT_MINE,,"Not mine: 'Creates and deletes supports and replaces a support configuration, validating restraints, springs,...' is behaviour of the core module model_operations/operation_applier, outside this member's claims and cited paths. DEL-00-01 is the ADR baseline (decision structure only) and owns no implementation."
RC-00-0328,NOT_MINE,,"Not mine: 'Defines immutable analysis-run records bound to model state, solver identity, settings, units, load basis,...' is behaviour of the schema analysis_run.schema.json, outside this member's claims and cited paths. DEL-00-01 is the ADR baseline (decision structure only) and owns no implementation."
RC-00-0329,NOT_MINE,,"Not mine: 'Project storage audit reports storage capability, local-only boundary, snapshot and index, hash...' is behaviour of the desktop GUI feature project-storage, outside this member's claims and cited paths. DEL-00-01 is the ADR baseline (decision structure only) and owns no implementation."
RC-00-0330,NOT_MINE,,"Not mine: 'Records nonlinear convergence and residual threshold policies and observations (active-set count, free-DOF...' is behaviour of validation/benchmarks/nonlinear/convergence_policy.dec046.json, outside this member's claims and cited paths. DEL-00-01 is the ADR baseline (decision structure only) and owns no implementation."
RC-00-0331,NOT_MINE,,"Not mine: 'Canonicalizes dependency registers, moves candidate rows to worklists, builds a successor dependency graph...' is behaviour of tools/coordination/dependency_type_rectification.py, outside this member's claims and cited paths. DEL-00-01 is the ADR baseline (decision structure only) and owns no implementation."
RC-00-0332,NOT_MINE,,"Not mine: 'Lets the user resize the table/canvas split and the table drawer by pointer or keyboard, close the...' is behaviour of the desktop app (src/App.tsx), outside this member's claims and cited paths. DEL-00-01 is the ADR baseline (decision structure only) and owns no implementation."
RC-00-0333,NOT_MINE,,"Not mine: 'Provides per-case validation pages for linear mechanics benchmarks (cantilever, thermal, bends, supports,...' is behaviour of docs/validation_manual/cases/mechanics/, outside this member's claims and cited paths. DEL-00-01 is the ADR baseline (decision structure only) and owns no implementation."
RC-00-0334,NOT_MINE,,"Not mine: 'Defines deterministic calculation-report assembly from governed model, result, audit, report-section and...' is behaviour of the schema report_generator.schema.yaml, outside this member's claims and cited paths. DEL-00-01 is the ADR baseline (decision structure only) and owns no implementation."
RC-00-0335,NOT_MINE,,"Not mine: 'Runs browser end-to-end tests in two lanes: a dev-server lane at two window sizes and a lane against the...' is behaviour of the desktop app (playwright.config.ts), outside this member's claims and cited paths. DEL-00-01 is the ADR baseline (decision structure only) and owns no implementation."
RC-00-0336,NOT_MINE,,"Not mine: 'Defines protected-content linter configuration and heuristic findings over public report, template and...' is behaviour of the schema report_protected_content_linter.schema.yaml, outside this member's claims and cited paths. DEL-00-01 is the ADR baseline (decision structure only) and owns no implementation."
RC-00-0337,NOT_MINE,,"Not mine: 'Checks constraint records and design-knowledge references for required fields, provenance, units,...' is behaviour of the core module constraints/validation, outside this member's claims and cited paths. DEL-00-01 is the ADR baseline (decision structure only) and owns no implementation."
RC-00-0338,NOT_MINE,,"Not mine: 'Defines stress-neutral CSV/JSON result export packages for review and downstream tooling, with a version...' is behaviour of the schema stress_neutral_export.schema.json, outside this member's claims and cited paths. DEL-00-01 is the ADR baseline (decision structure only) and owns no implementation."
RC-00-0339,NOT_MINE,,"Not mine: 'Provides invented nonlinear support regression fixtures for one-way, gap, lift-off, friction,...' is behaviour of validation/benchmarks/nonlinear/src/lib.rs, outside this member's claims and cited paths. DEL-00-01 is the ADR baseline (decision structure only) and owns no implementation."
RC-00-0340,NOT_MINE,,"Not mine: 'Reports local storage capability: bundled SQLite, full-text search availability, no network, daemon or...' is behaviour of the desktop native shell (src-tauri). The forward ledger cites apps/desktop/src-tauri/src/lib.rs as evidence that the ruled stack, SQLite store and .opsproj naming exist; that citation does not make this capability part of the member. DEL-00-01 is the ADR baseline (decision structure only) and owns no implementation."
RC-00-0341,NOT_MINE,,"Not mine: 'Creates a blank local model document that is deliberately incomplete, with no fixture entities, hidden...' is behaviour of the desktop frontend service projectService.ts, outside this member's claims and cited paths. DEL-00-01 is the ADR baseline (decision structure only) and owns no implementation."
RC-00-0342,NOT_MINE,,"Not mine: 'Specifies the technical design: architecture, repository layout, domain objects, units,...' is behaviour of docs/SPEC.md, outside this member's claims and cited paths. DEL-00-01 is the ADR baseline (decision structure only) and owns no implementation."
RC-00-0343,NOT_MINE,,"Not mine: 'Carries a project store forward from the app's former data folder on first launch by a consistent SQLite...' is behaviour of the desktop native shell (src-tauri). The forward ledger cites apps/desktop/src-tauri/src/lib.rs as evidence that the ruled stack, SQLite store and .opsproj naming exist; that citation does not make this capability part of the member. DEL-00-01 is the ADR baseline (decision structure only) and owns no implementation."
RC-00-0344,NOT_MINE,,"Not mine: 'Defines export adapter SDK admission packages: target admission, denied runtime grants, validation...' is behaviour of the schema export_adapter_sdk.schema.json, outside this member's claims and cited paths. DEL-00-01 is the ADR baseline (decision structure only) and owns no implementation."
RC-00-0345,NOT_MINE,,"Not mine: 'Holds deterministic generated UI workloads (1,000 and 10,000 pipe models, deformation overlays,...' is behaviour of the desktop browser-test suite, outside this member's claims and cited paths. DEL-00-01 is the ADR baseline (decision structure only) and owns no implementation."
RC-00-0346,NOT_MINE,,"Not mine: 'Defines the versioned project persistence envelope: deterministic JSON round-trip, migration status, hash...' is behaviour of the schema project_persistence.schema.yaml, outside this member's claims and cited paths. DEL-00-01 is the ADR baseline (decision structure only) and owns no implementation."
RC-00-0347,NOT_MINE,,"Not mine: 'Runs a user rule pack's checks against a solved model, binding solver results, user values and...' is behaviour of the desktop native shell (src-tauri). The forward ledger cites apps/desktop/src-tauri/src/lib.rs as evidence that the ruled stack, SQLite store and .opsproj naming exist; that citation does not make this capability part of the member. DEL-00-01 is the ADR baseline (decision structure only) and owns no implementation."
RC-00-0348,NOT_MINE,,"Not mine: 'Documents hand calculations for the stress recovery fixtures (axial, bending, torsion, pressure, range,...' is behaviour of validation/hand_calcs/stress/, outside this member's claims and cited paths. DEL-00-01 is the ADR baseline (decision structure only) and owns no implementation."
RC-00-0349,NOT_MINE,,"Not mine: 'Catalogues project invariants with an enforcement map showing where each is checked, plus retired invariants' is behaviour of docs/CONTRACT.md. The forward ledger cites docs/CONTRACT.md as the source of the OPS-K invariants its requirements restate; that citation does not make this capability part of the member. DEL-00-01 is the ADR baseline (decision structure only) and owns no implementation."
RC-00-0350,NOT_MINE,,"Not mine: 'Saves, opens, lists and deletes user rule packs per project in the local store, allowing drafts with...' is behaviour of the desktop native shell (src-tauri). The forward ledger cites apps/desktop/src-tauri/src/lib.rs as evidence that the ruled stack, SQLite store and .opsproj naming exist; that citation does not make this capability part of the member. DEL-00-01 is the ADR baseline (decision structure only) and owns no implementation."
RC-00-0351,NOT_MINE,,"Not mine: 'Checks returned and reopened project data: recomputes model and envelope hashes against stored claims,...' is behaviour of the desktop GUI feature workspace, outside this member's claims and cited paths. DEL-00-01 is the ADR baseline (decision structure only) and owns no implementation."
RC-00-0352,NOT_MINE,,"Not mine: 'Describes the unit core contract: storage convention for quantities, catalog scope, temperature and...' is behaviour of the core module units/README.md, outside this member's claims and cited paths. DEL-00-01 is the ADR baseline (decision structure only) and owns no implementation."
RC-00-0353,NOT_MINE,,"Not mine: 'Reports viewport status such as 3D context loss, excluded geometry, unit catalog availability, invalid...' is behaviour of the desktop GUI feature viewport, outside this member's claims and cited paths. DEL-00-01 is the ADR baseline (decision structure only) and owns no implementation."
RC-00-0354,NOT_MINE,,"Not mine: 'Hides the selection, isolates it (dimming everything else) or shows all, deriving the effective hidden and...' is behaviour of the desktop GUI feature viewport, outside this member's claims and cited paths. DEL-00-01 is the ADR baseline (decision structure only) and owns no implementation."
RC-00-0355,NOT_MINE,,"Not mine: 'Queues, validates and applies operation batches and frozen route-draft reviews against the current model' is behaviour of the desktop GUI feature workspace, outside this member's claims and cited paths. DEL-00-01 is the ADR baseline (decision structure only) and owns no implementation."
RC-00-0356,NOT_MINE,,"Not mine: 'Records an earlier task run that produced the unit crate, with its scope, tools and outcome' is behaviour of the core module units/_run_records, outside this member's claims and cited paths. DEL-00-01 is the ADR baseline (decision structure only) and owns no implementation."
RC-00-0357,CONSTRAINS,DEL-00-01:AB#resolved-decisions-former-tbd-and-human-ruling-q,The npm workspace for the React/Vite desktop app realizes the DEC-009 stack recorded in this member's resolved decisions; DEL-00-01 records the choice and owns no build file.
RC-00-0358,NOT_MINE,,"Not mine: 'Presents the security threat model: assets, trust boundaries, threat inventory, no-bypass controls,...' is behaviour of docs/security/threat_model.md, outside this member's claims and cited paths. DEL-00-01 is the ADR baseline (decision structure only) and owns no implementation."
RC-00-0359,NOT_MINE,,"Not mine: 'Defines node, material and section table columns and converts table cell edits into structured model...' is behaviour of the desktop GUI feature workspace, outside this member's claims and cited paths. DEL-00-01 is the ADR baseline (decision structure only) and owns no implementation."
RC-00-0360,NOT_MINE,,"Not mine: 'Defines project vocabulary and identity: hierarchy, stable identifiers, work-item types, analysis-status...' is behaviour of docs/TYPES.md, outside this member's claims and cited paths. DEL-00-01 is the ADR baseline (decision structure only) and owns no implementation."
RC-00-0361,NOT_MINE,,"Not mine: 'Explains the product intent in prose: code-neutral mechanics premise, user-supplied code data, rule packs,...' is behaviour of docs/INTENT.md, outside this member's claims and cited paths. DEL-00-01 is the ADR baseline (decision structure only) and owns no implementation."
RC-00-0362,NOT_MINE,,"Not mine: 'Invented format-neutral adapter framework declaration used to check the adapter framework contract' is behaviour of fixtures/adapters/, outside this member's claims and cited paths. DEL-00-01 is the ADR baseline (decision structure only) and owns no implementation."
RC-00-0363,NOT_MINE,,"Not mine: 'Documents hand calculations for the nonlinear support fixtures: state transitions, gaps, lift-off,...' is behaviour of validation/hand_calcs/nonlinear/, outside this member's claims and cited paths. DEL-00-01 is the ADR baseline (decision structure only) and owns no implementation."
RC-00-0364,NOT_MINE,,"Not mine: 'Loads the invented preview model and design-knowledge fixtures at startup, natively from the fixtures...' is behaviour of the desktop native shell (src-tauri). The forward ledger cites apps/desktop/src-tauri/src/lib.rs as evidence that the ruled stack, SQLite store and .opsproj naming exist; that citation does not make this capability part of the member. DEL-00-01 is the ADR baseline (decision structure only) and owns no implementation."
RC-00-0365,NOT_MINE,,"Not mine: 'Registers the project's coordination and validation tools with purpose, inputs, outputs and usage examples' is behaviour of tools/REGISTRY.md, outside this member's claims and cited paths. DEL-00-01 is the ADR baseline (decision structure only) and owns no implementation."
RC-00-0366,NOT_MINE,,"Not mine: 'Defines handling of secrets and private libraries: records, guard behaviour, boundaries and verification...' is behaviour of docs/security/secret_private_library_handling.md, outside this member's claims and cited paths. DEL-00-01 is the ADR baseline (decision structure only) and owns no implementation."
RC-00-0367,NOT_MINE,,"Not mine: 'Provides a release notes template covering identity, changed surfaces, validation evidence, limitations,...' is behaviour of docs/RELEASE_NOTES_TEMPLATE.md, outside this member's claims and cited paths. DEL-00-01 is the ADR baseline (decision structure only) and owns no implementation."
RC-00-0368,NOT_MINE,,"Not mine: 'Creates and deletes section and material records, and deletes components, blocking deletion of records...' is behaviour of the core module model_operations/operation_applier, outside this member's claims and cited paths. DEL-00-01 is the ADR baseline (decision structure only) and owns no implementation."
RC-00-0369,NOT_MINE,,"Not mine: 'Renders the model as an interactive 3D centerline view with instanced nodes, pipes, supports and...' is behaviour of the desktop GUI feature viewport, outside this member's claims and cited paths. DEL-00-01 is the ADR baseline (decision structure only) and owns no implementation."
RC-00-0370,NOT_MINE,,"Not mine: 'Saves exact result or stress-neutral JSON bytes to the Downloads folder after screening and local-first...' is behaviour of the desktop native shell (src-tauri). The forward ledger cites apps/desktop/src-tauri/src/lib.rs as evidence that the ruled stack, SQLite store and .opsproj naming exist; that citation does not make this capability part of the member. DEL-00-01 is the ADR baseline (decision structure only) and owns no implementation."
RC-00-0371,NOT_MINE,,"Not mine: 'Invented analysis-run records in current 0.2, legacy Python 0.1 and legacy desktop 0.1 forms, used to...' is behaviour of fixtures/analysis_runs/, outside this member's claims and cited paths. DEL-00-01 is the ADR baseline (decision structure only) and owns no implementation."
RC-00-0372,NOT_MINE,,"Not mine: 'States the project license (SPDX identifier and link to official noncommercial terms) with a notice that...' is behaviour of LICENSE.md, outside this member's claims and cited paths. DEL-00-01 is the ADR baseline (decision structure only) and owns no implementation."
RC-00-0373,NOT_MINE,,"Not mine: 'Builds deterministic material, component and rule-pack-reference editor records with per-field unit...' is behaviour of the core module gui/editors, outside this member's claims and cited paths. DEL-00-01 is the ADR baseline (decision structure only) and owns no implementation."
RC-00-0374,NOT_MINE,,"Not mine: 'Maps each physical dimension to its SI and US display unit symbols, with explicit gaps where no US symbol...' is behaviour of the desktop GUI feature display-units, outside this member's claims and cited paths. DEL-00-01 is the ADR baseline (decision structure only) and owns no implementation."
RC-00-0375,NOT_MINE,,"Not mine: 'Provisions a CI runner for desktop browser tests: pinned Node, Rust and wasm-bindgen, locked npm and Cargo...' is behaviour of .github/actions/setup-piping-e2e/action.yml, outside this member's claims and cited paths. DEL-00-01 is the ADR baseline (decision structure only) and owns no implementation."
RC-00-0376,NOT_MINE,,"Not mine: 'Composes the desktop workspace shell: toolbar, stage rail, tab strip, table/tree pane, 3D canvas,...' is behaviour of the desktop app (src/App.tsx), outside this member's claims and cited paths. DEL-00-01 is the ADR baseline (decision structure only) and owns no implementation."
RC-00-0377,NOT_MINE,,"Not mine: 'Invented calculation report input, state-comparison handoff parity case and component-provenance...' is behaviour of fixtures/reports/, outside this member's claims and cited paths. DEL-00-01 is the ADR baseline (decision structure only) and owns no implementation."
RC-00-0378,NOT_MINE,,"Not mine: 'Builds, validates and materialises the strict version 0.2 stress-neutral package as nine members with...' is behaviour of the core module handoff/stress_neutral, outside this member's claims and cited paths. DEL-00-01 is the ADR baseline (decision structure only) and owns no implementation."
RC-00-0379,NOT_MINE,,"Not mine: 'Canonical JSON (RFC 8785 style) and SHA-256 parity cases that pin the canonical form and hashes shared by...' is behaviour of fixtures/canonical_hash/, outside this member's claims and cited paths. DEL-00-01 is the ADR baseline (decision structure only) and owns no implementation."
RC-00-0380,NOT_MINE,,"Not mine: 'Provides per-case validation pages for nonlinear support benchmarks (gaps, lift-off, one-way, friction...' is behaviour of docs/validation_manual/cases/nonlinear/, outside this member's claims and cited paths. DEL-00-01 is the ADR baseline (decision structure only) and owns no implementation."
RC-00-0381,NOT_MINE,,"Not mine: 'Specifies the plugin boundary: boundary rules, permission model skeleton, no-bypass constraints, private...' is behaviour of docs/architecture/plugin_boundary.md, outside this member's claims and cited paths. DEL-00-01 is the ADR baseline (decision structure only) and owns no implementation."
RC-00-0382,NOT_MINE,,"Not mine: 'Defines component library records (dimensions, weights, centres of gravity, stiffness and modifier slots)...' is behaviour of the schema component.schema.yaml, outside this member's claims and cited paths. DEL-00-01 is the ADR baseline (decision structure only) and owns no implementation."
RC-00-0383,NOT_MINE,,"Not mine: 'Drafts a straight pipe route from a picked start to an existing or new end node on an XY, XZ or YZ plane...' is behaviour of the desktop GUI feature viewport, outside this member's claims and cited paths. DEL-00-01 is the ADR baseline (decision structure only) and owns no implementation."
RC-00-0384,NOT_MINE,,"Not mine: 'Validates a boundary draft (unique node, global frame, explicit mode per DOF, positive spring stiffness...' is behaviour of the desktop GUI feature boundary-authoring, outside this member's claims and cited paths. DEL-00-01 is the ADR baseline (decision structure only) and owns no implementation."
RC-00-0385,NOT_MINE,,"Not mine: 'Reviews queued operation batches: validate on temporary state, apply the whole batch atomically, block...' is behaviour of the desktop GUI feature toolkit, outside this member's claims and cited paths. DEL-00-01 is the ADR baseline (decision structure only) and owns no implementation."
RC-00-0386,NOT_MINE,,"Not mine: 'Invented plugin manifest showing that a plugin cannot bypass platform boundaries' is behaviour of fixtures/plugin_manifest/, outside this member's claims and cited paths. DEL-00-01 is the ADR baseline (decision structure only) and owns no implementation."
RC-00-0387,NOT_MINE,,"Not mine: 'Saves a report package file after checking redaction and local-first evidence, assembling it with the...' is behaviour of the desktop native shell (src-tauri). The forward ledger cites apps/desktop/src-tauri/src/lib.rs as evidence that the ruled stack, SQLite store and .opsproj naming exist; that citation does not make this capability part of the member. DEL-00-01 is the ADR baseline (decision structure only) and owns no implementation."
#END,,,387
