warning: unused imports: `EquivalentStaticMechanicsBasis` and `prepare_equivalent_static_loads`
  --> /Users/ryan/.codex/worktrees/8728/chirality-results-integrity-20260913/projects/chirality-piping/validation/benchmarks/mechanics/src/lib.rs:19:44
   |
19 |     generate_wind_equivalent_static_loads, prepare_equivalent_static_loads, prepare_loads,
   |                                            ^^^^^^^^^^^^^^^^^^^^^^^^^^^^^^^
...
22 |     EquivalentStaticMechanicsBasis, LoadDimension, LoadDirection, LoadExtent, LoadQuantity,
   |     ^^^^^^^^^^^^^^^^^^^^^^^^^^^^^^
   |
   = note: `#[warn(unused_imports)]` (part of `#[warn(unused)]`) on by default

warning: `open_pipe_stress_mechanics_benchmarks` (lib) generated 1 warning (run `cargo fix --lib -p open_pipe_stress_mechanics_benchmarks` to apply 1 suggestion)
   Compiling results_fresh_implementation_driver_v1 v0.1.0 (/Users/ryan/.codex/worktrees/8728/chirality-results-integrity-20260913/projects/chirality-piping/execution/_Coordination/AgentRuns/HELP-HUMAN-PIPING-20260913-RESULTS-ENGINEERING-3D/instances/RESULTS/_run_records/TASK_WRITER_IMPLEMENTATION_V1/fresh_driver_v1)
    Finished `dev` profile [unoptimized + debuginfo] target(s) in 0.38s
     Running `/tmp/chirality-results-engineering-3d-20260913/results-implementation-target/debug/results_fresh_implementation_driver_v1 --serializer-compare execution/_Coordination/AgentRuns/HELP-HUMAN-PIPING-20260913-RESULTS-ENGINEERING-3D/instances/RESULTS/_run_records execution/_Coordination/AgentRuns/HELP-HUMAN-PIPING-20260913-RESULTS-ENGINEERING-3D/instances/RESULTS/_run_records/TASK_WRITER_IMPLEMENTATION_V1/fresh_producer_outputs_v1 execution/_Coordination/AgentRuns/HELP-HUMAN-PIPING-20260913-RESULTS-ENGINEERING-3D/instances/RESULTS/_run_records/TASK_WRITER_IMPLEMENTATION_V1/TYPED_SERIALIZER_BYTE_PARITY_V1.json`

thread 'main' (54433695) panicked at src/main.rs:19:200:
assertion `left == right` failed: straight-dense-full runner bytes
  left: [123, 10, 32, 32, 34, 114, 117, 110, 95, 105, 100, 34, 58, 32, 34, 114, 117, 110, 58, 104, 101, 97, 100, 108, 101, 115, 115, 45, 112, 114, 101, 118, 105, 101, 119, 58, 112, 53, 45, 115, 116, 114, 97, 105, 103, 104, 116, 45, 100, 101, 110, 115, 101, 45, 102, 117, 108, 108, 34, 44, 10, 32, 32, 34, 106, 111, 98, 34, 58, 32, 123, 10, 32, 32, 32, 32, 34, 106, 111, 98, 95, 105, 100, 34, 58, 32, 34, 106, 111, 98, 58, 112, 53, 45, 115, 116, 114, 97, 105, 103, 104, 116, 45, 100, 101, 110, 115, 101, 45, 102, 117, 108, 108, 34, 44, 10, 32, 32, 32, 32, 34, 115, 116, 97, 116, 101, 34, 58, 32, 34, 67, 79, 77, 80, 76, 69, 84, 69, 68, 34, 44, 10, 32, 32, 32, 32, 34, 99, 117, 114, 114, 101, 110, 116, 95, 115, 116, 101, 112, 34, 58, 32, 51, 44, 10, 32, 32, 32, 32, 34, 116, 111, 116, 97, 108, 95, 115, 116, 101, 112, 115, 34, 58, 32, 51, 44, 10, 32, 32, 32, 32, 34, 99, 97, 110, 99, 101, 108, 108, 97, 116, 105, 111, 110, 95, 115, 117, 112, 112, 111, 114, 116, 101, 100, 34, 58, 32, 116, 114, 117, 101, 44, 10, 32, 32, 32, 32, 34, 99, 97, 110, 99, 101, 108, 108, 97, 116, 105, 111, 110, 95, 114, 101, 113, 117, 101, 115, 116, 101, 100, 34, 58, 32, 102, 97, 108, 115, 101, 10, 32, 32, 125, 44, 10, 32, 32, 34, 97, 110, 97, 108, 121, 115, 105, 115, 95, 115, 116, 97, 116, 117, 115, 34, 58, 32, 91, 10, 32, 32, 32, 32, 34, 72, 85, 77, 65, 78, 95, 82, 69, 86, 73, 69, 87, 95, 82, 69, 81, 85, 73, 82, 69, 68, 34, 44, 10, 32, 32, 32, 32, 34, 77, 69, 67, 72, 65, 78, 73, 67, 83, 95, 83, 79, 76, 86, 69, 68, 34, 44, 10, 32, 32, 32, 32, 34, 82, 85, 76, 69, 95, 73, 78, 80, 85, 84, 83, 95, 73, 78, 67, 79, 77, 80, 76, 69, 84, 69, 34, 10, 32, 32, 93, 44, 10, 32, 32, 34, 114, 101, 115, 117, 108, 116, 95, 101, 110, 118, 101, 108, 111, 112, 101, 95, 114, 101, 102, 34, 58, 32, 123, 10, 32, 32, 32, 32, 34, 115, 99, 104, 101, 109, 97, 95, 114, 101, 102, 34, 58, 32, 34, 115, 99, 104, 101, 109, 97, 115, 47, 114, 101, 115, 117, 108, 116, 115, 46, 115, 99, 104, 101, 109, 97, 46, 121, 97, 109, 108, 34, 44, 10, 32, 32, 32, 32, 34, 101, 110, 118, 101, 108, 111, 112, 101, 95, 114, 101, 102, 34, 58, 32, 123, 10, 32, 32, 32, 32, 32, 32, 34, 114, 101, 102, 95, 116, 121, 112, 101, 34, 58, 32, 34, 114, 101, 115, 117, 108, 116, 95, 101, 110, 118, 101, 108, 111, 112, 101, 34, 44, 10, 32, 32, 32, 32, 32, 32, 34, 114, 101, 102, 95, 105, 100, 34, 58, 32, 34, 114, 101, 115, 117, 108, 116, 45, 101, 110, 118, 101, 108, 111, 112, 101, 58, 114, 117, 110, 58, 104, 101, 97, 100, 108, 101, 115, 115, 45, 112, 114, 101, 118, 105, 101, 119, 58, 112, 53, 45, 115, 116, 114, 97, 105, 103, 104, 116, 45, 100, 101, 110, 115, 101, 45, 102, 117, 108, 108, 34, 10, 32, 32, 32, 32, 125, 44, 10, 32, 32, 32, 32, 34, 99, 111, 109, 112, 97, 116, 105, 98, 105, 108, 105, 116, 121, 34, 58, 32, 34, 115, 99, 104, 101, 109, 97, 95, 102, 105, 114, 115, 116, 95, 106, 115, 111, 110, 95, 114, 101, 115, 117, 108, 116, 95, 101, 110, 118, 101, 108, 111, 112, 101, 34, 10, 32, 32, 125, 44, 10, 32, 32, 34, 114, 101, 115, 117, 108, 116, 95, 114, 101, 102, 115, 34, 58, 32, 91, 10, 32, 32, 32, 32, 123, 10, 32, 32, 32, 32, 32, 32, 34, 114, 101, 102, 95, 116, 121, 112, 101, 34, 58, 32, 34, 114, 101, 115, 117, 108, 116, 34, 44, 10, 32, 32, 32, 32, 32, 32, 34, 114, 101, 102, 95, 105, 100, 34, 58, 32, 34, 114, 101, 115, 117, 108, 116, 58, 115, 111, 108, 118, 101, 114, 45, 109, 111, 100, 101, 58, 108, 105, 110, 101, 97, 114, 45, 115, 111, 108, 118, 101, 45, 98, 97, 115, 105, 115, 34, 10, 32, 32, 32, 32, 125, 44, 10, 32, 32, 32, 32, 123, 10, 32, 32, 32, 32, 32, 32, 34, 114, 101, 102, 95, 116, 121, 112, 101, 34, 58, 32, 34, 114, 101, 115, 117, 108, 116, 34, 44, 10, 32, 32, 32, 32, 32, 32, 34, 114, 101, 102, 95, 105, 100, 34, 58, 32, 34, 114, 101, 115, 117, 108, 116, 58, 115, 112, 97, 114, 115, 101, 45, 108, 105, 118, 101, 58, 100, 101, 110, 115, 101, 45, 112, 97, 114, 105, 116, 121, 45, 114, 101, 108, 97, 116, 105, 118, 101, 45, 100, 101, 108, 116, 97, 34, 10, 32, 32, 32, 32, 125, 44, 10, 32, 32, 32, 32, 123, 10, 32, 32, 32, 32, 32, 32, 34, 114, 101, 102, 95, 116, 121, 112, 101, 34, 58, 32, 34, 114, 101, 115, 117, 108, 116, 34, 44, 10, 32, 32, 32, 32, 32, 32, 34, 114, 101, 102, 95, 105, 100, 34, 58, 32, 34, 114, 101, 115, 117, 108, 116, 58, 112, 114, 101, 115, 115, 117, 114, 101, 45, 116, 104, 114, 117, 115, 116, 58, 99, 111, 109, 112, 111, 110, 101, 110, 116, 45, 67, 45, 49, 53, 48, 34, 10, 32, 32, 32, 32, 125, 44, 10, 32, 32, 32, 32, 123, 10, 32, 32, 32, 32, 32, 32, 34, 114, 101, 102, 95, 116, 121, 112, 101, 34, 58, 32, 34, 114, 101, 115, 117, 108, 116, 34, 44, 10, 32, 32, 32, 32, 32, 32, 34, 114, 101, 102, 95, 105, 100, 34, 58, 32, 34, 114, 101, 115, 117, 108, 116, 58, 100, 105, 115, 112, 58, 110, 111, 100, 101, 45, 78, 45, 49, 48, 48, 34, 10, 32, 32, 32, 32, 125, 44, 10, 32, 32, 32, 32, 123, 10, 32, 32, 32, 32, 32, 32, 34, 114, 101, 102, 95, 116, 121, 112, 101, 34, 58, 32, 34, 114, 101, 115, 117, 108, 116, 34, 44, 10, 32, 32, 32, 32, 32, 32, 34, 114, 101, 102, 95, 105, 100, 34, 58, 32, 34, 114, 101, 115, 117, 108, 116, 58, 100, 105, 115, 112, 58, 110, 111, 100, 101, 45, 78, 45, 49, 49, 48, 34, 10, 32, 32, 32, 32, 125, 44, 10, 32, 32, 32, 32, 123, 10, 32, 32, 32, 32, 32, 32, 34, 114, 101, 102, 95, 116, 121, 112, 101, 34, 58, 32, 34, 114, 101, 115, 117, 108, 116, 34, 44, 10, 32, 32, 32, 32, 32, 32, 34, 114, 101, 102, 95, 105, 100, 34, 58, 32, 34, 114, 101, 115, 117, 108, 116, 58, 100, 105, 115, 112, 58, 110, 111, 100, 101, 45, 78, 45, 49, 50, 48, 34, 10, 32, 32, 32, 32, 125, 44, 10, 32, 32, 32, 32, 123, 10, 32, 32, 32, 32, 32, 32, 34, 114, 101, 102, 95, 116, 121, 112, 101, 34, 58, 32, 34, 114, 101, 115, 117, 108, 116, 34, 44, 10, 32, 32, 32, 32, 32, 32, 34, 114, 101, 102, 95, 105, 100, 34, 58, 32, 34, 114, 101, 115, 117, 108, 116, 58, 100, 105, 115, 112, 58, 110, 111, 100, 101, 45, 78, 45, 49, 51, 48, 34, 10, 32, 32, 32, 32, 125, 44, 10, 32, 32, 32, 32, 123, 10, 32, 32, 32, 32, 32, 32, 34, 114, 101, 102, 95, 116, 121, 112, 101, 34, 58, 32, 34, 114, 101, 115, 117, 108, 116, 34, 44, 10, 32, 32, 32, 32, 32, 32, 34, 114, 101, 102, 95, 105, 100, 34, 58, 32, 34, 114, 101, 115, 117, 108, 116, 58, 100, 105, 115, 112, 58, 110, 111, 100, 101, 45, 78, 45, 49, 52, 48, 34, 10, 32, 32, 32, 32, 125, 44, 10, 32, 32, 32, 32, 123, 10, 32, 32, 32, 32, 32, 32, 34, 114, 101, 102, 95, 116, 121, 112, 101, 34, 58, 32, 34, 114, 101, 115, 117, 108, 116, 34, 44, 10, 32, 32, 32, 32, 32, 32, 34, 114, 101, 102, 95, 105, 100, 34, 58, 32, 34, 114, 101, 115, 117, 108, 116, 58, 100, 105, 115, 112, 58, 110, 111, 100, 101, 45, 78, 45, 49, 48, 48, 58, 117, 120, 34, 10, 32, 32, 32, 32, 125, 44, 10, 32, 32, 32, 32, 123, 10, 32, 32, 32, 32, 32, 32, 34, 114, 101, 102, 95, 116, 121, 112, 101, 34, 58, 32, 34, 114, 101, 115, 117, 108, 116, 34, 44, 10, 32, 32, 32, 32, 32, 32, 34, 114, 101, 102, 95, 105, 100, 34, 58, 32, 34, 114, 101, 115, 117, 108, 116, 58, 100, 105, 115, 112, 58, 110, 111, 100, 101, 45, 78, 45, 49, 48, 48, 58, 117, 121, 34, 10, 32, 32, 32, 32, 125, 44, 10, 32, 32, 32, 32, 123, 10, 32, 32, 32, 32, 32, 32, 34, 114, 101, 102, 95, 116, 121, 112, 101, 34, 58, 32, 34, 114, 101, 115, 117, 108, 116, 34, 44, 10, 32, 32, 32, 32, 32, 32, 34, 114, 101, 102, 95, 105, 100, 34, 58, 32, 34, 114, 101, 115, 117, 108, 116, 58, 100, 105, 115, 112, 58, 110, 111, 100, 101, 45, 78, 45, 49, 48, 48, 58, 117, 122, 34, 10, 32, 32, 32, 32, 125, 44, 10, 32, 32, 32, 32, 123, 10, 32, 32, 32, 32, 32, 32, 34, 114, 101, 102, 95, 116, 121, 112, 101, 34, 58, 32, 34, 114, 101, 115, 117, 108, 116, 34, 44, 10, 32, 32, 32, 32, 32, 32, 34, 114, 101, 102, 95, 105, 100, 34, 58, 32, 34, 114, 101, 115, 117, 108, 116, 58, 100, 105, 115, 112, 58, 110, 111, 100, 101, 45, 78, 45, 49, 48, 48, 58, 114, 120, 34, 10, 32, 32, 32, 32, 125, 44, 10, 32, 32, 32, 32, 123, 10, 32, 32, 32, 32, 32, 32, 34, 114, 101, 102, 95, 116, 121, 112, 101, 34, 58, 32, 34, 114, 101, 115, 117, 108, 116, 34, 44, 10, 32, 32, 32, 32, 32, 32, 34, 114, 101, 102, 95, 105, 100, 34, 58, 32, 34, 114, 101, 115, 117, 108, 116, 58, 100, 105, 115, 112, 58, 110, 111, 100, 101, 45, 78, 45, 49, 48, 48, 58, 114, 121, 34, 10, 32, 32, 32, 32, 125, 44, 10, 32, 32, 32, 32, 123, 10, 32, 32, 32, 32, 32, 32, 34, 114, 101, 102, 95, 116, 121, 112, 101, 34, 58, 32, 34, 114, 101, 115, 117, 108, 116, 34, 44, 10, 32, 32, 32, 32, 32, 32, 34, 114, 101, 102, 95, 105, 100, 34, 58, 32, 34, 114, 101, 115, 117, 108, 116, 58, 100, 105, 115, 112, 58, 110, 111, 100, 101, 45, 78, 45, 49, 48, 48, 58, 114, 122, 34, 10, 32, 32, 32, 32, 125, 44, 10, 32, 32, 32, 32, 123, 10, 32, 32, 32, 32, 32, 32, 34, 114, 101, 102, 95, 116, 121, 112, 101, 34, 58, 32, 34, 114, 101, 115, 117, 108, 116, 34, 44, 10, 32, 32, 32, 32, 32, 32, 34, 114, 101, 102, 95, 105, 100, 34, 58, 32, 34, 114, 101, 115, 117, 108, 116, 58, 100, 105, 115, 112, 58, 110, 111, 100, 101, 45, 78, 45, 49, 49, 48, 58, 117, 120, 34, 10, 32, 32, 32, 32, 125, 44, 10, 32, 32, 32, 32, 123, 10, 32, 32, 32, 32, 32, 32, 34, 114, 101, 102, 95, 116, 121, 112, 101, 34, 58, 32, 34, 114, 101, 115, 117, 108, 116, 34, 44, 10, 32, 32, 32, 32, 32, 32, 34, 114, 101, 102, 95, 105, 100, 34, 58, 32, 34, 114, 101, 115, 117, 108, 116, 58, 100, 105, 115, 112, 58, 110, 111, 100, 101, 45, 78, 45, 49, 49, 48, 58, 117, 121, 34, 10, 32, 32, 32, 32, 125, 44, 10, 32, 32, 32, 32, 123, 10, 32, 32, 32, 32, 32, 32, 34, 114, 101, 102, 95, 116, 121, 112, 101, 34, 58, 32, 34, 114, 101, 115, 117, 108, 116, 34, 44, 10, 32, 32, 32, 32, 32, 32, 34, 114, 101, 102, 95, 105, 100, 34, 58, 32, 34, 114, 101, 115, 117, 108, 116, 58, 100, 105, 115, 112, 58, 110, 111, 100, 101, 45, 78, 45, 49, 49, 48, 58, 117, 122, 34, 10, 32, 32, 32, 32, 125, 44, 10, 32, 32, 32, 32, 123, 10, 32, 32, 32, 32, 32, 32, 34, 114, 101, 102, 95, 116, 121, 112, 101, 34, 58, 32, 34, 114, 101, 115, 117, 108, 116, 34, 44, 10, 32, 32, 32, 32, 32, 32, 34, 114, 101, 102, 95, 105, 100, 34, 58, 32, 34, 114, 101, 115, 117, 108, 116, 58, 100, 105, 115, 112, 58, 110, 111, 100, 101, 45, 78, 45, 49, 49, 48, 58, 114, 120, 34, 10, 32, 32, 32, 32, 125, 44, 10, 32, 32, 32, 32, 123, 10, 32, 32, 32, 32, 32, 32, 34, 114, 101, 102, 95, 116, 121, 112, 101, 34, 58, 32, 34, 114, 101, 115, 117, 108, 116, 34, 44, 10, 32, 32, 32, 32, 32, 32, 34, 114, 101, 102, 95, 105, 100, 34, 58, 32, 34, 114, 101, 115, 117, 108, 116, 58, 100, 105, 115, 112, 58, 110, 111, 100, 101, 45, 78, 45, 49, 49, 48, 58, 114, 121, 34, 10, 32, 32, 32, 32, 125, 44, 10, 32, 32, 32, 32, 123, 10, 32, 32, 32, 32, 32, 32, 34, 114, 101, 102, 95, 116, 121, 112, 101, 34, 58, 32, 34, 114, 101, 115, 117, 108, 116, 34, 44, 10, 32, 32, 32, 32, 32, 32, 34, 114, 101, 102, 95, 105, 100, 34, 58, 32, 34, 114, 101, 115, 117, 108, 116, 58, 100, 105, 115, 112, 58, 110, 111, 100, 101, 45, 78, 45, 49, 49, 48, 58, 114, 122, 34, 10, 32, 32, 32, 32, 125, 44, 10, 32, 32, 32, 32, 123, 10, 32, 32, 32, 32, 32, 32, 34, 114, 101, 102, 95, 116, 121, 112, 101, 34, 58, 32, 34, 114, 101, 115, 117, 108, 116, 34, 44, 10, 32, 32, 32, 32, 32, 32, 34, 114, 101, 102, 95, 105, 100, 34, 58, 32, 34, 114, 101, 115, 117, 108, 116, 58, 100, 105, 115, 112, 58, 110, 111, 100, 101, 45, 78, 45, 49, 50, 48, 58, 117, 120, 34, 10, 32, 32, 32, 32, 125, 44, 10, 32, 32, 32, 32, 123, 10, 32, 32, 32, 32, 32, 32, 34, 114, 101, 102, 95, 116, 121, 112, 101, 34, 58, 32, 34, 114, 101, 115, 117, 108, 116, 34, 44, 10, 32, 32, 32, 32, 32, 32, 34, 114, 101, 102, 95, 105, 100, 34, 58, 32, 34, 114, 101, 115, 117, 108, 116, 58, 100, 105, 115, 112, 58, 110, 111, 100, 101, 45, 78, 45, 49, 50, 48, 58, 117, 121, 34, 10, 32, 32, 32, 32, 125, 44, 10, 32, 32, 32, 32, 123, 10, 32, 32, 32, 32, 32, 32, 34, 114, 101, 102, 95, 116, 121, 112, 101, 34, 58, 32, 34, 114, 101, 115, 117, 108, 116, 34, 44, 10, 32, 32, 32, 32, 32, 32, 34, 114, 101, 102, 95, 105, 100, 34, 58, 32, 34, 114, 101, 115, 117, 108, 116, 58, 100, 105, 115, 112, 58, 110, 111, 100, 101, 45, 78, 45, 49, 50, 48, 58, 117, 122, 34, 10, 32, 32, 32, 32, 125, 44, 10, 32, 32, 32, 32, 123, 10, 32, 32, 32, 32, 32, 32, 34, 114, 101, 102, 95, 116, 121, 112, 101, 34, 58, 32, 34, 114, 101, 115, 117, 108, 116, 34, 44, 10, 32, 32, 32, 32, 32, 32, 34, 114, 101, 102, 95, 105, 100, 34, 58, 32, 34, 114, 101, 115, 117, 108, 116, 58, 100, 105, 115, 112, 58, 110, 111, 100, 101, 45, 78, 45, 49, 50, 48, 58, 114, 120, 34, 10, 32, 32, 32, 32, 125, 44, 10, 32, 32, 32, 32, 123, 10, 32, 32, 32, 32, 32, 32, 34, 114, 101, 102, 95, 116, 121, 112, 101, 34, 58, 32, 34, 114, 101, 115, 117, 108, 116, 34, 44, 10, 32, 32, 32, 32, 32, 32, 34, 114, 101, 102, 95, 105, 100, 34, 58, 32, 34, 114, 101, 115, 117, 108, 116, 58, 100, 105, 115, 112, 58, 110, 111, 100, 101, 45, 78, 45, 49, 50, 48, 58, 114, 121, 34, 10, 32, 32, 32, 32, 125, 44, 10, 32, 32, 32, 32, 123, 10, 32, 32, 32, 32, 32, 32, 34, 114, 101, 102, 95, 116, 121, 112, 101, 34, 58, 32, 34, 114, 101, 115, 117, 108, 116, 34, 44, 10, 32, 32, 32, 32, 32, 32, 34, 114, 101, 102, 95, 105, 100, 34, 58, 32, 34, 114, 101, 115, 117, 108, 116, 58, 100, 105, 115, 112, 58, 110, 111, 100, 101, 45, 78, 45, 49, 50, 48, 58, 114, 122, 34, 10, 32, 32, 32, 32, 125, 44, 10, 32, 32, 32, 32, 123, 10, 32, 32, 32, 32, 32, 32, 34, 114, 101, 102, 95, 116, 121, 112, 101, 34, 58, 32, 34, 114, 101, 115, 117, 108, 116, 34, 44, 10, 32, 32, 32, 32, 32, 32, 34, 114, 101, 102, 95, 105, 100, 34, 58, 32, 34, 114, 101, 115, 117, 108, 116, 58, 100, 105, 115, 112, 58, 110, 111, 100, 101, 45, 78, 45, 49, 51, 48, 58, 117, 120, 34, 10, 32, 32, 32, 32, 125, 44, 10, 32, 32, 32, 32, 123, 10, 32, 32, 32, 32, 32, 32, 34, 114, 101, 102, 95, 116, 121, 112, 101, 34, 58, 32, 34, 114, 101, 115, 117, 108, 116, 34, 44, 10, 32, 32, 32, 32, 32, 32, 34, 114, 101, 102, 95, 105, 100, 34, 58, 32, 34, 114, 101, 115, 117, 108, 116, 58, 100, 105, 115, 112, 58, 110, 111, 100, 101, 45, 78, 45, 49, 51, 48, 58, 117, 121, 34, 10, 32, 32, 32, 32, 125, 44, 10, 32, 32, 32, 32, 123, 10, 32, 32, 32, 32, 32, 32, 34, 114, 101, 102, 95, 116, 121, 112, 101, 34, 58, 32, 34, 114, 101, 115, 117, 108, 116, 34, 44, 10, 32, 32, 32, 32, 32, 32, 34, 114, 101, 102, 95, 105, 100, 34, 58, 32, 34, 114, 101, 115, 117, 108, 116, 58, 100, 105, 115, 112, 58, 110, 111, 100, 101, 45, 78, 45, 49, 51, 48, 58, 117, 122, 34, 10, 32, 32, 32, 32, 125, 44, 10, 32, 32, 32, 32, 123, 10, 32, 32, 32, 32, 32, 32, 34, 114, 101, 102, 95, 116, 121, 112, 101, 34, 58, 32, 34, 114, 101, 115, 117, 108, 116, 34, 44, 10, 32, 32, 32, 32, 32, 32, 34, 114, 101, 102, 95, 105, 100, 34, 58, 32, 34, 114, 101, 115, 117, 108, 116, 58, 100, 105, 115, 112, 58, 110, 111, 100, 101, 45, 78, 45, 49, 51, 48, 58, 114, 120, 34, 10, 32, 32, 32, 32, 125, 44, 10, 32, 32, 32, 32, 123, 10, 32, 32, 32, 32, 32, 32, 34, 114, 101, 102, 95, 116, 121, 112, 101, 34, 58, 32, 34, 114, 101, 115, 117, 108, 116, 34, 44, 10, 32, 32, 32, 32, 32, 32, 34, 114, 101, 102, 95, 105, 100, 34, 58, 32, 34, 114, 101, 115, 117, 108, 116, 58, 100, 105, 115, 112, 58, 110, 111, 100, 101, 45, 78, 45, 49, 51, 48, 58, 114, 121, 34, 10, 32, 32, 32, 32, 125, 44, 10, 32, 32, 32, 32, 123, 10, 32, 32, 32, 32, 32, 32, 34, 114, 101, 102, 95, 116, 121, 112, 101, 34, 58, 32, 34, 114, 101, 115, 117, 108, 116, 34, 44, 10, 32, 32, 32, 32, 32, 32, 34, 114, 101, 102, 95, 105, 100, 34, 58, 32, 34, 114, 101, 115, 117, 108, 116, 58, 100, 105, 115, 112, 58, 110, 111, 100, 101, 45, 78, 45, 49, 51, 48, 58, 114, 122, 34, 10, 32, 32, 32, 32, 125, 44, 10, 32, 32, 32, 32, 123, 10, 32, 32, 32, 32, 32, 32, 34, 114, 101, 102, 95, 116, 121, 112, 101, 34, 58, 32, 34, 114, 101, 115, 117, 108, 116, 34, 44, 10, 32, 32, 32, 32, 32, 32, 34, 114, 101, 102, 95, 105, 100, 34, 58, 32, 34, 114, 101, 115, 117, 108, 116, 58, 100, 105, 115, 112, 58, 110, 111, 100, 101, 45, 78, 45, 49, 52, 48, 58, 117, 120, 34, 10, 32, 32, 32, 32, 125, 44, 10, 32, 32, 32, 32, 123, 10, 32, 32, 32, 32, 32, 32, 34, 114, 101, 102, 95, 116, 121, 112, 101, 34, 58, 32, 34, 114, 101, 115, 117, 108, 116, 34, 44, 10, 32, 32, 32, 32, 32, 32, 34, 114, 101, 102, 95, 105, 100, 34, 58, 32, 34, 114, 101, 115, 117, 108, 116, 58, 100, 105, 115, 112, 58, 110, 111, 100, 101, 45, 78, 45, 49, 52, 48, 58, 117, 121, 34, 10, 32, 32, 32, 32, 125, 44, 10, 32, 32, 32, 32, 123, 10, 32, 32, 32, 32, 32, 32, 34, 114, 101, 102, 95, 116, 121, 112, 101, 34, 58, 32, 34, 114, 101, 115, 117, 108, 116, 34, 44, 10, 32, 32, 32, 32, 32, 32, 34, 114, 101, 102, 95, 105, 100, 34, 58, 32, 34, 114, 101, 115, 117, 108, 116, 58, 100, 105, 115, 112, 58, 110, 111, 100, 101, 45, 78, 45, 49, 52, 48, 58, 117, 122, 34, 10, 32, 32, 32, 32, 125, 44, 10, 32, 32, 32, 32, 123, 10, 32, 32, 32, 32, 32, 32, 34, 114, 101, 102, 95, 116, 121, 112, 101, 34, 58, 32, 34, 114, 101, 115, 117, 108, 116, 34, 44, 10, 32, 32, 32, 32, 32, 32, 34, 114, 101, 102, 95, 105, 100, 34, 58, 32, 34, 114, 101, 115, 117, 108, 116, 58, 100, 105, 115, 112, 58, 110, 111, 100, 101, 45, 78, 45, 49, 52, 48, 58, 114, 120, 34, 10, 32, 32, 32, 32, 125, 44, 10, 32, 32, 32, 32, 123, 10, 32, 32, 32, 32, 32, 32, 34, 114, 101, 102, 95, 116, 121, 112, 101, 34, 58, 32, 34, 114, 101, 115, 117, 108, 116, 34, 44, 10, 32, 32, 32, 32, 32, 32, 34, 114, 101, 102, 95, 105, 100, 34, 58, 32, 34, 114, 101, 115, 117, 108, 116, 58, 100, 105, 115, 112, 58, 110, 111, 100, 101, 45, 78, 45, 49, 52, 48, 58, 114, 121, 34, 10, 32, 32, 32, 32, 125, 44, 10, 32, 32, 32, 32, 123, 10, 32, 32, 32, 32, 32, 32, 34, 114, 101, 102, 95, 116, 121, 112, 101, 34, 58, 32, 34, 114, 101, 115, 117, 108, 116, 34, 44, 10, 32, 32, 32, 32, 32, 32, 34, 114, 101, 102, 95, 105, 100, 34, 58, 32, 34, 114, 101, 115, 117, 108, 116, 58, 100, 105, 115, 112, 58, 110, 111, 100, 101, 45, 78, 45, 49, 52, 48, 58, 114, 122, 34, 10, 32, 32, 32, 32, 125, 44, 10, 32, 32, 32, 32, 123, 10, 32, 32, 32, 32, 32, 32, 34, 114, 101, 102, 95, 116, 121, 112, 101, 34, 58, 32, 34, 114, 101, 115, 117, 108, 116, 34, 44, 10, 32, 32, 32, 32, 32, 32, 34, 114, 101, 102, 95, 105, 100, 34, 58, 32, 34, 114, 101, 115, 117, 108, 116, 58, 114, 101, 97, 99, 116, 105, 111, 110, 58, 115, 117, 112, 112, 111, 114, 116, 45, 83, 45, 49, 48, 48, 34, 10, 32, 32, 32, 32, 125, 44, 10, 32, 32, 32, 32, 123, 10, 32, 32, 32, 32, 32, 32, 34, 114, 101, 102, 95, 116, 121, 112, 101, 34, 58, 32, 34, 114, 101, 115, 117, 108, 116, 34, 44, 10, 32, 32, 32, 32, 32, 32, 34, 114, 101, 102, 95, 105, 100, 34, 58, 32, 34, 114, 101, 115, 117, 108, 116, 58, 114, 101, 97, 99, 116, 105, 111, 110, 58, 115, 117, 112, 112, 111, 114, 116, 45, 83, 45, 49, 50, 48, 34, 10, 32, 32, 32, 32, 125, 44, 10, 32, 32, 32, 32, 123, 10, 32, 32, 32, 32, 32, 32, 34, 114, 101, 102, 95, 116, 121, 112, 101, 34, 58, 32, 34, 114, 101, 115, 117, 108, 116, 34, 44, 10, 32, 32, 32, 32, 32, 32, 34, 114, 101, 102, 95, 105, 100, 34, 58, 32, 34, 114, 101, 115, 117, 108, 116, 58, 114, 101, 97, 99, 116, 105, 111, 110, 58, 115, 117, 112, 112, 111, 114, 116, 45, 83, 45, 49, 51, 48, 34, 10, 32, 32, 32, 32, 125, 44, 10, 32, 32, 32, 32, 123, 10, 32, 32, 32, 32, 32, 32, 34, 114, 101, 102, 95, 116, 121, 112, 101, 34, 58, 32, 34, 114, 101, 115, 117, 108, 116, 34, 44, 10, 32, 32, 32, 32, 32, 32, 34, 114, 101, 102, 95, 105, 100, 34, 58, 32, 34, 114, 101, 115, 117, 108, 116, 58, 114, 101, 97, 99, 116, 105, 111, 110, 58, 115, 117, 112, 112, 111, 114, 116, 45, 83, 72, 45, 49, 52, 48, 34, 10, 32, 32, 32, 32, 125, 44, 10, 32, 32, 32, 32, 123, 10, 32, 32, 32, 32, 32, 32, 34, 114, 101, 102, 95, 116, 121, 112, 101, 34, 58, 32, 34, 114, 101, 115, 117, 108, 116, 34, 44, 10, 32, 32, 32, 32, 32, 32, 34, 114, 101, 102, 95, 105, 100, 34, 58, 32, 34, 114, 101, 115, 117, 108, 116, 58, 114, 101, 97, 99, 116, 105, 111, 110, 58, 115, 117, 112, 112, 111, 114, 116, 45, 67, 69, 45, 49, 50, 48, 34, 10, 32, 32, 32, 32, 125, 44, 10, 32, 32, 32, 32, 123, 10, 32, 32, 32, 32, 32, 32, 34, 114, 101, 102, 95, 116, 121, 112, 101, 34, 58, 32, 34, 114, 101, 115, 117, 108, 116, 34, 44, 10, 32, 32, 32, 32, 32, 32, 34, 114, 101, 102, 95, 105, 100, 34, 58, 32, 34, 114, 101, 115, 117, 108, 116, 58, 102, 111, 114, 99, 101, 58, 112, 105, 112, 101, 45, 80, 45, 49, 48, 48, 58, 97, 120, 105, 97, 108, 34, 10, 32, 32, 32, 32, 125, 44, 10, 32, 32, 32, 32, 123, 10, 32, 32, 32, 32, 32, 32, 34, 114, 101, 102, 95, 116, 121, 112, 101, 34, 58, 32, 34, 114, 101, 115, 117, 108, 116, 34, 44, 10, 32, 32, 32, 32, 32, 32, 34, 114, 101, 102, 95, 105, 100, 34, 58, 32, 34, 114, 101, 115, 117, 108, 116, 58, 102, 111, 114, 99, 101, 58, 112, 105, 112, 101, 45, 80, 45, 49, 48, 48, 58, 97, 120, 105, 97, 108, 58, 101, 110, 100, 45, 106, 34, 10, 32, 32, 32, 32, 125, 44, 10, 32, 32, 32, 32, 123, 10, 32, 32, 32, 32, 32, 32, 34, 114, 101, 102, 95, 116, 121, 112, 101, 34, 58, 32, 34, 114, 101, 115, 117, 108, 116, 34, 44, 10, 32, 32, 32, 32, 32, 32, 34, 114, 101, 102, 95, 105, 100, 34, 58, 32, 34, 114, 101, 115, 117, 108, 116, 58, 102, 111, 114, 99, 101, 58, 112, 105, 112, 101, 45, 80, 45, 49, 48, 48, 58, 115, 104, 101, 97, 114, 45, 121, 34, 10, 32, 32, 32, 32, 125, 44, 10, 32, 32, 32, 32, 123, 10, 32, 32, 32, 32, 32, 32, 34, 114, 101, 102, 95, 116, 121, 112, 101, 34, 58, 32, 34, 114, 101, 115, 117, 108, 116, 34, 44, 10, 32, 32, 32, 32, 32, 32, 34, 114, 101, 102, 95, 105, 100, 34, 58, 32, 34, 114, 101, 115, 117, 108, 116, 58, 102, 111, 114, 99, 101, 58, 112, 105, 112, 101, 45, 80, 45, 49, 48, 48, 58, 115, 104, 101, 97, 114, 45, 121, 58, 101, 110, 100, 45, 106, 34, 10, 32, 32, 32, 32, 125, 44, 10, 32, 32, 32, 32, 123, 10, 32, 32, 32, 32, 32, 32, 34, 114, 101, 102, 95, 116, 121, 112, 101, 34, 58, 32, 34, 114, 101, 115, 117, 108, 116, 34, 44, 10, 32, 32, 32, 32, 32, 32, 34, 114, 101, 102, 95, 105, 100, 34, 58, 32, 34, 114, 101, 115, 117, 108, 116, 58, 102, 111, 114, 99, 101, 58, 112, 105, 112, 101, 45, 80, 45, 49, 48, 48, 58, 115, 104, 101, 97, 114, 45, 122, 34, 10, 32, 32, 32, 32, 125, 44, 10, 32, 32, 32, 32, 123, 10, 32, 32, 32, 32, 32, 32, 34, 114, 101, 102, 95, 116, 121, 112, 101, 34, 58, 32, 34, 114, 101, 115, 117, 108, 116, 34, 44, 10, 32, 32, 32, 32, 32, 32, 34, 114, 101, 102, 95, 105, 100, 34, 58, 32, 34, 114, 101, 115, 117, 108, 116, 58, 102, 111, 114, 99, 101, 58, 112, 105, 112, 101, 45, 80, 45, 49, 48, 48, 58, 115, 104, 101, 97, 114, 45, 122, 58, 101, 110, 100, 45, 106, 34, 10, 32, 32, 32, 32, 125, 44, 10, 32, 32, 32, 32, 123, 10, 32, 32, 32, 32, 32, 32, 34, 114, 101, 102, 95, 116, 121, 112, 101, 34, 58, 32, 34, 114, 101, 115, 117, 108, 116, 34, 44, 10, 32, 32, 32, 32, 32, 32, 34, 114, 101, 102, 95, 105, 100, 34, 58, 32, 34, 114, 101, 115, 117, 108, 116, 58, 109, 111, 109, 101, 110, 116, 58, 112, 105, 112, 101, 45, 80, 45, 49, 48, 48, 58, 116, 111, 114, 115, 105, 111, 110, 34, 10, 32, 32, 32, 32, 125, 44, 10, 32, 32, 32, 32, 123, 10, 32, 32, 32, 32, 32, 32, 34, 114, 101, 102, 95, 116, 121, 112, 101, 34, 58, 32, 34, 114, 101, 115, 117, 108, 116, 34, 44, 10, 32, 32, 32, 32, 32, 32, 34, 114, 101, 102, 95, 105, 100, 34, 58, 32, 34, 114, 101, 115, 117, 108, 116, 58, 109, 111, 109, 101, 110, 116, 58, 112, 105, 112, 101, 45, 80, 45, 49, 48, 48, 58, 116, 111, 114, 115, 105, 111, 110, 58, 101, 110, 100, 45, 106, 34, 10, 32, 32, 32, 32, 125, 44, 10, 32, 32, 32, 32, 123, 10, 32, 32, 32, 32, 32, 32, 34, 114, 101, 102, 95, 116, 121, 112, 101, 34, 58, 32, 34, 114, 101, 115, 117, 108, 116, 34, 44, 10, 32, 32, 32, 32, 32, 32, 34, 114, 101, 102, 95, 105, 100, 34, 58, 32, 34, 114, 101, 115, 117, 108, 116, 58, 109, 111, 109, 101, 110, 116, 58, 112, 105, 112, 101, 45, 80, 45, 49, 48, 48, 58, 98, 101, 110, 100, 105, 110, 103, 45, 121, 34, 10, 32, 32, 32, 32, 125, 44, 10, 32, 32, 32, 32, 123, 10, 32, 32, 32, 32, 32, 32, 34, 114, 101, 102, 95, 116, 121, 112, 101, 34, 58, 32, 34, 114, 101, 115, 117, 108, 116, 34, 44, 10, 32, 32, 32, 32, 32, 32, 34, 114, 101, 102, 95, 105, 100, 34, 58, 32, 34, 114, 101, 115, 117, 108, 116, 58, 109, 111, 109, 101, 110, 116, 58, 112, 105, 112, 101, 45, 80, 45, 49, 48, 48, 58, 98, 101, 110, 100, 105, 110, 103, 45, 121, 58, 101, 110, 100, 45, 106, 34, 10, 32, 32, 32, 32, 125, 44, 10, 32, 32, 32, 32, 123, 10, 32, 32, 32, 32, 32, 32, 34, 114, 101, 102, 95, 116, 121, 112, 101, 34, 58, 32, 34, 114, 101, 115, 117, 108, 116, 34, 44, 10, 32, 32, 32, 32, 32, 32, 34, 114, 101, 102, 95, 105, 100, 34, 58, 32, 34, 114, 101, 115, 117, 108, 116, 58, 109, 111, 109, 101, 110, 116, 58, 112, 105, 112, 101, 45, 80, 45, 49, 48, 48, 58, 98, 101, 110, 100, 105, 110, 103, 45, 122, 34, 10, 32, 32, 32, 32, 125, 44, 10, 32, 32, 32, 32, 123, 10, 32, 32, 32, 32, 32, 32, 34, 114, 101, 102, 95, 116, 121, 112, 101, 34, 58, 32, 34, 114, 101, 115, 117, 108, 116, 34, 44, 10, 32, 32, 32, 32, 32, 32, 34, 114, 101, 102, 95, 105, 100, 34, 58, 32, 34, 114, 101, 115, 117, 108, 116, 58, 109, 111, 109, 101, 110, 116, 58, 112, 105, 112, 101, 45, 80, 45, 49, 48, 48, 58, 98, 101, 110, 100, 105, 110, 103, 45, 122, 58, 101, 110, 100, 45, 106, 34, 10, 32, 32, 32, 32, 125, 44, 10, 32, 32, 32, 32, 123, 10, 32, 32, 32, 32, 32, 32, 34, 114, 101, 102, 95, 116, 121, 112, 101, 34, 58, 32, 34, 114, 101, 115, 117, 108, 116, 34, 44, 10, 32, 32, 32, 32, 32, 32, 34, 114, 101, 102, 95, 105, 100, 34, 58, 32, 34, 114, 101, 115, 117, 108, 116, 58, 102, 111, 114, 99, 101, 58, 112, 105, 112, 101, 45, 80, 45, 49, 48, 48, 58, 113, 117, 97, 114, 116, 101, 114, 45, 49, 58, 97, 120, 105, 97, 108, 34, 10, 32, 32, 32, 32, 125, 44, 10, 32, 32, 32, 32, 123, 10, 32, 32, 32, 32, 32, 32, 34, 114, 101, 102, 95, 116, 121, 112, 101, 34, 58, 32, 34, 114, 101, 115, 117, 108, 116, 34, 44, 10, 32, 32, 32, 32, 32, 32, 34, 114, 101, 102, 95, 105, 100, 34, 58, 32, 34, 114, 101, 115, 117, 108, 116, 58, 102, 111, 114, 99, 101, 58, 112, 105, 112, 101, 45, 80, 45, 49, 48, 48, 58, 113, 117, 97, 114, 116, 101, 114, 45, 49, 58, 115, 104, 101, 97, 114, 45, 121, 34, 10, 32, 32, 32, 32, 125, 44, 10, 32, 32, 32, 32, 123, 10, 32, 32, 32, 32, 32, 32, 34, 114, 101, 102, 95, 116, 121, 112, 101, 34, 58, 32, 34, 114, 101, 115, 117, 108, 116, 34, 44, 10, 32, 32, 32, 32, 32, 32, 34, 114, 101, 102, 95, 105, 100, 34, 58, 32, 34, 114, 101, 115, 117, 108, 116, 58, 102, 111, 114, 99, 101, 58, 112, 105, 112, 101, 45, 80, 45, 49, 48, 48, 58, 113, 117, 97, 114, 116, 101, 114, 45, 49, 58, 115, 104, 101, 97, 114, 45, 122, 34, 10, 32, 32, 32, 32, 125, 44, 10, 32, 32, 32, 32, 123, 10, 32, 32, 32, 32, 32, 32, 34, 114, 101, 102, 95, 116, 121, 112, 101, 34, 58, 32, 34, 114, 101, 115, 117, 108, 116, 34, 44, 10, 32, 32, 32, 32, 32, 32, 34, 114, 101, 102, 95, 105, 100, 34, 58, 32, 34, 114, 101, 115, 117, 108, 116, 58, 109, 111, 109, 101, 110, 116, 58, 112, 105, 112, 101, 45, 80, 45, 49, 48, 48, 58, 113, 117, 97, 114, 116, 101, 114, 45, 49, 58, 116, 111, 114, 115, 105, 111, 110, 34, 10, 32, 32, 32, 32, 125, 44, 10, 32, 32, 32, 32, 123, 10, 32, 32, 32, 32, 32, 32, 34, 114, 101, 102, 95, 116, 121, 112, 101, 34, 58, 32, 34, 114, 101, 115, 117, 108, 116, 34, 44, 10, 32, 32, 32, 32, 32, 32, 34, 114, 101, 102, 95, 105, 100, 34, 58, 32, 34, 114, 101, 115, 117, 108, 116, 58, 109, 111, 109, 101, 110, 116, 58, 112, 105, 112, 101, 45, 80, 45, 49, 48, 48, 58, 113, 117, 97, 114, 116, 101, 114, 45, 49, 58, 98, 101, 110, 100, 105, 110, 103, 45, 121, 34, 10, 32, 32, 32, 32, 125, 44, 10, 32, 32, 32, 32, 123, 10, 32, 32, 32, 32, 32, 32, 34, 114, 101, 102, 95, 116, 121, 112, 101, 34, 58, 32, 34, 114, 101, 115, 117, 108, 116, 34, 44, 10, 32, 32, 32, 32, 32, 32, 34, 114, 101, 102, 95, 105, 100, 34, 58, 32, 34, 114, 101, 115, 117, 108, 116, 58, 109, 111, 109, 101, 110, 116, 58, 112, 105, 112, 101, 45, 80, 45, 49, 48, 48, 58, 113, 117, 97, 114, 116, 101, 114, 45, 49, 58, 98, 101, 110, 100, 105, 110, 103, 45, 122, 34, 10, 32, 32, 32, 32, 125, 44, 10, 32, 32, 32, 32, 123, 10, 32, 32, 32, 32, 32, 32, 34, 114, 101, 102, 95, 116, 121, 112, 101, 34, 58, 32, 34, 114, 101, 115, 117, 108, 116, 34, 44, 10, 32, 32, 32, 32, 32, 32, 34, 114, 101, 102, 95, 105, 100, 34, 58, 32, 34, 114, 101, 115, 117, 108, 116, 58, 102, 111, 114, 99, 101, 58, 112, 105, 112, 101, 45, 80, 45, 49, 48, 48, 58, 109, 105, 100, 115, 112, 97, 110, 58, 97, 120, 105, 97, 108, 34, 10, 32, 32, 32, 32, 125, 44, 10, 32, 32, 32, 32, 123, 10, 32, 32, 32, 32, 32, 32, 34, 114, 101, 102, 95, 116, 121, 112, 101, 34, 58, 32, 34, 114, 101, 115, 117, 108, 116, 34, 44, 10, 32, 32, 32, 32, 32, 32, 34, 114, 101, 102, 95, 105, 100, 34, 58, 32, 34, 114, 101, 115, 117, 108, 116, 58, 102, 111, 114, 99, 101, 58, 112, 105, 112, 101, 45, 80, 45, 49, 48, 48, 58, 109, 105, 100, 115, 112, 97, 110, 58, 115, 104, 101, 97, 114, 45, 121, 34, 10, 32, 32, 32, 32, 125, 44, 10, 32, 32, 32, 32, 123, 10, 32, 32, 32, 32, 32, 32, 34, 114, 101, 102, 95, 116, 121, 112, 101, 34, 58, 32, 34, 114, 101, 115, 117, 108, 116, 34, 44, 10, 32, 32, 32, 32, 32, 32, 34, 114, 101, 102, 95, 105, 100, 34, 58, 32, 34, 114, 101, 115, 117, 108, 116, 58, 102, 111, 114, 99, 101, 58, 112, 105, 112, 101, 45, 80, 45, 49, 48, 48, 58, 109, 105, 100, 115, 112, 97, 110, 58, 115, 104, 101, 97, 114, 45, 122, 34, 10, 32, 32, 32, 32, 125, 44, 10, 32, 32, 32, 32, 123, 10, 32, 32, 32, 32, 32, 32, 34, 114, 101, 102, 95, 116, 121, 112, 101, 34, 58, 32, 34, 114, 101, 115, 117, 108, 116, 34, 44, 10, 32, 32, 32, 32, 32, 32, 34, 114, 101, 102, 95, 105, 100, 34, 58, 32, 34, 114, 101, 115, 117, 108, 116, 58, 109, 111, 109, 101, 110, 116, 58, 112, 105, 112, 101, 45, 80, 45, 49, 48, 48, 58, 109, 105, 100, 115, 112, 97, 110, 58, 116, 111, 114, 115, 105, 111, 110, 34, 10, 32, 32, 32, 32, 125, 44, 10, 32, 32, 32, 32, 123, 10, 32, 32, 32, 32, 32, 32, 34, 114, 101, 102, 95, 116, 121, 112, 101, 34, 58, 32, 34, 114, 101, 115, 117, 108, 116, 34, 44, 10, 32, 32, 32, 32, 32, 32, 34, 114, 101, 102, 95, 105, 100, 34, 58, 32, 34, 114, 101, 115, 117, 108, 116, 58, 109, 111, 109, 101, 110, 116, 58, 112, 105, 112, 101, 45, 80, 45, 49, 48, 48, 58, 109, 105, 100, 115, 112, 97, 110, 58, 98, 101, 110, 100, 105, 110, 103, 45, 121, 34, 10, 32, 32, 32, 32, 125, 44, 10, 32, 32, 32, 32, 123, 10, 32, 32, 32, 32, 32, 32, 34, 114, 101, 102, 95, 116, 121, 112, 101, 34, 58, 32, 34, 114, 101, 115, 117, 108, 116, 34, 44, 10, 32, 32, 32, 32, 32, 32, 34, 114, 101, 102, 95, 105, 100, 34, 58, 32, 34, 114, 101, 115, 117, 108, 116, 58, 109, 111, 109, 101, 110, 116, 58, 112, 105, 112, 101, 45, 80, 45, 49, 48, 48, 58, 109, 105, 100, 115, 112, 97, 110, 58, 98, 101, 110, 100, 105, 110, 103, 45, 122, 34, 10, 32, 32, 32, 32, 125, 44, 10, 32, 32, 32, 32, 123, 10, 32, 32, 32, 32, 32, 32, 34, 114, 101, 102, 95, 116, 121, 112, 101, 34, 58, 32, 34, 114, 101, 115, 117, 108, 116, 34, 44, 10, 32, 32, 32, 32, 32, 32, 34, 114, 101, 102, 95, 105, 100, 34, 58, 32, 34, 114, 101, 115, 117, 108, 116, 58, 102, 111, 114, 99, 101, 58, 112, 105, 112, 101, 45, 80, 45, 49, 48, 48, 58, 113, 117, 97, 114, 116, 101, 114, 45, 51, 58, 97, 120, 105, 97, 108, 34, 10, 32, 32, 32, 32, 125, 44, 10, 32, 32, 32, 32, 123, 10, 32, 32, 32, 32, 32, 32, 34, 114, 101, 102, 95, 116, 121, 112, 101, 34, 58, 32, 34, 114, 101, 115, 117, 108, 116, 34, 44, 10, 32, 32, 32, 32, 32, 32, 34, 114, 101, 102, 95, 105, 100, 34, 58, 32, 34, 114, 101, 115, 117, 108, 116, 58, 102, 111, 114, 99, 101, 58, 112, 105, 112, 101, 45, 80, 45, 49, 48, 48, 58, 113, 117, 97, 114, 116, 101, 114, 45, 51, 58, 115, 104, 101, 97, 114, 45, 121, 34, 10, 32, 32, 32, 32, 125, 44, 10, 32, 32, 32, 32, 123, 10, 32, 32, 32, 32, 32, 32, 34, 114, 101, 102, 95, 116, 121, 112, 101, 34, 58, 32, 34, 114, 101, 115, 117, 108, 116, 34, 44, 10, 32, 32, 32, 32, 32, 32, 34, 114, 101, 102, 95, 105, 100, 34, 58, 32, 34, 114, 101, 115, 117, 108, 116, 58, 102, 111, 114, 99, 101, 58, 112, 105, 112, 101, 45, 80, 45, 49, 48, 48, 58, 113, 117, 97, 114, 116, 101, 114, 45, 51, 58, 115, 104, 101, 97, 114, 45, 122, 34, 10, 32, 32, 32, 32, 125, 44, 10, 32, 32, 32, 32, 123, 10, 32, 32, 32, 32, 32, 32, 34, 114, 101, 102, 95, 116, 121, 112, 101, 34, 58, 32, 34, 114, 101, 115, 117, 108, 116, 34, 44, 10, 32, 32, 32, 32, 32, 32, 34, 114, 101, 102, 95, 105, 100, 34, 58, 32, 34, 114, 101, 115, 117, 108, 116, 58, 109, 111, 109, 101, 110, 116, 58, 112, 105, 112, 101, 45, 80, 45, 49, 48, 48, 58, 113, 117, 97, 114, 116, 101, 114, 45, 51, 58, 116, 111, 114, 115, 105, 111, 110, 34, 10, 32, 32, 32, 32, 125, 44, 10, 32, 32, 32, 32, 123, 10, 32, 32, 32, 32, 32, 32, 34, 114, 101, 102, 95, 116, 121, 112, 101, 34, 58, 32, 34, 114, 101, 115, 117, 108, 116, 34, 44, 10, 32, 32, 32, 32, 32, 32, 34, 114, 101, 102, 95, 105, 100, 34, 58, 32, 34, 114, 101, 115, 117, 108, 116, 58, 109, 111, 109, 101, 110, 116, 58, 112, 105, 112, 101, 45, 80, 45, 49, 48, 48, 58, 113, 117, 97, 114, 116, 101, 114, 45, 51, 58, 98, 101, 110, 100, 105, 110, 103, 45, 121, 34, 10, 32, 32, 32, 32, 125, 44, 10, 32, 32, 32, 32, 123, 10, 32, 32, 32, 32, 32, 32, 34, 114, 101, 102, 95, 116, 121, 112, 101, 34, 58, 32, 34, 114, 101, 115, 117, 108, 116, 34, 44, 10, 32, 32, 32, 32, 32, 32, 34, 114, 101, 102, 95, 105, 100, 34, 58, 32, 34, 114, 101, 115, 117, 108, 116, 58, 109, 111, 109, 101, 110, 116, 58, 112, 105, 112, 101, 45, 80, 45, 49, 48, 48, 58, 113, 117, 97, 114, 116, 101, 114, 45, 51, 58, 98, 101, 110, 100, 105, 110, 103, 45, 122, 34, 10, 32, 32, 32, 32, 125, 44, 10, 32, 32, 32, 32, 123, 10, 32, 32, 32, 32, 32, 32, 34, 114, 101, 102, 95, 116, 121, 112, 101, 34, 58, 32, 34, 114, 101, 115, 117, 108, 116, 34, 44, 10, 32, 32, 32, 32, 32, 32, 34, 114, 101, 102, 95, 105, 100, 34, 58, 32, 34, 114, 101, 115, 117, 108, 116, 58, 115, 116, 114, 101, 115, 115, 58, 112, 105, 112, 101, 45, 80, 45, 49, 48, 48, 58, 101, 110, 100, 45, 105, 58, 97, 120, 105, 97, 108, 45, 110, 111, 114, 109, 97, 108, 34, 10, 32, 32, 32, 32, 125, 44, 10, 32, 32, 32, 32, 123, 10, 32, 32, 32, 32, 32, 32, 34, 114, 101, 102, 95, 116, 121, 112, 101, 34, 58, 32, 34, 114, 101, 115, 117, 108, 116, 34, 44, 10, 32, 32, 32, 32, 32, 32, 34, 114, 101, 102, 95, 105, 100, 34, 58, 32, 34, 114, 101, 115, 117, 108, 116, 58, 115, 116, 114, 101, 115, 115, 58, 112, 105, 112, 101, 45, 80, 45, 49, 48, 48, 58, 101, 110, 100, 45, 105, 58, 98, 101, 110, 100, 105, 110, 103, 45, 110, 111, 114, 109, 97, 108, 45, 121, 34, 10, 32, 32, 32, 32, 125, 44, 10, 32, 32, 32, 32, 123, 10, 32, 32, 32, 32, 32, 32, 34, 114, 101, 102, 95, 116, 121, 112, 101, 34, 58, 32, 34, 114, 101, 115, 117, 108, 116, 34, 44, 10, 32, 32, 32, 32, 32, 32, 34, 114, 101, 102, 95, 105, 100, 34, 58, 32, 34, 114, 101, 115, 117, 108, 116, 58, 115, 116, 114, 101, 115, 115, 58, 112, 105, 112, 101, 45, 80, 45, 49, 48, 48, 58, 101, 110, 100, 45, 105, 58, 98, 101, 110, 100, 105, 110, 103, 45, 110, 111, 114, 109, 97, 108, 45, 122, 34, 10, 32, 32, 32, 32, 125, 44, 10, 32, 32, 32, 32, 123, 10, 32, 32, 32, 32, 32, 32, 34, 114, 101, 102, 95, 116, 121, 112, 101, 34, 58, 32, 34, 114, 101, 115, 117, 108, 116, 34, 44, 10, 32, 32, 32, 32, 32, 32, 34, 114, 101, 102, 95, 105, 100, 34, 58, 32, 34, 114, 101, 115, 117, 108, 116, 58, 115, 116, 114, 101, 115, 115, 58, 112, 105, 112, 101, 45, 80, 45, 49, 48, 48, 58, 101, 110, 100, 45, 105, 58, 116, 111, 114, 115, 105, 111, 110, 97, 108, 45, 115, 104, 101, 97, 114, 34, 10, 32, 32, 32, 32, 125, 44, 10, 32, 32, 32, 32, 123, 10, 32, 32, 32, 32, 32, 32, 34, 114, 101, 102, 95, 116, 121, 112, 101, 34, 58, 32, 34, 114, 101, 115, 117, 108, 116, 34, 44, 10, 32, 32, 32, 32, 32, 32, 34, 114, 101, 102, 95, 105, 100, 34, 58, 32, 34, 114, 101, 115, 117, 108, 116, 58, 115, 116, 114, 101, 115, 115, 58, 112, 105, 112, 101, 45, 80, 45, 49, 48, 48, 58, 101, 110, 100, 45, 106, 58, 97, 120, 105, 97, 108, 45, 110, 111, 114, 109, 97, 108, 34, 10, 32, 32, 32, 32, 125, 44, 10, 32, 32, 32, 32, 123, 10, 32, 32, 32, 32, 32, 32, 34, 114, 101, 102, 95, 116, 121, 112, 101, 34, 58, 32, 34, 114, 101, 115, 117, 108, 116, 34, 44, 10, 32, 32, 32, 32, 32, 32, 34, 114, 101, 102, 95, 105, 100, 34, 58, 32, 34, 114, 101, 115, 117, 108, 116, 58, 115, 116, 114, 101, 115, 115, 58, 112, 105, 112, 101, 45, 80, 45, 49, 48, 48, 58, 101, 110, 100, 45, 106, 58, 98, 101, 110, 100, 105, 110, 103, 45, 110, 111, 114, 109, 97, 108, 45, 121, 34, 10, 32, 32, 32, 32, 125, 44, 10, 32, 32, 32, 32, 123, 10, 32, 32, 32, 32, 32, 32, 34, 114, 101, 102, 95, 116, 121, 112, 101, 34, 58, 32, 34, 114, 101, 115, 117, 108, 116, 34, 44, 10, 32, 32, 32, 32, 32, 32, 34, 114, 101, 102, 95, 105, 100, 34, 58, 32, 34, 114, 101, 115, 117, 108, 116, 58, 115, 116, 114, 101, 115, 115, 58, 112, 105, 112, 101, 45, 80, 45, 49, 48, 48, 58, 101, 110, 100, 45, 106, 58, 98, 101, 110, 100, 105, 110, 103, 45, 110, 111, 114, 109, 97, 108, 45, 122, 34, 10, 32, 32, 32, 32, 125, 44, 10, 32, 32, 32, 32, 123, 10, 32, 32, 32, 32, 32, 32, 34, 114, 101, 102, 95, 116, 121, 112, 101, 34, 58, 32, 34, 114, 101, 115, 117, 108, 116, 34, 44, 10, 32, 32, 32, 32, 32, 32, 34, 114, 101, 102, 95, 105, 100, 34, 58, 32, 34, 114, 101, 115, 117, 108, 116, 58, 115, 116, 114, 101, 115, 115, 58, 112, 105, 112, 101, 45, 80, 45, 49, 48, 48, 58, 101, 110, 100, 45, 106, 58, 116, 111, 114, 115, 105, 111, 110, 97, 108, 45, 115, 104, 101, 97, 114, 34, 10, 32, 32, 32, 32, 125, 44, 10, 32, 32, 32, 32, 123, 10, 32, 32, 32, 32, 32, 32, 34, 114, 101, 102, 95, 116, 121, 112, 101, 34, 58, 32, 34, 114, 101, 115, 117, 108, 116, 34, 44, 10, 32, 32, 32, 32, 32, 32, 34, 114, 101, 102, 95, 105, 100, 34, 58, 32, 34, 114, 101, 115, 117, 108, 116, 58, 115, 116, 114, 101, 115, 115, 58, 112, 105, 112, 101, 45, 80, 45, 49, 48, 48, 58, 113, 117, 97, 114, 116, 101, 114, 45, 49, 58, 97, 120, 105, 97, 108, 45, 110, 111, 114, 109, 97, 108, 34, 10, 32, 32, 32, 32, 125, 44, 10, 32, 32, 32, 32, 123, 10, 32, 32, 32, 32, 32, 32, 34, 114, 101, 102, 95, 116, 121, 112, 101, 34, 58, 32, 34, 114, 101, 115, 117, 108, 116, 34, 44, 10, 32, 32, 32, 32, 32, 32, 34, 114, 101, 102, 95, 105, 100, 34, 58, 32, 34, 114, 101, 115, 117, 108, 116, 58, 115, 116, 114, 101, 115, 115, 58, 112, 105, 112, 101, 45, 80, 45, 49, 48, 48, 58, 113, 117, 97, 114, 116, 101, 114, 45, 49, 58, 98, 101, 110, 100, 105, 110, 103, 45, 110, 111, 114, 109, 97, 108, 45, 121, 34, 10, 32, 32, 32, 32, 125, 44, 10, 32, 32, 32, 32, 123, 10, 32, 32, 32, 32, 32, 32, 34, 114, 101, 102, 95, 116, 121, 112, 101, 34, 58, 32, 34, 114, 101, 115, 117, 108, 116, 34, 44, 10, 32, 32, 32, 32, 32, 32, 34, 114, 101, 102, 95, 105, 100, 34, 58, 32, 34, 114, 101, 115, 117, 108, 116, 58, 115, 116, 114, 101, 115, 115, 58, 112, 105, 112, 101, 45, 80, 45, 49, 48, 48, 58, 113, 117, 97, 114, 116, 101, 114, 45, 49, 58, 98, 101, 110, 100, 105, 110, 103, 45, 110, 111, 114, 109, 97, 108, 45, 122, 34, 10, 32, 32, 32, 32, 125, 44, 10, 32, 32, 32, 32, 123, 10, 32, 32, 32, 32, 32, 32, 34, 114, 101, 102, 95, 116, 121, 112, 101, 34, 58, 32, 34, 114, 101, 115, 117, 108, 116, 34, 44, 10, 32, 32, 32, 32, 32, 32, 34, 114, 101, 102, 95, 105, 100, 34, 58, 32, 34, 114, 101, 115, 117, 108, 116, 58, 115, 116, 114, 101, 115, 115, 58, 112, 105, 112, 101, 45, 80, 45, 49, 48, 48, 58, 113, 117, 97, 114, 116, 101, 114, 45, 49, 58, 116, 111, 114, 115, 105, 111, 110, 97, 108, 45, 115, 104, 101, 97, 114, 34, 10, 32, 32, 32, 32, 125, 44, 10, 32, 32, 32, 32, 123, 10, 32, 32, 32, 32, 32, 32, 34, 114, 101, 102, 95, 116, 121, 112, 101, 34, 58, 32, 34, 114, 101, 115, 117, 108, 116, 34, 44, 10, 32, 32, 32, 32, 32, 32, 34, 114, 101, 102, 95, 105, 100, 34, 58, 32, 34, 114, 101, 115, 117, 108, 116, 58, 115, 116, 114, 101, 115, 115, 58, 112, 105, 112, 101, 45, 80, 45, 49, 48, 48, 58, 109, 105, 100, 115, 112, 97, 110, 58, 97, 120, 105, 97, 108, 45, 110, 111, 114, 109, 97, 108, 34, 10, 32, 32, 32, 32, 125, 44, 10, 32, 32, 32, 32, 123, 10, 32, 32, 32, 32, 32, 32, 34, 114, 101, 102, 95, 116, 121, 112, 101, 34, 58, 32, 34, 114, 101, 115, 117, 108, 116, 34, 44, 10, 32, 32, 32, 32, 32, 32, 34, 114, 101, 102, 95, 105, 100, 34, 58, 32, 34, 114, 101, 115, 117, 108, 116, 58, 115, 116, 114, 101, 115, 115, 58, 112, 105, 112, 101, 45, 80, 45, 49, 48, 48, 58, 109, 105, 100, 115, 112, 97, 110, 58, 98, 101, 110, 100, 105, 110, 103, 45, 110, 111, 114, 109, 97, 108, 45, 121, 34, 10, 32, 32, 32, 32, 125, 44, 10, 32, 32, 32, 32, 123, 10, 32, 32, 32, 32, 32, 32, 34, 114, 101, 102, 95, 116, 121, 112, 101, 34, 58, 32, 34, 114, 101, 115, 117, 108, 116, 34, 44, 10, 32, 32, 32, 32, 32, 32, 34, 114, 101, 102, 95, 105, 100, 34, 58, 32, 34, 114, 101, 115, 117, 108, 116, 58, 115, 116, 114, 101, 115, 115, 58, 112, 105, 112, 101, 45, 80, 45, 49, 48, 48, 58, 109, 105, 100, 115, 112, 97, 110, 58, 98, 101, 110, 100, 105, 110, 103, 45, 110, 111, 114, 109, 97, 108, 45, 122, 34, 10, 32, 32, 32, 32, 125, 44, 10, 32, 32, 32, 32, 123, 10, 32, 32, 32, 32, 32, 32, 34, 114, 101, 102, 95, 116, 121, 112, 101, 34, 58, 32, 34, 114, 101, 115, 117, 108, 116, 34, 44, 10, 32, 32, 32, 32, 32, 32, 34, 114, 101, 102, 95, 105, 100, 34, 58, 32, 34, 114, 101, 115, 117, 108, 116, 58, 115, 116, 114, 101, 115, 115, 58, 112, 105, 112, 101, 45, 80, 45, 49, 48, 48, 58, 109, 105, 100, 115, 112, 97, 110, 58, 116, 111, 114, 115, 105, 111, 110, 97, 108, 45, 115, 104, 101, 97, 114, 34, 10, 32, 32, 32, 32, 125, 44, 10, 32, 32, 32, 32, 123, 10, 32, 32, 32, 32, 32, 32, 34, 114, 101, 102, 95, 116, 121, 112, 101, 34, 58, 32, 34, 114, 101, 115, 117, 108, 116, 34, 44, 10, 32, 32, 32, 32, 32, 32, 34, 114, 101, 102, 95, 105, 100, 34, 58, 32, 34, 114, 101, 115, 117, 108, 116, 58, 115, 116, 114, 101, 115, 115, 58, 112, 105, 112, 101, 45, 80, 45, 49, 48, 48, 58, 113, 117, 97, 114, 116, 101, 114, 45, 51, 58, 97, 120, 105, 97, 108, 45, 110, 111, 114, 109, 97, 108, 34, 10, 32, 32, 32, 32, 125, 44, 10, 32, 32, 32, 32, 123, 10, 32, 32, 32, 32, 32, 32, 34, 114, 101, 102, 95, 116, 121, 112, 101, 34, 58, 32, 34, 114, 101, 115, 117, 108, 116, 34, 44, 10, 32, 32, 32, 32, 32, 32, 34, 114, 101, 102, 95, 105, 100, 34, 58, 32, 34, 114, 101, 115, 117, 108, 116, 58, 115, 116, 114, 101, 115, 115, 58, 112, 105, 112, 101, 45, 80, 45, 49, 48, 48, 58, 113, 117, 97, 114, 116, 101, 114, 45, 51, 58, 98, 101, 110, 100, 105, 110, 103, 45, 110, 111, 114, 109, 97, 108, 45, 121, 34, 10, 32, 32, 32, 32, 125, 44, 10, 32, 32, 32, 32, 123, 10, 32, 32, 32, 32, 32, 32, 34, 114, 101, 102, 95, 116, 121, 112, 101, 34, 58, 32, 34, 114, 101, 115, 117, 108, 116, 34, 44, 10, 32, 32, 32, 32, 32, 32, 34, 114, 101, 102, 95, 105, 100, 34, 58, 32, 34, 114, 101, 115, 117, 108, 116, 58, 115, 116, 114, 101, 115, 115, 58, 112, 105, 112, 101, 45, 80, 45, 49, 48, 48, 58, 113, 117, 97, 114, 116, 101, 114, 45, 51, 58, 98, 101, 110, 100, 105, 110, 103, 45, 110, 111, 114, 109, 97, 108, 45, 122, 34, 10, 32, 32, 32, 32, 125, 44, 10, 32, 32, 32, 32, 123, 10, 32, 32, 32, 32, 32, 32, 34, 114, 101, 102, 95, 116, 121, 112, 101, 34, 58, 32, 34, 114, 101, 115, 117, 108, 116, 34, 44, 10, 32, 32, 32, 32, 32, 32, 34, 114, 101, 102, 95, 105, 100, 34, 58, 32, 34, 114, 101, 115, 117, 108, 116, 58, 115, 116, 114, 101, 115, 115, 58, 112, 105, 112, 101, 45, 80, 45, 49, 48, 48, 58, 113, 117, 97, 114, 116, 101, 114, 45, 51, 58, 116, 111, 114, 115, 105, 111, 110, 97, 108, 45, 115, 104, 101, 97, 114, 34, 10, 32, 32, 32, 32, 125, 44, 10, 32, 32, 32, 32, 123, 10, 32, 32, 32, 32, 32, 32, 34, 114, 101, 102, 95, 116, 121, 112, 101, 34, 58, 32, 34, 114, 101, 115, 117, 108, 116, 34, 44, 10, 32, 32, 32, 32, 32, 32, 34, 114, 101, 102, 95, 105, 100, 34, 58, 32, 34, 114, 101, 115, 117, 108, 116, 58, 115, 116, 114, 101, 115, 115, 58, 112, 105, 112, 101, 45, 80, 45, 49, 48, 48, 34, 10, 32, 32, 32, 32, 125, 44, 10, 32, 32, 32, 32, 123, 10, 32, 32, 32, 32, 32, 32, 34, 114, 101, 102, 95, 116, 121, 112, 101, 34, 58, 32, 34, 114, 101, 115, 117, 108, 116, 34, 44, 10, 32, 32, 32, 32, 32, 32, 34, 114, 101, 102, 95, 105, 100, 34, 58, 32, 34, 114, 101, 115, 117, 108, 116, 58, 115, 116, 114, 101, 115, 115, 58, 99, 111, 109, 112, 111, 110, 101, 110, 116, 45, 67, 45, 49, 49, 48, 58, 112, 105, 112, 101, 45, 80, 45, 49, 48, 48, 58, 101, 110, 100, 45, 106, 58, 117, 115, 101, 114, 45, 109, 117, 108, 116, 105, 112, 108, 105, 101, 114, 34, 10, 32, 32, 32, 32, 125, 44, 10, 32, 32, 32, 32, 123, 10, 32, 32, 32, 32, 32, 32, 34, 114, 101, 102, 95, 116, 121, 112, 101, 34, 58, 32, 34, 114, 101, 115, 117, 108, 116, 34, 44, 10, 32, 32, 32, 32, 32, 32, 34, 114, 101, 102, 95, 105, 100, 34, 58, 32, 34, 114, 101, 115, 117, 108, 116, 58, 102, 111, 114, 99, 101, 58, 112, 105, 112, 101, 45, 80, 45, 49, 49, 48, 58, 97, 120, 105, 97, 108, 34, 10, 32, 32, 32, 32, 125, 44, 10, 32, 32, 32, 32, 123, 10, 32, 32, 32, 32, 32, 32, 34, 114, 101, 102, 95, 116, 121, 112, 101, 34, 58, 32, 34, 114, 101, 115, 117, 108, 116, 34, 44, 10, 32, 32, 32, 32, 32, 32, 34, 114, 101, 102, 95, 105, 100, 34, 58, 32, 34, 114, 101, 115, 117, 108, 116, 58, 102, 111, 114, 99, 101, 58, 112, 105, 112, 101, 45, 80, 45, 49, 49, 48, 58, 97, 120, 105, 97, 108, 58, 101, 110, 100, 45, 106, 34, 10, 32, 32, 32, 32, 125, 44, 10, 32, 32, 32, 32, 123, 10, 32, 32, 32, 32, 32, 32, 34, 114, 101, 102, 95, 116, 121, 112, 101, 34, 58, 32, 34, 114, 101, 115, 117, 108, 116, 34, 44, 10, 32, 32, 32, 32, 32, 32, 34, 114, 101, 102, 95, 105, 100, 34, 58, 32, 34, 114, 101, 115, 117, 108, 116, 58, 102, 111, 114, 99, 101, 58, 112, 105, 112, 101, 45, 80, 45, 49, 49, 48, 58, 115, 104, 101, 97, 114, 45, 121, 34, 10, 32, 32, 32, 32, 125, 44, 10, 32, 32, 32, 32, 123, 10, 32, 32, 32, 32, 32, 32, 34, 114, 101, 102, 95, 116, 121, 112, 101, 34, 58, 32, 34, 114, 101, 115, 117, 108, 116, 34, 44, 10, 32, 32, 32, 32, 32, 32, 34, 114, 101, 102, 95, 105, 100, 34, 58, 32, 34, 114, 101, 115, 117, 108, 116, 58, 102, 111, 114, 99, 101, 58, 112, 105, 112, 101, 45, 80, 45, 49, 49, 48, 58, 115, 104, 101, 97, 114, 45, 121, 58, 101, 110, 100, 45, 106, 34, 10, 32, 32, 32, 32, 125, 44, 10, 32, 32, 32, 32, 123, 10, 32, 32, 32, 32, 32, 32, 34, 114, 101, 102, 95, 116, 121, 112, 101, 34, 58, 32, 34, 114, 101, 115, 117, 108, 116, 34, 44, 10, 32, 32, 32, 32, 32, 32, 34, 114, 101, 102, 95, 105, 100, 34, 58, 32, 34, 114, 101, 115, 117, 108, 116, 58, 102, 111, 114, 99, 101, 58, 112, 105, 112, 101, 45, 80, 45, 49, 49, 48, 58, 115, 104, 101, 97, 114, 45, 122, 34, 10, 32, 32, 32, 32, 125, 44, 10, 32, 32, 32, 32, 123, 10, 32, 32, 32, 32, 32, 32, 34, 114, 101, 102, 95, 116, 121, 112, 101, 34, 58, 32, 34, 114, 101, 115, 117, 108, 116, 34, 44, 10, 32, 32, 32, 32, 32, 32, 34, 114, 101, 102, 95, 105, 100, 34, 58, 32, 34, 114, 101, 115, 117, 108, 116, 58, 102, 111, 114, 99, 101, 58, 112, 105, 112, 101, 45, 80, 45, 49, 49, 48, 58, 115, 104, 101, 97, 114, 45, 122, 58, 101, 110, 100, 45, 106, 34, 10, 32, 32, 32, 32, 125, 44, 10, 32, 32, 32, 32, 123, 10, 32, 32, 32, 32, 32, 32, 34, 114, 101, 102, 95, 116, 121, 112, 101, 34, 58, 32, 34, 114, 101, 115, 117, 108, 116, 34, 44, 10, 32, 32, 32, 32, 32, 32, 34, 114, 101, 102, 95, 105, 100, 34, 58, 32, 34, 114, 101, 115, 117, 108, 116, 58, 109, 111, 109, 101, 110, 116, 58, 112, 105, 112, 101, 45, 80, 45, 49, 49, 48, 58, 116, 111, 114, 115, 105, 111, 110, 34, 10, 32, 32, 32, 32, 125, 44, 10, 32, 32, 32, 32, 123, 10, 32, 32, 32, 32, 32, 32, 34, 114, 101, 102, 95, 116, 121, 112, 101, 34, 58, 32, 34, 114, 101, 115, 117, 108, 116, 34, 44, 10, 32, 32, 32, 32, 32, 32, 34, 114, 101, 102, 95, 105, 100, 34, 58, 32, 34, 114, 101, 115, 117, 108, 116, 58, 109, 111, 109, 101, 110, 116, 58, 112, 105, 112, 101, 45, 80, 45, 49, 49, 48, 58, 116, 111, 114, 115, 105, 111, 110, 58, 101, 110, 100, 45, 106, 34, 10, 32, 32, 32, 32, 125, 44, 10, 32, 32, 32, 32, 123, 10, 32, 32, 32, 32, 32, 32, 34, 114, 101, 102, 95, 116, 121, 112, 101, 34, 58, 32, 34, 114, 101, 115, 117, 108, 116, 34, 44, 10, 32, 32, 32, 32, 32, 32, 34, 114, 101, 102, 95, 105, 100, 34, 58, 32, 34, 114, 101, 115, 117, 108, 116, 58, 109, 111, 109, 101, 110, 116, 58, 112, 105, 112, 101, 45, 80, 45, 49, 49, 48, 58, 98, 101, 110, 100, 105, 110, 103, 45, 121, 34, 10, 32, 32, 32, 32, 125, 44, 10, 32, 32, 32, 32, 123, 10, 32, 32, 32, 32, 32, 32, 34, 114, 101, 102, 95, 116, 121, 112, 101, 34, 58, 32, 34, 114, 101, 115, 117, 108, 116, 34, 44, 10, 32, 32, 32, 32, 32, 32, 34, 114, 101, 102, 95, 105, 100, 34, 58, 32, 34, 114, 101, 115, 117, 108, 116, 58, 109, 111, 109, 101, 110, 116, 58, 112, 105, 112, 101, 45, 80, 45, 49, 49, 48, 58, 98, 101, 110, 100, 105, 110, 103, 45, 121, 58, 101, 110, 100, 45, 106, 34, 10, 32, 32, 32, 32, 125, 44, 10, 32, 32, 32, 32, 123, 10, 32, 32, 32, 32, 32, 32, 34, 114, 101, 102, 95, 116, 121, 112, 101, 34, 58, 32, 34, 114, 101, 115, 117, 108, 116, 34, 44, 10, 32, 32, 32, 32, 32, 32, 34, 114, 101, 102, 95, 105, 100, 34, 58, 32, 34, 114, 101, 115, 117, 108, 116, 58, 109, 111, 109, 101, 110, 116, 58, 112, 105, 112, 101, 45, 80, 45, 49, 49, 48, 58, 98, 101, 110, 100, 105, 110, 103, 45, 122, 34, 10, 32, 32, 32, 32, 125, 44, 10, 32, 32, 32, 32, 123, 10, 32, 32, 32, 32, 32, 32, 34, 114, 101, 102, 95, 116, 121, 112, 101, 34, 58, 32, 34, 114, 101, 115, 117, 108, 116, 34, 44, 10, 32, 32, 32, 32, 32, 32, 34, 114, 101, 102, 95, 105, 100, 34, 58, 32, 34, 114, 101, 115, 117, 108, 116, 58, 109, 111, 109, 101, 110, 116, 58, 112, 105, 112, 101, 45, 80, 45, 49, 49, 48, 58, 98, 101, 110, 100, 105, 110, 103, 45, 122, 58, 101, 110, 100, 45, 106, 34, 10, 32, 32, 32, 32, 125, 44, 10, 32, 32, 32, 32, 123, 10, 32, 32, 32, 32, 32, 32, 34, 114, 101, 102, 95, 116, 121, 112, 101, 34, 58, 32, 34, 114, 101, 115, 117, 108, 116, 34, 44, 10, 32, 32, 32, 32, 32, 32, 34, 114, 101, 102, 95, 105, 100, 34, 58, 32, 34, 114, 101, 115, 117, 108, 116, 58, 102, 111, 114, 99, 101, 58, 112, 105, 112, 101, 45, 80, 45, 49, 49, 48, 58, 113, 117, 97, 114, 116, 101, 114, 45, 49, 58, 97, 120, 105, 97, 108, 34, 10, 32, 32, 32, 32, 125, 44, 10, 32, 32, 32, 32, 123, 10, 32, 32, 32, 32, 32, 32, 34, 114, 101, 102, 95, 116, 121, 112, 101, 34, 58, 32, 34, 114, 101, 115, 117, 108, 116, 34, 44, 10, 32, 32, 32, 32, 32, 32, 34, 114, 101, 102, 95, 105, 100, 34, 58, 32, 34, 114, 101, 115, 117, 108, 116, 58, 102, 111, 114, 99, 101, 58, 112, 105, 112, 101, 45, 80, 45, 49, 49, 48, 58, 113, 117, 97, 114, 116, 101, 114, 45, 49, 58, 115, 104, 101, 97, 114, 45, 121, 34, 10, 32, 32, 32, 32, 125, 44, 10, 32, 32, 32, 32, 123, 10, 32, 32, 32, 32, 32, 32, 34, 114, 101, 102, 95, 116, 121, 112, 101, 34, 58, 32, 34, 114, 101, 115, 117, 108, 116, 34, 44, 10, 32, 32, 32, 32, 32, 32, 34, 114, 101, 102, 95, 105, 100, 34, 58, 32, 34, 114, 101, 115, 117, 108, 116, 58, 102, 111, 114, 99, 101, 58, 112, 105, 112, 101, 45, 80, 45, 49, 49, 48, 58, 113, 117, 97, 114, 116, 101, 114, 45, 49, 58, 115, 104, 101, 97, 114, 45, 122, 34, 10, 32, 32, 32, 32, 125, 44, 10, 32, 32, 32, 32, 123, 10, 32, 32, 32, 32, 32, 32, 34, 114, 101, 102, 95, 116, 121, 112, 101, 34, 58, 32, 34, 114, 101, 115, 117, 108, 116, 34, 44, 10, 32, 32, 32, 32, 32, 32, 34, 114, 101, 102, 95, 105, 100, 34, 58, 32, 34, 114, 101, 115, 117, 108, 116, 58, 109, 111, 109, 101, 110, 116, 58, 112, 105, 112, 101, 45, 80, 45, 49, 49, 48, 58, 113, 117, 97, 114, 116, 101, 114, 45, 49, 58, 116, 111, 114, 115, 105, 111, 110, 34, 10, 32, 32, 32, 32, 125, 44, 10, 32, 32, 32, 32, 123, 10, 32, 32, 32, 32, 32, 32, 34, 114, 101, 102, 95, 116, 121, 112, 101, 34, 58, 32, 34, 114, 101, 115, 117, 108, 116, 34, 44, 10, 32, 32, 32, 32, 32, 32, 34, 114, 101, 102, 95, 105, 100, 34, 58, 32, 34, 114, 101, 115, 117, 108, 116, 58, 109, 111, 109, 101, 110, 116, 58, 112, 105, 112, 101, 45, 80, 45, 49, 49, 48, 58, 113, 117, 97, 114, 116, 101, 114, 45, 49, 58, 98, 101, 110, 100, 105, 110, 103, 45, 121, 34, 10, 32, 32, 32, 32, 125, 44, 10, 32, 32, 32, 32, 123, 10, 32, 32, 32, 32, 32, 32, 34, 114, 101, 102, 95, 116, 121, 112, 101, 34, 58, 32, 34, 114, 101, 115, 117, 108, 116, 34, 44, 10, 32, 32, 32, 32, 32, 32, 34, 114, 101, 102, 95, 105, 100, 34, 58, 32, 34, 114, 101, 115, 117, 108, 116, 58, 109, 111, 109, 101, 110, 116, 58, 112, 105, 112, 101, 45, 80, 45, 49, 49, 48, 58, 113, 117, 97, 114, 116, 101, 114, 45, 49, 58, 98, 101, 110, 100, 105, 110, 103, 45, 122, 34, 10, 32, 32, 32, 32, 125, 44, 10, 32, 32, 32, 32, 123, 10, 32, 32, 32, 32, 32, 32, 34, 114, 101, 102, 95, 116, 121, 112, 101, 34, 58, 32, 34, 114, 101, 115, 117, 108, 116, 34, 44, 10, 32, 32, 32, 32, 32, 32, 34, 114, 101, 102, 95, 105, 100, 34, 58, 32, 34, 114, 101, 115, 117, 108, 116, 58, 102, 111, 114, 99, 101, 58, 112, 105, 112, 101, 45, 80, 45, 49, 49, 48, 58, 109, 105, 100, 115, 112, 97, 110, 58, 97, 120, 105, 97, 108, 34, 10, 32, 32, 32, 32, 125, 44, 10, 32, 32, 32, 32, 123, 10, 32, 32, 32, 32, 32, 32, 34, 114, 101, 102, 95, 116, 121, 112, 101, 34, 58, 32, 34, 114, 101, 115, 117, 108, 116, 34, 44, 10, 32, 32, 32, 32, 32, 32, 34, 114, 101, 102, 95, 105, 100, 34, 58, 32, 34, 114, 101, 115, 117, 108, 116, 58, 102, 111, 114, 99, 101, 58, 112, 105, 112, 101, 45, 80, 45, 49, 49, 48, 58, 109, 105, 100, 115, 112, 97, 110, 58, 115, 104, 101, 97, 114, 45, 121, 34, 10, 32, 32, 32, 32, 125, 44, 10, 32, 32, 32, 32, 123, 10, 32, 32, 32, 32, 32, 32, 34, 114, 101, 102, 95, 116, 121, 112, 101, 34, 58, 32, 34, 114, 101, 115, 117, 108, 116, 34, 44, 10, 32, 32, 32, 32, 32, 32, 34, 114, 101, 102, 95, 105, 100, 34, 58, 32, 34, 114, 101, 115, 117, 108, 116, 58, 102, 111, 114, 99, 101, 58, 112, 105, 112, 101, 45, 80, 45, 49, 49, 48, 58, 109, 105, 100, 115, 112, 97, 110, 58, 115, 104, 101, 97, 114, 45, 122, 34, 10, 32, 32, 32, 32, 125, 44, 10, 32, 32, 32, 32, 123, 10, 32, 32, 32, 32, 32, 32, 34, 114, 101, 102, 95, 116, 121, 112, 101, 34, 58, 32, 34, 114, 101, 115, 117, 108, 116, 34, 44, 10, 32, 32, 32, 32, 32, 32, 34, 114, 101, 102, 95, 105, 100, 34, 58, 32, 34, 114, 101, 115, 117, 108, 116, 58, 109, 111, 109, 101, 110, 116, 58, 112, 105, 112, 101, 45, 80, 45, 49, 49, 48, 58, 109, 105, 100, 115, 112, 97, 110, 58, 116, 111, 114, 115, 105, 111, 110, 34, 10, 32, 32, 32, 32, 125, 44, 10, 32, 32, 32, 32, 123, 10, 32, 32, 32, 32, 32, 32, 34, 114, 101, 102, 95, 116, 121, 112, 101, 34, 58, 32, 34, 114, 101, 115, 117, 108, 116, 34, 44, 10, 32, 32, 32, 32, 32, 32, 34, 114, 101, 102, 95, 105, 100, 34, 58, 32, 34, 114, 101, 115, 117, 108, 116, 58, 109, 111, 109, 101, 110, 116, 58, 112, 105, 112, 101, 45, 80, 45, 49, 49, 48, 58, 109, 105, 100, 115, 112, 97, 110, 58, 98, 101, 110, 100, 105, 110, 103, 45, 121, 34, 10, 32, 32, 32, 32, 125, 44, 10, 32, 32, 32, 32, 123, 10, 32, 32, 32, 32, 32, 32, 34, 114, 101, 102, 95, 116, 121, 112, 101, 34, 58, 32, 34, 114, 101, 115, 117, 108, 116, 34, 44, 10, 32, 32, 32, 32, 32, 32, 34, 114, 101, 102, 95, 105, 100, 34, 58, 32, 34, 114, 101, 115, 117, 108, 116, 58, 109, 111, 109, 101, 110, 116, 58, 112, 105, 112, 101, 45, 80, 45, 49, 49, 48, 58, 109, 105, 100, 115, 112, 97, 110, 58, 98, 101, 110, 100, 105, 110, 103, 45, 122, 34, 10, 32, 32, 32, 32, 125, 44, 10, 32, 32, 32, 32, 123, 10, 32, 32, 32, 32, 32, 32, 34, 114, 101, 102, 95, 116, 121, 112, 101, 34, 58, 32, 34, 114, 101, 115, 117, 108, 116, 34, 44, 10, 32, 32, 32, 32, 32, 32, 34, 114, 101, 102, 95, 105, 100, 34, 58, 32, 34, 114, 101, 115, 117, 108, 116, 58, 102, 111, 114, 99, 101, 58, 112, 105, 112, 101, 45, 80, 45, 49, 49, 48, 58, 113, 117, 97, 114, 116, 101, 114, 45, 51, 58, 97, 120, 105, 97, 108, 34, 10, 32, 32, 32, 32, 125, 44, 10, 32, 32, 32, 32, 123, 10, 32, 32, 32, 32, 32, 32, 34, 114, 101, 102, 95, 116, 121, 112, 101, 34, 58, 32, 34, 114, 101, 115, 117, 108, 116, 34, 44, 10, 32, 32, 32, 32, 32, 32, 34, 114, 101, 102, 95, 105, 100, 34, 58, 32, 34, 114, 101, 115, 117, 108, 116, 58, 102, 111, 114, 99, 101, 58, 112, 105, 112, 101, 45, 80, 45, 49, 49, 48, 58, 113, 117, 97, 114, 116, 101, 114, 45, 51, 58, 115, 104, 101, 97, 114, 45, 121, 34, 10, 32, 32, 32, 32, 125, 44, 10, 32, 32, 32, 32, 123, 10, 32, 32, 32, 32, 32, 32, 34, 114, 101, 102, 95, 116, 121, 112, 101, 34, 58, 32, 34, 114, 101, 115, 117, 108, 116, 34, 44, 10, 32, 32, 32, 32, 32, 32, 34, 114, 101, 102, 95, 105, 100, 34, 58, 32, 34, 114, 101, 115, 117, 108, 116, 58, 102, 111, 114, 99, 101, 58, 112, 105, 112, 101, 45, 80, 45, 49, 49, 48, 58, 113, 117, 97, 114, 116, 101, 114, 45, 51, 58, 115, 104, 101, 97, 114, 45, 122, 34, 10, 32, 32, 32, 32, 125, 44, 10, 32, 32, 32, 32, 123, 10, 32, 32, 32, 32, 32, 32, 34, 114, 101, 102, 95, 116, 121, 112, 101, 34, 58, 32, 34, 114, 101, 115, 117, 108, 116, 34, 44, 10, 32, 32, 32, 32, 32, 32, 34, 114, 101, 102, 95, 105, 100, 34, 58, 32, 34, 114, 101, 115, 117, 108, 116, 58, 109, 111, 109, 101, 110, 116, 58, 112, 105, 112, 101, 45, 80, 45, 49, 49, 48, 58, 113, 117, 97, 114, 116, 101, 114, 45, 51, 58, 116, 111, 114, 115, 105, 111, 110, 34, 10, 32, 32, 32, 32, 125, 44, 10, 32, 32, 32, 32, 123, 10, 32, 32, 32, 32, 32, 32, 34, 114, 101, 102, 95, 116, 121, 112, 101, 34, 58, 32, 34, 114, 101, 115, 117, 108, 116, 34, 44, 10, 32, 32, 32, 32, 32, 32, 34, 114, 101, 102, 95, 105, 100, 34, 58, 32, 34, 114, 101, 115, 117, 108, 116, 58, 109, 111, 109, 101, 110, 116, 58, 112, 105, 112, 101, 45, 80, 45, 49, 49, 48, 58, 113, 117, 97, 114, 116, 101, 114, 45, 51, 58, 98, 101, 110, 100, 105, 110, 103, 45, 121, 34, 10, 32, 32, 32, 32, 125, 44, 10, 32, 32, 32, 32, 123, 10, 32, 32, 32, 32, 32, 32, 34, 114, 101, 102, 95, 116, 121, 112, 101, 34, 58, 32, 34, 114, 101, 115, 117, 108, 116, 34, 44, 10, 32, 32, 32, 32, 32, 32, 34, 114, 101, 102, 95, 105, 100, 34, 58, 32, 34, 114, 101, 115, 117, 108, 116, 58, 109, 111, 109, 101, 110, 116, 58, 112, 105, 112, 101, 45, 80, 45, 49, 49, 48, 58, 113, 117, 97, 114, 116, 101, 114, 45, 51, 58, 98, 101, 110, 100, 105, 110, 103, 45, 122, 34, 10, 32, 32, 32, 32, 125, 44, 10, 32, 32, 32, 32, 123, 10, 32, 32, 32, 32, 32, 32, 34, 114, 101, 102, 95, 116, 121, 112, 101, 34, 58, 32, 34, 114, 101, 115, 117, 108, 116, 34, 44, 10, 32, 32, 32, 32, 32, 32, 34, 114, 101, 102, 95, 105, 100, 34, 58, 32, 34, 114, 101, 115, 117, 108, 116, 58, 115, 116, 114, 101, 115, 115, 58, 112, 105, 112, 101, 45, 80, 45, 49, 49, 48, 58, 101, 110, 100, 45, 105, 58, 97, 120, 105, 97, 108, 45, 110, 111, 114, 109, 97, 108, 34, 10, 32, 32, 32, 32, 125, 44, 10, 32, 32, 32, 32, 123, 10, 32, 32, 32, 32, 32, 32, 34, 114, 101, 102, 95, 116, 121, 112, 101, 34, 58, 32, 34, 114, 101, 115, 117, 108, 116, 34, 44, 10, 32, 32, 32, 32, 32, 32, 34, 114, 101, 102, 95, 105, 100, 34, 58, 32, 34, 114, 101, 115, 117, 108, 116, 58, 115, 116, 114, 101, 115, 115, 58, 112, 105, 112, 101, 45, 80, 45, 49, 49, 48, 58, 101, 110, 100, 45, 105, 58, 98, 101, 110, 100, 105, 110, 103, 45, 110, 111, 114, 109, 97, 108, 45, 121, 34, 10, 32, 32, 32, 32, 125, 44, 10, 32, 32, 32, 32, 123, 10, 32, 32, 32, 32, 32, 32, 34, 114, 101, 102, 95, 116, 121, 112, 101, 34, 58, 32, 34, 114, 101, 115, 117, 108, 116, 34, 44, 10, 32, 32, 32, 32, 32, 32, 34, 114, 101, 102, 95, 105, 100, 34, 58, 32, 34, 114, 101, 115, 117, 108, 116, 58, 115, 116, 114, 101, 115, 115, 58, 112, 105, 112, 101, 45, 80, 45, 49, 49, 48, 58, 101, 110, 100, 45, 105, 58, 98, 101, 110, 100, 105, 110, 103, 45, 110, 111, 114, 109, 97, 108, 45, 122, 34, 10, 32, 32, 32, 32, 125, 44, 10, 32, 32, 32, 32, 123, 10, 32, 32, 32, 32, 32, 32, 34, 114, 101, 102, 95, 116, 121, 112, 101, 34, 58, 32, 34, 114, 101, 115, 117, 108, 116, 34, 44, 10, 32, 32, 32, 32, 32, 32, 34, 114, 101, 102, 95, 105, 100, 34, 58, 32, 34, 114, 101, 115, 117, 108, 116, 58, 115, 116, 114, 101, 115, 115, 58, 112, 105, 112, 101, 45, 80, 45, 49, 49, 48, 58, 101, 110, 100, 45, 105, 58, 116, 111, 114, 115, 105, 111, 110, 97, 108, 45, 115, 104, 101, 97, 114, 34, 10, 32, 32, 32, 32, 125, 44, 10, 32, 32, 32, 32, 123, 10, 32, 32, 32, 32, 32, 32, 34, 114, 101, 102, 95, 116, 121, 112, 101, 34, 58, 32, 34, 114, 101, 115, 117, 108, 116, 34, 44, 10, 32, 32, 32, 32, 32, 32, 34, 114, 101, 102, 95, 105, 100, 34, 58, 32, 34, 114, 101, 115, 117, 108, 116, 58, 115, 116, 114, 101, 115, 115, 58, 112, 105, 112, 101, 45, 80, 45, 49, 49, 48, 58, 101, 110, 100, 45, 106, 58, 97, 120, 105, 97, 108, 45, 110, 111, 114, 109, 97, 108, 34, 10, 32, 32, 32, 32, 125, 44, 10, 32, 32, 32, 32, 123, 10, 32, 32, 32, 32, 32, 32, 34, 114, 101, 102, 95, 116, 121, 112, 101, 34, 58, 32, 34, 114, 101, 115, 117, 108, 116, 34, 44, 10, 32, 32, 32, 32, 32, 32, 34, 114, 101, 102, 95, 105, 100, 34, 58, 32, 34, 114, 101, 115, 117, 108, 116, 58, 115, 116, 114, 101, 115, 115, 58, 112, 105, 112, 101, 45, 80, 45, 49, 49, 48, 58, 101, 110, 100, 45, 106, 58, 98, 101, 110, 100, 105, 110, 103, 45, 110, 111, 114, 109, 97, 108, 45, 121, 34, 10, 32, 32, 32, 32, 125, 44, 10, 32, 32, 32, 32, 123, 10, 32, 32, 32, 32, 32, 32, 34, 114, 101, 102, 95, 116, 121, 112, 101, 34, 58, 32, 34, 114, 101, 115, 117, 108, 116, 34, 44, 10, 32, 32, 32, 32, 32, 32, 34, 114, 101, 102, 95, 105, 100, 34, 58, 32, 34, 114, 101, 115, 117, 108, 116, 58, 115, 116, 114, 101, 115, 115, 58, 112, 105, 112, 101, 45, 80, 45, 49, 49, 48, 58, 101, 110, 100, 45, 106, 58, 98, 101, 110, 100, 105, 110, 103, 45, 110, 111, 114, 109, 97, 108, 45, 122, 34, 10, 32, 32, 32, 32, 125, 44, 10, 32, 32, 32, 32, 123, 10, 32, 32, 32, 32, 32, 32, 34, 114, 101, 102, 95, 116, 121, 112, 101, 34, 58, 32, 34, 114, 101, 115, 117, 108, 116, 34, 44, 10, 32, 32, 32, 32, 32, 32, 34, 114, 101, 102, 95, 105, 100, 34, 58, 32, 34, 114, 101, 115, 117, 108, 116, 58, 115, 116, 114, 101, 115, 115, 58, 112, 105, 112, 101, 45, 80, 45, 49, 49, 48, 58, 101, 110, 100, 45, 106, 58, 116, 111, 114, 115, 105, 111, 110, 97, 108, 45, 115, 104, 101, 97, 114, 34, 10, 32, 32, 32, 32, 125, 44, 10, 32, 32, 32, 32, 123, 10, 32, 32, 32, 32, 32, 32, 34, 114, 101, 102, 95, 116, 121, 112, 101, 34, 58, 32, 34, 114, 101, 115, 117, 108, 116, 34, 44, 10, 32, 32, 32, 32, 32, 32, 34, 114, 101, 102, 95, 105, 100, 34, 58, 32, 34, 114, 101, 115, 117, 108, 116, 58, 115, 116, 114, 101, 115, 115, 58, 112, 105, 112, 101, 45, 80, 45, 49, 49, 48, 58, 113, 117, 97, 114, 116, 101, 114, 45, 49, 58, 97, 120, 105, 97, 108, 45, 110, 111, 114, 109, 97, 108, 34, 10, 32, 32, 32, 32, 125, 44, 10, 32, 32, 32, 32, 123, 10, 32, 32, 32, 32, 32, 32, 34, 114, 101, 102, 95, 116, 121, 112, 101, 34, 58, 32, 34, 114, 101, 115, 117, 108, 116, 34, 44, 10, 32, 32, 32, 32, 32, 32, 34, 114, 101, 102, 95, 105, 100, 34, 58, 32, 34, 114, 101, 115, 117, 108, 116, 58, 115, 116, 114, 101, 115, 115, 58, 112, 105, 112, 101, 45, 80, 45, 49, 49, 48, 58, 113, 117, 97, 114, 116, 101, 114, 45, 49, 58, 98, 101, 110, 100, 105, 110, 103, 45, 110, 111, 114, 109, 97, 108, 45, 121, 34, 10, 32, 32, 32, 32, 125, 44, 10, 32, 32, 32, 32, 123, 10, 32, 32, 32, 32, 32, 32, 34, 114, 101, 102, 95, 116, 121, 112, 101, 34, 58, 32, 34, 114, 101, 115, 117, 108, 116, 34, 44, 10, 32, 32, 32, 32, 32, 32, 34, 114, 101, 102, 95, 105, 100, 34, 58, 32, 34, 114, 101, 115, 117, 108, 116, 58, 115, 116, 114, 101, 115, 115, 58, 112, 105, 112, 101, 45, 80, 45, 49, 49, 48, 58, 113, 117, 97, 114, 116, 101, 114, 45, 49, 58, 98, 101, 110, 100, 105, 110, 103, 45, 110, 111, 114, 109, 97, 108, 45, 122, 34, 10, 32, 32, 32, 32, 125, 44, 10, 32, 32, 32, 32, 123, 10, 32, 32, 32, 32, 32, 32, 34, 114, 101, 102, 95, 116, 121, 112, 101, 34, 58, 32, 34, 114, 101, 115, 117, 108, 116, 34, 44, 10, 32, 32, 32, 32, 32, 32, 34, 114, 101, 102, 95, 105, 100, 34, 58, 32, 34, 114, 101, 115, 117, 108, 116, 58, 115, 116, 114, 101, 115, 115, 58, 112, 105, 112, 101, 45, 80, 45, 49, 49, 48, 58, 113, 117, 97, 114, 116, 101, 114, 45, 49, 58, 116, 111, 114, 115, 105, 111, 110, 97, 108, 45, 115, 104, 101, 97, 114, 34, 10, 32, 32, 32, 32, 125, 44, 10, 32, 32, 32, 32, 123, 10, 32, 32, 32, 32, 32, 32, 34, 114, 101, 102, 95, 116, 121, 112, 101, 34, 58, 32, 34, 114, 101, 115, 117, 108, 116, 34, 44, 10, 32, 32, 32, 32, 32, 32, 34, 114, 101, 102, 95, 105, 100, 34, 58, 32, 34, 114, 101, 115, 117, 108, 116, 58, 115, 116, 114, 101, 115, 115, 58, 112, 105, 112, 101, 45, 80, 45, 49, 49, 48, 58, 109, 105, 100, 115, 112, 97, 110, 58, 97, 120, 105, 97, 108, 45, 110, 111, 114, 109, 97, 108, 34, 10, 32, 32, 32, 32, 125, 44, 10, 32, 32, 32, 32, 123, 10, 32, 32, 32, 32, 32, 32, 34, 114, 101, 102, 95, 116, 121, 112, 101, 34, 58, 32, 34, 114, 101, 115, 117, 108, 116, 34, 44, 10, 32, 32, 32, 32, 32, 32, 34, 114, 101, 102, 95, 105, 100, 34, 58, 32, 34, 114, 101, 115, 117, 108, 116, 58, 115, 116, 114, 101, 115, 115, 58, 112, 105, 112, 101, 45, 80, 45, 49, 49, 48, 58, 109, 105, 100, 115, 112, 97, 110, 58, 98, 101, 110, 100, 105, 110, 103, 45, 110, 111, 114, 109, 97, 108, 45, 121, 34, 10, 32, 32, 32, 32, 125, 44, 10, 32, 32, 32, 32, 123, 10, 32, 32, 32, 32, 32, 32, 34, 114, 101, 102, 95, 116, 121, 112, 101, 34, 58, 32, 34, 114, 101, 115, 117, 108, 116, 34, 44, 10, 32, 32, 32, 32, 32, 32, 34, 114, 101, 102, 95, 105, 100, 34, 58, 32, 34, 114, 101, 115, 117, 108, 116, 58, 115, 116, 114, 101, 115, 115, 58, 112, 105, 112, 101, 45, 80, 45, 49, 49, 48, 58, 109, 105, 100, 115, 112, 97, 110, 58, 98, 101, 110, 100, 105, 110, 103, 45, 110, 111, 114, 109, 97, 108, 45, 122, 34, 10, 32, 32, 32, 32, 125, 44, 10, 32, 32, 32, 32, 123, 10, 32, 32, 32, 32, 32, 32, 34, 114, 101, 102, 95, 116, 121, 112, 101, 34, 58, 32, 34, 114, 101, 115, 117, 108, 116, 34, 44, 10, 32, 32, 32, 32, 32, 32, 34, 114, 101, 102, 95, 105, 100, 34, 58, 32, 34, 114, 101, 115, 117, 108, 116, 58, 115, 116, 114, 101, 115, 115, 58, 112, 105, 112, 101, 45, 80, 45, 49, 49, 48, 58, 109, 105, 100, 115, 112, 97, 110, 58, 116, 111, 114, 115, 105, 111, 110, 97, 108, 45, 115, 104, 101, 97, 114, 34, 10, 32, 32, 32, 32, 125, 44, 10, 32, 32, 32, 32, 123, 10, 32, 32, 32, 32, 32, 32, 34, 114, 101, 102, 95, 116, 121, 112, 101, 34, 58, 32, 34, 114, 101, 115, 117, 108, 116, 34, 44, 10, 32, 32, 32, 32, 32, 32, 34, 114, 101, 102, 95, 105, 100, 34, 58, 32, 34, 114, 101, 115, 117, 108, 116, 58, 115, 116, 114, 101, 115, 115, 58, 112, 105, 112, 101, 45, 80, 45, 49, 49, 48, 58, 113, 117, 97, 114, 116, 101, 114, 45, 51, 58, 97, 120, 105, 97, 108, 45, 110, 111, 114, 109, 97, 108, 34, 10, 32, 32, 32, 32, 125, 44, 10, 32, 32, 32, 32, 123, 10, 32, 32, 32, 32, 32, 32, 34, 114, 101, 102, 95, 116, 121, 112, 101, 34, 58, 32, 34, 114, 101, 115, 117, 108, 116, 34, 44, 10, 32, 32, 32, 32, 32, 32, 34, 114, 101, 102, 95, 105, 100, 34, 58, 32, 34, 114, 101, 115, 117, 108, 116, 58, 115, 116, 114, 101, 115, 115, 58, 112, 105, 112, 101, 45, 80, 45, 49, 49, 48, 58, 113, 117, 97, 114, 116, 101, 114, 45, 51, 58, 98, 101, 110, 100, 105, 110, 103, 45, 110, 111, 114, 109, 97, 108, 45, 121, 34, 10, 32, 32, 32, 32, 125, 44, 10, 32, 32, 32, 32, 123, 10, 32, 32, 32, 32, 32, 32, 34, 114, 101, 102, 95, 116, 121, 112, 101, 34, 58, 32, 34, 114, 101, 115, 117, 108, 116, 34, 44, 10, 32, 32, 32, 32, 32, 32, 34, 114, 101, 102, 95, 105, 100, 34, 58, 32, 34, 114, 101, 115, 117, 108, 116, 58, 115, 116, 114, 101, 115, 115, 58, 112, 105, 112, 101, 45, 80, 45, 49, 49, 48, 58, 113, 117, 97, 114, 116, 101, 114, 45, 51, 58, 98, 101, 110, 100, 105, 110, 103, 45, 110, 111, 114, 109, 97, 108, 45, 122, 34, 10, 32, 32, 32, 32, 125, 44, 10, 32, 32, 32, 32, 123, 10, 32, 32, 32, 32, 32, 32, 34, 114, 101, 102, 95, 116, 121, 112, 101, 34, 58, 32, 34, 114, 101, 115, 117, 108, 116, 34, 44, 10, 32, 32, 32, 32, 32, 32, 34, 114, 101, 102, 95, 105, 100, 34, 58, 32, 34, 114, 101, 115, 117, 108, 116, 58, 115, 116, 114, 101, 115, 115, 58, 112, 105, 112, 101, 45, 80, 45, 49, 49, 48, 58, 113, 117, 97, 114, 116, 101, 114, 45, 51, 58, 116, 111, 114, 115, 105, 111, 110, 97, 108, 45, 115, 104, 101, 97, 114, 34, 10, 32, 32, 32, 32, 125, 44, 10, 32, 32, 32, 32, 123, 10, 32, 32, 32, 32, 32, 32, 34, 114, 101, 102, 95, 116, 121, 112, 101, 34, 58, 32, 34, 114, 101, 115, 117, 108, 116, 34, 44, 10, 32, 32, 32, 32, 32, 32, 34, 114, 101, 102, 95, 105, 100, 34, 58, 32, 34, 114, 101, 115, 117, 108, 116, 58, 115, 116, 114, 101, 115, 115, 58, 112, 105, 112, 101, 45, 80, 45, 49, 49, 48, 34, 10, 32, 32, 32, 32, 125, 44, 10, 32, 32, 32, 32, 123, 10, 32, 32, 32, 32, 32, 32, 34, 114, 101, 102, 95, 116, 121, 112, 101, 34, 58, 32, 34, 114, 101, 115, 117, 108, 116, 34, 44, 10, 32, 32, 32, 32, 32, 32, 34, 114, 101, 102, 95, 105, 100, 34, 58, 32, 34, 114, 101, 115, 117, 108, 116, 58, 115, 116, 114, 101, 115, 115, 58, 99, 111, 109, 112, 111, 110, 101, 110, 116, 45, 67, 45, 49, 49, 48, 58, 112, 105, 112, 101, 45, 80, 45, 49, 49, 48, 58, 101, 110, 100, 45, 105, 58, 117, 115, 101, 114, 45, 109, 117, 108, 116, 105, 112, 108, 105, 101, 114, 34, 10, 32, 32, 32, 32, 125, 44, 10, 32, 32, 32, 32, 123, 10, 32, 32, 32, 32, 32, 32, 34, 114, 101, 102, 95, 116, 121, 112, 101, 34, 58, 32, 34, 114, 101, 115, 117, 108, 116, 34, 44, 10, 32, 32, 32, 32, 32, 32, 34, 114, 101, 102, 95, 105, 100, 34, 58, 32, 34, 114, 101, 115, 117, 108, 116, 58, 115, 116, 114, 101, 115, 115, 58, 99, 111, 109, 112, 111, 110, 101, 110, 116, 45, 67, 45, 49, 50, 48, 58, 112, 105, 112, 101, 45, 80, 45, 49, 49, 48, 58, 101, 110, 100, 45, 106, 58, 117, 115, 101, 114, 45, 109, 117, 108, 116, 105, 112, 108, 105, 101, 114, 34, 10, 32, 32, 32, 32, 125, 44, 10, 32, 32, 32, 32, 123, 10, 32, 32, 32, 32, 32, 32, 34, 114, 101, 102, 95, 116, 121, 112, 101, 34, 58, 32, 34, 114, 101, 115, 117, 108, 116, 34, 44, 10, 32, 32, 32, 32, 32, 32, 34, 114, 101, 102, 95, 105, 100, 34, 58, 32, 34, 114, 101, 115, 117, 108, 116, 58, 102, 111, 114, 99, 101, 58, 112, 105, 112, 101, 45, 80, 45, 49, 50, 48, 58, 97, 120, 105, 97, 108, 34, 10, 32, 32, 32, 32, 125, 44, 10, 32, 32, 32, 32, 123, 10, 32, 32, 32, 32, 32, 32, 34, 114, 101, 102, 95, 116, 121, 112, 101, 34, 58, 32, 34, 114, 101, 115, 117, 108, 116, 34, 44, 10, 32, 32, 32, 32, 32, 32, 34, 114, 101, 102, 95, 105, 100, 34, 58, 32, 34, 114, 101, 115, 117, 108, 116, 58, 102, 111, 114, 99, 101, 58, 112, 105, 112, 101, 45, 80, 45, 49, 50, 48, 58, 97, 120, 105, 97, 108, 58, 101, 110, 100, 45, 106, 34, 10, 32, 32, 32, 32, 125, 44, 10, 32, 32, 32, 32, 123, 10, 32, 32, 32, 32, 32, 32, 34, 114, 101, 102, 95, 116, 121, 112, 101, 34, 58, 32, 34, 114, 101, 115, 117, 108, 116, 34, 44, 10, 32, 32, 32, 32, 32, 32, 34, 114, 101, 102, 95, 105, 100, 34, 58, 32, 34, 114, 101, 115, 117, 108, 116, 58, 102, 111, 114, 99, 101, 58, 112, 105, 112, 101, 45, 80, 45, 49, 50, 48, 58, 115, 104, 101, 97, 114, 45, 121, 34, 10, 32, 32, 32, 32, 125, 44, 10, 32, 32, 32, 32, 123, 10, 32, 32, 32, 32, 32, 32, 34, 114, 101, 102, 95, 116, 121, 112, 101, 34, 58, 32, 34, 114, 101, 115, 117, 108, 116, 34, 44, 10, 32, 32, 32, 32, 32, 32, 34, 114, 101, 102, 95, 105, 100, 34, 58, 32, 34, 114, 101, 115, 117, 108, 116, 58, 102, 111, 114, 99, 101, 58, 112, 105, 112, 101, 45, 80, 45, 49, 50, 48, 58, 115, 104, 101, 97, 114, 45, 121, 58, 101, 110, 100, 45, 106, 34, 10, 32, 32, 32, 32, 125, 44, 10, 32, 32, 32, 32, 123, 10, 32, 32, 32, 32, 32, 32, 34, 114, 101, 102, 95, 116, 121, 112, 101, 34, 58, 32, 34, 114, 101, 115, 117, 108, 116, 34, 44, 10, 32, 32, 32, 32, 32, 32, 34, 114, 101, 102, 95, 105, 100, 34, 58, 32, 34, 114, 101, 115, 117, 108, 116, 58, 102, 111, 114, 99, 101, 58, 112, 105, 112, 101, 45, 80, 45, 49, 50, 48, 58, 115, 104, 101, 97, 114, 45, 122, 34, 10, 32, 32, 32, 32, 125, 44, 10, 32, 32, 32, 32, 123, 10, 32, 32, 32, 32, 32, 32, 34, 114, 101, 102, 95, 116, 121, 112, 101, 34, 58, 32, 34, 114, 101, 115, 117, 108, 116, 34, 44, 10, 32, 32, 32, 32, 32, 32, 34, 114, 101, 102, 95, 105, 100, 34, 58, 32, 34, 114, 101, 115, 117, 108, 116, 58, 102, 111, 114, 99, 101, 58, 112, 105, 112, 101, 45, 80, 45, 49, 50, 48, 58, 115, 104, 101, 97, 114, 45, 122, 58, 101, 110, 100, 45, 106, 34, 10, 32, 32, 32, 32, 125, 44, 10, 32, 32, 32, 32, 123, 10, 32, 32, 32, 32, 32, 32, 34, 114, 101, 102, 95, 116, 121, 112, 101, 34, 58, 32, 34, 114, 101, 115, 117, 108, 116, 34, 44, 10, 32, 32, 32, 32, 32, 32, 34, 114, 101, 102, 95, 105, 100, 34, 58, 32, 34, 114, 101, 115, 117, 108, 116, 58, 109, 111, 109, 101, 110, 116, 58, 112, 105, 112, 101, 45, 80, 45, 49, 50, 48, 58, 116, 111, 114, 115, 105, 111, 110, 34, 10, 32, 32, 32, 32, 125, 44, 10, 32, 32, 32, 32, 123, 10, 32, 32, 32, 32, 32, 32, 34, 114, 101, 102, 95, 116, 121, 112, 101, 34, 58, 32, 34, 114, 101, 115, 117, 108, 116, 34, 44, 10, 32, 32, 32, 32, 32, 32, 34, 114, 101, 102, 95, 105, 100, 34, 58, 32, 34, 114, 101, 115, 117, 108, 116, 58, 109, 111, 109, 101, 110, 116, 58, 112, 105, 112, 101, 45, 80, 45, 49, 50, 48, 58, 116, 111, 114, 115, 105, 111, 110, 58, 101, 110, 100, 45, 106, 34, 10, 32, 32, 32, 32, 125, 44, 10, 32, 32, 32, 32, 123, 10, 32, 32, 32, 32, 32, 32, 34, 114, 101, 102, 95, 116, 121, 112, 101, 34, 58, 32, 34, 114, 101, 115, 117, 108, 116, 34, 44, 10, 32, 32, 32, 32, 32, 32, 34, 114, 101, 102, 95, 105, 100, 34, 58, 32, 34, 114, 101, 115, 117, 108, 116, 58, 109, 111, 109, 101, 110, 116, 58, 112, 105, 112, 101, 45, 80, 45, 49, 50, 48, 58, 98, 101, 110, 100, 105, 110, 103, 45, 121, 34, 10, 32, 32, 32, 32, 125, 44, 10, 32, 32, 32, 32, 123, 10, 32, 32, 32, 32, 32, 32, 34, 114, 101, 102, 95, 116, 121, 112, 101, 34, 58, 32, 34, 114, 101, 115, 117, 108, 116, 34, 44, 10, 32, 32, 32, 32, 32, 32, 34, 114, 101, 102, 95, 105, 100, 34, 58, 32, 34, 114, 101, 115, 117, 108, 116, 58, 109, 111, 109, 101, 110, 116, 58, 112, 105, 112, 101, 45, 80, 45, 49, 50, 48, 58, 98, 101, 110, 100, 105, 110, 103, 45, 121, 58, 101, 110, 100, 45, 106, 34, 10, 32, 32, 32, 32, 125, 44, 10, 32, 32, 32, 32, 123, 10, 32, 32, 32, 32, 32, 32, 34, 114, 101, 102, 95, 116, 121, 112, 101, 34, 58, 32, 34, 114, 101, 115, 117, 108, 116, 34, 44, 10, 32, 32, 32, 32, 32, 32, 34, 114, 101, 102, 95, 105, 100, 34, 58, 32, 34, 114, 101, 115, 117, 108, 116, 58, 109, 111, 109, 101, 110, 116, 58, 112, 105, 112, 101, 45, 80, 45, 49, 50, 48, 58, 98, 101, 110, 100, 105, 110, 103, 45, 122, 34, 10, 32, 32, 32, 32, 125, 44, 10, 32, 32, 32, 32, 123, 10, 32, 32, 32, 32, 32, 32, 34, 114, 101, 102, 95, 116, 121, 112, 101, 34, 58, 32, 34, 114, 101, 115, 117, 108, 116, 34, 44, 10, 32, 32, 32, 32, 32, 32, 34, 114, 101, 102, 95, 105, 100, 34, 58, 32, 34, 114, 101, 115, 117, 108, 116, 58, 109, 111, 109, 101, 110, 116, 58, 112, 105, 112, 101, 45, 80, 45, 49, 50, 48, 58, 98, 101, 110, 100, 105, 110, 103, 45, 122, 58, 101, 110, 100, 45, 106, 34, 10, 32, 32, 32, 32, 125, 44, 10, 32, 32, 32, 32, 123, 10, 32, 32, 32, 32, 32, 32, 34, 114, 101, 102, 95, 116, 121, 112, 101, 34, 58, 32, 34, 114, 101, 115, 117, 108, 116, 34, 44, 10, 32, 32, 32, 32, 32, 32, 34, 114, 101, 102, 95, 105, 100, 34, 58, 32, 34, 114, 101, 115, 117, 108, 116, 58, 102, 111, 114, 99, 101, 58, 112, 105, 112, 101, 45, 80, 45, 49, 50, 48, 58, 113, 117, 97, 114, 116, 101, 114, 45, 49, 58, 97, 120, 105, 97, 108, 34, 10, 32, 32, 32, 32, 125, 44, 10, 32, 32, 32, 32, 123, 10, 32, 32, 32, 32, 32, 32, 34, 114, 101, 102, 95, 116, 121, 112, 101, 34, 58, 32, 34, 114, 101, 115, 117, 108, 116, 34, 44, 10, 32, 32, 32, 32, 32, 32, 34, 114, 101, 102, 95, 105, 100, 34, 58, 32, 34, 114, 101, 115, 117, 108, 116, 58, 102, 111, 114, 99, 101, 58, 112, 105, 112, 101, 45, 80, 45, 49, 50, 48, 58, 113, 117, 97, 114, 116, 101, 114, 45, 49, 58, 115, 104, 101, 97, 114, 45, 121, 34, 10, 32, 32, 32, 32, 125, 44, 10, 32, 32, 32, 32, 123, 10, 32, 32, 32, 32, 32, 32, 34, 114, 101, 102, 95, 116, 121, 112, 101, 34, 58, 32, 34, 114, 101, 115, 117, 108, 116, 34, 44, 10, 32, 32, 32, 32, 32, 32, 34, 114, 101, 102, 95, 105, 100, 34, 58, 32, 34, 114, 101, 115, 117, 108, 116, 58, 102, 111, 114, 99, 101, 58, 112, 105, 112, 101, 45, 80, 45, 49, 50, 48, 58, 113, 117, 97, 114, 116, 101, 114, 45, 49, 58, 115, 104, 101, 97, 114, 45, 122, 34, 10, 32, 32, 32, 32, 125, 44, 10, 32, 32, 32, 32, 123, 10, 32, 32, 32, 32, 32, 32, 34, 114, 101, 102, 95, 116, 121, 112, 101, 34, 58, 32, 34, 114, 101, 115, 117, 108, 116, 34, 44, 10, 32, 32, 32, 32, 32, 32, 34, 114, 101, 102, 95, 105, 100, 34, 58, 32, 34, 114, 101, 115, 117, 108, 116, 58, 109, 111, 109, 101, 110, 116, 58, 112, 105, 112, 101, 45, 80, 45, 49, 50, 48, 58, 113, 117, 97, 114, 116, 101, 114, 45, 49, 58, 116, 111, 114, 115, 105, 111, 110, 34, 10, 32, 32, 32, 32, 125, 44, 10, 32, 32, 32, 32, 123, 10, 32, 32, 32, 32, 32, 32, 34, 114, 101, 102, 95, 116, 121, 112, 101, 34, 58, 32, 34, 114, 101, 115, 117, 108, 116, 34, 44, 10, 32, 32, 32, 32, 32, 32, 34, 114, 101, 102, 95, 105, 100, 34, 58, 32, 34, 114, 101, 115, 117, 108, 116, 58, 109, 111, 109, 101, 110, 116, 58, 112, 105, 112, 101, 45, 80, 45, 49, 50, 48, 58, 113, 117, 97, 114, 116, 101, 114, 45, 49, 58, 98, 101, 110, 100, 105, 110, 103, 45, 121, 34, 10, 32, 32, 32, 32, 125, 44, 10, 32, 32, 32, 32, 123, 10, 32, 32, 32, 32, 32, 32, 34, 114, 101, 102, 95, 116, 121, 112, 101, 34, 58, 32, 34, 114, 101, 115, 117, 108, 116, 34, 44, 10, 32, 32, 32, 32, 32, 32, 34, 114, 101, 102, 95, 105, 100, 34, 58, 32, 34, 114, 101, 115, 117, 108, 116, 58, 109, 111, 109, 101, 110, 116, 58, 112, 105, 112, 101, 45, 80, 45, 49, 50, 48, 58, 113, 117, 97, 114, 116, 101, 114, 45, 49, 58, 98, 101, 110, 100, 105, 110, 103, 45, 122, 34, 10, 32, 32, 32, 32, 125, 44, 10, 32, 32, 32, 32, 123, 10, 32, 32, 32, 32, 32, 32, 34, 114, 101, 102, 95, 116, 121, 112, 101, 34, 58, 32, 34, 114, 101, 115, 117, 108, 116, 34, 44, 10, 32, 32, 32, 32, 32, 32, 34, 114, 101, 102, 95, 105, 100, 34, 58, 32, 34, 114, 101, 115, 117, 108, 116, 58, 102, 111, 114, 99, 101, 58, 112, 105, 112, 101, 45, 80, 45, 49, 50, 48, 58, 109, 105, 100, 115, 112, 97, 110, 58, 97, 120, 105, 97, 108, 34, 10, 32, 32, 32, 32, 125, 44, 10, 32, 32, 32, 32, 123, 10, 32, 32, 32, 32, 32, 32, 34, 114, 101, 102, 95, 116, 121, 112, 101, 34, 58, 32, 34, 114, 101, 115, 117, 108, 116, 34, 44, 10, 32, 32, 32, 32, 32, 32, 34, 114, 101, 102, 95, 105, 100, 34, 58, 32, 34, 114, 101, 115, 117, 108, 116, 58, 102, 111, 114, 99, 101, 58, 112, 105, 112, 101, 45, 80, 45, 49, 50, 48, 58, 109, 105, 100, 115, 112, 97, 110, 58, 115, 104, 101, 97, 114, 45, 121, 34, 10, 32, 32, 32, 32, 125, 44, 10, 32, 32, 32, 32, 123, 10, 32, 32, 32, 32, 32, 32, 34, 114, 101, 102, 95, 116, 121, 112, 101, 34, 58, 32, 34, 114, 101, 115, 117, 108, 116, 34, 44, 10, 32, 32, 32, 32, 32, 32, 34, 114, 101, 102, 95, 105, 100, 34, 58, 32, 34, 114, 101, 115, 117, 108, 116, 58, 102, 111, 114, 99, 101, 58, 112, 105, 112, 101, 45, 80, 45, 49, 50, 48, 58, 109, 105, 100, 115, 112, 97, 110, 58, 115, 104, 101, 97, 114, 45, 122, 34, 10, 32, 32, 32, 32, 125, 44, 10, 32, 32, 32, 32, 123, 10, 32, 32, 32, 32, 32, 32, 34, 114, 101, 102, 95, 116, 121, 112, 101, 34, 58, 32, 34, 114, 101, 115, 117, 108, 116, 34, 44, 10, 32, 32, 32, 32, 32, 32, 34, 114, 101, 102, 95, 105, 100, 34, 58, 32, 34, 114, 101, 115, 117, 108, 116, 58, 109, 111, 109, 101, 110, 116, 58, 112, 105, 112, 101, 45, 80, 45, 49, 50, 48, 58, 109, 105, 100, 115, 112, 97, 110, 58, 116, 111, 114, 115, 105, 111, 110, 34, 10, 32, 32, 32, 32, 125, 44, 10, 32, 32, 32, 32, 123, 10, 32, 32, 32, 32, 32, 32, 34, 114, 101, 102, 95, 116, 121, 112, 101, 34, 58, 32, 34, 114, 101, 115, 117, 108, 116, 34, 44, 10, 32, 32, 32, 32, 32, 32, 34, 114, 101, 102, 95, 105, 100, 34, 58, 32, 34, 114, 101, 115, 117, 108, 116, 58, 109, 111, 109, 101, 110, 116, 58, 112, 105, 112, 101, 45, 80, 45, 49, 50, 48, 58, 109, 105, 100, 115, 112, 97, 110, 58, 98, 101, 110, 100, 105, 110, 103, 45, 121, 34, 10, 32, 32, 32, 32, 125, 44, 10, 32, 32, 32, 32, 123, 10, 32, 32, 32, 32, 32, 32, 34, 114, 101, 102, 95, 116, 121, 112, 101, 34, 58, 32, 34, 114, 101, 115, 117, 108, 116, 34, 44, 10, 32, 32, 32, 32, 32, 32, 34, 114, 101, 102, 95, 105, 100, 34, 58, 32, 34, 114, 101, 115, 117, 108, 116, 58, 109, 111, 109, 101, 110, 116, 58, 112, 105, 112, 101, 45, 80, 45, 49, 50, 48, 58, 109, 105, 100, 115, 112, 97, 110, 58, 98, 101, 110, 100, 105, 110, 103, 45, 122, 34, 10, 32, 32, 32, 32, 125, 44, 10, 32, 32, 32, 32, 123, 10, 32, 32, 32, 32, 32, 32, 34, 114, 101, 102, 95, 116, 121, 112, 101, 34, 58, 32, 34, 114, 101, 115, 117, 108, 116, 34, 44, 10, 32, 32, 32, 32, 32, 32, 34, 114, 101, 102, 95, 105, 100, 34, 58, 32, 34, 114, 101, 115, 117, 108, 116, 58, 102, 111, 114, 99, 101, 58, 112, 105, 112, 101, 45, 80, 45, 49, 50, 48, 58, 113, 117, 97, 114, 116, 101, 114, 45, 51, 58, 97, 120, 105, 97, 108, 34, 10, 32, 32, 32, 32, 125, 44, 10, 32, 32, 32, 32, 123, 10, 32, 32, 32, 32, 32, 32, 34, 114, 101, 102, 95, 116, 121, 112, 101, 34, 58, 32, 34, 114, 101, 115, 117, 108, 116, 34, 44, 10, 32, 32, 32, 32, 32, 32, 34, 114, 101, 102, 95, 105, 100, 34, 58, 32, 34, 114, 101, 115, 117, 108, 116, 58, 102, 111, 114, 99, 101, 58, 112, 105, 112, 101, 45, 80, 45, 49, 50, 48, 58, 113, 117, 97, 114, 116, 101, 114, 45, 51, 58, 115, 104, 101, 97, 114, 45, 121, 34, 10, 32, 32, 32, 32, 125, 44, 10, 32, 32, 32, 32, 123, 10, 32, 32, 32, 32, 32, 32, 34, 114, 101, 102, 95, 116, 121, 112, 101, 34, 58, 32, 34, 114, 101, 115, 117, 108, 116, 34, 44, 10, 32, 32, 32, 32, 32, 32, 34, 114, 101, 102, 95, 105, 100, 34, 58, 32, 34, 114, 101, 115, 117, 108, 116, 58, 102, 111, 114, 99, 101, 58, 112, 105, 112, 101, 45, 80, 45, 49, 50, 48, 58, 113, 117, 97, 114, 116, 101, 114, 45, 51, 58, 115, 104, 101, 97, 114, 45, 122, 34, 10, 32, 32, 32, 32, 125, 44, 10, 32, 32, 32, 32, 123, 10, 32, 32, 32, 32, 32, 32, 34, 114, 101, 102, 95, 116, 121, 112, 101, 34, 58, 32, 34, 114, 101, 115, 117, 108, 116, 34, 44, 10, 32, 32, 32, 32, 32, 32, 34, 114, 101, 102, 95, 105, 100, 34, 58, 32, 34, 114, 101, 115, 117, 108, 116, 58, 109, 111, 109, 101, 110, 116, 58, 112, 105, 112, 101, 45, 80, 45, 49, 50, 48, 58, 113, 117, 97, 114, 116, 101, 114, 45, 51, 58, 116, 111, 114, 115, 105, 111, 110, 34, 10, 32, 32, 32, 32, 125, 44, 10, 32, 32, 32, 32, 123, 10, 32, 32, 32, 32, 32, 32, 34, 114, 101, 102, 95, 116, 121, 112, 101, 34, 58, 32, 34, 114, 101, 115, 117, 108, 116, 34, 44, 10, 32, 32, 32, 32, 32, 32, 34, 114, 101, 102, 95, 105, 100, 34, 58, 32, 34, 114, 101, 115, 117, 108, 116, 58, 109, 111, 109, 101, 110, 116, 58, 112, 105, 112, 101, 45, 80, 45, 49, 50, 48, 58, 113, 117, 97, 114, 116, 101, 114, 45, 51, 58, 98, 101, 110, 100, 105, 110, 103, 45, 121, 34, 10, 32, 32, 32, 32, 125, 44, 10, 32, 32, 32, 32, 123, 10, 32, 32, 32, 32, 32, 32, 34, 114, 101, 102, 95, 116, 121, 112, 101, 34, 58, 32, 34, 114, 101, 115, 117, 108, 116, 34, 44, 10, 32, 32, 32, 32, 32, 32, 34, 114, 101, 102, 95, 105, 100, 34, 58, 32, 34, 114, 101, 115, 117, 108, 116, 58, 109, 111, 109, 101, 110, 116, 58, 112, 105, 112, 101, 45, 80, 45, 49, 50, 48, 58, 113, 117, 97, 114, 116, 101, 114, 45, 51, 58, 98, 101, 110, 100, 105, 110, 103, 45, 122, 34, 10, 32, 32, 32, 32, 125, 44, 10, 32, 32, 32, 32, 123, 10, 32, 32, 32, 32, 32, 32, 34, 114, 101, 102, 95, 116, 121, 112, 101, 34, 58, 32, 34, 114, 101, 115, 117, 108, 116, 34, 44, 10, 32, 32, 32, 32, 32, 32, 34, 114, 101, 102, 95, 105, 100, 34, 58, 32, 34, 114, 101, 115, 117, 108, 116, 58, 115, 116, 114, 101, 115, 115, 58, 112, 105, 112, 101, 45, 80, 45, 49, 50, 48, 58, 101, 110, 100, 45, 105, 58, 97, 120, 105, 97, 108, 45, 110, 111, 114, 109, 97, 108, 34, 10, 32, 32, 32, 32, 125, 44, 10, 32, 32, 32, 32, 123, 10, 32, 32, 32, 32, 32, 32, 34, 114, 101, 102, 95, 116, 121, 112, 101, 34, 58, 32, 34, 114, 101, 115, 117, 108, 116, 34, 44, 10, 32, 32, 32, 32, 32, 32, 34, 114, 101, 102, 95, 105, 100, 34, 58, 32, 34, 114, 101, 115, 117, 108, 116, 58, 115, 116, 114, 101, 115, 115, 58, 112, 105, 112, 101, 45, 80, 45, 49, 50, 48, 58, 101, 110, 100, 45, 105, 58, 98, 101, 110, 100, 105, 110, 103, 45, 110, 111, 114, 109, 97, 108, 45, 121, 34, 10, 32, 32, 32, 32, 125, 44, 10, 32, 32, 32, 32, 123, 10, 32, 32, 32, 32, 32, 32, 34, 114, 101, 102, 95, 116, 121, 112, 101, 34, 58, 32, 34, 114, 101, 115, 117, 108, 116, 34, 44, 10, 32, 32, 32, 32, 32, 32, 34, 114, 101, 102, 95, 105, 100, 34, 58, 32, 34, 114, 101, 115, 117, 108, 116, 58, 115, 116, 114, 101, 115, 115, 58, 112, 105, 112, 101, 45, 80, 45, 49, 50, 48, 58, 101, 110, 100, 45, 105, 58, 98, 101, 110, 100, 105, 110, 103, 45, 110, 111, 114, 109, 97, 108, 45, 122, 34, 10, 32, 32, 32, 32, 125, 44, 10, 32, 32, 32, 32, 123, 10, 32, 32, 32, 32, 32, 32, 34, 114, 101, 102, 95, 116, 121, 112, 101, 34, 58, 32, 34, 114, 101, 115, 117, 108, 116, 34, 44, 10, 32, 32, 32, 32, 32, 32, 34, 114, 101, 102, 95, 105, 100, 34, 58, 32, 34, 114, 101, 115, 117, 108, 116, 58, 115, 116, 114, 101, 115, 115, 58, 112, 105, 112, 101, 45, 80, 45, 49, 50, 48, 58, 101, 110, 100, 45, 105, 58, 116, 111, 114, 115, 105, 111, 110, 97, 108, 45, 115, 104, 101, 97, 114, 34, 10, 32, 32, 32, 32, 125, 44, 10, 32, 32, 32, 32, 123, 10, 32, 32, 32, 32, 32, 32, 34, 114, 101, 102, 95, 116, 121, 112, 101, 34, 58, 32, 34, 114, 101, 115, 117, 108, 116, 34, 44, 10, 32, 32, 32, 32, 32, 32, 34, 114, 101, 102, 95, 105, 100, 34, 58, 32, 34, 114, 101, 115, 117, 108, 116, 58, 115, 116, 114, 101, 115, 115, 58, 112, 105, 112, 101, 45, 80, 45, 49, 50, 48, 58, 101, 110, 100, 45, 105, 58, 112, 114, 101, 115, 115, 117, 114, 101, 45, 104, 111, 111, 112, 34, 10, 32, 32, 32, 32, 125, 44, 10, 32, 32, 32, 32, 123, 10, 32, 32, 32, 32, 32, 32, 34, 114, 101, 102, 95, 116, 121, 112, 101, 34, 58, 32, 34, 114, 101, 115, 117, 108, 116, 34, 44, 10, 32, 32, 32, 32, 32, 32, 34, 114, 101, 102, 95, 105, 100, 34, 58, 32, 34, 114, 101, 115, 117, 108, 116, 58, 115, 116, 114, 101, 115, 115, 58, 112, 105, 112, 101, 45, 80, 45, 49, 50, 48, 58, 101, 110, 100, 45, 106, 58, 97, 120, 105, 97, 108, 45, 110, 111, 114, 109, 97, 108, 34, 10, 32, 32, 32, 32, 125, 44, 10, 32, 32, 32, 32, 123, 10, 32, 32, 32, 32, 32, 32, 34, 114, 101, 102, 95, 116, 121, 112, 101, 34, 58, 32, 34, 114, 101, 115, 117, 108, 116, 34, 44, 10, 32, 32, 32, 32, 32, 32, 34, 114, 101, 102, 95, 105, 100, 34, 58, 32, 34, 114, 101, 115, 117, 108, 116, 58, 115, 116, 114, 101, 115, 115, 58, 112, 105, 112, 101, 45, 80, 45, 49, 50, 48, 58, 101, 110, 100, 45, 106, 58, 98, 101, 110, 100, 105, 110, 103, 45, 110, 111, 114, 109, 97, 108, 45, 121, 34, 10, 32, 32, 32, 32, 125, 44, 10, 32, 32, 32, 32, 123, 10, 32, 32, 32, 32, 32, 32, 34, 114, 101, 102, 95, 116, 121, 112, 101, 34, 58, 32, 34, 114, 101, 115, 117, 108, 116, 34, 44, 10, 32, 32, 32, 32, 32, 32, 34, 114, 101, 102, 95, 105, 100, 34, 58, 32, 34, 114, 101, 115, 117, 108, 116, 58, 115, 116, 114, 101, 115, 115, 58, 112, 105, 112, 101, 45, 80, 45, 49, 50, 48, 58, 101, 110, 100, 45, 106, 58, 98, 101, 110, 100, 105, 110, 103, 45, 110, 111, 114, 109, 97, 108, 45, 122, 34, 10, 32, 32, 32, 32, 125, 44, 10, 32, 32, 32, 32, 123, 10, 32, 32, 32, 32, 32, 32, 34, 114, 101, 102, 95, 116, 121, 112, 101, 34, 58, 32, 34, 114, 101, 115, 117, 108, 116, 34, 44, 10, 32, 32, 32, 32, 32, 32, 34, 114, 101, 102, 95, 105, 100, 34, 58, 32, 34, 114, 101, 115, 117, 108, 116, 58, 115, 116, 114, 101, 115, 115, 58, 112, 105, 112, 101, 45, 80, 45, 49, 50, 48, 58, 101, 110, 100, 45, 106, 58, 116, 111, 114, 115, 105, 111, 110, 97, 108, 45, 115, 104, 101, 97, 114, 34, 10, 32, 32, 32, 32, 125, 44, 10, 32, 32, 32, 32, 123, 10, 32, 32, 32, 32, 32, 32, 34, 114, 101, 102, 95, 116, 121, 112, 101, 34, 58, 32, 34, 114, 101, 115, 117, 108, 116, 34, 44, 10, 32, 32, 32, 32, 32, 32, 34, 114, 101, 102, 95, 105, 100, 34, 58, 32, 34, 114, 101, 115, 117, 108, 116, 58, 115, 116, 114, 101, 115, 115, 58, 112, 105, 112, 101, 45, 80, 45, 49, 50, 48, 58, 101, 110, 100, 45, 106, 58, 112, 114, 101, 115, 115, 117, 114, 101, 45, 104, 111, 111, 112, 34, 10, 32, 32, 32, 32, 125, 44, 10, 32, 32, 32, 32, 123, 10, 32, 32, 32, 32, 32, 32, 34, 114, 101, 102, 95, 116, 121, 112, 101, 34, 58, 32, 34, 114, 101, 115, 117, 108, 116, 34, 44, 10, 32, 32, 32, 32, 32, 32, 34, 114, 101, 102, 95, 105, 100, 34, 58, 32, 34, 114, 101, 115, 117, 108, 116, 58, 115, 116, 114, 101, 115, 115, 58, 112, 105, 112, 101, 45, 80, 45, 49, 50, 48, 58, 113, 117, 97, 114, 116, 101, 114, 45, 49, 58, 97, 120, 105, 97, 108, 45, 110, 111, 114, 109, 97, 108, 34, 10, 32, 32, 32, 32, 125, 44, 10, 32, 32, 32, 32, 123, 10, 32, 32, 32, 32, 32, 32, 34, 114, 101, 102, 95, 116, 121, 112, 101, 34, 58, 32, 34, 114, 101, 115, 117, 108, 116, 34, 44, 10, 32, 32, 32, 32, 32, 32, 34, 114, 101, 102, 95, 105, 100, 34, 58, 32, 34, 114, 101, 115, 117, 108, 116, 58, 115, 116, 114, 101, 115, 115, 58, 112, 105, 112, 101, 45, 80, 45, 49, 50, 48, 58, 113, 117, 97, 114, 116, 101, 114, 45, 49, 58, 98, 101, 110, 100, 105, 110, 103, 45, 110, 111, 114, 109, 97, 108, 45, 121, 34, 10, 32, 32, 32, 32, 125, 44, 10, 32, 32, 32, 32, 123, 10, 32, 32, 32, 32, 32, 32, 34, 114, 101, 102, 95, 116, 121, 112, 101, 34, 58, 32, 34, 114, 101, 115, 117, 108, 116, 34, 44, 10, 32, 32, 32, 32, 32, 32, 34, 114, 101, 102, 95, 105, 100, 34, 58, 32, 34, 114, 101, 115, 117, 108, 116, 58, 115, 116, 114, 101, 115, 115, 58, 112, 105, 112, 101, 45, 80, 45, 49, 50, 48, 58, 113, 117, 97, 114, 116, 101, 114, 45, 49, 58, 98, 101, 110, 100, 105, 110, 103, 45, 110, 111, 114, 109, 97, 108, 45, 122, 34, 10, 32, 32, 32, 32, 125, 44, 10, 32, 32, 32, 32, 123, 10, 32, 32, 32, 32, 32, 32, 34, 114, 101, 102, 95, 116, 121, 112, 101, 34, 58, 32, 34, 114, 101, 115, 117, 108, 116, 34, 44, 10, 32, 32, 32, 32, 32, 32, 34, 114, 101, 102, 95, 105, 100, 34, 58, 32, 34, 114, 101, 115, 117, 108, 116, 58, 115, 116, 114, 101, 115, 115, 58, 112, 105, 112, 101, 45, 80, 45, 49, 50, 48, 58, 113, 117, 97, 114, 116, 101, 114, 45, 49, 58, 116, 111, 114, 115, 105, 111, 110, 97, 108, 45, 115, 104, 101, 97, 114, 34, 10, 32, 32, 32, 32, 125, 44, 10, 32, 32, 32, 32, 123, 10, 32, 32, 32, 32, 32, 32, 34, 114, 101, 102, 95, 116, 121, 112, 101, 34, 58, 32, 34, 114, 101, 115, 117, 108, 116, 34, 44, 10, 32, 32, 32, 32, 32, 32, 34, 114, 101, 102, 95, 105, 100, 34, 58, 32, 34, 114, 101, 115, 117, 108, 116, 58, 115, 116, 114, 101, 115, 115, 58, 112, 105, 112, 101, 45, 80, 45, 49, 50, 48, 58, 113, 117, 97, 114, 116, 101, 114, 45, 49, 58, 112, 114, 101, 115, 115, 117, 114, 101, 45, 104, 111, 111, 112, 34, 10, 32, 32, 32, 32, 125, 44, 10, 32, 32, 32, 32, 123, 10, 32, 32, 32, 32, 32, 32, 34, 114, 101, 102, 95, 116, 121, 112, 101, 34, 58, 32, 34, 114, 101, 115, 117, 108, 116, 34, 44, 10, 32, 32, 32, 32, 32, 32, 34, 114, 101, 102, 95, 105, 100, 34, 58, 32, 34, 114, 101, 115, 117, 108, 116, 58, 115, 116, 114, 101, 115, 115, 58, 112, 105, 112, 101, 45, 80, 45, 49, 50, 48, 58, 109, 105, 100, 115, 112, 97, 110, 58, 97, 120, 105, 97, 108, 45, 110, 111, 114, 109, 97, 108, 34, 10, 32, 32, 32, 32, 125, 44, 10, 32, 32, 32, 32, 123, 10, 32, 32, 32, 32, 32, 32, 34, 114, 101, 102, 95, 116, 121, 112, 101, 34, 58, 32, 34, 114, 101, 115, 117, 108, 116, 34, 44, 10, 32, 32, 32, 32, 32, 32, 34, 114, 101, 102, 95, 105, 100, 34, 58, 32, 34, 114, 101, 115, 117, 108, 116, 58, 115, 116, 114, 101, 115, 115, 58, 112, 105, 112, 101, 45, 80, 45, 49, 50, 48, 58, 109, 105, 100, 115, 112, 97, 110, 58, 98, 101, 110, 100, 105, 110, 103, 45, 110, 111, 114, 109, 97, 108, 45, 121, 34, 10, 32, 32, 32, 32, 125, 44, 10, 32, 32, 32, 32, 123, 10, 32, 32, 32, 32, 32, 32, 34, 114, 101, 102, 95, 116, 121, 112, 101, 34, 58, 32, 34, 114, 101, 115, 117, 108, 116, 34, 44, 10, 32, 32, 32, 32, 32, 32, 34, 114, 101, 102, 95, 105, 100, 34, 58, 32, 34, 114, 101, 115, 117, 108, 116, 58, 115, 116, 114, 101, 115, 115, 58, 112, 105, 112, 101, 45, 80, 45, 49, 50, 48, 58, 109, 105, 100, 115, 112, 97, 110, 58, 98, 101, 110, 100, 105, 110, 103, 45, 110, 111, 114, 109, 97, 108, 45, 122, 34, 10, 32, 32, 32, 32, 125, 44, 10, 32, 32, 32, 32, 123, 10, 32, 32, 32, 32, 32, 32, 34, 114, 101, 102, 95, 116, 121, 112, 101, 34, 58, 32, 34, 114, 101, 115, 117, 108, 116, 34, 44, 10, 32, 32, 32, 32, 32, 32, 34, 114, 101, 102, 95, 105, 100, 34, 58, 32, 34, 114, 101, 115, 117, 108, 116, 58, 115, 116, 114, 101, 115, 115, 58, 112, 105, 112, 101, 45, 80, 45, 49, 50, 48, 58, 109, 105, 100, 115, 112, 97, 110, 58, 116, 111, 114, 115, 105, 111, 110, 97, 108, 45, 115, 104, 101, 97, 114, 34, 10, 32, 32, 32, 32, 125, 44, 10, 32, 32, 32, 32, 123, 10, 32, 32, 32, 32, 32, 32, 34, 114, 101, 102, 95, 116, 121, 112, 101, 34, 58, 32, 34, 114, 101, 115, 117, 108, 116, 34, 44, 10, 32, 32, 32, 32, 32, 32, 34, 114, 101, 102, 95, 105, 100, 34, 58, 32, 34, 114, 101, 115, 117, 108, 116, 58, 115, 116, 114, 101, 115, 115, 58, 112, 105, 112, 101, 45, 80, 45, 49, 50, 48, 58, 109, 105, 100, 115, 112, 97, 110, 58, 112, 114, 101, 115, 115, 117, 114, 101, 45, 104, 111, 111, 112, 34, 10, 32, 32, 32, 32, 125, 44, 10, 32, 32, 32, 32, 123, 10, 32, 32, 32, 32, 32, 32, 34, 114, 101, 102, 95, 116, 121, 112, 101, 34, 58, 32, 34, 114, 101, 115, 117, 108, 116, 34, 44, 10, 32, 32, 32, 32, 32, 32, 34, 114, 101, 102, 95, 105, 100, 34, 58, 32, 34, 114, 101, 115, 117, 108, 116, 58, 115, 116, 114, 101, 115, 115, 58, 112, 105, 112, 101, 45, 80, 45, 49, 50, 48, 58, 113, 117, 97, 114, 116, 101, 114, 45, 51, 58, 97, 120, 105, 97, 108, 45, 110, 111, 114, 109, 97, 108, 34, 10, 32, 32, 32, 32, 125, 44, 10, 32, 32, 32, 32, 123, 10, 32, 32, 32, 32, 32, 32, 34, 114, 101, 102, 95, 116, 121, 112, 101, 34, 58, 32, 34, 114, 101, 115, 117, 108, 116, 34, 44, 10, 32, 32, 32, 32, 32, 32, 34, 114, 101, 102, 95, 105, 100, 34, 58, 32, 34, 114, 101, 115, 117, 108, 116, 58, 115, 116, 114, 101, 115, 115, 58, 112, 105, 112, 101, 45, 80, 45, 49, 50, 48, 58, 113, 117, 97, 114, 116, 101, 114, 45, 51, 58, 98, 101, 110, 100, 105, 110, 103, 45, 110, 111, 114, 109, 97, 108, 45, 121, 34, 10, 32, 32, 32, 32, 125, 44, 10, 32, 32, 32, 32, 123, 10, 32, 32, 32, 32, 32, 32, 34, 114, 101, 102, 95, 116, 121, 112, 101, 34, 58, 32, 34, 114, 101, 115, 117, 108, 116, 34, 44, 10, 32, 32, 32, 32, 32, 32, 34, 114, 101, 102, 95, 105, 100, 34, 58, 32, 34, 114, 101, 115, 117, 108, 116, 58, 115, 116, 114, 101, 115, 115, 58, 112, 105, 112, 101, 45, 80, 45, 49, 50, 48, 58, 113, 117, 97, 114, 116, 101, 114, 45, 51, 58, 98, 101, 110, 100, 105, 110, 103, 45, 110, 111, 114, 109, 97, 108, 45, 122, 34, 10, 32, 32, 32, 32, 125, 44, 10, 32, 32, 32, 32, 123, 10, 32, 32, 32, 32, 32, 32, 34, 114, 101, 102, 95, 116, 121, 112, 101, 34, 58, 32, 34, 114, 101, 115, 117, 108, 116, 34, 44, 10, 32, 32, 32, 32, 32, 32, 34, 114, 101, 102, 95, 105, 100, 34, 58, 32, 34, 114, 101, 115, 117, 108, 116, 58, 115, 116, 114, 101, 115, 115, 58, 112, 105, 112, 101, 45, 80, 45, 49, 50, 48, 58, 113, 117, 97, 114, 116, 101, 114, 45, 51, 58, 116, 111, 114, 115, 105, 111, 110, 97, 108, 45, 115, 104, 101, 97, 114, 34, 10, 32, 32, 32, 32, 125, 44, 10, 32, 32, 32, 32, 123, 10, 32, 32, 32, 32, 32, 32, 34, 114, 101, 102, 95, 116, 121, 112, 101, 34, 58, 32, 34, 114, 101, 115, 117, 108, 116, 34, 44, 10, 32, 32, 32, 32, 32, 32, 34, 114, 101, 102, 95, 105, 100, 34, 58, 32, 34, 114, 101, 115, 117, 108, 116, 58, 115, 116, 114, 101, 115, 115, 58, 112, 105, 112, 101, 45, 80, 45, 49, 50, 48, 58, 113, 117, 97, 114, 116, 101, 114, 45, 51, 58, 112, 114, 101, 115, 115, 117, 114, 101, 45, 104, 111, 111, 112, 34, 10, 32, 32, 32, 32, 125, 44, 10, 32, 32, 32, 32, 123, 10, 32, 32, 32, 32, 32, 32, 34, 114, 101, 102, 95, 116, 121, 112, 101, 34, 58, 32, 34, 114, 101, 115, 117, 108, 116, 34, 44, 10, 32, 32, 32, 32, 32, 32, 34, 114, 101, 102, 95, 105, 100, 34, 58, 32, 34, 114, 101, 115, 117, 108, 116, 58, 115, 116, 114, 101, 115, 115, 58, 112, 105, 112, 101, 45, 80, 45, 49, 50, 48, 34, 10, 32, 32, 32, 32, 125, 44, 10, 32, 32, 32, 32, 123, 10, 32, 32, 32, 32, 32, 32, 34, 114, 101, 102, 95, 116, 121, 112, 101, 34, 58, 32, 34, 114, 101, 115, 117, 108, 116, 34, 44, 10, 32, 32, 32, 32, 32, 32, 34, 114, 101, 102, 95, 105, 100, 34, 58, 32, 34, 114, 101, 115, 117, 108, 116, 58, 115, 116, 114, 101, 115, 115, 58, 99, 111, 109, 112, 111, 110, 101, 110, 116, 45, 67, 45, 49, 50, 48, 58, 112, 105, 112, 101, 45, 80, 45, 49, 50, 48, 58, 101, 110, 100, 45, 105, 58, 117, 115, 101, 114, 45, 109, 117, 108, 116, 105, 112, 108, 105, 101, 114, 34, 10, 32, 32, 32, 32, 125, 44, 10, 32, 32, 32, 32, 123, 10, 32, 32, 32, 32, 32, 32, 34, 114, 101, 102, 95, 116, 121, 112, 101, 34, 58, 32, 34, 114, 101, 115, 117, 108, 116, 34, 44, 10, 32, 32, 32, 32, 32, 32, 34, 114, 101, 102, 95, 105, 100, 34, 58, 32, 34, 114, 101, 115, 117, 108, 116, 58, 102, 111, 114, 99, 101, 58, 112, 105, 112, 101, 45, 80, 45, 49, 51, 48, 58, 97, 120, 105, 97, 108, 34, 10, 32, 32, 32, 32, 125, 44, 10, 32, 32, 32, 32, 123, 10, 32, 32, 32, 32, 32, 32, 34, 114, 101, 102, 95, 116, 121, 112, 101, 34, 58, 32, 34, 114, 101, 115, 117, 108, 116, 34, 44, 10, 32, 32, 32, 32, 32, 32, 34, 114, 101, 102, 95, 105, 100, 34, 58, 32, 34, 114, 101, 115, 117, 108, 116, 58, 102, 111, 114, 99, 101, 58, 112, 105, 112, 101, 45, 80, 45, 49, 51, 48, 58, 97, 120, 105, 97, 108, 58, 101, 110, 100, 45, 106, 34, 10, 32, 32, 32, 32, 125, 44, 10, 32, 32, 32, 32, 123, 10, 32, 32, 32, 32, 32, 32, 34, 114, 101, 102, 95, 116, 121, 112, 101, 34, 58, 32, 34, 114, 101, 115, 117, 108, 116, 34, 44, 10, 32, 32, 32, 32, 32, 32, 34, 114, 101, 102, 95, 105, 100, 34, 58, 32, 34, 114, 101, 115, 117, 108, 116, 58, 102, 111, 114, 99, 101, 58, 112, 105, 112, 101, 45, 80, 45, 49, 51, 48, 58, 115, 104, 101, 97, 114, 45, 121, 34, 10, 32, 32, 32, 32, 125, 44, 10, 32, 32, 32, 32, 123, 10, 32, 32, 32, 32, 32, 32, 34, 114, 101, 102, 95, 116, 121, 112, 101, 34, 58, 32, 34, 114, 101, 115, 117, 108, 116, 34, 44, 10, 32, 32, 32, 32, 32, 32, 34, 114, 101, 102, 95, 105, 100, 34, 58, 32, 34, 114, 101, 115, 117, 108, 116, 58, 102, 111, 114, 99, 101, 58, 112, 105, 112, 101, 45, 80, 45, 49, 51, 48, 58, 115, 104, 101, 97, 114, 45, 121, 58, 101, 110, 100, 45, 106, 34, 10, 32, 32, 32, 32, 125, 44, 10, 32, 32, 32, 32, 123, 10, 32, 32, 32, 32, 32, 32, 34, 114, 101, 102, 95, 116, 121, 112, 101, 34, 58, 32, 34, 114, 101, 115, 117, 108, 116, 34, 44, 10, 32, 32, 32, 32, 32, 32, 34, 114, 101, 102, 95, 105, 100, 34, 58, 32, 34, 114, 101, 115, 117, 108, 116, 58, 102, 111, 114, 99, 101, 58, 112, 105, 112, 101, 45, 80, 45, 49, 51, 48, 58, 115, 104, 101, 97, 114, 45, 122, 34, 10, 32, 32, 32, 32, 125, 44, 10, 32, 32, 32, 32, 123, 10, 32, 32, 32, 32, 32, 32, 34, 114, 101, 102, 95, 116, 121, 112, 101, 34, 58, 32, 34, 114, 101, 115, 117, 108, 116, 34, 44, 10, 32, 32, 32, 32, 32, 32, 34, 114, 101, 102, 95, 105, 100, 34, 58, 32, 34, 114, 101, 115, 117, 108, 116, 58, 102, 111, 114, 99, 101, 58, 112, 105, 112, 101, 45, 80, 45, 49, 51, 48, 58, 115, 104, 101, 97, 114, 45, 122, 58, 101, 110, 100, 45, 106, 34, 10, 32, 32, 32, 32, 125, 44, 10, 32, 32, 32, 32, 123, 10, 32, 32, 32, 32, 32, 32, 34, 114, 101, 102, 95, 116, 121, 112, 101, 34, 58, 32, 34, 114, 101, 115, 117, 108, 116, 34, 44, 10, 32, 32, 32, 32, 32, 32, 34, 114, 101, 102, 95, 105, 100, 34, 58, 32, 34, 114, 101, 115, 117, 108, 116, 58, 109, 111, 109, 101, 110, 116, 58, 112, 105, 112, 101, 45, 80, 45, 49, 51, 48, 58, 116, 111, 114, 115, 105, 111, 110, 34, 10, 32, 32, 32, 32, 125, 44, 10, 32, 32, 32, 32, 123, 10, 32, 32, 32, 32, 32, 32, 34, 114, 101, 102, 95, 116, 121, 112, 101, 34, 58, 32, 34, 114, 101, 115, 117, 108, 116, 34, 44, 10, 32, 32, 32, 32, 32, 32, 34, 114, 101, 102, 95, 105, 100, 34, 58, 32, 34, 114, 101, 115, 117, 108, 116, 58, 109, 111, 109, 101, 110, 116, 58, 112, 105, 112, 101, 45, 80, 45, 49, 51, 48, 58, 116, 111, 114, 115, 105, 111, 110, 58, 101, 110, 100, 45, 106, 34, 10, 32, 32, 32, 32, 125, 44, 10, 32, 32, 32, 32, 123, 10, 32, 32, 32, 32, 32, 32, 34, 114, 101, 102, 95, 116, 121, 112, 101, 34, 58, 32, 34, 114, 101, 115, 117, 108, 116, 34, 44, 10, 32, 32, 32, 32, 32, 32, 34, 114, 101, 102, 95, 105, 100, 34, 58, 32, 34, 114, 101, 115, 117, 108, 116, 58, 109, 111, 109, 101, 110, 116, 58, 112, 105, 112, 101, 45, 80, 45, 49, 51, 48, 58, 98, 101, 110, 100, 105, 110, 103, 45, 121, 34, 10, 32, 32, 32, 32, 125, 44, 10, 32, 32, 32, 32, 123, 10, 32, 32, 32, 32, 32, 32, 34, 114, 101, 102, 95, 116, 121, 112, 101, 34, 58, 32, 34, 114, 101, 115, 117, 108, 116, 34, 44, 10, 32, 32, 32, 32, 32, 32, 34, 114, 101, 102, 95, 105, 100, 34, 58, 32, 34, 114, 101, 115, 117, 108, 116, 58, 109, 111, 109, 101, 110, 116, 58, 112, 105, 112, 101, 45, 80, 45, 49, 51, 48, 58, 98, 101, 110, 100, 105, 110, 103, 45, 121, 58, 101, 110, 100, 45, 106, 34, 10, 32, 32, 32, 32, 125, 44, 10, 32, 32, 32, 32, 123, 10, 32, 32, 32, 32, 32, 32, 34, 114, 101, 102, 95, 116, 121, 112, 101, 34, 58, 32, 34, 114, 101, 115, 117, 108, 116, 34, 44, 10, 32, 32, 32, 32, 32, 32, 34, 114, 101, 102, 95, 105, 100, 34, 58, 32, 34, 114, 101, 115, 117, 108, 116, 58, 109, 111, 109, 101, 110, 116, 58, 112, 105, 112, 101, 45, 80, 45, 49, 51, 48, 58, 98, 101, 110, 100, 105, 110, 103, 45, 122, 34, 10, 32, 32, 32, 32, 125, 44, 10, 32, 32, 32, 32, 123, 10, 32, 32, 32, 32, 32, 32, 34, 114, 101, 102, 95, 116, 121, 112, 101, 34, 58, 32, 34, 114, 101, 115, 117, 108, 116, 34, 44, 10, 32, 32, 32, 32, 32, 32, 34, 114, 101, 102, 95, 105, 100, 34, 58, 32, 34, 114, 101, 115, 117, 108, 116, 58, 109, 111, 109, 101, 110, 116, 58, 112, 105, 112, 101, 45, 80, 45, 49, 51, 48, 58, 98, 101, 110, 100, 105, 110, 103, 45, 122, 58, 101, 110, 100, 45, 106, 34, 10, 32, 32, 32, 32, 125, 44, 10, 32, 32, 32, 32, 123, 10, 32, 32, 32, 32, 32, 32, 34, 114, 101, 102, 95, 116, 121, 112, 101, 34, 58, 32, 34, 114, 101, 115, 117, 108, 116, 34, 44, 10, 32, 32, 32, 32, 32, 32, 34, 114, 101, 102, 95, 105, 100, 34, 58, 32, 34, 114, 101, 115, 117, 108, 116, 58, 102, 111, 114, 99, 101, 58, 112, 105, 112, 101, 45, 80, 45, 49, 51, 48, 58, 113, 117, 97, 114, 116, 101, 114, 45, 49, 58, 97, 120, 105, 97, 108, 34, 10, 32, 32, 32, 32, 125, 44, 10, 32, 32, 32, 32, 123, 10, 32, 32, 32, 32, 32, 32, 34, 114, 101, 102, 95, 116, 121, 112, 101, 34, 58, 32, 34, 114, 101, 115, 117, 108, 116, 34, 44, 10, 32, 32, 32, 32, 32, 32, 34, 114, 101, 102, 95, 105, 100, 34, 58, 32, 34, 114, 101, 115, 117, 108, 116, 58, 102, 111, 114, 99, 101, 58, 112, 105, 112, 101, 45, 80, 45, 49, 51, 48, 58, 113, 117, 97, 114, 116, 101, 114, 45, 49, 58, 115, 104, 101, 97, 114, 45, 121, 34, 10, 32, 32, 32, 32, 125, 44, 10, 32, 32, 32, 32, 123, 10, 32, 32, 32, 32, 32, 32, 34, 114, 101, 102, 95, 116, 121, 112, 101, 34, 58, 32, 34, 114, 101, 115, 117, 108, 116, 34, 44, 10, 32, 32, 32, 32, 32, 32, 34, 114, 101, 102, 95, 105, 100, 34, 58, 32, 34, 114, 101, 115, 117, 108, 116, 58, 102, 111, 114, 99, 101, 58, 112, 105, 112, 101, 45, 80, 45, 49, 51, 48, 58, 113, 117, 97, 114, 116, 101, 114, 45, 49, 58, 115, 104, 101, 97, 114, 45, 122, 34, 10, 32, 32, 32, 32, 125, 44, 10, 32, 32, 32, 32, 123, 10, 32, 32, 32, 32, 32, 32, 34, 114, 101, 102, 95, 116, 121, 112, 101, 34, 58, 32, 34, 114, 101, 115, 117, 108, 116, 34, 44, 10, 32, 32, 32, 32, 32, 32, 34, 114, 101, 102, 95, 105, 100, 34, 58, 32, 34, 114, 101, 115, 117, 108, 116, 58, 109, 111, 109, 101, 110, 116, 58, 112, 105, 112, 101, 45, 80, 45, 49, 51, 48, 58, 113, 117, 97, 114, 116, 101, 114, 45, 49, 58, 116, 111, 114, 115, 105, 111, 110, 34, 10, 32, 32, 32, 32, 125, 44, 10, 32, 32, 32, 32, 123, 10, 32, 32, 32, 32, 32, 32, 34, 114, 101, 102, 95, 116, 121, 112, 101, 34, 58, 32, 34, 114, 101, 115, 117, 108, 116, 34, 44, 10, 32, 32, 32, 32, 32, 32, 34, 114, 101, 102, 95, 105, 100, 34, 58, 32, 34, 114, 101, 115, 117, 108, 116, 58, 109, 111, 109, 101, 110, 116, 58, 112, 105, 112, 101, 45, 80, 45, 49, 51, 48, 58, 113, 117, 97, 114, 116, 101, 114, 45, 49, 58, 98, 101, 110, 100, 105, 110, 103, 45, 121, 34, 10, 32, 32, 32, 32, 125, 44, 10, 32, 32, 32, 32, 123, 10, 32, 32, 32, 32, 32, 32, 34, 114, 101, 102, 95, 116, 121, 112, 101, 34, 58, 32, 34, 114, 101, 115, 117, 108, 116, 34, 44, 10, 32, 32, 32, 32, 32, 32, 34, 114, 101, 102, 95, 105, 100, 34, 58, 32, 34, 114, 101, 115, 117, 108, 116, 58, 109, 111, 109, 101, 110, 116, 58, 112, 105, 112, 101, 45, 80, 45, 49, 51, 48, 58, 113, 117, 97, 114, 116, 101, 114, 45, 49, 58, 98, 101, 110, 100, 105, 110, 103, 45, 122, 34, 10, 32, 32, 32, 32, 125, 44, 10, 32, 32, 32, 32, 123, 10, 32, 32, 32, 32, 32, 32, 34, 114, 101, 102, 95, 116, 121, 112, 101, 34, 58, 32, 34, 114, 101, 115, 117, 108, 116, 34, 44, 10, 32, 32, 32, 32, 32, 32, 34, 114, 101, 102, 95, 105, 100, 34, 58, 32, 34, 114, 101, 115, 117, 108, 116, 58, 102, 111, 114, 99, 101, 58, 112, 105, 112, 101, 45, 80, 45, 49, 51, 48, 58, 109, 105, 100, 115, 112, 97, 110, 58, 97, 120, 105, 97, 108, 34, 10, 32, 32, 32, 32, 125, 44, 10, 32, 32, 32, 32, 123, 10, 32, 32, 32, 32, 32, 32, 34, 114, 101, 102, 95, 116, 121, 112, 101, 34, 58, 32, 34, 114, 101, 115, 117, 108, 116, 34, 44, 10, 32, 32, 32, 32, 32, 32, 34, 114, 101, 102, 95, 105, 100, 34, 58, 32, 34, 114, 101, 115, 117, 108, 116, 58, 102, 111, 114, 99, 101, 58, 112, 105, 112, 101, 45, 80, 45, 49, 51, 48, 58, 109, 105, 100, 115, 112, 97, 110, 58, 115, 104, 101, 97, 114, 45, 121, 34, 10, 32, 32, 32, 32, 125, 44, 10, 32, 32, 32, 32, 123, 10, 32, 32, 32, 32, 32, 32, 34, 114, 101, 102, 95, 116, 121, 112, 101, 34, 58, 32, 34, 114, 101, 115, 117, 108, 116, 34, 44, 10, 32, 32, 32, 32, 32, 32, 34, 114, 101, 102, 95, 105, 100, 34, 58, 32, 34, 114, 101, 115, 117, 108, 116, 58, 102, 111, 114, 99, 101, 58, 112, 105, 112, 101, 45, 80, 45, 49, 51, 48, 58, 109, 105, 100, 115, 112, 97, 110, 58, 115, 104, 101, 97, 114, 45, 122, 34, 10, 32, 32, 32, 32, 125, 44, 10, 32, 32, 32, 32, 123, 10, 32, 32, 32, 32, 32, 32, 34, 114, 101, 102, 95, 116, 121, 112, 101, 34, 58, 32, 34, 114, 101, 115, 117, 108, 116, 34, 44, 10, 32, 32, 32, 32, 32, 32, 34, 114, 101, 102, 95, 105, 100, 34, 58, 32, 34, 114, 101, 115, 117, 108, 116, 58, 109, 111, 109, 101, 110, 116, 58, 112, 105, 112, 101, 45, 80, 45, 49, 51, 48, 58, 109, 105, 100, 115, 112, 97, 110, 58, 116, 111, 114, 115, 105, 111, 110, 34, 10, 32, 32, 32, 32, 125, 44, 10, 32, 32, 32, 32, 123, 10, 32, 32, 32, 32, 32, 32, 34, 114, 101, 102, 95, 116, 121, 112, 101, 34, 58, 32, 34, 114, 101, 115, 117, 108, 116, 34, 44, 10, 32, 32, 32, 32, 32, 32, 34, 114, 101, 102, 95, 105, 100, 34, 58, 32, 34, 114, 101, 115, 117, 108, 116, 58, 109, 111, 109, 101, 110, 116, 58, 112, 105, 112, 101, 45, 80, 45, 49, 51, 48, 58, 109, 105, 100, 115, 112, 97, 110, 58, 98, 101, 110, 100, 105, 110, 103, 45, 121, 34, 10, 32, 32, 32, 32, 125, 44, 10, 32, 32, 32, 32, 123, 10, 32, 32, 32, 32, 32, 32, 34, 114, 101, 102, 95, 116, 121, 112, 101, 34, 58, 32, 34, 114, 101, 115, 117, 108, 116, 34, 44, 10, 32, 32, 32, 32, 32, 32, 34, 114, 101, 102, 95, 105, 100, 34, 58, 32, 34, 114, 101, 115, 117, 108, 116, 58, 109, 111, 109, 101, 110, 116, 58, 112, 105, 112, 101, 45, 80, 45, 49, 51, 48, 58, 109, 105, 100, 115, 112, 97, 110, 58, 98, 101, 110, 100, 105, 110, 103, 45, 122, 34, 10, 32, 32, 32, 32, 125, 44, 10, 32, 32, 32, 32, 123, 10, 32, 32, 32, 32, 32, 32, 34, 114, 101, 102, 95, 116, 121, 112, 101, 34, 58, 32, 34, 114, 101, 115, 117, 108, 116, 34, 44, 10, 32, 32, 32, 32, 32, 32, 34, 114, 101, 102, 95, 105, 100, 34, 58, 32, 34, 114, 101, 115, 117, 108, 116, 58, 102, 111, 114, 99, 101, 58, 112, 105, 112, 101, 45, 80, 45, 49, 51, 48, 58, 113, 117, 97, 114, 116, 101, 114, 45, 51, 58, 97, 120, 105, 97, 108, 34, 10, 32, 32, 32, 32, 125, 44, 10, 32, 32, 32, 32, 123, 10, 32, 32, 32, 32, 32, 32, 34, 114, 101, 102, 95, 116, 121, 112, 101, 34, 58, 32, 34, 114, 101, 115, 117, 108, 116, 34, 44, 10, 32, 32, 32, 32, 32, 32, 34, 114, 101, 102, 95, 105, 100, 34, 58, 32, 34, 114, 101, 115, 117, 108, 116, 58, 102, 111, 114, 99, 101, 58, 112, 105, 112, 101, 45, 80, 45, 49, 51, 48, 58, 113, 117, 97, 114, 116, 101, 114, 45, 51, 58, 115, 104, 101, 97, 114, 45, 121, 34, 10, 32, 32, 32, 32, 125, 44, 10, 32, 32, 32, 32, 123, 10, 32, 32, 32, 32, 32, 32, 34, 114, 101, 102, 95, 116, 121, 112, 101, 34, 58, 32, 34, 114, 101, 115, 117, 108, 116, 34, 44, 10, 32, 32, 32, 32, 32, 32, 34, 114, 101, 102, 95, 105, 100, 34, 58, 32, 34, 114, 101, 115, 117, 108, 116, 58, 102, 111, 114, 99, 101, 58, 112, 105, 112, 101, 45, 80, 45, 49, 51, 48, 58, 113, 117, 97, 114, 116, 101, 114, 45, 51, 58, 115, 104, 101, 97, 114, 45, 122, 34, 10, 32, 32, 32, 32, 125, 44, 10, 32, 32, 32, 32, 123, 10, 32, 32, 32, 32, 32, 32, 34, 114, 101, 102, 95, 116, 121, 112, 101, 34, 58, 32, 34, 114, 101, 115, 117, 108, 116, 34, 44, 10, 32, 32, 32, 32, 32, 32, 34, 114, 101, 102, 95, 105, 100, 34, 58, 32, 34, 114, 101, 115, 117, 108, 116, 58, 109, 111, 109, 101, 110, 116, 58, 112, 105, 112, 101, 45, 80, 45, 49, 51, 48, 58, 113, 117, 97, 114, 116, 101, 114, 45, 51, 58, 116, 111, 114, 115, 105, 111, 110, 34, 10, 32, 32, 32, 32, 125, 44, 10, 32, 32, 32, 32, 123, 10, 32, 32, 32, 32, 32, 32, 34, 114, 101, 102, 95, 116, 121, 112, 101, 34, 58, 32, 34, 114, 101, 115, 117, 108, 116, 34, 44, 10, 32, 32, 32, 32, 32, 32, 34, 114, 101, 102, 95, 105, 100, 34, 58, 32, 34, 114, 101, 115, 117, 108, 116, 58, 109, 111, 109, 101, 110, 116, 58, 112, 105, 112, 101, 45, 80, 45, 49, 51, 48, 58, 113, 117, 97, 114, 116, 101, 114, 45, 51, 58, 98, 101, 110, 100, 105, 110, 103, 45, 121, 34, 10, 32, 32, 32, 32, 125, 44, 10, 32, 32, 32, 32, 123, 10, 32, 32, 32, 32, 32, 32, 34, 114, 101, 102, 95, 116, 121, 112, 101, 34, 58, 32, 34, 114, 101, 115, 117, 108, 116, 34, 44, 10, 32, 32, 32, 32, 32, 32, 34, 114, 101, 102, 95, 105, 100, 34, 58, 32, 34, 114, 101, 115, 117, 108, 116, 58, 109, 111, 109, 101, 110, 116, 58, 112, 105, 112, 101, 45, 80, 45, 49, 51, 48, 58, 113, 117, 97, 114, 116, 101, 114, 45, 51, 58, 98, 101, 110, 100, 105, 110, 103, 45, 122, 34, 10, 32, 32, 32, 32, 125, 44, 10, 32, 32, 32, 32, 123, 10, 32, 32, 32, 32, 32, 32, 34, 114, 101, 102, 95, 116, 121, 112, 101, 34, 58, 32, 34, 114, 101, 115, 117, 108, 116, 34, 44, 10, 32, 32, 32, 32, 32, 32, 34, 114, 101, 102, 95, 105, 100, 34, 58, 32, 34, 114, 101, 115, 117, 108, 116, 58, 115, 116, 114, 101, 115, 115, 58, 112, 105, 112, 101, 45, 80, 45, 49, 51, 48, 58, 101, 110, 100, 45, 105, 58, 97, 120, 105, 97, 108, 45, 110, 111, 114, 109, 97, 108, 34, 10, 32, 32, 32, 32, 125, 44, 10, 32, 32, 32, 32, 123, 10, 32, 32, 32, 32, 32, 32, 34, 114, 101, 102, 95, 116, 121, 112, 101, 34, 58, 32, 34, 114, 101, 115, 117, 108, 116, 34, 44, 10, 32, 32, 32, 32, 32, 32, 34, 114, 101, 102, 95, 105, 100, 34, 58, 32, 34, 114, 101, 115, 117, 108, 116, 58, 115, 116, 114, 101, 115, 115, 58, 112, 105, 112, 101, 45, 80, 45, 49, 51, 48, 58, 101, 110, 100, 45, 105, 58, 98, 101, 110, 100, 105, 110, 103, 45, 110, 111, 114, 109, 97, 108, 45, 121, 34, 10, 32, 32, 32, 32, 125, 44, 10, 32, 32, 32, 32, 123, 10, 32, 32, 32, 32, 32, 32, 34, 114, 101, 102, 95, 116, 121, 112, 101, 34, 58, 32, 34, 114, 101, 115, 117, 108, 116, 34, 44, 10, 32, 32, 32, 32, 32, 32, 34, 114, 101, 102, 95, 105, 100, 34, 58, 32, 34, 114, 101, 115, 117, 108, 116, 58, 115, 116, 114, 101, 115, 115, 58, 112, 105, 112, 101, 45, 80, 45, 49, 51, 48, 58, 101, 110, 100, 45, 105, 58, 98, 101, 110, 100, 105, 110, 103, 45, 110, 111, 114, 109, 97, 108, 45, 122, 34, 10, 32, 32, 32, 32, 125, 44, 10, 32, 32, 32, 32, 123, 10, 32, 32, 32, 32, 32, 32, 34, 114, 101, 102, 95, 116, 121, 112, 101, 34, 58, 32, 34, 114, 101, 115, 117, 108, 116, 34, 44, 10, 32, 32, 32, 32, 32, 32, 34, 114, 101, 102, 95, 105, 100, 34, 58, 32, 34, 114, 101, 115, 117, 108, 116, 58, 115, 116, 114, 101, 115, 115, 58, 112, 105, 112, 101, 45, 80, 45, 49, 51, 48, 58, 101, 110, 100, 45, 105, 58, 116, 111, 114, 115, 105, 111, 110, 97, 108, 45, 115, 104, 101, 97, 114, 34, 10, 32, 32, 32, 32, 125, 44, 10, 32, 32, 32, 32, 123, 10, 32, 32, 32, 32, 32, 32, 34, 114, 101, 102, 95, 116, 121, 112, 101, 34, 58, 32, 34, 114, 101, 115, 117, 108, 116, 34, 44, 10, 32, 32, 32, 32, 32, 32, 34, 114, 101, 102, 95, 105, 100, 34, 58, 32, 34, 114, 101, 115, 117, 108, 116, 58, 115, 116, 114, 101, 115, 115, 58, 112, 105, 112, 101, 45, 80, 45, 49, 51, 48, 58, 101, 110, 100, 45, 105, 58, 112, 114, 101, 115, 115, 117, 114, 101, 45, 104, 111, 111, 112, 34, 10, 32, 32, 32, 32, 125, 44, 10, 32, 32, 32, 32, 123, 10, 32, 32, 32, 32, 32, 32, 34, 114, 101, 102, 95, 116, 121, 112, 101, 34, 58, 32, 34, 114, 101, 115, 117, 108, 116, 34, 44, 10, 32, 32, 32, 32, 32, 32, 34, 114, 101, 102, 95, 105, 100, 34, 58, 32, 34, 114, 101, 115, 117, 108, 116, 58, 115, 116, 114, 101, 115, 115, 58, 112, 105, 112, 101, 45, 80, 45, 49, 51, 48, 58, 101, 110, 100, 45, 106, 58, 97, 120, 105, 97, 108, 45, 110, 111, 114, 109, 97, 108, 34, 10, 32, 32, 32, 32, 125, 44, 10, 32, 32, 32, 32, 123, 10, 32, 32, 32, 32, 32, 32, 34, 114, 101, 102, 95, 116, 121, 112, 101, 34, 58, 32, 34, 114, 101, 115, 117, 108, 116, 34, 44, 10, 32, 32, 32, 32, 32, 32, 34, 114, 101, 102, 95, 105, 100, 34, 58, 32, 34, 114, 101, 115, 117, 108, 116, 58, 115, 116, 114, 101, 115, 115, 58, 112, 105, 112, 101, 45, 80, 45, 49, 51, 48, 58, 101, 110, 100, 45, 106, 58, 98, 101, 110, 100, 105, 110, 103, 45, 110, 111, 114, 109, 97, 108, 45, 121, 34, 10, 32, 32, 32, 32, 125, 44, 10, 32, 32, 32, 32, 123, 10, 32, 32, 32, 32, 32, 32, 34, 114, 101, 102, 95, 116, 121, 112, 101, 34, 58, 32, 34, 114, 101, 115, 117, 108, 116, 34, 44, 10, 32, 32, 32, 32, 32, 32, 34, 114, 101, 102, 95, 105, 100, 34, 58, 32, 34, 114, 101, 115, 117, 108, 116, 58, 115, 116, 114, 101, 115, 115, 58, 112, 105, 112, 101, 45, 80, 45, 49, 51, 48, 58, 101, 110, 100, 45, 106, 58, 98, 101, 110, 100, 105, 110, 103, 45, 110, 111, 114, 109, 97, 108, 45, 122, 34, 10, 32, 32, 32, 32, 125, 44, 10, 32, 32, 32, 32, 123, 10, 32, 32, 32, 32, 32, 32, 34, 114, 101, 102, 95, 116, 121, 112, 101, 34, 58, 32, 34, 114, 101, 115, 117, 108, 116, 34, 44, 10, 32, 32, 32, 32, 32, 32, 34, 114, 101, 102, 95, 105, 100, 34, 58, 32, 34, 114, 101, 115, 117, 108, 116, 58, 115, 116, 114, 101, 115, 115, 58, 112, 105, 112, 101, 45, 80, 45, 49, 51, 48, 58, 101, 110, 100, 45, 106, 58, 116, 111, 114, 115, 105, 111, 110, 97, 108, 45, 115, 104, 101, 97, 114, 34, 10, 32, 32, 32, 32, 125, 44, 10, 32, 32, 32, 32, 123, 10, 32, 32, 32, 32, 32, 32, 34, 114, 101, 102, 95, 116, 121, 112, 101, 34, 58, 32, 34, 114, 101, 115, 117, 108, 116, 34, 44, 10, 32, 32, 32, 32, 32, 32, 34, 114, 101, 102, 95, 105, 100, 34, 58, 32, 34, 114, 101, 115, 117, 108, 116, 58, 115, 116, 114, 101, 115, 115, 58, 112, 105, 112, 101, 45, 80, 45, 49, 51, 48, 58, 101, 110, 100, 45, 106, 58, 112, 114, 101, 115, 115, 117, 114, 101, 45, 104, 111, 111, 112, 34, 10, 32, 32, 32, 32, 125, 44, 10, 32, 32, 32, 32, 123, 10, 32, 32, 32, 32, 32, 32, 34, 114, 101, 102, 95, 116, 121, 112, 101, 34, 58, 32, 34, 114, 101, 115, 117, 108, 116, 34, 44, 10, 32, 32, 32, 32, 32, 32, 34, 114, 101, 102, 95, 105, 100, 34, 58, 32, 34, 114, 101, 115, 117, 108, 116, 58, 115, 116, 114, 101, 115, 115, 58, 112, 105, 112, 101, 45, 80, 45, 49, 51, 48, 58, 113, 117, 97, 114, 116, 101, 114, 45, 49, 58, 97, 120, 105, 97, 108, 45, 110, 111, 114, 109, 97, 108, 34, 10, 32, 32, 32, 32, 125, 44, 10, 32, 32, 32, 32, 123, 10, 32, 32, 32, 32, 32, 32, 34, 114, 101, 102, 95, 116, 121, 112, 101, 34, 58, 32, 34, 114, 101, 115, 117, 108, 116, 34, 44, 10, 32, 32, 32, 32, 32, 32, 34, 114, 101, 102, 95, 105, 100, 34, 58, 32, 34, 114, 101, 115, 117, 108, 116, 58, 115, 116, 114, 101, 115, 115, 58, 112, 105, 112, 101, 45, 80, 45, 49, 51, 48, 58, 113, 117, 97, 114, 116, 101, 114, 45, 49, 58, 98, 101, 110, 100, 105, 110, 103, 45, 110, 111, 114, 109, 97, 108, 45, 121, 34, 10, 32, 32, 32, 32, 125, 44, 10, 32, 32, 32, 32, 123, 10, 32, 32, 32, 32, 32, 32, 34, 114, 101, 102, 95, 116, 121, 112, 101, 34, 58, 32, 34, 114, 101, 115, 117, 108, 116, 34, 44, 10, 32, 32, 32, 32, 32, 32, 34, 114, 101, 102, 95, 105, 100, 34, 58, 32, 34, 114, 101, 115, 117, 108, 116, 58, 115, 116, 114, 101, 115, 115, 58, 112, 105, 112, 101, 45, 80, 45, 49, 51, 48, 58, 113, 117, 97, 114, 116, 101, 114, 45, 49, 58, 98, 101, 110, 100, 105, 110, 103, 45, 110, 111, 114, 109, 97, 108, 45, 122, 34, 10, 32, 32, 32, 32, 125, 44, 10, 32, 32, 32, 32, 123, 10, 32, 32, 32, 32, 32, 32, 34, 114, 101, 102, 95, 116, 121, 112, 101, 34, 58, 32, 34, 114, 101, 115, 117, 108, 116, 34, 44, 10, 32, 32, 32, 32, 32, 32, 34, 114, 101, 102, 95, 105, 100, 34, 58, 32, 34, 114, 101, 115, 117, 108, 116, 58, 115, 116, 114, 101, 115, 115, 58, 112, 105, 112, 101, 45, 80, 45, 49, 51, 48, 58, 113, 117, 97, 114, 116, 101, 114, 45, 49, 58, 116, 111, 114, 115, 105, 111, 110, 97, 108, 45, 115, 104, 101, 97, 114, 34, 10, 32, 32, 32, 32, 125, 44, 10, 32, 32, 32, 32, 123, 10, 32, 32, 32, 32, 32, 32, 34, 114, 101, 102, 95, 116, 121, 112, 101, 34, 58, 32, 34, 114, 101, 115, 117, 108, 116, 34, 44, 10, 32, 32, 32, 32, 32, 32, 34, 114, 101, 102, 95, 105, 100, 34, 58, 32, 34, 114, 101, 115, 117, 108, 116, 58, 115, 116, 114, 101, 115, 115, 58, 112, 105, 112, 101, 45, 80, 45, 49, 51, 48, 58, 113, 117, 97, 114, 116, 101, 114, 45, 49, 58, 112, 114, 101, 115, 115, 117, 114, 101, 45, 104, 111, 111, 112, 34, 10, 32, 32, 32, 32, 125, 44, 10, 32, 32, 32, 32, 123, 10, 32, 32, 32, 32, 32, 32, 34, 114, 101, 102, 95, 116, 121, 112, 101, 34, 58, 32, 34, 114, 101, 115, 117, 108, 116, 34, 44, 10, 32, 32, 32, 32, 32, 32, 34, 114, 101, 102, 95, 105, 100, 34, 58, 32, 34, 114, 101, 115, 117, 108, 116, 58, 115, 116, 114, 101, 115, 115, 58, 112, 105, 112, 101, 45, 80, 45, 49, 51, 48, 58, 109, 105, 100, 115, 112, 97, 110, 58, 97, 120, 105, 97, 108, 45, 110, 111, 114, 109, 97, 108, 34, 10, 32, 32, 32, 32, 125, 44, 10, 32, 32, 32, 32, 123, 10, 32, 32, 32, 32, 32, 32, 34, 114, 101, 102, 95, 116, 121, 112, 101, 34, 58, 32, 34, 114, 101, 115, 117, 108, 116, 34, 44, 10, 32, 32, 32, 32, 32, 32, 34, 114, 101, 102, 95, 105, 100, 34, 58, 32, 34, 114, 101, 115, 117, 108, 116, 58, 115, 116, 114, 101, 115, 115, 58, 112, 105, 112, 101, 45, 80, 45, 49, 51, 48, 58, 109, 105, 100, 115, 112, 97, 110, 58, 98, 101, 110, 100, 105, 110, 103, 45, 110, 111, 114, 109, 97, 108, 45, 121, 34, 10, 32, 32, 32, 32, 125, 44, 10, 32, 32, 32, 32, 123, 10, 32, 32, 32, 32, 32, 32, 34, 114, 101, 102, 95, 116, 121, 112, 101, 34, 58, 32, 34, 114, 101, 115, 117, 108, 116, 34, 44, 10, 32, 32, 32, 32, 32, 32, 34, 114, 101, 102, 95, 105, 100, 34, 58, 32, 34, 114, 101, 115, 117, 108, 116, 58, 115, 116, 114, 101, 115, 115, 58, 112, 105, 112, 101, 45, 80, 45, 49, 51, 48, 58, 109, 105, 100, 115, 112, 97, 110, 58, 98, 101, 110, 100, 105, 110, 103, 45, 110, 111, 114, 109, 97, 108, 45, 122, 34, 10, 32, 32, 32, 32, 125, 44, 10, 32, 32, 32, 32, 123, 10, 32, 32, 32, 32, 32, 32, 34, 114, 101, 102, 95, 116, 121, 112, 101, 34, 58, 32, 34, 114, 101, 115, 117, 108, 116, 34, 44, 10, 32, 32, 32, 32, 32, 32, 34, 114, 101, 102, 95, 105, 100, 34, 58, 32, 34, 114, 101, 115, 117, 108, 116, 58, 115, 116, 114, 101, 115, 115, 58, 112, 105, 112, 101, 45, 80, 45, 49, 51, 48, 58, 109, 105, 100, 115, 112, 97, 110, 58, 116, 111, 114, 115, 105, 111, 110, 97, 108, 45, 115, 104, 101, 97, 114, 34, 10, 32, 32, 32, 32, 125, 44, 10, 32, 32, 32, 32, 123, 10, 32, 32, 32, 32, 32, 32, 34, 114, 101, 102, 95, 116, 121, 112, 101, 34, 58, 32, 34, 114, 101, 115, 117, 108, 116, 34, 44, 10, 32, 32, 32, 32, 32, 32, 34, 114, 101, 102, 95, 105, 100, 34, 58, 32, 34, 114, 101, 115, 117, 108, 116, 58, 115, 116, 114, 101, 115, 115, 58, 112, 105, 112, 101, 45, 80, 45, 49, 51, 48, 58, 109, 105, 100, 115, 112, 97, 110, 58, 112, 114, 101, 115, 115, 117, 114, 101, 45, 104, 111, 111, 112, 34, 10, 32, 32, 32, 32, 125, 44, 10, 32, 32, 32, 32, 123, 10, 32, 32, 32, 32, 32, 32, 34, 114, 101, 102, 95, 116, 121, 112, 101, 34, 58, 32, 34, 114, 101, 115, 117, 108, 116, 34, 44, 10, 32, 32, 32, 32, 32, 32, 34, 114, 101, 102, 95, 105, 100, 34, 58, 32, 34, 114, 101, 115, 117, 108, 116, 58, 115, 116, 114, 101, 115, 115, 58, 112, 105, 112, 101, 45, 80, 45, 49, 51, 48, 58, 113, 117, 97, 114, 116, 101, 114, 45, 51, 58, 97, 120, 105, 97, 108, 45, 110, 111, 114, 109, 97, 108, 34, 10, 32, 32, 32, 32, 125, 44, 10, 32, 32, 32, 32, 123, 10, 32, 32, 32, 32, 32, 32, 34, 114, 101, 102, 95, 116, 121, 112, 101, 34, 58, 32, 34, 114, 101, 115, 117, 108, 116, 34, 44, 10, 32, 32, 32, 32, 32, 32, 34, 114, 101, 102, 95, 105, 100, 34, 58, 32, 34, 114, 101, 115, 117, 108, 116, 58, 115, 116, 114, 101, 115, 115, 58, 112, 105, 112, 101, 45, 80, 45, 49, 51, 48, 58, 113, 117, 97, 114, 116, 101, 114, 45, 51, 58, 98, 101, 110, 100, 105, 110, 103, 45, 110, 111, 114, 109, 97, 108, 45, 121, 34, 10, 32, 32, 32, 32, 125, 44, 10, 32, 32, 32, 32, 123, 10, 32, 32, 32, 32, 32, 32, 34, 114, 101, 102, 95, 116, 121, 112, 101, 34, 58, 32, 34, 114, 101, 115, 117, 108, 116, 34, 44, 10, 32, 32, 32, 32, 32, 32, 34, 114, 101, 102, 95, 105, 100, 34, 58, 32, 34, 114, 101, 115, 117, 108, 116, 58, 115, 116, 114, 101, 115, 115, 58, 112, 105, 112, 101, 45, 80, 45, 49, 51, 48, 58, 113, 117, 97, 114, 116, 101, 114, 45, 51, 58, 98, 101, 110, 100, 105, 110, 103, 45, 110, 111, 114, 109, 97, 108, 45, 122, 34, 10, 32, 32, 32, 32, 125, 44, 10, 32, 32, 32, 32, 123, 10, 32, 32, 32, 32, 32, 32, 34, 114, 101, 102, 95, 116, 121, 112, 101, 34, 58, 32, 34, 114, 101, 115, 117, 108, 116, 34, 44, 10, 32, 32, 32, 32, 32, 32, 34, 114, 101, 102, 95, 105, 100, 34, 58, 32, 34, 114, 101, 115, 117, 108, 116, 58, 115, 116, 114, 101, 115, 115, 58, 112, 105, 112, 101, 45, 80, 45, 49, 51, 48, 58, 113, 117, 97, 114, 116, 101, 114, 45, 51, 58, 116, 111, 114, 115, 105, 111, 110, 97, 108, 45, 115, 104, 101, 97, 114, 34, 10, 32, 32, 32, 32, 125, 44, 10, 32, 32, 32, 32, 123, 10, 32, 32, 32, 32, 32, 32, 34, 114, 101, 102, 95, 116, 121, 112, 101, 34, 58, 32, 34, 114, 101, 115, 117, 108, 116, 34, 44, 10, 32, 32, 32, 32, 32, 32, 34, 114, 101, 102, 95, 105, 100, 34, 58, 32, 34, 114, 101, 115, 117, 108, 116, 58, 115, 116, 114, 101, 115, 115, 58, 112, 105, 112, 101, 45, 80, 45, 49, 51, 48, 58, 113, 117, 97, 114, 116, 101, 114, 45, 51, 58, 112, 114, 101, 115, 115, 117, 114, 101, 45, 104, 111, 111, 112, 34, 10, 32, 32, 32, 32, 125, 44, 10, 32, 32, 32, 32, 123, 10, 32, 32, 32, 32, 32, 32, 34, 114, 101, 102, 95, 116, 121, 112, 101, 34, 58, 32, 34, 114, 101, 115, 117, 108, 116, 34, 44, 10, 32, 32, 32, 32, 32, 32, 34, 114, 101, 102, 95, 105, 100, 34, 58, 32, 34, 114, 101, 115, 117, 108, 116, 58, 115, 116, 114, 101, 115, 115, 58, 112, 105, 112, 101, 45, 80, 45, 49, 51, 48, 34, 10, 32, 32, 32, 32, 125, 44, 10, 32, 32, 32, 32, 123, 10, 32, 32, 32, 32, 32, 32, 34, 114, 101, 102, 95, 116, 121, 112, 101, 34, 58, 32, 34, 114, 101, 115, 117, 108, 116, 34, 44, 10, 32, 32, 32, 32, 32, 32, 34, 114, 101, 102, 95, 105, 100, 34, 58, 32, 34, 114, 101, 115, 117, 108, 116, 58, 108, 111, 97, 100, 99, 97, 115, 101, 58, 108, 111, 97, 100, 45, 76, 45, 50, 48, 48, 58, 115, 111, 108, 118, 101, 114, 45, 109, 111, 100, 101, 58, 108, 105, 110, 101, 97, 114, 45, 115, 111, 108, 118, 101, 45, 98, 97, 115, 105, 115, 34, 10, 32, 32, 32, 32, 125, 44, 10, 32, 32, 32, 32, 123, 10, 32, 32, 32, 32, 32, 32, 34, 114, 101, 102, 95, 116, 121, 112, 101, 34, 58, 32, 34, 114, 101, 115, 117, 108, 116, 34, 44, 10, 32, 32, 32, 32, 32, 32, 34, 114, 101, 102, 95, 105, 100, 34, 58, 32, 34, 114, 101, 115, 117, 108, 116, 58, 108, 111, 97, 100, 99, 97, 115, 101, 58, 108, 111, 97, 100, 45, 76, 45, 50, 48, 48, 58, 115, 112, 97, 114, 115, 101, 45, 108, 105, 118, 101, 58, 100, 101, 110, 115, 101, 45, 112, 97, 114, 105, 116, 121, 45, 114, 101, 108, 97, 116, 105, 118, 101, 45, 100, 101, 108, 116, 97, 34, 10, 32, 32, 32, 32, 125, 44, 10, 32, 32, 32, 32, 123, 10, 32, 32, 32, 32, 32, 32, 34, 114, 101, 102, 95, 116, 121, 112, 101, 34, 58, 32, 34, 114, 101, 115, 117, 108, 116, 34, 44, 10, 32, 32, 32, 32, 32, 32, 34, 114, 101, 102, 95, 105, 100, 34, 58, 32, 34, 114, 101, 115, 117, 108, 116, 58, 108, 111, 97, 100, 99, 97, 115, 101, 58, 108, 111, 97, 100, 45, 76, 45, 50, 48, 48, 58, 112, 114, 101, 115, 115, 117, 114, 101, 45, 116, 104, 114, 117, 115, 116, 58, 99, 111, 109, 112, 111, 110, 101, 110, 116, 45, 67, 45, 49, 53, 48, 34, 10, 32, 32, 32, 32, 125, 44, 10, 32, 32, 32, 32, 123, 10, 32, 32, 32, 32, 32, 32, 34, 114, 101, 102, 95, 116, 121, 112, 101, 34, 58, 32, 34, 114, 101, 115, 117, 108, 116, 34, 44, 10, 32, 32, 32, 32, 32, 32, 34, 114, 101, 102, 95, 105, 100, 34, 58, 32, 34, 114, 101, 115, 117, 108, 116, 58, 108, 111, 97, 100, 99, 97, 115, 101, 58, 108, 111, 97, 100, 45, 76, 45, 50, 48, 48, 58, 100, 105, 115, 112, 58, 110, 111, 100, 101, 45, 78, 45, 49, 48, 48, 34, 10, 32, 32, 32, 32, 125, 44, 10, 32, 32, 32, 32, 123, 10, 32, 32, 32, 32, 32, 32, 34, 114, 101, 102, 95, 116, 121, 112, 101, 34, 58, 32, 34, 114, 101, 115, 117, 108, 116, 34, 44, 10, 32, 32, 32, 32, 32, 32, 34, 114, 101, 102, 95, 105, 100, 34, 58, 32, 34, 114, 101, 115, 117, 108, 116, 58, 108, 111, 97, 100, 99, 97, 115, 101, 58, 108, 111, 97, 100, 45, 76, 45, 50, 48, 48, 58, 100, 105, 115, 112, 58, 110, 111, 100, 101, 45, 78, 45, 49, 49, 48, 34, 10, 32, 32, 32, 32, 125, 44, 10, 32, 32, 32, 32, 123, 10, 32, 32, 32, 32, 32, 32, 34, 114, 101, 102, 95, 116, 121, 112, 101, 34, 58, 32, 34, 114, 101, 115, 117, 108, 116, 34, 44, 10, 32, 32, 32, 32, 32, 32, 34, 114, 101, 102, 95, 105, 100, 34, 58, 32, 34, 114, 101, 115, 117, 108, 116, 58, 108, 111, 97, 100, 99, 97, 115, 101, 58, 108, 111, 97, 100, 45, 76, 45, 50, 48, 48, 58, 100, 105, 115, 112, 58, 110, 111, 100, 101, 45, 78, 45, 49, 50, 48, 34, 10, 32, 32, 32, 32, 125, 44, 10, 32, 32, 32, 32, 123, 10, 32, 32, 32, 32, 32, 32, 34, 114, 101, 102, 95, 116, 121, 112, 101, 34, 58, 32, 34, 114, 101, 115, 117, 108, 116, 34, 44, 10, 32, 32, 32, 32, 32, 32, 34, 114, 101, 102, 95, 105, 100, 34, 58, 32, 34, 114, 101, 115, 117, 108, 116, 58, 108, 111, 97, 100, 99, 97, 115, 101, 58, 108, 111, 97, 100, 45, 76, 45, 50, 48, 48, 58, 100, 105, 115, 112, 58, 110, 111, 100, 101, 45, 78, 45, 49, 51, 48, 34, 10, 32, 32, 32, 32, 125, 44, 10, 32, 32, 32, 32, 123, 10, 32, 32, 32, 32, 32, 32, 34, 114, 101, 102, 95, 116, 121, 112, 101, 34, 58, 32, 34, 114, 101, 115, 117, 108, 116, 34, 44, 10, 32, 32, 32, 32, 32, 32, 34, 114, 101, 102, 95, 105, 100, 34, 58, 32, 34, 114, 101, 115, 117, 108, 116, 58, 108, 111, 97, 100, 99, 97, 115, 101, 58, 108, 111, 97, 100, 45, 76, 45, 50, 48, 48, 58, 100, 105, 115, 112, 58, 110, 111, 100, 101, 45, 78, 45, 49, 52, 48, 34, 10, 32, 32, 32, 32, 125, 44, 10, 32, 32, 32, 32, 123, 10, 32, 32, 32, 32, 32, 32, 34, 114, 101, 102, 95, 116, 121, 112, 101, 34, 58, 32, 34, 114, 101, 115, 117, 108, 116, 34, 44, 10, 32, 32, 32, 32, 32, 32, 34, 114, 101, 102, 95, 105, 100, 34, 58, 32, 34, 114, 101, 115, 117, 108, 116, 58, 108, 111, 97, 100, 99, 97, 115, 101, 58, 108, 111, 97, 100, 45, 76, 45, 50, 48, 48, 58, 100, 105, 115, 112, 58, 110, 111, 100, 101, 45, 78, 45, 49, 48, 48, 58, 117, 120, 34, 10, 32, 32, 32, 32, 125, 44, 10, 32, 32, 32, 32, 123, 10, 32, 32, 32, 32, 32, 32, 34, 114, 101, 102, 95, 116, 121, 112, 101, 34, 58, 32, 34, 114, 101, 115, 117, 108, 116, 34, 44, 10, 32, 32, 32, 32, 32, 32, 34, 114, 101, 102, 95, 105, 100, 34, 58, 32, 34, 114, 101, 115, 117, 108, 116, 58, 108, 111, 97, 100, 99, 97, 115, 101, 58, 108, 111, 97, 100, 45, 76, 45, 50, 48, 48, 58, 100, 105, 115, 112, 58, 110, 111, 100, 101, 45, 78, 45, 49, 48, 48, 58, 117, 121, 34, 10, 32, 32, 32, 32, 125, 44, 10, 32, 32, 32, 32, 123, 10, 32, 32, 32, 32, 32, 32, 34, 114, 101, 102, 95, 116, 121, 112, 101, 34, 58, 32, 34, 114, 101, 115, 117, 108, 116, 34, 44, 10, 32, 32, 32, 32, 32, 32, 34, 114, 101, 102, 95, 105, 100, 34, 58, 32, 34, 114, 101, 115, 117, 108, 116, 58, 108, 111, 97, 100, 99, 97, 115, 101, 58, 108, 111, 97, 100, 45, 76, 45, 50, 48, 48, 58, 100, 105, 115, 112, 58, 110, 111, 100, 101, 45, 78, 45, 49, 48, 48, 58, 117, 122, 34, 10, 32, 32, 32, 32, 125, 44, 10, 32, 32, 32, 32, 123, 10, 32, 32, 32, 32, 32, 32, 34, 114, 101, 102, 95, 116, 121, 112, 101, 34, 58, 32, 34, 114, 101, 115, 117, 108, 116, 34, 44, 10, 32, 32, 32, 32, 32, 32, 34, 114, 101, 102, 95, 105, 100, 34, 58, 32, 34, 114, 101, 115, 117, 108, 116, 58, 108, 111, 97, 100, 99, 97, 115, 101, 58, 108, 111, 97, 100, 45, 76, 45, 50, 48, 48, 58, 100, 105, 115, 112, 58, 110, 111, 100, 101, 45, 78, 45, 49, 48, 48, 58, 114, 120, 34, 10, 32, 32, 32, 32, 125, 44, 10, 32, 32, 32, 32, 123, 10, 32, 32, 32, 32, 32, 32, 34, 114, 101, 102, 95, 116, 121, 112, 101, 34, 58, 32, 34, 114, 101, 115, 117, 108, 116, 34, 44, 10, 32, 32, 32, 32, 32, 32, 34, 114, 101, 102, 95, 105, 100, 34, 58, 32, 34, 114, 101, 115, 117, 108, 116, 58, 108, 111, 97, 100, 99, 97, 115, 101, 58, 108, 111, 97, 100, 45, 76, 45, 50, 48, 48, 58, 100, 105, 115, 112, 58, 110, 111, 100, 101, 45, 78, 45, 49, 48, 48, 58, 114, 121, 34, 10, 32, 32, 32, 32, 125, 44, 10, 32, 32, 32, 32, 123, 10, 32, 32, 32, 32, 32, 32, 34, 114, 101, 102, 95, 116, 121, 112, 101, 34, 58, 32, 34, 114, 101, 115, 117, 108, 116, 34, 44, 10, 32, 32, 32, 32, 32, 32, 34, 114, 101, 102, 95, 105, 100, 34, 58, 32, 34, 114, 101, 115, 117, 108, 116, 58, 108, 111, 97, 100, 99, 97, 115, 101, 58, 108, 111, 97, 100, 45, 76, 45, 50, 48, 48, 58, 100, 105, 115, 112, 58, 110, 111, 100, 101, 45, 78, 45, 49, 48, 48, 58, 114, 122, 34, 10, 32, 32, 32, 32, 125, 44, 10, 32, 32, 32, 32, 123, 10, 32, 32, 32, 32, 32, 32, 34, 114, 101, 102, 95, 116, 121, 112, 101, 34, 58, 32, 34, 114, 101, 115, 117, 108, 116, 34, 44, 10, 32, 32, 32, 32, 32, 32, 34, 114, 101, 102, 95, 105, 100, 34, 58, 32, 34, 114, 101, 115, 117, 108, 116, 58, 108, 111, 97, 100, 99, 97, 115, 101, 58, 108, 111, 97, 100, 45, 76, 45, 50, 48, 48, 58, 100, 105, 115, 112, 58, 110, 111, 100, 101, 45, 78, 45, 49, 49, 48, 58, 117, 120, 34, 10, 32, 32, 32, 32, 125, 44, 10, 32, 32, 32, 32, 123, 10, 32, 32, 32, 32, 32, 32, 34, 114, 101, 102, 95, 116, 121, 112, 101, 34, 58, 32, 34, 114, 101, 115, 117, 108, 116, 34, 44, 10, 32, 32, 32, 32, 32, 32, 34, 114, 101, 102, 95, 105, 100, 34, 58, 32, 34, 114, 101, 115, 117, 108, 116, 58, 108, 111, 97, 100, 99, 97, 115, 101, 58, 108, 111, 97, 100, 45, 76, 45, 50, 48, 48, 58, 100, 105, 115, 112, 58, 110, 111, 100, 101, 45, 78, 45, 49, 49, 48, 58, 117, 121, 34, 10, 32, 32, 32, 32, 125, 44, 10, 32, 32, 32, 32, 123, 10, 32, 32, 32, 32, 32, 32, 34, 114, 101, 102, 95, 116, 121, 112, 101, 34, 58, 32, 34, 114, 101, 115, 117, 108, 116, 34, 44, 10, 32, 32, 32, 32, 32, 32, 34, 114, 101, 102, 95, 105, 100, 34, 58, 32, 34, 114, 101, 115, 117, 108, 116, 58, 108, 111, 97, 100, 99, 97, 115, 101, 58, 108, 111, 97, 100, 45, 76, 45, 50, 48, 48, 58, 100, 105, 115, 112, 58, 110, 111, 100, 101, 45, 78, 45, 49, 49, 48, 58, 117, 122, 34, 10, 32, 32, 32, 32, 125, 44, 10, 32, 32, 32, 32, 123, 10, 32, 32, 32, 32, 32, 32, 34, 114, 101, 102, 95, 116, 121, 112, 101, 34, 58, 32, 34, 114, 101, 115, 117, 108, 116, 34, 44, 10, 32, 32, 32, 32, 32, 32, 34, 114, 101, 102, 95, 105, 100, 34, 58, 32, 34, 114, 101, 115, 117, 108, 116, 58, 108, 111, 97, 100, 99, 97, 115, 101, 58, 108, 111, 97, 100, 45, 76, 45, 50, 48, 48, 58, 100, 105, 115, 112, 58, 110, 111, 100, 101, 45, 78, 45, 49, 49, 48, 58, 114, 120, 34, 10, 32, 32, 32, 32, 125, 44, 10, 32, 32, 32, 32, 123, 10, 32, 32, 32, 32, 32, 32, 34, 114, 101, 102, 95, 116, 121, 112, 101, 34, 58, 32, 34, 114, 101, 115, 117, 108, 116, 34, 44, 10, 32, 32, 32, 32, 32, 32, 34, 114, 101, 102, 95, 105, 100, 34, 58, 32, 34, 114, 101, 115, 117, 108, 116, 58, 108, 111, 97, 100, 99, 97, 115, 101, 58, 108, 111, 97, 100, 45, 76, 45, 50, 48, 48, 58, 100, 105, 115, 112, 58, 110, 111, 100, 101, 45, 78, 45, 49, 49, 48, 58, 114, 121, 34, 10, 32, 32, 32, 32, 125, 44, 10, 32, 32, 32, 32, 123, 10, 32, 32, 32, 32, 32, 32, 34, 114, 101, 102, 95, 116, 121, 112, 101, 34, 58, 32, 34, 114, 101, 115, 117, 108, 116, 34, 44, 10, 32, 32, 32, 32, 32, 32, 34, 114, 101, 102, 95, 105, 100, 34, 58, 32, 34, 114, 101, 115, 117, 108, 116, 58, 108, 111, 97, 100, 99, 97, 115, 101, 58, 108, 111, 97, 100, 45, 76, 45, 50, 48, 48, 58, 100, 105, 115, 112, 58, 110, 111, 100, 101, 45, 78, 45, 49, 49, 48, 58, 114, 122, 34, 10, 32, 32, 32, 32, 125, 44, 10, 32, 32, 32, 32, 123, 10, 32, 32, 32, 32, 32, 32, 34, 114, 101, 102, 95, 116, 121, 112, 101, 34, 58, 32, 34, 114, 101, 115, 117, 108, 116, 34, 44, 10, 32, 32, 32, 32, 32, 32, 34, 114, 101, 102, 95, 105, 100, 34, 58, 32, 34, 114, 101, 115, 117, 108, 116, 58, 108, 111, 97, 100, 99, 97, 115, 101, 58, 108, 111, 97, 100, 45, 76, 45, 50, 48, 48, 58, 100, 105, 115, 112, 58, 110, 111, 100, 101, 45, 78, 45, 49, 50, 48, 58, 117, 120, 34, 10, 32, 32, 32, 32, 125, 44, 10, 32, 32, 32, 32, 123, 10, 32, 32, 32, 32, 32, 32, 34, 114, 101, 102, 95, 116, 121, 112, 101, 34, 58, 32, 34, 114, 101, 115, 117, 108, 116, 34, 44, 10, 32, 32, 32, 32, 32, 32, 34, 114, 101, 102, 95, 105, 100, 34, 58, 32, 34, 114, 101, 115, 117, 108, 116, 58, 108, 111, 97, 100, 99, 97, 115, 101, 58, 108, 111, 97, 100, 45, 76, 45, 50, 48, 48, 58, 100, 105, 115, 112, 58, 110, 111, 100, 101, 45, 78, 45, 49, 50, 48, 58, 117, 121, 34, 10, 32, 32, 32, 32, 125, 44, 10, 32, 32, 32, 32, 123, 10, 32, 32, 32, 32, 32, 32, 34, 114, 101, 102, 95, 116, 121, 112, 101, 34, 58, 32, 34, 114, 101, 115, 117, 108, 116, 34, 44, 10, 32, 32, 32, 32, 32, 32, 34, 114, 101, 102, 95, 105, 100, 34, 58, 32, 34, 114, 101, 115, 117, 108, 116, 58, 108, 111, 97, 100, 99, 97, 115, 101, 58, 108, 111, 97, 100, 45, 76, 45, 50, 48, 48, 58, 100, 105, 115, 112, 58, 110, 111, 100, 101, 45, 78, 45, 49, 50, 48, 58, 117, 122, 34, 10, 32, 32, 32, 32, 125, 44, 10, 32, 32, 32, 32, 123, 10, 32, 32, 32, 32, 32, 32, 34, 114, 101, 102, 95, 116, 121, 112, 101, 34, 58, 32, 34, 114, 101, 115, 117, 108, 116, 34, 44, 10, 32, 32, 32, 32, 32, 32, 34, 114, 101, 102, 95, 105, 100, 34, 58, 32, 34, 114, 101, 115, 117, 108, 116, 58, 108, 111, 97, 100, 99, 97, 115, 101, 58, 108, 111, 97, 100, 45, 76, 45, 50, 48, 48, 58, 100, 105, 115, 112, 58, 110, 111, 100, 101, 45, 78, 45, 49, 50, 48, 58, 114, 120, 34, 10, 32, 32, 32, 32, 125, 44, 10, 32, 32, 32, 32, 123, 10, 32, 32, 32, 32, 32, 32, 34, 114, 101, 102, 95, 116, 121, 112, 101, 34, 58, 32, 34, 114, 101, 115, 117, 108, 116, 34, 44, 10, 32, 32, 32, 32, 32, 32, 34, 114, 101, 102, 95, 105, 100, 34, 58, 32, 34, 114, 101, 115, 117, 108, 116, 58, 108, 111, 97, 100, 99, 97, 115, 101, 58, 108, 111, 97, 100, 45, 76, 45, 50, 48, 48, 58, 100, 105, 115, 112, 58, 110, 111, 100, 101, 45, 78, 45, 49, 50, 48, 58, 114, 121, 34, 10, 32, 32, 32, 32, 125, 44, 10, 32, 32, 32, 32, 123, 10, 32, 32, 32, 32, 32, 32, 34, 114, 101, 102, 95, 116, 121, 112, 101, 34, 58, 32, 34, 114, 101, 115, 117, 108, 116, 34, 44, 10, 32, 32, 32, 32, 32, 32, 34, 114, 101, 102, 95, 105, 100, 34, 58, 32, 34, 114, 101, 115, 117, 108, 116, 58, 108, 111, 97, 100, 99, 97, 115, 101, 58, 108, 111, 97, 100, 45, 76, 45, 50, 48, 48, 58, 100, 105, 115, 112, 58, 110, 111, 100, 101, 45, 78, 45, 49, 50, 48, 58, 114, 122, 34, 10, 32, 32, 32, 32, 125, 44, 10, 32, 32, 32, 32, 123, 10, 32, 32, 32, 32, 32, 32, 34, 114, 101, 102, 95, 116, 121, 112, 101, 34, 58, 32, 34, 114, 101, 115, 117, 108, 116, 34, 44, 10, 32, 32, 32, 32, 32, 32, 34, 114, 101, 102, 95, 105, 100, 34, 58, 32, 34, 114, 101, 115, 117, 108, 116, 58, 108, 111, 97, 100, 99, 97, 115, 101, 58, 108, 111, 97, 100, 45, 76, 45, 50, 48, 48, 58, 100, 105, 115, 112, 58, 110, 111, 100, 101, 45, 78, 45, 49, 51, 48, 58, 117, 120, 34, 10, 32, 32, 32, 32, 125, 44, 10, 32, 32, 32, 32, 123, 10, 32, 32, 32, 32, 32, 32, 34, 114, 101, 102, 95, 116, 121, 112, 101, 34, 58, 32, 34, 114, 101, 115, 117, 108, 116, 34, 44, 10, 32, 32, 32, 32, 32, 32, 34, 114, 101, 102, 95, 105, 100, 34, 58, 32, 34, 114, 101, 115, 117, 108, 116, 58, 108, 111, 97, 100, 99, 97, 115, 101, 58, 108, 111, 97, 100, 45, 76, 45, 50, 48, 48, 58, 100, 105, 115, 112, 58, 110, 111, 100, 101, 45, 78, 45, 49, 51, 48, 58, 117, 121, 34, 10, 32, 32, 32, 32, 125, 44, 10, 32, 32, 32, 32, 123, 10, 32, 32, 32, 32, 32, 32, 34, 114, 101, 102, 95, 116, 121, 112, 101, 34, 58, 32, 34, 114, 101, 115, 117, 108, 116, 34, 44, 10, 32, 32, 32, 32, 32, 32, 34, 114, 101, 102, 95, 105, 100, 34, 58, 32, 34, 114, 101, 115, 117, 108, 116, 58, 108, 111, 97, 100, 99, 97, 115, 101, 58, 108, 111, 97, 100, 45, 76, 45, 50, 48, 48, 58, 100, 105, 115, 112, 58, 110, 111, 100, 101, 45, 78, 45, 49, 51, 48, 58, 117, 122, 34, 10, 32, 32, 32, 32, 125, 44, 10, 32, 32, 32, 32, 123, 10, 32, 32, 32, 32, 32, 32, 34, 114, 101, 102, 95, 116, 121, 112, 101, 34, 58, 32, 34, 114, 101, 115, 117, 108, 116, 34, 44, 10, 32, 32, 32, 32, 32, 32, 34, 114, 101, 102, 95, 105, 100, 34, 58, 32, 34, 114, 101, 115, 117, 108, 116, 58, 108, 111, 97, 100, 99, 97, 115, 101, 58, 108, 111, 97, 100, 45, 76, 45, 50, 48, 48, 58, 100, 105, 115, 112, 58, 110, 111, 100, 101, 45, 78, 45, 49, 51, 48, 58, 114, 120, 34, 10, 32, 32, 32, 32, 125, 44, 10, 32, 32, 32, 32, 123, 10, 32, 32, 32, 32, 32, 32, 34, 114, 101, 102, 95, 116, 121, 112, 101, 34, 58, 32, 34, 114, 101, 115, 117, 108, 116, 34, 44, 10, 32, 32, 32, 32, 32, 32, 34, 114, 101, 102, 95, 105, 100, 34, 58, 32, 34, 114, 101, 115, 117, 108, 116, 58, 108, 111, 97, 100, 99, 97, 115, 101, 58, 108, 111, 97, 100, 45, 76, 45, 50, 48, 48, 58, 100, 105, 115, 112, 58, 110, 111, 100, 101, 45, 78, 45, 49, 51, 48, 58, 114, 121, 34, 10, 32, 32, 32, 32, 125, 44, 10, 32, 32, 32, 32, 123, 10, 32, 32, 32, 32, 32, 32, 34, 114, 101, 102, 95, 116, 121, 112, 101, 34, 58, 32, 34, 114, 101, 115, 117, 108, 116, 34, 44, 10, 32, 32, 32, 32, 32, 32, 34, 114, 101, 102, 95, 105, 100, 34, 58, 32, 34, 114, 101, 115, 117, 108, 116, 58, 108, 111, 97, 100, 99, 97, 115, 101, 58, 108, 111, 97, 100, 45, 76, 45, 50, 48, 48, 58, 100, 105, 115, 112, 58, 110, 111, 100, 101, 45, 78, 45, 49, 51, 48, 58, 114, 122, 34, 10, 32, 32, 32, 32, 125, 44, 10, 32, 32, 32, 32, 123, 10, 32, 32, 32, 32, 32, 32, 34, 114, 101, 102, 95, 116, 121, 112, 101, 34, 58, 32, 34, 114, 101, 115, 117, 108, 116, 34, 44, 10, 32, 32, 32, 32, 32, 32, 34, 114, 101, 102, 95, 105, 100, 34, 58, 32, 34, 114, 101, 115, 117, 108, 116, 58, 108, 111, 97, 100, 99, 97, 115, 101, 58, 108, 111, 97, 100, 45, 76, 45, 50, 48, 48, 58, 100, 105, 115, 112, 58, 110, 111, 100, 101, 45, 78, 45, 49, 52, 48, 58, 117, 120, 34, 10, 32, 32, 32, 32, 125, 44, 10, 32, 32, 32, 32, 123, 10, 32, 32, 32, 32, 32, 32, 34, 114, 101, 102, 95, 116, 121, 112, 101, 34, 58, 32, 34, 114, 101, 115, 117, 108, 116, 34, 44, 10, 32, 32, 32, 32, 32, 32, 34, 114, 101, 102, 95, 105, 100, 34, 58, 32, 34, 114, 101, 115, 117, 108, 116, 58, 108, 111, 97, 100, 99, 97, 115, 101, 58, 108, 111, 97, 100, 45, 76, 45, 50, 48, 48, 58, 100, 105, 115, 112, 58, 110, 111, 100, 101, 45, 78, 45, 49, 52, 48, 58, 117, 121, 34, 10, 32, 32, 32, 32, 125, 44, 10, 32, 32, 32, 32, 123, 10, 32, 32, 32, 32, 32, 32, 34, 114, 101, 102, 95, 116, 121, 112, 101, 34, 58, 32, 34, 114, 101, 115, 117, 108, 116, 34, 44, 10, 32, 32, 32, 32, 32, 32, 34, 114, 101, 102, 95, 105, 100, 34, 58, 32, 34, 114, 101, 115, 117, 108, 116, 58, 108, 111, 97, 100, 99, 97, 115, 101, 58, 108, 111, 97, 100, 45, 76, 45, 50, 48, 48, 58, 100, 105, 115, 112, 58, 110, 111, 100, 101, 45, 78, 45, 49, 52, 48, 58, 117, 122, 34, 10, 32, 32, 32, 32, 125, 44, 10, 32, 32, 32, 32, 123, 10, 32, 32, 32, 32, 32, 32, 34, 114, 101, 102, 95, 116, 121, 112, 101, 34, 58, 32, 34, 114, 101, 115, 117, 108, 116, 34, 44, 10, 32, 32, 32, 32, 32, 32, 34, 114, 101, 102, 95, 105, 100, 34, 58, 32, 34, 114, 101, 115, 117, 108, 116, 58, 108, 111, 97, 100, 99, 97, 115, 101, 58, 108, 111, 97, 100, 45, 76, 45, 50, 48, 48, 58, 100, 105, 115, 112, 58, 110, 111, 100, 101, 45, 78, 45, 49, 52, 48, 58, 114, 120, 34, 10, 32, 32, 32, 32, 125, 44, 10, 32, 32, 32, 32, 123, 10, 32, 32, 32, 32, 32, 32, 34, 114, 101, 102, 95, 116, 121, 112, 101, 34, 58, 32, 34, 114, 101, 115, 117, 108, 116, 34, 44, 10, 32, 32, 32, 32, 32, 32, 34, 114, 101, 102, 95, 105, 100, 34, 58, 32, 34, 114, 101, 115, 117, 108, 116, 58, 108, 111, 97, 100, 99, 97, 115, 101, 58, 108, 111, 97, 100, 45, 76, 45, 50, 48, 48, 58, 100, 105, 115, 112, 58, 110, 111, 100, 101, 45, 78, 45, 49, 52, 48, 58, 114, 121, 34, 10, 32, 32, 32, 32, 125, 44, 10, 32, 32, 32, 32, 123, 10, 32, 32, 32, 32, 32, 32, 34, 114, 101, 102, 95, 116, 121, 112, 101, 34, 58, 32, 34, 114, 101, 115, 117, 108, 116, 34, 44, 10, 32, 32, 32, 32, 32, 32, 34, 114, 101, 102, 95, 105, 100, 34, 58, 32, 34, 114, 101, 115, 117, 108, 116, 58, 108, 111, 97, 100, 99, 97, 115, 101, 58, 108, 111, 97, 100, 45, 76, 45, 50, 48, 48, 58, 100, 105, 115, 112, 58, 110, 111, 100, 101, 45, 78, 45, 49, 52, 48, 58, 114, 122, 34, 10, 32, 32, 32, 32, 125, 44, 10, 32, 32, 32, 32, 123, 10, 32, 32, 32, 32, 32, 32, 34, 114, 101, 102, 95, 116, 121, 112, 101, 34, 58, 32, 34, 114, 101, 115, 117, 108, 116, 34, 44, 10, 32, 32, 32, 32, 32, 32, 34, 114, 101, 102, 95, 105, 100, 34, 58, 32, 34, 114, 101, 115, 117, 108, 116, 58, 108, 111, 97, 100, 99, 97, 115, 101, 58, 108, 111, 97, 100, 45, 76, 45, 50, 48, 48, 58, 114, 101, 97, 99, 116, 105, 111, 110, 58, 115, 117, 112, 112, 111, 114, 116, 45, 83, 45, 49, 48, 48, 34, 10, 32, 32, 32, 32, 125, 44, 10, 32, 32, 32, 32, 123, 10, 32, 32, 32, 32, 32, 32, 34, 114, 101, 102, 95, 116, 121, 112, 101, 34, 58, 32, 34, 114, 101, 115, 117, 108, 116, 34, 44, 10, 32, 32, 32, 32, 32, 32, 34, 114, 101, 102, 95, 105, 100, 34, 58, 32, 34, 114, 101, 115, 117, 108, 116, 58, 108, 111, 97, 100, 99, 97, 115, 101, 58, 108, 111, 97, 100, 45, 76, 45, 50, 48, 48, 58, 114, 101, 97, 99, 116, 105, 111, 110, 58, 115, 117, 112, 112, 111, 114, 116, 45, 83, 45, 49, 50, 48, 34, 10, 32, 32, 32, 32, 125, 44, 10, 32, 32, 32, 32, 123, 10, 32, 32, 32, 32, 32, 32, 34, 114, 101, 102, 95, 116, 121, 112, 101, 34, 58, 32, 34, 114, 101, 115, 117, 108, 116, 34, 44, 10, 32, 32, 32, 32, 32, 32, 34, 114, 101, 102, 95, 105, 100, 34, 58, 32, 34, 114, 101, 115, 117, 108, 116, 58, 108, 111, 97, 100, 99, 97, 115, 101, 58, 108, 111, 97, 100, 45, 76, 45, 50, 48, 48, 58, 114, 101, 97, 99, 116, 105, 111, 110, 58, 115, 117, 112, 112, 111, 114, 116, 45, 83, 45, 49, 51, 48, 34, 10, 32, 32, 32, 32, 125, 44, 10, 32, 32, 32, 32, 123, 10, 32, 32, 32, 32, 32, 32, 34, 114, 101, 102, 95, 116, 121, 112, 101, 34, 58, 32, 34, 114, 101, 115, 117, 108, 116, 34, 44, 10, 32, 32, 32, 32, 32, 32, 34, 114, 101, 102, 95, 105, 100, 34, 58, 32, 34, 114, 101, 115, 117, 108, 116, 58, 108, 111, 97, 100, 99, 97, 115, 101, 58, 108, 111, 97, 100, 45, 76, 45, 50, 48, 48, 58, 114, 101, 97, 99, 116, 105, 111, 110, 58, 115, 117, 112, 112, 111, 114, 116, 45, 83, 72, 45, 49, 52, 48, 34, 10, 32, 32, 32, 32, 125, 44, 10, 32, 32, 32, 32, 123, 10, 32, 32, 32, 32, 32, 32, 34, 114, 101, 102, 95, 116, 121, 112, 101, 34, 58, 32, 34, 114, 101, 115, 117, 108, 116, 34, 44, 10, 32, 32, 32, 32, 32, 32, 34, 114, 101, 102, 95, 105, 100, 34, 58, 32, 34, 114, 101, 115, 117, 108, 116, 58, 108, 111, 97, 100, 99, 97, 115, 101, 58, 108, 111, 97, 100, 45, 76, 45, 50, 48, 48, 58, 114, 101, 97, 99, 116, 105, 111, 110, 58, 115, 117, 112, 112, 111, 114, 116, 45, 67, 69, 45, 49, 50, 48, 34, 10, 32, 32, 32, 32, 125, 44, 10, 32, 32, 32, 32, 123, 10, 32, 32, 32, 32, 32, 32, 34, 114, 101, 102, 95, 116, 121, 112, 101, 34, 58, 32, 34, 114, 101, 115, 117, 108, 116, 34, 44, 10, 32, 32, 32, 32, 32, 32, 34, 114, 101, 102, 95, 105, 100, 34, 58, 32, 34, 114, 101, 115, 117, 108, 116, 58, 108, 111, 97, 100, 99, 97, 115, 101, 58, 108, 111, 97, 100, 45, 76, 45, 50, 48, 48, 58, 102, 111, 114, 99, 101, 58, 112, 105, 112, 101, 45, 80, 45, 49, 48, 48, 58, 97, 120, 105, 97, 108, 34, 10, 32, 32, 32, 32, 125, 44, 10, 32, 32, 32, 32, 123, 10, 32, 32, 32, 32, 32, 32, 34, 114, 101, 102, 95, 116, 121, 112, 101, 34, 58, 32, 34, 114, 101, 115, 117, 108, 116, 34, 44, 10, 32, 32, 32, 32, 32, 32, 34, 114, 101, 102, 95, 105, 100, 34, 58, 32, 34, 114, 101, 115, 117, 108, 116, 58, 108, 111, 97, 100, 99, 97, 115, 101, 58, 108, 111, 97, 100, 45, 76, 45, 50, 48, 48, 58, 102, 111, 114, 99, 101, 58, 112, 105, 112, 101, 45, 80, 45, 49, 48, 48, 58, 97, 120, 105, 97, 108, 58, 101, 110, 100, 45, 106, 34, 10, 32, 32, 32, 32, 125, 44, 10, 32, 32, 32, 32, 123, 10, 32, 32, 32, 32, 32, 32, 34, 114, 101, 102, 95, 116, 121, 112, 101, 34, 58, 32, 34, 114, 101, 115, 117, 108, 116, 34, 44, 10, 32, 32, 32, 32, 32, 32, 34, 114, 101, 102, 95, 105, 100, 34, 58, 32, 34, 114, 101, 115, 117, 108, 116, 58, 108, 111, 97, 100, 99, 97, 115, 101, 58, 108, 111, 97, 100, 45, 76, 45, 50, 48, 48, 58, 102, 111, 114, 99, 101, 58, 112, 105, 112, 101, 45, 80, 45, 49, 48, 48, 58, 115, 104, 101, 97, 114, 45, 121, 34, 10, 32, 32, 32, 32, 125, 44, 10, 32, 32, 32, 32, 123, 10, 32, 32, 32, 32, 32, 32, 34, 114, 101, 102, 95, 116, 121, 112, 101, 34, 58, 32, 34, 114, 101, 115, 117, 108, 116, 34, 44, 10, 32, 32, 32, 32, 32, 32, 34, 114, 101, 102, 95, 105, 100, 34, 58, 32, 34, 114, 101, 115, 117, 108, 116, 58, 108, 111, 97, 100, 99, 97, 115, 101, 58, 108, 111, 97, 100, 45, 76, 45, 50, 48, 48, 58, 102, 111, 114, 99, 101, 58, 112, 105, 112, 101, 45, 80, 45, 49, 48, 48, 58, 115, 104, 101, 97, 114, 45, 121, 58, 101, 110, 100, 45, 106, 34, 10, 32, 32, 32, 32, 125, 44, 10, 32, 32, 32, 32, 123, 10, 32, 32, 32, 32, 32, 32, 34, 114, 101, 102, 95, 116, 121, 112, 101, 34, 58, 32, 34, 114, 101, 115, 117, 108, 116, 34, 44, 10, 32, 32, 32, 32, 32, 32, 34, 114, 101, 102, 95, 105, 100, 34, 58, 32, 34, 114, 101, 115, 117, 108, 116, 58, 108, 111, 97, 100, 99, 97, 115, 101, 58, 108, 111, 97, 100, 45, 76, 45, 50, 48, 48, 58, 102, 111, 114, 99, 101, 58, 112, 105, 112, 101, 45, 80, 45, 49, 48, 48, 58, 115, 104, 101, 97, 114, 45, 122, 34, 10, 32, 32, 32, 32, 125, 44, 10, 32, 32, 32, 32, 123, 10, 32, 32, 32, 32, 32, 32, 34, 114, 101, 102, 95, 116, 121, 112, 101, 34, 58, 32, 34, 114, 101, 115, 117, 108, 116, 34, 44, 10, 32, 32, 32, 32, 32, 32, 34, 114, 101, 102, 95, 105, 100, 34, 58, 32, 34, 114, 101, 115, 117, 108, 116, 58, 108, 111, 97, 100, 99, 97, 115, 101, 58, 108, 111, 97, 100, 45, 76, 45, 50, 48, 48, 58, 102, 111, 114, 99, 101, 58, 112, 105, 112, 101, 45, 80, 45, 49, 48, 48, 58, 115, 104, 101, 97, 114, 45, 122, 58, 101, 110, 100, 45, 106, 34, 10, 32, 32, 32, 32, 125, 44, 10, 32, 32, 32, 32, 123, 10, 32, 32, 32, 32, 32, 32, 34, 114, 101, 102, 95, 116, 121, 112, 101, 34, 58, 32, 34, 114, 101, 115, 117, 108, 116, 34, 44, 10, 32, 32, 32, 32, 32, 32, 34, 114, 101, 102, 95, 105, 100, 34, 58, 32, 34, 114, 101, 115, 117, 108, 116, 58, 108, 111, 97, 100, 99, 97, 115, 101, 58, 108, 111, 97, 100, 45, 76, 45, 50, 48, 48, 58, 109, 111, 109, 101, 110, 116, 58, 112, 105, 112, 101, 45, 80, 45, 49, 48, 48, 58, 116, 111, 114, 115, 105, 111, 110, 34, 10, 32, 32, 32, 32, 125, 44, 10, 32, 32, 32, 32, 123, 10, 32, 32, 32, 32, 32, 32, 34, 114, 101, 102, 95, 116, 121, 112, 101, 34, 58, 32, 34, 114, 101, 115, 117, 108, 116, 34, 44, 10, 32, 32, 32, 32, 32, 32, 34, 114, 101, 102, 95, 105, 100, 34, 58, 32, 34, 114, 101, 115, 117, 108, 116, 58, 108, 111, 97, 100, 99, 97, 115, 101, 58, 108, 111, 97, 100, 45, 76, 45, 50, 48, 48, 58, 109, 111, 109, 101, 110, 116, 58, 112, 105, 112, 101, 45, 80, 45, 49, 48, 48, 58, 116, 111, 114, 115, 105, 111, 110, 58, 101, 110, 100, 45, 106, 34, 10, 32, 32, 32, 32, 125, 44, 10, 32, 32, 32, 32, 123, 10, 32, 32, 32, 32, 32, 32, 34, 114, 101, 102, 95, 116, 121, 112, 101, 34, 58, 32, 34, 114, 101, 115, 117, 108, 116, 34, 44, 10, 32, 32, 32, 32, 32, 32, 34, 114, 101, 102, 95, 105, 100, 34, 58, 32, 34, 114, 101, 115, 117, 108, 116, 58, 108, 111, 97, 100, 99, 97, 115, 101, 58, 108, 111, 97, 100, 45, 76, 45, 50, 48, 48, 58, 109, 111, 109, 101, 110, 116, 58, 112, 105, 112, 101, 45, 80, 45, 49, 48, 48, 58, 98, 101, 110, 100, 105, 110, 103, 45, 121, 34, 10, 32, 32, 32, 32, 125, 44, 10, 32, 32, 32, 32, 123, 10, 32, 32, 32, 32, 32, 32, 34, 114, 101, 102, 95, 116, 121, 112, 101, 34, 58, 32, 34, 114, 101, 115, 117, 108, 116, 34, 44, 10, 32, 32, 32, 32, 32, 32, 34, 114, 101, 102, 95, 105, 100, 34, 58, 32, 34, 114, 101, 115, 117, 108, 116, 58, 108, 111, 97, 100, 99, 97, 115, 101, 58, 108, 111, 97, 100, 45, 76, 45, 50, 48, 48, 58, 109, 111, 109, 101, 110, 116, 58, 112, 105, 112, 101, 45, 80, 45, 49, 48, 48, 58, 98, 101, 110, 100, 105, 110, 103, 45, 121, 58, 101, 110, 100, 45, 106, 34, 10, 32, 32, 32, 32, 125, 44, 10, 32, 32, 32, 32, 123, 10, 32, 32, 32, 32, 32, 32, 34, 114, 101, 102, 95, 116, 121, 112, 101, 34, 58, 32, 34, 114, 101, 115, 117, 108, 116, 34, 44, 10, 32, 32, 32, 32, 32, 32, 34, 114, 101, 102, 95, 105, 100, 34, 58, 32, 34, 114, 101, 115, 117, 108, 116, 58, 108, 111, 97, 100, 99, 97, 115, 101, 58, 108, 111, 97, 100, 45, 76, 45, 50, 48, 48, 58, 109, 111, 109, 101, 110, 116, 58, 112, 105, 112, 101, 45, 80, 45, 49, 48, 48, 58, 98, 101, 110, 100, 105, 110, 103, 45, 122, 34, 10, 32, 32, 32, 32, 125, 44, 10, 32, 32, 32, 32, 123, 10, 32, 32, 32, 32, 32, 32, 34, 114, 101, 102, 95, 116, 121, 112, 101, 34, 58, 32, 34, 114, 101, 115, 117, 108, 116, 34, 44, 10, 32, 32, 32, 32, 32, 32, 34, 114, 101, 102, 95, 105, 100, 34, 58, 32, 34, 114, 101, 115, 117, 108, 116, 58, 108, 111, 97, 100, 99, 97, 115, 101, 58, 108, 111, 97, 100, 45, 76, 45, 50, 48, 48, 58, 109, 111, 109, 101, 110, 116, 58, 112, 105, 112, 101, 45, 80, 45, 49, 48, 48, 58, 98, 101, 110, 100, 105, 110, 103, 45, 122, 58, 101, 110, 100, 45, 106, 34, 10, 32, 32, 32, 32, 125, 44, 10, 32, 32, 32, 32, 123, 10, 32, 32, 32, 32, 32, 32, 34, 114, 101, 102, 95, 116, 121, 112, 101, 34, 58, 32, 34, 114, 101, 115, 117, 108, 116, 34, 44, 10, 32, 32, 32, 32, 32, 32, 34, 114, 101, 102, 95, 105, 100, 34, 58, 32, 34, 114, 101, 115, 117, 108, 116, 58, 108, 111, 97, 100, 99, 97, 115, 101, 58, 108, 111, 97, 100, 45, 76, 45, 50, 48, 48, 58, 102, 111, 114, 99, 101, 58, 112, 105, 112, 101, 45, 80, 45, 49, 48, 48, 58, 113, 117, 97, 114, 116, 101, 114, 45, 49, 58, 97, 120, 105, 97, 108, 34, 10, 32, 32, 32, 32, 125, 44, 10, 32, 32, 32, 32, 123, 10, 32, 32, 32, 32, 32, 32, 34, 114, 101, 102, 95, 116, 121, 112, 101, 34, 58, 32, 34, 114, 101, 115, 117, 108, 116, 34, 44, 10, 32, 32, 32, 32, 32, 32, 34, 114, 101, 102, 95, 105, 100, 34, 58, 32, 34, 114, 101, 115, 117, 108, 116, 58, 108, 111, 97, 100, 99, 97, 115, 101, 58, 108, 111, 97, 100, 45, 76, 45, 50, 48, 48, 58, 102, 111, 114, 99, 101, 58, 112, 105, 112, 101, 45, 80, 45, 49, 48, 48, 58, 113, 117, 97, 114, 116, 101, 114, 45, 49, 58, 115, 104, 101, 97, 114, 45, 121, 34, 10, 32, 32, 32, 32, 125, 44, 10, 32, 32, 32, 32, 123, 10, 32, 32, 32, 32, 32, 32, 34, 114, 101, 102, 95, 116, 121, 112, 101, 34, 58, 32, 34, 114, 101, 115, 117, 108, 116, 34, 44, 10, 32, 32, 32, 32, 32, 32, 34, 114, 101, 102, 95, 105, 100, 34, 58, 32, 34, 114, 101, 115, 117, 108, 116, 58, 108, 111, 97, 100, 99, 97, 115, 101, 58, 108, 111, 97, 100, 45, 76, 45, 50, 48, 48, 58, 102, 111, 114, 99, 101, 58, 112, 105, 112, 101, 45, 80, 45, 49, 48, 48, 58, 113, 117, 97, 114, 116, 101, 114, 45, 49, 58, 115, 104, 101, 97, 114, 45, 122, 34, 10, 32, 32, 32, 32, 125, 44, 10, 32, 32, 32, 32, 123, 10, 32, 32, 32, 32, 32, 32, 34, 114, 101, 102, 95, 116, 121, 112, 101, 34, 58, 32, 34, 114, 101, 115, 117, 108, 116, 34, 44, 10, 32, 32, 32, 32, 32, 32, 34, 114, 101, 102, 95, 105, 100, 34, 58, 32, 34, 114, 101, 115, 117, 108, 116, 58, 108, 111, 97, 100, 99, 97, 115, 101, 58, 108, 111, 97, 100, 45, 76, 45, 50, 48, 48, 58, 109, 111, 109, 101, 110, 116, 58, 112, 105, 112, 101, 45, 80, 45, 49, 48, 48, 58, 113, 117, 97, 114, 116, 101, 114, 45, 49, 58, 116, 111, 114, 115, 105, 111, 110, 34, 10, 32, 32, 32, 32, 125, 44, 10, 32, 32, 32, 32, 123, 10, 32, 32, 32, 32, 32, 32, 34, 114, 101, 102, 95, 116, 121, 112, 101, 34, 58, 32, 34, 114, 101, 115, 117, 108, 116, 34, 44, 10, 32, 32, 32, 32, 32, 32, 34, 114, 101, 102, 95, 105, 100, 34, 58, 32, 34, 114, 101, 115, 117, 108, 116, 58, 108, 111, 97, 100, 99, 97, 115, 101, 58, 108, 111, 97, 100, 45, 76, 45, 50, 48, 48, 58, 109, 111, 109, 101, 110, 116, 58, 112, 105, 112, 101, 45, 80, 45, 49, 48, 48, 58, 113, 117, 97, 114, 116, 101, 114, 45, 49, 58, 98, 101, 110, 100, 105, 110, 103, 45, 121, 34, 10, 32, 32, 32, 32, 125, 44, 10, 32, 32, 32, 32, 123, 10, 32, 32, 32, 32, 32, 32, 34, 114, 101, 102, 95, 116, 121, 112, 101, 34, 58, 32, 34, 114, 101, 115, 117, 108, 116, 34, 44, 10, 32, 32, 32, 32, 32, 32, 34, 114, 101, 102, 95, 105, 100, 34, 58, 32, 34, 114, 101, 115, 117, 108, 116, 58, 108, 111, 97, 100, 99, 97, 115, 101, 58, 108, 111, 97, 100, 45, 76, 45, 50, 48, 48, 58, 109, 111, 109, 101, 110, 116, 58, 112, 105, 112, 101, 45, 80, 45, 49, 48, 48, 58, 113, 117, 97, 114, 116, 101, 114, 45, 49, 58, 98, 101, 110, 100, 105, 110, 103, 45, 122, 34, 10, 32, 32, 32, 32, 125, 44, 10, 32, 32, 32, 32, 123, 10, 32, 32, 32, 32, 32, 32, 34, 114, 101, 102, 95, 116, 121, 112, 101, 34, 58, 32, 34, 114, 101, 115, 117, 108, 116, 34, 44, 10, 32, 32, 32, 32, 32, 32, 34, 114, 101, 102, 95, 105, 100, 34, 58, 32, 34, 114, 101, 115, 117, 108, 116, 58, 108, 111, 97, 100, 99, 97, 115, 101, 58, 108, 111, 97, 100, 45, 76, 45, 50, 48, 48, 58, 102, 111, 114, 99, 101, 58, 112, 105, 112, 101, 45, 80, 45, 49, 48, 48, 58, 109, 105, 100, 115, 112, 97, 110, 58, 97, 120, 105, 97, 108, 34, 10, 32, 32, 32, 32, 125, 44, 10, 32, 32, 32, 32, 123, 10, 32, 32, 32, 32, 32, 32, 34, 114, 101, 102, 95, 116, 121, 112, 101, 34, 58, 32, 34, 114, 101, 115, 117, 108, 116, 34, 44, 10, 32, 32, 32, 32, 32, 32, 34, 114, 101, 102, 95, 105, 100, 34, 58, 32, 34, 114, 101, 115, 117, 108, 116, 58, 108, 111, 97, 100, 99, 97, 115, 101, 58, 108, 111, 97, 100, 45, 76, 45, 50, 48, 48, 58, 102, 111, 114, 99, 101, 58, 112, 105, 112, 101, 45, 80, 45, 49, 48, 48, 58, 109, 105, 100, 115, 112, 97, 110, 58, 115, 104, 101, 97, 114, 45, 121, 34, 10, 32, 32, 32, 32, 125, 44, 10, 32, 32, 32, 32, 123, 10, 32, 32, 32, 32, 32, 32, 34, 114, 101, 102, 95, 116, 121, 112, 101, 34, 58, 32, 34, 114, 101, 115, 117, 108, 116, 34, 44, 10, 32, 32, 32, 32, 32, 32, 34, 114, 101, 102, 95, 105, 100, 34, 58, 32, 34, 114, 101, 115, 117, 108, 116, 58, 108, 111, 97, 100, 99, 97, 115, 101, 58, 108, 111, 97, 100, 45, 76, 45, 50, 48, 48, 58, 102, 111, 114, 99, 101, 58, 112, 105, 112, 101, 45, 80, 45, 49, 48, 48, 58, 109, 105, 100, 115, 112, 97, 110, 58, 115, 104, 101, 97, 114, 45, 122, 34, 10, 32, 32, 32, 32, 125, 44, 10, 32, 32, 32, 32, 123, 10, 32, 32, 32, 32, 32, 32, 34, 114, 101, 102, 95, 116, 121, 112, 101, 34, 58, 32, 34, 114, 101, 115, 117, 108, 116, 34, 44, 10, 32, 32, 32, 32, 32, 32, 34, 114, 101, 102, 95, 105, 100, 34, 58, 32, 34, 114, 101, 115, 117, 108, 116, 58, 108, 111, 97, 100, 99, 97, 115, 101, 58, 108, 111, 97, 100, 45, 76, 45, 50, 48, 48, 58, 109, 111, 109, 101, 110, 116, 58, 112, 105, 112, 101, 45, 80, 45, 49, 48, 48, 58, 109, 105, 100, 115, 112, 97, 110, 58, 116, 111, 114, 115, 105, 111, 110, 34, 10, 32, 32, 32, 32, 125, 44, 10, 32, 32, 32, 32, 123, 10, 32, 32, 32, 32, 32, 32, 34, 114, 101, 102, 95, 116, 121, 112, 101, 34, 58, 32, 34, 114, 101, 115, 117, 108, 116, 34, 44, 10, 32, 32, 32, 32, 32, 32, 34, 114, 101, 102, 95, 105, 100, 34, 58, 32, 34, 114, 101, 115, 117, 108, 116, 58, 108, 111, 97, 100, 99, 97, 115, 101, 58, 108, 111, 97, 100, 45, 76, 45, 50, 48, 48, 58, 109, 111, 109, 101, 110, 116, 58, 112, 105, 112, 101, 45, 80, 45, 49, 48, 48, 58, 109, 105, 100, 115, 112, 97, 110, 58, 98, 101, 110, 100, 105, 110, 103, 45, 121, 34, 10, 32, 32, 32, 32, 125, 44, 10, 32, 32, 32, 32, 123, 10, 32, 32, 32, 32, 32, 32, 34, 114, 101, 102, 95, 116, 121, 112, 101, 34, 58, 32, 34, 114, 101, 115, 117, 108, 116, 34, 44, 10, 32, 32, 32, 32, 32, 32, 34, 114, 101, 102, 95, 105, 100, 34, 58, 32, 34, 114, 101, 115, 117, 108, 116, 58, 108, 111, 97, 100, 99, 97, 115, 101, 58, 108, 111, 97, 100, 45, 76, 45, 50, 48, 48, 58, 109, 111, 109, 101, 110, 116, 58, 112, 105, 112, 101, 45, 80, 45, 49, 48, 48, 58, 109, 105, 100, 115, 112, 97, 110, 58, 98, 101, 110, 100, 105, 110, 103, 45, 122, 34, 10, 32, 32, 32, 32, 125, 44, 10, 32, 32, 32, 32, 123, 10, 32, 32, 32, 32, 32, 32, 34, 114, 101, 102, 95, 116, 121, 112, 101, 34, 58, 32, 34, 114, 101, 115, 117, 108, 116, 34, 44, 10, 32, 32, 32, 32, 32, 32, 34, 114, 101, 102, 95, 105, 100, 34, 58, 32, 34, 114, 101, 115, 117, 108, 116, 58, 108, 111, 97, 100, 99, 97, 115, 101, 58, 108, 111, 97, 100, 45, 76, 45, 50, 48, 48, 58, 102, 111, 114, 99, 101, 58, 112, 105, 112, 101, 45, 80, 45, 49, 48, 48, 58, 113, 117, 97, 114, 116, 101, 114, 45, 51, 58, 97, 120, 105, 97, 108, 34, 10, 32, 32, 32, 32, 125, 44, 10, 32, 32, 32, 32, 123, 10, 32, 32, 32, 32, 32, 32, 34, 114, 101, 102, 95, 116, 121, 112, 101, 34, 58, 32, 34, 114, 101, 115, 117, 108, 116, 34, 44, 10, 32, 32, 32, 32, 32, 32, 34, 114, 101, 102, 95, 105, 100, 34, 58, 32, 34, 114, 101, 115, 117, 108, 116, 58, 108, 111, 97, 100, 99, 97, 115, 101, 58, 108, 111, 97, 100, 45, 76, 45, 50, 48, 48, 58, 102, 111, 114, 99, 101, 58, 112, 105, 112, 101, 45, 80, 45, 49, 48, 48, 58, 113, 117, 97, 114, 116, 101, 114, 45, 51, 58, 115, 104, 101, 97, 114, 45, 121, 34, 10, 32, 32, 32, 32, 125, 44, 10, 32, 32, 32, 32, 123, 10, 32, 32, 32, 32, 32, 32, 34, 114, 101, 102, 95, 116, 121, 112, 101, 34, 58, 32, 34, 114, 101, 115, 117, 108, 116, 34, 44, 10, 32, 32, 32, 32, 32, 32, 34, 114, 101, 102, 95, 105, 100, 34, 58, 32, 34, 114, 101, 115, 117, 108, 116, 58, 108, 111, 97, 100, 99, 97, 115, 101, 58, 108, 111, 97, 100, 45, 76, 45, 50, 48, 48, 58, 102, 111, 114, 99, 101, 58, 112, 105, 112, 101, 45, 80, 45, 49, 48, 48, 58, 113, 117, 97, 114, 116, 101, 114, 45, 51, 58, 115, 104, 101, 97, 114, 45, 122, 34, 10, 32, 32, 32, 32, 125, 44, 10, 32, 32, 32, 32, 123, 10, 32, 32, 32, 32, 32, 32, 34, 114, 101, 102, 95, 116, 121, 112, 101, 34, 58, 32, 34, 114, 101, 115, 117, 108, 116, 34, 44, 10, 32, 32, 32, 32, 32, 32, 34, 114, 101, 102, 95, 105, 100, 34, 58, 32, 34, 114, 101, 115, 117, 108, 116, 58, 108, 111, 97, 100, 99, 97, 115, 101, 58, 108, 111, 97, 100, 45, 76, 45, 50, 48, 48, 58, 109, 111, 109, 101, 110, 116, 58, 112, 105, 112, 101, 45, 80, 45, 49, 48, 48, 58, 113, 117, 97, 114, 116, 101, 114, 45, 51, 58, 116, 111, 114, 115, 105, 111, 110, 34, 10, 32, 32, 32, 32, 125, 44, 10, 32, 32, 32, 32, 123, 10, 32, 32, 32, 32, 32, 32, 34, 114, 101, 102, 95, 116, 121, 112, 101, 34, 58, 32, 34, 114, 101, 115, 117, 108, 116, 34, 44, 10, 32, 32, 32, 32, 32, 32, 34, 114, 101, 102, 95, 105, 100, 34, 58, 32, 34, 114, 101, 115, 117, 108, 116, 58, 108, 111, 97, 100, 99, 97, 115, 101, 58, 108, 111, 97, 100, 45, 76, 45, 50, 48, 48, 58, 109, 111, 109, 101, 110, 116, 58, 112, 105, 112, 101, 45, 80, 45, 49, 48, 48, 58, 113, 117, 97, 114, 116, 101, 114, 45, 51, 58, 98, 101, 110, 100, 105, 110, 103, 45, 121, 34, 10, 32, 32, 32, 32, 125, 44, 10, 32, 32, 32, 32, 123, 10, 32, 32, 32, 32, 32, 32, 34, 114, 101, 102, 95, 116, 121, 112, 101, 34, 58, 32, 34, 114, 101, 115, 117, 108, 116, 34, 44, 10, 32, 32, 32, 32, 32, 32, 34, 114, 101, 102, 95, 105, 100, 34, 58, 32, 34, 114, 101, 115, 117, 108, 116, 58, 108, 111, 97, 100, 99, 97, 115, 101, 58, 108, 111, 97, 100, 45, 76, 45, 50, 48, 48, 58, 109, 111, 109, 101, 110, 116, 58, 112, 105, 112, 101, 45, 80, 45, 49, 48, 48, 58, 113, 117, 97, 114, 116, 101, 114, 45, 51, 58, 98, 101, 110, 100, 105, 110, 103, 45, 122, 34, 10, 32, 32, 32, 32, 125, 44, 10, 32, 32, 32, 32, 123, 10, 32, 32, 32, 32, 32, 32, 34, 114, 101, 102, 95, 116, 121, 112, 101, 34, 58, 32, 34, 114, 101, 115, 117, 108, 116, 34, 44, 10, 32, 32, 32, 32, 32, 32, 34, 114, 101, 102, 95, 105, 100, 34, 58, 32, 34, 114, 101, 115, 117, 108, 116, 58, 108, 111, 97, 100, 99, 97, 115, 101, 58, 108, 111, 97, 100, 45, 76, 45, 50, 48, 48, 58, 115, 116, 114, 101, 115, 115, 58, 112, 105, 112, 101, 45, 80, 45, 49, 48, 48, 58, 101, 110, 100, 45, 105, 58, 97, 120, 105, 97, 108, 45, 110, 111, 114, 109, 97, 108, 34, 10, 32, 32, 32, 32, 125, 44, 10, 32, 32, 32, 32, 123, 10, 32, 32, 32, 32, 32, 32, 34, 114, 101, 102, 95, 116, 121, 112, 101, 34, 58, 32, 34, 114, 101, 115, 117, 108, 116, 34, 44, 10, 32, 32, 32, 32, 32, 32, 34, 114, 101, 102, 95, 105, 100, 34, 58, 32, 34, 114, 101, 115, 117, 108, 116, 58, 108, 111, 97, 100, 99, 97, 115, 101, 58, 108, 111, 97, 100, 45, 76, 45, 50, 48, 48, 58, 115, 116, 114, 101, 115, 115, 58, 112, 105, 112, 101, 45, 80, 45, 49, 48, 48, 58, 101, 110, 100, 45, 105, 58, 98, 101, 110, 100, 105, 110, 103, 45, 110, 111, 114, 109, 97, 108, 45, 121, 34, 10, 32, 32, 32, 32, 125, 44, 10, 32, 32, 32, 32, 123, 10, 32, 32, 32, 32, 32, 32, 34, 114, 101, 102, 95, 116, 121, 112, 101, 34, 58, 32, 34, 114, 101, 115, 117, 108, 116, 34, 44, 10, 32, 32, 32, 32, 32, 32, 34, 114, 101, 102, 95, 105, 100, 34, 58, 32, 34, 114, 101, 115, 117, 108, 116, 58, 108, 111, 97, 100, 99, 97, 115, 101, 58, 108, 111, 97, 100, 45, 76, 45, 50, 48, 48, 58, 115, 116, 114, 101, 115, 115, 58, 112, 105, 112, 101, 45, 80, 45, 49, 48, 48, 58, 101, 110, 100, 45, 105, 58, 98, 101, 110, 100, 105, 110, 103, 45, 110, 111, 114, 109, 97, 108, 45, 122, 34, 10, 32, 32, 32, 32, 125, 44, 10, 32, 32, 32, 32, 123, 10, 32, 32, 32, 32, 32, 32, 34, 114, 101, 102, 95, 116, 121, 112, 101, 34, 58, 32, 34, 114, 101, 115, 117, 108, 116, 34, 44, 10, 32, 32, 32, 32, 32, 32, 34, 114, 101, 102, 95, 105, 100, 34, 58, 32, 34, 114, 101, 115, 117, 108, 116, 58, 108, 111, 97, 100, 99, 97, 115, 101, 58, 108, 111, 97, 100, 45, 76, 45, 50, 48, 48, 58, 115, 116, 114, 101, 115, 115, 58, 112, 105, 112, 101, 45, 80, 45, 49, 48, 48, 58, 101, 110, 100, 45, 105, 58, 116, 111, 114, 115, 105, 111, 110, 97, 108, 45, 115, 104, 101, 97, 114, 34, 10, 32, 32, 32, 32, 125, 44, 10, 32, 32, 32, 32, 123, 10, 32, 32, 32, 32, 32, 32, 34, 114, 101, 102, 95, 116, 121, 112, 101, 34, 58, 32, 34, 114, 101, 115, 117, 108, 116, 34, 44, 10, 32, 32, 32, 32, 32, 32, 34, 114, 101, 102, 95, 105, 100, 34, 58, 32, 34, 114, 101, 115, 117, 108, 116, 58, 108, 111, 97, 100, 99, 97, 115, 101, 58, 108, 111, 97, 100, 45, 76, 45, 50, 48, 48, 58, 115, 116, 114, 101, 115, 115, 58, 112, 105, 112, 101, 45, 80, 45, 49, 48, 48, 58, 101, 110, 100, 45, 106, 58, 97, 120, 105, 97, 108, 45, 110, 111, 114, 109, 97, 108, 34, 10, 32, 32, 32, 32, 125, 44, 10, 32, 32, 32, 32, 123, 10, 32, 32, 32, 32, 32, 32, 34, 114, 101, 102, 95, 116, 121, 112, 101, 34, 58, 32, 34, 114, 101, 115, 117, 108, 116, 34, 44, 10, 32, 32, 32, 32, 32, 32, 34, 114, 101, 102, 95, 105, 100, 34, 58, 32, 34, 114, 101, 115, 117, 108, 116, 58, 108, 111, 97, 100, 99, 97, 115, 101, 58, 108, 111, 97, 100, 45, 76, 45, 50, 48, 48, 58, 115, 116, 114, 101, 115, 115, 58, 112, 105, 112, 101, 45, 80, 45, 49, 48, 48, 58, 101, 110, 100, 45, 106, 58, 98, 101, 110, 100, 105, 110, 103, 45, 110, 111, 114, 109, 97, 108, 45, 121, 34, 10, 32, 32, 32, 32, 125, 44, 10, 32, 32, 32, 32, 123, 10, 32, 32, 32, 32, 32, 32, 34, 114, 101, 102, 95, 116, 121, 112, 101, 34, 58, 32, 34, 114, 101, 115, 117, 108, 116, 34, 44, 10, 32, 32, 32, 32, 32, 32, 34, 114, 101, 102, 95, 105, 100, 34, 58, 32, 34, 114, 101, 115, 117, 108, 116, 58, 108, 111, 97, 100, 99, 97, 115, 101, 58, 108, 111, 97, 100, 45, 76, 45, 50, 48, 48, 58, 115, 116, 114, 101, 115, 115, 58, 112, 105, 112, 101, 45, 80, 45, 49, 48, 48, 58, 101, 110, 100, 45, 106, 58, 98, 101, 110, 100, 105, 110, 103, 45, 110, 111, 114, 109, 97, 108, 45, 122, 34, 10, 32, 32, 32, 32, 125, 44, 10, 32, 32, 32, 32, 123, 10, 32, 32, 32, 32, 32, 32, 34, 114, 101, 102, 95, 116, 121, 112, 101, 34, 58, 32, 34, 114, 101, 115, 117, 108, 116, 34, 44, 10, 32, 32, 32, 32, 32, 32, 34, 114, 101, 102, 95, 105, 100, 34, 58, 32, 34, 114, 101, 115, 117, 108, 116, 58, 108, 111, 97, 100, 99, 97, 115, 101, 58, 108, 111, 97, 100, 45, 76, 45, 50, 48, 48, 58, 115, 116, 114, 101, 115, 115, 58, 112, 105, 112, 101, 45, 80, 45, 49, 48, 48, 58, 101, 110, 100, 45, 106, 58, 116, 111, 114, 115, 105, 111, 110, 97, 108, 45, 115, 104, 101, 97, 114, 34, 10, 32, 32, 32, 32, 125, 44, 10, 32, 32, 32, 32, 123, 10, 32, 32, 32, 32, 32, 32, 34, 114, 101, 102, 95, 116, 121, 112, 101, 34, 58, 32, 34, 114, 101, 115, 117, 108, 116, 34, 44, 10, 32, 32, 32, 32, 32, 32, 34, 114, 101, 102, 95, 105, 100, 34, 58, 32, 34, 114, 101, 115, 117, 108, 116, 58, 108, 111, 97, 100, 99, 97, 115, 101, 58, 108, 111, 97, 100, 45, 76, 45, 50, 48, 48, 58, 115, 116, 114, 101, 115, 115, 58, 112, 105, 112, 101, 45, 80, 45, 49, 48, 48, 58, 113, 117, 97, 114, 116, 101, 114, 45, 49, 58, 97, 120, 105, 97, 108, 45, 110, 111, 114, 109, 97, 108, 34, 10, 32, 32, 32, 32, 125, 44, 10, 32, 32, 32, 32, 123, 10, 32, 32, 32, 32, 32, 32, 34, 114, 101, 102, 95, 116, 121, 112, 101, 34, 58, 32, 34, 114, 101, 115, 117, 108, 116, 34, 44, 10, 32, 32, 32, 32, 32, 32, 34, 114, 101, 102, 95, 105, 100, 34, 58, 32, 34, 114, 101, 115, 117, 108, 116, 58, 108, 111, 97, 100, 99, 97, 115, 101, 58, 108, 111, 97, 100, 45, 76, 45, 50, 48, 48, 58, 115, 116, 114, 101, 115, 115, 58, 112, 105, 112, 101, 45, 80, 45, 49, 48, 48, 58, 113, 117, 97, 114, 116, 101, 114, 45, 49, 58, 98, 101, 110, 100, 105, 110, 103, 45, 110, 111, 114, 109, 97, 108, 45, 121, 34, 10, 32, 32, 32, 32, 125, 44, 10, 32, 32, 32, 32, 123, 10, 32, 32, 32, 32, 32, 32, 34, 114, 101, 102, 95, 116, 121, 112, 101, 34, 58, 32, 34, 114, 101, 115, 117, 108, 116, 34, 44, 10, 32, 32, 32, 32, 32, 32, 34, 114, 101, 102, 95, 105, 100, 34, 58, 32, 34, 114, 101, 115, 117, 108, 116, 58, 108, 111, 97, 100, 99, 97, 115, 101, 58, 108, 111, 97, 100, 45, 76, 45, 50, 48, 48, 58, 115, 116, 114, 101, 115, 115, 58, 112, 105, 112, 101, 45, 80, 45, 49, 48, 48, 58, 113, 117, 97, 114, 116, 101, 114, 45, 49, 58, 98, 101, 110, 100, 105, 110, 103, 45, 110, 111, 114, 109, 97, 108, 45, 122, 34, 10, 32, 32, 32, 32, 125, 44, 10, 32, 32, 32, 32, 123, 10, 32, 32, 32, 32, 32, 32, 34, 114, 101, 102, 95, 116, 121, 112, 101, 34, 58, 32, 34, 114, 101, 115, 117, 108, 116, 34, 44, 10, 32, 32, 32, 32, 32, 32, 34, 114, 101, 102, 95, 105, 100, 34, 58, 32, 34, 114, 101, 115, 117, 108, 116, 58, 108, 111, 97, 100, 99, 97, 115, 101, 58, 108, 111, 97, 100, 45, 76, 45, 50, 48, 48, 58, 115, 116, 114, 101, 115, 115, 58, 112, 105, 112, 101, 45, 80, 45, 49, 48, 48, 58, 113, 117, 97, 114, 116, 101, 114, 45, 49, 58, 116, 111, 114, 115, 105, 111, 110, 97, 108, 45, 115, 104, 101, 97, 114, 34, 10, 32, 32, 32, 32, 125, 44, 10, 32, 32, 32, 32, 123, 10, 32, 32, 32, 32, 32, 32, 34, 114, 101, 102, 95, 116, 121, 112, 101, 34, 58, 32, 34, 114, 101, 115, 117, 108, 116, 34, 44, 10, 32, 32, 32, 32, 32, 32, 34, 114, 101, 102, 95, 105, 100, 34, 58, 32, 34, 114, 101, 115, 117, 108, 116, 58, 108, 111, 97, 100, 99, 97, 115, 101, 58, 108, 111, 97, 100, 45, 76, 45, 50, 48, 48, 58, 115, 116, 114, 101, 115, 115, 58, 112, 105, 112, 101, 45, 80, 45, 49, 48, 48, 58, 109, 105, 100, 115, 112, 97, 110, 58, 97, 120, 105, 97, 108, 45, 110, 111, 114, 109, 97, 108, 34, 10, 32, 32, 32, 32, 125, 44, 10, 32, 32, 32, 32, 123, 10, 32, 32, 32, 32, 32, 32, 34, 114, 101, 102, 95, 116, 121, 112, 101, 34, 58, 32, 34, 114, 101, 115, 117, 108, 116, 34, 44, 10, 32, 32, 32, 32, 32, 32, 34, 114, 101, 102, 95, 105, 100, 34, 58, 32, 34, 114, 101, 115, 117, 108, 116, 58, 108, 111, 97, 100, 99, 97, 115, 101, 58, 108, 111, 97, 100, 45, 76, 45, 50, 48, 48, 58, 115, 116, 114, 101, 115, 115, 58, 112, 105, 112, 101, 45, 80, 45, 49, 48, 48, 58, 109, 105, 100, 115, 112, 97, 110, 58, 98, 101, 110, 100, 105, 110, 103, 45, 110, 111, 114, 109, 97, 108, 45, 121, 34, 10, 32, 32, 32, 32, 125, 44, 10, 32, 32, 32, 32, 123, 10, 32, 32, 32, 32, 32, 32, 34, 114, 101, 102, 95, 116, 121, 112, 101, 34, 58, 32, 34, 114, 101, 115, 117, 108, 116, 34, 44, 10, 32, 32, 32, 32, 32, 32, 34, 114, 101, 102, 95, 105, 100, 34, 58, 32, 34, 114, 101, 115, 117, 108, 116, 58, 108, 111, 97, 100, 99, 97, 115, 101, 58, 108, 111, 97, 100, 45, 76, 45, 50, 48, 48, 58, 115, 116, 114, 101, 115, 115, 58, 112, 105, 112, 101, 45, 80, 45, 49, 48, 48, 58, 109, 105, 100, 115, 112, 97, 110, 58, 98, 101, 110, 100, 105, 110, 103, 45, 110, 111, 114, 109, 97, 108, 45, 122, 34, 10, 32, 32, 32, 32, 125, 44, 10, 32, 32, 32, 32, 123, 10, 32, 32, 32, 32, 32, 32, 34, 114, 101, 102, 95, 116, 121, 112, 101, 34, 58, 32, 34, 114, 101, 115, 117, 108, 116, 34, 44, 10, 32, 32, 32, 32, 32, 32, 34, 114, 101, 102, 95, 105, 100, 34, 58, 32, 34, 114, 101, 115, 117, 108, 116, 58, 108, 111, 97, 100, 99, 97, 115, 101, 58, 108, 111, 97, 100, 45, 76, 45, 50, 48, 48, 58, 115, 116, 114, 101, 115, 115, 58, 112, 105, 112, 101, 45, 80, 45, 49, 48, 48, 58, 109, 105, 100, 115, 112, 97, 110, 58, 116, 111, 114, 115, 105, 111, 110, 97, 108, 45, 115, 104, 101, 97, 114, 34, 10, 32, 32, 32, 32, 125, 44, 10, 32, 32, 32, 32, 123, 10, 32, 32, 32, 32, 32, 32, 34, 114, 101, 102, 95, 116, 121, 112, 101, 34, 58, 32, 34, 114, 101, 115, 117, 108, 116, 34, 44, 10, 32, 32, 32, 32, 32, 32, 34, 114, 101, 102, 95, 105, 100, 34, 58, 32, 34, 114, 101, 115, 117, 108, 116, 58, 108, 111, 97, 100, 99, 97, 115, 101, 58, 108, 111, 97, 100, 45, 76, 45, 50, 48, 48, 58, 115, 116, 114, 101, 115, 115, 58, 112, 105, 112, 101, 45, 80, 45, 49, 48, 48, 58, 113, 117, 97, 114, 116, 101, 114, 45, 51, 58, 97, 120, 105, 97, 108, 45, 110, 111, 114, 109, 97, 108, 34, 10, 32, 32, 32, 32, 125, 44, 10, 32, 32, 32, 32, 123, 10, 32, 32, 32, 32, 32, 32, 34, 114, 101, 102, 95, 116, 121, 112, 101, 34, 58, 32, 34, 114, 101, 115, 117, 108, 116, 34, 44, 10, 32, 32, 32, 32, 32, 32, 34, 114, 101, 102, 95, 105, 100, 34, 58, 32, 34, 114, 101, 115, 117, 108, 116, 58, 108, 111, 97, 100, 99, 97, 115, 101, 58, 108, 111, 97, 100, 45, 76, 45, 50, 48, 48, 58, 115, 116, 114, 101, 115, 115, 58, 112, 105, 112, 101, 45, 80, 45, 49, 48, 48, 58, 113, 117, 97, 114, 116, 101, 114, 45, 51, 58, 98, 101, 110, 100, 105, 110, 103, 45, 110, 111, 114, 109, 97, 108, 45, 121, 34, 10, 32, 32, 32, 32, 125, 44, 10, 32, 32, 32, 32, 123, 10, 32, 32, 32, 32, 32, 32, 34, 114, 101, 102, 95, 116, 121, 112, 101, 34, 58, 32, 34, 114, 101, 115, 117, 108, 116, 34, 44, 10, 32, 32, 32, 32, 32, 32, 34, 114, 101, 102, 95, 105, 100, 34, 58, 32, 34, 114, 101, 115, 117, 108, 116, 58, 108, 111, 97, 100, 99, 97, 115, 101, 58, 108, 111, 97, 100, 45, 76, 45, 50, 48, 48, 58, 115, 116, 114, 101, 115, 115, 58, 112, 105, 112, 101, 45, 80, 45, 49, 48, 48, 58, 113, 117, 97, 114, 116, 101, 114, 45, 51, 58, 98, 101, 110, 100, 105, 110, 103, 45, 110, 111, 114, 109, 97, 108, 45, 122, 34, 10, 32, 32, 32, 32, 125, 44, 10, 32, 32, 32, 32, 123, 10, 32, 32, 32, 32, 32, 32, 34, 114, 101, 102, 95, 116, 121, 112, 101, 34, 58, 32, 34, 114, 101, 115, 117, 108, 116, 34, 44, 10, 32, 32, 32, 32, 32, 32, 34, 114, 101, 102, 95, 105, 100, 34, 58, 32, 34, 114, 101, 115, 117, 108, 116, 58, 108, 111, 97, 100, 99, 97, 115, 101, 58, 108, 111, 97, 100, 45, 76, 45, 50, 48, 48, 58, 115, 116, 114, 101, 115, 115, 58, 112, 105, 112, 101, 45, 80, 45, 49, 48, 48, 58, 113, 117, 97, 114, 116, 101, 114, 45, 51, 58, 116, 111, 114, 115, 105, 111, 110, 97, 108, 45, 115, 104, 101, 97, 114, 34, 10, 32, 32, 32, 32, 125, 44, 10, 32, 32, 32, 32, 123, 10, 32, 32, 32, 32, 32, 32, 34, 114, 101, 102, 95, 116, 121, 112, 101, 34, 58, 32, 34, 114, 101, 115, 117, 108, 116, 34, 44, 10, 32, 32, 32, 32, 32, 32, 34, 114, 101, 102, 95, 105, 100, 34, 58, 32, 34, 114, 101, 115, 117, 108, 116, 58, 108, 111, 97, 100, 99, 97, 115, 101, 58, 108, 111, 97, 100, 45, 76, 45, 50, 48, 48, 58, 115, 116, 114, 101, 115, 115, 58, 112, 105, 112, 101, 45, 80, 45, 49, 48, 48, 34, 10, 32, 32, 32, 32, 125, 44, 10, 32, 32, 32, 32, 123, 10, 32, 32, 32, 32, 32, 32, 34, 114, 101, 102, 95, 116, 121, 112, 101, 34, 58, 32, 34, 114, 101, 115, 117, 108, 116, 34, 44, 10, 32, 32, 32, 32, 32, 32, 34, 114, 101, 102, 95, 105, 100, 34, 58, 32, 34, 114, 101, 115, 117, 108, 116, 58, 108, 111, 97, 100, 99, 97, 115, 101, 58, 108, 111, 97, 100, 45, 76, 45, 50, 48, 48, 58, 115, 116, 114, 101, 115, 115, 58, 99, 111, 109, 112, 111, 110, 101, 110, 116, 45, 67, 45, 49, 49, 48, 58, 112, 105, 112, 101, 45, 80, 45, 49, 48, 48, 58, 101, 110, 100, 45, 106, 58, 117, 115, 101, 114, 45, 109, 117, 108, 116, 105, 112, 108, 105, 101, 114, 34, 10, 32, 32, 32, 32, 125, 44, 10, 32, 32, 32, 32, 123, 10, 32, 32, 32, 32, 32, 32, 34, 114, 101, 102, 95, 116, 121, 112, 101, 34, 58, 32, 34, 114, 101, 115, 117, 108, 116, 34, 44, 10, 32, 32, 32, 32, 32, 32, 34, 114, 101, 102, 95, 105, 100, 34, 58, 32, 34, 114, 101, 115, 117, 108, 116, 58, 108, 111, 97, 100, 99, 97, 115, 101, 58, 108, 111, 97, 100, 45, 76, 45, 50, 48, 48, 58, 102, 111, 114, 99, 101, 58, 112, 105, 112, 101, 45, 80, 45, 49, 49, 48, 58, 97, 120, 105, 97, 108, 34, 10, 32, 32, 32, 32, 125, 44, 10, 32, 32, 32, 32, 123, 10, 32, 32, 32, 32, 32, 32, 34, 114, 101, 102, 95, 116, 121, 112, 101, 34, 58, 32, 34, 114, 101, 115, 117, 108, 116, 34, 44, 10, 32, 32, 32, 32, 32, 32, 34, 114, 101, 102, 95, 105, 100, 34, 58, 32, 34, 114, 101, 115, 117, 108, 116, 58, 108, 111, 97, 100, 99, 97, 115, 101, 58, 108, 111, 97, 100, 45, 76, 45, 50, 48, 48, 58, 102, 111, 114, 99, 101, 58, 112, 105, 112, 101, 45, 80, 45, 49, 49, 48, 58, 97, 120, 105, 97, 108, 58, 101, 110, 100, 45, 106, 34, 10, 32, 32, 32, 32, 125, 44, 10, 32, 32, 32, 32, 123, 10, 32, 32, 32, 32, 32, 32, 34, 114, 101, 102, 95, 116, 121, 112, 101, 34, 58, 32, 34, 114, 101, 115, 117, 108, 116, 34, 44, 10, 32, 32, 32, 32, 32, 32, 34, 114, 101, 102, 95, 105, 100, 34, 58, 32, 34, 114, 101, 115, 117, 108, 116, 58, 108, 111, 97, 100, 99, 97, 115, 101, 58, 108, 111, 97, 100, 45, 76, 45, 50, 48, 48, 58, 102, 111, 114, 99, 101, 58, 112, 105, 112, 101, 45, 80, 45, 49, 49, 48, 58, 115, 104, 101, 97, 114, 45, 121, 34, 10, 32, 32, 32, 32, 125, 44, 10, 32, 32, 32, 32, 123, 10, 32, 32, 32, 32, 32, 32, 34, 114, 101, 102, 95, 116, 121, 112, 101, 34, 58, 32, 34, 114, 101, 115, 117, 108, 116, 34, 44, 10, 32, 32, 32, 32, 32, 32, 34, 114, 101, 102, 95, 105, 100, 34, 58, 32, 34, 114, 101, 115, 117, 108, 116, 58, 108, 111, 97, 100, 99, 97, 115, 101, 58, 108, 111, 97, 100, 45, 76, 45, 50, 48, 48, 58, 102, 111, 114, 99, 101, 58, 112, 105, 112, 101, 45, 80, 45, 49, 49, 48, 58, 115, 104, 101, 97, 114, 45, 121, 58, 101, 110, 100, 45, 106, 34, 10, 32, 32, 32, 32, 125, 44, 10, 32, 32, 32, 32, 123, 10, 32, 32, 32, 32, 32, 32, 34, 114, 101, 102, 95, 116, 121, 112, 101, 34, 58, 32, 34, 114, 101, 115, 117, 108, 116, 34, 44, 10, 32, 32, 32, 32, 32, 32, 34, 114, 101, 102, 95, 105, 100, 34, 58, 32, 34, 114, 101, 115, 117, 108, 116, 58, 108, 111, 97, 100, 99, 97, 115, 101, 58, 108, 111, 97, 100, 45, 76, 45, 50, 48, 48, 58, 102, 111, 114, 99, 101, 58, 112, 105, 112, 101, 45, 80, 45, 49, 49, 48, 58, 115, 104, 101, 97, 114, 45, 122, 34, 10, 32, 32, 32, 32, 125, 44, 10, 32, 32, 32, 32, 123, 10, 32, 32, 32, 32, 32, 32, 34, 114, 101, 102, 95, 116, 121, 112, 101, 34, 58, 32, 34, 114, 101, 115, 117, 108, 116, 34, 44, 10, 32, 32, 32, 32, 32, 32, 34, 114, 101, 102, 95, 105, 100, 34, 58, 32, 34, 114, 101, 115, 117, 108, 116, 58, 108, 111, 97, 100, 99, 97, 115, 101, 58, 108, 111, 97, 100, 45, 76, 45, 50, 48, 48, 58, 102, 111, 114, 99, 101, 58, 112, 105, 112, 101, 45, 80, 45, 49, 49, 48, 58, 115, 104, 101, 97, 114, 45, 122, 58, 101, 110, 100, 45, 106, 34, 10, 32, 32, 32, 32, 125, 44, 10, 32, 32, 32, 32, 123, 10, 32, 32, 32, 32, 32, 32, 34, 114, 101, 102, 95, 116, 121, 112, 101, 34, 58, 32, 34, 114, 101, 115, 117, 108, 116, 34, 44, 10, 32, 32, 32, 32, 32, 32, 34, 114, 101, 102, 95, 105, 100, 34, 58, 32, 34, 114, 101, 115, 117, 108, 116, 58, 108, 111, 97, 100, 99, 97, 115, 101, 58, 108, 111, 97, 100, 45, 76, 45, 50, 48, 48, 58, 109, 111, 109, 101, 110, 116, 58, 112, 105, 112, 101, 45, 80, 45, 49, 49, 48, 58, 116, 111, 114, 115, 105, 111, 110, 34, 10, 32, 32, 32, 32, 125, 44, 10, 32, 32, 32, 32, 123, 10, 32, 32, 32, 32, 32, 32, 34, 114, 101, 102, 95, 116, 121, 112, 101, 34, 58, 32, 34, 114, 101, 115, 117, 108, 116, 34, 44, 10, 32, 32, 32, 32, 32, 32, 34, 114, 101, 102, 95, 105, 100, 34, 58, 32, 34, 114, 101, 115, 117, 108, 116, 58, 108, 111, 97, 100, 99, 97, 115, 101, 58, 108, 111, 97, 100, 45, 76, 45, 50, 48, 48, 58, 109, 111, 109, 101, 110, 116, 58, 112, 105, 112, 101, 45, 80, 45, 49, 49, 48, 58, 116, 111, 114, 115, 105, 111, 110, 58, 101, 110, 100, 45, 106, 34, 10, 32, 32, 32, 32, 125, 44, 10, 32, 32, 32, 32, 123, 10, 32, 32, 32, 32, 32, 32, 34, 114, 101, 102, 95, 116, 121, 112, 101, 34, 58, 32, 34, 114, 101, 115, 117, 108, 116, 34, 44, 10, 32, 32, 32, 32, 32, 32, 34, 114, 101, 102, 95, 105, 100, 34, 58, 32, 34, 114, 101, 115, 117, 108, 116, 58, 108, 111, 97, 100, 99, 97, 115, 101, 58, 108, 111, 97, 100, 45, 76, 45, 50, 48, 48, 58, 109, 111, 109, 101, 110, 116, 58, 112, 105, 112, 101, 45, 80, 45, 49, 49, 48, 58, 98, 101, 110, 100, 105, 110, 103, 45, 121, 34, 10, 32, 32, 32, 32, 125, 44, 10, 32, 32, 32, 32, 123, 10, 32, 32, 32, 32, 32, 32, 34, 114, 101, 102, 95, 116, 121, 112, 101, 34, 58, 32, 34, 114, 101, 115, 117, 108, 116, 34, 44, 10, 32, 32, 32, 32, 32, 32, 34, 114, 101, 102, 95, 105, 100, 34, 58, 32, 34, 114, 101, 115, 117, 108, 116, 58, 108, 111, 97, 100, 99, 97, 115, 101, 58, 108, 111, 97, 100, 45, 76, 45, 50, 48, 48, 58, 109, 111, 109, 101, 110, 116, 58, 112, 105, 112, 101, 45, 80, 45, 49, 49, 48, 58, 98, 101, 110, 100, 105, 110, 103, 45, 121, 58, 101, 110, 100, 45, 106, 34, 10, 32, 32, 32, 32, 125, 44, 10, 32, 32, 32, 32, 123, 10, 32, 32, 32, 32, 32, 32, 34, 114, 101, 102, 95, 116, 121, 112, 101, 34, 58, 32, 34, 114, 101, 115, 117, 108, 116, 34, 44, 10, 32, 32, 32, 32, 32, 32, 34, 114, 101, 102, 95, 105, 100, 34, 58, 32, 34, 114, 101, 115, 117, 108, 116, 58, 108, 111, 97, 100, 99, 97, 115, 101, 58, 108, 111, 97, 100, 45, 76, 45, 50, 48, 48, 58, 109, 111, 109, 101, 110, 116, 58, 112, 105, 112, 101, 45, 80, 45, 49, 49, 48, 58, 98, 101, 110, 100, 105, 110, 103, 45, 122, 34, 10, 32, 32, 32, 32, 125, 44, 10, 32, 32, 32, 32, 123, 10, 32, 32, 32, 32, 32, 32, 34, 114, 101, 102, 95, 116, 121, 112, 101, 34, 58, 32, 34, 114, 101, 115, 117, 108, 116, 34, 44, 10, 32, 32, 32, 32, 32, 32, 34, 114, 101, 102, 95, 105, 100, 34, 58, 32, 34, 114, 101, 115, 117, 108, 116, 58, 108, 111, 97, 100, 99, 97, 115, 101, 58, 108, 111, 97, 100, 45, 76, 45, 50, 48, 48, 58, 109, 111, 109, 101, 110, 116, 58, 112, 105, 112, 101, 45, 80, 45, 49, 49, 48, 58, 98, 101, 110, 100, 105, 110, 103, 45, 122, 58, 101, 110, 100, 45, 106, 34, 10, 32, 32, 32, 32, 125, 44, 10, 32, 32, 32, 32, 123, 10, 32, 32, 32, 32, 32, 32, 34, 114, 101, 102, 95, 116, 121, 112, 101, 34, 58, 32, 34, 114, 101, 115, 117, 108, 116, 34, 44, 10, 32, 32, 32, 32, 32, 32, 34, 114, 101, 102, 95, 105, 100, 34, 58, 32, 34, 114, 101, 115, 117, 108, 116, 58, 108, 111, 97, 100, 99, 97, 115, 101, 58, 108, 111, 97, 100, 45, 76, 45, 50, 48, 48, 58, 102, 111, 114, 99, 101, 58, 112, 105, 112, 101, 45, 80, 45, 49, 49, 48, 58, 113, 117, 97, 114, 116, 101, 114, 45, 49, 58, 97, 120, 105, 97, 108, 34, 10, 32, 32, 32, 32, 125, 44, 10, 32, 32, 32, 32, 123, 10, 32, 32, 32, 32, 32, 32, 34, 114, 101, 102, 95, 116, 121, 112, 101, 34, 58, 32, 34, 114, 101, 115, 117, 108, 116, 34, 44, 10, 32, 32, 32, 32, 32, 32, 34, 114, 101, 102, 95, 105, 100, 34, 58, 32, 34, 114, 101, 115, 117, 108, 116, 58, 108, 111, 97, 100, 99, 97, 115, 101, 58, 108, 111, 97, 100, 45, 76, 45, 50, 48, 48, 58, 102, 111, 114, 99, 101, 58, 112, 105, 112, 101, 45, 80, 45, 49, 49, 48, 58, 113, 117, 97, 114, 116, 101, 114, 45, 49, 58, 115, 104, 101, 97, 114, 45, 121, 34, 10, 32, 32, 32, 32, 125, 44, 10, 32, 32, 32, 32, 123, 10, 32, 32, 32, 32, 32, 32, 34, 114, 101, 102, 95, 116, 121, 112, 101, 34, 58, 32, 34, 114, 101, 115, 117, 108, 116, 34, 44, 10, 32, 32, 32, 32, 32, 32, 34, 114, 101, 102, 95, 105, 100, 34, 58, 32, 34, 114, 101, 115, 117, 108, 116, 58, 108, 111, 97, 100, 99, 97, 115, 101, 58, 108, 111, 97, 100, 45, 76, 45, 50, 48, 48, 58, 102, 111, 114, 99, 101, 58, 112, 105, 112, 101, 45, 80, 45, 49, 49, 48, 58, 113, 117, 97, 114, 116, 101, 114, 45, 49, 58, 115, 104, 101, 97, 114, 45, 122, 34, 10, 32, 32, 32, 32, 125, 44, 10, 32, 32, 32, 32, 123, 10, 32, 32, 32, 32, 32, 32, 34, 114, 101, 102, 95, 116, 121, 112, 101, 34, 58, 32, 34, 114, 101, 115, 117, 108, 116, 34, 44, 10, 32, 32, 32, 32, 32, 32, 34, 114, 101, 102, 95, 105, 100, 34, 58, 32, 34, 114, 101, 115, 117, 108, 116, 58, 108, 111, 97, 100, 99, 97, 115, 101, 58, 108, 111, 97, 100, 45, 76, 45, 50, 48, 48, 58, 109, 111, 109, 101, 110, 116, 58, 112, 105, 112, 101, 45, 80, 45, 49, 49, 48, 58, 113, 117, 97, 114, 116, 101, 114, 45, 49, 58, 116, 111, 114, 115, 105, 111, 110, 34, 10, 32, 32, 32, 32, 125, 44, 10, 32, 32, 32, 32, 123, 10, 32, 32, 32, 32, 32, 32, 34, 114, 101, 102, 95, 116, 121, 112, 101, 34, 58, 32, 34, 114, 101, 115, 117, 108, 116, 34, 44, 10, 32, 32, 32, 32, 32, 32, 34, 114, 101, 102, 95, 105, 100, 34, 58, 32, 34, 114, 101, 115, 117, 108, 116, 58, 108, 111, 97, 100, 99, 97, 115, 101, 58, 108, 111, 97, 100, 45, 76, 45, 50, 48, 48, 58, 109, 111, 109, 101, 110, 116, 58, 112, 105, 112, 101, 45, 80, 45, 49, 49, 48, 58, 113, 117, 97, 114, 116, 101, 114, 45, 49, 58, 98, 101, 110, 100, 105, 110, 103, 45, 121, 34, 10, 32, 32, 32, 32, 125, 44, 10, 32, 32, 32, 32, 123, 10, 32, 32, 32, 32, 32, 32, 34, 114, 101, 102, 95, 116, 121, 112, 101, 34, 58, 32, 34, 114, 101, 115, 117, 108, 116, 34, 44, 10, 32, 32, 32, 32, 32, 32, 34, 114, 101, 102, 95, 105, 100, 34, 58, 32, 34, 114, 101, 115, 117, 108, 116, 58, 108, 111, 97, 100, 99, 97, 115, 101, 58, 108, 111, 97, 100, 45, 76, 45, 50, 48, 48, 58, 109, 111, 109, 101, 110, 116, 58, 112, 105, 112, 101, 45, 80, 45, 49, 49, 48, 58, 113, 117, 97, 114, 116, 101, 114, 45, 49, 58, 98, 101, 110, 100, 105, 110, 103, 45, 122, 34, 10, 32, 32, 32, 32, 125, 44, 10, 32, 32, 32, 32, 123, 10, 32, 32, 32, 32, 32, 32, 34, 114, 101, 102, 95, 116, 121, 112, 101, 34, 58, 32, 34, 114, 101, 115, 117, 108, 116, 34, 44, 10, 32, 32, 32, 32, 32, 32, 34, 114, 101, 102, 95, 105, 100, 34, 58, 32, 34, 114, 101, 115, 117, 108, 116, 58, 108, 111, 97, 100, 99, 97, 115, 101, 58, 108, 111, 97, 100, 45, 76, 45, 50, 48, 48, 58, 102, 111, 114, 99, 101, 58, 112, 105, 112, 101, 45, 80, 45, 49, 49, 48, 58, 109, 105, 100, 115, 112, 97, 110, 58, 97, 120, 105, 97, 108, 34, 10, 32, 32, 32, 32, 125, 44, 10, 32, 32, 32, 32, 123, 10, 32, 32, 32, 32, 32, 32, 34, 114, 101, 102, 95, 116, 121, 112, 101, 34, 58, 32, 34, 114, 101, 115, 117, 108, 116, 34, 44, 10, 32, 32, 32, 32, 32, 32, 34, 114, 101, 102, 95, 105, 100, 34, 58, 32, 34, 114, 101, 115, 117, 108, 116, 58, 108, 111, 97, 100, 99, 97, 115, 101, 58, 108, 111, 97, 100, 45, 76, 45, 50, 48, 48, 58, 102, 111, 114, 99, 101, 58, 112, 105, 112, 101, 45, 80, 45, 49, 49, 48, 58, 109, 105, 100, 115, 112, 97, 110, 58, 115, 104, 101, 97, 114, 45, 121, 34, 10, 32, 32, 32, 32, 125, 44, 10, 32, 32, 32, 32, 123, 10, 32, 32, 32, 32, 32, 32, 34, 114, 101, 102, 95, 116, 121, 112, 101, 34, 58, 32, 34, 114, 101, 115, 117, 108, 116, 34, 44, 10, 32, 32, 32, 32, 32, 32, 34, 114, 101, 102, 95, 105, 100, 34, 58, 32, 34, 114, 101, 115, 117, 108, 116, 58, 108, 111, 97, 100, 99, 97, 115, 101, 58, 108, 111, 97, 100, 45, 76, 45, 50, 48, 48, 58, 102, 111, 114, 99, 101, 58, 112, 105, 112, 101, 45, 80, 45, 49, 49, 48, 58, 109, 105, 100, 115, 112, 97, 110, 58, 115, 104, 101, 97, 114, 45, 122, 34, 10, 32, 32, 32, 32, 125, 44, 10, 32, 32, 32, 32, 123, 10, 32, 32, 32, 32, 32, 32, 34, 114, 101, 102, 95, 116, 121, 112, 101, 34, 58, 32, 34, 114, 101, 115, 117, 108, 116, 34, 44, 10, 32, 32, 32, 32, 32, 32, 34, 114, 101, 102, 95, 105, 100, 34, 58, 32, 34, 114, 101, 115, 117, 108, 116, 58, 108, 111, 97, 100, 99, 97, 115, 101, 58, 108, 111, 97, 100, 45, 76, 45, 50, 48, 48, 58, 109, 111, 109, 101, 110, 116, 58, 112, 105, 112, 101, 45, 80, 45, 49, 49, 48, 58, 109, 105, 100, 115, 112, 97, 110, 58, 116, 111, 114, 115, 105, 111, 110, 34, 10, 32, 32, 32, 32, 125, 44, 10, 32, 32, 32, 32, 123, 10, 32, 32, 32, 32, 32, 32, 34, 114, 101, 102, 95, 116, 121, 112, 101, 34, 58, 32, 34, 114, 101, 115, 117, 108, 116, 34, 44, 10, 32, 32, 32, 32, 32, 32, 34, 114, 101, 102, 95, 105, 100, 34, 58, 32, 34, 114, 101, 115, 117, 108, 116, 58, 108, 111, 97, 100, 99, 97, 115, 101, 58, 108, 111, 97, 100, 45, 76, 45, 50, 48, 48, 58, 109, 111, 109, 101, 110, 116, 58, 112, 105, 112, 101, 45, 80, 45, 49, 49, 48, 58, 109, 105, 100, 115, 112, 97, 110, 58, 98, 101, 110, 100, 105, 110, 103, 45, 121, 34, 10, 32, 32, 32, 32, 125, 44, 10, 32, 32, 32, 32, 123, 10, 32, 32, 32, 32, 32, 32, 34, 114, 101, 102, 95, 116, 121, 112, 101, 34, 58, 32, 34, 114, 101, 115, 117, 108, 116, 34, 44, 10, 32, 32, 32, 32, 32, 32, 34, 114, 101, 102, 95, 105, 100, 34, 58, 32, 34, 114, 101, 115, 117, 108, 116, 58, 108, 111, 97, 100, 99, 97, 115, 101, 58, 108, 111, 97, 100, 45, 76, 45, 50, 48, 48, 58, 109, 111, 109, 101, 110, 116, 58, 112, 105, 112, 101, 45, 80, 45, 49, 49, 48, 58, 109, 105, 100, 115, 112, 97, 110, 58, 98, 101, 110, 100, 105, 110, 103, 45, 122, 34, 10, 32, 32, 32, 32, 125, 44, 10, 32, 32, 32, 32, 123, 10, 32, 32, 32, 32, 32, 32, 34, 114, 101, 102, 95, 116, 121, 112, 101, 34, 58, 32, 34, 114, 101, 115, 117, 108, 116, 34, 44, 10, 32, 32, 32, 32, 32, 32, 34, 114, 101, 102, 95, 105, 100, 34, 58, 32, 34, 114, 101, 115, 117, 108, 116, 58, 108, 111, 97, 100, 99, 97, 115, 101, 58, 108, 111, 97, 100, 45, 76, 45, 50, 48, 48, 58, 102, 111, 114, 99, 101, 58, 112, 105, 112, 101, 45, 80, 45, 49, 49, 48, 58, 113, 117, 97, 114, 116, 101, 114, 45, 51, 58, 97, 120, 105, 97, 108, 34, 10, 32, 32, 32, 32, 125, 44, 10, 32, 32, 32, 32, 123, 10, 32, 32, 32, 32, 32, 32, 34, 114, 101, 102, 95, 116, 121, 112, 101, 34, 58, 32, 34, 114, 101, 115, 117, 108, 116, 34, 44, 10, 32, 32, 32, 32, 32, 32, 34, 114, 101, 102, 95, 105, 100, 34, 58, 32, 34, 114, 101, 115, 117, 108, 116, 58, 108, 111, 97, 100, 99, 97, 115, 101, 58, 108, 111, 97, 100, 45, 76, 45, 50, 48, 48, 58, 102, 111, 114, 99, 101, 58, 112, 105, 112, 101, 45, 80, 45, 49, 49, 48, 58, 113, 117, 97, 114, 116, 101, 114, 45, 51, 58, 115, 104, 101, 97, 114, 45, 121, 34, 10, 32, 32, 32, 32, 125, 44, 10, 32, 32, 32, 32, 123, 10, 32, 32, 32, 32, 32, 32, 34, 114, 101, 102, 95, 116, 121, 112, 101, 34, 58, 32, 34, 114, 101, 115, 117, 108, 116, 34, 44, 10, 32, 32, 32, 32, 32, 32, 34, 114, 101, 102, 95, 105, 100, 34, 58, 32, 34, 114, 101, 115, 117, 108, 116, 58, 108, 111, 97, 100, 99, 97, 115, 101, 58, 108, 111, 97, 100, 45, 76, 45, 50, 48, 48, 58, 102, 111, 114, 99, 101, 58, 112, 105, 112, 101, 45, 80, 45, 49, 49, 48, 58, 113, 117, 97, 114, 116, 101, 114, 45, 51, 58, 115, 104, 101, 97, 114, 45, 122, 34, 10, 32, 32, 32, 32, 125, 44, 10, 32, 32, 32, 32, 123, 10, 32, 32, 32, 32, 32, 32, 34, 114, 101, 102, 95, 116, 121, 112, 101, 34, 58, 32, 34, 114, 101, 115, 117, 108, 116, 34, 44, 10, 32, 32, 32, 32, 32, 32, 34, 114, 101, 102, 95, 105, 100, 34, 58, 32, 34, 114, 101, 115, 117, 108, 116, 58, 108, 111, 97, 100, 99, 97, 115, 101, 58, 108, 111, 97, 100, 45, 76, 45, 50, 48, 48, 58, 109, 111, 109, 101, 110, 116, 58, 112, 105, 112, 101, 45, 80, 45, 49, 49, 48, 58, 113, 117, 97, 114, 116, 101, 114, 45, 51, 58, 116, 111, 114, 115, 105, 111, 110, 34, 10, 32, 32, 32, 32, 125, 44, 10, 32, 32, 32, 32, 123, 10, 32, 32, 32, 32, 32, 32, 34, 114, 101, 102, 95, 116, 121, 112, 101, 34, 58, 32, 34, 114, 101, 115, 117, 108, 116, 34, 44, 10, 32, 32, 32, 32, 32, 32, 34, 114, 101, 102, 95, 105, 100, 34, 58, 32, 34, 114, 101, 115, 117, 108, 116, 58, 108, 111, 97, 100, 99, 97, 115, 101, 58, 108, 111, 97, 100, 45, 76, 45, 50, 48, 48, 58, 109, 111, 109, 101, 110, 116, 58, 112, 105, 112, 101, 45, 80, 45, 49, 49, 48, 58, 113, 117, 97, 114, 116, 101, 114, 45, 51, 58, 98, 101, 110, 100, 105, 110, 103, 45, 121, 34, 10, 32, 32, 32, 32, 125, 44, 10, 32, 32, 32, 32, 123, 10, 32, 32, 32, 32, 32, 32, 34, 114, 101, 102, 95, 116, 121, 112, 101, 34, 58, 32, 34, 114, 101, 115, 117, 108, 116, 34, 44, 10, 32, 32, 32, 32, 32, 32, 34, 114, 101, 102, 95, 105, 100, 34, 58, 32, 34, 114, 101, 115, 117, 108, 116, 58, 108, 111, 97, 100, 99, 97, 115, 101, 58, 108, 111, 97, 100, 45, 76, 45, 50, 48, 48, 58, 109, 111, 109, 101, 110, 116, 58, 112, 105, 112, 101, 45, 80, 45, 49, 49, 48, 58, 113, 117, 97, 114, 116, 101, 114, 45, 51, 58, 98, 101, 110, 100, 105, 110, 103, 45, 122, 34, 10, 32, 32, 32, 32, 125, 44, 10, 32, 32, 32, 32, 123, 10, 32, 32, 32, 32, 32, 32, 34, 114, 101, 102, 95, 116, 121, 112, 101, 34, 58, 32, 34, 114, 101, 115, 117, 108, 116, 34, 44, 10, 32, 32, 32, 32, 32, 32, 34, 114, 101, 102, 95, 105, 100, 34, 58, 32, 34, 114, 101, 115, 117, 108, 116, 58, 108, 111, 97, 100, 99, 97, 115, 101, 58, 108, 111, 97, 100, 45, 76, 45, 50, 48, 48, 58, 115, 116, 114, 101, 115, 115, 58, 112, 105, 112, 101, 45, 80, 45, 49, 49, 48, 58, 101, 110, 100, 45, 105, 58, 97, 120, 105, 97, 108, 45, 110, 111, 114, 109, 97, 108, 34, 10, 32, 32, 32, 32, 125, 44, 10, 32, 32, 32, 32, 123, 10, 32, 32, 32, 32, 32, 32, 34, 114, 101, 102, 95, 116, 121, 112, 101, 34, 58, 32, 34, 114, 101, 115, 117, 108, 116, 34, 44, 10, 32, 32, 32, 32, 32, 32, 34, 114, 101, 102, 95, 105, 100, 34, 58, 32, 34, 114, 101, 115, 117, 108, 116, 58, 108, 111, 97, 100, 99, 97, 115, 101, 58, 108, 111, 97, 100, 45, 76, 45, 50, 48, 48, 58, 115, 116, 114, 101, 115, 115, 58, 112, 105, 112, 101, 45, 80, 45, 49, 49, 48, 58, 101, 110, 100, 45, 105, 58, 98, 101, 110, 100, 105, 110, 103, 45, 110, 111, 114, 109, 97, 108, 45, 121, 34, 10, 32, 32, 32, 32, 125, 44, 10, 32, 32, 32, 32, 123, 10, 32, 32, 32, 32, 32, 32, 34, 114, 101, 102, 95, 116, 121, 112, 101, 34, 58, 32, 34, 114, 101, 115, 117, 108, 116, 34, 44, 10, 32, 32, 32, 32, 32, 32, 34, 114, 101, 102, 95, 105, 100, 34, 58, 32, 34, 114, 101, 115, 117, 108, 116, 58, 108, 111, 97, 100, 99, 97, 115, 101, 58, 108, 111, 97, 100, 45, 76, 45, 50, 48, 48, 58, 115, 116, 114, 101, 115, 115, 58, 112, 105, 112, 101, 45, 80, 45, 49, 49, 48, 58, 101, 110, 100, 45, 105, 58, 98, 101, 110, 100, 105, 110, 103, 45, 110, 111, 114, 109, 97, 108, 45, 122, 34, 10, 32, 32, 32, 32, 125, 44, 10, 32, 32, 32, 32, 123, 10, 32, 32, 32, 32, 32, 32, 34, 114, 101, 102, 95, 116, 121, 112, 101, 34, 58, 32, 34, 114, 101, 115, 117, 108, 116, 34, 44, 10, 32, 32, 32, 32, 32, 32, 34, 114, 101, 102, 95, 105, 100, 34, 58, 32, 34, 114, 101, 115, 117, 108, 116, 58, 108, 111, 97, 100, 99, 97, 115, 101, 58, 108, 111, 97, 100, 45, 76, 45, 50, 48, 48, 58, 115, 116, 114, 101, 115, 115, 58, 112, 105, 112, 101, 45, 80, 45, 49, 49, 48, 58, 101, 110, 100, 45, 105, 58, 116, 111, 114, 115, 105, 111, 110, 97, 108, 45, 115, 104, 101, 97, 114, 34, 10, 32, 32, 32, 32, 125, 44, 10, 32, 32, 32, 32, 123, 10, 32, 32, 32, 32, 32, 32, 34, 114, 101, 102, 95, 116, 121, 112, 101, 34, 58, 32, 34, 114, 101, 115, 117, 108, 116, 34, 44, 10, 32, 32, 32, 32, 32, 32, 34, 114, 101, 102, 95, 105, 100, 34, 58, 32, 34, 114, 101, 115, 117, 108, 116, 58, 108, 111, 97, 100, 99, 97, 115, 101, 58, 108, 111, 97, 100, 45, 76, 45, 50, 48, 48, 58, 115, 116, 114, 101, 115, 115, 58, 112, 105, 112, 101, 45, 80, 45, 49, 49, 48, 58, 101, 110, 100, 45, 106, 58, 97, 120, 105, 97, 108, 45, 110, 111, 114, 109, 97, 108, 34, 10, 32, 32, 32, 32, 125, 44, 10, 32, 32, 32, 32, 123, 10, 32, 32, 32, 32, 32, 32, 34, 114, 101, 102, 95, 116, 121, 112, 101, 34, 58, 32, 34, 114, 101, 115, 117, 108, 116, 34, 44, 10, 32, 32, 32, 32, 32, 32, 34, 114, 101, 102, 95, 105, 100, 34, 58, 32, 34, 114, 101, 115, 117, 108, 116, 58, 108, 111, 97, 100, 99, 97, 115, 101, 58, 108, 111, 97, 100, 45, 76, 45, 50, 48, 48, 58, 115, 116, 114, 101, 115, 115, 58, 112, 105, 112, 101, 45, 80, 45, 49, 49, 48, 58, 101, 110, 100, 45, 106, 58, 98, 101, 110, 100, 105, 110, 103, 45, 110, 111, 114, 109, 97, 108, 45, 121, 34, 10, 32, 32, 32, 32, 125, 44, 10, 32, 32, 32, 32, 123, 10, 32, 32, 32, 32, 32, 32, 34, 114, 101, 102, 95, 116, 121, 112, 101, 34, 58, 32, 34, 114, 101, 115, 117, 108, 116, 34, 44, 10, 32, 32, 32, 32, 32, 32, 34, 114, 101, 102, 95, 105, 100, 34, 58, 32, 34, 114, 101, 115, 117, 108, 116, 58, 108, 111, 97, 100, 99, 97, 115, 101, 58, 108, 111, 97, 100, 45, 76, 45, 50, 48, 48, 58, 115, 116, 114, 101, 115, 115, 58, 112, 105, 112, 101, 45, 80, 45, 49, 49, 48, 58, 101, 110, 100, 45, 106, 58, 98, 101, 110, 100, 105, 110, 103, 45, 110, 111, 114, 109, 97, 108, 45, 122, 34, 10, 32, 32, 32, 32, 125, 44, 10, 32, 32, 32, 32, 123, 10, 32, 32, 32, 32, 32, 32, 34, 114, 101, 102, 95, 116, 121, 112, 101, 34, 58, 32, 34, 114, 101, 115, 117, 108, 116, 34, 44, 10, 32, 32, 32, 32, 32, 32, 34, 114, 101, 102, 95, 105, 100, 34, 58, 32, 34, 114, 101, 115, 117, 108, 116, 58, 108, 111, 97, 100, 99, 97, 115, 101, 58, 108, 111, 97, 100, 45, 76, 45, 50, 48, 48, 58, 115, 116, 114, 101, 115, 115, 58, 112, 105, 112, 101, 45, 80, 45, 49, 49, 48, 58, 101, 110, 100, 45, 106, 58, 116, 111, 114, 115, 105, 111, 110, 97, 108, 45, 115, 104, 101, 97, 114, 34, 10, 32, 32, 32, 32, 125, 44, 10, 32, 32, 32, 32, 123, 10, 32, 32, 32, 32, 32, 32, 34, 114, 101, 102, 95, 116, 121, 112, 101, 34, 58, 32, 34, 114, 101, 115, 117, 108, 116, 34, 44, 10, 32, 32, 32, 32, 32, 32, 34, 114, 101, 102, 95, 105, 100, 34, 58, 32, 34, 114, 101, 115, 117, 108, 116, 58, 108, 111, 97, 100, 99, 97, 115, 101, 58, 108, 111, 97, 100, 45, 76, 45, 50, 48, 48, 58, 115, 116, 114, 101, 115, 115, 58, 112, 105, 112, 101, 45, 80, 45, 49, 49, 48, 58, 113, 117, 97, 114, 116, 101, 114, 45, 49, 58, 97, 120, 105, 97, 108, 45, 110, 111, 114, 109, 97, 108, 34, 10, 32, 32, 32, 32, 125, 44, 10, 32, 32, 32, 32, 123, 10, 32, 32, 32, 32, 32, 32, 34, 114, 101, 102, 95, 116, 121, 112, 101, 34, 58, 32, 34, 114, 101, 115, 117, 108, 116, 34, 44, 10, 32, 32, 32, 32, 32, 32, 34, 114, 101, 102, 95, 105, 100, 34, 58, 32, 34, 114, 101, 115, 117, 108, 116, 58, 108, 111, 97, 100, 99, 97, 115, 101, 58, 108, 111, 97, 100, 45, 76, 45, 50, 48, 48, 58, 115, 116, 114, 101, 115, 115, 58, 112, 105, 112, 101, 45, 80, 45, 49, 49, 48, 58, 113, 117, 97, 114, 116, 101, 114, 45, 49, 58, 98, 101, 110, 100, 105, 110, 103, 45, 110, 111, 114, 109, 97, 108, 45, 121, 34, 10, 32, 32, 32, 32, 125, 44, 10, 32, 32, 32, 32, 123, 10, 32, 32, 32, 32, 32, 32, 34, 114, 101, 102, 95, 116, 121, 112, 101, 34, 58, 32, 34, 114, 101, 115, 117, 108, 116, 34, 44, 10, 32, 32, 32, 32, 32, 32, 34, 114, 101, 102, 95, 105, 100, 34, 58, 32, 34, 114, 101, 115, 117, 108, 116, 58, 108, 111, 97, 100, 99, 97, 115, 101, 58, 108, 111, 97, 100, 45, 76, 45, 50, 48, 48, 58, 115, 116, 114, 101, 115, 115, 58, 112, 105, 112, 101, 45, 80, 45, 49, 49, 48, 58, 113, 117, 97, 114, 116, 101, 114, 45, 49, 58, 98, 101, 110, 100, 105, 110, 103, 45, 110, 111, 114, 109, 97, 108, 45, 122, 34, 10, 32, 32, 32, 32, 125, 44, 10, 32, 32, 32, 32, 123, 10, 32, 32, 32, 32, 32, 32, 34, 114, 101, 102, 95, 116, 121, 112, 101, 34, 58, 32, 34, 114, 101, 115, 117, 108, 116, 34, 44, 10, 32, 32, 32, 32, 32, 32, 34, 114, 101, 102, 95, 105, 100, 34, 58, 32, 34, 114, 101, 115, 117, 108, 116, 58, 108, 111, 97, 100, 99, 97, 115, 101, 58, 108, 111, 97, 100, 45, 76, 45, 50, 48, 48, 58, 115, 116, 114, 101, 115, 115, 58, 112, 105, 112, 101, 45, 80, 45, 49, 49, 48, 58, 113, 117, 97, 114, 116, 101, 114, 45, 49, 58, 116, 111, 114, 115, 105, 111, 110, 97, 108, 45, 115, 104, 101, 97, 114, 34, 10, 32, 32, 32, 32, 125, 44, 10, 32, 32, 32, 32, 123, 10, 32, 32, 32, 32, 32, 32, 34, 114, 101, 102, 95, 116, 121, 112, 101, 34, 58, 32, 34, 114, 101, 115, 117, 108, 116, 34, 44, 10, 32, 32, 32, 32, 32, 32, 34, 114, 101, 102, 95, 105, 100, 34, 58, 32, 34, 114, 101, 115, 117, 108, 116, 58, 108, 111, 97, 100, 99, 97, 115, 101, 58, 108, 111, 97, 100, 45, 76, 45, 50, 48, 48, 58, 115, 116, 114, 101, 115, 115, 58, 112, 105, 112, 101, 45, 80, 45, 49, 49, 48, 58, 109, 105, 100, 115, 112, 97, 110, 58, 97, 120, 105, 97, 108, 45, 110, 111, 114, 109, 97, 108, 34, 10, 32, 32, 32, 32, 125, 44, 10, 32, 32, 32, 32, 123, 10, 32, 32, 32, 32, 32, 32, 34, 114, 101, 102, 95, 116, 121, 112, 101, 34, 58, 32, 34, 114, 101, 115, 117, 108, 116, 34, 44, 10, 32, 32, 32, 32, 32, 32, 34, 114, 101, 102, 95, 105, 100, 34, 58, 32, 34, 114, 101, 115, 117, 108, 116, 58, 108, 111, 97, 100, 99, 97, 115, 101, 58, 108, 111, 97, 100, 45, 76, 45, 50, 48, 48, 58, 115, 116, 114, 101, 115, 115, 58, 112, 105, 112, 101, 45, 80, 45, 49, 49, 48, 58, 109, 105, 100, 115, 112, 97, 110, 58, 98, 101, 110, 100, 105, 110, 103, 45, 110, 111, 114, 109, 97, 108, 45, 121, 34, 10, 32, 32, 32, 32, 125, 44, 10, 32, 32, 32, 32, 123, 10, 32, 32, 32, 32, 32, 32, 34, 114, 101, 102, 95, 116, 121, 112, 101, 34, 58, 32, 34, 114, 101, 115, 117, 108, 116, 34, 44, 10, 32, 32, 32, 32, 32, 32, 34, 114, 101, 102, 95, 105, 100, 34, 58, 32, 34, 114, 101, 115, 117, 108, 116, 58, 108, 111, 97, 100, 99, 97, 115, 101, 58, 108, 111, 97, 100, 45, 76, 45, 50, 48, 48, 58, 115, 116, 114, 101, 115, 115, 58, 112, 105, 112, 101, 45, 80, 45, 49, 49, 48, 58, 109, 105, 100, 115, 112, 97, 110, 58, 98, 101, 110, 100, 105, 110, 103, 45, 110, 111, 114, 109, 97, 108, 45, 122, 34, 10, 32, 32, 32, 32, 125, 44, 10, 32, 32, 32, 32, 123, 10, 32, 32, 32, 32, 32, 32, 34, 114, 101, 102, 95, 116, 121, 112, 101, 34, 58, 32, 34, 114, 101, 115, 117, 108, 116, 34, 44, 10, 32, 32, 32, 32, 32, 32, 34, 114, 101, 102, 95, 105, 100, 34, 58, 32, 34, 114, 101, 115, 117, 108, 116, 58, 108, 111, 97, 100, 99, 97, 115, 101, 58, 108, 111, 97, 100, 45, 76, 45, 50, 48, 48, 58, 115, 116, 114, 101, 115, 115, 58, 112, 105, 112, 101, 45, 80, 45, 49, 49, 48, 58, 109, 105, 100, 115, 112, 97, 110, 58, 116, 111, 114, 115, 105, 111, 110, 97, 108, 45, 115, 104, 101, 97, 114, 34, 10, 32, 32, 32, 32, 125, 44, 10, 32, 32, 32, 32, 123, 10, 32, 32, 32, 32, 32, 32, 34, 114, 101, 102, 95, 116, 121, 112, 101, 34, 58, 32, 34, 114, 101, 115, 117, 108, 116, 34, 44, 10, 32, 32, 32, 32, 32, 32, 34, 114, 101, 102, 95, 105, 100, 34, 58, 32, 34, 114, 101, 115, 117, 108, 116, 58, 108, 111, 97, 100, 99, 97, 115, 101, 58, 108, 111, 97, 100, 45, 76, 45, 50, 48, 48, 58, 115, 116, 114, 101, 115, 115, 58, 112, 105, 112, 101, 45, 80, 45, 49, 49, 48, 58, 113, 117, 97, 114, 116, 101, 114, 45, 51, 58, 97, 120, 105, 97, 108, 45, 110, 111, 114, 109, 97, 108, 34, 10, 32, 32, 32, 32, 125, 44, 10, 32, 32, 32, 32, 123, 10, 32, 32, 32, 32, 32, 32, 34, 114, 101, 102, 95, 116, 121, 112, 101, 34, 58, 32, 34, 114, 101, 115, 117, 108, 116, 34, 44, 10, 32, 32, 32, 32, 32, 32, 34, 114, 101, 102, 95, 105, 100, 34, 58, 32, 34, 114, 101, 115, 117, 108, 116, 58, 108, 111, 97, 100, 99, 97, 115, 101, 58, 108, 111, 97, 100, 45, 76, 45, 50, 48, 48, 58, 115, 116, 114, 101, 115, 115, 58, 112, 105, 112, 101, 45, 80, 45, 49, 49, 48, 58, 113, 117, 97, 114, 116, 101, 114, 45, 51, 58, 98, 101, 110, 100, 105, 110, 103, 45, 110, 111, 114, 109, 97, 108, 45, 121, 34, 10, 32, 32, 32, 32, 125, 44, 10, 32, 32, 32, 32, 123, 10, 32, 32, 32, 32, 32, 32, 34, 114, 101, 102, 95, 116, 121, 112, 101, 34, 58, 32, 34, 114, 101, 115, 117, 108, 116, 34, 44, 10, 32, 32, 32, 32, 32, 32, 34, 114, 101, 102, 95, 105, 100, 34, 58, 32, 34, 114, 101, 115, 117, 108, 116, 58, 108, 111, 97, 100, 99, 97, 115, 101, 58, 108, 111, 97, 100, 45, 76, 45, 50, 48, 48, 58, 115, 116, 114, 101, 115, 115, 58, 112, 105, 112, 101, 45, 80, 45, 49, 49, 48, 58, 113, 117, 97, 114, 116, 101, 114, 45, 51, 58, 98, 101, 110, 100, 105, 110, 103, 45, 110, 111, 114, 109, 97, 108, 45, 122, 34, 10, 32, 32, 32, 32, 125, 44, 10, 32, 32, 32, 32, 123, 10, 32, 32, 32, 32, 32, 32, 34, 114, 101, 102, 95, 116, 121, 112, 101, 34, 58, 32, 34, 114, 101, 115, 117, 108, 116, 34, 44, 10, 32, 32, 32, 32, 32, 32, 34, 114, 101, 102, 95, 105, 100, 34, 58, 32, 34, 114, 101, 115, 117, 108, 116, 58, 108, 111, 97, 100, 99, 97, 115, 101, 58, 108, 111, 97, 100, 45, 76, 45, 50, 48, 48, 58, 115, 116, 114, 101, 115, 115, 58, 112, 105, 112, 101, 45, 80, 45, 49, 49, 48, 58, 113, 117, 97, 114, 116, 101, 114, 45, 51, 58, 116, 111, 114, 115, 105, 111, 110, 97, 108, 45, 115, 104, 101, 97, 114, 34, 10, 32, 32, 32, 32, 125, 44, 10, 32, 32, 32, 32, 123, 10, 32, 32, 32, 32, 32, 32, 34, 114, 101, 102, 95, 116, 121, 112, 101, 34, 58, 32, 34, 114, 101, 115, 117, 108, 116, 34, 44, 10, 32, 32, 32, 32, 32, 32, 34, 114, 101, 102, 95, 105, 100, 34, 58, 32, 34, 114, 101, 115, 117, 108, 116, 58, 108, 111, 97, 100, 99, 97, 115, 101, 58, 108, 111, 97, 100, 45, 76, 45, 50, 48, 48, 58, 115, 116, 114, 101, 115, 115, 58, 112, 105, 112, 101, 45, 80, 45, 49, 49, 48, 34, 10, 32, 32, 32, 32, 125, 44, 10, 32, 32, 32, 32, 123, 10, 32, 32, 32, 32, 32, 32, 34, 114, 101, 102, 95, 116, 121, 112, 101, 34, 58, 32, 34, 114, 101, 115, 117, 108, 116, 34, 44, 10, 32, 32, 32, 32, 32, 32, 34, 114, 101, 102, 95, 105, 100, 34, 58, 32, 34, 114, 101, 115, 117, 108, 116, 58, 108, 111, 97, 100, 99, 97, 115, 101, 58, 108, 111, 97, 100, 45, 76, 45, 50, 48, 48, 58, 115, 116, 114, 101, 115, 115, 58, 99, 111, 109, 112, 111, 110, 101, 110, 116, 45, 67, 45, 49, 49, 48, 58, 112, 105, 112, 101, 45, 80, 45, 49, 49, 48, 58, 101, 110, 100, 45, 105, 58, 117, 115, 101, 114, 45, 109, 117, 108, 116, 105, 112, 108, 105, 101, 114, 34, 10, 32, 32, 32, 32, 125, 44, 10, 32, 32, 32, 32, 123, 10, 32, 32, 32, 32, 32, 32, 34, 114, 101, 102, 95, 116, 121, 112, 101, 34, 58, 32, 34, 114, 101, 115, 117, 108, 116, 34, 44, 10, 32, 32, 32, 32, 32, 32, 34, 114, 101, 102, 95, 105, 100, 34, 58, 32, 34, 114, 101, 115, 117, 108, 116, 58, 108, 111, 97, 100, 99, 97, 115, 101, 58, 108, 111, 97, 100, 45, 76, 45, 50, 48, 48, 58, 115, 116, 114, 101, 115, 115, 58, 99, 111, 109, 112, 111, 110, 101, 110, 116, 45, 67, 45, 49, 50, 48, 58, 112, 105, 112, 101, 45, 80, 45, 49, 49, 48, 58, 101, 110, 100, 45, 106, 58, 117, 115, 101, 114, 45, 109, 117, 108, 116, 105, 112, 108, 105, 101, 114, 34, 10, 32, 32, 32, 32, 125, 44, 10, 32, 32, 32, 32, 123, 10, 32, 32, 32, 32, 32, 32, 34, 114, 101, 102, 95, 116, 121, 112, 101, 34, 58, 32, 34, 114, 101, 115, 117, 108, 116, 34, 44, 10, 32, 32, 32, 32, 32, 32, 34, 114, 101, 102, 95, 105, 100, 34, 58, 32, 34, 114, 101, 115, 117, 108, 116, 58, 108, 111, 97, 100, 99, 97, 115, 101, 58, 108, 111, 97, 100, 45, 76, 45, 50, 48, 48, 58, 102, 111, 114, 99, 101, 58, 112, 105, 112, 101, 45, 80, 45, 49, 50, 48, 58, 97, 120, 105, 97, 108, 34, 10, 32, 32, 32, 32, 125, 44, 10, 32, 32, 32, 32, 123, 10, 32, 32, 32, 32, 32, 32, 34, 114, 101, 102, 95, 116, 121, 112, 101, 34, 58, 32, 34, 114, 101, 115, 117, 108, 116, 34, 44, 10, 32, 32, 32, 32, 32, 32, 34, 114, 101, 102, 95, 105, 100, 34, 58, 32, 34, 114, 101, 115, 117, 108, 116, 58, 108, 111, 97, 100, 99, 97, 115, 101, 58, 108, 111, 97, 100, 45, 76, 45, 50, 48, 48, 58, 102, 111, 114, 99, 101, 58, 112, 105, 112, 101, 45, 80, 45, 49, 50, 48, 58, 97, 120, 105, 97, 108, 58, 101, 110, 100, 45, 106, 34, 10, 32, 32, 32, 32, 125, 44, 10, 32, 32, 32, 32, 123, 10, 32, 32, 32, 32, 32, 32, 34, 114, 101, 102, 95, 116, 121, 112, 101, 34, 58, 32, 34, 114, 101, 115, 117, 108, 116, 34, 44, 10, 32, 32, 32, 32, 32, 32, 34, 114, 101, 102, 95, 105, 100, 34, 58, 32, 34, 114, 101, 115, 117, 108, 116, 58, 108, 111, 97, 100, 99, 97, 115, 101, 58, 108, 111, 97, 100, 45, 76, 45, 50, 48, 48, 58, 102, 111, 114, 99, 101, 58, 112, 105, 112, 101, 45, 80, 45, 49, 50, 48, 58, 115, 104, 101, 97, 114, 45, 121, 34, 10, 32, 32, 32, 32, 125, 44, 10, 32, 32, 32, 32, 123, 10, 32, 32, 32, 32, 32, 32, 34, 114, 101, 102, 95, 116, 121, 112, 101, 34, 58, 32, 34, 114, 101, 115, 117, 108, 116, 34, 44, 10, 32, 32, 32, 32, 32, 32, 34, 114, 101, 102, 95, 105, 100, 34, 58, 32, 34, 114, 101, 115, 117, 108, 116, 58, 108, 111, 97, 100, 99, 97, 115, 101, 58, 108, 111, 97, 100, 45, 76, 45, 50, 48, 48, 58, 102, 111, 114, 99, 101, 58, 112, 105, 112, 101, 45, 80, 45, 49, 50, 48, 58, 115, 104, 101, 97, 114, 45, 121, 58, 101, 110, 100, 45, 106, 34, 10, 32, 32, 32, 32, 125, 44, 10, 32, 32, 32, 32, 123, 10, 32, 32, 32, 32, 32, 32, 34, 114, 101, 102, 95, 116, 121, 112, 101, 34, 58, 32, 34, 114, 101, 115, 117, 108, 116, 34, 44, 10, 32, 32, 32, 32, 32, 32, 34, 114, 101, 102, 95, 105, 100, 34, 58, 32, 34, 114, 101, 115, 117, 108, 116, 58, 108, 111, 97, 100, 99, 97, 115, 101, 58, 108, 111, 97, 100, 45, 76, 45, 50, 48, 48, 58, 102, 111, 114, 99, 101, 58, 112, 105, 112, 101, 45, 80, 45, 49, 50, 48, 58, 115, 104, 101, 97, 114, 45, 122, 34, 10, 32, 32, 32, 32, 125, 44, 10, 32, 32, 32, 32, 123, 10, 32, 32, 32, 32, 32, 32, 34, 114, 101, 102, 95, 116, 121, 112, 101, 34, 58, 32, 34, 114, 101, 115, 117, 108, 116, 34, 44, 10, 32, 32, 32, 32, 32, 32, 34, 114, 101, 102, 95, 105, 100, 34, 58, 32, 34, 114, 101, 115, 117, 108, 116, 58, 108, 111, 97, 100, 99, 97, 115, 101, 58, 108, 111, 97, 100, 45, 76, 45, 50, 48, 48, 58, 102, 111, 114, 99, 101, 58, 112, 105, 112, 101, 45, 80, 45, 49, 50, 48, 58, 115, 104, 101, 97, 114, 45, 122, 58, 101, 110, 100, 45, 106, 34, 10, 32, 32, 32, 32, 125, 44, 10, 32, 32, 32, 32, 123, 10, 32, 32, 32, 32, 32, 32, 34, 114, 101, 102, 95, 116, 121, 112, 101, 34, 58, 32, 34, 114, 101, 115, 117, 108, 116, 34, 44, 10, 32, 32, 32, 32, 32, 32, 34, 114, 101, 102, 95, 105, 100, 34, 58, 32, 34, 114, 101, 115, 117, 108, 116, 58, 108, 111, 97, 100, 99, 97, 115, 101, 58, 108, 111, 97, 100, 45, 76, 45, 50, 48, 48, 58, 109, 111, 109, 101, 110, 116, 58, 112, 105, 112, 101, 45, 80, 45, 49, 50, 48, 58, 116, 111, 114, 115, 105, 111, 110, 34, 10, 32, 32, 32, 32, 125, 44, 10, 32, 32, 32, 32, 123, 10, 32, 32, 32, 32, 32, 32, 34, 114, 101, 102, 95, 116, 121, 112, 101, 34, 58, 32, 34, 114, 101, 115, 117, 108, 116, 34, 44, 10, 32, 32, 32, 32, 32, 32, 34, 114, 101, 102, 95, 105, 100, 34, 58, 32, 34, 114, 101, 115, 117, 108, 116, 58, 108, 111, 97, 100, 99, 97, 115, 101, 58, 108, 111, 97, 100, 45, 76, 45, 50, 48, 48, 58, 109, 111, 109, 101, 110, 116, 58, 112, 105, 112, 101, 45, 80, 45, 49, 50, 48, 58, 116, 111, 114, 115, 105, 111, 110, 58, 101, 110, 100, 45, 106, 34, 10, 32, 32, 32, 32, 125, 44, 10, 32, 32, 32, 32, 123, 10, 32, 32, 32, 32, 32, 32, 34, 114, 101, 102, 95, 116, 121, 112, 101, 34, 58, 32, 34, 114, 101, 115, 117, 108, 116, 34, 44, 10, 32, 32, 32, 32, 32, 32, 34, 114, 101, 102, 95, 105, 100, 34, 58, 32, 34, 114, 101, 115, 117, 108, 116, 58, 108, 111, 97, 100, 99, 97, 115, 101, 58, 108, 111, 97, 100, 45, 76, 45, 50, 48, 48, 58, 109, 111, 109, 101, 110, 116, 58, 112, 105, 112, 101, 45, 80, 45, 49, 50, 48, 58, 98, 101, 110, 100, 105, 110, 103, 45, 121, 34, 10, 32, 32, 32, 32, 125, 44, 10, 32, 32, 32, 32, 123, 10, 32, 32, 32, 32, 32, 32, 34, 114, 101, 102, 95, 116, 121, 112, 101, 34, 58, 32, 34, 114, 101, 115, 117, 108, 116, 34, 44, 10, 32, 32, 32, 32, 32, 32, 34, 114, 101, 102, 95, 105, 100, 34, 58, 32, 34, 114, 101, 115, 117, 108, 116, 58, 108, 111, 97, 100, 99, 97, 115, 101, 58, 108, 111, 97, 100, 45, 76, 45, 50, 48, 48, 58, 109, 111, 109, 101, 110, 116, 58, 112, 105, 112, 101, 45, 80, 45, 49, 50, 48, 58, 98, 101, 110, 100, 105, 110, 103, 45, 121, 58, 101, 110, 100, 45, 106, 34, 10, 32, 32, 32, 32, 125, 44, 10, 32, 32, 32, 32, 123, 10, 32, 32, 32, 32, 32, 32, 34, 114, 101, 102, 95, 116, 121, 112, 101, 34, 58, 32, 34, 114, 101, 115, 117, 108, 116, 34, 44, 10, 32, 32, 32, 32, 32, 32, 34, 114, 101, 102, 95, 105, 100, 34, 58, 32, 34, 114, 101, 115, 117, 108, 116, 58, 108, 111, 97, 100, 99, 97, 115, 101, 58, 108, 111, 97, 100, 45, 76, 45, 50, 48, 48, 58, 109, 111, 109, 101, 110, 116, 58, 112, 105, 112, 101, 45, 80, 45, 49, 50, 48, 58, 98, 101, 110, 100, 105, 110, 103, 45, 122, 34, 10, 32, 32, 32, 32, 125, 44, 10, 32, 32, 32, 32, 123, 10, 32, 32, 32, 32, 32, 32, 34, 114, 101, 102, 95, 116, 121, 112, 101, 34, 58, 32, 34, 114, 101, 115, 117, 108, 116, 34, 44, 10, 32, 32, 32, 32, 32, 32, 34, 114, 101, 102, 95, 105, 100, 34, 58, 32, 34, 114, 101, 115, 117, 108, 116, 58, 108, 111, 97, 100, 99, 97, 115, 101, 58, 108, 111, 97, 100, 45, 76, 45, 50, 48, 48, 58, 109, 111, 109, 101, 110, 116, 58, 112, 105, 112, 101, 45, 80, 45, 49, 50, 48, 58, 98, 101, 110, 100, 105, 110, 103, 45, 122, 58, 101, 110, 100, 45, 106, 34, 10, 32, 32, 32, 32, 125, 44, 10, 32, 32, 32, 32, 123, 10, 32, 32, 32, 32, 32, 32, 34, 114, 101, 102, 95, 116, 121, 112, 101, 34, 58, 32, 34, 114, 101, 115, 117, 108, 116, 34, 44, 10, 32, 32, 32, 32, 32, 32, 34, 114, 101, 102, 95, 105, 100, 34, 58, 32, 34, 114, 101, 115, 117, 108, 116, 58, 108, 111, 97, 100, 99, 97, 115, 101, 58, 108, 111, 97, 100, 45, 76, 45, 50, 48, 48, 58, 102, 111, 114, 99, 101, 58, 112, 105, 112, 101, 45, 80, 45, 49, 50, 48, 58, 113, 117, 97, 114, 116, 101, 114, 45, 49, 58, 97, 120, 105, 97, 108, 34, 10, 32, 32, 32, 32, 125, 44, 10, 32, 32, 32, 32, 123, 10, 32, 32, 32, 32, 32, 32, 34, 114, 101, 102, 95, 116, 121, 112, 101, 34, 58, 32, 34, 114, 101, 115, 117, 108, 116, 34, 44, 10, 32, 32, 32, 32, 32, 32, 34, 114, 101, 102, 95, 105, 100, 34, 58, 32, 34, 114, 101, 115, 117, 108, 116, 58, 108, 111, 97, 100, 99, 97, 115, 101, 58, 108, 111, 97, 100, 45, 76, 45, 50, 48, 48, 58, 102, 111, 114, 99, 101, 58, 112, 105, 112, 101, 45, 80, 45, 49, 50, 48, 58, 113, 117, 97, 114, 116, 101, 114, 45, 49, 58, 115, 104, 101, 97, 114, 45, 121, 34, 10, 32, 32, 32, 32, 125, 44, 10, 32, 32, 32, 32, 123, 10, 32, 32, 32, 32, 32, 32, 34, 114, 101, 102, 95, 116, 121, 112, 101, 34, 58, 32, 34, 114, 101, 115, 117, 108, 116, 34, 44, 10, 32, 32, 32, 32, 32, 32, 34, 114, 101, 102, 95, 105, 100, 34, 58, 32, 34, 114, 101, 115, 117, 108, 116, 58, 108, 111, 97, 100, 99, 97, 115, 101, 58, 108, 111, 97, 100, 45, 76, 45, 50, 48, 48, 58, 102, 111, 114, 99, 101, 58, 112, 105, 112, 101, 45, 80, 45, 49, 50, 48, 58, 113, 117, 97, 114, 116, 101, 114, 45, 49, 58, 115, 104, 101, 97, 114, 45, 122, 34, 10, 32, 32, 32, 32, 125, 44, 10, 32, 32, 32, 32, 123, 10, 32, 32, 32, 32, 32, 32, 34, 114, 101, 102, 95, 116, 121, 112, 101, 34, 58, 32, 34, 114, 101, 115, 117, 108, 116, 34, 44, 10, 32, 32, 32, 32, 32, 32, 34, 114, 101, 102, 95, 105, 100, 34, 58, 32, 34, 114, 101, 115, 117, 108, 116, 58, 108, 111, 97, 100, 99, 97, 115, 101, 58, 108, 111, 97, 100, 45, 76, 45, 50, 48, 48, 58, 109, 111, 109, 101, 110, 116, 58, 112, 105, 112, 101, 45, 80, 45, 49, 50, 48, 58, 113, 117, 97, 114, 116, 101, 114, 45, 49, 58, 116, 111, 114, 115, 105, 111, 110, 34, 10, 32, 32, 32, 32, 125, 44, 10, 32, 32, 32, 32, 123, 10, 32, 32, 32, 32, 32, 32, 34, 114, 101, 102, 95, 116, 121, 112, 101, 34, 58, 32, 34, 114, 101, 115, 117, 108, 116, 34, 44, 10, 32, 32, 32, 32, 32, 32, 34, 114, 101, 102, 95, 105, 100, 34, 58, 32, 34, 114, 101, 115, 117, 108, 116, 58, 108, 111, 97, 100, 99, 97, 115, 101, 58, 108, 111, 97, 100, 45, 76, 45, 50, 48, 48, 58, 109, 111, 109, 101, 110, 116, 58, 112, 105, 112, 101, 45, 80, 45, 49, 50, 48, 58, 113, 117, 97, 114, 116, 101, 114, 45, 49, 58, 98, 101, 110, 100, 105, 110, 103, 45, 121, 34, 10, 32, 32, 32, 32, 125, 44, 10, 32, 32, 32, 32, 123, 10, 32, 32, 32, 32, 32, 32, 34, 114, 101, 102, 95, 116, 121, 112, 101, 34, 58, 32, 34, 114, 101, 115, 117, 108, 116, 34, 44, 10, 32, 32, 32, 32, 32, 32, 34, 114, 101, 102, 95, 105, 100, 34, 58, 32, 34, 114, 101, 115, 117, 108, 116, 58, 108, 111, 97, 100, 99, 97, 115, 101, 58, 108, 111, 97, 100, 45, 76, 45, 50, 48, 48, 58, 109, 111, 109, 101, 110, 116, 58, 112, 105, 112, 101, 45, 80, 45, 49, 50, 48, 58, 113, 117, 97, 114, 116, 101, 114, 45, 49, 58, 98, 101, 110, 100, 105, 110, 103, 45, 122, 34, 10, 32, 32, 32, 32, 125, 44, 10, 32, 32, 32, 32, 123, 10, 32, 32, 32, 32, 32, 32, 34, 114, 101, 102, 95, 116, 121, 112, 101, 34, 58, 32, 34, 114, 101, 115, 117, 108, 116, 34, 44, 10, 32, 32, 32, 32, 32, 32, 34, 114, 101, 102, 95, 105, 100, 34, 58, 32, 34, 114, 101, 115, 117, 108, 116, 58, 108, 111, 97, 100, 99, 97, 115, 101, 58, 108, 111, 97, 100, 45, 76, 45, 50, 48, 48, 58, 102, 111, 114, 99, 101, 58, 112, 105, 112, 101, 45, 80, 45, 49, 50, 48, 58, 109, 105, 100, 115, 112, 97, 110, 58, 97, 120, 105, 97, 108, 34, 10, 32, 32, 32, 32, 125, 44, 10, 32, 32, 32, 32, 123, 10, 32, 32, 32, 32, 32, 32, 34, 114, 101, 102, 95, 116, 121, 112, 101, 34, 58, 32, 34, 114, 101, 115, 117, 108, 116, 34, 44, 10, 32, 32, 32, 32, 32, 32, 34, 114, 101, 102, 95, 105, 100, 34, 58, 32, 34, 114, 101, 115, 117, 108, 116, 58, 108, 111, 97, 100, 99, 97, 115, 101, 58, 108, 111, 97, 100, 45, 76, 45, 50, 48, 48, 58, 102, 111, 114, 99, 101, 58, 112, 105, 112, 101, 45, 80, 45, 49, 50, 48, 58, 109, 105, 100, 115, 112, 97, 110, 58, 115, 104, 101, 97, 114, 45, 121, 34, 10, 32, 32, 32, 32, 125, 44, 10, 32, 32, 32, 32, 123, 10, 32, 32, 32, 32, 32, 32, 34, 114, 101, 102, 95, 116, 121, 112, 101, 34, 58, 32, 34, 114, 101, 115, 117, 108, 116, 34, 44, 10, 32, 32, 32, 32, 32, 32, 34, 114, 101, 102, 95, 105, 100, 34, 58, 32, 34, 114, 101, 115, 117, 108, 116, 58, 108, 111, 97, 100, 99, 97, 115, 101, 58, 108, 111, 97, 100, 45, 76, 45, 50, 48, 48, 58, 102, 111, 114, 99, 101, 58, 112, 105, 112, 101, 45, 80, 45, 49, 50, 48, 58, 109, 105, 100, 115, 112, 97, 110, 58, 115, 104, 101, 97, 114, 45, 122, 34, 10, 32, 32, 32, 32, 125, 44, 10, 32, 32, 32, 32, 123, 10, 32, 32, 32, 32, 32, 32, 34, 114, 101, 102, 95, 116, 121, 112, 101, 34, 58, 32, 34, 114, 101, 115, 117, 108, 116, 34, 44, 10, 32, 32, 32, 32, 32, 32, 34, 114, 101, 102, 95, 105, 100, 34, 58, 32, 34, 114, 101, 115, 117, 108, 116, 58, 108, 111, 97, 100, 99, 97, 115, 101, 58, 108, 111, 97, 100, 45, 76, 45, 50, 48, 48, 58, 109, 111, 109, 101, 110, 116, 58, 112, 105, 112, 101, 45, 80, 45, 49, 50, 48, 58, 109, 105, 100, 115, 112, 97, 110, 58, 116, 111, 114, 115, 105, 111, 110, 34, 10, 32, 32, 32, 32, 125, 44, 10, 32, 32, 32, 32, 123, 10, 32, 32, 32, 32, 32, 32, 34, 114, 101, 102, 95, 116, 121, 112, 101, 34, 58, 32, 34, 114, 101, 115, 117, 108, 116, 34, 44, 10, 32, 32, 32, 32, 32, 32, 34, 114, 101, 102, 95, 105, 100, 34, 58, 32, 34, 114, 101, 115, 117, 108, 116, 58, 108, 111, 97, 100, 99, 97, 115, 101, 58, 108, 111, 97, 100, 45, 76, 45, 50, 48, 48, 58, 109, 111, 109, 101, 110, 116, 58, 112, 105, 112, 101, 45, 80, 45, 49, 50, 48, 58, 109, 105, 100, 115, 112, 97, 110, 58, 98, 101, 110, 100, 105, 110, 103, 45, 121, 34, 10, 32, 32, 32, 32, 125, 44, 10, 32, 32, 32, 32, 123, 10, 32, 32, 32, 32, 32, 32, 34, 114, 101, 102, 95, 116, 121, 112, 101, 34, 58, 32, 34, 114, 101, 115, 117, 108, 116, 34, 44, 10, 32, 32, 32, 32, 32, 32, 34, 114, 101, 102, 95, 105, 100, 34, 58, 32, 34, 114, 101, 115, 117, 108, 116, 58, 108, 111, 97, 100, 99, 97, 115, 101, 58, 108, 111, 97, 100, 45, 76, 45, 50, 48, 48, 58, 109, 111, 109, 101, 110, 116, 58, 112, 105, 112, 101, 45, 80, 45, 49, 50, 48, 58, 109, 105, 100, 115, 112, 97, 110, 58, 98, 101, 110, 100, 105, 110, 103, 45, 122, 34, 10, 32, 32, 32, 32, 125, 44, 10, 32, 32, 32, 32, 123, 10, 32, 32, 32, 32, 32, 32, 34, 114, 101, 102, 95, 116, 121, 112, 101, 34, 58, 32, 34, 114, 101, 115, 117, 108, 116, 34, 44, 10, 32, 32, 32, 32, 32, 32, 34, 114, 101, 102, 95, 105, 100, 34, 58, 32, 34, 114, 101, 115, 117, 108, 116, 58, 108, 111, 97, 100, 99, 97, 115, 101, 58, 108, 111, 97, 100, 45, 76, 45, 50, 48, 48, 58, 102, 111, 114, 99, 101, 58, 112, 105, 112, 101, 45, 80, 45, 49, 50, 48, 58, 113, 117, 97, 114, 116, 101, 114, 45, 51, 58, 97, 120, 105, 97, 108, 34, 10, 32, 32, 32, 32, 125, 44, 10, 32, 32, 32, 32, 123, 10, 32, 32, 32, 32, 32, 32, 34, 114, 101, 102, 95, 116, 121, 112, 101, 34, 58, 32, 34, 114, 101, 115, 117, 108, 116, 34, 44, 10, 32, 32, 32, 32, 32, 32, 34, 114, 101, 102, 95, 105, 100, 34, 58, 32, 34, 114, 101, 115, 117, 108, 116, 58, 108, 111, 97, 100, 99, 97, 115, 101, 58, 108, 111, 97, 100, 45, 76, 45, 50, 48, 48, 58, 102, 111, 114, 99, 101, 58, 112, 105, 112, 101, 45, 80, 45, 49, 50, 48, 58, 113, 117, 97, 114, 116, 101, 114, 45, 51, 58, 115, 104, 101, 97, 114, 45, 121, 34, 10, 32, 32, 32, 32, 125, 44, 10, 32, 32, 32, 32, 123, 10, 32, 32, 32, 32, 32, 32, 34, 114, 101, 102, 95, 116, 121, 112, 101, 34, 58, 32, 34, 114, 101, 115, 117, 108, 116, 34, 44, 10, 32, 32, 32, 32, 32, 32, 34, 114, 101, 102, 95, 105, 100, 34, 58, 32, 34, 114, 101, 115, 117, 108, 116, 58, 108, 111, 97, 100, 99, 97, 115, 101, 58, 108, 111, 97, 100, 45, 76, 45, 50, 48, 48, 58, 102, 111, 114, 99, 101, 58, 112, 105, 112, 101, 45, 80, 45, 49, 50, 48, 58, 113, 117, 97, 114, 116, 101, 114, 45, 51, 58, 115, 104, 101, 97, 114, 45, 122, 34, 10, 32, 32, 32, 32, 125, 44, 10, 32, 32, 32, 32, 123, 10, 32, 32, 32, 32, 32, 32, 34, 114, 101, 102, 95, 116, 121, 112, 101, 34, 58, 32, 34, 114, 101, 115, 117, 108, 116, 34, 44, 10, 32, 32, 32, 32, 32, 32, 34, 114, 101, 102, 95, 105, 100, 34, 58, 32, 34, 114, 101, 115, 117, 108, 116, 58, 108, 111, 97, 100, 99, 97, 115, 101, 58, 108, 111, 97, 100, 45, 76, 45, 50, 48, 48, 58, 109, 111, 109, 101, 110, 116, 58, 112, 105, 112, 101, 45, 80, 45, 49, 50, 48, 58, 113, 117, 97, 114, 116, 101, 114, 45, 51, 58, 116, 111, 114, 115, 105, 111, 110, 34, 10, 32, 32, 32, 32, 125, 44, 10, 32, 32, 32, 32, 123, 10, 32, 32, 32, 32, 32, 32, 34, 114, 101, 102, 95, 116, 121, 112, 101, 34, 58, 32, 34, 114, 101, 115, 117, 108, 116, 34, 44, 10, 32, 32, 32, 32, 32, 32, 34, 114, 101, 102, 95, 105, 100, 34, 58, 32, 34, 114, 101, 115, 117, 108, 116, 58, 108, 111, 97, 100, 99, 97, 115, 101, 58, 108, 111, 97, 100, 45, 76, 45, 50, 48, 48, 58, 109, 111, 109, 101, 110, 116, 58, 112, 105, 112, 101, 45, 80, 45, 49, 50, 48, 58, 113, 117, 97, 114, 116, 101, 114, 45, 51, 58, 98, 101, 110, 100, 105, 110, 103, 45, 121, 34, 10, 32, 32, 32, 32, 125, 44, 10, 32, 32, 32, 32, 123, 10, 32, 32, 32, 32, 32, 32, 34, 114, 101, 102, 95, 116, 121, 112, 101, 34, 58, 32, 34, 114, 101, 115, 117, 108, 116, 34, 44, 10, 32, 32, 32, 32, 32, 32, 34, 114, 101, 102, 95, 105, 100, 34, 58, 32, 34, 114, 101, 115, 117, 108, 116, 58, 108, 111, 97, 100, 99, 97, 115, 101, 58, 108, 111, 97, 100, 45, 76, 45, 50, 48, 48, 58, 109, 111, 109, 101, 110, 116, 58, 112, 105, 112, 101, 45, 80, 45, 49, 50, 48, 58, 113, 117, 97, 114, 116, 101, 114, 45, 51, 58, 98, 101, 110, 100, 105, 110, 103, 45, 122, 34, 10, 32, 32, 32, 32, 125, 44, 10, 32, 32, 32, 32, 123, 10, 32, 32, 32, 32, 32, 32, 34, 114, 101, 102, 95, 116, 121, 112, 101, 34, 58, 32, 34, 114, 101, 115, 117, 108, 116, 34, 44, 10, 32, 32, 32, 32, 32, 32, 34, 114, 101, 102, 95, 105, 100, 34, 58, 32, 34, 114, 101, 115, 117, 108, 116, 58, 108, 111, 97, 100, 99, 97, 115, 101, 58, 108, 111, 97, 100, 45, 76, 45, 50, 48, 48, 58, 115, 116, 114, 101, 115, 115, 58, 112, 105, 112, 101, 45, 80, 45, 49, 50, 48, 58, 101, 110, 100, 45, 105, 58, 97, 120, 105, 97, 108, 45, 110, 111, 114, 109, 97, 108, 34, 10, 32, 32, 32, 32, 125, 44, 10, 32, 32, 32, 32, 123, 10, 32, 32, 32, 32, 32, 32, 34, 114, 101, 102, 95, 116, 121, 112, 101, 34, 58, 32, 34, 114, 101, 115, 117, 108, 116, 34, 44, 10, 32, 32, 32, 32, 32, 32, 34, 114, 101, 102, 95, 105, 100, 34, 58, 32, 34, 114, 101, 115, 117, 108, 116, 58, 108, 111, 97, 100, 99, 97, 115, 101, 58, 108, 111, 97, 100, 45, 76, 45, 50, 48, 48, 58, 115, 116, 114, 101, 115, 115, 58, 112, 105, 112, 101, 45, 80, 45, 49, 50, 48, 58, 101, 110, 100, 45, 105, 58, 98, 101, 110, 100, 105, 110, 103, 45, 110, 111, 114, 109, 97, 108, 45, 121, 34, 10, 32, 32, 32, 32, 125, 44, 10, 32, 32, 32, 32, 123, 10, 32, 32, 32, 32, 32, 32, 34, 114, 101, 102, 95, 116, 121, 112, 101, 34, 58, 32, 34, 114, 101, 115, 117, 108, 116, 34, 44, 10, 32, 32, 32, 32, 32, 32, 34, 114, 101, 102, 95, 105, 100, 34, 58, 32, 34, 114, 101, 115, 117, 108, 116, 58, 108, 111, 97, 100, 99, 97, 115, 101, 58, 108, 111, 97, 100, 45, 76, 45, 50, 48, 48, 58, 115, 116, 114, 101, 115, 115, 58, 112, 105, 112, 101, 45, 80, 45, 49, 50, 48, 58, 101, 110, 100, 45, 105, 58, 98, 101, 110, 100, 105, 110, 103, 45, 110, 111, 114, 109, 97, 108, 45, 122, 34, 10, 32, 32, 32, 32, 125, 44, 10, 32, 32, 32, 32, 123, 10, 32, 32, 32, 32, 32, 32, 34, 114, 101, 102, 95, 116, 121, 112, 101, 34, 58, 32, 34, 114, 101, 115, 117, 108, 116, 34, 44, 10, 32, 32, 32, 32, 32, 32, 34, 114, 101, 102, 95, 105, 100, 34, 58, 32, 34, 114, 101, 115, 117, 108, 116, 58, 108, 111, 97, 100, 99, 97, 115, 101, 58, 108, 111, 97, 100, 45, 76, 45, 50, 48, 48, 58, 115, 116, 114, 101, 115, 115, 58, 112, 105, 112, 101, 45, 80, 45, 49, 50, 48, 58, 101, 110, 100, 45, 105, 58, 116, 111, 114, 115, 105, 111, 110, 97, 108, 45, 115, 104, 101, 97, 114, 34, 10, 32, 32, 32, 32, 125, 44, 10, 32, 32, 32, 32, 123, 10, 32, 32, 32, 32, 32, 32, 34, 114, 101, 102, 95, 116, 121, 112, 101, 34, 58, 32, 34, 114, 101, 115, 117, 108, 116, 34, 44, 10, 32, 32, 32, 32, 32, 32, 34, 114, 101, 102, 95, 105, 100, 34, 58, 32, 34, 114, 101, 115, 117, 108, 116, 58, 108, 111, 97, 100, 99, 97, 115, 101, 58, 108, 111, 97, 100, 45, 76, 45, 50, 48, 48, 58, 115, 116, 114, 101, 115, 115, 58, 112, 105, 112, 101, 45, 80, 45, 49, 50, 48, 58, 101, 110, 100, 45, 105, 58, 112, 114, 101, 115, 115, 117, 114, 101, 45, 104, 111, 111, 112, 34, 10, 32, 32, 32, 32, 125, 44, 10, 32, 32, 32, 32, 123, 10, 32, 32, 32, 32, 32, 32, 34, 114, 101, 102, 95, 116, 121, 112, 101, 34, 58, 32, 34, 114, 101, 115, 117, 108, 116, 34, 44, 10, 32, 32, 32, 32, 32, 32, 34, 114, 101, 102, 95, 105, 100, 34, 58, 32, 34, 114, 101, 115, 117, 108, 116, 58, 108, 111, 97, 100, 99, 97, 115, 101, 58, 108, 111, 97, 100, 45, 76, 45, 50, 48, 48, 58, 115, 116, 114, 101, 115, 115, 58, 112, 105, 112, 101, 45, 80, 45, 49, 50, 48, 58, 101, 110, 100, 45, 106, 58, 97, 120, 105, 97, 108, 45, 110, 111, 114, 109, 97, 108, 34, 10, 32, 32, 32, 32, 125, 44, 10, 32, 32, 32, 32, 123, 10, 32, 32, 32, 32, 32, 32, 34, 114, 101, 102, 95, 116, 121, 112, 101, 34, 58, 32, 34, 114, 101, 115, 117, 108, 116, 34, 44, 10, 32, 32, 32, 32, 32, 32, 34, 114, 101, 102, 95, 105, 100, 34, 58, 32, 34, 114, 101, 115, 117, 108, 116, 58, 108, 111, 97, 100, 99, 97, 115, 101, 58, 108, 111, 97, 100, 45, 76, 45, 50, 48, 48, 58, 115, 116, 114, 101, 115, 115, 58, 112, 105, 112, 101, 45, 80, 45, 49, 50, 48, 58, 101, 110, 100, 45, 106, 58, 98, 101, 110, 100, 105, 110, 103, 45, 110, 111, 114, 109, 97, 108, 45, 121, 34, 10, 32, 32, 32, 32, 125, 44, 10, 32, 32, 32, 32, 123, 10, 32, 32, 32, 32, 32, 32, 34, 114, 101, 102, 95, 116, 121, 112, 101, 34, 58, 32, 34, 114, 101, 115, 117, 108, 116, 34, 44, 10, 32, 32, 32, 32, 32, 32, 34, 114, 101, 102, 95, 105, 100, 34, 58, 32, 34, 114, 101, 115, 117, 108, 116, 58, 108, 111, 97, 100, 99, 97, 115, 101, 58, 108, 111, 97, 100, 45, 76, 45, 50, 48, 48, 58, 115, 116, 114, 101, 115, 115, 58, 112, 105, 112, 101, 45, 80, 45, 49, 50, 48, 58, 101, 110, 100, 45, 106, 58, 98, 101, 110, 100, 105, 110, 103, 45, 110, 111, 114, 109, 97, 108, 45, 122, 34, 10, 32, 32, 32, 32, 125, 44, 10, 32, 32, 32, 32, 123, 10, 32, 32, 32, 32, 32, 32, 34, 114, 101, 102, 95, 116, 121, 112, 101, 34, 58, 32, 34, 114, 101, 115, 117, 108, 116, 34, 44, 10, 32, 32, 32, 32, 32, 32, 34, 114, 101, 102, 95, 105, 100, 34, 58, 32, 34, 114, 101, 115, 117, 108, 116, 58, 108, 111, 97, 100, 99, 97, 115, 101, 58, 108, 111, 97, 100, 45, 76, 45, 50, 48, 48, 58, 115, 116, 114, 101, 115, 115, 58, 112, 105, 112, 101, 45, 80, 45, 49, 50, 48, 58, 101, 110, 100, 45, 106, 58, 116, 111, 114, 115, 105, 111, 110, 97, 108, 45, 115, 104, 101, 97, 114, 34, 10, 32, 32, 32, 32, 125, 44, 10, 32, 32, 32, 32, 123, 10, 32, 32, 32, 32, 32, 32, 34, 114, 101, 102, 95, 116, 121, 112, 101, 34, 58, 32, 34, 114, 101, 115, 117, 108, 116, 34, 44, 10, 32, 32, 32, 32, 32, 32, 34, 114, 101, 102, 95, 105, 100, 34, 58, 32, 34, 114, 101, 115, 117, 108, 116, 58, 108, 111, 97, 100, 99, 97, 115, 101, 58, 108, 111, 97, 100, 45, 76, 45, 50, 48, 48, 58, 115, 116, 114, 101, 115, 115, 58, 112, 105, 112, 101, 45, 80, 45, 49, 50, 48, 58, 101, 110, 100, 45, 106, 58, 112, 114, 101, 115, 115, 117, 114, 101, 45, 104, 111, 111, 112, 34, 10, 32, 32, 32, 32, 125, 44, 10, 32, 32, 32, 32, 123, 10, 32, 32, 32, 32, 32, 32, 34, 114, 101, 102, 95, 116, 121, 112, 101, 34, 58, 32, 34, 114, 101, 115, 117, 108, 116, 34, 44, 10, 32, 32, 32, 32, 32, 32, 34, 114, 101, 102, 95, 105, 100, 34, 58, 32, 34, 114, 101, 115, 117, 108, 116, 58, 108, 111, 97, 100, 99, 97, 115, 101, 58, 108, 111, 97, 100, 45, 76, 45, 50, 48, 48, 58, 115, 116, 114, 101, 115, 115, 58, 112, 105, 112, 101, 45, 80, 45, 49, 50, 48, 58, 113, 117, 97, 114, 116, 101, 114, 45, 49, 58, 97, 120, 105, 97, 108, 45, 110, 111, 114, 109, 97, 108, 34, 10, 32, 32, 32, 32, 125, 44, 10, 32, 32, 32, 32, 123, 10, 32, 32, 32, 32, 32, 32, 34, 114, 101, 102, 95, 116, 121, 112, 101, 34, 58, 32, 34, 114, 101, 115, 117, 108, 116, 34, 44, 10, 32, 32, 32, 32, 32, 32, 34, 114, 101, 102, 95, 105, 100, 34, 58, 32, 34, 114, 101, 115, 117, 108, 116, 58, 108, 111, 97, 100, 99, 97, 115, 101, 58, 108, 111, 97, 100, 45, 76, 45, 50, 48, 48, 58, 115, 116, 114, 101, 115, 115, 58, 112, 105, 112, 101, 45, 80, 45, 49, 50, 48, 58, 113, 117, 97, 114, 116, 101, 114, 45, 49, 58, 98, 101, 110, 100, 105, 110, 103, 45, 110, 111, 114, 109, 97, 108, 45, 121, 34, 10, 32, 32, 32, 32, 125, 44, 10, 32, 32, 32, 32, 123, 10, 32, 32, 32, 32, 32, 32, 34, 114, 101, 102, 95, 116, 121, 112, 101, 34, 58, 32, 34, 114, 101, 115, 117, 108, 116, 34, 44, 10, 32, 32, 32, 32, 32, 32, 34, 114, 101, 102, 95, 105, 100, 34, 58, 32, 34, 114, 101, 115, 117, 108, 116, 58, 108, 111, 97, 100, 99, 97, 115, 101, 58, 108, 111, 97, 100, 45, 76, 45, 50, 48, 48, 58, 115, 116, 114, 101, 115, 115, 58, 112, 105, 112, 101, 45, 80, 45, 49, 50, 48, 58, 113, 117, 97, 114, 116, 101, 114, 45, 49, 58, 98, 101, 110, 100, 105, 110, 103, 45, 110, 111, 114, 109, 97, 108, 45, 122, 34, 10, 32, 32, 32, 32, 125, 44, 10, 32, 32, 32, 32, 123, 10, 32, 32, 32, 32, 32, 32, 34, 114, 101, 102, 95, 116, 121, 112, 101, 34, 58, 32, 34, 114, 101, 115, 117, 108, 116, 34, 44, 10, 32, 32, 32, 32, 32, 32, 34, 114, 101, 102, 95, 105, 100, 34, 58, 32, 34, 114, 101, 115, 117, 108, 116, 58, 108, 111, 97, 100, 99, 97, 115, 101, 58, 108, 111, 97, 100, 45, 76, 45, 50, 48, 48, 58, 115, 116, 114, 101, 115, 115, 58, 112, 105, 112, 101, 45, 80, 45, 49, 50, 48, 58, 113, 117, 97, 114, 116, 101, 114, 45, 49, 58, 116, 111, 114, 115, 105, 111, 110, 97, 108, 45, 115, 104, 101, 97, 114, 34, 10, 32, 32, 32, 32, 125, 44, 10, 32, 32, 32, 32, 123, 10, 32, 32, 32, 32, 32, 32, 34, 114, 101, 102, 95, 116, 121, 112, 101, 34, 58, 32, 34, 114, 101, 115, 117, 108, 116, 34, 44, 10, 32, 32, 32, 32, 32, 32, 34, 114, 101, 102, 95, 105, 100, 34, 58, 32, 34, 114, 101, 115, 117, 108, 116, 58, 108, 111, 97, 100, 99, 97, 115, 101, 58, 108, 111, 97, 100, 45, 76, 45, 50, 48, 48, 58, 115, 116, 114, 101, 115, 115, 58, 112, 105, 112, 101, 45, 80, 45, 49, 50, 48, 58, 113, 117, 97, 114, 116, 101, 114, 45, 49, 58, 112, 114, 101, 115, 115, 117, 114, 101, 45, 104, 111, 111, 112, 34, 10, 32, 32, 32, 32, 125, 44, 10, 32, 32, 32, 32, 123, 10, 32, 32, 32, 32, 32, 32, 34, 114, 101, 102, 95, 116, 121, 112, 101, 34, 58, 32, 34, 114, 101, 115, 117, 108, 116, 34, 44, 10, 32, 32, 32, 32, 32, 32, 34, 114, 101, 102, 95, 105, 100, 34, 58, 32, 34, 114, 101, 115, 117, 108, 116, 58, 108, 111, 97, 100, 99, 97, 115, 101, 58, 108, 111, 97, 100, 45, 76, 45, 50, 48, 48, 58, 115, 116, 114, 101, 115, 115, 58, 112, 105, 112, 101, 45, 80, 45, 49, 50, 48, 58, 109, 105, 100, 115, 112, 97, 110, 58, 97, 120, 105, 97, 108, 45, 110, 111, 114, 109, 97, 108, 34, 10, 32, 32, 32, 32, 125, 44, 10, 32, 32, 32, 32, 123, 10, 32, 32, 32, 32, 32, 32, 34, 114, 101, 102, 95, 116, 121, 112, 101, 34, 58, 32, 34, 114, 101, 115, 117, 108, 116, 34, 44, 10, 32, 32, 32, 32, 32, 32, 34, 114, 101, 102, 95, 105, 100, 34, 58, 32, 34, 114, 101, 115, 117, 108, 116, 58, 108, 111, 97, 100, 99, 97, 115, 101, 58, 108, 111, 97, 100, 45, 76, 45, 50, 48, 48, 58, 115, 116, 114, 101, 115, 115, 58, 112, 105, 112, 101, 45, 80, 45, 49, 50, 48, 58, 109, 105, 100, 115, 112, 97, 110, 58, 98, 101, 110, 100, 105, 110, 103, 45, 110, 111, 114, 109, 97, 108, 45, 121, 34, 10, 32, 32, 32, 32, 125, 44, 10, 32, 32, 32, 32, 123, 10, 32, 32, 32, 32, 32, 32, 34, 114, 101, 102, 95, 116, 121, 112, 101, 34, 58, 32, 34, 114, 101, 115, 117, 108, 116, 34, 44, 10, 32, 32, 32, 32, 32, 32, 34, 114, 101, 102, 95, 105, 100, 34, 58, 32, 34, 114, 101, 115, 117, 108, 116, 58, 108, 111, 97, 100, 99, 97, 115, 101, 58, 108, 111, 97, 100, 45, 76, 45, 50, 48, 48, 58, 115, 116, 114, 101, 115, 115, 58, 112, 105, 112, 101, 45, 80, 45, 49, 50, 48, 58, 109, 105, 100, 115, 112, 97, 110, 58, 98, 101, 110, 100, 105, 110, 103, 45, 110, 111, 114, 109, 97, 108, 45, 122, 34, 10, 32, 32, 32, 32, 125, 44, 10, 32, 32, 32, 32, 123, 10, 32, 32, 32, 32, 32, 32, 34, 114, 101, 102, 95, 116, 121, 112, 101, 34, 58, 32, 34, 114, 101, 115, 117, 108, 116, 34, 44, 10, 32, 32, 32, 32, 32, 32, 34, 114, 101, 102, 95, 105, 100, 34, 58, 32, 34, 114, 101, 115, 117, 108, 116, 58, 108, 111, 97, 100, 99, 97, 115, 101, 58, 108, 111, 97, 100, 45, 76, 45, 50, 48, 48, 58, 115, 116, 114, 101, 115, 115, 58, 112, 105, 112, 101, 45, 80, 45, 49, 50, 48, 58, 109, 105, 100, 115, 112, 97, 110, 58, 116, 111, 114, 115, 105, 111, 110, 97, 108, 45, 115, 104, 101, 97, 114, 34, 10, 32, 32, 32, 32, 125, 44, 10, 32, 32, 32, 32, 123, 10, 32, 32, 32, 32, 32, 32, 34, 114, 101, 102, 95, 116, 121, 112, 101, 34, 58, 32, 34, 114, 101, 115, 117, 108, 116, 34, 44, 10, 32, 32, 32, 32, 32, 32, 34, 114, 101, 102, 95, 105, 100, 34, 58, 32, 34, 114, 101, 115, 117, 108, 116, 58, 108, 111, 97, 100, 99, 97, 115, 101, 58, 108, 111, 97, 100, 45, 76, 45, 50, 48, 48, 58, 115, 116, 114, 101, 115, 115, 58, 112, 105, 112, 101, 45, 80, 45, 49, 50, 48, 58, 109, 105, 100, 115, 112, 97, 110, 58, 112, 114, 101, 115, 115, 117, 114, 101, 45, 104, 111, 111, 112, 34, 10, 32, 32, 32, 32, 125, 44, 10, 32, 32, 32, 32, 123, 10, 32, 32, 32, 32, 32, 32, 34, 114, 101, 102, 95, 116, 121, 112, 101, 34, 58, 32, 34, 114, 101, 115, 117, 108, 116, 34, 44, 10, 32, 32, 32, 32, 32, 32, 34, 114, 101, 102, 95, 105, 100, 34, 58, 32, 34, 114, 101, 115, 117, 108, 116, 58, 108, 111, 97, 100, 99, 97, 115, 101, 58, 108, 111, 97, 100, 45, 76, 45, 50, 48, 48, 58, 115, 116, 114, 101, 115, 115, 58, 112, 105, 112, 101, 45, 80, 45, 49, 50, 48, 58, 113, 117, 97, 114, 116, 101, 114, 45, 51, 58, 97, 120, 105, 97, 108, 45, 110, 111, 114, 109, 97, 108, 34, 10, 32, 32, 32, 32, 125, 44, 10, 32, 32, 32, 32, 123, 10, 32, 32, 32, 32, 32, 32, 34, 114, 101, 102, 95, 116, 121, 112, 101, 34, 58, 32, 34, 114, 101, 115, 117, 108, 116, 34, 44, 10, 32, 32, 32, 32, 32, 32, 34, 114, 101, 102, 95, 105, 100, 34, 58, 32, 34, 114, 101, 115, 117, 108, 116, 58, 108, 111, 97, 100, 99, 97, 115, 101, 58, 108, 111, 97, 100, 45, 76, 45, 50, 48, 48, 58, 115, 116, 114, 101, 115, 115, 58, 112, 105, 112, 101, 45, 80, 45, 49, 50, 48, 58, 113, 117, 97, 114, 116, 101, 114, 45, 51, 58, 98, 101, 110, 100, 105, 110, 103, 45, 110, 111, 114, 109, 97, 108, 45, 121, 34, 10, 32, 32, 32, 32, 125, 44, 10, 32, 32, 32, 32, 123, 10, 32, 32, 32, 32, 32, 32, 34, 114, 101, 102, 95, 116, 121, 112, 101, 34, 58, 32, 34, 114, 101, 115, 117, 108, 116, 34, 44, 10, 32, 32, 32, 32, 32, 32, 34, 114, 101, 102, 95, 105, 100, 34, 58, 32, 34, 114, 101, 115, 117, 108, 116, 58, 108, 111, 97, 100, 99, 97, 115, 101, 58, 108, 111, 97, 100, 45, 76, 45, 50, 48, 48, 58, 115, 116, 114, 101, 115, 115, 58, 112, 105, 112, 101, 45, 80, 45, 49, 50, 48, 58, 113, 117, 97, 114, 116, 101, 114, 45, 51, 58, 98, 101, 110, 100, 105, 110, 103, 45, 110, 111, 114, 109, 97, 108, 45, 122, 34, 10, 32, 32, 32, 32, 125, 44, 10, 32, 32, 32, 32, 123, 10, 32, 32, 32, 32, 32, 32, 34, 114, 101, 102, 95, 116, 121, 112, 101, 34, 58, 32, 34, 114, 101, 115, 117, 108, 116, 34, 44, 10, 32, 32, 32, 32, 32, 32, 34, 114, 101, 102, 95, 105, 100, 34, 58, 32, 34, 114, 101, 115, 117, 108, 116, 58, 108, 111, 97, 100, 99, 97, 115, 101, 58, 108, 111, 97, 100, 45, 76, 45, 50, 48, 48, 58, 115, 116, 114, 101, 115, 115, 58, 112, 105, 112, 101, 45, 80, 45, 49, 50, 48, 58, 113, 117, 97, 114, 116, 101, 114, 45, 51, 58, 116, 111, 114, 115, 105, 111, 110, 97, 108, 45, 115, 104, 101, 97, 114, 34, 10, 32, 32, 32, 32, 125, 44, 10, 32, 32, 32, 32, 123, 10, 32, 32, 32, 32, 32, 32, 34, 114, 101, 102, 95, 116, 121, 112, 101, 34, 58, 32, 34, 114, 101, 115, 117, 108, 116, 34, 44, 10, 32, 32, 32, 32, 32, 32, 34, 114, 101, 102, 95, 105, 100, 34, 58, 32, 34, 114, 101, 115, 117, 108, 116, 58, 108, 111, 97, 100, 99, 97, 115, 101, 58, 108, 111, 97, 100, 45, 76, 45, 50, 48, 48, 58, 115, 116, 114, 101, 115, 115, 58, 112, 105, 112, 101, 45, 80, 45, 49, 50, 48, 58, 113, 117, 97, 114, 116, 101, 114, 45, 51, 58, 112, 114, 101, 115, 115, 117, 114, 101, 45, 104, 111, 111, 112, 34, 10, 32, 32, 32, 32, 125, 44, 10, 32, 32, 32, 32, 123, 10, 32, 32, 32, 32, 32, 32, 34, 114, 101, 102, 95, 116, 121, 112, 101, 34, 58, 32, 34, 114, 101, 115, 117, 108, 116, 34, 44, 10, 32, 32, 32, 32, 32, 32, 34, 114, 101, 102, 95, 105, 100, 34, 58, 32, 34, 114, 101, 115, 117, 108, 116, 58, 108, 111, 97, 100, 99, 97, 115, 101, 58, 108, 111, 97, 100, 45, 76, 45, 50, 48, 48, 58, 115, 116, 114, 101, 115, 115, 58, 112, 105, 112, 101, 45, 80, 45, 49, 50, 48, 34, 10, 32, 32, 32, 32, 125, 44, 10, 32, 32, 32, 32, 123, 10, 32, 32, 32, 32, 32, 32, 34, 114, 101, 102, 95, 116, 121, 112, 101, 34, 58, 32, 34, 114, 101, 115, 117, 108, 116, 34, 44, 10, 32, 32, 32, 32, 32, 32, 34, 114, 101, 102, 95, 105, 100, 34, 58, 32, 34, 114, 101, 115, 117, 108, 116, 58, 108, 111, 97, 100, 99, 97, 115, 101, 58, 108, 111, 97, 100, 45, 76, 45, 50, 48, 48, 58, 115, 116, 114, 101, 115, 115, 58, 99, 111, 109, 112, 111, 110, 101, 110, 116, 45, 67, 45, 49, 50, 48, 58, 112, 105, 112, 101, 45, 80, 45, 49, 50, 48, 58, 101, 110, 100, 45, 105, 58, 117, 115, 101, 114, 45, 109, 117, 108, 116, 105, 112, 108, 105, 101, 114, 34, 10, 32, 32, 32, 32, 125, 44, 10, 32, 32, 32, 32, 123, 10, 32, 32, 32, 32, 32, 32, 34, 114, 101, 102, 95, 116, 121, 112, 101, 34, 58, 32, 34, 114, 101, 115, 117, 108, 116, 34, 44, 10, 32, 32, 32, 32, 32, 32, 34, 114, 101, 102, 95, 105, 100, 34, 58, 32, 34, 114, 101, 115, 117, 108, 116, 58, 108, 111, 97, 100, 99, 97, 115, 101, 58, 108, 111, 97, 100, 45, 76, 45, 50, 48, 48, 58, 102, 111, 114, 99, 101, 58, 112, 105, 112, 101, 45, 80, 45, 49, 51, 48, 58, 97, 120, 105, 97, 108, 34, 10, 32, 32, 32, 32, 125, 44, 10, 32, 32, 32, 32, 123, 10, 32, 32, 32, 32, 32, 32, 34, 114, 101, 102, 95, 116, 121, 112, 101, 34, 58, 32, 34, 114, 101, 115, 117, 108, 116, 34, 44, 10, 32, 32, 32, 32, 32, 32, 34, 114, 101, 102, 95, 105, 100, 34, 58, 32, 34, 114, 101, 115, 117, 108, 116, 58, 108, 111, 97, 100, 99, 97, 115, 101, 58, 108, 111, 97, 100, 45, 76, 45, 50, 48, 48, 58, 102, 111, 114, 99, 101, 58, 112, 105, 112, 101, 45, 80, 45, 49, 51, 48, 58, 97, 120, 105, 97, 108, 58, 101, 110, 100, 45, 106, 34, 10, 32, 32, 32, 32, 125, 44, 10, 32, 32, 32, 32, 123, 10, 32, 32, 32, 32, 32, 32, 34, 114, 101, 102, 95, 116, 121, 112, 101, 34, 58, 32, 34, 114, 101, 115, 117, 108, 116, 34, 44, 10, 32, 32, 32, 32, 32, 32, 34, 114, 101, 102, 95, 105, 100, 34, 58, 32, 34, 114, 101, 115, 117, 108, 116, 58, 108, 111, 97, 100, 99, 97, 115, 101, 58, 108, 111, 97, 100, 45, 76, 45, 50, 48, 48, 58, 102, 111, 114, 99, 101, 58, 112, 105, 112, 101, 45, 80, 45, 49, 51, 48, 58, 115, 104, 101, 97, 114, 45, 121, 34, 10, 32, 32, 32, 32, 125, 44, 10, 32, 32, 32, 32, 123, 10, 32, 32, 32, 32, 32, 32, 34, 114, 101, 102, 95, 116, 121, 112, 101, 34, 58, 32, 34, 114, 101, 115, 117, 108, 116, 34, 44, 10, 32, 32, 32, 32, 32, 32, 34, 114, 101, 102, 95, 105, 100, 34, 58, 32, 34, 114, 101, 115, 117, 108, 116, 58, 108, 111, 97, 100, 99, 97, 115, 101, 58, 108, 111, 97, 100, 45, 76, 45, 50, 48, 48, 58, 102, 111, 114, 99, 101, 58, 112, 105, 112, 101, 45, 80, 45, 49, 51, 48, 58, 115, 104, 101, 97, 114, 45, 121, 58, 101, 110, 100, 45, 106, 34, 10, 32, 32, 32, 32, 125, 44, 10, 32, 32, 32, 32, 123, 10, 32, 32, 32, 32, 32, 32, 34, 114, 101, 102, 95, 116, 121, 112, 101, 34, 58, 32, 34, 114, 101, 115, 117, 108, 116, 34, 44, 10, 32, 32, 32, 32, 32, 32, 34, 114, 101, 102, 95, 105, 100, 34, 58, 32, 34, 114, 101, 115, 117, 108, 116, 58, 108, 111, 97, 100, 99, 97, 115, 101, 58, 108, 111, 97, 100, 45, 76, 45, 50, 48, 48, 58, 102, 111, 114, 99, 101, 58, 112, 105, 112, 101, 45, 80, 45, 49, 51, 48, 58, 115, 104, 101, 97, 114, 45, 122, 34, 10, 32, 32, 32, 32, 125, 44, 10, 32, 32, 32, 32, 123, 10, 32, 32, 32, 32, 32, 32, 34, 114, 101, 102, 95, 116, 121, 112, 101, 34, 58, 32, 34, 114, 101, 115, 117, 108, 116, 34, 44, 10, 32, 32, 32, 32, 32, 32, 34, 114, 101, 102, 95, 105, 100, 34, 58, 32, 34, 114, 101, 115, 117, 108, 116, 58, 108, 111, 97, 100, 99, 97, 115, 101, 58, 108, 111, 97, 100, 45, 76, 45, 50, 48, 48, 58, 102, 111, 114, 99, 101, 58, 112, 105, 112, 101, 45, 80, 45, 49, 51, 48, 58, 115, 104, 101, 97, 114, 45, 122, 58, 101, 110, 100, 45, 106, 34, 10, 32, 32, 32, 32, 125, 44, 10, 32, 32, 32, 32, 123, 10, 32, 32, 32, 32, 32, 32, 34, 114, 101, 102, 95, 116, 121, 112, 101, 34, 58, 32, 34, 114, 101, 115, 117, 108, 116, 34, 44, 10, 32, 32, 32, 32, 32, 32, 34, 114, 101, 102, 95, 105, 100, 34, 58, 32, 34, 114, 101, 115, 117, 108, 116, 58, 108, 111, 97, 100, 99, 97, 115, 101, 58, 108, 111, 97, 100, 45, 76, 45, 50, 48, 48, 58, 109, 111, 109, 101, 110, 116, 58, 112, 105, 112, 101, 45, 80, 45, 49, 51, 48, 58, 116, 111, 114, 115, 105, 111, 110, 34, 10, 32, 32, 32, 32, 125, 44, 10, 32, 32, 32, 32, 123, 10, 32, 32, 32, 32, 32, 32, 34, 114, 101, 102, 95, 116, 121, 112, 101, 34, 58, 32, 34, 114, 101, 115, 117, 108, 116, 34, 44, 10, 32, 32, 32, 32, 32, 32, 34, 114, 101, 102, 95, 105, 100, 34, 58, 32, 34, 114, 101, 115, 117, 108, 116, 58, 108, 111, 97, 100, 99, 97, 115, 101, 58, 108, 111, 97, 100, 45, 76, 45, 50, 48, 48, 58, 109, 111, 109, 101, 110, 116, 58, 112, 105, 112, 101, 45, 80, 45, 49, 51, 48, 58, 116, 111, 114, 115, 105, 111, 110, 58, 101, 110, 100, 45, 106, 34, 10, 32, 32, 32, 32, 125, 44, 10, 32, 32, 32, 32, 123, 10, 32, 32, 32, 32, 32, 32, 34, 114, 101, 102, 95, 116, 121, 112, 101, 34, 58, 32, 34, 114, 101, 115, 117, 108, 116, 34, 44, 10, 32, 32, 32, 32, 32, 32, 34, 114, 101, 102, 95, 105, 100, 34, 58, 32, 34, 114, 101, 115, 117, 108, 116, 58, 108, 111, 97, 100, 99, 97, 115, 101, 58, 108, 111, 97, 100, 45, 76, 45, 50, 48, 48, 58, 109, 111, 109, 101, 110, 116, 58, 112, 105, 112, 101, 45, 80, 45, 49, 51, 48, 58, 98, 101, 110, 100, 105, 110, 103, 45, 121, 34, 10, 32, 32, 32, 32, 125, 44, 10, 32, 32, 32, 32, 123, 10, 32, 32, 32, 32, 32, 32, 34, 114, 101, 102, 95, 116, 121, 112, 101, 34, 58, 32, 34, 114, 101, 115, 117, 108, 116, 34, 44, 10, 32, 32, 32, 32, 32, 32, 34, 114, 101, 102, 95, 105, 100, 34, 58, 32, 34, 114, 101, 115, 117, 108, 116, 58, 108, 111, 97, 100, 99, 97, 115, 101, 58, 108, 111, 97, 100, 45, 76, 45, 50, 48, 48, 58, 109, 111, 109, 101, 110, 116, 58, 112, 105, 112, 101, 45, 80, 45, 49, 51, 48, 58, 98, 101, 110, 100, 105, 110, 103, 45, 121, 58, 101, 110, 100, 45, 106, 34, 10, 32, 32, 32, 32, 125, 44, 10, 32, 32, 32, 32, 123, 10, 32, 32, 32, 32, 32, 32, 34, 114, 101, 102, 95, 116, 121, 112, 101, 34, 58, 32, 34, 114, 101, 115, 117, 108, 116, 34, 44, 10, 32, 32, 32, 32, 32, 32, 34, 114, 101, 102, 95, 105, 100, 34, 58, 32, 34, 114, 101, 115, 117, 108, 116, 58, 108, 111, 97, 100, 99, 97, 115, 101, 58, 108, 111, 97, 100, 45, 76, 45, 50, 48, 48, 58, 109, 111, 109, 101, 110, 116, 58, 112, 105, 112, 101, 45, 80, 45, 49, 51, 48, 58, 98, 101, 110, 100, 105, 110, 103, 45, 122, 34, 10, 32, 32, 32, 32, 125, 44, 10, 32, 32, 32, 32, 123, 10, 32, 32, 32, 32, 32, 32, 34, 114, 101, 102, 95, 116, 121, 112, 101, 34, 58, 32, 34, 114, 101, 115, 117, 108, 116, 34, 44, 10, 32, 32, 32, 32, 32, 32, 34, 114, 101, 102, 95, 105, 100, 34, 58, 32, 34, 114, 101, 115, 117, 108, 116, 58, 108, 111, 97, 100, 99, 97, 115, 101, 58, 108, 111, 97, 100, 45, 76, 45, 50, 48, 48, 58, 109, 111, 109, 101, 110, 116, 58, 112, 105, 112, 101, 45, 80, 45, 49, 51, 48, 58, 98, 101, 110, 100, 105, 110, 103, 45, 122, 58, 101, 110, 100, 45, 106, 34, 10, 32, 32, 32, 32, 125, 44, 10, 32, 32, 32, 32, 123, 10, 32, 32, 32, 32, 32, 32, 34, 114, 101, 102, 95, 116, 121, 112, 101, 34, 58, 32, 34, 114, 101, 115, 117, 108, 116, 34, 44, 10, 32, 32, 32, 32, 32, 32, 34, 114, 101, 102, 95, 105, 100, 34, 58, 32, 34, 114, 101, 115, 117, 108, 116, 58, 108, 111, 97, 100, 99, 97, 115, 101, 58, 108, 111, 97, 100, 45, 76, 45, 50, 48, 48, 58, 102, 111, 114, 99, 101, 58, 112, 105, 112, 101, 45, 80, 45, 49, 51, 48, 58, 113, 117, 97, 114, 116, 101, 114, 45, 49, 58, 97, 120, 105, 97, 108, 34, 10, 32, 32, 32, 32, 125, 44, 10, 32, 32, 32, 32, 123, 10, 32, 32, 32, 32, 32, 32, 34, 114, 101, 102, 95, 116, 121, 112, 101, 34, 58, 32, 34, 114, 101, 115, 117, 108, 116, 34, 44, 10, 32, 32, 32, 32, 32, 32, 34, 114, 101, 102, 95, 105, 100, 34, 58, 32, 34, 114, 101, 115, 117, 108, 116, 58, 108, 111, 97, 100, 99, 97, 115, 101, 58, 108, 111, 97, 100, 45, 76, 45, 50, 48, 48, 58, 102, 111, 114, 99, 101, 58, 112, 105, 112, 101, 45, 80, 45, 49, 51, 48, 58, 113, 117, 97, 114, 116, 101, 114, 45, 49, 58, 115, 104, 101, 97, 114, 45, 121, 34, 10, 32, 32, 32, 32, 125, 44, 10, 32, 32, 32, 32, 123, 10, 32, 32, 32, 32, 32, 32, 34, 114, 101, 102, 95, 116, 121, 112, 101, 34, 58, 32, 34, 114, 101, 115, 117, 108, 116, 34, 44, 10, 32, 32, 32, 32, 32, 32, 34, 114, 101, 102, 95, 105, 100, 34, 58, 32, 34, 114, 101, 115, 117, 108, 116, 58, 108, 111, 97, 100, 99, 97, 115, 101, 58, 108, 111, 97, 100, 45, 76, 45, 50, 48, 48, 58, 102, 111, 114, 99, 101, 58, 112, 105, 112, 101, 45, 80, 45, 49, 51, 48, 58, 113, 117, 97, 114, 116, 101, 114, 45, 49, 58, 115, 104, 101, 97, 114, 45, 122, 34, 10, 32, 32, 32, 32, 125, 44, 10, 32, 32, 32, 32, 123, 10, 32, 32, 32, 32, 32, 32, 34, 114, 101, 102, 95, 116, 121, 112, 101, 34, 58, 32, 34, 114, 101, 115, 117, 108, 116, 34, 44, 10, 32, 32, 32, 32, 32, 32, 34, 114, 101, 102, 95, 105, 100, 34, 58, 32, 34, 114, 101, 115, 117, 108, 116, 58, 108, 111, 97, 100, 99, 97, 115, 101, 58, 108, 111, 97, 100, 45, 76, 45, 50, 48, 48, 58, 109, 111, 109, 101, 110, 116, 58, 112, 105, 112, 101, 45, 80, 45, 49, 51, 48, 58, 113, 117, 97, 114, 116, 101, 114, 45, 49, 58, 116, 111, 114, 115, 105, 111, 110, 34, 10, 32, 32, 32, 32, 125, 44, 10, 32, 32, 32, 32, 123, 10, 32, 32, 32, 32, 32, 32, 34, 114, 101, 102, 95, 116, 121, 112, 101, 34, 58, 32, 34, 114, 101, 115, 117, 108, 116, 34, 44, 10, 32, 32, 32, 32, 32, 32, 34, 114, 101, 102, 95, 105, 100, 34, 58, 32, 34, 114, 101, 115, 117, 108, 116, 58, 108, 111, 97, 100, 99, 97, 115, 101, 58, 108, 111, 97, 100, 45, 76, 45, 50, 48, 48, 58, 109, 111, 109, 101, 110, 116, 58, 112, 105, 112, 101, 45, 80, 45, 49, 51, 48, 58, 113, 117, 97, 114, 116, 101, 114, 45, 49, 58, 98, 101, 110, 100, 105, 110, 103, 45, 121, 34, 10, 32, 32, 32, 32, 125, 44, 10, 32, 32, 32, 32, 123, 10, 32, 32, 32, 32, 32, 32, 34, 114, 101, 102, 95, 116, 121, 112, 101, 34, 58, 32, 34, 114, 101, 115, 117, 108, 116, 34, 44, 10, 32, 32, 32, 32, 32, 32, 34, 114, 101, 102, 95, 105, 100, 34, 58, 32, 34, 114, 101, 115, 117, 108, 116, 58, 108, 111, 97, 100, 99, 97, 115, 101, 58, 108, 111, 97, 100, 45, 76, 45, 50, 48, 48, 58, 109, 111, 109, 101, 110, 116, 58, 112, 105, 112, 101, 45, 80, 45, 49, 51, 48, 58, 113, 117, 97, 114, 116, 101, 114, 45, 49, 58, 98, 101, 110, 100, 105, 110, 103, 45, 122, 34, 10, 32, 32, 32, 32, 125, 44, 10, 32, 32, 32, 32, 123, 10, 32, 32, 32, 32, 32, 32, 34, 114, 101, 102, 95, 116, 121, 112, 101, 34, 58, 32, 34, 114, 101, 115, 117, 108, 116, 34, 44, 10, 32, 32, 32, 32, 32, 32, 34, 114, 101, 102, 95, 105, 100, 34, 58, 32, 34, 114, 101, 115, 117, 108, 116, 58, 108, 111, 97, 100, 99, 97, 115, 101, 58, 108, 111, 97, 100, 45, 76, 45, 50, 48, 48, 58, 102, 111, 114, 99, 101, 58, 112, 105, 112, 101, 45, 80, 45, 49, 51, 48, 58, 109, 105, 100, 115, 112, 97, 110, 58, 97, 120, 105, 97, 108, 34, 10, 32, 32, 32, 32, 125, 44, 10, 32, 32, 32, 32, 123, 10, 32, 32, 32, 32, 32, 32, 34, 114, 101, 102, 95, 116, 121, 112, 101, 34, 58, 32, 34, 114, 101, 115, 117, 108, 116, 34, 44, 10, 32, 32, 32, 32, 32, 32, 34, 114, 101, 102, 95, 105, 100, 34, 58, 32, 34, 114, 101, 115, 117, 108, 116, 58, 108, 111, 97, 100, 99, 97, 115, 101, 58, 108, 111, 97, 100, 45, 76, 45, 50, 48, 48, 58, 102, 111, 114, 99, 101, 58, 112, 105, 112, 101, 45, 80, 45, 49, 51, 48, 58, 109, 105, 100, 115, 112, 97, 110, 58, 115, 104, 101, 97, 114, 45, 121, 34, 10, 32, 32, 32, 32, 125, 44, 10, 32, 32, 32, 32, 123, 10, 32, 32, 32, 32, 32, 32, 34, 114, 101, 102, 95, 116, 121, 112, 101, 34, 58, 32, 34, 114, 101, 115, 117, 108, 116, 34, 44, 10, 32, 32, 32, 32, 32, 32, 34, 114, 101, 102, 95, 105, 100, 34, 58, 32, 34, 114, 101, 115, 117, 108, 116, 58, 108, 111, 97, 100, 99, 97, 115, 101, 58, 108, 111, 97, 100, 45, 76, 45, 50, 48, 48, 58, 102, 111, 114, 99, 101, 58, 112, 105, 112, 101, 45, 80, 45, 49, 51, 48, 58, 109, 105, 100, 115, 112, 97, 110, 58, 115, 104, 101, 97, 114, 45, 122, 34, 10, 32, 32, 32, 32, 125, 44, 10, 32, 32, 32, 32, 123, 10, 32, 32, 32, 32, 32, 32, 34, 114, 101, 102, 95, 116, 121, 112, 101, 34, 58, 32, 34, 114, 101, 115, 117, 108, 116, 34, 44, 10, 32, 32, 32, 32, 32, 32, 34, 114, 101, 102, 95, 105, 100, 34, 58, 32, 34, 114, 101, 115, 117, 108, 116, 58, 108, 111, 97, 100, 99, 97, 115, 101, 58, 108, 111, 97, 100, 45, 76, 45, 50, 48, 48, 58, 109, 111, 109, 101, 110, 116, 58, 112, 105, 112, 101, 45, 80, 45, 49, 51, 48, 58, 109, 105, 100, 115, 112, 97, 110, 58, 116, 111, 114, 115, 105, 111, 110, 34, 10, 32, 32, 32, 32, 125, 44, 10, 32, 32, 32, 32, 123, 10, 32, 32, 32, 32, 32, 32, 34, 114, 101, 102, 95, 116, 121, 112, 101, 34, 58, 32, 34, 114, 101, 115, 117, 108, 116, 34, 44, 10, 32, 32, 32, 32, 32, 32, 34, 114, 101, 102, 95, 105, 100, 34, 58, 32, 34, 114, 101, 115, 117, 108, 116, 58, 108, 111, 97, 100, 99, 97, 115, 101, 58, 108, 111, 97, 100, 45, 76, 45, 50, 48, 48, 58, 109, 111, 109, 101, 110, 116, 58, 112, 105, 112, 101, 45, 80, 45, 49, 51, 48, 58, 109, 105, 100, 115, 112, 97, 110, 58, 98, 101, 110, 100, 105, 110, 103, 45, 121, 34, 10, 32, 32, 32, 32, 125, 44, 10, 32, 32, 32, 32, 123, 10, 32, 32, 32, 32, 32, 32, 34, 114, 101, 102, 95, 116, 121, 112, 101, 34, 58, 32, 34, 114, 101, 115, 117, 108, 116, 34, 44, 10, 32, 32, 32, 32, 32, 32, 34, 114, 101, 102, 95, 105, 100, 34, 58, 32, 34, 114, 101, 115, 117, 108, 116, 58, 108, 111, 97, 100, 99, 97, 115, 101, 58, 108, 111, 97, 100, 45, 76, 45, 50, 48, 48, 58, 109, 111, 109, 101, 110, 116, 58, 112, 105, 112, 101, 45, 80, 45, 49, 51, 48, 58, 109, 105, 100, 115, 112, 97, 110, 58, 98, 101, 110, 100, 105, 110, 103, 45, 122, 34, 10, 32, 32, 32, 32, 125, 44, 10, 32, 32, 32, 32, 123, 10, 32, 32, 32, 32, 32, 32, 34, 114, 101, 102, 95, 116, 121, 112, 101, 34, 58, 32, 34, 114, 101, 115, 117, 108, 116, 34, 44, 10, 32, 32, 32, 32, 32, 32, 34, 114, 101, 102, 95, 105, 100, 34, 58, 32, 34, 114, 101, 115, 117, 108, 116, 58, 108, 111, 97, 100, 99, 97, 115, 101, 58, 108, 111, 97, 100, 45, 76, 45, 50, 48, 48, 58, 102, 111, 114, 99, 101, 58, 112, 105, 112, 101, 45, 80, 45, 49, 51, 48, 58, 113, 117, 97, 114, 116, 101, 114, 45, 51, 58, 97, 120, 105, 97, 108, 34, 10, 32, 32, 32, 32, 125, 44, 10, 32, 32, 32, 32, 123, 10, 32, 32, 32, 32, 32, 32, 34, 114, 101, 102, 95, 116, 121, 112, 101, 34, 58, 32, 34, 114, 101, 115, 117, 108, 116, 34, 44, 10, 32, 32, 32, 32, 32, 32, 34, 114, 101, 102, 95, 105, 100, 34, 58, 32, 34, 114, 101, 115, 117, 108, 116, 58, 108, 111, 97, 100, 99, 97, 115, 101, 58, 108, 111, 97, 100, 45, 76, 45, 50, 48, 48, 58, 102, 111, 114, 99, 101, 58, 112, 105, 112, 101, 45, 80, 45, 49, 51, 48, 58, 113, 117, 97, 114, 116, 101, 114, 45, 51, 58, 115, 104, 101, 97, 114, 45, 121, 34, 10, 32, 32, 32, 32, 125, 44, 10, 32, 32, 32, 32, 123, 10, 32, 32, 32, 32, 32, 32, 34, 114, 101, 102, 95, 116, 121, 112, 101, 34, 58, 32, 34, 114, 101, 115, 117, 108, 116, 34, 44, 10, 32, 32, 32, 32, 32, 32, 34, 114, 101, 102, 95, 105, 100, 34, 58, 32, 34, 114, 101, 115, 117, 108, 116, 58, 108, 111, 97, 100, 99, 97, 115, 101, 58, 108, 111, 97, 100, 45, 76, 45, 50, 48, 48, 58, 102, 111, 114, 99, 101, 58, 112, 105, 112, 101, 45, 80, 45, 49, 51, 48, 58, 113, 117, 97, 114, 116, 101, 114, 45, 51, 58, 115, 104, 101, 97, 114, 45, 122, 34, 10, 32, 32, 32, 32, 125, 44, 10, 32, 32, 32, 32, 123, 10, 32, 32, 32, 32, 32, 32, 34, 114, 101, 102, 95, 116, 121, 112, 101, 34, 58, 32, 34, 114, 101, 115, 117, 108, 116, 34, 44, 10, 32, 32, 32, 32, 32, 32, 34, 114, 101, 102, 95, 105, 100, 34, 58, 32, 34, 114, 101, 115, 117, 108, 116, 58, 108, 111, 97, 100, 99, 97, 115, 101, 58, 108, 111, 97, 100, 45, 76, 45, 50, 48, 48, 58, 109, 111, 109, 101, 110, 116, 58, 112, 105, 112, 101, 45, 80, 45, 49, 51, 48, 58, 113, 117, 97, 114, 116, 101, 114, 45, 51, 58, 116, 111, 114, 115, 105, 111, 110, 34, 10, 32, 32, 32, 32, 125, 44, 10, 32, 32, 32, 32, 123, 10, 32, 32, 32, 32, 32, 32, 34, 114, 101, 102, 95, 116, 121, 112, 101, 34, 58, 32, 34, 114, 101, 115, 117, 108, 116, 34, 44, 10, 32, 32, 32, 32, 32, 32, 34, 114, 101, 102, 95, 105, 100, 34, 58, 32, 34, 114, 101, 115, 117, 108, 116, 58, 108, 111, 97, 100, 99, 97, 115, 101, 58, 108, 111, 97, 100, 45, 76, 45, 50, 48, 48, 58, 109, 111, 109, 101, 110, 116, 58, 112, 105, 112, 101, 45, 80, 45, 49, 51, 48, 58, 113, 117, 97, 114, 116, 101, 114, 45, 51, 58, 98, 101, 110, 100, 105, 110, 103, 45, 121, 34, 10, 32, 32, 32, 32, 125, 44, 10, 32, 32, 32, 32, 123, 10, 32, 32, 32, 32, 32, 32, 34, 114, 101, 102, 95, 116, 121, 112, 101, 34, 58, 32, 34, 114, 101, 115, 117, 108, 116, 34, 44, 10, 32, 32, 32, 32, 32, 32, 34, 114, 101, 102, 95, 105, 100, 34, 58, 32, 34, 114, 101, 115, 117, 108, 116, 58, 108, 111, 97, 100, 99, 97, 115, 101, 58, 108, 111, 97, 100, 45, 76, 45, 50, 48, 48, 58, 109, 111, 109, 101, 110, 116, 58, 112, 105, 112, 101, 45, 80, 45, 49, 51, 48, 58, 113, 117, 97, 114, 116, 101, 114, 45, 51, 58, 98, 101, 110, 100, 105, 110, 103, 45, 122, 34, 10, 32, 32, 32, 32, 125, 44, 10, 32, 32, 32, 32, 123, 10, 32, 32, 32, 32, 32, 32, 34, 114, 101, 102, 95, 116, 121, 112, 101, 34, 58, 32, 34, 114, 101, 115, 117, 108, 116, 34, 44, 10, 32, 32, 32, 32, 32, 32, 34, 114, 101, 102, 95, 105, 100, 34, 58, 32, 34, 114, 101, 115, 117, 108, 116, 58, 108, 111, 97, 100, 99, 97, 115, 101, 58, 108, 111, 97, 100, 45, 76, 45, 50, 48, 48, 58, 115, 116, 114, 101, 115, 115, 58, 112, 105, 112, 101, 45, 80, 45, 49, 51, 48, 58, 101, 110, 100, 45, 105, 58, 97, 120, 105, 97, 108, 45, 110, 111, 114, 109, 97, 108, 34, 10, 32, 32, 32, 32, 125, 44, 10, 32, 32, 32, 32, 123, 10, 32, 32, 32, 32, 32, 32, 34, 114, 101, 102, 95, 116, 121, 112, 101, 34, 58, 32, 34, 114, 101, 115, 117, 108, 116, 34, 44, 10, 32, 32, 32, 32, 32, 32, 34, 114, 101, 102, 95, 105, 100, 34, 58, 32, 34, 114, 101, 115, 117, 108, 116, 58, 108, 111, 97, 100, 99, 97, 115, 101, 58, 108, 111, 97, 100, 45, 76, 45, 50, 48, 48, 58, 115, 116, 114, 101, 115, 115, 58, 112, 105, 112, 101, 45, 80, 45, 49, 51, 48, 58, 101, 110, 100, 45, 105, 58, 98, 101, 110, 100, 105, 110, 103, 45, 110, 111, 114, 109, 97, 108, 45, 121, 34, 10, 32, 32, 32, 32, 125, 44, 10, 32, 32, 32, 32, 123, 10, 32, 32, 32, 32, 32, 32, 34, 114, 101, 102, 95, 116, 121, 112, 101, 34, 58, 32, 34, 114, 101, 115, 117, 108, 116, 34, 44, 10, 32, 32, 32, 32, 32, 32, 34, 114, 101, 102, 95, 105, 100, 34, 58, 32, 34, 114, 101, 115, 117, 108, 116, 58, 108, 111, 97, 100, 99, 97, 115, 101, 58, 108, 111, 97, 100, 45, 76, 45, 50, 48, 48, 58, 115, 116, 114, 101, 115, 115, 58, 112, 105, 112, 101, 45, 80, 45, 49, 51, 48, 58, 101, 110, 100, 45, 105, 58, 98, 101, 110, 100, 105, 110, 103, 45, 110, 111, 114, 109, 97, 108, 45, 122, 34, 10, 32, 32, 32, 32, 125, 44, 10, 32, 32, 32, 32, 123, 10, 32, 32, 32, 32, 32, 32, 34, 114, 101, 102, 95, 116, 121, 112, 101, 34, 58, 32, 34, 114, 101, 115, 117, 108, 116, 34, 44, 10, 32, 32, 32, 32, 32, 32, 34, 114, 101, 102, 95, 105, 100, 34, 58, 32, 34, 114, 101, 115, 117, 108, 116, 58, 108, 111, 97, 100, 99, 97, 115, 101, 58, 108, 111, 97, 100, 45, 76, 45, 50, 48, 48, 58, 115, 116, 114, 101, 115, 115, 58, 112, 105, 112, 101, 45, 80, 45, 49, 51, 48, 58, 101, 110, 100, 45, 105, 58, 116, 111, 114, 115, 105, 111, 110, 97, 108, 45, 115, 104, 101, 97, 114, 34, 10, 32, 32, 32, 32, 125, 44, 10, 32, 32, 32, 32, 123, 10, 32, 32, 32, 32, 32, 32, 34, 114, 101, 102, 95, 116, 121, 112, 101, 34, 58, 32, 34, 114, 101, 115, 117, 108, 116, 34, 44, 10, 32, 32, 32, 32, 32, 32, 34, 114, 101, 102, 95, 105, 100, 34, 58, 32, 34, 114, 101, 115, 117, 108, 116, 58, 108, 111, 97, 100, 99, 97, 115, 101, 58, 108, 111, 97, 100, 45, 76, 45, 50, 48, 48, 58, 115, 116, 114, 101, 115, 115, 58, 112, 105, 112, 101, 45, 80, 45, 49, 51, 48, 58, 101, 110, 100, 45, 105, 58, 112, 114, 101, 115, 115, 117, 114, 101, 45, 104, 111, 111, 112, 34, 10, 32, 32, 32, 32, 125, 44, 10, 32, 32, 32, 32, 123, 10, 32, 32, 32, 32, 32, 32, 34, 114, 101, 102, 95, 116, 121, 112, 101, 34, 58, 32, 34, 114, 101, 115, 117, 108, 116, 34, 44, 10, 32, 32, 32, 32, 32, 32, 34, 114, 101, 102, 95, 105, 100, 34, 58, 32, 34, 114, 101, 115, 117, 108, 116, 58, 108, 111, 97, 100, 99, 97, 115, 101, 58, 108, 111, 97, 100, 45, 76, 45, 50, 48, 48, 58, 115, 116, 114, 101, 115, 115, 58, 112, 105, 112, 101, 45, 80, 45, 49, 51, 48, 58, 101, 110, 100, 45, 106, 58, 97, 120, 105, 97, 108, 45, 110, 111, 114, 109, 97, 108, 34, 10, 32, 32, 32, 32, 125, 44, 10, 32, 32, 32, 32, 123, 10, 32, 32, 32, 32, 32, 32, 34, 114, 101, 102, 95, 116, 121, 112, 101, 34, 58, 32, 34, 114, 101, 115, 117, 108, 116, 34, 44, 10, 32, 32, 32, 32, 32, 32, 34, 114, 101, 102, 95, 105, 100, 34, 58, 32, 34, 114, 101, 115, 117, 108, 116, 58, 108, 111, 97, 100, 99, 97, 115, 101, 58, 108, 111, 97, 100, 45, 76, 45, 50, 48, 48, 58, 115, 116, 114, 101, 115, 115, 58, 112, 105, 112, 101, 45, 80, 45, 49, 51, 48, 58, 101, 110, 100, 45, 106, 58, 98, 101, 110, 100, 105, 110, 103, 45, 110, 111, 114, 109, 97, 108, 45, 121, 34, 10, 32, 32, 32, 32, 125, 44, 10, 32, 32, 32, 32, 123, 10, 32, 32, 32, 32, 32, 32, 34, 114, 101, 102, 95, 116, 121, 112, 101, 34, 58, 32, 34, 114, 101, 115, 117, 108, 116, 34, 44, 10, 32, 32, 32, 32, 32, 32, 34, 114, 101, 102, 95, 105, 100, 34, 58, 32, 34, 114, 101, 115, 117, 108, 116, 58, 108, 111, 97, 100, 99, 97, 115, 101, 58, 108, 111, 97, 100, 45, 76, 45, 50, 48, 48, 58, 115, 116, 114, 101, 115, 115, 58, 112, 105, 112, 101, 45, 80, 45, 49, 51, 48, 58, 101, 110, 100, 45, 106, 58, 98, 101, 110, 100, 105, 110, 103, 45, 110, 111, 114, 109, 97, 108, 45, 122, 34, 10, 32, 32, 32, 32, 125, 44, 10, 32, 32, 32, 32, 123, 10, 32, 32, 32, 32, 32, 32, 34, 114, 101, 102, 95, 116, 121, 112, 101, 34, 58, 32, 34, 114, 101, 115, 117, 108, 116, 34, 44, 10, 32, 32, 32, 32, 32, 32, 34, 114, 101, 102, 95, 105, 100, 34, 58, 32, 34, 114, 101, 115, 117, 108, 116, 58, 108, 111, 97, 100, 99, 97, 115, 101, 58, 108, 111, 97, 100, 45, 76, 45, 50, 48, 48, 58, 115, 116, 114, 101, 115, 115, 58, 112, 105, 112, 101, 45, 80, 45, 49, 51, 48, 58, 101, 110, 100, 45, 106, 58, 116, 111, 114, 115, 105, 111, 110, 97, 108, 45, 115, 104, 101, 97, 114, 34, 10, 32, 32, 32, 32, 125, 44, 10, 32, 32, 32, 32, 123, 10, 32, 32, 32, 32, 32, 32, 34, 114, 101, 102, 95, 116, 121, 112, 101, 34, 58, 32, 34, 114, 101, 115, 117, 108, 116, 34, 44, 10, 32, 32, 32, 32, 32, 32, 34, 114, 101, 102, 95, 105, 100, 34, 58, 32, 34, 114, 101, 115, 117, 108, 116, 58, 108, 111, 97, 100, 99, 97, 115, 101, 58, 108, 111, 97, 100, 45, 76, 45, 50, 48, 48, 58, 115, 116, 114, 101, 115, 115, 58, 112, 105, 112, 101, 45, 80, 45, 49, 51, 48, 58, 101, 110, 100, 45, 106, 58, 112, 114, 101, 115, 115, 117, 114, 101, 45, 104, 111, 111, 112, 34, 10, 32, 32, 32, 32, 125, 44, 10, 32, 32, 32, 32, 123, 10, 32, 32, 32, 32, 32, 32, 34, 114, 101, 102, 95, 116, 121, 112, 101, 34, 58, 32, 34, 114, 101, 115, 117, 108, 116, 34, 44, 10, 32, 32, 32, 32, 32, 32, 34, 114, 101, 102, 95, 105, 100, 34, 58, 32, 34, 114, 101, 115, 117, 108, 116, 58, 108, 111, 97, 100, 99, 97, 115, 101, 58, 108, 111, 97, 100, 45, 76, 45, 50, 48, 48, 58, 115, 116, 114, 101, 115, 115, 58, 112, 105, 112, 101, 45, 80, 45, 49, 51, 48, 58, 113, 117, 97, 114, 116, 101, 114, 45, 49, 58, 97, 120, 105, 97, 108, 45, 110, 111, 114, 109, 97, 108, 34, 10, 32, 32, 32, 32, 125, 44, 10, 32, 32, 32, 32, 123, 10, 32, 32, 32, 32, 32, 32, 34, 114, 101, 102, 95, 116, 121, 112, 101, 34, 58, 32, 34, 114, 101, 115, 117, 108, 116, 34, 44, 10, 32, 32, 32, 32, 32, 32, 34, 114, 101, 102, 95, 105, 100, 34, 58, 32, 34, 114, 101, 115, 117, 108, 116, 58, 108, 111, 97, 100, 99, 97, 115, 101, 58, 108, 111, 97, 100, 45, 76, 45, 50, 48, 48, 58, 115, 116, 114, 101, 115, 115, 58, 112, 105, 112, 101, 45, 80, 45, 49, 51, 48, 58, 113, 117, 97, 114, 116, 101, 114, 45, 49, 58, 98, 101, 110, 100, 105, 110, 103, 45, 110, 111, 114, 109, 97, 108, 45, 121, 34, 10, 32, 32, 32, 32, 125, 44, 10, 32, 32, 32, 32, 123, 10, 32, 32, 32, 32, 32, 32, 34, 114, 101, 102, 95, 116, 121, 112, 101, 34, 58, 32, 34, 114, 101, 115, 117, 108, 116, 34, 44, 10, 32, 32, 32, 32, 32, 32, 34, 114, 101, 102, 95, 105, 100, 34, 58, 32, 34, 114, 101, 115, 117, 108, 116, 58, 108, 111, 97, 100, 99, 97, 115, 101, 58, 108, 111, 97, 100, 45, 76, 45, 50, 48, 48, 58, 115, 116, 114, 101, 115, 115, 58, 112, 105, 112, 101, 45, 80, 45, 49, 51, 48, 58, 113, 117, 97, 114, 116, 101, 114, 45, 49, 58, 98, 101, 110, 100, 105, 110, 103, 45, 110, 111, 114, 109, 97, 108, 45, 122, 34, 10, 32, 32, 32, 32, 125, 44, 10, 32, 32, 32, 32, 123, 10, 32, 32, 32, 32, 32, 32, 34, 114, 101, 102, 95, 116, 121, 112, 101, 34, 58, 32, 34, 114, 101, 115, 117, 108, 116, 34, 44, 10, 32, 32, 32, 32, 32, 32, 34, 114, 101, 102, 95, 105, 100, 34, 58, 32, 34, 114, 101, 115, 117, 108, 116, 58, 108, 111, 97, 100, 99, 97, 115, 101, 58, 108, 111, 97, 100, 45, 76, 45, 50, 48, 48, 58, 115, 116, 114, 101, 115, 115, 58, 112, 105, 112, 101, 45, 80, 45, 49, 51, 48, 58, 113, 117, 97, 114, 116, 101, 114, 45, 49, 58, 116, 111, 114, 115, 105, 111, 110, 97, 108, 45, 115, 104, 101, 97, 114, 34, 10, 32, 32, 32, 32, 125, 44, 10, 32, 32, 32, 32, 123, 10, 32, 32, 32, 32, 32, 32, 34, 114, 101, 102, 95, 116, 121, 112, 101, 34, 58, 32, 34, 114, 101, 115, 117, 108, 116, 34, 44, 10, 32, 32, 32, 32, 32, 32, 34, 114, 101, 102, 95, 105, 100, 34, 58, 32, 34, 114, 101, 115, 117, 108, 116, 58, 108, 111, 97, 100, 99, 97, 115, 101, 58, 108, 111, 97, 100, 45, 76, 45, 50, 48, 48, 58, 115, 116, 114, 101, 115, 115, 58, 112, 105, 112, 101, 45, 80, 45, 49, 51, 48, 58, 113, 117, 97, 114, 116, 101, 114, 45, 49, 58, 112, 114, 101, 115, 115, 117, 114, 101, 45, 104, 111, 111, 112, 34, 10, 32, 32, 32, 32, 125, 44, 10, 32, 32, 32, 32, 123, 10, 32, 32, 32, 32, 32, 32, 34, 114, 101, 102, 95, 116, 121, 112, 101, 34, 58, 32, 34, 114, 101, 115, 117, 108, 116, 34, 44, 10, 32, 32, 32, 32, 32, 32, 34, 114, 101, 102, 95, 105, 100, 34, 58, 32, 34, 114, 101, 115, 117, 108, 116, 58, 108, 111, 97, 100, 99, 97, 115, 101, 58, 108, 111, 97, 100, 45, 76, 45, 50, 48, 48, 58, 115, 116, 114, 101, 115, 115, 58, 112, 105, 112, 101, 45, 80, 45, 49, 51, 48, 58, 109, 105, 100, 115, 112, 97, 110, 58, 97, 120, 105, 97, 108, 45, 110, 111, 114, 109, 97, 108, 34, 10, 32, 32, 32, 32, 125, 44, 10, 32, 32, 32, 32, 123, 10, 32, 32, 32, 32, 32, 32, 34, 114, 101, 102, 95, 116, 121, 112, 101, 34, 58, 32, 34, 114, 101, 115, 117, 108, 116, 34, 44, 10, 32, 32, 32, 32, 32, 32, 34, 114, 101, 102, 95, 105, 100, 34, 58, 32, 34, 114, 101, 115, 117, 108, 116, 58, 108, 111, 97, 100, 99, 97, 115, 101, 58, 108, 111, 97, 100, 45, 76, 45, 50, 48, 48, 58, 115, 116, 114, 101, 115, 115, 58, 112, 105, 112, 101, 45, 80, 45, 49, 51, 48, 58, 109, 105, 100, 115, 112, 97, 110, 58, 98, 101, 110, 100, 105, 110, 103, 45, 110, 111, 114, 109, 97, 108, 45, 121, 34, 10, 32, 32, 32, 32, 125, 44, 10, 32, 32, 32, 32, 123, 10, 32, 32, 32, 32, 32, 32, 34, 114, 101, 102, 95, 116, 121, 112, 101, 34, 58, 32, 34, 114, 101, 115, 117, 108, 116, 34, 44, 10, 32, 32, 32, 32, 32, 32, 34, 114, 101, 102, 95, 105, 100, 34, 58, 32, 34, 114, 101, 115, 117, 108, 116, 58, 108, 111, 97, 100, 99, 97, 115, 101, 58, 108, 111, 97, 100, 45, 76, 45, 50, 48, 48, 58, 115, 116, 114, 101, 115, 115, 58, 112, 105, 112, 101, 45, 80, 45, 49, 51, 48, 58, 109, 105, 100, 115, 112, 97, 110, 58, 98, 101, 110, 100, 105, 110, 103, 45, 110, 111, 114, 109, 97, 108, 45, 122, 34, 10, 32, 32, 32, 32, 125, 44, 10, 32, 32, 32, 32, 123, 10, 32, 32, 32, 32, 32, 32, 34, 114, 101, 102, 95, 116, 121, 112, 101, 34, 58, 32, 34, 114, 101, 115, 117, 108, 116, 34, 44, 10, 32, 32, 32, 32, 32, 32, 34, 114, 101, 102, 95, 105, 100, 34, 58, 32, 34, 114, 101, 115, 117, 108, 116, 58, 108, 111, 97, 100, 99, 97, 115, 101, 58, 108, 111, 97, 100, 45, 76, 45, 50, 48, 48, 58, 115, 116, 114, 101, 115, 115, 58, 112, 105, 112, 101, 45, 80, 45, 49, 51, 48, 58, 109, 105, 100, 115, 112, 97, 110, 58, 116, 111, 114, 115, 105, 111, 110, 97, 108, 45, 115, 104, 101, 97, 114, 34, 10, 32, 32, 32, 32, 125, 44, 10, 32, 32, 32, 32, 123, 10, 32, 32, 32, 32, 32, 32, 34, 114, 101, 102, 95, 116, 121, 112, 101, 34, 58, 32, 34, 114, 101, 115, 117, 108, 116, 34, 44, 10, 32, 32, 32, 32, 32, 32, 34, 114, 101, 102, 95, 105, 100, 34, 58, 32, 34, 114, 101, 115, 117, 108, 116, 58, 108, 111, 97, 100, 99, 97, 115, 101, 58, 108, 111, 97, 100, 45, 76, 45, 50, 48, 48, 58, 115, 116, 114, 101, 115, 115, 58, 112, 105, 112, 101, 45, 80, 45, 49, 51, 48, 58, 109, 105, 100, 115, 112, 97, 110, 58, 112, 114, 101, 115, 115, 117, 114, 101, 45, 104, 111, 111, 112, 34, 10, 32, 32, 32, 32, 125, 44, 10, 32, 32, 32, 32, 123, 10, 32, 32, 32, 32, 32, 32, 34, 114, 101, 102, 95, 116, 121, 112, 101, 34, 58, 32, 34, 114, 101, 115, 117, 108, 116, 34, 44, 10, 32, 32, 32, 32, 32, 32, 34, 114, 101, 102, 95, 105, 100, 34, 58, 32, 34, 114, 101, 115, 117, 108, 116, 58, 108, 111, 97, 100, 99, 97, 115, 101, 58, 108, 111, 97, 100, 45, 76, 45, 50, 48, 48, 58, 115, 116, 114, 101, 115, 115, 58, 112, 105, 112, 101, 45, 80, 45, 49, 51, 48, 58, 113, 117, 97, 114, 116, 101, 114, 45, 51, 58, 97, 120, 105, 97, 108, 45, 110, 111, 114, 109, 97, 108, 34, 10, 32, 32, 32, 32, 125, 44, 10, 32, 32, 32, 32, 123, 10, 32, 32, 32, 32, 32, 32, 34, 114, 101, 102, 95, 116, 121, 112, 101, 34, 58, 32, 34, 114, 101, 115, 117, 108, 116, 34, 44, 10, 32, 32, 32, 32, 32, 32, 34, 114, 101, 102, 95, 105, 100, 34, 58, 32, 34, 114, 101, 115, 117, 108, 116, 58, 108, 111, 97, 100, 99, 97, 115, 101, 58, 108, 111, 97, 100, 45, 76, 45, 50, 48, 48, 58, 115, 116, 114, 101, 115, 115, 58, 112, 105, 112, 101, 45, 80, 45, 49, 51, 48, 58, 113, 117, 97, 114, 116, 101, 114, 45, 51, 58, 98, 101, 110, 100, 105, 110, 103, 45, 110, 111, 114, 109, 97, 108, 45, 121, 34, 10, 32, 32, 32, 32, 125, 44, 10, 32, 32, 32, 32, 123, 10, 32, 32, 32, 32, 32, 32, 34, 114, 101, 102, 95, 116, 121, 112, 101, 34, 58, 32, 34, 114, 101, 115, 117, 108, 116, 34, 44, 10, 32, 32, 32, 32, 32, 32, 34, 114, 101, 102, 95, 105, 100, 34, 58, 32, 34, 114, 101, 115, 117, 108, 116, 58, 108, 111, 97, 100, 99, 97, 115, 101, 58, 108, 111, 97, 100, 45, 76, 45, 50, 48, 48, 58, 115, 116, 114, 101, 115, 115, 58, 112, 105, 112, 101, 45, 80, 45, 49, 51, 48, 58, 113, 117, 97, 114, 116, 101, 114, 45, 51, 58, 98, 101, 110, 100, 105, 110, 103, 45, 110, 111, 114, 109, 97, 108, 45, 122, 34, 10, 32, 32, 32, 32, 125, 44, 10, 32, 32, 32, 32, 123, 10, 32, 32, 32, 32, 32, 32, 34, 114, 101, 102, 95, 116, 121, 112, 101, 34, 58, 32, 34, 114, 101, 115, 117, 108, 116, 34, 44, 10, 32, 32, 32, 32, 32, 32, 34, 114, 101, 102, 95, 105, 100, 34, 58, 32, 34, 114, 101, 115, 117, 108, 116, 58, 108, 111, 97, 100, 99, 97, 115, 101, 58, 108, 111, 97, 100, 45, 76, 45, 50, 48, 48, 58, 115, 116, 114, 101, 115, 115, 58, 112, 105, 112, 101, 45, 80, 45, 49, 51, 48, 58, 113, 117, 97, 114, 116, 101, 114, 45, 51, 58, 116, 111, 114, 115, 105, 111, 110, 97, 108, 45, 115, 104, 101, 97, 114, 34, 10, 32, 32, 32, 32, 125, 44, 10, 32, 32, 32, 32, 123, 10, 32, 32, 32, 32, 32, 32, 34, 114, 101, 102, 95, 116, 121, 112, 101, 34, 58, 32, 34, 114, 101, 115, 117, 108, 116, 34, 44, 10, 32, 32, 32, 32, 32, 32, 34, 114, 101, 102, 95, 105, 100, 34, 58, 32, 34, 114, 101, 115, 117, 108, 116, 58, 108, 111, 97, 100, 99, 97, 115, 101, 58, 108, 111, 97, 100, 45, 76, 45, 50, 48, 48, 58, 115, 116, 114, 101, 115, 115, 58, 112, 105, 112, 101, 45, 80, 45, 49, 51, 48, 58, 113, 117, 97, 114, 116, 101, 114, 45, 51, 58, 112, 114, 101, 115, 115, 117, 114, 101, 45, 104, 111, 111, 112, 34, 10, 32, 32, 32, 32, 125, 44, 10, 32, 32, 32, 32, 123, 10, 32, 32, 32, 32, 32, 32, 34, 114, 101, 102, 95, 116, 121, 112, 101, 34, 58, 32, 34, 114, 101, 115, 117, 108, 116, 34, 44, 10, 32, 32, 32, 32, 32, 32, 34, 114, 101, 102, 95, 105, 100, 34, 58, 32, 34, 114, 101, 115, 117, 108, 116, 58, 108, 111, 97, 100, 99, 97, 115, 101, 58, 108, 111, 97, 100, 45, 76, 45, 50, 48, 48, 58, 115, 116, 114, 101, 115, 115, 58, 112, 105, 112, 101, 45, 80, 45, 49, 51, 48, 34, 10, 32, 32, 32, 32, 125, 44, 10, 32, 32, 32, 32, 123, 10, 32, 32, 32, 32, 32, 32, 34, 114, 101, 102, 95, 116, 121, 112, 101, 34, 58, 32, 34, 114, 101, 115, 117, 108, 116, 34, 44, 10, 32, 32, 32, 32, 32, 32, 34, 114, 101, 102, 95, 105, 100, 34, 58, 32, 34, 114, 101, 115, 117, 108, 116, 58, 99, 111, 109, 98, 105, 110, 97, 116, 105, 111, 110, 58, 99, 111, 109, 98, 105, 110, 97, 116, 105, 111, 110, 45, 67, 45, 79, 80, 69, 82, 45, 65, 76, 84, 58, 100, 105, 115, 112, 58, 110, 111, 100, 101, 45, 78, 45, 49, 48, 48, 34, 10, 32, 32, 32, 32, 125, 44, 10, 32, 32, 32, 32, 123, 10, 32, 32, 32, 32, 32, 32, 34, 114, 101, 102, 95, 116, 121, 112, 101, 34, 58, 32, 34, 114, 101, 115, 117, 108, 116, 34, 44, 10, 32, 32, 32, 32, 32, 32, 34, 114, 101, 102, 95, 105, 100, 34, 58, 32, 34, 114, 101, 115, 117, 108, 116, 58, 99, 111, 109, 98, 105, 110, 97, 116, 105, 111, 110, 58, 99, 111, 109, 98, 105, 110, 97, 116, 105, 111, 110, 45, 67, 45, 79, 80, 69, 82, 45, 65, 76, 84, 58, 100, 105, 115, 112, 58, 110, 111, 100, 101, 45, 78, 45, 49, 48, 48, 58, 114, 120, 34, 10, 32, 32, 32, 32, 125, 44, 10, 32, 32, 32, 32, 123, 10, 32, 32, 32, 32, 32, 32, 34, 114, 101, 102, 95, 116, 121, 112, 101, 34, 58, 32, 34, 114, 101, 115, 117, 108, 116, 34, 44, 10, 32, 32, 32, 32, 32, 32, 34, 114, 101, 102, 95, 105, 100, 34, 58, 32, 34, 114, 101, 115, 117, 108, 116, 58, 99, 111, 109, 98, 105, 110, 97, 116, 105, 111, 110, 58, 99, 111, 109, 98, 105, 110, 97, 116, 105, 111, 110, 45, 67, 45, 79, 80, 69, 82, 45, 65, 76, 84, 58, 100, 105, 115, 112, 58, 110, 111, 100, 101, 45, 78, 45, 49, 48, 48, 58, 114, 121, 34, 10, 32, 32, 32, 32, 125, 44, 10, 32, 32, 32, 32, 123, 10, 32, 32, 32, 32, 32, 32, 34, 114, 101, 102, 95, 116, 121, 112, 101, 34, 58, 32, 34, 114, 101, 115, 117, 108, 116, 34, 44, 10, 32, 32, 32, 32, 32, 32, 34, 114, 101, 102, 95, 105, 100, 34, 58, 32, 34, 114, 101, 115, 117, 108, 116, 58, 99, 111, 109, 98, 105, 110, 97, 116, 105, 111, 110, 58, 99, 111, 109, 98, 105, 110, 97, 116, 105, 111, 110, 45, 67, 45, 79, 80, 69, 82, 45, 65, 76, 84, 58, 100, 105, 115, 112, 58, 110, 111, 100, 101, 45, 78, 45, 49, 48, 48, 58, 114, 122, 34, 10, 32, 32, 32, 32, 125, 44, 10, 32, 32, 32, 32, 123, 10, 32, 32, 32, 32, 32, 32, 34, 114, 101, 102, 95, 116, 121, 112, 101, 34, 58, 32, 34, 114, 101, 115, 117, 108, 116, 34, 44, 10, 32, 32, 32, 32, 32, 32, 34, 114, 101, 102, 95, 105, 100, 34, 58, 32, 34, 114, 101, 115, 117, 108, 116, 58, 99, 111, 109, 98, 105, 110, 97, 116, 105, 111, 110, 58, 99, 111, 109, 98, 105, 110, 97, 116, 105, 111, 110, 45, 67, 45, 79, 80, 69, 82, 45, 65, 76, 84, 58, 100, 105, 115, 112, 58, 110, 111, 100, 101, 45, 78, 45, 49, 48, 48, 58, 117, 120, 34, 10, 32, 32, 32, 32, 125, 44, 10, 32, 32, 32, 32, 123, 10, 32, 32, 32, 32, 32, 32, 34, 114, 101, 102, 95, 116, 121, 112, 101, 34, 58, 32, 34, 114, 101, 115, 117, 108, 116, 34, 44, 10, 32, 32, 32, 32, 32, 32, 34, 114, 101, 102, 95, 105, 100, 34, 58, 32, 34, 114, 101, 115, 117, 108, 116, 58, 99, 111, 109, 98, 105, 110, 97, 116, 105, 111, 110, 58, 99, 111, 109, 98, 105, 110, 97, 116, 105, 111, 110, 45, 67, 45, 79, 80, 69, 82, 45, 65, 76, 84, 58, 100, 105, 115, 112, 58, 110, 111, 100, 101, 45, 78, 45, 49, 48, 48, 58, 117, 121, 34, 10, 32, 32, 32, 32, 125, 44, 10, 32, 32, 32, 32, 123, 10, 32, 32, 32, 32, 32, 32, 34, 114, 101, 102, 95, 116, 121, 112, 101, 34, 58, 32, 34, 114, 101, 115, 117, 108, 116, 34, 44, 10, 32, 32, 32, 32, 32, 32, 34, 114, 101, 102, 95, 105, 100, 34, 58, 32, 34, 114, 101, 115, 117, 108, 116, 58, 99, 111, 109, 98, 105, 110, 97, 116, 105, 111, 110, 58, 99, 111, 109, 98, 105, 110, 97, 116, 105, 111, 110, 45, 67, 45, 79, 80, 69, 82, 45, 65, 76, 84, 58, 100, 105, 115, 112, 58, 110, 111, 100, 101, 45, 78, 45, 49, 48, 48, 58, 117, 122, 34, 10, 32, 32, 32, 32, 125, 44, 10, 32, 32, 32, 32, 123, 10, 32, 32, 32, 32, 32, 32, 34, 114, 101, 102, 95, 116, 121, 112, 101, 34, 58, 32, 34, 114, 101, 115, 117, 108, 116, 34, 44, 10, 32, 32, 32, 32, 32, 32, 34, 114, 101, 102, 95, 105, 100, 34, 58, 32, 34, 114, 101, 115, 117, 108, 116, 58, 99, 111, 109, 98, 105, 110, 97, 116, 105, 111, 110, 58, 99, 111, 109, 98, 105, 110, 97, 116, 105, 111, 110, 45, 67, 45, 79, 80, 69, 82, 45, 65, 76, 84, 58, 100, 105, 115, 112, 58, 110, 111, 100, 101, 45, 78, 45, 49, 49, 48, 34, 10, 32, 32, 32, 32, 125, 44, 10, 32, 32, 32, 32, 123, 10, 32, 32, 32, 32, 32, 32, 34, 114, 101, 102, 95, 116, 121, 112, 101, 34, 58, 32, 34, 114, 101, 115, 117, 108, 116, 34, 44, 10, 32, 32, 32, 32, 32, 32, 34, 114, 101, 102, 95, 105, 100, 34, 58, 32, 34, 114, 101, 115, 117, 108, 116, 58, 99, 111, 109, 98, 105, 110, 97, 116, 105, 111, 110, 58, 99, 111, 109, 98, 105, 110, 97, 116, 105, 111, 110, 45, 67, 45, 79, 80, 69, 82, 45, 65, 76, 84, 58, 100, 105, 115, 112, 58, 110, 111, 100, 101, 45, 78, 45, 49, 49, 48, 58, 114, 120, 34, 10, 32, 32, 32, 32, 125, 44, 10, 32, 32, 32, 32, 123, 10, 32, 32, 32, 32, 32, 32, 34, 114, 101, 102, 95, 116, 121, 112, 101, 34, 58, 32, 34, 114, 101, 115, 117, 108, 116, 34, 44, 10, 32, 32, 32, 32, 32, 32, 34, 114, 101, 102, 95, 105, 100, 34, 58, 32, 34, 114, 101, 115, 117, 108, 116, 58, 99, 111, 109, 98, 105, 110, 97, 116, 105, 111, 110, 58, 99, 111, 109, 98, 105, 110, 97, 116, 105, 111, 110, 45, 67, 45, 79, 80, 69, 82, 45, 65, 76, 84, 58, 100, 105, 115, 112, 58, 110, 111, 100, 101, 45, 78, 45, 49, 49, 48, 58, 114, 121, 34, 10, 32, 32, 32, 32, 125, 44, 10, 32, 32, 32, 32, 123, 10, 32, 32, 32, 32, 32, 32, 34, 114, 101, 102, 95, 116, 121, 112, 101, 34, 58, 32, 34, 114, 101, 115, 117, 108, 116, 34, 44, 10, 32, 32, 32, 32, 32, 32, 34, 114, 101, 102, 95, 105, 100, 34, 58, 32, 34, 114, 101, 115, 117, 108, 116, 58, 99, 111, 109, 98, 105, 110, 97, 116, 105, 111, 110, 58, 99, 111, 109, 98, 105, 110, 97, 116, 105, 111, 110, 45, 67, 45, 79, 80, 69, 82, 45, 65, 76, 84, 58, 100, 105, 115, 112, 58, 110, 111, 100, 101, 45, 78, 45, 49, 49, 48, 58, 114, 122, 34, 10, 32, 32, 32, 32, 125, 44, 10, 32, 32, 32, 32, 123, 10, 32, 32, 32, 32, 32, 32, 34, 114, 101, 102, 95, 116, 121, 112, 101, 34, 58, 32, 34, 114, 101, 115, 117, 108, 116, 34, 44, 10, 32, 32, 32, 32, 32, 32, 34, 114, 101, 102, 95, 105, 100, 34, 58, 32, 34, 114, 101, 115, 117, 108, 116, 58, 99, 111, 109, 98, 105, 110, 97, 116, 105, 111, 110, 58, 99, 111, 109, 98, 105, 110, 97, 116, 105, 111, 110, 45, 67, 45, 79, 80, 69, 82, 45, 65, 76, 84, 58, 100, 105, 115, 112, 58, 110, 111, 100, 101, 45, 78, 45, 49, 49, 48, 58, 117, 120, 34, 10, 32, 32, 32, 32, 125, 44, 10, 32, 32, 32, 32, 123, 10, 32, 32, 32, 32, 32, 32, 34, 114, 101, 102, 95, 116, 121, 112, 101, 34, 58, 32, 34, 114, 101, 115, 117, 108, 116, 34, 44, 10, 32, 32, 32, 32, 32, 32, 34, 114, 101, 102, 95, 105, 100, 34, 58, 32, 34, 114, 101, 115, 117, 108, 116, 58, 99, 111, 109, 98, 105, 110, 97, 116, 105, 111, 110, 58, 99, 111, 109, 98, 105, 110, 97, 116, 105, 111, 110, 45, 67, 45, 79, 80, 69, 82, 45, 65, 76, 84, 58, 100, 105, 115, 112, 58, 110, 111, 100, 101, 45, 78, 45, 49, 49, 48, 58, 117, 121, 34, 10, 32, 32, 32, 32, 125, 44, 10, 32, 32, 32, 32, 123, 10, 32, 32, 32, 32, 32, 32, 34, 114, 101, 102, 95, 116, 121, 112, 101, 34, 58, 32, 34, 114, 101, 115, 117, 108, 116, 34, 44, 10, 32, 32, 32, 32, 32, 32, 34, 114, 101, 102, 95, 105, 100, 34, 58, 32, 34, 114, 101, 115, 117, 108, 116, 58, 99, 111, 109, 98, 105, 110, 97, 116, 105, 111, 110, 58, 99, 111, 109, 98, 105, 110, 97, 116, 105, 111, 110, 45, 67, 45, 79, 80, 69, 82, 45, 65, 76, 84, 58, 100, 105, 115, 112, 58, 110, 111, 100, 101, 45, 78, 45, 49, 49, 48, 58, 117, 122, 34, 10, 32, 32, 32, 32, 125, 44, 10, 32, 32, 32, 32, 123, 10, 32, 32, 32, 32, 32, 32, 34, 114, 101, 102, 95, 116, 121, 112, 101, 34, 58, 32, 34, 114, 101, 115, 117, 108, 116, 34, 44, 10, 32, 32, 32, 32, 32, 32, 34, 114, 101, 102, 95, 105, 100, 34, 58, 32, 34, 114, 101, 115, 117, 108, 116, 58, 99, 111, 109, 98, 105, 110, 97, 116, 105, 111, 110, 58, 99, 111, 109, 98, 105, 110, 97, 116, 105, 111, 110, 45, 67, 45, 79, 80, 69, 82, 45, 65, 76, 84, 58, 100, 105, 115, 112, 58, 110, 111, 100, 101, 45, 78, 45, 49, 50, 48, 34, 10, 32, 32, 32, 32, 125, 44, 10, 32, 32, 32, 32, 123, 10, 32, 32, 32, 32, 32, 32, 34, 114, 101, 102, 95, 116, 121, 112, 101, 34, 58, 32, 34, 114, 101, 115, 117, 108, 116, 34, 44, 10, 32, 32, 32, 32, 32, 32, 34, 114, 101, 102, 95, 105, 100, 34, 58, 32, 34, 114, 101, 115, 117, 108, 116, 58, 99, 111, 109, 98, 105, 110, 97, 116, 105, 111, 110, 58, 99, 111, 109, 98, 105, 110, 97, 116, 105, 111, 110, 45, 67, 45, 79, 80, 69, 82, 45, 65, 76, 84, 58, 100, 105, 115, 112, 58, 110, 111, 100, 101, 45, 78, 45, 49, 50, 48, 58, 114, 120, 34, 10, 32, 32, 32, 32, 125, 44, 10, 32, 32, 32, 32, 123, 10, 32, 32, 32, 32, 32, 32, 34, 114, 101, 102, 95, 116, 121, 112, 101, 34, 58, 32, 34, 114, 101, 115, 117, 108, 116, 34, 44, 10, 32, 32, 32, 32, 32, 32, 34, 114, 101, 102, 95, 105, 100, 34, 58, 32, 34, 114, 101, 115, 117, 108, 116, 58, 99, 111, 109, 98, 105, 110, 97, 116, 105, 111, 110, 58, 99, 111, 109, 98, 105, 110, 97, 116, 105, 111, 110, 45, 67, 45, 79, 80, 69, 82, 45, 65, 76, 84, 58, 100, 105, 115, 112, 58, 110, 111, 100, 101, 45, 78, 45, 49, 50, 48, 58, 114, 121, 34, 10, 32, 32, 32, 32, 125, 44, 10, 32, 32, 32, 32, 123, 10, 32, 32, 32, 32, 32, 32, 34, 114, 101, 102, 95, 116, 121, 112, 101, 34, 58, 32, 34, 114, 101, 115, 117, 108, 116, 34, 44, 10, 32, 32, 32, 32, 32, 32, 34, 114, 101, 102, 95, 105, 100, 34, 58, 32, 34, 114, 101, 115, 117, 108, 116, 58, 99, 111, 109, 98, 105, 110, 97, 116, 105, 111, 110, 58, 99, 111, 109, 98, 105, 110, 97, 116, 105, 111, 110, 45, 67, 45, 79, 80, 69, 82, 45, 65, 76, 84, 58, 100, 105, 115, 112, 58, 110, 111, 100, 101, 45, 78, 45, 49, 50, 48, 58, 114, 122, 34, 10, 32, 32, 32, 32, 125, 44, 10, 32, 32, 32, 32, 123, 10, 32, 32, 32, 32, 32, 32, 34, 114, 101, 102, 95, 116, 121, 112, 101, 34, 58, 32, 34, 114, 101, 115, 117, 108, 116, 34, 44, 10, 32, 32, 32, 32, 32, 32, 34, 114, 101, 102, 95, 105, 100, 34, 58, 32, 34, 114, 101, 115, 117, 108, 116, 58, 99, 111, 109, 98, 105, 110, 97, 116, 105, 111, 110, 58, 99, 111, 109, 98, 105, 110, 97, 116, 105, 111, 110, 45, 67, 45, 79, 80, 69, 82, 45, 65, 76, 84, 58, 100, 105, 115, 112, 58, 110, 111, 100, 101, 45, 78, 45, 49, 50, 48, 58, 117, 120, 34, 10, 32, 32, 32, 32, 125, 44, 10, 32, 32, 32, 32, 123, 10, 32, 32, 32, 32, 32, 32, 34, 114, 101, 102, 95, 116, 121, 112, 101, 34, 58, 32, 34, 114, 101, 115, 117, 108, 116, 34, 44, 10, 32, 32, 32, 32, 32, 32, 34, 114, 101, 102, 95, 105, 100, 34, 58, 32, 34, 114, 101, 115, 117, 108, 116, 58, 99, 111, 109, 98, 105, 110, 97, 116, 105, 111, 110, 58, 99, 111, 109, 98, 105, 110, 97, 116, 105, 111, 110, 45, 67, 45, 79, 80, 69, 82, 45, 65, 76, 84, 58, 100, 105, 115, 112, 58, 110, 111, 100, 101, 45, 78, 45, 49, 50, 48, 58, 117, 121, 34, 10, 32, 32, 32, 32, 125, 44, 10, 32, 32, 32, 32, 123, 10, 32, 32, 32, 32, 32, 32, 34, 114, 101, 102, 95, 116, 121, 112, 101, 34, 58, 32, 34, 114, 101, 115, 117, 108, 116, 34, 44, 10, 32, 32, 32, 32, 32, 32, 34, 114, 101, 102, 95, 105, 100, 34, 58, 32, 34, 114, 101, 115, 117, 108, 116, 58, 99, 111, 109, 98, 105, 110, 97, 116, 105, 111, 110, 58, 99, 111, 109, 98, 105, 110, 97, 116, 105, 111, 110, 45, 67, 45, 79, 80, 69, 82, 45, 65, 76, 84, 58, 100, 105, 115, 112, 58, 110, 111, 100, 101, 45, 78, 45, 49, 50, 48, 58, 117, 122, 34, 10, 32, 32, 32, 32, 125, 44, 10, 32, 32, 32, 32, 123, 10, 32, 32, 32, 32, 32, 32, 34, 114, 101, 102, 95, 116, 121, 112, 101, 34, 58, 32, 34, 114, 101, 115, 117, 108, 116, 34, 44, 10, 32, 32, 32, 32, 32, 32, 34, 114, 101, 102, 95, 105, 100, 34, 58, 32, 34, 114, 101, 115, 117, 108, 116, 58, 99, 111, 109, 98, 105, 110, 97, 116, 105, 111, 110, 58, 99, 111, 109, 98, 105, 110, 97, 116, 105, 111, 110, 45, 67, 45, 79, 80, 69, 82, 45, 65, 76, 84, 58, 100, 105, 115, 112, 58, 110, 111, 100, 101, 45, 78, 45, 49, 51, 48, 34, 10, 32, 32, 32, 32, 125, 44, 10, 32, 32, 32, 32, 123, 10, 32, 32, 32, 32, 32, 32, 34, 114, 101, 102, 95, 116, 121, 112, 101, 34, 58, 32, 34, 114, 101, 115, 117, 108, 116, 34, 44, 10, 32, 32, 32, 32, 32, 32, 34, 114, 101, 102, 95, 105, 100, 34, 58, 32, 34, 114, 101, 115, 117, 108, 116, 58, 99, 111, 109, 98, 105, 110, 97, 116, 105, 111, 110, 58, 99, 111, 109, 98, 105, 110, 97, 116, 105, 111, 110, 45, 67, 45, 79, 80, 69, 82, 45, 65, 76, 84, 58, 100, 105, 115, 112, 58, 110, 111, 100, 101, 45, 78, 45, 49, 51, 48, 58, 114, 120, 34, 10, 32, 32, 32, 32, 125, 44, 10, 32, 32, 32, 32, 123, 10, 32, 32, 32, 32, 32, 32, 34, 114, 101, 102, 95, 116, 121, 112, 101, 34, 58, 32, 34, 114, 101, 115, 117, 108, 116, 34, 44, 10, 32, 32, 32, 32, 32, 32, 34, 114, 101, 102, 95, 105, 100, 34, 58, 32, 34, 114, 101, 115, 117, 108, 116, 58, 99, 111, 109, 98, 105, 110, 97, 116, 105, 111, 110, 58, 99, 111, 109, 98, 105, 110, 97, 116, 105, 111, 110, 45, 67, 45, 79, 80, 69, 82, 45, 65, 76, 84, 58, 100, 105, 115, 112, 58, 110, 111, 100, 101, 45, 78, 45, 49, 51, 48, 58, 114, 121, 34, 10, 32, 32, 32, 32, 125, 44, 10, 32, 32, 32, 32, 123, 10, 32, 32, 32, 32, 32, 32, 34, 114, 101, 102, 95, 116, 121, 112, 101, 34, 58, 32, 34, 114, 101, 115, 117, 108, 116, 34, 44, 10, 32, 32, 32, 32, 32, 32, 34, 114, 101, 102, 95, 105, 100, 34, 58, 32, 34, 114, 101, 115, 117, 108, 116, 58, 99, 111, 109, 98, 105, 110, 97, 116, 105, 111, 110, 58, 99, 111, 109, 98, 105, 110, 97, 116, 105, 111, 110, 45, 67, 45, 79, 80, 69, 82, 45, 65, 76, 84, 58, 100, 105, 115, 112, 58, 110, 111, 100, 101, 45, 78, 45, 49, 51, 48, 58, 114, 122, 34, 10, 32, 32, 32, 32, 125, 44, 10, 32, 32, 32, 32, 123, 10, 32, 32, 32, 32, 32, 32, 34, 114, 101, 102, 95, 116, 121, 112, 101, 34, 58, 32, 34, 114, 101, 115, 117, 108, 116, 34, 44, 10, 32, 32, 32, 32, 32, 32, 34, 114, 101, 102, 95, 105, 100, 34, 58, 32, 34, 114, 101, 115, 117, 108, 116, 58, 99, 111, 109, 98, 105, 110, 97, 116, 105, 111, 110, 58, 99, 111, 109, 98, 105, 110, 97, 116, 105, 111, 110, 45, 67, 45, 79, 80, 69, 82, 45, 65, 76, 84, 58, 100, 105, 115, 112, 58, 110, 111, 100, 101, 45, 78, 45, 49, 51, 48, 58, 117, 120, 34, 10, 32, 32, 32, 32, 125, 44, 10, 32, 32, 32, 32, 123, 10, 32, 32, 32, 32, 32, 32, 34, 114, 101, 102, 95, 116, 121, 112, 101, 34, 58, 32, 34, 114, 101, 115, 117, 108, 116, 34, 44, 10, 32, 32, 32, 32, 32, 32, 34, 114, 101, 102, 95, 105, 100, 34, 58, 32, 34, 114, 101, 115, 117, 108, 116, 58, 99, 111, 109, 98, 105, 110, 97, 116, 105, 111, 110, 58, 99, 111, 109, 98, 105, 110, 97, 116, 105, 111, 110, 45, 67, 45, 79, 80, 69, 82, 45, 65, 76, 84, 58, 100, 105, 115, 112, 58, 110, 111, 100, 101, 45, 78, 45, 49, 51, 48, 58, 117, 121, 34, 10, 32, 32, 32, 32, 125, 44, 10, 32, 32, 32, 32, 123, 10, 32, 32, 32, 32, 32, 32, 34, 114, 101, 102, 95, 116, 121, 112, 101, 34, 58, 32, 34, 114, 101, 115, 117, 108, 116, 34, 44, 10, 32, 32, 32, 32, 32, 32, 34, 114, 101, 102, 95, 105, 100, 34, 58, 32, 34, 114, 101, 115, 117, 108, 116, 58, 99, 111, 109, 98, 105, 110, 97, 116, 105, 111, 110, 58, 99, 111, 109, 98, 105, 110, 97, 116, 105, 111, 110, 45, 67, 45, 79, 80, 69, 82, 45, 65, 76, 84, 58, 100, 105, 115, 112, 58, 110, 111, 100, 101, 45, 78, 45, 49, 51, 48, 58, 117, 122, 34, 10, 32, 32, 32, 32, 125, 44, 10, 32, 32, 32, 32, 123, 10, 32, 32, 32, 32, 32, 32, 34, 114, 101, 102, 95, 116, 121, 112, 101, 34, 58, 32, 34, 114, 101, 115, 117, 108, 116, 34, 44, 10, 32, 32, 32, 32, 32, 32, 34, 114, 101, 102, 95, 105, 100, 34, 58, 32, 34, 114, 101, 115, 117, 108, 116, 58, 99, 111, 109, 98, 105, 110, 97, 116, 105, 111, 110, 58, 99, 111, 109, 98, 105, 110, 97, 116, 105, 111, 110, 45, 67, 45, 79, 80, 69, 82, 45, 65, 76, 84, 58, 100, 105, 115, 112, 58, 110, 111, 100, 101, 45, 78, 45, 49, 52, 48, 34, 10, 32, 32, 32, 32, 125, 44, 10, 32, 32, 32, 32, 123, 10, 32, 32, 32, 32, 32, 32, 34, 114, 101, 102, 95, 116, 121, 112, 101, 34, 58, 32, 34, 114, 101, 115, 117, 108, 116, 34, 44, 10, 32, 32, 32, 32, 32, 32, 34, 114, 101, 102, 95, 105, 100, 34, 58, 32, 34, 114, 101, 115, 117, 108, 116, 58, 99, 111, 109, 98, 105, 110, 97, 116, 105, 111, 110, 58, 99, 111, 109, 98, 105, 110, 97, 116, 105, 111, 110, 45, 67, 45, 79, 80, 69, 82, 45, 65, 76, 84, 58, 100, 105, 115, 112, 58, 110, 111, 100, 101, 45, 78, 45, 49, 52, 48, 58, 114, 120, 34, 10, 32, 32, 32, 32, 125, 44, 10, 32, 32, 32, 32, 123, 10, 32, 32, 32, 32, 32, 32, 34, 114, 101, 102, 95, 116, 121, 112, 101, 34, 58, 32, 34, 114, 101, 115, 117, 108, 116, 34, 44, 10, 32, 32, 32, 32, 32, 32, 34, 114, 101, 102, 95, 105, 100, 34, 58, 32, 34, 114, 101, 115, 117, 108, 116, 58, 99, 111, 109, 98, 105, 110, 97, 116, 105, 111, 110, 58, 99, 111, 109, 98, 105, 110, 97, 116, 105, 111, 110, 45, 67, 45, 79, 80, 69, 82, 45, 65, 76, 84, 58, 100, 105, 115, 112, 58, 110, 111, 100, 101, 45, 78, 45, 49, 52, 48, 58, 114, 121, 34, 10, 32, 32, 32, 32, 125, 44, 10, 32, 32, 32, 32, 123, 10, 32, 32, 32, 32, 32, 32, 34, 114, 101, 102, 95, 116, 121, 112, 101, 34, 58, 32, 34, 114, 101, 115, 117, 108, 116, 34, 44, 10, 32, 32, 32, 32, 32, 32, 34, 114, 101, 102, 95, 105, 100, 34, 58, 32, 34, 114, 101, 115, 117, 108, 116, 58, 99, 111, 109, 98, 105, 110, 97, 116, 105, 111, 110, 58, 99, 111, 109, 98, 105, 110, 97, 116, 105, 111, 110, 45, 67, 45, 79, 80, 69, 82, 45, 65, 76, 84, 58, 100, 105, 115, 112, 58, 110, 111, 100, 101, 45, 78, 45, 49, 52, 48, 58, 114, 122, 34, 10, 32, 32, 32, 32, 125, 44, 10, 32, 32, 32, 32, 123, 10, 32, 32, 32, 32, 32, 32, 34, 114, 101, 102, 95, 116, 121, 112, 101, 34, 58, 32, 34, 114, 101, 115, 117, 108, 116, 34, 44, 10, 32, 32, 32, 32, 32, 32, 34, 114, 101, 102, 95, 105, 100, 34, 58, 32, 34, 114, 101, 115, 117, 108, 116, 58, 99, 111, 109, 98, 105, 110, 97, 116, 105, 111, 110, 58, 99, 111, 109, 98, 105, 110, 97, 116, 105, 111, 110, 45, 67, 45, 79, 80, 69, 82, 45, 65, 76, 84, 58, 100, 105, 115, 112, 58, 110, 111, 100, 101, 45, 78, 45, 49, 52, 48, 58, 117, 120, 34, 10, 32, 32, 32, 32, 125, 44, 10, 32, 32, 32, 32, 123, 10, 32, 32, 32, 32, 32, 32, 34, 114, 101, 102, 95, 116, 121, 112, 101, 34, 58, 32, 34, 114, 101, 115, 117, 108, 116, 34, 44, 10, 32, 32, 32, 32, 32, 32, 34, 114, 101, 102, 95, 105, 100, 34, 58, 32, 34, 114, 101, 115, 117, 108, 116, 58, 99, 111, 109, 98, 105, 110, 97, 116, 105, 111, 110, 58, 99, 111, 109, 98, 105, 110, 97, 116, 105, 111, 110, 45, 67, 45, 79, 80, 69, 82, 45, 65, 76, 84, 58, 100, 105, 115, 112, 58, 110, 111, 100, 101, 45, 78, 45, 49, 52, 48, 58, 117, 121, 34, 10, 32, 32, 32, 32, 125, 44, 10, 32, 32, 32, 32, 123, 10, 32, 32, 32, 32, 32, 32, 34, 114, 101, 102, 95, 116, 121, 112, 101, 34, 58, 32, 34, 114, 101, 115, 117, 108, 116, 34, 44, 10, 32, 32, 32, 32, 32, 32, 34, 114, 101, 102, 95, 105, 100, 34, 58, 32, 34, 114, 101, 115, 117, 108, 116, 58, 99, 111, 109, 98, 105, 110, 97, 116, 105, 111, 110, 58, 99, 111, 109, 98, 105, 110, 97, 116, 105, 111, 110, 45, 67, 45, 79, 80, 69, 82, 45, 65, 76, 84, 58, 100, 105, 115, 112, 58, 110, 111, 100, 101, 45, 78, 45, 49, 52, 48, 58, 117, 122, 34, 10, 32, 32, 32, 32, 125, 44, 10, 32, 32, 32, 32, 123, 10, 32, 32, 32, 32, 32, 32, 34, 114, 101, 102, 95, 116, 121, 112, 101, 34, 58, 32, 34, 114, 101, 115, 117, 108, 116, 34, 44, 10, 32, 32, 32, 32, 32, 32, 34, 114, 101, 102, 95, 105, 100, 34, 58, 32, 34, 114, 101, 115, 117, 108, 116, 58, 99, 111, 109, 98, 105, 110, 97, 116, 105, 111, 110, 58, 99, 111, 109, 98, 105, 110, 97, 116, 105, 111, 110, 45, 67, 45, 79, 80, 69, 82, 45, 65, 76, 84, 58, 102, 111, 114, 99, 101, 58, 112, 105, 112, 101, 45, 80, 45, 49, 48, 48, 58, 97, 120, 105, 97, 108, 34, 10, 32, 32, 32, 32, 125, 44, 10, 32, 32, 32, 32, 123, 10, 32, 32, 32, 32, 32, 32, 34, 114, 101, 102, 95, 116, 121, 112, 101, 34, 58, 32, 34, 114, 101, 115, 117, 108, 116, 34, 44, 10, 32, 32, 32, 32, 32, 32, 34, 114, 101, 102, 95, 105, 100, 34, 58, 32, 34, 114, 101, 115, 117, 108, 116, 58, 99, 111, 109, 98, 105, 110, 97, 116, 105, 111, 110, 58, 99, 111, 109, 98, 105, 110, 97, 116, 105, 111, 110, 45, 67, 45, 79, 80, 69, 82, 45, 65, 76, 84, 58, 102, 111, 114, 99, 101, 58, 112, 105, 112, 101, 45, 80, 45, 49, 48, 48, 58, 97, 120, 105, 97, 108, 58, 101, 110, 100, 45, 106, 34, 10, 32, 32, 32, 32, 125, 44, 10, 32, 32, 32, 32, 123, 10, 32, 32, 32, 32, 32, 32, 34, 114, 101, 102, 95, 116, 121, 112, 101, 34, 58, 32, 34, 114, 101, 115, 117, 108, 116, 34, 44, 10, 32, 32, 32, 32, 32, 32, 34, 114, 101, 102, 95, 105, 100, 34, 58, 32, 34, 114, 101, 115, 117, 108, 116, 58, 99, 111, 109, 98, 105, 110, 97, 116, 105, 111, 110, 58, 99, 111, 109, 98, 105, 110, 97, 116, 105, 111, 110, 45, 67, 45, 79, 80, 69, 82, 45, 65, 76, 84, 58, 102, 111, 114, 99, 101, 58, 112, 105, 112, 101, 45, 80, 45, 49, 48, 48, 58, 109, 105, 100, 115, 112, 97, 110, 58, 97, 120, 105, 97, 108, 34, 10, 32, 32, 32, 32, 125, 44, 10, 32, 32, 32, 32, 123, 10, 32, 32, 32, 32, 32, 32, 34, 114, 101, 102, 95, 116, 121, 112, 101, 34, 58, 32, 34, 114, 101, 115, 117, 108, 116, 34, 44, 10, 32, 32, 32, 32, 32, 32, 34, 114, 101, 102, 95, 105, 100, 34, 58, 32, 34, 114, 101, 115, 117, 108, 116, 58, 99, 111, 109, 98, 105, 110, 97, 116, 105, 111, 110, 58, 99, 111, 109, 98, 105, 110, 97, 116, 105, 111, 110, 45, 67, 45, 79, 80, 69, 82, 45, 65, 76, 84, 58, 102, 111, 114, 99, 101, 58, 112, 105, 112, 101, 45, 80, 45, 49, 48, 48, 58, 109, 105, 100, 115, 112, 97, 110, 58, 115, 104, 101, 97, 114, 45, 121, 34, 10, 32, 32, 32, 32, 125, 44, 10, 32, 32, 32, 32, 123, 10, 32, 32, 32, 32, 32, 32, 34, 114, 101, 102, 95, 116, 121, 112, 101, 34, 58, 32, 34, 114, 101, 115, 117, 108, 116, 34, 44, 10, 32, 32, 32, 32, 32, 32, 34, 114, 101, 102, 95, 105, 100, 34, 58, 32, 34, 114, 101, 115, 117, 108, 116, 58, 99, 111, 109, 98, 105, 110, 97, 116, 105, 111, 110, 58, 99, 111, 109, 98, 105, 110, 97, 116, 105, 111, 110, 45, 67, 45, 79, 80, 69, 82, 45, 65, 76, 84, 58, 102, 111, 114, 99, 101, 58, 112, 105, 112, 101, 45, 80, 45, 49, 48, 48, 58, 109, 105, 100, 115, 112, 97, 110, 58, 115, 104, 101, 97, 114, 45, 122, 34, 10, 32, 32, 32, 32, 125, 44, 10, 32, 32, 32, 32, 123, 10, 32, 32, 32, 32, 32, 32, 34, 114, 101, 102, 95, 116, 121, 112, 101, 34, 58, 32, 34, 114, 101, 115, 117, 108, 116, 34, 44, 10, 32, 32, 32, 32, 32, 32, 34, 114, 101, 102, 95, 105, 100, 34, 58, 32, 34, 114, 101, 115, 117, 108, 116, 58, 99, 111, 109, 98, 105, 110, 97, 116, 105, 111, 110, 58, 99, 111, 109, 98, 105, 110, 97, 116, 105, 111, 110, 45, 67, 45, 79, 80, 69, 82, 45, 65, 76, 84, 58, 102, 111, 114, 99, 101, 58, 112, 105, 112, 101, 45, 80, 45, 49, 48, 48, 58, 113, 117, 97, 114, 116, 101, 114, 45, 49, 58, 97, 120, 105, 97, 108, 34, 10, 32, 32, 32, 32, 125, 44, 10, 32, 32, 32, 32, 123, 10, 32, 32, 32, 32, 32, 32, 34, 114, 101, 102, 95, 116, 121, 112, 101, 34, 58, 32, 34, 114, 101, 115, 117, 108, 116, 34, 44, 10, 32, 32, 32, 32, 32, 32, 34, 114, 101, 102, 95, 105, 100, 34, 58, 32, 34, 114, 101, 115, 117, 108, 116, 58, 99, 111, 109, 98, 105, 110, 97, 116, 105, 111, 110, 58, 99, 111, 109, 98, 105, 110, 97, 116, 105, 111, 110, 45, 67, 45, 79, 80, 69, 82, 45, 65, 76, 84, 58, 102, 111, 114, 99, 101, 58, 112, 105, 112, 101, 45, 80, 45, 49, 48, 48, 58, 113, 117, 97, 114, 116, 101, 114, 45, 49, 58, 115, 104, 101, 97, 114, 45, 121, 34, 10, 32, 32, 32, 32, 125, 44, 10, 32, 32, 32, 32, 123, 10, 32, 32, 32, 32, 32, 32, 34, 114, 101, 102, 95, 116, 121, 112, 101, 34, 58, 32, 34, 114, 101, 115, 117, 108, 116, 34, 44, 10, 32, 32, 32, 32, 32, 32, 34, 114, 101, 102, 95, 105, 100, 34, 58, 32, 34, 114, 101, 115, 117, 108, 116, 58, 99, 111, 109, 98, 105, 110, 97, 116, 105, 111, 110, 58, 99, 111, 109, 98, 105, 110, 97, 116, 105, 111, 110, 45, 67, 45, 79, 80, 69, 82, 45, 65, 76, 84, 58, 102, 111, 114, 99, 101, 58, 112, 105, 112, 101, 45, 80, 45, 49, 48, 48, 58, 113, 117, 97, 114, 116, 101, 114, 45, 49, 58, 115, 104, 101, 97, 114, 45, 122, 34, 10, 32, 32, 32, 32, 125, 44, 10, 32, 32, 32, 32, 123, 10, 32, 32, 32, 32, 32, 32, 34, 114, 101, 102, 95, 116, 121, 112, 101, 34, 58, 32, 34, 114, 101, 115, 117, 108, 116, 34, 44, 10, 32, 32, 32, 32, 32, 32, 34, 114, 101, 102, 95, 105, 100, 34, 58, 32, 34, 114, 101, 115, 117, 108, 116, 58, 99, 111, 109, 98, 105, 110, 97, 116, 105, 111, 110, 58, 99, 111, 109, 98, 105, 110, 97, 116, 105, 111, 110, 45, 67, 45, 79, 80, 69, 82, 45, 65, 76, 84, 58, 102, 111, 114, 99, 101, 58, 112, 105, 112, 101, 45, 80, 45, 49, 48, 48, 58, 113, 117, 97, 114, 116, 101, 114, 45, 51, 58, 97, 120, 105, 97, 108, 34, 10, 32, 32, 32, 32, 125, 44, 10, 32, 32, 32, 32, 123, 10, 32, 32, 32, 32, 32, 32, 34, 114, 101, 102, 95, 116, 121, 112, 101, 34, 58, 32, 34, 114, 101, 115, 117, 108, 116, 34, 44, 10, 32, 32, 32, 32, 32, 32, 34, 114, 101, 102, 95, 105, 100, 34, 58, 32, 34, 114, 101, 115, 117, 108, 116, 58, 99, 111, 109, 98, 105, 110, 97, 116, 105, 111, 110, 58, 99, 111, 109, 98, 105, 110, 97, 116, 105, 111, 110, 45, 67, 45, 79, 80, 69, 82, 45, 65, 76, 84, 58, 102, 111, 114, 99, 101, 58, 112, 105, 112, 101, 45, 80, 45, 49, 48, 48, 58, 113, 117, 97, 114, 116, 101, 114, 45, 51, 58, 115, 104, 101, 97, 114, 45, 121, 34, 10, 32, 32, 32, 32, 125, 44, 10, 32, 32, 32, 32, 123, 10, 32, 32, 32, 32, 32, 32, 34, 114, 101, 102, 95, 116, 121, 112, 101, 34, 58, 32, 34, 114, 101, 115, 117, 108, 116, 34, 44, 10, 32, 32, 32, 32, 32, 32, 34, 114, 101, 102, 95, 105, 100, 34, 58, 32, 34, 114, 101, 115, 117, 108, 116, 58, 99, 111, 109, 98, 105, 110, 97, 116, 105, 111, 110, 58, 99, 111, 109, 98, 105, 110, 97, 116, 105, 111, 110, 45, 67, 45, 79, 80, 69, 82, 45, 65, 76, 84, 58, 102, 111, 114, 99, 101, 58, 112, 105, 112, 101, 45, 80, 45, 49, 48, 48, 58, 113, 117, 97, 114, 116, 101, 114, 45, 51, 58, 115, 104, 101, 97, 114, 45, 122, 34, 10, 32, 32, 32, 32, 125, 44, 10, 32, 32, 32, 32, 123, 10, 32, 32, 32, 32, 32, 32, 34, 114, 101, 102, 95, 116, 121, 112, 101, 34, 58, 32, 34, 114, 101, 115, 117, 108, 116, 34, 44, 10, 32, 32, 32, 32, 32, 32, 34, 114, 101, 102, 95, 105, 100, 34, 58, 32, 34, 114, 101, 115, 117, 108, 116, 58, 99, 111, 109, 98, 105, 110, 97, 116, 105, 111, 110, 58, 99, 111, 109, 98, 105, 110, 97, 116, 105, 111, 110, 45, 67, 45, 79, 80, 69, 82, 45, 65, 76, 84, 58, 102, 111, 114, 99, 101, 58, 112, 105, 112, 101, 45, 80, 45, 49, 48, 48, 58, 115, 104, 101, 97, 114, 45, 121, 34, 10, 32, 32, 32, 32, 125, 44, 10, 32, 32, 32, 32, 123, 10, 32, 32, 32, 32, 32, 32, 34, 114, 101, 102, 95, 116, 121, 112, 101, 34, 58, 32, 34, 114, 101, 115, 117, 108, 116, 34, 44, 10, 32, 32, 32, 32, 32, 32, 34, 114, 101, 102, 95, 105, 100, 34, 58, 32, 34, 114, 101, 115, 117, 108, 116, 58, 99, 111, 109, 98, 105, 110, 97, 116, 105, 111, 110, 58, 99, 111, 109, 98, 105, 110, 97, 116, 105, 111, 110, 45, 67, 45, 79, 80, 69, 82, 45, 65, 76, 84, 58, 102, 111, 114, 99, 101, 58, 112, 105, 112, 101, 45, 80, 45, 49, 48, 48, 58, 115, 104, 101, 97, 114, 45, 121, 58, 101, 110, 100, 45, 106, 34, 10, 32, 32, 32, 32, 125, 44, 10, 32, 32, 32, 32, 123, 10, 32, 32, 32, 32, 32, 32, 34, 114, 101, 102, 95, 116, 121, 112, 101, 34, 58, 32, 34, 114, 101, 115, 117, 108, 116, 34, 44, 10, 32, 32, 32, 32, 32, 32, 34, 114, 101, 102, 95, 105, 100, 34, 58, 32, 34, 114, 101, 115, 117, 108, 116, 58, 99, 111, 109, 98, 105, 110, 97, 116, 105, 111, 110, 58, 99, 111, 109, 98, 105, 110, 97, 116, 105, 111, 110, 45, 67, 45, 79, 80, 69, 82, 45, 65, 76, 84, 58, 102, 111, 114, 99, 101, 58, 112, 105, 112, 101, 45, 80, 45, 49, 48, 48, 58, 115, 104, 101, 97, 114, 45, 122, 34, 10, 32, 32, 32, 32, 125, 44, 10, 32, 32, 32, 32, 123, 10, 32, 32, 32, 32, 32, 32, 34, 114, 101, 102, 95, 116, 121, 112, 101, 34, 58, 32, 34, 114, 101, 115, 117, 108, 116, 34, 44, 10, 32, 32, 32, 32, 32, 32, 34, 114, 101, 102, 95, 105, 100, 34, 58, 32, 34, 114, 101, 115, 117, 108, 116, 58, 99, 111, 109, 98, 105, 110, 97, 116, 105, 111, 110, 58, 99, 111, 109, 98, 105, 110, 97, 116, 105, 111, 110, 45, 67, 45, 79, 80, 69, 82, 45, 65, 76, 84, 58, 102, 111, 114, 99, 101, 58, 112, 105, 112, 101, 45, 80, 45, 49, 48, 48, 58, 115, 104, 101, 97, 114, 45, 122, 58, 101, 110, 100, 45, 106, 34, 10, 32, 32, 32, 32, 125, 44, 10, 32, 32, 32, 32, 123, 10, 32, 32, 32, 32, 32, 32, 34, 114, 101, 102, 95, 116, 121, 112, 101, 34, 58, 32, 34, 114, 101, 115, 117, 108, 116, 34, 44, 10, 32, 32, 32, 32, 32, 32, 34, 114, 101, 102, 95, 105, 100, 34, 58, 32, 34, 114, 101, 115, 117, 108, 116, 58, 99, 111, 109, 98, 105, 110, 97, 116, 105, 111, 110, 58, 99, 111, 109, 98, 105, 110, 97, 116, 105, 111, 110, 45, 67, 45, 79, 80, 69, 82, 45, 65, 76, 84, 58, 102, 111, 114, 99, 101, 58, 112, 105, 112, 101, 45, 80, 45, 49, 49, 48, 58, 97, 120, 105, 97, 108, 34, 10, 32, 32, 32, 32, 125, 44, 10, 32, 32, 32, 32, 123, 10, 32, 32, 32, 32, 32, 32, 34, 114, 101, 102, 95, 116, 121, 112, 101, 34, 58, 32, 34, 114, 101, 115, 117, 108, 116, 34, 44, 10, 32, 32, 32, 32, 32, 32, 34, 114, 101, 102, 95, 105, 100, 34, 58, 32, 34, 114, 101, 115, 117, 108, 116, 58, 99, 111, 109, 98, 105, 110, 97, 116, 105, 111, 110, 58, 99, 111, 109, 98, 105, 110, 97, 116, 105, 111, 110, 45, 67, 45, 79, 80, 69, 82, 45, 65, 76, 84, 58, 102, 111, 114, 99, 101, 58, 112, 105, 112, 101, 45, 80, 45, 49, 49, 48, 58, 97, 120, 105, 97, 108, 58, 101, 110, 100, 45, 106, 34, 10, 32, 32, 32, 32, 125, 44, 10, 32, 32, 32, 32, 123, 10, 32, 32, 32, 32, 32, 32, 34, 114, 101, 102, 95, 116, 121, 112, 101, 34, 58, 32, 34, 114, 101, 115, 117, 108, 116, 34, 44, 10, 32, 32, 32, 32, 32, 32, 34, 114, 101, 102, 95, 105, 100, 34, 58, 32, 34, 114, 101, 115, 117, 108, 116, 58, 99, 111, 109, 98, 105, 110, 97, 116, 105, 111, 110, 58, 99, 111, 109, 98, 105, 110, 97, 116, 105, 111, 110, 45, 67, 45, 79, 80, 69, 82, 45, 65, 76, 84, 58, 102, 111, 114, 99, 101, 58, 112, 105, 112, 101, 45, 80, 45, 49, 49, 48, 58, 109, 105, 100, 115, 112, 97, 110, 58, 97, 120, 105, 97, 108, 34, 10, 32, 32, 32, 32, 125, 44, 10, 32, 32, 32, 32, 123, 10, 32, 32, 32, 32, 32, 32, 34, 114, 101, 102, 95, 116, 121, 112, 101, 34, 58, 32, 34, 114, 101, 115, 117, 108, 116, 34, 44, 10, 32, 32, 32, 32, 32, 32, 34, 114, 101, 102, 95, 105, 100, 34, 58, 32, 34, 114, 101, 115, 117, 108, 116, 58, 99, 111, 109, 98, 105, 110, 97, 116, 105, 111, 110, 58, 99, 111, 109, 98, 105, 110, 97, 116, 105, 111, 110, 45, 67, 45, 79, 80, 69, 82, 45, 65, 76, 84, 58, 102, 111, 114, 99, 101, 58, 112, 105, 112, 101, 45, 80, 45, 49, 49, 48, 58, 109, 105, 100, 115, 112, 97, 110, 58, 115, 104, 101, 97, 114, 45, 121, 34, 10, 32, 32, 32, 32, 125, 44, 10, 32, 32, 32, 32, 123, 10, 32, 32, 32, 32, 32, 32, 34, 114, 101, 102, 95, 116, 121, 112, 101, 34, 58, 32, 34, 114, 101, 115, 117, 108, 116, 34, 44, 10, 32, 32, 32, 32, 32, 32, 34, 114, 101, 102, 95, 105, 100, 34, 58, 32, 34, 114, 101, 115, 117, 108, 116, 58, 99, 111, 109, 98, 105, 110, 97, 116, 105, 111, 110, 58, 99, 111, 109, 98, 105, 110, 97, 116, 105, 111, 110, 45, 67, 45, 79, 80, 69, 82, 45, 65, 76, 84, 58, 102, 111, 114, 99, 101, 58, 112, 105, 112, 101, 45, 80, 45, 49, 49, 48, 58, 109, 105, 100, 115, 112, 97, 110, 58, 115, 104, 101, 97, 114, 45, 122, 34, 10, 32, 32, 32, 32, 125, 44, 10, 32, 32, 32, 32, 123, 10, 32, 32, 32, 32, 32, 32, 34, 114, 101, 102, 95, 116, 121, 112, 101, 34, 58, 32, 34, 114, 101, 115, 117, 108, 116, 34, 44, 10, 32, 32, 32, 32, 32, 32, 34, 114, 101, 102, 95, 105, 100, 34, 58, 32, 34, 114, 101, 115, 117, 108, 116, 58, 99, 111, 109, 98, 105, 110, 97, 116, 105, 111, 110, 58, 99, 111, 109, 98, 105, 110, 97, 116, 105, 111, 110, 45, 67, 45, 79, 80, 69, 82, 45, 65, 76, 84, 58, 102, 111, 114, 99, 101, 58, 112, 105, 112, 101, 45, 80, 45, 49, 49, 48, 58, 113, 117, 97, 114, 116, 101, 114, 45, 49, 58, 97, 120, 105, 97, 108, 34, 10, 32, 32, 32, 32, 125, 44, 10, 32, 32, 32, 32, 123, 10, 32, 32, 32, 32, 32, 32, 34, 114, 101, 102, 95, 116, 121, 112, 101, 34, 58, 32, 34, 114, 101, 115, 117, 108, 116, 34, 44, 10, 32, 32, 32, 32, 32, 32, 34, 114, 101, 102, 95, 105, 100, 34, 58, 32, 34, 114, 101, 115, 117, 108, 116, 58, 99, 111, 109, 98, 105, 110, 97, 116, 105, 111, 110, 58, 99, 111, 109, 98, 105, 110, 97, 116, 105, 111, 110, 45, 67, 45, 79, 80, 69, 82, 45, 65, 76, 84, 58, 102, 111, 114, 99, 101, 58, 112, 105, 112, 101, 45, 80, 45, 49, 49, 48, 58, 113, 117, 97, 114, 116, 101, 114, 45, 49, 58, 115, 104, 101, 97, 114, 45, 121, 34, 10, 32, 32, 32, 32, 125, 44, 10, 32, 32, 32, 32, 123, 10, 32, 32, 32, 32, 32, 32, 34, 114, 101, 102, 95, 116, 121, 112, 101, 34, 58, 32, 34, 114, 101, 115, 117, 108, 116, 34, 44, 10, 32, 32, 32, 32, 32, 32, 34, 114, 101, 102, 95, 105, 100, 34, 58, 32, 34, 114, 101, 115, 117, 108, 116, 58, 99, 111, 109, 98, 105, 110, 97, 116, 105, 111, 110, 58, 99, 111, 109, 98, 105, 110, 97, 116, 105, 111, 110, 45, 67, 45, 79, 80, 69, 82, 45, 65, 76, 84, 58, 102, 111, 114, 99, 101, 58, 112, 105, 112, 101, 45, 80, 45, 49, 49, 48, 58, 113, 117, 97, 114, 116, 101, 114, 45, 49, 58, 115, 104, 101, 97, 114, 45, 122, 34, 10, 32, 32, 32, 32, 125, 44, 10, 32, 32, 32, 32, 123, 10, 32, 32, 32, 32, 32, 32, 34, 114, 101, 102, 95, 116, 121, 112, 101, 34, 58, 32, 34, 114, 101, 115, 117, 108, 116, 34, 44, 10, 32, 32, 32, 32, 32, 32, 34, 114, 101, 102, 95, 105, 100, 34, 58, 32, 34, 114, 101, 115, 117, 108, 116, 58, 99, 111, 109, 98, 105, 110, 97, 116, 105, 111, 110, 58, 99, 111, 109, 98, 105, 110, 97, 116, 105, 111, 110, 45, 67, 45, 79, 80, 69, 82, 45, 65, 76, 84, 58, 102, 111, 114, 99, 101, 58, 112, 105, 112, 101, 45, 80, 45, 49, 49, 48, 58, 113, 117, 97, 114, 116, 101, 114, 45, 51, 58, 97, 120, 105, 97, 108, 34, 10, 32, 32, 32, 32, 125, 44, 10, 32, 32, 32, 32, 123, 10, 32, 32, 32, 32, 32, 32, 34, 114, 101, 102, 95, 116, 121, 112, 101, 34, 58, 32, 34, 114, 101, 115, 117, 108, 116, 34, 44, 10, 32, 32, 32, 32, 32, 32, 34, 114, 101, 102, 95, 105, 100, 34, 58, 32, 34, 114, 101, 115, 117, 108, 116, 58, 99, 111, 109, 98, 105, 110, 97, 116, 105, 111, 110, 58, 99, 111, 109, 98, 105, 110, 97, 116, 105, 111, 110, 45, 67, 45, 79, 80, 69, 82, 45, 65, 76, 84, 58, 102, 111, 114, 99, 101, 58, 112, 105, 112, 101, 45, 80, 45, 49, 49, 48, 58, 113, 117, 97, 114, 116, 101, 114, 45, 51, 58, 115, 104, 101, 97, 114, 45, 121, 34, 10, 32, 32, 32, 32, 125, 44, 10, 32, 32, 32, 32, 123, 10, 32, 32, 32, 32, 32, 32, 34, 114, 101, 102, 95, 116, 121, 112, 101, 34, 58, 32, 34, 114, 101, 115, 117, 108, 116, 34, 44, 10, 32, 32, 32, 32, 32, 32, 34, 114, 101, 102, 95, 105, 100, 34, 58, 32, 34, 114, 101, 115, 117, 108, 116, 58, 99, 111, 109, 98, 105, 110, 97, 116, 105, 111, 110, 58, 99, 111, 109, 98, 105, 110, 97, 116, 105, 111, 110, 45, 67, 45, 79, 80, 69, 82, 45, 65, 76, 84, 58, 102, 111, 114, 99, 101, 58, 112, 105, 112, 101, 45, 80, 45, 49, 49, 48, 58, 113, 117, 97, 114, 116, 101, 114, 45, 51, 58, 115, 104, 101, 97, 114, 45, 122, 34, 10, 32, 32, 32, 32, 125, 44, 10, 32, 32, 32, 32, 123, 10, 32, 32, 32, 32, 32, 32, 34, 114, 101, 102, 95, 116, 121, 112, 101, 34, 58, 32, 34, 114, 101, 115, 117, 108, 116, 34, 44, 10, 32, 32, 32, 32, 32, 32, 34, 114, 101, 102, 95, 105, 100, 34, 58, 32, 34, 114, 101, 115, 117, 108, 116, 58, 99, 111, 109, 98, 105, 110, 97, 116, 105, 111, 110, 58, 99, 111, 109, 98, 105, 110, 97, 116, 105, 111, 110, 45, 67, 45, 79, 80, 69, 82, 45, 65, 76, 84, 58, 102, 111, 114, 99, 101, 58, 112, 105, 112, 101, 45, 80, 45, 49, 49, 48, 58, 115, 104, 101, 97, 114, 45, 121, 34, 10, 32, 32, 32, 32, 125, 44, 10, 32, 32, 32, 32, 123, 10, 32, 32, 32, 32, 32, 32, 34, 114, 101, 102, 95, 116, 121, 112, 101, 34, 58, 32, 34, 114, 101, 115, 117, 108, 116, 34, 44, 10, 32, 32, 32, 32, 32, 32, 34, 114, 101, 102, 95, 105, 100, 34, 58, 32, 34, 114, 101, 115, 117, 108, 116, 58, 99, 111, 109, 98, 105, 110, 97, 116, 105, 111, 110, 58, 99, 111, 109, 98, 105, 110, 97, 116, 105, 111, 110, 45, 67, 45, 79, 80, 69, 82, 45, 65, 76, 84, 58, 102, 111, 114, 99, 101, 58, 112, 105, 112, 101, 45, 80, 45, 49, 49, 48, 58, 115, 104, 101, 97, 114, 45, 121, 58, 101, 110, 100, 45, 106, 34, 10, 32, 32, 32, 32, 125, 44, 10, 32, 32, 32, 32, 123, 10, 32, 32, 32, 32, 32, 32, 34, 114, 101, 102, 95, 116, 121, 112, 101, 34, 58, 32, 34, 114, 101, 115, 117, 108, 116, 34, 44, 10, 32, 32, 32, 32, 32, 32, 34, 114, 101, 102, 95, 105, 100, 34, 58, 32, 34, 114, 101, 115, 117, 108, 116, 58, 99, 111, 109, 98, 105, 110, 97, 116, 105, 111, 110, 58, 99, 111, 109, 98, 105, 110, 97, 116, 105, 111, 110, 45, 67, 45, 79, 80, 69, 82, 45, 65, 76, 84, 58, 102, 111, 114, 99, 101, 58, 112, 105, 112, 101, 45, 80, 45, 49, 49, 48, 58, 115, 104, 101, 97, 114, 45, 122, 34, 10, 32, 32, 32, 32, 125, 44, 10, 32, 32, 32, 32, 123, 10, 32, 32, 32, 32, 32, 32, 34, 114, 101, 102, 95, 116, 121, 112, 101, 34, 58, 32, 34, 114, 101, 115, 117, 108, 116, 34, 44, 10, 32, 32, 32, 32, 32, 32, 34, 114, 101, 102, 95, 105, 100, 34, 58, 32, 34, 114, 101, 115, 117, 108, 116, 58, 99, 111, 109, 98, 105, 110, 97, 116, 105, 111, 110, 58, 99, 111, 109, 98, 105, 110, 97, 116, 105, 111, 110, 45, 67, 45, 79, 80, 69, 82, 45, 65, 76, 84, 58, 102, 111, 114, 99, 101, 58, 112, 105, 112, 101, 45, 80, 45, 49, 49, 48, 58, 115, 104, 101, 97, 114, 45, 122, 58, 101, 110, 100, 45, 106, 34, 10, 32, 32, 32, 32, 125, 44, 10, 32, 32, 32, 32, 123, 10, 32, 32, 32, 32, 32, 32, 34, 114, 101, 102, 95, 116, 121, 112, 101, 34, 58, 32, 34, 114, 101, 115, 117, 108, 116, 34, 44, 10, 32, 32, 32, 32, 32, 32, 34, 114, 101, 102, 95, 105, 100, 34, 58, 32, 34, 114, 101, 115, 117, 108, 116, 58, 99, 111, 109, 98, 105, 110, 97, 116, 105, 111, 110, 58, 99, 111, 109, 98, 105, 110, 97, 116, 105, 111, 110, 45, 67, 45, 79, 80, 69, 82, 45, 65, 76, 84, 58, 102, 111, 114, 99, 101, 58, 112, 105, 112, 101, 45, 80, 45, 49, 50, 48, 58, 97, 120, 105, 97, 108, 34, 10, 32, 32, 32, 32, 125, 44, 10, 32, 32, 32, 32, 123, 10, 32, 32, 32, 32, 32, 32, 34, 114, 101, 102, 95, 116, 121, 112, 101, 34, 58, 32, 34, 114, 101, 115, 117, 108, 116, 34, 44, 10, 32, 32, 32, 32, 32, 32, 34, 114, 101, 102, 95, 105, 100, 34, 58, 32, 34, 114, 101, 115, 117, 108, 116, 58, 99, 111, 109, 98, 105, 110, 97, 116, 105, 111, 110, 58, 99, 111, 109, 98, 105, 110, 97, 116, 105, 111, 110, 45, 67, 45, 79, 80, 69, 82, 45, 65, 76, 84, 58, 102, 111, 114, 99, 101, 58, 112, 105, 112, 101, 45, 80, 45, 49, 50, 48, 58, 97, 120, 105, 97, 108, 58, 101, 110, 100, 45, 106, 34, 10, 32, 32, 32, 32, 125, 44, 10, 32, 32, 32, 32, 123, 10, 32, 32, 32, 32, 32, 32, 34, 114, 101, 102, 95, 116, 121, 112, 101, 34, 58, 32, 34, 114, 101, 115, 117, 108, 116, 34, 44, 10, 32, 32, 32, 32, 32, 32, 34, 114, 101, 102, 95, 105, 100, 34, 58, 32, 34, 114, 101, 115, 117, 108, 116, 58, 99, 111, 109, 98, 105, 110, 97, 116, 105, 111, 110, 58, 99, 111, 109, 98, 105, 110, 97, 116, 105, 111, 110, 45, 67, 45, 79, 80, 69, 82, 45, 65, 76, 84, 58, 102, 111, 114, 99, 101, 58, 112, 105, 112, 101, 45, 80, 45, 49, 50, 48, 58, 109, 105, 100, 115, 112, 97, 110, 58, 97, 120, 105, 97, 108, 34, 10, 32, 32, 32, 32, 125, 44, 10, 32, 32, 32, 32, 123, 10, 32, 32, 32, 32, 32, 32, 34, 114, 101, 102, 95, 116, 121, 112, 101, 34, 58, 32, 34, 114, 101, 115, 117, 108, 116, 34, 44, 10, 32, 32, 32, 32, 32, 32, 34, 114, 101, 102, 95, 105, 100, 34, 58, 32, 34, 114, 101, 115, 117, 108, 116, 58, 99, 111, 109, 98, 105, 110, 97, 116, 105, 111, 110, 58, 99, 111, 109, 98, 105, 110, 97, 116, 105, 111, 110, 45, 67, 45, 79, 80, 69, 82, 45, 65, 76, 84, 58, 102, 111, 114, 99, 101, 58, 112, 105, 112, 101, 45, 80, 45, 49, 50, 48, 58, 109, 105, 100, 115, 112, 97, 110, 58, 115, 104, 101, 97, 114, 45, 121, 34, 10, 32, 32, 32, 32, 125, 44, 10, 32, 32, 32, 32, 123, 10, 32, 32, 32, 32, 32, 32, 34, 114, 101, 102, 95, 116, 121, 112, 101, 34, 58, 32, 34, 114, 101, 115, 117, 108, 116, 34, 44, 10, 32, 32, 32, 32, 32, 32, 34, 114, 101, 102, 95, 105, 100, 34, 58, 32, 34, 114, 101, 115, 117, 108, 116, 58, 99, 111, 109, 98, 105, 110, 97, 116, 105, 111, 110, 58, 99, 111, 109, 98, 105, 110, 97, 116, 105, 111, 110, 45, 67, 45, 79, 80, 69, 82, 45, 65, 76, 84, 58, 102, 111, 114, 99, 101, 58, 112, 105, 112, 101, 45, 80, 45, 49, 50, 48, 58, 109, 105, 100, 115, 112, 97, 110, 58, 115, 104, 101, 97, 114, 45, 122, 34, 10, 32, 32, 32, 32, 125, 44, 10, 32, 32, 32, 32, 123, 10, 32, 32, 32, 32, 32, 32, 34, 114, 101, 102, 95, 116, 121, 112, 101, 34, 58, 32, 34, 114, 101, 115, 117, 108, 116, 34, 44, 10, 32, 32, 32, 32, 32, 32, 34, 114, 101, 102, 95, 105, 100, 34, 58, 32, 34, 114, 101, 115, 117, 108, 116, 58, 99, 111, 109, 98, 105, 110, 97, 116, 105, 111, 110, 58, 99, 111, 109, 98, 105, 110, 97, 116, 105, 111, 110, 45, 67, 45, 79, 80, 69, 82, 45, 65, 76, 84, 58, 102, 111, 114, 99, 101, 58, 112, 105, 112, 101, 45, 80, 45, 49, 50, 48, 58, 113, 117, 97, 114, 116, 101, 114, 45, 49, 58, 97, 120, 105, 97, 108, 34, 10, 32, 32, 32, 32, 125, 44, 10, 32, 32, 32, 32, 123, 10, 32, 32, 32, 32, 32, 32, 34, 114, 101, 102, 95, 116, 121, 112, 101, 34, 58, 32, 34, 114, 101, 115, 117, 108, 116, 34, 44, 10, 32, 32, 32, 32, 32, 32, 34, 114, 101, 102, 95, 105, 100, 34, 58, 32, 34, 114, 101, 115, 117, 108, 116, 58, 99, 111, 109, 98, 105, 110, 97, 116, 105, 111, 110, 58, 99, 111, 109, 98, 105, 110, 97, 116, 105, 111, 110, 45, 67, 45, 79, 80, 69, 82, 45, 65, 76, 84, 58, 102, 111, 114, 99, 101, 58, 112, 105, 112, 101, 45, 80, 45, 49, 50, 48, 58, 113, 117, 97, 114, 116, 101, 114, 45, 49, 58, 115, 104, 101, 97, 114, 45, 121, 34, 10, 32, 32, 32, 32, 125, 44, 10, 32, 32, 32, 32, 123, 10, 32, 32, 32, 32, 32, 32, 34, 114, 101, 102, 95, 116, 121, 112, 101, 34, 58, 32, 34, 114, 101, 115, 117, 108, 116, 34, 44, 10, 32, 32, 32, 32, 32, 32, 34, 114, 101, 102, 95, 105, 100, 34, 58, 32, 34, 114, 101, 115, 117, 108, 116, 58, 99, 111, 109, 98, 105, 110, 97, 116, 105, 111, 110, 58, 99, 111, 109, 98, 105, 110, 97, 116, 105, 111, 110, 45, 67, 45, 79, 80, 69, 82, 45, 65, 76, 84, 58, 102, 111, 114, 99, 101, 58, 112, 105, 112, 101, 45, 80, 45, 49, 50, 48, 58, 113, 117, 97, 114, 116, 101, 114, 45, 49, 58, 115, 104, 101, 97, 114, 45, 122, 34, 10, 32, 32, 32, 32, 125, 44, 10, 32, 32, 32, 32, 123, 10, 32, 32, 32, 32, 32, 32, 34, 114, 101, 102, 95, 116, 121, 112, 101, 34, 58, 32, 34, 114, 101, 115, 117, 108, 116, 34, 44, 10, 32, 32, 32, 32, 32, 32, 34, 114, 101, 102, 95, 105, 100, 34, 58, 32, 34, 114, 101, 115, 117, 108, 116, 58, 99, 111, 109, 98, 105, 110, 97, 116, 105, 111, 110, 58, 99, 111, 109, 98, 105, 110, 97, 116, 105, 111, 110, 45, 67, 45, 79, 80, 69, 82, 45, 65, 76, 84, 58, 102, 111, 114, 99, 101, 58, 112, 105, 112, 101, 45, 80, 45, 49, 50, 48, 58, 113, 117, 97, 114, 116, 101, 114, 45, 51, 58, 97, 120, 105, 97, 108, 34, 10, 32, 32, 32, 32, 125, 44, 10, 32, 32, 32, 32, 123, 10, 32, 32, 32, 32, 32, 32, 34, 114, 101, 102, 95, 116, 121, 112, 101, 34, 58, 32, 34, 114, 101, 115, 117, 108, 116, 34, 44, 10, 32, 32, 32, 32, 32, 32, 34, 114, 101, 102, 95, 105, 100, 34, 58, 32, 34, 114, 101, 115, 117, 108, 116, 58, 99, 111, 109, 98, 105, 110, 97, 116, 105, 111, 110, 58, 99, 111, 109, 98, 105, 110, 97, 116, 105, 111, 110, 45, 67, 45, 79, 80, 69, 82, 45, 65, 76, 84, 58, 102, 111, 114, 99, 101, 58, 112, 105, 112, 101, 45, 80, 45, 49, 50, 48, 58, 113, 117, 97, 114, 116, 101, 114, 45, 51, 58, 115, 104, 101, 97, 114, 45, 121, 34, 10, 32, 32, 32, 32, 125, 44, 10, 32, 32, 32, 32, 123, 10, 32, 32, 32, 32, 32, 32, 34, 114, 101, 102, 95, 116, 121, 112, 101, 34, 58, 32, 34, 114, 101, 115, 117, 108, 116, 34, 44, 10, 32, 32, 32, 32, 32, 32, 34, 114, 101, 102, 95, 105, 100, 34, 58, 32, 34, 114, 101, 115, 117, 108, 116, 58, 99, 111, 109, 98, 105, 110, 97, 116, 105, 111, 110, 58, 99, 111, 109, 98, 105, 110, 97, 116, 105, 111, 110, 45, 67, 45, 79, 80, 69, 82, 45, 65, 76, 84, 58, 102, 111, 114, 99, 101, 58, 112, 105, 112, 101, 45, 80, 45, 49, 50, 48, 58, 113, 117, 97, 114, 116, 101, 114, 45, 51, 58, 115, 104, 101, 97, 114, 45, 122, 34, 10, 32, 32, 32, 32, 125, 44, 10, 32, 32, 32, 32, 123, 10, 32, 32, 32, 32, 32, 32, 34, 114, 101, 102, 95, 116, 121, 112, 101, 34, 58, 32, 34, 114, 101, 115, 117, 108, 116, 34, 44, 10, 32, 32, 32, 32, 32, 32, 34, 114, 101, 102, 95, 105, 100, 34, 58, 32, 34, 114, 101, 115, 117, 108, 116, 58, 99, 111, 109, 98, 105, 110, 97, 116, 105, 111, 110, 58, 99, 111, 109, 98, 105, 110, 97, 116, 105, 111, 110, 45, 67, 45, 79, 80, 69, 82, 45, 65, 76, 84, 58, 102, 111, 114, 99, 101, 58, 112, 105, 112, 101, 45, 80, 45, 49, 50, 48, 58, 115, 104, 101, 97, 114, 45, 121, 34, 10, 32, 32, 32, 32, 125, 44, 10, 32, 32, 32, 32, 123, 10, 32, 32, 32, 32, 32, 32, 34, 114, 101, 102, 95, 116, 121, 112, 101, 34, 58, 32, 34, 114, 101, 115, 117, 108, 116, 34, 44, 10, 32, 32, 32, 32, 32, 32, 34, 114, 101, 102, 95, 105, 100, 34, 58, 32, 34, 114, 101, 115, 117, 108, 116, 58, 99, 111, 109, 98, 105, 110, 97, 116, 105, 111, 110, 58, 99, 111, 109, 98, 105, 110, 97, 116, 105, 111, 110, 45, 67, 45, 79, 80, 69, 82, 45, 65, 76, 84, 58, 102, 111, 114, 99, 101, 58, 112, 105, 112, 101, 45, 80, 45, 49, 50, 48, 58, 115, 104, 101, 97, 114, 45, 121, 58, 101, 110, 100, 45, 106, 34, 10, 32, 32, 32, 32, 125, 44, 10, 32, 32, 32, 32, 123, 10, 32, 32, 32, 32, 32, 32, 34, 114, 101, 102, 95, 116, 121, 112, 101, 34, 58, 32, 34, 114, 101, 115, 117, 108, 116, 34, 44, 10, 32, 32, 32, 32, 32, 32, 34, 114, 101, 102, 95, 105, 100, 34, 58, 32, 34, 114, 101, 115, 117, 108, 116, 58, 99, 111, 109, 98, 105, 110, 97, 116, 105, 111, 110, 58, 99, 111, 109, 98, 105, 110, 97, 116, 105, 111, 110, 45, 67, 45, 79, 80, 69, 82, 45, 65, 76, 84, 58, 102, 111, 114, 99, 101, 58, 112, 105, 112, 101, 45, 80, 45, 49, 50, 48, 58, 115, 104, 101, 97, 114, 45, 122, 34, 10, 32, 32, 32, 32, 125, 44, 10, 32, 32, 32, 32, 123, 10, 32, 32, 32, 32, 32, 32, 34, 114, 101, 102, 95, 116, 121, 112, 101, 34, 58, 32, 34, 114, 101, 115, 117, 108, 116, 34, 44, 10, 32, 32, 32, 32, 32, 32, 34, 114, 101, 102, 95, 105, 100, 34, 58, 32, 34, 114, 101, 115, 117, 108, 116, 58, 99, 111, 109, 98, 105, 110, 97, 116, 105, 111, 110, 58, 99, 111, 109, 98, 105, 110, 97, 116, 105, 111, 110, 45, 67, 45, 79, 80, 69, 82, 45, 65, 76, 84, 58, 102, 111, 114, 99, 101, 58, 112, 105, 112, 101, 45, 80, 45, 49, 50, 48, 58, 115, 104, 101, 97, 114, 45, 122, 58, 101, 110, 100, 45, 106, 34, 10, 32, 32, 32, 32, 125, 44, 10, 32, 32, 32, 32, 123, 10, 32, 32, 32, 32, 32, 32, 34, 114, 101, 102, 95, 116, 121, 112, 101, 34, 58, 32, 34, 114, 101, 115, 117, 108, 116, 34, 44, 10, 32, 32, 32, 32, 32, 32, 34, 114, 101, 102, 95, 105, 100, 34, 58, 32, 34, 114, 101, 115, 117, 108, 116, 58, 99, 111, 109, 98, 105, 110, 97, 116, 105, 111, 110, 58, 99, 111, 109, 98, 105, 110, 97, 116, 105, 111, 110, 45, 67, 45, 79, 80, 69, 82, 45, 65, 76, 84, 58, 102, 111, 114, 99, 101, 58, 112, 105, 112, 101, 45, 80, 45, 49, 51, 48, 58, 97, 120, 105, 97, 108, 34, 10, 32, 32, 32, 32, 125, 44, 10, 32, 32, 32, 32, 123, 10, 32, 32, 32, 32, 32, 32, 34, 114, 101, 102, 95, 116, 121, 112, 101, 34, 58, 32, 34, 114, 101, 115, 117, 108, 116, 34, 44, 10, 32, 32, 32, 32, 32, 32, 34, 114, 101, 102, 95, 105, 100, 34, 58, 32, 34, 114, 101, 115, 117, 108, 116, 58, 99, 111, 109, 98, 105, 110, 97, 116, 105, 111, 110, 58, 99, 111, 109, 98, 105, 110, 97, 116, 105, 111, 110, 45, 67, 45, 79, 80, 69, 82, 45, 65, 76, 84, 58, 102, 111, 114, 99, 101, 58, 112, 105, 112, 101, 45, 80, 45, 49, 51, 48, 58, 97, 120, 105, 97, 108, 58, 101, 110, 100, 45, 106, 34, 10, 32, 32, 32, 32, 125, 44, 10, 32, 32, 32, 32, 123, 10, 32, 32, 32, 32, 32, 32, 34, 114, 101, 102, 95, 116, 121, 112, 101, 34, 58, 32, 34, 114, 101, 115, 117, 108, 116, 34, 44, 10, 32, 32, 32, 32, 32, 32, 34, 114, 101, 102, 95, 105, 100, 34, 58, 32, 34, 114, 101, 115, 117, 108, 116, 58, 99, 111, 109, 98, 105, 110, 97, 116, 105, 111, 110, 58, 99, 111, 109, 98, 105, 110, 97, 116, 105, 111, 110, 45, 67, 45, 79, 80, 69, 82, 45, 65, 76, 84, 58, 102, 111, 114, 99, 101, 58, 112, 105, 112, 101, 45, 80, 45, 49, 51, 48, 58, 109, 105, 100, 115, 112, 97, 110, 58, 97, 120, 105, 97, 108, 34, 10, 32, 32, 32, 32, 125, 44, 10, 32, 32, 32, 32, 123, 10, 32, 32, 32, 32, 32, 32, 34, 114, 101, 102, 95, 116, 121, 112, 101, 34, 58, 32, 34, 114, 101, 115, 117, 108, 116, 34, 44, 10, 32, 32, 32, 32, 32, 32, 34, 114, 101, 102, 95, 105, 100, 34, 58, 32, 34, 114, 101, 115, 117, 108, 116, 58, 99, 111, 109, 98, 105, 110, 97, 116, 105, 111, 110, 58, 99, 111, 109, 98, 105, 110, 97, 116, 105, 111, 110, 45, 67, 45, 79, 80, 69, 82, 45, 65, 76, 84, 58, 102, 111, 114, 99, 101, 58, 112, 105, 112, 101, 45, 80, 45, 49, 51, 48, 58, 109, 105, 100, 115, 112, 97, 110, 58, 115, 104, 101, 97, 114, 45, 121, 34, 10, 32, 32, 32, 32, 125, 44, 10, 32, 32, 32, 32, 123, 10, 32, 32, 32, 32, 32, 32, 34, 114, 101, 102, 95, 116, 121, 112, 101, 34, 58, 32, 34, 114, 101, 115, 117, 108, 116, 34, 44, 10, 32, 32, 32, 32, 32, 32, 34, 114, 101, 102, 95, 105, 100, 34, 58, 32, 34, 114, 101, 115, 117, 108, 116, 58, 99, 111, 109, 98, 105, 110, 97, 116, 105, 111, 110, 58, 99, 111, 109, 98, 105, 110, 97, 116, 105, 111, 110, 45, 67, 45, 79, 80, 69, 82, 45, 65, 76, 84, 58, 102, 111, 114, 99, 101, 58, 112, 105, 112, 101, 45, 80, 45, 49, 51, 48, 58, 109, 105, 100, 115, 112, 97, 110, 58, 115, 104, 101, 97, 114, 45, 122, 34, 10, 32, 32, 32, 32, 125, 44, 10, 32, 32, 32, 32, 123, 10, 32, 32, 32, 32, 32, 32, 34, 114, 101, 102, 95, 116, 121, 112, 101, 34, 58, 32, 34, 114, 101, 115, 117, 108, 116, 34, 44, 10, 32, 32, 32, 32, 32, 32, 34, 114, 101, 102, 95, 105, 100, 34, 58, 32, 34, 114, 101, 115, 117, 108, 116, 58, 99, 111, 109, 98, 105, 110, 97, 116, 105, 111, 110, 58, 99, 111, 109, 98, 105, 110, 97, 116, 105, 111, 110, 45, 67, 45, 79, 80, 69, 82, 45, 65, 76, 84, 58, 102, 111, 114, 99, 101, 58, 112, 105, 112, 101, 45, 80, 45, 49, 51, 48, 58, 113, 117, 97, 114, 116, 101, 114, 45, 49, 58, 97, 120, 105, 97, 108, 34, 10, 32, 32, 32, 32, 125, 44, 10, 32, 32, 32, 32, 123, 10, 32, 32, 32, 32, 32, 32, 34, 114, 101, 102, 95, 116, 121, 112, 101, 34, 58, 32, 34, 114, 101, 115, 117, 108, 116, 34, 44, 10, 32, 32, 32, 32, 32, 32, 34, 114, 101, 102, 95, 105, 100, 34, 58, 32, 34, 114, 101, 115, 117, 108, 116, 58, 99, 111, 109, 98, 105, 110, 97, 116, 105, 111, 110, 58, 99, 111, 109, 98, 105, 110, 97, 116, 105, 111, 110, 45, 67, 45, 79, 80, 69, 82, 45, 65, 76, 84, 58, 102, 111, 114, 99, 101, 58, 112, 105, 112, 101, 45, 80, 45, 49, 51, 48, 58, 113, 117, 97, 114, 116, 101, 114, 45, 49, 58, 115, 104, 101, 97, 114, 45, 121, 34, 10, 32, 32, 32, 32, 125, 44, 10, 32, 32, 32, 32, 123, 10, 32, 32, 32, 32, 32, 32, 34, 114, 101, 102, 95, 116, 121, 112, 101, 34, 58, 32, 34, 114, 101, 115, 117, 108, 116, 34, 44, 10, 32, 32, 32, 32, 32, 32, 34, 114, 101, 102, 95, 105, 100, 34, 58, 32, 34, 114, 101, 115, 117, 108, 116, 58, 99, 111, 109, 98, 105, 110, 97, 116, 105, 111, 110, 58, 99, 111, 109, 98, 105, 110, 97, 116, 105, 111, 110, 45, 67, 45, 79, 80, 69, 82, 45, 65, 76, 84, 58, 102, 111, 114, 99, 101, 58, 112, 105, 112, 101, 45, 80, 45, 49, 51, 48, 58, 113, 117, 97, 114, 116, 101, 114, 45, 49, 58, 115, 104, 101, 97, 114, 45, 122, 34, 10, 32, 32, 32, 32, 125, 44, 10, 32, 32, 32, 32, 123, 10, 32, 32, 32, 32, 32, 32, 34, 114, 101, 102, 95, 116, 121, 112, 101, 34, 58, 32, 34, 114, 101, 115, 117, 108, 116, 34, 44, 10, 32, 32, 32, 32, 32, 32, 34, 114, 101, 102, 95, 105, 100, 34, 58, 32, 34, 114, 101, 115, 117, 108, 116, 58, 99, 111, 109, 98, 105, 110, 97, 116, 105, 111, 110, 58, 99, 111, 109, 98, 105, 110, 97, 116, 105, 111, 110, 45, 67, 45, 79, 80, 69, 82, 45, 65, 76, 84, 58, 102, 111, 114, 99, 101, 58, 112, 105, 112, 101, 45, 80, 45, 49, 51, 48, 58, 113, 117, 97, 114, 116, 101, 114, 45, 51, 58, 97, 120, 105, 97, 108, 34, 10, 32, 32, 32, 32, 125, 44, 10, 32, 32, 32, 32, 123, 10, 32, 32, 32, 32, 32, 32, 34, 114, 101, 102, 95, 116, 121, 112, 101, 34, 58, 32, 34, 114, 101, 115, 117, 108, 116, 34, 44, 10, 32, 32, 32, 32, 32, 32, 34, 114, 101, 102, 95, 105, 100, 34, 58, 32, 34, 114, 101, 115, 117, 108, 116, 58, 99, 111, 109, 98, 105, 110, 97, 116, 105, 111, 110, 58, 99, 111, 109, 98, 105, 110, 97, 116, 105, 111, 110, 45, 67, 45, 79, 80, 69, 82, 45, 65, 76, 84, 58, 102, 111, 114, 99, 101, 58, 112, 105, 112, 101, 45, 80, 45, 49, 51, 48, 58, 113, 117, 97, 114, 116, 101, 114, 45, 51, 58, 115, 104, 101, 97, 114, 45, 121, 34, 10, 32, 32, 32, 32, 125, 44, 10, 32, 32, 32, 32, 123, 10, 32, 32, 32, 32, 32, 32, 34, 114, 101, 102, 95, 116, 121, 112, 101, 34, 58, 32, 34, 114, 101, 115, 117, 108, 116, 34, 44, 10, 32, 32, 32, 32, 32, 32, 34, 114, 101, 102, 95, 105, 100, 34, 58, 32, 34, 114, 101, 115, 117, 108, 116, 58, 99, 111, 109, 98, 105, 110, 97, 116, 105, 111, 110, 58, 99, 111, 109, 98, 105, 110, 97, 116, 105, 111, 110, 45, 67, 45, 79, 80, 69, 82, 45, 65, 76, 84, 58, 102, 111, 114, 99, 101, 58, 112, 105, 112, 101, 45, 80, 45, 49, 51, 48, 58, 113, 117, 97, 114, 116, 101, 114, 45, 51, 58, 115, 104, 101, 97, 114, 45, 122, 34, 10, 32, 32, 32, 32, 125, 44, 10, 32, 32, 32, 32, 123, 10, 32, 32, 32, 32, 32, 32, 34, 114, 101, 102, 95, 116, 121, 112, 101, 34, 58, 32, 34, 114, 101, 115, 117, 108, 116, 34, 44, 10, 32, 32, 32, 32, 32, 32, 34, 114, 101, 102, 95, 105, 100, 34, 58, 32, 34, 114, 101, 115, 117, 108, 116, 58, 99, 111, 109, 98, 105, 110, 97, 116, 105, 111, 110, 58, 99, 111, 109, 98, 105, 110, 97, 116, 105, 111, 110, 45, 67, 45, 79, 80, 69, 82, 45, 65, 76, 84, 58, 102, 111, 114, 99, 101, 58, 112, 105, 112, 101, 45, 80, 45, 49, 51, 48, 58, 115, 104, 101, 97, 114, 45, 121, 34, 10, 32, 32, 32, 32, 125, 44, 10, 32, 32, 32, 32, 123, 10, 32, 32, 32, 32, 32, 32, 34, 114, 101, 102, 95, 116, 121, 112, 101, 34, 58, 32, 34, 114, 101, 115, 117, 108, 116, 34, 44, 10, 32, 32, 32, 32, 32, 32, 34, 114, 101, 102, 95, 105, 100, 34, 58, 32, 34, 114, 101, 115, 117, 108, 116, 58, 99, 111, 109, 98, 105, 110, 97, 116, 105, 111, 110, 58, 99, 111, 109, 98, 105, 110, 97, 116, 105, 111, 110, 45, 67, 45, 79, 80, 69, 82, 45, 65, 76, 84, 58, 102, 111, 114, 99, 101, 58, 112, 105, 112, 101, 45, 80, 45, 49, 51, 48, 58, 115, 104, 101, 97, 114, 45, 121, 58, 101, 110, 100, 45, 106, 34, 10, 32, 32, 32, 32, 125, 44, 10, 32, 32, 32, 32, 123, 10, 32, 32, 32, 32, 32, 32, 34, 114, 101, 102, 95, 116, 121, 112, 101, 34, 58, 32, 34, 114, 101, 115, 117, 108, 116, 34, 44, 10, 32, 32, 32, 32, 32, 32, 34, 114, 101, 102, 95, 105, 100, 34, 58, 32, 34, 114, 101, 115, 117, 108, 116, 58, 99, 111, 109, 98, 105, 110, 97, 116, 105, 111, 110, 58, 99, 111, 109, 98, 105, 110, 97, 116, 105, 111, 110, 45, 67, 45, 79, 80, 69, 82, 45, 65, 76, 84, 58, 102, 111, 114, 99, 101, 58, 112, 105, 112, 101, 45, 80, 45, 49, 51, 48, 58, 115, 104, 101, 97, 114, 45, 122, 34, 10, 32, 32, 32, 32, 125, 44, 10, 32, 32, 32, 32, 123, 10, 32, 32, 32, 32, 32, 32, 34, 114, 101, 102, 95, 116, 121, 112, 101, 34, 58, 32, 34, 114, 101, 115, 117, 108, 116, 34, 44, 10, 32, 32, 32, 32, 32, 32, 34, 114, 101, 102, 95, 105, 100, 34, 58, 32, 34, 114, 101, 115, 117, 108, 116, 58, 99, 111, 109, 98, 105, 110, 97, 116, 105, 111, 110, 58, 99, 111, 109, 98, 105, 110, 97, 116, 105, 111, 110, 45, 67, 45, 79, 80, 69, 82, 45, 65, 76, 84, 58, 102, 111, 114, 99, 101, 58, 112, 105, 112, 101, 45, 80, 45, 49, 51, 48, 58, 115, 104, 101, 97, 114, 45, 122, 58, 101, 110, 100, 45, 106, 34, 10, 32, 32, 32, 32, 125, 44, 10, 32, 32, 32, 32, 123, 10, 32, 32, 32, 32, 32, 32, 34, 114, 101, 102, 95, 116, 121, 112, 101, 34, 58, 32, 34, 114, 101, 115, 117, 108, 116, 34, 44, 10, 32, 32, 32, 32, 32, 32, 34, 114, 101, 102, 95, 105, 100, 34, 58, 32, 34, 114, 101, 115, 117, 108, 116, 58, 99, 111, 109, 98, 105, 110, 97, 116, 105, 111, 110, 58, 99, 111, 109, 98, 105, 110, 97, 116, 105, 111, 110, 45, 67, 45, 79, 80, 69, 82, 45, 65, 76, 84, 58, 109, 111, 109, 101, 110, 116, 58, 112, 105, 112, 101, 45, 80, 45, 49, 48, 48, 58, 98, 101, 110, 100, 105, 110, 103, 45, 121, 34, 10, 32, 32, 32, 32, 125, 44, 10, 32, 32, 32, 32, 123, 10, 32, 32, 32, 32, 32, 32, 34, 114, 101, 102, 95, 116, 121, 112, 101, 34, 58, 32, 34, 114, 101, 115, 117, 108, 116, 34, 44, 10, 32, 32, 32, 32, 32, 32, 34, 114, 101, 102, 95, 105, 100, 34, 58, 32, 34, 114, 101, 115, 117, 108, 116, 58, 99, 111, 109, 98, 105, 110, 97, 116, 105, 111, 110, 58, 99, 111, 109, 98, 105, 110, 97, 116, 105, 111, 110, 45, 67, 45, 79, 80, 69, 82, 45, 65, 76, 84, 58, 109, 111, 109, 101, 110, 116, 58, 112, 105, 112, 101, 45, 80, 45, 49, 48, 48, 58, 98, 101, 110, 100, 105, 110, 103, 45, 121, 58, 101, 110, 100, 45, 106, 34, 10, 32, 32, 32, 32, 125, 44, 10, 32, 32, 32, 32, 123, 10, 32, 32, 32, 32, 32, 32, 34, 114, 101, 102, 95, 116, 121, 112, 101, 34, 58, 32, 34, 114, 101, 115, 117, 108, 116, 34, 44, 10, 32, 32, 32, 32, 32, 32, 34, 114, 101, 102, 95, 105, 100, 34, 58, 32, 34, 114, 101, 115, 117, 108, 116, 58, 99, 111, 109, 98, 105, 110, 97, 116, 105, 111, 110, 58, 99, 111, 109, 98, 105, 110, 97, 116, 105, 111, 110, 45, 67, 45, 79, 80, 69, 82, 45, 65, 76, 84, 58, 109, 111, 109, 101, 110, 116, 58, 112, 105, 112, 101, 45, 80, 45, 49, 48, 48, 58, 98, 101, 110, 100, 105, 110, 103, 45, 122, 34, 10, 32, 32, 32, 32, 125, 44, 10, 32, 32, 32, 32, 123, 10, 32, 32, 32, 32, 32, 32, 34, 114, 101, 102, 95, 116, 121, 112, 101, 34, 58, 32, 34, 114, 101, 115, 117, 108, 116, 34, 44, 10, 32, 32, 32, 32, 32, 32, 34, 114, 101, 102, 95, 105, 100, 34, 58, 32, 34, 114, 101, 115, 117, 108, 116, 58, 99, 111, 109, 98, 105, 110, 97, 116, 105, 111, 110, 58, 99, 111, 109, 98, 105, 110, 97, 116, 105, 111, 110, 45, 67, 45, 79, 80, 69, 82, 45, 65, 76, 84, 58, 109, 111, 109, 101, 110, 116, 58, 112, 105, 112, 101, 45, 80, 45, 49, 48, 48, 58, 98, 101, 110, 100, 105, 110, 103, 45, 122, 58, 101, 110, 100, 45, 106, 34, 10, 32, 32, 32, 32, 125, 44, 10, 32, 32, 32, 32, 123, 10, 32, 32, 32, 32, 32, 32, 34, 114, 101, 102, 95, 116, 121, 112, 101, 34, 58, 32, 34, 114, 101, 115, 117, 108, 116, 34, 44, 10, 32, 32, 32, 32, 32, 32, 34, 114, 101, 102, 95, 105, 100, 34, 58, 32, 34, 114, 101, 115, 117, 108, 116, 58, 99, 111, 109, 98, 105, 110, 97, 116, 105, 111, 110, 58, 99, 111, 109, 98, 105, 110, 97, 116, 105, 111, 110, 45, 67, 45, 79, 80, 69, 82, 45, 65, 76, 84, 58, 109, 111, 109, 101, 110, 116, 58, 112, 105, 112, 101, 45, 80, 45, 49, 48, 48, 58, 109, 105, 100, 115, 112, 97, 110, 58, 98, 101, 110, 100, 105, 110, 103, 45, 121, 34, 10, 32, 32, 32, 32, 125, 44, 10, 32, 32, 32, 32, 123, 10, 32, 32, 32, 32, 32, 32, 34, 114, 101, 102, 95, 116, 121, 112, 101, 34, 58, 32, 34, 114, 101, 115, 117, 108, 116, 34, 44, 10, 32, 32, 32, 32, 32, 32, 34, 114, 101, 102, 95, 105, 100, 34, 58, 32, 34, 114, 101, 115, 117, 108, 116, 58, 99, 111, 109, 98, 105, 110, 97, 116, 105, 111, 110, 58, 99, 111, 109, 98, 105, 110, 97, 116, 105, 111, 110, 45, 67, 45, 79, 80, 69, 82, 45, 65, 76, 84, 58, 109, 111, 109, 101, 110, 116, 58, 112, 105, 112, 101, 45, 80, 45, 49, 48, 48, 58, 109, 105, 100, 115, 112, 97, 110, 58, 98, 101, 110, 100, 105, 110, 103, 45, 122, 34, 10, 32, 32, 32, 32, 125, 44, 10, 32, 32, 32, 32, 123, 10, 32, 32, 32, 32, 32, 32, 34, 114, 101, 102, 95, 116, 121, 112, 101, 34, 58, 32, 34, 114, 101, 115, 117, 108, 116, 34, 44, 10, 32, 32, 32, 32, 32, 32, 34, 114, 101, 102, 95, 105, 100, 34, 58, 32, 34, 114, 101, 115, 117, 108, 116, 58, 99, 111, 109, 98, 105, 110, 97, 116, 105, 111, 110, 58, 99, 111, 109, 98, 105, 110, 97, 116, 105, 111, 110, 45, 67, 45, 79, 80, 69, 82, 45, 65, 76, 84, 58, 109, 111, 109, 101, 110, 116, 58, 112, 105, 112, 101, 45, 80, 45, 49, 48, 48, 58, 109, 105, 100, 115, 112, 97, 110, 58, 116, 111, 114, 115, 105, 111, 110, 34, 10, 32, 32, 32, 32, 125, 44, 10, 32, 32, 32, 32, 123, 10, 32, 32, 32, 32, 32, 32, 34, 114, 101, 102, 95, 116, 121, 112, 101, 34, 58, 32, 34, 114, 101, 115, 117, 108, 116, 34, 44, 10, 32, 32, 32, 32, 32, 32, 34, 114, 101, 102, 95, 105, 100, 34, 58, 32, 34, 114, 101, 115, 117, 108, 116, 58, 99, 111, 109, 98, 105, 110, 97, 116, 105, 111, 110, 58, 99, 111, 109, 98, 105, 110, 97, 116, 105, 111, 110, 45, 67, 45, 79, 80, 69, 82, 45, 65, 76, 84, 58, 109, 111, 109, 101, 110, 116, 58, 112, 105, 112, 101, 45, 80, 45, 49, 48, 48, 58, 113, 117, 97, 114, 116, 101, 114, 45, 49, 58, 98, 101, 110, 100, 105, 110, 103, 45, 121, 34, 10, 32, 32, 32, 32, 125, 44, 10, 32, 32, 32, 32, 123, 10, 32, 32, 32, 32, 32, 32, 34, 114, 101, 102, 95, 116, 121, 112, 101, 34, 58, 32, 34, 114, 101, 115, 117, 108, 116, 34, 44, 10, 32, 32, 32, 32, 32, 32, 34, 114, 101, 102, 95, 105, 100, 34, 58, 32, 34, 114, 101, 115, 117, 108, 116, 58, 99, 111, 109, 98, 105, 110, 97, 116, 105, 111, 110, 58, 99, 111, 109, 98, 105, 110, 97, 116, 105, 111, 110, 45, 67, 45, 79, 80, 69, 82, 45, 65, 76, 84, 58, 109, 111, 109, 101, 110, 116, 58, 112, 105, 112, 101, 45, 80, 45, 49, 48, 48, 58, 113, 117, 97, 114, 116, 101, 114, 45, 49, 58, 98, 101, 110, 100, 105, 110, 103, 45, 122, 34, 10, 32, 32, 32, 32, 125, 44, 10, 32, 32, 32, 32, 123, 10, 32, 32, 32, 32, 32, 32, 34, 114, 101, 102, 95, 116, 121, 112, 101, 34, 58, 32, 34, 114, 101, 115, 117, 108, 116, 34, 44, 10, 32, 32, 32, 32, 32, 32, 34, 114, 101, 102, 95, 105, 100, 34, 58, 32, 34, 114, 101, 115, 117, 108, 116, 58, 99, 111, 109, 98, 105, 110, 97, 116, 105, 111, 110, 58, 99, 111, 109, 98, 105, 110, 97, 116, 105, 111, 110, 45, 67, 45, 79, 80, 69, 82, 45, 65, 76, 84, 58, 109, 111, 109, 101, 110, 116, 58, 112, 105, 112, 101, 45, 80, 45, 49, 48, 48, 58, 113, 117, 97, 114, 116, 101, 114, 45, 49, 58, 116, 111, 114, 115, 105, 111, 110, 34, 10, 32, 32, 32, 32, 125, 44, 10, 32, 32, 32, 32, 123, 10, 32, 32, 32, 32, 32, 32, 34, 114, 101, 102, 95, 116, 121, 112, 101, 34, 58, 32, 34, 114, 101, 115, 117, 108, 116, 34, 44, 10, 32, 32, 32, 32, 32, 32, 34, 114, 101, 102, 95, 105, 100, 34, 58, 32, 34, 114, 101, 115, 117, 108, 116, 58, 99, 111, 109, 98, 105, 110, 97, 116, 105, 111, 110, 58, 99, 111, 109, 98, 105, 110, 97, 116, 105, 111, 110, 45, 67, 45, 79, 80, 69, 82, 45, 65, 76, 84, 58, 109, 111, 109, 101, 110, 116, 58, 112, 105, 112, 101, 45, 80, 45, 49, 48, 48, 58, 113, 117, 97, 114, 116, 101, 114, 45, 51, 58, 98, 101, 110, 100, 105, 110, 103, 45, 121, 34, 10, 32, 32, 32, 32, 125, 44, 10, 32, 32, 32, 32, 123, 10, 32, 32, 32, 32, 32, 32, 34, 114, 101, 102, 95, 116, 121, 112, 101, 34, 58, 32, 34, 114, 101, 115, 117, 108, 116, 34, 44, 10, 32, 32, 32, 32, 32, 32, 34, 114, 101, 102, 95, 105, 100, 34, 58, 32, 34, 114, 101, 115, 117, 108, 116, 58, 99, 111, 109, 98, 105, 110, 97, 116, 105, 111, 110, 58, 99, 111, 109, 98, 105, 110, 97, 116, 105, 111, 110, 45, 67, 45, 79, 80, 69, 82, 45, 65, 76, 84, 58, 109, 111, 109, 101, 110, 116, 58, 112, 105, 112, 101, 45, 80, 45, 49, 48, 48, 58, 113, 117, 97, 114, 116, 101, 114, 45, 51, 58, 98, 101, 110, 100, 105, 110, 103, 45, 122, 34, 10, 32, 32, 32, 32, 125, 44, 10, 32, 32, 32, 32, 123, 10, 32, 32, 32, 32, 32, 32, 34, 114, 101, 102, 95, 116, 121, 112, 101, 34, 58, 32, 34, 114, 101, 115, 117, 108, 116, 34, 44, 10, 32, 32, 32, 32, 32, 32, 34, 114, 101, 102, 95, 105, 100, 34, 58, 32, 34, 114, 101, 115, 117, 108, 116, 58, 99, 111, 109, 98, 105, 110, 97, 116, 105, 111, 110, 58, 99, 111, 109, 98, 105, 110, 97, 116, 105, 111, 110, 45, 67, 45, 79, 80, 69, 82, 45, 65, 76, 84, 58, 109, 111, 109, 101, 110, 116, 58, 112, 105, 112, 101, 45, 80, 45, 49, 48, 48, 58, 113, 117, 97, 114, 116, 101, 114, 45, 51, 58, 116, 111, 114, 115, 105, 111, 110, 34, 10, 32, 32, 32, 32, 125, 44, 10, 32, 32, 32, 32, 123, 10, 32, 32, 32, 32, 32, 32, 34, 114, 101, 102, 95, 116, 121, 112, 101, 34, 58, 32, 34, 114, 101, 115, 117, 108, 116, 34, 44, 10, 32, 32, 32, 32, 32, 32, 34, 114, 101, 102, 95, 105, 100, 34, 58, 32, 34, 114, 101, 115, 117, 108, 116, 58, 99, 111, 109, 98, 105, 110, 97, 116, 105, 111, 110, 58, 99, 111, 109, 98, 105, 110, 97, 116, 105, 111, 110, 45, 67, 45, 79, 80, 69, 82, 45, 65, 76, 84, 58, 109, 111, 109, 101, 110, 116, 58, 112, 105, 112, 101, 45, 80, 45, 49, 48, 48, 58, 116, 111, 114, 115, 105, 111, 110, 34, 10, 32, 32, 32, 32, 125, 44, 10, 32, 32, 32, 32, 123, 10, 32, 32, 32, 32, 32, 32, 34, 114, 101, 102, 95, 116, 121, 112, 101, 34, 58, 32, 34, 114, 101, 115, 117, 108, 116, 34, 44, 10, 32, 32, 32, 32, 32, 32, 34, 114, 101, 102, 95, 105, 100, 34, 58, 32, 34, 114, 101, 115, 117, 108, 116, 58, 99, 111, 109, 98, 105, 110, 97, 116, 105, 111, 110, 58, 99, 111, 109, 98, 105, 110, 97, 116, 105, 111, 110, 45, 67, 45, 79, 80, 69, 82, 45, 65, 76, 84, 58, 109, 111, 109, 101, 110, 116, 58, 112, 105, 112, 101, 45, 80, 45, 49, 48, 48, 58, 116, 111, 114, 115, 105, 111, 110, 58, 101, 110, 100, 45, 106, 34, 10, 32, 32, 32, 32, 125, 44, 10, 32, 32, 32, 32, 123, 10, 32, 32, 32, 32, 32, 32, 34, 114, 101, 102, 95, 116, 121, 112, 101, 34, 58, 32, 34, 114, 101, 115, 117, 108, 116, 34, 44, 10, 32, 32, 32, 32, 32, 32, 34, 114, 101, 102, 95, 105, 100, 34, 58, 32, 34, 114, 101, 115, 117, 108, 116, 58, 99, 111, 109, 98, 105, 110, 97, 116, 105, 111, 110, 58, 99, 111, 109, 98, 105, 110, 97, 116, 105, 111, 110, 45, 67, 45, 79, 80, 69, 82, 45, 65, 76, 84, 58, 109, 111, 109, 101, 110, 116, 58, 112, 105, 112, 101, 45, 80, 45, 49, 49, 48, 58, 98, 101, 110, 100, 105, 110, 103, 45, 121, 34, 10, 32, 32, 32, 32, 125, 44, 10, 32, 32, 32, 32, 123, 10, 32, 32, 32, 32, 32, 32, 34, 114, 101, 102, 95, 116, 121, 112, 101, 34, 58, 32, 34, 114, 101, 115, 117, 108, 116, 34, 44, 10, 32, 32, 32, 32, 32, 32, 34, 114, 101, 102, 95, 105, 100, 34, 58, 32, 34, 114, 101, 115, 117, 108, 116, 58, 99, 111, 109, 98, 105, 110, 97, 116, 105, 111, 110, 58, 99, 111, 109, 98, 105, 110, 97, 116, 105, 111, 110, 45, 67, 45, 79, 80, 69, 82, 45, 65, 76, 84, 58, 109, 111, 109, 101, 110, 116, 58, 112, 105, 112, 101, 45, 80, 45, 49, 49, 48, 58, 98, 101, 110, 100, 105, 110, 103, 45, 121, 58, 101, 110, 100, 45, 106, 34, 10, 32, 32, 32, 32, 125, 44, 10, 32, 32, 32, 32, 123, 10, 32, 32, 32, 32, 32, 32, 34, 114, 101, 102, 95, 116, 121, 112, 101, 34, 58, 32, 34, 114, 101, 115, 117, 108, 116, 34, 44, 10, 32, 32, 32, 32, 32, 32, 34, 114, 101, 102, 95, 105, 100, 34, 58, 32, 34, 114, 101, 115, 117, 108, 116, 58, 99, 111, 109, 98, 105, 110, 97, 116, 105, 111, 110, 58, 99, 111, 109, 98, 105, 110, 97, 116, 105, 111, 110, 45, 67, 45, 79, 80, 69, 82, 45, 65, 76, 84, 58, 109, 111, 109, 101, 110, 116, 58, 112, 105, 112, 101, 45, 80, 45, 49, 49, 48, 58, 98, 101, 110, 100, 105, 110, 103, 45, 122, 34, 10, 32, 32, 32, 32, 125, 44, 10, 32, 32, 32, 32, 123, 10, 32, 32, 32, 32, 32, 32, 34, 114, 101, 102, 95, 116, 121, 112, 101, 34, 58, 32, 34, 114, 101, 115, 117, 108, 116, 34, 44, 10, 32, 32, 32, 32, 32, 32, 34, 114, 101, 102, 95, 105, 100, 34, 58, 32, 34, 114, 101, 115, 117, 108, 116, 58, 99, 111, 109, 98, 105, 110, 97, 116, 105, 111, 110, 58, 99, 111, 109, 98, 105, 110, 97, 116, 105, 111, 110, 45, 67, 45, 79, 80, 69, 82, 45, 65, 76, 84, 58, 109, 111, 109, 101, 110, 116, 58, 112, 105, 112, 101, 45, 80, 45, 49, 49, 48, 58, 98, 101, 110, 100, 105, 110, 103, 45, 122, 58, 101, 110, 100, 45, 106, 34, 10, 32, 32, 32, 32, 125, 44, 10, 32, 32, 32, 32, 123, 10, 32, 32, 32, 32, 32, 32, 34, 114, 101, 102, 95, 116, 121, 112, 101, 34, 58, 32, 34, 114, 101, 115, 117, 108, 116, 34, 44, 10, 32, 32, 32, 32, 32, 32, 34, 114, 101, 102, 95, 105, 100, 34, 58, 32, 34, 114, 101, 115, 117, 108, 116, 58, 99, 111, 109, 98, 105, 110, 97, 116, 105, 111, 110, 58, 99, 111, 109, 98, 105, 110, 97, 116, 105, 111, 110, 45, 67, 45, 79, 80, 69, 82, 45, 65, 76, 84, 58, 109, 111, 109, 101, 110, 116, 58, 112, 105, 112, 101, 45, 80, 45, 49, 49, 48, 58, 109, 105, 100, 115, 112, 97, 110, 58, 98, 101, 110, 100, 105, 110, 103, 45, 121, 34, 10, 32, 32, 32, 32, 125, 44, 10, 32, 32, 32, 32, 123, 10, 32, 32, 32, 32, 32, 32, 34, 114, 101, 102, 95, 116, 121, 112, 101, 34, 58, 32, 34, 114, 101, 115, 117, 108, 116, 34, 44, 10, 32, 32, 32, 32, 32, 32, 34, 114, 101, 102, 95, 105, 100, 34, 58, 32, 34, 114, 101, 115, 117, 108, 116, 58, 99, 111, 109, 98, 105, 110, 97, 116, 105, 111, 110, 58, 99, 111, 109, 98, 105, 110, 97, 116, 105, 111, 110, 45, 67, 45, 79, 80, 69, 82, 45, 65, 76, 84, 58, 109, 111, 109, 101, 110, 116, 58, 112, 105, 112, 101, 45, 80, 45, 49, 49, 48, 58, 109, 105, 100, 115, 112, 97, 110, 58, 98, 101, 110, 100, 105, 110, 103, 45, 122, 34, 10, 32, 32, 32, 32, 125, 44, 10, 32, 32, 32, 32, 123, 10, 32, 32, 32, 32, 32, 32, 34, 114, 101, 102, 95, 116, 121, 112, 101, 34, 58, 32, 34, 114, 101, 115, 117, 108, 116, 34, 44, 10, 32, 32, 32, 32, 32, 32, 34, 114, 101, 102, 95, 105, 100, 34, 58, 32, 34, 114, 101, 115, 117, 108, 116, 58, 99, 111, 109, 98, 105, 110, 97, 116, 105, 111, 110, 58, 99, 111, 109, 98, 105, 110, 97, 116, 105, 111, 110, 45, 67, 45, 79, 80, 69, 82, 45, 65, 76, 84, 58, 109, 111, 109, 101, 110, 116, 58, 112, 105, 112, 101, 45, 80, 45, 49, 49, 48, 58, 109, 105, 100, 115, 112, 97, 110, 58, 116, 111, 114, 115, 105, 111, 110, 34, 10, 32, 32, 32, 32, 125, 44, 10, 32, 32, 32, 32, 123, 10, 32, 32, 32, 32, 32, 32, 34, 114, 101, 102, 95, 116, 121, 112, 101, 34, 58, 32, 34, 114, 101, 115, 117, 108, 116, 34, 44, 10, 32, 32, 32, 32, 32, 32, 34, 114, 101, 102, 95, 105, 100, 34, 58, 32, 34, 114, 101, 115, 117, 108, 116, 58, 99, 111, 109, 98, 105, 110, 97, 116, 105, 111, 110, 58, 99, 111, 109, 98, 105, 110, 97, 116, 105, 111, 110, 45, 67, 45, 79, 80, 69, 82, 45, 65, 76, 84, 58, 109, 111, 109, 101, 110, 116, 58, 112, 105, 112, 101, 45, 80, 45, 49, 49, 48, 58, 113, 117, 97, 114, 116, 101, 114, 45, 49, 58, 98, 101, 110, 100, 105, 110, 103, 45, 121, 34, 10, 32, 32, 32, 32, 125, 44, 10, 32, 32, 32, 32, 123, 10, 32, 32, 32, 32, 32, 32, 34, 114, 101, 102, 95, 116, 121, 112, 101, 34, 58, 32, 34, 114, 101, 115, 117, 108, 116, 34, 44, 10, 32, 32, 32, 32, 32, 32, 34, 114, 101, 102, 95, 105, 100, 34, 58, 32, 34, 114, 101, 115, 117, 108, 116, 58, 99, 111, 109, 98, 105, 110, 97, 116, 105, 111, 110, 58, 99, 111, 109, 98, 105, 110, 97, 116, 105, 111, 110, 45, 67, 45, 79, 80, 69, 82, 45, 65, 76, 84, 58, 109, 111, 109, 101, 110, 116, 58, 112, 105, 112, 101, 45, 80, 45, 49, 49, 48, 58, 113, 117, 97, 114, 116, 101, 114, 45, 49, 58, 98, 101, 110, 100, 105, 110, 103, 45, 122, 34, 10, 32, 32, 32, 32, 125, 44, 10, 32, 32, 32, 32, 123, 10, 32, 32, 32, 32, 32, 32, 34, 114, 101, 102, 95, 116, 121, 112, 101, 34, 58, 32, 34, 114, 101, 115, 117, 108, 116, 34, 44, 10, 32, 32, 32, 32, 32, 32, 34, 114, 101, 102, 95, 105, 100, 34, 58, 32, 34, 114, 101, 115, 117, 108, 116, 58, 99, 111, 109, 98, 105, 110, 97, 116, 105, 111, 110, 58, 99, 111, 109, 98, 105, 110, 97, 116, 105, 111, 110, 45, 67, 45, 79, 80, 69, 82, 45, 65, 76, 84, 58, 109, 111, 109, 101, 110, 116, 58, 112, 105, 112, 101, 45, 80, 45, 49, 49, 48, 58, 113, 117, 97, 114, 116, 101, 114, 45, 49, 58, 116, 111, 114, 115, 105, 111, 110, 34, 10, 32, 32, 32, 32, 125, 44, 10, 32, 32, 32, 32, 123, 10, 32, 32, 32, 32, 32, 32, 34, 114, 101, 102, 95, 116, 121, 112, 101, 34, 58, 32, 34, 114, 101, 115, 117, 108, 116, 34, 44, 10, 32, 32, 32, 32, 32, 32, 34, 114, 101, 102, 95, 105, 100, 34, 58, 32, 34, 114, 101, 115, 117, 108, 116, 58, 99, 111, 109, 98, 105, 110, 97, 116, 105, 111, 110, 58, 99, 111, 109, 98, 105, 110, 97, 116, 105, 111, 110, 45, 67, 45, 79, 80, 69, 82, 45, 65, 76, 84, 58, 109, 111, 109, 101, 110, 116, 58, 112, 105, 112, 101, 45, 80, 45, 49, 49, 48, 58, 113, 117, 97, 114, 116, 101, 114, 45, 51, 58, 98, 101, 110, 100, 105, 110, 103, 45, 121, 34, 10, 32, 32, 32, 32, 125, 44, 10, 32, 32, 32, 32, 123, 10, 32, 32, 32, 32, 32, 32, 34, 114, 101, 102, 95, 116, 121, 112, 101, 34, 58, 32, 34, 114, 101, 115, 117, 108, 116, 34, 44, 10, 32, 32, 32, 32, 32, 32, 34, 114, 101, 102, 95, 105, 100, 34, 58, 32, 34, 114, 101, 115, 117, 108, 116, 58, 99, 111, 109, 98, 105, 110, 97, 116, 105, 111, 110, 58, 99, 111, 109, 98, 105, 110, 97, 116, 105, 111, 110, 45, 67, 45, 79, 80, 69, 82, 45, 65, 76, 84, 58, 109, 111, 109, 101, 110, 116, 58, 112, 105, 112, 101, 45, 80, 45, 49, 49, 48, 58, 113, 117, 97, 114, 116, 101, 114, 45, 51, 58, 98, 101, 110, 100, 105, 110, 103, 45, 122, 34, 10, 32, 32, 32, 32, 125, 44, 10, 32, 32, 32, 32, 123, 10, 32, 32, 32, 32, 32, 32, 34, 114, 101, 102, 95, 116, 121, 112, 101, 34, 58, 32, 34, 114, 101, 115, 117, 108, 116, 34, 44, 10, 32, 32, 32, 32, 32, 32, 34, 114, 101, 102, 95, 105, 100, 34, 58, 32, 34, 114, 101, 115, 117, 108, 116, 58, 99, 111, 109, 98, 105, 110, 97, 116, 105, 111, 110, 58, 99, 111, 109, 98, 105, 110, 97, 116, 105, 111, 110, 45, 67, 45, 79, 80, 69, 82, 45, 65, 76, 84, 58, 109, 111, 109, 101, 110, 116, 58, 112, 105, 112, 101, 45, 80, 45, 49, 49, 48, 58, 113, 117, 97, 114, 116, 101, 114, 45, 51, 58, 116, 111, 114, 115, 105, 111, 110, 34, 10, 32, 32, 32, 32, 125, 44, 10, 32, 32, 32, 32, 123, 10, 32, 32, 32, 32, 32, 32, 34, 114, 101, 102, 95, 116, 121, 112, 101, 34, 58, 32, 34, 114, 101, 115, 117, 108, 116, 34, 44, 10, 32, 32, 32, 32, 32, 32, 34, 114, 101, 102, 95, 105, 100, 34, 58, 32, 34, 114, 101, 115, 117, 108, 116, 58, 99, 111, 109, 98, 105, 110, 97, 116, 105, 111, 110, 58, 99, 111, 109, 98, 105, 110, 97, 116, 105, 111, 110, 45, 67, 45, 79, 80, 69, 82, 45, 65, 76, 84, 58, 109, 111, 109, 101, 110, 116, 58, 112, 105, 112, 101, 45, 80, 45, 49, 49, 48, 58, 116, 111, 114, 115, 105, 111, 110, 34, 10, 32, 32, 32, 32, 125, 44, 10, 32, 32, 32, 32, 123, 10, 32, 32, 32, 32, 32, 32, 34, 114, 101, 102, 95, 116, 121, 112, 101, 34, 58, 32, 34, 114, 101, 115, 117, 108, 116, 34, 44, 10, 32, 32, 32, 32, 32, 32, 34, 114, 101, 102, 95, 105, 100, 34, 58, 32, 34, 114, 101, 115, 117, 108, 116, 58, 99, 111, 109, 98, 105, 110, 97, 116, 105, 111, 110, 58, 99, 111, 109, 98, 105, 110, 97, 116, 105, 111, 110, 45, 67, 45, 79, 80, 69, 82, 45, 65, 76, 84, 58, 109, 111, 109, 101, 110, 116, 58, 112, 105, 112, 101, 45, 80, 45, 49, 49, 48, 58, 116, 111, 114, 115, 105, 111, 110, 58, 101, 110, 100, 45, 106, 34, 10, 32, 32, 32, 32, 125, 44, 10, 32, 32, 32, 32, 123, 10, 32, 32, 32, 32, 32, 32, 34, 114, 101, 102, 95, 116, 121, 112, 101, 34, 58, 32, 34, 114, 101, 115, 117, 108, 116, 34, 44, 10, 32, 32, 32, 32, 32, 32, 34, 114, 101, 102, 95, 105, 100, 34, 58, 32, 34, 114, 101, 115, 117, 108, 116, 58, 99, 111, 109, 98, 105, 110, 97, 116, 105, 111, 110, 58, 99, 111, 109, 98, 105, 110, 97, 116, 105, 111, 110, 45, 67, 45, 79, 80, 69, 82, 45, 65, 76, 84, 58, 109, 111, 109, 101, 110, 116, 58, 112, 105, 112, 101, 45, 80, 45, 49, 50, 48, 58, 98, 101, 110, 100, 105, 110, 103, 45, 121, 34, 10, 32, 32, 32, 32, 125, 44, 10, 32, 32, 32, 32, 123, 10, 32, 32, 32, 32, 32, 32, 34, 114, 101, 102, 95, 116, 121, 112, 101, 34, 58, 32, 34, 114, 101, 115, 117, 108, 116, 34, 44, 10, 32, 32, 32, 32, 32, 32, 34, 114, 101, 102, 95, 105, 100, 34, 58, 32, 34, 114, 101, 115, 117, 108, 116, 58, 99, 111, 109, 98, 105, 110, 97, 116, 105, 111, 110, 58, 99, 111, 109, 98, 105, 110, 97, 116, 105, 111, 110, 45, 67, 45, 79, 80, 69, 82, 45, 65, 76, 84, 58, 109, 111, 109, 101, 110, 116, 58, 112, 105, 112, 101, 45, 80, 45, 49, 50, 48, 58, 98, 101, 110, 100, 105, 110, 103, 45, 121, 58, 101, 110, 100, 45, 106, 34, 10, 32, 32, 32, 32, 125, 44, 10, 32, 32, 32, 32, 123, 10, 32, 32, 32, 32, 32, 32, 34, 114, 101, 102, 95, 116, 121, 112, 101, 34, 58, 32, 34, 114, 101, 115, 117, 108, 116, 34, 44, 10, 32, 32, 32, 32, 32, 32, 34, 114, 101, 102, 95, 105, 100, 34, 58, 32, 34, 114, 101, 115, 117, 108, 116, 58, 99, 111, 109, 98, 105, 110, 97, 116, 105, 111, 110, 58, 99, 111, 109, 98, 105, 110, 97, 116, 105, 111, 110, 45, 67, 45, 79, 80, 69, 82, 45, 65, 76, 84, 58, 109, 111, 109, 101, 110, 116, 58, 112, 105, 112, 101, 45, 80, 45, 49, 50, 48, 58, 98, 101, 110, 100, 105, 110, 103, 45, 122, 34, 10, 32, 32, 32, 32, 125, 44, 10, 32, 32, 32, 32, 123, 10, 32, 32, 32, 32, 32, 32, 34, 114, 101, 102, 95, 116, 121, 112, 101, 34, 58, 32, 34, 114, 101, 115, 117, 108, 116, 34, 44, 10, 32, 32, 32, 32, 32, 32, 34, 114, 101, 102, 95, 105, 100, 34, 58, 32, 34, 114, 101, 115, 117, 108, 116, 58, 99, 111, 109, 98, 105, 110, 97, 116, 105, 111, 110, 58, 99, 111, 109, 98, 105, 110, 97, 116, 105, 111, 110, 45, 67, 45, 79, 80, 69, 82, 45, 65, 76, 84, 58, 109, 111, 109, 101, 110, 116, 58, 112, 105, 112, 101, 45, 80, 45, 49, 50, 48, 58, 98, 101, 110, 100, 105, 110, 103, 45, 122, 58, 101, 110, 100, 45, 106, 34, 10, 32, 32, 32, 32, 125, 44, 10, 32, 32, 32, 32, 123, 10, 32, 32, 32, 32, 32, 32, 34, 114, 101, 102, 95, 116, 121, 112, 101, 34, 58, 32, 34, 114, 101, 115, 117, 108, 116, 34, 44, 10, 32, 32, 32, 32, 32, 32, 34, 114, 101, 102, 95, 105, 100, 34, 58, 32, 34, 114, 101, 115, 117, 108, 116, 58, 99, 111, 109, 98, 105, 110, 97, 116, 105, 111, 110, 58, 99, 111, 109, 98, 105, 110, 97, 116, 105, 111, 110, 45, 67, 45, 79, 80, 69, 82, 45, 65, 76, 84, 58, 109, 111, 109, 101, 110, 116, 58, 112, 105, 112, 101, 45, 80, 45, 49, 50, 48, 58, 109, 105, 100, 115, 112, 97, 110, 58, 98, 101, 110, 100, 105, 110, 103, 45, 121, 34, 10, 32, 32, 32, 32, 125, 44, 10, 32, 32, 32, 32, 123, 10, 32, 32, 32, 32, 32, 32, 34, 114, 101, 102, 95, 116, 121, 112, 101, 34, 58, 32, 34, 114, 101, 115, 117, 108, 116, 34, 44, 10, 32, 32, 32, 32, 32, 32, 34, 114, 101, 102, 95, 105, 100, 34, 58, 32, 34, 114, 101, 115, 117, 108, 116, 58, 99, 111, 109, 98, 105, 110, 97, 116, 105, 111, 110, 58, 99, 111, 109, 98, 105, 110, 97, 116, 105, 111, 110, 45, 67, 45, 79, 80, 69, 82, 45, 65, 76, 84, 58, 109, 111, 109, 101, 110, 116, 58, 112, 105, 112, 101, 45, 80, 45, 49, 50, 48, 58, 109, 105, 100, 115, 112, 97, 110, 58, 98, 101, 110, 100, 105, 110, 103, 45, 122, 34, 10, 32, 32, 32, 32, 125, 44, 10, 32, 32, 32, 32, 123, 10, 32, 32, 32, 32, 32, 32, 34, 114, 101, 102, 95, 116, 121, 112, 101, 34, 58, 32, 34, 114, 101, 115, 117, 108, 116, 34, 44, 10, 32, 32, 32, 32, 32, 32, 34, 114, 101, 102, 95, 105, 100, 34, 58, 32, 34, 114, 101, 115, 117, 108, 116, 58, 99, 111, 109, 98, 105, 110, 97, 116, 105, 111, 110, 58, 99, 111, 109, 98, 105, 110, 97, 116, 105, 111, 110, 45, 67, 45, 79, 80, 69, 82, 45, 65, 76, 84, 58, 109, 111, 109, 101, 110, 116, 58, 112, 105, 112, 101, 45, 80, 45, 49, 50, 48, 58, 109, 105, 100, 115, 112, 97, 110, 58, 116, 111, 114, 115, 105, 111, 110, 34, 10, 32, 32, 32, 32, 125, 44, 10, 32, 32, 32, 32, 123, 10, 32, 32, 32, 32, 32, 32, 34, 114, 101, 102, 95, 116, 121, 112, 101, 34, 58, 32, 34, 114, 101, 115, 117, 108, 116, 34, 44, 10, 32, 32, 32, 32, 32, 32, 34, 114, 101, 102, 95, 105, 100, 34, 58, 32, 34, 114, 101, 115, 117, 108, 116, 58, 99, 111, 109, 98, 105, 110, 97, 116, 105, 111, 110, 58, 99, 111, 109, 98, 105, 110, 97, 116, 105, 111, 110, 45, 67, 45, 79, 80, 69, 82, 45, 65, 76, 84, 58, 109, 111, 109, 101, 110, 116, 58, 112, 105, 112, 101, 45, 80, 45, 49, 50, 48, 58, 113, 117, 97, 114, 116, 101, 114, 45, 49, 58, 98, 101, 110, 100, 105, 110, 103, 45, 121, 34, 10, 32, 32, 32, 32, 125, 44, 10, 32, 32, 32, 32, 123, 10, 32, 32, 32, 32, 32, 32, 34, 114, 101, 102, 95, 116, 121, 112, 101, 34, 58, 32, 34, 114, 101, 115, 117, 108, 116, 34, 44, 10, 32, 32, 32, 32, 32, 32, 34, 114, 101, 102, 95, 105, 100, 34, 58, 32, 34, 114, 101, 115, 117, 108, 116, 58, 99, 111, 109, 98, 105, 110, 97, 116, 105, 111, 110, 58, 99, 111, 109, 98, 105, 110, 97, 116, 105, 111, 110, 45, 67, 45, 79, 80, 69, 82, 45, 65, 76, 84, 58, 109, 111, 109, 101, 110, 116, 58, 112, 105, 112, 101, 45, 80, 45, 49, 50, 48, 58, 113, 117, 97, 114, 116, 101, 114, 45, 49, 58, 98, 101, 110, 100, 105, 110, 103, 45, 122, 34, 10, 32, 32, 32, 32, 125, 44, 10, 32, 32, 32, 32, 123, 10, 32, 32, 32, 32, 32, 32, 34, 114, 101, 102, 95, 116, 121, 112, 101, 34, 58, 32, 34, 114, 101, 115, 117, 108, 116, 34, 44, 10, 32, 32, 32, 32, 32, 32, 34, 114, 101, 102, 95, 105, 100, 34, 58, 32, 34, 114, 101, 115, 117, 108, 116, 58, 99, 111, 109, 98, 105, 110, 97, 116, 105, 111, 110, 58, 99, 111, 109, 98, 105, 110, 97, 116, 105, 111, 110, 45, 67, 45, 79, 80, 69, 82, 45, 65, 76, 84, 58, 109, 111, 109, 101, 110, 116, 58, 112, 105, 112, 101, 45, 80, 45, 49, 50, 48, 58, 113, 117, 97, 114, 116, 101, 114, 45, 49, 58, 116, 111, 114, 115, 105, 111, 110, 34, 10, 32, 32, 32, 32, 125, 44, 10, 32, 32, 32, 32, 123, 10, 32, 32, 32, 32, 32, 32, 34, 114, 101, 102, 95, 116, 121, 112, 101, 34, 58, 32, 34, 114, 101, 115, 117, 108, 116, 34, 44, 10, 32, 32, 32, 32, 32, 32, 34, 114, 101, 102, 95, 105, 100, 34, 58, 32, 34, 114, 101, 115, 117, 108, 116, 58, 99, 111, 109, 98, 105, 110, 97, 116, 105, 111, 110, 58, 99, 111, 109, 98, 105, 110, 97, 116, 105, 111, 110, 45, 67, 45, 79, 80, 69, 82, 45, 65, 76, 84, 58, 109, 111, 109, 101, 110, 116, 58, 112, 105, 112, 101, 45, 80, 45, 49, 50, 48, 58, 113, 117, 97, 114, 116, 101, 114, 45, 51, 58, 98, 101, 110, 100, 105, 110, 103, 45, 121, 34, 10, 32, 32, 32, 32, 125, 44, 10, 32, 32, 32, 32, 123, 10, 32, 32, 32, 32, 32, 32, 34, 114, 101, 102, 95, 116, 121, 112, 101, 34, 58, 32, 34, 114, 101, 115, 117, 108, 116, 34, 44, 10, 32, 32, 32, 32, 32, 32, 34, 114, 101, 102, 95, 105, 100, 34, 58, 32, 34, 114, 101, 115, 117, 108, 116, 58, 99, 111, 109, 98, 105, 110, 97, 116, 105, 111, 110, 58, 99, 111, 109, 98, 105, 110, 97, 116, 105, 111, 110, 45, 67, 45, 79, 80, 69, 82, 45, 65, 76, 84, 58, 109, 111, 109, 101, 110, 116, 58, 112, 105, 112, 101, 45, 80, 45, 49, 50, 48, 58, 113, 117, 97, 114, 116, 101, 114, 45, 51, 58, 98, 101, 110, 100, 105, 110, 103, 45, 122, 34, 10, 32, 32, 32, 32, 125, 44, 10, 32, 32, 32, 32, 123, 10, 32, 32, 32, 32, 32, 32, 34, 114, 101, 102, 95, 116, 121, 112, 101, 34, 58, 32, 34, 114, 101, 115, 117, 108, 116, 34, 44, 10, 32, 32, 32, 32, 32, 32, 34, 114, 101, 102, 95, 105, 100, 34, 58, 32, 34, 114, 101, 115, 117, 108, 116, 58, 99, 111, 109, 98, 105, 110, 97, 116, 105, 111, 110, 58, 99, 111, 109, 98, 105, 110, 97, 116, 105, 111, 110, 45, 67, 45, 79, 80, 69, 82, 45, 65, 76, 84, 58, 109, 111, 109, 101, 110, 116, 58, 112, 105, 112, 101, 45, 80, 45, 49, 50, 48, 58, 113, 117, 97, 114, 116, 101, 114, 45, 51, 58, 116, 111, 114, 115, 105, 111, 110, 34, 10, 32, 32, 32, 32, 125, 44, 10, 32, 32, 32, 32, 123, 10, 32, 32, 32, 32, 32, 32, 34, 114, 101, 102, 95, 116, 121, 112, 101, 34, 58, 32, 34, 114, 101, 115, 117, 108, 116, 34, 44, 10, 32, 32, 32, 32, 32, 32, 34, 114, 101, 102, 95, 105, 100, 34, 58, 32, 34, 114, 101, 115, 117, 108, 116, 58, 99, 111, 109, 98, 105, 110, 97, 116, 105, 111, 110, 58, 99, 111, 109, 98, 105, 110, 97, 116, 105, 111, 110, 45, 67, 45, 79, 80, 69, 82, 45, 65, 76, 84, 58, 109, 111, 109, 101, 110, 116, 58, 112, 105, 112, 101, 45, 80, 45, 49, 50, 48, 58, 116, 111, 114, 115, 105, 111, 110, 34, 10, 32, 32, 32, 32, 125, 44, 10, 32, 32, 32, 32, 123, 10, 32, 32, 32, 32, 32, 32, 34, 114, 101, 102, 95, 116, 121, 112, 101, 34, 58, 32, 34, 114, 101, 115, 117, 108, 116, 34, 44, 10, 32, 32, 32, 32, 32, 32, 34, 114, 101, 102, 95, 105, 100, 34, 58, 32, 34, 114, 101, 115, 117, 108, 116, 58, 99, 111, 109, 98, 105, 110, 97, 116, 105, 111, 110, 58, 99, 111, 109, 98, 105, 110, 97, 116, 105, 111, 110, 45, 67, 45, 79, 80, 69, 82, 45, 65, 76, 84, 58, 109, 111, 109, 101, 110, 116, 58, 112, 105, 112, 101, 45, 80, 45, 49, 50, 48, 58, 116, 111, 114, 115, 105, 111, 110, 58, 101, 110, 100, 45, 106, 34, 10, 32, 32, 32, 32, 125, 44, 10, 32, 32, 32, 32, 123, 10, 32, 32, 32, 32, 32, 32, 34, 114, 101, 102, 95, 116, 121, 112, 101, 34, 58, 32, 34, 114, 101, 115, 117, 108, 116, 34, 44, 10, 32, 32, 32, 32, 32, 32, 34, 114, 101, 102, 95, 105, 100, 34, 58, 32, 34, 114, 101, 115, 117, 108, 116, 58, 99, 111, 109, 98, 105, 110, 97, 116, 105, 111, 110, 58, 99, 111, 109, 98, 105, 110, 97, 116, 105, 111, 110, 45, 67, 45, 79, 80, 69, 82, 45, 65, 76, 84, 58, 109, 111, 109, 101, 110, 116, 58, 112, 105, 112, 101, 45, 80, 45, 49, 51, 48, 58, 98, 101, 110, 100, 105, 110, 103, 45, 121, 34, 10, 32, 32, 32, 32, 125, 44, 10, 32, 32, 32, 32, 123, 10, 32, 32, 32, 32, 32, 32, 34, 114, 101, 102, 95, 116, 121, 112, 101, 34, 58, 32, 34, 114, 101, 115, 117, 108, 116, 34, 44, 10, 32, 32, 32, 32, 32, 32, 34, 114, 101, 102, 95, 105, 100, 34, 58, 32, 34, 114, 101, 115, 117, 108, 116, 58, 99, 111, 109, 98, 105, 110, 97, 116, 105, 111, 110, 58, 99, 111, 109, 98, 105, 110, 97, 116, 105, 111, 110, 45, 67, 45, 79, 80, 69, 82, 45, 65, 76, 84, 58, 109, 111, 109, 101, 110, 116, 58, 112, 105, 112, 101, 45, 80, 45, 49, 51, 48, 58, 98, 101, 110, 100, 105, 110, 103, 45, 121, 58, 101, 110, 100, 45, 106, 34, 10, 32, 32, 32, 32, 125, 44, 10, 32, 32, 32, 32, 123, 10, 32, 32, 32, 32, 32, 32, 34, 114, 101, 102, 95, 116, 121, 112, 101, 34, 58, 32, 34, 114, 101, 115, 117, 108, 116, 34, 44, 10, 32, 32, 32, 32, 32, 32, 34, 114, 101, 102, 95, 105, 100, 34, 58, 32, 34, 114, 101, 115, 117, 108, 116, 58, 99, 111, 109, 98, 105, 110, 97, 116, 105, 111, 110, 58, 99, 111, 109, 98, 105, 110, 97, 116, 105, 111, 110, 45, 67, 45, 79, 80, 69, 82, 45, 65, 76, 84, 58, 109, 111, 109, 101, 110, 116, 58, 112, 105, 112, 101, 45, 80, 45, 49, 51, 48, 58, 98, 101, 110, 100, 105, 110, 103, 45, 122, 34, 10, 32, 32, 32, 32, 125, 44, 10, 32, 32, 32, 32, 123, 10, 32, 32, 32, 32, 32, 32, 34, 114, 101, 102, 95, 116, 121, 112, 101, 34, 58, 32, 34, 114, 101, 115, 117, 108, 116, 34, 44, 10, 32, 32, 32, 32, 32, 32, 34, 114, 101, 102, 95, 105, 100, 34, 58, 32, 34, 114, 101, 115, 117, 108, 116, 58, 99, 111, 109, 98, 105, 110, 97, 116, 105, 111, 110, 58, 99, 111, 109, 98, 105, 110, 97, 116, 105, 111, 110, 45, 67, 45, 79, 80, 69, 82, 45, 65, 76, 84, 58, 109, 111, 109, 101, 110, 116, 58, 112, 105, 112, 101, 45, 80, 45, 49, 51, 48, 58, 98, 101, 110, 100, 105, 110, 103, 45, 122, 58, 101, 110, 100, 45, 106, 34, 10, 32, 32, 32, 32, 125, 44, 10, 32, 32, 32, 32, 123, 10, 32, 32, 32, 32, 32, 32, 34, 114, 101, 102, 95, 116, 121, 112, 101, 34, 58, 32, 34, 114, 101, 115, 117, 108, 116, 34, 44, 10, 32, 32, 32, 32, 32, 32, 34, 114, 101, 102, 95, 105, 100, 34, 58, 32, 34, 114, 101, 115, 117, 108, 116, 58, 99, 111, 109, 98, 105, 110, 97, 116, 105, 111, 110, 58, 99, 111, 109, 98, 105, 110, 97, 116, 105, 111, 110, 45, 67, 45, 79, 80, 69, 82, 45, 65, 76, 84, 58, 109, 111, 109, 101, 110, 116, 58, 112, 105, 112, 101, 45, 80, 45, 49, 51, 48, 58, 109, 105, 100, 115, 112, 97, 110, 58, 98, 101, 110, 100, 105, 110, 103, 45, 121, 34, 10, 32, 32, 32, 32, 125, 44, 10, 32, 32, 32, 32, 123, 10, 32, 32, 32, 32, 32, 32, 34, 114, 101, 102, 95, 116, 121, 112, 101, 34, 58, 32, 34, 114, 101, 115, 117, 108, 116, 34, 44, 10, 32, 32, 32, 32, 32, 32, 34, 114, 101, 102, 95, 105, 100, 34, 58, 32, 34, 114, 101, 115, 117, 108, 116, 58, 99, 111, 109, 98, 105, 110, 97, 116, 105, 111, 110, 58, 99, 111, 109, 98, 105, 110, 97, 116, 105, 111, 110, 45, 67, 45, 79, 80, 69, 82, 45, 65, 76, 84, 58, 109, 111, 109, 101, 110, 116, 58, 112, 105, 112, 101, 45, 80, 45, 49, 51, 48, 58, 109, 105, 100, 115, 112, 97, 110, 58, 98, 101, 110, 100, 105, 110, 103, 45, 122, 34, 10, 32, 32, 32, 32, 125, 44, 10, 32, 32, 32, 32, 123, 10, 32, 32, 32, 32, 32, 32, 34, 114, 101, 102, 95, 116, 121, 112, 101, 34, 58, 32, 34, 114, 101, 115, 117, 108, 116, 34, 44, 10, 32, 32, 32, 32, 32, 32, 34, 114, 101, 102, 95, 105, 100, 34, 58, 32, 34, 114, 101, 115, 117, 108, 116, 58, 99, 111, 109, 98, 105, 110, 97, 116, 105, 111, 110, 58, 99, 111, 109, 98, 105, 110, 97, 116, 105, 111, 110, 45, 67, 45, 79, 80, 69, 82, 45, 65, 76, 84, 58, 109, 111, 109, 101, 110, 116, 58, 112, 105, 112, 101, 45, 80, 45, 49, 51, 48, 58, 109, 105, 100, 115, 112, 97, 110, 58, 116, 111, 114, 115, 105, 111, 110, 34, 10, 32, 32, 32, 32, 125, 44, 10, 32, 32, 32, 32, 123, 10, 32, 32, 32, 32, 32, 32, 34, 114, 101, 102, 95, 116, 121, 112, 101, 34, 58, 32, 34, 114, 101, 115, 117, 108, 116, 34, 44, 10, 32, 32, 32, 32, 32, 32, 34, 114, 101, 102, 95, 105, 100, 34, 58, 32, 34, 114, 101, 115, 117, 108, 116, 58, 99, 111, 109, 98, 105, 110, 97, 116, 105, 111, 110, 58, 99, 111, 109, 98, 105, 110, 97, 116, 105, 111, 110, 45, 67, 45, 79, 80, 69, 82, 45, 65, 76, 84, 58, 109, 111, 109, 101, 110, 116, 58, 112, 105, 112, 101, 45, 80, 45, 49, 51, 48, 58, 113, 117, 97, 114, 116, 101, 114, 45, 49, 58, 98, 101, 110, 100, 105, 110, 103, 45, 121, 34, 10, 32, 32, 32, 32, 125, 44, 10, 32, 32, 32, 32, 123, 10, 32, 32, 32, 32, 32, 32, 34, 114, 101, 102, 95, 116, 121, 112, 101, 34, 58, 32, 34, 114, 101, 115, 117, 108, 116, 34, 44, 10, 32, 32, 32, 32, 32, 32, 34, 114, 101, 102, 95, 105, 100, 34, 58, 32, 34, 114, 101, 115, 117, 108, 116, 58, 99, 111, 109, 98, 105, 110, 97, 116, 105, 111, 110, 58, 99, 111, 109, 98, 105, 110, 97, 116, 105, 111, 110, 45, 67, 45, 79, 80, 69, 82, 45, 65, 76, 84, 58, 109, 111, 109, 101, 110, 116, 58, 112, 105, 112, 101, 45, 80, 45, 49, 51, 48, 58, 113, 117, 97, 114, 116, 101, 114, 45, 49, 58, 98, 101, 110, 100, 105, 110, 103, 45, 122, 34, 10, 32, 32, 32, 32, 125, 44, 10, 32, 32, 32, 32, 123, 10, 32, 32, 32, 32, 32, 32, 34, 114, 101, 102, 95, 116, 121, 112, 101, 34, 58, 32, 34, 114, 101, 115, 117, 108, 116, 34, 44, 10, 32, 32, 32, 32, 32, 32, 34, 114, 101, 102, 95, 105, 100, 34, 58, 32, 34, 114, 101, 115, 117, 108, 116, 58, 99, 111, 109, 98, 105, 110, 97, 116, 105, 111, 110, 58, 99, 111, 109, 98, 105, 110, 97, 116, 105, 111, 110, 45, 67, 45, 79, 80, 69, 82, 45, 65, 76, 84, 58, 109, 111, 109, 101, 110, 116, 58, 112, 105, 112, 101, 45, 80, 45, 49, 51, 48, 58, 113, 117, 97, 114, 116, 101, 114, 45, 49, 58, 116, 111, 114, 115, 105, 111, 110, 34, 10, 32, 32, 32, 32, 125, 44, 10, 32, 32, 32, 32, 123, 10, 32, 32, 32, 32, 32, 32, 34, 114, 101, 102, 95, 116, 121, 112, 101, 34, 58, 32, 34, 114, 101, 115, 117, 108, 116, 34, 44, 10, 32, 32, 32, 32, 32, 32, 34, 114, 101, 102, 95, 105, 100, 34, 58, 32, 34, 114, 101, 115, 117, 108, 116, 58, 99, 111, 109, 98, 105, 110, 97, 116, 105, 111, 110, 58, 99, 111, 109, 98, 105, 110, 97, 116, 105, 111, 110, 45, 67, 45, 79, 80, 69, 82, 45, 65, 76, 84, 58, 109, 111, 109, 101, 110, 116, 58, 112, 105, 112, 101, 45, 80, 45, 49, 51, 48, 58, 113, 117, 97, 114, 116, 101, 114, 45, 51, 58, 98, 101, 110, 100, 105, 110, 103, 45, 121, 34, 10, 32, 32, 32, 32, 125, 44, 10, 32, 32, 32, 32, 123, 10, 32, 32, 32, 32, 32, 32, 34, 114, 101, 102, 95, 116, 121, 112, 101, 34, 58, 32, 34, 114, 101, 115, 117, 108, 116, 34, 44, 10, 32, 32, 32, 32, 32, 32, 34, 114, 101, 102, 95, 105, 100, 34, 58, 32, 34, 114, 101, 115, 117, 108, 116, 58, 99, 111, 109, 98, 105, 110, 97, 116, 105, 111, 110, 58, 99, 111, 109, 98, 105, 110, 97, 116, 105, 111, 110, 45, 67, 45, 79, 80, 69, 82, 45, 65, 76, 84, 58, 109, 111, 109, 101, 110, 116, 58, 112, 105, 112, 101, 45, 80, 45, 49, 51, 48, 58, 113, 117, 97, 114, 116, 101, 114, 45, 51, 58, 98, 101, 110, 100, 105, 110, 103, 45, 122, 34, 10, 32, 32, 32, 32, 125, 44, 10, 32, 32, 32, 32, 123, 10, 32, 32, 32, 32, 32, 32, 34, 114, 101, 102, 95, 116, 121, 112, 101, 34, 58, 32, 34, 114, 101, 115, 117, 108, 116, 34, 44, 10, 32, 32, 32, 32, 32, 32, 34, 114, 101, 102, 95, 105, 100, 34, 58, 32, 34, 114, 101, 115, 117, 108, 116, 58, 99, 111, 109, 98, 105, 110, 97, 116, 105, 111, 110, 58, 99, 111, 109, 98, 105, 110, 97, 116, 105, 111, 110, 45, 67, 45, 79, 80, 69, 82, 45, 65, 76, 84, 58, 109, 111, 109, 101, 110, 116, 58, 112, 105, 112, 101, 45, 80, 45, 49, 51, 48, 58, 113, 117, 97, 114, 116, 101, 114, 45, 51, 58, 116, 111, 114, 115, 105, 111, 110, 34, 10, 32, 32, 32, 32, 125, 44, 10, 32, 32, 32, 32, 123, 10, 32, 32, 32, 32, 32, 32, 34, 114, 101, 102, 95, 116, 121, 112, 101, 34, 58, 32, 34, 114, 101, 115, 117, 108, 116, 34, 44, 10, 32, 32, 32, 32, 32, 32, 34, 114, 101, 102, 95, 105, 100, 34, 58, 32, 34, 114, 101, 115, 117, 108, 116, 58, 99, 111, 109, 98, 105, 110, 97, 116, 105, 111, 110, 58, 99, 111, 109, 98, 105, 110, 97, 116, 105, 111, 110, 45, 67, 45, 79, 80, 69, 82, 45, 65, 76, 84, 58, 109, 111, 109, 101, 110, 116, 58, 112, 105, 112, 101, 45, 80, 45, 49, 51, 48, 58, 116, 111, 114, 115, 105, 111, 110, 34, 10, 32, 32, 32, 32, 125, 44, 10, 32, 32, 32, 32, 123, 10, 32, 32, 32, 32, 32, 32, 34, 114, 101, 102, 95, 116, 121, 112, 101, 34, 58, 32, 34, 114, 101, 115, 117, 108, 116, 34, 44, 10, 32, 32, 32, 32, 32, 32, 34, 114, 101, 102, 95, 105, 100, 34, 58, 32, 34, 114, 101, 115, 117, 108, 116, 58, 99, 111, 109, 98, 105, 110, 97, 116, 105, 111, 110, 58, 99, 111, 109, 98, 105, 110, 97, 116, 105, 111, 110, 45, 67, 45, 79, 80, 69, 82, 45, 65, 76, 84, 58, 109, 111, 109, 101, 110, 116, 58, 112, 105, 112, 101, 45, 80, 45, 49, 51, 48, 58, 116, 111, 114, 115, 105, 111, 110, 58, 101, 110, 100, 45, 106, 34, 10, 32, 32, 32, 32, 125, 44, 10, 32, 32, 32, 32, 123, 10, 32, 32, 32, 32, 32, 32, 34, 114, 101, 102, 95, 116, 121, 112, 101, 34, 58, 32, 34, 114, 101, 115, 117, 108, 116, 34, 44, 10, 32, 32, 32, 32, 32, 32, 34, 114, 101, 102, 95, 105, 100, 34, 58, 32, 34, 114, 101, 115, 117, 108, 116, 58, 99, 111, 109, 98, 105, 110, 97, 116, 105, 111, 110, 58, 99, 111, 109, 98, 105, 110, 97, 116, 105, 111, 110, 45, 67, 45, 79, 80, 69, 82, 45, 65, 76, 84, 58, 112, 114, 101, 115, 115, 117, 114, 101, 45, 116, 104, 114, 117, 115, 116, 58, 99, 111, 109, 112, 111, 110, 101, 110, 116, 45, 67, 45, 49, 53, 48, 34, 10, 32, 32, 32, 32, 125, 44, 10, 32, 32, 32, 32, 123, 10, 32, 32, 32, 32, 32, 32, 34, 114, 101, 102, 95, 116, 121, 112, 101, 34, 58, 32, 34, 114, 101, 115, 117, 108, 116, 34, 44, 10, 32, 32, 32, 32, 32, 32, 34, 114, 101, 102, 95, 105, 100, 34, 58, 32, 34, 114, 101, 115, 117, 108, 116, 58, 99, 111, 109, 98, 105, 110, 97, 116, 105, 111, 110, 58, 99, 111, 109, 98, 105, 110, 97, 116, 105, 111, 110, 45, 67, 45, 79, 80, 69, 82, 45, 65, 76, 84, 58, 114, 101, 97, 99, 116, 105, 111, 110, 58, 115, 117, 112, 112, 111, 114, 116, 45, 67, 69, 45, 49, 50, 48, 34, 10, 32, 32, 32, 32, 125, 44, 10, 32, 32, 32, 32, 123, 10, 32, 32, 32, 32, 32, 32, 34, 114, 101, 102, 95, 116, 121, 112, 101, 34, 58, 32, 34, 114, 101, 115, 117, 108, 116, 34, 44, 10, 32, 32, 32, 32, 32, 32, 34, 114, 101, 102, 95, 105, 100, 34, 58, 32, 34, 114, 101, 115, 117, 108, 116, 58, 99, 111, 109, 98, 105, 110, 97, 116, 105, 111, 110, 58, 99, 111, 109, 98, 105, 110, 97, 116, 105, 111, 110, 45, 67, 45, 79, 80, 69, 82, 45, 65, 76, 84, 58, 114, 101, 97, 99, 116, 105, 111, 110, 58, 115, 117, 112, 112, 111, 114, 116, 45, 83, 45, 49, 48, 48, 34, 10, 32, 32, 32, 32, 125, 44, 10, 32, 32, 32, 32, 123, 10, 32, 32, 32, 32, 32, 32, 34, 114, 101, 102, 95, 116, 121, 112, 101, 34, 58, 32, 34, 114, 101, 115, 117, 108, 116, 34, 44, 10, 32, 32, 32, 32, 32, 32, 34, 114, 101, 102, 95, 105, 100, 34, 58, 32, 34, 114, 101, 115, 117, 108, 116, 58, 99, 111, 109, 98, 105, 110, 97, 116, 105, 111, 110, 58, 99, 111, 109, 98, 105, 110, 97, 116, 105, 111, 110, 45, 67, 45, 79, 80, 69, 82, 45, 65, 76, 84, 58, 114, 101, 97, 99, 116, 105, 111, 110, 58, 115, 117, 112, 112, 111, 114, 116, 45, 83, 45, 49, 50, 48, 34, 10, 32, 32, 32, 32, 125, 44, 10, 32, 32, 32, 32, 123, 10, 32, 32, 32, 32, 32, 32, 34, 114, 101, 102, 95, 116, 121, 112, 101, 34, 58, 32, 34, 114, 101, 115, 117, 108, 116, 34, 44, 10, 32, 32, 32, 32, 32, 32, 34, 114, 101, 102, 95, 105, 100, 34, 58, 32, 34, 114, 101, 115, 117, 108, 116, 58, 99, 111, 109, 98, 105, 110, 97, 116, 105, 111, 110, 58, 99, 111, 109, 98, 105, 110, 97, 116, 105, 111, 110, 45, 67, 45, 79, 80, 69, 82, 45, 65, 76, 84, 58, 114, 101, 97, 99, 116, 105, 111, 110, 58, 115, 117, 112, 112, 111, 114, 116, 45, 83, 45, 49, 51, 48, 34, 10, 32, 32, 32, 32, 125, 44, 10, 32, 32, 32, 32, 123, 10, 32, 32, 32, 32, 32, 32, 34, 114, 101, 102, 95, 116, 121, 112, 101, 34, 58, 32, 34, 114, 101, 115, 117, 108, 116, 34, 44, 10, 32, 32, 32, 32, 32, 32, 34, 114, 101, 102, 95, 105, 100, 34, 58, 32, 34, 114, 101, 115, 117, 108, 116, 58, 99, 111, 109, 98, 105, 110, 97, 116, 105, 111, 110, 58, 99, 111, 109, 98, 105, 110, 97, 116, 105, 111, 110, 45, 67, 45, 79, 80, 69, 82, 45, 65, 76, 84, 58, 114, 101, 97, 99, 116, 105, 111, 110, 58, 115, 117, 112, 112, 111, 114, 116, 45, 83, 72, 45, 49, 52, 48, 34, 10, 32, 32, 32, 32, 125, 44, 10, 32, 32, 32, 32, 123, 10, 32, 32, 32, 32, 32, 32, 34, 114, 101, 102, 95, 116, 121, 112, 101, 34, 58, 32, 34, 114, 101, 115, 117, 108, 116, 34, 44, 10, 32, 32, 32, 32, 32, 32, 34, 114, 101, 102, 95, 105, 100, 34, 58, 32, 34, 114, 101, 115, 117, 108, 116, 58, 99, 111, 109, 98, 105, 110, 97, 116, 105, 111, 110, 58, 99, 111, 109, 98, 105, 110, 97, 116, 105, 111, 110, 45, 67, 45, 79, 80, 69, 82, 45, 65, 76, 84, 58, 115, 116, 114, 101, 115, 115, 58, 99, 111, 109, 112, 111, 110, 101, 110, 116, 45, 67, 45, 49, 49, 48, 58, 112, 105, 112, 101, 45, 80, 45, 49, 48, 48, 58, 101, 110, 100, 45, 106, 58, 117, 115, 101, 114, 45, 109, 117, 108, 116, 105, 112, 108, 105, 101, 114, 34, 10, 32, 32, 32, 32, 125, 44, 10, 32, 32, 32, 32, 123, 10, 32, 32, 32, 32, 32, 32, 34, 114, 101, 102, 95, 116, 121, 112, 101, 34, 58, 32, 34, 114, 101, 115, 117, 108, 116, 34, 44, 10, 32, 32, 32, 32, 32, 32, 34, 114, 101, 102, 95, 105, 100, 34, 58, 32, 34, 114, 101, 115, 117, 108, 116, 58, 99, 111, 109, 98, 105, 110, 97, 116, 105, 111, 110, 58, 99, 111, 109, 98, 105, 110, 97, 116, 105, 111, 110, 45, 67, 45, 79, 80, 69, 82, 45, 65, 76, 84, 58, 115, 116, 114, 101, 115, 115, 58, 99, 111, 109, 112, 111, 110, 101, 110, 116, 45, 67, 45, 49, 49, 48, 58, 112, 105, 112, 101, 45, 80, 45, 49, 49, 48, 58, 101, 110, 100, 45, 105, 58, 117, 115, 101, 114, 45, 109, 117, 108, 116, 105, 112, 108, 105, 101, 114, 34, 10, 32, 32, 32, 32, 125, 44, 10, 32, 32, 32, 32, 123, 10, 32, 32, 32, 32, 32, 32, 34, 114, 101, 102, 95, 116, 121, 112, 101, 34, 58, 32, 34, 114, 101, 115, 117, 108, 116, 34, 44, 10, 32, 32, 32, 32, 32, 32, 34, 114, 101, 102, 95, 105, 100, 34, 58, 32, 34, 114, 101, 115, 117, 108, 116, 58, 99, 111, 109, 98, 105, 110, 97, 116, 105, 111, 110, 58, 99, 111, 109, 98, 105, 110, 97, 116, 105, 111, 110, 45, 67, 45, 79, 80, 69, 82, 45, 65, 76, 84, 58, 115, 116, 114, 101, 115, 115, 58, 99, 111, 109, 112, 111, 110, 101, 110, 116, 45, 67, 45, 49, 50, 48, 58, 112, 105, 112, 101, 45, 80, 45, 49, 49, 48, 58, 101, 110, 100, 45, 106, 58, 117, 115, 101, 114, 45, 109, 117, 108, 116, 105, 112, 108, 105, 101, 114, 34, 10, 32, 32, 32, 32, 125, 44, 10, 32, 32, 32, 32, 123, 10, 32, 32, 32, 32, 32, 32, 34, 114, 101, 102, 95, 116, 121, 112, 101, 34, 58, 32, 34, 114, 101, 115, 117, 108, 116, 34, 44, 10, 32, 32, 32, 32, 32, 32, 34, 114, 101, 102, 95, 105, 100, 34, 58, 32, 34, 114, 101, 115, 117, 108, 116, 58, 99, 111, 109, 98, 105, 110, 97, 116, 105, 111, 110, 58, 99, 111, 109, 98, 105, 110, 97, 116, 105, 111, 110, 45, 67, 45, 79, 80, 69, 82, 45, 65, 76, 84, 58, 115, 116, 114, 101, 115, 115, 58, 99, 111, 109, 112, 111, 110, 101, 110, 116, 45, 67, 45, 49, 50, 48, 58, 112, 105, 112, 101, 45, 80, 45, 49, 50, 48, 58, 101, 110, 100, 45, 105, 58, 117, 115, 101, 114, 45, 109, 117, 108, 116, 105, 112, 108, 105, 101, 114, 34, 10, 32, 32, 32, 32, 125, 44, 10, 32, 32, 32, 32, 123, 10, 32, 32, 32, 32, 32, 32, 34, 114, 101, 102, 95, 116, 121, 112, 101, 34, 58, 32, 34, 114, 101, 115, 117, 108, 116, 34, 44, 10, 32, 32, 32, 32, 32, 32, 34, 114, 101, 102, 95, 105, 100, 34, 58, 32, 34, 114, 101, 115, 117, 108, 116, 58, 99, 111, 109, 98, 105, 110, 97, 116, 105, 111, 110, 58, 99, 111, 109, 98, 105, 110, 97, 116, 105, 111, 110, 45, 67, 45, 79, 80, 69, 82, 45, 65, 76, 84, 58, 115, 116, 114, 101, 115, 115, 58, 112, 105, 112, 101, 45, 80, 45, 49, 48, 48, 58, 101, 110, 100, 45, 105, 58, 97, 120, 105, 97, 108, 45, 110, 111, 114, 109, 97, 108, 34, 10, 32, 32, 32, 32, 125, 44, 10, 32, 32, 32, 32, 123, 10, 32, 32, 32, 32, 32, 32, 34, 114, 101, 102, 95, 116, 121, 112, 101, 34, 58, 32, 34, 114, 101, 115, 117, 108, 116, 34, 44, 10, 32, 32, 32, 32, 32, 32, 34, 114, 101, 102, 95, 105, 100, 34, 58, 32, 34, 114, 101, 115, 117, 108, 116, 58, 99, 111, 109, 98, 105, 110, 97, 116, 105, 111, 110, 58, 99, 111, 109, 98, 105, 110, 97, 116, 105, 111, 110, 45, 67, 45, 79, 80, 69, 82, 45, 65, 76, 84, 58, 115, 116, 114, 101, 115, 115, 58, 112, 105, 112, 101, 45, 80, 45, 49, 48, 48, 58, 101, 110, 100, 45, 105, 58, 98, 101, 110, 100, 105, 110, 103, 45, 110, 111, 114, 109, 97, 108, 45, 121, 34, 10, 32, 32, 32, 32, 125, 44, 10, 32, 32, 32, 32, 123, 10, 32, 32, 32, 32, 32, 32, 34, 114, 101, 102, 95, 116, 121, 112, 101, 34, 58, 32, 34, 114, 101, 115, 117, 108, 116, 34, 44, 10, 32, 32, 32, 32, 32, 32, 34, 114, 101, 102, 95, 105, 100, 34, 58, 32, 34, 114, 101, 115, 117, 108, 116, 58, 99, 111, 109, 98, 105, 110, 97, 116, 105, 111, 110, 58, 99, 111, 109, 98, 105, 110, 97, 116, 105, 111, 110, 45, 67, 45, 79, 80, 69, 82, 45, 65, 76, 84, 58, 115, 116, 114, 101, 115, 115, 58, 112, 105, 112, 101, 45, 80, 45, 49, 48, 48, 58, 101, 110, 100, 45, 105, 58, 98, 101, 110, 100, 105, 110, 103, 45, 110, 111, 114, 109, 97, 108, 45, 122, 34, 10, 32, 32, 32, 32, 125, 44, 10, 32, 32, 32, 32, 123, 10, 32, 32, 32, 32, 32, 32, 34, 114, 101, 102, 95, 116, 121, 112, 101, 34, 58, 32, 34, 114, 101, 115, 117, 108, 116, 34, 44, 10, 32, 32, 32, 32, 32, 32, 34, 114, 101, 102, 95, 105, 100, 34, 58, 32, 34, 114, 101, 115, 117, 108, 116, 58, 99, 111, 109, 98, 105, 110, 97, 116, 105, 111, 110, 58, 99, 111, 109, 98, 105, 110, 97, 116, 105, 111, 110, 45, 67, 45, 79, 80, 69, 82, 45, 65, 76, 84, 58, 115, 116, 114, 101, 115, 115, 58, 112, 105, 112, 101, 45, 80, 45, 49, 48, 48, 58, 101, 110, 100, 45, 105, 58, 116, 111, 114, 115, 105, 111, 110, 97, 108, 45, 115, 104, 101, 97, 114, 34, 10, 32, 32, 32, 32, 125, 44, 10, 32, 32, 32, 32, 123, 10, 32, 32, 32, 32, 32, 32, 34, 114, 101, 102, 95, 116, 121, 112, 101, 34, 58, 32, 34, 114, 101, 115, 117, 108, 116, 34, 44, 10, 32, 32, 32, 32, 32, 32, 34, 114, 101, 102, 95, 105, 100, 34, 58, 32, 34, 114, 101, 115, 117, 108, 116, 58, 99, 111, 109, 98, 105, 110, 97, 116, 105, 111, 110, 58, 99, 111, 109, 98, 105, 110, 97, 116, 105, 111, 110, 45, 67, 45, 79, 80, 69, 82, 45, 65, 76, 84, 58, 115, 116, 114, 101, 115, 115, 58, 112, 105, 112, 101, 45, 80, 45, 49, 48, 48, 58, 101, 110, 100, 45, 106, 58, 97, 120, 105, 97, 108, 45, 110, 111, 114, 109, 97, 108, 34, 10, 32, 32, 32, 32, 125, 44, 10, 32, 32, 32, 32, 123, 10, 32, 32, 32, 32, 32, 32, 34, 114, 101, 102, 95, 116, 121, 112, 101, 34, 58, 32, 34, 114, 101, 115, 117, 108, 116, 34, 44, 10, 32, 32, 32, 32, 32, 32, 34, 114, 101, 102, 95, 105, 100, 34, 58, 32, 34, 114, 101, 115, 117, 108, 116, 58, 99, 111, 109, 98, 105, 110, 97, 116, 105, 111, 110, 58, 99, 111, 109, 98, 105, 110, 97, 116, 105, 111, 110, 45, 67, 45, 79, 80, 69, 82, 45, 65, 76, 84, 58, 115, 116, 114, 101, 115, 115, 58, 112, 105, 112, 101, 45, 80, 45, 49, 48, 48, 58, 101, 110, 100, 45, 106, 58, 98, 101, 110, 100, 105, 110, 103, 45, 110, 111, 114, 109, 97, 108, 45, 121, 34, 10, 32, 32, 32, 32, 125, 44, 10, 32, 32, 32, 32, 123, 10, 32, 32, 32, 32, 32, 32, 34, 114, 101, 102, 95, 116, 121, 112, 101, 34, 58, 32, 34, 114, 101, 115, 117, 108, 116, 34, 44, 10, 32, 32, 32, 32, 32, 32, 34, 114, 101, 102, 95, 105, 100, 34, 58, 32, 34, 114, 101, 115, 117, 108, 116, 58, 99, 111, 109, 98, 105, 110, 97, 116, 105, 111, 110, 58, 99, 111, 109, 98, 105, 110, 97, 116, 105, 111, 110, 45, 67, 45, 79, 80, 69, 82, 45, 65, 76, 84, 58, 115, 116, 114, 101, 115, 115, 58, 112, 105, 112, 101, 45, 80, 45, 49, 48, 48, 58, 101, 110, 100, 45, 106, 58, 98, 101, 110, 100, 105, 110, 103, 45, 110, 111, 114, 109, 97, 108, 45, 122, 34, 10, 32, 32, 32, 32, 125, 44, 10, 32, 32, 32, 32, 123, 10, 32, 32, 32, 32, 32, 32, 34, 114, 101, 102, 95, 116, 121, 112, 101, 34, 58, 32, 34, 114, 101, 115, 117, 108, 116, 34, 44, 10, 32, 32, 32, 32, 32, 32, 34, 114, 101, 102, 95, 105, 100, 34, 58, 32, 34, 114, 101, 115, 117, 108, 116, 58, 99, 111, 109, 98, 105, 110, 97, 116, 105, 111, 110, 58, 99, 111, 109, 98, 105, 110, 97, 116, 105, 111, 110, 45, 67, 45, 79, 80, 69, 82, 45, 65, 76, 84, 58, 115, 116, 114, 101, 115, 115, 58, 112, 105, 112, 101, 45, 80, 45, 49, 48, 48, 58, 101, 110, 100, 45, 106, 58, 116, 111, 114, 115, 105, 111, 110, 97, 108, 45, 115, 104, 101, 97, 114, 34, 10, 32, 32, 32, 32, 125, 44, 10, 32, 32, 32, 32, 123, 10, 32, 32, 32, 32, 32, 32, 34, 114, 101, 102, 95, 116, 121, 112, 101, 34, 58, 32, 34, 114, 101, 115, 117, 108, 116, 34, 44, 10, 32, 32, 32, 32, 32, 32, 34, 114, 101, 102, 95, 105, 100, 34, 58, 32, 34, 114, 101, 115, 117, 108, 116, 58, 99, 111, 109, 98, 105, 110, 97, 116, 105, 111, 110, 58, 99, 111, 109, 98, 105, 110, 97, 116, 105, 111, 110, 45, 67, 45, 79, 80, 69, 82, 45, 65, 76, 84, 58, 115, 116, 114, 101, 115, 115, 58, 112, 105, 112, 101, 45, 80, 45, 49, 48, 48, 58, 109, 105, 100, 115, 112, 97, 110, 58, 97, 120, 105, 97, 108, 45, 110, 111, 114, 109, 97, 108, 34, 10, 32, 32, 32, 32, 125, 44, 10, 32, 32, 32, 32, 123, 10, 32, 32, 32, 32, 32, 32, 34, 114, 101, 102, 95, 116, 121, 112, 101, 34, 58, 32, 34, 114, 101, 115, 117, 108, 116, 34, 44, 10, 32, 32, 32, 32, 32, 32, 34, 114, 101, 102, 95, 105, 100, 34, 58, 32, 34, 114, 101, 115, 117, 108, 116, 58, 99, 111, 109, 98, 105, 110, 97, 116, 105, 111, 110, 58, 99, 111, 109, 98, 105, 110, 97, 116, 105, 111, 110, 45, 67, 45, 79, 80, 69, 82, 45, 65, 76, 84, 58, 115, 116, 114, 101, 115, 115, 58, 112, 105, 112, 101, 45, 80, 45, 49, 48, 48, 58, 109, 105, 100, 115, 112, 97, 110, 58, 98, 101, 110, 100, 105, 110, 103, 45, 110, 111, 114, 109, 97, 108, 45, 121, 34, 10, 32, 32, 32, 32, 125, 44, 10, 32, 32, 32, 32, 123, 10, 32, 32, 32, 32, 32, 32, 34, 114, 101, 102, 95, 116, 121, 112, 101, 34, 58, 32, 34, 114, 101, 115, 117, 108, 116, 34, 44, 10, 32, 32, 32, 32, 32, 32, 34, 114, 101, 102, 95, 105, 100, 34, 58, 32, 34, 114, 101, 115, 117, 108, 116, 58, 99, 111, 109, 98, 105, 110, 97, 116, 105, 111, 110, 58, 99, 111, 109, 98, 105, 110, 97, 116, 105, 111, 110, 45, 67, 45, 79, 80, 69, 82, 45, 65, 76, 84, 58, 115, 116, 114, 101, 115, 115, 58, 112, 105, 112, 101, 45, 80, 45, 49, 48, 48, 58, 109, 105, 100, 115, 112, 97, 110, 58, 98, 101, 110, 100, 105, 110, 103, 45, 110, 111, 114, 109, 97, 108, 45, 122, 34, 10, 32, 32, 32, 32, 125, 44, 10, 32, 32, 32, 32, 123, 10, 32, 32, 32, 32, 32, 32, 34, 114, 101, 102, 95, 116, 121, 112, 101, 34, 58, 32, 34, 114, 101, 115, 117, 108, 116, 34, 44, 10, 32, 32, 32, 32, 32, 32, 34, 114, 101, 102, 95, 105, 100, 34, 58, 32, 34, 114, 101, 115, 117, 108, 116, 58, 99, 111, 109, 98, 105, 110, 97, 116, 105, 111, 110, 58, 99, 111, 109, 98, 105, 110, 97, 116, 105, 111, 110, 45, 67, 45, 79, 80, 69, 82, 45, 65, 76, 84, 58, 115, 116, 114, 101, 115, 115, 58, 112, 105, 112, 101, 45, 80, 45, 49, 48, 48, 58, 109, 105, 100, 115, 112, 97, 110, 58, 116, 111, 114, 115, 105, 111, 110, 97, 108, 45, 115, 104, 101, 97, 114, 34, 10, 32, 32, 32, 32, 125, 44, 10, 32, 32, 32, 32, 123, 10, 32, 32, 32, 32, 32, 32, 34, 114, 101, 102, 95, 116, 121, 112, 101, 34, 58, 32, 34, 114, 101, 115, 117, 108, 116, 34, 44, 10, 32, 32, 32, 32, 32, 32, 34, 114, 101, 102, 95, 105, 100, 34, 58, 32, 34, 114, 101, 115, 117, 108, 116, 58, 99, 111, 109, 98, 105, 110, 97, 116, 105, 111, 110, 58, 99, 111, 109, 98, 105, 110, 97, 116, 105, 111, 110, 45, 67, 45, 79, 80, 69, 82, 45, 65, 76, 84, 58, 115, 116, 114, 101, 115, 115, 58, 112, 105, 112, 101, 45, 80, 45, 49, 48, 48, 58, 113, 117, 97, 114, 116, 101, 114, 45, 49, 58, 97, 120, 105, 97, 108, 45, 110, 111, 114, 109, 97, 108, 34, 10, 32, 32, 32, 32, 125, 44, 10, 32, 32, 32, 32, 123, 10, 32, 32, 32, 32, 32, 32, 34, 114, 101, 102, 95, 116, 121, 112, 101, 34, 58, 32, 34, 114, 101, 115, 117, 108, 116, 34, 44, 10, 32, 32, 32, 32, 32, 32, 34, 114, 101, 102, 95, 105, 100, 34, 58, 32, 34, 114, 101, 115, 117, 108, 116, 58, 99, 111, 109, 98, 105, 110, 97, 116, 105, 111, 110, 58, 99, 111, 109, 98, 105, 110, 97, 116, 105, 111, 110, 45, 67, 45, 79, 80, 69, 82, 45, 65, 76, 84, 58, 115, 116, 114, 101, 115, 115, 58, 112, 105, 112, 101, 45, 80, 45, 49, 48, 48, 58, 113, 117, 97, 114, 116, 101, 114, 45, 49, 58, 98, 101, 110, 100, 105, 110, 103, 45, 110, 111, 114, 109, 97, 108, 45, 121, 34, 10, 32, 32, 32, 32, 125, 44, 10, 32, 32, 32, 32, 123, 10, 32, 32, 32, 32, 32, 32, 34, 114, 101, 102, 95, 116, 121, 112, 101, 34, 58, 32, 34, 114, 101, 115, 117, 108, 116, 34, 44, 10, 32, 32, 32, 32, 32, 32, 34, 114, 101, 102, 95, 105, 100, 34, 58, 32, 34, 114, 101, 115, 117, 108, 116, 58, 99, 111, 109, 98, 105, 110, 97, 116, 105, 111, 110, 58, 99, 111, 109, 98, 105, 110, 97, 116, 105, 111, 110, 45, 67, 45, 79, 80, 69, 82, 45, 65, 76, 84, 58, 115, 116, 114, 101, 115, 115, 58, 112, 105, 112, 101, 45, 80, 45, 49, 48, 48, 58, 113, 117, 97, 114, 116, 101, 114, 45, 49, 58, 98, 101, 110, 100, 105, 110, 103, 45, 110, 111, 114, 109, 97, 108, 45, 122, 34, 10, 32, 32, 32, 32, 125, 44, 10, 32, 32, 32, 32, 123, 10, 32, 32, 32, 32, 32, 32, 34, 114, 101, 102, 95, 116, 121, 112, 101, 34, 58, 32, 34, 114, 101, 115, 117, 108, 116, 34, 44, 10, 32, 32, 32, 32, 32, 32, 34, 114, 101, 102, 95, 105, 100, 34, 58, 32, 34, 114, 101, 115, 117, 108, 116, 58, 99, 111, 109, 98, 105, 110, 97, 116, 105, 111, 110, 58, 99, 111, 109, 98, 105, 110, 97, 116, 105, 111, 110, 45, 67, 45, 79, 80, 69, 82, 45, 65, 76, 84, 58, 115, 116, 114, 101, 115, 115, 58, 112, 105, 112, 101, 45, 80, 45, 49, 48, 48, 58, 113, 117, 97, 114, 116, 101, 114, 45, 49, 58, 116, 111, 114, 115, 105, 111, 110, 97, 108, 45, 115, 104, 101, 97, 114, 34, 10, 32, 32, 32, 32, 125, 44, 10, 32, 32, 32, 32, 123, 10, 32, 32, 32, 32, 32, 32, 34, 114, 101, 102, 95, 116, 121, 112, 101, 34, 58, 32, 34, 114, 101, 115, 117, 108, 116, 34, 44, 10, 32, 32, 32, 32, 32, 32, 34, 114, 101, 102, 95, 105, 100, 34, 58, 32, 34, 114, 101, 115, 117, 108, 116, 58, 99, 111, 109, 98, 105, 110, 97, 116, 105, 111, 110, 58, 99, 111, 109, 98, 105, 110, 97, 116, 105, 111, 110, 45, 67, 45, 79, 80, 69, 82, 45, 65, 76, 84, 58, 115, 116, 114, 101, 115, 115, 58, 112, 105, 112, 101, 45, 80, 45, 49, 48, 48, 58, 113, 117, 97, 114, 116, 101, 114, 45, 51, 58, 97, 120, 105, 97, 108, 45, 110, 111, 114, 109, 97, 108, 34, 10, 32, 32, 32, 32, 125, 44, 10, 32, 32, 32, 32, 123, 10, 32, 32, 32, 32, 32, 32, 34, 114, 101, 102, 95, 116, 121, 112, 101, 34, 58, 32, 34, 114, 101, 115, 117, 108, 116, 34, 44, 10, 32, 32, 32, 32, 32, 32, 34, 114, 101, 102, 95, 105, 100, 34, 58, 32, 34, 114, 101, 115, 117, 108, 116, 58, 99, 111, 109, 98, 105, 110, 97, 116, 105, 111, 110, 58, 99, 111, 109, 98, 105, 110, 97, 116, 105, 111, 110, 45, 67, 45, 79, 80, 69, 82, 45, 65, 76, 84, 58, 115, 116, 114, 101, 115, 115, 58, 112, 105, 112, 101, 45, 80, 45, 49, 48, 48, 58, 113, 117, 97, 114, 116, 101, 114, 45, 51, 58, 98, 101, 110, 100, 105, 110, 103, 45, 110, 111, 114, 109, 97, 108, 45, 121, 34, 10, 32, 32, 32, 32, 125, 44, 10, 32, 32, 32, 32, 123, 10, 32, 32, 32, 32, 32, 32, 34, 114, 101, 102, 95, 116, 121, 112, 101, 34, 58, 32, 34, 114, 101, 115, 117, 108, 116, 34, 44, 10, 32, 32, 32, 32, 32, 32, 34, 114, 101, 102, 95, 105, 100, 34, 58, 32, 34, 114, 101, 115, 117, 108, 116, 58, 99, 111, 109, 98, 105, 110, 97, 116, 105, 111, 110, 58, 99, 111, 109, 98, 105, 110, 97, 116, 105, 111, 110, 45, 67, 45, 79, 80, 69, 82, 45, 65, 76, 84, 58, 115, 116, 114, 101, 115, 115, 58, 112, 105, 112, 101, 45, 80, 45, 49, 48, 48, 58, 113, 117, 97, 114, 116, 101, 114, 45, 51, 58, 98, 101, 110, 100, 105, 110, 103, 45, 110, 111, 114, 109, 97, 108, 45, 122, 34, 10, 32, 32, 32, 32, 125, 44, 10, 32, 32, 32, 32, 123, 10, 32, 32, 32, 32, 32, 32, 34, 114, 101, 102, 95, 116, 121, 112, 101, 34, 58, 32, 34, 114, 101, 115, 117, 108, 116, 34, 44, 10, 32, 32, 32, 32, 32, 32, 34, 114, 101, 102, 95, 105, 100, 34, 58, 32, 34, 114, 101, 115, 117, 108, 116, 58, 99, 111, 109, 98, 105, 110, 97, 116, 105, 111, 110, 58, 99, 111, 109, 98, 105, 110, 97, 116, 105, 111, 110, 45, 67, 45, 79, 80, 69, 82, 45, 65, 76, 84, 58, 115, 116, 114, 101, 115, 115, 58, 112, 105, 112, 101, 45, 80, 45, 49, 48, 48, 58, 113, 117, 97, 114, 116, 101, 114, 45, 51, 58, 116, 111, 114, 115, 105, 111, 110, 97, 108, 45, 115, 104, 101, 97, 114, 34, 10, 32, 32, 32, 32, 125, 44, 10, 32, 32, 32, 32, 123, 10, 32, 32, 32, 32, 32, 32, 34, 114, 101, 102, 95, 116, 121, 112, 101, 34, 58, 32, 34, 114, 101, 115, 117, 108, 116, 34, 44, 10, 32, 32, 32, 32, 32, 32, 34, 114, 101, 102, 95, 105, 100, 34, 58, 32, 34, 114, 101, 115, 117, 108, 116, 58, 99, 111, 109, 98, 105, 110, 97, 116, 105, 111, 110, 58, 99, 111, 109, 98, 105, 110, 97, 116, 105, 111, 110, 45, 67, 45, 79, 80, 69, 82, 45, 65, 76, 84, 58, 115, 116, 114, 101, 115, 115, 58, 112, 105, 112, 101, 45, 80, 45, 49, 49, 48, 58, 101, 110, 100, 45, 105, 58, 97, 120, 105, 97, 108, 45, 110, 111, 114, 109, 97, 108, 34, 10, 32, 32, 32, 32, 125, 44, 10, 32, 32, 32, 32, 123, 10, 32, 32, 32, 32, 32, 32, 34, 114, 101, 102, 95, 116, 121, 112, 101, 34, 58, 32, 34, 114, 101, 115, 117, 108, 116, 34, 44, 10, 32, 32, 32, 32, 32, 32, 34, 114, 101, 102, 95, 105, 100, 34, 58, 32, 34, 114, 101, 115, 117, 108, 116, 58, 99, 111, 109, 98, 105, 110, 97, 116, 105, 111, 110, 58, 99, 111, 109, 98, 105, 110, 97, 116, 105, 111, 110, 45, 67, 45, 79, 80, 69, 82, 45, 65, 76, 84, 58, 115, 116, 114, 101, 115, 115, 58, 112, 105, 112, 101, 45, 80, 45, 49, 49, 48, 58, 101, 110, 100, 45, 105, 58, 98, 101, 110, 100, 105, 110, 103, 45, 110, 111, 114, 109, 97, 108, 45, 121, 34, 10, 32, 32, 32, 32, 125, 44, 10, 32, 32, 32, 32, 123, 10, 32, 32, 32, 32, 32, 32, 34, 114, 101, 102, 95, 116, 121, 112, 101, 34, 58, 32, 34, 114, 101, 115, 117, 108, 116, 34, 44, 10, 32, 32, 32, 32, 32, 32, 34, 114, 101, 102, 95, 105, 100, 34, 58, 32, 34, 114, 101, 115, 117, 108, 116, 58, 99, 111, 109, 98, 105, 110, 97, 116, 105, 111, 110, 58, 99, 111, 109, 98, 105, 110, 97, 116, 105, 111, 110, 45, 67, 45, 79, 80, 69, 82, 45, 65, 76, 84, 58, 115, 116, 114, 101, 115, 115, 58, 112, 105, 112, 101, 45, 80, 45, 49, 49, 48, 58, 101, 110, 100, 45, 105, 58, 98, 101, 110, 100, 105, 110, 103, 45, 110, 111, 114, 109, 97, 108, 45, 122, 34, 10, 32, 32, 32, 32, 125, 44, 10, 32, 32, 32, 32, 123, 10, 32, 32, 32, 32, 32, 32, 34, 114, 101, 102, 95, 116, 121, 112, 101, 34, 58, 32, 34, 114, 101, 115, 117, 108, 116, 34, 44, 10, 32, 32, 32, 32, 32, 32, 34, 114, 101, 102, 95, 105, 100, 34, 58, 32, 34, 114, 101, 115, 117, 108, 116, 58, 99, 111, 109, 98, 105, 110, 97, 116, 105, 111, 110, 58, 99, 111, 109, 98, 105, 110, 97, 116, 105, 111, 110, 45, 67, 45, 79, 80, 69, 82, 45, 65, 76, 84, 58, 115, 116, 114, 101, 115, 115, 58, 112, 105, 112, 101, 45, 80, 45, 49, 49, 48, 58, 101, 110, 100, 45, 105, 58, 116, 111, 114, 115, 105, 111, 110, 97, 108, 45, 115, 104, 101, 97, 114, 34, 10, 32, 32, 32, 32, 125, 44, 10, 32, 32, 32, 32, 123, 10, 32, 32, 32, 32, 32, 32, 34, 114, 101, 102, 95, 116, 121, 112, 101, 34, 58, 32, 34, 114, 101, 115, 117, 108, 116, 34, 44, 10, 32, 32, 32, 32, 32, 32, 34, 114, 101, 102, 95, 105, 100, 34, 58, 32, 34, 114, 101, 115, 117, 108, 116, 58, 99, 111, 109, 98, 105, 110, 97, 116, 105, 111, 110, 58, 99, 111, 109, 98, 105, 110, 97, 116, 105, 111, 110, 45, 67, 45, 79, 80, 69, 82, 45, 65, 76, 84, 58, 115, 116, 114, 101, 115, 115, 58, 112, 105, 112, 101, 45, 80, 45, 49, 49, 48, 58, 101, 110, 100, 45, 106, 58, 97, 120, 105, 97, 108, 45, 110, 111, 114, 109, 97, 108, 34, 10, 32, 32, 32, 32, 125, 44, 10, 32, 32, 32, 32, 123, 10, 32, 32, 32, 32, 32, 32, 34, 114, 101, 102, 95, 116, 121, 112, 101, 34, 58, 32, 34, 114, 101, 115, 117, 108, 116, 34, 44, 10, 32, 32, 32, 32, 32, 32, 34, 114, 101, 102, 95, 105, 100, 34, 58, 32, 34, 114, 101, 115, 117, 108, 116, 58, 99, 111, 109, 98, 105, 110, 97, 116, 105, 111, 110, 58, 99, 111, 109, 98, 105, 110, 97, 116, 105, 111, 110, 45, 67, 45, 79, 80, 69, 82, 45, 65, 76, 84, 58, 115, 116, 114, 101, 115, 115, 58, 112, 105, 112, 101, 45, 80, 45, 49, 49, 48, 58, 101, 110, 100, 45, 106, 58, 98, 101, 110, 100, 105, 110, 103, 45, 110, 111, 114, 109, 97, 108, 45, 121, 34, 10, 32, 32, 32, 32, 125, 44, 10, 32, 32, 32, 32, 123, 10, 32, 32, 32, 32, 32, 32, 34, 114, 101, 102, 95, 116, 121, 112, 101, 34, 58, 32, 34, 114, 101, 115, 117, 108, 116, 34, 44, 10, 32, 32, 32, 32, 32, 32, 34, 114, 101, 102, 95, 105, 100, 34, 58, 32, 34, 114, 101, 115, 117, 108, 116, 58, 99, 111, 109, 98, 105, 110, 97, 116, 105, 111, 110, 58, 99, 111, 109, 98, 105, 110, 97, 116, 105, 111, 110, 45, 67, 45, 79, 80, 69, 82, 45, 65, 76, 84, 58, 115, 116, 114, 101, 115, 115, 58, 112, 105, 112, 101, 45, 80, 45, 49, 49, 48, 58, 101, 110, 100, 45, 106, 58, 98, 101, 110, 100, 105, 110, 103, 45, 110, 111, 114, 109, 97, 108, 45, 122, 34, 10, 32, 32, 32, 32, 125, 44, 10, 32, 32, 32, 32, 123, 10, 32, 32, 32, 32, 32, 32, 34, 114, 101, 102, 95, 116, 121, 112, 101, 34, 58, 32, 34, 114, 101, 115, 117, 108, 116, 34, 44, 10, 32, 32, 32, 32, 32, 32, 34, 114, 101, 102, 95, 105, 100, 34, 58, 32, 34, 114, 101, 115, 117, 108, 116, 58, 99, 111, 109, 98, 105, 110, 97, 116, 105, 111, 110, 58, 99, 111, 109, 98, 105, 110, 97, 116, 105, 111, 110, 45, 67, 45, 79, 80, 69, 82, 45, 65, 76, 84, 58, 115, 116, 114, 101, 115, 115, 58, 112, 105, 112, 101, 45, 80, 45, 49, 49, 48, 58, 101, 110, 100, 45, 106, 58, 116, 111, 114, 115, 105, 111, 110, 97, 108, 45, 115, 104, 101, 97, 114, 34, 10, 32, 32, 32, 32, 125, 44, 10, 32, 32, 32, 32, 123, 10, 32, 32, 32, 32, 32, 32, 34, 114, 101, 102, 95, 116, 121, 112, 101, 34, 58, 32, 34, 114, 101, 115, 117, 108, 116, 34, 44, 10, 32, 32, 32, 32, 32, 32, 34, 114, 101, 102, 95, 105, 100, 34, 58, 32, 34, 114, 101, 115, 117, 108, 116, 58, 99, 111, 109, 98, 105, 110, 97, 116, 105, 111, 110, 58, 99, 111, 109, 98, 105, 110, 97, 116, 105, 111, 110, 45, 67, 45, 79, 80, 69, 82, 45, 65, 76, 84, 58, 115, 116, 114, 101, 115, 115, 58, 112, 105, 112, 101, 45, 80, 45, 49, 49, 48, 58, 109, 105, 100, 115, 112, 97, 110, 58, 97, 120, 105, 97, 108, 45, 110, 111, 114, 109, 97, 108, 34, 10, 32, 32, 32, 32, 125, 44, 10, 32, 32, 32, 32, 123, 10, 32, 32, 32, 32, 32, 32, 34, 114, 101, 102, 95, 116, 121, 112, 101, 34, 58, 32, 34, 114, 101, 115, 117, 108, 116, 34, 44, 10, 32, 32, 32, 32, 32, 32, 34, 114, 101, 102, 95, 105, 100, 34, 58, 32, 34, 114, 101, 115, 117, 108, 116, 58, 99, 111, 109, 98, 105, 110, 97, 116, 105, 111, 110, 58, 99, 111, 109, 98, 105, 110, 97, 116, 105, 111, 110, 45, 67, 45, 79, 80, 69, 82, 45, 65, 76, 84, 58, 115, 116, 114, 101, 115, 115, 58, 112, 105, 112, 101, 45, 80, 45, 49, 49, 48, 58, 109, 105, 100, 115, 112, 97, 110, 58, 98, 101, 110, 100, 105, 110, 103, 45, 110, 111, 114, 109, 97, 108, 45, 121, 34, 10, 32, 32, 32, 32, 125, 44, 10, 32, 32, 32, 32, 123, 10, 32, 32, 32, 32, 32, 32, 34, 114, 101, 102, 95, 116, 121, 112, 101, 34, 58, 32, 34, 114, 101, 115, 117, 108, 116, 34, 44, 10, 32, 32, 32, 32, 32, 32, 34, 114, 101, 102, 95, 105, 100, 34, 58, 32, 34, 114, 101, 115, 117, 108, 116, 58, 99, 111, 109, 98, 105, 110, 97, 116, 105, 111, 110, 58, 99, 111, 109, 98, 105, 110, 97, 116, 105, 111, 110, 45, 67, 45, 79, 80, 69, 82, 45, 65, 76, 84, 58, 115, 116, 114, 101, 115, 115, 58, 112, 105, 112, 101, 45, 80, 45, 49, 49, 48, 58, 109, 105, 100, 115, 112, 97, 110, 58, 98, 101, 110, 100, 105, 110, 103, 45, 110, 111, 114, 109, 97, 108, 45, 122, 34, 10, 32, 32, 32, 32, 125, 44, 10, 32, 32, 32, 32, 123, 10, 32, 32, 32, 32, 32, 32, 34, 114, 101, 102, 95, 116, 121, 112, 101, 34, 58, 32, 34, 114, 101, 115, 117, 108, 116, 34, 44, 10, 32, 32, 32, 32, 32, 32, 34, 114, 101, 102, 95, 105, 100, 34, 58, 32, 34, 114, 101, 115, 117, 108, 116, 58, 99, 111, 109, 98, 105, 110, 97, 116, 105, 111, 110, 58, 99, 111, 109, 98, 105, 110, 97, 116, 105, 111, 110, 45, 67, 45, 79, 80, 69, 82, 45, 65, 76, 84, 58, 115, 116, 114, 101, 115, 115, 58, 112, 105, 112, 101, 45, 80, 45, 49, 49, 48, 58, 109, 105, 100, 115, 112, 97, 110, 58, 116, 111, 114, 115, 105, 111, 110, 97, 108, 45, 115, 104, 101, 97, 114, 34, 10, 32, 32, 32, 32, 125, 44, 10, 32, 32, 32, 32, 123, 10, 32, 32, 32, 32, 32, 32, 34, 114, 101, 102, 95, 116, 121, 112, 101, 34, 58, 32, 34, 114, 101, 115, 117, 108, 116, 34, 44, 10, 32, 32, 32, 32, 32, 32, 34, 114, 101, 102, 95, 105, 100, 34, 58, 32, 34, 114, 101, 115, 117, 108, 116, 58, 99, 111, 109, 98, 105, 110, 97, 116, 105, 111, 110, 58, 99, 111, 109, 98, 105, 110, 97, 116, 105, 111, 110, 45, 67, 45, 79, 80, 69, 82, 45, 65, 76, 84, 58, 115, 116, 114, 101, 115, 115, 58, 112, 105, 112, 101, 45, 80, 45, 49, 49, 48, 58, 113, 117, 97, 114, 116, 101, 114, 45, 49, 58, 97, 120, 105, 97, 108, 45, 110, 111, 114, 109, 97, 108, 34, 10, 32, 32, 32, 32, 125, 44, 10, 32, 32, 32, 32, 123, 10, 32, 32, 32, 32, 32, 32, 34, 114, 101, 102, 95, 116, 121, 112, 101, 34, 58, 32, 34, 114, 101, 115, 117, 108, 116, 34, 44, 10, 32, 32, 32, 32, 32, 32, 34, 114, 101, 102, 95, 105, 100, 34, 58, 32, 34, 114, 101, 115, 117, 108, 116, 58, 99, 111, 109, 98, 105, 110, 97, 116, 105, 111, 110, 58, 99, 111, 109, 98, 105, 110, 97, 116, 105, 111, 110, 45, 67, 45, 79, 80, 69, 82, 45, 65, 76, 84, 58, 115, 116, 114, 101, 115, 115, 58, 112, 105, 112, 101, 45, 80, 45, 49, 49, 48, 58, 113, 117, 97, 114, 116, 101, 114, 45, 49, 58, 98, 101, 110, 100, 105, 110, 103, 45, 110, 111, 114, 109, 97, 108, 45, 121, 34, 10, 32, 32, 32, 32, 125, 44, 10, 32, 32, 32, 32, 123, 10, 32, 32, 32, 32, 32, 32, 34, 114, 101, 102, 95, 116, 121, 112, 101, 34, 58, 32, 34, 114, 101, 115, 117, 108, 116, 34, 44, 10, 32, 32, 32, 32, 32, 32, 34, 114, 101, 102, 95, 105, 100, 34, 58, 32, 34, 114, 101, 115, 117, 108, 116, 58, 99, 111, 109, 98, 105, 110, 97, 116, 105, 111, 110, 58, 99, 111, 109, 98, 105, 110, 97, 116, 105, 111, 110, 45, 67, 45, 79, 80, 69, 82, 45, 65, 76, 84, 58, 115, 116, 114, 101, 115, 115, 58, 112, 105, 112, 101, 45, 80, 45, 49, 49, 48, 58, 113, 117, 97, 114, 116, 101, 114, 45, 49, 58, 98, 101, 110, 100, 105, 110, 103, 45, 110, 111, 114, 109, 97, 108, 45, 122, 34, 10, 32, 32, 32, 32, 125, 44, 10, 32, 32, 32, 32, 123, 10, 32, 32, 32, 32, 32, 32, 34, 114, 101, 102, 95, 116, 121, 112, 101, 34, 58, 32, 34, 114, 101, 115, 117, 108, 116, 34, 44, 10, 32, 32, 32, 32, 32, 32, 34, 114, 101, 102, 95, 105, 100, 34, 58, 32, 34, 114, 101, 115, 117, 108, 116, 58, 99, 111, 109, 98, 105, 110, 97, 116, 105, 111, 110, 58, 99, 111, 109, 98, 105, 110, 97, 116, 105, 111, 110, 45, 67, 45, 79, 80, 69, 82, 45, 65, 76, 84, 58, 115, 116, 114, 101, 115, 115, 58, 112, 105, 112, 101, 45, 80, 45, 49, 49, 48, 58, 113, 117, 97, 114, 116, 101, 114, 45, 49, 58, 116, 111, 114, 115, 105, 111, 110, 97, 108, 45, 115, 104, 101, 97, 114, 34, 10, 32, 32, 32, 32, 125, 44, 10, 32, 32, 32, 32, 123, 10, 32, 32, 32, 32, 32, 32, 34, 114, 101, 102, 95, 116, 121, 112, 101, 34, 58, 32, 34, 114, 101, 115, 117, 108, 116, 34, 44, 10, 32, 32, 32, 32, 32, 32, 34, 114, 101, 102, 95, 105, 100, 34, 58, 32, 34, 114, 101, 115, 117, 108, 116, 58, 99, 111, 109, 98, 105, 110, 97, 116, 105, 111, 110, 58, 99, 111, 109, 98, 105, 110, 97, 116, 105, 111, 110, 45, 67, 45, 79, 80, 69, 82, 45, 65, 76, 84, 58, 115, 116, 114, 101, 115, 115, 58, 112, 105, 112, 101, 45, 80, 45, 49, 49, 48, 58, 113, 117, 97, 114, 116, 101, 114, 45, 51, 58, 97, 120, 105, 97, 108, 45, 110, 111, 114, 109, 97, 108, 34, 10, 32, 32, 32, 32, 125, 44, 10, 32, 32, 32, 32, 123, 10, 32, 32, 32, 32, 32, 32, 34, 114, 101, 102, 95, 116, 121, 112, 101, 34, 58, 32, 34, 114, 101, 115, 117, 108, 116, 34, 44, 10, 32, 32, 32, 32, 32, 32, 34, 114, 101, 102, 95, 105, 100, 34, 58, 32, 34, 114, 101, 115, 117, 108, 116, 58, 99, 111, 109, 98, 105, 110, 97, 116, 105, 111, 110, 58, 99, 111, 109, 98, 105, 110, 97, 116, 105, 111, 110, 45, 67, 45, 79, 80, 69, 82, 45, 65, 76, 84, 58, 115, 116, 114, 101, 115, 115, 58, 112, 105, 112, 101, 45, 80, 45, 49, 49, 48, 58, 113, 117, 97, 114, 116, 101, 114, 45, 51, 58, 98, 101, 110, 100, 105, 110, 103, 45, 110, 111, 114, 109, 97, 108, 45, 121, 34, 10, 32, 32, 32, 32, 125, 44, 10, 32, 32, 32, 32, 123, 10, 32, 32, 32, 32, 32, 32, 34, 114, 101, 102, 95, 116, 121, 112, 101, 34, 58, 32, 34, 114, 101, 115, 117, 108, 116, 34, 44, 10, 32, 32, 32, 32, 32, 32, 34, 114, 101, 102, 95, 105, 100, 34, 58, 32, 34, 114, 101, 115, 117, 108, 116, 58, 99, 111, 109, 98, 105, 110, 97, 116, 105, 111, 110, 58, 99, 111, 109, 98, 105, 110, 97, 116, 105, 111, 110, 45, 67, 45, 79, 80, 69, 82, 45, 65, 76, 84, 58, 115, 116, 114, 101, 115, 115, 58, 112, 105, 112, 101, 45, 80, 45, 49, 49, 48, 58, 113, 117, 97, 114, 116, 101, 114, 45, 51, 58, 98, 101, 110, 100, 105, 110, 103, 45, 110, 111, 114, 109, 97, 108, 45, 122, 34, 10, 32, 32, 32, 32, 125, 44, 10, 32, 32, 32, 32, 123, 10, 32, 32, 32, 32, 32, 32, 34, 114, 101, 102, 95, 116, 121, 112, 101, 34, 58, 32, 34, 114, 101, 115, 117, 108, 116, 34, 44, 10, 32, 32, 32, 32, 32, 32, 34, 114, 101, 102, 95, 105, 100, 34, 58, 32, 34, 114, 101, 115, 117, 108, 116, 58, 99, 111, 109, 98, 105, 110, 97, 116, 105, 111, 110, 58, 99, 111, 109, 98, 105, 110, 97, 116, 105, 111, 110, 45, 67, 45, 79, 80, 69, 82, 45, 65, 76, 84, 58, 115, 116, 114, 101, 115, 115, 58, 112, 105, 112, 101, 45, 80, 45, 49, 49, 48, 58, 113, 117, 97, 114, 116, 101, 114, 45, 51, 58, 116, 111, 114, 115, 105, 111, 110, 97, 108, 45, 115, 104, 101, 97, 114, 34, 10, 32, 32, 32, 32, 125, 44, 10, 32, 32, 32, 32, 123, 10, 32, 32, 32, 32, 32, 32, 34, 114, 101, 102, 95, 116, 121, 112, 101, 34, 58, 32, 34, 114, 101, 115, 117, 108, 116, 34, 44, 10, 32, 32, 32, 32, 32, 32, 34, 114, 101, 102, 95, 105, 100, 34, 58, 32, 34, 114, 101, 115, 117, 108, 116, 58, 99, 111, 109, 98, 105, 110, 97, 116, 105, 111, 110, 58, 99, 111, 109, 98, 105, 110, 97, 116, 105, 111, 110, 45, 67, 45, 79, 80, 69, 82, 45, 65, 76, 84, 58, 115, 116, 114, 101, 115, 115, 58, 112, 105, 112, 101, 45, 80, 45, 49, 50, 48, 58, 101, 110, 100, 45, 105, 58, 97, 120, 105, 97, 108, 45, 110, 111, 114, 109, 97, 108, 34, 10, 32, 32, 32, 32, 125, 44, 10, 32, 32, 32, 32, 123, 10, 32, 32, 32, 32, 32, 32, 34, 114, 101, 102, 95, 116, 121, 112, 101, 34, 58, 32, 34, 114, 101, 115, 117, 108, 116, 34, 44, 10, 32, 32, 32, 32, 32, 32, 34, 114, 101, 102, 95, 105, 100, 34, 58, 32, 34, 114, 101, 115, 117, 108, 116, 58, 99, 111, 109, 98, 105, 110, 97, 116, 105, 111, 110, 58, 99, 111, 109, 98, 105, 110, 97, 116, 105, 111, 110, 45, 67, 45, 79, 80, 69, 82, 45, 65, 76, 84, 58, 115, 116, 114, 101, 115, 115, 58, 112, 105, 112, 101, 45, 80, 45, 49, 50, 48, 58, 101, 110, 100, 45, 105, 58, 98, 101, 110, 100, 105, 110, 103, 45, 110, 111, 114, 109, 97, 108, 45, 121, 34, 10, 32, 32, 32, 32, 125, 44, 10, 32, 32, 32, 32, 123, 10, 32, 32, 32, 32, 32, 32, 34, 114, 101, 102, 95, 116, 121, 112, 101, 34, 58, 32, 34, 114, 101, 115, 117, 108, 116, 34, 44, 10, 32, 32, 32, 32, 32, 32, 34, 114, 101, 102, 95, 105, 100, 34, 58, 32, 34, 114, 101, 115, 117, 108, 116, 58, 99, 111, 109, 98, 105, 110, 97, 116, 105, 111, 110, 58, 99, 111, 109, 98, 105, 110, 97, 116, 105, 111, 110, 45, 67, 45, 79, 80, 69, 82, 45, 65, 76, 84, 58, 115, 116, 114, 101, 115, 115, 58, 112, 105, 112, 101, 45, 80, 45, 49, 50, 48, 58, 101, 110, 100, 45, 105, 58, 98, 101, 110, 100, 105, 110, 103, 45, 110, 111, 114, 109, 97, 108, 45, 122, 34, 10, 32, 32, 32, 32, 125, 44, 10, 32, 32, 32, 32, 123, 10, 32, 32, 32, 32, 32, 32, 34, 114, 101, 102, 95, 116, 121, 112, 101, 34, 58, 32, 34, 114, 101, 115, 117, 108, 116, 34, 44, 10, 32, 32, 32, 32, 32, 32, 34, 114, 101, 102, 95, 105, 100, 34, 58, 32, 34, 114, 101, 115, 117, 108, 116, 58, 99, 111, 109, 98, 105, 110, 97, 116, 105, 111, 110, 58, 99, 111, 109, 98, 105, 110, 97, 116, 105, 111, 110, 45, 67, 45, 79, 80, 69, 82, 45, 65, 76, 84, 58, 115, 116, 114, 101, 115, 115, 58, 112, 105, 112, 101, 45, 80, 45, 49, 50, 48, 58, 101, 110, 100, 45, 105, 58, 112, 114, 101, 115, 115, 117, 114, 101, 45, 104, 111, 111, 112, 34, 10, 32, 32, 32, 32, 125, 44, 10, 32, 32, 32, 32, 123, 10, 32, 32, 32, 32, 32, 32, 34, 114, 101, 102, 95, 116, 121, 112, 101, 34, 58, 32, 34, 114, 101, 115, 117, 108, 116, 34, 44, 10, 32, 32, 32, 32, 32, 32, 34, 114, 101, 102, 95, 105, 100, 34, 58, 32, 34, 114, 101, 115, 117, 108, 116, 58, 99, 111, 109, 98, 105, 110, 97, 116, 105, 111, 110, 58, 99, 111, 109, 98, 105, 110, 97, 116, 105, 111, 110, 45, 67, 45, 79, 80, 69, 82, 45, 65, 76, 84, 58, 115, 116, 114, 101, 115, 115, 58, 112, 105, 112, 101, 45, 80, 45, 49, 50, 48, 58, 101, 110, 100, 45, 105, 58, 116, 111, 114, 115, 105, 111, 110, 97, 108, 45, 115, 104, 101, 97, 114, 34, 10, 32, 32, 32, 32, 125, 44, 10, 32, 32, 32, 32, 123, 10, 32, 32, 32, 32, 32, 32, 34, 114, 101, 102, 95, 116, 121, 112, 101, 34, 58, 32, 34, 114, 101, 115, 117, 108, 116, 34, 44, 10, 32, 32, 32, 32, 32, 32, 34, 114, 101, 102, 95, 105, 100, 34, 58, 32, 34, 114, 101, 115, 117, 108, 116, 58, 99, 111, 109, 98, 105, 110, 97, 116, 105, 111, 110, 58, 99, 111, 109, 98, 105, 110, 97, 116, 105, 111, 110, 45, 67, 45, 79, 80, 69, 82, 45, 65, 76, 84, 58, 115, 116, 114, 101, 115, 115, 58, 112, 105, 112, 101, 45, 80, 45, 49, 50, 48, 58, 101, 110, 100, 45, 106, 58, 97, 120, 105, 97, 108, 45, 110, 111, 114, 109, 97, 108, 34, 10, 32, 32, 32, 32, 125, 44, 10, 32, 32, 32, 32, 123, 10, 32, 32, 32, 32, 32, 32, 34, 114, 101, 102, 95, 116, 121, 112, 101, 34, 58, 32, 34, 114, 101, 115, 117, 108, 116, 34, 44, 10, 32, 32, 32, 32, 32, 32, 34, 114, 101, 102, 95, 105, 100, 34, 58, 32, 34, 114, 101, 115, 117, 108, 116, 58, 99, 111, 109, 98, 105, 110, 97, 116, 105, 111, 110, 58, 99, 111, 109, 98, 105, 110, 97, 116, 105, 111, 110, 45, 67, 45, 79, 80, 69, 82, 45, 65, 76, 84, 58, 115, 116, 114, 101, 115, 115, 58, 112, 105, 112, 101, 45, 80, 45, 49, 50, 48, 58, 101, 110, 100, 45, 106, 58, 98, 101, 110, 100, 105, 110, 103, 45, 110, 111, 114, 109, 97, 108, 45, 121, 34, 10, 32, 32, 32, 32, 125, 44, 10, 32, 32, 32, 32, 123, 10, 32, 32, 32, 32, 32, 32, 34, 114, 101, 102, 95, 116, 121, 112, 101, 34, 58, 32, 34, 114, 101, 115, 117, 108, 116, 34, 44, 10, 32, 32, 32, 32, 32, 32, 34, 114, 101, 102, 95, 105, 100, 34, 58, 32, 34, 114, 101, 115, 117, 108, 116, 58, 99, 111, 109, 98, 105, 110, 97, 116, 105, 111, 110, 58, 99, 111, 109, 98, 105, 110, 97, 116, 105, 111, 110, 45, 67, 45, 79, 80, 69, 82, 45, 65, 76, 84, 58, 115, 116, 114, 101, 115, 115, 58, 112, 105, 112, 101, 45, 80, 45, 49, 50, 48, 58, 101, 110, 100, 45, 106, 58, 98, 101, 110, 100, 105, 110, 103, 45, 110, 111, 114, 109, 97, 108, 45, 122, 34, 10, 32, 32, 32, 32, 125, 44, 10, 32, 32, 32, 32, 123, 10, 32, 32, 32, 32, 32, 32, 34, 114, 101, 102, 95, 116, 121, 112, 101, 34, 58, 32, 34, 114, 101, 115, 117, 108, 116, 34, 44, 10, 32, 32, 32, 32, 32, 32, 34, 114, 101, 102, 95, 105, 100, 34, 58, 32, 34, 114, 101, 115, 117, 108, 116, 58, 99, 111, 109, 98, 105, 110, 97, 116, 105, 111, 110, 58, 99, 111, 109, 98, 105, 110, 97, 116, 105, 111, 110, 45, 67, 45, 79, 80, 69, 82, 45, 65, 76, 84, 58, 115, 116, 114, 101, 115, 115, 58, 112, 105, 112, 101, 45, 80, 45, 49, 50, 48, 58, 101, 110, 100, 45, 106, 58, 112, 114, 101, 115, 115, 117, 114, 101, 45, 104, 111, 111, 112, 34, 10, 32, 32, 32, 32, 125, 44, 10, 32, 32, 32, 32, 123, 10, 32, 32, 32, 32, 32, 32, 34, 114, 101, 102, 95, 116, 121, 112, 101, 34, 58, 32, 34, 114, 101, 115, 117, 108, 116, 34, 44, 10, 32, 32, 32, 32, 32, 32, 34, 114, 101, 102, 95, 105, 100, 34, 58, 32, 34, 114, 101, 115, 117, 108, 116, 58, 99, 111, 109, 98, 105, 110, 97, 116, 105, 111, 110, 58, 99, 111, 109, 98, 105, 110, 97, 116, 105, 111, 110, 45, 67, 45, 79, 80, 69, 82, 45, 65, 76, 84, 58, 115, 116, 114, 101, 115, 115, 58, 112, 105, 112, 101, 45, 80, 45, 49, 50, 48, 58, 101, 110, 100, 45, 106, 58, 116, 111, 114, 115, 105, 111, 110, 97, 108, 45, 115, 104, 101, 97, 114, 34, 10, 32, 32, 32, 32, 125, 44, 10, 32, 32, 32, 32, 123, 10, 32, 32, 32, 32, 32, 32, 34, 114, 101, 102, 95, 116, 121, 112, 101, 34, 58, 32, 34, 114, 101, 115, 117, 108, 116, 34, 44, 10, 32, 32, 32, 32, 32, 32, 34, 114, 101, 102, 95, 105, 100, 34, 58, 32, 34, 114, 101, 115, 117, 108, 116, 58, 99, 111, 109, 98, 105, 110, 97, 116, 105, 111, 110, 58, 99, 111, 109, 98, 105, 110, 97, 116, 105, 111, 110, 45, 67, 45, 79, 80, 69, 82, 45, 65, 76, 84, 58, 115, 116, 114, 101, 115, 115, 58, 112, 105, 112, 101, 45, 80, 45, 49, 50, 48, 58, 109, 105, 100, 115, 112, 97, 110, 58, 97, 120, 105, 97, 108, 45, 110, 111, 114, 109, 97, 108, 34, 10, 32, 32, 32, 32, 125, 44, 10, 32, 32, 32, 32, 123, 10, 32, 32, 32, 32, 32, 32, 34, 114, 101, 102, 95, 116, 121, 112, 101, 34, 58, 32, 34, 114, 101, 115, 117, 108, 116, 34, 44, 10, 32, 32, 32, 32, 32, 32, 34, 114, 101, 102, 95, 105, 100, 34, 58, 32, 34, 114, 101, 115, 117, 108, 116, 58, 99, 111, 109, 98, 105, 110, 97, 116, 105, 111, 110, 58, 99, 111, 109, 98, 105, 110, 97, 116, 105, 111, 110, 45, 67, 45, 79, 80, 69, 82, 45, 65, 76, 84, 58, 115, 116, 114, 101, 115, 115, 58, 112, 105, 112, 101, 45, 80, 45, 49, 50, 48, 58, 109, 105, 100, 115, 112, 97, 110, 58, 98, 101, 110, 100, 105, 110, 103, 45, 110, 111, 114, 109, 97, 108, 45, 121, 34, 10, 32, 32, 32, 32, 125, 44, 10, 32, 32, 32, 32, 123, 10, 32, 32, 32, 32, 32, 32, 34, 114, 101, 102, 95, 116, 121, 112, 101, 34, 58, 32, 34, 114, 101, 115, 117, 108, 116, 34, 44, 10, 32, 32, 32, 32, 32, 32, 34, 114, 101, 102, 95, 105, 100, 34, 58, 32, 34, 114, 101, 115, 117, 108, 116, 58, 99, 111, 109, 98, 105, 110, 97, 116, 105, 111, 110, 58, 99, 111, 109, 98, 105, 110, 97, 116, 105, 111, 110, 45, 67, 45, 79, 80, 69, 82, 45, 65, 76, 84, 58, 115, 116, 114, 101, 115, 115, 58, 112, 105, 112, 101, 45, 80, 45, 49, 50, 48, 58, 109, 105, 100, 115, 112, 97, 110, 58, 98, 101, 110, 100, 105, 110, 103, 45, 110, 111, 114, 109, 97, 108, 45, 122, 34, 10, 32, 32, 32, 32, 125, 44, 10, 32, 32, 32, 32, 123, 10, 32, 32, 32, 32, 32, 32, 34, 114, 101, 102, 95, 116, 121, 112, 101, 34, 58, 32, 34, 114, 101, 115, 117, 108, 116, 34, 44, 10, 32, 32, 32, 32, 32, 32, 34, 114, 101, 102, 95, 105, 100, 34, 58, 32, 34, 114, 101, 115, 117, 108, 116, 58, 99, 111, 109, 98, 105, 110, 97, 116, 105, 111, 110, 58, 99, 111, 109, 98, 105, 110, 97, 116, 105, 111, 110, 45, 67, 45, 79, 80, 69, 82, 45, 65, 76, 84, 58, 115, 116, 114, 101, 115, 115, 58, 112, 105, 112, 101, 45, 80, 45, 49, 50, 48, 58, 109, 105, 100, 115, 112, 97, 110, 58, 112, 114, 101, 115, 115, 117, 114, 101, 45, 104, 111, 111, 112, 34, 10, 32, 32, 32, 32, 125, 44, 10, 32, 32, 32, 32, 123, 10, 32, 32, 32, 32, 32, 32, 34, 114, 101, 102, 95, 116, 121, 112, 101, 34, 58, 32, 34, 114, 101, 115, 117, 108, 116, 34, 44, 10, 32, 32, 32, 32, 32, 32, 34, 114, 101, 102, 95, 105, 100, 34, 58, 32, 34, 114, 101, 115, 117, 108, 116, 58, 99, 111, 109, 98, 105, 110, 97, 116, 105, 111, 110, 58, 99, 111, 109, 98, 105, 110, 97, 116, 105, 111, 110, 45, 67, 45, 79, 80, 69, 82, 45, 65, 76, 84, 58, 115, 116, 114, 101, 115, 115, 58, 112, 105, 112, 101, 45, 80, 45, 49, 50, 48, 58, 109, 105, 100, 115, 112, 97, 110, 58, 116, 111, 114, 115, 105, 111, 110, 97, 108, 45, 115, 104, 101, 97, 114, 34, 10, 32, 32, 32, 32, 125, 44, 10, 32, 32, 32, 32, 123, 10, 32, 32, 32, 32, 32, 32, 34, 114, 101, 102, 95, 116, 121, 112, 101, 34, 58, 32, 34, 114, 101, 115, 117, 108, 116, 34, 44, 10, 32, 32, 32, 32, 32, 32, 34, 114, 101, 102, 95, 105, 100, 34, 58, 32, 34, 114, 101, 115, 117, 108, 116, 58, 99, 111, 109, 98, 105, 110, 97, 116, 105, 111, 110, 58, 99, 111, 109, 98, 105, 110, 97, 116, 105, 111, 110, 45, 67, 45, 79, 80, 69, 82, 45, 65, 76, 84, 58, 115, 116, 114, 101, 115, 115, 58, 112, 105, 112, 101, 45, 80, 45, 49, 50, 48, 58, 113, 117, 97, 114, 116, 101, 114, 45, 49, 58, 97, 120, 105, 97, 108, 45, 110, 111, 114, 109, 97, 108, 34, 10, 32, 32, 32, 32, 125, 44, 10, 32, 32, 32, 32, 123, 10, 32, 32, 32, 32, 32, 32, 34, 114, 101, 102, 95, 116, 121, 112, 101, 34, 58, 32, 34, 114, 101, 115, 117, 108, 116, 34, 44, 10, 32, 32, 32, 32, 32, 32, 34, 114, 101, 102, 95, 105, 100, 34, 58, 32, 34, 114, 101, 115, 117, 108, 116, 58, 99, 111, 109, 98, 105, 110, 97, 116, 105, 111, 110, 58, 99, 111, 109, 98, 105, 110, 97, 116, 105, 111, 110, 45, 67, 45, 79, 80, 69, 82, 45, 65, 76, 84, 58, 115, 116, 114, 101, 115, 115, 58, 112, 105, 112, 101, 45, 80, 45, 49, 50, 48, 58, 113, 117, 97, 114, 116, 101, 114, 45, 49, 58, 98, 101, 110, 100, 105, 110, 103, 45, 110, 111, 114, 109, 97, 108, 45, 121, 34, 10, 32, 32, 32, 32, 125, 44, 10, 32, 32, 32, 32, 123, 10, 32, 32, 32, 32, 32, 32, 34, 114, 101, 102, 95, 116, 121, 112, 101, 34, 58, 32, 34, 114, 101, 115, 117, 108, 116, 34, 44, 10, 32, 32, 32, 32, 32, 32, 34, 114, 101, 102, 95, 105, 100, 34, 58, 32, 34, 114, 101, 115, 117, 108, 116, 58, 99, 111, 109, 98, 105, 110, 97, 116, 105, 111, 110, 58, 99, 111, 109, 98, 105, 110, 97, 116, 105, 111, 110, 45, 67, 45, 79, 80, 69, 82, 45, 65, 76, 84, 58, 115, 116, 114, 101, 115, 115, 58, 112, 105, 112, 101, 45, 80, 45, 49, 50, 48, 58, 113, 117, 97, 114, 116, 101, 114, 45, 49, 58, 98, 101, 110, 100, 105, 110, 103, 45, 110, 111, 114, 109, 97, 108, 45, 122, 34, 10, 32, 32, 32, 32, 125, 44, 10, 32, 32, 32, 32, 123, 10, 32, 32, 32, 32, 32, 32, 34, 114, 101, 102, 95, 116, 121, 112, 101, 34, 58, 32, 34, 114, 101, 115, 117, 108, 116, 34, 44, 10, 32, 32, 32, 32, 32, 32, 34, 114, 101, 102, 95, 105, 100, 34, 58, 32, 34, 114, 101, 115, 117, 108, 116, 58, 99, 111, 109, 98, 105, 110, 97, 116, 105, 111, 110, 58, 99, 111, 109, 98, 105, 110, 97, 116, 105, 111, 110, 45, 67, 45, 79, 80, 69, 82, 45, 65, 76, 84, 58, 115, 116, 114, 101, 115, 115, 58, 112, 105, 112, 101, 45, 80, 45, 49, 50, 48, 58, 113, 117, 97, 114, 116, 101, 114, 45, 49, 58, 112, 114, 101, 115, 115, 117, 114, 101, 45, 104, 111, 111, 112, 34, 10, 32, 32, 32, 32, 125, 44, 10, 32, 32, 32, 32, 123, 10, 32, 32, 32, 32, 32, 32, 34, 114, 101, 102, 95, 116, 121, 112, 101, 34, 58, 32, 34, 114, 101, 115, 117, 108, 116, 34, 44, 10, 32, 32, 32, 32, 32, 32, 34, 114, 101, 102, 95, 105, 100, 34, 58, 32, 34, 114, 101, 115, 117, 108, 116, 58, 99, 111, 109, 98, 105, 110, 97, 116, 105, 111, 110, 58, 99, 111, 109, 98, 105, 110, 97, 116, 105, 111, 110, 45, 67, 45, 79, 80, 69, 82, 45, 65, 76, 84, 58, 115, 116, 114, 101, 115, 115, 58, 112, 105, 112, 101, 45, 80, 45, 49, 50, 48, 58, 113, 117, 97, 114, 116, 101, 114, 45, 49, 58, 116, 111, 114, 115, 105, 111, 110, 97, 108, 45, 115, 104, 101, 97, 114, 34, 10, 32, 32, 32, 32, 125, 44, 10, 32, 32, 32, 32, 123, 10, 32, 32, 32, 32, 32, 32, 34, 114, 101, 102, 95, 116, 121, 112, 101, 34, 58, 32, 34, 114, 101, 115, 117, 108, 116, 34, 44, 10, 32, 32, 32, 32, 32, 32, 34, 114, 101, 102, 95, 105, 100, 34, 58, 32, 34, 114, 101, 115, 117, 108, 116, 58, 99, 111, 109, 98, 105, 110, 97, 116, 105, 111, 110, 58, 99, 111, 109, 98, 105, 110, 97, 116, 105, 111, 110, 45, 67, 45, 79, 80, 69, 82, 45, 65, 76, 84, 58, 115, 116, 114, 101, 115, 115, 58, 112, 105, 112, 101, 45, 80, 45, 49, 50, 48, 58, 113, 117, 97, 114, 116, 101, 114, 45, 51, 58, 97, 120, 105, 97, 108, 45, 110, 111, 114, 109, 97, 108, 34, 10, 32, 32, 32, 32, 125, 44, 10, 32, 32, 32, 32, 123, 10, 32, 32, 32, 32, 32, 32, 34, 114, 101, 102, 95, 116, 121, 112, 101, 34, 58, 32, 34, 114, 101, 115, 117, 108, 116, 34, 44, 10, 32, 32, 32, 32, 32, 32, 34, 114, 101, 102, 95, 105, 100, 34, 58, 32, 34, 114, 101, 115, 117, 108, 116, 58, 99, 111, 109, 98, 105, 110, 97, 116, 105, 111, 110, 58, 99, 111, 109, 98, 105, 110, 97, 116, 105, 111, 110, 45, 67, 45, 79, 80, 69, 82, 45, 65, 76, 84, 58, 115, 116, 114, 101, 115, 115, 58, 112, 105, 112, 101, 45, 80, 45, 49, 50, 48, 58, 113, 117, 97, 114, 116, 101, 114, 45, 51, 58, 98, 101, 110, 100, 105, 110, 103, 45, 110, 111, 114, 109, 97, 108, 45, 121, 34, 10, 32, 32, 32, 32, 125, 44, 10, 32, 32, 32, 32, 123, 10, 32, 32, 32, 32, 32, 32, 34, 114, 101, 102, 95, 116, 121, 112, 101, 34, 58, 32, 34, 114, 101, 115, 117, 108, 116, 34, 44, 10, 32, 32, 32, 32, 32, 32, 34, 114, 101, 102, 95, 105, 100, 34, 58, 32, 34, 114, 101, 115, 117, 108, 116, 58, 99, 111, 109, 98, 105, 110, 97, 116, 105, 111, 110, 58, 99, 111, 109, 98, 105, 110, 97, 116, 105, 111, 110, 45, 67, 45, 79, 80, 69, 82, 45, 65, 76, 84, 58, 115, 116, 114, 101, 115, 115, 58, 112, 105, 112, 101, 45, 80, 45, 49, 50, 48, 58, 113, 117, 97, 114, 116, 101, 114, 45, 51, 58, 98, 101, 110, 100, 105, 110, 103, 45, 110, 111, 114, 109, 97, 108, 45, 122, 34, 10, 32, 32, 32, 32, 125, 44, 10, 32, 32, 32, 32, 123, 10, 32, 32, 32, 32, 32, 32, 34, 114, 101, 102, 95, 116, 121, 112, 101, 34, 58, 32, 34, 114, 101, 115, 117, 108, 116, 34, 44, 10, 32, 32, 32, 32, 32, 32, 34, 114, 101, 102, 95, 105, 100, 34, 58, 32, 34, 114, 101, 115, 117, 108, 116, 58, 99, 111, 109, 98, 105, 110, 97, 116, 105, 111, 110, 58, 99, 111, 109, 98, 105, 110, 97, 116, 105, 111, 110, 45, 67, 45, 79, 80, 69, 82, 45, 65, 76, 84, 58, 115, 116, 114, 101, 115, 115, 58, 112, 105, 112, 101, 45, 80, 45, 49, 50, 48, 58, 113, 117, 97, 114, 116, 101, 114, 45, 51, 58, 112, 114, 101, 115, 115, 117, 114, 101, 45, 104, 111, 111, 112, 34, 10, 32, 32, 32, 32, 125, 44, 10, 32, 32, 32, 32, 123, 10, 32, 32, 32, 32, 32, 32, 34, 114, 101, 102, 95, 116, 121, 112, 101, 34, 58, 32, 34, 114, 101, 115, 117, 108, 116, 34, 44, 10, 32, 32, 32, 32, 32, 32, 34, 114, 101, 102, 95, 105, 100, 34, 58, 32, 34, 114, 101, 115, 117, 108, 116, 58, 99, 111, 109, 98, 105, 110, 97, 116, 105, 111, 110, 58, 99, 111, 109, 98, 105, 110, 97, 116, 105, 111, 110, 45, 67, 45, 79, 80, 69, 82, 45, 65, 76, 84, 58, 115, 116, 114, 101, 115, 115, 58, 112, 105, 112, 101, 45, 80, 45, 49, 50, 48, 58, 113, 117, 97, 114, 116, 101, 114, 45, 51, 58, 116, 111, 114, 115, 105, 111, 110, 97, 108, 45, 115, 104, 101, 97, 114, 34, 10, 32, 32, 32, 32, 125, 44, 10, 32, 32, 32, 32, 123, 10, 32, 32, 32, 32, 32, 32, 34, 114, 101, 102, 95, 116, 121, 112, 101, 34, 58, 32, 34, 114, 101, 115, 117, 108, 116, 34, 44, 10, 32, 32, 32, 32, 32, 32, 34, 114, 101, 102, 95, 105, 100, 34, 58, 32, 34, 114, 101, 115, 117, 108, 116, 58, 99, 111, 109, 98, 105, 110, 97, 116, 105, 111, 110, 58, 99, 111, 109, 98, 105, 110, 97, 116, 105, 111, 110, 45, 67, 45, 79, 80, 69, 82, 45, 65, 76, 84, 58, 115, 116, 114, 101, 115, 115, 58, 112, 105, 112, 101, 45, 80, 45, 49, 51, 48, 58, 101, 110, 100, 45, 105, 58, 97, 120, 105, 97, 108, 45, 110, 111, 114, 109, 97, 108, 34, 10, 32, 32, 32, 32, 125, 44, 10, 32, 32, 32, 32, 123, 10, 32, 32, 32, 32, 32, 32, 34, 114, 101, 102, 95, 116, 121, 112, 101, 34, 58, 32, 34, 114, 101, 115, 117, 108, 116, 34, 44, 10, 32, 32, 32, 32, 32, 32, 34, 114, 101, 102, 95, 105, 100, 34, 58, 32, 34, 114, 101, 115, 117, 108, 116, 58, 99, 111, 109, 98, 105, 110, 97, 116, 105, 111, 110, 58, 99, 111, 109, 98, 105, 110, 97, 116, 105, 111, 110, 45, 67, 45, 79, 80, 69, 82, 45, 65, 76, 84, 58, 115, 116, 114, 101, 115, 115, 58, 112, 105, 112, 101, 45, 80, 45, 49, 51, 48, 58, 101, 110, 100, 45, 105, 58, 98, 101, 110, 100, 105, 110, 103, 45, 110, 111, 114, 109, 97, 108, 45, 121, 34, 10, 32, 32, 32, 32, 125, 44, 10, 32, 32, 32, 32, 123, 10, 32, 32, 32, 32, 32, 32, 34, 114, 101, 102, 95, 116, 121, 112, 101, 34, 58, 32, 34, 114, 101, 115, 117, 108, 116, 34, 44, 10, 32, 32, 32, 32, 32, 32, 34, 114, 101, 102, 95, 105, 100, 34, 58, 32, 34, 114, 101, 115, 117, 108, 116, 58, 99, 111, 109, 98, 105, 110, 97, 116, 105, 111, 110, 58, 99, 111, 109, 98, 105, 110, 97, 116, 105, 111, 110, 45, 67, 45, 79, 80, 69, 82, 45, 65, 76, 84, 58, 115, 116, 114, 101, 115, 115, 58, 112, 105, 112, 101, 45, 80, 45, 49, 51, 48, 58, 101, 110, 100, 45, 105, 58, 98, 101, 110, 100, 105, 110, 103, 45, 110, 111, 114, 109, 97, 108, 45, 122, 34, 10, 32, 32, 32, 32, 125, 44, 10, 32, 32, 32, 32, 123, 10, 32, 32, 32, 32, 32, 32, 34, 114, 101, 102, 95, 116, 121, 112, 101, 34, 58, 32, 34, 114, 101, 115, 117, 108, 116, 34, 44, 10, 32, 32, 32, 32, 32, 32, 34, 114, 101, 102, 95, 105, 100, 34, 58, 32, 34, 114, 101, 115, 117, 108, 116, 58, 99, 111, 109, 98, 105, 110, 97, 116, 105, 111, 110, 58, 99, 111, 109, 98, 105, 110, 97, 116, 105, 111, 110, 45, 67, 45, 79, 80, 69, 82, 45, 65, 76, 84, 58, 115, 116, 114, 101, 115, 115, 58, 112, 105, 112, 101, 45, 80, 45, 49, 51, 48, 58, 101, 110, 100, 45, 105, 58, 112, 114, 101, 115, 115, 117, 114, 101, 45, 104, 111, 111, 112, 34, 10, 32, 32, 32, 32, 125, 44, 10, 32, 32, 32, 32, 123, 10, 32, 32, 32, 32, 32, 32, 34, 114, 101, 102, 95, 116, 121, 112, 101, 34, 58, 32, 34, 114, 101, 115, 117, 108, 116, 34, 44, 10, 32, 32, 32, 32, 32, 32, 34, 114, 101, 102, 95, 105, 100, 34, 58, 32, 34, 114, 101, 115, 117, 108, 116, 58, 99, 111, 109, 98, 105, 110, 97, 116, 105, 111, 110, 58, 99, 111, 109, 98, 105, 110, 97, 116, 105, 111, 110, 45, 67, 45, 79, 80, 69, 82, 45, 65, 76, 84, 58, 115, 116, 114, 101, 115, 115, 58, 112, 105, 112, 101, 45, 80, 45, 49, 51, 48, 58, 101, 110, 100, 45, 105, 58, 116, 111, 114, 115, 105, 111, 110, 97, 108, 45, 115, 104, 101, 97, 114, 34, 10, 32, 32, 32, 32, 125, 44, 10, 32, 32, 32, 32, 123, 10, 32, 32, 32, 32, 32, 32, 34, 114, 101, 102, 95, 116, 121, 112, 101, 34, 58, 32, 34, 114, 101, 115, 117, 108, 116, 34, 44, 10, 32, 32, 32, 32, 32, 32, 34, 114, 101, 102, 95, 105, 100, 34, 58, 32, 34, 114, 101, 115, 117, 108, 116, 58, 99, 111, 109, 98, 105, 110, 97, 116, 105, 111, 110, 58, 99, 111, 109, 98, 105, 110, 97, 116, 105, 111, 110, 45, 67, 45, 79, 80, 69, 82, 45, 65, 76, 84, 58, 115, 116, 114, 101, 115, 115, 58, 112, 105, 112, 101, 45, 80, 45, 49, 51, 48, 58, 101, 110, 100, 45, 106, 58, 97, 120, 105, 97, 108, 45, 110, 111, 114, 109, 97, 108, 34, 10, 32, 32, 32, 32, 125, 44, 10, 32, 32, 32, 32, 123, 10, 32, 32, 32, 32, 32, 32, 34, 114, 101, 102, 95, 116, 121, 112, 101, 34, 58, 32, 34, 114, 101, 115, 117, 108, 116, 34, 44, 10, 32, 32, 32, 32, 32, 32, 34, 114, 101, 102, 95, 105, 100, 34, 58, 32, 34, 114, 101, 115, 117, 108, 116, 58, 99, 111, 109, 98, 105, 110, 97, 116, 105, 111, 110, 58, 99, 111, 109, 98, 105, 110, 97, 116, 105, 111, 110, 45, 67, 45, 79, 80, 69, 82, 45, 65, 76, 84, 58, 115, 116, 114, 101, 115, 115, 58, 112, 105, 112, 101, 45, 80, 45, 49, 51, 48, 58, 101, 110, 100, 45, 106, 58, 98, 101, 110, 100, 105, 110, 103, 45, 110, 111, 114, 109, 97, 108, 45, 121, 34, 10, 32, 32, 32, 32, 125, 44, 10, 32, 32, 32, 32, 123, 10, 32, 32, 32, 32, 32, 32, 34, 114, 101, 102, 95, 116, 121, 112, 101, 34, 58, 32, 34, 114, 101, 115, 117, 108, 116, 34, 44, 10, 32, 32, 32, 32, 32, 32, 34, 114, 101, 102, 95, 105, 100, 34, 58, 32, 34, 114, 101, 115, 117, 108, 116, 58, 99, 111, 109, 98, 105, 110, 97, 116, 105, 111, 110, 58, 99, 111, 109, 98, 105, 110, 97, 116, 105, 111, 110, 45, 67, 45, 79, 80, 69, 82, 45, 65, 76, 84, 58, 115, 116, 114, 101, 115, 115, 58, 112, 105, 112, 101, 45, 80, 45, 49, 51, 48, 58, 101, 110, 100, 45, 106, 58, 98, 101, 110, 100, 105, 110, 103, 45, 110, 111, 114, 109, 97, 108, 45, 122, 34, 10, 32, 32, 32, 32, 125, 44, 10, 32, 32, 32, 32, 123, 10, 32, 32, 32, 32, 32, 32, 34, 114, 101, 102, 95, 116, 121, 112, 101, 34, 58, 32, 34, 114, 101, 115, 117, 108, 116, 34, 44, 10, 32, 32, 32, 32, 32, 32, 34, 114, 101, 102, 95, 105, 100, 34, 58, 32, 34, 114, 101, 115, 117, 108, 116, 58, 99, 111, 109, 98, 105, 110, 97, 116, 105, 111, 110, 58, 99, 111, 109, 98, 105, 110, 97, 116, 105, 111, 110, 45, 67, 45, 79, 80, 69, 82, 45, 65, 76, 84, 58, 115, 116, 114, 101, 115, 115, 58, 112, 105, 112, 101, 45, 80, 45, 49, 51, 48, 58, 101, 110, 100, 45, 106, 58, 112, 114, 101, 115, 115, 117, 114, 101, 45, 104, 111, 111, 112, 34, 10, 32, 32, 32, 32, 125, 44, 10, 32, 32, 32, 32, 123, 10, 32, 32, 32, 32, 32, 32, 34, 114, 101, 102, 95, 116, 121, 112, 101, 34, 58, 32, 34, 114, 101, 115, 117, 108, 116, 34, 44, 10, 32, 32, 32, 32, 32, 32, 34, 114, 101, 102, 95, 105, 100, 34, 58, 32, 34, 114, 101, 115, 117, 108, 116, 58, 99, 111, 109, 98, 105, 110, 97, 116, 105, 111, 110, 58, 99, 111, 109, 98, 105, 110, 97, 116, 105, 111, 110, 45, 67, 45, 79, 80, 69, 82, 45, 65, 76, 84, 58, 115, 116, 114, 101, 115, 115, 58, 112, 105, 112, 101, 45, 80, 45, 49, 51, 48, 58, 101, 110, 100, 45, 106, 58, 116, 111, 114, 115, 105, 111, 110, 97, 108, 45, 115, 104, 101, 97, 114, 34, 10, 32, 32, 32, 32, 125, 44, 10, 32, 32, 32, 32, 123, 10, 32, 32, 32, 32, 32, 32, 34, 114, 101, 102, 95, 116, 121, 112, 101, 34, 58, 32, 34, 114, 101, 115, 117, 108, 116, 34, 44, 10, 32, 32, 32, 32, 32, 32, 34, 114, 101, 102, 95, 105, 100, 34, 58, 32, 34, 114, 101, 115, 117, 108, 116, 58, 99, 111, 109, 98, 105, 110, 97, 116, 105, 111, 110, 58, 99, 111, 109, 98, 105, 110, 97, 116, 105, 111, 110, 45, 67, 45, 79, 80, 69, 82, 45, 65, 76, 84, 58, 115, 116, 114, 101, 115, 115, 58, 112, 105, 112, 101, 45, 80, 45, 49, 51, 48, 58, 109, 105, 100, 115, 112, 97, 110, 58, 97, 120, 105, 97, 108, 45, 110, 111, 114, 109, 97, 108, 34, 10, 32, 32, 32, 32, 125, 44, 10, 32, 32, 32, 32, 123, 10, 32, 32, 32, 32, 32, 32, 34, 114, 101, 102, 95, 116, 121, 112, 101, 34, 58, 32, 34, 114, 101, 115, 117, 108, 116, 34, 44, 10, 32, 32, 32, 32, 32, 32, 34, 114, 101, 102, 95, 105, 100, 34, 58, 32, 34, 114, 101, 115, 117, 108, 116, 58, 99, 111, 109, 98, 105, 110, 97, 116, 105, 111, 110, 58, 99, 111, 109, 98, 105, 110, 97, 116, 105, 111, 110, 45, 67, 45, 79, 80, 69, 82, 45, 65, 76, 84, 58, 115, 116, 114, 101, 115, 115, 58, 112, 105, 112, 101, 45, 80, 45, 49, 51, 48, 58, 109, 105, 100, 115, 112, 97, 110, 58, 98, 101, 110, 100, 105, 110, 103, 45, 110, 111, 114, 109, 97, 108, 45, 121, 34, 10, 32, 32, 32, 32, 125, 44, 10, 32, 32, 32, 32, 123, 10, 32, 32, 32, 32, 32, 32, 34, 114, 101, 102, 95, 116, 121, 112, 101, 34, 58, 32, 34, 114, 101, 115, 117, 108, 116, 34, 44, 10, 32, 32, 32, 32, 32, 32, 34, 114, 101, 102, 95, 105, 100, 34, 58, 32, 34, 114, 101, 115, 117, 108, 116, 58, 99, 111, 109, 98, 105, 110, 97, 116, 105, 111, 110, 58, 99, 111, 109, 98, 105, 110, 97, 116, 105, 111, 110, 45, 67, 45, 79, 80, 69, 82, 45, 65, 76, 84, 58, 115, 116, 114, 101, 115, 115, 58, 112, 105, 112, 101, 45, 80, 45, 49, 51, 48, 58, 109, 105, 100, 115, 112, 97, 110, 58, 98, 101, 110, 100, 105, 110, 103, 45, 110, 111, 114, 109, 97, 108, 45, 122, 34, 10, 32, 32, 32, 32, 125, 44, 10, 32, 32, 32, 32, 123, 10, 32, 32, 32, 32, 32, 32, 34, 114, 101, 102, 95, 116, 121, 112, 101, 34, 58, 32, 34, 114, 101, 115, 117, 108, 116, 34, 44, 10, 32, 32, 32, 32, 32, 32, 34, 114, 101, 102, 95, 105, 100, 34, 58, 32, 34, 114, 101, 115, 117, 108, 116, 58, 99, 111, 109, 98, 105, 110, 97, 116, 105, 111, 110, 58, 99, 111, 109, 98, 105, 110, 97, 116, 105, 111, 110, 45, 67, 45, 79, 80, 69, 82, 45, 65, 76, 84, 58, 115, 116, 114, 101, 115, 115, 58, 112, 105, 112, 101, 45, 80, 45, 49, 51, 48, 58, 109, 105, 100, 115, 112, 97, 110, 58, 112, 114, 101, 115, 115, 117, 114, 101, 45, 104, 111, 111, 112, 34, 10, 32, 32, 32, 32, 125, 44, 10, 32, 32, 32, 32, 123, 10, 32, 32, 32, 32, 32, 32, 34, 114, 101, 102, 95, 116, 121, 112, 101, 34, 58, 32, 34, 114, 101, 115, 117, 108, 116, 34, 44, 10, 32, 32, 32, 32, 32, 32, 34, 114, 101, 102, 95, 105, 100, 34, 58, 32, 34, 114, 101, 115, 117, 108, 116, 58, 99, 111, 109, 98, 105, 110, 97, 116, 105, 111, 110, 58, 99, 111, 109, 98, 105, 110, 97, 116, 105, 111, 110, 45, 67, 45, 79, 80, 69, 82, 45, 65, 76, 84, 58, 115, 116, 114, 101, 115, 115, 58, 112, 105, 112, 101, 45, 80, 45, 49, 51, 48, 58, 109, 105, 100, 115, 112, 97, 110, 58, 116, 111, 114, 115, 105, 111, 110, 97, 108, 45, 115, 104, 101, 97, 114, 34, 10, 32, 32, 32, 32, 125, 44, 10, 32, 32, 32, 32, 123, 10, 32, 32, 32, 32, 32, 32, 34, 114, 101, 102, 95, 116, 121, 112, 101, 34, 58, 32, 34, 114, 101, 115, 117, 108, 116, 34, 44, 10, 32, 32, 32, 32, 32, 32, 34, 114, 101, 102, 95, 105, 100, 34, 58, 32, 34, 114, 101, 115, 117, 108, 116, 58, 99, 111, 109, 98, 105, 110, 97, 116, 105, 111, 110, 58, 99, 111, 109, 98, 105, 110, 97, 116, 105, 111, 110, 45, 67, 45, 79, 80, 69, 82, 45, 65, 76, 84, 58, 115, 116, 114, 101, 115, 115, 58, 112, 105, 112, 101, 45, 80, 45, 49, 51, 48, 58, 113, 117, 97, 114, 116, 101, 114, 45, 49, 58, 97, 120, 105, 97, 108, 45, 110, 111, 114, 109, 97, 108, 34, 10, 32, 32, 32, 32, 125, 44, 10, 32, 32, 32, 32, 123, 10, 32, 32, 32, 32, 32, 32, 34, 114, 101, 102, 95, 116, 121, 112, 101, 34, 58, 32, 34, 114, 101, 115, 117, 108, 116, 34, 44, 10, 32, 32, 32, 32, 32, 32, 34, 114, 101, 102, 95, 105, 100, 34, 58, 32, 34, 114, 101, 115, 117, 108, 116, 58, 99, 111, 109, 98, 105, 110, 97, 116, 105, 111, 110, 58, 99, 111, 109, 98, 105, 110, 97, 116, 105, 111, 110, 45, 67, 45, 79, 80, 69, 82, 45, 65, 76, 84, 58, 115, 116, 114, 101, 115, 115, 58, 112, 105, 112, 101, 45, 80, 45, 49, 51, 48, 58, 113, 117, 97, 114, 116, 101, 114, 45, 49, 58, 98, 101, 110, 100, 105, 110, 103, 45, 110, 111, 114, 109, 97, 108, 45, 121, 34, 10, 32, 32, 32, 32, 125, 44, 10, 32, 32, 32, 32, 123, 10, 32, 32, 32, 32, 32, 32, 34, 114, 101, 102, 95, 116, 121, 112, 101, 34, 58, 32, 34, 114, 101, 115, 117, 108, 116, 34, 44, 10, 32, 32, 32, 32, 32, 32, 34, 114, 101, 102, 95, 105, 100, 34, 58, 32, 34, 114, 101, 115, 117, 108, 116, 58, 99, 111, 109, 98, 105, 110, 97, 116, 105, 111, 110, 58, 99, 111, 109, 98, 105, 110, 97, 116, 105, 111, 110, 45, 67, 45, 79, 80, 69, 82, 45, 65, 76, 84, 58, 115, 116, 114, 101, 115, 115, 58, 112, 105, 112, 101, 45, 80, 45, 49, 51, 48, 58, 113, 117, 97, 114, 116, 101, 114, 45, 49, 58, 98, 101, 110, 100, 105, 110, 103, 45, 110, 111, 114, 109, 97, 108, 45, 122, 34, 10, 32, 32, 32, 32, 125, 44, 10, 32, 32, 32, 32, 123, 10, 32, 32, 32, 32, 32, 32, 34, 114, 101, 102, 95, 116, 121, 112, 101, 34, 58, 32, 34, 114, 101, 115, 117, 108, 116, 34, 44, 10, 32, 32, 32, 32, 32, 32, 34, 114, 101, 102, 95, 105, 100, 34, 58, 32, 34, 114, 101, 115, 117, 108, 116, 58, 99, 111, 109, 98, 105, 110, 97, 116, 105, 111, 110, 58, 99, 111, 109, 98, 105, 110, 97, 116, 105, 111, 110, 45, 67, 45, 79, 80, 69, 82, 45, 65, 76, 84, 58, 115, 116, 114, 101, 115, 115, 58, 112, 105, 112, 101, 45, 80, 45, 49, 51, 48, 58, 113, 117, 97, 114, 116, 101, 114, 45, 49, 58, 112, 114, 101, 115, 115, 117, 114, 101, 45, 104, 111, 111, 112, 34, 10, 32, 32, 32, 32, 125, 44, 10, 32, 32, 32, 32, 123, 10, 32, 32, 32, 32, 32, 32, 34, 114, 101, 102, 95, 116, 121, 112, 101, 34, 58, 32, 34, 114, 101, 115, 117, 108, 116, 34, 44, 10, 32, 32, 32, 32, 32, 32, 34, 114, 101, 102, 95, 105, 100, 34, 58, 32, 34, 114, 101, 115, 117, 108, 116, 58, 99, 111, 109, 98, 105, 110, 97, 116, 105, 111, 110, 58, 99, 111, 109, 98, 105, 110, 97, 116, 105, 111, 110, 45, 67, 45, 79, 80, 69, 82, 45, 65, 76, 84, 58, 115, 116, 114, 101, 115, 115, 58, 112, 105, 112, 101, 45, 80, 45, 49, 51, 48, 58, 113, 117, 97, 114, 116, 101, 114, 45, 49, 58, 116, 111, 114, 115, 105, 111, 110, 97, 108, 45, 115, 104, 101, 97, 114, 34, 10, 32, 32, 32, 32, 125, 44, 10, 32, 32, 32, 32, 123, 10, 32, 32, 32, 32, 32, 32, 34, 114, 101, 102, 95, 116, 121, 112, 101, 34, 58, 32, 34, 114, 101, 115, 117, 108, 116, 34, 44, 10, 32, 32, 32, 32, 32, 32, 34, 114, 101, 102, 95, 105, 100, 34, 58, 32, 34, 114, 101, 115, 117, 108, 116, 58, 99, 111, 109, 98, 105, 110, 97, 116, 105, 111, 110, 58, 99, 111, 109, 98, 105, 110, 97, 116, 105, 111, 110, 45, 67, 45, 79, 80, 69, 82, 45, 65, 76, 84, 58, 115, 116, 114, 101, 115, 115, 58, 112, 105, 112, 101, 45, 80, 45, 49, 51, 48, 58, 113, 117, 97, 114, 116, 101, 114, 45, 51, 58, 97, 120, 105, 97, 108, 45, 110, 111, 114, 109, 97, 108, 34, 10, 32, 32, 32, 32, 125, 44, 10, 32, 32, 32, 32, 123, 10, 32, 32, 32, 32, 32, 32, 34, 114, 101, 102, 95, 116, 121, 112, 101, 34, 58, 32, 34, 114, 101, 115, 117, 108, 116, 34, 44, 10, 32, 32, 32, 32, 32, 32, 34, 114, 101, 102, 95, 105, 100, 34, 58, 32, 34, 114, 101, 115, 117, 108, 116, 58, 99, 111, 109, 98, 105, 110, 97, 116, 105, 111, 110, 58, 99, 111, 109, 98, 105, 110, 97, 116, 105, 111, 110, 45, 67, 45, 79, 80, 69, 82, 45, 65, 76, 84, 58, 115, 116, 114, 101, 115, 115, 58, 112, 105, 112, 101, 45, 80, 45, 49, 51, 48, 58, 113, 117, 97, 114, 116, 101, 114, 45, 51, 58, 98, 101, 110, 100, 105, 110, 103, 45, 110, 111, 114, 109, 97, 108, 45, 121, 34, 10, 32, 32, 32, 32, 125, 44, 10, 32, 32, 32, 32, 123, 10, 32, 32, 32, 32, 32, 32, 34, 114, 101, 102, 95, 116, 121, 112, 101, 34, 58, 32, 34, 114, 101, 115, 117, 108, 116, 34, 44, 10, 32, 32, 32, 32, 32, 32, 34, 114, 101, 102, 95, 105, 100, 34, 58, 32, 34, 114, 101, 115, 117, 108, 116, 58, 99, 111, 109, 98, 105, 110, 97, 116, 105, 111, 110, 58, 99, 111, 109, 98, 105, 110, 97, 116, 105, 111, 110, 45, 67, 45, 79, 80, 69, 82, 45, 65, 76, 84, 58, 115, 116, 114, 101, 115, 115, 58, 112, 105, 112, 101, 45, 80, 45, 49, 51, 48, 58, 113, 117, 97, 114, 116, 101, 114, 45, 51, 58, 98, 101, 110, 100, 105, 110, 103, 45, 110, 111, 114, 109, 97, 108, 45, 122, 34, 10, 32, 32, 32, 32, 125, 44, 10, 32, 32, 32, 32, 123, 10, 32, 32, 32, 32, 32, 32, 34, 114, 101, 102, 95, 116, 121, 112, 101, 34, 58, 32, 34, 114, 101, 115, 117, 108, 116, 34, 44, 10, 32, 32, 32, 32, 32, 32, 34, 114, 101, 102, 95, 105, 100, 34, 58, 32, 34, 114, 101, 115, 117, 108, 116, 58, 99, 111, 109, 98, 105, 110, 97, 116, 105, 111, 110, 58, 99, 111, 109, 98, 105, 110, 97, 116, 105, 111, 110, 45, 67, 45, 79, 80, 69, 82, 45, 65, 76, 84, 58, 115, 116, 114, 101, 115, 115, 58, 112, 105, 112, 101, 45, 80, 45, 49, 51, 48, 58, 113, 117, 97, 114, 116, 101, 114, 45, 51, 58, 112, 114, 101, 115, 115, 117, 114, 101, 45, 104, 111, 111, 112, 34, 10, 32, 32, 32, 32, 125, 44, 10, 32, 32, 32, 32, 123, 10, 32, 32, 32, 32, 32, 32, 34, 114, 101, 102, 95, 116, 121, 112, 101, 34, 58, 32, 34, 114, 101, 115, 117, 108, 116, 34, 44, 10, 32, 32, 32, 32, 32, 32, 34, 114, 101, 102, 95, 105, 100, 34, 58, 32, 34, 114, 101, 115, 117, 108, 116, 58, 99, 111, 109, 98, 105, 110, 97, 116, 105, 111, 110, 58, 99, 111, 109, 98, 105, 110, 97, 116, 105, 111, 110, 45, 67, 45, 79, 80, 69, 82, 45, 65, 76, 84, 58, 115, 116, 114, 101, 115, 115, 58, 112, 105, 112, 101, 45, 80, 45, 49, 51, 48, 58, 113, 117, 97, 114, 116, 101, 114, 45, 51, 58, 116, 111, 114, 115, 105, 111, 110, 97, 108, 45, 115, 104, 101, 97, 114, 34, 10, 32, 32, 32, 32, 125, 44, 10, 32, 32, 32, 32, 123, 10, 32, 32, 32, 32, 32, 32, 34, 114, 101, 102, 95, 116, 121, 112, 101, 34, 58, 32, 34, 114, 101, 115, 117, 108, 116, 34, 44, 10, 32, 32, 32, 32, 32, 32, 34, 114, 101, 102, 95, 105, 100, 34, 58, 32, 34, 114, 101, 115, 117, 108, 116, 58, 99, 111, 109, 112, 111, 110, 101, 110, 116, 45, 115, 116, 105, 102, 102, 110, 101, 115, 115, 58, 99, 111, 109, 112, 111, 110, 101, 110, 116, 45, 67, 45, 49, 53, 48, 58, 97, 120, 105, 97, 108, 34, 10, 32, 32, 32, 32, 125, 44, 10, 32, 32, 32, 32, 123, 10, 32, 32, 32, 32, 32, 32, 34, 114, 101, 102, 95, 116, 121, 112, 101, 34, 58, 32, 34, 114, 101, 115, 117, 108, 116, 34, 44, 10, 32, 32, 32, 32, 32, 32, 34, 114, 101, 102, 95, 105, 100, 34, 58, 32, 34, 114, 101, 115, 117, 108, 116, 58, 99, 111, 109, 112, 111, 110, 101, 110, 116, 45, 115, 116, 105, 102, 102, 110, 101, 115, 115, 58, 99, 111, 109, 112, 111, 110, 101, 110, 116, 45, 67, 45, 49, 53, 48, 58, 108, 97, 116, 101, 114, 97, 108, 34, 10, 32, 32, 32, 32, 125, 44, 10, 32, 32, 32, 32, 123, 10, 32, 32, 32, 32, 32, 32, 34, 114, 101, 102, 95, 116, 121, 112, 101, 34, 58, 32, 34, 114, 101, 115, 117, 108, 116, 34, 44, 10, 32, 32, 32, 32, 32, 32, 34, 114, 101, 102, 95, 105, 100, 34, 58, 32, 34, 114, 101, 115, 117, 108, 116, 58, 99, 111, 109, 112, 111, 110, 101, 110, 116, 45, 115, 116, 105, 102, 102, 110, 101, 115, 115, 58, 99, 111, 109, 112, 111, 110, 101, 110, 116, 45, 67, 45, 49, 53, 48, 58, 97, 110, 103, 117, 108, 97, 114, 34, 10, 32, 32, 32, 32, 125, 44, 10, 32, 32, 32, 32, 123, 10, 32, 32, 32, 32, 32, 32, 34, 114, 101, 102, 95, 116, 121, 112, 101, 34, 58, 32, 34, 114, 101, 115, 117, 108, 116, 34, 44, 10, 32, 32, 32, 32, 32, 32, 34, 114, 101, 102, 95, 105, 100, 34, 58, 32, 34, 114, 101, 115, 117, 108, 116, 58, 99, 111, 109, 112, 111, 110, 101, 110, 116, 45, 115, 116, 105, 102, 102, 110, 101, 115, 115, 58, 99, 111, 109, 112, 111, 110, 101, 110, 116, 45, 67, 45, 49, 53, 48, 58, 116, 111, 114, 115, 105, 111, 110, 97, 108, 34, 10, 32, 32, 32, 32, 125, 44, 10, 32, 32, 32, 32, 123, 10, 32, 32, 32, 32, 32, 32, 34, 114, 101, 102, 95, 116, 121, 112, 101, 34, 58, 32, 34, 114, 101, 115, 117, 108, 116, 34, 44, 10, 32, 32, 32, 32, 32, 32, 34, 114, 101, 102, 95, 105, 100, 34, 58, 32, 34, 114, 101, 115, 117, 108, 116, 58, 115, 112, 114, 105, 110, 103, 45, 104, 97, 110, 103, 101, 114, 58, 115, 117, 112, 112, 111, 114, 116, 45, 83, 72, 45, 49, 52, 48, 58, 115, 116, 105, 102, 102, 110, 101, 115, 115, 34, 10, 32, 32, 32, 32, 125, 44, 10, 32, 32, 32, 32, 123, 10, 32, 32, 32, 32, 32, 32, 34, 114, 101, 102, 95, 116, 121, 112, 101, 34, 58, 32, 34, 114, 101, 115, 117, 108, 116, 34, 44, 10, 32, 32, 32, 32, 32, 32, 34, 114, 101, 102, 95, 105, 100, 34, 58, 32, 34, 114, 101, 115, 117, 108, 116, 58, 115, 112, 114, 105, 110, 103, 45, 104, 97, 110, 103, 101, 114, 58, 115, 117, 112, 112, 111, 114, 116, 45, 83, 72, 45, 49, 52, 48, 58, 105, 110, 115, 116, 97, 108, 108, 101, 100, 45, 108, 111, 97, 100, 34, 10, 32, 32, 32, 32, 125, 44, 10, 32, 32, 32, 32, 123, 10, 32, 32, 32, 32, 32, 32, 34, 114, 101, 102, 95, 116, 121, 112, 101, 34, 58, 32, 34, 114, 101, 115, 117, 108, 116, 34, 44, 10, 32, 32, 32, 32, 32, 32, 34, 114, 101, 102, 95, 105, 100, 34, 58, 32, 34, 114, 101, 115, 117, 108, 116, 58, 115, 112, 114, 105, 110, 103, 45, 104, 97, 110, 103, 101, 114, 58, 115, 117, 112, 112, 111, 114, 116, 45, 83, 72, 45, 49, 52, 48, 58, 99, 111, 108, 100, 45, 108, 111, 97, 100, 34, 10, 32, 32, 32, 32, 125, 44, 10, 32, 32, 32, 32, 123, 10, 32, 32, 32, 32, 32, 32, 34, 114, 101, 102, 95, 116, 121, 112, 101, 34, 58, 32, 34, 114, 101, 115, 117, 108, 116, 34, 44, 10, 32, 32, 32, 32, 32, 32, 34, 114, 101, 102, 95, 105, 100, 34, 58, 32, 34, 114, 101, 115, 117, 108, 116, 58, 115, 112, 114, 105, 110, 103, 45, 104, 97, 110, 103, 101, 114, 58, 115, 117, 112, 112, 111, 114, 116, 45, 83, 72, 45, 49, 52, 48, 58, 104, 111, 116, 45, 108, 111, 97, 100, 34, 10, 32, 32, 32, 32, 125, 44, 10, 32, 32, 32, 32, 123, 10, 32, 32, 32, 32, 32, 32, 34, 114, 101, 102, 95, 116, 121, 112, 101, 34, 58, 32, 34, 114, 101, 115, 117, 108, 116, 34, 44, 10, 32, 32, 32, 32, 32, 32, 34, 114, 101, 102, 95, 105, 100, 34, 58, 32, 34, 114, 101, 115, 117, 108, 116, 58, 115, 112, 114, 105, 110, 103, 45, 104, 97, 110, 103, 101, 114, 58, 115, 117, 112, 112, 111, 114, 116, 45, 83, 72, 45, 49, 52, 48, 58, 116, 114, 97, 118, 101, 108, 45, 114, 97, 110, 103, 101, 34, 10, 32, 32, 32, 32, 125, 44, 10, 32, 32, 32, 32, 123, 10, 32, 32, 32, 32, 32, 32, 34, 114, 101, 102, 95, 116, 121, 112, 101, 34, 58, 32, 34, 114, 101, 115, 117, 108, 116, 34, 44, 10, 32, 32, 32, 32, 32, 32, 34, 114, 101, 102, 95, 105, 100, 34, 58, 32, 34, 114, 101, 115, 117, 108, 116, 58, 99, 111, 110, 115, 116, 97, 110, 116, 45, 101, 102, 102, 111, 114, 116, 45, 115, 117, 112, 112, 111, 114, 116, 58, 115, 117, 112, 112, 111, 114, 116, 45, 67, 69, 45, 49, 50, 48, 58, 99, 111, 110, 115, 116, 97, 110, 116, 45, 108, 111, 97, 100, 34, 10, 32, 32, 32, 32, 125, 44, 10, 32, 32, 32, 32, 123, 10, 32, 32, 32, 32, 32, 32, 34, 114, 101, 102, 95, 116, 121, 112, 101, 34, 58, 32, 34, 114, 101, 115, 117, 108, 116, 34, 44, 10, 32, 32, 32, 32, 32, 32, 34, 114, 101, 102, 95, 105, 100, 34, 58, 32, 34, 114, 101, 115, 117, 108, 116, 58, 99, 111, 110, 115, 116, 97, 110, 116, 45, 101, 102, 102, 111, 114, 116, 45, 115, 117, 112, 112, 111, 114, 116, 58, 115, 117, 112, 112, 111, 114, 116, 45, 67, 69, 45, 49, 50, 48, 58, 116, 114, 97, 118, 101, 108, 45, 114, 97, 110, 103, 101, 34, 10, 32, 32, 32, 32, 125, 10, 32, 32, 93, 44, 10, 32, 32, 34, 97, 117, 100, 105, 116, 95, 109, 97, 110, 105, 102, 101, 115, 116, 95, 114, 101, 102, 34, 58, 32, 123, 10, 32, 32, 32, 32, 34, 114, 101, 102, 95, 116, 121, 112, 101, 34, 58, 32, 34, 97, 117, 100, 105, 116, 95, 109, 97, 110, 105, 102, 101, 115, 116, 34, 44, 10, 32, 32, 32, 32, 34, 114, 101, 102, 95, 105, 100, 34, 58, 32, 34, 97, 117, 100, 105, 116, 45, 109, 97, 110, 105, 102, 101, 115, 116, 58, 114, 117, 110, 58, 104, 101, 97, 100, 108, 101, 115, 115, 45, 112, 114, 101, 118, 105, 101, 119, 58, 112, 53, 45, 115, 116, 114, 97, 105, 103, 104, 116, 45, 100, 101, 110, 115, 101, 45, 102, 117, 108, 108, 34, 10, 32, 32, 125, 44, 10, 32, 32, 34, 99, 104, 101, 99, 107, 115, 117, 109, 115, 34, 58, 32, 91, 10, 32, 32, 32, 32, 123, 10, 32, 32, 32, 32, 32, 32, 34, 97, 108, 103, 111, 114, 105, 116, 104, 109, 34, 58, 32, 34, 115, 104, 97, 50, 53, 54, 34, 44, 10, 32, 32, 32, 32, 32, 32, 34, 99, 97, 110, 111, 110, 105, 99, 97, 108, 105, 122, 97, 116, 105, 111, 110, 34, 58, 32, 34, 114, 102, 99, 56, 55, 56, 53, 95, 106, 99, 115, 34, 44, 10, 32, 32, 32, 32, 32, 32, 34, 112, 97, 121, 108, 111, 97, 100, 95, 114, 101, 102, 34, 58, 32, 123, 10, 32, 32, 32, 32, 32, 32, 32, 32, 34, 114, 101, 102, 95, 116, 121, 112, 101, 34, 58, 32, 34, 114, 117, 110, 110, 101, 114, 95, 114, 101, 113, 117, 101, 115, 116, 34, 44, 10, 32, 32, 32, 32, 32, 32, 32, 32, 34, 114, 101, 102, 95, 105, 100, 34, 58, 32, 34, 112, 53, 45, 115, 116, 114, 97, 105, 103, 104, 116, 45, 100, 101, 110, 115, 101, 45, 102, 117, 108, 108, 34, 10, 32, 32, 32, 32, 32, 32, 125, 44, 10, 32, 32, 32, 32, 32, 32, 34, 118, 97, 108, 117, 101, 34, 58, 32, 34, 49, 49, 52, 54, 97, 54, 99, 50, 97, 101, 48, 100, 53, 56, 100, 55, 49, 50, 52, 53, 50, 54, 100, 99, 100, 54, 56, 57, 49, 101, 48, 51, 57, 100, 51, 101, 48, 97, 99, 48, 55, 99, 57, 57, 98, 101, 54, 48, 54, 99, 98, 55, 100, 99, 99, 51, 100, 99, 52, 48, 54, 100, 55, 102, 34, 10, 32, 32, 32, 32, 125, 44, 10, 32, 32, 32, 32, 123, 10, 32, 32, 32, 32, 32, 32, 34, 97, 108, 103, 111, 114, 105, 116, 104, 109, 34, 58, 32, 34, 115, 104, 97, 50, 53, 54, 34, 44, 10, 32, 32, 32, 32, 32, 32, 34, 99, 97, 110, 111, 110, 105, 99, 97, 108, 105, 122, 97, 116, 105, 111, 110, 34, 58, 32, 34, 114, 102, 99, 56, 55, 56, 53, 95, 106, 99, 115, 34, 44, 10, 32, 32, 32, 32, 32, 32, 34, 112, 97, 121, 108, 111, 97, 100, 95, 114, 101, 102, 34, 58, 32, 123, 10, 32, 32, 32, 32, 32, 32, 32, 32, 34, 114, 101, 102, 95, 116, 121, 112, 101, 34, 58, 32, 34, 114, 101, 115, 117, 108, 116, 95, 101, 110, 118, 101, 108, 111, 112, 101, 34, 44, 10, 32, 32, 32, 32, 32, 32, 32, 32, 34, 114, 101, 102, 95, 105, 100, 34, 58, 32, 34, 114, 101, 115, 117, 108, 116, 45, 101, 110, 118, 101, 108, 111, 112, 101, 58, 114, 117, 110, 58, 104, 101, 97, 100, 108, 101, 115, 115, 45, 112, 114, 101, 118, 105, 101, 119, 58, 112, 53, 45, 115, 116, 114, 97, 105, 103, 104, 116, 45, 100, 101, 110, 115, 101, 45, 102, 117, 108, 108, 34, 10, 32, 32, 32, 32, 32, 32, 125, 44, 10, 32, 32, 32, 32, 32, 32, 34, 118, 97, 108, 117, 101, 34, 58, 32, 34, 55, 98, 99, 97, 50, 49, 52, 51, 102, 101, 99, 99, 97, 98, 101, 53, 55, 57, 102, 56, 57, 49, 101, 99, 51, 53, 51, 52, 48, 50, 51, 57, 49, 54, 97, 49, 98, 97, 50, 52, 55, 57, 54, 51, 48, 97, 56, 50, 52, 50, 51, 54, 97, 101, 53, 100, 48, 97, 49, 51, 53, 99, 102, 56, 34, 10, 32, 32, 32, 32, 125, 10, 32, 32, 93, 44, 10, 32, 32, 34, 100, 105, 97, 103, 110, 111, 115, 116, 105, 99, 115, 34, 58, 32, 91, 93, 44, 10, 32, 32, 34, 112, 114, 105, 118, 97, 99, 121, 34, 58, 32, 123, 10, 32, 32, 32, 32, 34, 108, 111, 99, 97, 108, 95, 111, 110, 108, 121, 34, 58, 32, 116, 114, 117, 101, 44, 10, 32, 32, 32, 32, 34, 116, 101, 108, 101, 109, 101, 116, 114, 121, 95, 97, 108, 108, 111, 119, 101, 100, 34, 58, 32, 102, 97, 108, 115, 101, 44, 10, 32, 32, 32, 32, 34, 112, 114, 105, 118, 97, 116, 101, 95, 112, 97, 121, 108, 111, 97, 100, 95, 114, 101, 100, 97, 99, 116, 101, 100, 34, 58, 32, 116, 114, 117, 101, 44, 10, 32, 32, 32, 32, 34, 99, 108, 97, 115, 115, 105, 102, 105, 99, 97, 116, 105, 111, 110, 34, 58, 32, 34, 112, 117, 98, 108, 105, 99, 95, 109, 101, 116, 97, 100, 97, 116, 97, 34, 10, 32, 32, 125, 44, 10, 32, 32, 34, 112, 114, 111, 118, 101, 110, 97, 110, 99, 101, 34, 58, 32, 123, 10, 32, 32, 32, 32, 34, 115, 111, 117, 114, 99, 101, 95, 110, 97, 109, 101, 34, 58, 32, 34, 80, 53, 32, 105, 110, 118, 101, 110, 116, 101, 100, 32, 99, 111, 109, 112, 108, 101, 116, 101, 45, 101, 110, 118, 101, 108, 111, 112, 101, 32, 115, 99, 104, 101, 109, 97, 32, 119, 105, 116, 110, 101, 115, 115, 34, 44, 10, 32, 32, 32, 32, 34, 115, 111, 117, 114, 99, 101, 95, 108, 111, 99, 97, 116, 105, 111, 110, 34, 58, 32, 34, 105, 110, 115, 116, 97, 110, 99, 101, 115, 47, 80, 53, 47, 115, 99, 104, 101, 109, 97, 95, 119, 105, 116, 110, 101, 115, 115, 34, 44, 10, 32, 32, 32, 32, 34, 115, 111, 117, 114, 99, 101, 95, 108, 105, 99, 101, 110, 115, 101, 34, 58, 32, 34, 112, 114, 111, 106, 101, 99, 116, 32, 105, 110, 118, 101, 110, 116, 101, 100, 34, 44, 10, 32, 32, 32, 32, 34, 99, 111, 110, 116, 114, 105, 98, 117, 116, 111, 114, 34, 58, 32, 34, 79, 112, 101, 110, 80, 105, 112, 101, 83, 116, 114, 101, 115, 115, 34, 44, 10, 32, 32, 32, 32, 34, 99, 111, 110, 116, 114, 105, 98, 117, 116, 111, 114, 95, 99, 101, 114, 116, 105, 102, 105, 99, 97, 116, 105, 111, 110, 34, 58, 32, 34, 105, 110, 118, 101, 110, 116, 101, 100, 32, 110, 111, 110, 45, 101, 110, 103, 105, 110, 101, 101, 114, 105, 110, 103, 32, 101, 120, 97, 109, 112, 108, 101, 34, 44, 10, 32, 32, 32, 32, 34, 114, 101, 100, 105, 115, 116, 114, 105, 98, 117, 116, 105, 111, 110, 95, 115, 116, 97, 116, 117, 115, 34, 58, 32, 34, 105, 110, 118, 101, 110, 116, 101, 100, 95, 110, 111, 110, 95, 101, 110, 103, 105, 110, 101, 101, 114, 105, 110, 103, 95, 101, 120, 97, 109, 112, 108, 101, 34, 44, 10, 32, 32, 32, 32, 34, 114, 101, 118, 105, 101, 119, 95, 115, 116, 97, 116, 117, 115, 34, 58, 32, 34, 97, 99, 99, 101, 112, 116, 101, 100, 34, 10, 32, 32, 125, 44, 10, 32, 32, 34, 112, 114, 111, 102, 101, 115, 115, 105, 111, 110, 97, 108, 95, 98, 111, 117, 110, 100, 97, 114, 121, 34, 58, 32, 123, 10, 32, 32, 32, 32, 34, 104, 117, 109, 97, 110, 95, 114, 101, 118, 105, 101, 119, 95, 114, 101, 113, 117, 105, 114, 101, 100, 34, 58, 32, 116, 114, 117, 101, 44, 10, 32, 32, 32, 32, 34, 115, 111, 102, 116, 119, 97, 114, 101, 95, 109, 97, 107, 101, 115, 95, 99, 111, 109, 112, 108, 105, 97, 110, 99, 101, 95, 99, 108, 97, 105, 109, 34, 58, 32, 102, 97, 108, 115, 101, 44, 10, 32, 32, 32, 32, 34, 115, 111, 102, 116, 119, 97, 114, 101, 95, 109, 97, 107, 101, 115, 95, 99, 101, 114, 116, 105, 102, 105, 99, 97, 116, 105, 111, 110, 95, 99, 108, 97, 105, 109, 34, 58, 32, 102, 97, 108, 115, 101, 44, 10, 32, 32, 32, 32, 34, 115, 111, 102, 116, 119, 97, 114, 101, 95, 109, 97, 107, 101, 115, 95, 115, 101, 97, 108, 105, 110, 103, 95, 99, 108, 97, 105, 109, 34, 58, 32, 102, 97, 108, 115, 101, 44, 10, 32, 32, 32, 32, 34, 115, 111, 102, 116, 119, 97, 114, 101, 95, 109, 97, 107, 101, 115, 95, 97, 112, 112, 114, 111, 118, 97, 108, 95, 99, 108, 97, 105, 109, 34, 58, 32, 102, 97, 108, 115, 101, 44, 10, 32, 32, 32, 32, 34, 115, 111, 102, 116, 119, 97, 114, 101, 95, 109, 97, 107, 101, 115, 95, 97, 117, 116, 104, 101, 110, 116, 105, 99, 97, 116, 105, 111, 110, 95, 99, 108, 97, 105, 109, 34, 58, 32, 102, 97, 108, 115, 101, 10, 32, 32, 125, 10, 125, 10]
 right: [123, 10, 32, 32, 34, 114, 117, 110, 95, 105, 100, 34, 58, 32, 34, 114, 117, 110, 58, 104, 101, 97, 100, 108, 101, 115, 115, 45, 112, 114, 101, 118, 105, 101, 119, 58, 112, 53, 45, 115, 116, 114, 97, 105, 103, 104, 116, 45, 100, 101, 110, 115, 101, 45, 102, 117, 108, 108, 34, 44, 10, 32, 32, 34, 106, 111, 98, 34, 58, 32, 123, 10, 32, 32, 32, 32, 34, 106, 111, 98, 95, 105, 100, 34, 58, 32, 34, 106, 111, 98, 58, 112, 53, 45, 115, 116, 114, 97, 105, 103, 104, 116, 45, 100, 101, 110, 115, 101, 45, 102, 117, 108, 108, 34, 44, 10, 32, 32, 32, 32, 34, 115, 116, 97, 116, 101, 34, 58, 32, 34, 67, 79, 77, 80, 76, 69, 84, 69, 68, 34, 44, 10, 32, 32, 32, 32, 34, 99, 117, 114, 114, 101, 110, 116, 95, 115, 116, 101, 112, 34, 58, 32, 51, 44, 10, 32, 32, 32, 32, 34, 116, 111, 116, 97, 108, 95, 115, 116, 101, 112, 115, 34, 58, 32, 51, 44, 10, 32, 32, 32, 32, 34, 99, 97, 110, 99, 101, 108, 108, 97, 116, 105, 111, 110, 95, 115, 117, 112, 112, 111, 114, 116, 101, 100, 34, 58, 32, 116, 114, 117, 101, 44, 10, 32, 32, 32, 32, 34, 99, 97, 110, 99, 101, 108, 108, 97, 116, 105, 111, 110, 95, 114, 101, 113, 117, 101, 115, 116, 101, 100, 34, 58, 32, 102, 97, 108, 115, 101, 10, 32, 32, 125, 44, 10, 32, 32, 34, 97, 110, 97, 108, 121, 115, 105, 115, 95, 115, 116, 97, 116, 117, 115, 34, 58, 32, 91, 10, 32, 32, 32, 32, 34, 72, 85, 77, 65, 78, 95, 82, 69, 86, 73, 69, 87, 95, 82, 69, 81, 85, 73, 82, 69, 68, 34, 44, 10, 32, 32, 32, 32, 34, 77, 69, 67, 72, 65, 78, 73, 67, 83, 95, 83, 79, 76, 86, 69, 68, 34, 44, 10, 32, 32, 32, 32, 34, 82, 85, 76, 69, 95, 73, 78, 80, 85, 84, 83, 95, 73, 78, 67, 79, 77, 80, 76, 69, 84, 69, 34, 10, 32, 32, 93, 44, 10, 32, 32, 34, 114, 101, 115, 117, 108, 116, 95, 101, 110, 118, 101, 108, 111, 112, 101, 95, 114, 101, 102, 34, 58, 32, 123, 10, 32, 32, 32, 32, 34, 115, 99, 104, 101, 109, 97, 95, 114, 101, 102, 34, 58, 32, 34, 115, 99, 104, 101, 109, 97, 115, 47, 114, 101, 115, 117, 108, 116, 115, 46, 115, 99, 104, 101, 109, 97, 46, 121, 97, 109, 108, 34, 44, 10, 32, 32, 32, 32, 34, 101, 110, 118, 101, 108, 111, 112, 101, 95, 114, 101, 102, 34, 58, 32, 123, 10, 32, 32, 32, 32, 32, 32, 34, 114, 101, 102, 95, 116, 121, 112, 101, 34, 58, 32, 34, 114, 101, 115, 117, 108, 116, 95, 101, 110, 118, 101, 108, 111, 112, 101, 34, 44, 10, 32, 32, 32, 32, 32, 32, 34, 114, 101, 102, 95, 105, 100, 34, 58, 32, 34, 114, 101, 115, 117, 108, 116, 45, 101, 110, 118, 101, 108, 111, 112, 101, 58, 114, 117, 110, 58, 104, 101, 97, 100, 108, 101, 115, 115, 45, 112, 114, 101, 118, 105, 101, 119, 58, 112, 53, 45, 115, 116, 114, 97, 105, 103, 104, 116, 45, 100, 101, 110, 115, 101, 45, 102, 117, 108, 108, 34, 10, 32, 32, 32, 32, 125, 44, 10, 32, 32, 32, 32, 34, 99, 111, 109, 112, 97, 116, 105, 98, 105, 108, 105, 116, 121, 34, 58, 32, 34, 115, 99, 104, 101, 109, 97, 95, 102, 105, 114, 115, 116, 95, 106, 115, 111, 110, 95, 114, 101, 115, 117, 108, 116, 95, 101, 110, 118, 101, 108, 111, 112, 101, 34, 10, 32, 32, 125, 44, 10, 32, 32, 34, 114, 101, 115, 117, 108, 116, 95, 114, 101, 102, 115, 34, 58, 32, 91, 10, 32, 32, 32, 32, 123, 10, 32, 32, 32, 32, 32, 32, 34, 114, 101, 102, 95, 116, 121, 112, 101, 34, 58, 32, 34, 114, 101, 115, 117, 108, 116, 34, 44, 10, 32, 32, 32, 32, 32, 32, 34, 114, 101, 102, 95, 105, 100, 34, 58, 32, 34, 114, 101, 115, 117, 108, 116, 58, 115, 111, 108, 118, 101, 114, 45, 109, 111, 100, 101, 58, 108, 105, 110, 101, 97, 114, 45, 115, 111, 108, 118, 101, 45, 98, 97, 115, 105, 115, 34, 10, 32, 32, 32, 32, 125, 44, 10, 32, 32, 32, 32, 123, 10, 32, 32, 32, 32, 32, 32, 34, 114, 101, 102, 95, 116, 121, 112, 101, 34, 58, 32, 34, 114, 101, 115, 117, 108, 116, 34, 44, 10, 32, 32, 32, 32, 32, 32, 34, 114, 101, 102, 95, 105, 100, 34, 58, 32, 34, 114, 101, 115, 117, 108, 116, 58, 112, 114, 101, 115, 115, 117, 114, 101, 45, 116, 104, 114, 117, 115, 116, 58, 99, 111, 109, 112, 111, 110, 101, 110, 116, 45, 67, 45, 49, 53, 48, 34, 10, 32, 32, 32, 32, 125, 44, 10, 32, 32, 32, 32, 123, 10, 32, 32, 32, 32, 32, 32, 34, 114, 101, 102, 95, 116, 121, 112, 101, 34, 58, 32, 34, 114, 101, 115, 117, 108, 116, 34, 44, 10, 32, 32, 32, 32, 32, 32, 34, 114, 101, 102, 95, 105, 100, 34, 58, 32, 34, 114, 101, 115, 117, 108, 116, 58, 100, 105, 115, 112, 58, 110, 111, 100, 101, 45, 78, 45, 49, 48, 48, 34, 10, 32, 32, 32, 32, 125, 44, 10, 32, 32, 32, 32, 123, 10, 32, 32, 32, 32, 32, 32, 34, 114, 101, 102, 95, 116, 121, 112, 101, 34, 58, 32, 34, 114, 101, 115, 117, 108, 116, 34, 44, 10, 32, 32, 32, 32, 32, 32, 34, 114, 101, 102, 95, 105, 100, 34, 58, 32, 34, 114, 101, 115, 117, 108, 116, 58, 100, 105, 115, 112, 58, 110, 111, 100, 101, 45, 78, 45, 49, 49, 48, 34, 10, 32, 32, 32, 32, 125, 44, 10, 32, 32, 32, 32, 123, 10, 32, 32, 32, 32, 32, 32, 34, 114, 101, 102, 95, 116, 121, 112, 101, 34, 58, 32, 34, 114, 101, 115, 117, 108, 116, 34, 44, 10, 32, 32, 32, 32, 32, 32, 34, 114, 101, 102, 95, 105, 100, 34, 58, 32, 34, 114, 101, 115, 117, 108, 116, 58, 100, 105, 115, 112, 58, 110, 111, 100, 101, 45, 78, 45, 49, 50, 48, 34, 10, 32, 32, 32, 32, 125, 44, 10, 32, 32, 32, 32, 123, 10, 32, 32, 32, 32, 32, 32, 34, 114, 101, 102, 95, 116, 121, 112, 101, 34, 58, 32, 34, 114, 101, 115, 117, 108, 116, 34, 44, 10, 32, 32, 32, 32, 32, 32, 34, 114, 101, 102, 95, 105, 100, 34, 58, 32, 34, 114, 101, 115, 117, 108, 116, 58, 100, 105, 115, 112, 58, 110, 111, 100, 101, 45, 78, 45, 49, 51, 48, 34, 10, 32, 32, 32, 32, 125, 44, 10, 32, 32, 32, 32, 123, 10, 32, 32, 32, 32, 32, 32, 34, 114, 101, 102, 95, 116, 121, 112, 101, 34, 58, 32, 34, 114, 101, 115, 117, 108, 116, 34, 44, 10, 32, 32, 32, 32, 32, 32, 34, 114, 101, 102, 95, 105, 100, 34, 58, 32, 34, 114, 101, 115, 117, 108, 116, 58, 100, 105, 115, 112, 58, 110, 111, 100, 101, 45, 78, 45, 49, 52, 48, 34, 10, 32, 32, 32, 32, 125, 44, 10, 32, 32, 32, 32, 123, 10, 32, 32, 32, 32, 32, 32, 34, 114, 101, 102, 95, 116, 121, 112, 101, 34, 58, 32, 34, 114, 101, 115, 117, 108, 116, 34, 44, 10, 32, 32, 32, 32, 32, 32, 34, 114, 101, 102, 95, 105, 100, 34, 58, 32, 34, 114, 101, 115, 117, 108, 116, 58, 100, 105, 115, 112, 58, 110, 111, 100, 101, 45, 78, 45, 49, 48, 48, 58, 117, 120, 34, 10, 32, 32, 32, 32, 125, 44, 10, 32, 32, 32, 32, 123, 10, 32, 32, 32, 32, 32, 32, 34, 114, 101, 102, 95, 116, 121, 112, 101, 34, 58, 32, 34, 114, 101, 115, 117, 108, 116, 34, 44, 10, 32, 32, 32, 32, 32, 32, 34, 114, 101, 102, 95, 105, 100, 34, 58, 32, 34, 114, 101, 115, 117, 108, 116, 58, 100, 105, 115, 112, 58, 110, 111, 100, 101, 45, 78, 45, 49, 48, 48, 58, 117, 121, 34, 10, 32, 32, 32, 32, 125, 44, 10, 32, 32, 32, 32, 123, 10, 32, 32, 32, 32, 32, 32, 34, 114, 101, 102, 95, 116, 121, 112, 101, 34, 58, 32, 34, 114, 101, 115, 117, 108, 116, 34, 44, 10, 32, 32, 32, 32, 32, 32, 34, 114, 101, 102, 95, 105, 100, 34, 58, 32, 34, 114, 101, 115, 117, 108, 116, 58, 100, 105, 115, 112, 58, 110, 111, 100, 101, 45, 78, 45, 49, 48, 48, 58, 117, 122, 34, 10, 32, 32, 32, 32, 125, 44, 10, 32, 32, 32, 32, 123, 10, 32, 32, 32, 32, 32, 32, 34, 114, 101, 102, 95, 116, 121, 112, 101, 34, 58, 32, 34, 114, 101, 115, 117, 108, 116, 34, 44, 10, 32, 32, 32, 32, 32, 32, 34, 114, 101, 102, 95, 105, 100, 34, 58, 32, 34, 114, 101, 115, 117, 108, 116, 58, 100, 105, 115, 112, 58, 110, 111, 100, 101, 45, 78, 45, 49, 48, 48, 58, 114, 120, 34, 10, 32, 32, 32, 32, 125, 44, 10, 32, 32, 32, 32, 123, 10, 32, 32, 32, 32, 32, 32, 34, 114, 101, 102, 95, 116, 121, 112, 101, 34, 58, 32, 34, 114, 101, 115, 117, 108, 116, 34, 44, 10, 32, 32, 32, 32, 32, 32, 34, 114, 101, 102, 95, 105, 100, 34, 58, 32, 34, 114, 101, 115, 117, 108, 116, 58, 100, 105, 115, 112, 58, 110, 111, 100, 101, 45, 78, 45, 49, 48, 48, 58, 114, 121, 34, 10, 32, 32, 32, 32, 125, 44, 10, 32, 32, 32, 32, 123, 10, 32, 32, 32, 32, 32, 32, 34, 114, 101, 102, 95, 116, 121, 112, 101, 34, 58, 32, 34, 114, 101, 115, 117, 108, 116, 34, 44, 10, 32, 32, 32, 32, 32, 32, 34, 114, 101, 102, 95, 105, 100, 34, 58, 32, 34, 114, 101, 115, 117, 108, 116, 58, 100, 105, 115, 112, 58, 110, 111, 100, 101, 45, 78, 45, 49, 48, 48, 58, 114, 122, 34, 10, 32, 32, 32, 32, 125, 44, 10, 32, 32, 32, 32, 123, 10, 32, 32, 32, 32, 32, 32, 34, 114, 101, 102, 95, 116, 121, 112, 101, 34, 58, 32, 34, 114, 101, 115, 117, 108, 116, 34, 44, 10, 32, 32, 32, 32, 32, 32, 34, 114, 101, 102, 95, 105, 100, 34, 58, 32, 34, 114, 101, 115, 117, 108, 116, 58, 100, 105, 115, 112, 58, 110, 111, 100, 101, 45, 78, 45, 49, 49, 48, 58, 117, 120, 34, 10, 32, 32, 32, 32, 125, 44, 10, 32, 32, 32, 32, 123, 10, 32, 32, 32, 32, 32, 32, 34, 114, 101, 102, 95, 116, 121, 112, 101, 34, 58, 32, 34, 114, 101, 115, 117, 108, 116, 34, 44, 10, 32, 32, 32, 32, 32, 32, 34, 114, 101, 102, 95, 105, 100, 34, 58, 32, 34, 114, 101, 115, 117, 108, 116, 58, 100, 105, 115, 112, 58, 110, 111, 100, 101, 45, 78, 45, 49, 49, 48, 58, 117, 121, 34, 10, 32, 32, 32, 32, 125, 44, 10, 32, 32, 32, 32, 123, 10, 32, 32, 32, 32, 32, 32, 34, 114, 101, 102, 95, 116, 121, 112, 101, 34, 58, 32, 34, 114, 101, 115, 117, 108, 116, 34, 44, 10, 32, 32, 32, 32, 32, 32, 34, 114, 101, 102, 95, 105, 100, 34, 58, 32, 34, 114, 101, 115, 117, 108, 116, 58, 100, 105, 115, 112, 58, 110, 111, 100, 101, 45, 78, 45, 49, 49, 48, 58, 117, 122, 34, 10, 32, 32, 32, 32, 125, 44, 10, 32, 32, 32, 32, 123, 10, 32, 32, 32, 32, 32, 32, 34, 114, 101, 102, 95, 116, 121, 112, 101, 34, 58, 32, 34, 114, 101, 115, 117, 108, 116, 34, 44, 10, 32, 32, 32, 32, 32, 32, 34, 114, 101, 102, 95, 105, 100, 34, 58, 32, 34, 114, 101, 115, 117, 108, 116, 58, 100, 105, 115, 112, 58, 110, 111, 100, 101, 45, 78, 45, 49, 49, 48, 58, 114, 120, 34, 10, 32, 32, 32, 32, 125, 44, 10, 32, 32, 32, 32, 123, 10, 32, 32, 32, 32, 32, 32, 34, 114, 101, 102, 95, 116, 121, 112, 101, 34, 58, 32, 34, 114, 101, 115, 117, 108, 116, 34, 44, 10, 32, 32, 32, 32, 32, 32, 34, 114, 101, 102, 95, 105, 100, 34, 58, 32, 34, 114, 101, 115, 117, 108, 116, 58, 100, 105, 115, 112, 58, 110, 111, 100, 101, 45, 78, 45, 49, 49, 48, 58, 114, 121, 34, 10, 32, 32, 32, 32, 125, 44, 10, 32, 32, 32, 32, 123, 10, 32, 32, 32, 32, 32, 32, 34, 114, 101, 102, 95, 116, 121, 112, 101, 34, 58, 32, 34, 114, 101, 115, 117, 108, 116, 34, 44, 10, 32, 32, 32, 32, 32, 32, 34, 114, 101, 102, 95, 105, 100, 34, 58, 32, 34, 114, 101, 115, 117, 108, 116, 58, 100, 105, 115, 112, 58, 110, 111, 100, 101, 45, 78, 45, 49, 49, 48, 58, 114, 122, 34, 10, 32, 32, 32, 32, 125, 44, 10, 32, 32, 32, 32, 123, 10, 32, 32, 32, 32, 32, 32, 34, 114, 101, 102, 95, 116, 121, 112, 101, 34, 58, 32, 34, 114, 101, 115, 117, 108, 116, 34, 44, 10, 32, 32, 32, 32, 32, 32, 34, 114, 101, 102, 95, 105, 100, 34, 58, 32, 34, 114, 101, 115, 117, 108, 116, 58, 100, 105, 115, 112, 58, 110, 111, 100, 101, 45, 78, 45, 49, 50, 48, 58, 117, 120, 34, 10, 32, 32, 32, 32, 125, 44, 10, 32, 32, 32, 32, 123, 10, 32, 32, 32, 32, 32, 32, 34, 114, 101, 102, 95, 116, 121, 112, 101, 34, 58, 32, 34, 114, 101, 115, 117, 108, 116, 34, 44, 10, 32, 32, 32, 32, 32, 32, 34, 114, 101, 102, 95, 105, 100, 34, 58, 32, 34, 114, 101, 115, 117, 108, 116, 58, 100, 105, 115, 112, 58, 110, 111, 100, 101, 45, 78, 45, 49, 50, 48, 58, 117, 121, 34, 10, 32, 32, 32, 32, 125, 44, 10, 32, 32, 32, 32, 123, 10, 32, 32, 32, 32, 32, 32, 34, 114, 101, 102, 95, 116, 121, 112, 101, 34, 58, 32, 34, 114, 101, 115, 117, 108, 116, 34, 44, 10, 32, 32, 32, 32, 32, 32, 34, 114, 101, 102, 95, 105, 100, 34, 58, 32, 34, 114, 101, 115, 117, 108, 116, 58, 100, 105, 115, 112, 58, 110, 111, 100, 101, 45, 78, 45, 49, 50, 48, 58, 117, 122, 34, 10, 32, 32, 32, 32, 125, 44, 10, 32, 32, 32, 32, 123, 10, 32, 32, 32, 32, 32, 32, 34, 114, 101, 102, 95, 116, 121, 112, 101, 34, 58, 32, 34, 114, 101, 115, 117, 108, 116, 34, 44, 10, 32, 32, 32, 32, 32, 32, 34, 114, 101, 102, 95, 105, 100, 34, 58, 32, 34, 114, 101, 115, 117, 108, 116, 58, 100, 105, 115, 112, 58, 110, 111, 100, 101, 45, 78, 45, 49, 50, 48, 58, 114, 120, 34, 10, 32, 32, 32, 32, 125, 44, 10, 32, 32, 32, 32, 123, 10, 32, 32, 32, 32, 32, 32, 34, 114, 101, 102, 95, 116, 121, 112, 101, 34, 58, 32, 34, 114, 101, 115, 117, 108, 116, 34, 44, 10, 32, 32, 32, 32, 32, 32, 34, 114, 101, 102, 95, 105, 100, 34, 58, 32, 34, 114, 101, 115, 117, 108, 116, 58, 100, 105, 115, 112, 58, 110, 111, 100, 101, 45, 78, 45, 49, 50, 48, 58, 114, 121, 34, 10, 32, 32, 32, 32, 125, 44, 10, 32, 32, 32, 32, 123, 10, 32, 32, 32, 32, 32, 32, 34, 114, 101, 102, 95, 116, 121, 112, 101, 34, 58, 32, 34, 114, 101, 115, 117, 108, 116, 34, 44, 10, 32, 32, 32, 32, 32, 32, 34, 114, 101, 102, 95, 105, 100, 34, 58, 32, 34, 114, 101, 115, 117, 108, 116, 58, 100, 105, 115, 112, 58, 110, 111, 100, 101, 45, 78, 45, 49, 50, 48, 58, 114, 122, 34, 10, 32, 32, 32, 32, 125, 44, 10, 32, 32, 32, 32, 123, 10, 32, 32, 32, 32, 32, 32, 34, 114, 101, 102, 95, 116, 121, 112, 101, 34, 58, 32, 34, 114, 101, 115, 117, 108, 116, 34, 44, 10, 32, 32, 32, 32, 32, 32, 34, 114, 101, 102, 95, 105, 100, 34, 58, 32, 34, 114, 101, 115, 117, 108, 116, 58, 100, 105, 115, 112, 58, 110, 111, 100, 101, 45, 78, 45, 49, 51, 48, 58, 117, 120, 34, 10, 32, 32, 32, 32, 125, 44, 10, 32, 32, 32, 32, 123, 10, 32, 32, 32, 32, 32, 32, 34, 114, 101, 102, 95, 116, 121, 112, 101, 34, 58, 32, 34, 114, 101, 115, 117, 108, 116, 34, 44, 10, 32, 32, 32, 32, 32, 32, 34, 114, 101, 102, 95, 105, 100, 34, 58, 32, 34, 114, 101, 115, 117, 108, 116, 58, 100, 105, 115, 112, 58, 110, 111, 100, 101, 45, 78, 45, 49, 51, 48, 58, 117, 121, 34, 10, 32, 32, 32, 32, 125, 44, 10, 32, 32, 32, 32, 123, 10, 32, 32, 32, 32, 32, 32, 34, 114, 101, 102, 95, 116, 121, 112, 101, 34, 58, 32, 34, 114, 101, 115, 117, 108, 116, 34, 44, 10, 32, 32, 32, 32, 32, 32, 34, 114, 101, 102, 95, 105, 100, 34, 58, 32, 34, 114, 101, 115, 117, 108, 116, 58, 100, 105, 115, 112, 58, 110, 111, 100, 101, 45, 78, 45, 49, 51, 48, 58, 117, 122, 34, 10, 32, 32, 32, 32, 125, 44, 10, 32, 32, 32, 32, 123, 10, 32, 32, 32, 32, 32, 32, 34, 114, 101, 102, 95, 116, 121, 112, 101, 34, 58, 32, 34, 114, 101, 115, 117, 108, 116, 34, 44, 10, 32, 32, 32, 32, 32, 32, 34, 114, 101, 102, 95, 105, 100, 34, 58, 32, 34, 114, 101, 115, 117, 108, 116, 58, 100, 105, 115, 112, 58, 110, 111, 100, 101, 45, 78, 45, 49, 51, 48, 58, 114, 120, 34, 10, 32, 32, 32, 32, 125, 44, 10, 32, 32, 32, 32, 123, 10, 32, 32, 32, 32, 32, 32, 34, 114, 101, 102, 95, 116, 121, 112, 101, 34, 58, 32, 34, 114, 101, 115, 117, 108, 116, 34, 44, 10, 32, 32, 32, 32, 32, 32, 34, 114, 101, 102, 95, 105, 100, 34, 58, 32, 34, 114, 101, 115, 117, 108, 116, 58, 100, 105, 115, 112, 58, 110, 111, 100, 101, 45, 78, 45, 49, 51, 48, 58, 114, 121, 34, 10, 32, 32, 32, 32, 125, 44, 10, 32, 32, 32, 32, 123, 10, 32, 32, 32, 32, 32, 32, 34, 114, 101, 102, 95, 116, 121, 112, 101, 34, 58, 32, 34, 114, 101, 115, 117, 108, 116, 34, 44, 10, 32, 32, 32, 32, 32, 32, 34, 114, 101, 102, 95, 105, 100, 34, 58, 32, 34, 114, 101, 115, 117, 108, 116, 58, 100, 105, 115, 112, 58, 110, 111, 100, 101, 45, 78, 45, 49, 51, 48, 58, 114, 122, 34, 10, 32, 32, 32, 32, 125, 44, 10, 32, 32, 32, 32, 123, 10, 32, 32, 32, 32, 32, 32, 34, 114, 101, 102, 95, 116, 121, 112, 101, 34, 58, 32, 34, 114, 101, 115, 117, 108, 116, 34, 44, 10, 32, 32, 32, 32, 32, 32, 34, 114, 101, 102, 95, 105, 100, 34, 58, 32, 34, 114, 101, 115, 117, 108, 116, 58, 100, 105, 115, 112, 58, 110, 111, 100, 101, 45, 78, 45, 49, 52, 48, 58, 117, 120, 34, 10, 32, 32, 32, 32, 125, 44, 10, 32, 32, 32, 32, 123, 10, 32, 32, 32, 32, 32, 32, 34, 114, 101, 102, 95, 116, 121, 112, 101, 34, 58, 32, 34, 114, 101, 115, 117, 108, 116, 34, 44, 10, 32, 32, 32, 32, 32, 32, 34, 114, 101, 102, 95, 105, 100, 34, 58, 32, 34, 114, 101, 115, 117, 108, 116, 58, 100, 105, 115, 112, 58, 110, 111, 100, 101, 45, 78, 45, 49, 52, 48, 58, 117, 121, 34, 10, 32, 32, 32, 32, 125, 44, 10, 32, 32, 32, 32, 123, 10, 32, 32, 32, 32, 32, 32, 34, 114, 101, 102, 95, 116, 121, 112, 101, 34, 58, 32, 34, 114, 101, 115, 117, 108, 116, 34, 44, 10, 32, 32, 32, 32, 32, 32, 34, 114, 101, 102, 95, 105, 100, 34, 58, 32, 34, 114, 101, 115, 117, 108, 116, 58, 100, 105, 115, 112, 58, 110, 111, 100, 101, 45, 78, 45, 49, 52, 48, 58, 117, 122, 34, 10, 32, 32, 32, 32, 125, 44, 10, 32, 32, 32, 32, 123, 10, 32, 32, 32, 32, 32, 32, 34, 114, 101, 102, 95, 116, 121, 112, 101, 34, 58, 32, 34, 114, 101, 115, 117, 108, 116, 34, 44, 10, 32, 32, 32, 32, 32, 32, 34, 114, 101, 102, 95, 105, 100, 34, 58, 32, 34, 114, 101, 115, 117, 108, 116, 58, 100, 105, 115, 112, 58, 110, 111, 100, 101, 45, 78, 45, 49, 52, 48, 58, 114, 120, 34, 10, 32, 32, 32, 32, 125, 44, 10, 32, 32, 32, 32, 123, 10, 32, 32, 32, 32, 32, 32, 34, 114, 101, 102, 95, 116, 121, 112, 101, 34, 58, 32, 34, 114, 101, 115, 117, 108, 116, 34, 44, 10, 32, 32, 32, 32, 32, 32, 34, 114, 101, 102, 95, 105, 100, 34, 58, 32, 34, 114, 101, 115, 117, 108, 116, 58, 100, 105, 115, 112, 58, 110, 111, 100, 101, 45, 78, 45, 49, 52, 48, 58, 114, 121, 34, 10, 32, 32, 32, 32, 125, 44, 10, 32, 32, 32, 32, 123, 10, 32, 32, 32, 32, 32, 32, 34, 114, 101, 102, 95, 116, 121, 112, 101, 34, 58, 32, 34, 114, 101, 115, 117, 108, 116, 34, 44, 10, 32, 32, 32, 32, 32, 32, 34, 114, 101, 102, 95, 105, 100, 34, 58, 32, 34, 114, 101, 115, 117, 108, 116, 58, 100, 105, 115, 112, 58, 110, 111, 100, 101, 45, 78, 45, 49, 52, 48, 58, 114, 122, 34, 10, 32, 32, 32, 32, 125, 44, 10, 32, 32, 32, 32, 123, 10, 32, 32, 32, 32, 32, 32, 34, 114, 101, 102, 95, 116, 121, 112, 101, 34, 58, 32, 34, 114, 101, 115, 117, 108, 116, 34, 44, 10, 32, 32, 32, 32, 32, 32, 34, 114, 101, 102, 95, 105, 100, 34, 58, 32, 34, 114, 101, 115, 117, 108, 116, 58, 114, 101, 97, 99, 116, 105, 111, 110, 58, 115, 117, 112, 112, 111, 114, 116, 45, 83, 45, 49, 48, 48, 34, 10, 32, 32, 32, 32, 125, 44, 10, 32, 32, 32, 32, 123, 10, 32, 32, 32, 32, 32, 32, 34, 114, 101, 102, 95, 116, 121, 112, 101, 34, 58, 32, 34, 114, 101, 115, 117, 108, 116, 34, 44, 10, 32, 32, 32, 32, 32, 32, 34, 114, 101, 102, 95, 105, 100, 34, 58, 32, 34, 114, 101, 115, 117, 108, 116, 58, 114, 101, 97, 99, 116, 105, 111, 110, 58, 115, 117, 112, 112, 111, 114, 116, 45, 83, 45, 49, 50, 48, 34, 10, 32, 32, 32, 32, 125, 44, 10, 32, 32, 32, 32, 123, 10, 32, 32, 32, 32, 32, 32, 34, 114, 101, 102, 95, 116, 121, 112, 101, 34, 58, 32, 34, 114, 101, 115, 117, 108, 116, 34, 44, 10, 32, 32, 32, 32, 32, 32, 34, 114, 101, 102, 95, 105, 100, 34, 58, 32, 34, 114, 101, 115, 117, 108, 116, 58, 114, 101, 97, 99, 116, 105, 111, 110, 58, 115, 117, 112, 112, 111, 114, 116, 45, 83, 45, 49, 51, 48, 34, 10, 32, 32, 32, 32, 125, 44, 10, 32, 32, 32, 32, 123, 10, 32, 32, 32, 32, 32, 32, 34, 114, 101, 102, 95, 116, 121, 112, 101, 34, 58, 32, 34, 114, 101, 115, 117, 108, 116, 34, 44, 10, 32, 32, 32, 32, 32, 32, 34, 114, 101, 102, 95, 105, 100, 34, 58, 32, 34, 114, 101, 115, 117, 108, 116, 58, 114, 101, 97, 99, 116, 105, 111, 110, 58, 115, 117, 112, 112, 111, 114, 116, 45, 83, 72, 45, 49, 52, 48, 34, 10, 32, 32, 32, 32, 125, 44, 10, 32, 32, 32, 32, 123, 10, 32, 32, 32, 32, 32, 32, 34, 114, 101, 102, 95, 116, 121, 112, 101, 34, 58, 32, 34, 114, 101, 115, 117, 108, 116, 34, 44, 10, 32, 32, 32, 32, 32, 32, 34, 114, 101, 102, 95, 105, 100, 34, 58, 32, 34, 114, 101, 115, 117, 108, 116, 58, 114, 101, 97, 99, 116, 105, 111, 110, 58, 115, 117, 112, 112, 111, 114, 116, 45, 67, 69, 45, 49, 50, 48, 34, 10, 32, 32, 32, 32, 125, 44, 10, 32, 32, 32, 32, 123, 10, 32, 32, 32, 32, 32, 32, 34, 114, 101, 102, 95, 116, 121, 112, 101, 34, 58, 32, 34, 114, 101, 115, 117, 108, 116, 34, 44, 10, 32, 32, 32, 32, 32, 32, 34, 114, 101, 102, 95, 105, 100, 34, 58, 32, 34, 114, 101, 115, 117, 108, 116, 58, 102, 111, 114, 99, 101, 58, 112, 105, 112, 101, 45, 80, 45, 49, 48, 48, 58, 97, 120, 105, 97, 108, 34, 10, 32, 32, 32, 32, 125, 44, 10, 32, 32, 32, 32, 123, 10, 32, 32, 32, 32, 32, 32, 34, 114, 101, 102, 95, 116, 121, 112, 101, 34, 58, 32, 34, 114, 101, 115, 117, 108, 116, 34, 44, 10, 32, 32, 32, 32, 32, 32, 34, 114, 101, 102, 95, 105, 100, 34, 58, 32, 34, 114, 101, 115, 117, 108, 116, 58, 102, 111, 114, 99, 101, 58, 112, 105, 112, 101, 45, 80, 45, 49, 48, 48, 58, 97, 120, 105, 97, 108, 58, 101, 110, 100, 45, 106, 34, 10, 32, 32, 32, 32, 125, 44, 10, 32, 32, 32, 32, 123, 10, 32, 32, 32, 32, 32, 32, 34, 114, 101, 102, 95, 116, 121, 112, 101, 34, 58, 32, 34, 114, 101, 115, 117, 108, 116, 34, 44, 10, 32, 32, 32, 32, 32, 32, 34, 114, 101, 102, 95, 105, 100, 34, 58, 32, 34, 114, 101, 115, 117, 108, 116, 58, 102, 111, 114, 99, 101, 58, 112, 105, 112, 101, 45, 80, 45, 49, 48, 48, 58, 115, 104, 101, 97, 114, 45, 121, 34, 10, 32, 32, 32, 32, 125, 44, 10, 32, 32, 32, 32, 123, 10, 32, 32, 32, 32, 32, 32, 34, 114, 101, 102, 95, 116, 121, 112, 101, 34, 58, 32, 34, 114, 101, 115, 117, 108, 116, 34, 44, 10, 32, 32, 32, 32, 32, 32, 34, 114, 101, 102, 95, 105, 100, 34, 58, 32, 34, 114, 101, 115, 117, 108, 116, 58, 102, 111, 114, 99, 101, 58, 112, 105, 112, 101, 45, 80, 45, 49, 48, 48, 58, 115, 104, 101, 97, 114, 45, 121, 58, 101, 110, 100, 45, 106, 34, 10, 32, 32, 32, 32, 125, 44, 10, 32, 32, 32, 32, 123, 10, 32, 32, 32, 32, 32, 32, 34, 114, 101, 102, 95, 116, 121, 112, 101, 34, 58, 32, 34, 114, 101, 115, 117, 108, 116, 34, 44, 10, 32, 32, 32, 32, 32, 32, 34, 114, 101, 102, 95, 105, 100, 34, 58, 32, 34, 114, 101, 115, 117, 108, 116, 58, 102, 111, 114, 99, 101, 58, 112, 105, 112, 101, 45, 80, 45, 49, 48, 48, 58, 115, 104, 101, 97, 114, 45, 122, 34, 10, 32, 32, 32, 32, 125, 44, 10, 32, 32, 32, 32, 123, 10, 32, 32, 32, 32, 32, 32, 34, 114, 101, 102, 95, 116, 121, 112, 101, 34, 58, 32, 34, 114, 101, 115, 117, 108, 116, 34, 44, 10, 32, 32, 32, 32, 32, 32, 34, 114, 101, 102, 95, 105, 100, 34, 58, 32, 34, 114, 101, 115, 117, 108, 116, 58, 102, 111, 114, 99, 101, 58, 112, 105, 112, 101, 45, 80, 45, 49, 48, 48, 58, 115, 104, 101, 97, 114, 45, 122, 58, 101, 110, 100, 45, 106, 34, 10, 32, 32, 32, 32, 125, 44, 10, 32, 32, 32, 32, 123, 10, 32, 32, 32, 32, 32, 32, 34, 114, 101, 102, 95, 116, 121, 112, 101, 34, 58, 32, 34, 114, 101, 115, 117, 108, 116, 34, 44, 10, 32, 32, 32, 32, 32, 32, 34, 114, 101, 102, 95, 105, 100, 34, 58, 32, 34, 114, 101, 115, 117, 108, 116, 58, 109, 111, 109, 101, 110, 116, 58, 112, 105, 112, 101, 45, 80, 45, 49, 48, 48, 58, 116, 111, 114, 115, 105, 111, 110, 34, 10, 32, 32, 32, 32, 125, 44, 10, 32, 32, 32, 32, 123, 10, 32, 32, 32, 32, 32, 32, 34, 114, 101, 102, 95, 116, 121, 112, 101, 34, 58, 32, 34, 114, 101, 115, 117, 108, 116, 34, 44, 10, 32, 32, 32, 32, 32, 32, 34, 114, 101, 102, 95, 105, 100, 34, 58, 32, 34, 114, 101, 115, 117, 108, 116, 58, 109, 111, 109, 101, 110, 116, 58, 112, 105, 112, 101, 45, 80, 45, 49, 48, 48, 58, 116, 111, 114, 115, 105, 111, 110, 58, 101, 110, 100, 45, 106, 34, 10, 32, 32, 32, 32, 125, 44, 10, 32, 32, 32, 32, 123, 10, 32, 32, 32, 32, 32, 32, 34, 114, 101, 102, 95, 116, 121, 112, 101, 34, 58, 32, 34, 114, 101, 115, 117, 108, 116, 34, 44, 10, 32, 32, 32, 32, 32, 32, 34, 114, 101, 102, 95, 105, 100, 34, 58, 32, 34, 114, 101, 115, 117, 108, 116, 58, 109, 111, 109, 101, 110, 116, 58, 112, 105, 112, 101, 45, 80, 45, 49, 48, 48, 58, 98, 101, 110, 100, 105, 110, 103, 45, 121, 34, 10, 32, 32, 32, 32, 125, 44, 10, 32, 32, 32, 32, 123, 10, 32, 32, 32, 32, 32, 32, 34, 114, 101, 102, 95, 116, 121, 112, 101, 34, 58, 32, 34, 114, 101, 115, 117, 108, 116, 34, 44, 10, 32, 32, 32, 32, 32, 32, 34, 114, 101, 102, 95, 105, 100, 34, 58, 32, 34, 114, 101, 115, 117, 108, 116, 58, 109, 111, 109, 101, 110, 116, 58, 112, 105, 112, 101, 45, 80, 45, 49, 48, 48, 58, 98, 101, 110, 100, 105, 110, 103, 45, 121, 58, 101, 110, 100, 45, 106, 34, 10, 32, 32, 32, 32, 125, 44, 10, 32, 32, 32, 32, 123, 10, 32, 32, 32, 32, 32, 32, 34, 114, 101, 102, 95, 116, 121, 112, 101, 34, 58, 32, 34, 114, 101, 115, 117, 108, 116, 34, 44, 10, 32, 32, 32, 32, 32, 32, 34, 114, 101, 102, 95, 105, 100, 34, 58, 32, 34, 114, 101, 115, 117, 108, 116, 58, 109, 111, 109, 101, 110, 116, 58, 112, 105, 112, 101, 45, 80, 45, 49, 48, 48, 58, 98, 101, 110, 100, 105, 110, 103, 45, 122, 34, 10, 32, 32, 32, 32, 125, 44, 10, 32, 32, 32, 32, 123, 10, 32, 32, 32, 32, 32, 32, 34, 114, 101, 102, 95, 116, 121, 112, 101, 34, 58, 32, 34, 114, 101, 115, 117, 108, 116, 34, 44, 10, 32, 32, 32, 32, 32, 32, 34, 114, 101, 102, 95, 105, 100, 34, 58, 32, 34, 114, 101, 115, 117, 108, 116, 58, 109, 111, 109, 101, 110, 116, 58, 112, 105, 112, 101, 45, 80, 45, 49, 48, 48, 58, 98, 101, 110, 100, 105, 110, 103, 45, 122, 58, 101, 110, 100, 45, 106, 34, 10, 32, 32, 32, 32, 125, 44, 10, 32, 32, 32, 32, 123, 10, 32, 32, 32, 32, 32, 32, 34, 114, 101, 102, 95, 116, 121, 112, 101, 34, 58, 32, 34, 114, 101, 115, 117, 108, 116, 34, 44, 10, 32, 32, 32, 32, 32, 32, 34, 114, 101, 102, 95, 105, 100, 34, 58, 32, 34, 114, 101, 115, 117, 108, 116, 58, 102, 111, 114, 99, 101, 58, 112, 105, 112, 101, 45, 80, 45, 49, 48, 48, 58, 113, 117, 97, 114, 116, 101, 114, 45, 49, 58, 97, 120, 105, 97, 108, 34, 10, 32, 32, 32, 32, 125, 44, 10, 32, 32, 32, 32, 123, 10, 32, 32, 32, 32, 32, 32, 34, 114, 101, 102, 95, 116, 121, 112, 101, 34, 58, 32, 34, 114, 101, 115, 117, 108, 116, 34, 44, 10, 32, 32, 32, 32, 32, 32, 34, 114, 101, 102, 95, 105, 100, 34, 58, 32, 34, 114, 101, 115, 117, 108, 116, 58, 102, 111, 114, 99, 101, 58, 112, 105, 112, 101, 45, 80, 45, 49, 48, 48, 58, 113, 117, 97, 114, 116, 101, 114, 45, 49, 58, 115, 104, 101, 97, 114, 45, 121, 34, 10, 32, 32, 32, 32, 125, 44, 10, 32, 32, 32, 32, 123, 10, 32, 32, 32, 32, 32, 32, 34, 114, 101, 102, 95, 116, 121, 112, 101, 34, 58, 32, 34, 114, 101, 115, 117, 108, 116, 34, 44, 10, 32, 32, 32, 32, 32, 32, 34, 114, 101, 102, 95, 105, 100, 34, 58, 32, 34, 114, 101, 115, 117, 108, 116, 58, 102, 111, 114, 99, 101, 58, 112, 105, 112, 101, 45, 80, 45, 49, 48, 48, 58, 113, 117, 97, 114, 116, 101, 114, 45, 49, 58, 115, 104, 101, 97, 114, 45, 122, 34, 10, 32, 32, 32, 32, 125, 44, 10, 32, 32, 32, 32, 123, 10, 32, 32, 32, 32, 32, 32, 34, 114, 101, 102, 95, 116, 121, 112, 101, 34, 58, 32, 34, 114, 101, 115, 117, 108, 116, 34, 44, 10, 32, 32, 32, 32, 32, 32, 34, 114, 101, 102, 95, 105, 100, 34, 58, 32, 34, 114, 101, 115, 117, 108, 116, 58, 109, 111, 109, 101, 110, 116, 58, 112, 105, 112, 101, 45, 80, 45, 49, 48, 48, 58, 113, 117, 97, 114, 116, 101, 114, 45, 49, 58, 116, 111, 114, 115, 105, 111, 110, 34, 10, 32, 32, 32, 32, 125, 44, 10, 32, 32, 32, 32, 123, 10, 32, 32, 32, 32, 32, 32, 34, 114, 101, 102, 95, 116, 121, 112, 101, 34, 58, 32, 34, 114, 101, 115, 117, 108, 116, 34, 44, 10, 32, 32, 32, 32, 32, 32, 34, 114, 101, 102, 95, 105, 100, 34, 58, 32, 34, 114, 101, 115, 117, 108, 116, 58, 109, 111, 109, 101, 110, 116, 58, 112, 105, 112, 101, 45, 80, 45, 49, 48, 48, 58, 113, 117, 97, 114, 116, 101, 114, 45, 49, 58, 98, 101, 110, 100, 105, 110, 103, 45, 121, 34, 10, 32, 32, 32, 32, 125, 44, 10, 32, 32, 32, 32, 123, 10, 32, 32, 32, 32, 32, 32, 34, 114, 101, 102, 95, 116, 121, 112, 101, 34, 58, 32, 34, 114, 101, 115, 117, 108, 116, 34, 44, 10, 32, 32, 32, 32, 32, 32, 34, 114, 101, 102, 95, 105, 100, 34, 58, 32, 34, 114, 101, 115, 117, 108, 116, 58, 109, 111, 109, 101, 110, 116, 58, 112, 105, 112, 101, 45, 80, 45, 49, 48, 48, 58, 113, 117, 97, 114, 116, 101, 114, 45, 49, 58, 98, 101, 110, 100, 105, 110, 103, 45, 122, 34, 10, 32, 32, 32, 32, 125, 44, 10, 32, 32, 32, 32, 123, 10, 32, 32, 32, 32, 32, 32, 34, 114, 101, 102, 95, 116, 121, 112, 101, 34, 58, 32, 34, 114, 101, 115, 117, 108, 116, 34, 44, 10, 32, 32, 32, 32, 32, 32, 34, 114, 101, 102, 95, 105, 100, 34, 58, 32, 34, 114, 101, 115, 117, 108, 116, 58, 102, 111, 114, 99, 101, 58, 112, 105, 112, 101, 45, 80, 45, 49, 48, 48, 58, 109, 105, 100, 115, 112, 97, 110, 58, 97, 120, 105, 97, 108, 34, 10, 32, 32, 32, 32, 125, 44, 10, 32, 32, 32, 32, 123, 10, 32, 32, 32, 32, 32, 32, 34, 114, 101, 102, 95, 116, 121, 112, 101, 34, 58, 32, 34, 114, 101, 115, 117, 108, 116, 34, 44, 10, 32, 32, 32, 32, 32, 32, 34, 114, 101, 102, 95, 105, 100, 34, 58, 32, 34, 114, 101, 115, 117, 108, 116, 58, 102, 111, 114, 99, 101, 58, 112, 105, 112, 101, 45, 80, 45, 49, 48, 48, 58, 109, 105, 100, 115, 112, 97, 110, 58, 115, 104, 101, 97, 114, 45, 121, 34, 10, 32, 32, 32, 32, 125, 44, 10, 32, 32, 32, 32, 123, 10, 32, 32, 32, 32, 32, 32, 34, 114, 101, 102, 95, 116, 121, 112, 101, 34, 58, 32, 34, 114, 101, 115, 117, 108, 116, 34, 44, 10, 32, 32, 32, 32, 32, 32, 34, 114, 101, 102, 95, 105, 100, 34, 58, 32, 34, 114, 101, 115, 117, 108, 116, 58, 102, 111, 114, 99, 101, 58, 112, 105, 112, 101, 45, 80, 45, 49, 48, 48, 58, 109, 105, 100, 115, 112, 97, 110, 58, 115, 104, 101, 97, 114, 45, 122, 34, 10, 32, 32, 32, 32, 125, 44, 10, 32, 32, 32, 32, 123, 10, 32, 32, 32, 32, 32, 32, 34, 114, 101, 102, 95, 116, 121, 112, 101, 34, 58, 32, 34, 114, 101, 115, 117, 108, 116, 34, 44, 10, 32, 32, 32, 32, 32, 32, 34, 114, 101, 102, 95, 105, 100, 34, 58, 32, 34, 114, 101, 115, 117, 108, 116, 58, 109, 111, 109, 101, 110, 116, 58, 112, 105, 112, 101, 45, 80, 45, 49, 48, 48, 58, 109, 105, 100, 115, 112, 97, 110, 58, 116, 111, 114, 115, 105, 111, 110, 34, 10, 32, 32, 32, 32, 125, 44, 10, 32, 32, 32, 32, 123, 10, 32, 32, 32, 32, 32, 32, 34, 114, 101, 102, 95, 116, 121, 112, 101, 34, 58, 32, 34, 114, 101, 115, 117, 108, 116, 34, 44, 10, 32, 32, 32, 32, 32, 32, 34, 114, 101, 102, 95, 105, 100, 34, 58, 32, 34, 114, 101, 115, 117, 108, 116, 58, 109, 111, 109, 101, 110, 116, 58, 112, 105, 112, 101, 45, 80, 45, 49, 48, 48, 58, 109, 105, 100, 115, 112, 97, 110, 58, 98, 101, 110, 100, 105, 110, 103, 45, 121, 34, 10, 32, 32, 32, 32, 125, 44, 10, 32, 32, 32, 32, 123, 10, 32, 32, 32, 32, 32, 32, 34, 114, 101, 102, 95, 116, 121, 112, 101, 34, 58, 32, 34, 114, 101, 115, 117, 108, 116, 34, 44, 10, 32, 32, 32, 32, 32, 32, 34, 114, 101, 102, 95, 105, 100, 34, 58, 32, 34, 114, 101, 115, 117, 108, 116, 58, 109, 111, 109, 101, 110, 116, 58, 112, 105, 112, 101, 45, 80, 45, 49, 48, 48, 58, 109, 105, 100, 115, 112, 97, 110, 58, 98, 101, 110, 100, 105, 110, 103, 45, 122, 34, 10, 32, 32, 32, 32, 125, 44, 10, 32, 32, 32, 32, 123, 10, 32, 32, 32, 32, 32, 32, 34, 114, 101, 102, 95, 116, 121, 112, 101, 34, 58, 32, 34, 114, 101, 115, 117, 108, 116, 34, 44, 10, 32, 32, 32, 32, 32, 32, 34, 114, 101, 102, 95, 105, 100, 34, 58, 32, 34, 114, 101, 115, 117, 108, 116, 58, 102, 111, 114, 99, 101, 58, 112, 105, 112, 101, 45, 80, 45, 49, 48, 48, 58, 113, 117, 97, 114, 116, 101, 114, 45, 51, 58, 97, 120, 105, 97, 108, 34, 10, 32, 32, 32, 32, 125, 44, 10, 32, 32, 32, 32, 123, 10, 32, 32, 32, 32, 32, 32, 34, 114, 101, 102, 95, 116, 121, 112, 101, 34, 58, 32, 34, 114, 101, 115, 117, 108, 116, 34, 44, 10, 32, 32, 32, 32, 32, 32, 34, 114, 101, 102, 95, 105, 100, 34, 58, 32, 34, 114, 101, 115, 117, 108, 116, 58, 102, 111, 114, 99, 101, 58, 112, 105, 112, 101, 45, 80, 45, 49, 48, 48, 58, 113, 117, 97, 114, 116, 101, 114, 45, 51, 58, 115, 104, 101, 97, 114, 45, 121, 34, 10, 32, 32, 32, 32, 125, 44, 10, 32, 32, 32, 32, 123, 10, 32, 32, 32, 32, 32, 32, 34, 114, 101, 102, 95, 116, 121, 112, 101, 34, 58, 32, 34, 114, 101, 115, 117, 108, 116, 34, 44, 10, 32, 32, 32, 32, 32, 32, 34, 114, 101, 102, 95, 105, 100, 34, 58, 32, 34, 114, 101, 115, 117, 108, 116, 58, 102, 111, 114, 99, 101, 58, 112, 105, 112, 101, 45, 80, 45, 49, 48, 48, 58, 113, 117, 97, 114, 116, 101, 114, 45, 51, 58, 115, 104, 101, 97, 114, 45, 122, 34, 10, 32, 32, 32, 32, 125, 44, 10, 32, 32, 32, 32, 123, 10, 32, 32, 32, 32, 32, 32, 34, 114, 101, 102, 95, 116, 121, 112, 101, 34, 58, 32, 34, 114, 101, 115, 117, 108, 116, 34, 44, 10, 32, 32, 32, 32, 32, 32, 34, 114, 101, 102, 95, 105, 100, 34, 58, 32, 34, 114, 101, 115, 117, 108, 116, 58, 109, 111, 109, 101, 110, 116, 58, 112, 105, 112, 101, 45, 80, 45, 49, 48, 48, 58, 113, 117, 97, 114, 116, 101, 114, 45, 51, 58, 116, 111, 114, 115, 105, 111, 110, 34, 10, 32, 32, 32, 32, 125, 44, 10, 32, 32, 32, 32, 123, 10, 32, 32, 32, 32, 32, 32, 34, 114, 101, 102, 95, 116, 121, 112, 101, 34, 58, 32, 34, 114, 101, 115, 117, 108, 116, 34, 44, 10, 32, 32, 32, 32, 32, 32, 34, 114, 101, 102, 95, 105, 100, 34, 58, 32, 34, 114, 101, 115, 117, 108, 116, 58, 109, 111, 109, 101, 110, 116, 58, 112, 105, 112, 101, 45, 80, 45, 49, 48, 48, 58, 113, 117, 97, 114, 116, 101, 114, 45, 51, 58, 98, 101, 110, 100, 105, 110, 103, 45, 121, 34, 10, 32, 32, 32, 32, 125, 44, 10, 32, 32, 32, 32, 123, 10, 32, 32, 32, 32, 32, 32, 34, 114, 101, 102, 95, 116, 121, 112, 101, 34, 58, 32, 34, 114, 101, 115, 117, 108, 116, 34, 44, 10, 32, 32, 32, 32, 32, 32, 34, 114, 101, 102, 95, 105, 100, 34, 58, 32, 34, 114, 101, 115, 117, 108, 116, 58, 109, 111, 109, 101, 110, 116, 58, 112, 105, 112, 101, 45, 80, 45, 49, 48, 48, 58, 113, 117, 97, 114, 116, 101, 114, 45, 51, 58, 98, 101, 110, 100, 105, 110, 103, 45, 122, 34, 10, 32, 32, 32, 32, 125, 44, 10, 32, 32, 32, 32, 123, 10, 32, 32, 32, 32, 32, 32, 34, 114, 101, 102, 95, 116, 121, 112, 101, 34, 58, 32, 34, 114, 101, 115, 117, 108, 116, 34, 44, 10, 32, 32, 32, 32, 32, 32, 34, 114, 101, 102, 95, 105, 100, 34, 58, 32, 34, 114, 101, 115, 117, 108, 116, 58, 115, 116, 114, 101, 115, 115, 58, 112, 105, 112, 101, 45, 80, 45, 49, 48, 48, 58, 101, 110, 100, 45, 105, 58, 97, 120, 105, 97, 108, 45, 110, 111, 114, 109, 97, 108, 34, 10, 32, 32, 32, 32, 125, 44, 10, 32, 32, 32, 32, 123, 10, 32, 32, 32, 32, 32, 32, 34, 114, 101, 102, 95, 116, 121, 112, 101, 34, 58, 32, 34, 114, 101, 115, 117, 108, 116, 34, 44, 10, 32, 32, 32, 32, 32, 32, 34, 114, 101, 102, 95, 105, 100, 34, 58, 32, 34, 114, 101, 115, 117, 108, 116, 58, 115, 116, 114, 101, 115, 115, 58, 112, 105, 112, 101, 45, 80, 45, 49, 48, 48, 58, 101, 110, 100, 45, 105, 58, 98, 101, 110, 100, 105, 110, 103, 45, 110, 111, 114, 109, 97, 108, 45, 121, 34, 10, 32, 32, 32, 32, 125, 44, 10, 32, 32, 32, 32, 123, 10, 32, 32, 32, 32, 32, 32, 34, 114, 101, 102, 95, 116, 121, 112, 101, 34, 58, 32, 34, 114, 101, 115, 117, 108, 116, 34, 44, 10, 32, 32, 32, 32, 32, 32, 34, 114, 101, 102, 95, 105, 100, 34, 58, 32, 34, 114, 101, 115, 117, 108, 116, 58, 115, 116, 114, 101, 115, 115, 58, 112, 105, 112, 101, 45, 80, 45, 49, 48, 48, 58, 101, 110, 100, 45, 105, 58, 98, 101, 110, 100, 105, 110, 103, 45, 110, 111, 114, 109, 97, 108, 45, 122, 34, 10, 32, 32, 32, 32, 125, 44, 10, 32, 32, 32, 32, 123, 10, 32, 32, 32, 32, 32, 32, 34, 114, 101, 102, 95, 116, 121, 112, 101, 34, 58, 32, 34, 114, 101, 115, 117, 108, 116, 34, 44, 10, 32, 32, 32, 32, 32, 32, 34, 114, 101, 102, 95, 105, 100, 34, 58, 32, 34, 114, 101, 115, 117, 108, 116, 58, 115, 116, 114, 101, 115, 115, 58, 112, 105, 112, 101, 45, 80, 45, 49, 48, 48, 58, 101, 110, 100, 45, 105, 58, 116, 111, 114, 115, 105, 111, 110, 97, 108, 45, 115, 104, 101, 97, 114, 34, 10, 32, 32, 32, 32, 125, 44, 10, 32, 32, 32, 32, 123, 10, 32, 32, 32, 32, 32, 32, 34, 114, 101, 102, 95, 116, 121, 112, 101, 34, 58, 32, 34, 114, 101, 115, 117, 108, 116, 34, 44, 10, 32, 32, 32, 32, 32, 32, 34, 114, 101, 102, 95, 105, 100, 34, 58, 32, 34, 114, 101, 115, 117, 108, 116, 58, 115, 116, 114, 101, 115, 115, 58, 112, 105, 112, 101, 45, 80, 45, 49, 48, 48, 58, 101, 110, 100, 45, 106, 58, 97, 120, 105, 97, 108, 45, 110, 111, 114, 109, 97, 108, 34, 10, 32, 32, 32, 32, 125, 44, 10, 32, 32, 32, 32, 123, 10, 32, 32, 32, 32, 32, 32, 34, 114, 101, 102, 95, 116, 121, 112, 101, 34, 58, 32, 34, 114, 101, 115, 117, 108, 116, 34, 44, 10, 32, 32, 32, 32, 32, 32, 34, 114, 101, 102, 95, 105, 100, 34, 58, 32, 34, 114, 101, 115, 117, 108, 116, 58, 115, 116, 114, 101, 115, 115, 58, 112, 105, 112, 101, 45, 80, 45, 49, 48, 48, 58, 101, 110, 100, 45, 106, 58, 98, 101, 110, 100, 105, 110, 103, 45, 110, 111, 114, 109, 97, 108, 45, 121, 34, 10, 32, 32, 32, 32, 125, 44, 10, 32, 32, 32, 32, 123, 10, 32, 32, 32, 32, 32, 32, 34, 114, 101, 102, 95, 116, 121, 112, 101, 34, 58, 32, 34, 114, 101, 115, 117, 108, 116, 34, 44, 10, 32, 32, 32, 32, 32, 32, 34, 114, 101, 102, 95, 105, 100, 34, 58, 32, 34, 114, 101, 115, 117, 108, 116, 58, 115, 116, 114, 101, 115, 115, 58, 112, 105, 112, 101, 45, 80, 45, 49, 48, 48, 58, 101, 110, 100, 45, 106, 58, 98, 101, 110, 100, 105, 110, 103, 45, 110, 111, 114, 109, 97, 108, 45, 122, 34, 10, 32, 32, 32, 32, 125, 44, 10, 32, 32, 32, 32, 123, 10, 32, 32, 32, 32, 32, 32, 34, 114, 101, 102, 95, 116, 121, 112, 101, 34, 58, 32, 34, 114, 101, 115, 117, 108, 116, 34, 44, 10, 32, 32, 32, 32, 32, 32, 34, 114, 101, 102, 95, 105, 100, 34, 58, 32, 34, 114, 101, 115, 117, 108, 116, 58, 115, 116, 114, 101, 115, 115, 58, 112, 105, 112, 101, 45, 80, 45, 49, 48, 48, 58, 101, 110, 100, 45, 106, 58, 116, 111, 114, 115, 105, 111, 110, 97, 108, 45, 115, 104, 101, 97, 114, 34, 10, 32, 32, 32, 32, 125, 44, 10, 32, 32, 32, 32, 123, 10, 32, 32, 32, 32, 32, 32, 34, 114, 101, 102, 95, 116, 121, 112, 101, 34, 58, 32, 34, 114, 101, 115, 117, 108, 116, 34, 44, 10, 32, 32, 32, 32, 32, 32, 34, 114, 101, 102, 95, 105, 100, 34, 58, 32, 34, 114, 101, 115, 117, 108, 116, 58, 115, 116, 114, 101, 115, 115, 58, 112, 105, 112, 101, 45, 80, 45, 49, 48, 48, 58, 113, 117, 97, 114, 116, 101, 114, 45, 49, 58, 97, 120, 105, 97, 108, 45, 110, 111, 114, 109, 97, 108, 34, 10, 32, 32, 32, 32, 125, 44, 10, 32, 32, 32, 32, 123, 10, 32, 32, 32, 32, 32, 32, 34, 114, 101, 102, 95, 116, 121, 112, 101, 34, 58, 32, 34, 114, 101, 115, 117, 108, 116, 34, 44, 10, 32, 32, 32, 32, 32, 32, 34, 114, 101, 102, 95, 105, 100, 34, 58, 32, 34, 114, 101, 115, 117, 108, 116, 58, 115, 116, 114, 101, 115, 115, 58, 112, 105, 112, 101, 45, 80, 45, 49, 48, 48, 58, 113, 117, 97, 114, 116, 101, 114, 45, 49, 58, 98, 101, 110, 100, 105, 110, 103, 45, 110, 111, 114, 109, 97, 108, 45, 121, 34, 10, 32, 32, 32, 32, 125, 44, 10, 32, 32, 32, 32, 123, 10, 32, 32, 32, 32, 32, 32, 34, 114, 101, 102, 95, 116, 121, 112, 101, 34, 58, 32, 34, 114, 101, 115, 117, 108, 116, 34, 44, 10, 32, 32, 32, 32, 32, 32, 34, 114, 101, 102, 95, 105, 100, 34, 58, 32, 34, 114, 101, 115, 117, 108, 116, 58, 115, 116, 114, 101, 115, 115, 58, 112, 105, 112, 101, 45, 80, 45, 49, 48, 48, 58, 113, 117, 97, 114, 116, 101, 114, 45, 49, 58, 98, 101, 110, 100, 105, 110, 103, 45, 110, 111, 114, 109, 97, 108, 45, 122, 34, 10, 32, 32, 32, 32, 125, 44, 10, 32, 32, 32, 32, 123, 10, 32, 32, 32, 32, 32, 32, 34, 114, 101, 102, 95, 116, 121, 112, 101, 34, 58, 32, 34, 114, 101, 115, 117, 108, 116, 34, 44, 10, 32, 32, 32, 32, 32, 32, 34, 114, 101, 102, 95, 105, 100, 34, 58, 32, 34, 114, 101, 115, 117, 108, 116, 58, 115, 116, 114, 101, 115, 115, 58, 112, 105, 112, 101, 45, 80, 45, 49, 48, 48, 58, 113, 117, 97, 114, 116, 101, 114, 45, 49, 58, 116, 111, 114, 115, 105, 111, 110, 97, 108, 45, 115, 104, 101, 97, 114, 34, 10, 32, 32, 32, 32, 125, 44, 10, 32, 32, 32, 32, 123, 10, 32, 32, 32, 32, 32, 32, 34, 114, 101, 102, 95, 116, 121, 112, 101, 34, 58, 32, 34, 114, 101, 115, 117, 108, 116, 34, 44, 10, 32, 32, 32, 32, 32, 32, 34, 114, 101, 102, 95, 105, 100, 34, 58, 32, 34, 114, 101, 115, 117, 108, 116, 58, 115, 116, 114, 101, 115, 115, 58, 112, 105, 112, 101, 45, 80, 45, 49, 48, 48, 58, 109, 105, 100, 115, 112, 97, 110, 58, 97, 120, 105, 97, 108, 45, 110, 111, 114, 109, 97, 108, 34, 10, 32, 32, 32, 32, 125, 44, 10, 32, 32, 32, 32, 123, 10, 32, 32, 32, 32, 32, 32, 34, 114, 101, 102, 95, 116, 121, 112, 101, 34, 58, 32, 34, 114, 101, 115, 117, 108, 116, 34, 44, 10, 32, 32, 32, 32, 32, 32, 34, 114, 101, 102, 95, 105, 100, 34, 58, 32, 34, 114, 101, 115, 117, 108, 116, 58, 115, 116, 114, 101, 115, 115, 58, 112, 105, 112, 101, 45, 80, 45, 49, 48, 48, 58, 109, 105, 100, 115, 112, 97, 110, 58, 98, 101, 110, 100, 105, 110, 103, 45, 110, 111, 114, 109, 97, 108, 45, 121, 34, 10, 32, 32, 32, 32, 125, 44, 10, 32, 32, 32, 32, 123, 10, 32, 32, 32, 32, 32, 32, 34, 114, 101, 102, 95, 116, 121, 112, 101, 34, 58, 32, 34, 114, 101, 115, 117, 108, 116, 34, 44, 10, 32, 32, 32, 32, 32, 32, 34, 114, 101, 102, 95, 105, 100, 34, 58, 32, 34, 114, 101, 115, 117, 108, 116, 58, 115, 116, 114, 101, 115, 115, 58, 112, 105, 112, 101, 45, 80, 45, 49, 48, 48, 58, 109, 105, 100, 115, 112, 97, 110, 58, 98, 101, 110, 100, 105, 110, 103, 45, 110, 111, 114, 109, 97, 108, 45, 122, 34, 10, 32, 32, 32, 32, 125, 44, 10, 32, 32, 32, 32, 123, 10, 32, 32, 32, 32, 32, 32, 34, 114, 101, 102, 95, 116, 121, 112, 101, 34, 58, 32, 34, 114, 101, 115, 117, 108, 116, 34, 44, 10, 32, 32, 32, 32, 32, 32, 34, 114, 101, 102, 95, 105, 100, 34, 58, 32, 34, 114, 101, 115, 117, 108, 116, 58, 115, 116, 114, 101, 115, 115, 58, 112, 105, 112, 101, 45, 80, 45, 49, 48, 48, 58, 109, 105, 100, 115, 112, 97, 110, 58, 116, 111, 114, 115, 105, 111, 110, 97, 108, 45, 115, 104, 101, 97, 114, 34, 10, 32, 32, 32, 32, 125, 44, 10, 32, 32, 32, 32, 123, 10, 32, 32, 32, 32, 32, 32, 34, 114, 101, 102, 95, 116, 121, 112, 101, 34, 58, 32, 34, 114, 101, 115, 117, 108, 116, 34, 44, 10, 32, 32, 32, 32, 32, 32, 34, 114, 101, 102, 95, 105, 100, 34, 58, 32, 34, 114, 101, 115, 117, 108, 116, 58, 115, 116, 114, 101, 115, 115, 58, 112, 105, 112, 101, 45, 80, 45, 49, 48, 48, 58, 113, 117, 97, 114, 116, 101, 114, 45, 51, 58, 97, 120, 105, 97, 108, 45, 110, 111, 114, 109, 97, 108, 34, 10, 32, 32, 32, 32, 125, 44, 10, 32, 32, 32, 32, 123, 10, 32, 32, 32, 32, 32, 32, 34, 114, 101, 102, 95, 116, 121, 112, 101, 34, 58, 32, 34, 114, 101, 115, 117, 108, 116, 34, 44, 10, 32, 32, 32, 32, 32, 32, 34, 114, 101, 102, 95, 105, 100, 34, 58, 32, 34, 114, 101, 115, 117, 108, 116, 58, 115, 116, 114, 101, 115, 115, 58, 112, 105, 112, 101, 45, 80, 45, 49, 48, 48, 58, 113, 117, 97, 114, 116, 101, 114, 45, 51, 58, 98, 101, 110, 100, 105, 110, 103, 45, 110, 111, 114, 109, 97, 108, 45, 121, 34, 10, 32, 32, 32, 32, 125, 44, 10, 32, 32, 32, 32, 123, 10, 32, 32, 32, 32, 32, 32, 34, 114, 101, 102, 95, 116, 121, 112, 101, 34, 58, 32, 34, 114, 101, 115, 117, 108, 116, 34, 44, 10, 32, 32, 32, 32, 32, 32, 34, 114, 101, 102, 95, 105, 100, 34, 58, 32, 34, 114, 101, 115, 117, 108, 116, 58, 115, 116, 114, 101, 115, 115, 58, 112, 105, 112, 101, 45, 80, 45, 49, 48, 48, 58, 113, 117, 97, 114, 116, 101, 114, 45, 51, 58, 98, 101, 110, 100, 105, 110, 103, 45, 110, 111, 114, 109, 97, 108, 45, 122, 34, 10, 32, 32, 32, 32, 125, 44, 10, 32, 32, 32, 32, 123, 10, 32, 32, 32, 32, 32, 32, 34, 114, 101, 102, 95, 116, 121, 112, 101, 34, 58, 32, 34, 114, 101, 115, 117, 108, 116, 34, 44, 10, 32, 32, 32, 32, 32, 32, 34, 114, 101, 102, 95, 105, 100, 34, 58, 32, 34, 114, 101, 115, 117, 108, 116, 58, 115, 116, 114, 101, 115, 115, 58, 112, 105, 112, 101, 45, 80, 45, 49, 48, 48, 58, 113, 117, 97, 114, 116, 101, 114, 45, 51, 58, 116, 111, 114, 115, 105, 111, 110, 97, 108, 45, 115, 104, 101, 97, 114, 34, 10, 32, 32, 32, 32, 125, 44, 10, 32, 32, 32, 32, 123, 10, 32, 32, 32, 32, 32, 32, 34, 114, 101, 102, 95, 116, 121, 112, 101, 34, 58, 32, 34, 114, 101, 115, 117, 108, 116, 34, 44, 10, 32, 32, 32, 32, 32, 32, 34, 114, 101, 102, 95, 105, 100, 34, 58, 32, 34, 114, 101, 115, 117, 108, 116, 58, 115, 116, 114, 101, 115, 115, 58, 112, 105, 112, 101, 45, 80, 45, 49, 48, 48, 34, 10, 32, 32, 32, 32, 125, 44, 10, 32, 32, 32, 32, 123, 10, 32, 32, 32, 32, 32, 32, 34, 114, 101, 102, 95, 116, 121, 112, 101, 34, 58, 32, 34, 114, 101, 115, 117, 108, 116, 34, 44, 10, 32, 32, 32, 32, 32, 32, 34, 114, 101, 102, 95, 105, 100, 34, 58, 32, 34, 114, 101, 115, 117, 108, 116, 58, 115, 116, 114, 101, 115, 115, 58, 99, 111, 109, 112, 111, 110, 101, 110, 116, 45, 67, 45, 49, 49, 48, 58, 112, 105, 112, 101, 45, 80, 45, 49, 48, 48, 58, 101, 110, 100, 45, 106, 58, 117, 115, 101, 114, 45, 109, 117, 108, 116, 105, 112, 108, 105, 101, 114, 34, 10, 32, 32, 32, 32, 125, 44, 10, 32, 32, 32, 32, 123, 10, 32, 32, 32, 32, 32, 32, 34, 114, 101, 102, 95, 116, 121, 112, 101, 34, 58, 32, 34, 114, 101, 115, 117, 108, 116, 34, 44, 10, 32, 32, 32, 32, 32, 32, 34, 114, 101, 102, 95, 105, 100, 34, 58, 32, 34, 114, 101, 115, 117, 108, 116, 58, 102, 111, 114, 99, 101, 58, 112, 105, 112, 101, 45, 80, 45, 49, 49, 48, 58, 97, 120, 105, 97, 108, 34, 10, 32, 32, 32, 32, 125, 44, 10, 32, 32, 32, 32, 123, 10, 32, 32, 32, 32, 32, 32, 34, 114, 101, 102, 95, 116, 121, 112, 101, 34, 58, 32, 34, 114, 101, 115, 117, 108, 116, 34, 44, 10, 32, 32, 32, 32, 32, 32, 34, 114, 101, 102, 95, 105, 100, 34, 58, 32, 34, 114, 101, 115, 117, 108, 116, 58, 102, 111, 114, 99, 101, 58, 112, 105, 112, 101, 45, 80, 45, 49, 49, 48, 58, 97, 120, 105, 97, 108, 58, 101, 110, 100, 45, 106, 34, 10, 32, 32, 32, 32, 125, 44, 10, 32, 32, 32, 32, 123, 10, 32, 32, 32, 32, 32, 32, 34, 114, 101, 102, 95, 116, 121, 112, 101, 34, 58, 32, 34, 114, 101, 115, 117, 108, 116, 34, 44, 10, 32, 32, 32, 32, 32, 32, 34, 114, 101, 102, 95, 105, 100, 34, 58, 32, 34, 114, 101, 115, 117, 108, 116, 58, 102, 111, 114, 99, 101, 58, 112, 105, 112, 101, 45, 80, 45, 49, 49, 48, 58, 115, 104, 101, 97, 114, 45, 121, 34, 10, 32, 32, 32, 32, 125, 44, 10, 32, 32, 32, 32, 123, 10, 32, 32, 32, 32, 32, 32, 34, 114, 101, 102, 95, 116, 121, 112, 101, 34, 58, 32, 34, 114, 101, 115, 117, 108, 116, 34, 44, 10, 32, 32, 32, 32, 32, 32, 34, 114, 101, 102, 95, 105, 100, 34, 58, 32, 34, 114, 101, 115, 117, 108, 116, 58, 102, 111, 114, 99, 101, 58, 112, 105, 112, 101, 45, 80, 45, 49, 49, 48, 58, 115, 104, 101, 97, 114, 45, 121, 58, 101, 110, 100, 45, 106, 34, 10, 32, 32, 32, 32, 125, 44, 10, 32, 32, 32, 32, 123, 10, 32, 32, 32, 32, 32, 32, 34, 114, 101, 102, 95, 116, 121, 112, 101, 34, 58, 32, 34, 114, 101, 115, 117, 108, 116, 34, 44, 10, 32, 32, 32, 32, 32, 32, 34, 114, 101, 102, 95, 105, 100, 34, 58, 32, 34, 114, 101, 115, 117, 108, 116, 58, 102, 111, 114, 99, 101, 58, 112, 105, 112, 101, 45, 80, 45, 49, 49, 48, 58, 115, 104, 101, 97, 114, 45, 122, 34, 10, 32, 32, 32, 32, 125, 44, 10, 32, 32, 32, 32, 123, 10, 32, 32, 32, 32, 32, 32, 34, 114, 101, 102, 95, 116, 121, 112, 101, 34, 58, 32, 34, 114, 101, 115, 117, 108, 116, 34, 44, 10, 32, 32, 32, 32, 32, 32, 34, 114, 101, 102, 95, 105, 100, 34, 58, 32, 34, 114, 101, 115, 117, 108, 116, 58, 102, 111, 114, 99, 101, 58, 112, 105, 112, 101, 45, 80, 45, 49, 49, 48, 58, 115, 104, 101, 97, 114, 45, 122, 58, 101, 110, 100, 45, 106, 34, 10, 32, 32, 32, 32, 125, 44, 10, 32, 32, 32, 32, 123, 10, 32, 32, 32, 32, 32, 32, 34, 114, 101, 102, 95, 116, 121, 112, 101, 34, 58, 32, 34, 114, 101, 115, 117, 108, 116, 34, 44, 10, 32, 32, 32, 32, 32, 32, 34, 114, 101, 102, 95, 105, 100, 34, 58, 32, 34, 114, 101, 115, 117, 108, 116, 58, 109, 111, 109, 101, 110, 116, 58, 112, 105, 112, 101, 45, 80, 45, 49, 49, 48, 58, 116, 111, 114, 115, 105, 111, 110, 34, 10, 32, 32, 32, 32, 125, 44, 10, 32, 32, 32, 32, 123, 10, 32, 32, 32, 32, 32, 32, 34, 114, 101, 102, 95, 116, 121, 112, 101, 34, 58, 32, 34, 114, 101, 115, 117, 108, 116, 34, 44, 10, 32, 32, 32, 32, 32, 32, 34, 114, 101, 102, 95, 105, 100, 34, 58, 32, 34, 114, 101, 115, 117, 108, 116, 58, 109, 111, 109, 101, 110, 116, 58, 112, 105, 112, 101, 45, 80, 45, 49, 49, 48, 58, 116, 111, 114, 115, 105, 111, 110, 58, 101, 110, 100, 45, 106, 34, 10, 32, 32, 32, 32, 125, 44, 10, 32, 32, 32, 32, 123, 10, 32, 32, 32, 32, 32, 32, 34, 114, 101, 102, 95, 116, 121, 112, 101, 34, 58, 32, 34, 114, 101, 115, 117, 108, 116, 34, 44, 10, 32, 32, 32, 32, 32, 32, 34, 114, 101, 102, 95, 105, 100, 34, 58, 32, 34, 114, 101, 115, 117, 108, 116, 58, 109, 111, 109, 101, 110, 116, 58, 112, 105, 112, 101, 45, 80, 45, 49, 49, 48, 58, 98, 101, 110, 100, 105, 110, 103, 45, 121, 34, 10, 32, 32, 32, 32, 125, 44, 10, 32, 32, 32, 32, 123, 10, 32, 32, 32, 32, 32, 32, 34, 114, 101, 102, 95, 116, 121, 112, 101, 34, 58, 32, 34, 114, 101, 115, 117, 108, 116, 34, 44, 10, 32, 32, 32, 32, 32, 32, 34, 114, 101, 102, 95, 105, 100, 34, 58, 32, 34, 114, 101, 115, 117, 108, 116, 58, 109, 111, 109, 101, 110, 116, 58, 112, 105, 112, 101, 45, 80, 45, 49, 49, 48, 58, 98, 101, 110, 100, 105, 110, 103, 45, 121, 58, 101, 110, 100, 45, 106, 34, 10, 32, 32, 32, 32, 125, 44, 10, 32, 32, 32, 32, 123, 10, 32, 32, 32, 32, 32, 32, 34, 114, 101, 102, 95, 116, 121, 112, 101, 34, 58, 32, 34, 114, 101, 115, 117, 108, 116, 34, 44, 10, 32, 32, 32, 32, 32, 32, 34, 114, 101, 102, 95, 105, 100, 34, 58, 32, 34, 114, 101, 115, 117, 108, 116, 58, 109, 111, 109, 101, 110, 116, 58, 112, 105, 112, 101, 45, 80, 45, 49, 49, 48, 58, 98, 101, 110, 100, 105, 110, 103, 45, 122, 34, 10, 32, 32, 32, 32, 125, 44, 10, 32, 32, 32, 32, 123, 10, 32, 32, 32, 32, 32, 32, 34, 114, 101, 102, 95, 116, 121, 112, 101, 34, 58, 32, 34, 114, 101, 115, 117, 108, 116, 34, 44, 10, 32, 32, 32, 32, 32, 32, 34, 114, 101, 102, 95, 105, 100, 34, 58, 32, 34, 114, 101, 115, 117, 108, 116, 58, 109, 111, 109, 101, 110, 116, 58, 112, 105, 112, 101, 45, 80, 45, 49, 49, 48, 58, 98, 101, 110, 100, 105, 110, 103, 45, 122, 58, 101, 110, 100, 45, 106, 34, 10, 32, 32, 32, 32, 125, 44, 10, 32, 32, 32, 32, 123, 10, 32, 32, 32, 32, 32, 32, 34, 114, 101, 102, 95, 116, 121, 112, 101, 34, 58, 32, 34, 114, 101, 115, 117, 108, 116, 34, 44, 10, 32, 32, 32, 32, 32, 32, 34, 114, 101, 102, 95, 105, 100, 34, 58, 32, 34, 114, 101, 115, 117, 108, 116, 58, 102, 111, 114, 99, 101, 58, 112, 105, 112, 101, 45, 80, 45, 49, 49, 48, 58, 113, 117, 97, 114, 116, 101, 114, 45, 49, 58, 97, 120, 105, 97, 108, 34, 10, 32, 32, 32, 32, 125, 44, 10, 32, 32, 32, 32, 123, 10, 32, 32, 32, 32, 32, 32, 34, 114, 101, 102, 95, 116, 121, 112, 101, 34, 58, 32, 34, 114, 101, 115, 117, 108, 116, 34, 44, 10, 32, 32, 32, 32, 32, 32, 34, 114, 101, 102, 95, 105, 100, 34, 58, 32, 34, 114, 101, 115, 117, 108, 116, 58, 102, 111, 114, 99, 101, 58, 112, 105, 112, 101, 45, 80, 45, 49, 49, 48, 58, 113, 117, 97, 114, 116, 101, 114, 45, 49, 58, 115, 104, 101, 97, 114, 45, 121, 34, 10, 32, 32, 32, 32, 125, 44, 10, 32, 32, 32, 32, 123, 10, 32, 32, 32, 32, 32, 32, 34, 114, 101, 102, 95, 116, 121, 112, 101, 34, 58, 32, 34, 114, 101, 115, 117, 108, 116, 34, 44, 10, 32, 32, 32, 32, 32, 32, 34, 114, 101, 102, 95, 105, 100, 34, 58, 32, 34, 114, 101, 115, 117, 108, 116, 58, 102, 111, 114, 99, 101, 58, 112, 105, 112, 101, 45, 80, 45, 49, 49, 48, 58, 113, 117, 97, 114, 116, 101, 114, 45, 49, 58, 115, 104, 101, 97, 114, 45, 122, 34, 10, 32, 32, 32, 32, 125, 44, 10, 32, 32, 32, 32, 123, 10, 32, 32, 32, 32, 32, 32, 34, 114, 101, 102, 95, 116, 121, 112, 101, 34, 58, 32, 34, 114, 101, 115, 117, 108, 116, 34, 44, 10, 32, 32, 32, 32, 32, 32, 34, 114, 101, 102, 95, 105, 100, 34, 58, 32, 34, 114, 101, 115, 117, 108, 116, 58, 109, 111, 109, 101, 110, 116, 58, 112, 105, 112, 101, 45, 80, 45, 49, 49, 48, 58, 113, 117, 97, 114, 116, 101, 114, 45, 49, 58, 116, 111, 114, 115, 105, 111, 110, 34, 10, 32, 32, 32, 32, 125, 44, 10, 32, 32, 32, 32, 123, 10, 32, 32, 32, 32, 32, 32, 34, 114, 101, 102, 95, 116, 121, 112, 101, 34, 58, 32, 34, 114, 101, 115, 117, 108, 116, 34, 44, 10, 32, 32, 32, 32, 32, 32, 34, 114, 101, 102, 95, 105, 100, 34, 58, 32, 34, 114, 101, 115, 117, 108, 116, 58, 109, 111, 109, 101, 110, 116, 58, 112, 105, 112, 101, 45, 80, 45, 49, 49, 48, 58, 113, 117, 97, 114, 116, 101, 114, 45, 49, 58, 98, 101, 110, 100, 105, 110, 103, 45, 121, 34, 10, 32, 32, 32, 32, 125, 44, 10, 32, 32, 32, 32, 123, 10, 32, 32, 32, 32, 32, 32, 34, 114, 101, 102, 95, 116, 121, 112, 101, 34, 58, 32, 34, 114, 101, 115, 117, 108, 116, 34, 44, 10, 32, 32, 32, 32, 32, 32, 34, 114, 101, 102, 95, 105, 100, 34, 58, 32, 34, 114, 101, 115, 117, 108, 116, 58, 109, 111, 109, 101, 110, 116, 58, 112, 105, 112, 101, 45, 80, 45, 49, 49, 48, 58, 113, 117, 97, 114, 116, 101, 114, 45, 49, 58, 98, 101, 110, 100, 105, 110, 103, 45, 122, 34, 10, 32, 32, 32, 32, 125, 44, 10, 32, 32, 32, 32, 123, 10, 32, 32, 32, 32, 32, 32, 34, 114, 101, 102, 95, 116, 121, 112, 101, 34, 58, 32, 34, 114, 101, 115, 117, 108, 116, 34, 44, 10, 32, 32, 32, 32, 32, 32, 34, 114, 101, 102, 95, 105, 100, 34, 58, 32, 34, 114, 101, 115, 117, 108, 116, 58, 102, 111, 114, 99, 101, 58, 112, 105, 112, 101, 45, 80, 45, 49, 49, 48, 58, 109, 105, 100, 115, 112, 97, 110, 58, 97, 120, 105, 97, 108, 34, 10, 32, 32, 32, 32, 125, 44, 10, 32, 32, 32, 32, 123, 10, 32, 32, 32, 32, 32, 32, 34, 114, 101, 102, 95, 116, 121, 112, 101, 34, 58, 32, 34, 114, 101, 115, 117, 108, 116, 34, 44, 10, 32, 32, 32, 32, 32, 32, 34, 114, 101, 102, 95, 105, 100, 34, 58, 32, 34, 114, 101, 115, 117, 108, 116, 58, 102, 111, 114, 99, 101, 58, 112, 105, 112, 101, 45, 80, 45, 49, 49, 48, 58, 109, 105, 100, 115, 112, 97, 110, 58, 115, 104, 101, 97, 114, 45, 121, 34, 10, 32, 32, 32, 32, 125, 44, 10, 32, 32, 32, 32, 123, 10, 32, 32, 32, 32, 32, 32, 34, 114, 101, 102, 95, 116, 121, 112, 101, 34, 58, 32, 34, 114, 101, 115, 117, 108, 116, 34, 44, 10, 32, 32, 32, 32, 32, 32, 34, 114, 101, 102, 95, 105, 100, 34, 58, 32, 34, 114, 101, 115, 117, 108, 116, 58, 102, 111, 114, 99, 101, 58, 112, 105, 112, 101, 45, 80, 45, 49, 49, 48, 58, 109, 105, 100, 115, 112, 97, 110, 58, 115, 104, 101, 97, 114, 45, 122, 34, 10, 32, 32, 32, 32, 125, 44, 10, 32, 32, 32, 32, 123, 10, 32, 32, 32, 32, 32, 32, 34, 114, 101, 102, 95, 116, 121, 112, 101, 34, 58, 32, 34, 114, 101, 115, 117, 108, 116, 34, 44, 10, 32, 32, 32, 32, 32, 32, 34, 114, 101, 102, 95, 105, 100, 34, 58, 32, 34, 114, 101, 115, 117, 108, 116, 58, 109, 111, 109, 101, 110, 116, 58, 112, 105, 112, 101, 45, 80, 45, 49, 49, 48, 58, 109, 105, 100, 115, 112, 97, 110, 58, 116, 111, 114, 115, 105, 111, 110, 34, 10, 32, 32, 32, 32, 125, 44, 10, 32, 32, 32, 32, 123, 10, 32, 32, 32, 32, 32, 32, 34, 114, 101, 102, 95, 116, 121, 112, 101, 34, 58, 32, 34, 114, 101, 115, 117, 108, 116, 34, 44, 10, 32, 32, 32, 32, 32, 32, 34, 114, 101, 102, 95, 105, 100, 34, 58, 32, 34, 114, 101, 115, 117, 108, 116, 58, 109, 111, 109, 101, 110, 116, 58, 112, 105, 112, 101, 45, 80, 45, 49, 49, 48, 58, 109, 105, 100, 115, 112, 97, 110, 58, 98, 101, 110, 100, 105, 110, 103, 45, 121, 34, 10, 32, 32, 32, 32, 125, 44, 10, 32, 32, 32, 32, 123, 10, 32, 32, 32, 32, 32, 32, 34, 114, 101, 102, 95, 116, 121, 112, 101, 34, 58, 32, 34, 114, 101, 115, 117, 108, 116, 34, 44, 10, 32, 32, 32, 32, 32, 32, 34, 114, 101, 102, 95, 105, 100, 34, 58, 32, 34, 114, 101, 115, 117, 108, 116, 58, 109, 111, 109, 101, 110, 116, 58, 112, 105, 112, 101, 45, 80, 45, 49, 49, 48, 58, 109, 105, 100, 115, 112, 97, 110, 58, 98, 101, 110, 100, 105, 110, 103, 45, 122, 34, 10, 32, 32, 32, 32, 125, 44, 10, 32, 32, 32, 32, 123, 10, 32, 32, 32, 32, 32, 32, 34, 114, 101, 102, 95, 116, 121, 112, 101, 34, 58, 32, 34, 114, 101, 115, 117, 108, 116, 34, 44, 10, 32, 32, 32, 32, 32, 32, 34, 114, 101, 102, 95, 105, 100, 34, 58, 32, 34, 114, 101, 115, 117, 108, 116, 58, 102, 111, 114, 99, 101, 58, 112, 105, 112, 101, 45, 80, 45, 49, 49, 48, 58, 113, 117, 97, 114, 116, 101, 114, 45, 51, 58, 97, 120, 105, 97, 108, 34, 10, 32, 32, 32, 32, 125, 44, 10, 32, 32, 32, 32, 123, 10, 32, 32, 32, 32, 32, 32, 34, 114, 101, 102, 95, 116, 121, 112, 101, 34, 58, 32, 34, 114, 101, 115, 117, 108, 116, 34, 44, 10, 32, 32, 32, 32, 32, 32, 34, 114, 101, 102, 95, 105, 100, 34, 58, 32, 34, 114, 101, 115, 117, 108, 116, 58, 102, 111, 114, 99, 101, 58, 112, 105, 112, 101, 45, 80, 45, 49, 49, 48, 58, 113, 117, 97, 114, 116, 101, 114, 45, 51, 58, 115, 104, 101, 97, 114, 45, 121, 34, 10, 32, 32, 32, 32, 125, 44, 10, 32, 32, 32, 32, 123, 10, 32, 32, 32, 32, 32, 32, 34, 114, 101, 102, 95, 116, 121, 112, 101, 34, 58, 32, 34, 114, 101, 115, 117, 108, 116, 34, 44, 10, 32, 32, 32, 32, 32, 32, 34, 114, 101, 102, 95, 105, 100, 34, 58, 32, 34, 114, 101, 115, 117, 108, 116, 58, 102, 111, 114, 99, 101, 58, 112, 105, 112, 101, 45, 80, 45, 49, 49, 48, 58, 113, 117, 97, 114, 116, 101, 114, 45, 51, 58, 115, 104, 101, 97, 114, 45, 122, 34, 10, 32, 32, 32, 32, 125, 44, 10, 32, 32, 32, 32, 123, 10, 32, 32, 32, 32, 32, 32, 34, 114, 101, 102, 95, 116, 121, 112, 101, 34, 58, 32, 34, 114, 101, 115, 117, 108, 116, 34, 44, 10, 32, 32, 32, 32, 32, 32, 34, 114, 101, 102, 95, 105, 100, 34, 58, 32, 34, 114, 101, 115, 117, 108, 116, 58, 109, 111, 109, 101, 110, 116, 58, 112, 105, 112, 101, 45, 80, 45, 49, 49, 48, 58, 113, 117, 97, 114, 116, 101, 114, 45, 51, 58, 116, 111, 114, 115, 105, 111, 110, 34, 10, 32, 32, 32, 32, 125, 44, 10, 32, 32, 32, 32, 123, 10, 32, 32, 32, 32, 32, 32, 34, 114, 101, 102, 95, 116, 121, 112, 101, 34, 58, 32, 34, 114, 101, 115, 117, 108, 116, 34, 44, 10, 32, 32, 32, 32, 32, 32, 34, 114, 101, 102, 95, 105, 100, 34, 58, 32, 34, 114, 101, 115, 117, 108, 116, 58, 109, 111, 109, 101, 110, 116, 58, 112, 105, 112, 101, 45, 80, 45, 49, 49, 48, 58, 113, 117, 97, 114, 116, 101, 114, 45, 51, 58, 98, 101, 110, 100, 105, 110, 103, 45, 121, 34, 10, 32, 32, 32, 32, 125, 44, 10, 32, 32, 32, 32, 123, 10, 32, 32, 32, 32, 32, 32, 34, 114, 101, 102, 95, 116, 121, 112, 101, 34, 58, 32, 34, 114, 101, 115, 117, 108, 116, 34, 44, 10, 32, 32, 32, 32, 32, 32, 34, 114, 101, 102, 95, 105, 100, 34, 58, 32, 34, 114, 101, 115, 117, 108, 116, 58, 109, 111, 109, 101, 110, 116, 58, 112, 105, 112, 101, 45, 80, 45, 49, 49, 48, 58, 113, 117, 97, 114, 116, 101, 114, 45, 51, 58, 98, 101, 110, 100, 105, 110, 103, 45, 122, 34, 10, 32, 32, 32, 32, 125, 44, 10, 32, 32, 32, 32, 123, 10, 32, 32, 32, 32, 32, 32, 34, 114, 101, 102, 95, 116, 121, 112, 101, 34, 58, 32, 34, 114, 101, 115, 117, 108, 116, 34, 44, 10, 32, 32, 32, 32, 32, 32, 34, 114, 101, 102, 95, 105, 100, 34, 58, 32, 34, 114, 101, 115, 117, 108, 116, 58, 115, 116, 114, 101, 115, 115, 58, 112, 105, 112, 101, 45, 80, 45, 49, 49, 48, 58, 101, 110, 100, 45, 105, 58, 97, 120, 105, 97, 108, 45, 110, 111, 114, 109, 97, 108, 34, 10, 32, 32, 32, 32, 125, 44, 10, 32, 32, 32, 32, 123, 10, 32, 32, 32, 32, 32, 32, 34, 114, 101, 102, 95, 116, 121, 112, 101, 34, 58, 32, 34, 114, 101, 115, 117, 108, 116, 34, 44, 10, 32, 32, 32, 32, 32, 32, 34, 114, 101, 102, 95, 105, 100, 34, 58, 32, 34, 114, 101, 115, 117, 108, 116, 58, 115, 116, 114, 101, 115, 115, 58, 112, 105, 112, 101, 45, 80, 45, 49, 49, 48, 58, 101, 110, 100, 45, 105, 58, 98, 101, 110, 100, 105, 110, 103, 45, 110, 111, 114, 109, 97, 108, 45, 121, 34, 10, 32, 32, 32, 32, 125, 44, 10, 32, 32, 32, 32, 123, 10, 32, 32, 32, 32, 32, 32, 34, 114, 101, 102, 95, 116, 121, 112, 101, 34, 58, 32, 34, 114, 101, 115, 117, 108, 116, 34, 44, 10, 32, 32, 32, 32, 32, 32, 34, 114, 101, 102, 95, 105, 100, 34, 58, 32, 34, 114, 101, 115, 117, 108, 116, 58, 115, 116, 114, 101, 115, 115, 58, 112, 105, 112, 101, 45, 80, 45, 49, 49, 48, 58, 101, 110, 100, 45, 105, 58, 98, 101, 110, 100, 105, 110, 103, 45, 110, 111, 114, 109, 97, 108, 45, 122, 34, 10, 32, 32, 32, 32, 125, 44, 10, 32, 32, 32, 32, 123, 10, 32, 32, 32, 32, 32, 32, 34, 114, 101, 102, 95, 116, 121, 112, 101, 34, 58, 32, 34, 114, 101, 115, 117, 108, 116, 34, 44, 10, 32, 32, 32, 32, 32, 32, 34, 114, 101, 102, 95, 105, 100, 34, 58, 32, 34, 114, 101, 115, 117, 108, 116, 58, 115, 116, 114, 101, 115, 115, 58, 112, 105, 112, 101, 45, 80, 45, 49, 49, 48, 58, 101, 110, 100, 45, 105, 58, 116, 111, 114, 115, 105, 111, 110, 97, 108, 45, 115, 104, 101, 97, 114, 34, 10, 32, 32, 32, 32, 125, 44, 10, 32, 32, 32, 32, 123, 10, 32, 32, 32, 32, 32, 32, 34, 114, 101, 102, 95, 116, 121, 112, 101, 34, 58, 32, 34, 114, 101, 115, 117, 108, 116, 34, 44, 10, 32, 32, 32, 32, 32, 32, 34, 114, 101, 102, 95, 105, 100, 34, 58, 32, 34, 114, 101, 115, 117, 108, 116, 58, 115, 116, 114, 101, 115, 115, 58, 112, 105, 112, 101, 45, 80, 45, 49, 49, 48, 58, 101, 110, 100, 45, 106, 58, 97, 120, 105, 97, 108, 45, 110, 111, 114, 109, 97, 108, 34, 10, 32, 32, 32, 32, 125, 44, 10, 32, 32, 32, 32, 123, 10, 32, 32, 32, 32, 32, 32, 34, 114, 101, 102, 95, 116, 121, 112, 101, 34, 58, 32, 34, 114, 101, 115, 117, 108, 116, 34, 44, 10, 32, 32, 32, 32, 32, 32, 34, 114, 101, 102, 95, 105, 100, 34, 58, 32, 34, 114, 101, 115, 117, 108, 116, 58, 115, 116, 114, 101, 115, 115, 58, 112, 105, 112, 101, 45, 80, 45, 49, 49, 48, 58, 101, 110, 100, 45, 106, 58, 98, 101, 110, 100, 105, 110, 103, 45, 110, 111, 114, 109, 97, 108, 45, 121, 34, 10, 32, 32, 32, 32, 125, 44, 10, 32, 32, 32, 32, 123, 10, 32, 32, 32, 32, 32, 32, 34, 114, 101, 102, 95, 116, 121, 112, 101, 34, 58, 32, 34, 114, 101, 115, 117, 108, 116, 34, 44, 10, 32, 32, 32, 32, 32, 32, 34, 114, 101, 102, 95, 105, 100, 34, 58, 32, 34, 114, 101, 115, 117, 108, 116, 58, 115, 116, 114, 101, 115, 115, 58, 112, 105, 112, 101, 45, 80, 45, 49, 49, 48, 58, 101, 110, 100, 45, 106, 58, 98, 101, 110, 100, 105, 110, 103, 45, 110, 111, 114, 109, 97, 108, 45, 122, 34, 10, 32, 32, 32, 32, 125, 44, 10, 32, 32, 32, 32, 123, 10, 32, 32, 32, 32, 32, 32, 34, 114, 101, 102, 95, 116, 121, 112, 101, 34, 58, 32, 34, 114, 101, 115, 117, 108, 116, 34, 44, 10, 32, 32, 32, 32, 32, 32, 34, 114, 101, 102, 95, 105, 100, 34, 58, 32, 34, 114, 101, 115, 117, 108, 116, 58, 115, 116, 114, 101, 115, 115, 58, 112, 105, 112, 101, 45, 80, 45, 49, 49, 48, 58, 101, 110, 100, 45, 106, 58, 116, 111, 114, 115, 105, 111, 110, 97, 108, 45, 115, 104, 101, 97, 114, 34, 10, 32, 32, 32, 32, 125, 44, 10, 32, 32, 32, 32, 123, 10, 32, 32, 32, 32, 32, 32, 34, 114, 101, 102, 95, 116, 121, 112, 101, 34, 58, 32, 34, 114, 101, 115, 117, 108, 116, 34, 44, 10, 32, 32, 32, 32, 32, 32, 34, 114, 101, 102, 95, 105, 100, 34, 58, 32, 34, 114, 101, 115, 117, 108, 116, 58, 115, 116, 114, 101, 115, 115, 58, 112, 105, 112, 101, 45, 80, 45, 49, 49, 48, 58, 113, 117, 97, 114, 116, 101, 114, 45, 49, 58, 97, 120, 105, 97, 108, 45, 110, 111, 114, 109, 97, 108, 34, 10, 32, 32, 32, 32, 125, 44, 10, 32, 32, 32, 32, 123, 10, 32, 32, 32, 32, 32, 32, 34, 114, 101, 102, 95, 116, 121, 112, 101, 34, 58, 32, 34, 114, 101, 115, 117, 108, 116, 34, 44, 10, 32, 32, 32, 32, 32, 32, 34, 114, 101, 102, 95, 105, 100, 34, 58, 32, 34, 114, 101, 115, 117, 108, 116, 58, 115, 116, 114, 101, 115, 115, 58, 112, 105, 112, 101, 45, 80, 45, 49, 49, 48, 58, 113, 117, 97, 114, 116, 101, 114, 45, 49, 58, 98, 101, 110, 100, 105, 110, 103, 45, 110, 111, 114, 109, 97, 108, 45, 121, 34, 10, 32, 32, 32, 32, 125, 44, 10, 32, 32, 32, 32, 123, 10, 32, 32, 32, 32, 32, 32, 34, 114, 101, 102, 95, 116, 121, 112, 101, 34, 58, 32, 34, 114, 101, 115, 117, 108, 116, 34, 44, 10, 32, 32, 32, 32, 32, 32, 34, 114, 101, 102, 95, 105, 100, 34, 58, 32, 34, 114, 101, 115, 117, 108, 116, 58, 115, 116, 114, 101, 115, 115, 58, 112, 105, 112, 101, 45, 80, 45, 49, 49, 48, 58, 113, 117, 97, 114, 116, 101, 114, 45, 49, 58, 98, 101, 110, 100, 105, 110, 103, 45, 110, 111, 114, 109, 97, 108, 45, 122, 34, 10, 32, 32, 32, 32, 125, 44, 10, 32, 32, 32, 32, 123, 10, 32, 32, 32, 32, 32, 32, 34, 114, 101, 102, 95, 116, 121, 112, 101, 34, 58, 32, 34, 114, 101, 115, 117, 108, 116, 34, 44, 10, 32, 32, 32, 32, 32, 32, 34, 114, 101, 102, 95, 105, 100, 34, 58, 32, 34, 114, 101, 115, 117, 108, 116, 58, 115, 116, 114, 101, 115, 115, 58, 112, 105, 112, 101, 45, 80, 45, 49, 49, 48, 58, 113, 117, 97, 114, 116, 101, 114, 45, 49, 58, 116, 111, 114, 115, 105, 111, 110, 97, 108, 45, 115, 104, 101, 97, 114, 34, 10, 32, 32, 32, 32, 125, 44, 10, 32, 32, 32, 32, 123, 10, 32, 32, 32, 32, 32, 32, 34, 114, 101, 102, 95, 116, 121, 112, 101, 34, 58, 32, 34, 114, 101, 115, 117, 108, 116, 34, 44, 10, 32, 32, 32, 32, 32, 32, 34, 114, 101, 102, 95, 105, 100, 34, 58, 32, 34, 114, 101, 115, 117, 108, 116, 58, 115, 116, 114, 101, 115, 115, 58, 112, 105, 112, 101, 45, 80, 45, 49, 49, 48, 58, 109, 105, 100, 115, 112, 97, 110, 58, 97, 120, 105, 97, 108, 45, 110, 111, 114, 109, 97, 108, 34, 10, 32, 32, 32, 32, 125, 44, 10, 32, 32, 32, 32, 123, 10, 32, 32, 32, 32, 32, 32, 34, 114, 101, 102, 95, 116, 121, 112, 101, 34, 58, 32, 34, 114, 101, 115, 117, 108, 116, 34, 44, 10, 32, 32, 32, 32, 32, 32, 34, 114, 101, 102, 95, 105, 100, 34, 58, 32, 34, 114, 101, 115, 117, 108, 116, 58, 115, 116, 114, 101, 115, 115, 58, 112, 105, 112, 101, 45, 80, 45, 49, 49, 48, 58, 109, 105, 100, 115, 112, 97, 110, 58, 98, 101, 110, 100, 105, 110, 103, 45, 110, 111, 114, 109, 97, 108, 45, 121, 34, 10, 32, 32, 32, 32, 125, 44, 10, 32, 32, 32, 32, 123, 10, 32, 32, 32, 32, 32, 32, 34, 114, 101, 102, 95, 116, 121, 112, 101, 34, 58, 32, 34, 114, 101, 115, 117, 108, 116, 34, 44, 10, 32, 32, 32, 32, 32, 32, 34, 114, 101, 102, 95, 105, 100, 34, 58, 32, 34, 114, 101, 115, 117, 108, 116, 58, 115, 116, 114, 101, 115, 115, 58, 112, 105, 112, 101, 45, 80, 45, 49, 49, 48, 58, 109, 105, 100, 115, 112, 97, 110, 58, 98, 101, 110, 100, 105, 110, 103, 45, 110, 111, 114, 109, 97, 108, 45, 122, 34, 10, 32, 32, 32, 32, 125, 44, 10, 32, 32, 32, 32, 123, 10, 32, 32, 32, 32, 32, 32, 34, 114, 101, 102, 95, 116, 121, 112, 101, 34, 58, 32, 34, 114, 101, 115, 117, 108, 116, 34, 44, 10, 32, 32, 32, 32, 32, 32, 34, 114, 101, 102, 95, 105, 100, 34, 58, 32, 34, 114, 101, 115, 117, 108, 116, 58, 115, 116, 114, 101, 115, 115, 58, 112, 105, 112, 101, 45, 80, 45, 49, 49, 48, 58, 109, 105, 100, 115, 112, 97, 110, 58, 116, 111, 114, 115, 105, 111, 110, 97, 108, 45, 115, 104, 101, 97, 114, 34, 10, 32, 32, 32, 32, 125, 44, 10, 32, 32, 32, 32, 123, 10, 32, 32, 32, 32, 32, 32, 34, 114, 101, 102, 95, 116, 121, 112, 101, 34, 58, 32, 34, 114, 101, 115, 117, 108, 116, 34, 44, 10, 32, 32, 32, 32, 32, 32, 34, 114, 101, 102, 95, 105, 100, 34, 58, 32, 34, 114, 101, 115, 117, 108, 116, 58, 115, 116, 114, 101, 115, 115, 58, 112, 105, 112, 101, 45, 80, 45, 49, 49, 48, 58, 113, 117, 97, 114, 116, 101, 114, 45, 51, 58, 97, 120, 105, 97, 108, 45, 110, 111, 114, 109, 97, 108, 34, 10, 32, 32, 32, 32, 125, 44, 10, 32, 32, 32, 32, 123, 10, 32, 32, 32, 32, 32, 32, 34, 114, 101, 102, 95, 116, 121, 112, 101, 34, 58, 32, 34, 114, 101, 115, 117, 108, 116, 34, 44, 10, 32, 32, 32, 32, 32, 32, 34, 114, 101, 102, 95, 105, 100, 34, 58, 32, 34, 114, 101, 115, 117, 108, 116, 58, 115, 116, 114, 101, 115, 115, 58, 112, 105, 112, 101, 45, 80, 45, 49, 49, 48, 58, 113, 117, 97, 114, 116, 101, 114, 45, 51, 58, 98, 101, 110, 100, 105, 110, 103, 45, 110, 111, 114, 109, 97, 108, 45, 121, 34, 10, 32, 32, 32, 32, 125, 44, 10, 32, 32, 32, 32, 123, 10, 32, 32, 32, 32, 32, 32, 34, 114, 101, 102, 95, 116, 121, 112, 101, 34, 58, 32, 34, 114, 101, 115, 117, 108, 116, 34, 44, 10, 32, 32, 32, 32, 32, 32, 34, 114, 101, 102, 95, 105, 100, 34, 58, 32, 34, 114, 101, 115, 117, 108, 116, 58, 115, 116, 114, 101, 115, 115, 58, 112, 105, 112, 101, 45, 80, 45, 49, 49, 48, 58, 113, 117, 97, 114, 116, 101, 114, 45, 51, 58, 98, 101, 110, 100, 105, 110, 103, 45, 110, 111, 114, 109, 97, 108, 45, 122, 34, 10, 32, 32, 32, 32, 125, 44, 10, 32, 32, 32, 32, 123, 10, 32, 32, 32, 32, 32, 32, 34, 114, 101, 102, 95, 116, 121, 112, 101, 34, 58, 32, 34, 114, 101, 115, 117, 108, 116, 34, 44, 10, 32, 32, 32, 32, 32, 32, 34, 114, 101, 102, 95, 105, 100, 34, 58, 32, 34, 114, 101, 115, 117, 108, 116, 58, 115, 116, 114, 101, 115, 115, 58, 112, 105, 112, 101, 45, 80, 45, 49, 49, 48, 58, 113, 117, 97, 114, 116, 101, 114, 45, 51, 58, 116, 111, 114, 115, 105, 111, 110, 97, 108, 45, 115, 104, 101, 97, 114, 34, 10, 32, 32, 32, 32, 125, 44, 10, 32, 32, 32, 32, 123, 10, 32, 32, 32, 32, 32, 32, 34, 114, 101, 102, 95, 116, 121, 112, 101, 34, 58, 32, 34, 114, 101, 115, 117, 108, 116, 34, 44, 10, 32, 32, 32, 32, 32, 32, 34, 114, 101, 102, 95, 105, 100, 34, 58, 32, 34, 114, 101, 115, 117, 108, 116, 58, 115, 116, 114, 101, 115, 115, 58, 112, 105, 112, 101, 45, 80, 45, 49, 49, 48, 34, 10, 32, 32, 32, 32, 125, 44, 10, 32, 32, 32, 32, 123, 10, 32, 32, 32, 32, 32, 32, 34, 114, 101, 102, 95, 116, 121, 112, 101, 34, 58, 32, 34, 114, 101, 115, 117, 108, 116, 34, 44, 10, 32, 32, 32, 32, 32, 32, 34, 114, 101, 102, 95, 105, 100, 34, 58, 32, 34, 114, 101, 115, 117, 108, 116, 58, 115, 116, 114, 101, 115, 115, 58, 99, 111, 109, 112, 111, 110, 101, 110, 116, 45, 67, 45, 49, 49, 48, 58, 112, 105, 112, 101, 45, 80, 45, 49, 49, 48, 58, 101, 110, 100, 45, 105, 58, 117, 115, 101, 114, 45, 109, 117, 108, 116, 105, 112, 108, 105, 101, 114, 34, 10, 32, 32, 32, 32, 125, 44, 10, 32, 32, 32, 32, 123, 10, 32, 32, 32, 32, 32, 32, 34, 114, 101, 102, 95, 116, 121, 112, 101, 34, 58, 32, 34, 114, 101, 115, 117, 108, 116, 34, 44, 10, 32, 32, 32, 32, 32, 32, 34, 114, 101, 102, 95, 105, 100, 34, 58, 32, 34, 114, 101, 115, 117, 108, 116, 58, 115, 116, 114, 101, 115, 115, 58, 99, 111, 109, 112, 111, 110, 101, 110, 116, 45, 67, 45, 49, 50, 48, 58, 112, 105, 112, 101, 45, 80, 45, 49, 49, 48, 58, 101, 110, 100, 45, 106, 58, 117, 115, 101, 114, 45, 109, 117, 108, 116, 105, 112, 108, 105, 101, 114, 34, 10, 32, 32, 32, 32, 125, 44, 10, 32, 32, 32, 32, 123, 10, 32, 32, 32, 32, 32, 32, 34, 114, 101, 102, 95, 116, 121, 112, 101, 34, 58, 32, 34, 114, 101, 115, 117, 108, 116, 34, 44, 10, 32, 32, 32, 32, 32, 32, 34, 114, 101, 102, 95, 105, 100, 34, 58, 32, 34, 114, 101, 115, 117, 108, 116, 58, 102, 111, 114, 99, 101, 58, 112, 105, 112, 101, 45, 80, 45, 49, 50, 48, 58, 97, 120, 105, 97, 108, 34, 10, 32, 32, 32, 32, 125, 44, 10, 32, 32, 32, 32, 123, 10, 32, 32, 32, 32, 32, 32, 34, 114, 101, 102, 95, 116, 121, 112, 101, 34, 58, 32, 34, 114, 101, 115, 117, 108, 116, 34, 44, 10, 32, 32, 32, 32, 32, 32, 34, 114, 101, 102, 95, 105, 100, 34, 58, 32, 34, 114, 101, 115, 117, 108, 116, 58, 102, 111, 114, 99, 101, 58, 112, 105, 112, 101, 45, 80, 45, 49, 50, 48, 58, 97, 120, 105, 97, 108, 58, 101, 110, 100, 45, 106, 34, 10, 32, 32, 32, 32, 125, 44, 10, 32, 32, 32, 32, 123, 10, 32, 32, 32, 32, 32, 32, 34, 114, 101, 102, 95, 116, 121, 112, 101, 34, 58, 32, 34, 114, 101, 115, 117, 108, 116, 34, 44, 10, 32, 32, 32, 32, 32, 32, 34, 114, 101, 102, 95, 105, 100, 34, 58, 32, 34, 114, 101, 115, 117, 108, 116, 58, 102, 111, 114, 99, 101, 58, 112, 105, 112, 101, 45, 80, 45, 49, 50, 48, 58, 115, 104, 101, 97, 114, 45, 121, 34, 10, 32, 32, 32, 32, 125, 44, 10, 32, 32, 32, 32, 123, 10, 32, 32, 32, 32, 32, 32, 34, 114, 101, 102, 95, 116, 121, 112, 101, 34, 58, 32, 34, 114, 101, 115, 117, 108, 116, 34, 44, 10, 32, 32, 32, 32, 32, 32, 34, 114, 101, 102, 95, 105, 100, 34, 58, 32, 34, 114, 101, 115, 117, 108, 116, 58, 102, 111, 114, 99, 101, 58, 112, 105, 112, 101, 45, 80, 45, 49, 50, 48, 58, 115, 104, 101, 97, 114, 45, 121, 58, 101, 110, 100, 45, 106, 34, 10, 32, 32, 32, 32, 125, 44, 10, 32, 32, 32, 32, 123, 10, 32, 32, 32, 32, 32, 32, 34, 114, 101, 102, 95, 116, 121, 112, 101, 34, 58, 32, 34, 114, 101, 115, 117, 108, 116, 34, 44, 10, 32, 32, 32, 32, 32, 32, 34, 114, 101, 102, 95, 105, 100, 34, 58, 32, 34, 114, 101, 115, 117, 108, 116, 58, 102, 111, 114, 99, 101, 58, 112, 105, 112, 101, 45, 80, 45, 49, 50, 48, 58, 115, 104, 101, 97, 114, 45, 122, 34, 10, 32, 32, 32, 32, 125, 44, 10, 32, 32, 32, 32, 123, 10, 32, 32, 32, 32, 32, 32, 34, 114, 101, 102, 95, 116, 121, 112, 101, 34, 58, 32, 34, 114, 101, 115, 117, 108, 116, 34, 44, 10, 32, 32, 32, 32, 32, 32, 34, 114, 101, 102, 95, 105, 100, 34, 58, 32, 34, 114, 101, 115, 117, 108, 116, 58, 102, 111, 114, 99, 101, 58, 112, 105, 112, 101, 45, 80, 45, 49, 50, 48, 58, 115, 104, 101, 97, 114, 45, 122, 58, 101, 110, 100, 45, 106, 34, 10, 32, 32, 32, 32, 125, 44, 10, 32, 32, 32, 32, 123, 10, 32, 32, 32, 32, 32, 32, 34, 114, 101, 102, 95, 116, 121, 112, 101, 34, 58, 32, 34, 114, 101, 115, 117, 108, 116, 34, 44, 10, 32, 32, 32, 32, 32, 32, 34, 114, 101, 102, 95, 105, 100, 34, 58, 32, 34, 114, 101, 115, 117, 108, 116, 58, 109, 111, 109, 101, 110, 116, 58, 112, 105, 112, 101, 45, 80, 45, 49, 50, 48, 58, 116, 111, 114, 115, 105, 111, 110, 34, 10, 32, 32, 32, 32, 125, 44, 10, 32, 32, 32, 32, 123, 10, 32, 32, 32, 32, 32, 32, 34, 114, 101, 102, 95, 116, 121, 112, 101, 34, 58, 32, 34, 114, 101, 115, 117, 108, 116, 34, 44, 10, 32, 32, 32, 32, 32, 32, 34, 114, 101, 102, 95, 105, 100, 34, 58, 32, 34, 114, 101, 115, 117, 108, 116, 58, 109, 111, 109, 101, 110, 116, 58, 112, 105, 112, 101, 45, 80, 45, 49, 50, 48, 58, 116, 111, 114, 115, 105, 111, 110, 58, 101, 110, 100, 45, 106, 34, 10, 32, 32, 32, 32, 125, 44, 10, 32, 32, 32, 32, 123, 10, 32, 32, 32, 32, 32, 32, 34, 114, 101, 102, 95, 116, 121, 112, 101, 34, 58, 32, 34, 114, 101, 115, 117, 108, 116, 34, 44, 10, 32, 32, 32, 32, 32, 32, 34, 114, 101, 102, 95, 105, 100, 34, 58, 32, 34, 114, 101, 115, 117, 108, 116, 58, 109, 111, 109, 101, 110, 116, 58, 112, 105, 112, 101, 45, 80, 45, 49, 50, 48, 58, 98, 101, 110, 100, 105, 110, 103, 45, 121, 34, 10, 32, 32, 32, 32, 125, 44, 10, 32, 32, 32, 32, 123, 10, 32, 32, 32, 32, 32, 32, 34, 114, 101, 102, 95, 116, 121, 112, 101, 34, 58, 32, 34, 114, 101, 115, 117, 108, 116, 34, 44, 10, 32, 32, 32, 32, 32, 32, 34, 114, 101, 102, 95, 105, 100, 34, 58, 32, 34, 114, 101, 115, 117, 108, 116, 58, 109, 111, 109, 101, 110, 116, 58, 112, 105, 112, 101, 45, 80, 45, 49, 50, 48, 58, 98, 101, 110, 100, 105, 110, 103, 45, 121, 58, 101, 110, 100, 45, 106, 34, 10, 32, 32, 32, 32, 125, 44, 10, 32, 32, 32, 32, 123, 10, 32, 32, 32, 32, 32, 32, 34, 114, 101, 102, 95, 116, 121, 112, 101, 34, 58, 32, 34, 114, 101, 115, 117, 108, 116, 34, 44, 10, 32, 32, 32, 32, 32, 32, 34, 114, 101, 102, 95, 105, 100, 34, 58, 32, 34, 114, 101, 115, 117, 108, 116, 58, 109, 111, 109, 101, 110, 116, 58, 112, 105, 112, 101, 45, 80, 45, 49, 50, 48, 58, 98, 101, 110, 100, 105, 110, 103, 45, 122, 34, 10, 32, 32, 32, 32, 125, 44, 10, 32, 32, 32, 32, 123, 10, 32, 32, 32, 32, 32, 32, 34, 114, 101, 102, 95, 116, 121, 112, 101, 34, 58, 32, 34, 114, 101, 115, 117, 108, 116, 34, 44, 10, 32, 32, 32, 32, 32, 32, 34, 114, 101, 102, 95, 105, 100, 34, 58, 32, 34, 114, 101, 115, 117, 108, 116, 58, 109, 111, 109, 101, 110, 116, 58, 112, 105, 112, 101, 45, 80, 45, 49, 50, 48, 58, 98, 101, 110, 100, 105, 110, 103, 45, 122, 58, 101, 110, 100, 45, 106, 34, 10, 32, 32, 32, 32, 125, 44, 10, 32, 32, 32, 32, 123, 10, 32, 32, 32, 32, 32, 32, 34, 114, 101, 102, 95, 116, 121, 112, 101, 34, 58, 32, 34, 114, 101, 115, 117, 108, 116, 34, 44, 10, 32, 32, 32, 32, 32, 32, 34, 114, 101, 102, 95, 105, 100, 34, 58, 32, 34, 114, 101, 115, 117, 108, 116, 58, 102, 111, 114, 99, 101, 58, 112, 105, 112, 101, 45, 80, 45, 49, 50, 48, 58, 113, 117, 97, 114, 116, 101, 114, 45, 49, 58, 97, 120, 105, 97, 108, 34, 10, 32, 32, 32, 32, 125, 44, 10, 32, 32, 32, 32, 123, 10, 32, 32, 32, 32, 32, 32, 34, 114, 101, 102, 95, 116, 121, 112, 101, 34, 58, 32, 34, 114, 101, 115, 117, 108, 116, 34, 44, 10, 32, 32, 32, 32, 32, 32, 34, 114, 101, 102, 95, 105, 100, 34, 58, 32, 34, 114, 101, 115, 117, 108, 116, 58, 102, 111, 114, 99, 101, 58, 112, 105, 112, 101, 45, 80, 45, 49, 50, 48, 58, 113, 117, 97, 114, 116, 101, 114, 45, 49, 58, 115, 104, 101, 97, 114, 45, 121, 34, 10, 32, 32, 32, 32, 125, 44, 10, 32, 32, 32, 32, 123, 10, 32, 32, 32, 32, 32, 32, 34, 114, 101, 102, 95, 116, 121, 112, 101, 34, 58, 32, 34, 114, 101, 115, 117, 108, 116, 34, 44, 10, 32, 32, 32, 32, 32, 32, 34, 114, 101, 102, 95, 105, 100, 34, 58, 32, 34, 114, 101, 115, 117, 108, 116, 58, 102, 111, 114, 99, 101, 58, 112, 105, 112, 101, 45, 80, 45, 49, 50, 48, 58, 113, 117, 97, 114, 116, 101, 114, 45, 49, 58, 115, 104, 101, 97, 114, 45, 122, 34, 10, 32, 32, 32, 32, 125, 44, 10, 32, 32, 32, 32, 123, 10, 32, 32, 32, 32, 32, 32, 34, 114, 101, 102, 95, 116, 121, 112, 101, 34, 58, 32, 34, 114, 101, 115, 117, 108, 116, 34, 44, 10, 32, 32, 32, 32, 32, 32, 34, 114, 101, 102, 95, 105, 100, 34, 58, 32, 34, 114, 101, 115, 117, 108, 116, 58, 109, 111, 109, 101, 110, 116, 58, 112, 105, 112, 101, 45, 80, 45, 49, 50, 48, 58, 113, 117, 97, 114, 116, 101, 114, 45, 49, 58, 116, 111, 114, 115, 105, 111, 110, 34, 10, 32, 32, 32, 32, 125, 44, 10, 32, 32, 32, 32, 123, 10, 32, 32, 32, 32, 32, 32, 34, 114, 101, 102, 95, 116, 121, 112, 101, 34, 58, 32, 34, 114, 101, 115, 117, 108, 116, 34, 44, 10, 32, 32, 32, 32, 32, 32, 34, 114, 101, 102, 95, 105, 100, 34, 58, 32, 34, 114, 101, 115, 117, 108, 116, 58, 109, 111, 109, 101, 110, 116, 58, 112, 105, 112, 101, 45, 80, 45, 49, 50, 48, 58, 113, 117, 97, 114, 116, 101, 114, 45, 49, 58, 98, 101, 110, 100, 105, 110, 103, 45, 121, 34, 10, 32, 32, 32, 32, 125, 44, 10, 32, 32, 32, 32, 123, 10, 32, 32, 32, 32, 32, 32, 34, 114, 101, 102, 95, 116, 121, 112, 101, 34, 58, 32, 34, 114, 101, 115, 117, 108, 116, 34, 44, 10, 32, 32, 32, 32, 32, 32, 34, 114, 101, 102, 95, 105, 100, 34, 58, 32, 34, 114, 101, 115, 117, 108, 116, 58, 109, 111, 109, 101, 110, 116, 58, 112, 105, 112, 101, 45, 80, 45, 49, 50, 48, 58, 113, 117, 97, 114, 116, 101, 114, 45, 49, 58, 98, 101, 110, 100, 105, 110, 103, 45, 122, 34, 10, 32, 32, 32, 32, 125, 44, 10, 32, 32, 32, 32, 123, 10, 32, 32, 32, 32, 32, 32, 34, 114, 101, 102, 95, 116, 121, 112, 101, 34, 58, 32, 34, 114, 101, 115, 117, 108, 116, 34, 44, 10, 32, 32, 32, 32, 32, 32, 34, 114, 101, 102, 95, 105, 100, 34, 58, 32, 34, 114, 101, 115, 117, 108, 116, 58, 102, 111, 114, 99, 101, 58, 112, 105, 112, 101, 45, 80, 45, 49, 50, 48, 58, 109, 105, 100, 115, 112, 97, 110, 58, 97, 120, 105, 97, 108, 34, 10, 32, 32, 32, 32, 125, 44, 10, 32, 32, 32, 32, 123, 10, 32, 32, 32, 32, 32, 32, 34, 114, 101, 102, 95, 116, 121, 112, 101, 34, 58, 32, 34, 114, 101, 115, 117, 108, 116, 34, 44, 10, 32, 32, 32, 32, 32, 32, 34, 114, 101, 102, 95, 105, 100, 34, 58, 32, 34, 114, 101, 115, 117, 108, 116, 58, 102, 111, 114, 99, 101, 58, 112, 105, 112, 101, 45, 80, 45, 49, 50, 48, 58, 109, 105, 100, 115, 112, 97, 110, 58, 115, 104, 101, 97, 114, 45, 121, 34, 10, 32, 32, 32, 32, 125, 44, 10, 32, 32, 32, 32, 123, 10, 32, 32, 32, 32, 32, 32, 34, 114, 101, 102, 95, 116, 121, 112, 101, 34, 58, 32, 34, 114, 101, 115, 117, 108, 116, 34, 44, 10, 32, 32, 32, 32, 32, 32, 34, 114, 101, 102, 95, 105, 100, 34, 58, 32, 34, 114, 101, 115, 117, 108, 116, 58, 102, 111, 114, 99, 101, 58, 112, 105, 112, 101, 45, 80, 45, 49, 50, 48, 58, 109, 105, 100, 115, 112, 97, 110, 58, 115, 104, 101, 97, 114, 45, 122, 34, 10, 32, 32, 32, 32, 125, 44, 10, 32, 32, 32, 32, 123, 10, 32, 32, 32, 32, 32, 32, 34, 114, 101, 102, 95, 116, 121, 112, 101, 34, 58, 32, 34, 114, 101, 115, 117, 108, 116, 34, 44, 10, 32, 32, 32, 32, 32, 32, 34, 114, 101, 102, 95, 105, 100, 34, 58, 32, 34, 114, 101, 115, 117, 108, 116, 58, 109, 111, 109, 101, 110, 116, 58, 112, 105, 112, 101, 45, 80, 45, 49, 50, 48, 58, 109, 105, 100, 115, 112, 97, 110, 58, 116, 111, 114, 115, 105, 111, 110, 34, 10, 32, 32, 32, 32, 125, 44, 10, 32, 32, 32, 32, 123, 10, 32, 32, 32, 32, 32, 32, 34, 114, 101, 102, 95, 116, 121, 112, 101, 34, 58, 32, 34, 114, 101, 115, 117, 108, 116, 34, 44, 10, 32, 32, 32, 32, 32, 32, 34, 114, 101, 102, 95, 105, 100, 34, 58, 32, 34, 114, 101, 115, 117, 108, 116, 58, 109, 111, 109, 101, 110, 116, 58, 112, 105, 112, 101, 45, 80, 45, 49, 50, 48, 58, 109, 105, 100, 115, 112, 97, 110, 58, 98, 101, 110, 100, 105, 110, 103, 45, 121, 34, 10, 32, 32, 32, 32, 125, 44, 10, 32, 32, 32, 32, 123, 10, 32, 32, 32, 32, 32, 32, 34, 114, 101, 102, 95, 116, 121, 112, 101, 34, 58, 32, 34, 114, 101, 115, 117, 108, 116, 34, 44, 10, 32, 32, 32, 32, 32, 32, 34, 114, 101, 102, 95, 105, 100, 34, 58, 32, 34, 114, 101, 115, 117, 108, 116, 58, 109, 111, 109, 101, 110, 116, 58, 112, 105, 112, 101, 45, 80, 45, 49, 50, 48, 58, 109, 105, 100, 115, 112, 97, 110, 58, 98, 101, 110, 100, 105, 110, 103, 45, 122, 34, 10, 32, 32, 32, 32, 125, 44, 10, 32, 32, 32, 32, 123, 10, 32, 32, 32, 32, 32, 32, 34, 114, 101, 102, 95, 116, 121, 112, 101, 34, 58, 32, 34, 114, 101, 115, 117, 108, 116, 34, 44, 10, 32, 32, 32, 32, 32, 32, 34, 114, 101, 102, 95, 105, 100, 34, 58, 32, 34, 114, 101, 115, 117, 108, 116, 58, 102, 111, 114, 99, 101, 58, 112, 105, 112, 101, 45, 80, 45, 49, 50, 48, 58, 113, 117, 97, 114, 116, 101, 114, 45, 51, 58, 97, 120, 105, 97, 108, 34, 10, 32, 32, 32, 32, 125, 44, 10, 32, 32, 32, 32, 123, 10, 32, 32, 32, 32, 32, 32, 34, 114, 101, 102, 95, 116, 121, 112, 101, 34, 58, 32, 34, 114, 101, 115, 117, 108, 116, 34, 44, 10, 32, 32, 32, 32, 32, 32, 34, 114, 101, 102, 95, 105, 100, 34, 58, 32, 34, 114, 101, 115, 117, 108, 116, 58, 102, 111, 114, 99, 101, 58, 112, 105, 112, 101, 45, 80, 45, 49, 50, 48, 58, 113, 117, 97, 114, 116, 101, 114, 45, 51, 58, 115, 104, 101, 97, 114, 45, 121, 34, 10, 32, 32, 32, 32, 125, 44, 10, 32, 32, 32, 32, 123, 10, 32, 32, 32, 32, 32, 32, 34, 114, 101, 102, 95, 116, 121, 112, 101, 34, 58, 32, 34, 114, 101, 115, 117, 108, 116, 34, 44, 10, 32, 32, 32, 32, 32, 32, 34, 114, 101, 102, 95, 105, 100, 34, 58, 32, 34, 114, 101, 115, 117, 108, 116, 58, 102, 111, 114, 99, 101, 58, 112, 105, 112, 101, 45, 80, 45, 49, 50, 48, 58, 113, 117, 97, 114, 116, 101, 114, 45, 51, 58, 115, 104, 101, 97, 114, 45, 122, 34, 10, 32, 32, 32, 32, 125, 44, 10, 32, 32, 32, 32, 123, 10, 32, 32, 32, 32, 32, 32, 34, 114, 101, 102, 95, 116, 121, 112, 101, 34, 58, 32, 34, 114, 101, 115, 117, 108, 116, 34, 44, 10, 32, 32, 32, 32, 32, 32, 34, 114, 101, 102, 95, 105, 100, 34, 58, 32, 34, 114, 101, 115, 117, 108, 116, 58, 109, 111, 109, 101, 110, 116, 58, 112, 105, 112, 101, 45, 80, 45, 49, 50, 48, 58, 113, 117, 97, 114, 116, 101, 114, 45, 51, 58, 116, 111, 114, 115, 105, 111, 110, 34, 10, 32, 32, 32, 32, 125, 44, 10, 32, 32, 32, 32, 123, 10, 32, 32, 32, 32, 32, 32, 34, 114, 101, 102, 95, 116, 121, 112, 101, 34, 58, 32, 34, 114, 101, 115, 117, 108, 116, 34, 44, 10, 32, 32, 32, 32, 32, 32, 34, 114, 101, 102, 95, 105, 100, 34, 58, 32, 34, 114, 101, 115, 117, 108, 116, 58, 109, 111, 109, 101, 110, 116, 58, 112, 105, 112, 101, 45, 80, 45, 49, 50, 48, 58, 113, 117, 97, 114, 116, 101, 114, 45, 51, 58, 98, 101, 110, 100, 105, 110, 103, 45, 121, 34, 10, 32, 32, 32, 32, 125, 44, 10, 32, 32, 32, 32, 123, 10, 32, 32, 32, 32, 32, 32, 34, 114, 101, 102, 95, 116, 121, 112, 101, 34, 58, 32, 34, 114, 101, 115, 117, 108, 116, 34, 44, 10, 32, 32, 32, 32, 32, 32, 34, 114, 101, 102, 95, 105, 100, 34, 58, 32, 34, 114, 101, 115, 117, 108, 116, 58, 109, 111, 109, 101, 110, 116, 58, 112, 105, 112, 101, 45, 80, 45, 49, 50, 48, 58, 113, 117, 97, 114, 116, 101, 114, 45, 51, 58, 98, 101, 110, 100, 105, 110, 103, 45, 122, 34, 10, 32, 32, 32, 32, 125, 44, 10, 32, 32, 32, 32, 123, 10, 32, 32, 32, 32, 32, 32, 34, 114, 101, 102, 95, 116, 121, 112, 101, 34, 58, 32, 34, 114, 101, 115, 117, 108, 116, 34, 44, 10, 32, 32, 32, 32, 32, 32, 34, 114, 101, 102, 95, 105, 100, 34, 58, 32, 34, 114, 101, 115, 117, 108, 116, 58, 115, 116, 114, 101, 115, 115, 58, 112, 105, 112, 101, 45, 80, 45, 49, 50, 48, 58, 101, 110, 100, 45, 105, 58, 97, 120, 105, 97, 108, 45, 110, 111, 114, 109, 97, 108, 34, 10, 32, 32, 32, 32, 125, 44, 10, 32, 32, 32, 32, 123, 10, 32, 32, 32, 32, 32, 32, 34, 114, 101, 102, 95, 116, 121, 112, 101, 34, 58, 32, 34, 114, 101, 115, 117, 108, 116, 34, 44, 10, 32, 32, 32, 32, 32, 32, 34, 114, 101, 102, 95, 105, 100, 34, 58, 32, 34, 114, 101, 115, 117, 108, 116, 58, 115, 116, 114, 101, 115, 115, 58, 112, 105, 112, 101, 45, 80, 45, 49, 50, 48, 58, 101, 110, 100, 45, 105, 58, 98, 101, 110, 100, 105, 110, 103, 45, 110, 111, 114, 109, 97, 108, 45, 121, 34, 10, 32, 32, 32, 32, 125, 44, 10, 32, 32, 32, 32, 123, 10, 32, 32, 32, 32, 32, 32, 34, 114, 101, 102, 95, 116, 121, 112, 101, 34, 58, 32, 34, 114, 101, 115, 117, 108, 116, 34, 44, 10, 32, 32, 32, 32, 32, 32, 34, 114, 101, 102, 95, 105, 100, 34, 58, 32, 34, 114, 101, 115, 117, 108, 116, 58, 115, 116, 114, 101, 115, 115, 58, 112, 105, 112, 101, 45, 80, 45, 49, 50, 48, 58, 101, 110, 100, 45, 105, 58, 98, 101, 110, 100, 105, 110, 103, 45, 110, 111, 114, 109, 97, 108, 45, 122, 34, 10, 32, 32, 32, 32, 125, 44, 10, 32, 32, 32, 32, 123, 10, 32, 32, 32, 32, 32, 32, 34, 114, 101, 102, 95, 116, 121, 112, 101, 34, 58, 32, 34, 114, 101, 115, 117, 108, 116, 34, 44, 10, 32, 32, 32, 32, 32, 32, 34, 114, 101, 102, 95, 105, 100, 34, 58, 32, 34, 114, 101, 115, 117, 108, 116, 58, 115, 116, 114, 101, 115, 115, 58, 112, 105, 112, 101, 45, 80, 45, 49, 50, 48, 58, 101, 110, 100, 45, 105, 58, 116, 111, 114, 115, 105, 111, 110, 97, 108, 45, 115, 104, 101, 97, 114, 34, 10, 32, 32, 32, 32, 125, 44, 10, 32, 32, 32, 32, 123, 10, 32, 32, 32, 32, 32, 32, 34, 114, 101, 102, 95, 116, 121, 112, 101, 34, 58, 32, 34, 114, 101, 115, 117, 108, 116, 34, 44, 10, 32, 32, 32, 32, 32, 32, 34, 114, 101, 102, 95, 105, 100, 34, 58, 32, 34, 114, 101, 115, 117, 108, 116, 58, 115, 116, 114, 101, 115, 115, 58, 112, 105, 112, 101, 45, 80, 45, 49, 50, 48, 58, 101, 110, 100, 45, 105, 58, 112, 114, 101, 115, 115, 117, 114, 101, 45, 104, 111, 111, 112, 34, 10, 32, 32, 32, 32, 125, 44, 10, 32, 32, 32, 32, 123, 10, 32, 32, 32, 32, 32, 32, 34, 114, 101, 102, 95, 116, 121, 112, 101, 34, 58, 32, 34, 114, 101, 115, 117, 108, 116, 34, 44, 10, 32, 32, 32, 32, 32, 32, 34, 114, 101, 102, 95, 105, 100, 34, 58, 32, 34, 114, 101, 115, 117, 108, 116, 58, 115, 116, 114, 101, 115, 115, 58, 112, 105, 112, 101, 45, 80, 45, 49, 50, 48, 58, 101, 110, 100, 45, 106, 58, 97, 120, 105, 97, 108, 45, 110, 111, 114, 109, 97, 108, 34, 10, 32, 32, 32, 32, 125, 44, 10, 32, 32, 32, 32, 123, 10, 32, 32, 32, 32, 32, 32, 34, 114, 101, 102, 95, 116, 121, 112, 101, 34, 58, 32, 34, 114, 101, 115, 117, 108, 116, 34, 44, 10, 32, 32, 32, 32, 32, 32, 34, 114, 101, 102, 95, 105, 100, 34, 58, 32, 34, 114, 101, 115, 117, 108, 116, 58, 115, 116, 114, 101, 115, 115, 58, 112, 105, 112, 101, 45, 80, 45, 49, 50, 48, 58, 101, 110, 100, 45, 106, 58, 98, 101, 110, 100, 105, 110, 103, 45, 110, 111, 114, 109, 97, 108, 45, 121, 34, 10, 32, 32, 32, 32, 125, 44, 10, 32, 32, 32, 32, 123, 10, 32, 32, 32, 32, 32, 32, 34, 114, 101, 102, 95, 116, 121, 112, 101, 34, 58, 32, 34, 114, 101, 115, 117, 108, 116, 34, 44, 10, 32, 32, 32, 32, 32, 32, 34, 114, 101, 102, 95, 105, 100, 34, 58, 32, 34, 114, 101, 115, 117, 108, 116, 58, 115, 116, 114, 101, 115, 115, 58, 112, 105, 112, 101, 45, 80, 45, 49, 50, 48, 58, 101, 110, 100, 45, 106, 58, 98, 101, 110, 100, 105, 110, 103, 45, 110, 111, 114, 109, 97, 108, 45, 122, 34, 10, 32, 32, 32, 32, 125, 44, 10, 32, 32, 32, 32, 123, 10, 32, 32, 32, 32, 32, 32, 34, 114, 101, 102, 95, 116, 121, 112, 101, 34, 58, 32, 34, 114, 101, 115, 117, 108, 116, 34, 44, 10, 32, 32, 32, 32, 32, 32, 34, 114, 101, 102, 95, 105, 100, 34, 58, 32, 34, 114, 101, 115, 117, 108, 116, 58, 115, 116, 114, 101, 115, 115, 58, 112, 105, 112, 101, 45, 80, 45, 49, 50, 48, 58, 101, 110, 100, 45, 106, 58, 116, 111, 114, 115, 105, 111, 110, 97, 108, 45, 115, 104, 101, 97, 114, 34, 10, 32, 32, 32, 32, 125, 44, 10, 32, 32, 32, 32, 123, 10, 32, 32, 32, 32, 32, 32, 34, 114, 101, 102, 95, 116, 121, 112, 101, 34, 58, 32, 34, 114, 101, 115, 117, 108, 116, 34, 44, 10, 32, 32, 32, 32, 32, 32, 34, 114, 101, 102, 95, 105, 100, 34, 58, 32, 34, 114, 101, 115, 117, 108, 116, 58, 115, 116, 114, 101, 115, 115, 58, 112, 105, 112, 101, 45, 80, 45, 49, 50, 48, 58, 101, 110, 100, 45, 106, 58, 112, 114, 101, 115, 115, 117, 114, 101, 45, 104, 111, 111, 112, 34, 10, 32, 32, 32, 32, 125, 44, 10, 32, 32, 32, 32, 123, 10, 32, 32, 32, 32, 32, 32, 34, 114, 101, 102, 95, 116, 121, 112, 101, 34, 58, 32, 34, 114, 101, 115, 117, 108, 116, 34, 44, 10, 32, 32, 32, 32, 32, 32, 34, 114, 101, 102, 95, 105, 100, 34, 58, 32, 34, 114, 101, 115, 117, 108, 116, 58, 115, 116, 114, 101, 115, 115, 58, 112, 105, 112, 101, 45, 80, 45, 49, 50, 48, 58, 113, 117, 97, 114, 116, 101, 114, 45, 49, 58, 97, 120, 105, 97, 108, 45, 110, 111, 114, 109, 97, 108, 34, 10, 32, 32, 32, 32, 125, 44, 10, 32, 32, 32, 32, 123, 10, 32, 32, 32, 32, 32, 32, 34, 114, 101, 102, 95, 116, 121, 112, 101, 34, 58, 32, 34, 114, 101, 115, 117, 108, 116, 34, 44, 10, 32, 32, 32, 32, 32, 32, 34, 114, 101, 102, 95, 105, 100, 34, 58, 32, 34, 114, 101, 115, 117, 108, 116, 58, 115, 116, 114, 101, 115, 115, 58, 112, 105, 112, 101, 45, 80, 45, 49, 50, 48, 58, 113, 117, 97, 114, 116, 101, 114, 45, 49, 58, 98, 101, 110, 100, 105, 110, 103, 45, 110, 111, 114, 109, 97, 108, 45, 121, 34, 10, 32, 32, 32, 32, 125, 44, 10, 32, 32, 32, 32, 123, 10, 32, 32, 32, 32, 32, 32, 34, 114, 101, 102, 95, 116, 121, 112, 101, 34, 58, 32, 34, 114, 101, 115, 117, 108, 116, 34, 44, 10, 32, 32, 32, 32, 32, 32, 34, 114, 101, 102, 95, 105, 100, 34, 58, 32, 34, 114, 101, 115, 117, 108, 116, 58, 115, 116, 114, 101, 115, 115, 58, 112, 105, 112, 101, 45, 80, 45, 49, 50, 48, 58, 113, 117, 97, 114, 116, 101, 114, 45, 49, 58, 98, 101, 110, 100, 105, 110, 103, 45, 110, 111, 114, 109, 97, 108, 45, 122, 34, 10, 32, 32, 32, 32, 125, 44, 10, 32, 32, 32, 32, 123, 10, 32, 32, 32, 32, 32, 32, 34, 114, 101, 102, 95, 116, 121, 112, 101, 34, 58, 32, 34, 114, 101, 115, 117, 108, 116, 34, 44, 10, 32, 32, 32, 32, 32, 32, 34, 114, 101, 102, 95, 105, 100, 34, 58, 32, 34, 114, 101, 115, 117, 108, 116, 58, 115, 116, 114, 101, 115, 115, 58, 112, 105, 112, 101, 45, 80, 45, 49, 50, 48, 58, 113, 117, 97, 114, 116, 101, 114, 45, 49, 58, 116, 111, 114, 115, 105, 111, 110, 97, 108, 45, 115, 104, 101, 97, 114, 34, 10, 32, 32, 32, 32, 125, 44, 10, 32, 32, 32, 32, 123, 10, 32, 32, 32, 32, 32, 32, 34, 114, 101, 102, 95, 116, 121, 112, 101, 34, 58, 32, 34, 114, 101, 115, 117, 108, 116, 34, 44, 10, 32, 32, 32, 32, 32, 32, 34, 114, 101, 102, 95, 105, 100, 34, 58, 32, 34, 114, 101, 115, 117, 108, 116, 58, 115, 116, 114, 101, 115, 115, 58, 112, 105, 112, 101, 45, 80, 45, 49, 50, 48, 58, 113, 117, 97, 114, 116, 101, 114, 45, 49, 58, 112, 114, 101, 115, 115, 117, 114, 101, 45, 104, 111, 111, 112, 34, 10, 32, 32, 32, 32, 125, 44, 10, 32, 32, 32, 32, 123, 10, 32, 32, 32, 32, 32, 32, 34, 114, 101, 102, 95, 116, 121, 112, 101, 34, 58, 32, 34, 114, 101, 115, 117, 108, 116, 34, 44, 10, 32, 32, 32, 32, 32, 32, 34, 114, 101, 102, 95, 105, 100, 34, 58, 32, 34, 114, 101, 115, 117, 108, 116, 58, 115, 116, 114, 101, 115, 115, 58, 112, 105, 112, 101, 45, 80, 45, 49, 50, 48, 58, 109, 105, 100, 115, 112, 97, 110, 58, 97, 120, 105, 97, 108, 45, 110, 111, 114, 109, 97, 108, 34, 10, 32, 32, 32, 32, 125, 44, 10, 32, 32, 32, 32, 123, 10, 32, 32, 32, 32, 32, 32, 34, 114, 101, 102, 95, 116, 121, 112, 101, 34, 58, 32, 34, 114, 101, 115, 117, 108, 116, 34, 44, 10, 32, 32, 32, 32, 32, 32, 34, 114, 101, 102, 95, 105, 100, 34, 58, 32, 34, 114, 101, 115, 117, 108, 116, 58, 115, 116, 114, 101, 115, 115, 58, 112, 105, 112, 101, 45, 80, 45, 49, 50, 48, 58, 109, 105, 100, 115, 112, 97, 110, 58, 98, 101, 110, 100, 105, 110, 103, 45, 110, 111, 114, 109, 97, 108, 45, 121, 34, 10, 32, 32, 32, 32, 125, 44, 10, 32, 32, 32, 32, 123, 10, 32, 32, 32, 32, 32, 32, 34, 114, 101, 102, 95, 116, 121, 112, 101, 34, 58, 32, 34, 114, 101, 115, 117, 108, 116, 34, 44, 10, 32, 32, 32, 32, 32, 32, 34, 114, 101, 102, 95, 105, 100, 34, 58, 32, 34, 114, 101, 115, 117, 108, 116, 58, 115, 116, 114, 101, 115, 115, 58, 112, 105, 112, 101, 45, 80, 45, 49, 50, 48, 58, 109, 105, 100, 115, 112, 97, 110, 58, 98, 101, 110, 100, 105, 110, 103, 45, 110, 111, 114, 109, 97, 108, 45, 122, 34, 10, 32, 32, 32, 32, 125, 44, 10, 32, 32, 32, 32, 123, 10, 32, 32, 32, 32, 32, 32, 34, 114, 101, 102, 95, 116, 121, 112, 101, 34, 58, 32, 34, 114, 101, 115, 117, 108, 116, 34, 44, 10, 32, 32, 32, 32, 32, 32, 34, 114, 101, 102, 95, 105, 100, 34, 58, 32, 34, 114, 101, 115, 117, 108, 116, 58, 115, 116, 114, 101, 115, 115, 58, 112, 105, 112, 101, 45, 80, 45, 49, 50, 48, 58, 109, 105, 100, 115, 112, 97, 110, 58, 116, 111, 114, 115, 105, 111, 110, 97, 108, 45, 115, 104, 101, 97, 114, 34, 10, 32, 32, 32, 32, 125, 44, 10, 32, 32, 32, 32, 123, 10, 32, 32, 32, 32, 32, 32, 34, 114, 101, 102, 95, 116, 121, 112, 101, 34, 58, 32, 34, 114, 101, 115, 117, 108, 116, 34, 44, 10, 32, 32, 32, 32, 32, 32, 34, 114, 101, 102, 95, 105, 100, 34, 58, 32, 34, 114, 101, 115, 117, 108, 116, 58, 115, 116, 114, 101, 115, 115, 58, 112, 105, 112, 101, 45, 80, 45, 49, 50, 48, 58, 109, 105, 100, 115, 112, 97, 110, 58, 112, 114, 101, 115, 115, 117, 114, 101, 45, 104, 111, 111, 112, 34, 10, 32, 32, 32, 32, 125, 44, 10, 32, 32, 32, 32, 123, 10, 32, 32, 32, 32, 32, 32, 34, 114, 101, 102, 95, 116, 121, 112, 101, 34, 58, 32, 34, 114, 101, 115, 117, 108, 116, 34, 44, 10, 32, 32, 32, 32, 32, 32, 34, 114, 101, 102, 95, 105, 100, 34, 58, 32, 34, 114, 101, 115, 117, 108, 116, 58, 115, 116, 114, 101, 115, 115, 58, 112, 105, 112, 101, 45, 80, 45, 49, 50, 48, 58, 113, 117, 97, 114, 116, 101, 114, 45, 51, 58, 97, 120, 105, 97, 108, 45, 110, 111, 114, 109, 97, 108, 34, 10, 32, 32, 32, 32, 125, 44, 10, 32, 32, 32, 32, 123, 10, 32, 32, 32, 32, 32, 32, 34, 114, 101, 102, 95, 116, 121, 112, 101, 34, 58, 32, 34, 114, 101, 115, 117, 108, 116, 34, 44, 10, 32, 32, 32, 32, 32, 32, 34, 114, 101, 102, 95, 105, 100, 34, 58, 32, 34, 114, 101, 115, 117, 108, 116, 58, 115, 116, 114, 101, 115, 115, 58, 112, 105, 112, 101, 45, 80, 45, 49, 50, 48, 58, 113, 117, 97, 114, 116, 101, 114, 45, 51, 58, 98, 101, 110, 100, 105, 110, 103, 45, 110, 111, 114, 109, 97, 108, 45, 121, 34, 10, 32, 32, 32, 32, 125, 44, 10, 32, 32, 32, 32, 123, 10, 32, 32, 32, 32, 32, 32, 34, 114, 101, 102, 95, 116, 121, 112, 101, 34, 58, 32, 34, 114, 101, 115, 117, 108, 116, 34, 44, 10, 32, 32, 32, 32, 32, 32, 34, 114, 101, 102, 95, 105, 100, 34, 58, 32, 34, 114, 101, 115, 117, 108, 116, 58, 115, 116, 114, 101, 115, 115, 58, 112, 105, 112, 101, 45, 80, 45, 49, 50, 48, 58, 113, 117, 97, 114, 116, 101, 114, 45, 51, 58, 98, 101, 110, 100, 105, 110, 103, 45, 110, 111, 114, 109, 97, 108, 45, 122, 34, 10, 32, 32, 32, 32, 125, 44, 10, 32, 32, 32, 32, 123, 10, 32, 32, 32, 32, 32, 32, 34, 114, 101, 102, 95, 116, 121, 112, 101, 34, 58, 32, 34, 114, 101, 115, 117, 108, 116, 34, 44, 10, 32, 32, 32, 32, 32, 32, 34, 114, 101, 102, 95, 105, 100, 34, 58, 32, 34, 114, 101, 115, 117, 108, 116, 58, 115, 116, 114, 101, 115, 115, 58, 112, 105, 112, 101, 45, 80, 45, 49, 50, 48, 58, 113, 117, 97, 114, 116, 101, 114, 45, 51, 58, 116, 111, 114, 115, 105, 111, 110, 97, 108, 45, 115, 104, 101, 97, 114, 34, 10, 32, 32, 32, 32, 125, 44, 10, 32, 32, 32, 32, 123, 10, 32, 32, 32, 32, 32, 32, 34, 114, 101, 102, 95, 116, 121, 112, 101, 34, 58, 32, 34, 114, 101, 115, 117, 108, 116, 34, 44, 10, 32, 32, 32, 32, 32, 32, 34, 114, 101, 102, 95, 105, 100, 34, 58, 32, 34, 114, 101, 115, 117, 108, 116, 58, 115, 116, 114, 101, 115, 115, 58, 112, 105, 112, 101, 45, 80, 45, 49, 50, 48, 58, 113, 117, 97, 114, 116, 101, 114, 45, 51, 58, 112, 114, 101, 115, 115, 117, 114, 101, 45, 104, 111, 111, 112, 34, 10, 32, 32, 32, 32, 125, 44, 10, 32, 32, 32, 32, 123, 10, 32, 32, 32, 32, 32, 32, 34, 114, 101, 102, 95, 116, 121, 112, 101, 34, 58, 32, 34, 114, 101, 115, 117, 108, 116, 34, 44, 10, 32, 32, 32, 32, 32, 32, 34, 114, 101, 102, 95, 105, 100, 34, 58, 32, 34, 114, 101, 115, 117, 108, 116, 58, 115, 116, 114, 101, 115, 115, 58, 112, 105, 112, 101, 45, 80, 45, 49, 50, 48, 34, 10, 32, 32, 32, 32, 125, 44, 10, 32, 32, 32, 32, 123, 10, 32, 32, 32, 32, 32, 32, 34, 114, 101, 102, 95, 116, 121, 112, 101, 34, 58, 32, 34, 114, 101, 115, 117, 108, 116, 34, 44, 10, 32, 32, 32, 32, 32, 32, 34, 114, 101, 102, 95, 105, 100, 34, 58, 32, 34, 114, 101, 115, 117, 108, 116, 58, 115, 116, 114, 101, 115, 115, 58, 99, 111, 109, 112, 111, 110, 101, 110, 116, 45, 67, 45, 49, 50, 48, 58, 112, 105, 112, 101, 45, 80, 45, 49, 50, 48, 58, 101, 110, 100, 45, 105, 58, 117, 115, 101, 114, 45, 109, 117, 108, 116, 105, 112, 108, 105, 101, 114, 34, 10, 32, 32, 32, 32, 125, 44, 10, 32, 32, 32, 32, 123, 10, 32, 32, 32, 32, 32, 32, 34, 114, 101, 102, 95, 116, 121, 112, 101, 34, 58, 32, 34, 114, 101, 115, 117, 108, 116, 34, 44, 10, 32, 32, 32, 32, 32, 32, 34, 114, 101, 102, 95, 105, 100, 34, 58, 32, 34, 114, 101, 115, 117, 108, 116, 58, 102, 111, 114, 99, 101, 58, 112, 105, 112, 101, 45, 80, 45, 49, 51, 48, 58, 97, 120, 105, 97, 108, 34, 10, 32, 32, 32, 32, 125, 44, 10, 32, 32, 32, 32, 123, 10, 32, 32, 32, 32, 32, 32, 34, 114, 101, 102, 95, 116, 121, 112, 101, 34, 58, 32, 34, 114, 101, 115, 117, 108, 116, 34, 44, 10, 32, 32, 32, 32, 32, 32, 34, 114, 101, 102, 95, 105, 100, 34, 58, 32, 34, 114, 101, 115, 117, 108, 116, 58, 102, 111, 114, 99, 101, 58, 112, 105, 112, 101, 45, 80, 45, 49, 51, 48, 58, 97, 120, 105, 97, 108, 58, 101, 110, 100, 45, 106, 34, 10, 32, 32, 32, 32, 125, 44, 10, 32, 32, 32, 32, 123, 10, 32, 32, 32, 32, 32, 32, 34, 114, 101, 102, 95, 116, 121, 112, 101, 34, 58, 32, 34, 114, 101, 115, 117, 108, 116, 34, 44, 10, 32, 32, 32, 32, 32, 32, 34, 114, 101, 102, 95, 105, 100, 34, 58, 32, 34, 114, 101, 115, 117, 108, 116, 58, 102, 111, 114, 99, 101, 58, 112, 105, 112, 101, 45, 80, 45, 49, 51, 48, 58, 115, 104, 101, 97, 114, 45, 121, 34, 10, 32, 32, 32, 32, 125, 44, 10, 32, 32, 32, 32, 123, 10, 32, 32, 32, 32, 32, 32, 34, 114, 101, 102, 95, 116, 121, 112, 101, 34, 58, 32, 34, 114, 101, 115, 117, 108, 116, 34, 44, 10, 32, 32, 32, 32, 32, 32, 34, 114, 101, 102, 95, 105, 100, 34, 58, 32, 34, 114, 101, 115, 117, 108, 116, 58, 102, 111, 114, 99, 101, 58, 112, 105, 112, 101, 45, 80, 45, 49, 51, 48, 58, 115, 104, 101, 97, 114, 45, 121, 58, 101, 110, 100, 45, 106, 34, 10, 32, 32, 32, 32, 125, 44, 10, 32, 32, 32, 32, 123, 10, 32, 32, 32, 32, 32, 32, 34, 114, 101, 102, 95, 116, 121, 112, 101, 34, 58, 32, 34, 114, 101, 115, 117, 108, 116, 34, 44, 10, 32, 32, 32, 32, 32, 32, 34, 114, 101, 102, 95, 105, 100, 34, 58, 32, 34, 114, 101, 115, 117, 108, 116, 58, 102, 111, 114, 99, 101, 58, 112, 105, 112, 101, 45, 80, 45, 49, 51, 48, 58, 115, 104, 101, 97, 114, 45, 122, 34, 10, 32, 32, 32, 32, 125, 44, 10, 32, 32, 32, 32, 123, 10, 32, 32, 32, 32, 32, 32, 34, 114, 101, 102, 95, 116, 121, 112, 101, 34, 58, 32, 34, 114, 101, 115, 117, 108, 116, 34, 44, 10, 32, 32, 32, 32, 32, 32, 34, 114, 101, 102, 95, 105, 100, 34, 58, 32, 34, 114, 101, 115, 117, 108, 116, 58, 102, 111, 114, 99, 101, 58, 112, 105, 112, 101, 45, 80, 45, 49, 51, 48, 58, 115, 104, 101, 97, 114, 45, 122, 58, 101, 110, 100, 45, 106, 34, 10, 32, 32, 32, 32, 125, 44, 10, 32, 32, 32, 32, 123, 10, 32, 32, 32, 32, 32, 32, 34, 114, 101, 102, 95, 116, 121, 112, 101, 34, 58, 32, 34, 114, 101, 115, 117, 108, 116, 34, 44, 10, 32, 32, 32, 32, 32, 32, 34, 114, 101, 102, 95, 105, 100, 34, 58, 32, 34, 114, 101, 115, 117, 108, 116, 58, 109, 111, 109, 101, 110, 116, 58, 112, 105, 112, 101, 45, 80, 45, 49, 51, 48, 58, 116, 111, 114, 115, 105, 111, 110, 34, 10, 32, 32, 32, 32, 125, 44, 10, 32, 32, 32, 32, 123, 10, 32, 32, 32, 32, 32, 32, 34, 114, 101, 102, 95, 116, 121, 112, 101, 34, 58, 32, 34, 114, 101, 115, 117, 108, 116, 34, 44, 10, 32, 32, 32, 32, 32, 32, 34, 114, 101, 102, 95, 105, 100, 34, 58, 32, 34, 114, 101, 115, 117, 108, 116, 58, 109, 111, 109, 101, 110, 116, 58, 112, 105, 112, 101, 45, 80, 45, 49, 51, 48, 58, 116, 111, 114, 115, 105, 111, 110, 58, 101, 110, 100, 45, 106, 34, 10, 32, 32, 32, 32, 125, 44, 10, 32, 32, 32, 32, 123, 10, 32, 32, 32, 32, 32, 32, 34, 114, 101, 102, 95, 116, 121, 112, 101, 34, 58, 32, 34, 114, 101, 115, 117, 108, 116, 34, 44, 10, 32, 32, 32, 32, 32, 32, 34, 114, 101, 102, 95, 105, 100, 34, 58, 32, 34, 114, 101, 115, 117, 108, 116, 58, 109, 111, 109, 101, 110, 116, 58, 112, 105, 112, 101, 45, 80, 45, 49, 51, 48, 58, 98, 101, 110, 100, 105, 110, 103, 45, 121, 34, 10, 32, 32, 32, 32, 125, 44, 10, 32, 32, 32, 32, 123, 10, 32, 32, 32, 32, 32, 32, 34, 114, 101, 102, 95, 116, 121, 112, 101, 34, 58, 32, 34, 114, 101, 115, 117, 108, 116, 34, 44, 10, 32, 32, 32, 32, 32, 32, 34, 114, 101, 102, 95, 105, 100, 34, 58, 32, 34, 114, 101, 115, 117, 108, 116, 58, 109, 111, 109, 101, 110, 116, 58, 112, 105, 112, 101, 45, 80, 45, 49, 51, 48, 58, 98, 101, 110, 100, 105, 110, 103, 45, 121, 58, 101, 110, 100, 45, 106, 34, 10, 32, 32, 32, 32, 125, 44, 10, 32, 32, 32, 32, 123, 10, 32, 32, 32, 32, 32, 32, 34, 114, 101, 102, 95, 116, 121, 112, 101, 34, 58, 32, 34, 114, 101, 115, 117, 108, 116, 34, 44, 10, 32, 32, 32, 32, 32, 32, 34, 114, 101, 102, 95, 105, 100, 34, 58, 32, 34, 114, 101, 115, 117, 108, 116, 58, 109, 111, 109, 101, 110, 116, 58, 112, 105, 112, 101, 45, 80, 45, 49, 51, 48, 58, 98, 101, 110, 100, 105, 110, 103, 45, 122, 34, 10, 32, 32, 32, 32, 125, 44, 10, 32, 32, 32, 32, 123, 10, 32, 32, 32, 32, 32, 32, 34, 114, 101, 102, 95, 116, 121, 112, 101, 34, 58, 32, 34, 114, 101, 115, 117, 108, 116, 34, 44, 10, 32, 32, 32, 32, 32, 32, 34, 114, 101, 102, 95, 105, 100, 34, 58, 32, 34, 114, 101, 115, 117, 108, 116, 58, 109, 111, 109, 101, 110, 116, 58, 112, 105, 112, 101, 45, 80, 45, 49, 51, 48, 58, 98, 101, 110, 100, 105, 110, 103, 45, 122, 58, 101, 110, 100, 45, 106, 34, 10, 32, 32, 32, 32, 125, 44, 10, 32, 32, 32, 32, 123, 10, 32, 32, 32, 32, 32, 32, 34, 114, 101, 102, 95, 116, 121, 112, 101, 34, 58, 32, 34, 114, 101, 115, 117, 108, 116, 34, 44, 10, 32, 32, 32, 32, 32, 32, 34, 114, 101, 102, 95, 105, 100, 34, 58, 32, 34, 114, 101, 115, 117, 108, 116, 58, 102, 111, 114, 99, 101, 58, 112, 105, 112, 101, 45, 80, 45, 49, 51, 48, 58, 113, 117, 97, 114, 116, 101, 114, 45, 49, 58, 97, 120, 105, 97, 108, 34, 10, 32, 32, 32, 32, 125, 44, 10, 32, 32, 32, 32, 123, 10, 32, 32, 32, 32, 32, 32, 34, 114, 101, 102, 95, 116, 121, 112, 101, 34, 58, 32, 34, 114, 101, 115, 117, 108, 116, 34, 44, 10, 32, 32, 32, 32, 32, 32, 34, 114, 101, 102, 95, 105, 100, 34, 58, 32, 34, 114, 101, 115, 117, 108, 116, 58, 102, 111, 114, 99, 101, 58, 112, 105, 112, 101, 45, 80, 45, 49, 51, 48, 58, 113, 117, 97, 114, 116, 101, 114, 45, 49, 58, 115, 104, 101, 97, 114, 45, 121, 34, 10, 32, 32, 32, 32, 125, 44, 10, 32, 32, 32, 32, 123, 10, 32, 32, 32, 32, 32, 32, 34, 114, 101, 102, 95, 116, 121, 112, 101, 34, 58, 32, 34, 114, 101, 115, 117, 108, 116, 34, 44, 10, 32, 32, 32, 32, 32, 32, 34, 114, 101, 102, 95, 105, 100, 34, 58, 32, 34, 114, 101, 115, 117, 108, 116, 58, 102, 111, 114, 99, 101, 58, 112, 105, 112, 101, 45, 80, 45, 49, 51, 48, 58, 113, 117, 97, 114, 116, 101, 114, 45, 49, 58, 115, 104, 101, 97, 114, 45, 122, 34, 10, 32, 32, 32, 32, 125, 44, 10, 32, 32, 32, 32, 123, 10, 32, 32, 32, 32, 32, 32, 34, 114, 101, 102, 95, 116, 121, 112, 101, 34, 58, 32, 34, 114, 101, 115, 117, 108, 116, 34, 44, 10, 32, 32, 32, 32, 32, 32, 34, 114, 101, 102, 95, 105, 100, 34, 58, 32, 34, 114, 101, 115, 117, 108, 116, 58, 109, 111, 109, 101, 110, 116, 58, 112, 105, 112, 101, 45, 80, 45, 49, 51, 48, 58, 113, 117, 97, 114, 116, 101, 114, 45, 49, 58, 116, 111, 114, 115, 105, 111, 110, 34, 10, 32, 32, 32, 32, 125, 44, 10, 32, 32, 32, 32, 123, 10, 32, 32, 32, 32, 32, 32, 34, 114, 101, 102, 95, 116, 121, 112, 101, 34, 58, 32, 34, 114, 101, 115, 117, 108, 116, 34, 44, 10, 32, 32, 32, 32, 32, 32, 34, 114, 101, 102, 95, 105, 100, 34, 58, 32, 34, 114, 101, 115, 117, 108, 116, 58, 109, 111, 109, 101, 110, 116, 58, 112, 105, 112, 101, 45, 80, 45, 49, 51, 48, 58, 113, 117, 97, 114, 116, 101, 114, 45, 49, 58, 98, 101, 110, 100, 105, 110, 103, 45, 121, 34, 10, 32, 32, 32, 32, 125, 44, 10, 32, 32, 32, 32, 123, 10, 32, 32, 32, 32, 32, 32, 34, 114, 101, 102, 95, 116, 121, 112, 101, 34, 58, 32, 34, 114, 101, 115, 117, 108, 116, 34, 44, 10, 32, 32, 32, 32, 32, 32, 34, 114, 101, 102, 95, 105, 100, 34, 58, 32, 34, 114, 101, 115, 117, 108, 116, 58, 109, 111, 109, 101, 110, 116, 58, 112, 105, 112, 101, 45, 80, 45, 49, 51, 48, 58, 113, 117, 97, 114, 116, 101, 114, 45, 49, 58, 98, 101, 110, 100, 105, 110, 103, 45, 122, 34, 10, 32, 32, 32, 32, 125, 44, 10, 32, 32, 32, 32, 123, 10, 32, 32, 32, 32, 32, 32, 34, 114, 101, 102, 95, 116, 121, 112, 101, 34, 58, 32, 34, 114, 101, 115, 117, 108, 116, 34, 44, 10, 32, 32, 32, 32, 32, 32, 34, 114, 101, 102, 95, 105, 100, 34, 58, 32, 34, 114, 101, 115, 117, 108, 116, 58, 102, 111, 114, 99, 101, 58, 112, 105, 112, 101, 45, 80, 45, 49, 51, 48, 58, 109, 105, 100, 115, 112, 97, 110, 58, 97, 120, 105, 97, 108, 34, 10, 32, 32, 32, 32, 125, 44, 10, 32, 32, 32, 32, 123, 10, 32, 32, 32, 32, 32, 32, 34, 114, 101, 102, 95, 116, 121, 112, 101, 34, 58, 32, 34, 114, 101, 115, 117, 108, 116, 34, 44, 10, 32, 32, 32, 32, 32, 32, 34, 114, 101, 102, 95, 105, 100, 34, 58, 32, 34, 114, 101, 115, 117, 108, 116, 58, 102, 111, 114, 99, 101, 58, 112, 105, 112, 101, 45, 80, 45, 49, 51, 48, 58, 109, 105, 100, 115, 112, 97, 110, 58, 115, 104, 101, 97, 114, 45, 121, 34, 10, 32, 32, 32, 32, 125, 44, 10, 32, 32, 32, 32, 123, 10, 32, 32, 32, 32, 32, 32, 34, 114, 101, 102, 95, 116, 121, 112, 101, 34, 58, 32, 34, 114, 101, 115, 117, 108, 116, 34, 44, 10, 32, 32, 32, 32, 32, 32, 34, 114, 101, 102, 95, 105, 100, 34, 58, 32, 34, 114, 101, 115, 117, 108, 116, 58, 102, 111, 114, 99, 101, 58, 112, 105, 112, 101, 45, 80, 45, 49, 51, 48, 58, 109, 105, 100, 115, 112, 97, 110, 58, 115, 104, 101, 97, 114, 45, 122, 34, 10, 32, 32, 32, 32, 125, 44, 10, 32, 32, 32, 32, 123, 10, 32, 32, 32, 32, 32, 32, 34, 114, 101, 102, 95, 116, 121, 112, 101, 34, 58, 32, 34, 114, 101, 115, 117, 108, 116, 34, 44, 10, 32, 32, 32, 32, 32, 32, 34, 114, 101, 102, 95, 105, 100, 34, 58, 32, 34, 114, 101, 115, 117, 108, 116, 58, 109, 111, 109, 101, 110, 116, 58, 112, 105, 112, 101, 45, 80, 45, 49, 51, 48, 58, 109, 105, 100, 115, 112, 97, 110, 58, 116, 111, 114, 115, 105, 111, 110, 34, 10, 32, 32, 32, 32, 125, 44, 10, 32, 32, 32, 32, 123, 10, 32, 32, 32, 32, 32, 32, 34, 114, 101, 102, 95, 116, 121, 112, 101, 34, 58, 32, 34, 114, 101, 115, 117, 108, 116, 34, 44, 10, 32, 32, 32, 32, 32, 32, 34, 114, 101, 102, 95, 105, 100, 34, 58, 32, 34, 114, 101, 115, 117, 108, 116, 58, 109, 111, 109, 101, 110, 116, 58, 112, 105, 112, 101, 45, 80, 45, 49, 51, 48, 58, 109, 105, 100, 115, 112, 97, 110, 58, 98, 101, 110, 100, 105, 110, 103, 45, 121, 34, 10, 32, 32, 32, 32, 125, 44, 10, 32, 32, 32, 32, 123, 10, 32, 32, 32, 32, 32, 32, 34, 114, 101, 102, 95, 116, 121, 112, 101, 34, 58, 32, 34, 114, 101, 115, 117, 108, 116, 34, 44, 10, 32, 32, 32, 32, 32, 32, 34, 114, 101, 102, 95, 105, 100, 34, 58, 32, 34, 114, 101, 115, 117, 108, 116, 58, 109, 111, 109, 101, 110, 116, 58, 112, 105, 112, 101, 45, 80, 45, 49, 51, 48, 58, 109, 105, 100, 115, 112, 97, 110, 58, 98, 101, 110, 100, 105, 110, 103, 45, 122, 34, 10, 32, 32, 32, 32, 125, 44, 10, 32, 32, 32, 32, 123, 10, 32, 32, 32, 32, 32, 32, 34, 114, 101, 102, 95, 116, 121, 112, 101, 34, 58, 32, 34, 114, 101, 115, 117, 108, 116, 34, 44, 10, 32, 32, 32, 32, 32, 32, 34, 114, 101, 102, 95, 105, 100, 34, 58, 32, 34, 114, 101, 115, 117, 108, 116, 58, 102, 111, 114, 99, 101, 58, 112, 105, 112, 101, 45, 80, 45, 49, 51, 48, 58, 113, 117, 97, 114, 116, 101, 114, 45, 51, 58, 97, 120, 105, 97, 108, 34, 10, 32, 32, 32, 32, 125, 44, 10, 32, 32, 32, 32, 123, 10, 32, 32, 32, 32, 32, 32, 34, 114, 101, 102, 95, 116, 121, 112, 101, 34, 58, 32, 34, 114, 101, 115, 117, 108, 116, 34, 44, 10, 32, 32, 32, 32, 32, 32, 34, 114, 101, 102, 95, 105, 100, 34, 58, 32, 34, 114, 101, 115, 117, 108, 116, 58, 102, 111, 114, 99, 101, 58, 112, 105, 112, 101, 45, 80, 45, 49, 51, 48, 58, 113, 117, 97, 114, 116, 101, 114, 45, 51, 58, 115, 104, 101, 97, 114, 45, 121, 34, 10, 32, 32, 32, 32, 125, 44, 10, 32, 32, 32, 32, 123, 10, 32, 32, 32, 32, 32, 32, 34, 114, 101, 102, 95, 116, 121, 112, 101, 34, 58, 32, 34, 114, 101, 115, 117, 108, 116, 34, 44, 10, 32, 32, 32, 32, 32, 32, 34, 114, 101, 102, 95, 105, 100, 34, 58, 32, 34, 114, 101, 115, 117, 108, 116, 58, 102, 111, 114, 99, 101, 58, 112, 105, 112, 101, 45, 80, 45, 49, 51, 48, 58, 113, 117, 97, 114, 116, 101, 114, 45, 51, 58, 115, 104, 101, 97, 114, 45, 122, 34, 10, 32, 32, 32, 32, 125, 44, 10, 32, 32, 32, 32, 123, 10, 32, 32, 32, 32, 32, 32, 34, 114, 101, 102, 95, 116, 121, 112, 101, 34, 58, 32, 34, 114, 101, 115, 117, 108, 116, 34, 44, 10, 32, 32, 32, 32, 32, 32, 34, 114, 101, 102, 95, 105, 100, 34, 58, 32, 34, 114, 101, 115, 117, 108, 116, 58, 109, 111, 109, 101, 110, 116, 58, 112, 105, 112, 101, 45, 80, 45, 49, 51, 48, 58, 113, 117, 97, 114, 116, 101, 114, 45, 51, 58, 116, 111, 114, 115, 105, 111, 110, 34, 10, 32, 32, 32, 32, 125, 44, 10, 32, 32, 32, 32, 123, 10, 32, 32, 32, 32, 32, 32, 34, 114, 101, 102, 95, 116, 121, 112, 101, 34, 58, 32, 34, 114, 101, 115, 117, 108, 116, 34, 44, 10, 32, 32, 32, 32, 32, 32, 34, 114, 101, 102, 95, 105, 100, 34, 58, 32, 34, 114, 101, 115, 117, 108, 116, 58, 109, 111, 109, 101, 110, 116, 58, 112, 105, 112, 101, 45, 80, 45, 49, 51, 48, 58, 113, 117, 97, 114, 116, 101, 114, 45, 51, 58, 98, 101, 110, 100, 105, 110, 103, 45, 121, 34, 10, 32, 32, 32, 32, 125, 44, 10, 32, 32, 32, 32, 123, 10, 32, 32, 32, 32, 32, 32, 34, 114, 101, 102, 95, 116, 121, 112, 101, 34, 58, 32, 34, 114, 101, 115, 117, 108, 116, 34, 44, 10, 32, 32, 32, 32, 32, 32, 34, 114, 101, 102, 95, 105, 100, 34, 58, 32, 34, 114, 101, 115, 117, 108, 116, 58, 109, 111, 109, 101, 110, 116, 58, 112, 105, 112, 101, 45, 80, 45, 49, 51, 48, 58, 113, 117, 97, 114, 116, 101, 114, 45, 51, 58, 98, 101, 110, 100, 105, 110, 103, 45, 122, 34, 10, 32, 32, 32, 32, 125, 44, 10, 32, 32, 32, 32, 123, 10, 32, 32, 32, 32, 32, 32, 34, 114, 101, 102, 95, 116, 121, 112, 101, 34, 58, 32, 34, 114, 101, 115, 117, 108, 116, 34, 44, 10, 32, 32, 32, 32, 32, 32, 34, 114, 101, 102, 95, 105, 100, 34, 58, 32, 34, 114, 101, 115, 117, 108, 116, 58, 115, 116, 114, 101, 115, 115, 58, 112, 105, 112, 101, 45, 80, 45, 49, 51, 48, 58, 101, 110, 100, 45, 105, 58, 97, 120, 105, 97, 108, 45, 110, 111, 114, 109, 97, 108, 34, 10, 32, 32, 32, 32, 125, 44, 10, 32, 32, 32, 32, 123, 10, 32, 32, 32, 32, 32, 32, 34, 114, 101, 102, 95, 116, 121, 112, 101, 34, 58, 32, 34, 114, 101, 115, 117, 108, 116, 34, 44, 10, 32, 32, 32, 32, 32, 32, 34, 114, 101, 102, 95, 105, 100, 34, 58, 32, 34, 114, 101, 115, 117, 108, 116, 58, 115, 116, 114, 101, 115, 115, 58, 112, 105, 112, 101, 45, 80, 45, 49, 51, 48, 58, 101, 110, 100, 45, 105, 58, 98, 101, 110, 100, 105, 110, 103, 45, 110, 111, 114, 109, 97, 108, 45, 121, 34, 10, 32, 32, 32, 32, 125, 44, 10, 32, 32, 32, 32, 123, 10, 32, 32, 32, 32, 32, 32, 34, 114, 101, 102, 95, 116, 121, 112, 101, 34, 58, 32, 34, 114, 101, 115, 117, 108, 116, 34, 44, 10, 32, 32, 32, 32, 32, 32, 34, 114, 101, 102, 95, 105, 100, 34, 58, 32, 34, 114, 101, 115, 117, 108, 116, 58, 115, 116, 114, 101, 115, 115, 58, 112, 105, 112, 101, 45, 80, 45, 49, 51, 48, 58, 101, 110, 100, 45, 105, 58, 98, 101, 110, 100, 105, 110, 103, 45, 110, 111, 114, 109, 97, 108, 45, 122, 34, 10, 32, 32, 32, 32, 125, 44, 10, 32, 32, 32, 32, 123, 10, 32, 32, 32, 32, 32, 32, 34, 114, 101, 102, 95, 116, 121, 112, 101, 34, 58, 32, 34, 114, 101, 115, 117, 108, 116, 34, 44, 10, 32, 32, 32, 32, 32, 32, 34, 114, 101, 102, 95, 105, 100, 34, 58, 32, 34, 114, 101, 115, 117, 108, 116, 58, 115, 116, 114, 101, 115, 115, 58, 112, 105, 112, 101, 45, 80, 45, 49, 51, 48, 58, 101, 110, 100, 45, 105, 58, 116, 111, 114, 115, 105, 111, 110, 97, 108, 45, 115, 104, 101, 97, 114, 34, 10, 32, 32, 32, 32, 125, 44, 10, 32, 32, 32, 32, 123, 10, 32, 32, 32, 32, 32, 32, 34, 114, 101, 102, 95, 116, 121, 112, 101, 34, 58, 32, 34, 114, 101, 115, 117, 108, 116, 34, 44, 10, 32, 32, 32, 32, 32, 32, 34, 114, 101, 102, 95, 105, 100, 34, 58, 32, 34, 114, 101, 115, 117, 108, 116, 58, 115, 116, 114, 101, 115, 115, 58, 112, 105, 112, 101, 45, 80, 45, 49, 51, 48, 58, 101, 110, 100, 45, 105, 58, 112, 114, 101, 115, 115, 117, 114, 101, 45, 104, 111, 111, 112, 34, 10, 32, 32, 32, 32, 125, 44, 10, 32, 32, 32, 32, 123, 10, 32, 32, 32, 32, 32, 32, 34, 114, 101, 102, 95, 116, 121, 112, 101, 34, 58, 32, 34, 114, 101, 115, 117, 108, 116, 34, 44, 10, 32, 32, 32, 32, 32, 32, 34, 114, 101, 102, 95, 105, 100, 34, 58, 32, 34, 114, 101, 115, 117, 108, 116, 58, 115, 116, 114, 101, 115, 115, 58, 112, 105, 112, 101, 45, 80, 45, 49, 51, 48, 58, 101, 110, 100, 45, 106, 58, 97, 120, 105, 97, 108, 45, 110, 111, 114, 109, 97, 108, 34, 10, 32, 32, 32, 32, 125, 44, 10, 32, 32, 32, 32, 123, 10, 32, 32, 32, 32, 32, 32, 34, 114, 101, 102, 95, 116, 121, 112, 101, 34, 58, 32, 34, 114, 101, 115, 117, 108, 116, 34, 44, 10, 32, 32, 32, 32, 32, 32, 34, 114, 101, 102, 95, 105, 100, 34, 58, 32, 34, 114, 101, 115, 117, 108, 116, 58, 115, 116, 114, 101, 115, 115, 58, 112, 105, 112, 101, 45, 80, 45, 49, 51, 48, 58, 101, 110, 100, 45, 106, 58, 98, 101, 110, 100, 105, 110, 103, 45, 110, 111, 114, 109, 97, 108, 45, 121, 34, 10, 32, 32, 32, 32, 125, 44, 10, 32, 32, 32, 32, 123, 10, 32, 32, 32, 32, 32, 32, 34, 114, 101, 102, 95, 116, 121, 112, 101, 34, 58, 32, 34, 114, 101, 115, 117, 108, 116, 34, 44, 10, 32, 32, 32, 32, 32, 32, 34, 114, 101, 102, 95, 105, 100, 34, 58, 32, 34, 114, 101, 115, 117, 108, 116, 58, 115, 116, 114, 101, 115, 115, 58, 112, 105, 112, 101, 45, 80, 45, 49, 51, 48, 58, 101, 110, 100, 45, 106, 58, 98, 101, 110, 100, 105, 110, 103, 45, 110, 111, 114, 109, 97, 108, 45, 122, 34, 10, 32, 32, 32, 32, 125, 44, 10, 32, 32, 32, 32, 123, 10, 32, 32, 32, 32, 32, 32, 34, 114, 101, 102, 95, 116, 121, 112, 101, 34, 58, 32, 34, 114, 101, 115, 117, 108, 116, 34, 44, 10, 32, 32, 32, 32, 32, 32, 34, 114, 101, 102, 95, 105, 100, 34, 58, 32, 34, 114, 101, 115, 117, 108, 116, 58, 115, 116, 114, 101, 115, 115, 58, 112, 105, 112, 101, 45, 80, 45, 49, 51, 48, 58, 101, 110, 100, 45, 106, 58, 116, 111, 114, 115, 105, 111, 110, 97, 108, 45, 115, 104, 101, 97, 114, 34, 10, 32, 32, 32, 32, 125, 44, 10, 32, 32, 32, 32, 123, 10, 32, 32, 32, 32, 32, 32, 34, 114, 101, 102, 95, 116, 121, 112, 101, 34, 58, 32, 34, 114, 101, 115, 117, 108, 116, 34, 44, 10, 32, 32, 32, 32, 32, 32, 34, 114, 101, 102, 95, 105, 100, 34, 58, 32, 34, 114, 101, 115, 117, 108, 116, 58, 115, 116, 114, 101, 115, 115, 58, 112, 105, 112, 101, 45, 80, 45, 49, 51, 48, 58, 101, 110, 100, 45, 106, 58, 112, 114, 101, 115, 115, 117, 114, 101, 45, 104, 111, 111, 112, 34, 10, 32, 32, 32, 32, 125, 44, 10, 32, 32, 32, 32, 123, 10, 32, 32, 32, 32, 32, 32, 34, 114, 101, 102, 95, 116, 121, 112, 101, 34, 58, 32, 34, 114, 101, 115, 117, 108, 116, 34, 44, 10, 32, 32, 32, 32, 32, 32, 34, 114, 101, 102, 95, 105, 100, 34, 58, 32, 34, 114, 101, 115, 117, 108, 116, 58, 115, 116, 114, 101, 115, 115, 58, 112, 105, 112, 101, 45, 80, 45, 49, 51, 48, 58, 113, 117, 97, 114, 116, 101, 114, 45, 49, 58, 97, 120, 105, 97, 108, 45, 110, 111, 114, 109, 97, 108, 34, 10, 32, 32, 32, 32, 125, 44, 10, 32, 32, 32, 32, 123, 10, 32, 32, 32, 32, 32, 32, 34, 114, 101, 102, 95, 116, 121, 112, 101, 34, 58, 32, 34, 114, 101, 115, 117, 108, 116, 34, 44, 10, 32, 32, 32, 32, 32, 32, 34, 114, 101, 102, 95, 105, 100, 34, 58, 32, 34, 114, 101, 115, 117, 108, 116, 58, 115, 116, 114, 101, 115, 115, 58, 112, 105, 112, 101, 45, 80, 45, 49, 51, 48, 58, 113, 117, 97, 114, 116, 101, 114, 45, 49, 58, 98, 101, 110, 100, 105, 110, 103, 45, 110, 111, 114, 109, 97, 108, 45, 121, 34, 10, 32, 32, 32, 32, 125, 44, 10, 32, 32, 32, 32, 123, 10, 32, 32, 32, 32, 32, 32, 34, 114, 101, 102, 95, 116, 121, 112, 101, 34, 58, 32, 34, 114, 101, 115, 117, 108, 116, 34, 44, 10, 32, 32, 32, 32, 32, 32, 34, 114, 101, 102, 95, 105, 100, 34, 58, 32, 34, 114, 101, 115, 117, 108, 116, 58, 115, 116, 114, 101, 115, 115, 58, 112, 105, 112, 101, 45, 80, 45, 49, 51, 48, 58, 113, 117, 97, 114, 116, 101, 114, 45, 49, 58, 98, 101, 110, 100, 105, 110, 103, 45, 110, 111, 114, 109, 97, 108, 45, 122, 34, 10, 32, 32, 32, 32, 125, 44, 10, 32, 32, 32, 32, 123, 10, 32, 32, 32, 32, 32, 32, 34, 114, 101, 102, 95, 116, 121, 112, 101, 34, 58, 32, 34, 114, 101, 115, 117, 108, 116, 34, 44, 10, 32, 32, 32, 32, 32, 32, 34, 114, 101, 102, 95, 105, 100, 34, 58, 32, 34, 114, 101, 115, 117, 108, 116, 58, 115, 116, 114, 101, 115, 115, 58, 112, 105, 112, 101, 45, 80, 45, 49, 51, 48, 58, 113, 117, 97, 114, 116, 101, 114, 45, 49, 58, 116, 111, 114, 115, 105, 111, 110, 97, 108, 45, 115, 104, 101, 97, 114, 34, 10, 32, 32, 32, 32, 125, 44, 10, 32, 32, 32, 32, 123, 10, 32, 32, 32, 32, 32, 32, 34, 114, 101, 102, 95, 116, 121, 112, 101, 34, 58, 32, 34, 114, 101, 115, 117, 108, 116, 34, 44, 10, 32, 32, 32, 32, 32, 32, 34, 114, 101, 102, 95, 105, 100, 34, 58, 32, 34, 114, 101, 115, 117, 108, 116, 58, 115, 116, 114, 101, 115, 115, 58, 112, 105, 112, 101, 45, 80, 45, 49, 51, 48, 58, 113, 117, 97, 114, 116, 101, 114, 45, 49, 58, 112, 114, 101, 115, 115, 117, 114, 101, 45, 104, 111, 111, 112, 34, 10, 32, 32, 32, 32, 125, 44, 10, 32, 32, 32, 32, 123, 10, 32, 32, 32, 32, 32, 32, 34, 114, 101, 102, 95, 116, 121, 112, 101, 34, 58, 32, 34, 114, 101, 115, 117, 108, 116, 34, 44, 10, 32, 32, 32, 32, 32, 32, 34, 114, 101, 102, 95, 105, 100, 34, 58, 32, 34, 114, 101, 115, 117, 108, 116, 58, 115, 116, 114, 101, 115, 115, 58, 112, 105, 112, 101, 45, 80, 45, 49, 51, 48, 58, 109, 105, 100, 115, 112, 97, 110, 58, 97, 120, 105, 97, 108, 45, 110, 111, 114, 109, 97, 108, 34, 10, 32, 32, 32, 32, 125, 44, 10, 32, 32, 32, 32, 123, 10, 32, 32, 32, 32, 32, 32, 34, 114, 101, 102, 95, 116, 121, 112, 101, 34, 58, 32, 34, 114, 101, 115, 117, 108, 116, 34, 44, 10, 32, 32, 32, 32, 32, 32, 34, 114, 101, 102, 95, 105, 100, 34, 58, 32, 34, 114, 101, 115, 117, 108, 116, 58, 115, 116, 114, 101, 115, 115, 58, 112, 105, 112, 101, 45, 80, 45, 49, 51, 48, 58, 109, 105, 100, 115, 112, 97, 110, 58, 98, 101, 110, 100, 105, 110, 103, 45, 110, 111, 114, 109, 97, 108, 45, 121, 34, 10, 32, 32, 32, 32, 125, 44, 10, 32, 32, 32, 32, 123, 10, 32, 32, 32, 32, 32, 32, 34, 114, 101, 102, 95, 116, 121, 112, 101, 34, 58, 32, 34, 114, 101, 115, 117, 108, 116, 34, 44, 10, 32, 32, 32, 32, 32, 32, 34, 114, 101, 102, 95, 105, 100, 34, 58, 32, 34, 114, 101, 115, 117, 108, 116, 58, 115, 116, 114, 101, 115, 115, 58, 112, 105, 112, 101, 45, 80, 45, 49, 51, 48, 58, 109, 105, 100, 115, 112, 97, 110, 58, 98, 101, 110, 100, 105, 110, 103, 45, 110, 111, 114, 109, 97, 108, 45, 122, 34, 10, 32, 32, 32, 32, 125, 44, 10, 32, 32, 32, 32, 123, 10, 32, 32, 32, 32, 32, 32, 34, 114, 101, 102, 95, 116, 121, 112, 101, 34, 58, 32, 34, 114, 101, 115, 117, 108, 116, 34, 44, 10, 32, 32, 32, 32, 32, 32, 34, 114, 101, 102, 95, 105, 100, 34, 58, 32, 34, 114, 101, 115, 117, 108, 116, 58, 115, 116, 114, 101, 115, 115, 58, 112, 105, 112, 101, 45, 80, 45, 49, 51, 48, 58, 109, 105, 100, 115, 112, 97, 110, 58, 116, 111, 114, 115, 105, 111, 110, 97, 108, 45, 115, 104, 101, 97, 114, 34, 10, 32, 32, 32, 32, 125, 44, 10, 32, 32, 32, 32, 123, 10, 32, 32, 32, 32, 32, 32, 34, 114, 101, 102, 95, 116, 121, 112, 101, 34, 58, 32, 34, 114, 101, 115, 117, 108, 116, 34, 44, 10, 32, 32, 32, 32, 32, 32, 34, 114, 101, 102, 95, 105, 100, 34, 58, 32, 34, 114, 101, 115, 117, 108, 116, 58, 115, 116, 114, 101, 115, 115, 58, 112, 105, 112, 101, 45, 80, 45, 49, 51, 48, 58, 109, 105, 100, 115, 112, 97, 110, 58, 112, 114, 101, 115, 115, 117, 114, 101, 45, 104, 111, 111, 112, 34, 10, 32, 32, 32, 32, 125, 44, 10, 32, 32, 32, 32, 123, 10, 32, 32, 32, 32, 32, 32, 34, 114, 101, 102, 95, 116, 121, 112, 101, 34, 58, 32, 34, 114, 101, 115, 117, 108, 116, 34, 44, 10, 32, 32, 32, 32, 32, 32, 34, 114, 101, 102, 95, 105, 100, 34, 58, 32, 34, 114, 101, 115, 117, 108, 116, 58, 115, 116, 114, 101, 115, 115, 58, 112, 105, 112, 101, 45, 80, 45, 49, 51, 48, 58, 113, 117, 97, 114, 116, 101, 114, 45, 51, 58, 97, 120, 105, 97, 108, 45, 110, 111, 114, 109, 97, 108, 34, 10, 32, 32, 32, 32, 125, 44, 10, 32, 32, 32, 32, 123, 10, 32, 32, 32, 32, 32, 32, 34, 114, 101, 102, 95, 116, 121, 112, 101, 34, 58, 32, 34, 114, 101, 115, 117, 108, 116, 34, 44, 10, 32, 32, 32, 32, 32, 32, 34, 114, 101, 102, 95, 105, 100, 34, 58, 32, 34, 114, 101, 115, 117, 108, 116, 58, 115, 116, 114, 101, 115, 115, 58, 112, 105, 112, 101, 45, 80, 45, 49, 51, 48, 58, 113, 117, 97, 114, 116, 101, 114, 45, 51, 58, 98, 101, 110, 100, 105, 110, 103, 45, 110, 111, 114, 109, 97, 108, 45, 121, 34, 10, 32, 32, 32, 32, 125, 44, 10, 32, 32, 32, 32, 123, 10, 32, 32, 32, 32, 32, 32, 34, 114, 101, 102, 95, 116, 121, 112, 101, 34, 58, 32, 34, 114, 101, 115, 117, 108, 116, 34, 44, 10, 32, 32, 32, 32, 32, 32, 34, 114, 101, 102, 95, 105, 100, 34, 58, 32, 34, 114, 101, 115, 117, 108, 116, 58, 115, 116, 114, 101, 115, 115, 58, 112, 105, 112, 101, 45, 80, 45, 49, 51, 48, 58, 113, 117, 97, 114, 116, 101, 114, 45, 51, 58, 98, 101, 110, 100, 105, 110, 103, 45, 110, 111, 114, 109, 97, 108, 45, 122, 34, 10, 32, 32, 32, 32, 125, 44, 10, 32, 32, 32, 32, 123, 10, 32, 32, 32, 32, 32, 32, 34, 114, 101, 102, 95, 116, 121, 112, 101, 34, 58, 32, 34, 114, 101, 115, 117, 108, 116, 34, 44, 10, 32, 32, 32, 32, 32, 32, 34, 114, 101, 102, 95, 105, 100, 34, 58, 32, 34, 114, 101, 115, 117, 108, 116, 58, 115, 116, 114, 101, 115, 115, 58, 112, 105, 112, 101, 45, 80, 45, 49, 51, 48, 58, 113, 117, 97, 114, 116, 101, 114, 45, 51, 58, 116, 111, 114, 115, 105, 111, 110, 97, 108, 45, 115, 104, 101, 97, 114, 34, 10, 32, 32, 32, 32, 125, 44, 10, 32, 32, 32, 32, 123, 10, 32, 32, 32, 32, 32, 32, 34, 114, 101, 102, 95, 116, 121, 112, 101, 34, 58, 32, 34, 114, 101, 115, 117, 108, 116, 34, 44, 10, 32, 32, 32, 32, 32, 32, 34, 114, 101, 102, 95, 105, 100, 34, 58, 32, 34, 114, 101, 115, 117, 108, 116, 58, 115, 116, 114, 101, 115, 115, 58, 112, 105, 112, 101, 45, 80, 45, 49, 51, 48, 58, 113, 117, 97, 114, 116, 101, 114, 45, 51, 58, 112, 114, 101, 115, 115, 117, 114, 101, 45, 104, 111, 111, 112, 34, 10, 32, 32, 32, 32, 125, 44, 10, 32, 32, 32, 32, 123, 10, 32, 32, 32, 32, 32, 32, 34, 114, 101, 102, 95, 116, 121, 112, 101, 34, 58, 32, 34, 114, 101, 115, 117, 108, 116, 34, 44, 10, 32, 32, 32, 32, 32, 32, 34, 114, 101, 102, 95, 105, 100, 34, 58, 32, 34, 114, 101, 115, 117, 108, 116, 58, 115, 116, 114, 101, 115, 115, 58, 112, 105, 112, 101, 45, 80, 45, 49, 51, 48, 34, 10, 32, 32, 32, 32, 125, 44, 10, 32, 32, 32, 32, 123, 10, 32, 32, 32, 32, 32, 32, 34, 114, 101, 102, 95, 116, 121, 112, 101, 34, 58, 32, 34, 114, 101, 115, 117, 108, 116, 34, 44, 10, 32, 32, 32, 32, 32, 32, 34, 114, 101, 102, 95, 105, 100, 34, 58, 32, 34, 114, 101, 115, 117, 108, 116, 58, 108, 111, 97, 100, 99, 97, 115, 101, 58, 108, 111, 97, 100, 45, 76, 45, 50, 48, 48, 58, 115, 111, 108, 118, 101, 114, 45, 109, 111, 100, 101, 58, 108, 105, 110, 101, 97, 114, 45, 115, 111, 108, 118, 101, 45, 98, 97, 115, 105, 115, 34, 10, 32, 32, 32, 32, 125, 44, 10, 32, 32, 32, 32, 123, 10, 32, 32, 32, 32, 32, 32, 34, 114, 101, 102, 95, 116, 121, 112, 101, 34, 58, 32, 34, 114, 101, 115, 117, 108, 116, 34, 44, 10, 32, 32, 32, 32, 32, 32, 34, 114, 101, 102, 95, 105, 100, 34, 58, 32, 34, 114, 101, 115, 117, 108, 116, 58, 108, 111, 97, 100, 99, 97, 115, 101, 58, 108, 111, 97, 100, 45, 76, 45, 50, 48, 48, 58, 112, 114, 101, 115, 115, 117, 114, 101, 45, 116, 104, 114, 117, 115, 116, 58, 99, 111, 109, 112, 111, 110, 101, 110, 116, 45, 67, 45, 49, 53, 48, 34, 10, 32, 32, 32, 32, 125, 44, 10, 32, 32, 32, 32, 123, 10, 32, 32, 32, 32, 32, 32, 34, 114, 101, 102, 95, 116, 121, 112, 101, 34, 58, 32, 34, 114, 101, 115, 117, 108, 116, 34, 44, 10, 32, 32, 32, 32, 32, 32, 34, 114, 101, 102, 95, 105, 100, 34, 58, 32, 34, 114, 101, 115, 117, 108, 116, 58, 108, 111, 97, 100, 99, 97, 115, 101, 58, 108, 111, 97, 100, 45, 76, 45, 50, 48, 48, 58, 100, 105, 115, 112, 58, 110, 111, 100, 101, 45, 78, 45, 49, 48, 48, 34, 10, 32, 32, 32, 32, 125, 44, 10, 32, 32, 32, 32, 123, 10, 32, 32, 32, 32, 32, 32, 34, 114, 101, 102, 95, 116, 121, 112, 101, 34, 58, 32, 34, 114, 101, 115, 117, 108, 116, 34, 44, 10, 32, 32, 32, 32, 32, 32, 34, 114, 101, 102, 95, 105, 100, 34, 58, 32, 34, 114, 101, 115, 117, 108, 116, 58, 108, 111, 97, 100, 99, 97, 115, 101, 58, 108, 111, 97, 100, 45, 76, 45, 50, 48, 48, 58, 100, 105, 115, 112, 58, 110, 111, 100, 101, 45, 78, 45, 49, 49, 48, 34, 10, 32, 32, 32, 32, 125, 44, 10, 32, 32, 32, 32, 123, 10, 32, 32, 32, 32, 32, 32, 34, 114, 101, 102, 95, 116, 121, 112, 101, 34, 58, 32, 34, 114, 101, 115, 117, 108, 116, 34, 44, 10, 32, 32, 32, 32, 32, 32, 34, 114, 101, 102, 95, 105, 100, 34, 58, 32, 34, 114, 101, 115, 117, 108, 116, 58, 108, 111, 97, 100, 99, 97, 115, 101, 58, 108, 111, 97, 100, 45, 76, 45, 50, 48, 48, 58, 100, 105, 115, 112, 58, 110, 111, 100, 101, 45, 78, 45, 49, 50, 48, 34, 10, 32, 32, 32, 32, 125, 44, 10, 32, 32, 32, 32, 123, 10, 32, 32, 32, 32, 32, 32, 34, 114, 101, 102, 95, 116, 121, 112, 101, 34, 58, 32, 34, 114, 101, 115, 117, 108, 116, 34, 44, 10, 32, 32, 32, 32, 32, 32, 34, 114, 101, 102, 95, 105, 100, 34, 58, 32, 34, 114, 101, 115, 117, 108, 116, 58, 108, 111, 97, 100, 99, 97, 115, 101, 58, 108, 111, 97, 100, 45, 76, 45, 50, 48, 48, 58, 100, 105, 115, 112, 58, 110, 111, 100, 101, 45, 78, 45, 49, 51, 48, 34, 10, 32, 32, 32, 32, 125, 44, 10, 32, 32, 32, 32, 123, 10, 32, 32, 32, 32, 32, 32, 34, 114, 101, 102, 95, 116, 121, 112, 101, 34, 58, 32, 34, 114, 101, 115, 117, 108, 116, 34, 44, 10, 32, 32, 32, 32, 32, 32, 34, 114, 101, 102, 95, 105, 100, 34, 58, 32, 34, 114, 101, 115, 117, 108, 116, 58, 108, 111, 97, 100, 99, 97, 115, 101, 58, 108, 111, 97, 100, 45, 76, 45, 50, 48, 48, 58, 100, 105, 115, 112, 58, 110, 111, 100, 101, 45, 78, 45, 49, 52, 48, 34, 10, 32, 32, 32, 32, 125, 44, 10, 32, 32, 32, 32, 123, 10, 32, 32, 32, 32, 32, 32, 34, 114, 101, 102, 95, 116, 121, 112, 101, 34, 58, 32, 34, 114, 101, 115, 117, 108, 116, 34, 44, 10, 32, 32, 32, 32, 32, 32, 34, 114, 101, 102, 95, 105, 100, 34, 58, 32, 34, 114, 101, 115, 117, 108, 116, 58, 108, 111, 97, 100, 99, 97, 115, 101, 58, 108, 111, 97, 100, 45, 76, 45, 50, 48, 48, 58, 100, 105, 115, 112, 58, 110, 111, 100, 101, 45, 78, 45, 49, 48, 48, 58, 117, 120, 34, 10, 32, 32, 32, 32, 125, 44, 10, 32, 32, 32, 32, 123, 10, 32, 32, 32, 32, 32, 32, 34, 114, 101, 102, 95, 116, 121, 112, 101, 34, 58, 32, 34, 114, 101, 115, 117, 108, 116, 34, 44, 10, 32, 32, 32, 32, 32, 32, 34, 114, 101, 102, 95, 105, 100, 34, 58, 32, 34, 114, 101, 115, 117, 108, 116, 58, 108, 111, 97, 100, 99, 97, 115, 101, 58, 108, 111, 97, 100, 45, 76, 45, 50, 48, 48, 58, 100, 105, 115, 112, 58, 110, 111, 100, 101, 45, 78, 45, 49, 48, 48, 58, 117, 121, 34, 10, 32, 32, 32, 32, 125, 44, 10, 32, 32, 32, 32, 123, 10, 32, 32, 32, 32, 32, 32, 34, 114, 101, 102, 95, 116, 121, 112, 101, 34, 58, 32, 34, 114, 101, 115, 117, 108, 116, 34, 44, 10, 32, 32, 32, 32, 32, 32, 34, 114, 101, 102, 95, 105, 100, 34, 58, 32, 34, 114, 101, 115, 117, 108, 116, 58, 108, 111, 97, 100, 99, 97, 115, 101, 58, 108, 111, 97, 100, 45, 76, 45, 50, 48, 48, 58, 100, 105, 115, 112, 58, 110, 111, 100, 101, 45, 78, 45, 49, 48, 48, 58, 117, 122, 34, 10, 32, 32, 32, 32, 125, 44, 10, 32, 32, 32, 32, 123, 10, 32, 32, 32, 32, 32, 32, 34, 114, 101, 102, 95, 116, 121, 112, 101, 34, 58, 32, 34, 114, 101, 115, 117, 108, 116, 34, 44, 10, 32, 32, 32, 32, 32, 32, 34, 114, 101, 102, 95, 105, 100, 34, 58, 32, 34, 114, 101, 115, 117, 108, 116, 58, 108, 111, 97, 100, 99, 97, 115, 101, 58, 108, 111, 97, 100, 45, 76, 45, 50, 48, 48, 58, 100, 105, 115, 112, 58, 110, 111, 100, 101, 45, 78, 45, 49, 48, 48, 58, 114, 120, 34, 10, 32, 32, 32, 32, 125, 44, 10, 32, 32, 32, 32, 123, 10, 32, 32, 32, 32, 32, 32, 34, 114, 101, 102, 95, 116, 121, 112, 101, 34, 58, 32, 34, 114, 101, 115, 117, 108, 116, 34, 44, 10, 32, 32, 32, 32, 32, 32, 34, 114, 101, 102, 95, 105, 100, 34, 58, 32, 34, 114, 101, 115, 117, 108, 116, 58, 108, 111, 97, 100, 99, 97, 115, 101, 58, 108, 111, 97, 100, 45, 76, 45, 50, 48, 48, 58, 100, 105, 115, 112, 58, 110, 111, 100, 101, 45, 78, 45, 49, 48, 48, 58, 114, 121, 34, 10, 32, 32, 32, 32, 125, 44, 10, 32, 32, 32, 32, 123, 10, 32, 32, 32, 32, 32, 32, 34, 114, 101, 102, 95, 116, 121, 112, 101, 34, 58, 32, 34, 114, 101, 115, 117, 108, 116, 34, 44, 10, 32, 32, 32, 32, 32, 32, 34, 114, 101, 102, 95, 105, 100, 34, 58, 32, 34, 114, 101, 115, 117, 108, 116, 58, 108, 111, 97, 100, 99, 97, 115, 101, 58, 108, 111, 97, 100, 45, 76, 45, 50, 48, 48, 58, 100, 105, 115, 112, 58, 110, 111, 100, 101, 45, 78, 45, 49, 48, 48, 58, 114, 122, 34, 10, 32, 32, 32, 32, 125, 44, 10, 32, 32, 32, 32, 123, 10, 32, 32, 32, 32, 32, 32, 34, 114, 101, 102, 95, 116, 121, 112, 101, 34, 58, 32, 34, 114, 101, 115, 117, 108, 116, 34, 44, 10, 32, 32, 32, 32, 32, 32, 34, 114, 101, 102, 95, 105, 100, 34, 58, 32, 34, 114, 101, 115, 117, 108, 116, 58, 108, 111, 97, 100, 99, 97, 115, 101, 58, 108, 111, 97, 100, 45, 76, 45, 50, 48, 48, 58, 100, 105, 115, 112, 58, 110, 111, 100, 101, 45, 78, 45, 49, 49, 48, 58, 117, 120, 34, 10, 32, 32, 32, 32, 125, 44, 10, 32, 32, 32, 32, 123, 10, 32, 32, 32, 32, 32, 32, 34, 114, 101, 102, 95, 116, 121, 112, 101, 34, 58, 32, 34, 114, 101, 115, 117, 108, 116, 34, 44, 10, 32, 32, 32, 32, 32, 32, 34, 114, 101, 102, 95, 105, 100, 34, 58, 32, 34, 114, 101, 115, 117, 108, 116, 58, 108, 111, 97, 100, 99, 97, 115, 101, 58, 108, 111, 97, 100, 45, 76, 45, 50, 48, 48, 58, 100, 105, 115, 112, 58, 110, 111, 100, 101, 45, 78, 45, 49, 49, 48, 58, 117, 121, 34, 10, 32, 32, 32, 32, 125, 44, 10, 32, 32, 32, 32, 123, 10, 32, 32, 32, 32, 32, 32, 34, 114, 101, 102, 95, 116, 121, 112, 101, 34, 58, 32, 34, 114, 101, 115, 117, 108, 116, 34, 44, 10, 32, 32, 32, 32, 32, 32, 34, 114, 101, 102, 95, 105, 100, 34, 58, 32, 34, 114, 101, 115, 117, 108, 116, 58, 108, 111, 97, 100, 99, 97, 115, 101, 58, 108, 111, 97, 100, 45, 76, 45, 50, 48, 48, 58, 100, 105, 115, 112, 58, 110, 111, 100, 101, 45, 78, 45, 49, 49, 48, 58, 117, 122, 34, 10, 32, 32, 32, 32, 125, 44, 10, 32, 32, 32, 32, 123, 10, 32, 32, 32, 32, 32, 32, 34, 114, 101, 102, 95, 116, 121, 112, 101, 34, 58, 32, 34, 114, 101, 115, 117, 108, 116, 34, 44, 10, 32, 32, 32, 32, 32, 32, 34, 114, 101, 102, 95, 105, 100, 34, 58, 32, 34, 114, 101, 115, 117, 108, 116, 58, 108, 111, 97, 100, 99, 97, 115, 101, 58, 108, 111, 97, 100, 45, 76, 45, 50, 48, 48, 58, 100, 105, 115, 112, 58, 110, 111, 100, 101, 45, 78, 45, 49, 49, 48, 58, 114, 120, 34, 10, 32, 32, 32, 32, 125, 44, 10, 32, 32, 32, 32, 123, 10, 32, 32, 32, 32, 32, 32, 34, 114, 101, 102, 95, 116, 121, 112, 101, 34, 58, 32, 34, 114, 101, 115, 117, 108, 116, 34, 44, 10, 32, 32, 32, 32, 32, 32, 34, 114, 101, 102, 95, 105, 100, 34, 58, 32, 34, 114, 101, 115, 117, 108, 116, 58, 108, 111, 97, 100, 99, 97, 115, 101, 58, 108, 111, 97, 100, 45, 76, 45, 50, 48, 48, 58, 100, 105, 115, 112, 58, 110, 111, 100, 101, 45, 78, 45, 49, 49, 48, 58, 114, 121, 34, 10, 32, 32, 32, 32, 125, 44, 10, 32, 32, 32, 32, 123, 10, 32, 32, 32, 32, 32, 32, 34, 114, 101, 102, 95, 116, 121, 112, 101, 34, 58, 32, 34, 114, 101, 115, 117, 108, 116, 34, 44, 10, 32, 32, 32, 32, 32, 32, 34, 114, 101, 102, 95, 105, 100, 34, 58, 32, 34, 114, 101, 115, 117, 108, 116, 58, 108, 111, 97, 100, 99, 97, 115, 101, 58, 108, 111, 97, 100, 45, 76, 45, 50, 48, 48, 58, 100, 105, 115, 112, 58, 110, 111, 100, 101, 45, 78, 45, 49, 49, 48, 58, 114, 122, 34, 10, 32, 32, 32, 32, 125, 44, 10, 32, 32, 32, 32, 123, 10, 32, 32, 32, 32, 32, 32, 34, 114, 101, 102, 95, 116, 121, 112, 101, 34, 58, 32, 34, 114, 101, 115, 117, 108, 116, 34, 44, 10, 32, 32, 32, 32, 32, 32, 34, 114, 101, 102, 95, 105, 100, 34, 58, 32, 34, 114, 101, 115, 117, 108, 116, 58, 108, 111, 97, 100, 99, 97, 115, 101, 58, 108, 111, 97, 100, 45, 76, 45, 50, 48, 48, 58, 100, 105, 115, 112, 58, 110, 111, 100, 101, 45, 78, 45, 49, 50, 48, 58, 117, 120, 34, 10, 32, 32, 32, 32, 125, 44, 10, 32, 32, 32, 32, 123, 10, 32, 32, 32, 32, 32, 32, 34, 114, 101, 102, 95, 116, 121, 112, 101, 34, 58, 32, 34, 114, 101, 115, 117, 108, 116, 34, 44, 10, 32, 32, 32, 32, 32, 32, 34, 114, 101, 102, 95, 105, 100, 34, 58, 32, 34, 114, 101, 115, 117, 108, 116, 58, 108, 111, 97, 100, 99, 97, 115, 101, 58, 108, 111, 97, 100, 45, 76, 45, 50, 48, 48, 58, 100, 105, 115, 112, 58, 110, 111, 100, 101, 45, 78, 45, 49, 50, 48, 58, 117, 121, 34, 10, 32, 32, 32, 32, 125, 44, 10, 32, 32, 32, 32, 123, 10, 32, 32, 32, 32, 32, 32, 34, 114, 101, 102, 95, 116, 121, 112, 101, 34, 58, 32, 34, 114, 101, 115, 117, 108, 116, 34, 44, 10, 32, 32, 32, 32, 32, 32, 34, 114, 101, 102, 95, 105, 100, 34, 58, 32, 34, 114, 101, 115, 117, 108, 116, 58, 108, 111, 97, 100, 99, 97, 115, 101, 58, 108, 111, 97, 100, 45, 76, 45, 50, 48, 48, 58, 100, 105, 115, 112, 58, 110, 111, 100, 101, 45, 78, 45, 49, 50, 48, 58, 117, 122, 34, 10, 32, 32, 32, 32, 125, 44, 10, 32, 32, 32, 32, 123, 10, 32, 32, 32, 32, 32, 32, 34, 114, 101, 102, 95, 116, 121, 112, 101, 34, 58, 32, 34, 114, 101, 115, 117, 108, 116, 34, 44, 10, 32, 32, 32, 32, 32, 32, 34, 114, 101, 102, 95, 105, 100, 34, 58, 32, 34, 114, 101, 115, 117, 108, 116, 58, 108, 111, 97, 100, 99, 97, 115, 101, 58, 108, 111, 97, 100, 45, 76, 45, 50, 48, 48, 58, 100, 105, 115, 112, 58, 110, 111, 100, 101, 45, 78, 45, 49, 50, 48, 58, 114, 120, 34, 10, 32, 32, 32, 32, 125, 44, 10, 32, 32, 32, 32, 123, 10, 32, 32, 32, 32, 32, 32, 34, 114, 101, 102, 95, 116, 121, 112, 101, 34, 58, 32, 34, 114, 101, 115, 117, 108, 116, 34, 44, 10, 32, 32, 32, 32, 32, 32, 34, 114, 101, 102, 95, 105, 100, 34, 58, 32, 34, 114, 101, 115, 117, 108, 116, 58, 108, 111, 97, 100, 99, 97, 115, 101, 58, 108, 111, 97, 100, 45, 76, 45, 50, 48, 48, 58, 100, 105, 115, 112, 58, 110, 111, 100, 101, 45, 78, 45, 49, 50, 48, 58, 114, 121, 34, 10, 32, 32, 32, 32, 125, 44, 10, 32, 32, 32, 32, 123, 10, 32, 32, 32, 32, 32, 32, 34, 114, 101, 102, 95, 116, 121, 112, 101, 34, 58, 32, 34, 114, 101, 115, 117, 108, 116, 34, 44, 10, 32, 32, 32, 32, 32, 32, 34, 114, 101, 102, 95, 105, 100, 34, 58, 32, 34, 114, 101, 115, 117, 108, 116, 58, 108, 111, 97, 100, 99, 97, 115, 101, 58, 108, 111, 97, 100, 45, 76, 45, 50, 48, 48, 58, 100, 105, 115, 112, 58, 110, 111, 100, 101, 45, 78, 45, 49, 50, 48, 58, 114, 122, 34, 10, 32, 32, 32, 32, 125, 44, 10, 32, 32, 32, 32, 123, 10, 32, 32, 32, 32, 32, 32, 34, 114, 101, 102, 95, 116, 121, 112, 101, 34, 58, 32, 34, 114, 101, 115, 117, 108, 116, 34, 44, 10, 32, 32, 32, 32, 32, 32, 34, 114, 101, 102, 95, 105, 100, 34, 58, 32, 34, 114, 101, 115, 117, 108, 116, 58, 108, 111, 97, 100, 99, 97, 115, 101, 58, 108, 111, 97, 100, 45, 76, 45, 50, 48, 48, 58, 100, 105, 115, 112, 58, 110, 111, 100, 101, 45, 78, 45, 49, 51, 48, 58, 117, 120, 34, 10, 32, 32, 32, 32, 125, 44, 10, 32, 32, 32, 32, 123, 10, 32, 32, 32, 32, 32, 32, 34, 114, 101, 102, 95, 116, 121, 112, 101, 34, 58, 32, 34, 114, 101, 115, 117, 108, 116, 34, 44, 10, 32, 32, 32, 32, 32, 32, 34, 114, 101, 102, 95, 105, 100, 34, 58, 32, 34, 114, 101, 115, 117, 108, 116, 58, 108, 111, 97, 100, 99, 97, 115, 101, 58, 108, 111, 97, 100, 45, 76, 45, 50, 48, 48, 58, 100, 105, 115, 112, 58, 110, 111, 100, 101, 45, 78, 45, 49, 51, 48, 58, 117, 121, 34, 10, 32, 32, 32, 32, 125, 44, 10, 32, 32, 32, 32, 123, 10, 32, 32, 32, 32, 32, 32, 34, 114, 101, 102, 95, 116, 121, 112, 101, 34, 58, 32, 34, 114, 101, 115, 117, 108, 116, 34, 44, 10, 32, 32, 32, 32, 32, 32, 34, 114, 101, 102, 95, 105, 100, 34, 58, 32, 34, 114, 101, 115, 117, 108, 116, 58, 108, 111, 97, 100, 99, 97, 115, 101, 58, 108, 111, 97, 100, 45, 76, 45, 50, 48, 48, 58, 100, 105, 115, 112, 58, 110, 111, 100, 101, 45, 78, 45, 49, 51, 48, 58, 117, 122, 34, 10, 32, 32, 32, 32, 125, 44, 10, 32, 32, 32, 32, 123, 10, 32, 32, 32, 32, 32, 32, 34, 114, 101, 102, 95, 116, 121, 112, 101, 34, 58, 32, 34, 114, 101, 115, 117, 108, 116, 34, 44, 10, 32, 32, 32, 32, 32, 32, 34, 114, 101, 102, 95, 105, 100, 34, 58, 32, 34, 114, 101, 115, 117, 108, 116, 58, 108, 111, 97, 100, 99, 97, 115, 101, 58, 108, 111, 97, 100, 45, 76, 45, 50, 48, 48, 58, 100, 105, 115, 112, 58, 110, 111, 100, 101, 45, 78, 45, 49, 51, 48, 58, 114, 120, 34, 10, 32, 32, 32, 32, 125, 44, 10, 32, 32, 32, 32, 123, 10, 32, 32, 32, 32, 32, 32, 34, 114, 101, 102, 95, 116, 121, 112, 101, 34, 58, 32, 34, 114, 101, 115, 117, 108, 116, 34, 44, 10, 32, 32, 32, 32, 32, 32, 34, 114, 101, 102, 95, 105, 100, 34, 58, 32, 34, 114, 101, 115, 117, 108, 116, 58, 108, 111, 97, 100, 99, 97, 115, 101, 58, 108, 111, 97, 100, 45, 76, 45, 50, 48, 48, 58, 100, 105, 115, 112, 58, 110, 111, 100, 101, 45, 78, 45, 49, 51, 48, 58, 114, 121, 34, 10, 32, 32, 32, 32, 125, 44, 10, 32, 32, 32, 32, 123, 10, 32, 32, 32, 32, 32, 32, 34, 114, 101, 102, 95, 116, 121, 112, 101, 34, 58, 32, 34, 114, 101, 115, 117, 108, 116, 34, 44, 10, 32, 32, 32, 32, 32, 32, 34, 114, 101, 102, 95, 105, 100, 34, 58, 32, 34, 114, 101, 115, 117, 108, 116, 58, 108, 111, 97, 100, 99, 97, 115, 101, 58, 108, 111, 97, 100, 45, 76, 45, 50, 48, 48, 58, 100, 105, 115, 112, 58, 110, 111, 100, 101, 45, 78, 45, 49, 51, 48, 58, 114, 122, 34, 10, 32, 32, 32, 32, 125, 44, 10, 32, 32, 32, 32, 123, 10, 32, 32, 32, 32, 32, 32, 34, 114, 101, 102, 95, 116, 121, 112, 101, 34, 58, 32, 34, 114, 101, 115, 117, 108, 116, 34, 44, 10, 32, 32, 32, 32, 32, 32, 34, 114, 101, 102, 95, 105, 100, 34, 58, 32, 34, 114, 101, 115, 117, 108, 116, 58, 108, 111, 97, 100, 99, 97, 115, 101, 58, 108, 111, 97, 100, 45, 76, 45, 50, 48, 48, 58, 100, 105, 115, 112, 58, 110, 111, 100, 101, 45, 78, 45, 49, 52, 48, 58, 117, 120, 34, 10, 32, 32, 32, 32, 125, 44, 10, 32, 32, 32, 32, 123, 10, 32, 32, 32, 32, 32, 32, 34, 114, 101, 102, 95, 116, 121, 112, 101, 34, 58, 32, 34, 114, 101, 115, 117, 108, 116, 34, 44, 10, 32, 32, 32, 32, 32, 32, 34, 114, 101, 102, 95, 105, 100, 34, 58, 32, 34, 114, 101, 115, 117, 108, 116, 58, 108, 111, 97, 100, 99, 97, 115, 101, 58, 108, 111, 97, 100, 45, 76, 45, 50, 48, 48, 58, 100, 105, 115, 112, 58, 110, 111, 100, 101, 45, 78, 45, 49, 52, 48, 58, 117, 121, 34, 10, 32, 32, 32, 32, 125, 44, 10, 32, 32, 32, 32, 123, 10, 32, 32, 32, 32, 32, 32, 34, 114, 101, 102, 95, 116, 121, 112, 101, 34, 58, 32, 34, 114, 101, 115, 117, 108, 116, 34, 44, 10, 32, 32, 32, 32, 32, 32, 34, 114, 101, 102, 95, 105, 100, 34, 58, 32, 34, 114, 101, 115, 117, 108, 116, 58, 108, 111, 97, 100, 99, 97, 115, 101, 58, 108, 111, 97, 100, 45, 76, 45, 50, 48, 48, 58, 100, 105, 115, 112, 58, 110, 111, 100, 101, 45, 78, 45, 49, 52, 48, 58, 117, 122, 34, 10, 32, 32, 32, 32, 125, 44, 10, 32, 32, 32, 32, 123, 10, 32, 32, 32, 32, 32, 32, 34, 114, 101, 102, 95, 116, 121, 112, 101, 34, 58, 32, 34, 114, 101, 115, 117, 108, 116, 34, 44, 10, 32, 32, 32, 32, 32, 32, 34, 114, 101, 102, 95, 105, 100, 34, 58, 32, 34, 114, 101, 115, 117, 108, 116, 58, 108, 111, 97, 100, 99, 97, 115, 101, 58, 108, 111, 97, 100, 45, 76, 45, 50, 48, 48, 58, 100, 105, 115, 112, 58, 110, 111, 100, 101, 45, 78, 45, 49, 52, 48, 58, 114, 120, 34, 10, 32, 32, 32, 32, 125, 44, 10, 32, 32, 32, 32, 123, 10, 32, 32, 32, 32, 32, 32, 34, 114, 101, 102, 95, 116, 121, 112, 101, 34, 58, 32, 34, 114, 101, 115, 117, 108, 116, 34, 44, 10, 32, 32, 32, 32, 32, 32, 34, 114, 101, 102, 95, 105, 100, 34, 58, 32, 34, 114, 101, 115, 117, 108, 116, 58, 108, 111, 97, 100, 99, 97, 115, 101, 58, 108, 111, 97, 100, 45, 76, 45, 50, 48, 48, 58, 100, 105, 115, 112, 58, 110, 111, 100, 101, 45, 78, 45, 49, 52, 48, 58, 114, 121, 34, 10, 32, 32, 32, 32, 125, 44, 10, 32, 32, 32, 32, 123, 10, 32, 32, 32, 32, 32, 32, 34, 114, 101, 102, 95, 116, 121, 112, 101, 34, 58, 32, 34, 114, 101, 115, 117, 108, 116, 34, 44, 10, 32, 32, 32, 32, 32, 32, 34, 114, 101, 102, 95, 105, 100, 34, 58, 32, 34, 114, 101, 115, 117, 108, 116, 58, 108, 111, 97, 100, 99, 97, 115, 101, 58, 108, 111, 97, 100, 45, 76, 45, 50, 48, 48, 58, 100, 105, 115, 112, 58, 110, 111, 100, 101, 45, 78, 45, 49, 52, 48, 58, 114, 122, 34, 10, 32, 32, 32, 32, 125, 44, 10, 32, 32, 32, 32, 123, 10, 32, 32, 32, 32, 32, 32, 34, 114, 101, 102, 95, 116, 121, 112, 101, 34, 58, 32, 34, 114, 101, 115, 117, 108, 116, 34, 44, 10, 32, 32, 32, 32, 32, 32, 34, 114, 101, 102, 95, 105, 100, 34, 58, 32, 34, 114, 101, 115, 117, 108, 116, 58, 108, 111, 97, 100, 99, 97, 115, 101, 58, 108, 111, 97, 100, 45, 76, 45, 50, 48, 48, 58, 114, 101, 97, 99, 116, 105, 111, 110, 58, 115, 117, 112, 112, 111, 114, 116, 45, 83, 45, 49, 48, 48, 34, 10, 32, 32, 32, 32, 125, 44, 10, 32, 32, 32, 32, 123, 10, 32, 32, 32, 32, 32, 32, 34, 114, 101, 102, 95, 116, 121, 112, 101, 34, 58, 32, 34, 114, 101, 115, 117, 108, 116, 34, 44, 10, 32, 32, 32, 32, 32, 32, 34, 114, 101, 102, 95, 105, 100, 34, 58, 32, 34, 114, 101, 115, 117, 108, 116, 58, 108, 111, 97, 100, 99, 97, 115, 101, 58, 108, 111, 97, 100, 45, 76, 45, 50, 48, 48, 58, 114, 101, 97, 99, 116, 105, 111, 110, 58, 115, 117, 112, 112, 111, 114, 116, 45, 83, 45, 49, 50, 48, 34, 10, 32, 32, 32, 32, 125, 44, 10, 32, 32, 32, 32, 123, 10, 32, 32, 32, 32, 32, 32, 34, 114, 101, 102, 95, 116, 121, 112, 101, 34, 58, 32, 34, 114, 101, 115, 117, 108, 116, 34, 44, 10, 32, 32, 32, 32, 32, 32, 34, 114, 101, 102, 95, 105, 100, 34, 58, 32, 34, 114, 101, 115, 117, 108, 116, 58, 108, 111, 97, 100, 99, 97, 115, 101, 58, 108, 111, 97, 100, 45, 76, 45, 50, 48, 48, 58, 114, 101, 97, 99, 116, 105, 111, 110, 58, 115, 117, 112, 112, 111, 114, 116, 45, 83, 45, 49, 51, 48, 34, 10, 32, 32, 32, 32, 125, 44, 10, 32, 32, 32, 32, 123, 10, 32, 32, 32, 32, 32, 32, 34, 114, 101, 102, 95, 116, 121, 112, 101, 34, 58, 32, 34, 114, 101, 115, 117, 108, 116, 34, 44, 10, 32, 32, 32, 32, 32, 32, 34, 114, 101, 102, 95, 105, 100, 34, 58, 32, 34, 114, 101, 115, 117, 108, 116, 58, 108, 111, 97, 100, 99, 97, 115, 101, 58, 108, 111, 97, 100, 45, 76, 45, 50, 48, 48, 58, 114, 101, 97, 99, 116, 105, 111, 110, 58, 115, 117, 112, 112, 111, 114, 116, 45, 83, 72, 45, 49, 52, 48, 34, 10, 32, 32, 32, 32, 125, 44, 10, 32, 32, 32, 32, 123, 10, 32, 32, 32, 32, 32, 32, 34, 114, 101, 102, 95, 116, 121, 112, 101, 34, 58, 32, 34, 114, 101, 115, 117, 108, 116, 34, 44, 10, 32, 32, 32, 32, 32, 32, 34, 114, 101, 102, 95, 105, 100, 34, 58, 32, 34, 114, 101, 115, 117, 108, 116, 58, 108, 111, 97, 100, 99, 97, 115, 101, 58, 108, 111, 97, 100, 45, 76, 45, 50, 48, 48, 58, 114, 101, 97, 99, 116, 105, 111, 110, 58, 115, 117, 112, 112, 111, 114, 116, 45, 67, 69, 45, 49, 50, 48, 34, 10, 32, 32, 32, 32, 125, 44, 10, 32, 32, 32, 32, 123, 10, 32, 32, 32, 32, 32, 32, 34, 114, 101, 102, 95, 116, 121, 112, 101, 34, 58, 32, 34, 114, 101, 115, 117, 108, 116, 34, 44, 10, 32, 32, 32, 32, 32, 32, 34, 114, 101, 102, 95, 105, 100, 34, 58, 32, 34, 114, 101, 115, 117, 108, 116, 58, 108, 111, 97, 100, 99, 97, 115, 101, 58, 108, 111, 97, 100, 45, 76, 45, 50, 48, 48, 58, 102, 111, 114, 99, 101, 58, 112, 105, 112, 101, 45, 80, 45, 49, 48, 48, 58, 97, 120, 105, 97, 108, 34, 10, 32, 32, 32, 32, 125, 44, 10, 32, 32, 32, 32, 123, 10, 32, 32, 32, 32, 32, 32, 34, 114, 101, 102, 95, 116, 121, 112, 101, 34, 58, 32, 34, 114, 101, 115, 117, 108, 116, 34, 44, 10, 32, 32, 32, 32, 32, 32, 34, 114, 101, 102, 95, 105, 100, 34, 58, 32, 34, 114, 101, 115, 117, 108, 116, 58, 108, 111, 97, 100, 99, 97, 115, 101, 58, 108, 111, 97, 100, 45, 76, 45, 50, 48, 48, 58, 102, 111, 114, 99, 101, 58, 112, 105, 112, 101, 45, 80, 45, 49, 48, 48, 58, 97, 120, 105, 97, 108, 58, 101, 110, 100, 45, 106, 34, 10, 32, 32, 32, 32, 125, 44, 10, 32, 32, 32, 32, 123, 10, 32, 32, 32, 32, 32, 32, 34, 114, 101, 102, 95, 116, 121, 112, 101, 34, 58, 32, 34, 114, 101, 115, 117, 108, 116, 34, 44, 10, 32, 32, 32, 32, 32, 32, 34, 114, 101, 102, 95, 105, 100, 34, 58, 32, 34, 114, 101, 115, 117, 108, 116, 58, 108, 111, 97, 100, 99, 97, 115, 101, 58, 108, 111, 97, 100, 45, 76, 45, 50, 48, 48, 58, 102, 111, 114, 99, 101, 58, 112, 105, 112, 101, 45, 80, 45, 49, 48, 48, 58, 115, 104, 101, 97, 114, 45, 121, 34, 10, 32, 32, 32, 32, 125, 44, 10, 32, 32, 32, 32, 123, 10, 32, 32, 32, 32, 32, 32, 34, 114, 101, 102, 95, 116, 121, 112, 101, 34, 58, 32, 34, 114, 101, 115, 117, 108, 116, 34, 44, 10, 32, 32, 32, 32, 32, 32, 34, 114, 101, 102, 95, 105, 100, 34, 58, 32, 34, 114, 101, 115, 117, 108, 116, 58, 108, 111, 97, 100, 99, 97, 115, 101, 58, 108, 111, 97, 100, 45, 76, 45, 50, 48, 48, 58, 102, 111, 114, 99, 101, 58, 112, 105, 112, 101, 45, 80, 45, 49, 48, 48, 58, 115, 104, 101, 97, 114, 45, 121, 58, 101, 110, 100, 45, 106, 34, 10, 32, 32, 32, 32, 125, 44, 10, 32, 32, 32, 32, 123, 10, 32, 32, 32, 32, 32, 32, 34, 114, 101, 102, 95, 116, 121, 112, 101, 34, 58, 32, 34, 114, 101, 115, 117, 108, 116, 34, 44, 10, 32, 32, 32, 32, 32, 32, 34, 114, 101, 102, 95, 105, 100, 34, 58, 32, 34, 114, 101, 115, 117, 108, 116, 58, 108, 111, 97, 100, 99, 97, 115, 101, 58, 108, 111, 97, 100, 45, 76, 45, 50, 48, 48, 58, 102, 111, 114, 99, 101, 58, 112, 105, 112, 101, 45, 80, 45, 49, 48, 48, 58, 115, 104, 101, 97, 114, 45, 122, 34, 10, 32, 32, 32, 32, 125, 44, 10, 32, 32, 32, 32, 123, 10, 32, 32, 32, 32, 32, 32, 34, 114, 101, 102, 95, 116, 121, 112, 101, 34, 58, 32, 34, 114, 101, 115, 117, 108, 116, 34, 44, 10, 32, 32, 32, 32, 32, 32, 34, 114, 101, 102, 95, 105, 100, 34, 58, 32, 34, 114, 101, 115, 117, 108, 116, 58, 108, 111, 97, 100, 99, 97, 115, 101, 58, 108, 111, 97, 100, 45, 76, 45, 50, 48, 48, 58, 102, 111, 114, 99, 101, 58, 112, 105, 112, 101, 45, 80, 45, 49, 48, 48, 58, 115, 104, 101, 97, 114, 45, 122, 58, 101, 110, 100, 45, 106, 34, 10, 32, 32, 32, 32, 125, 44, 10, 32, 32, 32, 32, 123, 10, 32, 32, 32, 32, 32, 32, 34, 114, 101, 102, 95, 116, 121, 112, 101, 34, 58, 32, 34, 114, 101, 115, 117, 108, 116, 34, 44, 10, 32, 32, 32, 32, 32, 32, 34, 114, 101, 102, 95, 105, 100, 34, 58, 32, 34, 114, 101, 115, 117, 108, 116, 58, 108, 111, 97, 100, 99, 97, 115, 101, 58, 108, 111, 97, 100, 45, 76, 45, 50, 48, 48, 58, 109, 111, 109, 101, 110, 116, 58, 112, 105, 112, 101, 45, 80, 45, 49, 48, 48, 58, 116, 111, 114, 115, 105, 111, 110, 34, 10, 32, 32, 32, 32, 125, 44, 10, 32, 32, 32, 32, 123, 10, 32, 32, 32, 32, 32, 32, 34, 114, 101, 102, 95, 116, 121, 112, 101, 34, 58, 32, 34, 114, 101, 115, 117, 108, 116, 34, 44, 10, 32, 32, 32, 32, 32, 32, 34, 114, 101, 102, 95, 105, 100, 34, 58, 32, 34, 114, 101, 115, 117, 108, 116, 58, 108, 111, 97, 100, 99, 97, 115, 101, 58, 108, 111, 97, 100, 45, 76, 45, 50, 48, 48, 58, 109, 111, 109, 101, 110, 116, 58, 112, 105, 112, 101, 45, 80, 45, 49, 48, 48, 58, 116, 111, 114, 115, 105, 111, 110, 58, 101, 110, 100, 45, 106, 34, 10, 32, 32, 32, 32, 125, 44, 10, 32, 32, 32, 32, 123, 10, 32, 32, 32, 32, 32, 32, 34, 114, 101, 102, 95, 116, 121, 112, 101, 34, 58, 32, 34, 114, 101, 115, 117, 108, 116, 34, 44, 10, 32, 32, 32, 32, 32, 32, 34, 114, 101, 102, 95, 105, 100, 34, 58, 32, 34, 114, 101, 115, 117, 108, 116, 58, 108, 111, 97, 100, 99, 97, 115, 101, 58, 108, 111, 97, 100, 45, 76, 45, 50, 48, 48, 58, 109, 111, 109, 101, 110, 116, 58, 112, 105, 112, 101, 45, 80, 45, 49, 48, 48, 58, 98, 101, 110, 100, 105, 110, 103, 45, 121, 34, 10, 32, 32, 32, 32, 125, 44, 10, 32, 32, 32, 32, 123, 10, 32, 32, 32, 32, 32, 32, 34, 114, 101, 102, 95, 116, 121, 112, 101, 34, 58, 32, 34, 114, 101, 115, 117, 108, 116, 34, 44, 10, 32, 32, 32, 32, 32, 32, 34, 114, 101, 102, 95, 105, 100, 34, 58, 32, 34, 114, 101, 115, 117, 108, 116, 58, 108, 111, 97, 100, 99, 97, 115, 101, 58, 108, 111, 97, 100, 45, 76, 45, 50, 48, 48, 58, 109, 111, 109, 101, 110, 116, 58, 112, 105, 112, 101, 45, 80, 45, 49, 48, 48, 58, 98, 101, 110, 100, 105, 110, 103, 45, 121, 58, 101, 110, 100, 45, 106, 34, 10, 32, 32, 32, 32, 125, 44, 10, 32, 32, 32, 32, 123, 10, 32, 32, 32, 32, 32, 32, 34, 114, 101, 102, 95, 116, 121, 112, 101, 34, 58, 32, 34, 114, 101, 115, 117, 108, 116, 34, 44, 10, 32, 32, 32, 32, 32, 32, 34, 114, 101, 102, 95, 105, 100, 34, 58, 32, 34, 114, 101, 115, 117, 108, 116, 58, 108, 111, 97, 100, 99, 97, 115, 101, 58, 108, 111, 97, 100, 45, 76, 45, 50, 48, 48, 58, 109, 111, 109, 101, 110, 116, 58, 112, 105, 112, 101, 45, 80, 45, 49, 48, 48, 58, 98, 101, 110, 100, 105, 110, 103, 45, 122, 34, 10, 32, 32, 32, 32, 125, 44, 10, 32, 32, 32, 32, 123, 10, 32, 32, 32, 32, 32, 32, 34, 114, 101, 102, 95, 116, 121, 112, 101, 34, 58, 32, 34, 114, 101, 115, 117, 108, 116, 34, 44, 10, 32, 32, 32, 32, 32, 32, 34, 114, 101, 102, 95, 105, 100, 34, 58, 32, 34, 114, 101, 115, 117, 108, 116, 58, 108, 111, 97, 100, 99, 97, 115, 101, 58, 108, 111, 97, 100, 45, 76, 45, 50, 48, 48, 58, 109, 111, 109, 101, 110, 116, 58, 112, 105, 112, 101, 45, 80, 45, 49, 48, 48, 58, 98, 101, 110, 100, 105, 110, 103, 45, 122, 58, 101, 110, 100, 45, 106, 34, 10, 32, 32, 32, 32, 125, 44, 10, 32, 32, 32, 32, 123, 10, 32, 32, 32, 32, 32, 32, 34, 114, 101, 102, 95, 116, 121, 112, 101, 34, 58, 32, 34, 114, 101, 115, 117, 108, 116, 34, 44, 10, 32, 32, 32, 32, 32, 32, 34, 114, 101, 102, 95, 105, 100, 34, 58, 32, 34, 114, 101, 115, 117, 108, 116, 58, 108, 111, 97, 100, 99, 97, 115, 101, 58, 108, 111, 97, 100, 45, 76, 45, 50, 48, 48, 58, 102, 111, 114, 99, 101, 58, 112, 105, 112, 101, 45, 80, 45, 49, 48, 48, 58, 113, 117, 97, 114, 116, 101, 114, 45, 49, 58, 97, 120, 105, 97, 108, 34, 10, 32, 32, 32, 32, 125, 44, 10, 32, 32, 32, 32, 123, 10, 32, 32, 32, 32, 32, 32, 34, 114, 101, 102, 95, 116, 121, 112, 101, 34, 58, 32, 34, 114, 101, 115, 117, 108, 116, 34, 44, 10, 32, 32, 32, 32, 32, 32, 34, 114, 101, 102, 95, 105, 100, 34, 58, 32, 34, 114, 101, 115, 117, 108, 116, 58, 108, 111, 97, 100, 99, 97, 115, 101, 58, 108, 111, 97, 100, 45, 76, 45, 50, 48, 48, 58, 102, 111, 114, 99, 101, 58, 112, 105, 112, 101, 45, 80, 45, 49, 48, 48, 58, 113, 117, 97, 114, 116, 101, 114, 45, 49, 58, 115, 104, 101, 97, 114, 45, 121, 34, 10, 32, 32, 32, 32, 125, 44, 10, 32, 32, 32, 32, 123, 10, 32, 32, 32, 32, 32, 32, 34, 114, 101, 102, 95, 116, 121, 112, 101, 34, 58, 32, 34, 114, 101, 115, 117, 108, 116, 34, 44, 10, 32, 32, 32, 32, 32, 32, 34, 114, 101, 102, 95, 105, 100, 34, 58, 32, 34, 114, 101, 115, 117, 108, 116, 58, 108, 111, 97, 100, 99, 97, 115, 101, 58, 108, 111, 97, 100, 45, 76, 45, 50, 48, 48, 58, 102, 111, 114, 99, 101, 58, 112, 105, 112, 101, 45, 80, 45, 49, 48, 48, 58, 113, 117, 97, 114, 116, 101, 114, 45, 49, 58, 115, 104, 101, 97, 114, 45, 122, 34, 10, 32, 32, 32, 32, 125, 44, 10, 32, 32, 32, 32, 123, 10, 32, 32, 32, 32, 32, 32, 34, 114, 101, 102, 95, 116, 121, 112, 101, 34, 58, 32, 34, 114, 101, 115, 117, 108, 116, 34, 44, 10, 32, 32, 32, 32, 32, 32, 34, 114, 101, 102, 95, 105, 100, 34, 58, 32, 34, 114, 101, 115, 117, 108, 116, 58, 108, 111, 97, 100, 99, 97, 115, 101, 58, 108, 111, 97, 100, 45, 76, 45, 50, 48, 48, 58, 109, 111, 109, 101, 110, 116, 58, 112, 105, 112, 101, 45, 80, 45, 49, 48, 48, 58, 113, 117, 97, 114, 116, 101, 114, 45, 49, 58, 116, 111, 114, 115, 105, 111, 110, 34, 10, 32, 32, 32, 32, 125, 44, 10, 32, 32, 32, 32, 123, 10, 32, 32, 32, 32, 32, 32, 34, 114, 101, 102, 95, 116, 121, 112, 101, 34, 58, 32, 34, 114, 101, 115, 117, 108, 116, 34, 44, 10, 32, 32, 32, 32, 32, 32, 34, 114, 101, 102, 95, 105, 100, 34, 58, 32, 34, 114, 101, 115, 117, 108, 116, 58, 108, 111, 97, 100, 99, 97, 115, 101, 58, 108, 111, 97, 100, 45, 76, 45, 50, 48, 48, 58, 109, 111, 109, 101, 110, 116, 58, 112, 105, 112, 101, 45, 80, 45, 49, 48, 48, 58, 113, 117, 97, 114, 116, 101, 114, 45, 49, 58, 98, 101, 110, 100, 105, 110, 103, 45, 121, 34, 10, 32, 32, 32, 32, 125, 44, 10, 32, 32, 32, 32, 123, 10, 32, 32, 32, 32, 32, 32, 34, 114, 101, 102, 95, 116, 121, 112, 101, 34, 58, 32, 34, 114, 101, 115, 117, 108, 116, 34, 44, 10, 32, 32, 32, 32, 32, 32, 34, 114, 101, 102, 95, 105, 100, 34, 58, 32, 34, 114, 101, 115, 117, 108, 116, 58, 108, 111, 97, 100, 99, 97, 115, 101, 58, 108, 111, 97, 100, 45, 76, 45, 50, 48, 48, 58, 109, 111, 109, 101, 110, 116, 58, 112, 105, 112, 101, 45, 80, 45, 49, 48, 48, 58, 113, 117, 97, 114, 116, 101, 114, 45, 49, 58, 98, 101, 110, 100, 105, 110, 103, 45, 122, 34, 10, 32, 32, 32, 32, 125, 44, 10, 32, 32, 32, 32, 123, 10, 32, 32, 32, 32, 32, 32, 34, 114, 101, 102, 95, 116, 121, 112, 101, 34, 58, 32, 34, 114, 101, 115, 117, 108, 116, 34, 44, 10, 32, 32, 32, 32, 32, 32, 34, 114, 101, 102, 95, 105, 100, 34, 58, 32, 34, 114, 101, 115, 117, 108, 116, 58, 108, 111, 97, 100, 99, 97, 115, 101, 58, 108, 111, 97, 100, 45, 76, 45, 50, 48, 48, 58, 102, 111, 114, 99, 101, 58, 112, 105, 112, 101, 45, 80, 45, 49, 48, 48, 58, 109, 105, 100, 115, 112, 97, 110, 58, 97, 120, 105, 97, 108, 34, 10, 32, 32, 32, 32, 125, 44, 10, 32, 32, 32, 32, 123, 10, 32, 32, 32, 32, 32, 32, 34, 114, 101, 102, 95, 116, 121, 112, 101, 34, 58, 32, 34, 114, 101, 115, 117, 108, 116, 34, 44, 10, 32, 32, 32, 32, 32, 32, 34, 114, 101, 102, 95, 105, 100, 34, 58, 32, 34, 114, 101, 115, 117, 108, 116, 58, 108, 111, 97, 100, 99, 97, 115, 101, 58, 108, 111, 97, 100, 45, 76, 45, 50, 48, 48, 58, 102, 111, 114, 99, 101, 58, 112, 105, 112, 101, 45, 80, 45, 49, 48, 48, 58, 109, 105, 100, 115, 112, 97, 110, 58, 115, 104, 101, 97, 114, 45, 121, 34, 10, 32, 32, 32, 32, 125, 44, 10, 32, 32, 32, 32, 123, 10, 32, 32, 32, 32, 32, 32, 34, 114, 101, 102, 95, 116, 121, 112, 101, 34, 58, 32, 34, 114, 101, 115, 117, 108, 116, 34, 44, 10, 32, 32, 32, 32, 32, 32, 34, 114, 101, 102, 95, 105, 100, 34, 58, 32, 34, 114, 101, 115, 117, 108, 116, 58, 108, 111, 97, 100, 99, 97, 115, 101, 58, 108, 111, 97, 100, 45, 76, 45, 50, 48, 48, 58, 102, 111, 114, 99, 101, 58, 112, 105, 112, 101, 45, 80, 45, 49, 48, 48, 58, 109, 105, 100, 115, 112, 97, 110, 58, 115, 104, 101, 97, 114, 45, 122, 34, 10, 32, 32, 32, 32, 125, 44, 10, 32, 32, 32, 32, 123, 10, 32, 32, 32, 32, 32, 32, 34, 114, 101, 102, 95, 116, 121, 112, 101, 34, 58, 32, 34, 114, 101, 115, 117, 108, 116, 34, 44, 10, 32, 32, 32, 32, 32, 32, 34, 114, 101, 102, 95, 105, 100, 34, 58, 32, 34, 114, 101, 115, 117, 108, 116, 58, 108, 111, 97, 100, 99, 97, 115, 101, 58, 108, 111, 97, 100, 45, 76, 45, 50, 48, 48, 58, 109, 111, 109, 101, 110, 116, 58, 112, 105, 112, 101, 45, 80, 45, 49, 48, 48, 58, 109, 105, 100, 115, 112, 97, 110, 58, 116, 111, 114, 115, 105, 111, 110, 34, 10, 32, 32, 32, 32, 125, 44, 10, 32, 32, 32, 32, 123, 10, 32, 32, 32, 32, 32, 32, 34, 114, 101, 102, 95, 116, 121, 112, 101, 34, 58, 32, 34, 114, 101, 115, 117, 108, 116, 34, 44, 10, 32, 32, 32, 32, 32, 32, 34, 114, 101, 102, 95, 105, 100, 34, 58, 32, 34, 114, 101, 115, 117, 108, 116, 58, 108, 111, 97, 100, 99, 97, 115, 101, 58, 108, 111, 97, 100, 45, 76, 45, 50, 48, 48, 58, 109, 111, 109, 101, 110, 116, 58, 112, 105, 112, 101, 45, 80, 45, 49, 48, 48, 58, 109, 105, 100, 115, 112, 97, 110, 58, 98, 101, 110, 100, 105, 110, 103, 45, 121, 34, 10, 32, 32, 32, 32, 125, 44, 10, 32, 32, 32, 32, 123, 10, 32, 32, 32, 32, 32, 32, 34, 114, 101, 102, 95, 116, 121, 112, 101, 34, 58, 32, 34, 114, 101, 115, 117, 108, 116, 34, 44, 10, 32, 32, 32, 32, 32, 32, 34, 114, 101, 102, 95, 105, 100, 34, 58, 32, 34, 114, 101, 115, 117, 108, 116, 58, 108, 111, 97, 100, 99, 97, 115, 101, 58, 108, 111, 97, 100, 45, 76, 45, 50, 48, 48, 58, 109, 111, 109, 101, 110, 116, 58, 112, 105, 112, 101, 45, 80, 45, 49, 48, 48, 58, 109, 105, 100, 115, 112, 97, 110, 58, 98, 101, 110, 100, 105, 110, 103, 45, 122, 34, 10, 32, 32, 32, 32, 125, 44, 10, 32, 32, 32, 32, 123, 10, 32, 32, 32, 32, 32, 32, 34, 114, 101, 102, 95, 116, 121, 112, 101, 34, 58, 32, 34, 114, 101, 115, 117, 108, 116, 34, 44, 10, 32, 32, 32, 32, 32, 32, 34, 114, 101, 102, 95, 105, 100, 34, 58, 32, 34, 114, 101, 115, 117, 108, 116, 58, 108, 111, 97, 100, 99, 97, 115, 101, 58, 108, 111, 97, 100, 45, 76, 45, 50, 48, 48, 58, 102, 111, 114, 99, 101, 58, 112, 105, 112, 101, 45, 80, 45, 49, 48, 48, 58, 113, 117, 97, 114, 116, 101, 114, 45, 51, 58, 97, 120, 105, 97, 108, 34, 10, 32, 32, 32, 32, 125, 44, 10, 32, 32, 32, 32, 123, 10, 32, 32, 32, 32, 32, 32, 34, 114, 101, 102, 95, 116, 121, 112, 101, 34, 58, 32, 34, 114, 101, 115, 117, 108, 116, 34, 44, 10, 32, 32, 32, 32, 32, 32, 34, 114, 101, 102, 95, 105, 100, 34, 58, 32, 34, 114, 101, 115, 117, 108, 116, 58, 108, 111, 97, 100, 99, 97, 115, 101, 58, 108, 111, 97, 100, 45, 76, 45, 50, 48, 48, 58, 102, 111, 114, 99, 101, 58, 112, 105, 112, 101, 45, 80, 45, 49, 48, 48, 58, 113, 117, 97, 114, 116, 101, 114, 45, 51, 58, 115, 104, 101, 97, 114, 45, 121, 34, 10, 32, 32, 32, 32, 125, 44, 10, 32, 32, 32, 32, 123, 10, 32, 32, 32, 32, 32, 32, 34, 114, 101, 102, 95, 116, 121, 112, 101, 34, 58, 32, 34, 114, 101, 115, 117, 108, 116, 34, 44, 10, 32, 32, 32, 32, 32, 32, 34, 114, 101, 102, 95, 105, 100, 34, 58, 32, 34, 114, 101, 115, 117, 108, 116, 58, 108, 111, 97, 100, 99, 97, 115, 101, 58, 108, 111, 97, 100, 45, 76, 45, 50, 48, 48, 58, 102, 111, 114, 99, 101, 58, 112, 105, 112, 101, 45, 80, 45, 49, 48, 48, 58, 113, 117, 97, 114, 116, 101, 114, 45, 51, 58, 115, 104, 101, 97, 114, 45, 122, 34, 10, 32, 32, 32, 32, 125, 44, 10, 32, 32, 32, 32, 123, 10, 32, 32, 32, 32, 32, 32, 34, 114, 101, 102, 95, 116, 121, 112, 101, 34, 58, 32, 34, 114, 101, 115, 117, 108, 116, 34, 44, 10, 32, 32, 32, 32, 32, 32, 34, 114, 101, 102, 95, 105, 100, 34, 58, 32, 34, 114, 101, 115, 117, 108, 116, 58, 108, 111, 97, 100, 99, 97, 115, 101, 58, 108, 111, 97, 100, 45, 76, 45, 50, 48, 48, 58, 109, 111, 109, 101, 110, 116, 58, 112, 105, 112, 101, 45, 80, 45, 49, 48, 48, 58, 113, 117, 97, 114, 116, 101, 114, 45, 51, 58, 116, 111, 114, 115, 105, 111, 110, 34, 10, 32, 32, 32, 32, 125, 44, 10, 32, 32, 32, 32, 123, 10, 32, 32, 32, 32, 32, 32, 34, 114, 101, 102, 95, 116, 121, 112, 101, 34, 58, 32, 34, 114, 101, 115, 117, 108, 116, 34, 44, 10, 32, 32, 32, 32, 32, 32, 34, 114, 101, 102, 95, 105, 100, 34, 58, 32, 34, 114, 101, 115, 117, 108, 116, 58, 108, 111, 97, 100, 99, 97, 115, 101, 58, 108, 111, 97, 100, 45, 76, 45, 50, 48, 48, 58, 109, 111, 109, 101, 110, 116, 58, 112, 105, 112, 101, 45, 80, 45, 49, 48, 48, 58, 113, 117, 97, 114, 116, 101, 114, 45, 51, 58, 98, 101, 110, 100, 105, 110, 103, 45, 121, 34, 10, 32, 32, 32, 32, 125, 44, 10, 32, 32, 32, 32, 123, 10, 32, 32, 32, 32, 32, 32, 34, 114, 101, 102, 95, 116, 121, 112, 101, 34, 58, 32, 34, 114, 101, 115, 117, 108, 116, 34, 44, 10, 32, 32, 32, 32, 32, 32, 34, 114, 101, 102, 95, 105, 100, 34, 58, 32, 34, 114, 101, 115, 117, 108, 116, 58, 108, 111, 97, 100, 99, 97, 115, 101, 58, 108, 111, 97, 100, 45, 76, 45, 50, 48, 48, 58, 109, 111, 109, 101, 110, 116, 58, 112, 105, 112, 101, 45, 80, 45, 49, 48, 48, 58, 113, 117, 97, 114, 116, 101, 114, 45, 51, 58, 98, 101, 110, 100, 105, 110, 103, 45, 122, 34, 10, 32, 32, 32, 32, 125, 44, 10, 32, 32, 32, 32, 123, 10, 32, 32, 32, 32, 32, 32, 34, 114, 101, 102, 95, 116, 121, 112, 101, 34, 58, 32, 34, 114, 101, 115, 117, 108, 116, 34, 44, 10, 32, 32, 32, 32, 32, 32, 34, 114, 101, 102, 95, 105, 100, 34, 58, 32, 34, 114, 101, 115, 117, 108, 116, 58, 108, 111, 97, 100, 99, 97, 115, 101, 58, 108, 111, 97, 100, 45, 76, 45, 50, 48, 48, 58, 115, 116, 114, 101, 115, 115, 58, 112, 105, 112, 101, 45, 80, 45, 49, 48, 48, 58, 101, 110, 100, 45, 105, 58, 97, 120, 105, 97, 108, 45, 110, 111, 114, 109, 97, 108, 34, 10, 32, 32, 32, 32, 125, 44, 10, 32, 32, 32, 32, 123, 10, 32, 32, 32, 32, 32, 32, 34, 114, 101, 102, 95, 116, 121, 112, 101, 34, 58, 32, 34, 114, 101, 115, 117, 108, 116, 34, 44, 10, 32, 32, 32, 32, 32, 32, 34, 114, 101, 102, 95, 105, 100, 34, 58, 32, 34, 114, 101, 115, 117, 108, 116, 58, 108, 111, 97, 100, 99, 97, 115, 101, 58, 108, 111, 97, 100, 45, 76, 45, 50, 48, 48, 58, 115, 116, 114, 101, 115, 115, 58, 112, 105, 112, 101, 45, 80, 45, 49, 48, 48, 58, 101, 110, 100, 45, 105, 58, 98, 101, 110, 100, 105, 110, 103, 45, 110, 111, 114, 109, 97, 108, 45, 121, 34, 10, 32, 32, 32, 32, 125, 44, 10, 32, 32, 32, 32, 123, 10, 32, 32, 32, 32, 32, 32, 34, 114, 101, 102, 95, 116, 121, 112, 101, 34, 58, 32, 34, 114, 101, 115, 117, 108, 116, 34, 44, 10, 32, 32, 32, 32, 32, 32, 34, 114, 101, 102, 95, 105, 100, 34, 58, 32, 34, 114, 101, 115, 117, 108, 116, 58, 108, 111, 97, 100, 99, 97, 115, 101, 58, 108, 111, 97, 100, 45, 76, 45, 50, 48, 48, 58, 115, 116, 114, 101, 115, 115, 58, 112, 105, 112, 101, 45, 80, 45, 49, 48, 48, 58, 101, 110, 100, 45, 105, 58, 98, 101, 110, 100, 105, 110, 103, 45, 110, 111, 114, 109, 97, 108, 45, 122, 34, 10, 32, 32, 32, 32, 125, 44, 10, 32, 32, 32, 32, 123, 10, 32, 32, 32, 32, 32, 32, 34, 114, 101, 102, 95, 116, 121, 112, 101, 34, 58, 32, 34, 114, 101, 115, 117, 108, 116, 34, 44, 10, 32, 32, 32, 32, 32, 32, 34, 114, 101, 102, 95, 105, 100, 34, 58, 32, 34, 114, 101, 115, 117, 108, 116, 58, 108, 111, 97, 100, 99, 97, 115, 101, 58, 108, 111, 97, 100, 45, 76, 45, 50, 48, 48, 58, 115, 116, 114, 101, 115, 115, 58, 112, 105, 112, 101, 45, 80, 45, 49, 48, 48, 58, 101, 110, 100, 45, 105, 58, 116, 111, 114, 115, 105, 111, 110, 97, 108, 45, 115, 104, 101, 97, 114, 34, 10, 32, 32, 32, 32, 125, 44, 10, 32, 32, 32, 32, 123, 10, 32, 32, 32, 32, 32, 32, 34, 114, 101, 102, 95, 116, 121, 112, 101, 34, 58, 32, 34, 114, 101, 115, 117, 108, 116, 34, 44, 10, 32, 32, 32, 32, 32, 32, 34, 114, 101, 102, 95, 105, 100, 34, 58, 32, 34, 114, 101, 115, 117, 108, 116, 58, 108, 111, 97, 100, 99, 97, 115, 101, 58, 108, 111, 97, 100, 45, 76, 45, 50, 48, 48, 58, 115, 116, 114, 101, 115, 115, 58, 112, 105, 112, 101, 45, 80, 45, 49, 48, 48, 58, 101, 110, 100, 45, 106, 58, 97, 120, 105, 97, 108, 45, 110, 111, 114, 109, 97, 108, 34, 10, 32, 32, 32, 32, 125, 44, 10, 32, 32, 32, 32, 123, 10, 32, 32, 32, 32, 32, 32, 34, 114, 101, 102, 95, 116, 121, 112, 101, 34, 58, 32, 34, 114, 101, 115, 117, 108, 116, 34, 44, 10, 32, 32, 32, 32, 32, 32, 34, 114, 101, 102, 95, 105, 100, 34, 58, 32, 34, 114, 101, 115, 117, 108, 116, 58, 108, 111, 97, 100, 99, 97, 115, 101, 58, 108, 111, 97, 100, 45, 76, 45, 50, 48, 48, 58, 115, 116, 114, 101, 115, 115, 58, 112, 105, 112, 101, 45, 80, 45, 49, 48, 48, 58, 101, 110, 100, 45, 106, 58, 98, 101, 110, 100, 105, 110, 103, 45, 110, 111, 114, 109, 97, 108, 45, 121, 34, 10, 32, 32, 32, 32, 125, 44, 10, 32, 32, 32, 32, 123, 10, 32, 32, 32, 32, 32, 32, 34, 114, 101, 102, 95, 116, 121, 112, 101, 34, 58, 32, 34, 114, 101, 115, 117, 108, 116, 34, 44, 10, 32, 32, 32, 32, 32, 32, 34, 114, 101, 102, 95, 105, 100, 34, 58, 32, 34, 114, 101, 115, 117, 108, 116, 58, 108, 111, 97, 100, 99, 97, 115, 101, 58, 108, 111, 97, 100, 45, 76, 45, 50, 48, 48, 58, 115, 116, 114, 101, 115, 115, 58, 112, 105, 112, 101, 45, 80, 45, 49, 48, 48, 58, 101, 110, 100, 45, 106, 58, 98, 101, 110, 100, 105, 110, 103, 45, 110, 111, 114, 109, 97, 108, 45, 122, 34, 10, 32, 32, 32, 32, 125, 44, 10, 32, 32, 32, 32, 123, 10, 32, 32, 32, 32, 32, 32, 34, 114, 101, 102, 95, 116, 121, 112, 101, 34, 58, 32, 34, 114, 101, 115, 117, 108, 116, 34, 44, 10, 32, 32, 32, 32, 32, 32, 34, 114, 101, 102, 95, 105, 100, 34, 58, 32, 34, 114, 101, 115, 117, 108, 116, 58, 108, 111, 97, 100, 99, 97, 115, 101, 58, 108, 111, 97, 100, 45, 76, 45, 50, 48, 48, 58, 115, 116, 114, 101, 115, 115, 58, 112, 105, 112, 101, 45, 80, 45, 49, 48, 48, 58, 101, 110, 100, 45, 106, 58, 116, 111, 114, 115, 105, 111, 110, 97, 108, 45, 115, 104, 101, 97, 114, 34, 10, 32, 32, 32, 32, 125, 44, 10, 32, 32, 32, 32, 123, 10, 32, 32, 32, 32, 32, 32, 34, 114, 101, 102, 95, 116, 121, 112, 101, 34, 58, 32, 34, 114, 101, 115, 117, 108, 116, 34, 44, 10, 32, 32, 32, 32, 32, 32, 34, 114, 101, 102, 95, 105, 100, 34, 58, 32, 34, 114, 101, 115, 117, 108, 116, 58, 108, 111, 97, 100, 99, 97, 115, 101, 58, 108, 111, 97, 100, 45, 76, 45, 50, 48, 48, 58, 115, 116, 114, 101, 115, 115, 58, 112, 105, 112, 101, 45, 80, 45, 49, 48, 48, 58, 113, 117, 97, 114, 116, 101, 114, 45, 49, 58, 97, 120, 105, 97, 108, 45, 110, 111, 114, 109, 97, 108, 34, 10, 32, 32, 32, 32, 125, 44, 10, 32, 32, 32, 32, 123, 10, 32, 32, 32, 32, 32, 32, 34, 114, 101, 102, 95, 116, 121, 112, 101, 34, 58, 32, 34, 114, 101, 115, 117, 108, 116, 34, 44, 10, 32, 32, 32, 32, 32, 32, 34, 114, 101, 102, 95, 105, 100, 34, 58, 32, 34, 114, 101, 115, 117, 108, 116, 58, 108, 111, 97, 100, 99, 97, 115, 101, 58, 108, 111, 97, 100, 45, 76, 45, 50, 48, 48, 58, 115, 116, 114, 101, 115, 115, 58, 112, 105, 112, 101, 45, 80, 45, 49, 48, 48, 58, 113, 117, 97, 114, 116, 101, 114, 45, 49, 58, 98, 101, 110, 100, 105, 110, 103, 45, 110, 111, 114, 109, 97, 108, 45, 121, 34, 10, 32, 32, 32, 32, 125, 44, 10, 32, 32, 32, 32, 123, 10, 32, 32, 32, 32, 32, 32, 34, 114, 101, 102, 95, 116, 121, 112, 101, 34, 58, 32, 34, 114, 101, 115, 117, 108, 116, 34, 44, 10, 32, 32, 32, 32, 32, 32, 34, 114, 101, 102, 95, 105, 100, 34, 58, 32, 34, 114, 101, 115, 117, 108, 116, 58, 108, 111, 97, 100, 99, 97, 115, 101, 58, 108, 111, 97, 100, 45, 76, 45, 50, 48, 48, 58, 115, 116, 114, 101, 115, 115, 58, 112, 105, 112, 101, 45, 80, 45, 49, 48, 48, 58, 113, 117, 97, 114, 116, 101, 114, 45, 49, 58, 98, 101, 110, 100, 105, 110, 103, 45, 110, 111, 114, 109, 97, 108, 45, 122, 34, 10, 32, 32, 32, 32, 125, 44, 10, 32, 32, 32, 32, 123, 10, 32, 32, 32, 32, 32, 32, 34, 114, 101, 102, 95, 116, 121, 112, 101, 34, 58, 32, 34, 114, 101, 115, 117, 108, 116, 34, 44, 10, 32, 32, 32, 32, 32, 32, 34, 114, 101, 102, 95, 105, 100, 34, 58, 32, 34, 114, 101, 115, 117, 108, 116, 58, 108, 111, 97, 100, 99, 97, 115, 101, 58, 108, 111, 97, 100, 45, 76, 45, 50, 48, 48, 58, 115, 116, 114, 101, 115, 115, 58, 112, 105, 112, 101, 45, 80, 45, 49, 48, 48, 58, 113, 117, 97, 114, 116, 101, 114, 45, 49, 58, 116, 111, 114, 115, 105, 111, 110, 97, 108, 45, 115, 104, 101, 97, 114, 34, 10, 32, 32, 32, 32, 125, 44, 10, 32, 32, 32, 32, 123, 10, 32, 32, 32, 32, 32, 32, 34, 114, 101, 102, 95, 116, 121, 112, 101, 34, 58, 32, 34, 114, 101, 115, 117, 108, 116, 34, 44, 10, 32, 32, 32, 32, 32, 32, 34, 114, 101, 102, 95, 105, 100, 34, 58, 32, 34, 114, 101, 115, 117, 108, 116, 58, 108, 111, 97, 100, 99, 97, 115, 101, 58, 108, 111, 97, 100, 45, 76, 45, 50, 48, 48, 58, 115, 116, 114, 101, 115, 115, 58, 112, 105, 112, 101, 45, 80, 45, 49, 48, 48, 58, 109, 105, 100, 115, 112, 97, 110, 58, 97, 120, 105, 97, 108, 45, 110, 111, 114, 109, 97, 108, 34, 10, 32, 32, 32, 32, 125, 44, 10, 32, 32, 32, 32, 123, 10, 32, 32, 32, 32, 32, 32, 34, 114, 101, 102, 95, 116, 121, 112, 101, 34, 58, 32, 34, 114, 101, 115, 117, 108, 116, 34, 44, 10, 32, 32, 32, 32, 32, 32, 34, 114, 101, 102, 95, 105, 100, 34, 58, 32, 34, 114, 101, 115, 117, 108, 116, 58, 108, 111, 97, 100, 99, 97, 115, 101, 58, 108, 111, 97, 100, 45, 76, 45, 50, 48, 48, 58, 115, 116, 114, 101, 115, 115, 58, 112, 105, 112, 101, 45, 80, 45, 49, 48, 48, 58, 109, 105, 100, 115, 112, 97, 110, 58, 98, 101, 110, 100, 105, 110, 103, 45, 110, 111, 114, 109, 97, 108, 45, 121, 34, 10, 32, 32, 32, 32, 125, 44, 10, 32, 32, 32, 32, 123, 10, 32, 32, 32, 32, 32, 32, 34, 114, 101, 102, 95, 116, 121, 112, 101, 34, 58, 32, 34, 114, 101, 115, 117, 108, 116, 34, 44, 10, 32, 32, 32, 32, 32, 32, 34, 114, 101, 102, 95, 105, 100, 34, 58, 32, 34, 114, 101, 115, 117, 108, 116, 58, 108, 111, 97, 100, 99, 97, 115, 101, 58, 108, 111, 97, 100, 45, 76, 45, 50, 48, 48, 58, 115, 116, 114, 101, 115, 115, 58, 112, 105, 112, 101, 45, 80, 45, 49, 48, 48, 58, 109, 105, 100, 115, 112, 97, 110, 58, 98, 101, 110, 100, 105, 110, 103, 45, 110, 111, 114, 109, 97, 108, 45, 122, 34, 10, 32, 32, 32, 32, 125, 44, 10, 32, 32, 32, 32, 123, 10, 32, 32, 32, 32, 32, 32, 34, 114, 101, 102, 95, 116, 121, 112, 101, 34, 58, 32, 34, 114, 101, 115, 117, 108, 116, 34, 44, 10, 32, 32, 32, 32, 32, 32, 34, 114, 101, 102, 95, 105, 100, 34, 58, 32, 34, 114, 101, 115, 117, 108, 116, 58, 108, 111, 97, 100, 99, 97, 115, 101, 58, 108, 111, 97, 100, 45, 76, 45, 50, 48, 48, 58, 115, 116, 114, 101, 115, 115, 58, 112, 105, 112, 101, 45, 80, 45, 49, 48, 48, 58, 109, 105, 100, 115, 112, 97, 110, 58, 116, 111, 114, 115, 105, 111, 110, 97, 108, 45, 115, 104, 101, 97, 114, 34, 10, 32, 32, 32, 32, 125, 44, 10, 32, 32, 32, 32, 123, 10, 32, 32, 32, 32, 32, 32, 34, 114, 101, 102, 95, 116, 121, 112, 101, 34, 58, 32, 34, 114, 101, 115, 117, 108, 116, 34, 44, 10, 32, 32, 32, 32, 32, 32, 34, 114, 101, 102, 95, 105, 100, 34, 58, 32, 34, 114, 101, 115, 117, 108, 116, 58, 108, 111, 97, 100, 99, 97, 115, 101, 58, 108, 111, 97, 100, 45, 76, 45, 50, 48, 48, 58, 115, 116, 114, 101, 115, 115, 58, 112, 105, 112, 101, 45, 80, 45, 49, 48, 48, 58, 113, 117, 97, 114, 116, 101, 114, 45, 51, 58, 97, 120, 105, 97, 108, 45, 110, 111, 114, 109, 97, 108, 34, 10, 32, 32, 32, 32, 125, 44, 10, 32, 32, 32, 32, 123, 10, 32, 32, 32, 32, 32, 32, 34, 114, 101, 102, 95, 116, 121, 112, 101, 34, 58, 32, 34, 114, 101, 115, 117, 108, 116, 34, 44, 10, 32, 32, 32, 32, 32, 32, 34, 114, 101, 102, 95, 105, 100, 34, 58, 32, 34, 114, 101, 115, 117, 108, 116, 58, 108, 111, 97, 100, 99, 97, 115, 101, 58, 108, 111, 97, 100, 45, 76, 45, 50, 48, 48, 58, 115, 116, 114, 101, 115, 115, 58, 112, 105, 112, 101, 45, 80, 45, 49, 48, 48, 58, 113, 117, 97, 114, 116, 101, 114, 45, 51, 58, 98, 101, 110, 100, 105, 110, 103, 45, 110, 111, 114, 109, 97, 108, 45, 121, 34, 10, 32, 32, 32, 32, 125, 44, 10, 32, 32, 32, 32, 123, 10, 32, 32, 32, 32, 32, 32, 34, 114, 101, 102, 95, 116, 121, 112, 101, 34, 58, 32, 34, 114, 101, 115, 117, 108, 116, 34, 44, 10, 32, 32, 32, 32, 32, 32, 34, 114, 101, 102, 95, 105, 100, 34, 58, 32, 34, 114, 101, 115, 117, 108, 116, 58, 108, 111, 97, 100, 99, 97, 115, 101, 58, 108, 111, 97, 100, 45, 76, 45, 50, 48, 48, 58, 115, 116, 114, 101, 115, 115, 58, 112, 105, 112, 101, 45, 80, 45, 49, 48, 48, 58, 113, 117, 97, 114, 116, 101, 114, 45, 51, 58, 98, 101, 110, 100, 105, 110, 103, 45, 110, 111, 114, 109, 97, 108, 45, 122, 34, 10, 32, 32, 32, 32, 125, 44, 10, 32, 32, 32, 32, 123, 10, 32, 32, 32, 32, 32, 32, 34, 114, 101, 102, 95, 116, 121, 112, 101, 34, 58, 32, 34, 114, 101, 115, 117, 108, 116, 34, 44, 10, 32, 32, 32, 32, 32, 32, 34, 114, 101, 102, 95, 105, 100, 34, 58, 32, 34, 114, 101, 115, 117, 108, 116, 58, 108, 111, 97, 100, 99, 97, 115, 101, 58, 108, 111, 97, 100, 45, 76, 45, 50, 48, 48, 58, 115, 116, 114, 101, 115, 115, 58, 112, 105, 112, 101, 45, 80, 45, 49, 48, 48, 58, 113, 117, 97, 114, 116, 101, 114, 45, 51, 58, 116, 111, 114, 115, 105, 111, 110, 97, 108, 45, 115, 104, 101, 97, 114, 34, 10, 32, 32, 32, 32, 125, 44, 10, 32, 32, 32, 32, 123, 10, 32, 32, 32, 32, 32, 32, 34, 114, 101, 102, 95, 116, 121, 112, 101, 34, 58, 32, 34, 114, 101, 115, 117, 108, 116, 34, 44, 10, 32, 32, 32, 32, 32, 32, 34, 114, 101, 102, 95, 105, 100, 34, 58, 32, 34, 114, 101, 115, 117, 108, 116, 58, 108, 111, 97, 100, 99, 97, 115, 101, 58, 108, 111, 97, 100, 45, 76, 45, 50, 48, 48, 58, 115, 116, 114, 101, 115, 115, 58, 112, 105, 112, 101, 45, 80, 45, 49, 48, 48, 34, 10, 32, 32, 32, 32, 125, 44, 10, 32, 32, 32, 32, 123, 10, 32, 32, 32, 32, 32, 32, 34, 114, 101, 102, 95, 116, 121, 112, 101, 34, 58, 32, 34, 114, 101, 115, 117, 108, 116, 34, 44, 10, 32, 32, 32, 32, 32, 32, 34, 114, 101, 102, 95, 105, 100, 34, 58, 32, 34, 114, 101, 115, 117, 108, 116, 58, 108, 111, 97, 100, 99, 97, 115, 101, 58, 108, 111, 97, 100, 45, 76, 45, 50, 48, 48, 58, 115, 116, 114, 101, 115, 115, 58, 99, 111, 109, 112, 111, 110, 101, 110, 116, 45, 67, 45, 49, 49, 48, 58, 112, 105, 112, 101, 45, 80, 45, 49, 48, 48, 58, 101, 110, 100, 45, 106, 58, 117, 115, 101, 114, 45, 109, 117, 108, 116, 105, 112, 108, 105, 101, 114, 34, 10, 32, 32, 32, 32, 125, 44, 10, 32, 32, 32, 32, 123, 10, 32, 32, 32, 32, 32, 32, 34, 114, 101, 102, 95, 116, 121, 112, 101, 34, 58, 32, 34, 114, 101, 115, 117, 108, 116, 34, 44, 10, 32, 32, 32, 32, 32, 32, 34, 114, 101, 102, 95, 105, 100, 34, 58, 32, 34, 114, 101, 115, 117, 108, 116, 58, 108, 111, 97, 100, 99, 97, 115, 101, 58, 108, 111, 97, 100, 45, 76, 45, 50, 48, 48, 58, 102, 111, 114, 99, 101, 58, 112, 105, 112, 101, 45, 80, 45, 49, 49, 48, 58, 97, 120, 105, 97, 108, 34, 10, 32, 32, 32, 32, 125, 44, 10, 32, 32, 32, 32, 123, 10, 32, 32, 32, 32, 32, 32, 34, 114, 101, 102, 95, 116, 121, 112, 101, 34, 58, 32, 34, 114, 101, 115, 117, 108, 116, 34, 44, 10, 32, 32, 32, 32, 32, 32, 34, 114, 101, 102, 95, 105, 100, 34, 58, 32, 34, 114, 101, 115, 117, 108, 116, 58, 108, 111, 97, 100, 99, 97, 115, 101, 58, 108, 111, 97, 100, 45, 76, 45, 50, 48, 48, 58, 102, 111, 114, 99, 101, 58, 112, 105, 112, 101, 45, 80, 45, 49, 49, 48, 58, 97, 120, 105, 97, 108, 58, 101, 110, 100, 45, 106, 34, 10, 32, 32, 32, 32, 125, 44, 10, 32, 32, 32, 32, 123, 10, 32, 32, 32, 32, 32, 32, 34, 114, 101, 102, 95, 116, 121, 112, 101, 34, 58, 32, 34, 114, 101, 115, 117, 108, 116, 34, 44, 10, 32, 32, 32, 32, 32, 32, 34, 114, 101, 102, 95, 105, 100, 34, 58, 32, 34, 114, 101, 115, 117, 108, 116, 58, 108, 111, 97, 100, 99, 97, 115, 101, 58, 108, 111, 97, 100, 45, 76, 45, 50, 48, 48, 58, 102, 111, 114, 99, 101, 58, 112, 105, 112, 101, 45, 80, 45, 49, 49, 48, 58, 115, 104, 101, 97, 114, 45, 121, 34, 10, 32, 32, 32, 32, 125, 44, 10, 32, 32, 32, 32, 123, 10, 32, 32, 32, 32, 32, 32, 34, 114, 101, 102, 95, 116, 121, 112, 101, 34, 58, 32, 34, 114, 101, 115, 117, 108, 116, 34, 44, 10, 32, 32, 32, 32, 32, 32, 34, 114, 101, 102, 95, 105, 100, 34, 58, 32, 34, 114, 101, 115, 117, 108, 116, 58, 108, 111, 97, 100, 99, 97, 115, 101, 58, 108, 111, 97, 100, 45, 76, 45, 50, 48, 48, 58, 102, 111, 114, 99, 101, 58, 112, 105, 112, 101, 45, 80, 45, 49, 49, 48, 58, 115, 104, 101, 97, 114, 45, 121, 58, 101, 110, 100, 45, 106, 34, 10, 32, 32, 32, 32, 125, 44, 10, 32, 32, 32, 32, 123, 10, 32, 32, 32, 32, 32, 32, 34, 114, 101, 102, 95, 116, 121, 112, 101, 34, 58, 32, 34, 114, 101, 115, 117, 108, 116, 34, 44, 10, 32, 32, 32, 32, 32, 32, 34, 114, 101, 102, 95, 105, 100, 34, 58, 32, 34, 114, 101, 115, 117, 108, 116, 58, 108, 111, 97, 100, 99, 97, 115, 101, 58, 108, 111, 97, 100, 45, 76, 45, 50, 48, 48, 58, 102, 111, 114, 99, 101, 58, 112, 105, 112, 101, 45, 80, 45, 49, 49, 48, 58, 115, 104, 101, 97, 114, 45, 122, 34, 10, 32, 32, 32, 32, 125, 44, 10, 32, 32, 32, 32, 123, 10, 32, 32, 32, 32, 32, 32, 34, 114, 101, 102, 95, 116, 121, 112, 101, 34, 58, 32, 34, 114, 101, 115, 117, 108, 116, 34, 44, 10, 32, 32, 32, 32, 32, 32, 34, 114, 101, 102, 95, 105, 100, 34, 58, 32, 34, 114, 101, 115, 117, 108, 116, 58, 108, 111, 97, 100, 99, 97, 115, 101, 58, 108, 111, 97, 100, 45, 76, 45, 50, 48, 48, 58, 102, 111, 114, 99, 101, 58, 112, 105, 112, 101, 45, 80, 45, 49, 49, 48, 58, 115, 104, 101, 97, 114, 45, 122, 58, 101, 110, 100, 45, 106, 34, 10, 32, 32, 32, 32, 125, 44, 10, 32, 32, 32, 32, 123, 10, 32, 32, 32, 32, 32, 32, 34, 114, 101, 102, 95, 116, 121, 112, 101, 34, 58, 32, 34, 114, 101, 115, 117, 108, 116, 34, 44, 10, 32, 32, 32, 32, 32, 32, 34, 114, 101, 102, 95, 105, 100, 34, 58, 32, 34, 114, 101, 115, 117, 108, 116, 58, 108, 111, 97, 100, 99, 97, 115, 101, 58, 108, 111, 97, 100, 45, 76, 45, 50, 48, 48, 58, 109, 111, 109, 101, 110, 116, 58, 112, 105, 112, 101, 45, 80, 45, 49, 49, 48, 58, 116, 111, 114, 115, 105, 111, 110, 34, 10, 32, 32, 32, 32, 125, 44, 10, 32, 32, 32, 32, 123, 10, 32, 32, 32, 32, 32, 32, 34, 114, 101, 102, 95, 116, 121, 112, 101, 34, 58, 32, 34, 114, 101, 115, 117, 108, 116, 34, 44, 10, 32, 32, 32, 32, 32, 32, 34, 114, 101, 102, 95, 105, 100, 34, 58, 32, 34, 114, 101, 115, 117, 108, 116, 58, 108, 111, 97, 100, 99, 97, 115, 101, 58, 108, 111, 97, 100, 45, 76, 45, 50, 48, 48, 58, 109, 111, 109, 101, 110, 116, 58, 112, 105, 112, 101, 45, 80, 45, 49, 49, 48, 58, 116, 111, 114, 115, 105, 111, 110, 58, 101, 110, 100, 45, 106, 34, 10, 32, 32, 32, 32, 125, 44, 10, 32, 32, 32, 32, 123, 10, 32, 32, 32, 32, 32, 32, 34, 114, 101, 102, 95, 116, 121, 112, 101, 34, 58, 32, 34, 114, 101, 115, 117, 108, 116, 34, 44, 10, 32, 32, 32, 32, 32, 32, 34, 114, 101, 102, 95, 105, 100, 34, 58, 32, 34, 114, 101, 115, 117, 108, 116, 58, 108, 111, 97, 100, 99, 97, 115, 101, 58, 108, 111, 97, 100, 45, 76, 45, 50, 48, 48, 58, 109, 111, 109, 101, 110, 116, 58, 112, 105, 112, 101, 45, 80, 45, 49, 49, 48, 58, 98, 101, 110, 100, 105, 110, 103, 45, 121, 34, 10, 32, 32, 32, 32, 125, 44, 10, 32, 32, 32, 32, 123, 10, 32, 32, 32, 32, 32, 32, 34, 114, 101, 102, 95, 116, 121, 112, 101, 34, 58, 32, 34, 114, 101, 115, 117, 108, 116, 34, 44, 10, 32, 32, 32, 32, 32, 32, 34, 114, 101, 102, 95, 105, 100, 34, 58, 32, 34, 114, 101, 115, 117, 108, 116, 58, 108, 111, 97, 100, 99, 97, 115, 101, 58, 108, 111, 97, 100, 45, 76, 45, 50, 48, 48, 58, 109, 111, 109, 101, 110, 116, 58, 112, 105, 112, 101, 45, 80, 45, 49, 49, 48, 58, 98, 101, 110, 100, 105, 110, 103, 45, 121, 58, 101, 110, 100, 45, 106, 34, 10, 32, 32, 32, 32, 125, 44, 10, 32, 32, 32, 32, 123, 10, 32, 32, 32, 32, 32, 32, 34, 114, 101, 102, 95, 116, 121, 112, 101, 34, 58, 32, 34, 114, 101, 115, 117, 108, 116, 34, 44, 10, 32, 32, 32, 32, 32, 32, 34, 114, 101, 102, 95, 105, 100, 34, 58, 32, 34, 114, 101, 115, 117, 108, 116, 58, 108, 111, 97, 100, 99, 97, 115, 101, 58, 108, 111, 97, 100, 45, 76, 45, 50, 48, 48, 58, 109, 111, 109, 101, 110, 116, 58, 112, 105, 112, 101, 45, 80, 45, 49, 49, 48, 58, 98, 101, 110, 100, 105, 110, 103, 45, 122, 34, 10, 32, 32, 32, 32, 125, 44, 10, 32, 32, 32, 32, 123, 10, 32, 32, 32, 32, 32, 32, 34, 114, 101, 102, 95, 116, 121, 112, 101, 34, 58, 32, 34, 114, 101, 115, 117, 108, 116, 34, 44, 10, 32, 32, 32, 32, 32, 32, 34, 114, 101, 102, 95, 105, 100, 34, 58, 32, 34, 114, 101, 115, 117, 108, 116, 58, 108, 111, 97, 100, 99, 97, 115, 101, 58, 108, 111, 97, 100, 45, 76, 45, 50, 48, 48, 58, 109, 111, 109, 101, 110, 116, 58, 112, 105, 112, 101, 45, 80, 45, 49, 49, 48, 58, 98, 101, 110, 100, 105, 110, 103, 45, 122, 58, 101, 110, 100, 45, 106, 34, 10, 32, 32, 32, 32, 125, 44, 10, 32, 32, 32, 32, 123, 10, 32, 32, 32, 32, 32, 32, 34, 114, 101, 102, 95, 116, 121, 112, 101, 34, 58, 32, 34, 114, 101, 115, 117, 108, 116, 34, 44, 10, 32, 32, 32, 32, 32, 32, 34, 114, 101, 102, 95, 105, 100, 34, 58, 32, 34, 114, 101, 115, 117, 108, 116, 58, 108, 111, 97, 100, 99, 97, 115, 101, 58, 108, 111, 97, 100, 45, 76, 45, 50, 48, 48, 58, 102, 111, 114, 99, 101, 58, 112, 105, 112, 101, 45, 80, 45, 49, 49, 48, 58, 113, 117, 97, 114, 116, 101, 114, 45, 49, 58, 97, 120, 105, 97, 108, 34, 10, 32, 32, 32, 32, 125, 44, 10, 32, 32, 32, 32, 123, 10, 32, 32, 32, 32, 32, 32, 34, 114, 101, 102, 95, 116, 121, 112, 101, 34, 58, 32, 34, 114, 101, 115, 117, 108, 116, 34, 44, 10, 32, 32, 32, 32, 32, 32, 34, 114, 101, 102, 95, 105, 100, 34, 58, 32, 34, 114, 101, 115, 117, 108, 116, 58, 108, 111, 97, 100, 99, 97, 115, 101, 58, 108, 111, 97, 100, 45, 76, 45, 50, 48, 48, 58, 102, 111, 114, 99, 101, 58, 112, 105, 112, 101, 45, 80, 45, 49, 49, 48, 58, 113, 117, 97, 114, 116, 101, 114, 45, 49, 58, 115, 104, 101, 97, 114, 45, 121, 34, 10, 32, 32, 32, 32, 125, 44, 10, 32, 32, 32, 32, 123, 10, 32, 32, 32, 32, 32, 32, 34, 114, 101, 102, 95, 116, 121, 112, 101, 34, 58, 32, 34, 114, 101, 115, 117, 108, 116, 34, 44, 10, 32, 32, 32, 32, 32, 32, 34, 114, 101, 102, 95, 105, 100, 34, 58, 32, 34, 114, 101, 115, 117, 108, 116, 58, 108, 111, 97, 100, 99, 97, 115, 101, 58, 108, 111, 97, 100, 45, 76, 45, 50, 48, 48, 58, 102, 111, 114, 99, 101, 58, 112, 105, 112, 101, 45, 80, 45, 49, 49, 48, 58, 113, 117, 97, 114, 116, 101, 114, 45, 49, 58, 115, 104, 101, 97, 114, 45, 122, 34, 10, 32, 32, 32, 32, 125, 44, 10, 32, 32, 32, 32, 123, 10, 32, 32, 32, 32, 32, 32, 34, 114, 101, 102, 95, 116, 121, 112, 101, 34, 58, 32, 34, 114, 101, 115, 117, 108, 116, 34, 44, 10, 32, 32, 32, 32, 32, 32, 34, 114, 101, 102, 95, 105, 100, 34, 58, 32, 34, 114, 101, 115, 117, 108, 116, 58, 108, 111, 97, 100, 99, 97, 115, 101, 58, 108, 111, 97, 100, 45, 76, 45, 50, 48, 48, 58, 109, 111, 109, 101, 110, 116, 58, 112, 105, 112, 101, 45, 80, 45, 49, 49, 48, 58, 113, 117, 97, 114, 116, 101, 114, 45, 49, 58, 116, 111, 114, 115, 105, 111, 110, 34, 10, 32, 32, 32, 32, 125, 44, 10, 32, 32, 32, 32, 123, 10, 32, 32, 32, 32, 32, 32, 34, 114, 101, 102, 95, 116, 121, 112, 101, 34, 58, 32, 34, 114, 101, 115, 117, 108, 116, 34, 44, 10, 32, 32, 32, 32, 32, 32, 34, 114, 101, 102, 95, 105, 100, 34, 58, 32, 34, 114, 101, 115, 117, 108, 116, 58, 108, 111, 97, 100, 99, 97, 115, 101, 58, 108, 111, 97, 100, 45, 76, 45, 50, 48, 48, 58, 109, 111, 109, 101, 110, 116, 58, 112, 105, 112, 101, 45, 80, 45, 49, 49, 48, 58, 113, 117, 97, 114, 116, 101, 114, 45, 49, 58, 98, 101, 110, 100, 105, 110, 103, 45, 121, 34, 10, 32, 32, 32, 32, 125, 44, 10, 32, 32, 32, 32, 123, 10, 32, 32, 32, 32, 32, 32, 34, 114, 101, 102, 95, 116, 121, 112, 101, 34, 58, 32, 34, 114, 101, 115, 117, 108, 116, 34, 44, 10, 32, 32, 32, 32, 32, 32, 34, 114, 101, 102, 95, 105, 100, 34, 58, 32, 34, 114, 101, 115, 117, 108, 116, 58, 108, 111, 97, 100, 99, 97, 115, 101, 58, 108, 111, 97, 100, 45, 76, 45, 50, 48, 48, 58, 109, 111, 109, 101, 110, 116, 58, 112, 105, 112, 101, 45, 80, 45, 49, 49, 48, 58, 113, 117, 97, 114, 116, 101, 114, 45, 49, 58, 98, 101, 110, 100, 105, 110, 103, 45, 122, 34, 10, 32, 32, 32, 32, 125, 44, 10, 32, 32, 32, 32, 123, 10, 32, 32, 32, 32, 32, 32, 34, 114, 101, 102, 95, 116, 121, 112, 101, 34, 58, 32, 34, 114, 101, 115, 117, 108, 116, 34, 44, 10, 32, 32, 32, 32, 32, 32, 34, 114, 101, 102, 95, 105, 100, 34, 58, 32, 34, 114, 101, 115, 117, 108, 116, 58, 108, 111, 97, 100, 99, 97, 115, 101, 58, 108, 111, 97, 100, 45, 76, 45, 50, 48, 48, 58, 102, 111, 114, 99, 101, 58, 112, 105, 112, 101, 45, 80, 45, 49, 49, 48, 58, 109, 105, 100, 115, 112, 97, 110, 58, 97, 120, 105, 97, 108, 34, 10, 32, 32, 32, 32, 125, 44, 10, 32, 32, 32, 32, 123, 10, 32, 32, 32, 32, 32, 32, 34, 114, 101, 102, 95, 116, 121, 112, 101, 34, 58, 32, 34, 114, 101, 115, 117, 108, 116, 34, 44, 10, 32, 32, 32, 32, 32, 32, 34, 114, 101, 102, 95, 105, 100, 34, 58, 32, 34, 114, 101, 115, 117, 108, 116, 58, 108, 111, 97, 100, 99, 97, 115, 101, 58, 108, 111, 97, 100, 45, 76, 45, 50, 48, 48, 58, 102, 111, 114, 99, 101, 58, 112, 105, 112, 101, 45, 80, 45, 49, 49, 48, 58, 109, 105, 100, 115, 112, 97, 110, 58, 115, 104, 101, 97, 114, 45, 121, 34, 10, 32, 32, 32, 32, 125, 44, 10, 32, 32, 32, 32, 123, 10, 32, 32, 32, 32, 32, 32, 34, 114, 101, 102, 95, 116, 121, 112, 101, 34, 58, 32, 34, 114, 101, 115, 117, 108, 116, 34, 44, 10, 32, 32, 32, 32, 32, 32, 34, 114, 101, 102, 95, 105, 100, 34, 58, 32, 34, 114, 101, 115, 117, 108, 116, 58, 108, 111, 97, 100, 99, 97, 115, 101, 58, 108, 111, 97, 100, 45, 76, 45, 50, 48, 48, 58, 102, 111, 114, 99, 101, 58, 112, 105, 112, 101, 45, 80, 45, 49, 49, 48, 58, 109, 105, 100, 115, 112, 97, 110, 58, 115, 104, 101, 97, 114, 45, 122, 34, 10, 32, 32, 32, 32, 125, 44, 10, 32, 32, 32, 32, 123, 10, 32, 32, 32, 32, 32, 32, 34, 114, 101, 102, 95, 116, 121, 112, 101, 34, 58, 32, 34, 114, 101, 115, 117, 108, 116, 34, 44, 10, 32, 32, 32, 32, 32, 32, 34, 114, 101, 102, 95, 105, 100, 34, 58, 32, 34, 114, 101, 115, 117, 108, 116, 58, 108, 111, 97, 100, 99, 97, 115, 101, 58, 108, 111, 97, 100, 45, 76, 45, 50, 48, 48, 58, 109, 111, 109, 101, 110, 116, 58, 112, 105, 112, 101, 45, 80, 45, 49, 49, 48, 58, 109, 105, 100, 115, 112, 97, 110, 58, 116, 111, 114, 115, 105, 111, 110, 34, 10, 32, 32, 32, 32, 125, 44, 10, 32, 32, 32, 32, 123, 10, 32, 32, 32, 32, 32, 32, 34, 114, 101, 102, 95, 116, 121, 112, 101, 34, 58, 32, 34, 114, 101, 115, 117, 108, 116, 34, 44, 10, 32, 32, 32, 32, 32, 32, 34, 114, 101, 102, 95, 105, 100, 34, 58, 32, 34, 114, 101, 115, 117, 108, 116, 58, 108, 111, 97, 100, 99, 97, 115, 101, 58, 108, 111, 97, 100, 45, 76, 45, 50, 48, 48, 58, 109, 111, 109, 101, 110, 116, 58, 112, 105, 112, 101, 45, 80, 45, 49, 49, 48, 58, 109, 105, 100, 115, 112, 97, 110, 58, 98, 101, 110, 100, 105, 110, 103, 45, 121, 34, 10, 32, 32, 32, 32, 125, 44, 10, 32, 32, 32, 32, 123, 10, 32, 32, 32, 32, 32, 32, 34, 114, 101, 102, 95, 116, 121, 112, 101, 34, 58, 32, 34, 114, 101, 115, 117, 108, 116, 34, 44, 10, 32, 32, 32, 32, 32, 32, 34, 114, 101, 102, 95, 105, 100, 34, 58, 32, 34, 114, 101, 115, 117, 108, 116, 58, 108, 111, 97, 100, 99, 97, 115, 101, 58, 108, 111, 97, 100, 45, 76, 45, 50, 48, 48, 58, 109, 111, 109, 101, 110, 116, 58, 112, 105, 112, 101, 45, 80, 45, 49, 49, 48, 58, 109, 105, 100, 115, 112, 97, 110, 58, 98, 101, 110, 100, 105, 110, 103, 45, 122, 34, 10, 32, 32, 32, 32, 125, 44, 10, 32, 32, 32, 32, 123, 10, 32, 32, 32, 32, 32, 32, 34, 114, 101, 102, 95, 116, 121, 112, 101, 34, 58, 32, 34, 114, 101, 115, 117, 108, 116, 34, 44, 10, 32, 32, 32, 32, 32, 32, 34, 114, 101, 102, 95, 105, 100, 34, 58, 32, 34, 114, 101, 115, 117, 108, 116, 58, 108, 111, 97, 100, 99, 97, 115, 101, 58, 108, 111, 97, 100, 45, 76, 45, 50, 48, 48, 58, 102, 111, 114, 99, 101, 58, 112, 105, 112, 101, 45, 80, 45, 49, 49, 48, 58, 113, 117, 97, 114, 116, 101, 114, 45, 51, 58, 97, 120, 105, 97, 108, 34, 10, 32, 32, 32, 32, 125, 44, 10, 32, 32, 32, 32, 123, 10, 32, 32, 32, 32, 32, 32, 34, 114, 101, 102, 95, 116, 121, 112, 101, 34, 58, 32, 34, 114, 101, 115, 117, 108, 116, 34, 44, 10, 32, 32, 32, 32, 32, 32, 34, 114, 101, 102, 95, 105, 100, 34, 58, 32, 34, 114, 101, 115, 117, 108, 116, 58, 108, 111, 97, 100, 99, 97, 115, 101, 58, 108, 111, 97, 100, 45, 76, 45, 50, 48, 48, 58, 102, 111, 114, 99, 101, 58, 112, 105, 112, 101, 45, 80, 45, 49, 49, 48, 58, 113, 117, 97, 114, 116, 101, 114, 45, 51, 58, 115, 104, 101, 97, 114, 45, 121, 34, 10, 32, 32, 32, 32, 125, 44, 10, 32, 32, 32, 32, 123, 10, 32, 32, 32, 32, 32, 32, 34, 114, 101, 102, 95, 116, 121, 112, 101, 34, 58, 32, 34, 114, 101, 115, 117, 108, 116, 34, 44, 10, 32, 32, 32, 32, 32, 32, 34, 114, 101, 102, 95, 105, 100, 34, 58, 32, 34, 114, 101, 115, 117, 108, 116, 58, 108, 111, 97, 100, 99, 97, 115, 101, 58, 108, 111, 97, 100, 45, 76, 45, 50, 48, 48, 58, 102, 111, 114, 99, 101, 58, 112, 105, 112, 101, 45, 80, 45, 49, 49, 48, 58, 113, 117, 97, 114, 116, 101, 114, 45, 51, 58, 115, 104, 101, 97, 114, 45, 122, 34, 10, 32, 32, 32, 32, 125, 44, 10, 32, 32, 32, 32, 123, 10, 32, 32, 32, 32, 32, 32, 34, 114, 101, 102, 95, 116, 121, 112, 101, 34, 58, 32, 34, 114, 101, 115, 117, 108, 116, 34, 44, 10, 32, 32, 32, 32, 32, 32, 34, 114, 101, 102, 95, 105, 100, 34, 58, 32, 34, 114, 101, 115, 117, 108, 116, 58, 108, 111, 97, 100, 99, 97, 115, 101, 58, 108, 111, 97, 100, 45, 76, 45, 50, 48, 48, 58, 109, 111, 109, 101, 110, 116, 58, 112, 105, 112, 101, 45, 80, 45, 49, 49, 48, 58, 113, 117, 97, 114, 116, 101, 114, 45, 51, 58, 116, 111, 114, 115, 105, 111, 110, 34, 10, 32, 32, 32, 32, 125, 44, 10, 32, 32, 32, 32, 123, 10, 32, 32, 32, 32, 32, 32, 34, 114, 101, 102, 95, 116, 121, 112, 101, 34, 58, 32, 34, 114, 101, 115, 117, 108, 116, 34, 44, 10, 32, 32, 32, 32, 32, 32, 34, 114, 101, 102, 95, 105, 100, 34, 58, 32, 34, 114, 101, 115, 117, 108, 116, 58, 108, 111, 97, 100, 99, 97, 115, 101, 58, 108, 111, 97, 100, 45, 76, 45, 50, 48, 48, 58, 109, 111, 109, 101, 110, 116, 58, 112, 105, 112, 101, 45, 80, 45, 49, 49, 48, 58, 113, 117, 97, 114, 116, 101, 114, 45, 51, 58, 98, 101, 110, 100, 105, 110, 103, 45, 121, 34, 10, 32, 32, 32, 32, 125, 44, 10, 32, 32, 32, 32, 123, 10, 32, 32, 32, 32, 32, 32, 34, 114, 101, 102, 95, 116, 121, 112, 101, 34, 58, 32, 34, 114, 101, 115, 117, 108, 116, 34, 44, 10, 32, 32, 32, 32, 32, 32, 34, 114, 101, 102, 95, 105, 100, 34, 58, 32, 34, 114, 101, 115, 117, 108, 116, 58, 108, 111, 97, 100, 99, 97, 115, 101, 58, 108, 111, 97, 100, 45, 76, 45, 50, 48, 48, 58, 109, 111, 109, 101, 110, 116, 58, 112, 105, 112, 101, 45, 80, 45, 49, 49, 48, 58, 113, 117, 97, 114, 116, 101, 114, 45, 51, 58, 98, 101, 110, 100, 105, 110, 103, 45, 122, 34, 10, 32, 32, 32, 32, 125, 44, 10, 32, 32, 32, 32, 123, 10, 32, 32, 32, 32, 32, 32, 34, 114, 101, 102, 95, 116, 121, 112, 101, 34, 58, 32, 34, 114, 101, 115, 117, 108, 116, 34, 44, 10, 32, 32, 32, 32, 32, 32, 34, 114, 101, 102, 95, 105, 100, 34, 58, 32, 34, 114, 101, 115, 117, 108, 116, 58, 108, 111, 97, 100, 99, 97, 115, 101, 58, 108, 111, 97, 100, 45, 76, 45, 50, 48, 48, 58, 115, 116, 114, 101, 115, 115, 58, 112, 105, 112, 101, 45, 80, 45, 49, 49, 48, 58, 101, 110, 100, 45, 105, 58, 97, 120, 105, 97, 108, 45, 110, 111, 114, 109, 97, 108, 34, 10, 32, 32, 32, 32, 125, 44, 10, 32, 32, 32, 32, 123, 10, 32, 32, 32, 32, 32, 32, 34, 114, 101, 102, 95, 116, 121, 112, 101, 34, 58, 32, 34, 114, 101, 115, 117, 108, 116, 34, 44, 10, 32, 32, 32, 32, 32, 32, 34, 114, 101, 102, 95, 105, 100, 34, 58, 32, 34, 114, 101, 115, 117, 108, 116, 58, 108, 111, 97, 100, 99, 97, 115, 101, 58, 108, 111, 97, 100, 45, 76, 45, 50, 48, 48, 58, 115, 116, 114, 101, 115, 115, 58, 112, 105, 112, 101, 45, 80, 45, 49, 49, 48, 58, 101, 110, 100, 45, 105, 58, 98, 101, 110, 100, 105, 110, 103, 45, 110, 111, 114, 109, 97, 108, 45, 121, 34, 10, 32, 32, 32, 32, 125, 44, 10, 32, 32, 32, 32, 123, 10, 32, 32, 32, 32, 32, 32, 34, 114, 101, 102, 95, 116, 121, 112, 101, 34, 58, 32, 34, 114, 101, 115, 117, 108, 116, 34, 44, 10, 32, 32, 32, 32, 32, 32, 34, 114, 101, 102, 95, 105, 100, 34, 58, 32, 34, 114, 101, 115, 117, 108, 116, 58, 108, 111, 97, 100, 99, 97, 115, 101, 58, 108, 111, 97, 100, 45, 76, 45, 50, 48, 48, 58, 115, 116, 114, 101, 115, 115, 58, 112, 105, 112, 101, 45, 80, 45, 49, 49, 48, 58, 101, 110, 100, 45, 105, 58, 98, 101, 110, 100, 105, 110, 103, 45, 110, 111, 114, 109, 97, 108, 45, 122, 34, 10, 32, 32, 32, 32, 125, 44, 10, 32, 32, 32, 32, 123, 10, 32, 32, 32, 32, 32, 32, 34, 114, 101, 102, 95, 116, 121, 112, 101, 34, 58, 32, 34, 114, 101, 115, 117, 108, 116, 34, 44, 10, 32, 32, 32, 32, 32, 32, 34, 114, 101, 102, 95, 105, 100, 34, 58, 32, 34, 114, 101, 115, 117, 108, 116, 58, 108, 111, 97, 100, 99, 97, 115, 101, 58, 108, 111, 97, 100, 45, 76, 45, 50, 48, 48, 58, 115, 116, 114, 101, 115, 115, 58, 112, 105, 112, 101, 45, 80, 45, 49, 49, 48, 58, 101, 110, 100, 45, 105, 58, 116, 111, 114, 115, 105, 111, 110, 97, 108, 45, 115, 104, 101, 97, 114, 34, 10, 32, 32, 32, 32, 125, 44, 10, 32, 32, 32, 32, 123, 10, 32, 32, 32, 32, 32, 32, 34, 114, 101, 102, 95, 116, 121, 112, 101, 34, 58, 32, 34, 114, 101, 115, 117, 108, 116, 34, 44, 10, 32, 32, 32, 32, 32, 32, 34, 114, 101, 102, 95, 105, 100, 34, 58, 32, 34, 114, 101, 115, 117, 108, 116, 58, 108, 111, 97, 100, 99, 97, 115, 101, 58, 108, 111, 97, 100, 45, 76, 45, 50, 48, 48, 58, 115, 116, 114, 101, 115, 115, 58, 112, 105, 112, 101, 45, 80, 45, 49, 49, 48, 58, 101, 110, 100, 45, 106, 58, 97, 120, 105, 97, 108, 45, 110, 111, 114, 109, 97, 108, 34, 10, 32, 32, 32, 32, 125, 44, 10, 32, 32, 32, 32, 123, 10, 32, 32, 32, 32, 32, 32, 34, 114, 101, 102, 95, 116, 121, 112, 101, 34, 58, 32, 34, 114, 101, 115, 117, 108, 116, 34, 44, 10, 32, 32, 32, 32, 32, 32, 34, 114, 101, 102, 95, 105, 100, 34, 58, 32, 34, 114, 101, 115, 117, 108, 116, 58, 108, 111, 97, 100, 99, 97, 115, 101, 58, 108, 111, 97, 100, 45, 76, 45, 50, 48, 48, 58, 115, 116, 114, 101, 115, 115, 58, 112, 105, 112, 101, 45, 80, 45, 49, 49, 48, 58, 101, 110, 100, 45, 106, 58, 98, 101, 110, 100, 105, 110, 103, 45, 110, 111, 114, 109, 97, 108, 45, 121, 34, 10, 32, 32, 32, 32, 125, 44, 10, 32, 32, 32, 32, 123, 10, 32, 32, 32, 32, 32, 32, 34, 114, 101, 102, 95, 116, 121, 112, 101, 34, 58, 32, 34, 114, 101, 115, 117, 108, 116, 34, 44, 10, 32, 32, 32, 32, 32, 32, 34, 114, 101, 102, 95, 105, 100, 34, 58, 32, 34, 114, 101, 115, 117, 108, 116, 58, 108, 111, 97, 100, 99, 97, 115, 101, 58, 108, 111, 97, 100, 45, 76, 45, 50, 48, 48, 58, 115, 116, 114, 101, 115, 115, 58, 112, 105, 112, 101, 45, 80, 45, 49, 49, 48, 58, 101, 110, 100, 45, 106, 58, 98, 101, 110, 100, 105, 110, 103, 45, 110, 111, 114, 109, 97, 108, 45, 122, 34, 10, 32, 32, 32, 32, 125, 44, 10, 32, 32, 32, 32, 123, 10, 32, 32, 32, 32, 32, 32, 34, 114, 101, 102, 95, 116, 121, 112, 101, 34, 58, 32, 34, 114, 101, 115, 117, 108, 116, 34, 44, 10, 32, 32, 32, 32, 32, 32, 34, 114, 101, 102, 95, 105, 100, 34, 58, 32, 34, 114, 101, 115, 117, 108, 116, 58, 108, 111, 97, 100, 99, 97, 115, 101, 58, 108, 111, 97, 100, 45, 76, 45, 50, 48, 48, 58, 115, 116, 114, 101, 115, 115, 58, 112, 105, 112, 101, 45, 80, 45, 49, 49, 48, 58, 101, 110, 100, 45, 106, 58, 116, 111, 114, 115, 105, 111, 110, 97, 108, 45, 115, 104, 101, 97, 114, 34, 10, 32, 32, 32, 32, 125, 44, 10, 32, 32, 32, 32, 123, 10, 32, 32, 32, 32, 32, 32, 34, 114, 101, 102, 95, 116, 121, 112, 101, 34, 58, 32, 34, 114, 101, 115, 117, 108, 116, 34, 44, 10, 32, 32, 32, 32, 32, 32, 34, 114, 101, 102, 95, 105, 100, 34, 58, 32, 34, 114, 101, 115, 117, 108, 116, 58, 108, 111, 97, 100, 99, 97, 115, 101, 58, 108, 111, 97, 100, 45, 76, 45, 50, 48, 48, 58, 115, 116, 114, 101, 115, 115, 58, 112, 105, 112, 101, 45, 80, 45, 49, 49, 48, 58, 113, 117, 97, 114, 116, 101, 114, 45, 49, 58, 97, 120, 105, 97, 108, 45, 110, 111, 114, 109, 97, 108, 34, 10, 32, 32, 32, 32, 125, 44, 10, 32, 32, 32, 32, 123, 10, 32, 32, 32, 32, 32, 32, 34, 114, 101, 102, 95, 116, 121, 112, 101, 34, 58, 32, 34, 114, 101, 115, 117, 108, 116, 34, 44, 10, 32, 32, 32, 32, 32, 32, 34, 114, 101, 102, 95, 105, 100, 34, 58, 32, 34, 114, 101, 115, 117, 108, 116, 58, 108, 111, 97, 100, 99, 97, 115, 101, 58, 108, 111, 97, 100, 45, 76, 45, 50, 48, 48, 58, 115, 116, 114, 101, 115, 115, 58, 112, 105, 112, 101, 45, 80, 45, 49, 49, 48, 58, 113, 117, 97, 114, 116, 101, 114, 45, 49, 58, 98, 101, 110, 100, 105, 110, 103, 45, 110, 111, 114, 109, 97, 108, 45, 121, 34, 10, 32, 32, 32, 32, 125, 44, 10, 32, 32, 32, 32, 123, 10, 32, 32, 32, 32, 32, 32, 34, 114, 101, 102, 95, 116, 121, 112, 101, 34, 58, 32, 34, 114, 101, 115, 117, 108, 116, 34, 44, 10, 32, 32, 32, 32, 32, 32, 34, 114, 101, 102, 95, 105, 100, 34, 58, 32, 34, 114, 101, 115, 117, 108, 116, 58, 108, 111, 97, 100, 99, 97, 115, 101, 58, 108, 111, 97, 100, 45, 76, 45, 50, 48, 48, 58, 115, 116, 114, 101, 115, 115, 58, 112, 105, 112, 101, 45, 80, 45, 49, 49, 48, 58, 113, 117, 97, 114, 116, 101, 114, 45, 49, 58, 98, 101, 110, 100, 105, 110, 103, 45, 110, 111, 114, 109, 97, 108, 45, 122, 34, 10, 32, 32, 32, 32, 125, 44, 10, 32, 32, 32, 32, 123, 10, 32, 32, 32, 32, 32, 32, 34, 114, 101, 102, 95, 116, 121, 112, 101, 34, 58, 32, 34, 114, 101, 115, 117, 108, 116, 34, 44, 10, 32, 32, 32, 32, 32, 32, 34, 114, 101, 102, 95, 105, 100, 34, 58, 32, 34, 114, 101, 115, 117, 108, 116, 58, 108, 111, 97, 100, 99, 97, 115, 101, 58, 108, 111, 97, 100, 45, 76, 45, 50, 48, 48, 58, 115, 116, 114, 101, 115, 115, 58, 112, 105, 112, 101, 45, 80, 45, 49, 49, 48, 58, 113, 117, 97, 114, 116, 101, 114, 45, 49, 58, 116, 111, 114, 115, 105, 111, 110, 97, 108, 45, 115, 104, 101, 97, 114, 34, 10, 32, 32, 32, 32, 125, 44, 10, 32, 32, 32, 32, 123, 10, 32, 32, 32, 32, 32, 32, 34, 114, 101, 102, 95, 116, 121, 112, 101, 34, 58, 32, 34, 114, 101, 115, 117, 108, 116, 34, 44, 10, 32, 32, 32, 32, 32, 32, 34, 114, 101, 102, 95, 105, 100, 34, 58, 32, 34, 114, 101, 115, 117, 108, 116, 58, 108, 111, 97, 100, 99, 97, 115, 101, 58, 108, 111, 97, 100, 45, 76, 45, 50, 48, 48, 58, 115, 116, 114, 101, 115, 115, 58, 112, 105, 112, 101, 45, 80, 45, 49, 49, 48, 58, 109, 105, 100, 115, 112, 97, 110, 58, 97, 120, 105, 97, 108, 45, 110, 111, 114, 109, 97, 108, 34, 10, 32, 32, 32, 32, 125, 44, 10, 32, 32, 32, 32, 123, 10, 32, 32, 32, 32, 32, 32, 34, 114, 101, 102, 95, 116, 121, 112, 101, 34, 58, 32, 34, 114, 101, 115, 117, 108, 116, 34, 44, 10, 32, 32, 32, 32, 32, 32, 34, 114, 101, 102, 95, 105, 100, 34, 58, 32, 34, 114, 101, 115, 117, 108, 116, 58, 108, 111, 97, 100, 99, 97, 115, 101, 58, 108, 111, 97, 100, 45, 76, 45, 50, 48, 48, 58, 115, 116, 114, 101, 115, 115, 58, 112, 105, 112, 101, 45, 80, 45, 49, 49, 48, 58, 109, 105, 100, 115, 112, 97, 110, 58, 98, 101, 110, 100, 105, 110, 103, 45, 110, 111, 114, 109, 97, 108, 45, 121, 34, 10, 32, 32, 32, 32, 125, 44, 10, 32, 32, 32, 32, 123, 10, 32, 32, 32, 32, 32, 32, 34, 114, 101, 102, 95, 116, 121, 112, 101, 34, 58, 32, 34, 114, 101, 115, 117, 108, 116, 34, 44, 10, 32, 32, 32, 32, 32, 32, 34, 114, 101, 102, 95, 105, 100, 34, 58, 32, 34, 114, 101, 115, 117, 108, 116, 58, 108, 111, 97, 100, 99, 97, 115, 101, 58, 108, 111, 97, 100, 45, 76, 45, 50, 48, 48, 58, 115, 116, 114, 101, 115, 115, 58, 112, 105, 112, 101, 45, 80, 45, 49, 49, 48, 58, 109, 105, 100, 115, 112, 97, 110, 58, 98, 101, 110, 100, 105, 110, 103, 45, 110, 111, 114, 109, 97, 108, 45, 122, 34, 10, 32, 32, 32, 32, 125, 44, 10, 32, 32, 32, 32, 123, 10, 32, 32, 32, 32, 32, 32, 34, 114, 101, 102, 95, 116, 121, 112, 101, 34, 58, 32, 34, 114, 101, 115, 117, 108, 116, 34, 44, 10, 32, 32, 32, 32, 32, 32, 34, 114, 101, 102, 95, 105, 100, 34, 58, 32, 34, 114, 101, 115, 117, 108, 116, 58, 108, 111, 97, 100, 99, 97, 115, 101, 58, 108, 111, 97, 100, 45, 76, 45, 50, 48, 48, 58, 115, 116, 114, 101, 115, 115, 58, 112, 105, 112, 101, 45, 80, 45, 49, 49, 48, 58, 109, 105, 100, 115, 112, 97, 110, 58, 116, 111, 114, 115, 105, 111, 110, 97, 108, 45, 115, 104, 101, 97, 114, 34, 10, 32, 32, 32, 32, 125, 44, 10, 32, 32, 32, 32, 123, 10, 32, 32, 32, 32, 32, 32, 34, 114, 101, 102, 95, 116, 121, 112, 101, 34, 58, 32, 34, 114, 101, 115, 117, 108, 116, 34, 44, 10, 32, 32, 32, 32, 32, 32, 34, 114, 101, 102, 95, 105, 100, 34, 58, 32, 34, 114, 101, 115, 117, 108, 116, 58, 108, 111, 97, 100, 99, 97, 115, 101, 58, 108, 111, 97, 100, 45, 76, 45, 50, 48, 48, 58, 115, 116, 114, 101, 115, 115, 58, 112, 105, 112, 101, 45, 80, 45, 49, 49, 48, 58, 113, 117, 97, 114, 116, 101, 114, 45, 51, 58, 97, 120, 105, 97, 108, 45, 110, 111, 114, 109, 97, 108, 34, 10, 32, 32, 32, 32, 125, 44, 10, 32, 32, 32, 32, 123, 10, 32, 32, 32, 32, 32, 32, 34, 114, 101, 102, 95, 116, 121, 112, 101, 34, 58, 32, 34, 114, 101, 115, 117, 108, 116, 34, 44, 10, 32, 32, 32, 32, 32, 32, 34, 114, 101, 102, 95, 105, 100, 34, 58, 32, 34, 114, 101, 115, 117, 108, 116, 58, 108, 111, 97, 100, 99, 97, 115, 101, 58, 108, 111, 97, 100, 45, 76, 45, 50, 48, 48, 58, 115, 116, 114, 101, 115, 115, 58, 112, 105, 112, 101, 45, 80, 45, 49, 49, 48, 58, 113, 117, 97, 114, 116, 101, 114, 45, 51, 58, 98, 101, 110, 100, 105, 110, 103, 45, 110, 111, 114, 109, 97, 108, 45, 121, 34, 10, 32, 32, 32, 32, 125, 44, 10, 32, 32, 32, 32, 123, 10, 32, 32, 32, 32, 32, 32, 34, 114, 101, 102, 95, 116, 121, 112, 101, 34, 58, 32, 34, 114, 101, 115, 117, 108, 116, 34, 44, 10, 32, 32, 32, 32, 32, 32, 34, 114, 101, 102, 95, 105, 100, 34, 58, 32, 34, 114, 101, 115, 117, 108, 116, 58, 108, 111, 97, 100, 99, 97, 115, 101, 58, 108, 111, 97, 100, 45, 76, 45, 50, 48, 48, 58, 115, 116, 114, 101, 115, 115, 58, 112, 105, 112, 101, 45, 80, 45, 49, 49, 48, 58, 113, 117, 97, 114, 116, 101, 114, 45, 51, 58, 98, 101, 110, 100, 105, 110, 103, 45, 110, 111, 114, 109, 97, 108, 45, 122, 34, 10, 32, 32, 32, 32, 125, 44, 10, 32, 32, 32, 32, 123, 10, 32, 32, 32, 32, 32, 32, 34, 114, 101, 102, 95, 116, 121, 112, 101, 34, 58, 32, 34, 114, 101, 115, 117, 108, 116, 34, 44, 10, 32, 32, 32, 32, 32, 32, 34, 114, 101, 102, 95, 105, 100, 34, 58, 32, 34, 114, 101, 115, 117, 108, 116, 58, 108, 111, 97, 100, 99, 97, 115, 101, 58, 108, 111, 97, 100, 45, 76, 45, 50, 48, 48, 58, 115, 116, 114, 101, 115, 115, 58, 112, 105, 112, 101, 45, 80, 45, 49, 49, 48, 58, 113, 117, 97, 114, 116, 101, 114, 45, 51, 58, 116, 111, 114, 115, 105, 111, 110, 97, 108, 45, 115, 104, 101, 97, 114, 34, 10, 32, 32, 32, 32, 125, 44, 10, 32, 32, 32, 32, 123, 10, 32, 32, 32, 32, 32, 32, 34, 114, 101, 102, 95, 116, 121, 112, 101, 34, 58, 32, 34, 114, 101, 115, 117, 108, 116, 34, 44, 10, 32, 32, 32, 32, 32, 32, 34, 114, 101, 102, 95, 105, 100, 34, 58, 32, 34, 114, 101, 115, 117, 108, 116, 58, 108, 111, 97, 100, 99, 97, 115, 101, 58, 108, 111, 97, 100, 45, 76, 45, 50, 48, 48, 58, 115, 116, 114, 101, 115, 115, 58, 112, 105, 112, 101, 45, 80, 45, 49, 49, 48, 34, 10, 32, 32, 32, 32, 125, 44, 10, 32, 32, 32, 32, 123, 10, 32, 32, 32, 32, 32, 32, 34, 114, 101, 102, 95, 116, 121, 112, 101, 34, 58, 32, 34, 114, 101, 115, 117, 108, 116, 34, 44, 10, 32, 32, 32, 32, 32, 32, 34, 114, 101, 102, 95, 105, 100, 34, 58, 32, 34, 114, 101, 115, 117, 108, 116, 58, 108, 111, 97, 100, 99, 97, 115, 101, 58, 108, 111, 97, 100, 45, 76, 45, 50, 48, 48, 58, 115, 116, 114, 101, 115, 115, 58, 99, 111, 109, 112, 111, 110, 101, 110, 116, 45, 67, 45, 49, 49, 48, 58, 112, 105, 112, 101, 45, 80, 45, 49, 49, 48, 58, 101, 110, 100, 45, 105, 58, 117, 115, 101, 114, 45, 109, 117, 108, 116, 105, 112, 108, 105, 101, 114, 34, 10, 32, 32, 32, 32, 125, 44, 10, 32, 32, 32, 32, 123, 10, 32, 32, 32, 32, 32, 32, 34, 114, 101, 102, 95, 116, 121, 112, 101, 34, 58, 32, 34, 114, 101, 115, 117, 108, 116, 34, 44, 10, 32, 32, 32, 32, 32, 32, 34, 114, 101, 102, 95, 105, 100, 34, 58, 32, 34, 114, 101, 115, 117, 108, 116, 58, 108, 111, 97, 100, 99, 97, 115, 101, 58, 108, 111, 97, 100, 45, 76, 45, 50, 48, 48, 58, 115, 116, 114, 101, 115, 115, 58, 99, 111, 109, 112, 111, 110, 101, 110, 116, 45, 67, 45, 49, 50, 48, 58, 112, 105, 112, 101, 45, 80, 45, 49, 49, 48, 58, 101, 110, 100, 45, 106, 58, 117, 115, 101, 114, 45, 109, 117, 108, 116, 105, 112, 108, 105, 101, 114, 34, 10, 32, 32, 32, 32, 125, 44, 10, 32, 32, 32, 32, 123, 10, 32, 32, 32, 32, 32, 32, 34, 114, 101, 102, 95, 116, 121, 112, 101, 34, 58, 32, 34, 114, 101, 115, 117, 108, 116, 34, 44, 10, 32, 32, 32, 32, 32, 32, 34, 114, 101, 102, 95, 105, 100, 34, 58, 32, 34, 114, 101, 115, 117, 108, 116, 58, 108, 111, 97, 100, 99, 97, 115, 101, 58, 108, 111, 97, 100, 45, 76, 45, 50, 48, 48, 58, 102, 111, 114, 99, 101, 58, 112, 105, 112, 101, 45, 80, 45, 49, 50, 48, 58, 97, 120, 105, 97, 108, 34, 10, 32, 32, 32, 32, 125, 44, 10, 32, 32, 32, 32, 123, 10, 32, 32, 32, 32, 32, 32, 34, 114, 101, 102, 95, 116, 121, 112, 101, 34, 58, 32, 34, 114, 101, 115, 117, 108, 116, 34, 44, 10, 32, 32, 32, 32, 32, 32, 34, 114, 101, 102, 95, 105, 100, 34, 58, 32, 34, 114, 101, 115, 117, 108, 116, 58, 108, 111, 97, 100, 99, 97, 115, 101, 58, 108, 111, 97, 100, 45, 76, 45, 50, 48, 48, 58, 102, 111, 114, 99, 101, 58, 112, 105, 112, 101, 45, 80, 45, 49, 50, 48, 58, 97, 120, 105, 97, 108, 58, 101, 110, 100, 45, 106, 34, 10, 32, 32, 32, 32, 125, 44, 10, 32, 32, 32, 32, 123, 10, 32, 32, 32, 32, 32, 32, 34, 114, 101, 102, 95, 116, 121, 112, 101, 34, 58, 32, 34, 114, 101, 115, 117, 108, 116, 34, 44, 10, 32, 32, 32, 32, 32, 32, 34, 114, 101, 102, 95, 105, 100, 34, 58, 32, 34, 114, 101, 115, 117, 108, 116, 58, 108, 111, 97, 100, 99, 97, 115, 101, 58, 108, 111, 97, 100, 45, 76, 45, 50, 48, 48, 58, 102, 111, 114, 99, 101, 58, 112, 105, 112, 101, 45, 80, 45, 49, 50, 48, 58, 115, 104, 101, 97, 114, 45, 121, 34, 10, 32, 32, 32, 32, 125, 44, 10, 32, 32, 32, 32, 123, 10, 32, 32, 32, 32, 32, 32, 34, 114, 101, 102, 95, 116, 121, 112, 101, 34, 58, 32, 34, 114, 101, 115, 117, 108, 116, 34, 44, 10, 32, 32, 32, 32, 32, 32, 34, 114, 101, 102, 95, 105, 100, 34, 58, 32, 34, 114, 101, 115, 117, 108, 116, 58, 108, 111, 97, 100, 99, 97, 115, 101, 58, 108, 111, 97, 100, 45, 76, 45, 50, 48, 48, 58, 102, 111, 114, 99, 101, 58, 112, 105, 112, 101, 45, 80, 45, 49, 50, 48, 58, 115, 104, 101, 97, 114, 45, 121, 58, 101, 110, 100, 45, 106, 34, 10, 32, 32, 32, 32, 125, 44, 10, 32, 32, 32, 32, 123, 10, 32, 32, 32, 32, 32, 32, 34, 114, 101, 102, 95, 116, 121, 112, 101, 34, 58, 32, 34, 114, 101, 115, 117, 108, 116, 34, 44, 10, 32, 32, 32, 32, 32, 32, 34, 114, 101, 102, 95, 105, 100, 34, 58, 32, 34, 114, 101, 115, 117, 108, 116, 58, 108, 111, 97, 100, 99, 97, 115, 101, 58, 108, 111, 97, 100, 45, 76, 45, 50, 48, 48, 58, 102, 111, 114, 99, 101, 58, 112, 105, 112, 101, 45, 80, 45, 49, 50, 48, 58, 115, 104, 101, 97, 114, 45, 122, 34, 10, 32, 32, 32, 32, 125, 44, 10, 32, 32, 32, 32, 123, 10, 32, 32, 32, 32, 32, 32, 34, 114, 101, 102, 95, 116, 121, 112, 101, 34, 58, 32, 34, 114, 101, 115, 117, 108, 116, 34, 44, 10, 32, 32, 32, 32, 32, 32, 34, 114, 101, 102, 95, 105, 100, 34, 58, 32, 34, 114, 101, 115, 117, 108, 116, 58, 108, 111, 97, 100, 99, 97, 115, 101, 58, 108, 111, 97, 100, 45, 76, 45, 50, 48, 48, 58, 102, 111, 114, 99, 101, 58, 112, 105, 112, 101, 45, 80, 45, 49, 50, 48, 58, 115, 104, 101, 97, 114, 45, 122, 58, 101, 110, 100, 45, 106, 34, 10, 32, 32, 32, 32, 125, 44, 10, 32, 32, 32, 32, 123, 10, 32, 32, 32, 32, 32, 32, 34, 114, 101, 102, 95, 116, 121, 112, 101, 34, 58, 32, 34, 114, 101, 115, 117, 108, 116, 34, 44, 10, 32, 32, 32, 32, 32, 32, 34, 114, 101, 102, 95, 105, 100, 34, 58, 32, 34, 114, 101, 115, 117, 108, 116, 58, 108, 111, 97, 100, 99, 97, 115, 101, 58, 108, 111, 97, 100, 45, 76, 45, 50, 48, 48, 58, 109, 111, 109, 101, 110, 116, 58, 112, 105, 112, 101, 45, 80, 45, 49, 50, 48, 58, 116, 111, 114, 115, 105, 111, 110, 34, 10, 32, 32, 32, 32, 125, 44, 10, 32, 32, 32, 32, 123, 10, 32, 32, 32, 32, 32, 32, 34, 114, 101, 102, 95, 116, 121, 112, 101, 34, 58, 32, 34, 114, 101, 115, 117, 108, 116, 34, 44, 10, 32, 32, 32, 32, 32, 32, 34, 114, 101, 102, 95, 105, 100, 34, 58, 32, 34, 114, 101, 115, 117, 108, 116, 58, 108, 111, 97, 100, 99, 97, 115, 101, 58, 108, 111, 97, 100, 45, 76, 45, 50, 48, 48, 58, 109, 111, 109, 101, 110, 116, 58, 112, 105, 112, 101, 45, 80, 45, 49, 50, 48, 58, 116, 111, 114, 115, 105, 111, 110, 58, 101, 110, 100, 45, 106, 34, 10, 32, 32, 32, 32, 125, 44, 10, 32, 32, 32, 32, 123, 10, 32, 32, 32, 32, 32, 32, 34, 114, 101, 102, 95, 116, 121, 112, 101, 34, 58, 32, 34, 114, 101, 115, 117, 108, 116, 34, 44, 10, 32, 32, 32, 32, 32, 32, 34, 114, 101, 102, 95, 105, 100, 34, 58, 32, 34, 114, 101, 115, 117, 108, 116, 58, 108, 111, 97, 100, 99, 97, 115, 101, 58, 108, 111, 97, 100, 45, 76, 45, 50, 48, 48, 58, 109, 111, 109, 101, 110, 116, 58, 112, 105, 112, 101, 45, 80, 45, 49, 50, 48, 58, 98, 101, 110, 100, 105, 110, 103, 45, 121, 34, 10, 32, 32, 32, 32, 125, 44, 10, 32, 32, 32, 32, 123, 10, 32, 32, 32, 32, 32, 32, 34, 114, 101, 102, 95, 116, 121, 112, 101, 34, 58, 32, 34, 114, 101, 115, 117, 108, 116, 34, 44, 10, 32, 32, 32, 32, 32, 32, 34, 114, 101, 102, 95, 105, 100, 34, 58, 32, 34, 114, 101, 115, 117, 108, 116, 58, 108, 111, 97, 100, 99, 97, 115, 101, 58, 108, 111, 97, 100, 45, 76, 45, 50, 48, 48, 58, 109, 111, 109, 101, 110, 116, 58, 112, 105, 112, 101, 45, 80, 45, 49, 50, 48, 58, 98, 101, 110, 100, 105, 110, 103, 45, 121, 58, 101, 110, 100, 45, 106, 34, 10, 32, 32, 32, 32, 125, 44, 10, 32, 32, 32, 32, 123, 10, 32, 32, 32, 32, 32, 32, 34, 114, 101, 102, 95, 116, 121, 112, 101, 34, 58, 32, 34, 114, 101, 115, 117, 108, 116, 34, 44, 10, 32, 32, 32, 32, 32, 32, 34, 114, 101, 102, 95, 105, 100, 34, 58, 32, 34, 114, 101, 115, 117, 108, 116, 58, 108, 111, 97, 100, 99, 97, 115, 101, 58, 108, 111, 97, 100, 45, 76, 45, 50, 48, 48, 58, 109, 111, 109, 101, 110, 116, 58, 112, 105, 112, 101, 45, 80, 45, 49, 50, 48, 58, 98, 101, 110, 100, 105, 110, 103, 45, 122, 34, 10, 32, 32, 32, 32, 125, 44, 10, 32, 32, 32, 32, 123, 10, 32, 32, 32, 32, 32, 32, 34, 114, 101, 102, 95, 116, 121, 112, 101, 34, 58, 32, 34, 114, 101, 115, 117, 108, 116, 34, 44, 10, 32, 32, 32, 32, 32, 32, 34, 114, 101, 102, 95, 105, 100, 34, 58, 32, 34, 114, 101, 115, 117, 108, 116, 58, 108, 111, 97, 100, 99, 97, 115, 101, 58, 108, 111, 97, 100, 45, 76, 45, 50, 48, 48, 58, 109, 111, 109, 101, 110, 116, 58, 112, 105, 112, 101, 45, 80, 45, 49, 50, 48, 58, 98, 101, 110, 100, 105, 110, 103, 45, 122, 58, 101, 110, 100, 45, 106, 34, 10, 32, 32, 32, 32, 125, 44, 10, 32, 32, 32, 32, 123, 10, 32, 32, 32, 32, 32, 32, 34, 114, 101, 102, 95, 116, 121, 112, 101, 34, 58, 32, 34, 114, 101, 115, 117, 108, 116, 34, 44, 10, 32, 32, 32, 32, 32, 32, 34, 114, 101, 102, 95, 105, 100, 34, 58, 32, 34, 114, 101, 115, 117, 108, 116, 58, 108, 111, 97, 100, 99, 97, 115, 101, 58, 108, 111, 97, 100, 45, 76, 45, 50, 48, 48, 58, 102, 111, 114, 99, 101, 58, 112, 105, 112, 101, 45, 80, 45, 49, 50, 48, 58, 113, 117, 97, 114, 116, 101, 114, 45, 49, 58, 97, 120, 105, 97, 108, 34, 10, 32, 32, 32, 32, 125, 44, 10, 32, 32, 32, 32, 123, 10, 32, 32, 32, 32, 32, 32, 34, 114, 101, 102, 95, 116, 121, 112, 101, 34, 58, 32, 34, 114, 101, 115, 117, 108, 116, 34, 44, 10, 32, 32, 32, 32, 32, 32, 34, 114, 101, 102, 95, 105, 100, 34, 58, 32, 34, 114, 101, 115, 117, 108, 116, 58, 108, 111, 97, 100, 99, 97, 115, 101, 58, 108, 111, 97, 100, 45, 76, 45, 50, 48, 48, 58, 102, 111, 114, 99, 101, 58, 112, 105, 112, 101, 45, 80, 45, 49, 50, 48, 58, 113, 117, 97, 114, 116, 101, 114, 45, 49, 58, 115, 104, 101, 97, 114, 45, 121, 34, 10, 32, 32, 32, 32, 125, 44, 10, 32, 32, 32, 32, 123, 10, 32, 32, 32, 32, 32, 32, 34, 114, 101, 102, 95, 116, 121, 112, 101, 34, 58, 32, 34, 114, 101, 115, 117, 108, 116, 34, 44, 10, 32, 32, 32, 32, 32, 32, 34, 114, 101, 102, 95, 105, 100, 34, 58, 32, 34, 114, 101, 115, 117, 108, 116, 58, 108, 111, 97, 100, 99, 97, 115, 101, 58, 108, 111, 97, 100, 45, 76, 45, 50, 48, 48, 58, 102, 111, 114, 99, 101, 58, 112, 105, 112, 101, 45, 80, 45, 49, 50, 48, 58, 113, 117, 97, 114, 116, 101, 114, 45, 49, 58, 115, 104, 101, 97, 114, 45, 122, 34, 10, 32, 32, 32, 32, 125, 44, 10, 32, 32, 32, 32, 123, 10, 32, 32, 32, 32, 32, 32, 34, 114, 101, 102, 95, 116, 121, 112, 101, 34, 58, 32, 34, 114, 101, 115, 117, 108, 116, 34, 44, 10, 32, 32, 32, 32, 32, 32, 34, 114, 101, 102, 95, 105, 100, 34, 58, 32, 34, 114, 101, 115, 117, 108, 116, 58, 108, 111, 97, 100, 99, 97, 115, 101, 58, 108, 111, 97, 100, 45, 76, 45, 50, 48, 48, 58, 109, 111, 109, 101, 110, 116, 58, 112, 105, 112, 101, 45, 80, 45, 49, 50, 48, 58, 113, 117, 97, 114, 116, 101, 114, 45, 49, 58, 116, 111, 114, 115, 105, 111, 110, 34, 10, 32, 32, 32, 32, 125, 44, 10, 32, 32, 32, 32, 123, 10, 32, 32, 32, 32, 32, 32, 34, 114, 101, 102, 95, 116, 121, 112, 101, 34, 58, 32, 34, 114, 101, 115, 117, 108, 116, 34, 44, 10, 32, 32, 32, 32, 32, 32, 34, 114, 101, 102, 95, 105, 100, 34, 58, 32, 34, 114, 101, 115, 117, 108, 116, 58, 108, 111, 97, 100, 99, 97, 115, 101, 58, 108, 111, 97, 100, 45, 76, 45, 50, 48, 48, 58, 109, 111, 109, 101, 110, 116, 58, 112, 105, 112, 101, 45, 80, 45, 49, 50, 48, 58, 113, 117, 97, 114, 116, 101, 114, 45, 49, 58, 98, 101, 110, 100, 105, 110, 103, 45, 121, 34, 10, 32, 32, 32, 32, 125, 44, 10, 32, 32, 32, 32, 123, 10, 32, 32, 32, 32, 32, 32, 34, 114, 101, 102, 95, 116, 121, 112, 101, 34, 58, 32, 34, 114, 101, 115, 117, 108, 116, 34, 44, 10, 32, 32, 32, 32, 32, 32, 34, 114, 101, 102, 95, 105, 100, 34, 58, 32, 34, 114, 101, 115, 117, 108, 116, 58, 108, 111, 97, 100, 99, 97, 115, 101, 58, 108, 111, 97, 100, 45, 76, 45, 50, 48, 48, 58, 109, 111, 109, 101, 110, 116, 58, 112, 105, 112, 101, 45, 80, 45, 49, 50, 48, 58, 113, 117, 97, 114, 116, 101, 114, 45, 49, 58, 98, 101, 110, 100, 105, 110, 103, 45, 122, 34, 10, 32, 32, 32, 32, 125, 44, 10, 32, 32, 32, 32, 123, 10, 32, 32, 32, 32, 32, 32, 34, 114, 101, 102, 95, 116, 121, 112, 101, 34, 58, 32, 34, 114, 101, 115, 117, 108, 116, 34, 44, 10, 32, 32, 32, 32, 32, 32, 34, 114, 101, 102, 95, 105, 100, 34, 58, 32, 34, 114, 101, 115, 117, 108, 116, 58, 108, 111, 97, 100, 99, 97, 115, 101, 58, 108, 111, 97, 100, 45, 76, 45, 50, 48, 48, 58, 102, 111, 114, 99, 101, 58, 112, 105, 112, 101, 45, 80, 45, 49, 50, 48, 58, 109, 105, 100, 115, 112, 97, 110, 58, 97, 120, 105, 97, 108, 34, 10, 32, 32, 32, 32, 125, 44, 10, 32, 32, 32, 32, 123, 10, 32, 32, 32, 32, 32, 32, 34, 114, 101, 102, 95, 116, 121, 112, 101, 34, 58, 32, 34, 114, 101, 115, 117, 108, 116, 34, 44, 10, 32, 32, 32, 32, 32, 32, 34, 114, 101, 102, 95, 105, 100, 34, 58, 32, 34, 114, 101, 115, 117, 108, 116, 58, 108, 111, 97, 100, 99, 97, 115, 101, 58, 108, 111, 97, 100, 45, 76, 45, 50, 48, 48, 58, 102, 111, 114, 99, 101, 58, 112, 105, 112, 101, 45, 80, 45, 49, 50, 48, 58, 109, 105, 100, 115, 112, 97, 110, 58, 115, 104, 101, 97, 114, 45, 121, 34, 10, 32, 32, 32, 32, 125, 44, 10, 32, 32, 32, 32, 123, 10, 32, 32, 32, 32, 32, 32, 34, 114, 101, 102, 95, 116, 121, 112, 101, 34, 58, 32, 34, 114, 101, 115, 117, 108, 116, 34, 44, 10, 32, 32, 32, 32, 32, 32, 34, 114, 101, 102, 95, 105, 100, 34, 58, 32, 34, 114, 101, 115, 117, 108, 116, 58, 108, 111, 97, 100, 99, 97, 115, 101, 58, 108, 111, 97, 100, 45, 76, 45, 50, 48, 48, 58, 102, 111, 114, 99, 101, 58, 112, 105, 112, 101, 45, 80, 45, 49, 50, 48, 58, 109, 105, 100, 115, 112, 97, 110, 58, 115, 104, 101, 97, 114, 45, 122, 34, 10, 32, 32, 32, 32, 125, 44, 10, 32, 32, 32, 32, 123, 10, 32, 32, 32, 32, 32, 32, 34, 114, 101, 102, 95, 116, 121, 112, 101, 34, 58, 32, 34, 114, 101, 115, 117, 108, 116, 34, 44, 10, 32, 32, 32, 32, 32, 32, 34, 114, 101, 102, 95, 105, 100, 34, 58, 32, 34, 114, 101, 115, 117, 108, 116, 58, 108, 111, 97, 100, 99, 97, 115, 101, 58, 108, 111, 97, 100, 45, 76, 45, 50, 48, 48, 58, 109, 111, 109, 101, 110, 116, 58, 112, 105, 112, 101, 45, 80, 45, 49, 50, 48, 58, 109, 105, 100, 115, 112, 97, 110, 58, 116, 111, 114, 115, 105, 111, 110, 34, 10, 32, 32, 32, 32, 125, 44, 10, 32, 32, 32, 32, 123, 10, 32, 32, 32, 32, 32, 32, 34, 114, 101, 102, 95, 116, 121, 112, 101, 34, 58, 32, 34, 114, 101, 115, 117, 108, 116, 34, 44, 10, 32, 32, 32, 32, 32, 32, 34, 114, 101, 102, 95, 105, 100, 34, 58, 32, 34, 114, 101, 115, 117, 108, 116, 58, 108, 111, 97, 100, 99, 97, 115, 101, 58, 108, 111, 97, 100, 45, 76, 45, 50, 48, 48, 58, 109, 111, 109, 101, 110, 116, 58, 112, 105, 112, 101, 45, 80, 45, 49, 50, 48, 58, 109, 105, 100, 115, 112, 97, 110, 58, 98, 101, 110, 100, 105, 110, 103, 45, 121, 34, 10, 32, 32, 32, 32, 125, 44, 10, 32, 32, 32, 32, 123, 10, 32, 32, 32, 32, 32, 32, 34, 114, 101, 102, 95, 116, 121, 112, 101, 34, 58, 32, 34, 114, 101, 115, 117, 108, 116, 34, 44, 10, 32, 32, 32, 32, 32, 32, 34, 114, 101, 102, 95, 105, 100, 34, 58, 32, 34, 114, 101, 115, 117, 108, 116, 58, 108, 111, 97, 100, 99, 97, 115, 101, 58, 108, 111, 97, 100, 45, 76, 45, 50, 48, 48, 58, 109, 111, 109, 101, 110, 116, 58, 112, 105, 112, 101, 45, 80, 45, 49, 50, 48, 58, 109, 105, 100, 115, 112, 97, 110, 58, 98, 101, 110, 100, 105, 110, 103, 45, 122, 34, 10, 32, 32, 32, 32, 125, 44, 10, 32, 32, 32, 32, 123, 10, 32, 32, 32, 32, 32, 32, 34, 114, 101, 102, 95, 116, 121, 112, 101, 34, 58, 32, 34, 114, 101, 115, 117, 108, 116, 34, 44, 10, 32, 32, 32, 32, 32, 32, 34, 114, 101, 102, 95, 105, 100, 34, 58, 32, 34, 114, 101, 115, 117, 108, 116, 58, 108, 111, 97, 100, 99, 97, 115, 101, 58, 108, 111, 97, 100, 45, 76, 45, 50, 48, 48, 58, 102, 111, 114, 99, 101, 58, 112, 105, 112, 101, 45, 80, 45, 49, 50, 48, 58, 113, 117, 97, 114, 116, 101, 114, 45, 51, 58, 97, 120, 105, 97, 108, 34, 10, 32, 32, 32, 32, 125, 44, 10, 32, 32, 32, 32, 123, 10, 32, 32, 32, 32, 32, 32, 34, 114, 101, 102, 95, 116, 121, 112, 101, 34, 58, 32, 34, 114, 101, 115, 117, 108, 116, 34, 44, 10, 32, 32, 32, 32, 32, 32, 34, 114, 101, 102, 95, 105, 100, 34, 58, 32, 34, 114, 101, 115, 117, 108, 116, 58, 108, 111, 97, 100, 99, 97, 115, 101, 58, 108, 111, 97, 100, 45, 76, 45, 50, 48, 48, 58, 102, 111, 114, 99, 101, 58, 112, 105, 112, 101, 45, 80, 45, 49, 50, 48, 58, 113, 117, 97, 114, 116, 101, 114, 45, 51, 58, 115, 104, 101, 97, 114, 45, 121, 34, 10, 32, 32, 32, 32, 125, 44, 10, 32, 32, 32, 32, 123, 10, 32, 32, 32, 32, 32, 32, 34, 114, 101, 102, 95, 116, 121, 112, 101, 34, 58, 32, 34, 114, 101, 115, 117, 108, 116, 34, 44, 10, 32, 32, 32, 32, 32, 32, 34, 114, 101, 102, 95, 105, 100, 34, 58, 32, 34, 114, 101, 115, 117, 108, 116, 58, 108, 111, 97, 100, 99, 97, 115, 101, 58, 108, 111, 97, 100, 45, 76, 45, 50, 48, 48, 58, 102, 111, 114, 99, 101, 58, 112, 105, 112, 101, 45, 80, 45, 49, 50, 48, 58, 113, 117, 97, 114, 116, 101, 114, 45, 51, 58, 115, 104, 101, 97, 114, 45, 122, 34, 10, 32, 32, 32, 32, 125, 44, 10, 32, 32, 32, 32, 123, 10, 32, 32, 32, 32, 32, 32, 34, 114, 101, 102, 95, 116, 121, 112, 101, 34, 58, 32, 34, 114, 101, 115, 117, 108, 116, 34, 44, 10, 32, 32, 32, 32, 32, 32, 34, 114, 101, 102, 95, 105, 100, 34, 58, 32, 34, 114, 101, 115, 117, 108, 116, 58, 108, 111, 97, 100, 99, 97, 115, 101, 58, 108, 111, 97, 100, 45, 76, 45, 50, 48, 48, 58, 109, 111, 109, 101, 110, 116, 58, 112, 105, 112, 101, 45, 80, 45, 49, 50, 48, 58, 113, 117, 97, 114, 116, 101, 114, 45, 51, 58, 116, 111, 114, 115, 105, 111, 110, 34, 10, 32, 32, 32, 32, 125, 44, 10, 32, 32, 32, 32, 123, 10, 32, 32, 32, 32, 32, 32, 34, 114, 101, 102, 95, 116, 121, 112, 101, 34, 58, 32, 34, 114, 101, 115, 117, 108, 116, 34, 44, 10, 32, 32, 32, 32, 32, 32, 34, 114, 101, 102, 95, 105, 100, 34, 58, 32, 34, 114, 101, 115, 117, 108, 116, 58, 108, 111, 97, 100, 99, 97, 115, 101, 58, 108, 111, 97, 100, 45, 76, 45, 50, 48, 48, 58, 109, 111, 109, 101, 110, 116, 58, 112, 105, 112, 101, 45, 80, 45, 49, 50, 48, 58, 113, 117, 97, 114, 116, 101, 114, 45, 51, 58, 98, 101, 110, 100, 105, 110, 103, 45, 121, 34, 10, 32, 32, 32, 32, 125, 44, 10, 32, 32, 32, 32, 123, 10, 32, 32, 32, 32, 32, 32, 34, 114, 101, 102, 95, 116, 121, 112, 101, 34, 58, 32, 34, 114, 101, 115, 117, 108, 116, 34, 44, 10, 32, 32, 32, 32, 32, 32, 34, 114, 101, 102, 95, 105, 100, 34, 58, 32, 34, 114, 101, 115, 117, 108, 116, 58, 108, 111, 97, 100, 99, 97, 115, 101, 58, 108, 111, 97, 100, 45, 76, 45, 50, 48, 48, 58, 109, 111, 109, 101, 110, 116, 58, 112, 105, 112, 101, 45, 80, 45, 49, 50, 48, 58, 113, 117, 97, 114, 116, 101, 114, 45, 51, 58, 98, 101, 110, 100, 105, 110, 103, 45, 122, 34, 10, 32, 32, 32, 32, 125, 44, 10, 32, 32, 32, 32, 123, 10, 32, 32, 32, 32, 32, 32, 34, 114, 101, 102, 95, 116, 121, 112, 101, 34, 58, 32, 34, 114, 101, 115, 117, 108, 116, 34, 44, 10, 32, 32, 32, 32, 32, 32, 34, 114, 101, 102, 95, 105, 100, 34, 58, 32, 34, 114, 101, 115, 117, 108, 116, 58, 108, 111, 97, 100, 99, 97, 115, 101, 58, 108, 111, 97, 100, 45, 76, 45, 50, 48, 48, 58, 115, 116, 114, 101, 115, 115, 58, 112, 105, 112, 101, 45, 80, 45, 49, 50, 48, 58, 101, 110, 100, 45, 105, 58, 97, 120, 105, 97, 108, 45, 110, 111, 114, 109, 97, 108, 34, 10, 32, 32, 32, 32, 125, 44, 10, 32, 32, 32, 32, 123, 10, 32, 32, 32, 32, 32, 32, 34, 114, 101, 102, 95, 116, 121, 112, 101, 34, 58, 32, 34, 114, 101, 115, 117, 108, 116, 34, 44, 10, 32, 32, 32, 32, 32, 32, 34, 114, 101, 102, 95, 105, 100, 34, 58, 32, 34, 114, 101, 115, 117, 108, 116, 58, 108, 111, 97, 100, 99, 97, 115, 101, 58, 108, 111, 97, 100, 45, 76, 45, 50, 48, 48, 58, 115, 116, 114, 101, 115, 115, 58, 112, 105, 112, 101, 45, 80, 45, 49, 50, 48, 58, 101, 110, 100, 45, 105, 58, 98, 101, 110, 100, 105, 110, 103, 45, 110, 111, 114, 109, 97, 108, 45, 121, 34, 10, 32, 32, 32, 32, 125, 44, 10, 32, 32, 32, 32, 123, 10, 32, 32, 32, 32, 32, 32, 34, 114, 101, 102, 95, 116, 121, 112, 101, 34, 58, 32, 34, 114, 101, 115, 117, 108, 116, 34, 44, 10, 32, 32, 32, 32, 32, 32, 34, 114, 101, 102, 95, 105, 100, 34, 58, 32, 34, 114, 101, 115, 117, 108, 116, 58, 108, 111, 97, 100, 99, 97, 115, 101, 58, 108, 111, 97, 100, 45, 76, 45, 50, 48, 48, 58, 115, 116, 114, 101, 115, 115, 58, 112, 105, 112, 101, 45, 80, 45, 49, 50, 48, 58, 101, 110, 100, 45, 105, 58, 98, 101, 110, 100, 105, 110, 103, 45, 110, 111, 114, 109, 97, 108, 45, 122, 34, 10, 32, 32, 32, 32, 125, 44, 10, 32, 32, 32, 32, 123, 10, 32, 32, 32, 32, 32, 32, 34, 114, 101, 102, 95, 116, 121, 112, 101, 34, 58, 32, 34, 114, 101, 115, 117, 108, 116, 34, 44, 10, 32, 32, 32, 32, 32, 32, 34, 114, 101, 102, 95, 105, 100, 34, 58, 32, 34, 114, 101, 115, 117, 108, 116, 58, 108, 111, 97, 100, 99, 97, 115, 101, 58, 108, 111, 97, 100, 45, 76, 45, 50, 48, 48, 58, 115, 116, 114, 101, 115, 115, 58, 112, 105, 112, 101, 45, 80, 45, 49, 50, 48, 58, 101, 110, 100, 45, 105, 58, 116, 111, 114, 115, 105, 111, 110, 97, 108, 45, 115, 104, 101, 97, 114, 34, 10, 32, 32, 32, 32, 125, 44, 10, 32, 32, 32, 32, 123, 10, 32, 32, 32, 32, 32, 32, 34, 114, 101, 102, 95, 116, 121, 112, 101, 34, 58, 32, 34, 114, 101, 115, 117, 108, 116, 34, 44, 10, 32, 32, 32, 32, 32, 32, 34, 114, 101, 102, 95, 105, 100, 34, 58, 32, 34, 114, 101, 115, 117, 108, 116, 58, 108, 111, 97, 100, 99, 97, 115, 101, 58, 108, 111, 97, 100, 45, 76, 45, 50, 48, 48, 58, 115, 116, 114, 101, 115, 115, 58, 112, 105, 112, 101, 45, 80, 45, 49, 50, 48, 58, 101, 110, 100, 45, 105, 58, 112, 114, 101, 115, 115, 117, 114, 101, 45, 104, 111, 111, 112, 34, 10, 32, 32, 32, 32, 125, 44, 10, 32, 32, 32, 32, 123, 10, 32, 32, 32, 32, 32, 32, 34, 114, 101, 102, 95, 116, 121, 112, 101, 34, 58, 32, 34, 114, 101, 115, 117, 108, 116, 34, 44, 10, 32, 32, 32, 32, 32, 32, 34, 114, 101, 102, 95, 105, 100, 34, 58, 32, 34, 114, 101, 115, 117, 108, 116, 58, 108, 111, 97, 100, 99, 97, 115, 101, 58, 108, 111, 97, 100, 45, 76, 45, 50, 48, 48, 58, 115, 116, 114, 101, 115, 115, 58, 112, 105, 112, 101, 45, 80, 45, 49, 50, 48, 58, 101, 110, 100, 45, 106, 58, 97, 120, 105, 97, 108, 45, 110, 111, 114, 109, 97, 108, 34, 10, 32, 32, 32, 32, 125, 44, 10, 32, 32, 32, 32, 123, 10, 32, 32, 32, 32, 32, 32, 34, 114, 101, 102, 95, 116, 121, 112, 101, 34, 58, 32, 34, 114, 101, 115, 117, 108, 116, 34, 44, 10, 32, 32, 32, 32, 32, 32, 34, 114, 101, 102, 95, 105, 100, 34, 58, 32, 34, 114, 101, 115, 117, 108, 116, 58, 108, 111, 97, 100, 99, 97, 115, 101, 58, 108, 111, 97, 100, 45, 76, 45, 50, 48, 48, 58, 115, 116, 114, 101, 115, 115, 58, 112, 105, 112, 101, 45, 80, 45, 49, 50, 48, 58, 101, 110, 100, 45, 106, 58, 98, 101, 110, 100, 105, 110, 103, 45, 110, 111, 114, 109, 97, 108, 45, 121, 34, 10, 32, 32, 32, 32, 125, 44, 10, 32, 32, 32, 32, 123, 10, 32, 32, 32, 32, 32, 32, 34, 114, 101, 102, 95, 116, 121, 112, 101, 34, 58, 32, 34, 114, 101, 115, 117, 108, 116, 34, 44, 10, 32, 32, 32, 32, 32, 32, 34, 114, 101, 102, 95, 105, 100, 34, 58, 32, 34, 114, 101, 115, 117, 108, 116, 58, 108, 111, 97, 100, 99, 97, 115, 101, 58, 108, 111, 97, 100, 45, 76, 45, 50, 48, 48, 58, 115, 116, 114, 101, 115, 115, 58, 112, 105, 112, 101, 45, 80, 45, 49, 50, 48, 58, 101, 110, 100, 45, 106, 58, 98, 101, 110, 100, 105, 110, 103, 45, 110, 111, 114, 109, 97, 108, 45, 122, 34, 10, 32, 32, 32, 32, 125, 44, 10, 32, 32, 32, 32, 123, 10, 32, 32, 32, 32, 32, 32, 34, 114, 101, 102, 95, 116, 121, 112, 101, 34, 58, 32, 34, 114, 101, 115, 117, 108, 116, 34, 44, 10, 32, 32, 32, 32, 32, 32, 34, 114, 101, 102, 95, 105, 100, 34, 58, 32, 34, 114, 101, 115, 117, 108, 116, 58, 108, 111, 97, 100, 99, 97, 115, 101, 58, 108, 111, 97, 100, 45, 76, 45, 50, 48, 48, 58, 115, 116, 114, 101, 115, 115, 58, 112, 105, 112, 101, 45, 80, 45, 49, 50, 48, 58, 101, 110, 100, 45, 106, 58, 116, 111, 114, 115, 105, 111, 110, 97, 108, 45, 115, 104, 101, 97, 114, 34, 10, 32, 32, 32, 32, 125, 44, 10, 32, 32, 32, 32, 123, 10, 32, 32, 32, 32, 32, 32, 34, 114, 101, 102, 95, 116, 121, 112, 101, 34, 58, 32, 34, 114, 101, 115, 117, 108, 116, 34, 44, 10, 32, 32, 32, 32, 32, 32, 34, 114, 101, 102, 95, 105, 100, 34, 58, 32, 34, 114, 101, 115, 117, 108, 116, 58, 108, 111, 97, 100, 99, 97, 115, 101, 58, 108, 111, 97, 100, 45, 76, 45, 50, 48, 48, 58, 115, 116, 114, 101, 115, 115, 58, 112, 105, 112, 101, 45, 80, 45, 49, 50, 48, 58, 101, 110, 100, 45, 106, 58, 112, 114, 101, 115, 115, 117, 114, 101, 45, 104, 111, 111, 112, 34, 10, 32, 32, 32, 32, 125, 44, 10, 32, 32, 32, 32, 123, 10, 32, 32, 32, 32, 32, 32, 34, 114, 101, 102, 95, 116, 121, 112, 101, 34, 58, 32, 34, 114, 101, 115, 117, 108, 116, 34, 44, 10, 32, 32, 32, 32, 32, 32, 34, 114, 101, 102, 95, 105, 100, 34, 58, 32, 34, 114, 101, 115, 117, 108, 116, 58, 108, 111, 97, 100, 99, 97, 115, 101, 58, 108, 111, 97, 100, 45, 76, 45, 50, 48, 48, 58, 115, 116, 114, 101, 115, 115, 58, 112, 105, 112, 101, 45, 80, 45, 49, 50, 48, 58, 113, 117, 97, 114, 116, 101, 114, 45, 49, 58, 97, 120, 105, 97, 108, 45, 110, 111, 114, 109, 97, 108, 34, 10, 32, 32, 32, 32, 125, 44, 10, 32, 32, 32, 32, 123, 10, 32, 32, 32, 32, 32, 32, 34, 114, 101, 102, 95, 116, 121, 112, 101, 34, 58, 32, 34, 114, 101, 115, 117, 108, 116, 34, 44, 10, 32, 32, 32, 32, 32, 32, 34, 114, 101, 102, 95, 105, 100, 34, 58, 32, 34, 114, 101, 115, 117, 108, 116, 58, 108, 111, 97, 100, 99, 97, 115, 101, 58, 108, 111, 97, 100, 45, 76, 45, 50, 48, 48, 58, 115, 116, 114, 101, 115, 115, 58, 112, 105, 112, 101, 45, 80, 45, 49, 50, 48, 58, 113, 117, 97, 114, 116, 101, 114, 45, 49, 58, 98, 101, 110, 100, 105, 110, 103, 45, 110, 111, 114, 109, 97, 108, 45, 121, 34, 10, 32, 32, 32, 32, 125, 44, 10, 32, 32, 32, 32, 123, 10, 32, 32, 32, 32, 32, 32, 34, 114, 101, 102, 95, 116, 121, 112, 101, 34, 58, 32, 34, 114, 101, 115, 117, 108, 116, 34, 44, 10, 32, 32, 32, 32, 32, 32, 34, 114, 101, 102, 95, 105, 100, 34, 58, 32, 34, 114, 101, 115, 117, 108, 116, 58, 108, 111, 97, 100, 99, 97, 115, 101, 58, 108, 111, 97, 100, 45, 76, 45, 50, 48, 48, 58, 115, 116, 114, 101, 115, 115, 58, 112, 105, 112, 101, 45, 80, 45, 49, 50, 48, 58, 113, 117, 97, 114, 116, 101, 114, 45, 49, 58, 98, 101, 110, 100, 105, 110, 103, 45, 110, 111, 114, 109, 97, 108, 45, 122, 34, 10, 32, 32, 32, 32, 125, 44, 10, 32, 32, 32, 32, 123, 10, 32, 32, 32, 32, 32, 32, 34, 114, 101, 102, 95, 116, 121, 112, 101, 34, 58, 32, 34, 114, 101, 115, 117, 108, 116, 34, 44, 10, 32, 32, 32, 32, 32, 32, 34, 114, 101, 102, 95, 105, 100, 34, 58, 32, 34, 114, 101, 115, 117, 108, 116, 58, 108, 111, 97, 100, 99, 97, 115, 101, 58, 108, 111, 97, 100, 45, 76, 45, 50, 48, 48, 58, 115, 116, 114, 101, 115, 115, 58, 112, 105, 112, 101, 45, 80, 45, 49, 50, 48, 58, 113, 117, 97, 114, 116, 101, 114, 45, 49, 58, 116, 111, 114, 115, 105, 111, 110, 97, 108, 45, 115, 104, 101, 97, 114, 34, 10, 32, 32, 32, 32, 125, 44, 10, 32, 32, 32, 32, 123, 10, 32, 32, 32, 32, 32, 32, 34, 114, 101, 102, 95, 116, 121, 112, 101, 34, 58, 32, 34, 114, 101, 115, 117, 108, 116, 34, 44, 10, 32, 32, 32, 32, 32, 32, 34, 114, 101, 102, 95, 105, 100, 34, 58, 32, 34, 114, 101, 115, 117, 108, 116, 58, 108, 111, 97, 100, 99, 97, 115, 101, 58, 108, 111, 97, 100, 45, 76, 45, 50, 48, 48, 58, 115, 116, 114, 101, 115, 115, 58, 112, 105, 112, 101, 45, 80, 45, 49, 50, 48, 58, 113, 117, 97, 114, 116, 101, 114, 45, 49, 58, 112, 114, 101, 115, 115, 117, 114, 101, 45, 104, 111, 111, 112, 34, 10, 32, 32, 32, 32, 125, 44, 10, 32, 32, 32, 32, 123, 10, 32, 32, 32, 32, 32, 32, 34, 114, 101, 102, 95, 116, 121, 112, 101, 34, 58, 32, 34, 114, 101, 115, 117, 108, 116, 34, 44, 10, 32, 32, 32, 32, 32, 32, 34, 114, 101, 102, 95, 105, 100, 34, 58, 32, 34, 114, 101, 115, 117, 108, 116, 58, 108, 111, 97, 100, 99, 97, 115, 101, 58, 108, 111, 97, 100, 45, 76, 45, 50, 48, 48, 58, 115, 116, 114, 101, 115, 115, 58, 112, 105, 112, 101, 45, 80, 45, 49, 50, 48, 58, 109, 105, 100, 115, 112, 97, 110, 58, 97, 120, 105, 97, 108, 45, 110, 111, 114, 109, 97, 108, 34, 10, 32, 32, 32, 32, 125, 44, 10, 32, 32, 32, 32, 123, 10, 32, 32, 32, 32, 32, 32, 34, 114, 101, 102, 95, 116, 121, 112, 101, 34, 58, 32, 34, 114, 101, 115, 117, 108, 116, 34, 44, 10, 32, 32, 32, 32, 32, 32, 34, 114, 101, 102, 95, 105, 100, 34, 58, 32, 34, 114, 101, 115, 117, 108, 116, 58, 108, 111, 97, 100, 99, 97, 115, 101, 58, 108, 111, 97, 100, 45, 76, 45, 50, 48, 48, 58, 115, 116, 114, 101, 115, 115, 58, 112, 105, 112, 101, 45, 80, 45, 49, 50, 48, 58, 109, 105, 100, 115, 112, 97, 110, 58, 98, 101, 110, 100, 105, 110, 103, 45, 110, 111, 114, 109, 97, 108, 45, 121, 34, 10, 32, 32, 32, 32, 125, 44, 10, 32, 32, 32, 32, 123, 10, 32, 32, 32, 32, 32, 32, 34, 114, 101, 102, 95, 116, 121, 112, 101, 34, 58, 32, 34, 114, 101, 115, 117, 108, 116, 34, 44, 10, 32, 32, 32, 32, 32, 32, 34, 114, 101, 102, 95, 105, 100, 34, 58, 32, 34, 114, 101, 115, 117, 108, 116, 58, 108, 111, 97, 100, 99, 97, 115, 101, 58, 108, 111, 97, 100, 45, 76, 45, 50, 48, 48, 58, 115, 116, 114, 101, 115, 115, 58, 112, 105, 112, 101, 45, 80, 45, 49, 50, 48, 58, 109, 105, 100, 115, 112, 97, 110, 58, 98, 101, 110, 100, 105, 110, 103, 45, 110, 111, 114, 109, 97, 108, 45, 122, 34, 10, 32, 32, 32, 32, 125, 44, 10, 32, 32, 32, 32, 123, 10, 32, 32, 32, 32, 32, 32, 34, 114, 101, 102, 95, 116, 121, 112, 101, 34, 58, 32, 34, 114, 101, 115, 117, 108, 116, 34, 44, 10, 32, 32, 32, 32, 32, 32, 34, 114, 101, 102, 95, 105, 100, 34, 58, 32, 34, 114, 101, 115, 117, 108, 116, 58, 108, 111, 97, 100, 99, 97, 115, 101, 58, 108, 111, 97, 100, 45, 76, 45, 50, 48, 48, 58, 115, 116, 114, 101, 115, 115, 58, 112, 105, 112, 101, 45, 80, 45, 49, 50, 48, 58, 109, 105, 100, 115, 112, 97, 110, 58, 116, 111, 114, 115, 105, 111, 110, 97, 108, 45, 115, 104, 101, 97, 114, 34, 10, 32, 32, 32, 32, 125, 44, 10, 32, 32, 32, 32, 123, 10, 32, 32, 32, 32, 32, 32, 34, 114, 101, 102, 95, 116, 121, 112, 101, 34, 58, 32, 34, 114, 101, 115, 117, 108, 116, 34, 44, 10, 32, 32, 32, 32, 32, 32, 34, 114, 101, 102, 95, 105, 100, 34, 58, 32, 34, 114, 101, 115, 117, 108, 116, 58, 108, 111, 97, 100, 99, 97, 115, 101, 58, 108, 111, 97, 100, 45, 76, 45, 50, 48, 48, 58, 115, 116, 114, 101, 115, 115, 58, 112, 105, 112, 101, 45, 80, 45, 49, 50, 48, 58, 109, 105, 100, 115, 112, 97, 110, 58, 112, 114, 101, 115, 115, 117, 114, 101, 45, 104, 111, 111, 112, 34, 10, 32, 32, 32, 32, 125, 44, 10, 32, 32, 32, 32, 123, 10, 32, 32, 32, 32, 32, 32, 34, 114, 101, 102, 95, 116, 121, 112, 101, 34, 58, 32, 34, 114, 101, 115, 117, 108, 116, 34, 44, 10, 32, 32, 32, 32, 32, 32, 34, 114, 101, 102, 95, 105, 100, 34, 58, 32, 34, 114, 101, 115, 117, 108, 116, 58, 108, 111, 97, 100, 99, 97, 115, 101, 58, 108, 111, 97, 100, 45, 76, 45, 50, 48, 48, 58, 115, 116, 114, 101, 115, 115, 58, 112, 105, 112, 101, 45, 80, 45, 49, 50, 48, 58, 113, 117, 97, 114, 116, 101, 114, 45, 51, 58, 97, 120, 105, 97, 108, 45, 110, 111, 114, 109, 97, 108, 34, 10, 32, 32, 32, 32, 125, 44, 10, 32, 32, 32, 32, 123, 10, 32, 32, 32, 32, 32, 32, 34, 114, 101, 102, 95, 116, 121, 112, 101, 34, 58, 32, 34, 114, 101, 115, 117, 108, 116, 34, 44, 10, 32, 32, 32, 32, 32, 32, 34, 114, 101, 102, 95, 105, 100, 34, 58, 32, 34, 114, 101, 115, 117, 108, 116, 58, 108, 111, 97, 100, 99, 97, 115, 101, 58, 108, 111, 97, 100, 45, 76, 45, 50, 48, 48, 58, 115, 116, 114, 101, 115, 115, 58, 112, 105, 112, 101, 45, 80, 45, 49, 50, 48, 58, 113, 117, 97, 114, 116, 101, 114, 45, 51, 58, 98, 101, 110, 100, 105, 110, 103, 45, 110, 111, 114, 109, 97, 108, 45, 121, 34, 10, 32, 32, 32, 32, 125, 44, 10, 32, 32, 32, 32, 123, 10, 32, 32, 32, 32, 32, 32, 34, 114, 101, 102, 95, 116, 121, 112, 101, 34, 58, 32, 34, 114, 101, 115, 117, 108, 116, 34, 44, 10, 32, 32, 32, 32, 32, 32, 34, 114, 101, 102, 95, 105, 100, 34, 58, 32, 34, 114, 101, 115, 117, 108, 116, 58, 108, 111, 97, 100, 99, 97, 115, 101, 58, 108, 111, 97, 100, 45, 76, 45, 50, 48, 48, 58, 115, 116, 114, 101, 115, 115, 58, 112, 105, 112, 101, 45, 80, 45, 49, 50, 48, 58, 113, 117, 97, 114, 116, 101, 114, 45, 51, 58, 98, 101, 110, 100, 105, 110, 103, 45, 110, 111, 114, 109, 97, 108, 45, 122, 34, 10, 32, 32, 32, 32, 125, 44, 10, 32, 32, 32, 32, 123, 10, 32, 32, 32, 32, 32, 32, 34, 114, 101, 102, 95, 116, 121, 112, 101, 34, 58, 32, 34, 114, 101, 115, 117, 108, 116, 34, 44, 10, 32, 32, 32, 32, 32, 32, 34, 114, 101, 102, 95, 105, 100, 34, 58, 32, 34, 114, 101, 115, 117, 108, 116, 58, 108, 111, 97, 100, 99, 97, 115, 101, 58, 108, 111, 97, 100, 45, 76, 45, 50, 48, 48, 58, 115, 116, 114, 101, 115, 115, 58, 112, 105, 112, 101, 45, 80, 45, 49, 50, 48, 58, 113, 117, 97, 114, 116, 101, 114, 45, 51, 58, 116, 111, 114, 115, 105, 111, 110, 97, 108, 45, 115, 104, 101, 97, 114, 34, 10, 32, 32, 32, 32, 125, 44, 10, 32, 32, 32, 32, 123, 10, 32, 32, 32, 32, 32, 32, 34, 114, 101, 102, 95, 116, 121, 112, 101, 34, 58, 32, 34, 114, 101, 115, 117, 108, 116, 34, 44, 10, 32, 32, 32, 32, 32, 32, 34, 114, 101, 102, 95, 105, 100, 34, 58, 32, 34, 114, 101, 115, 117, 108, 116, 58, 108, 111, 97, 100, 99, 97, 115, 101, 58, 108, 111, 97, 100, 45, 76, 45, 50, 48, 48, 58, 115, 116, 114, 101, 115, 115, 58, 112, 105, 112, 101, 45, 80, 45, 49, 50, 48, 58, 113, 117, 97, 114, 116, 101, 114, 45, 51, 58, 112, 114, 101, 115, 115, 117, 114, 101, 45, 104, 111, 111, 112, 34, 10, 32, 32, 32, 32, 125, 44, 10, 32, 32, 32, 32, 123, 10, 32, 32, 32, 32, 32, 32, 34, 114, 101, 102, 95, 116, 121, 112, 101, 34, 58, 32, 34, 114, 101, 115, 117, 108, 116, 34, 44, 10, 32, 32, 32, 32, 32, 32, 34, 114, 101, 102, 95, 105, 100, 34, 58, 32, 34, 114, 101, 115, 117, 108, 116, 58, 108, 111, 97, 100, 99, 97, 115, 101, 58, 108, 111, 97, 100, 45, 76, 45, 50, 48, 48, 58, 115, 116, 114, 101, 115, 115, 58, 112, 105, 112, 101, 45, 80, 45, 49, 50, 48, 34, 10, 32, 32, 32, 32, 125, 44, 10, 32, 32, 32, 32, 123, 10, 32, 32, 32, 32, 32, 32, 34, 114, 101, 102, 95, 116, 121, 112, 101, 34, 58, 32, 34, 114, 101, 115, 117, 108, 116, 34, 44, 10, 32, 32, 32, 32, 32, 32, 34, 114, 101, 102, 95, 105, 100, 34, 58, 32, 34, 114, 101, 115, 117, 108, 116, 58, 108, 111, 97, 100, 99, 97, 115, 101, 58, 108, 111, 97, 100, 45, 76, 45, 50, 48, 48, 58, 115, 116, 114, 101, 115, 115, 58, 99, 111, 109, 112, 111, 110, 101, 110, 116, 45, 67, 45, 49, 50, 48, 58, 112, 105, 112, 101, 45, 80, 45, 49, 50, 48, 58, 101, 110, 100, 45, 105, 58, 117, 115, 101, 114, 45, 109, 117, 108, 116, 105, 112, 108, 105, 101, 114, 34, 10, 32, 32, 32, 32, 125, 44, 10, 32, 32, 32, 32, 123, 10, 32, 32, 32, 32, 32, 32, 34, 114, 101, 102, 95, 116, 121, 112, 101, 34, 58, 32, 34, 114, 101, 115, 117, 108, 116, 34, 44, 10, 32, 32, 32, 32, 32, 32, 34, 114, 101, 102, 95, 105, 100, 34, 58, 32, 34, 114, 101, 115, 117, 108, 116, 58, 108, 111, 97, 100, 99, 97, 115, 101, 58, 108, 111, 97, 100, 45, 76, 45, 50, 48, 48, 58, 102, 111, 114, 99, 101, 58, 112, 105, 112, 101, 45, 80, 45, 49, 51, 48, 58, 97, 120, 105, 97, 108, 34, 10, 32, 32, 32, 32, 125, 44, 10, 32, 32, 32, 32, 123, 10, 32, 32, 32, 32, 32, 32, 34, 114, 101, 102, 95, 116, 121, 112, 101, 34, 58, 32, 34, 114, 101, 115, 117, 108, 116, 34, 44, 10, 32, 32, 32, 32, 32, 32, 34, 114, 101, 102, 95, 105, 100, 34, 58, 32, 34, 114, 101, 115, 117, 108, 116, 58, 108, 111, 97, 100, 99, 97, 115, 101, 58, 108, 111, 97, 100, 45, 76, 45, 50, 48, 48, 58, 102, 111, 114, 99, 101, 58, 112, 105, 112, 101, 45, 80, 45, 49, 51, 48, 58, 97, 120, 105, 97, 108, 58, 101, 110, 100, 45, 106, 34, 10, 32, 32, 32, 32, 125, 44, 10, 32, 32, 32, 32, 123, 10, 32, 32, 32, 32, 32, 32, 34, 114, 101, 102, 95, 116, 121, 112, 101, 34, 58, 32, 34, 114, 101, 115, 117, 108, 116, 34, 44, 10, 32, 32, 32, 32, 32, 32, 34, 114, 101, 102, 95, 105, 100, 34, 58, 32, 34, 114, 101, 115, 117, 108, 116, 58, 108, 111, 97, 100, 99, 97, 115, 101, 58, 108, 111, 97, 100, 45, 76, 45, 50, 48, 48, 58, 102, 111, 114, 99, 101, 58, 112, 105, 112, 101, 45, 80, 45, 49, 51, 48, 58, 115, 104, 101, 97, 114, 45, 121, 34, 10, 32, 32, 32, 32, 125, 44, 10, 32, 32, 32, 32, 123, 10, 32, 32, 32, 32, 32, 32, 34, 114, 101, 102, 95, 116, 121, 112, 101, 34, 58, 32, 34, 114, 101, 115, 117, 108, 116, 34, 44, 10, 32, 32, 32, 32, 32, 32, 34, 114, 101, 102, 95, 105, 100, 34, 58, 32, 34, 114, 101, 115, 117, 108, 116, 58, 108, 111, 97, 100, 99, 97, 115, 101, 58, 108, 111, 97, 100, 45, 76, 45, 50, 48, 48, 58, 102, 111, 114, 99, 101, 58, 112, 105, 112, 101, 45, 80, 45, 49, 51, 48, 58, 115, 104, 101, 97, 114, 45, 121, 58, 101, 110, 100, 45, 106, 34, 10, 32, 32, 32, 32, 125, 44, 10, 32, 32, 32, 32, 123, 10, 32, 32, 32, 32, 32, 32, 34, 114, 101, 102, 95, 116, 121, 112, 101, 34, 58, 32, 34, 114, 101, 115, 117, 108, 116, 34, 44, 10, 32, 32, 32, 32, 32, 32, 34, 114, 101, 102, 95, 105, 100, 34, 58, 32, 34, 114, 101, 115, 117, 108, 116, 58, 108, 111, 97, 100, 99, 97, 115, 101, 58, 108, 111, 97, 100, 45, 76, 45, 50, 48, 48, 58, 102, 111, 114, 99, 101, 58, 112, 105, 112, 101, 45, 80, 45, 49, 51, 48, 58, 115, 104, 101, 97, 114, 45, 122, 34, 10, 32, 32, 32, 32, 125, 44, 10, 32, 32, 32, 32, 123, 10, 32, 32, 32, 32, 32, 32, 34, 114, 101, 102, 95, 116, 121, 112, 101, 34, 58, 32, 34, 114, 101, 115, 117, 108, 116, 34, 44, 10, 32, 32, 32, 32, 32, 32, 34, 114, 101, 102, 95, 105, 100, 34, 58, 32, 34, 114, 101, 115, 117, 108, 116, 58, 108, 111, 97, 100, 99, 97, 115, 101, 58, 108, 111, 97, 100, 45, 76, 45, 50, 48, 48, 58, 102, 111, 114, 99, 101, 58, 112, 105, 112, 101, 45, 80, 45, 49, 51, 48, 58, 115, 104, 101, 97, 114, 45, 122, 58, 101, 110, 100, 45, 106, 34, 10, 32, 32, 32, 32, 125, 44, 10, 32, 32, 32, 32, 123, 10, 32, 32, 32, 32, 32, 32, 34, 114, 101, 102, 95, 116, 121, 112, 101, 34, 58, 32, 34, 114, 101, 115, 117, 108, 116, 34, 44, 10, 32, 32, 32, 32, 32, 32, 34, 114, 101, 102, 95, 105, 100, 34, 58, 32, 34, 114, 101, 115, 117, 108, 116, 58, 108, 111, 97, 100, 99, 97, 115, 101, 58, 108, 111, 97, 100, 45, 76, 45, 50, 48, 48, 58, 109, 111, 109, 101, 110, 116, 58, 112, 105, 112, 101, 45, 80, 45, 49, 51, 48, 58, 116, 111, 114, 115, 105, 111, 110, 34, 10, 32, 32, 32, 32, 125, 44, 10, 32, 32, 32, 32, 123, 10, 32, 32, 32, 32, 32, 32, 34, 114, 101, 102, 95, 116, 121, 112, 101, 34, 58, 32, 34, 114, 101, 115, 117, 108, 116, 34, 44, 10, 32, 32, 32, 32, 32, 32, 34, 114, 101, 102, 95, 105, 100, 34, 58, 32, 34, 114, 101, 115, 117, 108, 116, 58, 108, 111, 97, 100, 99, 97, 115, 101, 58, 108, 111, 97, 100, 45, 76, 45, 50, 48, 48, 58, 109, 111, 109, 101, 110, 116, 58, 112, 105, 112, 101, 45, 80, 45, 49, 51, 48, 58, 116, 111, 114, 115, 105, 111, 110, 58, 101, 110, 100, 45, 106, 34, 10, 32, 32, 32, 32, 125, 44, 10, 32, 32, 32, 32, 123, 10, 32, 32, 32, 32, 32, 32, 34, 114, 101, 102, 95, 116, 121, 112, 101, 34, 58, 32, 34, 114, 101, 115, 117, 108, 116, 34, 44, 10, 32, 32, 32, 32, 32, 32, 34, 114, 101, 102, 95, 105, 100, 34, 58, 32, 34, 114, 101, 115, 117, 108, 116, 58, 108, 111, 97, 100, 99, 97, 115, 101, 58, 108, 111, 97, 100, 45, 76, 45, 50, 48, 48, 58, 109, 111, 109, 101, 110, 116, 58, 112, 105, 112, 101, 45, 80, 45, 49, 51, 48, 58, 98, 101, 110, 100, 105, 110, 103, 45, 121, 34, 10, 32, 32, 32, 32, 125, 44, 10, 32, 32, 32, 32, 123, 10, 32, 32, 32, 32, 32, 32, 34, 114, 101, 102, 95, 116, 121, 112, 101, 34, 58, 32, 34, 114, 101, 115, 117, 108, 116, 34, 44, 10, 32, 32, 32, 32, 32, 32, 34, 114, 101, 102, 95, 105, 100, 34, 58, 32, 34, 114, 101, 115, 117, 108, 116, 58, 108, 111, 97, 100, 99, 97, 115, 101, 58, 108, 111, 97, 100, 45, 76, 45, 50, 48, 48, 58, 109, 111, 109, 101, 110, 116, 58, 112, 105, 112, 101, 45, 80, 45, 49, 51, 48, 58, 98, 101, 110, 100, 105, 110, 103, 45, 121, 58, 101, 110, 100, 45, 106, 34, 10, 32, 32, 32, 32, 125, 44, 10, 32, 32, 32, 32, 123, 10, 32, 32, 32, 32, 32, 32, 34, 114, 101, 102, 95, 116, 121, 112, 101, 34, 58, 32, 34, 114, 101, 115, 117, 108, 116, 34, 44, 10, 32, 32, 32, 32, 32, 32, 34, 114, 101, 102, 95, 105, 100, 34, 58, 32, 34, 114, 101, 115, 117, 108, 116, 58, 108, 111, 97, 100, 99, 97, 115, 101, 58, 108, 111, 97, 100, 45, 76, 45, 50, 48, 48, 58, 109, 111, 109, 101, 110, 116, 58, 112, 105, 112, 101, 45, 80, 45, 49, 51, 48, 58, 98, 101, 110, 100, 105, 110, 103, 45, 122, 34, 10, 32, 32, 32, 32, 125, 44, 10, 32, 32, 32, 32, 123, 10, 32, 32, 32, 32, 32, 32, 34, 114, 101, 102, 95, 116, 121, 112, 101, 34, 58, 32, 34, 114, 101, 115, 117, 108, 116, 34, 44, 10, 32, 32, 32, 32, 32, 32, 34, 114, 101, 102, 95, 105, 100, 34, 58, 32, 34, 114, 101, 115, 117, 108, 116, 58, 108, 111, 97, 100, 99, 97, 115, 101, 58, 108, 111, 97, 100, 45, 76, 45, 50, 48, 48, 58, 109, 111, 109, 101, 110, 116, 58, 112, 105, 112, 101, 45, 80, 45, 49, 51, 48, 58, 98, 101, 110, 100, 105, 110, 103, 45, 122, 58, 101, 110, 100, 45, 106, 34, 10, 32, 32, 32, 32, 125, 44, 10, 32, 32, 32, 32, 123, 10, 32, 32, 32, 32, 32, 32, 34, 114, 101, 102, 95, 116, 121, 112, 101, 34, 58, 32, 34, 114, 101, 115, 117, 108, 116, 34, 44, 10, 32, 32, 32, 32, 32, 32, 34, 114, 101, 102, 95, 105, 100, 34, 58, 32, 34, 114, 101, 115, 117, 108, 116, 58, 108, 111, 97, 100, 99, 97, 115, 101, 58, 108, 111, 97, 100, 45, 76, 45, 50, 48, 48, 58, 102, 111, 114, 99, 101, 58, 112, 105, 112, 101, 45, 80, 45, 49, 51, 48, 58, 113, 117, 97, 114, 116, 101, 114, 45, 49, 58, 97, 120, 105, 97, 108, 34, 10, 32, 32, 32, 32, 125, 44, 10, 32, 32, 32, 32, 123, 10, 32, 32, 32, 32, 32, 32, 34, 114, 101, 102, 95, 116, 121, 112, 101, 34, 58, 32, 34, 114, 101, 115, 117, 108, 116, 34, 44, 10, 32, 32, 32, 32, 32, 32, 34, 114, 101, 102, 95, 105, 100, 34, 58, 32, 34, 114, 101, 115, 117, 108, 116, 58, 108, 111, 97, 100, 99, 97, 115, 101, 58, 108, 111, 97, 100, 45, 76, 45, 50, 48, 48, 58, 102, 111, 114, 99, 101, 58, 112, 105, 112, 101, 45, 80, 45, 49, 51, 48, 58, 113, 117, 97, 114, 116, 101, 114, 45, 49, 58, 115, 104, 101, 97, 114, 45, 121, 34, 10, 32, 32, 32, 32, 125, 44, 10, 32, 32, 32, 32, 123, 10, 32, 32, 32, 32, 32, 32, 34, 114, 101, 102, 95, 116, 121, 112, 101, 34, 58, 32, 34, 114, 101, 115, 117, 108, 116, 34, 44, 10, 32, 32, 32, 32, 32, 32, 34, 114, 101, 102, 95, 105, 100, 34, 58, 32, 34, 114, 101, 115, 117, 108, 116, 58, 108, 111, 97, 100, 99, 97, 115, 101, 58, 108, 111, 97, 100, 45, 76, 45, 50, 48, 48, 58, 102, 111, 114, 99, 101, 58, 112, 105, 112, 101, 45, 80, 45, 49, 51, 48, 58, 113, 117, 97, 114, 116, 101, 114, 45, 49, 58, 115, 104, 101, 97, 114, 45, 122, 34, 10, 32, 32, 32, 32, 125, 44, 10, 32, 32, 32, 32, 123, 10, 32, 32, 32, 32, 32, 32, 34, 114, 101, 102, 95, 116, 121, 112, 101, 34, 58, 32, 34, 114, 101, 115, 117, 108, 116, 34, 44, 10, 32, 32, 32, 32, 32, 32, 34, 114, 101, 102, 95, 105, 100, 34, 58, 32, 34, 114, 101, 115, 117, 108, 116, 58, 108, 111, 97, 100, 99, 97, 115, 101, 58, 108, 111, 97, 100, 45, 76, 45, 50, 48, 48, 58, 109, 111, 109, 101, 110, 116, 58, 112, 105, 112, 101, 45, 80, 45, 49, 51, 48, 58, 113, 117, 97, 114, 116, 101, 114, 45, 49, 58, 116, 111, 114, 115, 105, 111, 110, 34, 10, 32, 32, 32, 32, 125, 44, 10, 32, 32, 32, 32, 123, 10, 32, 32, 32, 32, 32, 32, 34, 114, 101, 102, 95, 116, 121, 112, 101, 34, 58, 32, 34, 114, 101, 115, 117, 108, 116, 34, 44, 10, 32, 32, 32, 32, 32, 32, 34, 114, 101, 102, 95, 105, 100, 34, 58, 32, 34, 114, 101, 115, 117, 108, 116, 58, 108, 111, 97, 100, 99, 97, 115, 101, 58, 108, 111, 97, 100, 45, 76, 45, 50, 48, 48, 58, 109, 111, 109, 101, 110, 116, 58, 112, 105, 112, 101, 45, 80, 45, 49, 51, 48, 58, 113, 117, 97, 114, 116, 101, 114, 45, 49, 58, 98, 101, 110, 100, 105, 110, 103, 45, 121, 34, 10, 32, 32, 32, 32, 125, 44, 10, 32, 32, 32, 32, 123, 10, 32, 32, 32, 32, 32, 32, 34, 114, 101, 102, 95, 116, 121, 112, 101, 34, 58, 32, 34, 114, 101, 115, 117, 108, 116, 34, 44, 10, 32, 32, 32, 32, 32, 32, 34, 114, 101, 102, 95, 105, 100, 34, 58, 32, 34, 114, 101, 115, 117, 108, 116, 58, 108, 111, 97, 100, 99, 97, 115, 101, 58, 108, 111, 97, 100, 45, 76, 45, 50, 48, 48, 58, 109, 111, 109, 101, 110, 116, 58, 112, 105, 112, 101, 45, 80, 45, 49, 51, 48, 58, 113, 117, 97, 114, 116, 101, 114, 45, 49, 58, 98, 101, 110, 100, 105, 110, 103, 45, 122, 34, 10, 32, 32, 32, 32, 125, 44, 10, 32, 32, 32, 32, 123, 10, 32, 32, 32, 32, 32, 32, 34, 114, 101, 102, 95, 116, 121, 112, 101, 34, 58, 32, 34, 114, 101, 115, 117, 108, 116, 34, 44, 10, 32, 32, 32, 32, 32, 32, 34, 114, 101, 102, 95, 105, 100, 34, 58, 32, 34, 114, 101, 115, 117, 108, 116, 58, 108, 111, 97, 100, 99, 97, 115, 101, 58, 108, 111, 97, 100, 45, 76, 45, 50, 48, 48, 58, 102, 111, 114, 99, 101, 58, 112, 105, 112, 101, 45, 80, 45, 49, 51, 48, 58, 109, 105, 100, 115, 112, 97, 110, 58, 97, 120, 105, 97, 108, 34, 10, 32, 32, 32, 32, 125, 44, 10, 32, 32, 32, 32, 123, 10, 32, 32, 32, 32, 32, 32, 34, 114, 101, 102, 95, 116, 121, 112, 101, 34, 58, 32, 34, 114, 101, 115, 117, 108, 116, 34, 44, 10, 32, 32, 32, 32, 32, 32, 34, 114, 101, 102, 95, 105, 100, 34, 58, 32, 34, 114, 101, 115, 117, 108, 116, 58, 108, 111, 97, 100, 99, 97, 115, 101, 58, 108, 111, 97, 100, 45, 76, 45, 50, 48, 48, 58, 102, 111, 114, 99, 101, 58, 112, 105, 112, 101, 45, 80, 45, 49, 51, 48, 58, 109, 105, 100, 115, 112, 97, 110, 58, 115, 104, 101, 97, 114, 45, 121, 34, 10, 32, 32, 32, 32, 125, 44, 10, 32, 32, 32, 32, 123, 10, 32, 32, 32, 32, 32, 32, 34, 114, 101, 102, 95, 116, 121, 112, 101, 34, 58, 32, 34, 114, 101, 115, 117, 108, 116, 34, 44, 10, 32, 32, 32, 32, 32, 32, 34, 114, 101, 102, 95, 105, 100, 34, 58, 32, 34, 114, 101, 115, 117, 108, 116, 58, 108, 111, 97, 100, 99, 97, 115, 101, 58, 108, 111, 97, 100, 45, 76, 45, 50, 48, 48, 58, 102, 111, 114, 99, 101, 58, 112, 105, 112, 101, 45, 80, 45, 49, 51, 48, 58, 109, 105, 100, 115, 112, 97, 110, 58, 115, 104, 101, 97, 114, 45, 122, 34, 10, 32, 32, 32, 32, 125, 44, 10, 32, 32, 32, 32, 123, 10, 32, 32, 32, 32, 32, 32, 34, 114, 101, 102, 95, 116, 121, 112, 101, 34, 58, 32, 34, 114, 101, 115, 117, 108, 116, 34, 44, 10, 32, 32, 32, 32, 32, 32, 34, 114, 101, 102, 95, 105, 100, 34, 58, 32, 34, 114, 101, 115, 117, 108, 116, 58, 108, 111, 97, 100, 99, 97, 115, 101, 58, 108, 111, 97, 100, 45, 76, 45, 50, 48, 48, 58, 109, 111, 109, 101, 110, 116, 58, 112, 105, 112, 101, 45, 80, 45, 49, 51, 48, 58, 109, 105, 100, 115, 112, 97, 110, 58, 116, 111, 114, 115, 105, 111, 110, 34, 10, 32, 32, 32, 32, 125, 44, 10, 32, 32, 32, 32, 123, 10, 32, 32, 32, 32, 32, 32, 34, 114, 101, 102, 95, 116, 121, 112, 101, 34, 58, 32, 34, 114, 101, 115, 117, 108, 116, 34, 44, 10, 32, 32, 32, 32, 32, 32, 34, 114, 101, 102, 95, 105, 100, 34, 58, 32, 34, 114, 101, 115, 117, 108, 116, 58, 108, 111, 97, 100, 99, 97, 115, 101, 58, 108, 111, 97, 100, 45, 76, 45, 50, 48, 48, 58, 109, 111, 109, 101, 110, 116, 58, 112, 105, 112, 101, 45, 80, 45, 49, 51, 48, 58, 109, 105, 100, 115, 112, 97, 110, 58, 98, 101, 110, 100, 105, 110, 103, 45, 121, 34, 10, 32, 32, 32, 32, 125, 44, 10, 32, 32, 32, 32, 123, 10, 32, 32, 32, 32, 32, 32, 34, 114, 101, 102, 95, 116, 121, 112, 101, 34, 58, 32, 34, 114, 101, 115, 117, 108, 116, 34, 44, 10, 32, 32, 32, 32, 32, 32, 34, 114, 101, 102, 95, 105, 100, 34, 58, 32, 34, 114, 101, 115, 117, 108, 116, 58, 108, 111, 97, 100, 99, 97, 115, 101, 58, 108, 111, 97, 100, 45, 76, 45, 50, 48, 48, 58, 109, 111, 109, 101, 110, 116, 58, 112, 105, 112, 101, 45, 80, 45, 49, 51, 48, 58, 109, 105, 100, 115, 112, 97, 110, 58, 98, 101, 110, 100, 105, 110, 103, 45, 122, 34, 10, 32, 32, 32, 32, 125, 44, 10, 32, 32, 32, 32, 123, 10, 32, 32, 32, 32, 32, 32, 34, 114, 101, 102, 95, 116, 121, 112, 101, 34, 58, 32, 34, 114, 101, 115, 117, 108, 116, 34, 44, 10, 32, 32, 32, 32, 32, 32, 34, 114, 101, 102, 95, 105, 100, 34, 58, 32, 34, 114, 101, 115, 117, 108, 116, 58, 108, 111, 97, 100, 99, 97, 115, 101, 58, 108, 111, 97, 100, 45, 76, 45, 50, 48, 48, 58, 102, 111, 114, 99, 101, 58, 112, 105, 112, 101, 45, 80, 45, 49, 51, 48, 58, 113, 117, 97, 114, 116, 101, 114, 45, 51, 58, 97, 120, 105, 97, 108, 34, 10, 32, 32, 32, 32, 125, 44, 10, 32, 32, 32, 32, 123, 10, 32, 32, 32, 32, 32, 32, 34, 114, 101, 102, 95, 116, 121, 112, 101, 34, 58, 32, 34, 114, 101, 115, 117, 108, 116, 34, 44, 10, 32, 32, 32, 32, 32, 32, 34, 114, 101, 102, 95, 105, 100, 34, 58, 32, 34, 114, 101, 115, 117, 108, 116, 58, 108, 111, 97, 100, 99, 97, 115, 101, 58, 108, 111, 97, 100, 45, 76, 45, 50, 48, 48, 58, 102, 111, 114, 99, 101, 58, 112, 105, 112, 101, 45, 80, 45, 49, 51, 48, 58, 113, 117, 97, 114, 116, 101, 114, 45, 51, 58, 115, 104, 101, 97, 114, 45, 121, 34, 10, 32, 32, 32, 32, 125, 44, 10, 32, 32, 32, 32, 123, 10, 32, 32, 32, 32, 32, 32, 34, 114, 101, 102, 95, 116, 121, 112, 101, 34, 58, 32, 34, 114, 101, 115, 117, 108, 116, 34, 44, 10, 32, 32, 32, 32, 32, 32, 34, 114, 101, 102, 95, 105, 100, 34, 58, 32, 34, 114, 101, 115, 117, 108, 116, 58, 108, 111, 97, 100, 99, 97, 115, 101, 58, 108, 111, 97, 100, 45, 76, 45, 50, 48, 48, 58, 102, 111, 114, 99, 101, 58, 112, 105, 112, 101, 45, 80, 45, 49, 51, 48, 58, 113, 117, 97, 114, 116, 101, 114, 45, 51, 58, 115, 104, 101, 97, 114, 45, 122, 34, 10, 32, 32, 32, 32, 125, 44, 10, 32, 32, 32, 32, 123, 10, 32, 32, 32, 32, 32, 32, 34, 114, 101, 102, 95, 116, 121, 112, 101, 34, 58, 32, 34, 114, 101, 115, 117, 108, 116, 34, 44, 10, 32, 32, 32, 32, 32, 32, 34, 114, 101, 102, 95, 105, 100, 34, 58, 32, 34, 114, 101, 115, 117, 108, 116, 58, 108, 111, 97, 100, 99, 97, 115, 101, 58, 108, 111, 97, 100, 45, 76, 45, 50, 48, 48, 58, 109, 111, 109, 101, 110, 116, 58, 112, 105, 112, 101, 45, 80, 45, 49, 51, 48, 58, 113, 117, 97, 114, 116, 101, 114, 45, 51, 58, 116, 111, 114, 115, 105, 111, 110, 34, 10, 32, 32, 32, 32, 125, 44, 10, 32, 32, 32, 32, 123, 10, 32, 32, 32, 32, 32, 32, 34, 114, 101, 102, 95, 116, 121, 112, 101, 34, 58, 32, 34, 114, 101, 115, 117, 108, 116, 34, 44, 10, 32, 32, 32, 32, 32, 32, 34, 114, 101, 102, 95, 105, 100, 34, 58, 32, 34, 114, 101, 115, 117, 108, 116, 58, 108, 111, 97, 100, 99, 97, 115, 101, 58, 108, 111, 97, 100, 45, 76, 45, 50, 48, 48, 58, 109, 111, 109, 101, 110, 116, 58, 112, 105, 112, 101, 45, 80, 45, 49, 51, 48, 58, 113, 117, 97, 114, 116, 101, 114, 45, 51, 58, 98, 101, 110, 100, 105, 110, 103, 45, 121, 34, 10, 32, 32, 32, 32, 125, 44, 10, 32, 32, 32, 32, 123, 10, 32, 32, 32, 32, 32, 32, 34, 114, 101, 102, 95, 116, 121, 112, 101, 34, 58, 32, 34, 114, 101, 115, 117, 108, 116, 34, 44, 10, 32, 32, 32, 32, 32, 32, 34, 114, 101, 102, 95, 105, 100, 34, 58, 32, 34, 114, 101, 115, 117, 108, 116, 58, 108, 111, 97, 100, 99, 97, 115, 101, 58, 108, 111, 97, 100, 45, 76, 45, 50, 48, 48, 58, 109, 111, 109, 101, 110, 116, 58, 112, 105, 112, 101, 45, 80, 45, 49, 51, 48, 58, 113, 117, 97, 114, 116, 101, 114, 45, 51, 58, 98, 101, 110, 100, 105, 110, 103, 45, 122, 34, 10, 32, 32, 32, 32, 125, 44, 10, 32, 32, 32, 32, 123, 10, 32, 32, 32, 32, 32, 32, 34, 114, 101, 102, 95, 116, 121, 112, 101, 34, 58, 32, 34, 114, 101, 115, 117, 108, 116, 34, 44, 10, 32, 32, 32, 32, 32, 32, 34, 114, 101, 102, 95, 105, 100, 34, 58, 32, 34, 114, 101, 115, 117, 108, 116, 58, 108, 111, 97, 100, 99, 97, 115, 101, 58, 108, 111, 97, 100, 45, 76, 45, 50, 48, 48, 58, 115, 116, 114, 101, 115, 115, 58, 112, 105, 112, 101, 45, 80, 45, 49, 51, 48, 58, 101, 110, 100, 45, 105, 58, 97, 120, 105, 97, 108, 45, 110, 111, 114, 109, 97, 108, 34, 10, 32, 32, 32, 32, 125, 44, 10, 32, 32, 32, 32, 123, 10, 32, 32, 32, 32, 32, 32, 34, 114, 101, 102, 95, 116, 121, 112, 101, 34, 58, 32, 34, 114, 101, 115, 117, 108, 116, 34, 44, 10, 32, 32, 32, 32, 32, 32, 34, 114, 101, 102, 95, 105, 100, 34, 58, 32, 34, 114, 101, 115, 117, 108, 116, 58, 108, 111, 97, 100, 99, 97, 115, 101, 58, 108, 111, 97, 100, 45, 76, 45, 50, 48, 48, 58, 115, 116, 114, 101, 115, 115, 58, 112, 105, 112, 101, 45, 80, 45, 49, 51, 48, 58, 101, 110, 100, 45, 105, 58, 98, 101, 110, 100, 105, 110, 103, 45, 110, 111, 114, 109, 97, 108, 45, 121, 34, 10, 32, 32, 32, 32, 125, 44, 10, 32, 32, 32, 32, 123, 10, 32, 32, 32, 32, 32, 32, 34, 114, 101, 102, 95, 116, 121, 112, 101, 34, 58, 32, 34, 114, 101, 115, 117, 108, 116, 34, 44, 10, 32, 32, 32, 32, 32, 32, 34, 114, 101, 102, 95, 105, 100, 34, 58, 32, 34, 114, 101, 115, 117, 108, 116, 58, 108, 111, 97, 100, 99, 97, 115, 101, 58, 108, 111, 97, 100, 45, 76, 45, 50, 48, 48, 58, 115, 116, 114, 101, 115, 115, 58, 112, 105, 112, 101, 45, 80, 45, 49, 51, 48, 58, 101, 110, 100, 45, 105, 58, 98, 101, 110, 100, 105, 110, 103, 45, 110, 111, 114, 109, 97, 108, 45, 122, 34, 10, 32, 32, 32, 32, 125, 44, 10, 32, 32, 32, 32, 123, 10, 32, 32, 32, 32, 32, 32, 34, 114, 101, 102, 95, 116, 121, 112, 101, 34, 58, 32, 34, 114, 101, 115, 117, 108, 116, 34, 44, 10, 32, 32, 32, 32, 32, 32, 34, 114, 101, 102, 95, 105, 100, 34, 58, 32, 34, 114, 101, 115, 117, 108, 116, 58, 108, 111, 97, 100, 99, 97, 115, 101, 58, 108, 111, 97, 100, 45, 76, 45, 50, 48, 48, 58, 115, 116, 114, 101, 115, 115, 58, 112, 105, 112, 101, 45, 80, 45, 49, 51, 48, 58, 101, 110, 100, 45, 105, 58, 116, 111, 114, 115, 105, 111, 110, 97, 108, 45, 115, 104, 101, 97, 114, 34, 10, 32, 32, 32, 32, 125, 44, 10, 32, 32, 32, 32, 123, 10, 32, 32, 32, 32, 32, 32, 34, 114, 101, 102, 95, 116, 121, 112, 101, 34, 58, 32, 34, 114, 101, 115, 117, 108, 116, 34, 44, 10, 32, 32, 32, 32, 32, 32, 34, 114, 101, 102, 95, 105, 100, 34, 58, 32, 34, 114, 101, 115, 117, 108, 116, 58, 108, 111, 97, 100, 99, 97, 115, 101, 58, 108, 111, 97, 100, 45, 76, 45, 50, 48, 48, 58, 115, 116, 114, 101, 115, 115, 58, 112, 105, 112, 101, 45, 80, 45, 49, 51, 48, 58, 101, 110, 100, 45, 105, 58, 112, 114, 101, 115, 115, 117, 114, 101, 45, 104, 111, 111, 112, 34, 10, 32, 32, 32, 32, 125, 44, 10, 32, 32, 32, 32, 123, 10, 32, 32, 32, 32, 32, 32, 34, 114, 101, 102, 95, 116, 121, 112, 101, 34, 58, 32, 34, 114, 101, 115, 117, 108, 116, 34, 44, 10, 32, 32, 32, 32, 32, 32, 34, 114, 101, 102, 95, 105, 100, 34, 58, 32, 34, 114, 101, 115, 117, 108, 116, 58, 108, 111, 97, 100, 99, 97, 115, 101, 58, 108, 111, 97, 100, 45, 76, 45, 50, 48, 48, 58, 115, 116, 114, 101, 115, 115, 58, 112, 105, 112, 101, 45, 80, 45, 49, 51, 48, 58, 101, 110, 100, 45, 106, 58, 97, 120, 105, 97, 108, 45, 110, 111, 114, 109, 97, 108, 34, 10, 32, 32, 32, 32, 125, 44, 10, 32, 32, 32, 32, 123, 10, 32, 32, 32, 32, 32, 32, 34, 114, 101, 102, 95, 116, 121, 112, 101, 34, 58, 32, 34, 114, 101, 115, 117, 108, 116, 34, 44, 10, 32, 32, 32, 32, 32, 32, 34, 114, 101, 102, 95, 105, 100, 34, 58, 32, 34, 114, 101, 115, 117, 108, 116, 58, 108, 111, 97, 100, 99, 97, 115, 101, 58, 108, 111, 97, 100, 45, 76, 45, 50, 48, 48, 58, 115, 116, 114, 101, 115, 115, 58, 112, 105, 112, 101, 45, 80, 45, 49, 51, 48, 58, 101, 110, 100, 45, 106, 58, 98, 101, 110, 100, 105, 110, 103, 45, 110, 111, 114, 109, 97, 108, 45, 121, 34, 10, 32, 32, 32, 32, 125, 44, 10, 32, 32, 32, 32, 123, 10, 32, 32, 32, 32, 32, 32, 34, 114, 101, 102, 95, 116, 121, 112, 101, 34, 58, 32, 34, 114, 101, 115, 117, 108, 116, 34, 44, 10, 32, 32, 32, 32, 32, 32, 34, 114, 101, 102, 95, 105, 100, 34, 58, 32, 34, 114, 101, 115, 117, 108, 116, 58, 108, 111, 97, 100, 99, 97, 115, 101, 58, 108, 111, 97, 100, 45, 76, 45, 50, 48, 48, 58, 115, 116, 114, 101, 115, 115, 58, 112, 105, 112, 101, 45, 80, 45, 49, 51, 48, 58, 101, 110, 100, 45, 106, 58, 98, 101, 110, 100, 105, 110, 103, 45, 110, 111, 114, 109, 97, 108, 45, 122, 34, 10, 32, 32, 32, 32, 125, 44, 10, 32, 32, 32, 32, 123, 10, 32, 32, 32, 32, 32, 32, 34, 114, 101, 102, 95, 116, 121, 112, 101, 34, 58, 32, 34, 114, 101, 115, 117, 108, 116, 34, 44, 10, 32, 32, 32, 32, 32, 32, 34, 114, 101, 102, 95, 105, 100, 34, 58, 32, 34, 114, 101, 115, 117, 108, 116, 58, 108, 111, 97, 100, 99, 97, 115, 101, 58, 108, 111, 97, 100, 45, 76, 45, 50, 48, 48, 58, 115, 116, 114, 101, 115, 115, 58, 112, 105, 112, 101, 45, 80, 45, 49, 51, 48, 58, 101, 110, 100, 45, 106, 58, 116, 111, 114, 115, 105, 111, 110, 97, 108, 45, 115, 104, 101, 97, 114, 34, 10, 32, 32, 32, 32, 125, 44, 10, 32, 32, 32, 32, 123, 10, 32, 32, 32, 32, 32, 32, 34, 114, 101, 102, 95, 116, 121, 112, 101, 34, 58, 32, 34, 114, 101, 115, 117, 108, 116, 34, 44, 10, 32, 32, 32, 32, 32, 32, 34, 114, 101, 102, 95, 105, 100, 34, 58, 32, 34, 114, 101, 115, 117, 108, 116, 58, 108, 111, 97, 100, 99, 97, 115, 101, 58, 108, 111, 97, 100, 45, 76, 45, 50, 48, 48, 58, 115, 116, 114, 101, 115, 115, 58, 112, 105, 112, 101, 45, 80, 45, 49, 51, 48, 58, 101, 110, 100, 45, 106, 58, 112, 114, 101, 115, 115, 117, 114, 101, 45, 104, 111, 111, 112, 34, 10, 32, 32, 32, 32, 125, 44, 10, 32, 32, 32, 32, 123, 10, 32, 32, 32, 32, 32, 32, 34, 114, 101, 102, 95, 116, 121, 112, 101, 34, 58, 32, 34, 114, 101, 115, 117, 108, 116, 34, 44, 10, 32, 32, 32, 32, 32, 32, 34, 114, 101, 102, 95, 105, 100, 34, 58, 32, 34, 114, 101, 115, 117, 108, 116, 58, 108, 111, 97, 100, 99, 97, 115, 101, 58, 108, 111, 97, 100, 45, 76, 45, 50, 48, 48, 58, 115, 116, 114, 101, 115, 115, 58, 112, 105, 112, 101, 45, 80, 45, 49, 51, 48, 58, 113, 117, 97, 114, 116, 101, 114, 45, 49, 58, 97, 120, 105, 97, 108, 45, 110, 111, 114, 109, 97, 108, 34, 10, 32, 32, 32, 32, 125, 44, 10, 32, 32, 32, 32, 123, 10, 32, 32, 32, 32, 32, 32, 34, 114, 101, 102, 95, 116, 121, 112, 101, 34, 58, 32, 34, 114, 101, 115, 117, 108, 116, 34, 44, 10, 32, 32, 32, 32, 32, 32, 34, 114, 101, 102, 95, 105, 100, 34, 58, 32, 34, 114, 101, 115, 117, 108, 116, 58, 108, 111, 97, 100, 99, 97, 115, 101, 58, 108, 111, 97, 100, 45, 76, 45, 50, 48, 48, 58, 115, 116, 114, 101, 115, 115, 58, 112, 105, 112, 101, 45, 80, 45, 49, 51, 48, 58, 113, 117, 97, 114, 116, 101, 114, 45, 49, 58, 98, 101, 110, 100, 105, 110, 103, 45, 110, 111, 114, 109, 97, 108, 45, 121, 34, 10, 32, 32, 32, 32, 125, 44, 10, 32, 32, 32, 32, 123, 10, 32, 32, 32, 32, 32, 32, 34, 114, 101, 102, 95, 116, 121, 112, 101, 34, 58, 32, 34, 114, 101, 115, 117, 108, 116, 34, 44, 10, 32, 32, 32, 32, 32, 32, 34, 114, 101, 102, 95, 105, 100, 34, 58, 32, 34, 114, 101, 115, 117, 108, 116, 58, 108, 111, 97, 100, 99, 97, 115, 101, 58, 108, 111, 97, 100, 45, 76, 45, 50, 48, 48, 58, 115, 116, 114, 101, 115, 115, 58, 112, 105, 112, 101, 45, 80, 45, 49, 51, 48, 58, 113, 117, 97, 114, 116, 101, 114, 45, 49, 58, 98, 101, 110, 100, 105, 110, 103, 45, 110, 111, 114, 109, 97, 108, 45, 122, 34, 10, 32, 32, 32, 32, 125, 44, 10, 32, 32, 32, 32, 123, 10, 32, 32, 32, 32, 32, 32, 34, 114, 101, 102, 95, 116, 121, 112, 101, 34, 58, 32, 34, 114, 101, 115, 117, 108, 116, 34, 44, 10, 32, 32, 32, 32, 32, 32, 34, 114, 101, 102, 95, 105, 100, 34, 58, 32, 34, 114, 101, 115, 117, 108, 116, 58, 108, 111, 97, 100, 99, 97, 115, 101, 58, 108, 111, 97, 100, 45, 76, 45, 50, 48, 48, 58, 115, 116, 114, 101, 115, 115, 58, 112, 105, 112, 101, 45, 80, 45, 49, 51, 48, 58, 113, 117, 97, 114, 116, 101, 114, 45, 49, 58, 116, 111, 114, 115, 105, 111, 110, 97, 108, 45, 115, 104, 101, 97, 114, 34, 10, 32, 32, 32, 32, 125, 44, 10, 32, 32, 32, 32, 123, 10, 32, 32, 32, 32, 32, 32, 34, 114, 101, 102, 95, 116, 121, 112, 101, 34, 58, 32, 34, 114, 101, 115, 117, 108, 116, 34, 44, 10, 32, 32, 32, 32, 32, 32, 34, 114, 101, 102, 95, 105, 100, 34, 58, 32, 34, 114, 101, 115, 117, 108, 116, 58, 108, 111, 97, 100, 99, 97, 115, 101, 58, 108, 111, 97, 100, 45, 76, 45, 50, 48, 48, 58, 115, 116, 114, 101, 115, 115, 58, 112, 105, 112, 101, 45, 80, 45, 49, 51, 48, 58, 113, 117, 97, 114, 116, 101, 114, 45, 49, 58, 112, 114, 101, 115, 115, 117, 114, 101, 45, 104, 111, 111, 112, 34, 10, 32, 32, 32, 32, 125, 44, 10, 32, 32, 32, 32, 123, 10, 32, 32, 32, 32, 32, 32, 34, 114, 101, 102, 95, 116, 121, 112, 101, 34, 58, 32, 34, 114, 101, 115, 117, 108, 116, 34, 44, 10, 32, 32, 32, 32, 32, 32, 34, 114, 101, 102, 95, 105, 100, 34, 58, 32, 34, 114, 101, 115, 117, 108, 116, 58, 108, 111, 97, 100, 99, 97, 115, 101, 58, 108, 111, 97, 100, 45, 76, 45, 50, 48, 48, 58, 115, 116, 114, 101, 115, 115, 58, 112, 105, 112, 101, 45, 80, 45, 49, 51, 48, 58, 109, 105, 100, 115, 112, 97, 110, 58, 97, 120, 105, 97, 108, 45, 110, 111, 114, 109, 97, 108, 34, 10, 32, 32, 32, 32, 125, 44, 10, 32, 32, 32, 32, 123, 10, 32, 32, 32, 32, 32, 32, 34, 114, 101, 102, 95, 116, 121, 112, 101, 34, 58, 32, 34, 114, 101, 115, 117, 108, 116, 34, 44, 10, 32, 32, 32, 32, 32, 32, 34, 114, 101, 102, 95, 105, 100, 34, 58, 32, 34, 114, 101, 115, 117, 108, 116, 58, 108, 111, 97, 100, 99, 97, 115, 101, 58, 108, 111, 97, 100, 45, 76, 45, 50, 48, 48, 58, 115, 116, 114, 101, 115, 115, 58, 112, 105, 112, 101, 45, 80, 45, 49, 51, 48, 58, 109, 105, 100, 115, 112, 97, 110, 58, 98, 101, 110, 100, 105, 110, 103, 45, 110, 111, 114, 109, 97, 108, 45, 121, 34, 10, 32, 32, 32, 32, 125, 44, 10, 32, 32, 32, 32, 123, 10, 32, 32, 32, 32, 32, 32, 34, 114, 101, 102, 95, 116, 121, 112, 101, 34, 58, 32, 34, 114, 101, 115, 117, 108, 116, 34, 44, 10, 32, 32, 32, 32, 32, 32, 34, 114, 101, 102, 95, 105, 100, 34, 58, 32, 34, 114, 101, 115, 117, 108, 116, 58, 108, 111, 97, 100, 99, 97, 115, 101, 58, 108, 111, 97, 100, 45, 76, 45, 50, 48, 48, 58, 115, 116, 114, 101, 115, 115, 58, 112, 105, 112, 101, 45, 80, 45, 49, 51, 48, 58, 109, 105, 100, 115, 112, 97, 110, 58, 98, 101, 110, 100, 105, 110, 103, 45, 110, 111, 114, 109, 97, 108, 45, 122, 34, 10, 32, 32, 32, 32, 125, 44, 10, 32, 32, 32, 32, 123, 10, 32, 32, 32, 32, 32, 32, 34, 114, 101, 102, 95, 116, 121, 112, 101, 34, 58, 32, 34, 114, 101, 115, 117, 108, 116, 34, 44, 10, 32, 32, 32, 32, 32, 32, 34, 114, 101, 102, 95, 105, 100, 34, 58, 32, 34, 114, 101, 115, 117, 108, 116, 58, 108, 111, 97, 100, 99, 97, 115, 101, 58, 108, 111, 97, 100, 45, 76, 45, 50, 48, 48, 58, 115, 116, 114, 101, 115, 115, 58, 112, 105, 112, 101, 45, 80, 45, 49, 51, 48, 58, 109, 105, 100, 115, 112, 97, 110, 58, 116, 111, 114, 115, 105, 111, 110, 97, 108, 45, 115, 104, 101, 97, 114, 34, 10, 32, 32, 32, 32, 125, 44, 10, 32, 32, 32, 32, 123, 10, 32, 32, 32, 32, 32, 32, 34, 114, 101, 102, 95, 116, 121, 112, 101, 34, 58, 32, 34, 114, 101, 115, 117, 108, 116, 34, 44, 10, 32, 32, 32, 32, 32, 32, 34, 114, 101, 102, 95, 105, 100, 34, 58, 32, 34, 114, 101, 115, 117, 108, 116, 58, 108, 111, 97, 100, 99, 97, 115, 101, 58, 108, 111, 97, 100, 45, 76, 45, 50, 48, 48, 58, 115, 116, 114, 101, 115, 115, 58, 112, 105, 112, 101, 45, 80, 45, 49, 51, 48, 58, 109, 105, 100, 115, 112, 97, 110, 58, 112, 114, 101, 115, 115, 117, 114, 101, 45, 104, 111, 111, 112, 34, 10, 32, 32, 32, 32, 125, 44, 10, 32, 32, 32, 32, 123, 10, 32, 32, 32, 32, 32, 32, 34, 114, 101, 102, 95, 116, 121, 112, 101, 34, 58, 32, 34, 114, 101, 115, 117, 108, 116, 34, 44, 10, 32, 32, 32, 32, 32, 32, 34, 114, 101, 102, 95, 105, 100, 34, 58, 32, 34, 114, 101, 115, 117, 108, 116, 58, 108, 111, 97, 100, 99, 97, 115, 101, 58, 108, 111, 97, 100, 45, 76, 45, 50, 48, 48, 58, 115, 116, 114, 101, 115, 115, 58, 112, 105, 112, 101, 45, 80, 45, 49, 51, 48, 58, 113, 117, 97, 114, 116, 101, 114, 45, 51, 58, 97, 120, 105, 97, 108, 45, 110, 111, 114, 109, 97, 108, 34, 10, 32, 32, 32, 32, 125, 44, 10, 32, 32, 32, 32, 123, 10, 32, 32, 32, 32, 32, 32, 34, 114, 101, 102, 95, 116, 121, 112, 101, 34, 58, 32, 34, 114, 101, 115, 117, 108, 116, 34, 44, 10, 32, 32, 32, 32, 32, 32, 34, 114, 101, 102, 95, 105, 100, 34, 58, 32, 34, 114, 101, 115, 117, 108, 116, 58, 108, 111, 97, 100, 99, 97, 115, 101, 58, 108, 111, 97, 100, 45, 76, 45, 50, 48, 48, 58, 115, 116, 114, 101, 115, 115, 58, 112, 105, 112, 101, 45, 80, 45, 49, 51, 48, 58, 113, 117, 97, 114, 116, 101, 114, 45, 51, 58, 98, 101, 110, 100, 105, 110, 103, 45, 110, 111, 114, 109, 97, 108, 45, 121, 34, 10, 32, 32, 32, 32, 125, 44, 10, 32, 32, 32, 32, 123, 10, 32, 32, 32, 32, 32, 32, 34, 114, 101, 102, 95, 116, 121, 112, 101, 34, 58, 32, 34, 114, 101, 115, 117, 108, 116, 34, 44, 10, 32, 32, 32, 32, 32, 32, 34, 114, 101, 102, 95, 105, 100, 34, 58, 32, 34, 114, 101, 115, 117, 108, 116, 58, 108, 111, 97, 100, 99, 97, 115, 101, 58, 108, 111, 97, 100, 45, 76, 45, 50, 48, 48, 58, 115, 116, 114, 101, 115, 115, 58, 112, 105, 112, 101, 45, 80, 45, 49, 51, 48, 58, 113, 117, 97, 114, 116, 101, 114, 45, 51, 58, 98, 101, 110, 100, 105, 110, 103, 45, 110, 111, 114, 109, 97, 108, 45, 122, 34, 10, 32, 32, 32, 32, 125, 44, 10, 32, 32, 32, 32, 123, 10, 32, 32, 32, 32, 32, 32, 34, 114, 101, 102, 95, 116, 121, 112, 101, 34, 58, 32, 34, 114, 101, 115, 117, 108, 116, 34, 44, 10, 32, 32, 32, 32, 32, 32, 34, 114, 101, 102, 95, 105, 100, 34, 58, 32, 34, 114, 101, 115, 117, 108, 116, 58, 108, 111, 97, 100, 99, 97, 115, 101, 58, 108, 111, 97, 100, 45, 76, 45, 50, 48, 48, 58, 115, 116, 114, 101, 115, 115, 58, 112, 105, 112, 101, 45, 80, 45, 49, 51, 48, 58, 113, 117, 97, 114, 116, 101, 114, 45, 51, 58, 116, 111, 114, 115, 105, 111, 110, 97, 108, 45, 115, 104, 101, 97, 114, 34, 10, 32, 32, 32, 32, 125, 44, 10, 32, 32, 32, 32, 123, 10, 32, 32, 32, 32, 32, 32, 34, 114, 101, 102, 95, 116, 121, 112, 101, 34, 58, 32, 34, 114, 101, 115, 117, 108, 116, 34, 44, 10, 32, 32, 32, 32, 32, 32, 34, 114, 101, 102, 95, 105, 100, 34, 58, 32, 34, 114, 101, 115, 117, 108, 116, 58, 108, 111, 97, 100, 99, 97, 115, 101, 58, 108, 111, 97, 100, 45, 76, 45, 50, 48, 48, 58, 115, 116, 114, 101, 115, 115, 58, 112, 105, 112, 101, 45, 80, 45, 49, 51, 48, 58, 113, 117, 97, 114, 116, 101, 114, 45, 51, 58, 112, 114, 101, 115, 115, 117, 114, 101, 45, 104, 111, 111, 112, 34, 10, 32, 32, 32, 32, 125, 44, 10, 32, 32, 32, 32, 123, 10, 32, 32, 32, 32, 32, 32, 34, 114, 101, 102, 95, 116, 121, 112, 101, 34, 58, 32, 34, 114, 101, 115, 117, 108, 116, 34, 44, 10, 32, 32, 32, 32, 32, 32, 34, 114, 101, 102, 95, 105, 100, 34, 58, 32, 34, 114, 101, 115, 117, 108, 116, 58, 108, 111, 97, 100, 99, 97, 115, 101, 58, 108, 111, 97, 100, 45, 76, 45, 50, 48, 48, 58, 115, 116, 114, 101, 115, 115, 58, 112, 105, 112, 101, 45, 80, 45, 49, 51, 48, 34, 10, 32, 32, 32, 32, 125, 44, 10, 32, 32, 32, 32, 123, 10, 32, 32, 32, 32, 32, 32, 34, 114, 101, 102, 95, 116, 121, 112, 101, 34, 58, 32, 34, 114, 101, 115, 117, 108, 116, 34, 44, 10, 32, 32, 32, 32, 32, 32, 34, 114, 101, 102, 95, 105, 100, 34, 58, 32, 34, 114, 101, 115, 117, 108, 116, 58, 99, 111, 109, 98, 105, 110, 97, 116, 105, 111, 110, 58, 99, 111, 109, 98, 105, 110, 97, 116, 105, 111, 110, 45, 67, 45, 79, 80, 69, 82, 45, 65, 76, 84, 58, 100, 105, 115, 112, 58, 110, 111, 100, 101, 45, 78, 45, 49, 48, 48, 34, 10, 32, 32, 32, 32, 125, 44, 10, 32, 32, 32, 32, 123, 10, 32, 32, 32, 32, 32, 32, 34, 114, 101, 102, 95, 116, 121, 112, 101, 34, 58, 32, 34, 114, 101, 115, 117, 108, 116, 34, 44, 10, 32, 32, 32, 32, 32, 32, 34, 114, 101, 102, 95, 105, 100, 34, 58, 32, 34, 114, 101, 115, 117, 108, 116, 58, 99, 111, 109, 98, 105, 110, 97, 116, 105, 111, 110, 58, 99, 111, 109, 98, 105, 110, 97, 116, 105, 111, 110, 45, 67, 45, 79, 80, 69, 82, 45, 65, 76, 84, 58, 100, 105, 115, 112, 58, 110, 111, 100, 101, 45, 78, 45, 49, 48, 48, 58, 114, 120, 34, 10, 32, 32, 32, 32, 125, 44, 10, 32, 32, 32, 32, 123, 10, 32, 32, 32, 32, 32, 32, 34, 114, 101, 102, 95, 116, 121, 112, 101, 34, 58, 32, 34, 114, 101, 115, 117, 108, 116, 34, 44, 10, 32, 32, 32, 32, 32, 32, 34, 114, 101, 102, 95, 105, 100, 34, 58, 32, 34, 114, 101, 115, 117, 108, 116, 58, 99, 111, 109, 98, 105, 110, 97, 116, 105, 111, 110, 58, 99, 111, 109, 98, 105, 110, 97, 116, 105, 111, 110, 45, 67, 45, 79, 80, 69, 82, 45, 65, 76, 84, 58, 100, 105, 115, 112, 58, 110, 111, 100, 101, 45, 78, 45, 49, 48, 48, 58, 114, 121, 34, 10, 32, 32, 32, 32, 125, 44, 10, 32, 32, 32, 32, 123, 10, 32, 32, 32, 32, 32, 32, 34, 114, 101, 102, 95, 116, 121, 112, 101, 34, 58, 32, 34, 114, 101, 115, 117, 108, 116, 34, 44, 10, 32, 32, 32, 32, 32, 32, 34, 114, 101, 102, 95, 105, 100, 34, 58, 32, 34, 114, 101, 115, 117, 108, 116, 58, 99, 111, 109, 98, 105, 110, 97, 116, 105, 111, 110, 58, 99, 111, 109, 98, 105, 110, 97, 116, 105, 111, 110, 45, 67, 45, 79, 80, 69, 82, 45, 65, 76, 84, 58, 100, 105, 115, 112, 58, 110, 111, 100, 101, 45, 78, 45, 49, 48, 48, 58, 114, 122, 34, 10, 32, 32, 32, 32, 125, 44, 10, 32, 32, 32, 32, 123, 10, 32, 32, 32, 32, 32, 32, 34, 114, 101, 102, 95, 116, 121, 112, 101, 34, 58, 32, 34, 114, 101, 115, 117, 108, 116, 34, 44, 10, 32, 32, 32, 32, 32, 32, 34, 114, 101, 102, 95, 105, 100, 34, 58, 32, 34, 114, 101, 115, 117, 108, 116, 58, 99, 111, 109, 98, 105, 110, 97, 116, 105, 111, 110, 58, 99, 111, 109, 98, 105, 110, 97, 116, 105, 111, 110, 45, 67, 45, 79, 80, 69, 82, 45, 65, 76, 84, 58, 100, 105, 115, 112, 58, 110, 111, 100, 101, 45, 78, 45, 49, 48, 48, 58, 117, 120, 34, 10, 32, 32, 32, 32, 125, 44, 10, 32, 32, 32, 32, 123, 10, 32, 32, 32, 32, 32, 32, 34, 114, 101, 102, 95, 116, 121, 112, 101, 34, 58, 32, 34, 114, 101, 115, 117, 108, 116, 34, 44, 10, 32, 32, 32, 32, 32, 32, 34, 114, 101, 102, 95, 105, 100, 34, 58, 32, 34, 114, 101, 115, 117, 108, 116, 58, 99, 111, 109, 98, 105, 110, 97, 116, 105, 111, 110, 58, 99, 111, 109, 98, 105, 110, 97, 116, 105, 111, 110, 45, 67, 45, 79, 80, 69, 82, 45, 65, 76, 84, 58, 100, 105, 115, 112, 58, 110, 111, 100, 101, 45, 78, 45, 49, 48, 48, 58, 117, 121, 34, 10, 32, 32, 32, 32, 125, 44, 10, 32, 32, 32, 32, 123, 10, 32, 32, 32, 32, 32, 32, 34, 114, 101, 102, 95, 116, 121, 112, 101, 34, 58, 32, 34, 114, 101, 115, 117, 108, 116, 34, 44, 10, 32, 32, 32, 32, 32, 32, 34, 114, 101, 102, 95, 105, 100, 34, 58, 32, 34, 114, 101, 115, 117, 108, 116, 58, 99, 111, 109, 98, 105, 110, 97, 116, 105, 111, 110, 58, 99, 111, 109, 98, 105, 110, 97, 116, 105, 111, 110, 45, 67, 45, 79, 80, 69, 82, 45, 65, 76, 84, 58, 100, 105, 115, 112, 58, 110, 111, 100, 101, 45, 78, 45, 49, 48, 48, 58, 117, 122, 34, 10, 32, 32, 32, 32, 125, 44, 10, 32, 32, 32, 32, 123, 10, 32, 32, 32, 32, 32, 32, 34, 114, 101, 102, 95, 116, 121, 112, 101, 34, 58, 32, 34, 114, 101, 115, 117, 108, 116, 34, 44, 10, 32, 32, 32, 32, 32, 32, 34, 114, 101, 102, 95, 105, 100, 34, 58, 32, 34, 114, 101, 115, 117, 108, 116, 58, 99, 111, 109, 98, 105, 110, 97, 116, 105, 111, 110, 58, 99, 111, 109, 98, 105, 110, 97, 116, 105, 111, 110, 45, 67, 45, 79, 80, 69, 82, 45, 65, 76, 84, 58, 100, 105, 115, 112, 58, 110, 111, 100, 101, 45, 78, 45, 49, 49, 48, 34, 10, 32, 32, 32, 32, 125, 44, 10, 32, 32, 32, 32, 123, 10, 32, 32, 32, 32, 32, 32, 34, 114, 101, 102, 95, 116, 121, 112, 101, 34, 58, 32, 34, 114, 101, 115, 117, 108, 116, 34, 44, 10, 32, 32, 32, 32, 32, 32, 34, 114, 101, 102, 95, 105, 100, 34, 58, 32, 34, 114, 101, 115, 117, 108, 116, 58, 99, 111, 109, 98, 105, 110, 97, 116, 105, 111, 110, 58, 99, 111, 109, 98, 105, 110, 97, 116, 105, 111, 110, 45, 67, 45, 79, 80, 69, 82, 45, 65, 76, 84, 58, 100, 105, 115, 112, 58, 110, 111, 100, 101, 45, 78, 45, 49, 49, 48, 58, 114, 120, 34, 10, 32, 32, 32, 32, 125, 44, 10, 32, 32, 32, 32, 123, 10, 32, 32, 32, 32, 32, 32, 34, 114, 101, 102, 95, 116, 121, 112, 101, 34, 58, 32, 34, 114, 101, 115, 117, 108, 116, 34, 44, 10, 32, 32, 32, 32, 32, 32, 34, 114, 101, 102, 95, 105, 100, 34, 58, 32, 34, 114, 101, 115, 117, 108, 116, 58, 99, 111, 109, 98, 105, 110, 97, 116, 105, 111, 110, 58, 99, 111, 109, 98, 105, 110, 97, 116, 105, 111, 110, 45, 67, 45, 79, 80, 69, 82, 45, 65, 76, 84, 58, 100, 105, 115, 112, 58, 110, 111, 100, 101, 45, 78, 45, 49, 49, 48, 58, 114, 121, 34, 10, 32, 32, 32, 32, 125, 44, 10, 32, 32, 32, 32, 123, 10, 32, 32, 32, 32, 32, 32, 34, 114, 101, 102, 95, 116, 121, 112, 101, 34, 58, 32, 34, 114, 101, 115, 117, 108, 116, 34, 44, 10, 32, 32, 32, 32, 32, 32, 34, 114, 101, 102, 95, 105, 100, 34, 58, 32, 34, 114, 101, 115, 117, 108, 116, 58, 99, 111, 109, 98, 105, 110, 97, 116, 105, 111, 110, 58, 99, 111, 109, 98, 105, 110, 97, 116, 105, 111, 110, 45, 67, 45, 79, 80, 69, 82, 45, 65, 76, 84, 58, 100, 105, 115, 112, 58, 110, 111, 100, 101, 45, 78, 45, 49, 49, 48, 58, 114, 122, 34, 10, 32, 32, 32, 32, 125, 44, 10, 32, 32, 32, 32, 123, 10, 32, 32, 32, 32, 32, 32, 34, 114, 101, 102, 95, 116, 121, 112, 101, 34, 58, 32, 34, 114, 101, 115, 117, 108, 116, 34, 44, 10, 32, 32, 32, 32, 32, 32, 34, 114, 101, 102, 95, 105, 100, 34, 58, 32, 34, 114, 101, 115, 117, 108, 116, 58, 99, 111, 109, 98, 105, 110, 97, 116, 105, 111, 110, 58, 99, 111, 109, 98, 105, 110, 97, 116, 105, 111, 110, 45, 67, 45, 79, 80, 69, 82, 45, 65, 76, 84, 58, 100, 105, 115, 112, 58, 110, 111, 100, 101, 45, 78, 45, 49, 49, 48, 58, 117, 120, 34, 10, 32, 32, 32, 32, 125, 44, 10, 32, 32, 32, 32, 123, 10, 32, 32, 32, 32, 32, 32, 34, 114, 101, 102, 95, 116, 121, 112, 101, 34, 58, 32, 34, 114, 101, 115, 117, 108, 116, 34, 44, 10, 32, 32, 32, 32, 32, 32, 34, 114, 101, 102, 95, 105, 100, 34, 58, 32, 34, 114, 101, 115, 117, 108, 116, 58, 99, 111, 109, 98, 105, 110, 97, 116, 105, 111, 110, 58, 99, 111, 109, 98, 105, 110, 97, 116, 105, 111, 110, 45, 67, 45, 79, 80, 69, 82, 45, 65, 76, 84, 58, 100, 105, 115, 112, 58, 110, 111, 100, 101, 45, 78, 45, 49, 49, 48, 58, 117, 121, 34, 10, 32, 32, 32, 32, 125, 44, 10, 32, 32, 32, 32, 123, 10, 32, 32, 32, 32, 32, 32, 34, 114, 101, 102, 95, 116, 121, 112, 101, 34, 58, 32, 34, 114, 101, 115, 117, 108, 116, 34, 44, 10, 32, 32, 32, 32, 32, 32, 34, 114, 101, 102, 95, 105, 100, 34, 58, 32, 34, 114, 101, 115, 117, 108, 116, 58, 99, 111, 109, 98, 105, 110, 97, 116, 105, 111, 110, 58, 99, 111, 109, 98, 105, 110, 97, 116, 105, 111, 110, 45, 67, 45, 79, 80, 69, 82, 45, 65, 76, 84, 58, 100, 105, 115, 112, 58, 110, 111, 100, 101, 45, 78, 45, 49, 49, 48, 58, 117, 122, 34, 10, 32, 32, 32, 32, 125, 44, 10, 32, 32, 32, 32, 123, 10, 32, 32, 32, 32, 32, 32, 34, 114, 101, 102, 95, 116, 121, 112, 101, 34, 58, 32, 34, 114, 101, 115, 117, 108, 116, 34, 44, 10, 32, 32, 32, 32, 32, 32, 34, 114, 101, 102, 95, 105, 100, 34, 58, 32, 34, 114, 101, 115, 117, 108, 116, 58, 99, 111, 109, 98, 105, 110, 97, 116, 105, 111, 110, 58, 99, 111, 109, 98, 105, 110, 97, 116, 105, 111, 110, 45, 67, 45, 79, 80, 69, 82, 45, 65, 76, 84, 58, 100, 105, 115, 112, 58, 110, 111, 100, 101, 45, 78, 45, 49, 50, 48, 34, 10, 32, 32, 32, 32, 125, 44, 10, 32, 32, 32, 32, 123, 10, 32, 32, 32, 32, 32, 32, 34, 114, 101, 102, 95, 116, 121, 112, 101, 34, 58, 32, 34, 114, 101, 115, 117, 108, 116, 34, 44, 10, 32, 32, 32, 32, 32, 32, 34, 114, 101, 102, 95, 105, 100, 34, 58, 32, 34, 114, 101, 115, 117, 108, 116, 58, 99, 111, 109, 98, 105, 110, 97, 116, 105, 111, 110, 58, 99, 111, 109, 98, 105, 110, 97, 116, 105, 111, 110, 45, 67, 45, 79, 80, 69, 82, 45, 65, 76, 84, 58, 100, 105, 115, 112, 58, 110, 111, 100, 101, 45, 78, 45, 49, 50, 48, 58, 114, 120, 34, 10, 32, 32, 32, 32, 125, 44, 10, 32, 32, 32, 32, 123, 10, 32, 32, 32, 32, 32, 32, 34, 114, 101, 102, 95, 116, 121, 112, 101, 34, 58, 32, 34, 114, 101, 115, 117, 108, 116, 34, 44, 10, 32, 32, 32, 32, 32, 32, 34, 114, 101, 102, 95, 105, 100, 34, 58, 32, 34, 114, 101, 115, 117, 108, 116, 58, 99, 111, 109, 98, 105, 110, 97, 116, 105, 111, 110, 58, 99, 111, 109, 98, 105, 110, 97, 116, 105, 111, 110, 45, 67, 45, 79, 80, 69, 82, 45, 65, 76, 84, 58, 100, 105, 115, 112, 58, 110, 111, 100, 101, 45, 78, 45, 49, 50, 48, 58, 114, 121, 34, 10, 32, 32, 32, 32, 125, 44, 10, 32, 32, 32, 32, 123, 10, 32, 32, 32, 32, 32, 32, 34, 114, 101, 102, 95, 116, 121, 112, 101, 34, 58, 32, 34, 114, 101, 115, 117, 108, 116, 34, 44, 10, 32, 32, 32, 32, 32, 32, 34, 114, 101, 102, 95, 105, 100, 34, 58, 32, 34, 114, 101, 115, 117, 108, 116, 58, 99, 111, 109, 98, 105, 110, 97, 116, 105, 111, 110, 58, 99, 111, 109, 98, 105, 110, 97, 116, 105, 111, 110, 45, 67, 45, 79, 80, 69, 82, 45, 65, 76, 84, 58, 100, 105, 115, 112, 58, 110, 111, 100, 101, 45, 78, 45, 49, 50, 48, 58, 114, 122, 34, 10, 32, 32, 32, 32, 125, 44, 10, 32, 32, 32, 32, 123, 10, 32, 32, 32, 32, 32, 32, 34, 114, 101, 102, 95, 116, 121, 112, 101, 34, 58, 32, 34, 114, 101, 115, 117, 108, 116, 34, 44, 10, 32, 32, 32, 32, 32, 32, 34, 114, 101, 102, 95, 105, 100, 34, 58, 32, 34, 114, 101, 115, 117, 108, 116, 58, 99, 111, 109, 98, 105, 110, 97, 116, 105, 111, 110, 58, 99, 111, 109, 98, 105, 110, 97, 116, 105, 111, 110, 45, 67, 45, 79, 80, 69, 82, 45, 65, 76, 84, 58, 100, 105, 115, 112, 58, 110, 111, 100, 101, 45, 78, 45, 49, 50, 48, 58, 117, 120, 34, 10, 32, 32, 32, 32, 125, 44, 10, 32, 32, 32, 32, 123, 10, 32, 32, 32, 32, 32, 32, 34, 114, 101, 102, 95, 116, 121, 112, 101, 34, 58, 32, 34, 114, 101, 115, 117, 108, 116, 34, 44, 10, 32, 32, 32, 32, 32, 32, 34, 114, 101, 102, 95, 105, 100, 34, 58, 32, 34, 114, 101, 115, 117, 108, 116, 58, 99, 111, 109, 98, 105, 110, 97, 116, 105, 111, 110, 58, 99, 111, 109, 98, 105, 110, 97, 116, 105, 111, 110, 45, 67, 45, 79, 80, 69, 82, 45, 65, 76, 84, 58, 100, 105, 115, 112, 58, 110, 111, 100, 101, 45, 78, 45, 49, 50, 48, 58, 117, 121, 34, 10, 32, 32, 32, 32, 125, 44, 10, 32, 32, 32, 32, 123, 10, 32, 32, 32, 32, 32, 32, 34, 114, 101, 102, 95, 116, 121, 112, 101, 34, 58, 32, 34, 114, 101, 115, 117, 108, 116, 34, 44, 10, 32, 32, 32, 32, 32, 32, 34, 114, 101, 102, 95, 105, 100, 34, 58, 32, 34, 114, 101, 115, 117, 108, 116, 58, 99, 111, 109, 98, 105, 110, 97, 116, 105, 111, 110, 58, 99, 111, 109, 98, 105, 110, 97, 116, 105, 111, 110, 45, 67, 45, 79, 80, 69, 82, 45, 65, 76, 84, 58, 100, 105, 115, 112, 58, 110, 111, 100, 101, 45, 78, 45, 49, 50, 48, 58, 117, 122, 34, 10, 32, 32, 32, 32, 125, 44, 10, 32, 32, 32, 32, 123, 10, 32, 32, 32, 32, 32, 32, 34, 114, 101, 102, 95, 116, 121, 112, 101, 34, 58, 32, 34, 114, 101, 115, 117, 108, 116, 34, 44, 10, 32, 32, 32, 32, 32, 32, 34, 114, 101, 102, 95, 105, 100, 34, 58, 32, 34, 114, 101, 115, 117, 108, 116, 58, 99, 111, 109, 98, 105, 110, 97, 116, 105, 111, 110, 58, 99, 111, 109, 98, 105, 110, 97, 116, 105, 111, 110, 45, 67, 45, 79, 80, 69, 82, 45, 65, 76, 84, 58, 100, 105, 115, 112, 58, 110, 111, 100, 101, 45, 78, 45, 49, 51, 48, 34, 10, 32, 32, 32, 32, 125, 44, 10, 32, 32, 32, 32, 123, 10, 32, 32, 32, 32, 32, 32, 34, 114, 101, 102, 95, 116, 121, 112, 101, 34, 58, 32, 34, 114, 101, 115, 117, 108, 116, 34, 44, 10, 32, 32, 32, 32, 32, 32, 34, 114, 101, 102, 95, 105, 100, 34, 58, 32, 34, 114, 101, 115, 117, 108, 116, 58, 99, 111, 109, 98, 105, 110, 97, 116, 105, 111, 110, 58, 99, 111, 109, 98, 105, 110, 97, 116, 105, 111, 110, 45, 67, 45, 79, 80, 69, 82, 45, 65, 76, 84, 58, 100, 105, 115, 112, 58, 110, 111, 100, 101, 45, 78, 45, 49, 51, 48, 58, 114, 120, 34, 10, 32, 32, 32, 32, 125, 44, 10, 32, 32, 32, 32, 123, 10, 32, 32, 32, 32, 32, 32, 34, 114, 101, 102, 95, 116, 121, 112, 101, 34, 58, 32, 34, 114, 101, 115, 117, 108, 116, 34, 44, 10, 32, 32, 32, 32, 32, 32, 34, 114, 101, 102, 95, 105, 100, 34, 58, 32, 34, 114, 101, 115, 117, 108, 116, 58, 99, 111, 109, 98, 105, 110, 97, 116, 105, 111, 110, 58, 99, 111, 109, 98, 105, 110, 97, 116, 105, 111, 110, 45, 67, 45, 79, 80, 69, 82, 45, 65, 76, 84, 58, 100, 105, 115, 112, 58, 110, 111, 100, 101, 45, 78, 45, 49, 51, 48, 58, 114, 121, 34, 10, 32, 32, 32, 32, 125, 44, 10, 32, 32, 32, 32, 123, 10, 32, 32, 32, 32, 32, 32, 34, 114, 101, 102, 95, 116, 121, 112, 101, 34, 58, 32, 34, 114, 101, 115, 117, 108, 116, 34, 44, 10, 32, 32, 32, 32, 32, 32, 34, 114, 101, 102, 95, 105, 100, 34, 58, 32, 34, 114, 101, 115, 117, 108, 116, 58, 99, 111, 109, 98, 105, 110, 97, 116, 105, 111, 110, 58, 99, 111, 109, 98, 105, 110, 97, 116, 105, 111, 110, 45, 67, 45, 79, 80, 69, 82, 45, 65, 76, 84, 58, 100, 105, 115, 112, 58, 110, 111, 100, 101, 45, 78, 45, 49, 51, 48, 58, 114, 122, 34, 10, 32, 32, 32, 32, 125, 44, 10, 32, 32, 32, 32, 123, 10, 32, 32, 32, 32, 32, 32, 34, 114, 101, 102, 95, 116, 121, 112, 101, 34, 58, 32, 34, 114, 101, 115, 117, 108, 116, 34, 44, 10, 32, 32, 32, 32, 32, 32, 34, 114, 101, 102, 95, 105, 100, 34, 58, 32, 34, 114, 101, 115, 117, 108, 116, 58, 99, 111, 109, 98, 105, 110, 97, 116, 105, 111, 110, 58, 99, 111, 109, 98, 105, 110, 97, 116, 105, 111, 110, 45, 67, 45, 79, 80, 69, 82, 45, 65, 76, 84, 58, 100, 105, 115, 112, 58, 110, 111, 100, 101, 45, 78, 45, 49, 51, 48, 58, 117, 120, 34, 10, 32, 32, 32, 32, 125, 44, 10, 32, 32, 32, 32, 123, 10, 32, 32, 32, 32, 32, 32, 34, 114, 101, 102, 95, 116, 121, 112, 101, 34, 58, 32, 34, 114, 101, 115, 117, 108, 116, 34, 44, 10, 32, 32, 32, 32, 32, 32, 34, 114, 101, 102, 95, 105, 100, 34, 58, 32, 34, 114, 101, 115, 117, 108, 116, 58, 99, 111, 109, 98, 105, 110, 97, 116, 105, 111, 110, 58, 99, 111, 109, 98, 105, 110, 97, 116, 105, 111, 110, 45, 67, 45, 79, 80, 69, 82, 45, 65, 76, 84, 58, 100, 105, 115, 112, 58, 110, 111, 100, 101, 45, 78, 45, 49, 51, 48, 58, 117, 121, 34, 10, 32, 32, 32, 32, 125, 44, 10, 32, 32, 32, 32, 123, 10, 32, 32, 32, 32, 32, 32, 34, 114, 101, 102, 95, 116, 121, 112, 101, 34, 58, 32, 34, 114, 101, 115, 117, 108, 116, 34, 44, 10, 32, 32, 32, 32, 32, 32, 34, 114, 101, 102, 95, 105, 100, 34, 58, 32, 34, 114, 101, 115, 117, 108, 116, 58, 99, 111, 109, 98, 105, 110, 97, 116, 105, 111, 110, 58, 99, 111, 109, 98, 105, 110, 97, 116, 105, 111, 110, 45, 67, 45, 79, 80, 69, 82, 45, 65, 76, 84, 58, 100, 105, 115, 112, 58, 110, 111, 100, 101, 45, 78, 45, 49, 51, 48, 58, 117, 122, 34, 10, 32, 32, 32, 32, 125, 44, 10, 32, 32, 32, 32, 123, 10, 32, 32, 32, 32, 32, 32, 34, 114, 101, 102, 95, 116, 121, 112, 101, 34, 58, 32, 34, 114, 101, 115, 117, 108, 116, 34, 44, 10, 32, 32, 32, 32, 32, 32, 34, 114, 101, 102, 95, 105, 100, 34, 58, 32, 34, 114, 101, 115, 117, 108, 116, 58, 99, 111, 109, 98, 105, 110, 97, 116, 105, 111, 110, 58, 99, 111, 109, 98, 105, 110, 97, 116, 105, 111, 110, 45, 67, 45, 79, 80, 69, 82, 45, 65, 76, 84, 58, 100, 105, 115, 112, 58, 110, 111, 100, 101, 45, 78, 45, 49, 52, 48, 34, 10, 32, 32, 32, 32, 125, 44, 10, 32, 32, 32, 32, 123, 10, 32, 32, 32, 32, 32, 32, 34, 114, 101, 102, 95, 116, 121, 112, 101, 34, 58, 32, 34, 114, 101, 115, 117, 108, 116, 34, 44, 10, 32, 32, 32, 32, 32, 32, 34, 114, 101, 102, 95, 105, 100, 34, 58, 32, 34, 114, 101, 115, 117, 108, 116, 58, 99, 111, 109, 98, 105, 110, 97, 116, 105, 111, 110, 58, 99, 111, 109, 98, 105, 110, 97, 116, 105, 111, 110, 45, 67, 45, 79, 80, 69, 82, 45, 65, 76, 84, 58, 100, 105, 115, 112, 58, 110, 111, 100, 101, 45, 78, 45, 49, 52, 48, 58, 114, 120, 34, 10, 32, 32, 32, 32, 125, 44, 10, 32, 32, 32, 32, 123, 10, 32, 32, 32, 32, 32, 32, 34, 114, 101, 102, 95, 116, 121, 112, 101, 34, 58, 32, 34, 114, 101, 115, 117, 108, 116, 34, 44, 10, 32, 32, 32, 32, 32, 32, 34, 114, 101, 102, 95, 105, 100, 34, 58, 32, 34, 114, 101, 115, 117, 108, 116, 58, 99, 111, 109, 98, 105, 110, 97, 116, 105, 111, 110, 58, 99, 111, 109, 98, 105, 110, 97, 116, 105, 111, 110, 45, 67, 45, 79, 80, 69, 82, 45, 65, 76, 84, 58, 100, 105, 115, 112, 58, 110, 111, 100, 101, 45, 78, 45, 49, 52, 48, 58, 114, 121, 34, 10, 32, 32, 32, 32, 125, 44, 10, 32, 32, 32, 32, 123, 10, 32, 32, 32, 32, 32, 32, 34, 114, 101, 102, 95, 116, 121, 112, 101, 34, 58, 32, 34, 114, 101, 115, 117, 108, 116, 34, 44, 10, 32, 32, 32, 32, 32, 32, 34, 114, 101, 102, 95, 105, 100, 34, 58, 32, 34, 114, 101, 115, 117, 108, 116, 58, 99, 111, 109, 98, 105, 110, 97, 116, 105, 111, 110, 58, 99, 111, 109, 98, 105, 110, 97, 116, 105, 111, 110, 45, 67, 45, 79, 80, 69, 82, 45, 65, 76, 84, 58, 100, 105, 115, 112, 58, 110, 111, 100, 101, 45, 78, 45, 49, 52, 48, 58, 114, 122, 34, 10, 32, 32, 32, 32, 125, 44, 10, 32, 32, 32, 32, 123, 10, 32, 32, 32, 32, 32, 32, 34, 114, 101, 102, 95, 116, 121, 112, 101, 34, 58, 32, 34, 114, 101, 115, 117, 108, 116, 34, 44, 10, 32, 32, 32, 32, 32, 32, 34, 114, 101, 102, 95, 105, 100, 34, 58, 32, 34, 114, 101, 115, 117, 108, 116, 58, 99, 111, 109, 98, 105, 110, 97, 116, 105, 111, 110, 58, 99, 111, 109, 98, 105, 110, 97, 116, 105, 111, 110, 45, 67, 45, 79, 80, 69, 82, 45, 65, 76, 84, 58, 100, 105, 115, 112, 58, 110, 111, 100, 101, 45, 78, 45, 49, 52, 48, 58, 117, 120, 34, 10, 32, 32, 32, 32, 125, 44, 10, 32, 32, 32, 32, 123, 10, 32, 32, 32, 32, 32, 32, 34, 114, 101, 102, 95, 116, 121, 112, 101, 34, 58, 32, 34, 114, 101, 115, 117, 108, 116, 34, 44, 10, 32, 32, 32, 32, 32, 32, 34, 114, 101, 102, 95, 105, 100, 34, 58, 32, 34, 114, 101, 115, 117, 108, 116, 58, 99, 111, 109, 98, 105, 110, 97, 116, 105, 111, 110, 58, 99, 111, 109, 98, 105, 110, 97, 116, 105, 111, 110, 45, 67, 45, 79, 80, 69, 82, 45, 65, 76, 84, 58, 100, 105, 115, 112, 58, 110, 111, 100, 101, 45, 78, 45, 49, 52, 48, 58, 117, 121, 34, 10, 32, 32, 32, 32, 125, 44, 10, 32, 32, 32, 32, 123, 10, 32, 32, 32, 32, 32, 32, 34, 114, 101, 102, 95, 116, 121, 112, 101, 34, 58, 32, 34, 114, 101, 115, 117, 108, 116, 34, 44, 10, 32, 32, 32, 32, 32, 32, 34, 114, 101, 102, 95, 105, 100, 34, 58, 32, 34, 114, 101, 115, 117, 108, 116, 58, 99, 111, 109, 98, 105, 110, 97, 116, 105, 111, 110, 58, 99, 111, 109, 98, 105, 110, 97, 116, 105, 111, 110, 45, 67, 45, 79, 80, 69, 82, 45, 65, 76, 84, 58, 100, 105, 115, 112, 58, 110, 111, 100, 101, 45, 78, 45, 49, 52, 48, 58, 117, 122, 34, 10, 32, 32, 32, 32, 125, 44, 10, 32, 32, 32, 32, 123, 10, 32, 32, 32, 32, 32, 32, 34, 114, 101, 102, 95, 116, 121, 112, 101, 34, 58, 32, 34, 114, 101, 115, 117, 108, 116, 34, 44, 10, 32, 32, 32, 32, 32, 32, 34, 114, 101, 102, 95, 105, 100, 34, 58, 32, 34, 114, 101, 115, 117, 108, 116, 58, 99, 111, 109, 98, 105, 110, 97, 116, 105, 111, 110, 58, 99, 111, 109, 98, 105, 110, 97, 116, 105, 111, 110, 45, 67, 45, 79, 80, 69, 82, 45, 65, 76, 84, 58, 102, 111, 114, 99, 101, 58, 112, 105, 112, 101, 45, 80, 45, 49, 48, 48, 58, 97, 120, 105, 97, 108, 34, 10, 32, 32, 32, 32, 125, 44, 10, 32, 32, 32, 32, 123, 10, 32, 32, 32, 32, 32, 32, 34, 114, 101, 102, 95, 116, 121, 112, 101, 34, 58, 32, 34, 114, 101, 115, 117, 108, 116, 34, 44, 10, 32, 32, 32, 32, 32, 32, 34, 114, 101, 102, 95, 105, 100, 34, 58, 32, 34, 114, 101, 115, 117, 108, 116, 58, 99, 111, 109, 98, 105, 110, 97, 116, 105, 111, 110, 58, 99, 111, 109, 98, 105, 110, 97, 116, 105, 111, 110, 45, 67, 45, 79, 80, 69, 82, 45, 65, 76, 84, 58, 102, 111, 114, 99, 101, 58, 112, 105, 112, 101, 45, 80, 45, 49, 48, 48, 58, 97, 120, 105, 97, 108, 58, 101, 110, 100, 45, 106, 34, 10, 32, 32, 32, 32, 125, 44, 10, 32, 32, 32, 32, 123, 10, 32, 32, 32, 32, 32, 32, 34, 114, 101, 102, 95, 116, 121, 112, 101, 34, 58, 32, 34, 114, 101, 115, 117, 108, 116, 34, 44, 10, 32, 32, 32, 32, 32, 32, 34, 114, 101, 102, 95, 105, 100, 34, 58, 32, 34, 114, 101, 115, 117, 108, 116, 58, 99, 111, 109, 98, 105, 110, 97, 116, 105, 111, 110, 58, 99, 111, 109, 98, 105, 110, 97, 116, 105, 111, 110, 45, 67, 45, 79, 80, 69, 82, 45, 65, 76, 84, 58, 102, 111, 114, 99, 101, 58, 112, 105, 112, 101, 45, 80, 45, 49, 48, 48, 58, 109, 105, 100, 115, 112, 97, 110, 58, 97, 120, 105, 97, 108, 34, 10, 32, 32, 32, 32, 125, 44, 10, 32, 32, 32, 32, 123, 10, 32, 32, 32, 32, 32, 32, 34, 114, 101, 102, 95, 116, 121, 112, 101, 34, 58, 32, 34, 114, 101, 115, 117, 108, 116, 34, 44, 10, 32, 32, 32, 32, 32, 32, 34, 114, 101, 102, 95, 105, 100, 34, 58, 32, 34, 114, 101, 115, 117, 108, 116, 58, 99, 111, 109, 98, 105, 110, 97, 116, 105, 111, 110, 58, 99, 111, 109, 98, 105, 110, 97, 116, 105, 111, 110, 45, 67, 45, 79, 80, 69, 82, 45, 65, 76, 84, 58, 102, 111, 114, 99, 101, 58, 112, 105, 112, 101, 45, 80, 45, 49, 48, 48, 58, 109, 105, 100, 115, 112, 97, 110, 58, 115, 104, 101, 97, 114, 45, 121, 34, 10, 32, 32, 32, 32, 125, 44, 10, 32, 32, 32, 32, 123, 10, 32, 32, 32, 32, 32, 32, 34, 114, 101, 102, 95, 116, 121, 112, 101, 34, 58, 32, 34, 114, 101, 115, 117, 108, 116, 34, 44, 10, 32, 32, 32, 32, 32, 32, 34, 114, 101, 102, 95, 105, 100, 34, 58, 32, 34, 114, 101, 115, 117, 108, 116, 58, 99, 111, 109, 98, 105, 110, 97, 116, 105, 111, 110, 58, 99, 111, 109, 98, 105, 110, 97, 116, 105, 111, 110, 45, 67, 45, 79, 80, 69, 82, 45, 65, 76, 84, 58, 102, 111, 114, 99, 101, 58, 112, 105, 112, 101, 45, 80, 45, 49, 48, 48, 58, 109, 105, 100, 115, 112, 97, 110, 58, 115, 104, 101, 97, 114, 45, 122, 34, 10, 32, 32, 32, 32, 125, 44, 10, 32, 32, 32, 32, 123, 10, 32, 32, 32, 32, 32, 32, 34, 114, 101, 102, 95, 116, 121, 112, 101, 34, 58, 32, 34, 114, 101, 115, 117, 108, 116, 34, 44, 10, 32, 32, 32, 32, 32, 32, 34, 114, 101, 102, 95, 105, 100, 34, 58, 32, 34, 114, 101, 115, 117, 108, 116, 58, 99, 111, 109, 98, 105, 110, 97, 116, 105, 111, 110, 58, 99, 111, 109, 98, 105, 110, 97, 116, 105, 111, 110, 45, 67, 45, 79, 80, 69, 82, 45, 65, 76, 84, 58, 102, 111, 114, 99, 101, 58, 112, 105, 112, 101, 45, 80, 45, 49, 48, 48, 58, 113, 117, 97, 114, 116, 101, 114, 45, 49, 58, 97, 120, 105, 97, 108, 34, 10, 32, 32, 32, 32, 125, 44, 10, 32, 32, 32, 32, 123, 10, 32, 32, 32, 32, 32, 32, 34, 114, 101, 102, 95, 116, 121, 112, 101, 34, 58, 32, 34, 114, 101, 115, 117, 108, 116, 34, 44, 10, 32, 32, 32, 32, 32, 32, 34, 114, 101, 102, 95, 105, 100, 34, 58, 32, 34, 114, 101, 115, 117, 108, 116, 58, 99, 111, 109, 98, 105, 110, 97, 116, 105, 111, 110, 58, 99, 111, 109, 98, 105, 110, 97, 116, 105, 111, 110, 45, 67, 45, 79, 80, 69, 82, 45, 65, 76, 84, 58, 102, 111, 114, 99, 101, 58, 112, 105, 112, 101, 45, 80, 45, 49, 48, 48, 58, 113, 117, 97, 114, 116, 101, 114, 45, 49, 58, 115, 104, 101, 97, 114, 45, 121, 34, 10, 32, 32, 32, 32, 125, 44, 10, 32, 32, 32, 32, 123, 10, 32, 32, 32, 32, 32, 32, 34, 114, 101, 102, 95, 116, 121, 112, 101, 34, 58, 32, 34, 114, 101, 115, 117, 108, 116, 34, 44, 10, 32, 32, 32, 32, 32, 32, 34, 114, 101, 102, 95, 105, 100, 34, 58, 32, 34, 114, 101, 115, 117, 108, 116, 58, 99, 111, 109, 98, 105, 110, 97, 116, 105, 111, 110, 58, 99, 111, 109, 98, 105, 110, 97, 116, 105, 111, 110, 45, 67, 45, 79, 80, 69, 82, 45, 65, 76, 84, 58, 102, 111, 114, 99, 101, 58, 112, 105, 112, 101, 45, 80, 45, 49, 48, 48, 58, 113, 117, 97, 114, 116, 101, 114, 45, 49, 58, 115, 104, 101, 97, 114, 45, 122, 34, 10, 32, 32, 32, 32, 125, 44, 10, 32, 32, 32, 32, 123, 10, 32, 32, 32, 32, 32, 32, 34, 114, 101, 102, 95, 116, 121, 112, 101, 34, 58, 32, 34, 114, 101, 115, 117, 108, 116, 34, 44, 10, 32, 32, 32, 32, 32, 32, 34, 114, 101, 102, 95, 105, 100, 34, 58, 32, 34, 114, 101, 115, 117, 108, 116, 58, 99, 111, 109, 98, 105, 110, 97, 116, 105, 111, 110, 58, 99, 111, 109, 98, 105, 110, 97, 116, 105, 111, 110, 45, 67, 45, 79, 80, 69, 82, 45, 65, 76, 84, 58, 102, 111, 114, 99, 101, 58, 112, 105, 112, 101, 45, 80, 45, 49, 48, 48, 58, 113, 117, 97, 114, 116, 101, 114, 45, 51, 58, 97, 120, 105, 97, 108, 34, 10, 32, 32, 32, 32, 125, 44, 10, 32, 32, 32, 32, 123, 10, 32, 32, 32, 32, 32, 32, 34, 114, 101, 102, 95, 116, 121, 112, 101, 34, 58, 32, 34, 114, 101, 115, 117, 108, 116, 34, 44, 10, 32, 32, 32, 32, 32, 32, 34, 114, 101, 102, 95, 105, 100, 34, 58, 32, 34, 114, 101, 115, 117, 108, 116, 58, 99, 111, 109, 98, 105, 110, 97, 116, 105, 111, 110, 58, 99, 111, 109, 98, 105, 110, 97, 116, 105, 111, 110, 45, 67, 45, 79, 80, 69, 82, 45, 65, 76, 84, 58, 102, 111, 114, 99, 101, 58, 112, 105, 112, 101, 45, 80, 45, 49, 48, 48, 58, 113, 117, 97, 114, 116, 101, 114, 45, 51, 58, 115, 104, 101, 97, 114, 45, 121, 34, 10, 32, 32, 32, 32, 125, 44, 10, 32, 32, 32, 32, 123, 10, 32, 32, 32, 32, 32, 32, 34, 114, 101, 102, 95, 116, 121, 112, 101, 34, 58, 32, 34, 114, 101, 115, 117, 108, 116, 34, 44, 10, 32, 32, 32, 32, 32, 32, 34, 114, 101, 102, 95, 105, 100, 34, 58, 32, 34, 114, 101, 115, 117, 108, 116, 58, 99, 111, 109, 98, 105, 110, 97, 116, 105, 111, 110, 58, 99, 111, 109, 98, 105, 110, 97, 116, 105, 111, 110, 45, 67, 45, 79, 80, 69, 82, 45, 65, 76, 84, 58, 102, 111, 114, 99, 101, 58, 112, 105, 112, 101, 45, 80, 45, 49, 48, 48, 58, 113, 117, 97, 114, 116, 101, 114, 45, 51, 58, 115, 104, 101, 97, 114, 45, 122, 34, 10, 32, 32, 32, 32, 125, 44, 10, 32, 32, 32, 32, 123, 10, 32, 32, 32, 32, 32, 32, 34, 114, 101, 102, 95, 116, 121, 112, 101, 34, 58, 32, 34, 114, 101, 115, 117, 108, 116, 34, 44, 10, 32, 32, 32, 32, 32, 32, 34, 114, 101, 102, 95, 105, 100, 34, 58, 32, 34, 114, 101, 115, 117, 108, 116, 58, 99, 111, 109, 98, 105, 110, 97, 116, 105, 111, 110, 58, 99, 111, 109, 98, 105, 110, 97, 116, 105, 111, 110, 45, 67, 45, 79, 80, 69, 82, 45, 65, 76, 84, 58, 102, 111, 114, 99, 101, 58, 112, 105, 112, 101, 45, 80, 45, 49, 48, 48, 58, 115, 104, 101, 97, 114, 45, 121, 34, 10, 32, 32, 32, 32, 125, 44, 10, 32, 32, 32, 32, 123, 10, 32, 32, 32, 32, 32, 32, 34, 114, 101, 102, 95, 116, 121, 112, 101, 34, 58, 32, 34, 114, 101, 115, 117, 108, 116, 34, 44, 10, 32, 32, 32, 32, 32, 32, 34, 114, 101, 102, 95, 105, 100, 34, 58, 32, 34, 114, 101, 115, 117, 108, 116, 58, 99, 111, 109, 98, 105, 110, 97, 116, 105, 111, 110, 58, 99, 111, 109, 98, 105, 110, 97, 116, 105, 111, 110, 45, 67, 45, 79, 80, 69, 82, 45, 65, 76, 84, 58, 102, 111, 114, 99, 101, 58, 112, 105, 112, 101, 45, 80, 45, 49, 48, 48, 58, 115, 104, 101, 97, 114, 45, 121, 58, 101, 110, 100, 45, 106, 34, 10, 32, 32, 32, 32, 125, 44, 10, 32, 32, 32, 32, 123, 10, 32, 32, 32, 32, 32, 32, 34, 114, 101, 102, 95, 116, 121, 112, 101, 34, 58, 32, 34, 114, 101, 115, 117, 108, 116, 34, 44, 10, 32, 32, 32, 32, 32, 32, 34, 114, 101, 102, 95, 105, 100, 34, 58, 32, 34, 114, 101, 115, 117, 108, 116, 58, 99, 111, 109, 98, 105, 110, 97, 116, 105, 111, 110, 58, 99, 111, 109, 98, 105, 110, 97, 116, 105, 111, 110, 45, 67, 45, 79, 80, 69, 82, 45, 65, 76, 84, 58, 102, 111, 114, 99, 101, 58, 112, 105, 112, 101, 45, 80, 45, 49, 48, 48, 58, 115, 104, 101, 97, 114, 45, 122, 34, 10, 32, 32, 32, 32, 125, 44, 10, 32, 32, 32, 32, 123, 10, 32, 32, 32, 32, 32, 32, 34, 114, 101, 102, 95, 116, 121, 112, 101, 34, 58, 32, 34, 114, 101, 115, 117, 108, 116, 34, 44, 10, 32, 32, 32, 32, 32, 32, 34, 114, 101, 102, 95, 105, 100, 34, 58, 32, 34, 114, 101, 115, 117, 108, 116, 58, 99, 111, 109, 98, 105, 110, 97, 116, 105, 111, 110, 58, 99, 111, 109, 98, 105, 110, 97, 116, 105, 111, 110, 45, 67, 45, 79, 80, 69, 82, 45, 65, 76, 84, 58, 102, 111, 114, 99, 101, 58, 112, 105, 112, 101, 45, 80, 45, 49, 48, 48, 58, 115, 104, 101, 97, 114, 45, 122, 58, 101, 110, 100, 45, 106, 34, 10, 32, 32, 32, 32, 125, 44, 10, 32, 32, 32, 32, 123, 10, 32, 32, 32, 32, 32, 32, 34, 114, 101, 102, 95, 116, 121, 112, 101, 34, 58, 32, 34, 114, 101, 115, 117, 108, 116, 34, 44, 10, 32, 32, 32, 32, 32, 32, 34, 114, 101, 102, 95, 105, 100, 34, 58, 32, 34, 114, 101, 115, 117, 108, 116, 58, 99, 111, 109, 98, 105, 110, 97, 116, 105, 111, 110, 58, 99, 111, 109, 98, 105, 110, 97, 116, 105, 111, 110, 45, 67, 45, 79, 80, 69, 82, 45, 65, 76, 84, 58, 102, 111, 114, 99, 101, 58, 112, 105, 112, 101, 45, 80, 45, 49, 49, 48, 58, 97, 120, 105, 97, 108, 34, 10, 32, 32, 32, 32, 125, 44, 10, 32, 32, 32, 32, 123, 10, 32, 32, 32, 32, 32, 32, 34, 114, 101, 102, 95, 116, 121, 112, 101, 34, 58, 32, 34, 114, 101, 115, 117, 108, 116, 34, 44, 10, 32, 32, 32, 32, 32, 32, 34, 114, 101, 102, 95, 105, 100, 34, 58, 32, 34, 114, 101, 115, 117, 108, 116, 58, 99, 111, 109, 98, 105, 110, 97, 116, 105, 111, 110, 58, 99, 111, 109, 98, 105, 110, 97, 116, 105, 111, 110, 45, 67, 45, 79, 80, 69, 82, 45, 65, 76, 84, 58, 102, 111, 114, 99, 101, 58, 112, 105, 112, 101, 45, 80, 45, 49, 49, 48, 58, 97, 120, 105, 97, 108, 58, 101, 110, 100, 45, 106, 34, 10, 32, 32, 32, 32, 125, 44, 10, 32, 32, 32, 32, 123, 10, 32, 32, 32, 32, 32, 32, 34, 114, 101, 102, 95, 116, 121, 112, 101, 34, 58, 32, 34, 114, 101, 115, 117, 108, 116, 34, 44, 10, 32, 32, 32, 32, 32, 32, 34, 114, 101, 102, 95, 105, 100, 34, 58, 32, 34, 114, 101, 115, 117, 108, 116, 58, 99, 111, 109, 98, 105, 110, 97, 116, 105, 111, 110, 58, 99, 111, 109, 98, 105, 110, 97, 116, 105, 111, 110, 45, 67, 45, 79, 80, 69, 82, 45, 65, 76, 84, 58, 102, 111, 114, 99, 101, 58, 112, 105, 112, 101, 45, 80, 45, 49, 49, 48, 58, 109, 105, 100, 115, 112, 97, 110, 58, 97, 120, 105, 97, 108, 34, 10, 32, 32, 32, 32, 125, 44, 10, 32, 32, 32, 32, 123, 10, 32, 32, 32, 32, 32, 32, 34, 114, 101, 102, 95, 116, 121, 112, 101, 34, 58, 32, 34, 114, 101, 115, 117, 108, 116, 34, 44, 10, 32, 32, 32, 32, 32, 32, 34, 114, 101, 102, 95, 105, 100, 34, 58, 32, 34, 114, 101, 115, 117, 108, 116, 58, 99, 111, 109, 98, 105, 110, 97, 116, 105, 111, 110, 58, 99, 111, 109, 98, 105, 110, 97, 116, 105, 111, 110, 45, 67, 45, 79, 80, 69, 82, 45, 65, 76, 84, 58, 102, 111, 114, 99, 101, 58, 112, 105, 112, 101, 45, 80, 45, 49, 49, 48, 58, 109, 105, 100, 115, 112, 97, 110, 58, 115, 104, 101, 97, 114, 45, 121, 34, 10, 32, 32, 32, 32, 125, 44, 10, 32, 32, 32, 32, 123, 10, 32, 32, 32, 32, 32, 32, 34, 114, 101, 102, 95, 116, 121, 112, 101, 34, 58, 32, 34, 114, 101, 115, 117, 108, 116, 34, 44, 10, 32, 32, 32, 32, 32, 32, 34, 114, 101, 102, 95, 105, 100, 34, 58, 32, 34, 114, 101, 115, 117, 108, 116, 58, 99, 111, 109, 98, 105, 110, 97, 116, 105, 111, 110, 58, 99, 111, 109, 98, 105, 110, 97, 116, 105, 111, 110, 45, 67, 45, 79, 80, 69, 82, 45, 65, 76, 84, 58, 102, 111, 114, 99, 101, 58, 112, 105, 112, 101, 45, 80, 45, 49, 49, 48, 58, 109, 105, 100, 115, 112, 97, 110, 58, 115, 104, 101, 97, 114, 45, 122, 34, 10, 32, 32, 32, 32, 125, 44, 10, 32, 32, 32, 32, 123, 10, 32, 32, 32, 32, 32, 32, 34, 114, 101, 102, 95, 116, 121, 112, 101, 34, 58, 32, 34, 114, 101, 115, 117, 108, 116, 34, 44, 10, 32, 32, 32, 32, 32, 32, 34, 114, 101, 102, 95, 105, 100, 34, 58, 32, 34, 114, 101, 115, 117, 108, 116, 58, 99, 111, 109, 98, 105, 110, 97, 116, 105, 111, 110, 58, 99, 111, 109, 98, 105, 110, 97, 116, 105, 111, 110, 45, 67, 45, 79, 80, 69, 82, 45, 65, 76, 84, 58, 102, 111, 114, 99, 101, 58, 112, 105, 112, 101, 45, 80, 45, 49, 49, 48, 58, 113, 117, 97, 114, 116, 101, 114, 45, 49, 58, 97, 120, 105, 97, 108, 34, 10, 32, 32, 32, 32, 125, 44, 10, 32, 32, 32, 32, 123, 10, 32, 32, 32, 32, 32, 32, 34, 114, 101, 102, 95, 116, 121, 112, 101, 34, 58, 32, 34, 114, 101, 115, 117, 108, 116, 34, 44, 10, 32, 32, 32, 32, 32, 32, 34, 114, 101, 102, 95, 105, 100, 34, 58, 32, 34, 114, 101, 115, 117, 108, 116, 58, 99, 111, 109, 98, 105, 110, 97, 116, 105, 111, 110, 58, 99, 111, 109, 98, 105, 110, 97, 116, 105, 111, 110, 45, 67, 45, 79, 80, 69, 82, 45, 65, 76, 84, 58, 102, 111, 114, 99, 101, 58, 112, 105, 112, 101, 45, 80, 45, 49, 49, 48, 58, 113, 117, 97, 114, 116, 101, 114, 45, 49, 58, 115, 104, 101, 97, 114, 45, 121, 34, 10, 32, 32, 32, 32, 125, 44, 10, 32, 32, 32, 32, 123, 10, 32, 32, 32, 32, 32, 32, 34, 114, 101, 102, 95, 116, 121, 112, 101, 34, 58, 32, 34, 114, 101, 115, 117, 108, 116, 34, 44, 10, 32, 32, 32, 32, 32, 32, 34, 114, 101, 102, 95, 105, 100, 34, 58, 32, 34, 114, 101, 115, 117, 108, 116, 58, 99, 111, 109, 98, 105, 110, 97, 116, 105, 111, 110, 58, 99, 111, 109, 98, 105, 110, 97, 116, 105, 111, 110, 45, 67, 45, 79, 80, 69, 82, 45, 65, 76, 84, 58, 102, 111, 114, 99, 101, 58, 112, 105, 112, 101, 45, 80, 45, 49, 49, 48, 58, 113, 117, 97, 114, 116, 101, 114, 45, 49, 58, 115, 104, 101, 97, 114, 45, 122, 34, 10, 32, 32, 32, 32, 125, 44, 10, 32, 32, 32, 32, 123, 10, 32, 32, 32, 32, 32, 32, 34, 114, 101, 102, 95, 116, 121, 112, 101, 34, 58, 32, 34, 114, 101, 115, 117, 108, 116, 34, 44, 10, 32, 32, 32, 32, 32, 32, 34, 114, 101, 102, 95, 105, 100, 34, 58, 32, 34, 114, 101, 115, 117, 108, 116, 58, 99, 111, 109, 98, 105, 110, 97, 116, 105, 111, 110, 58, 99, 111, 109, 98, 105, 110, 97, 116, 105, 111, 110, 45, 67, 45, 79, 80, 69, 82, 45, 65, 76, 84, 58, 102, 111, 114, 99, 101, 58, 112, 105, 112, 101, 45, 80, 45, 49, 49, 48, 58, 113, 117, 97, 114, 116, 101, 114, 45, 51, 58, 97, 120, 105, 97, 108, 34, 10, 32, 32, 32, 32, 125, 44, 10, 32, 32, 32, 32, 123, 10, 32, 32, 32, 32, 32, 32, 34, 114, 101, 102, 95, 116, 121, 112, 101, 34, 58, 32, 34, 114, 101, 115, 117, 108, 116, 34, 44, 10, 32, 32, 32, 32, 32, 32, 34, 114, 101, 102, 95, 105, 100, 34, 58, 32, 34, 114, 101, 115, 117, 108, 116, 58, 99, 111, 109, 98, 105, 110, 97, 116, 105, 111, 110, 58, 99, 111, 109, 98, 105, 110, 97, 116, 105, 111, 110, 45, 67, 45, 79, 80, 69, 82, 45, 65, 76, 84, 58, 102, 111, 114, 99, 101, 58, 112, 105, 112, 101, 45, 80, 45, 49, 49, 48, 58, 113, 117, 97, 114, 116, 101, 114, 45, 51, 58, 115, 104, 101, 97, 114, 45, 121, 34, 10, 32, 32, 32, 32, 125, 44, 10, 32, 32, 32, 32, 123, 10, 32, 32, 32, 32, 32, 32, 34, 114, 101, 102, 95, 116, 121, 112, 101, 34, 58, 32, 34, 114, 101, 115, 117, 108, 116, 34, 44, 10, 32, 32, 32, 32, 32, 32, 34, 114, 101, 102, 95, 105, 100, 34, 58, 32, 34, 114, 101, 115, 117, 108, 116, 58, 99, 111, 109, 98, 105, 110, 97, 116, 105, 111, 110, 58, 99, 111, 109, 98, 105, 110, 97, 116, 105, 111, 110, 45, 67, 45, 79, 80, 69, 82, 45, 65, 76, 84, 58, 102, 111, 114, 99, 101, 58, 112, 105, 112, 101, 45, 80, 45, 49, 49, 48, 58, 113, 117, 97, 114, 116, 101, 114, 45, 51, 58, 115, 104, 101, 97, 114, 45, 122, 34, 10, 32, 32, 32, 32, 125, 44, 10, 32, 32, 32, 32, 123, 10, 32, 32, 32, 32, 32, 32, 34, 114, 101, 102, 95, 116, 121, 112, 101, 34, 58, 32, 34, 114, 101, 115, 117, 108, 116, 34, 44, 10, 32, 32, 32, 32, 32, 32, 34, 114, 101, 102, 95, 105, 100, 34, 58, 32, 34, 114, 101, 115, 117, 108, 116, 58, 99, 111, 109, 98, 105, 110, 97, 116, 105, 111, 110, 58, 99, 111, 109, 98, 105, 110, 97, 116, 105, 111, 110, 45, 67, 45, 79, 80, 69, 82, 45, 65, 76, 84, 58, 102, 111, 114, 99, 101, 58, 112, 105, 112, 101, 45, 80, 45, 49, 49, 48, 58, 115, 104, 101, 97, 114, 45, 121, 34, 10, 32, 32, 32, 32, 125, 44, 10, 32, 32, 32, 32, 123, 10, 32, 32, 32, 32, 32, 32, 34, 114, 101, 102, 95, 116, 121, 112, 101, 34, 58, 32, 34, 114, 101, 115, 117, 108, 116, 34, 44, 10, 32, 32, 32, 32, 32, 32, 34, 114, 101, 102, 95, 105, 100, 34, 58, 32, 34, 114, 101, 115, 117, 108, 116, 58, 99, 111, 109, 98, 105, 110, 97, 116, 105, 111, 110, 58, 99, 111, 109, 98, 105, 110, 97, 116, 105, 111, 110, 45, 67, 45, 79, 80, 69, 82, 45, 65, 76, 84, 58, 102, 111, 114, 99, 101, 58, 112, 105, 112, 101, 45, 80, 45, 49, 49, 48, 58, 115, 104, 101, 97, 114, 45, 121, 58, 101, 110, 100, 45, 106, 34, 10, 32, 32, 32, 32, 125, 44, 10, 32, 32, 32, 32, 123, 10, 32, 32, 32, 32, 32, 32, 34, 114, 101, 102, 95, 116, 121, 112, 101, 34, 58, 32, 34, 114, 101, 115, 117, 108, 116, 34, 44, 10, 32, 32, 32, 32, 32, 32, 34, 114, 101, 102, 95, 105, 100, 34, 58, 32, 34, 114, 101, 115, 117, 108, 116, 58, 99, 111, 109, 98, 105, 110, 97, 116, 105, 111, 110, 58, 99, 111, 109, 98, 105, 110, 97, 116, 105, 111, 110, 45, 67, 45, 79, 80, 69, 82, 45, 65, 76, 84, 58, 102, 111, 114, 99, 101, 58, 112, 105, 112, 101, 45, 80, 45, 49, 49, 48, 58, 115, 104, 101, 97, 114, 45, 122, 34, 10, 32, 32, 32, 32, 125, 44, 10, 32, 32, 32, 32, 123, 10, 32, 32, 32, 32, 32, 32, 34, 114, 101, 102, 95, 116, 121, 112, 101, 34, 58, 32, 34, 114, 101, 115, 117, 108, 116, 34, 44, 10, 32, 32, 32, 32, 32, 32, 34, 114, 101, 102, 95, 105, 100, 34, 58, 32, 34, 114, 101, 115, 117, 108, 116, 58, 99, 111, 109, 98, 105, 110, 97, 116, 105, 111, 110, 58, 99, 111, 109, 98, 105, 110, 97, 116, 105, 111, 110, 45, 67, 45, 79, 80, 69, 82, 45, 65, 76, 84, 58, 102, 111, 114, 99, 101, 58, 112, 105, 112, 101, 45, 80, 45, 49, 49, 48, 58, 115, 104, 101, 97, 114, 45, 122, 58, 101, 110, 100, 45, 106, 34, 10, 32, 32, 32, 32, 125, 44, 10, 32, 32, 32, 32, 123, 10, 32, 32, 32, 32, 32, 32, 34, 114, 101, 102, 95, 116, 121, 112, 101, 34, 58, 32, 34, 114, 101, 115, 117, 108, 116, 34, 44, 10, 32, 32, 32, 32, 32, 32, 34, 114, 101, 102, 95, 105, 100, 34, 58, 32, 34, 114, 101, 115, 117, 108, 116, 58, 99, 111, 109, 98, 105, 110, 97, 116, 105, 111, 110, 58, 99, 111, 109, 98, 105, 110, 97, 116, 105, 111, 110, 45, 67, 45, 79, 80, 69, 82, 45, 65, 76, 84, 58, 102, 111, 114, 99, 101, 58, 112, 105, 112, 101, 45, 80, 45, 49, 50, 48, 58, 97, 120, 105, 97, 108, 34, 10, 32, 32, 32, 32, 125, 44, 10, 32, 32, 32, 32, 123, 10, 32, 32, 32, 32, 32, 32, 34, 114, 101, 102, 95, 116, 121, 112, 101, 34, 58, 32, 34, 114, 101, 115, 117, 108, 116, 34, 44, 10, 32, 32, 32, 32, 32, 32, 34, 114, 101, 102, 95, 105, 100, 34, 58, 32, 34, 114, 101, 115, 117, 108, 116, 58, 99, 111, 109, 98, 105, 110, 97, 116, 105, 111, 110, 58, 99, 111, 109, 98, 105, 110, 97, 116, 105, 111, 110, 45, 67, 45, 79, 80, 69, 82, 45, 65, 76, 84, 58, 102, 111, 114, 99, 101, 58, 112, 105, 112, 101, 45, 80, 45, 49, 50, 48, 58, 97, 120, 105, 97, 108, 58, 101, 110, 100, 45, 106, 34, 10, 32, 32, 32, 32, 125, 44, 10, 32, 32, 32, 32, 123, 10, 32, 32, 32, 32, 32, 32, 34, 114, 101, 102, 95, 116, 121, 112, 101, 34, 58, 32, 34, 114, 101, 115, 117, 108, 116, 34, 44, 10, 32, 32, 32, 32, 32, 32, 34, 114, 101, 102, 95, 105, 100, 34, 58, 32, 34, 114, 101, 115, 117, 108, 116, 58, 99, 111, 109, 98, 105, 110, 97, 116, 105, 111, 110, 58, 99, 111, 109, 98, 105, 110, 97, 116, 105, 111, 110, 45, 67, 45, 79, 80, 69, 82, 45, 65, 76, 84, 58, 102, 111, 114, 99, 101, 58, 112, 105, 112, 101, 45, 80, 45, 49, 50, 48, 58, 109, 105, 100, 115, 112, 97, 110, 58, 97, 120, 105, 97, 108, 34, 10, 32, 32, 32, 32, 125, 44, 10, 32, 32, 32, 32, 123, 10, 32, 32, 32, 32, 32, 32, 34, 114, 101, 102, 95, 116, 121, 112, 101, 34, 58, 32, 34, 114, 101, 115, 117, 108, 116, 34, 44, 10, 32, 32, 32, 32, 32, 32, 34, 114, 101, 102, 95, 105, 100, 34, 58, 32, 34, 114, 101, 115, 117, 108, 116, 58, 99, 111, 109, 98, 105, 110, 97, 116, 105, 111, 110, 58, 99, 111, 109, 98, 105, 110, 97, 116, 105, 111, 110, 45, 67, 45, 79, 80, 69, 82, 45, 65, 76, 84, 58, 102, 111, 114, 99, 101, 58, 112, 105, 112, 101, 45, 80, 45, 49, 50, 48, 58, 109, 105, 100, 115, 112, 97, 110, 58, 115, 104, 101, 97, 114, 45, 121, 34, 10, 32, 32, 32, 32, 125, 44, 10, 32, 32, 32, 32, 123, 10, 32, 32, 32, 32, 32, 32, 34, 114, 101, 102, 95, 116, 121, 112, 101, 34, 58, 32, 34, 114, 101, 115, 117, 108, 116, 34, 44, 10, 32, 32, 32, 32, 32, 32, 34, 114, 101, 102, 95, 105, 100, 34, 58, 32, 34, 114, 101, 115, 117, 108, 116, 58, 99, 111, 109, 98, 105, 110, 97, 116, 105, 111, 110, 58, 99, 111, 109, 98, 105, 110, 97, 116, 105, 111, 110, 45, 67, 45, 79, 80, 69, 82, 45, 65, 76, 84, 58, 102, 111, 114, 99, 101, 58, 112, 105, 112, 101, 45, 80, 45, 49, 50, 48, 58, 109, 105, 100, 115, 112, 97, 110, 58, 115, 104, 101, 97, 114, 45, 122, 34, 10, 32, 32, 32, 32, 125, 44, 10, 32, 32, 32, 32, 123, 10, 32, 32, 32, 32, 32, 32, 34, 114, 101, 102, 95, 116, 121, 112, 101, 34, 58, 32, 34, 114, 101, 115, 117, 108, 116, 34, 44, 10, 32, 32, 32, 32, 32, 32, 34, 114, 101, 102, 95, 105, 100, 34, 58, 32, 34, 114, 101, 115, 117, 108, 116, 58, 99, 111, 109, 98, 105, 110, 97, 116, 105, 111, 110, 58, 99, 111, 109, 98, 105, 110, 97, 116, 105, 111, 110, 45, 67, 45, 79, 80, 69, 82, 45, 65, 76, 84, 58, 102, 111, 114, 99, 101, 58, 112, 105, 112, 101, 45, 80, 45, 49, 50, 48, 58, 113, 117, 97, 114, 116, 101, 114, 45, 49, 58, 97, 120, 105, 97, 108, 34, 10, 32, 32, 32, 32, 125, 44, 10, 32, 32, 32, 32, 123, 10, 32, 32, 32, 32, 32, 32, 34, 114, 101, 102, 95, 116, 121, 112, 101, 34, 58, 32, 34, 114, 101, 115, 117, 108, 116, 34, 44, 10, 32, 32, 32, 32, 32, 32, 34, 114, 101, 102, 95, 105, 100, 34, 58, 32, 34, 114, 101, 115, 117, 108, 116, 58, 99, 111, 109, 98, 105, 110, 97, 116, 105, 111, 110, 58, 99, 111, 109, 98, 105, 110, 97, 116, 105, 111, 110, 45, 67, 45, 79, 80, 69, 82, 45, 65, 76, 84, 58, 102, 111, 114, 99, 101, 58, 112, 105, 112, 101, 45, 80, 45, 49, 50, 48, 58, 113, 117, 97, 114, 116, 101, 114, 45, 49, 58, 115, 104, 101, 97, 114, 45, 121, 34, 10, 32, 32, 32, 32, 125, 44, 10, 32, 32, 32, 32, 123, 10, 32, 32, 32, 32, 32, 32, 34, 114, 101, 102, 95, 116, 121, 112, 101, 34, 58, 32, 34, 114, 101, 115, 117, 108, 116, 34, 44, 10, 32, 32, 32, 32, 32, 32, 34, 114, 101, 102, 95, 105, 100, 34, 58, 32, 34, 114, 101, 115, 117, 108, 116, 58, 99, 111, 109, 98, 105, 110, 97, 116, 105, 111, 110, 58, 99, 111, 109, 98, 105, 110, 97, 116, 105, 111, 110, 45, 67, 45, 79, 80, 69, 82, 45, 65, 76, 84, 58, 102, 111, 114, 99, 101, 58, 112, 105, 112, 101, 45, 80, 45, 49, 50, 48, 58, 113, 117, 97, 114, 116, 101, 114, 45, 49, 58, 115, 104, 101, 97, 114, 45, 122, 34, 10, 32, 32, 32, 32, 125, 44, 10, 32, 32, 32, 32, 123, 10, 32, 32, 32, 32, 32, 32, 34, 114, 101, 102, 95, 116, 121, 112, 101, 34, 58, 32, 34, 114, 101, 115, 117, 108, 116, 34, 44, 10, 32, 32, 32, 32, 32, 32, 34, 114, 101, 102, 95, 105, 100, 34, 58, 32, 34, 114, 101, 115, 117, 108, 116, 58, 99, 111, 109, 98, 105, 110, 97, 116, 105, 111, 110, 58, 99, 111, 109, 98, 105, 110, 97, 116, 105, 111, 110, 45, 67, 45, 79, 80, 69, 82, 45, 65, 76, 84, 58, 102, 111, 114, 99, 101, 58, 112, 105, 112, 101, 45, 80, 45, 49, 50, 48, 58, 113, 117, 97, 114, 116, 101, 114, 45, 51, 58, 97, 120, 105, 97, 108, 34, 10, 32, 32, 32, 32, 125, 44, 10, 32, 32, 32, 32, 123, 10, 32, 32, 32, 32, 32, 32, 34, 114, 101, 102, 95, 116, 121, 112, 101, 34, 58, 32, 34, 114, 101, 115, 117, 108, 116, 34, 44, 10, 32, 32, 32, 32, 32, 32, 34, 114, 101, 102, 95, 105, 100, 34, 58, 32, 34, 114, 101, 115, 117, 108, 116, 58, 99, 111, 109, 98, 105, 110, 97, 116, 105, 111, 110, 58, 99, 111, 109, 98, 105, 110, 97, 116, 105, 111, 110, 45, 67, 45, 79, 80, 69, 82, 45, 65, 76, 84, 58, 102, 111, 114, 99, 101, 58, 112, 105, 112, 101, 45, 80, 45, 49, 50, 48, 58, 113, 117, 97, 114, 116, 101, 114, 45, 51, 58, 115, 104, 101, 97, 114, 45, 121, 34, 10, 32, 32, 32, 32, 125, 44, 10, 32, 32, 32, 32, 123, 10, 32, 32, 32, 32, 32, 32, 34, 114, 101, 102, 95, 116, 121, 112, 101, 34, 58, 32, 34, 114, 101, 115, 117, 108, 116, 34, 44, 10, 32, 32, 32, 32, 32, 32, 34, 114, 101, 102, 95, 105, 100, 34, 58, 32, 34, 114, 101, 115, 117, 108, 116, 58, 99, 111, 109, 98, 105, 110, 97, 116, 105, 111, 110, 58, 99, 111, 109, 98, 105, 110, 97, 116, 105, 111, 110, 45, 67, 45, 79, 80, 69, 82, 45, 65, 76, 84, 58, 102, 111, 114, 99, 101, 58, 112, 105, 112, 101, 45, 80, 45, 49, 50, 48, 58, 113, 117, 97, 114, 116, 101, 114, 45, 51, 58, 115, 104, 101, 97, 114, 45, 122, 34, 10, 32, 32, 32, 32, 125, 44, 10, 32, 32, 32, 32, 123, 10, 32, 32, 32, 32, 32, 32, 34, 114, 101, 102, 95, 116, 121, 112, 101, 34, 58, 32, 34, 114, 101, 115, 117, 108, 116, 34, 44, 10, 32, 32, 32, 32, 32, 32, 34, 114, 101, 102, 95, 105, 100, 34, 58, 32, 34, 114, 101, 115, 117, 108, 116, 58, 99, 111, 109, 98, 105, 110, 97, 116, 105, 111, 110, 58, 99, 111, 109, 98, 105, 110, 97, 116, 105, 111, 110, 45, 67, 45, 79, 80, 69, 82, 45, 65, 76, 84, 58, 102, 111, 114, 99, 101, 58, 112, 105, 112, 101, 45, 80, 45, 49, 50, 48, 58, 115, 104, 101, 97, 114, 45, 121, 34, 10, 32, 32, 32, 32, 125, 44, 10, 32, 32, 32, 32, 123, 10, 32, 32, 32, 32, 32, 32, 34, 114, 101, 102, 95, 116, 121, 112, 101, 34, 58, 32, 34, 114, 101, 115, 117, 108, 116, 34, 44, 10, 32, 32, 32, 32, 32, 32, 34, 114, 101, 102, 95, 105, 100, 34, 58, 32, 34, 114, 101, 115, 117, 108, 116, 58, 99, 111, 109, 98, 105, 110, 97, 116, 105, 111, 110, 58, 99, 111, 109, 98, 105, 110, 97, 116, 105, 111, 110, 45, 67, 45, 79, 80, 69, 82, 45, 65, 76, 84, 58, 102, 111, 114, 99, 101, 58, 112, 105, 112, 101, 45, 80, 45, 49, 50, 48, 58, 115, 104, 101, 97, 114, 45, 121, 58, 101, 110, 100, 45, 106, 34, 10, 32, 32, 32, 32, 125, 44, 10, 32, 32, 32, 32, 123, 10, 32, 32, 32, 32, 32, 32, 34, 114, 101, 102, 95, 116, 121, 112, 101, 34, 58, 32, 34, 114, 101, 115, 117, 108, 116, 34, 44, 10, 32, 32, 32, 32, 32, 32, 34, 114, 101, 102, 95, 105, 100, 34, 58, 32, 34, 114, 101, 115, 117, 108, 116, 58, 99, 111, 109, 98, 105, 110, 97, 116, 105, 111, 110, 58, 99, 111, 109, 98, 105, 110, 97, 116, 105, 111, 110, 45, 67, 45, 79, 80, 69, 82, 45, 65, 76, 84, 58, 102, 111, 114, 99, 101, 58, 112, 105, 112, 101, 45, 80, 45, 49, 50, 48, 58, 115, 104, 101, 97, 114, 45, 122, 34, 10, 32, 32, 32, 32, 125, 44, 10, 32, 32, 32, 32, 123, 10, 32, 32, 32, 32, 32, 32, 34, 114, 101, 102, 95, 116, 121, 112, 101, 34, 58, 32, 34, 114, 101, 115, 117, 108, 116, 34, 44, 10, 32, 32, 32, 32, 32, 32, 34, 114, 101, 102, 95, 105, 100, 34, 58, 32, 34, 114, 101, 115, 117, 108, 116, 58, 99, 111, 109, 98, 105, 110, 97, 116, 105, 111, 110, 58, 99, 111, 109, 98, 105, 110, 97, 116, 105, 111, 110, 45, 67, 45, 79, 80, 69, 82, 45, 65, 76, 84, 58, 102, 111, 114, 99, 101, 58, 112, 105, 112, 101, 45, 80, 45, 49, 50, 48, 58, 115, 104, 101, 97, 114, 45, 122, 58, 101, 110, 100, 45, 106, 34, 10, 32, 32, 32, 32, 125, 44, 10, 32, 32, 32, 32, 123, 10, 32, 32, 32, 32, 32, 32, 34, 114, 101, 102, 95, 116, 121, 112, 101, 34, 58, 32, 34, 114, 101, 115, 117, 108, 116, 34, 44, 10, 32, 32, 32, 32, 32, 32, 34, 114, 101, 102, 95, 105, 100, 34, 58, 32, 34, 114, 101, 115, 117, 108, 116, 58, 99, 111, 109, 98, 105, 110, 97, 116, 105, 111, 110, 58, 99, 111, 109, 98, 105, 110, 97, 116, 105, 111, 110, 45, 67, 45, 79, 80, 69, 82, 45, 65, 76, 84, 58, 102, 111, 114, 99, 101, 58, 112, 105, 112, 101, 45, 80, 45, 49, 51, 48, 58, 97, 120, 105, 97, 108, 34, 10, 32, 32, 32, 32, 125, 44, 10, 32, 32, 32, 32, 123, 10, 32, 32, 32, 32, 32, 32, 34, 114, 101, 102, 95, 116, 121, 112, 101, 34, 58, 32, 34, 114, 101, 115, 117, 108, 116, 34, 44, 10, 32, 32, 32, 32, 32, 32, 34, 114, 101, 102, 95, 105, 100, 34, 58, 32, 34, 114, 101, 115, 117, 108, 116, 58, 99, 111, 109, 98, 105, 110, 97, 116, 105, 111, 110, 58, 99, 111, 109, 98, 105, 110, 97, 116, 105, 111, 110, 45, 67, 45, 79, 80, 69, 82, 45, 65, 76, 84, 58, 102, 111, 114, 99, 101, 58, 112, 105, 112, 101, 45, 80, 45, 49, 51, 48, 58, 97, 120, 105, 97, 108, 58, 101, 110, 100, 45, 106, 34, 10, 32, 32, 32, 32, 125, 44, 10, 32, 32, 32, 32, 123, 10, 32, 32, 32, 32, 32, 32, 34, 114, 101, 102, 95, 116, 121, 112, 101, 34, 58, 32, 34, 114, 101, 115, 117, 108, 116, 34, 44, 10, 32, 32, 32, 32, 32, 32, 34, 114, 101, 102, 95, 105, 100, 34, 58, 32, 34, 114, 101, 115, 117, 108, 116, 58, 99, 111, 109, 98, 105, 110, 97, 116, 105, 111, 110, 58, 99, 111, 109, 98, 105, 110, 97, 116, 105, 111, 110, 45, 67, 45, 79, 80, 69, 82, 45, 65, 76, 84, 58, 102, 111, 114, 99, 101, 58, 112, 105, 112, 101, 45, 80, 45, 49, 51, 48, 58, 109, 105, 100, 115, 112, 97, 110, 58, 97, 120, 105, 97, 108, 34, 10, 32, 32, 32, 32, 125, 44, 10, 32, 32, 32, 32, 123, 10, 32, 32, 32, 32, 32, 32, 34, 114, 101, 102, 95, 116, 121, 112, 101, 34, 58, 32, 34, 114, 101, 115, 117, 108, 116, 34, 44, 10, 32, 32, 32, 32, 32, 32, 34, 114, 101, 102, 95, 105, 100, 34, 58, 32, 34, 114, 101, 115, 117, 108, 116, 58, 99, 111, 109, 98, 105, 110, 97, 116, 105, 111, 110, 58, 99, 111, 109, 98, 105, 110, 97, 116, 105, 111, 110, 45, 67, 45, 79, 80, 69, 82, 45, 65, 76, 84, 58, 102, 111, 114, 99, 101, 58, 112, 105, 112, 101, 45, 80, 45, 49, 51, 48, 58, 109, 105, 100, 115, 112, 97, 110, 58, 115, 104, 101, 97, 114, 45, 121, 34, 10, 32, 32, 32, 32, 125, 44, 10, 32, 32, 32, 32, 123, 10, 32, 32, 32, 32, 32, 32, 34, 114, 101, 102, 95, 116, 121, 112, 101, 34, 58, 32, 34, 114, 101, 115, 117, 108, 116, 34, 44, 10, 32, 32, 32, 32, 32, 32, 34, 114, 101, 102, 95, 105, 100, 34, 58, 32, 34, 114, 101, 115, 117, 108, 116, 58, 99, 111, 109, 98, 105, 110, 97, 116, 105, 111, 110, 58, 99, 111, 109, 98, 105, 110, 97, 116, 105, 111, 110, 45, 67, 45, 79, 80, 69, 82, 45, 65, 76, 84, 58, 102, 111, 114, 99, 101, 58, 112, 105, 112, 101, 45, 80, 45, 49, 51, 48, 58, 109, 105, 100, 115, 112, 97, 110, 58, 115, 104, 101, 97, 114, 45, 122, 34, 10, 32, 32, 32, 32, 125, 44, 10, 32, 32, 32, 32, 123, 10, 32, 32, 32, 32, 32, 32, 34, 114, 101, 102, 95, 116, 121, 112, 101, 34, 58, 32, 34, 114, 101, 115, 117, 108, 116, 34, 44, 10, 32, 32, 32, 32, 32, 32, 34, 114, 101, 102, 95, 105, 100, 34, 58, 32, 34, 114, 101, 115, 117, 108, 116, 58, 99, 111, 109, 98, 105, 110, 97, 116, 105, 111, 110, 58, 99, 111, 109, 98, 105, 110, 97, 116, 105, 111, 110, 45, 67, 45, 79, 80, 69, 82, 45, 65, 76, 84, 58, 102, 111, 114, 99, 101, 58, 112, 105, 112, 101, 45, 80, 45, 49, 51, 48, 58, 113, 117, 97, 114, 116, 101, 114, 45, 49, 58, 97, 120, 105, 97, 108, 34, 10, 32, 32, 32, 32, 125, 44, 10, 32, 32, 32, 32, 123, 10, 32, 32, 32, 32, 32, 32, 34, 114, 101, 102, 95, 116, 121, 112, 101, 34, 58, 32, 34, 114, 101, 115, 117, 108, 116, 34, 44, 10, 32, 32, 32, 32, 32, 32, 34, 114, 101, 102, 95, 105, 100, 34, 58, 32, 34, 114, 101, 115, 117, 108, 116, 58, 99, 111, 109, 98, 105, 110, 97, 116, 105, 111, 110, 58, 99, 111, 109, 98, 105, 110, 97, 116, 105, 111, 110, 45, 67, 45, 79, 80, 69, 82, 45, 65, 76, 84, 58, 102, 111, 114, 99, 101, 58, 112, 105, 112, 101, 45, 80, 45, 49, 51, 48, 58, 113, 117, 97, 114, 116, 101, 114, 45, 49, 58, 115, 104, 101, 97, 114, 45, 121, 34, 10, 32, 32, 32, 32, 125, 44, 10, 32, 32, 32, 32, 123, 10, 32, 32, 32, 32, 32, 32, 34, 114, 101, 102, 95, 116, 121, 112, 101, 34, 58, 32, 34, 114, 101, 115, 117, 108, 116, 34, 44, 10, 32, 32, 32, 32, 32, 32, 34, 114, 101, 102, 95, 105, 100, 34, 58, 32, 34, 114, 101, 115, 117, 108, 116, 58, 99, 111, 109, 98, 105, 110, 97, 116, 105, 111, 110, 58, 99, 111, 109, 98, 105, 110, 97, 116, 105, 111, 110, 45, 67, 45, 79, 80, 69, 82, 45, 65, 76, 84, 58, 102, 111, 114, 99, 101, 58, 112, 105, 112, 101, 45, 80, 45, 49, 51, 48, 58, 113, 117, 97, 114, 116, 101, 114, 45, 49, 58, 115, 104, 101, 97, 114, 45, 122, 34, 10, 32, 32, 32, 32, 125, 44, 10, 32, 32, 32, 32, 123, 10, 32, 32, 32, 32, 32, 32, 34, 114, 101, 102, 95, 116, 121, 112, 101, 34, 58, 32, 34, 114, 101, 115, 117, 108, 116, 34, 44, 10, 32, 32, 32, 32, 32, 32, 34, 114, 101, 102, 95, 105, 100, 34, 58, 32, 34, 114, 101, 115, 117, 108, 116, 58, 99, 111, 109, 98, 105, 110, 97, 116, 105, 111, 110, 58, 99, 111, 109, 98, 105, 110, 97, 116, 105, 111, 110, 45, 67, 45, 79, 80, 69, 82, 45, 65, 76, 84, 58, 102, 111, 114, 99, 101, 58, 112, 105, 112, 101, 45, 80, 45, 49, 51, 48, 58, 113, 117, 97, 114, 116, 101, 114, 45, 51, 58, 97, 120, 105, 97, 108, 34, 10, 32, 32, 32, 32, 125, 44, 10, 32, 32, 32, 32, 123, 10, 32, 32, 32, 32, 32, 32, 34, 114, 101, 102, 95, 116, 121, 112, 101, 34, 58, 32, 34, 114, 101, 115, 117, 108, 116, 34, 44, 10, 32, 32, 32, 32, 32, 32, 34, 114, 101, 102, 95, 105, 100, 34, 58, 32, 34, 114, 101, 115, 117, 108, 116, 58, 99, 111, 109, 98, 105, 110, 97, 116, 105, 111, 110, 58, 99, 111, 109, 98, 105, 110, 97, 116, 105, 111, 110, 45, 67, 45, 79, 80, 69, 82, 45, 65, 76, 84, 58, 102, 111, 114, 99, 101, 58, 112, 105, 112, 101, 45, 80, 45, 49, 51, 48, 58, 113, 117, 97, 114, 116, 101, 114, 45, 51, 58, 115, 104, 101, 97, 114, 45, 121, 34, 10, 32, 32, 32, 32, 125, 44, 10, 32, 32, 32, 32, 123, 10, 32, 32, 32, 32, 32, 32, 34, 114, 101, 102, 95, 116, 121, 112, 101, 34, 58, 32, 34, 114, 101, 115, 117, 108, 116, 34, 44, 10, 32, 32, 32, 32, 32, 32, 34, 114, 101, 102, 95, 105, 100, 34, 58, 32, 34, 114, 101, 115, 117, 108, 116, 58, 99, 111, 109, 98, 105, 110, 97, 116, 105, 111, 110, 58, 99, 111, 109, 98, 105, 110, 97, 116, 105, 111, 110, 45, 67, 45, 79, 80, 69, 82, 45, 65, 76, 84, 58, 102, 111, 114, 99, 101, 58, 112, 105, 112, 101, 45, 80, 45, 49, 51, 48, 58, 113, 117, 97, 114, 116, 101, 114, 45, 51, 58, 115, 104, 101, 97, 114, 45, 122, 34, 10, 32, 32, 32, 32, 125, 44, 10, 32, 32, 32, 32, 123, 10, 32, 32, 32, 32, 32, 32, 34, 114, 101, 102, 95, 116, 121, 112, 101, 34, 58, 32, 34, 114, 101, 115, 117, 108, 116, 34, 44, 10, 32, 32, 32, 32, 32, 32, 34, 114, 101, 102, 95, 105, 100, 34, 58, 32, 34, 114, 101, 115, 117, 108, 116, 58, 99, 111, 109, 98, 105, 110, 97, 116, 105, 111, 110, 58, 99, 111, 109, 98, 105, 110, 97, 116, 105, 111, 110, 45, 67, 45, 79, 80, 69, 82, 45, 65, 76, 84, 58, 102, 111, 114, 99, 101, 58, 112, 105, 112, 101, 45, 80, 45, 49, 51, 48, 58, 115, 104, 101, 97, 114, 45, 121, 34, 10, 32, 32, 32, 32, 125, 44, 10, 32, 32, 32, 32, 123, 10, 32, 32, 32, 32, 32, 32, 34, 114, 101, 102, 95, 116, 121, 112, 101, 34, 58, 32, 34, 114, 101, 115, 117, 108, 116, 34, 44, 10, 32, 32, 32, 32, 32, 32, 34, 114, 101, 102, 95, 105, 100, 34, 58, 32, 34, 114, 101, 115, 117, 108, 116, 58, 99, 111, 109, 98, 105, 110, 97, 116, 105, 111, 110, 58, 99, 111, 109, 98, 105, 110, 97, 116, 105, 111, 110, 45, 67, 45, 79, 80, 69, 82, 45, 65, 76, 84, 58, 102, 111, 114, 99, 101, 58, 112, 105, 112, 101, 45, 80, 45, 49, 51, 48, 58, 115, 104, 101, 97, 114, 45, 121, 58, 101, 110, 100, 45, 106, 34, 10, 32, 32, 32, 32, 125, 44, 10, 32, 32, 32, 32, 123, 10, 32, 32, 32, 32, 32, 32, 34, 114, 101, 102, 95, 116, 121, 112, 101, 34, 58, 32, 34, 114, 101, 115, 117, 108, 116, 34, 44, 10, 32, 32, 32, 32, 32, 32, 34, 114, 101, 102, 95, 105, 100, 34, 58, 32, 34, 114, 101, 115, 117, 108, 116, 58, 99, 111, 109, 98, 105, 110, 97, 116, 105, 111, 110, 58, 99, 111, 109, 98, 105, 110, 97, 116, 105, 111, 110, 45, 67, 45, 79, 80, 69, 82, 45, 65, 76, 84, 58, 102, 111, 114, 99, 101, 58, 112, 105, 112, 101, 45, 80, 45, 49, 51, 48, 58, 115, 104, 101, 97, 114, 45, 122, 34, 10, 32, 32, 32, 32, 125, 44, 10, 32, 32, 32, 32, 123, 10, 32, 32, 32, 32, 32, 32, 34, 114, 101, 102, 95, 116, 121, 112, 101, 34, 58, 32, 34, 114, 101, 115, 117, 108, 116, 34, 44, 10, 32, 32, 32, 32, 32, 32, 34, 114, 101, 102, 95, 105, 100, 34, 58, 32, 34, 114, 101, 115, 117, 108, 116, 58, 99, 111, 109, 98, 105, 110, 97, 116, 105, 111, 110, 58, 99, 111, 109, 98, 105, 110, 97, 116, 105, 111, 110, 45, 67, 45, 79, 80, 69, 82, 45, 65, 76, 84, 58, 102, 111, 114, 99, 101, 58, 112, 105, 112, 101, 45, 80, 45, 49, 51, 48, 58, 115, 104, 101, 97, 114, 45, 122, 58, 101, 110, 100, 45, 106, 34, 10, 32, 32, 32, 32, 125, 44, 10, 32, 32, 32, 32, 123, 10, 32, 32, 32, 32, 32, 32, 34, 114, 101, 102, 95, 116, 121, 112, 101, 34, 58, 32, 34, 114, 101, 115, 117, 108, 116, 34, 44, 10, 32, 32, 32, 32, 32, 32, 34, 114, 101, 102, 95, 105, 100, 34, 58, 32, 34, 114, 101, 115, 117, 108, 116, 58, 99, 111, 109, 98, 105, 110, 97, 116, 105, 111, 110, 58, 99, 111, 109, 98, 105, 110, 97, 116, 105, 111, 110, 45, 67, 45, 79, 80, 69, 82, 45, 65, 76, 84, 58, 109, 111, 109, 101, 110, 116, 58, 112, 105, 112, 101, 45, 80, 45, 49, 48, 48, 58, 98, 101, 110, 100, 105, 110, 103, 45, 121, 34, 10, 32, 32, 32, 32, 125, 44, 10, 32, 32, 32, 32, 123, 10, 32, 32, 32, 32, 32, 32, 34, 114, 101, 102, 95, 116, 121, 112, 101, 34, 58, 32, 34, 114, 101, 115, 117, 108, 116, 34, 44, 10, 32, 32, 32, 32, 32, 32, 34, 114, 101, 102, 95, 105, 100, 34, 58, 32, 34, 114, 101, 115, 117, 108, 116, 58, 99, 111, 109, 98, 105, 110, 97, 116, 105, 111, 110, 58, 99, 111, 109, 98, 105, 110, 97, 116, 105, 111, 110, 45, 67, 45, 79, 80, 69, 82, 45, 65, 76, 84, 58, 109, 111, 109, 101, 110, 116, 58, 112, 105, 112, 101, 45, 80, 45, 49, 48, 48, 58, 98, 101, 110, 100, 105, 110, 103, 45, 121, 58, 101, 110, 100, 45, 106, 34, 10, 32, 32, 32, 32, 125, 44, 10, 32, 32, 32, 32, 123, 10, 32, 32, 32, 32, 32, 32, 34, 114, 101, 102, 95, 116, 121, 112, 101, 34, 58, 32, 34, 114, 101, 115, 117, 108, 116, 34, 44, 10, 32, 32, 32, 32, 32, 32, 34, 114, 101, 102, 95, 105, 100, 34, 58, 32, 34, 114, 101, 115, 117, 108, 116, 58, 99, 111, 109, 98, 105, 110, 97, 116, 105, 111, 110, 58, 99, 111, 109, 98, 105, 110, 97, 116, 105, 111, 110, 45, 67, 45, 79, 80, 69, 82, 45, 65, 76, 84, 58, 109, 111, 109, 101, 110, 116, 58, 112, 105, 112, 101, 45, 80, 45, 49, 48, 48, 58, 98, 101, 110, 100, 105, 110, 103, 45, 122, 34, 10, 32, 32, 32, 32, 125, 44, 10, 32, 32, 32, 32, 123, 10, 32, 32, 32, 32, 32, 32, 34, 114, 101, 102, 95, 116, 121, 112, 101, 34, 58, 32, 34, 114, 101, 115, 117, 108, 116, 34, 44, 10, 32, 32, 32, 32, 32, 32, 34, 114, 101, 102, 95, 105, 100, 34, 58, 32, 34, 114, 101, 115, 117, 108, 116, 58, 99, 111, 109, 98, 105, 110, 97, 116, 105, 111, 110, 58, 99, 111, 109, 98, 105, 110, 97, 116, 105, 111, 110, 45, 67, 45, 79, 80, 69, 82, 45, 65, 76, 84, 58, 109, 111, 109, 101, 110, 116, 58, 112, 105, 112, 101, 45, 80, 45, 49, 48, 48, 58, 98, 101, 110, 100, 105, 110, 103, 45, 122, 58, 101, 110, 100, 45, 106, 34, 10, 32, 32, 32, 32, 125, 44, 10, 32, 32, 32, 32, 123, 10, 32, 32, 32, 32, 32, 32, 34, 114, 101, 102, 95, 116, 121, 112, 101, 34, 58, 32, 34, 114, 101, 115, 117, 108, 116, 34, 44, 10, 32, 32, 32, 32, 32, 32, 34, 114, 101, 102, 95, 105, 100, 34, 58, 32, 34, 114, 101, 115, 117, 108, 116, 58, 99, 111, 109, 98, 105, 110, 97, 116, 105, 111, 110, 58, 99, 111, 109, 98, 105, 110, 97, 116, 105, 111, 110, 45, 67, 45, 79, 80, 69, 82, 45, 65, 76, 84, 58, 109, 111, 109, 101, 110, 116, 58, 112, 105, 112, 101, 45, 80, 45, 49, 48, 48, 58, 109, 105, 100, 115, 112, 97, 110, 58, 98, 101, 110, 100, 105, 110, 103, 45, 121, 34, 10, 32, 32, 32, 32, 125, 44, 10, 32, 32, 32, 32, 123, 10, 32, 32, 32, 32, 32, 32, 34, 114, 101, 102, 95, 116, 121, 112, 101, 34, 58, 32, 34, 114, 101, 115, 117, 108, 116, 34, 44, 10, 32, 32, 32, 32, 32, 32, 34, 114, 101, 102, 95, 105, 100, 34, 58, 32, 34, 114, 101, 115, 117, 108, 116, 58, 99, 111, 109, 98, 105, 110, 97, 116, 105, 111, 110, 58, 99, 111, 109, 98, 105, 110, 97, 116, 105, 111, 110, 45, 67, 45, 79, 80, 69, 82, 45, 65, 76, 84, 58, 109, 111, 109, 101, 110, 116, 58, 112, 105, 112, 101, 45, 80, 45, 49, 48, 48, 58, 109, 105, 100, 115, 112, 97, 110, 58, 98, 101, 110, 100, 105, 110, 103, 45, 122, 34, 10, 32, 32, 32, 32, 125, 44, 10, 32, 32, 32, 32, 123, 10, 32, 32, 32, 32, 32, 32, 34, 114, 101, 102, 95, 116, 121, 112, 101, 34, 58, 32, 34, 114, 101, 115, 117, 108, 116, 34, 44, 10, 32, 32, 32, 32, 32, 32, 34, 114, 101, 102, 95, 105, 100, 34, 58, 32, 34, 114, 101, 115, 117, 108, 116, 58, 99, 111, 109, 98, 105, 110, 97, 116, 105, 111, 110, 58, 99, 111, 109, 98, 105, 110, 97, 116, 105, 111, 110, 45, 67, 45, 79, 80, 69, 82, 45, 65, 76, 84, 58, 109, 111, 109, 101, 110, 116, 58, 112, 105, 112, 101, 45, 80, 45, 49, 48, 48, 58, 109, 105, 100, 115, 112, 97, 110, 58, 116, 111, 114, 115, 105, 111, 110, 34, 10, 32, 32, 32, 32, 125, 44, 10, 32, 32, 32, 32, 123, 10, 32, 32, 32, 32, 32, 32, 34, 114, 101, 102, 95, 116, 121, 112, 101, 34, 58, 32, 34, 114, 101, 115, 117, 108, 116, 34, 44, 10, 32, 32, 32, 32, 32, 32, 34, 114, 101, 102, 95, 105, 100, 34, 58, 32, 34, 114, 101, 115, 117, 108, 116, 58, 99, 111, 109, 98, 105, 110, 97, 116, 105, 111, 110, 58, 99, 111, 109, 98, 105, 110, 97, 116, 105, 111, 110, 45, 67, 45, 79, 80, 69, 82, 45, 65, 76, 84, 58, 109, 111, 109, 101, 110, 116, 58, 112, 105, 112, 101, 45, 80, 45, 49, 48, 48, 58, 113, 117, 97, 114, 116, 101, 114, 45, 49, 58, 98, 101, 110, 100, 105, 110, 103, 45, 121, 34, 10, 32, 32, 32, 32, 125, 44, 10, 32, 32, 32, 32, 123, 10, 32, 32, 32, 32, 32, 32, 34, 114, 101, 102, 95, 116, 121, 112, 101, 34, 58, 32, 34, 114, 101, 115, 117, 108, 116, 34, 44, 10, 32, 32, 32, 32, 32, 32, 34, 114, 101, 102, 95, 105, 100, 34, 58, 32, 34, 114, 101, 115, 117, 108, 116, 58, 99, 111, 109, 98, 105, 110, 97, 116, 105, 111, 110, 58, 99, 111, 109, 98, 105, 110, 97, 116, 105, 111, 110, 45, 67, 45, 79, 80, 69, 82, 45, 65, 76, 84, 58, 109, 111, 109, 101, 110, 116, 58, 112, 105, 112, 101, 45, 80, 45, 49, 48, 48, 58, 113, 117, 97, 114, 116, 101, 114, 45, 49, 58, 98, 101, 110, 100, 105, 110, 103, 45, 122, 34, 10, 32, 32, 32, 32, 125, 44, 10, 32, 32, 32, 32, 123, 10, 32, 32, 32, 32, 32, 32, 34, 114, 101, 102, 95, 116, 121, 112, 101, 34, 58, 32, 34, 114, 101, 115, 117, 108, 116, 34, 44, 10, 32, 32, 32, 32, 32, 32, 34, 114, 101, 102, 95, 105, 100, 34, 58, 32, 34, 114, 101, 115, 117, 108, 116, 58, 99, 111, 109, 98, 105, 110, 97, 116, 105, 111, 110, 58, 99, 111, 109, 98, 105, 110, 97, 116, 105, 111, 110, 45, 67, 45, 79, 80, 69, 82, 45, 65, 76, 84, 58, 109, 111, 109, 101, 110, 116, 58, 112, 105, 112, 101, 45, 80, 45, 49, 48, 48, 58, 113, 117, 97, 114, 116, 101, 114, 45, 49, 58, 116, 111, 114, 115, 105, 111, 110, 34, 10, 32, 32, 32, 32, 125, 44, 10, 32, 32, 32, 32, 123, 10, 32, 32, 32, 32, 32, 32, 34, 114, 101, 102, 95, 116, 121, 112, 101, 34, 58, 32, 34, 114, 101, 115, 117, 108, 116, 34, 44, 10, 32, 32, 32, 32, 32, 32, 34, 114, 101, 102, 95, 105, 100, 34, 58, 32, 34, 114, 101, 115, 117, 108, 116, 58, 99, 111, 109, 98, 105, 110, 97, 116, 105, 111, 110, 58, 99, 111, 109, 98, 105, 110, 97, 116, 105, 111, 110, 45, 67, 45, 79, 80, 69, 82, 45, 65, 76, 84, 58, 109, 111, 109, 101, 110, 116, 58, 112, 105, 112, 101, 45, 80, 45, 49, 48, 48, 58, 113, 117, 97, 114, 116, 101, 114, 45, 51, 58, 98, 101, 110, 100, 105, 110, 103, 45, 121, 34, 10, 32, 32, 32, 32, 125, 44, 10, 32, 32, 32, 32, 123, 10, 32, 32, 32, 32, 32, 32, 34, 114, 101, 102, 95, 116, 121, 112, 101, 34, 58, 32, 34, 114, 101, 115, 117, 108, 116, 34, 44, 10, 32, 32, 32, 32, 32, 32, 34, 114, 101, 102, 95, 105, 100, 34, 58, 32, 34, 114, 101, 115, 117, 108, 116, 58, 99, 111, 109, 98, 105, 110, 97, 116, 105, 111, 110, 58, 99, 111, 109, 98, 105, 110, 97, 116, 105, 111, 110, 45, 67, 45, 79, 80, 69, 82, 45, 65, 76, 84, 58, 109, 111, 109, 101, 110, 116, 58, 112, 105, 112, 101, 45, 80, 45, 49, 48, 48, 58, 113, 117, 97, 114, 116, 101, 114, 45, 51, 58, 98, 101, 110, 100, 105, 110, 103, 45, 122, 34, 10, 32, 32, 32, 32, 125, 44, 10, 32, 32, 32, 32, 123, 10, 32, 32, 32, 32, 32, 32, 34, 114, 101, 102, 95, 116, 121, 112, 101, 34, 58, 32, 34, 114, 101, 115, 117, 108, 116, 34, 44, 10, 32, 32, 32, 32, 32, 32, 34, 114, 101, 102, 95, 105, 100, 34, 58, 32, 34, 114, 101, 115, 117, 108, 116, 58, 99, 111, 109, 98, 105, 110, 97, 116, 105, 111, 110, 58, 99, 111, 109, 98, 105, 110, 97, 116, 105, 111, 110, 45, 67, 45, 79, 80, 69, 82, 45, 65, 76, 84, 58, 109, 111, 109, 101, 110, 116, 58, 112, 105, 112, 101, 45, 80, 45, 49, 48, 48, 58, 113, 117, 97, 114, 116, 101, 114, 45, 51, 58, 116, 111, 114, 115, 105, 111, 110, 34, 10, 32, 32, 32, 32, 125, 44, 10, 32, 32, 32, 32, 123, 10, 32, 32, 32, 32, 32, 32, 34, 114, 101, 102, 95, 116, 121, 112, 101, 34, 58, 32, 34, 114, 101, 115, 117, 108, 116, 34, 44, 10, 32, 32, 32, 32, 32, 32, 34, 114, 101, 102, 95, 105, 100, 34, 58, 32, 34, 114, 101, 115, 117, 108, 116, 58, 99, 111, 109, 98, 105, 110, 97, 116, 105, 111, 110, 58, 99, 111, 109, 98, 105, 110, 97, 116, 105, 111, 110, 45, 67, 45, 79, 80, 69, 82, 45, 65, 76, 84, 58, 109, 111, 109, 101, 110, 116, 58, 112, 105, 112, 101, 45, 80, 45, 49, 48, 48, 58, 116, 111, 114, 115, 105, 111, 110, 34, 10, 32, 32, 32, 32, 125, 44, 10, 32, 32, 32, 32, 123, 10, 32, 32, 32, 32, 32, 32, 34, 114, 101, 102, 95, 116, 121, 112, 101, 34, 58, 32, 34, 114, 101, 115, 117, 108, 116, 34, 44, 10, 32, 32, 32, 32, 32, 32, 34, 114, 101, 102, 95, 105, 100, 34, 58, 32, 34, 114, 101, 115, 117, 108, 116, 58, 99, 111, 109, 98, 105, 110, 97, 116, 105, 111, 110, 58, 99, 111, 109, 98, 105, 110, 97, 116, 105, 111, 110, 45, 67, 45, 79, 80, 69, 82, 45, 65, 76, 84, 58, 109, 111, 109, 101, 110, 116, 58, 112, 105, 112, 101, 45, 80, 45, 49, 48, 48, 58, 116, 111, 114, 115, 105, 111, 110, 58, 101, 110, 100, 45, 106, 34, 10, 32, 32, 32, 32, 125, 44, 10, 32, 32, 32, 32, 123, 10, 32, 32, 32, 32, 32, 32, 34, 114, 101, 102, 95, 116, 121, 112, 101, 34, 58, 32, 34, 114, 101, 115, 117, 108, 116, 34, 44, 10, 32, 32, 32, 32, 32, 32, 34, 114, 101, 102, 95, 105, 100, 34, 58, 32, 34, 114, 101, 115, 117, 108, 116, 58, 99, 111, 109, 98, 105, 110, 97, 116, 105, 111, 110, 58, 99, 111, 109, 98, 105, 110, 97, 116, 105, 111, 110, 45, 67, 45, 79, 80, 69, 82, 45, 65, 76, 84, 58, 109, 111, 109, 101, 110, 116, 58, 112, 105, 112, 101, 45, 80, 45, 49, 49, 48, 58, 98, 101, 110, 100, 105, 110, 103, 45, 121, 34, 10, 32, 32, 32, 32, 125, 44, 10, 32, 32, 32, 32, 123, 10, 32, 32, 32, 32, 32, 32, 34, 114, 101, 102, 95, 116, 121, 112, 101, 34, 58, 32, 34, 114, 101, 115, 117, 108, 116, 34, 44, 10, 32, 32, 32, 32, 32, 32, 34, 114, 101, 102, 95, 105, 100, 34, 58, 32, 34, 114, 101, 115, 117, 108, 116, 58, 99, 111, 109, 98, 105, 110, 97, 116, 105, 111, 110, 58, 99, 111, 109, 98, 105, 110, 97, 116, 105, 111, 110, 45, 67, 45, 79, 80, 69, 82, 45, 65, 76, 84, 58, 109, 111, 109, 101, 110, 116, 58, 112, 105, 112, 101, 45, 80, 45, 49, 49, 48, 58, 98, 101, 110, 100, 105, 110, 103, 45, 121, 58, 101, 110, 100, 45, 106, 34, 10, 32, 32, 32, 32, 125, 44, 10, 32, 32, 32, 32, 123, 10, 32, 32, 32, 32, 32, 32, 34, 114, 101, 102, 95, 116, 121, 112, 101, 34, 58, 32, 34, 114, 101, 115, 117, 108, 116, 34, 44, 10, 32, 32, 32, 32, 32, 32, 34, 114, 101, 102, 95, 105, 100, 34, 58, 32, 34, 114, 101, 115, 117, 108, 116, 58, 99, 111, 109, 98, 105, 110, 97, 116, 105, 111, 110, 58, 99, 111, 109, 98, 105, 110, 97, 116, 105, 111, 110, 45, 67, 45, 79, 80, 69, 82, 45, 65, 76, 84, 58, 109, 111, 109, 101, 110, 116, 58, 112, 105, 112, 101, 45, 80, 45, 49, 49, 48, 58, 98, 101, 110, 100, 105, 110, 103, 45, 122, 34, 10, 32, 32, 32, 32, 125, 44, 10, 32, 32, 32, 32, 123, 10, 32, 32, 32, 32, 32, 32, 34, 114, 101, 102, 95, 116, 121, 112, 101, 34, 58, 32, 34, 114, 101, 115, 117, 108, 116, 34, 44, 10, 32, 32, 32, 32, 32, 32, 34, 114, 101, 102, 95, 105, 100, 34, 58, 32, 34, 114, 101, 115, 117, 108, 116, 58, 99, 111, 109, 98, 105, 110, 97, 116, 105, 111, 110, 58, 99, 111, 109, 98, 105, 110, 97, 116, 105, 111, 110, 45, 67, 45, 79, 80, 69, 82, 45, 65, 76, 84, 58, 109, 111, 109, 101, 110, 116, 58, 112, 105, 112, 101, 45, 80, 45, 49, 49, 48, 58, 98, 101, 110, 100, 105, 110, 103, 45, 122, 58, 101, 110, 100, 45, 106, 34, 10, 32, 32, 32, 32, 125, 44, 10, 32, 32, 32, 32, 123, 10, 32, 32, 32, 32, 32, 32, 34, 114, 101, 102, 95, 116, 121, 112, 101, 34, 58, 32, 34, 114, 101, 115, 117, 108, 116, 34, 44, 10, 32, 32, 32, 32, 32, 32, 34, 114, 101, 102, 95, 105, 100, 34, 58, 32, 34, 114, 101, 115, 117, 108, 116, 58, 99, 111, 109, 98, 105, 110, 97, 116, 105, 111, 110, 58, 99, 111, 109, 98, 105, 110, 97, 116, 105, 111, 110, 45, 67, 45, 79, 80, 69, 82, 45, 65, 76, 84, 58, 109, 111, 109, 101, 110, 116, 58, 112, 105, 112, 101, 45, 80, 45, 49, 49, 48, 58, 109, 105, 100, 115, 112, 97, 110, 58, 98, 101, 110, 100, 105, 110, 103, 45, 121, 34, 10, 32, 32, 32, 32, 125, 44, 10, 32, 32, 32, 32, 123, 10, 32, 32, 32, 32, 32, 32, 34, 114, 101, 102, 95, 116, 121, 112, 101, 34, 58, 32, 34, 114, 101, 115, 117, 108, 116, 34, 44, 10, 32, 32, 32, 32, 32, 32, 34, 114, 101, 102, 95, 105, 100, 34, 58, 32, 34, 114, 101, 115, 117, 108, 116, 58, 99, 111, 109, 98, 105, 110, 97, 116, 105, 111, 110, 58, 99, 111, 109, 98, 105, 110, 97, 116, 105, 111, 110, 45, 67, 45, 79, 80, 69, 82, 45, 65, 76, 84, 58, 109, 111, 109, 101, 110, 116, 58, 112, 105, 112, 101, 45, 80, 45, 49, 49, 48, 58, 109, 105, 100, 115, 112, 97, 110, 58, 98, 101, 110, 100, 105, 110, 103, 45, 122, 34, 10, 32, 32, 32, 32, 125, 44, 10, 32, 32, 32, 32, 123, 10, 32, 32, 32, 32, 32, 32, 34, 114, 101, 102, 95, 116, 121, 112, 101, 34, 58, 32, 34, 114, 101, 115, 117, 108, 116, 34, 44, 10, 32, 32, 32, 32, 32, 32, 34, 114, 101, 102, 95, 105, 100, 34, 58, 32, 34, 114, 101, 115, 117, 108, 116, 58, 99, 111, 109, 98, 105, 110, 97, 116, 105, 111, 110, 58, 99, 111, 109, 98, 105, 110, 97, 116, 105, 111, 110, 45, 67, 45, 79, 80, 69, 82, 45, 65, 76, 84, 58, 109, 111, 109, 101, 110, 116, 58, 112, 105, 112, 101, 45, 80, 45, 49, 49, 48, 58, 109, 105, 100, 115, 112, 97, 110, 58, 116, 111, 114, 115, 105, 111, 110, 34, 10, 32, 32, 32, 32, 125, 44, 10, 32, 32, 32, 32, 123, 10, 32, 32, 32, 32, 32, 32, 34, 114, 101, 102, 95, 116, 121, 112, 101, 34, 58, 32, 34, 114, 101, 115, 117, 108, 116, 34, 44, 10, 32, 32, 32, 32, 32, 32, 34, 114, 101, 102, 95, 105, 100, 34, 58, 32, 34, 114, 101, 115, 117, 108, 116, 58, 99, 111, 109, 98, 105, 110, 97, 116, 105, 111, 110, 58, 99, 111, 109, 98, 105, 110, 97, 116, 105, 111, 110, 45, 67, 45, 79, 80, 69, 82, 45, 65, 76, 84, 58, 109, 111, 109, 101, 110, 116, 58, 112, 105, 112, 101, 45, 80, 45, 49, 49, 48, 58, 113, 117, 97, 114, 116, 101, 114, 45, 49, 58, 98, 101, 110, 100, 105, 110, 103, 45, 121, 34, 10, 32, 32, 32, 32, 125, 44, 10, 32, 32, 32, 32, 123, 10, 32, 32, 32, 32, 32, 32, 34, 114, 101, 102, 95, 116, 121, 112, 101, 34, 58, 32, 34, 114, 101, 115, 117, 108, 116, 34, 44, 10, 32, 32, 32, 32, 32, 32, 34, 114, 101, 102, 95, 105, 100, 34, 58, 32, 34, 114, 101, 115, 117, 108, 116, 58, 99, 111, 109, 98, 105, 110, 97, 116, 105, 111, 110, 58, 99, 111, 109, 98, 105, 110, 97, 116, 105, 111, 110, 45, 67, 45, 79, 80, 69, 82, 45, 65, 76, 84, 58, 109, 111, 109, 101, 110, 116, 58, 112, 105, 112, 101, 45, 80, 45, 49, 49, 48, 58, 113, 117, 97, 114, 116, 101, 114, 45, 49, 58, 98, 101, 110, 100, 105, 110, 103, 45, 122, 34, 10, 32, 32, 32, 32, 125, 44, 10, 32, 32, 32, 32, 123, 10, 32, 32, 32, 32, 32, 32, 34, 114, 101, 102, 95, 116, 121, 112, 101, 34, 58, 32, 34, 114, 101, 115, 117, 108, 116, 34, 44, 10, 32, 32, 32, 32, 32, 32, 34, 114, 101, 102, 95, 105, 100, 34, 58, 32, 34, 114, 101, 115, 117, 108, 116, 58, 99, 111, 109, 98, 105, 110, 97, 116, 105, 111, 110, 58, 99, 111, 109, 98, 105, 110, 97, 116, 105, 111, 110, 45, 67, 45, 79, 80, 69, 82, 45, 65, 76, 84, 58, 109, 111, 109, 101, 110, 116, 58, 112, 105, 112, 101, 45, 80, 45, 49, 49, 48, 58, 113, 117, 97, 114, 116, 101, 114, 45, 49, 58, 116, 111, 114, 115, 105, 111, 110, 34, 10, 32, 32, 32, 32, 125, 44, 10, 32, 32, 32, 32, 123, 10, 32, 32, 32, 32, 32, 32, 34, 114, 101, 102, 95, 116, 121, 112, 101, 34, 58, 32, 34, 114, 101, 115, 117, 108, 116, 34, 44, 10, 32, 32, 32, 32, 32, 32, 34, 114, 101, 102, 95, 105, 100, 34, 58, 32, 34, 114, 101, 115, 117, 108, 116, 58, 99, 111, 109, 98, 105, 110, 97, 116, 105, 111, 110, 58, 99, 111, 109, 98, 105, 110, 97, 116, 105, 111, 110, 45, 67, 45, 79, 80, 69, 82, 45, 65, 76, 84, 58, 109, 111, 109, 101, 110, 116, 58, 112, 105, 112, 101, 45, 80, 45, 49, 49, 48, 58, 113, 117, 97, 114, 116, 101, 114, 45, 51, 58, 98, 101, 110, 100, 105, 110, 103, 45, 121, 34, 10, 32, 32, 32, 32, 125, 44, 10, 32, 32, 32, 32, 123, 10, 32, 32, 32, 32, 32, 32, 34, 114, 101, 102, 95, 116, 121, 112, 101, 34, 58, 32, 34, 114, 101, 115, 117, 108, 116, 34, 44, 10, 32, 32, 32, 32, 32, 32, 34, 114, 101, 102, 95, 105, 100, 34, 58, 32, 34, 114, 101, 115, 117, 108, 116, 58, 99, 111, 109, 98, 105, 110, 97, 116, 105, 111, 110, 58, 99, 111, 109, 98, 105, 110, 97, 116, 105, 111, 110, 45, 67, 45, 79, 80, 69, 82, 45, 65, 76, 84, 58, 109, 111, 109, 101, 110, 116, 58, 112, 105, 112, 101, 45, 80, 45, 49, 49, 48, 58, 113, 117, 97, 114, 116, 101, 114, 45, 51, 58, 98, 101, 110, 100, 105, 110, 103, 45, 122, 34, 10, 32, 32, 32, 32, 125, 44, 10, 32, 32, 32, 32, 123, 10, 32, 32, 32, 32, 32, 32, 34, 114, 101, 102, 95, 116, 121, 112, 101, 34, 58, 32, 34, 114, 101, 115, 117, 108, 116, 34, 44, 10, 32, 32, 32, 32, 32, 32, 34, 114, 101, 102, 95, 105, 100, 34, 58, 32, 34, 114, 101, 115, 117, 108, 116, 58, 99, 111, 109, 98, 105, 110, 97, 116, 105, 111, 110, 58, 99, 111, 109, 98, 105, 110, 97, 116, 105, 111, 110, 45, 67, 45, 79, 80, 69, 82, 45, 65, 76, 84, 58, 109, 111, 109, 101, 110, 116, 58, 112, 105, 112, 101, 45, 80, 45, 49, 49, 48, 58, 113, 117, 97, 114, 116, 101, 114, 45, 51, 58, 116, 111, 114, 115, 105, 111, 110, 34, 10, 32, 32, 32, 32, 125, 44, 10, 32, 32, 32, 32, 123, 10, 32, 32, 32, 32, 32, 32, 34, 114, 101, 102, 95, 116, 121, 112, 101, 34, 58, 32, 34, 114, 101, 115, 117, 108, 116, 34, 44, 10, 32, 32, 32, 32, 32, 32, 34, 114, 101, 102, 95, 105, 100, 34, 58, 32, 34, 114, 101, 115, 117, 108, 116, 58, 99, 111, 109, 98, 105, 110, 97, 116, 105, 111, 110, 58, 99, 111, 109, 98, 105, 110, 97, 116, 105, 111, 110, 45, 67, 45, 79, 80, 69, 82, 45, 65, 76, 84, 58, 109, 111, 109, 101, 110, 116, 58, 112, 105, 112, 101, 45, 80, 45, 49, 49, 48, 58, 116, 111, 114, 115, 105, 111, 110, 34, 10, 32, 32, 32, 32, 125, 44, 10, 32, 32, 32, 32, 123, 10, 32, 32, 32, 32, 32, 32, 34, 114, 101, 102, 95, 116, 121, 112, 101, 34, 58, 32, 34, 114, 101, 115, 117, 108, 116, 34, 44, 10, 32, 32, 32, 32, 32, 32, 34, 114, 101, 102, 95, 105, 100, 34, 58, 32, 34, 114, 101, 115, 117, 108, 116, 58, 99, 111, 109, 98, 105, 110, 97, 116, 105, 111, 110, 58, 99, 111, 109, 98, 105, 110, 97, 116, 105, 111, 110, 45, 67, 45, 79, 80, 69, 82, 45, 65, 76, 84, 58, 109, 111, 109, 101, 110, 116, 58, 112, 105, 112, 101, 45, 80, 45, 49, 49, 48, 58, 116, 111, 114, 115, 105, 111, 110, 58, 101, 110, 100, 45, 106, 34, 10, 32, 32, 32, 32, 125, 44, 10, 32, 32, 32, 32, 123, 10, 32, 32, 32, 32, 32, 32, 34, 114, 101, 102, 95, 116, 121, 112, 101, 34, 58, 32, 34, 114, 101, 115, 117, 108, 116, 34, 44, 10, 32, 32, 32, 32, 32, 32, 34, 114, 101, 102, 95, 105, 100, 34, 58, 32, 34, 114, 101, 115, 117, 108, 116, 58, 99, 111, 109, 98, 105, 110, 97, 116, 105, 111, 110, 58, 99, 111, 109, 98, 105, 110, 97, 116, 105, 111, 110, 45, 67, 45, 79, 80, 69, 82, 45, 65, 76, 84, 58, 109, 111, 109, 101, 110, 116, 58, 112, 105, 112, 101, 45, 80, 45, 49, 50, 48, 58, 98, 101, 110, 100, 105, 110, 103, 45, 121, 34, 10, 32, 32, 32, 32, 125, 44, 10, 32, 32, 32, 32, 123, 10, 32, 32, 32, 32, 32, 32, 34, 114, 101, 102, 95, 116, 121, 112, 101, 34, 58, 32, 34, 114, 101, 115, 117, 108, 116, 34, 44, 10, 32, 32, 32, 32, 32, 32, 34, 114, 101, 102, 95, 105, 100, 34, 58, 32, 34, 114, 101, 115, 117, 108, 116, 58, 99, 111, 109, 98, 105, 110, 97, 116, 105, 111, 110, 58, 99, 111, 109, 98, 105, 110, 97, 116, 105, 111, 110, 45, 67, 45, 79, 80, 69, 82, 45, 65, 76, 84, 58, 109, 111, 109, 101, 110, 116, 58, 112, 105, 112, 101, 45, 80, 45, 49, 50, 48, 58, 98, 101, 110, 100, 105, 110, 103, 45, 121, 58, 101, 110, 100, 45, 106, 34, 10, 32, 32, 32, 32, 125, 44, 10, 32, 32, 32, 32, 123, 10, 32, 32, 32, 32, 32, 32, 34, 114, 101, 102, 95, 116, 121, 112, 101, 34, 58, 32, 34, 114, 101, 115, 117, 108, 116, 34, 44, 10, 32, 32, 32, 32, 32, 32, 34, 114, 101, 102, 95, 105, 100, 34, 58, 32, 34, 114, 101, 115, 117, 108, 116, 58, 99, 111, 109, 98, 105, 110, 97, 116, 105, 111, 110, 58, 99, 111, 109, 98, 105, 110, 97, 116, 105, 111, 110, 45, 67, 45, 79, 80, 69, 82, 45, 65, 76, 84, 58, 109, 111, 109, 101, 110, 116, 58, 112, 105, 112, 101, 45, 80, 45, 49, 50, 48, 58, 98, 101, 110, 100, 105, 110, 103, 45, 122, 34, 10, 32, 32, 32, 32, 125, 44, 10, 32, 32, 32, 32, 123, 10, 32, 32, 32, 32, 32, 32, 34, 114, 101, 102, 95, 116, 121, 112, 101, 34, 58, 32, 34, 114, 101, 115, 117, 108, 116, 34, 44, 10, 32, 32, 32, 32, 32, 32, 34, 114, 101, 102, 95, 105, 100, 34, 58, 32, 34, 114, 101, 115, 117, 108, 116, 58, 99, 111, 109, 98, 105, 110, 97, 116, 105, 111, 110, 58, 99, 111, 109, 98, 105, 110, 97, 116, 105, 111, 110, 45, 67, 45, 79, 80, 69, 82, 45, 65, 76, 84, 58, 109, 111, 109, 101, 110, 116, 58, 112, 105, 112, 101, 45, 80, 45, 49, 50, 48, 58, 98, 101, 110, 100, 105, 110, 103, 45, 122, 58, 101, 110, 100, 45, 106, 34, 10, 32, 32, 32, 32, 125, 44, 10, 32, 32, 32, 32, 123, 10, 32, 32, 32, 32, 32, 32, 34, 114, 101, 102, 95, 116, 121, 112, 101, 34, 58, 32, 34, 114, 101, 115, 117, 108, 116, 34, 44, 10, 32, 32, 32, 32, 32, 32, 34, 114, 101, 102, 95, 105, 100, 34, 58, 32, 34, 114, 101, 115, 117, 108, 116, 58, 99, 111, 109, 98, 105, 110, 97, 116, 105, 111, 110, 58, 99, 111, 109, 98, 105, 110, 97, 116, 105, 111, 110, 45, 67, 45, 79, 80, 69, 82, 45, 65, 76, 84, 58, 109, 111, 109, 101, 110, 116, 58, 112, 105, 112, 101, 45, 80, 45, 49, 50, 48, 58, 109, 105, 100, 115, 112, 97, 110, 58, 98, 101, 110, 100, 105, 110, 103, 45, 121, 34, 10, 32, 32, 32, 32, 125, 44, 10, 32, 32, 32, 32, 123, 10, 32, 32, 32, 32, 32, 32, 34, 114, 101, 102, 95, 116, 121, 112, 101, 34, 58, 32, 34, 114, 101, 115, 117, 108, 116, 34, 44, 10, 32, 32, 32, 32, 32, 32, 34, 114, 101, 102, 95, 105, 100, 34, 58, 32, 34, 114, 101, 115, 117, 108, 116, 58, 99, 111, 109, 98, 105, 110, 97, 116, 105, 111, 110, 58, 99, 111, 109, 98, 105, 110, 97, 116, 105, 111, 110, 45, 67, 45, 79, 80, 69, 82, 45, 65, 76, 84, 58, 109, 111, 109, 101, 110, 116, 58, 112, 105, 112, 101, 45, 80, 45, 49, 50, 48, 58, 109, 105, 100, 115, 112, 97, 110, 58, 98, 101, 110, 100, 105, 110, 103, 45, 122, 34, 10, 32, 32, 32, 32, 125, 44, 10, 32, 32, 32, 32, 123, 10, 32, 32, 32, 32, 32, 32, 34, 114, 101, 102, 95, 116, 121, 112, 101, 34, 58, 32, 34, 114, 101, 115, 117, 108, 116, 34, 44, 10, 32, 32, 32, 32, 32, 32, 34, 114, 101, 102, 95, 105, 100, 34, 58, 32, 34, 114, 101, 115, 117, 108, 116, 58, 99, 111, 109, 98, 105, 110, 97, 116, 105, 111, 110, 58, 99, 111, 109, 98, 105, 110, 97, 116, 105, 111, 110, 45, 67, 45, 79, 80, 69, 82, 45, 65, 76, 84, 58, 109, 111, 109, 101, 110, 116, 58, 112, 105, 112, 101, 45, 80, 45, 49, 50, 48, 58, 109, 105, 100, 115, 112, 97, 110, 58, 116, 111, 114, 115, 105, 111, 110, 34, 10, 32, 32, 32, 32, 125, 44, 10, 32, 32, 32, 32, 123, 10, 32, 32, 32, 32, 32, 32, 34, 114, 101, 102, 95, 116, 121, 112, 101, 34, 58, 32, 34, 114, 101, 115, 117, 108, 116, 34, 44, 10, 32, 32, 32, 32, 32, 32, 34, 114, 101, 102, 95, 105, 100, 34, 58, 32, 34, 114, 101, 115, 117, 108, 116, 58, 99, 111, 109, 98, 105, 110, 97, 116, 105, 111, 110, 58, 99, 111, 109, 98, 105, 110, 97, 116, 105, 111, 110, 45, 67, 45, 79, 80, 69, 82, 45, 65, 76, 84, 58, 109, 111, 109, 101, 110, 116, 58, 112, 105, 112, 101, 45, 80, 45, 49, 50, 48, 58, 113, 117, 97, 114, 116, 101, 114, 45, 49, 58, 98, 101, 110, 100, 105, 110, 103, 45, 121, 34, 10, 32, 32, 32, 32, 125, 44, 10, 32, 32, 32, 32, 123, 10, 32, 32, 32, 32, 32, 32, 34, 114, 101, 102, 95, 116, 121, 112, 101, 34, 58, 32, 34, 114, 101, 115, 117, 108, 116, 34, 44, 10, 32, 32, 32, 32, 32, 32, 34, 114, 101, 102, 95, 105, 100, 34, 58, 32, 34, 114, 101, 115, 117, 108, 116, 58, 99, 111, 109, 98, 105, 110, 97, 116, 105, 111, 110, 58, 99, 111, 109, 98, 105, 110, 97, 116, 105, 111, 110, 45, 67, 45, 79, 80, 69, 82, 45, 65, 76, 84, 58, 109, 111, 109, 101, 110, 116, 58, 112, 105, 112, 101, 45, 80, 45, 49, 50, 48, 58, 113, 117, 97, 114, 116, 101, 114, 45, 49, 58, 98, 101, 110, 100, 105, 110, 103, 45, 122, 34, 10, 32, 32, 32, 32, 125, 44, 10, 32, 32, 32, 32, 123, 10, 32, 32, 32, 32, 32, 32, 34, 114, 101, 102, 95, 116, 121, 112, 101, 34, 58, 32, 34, 114, 101, 115, 117, 108, 116, 34, 44, 10, 32, 32, 32, 32, 32, 32, 34, 114, 101, 102, 95, 105, 100, 34, 58, 32, 34, 114, 101, 115, 117, 108, 116, 58, 99, 111, 109, 98, 105, 110, 97, 116, 105, 111, 110, 58, 99, 111, 109, 98, 105, 110, 97, 116, 105, 111, 110, 45, 67, 45, 79, 80, 69, 82, 45, 65, 76, 84, 58, 109, 111, 109, 101, 110, 116, 58, 112, 105, 112, 101, 45, 80, 45, 49, 50, 48, 58, 113, 117, 97, 114, 116, 101, 114, 45, 49, 58, 116, 111, 114, 115, 105, 111, 110, 34, 10, 32, 32, 32, 32, 125, 44, 10, 32, 32, 32, 32, 123, 10, 32, 32, 32, 32, 32, 32, 34, 114, 101, 102, 95, 116, 121, 112, 101, 34, 58, 32, 34, 114, 101, 115, 117, 108, 116, 34, 44, 10, 32, 32, 32, 32, 32, 32, 34, 114, 101, 102, 95, 105, 100, 34, 58, 32, 34, 114, 101, 115, 117, 108, 116, 58, 99, 111, 109, 98, 105, 110, 97, 116, 105, 111, 110, 58, 99, 111, 109, 98, 105, 110, 97, 116, 105, 111, 110, 45, 67, 45, 79, 80, 69, 82, 45, 65, 76, 84, 58, 109, 111, 109, 101, 110, 116, 58, 112, 105, 112, 101, 45, 80, 45, 49, 50, 48, 58, 113, 117, 97, 114, 116, 101, 114, 45, 51, 58, 98, 101, 110, 100, 105, 110, 103, 45, 121, 34, 10, 32, 32, 32, 32, 125, 44, 10, 32, 32, 32, 32, 123, 10, 32, 32, 32, 32, 32, 32, 34, 114, 101, 102, 95, 116, 121, 112, 101, 34, 58, 32, 34, 114, 101, 115, 117, 108, 116, 34, 44, 10, 32, 32, 32, 32, 32, 32, 34, 114, 101, 102, 95, 105, 100, 34, 58, 32, 34, 114, 101, 115, 117, 108, 116, 58, 99, 111, 109, 98, 105, 110, 97, 116, 105, 111, 110, 58, 99, 111, 109, 98, 105, 110, 97, 116, 105, 111, 110, 45, 67, 45, 79, 80, 69, 82, 45, 65, 76, 84, 58, 109, 111, 109, 101, 110, 116, 58, 112, 105, 112, 101, 45, 80, 45, 49, 50, 48, 58, 113, 117, 97, 114, 116, 101, 114, 45, 51, 58, 98, 101, 110, 100, 105, 110, 103, 45, 122, 34, 10, 32, 32, 32, 32, 125, 44, 10, 32, 32, 32, 32, 123, 10, 32, 32, 32, 32, 32, 32, 34, 114, 101, 102, 95, 116, 121, 112, 101, 34, 58, 32, 34, 114, 101, 115, 117, 108, 116, 34, 44, 10, 32, 32, 32, 32, 32, 32, 34, 114, 101, 102, 95, 105, 100, 34, 58, 32, 34, 114, 101, 115, 117, 108, 116, 58, 99, 111, 109, 98, 105, 110, 97, 116, 105, 111, 110, 58, 99, 111, 109, 98, 105, 110, 97, 116, 105, 111, 110, 45, 67, 45, 79, 80, 69, 82, 45, 65, 76, 84, 58, 109, 111, 109, 101, 110, 116, 58, 112, 105, 112, 101, 45, 80, 45, 49, 50, 48, 58, 113, 117, 97, 114, 116, 101, 114, 45, 51, 58, 116, 111, 114, 115, 105, 111, 110, 34, 10, 32, 32, 32, 32, 125, 44, 10, 32, 32, 32, 32, 123, 10, 32, 32, 32, 32, 32, 32, 34, 114, 101, 102, 95, 116, 121, 112, 101, 34, 58, 32, 34, 114, 101, 115, 117, 108, 116, 34, 44, 10, 32, 32, 32, 32, 32, 32, 34, 114, 101, 102, 95, 105, 100, 34, 58, 32, 34, 114, 101, 115, 117, 108, 116, 58, 99, 111, 109, 98, 105, 110, 97, 116, 105, 111, 110, 58, 99, 111, 109, 98, 105, 110, 97, 116, 105, 111, 110, 45, 67, 45, 79, 80, 69, 82, 45, 65, 76, 84, 58, 109, 111, 109, 101, 110, 116, 58, 112, 105, 112, 101, 45, 80, 45, 49, 50, 48, 58, 116, 111, 114, 115, 105, 111, 110, 34, 10, 32, 32, 32, 32, 125, 44, 10, 32, 32, 32, 32, 123, 10, 32, 32, 32, 32, 32, 32, 34, 114, 101, 102, 95, 116, 121, 112, 101, 34, 58, 32, 34, 114, 101, 115, 117, 108, 116, 34, 44, 10, 32, 32, 32, 32, 32, 32, 34, 114, 101, 102, 95, 105, 100, 34, 58, 32, 34, 114, 101, 115, 117, 108, 116, 58, 99, 111, 109, 98, 105, 110, 97, 116, 105, 111, 110, 58, 99, 111, 109, 98, 105, 110, 97, 116, 105, 111, 110, 45, 67, 45, 79, 80, 69, 82, 45, 65, 76, 84, 58, 109, 111, 109, 101, 110, 116, 58, 112, 105, 112, 101, 45, 80, 45, 49, 50, 48, 58, 116, 111, 114, 115, 105, 111, 110, 58, 101, 110, 100, 45, 106, 34, 10, 32, 32, 32, 32, 125, 44, 10, 32, 32, 32, 32, 123, 10, 32, 32, 32, 32, 32, 32, 34, 114, 101, 102, 95, 116, 121, 112, 101, 34, 58, 32, 34, 114, 101, 115, 117, 108, 116, 34, 44, 10, 32, 32, 32, 32, 32, 32, 34, 114, 101, 102, 95, 105, 100, 34, 58, 32, 34, 114, 101, 115, 117, 108, 116, 58, 99, 111, 109, 98, 105, 110, 97, 116, 105, 111, 110, 58, 99, 111, 109, 98, 105, 110, 97, 116, 105, 111, 110, 45, 67, 45, 79, 80, 69, 82, 45, 65, 76, 84, 58, 109, 111, 109, 101, 110, 116, 58, 112, 105, 112, 101, 45, 80, 45, 49, 51, 48, 58, 98, 101, 110, 100, 105, 110, 103, 45, 121, 34, 10, 32, 32, 32, 32, 125, 44, 10, 32, 32, 32, 32, 123, 10, 32, 32, 32, 32, 32, 32, 34, 114, 101, 102, 95, 116, 121, 112, 101, 34, 58, 32, 34, 114, 101, 115, 117, 108, 116, 34, 44, 10, 32, 32, 32, 32, 32, 32, 34, 114, 101, 102, 95, 105, 100, 34, 58, 32, 34, 114, 101, 115, 117, 108, 116, 58, 99, 111, 109, 98, 105, 110, 97, 116, 105, 111, 110, 58, 99, 111, 109, 98, 105, 110, 97, 116, 105, 111, 110, 45, 67, 45, 79, 80, 69, 82, 45, 65, 76, 84, 58, 109, 111, 109, 101, 110, 116, 58, 112, 105, 112, 101, 45, 80, 45, 49, 51, 48, 58, 98, 101, 110, 100, 105, 110, 103, 45, 121, 58, 101, 110, 100, 45, 106, 34, 10, 32, 32, 32, 32, 125, 44, 10, 32, 32, 32, 32, 123, 10, 32, 32, 32, 32, 32, 32, 34, 114, 101, 102, 95, 116, 121, 112, 101, 34, 58, 32, 34, 114, 101, 115, 117, 108, 116, 34, 44, 10, 32, 32, 32, 32, 32, 32, 34, 114, 101, 102, 95, 105, 100, 34, 58, 32, 34, 114, 101, 115, 117, 108, 116, 58, 99, 111, 109, 98, 105, 110, 97, 116, 105, 111, 110, 58, 99, 111, 109, 98, 105, 110, 97, 116, 105, 111, 110, 45, 67, 45, 79, 80, 69, 82, 45, 65, 76, 84, 58, 109, 111, 109, 101, 110, 116, 58, 112, 105, 112, 101, 45, 80, 45, 49, 51, 48, 58, 98, 101, 110, 100, 105, 110, 103, 45, 122, 34, 10, 32, 32, 32, 32, 125, 44, 10, 32, 32, 32, 32, 123, 10, 32, 32, 32, 32, 32, 32, 34, 114, 101, 102, 95, 116, 121, 112, 101, 34, 58, 32, 34, 114, 101, 115, 117, 108, 116, 34, 44, 10, 32, 32, 32, 32, 32, 32, 34, 114, 101, 102, 95, 105, 100, 34, 58, 32, 34, 114, 101, 115, 117, 108, 116, 58, 99, 111, 109, 98, 105, 110, 97, 116, 105, 111, 110, 58, 99, 111, 109, 98, 105, 110, 97, 116, 105, 111, 110, 45, 67, 45, 79, 80, 69, 82, 45, 65, 76, 84, 58, 109, 111, 109, 101, 110, 116, 58, 112, 105, 112, 101, 45, 80, 45, 49, 51, 48, 58, 98, 101, 110, 100, 105, 110, 103, 45, 122, 58, 101, 110, 100, 45, 106, 34, 10, 32, 32, 32, 32, 125, 44, 10, 32, 32, 32, 32, 123, 10, 32, 32, 32, 32, 32, 32, 34, 114, 101, 102, 95, 116, 121, 112, 101, 34, 58, 32, 34, 114, 101, 115, 117, 108, 116, 34, 44, 10, 32, 32, 32, 32, 32, 32, 34, 114, 101, 102, 95, 105, 100, 34, 58, 32, 34, 114, 101, 115, 117, 108, 116, 58, 99, 111, 109, 98, 105, 110, 97, 116, 105, 111, 110, 58, 99, 111, 109, 98, 105, 110, 97, 116, 105, 111, 110, 45, 67, 45, 79, 80, 69, 82, 45, 65, 76, 84, 58, 109, 111, 109, 101, 110, 116, 58, 112, 105, 112, 101, 45, 80, 45, 49, 51, 48, 58, 109, 105, 100, 115, 112, 97, 110, 58, 98, 101, 110, 100, 105, 110, 103, 45, 121, 34, 10, 32, 32, 32, 32, 125, 44, 10, 32, 32, 32, 32, 123, 10, 32, 32, 32, 32, 32, 32, 34, 114, 101, 102, 95, 116, 121, 112, 101, 34, 58, 32, 34, 114, 101, 115, 117, 108, 116, 34, 44, 10, 32, 32, 32, 32, 32, 32, 34, 114, 101, 102, 95, 105, 100, 34, 58, 32, 34, 114, 101, 115, 117, 108, 116, 58, 99, 111, 109, 98, 105, 110, 97, 116, 105, 111, 110, 58, 99, 111, 109, 98, 105, 110, 97, 116, 105, 111, 110, 45, 67, 45, 79, 80, 69, 82, 45, 65, 76, 84, 58, 109, 111, 109, 101, 110, 116, 58, 112, 105, 112, 101, 45, 80, 45, 49, 51, 48, 58, 109, 105, 100, 115, 112, 97, 110, 58, 98, 101, 110, 100, 105, 110, 103, 45, 122, 34, 10, 32, 32, 32, 32, 125, 44, 10, 32, 32, 32, 32, 123, 10, 32, 32, 32, 32, 32, 32, 34, 114, 101, 102, 95, 116, 121, 112, 101, 34, 58, 32, 34, 114, 101, 115, 117, 108, 116, 34, 44, 10, 32, 32, 32, 32, 32, 32, 34, 114, 101, 102, 95, 105, 100, 34, 58, 32, 34, 114, 101, 115, 117, 108, 116, 58, 99, 111, 109, 98, 105, 110, 97, 116, 105, 111, 110, 58, 99, 111, 109, 98, 105, 110, 97, 116, 105, 111, 110, 45, 67, 45, 79, 80, 69, 82, 45, 65, 76, 84, 58, 109, 111, 109, 101, 110, 116, 58, 112, 105, 112, 101, 45, 80, 45, 49, 51, 48, 58, 109, 105, 100, 115, 112, 97, 110, 58, 116, 111, 114, 115, 105, 111, 110, 34, 10, 32, 32, 32, 32, 125, 44, 10, 32, 32, 32, 32, 123, 10, 32, 32, 32, 32, 32, 32, 34, 114, 101, 102, 95, 116, 121, 112, 101, 34, 58, 32, 34, 114, 101, 115, 117, 108, 116, 34, 44, 10, 32, 32, 32, 32, 32, 32, 34, 114, 101, 102, 95, 105, 100, 34, 58, 32, 34, 114, 101, 115, 117, 108, 116, 58, 99, 111, 109, 98, 105, 110, 97, 116, 105, 111, 110, 58, 99, 111, 109, 98, 105, 110, 97, 116, 105, 111, 110, 45, 67, 45, 79, 80, 69, 82, 45, 65, 76, 84, 58, 109, 111, 109, 101, 110, 116, 58, 112, 105, 112, 101, 45, 80, 45, 49, 51, 48, 58, 113, 117, 97, 114, 116, 101, 114, 45, 49, 58, 98, 101, 110, 100, 105, 110, 103, 45, 121, 34, 10, 32, 32, 32, 32, 125, 44, 10, 32, 32, 32, 32, 123, 10, 32, 32, 32, 32, 32, 32, 34, 114, 101, 102, 95, 116, 121, 112, 101, 34, 58, 32, 34, 114, 101, 115, 117, 108, 116, 34, 44, 10, 32, 32, 32, 32, 32, 32, 34, 114, 101, 102, 95, 105, 100, 34, 58, 32, 34, 114, 101, 115, 117, 108, 116, 58, 99, 111, 109, 98, 105, 110, 97, 116, 105, 111, 110, 58, 99, 111, 109, 98, 105, 110, 97, 116, 105, 111, 110, 45, 67, 45, 79, 80, 69, 82, 45, 65, 76, 84, 58, 109, 111, 109, 101, 110, 116, 58, 112, 105, 112, 101, 45, 80, 45, 49, 51, 48, 58, 113, 117, 97, 114, 116, 101, 114, 45, 49, 58, 98, 101, 110, 100, 105, 110, 103, 45, 122, 34, 10, 32, 32, 32, 32, 125, 44, 10, 32, 32, 32, 32, 123, 10, 32, 32, 32, 32, 32, 32, 34, 114, 101, 102, 95, 116, 121, 112, 101, 34, 58, 32, 34, 114, 101, 115, 117, 108, 116, 34, 44, 10, 32, 32, 32, 32, 32, 32, 34, 114, 101, 102, 95, 105, 100, 34, 58, 32, 34, 114, 101, 115, 117, 108, 116, 58, 99, 111, 109, 98, 105, 110, 97, 116, 105, 111, 110, 58, 99, 111, 109, 98, 105, 110, 97, 116, 105, 111, 110, 45, 67, 45, 79, 80, 69, 82, 45, 65, 76, 84, 58, 109, 111, 109, 101, 110, 116, 58, 112, 105, 112, 101, 45, 80, 45, 49, 51, 48, 58, 113, 117, 97, 114, 116, 101, 114, 45, 49, 58, 116, 111, 114, 115, 105, 111, 110, 34, 10, 32, 32, 32, 32, 125, 44, 10, 32, 32, 32, 32, 123, 10, 32, 32, 32, 32, 32, 32, 34, 114, 101, 102, 95, 116, 121, 112, 101, 34, 58, 32, 34, 114, 101, 115, 117, 108, 116, 34, 44, 10, 32, 32, 32, 32, 32, 32, 34, 114, 101, 102, 95, 105, 100, 34, 58, 32, 34, 114, 101, 115, 117, 108, 116, 58, 99, 111, 109, 98, 105, 110, 97, 116, 105, 111, 110, 58, 99, 111, 109, 98, 105, 110, 97, 116, 105, 111, 110, 45, 67, 45, 79, 80, 69, 82, 45, 65, 76, 84, 58, 109, 111, 109, 101, 110, 116, 58, 112, 105, 112, 101, 45, 80, 45, 49, 51, 48, 58, 113, 117, 97, 114, 116, 101, 114, 45, 51, 58, 98, 101, 110, 100, 105, 110, 103, 45, 121, 34, 10, 32, 32, 32, 32, 125, 44, 10, 32, 32, 32, 32, 123, 10, 32, 32, 32, 32, 32, 32, 34, 114, 101, 102, 95, 116, 121, 112, 101, 34, 58, 32, 34, 114, 101, 115, 117, 108, 116, 34, 44, 10, 32, 32, 32, 32, 32, 32, 34, 114, 101, 102, 95, 105, 100, 34, 58, 32, 34, 114, 101, 115, 117, 108, 116, 58, 99, 111, 109, 98, 105, 110, 97, 116, 105, 111, 110, 58, 99, 111, 109, 98, 105, 110, 97, 116, 105, 111, 110, 45, 67, 45, 79, 80, 69, 82, 45, 65, 76, 84, 58, 109, 111, 109, 101, 110, 116, 58, 112, 105, 112, 101, 45, 80, 45, 49, 51, 48, 58, 113, 117, 97, 114, 116, 101, 114, 45, 51, 58, 98, 101, 110, 100, 105, 110, 103, 45, 122, 34, 10, 32, 32, 32, 32, 125, 44, 10, 32, 32, 32, 32, 123, 10, 32, 32, 32, 32, 32, 32, 34, 114, 101, 102, 95, 116, 121, 112, 101, 34, 58, 32, 34, 114, 101, 115, 117, 108, 116, 34, 44, 10, 32, 32, 32, 32, 32, 32, 34, 114, 101, 102, 95, 105, 100, 34, 58, 32, 34, 114, 101, 115, 117, 108, 116, 58, 99, 111, 109, 98, 105, 110, 97, 116, 105, 111, 110, 58, 99, 111, 109, 98, 105, 110, 97, 116, 105, 111, 110, 45, 67, 45, 79, 80, 69, 82, 45, 65, 76, 84, 58, 109, 111, 109, 101, 110, 116, 58, 112, 105, 112, 101, 45, 80, 45, 49, 51, 48, 58, 113, 117, 97, 114, 116, 101, 114, 45, 51, 58, 116, 111, 114, 115, 105, 111, 110, 34, 10, 32, 32, 32, 32, 125, 44, 10, 32, 32, 32, 32, 123, 10, 32, 32, 32, 32, 32, 32, 34, 114, 101, 102, 95, 116, 121, 112, 101, 34, 58, 32, 34, 114, 101, 115, 117, 108, 116, 34, 44, 10, 32, 32, 32, 32, 32, 32, 34, 114, 101, 102, 95, 105, 100, 34, 58, 32, 34, 114, 101, 115, 117, 108, 116, 58, 99, 111, 109, 98, 105, 110, 97, 116, 105, 111, 110, 58, 99, 111, 109, 98, 105, 110, 97, 116, 105, 111, 110, 45, 67, 45, 79, 80, 69, 82, 45, 65, 76, 84, 58, 109, 111, 109, 101, 110, 116, 58, 112, 105, 112, 101, 45, 80, 45, 49, 51, 48, 58, 116, 111, 114, 115, 105, 111, 110, 34, 10, 32, 32, 32, 32, 125, 44, 10, 32, 32, 32, 32, 123, 10, 32, 32, 32, 32, 32, 32, 34, 114, 101, 102, 95, 116, 121, 112, 101, 34, 58, 32, 34, 114, 101, 115, 117, 108, 116, 34, 44, 10, 32, 32, 32, 32, 32, 32, 34, 114, 101, 102, 95, 105, 100, 34, 58, 32, 34, 114, 101, 115, 117, 108, 116, 58, 99, 111, 109, 98, 105, 110, 97, 116, 105, 111, 110, 58, 99, 111, 109, 98, 105, 110, 97, 116, 105, 111, 110, 45, 67, 45, 79, 80, 69, 82, 45, 65, 76, 84, 58, 109, 111, 109, 101, 110, 116, 58, 112, 105, 112, 101, 45, 80, 45, 49, 51, 48, 58, 116, 111, 114, 115, 105, 111, 110, 58, 101, 110, 100, 45, 106, 34, 10, 32, 32, 32, 32, 125, 44, 10, 32, 32, 32, 32, 123, 10, 32, 32, 32, 32, 32, 32, 34, 114, 101, 102, 95, 116, 121, 112, 101, 34, 58, 32, 34, 114, 101, 115, 117, 108, 116, 34, 44, 10, 32, 32, 32, 32, 32, 32, 34, 114, 101, 102, 95, 105, 100, 34, 58, 32, 34, 114, 101, 115, 117, 108, 116, 58, 99, 111, 109, 98, 105, 110, 97, 116, 105, 111, 110, 58, 99, 111, 109, 98, 105, 110, 97, 116, 105, 111, 110, 45, 67, 45, 79, 80, 69, 82, 45, 65, 76, 84, 58, 112, 114, 101, 115, 115, 117, 114, 101, 45, 116, 104, 114, 117, 115, 116, 58, 99, 111, 109, 112, 111, 110, 101, 110, 116, 45, 67, 45, 49, 53, 48, 34, 10, 32, 32, 32, 32, 125, 44, 10, 32, 32, 32, 32, 123, 10, 32, 32, 32, 32, 32, 32, 34, 114, 101, 102, 95, 116, 121, 112, 101, 34, 58, 32, 34, 114, 101, 115, 117, 108, 116, 34, 44, 10, 32, 32, 32, 32, 32, 32, 34, 114, 101, 102, 95, 105, 100, 34, 58, 32, 34, 114, 101, 115, 117, 108, 116, 58, 99, 111, 109, 98, 105, 110, 97, 116, 105, 111, 110, 58, 99, 111, 109, 98, 105, 110, 97, 116, 105, 111, 110, 45, 67, 45, 79, 80, 69, 82, 45, 65, 76, 84, 58, 114, 101, 97, 99, 116, 105, 111, 110, 58, 115, 117, 112, 112, 111, 114, 116, 45, 67, 69, 45, 49, 50, 48, 34, 10, 32, 32, 32, 32, 125, 44, 10, 32, 32, 32, 32, 123, 10, 32, 32, 32, 32, 32, 32, 34, 114, 101, 102, 95, 116, 121, 112, 101, 34, 58, 32, 34, 114, 101, 115, 117, 108, 116, 34, 44, 10, 32, 32, 32, 32, 32, 32, 34, 114, 101, 102, 95, 105, 100, 34, 58, 32, 34, 114, 101, 115, 117, 108, 116, 58, 99, 111, 109, 98, 105, 110, 97, 116, 105, 111, 110, 58, 99, 111, 109, 98, 105, 110, 97, 116, 105, 111, 110, 45, 67, 45, 79, 80, 69, 82, 45, 65, 76, 84, 58, 114, 101, 97, 99, 116, 105, 111, 110, 58, 115, 117, 112, 112, 111, 114, 116, 45, 83, 45, 49, 48, 48, 34, 10, 32, 32, 32, 32, 125, 44, 10, 32, 32, 32, 32, 123, 10, 32, 32, 32, 32, 32, 32, 34, 114, 101, 102, 95, 116, 121, 112, 101, 34, 58, 32, 34, 114, 101, 115, 117, 108, 116, 34, 44, 10, 32, 32, 32, 32, 32, 32, 34, 114, 101, 102, 95, 105, 100, 34, 58, 32, 34, 114, 101, 115, 117, 108, 116, 58, 99, 111, 109, 98, 105, 110, 97, 116, 105, 111, 110, 58, 99, 111, 109, 98, 105, 110, 97, 116, 105, 111, 110, 45, 67, 45, 79, 80, 69, 82, 45, 65, 76, 84, 58, 114, 101, 97, 99, 116, 105, 111, 110, 58, 115, 117, 112, 112, 111, 114, 116, 45, 83, 45, 49, 50, 48, 34, 10, 32, 32, 32, 32, 125, 44, 10, 32, 32, 32, 32, 123, 10, 32, 32, 32, 32, 32, 32, 34, 114, 101, 102, 95, 116, 121, 112, 101, 34, 58, 32, 34, 114, 101, 115, 117, 108, 116, 34, 44, 10, 32, 32, 32, 32, 32, 32, 34, 114, 101, 102, 95, 105, 100, 34, 58, 32, 34, 114, 101, 115, 117, 108, 116, 58, 99, 111, 109, 98, 105, 110, 97, 116, 105, 111, 110, 58, 99, 111, 109, 98, 105, 110, 97, 116, 105, 111, 110, 45, 67, 45, 79, 80, 69, 82, 45, 65, 76, 84, 58, 114, 101, 97, 99, 116, 105, 111, 110, 58, 115, 117, 112, 112, 111, 114, 116, 45, 83, 45, 49, 51, 48, 34, 10, 32, 32, 32, 32, 125, 44, 10, 32, 32, 32, 32, 123, 10, 32, 32, 32, 32, 32, 32, 34, 114, 101, 102, 95, 116, 121, 112, 101, 34, 58, 32, 34, 114, 101, 115, 117, 108, 116, 34, 44, 10, 32, 32, 32, 32, 32, 32, 34, 114, 101, 102, 95, 105, 100, 34, 58, 32, 34, 114, 101, 115, 117, 108, 116, 58, 99, 111, 109, 98, 105, 110, 97, 116, 105, 111, 110, 58, 99, 111, 109, 98, 105, 110, 97, 116, 105, 111, 110, 45, 67, 45, 79, 80, 69, 82, 45, 65, 76, 84, 58, 114, 101, 97, 99, 116, 105, 111, 110, 58, 115, 117, 112, 112, 111, 114, 116, 45, 83, 72, 45, 49, 52, 48, 34, 10, 32, 32, 32, 32, 125, 44, 10, 32, 32, 32, 32, 123, 10, 32, 32, 32, 32, 32, 32, 34, 114, 101, 102, 95, 116, 121, 112, 101, 34, 58, 32, 34, 114, 101, 115, 117, 108, 116, 34, 44, 10, 32, 32, 32, 32, 32, 32, 34, 114, 101, 102, 95, 105, 100, 34, 58, 32, 34, 114, 101, 115, 117, 108, 116, 58, 99, 111, 109, 98, 105, 110, 97, 116, 105, 111, 110, 58, 99, 111, 109, 98, 105, 110, 97, 116, 105, 111, 110, 45, 67, 45, 79, 80, 69, 82, 45, 65, 76, 84, 58, 115, 116, 114, 101, 115, 115, 58, 99, 111, 109, 112, 111, 110, 101, 110, 116, 45, 67, 45, 49, 49, 48, 58, 112, 105, 112, 101, 45, 80, 45, 49, 48, 48, 58, 101, 110, 100, 45, 106, 58, 117, 115, 101, 114, 45, 109, 117, 108, 116, 105, 112, 108, 105, 101, 114, 34, 10, 32, 32, 32, 32, 125, 44, 10, 32, 32, 32, 32, 123, 10, 32, 32, 32, 32, 32, 32, 34, 114, 101, 102, 95, 116, 121, 112, 101, 34, 58, 32, 34, 114, 101, 115, 117, 108, 116, 34, 44, 10, 32, 32, 32, 32, 32, 32, 34, 114, 101, 102, 95, 105, 100, 34, 58, 32, 34, 114, 101, 115, 117, 108, 116, 58, 99, 111, 109, 98, 105, 110, 97, 116, 105, 111, 110, 58, 99, 111, 109, 98, 105, 110, 97, 116, 105, 111, 110, 45, 67, 45, 79, 80, 69, 82, 45, 65, 76, 84, 58, 115, 116, 114, 101, 115, 115, 58, 99, 111, 109, 112, 111, 110, 101, 110, 116, 45, 67, 45, 49, 49, 48, 58, 112, 105, 112, 101, 45, 80, 45, 49, 49, 48, 58, 101, 110, 100, 45, 105, 58, 117, 115, 101, 114, 45, 109, 117, 108, 116, 105, 112, 108, 105, 101, 114, 34, 10, 32, 32, 32, 32, 125, 44, 10, 32, 32, 32, 32, 123, 10, 32, 32, 32, 32, 32, 32, 34, 114, 101, 102, 95, 116, 121, 112, 101, 34, 58, 32, 34, 114, 101, 115, 117, 108, 116, 34, 44, 10, 32, 32, 32, 32, 32, 32, 34, 114, 101, 102, 95, 105, 100, 34, 58, 32, 34, 114, 101, 115, 117, 108, 116, 58, 99, 111, 109, 98, 105, 110, 97, 116, 105, 111, 110, 58, 99, 111, 109, 98, 105, 110, 97, 116, 105, 111, 110, 45, 67, 45, 79, 80, 69, 82, 45, 65, 76, 84, 58, 115, 116, 114, 101, 115, 115, 58, 99, 111, 109, 112, 111, 110, 101, 110, 116, 45, 67, 45, 49, 50, 48, 58, 112, 105, 112, 101, 45, 80, 45, 49, 49, 48, 58, 101, 110, 100, 45, 106, 58, 117, 115, 101, 114, 45, 109, 117, 108, 116, 105, 112, 108, 105, 101, 114, 34, 10, 32, 32, 32, 32, 125, 44, 10, 32, 32, 32, 32, 123, 10, 32, 32, 32, 32, 32, 32, 34, 114, 101, 102, 95, 116, 121, 112, 101, 34, 58, 32, 34, 114, 101, 115, 117, 108, 116, 34, 44, 10, 32, 32, 32, 32, 32, 32, 34, 114, 101, 102, 95, 105, 100, 34, 58, 32, 34, 114, 101, 115, 117, 108, 116, 58, 99, 111, 109, 98, 105, 110, 97, 116, 105, 111, 110, 58, 99, 111, 109, 98, 105, 110, 97, 116, 105, 111, 110, 45, 67, 45, 79, 80, 69, 82, 45, 65, 76, 84, 58, 115, 116, 114, 101, 115, 115, 58, 99, 111, 109, 112, 111, 110, 101, 110, 116, 45, 67, 45, 49, 50, 48, 58, 112, 105, 112, 101, 45, 80, 45, 49, 50, 48, 58, 101, 110, 100, 45, 105, 58, 117, 115, 101, 114, 45, 109, 117, 108, 116, 105, 112, 108, 105, 101, 114, 34, 10, 32, 32, 32, 32, 125, 44, 10, 32, 32, 32, 32, 123, 10, 32, 32, 32, 32, 32, 32, 34, 114, 101, 102, 95, 116, 121, 112, 101, 34, 58, 32, 34, 114, 101, 115, 117, 108, 116, 34, 44, 10, 32, 32, 32, 32, 32, 32, 34, 114, 101, 102, 95, 105, 100, 34, 58, 32, 34, 114, 101, 115, 117, 108, 116, 58, 99, 111, 109, 98, 105, 110, 97, 116, 105, 111, 110, 58, 99, 111, 109, 98, 105, 110, 97, 116, 105, 111, 110, 45, 67, 45, 79, 80, 69, 82, 45, 65, 76, 84, 58, 115, 116, 114, 101, 115, 115, 58, 112, 105, 112, 101, 45, 80, 45, 49, 48, 48, 58, 101, 110, 100, 45, 105, 58, 97, 120, 105, 97, 108, 45, 110, 111, 114, 109, 97, 108, 34, 10, 32, 32, 32, 32, 125, 44, 10, 32, 32, 32, 32, 123, 10, 32, 32, 32, 32, 32, 32, 34, 114, 101, 102, 95, 116, 121, 112, 101, 34, 58, 32, 34, 114, 101, 115, 117, 108, 116, 34, 44, 10, 32, 32, 32, 32, 32, 32, 34, 114, 101, 102, 95, 105, 100, 34, 58, 32, 34, 114, 101, 115, 117, 108, 116, 58, 99, 111, 109, 98, 105, 110, 97, 116, 105, 111, 110, 58, 99, 111, 109, 98, 105, 110, 97, 116, 105, 111, 110, 45, 67, 45, 79, 80, 69, 82, 45, 65, 76, 84, 58, 115, 116, 114, 101, 115, 115, 58, 112, 105, 112, 101, 45, 80, 45, 49, 48, 48, 58, 101, 110, 100, 45, 105, 58, 98, 101, 110, 100, 105, 110, 103, 45, 110, 111, 114, 109, 97, 108, 45, 121, 34, 10, 32, 32, 32, 32, 125, 44, 10, 32, 32, 32, 32, 123, 10, 32, 32, 32, 32, 32, 32, 34, 114, 101, 102, 95, 116, 121, 112, 101, 34, 58, 32, 34, 114, 101, 115, 117, 108, 116, 34, 44, 10, 32, 32, 32, 32, 32, 32, 34, 114, 101, 102, 95, 105, 100, 34, 58, 32, 34, 114, 101, 115, 117, 108, 116, 58, 99, 111, 109, 98, 105, 110, 97, 116, 105, 111, 110, 58, 99, 111, 109, 98, 105, 110, 97, 116, 105, 111, 110, 45, 67, 45, 79, 80, 69, 82, 45, 65, 76, 84, 58, 115, 116, 114, 101, 115, 115, 58, 112, 105, 112, 101, 45, 80, 45, 49, 48, 48, 58, 101, 110, 100, 45, 105, 58, 98, 101, 110, 100, 105, 110, 103, 45, 110, 111, 114, 109, 97, 108, 45, 122, 34, 10, 32, 32, 32, 32, 125, 44, 10, 32, 32, 32, 32, 123, 10, 32, 32, 32, 32, 32, 32, 34, 114, 101, 102, 95, 116, 121, 112, 101, 34, 58, 32, 34, 114, 101, 115, 117, 108, 116, 34, 44, 10, 32, 32, 32, 32, 32, 32, 34, 114, 101, 102, 95, 105, 100, 34, 58, 32, 34, 114, 101, 115, 117, 108, 116, 58, 99, 111, 109, 98, 105, 110, 97, 116, 105, 111, 110, 58, 99, 111, 109, 98, 105, 110, 97, 116, 105, 111, 110, 45, 67, 45, 79, 80, 69, 82, 45, 65, 76, 84, 58, 115, 116, 114, 101, 115, 115, 58, 112, 105, 112, 101, 45, 80, 45, 49, 48, 48, 58, 101, 110, 100, 45, 105, 58, 116, 111, 114, 115, 105, 111, 110, 97, 108, 45, 115, 104, 101, 97, 114, 34, 10, 32, 32, 32, 32, 125, 44, 10, 32, 32, 32, 32, 123, 10, 32, 32, 32, 32, 32, 32, 34, 114, 101, 102, 95, 116, 121, 112, 101, 34, 58, 32, 34, 114, 101, 115, 117, 108, 116, 34, 44, 10, 32, 32, 32, 32, 32, 32, 34, 114, 101, 102, 95, 105, 100, 34, 58, 32, 34, 114, 101, 115, 117, 108, 116, 58, 99, 111, 109, 98, 105, 110, 97, 116, 105, 111, 110, 58, 99, 111, 109, 98, 105, 110, 97, 116, 105, 111, 110, 45, 67, 45, 79, 80, 69, 82, 45, 65, 76, 84, 58, 115, 116, 114, 101, 115, 115, 58, 112, 105, 112, 101, 45, 80, 45, 49, 48, 48, 58, 101, 110, 100, 45, 106, 58, 97, 120, 105, 97, 108, 45, 110, 111, 114, 109, 97, 108, 34, 10, 32, 32, 32, 32, 125, 44, 10, 32, 32, 32, 32, 123, 10, 32, 32, 32, 32, 32, 32, 34, 114, 101, 102, 95, 116, 121, 112, 101, 34, 58, 32, 34, 114, 101, 115, 117, 108, 116, 34, 44, 10, 32, 32, 32, 32, 32, 32, 34, 114, 101, 102, 95, 105, 100, 34, 58, 32, 34, 114, 101, 115, 117, 108, 116, 58, 99, 111, 109, 98, 105, 110, 97, 116, 105, 111, 110, 58, 99, 111, 109, 98, 105, 110, 97, 116, 105, 111, 110, 45, 67, 45, 79, 80, 69, 82, 45, 65, 76, 84, 58, 115, 116, 114, 101, 115, 115, 58, 112, 105, 112, 101, 45, 80, 45, 49, 48, 48, 58, 101, 110, 100, 45, 106, 58, 98, 101, 110, 100, 105, 110, 103, 45, 110, 111, 114, 109, 97, 108, 45, 121, 34, 10, 32, 32, 32, 32, 125, 44, 10, 32, 32, 32, 32, 123, 10, 32, 32, 32, 32, 32, 32, 34, 114, 101, 102, 95, 116, 121, 112, 101, 34, 58, 32, 34, 114, 101, 115, 117, 108, 116, 34, 44, 10, 32, 32, 32, 32, 32, 32, 34, 114, 101, 102, 95, 105, 100, 34, 58, 32, 34, 114, 101, 115, 117, 108, 116, 58, 99, 111, 109, 98, 105, 110, 97, 116, 105, 111, 110, 58, 99, 111, 109, 98, 105, 110, 97, 116, 105, 111, 110, 45, 67, 45, 79, 80, 69, 82, 45, 65, 76, 84, 58, 115, 116, 114, 101, 115, 115, 58, 112, 105, 112, 101, 45, 80, 45, 49, 48, 48, 58, 101, 110, 100, 45, 106, 58, 98, 101, 110, 100, 105, 110, 103, 45, 110, 111, 114, 109, 97, 108, 45, 122, 34, 10, 32, 32, 32, 32, 125, 44, 10, 32, 32, 32, 32, 123, 10, 32, 32, 32, 32, 32, 32, 34, 114, 101, 102, 95, 116, 121, 112, 101, 34, 58, 32, 34, 114, 101, 115, 117, 108, 116, 34, 44, 10, 32, 32, 32, 32, 32, 32, 34, 114, 101, 102, 95, 105, 100, 34, 58, 32, 34, 114, 101, 115, 117, 108, 116, 58, 99, 111, 109, 98, 105, 110, 97, 116, 105, 111, 110, 58, 99, 111, 109, 98, 105, 110, 97, 116, 105, 111, 110, 45, 67, 45, 79, 80, 69, 82, 45, 65, 76, 84, 58, 115, 116, 114, 101, 115, 115, 58, 112, 105, 112, 101, 45, 80, 45, 49, 48, 48, 58, 101, 110, 100, 45, 106, 58, 116, 111, 114, 115, 105, 111, 110, 97, 108, 45, 115, 104, 101, 97, 114, 34, 10, 32, 32, 32, 32, 125, 44, 10, 32, 32, 32, 32, 123, 10, 32, 32, 32, 32, 32, 32, 34, 114, 101, 102, 95, 116, 121, 112, 101, 34, 58, 32, 34, 114, 101, 115, 117, 108, 116, 34, 44, 10, 32, 32, 32, 32, 32, 32, 34, 114, 101, 102, 95, 105, 100, 34, 58, 32, 34, 114, 101, 115, 117, 108, 116, 58, 99, 111, 109, 98, 105, 110, 97, 116, 105, 111, 110, 58, 99, 111, 109, 98, 105, 110, 97, 116, 105, 111, 110, 45, 67, 45, 79, 80, 69, 82, 45, 65, 76, 84, 58, 115, 116, 114, 101, 115, 115, 58, 112, 105, 112, 101, 45, 80, 45, 49, 48, 48, 58, 109, 105, 100, 115, 112, 97, 110, 58, 97, 120, 105, 97, 108, 45, 110, 111, 114, 109, 97, 108, 34, 10, 32, 32, 32, 32, 125, 44, 10, 32, 32, 32, 32, 123, 10, 32, 32, 32, 32, 32, 32, 34, 114, 101, 102, 95, 116, 121, 112, 101, 34, 58, 32, 34, 114, 101, 115, 117, 108, 116, 34, 44, 10, 32, 32, 32, 32, 32, 32, 34, 114, 101, 102, 95, 105, 100, 34, 58, 32, 34, 114, 101, 115, 117, 108, 116, 58, 99, 111, 109, 98, 105, 110, 97, 116, 105, 111, 110, 58, 99, 111, 109, 98, 105, 110, 97, 116, 105, 111, 110, 45, 67, 45, 79, 80, 69, 82, 45, 65, 76, 84, 58, 115, 116, 114, 101, 115, 115, 58, 112, 105, 112, 101, 45, 80, 45, 49, 48, 48, 58, 109, 105, 100, 115, 112, 97, 110, 58, 98, 101, 110, 100, 105, 110, 103, 45, 110, 111, 114, 109, 97, 108, 45, 121, 34, 10, 32, 32, 32, 32, 125, 44, 10, 32, 32, 32, 32, 123, 10, 32, 32, 32, 32, 32, 32, 34, 114, 101, 102, 95, 116, 121, 112, 101, 34, 58, 32, 34, 114, 101, 115, 117, 108, 116, 34, 44, 10, 32, 32, 32, 32, 32, 32, 34, 114, 101, 102, 95, 105, 100, 34, 58, 32, 34, 114, 101, 115, 117, 108, 116, 58, 99, 111, 109, 98, 105, 110, 97, 116, 105, 111, 110, 58, 99, 111, 109, 98, 105, 110, 97, 116, 105, 111, 110, 45, 67, 45, 79, 80, 69, 82, 45, 65, 76, 84, 58, 115, 116, 114, 101, 115, 115, 58, 112, 105, 112, 101, 45, 80, 45, 49, 48, 48, 58, 109, 105, 100, 115, 112, 97, 110, 58, 98, 101, 110, 100, 105, 110, 103, 45, 110, 111, 114, 109, 97, 108, 45, 122, 34, 10, 32, 32, 32, 32, 125, 44, 10, 32, 32, 32, 32, 123, 10, 32, 32, 32, 32, 32, 32, 34, 114, 101, 102, 95, 116, 121, 112, 101, 34, 58, 32, 34, 114, 101, 115, 117, 108, 116, 34, 44, 10, 32, 32, 32, 32, 32, 32, 34, 114, 101, 102, 95, 105, 100, 34, 58, 32, 34, 114, 101, 115, 117, 108, 116, 58, 99, 111, 109, 98, 105, 110, 97, 116, 105, 111, 110, 58, 99, 111, 109, 98, 105, 110, 97, 116, 105, 111, 110, 45, 67, 45, 79, 80, 69, 82, 45, 65, 76, 84, 58, 115, 116, 114, 101, 115, 115, 58, 112, 105, 112, 101, 45, 80, 45, 49, 48, 48, 58, 109, 105, 100, 115, 112, 97, 110, 58, 116, 111, 114, 115, 105, 111, 110, 97, 108, 45, 115, 104, 101, 97, 114, 34, 10, 32, 32, 32, 32, 125, 44, 10, 32, 32, 32, 32, 123, 10, 32, 32, 32, 32, 32, 32, 34, 114, 101, 102, 95, 116, 121, 112, 101, 34, 58, 32, 34, 114, 101, 115, 117, 108, 116, 34, 44, 10, 32, 32, 32, 32, 32, 32, 34, 114, 101, 102, 95, 105, 100, 34, 58, 32, 34, 114, 101, 115, 117, 108, 116, 58, 99, 111, 109, 98, 105, 110, 97, 116, 105, 111, 110, 58, 99, 111, 109, 98, 105, 110, 97, 116, 105, 111, 110, 45, 67, 45, 79, 80, 69, 82, 45, 65, 76, 84, 58, 115, 116, 114, 101, 115, 115, 58, 112, 105, 112, 101, 45, 80, 45, 49, 48, 48, 58, 113, 117, 97, 114, 116, 101, 114, 45, 49, 58, 97, 120, 105, 97, 108, 45, 110, 111, 114, 109, 97, 108, 34, 10, 32, 32, 32, 32, 125, 44, 10, 32, 32, 32, 32, 123, 10, 32, 32, 32, 32, 32, 32, 34, 114, 101, 102, 95, 116, 121, 112, 101, 34, 58, 32, 34, 114, 101, 115, 117, 108, 116, 34, 44, 10, 32, 32, 32, 32, 32, 32, 34, 114, 101, 102, 95, 105, 100, 34, 58, 32, 34, 114, 101, 115, 117, 108, 116, 58, 99, 111, 109, 98, 105, 110, 97, 116, 105, 111, 110, 58, 99, 111, 109, 98, 105, 110, 97, 116, 105, 111, 110, 45, 67, 45, 79, 80, 69, 82, 45, 65, 76, 84, 58, 115, 116, 114, 101, 115, 115, 58, 112, 105, 112, 101, 45, 80, 45, 49, 48, 48, 58, 113, 117, 97, 114, 116, 101, 114, 45, 49, 58, 98, 101, 110, 100, 105, 110, 103, 45, 110, 111, 114, 109, 97, 108, 45, 121, 34, 10, 32, 32, 32, 32, 125, 44, 10, 32, 32, 32, 32, 123, 10, 32, 32, 32, 32, 32, 32, 34, 114, 101, 102, 95, 116, 121, 112, 101, 34, 58, 32, 34, 114, 101, 115, 117, 108, 116, 34, 44, 10, 32, 32, 32, 32, 32, 32, 34, 114, 101, 102, 95, 105, 100, 34, 58, 32, 34, 114, 101, 115, 117, 108, 116, 58, 99, 111, 109, 98, 105, 110, 97, 116, 105, 111, 110, 58, 99, 111, 109, 98, 105, 110, 97, 116, 105, 111, 110, 45, 67, 45, 79, 80, 69, 82, 45, 65, 76, 84, 58, 115, 116, 114, 101, 115, 115, 58, 112, 105, 112, 101, 45, 80, 45, 49, 48, 48, 58, 113, 117, 97, 114, 116, 101, 114, 45, 49, 58, 98, 101, 110, 100, 105, 110, 103, 45, 110, 111, 114, 109, 97, 108, 45, 122, 34, 10, 32, 32, 32, 32, 125, 44, 10, 32, 32, 32, 32, 123, 10, 32, 32, 32, 32, 32, 32, 34, 114, 101, 102, 95, 116, 121, 112, 101, 34, 58, 32, 34, 114, 101, 115, 117, 108, 116, 34, 44, 10, 32, 32, 32, 32, 32, 32, 34, 114, 101, 102, 95, 105, 100, 34, 58, 32, 34, 114, 101, 115, 117, 108, 116, 58, 99, 111, 109, 98, 105, 110, 97, 116, 105, 111, 110, 58, 99, 111, 109, 98, 105, 110, 97, 116, 105, 111, 110, 45, 67, 45, 79, 80, 69, 82, 45, 65, 76, 84, 58, 115, 116, 114, 101, 115, 115, 58, 112, 105, 112, 101, 45, 80, 45, 49, 48, 48, 58, 113, 117, 97, 114, 116, 101, 114, 45, 49, 58, 116, 111, 114, 115, 105, 111, 110, 97, 108, 45, 115, 104, 101, 97, 114, 34, 10, 32, 32, 32, 32, 125, 44, 10, 32, 32, 32, 32, 123, 10, 32, 32, 32, 32, 32, 32, 34, 114, 101, 102, 95, 116, 121, 112, 101, 34, 58, 32, 34, 114, 101, 115, 117, 108, 116, 34, 44, 10, 32, 32, 32, 32, 32, 32, 34, 114, 101, 102, 95, 105, 100, 34, 58, 32, 34, 114, 101, 115, 117, 108, 116, 58, 99, 111, 109, 98, 105, 110, 97, 116, 105, 111, 110, 58, 99, 111, 109, 98, 105, 110, 97, 116, 105, 111, 110, 45, 67, 45, 79, 80, 69, 82, 45, 65, 76, 84, 58, 115, 116, 114, 101, 115, 115, 58, 112, 105, 112, 101, 45, 80, 45, 49, 48, 48, 58, 113, 117, 97, 114, 116, 101, 114, 45, 51, 58, 97, 120, 105, 97, 108, 45, 110, 111, 114, 109, 97, 108, 34, 10, 32, 32, 32, 32, 125, 44, 10, 32, 32, 32, 32, 123, 10, 32, 32, 32, 32, 32, 32, 34, 114, 101, 102, 95, 116, 121, 112, 101, 34, 58, 32, 34, 114, 101, 115, 117, 108, 116, 34, 44, 10, 32, 32, 32, 32, 32, 32, 34, 114, 101, 102, 95, 105, 100, 34, 58, 32, 34, 114, 101, 115, 117, 108, 116, 58, 99, 111, 109, 98, 105, 110, 97, 116, 105, 111, 110, 58, 99, 111, 109, 98, 105, 110, 97, 116, 105, 111, 110, 45, 67, 45, 79, 80, 69, 82, 45, 65, 76, 84, 58, 115, 116, 114, 101, 115, 115, 58, 112, 105, 112, 101, 45, 80, 45, 49, 48, 48, 58, 113, 117, 97, 114, 116, 101, 114, 45, 51, 58, 98, 101, 110, 100, 105, 110, 103, 45, 110, 111, 114, 109, 97, 108, 45, 121, 34, 10, 32, 32, 32, 32, 125, 44, 10, 32, 32, 32, 32, 123, 10, 32, 32, 32, 32, 32, 32, 34, 114, 101, 102, 95, 116, 121, 112, 101, 34, 58, 32, 34, 114, 101, 115, 117, 108, 116, 34, 44, 10, 32, 32, 32, 32, 32, 32, 34, 114, 101, 102, 95, 105, 100, 34, 58, 32, 34, 114, 101, 115, 117, 108, 116, 58, 99, 111, 109, 98, 105, 110, 97, 116, 105, 111, 110, 58, 99, 111, 109, 98, 105, 110, 97, 116, 105, 111, 110, 45, 67, 45, 79, 80, 69, 82, 45, 65, 76, 84, 58, 115, 116, 114, 101, 115, 115, 58, 112, 105, 112, 101, 45, 80, 45, 49, 48, 48, 58, 113, 117, 97, 114, 116, 101, 114, 45, 51, 58, 98, 101, 110, 100, 105, 110, 103, 45, 110, 111, 114, 109, 97, 108, 45, 122, 34, 10, 32, 32, 32, 32, 125, 44, 10, 32, 32, 32, 32, 123, 10, 32, 32, 32, 32, 32, 32, 34, 114, 101, 102, 95, 116, 121, 112, 101, 34, 58, 32, 34, 114, 101, 115, 117, 108, 116, 34, 44, 10, 32, 32, 32, 32, 32, 32, 34, 114, 101, 102, 95, 105, 100, 34, 58, 32, 34, 114, 101, 115, 117, 108, 116, 58, 99, 111, 109, 98, 105, 110, 97, 116, 105, 111, 110, 58, 99, 111, 109, 98, 105, 110, 97, 116, 105, 111, 110, 45, 67, 45, 79, 80, 69, 82, 45, 65, 76, 84, 58, 115, 116, 114, 101, 115, 115, 58, 112, 105, 112, 101, 45, 80, 45, 49, 48, 48, 58, 113, 117, 97, 114, 116, 101, 114, 45, 51, 58, 116, 111, 114, 115, 105, 111, 110, 97, 108, 45, 115, 104, 101, 97, 114, 34, 10, 32, 32, 32, 32, 125, 44, 10, 32, 32, 32, 32, 123, 10, 32, 32, 32, 32, 32, 32, 34, 114, 101, 102, 95, 116, 121, 112, 101, 34, 58, 32, 34, 114, 101, 115, 117, 108, 116, 34, 44, 10, 32, 32, 32, 32, 32, 32, 34, 114, 101, 102, 95, 105, 100, 34, 58, 32, 34, 114, 101, 115, 117, 108, 116, 58, 99, 111, 109, 98, 105, 110, 97, 116, 105, 111, 110, 58, 99, 111, 109, 98, 105, 110, 97, 116, 105, 111, 110, 45, 67, 45, 79, 80, 69, 82, 45, 65, 76, 84, 58, 115, 116, 114, 101, 115, 115, 58, 112, 105, 112, 101, 45, 80, 45, 49, 49, 48, 58, 101, 110, 100, 45, 105, 58, 97, 120, 105, 97, 108, 45, 110, 111, 114, 109, 97, 108, 34, 10, 32, 32, 32, 32, 125, 44, 10, 32, 32, 32, 32, 123, 10, 32, 32, 32, 32, 32, 32, 34, 114, 101, 102, 95, 116, 121, 112, 101, 34, 58, 32, 34, 114, 101, 115, 117, 108, 116, 34, 44, 10, 32, 32, 32, 32, 32, 32, 34, 114, 101, 102, 95, 105, 100, 34, 58, 32, 34, 114, 101, 115, 117, 108, 116, 58, 99, 111, 109, 98, 105, 110, 97, 116, 105, 111, 110, 58, 99, 111, 109, 98, 105, 110, 97, 116, 105, 111, 110, 45, 67, 45, 79, 80, 69, 82, 45, 65, 76, 84, 58, 115, 116, 114, 101, 115, 115, 58, 112, 105, 112, 101, 45, 80, 45, 49, 49, 48, 58, 101, 110, 100, 45, 105, 58, 98, 101, 110, 100, 105, 110, 103, 45, 110, 111, 114, 109, 97, 108, 45, 121, 34, 10, 32, 32, 32, 32, 125, 44, 10, 32, 32, 32, 32, 123, 10, 32, 32, 32, 32, 32, 32, 34, 114, 101, 102, 95, 116, 121, 112, 101, 34, 58, 32, 34, 114, 101, 115, 117, 108, 116, 34, 44, 10, 32, 32, 32, 32, 32, 32, 34, 114, 101, 102, 95, 105, 100, 34, 58, 32, 34, 114, 101, 115, 117, 108, 116, 58, 99, 111, 109, 98, 105, 110, 97, 116, 105, 111, 110, 58, 99, 111, 109, 98, 105, 110, 97, 116, 105, 111, 110, 45, 67, 45, 79, 80, 69, 82, 45, 65, 76, 84, 58, 115, 116, 114, 101, 115, 115, 58, 112, 105, 112, 101, 45, 80, 45, 49, 49, 48, 58, 101, 110, 100, 45, 105, 58, 98, 101, 110, 100, 105, 110, 103, 45, 110, 111, 114, 109, 97, 108, 45, 122, 34, 10, 32, 32, 32, 32, 125, 44, 10, 32, 32, 32, 32, 123, 10, 32, 32, 32, 32, 32, 32, 34, 114, 101, 102, 95, 116, 121, 112, 101, 34, 58, 32, 34, 114, 101, 115, 117, 108, 116, 34, 44, 10, 32, 32, 32, 32, 32, 32, 34, 114, 101, 102, 95, 105, 100, 34, 58, 32, 34, 114, 101, 115, 117, 108, 116, 58, 99, 111, 109, 98, 105, 110, 97, 116, 105, 111, 110, 58, 99, 111, 109, 98, 105, 110, 97, 116, 105, 111, 110, 45, 67, 45, 79, 80, 69, 82, 45, 65, 76, 84, 58, 115, 116, 114, 101, 115, 115, 58, 112, 105, 112, 101, 45, 80, 45, 49, 49, 48, 58, 101, 110, 100, 45, 105, 58, 116, 111, 114, 115, 105, 111, 110, 97, 108, 45, 115, 104, 101, 97, 114, 34, 10, 32, 32, 32, 32, 125, 44, 10, 32, 32, 32, 32, 123, 10, 32, 32, 32, 32, 32, 32, 34, 114, 101, 102, 95, 116, 121, 112, 101, 34, 58, 32, 34, 114, 101, 115, 117, 108, 116, 34, 44, 10, 32, 32, 32, 32, 32, 32, 34, 114, 101, 102, 95, 105, 100, 34, 58, 32, 34, 114, 101, 115, 117, 108, 116, 58, 99, 111, 109, 98, 105, 110, 97, 116, 105, 111, 110, 58, 99, 111, 109, 98, 105, 110, 97, 116, 105, 111, 110, 45, 67, 45, 79, 80, 69, 82, 45, 65, 76, 84, 58, 115, 116, 114, 101, 115, 115, 58, 112, 105, 112, 101, 45, 80, 45, 49, 49, 48, 58, 101, 110, 100, 45, 106, 58, 97, 120, 105, 97, 108, 45, 110, 111, 114, 109, 97, 108, 34, 10, 32, 32, 32, 32, 125, 44, 10, 32, 32, 32, 32, 123, 10, 32, 32, 32, 32, 32, 32, 34, 114, 101, 102, 95, 116, 121, 112, 101, 34, 58, 32, 34, 114, 101, 115, 117, 108, 116, 34, 44, 10, 32, 32, 32, 32, 32, 32, 34, 114, 101, 102, 95, 105, 100, 34, 58, 32, 34, 114, 101, 115, 117, 108, 116, 58, 99, 111, 109, 98, 105, 110, 97, 116, 105, 111, 110, 58, 99, 111, 109, 98, 105, 110, 97, 116, 105, 111, 110, 45, 67, 45, 79, 80, 69, 82, 45, 65, 76, 84, 58, 115, 116, 114, 101, 115, 115, 58, 112, 105, 112, 101, 45, 80, 45, 49, 49, 48, 58, 101, 110, 100, 45, 106, 58, 98, 101, 110, 100, 105, 110, 103, 45, 110, 111, 114, 109, 97, 108, 45, 121, 34, 10, 32, 32, 32, 32, 125, 44, 10, 32, 32, 32, 32, 123, 10, 32, 32, 32, 32, 32, 32, 34, 114, 101, 102, 95, 116, 121, 112, 101, 34, 58, 32, 34, 114, 101, 115, 117, 108, 116, 34, 44, 10, 32, 32, 32, 32, 32, 32, 34, 114, 101, 102, 95, 105, 100, 34, 58, 32, 34, 114, 101, 115, 117, 108, 116, 58, 99, 111, 109, 98, 105, 110, 97, 116, 105, 111, 110, 58, 99, 111, 109, 98, 105, 110, 97, 116, 105, 111, 110, 45, 67, 45, 79, 80, 69, 82, 45, 65, 76, 84, 58, 115, 116, 114, 101, 115, 115, 58, 112, 105, 112, 101, 45, 80, 45, 49, 49, 48, 58, 101, 110, 100, 45, 106, 58, 98, 101, 110, 100, 105, 110, 103, 45, 110, 111, 114, 109, 97, 108, 45, 122, 34, 10, 32, 32, 32, 32, 125, 44, 10, 32, 32, 32, 32, 123, 10, 32, 32, 32, 32, 32, 32, 34, 114, 101, 102, 95, 116, 121, 112, 101, 34, 58, 32, 34, 114, 101, 115, 117, 108, 116, 34, 44, 10, 32, 32, 32, 32, 32, 32, 34, 114, 101, 102, 95, 105, 100, 34, 58, 32, 34, 114, 101, 115, 117, 108, 116, 58, 99, 111, 109, 98, 105, 110, 97, 116, 105, 111, 110, 58, 99, 111, 109, 98, 105, 110, 97, 116, 105, 111, 110, 45, 67, 45, 79, 80, 69, 82, 45, 65, 76, 84, 58, 115, 116, 114, 101, 115, 115, 58, 112, 105, 112, 101, 45, 80, 45, 49, 49, 48, 58, 101, 110, 100, 45, 106, 58, 116, 111, 114, 115, 105, 111, 110, 97, 108, 45, 115, 104, 101, 97, 114, 34, 10, 32, 32, 32, 32, 125, 44, 10, 32, 32, 32, 32, 123, 10, 32, 32, 32, 32, 32, 32, 34, 114, 101, 102, 95, 116, 121, 112, 101, 34, 58, 32, 34, 114, 101, 115, 117, 108, 116, 34, 44, 10, 32, 32, 32, 32, 32, 32, 34, 114, 101, 102, 95, 105, 100, 34, 58, 32, 34, 114, 101, 115, 117, 108, 116, 58, 99, 111, 109, 98, 105, 110, 97, 116, 105, 111, 110, 58, 99, 111, 109, 98, 105, 110, 97, 116, 105, 111, 110, 45, 67, 45, 79, 80, 69, 82, 45, 65, 76, 84, 58, 115, 116, 114, 101, 115, 115, 58, 112, 105, 112, 101, 45, 80, 45, 49, 49, 48, 58, 109, 105, 100, 115, 112, 97, 110, 58, 97, 120, 105, 97, 108, 45, 110, 111, 114, 109, 97, 108, 34, 10, 32, 32, 32, 32, 125, 44, 10, 32, 32, 32, 32, 123, 10, 32, 32, 32, 32, 32, 32, 34, 114, 101, 102, 95, 116, 121, 112, 101, 34, 58, 32, 34, 114, 101, 115, 117, 108, 116, 34, 44, 10, 32, 32, 32, 32, 32, 32, 34, 114, 101, 102, 95, 105, 100, 34, 58, 32, 34, 114, 101, 115, 117, 108, 116, 58, 99, 111, 109, 98, 105, 110, 97, 116, 105, 111, 110, 58, 99, 111, 109, 98, 105, 110, 97, 116, 105, 111, 110, 45, 67, 45, 79, 80, 69, 82, 45, 65, 76, 84, 58, 115, 116, 114, 101, 115, 115, 58, 112, 105, 112, 101, 45, 80, 45, 49, 49, 48, 58, 109, 105, 100, 115, 112, 97, 110, 58, 98, 101, 110, 100, 105, 110, 103, 45, 110, 111, 114, 109, 97, 108, 45, 121, 34, 10, 32, 32, 32, 32, 125, 44, 10, 32, 32, 32, 32, 123, 10, 32, 32, 32, 32, 32, 32, 34, 114, 101, 102, 95, 116, 121, 112, 101, 34, 58, 32, 34, 114, 101, 115, 117, 108, 116, 34, 44, 10, 32, 32, 32, 32, 32, 32, 34, 114, 101, 102, 95, 105, 100, 34, 58, 32, 34, 114, 101, 115, 117, 108, 116, 58, 99, 111, 109, 98, 105, 110, 97, 116, 105, 111, 110, 58, 99, 111, 109, 98, 105, 110, 97, 116, 105, 111, 110, 45, 67, 45, 79, 80, 69, 82, 45, 65, 76, 84, 58, 115, 116, 114, 101, 115, 115, 58, 112, 105, 112, 101, 45, 80, 45, 49, 49, 48, 58, 109, 105, 100, 115, 112, 97, 110, 58, 98, 101, 110, 100, 105, 110, 103, 45, 110, 111, 114, 109, 97, 108, 45, 122, 34, 10, 32, 32, 32, 32, 125, 44, 10, 32, 32, 32, 32, 123, 10, 32, 32, 32, 32, 32, 32, 34, 114, 101, 102, 95, 116, 121, 112, 101, 34, 58, 32, 34, 114, 101, 115, 117, 108, 116, 34, 44, 10, 32, 32, 32, 32, 32, 32, 34, 114, 101, 102, 95, 105, 100, 34, 58, 32, 34, 114, 101, 115, 117, 108, 116, 58, 99, 111, 109, 98, 105, 110, 97, 116, 105, 111, 110, 58, 99, 111, 109, 98, 105, 110, 97, 116, 105, 111, 110, 45, 67, 45, 79, 80, 69, 82, 45, 65, 76, 84, 58, 115, 116, 114, 101, 115, 115, 58, 112, 105, 112, 101, 45, 80, 45, 49, 49, 48, 58, 109, 105, 100, 115, 112, 97, 110, 58, 116, 111, 114, 115, 105, 111, 110, 97, 108, 45, 115, 104, 101, 97, 114, 34, 10, 32, 32, 32, 32, 125, 44, 10, 32, 32, 32, 32, 123, 10, 32, 32, 32, 32, 32, 32, 34, 114, 101, 102, 95, 116, 121, 112, 101, 34, 58, 32, 34, 114, 101, 115, 117, 108, 116, 34, 44, 10, 32, 32, 32, 32, 32, 32, 34, 114, 101, 102, 95, 105, 100, 34, 58, 32, 34, 114, 101, 115, 117, 108, 116, 58, 99, 111, 109, 98, 105, 110, 97, 116, 105, 111, 110, 58, 99, 111, 109, 98, 105, 110, 97, 116, 105, 111, 110, 45, 67, 45, 79, 80, 69, 82, 45, 65, 76, 84, 58, 115, 116, 114, 101, 115, 115, 58, 112, 105, 112, 101, 45, 80, 45, 49, 49, 48, 58, 113, 117, 97, 114, 116, 101, 114, 45, 49, 58, 97, 120, 105, 97, 108, 45, 110, 111, 114, 109, 97, 108, 34, 10, 32, 32, 32, 32, 125, 44, 10, 32, 32, 32, 32, 123, 10, 32, 32, 32, 32, 32, 32, 34, 114, 101, 102, 95, 116, 121, 112, 101, 34, 58, 32, 34, 114, 101, 115, 117, 108, 116, 34, 44, 10, 32, 32, 32, 32, 32, 32, 34, 114, 101, 102, 95, 105, 100, 34, 58, 32, 34, 114, 101, 115, 117, 108, 116, 58, 99, 111, 109, 98, 105, 110, 97, 116, 105, 111, 110, 58, 99, 111, 109, 98, 105, 110, 97, 116, 105, 111, 110, 45, 67, 45, 79, 80, 69, 82, 45, 65, 76, 84, 58, 115, 116, 114, 101, 115, 115, 58, 112, 105, 112, 101, 45, 80, 45, 49, 49, 48, 58, 113, 117, 97, 114, 116, 101, 114, 45, 49, 58, 98, 101, 110, 100, 105, 110, 103, 45, 110, 111, 114, 109, 97, 108, 45, 121, 34, 10, 32, 32, 32, 32, 125, 44, 10, 32, 32, 32, 32, 123, 10, 32, 32, 32, 32, 32, 32, 34, 114, 101, 102, 95, 116, 121, 112, 101, 34, 58, 32, 34, 114, 101, 115, 117, 108, 116, 34, 44, 10, 32, 32, 32, 32, 32, 32, 34, 114, 101, 102, 95, 105, 100, 34, 58, 32, 34, 114, 101, 115, 117, 108, 116, 58, 99, 111, 109, 98, 105, 110, 97, 116, 105, 111, 110, 58, 99, 111, 109, 98, 105, 110, 97, 116, 105, 111, 110, 45, 67, 45, 79, 80, 69, 82, 45, 65, 76, 84, 58, 115, 116, 114, 101, 115, 115, 58, 112, 105, 112, 101, 45, 80, 45, 49, 49, 48, 58, 113, 117, 97, 114, 116, 101, 114, 45, 49, 58, 98, 101, 110, 100, 105, 110, 103, 45, 110, 111, 114, 109, 97, 108, 45, 122, 34, 10, 32, 32, 32, 32, 125, 44, 10, 32, 32, 32, 32, 123, 10, 32, 32, 32, 32, 32, 32, 34, 114, 101, 102, 95, 116, 121, 112, 101, 34, 58, 32, 34, 114, 101, 115, 117, 108, 116, 34, 44, 10, 32, 32, 32, 32, 32, 32, 34, 114, 101, 102, 95, 105, 100, 34, 58, 32, 34, 114, 101, 115, 117, 108, 116, 58, 99, 111, 109, 98, 105, 110, 97, 116, 105, 111, 110, 58, 99, 111, 109, 98, 105, 110, 97, 116, 105, 111, 110, 45, 67, 45, 79, 80, 69, 82, 45, 65, 76, 84, 58, 115, 116, 114, 101, 115, 115, 58, 112, 105, 112, 101, 45, 80, 45, 49, 49, 48, 58, 113, 117, 97, 114, 116, 101, 114, 45, 49, 58, 116, 111, 114, 115, 105, 111, 110, 97, 108, 45, 115, 104, 101, 97, 114, 34, 10, 32, 32, 32, 32, 125, 44, 10, 32, 32, 32, 32, 123, 10, 32, 32, 32, 32, 32, 32, 34, 114, 101, 102, 95, 116, 121, 112, 101, 34, 58, 32, 34, 114, 101, 115, 117, 108, 116, 34, 44, 10, 32, 32, 32, 32, 32, 32, 34, 114, 101, 102, 95, 105, 100, 34, 58, 32, 34, 114, 101, 115, 117, 108, 116, 58, 99, 111, 109, 98, 105, 110, 97, 116, 105, 111, 110, 58, 99, 111, 109, 98, 105, 110, 97, 116, 105, 111, 110, 45, 67, 45, 79, 80, 69, 82, 45, 65, 76, 84, 58, 115, 116, 114, 101, 115, 115, 58, 112, 105, 112, 101, 45, 80, 45, 49, 49, 48, 58, 113, 117, 97, 114, 116, 101, 114, 45, 51, 58, 97, 120, 105, 97, 108, 45, 110, 111, 114, 109, 97, 108, 34, 10, 32, 32, 32, 32, 125, 44, 10, 32, 32, 32, 32, 123, 10, 32, 32, 32, 32, 32, 32, 34, 114, 101, 102, 95, 116, 121, 112, 101, 34, 58, 32, 34, 114, 101, 115, 117, 108, 116, 34, 44, 10, 32, 32, 32, 32, 32, 32, 34, 114, 101, 102, 95, 105, 100, 34, 58, 32, 34, 114, 101, 115, 117, 108, 116, 58, 99, 111, 109, 98, 105, 110, 97, 116, 105, 111, 110, 58, 99, 111, 109, 98, 105, 110, 97, 116, 105, 111, 110, 45, 67, 45, 79, 80, 69, 82, 45, 65, 76, 84, 58, 115, 116, 114, 101, 115, 115, 58, 112, 105, 112, 101, 45, 80, 45, 49, 49, 48, 58, 113, 117, 97, 114, 116, 101, 114, 45, 51, 58, 98, 101, 110, 100, 105, 110, 103, 45, 110, 111, 114, 109, 97, 108, 45, 121, 34, 10, 32, 32, 32, 32, 125, 44, 10, 32, 32, 32, 32, 123, 10, 32, 32, 32, 32, 32, 32, 34, 114, 101, 102, 95, 116, 121, 112, 101, 34, 58, 32, 34, 114, 101, 115, 117, 108, 116, 34, 44, 10, 32, 32, 32, 32, 32, 32, 34, 114, 101, 102, 95, 105, 100, 34, 58, 32, 34, 114, 101, 115, 117, 108, 116, 58, 99, 111, 109, 98, 105, 110, 97, 116, 105, 111, 110, 58, 99, 111, 109, 98, 105, 110, 97, 116, 105, 111, 110, 45, 67, 45, 79, 80, 69, 82, 45, 65, 76, 84, 58, 115, 116, 114, 101, 115, 115, 58, 112, 105, 112, 101, 45, 80, 45, 49, 49, 48, 58, 113, 117, 97, 114, 116, 101, 114, 45, 51, 58, 98, 101, 110, 100, 105, 110, 103, 45, 110, 111, 114, 109, 97, 108, 45, 122, 34, 10, 32, 32, 32, 32, 125, 44, 10, 32, 32, 32, 32, 123, 10, 32, 32, 32, 32, 32, 32, 34, 114, 101, 102, 95, 116, 121, 112, 101, 34, 58, 32, 34, 114, 101, 115, 117, 108, 116, 34, 44, 10, 32, 32, 32, 32, 32, 32, 34, 114, 101, 102, 95, 105, 100, 34, 58, 32, 34, 114, 101, 115, 117, 108, 116, 58, 99, 111, 109, 98, 105, 110, 97, 116, 105, 111, 110, 58, 99, 111, 109, 98, 105, 110, 97, 116, 105, 111, 110, 45, 67, 45, 79, 80, 69, 82, 45, 65, 76, 84, 58, 115, 116, 114, 101, 115, 115, 58, 112, 105, 112, 101, 45, 80, 45, 49, 49, 48, 58, 113, 117, 97, 114, 116, 101, 114, 45, 51, 58, 116, 111, 114, 115, 105, 111, 110, 97, 108, 45, 115, 104, 101, 97, 114, 34, 10, 32, 32, 32, 32, 125, 44, 10, 32, 32, 32, 32, 123, 10, 32, 32, 32, 32, 32, 32, 34, 114, 101, 102, 95, 116, 121, 112, 101, 34, 58, 32, 34, 114, 101, 115, 117, 108, 116, 34, 44, 10, 32, 32, 32, 32, 32, 32, 34, 114, 101, 102, 95, 105, 100, 34, 58, 32, 34, 114, 101, 115, 117, 108, 116, 58, 99, 111, 109, 98, 105, 110, 97, 116, 105, 111, 110, 58, 99, 111, 109, 98, 105, 110, 97, 116, 105, 111, 110, 45, 67, 45, 79, 80, 69, 82, 45, 65, 76, 84, 58, 115, 116, 114, 101, 115, 115, 58, 112, 105, 112, 101, 45, 80, 45, 49, 50, 48, 58, 101, 110, 100, 45, 105, 58, 97, 120, 105, 97, 108, 45, 110, 111, 114, 109, 97, 108, 34, 10, 32, 32, 32, 32, 125, 44, 10, 32, 32, 32, 32, 123, 10, 32, 32, 32, 32, 32, 32, 34, 114, 101, 102, 95, 116, 121, 112, 101, 34, 58, 32, 34, 114, 101, 115, 117, 108, 116, 34, 44, 10, 32, 32, 32, 32, 32, 32, 34, 114, 101, 102, 95, 105, 100, 34, 58, 32, 34, 114, 101, 115, 117, 108, 116, 58, 99, 111, 109, 98, 105, 110, 97, 116, 105, 111, 110, 58, 99, 111, 109, 98, 105, 110, 97, 116, 105, 111, 110, 45, 67, 45, 79, 80, 69, 82, 45, 65, 76, 84, 58, 115, 116, 114, 101, 115, 115, 58, 112, 105, 112, 101, 45, 80, 45, 49, 50, 48, 58, 101, 110, 100, 45, 105, 58, 98, 101, 110, 100, 105, 110, 103, 45, 110, 111, 114, 109, 97, 108, 45, 121, 34, 10, 32, 32, 32, 32, 125, 44, 10, 32, 32, 32, 32, 123, 10, 32, 32, 32, 32, 32, 32, 34, 114, 101, 102, 95, 116, 121, 112, 101, 34, 58, 32, 34, 114, 101, 115, 117, 108, 116, 34, 44, 10, 32, 32, 32, 32, 32, 32, 34, 114, 101, 102, 95, 105, 100, 34, 58, 32, 34, 114, 101, 115, 117, 108, 116, 58, 99, 111, 109, 98, 105, 110, 97, 116, 105, 111, 110, 58, 99, 111, 109, 98, 105, 110, 97, 116, 105, 111, 110, 45, 67, 45, 79, 80, 69, 82, 45, 65, 76, 84, 58, 115, 116, 114, 101, 115, 115, 58, 112, 105, 112, 101, 45, 80, 45, 49, 50, 48, 58, 101, 110, 100, 45, 105, 58, 98, 101, 110, 100, 105, 110, 103, 45, 110, 111, 114, 109, 97, 108, 45, 122, 34, 10, 32, 32, 32, 32, 125, 44, 10, 32, 32, 32, 32, 123, 10, 32, 32, 32, 32, 32, 32, 34, 114, 101, 102, 95, 116, 121, 112, 101, 34, 58, 32, 34, 114, 101, 115, 117, 108, 116, 34, 44, 10, 32, 32, 32, 32, 32, 32, 34, 114, 101, 102, 95, 105, 100, 34, 58, 32, 34, 114, 101, 115, 117, 108, 116, 58, 99, 111, 109, 98, 105, 110, 97, 116, 105, 111, 110, 58, 99, 111, 109, 98, 105, 110, 97, 116, 105, 111, 110, 45, 67, 45, 79, 80, 69, 82, 45, 65, 76, 84, 58, 115, 116, 114, 101, 115, 115, 58, 112, 105, 112, 101, 45, 80, 45, 49, 50, 48, 58, 101, 110, 100, 45, 105, 58, 112, 114, 101, 115, 115, 117, 114, 101, 45, 104, 111, 111, 112, 34, 10, 32, 32, 32, 32, 125, 44, 10, 32, 32, 32, 32, 123, 10, 32, 32, 32, 32, 32, 32, 34, 114, 101, 102, 95, 116, 121, 112, 101, 34, 58, 32, 34, 114, 101, 115, 117, 108, 116, 34, 44, 10, 32, 32, 32, 32, 32, 32, 34, 114, 101, 102, 95, 105, 100, 34, 58, 32, 34, 114, 101, 115, 117, 108, 116, 58, 99, 111, 109, 98, 105, 110, 97, 116, 105, 111, 110, 58, 99, 111, 109, 98, 105, 110, 97, 116, 105, 111, 110, 45, 67, 45, 79, 80, 69, 82, 45, 65, 76, 84, 58, 115, 116, 114, 101, 115, 115, 58, 112, 105, 112, 101, 45, 80, 45, 49, 50, 48, 58, 101, 110, 100, 45, 105, 58, 116, 111, 114, 115, 105, 111, 110, 97, 108, 45, 115, 104, 101, 97, 114, 34, 10, 32, 32, 32, 32, 125, 44, 10, 32, 32, 32, 32, 123, 10, 32, 32, 32, 32, 32, 32, 34, 114, 101, 102, 95, 116, 121, 112, 101, 34, 58, 32, 34, 114, 101, 115, 117, 108, 116, 34, 44, 10, 32, 32, 32, 32, 32, 32, 34, 114, 101, 102, 95, 105, 100, 34, 58, 32, 34, 114, 101, 115, 117, 108, 116, 58, 99, 111, 109, 98, 105, 110, 97, 116, 105, 111, 110, 58, 99, 111, 109, 98, 105, 110, 97, 116, 105, 111, 110, 45, 67, 45, 79, 80, 69, 82, 45, 65, 76, 84, 58, 115, 116, 114, 101, 115, 115, 58, 112, 105, 112, 101, 45, 80, 45, 49, 50, 48, 58, 101, 110, 100, 45, 106, 58, 97, 120, 105, 97, 108, 45, 110, 111, 114, 109, 97, 108, 34, 10, 32, 32, 32, 32, 125, 44, 10, 32, 32, 32, 32, 123, 10, 32, 32, 32, 32, 32, 32, 34, 114, 101, 102, 95, 116, 121, 112, 101, 34, 58, 32, 34, 114, 101, 115, 117, 108, 116, 34, 44, 10, 32, 32, 32, 32, 32, 32, 34, 114, 101, 102, 95, 105, 100, 34, 58, 32, 34, 114, 101, 115, 117, 108, 116, 58, 99, 111, 109, 98, 105, 110, 97, 116, 105, 111, 110, 58, 99, 111, 109, 98, 105, 110, 97, 116, 105, 111, 110, 45, 67, 45, 79, 80, 69, 82, 45, 65, 76, 84, 58, 115, 116, 114, 101, 115, 115, 58, 112, 105, 112, 101, 45, 80, 45, 49, 50, 48, 58, 101, 110, 100, 45, 106, 58, 98, 101, 110, 100, 105, 110, 103, 45, 110, 111, 114, 109, 97, 108, 45, 121, 34, 10, 32, 32, 32, 32, 125, 44, 10, 32, 32, 32, 32, 123, 10, 32, 32, 32, 32, 32, 32, 34, 114, 101, 102, 95, 116, 121, 112, 101, 34, 58, 32, 34, 114, 101, 115, 117, 108, 116, 34, 44, 10, 32, 32, 32, 32, 32, 32, 34, 114, 101, 102, 95, 105, 100, 34, 58, 32, 34, 114, 101, 115, 117, 108, 116, 58, 99, 111, 109, 98, 105, 110, 97, 116, 105, 111, 110, 58, 99, 111, 109, 98, 105, 110, 97, 116, 105, 111, 110, 45, 67, 45, 79, 80, 69, 82, 45, 65, 76, 84, 58, 115, 116, 114, 101, 115, 115, 58, 112, 105, 112, 101, 45, 80, 45, 49, 50, 48, 58, 101, 110, 100, 45, 106, 58, 98, 101, 110, 100, 105, 110, 103, 45, 110, 111, 114, 109, 97, 108, 45, 122, 34, 10, 32, 32, 32, 32, 125, 44, 10, 32, 32, 32, 32, 123, 10, 32, 32, 32, 32, 32, 32, 34, 114, 101, 102, 95, 116, 121, 112, 101, 34, 58, 32, 34, 114, 101, 115, 117, 108, 116, 34, 44, 10, 32, 32, 32, 32, 32, 32, 34, 114, 101, 102, 95, 105, 100, 34, 58, 32, 34, 114, 101, 115, 117, 108, 116, 58, 99, 111, 109, 98, 105, 110, 97, 116, 105, 111, 110, 58, 99, 111, 109, 98, 105, 110, 97, 116, 105, 111, 110, 45, 67, 45, 79, 80, 69, 82, 45, 65, 76, 84, 58, 115, 116, 114, 101, 115, 115, 58, 112, 105, 112, 101, 45, 80, 45, 49, 50, 48, 58, 101, 110, 100, 45, 106, 58, 112, 114, 101, 115, 115, 117, 114, 101, 45, 104, 111, 111, 112, 34, 10, 32, 32, 32, 32, 125, 44, 10, 32, 32, 32, 32, 123, 10, 32, 32, 32, 32, 32, 32, 34, 114, 101, 102, 95, 116, 121, 112, 101, 34, 58, 32, 34, 114, 101, 115, 117, 108, 116, 34, 44, 10, 32, 32, 32, 32, 32, 32, 34, 114, 101, 102, 95, 105, 100, 34, 58, 32, 34, 114, 101, 115, 117, 108, 116, 58, 99, 111, 109, 98, 105, 110, 97, 116, 105, 111, 110, 58, 99, 111, 109, 98, 105, 110, 97, 116, 105, 111, 110, 45, 67, 45, 79, 80, 69, 82, 45, 65, 76, 84, 58, 115, 116, 114, 101, 115, 115, 58, 112, 105, 112, 101, 45, 80, 45, 49, 50, 48, 58, 101, 110, 100, 45, 106, 58, 116, 111, 114, 115, 105, 111, 110, 97, 108, 45, 115, 104, 101, 97, 114, 34, 10, 32, 32, 32, 32, 125, 44, 10, 32, 32, 32, 32, 123, 10, 32, 32, 32, 32, 32, 32, 34, 114, 101, 102, 95, 116, 121, 112, 101, 34, 58, 32, 34, 114, 101, 115, 117, 108, 116, 34, 44, 10, 32, 32, 32, 32, 32, 32, 34, 114, 101, 102, 95, 105, 100, 34, 58, 32, 34, 114, 101, 115, 117, 108, 116, 58, 99, 111, 109, 98, 105, 110, 97, 116, 105, 111, 110, 58, 99, 111, 109, 98, 105, 110, 97, 116, 105, 111, 110, 45, 67, 45, 79, 80, 69, 82, 45, 65, 76, 84, 58, 115, 116, 114, 101, 115, 115, 58, 112, 105, 112, 101, 45, 80, 45, 49, 50, 48, 58, 109, 105, 100, 115, 112, 97, 110, 58, 97, 120, 105, 97, 108, 45, 110, 111, 114, 109, 97, 108, 34, 10, 32, 32, 32, 32, 125, 44, 10, 32, 32, 32, 32, 123, 10, 32, 32, 32, 32, 32, 32, 34, 114, 101, 102, 95, 116, 121, 112, 101, 34, 58, 32, 34, 114, 101, 115, 117, 108, 116, 34, 44, 10, 32, 32, 32, 32, 32, 32, 34, 114, 101, 102, 95, 105, 100, 34, 58, 32, 34, 114, 101, 115, 117, 108, 116, 58, 99, 111, 109, 98, 105, 110, 97, 116, 105, 111, 110, 58, 99, 111, 109, 98, 105, 110, 97, 116, 105, 111, 110, 45, 67, 45, 79, 80, 69, 82, 45, 65, 76, 84, 58, 115, 116, 114, 101, 115, 115, 58, 112, 105, 112, 101, 45, 80, 45, 49, 50, 48, 58, 109, 105, 100, 115, 112, 97, 110, 58, 98, 101, 110, 100, 105, 110, 103, 45, 110, 111, 114, 109, 97, 108, 45, 121, 34, 10, 32, 32, 32, 32, 125, 44, 10, 32, 32, 32, 32, 123, 10, 32, 32, 32, 32, 32, 32, 34, 114, 101, 102, 95, 116, 121, 112, 101, 34, 58, 32, 34, 114, 101, 115, 117, 108, 116, 34, 44, 10, 32, 32, 32, 32, 32, 32, 34, 114, 101, 102, 95, 105, 100, 34, 58, 32, 34, 114, 101, 115, 117, 108, 116, 58, 99, 111, 109, 98, 105, 110, 97, 116, 105, 111, 110, 58, 99, 111, 109, 98, 105, 110, 97, 116, 105, 111, 110, 45, 67, 45, 79, 80, 69, 82, 45, 65, 76, 84, 58, 115, 116, 114, 101, 115, 115, 58, 112, 105, 112, 101, 45, 80, 45, 49, 50, 48, 58, 109, 105, 100, 115, 112, 97, 110, 58, 98, 101, 110, 100, 105, 110, 103, 45, 110, 111, 114, 109, 97, 108, 45, 122, 34, 10, 32, 32, 32, 32, 125, 44, 10, 32, 32, 32, 32, 123, 10, 32, 32, 32, 32, 32, 32, 34, 114, 101, 102, 95, 116, 121, 112, 101, 34, 58, 32, 34, 114, 101, 115, 117, 108, 116, 34, 44, 10, 32, 32, 32, 32, 32, 32, 34, 114, 101, 102, 95, 105, 100, 34, 58, 32, 34, 114, 101, 115, 117, 108, 116, 58, 99, 111, 109, 98, 105, 110, 97, 116, 105, 111, 110, 58, 99, 111, 109, 98, 105, 110, 97, 116, 105, 111, 110, 45, 67, 45, 79, 80, 69, 82, 45, 65, 76, 84, 58, 115, 116, 114, 101, 115, 115, 58, 112, 105, 112, 101, 45, 80, 45, 49, 50, 48, 58, 109, 105, 100, 115, 112, 97, 110, 58, 112, 114, 101, 115, 115, 117, 114, 101, 45, 104, 111, 111, 112, 34, 10, 32, 32, 32, 32, 125, 44, 10, 32, 32, 32, 32, 123, 10, 32, 32, 32, 32, 32, 32, 34, 114, 101, 102, 95, 116, 121, 112, 101, 34, 58, 32, 34, 114, 101, 115, 117, 108, 116, 34, 44, 10, 32, 32, 32, 32, 32, 32, 34, 114, 101, 102, 95, 105, 100, 34, 58, 32, 34, 114, 101, 115, 117, 108, 116, 58, 99, 111, 109, 98, 105, 110, 97, 116, 105, 111, 110, 58, 99, 111, 109, 98, 105, 110, 97, 116, 105, 111, 110, 45, 67, 45, 79, 80, 69, 82, 45, 65, 76, 84, 58, 115, 116, 114, 101, 115, 115, 58, 112, 105, 112, 101, 45, 80, 45, 49, 50, 48, 58, 109, 105, 100, 115, 112, 97, 110, 58, 116, 111, 114, 115, 105, 111, 110, 97, 108, 45, 115, 104, 101, 97, 114, 34, 10, 32, 32, 32, 32, 125, 44, 10, 32, 32, 32, 32, 123, 10, 32, 32, 32, 32, 32, 32, 34, 114, 101, 102, 95, 116, 121, 112, 101, 34, 58, 32, 34, 114, 101, 115, 117, 108, 116, 34, 44, 10, 32, 32, 32, 32, 32, 32, 34, 114, 101, 102, 95, 105, 100, 34, 58, 32, 34, 114, 101, 115, 117, 108, 116, 58, 99, 111, 109, 98, 105, 110, 97, 116, 105, 111, 110, 58, 99, 111, 109, 98, 105, 110, 97, 116, 105, 111, 110, 45, 67, 45, 79, 80, 69, 82, 45, 65, 76, 84, 58, 115, 116, 114, 101, 115, 115, 58, 112, 105, 112, 101, 45, 80, 45, 49, 50, 48, 58, 113, 117, 97, 114, 116, 101, 114, 45, 49, 58, 97, 120, 105, 97, 108, 45, 110, 111, 114, 109, 97, 108, 34, 10, 32, 32, 32, 32, 125, 44, 10, 32, 32, 32, 32, 123, 10, 32, 32, 32, 32, 32, 32, 34, 114, 101, 102, 95, 116, 121, 112, 101, 34, 58, 32, 34, 114, 101, 115, 117, 108, 116, 34, 44, 10, 32, 32, 32, 32, 32, 32, 34, 114, 101, 102, 95, 105, 100, 34, 58, 32, 34, 114, 101, 115, 117, 108, 116, 58, 99, 111, 109, 98, 105, 110, 97, 116, 105, 111, 110, 58, 99, 111, 109, 98, 105, 110, 97, 116, 105, 111, 110, 45, 67, 45, 79, 80, 69, 82, 45, 65, 76, 84, 58, 115, 116, 114, 101, 115, 115, 58, 112, 105, 112, 101, 45, 80, 45, 49, 50, 48, 58, 113, 117, 97, 114, 116, 101, 114, 45, 49, 58, 98, 101, 110, 100, 105, 110, 103, 45, 110, 111, 114, 109, 97, 108, 45, 121, 34, 10, 32, 32, 32, 32, 125, 44, 10, 32, 32, 32, 32, 123, 10, 32, 32, 32, 32, 32, 32, 34, 114, 101, 102, 95, 116, 121, 112, 101, 34, 58, 32, 34, 114, 101, 115, 117, 108, 116, 34, 44, 10, 32, 32, 32, 32, 32, 32, 34, 114, 101, 102, 95, 105, 100, 34, 58, 32, 34, 114, 101, 115, 117, 108, 116, 58, 99, 111, 109, 98, 105, 110, 97, 116, 105, 111, 110, 58, 99, 111, 109, 98, 105, 110, 97, 116, 105, 111, 110, 45, 67, 45, 79, 80, 69, 82, 45, 65, 76, 84, 58, 115, 116, 114, 101, 115, 115, 58, 112, 105, 112, 101, 45, 80, 45, 49, 50, 48, 58, 113, 117, 97, 114, 116, 101, 114, 45, 49, 58, 98, 101, 110, 100, 105, 110, 103, 45, 110, 111, 114, 109, 97, 108, 45, 122, 34, 10, 32, 32, 32, 32, 125, 44, 10, 32, 32, 32, 32, 123, 10, 32, 32, 32, 32, 32, 32, 34, 114, 101, 102, 95, 116, 121, 112, 101, 34, 58, 32, 34, 114, 101, 115, 117, 108, 116, 34, 44, 10, 32, 32, 32, 32, 32, 32, 34, 114, 101, 102, 95, 105, 100, 34, 58, 32, 34, 114, 101, 115, 117, 108, 116, 58, 99, 111, 109, 98, 105, 110, 97, 116, 105, 111, 110, 58, 99, 111, 109, 98, 105, 110, 97, 116, 105, 111, 110, 45, 67, 45, 79, 80, 69, 82, 45, 65, 76, 84, 58, 115, 116, 114, 101, 115, 115, 58, 112, 105, 112, 101, 45, 80, 45, 49, 50, 48, 58, 113, 117, 97, 114, 116, 101, 114, 45, 49, 58, 112, 114, 101, 115, 115, 117, 114, 101, 45, 104, 111, 111, 112, 34, 10, 32, 32, 32, 32, 125, 44, 10, 32, 32, 32, 32, 123, 10, 32, 32, 32, 32, 32, 32, 34, 114, 101, 102, 95, 116, 121, 112, 101, 34, 58, 32, 34, 114, 101, 115, 117, 108, 116, 34, 44, 10, 32, 32, 32, 32, 32, 32, 34, 114, 101, 102, 95, 105, 100, 34, 58, 32, 34, 114, 101, 115, 117, 108, 116, 58, 99, 111, 109, 98, 105, 110, 97, 116, 105, 111, 110, 58, 99, 111, 109, 98, 105, 110, 97, 116, 105, 111, 110, 45, 67, 45, 79, 80, 69, 82, 45, 65, 76, 84, 58, 115, 116, 114, 101, 115, 115, 58, 112, 105, 112, 101, 45, 80, 45, 49, 50, 48, 58, 113, 117, 97, 114, 116, 101, 114, 45, 49, 58, 116, 111, 114, 115, 105, 111, 110, 97, 108, 45, 115, 104, 101, 97, 114, 34, 10, 32, 32, 32, 32, 125, 44, 10, 32, 32, 32, 32, 123, 10, 32, 32, 32, 32, 32, 32, 34, 114, 101, 102, 95, 116, 121, 112, 101, 34, 58, 32, 34, 114, 101, 115, 117, 108, 116, 34, 44, 10, 32, 32, 32, 32, 32, 32, 34, 114, 101, 102, 95, 105, 100, 34, 58, 32, 34, 114, 101, 115, 117, 108, 116, 58, 99, 111, 109, 98, 105, 110, 97, 116, 105, 111, 110, 58, 99, 111, 109, 98, 105, 110, 97, 116, 105, 111, 110, 45, 67, 45, 79, 80, 69, 82, 45, 65, 76, 84, 58, 115, 116, 114, 101, 115, 115, 58, 112, 105, 112, 101, 45, 80, 45, 49, 50, 48, 58, 113, 117, 97, 114, 116, 101, 114, 45, 51, 58, 97, 120, 105, 97, 108, 45, 110, 111, 114, 109, 97, 108, 34, 10, 32, 32, 32, 32, 125, 44, 10, 32, 32, 32, 32, 123, 10, 32, 32, 32, 32, 32, 32, 34, 114, 101, 102, 95, 116, 121, 112, 101, 34, 58, 32, 34, 114, 101, 115, 117, 108, 116, 34, 44, 10, 32, 32, 32, 32, 32, 32, 34, 114, 101, 102, 95, 105, 100, 34, 58, 32, 34, 114, 101, 115, 117, 108, 116, 58, 99, 111, 109, 98, 105, 110, 97, 116, 105, 111, 110, 58, 99, 111, 109, 98, 105, 110, 97, 116, 105, 111, 110, 45, 67, 45, 79, 80, 69, 82, 45, 65, 76, 84, 58, 115, 116, 114, 101, 115, 115, 58, 112, 105, 112, 101, 45, 80, 45, 49, 50, 48, 58, 113, 117, 97, 114, 116, 101, 114, 45, 51, 58, 98, 101, 110, 100, 105, 110, 103, 45, 110, 111, 114, 109, 97, 108, 45, 121, 34, 10, 32, 32, 32, 32, 125, 44, 10, 32, 32, 32, 32, 123, 10, 32, 32, 32, 32, 32, 32, 34, 114, 101, 102, 95, 116, 121, 112, 101, 34, 58, 32, 34, 114, 101, 115, 117, 108, 116, 34, 44, 10, 32, 32, 32, 32, 32, 32, 34, 114, 101, 102, 95, 105, 100, 34, 58, 32, 34, 114, 101, 115, 117, 108, 116, 58, 99, 111, 109, 98, 105, 110, 97, 116, 105, 111, 110, 58, 99, 111, 109, 98, 105, 110, 97, 116, 105, 111, 110, 45, 67, 45, 79, 80, 69, 82, 45, 65, 76, 84, 58, 115, 116, 114, 101, 115, 115, 58, 112, 105, 112, 101, 45, 80, 45, 49, 50, 48, 58, 113, 117, 97, 114, 116, 101, 114, 45, 51, 58, 98, 101, 110, 100, 105, 110, 103, 45, 110, 111, 114, 109, 97, 108, 45, 122, 34, 10, 32, 32, 32, 32, 125, 44, 10, 32, 32, 32, 32, 123, 10, 32, 32, 32, 32, 32, 32, 34, 114, 101, 102, 95, 116, 121, 112, 101, 34, 58, 32, 34, 114, 101, 115, 117, 108, 116, 34, 44, 10, 32, 32, 32, 32, 32, 32, 34, 114, 101, 102, 95, 105, 100, 34, 58, 32, 34, 114, 101, 115, 117, 108, 116, 58, 99, 111, 109, 98, 105, 110, 97, 116, 105, 111, 110, 58, 99, 111, 109, 98, 105, 110, 97, 116, 105, 111, 110, 45, 67, 45, 79, 80, 69, 82, 45, 65, 76, 84, 58, 115, 116, 114, 101, 115, 115, 58, 112, 105, 112, 101, 45, 80, 45, 49, 50, 48, 58, 113, 117, 97, 114, 116, 101, 114, 45, 51, 58, 112, 114, 101, 115, 115, 117, 114, 101, 45, 104, 111, 111, 112, 34, 10, 32, 32, 32, 32, 125, 44, 10, 32, 32, 32, 32, 123, 10, 32, 32, 32, 32, 32, 32, 34, 114, 101, 102, 95, 116, 121, 112, 101, 34, 58, 32, 34, 114, 101, 115, 117, 108, 116, 34, 44, 10, 32, 32, 32, 32, 32, 32, 34, 114, 101, 102, 95, 105, 100, 34, 58, 32, 34, 114, 101, 115, 117, 108, 116, 58, 99, 111, 109, 98, 105, 110, 97, 116, 105, 111, 110, 58, 99, 111, 109, 98, 105, 110, 97, 116, 105, 111, 110, 45, 67, 45, 79, 80, 69, 82, 45, 65, 76, 84, 58, 115, 116, 114, 101, 115, 115, 58, 112, 105, 112, 101, 45, 80, 45, 49, 50, 48, 58, 113, 117, 97, 114, 116, 101, 114, 45, 51, 58, 116, 111, 114, 115, 105, 111, 110, 97, 108, 45, 115, 104, 101, 97, 114, 34, 10, 32, 32, 32, 32, 125, 44, 10, 32, 32, 32, 32, 123, 10, 32, 32, 32, 32, 32, 32, 34, 114, 101, 102, 95, 116, 121, 112, 101, 34, 58, 32, 34, 114, 101, 115, 117, 108, 116, 34, 44, 10, 32, 32, 32, 32, 32, 32, 34, 114, 101, 102, 95, 105, 100, 34, 58, 32, 34, 114, 101, 115, 117, 108, 116, 58, 99, 111, 109, 98, 105, 110, 97, 116, 105, 111, 110, 58, 99, 111, 109, 98, 105, 110, 97, 116, 105, 111, 110, 45, 67, 45, 79, 80, 69, 82, 45, 65, 76, 84, 58, 115, 116, 114, 101, 115, 115, 58, 112, 105, 112, 101, 45, 80, 45, 49, 51, 48, 58, 101, 110, 100, 45, 105, 58, 97, 120, 105, 97, 108, 45, 110, 111, 114, 109, 97, 108, 34, 10, 32, 32, 32, 32, 125, 44, 10, 32, 32, 32, 32, 123, 10, 32, 32, 32, 32, 32, 32, 34, 114, 101, 102, 95, 116, 121, 112, 101, 34, 58, 32, 34, 114, 101, 115, 117, 108, 116, 34, 44, 10, 32, 32, 32, 32, 32, 32, 34, 114, 101, 102, 95, 105, 100, 34, 58, 32, 34, 114, 101, 115, 117, 108, 116, 58, 99, 111, 109, 98, 105, 110, 97, 116, 105, 111, 110, 58, 99, 111, 109, 98, 105, 110, 97, 116, 105, 111, 110, 45, 67, 45, 79, 80, 69, 82, 45, 65, 76, 84, 58, 115, 116, 114, 101, 115, 115, 58, 112, 105, 112, 101, 45, 80, 45, 49, 51, 48, 58, 101, 110, 100, 45, 105, 58, 98, 101, 110, 100, 105, 110, 103, 45, 110, 111, 114, 109, 97, 108, 45, 121, 34, 10, 32, 32, 32, 32, 125, 44, 10, 32, 32, 32, 32, 123, 10, 32, 32, 32, 32, 32, 32, 34, 114, 101, 102, 95, 116, 121, 112, 101, 34, 58, 32, 34, 114, 101, 115, 117, 108, 116, 34, 44, 10, 32, 32, 32, 32, 32, 32, 34, 114, 101, 102, 95, 105, 100, 34, 58, 32, 34, 114, 101, 115, 117, 108, 116, 58, 99, 111, 109, 98, 105, 110, 97, 116, 105, 111, 110, 58, 99, 111, 109, 98, 105, 110, 97, 116, 105, 111, 110, 45, 67, 45, 79, 80, 69, 82, 45, 65, 76, 84, 58, 115, 116, 114, 101, 115, 115, 58, 112, 105, 112, 101, 45, 80, 45, 49, 51, 48, 58, 101, 110, 100, 45, 105, 58, 98, 101, 110, 100, 105, 110, 103, 45, 110, 111, 114, 109, 97, 108, 45, 122, 34, 10, 32, 32, 32, 32, 125, 44, 10, 32, 32, 32, 32, 123, 10, 32, 32, 32, 32, 32, 32, 34, 114, 101, 102, 95, 116, 121, 112, 101, 34, 58, 32, 34, 114, 101, 115, 117, 108, 116, 34, 44, 10, 32, 32, 32, 32, 32, 32, 34, 114, 101, 102, 95, 105, 100, 34, 58, 32, 34, 114, 101, 115, 117, 108, 116, 58, 99, 111, 109, 98, 105, 110, 97, 116, 105, 111, 110, 58, 99, 111, 109, 98, 105, 110, 97, 116, 105, 111, 110, 45, 67, 45, 79, 80, 69, 82, 45, 65, 76, 84, 58, 115, 116, 114, 101, 115, 115, 58, 112, 105, 112, 101, 45, 80, 45, 49, 51, 48, 58, 101, 110, 100, 45, 105, 58, 112, 114, 101, 115, 115, 117, 114, 101, 45, 104, 111, 111, 112, 34, 10, 32, 32, 32, 32, 125, 44, 10, 32, 32, 32, 32, 123, 10, 32, 32, 32, 32, 32, 32, 34, 114, 101, 102, 95, 116, 121, 112, 101, 34, 58, 32, 34, 114, 101, 115, 117, 108, 116, 34, 44, 10, 32, 32, 32, 32, 32, 32, 34, 114, 101, 102, 95, 105, 100, 34, 58, 32, 34, 114, 101, 115, 117, 108, 116, 58, 99, 111, 109, 98, 105, 110, 97, 116, 105, 111, 110, 58, 99, 111, 109, 98, 105, 110, 97, 116, 105, 111, 110, 45, 67, 45, 79, 80, 69, 82, 45, 65, 76, 84, 58, 115, 116, 114, 101, 115, 115, 58, 112, 105, 112, 101, 45, 80, 45, 49, 51, 48, 58, 101, 110, 100, 45, 105, 58, 116, 111, 114, 115, 105, 111, 110, 97, 108, 45, 115, 104, 101, 97, 114, 34, 10, 32, 32, 32, 32, 125, 44, 10, 32, 32, 32, 32, 123, 10, 32, 32, 32, 32, 32, 32, 34, 114, 101, 102, 95, 116, 121, 112, 101, 34, 58, 32, 34, 114, 101, 115, 117, 108, 116, 34, 44, 10, 32, 32, 32, 32, 32, 32, 34, 114, 101, 102, 95, 105, 100, 34, 58, 32, 34, 114, 101, 115, 117, 108, 116, 58, 99, 111, 109, 98, 105, 110, 97, 116, 105, 111, 110, 58, 99, 111, 109, 98, 105, 110, 97, 116, 105, 111, 110, 45, 67, 45, 79, 80, 69, 82, 45, 65, 76, 84, 58, 115, 116, 114, 101, 115, 115, 58, 112, 105, 112, 101, 45, 80, 45, 49, 51, 48, 58, 101, 110, 100, 45, 106, 58, 97, 120, 105, 97, 108, 45, 110, 111, 114, 109, 97, 108, 34, 10, 32, 32, 32, 32, 125, 44, 10, 32, 32, 32, 32, 123, 10, 32, 32, 32, 32, 32, 32, 34, 114, 101, 102, 95, 116, 121, 112, 101, 34, 58, 32, 34, 114, 101, 115, 117, 108, 116, 34, 44, 10, 32, 32, 32, 32, 32, 32, 34, 114, 101, 102, 95, 105, 100, 34, 58, 32, 34, 114, 101, 115, 117, 108, 116, 58, 99, 111, 109, 98, 105, 110, 97, 116, 105, 111, 110, 58, 99, 111, 109, 98, 105, 110, 97, 116, 105, 111, 110, 45, 67, 45, 79, 80, 69, 82, 45, 65, 76, 84, 58, 115, 116, 114, 101, 115, 115, 58, 112, 105, 112, 101, 45, 80, 45, 49, 51, 48, 58, 101, 110, 100, 45, 106, 58, 98, 101, 110, 100, 105, 110, 103, 45, 110, 111, 114, 109, 97, 108, 45, 121, 34, 10, 32, 32, 32, 32, 125, 44, 10, 32, 32, 32, 32, 123, 10, 32, 32, 32, 32, 32, 32, 34, 114, 101, 102, 95, 116, 121, 112, 101, 34, 58, 32, 34, 114, 101, 115, 117, 108, 116, 34, 44, 10, 32, 32, 32, 32, 32, 32, 34, 114, 101, 102, 95, 105, 100, 34, 58, 32, 34, 114, 101, 115, 117, 108, 116, 58, 99, 111, 109, 98, 105, 110, 97, 116, 105, 111, 110, 58, 99, 111, 109, 98, 105, 110, 97, 116, 105, 111, 110, 45, 67, 45, 79, 80, 69, 82, 45, 65, 76, 84, 58, 115, 116, 114, 101, 115, 115, 58, 112, 105, 112, 101, 45, 80, 45, 49, 51, 48, 58, 101, 110, 100, 45, 106, 58, 98, 101, 110, 100, 105, 110, 103, 45, 110, 111, 114, 109, 97, 108, 45, 122, 34, 10, 32, 32, 32, 32, 125, 44, 10, 32, 32, 32, 32, 123, 10, 32, 32, 32, 32, 32, 32, 34, 114, 101, 102, 95, 116, 121, 112, 101, 34, 58, 32, 34, 114, 101, 115, 117, 108, 116, 34, 44, 10, 32, 32, 32, 32, 32, 32, 34, 114, 101, 102, 95, 105, 100, 34, 58, 32, 34, 114, 101, 115, 117, 108, 116, 58, 99, 111, 109, 98, 105, 110, 97, 116, 105, 111, 110, 58, 99, 111, 109, 98, 105, 110, 97, 116, 105, 111, 110, 45, 67, 45, 79, 80, 69, 82, 45, 65, 76, 84, 58, 115, 116, 114, 101, 115, 115, 58, 112, 105, 112, 101, 45, 80, 45, 49, 51, 48, 58, 101, 110, 100, 45, 106, 58, 112, 114, 101, 115, 115, 117, 114, 101, 45, 104, 111, 111, 112, 34, 10, 32, 32, 32, 32, 125, 44, 10, 32, 32, 32, 32, 123, 10, 32, 32, 32, 32, 32, 32, 34, 114, 101, 102, 95, 116, 121, 112, 101, 34, 58, 32, 34, 114, 101, 115, 117, 108, 116, 34, 44, 10, 32, 32, 32, 32, 32, 32, 34, 114, 101, 102, 95, 105, 100, 34, 58, 32, 34, 114, 101, 115, 117, 108, 116, 58, 99, 111, 109, 98, 105, 110, 97, 116, 105, 111, 110, 58, 99, 111, 109, 98, 105, 110, 97, 116, 105, 111, 110, 45, 67, 45, 79, 80, 69, 82, 45, 65, 76, 84, 58, 115, 116, 114, 101, 115, 115, 58, 112, 105, 112, 101, 45, 80, 45, 49, 51, 48, 58, 101, 110, 100, 45, 106, 58, 116, 111, 114, 115, 105, 111, 110, 97, 108, 45, 115, 104, 101, 97, 114, 34, 10, 32, 32, 32, 32, 125, 44, 10, 32, 32, 32, 32, 123, 10, 32, 32, 32, 32, 32, 32, 34, 114, 101, 102, 95, 116, 121, 112, 101, 34, 58, 32, 34, 114, 101, 115, 117, 108, 116, 34, 44, 10, 32, 32, 32, 32, 32, 32, 34, 114, 101, 102, 95, 105, 100, 34, 58, 32, 34, 114, 101, 115, 117, 108, 116, 58, 99, 111, 109, 98, 105, 110, 97, 116, 105, 111, 110, 58, 99, 111, 109, 98, 105, 110, 97, 116, 105, 111, 110, 45, 67, 45, 79, 80, 69, 82, 45, 65, 76, 84, 58, 115, 116, 114, 101, 115, 115, 58, 112, 105, 112, 101, 45, 80, 45, 49, 51, 48, 58, 109, 105, 100, 115, 112, 97, 110, 58, 97, 120, 105, 97, 108, 45, 110, 111, 114, 109, 97, 108, 34, 10, 32, 32, 32, 32, 125, 44, 10, 32, 32, 32, 32, 123, 10, 32, 32, 32, 32, 32, 32, 34, 114, 101, 102, 95, 116, 121, 112, 101, 34, 58, 32, 34, 114, 101, 115, 117, 108, 116, 34, 44, 10, 32, 32, 32, 32, 32, 32, 34, 114, 101, 102, 95, 105, 100, 34, 58, 32, 34, 114, 101, 115, 117, 108, 116, 58, 99, 111, 109, 98, 105, 110, 97, 116, 105, 111, 110, 58, 99, 111, 109, 98, 105, 110, 97, 116, 105, 111, 110, 45, 67, 45, 79, 80, 69, 82, 45, 65, 76, 84, 58, 115, 116, 114, 101, 115, 115, 58, 112, 105, 112, 101, 45, 80, 45, 49, 51, 48, 58, 109, 105, 100, 115, 112, 97, 110, 58, 98, 101, 110, 100, 105, 110, 103, 45, 110, 111, 114, 109, 97, 108, 45, 121, 34, 10, 32, 32, 32, 32, 125, 44, 10, 32, 32, 32, 32, 123, 10, 32, 32, 32, 32, 32, 32, 34, 114, 101, 102, 95, 116, 121, 112, 101, 34, 58, 32, 34, 114, 101, 115, 117, 108, 116, 34, 44, 10, 32, 32, 32, 32, 32, 32, 34, 114, 101, 102, 95, 105, 100, 34, 58, 32, 34, 114, 101, 115, 117, 108, 116, 58, 99, 111, 109, 98, 105, 110, 97, 116, 105, 111, 110, 58, 99, 111, 109, 98, 105, 110, 97, 116, 105, 111, 110, 45, 67, 45, 79, 80, 69, 82, 45, 65, 76, 84, 58, 115, 116, 114, 101, 115, 115, 58, 112, 105, 112, 101, 45, 80, 45, 49, 51, 48, 58, 109, 105, 100, 115, 112, 97, 110, 58, 98, 101, 110, 100, 105, 110, 103, 45, 110, 111, 114, 109, 97, 108, 45, 122, 34, 10, 32, 32, 32, 32, 125, 44, 10, 32, 32, 32, 32, 123, 10, 32, 32, 32, 32, 32, 32, 34, 114, 101, 102, 95, 116, 121, 112, 101, 34, 58, 32, 34, 114, 101, 115, 117, 108, 116, 34, 44, 10, 32, 32, 32, 32, 32, 32, 34, 114, 101, 102, 95, 105, 100, 34, 58, 32, 34, 114, 101, 115, 117, 108, 116, 58, 99, 111, 109, 98, 105, 110, 97, 116, 105, 111, 110, 58, 99, 111, 109, 98, 105, 110, 97, 116, 105, 111, 110, 45, 67, 45, 79, 80, 69, 82, 45, 65, 76, 84, 58, 115, 116, 114, 101, 115, 115, 58, 112, 105, 112, 101, 45, 80, 45, 49, 51, 48, 58, 109, 105, 100, 115, 112, 97, 110, 58, 112, 114, 101, 115, 115, 117, 114, 101, 45, 104, 111, 111, 112, 34, 10, 32, 32, 32, 32, 125, 44, 10, 32, 32, 32, 32, 123, 10, 32, 32, 32, 32, 32, 32, 34, 114, 101, 102, 95, 116, 121, 112, 101, 34, 58, 32, 34, 114, 101, 115, 117, 108, 116, 34, 44, 10, 32, 32, 32, 32, 32, 32, 34, 114, 101, 102, 95, 105, 100, 34, 58, 32, 34, 114, 101, 115, 117, 108, 116, 58, 99, 111, 109, 98, 105, 110, 97, 116, 105, 111, 110, 58, 99, 111, 109, 98, 105, 110, 97, 116, 105, 111, 110, 45, 67, 45, 79, 80, 69, 82, 45, 65, 76, 84, 58, 115, 116, 114, 101, 115, 115, 58, 112, 105, 112, 101, 45, 80, 45, 49, 51, 48, 58, 109, 105, 100, 115, 112, 97, 110, 58, 116, 111, 114, 115, 105, 111, 110, 97, 108, 45, 115, 104, 101, 97, 114, 34, 10, 32, 32, 32, 32, 125, 44, 10, 32, 32, 32, 32, 123, 10, 32, 32, 32, 32, 32, 32, 34, 114, 101, 102, 95, 116, 121, 112, 101, 34, 58, 32, 34, 114, 101, 115, 117, 108, 116, 34, 44, 10, 32, 32, 32, 32, 32, 32, 34, 114, 101, 102, 95, 105, 100, 34, 58, 32, 34, 114, 101, 115, 117, 108, 116, 58, 99, 111, 109, 98, 105, 110, 97, 116, 105, 111, 110, 58, 99, 111, 109, 98, 105, 110, 97, 116, 105, 111, 110, 45, 67, 45, 79, 80, 69, 82, 45, 65, 76, 84, 58, 115, 116, 114, 101, 115, 115, 58, 112, 105, 112, 101, 45, 80, 45, 49, 51, 48, 58, 113, 117, 97, 114, 116, 101, 114, 45, 49, 58, 97, 120, 105, 97, 108, 45, 110, 111, 114, 109, 97, 108, 34, 10, 32, 32, 32, 32, 125, 44, 10, 32, 32, 32, 32, 123, 10, 32, 32, 32, 32, 32, 32, 34, 114, 101, 102, 95, 116, 121, 112, 101, 34, 58, 32, 34, 114, 101, 115, 117, 108, 116, 34, 44, 10, 32, 32, 32, 32, 32, 32, 34, 114, 101, 102, 95, 105, 100, 34, 58, 32, 34, 114, 101, 115, 117, 108, 116, 58, 99, 111, 109, 98, 105, 110, 97, 116, 105, 111, 110, 58, 99, 111, 109, 98, 105, 110, 97, 116, 105, 111, 110, 45, 67, 45, 79, 80, 69, 82, 45, 65, 76, 84, 58, 115, 116, 114, 101, 115, 115, 58, 112, 105, 112, 101, 45, 80, 45, 49, 51, 48, 58, 113, 117, 97, 114, 116, 101, 114, 45, 49, 58, 98, 101, 110, 100, 105, 110, 103, 45, 110, 111, 114, 109, 97, 108, 45, 121, 34, 10, 32, 32, 32, 32, 125, 44, 10, 32, 32, 32, 32, 123, 10, 32, 32, 32, 32, 32, 32, 34, 114, 101, 102, 95, 116, 121, 112, 101, 34, 58, 32, 34, 114, 101, 115, 117, 108, 116, 34, 44, 10, 32, 32, 32, 32, 32, 32, 34, 114, 101, 102, 95, 105, 100, 34, 58, 32, 34, 114, 101, 115, 117, 108, 116, 58, 99, 111, 109, 98, 105, 110, 97, 116, 105, 111, 110, 58, 99, 111, 109, 98, 105, 110, 97, 116, 105, 111, 110, 45, 67, 45, 79, 80, 69, 82, 45, 65, 76, 84, 58, 115, 116, 114, 101, 115, 115, 58, 112, 105, 112, 101, 45, 80, 45, 49, 51, 48, 58, 113, 117, 97, 114, 116, 101, 114, 45, 49, 58, 98, 101, 110, 100, 105, 110, 103, 45, 110, 111, 114, 109, 97, 108, 45, 122, 34, 10, 32, 32, 32, 32, 125, 44, 10, 32, 32, 32, 32, 123, 10, 32, 32, 32, 32, 32, 32, 34, 114, 101, 102, 95, 116, 121, 112, 101, 34, 58, 32, 34, 114, 101, 115, 117, 108, 116, 34, 44, 10, 32, 32, 32, 32, 32, 32, 34, 114, 101, 102, 95, 105, 100, 34, 58, 32, 34, 114, 101, 115, 117, 108, 116, 58, 99, 111, 109, 98, 105, 110, 97, 116, 105, 111, 110, 58, 99, 111, 109, 98, 105, 110, 97, 116, 105, 111, 110, 45, 67, 45, 79, 80, 69, 82, 45, 65, 76, 84, 58, 115, 116, 114, 101, 115, 115, 58, 112, 105, 112, 101, 45, 80, 45, 49, 51, 48, 58, 113, 117, 97, 114, 116, 101, 114, 45, 49, 58, 112, 114, 101, 115, 115, 117, 114, 101, 45, 104, 111, 111, 112, 34, 10, 32, 32, 32, 32, 125, 44, 10, 32, 32, 32, 32, 123, 10, 32, 32, 32, 32, 32, 32, 34, 114, 101, 102, 95, 116, 121, 112, 101, 34, 58, 32, 34, 114, 101, 115, 117, 108, 116, 34, 44, 10, 32, 32, 32, 32, 32, 32, 34, 114, 101, 102, 95, 105, 100, 34, 58, 32, 34, 114, 101, 115, 117, 108, 116, 58, 99, 111, 109, 98, 105, 110, 97, 116, 105, 111, 110, 58, 99, 111, 109, 98, 105, 110, 97, 116, 105, 111, 110, 45, 67, 45, 79, 80, 69, 82, 45, 65, 76, 84, 58, 115, 116, 114, 101, 115, 115, 58, 112, 105, 112, 101, 45, 80, 45, 49, 51, 48, 58, 113, 117, 97, 114, 116, 101, 114, 45, 49, 58, 116, 111, 114, 115, 105, 111, 110, 97, 108, 45, 115, 104, 101, 97, 114, 34, 10, 32, 32, 32, 32, 125, 44, 10, 32, 32, 32, 32, 123, 10, 32, 32, 32, 32, 32, 32, 34, 114, 101, 102, 95, 116, 121, 112, 101, 34, 58, 32, 34, 114, 101, 115, 117, 108, 116, 34, 44, 10, 32, 32, 32, 32, 32, 32, 34, 114, 101, 102, 95, 105, 100, 34, 58, 32, 34, 114, 101, 115, 117, 108, 116, 58, 99, 111, 109, 98, 105, 110, 97, 116, 105, 111, 110, 58, 99, 111, 109, 98, 105, 110, 97, 116, 105, 111, 110, 45, 67, 45, 79, 80, 69, 82, 45, 65, 76, 84, 58, 115, 116, 114, 101, 115, 115, 58, 112, 105, 112, 101, 45, 80, 45, 49, 51, 48, 58, 113, 117, 97, 114, 116, 101, 114, 45, 51, 58, 97, 120, 105, 97, 108, 45, 110, 111, 114, 109, 97, 108, 34, 10, 32, 32, 32, 32, 125, 44, 10, 32, 32, 32, 32, 123, 10, 32, 32, 32, 32, 32, 32, 34, 114, 101, 102, 95, 116, 121, 112, 101, 34, 58, 32, 34, 114, 101, 115, 117, 108, 116, 34, 44, 10, 32, 32, 32, 32, 32, 32, 34, 114, 101, 102, 95, 105, 100, 34, 58, 32, 34, 114, 101, 115, 117, 108, 116, 58, 99, 111, 109, 98, 105, 110, 97, 116, 105, 111, 110, 58, 99, 111, 109, 98, 105, 110, 97, 116, 105, 111, 110, 45, 67, 45, 79, 80, 69, 82, 45, 65, 76, 84, 58, 115, 116, 114, 101, 115, 115, 58, 112, 105, 112, 101, 45, 80, 45, 49, 51, 48, 58, 113, 117, 97, 114, 116, 101, 114, 45, 51, 58, 98, 101, 110, 100, 105, 110, 103, 45, 110, 111, 114, 109, 97, 108, 45, 121, 34, 10, 32, 32, 32, 32, 125, 44, 10, 32, 32, 32, 32, 123, 10, 32, 32, 32, 32, 32, 32, 34, 114, 101, 102, 95, 116, 121, 112, 101, 34, 58, 32, 34, 114, 101, 115, 117, 108, 116, 34, 44, 10, 32, 32, 32, 32, 32, 32, 34, 114, 101, 102, 95, 105, 100, 34, 58, 32, 34, 114, 101, 115, 117, 108, 116, 58, 99, 111, 109, 98, 105, 110, 97, 116, 105, 111, 110, 58, 99, 111, 109, 98, 105, 110, 97, 116, 105, 111, 110, 45, 67, 45, 79, 80, 69, 82, 45, 65, 76, 84, 58, 115, 116, 114, 101, 115, 115, 58, 112, 105, 112, 101, 45, 80, 45, 49, 51, 48, 58, 113, 117, 97, 114, 116, 101, 114, 45, 51, 58, 98, 101, 110, 100, 105, 110, 103, 45, 110, 111, 114, 109, 97, 108, 45, 122, 34, 10, 32, 32, 32, 32, 125, 44, 10, 32, 32, 32, 32, 123, 10, 32, 32, 32, 32, 32, 32, 34, 114, 101, 102, 95, 116, 121, 112, 101, 34, 58, 32, 34, 114, 101, 115, 117, 108, 116, 34, 44, 10, 32, 32, 32, 32, 32, 32, 34, 114, 101, 102, 95, 105, 100, 34, 58, 32, 34, 114, 101, 115, 117, 108, 116, 58, 99, 111, 109, 98, 105, 110, 97, 116, 105, 111, 110, 58, 99, 111, 109, 98, 105, 110, 97, 116, 105, 111, 110, 45, 67, 45, 79, 80, 69, 82, 45, 65, 76, 84, 58, 115, 116, 114, 101, 115, 115, 58, 112, 105, 112, 101, 45, 80, 45, 49, 51, 48, 58, 113, 117, 97, 114, 116, 101, 114, 45, 51, 58, 112, 114, 101, 115, 115, 117, 114, 101, 45, 104, 111, 111, 112, 34, 10, 32, 32, 32, 32, 125, 44, 10, 32, 32, 32, 32, 123, 10, 32, 32, 32, 32, 32, 32, 34, 114, 101, 102, 95, 116, 121, 112, 101, 34, 58, 32, 34, 114, 101, 115, 117, 108, 116, 34, 44, 10, 32, 32, 32, 32, 32, 32, 34, 114, 101, 102, 95, 105, 100, 34, 58, 32, 34, 114, 101, 115, 117, 108, 116, 58, 99, 111, 109, 98, 105, 110, 97, 116, 105, 111, 110, 58, 99, 111, 109, 98, 105, 110, 97, 116, 105, 111, 110, 45, 67, 45, 79, 80, 69, 82, 45, 65, 76, 84, 58, 115, 116, 114, 101, 115, 115, 58, 112, 105, 112, 101, 45, 80, 45, 49, 51, 48, 58, 113, 117, 97, 114, 116, 101, 114, 45, 51, 58, 116, 111, 114, 115, 105, 111, 110, 97, 108, 45, 115, 104, 101, 97, 114, 34, 10, 32, 32, 32, 32, 125, 44, 10, 32, 32, 32, 32, 123, 10, 32, 32, 32, 32, 32, 32, 34, 114, 101, 102, 95, 116, 121, 112, 101, 34, 58, 32, 34, 114, 101, 115, 117, 108, 116, 34, 44, 10, 32, 32, 32, 32, 32, 32, 34, 114, 101, 102, 95, 105, 100, 34, 58, 32, 34, 114, 101, 115, 117, 108, 116, 58, 99, 111, 109, 112, 111, 110, 101, 110, 116, 45, 115, 116, 105, 102, 102, 110, 101, 115, 115, 58, 99, 111, 109, 112, 111, 110, 101, 110, 116, 45, 67, 45, 49, 53, 48, 58, 97, 120, 105, 97, 108, 34, 10, 32, 32, 32, 32, 125, 44, 10, 32, 32, 32, 32, 123, 10, 32, 32, 32, 32, 32, 32, 34, 114, 101, 102, 95, 116, 121, 112, 101, 34, 58, 32, 34, 114, 101, 115, 117, 108, 116, 34, 44, 10, 32, 32, 32, 32, 32, 32, 34, 114, 101, 102, 95, 105, 100, 34, 58, 32, 34, 114, 101, 115, 117, 108, 116, 58, 99, 111, 109, 112, 111, 110, 101, 110, 116, 45, 115, 116, 105, 102, 102, 110, 101, 115, 115, 58, 99, 111, 109, 112, 111, 110, 101, 110, 116, 45, 67, 45, 49, 53, 48, 58, 108, 97, 116, 101, 114, 97, 108, 34, 10, 32, 32, 32, 32, 125, 44, 10, 32, 32, 32, 32, 123, 10, 32, 32, 32, 32, 32, 32, 34, 114, 101, 102, 95, 116, 121, 112, 101, 34, 58, 32, 34, 114, 101, 115, 117, 108, 116, 34, 44, 10, 32, 32, 32, 32, 32, 32, 34, 114, 101, 102, 95, 105, 100, 34, 58, 32, 34, 114, 101, 115, 117, 108, 116, 58, 99, 111, 109, 112, 111, 110, 101, 110, 116, 45, 115, 116, 105, 102, 102, 110, 101, 115, 115, 58, 99, 111, 109, 112, 111, 110, 101, 110, 116, 45, 67, 45, 49, 53, 48, 58, 97, 110, 103, 117, 108, 97, 114, 34, 10, 32, 32, 32, 32, 125, 44, 10, 32, 32, 32, 32, 123, 10, 32, 32, 32, 32, 32, 32, 34, 114, 101, 102, 95, 116, 121, 112, 101, 34, 58, 32, 34, 114, 101, 115, 117, 108, 116, 34, 44, 10, 32, 32, 32, 32, 32, 32, 34, 114, 101, 102, 95, 105, 100, 34, 58, 32, 34, 114, 101, 115, 117, 108, 116, 58, 99, 111, 109, 112, 111, 110, 101, 110, 116, 45, 115, 116, 105, 102, 102, 110, 101, 115, 115, 58, 99, 111, 109, 112, 111, 110, 101, 110, 116, 45, 67, 45, 49, 53, 48, 58, 116, 111, 114, 115, 105, 111, 110, 97, 108, 34, 10, 32, 32, 32, 32, 125, 44, 10, 32, 32, 32, 32, 123, 10, 32, 32, 32, 32, 32, 32, 34, 114, 101, 102, 95, 116, 121, 112, 101, 34, 58, 32, 34, 114, 101, 115, 117, 108, 116, 34, 44, 10, 32, 32, 32, 32, 32, 32, 34, 114, 101, 102, 95, 105, 100, 34, 58, 32, 34, 114, 101, 115, 117, 108, 116, 58, 115, 112, 114, 105, 110, 103, 45, 104, 97, 110, 103, 101, 114, 58, 115, 117, 112, 112, 111, 114, 116, 45, 83, 72, 45, 49, 52, 48, 58, 115, 116, 105, 102, 102, 110, 101, 115, 115, 34, 10, 32, 32, 32, 32, 125, 44, 10, 32, 32, 32, 32, 123, 10, 32, 32, 32, 32, 32, 32, 34, 114, 101, 102, 95, 116, 121, 112, 101, 34, 58, 32, 34, 114, 101, 115, 117, 108, 116, 34, 44, 10, 32, 32, 32, 32, 32, 32, 34, 114, 101, 102, 95, 105, 100, 34, 58, 32, 34, 114, 101, 115, 117, 108, 116, 58, 115, 112, 114, 105, 110, 103, 45, 104, 97, 110, 103, 101, 114, 58, 115, 117, 112, 112, 111, 114, 116, 45, 83, 72, 45, 49, 52, 48, 58, 105, 110, 115, 116, 97, 108, 108, 101, 100, 45, 108, 111, 97, 100, 34, 10, 32, 32, 32, 32, 125, 44, 10, 32, 32, 32, 32, 123, 10, 32, 32, 32, 32, 32, 32, 34, 114, 101, 102, 95, 116, 121, 112, 101, 34, 58, 32, 34, 114, 101, 115, 117, 108, 116, 34, 44, 10, 32, 32, 32, 32, 32, 32, 34, 114, 101, 102, 95, 105, 100, 34, 58, 32, 34, 114, 101, 115, 117, 108, 116, 58, 115, 112, 114, 105, 110, 103, 45, 104, 97, 110, 103, 101, 114, 58, 115, 117, 112, 112, 111, 114, 116, 45, 83, 72, 45, 49, 52, 48, 58, 99, 111, 108, 100, 45, 108, 111, 97, 100, 34, 10, 32, 32, 32, 32, 125, 44, 10, 32, 32, 32, 32, 123, 10, 32, 32, 32, 32, 32, 32, 34, 114, 101, 102, 95, 116, 121, 112, 101, 34, 58, 32, 34, 114, 101, 115, 117, 108, 116, 34, 44, 10, 32, 32, 32, 32, 32, 32, 34, 114, 101, 102, 95, 105, 100, 34, 58, 32, 34, 114, 101, 115, 117, 108, 116, 58, 115, 112, 114, 105, 110, 103, 45, 104, 97, 110, 103, 101, 114, 58, 115, 117, 112, 112, 111, 114, 116, 45, 83, 72, 45, 49, 52, 48, 58, 104, 111, 116, 45, 108, 111, 97, 100, 34, 10, 32, 32, 32, 32, 125, 44, 10, 32, 32, 32, 32, 123, 10, 32, 32, 32, 32, 32, 32, 34, 114, 101, 102, 95, 116, 121, 112, 101, 34, 58, 32, 34, 114, 101, 115, 117, 108, 116, 34, 44, 10, 32, 32, 32, 32, 32, 32, 34, 114, 101, 102, 95, 105, 100, 34, 58, 32, 34, 114, 101, 115, 117, 108, 116, 58, 115, 112, 114, 105, 110, 103, 45, 104, 97, 110, 103, 101, 114, 58, 115, 117, 112, 112, 111, 114, 116, 45, 83, 72, 45, 49, 52, 48, 58, 116, 114, 97, 118, 101, 108, 45, 114, 97, 110, 103, 101, 34, 10, 32, 32, 32, 32, 125, 44, 10, 32, 32, 32, 32, 123, 10, 32, 32, 32, 32, 32, 32, 34, 114, 101, 102, 95, 116, 121, 112, 101, 34, 58, 32, 34, 114, 101, 115, 117, 108, 116, 34, 44, 10, 32, 32, 32, 32, 32, 32, 34, 114, 101, 102, 95, 105, 100, 34, 58, 32, 34, 114, 101, 115, 117, 108, 116, 58, 99, 111, 110, 115, 116, 97, 110, 116, 45, 101, 102, 102, 111, 114, 116, 45, 115, 117, 112, 112, 111, 114, 116, 58, 115, 117, 112, 112, 111, 114, 116, 45, 67, 69, 45, 49, 50, 48, 58, 99, 111, 110, 115, 116, 97, 110, 116, 45, 108, 111, 97, 100, 34, 10, 32, 32, 32, 32, 125, 44, 10, 32, 32, 32, 32, 123, 10, 32, 32, 32, 32, 32, 32, 34, 114, 101, 102, 95, 116, 121, 112, 101, 34, 58, 32, 34, 114, 101, 115, 117, 108, 116, 34, 44, 10, 32, 32, 32, 32, 32, 32, 34, 114, 101, 102, 95, 105, 100, 34, 58, 32, 34, 114, 101, 115, 117, 108, 116, 58, 99, 111, 110, 115, 116, 97, 110, 116, 45, 101, 102, 102, 111, 114, 116, 45, 115, 117, 112, 112, 111, 114, 116, 58, 115, 117, 112, 112, 111, 114, 116, 45, 67, 69, 45, 49, 50, 48, 58, 116, 114, 97, 118, 101, 108, 45, 114, 97, 110, 103, 101, 34, 10, 32, 32, 32, 32, 125, 10, 32, 32, 93, 44, 10, 32, 32, 34, 97, 117, 100, 105, 116, 95, 109, 97, 110, 105, 102, 101, 115, 116, 95, 114, 101, 102, 34, 58, 32, 123, 10, 32, 32, 32, 32, 34, 114, 101, 102, 95, 116, 121, 112, 101, 34, 58, 32, 34, 97, 117, 100, 105, 116, 95, 109, 97, 110, 105, 102, 101, 115, 116, 34, 44, 10, 32, 32, 32, 32, 34, 114, 101, 102, 95, 105, 100, 34, 58, 32, 34, 97, 117, 100, 105, 116, 45, 109, 97, 110, 105, 102, 101, 115, 116, 58, 114, 117, 110, 58, 104, 101, 97, 100, 108, 101, 115, 115, 45, 112, 114, 101, 118, 105, 101, 119, 58, 112, 53, 45, 115, 116, 114, 97, 105, 103, 104, 116, 45, 100, 101, 110, 115, 101, 45, 102, 117, 108, 108, 34, 10, 32, 32, 125, 44, 10, 32, 32, 34, 99, 104, 101, 99, 107, 115, 117, 109, 115, 34, 58, 32, 91, 10, 32, 32, 32, 32, 123, 10, 32, 32, 32, 32, 32, 32, 34, 97, 108, 103, 111, 114, 105, 116, 104, 109, 34, 58, 32, 34, 115, 104, 97, 50, 53, 54, 34, 44, 10, 32, 32, 32, 32, 32, 32, 34, 99, 97, 110, 111, 110, 105, 99, 97, 108, 105, 122, 97, 116, 105, 111, 110, 34, 58, 32, 34, 114, 102, 99, 56, 55, 56, 53, 95, 106, 99, 115, 34, 44, 10, 32, 32, 32, 32, 32, 32, 34, 112, 97, 121, 108, 111, 97, 100, 95, 114, 101, 102, 34, 58, 32, 123, 10, 32, 32, 32, 32, 32, 32, 32, 32, 34, 114, 101, 102, 95, 116, 121, 112, 101, 34, 58, 32, 34, 114, 117, 110, 110, 101, 114, 95, 114, 101, 113, 117, 101, 115, 116, 34, 44, 10, 32, 32, 32, 32, 32, 32, 32, 32, 34, 114, 101, 102, 95, 105, 100, 34, 58, 32, 34, 112, 53, 45, 115, 116, 114, 97, 105, 103, 104, 116, 45, 100, 101, 110, 115, 101, 45, 102, 117, 108, 108, 34, 10, 32, 32, 32, 32, 32, 32, 125, 44, 10, 32, 32, 32, 32, 32, 32, 34, 118, 97, 108, 117, 101, 34, 58, 32, 34, 49, 49, 52, 54, 97, 54, 99, 50, 97, 101, 48, 100, 53, 56, 100, 55, 49, 50, 52, 53, 50, 54, 100, 99, 100, 54, 56, 57, 49, 101, 48, 51, 57, 100, 51, 101, 48, 97, 99, 48, 55, 99, 57, 57, 98, 101, 54, 48, 54, 99, 98, 55, 100, 99, 99, 51, 100, 99, 52, 48, 54, 100, 55, 102, 34, 10, 32, 32, 32, 32, 125, 44, 10, 32, 32, 32, 32, 123, 10, 32, 32, 32, 32, 32, 32, 34, 97, 108, 103, 111, 114, 105, 116, 104, 109, 34, 58, 32, 34, 115, 104, 97, 50, 53, 54, 34, 44, 10, 32, 32, 32, 32, 32, 32, 34, 99, 97, 110, 111, 110, 105, 99, 97, 108, 105, 122, 97, 116, 105, 111, 110, 34, 58, 32, 34, 114, 102, 99, 56, 55, 56, 53, 95, 106, 99, 115, 34, 44, 10, 32, 32, 32, 32, 32, 32, 34, 112, 97, 121, 108, 111, 97, 100, 95, 114, 101, 102, 34, 58, 32, 123, 10, 32, 32, 32, 32, 32, 32, 32, 32, 34, 114, 101, 102, 95, 116, 121, 112, 101, 34, 58, 32, 34, 114, 101, 115, 117, 108, 116, 95, 101, 110, 118, 101, 108, 111, 112, 101, 34, 44, 10, 32, 32, 32, 32, 32, 32, 32, 32, 34, 114, 101, 102, 95, 105, 100, 34, 58, 32, 34, 114, 101, 115, 117, 108, 116, 45, 101, 110, 118, 101, 108, 111, 112, 101, 58, 114, 117, 110, 58, 104, 101, 97, 100, 108, 101, 115, 115, 45, 112, 114, 101, 118, 105, 101, 119, 58, 112, 53, 45, 115, 116, 114, 97, 105, 103, 104, 116, 45, 100, 101, 110, 115, 101, 45, 102, 117, 108, 108, 34, 10, 32, 32, 32, 32, 32, 32, 125, 44, 10, 32, 32, 32, 32, 32, 32, 34, 118, 97, 108, 117, 101, 34, 58, 32, 34, 55, 98, 99, 97, 50, 49, 52, 51, 102, 101, 99, 99, 97, 98, 101, 53, 55, 57, 102, 56, 57, 49, 101, 99, 51, 53, 51, 52, 48, 50, 51, 57, 49, 54, 97, 49, 98, 97, 50, 52, 55, 57, 54, 51, 48, 97, 56, 50, 52, 50, 51, 54, 97, 101, 53, 100, 48, 97, 49, 51, 53, 99, 102, 56, 34, 10, 32, 32, 32, 32, 125, 10, 32, 32, 93, 44, 10, 32, 32, 34, 100, 105, 97, 103, 110, 111, 115, 116, 105, 99, 115, 34, 58, 32, 91, 93, 44, 10, 32, 32, 34, 112, 114, 105, 118, 97, 99, 121, 34, 58, 32, 123, 10, 32, 32, 32, 32, 34, 108, 111, 99, 97, 108, 95, 111, 110, 108, 121, 34, 58, 32, 116, 114, 117, 101, 44, 10, 32, 32, 32, 32, 34, 116, 101, 108, 101, 109, 101, 116, 114, 121, 95, 97, 108, 108, 111, 119, 101, 100, 34, 58, 32, 102, 97, 108, 115, 101, 44, 10, 32, 32, 32, 32, 34, 112, 114, 105, 118, 97, 116, 101, 95, 112, 97, 121, 108, 111, 97, 100, 95, 114, 101, 100, 97, 99, 116, 101, 100, 34, 58, 32, 116, 114, 117, 101, 44, 10, 32, 32, 32, 32, 34, 99, 108, 97, 115, 115, 105, 102, 105, 99, 97, 116, 105, 111, 110, 34, 58, 32, 34, 112, 117, 98, 108, 105, 99, 95, 109, 101, 116, 97, 100, 97, 116, 97, 34, 10, 32, 32, 125, 44, 10, 32, 32, 34, 112, 114, 111, 118, 101, 110, 97, 110, 99, 101, 34, 58, 32, 123, 10, 32, 32, 32, 32, 34, 115, 111, 117, 114, 99, 101, 95, 110, 97, 109, 101, 34, 58, 32, 34, 80, 53, 32, 105, 110, 118, 101, 110, 116, 101, 100, 32, 99, 111, 109, 112, 108, 101, 116, 101, 45, 101, 110, 118, 101, 108, 111, 112, 101, 32, 115, 99, 104, 101, 109, 97, 32, 119, 105, 116, 110, 101, 115, 115, 34, 44, 10, 32, 32, 32, 32, 34, 115, 111, 117, 114, 99, 101, 95, 108, 111, 99, 97, 116, 105, 111, 110, 34, 58, 32, 34, 105, 110, 115, 116, 97, 110, 99, 101, 115, 47, 80, 53, 47, 115, 99, 104, 101, 109, 97, 95, 119, 105, 116, 110, 101, 115, 115, 34, 44, 10, 32, 32, 32, 32, 34, 115, 111, 117, 114, 99, 101, 95, 108, 105, 99, 101, 110, 115, 101, 34, 58, 32, 34, 112, 114, 111, 106, 101, 99, 116, 32, 105, 110, 118, 101, 110, 116, 101, 100, 34, 44, 10, 32, 32, 32, 32, 34, 99, 111, 110, 116, 114, 105, 98, 117, 116, 111, 114, 34, 58, 32, 34, 79, 112, 101, 110, 80, 105, 112, 101, 83, 116, 114, 101, 115, 115, 34, 44, 10, 32, 32, 32, 32, 34, 99, 111, 110, 116, 114, 105, 98, 117, 116, 111, 114, 95, 99, 101, 114, 116, 105, 102, 105, 99, 97, 116, 105, 111, 110, 34, 58, 32, 34, 105, 110, 118, 101, 110, 116, 101, 100, 32, 110, 111, 110, 45, 101, 110, 103, 105, 110, 101, 101, 114, 105, 110, 103, 32, 101, 120, 97, 109, 112, 108, 101, 34, 44, 10, 32, 32, 32, 32, 34, 114, 101, 100, 105, 115, 116, 114, 105, 98, 117, 116, 105, 111, 110, 95, 115, 116, 97, 116, 117, 115, 34, 58, 32, 34, 105, 110, 118, 101, 110, 116, 101, 100, 95, 110, 111, 110, 95, 101, 110, 103, 105, 110, 101, 101, 114, 105, 110, 103, 95, 101, 120, 97, 109, 112, 108, 101, 34, 44, 10, 32, 32, 32, 32, 34, 114, 101, 118, 105, 101, 119, 95, 115, 116, 97, 116, 117, 115, 34, 58, 32, 34, 97, 99, 99, 101, 112, 116, 101, 100, 34, 10, 32, 32, 125, 44, 10, 32, 32, 34, 112, 114, 111, 102, 101, 115, 115, 105, 111, 110, 97, 108, 95, 98, 111, 117, 110, 100, 97, 114, 121, 34, 58, 32, 123, 10, 32, 32, 32, 32, 34, 104, 117, 109, 97, 110, 95, 114, 101, 118, 105, 101, 119, 95, 114, 101, 113, 117, 105, 114, 101, 100, 34, 58, 32, 116, 114, 117, 101, 44, 10, 32, 32, 32, 32, 34, 115, 111, 102, 116, 119, 97, 114, 101, 95, 109, 97, 107, 101, 115, 95, 99, 111, 109, 112, 108, 105, 97, 110, 99, 101, 95, 99, 108, 97, 105, 109, 34, 58, 32, 102, 97, 108, 115, 101, 44, 10, 32, 32, 32, 32, 34, 115, 111, 102, 116, 119, 97, 114, 101, 95, 109, 97, 107, 101, 115, 95, 99, 101, 114, 116, 105, 102, 105, 99, 97, 116, 105, 111, 110, 95, 99, 108, 97, 105, 109, 34, 58, 32, 102, 97, 108, 115, 101, 44, 10, 32, 32, 32, 32, 34, 115, 111, 102, 116, 119, 97, 114, 101, 95, 109, 97, 107, 101, 115, 95, 115, 101, 97, 108, 105, 110, 103, 95, 99, 108, 97, 105, 109, 34, 58, 32, 102, 97, 108, 115, 101, 44, 10, 32, 32, 32, 32, 34, 115, 111, 102, 116, 119, 97, 114, 101, 95, 109, 97, 107, 101, 115, 95, 97, 112, 112, 114, 111, 118, 97, 108, 95, 99, 108, 97, 105, 109, 34, 58, 32, 102, 97, 108, 115, 101, 44, 10, 32, 32, 32, 32, 34, 115, 111, 102, 116, 119, 97, 114, 101, 95, 109, 97, 107, 101, 115, 95, 97, 117, 116, 104, 101, 110, 116, 105, 99, 97, 116, 105, 111, 110, 95, 99, 108, 97, 105, 109, 34, 58, 32, 102, 97, 108, 115, 101, 10, 32, 32, 125, 10, 125, 10]
note: run with `RUST_BACKTRACE=1` environment variable to display a backtrace
