OriginalDependencyID,CurrentDependencyID,Owner,Field,Before,After
SCA011-E001,DEP-04-07-001,DEL-04-07,DependencyID,SCA011-E001,DEP-04-07-001
SCA011-E001,DEP-04-07-001,DEL-04-07,EvidenceFile,execution/_Coordination/_PROPOSALS/R5_R6_FOLLOWUP_2026-09-22/PIPING_OWNERSHIP_PROPOSAL.md,execution/PKG-04_Solver Core and Numerical Methods/1_Working/DEL-04-07_Product solve integration and nonlinear orchestration/ScopeOfWork.md
SCA011-E001,DEP-04-07-001,DEL-04-07,SourceRef,Proposed identity table,execution/PKG-04_Solver Core and Numerical Methods/1_Working/DEL-04-07_Product solve integration and nonlinear orchestration/ScopeOfWork.md # frontmatter/deliverable_id
SCA011-E001,DEP-04-07-001,DEL-04-07,EvidenceQuote,,deliverable_id: DEL-04-07
SCA011-E001,DEP-04-07-001,DEL-04-07,Notes,"PROPOSAL: SourceRef supports the extracted relation; Statement is an agent synthesis, not a quotation. SCA-011 group-2 graph candidate only; ACTIVE describes the proposed relation, not graph adoption. Required maturity is a proposed contract-review gate; actual target maturity and conformance are not inferred from existing code. Identity/coverage trace only; not evidence of satisfaction of the scope item.","PROPOSAL: SourceRef supports the extracted relation; Statement is an agent synthesis, not a quotation. SCA-011 group-2 graph candidate only; ACTIVE describes the proposed relation, not graph adoption. Required maturity is a proposed contract-review gate; actual target maturity and conformance are not inferred from existing code. Identity/coverage trace only; not evidence of satisfaction of the scope item.; SCA011OriginalDependencyID=SCA011-E001; original_evidence_file=execution/_Coordination/_PROPOSALS/R5_R6_FOLLOWUP_2026-09-22/PIPING_OWNERSHIP_PROPOSAL.md; original_source_ref=Proposed identity table; metadata_repair=SCA-011/application/dependencies/CORRECTNESS_REPAIR.md"
SCA011-E002,DEP-04-07-002,DEL-04-07,DependencyID,SCA011-E002,DEP-04-07-002
SCA011-E002,DEP-04-07-002,DEL-04-07,EvidenceFile,execution/_Coordination/_PROPOSALS/R5_R6_FOLLOWUP_2026-09-22/PIPING_OWNERSHIP_PROPOSAL.md,execution/PKG-04_Solver Core and Numerical Methods/1_Working/DEL-04-07_Product solve integration and nonlinear orchestration/ScopeOfWork.md
SCA011-E002,DEP-04-07-002,DEL-04-07,SourceRef,Proposed identity table,execution/PKG-04_Solver Core and Numerical Methods/1_Working/DEL-04-07_Product solve integration and nonlinear orchestration/ScopeOfWork.md # frontmatter/project_scope_refs
SCA011-E002,DEP-04-07-002,DEL-04-07,EvidenceQuote,,"project_scope_refs: [SOW-005,SOW-011,SOW-012,SOW-052,SOW-053]"
SCA011-E002,DEP-04-07-002,DEL-04-07,Notes,"PROPOSAL: SourceRef supports the extracted relation; Statement is an agent synthesis, not a quotation. SCA-011 group-2 graph candidate only; ACTIVE describes the proposed relation, not graph adoption. Required maturity is a proposed contract-review gate; actual target maturity and conformance are not inferred from existing code. Identity/coverage trace only; not evidence of satisfaction of the scope item.","PROPOSAL: SourceRef supports the extracted relation; Statement is an agent synthesis, not a quotation. SCA-011 group-2 graph candidate only; ACTIVE describes the proposed relation, not graph adoption. Required maturity is a proposed contract-review gate; actual target maturity and conformance are not inferred from existing code. Identity/coverage trace only; not evidence of satisfaction of the scope item.; SCA011OriginalDependencyID=SCA011-E002; original_evidence_file=execution/_Coordination/_PROPOSALS/R5_R6_FOLLOWUP_2026-09-22/PIPING_OWNERSHIP_PROPOSAL.md; original_source_ref=Proposed identity table; metadata_repair=SCA-011/application/dependencies/CORRECTNESS_REPAIR.md"
SCA011-E003,DEP-04-07-003,DEL-04-07,DependencyID,SCA011-E003,DEP-04-07-003
SCA011-E003,DEP-04-07-003,DEL-04-07,EvidenceFile,execution/_Coordination/_PROPOSALS/R5_R6_FOLLOWUP_2026-09-22/PIPING_OWNERSHIP_PROPOSAL.md,execution/PKG-04_Solver Core and Numerical Methods/1_Working/DEL-04-07_Product solve integration and nonlinear orchestration/ScopeOfWork.md
SCA011-E003,DEP-04-07-003,DEL-04-07,SourceRef,Proposed identity table,execution/PKG-04_Solver Core and Numerical Methods/1_Working/DEL-04-07_Product solve integration and nonlinear orchestration/ScopeOfWork.md # frontmatter/project_scope_refs
SCA011-E003,DEP-04-07-003,DEL-04-07,EvidenceQuote,,"project_scope_refs: [SOW-005,SOW-011,SOW-012,SOW-052,SOW-053]"
SCA011-E003,DEP-04-07-003,DEL-04-07,Notes,"PROPOSAL: SourceRef supports the extracted relation; Statement is an agent synthesis, not a quotation. SCA-011 group-2 graph candidate only; ACTIVE describes the proposed relation, not graph adoption. Required maturity is a proposed contract-review gate; actual target maturity and conformance are not inferred from existing code. Identity/coverage trace only; not evidence of satisfaction of the scope item.","PROPOSAL: SourceRef supports the extracted relation; Statement is an agent synthesis, not a quotation. SCA-011 group-2 graph candidate only; ACTIVE describes the proposed relation, not graph adoption. Required maturity is a proposed contract-review gate; actual target maturity and conformance are not inferred from existing code. Identity/coverage trace only; not evidence of satisfaction of the scope item.; SCA011OriginalDependencyID=SCA011-E003; original_evidence_file=execution/_Coordination/_PROPOSALS/R5_R6_FOLLOWUP_2026-09-22/PIPING_OWNERSHIP_PROPOSAL.md; original_source_ref=Proposed identity table; metadata_repair=SCA-011/application/dependencies/CORRECTNESS_REPAIR.md"
SCA011-E004,DEP-04-07-004,DEL-04-07,DependencyID,SCA011-E004,DEP-04-07-004
SCA011-E004,DEP-04-07-004,DEL-04-07,EvidenceFile,execution/_Coordination/_PROPOSALS/R5_R6_FOLLOWUP_2026-09-22/PIPING_OWNERSHIP_PROPOSAL.md,execution/PKG-04_Solver Core and Numerical Methods/1_Working/DEL-04-07_Product solve integration and nonlinear orchestration/ScopeOfWork.md
SCA011-E004,DEP-04-07-004,DEL-04-07,SourceRef,Proposed identity table,execution/PKG-04_Solver Core and Numerical Methods/1_Working/DEL-04-07_Product solve integration and nonlinear orchestration/ScopeOfWork.md # frontmatter/project_scope_refs
SCA011-E004,DEP-04-07-004,DEL-04-07,EvidenceQuote,,"project_scope_refs: [SOW-005,SOW-011,SOW-012,SOW-052,SOW-053]"
SCA011-E004,DEP-04-07-004,DEL-04-07,Notes,"PROPOSAL: SourceRef supports the extracted relation; Statement is an agent synthesis, not a quotation. SCA-011 group-2 graph candidate only; ACTIVE describes the proposed relation, not graph adoption. Required maturity is a proposed contract-review gate; actual target maturity and conformance are not inferred from existing code. Identity/coverage trace only; not evidence of satisfaction of the scope item.","PROPOSAL: SourceRef supports the extracted relation; Statement is an agent synthesis, not a quotation. SCA-011 group-2 graph candidate only; ACTIVE describes the proposed relation, not graph adoption. Required maturity is a proposed contract-review gate; actual target maturity and conformance are not inferred from existing code. Identity/coverage trace only; not evidence of satisfaction of the scope item.; SCA011OriginalDependencyID=SCA011-E004; original_evidence_file=execution/_Coordination/_PROPOSALS/R5_R6_FOLLOWUP_2026-09-22/PIPING_OWNERSHIP_PROPOSAL.md; original_source_ref=Proposed identity table; metadata_repair=SCA-011/application/dependencies/CORRECTNESS_REPAIR.md"
SCA011-E005,DEP-04-07-005,DEL-04-07,DependencyID,SCA011-E005,DEP-04-07-005
SCA011-E005,DEP-04-07-005,DEL-04-07,EvidenceFile,execution/_Coordination/_PROPOSALS/R5_R6_FOLLOWUP_2026-09-22/PIPING_OWNERSHIP_PROPOSAL.md,execution/PKG-04_Solver Core and Numerical Methods/1_Working/DEL-04-07_Product solve integration and nonlinear orchestration/ScopeOfWork.md
SCA011-E005,DEP-04-07-005,DEL-04-07,SourceRef,Proposed identity table,execution/PKG-04_Solver Core and Numerical Methods/1_Working/DEL-04-07_Product solve integration and nonlinear orchestration/ScopeOfWork.md # frontmatter/project_scope_refs
SCA011-E005,DEP-04-07-005,DEL-04-07,EvidenceQuote,,"project_scope_refs: [SOW-005,SOW-011,SOW-012,SOW-052,SOW-053]"
SCA011-E005,DEP-04-07-005,DEL-04-07,Notes,"PROPOSAL: SourceRef supports the extracted relation; Statement is an agent synthesis, not a quotation. SCA-011 group-2 graph candidate only; ACTIVE describes the proposed relation, not graph adoption. Required maturity is a proposed contract-review gate; actual target maturity and conformance are not inferred from existing code. Identity/coverage trace only; not evidence of satisfaction of the scope item.","PROPOSAL: SourceRef supports the extracted relation; Statement is an agent synthesis, not a quotation. SCA-011 group-2 graph candidate only; ACTIVE describes the proposed relation, not graph adoption. Required maturity is a proposed contract-review gate; actual target maturity and conformance are not inferred from existing code. Identity/coverage trace only; not evidence of satisfaction of the scope item.; SCA011OriginalDependencyID=SCA011-E005; original_evidence_file=execution/_Coordination/_PROPOSALS/R5_R6_FOLLOWUP_2026-09-22/PIPING_OWNERSHIP_PROPOSAL.md; original_source_ref=Proposed identity table; metadata_repair=SCA-011/application/dependencies/CORRECTNESS_REPAIR.md"
SCA011-E006,DEP-04-07-006,DEL-04-07,DependencyID,SCA011-E006,DEP-04-07-006
SCA011-E006,DEP-04-07-006,DEL-04-07,EvidenceFile,execution/_Coordination/_PROPOSALS/R5_R6_FOLLOWUP_2026-09-22/PIPING_OWNERSHIP_PROPOSAL.md,execution/PKG-04_Solver Core and Numerical Methods/1_Working/DEL-04-07_Product solve integration and nonlinear orchestration/ScopeOfWork.md
SCA011-E006,DEP-04-07-006,DEL-04-07,SourceRef,Proposed identity table,execution/PKG-04_Solver Core and Numerical Methods/1_Working/DEL-04-07_Product solve integration and nonlinear orchestration/ScopeOfWork.md # frontmatter/project_scope_refs
SCA011-E006,DEP-04-07-006,DEL-04-07,EvidenceQuote,,"project_scope_refs: [SOW-005,SOW-011,SOW-012,SOW-052,SOW-053]"
SCA011-E006,DEP-04-07-006,DEL-04-07,Notes,"PROPOSAL: SourceRef supports the extracted relation; Statement is an agent synthesis, not a quotation. SCA-011 group-2 graph candidate only; ACTIVE describes the proposed relation, not graph adoption. Required maturity is a proposed contract-review gate; actual target maturity and conformance are not inferred from existing code. Identity/coverage trace only; not evidence of satisfaction of the scope item.","PROPOSAL: SourceRef supports the extracted relation; Statement is an agent synthesis, not a quotation. SCA-011 group-2 graph candidate only; ACTIVE describes the proposed relation, not graph adoption. Required maturity is a proposed contract-review gate; actual target maturity and conformance are not inferred from existing code. Identity/coverage trace only; not evidence of satisfaction of the scope item.; SCA011OriginalDependencyID=SCA011-E006; original_evidence_file=execution/_Coordination/_PROPOSALS/R5_R6_FOLLOWUP_2026-09-22/PIPING_OWNERSHIP_PROPOSAL.md; original_source_ref=Proposed identity table; metadata_repair=SCA-011/application/dependencies/CORRECTNESS_REPAIR.md"
SCA011-E007,DEP-04-07-007,DEL-04-07,DependencyID,SCA011-E007,DEP-04-07-007
SCA011-E007,DEP-04-07-007,DEL-04-07,EvidenceFile,execution/_Coordination/_PROPOSALS/R5_R6_FOLLOWUP_2026-09-22/PIPING_OWNERSHIP_PROPOSAL.md,execution/PKG-04_Solver Core and Numerical Methods/1_Working/DEL-04-07_Product solve integration and nonlinear orchestration/ScopeOfWork.md
SCA011-E007,DEP-04-07-007,DEL-04-07,SourceRef,Proposed identity table,execution/PKG-04_Solver Core and Numerical Methods/1_Working/DEL-04-07_Product solve integration and nonlinear orchestration/ScopeOfWork.md # frontmatter/package_objective_refs
SCA011-E007,DEP-04-07-007,DEL-04-07,EvidenceQuote,,"package_objective_refs: [OBJ-003,OBJ-012]"
SCA011-E007,DEP-04-07-007,DEL-04-07,Notes,"PROPOSAL: SourceRef supports the extracted relation; Statement is an agent synthesis, not a quotation. SCA-011 group-2 graph candidate only; ACTIVE describes the proposed relation, not graph adoption. Required maturity is a proposed contract-review gate; actual target maturity and conformance are not inferred from existing code. Identity/coverage trace only; not evidence of satisfaction of the scope item.","PROPOSAL: SourceRef supports the extracted relation; Statement is an agent synthesis, not a quotation. SCA-011 group-2 graph candidate only; ACTIVE describes the proposed relation, not graph adoption. Required maturity is a proposed contract-review gate; actual target maturity and conformance are not inferred from existing code. Identity/coverage trace only; not evidence of satisfaction of the scope item.; SCA011OriginalDependencyID=SCA011-E007; original_evidence_file=execution/_Coordination/_PROPOSALS/R5_R6_FOLLOWUP_2026-09-22/PIPING_OWNERSHIP_PROPOSAL.md; original_source_ref=Proposed identity table; metadata_repair=SCA-011/application/dependencies/CORRECTNESS_REPAIR.md"
SCA011-E008,DEP-04-07-008,DEL-04-07,DependencyID,SCA011-E008,DEP-04-07-008
SCA011-E008,DEP-04-07-008,DEL-04-07,EvidenceFile,execution/_Coordination/_PROPOSALS/R5_R6_FOLLOWUP_2026-09-22/PIPING_OWNERSHIP_PROPOSAL.md,execution/PKG-04_Solver Core and Numerical Methods/1_Working/DEL-04-07_Product solve integration and nonlinear orchestration/ScopeOfWork.md
SCA011-E008,DEP-04-07-008,DEL-04-07,SourceRef,Proposed identity table,execution/PKG-04_Solver Core and Numerical Methods/1_Working/DEL-04-07_Product solve integration and nonlinear orchestration/ScopeOfWork.md # frontmatter/package_objective_refs
SCA011-E008,DEP-04-07-008,DEL-04-07,EvidenceQuote,,"package_objective_refs: [OBJ-003,OBJ-012]"
SCA011-E008,DEP-04-07-008,DEL-04-07,Notes,"PROPOSAL: SourceRef supports the extracted relation; Statement is an agent synthesis, not a quotation. SCA-011 group-2 graph candidate only; ACTIVE describes the proposed relation, not graph adoption. Required maturity is a proposed contract-review gate; actual target maturity and conformance are not inferred from existing code. Identity/coverage trace only; not evidence of satisfaction of the scope item.","PROPOSAL: SourceRef supports the extracted relation; Statement is an agent synthesis, not a quotation. SCA-011 group-2 graph candidate only; ACTIVE describes the proposed relation, not graph adoption. Required maturity is a proposed contract-review gate; actual target maturity and conformance are not inferred from existing code. Identity/coverage trace only; not evidence of satisfaction of the scope item.; SCA011OriginalDependencyID=SCA011-E008; original_evidence_file=execution/_Coordination/_PROPOSALS/R5_R6_FOLLOWUP_2026-09-22/PIPING_OWNERSHIP_PROPOSAL.md; original_source_ref=Proposed identity table; metadata_repair=SCA-011/application/dependencies/CORRECTNESS_REPAIR.md"
SCA011-E009,DEP-07-11-001,DEL-07-11,DependencyID,SCA011-E009,DEP-07-11-001
SCA011-E009,DEP-07-11-001,DEL-07-11,EvidenceFile,execution/_Coordination/_PROPOSALS/R5_R6_FOLLOWUP_2026-09-22/PIPING_OWNERSHIP_PROPOSAL.md,execution/PKG-07_Graphical User Interface and Engineering Workflow/1_Working/DEL-07-11_Desktop workspace shell and host integration/ScopeOfWork.md
SCA011-E009,DEP-07-11-001,DEL-07-11,SourceRef,Proposed identity table,execution/PKG-07_Graphical User Interface and Engineering Workflow/1_Working/DEL-07-11_Desktop workspace shell and host integration/ScopeOfWork.md # frontmatter/deliverable_id
SCA011-E009,DEP-07-11-001,DEL-07-11,EvidenceQuote,,deliverable_id: DEL-07-11
SCA011-E009,DEP-07-11-001,DEL-07-11,Notes,"PROPOSAL: SourceRef supports the extracted relation; Statement is an agent synthesis, not a quotation. SCA-011 group-2 graph candidate only; ACTIVE describes the proposed relation, not graph adoption. Required maturity is a proposed contract-review gate; actual target maturity and conformance are not inferred from existing code. Identity/coverage trace only; not evidence of satisfaction of the scope item.","PROPOSAL: SourceRef supports the extracted relation; Statement is an agent synthesis, not a quotation. SCA-011 group-2 graph candidate only; ACTIVE describes the proposed relation, not graph adoption. Required maturity is a proposed contract-review gate; actual target maturity and conformance are not inferred from existing code. Identity/coverage trace only; not evidence of satisfaction of the scope item.; SCA011OriginalDependencyID=SCA011-E009; original_evidence_file=execution/_Coordination/_PROPOSALS/R5_R6_FOLLOWUP_2026-09-22/PIPING_OWNERSHIP_PROPOSAL.md; original_source_ref=Proposed identity table; metadata_repair=SCA-011/application/dependencies/CORRECTNESS_REPAIR.md"
SCA011-E010,DEP-07-11-002,DEL-07-11,DependencyID,SCA011-E010,DEP-07-11-002
SCA011-E010,DEP-07-11-002,DEL-07-11,EvidenceFile,execution/_Coordination/_PROPOSALS/R5_R6_FOLLOWUP_2026-09-22/PIPING_OWNERSHIP_PROPOSAL.md,execution/PKG-07_Graphical User Interface and Engineering Workflow/1_Working/DEL-07-11_Desktop workspace shell and host integration/ScopeOfWork.md
SCA011-E010,DEP-07-11-002,DEL-07-11,SourceRef,Proposed identity table,execution/PKG-07_Graphical User Interface and Engineering Workflow/1_Working/DEL-07-11_Desktop workspace shell and host integration/ScopeOfWork.md # frontmatter/project_scope_refs
SCA011-E010,DEP-07-11-002,DEL-07-11,EvidenceQuote,,project_scope_refs: [SOW-078]
SCA011-E010,DEP-07-11-002,DEL-07-11,Notes,"PROPOSAL: SourceRef supports the extracted relation; Statement is an agent synthesis, not a quotation. SCA-011 group-2 graph candidate only; ACTIVE describes the proposed relation, not graph adoption. Required maturity is a proposed contract-review gate; actual target maturity and conformance are not inferred from existing code. Identity/coverage trace only; not evidence of satisfaction of the scope item.","PROPOSAL: SourceRef supports the extracted relation; Statement is an agent synthesis, not a quotation. SCA-011 group-2 graph candidate only; ACTIVE describes the proposed relation, not graph adoption. Required maturity is a proposed contract-review gate; actual target maturity and conformance are not inferred from existing code. Identity/coverage trace only; not evidence of satisfaction of the scope item.; SCA011OriginalDependencyID=SCA011-E010; original_evidence_file=execution/_Coordination/_PROPOSALS/R5_R6_FOLLOWUP_2026-09-22/PIPING_OWNERSHIP_PROPOSAL.md; original_source_ref=Proposed identity table; metadata_repair=SCA-011/application/dependencies/CORRECTNESS_REPAIR.md"
SCA011-E011,DEP-07-11-003,DEL-07-11,DependencyID,SCA011-E011,DEP-07-11-003
SCA011-E011,DEP-07-11-003,DEL-07-11,EvidenceFile,execution/_Coordination/_PROPOSALS/R5_R6_FOLLOWUP_2026-09-22/PIPING_OWNERSHIP_PROPOSAL.md,execution/PKG-07_Graphical User Interface and Engineering Workflow/1_Working/DEL-07-11_Desktop workspace shell and host integration/ScopeOfWork.md
SCA011-E011,DEP-07-11-003,DEL-07-11,SourceRef,Proposed identity table,execution/PKG-07_Graphical User Interface and Engineering Workflow/1_Working/DEL-07-11_Desktop workspace shell and host integration/ScopeOfWork.md # frontmatter/package_objective_refs
SCA011-E011,DEP-07-11-003,DEL-07-11,EvidenceQuote,,"package_objective_refs: [OBJ-006,OBJ-010,OBJ-015]"
SCA011-E011,DEP-07-11-003,DEL-07-11,Notes,"PROPOSAL: SourceRef supports the extracted relation; Statement is an agent synthesis, not a quotation. SCA-011 group-2 graph candidate only; ACTIVE describes the proposed relation, not graph adoption. Required maturity is a proposed contract-review gate; actual target maturity and conformance are not inferred from existing code. Identity/coverage trace only; not evidence of satisfaction of the scope item.","PROPOSAL: SourceRef supports the extracted relation; Statement is an agent synthesis, not a quotation. SCA-011 group-2 graph candidate only; ACTIVE describes the proposed relation, not graph adoption. Required maturity is a proposed contract-review gate; actual target maturity and conformance are not inferred from existing code. Identity/coverage trace only; not evidence of satisfaction of the scope item.; SCA011OriginalDependencyID=SCA011-E011; original_evidence_file=execution/_Coordination/_PROPOSALS/R5_R6_FOLLOWUP_2026-09-22/PIPING_OWNERSHIP_PROPOSAL.md; original_source_ref=Proposed identity table; metadata_repair=SCA-011/application/dependencies/CORRECTNESS_REPAIR.md"
SCA011-E012,DEP-07-11-004,DEL-07-11,DependencyID,SCA011-E012,DEP-07-11-004
SCA011-E012,DEP-07-11-004,DEL-07-11,EvidenceFile,execution/_Coordination/_PROPOSALS/R5_R6_FOLLOWUP_2026-09-22/PIPING_OWNERSHIP_PROPOSAL.md,execution/PKG-07_Graphical User Interface and Engineering Workflow/1_Working/DEL-07-11_Desktop workspace shell and host integration/ScopeOfWork.md
SCA011-E012,DEP-07-11-004,DEL-07-11,SourceRef,Proposed identity table,execution/PKG-07_Graphical User Interface and Engineering Workflow/1_Working/DEL-07-11_Desktop workspace shell and host integration/ScopeOfWork.md # frontmatter/package_objective_refs
SCA011-E012,DEP-07-11-004,DEL-07-11,EvidenceQuote,,"package_objective_refs: [OBJ-006,OBJ-010,OBJ-015]"
SCA011-E012,DEP-07-11-004,DEL-07-11,Notes,"PROPOSAL: SourceRef supports the extracted relation; Statement is an agent synthesis, not a quotation. SCA-011 group-2 graph candidate only; ACTIVE describes the proposed relation, not graph adoption. Required maturity is a proposed contract-review gate; actual target maturity and conformance are not inferred from existing code. Identity/coverage trace only; not evidence of satisfaction of the scope item.","PROPOSAL: SourceRef supports the extracted relation; Statement is an agent synthesis, not a quotation. SCA-011 group-2 graph candidate only; ACTIVE describes the proposed relation, not graph adoption. Required maturity is a proposed contract-review gate; actual target maturity and conformance are not inferred from existing code. Identity/coverage trace only; not evidence of satisfaction of the scope item.; SCA011OriginalDependencyID=SCA011-E012; original_evidence_file=execution/_Coordination/_PROPOSALS/R5_R6_FOLLOWUP_2026-09-22/PIPING_OWNERSHIP_PROPOSAL.md; original_source_ref=Proposed identity table; metadata_repair=SCA-011/application/dependencies/CORRECTNESS_REPAIR.md"
SCA011-E013,DEP-07-11-005,DEL-07-11,DependencyID,SCA011-E013,DEP-07-11-005
SCA011-E013,DEP-07-11-005,DEL-07-11,EvidenceFile,execution/_Coordination/_PROPOSALS/R5_R6_FOLLOWUP_2026-09-22/PIPING_OWNERSHIP_PROPOSAL.md,execution/PKG-07_Graphical User Interface and Engineering Workflow/1_Working/DEL-07-11_Desktop workspace shell and host integration/ScopeOfWork.md
SCA011-E013,DEP-07-11-005,DEL-07-11,SourceRef,Proposed identity table,execution/PKG-07_Graphical User Interface and Engineering Workflow/1_Working/DEL-07-11_Desktop workspace shell and host integration/ScopeOfWork.md # frontmatter/package_objective_refs
SCA011-E013,DEP-07-11-005,DEL-07-11,EvidenceQuote,,"package_objective_refs: [OBJ-006,OBJ-010,OBJ-015]"
SCA011-E013,DEP-07-11-005,DEL-07-11,Notes,"PROPOSAL: SourceRef supports the extracted relation; Statement is an agent synthesis, not a quotation. SCA-011 group-2 graph candidate only; ACTIVE describes the proposed relation, not graph adoption. Required maturity is a proposed contract-review gate; actual target maturity and conformance are not inferred from existing code. Identity/coverage trace only; not evidence of satisfaction of the scope item.","PROPOSAL: SourceRef supports the extracted relation; Statement is an agent synthesis, not a quotation. SCA-011 group-2 graph candidate only; ACTIVE describes the proposed relation, not graph adoption. Required maturity is a proposed contract-review gate; actual target maturity and conformance are not inferred from existing code. Identity/coverage trace only; not evidence of satisfaction of the scope item.; SCA011OriginalDependencyID=SCA011-E013; original_evidence_file=execution/_Coordination/_PROPOSALS/R5_R6_FOLLOWUP_2026-09-22/PIPING_OWNERSHIP_PROPOSAL.md; original_source_ref=Proposed identity table; metadata_repair=SCA-011/application/dependencies/CORRECTNESS_REPAIR.md"
SCA011-E014,DEP-07-12-001,DEL-07-12,DependencyID,SCA011-E014,DEP-07-12-001
SCA011-E014,DEP-07-12-001,DEL-07-12,EvidenceFile,execution/_Coordination/_PROPOSALS/R5_R6_FOLLOWUP_2026-09-22/PIPING_OWNERSHIP_PROPOSAL.md,execution/PKG-07_Graphical User Interface and Engineering Workflow/1_Working/DEL-07-12_Interoperability and evidence-review workspace/ScopeOfWork.md
SCA011-E014,DEP-07-12-001,DEL-07-12,SourceRef,Proposed identity table,execution/PKG-07_Graphical User Interface and Engineering Workflow/1_Working/DEL-07-12_Interoperability and evidence-review workspace/ScopeOfWork.md # frontmatter/deliverable_id
SCA011-E014,DEP-07-12-001,DEL-07-12,EvidenceQuote,,deliverable_id: DEL-07-12
SCA011-E014,DEP-07-12-001,DEL-07-12,Notes,"PROPOSAL: SourceRef supports the extracted relation; Statement is an agent synthesis, not a quotation. SCA-011 group-2 graph candidate only; ACTIVE describes the proposed relation, not graph adoption. Required maturity is a proposed contract-review gate; actual target maturity and conformance are not inferred from existing code. Identity/coverage trace only; not evidence of satisfaction of the scope item.","PROPOSAL: SourceRef supports the extracted relation; Statement is an agent synthesis, not a quotation. SCA-011 group-2 graph candidate only; ACTIVE describes the proposed relation, not graph adoption. Required maturity is a proposed contract-review gate; actual target maturity and conformance are not inferred from existing code. Identity/coverage trace only; not evidence of satisfaction of the scope item.; SCA011OriginalDependencyID=SCA011-E014; original_evidence_file=execution/_Coordination/_PROPOSALS/R5_R6_FOLLOWUP_2026-09-22/PIPING_OWNERSHIP_PROPOSAL.md; original_source_ref=Proposed identity table; metadata_repair=SCA-011/application/dependencies/CORRECTNESS_REPAIR.md"
SCA011-E015,DEP-07-12-002,DEL-07-12,DependencyID,SCA011-E015,DEP-07-12-002
SCA011-E015,DEP-07-12-002,DEL-07-12,EvidenceFile,execution/_Coordination/_PROPOSALS/R5_R6_FOLLOWUP_2026-09-22/PIPING_OWNERSHIP_PROPOSAL.md,execution/PKG-07_Graphical User Interface and Engineering Workflow/1_Working/DEL-07-12_Interoperability and evidence-review workspace/ScopeOfWork.md
SCA011-E015,DEP-07-12-002,DEL-07-12,SourceRef,Proposed identity table,execution/PKG-07_Graphical User Interface and Engineering Workflow/1_Working/DEL-07-12_Interoperability and evidence-review workspace/ScopeOfWork.md # frontmatter/project_scope_refs
SCA011-E015,DEP-07-12-002,DEL-07-12,EvidenceQuote,,project_scope_refs: [SOW-079]
SCA011-E015,DEP-07-12-002,DEL-07-12,Notes,"PROPOSAL: SourceRef supports the extracted relation; Statement is an agent synthesis, not a quotation. SCA-011 group-2 graph candidate only; ACTIVE describes the proposed relation, not graph adoption. Required maturity is a proposed contract-review gate; actual target maturity and conformance are not inferred from existing code. Identity/coverage trace only; not evidence of satisfaction of the scope item.","PROPOSAL: SourceRef supports the extracted relation; Statement is an agent synthesis, not a quotation. SCA-011 group-2 graph candidate only; ACTIVE describes the proposed relation, not graph adoption. Required maturity is a proposed contract-review gate; actual target maturity and conformance are not inferred from existing code. Identity/coverage trace only; not evidence of satisfaction of the scope item.; SCA011OriginalDependencyID=SCA011-E015; original_evidence_file=execution/_Coordination/_PROPOSALS/R5_R6_FOLLOWUP_2026-09-22/PIPING_OWNERSHIP_PROPOSAL.md; original_source_ref=Proposed identity table; metadata_repair=SCA-011/application/dependencies/CORRECTNESS_REPAIR.md"
SCA011-E016,DEP-07-12-003,DEL-07-12,DependencyID,SCA011-E016,DEP-07-12-003
SCA011-E016,DEP-07-12-003,DEL-07-12,EvidenceFile,execution/_Coordination/_PROPOSALS/R5_R6_FOLLOWUP_2026-09-22/PIPING_OWNERSHIP_PROPOSAL.md,execution/PKG-07_Graphical User Interface and Engineering Workflow/1_Working/DEL-07-12_Interoperability and evidence-review workspace/ScopeOfWork.md
SCA011-E016,DEP-07-12-003,DEL-07-12,SourceRef,Proposed identity table,execution/PKG-07_Graphical User Interface and Engineering Workflow/1_Working/DEL-07-12_Interoperability and evidence-review workspace/ScopeOfWork.md # frontmatter/package_objective_refs
SCA011-E016,DEP-07-12-003,DEL-07-12,EvidenceQuote,,"package_objective_refs: [OBJ-006,OBJ-007,OBJ-018]"
SCA011-E016,DEP-07-12-003,DEL-07-12,Notes,"PROPOSAL: SourceRef supports the extracted relation; Statement is an agent synthesis, not a quotation. SCA-011 group-2 graph candidate only; ACTIVE describes the proposed relation, not graph adoption. Required maturity is a proposed contract-review gate; actual target maturity and conformance are not inferred from existing code. Identity/coverage trace only; not evidence of satisfaction of the scope item.","PROPOSAL: SourceRef supports the extracted relation; Statement is an agent synthesis, not a quotation. SCA-011 group-2 graph candidate only; ACTIVE describes the proposed relation, not graph adoption. Required maturity is a proposed contract-review gate; actual target maturity and conformance are not inferred from existing code. Identity/coverage trace only; not evidence of satisfaction of the scope item.; SCA011OriginalDependencyID=SCA011-E016; original_evidence_file=execution/_Coordination/_PROPOSALS/R5_R6_FOLLOWUP_2026-09-22/PIPING_OWNERSHIP_PROPOSAL.md; original_source_ref=Proposed identity table; metadata_repair=SCA-011/application/dependencies/CORRECTNESS_REPAIR.md"
SCA011-E017,DEP-07-12-004,DEL-07-12,DependencyID,SCA011-E017,DEP-07-12-004
SCA011-E017,DEP-07-12-004,DEL-07-12,EvidenceFile,execution/_Coordination/_PROPOSALS/R5_R6_FOLLOWUP_2026-09-22/PIPING_OWNERSHIP_PROPOSAL.md,execution/PKG-07_Graphical User Interface and Engineering Workflow/1_Working/DEL-07-12_Interoperability and evidence-review workspace/ScopeOfWork.md
SCA011-E017,DEP-07-12-004,DEL-07-12,SourceRef,Proposed identity table,execution/PKG-07_Graphical User Interface and Engineering Workflow/1_Working/DEL-07-12_Interoperability and evidence-review workspace/ScopeOfWork.md # frontmatter/package_objective_refs
SCA011-E017,DEP-07-12-004,DEL-07-12,EvidenceQuote,,"package_objective_refs: [OBJ-006,OBJ-007,OBJ-018]"
SCA011-E017,DEP-07-12-004,DEL-07-12,Notes,"PROPOSAL: SourceRef supports the extracted relation; Statement is an agent synthesis, not a quotation. SCA-011 group-2 graph candidate only; ACTIVE describes the proposed relation, not graph adoption. Required maturity is a proposed contract-review gate; actual target maturity and conformance are not inferred from existing code. Identity/coverage trace only; not evidence of satisfaction of the scope item.","PROPOSAL: SourceRef supports the extracted relation; Statement is an agent synthesis, not a quotation. SCA-011 group-2 graph candidate only; ACTIVE describes the proposed relation, not graph adoption. Required maturity is a proposed contract-review gate; actual target maturity and conformance are not inferred from existing code. Identity/coverage trace only; not evidence of satisfaction of the scope item.; SCA011OriginalDependencyID=SCA011-E017; original_evidence_file=execution/_Coordination/_PROPOSALS/R5_R6_FOLLOWUP_2026-09-22/PIPING_OWNERSHIP_PROPOSAL.md; original_source_ref=Proposed identity table; metadata_repair=SCA-011/application/dependencies/CORRECTNESS_REPAIR.md"
SCA011-E018,DEP-07-12-005,DEL-07-12,DependencyID,SCA011-E018,DEP-07-12-005
SCA011-E018,DEP-07-12-005,DEL-07-12,EvidenceFile,execution/_Coordination/_PROPOSALS/R5_R6_FOLLOWUP_2026-09-22/PIPING_OWNERSHIP_PROPOSAL.md,execution/PKG-07_Graphical User Interface and Engineering Workflow/1_Working/DEL-07-12_Interoperability and evidence-review workspace/ScopeOfWork.md
SCA011-E018,DEP-07-12-005,DEL-07-12,SourceRef,Proposed identity table,execution/PKG-07_Graphical User Interface and Engineering Workflow/1_Working/DEL-07-12_Interoperability and evidence-review workspace/ScopeOfWork.md # frontmatter/package_objective_refs
SCA011-E018,DEP-07-12-005,DEL-07-12,EvidenceQuote,,"package_objective_refs: [OBJ-006,OBJ-007,OBJ-018]"
SCA011-E018,DEP-07-12-005,DEL-07-12,Notes,"PROPOSAL: SourceRef supports the extracted relation; Statement is an agent synthesis, not a quotation. SCA-011 group-2 graph candidate only; ACTIVE describes the proposed relation, not graph adoption. Required maturity is a proposed contract-review gate; actual target maturity and conformance are not inferred from existing code. Identity/coverage trace only; not evidence of satisfaction of the scope item.","PROPOSAL: SourceRef supports the extracted relation; Statement is an agent synthesis, not a quotation. SCA-011 group-2 graph candidate only; ACTIVE describes the proposed relation, not graph adoption. Required maturity is a proposed contract-review gate; actual target maturity and conformance are not inferred from existing code. Identity/coverage trace only; not evidence of satisfaction of the scope item.; SCA011OriginalDependencyID=SCA011-E018; original_evidence_file=execution/_Coordination/_PROPOSALS/R5_R6_FOLLOWUP_2026-09-22/PIPING_OWNERSHIP_PROPOSAL.md; original_source_ref=Proposed identity table; metadata_repair=SCA-011/application/dependencies/CORRECTNESS_REPAIR.md"
SCA011-E019,DEP-16-06-001,DEL-16-06,DependencyID,SCA011-E019,DEP-16-06-001
SCA011-E019,DEP-16-06-001,DEL-16-06,EvidenceFile,execution/_Coordination/_PROPOSALS/R5_R6_FOLLOWUP_2026-09-22/PIPING_OWNERSHIP_PROPOSAL.md,execution/PKG-16_Model Operation and Agent Proposal Framework/1_Working/DEL-16-06_Controlled model operation application/ScopeOfWork.md
SCA011-E019,DEP-16-06-001,DEL-16-06,SourceRef,Proposed identity table,execution/PKG-16_Model Operation and Agent Proposal Framework/1_Working/DEL-16-06_Controlled model operation application/ScopeOfWork.md # frontmatter/deliverable_id
SCA011-E019,DEP-16-06-001,DEL-16-06,EvidenceQuote,,deliverable_id: DEL-16-06
SCA011-E019,DEP-16-06-001,DEL-16-06,Notes,"PROPOSAL: SourceRef supports the extracted relation; Statement is an agent synthesis, not a quotation. SCA-011 group-2 graph candidate only; ACTIVE describes the proposed relation, not graph adoption. Required maturity is a proposed contract-review gate; actual target maturity and conformance are not inferred from existing code. Identity/coverage trace only; not evidence of satisfaction of the scope item.","PROPOSAL: SourceRef supports the extracted relation; Statement is an agent synthesis, not a quotation. SCA-011 group-2 graph candidate only; ACTIVE describes the proposed relation, not graph adoption. Required maturity is a proposed contract-review gate; actual target maturity and conformance are not inferred from existing code. Identity/coverage trace only; not evidence of satisfaction of the scope item.; SCA011OriginalDependencyID=SCA011-E019; original_evidence_file=execution/_Coordination/_PROPOSALS/R5_R6_FOLLOWUP_2026-09-22/PIPING_OWNERSHIP_PROPOSAL.md; original_source_ref=Proposed identity table; metadata_repair=SCA-011/application/dependencies/CORRECTNESS_REPAIR.md"
SCA011-E020,DEP-16-06-002,DEL-16-06,DependencyID,SCA011-E020,DEP-16-06-002
SCA011-E020,DEP-16-06-002,DEL-16-06,EvidenceFile,execution/_Coordination/_PROPOSALS/R5_R6_FOLLOWUP_2026-09-22/PIPING_OWNERSHIP_PROPOSAL.md,execution/PKG-16_Model Operation and Agent Proposal Framework/1_Working/DEL-16-06_Controlled model operation application/ScopeOfWork.md
SCA011-E020,DEP-16-06-002,DEL-16-06,SourceRef,Proposed identity table,execution/PKG-16_Model Operation and Agent Proposal Framework/1_Working/DEL-16-06_Controlled model operation application/ScopeOfWork.md # frontmatter/project_scope_refs
SCA011-E020,DEP-16-06-002,DEL-16-06,EvidenceQuote,,"project_scope_refs: [SOW-069,SOW-070]"
SCA011-E020,DEP-16-06-002,DEL-16-06,Notes,"PROPOSAL: SourceRef supports the extracted relation; Statement is an agent synthesis, not a quotation. SCA-011 group-2 graph candidate only; ACTIVE describes the proposed relation, not graph adoption. Required maturity is a proposed contract-review gate; actual target maturity and conformance are not inferred from existing code. Identity/coverage trace only; not evidence of satisfaction of the scope item.","PROPOSAL: SourceRef supports the extracted relation; Statement is an agent synthesis, not a quotation. SCA-011 group-2 graph candidate only; ACTIVE describes the proposed relation, not graph adoption. Required maturity is a proposed contract-review gate; actual target maturity and conformance are not inferred from existing code. Identity/coverage trace only; not evidence of satisfaction of the scope item.; SCA011OriginalDependencyID=SCA011-E020; original_evidence_file=execution/_Coordination/_PROPOSALS/R5_R6_FOLLOWUP_2026-09-22/PIPING_OWNERSHIP_PROPOSAL.md; original_source_ref=Proposed identity table; metadata_repair=SCA-011/application/dependencies/CORRECTNESS_REPAIR.md"
SCA011-E021,DEP-16-06-003,DEL-16-06,DependencyID,SCA011-E021,DEP-16-06-003
SCA011-E021,DEP-16-06-003,DEL-16-06,EvidenceFile,execution/_Coordination/_PROPOSALS/R5_R6_FOLLOWUP_2026-09-22/PIPING_OWNERSHIP_PROPOSAL.md,execution/PKG-16_Model Operation and Agent Proposal Framework/1_Working/DEL-16-06_Controlled model operation application/ScopeOfWork.md
SCA011-E021,DEP-16-06-003,DEL-16-06,SourceRef,Proposed identity table,execution/PKG-16_Model Operation and Agent Proposal Framework/1_Working/DEL-16-06_Controlled model operation application/ScopeOfWork.md # frontmatter/project_scope_refs
SCA011-E021,DEP-16-06-003,DEL-16-06,EvidenceQuote,,"project_scope_refs: [SOW-069,SOW-070]"
SCA011-E021,DEP-16-06-003,DEL-16-06,Notes,"PROPOSAL: SourceRef supports the extracted relation; Statement is an agent synthesis, not a quotation. SCA-011 group-2 graph candidate only; ACTIVE describes the proposed relation, not graph adoption. Required maturity is a proposed contract-review gate; actual target maturity and conformance are not inferred from existing code. Identity/coverage trace only; not evidence of satisfaction of the scope item.","PROPOSAL: SourceRef supports the extracted relation; Statement is an agent synthesis, not a quotation. SCA-011 group-2 graph candidate only; ACTIVE describes the proposed relation, not graph adoption. Required maturity is a proposed contract-review gate; actual target maturity and conformance are not inferred from existing code. Identity/coverage trace only; not evidence of satisfaction of the scope item.; SCA011OriginalDependencyID=SCA011-E021; original_evidence_file=execution/_Coordination/_PROPOSALS/R5_R6_FOLLOWUP_2026-09-22/PIPING_OWNERSHIP_PROPOSAL.md; original_source_ref=Proposed identity table; metadata_repair=SCA-011/application/dependencies/CORRECTNESS_REPAIR.md"
SCA011-E022,DEP-16-06-004,DEL-16-06,DependencyID,SCA011-E022,DEP-16-06-004
SCA011-E022,DEP-16-06-004,DEL-16-06,EvidenceFile,execution/_Coordination/_PROPOSALS/R5_R6_FOLLOWUP_2026-09-22/PIPING_OWNERSHIP_PROPOSAL.md,execution/PKG-16_Model Operation and Agent Proposal Framework/1_Working/DEL-16-06_Controlled model operation application/ScopeOfWork.md
SCA011-E022,DEP-16-06-004,DEL-16-06,SourceRef,Proposed identity table,execution/PKG-16_Model Operation and Agent Proposal Framework/1_Working/DEL-16-06_Controlled model operation application/ScopeOfWork.md # frontmatter/package_objective_refs
SCA011-E022,DEP-16-06-004,DEL-16-06,EvidenceQuote,,package_objective_refs: [OBJ-015]
SCA011-E022,DEP-16-06-004,DEL-16-06,Notes,"PROPOSAL: SourceRef supports the extracted relation; Statement is an agent synthesis, not a quotation. SCA-011 group-2 graph candidate only; ACTIVE describes the proposed relation, not graph adoption. Required maturity is a proposed contract-review gate; actual target maturity and conformance are not inferred from existing code. Identity/coverage trace only; not evidence of satisfaction of the scope item.","PROPOSAL: SourceRef supports the extracted relation; Statement is an agent synthesis, not a quotation. SCA-011 group-2 graph candidate only; ACTIVE describes the proposed relation, not graph adoption. Required maturity is a proposed contract-review gate; actual target maturity and conformance are not inferred from existing code. Identity/coverage trace only; not evidence of satisfaction of the scope item.; SCA011OriginalDependencyID=SCA011-E022; original_evidence_file=execution/_Coordination/_PROPOSALS/R5_R6_FOLLOWUP_2026-09-22/PIPING_OWNERSHIP_PROPOSAL.md; original_source_ref=Proposed identity table; metadata_repair=SCA-011/application/dependencies/CORRECTNESS_REPAIR.md"
SCA011-E023,DEP-04-07-009,DEL-04-07,DependencyID,SCA011-E023,DEP-04-07-009
SCA011-E023,DEP-04-07-009,DEL-04-07,EvidenceFile,execution/_Coordination/_PROPOSALS/R5_R6_FOLLOWUP_2026-09-22/PIPING_OWNERSHIP_PROPOSAL.md,execution/PKG-04_Solver Core and Numerical Methods/1_Working/DEL-04-07_Product solve integration and nonlinear orchestration/ScopeOfWork.md
SCA011-E023,DEP-04-07-009,DEL-04-07,SourceRef,P-OWN-01; dependency table DEL-04-07,execution/PKG-04_Solver Core and Numerical Methods/1_Working/DEL-04-07_Product solve integration and nonlinear orchestration/ScopeOfWork.md # CLM-001
SCA011-E023,DEP-04-07-009,DEL-04-07,EvidenceQuote,,"Compose the accepted model, unit, boundary, section, load and kernel contracts"
SCA011-E023,DEP-04-07-009,DEL-04-07,Notes,"PROPOSAL: SourceRef supports the extracted relation; Statement is an agent synthesis, not a quotation. SCA-011 group-2 graph candidate only; ACTIVE describes the proposed relation, not graph adoption. Required maturity is a proposed contract-review gate; actual target maturity and conformance are not inferred from existing code. ","PROPOSAL: SourceRef supports the extracted relation; Statement is an agent synthesis, not a quotation. SCA-011 group-2 graph candidate only; ACTIVE describes the proposed relation, not graph adoption. Required maturity is a proposed contract-review gate; actual target maturity and conformance are not inferred from existing code. ; SCA011OriginalDependencyID=SCA011-E023; original_evidence_file=execution/_Coordination/_PROPOSALS/R5_R6_FOLLOWUP_2026-09-22/PIPING_OWNERSHIP_PROPOSAL.md; original_source_ref=P-OWN-01; dependency table DEL-04-07; metadata_repair=SCA-011/application/dependencies/CORRECTNESS_REPAIR.md"
SCA011-E024,DEP-04-07-010,DEL-04-07,DependencyID,SCA011-E024,DEP-04-07-010
SCA011-E024,DEP-04-07-010,DEL-04-07,EvidenceFile,execution/_Coordination/_PROPOSALS/R5_R6_FOLLOWUP_2026-09-22/PIPING_OWNERSHIP_PROPOSAL.md,execution/PKG-04_Solver Core and Numerical Methods/1_Working/DEL-04-07_Product solve integration and nonlinear orchestration/ScopeOfWork.md
SCA011-E024,DEP-04-07-010,DEL-04-07,SourceRef,P-OWN-01; dependency table DEL-04-07,execution/PKG-04_Solver Core and Numerical Methods/1_Working/DEL-04-07_Product solve integration and nonlinear orchestration/ScopeOfWork.md # CLM-001
SCA011-E024,DEP-04-07-010,DEL-04-07,EvidenceQuote,,"Compose the accepted model, unit, boundary, section, load and kernel contracts"
SCA011-E024,DEP-04-07-010,DEL-04-07,Notes,"PROPOSAL: SourceRef supports the extracted relation; Statement is an agent synthesis, not a quotation. SCA-011 group-2 graph candidate only; ACTIVE describes the proposed relation, not graph adoption. Required maturity is a proposed contract-review gate; actual target maturity and conformance are not inferred from existing code. ","PROPOSAL: SourceRef supports the extracted relation; Statement is an agent synthesis, not a quotation. SCA-011 group-2 graph candidate only; ACTIVE describes the proposed relation, not graph adoption. Required maturity is a proposed contract-review gate; actual target maturity and conformance are not inferred from existing code. ; SCA011OriginalDependencyID=SCA011-E024; original_evidence_file=execution/_Coordination/_PROPOSALS/R5_R6_FOLLOWUP_2026-09-22/PIPING_OWNERSHIP_PROPOSAL.md; original_source_ref=P-OWN-01; dependency table DEL-04-07; metadata_repair=SCA-011/application/dependencies/CORRECTNESS_REPAIR.md"
SCA011-E025,DEP-04-07-011,DEL-04-07,DependencyID,SCA011-E025,DEP-04-07-011
SCA011-E025,DEP-04-07-011,DEL-04-07,EvidenceFile,execution/_Coordination/_PROPOSALS/R5_R6_FOLLOWUP_2026-09-22/PIPING_OWNERSHIP_PROPOSAL.md,execution/PKG-04_Solver Core and Numerical Methods/1_Working/DEL-04-07_Product solve integration and nonlinear orchestration/ScopeOfWork.md
SCA011-E025,DEP-04-07-011,DEL-04-07,SourceRef,P-OWN-01; dependency table DEL-04-07,execution/PKG-04_Solver Core and Numerical Methods/1_Working/DEL-04-07_Product solve integration and nonlinear orchestration/ScopeOfWork.md # CLM-001
SCA011-E025,DEP-04-07-011,DEL-04-07,EvidenceQuote,,"Compose the accepted model, unit, boundary, section, load and kernel contracts"
SCA011-E025,DEP-04-07-011,DEL-04-07,Notes,"PROPOSAL: SourceRef supports the extracted relation; Statement is an agent synthesis, not a quotation. SCA-011 group-2 graph candidate only; ACTIVE describes the proposed relation, not graph adoption. Required maturity is a proposed contract-review gate; actual target maturity and conformance are not inferred from existing code. ","PROPOSAL: SourceRef supports the extracted relation; Statement is an agent synthesis, not a quotation. SCA-011 group-2 graph candidate only; ACTIVE describes the proposed relation, not graph adoption. Required maturity is a proposed contract-review gate; actual target maturity and conformance are not inferred from existing code. ; SCA011OriginalDependencyID=SCA011-E025; original_evidence_file=execution/_Coordination/_PROPOSALS/R5_R6_FOLLOWUP_2026-09-22/PIPING_OWNERSHIP_PROPOSAL.md; original_source_ref=P-OWN-01; dependency table DEL-04-07; metadata_repair=SCA-011/application/dependencies/CORRECTNESS_REPAIR.md"
SCA011-E026,DEP-04-07-012,DEL-04-07,DependencyID,SCA011-E026,DEP-04-07-012
SCA011-E026,DEP-04-07-012,DEL-04-07,EvidenceFile,execution/_Coordination/_PROPOSALS/R5_R6_FOLLOWUP_2026-09-22/PIPING_OWNERSHIP_PROPOSAL.md,execution/PKG-04_Solver Core and Numerical Methods/1_Working/DEL-04-07_Product solve integration and nonlinear orchestration/ScopeOfWork.md
SCA011-E026,DEP-04-07-012,DEL-04-07,SourceRef,P-OWN-01; dependency table DEL-04-07,execution/PKG-04_Solver Core and Numerical Methods/1_Working/DEL-04-07_Product solve integration and nonlinear orchestration/ScopeOfWork.md # CLM-003
SCA011-E026,DEP-04-07-012,DEL-04-07,EvidenceQuote,,section/mass conversion against DEL-03-08 contracts
SCA011-E026,DEP-04-07-012,DEL-04-07,Notes,"PROPOSAL: SourceRef supports the extracted relation; Statement is an agent synthesis, not a quotation. SCA-011 group-2 graph candidate only; ACTIVE describes the proposed relation, not graph adoption. Required maturity is a proposed contract-review gate; actual target maturity and conformance are not inferred from existing code. ","PROPOSAL: SourceRef supports the extracted relation; Statement is an agent synthesis, not a quotation. SCA-011 group-2 graph candidate only; ACTIVE describes the proposed relation, not graph adoption. Required maturity is a proposed contract-review gate; actual target maturity and conformance are not inferred from existing code. ; SCA011OriginalDependencyID=SCA011-E026; original_evidence_file=execution/_Coordination/_PROPOSALS/R5_R6_FOLLOWUP_2026-09-22/PIPING_OWNERSHIP_PROPOSAL.md; original_source_ref=P-OWN-01; dependency table DEL-04-07; metadata_repair=SCA-011/application/dependencies/CORRECTNESS_REPAIR.md"
SCA011-E027,DEP-04-07-013,DEL-04-07,DependencyID,SCA011-E027,DEP-04-07-013
SCA011-E027,DEP-04-07-013,DEL-04-07,EvidenceFile,execution/_Coordination/_PROPOSALS/R5_R6_FOLLOWUP_2026-09-22/PIPING_OWNERSHIP_PROPOSAL.md,execution/PKG-04_Solver Core and Numerical Methods/1_Working/DEL-04-07_Product solve integration and nonlinear orchestration/ScopeOfWork.md
SCA011-E027,DEP-04-07-013,DEL-04-07,SourceRef,P-OWN-01; dependency table DEL-04-07,execution/PKG-04_Solver Core and Numerical Methods/1_Working/DEL-04-07_Product solve integration and nonlinear orchestration/ScopeOfWork.md # CLM-002
SCA011-E027,DEP-04-07-013,DEL-04-07,EvidenceQuote,,DEL-04-01 retains frame assembly/linear solving and DEL-04-04 retains per-iteration classification
SCA011-E027,DEP-04-07-013,DEL-04-07,Notes,"PROPOSAL: SourceRef supports the extracted relation; Statement is an agent synthesis, not a quotation. SCA-011 group-2 graph candidate only; ACTIVE describes the proposed relation, not graph adoption. Required maturity is a proposed contract-review gate; actual target maturity and conformance are not inferred from existing code. ","PROPOSAL: SourceRef supports the extracted relation; Statement is an agent synthesis, not a quotation. SCA-011 group-2 graph candidate only; ACTIVE describes the proposed relation, not graph adoption. Required maturity is a proposed contract-review gate; actual target maturity and conformance are not inferred from existing code. ; SCA011OriginalDependencyID=SCA011-E027; original_evidence_file=execution/_Coordination/_PROPOSALS/R5_R6_FOLLOWUP_2026-09-22/PIPING_OWNERSHIP_PROPOSAL.md; original_source_ref=P-OWN-01; dependency table DEL-04-07; metadata_repair=SCA-011/application/dependencies/CORRECTNESS_REPAIR.md"
SCA011-E028,DEP-04-07-014,DEL-04-07,DependencyID,SCA011-E028,DEP-04-07-014
SCA011-E028,DEP-04-07-014,DEL-04-07,EvidenceFile,execution/_Coordination/_PROPOSALS/R5_R6_FOLLOWUP_2026-09-22/PIPING_OWNERSHIP_PROPOSAL.md,execution/PKG-04_Solver Core and Numerical Methods/1_Working/DEL-04-07_Product solve integration and nonlinear orchestration/ScopeOfWork.md
SCA011-E028,DEP-04-07-014,DEL-04-07,SourceRef,P-OWN-01; dependency table DEL-04-07,execution/PKG-04_Solver Core and Numerical Methods/1_Working/DEL-04-07_Product solve integration and nonlinear orchestration/ScopeOfWork.md # CLM-001
SCA011-E028,DEP-04-07-014,DEL-04-07,EvidenceQuote,,"Compose the accepted model, unit, boundary, section, load and kernel contracts"
SCA011-E028,DEP-04-07-014,DEL-04-07,Notes,"PROPOSAL: SourceRef supports the extracted relation; Statement is an agent synthesis, not a quotation. SCA-011 group-2 graph candidate only; ACTIVE describes the proposed relation, not graph adoption. Required maturity is a proposed contract-review gate; actual target maturity and conformance are not inferred from existing code. ","PROPOSAL: SourceRef supports the extracted relation; Statement is an agent synthesis, not a quotation. SCA-011 group-2 graph candidate only; ACTIVE describes the proposed relation, not graph adoption. Required maturity is a proposed contract-review gate; actual target maturity and conformance are not inferred from existing code. ; SCA011OriginalDependencyID=SCA011-E028; original_evidence_file=execution/_Coordination/_PROPOSALS/R5_R6_FOLLOWUP_2026-09-22/PIPING_OWNERSHIP_PROPOSAL.md; original_source_ref=P-OWN-01; dependency table DEL-04-07; metadata_repair=SCA-011/application/dependencies/CORRECTNESS_REPAIR.md"
SCA011-E029,DEP-04-07-015,DEL-04-07,DependencyID,SCA011-E029,DEP-04-07-015
SCA011-E029,DEP-04-07-015,DEL-04-07,EvidenceFile,execution/_Coordination/_PROPOSALS/R5_R6_FOLLOWUP_2026-09-22/PIPING_OWNERSHIP_PROPOSAL.md,execution/PKG-04_Solver Core and Numerical Methods/1_Working/DEL-04-07_Product solve integration and nonlinear orchestration/ScopeOfWork.md
SCA011-E029,DEP-04-07-015,DEL-04-07,SourceRef,P-OWN-01; dependency table DEL-04-07,execution/PKG-04_Solver Core and Numerical Methods/1_Working/DEL-04-07_Product solve integration and nonlinear orchestration/ScopeOfWork.md # CLM-002
SCA011-E029,DEP-04-07-015,DEL-04-07,EvidenceQuote,,DEL-04-01 retains frame assembly/linear solving and DEL-04-04 retains per-iteration classification
SCA011-E029,DEP-04-07-015,DEL-04-07,Notes,"PROPOSAL: SourceRef supports the extracted relation; Statement is an agent synthesis, not a quotation. SCA-011 group-2 graph candidate only; ACTIVE describes the proposed relation, not graph adoption. Required maturity is a proposed contract-review gate; actual target maturity and conformance are not inferred from existing code. ","PROPOSAL: SourceRef supports the extracted relation; Statement is an agent synthesis, not a quotation. SCA-011 group-2 graph candidate only; ACTIVE describes the proposed relation, not graph adoption. Required maturity is a proposed contract-review gate; actual target maturity and conformance are not inferred from existing code. ; SCA011OriginalDependencyID=SCA011-E029; original_evidence_file=execution/_Coordination/_PROPOSALS/R5_R6_FOLLOWUP_2026-09-22/PIPING_OWNERSHIP_PROPOSAL.md; original_source_ref=P-OWN-01; dependency table DEL-04-07; metadata_repair=SCA-011/application/dependencies/CORRECTNESS_REPAIR.md"
SCA011-E030,DEP-04-07-016,DEL-04-07,DependencyID,SCA011-E030,DEP-04-07-016
SCA011-E030,DEP-04-07-016,DEL-04-07,EvidenceFile,execution/_Coordination/_PROPOSALS/R5_R6_FOLLOWUP_2026-09-22/PIPING_OWNERSHIP_PROPOSAL.md,execution/PKG-04_Solver Core and Numerical Methods/1_Working/DEL-04-07_Product solve integration and nonlinear orchestration/ScopeOfWork.md
SCA011-E030,DEP-04-07-016,DEL-04-07,SourceRef,P-OWN-01; dependency table DEL-04-07,execution/PKG-04_Solver Core and Numerical Methods/1_Working/DEL-04-07_Product solve integration and nonlinear orchestration/ScopeOfWork.md # CLM-004
SCA011-E030,DEP-04-07-016,DEL-04-07,EvidenceQuote,,"Preserve typed diagnostic, unit and provenance information across product composition and result handoff."
SCA011-E030,DEP-04-07-016,DEL-04-07,Notes,"PROPOSAL: SourceRef supports the extracted relation; Statement is an agent synthesis, not a quotation. SCA-011 group-2 graph candidate only; ACTIVE describes the proposed relation, not graph adoption. Required maturity is a proposed contract-review gate; actual target maturity and conformance are not inferred from existing code. ","PROPOSAL: SourceRef supports the extracted relation; Statement is an agent synthesis, not a quotation. SCA-011 group-2 graph candidate only; ACTIVE describes the proposed relation, not graph adoption. Required maturity is a proposed contract-review gate; actual target maturity and conformance are not inferred from existing code. ; SCA011OriginalDependencyID=SCA011-E030; original_evidence_file=execution/_Coordination/_PROPOSALS/R5_R6_FOLLOWUP_2026-09-22/PIPING_OWNERSHIP_PROPOSAL.md; original_source_ref=P-OWN-01; dependency table DEL-04-07; metadata_repair=SCA-011/application/dependencies/CORRECTNESS_REPAIR.md"
SCA011-E031,DEP-04-07-017,DEL-04-07,DependencyID,SCA011-E031,DEP-04-07-017
SCA011-E031,DEP-04-07-017,DEL-04-07,EvidenceFile,execution/_Coordination/_PROPOSALS/R5_R6_FOLLOWUP_2026-09-22/PIPING_OWNERSHIP_PROPOSAL.md,execution/PKG-04_Solver Core and Numerical Methods/1_Working/DEL-04-07_Product solve integration and nonlinear orchestration/ScopeOfWork.md
SCA011-E031,DEP-04-07-017,DEL-04-07,SourceRef,P-OWN-01; dependency table DEL-04-07,execution/PKG-04_Solver Core and Numerical Methods/1_Working/DEL-04-07_Product solve integration and nonlinear orchestration/ScopeOfWork.md # CLM-001
SCA011-E031,DEP-04-07-017,DEL-04-07,EvidenceQuote,,"Compose the accepted model, unit, boundary, section, load and kernel contracts"
SCA011-E031,DEP-04-07-017,DEL-04-07,Notes,"PROPOSAL: SourceRef supports the extracted relation; Statement is an agent synthesis, not a quotation. SCA-011 group-2 graph candidate only; ACTIVE describes the proposed relation, not graph adoption. Required maturity is a proposed contract-review gate; actual target maturity and conformance are not inferred from existing code. ","PROPOSAL: SourceRef supports the extracted relation; Statement is an agent synthesis, not a quotation. SCA-011 group-2 graph candidate only; ACTIVE describes the proposed relation, not graph adoption. Required maturity is a proposed contract-review gate; actual target maturity and conformance are not inferred from existing code. ; SCA011OriginalDependencyID=SCA011-E031; original_evidence_file=execution/_Coordination/_PROPOSALS/R5_R6_FOLLOWUP_2026-09-22/PIPING_OWNERSHIP_PROPOSAL.md; original_source_ref=P-OWN-01; dependency table DEL-04-07; metadata_repair=SCA-011/application/dependencies/CORRECTNESS_REPAIR.md"
SCA011-E032,DEP-04-07-018,DEL-04-07,DependencyID,SCA011-E032,DEP-04-07-018
SCA011-E032,DEP-04-07-018,DEL-04-07,EvidenceFile,execution/_Coordination/_PROPOSALS/R5_R6_FOLLOWUP_2026-09-22/PIPING_OWNERSHIP_PROPOSAL.md,execution/PKG-04_Solver Core and Numerical Methods/1_Working/DEL-04-07_Product solve integration and nonlinear orchestration/ScopeOfWork.md
SCA011-E032,DEP-04-07-018,DEL-04-07,SourceRef,P-OWN-01; dependency table DEL-04-07,execution/PKG-04_Solver Core and Numerical Methods/1_Working/DEL-04-07_Product solve integration and nonlinear orchestration/ScopeOfWork.md # CLM-001
SCA011-E032,DEP-04-07-018,DEL-04-07,EvidenceQuote,,"Compose the accepted model, unit, boundary, section, load and kernel contracts"
SCA011-E032,DEP-04-07-018,DEL-04-07,Notes,"PROPOSAL: SourceRef supports the extracted relation; Statement is an agent synthesis, not a quotation. SCA-011 group-2 graph candidate only; ACTIVE describes the proposed relation, not graph adoption. Required maturity is a proposed contract-review gate; actual target maturity and conformance are not inferred from existing code. ","PROPOSAL: SourceRef supports the extracted relation; Statement is an agent synthesis, not a quotation. SCA-011 group-2 graph candidate only; ACTIVE describes the proposed relation, not graph adoption. Required maturity is a proposed contract-review gate; actual target maturity and conformance are not inferred from existing code. ; SCA011OriginalDependencyID=SCA011-E032; original_evidence_file=execution/_Coordination/_PROPOSALS/R5_R6_FOLLOWUP_2026-09-22/PIPING_OWNERSHIP_PROPOSAL.md; original_source_ref=P-OWN-01; dependency table DEL-04-07; metadata_repair=SCA-011/application/dependencies/CORRECTNESS_REPAIR.md"
SCA011-E033,DEP-04-07-019,DEL-04-07,DependencyID,SCA011-E033,DEP-04-07-019
SCA011-E033,DEP-04-07-019,DEL-04-07,EvidenceFile,execution/_Coordination/_PROPOSALS/R5_R6_FOLLOWUP_2026-09-22/PIPING_OWNERSHIP_PROPOSAL.md,execution/PKG-04_Solver Core and Numerical Methods/1_Working/DEL-04-07_Product solve integration and nonlinear orchestration/ScopeOfWork.md
SCA011-E033,DEP-04-07-019,DEL-04-07,SourceRef,P-OWN-01; dependency table DEL-04-07,execution/PKG-04_Solver Core and Numerical Methods/1_Working/DEL-04-07_Product solve integration and nonlinear orchestration/ScopeOfWork.md # CLM-001
SCA011-E033,DEP-04-07-019,DEL-04-07,EvidenceQuote,,"Compose the accepted model, unit, boundary, section, load and kernel contracts"
SCA011-E033,DEP-04-07-019,DEL-04-07,Notes,"PROPOSAL: SourceRef supports the extracted relation; Statement is an agent synthesis, not a quotation. SCA-011 group-2 graph candidate only; ACTIVE describes the proposed relation, not graph adoption. Required maturity is a proposed contract-review gate; actual target maturity and conformance are not inferred from existing code. ","PROPOSAL: SourceRef supports the extracted relation; Statement is an agent synthesis, not a quotation. SCA-011 group-2 graph candidate only; ACTIVE describes the proposed relation, not graph adoption. Required maturity is a proposed contract-review gate; actual target maturity and conformance are not inferred from existing code. ; SCA011OriginalDependencyID=SCA011-E033; original_evidence_file=execution/_Coordination/_PROPOSALS/R5_R6_FOLLOWUP_2026-09-22/PIPING_OWNERSHIP_PROPOSAL.md; original_source_ref=P-OWN-01; dependency table DEL-04-07; metadata_repair=SCA-011/application/dependencies/CORRECTNESS_REPAIR.md"
SCA011-E034,DEP-04-07-020,DEL-04-07,DependencyID,SCA011-E034,DEP-04-07-020
SCA011-E034,DEP-04-07-020,DEL-04-07,EvidenceFile,execution/_Coordination/_PROPOSALS/R5_R6_FOLLOWUP_2026-09-22/PIPING_OWNERSHIP_PROPOSAL.md,execution/PKG-04_Solver Core and Numerical Methods/1_Working/DEL-04-07_Product solve integration and nonlinear orchestration/ScopeOfWork.md
SCA011-E034,DEP-04-07-020,DEL-04-07,SourceRef,P-OWN-01; dependency table DEL-04-07,execution/PKG-04_Solver Core and Numerical Methods/1_Working/DEL-04-07_Product solve integration and nonlinear orchestration/ScopeOfWork.md # CLM-004
SCA011-E034,DEP-04-07-020,DEL-04-07,EvidenceQuote,,"Preserve typed diagnostic, unit and provenance information across product composition and result handoff."
SCA011-E034,DEP-04-07-020,DEL-04-07,Notes,"PROPOSAL: SourceRef supports the extracted relation; Statement is an agent synthesis, not a quotation. SCA-011 group-2 graph candidate only; ACTIVE describes the proposed relation, not graph adoption. Required maturity is a proposed contract-review gate; actual target maturity and conformance are not inferred from existing code. ","PROPOSAL: SourceRef supports the extracted relation; Statement is an agent synthesis, not a quotation. SCA-011 group-2 graph candidate only; ACTIVE describes the proposed relation, not graph adoption. Required maturity is a proposed contract-review gate; actual target maturity and conformance are not inferred from existing code. ; SCA011OriginalDependencyID=SCA011-E034; original_evidence_file=execution/_Coordination/_PROPOSALS/R5_R6_FOLLOWUP_2026-09-22/PIPING_OWNERSHIP_PROPOSAL.md; original_source_ref=P-OWN-01; dependency table DEL-04-07; metadata_repair=SCA-011/application/dependencies/CORRECTNESS_REPAIR.md"
SCA011-E035,DEP-04-07-021,DEL-04-07,DependencyID,SCA011-E035,DEP-04-07-021
SCA011-E035,DEP-04-07-021,DEL-04-07,EvidenceFile,execution/_Coordination/_PROPOSALS/R5_R6_FOLLOWUP_2026-09-22/PIPING_OWNERSHIP_PROPOSAL.md,execution/PKG-04_Solver Core and Numerical Methods/1_Working/DEL-04-07_Product solve integration and nonlinear orchestration/ScopeOfWork.md
SCA011-E035,DEP-04-07-021,DEL-04-07,SourceRef,P-OWN-01; dependency table DEL-04-07,execution/PKG-04_Solver Core and Numerical Methods/1_Working/DEL-04-07_Product solve integration and nonlinear orchestration/ScopeOfWork.md # CLM-001
SCA011-E035,DEP-04-07-021,DEL-04-07,EvidenceQuote,,"Compose the accepted model, unit, boundary, section, load and kernel contracts"
SCA011-E035,DEP-04-07-021,DEL-04-07,Notes,"PROPOSAL: SourceRef supports the extracted relation; Statement is an agent synthesis, not a quotation. SCA-011 group-2 graph candidate only; ACTIVE describes the proposed relation, not graph adoption. Required maturity is a proposed contract-review gate; actual target maturity and conformance are not inferred from existing code. Architecture consistency input; no PKG-00 lifecycle promotion.","PROPOSAL: SourceRef supports the extracted relation; Statement is an agent synthesis, not a quotation. SCA-011 group-2 graph candidate only; ACTIVE describes the proposed relation, not graph adoption. Required maturity is a proposed contract-review gate; actual target maturity and conformance are not inferred from existing code. Architecture consistency input; no PKG-00 lifecycle promotion.; SCA011OriginalDependencyID=SCA011-E035; original_evidence_file=execution/_Coordination/_PROPOSALS/R5_R6_FOLLOWUP_2026-09-22/PIPING_OWNERSHIP_PROPOSAL.md; original_source_ref=P-OWN-01; dependency table DEL-04-07; metadata_repair=SCA-011/application/dependencies/CORRECTNESS_REPAIR.md"
SCA011-E036,DEP-04-07-022,DEL-04-07,DependencyID,SCA011-E036,DEP-04-07-022
SCA011-E036,DEP-04-07-022,DEL-04-07,EvidenceFile,execution/_Coordination/_PROPOSALS/R5_R6_FOLLOWUP_2026-09-22/PIPING_OWNERSHIP_PROPOSAL.md,execution/PKG-04_Solver Core and Numerical Methods/1_Working/DEL-04-07_Product solve integration and nonlinear orchestration/ScopeOfWork.md
SCA011-E036,DEP-04-07-022,DEL-04-07,SourceRef,P-OWN-01; dependency table DEL-04-07,execution/PKG-04_Solver Core and Numerical Methods/1_Working/DEL-04-07_Product solve integration and nonlinear orchestration/ScopeOfWork.md # CLM-001
SCA011-E036,DEP-04-07-022,DEL-04-07,EvidenceQuote,,"Compose the accepted model, unit, boundary, section, load and kernel contracts"
SCA011-E036,DEP-04-07-022,DEL-04-07,Notes,"PROPOSAL: SourceRef supports the extracted relation; Statement is an agent synthesis, not a quotation. SCA-011 group-2 graph candidate only; ACTIVE describes the proposed relation, not graph adoption. Required maturity is a proposed contract-review gate; actual target maturity and conformance are not inferred from existing code. Architecture consistency input; no PKG-00 lifecycle promotion.","PROPOSAL: SourceRef supports the extracted relation; Statement is an agent synthesis, not a quotation. SCA-011 group-2 graph candidate only; ACTIVE describes the proposed relation, not graph adoption. Required maturity is a proposed contract-review gate; actual target maturity and conformance are not inferred from existing code. Architecture consistency input; no PKG-00 lifecycle promotion.; SCA011OriginalDependencyID=SCA011-E036; original_evidence_file=execution/_Coordination/_PROPOSALS/R5_R6_FOLLOWUP_2026-09-22/PIPING_OWNERSHIP_PROPOSAL.md; original_source_ref=P-OWN-01; dependency table DEL-04-07; metadata_repair=SCA-011/application/dependencies/CORRECTNESS_REPAIR.md"
SCA011-E037,DEP-04-07-023,DEL-04-07,DependencyID,SCA011-E037,DEP-04-07-023
SCA011-E037,DEP-04-07-023,DEL-04-07,EvidenceFile,execution/_Coordination/_PROPOSALS/R5_R6_FOLLOWUP_2026-09-22/PIPING_OWNERSHIP_PROPOSAL.md,execution/PKG-04_Solver Core and Numerical Methods/1_Working/DEL-04-07_Product solve integration and nonlinear orchestration/ScopeOfWork.md
SCA011-E037,DEP-04-07-023,DEL-04-07,SourceRef,P-OWN-01; dependency table DEL-04-07,execution/PKG-04_Solver Core and Numerical Methods/1_Working/DEL-04-07_Product solve integration and nonlinear orchestration/ScopeOfWork.md # CLM-001
SCA011-E037,DEP-04-07-023,DEL-04-07,EvidenceQuote,,"Compose the accepted model, unit, boundary, section, load and kernel contracts"
SCA011-E037,DEP-04-07-023,DEL-04-07,Notes,"PROPOSAL: SourceRef supports the extracted relation; Statement is an agent synthesis, not a quotation. SCA-011 group-2 graph candidate only; ACTIVE describes the proposed relation, not graph adoption. Required maturity is a proposed contract-review gate; actual target maturity and conformance are not inferred from existing code. Architecture consistency input; no PKG-00 lifecycle promotion.","PROPOSAL: SourceRef supports the extracted relation; Statement is an agent synthesis, not a quotation. SCA-011 group-2 graph candidate only; ACTIVE describes the proposed relation, not graph adoption. Required maturity is a proposed contract-review gate; actual target maturity and conformance are not inferred from existing code. Architecture consistency input; no PKG-00 lifecycle promotion.; SCA011OriginalDependencyID=SCA011-E037; original_evidence_file=execution/_Coordination/_PROPOSALS/R5_R6_FOLLOWUP_2026-09-22/PIPING_OWNERSHIP_PROPOSAL.md; original_source_ref=P-OWN-01; dependency table DEL-04-07; metadata_repair=SCA-011/application/dependencies/CORRECTNESS_REPAIR.md"
SCA011-E038,DEP-04-07-024,DEL-04-07,DependencyID,SCA011-E038,DEP-04-07-024
SCA011-E038,DEP-04-07-024,DEL-04-07,EvidenceFile,execution/_Coordination/_PROPOSALS/R5_R6_FOLLOWUP_2026-09-22/PIPING_OWNERSHIP_PROPOSAL.md,execution/PKG-04_Solver Core and Numerical Methods/1_Working/DEL-04-07_Product solve integration and nonlinear orchestration/ScopeOfWork.md
SCA011-E038,DEP-04-07-024,DEL-04-07,SourceRef,P-OWN-01; dependency table DEL-04-07,execution/PKG-04_Solver Core and Numerical Methods/1_Working/DEL-04-07_Product solve integration and nonlinear orchestration/ScopeOfWork.md # CLM-001
SCA011-E038,DEP-04-07-024,DEL-04-07,EvidenceQuote,,"Compose the accepted model, unit, boundary, section, load and kernel contracts"
SCA011-E038,DEP-04-07-024,DEL-04-07,Notes,"PROPOSAL: SourceRef supports the extracted relation; Statement is an agent synthesis, not a quotation. SCA-011 group-2 graph candidate only; ACTIVE describes the proposed relation, not graph adoption. Required maturity is a proposed contract-review gate; actual target maturity and conformance are not inferred from existing code. Architecture consistency input; no PKG-00 lifecycle promotion.","PROPOSAL: SourceRef supports the extracted relation; Statement is an agent synthesis, not a quotation. SCA-011 group-2 graph candidate only; ACTIVE describes the proposed relation, not graph adoption. Required maturity is a proposed contract-review gate; actual target maturity and conformance are not inferred from existing code. Architecture consistency input; no PKG-00 lifecycle promotion.; SCA011OriginalDependencyID=SCA011-E038; original_evidence_file=execution/_Coordination/_PROPOSALS/R5_R6_FOLLOWUP_2026-09-22/PIPING_OWNERSHIP_PROPOSAL.md; original_source_ref=P-OWN-01; dependency table DEL-04-07; metadata_repair=SCA-011/application/dependencies/CORRECTNESS_REPAIR.md"
SCA011-E039,DEP-07-11-006,DEL-07-11,DependencyID,SCA011-E039,DEP-07-11-006
SCA011-E039,DEP-07-11-006,DEL-07-11,EvidenceFile,execution/_Coordination/_PROPOSALS/R5_R6_FOLLOWUP_2026-09-22/PIPING_OWNERSHIP_PROPOSAL.md,execution/PKG-07_Graphical User Interface and Engineering Workflow/1_Working/DEL-07-11_Desktop workspace shell and host integration/ScopeOfWork.md
SCA011-E039,DEP-07-11-006,DEL-07-11,SourceRef,P-OWN-02; dependency table DEL-07-11,execution/PKG-07_Graphical User Interface and Engineering Workflow/1_Working/DEL-07-11_Desktop workspace shell and host integration/ScopeOfWork.md # Governing Values and Decisions
SCA011-E039,DEP-07-11-006,DEL-07-11,EvidenceQuote,,DEL-00-03/05/07 constrain architecture.
SCA011-E039,DEP-07-11-006,DEL-07-11,Notes,"PROPOSAL: SourceRef supports the extracted relation; Statement is an agent synthesis, not a quotation. SCA-011 group-2 graph candidate only; ACTIVE describes the proposed relation, not graph adoption. Required maturity is a proposed contract-review gate; actual target maturity and conformance are not inferred from existing code. Architecture consistency input; no PKG-00 lifecycle promotion.","PROPOSAL: SourceRef supports the extracted relation; Statement is an agent synthesis, not a quotation. SCA-011 group-2 graph candidate only; ACTIVE describes the proposed relation, not graph adoption. Required maturity is a proposed contract-review gate; actual target maturity and conformance are not inferred from existing code. Architecture consistency input; no PKG-00 lifecycle promotion.; SCA011OriginalDependencyID=SCA011-E039; original_evidence_file=execution/_Coordination/_PROPOSALS/R5_R6_FOLLOWUP_2026-09-22/PIPING_OWNERSHIP_PROPOSAL.md; original_source_ref=P-OWN-02; dependency table DEL-07-11; metadata_repair=SCA-011/application/dependencies/CORRECTNESS_REPAIR.md"
SCA011-E040,DEP-07-11-007,DEL-07-11,DependencyID,SCA011-E040,DEP-07-11-007
SCA011-E040,DEP-07-11-007,DEL-07-11,EvidenceFile,execution/_Coordination/_PROPOSALS/R5_R6_FOLLOWUP_2026-09-22/PIPING_OWNERSHIP_PROPOSAL.md,execution/PKG-07_Graphical User Interface and Engineering Workflow/1_Working/DEL-07-11_Desktop workspace shell and host integration/ScopeOfWork.md
SCA011-E040,DEP-07-11-007,DEL-07-11,SourceRef,P-OWN-02; dependency table DEL-07-11,execution/PKG-07_Graphical User Interface and Engineering Workflow/1_Working/DEL-07-11_Desktop workspace shell and host integration/ScopeOfWork.md # Governing Values and Decisions
SCA011-E040,DEP-07-11-007,DEL-07-11,EvidenceQuote,,DEL-00-03/05/07 constrain architecture.
SCA011-E040,DEP-07-11-007,DEL-07-11,Notes,"PROPOSAL: SourceRef supports the extracted relation; Statement is an agent synthesis, not a quotation. SCA-011 group-2 graph candidate only; ACTIVE describes the proposed relation, not graph adoption. Required maturity is a proposed contract-review gate; actual target maturity and conformance are not inferred from existing code. Architecture consistency input; no PKG-00 lifecycle promotion.","PROPOSAL: SourceRef supports the extracted relation; Statement is an agent synthesis, not a quotation. SCA-011 group-2 graph candidate only; ACTIVE describes the proposed relation, not graph adoption. Required maturity is a proposed contract-review gate; actual target maturity and conformance are not inferred from existing code. Architecture consistency input; no PKG-00 lifecycle promotion.; SCA011OriginalDependencyID=SCA011-E040; original_evidence_file=execution/_Coordination/_PROPOSALS/R5_R6_FOLLOWUP_2026-09-22/PIPING_OWNERSHIP_PROPOSAL.md; original_source_ref=P-OWN-02; dependency table DEL-07-11; metadata_repair=SCA-011/application/dependencies/CORRECTNESS_REPAIR.md"
SCA011-E041,DEP-07-11-008,DEL-07-11,DependencyID,SCA011-E041,DEP-07-11-008
SCA011-E041,DEP-07-11-008,DEL-07-11,EvidenceFile,execution/_Coordination/_PROPOSALS/R5_R6_FOLLOWUP_2026-09-22/PIPING_OWNERSHIP_PROPOSAL.md,execution/PKG-07_Graphical User Interface and Engineering Workflow/1_Working/DEL-07-11_Desktop workspace shell and host integration/ScopeOfWork.md
SCA011-E041,DEP-07-11-008,DEL-07-11,SourceRef,P-OWN-02; dependency table DEL-07-11,execution/PKG-07_Graphical User Interface and Engineering Workflow/1_Working/DEL-07-11_Desktop workspace shell and host integration/ScopeOfWork.md # Governing Values and Decisions
SCA011-E041,DEP-07-11-008,DEL-07-11,EvidenceQuote,,DEL-00-03/05/07 constrain architecture.
SCA011-E041,DEP-07-11-008,DEL-07-11,Notes,"PROPOSAL: SourceRef supports the extracted relation; Statement is an agent synthesis, not a quotation. SCA-011 group-2 graph candidate only; ACTIVE describes the proposed relation, not graph adoption. Required maturity is a proposed contract-review gate; actual target maturity and conformance are not inferred from existing code. Architecture consistency input; no PKG-00 lifecycle promotion.","PROPOSAL: SourceRef supports the extracted relation; Statement is an agent synthesis, not a quotation. SCA-011 group-2 graph candidate only; ACTIVE describes the proposed relation, not graph adoption. Required maturity is a proposed contract-review gate; actual target maturity and conformance are not inferred from existing code. Architecture consistency input; no PKG-00 lifecycle promotion.; SCA011OriginalDependencyID=SCA011-E041; original_evidence_file=execution/_Coordination/_PROPOSALS/R5_R6_FOLLOWUP_2026-09-22/PIPING_OWNERSHIP_PROPOSAL.md; original_source_ref=P-OWN-02; dependency table DEL-07-11; metadata_repair=SCA-011/application/dependencies/CORRECTNESS_REPAIR.md"
SCA011-E042,DEP-07-11-009,DEL-07-11,DependencyID,SCA011-E042,DEP-07-11-009
SCA011-E042,DEP-07-11-009,DEL-07-11,EvidenceFile,execution/_Coordination/_PROPOSALS/R5_R6_FOLLOWUP_2026-09-22/PIPING_OWNERSHIP_PROPOSAL.md,execution/PKG-07_Graphical User Interface and Engineering Workflow/1_Working/DEL-07-11_Desktop workspace shell and host integration/ScopeOfWork.md
SCA011-E042,DEP-07-11-009,DEL-07-11,SourceRef,P-OWN-02; dependency table DEL-07-11,execution/PKG-07_Graphical User Interface and Engineering Workflow/1_Working/DEL-07-11_Desktop workspace shell and host integration/ScopeOfWork.md # CLM-002
SCA011-E042,DEP-07-11-009,DEL-07-11,EvidenceQuote,,durable state stored by DEL-02-05 and run records owned by DEL-14-02
SCA011-E042,DEP-07-11-009,DEL-07-11,Notes,"PROPOSAL: SourceRef supports the extracted relation; Statement is an agent synthesis, not a quotation. SCA-011 group-2 graph candidate only; ACTIVE describes the proposed relation, not graph adoption. Required maturity is a proposed contract-review gate; actual target maturity and conformance are not inferred from existing code. ","PROPOSAL: SourceRef supports the extracted relation; Statement is an agent synthesis, not a quotation. SCA-011 group-2 graph candidate only; ACTIVE describes the proposed relation, not graph adoption. Required maturity is a proposed contract-review gate; actual target maturity and conformance are not inferred from existing code. ; SCA011OriginalDependencyID=SCA011-E042; original_evidence_file=execution/_Coordination/_PROPOSALS/R5_R6_FOLLOWUP_2026-09-22/PIPING_OWNERSHIP_PROPOSAL.md; original_source_ref=P-OWN-02; dependency table DEL-07-11; metadata_repair=SCA-011/application/dependencies/CORRECTNESS_REPAIR.md"
SCA011-E043,DEP-07-11-010,DEL-07-11,DependencyID,SCA011-E043,DEP-07-11-010
SCA011-E043,DEP-07-11-010,DEL-07-11,EvidenceFile,execution/_Coordination/_PROPOSALS/R5_R6_FOLLOWUP_2026-09-22/PIPING_OWNERSHIP_PROPOSAL.md,execution/PKG-07_Graphical User Interface and Engineering Workflow/1_Working/DEL-07-11_Desktop workspace shell and host integration/ScopeOfWork.md
SCA011-E043,DEP-07-11-010,DEL-07-11,SourceRef,P-OWN-02; dependency table DEL-07-11,execution/PKG-07_Graphical User Interface and Engineering Workflow/1_Working/DEL-07-11_Desktop workspace shell and host integration/ScopeOfWork.md # CLM-004
SCA011-E043,DEP-07-11-010,DEL-07-11,EvidenceQuote,,"Conform common focus, keyboard and accessibility behavior to DEL-07-06"
SCA011-E043,DEP-07-11-010,DEL-07-11,Notes,"PROPOSAL: SourceRef supports the extracted relation; Statement is an agent synthesis, not a quotation. SCA-011 group-2 graph candidate only; ACTIVE describes the proposed relation, not graph adoption. Required maturity is a proposed contract-review gate; actual target maturity and conformance are not inferred from existing code. ","PROPOSAL: SourceRef supports the extracted relation; Statement is an agent synthesis, not a quotation. SCA-011 group-2 graph candidate only; ACTIVE describes the proposed relation, not graph adoption. Required maturity is a proposed contract-review gate; actual target maturity and conformance are not inferred from existing code. ; SCA011OriginalDependencyID=SCA011-E043; original_evidence_file=execution/_Coordination/_PROPOSALS/R5_R6_FOLLOWUP_2026-09-22/PIPING_OWNERSHIP_PROPOSAL.md; original_source_ref=P-OWN-02; dependency table DEL-07-11; metadata_repair=SCA-011/application/dependencies/CORRECTNESS_REPAIR.md"
SCA011-E044,DEP-07-11-011,DEL-07-11,DependencyID,SCA011-E044,DEP-07-11-011
SCA011-E044,DEP-07-11-011,DEL-07-11,EvidenceFile,execution/_Coordination/_PROPOSALS/R5_R6_FOLLOWUP_2026-09-22/PIPING_OWNERSHIP_PROPOSAL.md,execution/PKG-07_Graphical User Interface and Engineering Workflow/1_Working/DEL-07-11_Desktop workspace shell and host integration/ScopeOfWork.md
SCA011-E044,DEP-07-11-011,DEL-07-11,SourceRef,P-OWN-02; dependency table DEL-07-11,execution/PKG-07_Graphical User Interface and Engineering Workflow/1_Working/DEL-07-11_Desktop workspace shell and host integration/ScopeOfWork.md # CLM-002
SCA011-E044,DEP-07-11-011,DEL-07-11,EvidenceQuote,,durable state stored by DEL-02-05 and run records owned by DEL-14-02
SCA011-E044,DEP-07-11-011,DEL-07-11,Notes,"PROPOSAL: SourceRef supports the extracted relation; Statement is an agent synthesis, not a quotation. SCA-011 group-2 graph candidate only; ACTIVE describes the proposed relation, not graph adoption. Required maturity is a proposed contract-review gate; actual target maturity and conformance are not inferred from existing code. ","PROPOSAL: SourceRef supports the extracted relation; Statement is an agent synthesis, not a quotation. SCA-011 group-2 graph candidate only; ACTIVE describes the proposed relation, not graph adoption. Required maturity is a proposed contract-review gate; actual target maturity and conformance are not inferred from existing code. ; SCA011OriginalDependencyID=SCA011-E044; original_evidence_file=execution/_Coordination/_PROPOSALS/R5_R6_FOLLOWUP_2026-09-22/PIPING_OWNERSHIP_PROPOSAL.md; original_source_ref=P-OWN-02; dependency table DEL-07-11; metadata_repair=SCA-011/application/dependencies/CORRECTNESS_REPAIR.md"
SCA011-E045,DEP-07-11-012,DEL-07-11,DependencyID,SCA011-E045,DEP-07-11-012
SCA011-E045,DEP-07-11-012,DEL-07-11,EvidenceFile,execution/_Coordination/_PROPOSALS/R5_R6_FOLLOWUP_2026-09-22/PIPING_OWNERSHIP_PROPOSAL.md,execution/PKG-07_Graphical User Interface and Engineering Workflow/1_Working/DEL-07-11_Desktop workspace shell and host integration/ScopeOfWork.md
SCA011-E045,DEP-07-11-012,DEL-07-11,SourceRef,P-OWN-02; dependency table DEL-07-11,execution/PKG-07_Graphical User Interface and Engineering Workflow/1_Working/DEL-07-11_Desktop workspace shell and host integration/ScopeOfWork.md # Governing Values and Decisions
SCA011-E045,DEP-07-11-012,DEL-07-11,EvidenceQuote,,DEL-16-06 owns application execution;
SCA011-E045,DEP-07-11-012,DEL-07-11,Notes,"PROPOSAL: SourceRef supports the extracted relation; Statement is an agent synthesis, not a quotation. SCA-011 group-2 graph candidate only; ACTIVE describes the proposed relation, not graph adoption. Required maturity is a proposed contract-review gate; actual target maturity and conformance are not inferred from existing code. ","PROPOSAL: SourceRef supports the extracted relation; Statement is an agent synthesis, not a quotation. SCA-011 group-2 graph candidate only; ACTIVE describes the proposed relation, not graph adoption. Required maturity is a proposed contract-review gate; actual target maturity and conformance are not inferred from existing code. ; SCA011OriginalDependencyID=SCA011-E045; original_evidence_file=execution/_Coordination/_PROPOSALS/R5_R6_FOLLOWUP_2026-09-22/PIPING_OWNERSHIP_PROPOSAL.md; original_source_ref=P-OWN-02; dependency table DEL-07-11; metadata_repair=SCA-011/application/dependencies/CORRECTNESS_REPAIR.md"
SCA011-E046,DEP-16-06-005,DEL-16-06,DependencyID,SCA011-E046,DEP-16-06-005
SCA011-E046,DEP-16-06-005,DEL-16-06,EvidenceFile,execution/_Coordination/_PROPOSALS/R5_R6_FOLLOWUP_2026-09-22/PIPING_OWNERSHIP_PROPOSAL.md,execution/PKG-16_Model Operation and Agent Proposal Framework/1_Working/DEL-16-06_Controlled model operation application/ScopeOfWork.md
SCA011-E046,DEP-16-06-005,DEL-16-06,SourceRef,P-OWN-03; dependency table DEL-16-06,execution/PKG-16_Model Operation and Agent Proposal Framework/1_Working/DEL-16-06_Controlled model operation application/ScopeOfWork.md # Governing Values and Decisions
SCA011-E046,DEP-16-06-005,DEL-16-06,EvidenceQuote,,"DEL-16-01 owns schema/taxonomy, DEL-16-02 validation/preview, DEL-16-03 acceptance/audit policy, DEL-02-05 persistence"
SCA011-E046,DEP-16-06-005,DEL-16-06,Notes,"PROPOSAL: SourceRef supports the extracted relation; Statement is an agent synthesis, not a quotation. SCA-011 group-2 graph candidate only; ACTIVE describes the proposed relation, not graph adoption. Required maturity is a proposed contract-review gate; actual target maturity and conformance are not inferred from existing code. ","PROPOSAL: SourceRef supports the extracted relation; Statement is an agent synthesis, not a quotation. SCA-011 group-2 graph candidate only; ACTIVE describes the proposed relation, not graph adoption. Required maturity is a proposed contract-review gate; actual target maturity and conformance are not inferred from existing code. ; SCA011OriginalDependencyID=SCA011-E046; original_evidence_file=execution/_Coordination/_PROPOSALS/R5_R6_FOLLOWUP_2026-09-22/PIPING_OWNERSHIP_PROPOSAL.md; original_source_ref=P-OWN-03; dependency table DEL-16-06; metadata_repair=SCA-011/application/dependencies/CORRECTNESS_REPAIR.md"
SCA011-E047,DEP-16-06-006,DEL-16-06,DependencyID,SCA011-E047,DEP-16-06-006
SCA011-E047,DEP-16-06-006,DEL-16-06,EvidenceFile,execution/_Coordination/_PROPOSALS/R5_R6_FOLLOWUP_2026-09-22/PIPING_OWNERSHIP_PROPOSAL.md,execution/PKG-16_Model Operation and Agent Proposal Framework/1_Working/DEL-16-06_Controlled model operation application/ScopeOfWork.md
SCA011-E047,DEP-16-06-006,DEL-16-06,SourceRef,P-OWN-03; dependency table DEL-16-06,execution/PKG-16_Model Operation and Agent Proposal Framework/1_Working/DEL-16-06_Controlled model operation application/ScopeOfWork.md # Governing Values and Decisions
SCA011-E047,DEP-16-06-006,DEL-16-06,EvidenceQuote,,"DEL-16-01 owns schema/taxonomy, DEL-16-02 validation/preview, DEL-16-03 acceptance/audit policy, DEL-02-05 persistence"
SCA011-E047,DEP-16-06-006,DEL-16-06,Notes,"PROPOSAL: SourceRef supports the extracted relation; Statement is an agent synthesis, not a quotation. SCA-011 group-2 graph candidate only; ACTIVE describes the proposed relation, not graph adoption. Required maturity is a proposed contract-review gate; actual target maturity and conformance are not inferred from existing code. ","PROPOSAL: SourceRef supports the extracted relation; Statement is an agent synthesis, not a quotation. SCA-011 group-2 graph candidate only; ACTIVE describes the proposed relation, not graph adoption. Required maturity is a proposed contract-review gate; actual target maturity and conformance are not inferred from existing code. ; SCA011OriginalDependencyID=SCA011-E047; original_evidence_file=execution/_Coordination/_PROPOSALS/R5_R6_FOLLOWUP_2026-09-22/PIPING_OWNERSHIP_PROPOSAL.md; original_source_ref=P-OWN-03; dependency table DEL-16-06; metadata_repair=SCA-011/application/dependencies/CORRECTNESS_REPAIR.md"
SCA011-E048,DEP-16-06-007,DEL-16-06,DependencyID,SCA011-E048,DEP-16-06-007
SCA011-E048,DEP-16-06-007,DEL-16-06,EvidenceFile,execution/_Coordination/_PROPOSALS/R5_R6_FOLLOWUP_2026-09-22/PIPING_OWNERSHIP_PROPOSAL.md,execution/PKG-16_Model Operation and Agent Proposal Framework/1_Working/DEL-16-06_Controlled model operation application/ScopeOfWork.md
SCA011-E048,DEP-16-06-007,DEL-16-06,SourceRef,P-OWN-03; dependency table DEL-16-06,execution/PKG-16_Model Operation and Agent Proposal Framework/1_Working/DEL-16-06_Controlled model operation application/ScopeOfWork.md # Governing Values and Decisions
SCA011-E048,DEP-16-06-007,DEL-16-06,EvidenceQuote,,"DEL-16-01 owns schema/taxonomy, DEL-16-02 validation/preview, DEL-16-03 acceptance/audit policy, DEL-02-05 persistence"
SCA011-E048,DEP-16-06-007,DEL-16-06,Notes,"PROPOSAL: SourceRef supports the extracted relation; Statement is an agent synthesis, not a quotation. SCA-011 group-2 graph candidate only; ACTIVE describes the proposed relation, not graph adoption. Required maturity is a proposed contract-review gate; actual target maturity and conformance are not inferred from existing code. ","PROPOSAL: SourceRef supports the extracted relation; Statement is an agent synthesis, not a quotation. SCA-011 group-2 graph candidate only; ACTIVE describes the proposed relation, not graph adoption. Required maturity is a proposed contract-review gate; actual target maturity and conformance are not inferred from existing code. ; SCA011OriginalDependencyID=SCA011-E048; original_evidence_file=execution/_Coordination/_PROPOSALS/R5_R6_FOLLOWUP_2026-09-22/PIPING_OWNERSHIP_PROPOSAL.md; original_source_ref=P-OWN-03; dependency table DEL-16-06; metadata_repair=SCA-011/application/dependencies/CORRECTNESS_REPAIR.md"
SCA011-E049,DEP-16-06-008,DEL-16-06,DependencyID,SCA011-E049,DEP-16-06-008
SCA011-E049,DEP-16-06-008,DEL-16-06,EvidenceFile,execution/_Coordination/_PROPOSALS/R5_R6_FOLLOWUP_2026-09-22/PIPING_OWNERSHIP_PROPOSAL.md,execution/PKG-16_Model Operation and Agent Proposal Framework/1_Working/DEL-16-06_Controlled model operation application/ScopeOfWork.md
SCA011-E049,DEP-16-06-008,DEL-16-06,SourceRef,P-OWN-03; dependency table DEL-16-06,execution/PKG-16_Model Operation and Agent Proposal Framework/1_Working/DEL-16-06_Controlled model operation application/ScopeOfWork.md # CLM-001
SCA011-E049,DEP-16-06-008,DEL-16-06,EvidenceQuote,,"Apply only an explicitly accepted, schema/constraint-valid, previewed structured operation whose current model hash matches its accepted basis."
SCA011-E049,DEP-16-06-008,DEL-16-06,Notes,"PROPOSAL: SourceRef supports the extracted relation; Statement is an agent synthesis, not a quotation. SCA-011 group-2 graph candidate only; ACTIVE describes the proposed relation, not graph adoption. Required maturity is a proposed contract-review gate; actual target maturity and conformance are not inferred from existing code. ","PROPOSAL: SourceRef supports the extracted relation; Statement is an agent synthesis, not a quotation. SCA-011 group-2 graph candidate only; ACTIVE describes the proposed relation, not graph adoption. Required maturity is a proposed contract-review gate; actual target maturity and conformance are not inferred from existing code. ; SCA011OriginalDependencyID=SCA011-E049; original_evidence_file=execution/_Coordination/_PROPOSALS/R5_R6_FOLLOWUP_2026-09-22/PIPING_OWNERSHIP_PROPOSAL.md; original_source_ref=P-OWN-03; dependency table DEL-16-06; metadata_repair=SCA-011/application/dependencies/CORRECTNESS_REPAIR.md"
SCA011-E050,DEP-16-06-009,DEL-16-06,DependencyID,SCA011-E050,DEP-16-06-009
SCA011-E050,DEP-16-06-009,DEL-16-06,EvidenceFile,execution/_Coordination/_PROPOSALS/R5_R6_FOLLOWUP_2026-09-22/PIPING_OWNERSHIP_PROPOSAL.md,execution/PKG-16_Model Operation and Agent Proposal Framework/1_Working/DEL-16-06_Controlled model operation application/ScopeOfWork.md
SCA011-E050,DEP-16-06-009,DEL-16-06,SourceRef,P-OWN-03; dependency table DEL-16-06,execution/PKG-16_Model Operation and Agent Proposal Framework/1_Working/DEL-16-06_Controlled model operation application/ScopeOfWork.md # CLM-001
SCA011-E050,DEP-16-06-009,DEL-16-06,EvidenceQuote,,"Apply only an explicitly accepted, schema/constraint-valid, previewed structured operation whose current model hash matches its accepted basis."
SCA011-E050,DEP-16-06-009,DEL-16-06,Notes,"PROPOSAL: SourceRef supports the extracted relation; Statement is an agent synthesis, not a quotation. SCA-011 group-2 graph candidate only; ACTIVE describes the proposed relation, not graph adoption. Required maturity is a proposed contract-review gate; actual target maturity and conformance are not inferred from existing code. ","PROPOSAL: SourceRef supports the extracted relation; Statement is an agent synthesis, not a quotation. SCA-011 group-2 graph candidate only; ACTIVE describes the proposed relation, not graph adoption. Required maturity is a proposed contract-review gate; actual target maturity and conformance are not inferred from existing code. ; SCA011OriginalDependencyID=SCA011-E050; original_evidence_file=execution/_Coordination/_PROPOSALS/R5_R6_FOLLOWUP_2026-09-22/PIPING_OWNERSHIP_PROPOSAL.md; original_source_ref=P-OWN-03; dependency table DEL-16-06; metadata_repair=SCA-011/application/dependencies/CORRECTNESS_REPAIR.md"
SCA011-E051,DEP-16-06-010,DEL-16-06,DependencyID,SCA011-E051,DEP-16-06-010
SCA011-E051,DEP-16-06-010,DEL-16-06,EvidenceFile,execution/_Coordination/_PROPOSALS/R5_R6_FOLLOWUP_2026-09-22/PIPING_OWNERSHIP_PROPOSAL.md,execution/PKG-16_Model Operation and Agent Proposal Framework/1_Working/DEL-16-06_Controlled model operation application/ScopeOfWork.md
SCA011-E051,DEP-16-06-010,DEL-16-06,SourceRef,P-OWN-03; dependency table DEL-16-06,execution/PKG-16_Model Operation and Agent Proposal Framework/1_Working/DEL-16-06_Controlled model operation application/ScopeOfWork.md # Governing Values and Decisions
SCA011-E051,DEP-16-06-010,DEL-16-06,EvidenceQuote,,"DEL-16-01 owns schema/taxonomy, DEL-16-02 validation/preview, DEL-16-03 acceptance/audit policy, DEL-02-05 persistence"
SCA011-E051,DEP-16-06-010,DEL-16-06,Notes,"PROPOSAL: SourceRef supports the extracted relation; Statement is an agent synthesis, not a quotation. SCA-011 group-2 graph candidate only; ACTIVE describes the proposed relation, not graph adoption. Required maturity is a proposed contract-review gate; actual target maturity and conformance are not inferred from existing code. ","PROPOSAL: SourceRef supports the extracted relation; Statement is an agent synthesis, not a quotation. SCA-011 group-2 graph candidate only; ACTIVE describes the proposed relation, not graph adoption. Required maturity is a proposed contract-review gate; actual target maturity and conformance are not inferred from existing code. ; SCA011OriginalDependencyID=SCA011-E051; original_evidence_file=execution/_Coordination/_PROPOSALS/R5_R6_FOLLOWUP_2026-09-22/PIPING_OWNERSHIP_PROPOSAL.md; original_source_ref=P-OWN-03; dependency table DEL-16-06; metadata_repair=SCA-011/application/dependencies/CORRECTNESS_REPAIR.md"
SCA011-E052,DEP-16-06-011,DEL-16-06,DependencyID,SCA011-E052,DEP-16-06-011
SCA011-E052,DEP-16-06-011,DEL-16-06,EvidenceFile,execution/_Coordination/_PROPOSALS/R5_R6_FOLLOWUP_2026-09-22/PIPING_OWNERSHIP_PROPOSAL.md,execution/PKG-16_Model Operation and Agent Proposal Framework/1_Working/DEL-16-06_Controlled model operation application/ScopeOfWork.md
SCA011-E052,DEP-16-06-011,DEL-16-06,SourceRef,P-OWN-03; dependency table DEL-16-06,execution/PKG-16_Model Operation and Agent Proposal Framework/1_Working/DEL-16-06_Controlled model operation application/ScopeOfWork.md # CLM-001
SCA011-E052,DEP-16-06-011,DEL-16-06,EvidenceQuote,,"Apply only an explicitly accepted, schema/constraint-valid, previewed structured operation whose current model hash matches its accepted basis."
SCA011-E052,DEP-16-06-011,DEL-16-06,Notes,"PROPOSAL: SourceRef supports the extracted relation; Statement is an agent synthesis, not a quotation. SCA-011 group-2 graph candidate only; ACTIVE describes the proposed relation, not graph adoption. Required maturity is a proposed contract-review gate; actual target maturity and conformance are not inferred from existing code. Architecture consistency input; no PKG-00 lifecycle promotion.","PROPOSAL: SourceRef supports the extracted relation; Statement is an agent synthesis, not a quotation. SCA-011 group-2 graph candidate only; ACTIVE describes the proposed relation, not graph adoption. Required maturity is a proposed contract-review gate; actual target maturity and conformance are not inferred from existing code. Architecture consistency input; no PKG-00 lifecycle promotion.; SCA011OriginalDependencyID=SCA011-E052; original_evidence_file=execution/_Coordination/_PROPOSALS/R5_R6_FOLLOWUP_2026-09-22/PIPING_OWNERSHIP_PROPOSAL.md; original_source_ref=P-OWN-03; dependency table DEL-16-06; metadata_repair=SCA-011/application/dependencies/CORRECTNESS_REPAIR.md"
SCA011-E053,DEP-16-06-012,DEL-16-06,DependencyID,SCA011-E053,DEP-16-06-012
SCA011-E053,DEP-16-06-012,DEL-16-06,EvidenceFile,execution/_Coordination/_PROPOSALS/R5_R6_FOLLOWUP_2026-09-22/PIPING_OWNERSHIP_PROPOSAL.md,execution/PKG-16_Model Operation and Agent Proposal Framework/1_Working/DEL-16-06_Controlled model operation application/ScopeOfWork.md
SCA011-E053,DEP-16-06-012,DEL-16-06,SourceRef,P-OWN-03; dependency table DEL-16-06,execution/PKG-16_Model Operation and Agent Proposal Framework/1_Working/DEL-16-06_Controlled model operation application/ScopeOfWork.md # CLM-001
SCA011-E053,DEP-16-06-012,DEL-16-06,EvidenceQuote,,"Apply only an explicitly accepted, schema/constraint-valid, previewed structured operation whose current model hash matches its accepted basis."
SCA011-E053,DEP-16-06-012,DEL-16-06,Notes,"PROPOSAL: SourceRef supports the extracted relation; Statement is an agent synthesis, not a quotation. SCA-011 group-2 graph candidate only; ACTIVE describes the proposed relation, not graph adoption. Required maturity is a proposed contract-review gate; actual target maturity and conformance are not inferred from existing code. Architecture consistency input; no PKG-00 lifecycle promotion.","PROPOSAL: SourceRef supports the extracted relation; Statement is an agent synthesis, not a quotation. SCA-011 group-2 graph candidate only; ACTIVE describes the proposed relation, not graph adoption. Required maturity is a proposed contract-review gate; actual target maturity and conformance are not inferred from existing code. Architecture consistency input; no PKG-00 lifecycle promotion.; SCA011OriginalDependencyID=SCA011-E053; original_evidence_file=execution/_Coordination/_PROPOSALS/R5_R6_FOLLOWUP_2026-09-22/PIPING_OWNERSHIP_PROPOSAL.md; original_source_ref=P-OWN-03; dependency table DEL-16-06; metadata_repair=SCA-011/application/dependencies/CORRECTNESS_REPAIR.md"
SCA011-E054,DEP-07-12-006,DEL-07-12,DependencyID,SCA011-E054,DEP-07-12-006
SCA011-E054,DEP-07-12-006,DEL-07-12,EvidenceFile,execution/_Coordination/_PROPOSALS/R5_R6_FOLLOWUP_2026-09-22/PIPING_OWNERSHIP_PROPOSAL.md,execution/PKG-07_Graphical User Interface and Engineering Workflow/1_Working/DEL-07-12_Interoperability and evidence-review workspace/ScopeOfWork.md
SCA011-E054,DEP-07-12-006,DEL-07-12,SourceRef,P-OWN-05; dependency table DEL-07-12,execution/PKG-07_Graphical User Interface and Engineering Workflow/1_Working/DEL-07-12_Interoperability and evidence-review workspace/ScopeOfWork.md # Governing Values and Decisions
SCA011-E054,DEP-07-12-006,DEL-07-12,EvidenceQuote,,"handoff/local-FEA/external-prover boundary panels; adapter-framework, headless-runner and export-adapter SDK review panels; validation-evidence review."
SCA011-E054,DEP-07-12-006,DEL-07-12,Notes,"PROPOSAL: SourceRef supports the extracted relation; Statement is an agent synthesis, not a quotation. SCA-011 group-2 graph candidate only; ACTIVE describes the proposed relation, not graph adoption. Required maturity is a proposed contract-review gate; actual target maturity and conformance are not inferred from existing code. ","PROPOSAL: SourceRef supports the extracted relation; Statement is an agent synthesis, not a quotation. SCA-011 group-2 graph candidate only; ACTIVE describes the proposed relation, not graph adoption. Required maturity is a proposed contract-review gate; actual target maturity and conformance are not inferred from existing code. ; SCA011OriginalDependencyID=SCA011-E054; original_evidence_file=execution/_Coordination/_PROPOSALS/R5_R6_FOLLOWUP_2026-09-22/PIPING_OWNERSHIP_PROPOSAL.md; original_source_ref=P-OWN-05; dependency table DEL-07-12; metadata_repair=SCA-011/application/dependencies/CORRECTNESS_REPAIR.md"
SCA011-E055,DEP-07-12-007,DEL-07-12,DependencyID,SCA011-E055,DEP-07-12-007
SCA011-E055,DEP-07-12-007,DEL-07-12,EvidenceFile,execution/_Coordination/_PROPOSALS/R5_R6_FOLLOWUP_2026-09-22/PIPING_OWNERSHIP_PROPOSAL.md,execution/PKG-07_Graphical User Interface and Engineering Workflow/1_Working/DEL-07-12_Interoperability and evidence-review workspace/ScopeOfWork.md
SCA011-E055,DEP-07-12-007,DEL-07-12,SourceRef,P-OWN-05; dependency table DEL-07-12,execution/PKG-07_Graphical User Interface and Engineering Workflow/1_Working/DEL-07-12_Interoperability and evidence-review workspace/ScopeOfWork.md # Governing Values and Decisions
SCA011-E055,DEP-07-12-007,DEL-07-12,EvidenceQuote,,"handoff/local-FEA/external-prover boundary panels; adapter-framework, headless-runner and export-adapter SDK review panels; validation-evidence review."
SCA011-E055,DEP-07-12-007,DEL-07-12,Notes,"PROPOSAL: SourceRef supports the extracted relation; Statement is an agent synthesis, not a quotation. SCA-011 group-2 graph candidate only; ACTIVE describes the proposed relation, not graph adoption. Required maturity is a proposed contract-review gate; actual target maturity and conformance are not inferred from existing code. ","PROPOSAL: SourceRef supports the extracted relation; Statement is an agent synthesis, not a quotation. SCA-011 group-2 graph candidate only; ACTIVE describes the proposed relation, not graph adoption. Required maturity is a proposed contract-review gate; actual target maturity and conformance are not inferred from existing code. ; SCA011OriginalDependencyID=SCA011-E055; original_evidence_file=execution/_Coordination/_PROPOSALS/R5_R6_FOLLOWUP_2026-09-22/PIPING_OWNERSHIP_PROPOSAL.md; original_source_ref=P-OWN-05; dependency table DEL-07-12; metadata_repair=SCA-011/application/dependencies/CORRECTNESS_REPAIR.md"
SCA011-E056,DEP-07-12-008,DEL-07-12,DependencyID,SCA011-E056,DEP-07-12-008
SCA011-E056,DEP-07-12-008,DEL-07-12,EvidenceFile,execution/_Coordination/_PROPOSALS/R5_R6_FOLLOWUP_2026-09-22/PIPING_OWNERSHIP_PROPOSAL.md,execution/PKG-07_Graphical User Interface and Engineering Workflow/1_Working/DEL-07-12_Interoperability and evidence-review workspace/ScopeOfWork.md
SCA011-E056,DEP-07-12-008,DEL-07-12,SourceRef,P-OWN-05; dependency table DEL-07-12,execution/PKG-07_Graphical User Interface and Engineering Workflow/1_Working/DEL-07-12_Interoperability and evidence-review workspace/ScopeOfWork.md # Governing Values and Decisions
SCA011-E056,DEP-07-12-008,DEL-07-12,EvidenceQuote,,"handoff/local-FEA/external-prover boundary panels; adapter-framework, headless-runner and export-adapter SDK review panels; validation-evidence review."
SCA011-E056,DEP-07-12-008,DEL-07-12,Notes,"PROPOSAL: SourceRef supports the extracted relation; Statement is an agent synthesis, not a quotation. SCA-011 group-2 graph candidate only; ACTIVE describes the proposed relation, not graph adoption. Required maturity is a proposed contract-review gate; actual target maturity and conformance are not inferred from existing code. ","PROPOSAL: SourceRef supports the extracted relation; Statement is an agent synthesis, not a quotation. SCA-011 group-2 graph candidate only; ACTIVE describes the proposed relation, not graph adoption. Required maturity is a proposed contract-review gate; actual target maturity and conformance are not inferred from existing code. ; SCA011OriginalDependencyID=SCA011-E056; original_evidence_file=execution/_Coordination/_PROPOSALS/R5_R6_FOLLOWUP_2026-09-22/PIPING_OWNERSHIP_PROPOSAL.md; original_source_ref=P-OWN-05; dependency table DEL-07-12; metadata_repair=SCA-011/application/dependencies/CORRECTNESS_REPAIR.md"
SCA011-E057,DEP-07-12-009,DEL-07-12,DependencyID,SCA011-E057,DEP-07-12-009
SCA011-E057,DEP-07-12-009,DEL-07-12,EvidenceFile,execution/_Coordination/_PROPOSALS/R5_R6_FOLLOWUP_2026-09-22/PIPING_OWNERSHIP_PROPOSAL.md,execution/PKG-07_Graphical User Interface and Engineering Workflow/1_Working/DEL-07-12_Interoperability and evidence-review workspace/ScopeOfWork.md
SCA011-E057,DEP-07-12-009,DEL-07-12,SourceRef,P-OWN-05; dependency table DEL-07-12,execution/PKG-07_Graphical User Interface and Engineering Workflow/1_Working/DEL-07-12_Interoperability and evidence-review workspace/ScopeOfWork.md # Governing Values and Decisions
SCA011-E057,DEP-07-12-009,DEL-07-12,EvidenceQuote,,"handoff/local-FEA/external-prover boundary panels; adapter-framework, headless-runner and export-adapter SDK review panels; validation-evidence review."
SCA011-E057,DEP-07-12-009,DEL-07-12,Notes,"PROPOSAL: SourceRef supports the extracted relation; Statement is an agent synthesis, not a quotation. SCA-011 group-2 graph candidate only; ACTIVE describes the proposed relation, not graph adoption. Required maturity is a proposed contract-review gate; actual target maturity and conformance are not inferred from existing code. ","PROPOSAL: SourceRef supports the extracted relation; Statement is an agent synthesis, not a quotation. SCA-011 group-2 graph candidate only; ACTIVE describes the proposed relation, not graph adoption. Required maturity is a proposed contract-review gate; actual target maturity and conformance are not inferred from existing code. ; SCA011OriginalDependencyID=SCA011-E057; original_evidence_file=execution/_Coordination/_PROPOSALS/R5_R6_FOLLOWUP_2026-09-22/PIPING_OWNERSHIP_PROPOSAL.md; original_source_ref=P-OWN-05; dependency table DEL-07-12; metadata_repair=SCA-011/application/dependencies/CORRECTNESS_REPAIR.md"
SCA011-E058,DEP-07-12-010,DEL-07-12,DependencyID,SCA011-E058,DEP-07-12-010
SCA011-E058,DEP-07-12-010,DEL-07-12,EvidenceFile,execution/_Coordination/_PROPOSALS/R5_R6_FOLLOWUP_2026-09-22/PIPING_OWNERSHIP_PROPOSAL.md,execution/PKG-07_Graphical User Interface and Engineering Workflow/1_Working/DEL-07-12_Interoperability and evidence-review workspace/ScopeOfWork.md
SCA011-E058,DEP-07-12-010,DEL-07-12,SourceRef,P-OWN-05; dependency table DEL-07-12,execution/PKG-07_Graphical User Interface and Engineering Workflow/1_Working/DEL-07-12_Interoperability and evidence-review workspace/ScopeOfWork.md # Governing Values and Decisions
SCA011-E058,DEP-07-12-010,DEL-07-12,EvidenceQuote,,"native JSON package; .mbf model export; licensed external-run evidence review; stress-neutral, PCF and review-geometry export;"
SCA011-E058,DEP-07-12-010,DEL-07-12,Notes,"PROPOSAL: SourceRef supports the extracted relation; Statement is an agent synthesis, not a quotation. SCA-011 group-2 graph candidate only; ACTIVE describes the proposed relation, not graph adoption. Required maturity is a proposed contract-review gate; actual target maturity and conformance are not inferred from existing code. ","PROPOSAL: SourceRef supports the extracted relation; Statement is an agent synthesis, not a quotation. SCA-011 group-2 graph candidate only; ACTIVE describes the proposed relation, not graph adoption. Required maturity is a proposed contract-review gate; actual target maturity and conformance are not inferred from existing code. ; SCA011OriginalDependencyID=SCA011-E058; original_evidence_file=execution/_Coordination/_PROPOSALS/R5_R6_FOLLOWUP_2026-09-22/PIPING_OWNERSHIP_PROPOSAL.md; original_source_ref=P-OWN-05; dependency table DEL-07-12; metadata_repair=SCA-011/application/dependencies/CORRECTNESS_REPAIR.md"
SCA011-E059,DEP-07-12-011,DEL-07-12,DependencyID,SCA011-E059,DEP-07-12-011
SCA011-E059,DEP-07-12-011,DEL-07-12,EvidenceFile,execution/_Coordination/_PROPOSALS/R5_R6_FOLLOWUP_2026-09-22/PIPING_OWNERSHIP_PROPOSAL.md,execution/PKG-07_Graphical User Interface and Engineering Workflow/1_Working/DEL-07-12_Interoperability and evidence-review workspace/ScopeOfWork.md
SCA011-E059,DEP-07-12-011,DEL-07-12,SourceRef,P-OWN-05; dependency table DEL-07-12,execution/PKG-07_Graphical User Interface and Engineering Workflow/1_Working/DEL-07-12_Interoperability and evidence-review workspace/ScopeOfWork.md # Governing Values and Decisions
SCA011-E059,DEP-07-12-011,DEL-07-12,EvidenceQuote,,"native JSON package; .mbf model export; licensed external-run evidence review; stress-neutral, PCF and review-geometry export;"
SCA011-E059,DEP-07-12-011,DEL-07-12,Notes,"PROPOSAL: SourceRef supports the extracted relation; Statement is an agent synthesis, not a quotation. SCA-011 group-2 graph candidate only; ACTIVE describes the proposed relation, not graph adoption. Required maturity is a proposed contract-review gate; actual target maturity and conformance are not inferred from existing code. ","PROPOSAL: SourceRef supports the extracted relation; Statement is an agent synthesis, not a quotation. SCA-011 group-2 graph candidate only; ACTIVE describes the proposed relation, not graph adoption. Required maturity is a proposed contract-review gate; actual target maturity and conformance are not inferred from existing code. ; SCA011OriginalDependencyID=SCA011-E059; original_evidence_file=execution/_Coordination/_PROPOSALS/R5_R6_FOLLOWUP_2026-09-22/PIPING_OWNERSHIP_PROPOSAL.md; original_source_ref=P-OWN-05; dependency table DEL-07-12; metadata_repair=SCA-011/application/dependencies/CORRECTNESS_REPAIR.md"
SCA011-E060,DEP-07-12-012,DEL-07-12,DependencyID,SCA011-E060,DEP-07-12-012
SCA011-E060,DEP-07-12-012,DEL-07-12,EvidenceFile,execution/_Coordination/_PROPOSALS/R5_R6_FOLLOWUP_2026-09-22/PIPING_OWNERSHIP_PROPOSAL.md,execution/PKG-07_Graphical User Interface and Engineering Workflow/1_Working/DEL-07-12_Interoperability and evidence-review workspace/ScopeOfWork.md
SCA011-E060,DEP-07-12-012,DEL-07-12,SourceRef,P-OWN-05; dependency table DEL-07-12,execution/PKG-07_Graphical User Interface and Engineering Workflow/1_Working/DEL-07-12_Interoperability and evidence-review workspace/ScopeOfWork.md # Governing Values and Decisions
SCA011-E060,DEP-07-12-012,DEL-07-12,EvidenceQuote,,"native JSON package; .mbf model export; licensed external-run evidence review; stress-neutral, PCF and review-geometry export;"
SCA011-E060,DEP-07-12-012,DEL-07-12,Notes,"PROPOSAL: SourceRef supports the extracted relation; Statement is an agent synthesis, not a quotation. SCA-011 group-2 graph candidate only; ACTIVE describes the proposed relation, not graph adoption. Required maturity is a proposed contract-review gate; actual target maturity and conformance are not inferred from existing code. ","PROPOSAL: SourceRef supports the extracted relation; Statement is an agent synthesis, not a quotation. SCA-011 group-2 graph candidate only; ACTIVE describes the proposed relation, not graph adoption. Required maturity is a proposed contract-review gate; actual target maturity and conformance are not inferred from existing code. ; SCA011OriginalDependencyID=SCA011-E060; original_evidence_file=execution/_Coordination/_PROPOSALS/R5_R6_FOLLOWUP_2026-09-22/PIPING_OWNERSHIP_PROPOSAL.md; original_source_ref=P-OWN-05; dependency table DEL-07-12; metadata_repair=SCA-011/application/dependencies/CORRECTNESS_REPAIR.md"
SCA011-E061,DEP-07-12-013,DEL-07-12,DependencyID,SCA011-E061,DEP-07-12-013
SCA011-E061,DEP-07-12-013,DEL-07-12,EvidenceFile,execution/_Coordination/_PROPOSALS/R5_R6_FOLLOWUP_2026-09-22/PIPING_OWNERSHIP_PROPOSAL.md,execution/PKG-07_Graphical User Interface and Engineering Workflow/1_Working/DEL-07-12_Interoperability and evidence-review workspace/ScopeOfWork.md
SCA011-E061,DEP-07-12-013,DEL-07-12,SourceRef,P-OWN-05; dependency table DEL-07-12,execution/PKG-07_Graphical User Interface and Engineering Workflow/1_Working/DEL-07-12_Interoperability and evidence-review workspace/ScopeOfWork.md # Governing Values and Decisions
SCA011-E061,DEP-07-12-013,DEL-07-12,EvidenceQuote,,"native JSON package; .mbf model export; licensed external-run evidence review; stress-neutral, PCF and review-geometry export;"
SCA011-E061,DEP-07-12-013,DEL-07-12,Notes,"PROPOSAL: SourceRef supports the extracted relation; Statement is an agent synthesis, not a quotation. SCA-011 group-2 graph candidate only; ACTIVE describes the proposed relation, not graph adoption. Required maturity is a proposed contract-review gate; actual target maturity and conformance are not inferred from existing code. ","PROPOSAL: SourceRef supports the extracted relation; Statement is an agent synthesis, not a quotation. SCA-011 group-2 graph candidate only; ACTIVE describes the proposed relation, not graph adoption. Required maturity is a proposed contract-review gate; actual target maturity and conformance are not inferred from existing code. ; SCA011OriginalDependencyID=SCA011-E061; original_evidence_file=execution/_Coordination/_PROPOSALS/R5_R6_FOLLOWUP_2026-09-22/PIPING_OWNERSHIP_PROPOSAL.md; original_source_ref=P-OWN-05; dependency table DEL-07-12; metadata_repair=SCA-011/application/dependencies/CORRECTNESS_REPAIR.md"
SCA011-E062,DEP-07-12-014,DEL-07-12,DependencyID,SCA011-E062,DEP-07-12-014
SCA011-E062,DEP-07-12-014,DEL-07-12,EvidenceFile,execution/_Coordination/_PROPOSALS/R5_R6_FOLLOWUP_2026-09-22/PIPING_OWNERSHIP_PROPOSAL.md,execution/PKG-07_Graphical User Interface and Engineering Workflow/1_Working/DEL-07-12_Interoperability and evidence-review workspace/ScopeOfWork.md
SCA011-E062,DEP-07-12-014,DEL-07-12,SourceRef,P-OWN-05; dependency table DEL-07-12,execution/PKG-07_Graphical User Interface and Engineering Workflow/1_Working/DEL-07-12_Interoperability and evidence-review workspace/ScopeOfWork.md # Governing Values and Decisions
SCA011-E062,DEP-07-12-014,DEL-07-12,EvidenceQuote,,"native JSON package; .mbf model export; licensed external-run evidence review; stress-neutral, PCF and review-geometry export;"
SCA011-E062,DEP-07-12-014,DEL-07-12,Notes,"PROPOSAL: SourceRef supports the extracted relation; Statement is an agent synthesis, not a quotation. SCA-011 group-2 graph candidate only; ACTIVE describes the proposed relation, not graph adoption. Required maturity is a proposed contract-review gate; actual target maturity and conformance are not inferred from existing code. ","PROPOSAL: SourceRef supports the extracted relation; Statement is an agent synthesis, not a quotation. SCA-011 group-2 graph candidate only; ACTIVE describes the proposed relation, not graph adoption. Required maturity is a proposed contract-review gate; actual target maturity and conformance are not inferred from existing code. ; SCA011OriginalDependencyID=SCA011-E062; original_evidence_file=execution/_Coordination/_PROPOSALS/R5_R6_FOLLOWUP_2026-09-22/PIPING_OWNERSHIP_PROPOSAL.md; original_source_ref=P-OWN-05; dependency table DEL-07-12; metadata_repair=SCA-011/application/dependencies/CORRECTNESS_REPAIR.md"
SCA011-E063,DEP-07-12-015,DEL-07-12,DependencyID,SCA011-E063,DEP-07-12-015
SCA011-E063,DEP-07-12-015,DEL-07-12,EvidenceFile,execution/_Coordination/_PROPOSALS/R5_R6_FOLLOWUP_2026-09-22/PIPING_OWNERSHIP_PROPOSAL.md,execution/PKG-07_Graphical User Interface and Engineering Workflow/1_Working/DEL-07-12_Interoperability and evidence-review workspace/ScopeOfWork.md
SCA011-E063,DEP-07-12-015,DEL-07-12,SourceRef,P-OWN-05; dependency table DEL-07-12,execution/PKG-07_Graphical User Interface and Engineering Workflow/1_Working/DEL-07-12_Interoperability and evidence-review workspace/ScopeOfWork.md # Governing Values and Decisions
SCA011-E063,DEP-07-12-015,DEL-07-12,EvidenceQuote,,"native JSON package; .mbf model export; licensed external-run evidence review; stress-neutral, PCF and review-geometry export;"
SCA011-E063,DEP-07-12-015,DEL-07-12,Notes,"PROPOSAL: SourceRef supports the extracted relation; Statement is an agent synthesis, not a quotation. SCA-011 group-2 graph candidate only; ACTIVE describes the proposed relation, not graph adoption. Required maturity is a proposed contract-review gate; actual target maturity and conformance are not inferred from existing code. ","PROPOSAL: SourceRef supports the extracted relation; Statement is an agent synthesis, not a quotation. SCA-011 group-2 graph candidate only; ACTIVE describes the proposed relation, not graph adoption. Required maturity is a proposed contract-review gate; actual target maturity and conformance are not inferred from existing code. ; SCA011OriginalDependencyID=SCA011-E063; original_evidence_file=execution/_Coordination/_PROPOSALS/R5_R6_FOLLOWUP_2026-09-22/PIPING_OWNERSHIP_PROPOSAL.md; original_source_ref=P-OWN-05; dependency table DEL-07-12; metadata_repair=SCA-011/application/dependencies/CORRECTNESS_REPAIR.md"
SCA011-E064,DEP-07-12-016,DEL-07-12,DependencyID,SCA011-E064,DEP-07-12-016
SCA011-E064,DEP-07-12-016,DEL-07-12,EvidenceFile,execution/_Coordination/_PROPOSALS/R5_R6_FOLLOWUP_2026-09-22/PIPING_OWNERSHIP_PROPOSAL.md,execution/PKG-07_Graphical User Interface and Engineering Workflow/1_Working/DEL-07-12_Interoperability and evidence-review workspace/ScopeOfWork.md
SCA011-E064,DEP-07-12-016,DEL-07-12,SourceRef,P-OWN-05; dependency table DEL-07-12,execution/PKG-07_Graphical User Interface and Engineering Workflow/1_Working/DEL-07-12_Interoperability and evidence-review workspace/ScopeOfWork.md # Governing Values and Decisions
SCA011-E064,DEP-07-12-016,DEL-07-12,EvidenceQuote,,"native JSON package; .mbf model export; licensed external-run evidence review; stress-neutral, PCF and review-geometry export;"
SCA011-E064,DEP-07-12-016,DEL-07-12,Notes,"PROPOSAL: SourceRef supports the extracted relation; Statement is an agent synthesis, not a quotation. SCA-011 group-2 graph candidate only; ACTIVE describes the proposed relation, not graph adoption. Required maturity is a proposed contract-review gate; actual target maturity and conformance are not inferred from existing code. ","PROPOSAL: SourceRef supports the extracted relation; Statement is an agent synthesis, not a quotation. SCA-011 group-2 graph candidate only; ACTIVE describes the proposed relation, not graph adoption. Required maturity is a proposed contract-review gate; actual target maturity and conformance are not inferred from existing code. ; SCA011OriginalDependencyID=SCA011-E064; original_evidence_file=execution/_Coordination/_PROPOSALS/R5_R6_FOLLOWUP_2026-09-22/PIPING_OWNERSHIP_PROPOSAL.md; original_source_ref=P-OWN-05; dependency table DEL-07-12; metadata_repair=SCA-011/application/dependencies/CORRECTNESS_REPAIR.md"
SCA011-E065,DEP-07-12-017,DEL-07-12,DependencyID,SCA011-E065,DEP-07-12-017
SCA011-E065,DEP-07-12-017,DEL-07-12,EvidenceFile,execution/_Coordination/_PROPOSALS/R5_R6_FOLLOWUP_2026-09-22/PIPING_OWNERSHIP_PROPOSAL.md,execution/PKG-07_Graphical User Interface and Engineering Workflow/1_Working/DEL-07-12_Interoperability and evidence-review workspace/ScopeOfWork.md
SCA011-E065,DEP-07-12-017,DEL-07-12,SourceRef,P-OWN-05; dependency table DEL-07-12,execution/PKG-07_Graphical User Interface and Engineering Workflow/1_Working/DEL-07-12_Interoperability and evidence-review workspace/ScopeOfWork.md # Governing Values and Decisions
SCA011-E065,DEP-07-12-017,DEL-07-12,EvidenceQuote,,"native JSON package; .mbf model export; licensed external-run evidence review; stress-neutral, PCF and review-geometry export;"
SCA011-E065,DEP-07-12-017,DEL-07-12,Notes,"PROPOSAL: SourceRef supports the extracted relation; Statement is an agent synthesis, not a quotation. SCA-011 group-2 graph candidate only; ACTIVE describes the proposed relation, not graph adoption. Required maturity is a proposed contract-review gate; actual target maturity and conformance are not inferred from existing code. ","PROPOSAL: SourceRef supports the extracted relation; Statement is an agent synthesis, not a quotation. SCA-011 group-2 graph candidate only; ACTIVE describes the proposed relation, not graph adoption. Required maturity is a proposed contract-review gate; actual target maturity and conformance are not inferred from existing code. ; SCA011OriginalDependencyID=SCA011-E065; original_evidence_file=execution/_Coordination/_PROPOSALS/R5_R6_FOLLOWUP_2026-09-22/PIPING_OWNERSHIP_PROPOSAL.md; original_source_ref=P-OWN-05; dependency table DEL-07-12; metadata_repair=SCA-011/application/dependencies/CORRECTNESS_REPAIR.md"
SCA011-E066,DEP-07-12-018,DEL-07-12,DependencyID,SCA011-E066,DEP-07-12-018
SCA011-E066,DEP-07-12-018,DEL-07-12,EvidenceFile,execution/_Coordination/_PROPOSALS/R5_R6_FOLLOWUP_2026-09-22/PIPING_OWNERSHIP_PROPOSAL.md,execution/PKG-07_Graphical User Interface and Engineering Workflow/1_Working/DEL-07-12_Interoperability and evidence-review workspace/ScopeOfWork.md
SCA011-E066,DEP-07-12-018,DEL-07-12,SourceRef,P-OWN-05; dependency table DEL-07-12,execution/PKG-07_Graphical User Interface and Engineering Workflow/1_Working/DEL-07-12_Interoperability and evidence-review workspace/ScopeOfWork.md # Governing Values and Decisions
SCA011-E066,DEP-07-12-018,DEL-07-12,EvidenceQuote,,"handoff/local-FEA/external-prover boundary panels; adapter-framework, headless-runner and export-adapter SDK review panels; validation-evidence review."
SCA011-E066,DEP-07-12-018,DEL-07-12,Notes,"PROPOSAL: SourceRef supports the extracted relation; Statement is an agent synthesis, not a quotation. SCA-011 group-2 graph candidate only; ACTIVE describes the proposed relation, not graph adoption. Required maturity is a proposed contract-review gate; actual target maturity and conformance are not inferred from existing code. ","PROPOSAL: SourceRef supports the extracted relation; Statement is an agent synthesis, not a quotation. SCA-011 group-2 graph candidate only; ACTIVE describes the proposed relation, not graph adoption. Required maturity is a proposed contract-review gate; actual target maturity and conformance are not inferred from existing code. ; SCA011OriginalDependencyID=SCA011-E066; original_evidence_file=execution/_Coordination/_PROPOSALS/R5_R6_FOLLOWUP_2026-09-22/PIPING_OWNERSHIP_PROPOSAL.md; original_source_ref=P-OWN-05; dependency table DEL-07-12; metadata_repair=SCA-011/application/dependencies/CORRECTNESS_REPAIR.md"
SCA011-E067,DEP-07-12-019,DEL-07-12,DependencyID,SCA011-E067,DEP-07-12-019
SCA011-E067,DEP-07-12-019,DEL-07-12,EvidenceFile,execution/_Coordination/_PROPOSALS/R5_R6_FOLLOWUP_2026-09-22/PIPING_OWNERSHIP_PROPOSAL.md,execution/PKG-07_Graphical User Interface and Engineering Workflow/1_Working/DEL-07-12_Interoperability and evidence-review workspace/ScopeOfWork.md
SCA011-E067,DEP-07-12-019,DEL-07-12,SourceRef,P-OWN-05; dependency table DEL-07-12,execution/PKG-07_Graphical User Interface and Engineering Workflow/1_Working/DEL-07-12_Interoperability and evidence-review workspace/ScopeOfWork.md # Governing Values and Decisions
SCA011-E067,DEP-07-12-019,DEL-07-12,EvidenceQuote,,"handoff/local-FEA/external-prover boundary panels; adapter-framework, headless-runner and export-adapter SDK review panels; validation-evidence review."
SCA011-E067,DEP-07-12-019,DEL-07-12,Notes,"PROPOSAL: SourceRef supports the extracted relation; Statement is an agent synthesis, not a quotation. SCA-011 group-2 graph candidate only; ACTIVE describes the proposed relation, not graph adoption. Required maturity is a proposed contract-review gate; actual target maturity and conformance are not inferred from existing code. ","PROPOSAL: SourceRef supports the extracted relation; Statement is an agent synthesis, not a quotation. SCA-011 group-2 graph candidate only; ACTIVE describes the proposed relation, not graph adoption. Required maturity is a proposed contract-review gate; actual target maturity and conformance are not inferred from existing code. ; SCA011OriginalDependencyID=SCA011-E067; original_evidence_file=execution/_Coordination/_PROPOSALS/R5_R6_FOLLOWUP_2026-09-22/PIPING_OWNERSHIP_PROPOSAL.md; original_source_ref=P-OWN-05; dependency table DEL-07-12; metadata_repair=SCA-011/application/dependencies/CORRECTNESS_REPAIR.md"
SCA011-E068,DEP-07-12-020,DEL-07-12,DependencyID,SCA011-E068,DEP-07-12-020
SCA011-E068,DEP-07-12-020,DEL-07-12,EvidenceFile,execution/_Coordination/_PROPOSALS/R5_R6_FOLLOWUP_2026-09-22/PIPING_OWNERSHIP_PROPOSAL.md,execution/PKG-07_Graphical User Interface and Engineering Workflow/1_Working/DEL-07-12_Interoperability and evidence-review workspace/ScopeOfWork.md
SCA011-E068,DEP-07-12-020,DEL-07-12,SourceRef,P-OWN-05; dependency table DEL-07-12,execution/PKG-07_Graphical User Interface and Engineering Workflow/1_Working/DEL-07-12_Interoperability and evidence-review workspace/ScopeOfWork.md # Governing Values and Decisions
SCA011-E068,DEP-07-12-020,DEL-07-12,EvidenceQuote,,"handoff/local-FEA/external-prover boundary panels; adapter-framework, headless-runner and export-adapter SDK review panels; validation-evidence review."
SCA011-E068,DEP-07-12-020,DEL-07-12,Notes,"PROPOSAL: SourceRef supports the extracted relation; Statement is an agent synthesis, not a quotation. SCA-011 group-2 graph candidate only; ACTIVE describes the proposed relation, not graph adoption. Required maturity is a proposed contract-review gate; actual target maturity and conformance are not inferred from existing code. ","PROPOSAL: SourceRef supports the extracted relation; Statement is an agent synthesis, not a quotation. SCA-011 group-2 graph candidate only; ACTIVE describes the proposed relation, not graph adoption. Required maturity is a proposed contract-review gate; actual target maturity and conformance are not inferred from existing code. ; SCA011OriginalDependencyID=SCA011-E068; original_evidence_file=execution/_Coordination/_PROPOSALS/R5_R6_FOLLOWUP_2026-09-22/PIPING_OWNERSHIP_PROPOSAL.md; original_source_ref=P-OWN-05; dependency table DEL-07-12; metadata_repair=SCA-011/application/dependencies/CORRECTNESS_REPAIR.md"
SCA011-E069,DEP-07-12-021,DEL-07-12,DependencyID,SCA011-E069,DEP-07-12-021
SCA011-E069,DEP-07-12-021,DEL-07-12,EvidenceFile,execution/_Coordination/_PROPOSALS/R5_R6_FOLLOWUP_2026-09-22/PIPING_OWNERSHIP_PROPOSAL.md,execution/PKG-07_Graphical User Interface and Engineering Workflow/1_Working/DEL-07-12_Interoperability and evidence-review workspace/ScopeOfWork.md
SCA011-E069,DEP-07-12-021,DEL-07-12,SourceRef,P-OWN-05; dependency table DEL-07-12,execution/PKG-07_Graphical User Interface and Engineering Workflow/1_Working/DEL-07-12_Interoperability and evidence-review workspace/ScopeOfWork.md # Governing Values and Decisions
SCA011-E069,DEP-07-12-021,DEL-07-12,EvidenceQuote,,"handoff/local-FEA/external-prover boundary panels; adapter-framework, headless-runner and export-adapter SDK review panels; validation-evidence review."
SCA011-E069,DEP-07-12-021,DEL-07-12,Notes,"PROPOSAL: SourceRef supports the extracted relation; Statement is an agent synthesis, not a quotation. SCA-011 group-2 graph candidate only; ACTIVE describes the proposed relation, not graph adoption. Required maturity is a proposed contract-review gate; actual target maturity and conformance are not inferred from existing code. ","PROPOSAL: SourceRef supports the extracted relation; Statement is an agent synthesis, not a quotation. SCA-011 group-2 graph candidate only; ACTIVE describes the proposed relation, not graph adoption. Required maturity is a proposed contract-review gate; actual target maturity and conformance are not inferred from existing code. ; SCA011OriginalDependencyID=SCA011-E069; original_evidence_file=execution/_Coordination/_PROPOSALS/R5_R6_FOLLOWUP_2026-09-22/PIPING_OWNERSHIP_PROPOSAL.md; original_source_ref=P-OWN-05; dependency table DEL-07-12; metadata_repair=SCA-011/application/dependencies/CORRECTNESS_REPAIR.md"
SCA011-E070,DEP-07-12-022,DEL-07-12,DependencyID,SCA011-E070,DEP-07-12-022
SCA011-E070,DEP-07-12-022,DEL-07-12,EvidenceFile,execution/_Coordination/_PROPOSALS/R5_R6_FOLLOWUP_2026-09-22/PIPING_OWNERSHIP_PROPOSAL.md,execution/PKG-07_Graphical User Interface and Engineering Workflow/1_Working/DEL-07-12_Interoperability and evidence-review workspace/ScopeOfWork.md
SCA011-E070,DEP-07-12-022,DEL-07-12,SourceRef,P-OWN-05; dependency table DEL-07-12,execution/PKG-07_Graphical User Interface and Engineering Workflow/1_Working/DEL-07-12_Interoperability and evidence-review workspace/ScopeOfWork.md # Governing Values and Decisions
SCA011-E070,DEP-07-12-022,DEL-07-12,EvidenceQuote,,"handoff/local-FEA/external-prover boundary panels; adapter-framework, headless-runner and export-adapter SDK review panels; validation-evidence review."
SCA011-E070,DEP-07-12-022,DEL-07-12,Notes,"PROPOSAL: SourceRef supports the extracted relation; Statement is an agent synthesis, not a quotation. SCA-011 group-2 graph candidate only; ACTIVE describes the proposed relation, not graph adoption. Required maturity is a proposed contract-review gate; actual target maturity and conformance are not inferred from existing code. ","PROPOSAL: SourceRef supports the extracted relation; Statement is an agent synthesis, not a quotation. SCA-011 group-2 graph candidate only; ACTIVE describes the proposed relation, not graph adoption. Required maturity is a proposed contract-review gate; actual target maturity and conformance are not inferred from existing code. ; SCA011OriginalDependencyID=SCA011-E070; original_evidence_file=execution/_Coordination/_PROPOSALS/R5_R6_FOLLOWUP_2026-09-22/PIPING_OWNERSHIP_PROPOSAL.md; original_source_ref=P-OWN-05; dependency table DEL-07-12; metadata_repair=SCA-011/application/dependencies/CORRECTNESS_REPAIR.md"
SCA011-E071,DEP-07-12-023,DEL-07-12,DependencyID,SCA011-E071,DEP-07-12-023
SCA011-E071,DEP-07-12-023,DEL-07-12,EvidenceFile,execution/_Coordination/_PROPOSALS/R5_R6_FOLLOWUP_2026-09-22/PIPING_OWNERSHIP_PROPOSAL.md,execution/PKG-07_Graphical User Interface and Engineering Workflow/1_Working/DEL-07-12_Interoperability and evidence-review workspace/ScopeOfWork.md
SCA011-E071,DEP-07-12-023,DEL-07-12,SourceRef,P-OWN-05; dependency table DEL-07-12,execution/PKG-07_Graphical User Interface and Engineering Workflow/1_Working/DEL-07-12_Interoperability and evidence-review workspace/ScopeOfWork.md # CLM-004
SCA011-E071,DEP-07-12-023,DEL-07-12,EvidenceQuote,,"Use only explicit authorized handoff paths under protected-data controls, including native-host evidence where applicable."
SCA011-E071,DEP-07-12-023,DEL-07-12,Notes,"PROPOSAL: SourceRef supports the extracted relation; Statement is an agent synthesis, not a quotation. SCA-011 group-2 graph candidate only; ACTIVE describes the proposed relation, not graph adoption. Required maturity is a proposed contract-review gate; actual target maturity and conformance are not inferred from existing code. ","PROPOSAL: SourceRef supports the extracted relation; Statement is an agent synthesis, not a quotation. SCA-011 group-2 graph candidate only; ACTIVE describes the proposed relation, not graph adoption. Required maturity is a proposed contract-review gate; actual target maturity and conformance are not inferred from existing code. ; SCA011OriginalDependencyID=SCA011-E071; original_evidence_file=execution/_Coordination/_PROPOSALS/R5_R6_FOLLOWUP_2026-09-22/PIPING_OWNERSHIP_PROPOSAL.md; original_source_ref=P-OWN-05; dependency table DEL-07-12; metadata_repair=SCA-011/application/dependencies/CORRECTNESS_REPAIR.md"
SCA011-E072,DEP-07-12-024,DEL-07-12,DependencyID,SCA011-E072,DEP-07-12-024
SCA011-E072,DEP-07-12-024,DEL-07-12,EvidenceFile,execution/_Coordination/_PROPOSALS/R5_R6_FOLLOWUP_2026-09-22/PIPING_OWNERSHIP_PROPOSAL.md,execution/PKG-07_Graphical User Interface and Engineering Workflow/1_Working/DEL-07-12_Interoperability and evidence-review workspace/ScopeOfWork.md
SCA011-E072,DEP-07-12-024,DEL-07-12,SourceRef,P-OWN-05; dependency table DEL-07-12,execution/PKG-07_Graphical User Interface and Engineering Workflow/1_Working/DEL-07-12_Interoperability and evidence-review workspace/ScopeOfWork.md # CLM-001
SCA011-E072,DEP-07-12-024,DEL-07-12,EvidenceQuote,,validate against the owning contract before presenting a record as actual current product output.
SCA011-E072,DEP-07-12-024,DEL-07-12,Notes,"PROPOSAL: SourceRef supports the extracted relation; Statement is an agent synthesis, not a quotation. SCA-011 group-2 graph candidate only; ACTIVE describes the proposed relation, not graph adoption. Required maturity is a proposed contract-review gate; actual target maturity and conformance are not inferred from existing code. Architecture consistency input; no PKG-00 lifecycle promotion.","PROPOSAL: SourceRef supports the extracted relation; Statement is an agent synthesis, not a quotation. SCA-011 group-2 graph candidate only; ACTIVE describes the proposed relation, not graph adoption. Required maturity is a proposed contract-review gate; actual target maturity and conformance are not inferred from existing code. Architecture consistency input; no PKG-00 lifecycle promotion.; SCA011OriginalDependencyID=SCA011-E072; original_evidence_file=execution/_Coordination/_PROPOSALS/R5_R6_FOLLOWUP_2026-09-22/PIPING_OWNERSHIP_PROPOSAL.md; original_source_ref=P-OWN-05; dependency table DEL-07-12; metadata_repair=SCA-011/application/dependencies/CORRECTNESS_REPAIR.md"
SCA011-E073,DEP-07-12-025,DEL-07-12,DependencyID,SCA011-E073,DEP-07-12-025
SCA011-E073,DEP-07-12-025,DEL-07-12,EvidenceFile,execution/_Coordination/_PROPOSALS/R5_R6_FOLLOWUP_2026-09-22/PIPING_OWNERSHIP_PROPOSAL.md,execution/PKG-07_Graphical User Interface and Engineering Workflow/1_Working/DEL-07-12_Interoperability and evidence-review workspace/ScopeOfWork.md
SCA011-E073,DEP-07-12-025,DEL-07-12,SourceRef,P-OWN-05; dependency table DEL-07-12,execution/PKG-07_Graphical User Interface and Engineering Workflow/1_Working/DEL-07-12_Interoperability and evidence-review workspace/ScopeOfWork.md # CLM-002
SCA011-E073,DEP-07-12-025,DEL-07-12,EvidenceQuote,,"Preserve diagnostic, unit, provenance, loss and unsupported-behavior information through presentation and explicit export dispatch."
SCA011-E073,DEP-07-12-025,DEL-07-12,Notes,"PROPOSAL: SourceRef supports the extracted relation; Statement is an agent synthesis, not a quotation. SCA-011 group-2 graph candidate only; ACTIVE describes the proposed relation, not graph adoption. Required maturity is a proposed contract-review gate; actual target maturity and conformance are not inferred from existing code. Architecture consistency input; no PKG-00 lifecycle promotion.","PROPOSAL: SourceRef supports the extracted relation; Statement is an agent synthesis, not a quotation. SCA-011 group-2 graph candidate only; ACTIVE describes the proposed relation, not graph adoption. Required maturity is a proposed contract-review gate; actual target maturity and conformance are not inferred from existing code. Architecture consistency input; no PKG-00 lifecycle promotion.; SCA011OriginalDependencyID=SCA011-E073; original_evidence_file=execution/_Coordination/_PROPOSALS/R5_R6_FOLLOWUP_2026-09-22/PIPING_OWNERSHIP_PROPOSAL.md; original_source_ref=P-OWN-05; dependency table DEL-07-12; metadata_repair=SCA-011/application/dependencies/CORRECTNESS_REPAIR.md"
SCA011-E074,DEP-07-12-026,DEL-07-12,DependencyID,SCA011-E074,DEP-07-12-026
SCA011-E074,DEP-07-12-026,DEL-07-12,EvidenceFile,execution/_Coordination/_PROPOSALS/R5_R6_FOLLOWUP_2026-09-22/PIPING_OWNERSHIP_PROPOSAL.md,execution/PKG-07_Graphical User Interface and Engineering Workflow/1_Working/DEL-07-12_Interoperability and evidence-review workspace/ScopeOfWork.md
SCA011-E074,DEP-07-12-026,DEL-07-12,SourceRef,P-OWN-05; dependency table DEL-07-12,execution/PKG-07_Graphical User Interface and Engineering Workflow/1_Working/DEL-07-12_Interoperability and evidence-review workspace/ScopeOfWork.md # CLM-004
SCA011-E074,DEP-07-12-026,DEL-07-12,EvidenceQuote,,"Use only explicit authorized handoff paths under protected-data controls, including native-host evidence where applicable."
SCA011-E074,DEP-07-12-026,DEL-07-12,Notes,"PROPOSAL: SourceRef supports the extracted relation; Statement is an agent synthesis, not a quotation. SCA-011 group-2 graph candidate only; ACTIVE describes the proposed relation, not graph adoption. Required maturity is a proposed contract-review gate; actual target maturity and conformance are not inferred from existing code. Architecture consistency input; no PKG-00 lifecycle promotion.","PROPOSAL: SourceRef supports the extracted relation; Statement is an agent synthesis, not a quotation. SCA-011 group-2 graph candidate only; ACTIVE describes the proposed relation, not graph adoption. Required maturity is a proposed contract-review gate; actual target maturity and conformance are not inferred from existing code. Architecture consistency input; no PKG-00 lifecycle promotion.; SCA011OriginalDependencyID=SCA011-E074; original_evidence_file=execution/_Coordination/_PROPOSALS/R5_R6_FOLLOWUP_2026-09-22/PIPING_OWNERSHIP_PROPOSAL.md; original_source_ref=P-OWN-05; dependency table DEL-07-12; metadata_repair=SCA-011/application/dependencies/CORRECTNESS_REPAIR.md"
SCA011-E075,DEP-07-01-001,DEL-07-01,DependencyID,SCA011-E075,DEP-07-01-001
SCA011-E075,DEP-07-01-001,DEL-07-01,EvidenceFile,execution/_Coordination/_PROPOSALS/R5_R6_FOLLOWUP_2026-09-22/PIPING_OWNERSHIP_PROPOSAL.md,execution/PKG-07_Graphical User Interface and Engineering Workflow/1_Working/DEL-07-01_3D viewport and centerline editor/ScopeOfWork.md
SCA011-E075,DEP-07-01-001,DEL-07-01,SourceRef,P-OWN-04; dependency table palette implementation,execution/PKG-07_Graphical User Interface and Engineering Workflow/1_Working/DEL-07-01_3D viewport and centerline editor/ScopeOfWork.md # CLM-033
SCA011-E075,DEP-07-01-001,DEL-07-01,EvidenceQuote,,"Commands use the PKG-16 seam, whose application owner is DEL-16-06"
SCA011-E075,DEP-07-01-001,DEL-07-01,Notes,"PROPOSAL: SourceRef supports the extracted relation; Statement is an agent synthesis, not a quotation. SCA-011 group-2 graph candidate only; ACTIVE describes the proposed relation, not graph adoption. Required maturity is a proposed contract-review gate; actual target maturity and conformance are not inferred from existing code. ","PROPOSAL: SourceRef supports the extracted relation; Statement is an agent synthesis, not a quotation. SCA-011 group-2 graph candidate only; ACTIVE describes the proposed relation, not graph adoption. Required maturity is a proposed contract-review gate; actual target maturity and conformance are not inferred from existing code. ; SCA011OriginalDependencyID=SCA011-E075; original_evidence_file=execution/_Coordination/_PROPOSALS/R5_R6_FOLLOWUP_2026-09-22/PIPING_OWNERSHIP_PROPOSAL.md; original_source_ref=P-OWN-04; dependency table palette implementation; metadata_repair=SCA-011/application/dependencies/CORRECTNESS_REPAIR.md"
SCA011-E076,DEP-07-03-001,DEL-07-03,DependencyID,SCA011-E076,DEP-07-03-001
SCA011-E076,DEP-07-03-001,DEL-07-03,EvidenceFile,execution/_Coordination/_PROPOSALS/R5_R6_FOLLOWUP_2026-09-22/PIPING_OWNERSHIP_PROPOSAL.md,"execution/PKG-07_Graphical User Interface and Engineering Workflow/1_Working/DEL-07-03_Material, component, and rule-pack editors/ScopeOfWork.md"
SCA011-E076,DEP-07-03-001,DEL-07-03,SourceRef,P-OWN-04; dependency table load/self-weight UI,"execution/PKG-07_Graphical User Interface and Engineering Workflow/1_Working/DEL-07-03_Material, component, and rule-pack editors/ScopeOfWork.md # VER-002"
SCA011-E076,DEP-07-03-001,DEL-07-03,EvidenceQuote,,"distinguish DEL-05-01 generation, DEL-03-08 mass and DEL-04-07 integration."
SCA011-E076,DEP-07-03-001,DEL-07-03,Notes,"PROPOSAL: SourceRef supports the extracted relation; Statement is an agent synthesis, not a quotation. SCA-011 group-2 graph candidate only; ACTIVE describes the proposed relation, not graph adoption. Required maturity is a proposed contract-review gate; actual target maturity and conformance are not inferred from existing code. ","PROPOSAL: SourceRef supports the extracted relation; Statement is an agent synthesis, not a quotation. SCA-011 group-2 graph candidate only; ACTIVE describes the proposed relation, not graph adoption. Required maturity is a proposed contract-review gate; actual target maturity and conformance are not inferred from existing code. ; SCA011OriginalDependencyID=SCA011-E076; original_evidence_file=execution/_Coordination/_PROPOSALS/R5_R6_FOLLOWUP_2026-09-22/PIPING_OWNERSHIP_PROPOSAL.md; original_source_ref=P-OWN-04; dependency table load/self-weight UI; metadata_repair=SCA-011/application/dependencies/CORRECTNESS_REPAIR.md"
SCA011-E077,DEP-07-03-002,DEL-07-03,DependencyID,SCA011-E077,DEP-07-03-002
SCA011-E077,DEP-07-03-002,DEL-07-03,EvidenceFile,execution/_Coordination/_PROPOSALS/R5_R6_FOLLOWUP_2026-09-22/PIPING_OWNERSHIP_PROPOSAL.md,"execution/PKG-07_Graphical User Interface and Engineering Workflow/1_Working/DEL-07-03_Material, component, and rule-pack editors/ScopeOfWork.md"
SCA011-E077,DEP-07-03-002,DEL-07-03,SourceRef,P-OWN-04; dependency table load/self-weight UI,"execution/PKG-07_Graphical User Interface and Engineering Workflow/1_Working/DEL-07-03_Material, component, and rule-pack editors/ScopeOfWork.md # CLM-042"
SCA011-E077,DEP-07-03-002,DEL-07-03,EvidenceQuote,,"Own load-case/combination editing, self-weight-plan interaction and material/section/component/library editors through PKG-16."
SCA011-E077,DEP-07-03-002,DEL-07-03,Notes,"PROPOSAL: SourceRef supports the extracted relation; Statement is an agent synthesis, not a quotation. SCA-011 group-2 graph candidate only; ACTIVE describes the proposed relation, not graph adoption. Required maturity is a proposed contract-review gate; actual target maturity and conformance are not inferred from existing code. ","PROPOSAL: SourceRef supports the extracted relation; Statement is an agent synthesis, not a quotation. SCA-011 group-2 graph candidate only; ACTIVE describes the proposed relation, not graph adoption. Required maturity is a proposed contract-review gate; actual target maturity and conformance are not inferred from existing code. ; SCA011OriginalDependencyID=SCA011-E077; original_evidence_file=execution/_Coordination/_PROPOSALS/R5_R6_FOLLOWUP_2026-09-22/PIPING_OWNERSHIP_PROPOSAL.md; original_source_ref=P-OWN-04; dependency table load/self-weight UI; metadata_repair=SCA-011/application/dependencies/CORRECTNESS_REPAIR.md"
SCA011-E078,DEP-07-03-003,DEL-07-03,DependencyID,SCA011-E078,DEP-07-03-003
SCA011-E078,DEP-07-03-003,DEL-07-03,EvidenceFile,execution/_Coordination/_PROPOSALS/R5_R6_FOLLOWUP_2026-09-22/PIPING_OWNERSHIP_PROPOSAL.md,"execution/PKG-07_Graphical User Interface and Engineering Workflow/1_Working/DEL-07-03_Material, component, and rule-pack editors/ScopeOfWork.md"
SCA011-E078,DEP-07-03-003,DEL-07-03,SourceRef,P-OWN-04; dependency table load/self-weight UI,"execution/PKG-07_Graphical User Interface and Engineering Workflow/1_Working/DEL-07-03_Material, component, and rule-pack editors/ScopeOfWork.md # CLM-042"
SCA011-E078,DEP-07-03-003,DEL-07-03,EvidenceQuote,,"Own load-case/combination editing, self-weight-plan interaction and material/section/component/library editors through PKG-16."
SCA011-E078,DEP-07-03-003,DEL-07-03,Notes,"PROPOSAL: SourceRef supports the extracted relation; Statement is an agent synthesis, not a quotation. SCA-011 group-2 graph candidate only; ACTIVE describes the proposed relation, not graph adoption. Required maturity is a proposed contract-review gate; actual target maturity and conformance are not inferred from existing code. ","PROPOSAL: SourceRef supports the extracted relation; Statement is an agent synthesis, not a quotation. SCA-011 group-2 graph candidate only; ACTIVE describes the proposed relation, not graph adoption. Required maturity is a proposed contract-review gate; actual target maturity and conformance are not inferred from existing code. ; SCA011OriginalDependencyID=SCA011-E078; original_evidence_file=execution/_Coordination/_PROPOSALS/R5_R6_FOLLOWUP_2026-09-22/PIPING_OWNERSHIP_PROPOSAL.md; original_source_ref=P-OWN-04; dependency table load/self-weight UI; metadata_repair=SCA-011/application/dependencies/CORRECTNESS_REPAIR.md"
SCA011-E079,DEP-07-04-001,DEL-07-04,DependencyID,SCA011-E079,DEP-07-04-001
SCA011-E079,DEP-07-04-001,DEL-07-04,EvidenceFile,execution/_Coordination/_PROPOSALS/R5_R6_FOLLOWUP_2026-09-22/PIPING_OWNERSHIP_PROPOSAL.md,execution/PKG-07_Graphical User Interface and Engineering Workflow/1_Working/DEL-07-04_Missing-data warning and blocking UX/ScopeOfWork.md
SCA011-E079,DEP-07-04-001,DEL-07-04,SourceRef,P-OWN-06; dependency table rule-check UI,execution/PKG-07_Graphical User Interface and Engineering Workflow/1_Working/DEL-07-04_Missing-data warning and blocking UX/ScopeOfWork.md # CLM-033
SCA011-E079,DEP-07-04-001,DEL-07-04,EvidenceQuote,,"PKG-06 retains rule semantics/runner APIs, DEL-05-04 status semantics and DEL-02-02 units."
SCA011-E079,DEP-07-04-001,DEL-07-04,Notes,"PROPOSAL: SourceRef supports the extracted relation; Statement is an agent synthesis, not a quotation. SCA-011 group-2 graph candidate only; ACTIVE describes the proposed relation, not graph adoption. Required maturity is a proposed contract-review gate; actual target maturity and conformance are not inferred from existing code. ","PROPOSAL: SourceRef supports the extracted relation; Statement is an agent synthesis, not a quotation. SCA-011 group-2 graph candidate only; ACTIVE describes the proposed relation, not graph adoption. Required maturity is a proposed contract-review gate; actual target maturity and conformance are not inferred from existing code. ; SCA011OriginalDependencyID=SCA011-E079; original_evidence_file=execution/_Coordination/_PROPOSALS/R5_R6_FOLLOWUP_2026-09-22/PIPING_OWNERSHIP_PROPOSAL.md; original_source_ref=P-OWN-06; dependency table rule-check UI; metadata_repair=SCA-011/application/dependencies/CORRECTNESS_REPAIR.md"
SCA011-E080,DEP-07-04-002,DEL-07-04,DependencyID,SCA011-E080,DEP-07-04-002
SCA011-E080,DEP-07-04-002,DEL-07-04,EvidenceFile,execution/_Coordination/_PROPOSALS/R5_R6_FOLLOWUP_2026-09-22/PIPING_OWNERSHIP_PROPOSAL.md,execution/PKG-07_Graphical User Interface and Engineering Workflow/1_Working/DEL-07-04_Missing-data warning and blocking UX/ScopeOfWork.md
SCA011-E080,DEP-07-04-002,DEL-07-04,SourceRef,P-OWN-06; dependency table rule-check UI,execution/PKG-07_Graphical User Interface and Engineering Workflow/1_Working/DEL-07-04_Missing-data warning and blocking UX/ScopeOfWork.md # CLM-033
SCA011-E080,DEP-07-04-002,DEL-07-04,EvidenceQuote,,"PKG-06 retains rule semantics/runner APIs, DEL-05-04 status semantics and DEL-02-02 units."
SCA011-E080,DEP-07-04-002,DEL-07-04,Notes,"PROPOSAL: SourceRef supports the extracted relation; Statement is an agent synthesis, not a quotation. SCA-011 group-2 graph candidate only; ACTIVE describes the proposed relation, not graph adoption. Required maturity is a proposed contract-review gate; actual target maturity and conformance are not inferred from existing code. ","PROPOSAL: SourceRef supports the extracted relation; Statement is an agent synthesis, not a quotation. SCA-011 group-2 graph candidate only; ACTIVE describes the proposed relation, not graph adoption. Required maturity is a proposed contract-review gate; actual target maturity and conformance are not inferred from existing code. ; SCA011OriginalDependencyID=SCA011-E080; original_evidence_file=execution/_Coordination/_PROPOSALS/R5_R6_FOLLOWUP_2026-09-22/PIPING_OWNERSHIP_PROPOSAL.md; original_source_ref=P-OWN-06; dependency table rule-check UI; metadata_repair=SCA-011/application/dependencies/CORRECTNESS_REPAIR.md"
SCA011-E081,DEP-07-08-001,DEL-07-08,DependencyID,SCA011-E081,DEP-07-08-001
SCA011-E081,DEP-07-08-001,DEL-07-08,EvidenceFile,execution/_Coordination/_PROPOSALS/R5_R6_FOLLOWUP_2026-09-22/PIPING_OWNERSHIP_PROPOSAL.md,execution/PKG-07_Graphical User Interface and Engineering Workflow/1_Working/DEL-07-08_Design-authoring state and comparison workspace/ScopeOfWork.md
SCA011-E081,DEP-07-08-001,DEL-07-08,SourceRef,P-OWN-03/06; dependency table operations/comparison,execution/PKG-07_Graphical User Interface and Engineering Workflow/1_Working/DEL-07-08_Design-authoring state and comparison workspace/ScopeOfWork.md # CLM-030
SCA011-E081,DEP-07-08-001,DEL-07-08,EvidenceQuote,,"DEL-16-06 execution, and DEL-14-05 the common comparison interface."
SCA011-E081,DEP-07-08-001,DEL-07-08,Notes,"PROPOSAL: SourceRef supports the extracted relation; Statement is an agent synthesis, not a quotation. SCA-011 group-2 graph candidate only; ACTIVE describes the proposed relation, not graph adoption. Required maturity is a proposed contract-review gate; actual target maturity and conformance are not inferred from existing code. ","PROPOSAL: SourceRef supports the extracted relation; Statement is an agent synthesis, not a quotation. SCA-011 group-2 graph candidate only; ACTIVE describes the proposed relation, not graph adoption. Required maturity is a proposed contract-review gate; actual target maturity and conformance are not inferred from existing code. ; SCA011OriginalDependencyID=SCA011-E081; original_evidence_file=execution/_Coordination/_PROPOSALS/R5_R6_FOLLOWUP_2026-09-22/PIPING_OWNERSHIP_PROPOSAL.md; original_source_ref=P-OWN-03/06; dependency table operations/comparison; metadata_repair=SCA-011/application/dependencies/CORRECTNESS_REPAIR.md"
SCA011-E082,DEP-07-01-002,DEL-07-01,DependencyID,SCA011-E082,DEP-07-01-002
SCA011-E082,DEP-07-01-002,DEL-07-01,EvidenceFile,execution/_ScopeChange/SCA-011_2026-09-22_OWNERSHIP/dependencies/staged-contracts/PALETTE_ORGANIZATION.md,execution/PKG-07_Graphical User Interface and Engineering Workflow/1_Working/DEL-07-01_3D viewport and centerline editor/ScopeOfWork.md
SCA011-E082,DEP-07-01-002,DEL-07-01,SourceRef,Contract stages and readiness / negative witnesses,execution/PKG-07_Graphical User Interface and Engineering Workflow/1_Working/DEL-07-01_3D viewport and centerline editor/ScopeOfWork.md # CLM-033
SCA011-E082,DEP-07-01-002,DEL-07-01,EvidenceQuote,,Own palette rendering and routing under DEL-07-09 vocabulary coverage and single organization contract
SCA011-E082,DEP-07-01-002,DEL-07-01,Notes,"PROPOSAL: SourceRef supports the extracted relation; Statement is an agent synthesis, not a quotation. SCA-011 group-2 graph candidate only; ACTIVE describes the proposed relation, not graph adoption. Required maturity is a proposed contract-review gate; actual target maturity and conformance are not inferred from existing code. Contract owner=DEL-07-09; consumer_stage=DEL-07-01::palette-implementation; producer_stage=DEL-07-09::organization-contract. DAG-010-DEL-07-09-E002/E003 retained; reverse deliverable prerequisite prohibited. OPEN: Name and review the organization-contract artifact separately from its later coverage-assessment record. DERIVED CANDIDATE JUDGMENT: stage interpretation is proposed and must be reviewed; the candidate artifact exists but is not adopted normative schema or satisfied evidence.","PROPOSAL: SourceRef supports the extracted relation; Statement is an agent synthesis, not a quotation. SCA-011 group-2 graph candidate only; ACTIVE describes the proposed relation, not graph adoption. Required maturity is a proposed contract-review gate; actual target maturity and conformance are not inferred from existing code. Contract owner=DEL-07-09; consumer_stage=DEL-07-01::palette-implementation; producer_stage=DEL-07-09::organization-contract. DAG-010-DEL-07-09-E002/E003 retained; reverse deliverable prerequisite prohibited. OPEN: Name and review the organization-contract artifact separately from its later coverage-assessment record. DERIVED CANDIDATE JUDGMENT: stage interpretation is proposed and must be reviewed; the candidate artifact exists but is not adopted normative schema or satisfied evidence.; SCA011OriginalDependencyID=SCA011-E082; original_evidence_file=execution/_ScopeChange/SCA-011_2026-09-22_OWNERSHIP/dependencies/staged-contracts/PALETTE_ORGANIZATION.md; original_source_ref=Contract stages and readiness / negative witnesses; metadata_repair=SCA-011/application/dependencies/CORRECTNESS_REPAIR.md"
SCA011-E083,DEP-08-04-001,DEL-08-04,DependencyID,SCA011-E083,DEP-08-04-001
SCA011-E083,DEP-08-04-001,DEL-08-04,EvidenceFile,execution/_ScopeChange/SCA-011_2026-09-22_OWNERSHIP/dependencies/staged-contracts/COMPARISON_EXPORT.md,"execution/PKG-08_Reporting, Audit, and Reproducibility/1_Working/DEL-08-04_Result export format/ScopeOfWork.md"
SCA011-E083,DEP-08-04-001,DEL-08-04,SourceRef,Contract stages and readiness / negative witnesses,"execution/PKG-08_Reporting, Audit, and Reproducibility/1_Working/DEL-08-04_Result export format/ScopeOfWork.md # DEL-08-04-SCA011-REQ-001"
SCA011-E083,DEP-08-04-001,DEL-08-04,EvidenceQuote,,Consumes and maps the DEL-14-05 common comparison-result/export interface into general result exports;
SCA011-E083,DEP-08-04-001,DEL-08-04,Notes,"PROPOSAL: SourceRef supports the extracted relation; Statement is an agent synthesis, not a quotation. SCA-011 group-2 graph candidate only; ACTIVE describes the proposed relation, not graph adoption. Required maturity is a proposed contract-review gate; actual target maturity and conformance are not inferred from existing code. Contract owner=DEL-14-05; consumer_stage=DEL-08-04::comparison-export-mapping; producer_stage=DEL-14-05::comparison-contract. DAG-002-E0790 retained; DEL-08-04 base envelope precedes comparison schema, which precedes comparison export mapping. OPEN: Name and review a versioned comparison schema and identify the base-envelope version it imports; fixture payloads are not authoritative. DERIVED CANDIDATE JUDGMENT: stage interpretation is proposed and must be reviewed; the candidate artifact exists but is not adopted normative schema or satisfied evidence.","PROPOSAL: SourceRef supports the extracted relation; Statement is an agent synthesis, not a quotation. SCA-011 group-2 graph candidate only; ACTIVE describes the proposed relation, not graph adoption. Required maturity is a proposed contract-review gate; actual target maturity and conformance are not inferred from existing code. Contract owner=DEL-14-05; consumer_stage=DEL-08-04::comparison-export-mapping; producer_stage=DEL-14-05::comparison-contract. DAG-002-E0790 retained; DEL-08-04 base envelope precedes comparison schema, which precedes comparison export mapping. OPEN: Name and review a versioned comparison schema and identify the base-envelope version it imports; fixture payloads are not authoritative. DERIVED CANDIDATE JUDGMENT: stage interpretation is proposed and must be reviewed; the candidate artifact exists but is not adopted normative schema or satisfied evidence.; SCA011OriginalDependencyID=SCA011-E083; original_evidence_file=execution/_ScopeChange/SCA-011_2026-09-22_OWNERSHIP/dependencies/staged-contracts/COMPARISON_EXPORT.md; original_source_ref=Contract stages and readiness / negative witnesses; metadata_repair=SCA-011/application/dependencies/CORRECTNESS_REPAIR.md"
SCA011-E084,DEP-16-03-001,DEL-16-03,DependencyID,SCA011-E084,DEP-16-03-001
SCA011-E084,DEP-16-03-001,DEL-16-03,EvidenceFile,execution/_ScopeChange/SCA-011_2026-09-22_OWNERSHIP/dependencies/staged-contracts/APPLICATION_OUTCOME.md,execution/PKG-16_Model Operation and Agent Proposal Framework/1_Working/DEL-16-03_User acceptance and operation audit trail/ScopeOfWork.md
SCA011-E084,DEP-16-03-001,DEL-16-03,SourceRef,Contract stages and readiness / negative witnesses,execution/PKG-16_Model Operation and Agent Proposal Framework/1_Working/DEL-16-03_User acceptance and operation audit trail/ScopeOfWork.md # CLM-029
SCA011-E084,DEP-16-03-001,DEL-16-03,EvidenceQuote,,DEL-16-06 owns controlled application and returns actual outcomes;
SCA011-E084,DEP-16-03-001,DEL-16-03,Notes,"PROPOSAL: SourceRef supports the extracted relation; Statement is an agent synthesis, not a quotation. SCA-011 group-2 graph candidate only; ACTIVE describes the proposed relation, not graph adoption. Required maturity is a proposed contract-review gate; actual target maturity and conformance are not inferred from existing code. Contract owner=DEL-16-06; consumer_stage=DEL-16-03::final-audit; producer_stage=DEL-16-06::application. DEL-16-06 to DEL-16-03 means pre-application acceptance only; final outcome returns after application. OPEN: Bind acceptance and outcome record identities/states; validate rejected/stale-basis nonmutation and truthful final outcome linkage. DERIVED CANDIDATE JUDGMENT: stage interpretation is proposed and must be reviewed; the candidate artifact exists but is not adopted normative schema or satisfied evidence.","PROPOSAL: SourceRef supports the extracted relation; Statement is an agent synthesis, not a quotation. SCA-011 group-2 graph candidate only; ACTIVE describes the proposed relation, not graph adoption. Required maturity is a proposed contract-review gate; actual target maturity and conformance are not inferred from existing code. Contract owner=DEL-16-06; consumer_stage=DEL-16-03::final-audit; producer_stage=DEL-16-06::application. DEL-16-06 to DEL-16-03 means pre-application acceptance only; final outcome returns after application. OPEN: Bind acceptance and outcome record identities/states; validate rejected/stale-basis nonmutation and truthful final outcome linkage. DERIVED CANDIDATE JUDGMENT: stage interpretation is proposed and must be reviewed; the candidate artifact exists but is not adopted normative schema or satisfied evidence.; SCA011OriginalDependencyID=SCA011-E084; original_evidence_file=execution/_ScopeChange/SCA-011_2026-09-22_OWNERSHIP/dependencies/staged-contracts/APPLICATION_OUTCOME.md; original_source_ref=Contract stages and readiness / negative witnesses; metadata_repair=SCA-011/application/dependencies/CORRECTNESS_REPAIR.md"
