sha256	bytes	path
51ab4d84c2b88fdde0afe511c09e8a7f83eb3f4f6aaea871f53fcbb2c6767d12	1075	ACTIVATION.md
6e160863fa15d5869c10059c739f93bee96f8c86bc31a68b3b7d0b4638ef1aac	1259	B1_AUTHOR_ACCEPTANCE.md
3a27ea19be1ec932e0e15ee55c872e7b8dd84457c8618fe4da20d7bdb5b33d47	523	B1_VERIFIER_ACCEPTANCE.md
d175a6c9bc8c9cf4c0086004c6104e0640193f4902b6463a3d4b87ee3850ff57	753	CHANGED_PATHS_V2.tsv
da04b231f2dd16d533e3a6f9428cdadee487be6ab47c0e27147d34c23cdf0850	1069	CHECKS.md
8ca01160351b69e373c200225ee4319dba8bad19eda869c1c3fd476ea5dc8ed1	372	CONTAINMENT.md
8899cb5228194674c7b1fac2316ecf81f85c7938144f154bad730caa1e18e937	2516	LAUNCH_BRIEF.md
368beb692dcc746b63ec76842f68f36614d6c1023fa66c45579b31a4d35d1dff	1547	MANAGER_ATTEMPTS.md
8c5b0e71b6b146d336b0cfbcc889066e259d85e54ee8c019f732f9437cd67346	407	MANAGER_VALIDATION.json
15872c1c05dd4781791b577151daa3f3bcd2d4089b530216619fe61cbd20fa9c	2347	MEMBER_RESULTS.tsv
7273aa35fcbf4d517674cb56689198329593d15ff9fb3f0f9bf850ae638ed7f8	1143	PACKAGE_HANDOFF.md
e6a5808c2183f31f112cf225cdf263f9d503f05a5c7d47dbc121a944934c0faa	988	PREFLIGHT_SUMMARY.md
3e8ea77f418afcce4ce8379769101379700bff1897e1f89737cda2f5e0cb2d1d	1303	REBINDING_V2.md
06565b283766e02f97796483998face5503e769a97fc9f366474eddebc028a65	1117	REBOUND_CHECK_RESULTS.md
644c6177e7110e0ab7b9042a2a0ff02f097277623634202ea2586fe42cb6313f	6104	REPLACEMENT_MANIFEST.tsv
ac3b0e14504ea235234e7ff6c007a366bd3b348c606361a7d92ff54a9984fc19	1823	RETURN.md
b649e96495aab1b523c6501e2741cfc3f9c5d4612cdaf90bf5a2f58b44a822ab	6059	ROLLBACK_MANIFEST.tsv
324b9c7d9f6539efa6c34d38f0918f709ab76bfe9366a1880bd0e93344014913	379	RUNTIME_SUMMARY.json
a8dd521c2e5eeb96282f4600eb90930f0dab350dc535aa7368177fdf171bd85a	173	SIMULATION.tsv
088aa06cd0bd6f11dfff1967144649ae6e2acffc5a7ff453423c2c7d68c50cc1	706	STATUS.json
87ecd27050108fdb752658342f7ebf5e38316bfe65c137a91fcc80ac6e23834a	1125	WORK_GRAPH.v1.md
1df6e622551b8a8e23cf7ef53aa3df9632ed8f0a25923e15e47d9e7dfcda789f	617	build_manifest.py
47879040de8d4244a7693a0f075c245d75a4510cf3a73761706aaf3f3b67e051	2893	children/AUTHOR-B1/CANDIDATE_MANIFEST.tsv
536b67d90e7b77ad882efc445f09a19619dca51cb81a62e5366de476b8076f33	631	children/AUTHOR-B1/CONTAINMENT.md
096659d8278052e906f4e3eaf8198cf7d294868fec2a8c87257c5aa3f4dd6bd5	625	children/AUTHOR-B1/CONTEXT_ADHERENCE.md
24bab3c98c8149bb7587d8e2d8088759c573251329dba4f4ba50b648831b790f	622	children/AUTHOR-B1/FAILURE_ATTEMPTS.md
55bf49a661a1bfb28c00760ce8e24d20b81611253d6c1d5ba36b4f0b7a934739	5947	children/AUTHOR-B1/INVERSE_ROWS.tsv
e438e893c46be0fc4c435d0fc5337597fe9c2b99b8c208ded129e56d872dbcba	3522	children/AUTHOR-B1/LAUNCH_BRIEF.md
a943cc42d4e5090a10bc03e1a3b80f90f924d329442051f7f4f597499b3a673d	227623	children/AUTHOR-B1/MANIFEST.tsv
525abd2b0808e4cf3437cbfb63c5ca84ac07e8913681d41c8349a4dbf6568573	926	children/AUTHOR-B1/MECHANICAL_REPAIR.md
3526d3e21b7e2d0f0f2d9283feaf5ed8d0cfa667d2729fb7b56ed26f9219a43f	1217	children/AUTHOR-B1/MEMBER_RESULTS.tsv
c78ac9458f9a76821c5f9c126fa68d96395ad0a53b1e8b62634234150bbd654b	4065	children/AUTHOR-B1/PROGRESS.tsv
391f320c75fbf38fdb9872a7b70c6acd683f8f3b1eefd20e5cd12ef012851aa8	5912	children/AUTHOR-B1/REPLACEMENT_ROWS.tsv
1f5b4a40f5744c80fa7102e78fc022a46dad7c7ac3f81fba3d62111977ce40ba	1609	children/AUTHOR-B1/RETURN.md
1f3e189b0a03f41dea9ab83ed33af66d5eef292dea804e6785c0caa0587c60df	2281	children/AUTHOR-B1/RUNTIME_EVENTS.jsonl
1acfc2515ca48d87de9f38a13be2f2323ad18b7da183b1d9b22018044cd333c8	901	children/AUTHOR-B1/SIMULATIONS.tsv
48b02ee75d180cd3619ea135a4ab3454bb91cb3959f59ae6fef5f7cea9d63b45	623	children/AUTHOR-B1/STATUS.json
800ea2ff9911e7ed261907cf402e44bb629e72e05478ed1dacebe5449a720ce6	375	children/AUTHOR-B1/VERDICTS.tsv
eaf78e5a5275a18add380dd74c649ceedf3a58a209a5b4fcfdd7b986d335e7c4	151	children/AUTHOR-B1/WHOLE_DIFF_HYGIENE.txt
e3b0c44298fc1c149afbf4c8996fb92427ae41e4649b934ca495991b7852b855	0	children/AUTHOR-B1/WHOLE_DIFF_HYGIENE.warnings
420365e731165dc8a3af895c5f78546a832c3c6b0a8197f7164d06a6bed1c211	2568	children/AUTHOR-B1/_run_records/TASK_RUN_2026-07-14_AUTHOR-B1.md
9a271f2a916b0b6ee6cecb2426f0b3206ef074578be55d9bc94f6f3fe3ab86aa	2	children/AUTHOR-B1/dependency-schema-1.exit
e3b0c44298fc1c149afbf4c8996fb92427ae41e4649b934ca495991b7852b855	0	children/AUTHOR-B1/dependency-schema-1.stderr
8d38aa83b004bf97623ba31bdf02a24ca0eeb88b72fead87cf04bcf6eb58ba73	249	children/AUTHOR-B1/dependency-schema-1.stdout
9a271f2a916b0b6ee6cecb2426f0b3206ef074578be55d9bc94f6f3fe3ab86aa	2	children/AUTHOR-B1/dependency-schema-2.exit
e3b0c44298fc1c149afbf4c8996fb92427ae41e4649b934ca495991b7852b855	0	children/AUTHOR-B1/dependency-schema-2.stderr
0855070bc49fa49f8cc0a661087283106cc595e04dc837c9e743da24c8b91a5c	271	children/AUTHOR-B1/dependency-schema-2.stdout
9a271f2a916b0b6ee6cecb2426f0b3206ef074578be55d9bc94f6f3fe3ab86aa	2	children/AUTHOR-B1/dependency-schema-3.exit
e3b0c44298fc1c149afbf4c8996fb92427ae41e4649b934ca495991b7852b855	0	children/AUTHOR-B1/dependency-schema-3.stderr
2ee20e8f53503addbc9502ce21c74c017a5e3ab1c59b454fb313dcbf5d709c76	283	children/AUTHOR-B1/dependency-schema-3.stdout
9a271f2a916b0b6ee6cecb2426f0b3206ef074578be55d9bc94f6f3fe3ab86aa	2	children/AUTHOR-B1/dependency-schema-4.exit
e3b0c44298fc1c149afbf4c8996fb92427ae41e4649b934ca495991b7852b855	0	children/AUTHOR-B1/dependency-schema-4.stderr
584053c954be84265d0585a5cc65c220ffe551864ec4fc27467afb08de15f8dd	265	children/AUTHOR-B1/dependency-schema-4.stdout
9a271f2a916b0b6ee6cecb2426f0b3206ef074578be55d9bc94f6f3fe3ab86aa	2	children/AUTHOR-B1/dependency-schema-5.exit
e3b0c44298fc1c149afbf4c8996fb92427ae41e4649b934ca495991b7852b855	0	children/AUTHOR-B1/dependency-schema-5.stderr
c547ddb33b03377769b9421231620971bc67750c12c13f115fc0c8c441c2c534	265	children/AUTHOR-B1/dependency-schema-5.stdout
10bb0d47c026b23a9a80a3fce2beb6ddafe17882a52788f2e27c4855f5247edb	5811	children/AUTHOR-B1/finalize_author_pkg11.py
2a693118705eba34d5694a976b79544efe8480cd3a4b8584642eda35f653053c	626	children/AUTHOR-B1/members/DEL-11-01/DERIVATIVE_DETERMINISM.tsv
719e0a25203761f71dbee114443be7ec0dd881e36a6029dcae4c4162e64a9964	506	children/AUTHOR-B1/members/DEL-11-01/DETERMINISM.tsv
9a851b3d56825cba81d08226b7e2fae58d8f2072701cda1c844377e3cabecde0	1608	children/AUTHOR-B1/members/DEL-11-01/FROZEN_ROW.tsv
6465d6103ec79b051e1a533efefd85aff6ecb14f62bb843998faaac308fa7a56	800	children/AUTHOR-B1/members/DEL-11-01/IMMUTABLE_LITERAL_AND_CONTEXT_REVIEW.md
f4961c14b8194363aabfafe3b54975ac3a24438544d2a8165fa5c8b819545efb	630	children/AUTHOR-B1/members/DEL-11-01/MEMBER_SUMMARY.md
2f573d0334e49b26b894787003f4c0b2ad23a25a2c0b49e860e0ecc6f3c73644	1657	children/AUTHOR-B1/members/DEL-11-01/SOURCE_HASHES.tsv
46ec7049823e44f39e4f5d0601e8f7ab3b56d025a19862be4e4def84365d02d8	33186	children/AUTHOR-B1/members/DEL-11-01/ScopeOfWork-a.html
46ec7049823e44f39e4f5d0601e8f7ab3b56d025a19862be4e4def84365d02d8	33186	children/AUTHOR-B1/members/DEL-11-01/ScopeOfWork-b.html
76c75e454f7935a9bbbd0b052711671f925c0120e812a03ce9f266632452e65f	1780	children/AUTHOR-B1/members/DEL-11-01/checklist-a.json
e3b0c44298fc1c149afbf4c8996fb92427ae41e4649b934ca495991b7852b855	0	children/AUTHOR-B1/members/DEL-11-01/checklist-a.stderr
e3b0c44298fc1c149afbf4c8996fb92427ae41e4649b934ca495991b7852b855	0	children/AUTHOR-B1/members/DEL-11-01/checklist-a.stdout
76c75e454f7935a9bbbd0b052711671f925c0120e812a03ce9f266632452e65f	1780	children/AUTHOR-B1/members/DEL-11-01/checklist-b.json
e3b0c44298fc1c149afbf4c8996fb92427ae41e4649b934ca495991b7852b855	0	children/AUTHOR-B1/members/DEL-11-01/checklist-b.stderr
e3b0c44298fc1c149afbf4c8996fb92427ae41e4649b934ca495991b7852b855	0	children/AUTHOR-B1/members/DEL-11-01/checklist-b.stdout
a28888a41a1a361fd141808e7112beac0c5911ddf5b1dc754a4e110dc854a73a	4771	children/AUTHOR-B1/members/DEL-11-01/claim-map-a.csv
e3b0c44298fc1c149afbf4c8996fb92427ae41e4649b934ca495991b7852b855	0	children/AUTHOR-B1/members/DEL-11-01/claim-map-a.stderr
01654015b5f0f838bb9c69239f56f1c33139f4f75cafb5213cb00ae060752647	207	children/AUTHOR-B1/members/DEL-11-01/claim-map-a.stdout
a28888a41a1a361fd141808e7112beac0c5911ddf5b1dc754a4e110dc854a73a	4771	children/AUTHOR-B1/members/DEL-11-01/claim-map-b.csv
e3b0c44298fc1c149afbf4c8996fb92427ae41e4649b934ca495991b7852b855	0	children/AUTHOR-B1/members/DEL-11-01/claim-map-b.stderr
b9dd649d6181adb80395b30ddc5be3c281981f03534ce0c8ad1850c7c5d3a9c6	207	children/AUTHOR-B1/members/DEL-11-01/claim-map-b.stdout
e3b0c44298fc1c149afbf4c8996fb92427ae41e4649b934ca495991b7852b855	0	children/AUTHOR-B1/members/DEL-11-01/conversion-a.stderr
62a484eca8ef214adf1ce45be4088cc7f822e3086bfba1b0aaf767f9d18948ef	198	children/AUTHOR-B1/members/DEL-11-01/conversion-a.stdout
e3b0c44298fc1c149afbf4c8996fb92427ae41e4649b934ca495991b7852b855	0	children/AUTHOR-B1/members/DEL-11-01/conversion-b.stderr
78dacebd02ea13f91ea4d9af06575e61f0f003acf12595600b4ae3c3c2fd17f0	198	children/AUTHOR-B1/members/DEL-11-01/conversion-b.stdout
46cba20a315bffff070c2ece60c87ea36b6c8021afdbba6650f62c30a888b4ee	25829	children/AUTHOR-B1/members/DEL-11-01/final-a/ScopeOfWork.md
93f5903cc85df8ffe3d8e12231ade6f014d08a8dc19c3ece01f7c47f1aa6378d	10037	children/AUTHOR-B1/members/DEL-11-01/final-a/report.json
46cba20a315bffff070c2ece60c87ea36b6c8021afdbba6650f62c30a888b4ee	25829	children/AUTHOR-B1/members/DEL-11-01/final-b/ScopeOfWork.md
93f5903cc85df8ffe3d8e12231ade6f014d08a8dc19c3ece01f7c47f1aa6378d	10037	children/AUTHOR-B1/members/DEL-11-01/final-b/report.json
e3b0c44298fc1c149afbf4c8996fb92427ae41e4649b934ca495991b7852b855	0	children/AUTHOR-B1/members/DEL-11-01/finalization-a.stderr
2a0c1122805b4d749967671e519b0233dfb81ab845eeff8e65c026cfac8744f7	216	children/AUTHOR-B1/members/DEL-11-01/finalization-a.stdout
e3b0c44298fc1c149afbf4c8996fb92427ae41e4649b934ca495991b7852b855	0	children/AUTHOR-B1/members/DEL-11-01/finalization-b.stderr
f3fc710fad34de15574fe7e5f84a26b59832391e0467adb7d930770da0531ea9	216	children/AUTHOR-B1/members/DEL-11-01/finalization-b.stdout
7d2460613f1b9c906d50b3028780b188c6f61718438da4d7584e153219043b37	25848	children/AUTHOR-B1/members/DEL-11-01/mutated-production/ScopeOfWork.md
4355a46b19d348dc2f57c046f8ef63d4538ebb936000f3c9ee954a27460dd865	2	children/AUTHOR-B1/members/DEL-11-01/negative-ambiguous-checklist.exit
b37a0cca9858c0352661b65d064e00020bbe562dbdaab6454812cd6c24f7dd2c	167	children/AUTHOR-B1/members/DEL-11-01/negative-ambiguous-checklist.stderr
e3b0c44298fc1c149afbf4c8996fb92427ae41e4649b934ca495991b7852b855	0	children/AUTHOR-B1/members/DEL-11-01/negative-ambiguous-checklist.stdout
4355a46b19d348dc2f57c046f8ef63d4538ebb936000f3c9ee954a27460dd865	2	children/AUTHOR-B1/members/DEL-11-01/negative-evidence-render.exit
cb0da27c60dce6b4cbcfd06282c5b6f1266cc686411a099c3c2ce0fa13f2bc8d	129	children/AUTHOR-B1/members/DEL-11-01/negative-evidence-render.stderr
e3b0c44298fc1c149afbf4c8996fb92427ae41e4649b934ca495991b7852b855	0	children/AUTHOR-B1/members/DEL-11-01/negative-evidence-render.stdout
4355a46b19d348dc2f57c046f8ef63d4538ebb936000f3c9ee954a27460dd865	2	children/AUTHOR-B1/members/DEL-11-01/negative-mutated-map.exit
508e4cba64abbcf0b6795d7878007071f478f6346c8328a87ab00f3b4203657f	97	children/AUTHOR-B1/members/DEL-11-01/negative-mutated-map.stderr
e3b0c44298fc1c149afbf4c8996fb92427ae41e4649b934ca495991b7852b855	0	children/AUTHOR-B1/members/DEL-11-01/negative-mutated-map.stdout
4355a46b19d348dc2f57c046f8ef63d4538ebb936000f3c9ee954a27460dd865	2	children/AUTHOR-B1/members/DEL-11-01/negative-mutated-parity.exit
8811db808df5a4bc2a2c2897725bb1d040302f8cbc89b9e9607449f159db0391	6506	children/AUTHOR-B1/members/DEL-11-01/negative-mutated-parity.json
e3b0c44298fc1c149afbf4c8996fb92427ae41e4649b934ca495991b7852b855	0	children/AUTHOR-B1/members/DEL-11-01/negative-mutated-parity.stderr
e62c9111fee9ee88dae7e31e79e82a45465da9b6abe0fe542e4213568221081d	15	children/AUTHOR-B1/members/DEL-11-01/negative-mutated-parity.stdout
6b20b796bb8049d410806602a8b2f59f6494c7bb0d06b1cf3495df356250fec1	6606	children/AUTHOR-B1/members/DEL-11-01/negative-partial/Datasheet.md
f85f7d2defe6a21b3f33a80960e6d5a51ec30301d72140d5819c03603e4d2a21	2689	children/AUTHOR-B1/members/DEL-11-01/negative-partial/_STATUS.md
4355a46b19d348dc2f57c046f8ef63d4538ebb936000f3c9ee954a27460dd865	2	children/AUTHOR-B1/members/DEL-11-01/negative-partial-validation.exit
e3b0c44298fc1c149afbf4c8996fb92427ae41e4649b934ca495991b7852b855	0	children/AUTHOR-B1/members/DEL-11-01/negative-partial-validation.stderr
eba5d8cf80f1493329b758ce8ab162a4fbc9189adab8523eb5eef3d3f600997f	387	children/AUTHOR-B1/members/DEL-11-01/negative-partial-validation.stdout
4355a46b19d348dc2f57c046f8ef63d4538ebb936000f3c9ee954a27460dd865	2	children/AUTHOR-B1/members/DEL-11-01/negative-unauthorized-checklist.exit
72fbdb46d4b55ceeac9cb009dbd09cf92cf5cd08ccb47758238c60f426fecfc6	249	children/AUTHOR-B1/members/DEL-11-01/negative-unauthorized-checklist.stderr
e3b0c44298fc1c149afbf4c8996fb92427ae41e4649b934ca495991b7852b855	0	children/AUTHOR-B1/members/DEL-11-01/negative-unauthorized-checklist.stdout
4355a46b19d348dc2f57c046f8ef63d4538ebb936000f3c9ee954a27460dd865	2	children/AUTHOR-B1/members/DEL-11-01/negative-unauthorized-dual.exit
e3b0c44298fc1c149afbf4c8996fb92427ae41e4649b934ca495991b7852b855	0	children/AUTHOR-B1/members/DEL-11-01/negative-unauthorized-dual.stderr
896dc57e803682c593d3b7d83b0fb1602f6d1ea81d83dfc3bb7b6bd28d7600aa	485	children/AUTHOR-B1/members/DEL-11-01/negative-unauthorized-dual.stdout
53d4b6734936bc15e210cb143879bbb58b6e4df59da11affe8c77fb7f312b48d	6344	children/AUTHOR-B1/members/DEL-11-01/parity-a.json
e925a44dc6f283714641874bbe3c574bffbee4aeda4e6dce7eaf0fbe0433fefc	291	children/AUTHOR-B1/members/DEL-11-01/parity-a.md
e3b0c44298fc1c149afbf4c8996fb92427ae41e4649b934ca495991b7852b855	0	children/AUTHOR-B1/members/DEL-11-01/parity-a.stderr
6da18ed0a105fe55bf645b114d1266052eccdeee8ec4f939dfa92794d26fa885	15	children/AUTHOR-B1/members/DEL-11-01/parity-a.stdout
53d4b6734936bc15e210cb143879bbb58b6e4df59da11affe8c77fb7f312b48d	6344	children/AUTHOR-B1/members/DEL-11-01/parity-b.json
e925a44dc6f283714641874bbe3c574bffbee4aeda4e6dce7eaf0fbe0433fefc	291	children/AUTHOR-B1/members/DEL-11-01/parity-b.md
e3b0c44298fc1c149afbf4c8996fb92427ae41e4649b934ca495991b7852b855	0	children/AUTHOR-B1/members/DEL-11-01/parity-b.stderr
6da18ed0a105fe55bf645b114d1266052eccdeee8ec4f939dfa92794d26fa885	15	children/AUTHOR-B1/members/DEL-11-01/parity-b.stdout
e3b0c44298fc1c149afbf4c8996fb92427ae41e4649b934ca495991b7852b855	0	children/AUTHOR-B1/members/DEL-11-01/render-a.stderr
e3b0c44298fc1c149afbf4c8996fb92427ae41e4649b934ca495991b7852b855	0	children/AUTHOR-B1/members/DEL-11-01/render-a.stdout
e3b0c44298fc1c149afbf4c8996fb92427ae41e4649b934ca495991b7852b855	0	children/AUTHOR-B1/members/DEL-11-01/render-b.stderr
e3b0c44298fc1c149afbf4c8996fb92427ae41e4649b934ca495991b7852b855	0	children/AUTHOR-B1/members/DEL-11-01/render-b.stdout
59ea841af9504bc07cf47d921c7e229cdefdf7ebc40c9450e31989769414d43f	34809	children/AUTHOR-B1/members/DEL-11-01/simulation/apply/Dependencies.csv
2c6ee5baa380cfdfac9a1a00eace8f85c23426b6c5de75b7c3141885551c5a55	13766	children/AUTHOR-B1/members/DEL-11-01/simulation/apply/MEMORY.md
26e6435bbca62bcbf930936b7a6f4e418d00b8707c3b8f632db411466e9d17b0	973	children/AUTHOR-B1/members/DEL-11-01/simulation/apply/Review_Findings.csv
46cba20a315bffff070c2ece60c87ea36b6c8021afdbba6650f62c30a888b4ee	25829	children/AUTHOR-B1/members/DEL-11-01/simulation/apply/ScopeOfWork.md
3ea5b606230aca4103f3564715e0b561da3c29679ca077dd181d5a385622529f	2850	children/AUTHOR-B1/members/DEL-11-01/simulation/apply/_CONTEXT.md
23c2b082d623d555c384130e87cda8c7fe34d3bead4142807fbc2b4ef2c28072	2768	children/AUTHOR-B1/members/DEL-11-01/simulation/apply/_DEPENDENCIES.md
adcb8431dcce8d7e41dbb0745354af17809064cc30297c51f8066a7d341afc77	1346	children/AUTHOR-B1/members/DEL-11-01/simulation/apply/_REFERENCES.md
8cc4fd322bd9f28c03209a16754daa4b86b2543f3eddcb6a77e60cfebe455a58	5849	children/AUTHOR-B1/members/DEL-11-01/simulation/apply/_REVIEW.md
aa9334b5e0f3932a1993a67cb27f51ec209fd929c405287e88abef96d9cb2998	37242	children/AUTHOR-B1/members/DEL-11-01/simulation/apply/_SEMANTIC.md
95a0556fad81c48da0b785eac31206d8274cf6bfb938d40ce7f02a1480512e12	14332	children/AUTHOR-B1/members/DEL-11-01/simulation/apply/_SEMANTIC_LENSING.md
f85f7d2defe6a21b3f33a80960e6d5a51ec30301d72140d5819c03603e4d2a21	2689	children/AUTHOR-B1/members/DEL-11-01/simulation/apply/_STATUS.md
45299893d19c227114e77d7155fa479b8cfff8cd6d38b1a92ff9b1f48421e905	2097	children/AUTHOR-B1/members/DEL-11-01/simulation/apply/_run_records/TASK_RUN_2026-04-30_1117_four-documents-p1p2.md
8bae9076c42c9809e6021fb9548f216f6e55a8f7f6deb34691a901eb9e359ec9	1267	children/AUTHOR-B1/members/DEL-11-01/simulation/apply/_run_records/TASK_RUN_2026-04-30_1118_semantic-matrix-build.md
1d88c33cc895bdccd7571835ddd594ad045c7d52a355ab57ad70396dc6f1643f	1190	children/AUTHOR-B1/members/DEL-11-01/simulation/apply/_run_records/TASK_RUN_2026-04-30_1119_lens-register.md
2208e4ccb748f49bd5ba1a34ba1230b43b5b9b69c155431409e56c9abce4b69e	1250	children/AUTHOR-B1/members/DEL-11-01/simulation/apply/_run_records/TASK_RUN_2026-04-30_1120_four-documents-p3-only.md
8cac3c73ec9b1abd2002c4dfa488172d1c066541cc9e681c183516768ff4b6c3	1348	children/AUTHOR-B1/members/DEL-11-01/simulation/apply/_run_records/TASK_RUN_2026-04-30_1121_dependency-extract.md
4260c0a6188c76a4b065787239086b858b8d41b1ebec6bbbc96299ce51698a5a	2302	children/AUTHOR-B1/members/DEL-11-01/simulation/apply/_run_records/TASK_RUN_2026-04-30_1122_validation.md
41a5b9afc7e4bde6b97cb94b778ff0b9404ece6bcf3ebab8570eb8f02cc3e0b3	5305	children/AUTHOR-B1/members/DEL-11-01/simulation/apply/_run_records/TASK_RUN_2026-05-09_type2_implementation.md
2f730fc59d4cb53e8b4ae0b7cb634166d88592eb47535e7397fd24b8a418a801	4039	children/AUTHOR-B1/members/DEL-11-01/simulation/apply/_run_records/TASK_RUN_2026-05-10_2322_dependency-refresh-closeout.md
6b2f4d9773995df7bb7ac61c2c77e9e9ac38ece623986c381ed7bf97940ae561	1707	children/AUTHOR-B1/members/DEL-11-01/simulation/apply/_run_records/TASK_RUN_2026-06-04_authority-refresh-0.7-dag006_DEL-11-01.md
619738c0a7d489378e114e70dbb56c844835a7e33990a0189828141d1a5fcc0b	4671	children/AUTHOR-B1/members/DEL-11-01/simulation/apply/_run_records/TASK_RUN_2026-06-07_1712.md
029c8339cd00162108c4230caf15173b64cd4374b4eda4a5b9e2bef09f668a60	5121	children/AUTHOR-B1/members/DEL-11-01/simulation/apply/_run_records/TASK_RUN_2026-06-07_1732.md
396ec4f143a9d5f10075741078ea8425ca1d1b8f8296806e93e9ca51cecaf868	4475	children/AUTHOR-B1/members/DEL-11-01/simulation/apply/_run_records/TASK_RUN_2026-06-07_1812_DEL-11-01_consistency.md
553f72deac86c8e37fcf835a11121a0a2c995a4e32a65b0ee671706d33bebbc1	1323	children/AUTHOR-B1/members/DEL-11-01/simulation/apply/_run_records/TASK_RUN_2026-06-16_dependency-semantic-refresh_DEL-11-01.md
71d10914d2e25d308319cecda15eab6432dec80f597a60158f0bfcd60bca64cc	307	children/AUTHOR-B1/members/DEL-11-01/simulation/apply/_run_records/WORKING_ITEMS_RUN_2026-07-12_D41-R5-T7-PDU005.md
fc9261e56dec5957c92a2b744f4cd0f7ede8147189bbdf8f0682d93d6ead93a6	1068	children/AUTHOR-B1/members/DEL-11-01/simulation/apply/_run_records/WORKING_ITEMS_RUN_2026-07-12_D41-R5-T7-PDU055-CURRENTNESS.md
6b20b796bb8049d410806602a8b2f59f6494c7bb0d06b1cf3495df356250fec1	6606	children/AUTHOR-B1/members/DEL-11-01/simulation/rollback/Datasheet.md
59ea841af9504bc07cf47d921c7e229cdefdf7ebc40c9450e31989769414d43f	34809	children/AUTHOR-B1/members/DEL-11-01/simulation/rollback/Dependencies.csv
64760e50156d74e383d3b1f69500d1ca7035a3a892a3c5d68f168179282f2576	4745	children/AUTHOR-B1/members/DEL-11-01/simulation/rollback/Guidance.md
2c6ee5baa380cfdfac9a1a00eace8f85c23426b6c5de75b7c3141885551c5a55	13766	children/AUTHOR-B1/members/DEL-11-01/simulation/rollback/MEMORY.md
7d714cd9e3894d73c805e514255e9dac2fd69b8124bf6fd5159f48da4d1eb24c	4358	children/AUTHOR-B1/members/DEL-11-01/simulation/rollback/Procedure.md
26e6435bbca62bcbf930936b7a6f4e418d00b8707c3b8f632db411466e9d17b0	973	children/AUTHOR-B1/members/DEL-11-01/simulation/rollback/Review_Findings.csv
26ef5dc19b8264e9aeb14eb31f4627502ce05ce56b999da59475499895094403	6638	children/AUTHOR-B1/members/DEL-11-01/simulation/rollback/Specification.md
3ea5b606230aca4103f3564715e0b561da3c29679ca077dd181d5a385622529f	2850	children/AUTHOR-B1/members/DEL-11-01/simulation/rollback/_CONTEXT.md
23c2b082d623d555c384130e87cda8c7fe34d3bead4142807fbc2b4ef2c28072	2768	children/AUTHOR-B1/members/DEL-11-01/simulation/rollback/_DEPENDENCIES.md
adcb8431dcce8d7e41dbb0745354af17809064cc30297c51f8066a7d341afc77	1346	children/AUTHOR-B1/members/DEL-11-01/simulation/rollback/_REFERENCES.md
8cc4fd322bd9f28c03209a16754daa4b86b2543f3eddcb6a77e60cfebe455a58	5849	children/AUTHOR-B1/members/DEL-11-01/simulation/rollback/_REVIEW.md
aa9334b5e0f3932a1993a67cb27f51ec209fd929c405287e88abef96d9cb2998	37242	children/AUTHOR-B1/members/DEL-11-01/simulation/rollback/_SEMANTIC.md
95a0556fad81c48da0b785eac31206d8274cf6bfb938d40ce7f02a1480512e12	14332	children/AUTHOR-B1/members/DEL-11-01/simulation/rollback/_SEMANTIC_LENSING.md
f85f7d2defe6a21b3f33a80960e6d5a51ec30301d72140d5819c03603e4d2a21	2689	children/AUTHOR-B1/members/DEL-11-01/simulation/rollback/_STATUS.md
45299893d19c227114e77d7155fa479b8cfff8cd6d38b1a92ff9b1f48421e905	2097	children/AUTHOR-B1/members/DEL-11-01/simulation/rollback/_run_records/TASK_RUN_2026-04-30_1117_four-documents-p1p2.md
8bae9076c42c9809e6021fb9548f216f6e55a8f7f6deb34691a901eb9e359ec9	1267	children/AUTHOR-B1/members/DEL-11-01/simulation/rollback/_run_records/TASK_RUN_2026-04-30_1118_semantic-matrix-build.md
1d88c33cc895bdccd7571835ddd594ad045c7d52a355ab57ad70396dc6f1643f	1190	children/AUTHOR-B1/members/DEL-11-01/simulation/rollback/_run_records/TASK_RUN_2026-04-30_1119_lens-register.md
2208e4ccb748f49bd5ba1a34ba1230b43b5b9b69c155431409e56c9abce4b69e	1250	children/AUTHOR-B1/members/DEL-11-01/simulation/rollback/_run_records/TASK_RUN_2026-04-30_1120_four-documents-p3-only.md
8cac3c73ec9b1abd2002c4dfa488172d1c066541cc9e681c183516768ff4b6c3	1348	children/AUTHOR-B1/members/DEL-11-01/simulation/rollback/_run_records/TASK_RUN_2026-04-30_1121_dependency-extract.md
4260c0a6188c76a4b065787239086b858b8d41b1ebec6bbbc96299ce51698a5a	2302	children/AUTHOR-B1/members/DEL-11-01/simulation/rollback/_run_records/TASK_RUN_2026-04-30_1122_validation.md
41a5b9afc7e4bde6b97cb94b778ff0b9404ece6bcf3ebab8570eb8f02cc3e0b3	5305	children/AUTHOR-B1/members/DEL-11-01/simulation/rollback/_run_records/TASK_RUN_2026-05-09_type2_implementation.md
2f730fc59d4cb53e8b4ae0b7cb634166d88592eb47535e7397fd24b8a418a801	4039	children/AUTHOR-B1/members/DEL-11-01/simulation/rollback/_run_records/TASK_RUN_2026-05-10_2322_dependency-refresh-closeout.md
6b2f4d9773995df7bb7ac61c2c77e9e9ac38ece623986c381ed7bf97940ae561	1707	children/AUTHOR-B1/members/DEL-11-01/simulation/rollback/_run_records/TASK_RUN_2026-06-04_authority-refresh-0.7-dag006_DEL-11-01.md
619738c0a7d489378e114e70dbb56c844835a7e33990a0189828141d1a5fcc0b	4671	children/AUTHOR-B1/members/DEL-11-01/simulation/rollback/_run_records/TASK_RUN_2026-06-07_1712.md
029c8339cd00162108c4230caf15173b64cd4374b4eda4a5b9e2bef09f668a60	5121	children/AUTHOR-B1/members/DEL-11-01/simulation/rollback/_run_records/TASK_RUN_2026-06-07_1732.md
396ec4f143a9d5f10075741078ea8425ca1d1b8f8296806e93e9ca51cecaf868	4475	children/AUTHOR-B1/members/DEL-11-01/simulation/rollback/_run_records/TASK_RUN_2026-06-07_1812_DEL-11-01_consistency.md
553f72deac86c8e37fcf835a11121a0a2c995a4e32a65b0ee671706d33bebbc1	1323	children/AUTHOR-B1/members/DEL-11-01/simulation/rollback/_run_records/TASK_RUN_2026-06-16_dependency-semantic-refresh_DEL-11-01.md
71d10914d2e25d308319cecda15eab6432dec80f597a60158f0bfcd60bca64cc	307	children/AUTHOR-B1/members/DEL-11-01/simulation/rollback/_run_records/WORKING_ITEMS_RUN_2026-07-12_D41-R5-T7-PDU005.md
fc9261e56dec5957c92a2b744f4cd0f7ede8147189bbdf8f0682d93d6ead93a6	1068	children/AUTHOR-B1/members/DEL-11-01/simulation/rollback/_run_records/WORKING_ITEMS_RUN_2026-07-12_D41-R5-T7-PDU055-CURRENTNESS.md
d2278d51683234c9fea93e9990f6bd52070822522572afbcc7e74ea31ea82edf	276	children/AUTHOR-B1/members/DEL-11-01/simulation-apply-validation.json
e3b0c44298fc1c149afbf4c8996fb92427ae41e4649b934ca495991b7852b855	0	children/AUTHOR-B1/members/DEL-11-01/simulation-apply-validation.stderr
c3ab66b5d1d728aa9cb3d1935a9102c1a258e3ab82aa5582ac3e0f97ad2ab500	264	children/AUTHOR-B1/members/DEL-11-01/validation-dual-a.json
e3b0c44298fc1c149afbf4c8996fb92427ae41e4649b934ca495991b7852b855	0	children/AUTHOR-B1/members/DEL-11-01/validation-dual-a.stderr
03ee5c540ffeeb808f40c77d07d1108368293553561f6c28e8d207d0205cdf4c	264	children/AUTHOR-B1/members/DEL-11-01/validation-dual-b.json
e3b0c44298fc1c149afbf4c8996fb92427ae41e4649b934ca495991b7852b855	0	children/AUTHOR-B1/members/DEL-11-01/validation-dual-b.stderr
c8ad285ad2d6ff6485684261cb3d292bc9c62b05c5fa4e6749641380a05a0c69	242	children/AUTHOR-B1/members/DEL-11-01/validation-sow-v1.json
e3b0c44298fc1c149afbf4c8996fb92427ae41e4649b934ca495991b7852b855	0	children/AUTHOR-B1/members/DEL-11-01/validation-sow-v1.stderr
6b20b796bb8049d410806602a8b2f59f6494c7bb0d06b1cf3495df356250fec1	6606	children/AUTHOR-B1/members/DEL-11-01/workspace-a/Datasheet.md
59ea841af9504bc07cf47d921c7e229cdefdf7ebc40c9450e31989769414d43f	34809	children/AUTHOR-B1/members/DEL-11-01/workspace-a/Dependencies.csv
64760e50156d74e383d3b1f69500d1ca7035a3a892a3c5d68f168179282f2576	4745	children/AUTHOR-B1/members/DEL-11-01/workspace-a/Guidance.md
2c6ee5baa380cfdfac9a1a00eace8f85c23426b6c5de75b7c3141885551c5a55	13766	children/AUTHOR-B1/members/DEL-11-01/workspace-a/MEMORY.md
7d714cd9e3894d73c805e514255e9dac2fd69b8124bf6fd5159f48da4d1eb24c	4358	children/AUTHOR-B1/members/DEL-11-01/workspace-a/Procedure.md
26e6435bbca62bcbf930936b7a6f4e418d00b8707c3b8f632db411466e9d17b0	973	children/AUTHOR-B1/members/DEL-11-01/workspace-a/Review_Findings.csv
2f5a4ef163399467504c40e6d3ff77b9ffdd5bb6bad3f94048c0b8b5151f1364	32022	children/AUTHOR-B1/members/DEL-11-01/workspace-a/ScopeOfWork.md
26ef5dc19b8264e9aeb14eb31f4627502ce05ce56b999da59475499895094403	6638	children/AUTHOR-B1/members/DEL-11-01/workspace-a/Specification.md
3ea5b606230aca4103f3564715e0b561da3c29679ca077dd181d5a385622529f	2850	children/AUTHOR-B1/members/DEL-11-01/workspace-a/_CONTEXT.md
23c2b082d623d555c384130e87cda8c7fe34d3bead4142807fbc2b4ef2c28072	2768	children/AUTHOR-B1/members/DEL-11-01/workspace-a/_DEPENDENCIES.md
adcb8431dcce8d7e41dbb0745354af17809064cc30297c51f8066a7d341afc77	1346	children/AUTHOR-B1/members/DEL-11-01/workspace-a/_REFERENCES.md
8cc4fd322bd9f28c03209a16754daa4b86b2543f3eddcb6a77e60cfebe455a58	5849	children/AUTHOR-B1/members/DEL-11-01/workspace-a/_REVIEW.md
aa9334b5e0f3932a1993a67cb27f51ec209fd929c405287e88abef96d9cb2998	37242	children/AUTHOR-B1/members/DEL-11-01/workspace-a/_SEMANTIC.md
95a0556fad81c48da0b785eac31206d8274cf6bfb938d40ce7f02a1480512e12	14332	children/AUTHOR-B1/members/DEL-11-01/workspace-a/_SEMANTIC_LENSING.md
f85f7d2defe6a21b3f33a80960e6d5a51ec30301d72140d5819c03603e4d2a21	2689	children/AUTHOR-B1/members/DEL-11-01/workspace-a/_STATUS.md
45299893d19c227114e77d7155fa479b8cfff8cd6d38b1a92ff9b1f48421e905	2097	children/AUTHOR-B1/members/DEL-11-01/workspace-a/_run_records/TASK_RUN_2026-04-30_1117_four-documents-p1p2.md
8bae9076c42c9809e6021fb9548f216f6e55a8f7f6deb34691a901eb9e359ec9	1267	children/AUTHOR-B1/members/DEL-11-01/workspace-a/_run_records/TASK_RUN_2026-04-30_1118_semantic-matrix-build.md
1d88c33cc895bdccd7571835ddd594ad045c7d52a355ab57ad70396dc6f1643f	1190	children/AUTHOR-B1/members/DEL-11-01/workspace-a/_run_records/TASK_RUN_2026-04-30_1119_lens-register.md
2208e4ccb748f49bd5ba1a34ba1230b43b5b9b69c155431409e56c9abce4b69e	1250	children/AUTHOR-B1/members/DEL-11-01/workspace-a/_run_records/TASK_RUN_2026-04-30_1120_four-documents-p3-only.md
8cac3c73ec9b1abd2002c4dfa488172d1c066541cc9e681c183516768ff4b6c3	1348	children/AUTHOR-B1/members/DEL-11-01/workspace-a/_run_records/TASK_RUN_2026-04-30_1121_dependency-extract.md
4260c0a6188c76a4b065787239086b858b8d41b1ebec6bbbc96299ce51698a5a	2302	children/AUTHOR-B1/members/DEL-11-01/workspace-a/_run_records/TASK_RUN_2026-04-30_1122_validation.md
41a5b9afc7e4bde6b97cb94b778ff0b9404ece6bcf3ebab8570eb8f02cc3e0b3	5305	children/AUTHOR-B1/members/DEL-11-01/workspace-a/_run_records/TASK_RUN_2026-05-09_type2_implementation.md
2f730fc59d4cb53e8b4ae0b7cb634166d88592eb47535e7397fd24b8a418a801	4039	children/AUTHOR-B1/members/DEL-11-01/workspace-a/_run_records/TASK_RUN_2026-05-10_2322_dependency-refresh-closeout.md
6b2f4d9773995df7bb7ac61c2c77e9e9ac38ece623986c381ed7bf97940ae561	1707	children/AUTHOR-B1/members/DEL-11-01/workspace-a/_run_records/TASK_RUN_2026-06-04_authority-refresh-0.7-dag006_DEL-11-01.md
619738c0a7d489378e114e70dbb56c844835a7e33990a0189828141d1a5fcc0b	4671	children/AUTHOR-B1/members/DEL-11-01/workspace-a/_run_records/TASK_RUN_2026-06-07_1712.md
029c8339cd00162108c4230caf15173b64cd4374b4eda4a5b9e2bef09f668a60	5121	children/AUTHOR-B1/members/DEL-11-01/workspace-a/_run_records/TASK_RUN_2026-06-07_1732.md
396ec4f143a9d5f10075741078ea8425ca1d1b8f8296806e93e9ca51cecaf868	4475	children/AUTHOR-B1/members/DEL-11-01/workspace-a/_run_records/TASK_RUN_2026-06-07_1812_DEL-11-01_consistency.md
553f72deac86c8e37fcf835a11121a0a2c995a4e32a65b0ee671706d33bebbc1	1323	children/AUTHOR-B1/members/DEL-11-01/workspace-a/_run_records/TASK_RUN_2026-06-16_dependency-semantic-refresh_DEL-11-01.md
71d10914d2e25d308319cecda15eab6432dec80f597a60158f0bfcd60bca64cc	307	children/AUTHOR-B1/members/DEL-11-01/workspace-a/_run_records/WORKING_ITEMS_RUN_2026-07-12_D41-R5-T7-PDU005.md
fc9261e56dec5957c92a2b744f4cd0f7ede8147189bbdf8f0682d93d6ead93a6	1068	children/AUTHOR-B1/members/DEL-11-01/workspace-a/_run_records/WORKING_ITEMS_RUN_2026-07-12_D41-R5-T7-PDU055-CURRENTNESS.md
6b20b796bb8049d410806602a8b2f59f6494c7bb0d06b1cf3495df356250fec1	6606	children/AUTHOR-B1/members/DEL-11-01/workspace-b/Datasheet.md
59ea841af9504bc07cf47d921c7e229cdefdf7ebc40c9450e31989769414d43f	34809	children/AUTHOR-B1/members/DEL-11-01/workspace-b/Dependencies.csv
64760e50156d74e383d3b1f69500d1ca7035a3a892a3c5d68f168179282f2576	4745	children/AUTHOR-B1/members/DEL-11-01/workspace-b/Guidance.md
2c6ee5baa380cfdfac9a1a00eace8f85c23426b6c5de75b7c3141885551c5a55	13766	children/AUTHOR-B1/members/DEL-11-01/workspace-b/MEMORY.md
7d714cd9e3894d73c805e514255e9dac2fd69b8124bf6fd5159f48da4d1eb24c	4358	children/AUTHOR-B1/members/DEL-11-01/workspace-b/Procedure.md
26e6435bbca62bcbf930936b7a6f4e418d00b8707c3b8f632db411466e9d17b0	973	children/AUTHOR-B1/members/DEL-11-01/workspace-b/Review_Findings.csv
2f5a4ef163399467504c40e6d3ff77b9ffdd5bb6bad3f94048c0b8b5151f1364	32022	children/AUTHOR-B1/members/DEL-11-01/workspace-b/ScopeOfWork.md
26ef5dc19b8264e9aeb14eb31f4627502ce05ce56b999da59475499895094403	6638	children/AUTHOR-B1/members/DEL-11-01/workspace-b/Specification.md
3ea5b606230aca4103f3564715e0b561da3c29679ca077dd181d5a385622529f	2850	children/AUTHOR-B1/members/DEL-11-01/workspace-b/_CONTEXT.md
23c2b082d623d555c384130e87cda8c7fe34d3bead4142807fbc2b4ef2c28072	2768	children/AUTHOR-B1/members/DEL-11-01/workspace-b/_DEPENDENCIES.md
adcb8431dcce8d7e41dbb0745354af17809064cc30297c51f8066a7d341afc77	1346	children/AUTHOR-B1/members/DEL-11-01/workspace-b/_REFERENCES.md
8cc4fd322bd9f28c03209a16754daa4b86b2543f3eddcb6a77e60cfebe455a58	5849	children/AUTHOR-B1/members/DEL-11-01/workspace-b/_REVIEW.md
aa9334b5e0f3932a1993a67cb27f51ec209fd929c405287e88abef96d9cb2998	37242	children/AUTHOR-B1/members/DEL-11-01/workspace-b/_SEMANTIC.md
95a0556fad81c48da0b785eac31206d8274cf6bfb938d40ce7f02a1480512e12	14332	children/AUTHOR-B1/members/DEL-11-01/workspace-b/_SEMANTIC_LENSING.md
f85f7d2defe6a21b3f33a80960e6d5a51ec30301d72140d5819c03603e4d2a21	2689	children/AUTHOR-B1/members/DEL-11-01/workspace-b/_STATUS.md
45299893d19c227114e77d7155fa479b8cfff8cd6d38b1a92ff9b1f48421e905	2097	children/AUTHOR-B1/members/DEL-11-01/workspace-b/_run_records/TASK_RUN_2026-04-30_1117_four-documents-p1p2.md
8bae9076c42c9809e6021fb9548f216f6e55a8f7f6deb34691a901eb9e359ec9	1267	children/AUTHOR-B1/members/DEL-11-01/workspace-b/_run_records/TASK_RUN_2026-04-30_1118_semantic-matrix-build.md
1d88c33cc895bdccd7571835ddd594ad045c7d52a355ab57ad70396dc6f1643f	1190	children/AUTHOR-B1/members/DEL-11-01/workspace-b/_run_records/TASK_RUN_2026-04-30_1119_lens-register.md
2208e4ccb748f49bd5ba1a34ba1230b43b5b9b69c155431409e56c9abce4b69e	1250	children/AUTHOR-B1/members/DEL-11-01/workspace-b/_run_records/TASK_RUN_2026-04-30_1120_four-documents-p3-only.md
8cac3c73ec9b1abd2002c4dfa488172d1c066541cc9e681c183516768ff4b6c3	1348	children/AUTHOR-B1/members/DEL-11-01/workspace-b/_run_records/TASK_RUN_2026-04-30_1121_dependency-extract.md
4260c0a6188c76a4b065787239086b858b8d41b1ebec6bbbc96299ce51698a5a	2302	children/AUTHOR-B1/members/DEL-11-01/workspace-b/_run_records/TASK_RUN_2026-04-30_1122_validation.md
41a5b9afc7e4bde6b97cb94b778ff0b9404ece6bcf3ebab8570eb8f02cc3e0b3	5305	children/AUTHOR-B1/members/DEL-11-01/workspace-b/_run_records/TASK_RUN_2026-05-09_type2_implementation.md
2f730fc59d4cb53e8b4ae0b7cb634166d88592eb47535e7397fd24b8a418a801	4039	children/AUTHOR-B1/members/DEL-11-01/workspace-b/_run_records/TASK_RUN_2026-05-10_2322_dependency-refresh-closeout.md
6b2f4d9773995df7bb7ac61c2c77e9e9ac38ece623986c381ed7bf97940ae561	1707	children/AUTHOR-B1/members/DEL-11-01/workspace-b/_run_records/TASK_RUN_2026-06-04_authority-refresh-0.7-dag006_DEL-11-01.md
619738c0a7d489378e114e70dbb56c844835a7e33990a0189828141d1a5fcc0b	4671	children/AUTHOR-B1/members/DEL-11-01/workspace-b/_run_records/TASK_RUN_2026-06-07_1712.md
029c8339cd00162108c4230caf15173b64cd4374b4eda4a5b9e2bef09f668a60	5121	children/AUTHOR-B1/members/DEL-11-01/workspace-b/_run_records/TASK_RUN_2026-06-07_1732.md
396ec4f143a9d5f10075741078ea8425ca1d1b8f8296806e93e9ca51cecaf868	4475	children/AUTHOR-B1/members/DEL-11-01/workspace-b/_run_records/TASK_RUN_2026-06-07_1812_DEL-11-01_consistency.md
553f72deac86c8e37fcf835a11121a0a2c995a4e32a65b0ee671706d33bebbc1	1323	children/AUTHOR-B1/members/DEL-11-01/workspace-b/_run_records/TASK_RUN_2026-06-16_dependency-semantic-refresh_DEL-11-01.md
71d10914d2e25d308319cecda15eab6432dec80f597a60158f0bfcd60bca64cc	307	children/AUTHOR-B1/members/DEL-11-01/workspace-b/_run_records/WORKING_ITEMS_RUN_2026-07-12_D41-R5-T7-PDU005.md
fc9261e56dec5957c92a2b744f4cd0f7ede8147189bbdf8f0682d93d6ead93a6	1068	children/AUTHOR-B1/members/DEL-11-01/workspace-b/_run_records/WORKING_ITEMS_RUN_2026-07-12_D41-R5-T7-PDU055-CURRENTNESS.md
6c23e6c6f16b695986e88cbe3502681b9799df6b4174d1b3b93f78f6ed0b1e17	626	children/AUTHOR-B1/members/DEL-11-02/DERIVATIVE_DETERMINISM.tsv
524367dfe08093589fbda2727ced00d6ef8d34f601ee7516235b1bfcb596f480	506	children/AUTHOR-B1/members/DEL-11-02/DETERMINISM.tsv
d2e8442e9232b4593447c68abfb6c94b3654d1efea7a001be8fe578a5b1ab7eb	1631	children/AUTHOR-B1/members/DEL-11-02/FROZEN_ROW.tsv
d0fc68471fa6c59e55707e4acd990cf54ca43fa32cc2fc0cf7b00b116acfedba	822	children/AUTHOR-B1/members/DEL-11-02/IMMUTABLE_LITERAL_AND_CONTEXT_REVIEW.md
69a531fe7ebc7c776bf98c3d9e39dbb561143547e39e4b68587871f80d5ac9c8	630	children/AUTHOR-B1/members/DEL-11-02/MEMBER_SUMMARY.md
a91c8831db5f151f33814296bd9b9d5b41445aaf30dafff3dd095c837b146a77	1657	children/AUTHOR-B1/members/DEL-11-02/SOURCE_HASHES.tsv
05bb366afac84db02ce990935bd3bebdb734cf3a0f5ae96466e2317a192f0332	40151	children/AUTHOR-B1/members/DEL-11-02/ScopeOfWork-a.html
05bb366afac84db02ce990935bd3bebdb734cf3a0f5ae96466e2317a192f0332	40151	children/AUTHOR-B1/members/DEL-11-02/ScopeOfWork-b.html
9779d8670058d583716a653a5a90564705829961e7f36b5d0f8b4f8efb49398e	1756	children/AUTHOR-B1/members/DEL-11-02/checklist-a.json
e3b0c44298fc1c149afbf4c8996fb92427ae41e4649b934ca495991b7852b855	0	children/AUTHOR-B1/members/DEL-11-02/checklist-a.stderr
e3b0c44298fc1c149afbf4c8996fb92427ae41e4649b934ca495991b7852b855	0	children/AUTHOR-B1/members/DEL-11-02/checklist-a.stdout
9779d8670058d583716a653a5a90564705829961e7f36b5d0f8b4f8efb49398e	1756	children/AUTHOR-B1/members/DEL-11-02/checklist-b.json
e3b0c44298fc1c149afbf4c8996fb92427ae41e4649b934ca495991b7852b855	0	children/AUTHOR-B1/members/DEL-11-02/checklist-b.stderr
e3b0c44298fc1c149afbf4c8996fb92427ae41e4649b934ca495991b7852b855	0	children/AUTHOR-B1/members/DEL-11-02/checklist-b.stdout
d154754eb176e4476a862fb66ee72400d572ef8f5d385ec3570fe17056edb9aa	5772	children/AUTHOR-B1/members/DEL-11-02/claim-map-a.csv
e3b0c44298fc1c149afbf4c8996fb92427ae41e4649b934ca495991b7852b855	0	children/AUTHOR-B1/members/DEL-11-02/claim-map-a.stderr
c04d33975213bdaa54fd78b7c50591687586dbb13f9d5c1a5430386b753dfda7	207	children/AUTHOR-B1/members/DEL-11-02/claim-map-a.stdout
d154754eb176e4476a862fb66ee72400d572ef8f5d385ec3570fe17056edb9aa	5772	children/AUTHOR-B1/members/DEL-11-02/claim-map-b.csv
e3b0c44298fc1c149afbf4c8996fb92427ae41e4649b934ca495991b7852b855	0	children/AUTHOR-B1/members/DEL-11-02/claim-map-b.stderr
810a62ef67d87562091b5373d81d63abdb854b153683d6a824b83d05e7488f1b	207	children/AUTHOR-B1/members/DEL-11-02/claim-map-b.stdout
e3b0c44298fc1c149afbf4c8996fb92427ae41e4649b934ca495991b7852b855	0	children/AUTHOR-B1/members/DEL-11-02/conversion-a.stderr
cd36a1d020d670a2179b1bc0c1777c4e4cb68d6adbf8c4b3d46dd003fe8e920a	198	children/AUTHOR-B1/members/DEL-11-02/conversion-a.stdout
e3b0c44298fc1c149afbf4c8996fb92427ae41e4649b934ca495991b7852b855	0	children/AUTHOR-B1/members/DEL-11-02/conversion-b.stderr
43dbafddda459a77e0d1367eda16610f18667345b7ce80759c6cc957fe646a06	198	children/AUTHOR-B1/members/DEL-11-02/conversion-b.stdout
c71fa0a2749ae82e13c350980b65af676efc0f208c1fd3939747d472d7255e91	31738	children/AUTHOR-B1/members/DEL-11-02/final-a/ScopeOfWork.md
584ef2588cd77c90734f8822d7517fc7bd3148313b128c9b922752ec8b6dd078	12088	children/AUTHOR-B1/members/DEL-11-02/final-a/report.json
c71fa0a2749ae82e13c350980b65af676efc0f208c1fd3939747d472d7255e91	31738	children/AUTHOR-B1/members/DEL-11-02/final-b/ScopeOfWork.md
584ef2588cd77c90734f8822d7517fc7bd3148313b128c9b922752ec8b6dd078	12088	children/AUTHOR-B1/members/DEL-11-02/final-b/report.json
e3b0c44298fc1c149afbf4c8996fb92427ae41e4649b934ca495991b7852b855	0	children/AUTHOR-B1/members/DEL-11-02/finalization-a.stderr
07d371ed1dd5e5d11d4ced81d82367f4a727cb107e2b59c5ebe37b94a883eb06	216	children/AUTHOR-B1/members/DEL-11-02/finalization-a.stdout
e3b0c44298fc1c149afbf4c8996fb92427ae41e4649b934ca495991b7852b855	0	children/AUTHOR-B1/members/DEL-11-02/finalization-b.stderr
6793a40e1bc7b0fd9b7a374dd3f3d93b491dd9d1a67ead4b267db7421c5dc11f	216	children/AUTHOR-B1/members/DEL-11-02/finalization-b.stdout
87d01af9cf4f10a7d4830788b254a809a89ed4ad0ca96342d1734e40523dc89d	31757	children/AUTHOR-B1/members/DEL-11-02/mutated-production/ScopeOfWork.md
4355a46b19d348dc2f57c046f8ef63d4538ebb936000f3c9ee954a27460dd865	2	children/AUTHOR-B1/members/DEL-11-02/negative-ambiguous-checklist.exit
b37a0cca9858c0352661b65d064e00020bbe562dbdaab6454812cd6c24f7dd2c	167	children/AUTHOR-B1/members/DEL-11-02/negative-ambiguous-checklist.stderr
e3b0c44298fc1c149afbf4c8996fb92427ae41e4649b934ca495991b7852b855	0	children/AUTHOR-B1/members/DEL-11-02/negative-ambiguous-checklist.stdout
4355a46b19d348dc2f57c046f8ef63d4538ebb936000f3c9ee954a27460dd865	2	children/AUTHOR-B1/members/DEL-11-02/negative-evidence-render.exit
cb0da27c60dce6b4cbcfd06282c5b6f1266cc686411a099c3c2ce0fa13f2bc8d	129	children/AUTHOR-B1/members/DEL-11-02/negative-evidence-render.stderr
e3b0c44298fc1c149afbf4c8996fb92427ae41e4649b934ca495991b7852b855	0	children/AUTHOR-B1/members/DEL-11-02/negative-evidence-render.stdout
4355a46b19d348dc2f57c046f8ef63d4538ebb936000f3c9ee954a27460dd865	2	children/AUTHOR-B1/members/DEL-11-02/negative-mutated-map.exit
508e4cba64abbcf0b6795d7878007071f478f6346c8328a87ab00f3b4203657f	97	children/AUTHOR-B1/members/DEL-11-02/negative-mutated-map.stderr
e3b0c44298fc1c149afbf4c8996fb92427ae41e4649b934ca495991b7852b855	0	children/AUTHOR-B1/members/DEL-11-02/negative-mutated-map.stdout
4355a46b19d348dc2f57c046f8ef63d4538ebb936000f3c9ee954a27460dd865	2	children/AUTHOR-B1/members/DEL-11-02/negative-mutated-parity.exit
d0e33c3d07eece6e587ba3500a18fea1d667ceba794659e5b11e8c9cd2bbff7d	7699	children/AUTHOR-B1/members/DEL-11-02/negative-mutated-parity.json
e3b0c44298fc1c149afbf4c8996fb92427ae41e4649b934ca495991b7852b855	0	children/AUTHOR-B1/members/DEL-11-02/negative-mutated-parity.stderr
60bcd11ebb401bcd8a31680f173d508beaa36ff5043c8d849b978e8b23d89eae	15	children/AUTHOR-B1/members/DEL-11-02/negative-mutated-parity.stdout
1abc2906b68fc92a2c886cfb3098b227824a492a520b04383e247c054d84f45b	6284	children/AUTHOR-B1/members/DEL-11-02/negative-partial/Datasheet.md
f501f4c36d49d5602de2975f23a7a6e1b179ab83d36f77bc2db9bbd1c6229c3a	2844	children/AUTHOR-B1/members/DEL-11-02/negative-partial/_STATUS.md
4355a46b19d348dc2f57c046f8ef63d4538ebb936000f3c9ee954a27460dd865	2	children/AUTHOR-B1/members/DEL-11-02/negative-partial-validation.exit
e3b0c44298fc1c149afbf4c8996fb92427ae41e4649b934ca495991b7852b855	0	children/AUTHOR-B1/members/DEL-11-02/negative-partial-validation.stderr
444ac054a49aead9fc780c10f2be1658b6a6ef27e170e18713dc74b331b4cc93	387	children/AUTHOR-B1/members/DEL-11-02/negative-partial-validation.stdout
4355a46b19d348dc2f57c046f8ef63d4538ebb936000f3c9ee954a27460dd865	2	children/AUTHOR-B1/members/DEL-11-02/negative-unauthorized-checklist.exit
72fbdb46d4b55ceeac9cb009dbd09cf92cf5cd08ccb47758238c60f426fecfc6	249	children/AUTHOR-B1/members/DEL-11-02/negative-unauthorized-checklist.stderr
e3b0c44298fc1c149afbf4c8996fb92427ae41e4649b934ca495991b7852b855	0	children/AUTHOR-B1/members/DEL-11-02/negative-unauthorized-checklist.stdout
4355a46b19d348dc2f57c046f8ef63d4538ebb936000f3c9ee954a27460dd865	2	children/AUTHOR-B1/members/DEL-11-02/negative-unauthorized-dual.exit
e3b0c44298fc1c149afbf4c8996fb92427ae41e4649b934ca495991b7852b855	0	children/AUTHOR-B1/members/DEL-11-02/negative-unauthorized-dual.stderr
cb780071c50c949a7572f6d96d0756f9d53cb746b472f2c8b01b62982b148bb6	485	children/AUTHOR-B1/members/DEL-11-02/negative-unauthorized-dual.stdout
a1d2b9a784fa5f720404bb3ca84d7c8028c949ea7e6e1e3bd1f709a5f97b3a3e	7537	children/AUTHOR-B1/members/DEL-11-02/parity-a.json
3ba88fa9ac7789e855438ec7a165f0d274ae1f4210aae6ded67ad1c4f456be21	291	children/AUTHOR-B1/members/DEL-11-02/parity-a.md
e3b0c44298fc1c149afbf4c8996fb92427ae41e4649b934ca495991b7852b855	0	children/AUTHOR-B1/members/DEL-11-02/parity-a.stderr
77c1df29d87ef87108696ddcaf248981a4dfc839e3e11cbb661563689d46414d	15	children/AUTHOR-B1/members/DEL-11-02/parity-a.stdout
a1d2b9a784fa5f720404bb3ca84d7c8028c949ea7e6e1e3bd1f709a5f97b3a3e	7537	children/AUTHOR-B1/members/DEL-11-02/parity-b.json
3ba88fa9ac7789e855438ec7a165f0d274ae1f4210aae6ded67ad1c4f456be21	291	children/AUTHOR-B1/members/DEL-11-02/parity-b.md
e3b0c44298fc1c149afbf4c8996fb92427ae41e4649b934ca495991b7852b855	0	children/AUTHOR-B1/members/DEL-11-02/parity-b.stderr
77c1df29d87ef87108696ddcaf248981a4dfc839e3e11cbb661563689d46414d	15	children/AUTHOR-B1/members/DEL-11-02/parity-b.stdout
e3b0c44298fc1c149afbf4c8996fb92427ae41e4649b934ca495991b7852b855	0	children/AUTHOR-B1/members/DEL-11-02/render-a.stderr
e3b0c44298fc1c149afbf4c8996fb92427ae41e4649b934ca495991b7852b855	0	children/AUTHOR-B1/members/DEL-11-02/render-a.stdout
e3b0c44298fc1c149afbf4c8996fb92427ae41e4649b934ca495991b7852b855	0	children/AUTHOR-B1/members/DEL-11-02/render-b.stderr
e3b0c44298fc1c149afbf4c8996fb92427ae41e4649b934ca495991b7852b855	0	children/AUTHOR-B1/members/DEL-11-02/render-b.stdout
82fbda955cbe44f5b4007d5fa452917ae6ab6bcdb51979c084180c998b363d08	19472	children/AUTHOR-B1/members/DEL-11-02/simulation/apply/Dependencies.csv
5ee358f1d73eeaf64efa648919820db81079ee2793b729bee7b42e4a3b3bd649	11746	children/AUTHOR-B1/members/DEL-11-02/simulation/apply/MEMORY.md
08dd7619787bf7f848ef0d76b718d84eebcb478908dc0fae51c58d3b89ce6130	142	children/AUTHOR-B1/members/DEL-11-02/simulation/apply/Review_Findings.csv
c71fa0a2749ae82e13c350980b65af676efc0f208c1fd3939747d472d7255e91	31738	children/AUTHOR-B1/members/DEL-11-02/simulation/apply/ScopeOfWork.md
ef5f19ddce96df85d5861877d01f18ef48b4ddaccbb1d5d3a838dd5ff02dd79e	2884	children/AUTHOR-B1/members/DEL-11-02/simulation/apply/_CONTEXT.md
3c1f0648b4b0ced83fc70dca03885b109159b2c54facb97c0695686aba909ef1	2776	children/AUTHOR-B1/members/DEL-11-02/simulation/apply/_DEPENDENCIES.md
05fff7030047acc46f41e53146771ae2b9b559716f51bad45e77a24db219d1a4	1368	children/AUTHOR-B1/members/DEL-11-02/simulation/apply/_REFERENCES.md
3890e2381365e5dedfdc68ac9a27174f5fffaa4177cef92138b288e65210eb86	4670	children/AUTHOR-B1/members/DEL-11-02/simulation/apply/_REVIEW.md
1e733c1b1a0cbbd0d689c1071b14e9f3b470752cbd063493df23eacddaa8d77c	33024	children/AUTHOR-B1/members/DEL-11-02/simulation/apply/_SEMANTIC.md
2ff35754aa893678154af355be90001e865691f8e2480b177826558fb273b2f4	15066	children/AUTHOR-B1/members/DEL-11-02/simulation/apply/_SEMANTIC_LENSING.md
f501f4c36d49d5602de2975f23a7a6e1b179ab83d36f77bc2db9bbd1c6229c3a	2844	children/AUTHOR-B1/members/DEL-11-02/simulation/apply/_STATUS.md
276e1a47d7c7fd4cebc5e7f5044bd2317f1c831f289c6677ce9df2f1f4d678fb	1212	children/AUTHOR-B1/members/DEL-11-02/simulation/apply/_run_records/TASK_RUN_2026-04-30_1215_dependency-extract.md
1b875455eb475c748d2f3cd11b27e016fd618291828b1c1fa468d84478451cee	1595	children/AUTHOR-B1/members/DEL-11-02/simulation/apply/_run_records/TASK_RUN_2026-04-30_1215_four-documents-p1-p2.md
501f25eccf91a24b48c84af4bf3f80a8e6277672d8b266950416c6b2d18e1146	1284	children/AUTHOR-B1/members/DEL-11-02/simulation/apply/_run_records/TASK_RUN_2026-04-30_1215_four-documents-p3.md
36e9f0fcd0adf1bcda143def5fb81aa93123e8093bf73a3905e2bccc367a8940	1006	children/AUTHOR-B1/members/DEL-11-02/simulation/apply/_run_records/TASK_RUN_2026-04-30_1215_lens-register.md
d8c543a00ea5327532eeb6dca7dbcaa261e0c2d97410b132f480d7efbf5b6976	1123	children/AUTHOR-B1/members/DEL-11-02/simulation/apply/_run_records/TASK_RUN_2026-04-30_1215_semantic-matrix-build.md
ac6c14b6779609384e004f92c5b89059447d5b6c65003b6cb4f72b3091565d50	3242	children/AUTHOR-B1/members/DEL-11-02/simulation/apply/_run_records/TASK_RUN_2026-05-11_TP-DAG-004_dependency-refresh-closeout.md
877db3d4797ab6f46a0f9fb5b254e81f159e95fbd5cd02e6dd8a5150ecc9f8d8	1720	children/AUTHOR-B1/members/DEL-11-02/simulation/apply/_run_records/TASK_RUN_2026-06-04_authority-refresh-0.7-dag006_DEL-11-02.md
e03380e40629cbf6867dacacf67a080621f8def94f860ae5e827e765936e3ab9	5514	children/AUTHOR-B1/members/DEL-11-02/simulation/apply/_run_records/TASK_RUN_2026-06-07_1711.md
d8246a4152bce1adfed5a31a6a0e241662dcc0050a0f326965b9710fbdd89417	4714	children/AUTHOR-B1/members/DEL-11-02/simulation/apply/_run_records/TASK_RUN_2026-06-07_1732.md
bf10c491fa8ba6e31eb282f9ef59dbace204a23433d1496050949ac01b35fb33	7113	children/AUTHOR-B1/members/DEL-11-02/simulation/apply/_run_records/TASK_RUN_2026-06-07_1812_DEL-11-02_consistency.md
b8ca408f49a093c829e803db7bca0fc28410eed627daf1c02fe31893616089c6	1367	children/AUTHOR-B1/members/DEL-11-02/simulation/apply/_run_records/TASK_RUN_2026-06-16_dependency-semantic-refresh_DEL-11-02.md
f00c99413de520546269c68d117f3c1d274bc9d5e4698e6f697c9430000a49bc	347	children/AUTHOR-B1/members/DEL-11-02/simulation/apply/_run_records/WORKING_ITEMS_RUN_2026-07-12_D41-R5-T7-PDU006.md
94825b2055439e6cd3d5eddde81c7a55a4027481d3378a4f86d18780151a7f2a	1068	children/AUTHOR-B1/members/DEL-11-02/simulation/apply/_run_records/WORKING_ITEMS_RUN_2026-07-12_D41-R5-T7-PDU055-CURRENTNESS.md
1abc2906b68fc92a2c886cfb3098b227824a492a520b04383e247c054d84f45b	6284	children/AUTHOR-B1/members/DEL-11-02/simulation/rollback/Datasheet.md
82fbda955cbe44f5b4007d5fa452917ae6ab6bcdb51979c084180c998b363d08	19472	children/AUTHOR-B1/members/DEL-11-02/simulation/rollback/Dependencies.csv
e42394c9c5da4a37e06add02f91647e1dc1f54e7174e117a1b5f7139eda88c59	7701	children/AUTHOR-B1/members/DEL-11-02/simulation/rollback/Guidance.md
5ee358f1d73eeaf64efa648919820db81079ee2793b729bee7b42e4a3b3bd649	11746	children/AUTHOR-B1/members/DEL-11-02/simulation/rollback/MEMORY.md
7da649f7a4abfe75be48ab1829786acbb3d6bc959dcd558e3d760250c633ef73	5947	children/AUTHOR-B1/members/DEL-11-02/simulation/rollback/Procedure.md
08dd7619787bf7f848ef0d76b718d84eebcb478908dc0fae51c58d3b89ce6130	142	children/AUTHOR-B1/members/DEL-11-02/simulation/rollback/Review_Findings.csv
82efc25124da83d0b2251c672d70504ad59dd589ba3f1042fe22cc58809e10ca	7843	children/AUTHOR-B1/members/DEL-11-02/simulation/rollback/Specification.md
ef5f19ddce96df85d5861877d01f18ef48b4ddaccbb1d5d3a838dd5ff02dd79e	2884	children/AUTHOR-B1/members/DEL-11-02/simulation/rollback/_CONTEXT.md
3c1f0648b4b0ced83fc70dca03885b109159b2c54facb97c0695686aba909ef1	2776	children/AUTHOR-B1/members/DEL-11-02/simulation/rollback/_DEPENDENCIES.md
05fff7030047acc46f41e53146771ae2b9b559716f51bad45e77a24db219d1a4	1368	children/AUTHOR-B1/members/DEL-11-02/simulation/rollback/_REFERENCES.md
3890e2381365e5dedfdc68ac9a27174f5fffaa4177cef92138b288e65210eb86	4670	children/AUTHOR-B1/members/DEL-11-02/simulation/rollback/_REVIEW.md
1e733c1b1a0cbbd0d689c1071b14e9f3b470752cbd063493df23eacddaa8d77c	33024	children/AUTHOR-B1/members/DEL-11-02/simulation/rollback/_SEMANTIC.md
2ff35754aa893678154af355be90001e865691f8e2480b177826558fb273b2f4	15066	children/AUTHOR-B1/members/DEL-11-02/simulation/rollback/_SEMANTIC_LENSING.md
f501f4c36d49d5602de2975f23a7a6e1b179ab83d36f77bc2db9bbd1c6229c3a	2844	children/AUTHOR-B1/members/DEL-11-02/simulation/rollback/_STATUS.md
276e1a47d7c7fd4cebc5e7f5044bd2317f1c831f289c6677ce9df2f1f4d678fb	1212	children/AUTHOR-B1/members/DEL-11-02/simulation/rollback/_run_records/TASK_RUN_2026-04-30_1215_dependency-extract.md
1b875455eb475c748d2f3cd11b27e016fd618291828b1c1fa468d84478451cee	1595	children/AUTHOR-B1/members/DEL-11-02/simulation/rollback/_run_records/TASK_RUN_2026-04-30_1215_four-documents-p1-p2.md
501f25eccf91a24b48c84af4bf3f80a8e6277672d8b266950416c6b2d18e1146	1284	children/AUTHOR-B1/members/DEL-11-02/simulation/rollback/_run_records/TASK_RUN_2026-04-30_1215_four-documents-p3.md
36e9f0fcd0adf1bcda143def5fb81aa93123e8093bf73a3905e2bccc367a8940	1006	children/AUTHOR-B1/members/DEL-11-02/simulation/rollback/_run_records/TASK_RUN_2026-04-30_1215_lens-register.md
d8c543a00ea5327532eeb6dca7dbcaa261e0c2d97410b132f480d7efbf5b6976	1123	children/AUTHOR-B1/members/DEL-11-02/simulation/rollback/_run_records/TASK_RUN_2026-04-30_1215_semantic-matrix-build.md
ac6c14b6779609384e004f92c5b89059447d5b6c65003b6cb4f72b3091565d50	3242	children/AUTHOR-B1/members/DEL-11-02/simulation/rollback/_run_records/TASK_RUN_2026-05-11_TP-DAG-004_dependency-refresh-closeout.md
877db3d4797ab6f46a0f9fb5b254e81f159e95fbd5cd02e6dd8a5150ecc9f8d8	1720	children/AUTHOR-B1/members/DEL-11-02/simulation/rollback/_run_records/TASK_RUN_2026-06-04_authority-refresh-0.7-dag006_DEL-11-02.md
e03380e40629cbf6867dacacf67a080621f8def94f860ae5e827e765936e3ab9	5514	children/AUTHOR-B1/members/DEL-11-02/simulation/rollback/_run_records/TASK_RUN_2026-06-07_1711.md
d8246a4152bce1adfed5a31a6a0e241662dcc0050a0f326965b9710fbdd89417	4714	children/AUTHOR-B1/members/DEL-11-02/simulation/rollback/_run_records/TASK_RUN_2026-06-07_1732.md
bf10c491fa8ba6e31eb282f9ef59dbace204a23433d1496050949ac01b35fb33	7113	children/AUTHOR-B1/members/DEL-11-02/simulation/rollback/_run_records/TASK_RUN_2026-06-07_1812_DEL-11-02_consistency.md
b8ca408f49a093c829e803db7bca0fc28410eed627daf1c02fe31893616089c6	1367	children/AUTHOR-B1/members/DEL-11-02/simulation/rollback/_run_records/TASK_RUN_2026-06-16_dependency-semantic-refresh_DEL-11-02.md
f00c99413de520546269c68d117f3c1d274bc9d5e4698e6f697c9430000a49bc	347	children/AUTHOR-B1/members/DEL-11-02/simulation/rollback/_run_records/WORKING_ITEMS_RUN_2026-07-12_D41-R5-T7-PDU006.md
94825b2055439e6cd3d5eddde81c7a55a4027481d3378a4f86d18780151a7f2a	1068	children/AUTHOR-B1/members/DEL-11-02/simulation/rollback/_run_records/WORKING_ITEMS_RUN_2026-07-12_D41-R5-T7-PDU055-CURRENTNESS.md
b33cc8d5c4cf79ffde1e85c4e56282f00b91427e5f19146e365e6af5eccb0e64	276	children/AUTHOR-B1/members/DEL-11-02/simulation-apply-validation.json
e3b0c44298fc1c149afbf4c8996fb92427ae41e4649b934ca495991b7852b855	0	children/AUTHOR-B1/members/DEL-11-02/simulation-apply-validation.stderr
758b666146503eeae8a6062671ed5d30697af7cb81cbfef05676f15616d457d6	264	children/AUTHOR-B1/members/DEL-11-02/validation-dual-a.json
e3b0c44298fc1c149afbf4c8996fb92427ae41e4649b934ca495991b7852b855	0	children/AUTHOR-B1/members/DEL-11-02/validation-dual-a.stderr
7886335756339a7eed1da1ec90b89a1500344e786b0d22f9da6f3dcd0278395e	264	children/AUTHOR-B1/members/DEL-11-02/validation-dual-b.json
e3b0c44298fc1c149afbf4c8996fb92427ae41e4649b934ca495991b7852b855	0	children/AUTHOR-B1/members/DEL-11-02/validation-dual-b.stderr
2333acce0585884605ac907069d13633dc3165f2283585851177d2a71459f22f	242	children/AUTHOR-B1/members/DEL-11-02/validation-sow-v1.json
e3b0c44298fc1c149afbf4c8996fb92427ae41e4649b934ca495991b7852b855	0	children/AUTHOR-B1/members/DEL-11-02/validation-sow-v1.stderr
1abc2906b68fc92a2c886cfb3098b227824a492a520b04383e247c054d84f45b	6284	children/AUTHOR-B1/members/DEL-11-02/workspace-a/Datasheet.md
82fbda955cbe44f5b4007d5fa452917ae6ab6bcdb51979c084180c998b363d08	19472	children/AUTHOR-B1/members/DEL-11-02/workspace-a/Dependencies.csv
e42394c9c5da4a37e06add02f91647e1dc1f54e7174e117a1b5f7139eda88c59	7701	children/AUTHOR-B1/members/DEL-11-02/workspace-a/Guidance.md
5ee358f1d73eeaf64efa648919820db81079ee2793b729bee7b42e4a3b3bd649	11746	children/AUTHOR-B1/members/DEL-11-02/workspace-a/MEMORY.md
7da649f7a4abfe75be48ab1829786acbb3d6bc959dcd558e3d760250c633ef73	5947	children/AUTHOR-B1/members/DEL-11-02/workspace-a/Procedure.md
08dd7619787bf7f848ef0d76b718d84eebcb478908dc0fae51c58d3b89ce6130	142	children/AUTHOR-B1/members/DEL-11-02/workspace-a/Review_Findings.csv
92cd83773220669a661896d81be40cb78f9c4d2f9a79f0189e38b4400b8e7b8f	39167	children/AUTHOR-B1/members/DEL-11-02/workspace-a/ScopeOfWork.md
82efc25124da83d0b2251c672d70504ad59dd589ba3f1042fe22cc58809e10ca	7843	children/AUTHOR-B1/members/DEL-11-02/workspace-a/Specification.md
ef5f19ddce96df85d5861877d01f18ef48b4ddaccbb1d5d3a838dd5ff02dd79e	2884	children/AUTHOR-B1/members/DEL-11-02/workspace-a/_CONTEXT.md
3c1f0648b4b0ced83fc70dca03885b109159b2c54facb97c0695686aba909ef1	2776	children/AUTHOR-B1/members/DEL-11-02/workspace-a/_DEPENDENCIES.md
05fff7030047acc46f41e53146771ae2b9b559716f51bad45e77a24db219d1a4	1368	children/AUTHOR-B1/members/DEL-11-02/workspace-a/_REFERENCES.md
3890e2381365e5dedfdc68ac9a27174f5fffaa4177cef92138b288e65210eb86	4670	children/AUTHOR-B1/members/DEL-11-02/workspace-a/_REVIEW.md
1e733c1b1a0cbbd0d689c1071b14e9f3b470752cbd063493df23eacddaa8d77c	33024	children/AUTHOR-B1/members/DEL-11-02/workspace-a/_SEMANTIC.md
2ff35754aa893678154af355be90001e865691f8e2480b177826558fb273b2f4	15066	children/AUTHOR-B1/members/DEL-11-02/workspace-a/_SEMANTIC_LENSING.md
f501f4c36d49d5602de2975f23a7a6e1b179ab83d36f77bc2db9bbd1c6229c3a	2844	children/AUTHOR-B1/members/DEL-11-02/workspace-a/_STATUS.md
276e1a47d7c7fd4cebc5e7f5044bd2317f1c831f289c6677ce9df2f1f4d678fb	1212	children/AUTHOR-B1/members/DEL-11-02/workspace-a/_run_records/TASK_RUN_2026-04-30_1215_dependency-extract.md
1b875455eb475c748d2f3cd11b27e016fd618291828b1c1fa468d84478451cee	1595	children/AUTHOR-B1/members/DEL-11-02/workspace-a/_run_records/TASK_RUN_2026-04-30_1215_four-documents-p1-p2.md
501f25eccf91a24b48c84af4bf3f80a8e6277672d8b266950416c6b2d18e1146	1284	children/AUTHOR-B1/members/DEL-11-02/workspace-a/_run_records/TASK_RUN_2026-04-30_1215_four-documents-p3.md
36e9f0fcd0adf1bcda143def5fb81aa93123e8093bf73a3905e2bccc367a8940	1006	children/AUTHOR-B1/members/DEL-11-02/workspace-a/_run_records/TASK_RUN_2026-04-30_1215_lens-register.md
d8c543a00ea5327532eeb6dca7dbcaa261e0c2d97410b132f480d7efbf5b6976	1123	children/AUTHOR-B1/members/DEL-11-02/workspace-a/_run_records/TASK_RUN_2026-04-30_1215_semantic-matrix-build.md
ac6c14b6779609384e004f92c5b89059447d5b6c65003b6cb4f72b3091565d50	3242	children/AUTHOR-B1/members/DEL-11-02/workspace-a/_run_records/TASK_RUN_2026-05-11_TP-DAG-004_dependency-refresh-closeout.md
877db3d4797ab6f46a0f9fb5b254e81f159e95fbd5cd02e6dd8a5150ecc9f8d8	1720	children/AUTHOR-B1/members/DEL-11-02/workspace-a/_run_records/TASK_RUN_2026-06-04_authority-refresh-0.7-dag006_DEL-11-02.md
e03380e40629cbf6867dacacf67a080621f8def94f860ae5e827e765936e3ab9	5514	children/AUTHOR-B1/members/DEL-11-02/workspace-a/_run_records/TASK_RUN_2026-06-07_1711.md
d8246a4152bce1adfed5a31a6a0e241662dcc0050a0f326965b9710fbdd89417	4714	children/AUTHOR-B1/members/DEL-11-02/workspace-a/_run_records/TASK_RUN_2026-06-07_1732.md
bf10c491fa8ba6e31eb282f9ef59dbace204a23433d1496050949ac01b35fb33	7113	children/AUTHOR-B1/members/DEL-11-02/workspace-a/_run_records/TASK_RUN_2026-06-07_1812_DEL-11-02_consistency.md
b8ca408f49a093c829e803db7bca0fc28410eed627daf1c02fe31893616089c6	1367	children/AUTHOR-B1/members/DEL-11-02/workspace-a/_run_records/TASK_RUN_2026-06-16_dependency-semantic-refresh_DEL-11-02.md
f00c99413de520546269c68d117f3c1d274bc9d5e4698e6f697c9430000a49bc	347	children/AUTHOR-B1/members/DEL-11-02/workspace-a/_run_records/WORKING_ITEMS_RUN_2026-07-12_D41-R5-T7-PDU006.md
94825b2055439e6cd3d5eddde81c7a55a4027481d3378a4f86d18780151a7f2a	1068	children/AUTHOR-B1/members/DEL-11-02/workspace-a/_run_records/WORKING_ITEMS_RUN_2026-07-12_D41-R5-T7-PDU055-CURRENTNESS.md
1abc2906b68fc92a2c886cfb3098b227824a492a520b04383e247c054d84f45b	6284	children/AUTHOR-B1/members/DEL-11-02/workspace-b/Datasheet.md
82fbda955cbe44f5b4007d5fa452917ae6ab6bcdb51979c084180c998b363d08	19472	children/AUTHOR-B1/members/DEL-11-02/workspace-b/Dependencies.csv
e42394c9c5da4a37e06add02f91647e1dc1f54e7174e117a1b5f7139eda88c59	7701	children/AUTHOR-B1/members/DEL-11-02/workspace-b/Guidance.md
5ee358f1d73eeaf64efa648919820db81079ee2793b729bee7b42e4a3b3bd649	11746	children/AUTHOR-B1/members/DEL-11-02/workspace-b/MEMORY.md
7da649f7a4abfe75be48ab1829786acbb3d6bc959dcd558e3d760250c633ef73	5947	children/AUTHOR-B1/members/DEL-11-02/workspace-b/Procedure.md
08dd7619787bf7f848ef0d76b718d84eebcb478908dc0fae51c58d3b89ce6130	142	children/AUTHOR-B1/members/DEL-11-02/workspace-b/Review_Findings.csv
92cd83773220669a661896d81be40cb78f9c4d2f9a79f0189e38b4400b8e7b8f	39167	children/AUTHOR-B1/members/DEL-11-02/workspace-b/ScopeOfWork.md
82efc25124da83d0b2251c672d70504ad59dd589ba3f1042fe22cc58809e10ca	7843	children/AUTHOR-B1/members/DEL-11-02/workspace-b/Specification.md
ef5f19ddce96df85d5861877d01f18ef48b4ddaccbb1d5d3a838dd5ff02dd79e	2884	children/AUTHOR-B1/members/DEL-11-02/workspace-b/_CONTEXT.md
3c1f0648b4b0ced83fc70dca03885b109159b2c54facb97c0695686aba909ef1	2776	children/AUTHOR-B1/members/DEL-11-02/workspace-b/_DEPENDENCIES.md
05fff7030047acc46f41e53146771ae2b9b559716f51bad45e77a24db219d1a4	1368	children/AUTHOR-B1/members/DEL-11-02/workspace-b/_REFERENCES.md
3890e2381365e5dedfdc68ac9a27174f5fffaa4177cef92138b288e65210eb86	4670	children/AUTHOR-B1/members/DEL-11-02/workspace-b/_REVIEW.md
1e733c1b1a0cbbd0d689c1071b14e9f3b470752cbd063493df23eacddaa8d77c	33024	children/AUTHOR-B1/members/DEL-11-02/workspace-b/_SEMANTIC.md
2ff35754aa893678154af355be90001e865691f8e2480b177826558fb273b2f4	15066	children/AUTHOR-B1/members/DEL-11-02/workspace-b/_SEMANTIC_LENSING.md
f501f4c36d49d5602de2975f23a7a6e1b179ab83d36f77bc2db9bbd1c6229c3a	2844	children/AUTHOR-B1/members/DEL-11-02/workspace-b/_STATUS.md
276e1a47d7c7fd4cebc5e7f5044bd2317f1c831f289c6677ce9df2f1f4d678fb	1212	children/AUTHOR-B1/members/DEL-11-02/workspace-b/_run_records/TASK_RUN_2026-04-30_1215_dependency-extract.md
1b875455eb475c748d2f3cd11b27e016fd618291828b1c1fa468d84478451cee	1595	children/AUTHOR-B1/members/DEL-11-02/workspace-b/_run_records/TASK_RUN_2026-04-30_1215_four-documents-p1-p2.md
501f25eccf91a24b48c84af4bf3f80a8e6277672d8b266950416c6b2d18e1146	1284	children/AUTHOR-B1/members/DEL-11-02/workspace-b/_run_records/TASK_RUN_2026-04-30_1215_four-documents-p3.md
36e9f0fcd0adf1bcda143def5fb81aa93123e8093bf73a3905e2bccc367a8940	1006	children/AUTHOR-B1/members/DEL-11-02/workspace-b/_run_records/TASK_RUN_2026-04-30_1215_lens-register.md
d8c543a00ea5327532eeb6dca7dbcaa261e0c2d97410b132f480d7efbf5b6976	1123	children/AUTHOR-B1/members/DEL-11-02/workspace-b/_run_records/TASK_RUN_2026-04-30_1215_semantic-matrix-build.md
ac6c14b6779609384e004f92c5b89059447d5b6c65003b6cb4f72b3091565d50	3242	children/AUTHOR-B1/members/DEL-11-02/workspace-b/_run_records/TASK_RUN_2026-05-11_TP-DAG-004_dependency-refresh-closeout.md
877db3d4797ab6f46a0f9fb5b254e81f159e95fbd5cd02e6dd8a5150ecc9f8d8	1720	children/AUTHOR-B1/members/DEL-11-02/workspace-b/_run_records/TASK_RUN_2026-06-04_authority-refresh-0.7-dag006_DEL-11-02.md
e03380e40629cbf6867dacacf67a080621f8def94f860ae5e827e765936e3ab9	5514	children/AUTHOR-B1/members/DEL-11-02/workspace-b/_run_records/TASK_RUN_2026-06-07_1711.md
d8246a4152bce1adfed5a31a6a0e241662dcc0050a0f326965b9710fbdd89417	4714	children/AUTHOR-B1/members/DEL-11-02/workspace-b/_run_records/TASK_RUN_2026-06-07_1732.md
bf10c491fa8ba6e31eb282f9ef59dbace204a23433d1496050949ac01b35fb33	7113	children/AUTHOR-B1/members/DEL-11-02/workspace-b/_run_records/TASK_RUN_2026-06-07_1812_DEL-11-02_consistency.md
b8ca408f49a093c829e803db7bca0fc28410eed627daf1c02fe31893616089c6	1367	children/AUTHOR-B1/members/DEL-11-02/workspace-b/_run_records/TASK_RUN_2026-06-16_dependency-semantic-refresh_DEL-11-02.md
f00c99413de520546269c68d117f3c1d274bc9d5e4698e6f697c9430000a49bc	347	children/AUTHOR-B1/members/DEL-11-02/workspace-b/_run_records/WORKING_ITEMS_RUN_2026-07-12_D41-R5-T7-PDU006.md
94825b2055439e6cd3d5eddde81c7a55a4027481d3378a4f86d18780151a7f2a	1068	children/AUTHOR-B1/members/DEL-11-02/workspace-b/_run_records/WORKING_ITEMS_RUN_2026-07-12_D41-R5-T7-PDU055-CURRENTNESS.md
564b066b08420e53d1b0200730056eb77e36cfee995a6681bc7642fca008dc3a	626	children/AUTHOR-B1/members/DEL-11-03/DERIVATIVE_DETERMINISM.tsv
d9196e3ff2fdac2815f1972e920905ec40c3911d6b3d12f95ad8d6436b8e807a	506	children/AUTHOR-B1/members/DEL-11-03/DETERMINISM.tsv
c31b09eff595c53da1c1facd52b3fd4673664b67d363298d331a02db27aa76f0	1643	children/AUTHOR-B1/members/DEL-11-03/FROZEN_ROW.tsv
5f9056334f60e894346fd36b3d7e92a6bbbe2503f19ff09c8726fadd1bd3b1f3	834	children/AUTHOR-B1/members/DEL-11-03/IMMUTABLE_LITERAL_AND_CONTEXT_REVIEW.md
8b228015f9ce183be724a790c29cb3b224ee3a6499b6e3ccbcc5914e1f4c26c2	630	children/AUTHOR-B1/members/DEL-11-03/MEMBER_SUMMARY.md
a5614e0b9fb6fa4aec9e3dd5234d0253a04e94827bf9844da3f8366948c228fc	1657	children/AUTHOR-B1/members/DEL-11-03/SOURCE_HASHES.tsv
b7f51bffbc654ae81948bb48c0662d53454f0577673403209dff1c198809ef00	45354	children/AUTHOR-B1/members/DEL-11-03/ScopeOfWork-a.html
b7f51bffbc654ae81948bb48c0662d53454f0577673403209dff1c198809ef00	45354	children/AUTHOR-B1/members/DEL-11-03/ScopeOfWork-b.html
7219ec4a8e09ab088138d02465002eb66755e8e34d8160231497bc8d60cdd9f6	1807	children/AUTHOR-B1/members/DEL-11-03/checklist-a.json
e3b0c44298fc1c149afbf4c8996fb92427ae41e4649b934ca495991b7852b855	0	children/AUTHOR-B1/members/DEL-11-03/checklist-a.stderr
e3b0c44298fc1c149afbf4c8996fb92427ae41e4649b934ca495991b7852b855	0	children/AUTHOR-B1/members/DEL-11-03/checklist-a.stdout
7219ec4a8e09ab088138d02465002eb66755e8e34d8160231497bc8d60cdd9f6	1807	children/AUTHOR-B1/members/DEL-11-03/checklist-b.json
e3b0c44298fc1c149afbf4c8996fb92427ae41e4649b934ca495991b7852b855	0	children/AUTHOR-B1/members/DEL-11-03/checklist-b.stderr
e3b0c44298fc1c149afbf4c8996fb92427ae41e4649b934ca495991b7852b855	0	children/AUTHOR-B1/members/DEL-11-03/checklist-b.stdout
fb4513bf6f9459857eacfa9df9dcd758a33d8795a57c046f4370171890c289f3	4944	children/AUTHOR-B1/members/DEL-11-03/claim-map-a.csv
e3b0c44298fc1c149afbf4c8996fb92427ae41e4649b934ca495991b7852b855	0	children/AUTHOR-B1/members/DEL-11-03/claim-map-a.stderr
65566f1539281dc11c78113b0d2afbcc1cbcdc88e8922673af21bcd878c9a5f3	207	children/AUTHOR-B1/members/DEL-11-03/claim-map-a.stdout
fb4513bf6f9459857eacfa9df9dcd758a33d8795a57c046f4370171890c289f3	4944	children/AUTHOR-B1/members/DEL-11-03/claim-map-b.csv
e3b0c44298fc1c149afbf4c8996fb92427ae41e4649b934ca495991b7852b855	0	children/AUTHOR-B1/members/DEL-11-03/claim-map-b.stderr
247bda3b4cb0b33c5e051ebcadda05256b6b04e1d167ad07f34cd6347c6df54a	207	children/AUTHOR-B1/members/DEL-11-03/claim-map-b.stdout
e3b0c44298fc1c149afbf4c8996fb92427ae41e4649b934ca495991b7852b855	0	children/AUTHOR-B1/members/DEL-11-03/conversion-a.stderr
8093f1236a837181bd258dae191b3de434682ddbe42b35085d0ac8a2f46b354d	198	children/AUTHOR-B1/members/DEL-11-03/conversion-a.stdout
e3b0c44298fc1c149afbf4c8996fb92427ae41e4649b934ca495991b7852b855	0	children/AUTHOR-B1/members/DEL-11-03/conversion-b.stderr
6bbcac6cef35461f13e31dce7a72bdf847062d0944afd59853f1645d923b44d2	198	children/AUTHOR-B1/members/DEL-11-03/conversion-b.stdout
b5e973588e062a9e85e4e7dc446fae66d654cfa9b778845cbef2b51bf2ea909d	34891	children/AUTHOR-B1/members/DEL-11-03/final-a/ScopeOfWork.md
88069e324bb7d48d915b280720ab9af075dccc3ad3742d6f30ba5a5c32a4f6ec	10385	children/AUTHOR-B1/members/DEL-11-03/final-a/report.json
b5e973588e062a9e85e4e7dc446fae66d654cfa9b778845cbef2b51bf2ea909d	34891	children/AUTHOR-B1/members/DEL-11-03/final-b/ScopeOfWork.md
88069e324bb7d48d915b280720ab9af075dccc3ad3742d6f30ba5a5c32a4f6ec	10385	children/AUTHOR-B1/members/DEL-11-03/final-b/report.json
e3b0c44298fc1c149afbf4c8996fb92427ae41e4649b934ca495991b7852b855	0	children/AUTHOR-B1/members/DEL-11-03/finalization-a.stderr
e2fa16bcb7250c3b552249cc9a26dd28eba4d478595c048e72b9f9500103afd7	216	children/AUTHOR-B1/members/DEL-11-03/finalization-a.stdout
e3b0c44298fc1c149afbf4c8996fb92427ae41e4649b934ca495991b7852b855	0	children/AUTHOR-B1/members/DEL-11-03/finalization-b.stderr
9e5be356018fb56703d20ef7334e34828506d580d7a0a0824b8184c253a69d05	216	children/AUTHOR-B1/members/DEL-11-03/finalization-b.stdout
c8b8f1a2452ccdfd44006303cbcc68b885201028d330f601fdcdd93d3f2937ac	34910	children/AUTHOR-B1/members/DEL-11-03/mutated-production/ScopeOfWork.md
4355a46b19d348dc2f57c046f8ef63d4538ebb936000f3c9ee954a27460dd865	2	children/AUTHOR-B1/members/DEL-11-03/negative-ambiguous-checklist.exit
b37a0cca9858c0352661b65d064e00020bbe562dbdaab6454812cd6c24f7dd2c	167	children/AUTHOR-B1/members/DEL-11-03/negative-ambiguous-checklist.stderr
e3b0c44298fc1c149afbf4c8996fb92427ae41e4649b934ca495991b7852b855	0	children/AUTHOR-B1/members/DEL-11-03/negative-ambiguous-checklist.stdout
4355a46b19d348dc2f57c046f8ef63d4538ebb936000f3c9ee954a27460dd865	2	children/AUTHOR-B1/members/DEL-11-03/negative-evidence-render.exit
cb0da27c60dce6b4cbcfd06282c5b6f1266cc686411a099c3c2ce0fa13f2bc8d	129	children/AUTHOR-B1/members/DEL-11-03/negative-evidence-render.stderr
e3b0c44298fc1c149afbf4c8996fb92427ae41e4649b934ca495991b7852b855	0	children/AUTHOR-B1/members/DEL-11-03/negative-evidence-render.stdout
4355a46b19d348dc2f57c046f8ef63d4538ebb936000f3c9ee954a27460dd865	2	children/AUTHOR-B1/members/DEL-11-03/negative-mutated-map.exit
508e4cba64abbcf0b6795d7878007071f478f6346c8328a87ab00f3b4203657f	97	children/AUTHOR-B1/members/DEL-11-03/negative-mutated-map.stderr
e3b0c44298fc1c149afbf4c8996fb92427ae41e4649b934ca495991b7852b855	0	children/AUTHOR-B1/members/DEL-11-03/negative-mutated-map.stdout
4355a46b19d348dc2f57c046f8ef63d4538ebb936000f3c9ee954a27460dd865	2	children/AUTHOR-B1/members/DEL-11-03/negative-mutated-parity.exit
a75b3d4e0516cbfc24d1b0f8ccd2c5bcbe91d4914f2c364e5279169f83f7f675	6711	children/AUTHOR-B1/members/DEL-11-03/negative-mutated-parity.json
e3b0c44298fc1c149afbf4c8996fb92427ae41e4649b934ca495991b7852b855	0	children/AUTHOR-B1/members/DEL-11-03/negative-mutated-parity.stderr
1cb31b8489d6d0bb14ef4d25a9462682d623c634ff95a081af0535246f481b23	15	children/AUTHOR-B1/members/DEL-11-03/negative-mutated-parity.stdout
69b6591983fecd78a3c2b39d8e1f42186e7e978318484edaba73a99b30bb788d	9677	children/AUTHOR-B1/members/DEL-11-03/negative-partial/Datasheet.md
6ad528c94194921bbce5169c3c937098480e9adc1658adeefa0aa5caae345311	2986	children/AUTHOR-B1/members/DEL-11-03/negative-partial/_STATUS.md
4355a46b19d348dc2f57c046f8ef63d4538ebb936000f3c9ee954a27460dd865	2	children/AUTHOR-B1/members/DEL-11-03/negative-partial-validation.exit
e3b0c44298fc1c149afbf4c8996fb92427ae41e4649b934ca495991b7852b855	0	children/AUTHOR-B1/members/DEL-11-03/negative-partial-validation.stderr
ed63d75156157412ebcb644460c595ab0ba9d1246f6158efe8d6cfd8be1b71bd	387	children/AUTHOR-B1/members/DEL-11-03/negative-partial-validation.stdout
4355a46b19d348dc2f57c046f8ef63d4538ebb936000f3c9ee954a27460dd865	2	children/AUTHOR-B1/members/DEL-11-03/negative-unauthorized-checklist.exit
72fbdb46d4b55ceeac9cb009dbd09cf92cf5cd08ccb47758238c60f426fecfc6	249	children/AUTHOR-B1/members/DEL-11-03/negative-unauthorized-checklist.stderr
e3b0c44298fc1c149afbf4c8996fb92427ae41e4649b934ca495991b7852b855	0	children/AUTHOR-B1/members/DEL-11-03/negative-unauthorized-checklist.stdout
4355a46b19d348dc2f57c046f8ef63d4538ebb936000f3c9ee954a27460dd865	2	children/AUTHOR-B1/members/DEL-11-03/negative-unauthorized-dual.exit
e3b0c44298fc1c149afbf4c8996fb92427ae41e4649b934ca495991b7852b855	0	children/AUTHOR-B1/members/DEL-11-03/negative-unauthorized-dual.stderr
fef322078a8d2ad6bc20a755de60fc19d374c37abea6569685cba0c262eb2b18	485	children/AUTHOR-B1/members/DEL-11-03/negative-unauthorized-dual.stdout
f3090acc0eda9c09eaa73c6f4a3d344bed0a64b4cc751423111277840855b8b2	6549	children/AUTHOR-B1/members/DEL-11-03/parity-a.json
b8aca0d9f95193ecd48de20321569549c42616017f0de08cc54a23e710bd206a	291	children/AUTHOR-B1/members/DEL-11-03/parity-a.md
e3b0c44298fc1c149afbf4c8996fb92427ae41e4649b934ca495991b7852b855	0	children/AUTHOR-B1/members/DEL-11-03/parity-a.stderr
f6333522230dca274955d26bfaf6476e440792229289e463a1cf5b076bc6e705	15	children/AUTHOR-B1/members/DEL-11-03/parity-a.stdout
f3090acc0eda9c09eaa73c6f4a3d344bed0a64b4cc751423111277840855b8b2	6549	children/AUTHOR-B1/members/DEL-11-03/parity-b.json
b8aca0d9f95193ecd48de20321569549c42616017f0de08cc54a23e710bd206a	291	children/AUTHOR-B1/members/DEL-11-03/parity-b.md
e3b0c44298fc1c149afbf4c8996fb92427ae41e4649b934ca495991b7852b855	0	children/AUTHOR-B1/members/DEL-11-03/parity-b.stderr
f6333522230dca274955d26bfaf6476e440792229289e463a1cf5b076bc6e705	15	children/AUTHOR-B1/members/DEL-11-03/parity-b.stdout
e3b0c44298fc1c149afbf4c8996fb92427ae41e4649b934ca495991b7852b855	0	children/AUTHOR-B1/members/DEL-11-03/render-a.stderr
e3b0c44298fc1c149afbf4c8996fb92427ae41e4649b934ca495991b7852b855	0	children/AUTHOR-B1/members/DEL-11-03/render-a.stdout
e3b0c44298fc1c149afbf4c8996fb92427ae41e4649b934ca495991b7852b855	0	children/AUTHOR-B1/members/DEL-11-03/render-b.stderr
e3b0c44298fc1c149afbf4c8996fb92427ae41e4649b934ca495991b7852b855	0	children/AUTHOR-B1/members/DEL-11-03/render-b.stdout
627efd11f723fa93b2f001d3ca68567a631922a7c97ad2f45c2fcbf8f20afd28	19219	children/AUTHOR-B1/members/DEL-11-03/simulation/apply/Dependencies.csv
bd12e8f40c32462dd46318d9fb8f766cd1d778d6fa20253804b78e9c6883af15	14948	children/AUTHOR-B1/members/DEL-11-03/simulation/apply/MEMORY.md
1fadb409770885344ea48191e042e4381c2eefd7838143c914a3c5c53e4ed0cb	1659	children/AUTHOR-B1/members/DEL-11-03/simulation/apply/Review_Findings.csv
b5e973588e062a9e85e4e7dc446fae66d654cfa9b778845cbef2b51bf2ea909d	34891	children/AUTHOR-B1/members/DEL-11-03/simulation/apply/ScopeOfWork.md
ae582504d7d8f6e249f7112ea6797b89f1c3335623d012325d30116aa189dab7	3033	children/AUTHOR-B1/members/DEL-11-03/simulation/apply/_CONTEXT.md
072993c1b2e51d42762707a8500fe1dba787632a24079a13e234a80a2df22e92	2833	children/AUTHOR-B1/members/DEL-11-03/simulation/apply/_DEPENDENCIES.md
3386e02dc3ecb50d9c61cee9d5091493b4d8347909b284ba34abe00ca28bdd99	2066	children/AUTHOR-B1/members/DEL-11-03/simulation/apply/_REFERENCES.md
7fdc6fcd95c07b585c2c3512ca04b8da67dcaaf2a30f0d46deac04b68d4e4052	15872	children/AUTHOR-B1/members/DEL-11-03/simulation/apply/_REVIEW.md
3ec5171a34820e573e9a52021f189360c58902e8c3d2b7abf3cc1ad93c0ac114	50584	children/AUTHOR-B1/members/DEL-11-03/simulation/apply/_SEMANTIC.md
eeb976d0713fe2950f7bfa1d5067b339971e375154632556270de54864fcb296	21999	children/AUTHOR-B1/members/DEL-11-03/simulation/apply/_SEMANTIC_LENSING.md
6ad528c94194921bbce5169c3c937098480e9adc1658adeefa0aa5caae345311	2986	children/AUTHOR-B1/members/DEL-11-03/simulation/apply/_STATUS.md
d3678e73218cb6433934fdc7ce5034be6d6350603e90c3fa4c4232c02ab74272	2143	children/AUTHOR-B1/members/DEL-11-03/simulation/apply/_run_records/TASK_RUN_2026-04-30_1115_four-documents-p1-p2.md
1f9ff2bf71dc2dac31771172ed864768cc43df28b0936f1bad8a48c2753883ed	1863	children/AUTHOR-B1/members/DEL-11-03/simulation/apply/_run_records/TASK_RUN_2026-04-30_1125_semantic-matrix-build.md
133ffea94697e4cb816fd5d91ca51817e03d32fe02b45750f1a68a00453b2f8b	1695	children/AUTHOR-B1/members/DEL-11-03/simulation/apply/_run_records/TASK_RUN_2026-04-30_1135_lens-register.md
def1890520fa09f0d7f59575882bdb5d49d32a5f0cdf40f5e3e6df64d89cc9ca	2696	children/AUTHOR-B1/members/DEL-11-03/simulation/apply/_run_records/TASK_RUN_2026-04-30_1145_four-documents-p3.md
0cfd4d3bf6663b6be6d85f67ed2ba2e56acb9939a0dcb3ad723033c5f5bccba1	2533	children/AUTHOR-B1/members/DEL-11-03/simulation/apply/_run_records/TASK_RUN_2026-04-30_1155_dependency-extract.md
8a95e0d8ea26768b378f8b7a1bd0d0cf94fb1e233fa6eb4accd0295478b0b661	3606	children/AUTHOR-B1/members/DEL-11-03/simulation/apply/_run_records/TASK_RUN_2026-05-10_2322_dependency-refresh-closeout.md
da7bb352c9b40ee4cbde22ef80ccbf4b1706164c3ba3f4ca584857c06105a678	1703	children/AUTHOR-B1/members/DEL-11-03/simulation/apply/_run_records/TASK_RUN_2026-06-04_authority-refresh-0.7-dag006_DEL-11-03.md
d199ed2846adba0f09812f189ac79e571182bbb158c1ace215384f2c70c03f3f	7973	children/AUTHOR-B1/members/DEL-11-03/simulation/apply/_run_records/TASK_RUN_2026-06-07_1624.md
4496501fd75ce4c8a998f0520e8b33764d28c87ccad3a3fd2b948a7049663a5b	4564	children/AUTHOR-B1/members/DEL-11-03/simulation/apply/_run_records/TASK_RUN_2026-06-07_1630.md
d31354b416b1d670c37eeba16eb37c048867643797381d095577b5c0369021b7	5747	children/AUTHOR-B1/members/DEL-11-03/simulation/apply/_run_records/TASK_RUN_2026-06-07_1635.md
9edc8387596f3f016080678b963e65078945617d06ab01e1030a68311b3de4ec	4369	children/AUTHOR-B1/members/DEL-11-03/simulation/apply/_run_records/TASK_RUN_2026-06-07_1732.md
0206dc4c27d16971ab3f50cc65cd587b466068f8e6e791f39abd5bf9c199b56f	1361	children/AUTHOR-B1/members/DEL-11-03/simulation/apply/_run_records/TASK_RUN_2026-06-07_1741_fanin-reference-cleanup.md
b8d7d8a72d910054f62d9fb4d71a2ed81cebb9a226a15dcac5c9671c1309e6a1	6393	children/AUTHOR-B1/members/DEL-11-03/simulation/apply/_run_records/TASK_RUN_2026-06-07_1812_DEL-11-03_consistency.md
1134fd23363c01639a41ac2300a083826ba9d11d3a4f9ff279c5da99781f20a8	1391	children/AUTHOR-B1/members/DEL-11-03/simulation/apply/_run_records/TASK_RUN_2026-06-16_dependency-semantic-refresh_DEL-11-03.md
8868b18e8126769d32ad50d09885e11321730258603726d67b38d8f190c9648f	961	children/AUTHOR-B1/members/DEL-11-03/simulation/apply/_run_records/WORKING_ITEMS_RUN_2026-07-12_D41-R5-T7-PDU055-CURRENTNESS.md
69b6591983fecd78a3c2b39d8e1f42186e7e978318484edaba73a99b30bb788d	9677	children/AUTHOR-B1/members/DEL-11-03/simulation/rollback/Datasheet.md
627efd11f723fa93b2f001d3ca68567a631922a7c97ad2f45c2fcbf8f20afd28	19219	children/AUTHOR-B1/members/DEL-11-03/simulation/rollback/Dependencies.csv
93f1549d79fd7812af4987fb19c0b58364a97305950bf963c174fae28be1c9c5	6895	children/AUTHOR-B1/members/DEL-11-03/simulation/rollback/Guidance.md
bd12e8f40c32462dd46318d9fb8f766cd1d778d6fa20253804b78e9c6883af15	14948	children/AUTHOR-B1/members/DEL-11-03/simulation/rollback/MEMORY.md
b7b704520662f00afa8356e8347878dd5912bc1c7ceb87f9f515e5c79bff5205	3540	children/AUTHOR-B1/members/DEL-11-03/simulation/rollback/Procedure.md
1fadb409770885344ea48191e042e4381c2eefd7838143c914a3c5c53e4ed0cb	1659	children/AUTHOR-B1/members/DEL-11-03/simulation/rollback/Review_Findings.csv
8fd4bde7c0145afd8b9bc345041e06376f34cc821082ca637cb64e7d98c472ae	10907	children/AUTHOR-B1/members/DEL-11-03/simulation/rollback/Specification.md
ae582504d7d8f6e249f7112ea6797b89f1c3335623d012325d30116aa189dab7	3033	children/AUTHOR-B1/members/DEL-11-03/simulation/rollback/_CONTEXT.md
072993c1b2e51d42762707a8500fe1dba787632a24079a13e234a80a2df22e92	2833	children/AUTHOR-B1/members/DEL-11-03/simulation/rollback/_DEPENDENCIES.md
3386e02dc3ecb50d9c61cee9d5091493b4d8347909b284ba34abe00ca28bdd99	2066	children/AUTHOR-B1/members/DEL-11-03/simulation/rollback/_REFERENCES.md
7fdc6fcd95c07b585c2c3512ca04b8da67dcaaf2a30f0d46deac04b68d4e4052	15872	children/AUTHOR-B1/members/DEL-11-03/simulation/rollback/_REVIEW.md
3ec5171a34820e573e9a52021f189360c58902e8c3d2b7abf3cc1ad93c0ac114	50584	children/AUTHOR-B1/members/DEL-11-03/simulation/rollback/_SEMANTIC.md
eeb976d0713fe2950f7bfa1d5067b339971e375154632556270de54864fcb296	21999	children/AUTHOR-B1/members/DEL-11-03/simulation/rollback/_SEMANTIC_LENSING.md
6ad528c94194921bbce5169c3c937098480e9adc1658adeefa0aa5caae345311	2986	children/AUTHOR-B1/members/DEL-11-03/simulation/rollback/_STATUS.md
d3678e73218cb6433934fdc7ce5034be6d6350603e90c3fa4c4232c02ab74272	2143	children/AUTHOR-B1/members/DEL-11-03/simulation/rollback/_run_records/TASK_RUN_2026-04-30_1115_four-documents-p1-p2.md
1f9ff2bf71dc2dac31771172ed864768cc43df28b0936f1bad8a48c2753883ed	1863	children/AUTHOR-B1/members/DEL-11-03/simulation/rollback/_run_records/TASK_RUN_2026-04-30_1125_semantic-matrix-build.md
133ffea94697e4cb816fd5d91ca51817e03d32fe02b45750f1a68a00453b2f8b	1695	children/AUTHOR-B1/members/DEL-11-03/simulation/rollback/_run_records/TASK_RUN_2026-04-30_1135_lens-register.md
def1890520fa09f0d7f59575882bdb5d49d32a5f0cdf40f5e3e6df64d89cc9ca	2696	children/AUTHOR-B1/members/DEL-11-03/simulation/rollback/_run_records/TASK_RUN_2026-04-30_1145_four-documents-p3.md
0cfd4d3bf6663b6be6d85f67ed2ba2e56acb9939a0dcb3ad723033c5f5bccba1	2533	children/AUTHOR-B1/members/DEL-11-03/simulation/rollback/_run_records/TASK_RUN_2026-04-30_1155_dependency-extract.md
8a95e0d8ea26768b378f8b7a1bd0d0cf94fb1e233fa6eb4accd0295478b0b661	3606	children/AUTHOR-B1/members/DEL-11-03/simulation/rollback/_run_records/TASK_RUN_2026-05-10_2322_dependency-refresh-closeout.md
da7bb352c9b40ee4cbde22ef80ccbf4b1706164c3ba3f4ca584857c06105a678	1703	children/AUTHOR-B1/members/DEL-11-03/simulation/rollback/_run_records/TASK_RUN_2026-06-04_authority-refresh-0.7-dag006_DEL-11-03.md
d199ed2846adba0f09812f189ac79e571182bbb158c1ace215384f2c70c03f3f	7973	children/AUTHOR-B1/members/DEL-11-03/simulation/rollback/_run_records/TASK_RUN_2026-06-07_1624.md
4496501fd75ce4c8a998f0520e8b33764d28c87ccad3a3fd2b948a7049663a5b	4564	children/AUTHOR-B1/members/DEL-11-03/simulation/rollback/_run_records/TASK_RUN_2026-06-07_1630.md
d31354b416b1d670c37eeba16eb37c048867643797381d095577b5c0369021b7	5747	children/AUTHOR-B1/members/DEL-11-03/simulation/rollback/_run_records/TASK_RUN_2026-06-07_1635.md
9edc8387596f3f016080678b963e65078945617d06ab01e1030a68311b3de4ec	4369	children/AUTHOR-B1/members/DEL-11-03/simulation/rollback/_run_records/TASK_RUN_2026-06-07_1732.md
0206dc4c27d16971ab3f50cc65cd587b466068f8e6e791f39abd5bf9c199b56f	1361	children/AUTHOR-B1/members/DEL-11-03/simulation/rollback/_run_records/TASK_RUN_2026-06-07_1741_fanin-reference-cleanup.md
b8d7d8a72d910054f62d9fb4d71a2ed81cebb9a226a15dcac5c9671c1309e6a1	6393	children/AUTHOR-B1/members/DEL-11-03/simulation/rollback/_run_records/TASK_RUN_2026-06-07_1812_DEL-11-03_consistency.md
1134fd23363c01639a41ac2300a083826ba9d11d3a4f9ff279c5da99781f20a8	1391	children/AUTHOR-B1/members/DEL-11-03/simulation/rollback/_run_records/TASK_RUN_2026-06-16_dependency-semantic-refresh_DEL-11-03.md
8868b18e8126769d32ad50d09885e11321730258603726d67b38d8f190c9648f	961	children/AUTHOR-B1/members/DEL-11-03/simulation/rollback/_run_records/WORKING_ITEMS_RUN_2026-07-12_D41-R5-T7-PDU055-CURRENTNESS.md
0a9e2ffeabf7c54b6043cb8139f4a75d8f5cdb56c10681ff679056c3a37f3d71	276	children/AUTHOR-B1/members/DEL-11-03/simulation-apply-validation.json
e3b0c44298fc1c149afbf4c8996fb92427ae41e4649b934ca495991b7852b855	0	children/AUTHOR-B1/members/DEL-11-03/simulation-apply-validation.stderr
b3b67d13a9fa1c99b6e2524a9523f4ee1384050252de179b29f50a672b6a0712	264	children/AUTHOR-B1/members/DEL-11-03/validation-dual-a.json
e3b0c44298fc1c149afbf4c8996fb92427ae41e4649b934ca495991b7852b855	0	children/AUTHOR-B1/members/DEL-11-03/validation-dual-a.stderr
a3d7db0deaf688319d7b7976ee753fd3c40f52065ab1f5edca26c1c5465c7791	264	children/AUTHOR-B1/members/DEL-11-03/validation-dual-b.json
e3b0c44298fc1c149afbf4c8996fb92427ae41e4649b934ca495991b7852b855	0	children/AUTHOR-B1/members/DEL-11-03/validation-dual-b.stderr
19adf96047e3e22b476458caef26ce5cbb627924a40a9d4434d6ef9c76e51e77	242	children/AUTHOR-B1/members/DEL-11-03/validation-sow-v1.json
e3b0c44298fc1c149afbf4c8996fb92427ae41e4649b934ca495991b7852b855	0	children/AUTHOR-B1/members/DEL-11-03/validation-sow-v1.stderr
69b6591983fecd78a3c2b39d8e1f42186e7e978318484edaba73a99b30bb788d	9677	children/AUTHOR-B1/members/DEL-11-03/workspace-a/Datasheet.md
627efd11f723fa93b2f001d3ca68567a631922a7c97ad2f45c2fcbf8f20afd28	19219	children/AUTHOR-B1/members/DEL-11-03/workspace-a/Dependencies.csv
93f1549d79fd7812af4987fb19c0b58364a97305950bf963c174fae28be1c9c5	6895	children/AUTHOR-B1/members/DEL-11-03/workspace-a/Guidance.md
bd12e8f40c32462dd46318d9fb8f766cd1d778d6fa20253804b78e9c6883af15	14948	children/AUTHOR-B1/members/DEL-11-03/workspace-a/MEMORY.md
b7b704520662f00afa8356e8347878dd5912bc1c7ceb87f9f515e5c79bff5205	3540	children/AUTHOR-B1/members/DEL-11-03/workspace-a/Procedure.md
1fadb409770885344ea48191e042e4381c2eefd7838143c914a3c5c53e4ed0cb	1659	children/AUTHOR-B1/members/DEL-11-03/workspace-a/Review_Findings.csv
5ce0f70a22864ad70145940519984fe24ab4ea3c7074837b7f89d6ef67624e2d	41149	children/AUTHOR-B1/members/DEL-11-03/workspace-a/ScopeOfWork.md
8fd4bde7c0145afd8b9bc345041e06376f34cc821082ca637cb64e7d98c472ae	10907	children/AUTHOR-B1/members/DEL-11-03/workspace-a/Specification.md
ae582504d7d8f6e249f7112ea6797b89f1c3335623d012325d30116aa189dab7	3033	children/AUTHOR-B1/members/DEL-11-03/workspace-a/_CONTEXT.md
072993c1b2e51d42762707a8500fe1dba787632a24079a13e234a80a2df22e92	2833	children/AUTHOR-B1/members/DEL-11-03/workspace-a/_DEPENDENCIES.md
3386e02dc3ecb50d9c61cee9d5091493b4d8347909b284ba34abe00ca28bdd99	2066	children/AUTHOR-B1/members/DEL-11-03/workspace-a/_REFERENCES.md
7fdc6fcd95c07b585c2c3512ca04b8da67dcaaf2a30f0d46deac04b68d4e4052	15872	children/AUTHOR-B1/members/DEL-11-03/workspace-a/_REVIEW.md
3ec5171a34820e573e9a52021f189360c58902e8c3d2b7abf3cc1ad93c0ac114	50584	children/AUTHOR-B1/members/DEL-11-03/workspace-a/_SEMANTIC.md
eeb976d0713fe2950f7bfa1d5067b339971e375154632556270de54864fcb296	21999	children/AUTHOR-B1/members/DEL-11-03/workspace-a/_SEMANTIC_LENSING.md
6ad528c94194921bbce5169c3c937098480e9adc1658adeefa0aa5caae345311	2986	children/AUTHOR-B1/members/DEL-11-03/workspace-a/_STATUS.md
d3678e73218cb6433934fdc7ce5034be6d6350603e90c3fa4c4232c02ab74272	2143	children/AUTHOR-B1/members/DEL-11-03/workspace-a/_run_records/TASK_RUN_2026-04-30_1115_four-documents-p1-p2.md
1f9ff2bf71dc2dac31771172ed864768cc43df28b0936f1bad8a48c2753883ed	1863	children/AUTHOR-B1/members/DEL-11-03/workspace-a/_run_records/TASK_RUN_2026-04-30_1125_semantic-matrix-build.md
133ffea94697e4cb816fd5d91ca51817e03d32fe02b45750f1a68a00453b2f8b	1695	children/AUTHOR-B1/members/DEL-11-03/workspace-a/_run_records/TASK_RUN_2026-04-30_1135_lens-register.md
def1890520fa09f0d7f59575882bdb5d49d32a5f0cdf40f5e3e6df64d89cc9ca	2696	children/AUTHOR-B1/members/DEL-11-03/workspace-a/_run_records/TASK_RUN_2026-04-30_1145_four-documents-p3.md
0cfd4d3bf6663b6be6d85f67ed2ba2e56acb9939a0dcb3ad723033c5f5bccba1	2533	children/AUTHOR-B1/members/DEL-11-03/workspace-a/_run_records/TASK_RUN_2026-04-30_1155_dependency-extract.md
8a95e0d8ea26768b378f8b7a1bd0d0cf94fb1e233fa6eb4accd0295478b0b661	3606	children/AUTHOR-B1/members/DEL-11-03/workspace-a/_run_records/TASK_RUN_2026-05-10_2322_dependency-refresh-closeout.md
da7bb352c9b40ee4cbde22ef80ccbf4b1706164c3ba3f4ca584857c06105a678	1703	children/AUTHOR-B1/members/DEL-11-03/workspace-a/_run_records/TASK_RUN_2026-06-04_authority-refresh-0.7-dag006_DEL-11-03.md
d199ed2846adba0f09812f189ac79e571182bbb158c1ace215384f2c70c03f3f	7973	children/AUTHOR-B1/members/DEL-11-03/workspace-a/_run_records/TASK_RUN_2026-06-07_1624.md
4496501fd75ce4c8a998f0520e8b33764d28c87ccad3a3fd2b948a7049663a5b	4564	children/AUTHOR-B1/members/DEL-11-03/workspace-a/_run_records/TASK_RUN_2026-06-07_1630.md
d31354b416b1d670c37eeba16eb37c048867643797381d095577b5c0369021b7	5747	children/AUTHOR-B1/members/DEL-11-03/workspace-a/_run_records/TASK_RUN_2026-06-07_1635.md
9edc8387596f3f016080678b963e65078945617d06ab01e1030a68311b3de4ec	4369	children/AUTHOR-B1/members/DEL-11-03/workspace-a/_run_records/TASK_RUN_2026-06-07_1732.md
0206dc4c27d16971ab3f50cc65cd587b466068f8e6e791f39abd5bf9c199b56f	1361	children/AUTHOR-B1/members/DEL-11-03/workspace-a/_run_records/TASK_RUN_2026-06-07_1741_fanin-reference-cleanup.md
b8d7d8a72d910054f62d9fb4d71a2ed81cebb9a226a15dcac5c9671c1309e6a1	6393	children/AUTHOR-B1/members/DEL-11-03/workspace-a/_run_records/TASK_RUN_2026-06-07_1812_DEL-11-03_consistency.md
1134fd23363c01639a41ac2300a083826ba9d11d3a4f9ff279c5da99781f20a8	1391	children/AUTHOR-B1/members/DEL-11-03/workspace-a/_run_records/TASK_RUN_2026-06-16_dependency-semantic-refresh_DEL-11-03.md
8868b18e8126769d32ad50d09885e11321730258603726d67b38d8f190c9648f	961	children/AUTHOR-B1/members/DEL-11-03/workspace-a/_run_records/WORKING_ITEMS_RUN_2026-07-12_D41-R5-T7-PDU055-CURRENTNESS.md
69b6591983fecd78a3c2b39d8e1f42186e7e978318484edaba73a99b30bb788d	9677	children/AUTHOR-B1/members/DEL-11-03/workspace-b/Datasheet.md
627efd11f723fa93b2f001d3ca68567a631922a7c97ad2f45c2fcbf8f20afd28	19219	children/AUTHOR-B1/members/DEL-11-03/workspace-b/Dependencies.csv
93f1549d79fd7812af4987fb19c0b58364a97305950bf963c174fae28be1c9c5	6895	children/AUTHOR-B1/members/DEL-11-03/workspace-b/Guidance.md
bd12e8f40c32462dd46318d9fb8f766cd1d778d6fa20253804b78e9c6883af15	14948	children/AUTHOR-B1/members/DEL-11-03/workspace-b/MEMORY.md
b7b704520662f00afa8356e8347878dd5912bc1c7ceb87f9f515e5c79bff5205	3540	children/AUTHOR-B1/members/DEL-11-03/workspace-b/Procedure.md
1fadb409770885344ea48191e042e4381c2eefd7838143c914a3c5c53e4ed0cb	1659	children/AUTHOR-B1/members/DEL-11-03/workspace-b/Review_Findings.csv
5ce0f70a22864ad70145940519984fe24ab4ea3c7074837b7f89d6ef67624e2d	41149	children/AUTHOR-B1/members/DEL-11-03/workspace-b/ScopeOfWork.md
8fd4bde7c0145afd8b9bc345041e06376f34cc821082ca637cb64e7d98c472ae	10907	children/AUTHOR-B1/members/DEL-11-03/workspace-b/Specification.md
ae582504d7d8f6e249f7112ea6797b89f1c3335623d012325d30116aa189dab7	3033	children/AUTHOR-B1/members/DEL-11-03/workspace-b/_CONTEXT.md
072993c1b2e51d42762707a8500fe1dba787632a24079a13e234a80a2df22e92	2833	children/AUTHOR-B1/members/DEL-11-03/workspace-b/_DEPENDENCIES.md
3386e02dc3ecb50d9c61cee9d5091493b4d8347909b284ba34abe00ca28bdd99	2066	children/AUTHOR-B1/members/DEL-11-03/workspace-b/_REFERENCES.md
7fdc6fcd95c07b585c2c3512ca04b8da67dcaaf2a30f0d46deac04b68d4e4052	15872	children/AUTHOR-B1/members/DEL-11-03/workspace-b/_REVIEW.md
3ec5171a34820e573e9a52021f189360c58902e8c3d2b7abf3cc1ad93c0ac114	50584	children/AUTHOR-B1/members/DEL-11-03/workspace-b/_SEMANTIC.md
eeb976d0713fe2950f7bfa1d5067b339971e375154632556270de54864fcb296	21999	children/AUTHOR-B1/members/DEL-11-03/workspace-b/_SEMANTIC_LENSING.md
6ad528c94194921bbce5169c3c937098480e9adc1658adeefa0aa5caae345311	2986	children/AUTHOR-B1/members/DEL-11-03/workspace-b/_STATUS.md
d3678e73218cb6433934fdc7ce5034be6d6350603e90c3fa4c4232c02ab74272	2143	children/AUTHOR-B1/members/DEL-11-03/workspace-b/_run_records/TASK_RUN_2026-04-30_1115_four-documents-p1-p2.md
1f9ff2bf71dc2dac31771172ed864768cc43df28b0936f1bad8a48c2753883ed	1863	children/AUTHOR-B1/members/DEL-11-03/workspace-b/_run_records/TASK_RUN_2026-04-30_1125_semantic-matrix-build.md
133ffea94697e4cb816fd5d91ca51817e03d32fe02b45750f1a68a00453b2f8b	1695	children/AUTHOR-B1/members/DEL-11-03/workspace-b/_run_records/TASK_RUN_2026-04-30_1135_lens-register.md
def1890520fa09f0d7f59575882bdb5d49d32a5f0cdf40f5e3e6df64d89cc9ca	2696	children/AUTHOR-B1/members/DEL-11-03/workspace-b/_run_records/TASK_RUN_2026-04-30_1145_four-documents-p3.md
0cfd4d3bf6663b6be6d85f67ed2ba2e56acb9939a0dcb3ad723033c5f5bccba1	2533	children/AUTHOR-B1/members/DEL-11-03/workspace-b/_run_records/TASK_RUN_2026-04-30_1155_dependency-extract.md
8a95e0d8ea26768b378f8b7a1bd0d0cf94fb1e233fa6eb4accd0295478b0b661	3606	children/AUTHOR-B1/members/DEL-11-03/workspace-b/_run_records/TASK_RUN_2026-05-10_2322_dependency-refresh-closeout.md
da7bb352c9b40ee4cbde22ef80ccbf4b1706164c3ba3f4ca584857c06105a678	1703	children/AUTHOR-B1/members/DEL-11-03/workspace-b/_run_records/TASK_RUN_2026-06-04_authority-refresh-0.7-dag006_DEL-11-03.md
d199ed2846adba0f09812f189ac79e571182bbb158c1ace215384f2c70c03f3f	7973	children/AUTHOR-B1/members/DEL-11-03/workspace-b/_run_records/TASK_RUN_2026-06-07_1624.md
4496501fd75ce4c8a998f0520e8b33764d28c87ccad3a3fd2b948a7049663a5b	4564	children/AUTHOR-B1/members/DEL-11-03/workspace-b/_run_records/TASK_RUN_2026-06-07_1630.md
d31354b416b1d670c37eeba16eb37c048867643797381d095577b5c0369021b7	5747	children/AUTHOR-B1/members/DEL-11-03/workspace-b/_run_records/TASK_RUN_2026-06-07_1635.md
9edc8387596f3f016080678b963e65078945617d06ab01e1030a68311b3de4ec	4369	children/AUTHOR-B1/members/DEL-11-03/workspace-b/_run_records/TASK_RUN_2026-06-07_1732.md
0206dc4c27d16971ab3f50cc65cd587b466068f8e6e791f39abd5bf9c199b56f	1361	children/AUTHOR-B1/members/DEL-11-03/workspace-b/_run_records/TASK_RUN_2026-06-07_1741_fanin-reference-cleanup.md
b8d7d8a72d910054f62d9fb4d71a2ed81cebb9a226a15dcac5c9671c1309e6a1	6393	children/AUTHOR-B1/members/DEL-11-03/workspace-b/_run_records/TASK_RUN_2026-06-07_1812_DEL-11-03_consistency.md
1134fd23363c01639a41ac2300a083826ba9d11d3a4f9ff279c5da99781f20a8	1391	children/AUTHOR-B1/members/DEL-11-03/workspace-b/_run_records/TASK_RUN_2026-06-16_dependency-semantic-refresh_DEL-11-03.md
8868b18e8126769d32ad50d09885e11321730258603726d67b38d8f190c9648f	961	children/AUTHOR-B1/members/DEL-11-03/workspace-b/_run_records/WORKING_ITEMS_RUN_2026-07-12_D41-R5-T7-PDU055-CURRENTNESS.md
91863ca27975edd9fded4dee7fc4720b0d15f8c344aad721d4deb237e10dcd59	626	children/AUTHOR-B1/members/DEL-11-04/DERIVATIVE_DETERMINISM.tsv
b8bb9cd873e125e60e5bef37000a52ebb5ba4c79e52038d732a2e7a1f54a2a40	506	children/AUTHOR-B1/members/DEL-11-04/DETERMINISM.tsv
5ebcac3eed864a0f1d5197d4282d56f920173f75477a594a66099eacc0f62055	1624	children/AUTHOR-B1/members/DEL-11-04/FROZEN_ROW.tsv
6a3de5ee800b8aa19cc4e88d2849535babfa07d9c60097b3a4c4888175cc0886	816	children/AUTHOR-B1/members/DEL-11-04/IMMUTABLE_LITERAL_AND_CONTEXT_REVIEW.md
95ba89b9ab8b5547be581daf9865eb97f3cfa8353b390da446f26bff5d0e43ea	630	children/AUTHOR-B1/members/DEL-11-04/MEMBER_SUMMARY.md
b4c78fd1283aa13c8a529f0af0b55a2b30278dfdd26e990175278e4f82a016b0	1657	children/AUTHOR-B1/members/DEL-11-04/SOURCE_HASHES.tsv
8e0ea41686a101e22924e40eb6d4d8519e460e53c112b1b31d954530d66de503	32501	children/AUTHOR-B1/members/DEL-11-04/ScopeOfWork-a.html
8e0ea41686a101e22924e40eb6d4d8519e460e53c112b1b31d954530d66de503	32501	children/AUTHOR-B1/members/DEL-11-04/ScopeOfWork-b.html
96a5e0c150b7111d4b53b896fd19c0c3fe7a9fb2e1d06262a7e51dd8de720bce	1779	children/AUTHOR-B1/members/DEL-11-04/checklist-a.json
e3b0c44298fc1c149afbf4c8996fb92427ae41e4649b934ca495991b7852b855	0	children/AUTHOR-B1/members/DEL-11-04/checklist-a.stderr
e3b0c44298fc1c149afbf4c8996fb92427ae41e4649b934ca495991b7852b855	0	children/AUTHOR-B1/members/DEL-11-04/checklist-a.stdout
96a5e0c150b7111d4b53b896fd19c0c3fe7a9fb2e1d06262a7e51dd8de720bce	1779	children/AUTHOR-B1/members/DEL-11-04/checklist-b.json
e3b0c44298fc1c149afbf4c8996fb92427ae41e4649b934ca495991b7852b855	0	children/AUTHOR-B1/members/DEL-11-04/checklist-b.stderr
e3b0c44298fc1c149afbf4c8996fb92427ae41e4649b934ca495991b7852b855	0	children/AUTHOR-B1/members/DEL-11-04/checklist-b.stdout
d9818a19469cd9a9efc63d372194d81afc1a10afa9550e67aa3b23c0935e5e99	5447	children/AUTHOR-B1/members/DEL-11-04/claim-map-a.csv
e3b0c44298fc1c149afbf4c8996fb92427ae41e4649b934ca495991b7852b855	0	children/AUTHOR-B1/members/DEL-11-04/claim-map-a.stderr
3e162a0e0355563867f957af71423048fa43d25d1485f3b9df4c5c7fbdf29573	207	children/AUTHOR-B1/members/DEL-11-04/claim-map-a.stdout
d9818a19469cd9a9efc63d372194d81afc1a10afa9550e67aa3b23c0935e5e99	5447	children/AUTHOR-B1/members/DEL-11-04/claim-map-b.csv
e3b0c44298fc1c149afbf4c8996fb92427ae41e4649b934ca495991b7852b855	0	children/AUTHOR-B1/members/DEL-11-04/claim-map-b.stderr
305547416fa7796437dca833514ec94c24fa4c32e8a51c8698c7ded1f7f21944	207	children/AUTHOR-B1/members/DEL-11-04/claim-map-b.stdout
e3b0c44298fc1c149afbf4c8996fb92427ae41e4649b934ca495991b7852b855	0	children/AUTHOR-B1/members/DEL-11-04/conversion-a.stderr
d264d0a797dd86d6386e41276136b7267b9e43d4505e0b175e6c8f30d688f4f1	198	children/AUTHOR-B1/members/DEL-11-04/conversion-a.stdout
e3b0c44298fc1c149afbf4c8996fb92427ae41e4649b934ca495991b7852b855	0	children/AUTHOR-B1/members/DEL-11-04/conversion-b.stderr
88ba043050a06197d1b6aac4c49aa9e1ded58c2c22a20351409c999d73fcde90	198	children/AUTHOR-B1/members/DEL-11-04/conversion-b.stdout
9fdf56afa1e57bff58c4eb000d45880a8ee495e7ab6a33a6183e642c28f3158a	25515	children/AUTHOR-B1/members/DEL-11-04/final-a/ScopeOfWork.md
72e785af819de072cbfbfc9e34019db89340d9c64d5c5697333ab8d566764456	11413	children/AUTHOR-B1/members/DEL-11-04/final-a/report.json
9fdf56afa1e57bff58c4eb000d45880a8ee495e7ab6a33a6183e642c28f3158a	25515	children/AUTHOR-B1/members/DEL-11-04/final-b/ScopeOfWork.md
72e785af819de072cbfbfc9e34019db89340d9c64d5c5697333ab8d566764456	11413	children/AUTHOR-B1/members/DEL-11-04/final-b/report.json
e3b0c44298fc1c149afbf4c8996fb92427ae41e4649b934ca495991b7852b855	0	children/AUTHOR-B1/members/DEL-11-04/finalization-a.stderr
25fafb064493f6cfb92e7de72e8d2345e11f382241b1c672b0e2d73f63e6dbf0	216	children/AUTHOR-B1/members/DEL-11-04/finalization-a.stdout
e3b0c44298fc1c149afbf4c8996fb92427ae41e4649b934ca495991b7852b855	0	children/AUTHOR-B1/members/DEL-11-04/finalization-b.stderr
24406a420e70c529529c5f437e7e484e20baf6a3abd3af73c9112f005d6d5d95	216	children/AUTHOR-B1/members/DEL-11-04/finalization-b.stdout
f3b7601f7b3c794c13a43ff5d7851e12e6af0376bd5e9d34a9efef46d0456333	25534	children/AUTHOR-B1/members/DEL-11-04/mutated-production/ScopeOfWork.md
4355a46b19d348dc2f57c046f8ef63d4538ebb936000f3c9ee954a27460dd865	2	children/AUTHOR-B1/members/DEL-11-04/negative-ambiguous-checklist.exit
b37a0cca9858c0352661b65d064e00020bbe562dbdaab6454812cd6c24f7dd2c	167	children/AUTHOR-B1/members/DEL-11-04/negative-ambiguous-checklist.stderr
e3b0c44298fc1c149afbf4c8996fb92427ae41e4649b934ca495991b7852b855	0	children/AUTHOR-B1/members/DEL-11-04/negative-ambiguous-checklist.stdout
4355a46b19d348dc2f57c046f8ef63d4538ebb936000f3c9ee954a27460dd865	2	children/AUTHOR-B1/members/DEL-11-04/negative-evidence-render.exit
cb0da27c60dce6b4cbcfd06282c5b6f1266cc686411a099c3c2ce0fa13f2bc8d	129	children/AUTHOR-B1/members/DEL-11-04/negative-evidence-render.stderr
e3b0c44298fc1c149afbf4c8996fb92427ae41e4649b934ca495991b7852b855	0	children/AUTHOR-B1/members/DEL-11-04/negative-evidence-render.stdout
4355a46b19d348dc2f57c046f8ef63d4538ebb936000f3c9ee954a27460dd865	2	children/AUTHOR-B1/members/DEL-11-04/negative-mutated-map.exit
508e4cba64abbcf0b6795d7878007071f478f6346c8328a87ab00f3b4203657f	97	children/AUTHOR-B1/members/DEL-11-04/negative-mutated-map.stderr
e3b0c44298fc1c149afbf4c8996fb92427ae41e4649b934ca495991b7852b855	0	children/AUTHOR-B1/members/DEL-11-04/negative-mutated-map.stdout
4355a46b19d348dc2f57c046f8ef63d4538ebb936000f3c9ee954a27460dd865	2	children/AUTHOR-B1/members/DEL-11-04/negative-mutated-parity.exit
0ee48fd8b149fcf5fbb1bd0bbcfedb606864bbf97429078c4981b4bde188dfef	7310	children/AUTHOR-B1/members/DEL-11-04/negative-mutated-parity.json
e3b0c44298fc1c149afbf4c8996fb92427ae41e4649b934ca495991b7852b855	0	children/AUTHOR-B1/members/DEL-11-04/negative-mutated-parity.stderr
d9b6ecb026500a8b34ef1c99a4c58238c92f03e0ebf9bcf7ee789092999775d7	15	children/AUTHOR-B1/members/DEL-11-04/negative-mutated-parity.stdout
09b4213e66163d7f87b931372f6503ce5fb98a7c0f865e335f4930a751c94d01	5630	children/AUTHOR-B1/members/DEL-11-04/negative-partial/Datasheet.md
27fbea8cd7eb5ea3d33bfb3b3be62689a8621d4e2ec09fe2d668382819a4472f	2816	children/AUTHOR-B1/members/DEL-11-04/negative-partial/_STATUS.md
4355a46b19d348dc2f57c046f8ef63d4538ebb936000f3c9ee954a27460dd865	2	children/AUTHOR-B1/members/DEL-11-04/negative-partial-validation.exit
e3b0c44298fc1c149afbf4c8996fb92427ae41e4649b934ca495991b7852b855	0	children/AUTHOR-B1/members/DEL-11-04/negative-partial-validation.stderr
ad5f718156e86c26681f1cbd3ade44a2568e028f56bccc3d20333b2910ae5ab1	387	children/AUTHOR-B1/members/DEL-11-04/negative-partial-validation.stdout
4355a46b19d348dc2f57c046f8ef63d4538ebb936000f3c9ee954a27460dd865	2	children/AUTHOR-B1/members/DEL-11-04/negative-unauthorized-checklist.exit
72fbdb46d4b55ceeac9cb009dbd09cf92cf5cd08ccb47758238c60f426fecfc6	249	children/AUTHOR-B1/members/DEL-11-04/negative-unauthorized-checklist.stderr
e3b0c44298fc1c149afbf4c8996fb92427ae41e4649b934ca495991b7852b855	0	children/AUTHOR-B1/members/DEL-11-04/negative-unauthorized-checklist.stdout
4355a46b19d348dc2f57c046f8ef63d4538ebb936000f3c9ee954a27460dd865	2	children/AUTHOR-B1/members/DEL-11-04/negative-unauthorized-dual.exit
e3b0c44298fc1c149afbf4c8996fb92427ae41e4649b934ca495991b7852b855	0	children/AUTHOR-B1/members/DEL-11-04/negative-unauthorized-dual.stderr
45b24395bf0c3a29681cbf7284cd24c9b80e8be4ba8b976fcff9b18d638a645c	485	children/AUTHOR-B1/members/DEL-11-04/negative-unauthorized-dual.stdout
64e51d83e0181aa08247b3351399220806b8814c1811435ad9878013241a57f9	7148	children/AUTHOR-B1/members/DEL-11-04/parity-a.json
576cdfe234df349524ad0e1f4b101f013800b60fdc1e441538e22acabd8eb3c0	291	children/AUTHOR-B1/members/DEL-11-04/parity-a.md
e3b0c44298fc1c149afbf4c8996fb92427ae41e4649b934ca495991b7852b855	0	children/AUTHOR-B1/members/DEL-11-04/parity-a.stderr
2adf825cc41fd6d2719e73f21f24c64cc2943f8f210c7c3342419457cb6f8be0	15	children/AUTHOR-B1/members/DEL-11-04/parity-a.stdout
64e51d83e0181aa08247b3351399220806b8814c1811435ad9878013241a57f9	7148	children/AUTHOR-B1/members/DEL-11-04/parity-b.json
576cdfe234df349524ad0e1f4b101f013800b60fdc1e441538e22acabd8eb3c0	291	children/AUTHOR-B1/members/DEL-11-04/parity-b.md
e3b0c44298fc1c149afbf4c8996fb92427ae41e4649b934ca495991b7852b855	0	children/AUTHOR-B1/members/DEL-11-04/parity-b.stderr
2adf825cc41fd6d2719e73f21f24c64cc2943f8f210c7c3342419457cb6f8be0	15	children/AUTHOR-B1/members/DEL-11-04/parity-b.stdout
e3b0c44298fc1c149afbf4c8996fb92427ae41e4649b934ca495991b7852b855	0	children/AUTHOR-B1/members/DEL-11-04/render-a.stderr
e3b0c44298fc1c149afbf4c8996fb92427ae41e4649b934ca495991b7852b855	0	children/AUTHOR-B1/members/DEL-11-04/render-a.stdout
e3b0c44298fc1c149afbf4c8996fb92427ae41e4649b934ca495991b7852b855	0	children/AUTHOR-B1/members/DEL-11-04/render-b.stderr
e3b0c44298fc1c149afbf4c8996fb92427ae41e4649b934ca495991b7852b855	0	children/AUTHOR-B1/members/DEL-11-04/render-b.stdout
7b131378a5f68a9bcd4dfab7436f80f760dbb35abeb0731b18e77ba78fc80ae7	22492	children/AUTHOR-B1/members/DEL-11-04/simulation/apply/Dependencies.csv
bc6a553b21f57e857883c483a45f6e072c7e693985c8303e23acfa6a17c537d6	10830	children/AUTHOR-B1/members/DEL-11-04/simulation/apply/MEMORY.md
9ddf5915f1bb08e94dbfe258bb0349dad6c7b0227ac13164cf487b6ef55ad994	1905	children/AUTHOR-B1/members/DEL-11-04/simulation/apply/Review_Findings.csv
9fdf56afa1e57bff58c4eb000d45880a8ee495e7ab6a33a6183e642c28f3158a	25515	children/AUTHOR-B1/members/DEL-11-04/simulation/apply/ScopeOfWork.md
ebb09ce8dc9916e08bd13c44ba3022bd75ac92d7f2fe427e8fdb042cb9ba56df	2895	children/AUTHOR-B1/members/DEL-11-04/simulation/apply/_CONTEXT.md
67e477907fad36337248198059bb6f8c36ddc2804fca22dbabd3c91db8dc89ab	2787	children/AUTHOR-B1/members/DEL-11-04/simulation/apply/_DEPENDENCIES.md
bdaaf5233331362848c8959d8613ed8a4637f7616269648d93d23db94581c4b0	1362	children/AUTHOR-B1/members/DEL-11-04/simulation/apply/_REFERENCES.md
4d05c9a5ef47f625ac01ea1b5f31b3f32524098f4bc8e115a41a2a17d24b646a	9156	children/AUTHOR-B1/members/DEL-11-04/simulation/apply/_REVIEW.md
10bdd939fe3b93bb6642eefec8c00ac4419ea088471b5c9db885eaa3185c6229	20619	children/AUTHOR-B1/members/DEL-11-04/simulation/apply/_SEMANTIC.md
04679328d0c306966f22bf98d6143596df18cdd79a8eeeeb3d310c1ddbbb2eba	17701	children/AUTHOR-B1/members/DEL-11-04/simulation/apply/_SEMANTIC_LENSING.md
27fbea8cd7eb5ea3d33bfb3b3be62689a8621d4e2ec09fe2d668382819a4472f	2816	children/AUTHOR-B1/members/DEL-11-04/simulation/apply/_STATUS.md
0a91a963b7b0b976e959e6d79472d201392dc6c5546819c645ac4eef01c7bde8	1576	children/AUTHOR-B1/members/DEL-11-04/simulation/apply/_run_records/TASK_RUN_2026-04-30_1115_four-documents-P1_P2.md
8852ad0ba74c4df9769e01add23b8b34a6ffc3ee5abed58cd3295c60ed749787	1133	children/AUTHOR-B1/members/DEL-11-04/simulation/apply/_run_records/TASK_RUN_2026-04-30_1116_semantic-matrix-build.md
9d627956167ca3b9a6fac68850e0f254a68c3bb83ecbc32615b564ab03feec61	1116	children/AUTHOR-B1/members/DEL-11-04/simulation/apply/_run_records/TASK_RUN_2026-04-30_1117_lens-register.md
0939464e4d1a40c05fcb0bbdae36d1842766c664134588f12924038400380730	1445	children/AUTHOR-B1/members/DEL-11-04/simulation/apply/_run_records/TASK_RUN_2026-04-30_1118_four-documents-P3_ONLY.md
035208068456818a76cfba5cc74786ae1493a7eda3003d9fff31d54a6449fcd2	1484	children/AUTHOR-B1/members/DEL-11-04/simulation/apply/_run_records/TASK_RUN_2026-04-30_1119_dependency-extract.md
85aa706bafe01d54002ed3549efeb4c810b947664244d5864922865a4badfecb	4524	children/AUTHOR-B1/members/DEL-11-04/simulation/apply/_run_records/TASK_RUN_2026-05-10_2323_dependency-refresh-closeout.md
38ff3b394b3d2fc57ed0871bb41296c4bb5cff04f445d8e25a6823d9dcd50850	1686	children/AUTHOR-B1/members/DEL-11-04/simulation/apply/_run_records/TASK_RUN_2026-06-04_authority-refresh-0.7-dag006_DEL-11-04.md
067d32ffd5b0a5014053039f09677030b1b2a089acc7cfc0f9cc9db180b4059c	3759	children/AUTHOR-B1/members/DEL-11-04/simulation/apply/_run_records/TASK_RUN_2026-06-07_1438.md
7ca6720545163f2e6e4ad28ce3fc673dbf7ad7851c1c2d827ad20db74c19c4ae	1355	children/AUTHOR-B1/members/DEL-11-04/simulation/apply/_run_records/TASK_RUN_2026-06-16_dependency-semantic-refresh_DEL-11-04.md
9b2a5a5ab5df37028df25efc8c037447e187ccdabb55f08f8bbcbeffd24d5155	2622	children/AUTHOR-B1/members/DEL-11-04/simulation/apply/_run_records/TP-DEL1104-SCHEMA-ALIGN-001_2026-05-31.md
9d3183bd8079cfce5610210001b89136ffe86289be4df9b92209e8574382b4be	1005	children/AUTHOR-B1/members/DEL-11-04/simulation/apply/_run_records/WORKING_ITEMS_RUN_2026-07-12_D41-R5-T7-PDU055-CURRENTNESS.md
09b4213e66163d7f87b931372f6503ce5fb98a7c0f865e335f4930a751c94d01	5630	children/AUTHOR-B1/members/DEL-11-04/simulation/rollback/Datasheet.md
7b131378a5f68a9bcd4dfab7436f80f760dbb35abeb0731b18e77ba78fc80ae7	22492	children/AUTHOR-B1/members/DEL-11-04/simulation/rollback/Dependencies.csv
8d902ac39e758e89b6c36197f363a1f51ba00c6e48f6f93aa57affab595c99e7	5303	children/AUTHOR-B1/members/DEL-11-04/simulation/rollback/Guidance.md
bc6a553b21f57e857883c483a45f6e072c7e693985c8303e23acfa6a17c537d6	10830	children/AUTHOR-B1/members/DEL-11-04/simulation/rollback/MEMORY.md
8a4d1fff026bdf88f249ea4091460cbc635249df9b21f67dc14d01701ea7bb41	3928	children/AUTHOR-B1/members/DEL-11-04/simulation/rollback/Procedure.md
9ddf5915f1bb08e94dbfe258bb0349dad6c7b0227ac13164cf487b6ef55ad994	1905	children/AUTHOR-B1/members/DEL-11-04/simulation/rollback/Review_Findings.csv
67915993d5911e1da8315c9ec321172f0b742cfa22d12924ed023e6ec91e73aa	6942	children/AUTHOR-B1/members/DEL-11-04/simulation/rollback/Specification.md
ebb09ce8dc9916e08bd13c44ba3022bd75ac92d7f2fe427e8fdb042cb9ba56df	2895	children/AUTHOR-B1/members/DEL-11-04/simulation/rollback/_CONTEXT.md
67e477907fad36337248198059bb6f8c36ddc2804fca22dbabd3c91db8dc89ab	2787	children/AUTHOR-B1/members/DEL-11-04/simulation/rollback/_DEPENDENCIES.md
bdaaf5233331362848c8959d8613ed8a4637f7616269648d93d23db94581c4b0	1362	children/AUTHOR-B1/members/DEL-11-04/simulation/rollback/_REFERENCES.md
4d05c9a5ef47f625ac01ea1b5f31b3f32524098f4bc8e115a41a2a17d24b646a	9156	children/AUTHOR-B1/members/DEL-11-04/simulation/rollback/_REVIEW.md
10bdd939fe3b93bb6642eefec8c00ac4419ea088471b5c9db885eaa3185c6229	20619	children/AUTHOR-B1/members/DEL-11-04/simulation/rollback/_SEMANTIC.md
04679328d0c306966f22bf98d6143596df18cdd79a8eeeeb3d310c1ddbbb2eba	17701	children/AUTHOR-B1/members/DEL-11-04/simulation/rollback/_SEMANTIC_LENSING.md
27fbea8cd7eb5ea3d33bfb3b3be62689a8621d4e2ec09fe2d668382819a4472f	2816	children/AUTHOR-B1/members/DEL-11-04/simulation/rollback/_STATUS.md
0a91a963b7b0b976e959e6d79472d201392dc6c5546819c645ac4eef01c7bde8	1576	children/AUTHOR-B1/members/DEL-11-04/simulation/rollback/_run_records/TASK_RUN_2026-04-30_1115_four-documents-P1_P2.md
8852ad0ba74c4df9769e01add23b8b34a6ffc3ee5abed58cd3295c60ed749787	1133	children/AUTHOR-B1/members/DEL-11-04/simulation/rollback/_run_records/TASK_RUN_2026-04-30_1116_semantic-matrix-build.md
9d627956167ca3b9a6fac68850e0f254a68c3bb83ecbc32615b564ab03feec61	1116	children/AUTHOR-B1/members/DEL-11-04/simulation/rollback/_run_records/TASK_RUN_2026-04-30_1117_lens-register.md
0939464e4d1a40c05fcb0bbdae36d1842766c664134588f12924038400380730	1445	children/AUTHOR-B1/members/DEL-11-04/simulation/rollback/_run_records/TASK_RUN_2026-04-30_1118_four-documents-P3_ONLY.md
035208068456818a76cfba5cc74786ae1493a7eda3003d9fff31d54a6449fcd2	1484	children/AUTHOR-B1/members/DEL-11-04/simulation/rollback/_run_records/TASK_RUN_2026-04-30_1119_dependency-extract.md
85aa706bafe01d54002ed3549efeb4c810b947664244d5864922865a4badfecb	4524	children/AUTHOR-B1/members/DEL-11-04/simulation/rollback/_run_records/TASK_RUN_2026-05-10_2323_dependency-refresh-closeout.md
38ff3b394b3d2fc57ed0871bb41296c4bb5cff04f445d8e25a6823d9dcd50850	1686	children/AUTHOR-B1/members/DEL-11-04/simulation/rollback/_run_records/TASK_RUN_2026-06-04_authority-refresh-0.7-dag006_DEL-11-04.md
067d32ffd5b0a5014053039f09677030b1b2a089acc7cfc0f9cc9db180b4059c	3759	children/AUTHOR-B1/members/DEL-11-04/simulation/rollback/_run_records/TASK_RUN_2026-06-07_1438.md
7ca6720545163f2e6e4ad28ce3fc673dbf7ad7851c1c2d827ad20db74c19c4ae	1355	children/AUTHOR-B1/members/DEL-11-04/simulation/rollback/_run_records/TASK_RUN_2026-06-16_dependency-semantic-refresh_DEL-11-04.md
9b2a5a5ab5df37028df25efc8c037447e187ccdabb55f08f8bbcbeffd24d5155	2622	children/AUTHOR-B1/members/DEL-11-04/simulation/rollback/_run_records/TP-DEL1104-SCHEMA-ALIGN-001_2026-05-31.md
9d3183bd8079cfce5610210001b89136ffe86289be4df9b92209e8574382b4be	1005	children/AUTHOR-B1/members/DEL-11-04/simulation/rollback/_run_records/WORKING_ITEMS_RUN_2026-07-12_D41-R5-T7-PDU055-CURRENTNESS.md
70e03ab64e2759adf7ffdba788c8d4d15995e17fdeb2c37e96b6796ff6d03367	276	children/AUTHOR-B1/members/DEL-11-04/simulation-apply-validation.json
e3b0c44298fc1c149afbf4c8996fb92427ae41e4649b934ca495991b7852b855	0	children/AUTHOR-B1/members/DEL-11-04/simulation-apply-validation.stderr
44f71691d5bdce499e16e311070c2e316e2d6a2d642838eb8cbad60bd3e10865	264	children/AUTHOR-B1/members/DEL-11-04/validation-dual-a.json
e3b0c44298fc1c149afbf4c8996fb92427ae41e4649b934ca495991b7852b855	0	children/AUTHOR-B1/members/DEL-11-04/validation-dual-a.stderr
d1c367bee8e8984b7e682a0861b7e84879fb9e22135f5f4327d8a0fb91cf67a1	264	children/AUTHOR-B1/members/DEL-11-04/validation-dual-b.json
e3b0c44298fc1c149afbf4c8996fb92427ae41e4649b934ca495991b7852b855	0	children/AUTHOR-B1/members/DEL-11-04/validation-dual-b.stderr
c3ee50fe170e4f08642a5ba39796e98f4c19ad44438a8740871eef9814159086	242	children/AUTHOR-B1/members/DEL-11-04/validation-sow-v1.json
e3b0c44298fc1c149afbf4c8996fb92427ae41e4649b934ca495991b7852b855	0	children/AUTHOR-B1/members/DEL-11-04/validation-sow-v1.stderr
09b4213e66163d7f87b931372f6503ce5fb98a7c0f865e335f4930a751c94d01	5630	children/AUTHOR-B1/members/DEL-11-04/workspace-a/Datasheet.md
7b131378a5f68a9bcd4dfab7436f80f760dbb35abeb0731b18e77ba78fc80ae7	22492	children/AUTHOR-B1/members/DEL-11-04/workspace-a/Dependencies.csv
8d902ac39e758e89b6c36197f363a1f51ba00c6e48f6f93aa57affab595c99e7	5303	children/AUTHOR-B1/members/DEL-11-04/workspace-a/Guidance.md
bc6a553b21f57e857883c483a45f6e072c7e693985c8303e23acfa6a17c537d6	10830	children/AUTHOR-B1/members/DEL-11-04/workspace-a/MEMORY.md
8a4d1fff026bdf88f249ea4091460cbc635249df9b21f67dc14d01701ea7bb41	3928	children/AUTHOR-B1/members/DEL-11-04/workspace-a/Procedure.md
9ddf5915f1bb08e94dbfe258bb0349dad6c7b0227ac13164cf487b6ef55ad994	1905	children/AUTHOR-B1/members/DEL-11-04/workspace-a/Review_Findings.csv
b57daaf2ef6b61394c7f92aeb5cfa3ddfc67e7f93efccbc0e7e0670cb8cba1d7	32678	children/AUTHOR-B1/members/DEL-11-04/workspace-a/ScopeOfWork.md
67915993d5911e1da8315c9ec321172f0b742cfa22d12924ed023e6ec91e73aa	6942	children/AUTHOR-B1/members/DEL-11-04/workspace-a/Specification.md
ebb09ce8dc9916e08bd13c44ba3022bd75ac92d7f2fe427e8fdb042cb9ba56df	2895	children/AUTHOR-B1/members/DEL-11-04/workspace-a/_CONTEXT.md
67e477907fad36337248198059bb6f8c36ddc2804fca22dbabd3c91db8dc89ab	2787	children/AUTHOR-B1/members/DEL-11-04/workspace-a/_DEPENDENCIES.md
bdaaf5233331362848c8959d8613ed8a4637f7616269648d93d23db94581c4b0	1362	children/AUTHOR-B1/members/DEL-11-04/workspace-a/_REFERENCES.md
4d05c9a5ef47f625ac01ea1b5f31b3f32524098f4bc8e115a41a2a17d24b646a	9156	children/AUTHOR-B1/members/DEL-11-04/workspace-a/_REVIEW.md
10bdd939fe3b93bb6642eefec8c00ac4419ea088471b5c9db885eaa3185c6229	20619	children/AUTHOR-B1/members/DEL-11-04/workspace-a/_SEMANTIC.md
04679328d0c306966f22bf98d6143596df18cdd79a8eeeeb3d310c1ddbbb2eba	17701	children/AUTHOR-B1/members/DEL-11-04/workspace-a/_SEMANTIC_LENSING.md
27fbea8cd7eb5ea3d33bfb3b3be62689a8621d4e2ec09fe2d668382819a4472f	2816	children/AUTHOR-B1/members/DEL-11-04/workspace-a/_STATUS.md
0a91a963b7b0b976e959e6d79472d201392dc6c5546819c645ac4eef01c7bde8	1576	children/AUTHOR-B1/members/DEL-11-04/workspace-a/_run_records/TASK_RUN_2026-04-30_1115_four-documents-P1_P2.md
8852ad0ba74c4df9769e01add23b8b34a6ffc3ee5abed58cd3295c60ed749787	1133	children/AUTHOR-B1/members/DEL-11-04/workspace-a/_run_records/TASK_RUN_2026-04-30_1116_semantic-matrix-build.md
9d627956167ca3b9a6fac68850e0f254a68c3bb83ecbc32615b564ab03feec61	1116	children/AUTHOR-B1/members/DEL-11-04/workspace-a/_run_records/TASK_RUN_2026-04-30_1117_lens-register.md
0939464e4d1a40c05fcb0bbdae36d1842766c664134588f12924038400380730	1445	children/AUTHOR-B1/members/DEL-11-04/workspace-a/_run_records/TASK_RUN_2026-04-30_1118_four-documents-P3_ONLY.md
035208068456818a76cfba5cc74786ae1493a7eda3003d9fff31d54a6449fcd2	1484	children/AUTHOR-B1/members/DEL-11-04/workspace-a/_run_records/TASK_RUN_2026-04-30_1119_dependency-extract.md
85aa706bafe01d54002ed3549efeb4c810b947664244d5864922865a4badfecb	4524	children/AUTHOR-B1/members/DEL-11-04/workspace-a/_run_records/TASK_RUN_2026-05-10_2323_dependency-refresh-closeout.md
38ff3b394b3d2fc57ed0871bb41296c4bb5cff04f445d8e25a6823d9dcd50850	1686	children/AUTHOR-B1/members/DEL-11-04/workspace-a/_run_records/TASK_RUN_2026-06-04_authority-refresh-0.7-dag006_DEL-11-04.md
067d32ffd5b0a5014053039f09677030b1b2a089acc7cfc0f9cc9db180b4059c	3759	children/AUTHOR-B1/members/DEL-11-04/workspace-a/_run_records/TASK_RUN_2026-06-07_1438.md
7ca6720545163f2e6e4ad28ce3fc673dbf7ad7851c1c2d827ad20db74c19c4ae	1355	children/AUTHOR-B1/members/DEL-11-04/workspace-a/_run_records/TASK_RUN_2026-06-16_dependency-semantic-refresh_DEL-11-04.md
9b2a5a5ab5df37028df25efc8c037447e187ccdabb55f08f8bbcbeffd24d5155	2622	children/AUTHOR-B1/members/DEL-11-04/workspace-a/_run_records/TP-DEL1104-SCHEMA-ALIGN-001_2026-05-31.md
9d3183bd8079cfce5610210001b89136ffe86289be4df9b92209e8574382b4be	1005	children/AUTHOR-B1/members/DEL-11-04/workspace-a/_run_records/WORKING_ITEMS_RUN_2026-07-12_D41-R5-T7-PDU055-CURRENTNESS.md
09b4213e66163d7f87b931372f6503ce5fb98a7c0f865e335f4930a751c94d01	5630	children/AUTHOR-B1/members/DEL-11-04/workspace-b/Datasheet.md
7b131378a5f68a9bcd4dfab7436f80f760dbb35abeb0731b18e77ba78fc80ae7	22492	children/AUTHOR-B1/members/DEL-11-04/workspace-b/Dependencies.csv
8d902ac39e758e89b6c36197f363a1f51ba00c6e48f6f93aa57affab595c99e7	5303	children/AUTHOR-B1/members/DEL-11-04/workspace-b/Guidance.md
bc6a553b21f57e857883c483a45f6e072c7e693985c8303e23acfa6a17c537d6	10830	children/AUTHOR-B1/members/DEL-11-04/workspace-b/MEMORY.md
8a4d1fff026bdf88f249ea4091460cbc635249df9b21f67dc14d01701ea7bb41	3928	children/AUTHOR-B1/members/DEL-11-04/workspace-b/Procedure.md
9ddf5915f1bb08e94dbfe258bb0349dad6c7b0227ac13164cf487b6ef55ad994	1905	children/AUTHOR-B1/members/DEL-11-04/workspace-b/Review_Findings.csv
b57daaf2ef6b61394c7f92aeb5cfa3ddfc67e7f93efccbc0e7e0670cb8cba1d7	32678	children/AUTHOR-B1/members/DEL-11-04/workspace-b/ScopeOfWork.md
67915993d5911e1da8315c9ec321172f0b742cfa22d12924ed023e6ec91e73aa	6942	children/AUTHOR-B1/members/DEL-11-04/workspace-b/Specification.md
ebb09ce8dc9916e08bd13c44ba3022bd75ac92d7f2fe427e8fdb042cb9ba56df	2895	children/AUTHOR-B1/members/DEL-11-04/workspace-b/_CONTEXT.md
67e477907fad36337248198059bb6f8c36ddc2804fca22dbabd3c91db8dc89ab	2787	children/AUTHOR-B1/members/DEL-11-04/workspace-b/_DEPENDENCIES.md
bdaaf5233331362848c8959d8613ed8a4637f7616269648d93d23db94581c4b0	1362	children/AUTHOR-B1/members/DEL-11-04/workspace-b/_REFERENCES.md
4d05c9a5ef47f625ac01ea1b5f31b3f32524098f4bc8e115a41a2a17d24b646a	9156	children/AUTHOR-B1/members/DEL-11-04/workspace-b/_REVIEW.md
10bdd939fe3b93bb6642eefec8c00ac4419ea088471b5c9db885eaa3185c6229	20619	children/AUTHOR-B1/members/DEL-11-04/workspace-b/_SEMANTIC.md
04679328d0c306966f22bf98d6143596df18cdd79a8eeeeb3d310c1ddbbb2eba	17701	children/AUTHOR-B1/members/DEL-11-04/workspace-b/_SEMANTIC_LENSING.md
27fbea8cd7eb5ea3d33bfb3b3be62689a8621d4e2ec09fe2d668382819a4472f	2816	children/AUTHOR-B1/members/DEL-11-04/workspace-b/_STATUS.md
0a91a963b7b0b976e959e6d79472d201392dc6c5546819c645ac4eef01c7bde8	1576	children/AUTHOR-B1/members/DEL-11-04/workspace-b/_run_records/TASK_RUN_2026-04-30_1115_four-documents-P1_P2.md
8852ad0ba74c4df9769e01add23b8b34a6ffc3ee5abed58cd3295c60ed749787	1133	children/AUTHOR-B1/members/DEL-11-04/workspace-b/_run_records/TASK_RUN_2026-04-30_1116_semantic-matrix-build.md
9d627956167ca3b9a6fac68850e0f254a68c3bb83ecbc32615b564ab03feec61	1116	children/AUTHOR-B1/members/DEL-11-04/workspace-b/_run_records/TASK_RUN_2026-04-30_1117_lens-register.md
0939464e4d1a40c05fcb0bbdae36d1842766c664134588f12924038400380730	1445	children/AUTHOR-B1/members/DEL-11-04/workspace-b/_run_records/TASK_RUN_2026-04-30_1118_four-documents-P3_ONLY.md
035208068456818a76cfba5cc74786ae1493a7eda3003d9fff31d54a6449fcd2	1484	children/AUTHOR-B1/members/DEL-11-04/workspace-b/_run_records/TASK_RUN_2026-04-30_1119_dependency-extract.md
85aa706bafe01d54002ed3549efeb4c810b947664244d5864922865a4badfecb	4524	children/AUTHOR-B1/members/DEL-11-04/workspace-b/_run_records/TASK_RUN_2026-05-10_2323_dependency-refresh-closeout.md
38ff3b394b3d2fc57ed0871bb41296c4bb5cff04f445d8e25a6823d9dcd50850	1686	children/AUTHOR-B1/members/DEL-11-04/workspace-b/_run_records/TASK_RUN_2026-06-04_authority-refresh-0.7-dag006_DEL-11-04.md
067d32ffd5b0a5014053039f09677030b1b2a089acc7cfc0f9cc9db180b4059c	3759	children/AUTHOR-B1/members/DEL-11-04/workspace-b/_run_records/TASK_RUN_2026-06-07_1438.md
7ca6720545163f2e6e4ad28ce3fc673dbf7ad7851c1c2d827ad20db74c19c4ae	1355	children/AUTHOR-B1/members/DEL-11-04/workspace-b/_run_records/TASK_RUN_2026-06-16_dependency-semantic-refresh_DEL-11-04.md
9b2a5a5ab5df37028df25efc8c037447e187ccdabb55f08f8bbcbeffd24d5155	2622	children/AUTHOR-B1/members/DEL-11-04/workspace-b/_run_records/TP-DEL1104-SCHEMA-ALIGN-001_2026-05-31.md
9d3183bd8079cfce5610210001b89136ffe86289be4df9b92209e8574382b4be	1005	children/AUTHOR-B1/members/DEL-11-04/workspace-b/_run_records/WORKING_ITEMS_RUN_2026-07-12_D41-R5-T7-PDU055-CURRENTNESS.md
065de91cb42e8b1a79b7092732ab746c65b73cb0f7f3cea868e0bfcf4bada181	626	children/AUTHOR-B1/members/DEL-11-05/DERIVATIVE_DETERMINISM.tsv
26baf3f11edf960ea26b6dfa8e5e62c7653b4074f39246259c105d630e80e655	506	children/AUTHOR-B1/members/DEL-11-05/DETERMINISM.tsv
3c6cd19b596ecdbb6d85e960313ebf0c93cb97e8f9ae57d958428d3bbb57fc52	1624	children/AUTHOR-B1/members/DEL-11-05/FROZEN_ROW.tsv
8bc8ef21988eca9386d9065e0b9fc740a29d20fba6e24ecfd96c82b42c3acc08	816	children/AUTHOR-B1/members/DEL-11-05/IMMUTABLE_LITERAL_AND_CONTEXT_REVIEW.md
d00703732e5c49b5bf6b32412bfbe0986eefb7b2bf56e08bae56b6e545c2e85b	630	children/AUTHOR-B1/members/DEL-11-05/MEMBER_SUMMARY.md
716043151d09d75b4779bad3506ccf1975419e7251ddec57abce823d5005d2d6	1657	children/AUTHOR-B1/members/DEL-11-05/SOURCE_HASHES.tsv
d94b4d948f2e6394b027fc4d3ea952512b3211c5f8e0e4a62a78e66d437fdb4a	35765	children/AUTHOR-B1/members/DEL-11-05/ScopeOfWork-a.html
d94b4d948f2e6394b027fc4d3ea952512b3211c5f8e0e4a62a78e66d437fdb4a	35765	children/AUTHOR-B1/members/DEL-11-05/ScopeOfWork-b.html
9d17efd082d2e31e4b6053ef29eb767b08d2b2bcac58c11fb71ea82417356ed0	1777	children/AUTHOR-B1/members/DEL-11-05/checklist-a.json
e3b0c44298fc1c149afbf4c8996fb92427ae41e4649b934ca495991b7852b855	0	children/AUTHOR-B1/members/DEL-11-05/checklist-a.stderr
e3b0c44298fc1c149afbf4c8996fb92427ae41e4649b934ca495991b7852b855	0	children/AUTHOR-B1/members/DEL-11-05/checklist-a.stdout
9d17efd082d2e31e4b6053ef29eb767b08d2b2bcac58c11fb71ea82417356ed0	1777	children/AUTHOR-B1/members/DEL-11-05/checklist-b.json
e3b0c44298fc1c149afbf4c8996fb92427ae41e4649b934ca495991b7852b855	0	children/AUTHOR-B1/members/DEL-11-05/checklist-b.stderr
e3b0c44298fc1c149afbf4c8996fb92427ae41e4649b934ca495991b7852b855	0	children/AUTHOR-B1/members/DEL-11-05/checklist-b.stdout
c36a49b539923b6e1dc32b87ef58a24ce320008274de93d49140d3908d8d92d2	6109	children/AUTHOR-B1/members/DEL-11-05/claim-map-a.csv
e3b0c44298fc1c149afbf4c8996fb92427ae41e4649b934ca495991b7852b855	0	children/AUTHOR-B1/members/DEL-11-05/claim-map-a.stderr
fa1d6c7ea55d0eff798979ca4f6af882564f68d59f607c1e5b8b5eba22b177ee	207	children/AUTHOR-B1/members/DEL-11-05/claim-map-a.stdout
c36a49b539923b6e1dc32b87ef58a24ce320008274de93d49140d3908d8d92d2	6109	children/AUTHOR-B1/members/DEL-11-05/claim-map-b.csv
e3b0c44298fc1c149afbf4c8996fb92427ae41e4649b934ca495991b7852b855	0	children/AUTHOR-B1/members/DEL-11-05/claim-map-b.stderr
b8fb4edc01c8b68efa52c766c2540f935ebed787add4f94314f4f6ded09796ec	207	children/AUTHOR-B1/members/DEL-11-05/claim-map-b.stdout
e3b0c44298fc1c149afbf4c8996fb92427ae41e4649b934ca495991b7852b855	0	children/AUTHOR-B1/members/DEL-11-05/conversion-a.stderr
0ce765e75ca2b497ec7e6f76957a0cc084f341524bc1e80147be384f7b687f6a	198	children/AUTHOR-B1/members/DEL-11-05/conversion-a.stdout
e3b0c44298fc1c149afbf4c8996fb92427ae41e4649b934ca495991b7852b855	0	children/AUTHOR-B1/members/DEL-11-05/conversion-b.stderr
eb44f9a68bb58e4a3a68dc4505748eac1a9fee71bb608745fa05737a59322393	198	children/AUTHOR-B1/members/DEL-11-05/conversion-b.stdout
94153b259b6a942fa3492e0da9d614028fdcd8297b099c7c54eb9feb9c6e46e2	27682	children/AUTHOR-B1/members/DEL-11-05/final-a/ScopeOfWork.md
dc4b59055a7831b3bccd2b77d6b34965be714ab7cbe4fd18663a126a66f5e991	12775	children/AUTHOR-B1/members/DEL-11-05/final-a/report.json
94153b259b6a942fa3492e0da9d614028fdcd8297b099c7c54eb9feb9c6e46e2	27682	children/AUTHOR-B1/members/DEL-11-05/final-b/ScopeOfWork.md
dc4b59055a7831b3bccd2b77d6b34965be714ab7cbe4fd18663a126a66f5e991	12775	children/AUTHOR-B1/members/DEL-11-05/final-b/report.json
e3b0c44298fc1c149afbf4c8996fb92427ae41e4649b934ca495991b7852b855	0	children/AUTHOR-B1/members/DEL-11-05/finalization-a.stderr
a896211a119e2add649278d1f2e463957ab0e5f395ed2cb91192c1ccdd2f7b4d	216	children/AUTHOR-B1/members/DEL-11-05/finalization-a.stdout
e3b0c44298fc1c149afbf4c8996fb92427ae41e4649b934ca495991b7852b855	0	children/AUTHOR-B1/members/DEL-11-05/finalization-b.stderr
56c7115f9482c62cd854e03ce066227c0569b87880f93a32802801401a337e62	216	children/AUTHOR-B1/members/DEL-11-05/finalization-b.stdout
ccbe6c78d65e798d147b76dd17c367330143edf1fd18bdb09741d6eafa75635e	27701	children/AUTHOR-B1/members/DEL-11-05/mutated-production/ScopeOfWork.md
4355a46b19d348dc2f57c046f8ef63d4538ebb936000f3c9ee954a27460dd865	2	children/AUTHOR-B1/members/DEL-11-05/negative-ambiguous-checklist.exit
b37a0cca9858c0352661b65d064e00020bbe562dbdaab6454812cd6c24f7dd2c	167	children/AUTHOR-B1/members/DEL-11-05/negative-ambiguous-checklist.stderr
e3b0c44298fc1c149afbf4c8996fb92427ae41e4649b934ca495991b7852b855	0	children/AUTHOR-B1/members/DEL-11-05/negative-ambiguous-checklist.stdout
4355a46b19d348dc2f57c046f8ef63d4538ebb936000f3c9ee954a27460dd865	2	children/AUTHOR-B1/members/DEL-11-05/negative-evidence-render.exit
cb0da27c60dce6b4cbcfd06282c5b6f1266cc686411a099c3c2ce0fa13f2bc8d	129	children/AUTHOR-B1/members/DEL-11-05/negative-evidence-render.stderr
e3b0c44298fc1c149afbf4c8996fb92427ae41e4649b934ca495991b7852b855	0	children/AUTHOR-B1/members/DEL-11-05/negative-evidence-render.stdout
4355a46b19d348dc2f57c046f8ef63d4538ebb936000f3c9ee954a27460dd865	2	children/AUTHOR-B1/members/DEL-11-05/negative-mutated-map.exit
508e4cba64abbcf0b6795d7878007071f478f6346c8328a87ab00f3b4203657f	97	children/AUTHOR-B1/members/DEL-11-05/negative-mutated-map.stderr
e3b0c44298fc1c149afbf4c8996fb92427ae41e4649b934ca495991b7852b855	0	children/AUTHOR-B1/members/DEL-11-05/negative-mutated-map.stdout
4355a46b19d348dc2f57c046f8ef63d4538ebb936000f3c9ee954a27460dd865	2	children/AUTHOR-B1/members/DEL-11-05/negative-mutated-parity.exit
5f3f04c51b227de3d48b90a9237868b6ad423a8004752cf3b19daf63fafeed86	8100	children/AUTHOR-B1/members/DEL-11-05/negative-mutated-parity.json
e3b0c44298fc1c149afbf4c8996fb92427ae41e4649b934ca495991b7852b855	0	children/AUTHOR-B1/members/DEL-11-05/negative-mutated-parity.stderr
e42b0ec8f0fcd5a076c7104420f10c1e43fad7794218c37045cbbea30646c239	15	children/AUTHOR-B1/members/DEL-11-05/negative-mutated-parity.stdout
2d324238e33e5f1a5de9f94b98c8b70284e115123c3bdfb168bab1a7095044a0	6253	children/AUTHOR-B1/members/DEL-11-05/negative-partial/Datasheet.md
cc48a6870db3d116f548b674465149c27281908c394c7c08982a25b2c23cd1e1	2439	children/AUTHOR-B1/members/DEL-11-05/negative-partial/_STATUS.md
4355a46b19d348dc2f57c046f8ef63d4538ebb936000f3c9ee954a27460dd865	2	children/AUTHOR-B1/members/DEL-11-05/negative-partial-validation.exit
e3b0c44298fc1c149afbf4c8996fb92427ae41e4649b934ca495991b7852b855	0	children/AUTHOR-B1/members/DEL-11-05/negative-partial-validation.stderr
5264072bf6960c279f1981847c596c42258fa5d3dfb77929eec26954efd90d7d	387	children/AUTHOR-B1/members/DEL-11-05/negative-partial-validation.stdout
4355a46b19d348dc2f57c046f8ef63d4538ebb936000f3c9ee954a27460dd865	2	children/AUTHOR-B1/members/DEL-11-05/negative-unauthorized-checklist.exit
72fbdb46d4b55ceeac9cb009dbd09cf92cf5cd08ccb47758238c60f426fecfc6	249	children/AUTHOR-B1/members/DEL-11-05/negative-unauthorized-checklist.stderr
e3b0c44298fc1c149afbf4c8996fb92427ae41e4649b934ca495991b7852b855	0	children/AUTHOR-B1/members/DEL-11-05/negative-unauthorized-checklist.stdout
4355a46b19d348dc2f57c046f8ef63d4538ebb936000f3c9ee954a27460dd865	2	children/AUTHOR-B1/members/DEL-11-05/negative-unauthorized-dual.exit
e3b0c44298fc1c149afbf4c8996fb92427ae41e4649b934ca495991b7852b855	0	children/AUTHOR-B1/members/DEL-11-05/negative-unauthorized-dual.stderr
b6387d39074e9a8ce2fdb7ca7d3756fcba19638a50088964bc359bbdc21fe787	485	children/AUTHOR-B1/members/DEL-11-05/negative-unauthorized-dual.stdout
e80424577b0262e81e7403940c6c60e7dbda4bb826d1ba1228d8e844e2d3f4d9	7938	children/AUTHOR-B1/members/DEL-11-05/parity-a.json
bb46bc7654b6dfd9865c08715f960ead1f098350f2d5f9d4689563037aba577f	291	children/AUTHOR-B1/members/DEL-11-05/parity-a.md
e3b0c44298fc1c149afbf4c8996fb92427ae41e4649b934ca495991b7852b855	0	children/AUTHOR-B1/members/DEL-11-05/parity-a.stderr
6fb8784a649a729ea13a6eca53429aa12c9a2d3ee6db3ec329427d81fc1e2d68	15	children/AUTHOR-B1/members/DEL-11-05/parity-a.stdout
e80424577b0262e81e7403940c6c60e7dbda4bb826d1ba1228d8e844e2d3f4d9	7938	children/AUTHOR-B1/members/DEL-11-05/parity-b.json
bb46bc7654b6dfd9865c08715f960ead1f098350f2d5f9d4689563037aba577f	291	children/AUTHOR-B1/members/DEL-11-05/parity-b.md
e3b0c44298fc1c149afbf4c8996fb92427ae41e4649b934ca495991b7852b855	0	children/AUTHOR-B1/members/DEL-11-05/parity-b.stderr
6fb8784a649a729ea13a6eca53429aa12c9a2d3ee6db3ec329427d81fc1e2d68	15	children/AUTHOR-B1/members/DEL-11-05/parity-b.stdout
e3b0c44298fc1c149afbf4c8996fb92427ae41e4649b934ca495991b7852b855	0	children/AUTHOR-B1/members/DEL-11-05/render-a.stderr
e3b0c44298fc1c149afbf4c8996fb92427ae41e4649b934ca495991b7852b855	0	children/AUTHOR-B1/members/DEL-11-05/render-a.stdout
e3b0c44298fc1c149afbf4c8996fb92427ae41e4649b934ca495991b7852b855	0	children/AUTHOR-B1/members/DEL-11-05/render-b.stderr
e3b0c44298fc1c149afbf4c8996fb92427ae41e4649b934ca495991b7852b855	0	children/AUTHOR-B1/members/DEL-11-05/render-b.stdout
47badfd034cd5ba70a31bc02c785f318905c80d99e20a13b45202d56182ddd44	17257	children/AUTHOR-B1/members/DEL-11-05/simulation/apply/Dependencies.csv
c09e5c9c9d2838504ccba06414e1d3d825ed1b8f61d3a2dfc36eb482aebf29c2	8136	children/AUTHOR-B1/members/DEL-11-05/simulation/apply/MEMORY.md
08dd7619787bf7f848ef0d76b718d84eebcb478908dc0fae51c58d3b89ce6130	142	children/AUTHOR-B1/members/DEL-11-05/simulation/apply/Review_Findings.csv
94153b259b6a942fa3492e0da9d614028fdcd8297b099c7c54eb9feb9c6e46e2	27682	children/AUTHOR-B1/members/DEL-11-05/simulation/apply/ScopeOfWork.md
f40131325aa7e2ceb298e8586d026e8ca5943193a968c65e323103d647f40e97	2902	children/AUTHOR-B1/members/DEL-11-05/simulation/apply/_CONTEXT.md
07da2070a667ec025e351c82ab891e3b192df9b44787e4e02c7f670ed4cd74da	2762	children/AUTHOR-B1/members/DEL-11-05/simulation/apply/_DEPENDENCIES.md
d0d55685eee45a00e04e92ad7d32a5bdd9867db714fada71d6a373abbe85ccff	1362	children/AUTHOR-B1/members/DEL-11-05/simulation/apply/_REFERENCES.md
e670d71f7238a94928a71d850e72aafcd282ffcf0020e4c6dd746eef4f5982ca	3604	children/AUTHOR-B1/members/DEL-11-05/simulation/apply/_REVIEW.md
9675c9232a47d739f7f90ff4f431c499b6b6407888b6200b3beade100ea9aed4	24405	children/AUTHOR-B1/members/DEL-11-05/simulation/apply/_SEMANTIC.md
07d5ceeb37be1a8f3c24384ec9aa28cb678539a0c2d0a2df8802c38faaa756ac	14709	children/AUTHOR-B1/members/DEL-11-05/simulation/apply/_SEMANTIC_LENSING.md
cc48a6870db3d116f548b674465149c27281908c394c7c08982a25b2c23cd1e1	2439	children/AUTHOR-B1/members/DEL-11-05/simulation/apply/_STATUS.md
d846e50cc86d70e62903d4837d6d84c4206c0f421666948556ab600c38dd70fd	1318	children/AUTHOR-B1/members/DEL-11-05/simulation/apply/_run_records/TASK_RUN_2026-04-30_1115.md
01d2ec8b3f718fa49c41c8aaf8b393011e20fc2c2330e87e017047eee6da8125	1259	children/AUTHOR-B1/members/DEL-11-05/simulation/apply/_run_records/TASK_RUN_2026-04-30_1115_001.md
830b8072308b757ab6a31111a1eecc0a280ad81cdc98460d02384216e3b29281	1177	children/AUTHOR-B1/members/DEL-11-05/simulation/apply/_run_records/TASK_RUN_2026-04-30_1115_002.md
2faa571cce01b5c1fab329e4decdbcd20fbf52340ef040e4efe9d825cff3af8b	1429	children/AUTHOR-B1/members/DEL-11-05/simulation/apply/_run_records/TASK_RUN_2026-04-30_1115_003.md
a8f08f67b3222ac186cb34047be0f1f3442dedbd1fdb72c76fb7c0560e77aeef	1784	children/AUTHOR-B1/members/DEL-11-05/simulation/apply/_run_records/TASK_RUN_2026-04-30_1115_004.md
48c58344e74b58995f9bf2a77cffb3a4e4396cb839d74b0f17a976efbc275830	5583	children/AUTHOR-B1/members/DEL-11-05/simulation/apply/_run_records/TASK_RUN_2026-05-09_type2_implementation.md
2a67b9e4e988cc0528d3589fcd7762dea1eaa48f08bb385bcd55fe95186d52c0	4655	children/AUTHOR-B1/members/DEL-11-05/simulation/apply/_run_records/TASK_RUN_2026-05-10_2322_dependency_refresh.md
0c3dd76ef86cb2e2b7d7617117380ea332b2bc37df655ae9d707eb3086b87685	1686	children/AUTHOR-B1/members/DEL-11-05/simulation/apply/_run_records/TASK_RUN_2026-06-04_authority-refresh-0.7-dag006_DEL-11-05.md
2e70e7a404b8c863be246c56cd05dd2cd0f50334133146b286d49351528eb413	6045	children/AUTHOR-B1/members/DEL-11-05/simulation/apply/_run_records/TASK_RUN_2026-06-07_1711.md
cf8e6d3de361c2a2982287cff373cb3e75c9da23584764dffcb6d3ca9fa2edd6	3907	children/AUTHOR-B1/members/DEL-11-05/simulation/apply/_run_records/TASK_RUN_2026-06-07_1733.md
23c6b835b3277e1e13ebb7ffdb2135f7247e83c71278635f63de34ec1eec81bd	4742	children/AUTHOR-B1/members/DEL-11-05/simulation/apply/_run_records/TASK_RUN_2026-06-07_1812_DEL-11-05_consistency.md
914360d33deca50f2f5ece409c3b3e7e106c9acd2897248b059c571339ffee5d	1355	children/AUTHOR-B1/members/DEL-11-05/simulation/apply/_run_records/TASK_RUN_2026-06-16_dependency-semantic-refresh_DEL-11-05.md
aa90edac6e25c39bd3a7bcb1754309afcf0ea5e5c704aa3c958fa1cb442d3bc1	961	children/AUTHOR-B1/members/DEL-11-05/simulation/apply/_run_records/WORKING_ITEMS_RUN_2026-07-12_D41-R5-T7-PDU055-CURRENTNESS.md
2d324238e33e5f1a5de9f94b98c8b70284e115123c3bdfb168bab1a7095044a0	6253	children/AUTHOR-B1/members/DEL-11-05/simulation/rollback/Datasheet.md
47badfd034cd5ba70a31bc02c785f318905c80d99e20a13b45202d56182ddd44	17257	children/AUTHOR-B1/members/DEL-11-05/simulation/rollback/Dependencies.csv
3d3f958a1d7d121e67e3adf052e303c5b4bdc8390b345175292c2d3afc172955	5089	children/AUTHOR-B1/members/DEL-11-05/simulation/rollback/Guidance.md
c09e5c9c9d2838504ccba06414e1d3d825ed1b8f61d3a2dfc36eb482aebf29c2	8136	children/AUTHOR-B1/members/DEL-11-05/simulation/rollback/MEMORY.md
8274cb588d2c39eb0644c046763a95062af6d7586fff5a2155b01f0077ddebfa	4629	children/AUTHOR-B1/members/DEL-11-05/simulation/rollback/Procedure.md
08dd7619787bf7f848ef0d76b718d84eebcb478908dc0fae51c58d3b89ce6130	142	children/AUTHOR-B1/members/DEL-11-05/simulation/rollback/Review_Findings.csv
1f169f44f29fe5c0a68d14bfa9b4e081acb703e131f9546fc6f132b77c697a97	7775	children/AUTHOR-B1/members/DEL-11-05/simulation/rollback/Specification.md
f40131325aa7e2ceb298e8586d026e8ca5943193a968c65e323103d647f40e97	2902	children/AUTHOR-B1/members/DEL-11-05/simulation/rollback/_CONTEXT.md
07da2070a667ec025e351c82ab891e3b192df9b44787e4e02c7f670ed4cd74da	2762	children/AUTHOR-B1/members/DEL-11-05/simulation/rollback/_DEPENDENCIES.md
d0d55685eee45a00e04e92ad7d32a5bdd9867db714fada71d6a373abbe85ccff	1362	children/AUTHOR-B1/members/DEL-11-05/simulation/rollback/_REFERENCES.md
e670d71f7238a94928a71d850e72aafcd282ffcf0020e4c6dd746eef4f5982ca	3604	children/AUTHOR-B1/members/DEL-11-05/simulation/rollback/_REVIEW.md
9675c9232a47d739f7f90ff4f431c499b6b6407888b6200b3beade100ea9aed4	24405	children/AUTHOR-B1/members/DEL-11-05/simulation/rollback/_SEMANTIC.md
07d5ceeb37be1a8f3c24384ec9aa28cb678539a0c2d0a2df8802c38faaa756ac	14709	children/AUTHOR-B1/members/DEL-11-05/simulation/rollback/_SEMANTIC_LENSING.md
cc48a6870db3d116f548b674465149c27281908c394c7c08982a25b2c23cd1e1	2439	children/AUTHOR-B1/members/DEL-11-05/simulation/rollback/_STATUS.md
d846e50cc86d70e62903d4837d6d84c4206c0f421666948556ab600c38dd70fd	1318	children/AUTHOR-B1/members/DEL-11-05/simulation/rollback/_run_records/TASK_RUN_2026-04-30_1115.md
01d2ec8b3f718fa49c41c8aaf8b393011e20fc2c2330e87e017047eee6da8125	1259	children/AUTHOR-B1/members/DEL-11-05/simulation/rollback/_run_records/TASK_RUN_2026-04-30_1115_001.md
830b8072308b757ab6a31111a1eecc0a280ad81cdc98460d02384216e3b29281	1177	children/AUTHOR-B1/members/DEL-11-05/simulation/rollback/_run_records/TASK_RUN_2026-04-30_1115_002.md
2faa571cce01b5c1fab329e4decdbcd20fbf52340ef040e4efe9d825cff3af8b	1429	children/AUTHOR-B1/members/DEL-11-05/simulation/rollback/_run_records/TASK_RUN_2026-04-30_1115_003.md
a8f08f67b3222ac186cb34047be0f1f3442dedbd1fdb72c76fb7c0560e77aeef	1784	children/AUTHOR-B1/members/DEL-11-05/simulation/rollback/_run_records/TASK_RUN_2026-04-30_1115_004.md
48c58344e74b58995f9bf2a77cffb3a4e4396cb839d74b0f17a976efbc275830	5583	children/AUTHOR-B1/members/DEL-11-05/simulation/rollback/_run_records/TASK_RUN_2026-05-09_type2_implementation.md
2a67b9e4e988cc0528d3589fcd7762dea1eaa48f08bb385bcd55fe95186d52c0	4655	children/AUTHOR-B1/members/DEL-11-05/simulation/rollback/_run_records/TASK_RUN_2026-05-10_2322_dependency_refresh.md
0c3dd76ef86cb2e2b7d7617117380ea332b2bc37df655ae9d707eb3086b87685	1686	children/AUTHOR-B1/members/DEL-11-05/simulation/rollback/_run_records/TASK_RUN_2026-06-04_authority-refresh-0.7-dag006_DEL-11-05.md
2e70e7a404b8c863be246c56cd05dd2cd0f50334133146b286d49351528eb413	6045	children/AUTHOR-B1/members/DEL-11-05/simulation/rollback/_run_records/TASK_RUN_2026-06-07_1711.md
cf8e6d3de361c2a2982287cff373cb3e75c9da23584764dffcb6d3ca9fa2edd6	3907	children/AUTHOR-B1/members/DEL-11-05/simulation/rollback/_run_records/TASK_RUN_2026-06-07_1733.md
23c6b835b3277e1e13ebb7ffdb2135f7247e83c71278635f63de34ec1eec81bd	4742	children/AUTHOR-B1/members/DEL-11-05/simulation/rollback/_run_records/TASK_RUN_2026-06-07_1812_DEL-11-05_consistency.md
914360d33deca50f2f5ece409c3b3e7e106c9acd2897248b059c571339ffee5d	1355	children/AUTHOR-B1/members/DEL-11-05/simulation/rollback/_run_records/TASK_RUN_2026-06-16_dependency-semantic-refresh_DEL-11-05.md
aa90edac6e25c39bd3a7bcb1754309afcf0ea5e5c704aa3c958fa1cb442d3bc1	961	children/AUTHOR-B1/members/DEL-11-05/simulation/rollback/_run_records/WORKING_ITEMS_RUN_2026-07-12_D41-R5-T7-PDU055-CURRENTNESS.md
f97a3350f7bffd2448613a82148dee3465da93643537643e5ba638343a1f2e56	276	children/AUTHOR-B1/members/DEL-11-05/simulation-apply-validation.json
e3b0c44298fc1c149afbf4c8996fb92427ae41e4649b934ca495991b7852b855	0	children/AUTHOR-B1/members/DEL-11-05/simulation-apply-validation.stderr
92aa58154ac3aecf5fe23a2225c4b9640469a868ab4bde276394792d98221f42	264	children/AUTHOR-B1/members/DEL-11-05/validation-dual-a.json
e3b0c44298fc1c149afbf4c8996fb92427ae41e4649b934ca495991b7852b855	0	children/AUTHOR-B1/members/DEL-11-05/validation-dual-a.stderr
881de4ea7badde64fe63fe254c2b8744550fe9c7732b33a25fe9dd4f31a5b830	264	children/AUTHOR-B1/members/DEL-11-05/validation-dual-b.json
e3b0c44298fc1c149afbf4c8996fb92427ae41e4649b934ca495991b7852b855	0	children/AUTHOR-B1/members/DEL-11-05/validation-dual-b.stderr
9f3bc866cb81dc198cb5acc10f461907184823bc36dfdba53cd240febf5017a9	242	children/AUTHOR-B1/members/DEL-11-05/validation-sow-v1.json
e3b0c44298fc1c149afbf4c8996fb92427ae41e4649b934ca495991b7852b855	0	children/AUTHOR-B1/members/DEL-11-05/validation-sow-v1.stderr
2d324238e33e5f1a5de9f94b98c8b70284e115123c3bdfb168bab1a7095044a0	6253	children/AUTHOR-B1/members/DEL-11-05/workspace-a/Datasheet.md
47badfd034cd5ba70a31bc02c785f318905c80d99e20a13b45202d56182ddd44	17257	children/AUTHOR-B1/members/DEL-11-05/workspace-a/Dependencies.csv
3d3f958a1d7d121e67e3adf052e303c5b4bdc8390b345175292c2d3afc172955	5089	children/AUTHOR-B1/members/DEL-11-05/workspace-a/Guidance.md
c09e5c9c9d2838504ccba06414e1d3d825ed1b8f61d3a2dfc36eb482aebf29c2	8136	children/AUTHOR-B1/members/DEL-11-05/workspace-a/MEMORY.md
8274cb588d2c39eb0644c046763a95062af6d7586fff5a2155b01f0077ddebfa	4629	children/AUTHOR-B1/members/DEL-11-05/workspace-a/Procedure.md
08dd7619787bf7f848ef0d76b718d84eebcb478908dc0fae51c58d3b89ce6130	142	children/AUTHOR-B1/members/DEL-11-05/workspace-a/Review_Findings.csv
3c570b0bbe60a28957f9a7f2bf375551bede34252f1fa1815216889b0404d9b4	35720	children/AUTHOR-B1/members/DEL-11-05/workspace-a/ScopeOfWork.md
1f169f44f29fe5c0a68d14bfa9b4e081acb703e131f9546fc6f132b77c697a97	7775	children/AUTHOR-B1/members/DEL-11-05/workspace-a/Specification.md
f40131325aa7e2ceb298e8586d026e8ca5943193a968c65e323103d647f40e97	2902	children/AUTHOR-B1/members/DEL-11-05/workspace-a/_CONTEXT.md
07da2070a667ec025e351c82ab891e3b192df9b44787e4e02c7f670ed4cd74da	2762	children/AUTHOR-B1/members/DEL-11-05/workspace-a/_DEPENDENCIES.md
d0d55685eee45a00e04e92ad7d32a5bdd9867db714fada71d6a373abbe85ccff	1362	children/AUTHOR-B1/members/DEL-11-05/workspace-a/_REFERENCES.md
e670d71f7238a94928a71d850e72aafcd282ffcf0020e4c6dd746eef4f5982ca	3604	children/AUTHOR-B1/members/DEL-11-05/workspace-a/_REVIEW.md
9675c9232a47d739f7f90ff4f431c499b6b6407888b6200b3beade100ea9aed4	24405	children/AUTHOR-B1/members/DEL-11-05/workspace-a/_SEMANTIC.md
07d5ceeb37be1a8f3c24384ec9aa28cb678539a0c2d0a2df8802c38faaa756ac	14709	children/AUTHOR-B1/members/DEL-11-05/workspace-a/_SEMANTIC_LENSING.md
cc48a6870db3d116f548b674465149c27281908c394c7c08982a25b2c23cd1e1	2439	children/AUTHOR-B1/members/DEL-11-05/workspace-a/_STATUS.md
d846e50cc86d70e62903d4837d6d84c4206c0f421666948556ab600c38dd70fd	1318	children/AUTHOR-B1/members/DEL-11-05/workspace-a/_run_records/TASK_RUN_2026-04-30_1115.md
01d2ec8b3f718fa49c41c8aaf8b393011e20fc2c2330e87e017047eee6da8125	1259	children/AUTHOR-B1/members/DEL-11-05/workspace-a/_run_records/TASK_RUN_2026-04-30_1115_001.md
830b8072308b757ab6a31111a1eecc0a280ad81cdc98460d02384216e3b29281	1177	children/AUTHOR-B1/members/DEL-11-05/workspace-a/_run_records/TASK_RUN_2026-04-30_1115_002.md
2faa571cce01b5c1fab329e4decdbcd20fbf52340ef040e4efe9d825cff3af8b	1429	children/AUTHOR-B1/members/DEL-11-05/workspace-a/_run_records/TASK_RUN_2026-04-30_1115_003.md
a8f08f67b3222ac186cb34047be0f1f3442dedbd1fdb72c76fb7c0560e77aeef	1784	children/AUTHOR-B1/members/DEL-11-05/workspace-a/_run_records/TASK_RUN_2026-04-30_1115_004.md
48c58344e74b58995f9bf2a77cffb3a4e4396cb839d74b0f17a976efbc275830	5583	children/AUTHOR-B1/members/DEL-11-05/workspace-a/_run_records/TASK_RUN_2026-05-09_type2_implementation.md
2a67b9e4e988cc0528d3589fcd7762dea1eaa48f08bb385bcd55fe95186d52c0	4655	children/AUTHOR-B1/members/DEL-11-05/workspace-a/_run_records/TASK_RUN_2026-05-10_2322_dependency_refresh.md
0c3dd76ef86cb2e2b7d7617117380ea332b2bc37df655ae9d707eb3086b87685	1686	children/AUTHOR-B1/members/DEL-11-05/workspace-a/_run_records/TASK_RUN_2026-06-04_authority-refresh-0.7-dag006_DEL-11-05.md
2e70e7a404b8c863be246c56cd05dd2cd0f50334133146b286d49351528eb413	6045	children/AUTHOR-B1/members/DEL-11-05/workspace-a/_run_records/TASK_RUN_2026-06-07_1711.md
cf8e6d3de361c2a2982287cff373cb3e75c9da23584764dffcb6d3ca9fa2edd6	3907	children/AUTHOR-B1/members/DEL-11-05/workspace-a/_run_records/TASK_RUN_2026-06-07_1733.md
23c6b835b3277e1e13ebb7ffdb2135f7247e83c71278635f63de34ec1eec81bd	4742	children/AUTHOR-B1/members/DEL-11-05/workspace-a/_run_records/TASK_RUN_2026-06-07_1812_DEL-11-05_consistency.md
914360d33deca50f2f5ece409c3b3e7e106c9acd2897248b059c571339ffee5d	1355	children/AUTHOR-B1/members/DEL-11-05/workspace-a/_run_records/TASK_RUN_2026-06-16_dependency-semantic-refresh_DEL-11-05.md
aa90edac6e25c39bd3a7bcb1754309afcf0ea5e5c704aa3c958fa1cb442d3bc1	961	children/AUTHOR-B1/members/DEL-11-05/workspace-a/_run_records/WORKING_ITEMS_RUN_2026-07-12_D41-R5-T7-PDU055-CURRENTNESS.md
2d324238e33e5f1a5de9f94b98c8b70284e115123c3bdfb168bab1a7095044a0	6253	children/AUTHOR-B1/members/DEL-11-05/workspace-b/Datasheet.md
47badfd034cd5ba70a31bc02c785f318905c80d99e20a13b45202d56182ddd44	17257	children/AUTHOR-B1/members/DEL-11-05/workspace-b/Dependencies.csv
3d3f958a1d7d121e67e3adf052e303c5b4bdc8390b345175292c2d3afc172955	5089	children/AUTHOR-B1/members/DEL-11-05/workspace-b/Guidance.md
c09e5c9c9d2838504ccba06414e1d3d825ed1b8f61d3a2dfc36eb482aebf29c2	8136	children/AUTHOR-B1/members/DEL-11-05/workspace-b/MEMORY.md
8274cb588d2c39eb0644c046763a95062af6d7586fff5a2155b01f0077ddebfa	4629	children/AUTHOR-B1/members/DEL-11-05/workspace-b/Procedure.md
08dd7619787bf7f848ef0d76b718d84eebcb478908dc0fae51c58d3b89ce6130	142	children/AUTHOR-B1/members/DEL-11-05/workspace-b/Review_Findings.csv
3c570b0bbe60a28957f9a7f2bf375551bede34252f1fa1815216889b0404d9b4	35720	children/AUTHOR-B1/members/DEL-11-05/workspace-b/ScopeOfWork.md
1f169f44f29fe5c0a68d14bfa9b4e081acb703e131f9546fc6f132b77c697a97	7775	children/AUTHOR-B1/members/DEL-11-05/workspace-b/Specification.md
f40131325aa7e2ceb298e8586d026e8ca5943193a968c65e323103d647f40e97	2902	children/AUTHOR-B1/members/DEL-11-05/workspace-b/_CONTEXT.md
07da2070a667ec025e351c82ab891e3b192df9b44787e4e02c7f670ed4cd74da	2762	children/AUTHOR-B1/members/DEL-11-05/workspace-b/_DEPENDENCIES.md
d0d55685eee45a00e04e92ad7d32a5bdd9867db714fada71d6a373abbe85ccff	1362	children/AUTHOR-B1/members/DEL-11-05/workspace-b/_REFERENCES.md
e670d71f7238a94928a71d850e72aafcd282ffcf0020e4c6dd746eef4f5982ca	3604	children/AUTHOR-B1/members/DEL-11-05/workspace-b/_REVIEW.md
9675c9232a47d739f7f90ff4f431c499b6b6407888b6200b3beade100ea9aed4	24405	children/AUTHOR-B1/members/DEL-11-05/workspace-b/_SEMANTIC.md
07d5ceeb37be1a8f3c24384ec9aa28cb678539a0c2d0a2df8802c38faaa756ac	14709	children/AUTHOR-B1/members/DEL-11-05/workspace-b/_SEMANTIC_LENSING.md
cc48a6870db3d116f548b674465149c27281908c394c7c08982a25b2c23cd1e1	2439	children/AUTHOR-B1/members/DEL-11-05/workspace-b/_STATUS.md
d846e50cc86d70e62903d4837d6d84c4206c0f421666948556ab600c38dd70fd	1318	children/AUTHOR-B1/members/DEL-11-05/workspace-b/_run_records/TASK_RUN_2026-04-30_1115.md
01d2ec8b3f718fa49c41c8aaf8b393011e20fc2c2330e87e017047eee6da8125	1259	children/AUTHOR-B1/members/DEL-11-05/workspace-b/_run_records/TASK_RUN_2026-04-30_1115_001.md
830b8072308b757ab6a31111a1eecc0a280ad81cdc98460d02384216e3b29281	1177	children/AUTHOR-B1/members/DEL-11-05/workspace-b/_run_records/TASK_RUN_2026-04-30_1115_002.md
2faa571cce01b5c1fab329e4decdbcd20fbf52340ef040e4efe9d825cff3af8b	1429	children/AUTHOR-B1/members/DEL-11-05/workspace-b/_run_records/TASK_RUN_2026-04-30_1115_003.md
a8f08f67b3222ac186cb34047be0f1f3442dedbd1fdb72c76fb7c0560e77aeef	1784	children/AUTHOR-B1/members/DEL-11-05/workspace-b/_run_records/TASK_RUN_2026-04-30_1115_004.md
48c58344e74b58995f9bf2a77cffb3a4e4396cb839d74b0f17a976efbc275830	5583	children/AUTHOR-B1/members/DEL-11-05/workspace-b/_run_records/TASK_RUN_2026-05-09_type2_implementation.md
2a67b9e4e988cc0528d3589fcd7762dea1eaa48f08bb385bcd55fe95186d52c0	4655	children/AUTHOR-B1/members/DEL-11-05/workspace-b/_run_records/TASK_RUN_2026-05-10_2322_dependency_refresh.md
0c3dd76ef86cb2e2b7d7617117380ea332b2bc37df655ae9d707eb3086b87685	1686	children/AUTHOR-B1/members/DEL-11-05/workspace-b/_run_records/TASK_RUN_2026-06-04_authority-refresh-0.7-dag006_DEL-11-05.md
2e70e7a404b8c863be246c56cd05dd2cd0f50334133146b286d49351528eb413	6045	children/AUTHOR-B1/members/DEL-11-05/workspace-b/_run_records/TASK_RUN_2026-06-07_1711.md
cf8e6d3de361c2a2982287cff373cb3e75c9da23584764dffcb6d3ca9fa2edd6	3907	children/AUTHOR-B1/members/DEL-11-05/workspace-b/_run_records/TASK_RUN_2026-06-07_1733.md
23c6b835b3277e1e13ebb7ffdb2135f7247e83c71278635f63de34ec1eec81bd	4742	children/AUTHOR-B1/members/DEL-11-05/workspace-b/_run_records/TASK_RUN_2026-06-07_1812_DEL-11-05_consistency.md
914360d33deca50f2f5ece409c3b3e7e106c9acd2897248b059c571339ffee5d	1355	children/AUTHOR-B1/members/DEL-11-05/workspace-b/_run_records/TASK_RUN_2026-06-16_dependency-semantic-refresh_DEL-11-05.md
aa90edac6e25c39bd3a7bcb1754309afcf0ea5e5c704aa3c958fa1cb442d3bc1	961	children/AUTHOR-B1/members/DEL-11-05/workspace-b/_run_records/WORKING_ITEMS_RUN_2026-07-12_D41-R5-T7-PDU055-CURRENTNESS.md
9a271f2a916b0b6ee6cecb2426f0b3206ef074578be55d9bc94f6f3fe3ab86aa	2	children/AUTHOR-B1/practitioner-harness-tests.exit
e3b0c44298fc1c149afbf4c8996fb92427ae41e4649b934ca495991b7852b855	0	children/AUTHOR-B1/practitioner-harness-tests.stderr
a9e62d16332fdf235a861cc8ad94d3ab379483014e9260fb6771fc8b610e79a5	341	children/AUTHOR-B1/practitioner-harness-tests.stdout
9a271f2a916b0b6ee6cecb2426f0b3206ef074578be55d9bc94f6f3fe3ab86aa	2	children/AUTHOR-B1/practitioner-self-check.exit
e3b0c44298fc1c149afbf4c8996fb92427ae41e4649b934ca495991b7852b855	0	children/AUTHOR-B1/practitioner-self-check.stderr
6d7d084d0231da93519b4df921840577fb4cb015435ec80c64ec40151cde8b45	25131	children/AUTHOR-B1/practitioner-self-check.stdout
3ce62a3da8f95e4e698b29ae29c43e2ceb3f67daac01201256184f6c68d5c579	5682	children/AUTHOR-B1/run_author_pkg11.py
9a271f2a916b0b6ee6cecb2426f0b3206ef074578be55d9bc94f6f3fe3ab86aa	2	children/AUTHOR-B1/scope-of-work-tests.exit
e3b0c44298fc1c149afbf4c8996fb92427ae41e4649b934ca495991b7852b855	0	children/AUTHOR-B1/scope-of-work-tests.stderr
64d9437fa149cb2a2c1c528cbdf01695a98b23aaded7c1bba58f996a31915a2c	99	children/AUTHOR-B1/scope-of-work-tests.stdout
94711341fde213a551a507a6bae0319ed709549195f2b2594a8d4d902c7246f1	448	children/VERIFY-B1/ATTEMPTS.md
b86ec052b6d19c7aad64583885c263343a1ccf5cb25edf5e4255540bb8444861	4923	children/VERIFY-B1/BATCH_RESULTS.json
4d7c9a219e20c268295d956e8c982d9eb1f268837bd535a5cf6bfdec275b3a6f	643	children/VERIFY-B1/CONTAINMENT.md
b7d6a45f0ba97fc0731ec0686a3f5dfc1dddda607613cd05ef67c27b04f63ec2	1131	children/VERIFY-B1/FOCUSED_CHECKS.md
b2f0fa9230c5597ea2b4256ecc745d8d3bccbeb82fe83653388638c8196c1f73	27377	children/VERIFY-B1/FOCUSED_RESULTS.json
40f786a13ea7bc10f94ba605ad4e8cf300c13603a016d88fdc39a03116af6193	1310	children/VERIFY-B1/FROZEN_BASIS_REPRODUCTION.md
7ce149863d99456901b392273da7e7b8302736f4dbdec3f2ec1fbc8509f10379	5867	children/VERIFY-B1/INVERSE_ROWS.tsv
67ce4f39ae58db5a6d88b0342d6b1125c82321a55910d964a487ad45c4d878aa	3442	children/VERIFY-B1/LAUNCH_BRIEF.md
4d1ec72df28df91c51b01cfbd0cb37db0710d2d1f1d38b90dea789bde2d1254c	57246	children/VERIFY-B1/MANIFEST.tsv
cd5a6a9e40caba3c5229b2cb8b9b11b7420d84380d4d26003baec65b0cf2cef3	559	children/VERIFY-B1/PROGRESS.tsv
70647e776f4a1b5eb4cc8a5e3b866df98105628debb703efdd893e03ceb3d06b	5912	children/VERIFY-B1/REPLACEMENT_ROWS.tsv
967375abd8b21f144425448f02ddffd9f81ec48bbc477d21d1657af5d7b8e694	1739	children/VERIFY-B1/RETURN.md
cc7f46c734b520cac45150326a50f1d45c55e250b43d34a0b6ea6fe64adfc6c7	19706	children/VERIFY-B1/RUNTIME_EVENTS.jsonl
42c34b773b2614c1adacdf45014abccca439490a8bbe45c90e60e0d15d4673b6	491	children/VERIFY-B1/SIMULATIONS.tsv
f40cebc19c9af90da392397abe90e2e1e002030c06931f9aecadb4f16622c81e	406	children/VERIFY-B1/STATUS.json
aac3cab2d317ce87ca452a19d6031d303fef2f9e3a9e3f358c769866a0161fa8	852	children/VERIFY-B1/TERMINAL_AUDIT.json
be3a1de180fc4f3ce83e0ab3e5226988741e093df2b7d2c3b3e27a27bcce8a98	3364	children/VERIFY-B1/_run_records/TASK_RUN_2026-07-14_VERIFY-B1.md
bd5e15faece5fe7ddc780752c1eeff20b505ceadb61308a6efd4518e361b689f	807	children/VERIFY-B1/build_manifest.py
6a467cefa7819dd05cc2f75fd9e66db838e72a9ebd7e804c8c7ec88a2051197f	2441	children/VERIFY-B1/finalize_verifier.py
a1612dfb03ab484c06fa7912eb0d28a80a1673d1e1e9ba7e1ecfbf80abb6135c	657	children/VERIFY-B1/focused_commands/dependency_schema_DEL-11-01.json
6e94f7f9e0fc26500ab3daf9ae60816d47c0240d07d7b8b795bcf92d396f0813	701	children/VERIFY-B1/focused_commands/dependency_schema_DEL-11-02.json
1e568956658fe7680190a46a1b93916a7c730e974811a542bcd307fb6c3dd580	725	children/VERIFY-B1/focused_commands/dependency_schema_DEL-11-03.json
96bd6999e3566829ac7c98cd84e13d25417dfacb186581e14593b15d6e5ad8f8	689	children/VERIFY-B1/focused_commands/dependency_schema_DEL-11-04.json
c8f5998668c11d9640c9a359cc31ff3c689d66120de284613056eed3323d7edf	689	children/VERIFY-B1/focused_commands/dependency_schema_DEL-11-05.json
204c14d1c1b2a4bf74901eae77988bd6717fe050609d332fdc1135e44b6a0980	572	children/VERIFY-B1/focused_commands/practitioner_harness_tests.json
64ee465932144fc79065a222dc95b80f48d1a6ef9032c2c5bd815a8ce0e7034a	25694	children/VERIFY-B1/focused_commands/practitioner_self_check.json
a277e7499b3536a9dbffe70afb85aa58d21bf0f9b8da956e48472cf00242287f	340	children/VERIFY-B1/focused_commands/scope_of_work_tests.json
7bba9cb91d2e2b92099d6bf97f873866a3474501d6f567ad2ea63c02bfff4d19	457	children/VERIFY-B1/members/DEL-11-01/DETERMINISM.json
2bbb1c3bf82fc0676fd778a2c248e4f2624b0e2b030e6a86d5b7c0ffe2bb1bea	10687	children/VERIFY-B1/members/DEL-11-01/FINALIZATION_BINDING.json
7a42367b866a0e3085f5c3939919982a7c43390f7544e9dd34e740d567e131b4	1304	children/VERIFY-B1/members/DEL-11-01/FROZEN_AND_PRE_HASHES.json
24ea8be262f0501f19817a1eafa949525139f379bc5ac4ed794ff595c9fdfcc1	795	children/VERIFY-B1/members/DEL-11-01/INDEPENDENT_SEMANTIC_SOURCE_REVIEW.md
7402bacdd96c6566c2c4a414776c6c2c2889961ba8f50d1f66548b67b3b136a8	1131	children/VERIFY-B1/members/DEL-11-01/POST_HASHES.json
cfb144e28aea0b2de3beebc439d89516ccfc16a133758af0488290c4fc2ed3db	1629	children/VERIFY-B1/members/DEL-11-01/SEMANTIC_AND_LITERAL_REVIEW.json
edd935c8a6f9b5ab128e53b7a72f88deda67f5d99e413944705b53ca9dec7261	816	children/VERIFY-B1/members/DEL-11-01/SUMMARY.json
33f27fe933ead8fe669158736527fdba5af03e3cb84e85db2377dd2173439cdc	387	children/VERIFY-B1/members/DEL-11-01/VERDICTS.json
76c75e454f7935a9bbbd0b052711671f925c0120e812a03ce9f266632452e65f	1780	children/VERIFY-B1/members/DEL-11-01/checklist_1.json
76c75e454f7935a9bbbd0b052711671f925c0120e812a03ce9f266632452e65f	1780	children/VERIFY-B1/members/DEL-11-01/checklist_2.json
a28888a41a1a361fd141808e7112beac0c5911ddf5b1dc754a4e110dc854a73a	4771	children/VERIFY-B1/members/DEL-11-01/claim_map_1.csv
a28888a41a1a361fd141808e7112beac0c5911ddf5b1dc754a4e110dc854a73a	4771	children/VERIFY-B1/members/DEL-11-01/claim_map_2.csv
f3d64df3ad21f5266051ce0f174bc78284c6c72b01af2be901d0c71627a3ae9c	640	children/VERIFY-B1/members/DEL-11-01/commands/checklist_1.json
9fdc882164512e6908f0e58ec8bb74e1210e7a2cb88eeefcc3bede39ec19b632	640	children/VERIFY-B1/members/DEL-11-01/commands/checklist_2.json
563ab0bca0a2c2fa5a7c5548a59c29a52a193bf36960dae72c3e0b5e5213d835	2147	children/VERIFY-B1/members/DEL-11-01/commands/convert_repro1.json
6e538dd72ac4c924852b76c7f6eb5bce33f7c88b8357aebe2e1f983d49d370ec	2147	children/VERIFY-B1/members/DEL-11-01/commands/convert_repro2.json
1da139d429b9ea0f7a986d8f5c53af88e77423ef74887d7efcd0937d72ca94ef	1159	children/VERIFY-B1/members/DEL-11-01/commands/finalize_repro1.json
374acb03be004ec00baefe38cf65cb96ece13703323bc45e97b20b6d18dca35b	1159	children/VERIFY-B1/members/DEL-11-01/commands/finalize_repro2.json
52afc758eceb0f9a9934a9f37ace54bc1a2840f640d78c3411b0eb220cf841dc	1205	children/VERIFY-B1/members/DEL-11-01/commands/map_1.json
e7558cc1b3c1fae0e846c9dd8daa261d5fee3ad46d8d8efdb54d72ce5f3cf64f	1205	children/VERIFY-B1/members/DEL-11-01/commands/map_2.json
d02232f49c6344949c1af2d2c7ac73ac3020aa28e7b48d2e2fd1a95a62a02f69	1168	children/VERIFY-B1/members/DEL-11-01/commands/negative_1_map_mutated_clean.json
67ba8d17ef469eadcb855cef9f1305048f148aabf3373b7d8290e7bd70145077	1218	children/VERIFY-B1/members/DEL-11-01/commands/negative_2_parity_mutated_clean.json
0352628bf6931f6216e6f68a4f2b5523d454dd591f8fcbfa0800917509b36763	873	children/VERIFY-B1/members/DEL-11-01/commands/negative_3_checklist_evidence.json
fb7edfdb92eb36ec3bdf921b68f785571d41dd6bf12aba59dbbd74a8b2c29c3f	841	children/VERIFY-B1/members/DEL-11-01/commands/negative_4_render_evidence.json
d03faa2eb489faacb5458872451283c391c83f9aecb0064d5eb3d064af9ccbd2	919	children/VERIFY-B1/members/DEL-11-01/commands/negative_5_partial_input.json
2cbadc07ffb0a0bcae632a6e8ff35d01fe785e864985c20d8394b17454011966	932	children/VERIFY-B1/members/DEL-11-01/commands/negative_6_unauthorized_dual.json
94af7b9206e69583a018cf1a15724737de8e8d483b6c24e97fa03e89502169f8	1037	children/VERIFY-B1/members/DEL-11-01/commands/negative_7_wrong_authority_checklist.json
b0d2341d13ce244308403c83efcc03ec442674020fde3a7f90fa1a051e9f5000	1308	children/VERIFY-B1/members/DEL-11-01/commands/parity_1.json
3795eadd3f6650eca9f4538ef03631ef966f3fdae34e4a1bbeaa0a3b52639c72	1308	children/VERIFY-B1/members/DEL-11-01/commands/parity_2.json
2b32153748c41677b083c95c8ac2eba5323d8a1486a0dbc56fff04c58875565b	631	children/VERIFY-B1/members/DEL-11-01/commands/render_1.json
6fd7a39a4a2d5a8a07c44a4a64d65f5ebaba1aedc414d79ae23ab985cbda9655	631	children/VERIFY-B1/members/DEL-11-01/commands/render_2.json
78120c86f70254b93e401215896e795ada8bb389d55518eb06e2967d85eaf102	738	children/VERIFY-B1/members/DEL-11-01/commands/validate_clean.json
ca71863b16c3bfec2f96f3faae575c57d3a6c736b820e508d0c2f623df31ddda	922	children/VERIFY-B1/members/DEL-11-01/commands/validate_evidence_authorized.json
46cba20a315bffff070c2ece60c87ea36b6c8021afdbba6650f62c30a888b4ee	25829	children/VERIFY-B1/members/DEL-11-01/finalizations/repro1/ScopeOfWork.md
93f5903cc85df8ffe3d8e12231ade6f014d08a8dc19c3ece01f7c47f1aa6378d	10037	children/VERIFY-B1/members/DEL-11-01/finalizations/repro1/finalization.json
46cba20a315bffff070c2ece60c87ea36b6c8021afdbba6650f62c30a888b4ee	25829	children/VERIFY-B1/members/DEL-11-01/finalizations/repro2/ScopeOfWork.md
93f5903cc85df8ffe3d8e12231ade6f014d08a8dc19c3ece01f7c47f1aa6378d	10037	children/VERIFY-B1/members/DEL-11-01/finalizations/repro2/finalization.json
6b20b796bb8049d410806602a8b2f59f6494c7bb0d06b1cf3495df356250fec1	6606	children/VERIFY-B1/members/DEL-11-01/negative_dual/Datasheet.md
59ea841af9504bc07cf47d921c7e229cdefdf7ebc40c9450e31989769414d43f	34809	children/VERIFY-B1/members/DEL-11-01/negative_dual/Dependencies.csv
64760e50156d74e383d3b1f69500d1ca7035a3a892a3c5d68f168179282f2576	4745	children/VERIFY-B1/members/DEL-11-01/negative_dual/Guidance.md
7d714cd9e3894d73c805e514255e9dac2fd69b8124bf6fd5159f48da4d1eb24c	4358	children/VERIFY-B1/members/DEL-11-01/negative_dual/Procedure.md
2f5a4ef163399467504c40e6d3ff77b9ffdd5bb6bad3f94048c0b8b5151f1364	32022	children/VERIFY-B1/members/DEL-11-01/negative_dual/ScopeOfWork.md
26ef5dc19b8264e9aeb14eb31f4627502ce05ce56b999da59475499895094403	6638	children/VERIFY-B1/members/DEL-11-01/negative_dual/Specification.md
3ea5b606230aca4103f3564715e0b561da3c29679ca077dd181d5a385622529f	2850	children/VERIFY-B1/members/DEL-11-01/negative_dual/_CONTEXT.md
23c2b082d623d555c384130e87cda8c7fe34d3bead4142807fbc2b4ef2c28072	2768	children/VERIFY-B1/members/DEL-11-01/negative_dual/_DEPENDENCIES.md
adcb8431dcce8d7e41dbb0745354af17809064cc30297c51f8066a7d341afc77	1346	children/VERIFY-B1/members/DEL-11-01/negative_dual/_REFERENCES.md
f85f7d2defe6a21b3f33a80960e6d5a51ec30301d72140d5819c03603e4d2a21	2689	children/VERIFY-B1/members/DEL-11-01/negative_dual/_STATUS.md
6b20b796bb8049d410806602a8b2f59f6494c7bb0d06b1cf3495df356250fec1	6606	children/VERIFY-B1/members/DEL-11-01/negative_partial/Datasheet.md
1b467265285ba758056e88f23c5ffd11da94f3fef824ace151e2156a9926f5d4	25865	children/VERIFY-B1/members/DEL-11-01/negative_tests/mutated_clean.md
55ff9967523c3af580d3efb43ce6abcd9a6beef5d56b3b23a5efb9655c94aed3	6508	children/VERIFY-B1/members/DEL-11-01/negative_tests/rejected_parity_report.json
53d4b6734936bc15e210cb143879bbb58b6e4df59da11affe8c77fb7f312b48d	6344	children/VERIFY-B1/members/DEL-11-01/parity_1.json
e925a44dc6f283714641874bbe3c574bffbee4aeda4e6dce7eaf0fbe0433fefc	291	children/VERIFY-B1/members/DEL-11-01/parity_1.md
53d4b6734936bc15e210cb143879bbb58b6e4df59da11affe8c77fb7f312b48d	6344	children/VERIFY-B1/members/DEL-11-01/parity_2.json
e925a44dc6f283714641874bbe3c574bffbee4aeda4e6dce7eaf0fbe0433fefc	291	children/VERIFY-B1/members/DEL-11-01/parity_2.md
46ec7049823e44f39e4f5d0601e8f7ab3b56d025a19862be4e4def84365d02d8	33186	children/VERIFY-B1/members/DEL-11-01/render_1.html
46ec7049823e44f39e4f5d0601e8f7ab3b56d025a19862be4e4def84365d02d8	33186	children/VERIFY-B1/members/DEL-11-01/render_2.html
6b20b796bb8049d410806602a8b2f59f6494c7bb0d06b1cf3495df356250fec1	6606	children/VERIFY-B1/members/DEL-11-01/workspaces/repro1/kit/Datasheet.md
59ea841af9504bc07cf47d921c7e229cdefdf7ebc40c9450e31989769414d43f	34809	children/VERIFY-B1/members/DEL-11-01/workspaces/repro1/kit/Dependencies.csv
64760e50156d74e383d3b1f69500d1ca7035a3a892a3c5d68f168179282f2576	4745	children/VERIFY-B1/members/DEL-11-01/workspaces/repro1/kit/Guidance.md
7d714cd9e3894d73c805e514255e9dac2fd69b8124bf6fd5159f48da4d1eb24c	4358	children/VERIFY-B1/members/DEL-11-01/workspaces/repro1/kit/Procedure.md
2f5a4ef163399467504c40e6d3ff77b9ffdd5bb6bad3f94048c0b8b5151f1364	32022	children/VERIFY-B1/members/DEL-11-01/workspaces/repro1/kit/ScopeOfWork.md
26ef5dc19b8264e9aeb14eb31f4627502ce05ce56b999da59475499895094403	6638	children/VERIFY-B1/members/DEL-11-01/workspaces/repro1/kit/Specification.md
3ea5b606230aca4103f3564715e0b561da3c29679ca077dd181d5a385622529f	2850	children/VERIFY-B1/members/DEL-11-01/workspaces/repro1/kit/_CONTEXT.md
23c2b082d623d555c384130e87cda8c7fe34d3bead4142807fbc2b4ef2c28072	2768	children/VERIFY-B1/members/DEL-11-01/workspaces/repro1/kit/_DEPENDENCIES.md
adcb8431dcce8d7e41dbb0745354af17809064cc30297c51f8066a7d341afc77	1346	children/VERIFY-B1/members/DEL-11-01/workspaces/repro1/kit/_REFERENCES.md
f85f7d2defe6a21b3f33a80960e6d5a51ec30301d72140d5819c03603e4d2a21	2689	children/VERIFY-B1/members/DEL-11-01/workspaces/repro1/kit/_STATUS.md
6b20b796bb8049d410806602a8b2f59f6494c7bb0d06b1cf3495df356250fec1	6606	children/VERIFY-B1/members/DEL-11-01/workspaces/repro2/kit/Datasheet.md
59ea841af9504bc07cf47d921c7e229cdefdf7ebc40c9450e31989769414d43f	34809	children/VERIFY-B1/members/DEL-11-01/workspaces/repro2/kit/Dependencies.csv
64760e50156d74e383d3b1f69500d1ca7035a3a892a3c5d68f168179282f2576	4745	children/VERIFY-B1/members/DEL-11-01/workspaces/repro2/kit/Guidance.md
7d714cd9e3894d73c805e514255e9dac2fd69b8124bf6fd5159f48da4d1eb24c	4358	children/VERIFY-B1/members/DEL-11-01/workspaces/repro2/kit/Procedure.md
2f5a4ef163399467504c40e6d3ff77b9ffdd5bb6bad3f94048c0b8b5151f1364	32022	children/VERIFY-B1/members/DEL-11-01/workspaces/repro2/kit/ScopeOfWork.md
26ef5dc19b8264e9aeb14eb31f4627502ce05ce56b999da59475499895094403	6638	children/VERIFY-B1/members/DEL-11-01/workspaces/repro2/kit/Specification.md
3ea5b606230aca4103f3564715e0b561da3c29679ca077dd181d5a385622529f	2850	children/VERIFY-B1/members/DEL-11-01/workspaces/repro2/kit/_CONTEXT.md
23c2b082d623d555c384130e87cda8c7fe34d3bead4142807fbc2b4ef2c28072	2768	children/VERIFY-B1/members/DEL-11-01/workspaces/repro2/kit/_DEPENDENCIES.md
adcb8431dcce8d7e41dbb0745354af17809064cc30297c51f8066a7d341afc77	1346	children/VERIFY-B1/members/DEL-11-01/workspaces/repro2/kit/_REFERENCES.md
f85f7d2defe6a21b3f33a80960e6d5a51ec30301d72140d5819c03603e4d2a21	2689	children/VERIFY-B1/members/DEL-11-01/workspaces/repro2/kit/_STATUS.md
62f76cf046617a6ee0077cb0cd01810c96fde4a3424cd6157dbbf7c64257b3d4	457	children/VERIFY-B1/members/DEL-11-02/DETERMINISM.json
cf9f7c09628f2a51885c1fb6c9b5a1586a0984bd700559d9bdfb6d6e4594a29f	12846	children/VERIFY-B1/members/DEL-11-02/FINALIZATION_BINDING.json
f093fd9109abbbd228e01e81b7d61fedc529580b4a593f3aa9afb16db23a5370	1304	children/VERIFY-B1/members/DEL-11-02/FROZEN_AND_PRE_HASHES.json
cfac331a9b51f78121d81354901ebed2a25f26063d754fb7f4f3fbee70c3b7ac	770	children/VERIFY-B1/members/DEL-11-02/INDEPENDENT_SEMANTIC_SOURCE_REVIEW.md
a159d60eed9cd667104a8739e69d6ddac594dcc8c2f987be33fe5469bba40157	1131	children/VERIFY-B1/members/DEL-11-02/POST_HASHES.json
d119e929a2d7b20d7b78fbeb63fbda94559c9ae3a84b925237c1a154c938c5ec	1586	children/VERIFY-B1/members/DEL-11-02/SEMANTIC_AND_LITERAL_REVIEW.json
77f95d355b6e754f8616f08a72e66dd793941591c6a7080ee65e274a2dd9773c	816	children/VERIFY-B1/members/DEL-11-02/SUMMARY.json
33f27fe933ead8fe669158736527fdba5af03e3cb84e85db2377dd2173439cdc	387	children/VERIFY-B1/members/DEL-11-02/VERDICTS.json
9779d8670058d583716a653a5a90564705829961e7f36b5d0f8b4f8efb49398e	1756	children/VERIFY-B1/members/DEL-11-02/checklist_1.json
9779d8670058d583716a653a5a90564705829961e7f36b5d0f8b4f8efb49398e	1756	children/VERIFY-B1/members/DEL-11-02/checklist_2.json
d154754eb176e4476a862fb66ee72400d572ef8f5d385ec3570fe17056edb9aa	5772	children/VERIFY-B1/members/DEL-11-02/claim_map_1.csv
d154754eb176e4476a862fb66ee72400d572ef8f5d385ec3570fe17056edb9aa	5772	children/VERIFY-B1/members/DEL-11-02/claim_map_2.csv
52c18ec85ac521daa58c42b20b56e2cd9be1df6e7126b23cbb09014c66964ab2	640	children/VERIFY-B1/members/DEL-11-02/commands/checklist_1.json
dc34f7db1ec51586ddd6eb088757ccbb633b7028f014b801b035d456a4e43cb2	640	children/VERIFY-B1/members/DEL-11-02/commands/checklist_2.json
9c50b5cce5ec17a8ceb2d55226e7ee134997f1a89099813a1a33386f6440a1b7	2104	children/VERIFY-B1/members/DEL-11-02/commands/convert_repro1.json
da3dea8083795e60ffa3a42c20f3000f66e89f975e4370e99cb7eadb1ba7db56	2104	children/VERIFY-B1/members/DEL-11-02/commands/convert_repro2.json
d535c63b5fcc097aa93356ff377eb5afcd2ff0306842043d0dfaddbf141ca42f	1159	children/VERIFY-B1/members/DEL-11-02/commands/finalize_repro1.json
2c9c2678e4d5d4752ccbf6a362a2089246f18cc3bb8bad76919bb4787a474291	1159	children/VERIFY-B1/members/DEL-11-02/commands/finalize_repro2.json
5b26567590af9156118e37497c7029f036e55ca653db6eb336fadd2689e7c75a	1227	children/VERIFY-B1/members/DEL-11-02/commands/map_1.json
0422ab841467494e6cd2da5d7a1449a6273ebe93d0cc7cd212dd50f9df0fdeb4	1227	children/VERIFY-B1/members/DEL-11-02/commands/map_2.json
6251f8bfdfb1e5a79fa964085b12c09a812490123b119850ae35c7bb88465639	1190	children/VERIFY-B1/members/DEL-11-02/commands/negative_1_map_mutated_clean.json
91e55dd47d272a8675f7b1df9b0b2d734d83bff53d7f6c707043171706d49759	1240	children/VERIFY-B1/members/DEL-11-02/commands/negative_2_parity_mutated_clean.json
d592cae55d5fe3c9701ef6517c3d40e4cd919fe79db7c3340fad412c744e7407	873	children/VERIFY-B1/members/DEL-11-02/commands/negative_3_checklist_evidence.json
d718f0fe9fcf0c0dc32515538809f8f3e3a57c1762fb9788ac04bd674db468ed	841	children/VERIFY-B1/members/DEL-11-02/commands/negative_4_render_evidence.json
2fa149126f7bf0cc3ad77c01d564c7421ef7987cef31038ebfd2b80a427e949b	919	children/VERIFY-B1/members/DEL-11-02/commands/negative_5_partial_input.json
1608b390ad1163d343440fd173ff7bca7ce12c63d959d7a4fe4bda3ae9376804	932	children/VERIFY-B1/members/DEL-11-02/commands/negative_6_unauthorized_dual.json
986fee7fffdd1462a54dbb57386a696ed4c1be2b70d4d175c00737600f47e935	1038	children/VERIFY-B1/members/DEL-11-02/commands/negative_7_wrong_authority_checklist.json
36ecf24c4abc9593bdb617d006c3f228f183144858c7174a03ae442bc286ae6a	1330	children/VERIFY-B1/members/DEL-11-02/commands/parity_1.json
527a62ae8d1aa6e7709b2ecad9049e6d87558f20fd0b78ae0a143e4f69773661	1330	children/VERIFY-B1/members/DEL-11-02/commands/parity_2.json
4d374540c6f1a0577cd1717236ce264ac598ad0f4bb53f2a6a2b203bc8c8aa2d	631	children/VERIFY-B1/members/DEL-11-02/commands/render_1.json
c725910b8163c30aa129159fbedbb692b5234a9d70bfb3b03c81ca1c2135f6e6	631	children/VERIFY-B1/members/DEL-11-02/commands/render_2.json
61cba866285b1d6fa3a9bd5f1d046efba3e7159fba0ce7369e1d48260a4da020	738	children/VERIFY-B1/members/DEL-11-02/commands/validate_clean.json
0bd85607517fe62f65c73925a4d9189e79dbfbe038f0d291b5717b593d36f0cd	922	children/VERIFY-B1/members/DEL-11-02/commands/validate_evidence_authorized.json
c71fa0a2749ae82e13c350980b65af676efc0f208c1fd3939747d472d7255e91	31738	children/VERIFY-B1/members/DEL-11-02/finalizations/repro1/ScopeOfWork.md
584ef2588cd77c90734f8822d7517fc7bd3148313b128c9b922752ec8b6dd078	12088	children/VERIFY-B1/members/DEL-11-02/finalizations/repro1/finalization.json
c71fa0a2749ae82e13c350980b65af676efc0f208c1fd3939747d472d7255e91	31738	children/VERIFY-B1/members/DEL-11-02/finalizations/repro2/ScopeOfWork.md
584ef2588cd77c90734f8822d7517fc7bd3148313b128c9b922752ec8b6dd078	12088	children/VERIFY-B1/members/DEL-11-02/finalizations/repro2/finalization.json
1abc2906b68fc92a2c886cfb3098b227824a492a520b04383e247c054d84f45b	6284	children/VERIFY-B1/members/DEL-11-02/negative_dual/Datasheet.md
82fbda955cbe44f5b4007d5fa452917ae6ab6bcdb51979c084180c998b363d08	19472	children/VERIFY-B1/members/DEL-11-02/negative_dual/Dependencies.csv
e42394c9c5da4a37e06add02f91647e1dc1f54e7174e117a1b5f7139eda88c59	7701	children/VERIFY-B1/members/DEL-11-02/negative_dual/Guidance.md
7da649f7a4abfe75be48ab1829786acbb3d6bc959dcd558e3d760250c633ef73	5947	children/VERIFY-B1/members/DEL-11-02/negative_dual/Procedure.md
92cd83773220669a661896d81be40cb78f9c4d2f9a79f0189e38b4400b8e7b8f	39167	children/VERIFY-B1/members/DEL-11-02/negative_dual/ScopeOfWork.md
82efc25124da83d0b2251c672d70504ad59dd589ba3f1042fe22cc58809e10ca	7843	children/VERIFY-B1/members/DEL-11-02/negative_dual/Specification.md
ef5f19ddce96df85d5861877d01f18ef48b4ddaccbb1d5d3a838dd5ff02dd79e	2884	children/VERIFY-B1/members/DEL-11-02/negative_dual/_CONTEXT.md
3c1f0648b4b0ced83fc70dca03885b109159b2c54facb97c0695686aba909ef1	2776	children/VERIFY-B1/members/DEL-11-02/negative_dual/_DEPENDENCIES.md
05fff7030047acc46f41e53146771ae2b9b559716f51bad45e77a24db219d1a4	1368	children/VERIFY-B1/members/DEL-11-02/negative_dual/_REFERENCES.md
f501f4c36d49d5602de2975f23a7a6e1b179ab83d36f77bc2db9bbd1c6229c3a	2844	children/VERIFY-B1/members/DEL-11-02/negative_dual/_STATUS.md
1abc2906b68fc92a2c886cfb3098b227824a492a520b04383e247c054d84f45b	6284	children/VERIFY-B1/members/DEL-11-02/negative_partial/Datasheet.md
c917ba3ebcc478fa85ea4f2be7177cac3e863e559ecb799a1be237a9b504dade	31774	children/VERIFY-B1/members/DEL-11-02/negative_tests/mutated_clean.md
3558a30e15e87c07664126963820a9cc6d8700922c204351889ba4eaaca40ce8	7701	children/VERIFY-B1/members/DEL-11-02/negative_tests/rejected_parity_report.json
a1d2b9a784fa5f720404bb3ca84d7c8028c949ea7e6e1e3bd1f709a5f97b3a3e	7537	children/VERIFY-B1/members/DEL-11-02/parity_1.json
3ba88fa9ac7789e855438ec7a165f0d274ae1f4210aae6ded67ad1c4f456be21	291	children/VERIFY-B1/members/DEL-11-02/parity_1.md
a1d2b9a784fa5f720404bb3ca84d7c8028c949ea7e6e1e3bd1f709a5f97b3a3e	7537	children/VERIFY-B1/members/DEL-11-02/parity_2.json
3ba88fa9ac7789e855438ec7a165f0d274ae1f4210aae6ded67ad1c4f456be21	291	children/VERIFY-B1/members/DEL-11-02/parity_2.md
05bb366afac84db02ce990935bd3bebdb734cf3a0f5ae96466e2317a192f0332	40151	children/VERIFY-B1/members/DEL-11-02/render_1.html
05bb366afac84db02ce990935bd3bebdb734cf3a0f5ae96466e2317a192f0332	40151	children/VERIFY-B1/members/DEL-11-02/render_2.html
1abc2906b68fc92a2c886cfb3098b227824a492a520b04383e247c054d84f45b	6284	children/VERIFY-B1/members/DEL-11-02/workspaces/repro1/kit/Datasheet.md
82fbda955cbe44f5b4007d5fa452917ae6ab6bcdb51979c084180c998b363d08	19472	children/VERIFY-B1/members/DEL-11-02/workspaces/repro1/kit/Dependencies.csv
e42394c9c5da4a37e06add02f91647e1dc1f54e7174e117a1b5f7139eda88c59	7701	children/VERIFY-B1/members/DEL-11-02/workspaces/repro1/kit/Guidance.md
7da649f7a4abfe75be48ab1829786acbb3d6bc959dcd558e3d760250c633ef73	5947	children/VERIFY-B1/members/DEL-11-02/workspaces/repro1/kit/Procedure.md
92cd83773220669a661896d81be40cb78f9c4d2f9a79f0189e38b4400b8e7b8f	39167	children/VERIFY-B1/members/DEL-11-02/workspaces/repro1/kit/ScopeOfWork.md
82efc25124da83d0b2251c672d70504ad59dd589ba3f1042fe22cc58809e10ca	7843	children/VERIFY-B1/members/DEL-11-02/workspaces/repro1/kit/Specification.md
ef5f19ddce96df85d5861877d01f18ef48b4ddaccbb1d5d3a838dd5ff02dd79e	2884	children/VERIFY-B1/members/DEL-11-02/workspaces/repro1/kit/_CONTEXT.md
3c1f0648b4b0ced83fc70dca03885b109159b2c54facb97c0695686aba909ef1	2776	children/VERIFY-B1/members/DEL-11-02/workspaces/repro1/kit/_DEPENDENCIES.md
05fff7030047acc46f41e53146771ae2b9b559716f51bad45e77a24db219d1a4	1368	children/VERIFY-B1/members/DEL-11-02/workspaces/repro1/kit/_REFERENCES.md
f501f4c36d49d5602de2975f23a7a6e1b179ab83d36f77bc2db9bbd1c6229c3a	2844	children/VERIFY-B1/members/DEL-11-02/workspaces/repro1/kit/_STATUS.md
1abc2906b68fc92a2c886cfb3098b227824a492a520b04383e247c054d84f45b	6284	children/VERIFY-B1/members/DEL-11-02/workspaces/repro2/kit/Datasheet.md
82fbda955cbe44f5b4007d5fa452917ae6ab6bcdb51979c084180c998b363d08	19472	children/VERIFY-B1/members/DEL-11-02/workspaces/repro2/kit/Dependencies.csv
e42394c9c5da4a37e06add02f91647e1dc1f54e7174e117a1b5f7139eda88c59	7701	children/VERIFY-B1/members/DEL-11-02/workspaces/repro2/kit/Guidance.md
7da649f7a4abfe75be48ab1829786acbb3d6bc959dcd558e3d760250c633ef73	5947	children/VERIFY-B1/members/DEL-11-02/workspaces/repro2/kit/Procedure.md
92cd83773220669a661896d81be40cb78f9c4d2f9a79f0189e38b4400b8e7b8f	39167	children/VERIFY-B1/members/DEL-11-02/workspaces/repro2/kit/ScopeOfWork.md
82efc25124da83d0b2251c672d70504ad59dd589ba3f1042fe22cc58809e10ca	7843	children/VERIFY-B1/members/DEL-11-02/workspaces/repro2/kit/Specification.md
ef5f19ddce96df85d5861877d01f18ef48b4ddaccbb1d5d3a838dd5ff02dd79e	2884	children/VERIFY-B1/members/DEL-11-02/workspaces/repro2/kit/_CONTEXT.md
3c1f0648b4b0ced83fc70dca03885b109159b2c54facb97c0695686aba909ef1	2776	children/VERIFY-B1/members/DEL-11-02/workspaces/repro2/kit/_DEPENDENCIES.md
05fff7030047acc46f41e53146771ae2b9b559716f51bad45e77a24db219d1a4	1368	children/VERIFY-B1/members/DEL-11-02/workspaces/repro2/kit/_REFERENCES.md
f501f4c36d49d5602de2975f23a7a6e1b179ab83d36f77bc2db9bbd1c6229c3a	2844	children/VERIFY-B1/members/DEL-11-02/workspaces/repro2/kit/_STATUS.md
57a009ac90f79b8ee371756d4c5457e9334c54c1962ece55d8fd289066ec1425	457	children/VERIFY-B1/members/DEL-11-03/DETERMINISM.json
a5ada58cec1502b8d58cb53287d130f401f4db9a1a42be31adb9a590d5c01d38	11053	children/VERIFY-B1/members/DEL-11-03/FINALIZATION_BINDING.json
19082d5d0f4786e114e8636831f66d3757dc0c5e238ce18ef449a68ac181c0d3	1304	children/VERIFY-B1/members/DEL-11-03/FROZEN_AND_PRE_HASHES.json
a9bd193c78dac947083db79952bacc9c7e238b8ed0557fd76abb145c1928eabe	785	children/VERIFY-B1/members/DEL-11-03/INDEPENDENT_SEMANTIC_SOURCE_REVIEW.md
b307464cba502ebb0a30c237f6c793d5f915f8ca9b6f3124c6d31a516ef2c9eb	1131	children/VERIFY-B1/members/DEL-11-03/POST_HASHES.json
8bef43ab14b18ba439a9ad433b18532424a7a2b0293179671d2ef21a96a6ea28	1656	children/VERIFY-B1/members/DEL-11-03/SEMANTIC_AND_LITERAL_REVIEW.json
1ddd18b830626924053e70bcdf6371e48aec9127bb622897acd6d91ab92d3dea	815	children/VERIFY-B1/members/DEL-11-03/SUMMARY.json
33f27fe933ead8fe669158736527fdba5af03e3cb84e85db2377dd2173439cdc	387	children/VERIFY-B1/members/DEL-11-03/VERDICTS.json
7219ec4a8e09ab088138d02465002eb66755e8e34d8160231497bc8d60cdd9f6	1807	children/VERIFY-B1/members/DEL-11-03/checklist_1.json
7219ec4a8e09ab088138d02465002eb66755e8e34d8160231497bc8d60cdd9f6	1807	children/VERIFY-B1/members/DEL-11-03/checklist_2.json
fb4513bf6f9459857eacfa9df9dcd758a33d8795a57c046f4370171890c289f3	4944	children/VERIFY-B1/members/DEL-11-03/claim_map_1.csv
fb4513bf6f9459857eacfa9df9dcd758a33d8795a57c046f4370171890c289f3	4944	children/VERIFY-B1/members/DEL-11-03/claim_map_2.csv
573522705b07ddf05fcc40e57226df192154ffcb2ae6152f82c46330b9f0ce41	640	children/VERIFY-B1/members/DEL-11-03/commands/checklist_1.json
01d356dd9b1796addbf1a0ddda2f06ed1b3f9c91ca3e163aff9c0e64b71b005a	640	children/VERIFY-B1/members/DEL-11-03/commands/checklist_2.json
932f47ed26aea0e8c18ac081d223c7918e9af9fe83b8ab8216d8b86c685c2616	2174	children/VERIFY-B1/members/DEL-11-03/commands/convert_repro1.json
845bcb0d05a354dc5f8e4452a36bc3f89fb837ae4a5f5f9603b05f5eadc1e95a	2174	children/VERIFY-B1/members/DEL-11-03/commands/convert_repro2.json
67cd6a479e240fb6ec20ee8239adc7788a46ab24f2380068ea599c39057b7d05	1159	children/VERIFY-B1/members/DEL-11-03/commands/finalize_repro1.json
3760963ab287f3145ce887de0c8bb7a4314f5ff5dd5cd9c59ba075ac8d8e4e2b	1159	children/VERIFY-B1/members/DEL-11-03/commands/finalize_repro2.json
d6eb88b7f67608ea812e4db450e170eff49e0b6212165c75a518bdee6facb15d	1239	children/VERIFY-B1/members/DEL-11-03/commands/map_1.json
f302444e3ba8222d7907963b20226c976f270f38f21b8b0d0edf4d358e9c1479	1238	children/VERIFY-B1/members/DEL-11-03/commands/map_2.json
a02d48dd241302e6626a39618d4c2c1db659ff8373643b5fb78e53b2d23185a8	1202	children/VERIFY-B1/members/DEL-11-03/commands/negative_1_map_mutated_clean.json
b3f0eaa18384c7c12c12d252a2ff27a66d2886288b239de4dd6f3c21e2b86cd6	1252	children/VERIFY-B1/members/DEL-11-03/commands/negative_2_parity_mutated_clean.json
b7a007b974e008fac801f8a02b3feab2d6dc57b0523955c946c59fe25d670971	873	children/VERIFY-B1/members/DEL-11-03/commands/negative_3_checklist_evidence.json
a4f81da182659b547f91e79fbfb34d33d252f50a23d2ac2f969a048d304a5b37	841	children/VERIFY-B1/members/DEL-11-03/commands/negative_4_render_evidence.json
62f4e12d727fc101a425f1cb7c54ddada216b130bcdc6e0c88d2658120918e62	919	children/VERIFY-B1/members/DEL-11-03/commands/negative_5_partial_input.json
ac5dcadd39ea76dd498987d4cc5e2edc21fc5b0d8de4dd26844d5cd9a754f544	932	children/VERIFY-B1/members/DEL-11-03/commands/negative_6_unauthorized_dual.json
08cf056f7e7df92c14f825634e7c784b4af1f8038d214a9c964d0f10ddeceb73	1037	children/VERIFY-B1/members/DEL-11-03/commands/negative_7_wrong_authority_checklist.json
b99f39549cfc45faf30f511b149d8246b50d5d9b24ca22674f37fc86ad0e0b35	1342	children/VERIFY-B1/members/DEL-11-03/commands/parity_1.json
e7d1d4b1221055f28d20a1f0e2f7903c7bc5f425ea566fcc136d11f8da471f66	1342	children/VERIFY-B1/members/DEL-11-03/commands/parity_2.json
e888ec96ee090c5ab0f6c313d60725f33d6ed9bb71e5d757e914595f279d0a06	631	children/VERIFY-B1/members/DEL-11-03/commands/render_1.json
ec5fd7e281edcd1e05ca187601dc8c3121591166590ce5936e6ba8e57ff506b7	631	children/VERIFY-B1/members/DEL-11-03/commands/render_2.json
c732dfe7cea1887efb3e2ee9882ad15dc74597582e07847f62527ae7b8ce232f	738	children/VERIFY-B1/members/DEL-11-03/commands/validate_clean.json
427b3d716268cc47b19976bc4e951ad03587e026721111632c79fa6193711aa9	922	children/VERIFY-B1/members/DEL-11-03/commands/validate_evidence_authorized.json
b5e973588e062a9e85e4e7dc446fae66d654cfa9b778845cbef2b51bf2ea909d	34891	children/VERIFY-B1/members/DEL-11-03/finalizations/repro1/ScopeOfWork.md
88069e324bb7d48d915b280720ab9af075dccc3ad3742d6f30ba5a5c32a4f6ec	10385	children/VERIFY-B1/members/DEL-11-03/finalizations/repro1/finalization.json
b5e973588e062a9e85e4e7dc446fae66d654cfa9b778845cbef2b51bf2ea909d	34891	children/VERIFY-B1/members/DEL-11-03/finalizations/repro2/ScopeOfWork.md
88069e324bb7d48d915b280720ab9af075dccc3ad3742d6f30ba5a5c32a4f6ec	10385	children/VERIFY-B1/members/DEL-11-03/finalizations/repro2/finalization.json
69b6591983fecd78a3c2b39d8e1f42186e7e978318484edaba73a99b30bb788d	9677	children/VERIFY-B1/members/DEL-11-03/negative_dual/Datasheet.md
627efd11f723fa93b2f001d3ca68567a631922a7c97ad2f45c2fcbf8f20afd28	19219	children/VERIFY-B1/members/DEL-11-03/negative_dual/Dependencies.csv
93f1549d79fd7812af4987fb19c0b58364a97305950bf963c174fae28be1c9c5	6895	children/VERIFY-B1/members/DEL-11-03/negative_dual/Guidance.md
b7b704520662f00afa8356e8347878dd5912bc1c7ceb87f9f515e5c79bff5205	3540	children/VERIFY-B1/members/DEL-11-03/negative_dual/Procedure.md
5ce0f70a22864ad70145940519984fe24ab4ea3c7074837b7f89d6ef67624e2d	41149	children/VERIFY-B1/members/DEL-11-03/negative_dual/ScopeOfWork.md
8fd4bde7c0145afd8b9bc345041e06376f34cc821082ca637cb64e7d98c472ae	10907	children/VERIFY-B1/members/DEL-11-03/negative_dual/Specification.md
ae582504d7d8f6e249f7112ea6797b89f1c3335623d012325d30116aa189dab7	3033	children/VERIFY-B1/members/DEL-11-03/negative_dual/_CONTEXT.md
072993c1b2e51d42762707a8500fe1dba787632a24079a13e234a80a2df22e92	2833	children/VERIFY-B1/members/DEL-11-03/negative_dual/_DEPENDENCIES.md
3386e02dc3ecb50d9c61cee9d5091493b4d8347909b284ba34abe00ca28bdd99	2066	children/VERIFY-B1/members/DEL-11-03/negative_dual/_REFERENCES.md
6ad528c94194921bbce5169c3c937098480e9adc1658adeefa0aa5caae345311	2986	children/VERIFY-B1/members/DEL-11-03/negative_dual/_STATUS.md
69b6591983fecd78a3c2b39d8e1f42186e7e978318484edaba73a99b30bb788d	9677	children/VERIFY-B1/members/DEL-11-03/negative_partial/Datasheet.md
07a61adee639d75fb243d308ef46fdb70dedafb4f7fab49eddd8b6302b385b47	34927	children/VERIFY-B1/members/DEL-11-03/negative_tests/mutated_clean.md
d378dfdcbbd24f838f2e7bb1e3b32d521cc570c08f1dee68eb3e7148f4a7d1d2	6713	children/VERIFY-B1/members/DEL-11-03/negative_tests/rejected_parity_report.json
f3090acc0eda9c09eaa73c6f4a3d344bed0a64b4cc751423111277840855b8b2	6549	children/VERIFY-B1/members/DEL-11-03/parity_1.json
b8aca0d9f95193ecd48de20321569549c42616017f0de08cc54a23e710bd206a	291	children/VERIFY-B1/members/DEL-11-03/parity_1.md
f3090acc0eda9c09eaa73c6f4a3d344bed0a64b4cc751423111277840855b8b2	6549	children/VERIFY-B1/members/DEL-11-03/parity_2.json
b8aca0d9f95193ecd48de20321569549c42616017f0de08cc54a23e710bd206a	291	children/VERIFY-B1/members/DEL-11-03/parity_2.md
b7f51bffbc654ae81948bb48c0662d53454f0577673403209dff1c198809ef00	45354	children/VERIFY-B1/members/DEL-11-03/render_1.html
b7f51bffbc654ae81948bb48c0662d53454f0577673403209dff1c198809ef00	45354	children/VERIFY-B1/members/DEL-11-03/render_2.html
69b6591983fecd78a3c2b39d8e1f42186e7e978318484edaba73a99b30bb788d	9677	children/VERIFY-B1/members/DEL-11-03/workspaces/repro1/kit/Datasheet.md
627efd11f723fa93b2f001d3ca68567a631922a7c97ad2f45c2fcbf8f20afd28	19219	children/VERIFY-B1/members/DEL-11-03/workspaces/repro1/kit/Dependencies.csv
93f1549d79fd7812af4987fb19c0b58364a97305950bf963c174fae28be1c9c5	6895	children/VERIFY-B1/members/DEL-11-03/workspaces/repro1/kit/Guidance.md
b7b704520662f00afa8356e8347878dd5912bc1c7ceb87f9f515e5c79bff5205	3540	children/VERIFY-B1/members/DEL-11-03/workspaces/repro1/kit/Procedure.md
5ce0f70a22864ad70145940519984fe24ab4ea3c7074837b7f89d6ef67624e2d	41149	children/VERIFY-B1/members/DEL-11-03/workspaces/repro1/kit/ScopeOfWork.md
8fd4bde7c0145afd8b9bc345041e06376f34cc821082ca637cb64e7d98c472ae	10907	children/VERIFY-B1/members/DEL-11-03/workspaces/repro1/kit/Specification.md
ae582504d7d8f6e249f7112ea6797b89f1c3335623d012325d30116aa189dab7	3033	children/VERIFY-B1/members/DEL-11-03/workspaces/repro1/kit/_CONTEXT.md
072993c1b2e51d42762707a8500fe1dba787632a24079a13e234a80a2df22e92	2833	children/VERIFY-B1/members/DEL-11-03/workspaces/repro1/kit/_DEPENDENCIES.md
3386e02dc3ecb50d9c61cee9d5091493b4d8347909b284ba34abe00ca28bdd99	2066	children/VERIFY-B1/members/DEL-11-03/workspaces/repro1/kit/_REFERENCES.md
6ad528c94194921bbce5169c3c937098480e9adc1658adeefa0aa5caae345311	2986	children/VERIFY-B1/members/DEL-11-03/workspaces/repro1/kit/_STATUS.md
69b6591983fecd78a3c2b39d8e1f42186e7e978318484edaba73a99b30bb788d	9677	children/VERIFY-B1/members/DEL-11-03/workspaces/repro2/kit/Datasheet.md
627efd11f723fa93b2f001d3ca68567a631922a7c97ad2f45c2fcbf8f20afd28	19219	children/VERIFY-B1/members/DEL-11-03/workspaces/repro2/kit/Dependencies.csv
93f1549d79fd7812af4987fb19c0b58364a97305950bf963c174fae28be1c9c5	6895	children/VERIFY-B1/members/DEL-11-03/workspaces/repro2/kit/Guidance.md
b7b704520662f00afa8356e8347878dd5912bc1c7ceb87f9f515e5c79bff5205	3540	children/VERIFY-B1/members/DEL-11-03/workspaces/repro2/kit/Procedure.md
5ce0f70a22864ad70145940519984fe24ab4ea3c7074837b7f89d6ef67624e2d	41149	children/VERIFY-B1/members/DEL-11-03/workspaces/repro2/kit/ScopeOfWork.md
8fd4bde7c0145afd8b9bc345041e06376f34cc821082ca637cb64e7d98c472ae	10907	children/VERIFY-B1/members/DEL-11-03/workspaces/repro2/kit/Specification.md
ae582504d7d8f6e249f7112ea6797b89f1c3335623d012325d30116aa189dab7	3033	children/VERIFY-B1/members/DEL-11-03/workspaces/repro2/kit/_CONTEXT.md
072993c1b2e51d42762707a8500fe1dba787632a24079a13e234a80a2df22e92	2833	children/VERIFY-B1/members/DEL-11-03/workspaces/repro2/kit/_DEPENDENCIES.md
3386e02dc3ecb50d9c61cee9d5091493b4d8347909b284ba34abe00ca28bdd99	2066	children/VERIFY-B1/members/DEL-11-03/workspaces/repro2/kit/_REFERENCES.md
6ad528c94194921bbce5169c3c937098480e9adc1658adeefa0aa5caae345311	2986	children/VERIFY-B1/members/DEL-11-03/workspaces/repro2/kit/_STATUS.md
9442cc47f4e28723d61b4cfb51be7223b7488a2c2b7d643a259d2d95cfef3641	457	children/VERIFY-B1/members/DEL-11-04/DETERMINISM.json
c14c8d32b848abdfe69f27c8b63f9d84d8c948c4cfcc702ab91e4d2c8a9d4f6b	12135	children/VERIFY-B1/members/DEL-11-04/FINALIZATION_BINDING.json
ef9c8400021714bc3b6462928e4280813b31e997bf93b7e23f17ab588e6c0242	1304	children/VERIFY-B1/members/DEL-11-04/FROZEN_AND_PRE_HASHES.json
9e50a1de65acc9a7b10e7f81a6283d70fafcccd37b7914210486cddb21a350ae	727	children/VERIFY-B1/members/DEL-11-04/INDEPENDENT_SEMANTIC_SOURCE_REVIEW.md
2564d50933dcc10a696deac0bd4f74a675f5b4bfe9c1e3f7d5b1243c3eb7c8e6	1131	children/VERIFY-B1/members/DEL-11-04/POST_HASHES.json
70dfa467fdbcc8eb40bd6736928a16624cc79faf1157587ed8d06910afadb446	1633	children/VERIFY-B1/members/DEL-11-04/SEMANTIC_AND_LITERAL_REVIEW.json
fa3bef7024b7f03361a545c6e05975a99bc1e978545688e208409d9a5b97ef88	816	children/VERIFY-B1/members/DEL-11-04/SUMMARY.json
33f27fe933ead8fe669158736527fdba5af03e3cb84e85db2377dd2173439cdc	387	children/VERIFY-B1/members/DEL-11-04/VERDICTS.json
96a5e0c150b7111d4b53b896fd19c0c3fe7a9fb2e1d06262a7e51dd8de720bce	1779	children/VERIFY-B1/members/DEL-11-04/checklist_1.json
96a5e0c150b7111d4b53b896fd19c0c3fe7a9fb2e1d06262a7e51dd8de720bce	1779	children/VERIFY-B1/members/DEL-11-04/checklist_2.json
d9818a19469cd9a9efc63d372194d81afc1a10afa9550e67aa3b23c0935e5e99	5447	children/VERIFY-B1/members/DEL-11-04/claim_map_1.csv
d9818a19469cd9a9efc63d372194d81afc1a10afa9550e67aa3b23c0935e5e99	5447	children/VERIFY-B1/members/DEL-11-04/claim_map_2.csv
0022d335f21f296ac7d6475b0bc90d7bb564254bd9d2c0e527b41fd776648d51	640	children/VERIFY-B1/members/DEL-11-04/commands/checklist_1.json
a3e554e12e1544de38615b2b56e55bac6b12ccd5bce1e33f02990ca12a41133c	640	children/VERIFY-B1/members/DEL-11-04/commands/checklist_2.json
3fbdf0b201793e280fbbfa49cfb4da15760041f3efc30452484e88cfbfc6ab10	2150	children/VERIFY-B1/members/DEL-11-04/commands/convert_repro1.json
fe0db89605065cbc934cac4c29798a05f08b81a6dc533f74cc9ac8af2dcbb7d4	2151	children/VERIFY-B1/members/DEL-11-04/commands/convert_repro2.json
b56666c57322656f88b88e7279b719eb1917bba6ecdd7f8e5c17ed644895abe0	1159	children/VERIFY-B1/members/DEL-11-04/commands/finalize_repro1.json
cc71b36d052b32f63fa248d53d022352e0234a111ea2693fdcf3901932df1dbc	1159	children/VERIFY-B1/members/DEL-11-04/commands/finalize_repro2.json
a30824bf0f065cfc7009617fab3417731d915f8b20079b31f3bec32deb27eb3b	1221	children/VERIFY-B1/members/DEL-11-04/commands/map_1.json
c3c6732b7d2c30ce66775f9950e93cc4807a257711733b7487f544d723b38f67	1221	children/VERIFY-B1/members/DEL-11-04/commands/map_2.json
ded7dc91167eb6acb4acea126ddf0a254e97f34aec4f5c3045d43fc9473b7216	1184	children/VERIFY-B1/members/DEL-11-04/commands/negative_1_map_mutated_clean.json
5677eaebc3f9cb36629cc2fecb2056607b122f904f664b610da810bba242ffd4	1234	children/VERIFY-B1/members/DEL-11-04/commands/negative_2_parity_mutated_clean.json
df4dfa58c0bf52083f6469d6ec781426398dfbd97ba205ad48ae25df382f5eaa	873	children/VERIFY-B1/members/DEL-11-04/commands/negative_3_checklist_evidence.json
175c764552187c4017dccb6f70347be84da07c62a242457b6db18f0e96f4f23f	841	children/VERIFY-B1/members/DEL-11-04/commands/negative_4_render_evidence.json
7c356b17ab569a163d64aa861582daf3f59cfe51fc41b491e9ab6441da1590b0	918	children/VERIFY-B1/members/DEL-11-04/commands/negative_5_partial_input.json
8445ae5746655660ad44e9fb099859f78750b8367adc53dde7207e7f4b3433b1	932	children/VERIFY-B1/members/DEL-11-04/commands/negative_6_unauthorized_dual.json
e4eb7c43dc6dd3b452c5163104476084b9bc7c0b0ada993a91a2e6aa8ead346e	1038	children/VERIFY-B1/members/DEL-11-04/commands/negative_7_wrong_authority_checklist.json
062e62b67f084cf1a120b710edba3cad719d535f4652b34d262b76275f2b71ed	1323	children/VERIFY-B1/members/DEL-11-04/commands/parity_1.json
7740932df37b022d88afe84254c7585ba684480bdfde1e216606f4159c874903	1324	children/VERIFY-B1/members/DEL-11-04/commands/parity_2.json
652c8379feaa357a9598cff6b710c5fb368e6ca3b346348d0465d950c62eae76	631	children/VERIFY-B1/members/DEL-11-04/commands/render_1.json
4962800be2d577484cdb3224f4993b0812e0a05f1039c26ad82ea43518c39eb0	631	children/VERIFY-B1/members/DEL-11-04/commands/render_2.json
62bbdfb16508eb18a65fe1de23b2ab4e16dc6d93d8465ee2e82ad6d09d9a8983	738	children/VERIFY-B1/members/DEL-11-04/commands/validate_clean.json
cd5a59739c9ba8b691961dde9ed676daa3ea463b4eb05e226d9c79a4312f9a71	922	children/VERIFY-B1/members/DEL-11-04/commands/validate_evidence_authorized.json
9fdf56afa1e57bff58c4eb000d45880a8ee495e7ab6a33a6183e642c28f3158a	25515	children/VERIFY-B1/members/DEL-11-04/finalizations/repro1/ScopeOfWork.md
72e785af819de072cbfbfc9e34019db89340d9c64d5c5697333ab8d566764456	11413	children/VERIFY-B1/members/DEL-11-04/finalizations/repro1/finalization.json
9fdf56afa1e57bff58c4eb000d45880a8ee495e7ab6a33a6183e642c28f3158a	25515	children/VERIFY-B1/members/DEL-11-04/finalizations/repro2/ScopeOfWork.md
72e785af819de072cbfbfc9e34019db89340d9c64d5c5697333ab8d566764456	11413	children/VERIFY-B1/members/DEL-11-04/finalizations/repro2/finalization.json
09b4213e66163d7f87b931372f6503ce5fb98a7c0f865e335f4930a751c94d01	5630	children/VERIFY-B1/members/DEL-11-04/negative_dual/Datasheet.md
7b131378a5f68a9bcd4dfab7436f80f760dbb35abeb0731b18e77ba78fc80ae7	22492	children/VERIFY-B1/members/DEL-11-04/negative_dual/Dependencies.csv
8d902ac39e758e89b6c36197f363a1f51ba00c6e48f6f93aa57affab595c99e7	5303	children/VERIFY-B1/members/DEL-11-04/negative_dual/Guidance.md
8a4d1fff026bdf88f249ea4091460cbc635249df9b21f67dc14d01701ea7bb41	3928	children/VERIFY-B1/members/DEL-11-04/negative_dual/Procedure.md
b57daaf2ef6b61394c7f92aeb5cfa3ddfc67e7f93efccbc0e7e0670cb8cba1d7	32678	children/VERIFY-B1/members/DEL-11-04/negative_dual/ScopeOfWork.md
67915993d5911e1da8315c9ec321172f0b742cfa22d12924ed023e6ec91e73aa	6942	children/VERIFY-B1/members/DEL-11-04/negative_dual/Specification.md
ebb09ce8dc9916e08bd13c44ba3022bd75ac92d7f2fe427e8fdb042cb9ba56df	2895	children/VERIFY-B1/members/DEL-11-04/negative_dual/_CONTEXT.md
67e477907fad36337248198059bb6f8c36ddc2804fca22dbabd3c91db8dc89ab	2787	children/VERIFY-B1/members/DEL-11-04/negative_dual/_DEPENDENCIES.md
bdaaf5233331362848c8959d8613ed8a4637f7616269648d93d23db94581c4b0	1362	children/VERIFY-B1/members/DEL-11-04/negative_dual/_REFERENCES.md
27fbea8cd7eb5ea3d33bfb3b3be62689a8621d4e2ec09fe2d668382819a4472f	2816	children/VERIFY-B1/members/DEL-11-04/negative_dual/_STATUS.md
09b4213e66163d7f87b931372f6503ce5fb98a7c0f865e335f4930a751c94d01	5630	children/VERIFY-B1/members/DEL-11-04/negative_partial/Datasheet.md
2435429c198081bb2dd0b7824713b3a8bd667d913b5dcaded19df21f90e013d7	25551	children/VERIFY-B1/members/DEL-11-04/negative_tests/mutated_clean.md
fb8e6add8c17ab7cd907548454aa3cc1128cc5858d4ff84baf4d4813d4c2743e	7312	children/VERIFY-B1/members/DEL-11-04/negative_tests/rejected_parity_report.json
64e51d83e0181aa08247b3351399220806b8814c1811435ad9878013241a57f9	7148	children/VERIFY-B1/members/DEL-11-04/parity_1.json
576cdfe234df349524ad0e1f4b101f013800b60fdc1e441538e22acabd8eb3c0	291	children/VERIFY-B1/members/DEL-11-04/parity_1.md
64e51d83e0181aa08247b3351399220806b8814c1811435ad9878013241a57f9	7148	children/VERIFY-B1/members/DEL-11-04/parity_2.json
576cdfe234df349524ad0e1f4b101f013800b60fdc1e441538e22acabd8eb3c0	291	children/VERIFY-B1/members/DEL-11-04/parity_2.md
8e0ea41686a101e22924e40eb6d4d8519e460e53c112b1b31d954530d66de503	32501	children/VERIFY-B1/members/DEL-11-04/render_1.html
8e0ea41686a101e22924e40eb6d4d8519e460e53c112b1b31d954530d66de503	32501	children/VERIFY-B1/members/DEL-11-04/render_2.html
09b4213e66163d7f87b931372f6503ce5fb98a7c0f865e335f4930a751c94d01	5630	children/VERIFY-B1/members/DEL-11-04/workspaces/repro1/kit/Datasheet.md
7b131378a5f68a9bcd4dfab7436f80f760dbb35abeb0731b18e77ba78fc80ae7	22492	children/VERIFY-B1/members/DEL-11-04/workspaces/repro1/kit/Dependencies.csv
8d902ac39e758e89b6c36197f363a1f51ba00c6e48f6f93aa57affab595c99e7	5303	children/VERIFY-B1/members/DEL-11-04/workspaces/repro1/kit/Guidance.md
8a4d1fff026bdf88f249ea4091460cbc635249df9b21f67dc14d01701ea7bb41	3928	children/VERIFY-B1/members/DEL-11-04/workspaces/repro1/kit/Procedure.md
b57daaf2ef6b61394c7f92aeb5cfa3ddfc67e7f93efccbc0e7e0670cb8cba1d7	32678	children/VERIFY-B1/members/DEL-11-04/workspaces/repro1/kit/ScopeOfWork.md
67915993d5911e1da8315c9ec321172f0b742cfa22d12924ed023e6ec91e73aa	6942	children/VERIFY-B1/members/DEL-11-04/workspaces/repro1/kit/Specification.md
ebb09ce8dc9916e08bd13c44ba3022bd75ac92d7f2fe427e8fdb042cb9ba56df	2895	children/VERIFY-B1/members/DEL-11-04/workspaces/repro1/kit/_CONTEXT.md
67e477907fad36337248198059bb6f8c36ddc2804fca22dbabd3c91db8dc89ab	2787	children/VERIFY-B1/members/DEL-11-04/workspaces/repro1/kit/_DEPENDENCIES.md
bdaaf5233331362848c8959d8613ed8a4637f7616269648d93d23db94581c4b0	1362	children/VERIFY-B1/members/DEL-11-04/workspaces/repro1/kit/_REFERENCES.md
27fbea8cd7eb5ea3d33bfb3b3be62689a8621d4e2ec09fe2d668382819a4472f	2816	children/VERIFY-B1/members/DEL-11-04/workspaces/repro1/kit/_STATUS.md
09b4213e66163d7f87b931372f6503ce5fb98a7c0f865e335f4930a751c94d01	5630	children/VERIFY-B1/members/DEL-11-04/workspaces/repro2/kit/Datasheet.md
7b131378a5f68a9bcd4dfab7436f80f760dbb35abeb0731b18e77ba78fc80ae7	22492	children/VERIFY-B1/members/DEL-11-04/workspaces/repro2/kit/Dependencies.csv
8d902ac39e758e89b6c36197f363a1f51ba00c6e48f6f93aa57affab595c99e7	5303	children/VERIFY-B1/members/DEL-11-04/workspaces/repro2/kit/Guidance.md
8a4d1fff026bdf88f249ea4091460cbc635249df9b21f67dc14d01701ea7bb41	3928	children/VERIFY-B1/members/DEL-11-04/workspaces/repro2/kit/Procedure.md
b57daaf2ef6b61394c7f92aeb5cfa3ddfc67e7f93efccbc0e7e0670cb8cba1d7	32678	children/VERIFY-B1/members/DEL-11-04/workspaces/repro2/kit/ScopeOfWork.md
67915993d5911e1da8315c9ec321172f0b742cfa22d12924ed023e6ec91e73aa	6942	children/VERIFY-B1/members/DEL-11-04/workspaces/repro2/kit/Specification.md
ebb09ce8dc9916e08bd13c44ba3022bd75ac92d7f2fe427e8fdb042cb9ba56df	2895	children/VERIFY-B1/members/DEL-11-04/workspaces/repro2/kit/_CONTEXT.md
67e477907fad36337248198059bb6f8c36ddc2804fca22dbabd3c91db8dc89ab	2787	children/VERIFY-B1/members/DEL-11-04/workspaces/repro2/kit/_DEPENDENCIES.md
bdaaf5233331362848c8959d8613ed8a4637f7616269648d93d23db94581c4b0	1362	children/VERIFY-B1/members/DEL-11-04/workspaces/repro2/kit/_REFERENCES.md
27fbea8cd7eb5ea3d33bfb3b3be62689a8621d4e2ec09fe2d668382819a4472f	2816	children/VERIFY-B1/members/DEL-11-04/workspaces/repro2/kit/_STATUS.md
295134ee3078cea70eb27ff594fde76b84fd4364b980d7e7207862dd29e71448	457	children/VERIFY-B1/members/DEL-11-05/DETERMINISM.json
349e6f7cdbc43249e2029b24a0ff8f5b2cf7523806b83c08ac814f9da5b97d22	13569	children/VERIFY-B1/members/DEL-11-05/FINALIZATION_BINDING.json
bb1a85b2fb33bde819b7d25c0b8309db0386f0b59291022a3c2b94bc35deca8b	1304	children/VERIFY-B1/members/DEL-11-05/FROZEN_AND_PRE_HASHES.json
2ee5e7e236eb10a599127cb3c64d5df839bf7fb9a3967343bdc3bd2f923b43f6	804	children/VERIFY-B1/members/DEL-11-05/INDEPENDENT_SEMANTIC_SOURCE_REVIEW.md
48487bb1d211a04ede6a3e7a10d62e2f2ddbeadef162eb81b54bf9ae6bfbd05a	1131	children/VERIFY-B1/members/DEL-11-05/POST_HASHES.json
4ec2eee2c23da2fbe9b48a1e22cf4b85ed491cf81ae664c96763505a5d3e2a84	1624	children/VERIFY-B1/members/DEL-11-05/SEMANTIC_AND_LITERAL_REVIEW.json
d5040fa786297a09a5f96d71165f200c1879fe136cc71f80584c1ccb959ffbe2	816	children/VERIFY-B1/members/DEL-11-05/SUMMARY.json
33f27fe933ead8fe669158736527fdba5af03e3cb84e85db2377dd2173439cdc	387	children/VERIFY-B1/members/DEL-11-05/VERDICTS.json
9d17efd082d2e31e4b6053ef29eb767b08d2b2bcac58c11fb71ea82417356ed0	1777	children/VERIFY-B1/members/DEL-11-05/checklist_1.json
9d17efd082d2e31e4b6053ef29eb767b08d2b2bcac58c11fb71ea82417356ed0	1777	children/VERIFY-B1/members/DEL-11-05/checklist_2.json
c36a49b539923b6e1dc32b87ef58a24ce320008274de93d49140d3908d8d92d2	6109	children/VERIFY-B1/members/DEL-11-05/claim_map_1.csv
c36a49b539923b6e1dc32b87ef58a24ce320008274de93d49140d3908d8d92d2	6109	children/VERIFY-B1/members/DEL-11-05/claim_map_2.csv
5655e34066a47c733004920e4b1f6fd824a45ceffd42144e3de377769f329b66	640	children/VERIFY-B1/members/DEL-11-05/commands/checklist_1.json
6e0e82ffb0241d3ce6227efbcc33d9e84006181c0c82857243b854668952ed72	639	children/VERIFY-B1/members/DEL-11-05/commands/checklist_2.json
1a6a74ae7e52d9617eee8bfa4a36d3356a19169c1815ac6990ec785848ebd2d1	2142	children/VERIFY-B1/members/DEL-11-05/commands/convert_repro1.json
619cd67cada60eedc8b871d5c3a1bcb0c53a51bd623ad84fad290f035399f4c5	2142	children/VERIFY-B1/members/DEL-11-05/commands/convert_repro2.json
e61f9e2854e6c241fba3d054470d7d10e7f8877722c49e5394396a918284a6f8	1159	children/VERIFY-B1/members/DEL-11-05/commands/finalize_repro1.json
c77f4277bbf47d2cdc072365461ac1c38717653806e82b93d47b11130b078a6b	1159	children/VERIFY-B1/members/DEL-11-05/commands/finalize_repro2.json
ae2ac84eb9e669856ed5b01a7f39ec7be80113c131a8ca9c8988d6082c2abf90	1221	children/VERIFY-B1/members/DEL-11-05/commands/map_1.json
1bbcd8b49ecba8f37d0ba382c309734f82a0ee6d5c039062e887e8fa651d62b9	1221	children/VERIFY-B1/members/DEL-11-05/commands/map_2.json
d1892e5c2b53be73c7638c6038498ae8bc074a87099c563d6ce8a66aab7bb7ed	1184	children/VERIFY-B1/members/DEL-11-05/commands/negative_1_map_mutated_clean.json
68927c0e648648400f13eaaf32490a31bb760c11649cb95b91cb96e88501c8b9	1234	children/VERIFY-B1/members/DEL-11-05/commands/negative_2_parity_mutated_clean.json
86f1b9446841cd89861729e7c7045611ce19200fc1368fc53addf7a03cff6390	873	children/VERIFY-B1/members/DEL-11-05/commands/negative_3_checklist_evidence.json
728027887579e9e184aa7071539c60080c3b01b5bdd941a541ac639046d739d9	841	children/VERIFY-B1/members/DEL-11-05/commands/negative_4_render_evidence.json
6f91f4cadb178d0d4e9588674afcf90e9a307e393b41fa1e31bbd363f6bf9b18	919	children/VERIFY-B1/members/DEL-11-05/commands/negative_5_partial_input.json
79e518af1285efc70830b2872ae7069b3d7f3543e413f77b9c5adebfe18b4bf4	932	children/VERIFY-B1/members/DEL-11-05/commands/negative_6_unauthorized_dual.json
6776d7e07973bb3254e5d4966797dd85d5c6f02152faddaf8626cb6df7a8557a	1038	children/VERIFY-B1/members/DEL-11-05/commands/negative_7_wrong_authority_checklist.json
08fc6d9878fa33a4edf7fae8971d3b199b1c782a63ed31b785e7be9c02a20ce3	1324	children/VERIFY-B1/members/DEL-11-05/commands/parity_1.json
aa2da50894e782eb26172fc44c2c0ef144d42b07b6054f59bf36e106937a42a5	1324	children/VERIFY-B1/members/DEL-11-05/commands/parity_2.json
2e0a1378e5b8dccbc953b87a12253967d6f2341cce227dcbc8d0376c81c1239c	630	children/VERIFY-B1/members/DEL-11-05/commands/render_1.json
862a0178458427a415ab2165f0ead99209cc573fd4ffa5edbf47a504df720570	631	children/VERIFY-B1/members/DEL-11-05/commands/render_2.json
c7b28164780acb7612daa0710c7db211ea65e788d923c39b58fca5ac7329a907	738	children/VERIFY-B1/members/DEL-11-05/commands/validate_clean.json
64441e0faed4d24a19a98f8a20afef3599c0780520bb7343747515e10980ea59	922	children/VERIFY-B1/members/DEL-11-05/commands/validate_evidence_authorized.json
94153b259b6a942fa3492e0da9d614028fdcd8297b099c7c54eb9feb9c6e46e2	27682	children/VERIFY-B1/members/DEL-11-05/finalizations/repro1/ScopeOfWork.md
dc4b59055a7831b3bccd2b77d6b34965be714ab7cbe4fd18663a126a66f5e991	12775	children/VERIFY-B1/members/DEL-11-05/finalizations/repro1/finalization.json
94153b259b6a942fa3492e0da9d614028fdcd8297b099c7c54eb9feb9c6e46e2	27682	children/VERIFY-B1/members/DEL-11-05/finalizations/repro2/ScopeOfWork.md
dc4b59055a7831b3bccd2b77d6b34965be714ab7cbe4fd18663a126a66f5e991	12775	children/VERIFY-B1/members/DEL-11-05/finalizations/repro2/finalization.json
2d324238e33e5f1a5de9f94b98c8b70284e115123c3bdfb168bab1a7095044a0	6253	children/VERIFY-B1/members/DEL-11-05/negative_dual/Datasheet.md
47badfd034cd5ba70a31bc02c785f318905c80d99e20a13b45202d56182ddd44	17257	children/VERIFY-B1/members/DEL-11-05/negative_dual/Dependencies.csv
3d3f958a1d7d121e67e3adf052e303c5b4bdc8390b345175292c2d3afc172955	5089	children/VERIFY-B1/members/DEL-11-05/negative_dual/Guidance.md
8274cb588d2c39eb0644c046763a95062af6d7586fff5a2155b01f0077ddebfa	4629	children/VERIFY-B1/members/DEL-11-05/negative_dual/Procedure.md
3c570b0bbe60a28957f9a7f2bf375551bede34252f1fa1815216889b0404d9b4	35720	children/VERIFY-B1/members/DEL-11-05/negative_dual/ScopeOfWork.md
1f169f44f29fe5c0a68d14bfa9b4e081acb703e131f9546fc6f132b77c697a97	7775	children/VERIFY-B1/members/DEL-11-05/negative_dual/Specification.md
f40131325aa7e2ceb298e8586d026e8ca5943193a968c65e323103d647f40e97	2902	children/VERIFY-B1/members/DEL-11-05/negative_dual/_CONTEXT.md
07da2070a667ec025e351c82ab891e3b192df9b44787e4e02c7f670ed4cd74da	2762	children/VERIFY-B1/members/DEL-11-05/negative_dual/_DEPENDENCIES.md
d0d55685eee45a00e04e92ad7d32a5bdd9867db714fada71d6a373abbe85ccff	1362	children/VERIFY-B1/members/DEL-11-05/negative_dual/_REFERENCES.md
cc48a6870db3d116f548b674465149c27281908c394c7c08982a25b2c23cd1e1	2439	children/VERIFY-B1/members/DEL-11-05/negative_dual/_STATUS.md
2d324238e33e5f1a5de9f94b98c8b70284e115123c3bdfb168bab1a7095044a0	6253	children/VERIFY-B1/members/DEL-11-05/negative_partial/Datasheet.md
b22e0bba3058de563ce5277c78fc5ffc9a1b47f2a7c42978a3eb05af204d99d7	27718	children/VERIFY-B1/members/DEL-11-05/negative_tests/mutated_clean.md
b9a353386016b776563454951ba303cbedd737cb425ca0ef64ea8b246bb93bf4	8102	children/VERIFY-B1/members/DEL-11-05/negative_tests/rejected_parity_report.json
e80424577b0262e81e7403940c6c60e7dbda4bb826d1ba1228d8e844e2d3f4d9	7938	children/VERIFY-B1/members/DEL-11-05/parity_1.json
bb46bc7654b6dfd9865c08715f960ead1f098350f2d5f9d4689563037aba577f	291	children/VERIFY-B1/members/DEL-11-05/parity_1.md
e80424577b0262e81e7403940c6c60e7dbda4bb826d1ba1228d8e844e2d3f4d9	7938	children/VERIFY-B1/members/DEL-11-05/parity_2.json
bb46bc7654b6dfd9865c08715f960ead1f098350f2d5f9d4689563037aba577f	291	children/VERIFY-B1/members/DEL-11-05/parity_2.md
d94b4d948f2e6394b027fc4d3ea952512b3211c5f8e0e4a62a78e66d437fdb4a	35765	children/VERIFY-B1/members/DEL-11-05/render_1.html
d94b4d948f2e6394b027fc4d3ea952512b3211c5f8e0e4a62a78e66d437fdb4a	35765	children/VERIFY-B1/members/DEL-11-05/render_2.html
2d324238e33e5f1a5de9f94b98c8b70284e115123c3bdfb168bab1a7095044a0	6253	children/VERIFY-B1/members/DEL-11-05/workspaces/repro1/kit/Datasheet.md
47badfd034cd5ba70a31bc02c785f318905c80d99e20a13b45202d56182ddd44	17257	children/VERIFY-B1/members/DEL-11-05/workspaces/repro1/kit/Dependencies.csv
3d3f958a1d7d121e67e3adf052e303c5b4bdc8390b345175292c2d3afc172955	5089	children/VERIFY-B1/members/DEL-11-05/workspaces/repro1/kit/Guidance.md
8274cb588d2c39eb0644c046763a95062af6d7586fff5a2155b01f0077ddebfa	4629	children/VERIFY-B1/members/DEL-11-05/workspaces/repro1/kit/Procedure.md
3c570b0bbe60a28957f9a7f2bf375551bede34252f1fa1815216889b0404d9b4	35720	children/VERIFY-B1/members/DEL-11-05/workspaces/repro1/kit/ScopeOfWork.md
1f169f44f29fe5c0a68d14bfa9b4e081acb703e131f9546fc6f132b77c697a97	7775	children/VERIFY-B1/members/DEL-11-05/workspaces/repro1/kit/Specification.md
f40131325aa7e2ceb298e8586d026e8ca5943193a968c65e323103d647f40e97	2902	children/VERIFY-B1/members/DEL-11-05/workspaces/repro1/kit/_CONTEXT.md
07da2070a667ec025e351c82ab891e3b192df9b44787e4e02c7f670ed4cd74da	2762	children/VERIFY-B1/members/DEL-11-05/workspaces/repro1/kit/_DEPENDENCIES.md
d0d55685eee45a00e04e92ad7d32a5bdd9867db714fada71d6a373abbe85ccff	1362	children/VERIFY-B1/members/DEL-11-05/workspaces/repro1/kit/_REFERENCES.md
cc48a6870db3d116f548b674465149c27281908c394c7c08982a25b2c23cd1e1	2439	children/VERIFY-B1/members/DEL-11-05/workspaces/repro1/kit/_STATUS.md
2d324238e33e5f1a5de9f94b98c8b70284e115123c3bdfb168bab1a7095044a0	6253	children/VERIFY-B1/members/DEL-11-05/workspaces/repro2/kit/Datasheet.md
47badfd034cd5ba70a31bc02c785f318905c80d99e20a13b45202d56182ddd44	17257	children/VERIFY-B1/members/DEL-11-05/workspaces/repro2/kit/Dependencies.csv
3d3f958a1d7d121e67e3adf052e303c5b4bdc8390b345175292c2d3afc172955	5089	children/VERIFY-B1/members/DEL-11-05/workspaces/repro2/kit/Guidance.md
8274cb588d2c39eb0644c046763a95062af6d7586fff5a2155b01f0077ddebfa	4629	children/VERIFY-B1/members/DEL-11-05/workspaces/repro2/kit/Procedure.md
3c570b0bbe60a28957f9a7f2bf375551bede34252f1fa1815216889b0404d9b4	35720	children/VERIFY-B1/members/DEL-11-05/workspaces/repro2/kit/ScopeOfWork.md
1f169f44f29fe5c0a68d14bfa9b4e081acb703e131f9546fc6f132b77c697a97	7775	children/VERIFY-B1/members/DEL-11-05/workspaces/repro2/kit/Specification.md
f40131325aa7e2ceb298e8586d026e8ca5943193a968c65e323103d647f40e97	2902	children/VERIFY-B1/members/DEL-11-05/workspaces/repro2/kit/_CONTEXT.md
07da2070a667ec025e351c82ab891e3b192df9b44787e4e02c7f670ed4cd74da	2762	children/VERIFY-B1/members/DEL-11-05/workspaces/repro2/kit/_DEPENDENCIES.md
d0d55685eee45a00e04e92ad7d32a5bdd9867db714fada71d6a373abbe85ccff	1362	children/VERIFY-B1/members/DEL-11-05/workspaces/repro2/kit/_REFERENCES.md
cc48a6870db3d116f548b674465149c27281908c394c7c08982a25b2c23cd1e1	2439	children/VERIFY-B1/members/DEL-11-05/workspaces/repro2/kit/_STATUS.md
4d25f1adaf778ec8364bfeb1405cea01f39b47ff3c1271113a468184941e767e	3040	children/VERIFY-B1/run_focused_checks.py
7dfe84a087bc48dbee411814cd8715824dee088766561cd9da89faad4c1da66d	8502	children/VERIFY-B1/run_verifier.py
59ea841af9504bc07cf47d921c7e229cdefdf7ebc40c9450e31989769414d43f	34809	children/VERIFY-B1/simulations/DEL-11-01/apply/Dependencies.csv
46cba20a315bffff070c2ece60c87ea36b6c8021afdbba6650f62c30a888b4ee	25829	children/VERIFY-B1/simulations/DEL-11-01/apply/ScopeOfWork.md
3ea5b606230aca4103f3564715e0b561da3c29679ca077dd181d5a385622529f	2850	children/VERIFY-B1/simulations/DEL-11-01/apply/_CONTEXT.md
23c2b082d623d555c384130e87cda8c7fe34d3bead4142807fbc2b4ef2c28072	2768	children/VERIFY-B1/simulations/DEL-11-01/apply/_DEPENDENCIES.md
adcb8431dcce8d7e41dbb0745354af17809064cc30297c51f8066a7d341afc77	1346	children/VERIFY-B1/simulations/DEL-11-01/apply/_REFERENCES.md
f85f7d2defe6a21b3f33a80960e6d5a51ec30301d72140d5819c03603e4d2a21	2689	children/VERIFY-B1/simulations/DEL-11-01/apply/_STATUS.md
e3b0c44298fc1c149afbf4c8996fb92427ae41e4649b934ca495991b7852b855	0	children/VERIFY-B1/simulations/DEL-11-01/apply_validation.stderr
611938593dc5cd542098a0395e84fc032238b909d2062f15064b94772fd9c4b5	254	children/VERIFY-B1/simulations/DEL-11-01/apply_validation.stdout
6b20b796bb8049d410806602a8b2f59f6494c7bb0d06b1cf3495df356250fec1	6606	children/VERIFY-B1/simulations/DEL-11-01/rollback/Datasheet.md
59ea841af9504bc07cf47d921c7e229cdefdf7ebc40c9450e31989769414d43f	34809	children/VERIFY-B1/simulations/DEL-11-01/rollback/Dependencies.csv
64760e50156d74e383d3b1f69500d1ca7035a3a892a3c5d68f168179282f2576	4745	children/VERIFY-B1/simulations/DEL-11-01/rollback/Guidance.md
7d714cd9e3894d73c805e514255e9dac2fd69b8124bf6fd5159f48da4d1eb24c	4358	children/VERIFY-B1/simulations/DEL-11-01/rollback/Procedure.md
26ef5dc19b8264e9aeb14eb31f4627502ce05ce56b999da59475499895094403	6638	children/VERIFY-B1/simulations/DEL-11-01/rollback/Specification.md
3ea5b606230aca4103f3564715e0b561da3c29679ca077dd181d5a385622529f	2850	children/VERIFY-B1/simulations/DEL-11-01/rollback/_CONTEXT.md
23c2b082d623d555c384130e87cda8c7fe34d3bead4142807fbc2b4ef2c28072	2768	children/VERIFY-B1/simulations/DEL-11-01/rollback/_DEPENDENCIES.md
adcb8431dcce8d7e41dbb0745354af17809064cc30297c51f8066a7d341afc77	1346	children/VERIFY-B1/simulations/DEL-11-01/rollback/_REFERENCES.md
f85f7d2defe6a21b3f33a80960e6d5a51ec30301d72140d5819c03603e4d2a21	2689	children/VERIFY-B1/simulations/DEL-11-01/rollback/_STATUS.md
82fbda955cbe44f5b4007d5fa452917ae6ab6bcdb51979c084180c998b363d08	19472	children/VERIFY-B1/simulations/DEL-11-02/apply/Dependencies.csv
c71fa0a2749ae82e13c350980b65af676efc0f208c1fd3939747d472d7255e91	31738	children/VERIFY-B1/simulations/DEL-11-02/apply/ScopeOfWork.md
ef5f19ddce96df85d5861877d01f18ef48b4ddaccbb1d5d3a838dd5ff02dd79e	2884	children/VERIFY-B1/simulations/DEL-11-02/apply/_CONTEXT.md
3c1f0648b4b0ced83fc70dca03885b109159b2c54facb97c0695686aba909ef1	2776	children/VERIFY-B1/simulations/DEL-11-02/apply/_DEPENDENCIES.md
05fff7030047acc46f41e53146771ae2b9b559716f51bad45e77a24db219d1a4	1368	children/VERIFY-B1/simulations/DEL-11-02/apply/_REFERENCES.md
f501f4c36d49d5602de2975f23a7a6e1b179ab83d36f77bc2db9bbd1c6229c3a	2844	children/VERIFY-B1/simulations/DEL-11-02/apply/_STATUS.md
e3b0c44298fc1c149afbf4c8996fb92427ae41e4649b934ca495991b7852b855	0	children/VERIFY-B1/simulations/DEL-11-02/apply_validation.stderr
8413cf120e2553e399f76a5a01b8d44377aecc9cb6bf5b975f7a9fd36d2a66fa	254	children/VERIFY-B1/simulations/DEL-11-02/apply_validation.stdout
1abc2906b68fc92a2c886cfb3098b227824a492a520b04383e247c054d84f45b	6284	children/VERIFY-B1/simulations/DEL-11-02/rollback/Datasheet.md
82fbda955cbe44f5b4007d5fa452917ae6ab6bcdb51979c084180c998b363d08	19472	children/VERIFY-B1/simulations/DEL-11-02/rollback/Dependencies.csv
e42394c9c5da4a37e06add02f91647e1dc1f54e7174e117a1b5f7139eda88c59	7701	children/VERIFY-B1/simulations/DEL-11-02/rollback/Guidance.md
7da649f7a4abfe75be48ab1829786acbb3d6bc959dcd558e3d760250c633ef73	5947	children/VERIFY-B1/simulations/DEL-11-02/rollback/Procedure.md
82efc25124da83d0b2251c672d70504ad59dd589ba3f1042fe22cc58809e10ca	7843	children/VERIFY-B1/simulations/DEL-11-02/rollback/Specification.md
ef5f19ddce96df85d5861877d01f18ef48b4ddaccbb1d5d3a838dd5ff02dd79e	2884	children/VERIFY-B1/simulations/DEL-11-02/rollback/_CONTEXT.md
3c1f0648b4b0ced83fc70dca03885b109159b2c54facb97c0695686aba909ef1	2776	children/VERIFY-B1/simulations/DEL-11-02/rollback/_DEPENDENCIES.md
05fff7030047acc46f41e53146771ae2b9b559716f51bad45e77a24db219d1a4	1368	children/VERIFY-B1/simulations/DEL-11-02/rollback/_REFERENCES.md
f501f4c36d49d5602de2975f23a7a6e1b179ab83d36f77bc2db9bbd1c6229c3a	2844	children/VERIFY-B1/simulations/DEL-11-02/rollback/_STATUS.md
627efd11f723fa93b2f001d3ca68567a631922a7c97ad2f45c2fcbf8f20afd28	19219	children/VERIFY-B1/simulations/DEL-11-03/apply/Dependencies.csv
b5e973588e062a9e85e4e7dc446fae66d654cfa9b778845cbef2b51bf2ea909d	34891	children/VERIFY-B1/simulations/DEL-11-03/apply/ScopeOfWork.md
ae582504d7d8f6e249f7112ea6797b89f1c3335623d012325d30116aa189dab7	3033	children/VERIFY-B1/simulations/DEL-11-03/apply/_CONTEXT.md
072993c1b2e51d42762707a8500fe1dba787632a24079a13e234a80a2df22e92	2833	children/VERIFY-B1/simulations/DEL-11-03/apply/_DEPENDENCIES.md
3386e02dc3ecb50d9c61cee9d5091493b4d8347909b284ba34abe00ca28bdd99	2066	children/VERIFY-B1/simulations/DEL-11-03/apply/_REFERENCES.md
6ad528c94194921bbce5169c3c937098480e9adc1658adeefa0aa5caae345311	2986	children/VERIFY-B1/simulations/DEL-11-03/apply/_STATUS.md
e3b0c44298fc1c149afbf4c8996fb92427ae41e4649b934ca495991b7852b855	0	children/VERIFY-B1/simulations/DEL-11-03/apply_validation.stderr
13ed11024577c5f0115d0b0a1f192f3581e85c38f0c73e8de234c0373d53ecfb	254	children/VERIFY-B1/simulations/DEL-11-03/apply_validation.stdout
69b6591983fecd78a3c2b39d8e1f42186e7e978318484edaba73a99b30bb788d	9677	children/VERIFY-B1/simulations/DEL-11-03/rollback/Datasheet.md
627efd11f723fa93b2f001d3ca68567a631922a7c97ad2f45c2fcbf8f20afd28	19219	children/VERIFY-B1/simulations/DEL-11-03/rollback/Dependencies.csv
93f1549d79fd7812af4987fb19c0b58364a97305950bf963c174fae28be1c9c5	6895	children/VERIFY-B1/simulations/DEL-11-03/rollback/Guidance.md
b7b704520662f00afa8356e8347878dd5912bc1c7ceb87f9f515e5c79bff5205	3540	children/VERIFY-B1/simulations/DEL-11-03/rollback/Procedure.md
8fd4bde7c0145afd8b9bc345041e06376f34cc821082ca637cb64e7d98c472ae	10907	children/VERIFY-B1/simulations/DEL-11-03/rollback/Specification.md
ae582504d7d8f6e249f7112ea6797b89f1c3335623d012325d30116aa189dab7	3033	children/VERIFY-B1/simulations/DEL-11-03/rollback/_CONTEXT.md
072993c1b2e51d42762707a8500fe1dba787632a24079a13e234a80a2df22e92	2833	children/VERIFY-B1/simulations/DEL-11-03/rollback/_DEPENDENCIES.md
3386e02dc3ecb50d9c61cee9d5091493b4d8347909b284ba34abe00ca28bdd99	2066	children/VERIFY-B1/simulations/DEL-11-03/rollback/_REFERENCES.md
6ad528c94194921bbce5169c3c937098480e9adc1658adeefa0aa5caae345311	2986	children/VERIFY-B1/simulations/DEL-11-03/rollback/_STATUS.md
7b131378a5f68a9bcd4dfab7436f80f760dbb35abeb0731b18e77ba78fc80ae7	22492	children/VERIFY-B1/simulations/DEL-11-04/apply/Dependencies.csv
9fdf56afa1e57bff58c4eb000d45880a8ee495e7ab6a33a6183e642c28f3158a	25515	children/VERIFY-B1/simulations/DEL-11-04/apply/ScopeOfWork.md
ebb09ce8dc9916e08bd13c44ba3022bd75ac92d7f2fe427e8fdb042cb9ba56df	2895	children/VERIFY-B1/simulations/DEL-11-04/apply/_CONTEXT.md
67e477907fad36337248198059bb6f8c36ddc2804fca22dbabd3c91db8dc89ab	2787	children/VERIFY-B1/simulations/DEL-11-04/apply/_DEPENDENCIES.md
bdaaf5233331362848c8959d8613ed8a4637f7616269648d93d23db94581c4b0	1362	children/VERIFY-B1/simulations/DEL-11-04/apply/_REFERENCES.md
27fbea8cd7eb5ea3d33bfb3b3be62689a8621d4e2ec09fe2d668382819a4472f	2816	children/VERIFY-B1/simulations/DEL-11-04/apply/_STATUS.md
e3b0c44298fc1c149afbf4c8996fb92427ae41e4649b934ca495991b7852b855	0	children/VERIFY-B1/simulations/DEL-11-04/apply_validation.stderr
c84506ed925f6c5d18b8857a41b9cfa10916a81f52b622e9544b1798f64a8e98	254	children/VERIFY-B1/simulations/DEL-11-04/apply_validation.stdout
09b4213e66163d7f87b931372f6503ce5fb98a7c0f865e335f4930a751c94d01	5630	children/VERIFY-B1/simulations/DEL-11-04/rollback/Datasheet.md
7b131378a5f68a9bcd4dfab7436f80f760dbb35abeb0731b18e77ba78fc80ae7	22492	children/VERIFY-B1/simulations/DEL-11-04/rollback/Dependencies.csv
8d902ac39e758e89b6c36197f363a1f51ba00c6e48f6f93aa57affab595c99e7	5303	children/VERIFY-B1/simulations/DEL-11-04/rollback/Guidance.md
8a4d1fff026bdf88f249ea4091460cbc635249df9b21f67dc14d01701ea7bb41	3928	children/VERIFY-B1/simulations/DEL-11-04/rollback/Procedure.md
67915993d5911e1da8315c9ec321172f0b742cfa22d12924ed023e6ec91e73aa	6942	children/VERIFY-B1/simulations/DEL-11-04/rollback/Specification.md
ebb09ce8dc9916e08bd13c44ba3022bd75ac92d7f2fe427e8fdb042cb9ba56df	2895	children/VERIFY-B1/simulations/DEL-11-04/rollback/_CONTEXT.md
67e477907fad36337248198059bb6f8c36ddc2804fca22dbabd3c91db8dc89ab	2787	children/VERIFY-B1/simulations/DEL-11-04/rollback/_DEPENDENCIES.md
bdaaf5233331362848c8959d8613ed8a4637f7616269648d93d23db94581c4b0	1362	children/VERIFY-B1/simulations/DEL-11-04/rollback/_REFERENCES.md
27fbea8cd7eb5ea3d33bfb3b3be62689a8621d4e2ec09fe2d668382819a4472f	2816	children/VERIFY-B1/simulations/DEL-11-04/rollback/_STATUS.md
47badfd034cd5ba70a31bc02c785f318905c80d99e20a13b45202d56182ddd44	17257	children/VERIFY-B1/simulations/DEL-11-05/apply/Dependencies.csv
94153b259b6a942fa3492e0da9d614028fdcd8297b099c7c54eb9feb9c6e46e2	27682	children/VERIFY-B1/simulations/DEL-11-05/apply/ScopeOfWork.md
f40131325aa7e2ceb298e8586d026e8ca5943193a968c65e323103d647f40e97	2902	children/VERIFY-B1/simulations/DEL-11-05/apply/_CONTEXT.md
07da2070a667ec025e351c82ab891e3b192df9b44787e4e02c7f670ed4cd74da	2762	children/VERIFY-B1/simulations/DEL-11-05/apply/_DEPENDENCIES.md
d0d55685eee45a00e04e92ad7d32a5bdd9867db714fada71d6a373abbe85ccff	1362	children/VERIFY-B1/simulations/DEL-11-05/apply/_REFERENCES.md
cc48a6870db3d116f548b674465149c27281908c394c7c08982a25b2c23cd1e1	2439	children/VERIFY-B1/simulations/DEL-11-05/apply/_STATUS.md
e3b0c44298fc1c149afbf4c8996fb92427ae41e4649b934ca495991b7852b855	0	children/VERIFY-B1/simulations/DEL-11-05/apply_validation.stderr
2b5a805594cfa915256fb7940f7ad139db7dfb54e8bce6954c2ff51896856416	254	children/VERIFY-B1/simulations/DEL-11-05/apply_validation.stdout
2d324238e33e5f1a5de9f94b98c8b70284e115123c3bdfb168bab1a7095044a0	6253	children/VERIFY-B1/simulations/DEL-11-05/rollback/Datasheet.md
47badfd034cd5ba70a31bc02c785f318905c80d99e20a13b45202d56182ddd44	17257	children/VERIFY-B1/simulations/DEL-11-05/rollback/Dependencies.csv
3d3f958a1d7d121e67e3adf052e303c5b4bdc8390b345175292c2d3afc172955	5089	children/VERIFY-B1/simulations/DEL-11-05/rollback/Guidance.md
8274cb588d2c39eb0644c046763a95062af6d7586fff5a2155b01f0077ddebfa	4629	children/VERIFY-B1/simulations/DEL-11-05/rollback/Procedure.md
1f169f44f29fe5c0a68d14bfa9b4e081acb703e131f9546fc6f132b77c697a97	7775	children/VERIFY-B1/simulations/DEL-11-05/rollback/Specification.md
f40131325aa7e2ceb298e8586d026e8ca5943193a968c65e323103d647f40e97	2902	children/VERIFY-B1/simulations/DEL-11-05/rollback/_CONTEXT.md
07da2070a667ec025e351c82ab891e3b192df9b44787e4e02c7f670ed4cd74da	2762	children/VERIFY-B1/simulations/DEL-11-05/rollback/_DEPENDENCIES.md
d0d55685eee45a00e04e92ad7d32a5bdd9867db714fada71d6a373abbe85ccff	1362	children/VERIFY-B1/simulations/DEL-11-05/rollback/_REFERENCES.md
cc48a6870db3d116f548b674465149c27281908c394c7c08982a25b2c23cd1e1	2439	children/VERIFY-B1/simulations/DEL-11-05/rollback/_STATUS.md
76c75e454f7935a9bbbd0b052711671f925c0120e812a03ce9f266632452e65f	1780	manager-validation/DEL-11-01/checklist.json
a28888a41a1a361fd141808e7112beac0c5911ddf5b1dc754a4e110dc854a73a	4771	manager-validation/DEL-11-01/claim-map.csv
93f5903cc85df8ffe3d8e12231ade6f014d08a8dc19c3ece01f7c47f1aa6378d	10037	manager-validation/DEL-11-01/fresh-finalization.json
46cba20a315bffff070c2ece60c87ea36b6c8021afdbba6650f62c30a888b4ee	25829	manager-validation/DEL-11-01/fresh-production.md
53d4b6734936bc15e210cb143879bbb58b6e4df59da11affe8c77fb7f312b48d	6344	manager-validation/DEL-11-01/parity.json
e925a44dc6f283714641874bbe3c574bffbee4aeda4e6dce7eaf0fbe0433fefc	291	manager-validation/DEL-11-01/parity.md
46ec7049823e44f39e4f5d0601e8f7ab3b56d025a19862be4e4def84365d02d8	33186	manager-validation/DEL-11-01/render.html
c8ad285ad2d6ff6485684261cb3d292bc9c62b05c5fa4e6749641380a05a0c69	242	manager-validation/DEL-11-01/validation-sow-v1.json
9779d8670058d583716a653a5a90564705829961e7f36b5d0f8b4f8efb49398e	1756	manager-validation/DEL-11-02/checklist.json
d154754eb176e4476a862fb66ee72400d572ef8f5d385ec3570fe17056edb9aa	5772	manager-validation/DEL-11-02/claim-map.csv
584ef2588cd77c90734f8822d7517fc7bd3148313b128c9b922752ec8b6dd078	12088	manager-validation/DEL-11-02/fresh-finalization.json
c71fa0a2749ae82e13c350980b65af676efc0f208c1fd3939747d472d7255e91	31738	manager-validation/DEL-11-02/fresh-production.md
a1d2b9a784fa5f720404bb3ca84d7c8028c949ea7e6e1e3bd1f709a5f97b3a3e	7537	manager-validation/DEL-11-02/parity.json
3ba88fa9ac7789e855438ec7a165f0d274ae1f4210aae6ded67ad1c4f456be21	291	manager-validation/DEL-11-02/parity.md
05bb366afac84db02ce990935bd3bebdb734cf3a0f5ae96466e2317a192f0332	40151	manager-validation/DEL-11-02/render.html
2333acce0585884605ac907069d13633dc3165f2283585851177d2a71459f22f	242	manager-validation/DEL-11-02/validation-sow-v1.json
7219ec4a8e09ab088138d02465002eb66755e8e34d8160231497bc8d60cdd9f6	1807	manager-validation/DEL-11-03/checklist.json
fb4513bf6f9459857eacfa9df9dcd758a33d8795a57c046f4370171890c289f3	4944	manager-validation/DEL-11-03/claim-map.csv
88069e324bb7d48d915b280720ab9af075dccc3ad3742d6f30ba5a5c32a4f6ec	10385	manager-validation/DEL-11-03/fresh-finalization.json
b5e973588e062a9e85e4e7dc446fae66d654cfa9b778845cbef2b51bf2ea909d	34891	manager-validation/DEL-11-03/fresh-production.md
f3090acc0eda9c09eaa73c6f4a3d344bed0a64b4cc751423111277840855b8b2	6549	manager-validation/DEL-11-03/parity.json
b8aca0d9f95193ecd48de20321569549c42616017f0de08cc54a23e710bd206a	291	manager-validation/DEL-11-03/parity.md
b7f51bffbc654ae81948bb48c0662d53454f0577673403209dff1c198809ef00	45354	manager-validation/DEL-11-03/render.html
19adf96047e3e22b476458caef26ce5cbb627924a40a9d4434d6ef9c76e51e77	242	manager-validation/DEL-11-03/validation-sow-v1.json
96a5e0c150b7111d4b53b896fd19c0c3fe7a9fb2e1d06262a7e51dd8de720bce	1779	manager-validation/DEL-11-04/checklist.json
d9818a19469cd9a9efc63d372194d81afc1a10afa9550e67aa3b23c0935e5e99	5447	manager-validation/DEL-11-04/claim-map.csv
72e785af819de072cbfbfc9e34019db89340d9c64d5c5697333ab8d566764456	11413	manager-validation/DEL-11-04/fresh-finalization.json
9fdf56afa1e57bff58c4eb000d45880a8ee495e7ab6a33a6183e642c28f3158a	25515	manager-validation/DEL-11-04/fresh-production.md
64e51d83e0181aa08247b3351399220806b8814c1811435ad9878013241a57f9	7148	manager-validation/DEL-11-04/parity.json
576cdfe234df349524ad0e1f4b101f013800b60fdc1e441538e22acabd8eb3c0	291	manager-validation/DEL-11-04/parity.md
8e0ea41686a101e22924e40eb6d4d8519e460e53c112b1b31d954530d66de503	32501	manager-validation/DEL-11-04/render.html
c3ee50fe170e4f08642a5ba39796e98f4c19ad44438a8740871eef9814159086	242	manager-validation/DEL-11-04/validation-sow-v1.json
9d17efd082d2e31e4b6053ef29eb767b08d2b2bcac58c11fb71ea82417356ed0	1777	manager-validation/DEL-11-05/checklist.json
c36a49b539923b6e1dc32b87ef58a24ce320008274de93d49140d3908d8d92d2	6109	manager-validation/DEL-11-05/claim-map.csv
dc4b59055a7831b3bccd2b77d6b34965be714ab7cbe4fd18663a126a66f5e991	12775	manager-validation/DEL-11-05/fresh-finalization.json
94153b259b6a942fa3492e0da9d614028fdcd8297b099c7c54eb9feb9c6e46e2	27682	manager-validation/DEL-11-05/fresh-production.md
e80424577b0262e81e7403940c6c60e7dbda4bb826d1ba1228d8e844e2d3f4d9	7938	manager-validation/DEL-11-05/parity.json
bb46bc7654b6dfd9865c08715f960ead1f098350f2d5f9d4689563037aba577f	291	manager-validation/DEL-11-05/parity.md
d94b4d948f2e6394b027fc4d3ea952512b3211c5f8e0e4a62a78e66d437fdb4a	35765	manager-validation/DEL-11-05/render.html
9f3bc866cb81dc198cb5acc10f461907184823bc36dfdba53cd240febf5017a9	242	manager-validation/DEL-11-05/validation-sow-v1.json
8a957600db6952d28aa789a7b286689e8eced53dc7cea136b8ae36e7b08a44cf	6773	manager_fan_in.py
