path	sha256	bytes
execution/_Coordination/AgentRuns/SOW-STAGE2-EXEC-20260712-01/candidates/W_P4/PIP-PKG14/DEL-14-01/evidence/ScopeOfWork.md	e18150ebd7f6cfb192d20d12f1263bf60672567aeeaaaa6a1be3b715bb535f54	31326
execution/_Coordination/AgentRuns/SOW-STAGE2-EXEC-20260712-01/candidates/W_P4/PIP-PKG14/DEL-14-01/finalization.json	ec500126a452da35ef570c50fe9dc9ce84aae48a6aaa96ed21e5842617c2c638	10380
execution/_Coordination/AgentRuns/SOW-STAGE2-EXEC-20260712-01/candidates/W_P4/PIP-PKG14/DEL-14-01/production/ScopeOfWork.md	bee564cb426b331515d2750184bbfbbe17740ad39f09b9263cfdc14317c07a2d	24855
execution/_Coordination/AgentRuns/SOW-STAGE2-EXEC-20260712-01/candidates/W_P4/PIP-PKG14/DEL-14-02/evidence/ScopeOfWork.md	61a614d5aa476b4c276416463a7a0008feba4114874fb193d8a395e821f516e3	38127
execution/_Coordination/AgentRuns/SOW-STAGE2-EXEC-20260712-01/candidates/W_P4/PIP-PKG14/DEL-14-02/finalization.json	c51b0c1cecc5a957ae996aadc898011f87b35c3b02b831125826b50e6a487585	10380
execution/_Coordination/AgentRuns/SOW-STAGE2-EXEC-20260712-01/candidates/W_P4/PIP-PKG14/DEL-14-02/production/ScopeOfWork.md	79efc63f3e76fdd63131ec725420bd17288a542945fcd723926f574cc9e9c4ce	31702
execution/_Coordination/AgentRuns/SOW-STAGE2-EXEC-20260712-01/candidates/W_P4/PIP-PKG14/DEL-14-03/evidence/ScopeOfWork.md	fb47b1182e78fed345a17870cc473a27ec851abcebab599455df5b4d29d290f1	36648
execution/_Coordination/AgentRuns/SOW-STAGE2-EXEC-20260712-01/candidates/W_P4/PIP-PKG14/DEL-14-03/finalization.json	73d5895771a9bde982a49e72bf091c2e819d77c6517330be0ec9a2ea0a3d53df	11751
execution/_Coordination/AgentRuns/SOW-STAGE2-EXEC-20260712-01/candidates/W_P4/PIP-PKG14/DEL-14-03/production/ScopeOfWork.md	fc9c249c841914c8c8bca7358ec8d90ad69d50877db5f989d3c79bb40d3805fa	29281
execution/_Coordination/AgentRuns/SOW-STAGE2-EXEC-20260712-01/candidates/W_P4/PIP-PKG14/DEL-14-04/evidence/ScopeOfWork.md	a1532cf10d8979d200817b9cee3086dbf2d8cddd7e21cfd240a79b7ee9cda54c	41173
execution/_Coordination/AgentRuns/SOW-STAGE2-EXEC-20260712-01/candidates/W_P4/PIP-PKG14/DEL-14-04/finalization.json	5ba2ce0fffb23ee9a4967331f8d276a33d9941cbf4368d7e7f9c4603cb608422	13463
execution/_Coordination/AgentRuns/SOW-STAGE2-EXEC-20260712-01/candidates/W_P4/PIP-PKG14/DEL-14-04/production/ScopeOfWork.md	76937ef2f68eea7ace73dc15de15eb73428266748409b5fd07957cbf2ebd7266	32735
execution/_Coordination/AgentRuns/SOW-STAGE2-EXEC-20260712-01/candidates/W_P4/PIP-PKG14/DEL-14-05/evidence/ScopeOfWork.md	6a2fff2becec5ffaa49121795a6b079f015355595d311558e0b5ed4905be094b	34880
execution/_Coordination/AgentRuns/SOW-STAGE2-EXEC-20260712-01/candidates/W_P4/PIP-PKG14/DEL-14-05/finalization.json	e750e3d9781f1c42297b8b8e7e2db46a0f850f7077a8401572744fffb6ea7e07	10380
execution/_Coordination/AgentRuns/SOW-STAGE2-EXEC-20260712-01/candidates/W_P4/PIP-PKG14/DEL-14-05/production/ScopeOfWork.md	5661376fd7a3691c8e8d6c8300f79cc0d819d03bad4cb5261222f42216ef60e2	28498
execution/_Coordination/AgentRuns/SOW-STAGE2-EXEC-20260712-01/instances/WORKING-P4-PKG14/ACTIVATION.md	43c38473e936bb85f4bf462d797e903194fdd962e3e453ed210ebd3e2e98a772	1000
execution/_Coordination/AgentRuns/SOW-STAGE2-EXEC-20260712-01/instances/WORKING-P4-PKG14/B1_AUTHOR_ACCEPTANCE.md	2a648cc18b198c8e592a38d8a08c736d612a6ef03c8da44f84ac4a78fe0dc44b	1118
execution/_Coordination/AgentRuns/SOW-STAGE2-EXEC-20260712-01/instances/WORKING-P4-PKG14/B1_VERIFIER_ACCEPTANCE.md	3495466118e78bfeeba1e7e76dc212eddc9cfcc7f09e46ade8c69b0c20d8ee43	742
execution/_Coordination/AgentRuns/SOW-STAGE2-EXEC-20260712-01/instances/WORKING-P4-PKG14/CHECKS.md	862d88a72f9b2bfa19aa1b52cce2800e85f8cc5e8f8f4fc46c3623812b240de6	656
execution/_Coordination/AgentRuns/SOW-STAGE2-EXEC-20260712-01/instances/WORKING-P4-PKG14/CONTAINMENT.md	ed4cf947260789057c3c2575188481b3379389ffe5f8d05e8806445902d9a7e2	407
execution/_Coordination/AgentRuns/SOW-STAGE2-EXEC-20260712-01/instances/WORKING-P4-PKG14/LAUNCH_BRIEF.md	aefaa8c8cce6ef4ad85e90dc445d929f7eb20f78a1f6546c0a8fbb02c1f82342	1268
execution/_Coordination/AgentRuns/SOW-STAGE2-EXEC-20260712-01/instances/WORKING-P4-PKG14/MANAGER_ATTEMPTS.md	11c7bf13c4c9ceba5e9d029ea5259a9af947e838aab95f315a110c5da5271fb6	1332
execution/_Coordination/AgentRuns/SOW-STAGE2-EXEC-20260712-01/instances/WORKING-P4-PKG14/MANAGER_VALIDATION.json	0f2e70a1d6a2676bf8ec4d4fc9b80e090617d35062fc18589a09b3aca5b95591	457
execution/_Coordination/AgentRuns/SOW-STAGE2-EXEC-20260712-01/instances/WORKING-P4-PKG14/MEMBER_RESULTS.tsv	98475f0ee11754c21e99048d1301f826dba05c9b10fd7e6040cefaae0e1b35e4	1217
execution/_Coordination/AgentRuns/SOW-STAGE2-EXEC-20260712-01/instances/WORKING-P4-PKG14/PACKAGE_HANDOFF.md	d54f1e6589831320fbb48c5a133d7f9d55213522c5802bc1dc2ba2af7c1817a0	920
execution/_Coordination/AgentRuns/SOW-STAGE2-EXEC-20260712-01/instances/WORKING-P4-PKG14/PREFLIGHT_REPRODUCTION.json	075ee9aedc169b5259f6646abf476261594984aef3c89a73f972575445867858	9237
execution/_Coordination/AgentRuns/SOW-STAGE2-EXEC-20260712-01/instances/WORKING-P4-PKG14/REPLACEMENT_MANIFEST.tsv	546ad76ed1ef6048f42a31fd167b6cf03c6237944def58c76adf34998af292d8	5917
execution/_Coordination/AgentRuns/SOW-STAGE2-EXEC-20260712-01/instances/WORKING-P4-PKG14/RETURN.md	8ee29323ea3ed1b4c310c3f96a954eccf8010622053e664b1a471c172d363223	884
execution/_Coordination/AgentRuns/SOW-STAGE2-EXEC-20260712-01/instances/WORKING-P4-PKG14/ROLLBACK_MANIFEST.tsv	16248ee4cd0bca01c71e235a2ae2fcfdbe2b9d40434e2f43ea50a1cfdc11f939	5952
execution/_Coordination/AgentRuns/SOW-STAGE2-EXEC-20260712-01/instances/WORKING-P4-PKG14/RUNTIME_SUMMARY.json	18deb0682e3cbb6f3d5bfaf382b423415ab13e0bffbd64d1c62689862bbef628	429
execution/_Coordination/AgentRuns/SOW-STAGE2-EXEC-20260712-01/instances/WORKING-P4-PKG14/SIMULATION.tsv	84e59c4fa3bdee5f57b79ff58e70c686ddf266d937b10d86ce35f5d8b76667c9	901
execution/_Coordination/AgentRuns/SOW-STAGE2-EXEC-20260712-01/instances/WORKING-P4-PKG14/STATUS.json	74b72f0fb929b1ad73ea36965c757c3a460aa6f8a5b7c504612106801f0dcab1	621
execution/_Coordination/AgentRuns/SOW-STAGE2-EXEC-20260712-01/instances/WORKING-P4-PKG14/WORK_GRAPH.v1.md	e9b56045ac81c7d32bb2cf2d36b3be1f748c2fae6f80e528be4184fa84bbbb6d	1434
execution/_Coordination/AgentRuns/SOW-STAGE2-EXEC-20260712-01/instances/WORKING-P4-PKG14/children/AUTHOR-B1/CANDIDATE_MANIFEST.tsv	0b82abbe49cda48554fd82d615917d578d53d76d5b46f682e13e7db777c88894	2893
execution/_Coordination/AgentRuns/SOW-STAGE2-EXEC-20260712-01/instances/WORKING-P4-PKG14/children/AUTHOR-B1/CONTAINMENT.md	d8c16c1b5a4bd3e8db8fe569023ca771f44fd01dbb1558e8fba733b046a1b42f	631
execution/_Coordination/AgentRuns/SOW-STAGE2-EXEC-20260712-01/instances/WORKING-P4-PKG14/children/AUTHOR-B1/CONTEXT_ADHERENCE.md	016b452d8e48a9ab3c2de7f93dd38cf8830a1799a0df34f239b054b2a8eb2289	625
execution/_Coordination/AgentRuns/SOW-STAGE2-EXEC-20260712-01/instances/WORKING-P4-PKG14/children/AUTHOR-B1/FAILURE_ATTEMPTS.md	a0077f1fe84c84a2fc3e882a183d9345a529459119841cd2abd6595937076689	1706
execution/_Coordination/AgentRuns/SOW-STAGE2-EXEC-20260712-01/instances/WORKING-P4-PKG14/children/AUTHOR-B1/INVERSE_ROWS.tsv	16248ee4cd0bca01c71e235a2ae2fcfdbe2b9d40434e2f43ea50a1cfdc11f939	5952
execution/_Coordination/AgentRuns/SOW-STAGE2-EXEC-20260712-01/instances/WORKING-P4-PKG14/children/AUTHOR-B1/LAUNCH_BRIEF.md	65c49adbe5c21914e6278e0b8d65b57f852359c79b9dcadd8d66d4b2c3327087	1632
execution/_Coordination/AgentRuns/SOW-STAGE2-EXEC-20260712-01/instances/WORKING-P4-PKG14/children/AUTHOR-B1/MANIFEST.tsv	feb6f288b24b803e619670b14bfd7390f9286fe1d3606c5e8e7fe8f5cc1aeb9c	216587
execution/_Coordination/AgentRuns/SOW-STAGE2-EXEC-20260712-01/instances/WORKING-P4-PKG14/children/AUTHOR-B1/MEMBER_RESULTS.tsv	98475f0ee11754c21e99048d1301f826dba05c9b10fd7e6040cefaae0e1b35e4	1217
execution/_Coordination/AgentRuns/SOW-STAGE2-EXEC-20260712-01/instances/WORKING-P4-PKG14/children/AUTHOR-B1/PROGRESS.tsv	21f72f814362d55c7ac937c53f6ac7091e53d9bfa4a46941ba47941f789ba338	4065
execution/_Coordination/AgentRuns/SOW-STAGE2-EXEC-20260712-01/instances/WORKING-P4-PKG14/children/AUTHOR-B1/REPLACEMENT_ROWS.tsv	546ad76ed1ef6048f42a31fd167b6cf03c6237944def58c76adf34998af292d8	5917
execution/_Coordination/AgentRuns/SOW-STAGE2-EXEC-20260712-01/instances/WORKING-P4-PKG14/children/AUTHOR-B1/RETURN.md	8fc9d0cd4553b75af6d6f2c098403641d40a2acfe1ecae7d0797bcf8dcdc0173	1858
execution/_Coordination/AgentRuns/SOW-STAGE2-EXEC-20260712-01/instances/WORKING-P4-PKG14/children/AUTHOR-B1/RUNTIME_EVENTS.jsonl	336b578a45597774817ef8db593fe1dc5f2b9f7b96acaed78289b02909c2292c	2205
execution/_Coordination/AgentRuns/SOW-STAGE2-EXEC-20260712-01/instances/WORKING-P4-PKG14/children/AUTHOR-B1/SIMULATIONS.tsv	84e59c4fa3bdee5f57b79ff58e70c686ddf266d937b10d86ce35f5d8b76667c9	901
execution/_Coordination/AgentRuns/SOW-STAGE2-EXEC-20260712-01/instances/WORKING-P4-PKG14/children/AUTHOR-B1/STATUS.json	366cf5e6558c9ab935703272e6164706b2759d26675814777ed51dc05602413d	623
execution/_Coordination/AgentRuns/SOW-STAGE2-EXEC-20260712-01/instances/WORKING-P4-PKG14/children/AUTHOR-B1/VERDICTS.tsv	e1e65366fb88e19c93fb2fa4d21d58b872df38ae4c8234831272911c4dfb93aa	375
execution/_Coordination/AgentRuns/SOW-STAGE2-EXEC-20260712-01/instances/WORKING-P4-PKG14/children/AUTHOR-B1/WHOLE_DIFF_HYGIENE.txt	eaf78e5a5275a18add380dd74c649ceedf3a58a209a5b4fcfdd7b986d335e7c4	151
execution/_Coordination/AgentRuns/SOW-STAGE2-EXEC-20260712-01/instances/WORKING-P4-PKG14/children/AUTHOR-B1/WHOLE_DIFF_HYGIENE.warnings	e3b0c44298fc1c149afbf4c8996fb92427ae41e4649b934ca495991b7852b855	0
execution/_Coordination/AgentRuns/SOW-STAGE2-EXEC-20260712-01/instances/WORKING-P4-PKG14/children/AUTHOR-B1/_run_records/TASK_RUN_2026-07-14_AUTHOR-B1.md	eb9cfb5d6561d18f6628772151549c7a2e9c516d6caac6593e1b0bc271e71737	2568
execution/_Coordination/AgentRuns/SOW-STAGE2-EXEC-20260712-01/instances/WORKING-P4-PKG14/children/AUTHOR-B1/dependency-schema-1.exit	9a271f2a916b0b6ee6cecb2426f0b3206ef074578be55d9bc94f6f3fe3ab86aa	2
execution/_Coordination/AgentRuns/SOW-STAGE2-EXEC-20260712-01/instances/WORKING-P4-PKG14/children/AUTHOR-B1/dependency-schema-1.stderr	e3b0c44298fc1c149afbf4c8996fb92427ae41e4649b934ca495991b7852b855	0
execution/_Coordination/AgentRuns/SOW-STAGE2-EXEC-20260712-01/instances/WORKING-P4-PKG14/children/AUTHOR-B1/dependency-schema-1.stdout	a19a1dc278598da858f42b6ef3dd574a0a6ebfb3655e449839242382af3677ff	264
execution/_Coordination/AgentRuns/SOW-STAGE2-EXEC-20260712-01/instances/WORKING-P4-PKG14/children/AUTHOR-B1/dependency-schema-2.exit	9a271f2a916b0b6ee6cecb2426f0b3206ef074578be55d9bc94f6f3fe3ab86aa	2
execution/_Coordination/AgentRuns/SOW-STAGE2-EXEC-20260712-01/instances/WORKING-P4-PKG14/children/AUTHOR-B1/dependency-schema-2.stderr	e3b0c44298fc1c149afbf4c8996fb92427ae41e4649b934ca495991b7852b855	0
execution/_Coordination/AgentRuns/SOW-STAGE2-EXEC-20260712-01/instances/WORKING-P4-PKG14/children/AUTHOR-B1/dependency-schema-2.stdout	d99b7f27d1a6f8f8048f77629288de30a5a650d78e2b34ec6f70ce406fbfcb81	255
execution/_Coordination/AgentRuns/SOW-STAGE2-EXEC-20260712-01/instances/WORKING-P4-PKG14/children/AUTHOR-B1/dependency-schema-3.exit	9a271f2a916b0b6ee6cecb2426f0b3206ef074578be55d9bc94f6f3fe3ab86aa	2
execution/_Coordination/AgentRuns/SOW-STAGE2-EXEC-20260712-01/instances/WORKING-P4-PKG14/children/AUTHOR-B1/dependency-schema-3.stderr	e3b0c44298fc1c149afbf4c8996fb92427ae41e4649b934ca495991b7852b855	0
execution/_Coordination/AgentRuns/SOW-STAGE2-EXEC-20260712-01/instances/WORKING-P4-PKG14/children/AUTHOR-B1/dependency-schema-3.stdout	72a359913b839be9a3ed832c7470e9d7a9c282742acf336756fa2ce70d1f79bc	264
execution/_Coordination/AgentRuns/SOW-STAGE2-EXEC-20260712-01/instances/WORKING-P4-PKG14/children/AUTHOR-B1/dependency-schema-4.exit	9a271f2a916b0b6ee6cecb2426f0b3206ef074578be55d9bc94f6f3fe3ab86aa	2
execution/_Coordination/AgentRuns/SOW-STAGE2-EXEC-20260712-01/instances/WORKING-P4-PKG14/children/AUTHOR-B1/dependency-schema-4.stderr	e3b0c44298fc1c149afbf4c8996fb92427ae41e4649b934ca495991b7852b855	0
execution/_Coordination/AgentRuns/SOW-STAGE2-EXEC-20260712-01/instances/WORKING-P4-PKG14/children/AUTHOR-B1/dependency-schema-4.stdout	5e92a92ca59a75d7a2b21559955144d108dc3326eba6ff13e326f81e7961750d	265
execution/_Coordination/AgentRuns/SOW-STAGE2-EXEC-20260712-01/instances/WORKING-P4-PKG14/children/AUTHOR-B1/dependency-schema-5.exit	9a271f2a916b0b6ee6cecb2426f0b3206ef074578be55d9bc94f6f3fe3ab86aa	2
execution/_Coordination/AgentRuns/SOW-STAGE2-EXEC-20260712-01/instances/WORKING-P4-PKG14/children/AUTHOR-B1/dependency-schema-5.stderr	e3b0c44298fc1c149afbf4c8996fb92427ae41e4649b934ca495991b7852b855	0
execution/_Coordination/AgentRuns/SOW-STAGE2-EXEC-20260712-01/instances/WORKING-P4-PKG14/children/AUTHOR-B1/dependency-schema-5.stdout	d373be84a50316384ffad42a505d27eed9b343fb12142b14031f68f02001ab97	286
execution/_Coordination/AgentRuns/SOW-STAGE2-EXEC-20260712-01/instances/WORKING-P4-PKG14/children/AUTHOR-B1/finalize_author_pkg14.py	ae3b86517152200d0153a4e6028fe5fd02b2e2f42d004fc56eaadb923f73f2e2	6655
execution/_Coordination/AgentRuns/SOW-STAGE2-EXEC-20260712-01/instances/WORKING-P4-PKG14/children/AUTHOR-B1/members/DEL-14-01/DERIVATIVE_DETERMINISM.tsv	5069dae6abd0d36bd1930edf004f1fd30df83ea0057b98d04573e07c4eddebcd	626
execution/_Coordination/AgentRuns/SOW-STAGE2-EXEC-20260712-01/instances/WORKING-P4-PKG14/children/AUTHOR-B1/members/DEL-14-01/DETERMINISM.tsv	1e7615d50b5bf36ee330fc3a760a07ba5e1a5ab95f4bb8a96d92201df0dfdfd5	506
execution/_Coordination/AgentRuns/SOW-STAGE2-EXEC-20260712-01/instances/WORKING-P4-PKG14/children/AUTHOR-B1/members/DEL-14-01/FROZEN_ROW.tsv	b58aea0845500b94e3ad7896a67707c7d5bb6bdf68a8c715b6c81008e7a2e206	1614
execution/_Coordination/AgentRuns/SOW-STAGE2-EXEC-20260712-01/instances/WORKING-P4-PKG14/children/AUTHOR-B1/members/DEL-14-01/IMMUTABLE_LITERAL_AND_CONTEXT_REVIEW.md	8ed71dd1b3679a8df06d74844c4b08417d793f5d9d1b0207ab7b63b455cfce23	806
execution/_Coordination/AgentRuns/SOW-STAGE2-EXEC-20260712-01/instances/WORKING-P4-PKG14/children/AUTHOR-B1/members/DEL-14-01/MEMBER_SUMMARY.md	1837e9cfb1dd6343852679fe3119efdb2ba2f763623ddb64f5637dccada83f67	630
execution/_Coordination/AgentRuns/SOW-STAGE2-EXEC-20260712-01/instances/WORKING-P4-PKG14/children/AUTHOR-B1/members/DEL-14-01/SOURCE_HASHES.tsv	eb4e4db0cfdf8f92caff5eb1dc0d2a6b0fa5e0ddc8b04447514ee981c8ab8fcc	1657
execution/_Coordination/AgentRuns/SOW-STAGE2-EXEC-20260712-01/instances/WORKING-P4-PKG14/children/AUTHOR-B1/members/DEL-14-01/ScopeOfWork-a.html	eed6c582d7da9ae1b60b319f53b2cae8ca38a491dbec0983a073a2164f4f68ef	31833
execution/_Coordination/AgentRuns/SOW-STAGE2-EXEC-20260712-01/instances/WORKING-P4-PKG14/children/AUTHOR-B1/members/DEL-14-01/ScopeOfWork-b.html	eed6c582d7da9ae1b60b319f53b2cae8ca38a491dbec0983a073a2164f4f68ef	31833
execution/_Coordination/AgentRuns/SOW-STAGE2-EXEC-20260712-01/instances/WORKING-P4-PKG14/children/AUTHOR-B1/members/DEL-14-01/checklist-a.json	054b37e3e4d6793270912588ee36cc05cc06397fdb4b40a14d6b4f9f7c64004e	1847
execution/_Coordination/AgentRuns/SOW-STAGE2-EXEC-20260712-01/instances/WORKING-P4-PKG14/children/AUTHOR-B1/members/DEL-14-01/checklist-a.stderr	e3b0c44298fc1c149afbf4c8996fb92427ae41e4649b934ca495991b7852b855	0
execution/_Coordination/AgentRuns/SOW-STAGE2-EXEC-20260712-01/instances/WORKING-P4-PKG14/children/AUTHOR-B1/members/DEL-14-01/checklist-a.stdout	e3b0c44298fc1c149afbf4c8996fb92427ae41e4649b934ca495991b7852b855	0
execution/_Coordination/AgentRuns/SOW-STAGE2-EXEC-20260712-01/instances/WORKING-P4-PKG14/children/AUTHOR-B1/members/DEL-14-01/checklist-b.json	054b37e3e4d6793270912588ee36cc05cc06397fdb4b40a14d6b4f9f7c64004e	1847
execution/_Coordination/AgentRuns/SOW-STAGE2-EXEC-20260712-01/instances/WORKING-P4-PKG14/children/AUTHOR-B1/members/DEL-14-01/checklist-b.stderr	e3b0c44298fc1c149afbf4c8996fb92427ae41e4649b934ca495991b7852b855	0
execution/_Coordination/AgentRuns/SOW-STAGE2-EXEC-20260712-01/instances/WORKING-P4-PKG14/children/AUTHOR-B1/members/DEL-14-01/checklist-b.stdout	e3b0c44298fc1c149afbf4c8996fb92427ae41e4649b934ca495991b7852b855	0
execution/_Coordination/AgentRuns/SOW-STAGE2-EXEC-20260712-01/instances/WORKING-P4-PKG14/children/AUTHOR-B1/members/DEL-14-01/claim-map-a.csv	4c6882ca724dac38d23e54719dff100f85361c154fc944f64613be4851e8330c	4939
execution/_Coordination/AgentRuns/SOW-STAGE2-EXEC-20260712-01/instances/WORKING-P4-PKG14/children/AUTHOR-B1/members/DEL-14-01/claim-map-a.stderr	e3b0c44298fc1c149afbf4c8996fb92427ae41e4649b934ca495991b7852b855	0
execution/_Coordination/AgentRuns/SOW-STAGE2-EXEC-20260712-01/instances/WORKING-P4-PKG14/children/AUTHOR-B1/members/DEL-14-01/claim-map-a.stdout	e40ffdf1fa949c7a70c966a60bb66111c1862c179e6a783be40639cf8c6bcb40	207
execution/_Coordination/AgentRuns/SOW-STAGE2-EXEC-20260712-01/instances/WORKING-P4-PKG14/children/AUTHOR-B1/members/DEL-14-01/claim-map-b.csv	4c6882ca724dac38d23e54719dff100f85361c154fc944f64613be4851e8330c	4939
execution/_Coordination/AgentRuns/SOW-STAGE2-EXEC-20260712-01/instances/WORKING-P4-PKG14/children/AUTHOR-B1/members/DEL-14-01/claim-map-b.stderr	e3b0c44298fc1c149afbf4c8996fb92427ae41e4649b934ca495991b7852b855	0
execution/_Coordination/AgentRuns/SOW-STAGE2-EXEC-20260712-01/instances/WORKING-P4-PKG14/children/AUTHOR-B1/members/DEL-14-01/claim-map-b.stdout	70a5914d4a6c869453c04f46516839386dab17601ee6aa76a8386278d09165df	207
execution/_Coordination/AgentRuns/SOW-STAGE2-EXEC-20260712-01/instances/WORKING-P4-PKG14/children/AUTHOR-B1/members/DEL-14-01/conversion-a.stderr	e3b0c44298fc1c149afbf4c8996fb92427ae41e4649b934ca495991b7852b855	0
execution/_Coordination/AgentRuns/SOW-STAGE2-EXEC-20260712-01/instances/WORKING-P4-PKG14/children/AUTHOR-B1/members/DEL-14-01/conversion-a.stdout	3c912afab2e4840d9969954439369e9dc329ee3f4f0c218ad37d9767890f45db	198
execution/_Coordination/AgentRuns/SOW-STAGE2-EXEC-20260712-01/instances/WORKING-P4-PKG14/children/AUTHOR-B1/members/DEL-14-01/conversion-b.stderr	e3b0c44298fc1c149afbf4c8996fb92427ae41e4649b934ca495991b7852b855	0
execution/_Coordination/AgentRuns/SOW-STAGE2-EXEC-20260712-01/instances/WORKING-P4-PKG14/children/AUTHOR-B1/members/DEL-14-01/conversion-b.stdout	c2f6c9db1fd46b1262e3469869753778c33a45b643ad933cd04ac2077c1a1b1e	198
execution/_Coordination/AgentRuns/SOW-STAGE2-EXEC-20260712-01/instances/WORKING-P4-PKG14/children/AUTHOR-B1/members/DEL-14-01/final-a/ScopeOfWork.md	bee564cb426b331515d2750184bbfbbe17740ad39f09b9263cfdc14317c07a2d	24855
execution/_Coordination/AgentRuns/SOW-STAGE2-EXEC-20260712-01/instances/WORKING-P4-PKG14/children/AUTHOR-B1/members/DEL-14-01/final-a/report.json	ec500126a452da35ef570c50fe9dc9ce84aae48a6aaa96ed21e5842617c2c638	10380
execution/_Coordination/AgentRuns/SOW-STAGE2-EXEC-20260712-01/instances/WORKING-P4-PKG14/children/AUTHOR-B1/members/DEL-14-01/final-b/ScopeOfWork.md	bee564cb426b331515d2750184bbfbbe17740ad39f09b9263cfdc14317c07a2d	24855
execution/_Coordination/AgentRuns/SOW-STAGE2-EXEC-20260712-01/instances/WORKING-P4-PKG14/children/AUTHOR-B1/members/DEL-14-01/final-b/report.json	ec500126a452da35ef570c50fe9dc9ce84aae48a6aaa96ed21e5842617c2c638	10380
execution/_Coordination/AgentRuns/SOW-STAGE2-EXEC-20260712-01/instances/WORKING-P4-PKG14/children/AUTHOR-B1/members/DEL-14-01/finalization-a.stderr	e3b0c44298fc1c149afbf4c8996fb92427ae41e4649b934ca495991b7852b855	0
execution/_Coordination/AgentRuns/SOW-STAGE2-EXEC-20260712-01/instances/WORKING-P4-PKG14/children/AUTHOR-B1/members/DEL-14-01/finalization-a.stdout	5a186b1a8b784dbc3ec2bd17e4ca6711aac7531bb04854d0e236a9da7ec9a385	216
execution/_Coordination/AgentRuns/SOW-STAGE2-EXEC-20260712-01/instances/WORKING-P4-PKG14/children/AUTHOR-B1/members/DEL-14-01/finalization-b.stderr	e3b0c44298fc1c149afbf4c8996fb92427ae41e4649b934ca495991b7852b855	0
execution/_Coordination/AgentRuns/SOW-STAGE2-EXEC-20260712-01/instances/WORKING-P4-PKG14/children/AUTHOR-B1/members/DEL-14-01/finalization-b.stdout	18ce805f96f16fb0e8fd6d0f79d70f71d7a44a66b7de2028eb5d09279d3eac68	216
execution/_Coordination/AgentRuns/SOW-STAGE2-EXEC-20260712-01/instances/WORKING-P4-PKG14/children/AUTHOR-B1/members/DEL-14-01/mutated-production/ScopeOfWork.md	bfb5076edf3fa95e0cecda42e3691f18438c30552956c9a422aca4f7d65f1dd5	24874
execution/_Coordination/AgentRuns/SOW-STAGE2-EXEC-20260712-01/instances/WORKING-P4-PKG14/children/AUTHOR-B1/members/DEL-14-01/negative-ambiguous-checklist.exit	4355a46b19d348dc2f57c046f8ef63d4538ebb936000f3c9ee954a27460dd865	2
execution/_Coordination/AgentRuns/SOW-STAGE2-EXEC-20260712-01/instances/WORKING-P4-PKG14/children/AUTHOR-B1/members/DEL-14-01/negative-ambiguous-checklist.stderr	b37a0cca9858c0352661b65d064e00020bbe562dbdaab6454812cd6c24f7dd2c	167
execution/_Coordination/AgentRuns/SOW-STAGE2-EXEC-20260712-01/instances/WORKING-P4-PKG14/children/AUTHOR-B1/members/DEL-14-01/negative-ambiguous-checklist.stdout	e3b0c44298fc1c149afbf4c8996fb92427ae41e4649b934ca495991b7852b855	0
execution/_Coordination/AgentRuns/SOW-STAGE2-EXEC-20260712-01/instances/WORKING-P4-PKG14/children/AUTHOR-B1/members/DEL-14-01/negative-evidence-render.exit	4355a46b19d348dc2f57c046f8ef63d4538ebb936000f3c9ee954a27460dd865	2
execution/_Coordination/AgentRuns/SOW-STAGE2-EXEC-20260712-01/instances/WORKING-P4-PKG14/children/AUTHOR-B1/members/DEL-14-01/negative-evidence-render.stderr	cb0da27c60dce6b4cbcfd06282c5b6f1266cc686411a099c3c2ce0fa13f2bc8d	129
execution/_Coordination/AgentRuns/SOW-STAGE2-EXEC-20260712-01/instances/WORKING-P4-PKG14/children/AUTHOR-B1/members/DEL-14-01/negative-evidence-render.stdout	e3b0c44298fc1c149afbf4c8996fb92427ae41e4649b934ca495991b7852b855	0
execution/_Coordination/AgentRuns/SOW-STAGE2-EXEC-20260712-01/instances/WORKING-P4-PKG14/children/AUTHOR-B1/members/DEL-14-01/negative-mutated-map.exit	4355a46b19d348dc2f57c046f8ef63d4538ebb936000f3c9ee954a27460dd865	2
execution/_Coordination/AgentRuns/SOW-STAGE2-EXEC-20260712-01/instances/WORKING-P4-PKG14/children/AUTHOR-B1/members/DEL-14-01/negative-mutated-map.stderr	508e4cba64abbcf0b6795d7878007071f478f6346c8328a87ab00f3b4203657f	97
execution/_Coordination/AgentRuns/SOW-STAGE2-EXEC-20260712-01/instances/WORKING-P4-PKG14/children/AUTHOR-B1/members/DEL-14-01/negative-mutated-map.stdout	e3b0c44298fc1c149afbf4c8996fb92427ae41e4649b934ca495991b7852b855	0
execution/_Coordination/AgentRuns/SOW-STAGE2-EXEC-20260712-01/instances/WORKING-P4-PKG14/children/AUTHOR-B1/members/DEL-14-01/negative-mutated-parity.exit	4355a46b19d348dc2f57c046f8ef63d4538ebb936000f3c9ee954a27460dd865	2
execution/_Coordination/AgentRuns/SOW-STAGE2-EXEC-20260712-01/instances/WORKING-P4-PKG14/children/AUTHOR-B1/members/DEL-14-01/negative-mutated-parity.json	1fae15980ea75aa77cb38a952c508f048f4e3ff16ae9654fecb022aabd609592	6706
execution/_Coordination/AgentRuns/SOW-STAGE2-EXEC-20260712-01/instances/WORKING-P4-PKG14/children/AUTHOR-B1/members/DEL-14-01/negative-mutated-parity.stderr	e3b0c44298fc1c149afbf4c8996fb92427ae41e4649b934ca495991b7852b855	0
execution/_Coordination/AgentRuns/SOW-STAGE2-EXEC-20260712-01/instances/WORKING-P4-PKG14/children/AUTHOR-B1/members/DEL-14-01/negative-mutated-parity.stdout	1cb31b8489d6d0bb14ef4d25a9462682d623c634ff95a081af0535246f481b23	15
execution/_Coordination/AgentRuns/SOW-STAGE2-EXEC-20260712-01/instances/WORKING-P4-PKG14/children/AUTHOR-B1/members/DEL-14-01/negative-partial/Datasheet.md	0c67c814cc457c4b96fe936cf3c54004c6be48675d3ce8dfb44456da6bc1e6fe	6155
execution/_Coordination/AgentRuns/SOW-STAGE2-EXEC-20260712-01/instances/WORKING-P4-PKG14/children/AUTHOR-B1/members/DEL-14-01/negative-partial/_STATUS.md	d0eab52dc3fd950d20a04e84bf7487d7dffa491c9da285e276d2125b1a7560d5	3120
execution/_Coordination/AgentRuns/SOW-STAGE2-EXEC-20260712-01/instances/WORKING-P4-PKG14/children/AUTHOR-B1/members/DEL-14-01/negative-partial-validation.exit	4355a46b19d348dc2f57c046f8ef63d4538ebb936000f3c9ee954a27460dd865	2
execution/_Coordination/AgentRuns/SOW-STAGE2-EXEC-20260712-01/instances/WORKING-P4-PKG14/children/AUTHOR-B1/members/DEL-14-01/negative-partial-validation.stderr	e3b0c44298fc1c149afbf4c8996fb92427ae41e4649b934ca495991b7852b855	0
execution/_Coordination/AgentRuns/SOW-STAGE2-EXEC-20260712-01/instances/WORKING-P4-PKG14/children/AUTHOR-B1/members/DEL-14-01/negative-partial-validation.stdout	8af659470e16ef0908b9ffc8a005942ef27f6759d4a71f1816d8668c89db820b	387
execution/_Coordination/AgentRuns/SOW-STAGE2-EXEC-20260712-01/instances/WORKING-P4-PKG14/children/AUTHOR-B1/members/DEL-14-01/negative-unauthorized-checklist.exit	4355a46b19d348dc2f57c046f8ef63d4538ebb936000f3c9ee954a27460dd865	2
execution/_Coordination/AgentRuns/SOW-STAGE2-EXEC-20260712-01/instances/WORKING-P4-PKG14/children/AUTHOR-B1/members/DEL-14-01/negative-unauthorized-checklist.stderr	72fbdb46d4b55ceeac9cb009dbd09cf92cf5cd08ccb47758238c60f426fecfc6	249
execution/_Coordination/AgentRuns/SOW-STAGE2-EXEC-20260712-01/instances/WORKING-P4-PKG14/children/AUTHOR-B1/members/DEL-14-01/negative-unauthorized-checklist.stdout	e3b0c44298fc1c149afbf4c8996fb92427ae41e4649b934ca495991b7852b855	0
execution/_Coordination/AgentRuns/SOW-STAGE2-EXEC-20260712-01/instances/WORKING-P4-PKG14/children/AUTHOR-B1/members/DEL-14-01/negative-unauthorized-dual.exit	4355a46b19d348dc2f57c046f8ef63d4538ebb936000f3c9ee954a27460dd865	2
execution/_Coordination/AgentRuns/SOW-STAGE2-EXEC-20260712-01/instances/WORKING-P4-PKG14/children/AUTHOR-B1/members/DEL-14-01/negative-unauthorized-dual.stderr	e3b0c44298fc1c149afbf4c8996fb92427ae41e4649b934ca495991b7852b855	0
execution/_Coordination/AgentRuns/SOW-STAGE2-EXEC-20260712-01/instances/WORKING-P4-PKG14/children/AUTHOR-B1/members/DEL-14-01/negative-unauthorized-dual.stdout	5e2a5126da4fcd3585f952a94dab0c75344477c26a7039e7fc18a0ba144e13bf	485
execution/_Coordination/AgentRuns/SOW-STAGE2-EXEC-20260712-01/instances/WORKING-P4-PKG14/children/AUTHOR-B1/members/DEL-14-01/parity-a.json	7e4178f095f492f7ab9a2ec09daa8ac554197c69532021e99fd34e893d2ac295	6544
execution/_Coordination/AgentRuns/SOW-STAGE2-EXEC-20260712-01/instances/WORKING-P4-PKG14/children/AUTHOR-B1/members/DEL-14-01/parity-a.md	91c4e127d116936df3e32a3071bb3204b9393097be7eef340dffe417967adc09	291
execution/_Coordination/AgentRuns/SOW-STAGE2-EXEC-20260712-01/instances/WORKING-P4-PKG14/children/AUTHOR-B1/members/DEL-14-01/parity-a.stderr	e3b0c44298fc1c149afbf4c8996fb92427ae41e4649b934ca495991b7852b855	0
execution/_Coordination/AgentRuns/SOW-STAGE2-EXEC-20260712-01/instances/WORKING-P4-PKG14/children/AUTHOR-B1/members/DEL-14-01/parity-a.stdout	f6333522230dca274955d26bfaf6476e440792229289e463a1cf5b076bc6e705	15
execution/_Coordination/AgentRuns/SOW-STAGE2-EXEC-20260712-01/instances/WORKING-P4-PKG14/children/AUTHOR-B1/members/DEL-14-01/parity-b.json	7e4178f095f492f7ab9a2ec09daa8ac554197c69532021e99fd34e893d2ac295	6544
execution/_Coordination/AgentRuns/SOW-STAGE2-EXEC-20260712-01/instances/WORKING-P4-PKG14/children/AUTHOR-B1/members/DEL-14-01/parity-b.md	91c4e127d116936df3e32a3071bb3204b9393097be7eef340dffe417967adc09	291
execution/_Coordination/AgentRuns/SOW-STAGE2-EXEC-20260712-01/instances/WORKING-P4-PKG14/children/AUTHOR-B1/members/DEL-14-01/parity-b.stderr	e3b0c44298fc1c149afbf4c8996fb92427ae41e4649b934ca495991b7852b855	0
execution/_Coordination/AgentRuns/SOW-STAGE2-EXEC-20260712-01/instances/WORKING-P4-PKG14/children/AUTHOR-B1/members/DEL-14-01/parity-b.stdout	f6333522230dca274955d26bfaf6476e440792229289e463a1cf5b076bc6e705	15
execution/_Coordination/AgentRuns/SOW-STAGE2-EXEC-20260712-01/instances/WORKING-P4-PKG14/children/AUTHOR-B1/members/DEL-14-01/render-a.stderr	e3b0c44298fc1c149afbf4c8996fb92427ae41e4649b934ca495991b7852b855	0
execution/_Coordination/AgentRuns/SOW-STAGE2-EXEC-20260712-01/instances/WORKING-P4-PKG14/children/AUTHOR-B1/members/DEL-14-01/render-a.stdout	e3b0c44298fc1c149afbf4c8996fb92427ae41e4649b934ca495991b7852b855	0
execution/_Coordination/AgentRuns/SOW-STAGE2-EXEC-20260712-01/instances/WORKING-P4-PKG14/children/AUTHOR-B1/members/DEL-14-01/render-b.stderr	e3b0c44298fc1c149afbf4c8996fb92427ae41e4649b934ca495991b7852b855	0
execution/_Coordination/AgentRuns/SOW-STAGE2-EXEC-20260712-01/instances/WORKING-P4-PKG14/children/AUTHOR-B1/members/DEL-14-01/render-b.stdout	e3b0c44298fc1c149afbf4c8996fb92427ae41e4649b934ca495991b7852b855	0
execution/_Coordination/AgentRuns/SOW-STAGE2-EXEC-20260712-01/instances/WORKING-P4-PKG14/children/AUTHOR-B1/members/DEL-14-01/simulation/apply/Dependencies.csv	0436df9de021f2a373954e24d47e5bf753747748c54c400ecddd92b56d00c055	16931
execution/_Coordination/AgentRuns/SOW-STAGE2-EXEC-20260712-01/instances/WORKING-P4-PKG14/children/AUTHOR-B1/members/DEL-14-01/simulation/apply/MEMORY.md	7db4f000912c21f67362e76e9c53971ba6ebf6f2a9278367ce3e4906be807f78	9132
execution/_Coordination/AgentRuns/SOW-STAGE2-EXEC-20260712-01/instances/WORKING-P4-PKG14/children/AUTHOR-B1/members/DEL-14-01/simulation/apply/RUN_2026-05-04_IMPLEMENTATION.md	e41057ceb53cf50325905563a4e55eabdb1e56c16fcafaebb66b23e73f92714b	641
execution/_Coordination/AgentRuns/SOW-STAGE2-EXEC-20260712-01/instances/WORKING-P4-PKG14/children/AUTHOR-B1/members/DEL-14-01/simulation/apply/Review_Findings.csv	08dd7619787bf7f848ef0d76b718d84eebcb478908dc0fae51c58d3b89ce6130	142
execution/_Coordination/AgentRuns/SOW-STAGE2-EXEC-20260712-01/instances/WORKING-P4-PKG14/children/AUTHOR-B1/members/DEL-14-01/simulation/apply/ScopeOfWork.md	bee564cb426b331515d2750184bbfbbe17740ad39f09b9263cfdc14317c07a2d	24855
execution/_Coordination/AgentRuns/SOW-STAGE2-EXEC-20260712-01/instances/WORKING-P4-PKG14/children/AUTHOR-B1/members/DEL-14-01/simulation/apply/_CONTEXT.md	affef71646dda7adeb5d811778d58dab42b8304c4bcdfabb9674b576cf688f60	3821
execution/_Coordination/AgentRuns/SOW-STAGE2-EXEC-20260712-01/instances/WORKING-P4-PKG14/children/AUTHOR-B1/members/DEL-14-01/simulation/apply/_DEPENDENCIES.md	15957b412d26f07e86955bdf5d2b20518c27d9c833ef86b4d265b6712e682913	3882
execution/_Coordination/AgentRuns/SOW-STAGE2-EXEC-20260712-01/instances/WORKING-P4-PKG14/children/AUTHOR-B1/members/DEL-14-01/simulation/apply/_REFERENCES.md	dc0f9e89dc5f7882ec0616054c6090969554932a2db8b067627f16e1a366375a	1965
execution/_Coordination/AgentRuns/SOW-STAGE2-EXEC-20260712-01/instances/WORKING-P4-PKG14/children/AUTHOR-B1/members/DEL-14-01/simulation/apply/_REVIEW.md	82c91035917685b848bf16014a13cacb46cadbf713f2a2aca6223fd4e4fa7165	4085
execution/_Coordination/AgentRuns/SOW-STAGE2-EXEC-20260712-01/instances/WORKING-P4-PKG14/children/AUTHOR-B1/members/DEL-14-01/simulation/apply/_SEMANTIC.md	5842b97cf3e5a2146c39757e057b909f0fa8cb7978674490ed956bb5c340f1f5	31066
execution/_Coordination/AgentRuns/SOW-STAGE2-EXEC-20260712-01/instances/WORKING-P4-PKG14/children/AUTHOR-B1/members/DEL-14-01/simulation/apply/_SEMANTIC_LENSING.md	8021961d47471d29f03899ae4c143b38ac37f60f1c854f16258ca6521323339f	18362
execution/_Coordination/AgentRuns/SOW-STAGE2-EXEC-20260712-01/instances/WORKING-P4-PKG14/children/AUTHOR-B1/members/DEL-14-01/simulation/apply/_STATUS.md	d0eab52dc3fd950d20a04e84bf7487d7dffa491c9da285e276d2125b1a7560d5	3120
execution/_Coordination/AgentRuns/SOW-STAGE2-EXEC-20260712-01/instances/WORKING-P4-PKG14/children/AUTHOR-B1/members/DEL-14-01/simulation/apply/_run_records/TASK_RUN_2026-05-11_2348_dependency-refresh-closeout.md	6604047a5d8ad50bba3b51c4afe258833c23ef34374bc667a609e906311698b9	4020
execution/_Coordination/AgentRuns/SOW-STAGE2-EXEC-20260712-01/instances/WORKING-P4-PKG14/children/AUTHOR-B1/members/DEL-14-01/simulation/apply/_run_records/TASK_RUN_2026-06-04_authority-refresh-0.7-dag006_DEL-14-01.md	103f3c933fb121f098a3714498b6e631e4e666a6dd4babc95c7ce85c596d2993	1719
execution/_Coordination/AgentRuns/SOW-STAGE2-EXEC-20260712-01/instances/WORKING-P4-PKG14/children/AUTHOR-B1/members/DEL-14-01/simulation/apply/_run_records/TASK_RUN_2026-06-06_DEL-14-01_state-evidence-hardening.md	e8eb135f9a286ed8a597ecd009b96355f07af3e4d8b3b9bb2ff28f562c818a38	4996
execution/_Coordination/AgentRuns/SOW-STAGE2-EXEC-20260712-01/instances/WORKING-P4-PKG14/children/AUTHOR-B1/members/DEL-14-01/simulation/apply/_run_records/TASK_RUN_2026-06-07_DEL-14-01_checking-alignment.md	89a908e6414014e659ed31fa9f39abc6ecd3c47bf6a1c13f23ccc69b1b30d33b	6031
execution/_Coordination/AgentRuns/SOW-STAGE2-EXEC-20260712-01/instances/WORKING-P4-PKG14/children/AUTHOR-B1/members/DEL-14-01/simulation/apply/_run_records/TASK_RUN_2026-06-09_2258.md	2b902114718d2a4dac47adaeb8db4b62da5262b349f8f5188b90f0d597446489	6382
execution/_Coordination/AgentRuns/SOW-STAGE2-EXEC-20260712-01/instances/WORKING-P4-PKG14/children/AUTHOR-B1/members/DEL-14-01/simulation/apply/_run_records/TASK_RUN_2026-06-16_dependency-semantic-refresh_DEL-14-01.md	53571f417c8e0fcaa0731c5a0cccc9bec50d0e6eeafaceb7b1aeabd90ce9678e	1964
execution/_Coordination/AgentRuns/SOW-STAGE2-EXEC-20260712-01/instances/WORKING-P4-PKG14/children/AUTHOR-B1/members/DEL-14-01/simulation/apply/_run_records/WORKING_ITEMS_RUN_2026-07-12_D41-R5-T3-PDU018-PDU028.md	5d7aebc690e33f8380f794b289170d098685200e44ec01e2e151d6b628c7dea0	1019
execution/_Coordination/AgentRuns/SOW-STAGE2-EXEC-20260712-01/instances/WORKING-P4-PKG14/children/AUTHOR-B1/members/DEL-14-01/simulation/apply/_run_records/WORKING_ITEMS_RUN_2026-07-12_D41-R5-T7-PDU055-CURRENTNESS.md	475b948d856e4e6359dbe072c3b432fa2e757d5155c4c31b620608a94f288b1d	983
execution/_Coordination/AgentRuns/SOW-STAGE2-EXEC-20260712-01/instances/WORKING-P4-PKG14/children/AUTHOR-B1/members/DEL-14-01/simulation/rollback/Datasheet.md	0c67c814cc457c4b96fe936cf3c54004c6be48675d3ce8dfb44456da6bc1e6fe	6155
execution/_Coordination/AgentRuns/SOW-STAGE2-EXEC-20260712-01/instances/WORKING-P4-PKG14/children/AUTHOR-B1/members/DEL-14-01/simulation/rollback/Dependencies.csv	0436df9de021f2a373954e24d47e5bf753747748c54c400ecddd92b56d00c055	16931
execution/_Coordination/AgentRuns/SOW-STAGE2-EXEC-20260712-01/instances/WORKING-P4-PKG14/children/AUTHOR-B1/members/DEL-14-01/simulation/rollback/Guidance.md	a407961599fd11eb795f6c1322466f6dbe5857254d650f8de4ba5a2319e4ec7a	4331
execution/_Coordination/AgentRuns/SOW-STAGE2-EXEC-20260712-01/instances/WORKING-P4-PKG14/children/AUTHOR-B1/members/DEL-14-01/simulation/rollback/MEMORY.md	7db4f000912c21f67362e76e9c53971ba6ebf6f2a9278367ce3e4906be807f78	9132
execution/_Coordination/AgentRuns/SOW-STAGE2-EXEC-20260712-01/instances/WORKING-P4-PKG14/children/AUTHOR-B1/members/DEL-14-01/simulation/rollback/Procedure.md	e3ddd2c454f190fe94811b6449d185fb8ce25b328fbc5aa3c2c078f5c2614ee9	4557
execution/_Coordination/AgentRuns/SOW-STAGE2-EXEC-20260712-01/instances/WORKING-P4-PKG14/children/AUTHOR-B1/members/DEL-14-01/simulation/rollback/RUN_2026-05-04_IMPLEMENTATION.md	e41057ceb53cf50325905563a4e55eabdb1e56c16fcafaebb66b23e73f92714b	641
execution/_Coordination/AgentRuns/SOW-STAGE2-EXEC-20260712-01/instances/WORKING-P4-PKG14/children/AUTHOR-B1/members/DEL-14-01/simulation/rollback/Review_Findings.csv	08dd7619787bf7f848ef0d76b718d84eebcb478908dc0fae51c58d3b89ce6130	142
execution/_Coordination/AgentRuns/SOW-STAGE2-EXEC-20260712-01/instances/WORKING-P4-PKG14/children/AUTHOR-B1/members/DEL-14-01/simulation/rollback/Specification.md	b40be9734fbfe12fed7a3a750d3a6c9d6792ac9214f53dde49728c9392d1a5a6	6219
execution/_Coordination/AgentRuns/SOW-STAGE2-EXEC-20260712-01/instances/WORKING-P4-PKG14/children/AUTHOR-B1/members/DEL-14-01/simulation/rollback/_CONTEXT.md	affef71646dda7adeb5d811778d58dab42b8304c4bcdfabb9674b576cf688f60	3821
execution/_Coordination/AgentRuns/SOW-STAGE2-EXEC-20260712-01/instances/WORKING-P4-PKG14/children/AUTHOR-B1/members/DEL-14-01/simulation/rollback/_DEPENDENCIES.md	15957b412d26f07e86955bdf5d2b20518c27d9c833ef86b4d265b6712e682913	3882
execution/_Coordination/AgentRuns/SOW-STAGE2-EXEC-20260712-01/instances/WORKING-P4-PKG14/children/AUTHOR-B1/members/DEL-14-01/simulation/rollback/_REFERENCES.md	dc0f9e89dc5f7882ec0616054c6090969554932a2db8b067627f16e1a366375a	1965
execution/_Coordination/AgentRuns/SOW-STAGE2-EXEC-20260712-01/instances/WORKING-P4-PKG14/children/AUTHOR-B1/members/DEL-14-01/simulation/rollback/_REVIEW.md	82c91035917685b848bf16014a13cacb46cadbf713f2a2aca6223fd4e4fa7165	4085
execution/_Coordination/AgentRuns/SOW-STAGE2-EXEC-20260712-01/instances/WORKING-P4-PKG14/children/AUTHOR-B1/members/DEL-14-01/simulation/rollback/_SEMANTIC.md	5842b97cf3e5a2146c39757e057b909f0fa8cb7978674490ed956bb5c340f1f5	31066
execution/_Coordination/AgentRuns/SOW-STAGE2-EXEC-20260712-01/instances/WORKING-P4-PKG14/children/AUTHOR-B1/members/DEL-14-01/simulation/rollback/_SEMANTIC_LENSING.md	8021961d47471d29f03899ae4c143b38ac37f60f1c854f16258ca6521323339f	18362
execution/_Coordination/AgentRuns/SOW-STAGE2-EXEC-20260712-01/instances/WORKING-P4-PKG14/children/AUTHOR-B1/members/DEL-14-01/simulation/rollback/_STATUS.md	d0eab52dc3fd950d20a04e84bf7487d7dffa491c9da285e276d2125b1a7560d5	3120
execution/_Coordination/AgentRuns/SOW-STAGE2-EXEC-20260712-01/instances/WORKING-P4-PKG14/children/AUTHOR-B1/members/DEL-14-01/simulation/rollback/_run_records/TASK_RUN_2026-05-11_2348_dependency-refresh-closeout.md	6604047a5d8ad50bba3b51c4afe258833c23ef34374bc667a609e906311698b9	4020
execution/_Coordination/AgentRuns/SOW-STAGE2-EXEC-20260712-01/instances/WORKING-P4-PKG14/children/AUTHOR-B1/members/DEL-14-01/simulation/rollback/_run_records/TASK_RUN_2026-06-04_authority-refresh-0.7-dag006_DEL-14-01.md	103f3c933fb121f098a3714498b6e631e4e666a6dd4babc95c7ce85c596d2993	1719
execution/_Coordination/AgentRuns/SOW-STAGE2-EXEC-20260712-01/instances/WORKING-P4-PKG14/children/AUTHOR-B1/members/DEL-14-01/simulation/rollback/_run_records/TASK_RUN_2026-06-06_DEL-14-01_state-evidence-hardening.md	e8eb135f9a286ed8a597ecd009b96355f07af3e4d8b3b9bb2ff28f562c818a38	4996
execution/_Coordination/AgentRuns/SOW-STAGE2-EXEC-20260712-01/instances/WORKING-P4-PKG14/children/AUTHOR-B1/members/DEL-14-01/simulation/rollback/_run_records/TASK_RUN_2026-06-07_DEL-14-01_checking-alignment.md	89a908e6414014e659ed31fa9f39abc6ecd3c47bf6a1c13f23ccc69b1b30d33b	6031
execution/_Coordination/AgentRuns/SOW-STAGE2-EXEC-20260712-01/instances/WORKING-P4-PKG14/children/AUTHOR-B1/members/DEL-14-01/simulation/rollback/_run_records/TASK_RUN_2026-06-09_2258.md	2b902114718d2a4dac47adaeb8db4b62da5262b349f8f5188b90f0d597446489	6382
execution/_Coordination/AgentRuns/SOW-STAGE2-EXEC-20260712-01/instances/WORKING-P4-PKG14/children/AUTHOR-B1/members/DEL-14-01/simulation/rollback/_run_records/TASK_RUN_2026-06-16_dependency-semantic-refresh_DEL-14-01.md	53571f417c8e0fcaa0731c5a0cccc9bec50d0e6eeafaceb7b1aeabd90ce9678e	1964
execution/_Coordination/AgentRuns/SOW-STAGE2-EXEC-20260712-01/instances/WORKING-P4-PKG14/children/AUTHOR-B1/members/DEL-14-01/simulation/rollback/_run_records/WORKING_ITEMS_RUN_2026-07-12_D41-R5-T3-PDU018-PDU028.md	5d7aebc690e33f8380f794b289170d098685200e44ec01e2e151d6b628c7dea0	1019
execution/_Coordination/AgentRuns/SOW-STAGE2-EXEC-20260712-01/instances/WORKING-P4-PKG14/children/AUTHOR-B1/members/DEL-14-01/simulation/rollback/_run_records/WORKING_ITEMS_RUN_2026-07-12_D41-R5-T7-PDU055-CURRENTNESS.md	475b948d856e4e6359dbe072c3b432fa2e757d5155c4c31b620608a94f288b1d	983
execution/_Coordination/AgentRuns/SOW-STAGE2-EXEC-20260712-01/instances/WORKING-P4-PKG14/children/AUTHOR-B1/members/DEL-14-01/simulation-apply-validation.json	c5bf6e7fe102c0af75dd7d7d761751cda5c802c261636108f29a2e4ca5aeb6cb	276
execution/_Coordination/AgentRuns/SOW-STAGE2-EXEC-20260712-01/instances/WORKING-P4-PKG14/children/AUTHOR-B1/members/DEL-14-01/simulation-apply-validation.stderr	e3b0c44298fc1c149afbf4c8996fb92427ae41e4649b934ca495991b7852b855	0
execution/_Coordination/AgentRuns/SOW-STAGE2-EXEC-20260712-01/instances/WORKING-P4-PKG14/children/AUTHOR-B1/members/DEL-14-01/validation-dual-a.json	1f6424cd6fe91a7c924366c6492536c2a73fc7e9cd2b5c8378cf30629a6be7a3	264
execution/_Coordination/AgentRuns/SOW-STAGE2-EXEC-20260712-01/instances/WORKING-P4-PKG14/children/AUTHOR-B1/members/DEL-14-01/validation-dual-a.stderr	e3b0c44298fc1c149afbf4c8996fb92427ae41e4649b934ca495991b7852b855	0
execution/_Coordination/AgentRuns/SOW-STAGE2-EXEC-20260712-01/instances/WORKING-P4-PKG14/children/AUTHOR-B1/members/DEL-14-01/validation-dual-b.json	f9deebdeea2a214bdbea74bebd0bc3453dadf5faa8e5360a6bc9f86b8de0540c	264
execution/_Coordination/AgentRuns/SOW-STAGE2-EXEC-20260712-01/instances/WORKING-P4-PKG14/children/AUTHOR-B1/members/DEL-14-01/validation-dual-b.stderr	e3b0c44298fc1c149afbf4c8996fb92427ae41e4649b934ca495991b7852b855	0
execution/_Coordination/AgentRuns/SOW-STAGE2-EXEC-20260712-01/instances/WORKING-P4-PKG14/children/AUTHOR-B1/members/DEL-14-01/validation-sow-v1.json	75d64b87a08f55c3b38baea85d96802997dfa6238c8653410efd9cbf3a57afbc	242
execution/_Coordination/AgentRuns/SOW-STAGE2-EXEC-20260712-01/instances/WORKING-P4-PKG14/children/AUTHOR-B1/members/DEL-14-01/validation-sow-v1.stderr	e3b0c44298fc1c149afbf4c8996fb92427ae41e4649b934ca495991b7852b855	0
execution/_Coordination/AgentRuns/SOW-STAGE2-EXEC-20260712-01/instances/WORKING-P4-PKG14/children/AUTHOR-B1/members/DEL-14-01/workspace-a/Datasheet.md	0c67c814cc457c4b96fe936cf3c54004c6be48675d3ce8dfb44456da6bc1e6fe	6155
execution/_Coordination/AgentRuns/SOW-STAGE2-EXEC-20260712-01/instances/WORKING-P4-PKG14/children/AUTHOR-B1/members/DEL-14-01/workspace-a/Dependencies.csv	0436df9de021f2a373954e24d47e5bf753747748c54c400ecddd92b56d00c055	16931
execution/_Coordination/AgentRuns/SOW-STAGE2-EXEC-20260712-01/instances/WORKING-P4-PKG14/children/AUTHOR-B1/members/DEL-14-01/workspace-a/Guidance.md	a407961599fd11eb795f6c1322466f6dbe5857254d650f8de4ba5a2319e4ec7a	4331
execution/_Coordination/AgentRuns/SOW-STAGE2-EXEC-20260712-01/instances/WORKING-P4-PKG14/children/AUTHOR-B1/members/DEL-14-01/workspace-a/MEMORY.md	7db4f000912c21f67362e76e9c53971ba6ebf6f2a9278367ce3e4906be807f78	9132
execution/_Coordination/AgentRuns/SOW-STAGE2-EXEC-20260712-01/instances/WORKING-P4-PKG14/children/AUTHOR-B1/members/DEL-14-01/workspace-a/Procedure.md	e3ddd2c454f190fe94811b6449d185fb8ce25b328fbc5aa3c2c078f5c2614ee9	4557
execution/_Coordination/AgentRuns/SOW-STAGE2-EXEC-20260712-01/instances/WORKING-P4-PKG14/children/AUTHOR-B1/members/DEL-14-01/workspace-a/RUN_2026-05-04_IMPLEMENTATION.md	e41057ceb53cf50325905563a4e55eabdb1e56c16fcafaebb66b23e73f92714b	641
execution/_Coordination/AgentRuns/SOW-STAGE2-EXEC-20260712-01/instances/WORKING-P4-PKG14/children/AUTHOR-B1/members/DEL-14-01/workspace-a/Review_Findings.csv	08dd7619787bf7f848ef0d76b718d84eebcb478908dc0fae51c58d3b89ce6130	142
execution/_Coordination/AgentRuns/SOW-STAGE2-EXEC-20260712-01/instances/WORKING-P4-PKG14/children/AUTHOR-B1/members/DEL-14-01/workspace-a/ScopeOfWork.md	e18150ebd7f6cfb192d20d12f1263bf60672567aeeaaaa6a1be3b715bb535f54	31326
execution/_Coordination/AgentRuns/SOW-STAGE2-EXEC-20260712-01/instances/WORKING-P4-PKG14/children/AUTHOR-B1/members/DEL-14-01/workspace-a/Specification.md	b40be9734fbfe12fed7a3a750d3a6c9d6792ac9214f53dde49728c9392d1a5a6	6219
execution/_Coordination/AgentRuns/SOW-STAGE2-EXEC-20260712-01/instances/WORKING-P4-PKG14/children/AUTHOR-B1/members/DEL-14-01/workspace-a/_CONTEXT.md	affef71646dda7adeb5d811778d58dab42b8304c4bcdfabb9674b576cf688f60	3821
execution/_Coordination/AgentRuns/SOW-STAGE2-EXEC-20260712-01/instances/WORKING-P4-PKG14/children/AUTHOR-B1/members/DEL-14-01/workspace-a/_DEPENDENCIES.md	15957b412d26f07e86955bdf5d2b20518c27d9c833ef86b4d265b6712e682913	3882
execution/_Coordination/AgentRuns/SOW-STAGE2-EXEC-20260712-01/instances/WORKING-P4-PKG14/children/AUTHOR-B1/members/DEL-14-01/workspace-a/_REFERENCES.md	dc0f9e89dc5f7882ec0616054c6090969554932a2db8b067627f16e1a366375a	1965
execution/_Coordination/AgentRuns/SOW-STAGE2-EXEC-20260712-01/instances/WORKING-P4-PKG14/children/AUTHOR-B1/members/DEL-14-01/workspace-a/_REVIEW.md	82c91035917685b848bf16014a13cacb46cadbf713f2a2aca6223fd4e4fa7165	4085
execution/_Coordination/AgentRuns/SOW-STAGE2-EXEC-20260712-01/instances/WORKING-P4-PKG14/children/AUTHOR-B1/members/DEL-14-01/workspace-a/_SEMANTIC.md	5842b97cf3e5a2146c39757e057b909f0fa8cb7978674490ed956bb5c340f1f5	31066
execution/_Coordination/AgentRuns/SOW-STAGE2-EXEC-20260712-01/instances/WORKING-P4-PKG14/children/AUTHOR-B1/members/DEL-14-01/workspace-a/_SEMANTIC_LENSING.md	8021961d47471d29f03899ae4c143b38ac37f60f1c854f16258ca6521323339f	18362
execution/_Coordination/AgentRuns/SOW-STAGE2-EXEC-20260712-01/instances/WORKING-P4-PKG14/children/AUTHOR-B1/members/DEL-14-01/workspace-a/_STATUS.md	d0eab52dc3fd950d20a04e84bf7487d7dffa491c9da285e276d2125b1a7560d5	3120
execution/_Coordination/AgentRuns/SOW-STAGE2-EXEC-20260712-01/instances/WORKING-P4-PKG14/children/AUTHOR-B1/members/DEL-14-01/workspace-a/_run_records/TASK_RUN_2026-05-11_2348_dependency-refresh-closeout.md	6604047a5d8ad50bba3b51c4afe258833c23ef34374bc667a609e906311698b9	4020
execution/_Coordination/AgentRuns/SOW-STAGE2-EXEC-20260712-01/instances/WORKING-P4-PKG14/children/AUTHOR-B1/members/DEL-14-01/workspace-a/_run_records/TASK_RUN_2026-06-04_authority-refresh-0.7-dag006_DEL-14-01.md	103f3c933fb121f098a3714498b6e631e4e666a6dd4babc95c7ce85c596d2993	1719
execution/_Coordination/AgentRuns/SOW-STAGE2-EXEC-20260712-01/instances/WORKING-P4-PKG14/children/AUTHOR-B1/members/DEL-14-01/workspace-a/_run_records/TASK_RUN_2026-06-06_DEL-14-01_state-evidence-hardening.md	e8eb135f9a286ed8a597ecd009b96355f07af3e4d8b3b9bb2ff28f562c818a38	4996
execution/_Coordination/AgentRuns/SOW-STAGE2-EXEC-20260712-01/instances/WORKING-P4-PKG14/children/AUTHOR-B1/members/DEL-14-01/workspace-a/_run_records/TASK_RUN_2026-06-07_DEL-14-01_checking-alignment.md	89a908e6414014e659ed31fa9f39abc6ecd3c47bf6a1c13f23ccc69b1b30d33b	6031
execution/_Coordination/AgentRuns/SOW-STAGE2-EXEC-20260712-01/instances/WORKING-P4-PKG14/children/AUTHOR-B1/members/DEL-14-01/workspace-a/_run_records/TASK_RUN_2026-06-09_2258.md	2b902114718d2a4dac47adaeb8db4b62da5262b349f8f5188b90f0d597446489	6382
execution/_Coordination/AgentRuns/SOW-STAGE2-EXEC-20260712-01/instances/WORKING-P4-PKG14/children/AUTHOR-B1/members/DEL-14-01/workspace-a/_run_records/TASK_RUN_2026-06-16_dependency-semantic-refresh_DEL-14-01.md	53571f417c8e0fcaa0731c5a0cccc9bec50d0e6eeafaceb7b1aeabd90ce9678e	1964
execution/_Coordination/AgentRuns/SOW-STAGE2-EXEC-20260712-01/instances/WORKING-P4-PKG14/children/AUTHOR-B1/members/DEL-14-01/workspace-a/_run_records/WORKING_ITEMS_RUN_2026-07-12_D41-R5-T3-PDU018-PDU028.md	5d7aebc690e33f8380f794b289170d098685200e44ec01e2e151d6b628c7dea0	1019
execution/_Coordination/AgentRuns/SOW-STAGE2-EXEC-20260712-01/instances/WORKING-P4-PKG14/children/AUTHOR-B1/members/DEL-14-01/workspace-a/_run_records/WORKING_ITEMS_RUN_2026-07-12_D41-R5-T7-PDU055-CURRENTNESS.md	475b948d856e4e6359dbe072c3b432fa2e757d5155c4c31b620608a94f288b1d	983
execution/_Coordination/AgentRuns/SOW-STAGE2-EXEC-20260712-01/instances/WORKING-P4-PKG14/children/AUTHOR-B1/members/DEL-14-01/workspace-b/Datasheet.md	0c67c814cc457c4b96fe936cf3c54004c6be48675d3ce8dfb44456da6bc1e6fe	6155
execution/_Coordination/AgentRuns/SOW-STAGE2-EXEC-20260712-01/instances/WORKING-P4-PKG14/children/AUTHOR-B1/members/DEL-14-01/workspace-b/Dependencies.csv	0436df9de021f2a373954e24d47e5bf753747748c54c400ecddd92b56d00c055	16931
execution/_Coordination/AgentRuns/SOW-STAGE2-EXEC-20260712-01/instances/WORKING-P4-PKG14/children/AUTHOR-B1/members/DEL-14-01/workspace-b/Guidance.md	a407961599fd11eb795f6c1322466f6dbe5857254d650f8de4ba5a2319e4ec7a	4331
execution/_Coordination/AgentRuns/SOW-STAGE2-EXEC-20260712-01/instances/WORKING-P4-PKG14/children/AUTHOR-B1/members/DEL-14-01/workspace-b/MEMORY.md	7db4f000912c21f67362e76e9c53971ba6ebf6f2a9278367ce3e4906be807f78	9132
execution/_Coordination/AgentRuns/SOW-STAGE2-EXEC-20260712-01/instances/WORKING-P4-PKG14/children/AUTHOR-B1/members/DEL-14-01/workspace-b/Procedure.md	e3ddd2c454f190fe94811b6449d185fb8ce25b328fbc5aa3c2c078f5c2614ee9	4557
execution/_Coordination/AgentRuns/SOW-STAGE2-EXEC-20260712-01/instances/WORKING-P4-PKG14/children/AUTHOR-B1/members/DEL-14-01/workspace-b/RUN_2026-05-04_IMPLEMENTATION.md	e41057ceb53cf50325905563a4e55eabdb1e56c16fcafaebb66b23e73f92714b	641
execution/_Coordination/AgentRuns/SOW-STAGE2-EXEC-20260712-01/instances/WORKING-P4-PKG14/children/AUTHOR-B1/members/DEL-14-01/workspace-b/Review_Findings.csv	08dd7619787bf7f848ef0d76b718d84eebcb478908dc0fae51c58d3b89ce6130	142
execution/_Coordination/AgentRuns/SOW-STAGE2-EXEC-20260712-01/instances/WORKING-P4-PKG14/children/AUTHOR-B1/members/DEL-14-01/workspace-b/ScopeOfWork.md	e18150ebd7f6cfb192d20d12f1263bf60672567aeeaaaa6a1be3b715bb535f54	31326
execution/_Coordination/AgentRuns/SOW-STAGE2-EXEC-20260712-01/instances/WORKING-P4-PKG14/children/AUTHOR-B1/members/DEL-14-01/workspace-b/Specification.md	b40be9734fbfe12fed7a3a750d3a6c9d6792ac9214f53dde49728c9392d1a5a6	6219
execution/_Coordination/AgentRuns/SOW-STAGE2-EXEC-20260712-01/instances/WORKING-P4-PKG14/children/AUTHOR-B1/members/DEL-14-01/workspace-b/_CONTEXT.md	affef71646dda7adeb5d811778d58dab42b8304c4bcdfabb9674b576cf688f60	3821
execution/_Coordination/AgentRuns/SOW-STAGE2-EXEC-20260712-01/instances/WORKING-P4-PKG14/children/AUTHOR-B1/members/DEL-14-01/workspace-b/_DEPENDENCIES.md	15957b412d26f07e86955bdf5d2b20518c27d9c833ef86b4d265b6712e682913	3882
execution/_Coordination/AgentRuns/SOW-STAGE2-EXEC-20260712-01/instances/WORKING-P4-PKG14/children/AUTHOR-B1/members/DEL-14-01/workspace-b/_REFERENCES.md	dc0f9e89dc5f7882ec0616054c6090969554932a2db8b067627f16e1a366375a	1965
execution/_Coordination/AgentRuns/SOW-STAGE2-EXEC-20260712-01/instances/WORKING-P4-PKG14/children/AUTHOR-B1/members/DEL-14-01/workspace-b/_REVIEW.md	82c91035917685b848bf16014a13cacb46cadbf713f2a2aca6223fd4e4fa7165	4085
execution/_Coordination/AgentRuns/SOW-STAGE2-EXEC-20260712-01/instances/WORKING-P4-PKG14/children/AUTHOR-B1/members/DEL-14-01/workspace-b/_SEMANTIC.md	5842b97cf3e5a2146c39757e057b909f0fa8cb7978674490ed956bb5c340f1f5	31066
execution/_Coordination/AgentRuns/SOW-STAGE2-EXEC-20260712-01/instances/WORKING-P4-PKG14/children/AUTHOR-B1/members/DEL-14-01/workspace-b/_SEMANTIC_LENSING.md	8021961d47471d29f03899ae4c143b38ac37f60f1c854f16258ca6521323339f	18362
execution/_Coordination/AgentRuns/SOW-STAGE2-EXEC-20260712-01/instances/WORKING-P4-PKG14/children/AUTHOR-B1/members/DEL-14-01/workspace-b/_STATUS.md	d0eab52dc3fd950d20a04e84bf7487d7dffa491c9da285e276d2125b1a7560d5	3120
execution/_Coordination/AgentRuns/SOW-STAGE2-EXEC-20260712-01/instances/WORKING-P4-PKG14/children/AUTHOR-B1/members/DEL-14-01/workspace-b/_run_records/TASK_RUN_2026-05-11_2348_dependency-refresh-closeout.md	6604047a5d8ad50bba3b51c4afe258833c23ef34374bc667a609e906311698b9	4020
execution/_Coordination/AgentRuns/SOW-STAGE2-EXEC-20260712-01/instances/WORKING-P4-PKG14/children/AUTHOR-B1/members/DEL-14-01/workspace-b/_run_records/TASK_RUN_2026-06-04_authority-refresh-0.7-dag006_DEL-14-01.md	103f3c933fb121f098a3714498b6e631e4e666a6dd4babc95c7ce85c596d2993	1719
execution/_Coordination/AgentRuns/SOW-STAGE2-EXEC-20260712-01/instances/WORKING-P4-PKG14/children/AUTHOR-B1/members/DEL-14-01/workspace-b/_run_records/TASK_RUN_2026-06-06_DEL-14-01_state-evidence-hardening.md	e8eb135f9a286ed8a597ecd009b96355f07af3e4d8b3b9bb2ff28f562c818a38	4996
execution/_Coordination/AgentRuns/SOW-STAGE2-EXEC-20260712-01/instances/WORKING-P4-PKG14/children/AUTHOR-B1/members/DEL-14-01/workspace-b/_run_records/TASK_RUN_2026-06-07_DEL-14-01_checking-alignment.md	89a908e6414014e659ed31fa9f39abc6ecd3c47bf6a1c13f23ccc69b1b30d33b	6031
execution/_Coordination/AgentRuns/SOW-STAGE2-EXEC-20260712-01/instances/WORKING-P4-PKG14/children/AUTHOR-B1/members/DEL-14-01/workspace-b/_run_records/TASK_RUN_2026-06-09_2258.md	2b902114718d2a4dac47adaeb8db4b62da5262b349f8f5188b90f0d597446489	6382
execution/_Coordination/AgentRuns/SOW-STAGE2-EXEC-20260712-01/instances/WORKING-P4-PKG14/children/AUTHOR-B1/members/DEL-14-01/workspace-b/_run_records/TASK_RUN_2026-06-16_dependency-semantic-refresh_DEL-14-01.md	53571f417c8e0fcaa0731c5a0cccc9bec50d0e6eeafaceb7b1aeabd90ce9678e	1964
execution/_Coordination/AgentRuns/SOW-STAGE2-EXEC-20260712-01/instances/WORKING-P4-PKG14/children/AUTHOR-B1/members/DEL-14-01/workspace-b/_run_records/WORKING_ITEMS_RUN_2026-07-12_D41-R5-T3-PDU018-PDU028.md	5d7aebc690e33f8380f794b289170d098685200e44ec01e2e151d6b628c7dea0	1019
execution/_Coordination/AgentRuns/SOW-STAGE2-EXEC-20260712-01/instances/WORKING-P4-PKG14/children/AUTHOR-B1/members/DEL-14-01/workspace-b/_run_records/WORKING_ITEMS_RUN_2026-07-12_D41-R5-T7-PDU055-CURRENTNESS.md	475b948d856e4e6359dbe072c3b432fa2e757d5155c4c31b620608a94f288b1d	983
execution/_Coordination/AgentRuns/SOW-STAGE2-EXEC-20260712-01/instances/WORKING-P4-PKG14/children/AUTHOR-B1/members/DEL-14-02/DERIVATIVE_DETERMINISM.tsv	725673a62e8c813129139aa2278efddee22f14e9e8581936d3bf3337146f1491	626
execution/_Coordination/AgentRuns/SOW-STAGE2-EXEC-20260712-01/instances/WORKING-P4-PKG14/children/AUTHOR-B1/members/DEL-14-02/DETERMINISM.tsv	97c0e80b11fbc00f2ba39c62d00959b8acb562b035b5d03c229e78ca5bb62df2	506
execution/_Coordination/AgentRuns/SOW-STAGE2-EXEC-20260712-01/instances/WORKING-P4-PKG14/children/AUTHOR-B1/members/DEL-14-02/FROZEN_ROW.tsv	62e080184186d7eb6f64292b9175b011ca7f090f09ed83a567cf6ca8fcdc8850	1605
execution/_Coordination/AgentRuns/SOW-STAGE2-EXEC-20260712-01/instances/WORKING-P4-PKG14/children/AUTHOR-B1/members/DEL-14-02/IMMUTABLE_LITERAL_AND_CONTEXT_REVIEW.md	b4ca6772387e7159ad9f3c4d4880134fdd7c62f219028461a89bc54ee862d1b5	797
execution/_Coordination/AgentRuns/SOW-STAGE2-EXEC-20260712-01/instances/WORKING-P4-PKG14/children/AUTHOR-B1/members/DEL-14-02/MEMBER_SUMMARY.md	c69408a260b209b13b9629dde401e34d28650b2147be4b742558d61ea6b442c0	630
execution/_Coordination/AgentRuns/SOW-STAGE2-EXEC-20260712-01/instances/WORKING-P4-PKG14/children/AUTHOR-B1/members/DEL-14-02/SOURCE_HASHES.tsv	b4e8d7fb17d5d864bcc253194d2c2f81743732e14b4fb20a7747e7967c97d0b6	1657
execution/_Coordination/AgentRuns/SOW-STAGE2-EXEC-20260712-01/instances/WORKING-P4-PKG14/children/AUTHOR-B1/members/DEL-14-02/ScopeOfWork-a.html	cd7a538108dcdd7db32ff266f1ca1c5e1915ed42adc7d6146289e5fd42168462	39663
execution/_Coordination/AgentRuns/SOW-STAGE2-EXEC-20260712-01/instances/WORKING-P4-PKG14/children/AUTHOR-B1/members/DEL-14-02/ScopeOfWork-b.html	cd7a538108dcdd7db32ff266f1ca1c5e1915ed42adc7d6146289e5fd42168462	39663
execution/_Coordination/AgentRuns/SOW-STAGE2-EXEC-20260712-01/instances/WORKING-P4-PKG14/children/AUTHOR-B1/members/DEL-14-02/checklist-a.json	02e10046fbb54efa6563b188b73486fba901f23ccd69a95e91d600c3d9a3f42d	1802
execution/_Coordination/AgentRuns/SOW-STAGE2-EXEC-20260712-01/instances/WORKING-P4-PKG14/children/AUTHOR-B1/members/DEL-14-02/checklist-a.stderr	e3b0c44298fc1c149afbf4c8996fb92427ae41e4649b934ca495991b7852b855	0
execution/_Coordination/AgentRuns/SOW-STAGE2-EXEC-20260712-01/instances/WORKING-P4-PKG14/children/AUTHOR-B1/members/DEL-14-02/checklist-a.stdout	e3b0c44298fc1c149afbf4c8996fb92427ae41e4649b934ca495991b7852b855	0
execution/_Coordination/AgentRuns/SOW-STAGE2-EXEC-20260712-01/instances/WORKING-P4-PKG14/children/AUTHOR-B1/members/DEL-14-02/checklist-b.json	02e10046fbb54efa6563b188b73486fba901f23ccd69a95e91d600c3d9a3f42d	1802
execution/_Coordination/AgentRuns/SOW-STAGE2-EXEC-20260712-01/instances/WORKING-P4-PKG14/children/AUTHOR-B1/members/DEL-14-02/checklist-b.stderr	e3b0c44298fc1c149afbf4c8996fb92427ae41e4649b934ca495991b7852b855	0
execution/_Coordination/AgentRuns/SOW-STAGE2-EXEC-20260712-01/instances/WORKING-P4-PKG14/children/AUTHOR-B1/members/DEL-14-02/checklist-b.stdout	e3b0c44298fc1c149afbf4c8996fb92427ae41e4649b934ca495991b7852b855	0
execution/_Coordination/AgentRuns/SOW-STAGE2-EXEC-20260712-01/instances/WORKING-P4-PKG14/children/AUTHOR-B1/members/DEL-14-02/claim-map-a.csv	c6317963894cd4e64e644cad21fbcbd102b8ed0e8ae370b793f03b9c05ab70ed	4939
execution/_Coordination/AgentRuns/SOW-STAGE2-EXEC-20260712-01/instances/WORKING-P4-PKG14/children/AUTHOR-B1/members/DEL-14-02/claim-map-a.stderr	e3b0c44298fc1c149afbf4c8996fb92427ae41e4649b934ca495991b7852b855	0
execution/_Coordination/AgentRuns/SOW-STAGE2-EXEC-20260712-01/instances/WORKING-P4-PKG14/children/AUTHOR-B1/members/DEL-14-02/claim-map-a.stdout	9ea5306e975bd936db50980966868c23569da39e881259e80690f7a1bfa7fb26	207
execution/_Coordination/AgentRuns/SOW-STAGE2-EXEC-20260712-01/instances/WORKING-P4-PKG14/children/AUTHOR-B1/members/DEL-14-02/claim-map-b.csv	c6317963894cd4e64e644cad21fbcbd102b8ed0e8ae370b793f03b9c05ab70ed	4939
execution/_Coordination/AgentRuns/SOW-STAGE2-EXEC-20260712-01/instances/WORKING-P4-PKG14/children/AUTHOR-B1/members/DEL-14-02/claim-map-b.stderr	e3b0c44298fc1c149afbf4c8996fb92427ae41e4649b934ca495991b7852b855	0
execution/_Coordination/AgentRuns/SOW-STAGE2-EXEC-20260712-01/instances/WORKING-P4-PKG14/children/AUTHOR-B1/members/DEL-14-02/claim-map-b.stdout	d67aeaca87fea14db15baa3ad0a7cb0368faee4bd18a10af474fa4ecf80895dc	207
execution/_Coordination/AgentRuns/SOW-STAGE2-EXEC-20260712-01/instances/WORKING-P4-PKG14/children/AUTHOR-B1/members/DEL-14-02/conversion-a.stderr	e3b0c44298fc1c149afbf4c8996fb92427ae41e4649b934ca495991b7852b855	0
execution/_Coordination/AgentRuns/SOW-STAGE2-EXEC-20260712-01/instances/WORKING-P4-PKG14/children/AUTHOR-B1/members/DEL-14-02/conversion-a.stdout	d1629a47469f4fe4a669d1de62b819a27553d32a70a9ba217f35e0abecb349ac	198
execution/_Coordination/AgentRuns/SOW-STAGE2-EXEC-20260712-01/instances/WORKING-P4-PKG14/children/AUTHOR-B1/members/DEL-14-02/conversion-b.stderr	e3b0c44298fc1c149afbf4c8996fb92427ae41e4649b934ca495991b7852b855	0
execution/_Coordination/AgentRuns/SOW-STAGE2-EXEC-20260712-01/instances/WORKING-P4-PKG14/children/AUTHOR-B1/members/DEL-14-02/conversion-b.stdout	a2ed7b569b1aa62d5a5ad68f63b7ae33629b89bdd87ff5266f18e5b56978e4a2	198
execution/_Coordination/AgentRuns/SOW-STAGE2-EXEC-20260712-01/instances/WORKING-P4-PKG14/children/AUTHOR-B1/members/DEL-14-02/final-a/ScopeOfWork.md	79efc63f3e76fdd63131ec725420bd17288a542945fcd723926f574cc9e9c4ce	31702
execution/_Coordination/AgentRuns/SOW-STAGE2-EXEC-20260712-01/instances/WORKING-P4-PKG14/children/AUTHOR-B1/members/DEL-14-02/final-a/report.json	c51b0c1cecc5a957ae996aadc898011f87b35c3b02b831125826b50e6a487585	10380
execution/_Coordination/AgentRuns/SOW-STAGE2-EXEC-20260712-01/instances/WORKING-P4-PKG14/children/AUTHOR-B1/members/DEL-14-02/final-b/ScopeOfWork.md	79efc63f3e76fdd63131ec725420bd17288a542945fcd723926f574cc9e9c4ce	31702
execution/_Coordination/AgentRuns/SOW-STAGE2-EXEC-20260712-01/instances/WORKING-P4-PKG14/children/AUTHOR-B1/members/DEL-14-02/final-b/report.json	c51b0c1cecc5a957ae996aadc898011f87b35c3b02b831125826b50e6a487585	10380
execution/_Coordination/AgentRuns/SOW-STAGE2-EXEC-20260712-01/instances/WORKING-P4-PKG14/children/AUTHOR-B1/members/DEL-14-02/finalization-a.stderr	e3b0c44298fc1c149afbf4c8996fb92427ae41e4649b934ca495991b7852b855	0
execution/_Coordination/AgentRuns/SOW-STAGE2-EXEC-20260712-01/instances/WORKING-P4-PKG14/children/AUTHOR-B1/members/DEL-14-02/finalization-a.stdout	fd15e7f1d9ace23d625a1100511f16559eef5b9e6b57c31ac3b9c04fefb7283b	216
execution/_Coordination/AgentRuns/SOW-STAGE2-EXEC-20260712-01/instances/WORKING-P4-PKG14/children/AUTHOR-B1/members/DEL-14-02/finalization-b.stderr	e3b0c44298fc1c149afbf4c8996fb92427ae41e4649b934ca495991b7852b855	0
execution/_Coordination/AgentRuns/SOW-STAGE2-EXEC-20260712-01/instances/WORKING-P4-PKG14/children/AUTHOR-B1/members/DEL-14-02/finalization-b.stdout	f4d7535d20e092f3895c39f683ace4adee60b59281d71e2f4c1ac4da2bef9ba9	216
execution/_Coordination/AgentRuns/SOW-STAGE2-EXEC-20260712-01/instances/WORKING-P4-PKG14/children/AUTHOR-B1/members/DEL-14-02/mutated-production/ScopeOfWork.md	d123c018443b2c26091531c135f6ce8d676400cf2c8856f04b2403d50be25102	31721
execution/_Coordination/AgentRuns/SOW-STAGE2-EXEC-20260712-01/instances/WORKING-P4-PKG14/children/AUTHOR-B1/members/DEL-14-02/negative-ambiguous-checklist.exit	4355a46b19d348dc2f57c046f8ef63d4538ebb936000f3c9ee954a27460dd865	2
execution/_Coordination/AgentRuns/SOW-STAGE2-EXEC-20260712-01/instances/WORKING-P4-PKG14/children/AUTHOR-B1/members/DEL-14-02/negative-ambiguous-checklist.stderr	b37a0cca9858c0352661b65d064e00020bbe562dbdaab6454812cd6c24f7dd2c	167
execution/_Coordination/AgentRuns/SOW-STAGE2-EXEC-20260712-01/instances/WORKING-P4-PKG14/children/AUTHOR-B1/members/DEL-14-02/negative-ambiguous-checklist.stdout	e3b0c44298fc1c149afbf4c8996fb92427ae41e4649b934ca495991b7852b855	0
execution/_Coordination/AgentRuns/SOW-STAGE2-EXEC-20260712-01/instances/WORKING-P4-PKG14/children/AUTHOR-B1/members/DEL-14-02/negative-evidence-render.exit	4355a46b19d348dc2f57c046f8ef63d4538ebb936000f3c9ee954a27460dd865	2
execution/_Coordination/AgentRuns/SOW-STAGE2-EXEC-20260712-01/instances/WORKING-P4-PKG14/children/AUTHOR-B1/members/DEL-14-02/negative-evidence-render.stderr	cb0da27c60dce6b4cbcfd06282c5b6f1266cc686411a099c3c2ce0fa13f2bc8d	129
execution/_Coordination/AgentRuns/SOW-STAGE2-EXEC-20260712-01/instances/WORKING-P4-PKG14/children/AUTHOR-B1/members/DEL-14-02/negative-evidence-render.stdout	e3b0c44298fc1c149afbf4c8996fb92427ae41e4649b934ca495991b7852b855	0
execution/_Coordination/AgentRuns/SOW-STAGE2-EXEC-20260712-01/instances/WORKING-P4-PKG14/children/AUTHOR-B1/members/DEL-14-02/negative-mutated-map.exit	4355a46b19d348dc2f57c046f8ef63d4538ebb936000f3c9ee954a27460dd865	2
execution/_Coordination/AgentRuns/SOW-STAGE2-EXEC-20260712-01/instances/WORKING-P4-PKG14/children/AUTHOR-B1/members/DEL-14-02/negative-mutated-map.stderr	508e4cba64abbcf0b6795d7878007071f478f6346c8328a87ab00f3b4203657f	97
execution/_Coordination/AgentRuns/SOW-STAGE2-EXEC-20260712-01/instances/WORKING-P4-PKG14/children/AUTHOR-B1/members/DEL-14-02/negative-mutated-map.stdout	e3b0c44298fc1c149afbf4c8996fb92427ae41e4649b934ca495991b7852b855	0
execution/_Coordination/AgentRuns/SOW-STAGE2-EXEC-20260712-01/instances/WORKING-P4-PKG14/children/AUTHOR-B1/members/DEL-14-02/negative-mutated-parity.exit	4355a46b19d348dc2f57c046f8ef63d4538ebb936000f3c9ee954a27460dd865	2
execution/_Coordination/AgentRuns/SOW-STAGE2-EXEC-20260712-01/instances/WORKING-P4-PKG14/children/AUTHOR-B1/members/DEL-14-02/negative-mutated-parity.json	b42f8a65bf785bc59bec9e489e0cf1ea711d47e230b6b80c0eaae9c64d8417d4	6706
execution/_Coordination/AgentRuns/SOW-STAGE2-EXEC-20260712-01/instances/WORKING-P4-PKG14/children/AUTHOR-B1/members/DEL-14-02/negative-mutated-parity.stderr	e3b0c44298fc1c149afbf4c8996fb92427ae41e4649b934ca495991b7852b855	0
execution/_Coordination/AgentRuns/SOW-STAGE2-EXEC-20260712-01/instances/WORKING-P4-PKG14/children/AUTHOR-B1/members/DEL-14-02/negative-mutated-parity.stdout	1cb31b8489d6d0bb14ef4d25a9462682d623c634ff95a081af0535246f481b23	15
execution/_Coordination/AgentRuns/SOW-STAGE2-EXEC-20260712-01/instances/WORKING-P4-PKG14/children/AUTHOR-B1/members/DEL-14-02/negative-partial/Datasheet.md	15227c01af0ae6c1a561030dcc207a3a375b157a7a1bd3fccf5e3c914ca49357	8575
execution/_Coordination/AgentRuns/SOW-STAGE2-EXEC-20260712-01/instances/WORKING-P4-PKG14/children/AUTHOR-B1/members/DEL-14-02/negative-partial/_STATUS.md	1057a866d54654cba804adf99a1398f4d4c16b16b404cc38620342d54f3e4d9a	3311
execution/_Coordination/AgentRuns/SOW-STAGE2-EXEC-20260712-01/instances/WORKING-P4-PKG14/children/AUTHOR-B1/members/DEL-14-02/negative-partial-validation.exit	4355a46b19d348dc2f57c046f8ef63d4538ebb936000f3c9ee954a27460dd865	2
execution/_Coordination/AgentRuns/SOW-STAGE2-EXEC-20260712-01/instances/WORKING-P4-PKG14/children/AUTHOR-B1/members/DEL-14-02/negative-partial-validation.stderr	e3b0c44298fc1c149afbf4c8996fb92427ae41e4649b934ca495991b7852b855	0
execution/_Coordination/AgentRuns/SOW-STAGE2-EXEC-20260712-01/instances/WORKING-P4-PKG14/children/AUTHOR-B1/members/DEL-14-02/negative-partial-validation.stdout	1cd15a116ca19433e782e8bc9f6332444372b8d8807879e4a5e476401e088653	387
execution/_Coordination/AgentRuns/SOW-STAGE2-EXEC-20260712-01/instances/WORKING-P4-PKG14/children/AUTHOR-B1/members/DEL-14-02/negative-unauthorized-checklist.exit	4355a46b19d348dc2f57c046f8ef63d4538ebb936000f3c9ee954a27460dd865	2
execution/_Coordination/AgentRuns/SOW-STAGE2-EXEC-20260712-01/instances/WORKING-P4-PKG14/children/AUTHOR-B1/members/DEL-14-02/negative-unauthorized-checklist.stderr	72fbdb46d4b55ceeac9cb009dbd09cf92cf5cd08ccb47758238c60f426fecfc6	249
execution/_Coordination/AgentRuns/SOW-STAGE2-EXEC-20260712-01/instances/WORKING-P4-PKG14/children/AUTHOR-B1/members/DEL-14-02/negative-unauthorized-checklist.stdout	e3b0c44298fc1c149afbf4c8996fb92427ae41e4649b934ca495991b7852b855	0
execution/_Coordination/AgentRuns/SOW-STAGE2-EXEC-20260712-01/instances/WORKING-P4-PKG14/children/AUTHOR-B1/members/DEL-14-02/negative-unauthorized-dual.exit	4355a46b19d348dc2f57c046f8ef63d4538ebb936000f3c9ee954a27460dd865	2
execution/_Coordination/AgentRuns/SOW-STAGE2-EXEC-20260712-01/instances/WORKING-P4-PKG14/children/AUTHOR-B1/members/DEL-14-02/negative-unauthorized-dual.stderr	e3b0c44298fc1c149afbf4c8996fb92427ae41e4649b934ca495991b7852b855	0
execution/_Coordination/AgentRuns/SOW-STAGE2-EXEC-20260712-01/instances/WORKING-P4-PKG14/children/AUTHOR-B1/members/DEL-14-02/negative-unauthorized-dual.stdout	670ae838e7ef59022d4aa2ffb80c9f68a589d1b877836bb6a79d5df8951913c8	485
execution/_Coordination/AgentRuns/SOW-STAGE2-EXEC-20260712-01/instances/WORKING-P4-PKG14/children/AUTHOR-B1/members/DEL-14-02/parity-a.json	ed95cd7c556a4555f692074d4967b73028aa79f9b50d2ab9ed923049819cb915	6544
execution/_Coordination/AgentRuns/SOW-STAGE2-EXEC-20260712-01/instances/WORKING-P4-PKG14/children/AUTHOR-B1/members/DEL-14-02/parity-a.md	45e450d83a81a5ec9b29e395d19eb071f428b8b01a62615c25827081f76753cc	291
execution/_Coordination/AgentRuns/SOW-STAGE2-EXEC-20260712-01/instances/WORKING-P4-PKG14/children/AUTHOR-B1/members/DEL-14-02/parity-a.stderr	e3b0c44298fc1c149afbf4c8996fb92427ae41e4649b934ca495991b7852b855	0
execution/_Coordination/AgentRuns/SOW-STAGE2-EXEC-20260712-01/instances/WORKING-P4-PKG14/children/AUTHOR-B1/members/DEL-14-02/parity-a.stdout	f6333522230dca274955d26bfaf6476e440792229289e463a1cf5b076bc6e705	15
execution/_Coordination/AgentRuns/SOW-STAGE2-EXEC-20260712-01/instances/WORKING-P4-PKG14/children/AUTHOR-B1/members/DEL-14-02/parity-b.json	ed95cd7c556a4555f692074d4967b73028aa79f9b50d2ab9ed923049819cb915	6544
execution/_Coordination/AgentRuns/SOW-STAGE2-EXEC-20260712-01/instances/WORKING-P4-PKG14/children/AUTHOR-B1/members/DEL-14-02/parity-b.md	45e450d83a81a5ec9b29e395d19eb071f428b8b01a62615c25827081f76753cc	291
execution/_Coordination/AgentRuns/SOW-STAGE2-EXEC-20260712-01/instances/WORKING-P4-PKG14/children/AUTHOR-B1/members/DEL-14-02/parity-b.stderr	e3b0c44298fc1c149afbf4c8996fb92427ae41e4649b934ca495991b7852b855	0
execution/_Coordination/AgentRuns/SOW-STAGE2-EXEC-20260712-01/instances/WORKING-P4-PKG14/children/AUTHOR-B1/members/DEL-14-02/parity-b.stdout	f6333522230dca274955d26bfaf6476e440792229289e463a1cf5b076bc6e705	15
execution/_Coordination/AgentRuns/SOW-STAGE2-EXEC-20260712-01/instances/WORKING-P4-PKG14/children/AUTHOR-B1/members/DEL-14-02/render-a.stderr	e3b0c44298fc1c149afbf4c8996fb92427ae41e4649b934ca495991b7852b855	0
execution/_Coordination/AgentRuns/SOW-STAGE2-EXEC-20260712-01/instances/WORKING-P4-PKG14/children/AUTHOR-B1/members/DEL-14-02/render-a.stdout	e3b0c44298fc1c149afbf4c8996fb92427ae41e4649b934ca495991b7852b855	0
execution/_Coordination/AgentRuns/SOW-STAGE2-EXEC-20260712-01/instances/WORKING-P4-PKG14/children/AUTHOR-B1/members/DEL-14-02/render-b.stderr	e3b0c44298fc1c149afbf4c8996fb92427ae41e4649b934ca495991b7852b855	0
execution/_Coordination/AgentRuns/SOW-STAGE2-EXEC-20260712-01/instances/WORKING-P4-PKG14/children/AUTHOR-B1/members/DEL-14-02/render-b.stdout	e3b0c44298fc1c149afbf4c8996fb92427ae41e4649b934ca495991b7852b855	0
execution/_Coordination/AgentRuns/SOW-STAGE2-EXEC-20260712-01/instances/WORKING-P4-PKG14/children/AUTHOR-B1/members/DEL-14-02/simulation/apply/Dependencies.csv	b30266d95aa573c2172b5342f1db6ad5a58270777e9502b8b7702ec63752c260	16163
execution/_Coordination/AgentRuns/SOW-STAGE2-EXEC-20260712-01/instances/WORKING-P4-PKG14/children/AUTHOR-B1/members/DEL-14-02/simulation/apply/MEMORY.md	a443149d225010599250821db7d6a090ffa2a52c14a397bac6563f486a05ffbf	15013
execution/_Coordination/AgentRuns/SOW-STAGE2-EXEC-20260712-01/instances/WORKING-P4-PKG14/children/AUTHOR-B1/members/DEL-14-02/simulation/apply/RUN_2026-05-04_IMPLEMENTATION.md	a743903e7f977e4a63822e4ff096f4b9b8b0cb86b91c19784be225200171ec3d	875
execution/_Coordination/AgentRuns/SOW-STAGE2-EXEC-20260712-01/instances/WORKING-P4-PKG14/children/AUTHOR-B1/members/DEL-14-02/simulation/apply/Review_Findings.csv	08dd7619787bf7f848ef0d76b718d84eebcb478908dc0fae51c58d3b89ce6130	142
execution/_Coordination/AgentRuns/SOW-STAGE2-EXEC-20260712-01/instances/WORKING-P4-PKG14/children/AUTHOR-B1/members/DEL-14-02/simulation/apply/ScopeOfWork.md	79efc63f3e76fdd63131ec725420bd17288a542945fcd723926f574cc9e9c4ce	31702
execution/_Coordination/AgentRuns/SOW-STAGE2-EXEC-20260712-01/instances/WORKING-P4-PKG14/children/AUTHOR-B1/members/DEL-14-02/simulation/apply/_CONTEXT.md	7fc80d884877e6ffad0be1c248d38940c1d22eb965870097a3000cc8b7bdcd96	3828
execution/_Coordination/AgentRuns/SOW-STAGE2-EXEC-20260712-01/instances/WORKING-P4-PKG14/children/AUTHOR-B1/members/DEL-14-02/simulation/apply/_DEPENDENCIES.md	c860a315a8f8c248153d985f5cb2216797d9b72b19750dbd57417eed549c6a8e	3960
execution/_Coordination/AgentRuns/SOW-STAGE2-EXEC-20260712-01/instances/WORKING-P4-PKG14/children/AUTHOR-B1/members/DEL-14-02/simulation/apply/_REFERENCES.md	1cbe28b9a018b6efae5921ca1d5ef1a352b45410f74622aa1804d1dd655bdfef	1956
execution/_Coordination/AgentRuns/SOW-STAGE2-EXEC-20260712-01/instances/WORKING-P4-PKG14/children/AUTHOR-B1/members/DEL-14-02/simulation/apply/_REVIEW.md	15c1195ea530a18aeee5b1a1e315f216064ac2b1203035d91239367900538631	4042
execution/_Coordination/AgentRuns/SOW-STAGE2-EXEC-20260712-01/instances/WORKING-P4-PKG14/children/AUTHOR-B1/members/DEL-14-02/simulation/apply/_SEMANTIC.md	6a75de14c2d0460368cf2c454a589dc1a2ca9a63b9c98a6c7cdfb2b7775685ce	42143
execution/_Coordination/AgentRuns/SOW-STAGE2-EXEC-20260712-01/instances/WORKING-P4-PKG14/children/AUTHOR-B1/members/DEL-14-02/simulation/apply/_SEMANTIC_LENSING.md	a66127ef014f34ebd34acfeb5e00ec8fc2cae9abb6b074ac9d362671d0392c23	18605
execution/_Coordination/AgentRuns/SOW-STAGE2-EXEC-20260712-01/instances/WORKING-P4-PKG14/children/AUTHOR-B1/members/DEL-14-02/simulation/apply/_STATUS.md	1057a866d54654cba804adf99a1398f4d4c16b16b404cc38620342d54f3e4d9a	3311
execution/_Coordination/AgentRuns/SOW-STAGE2-EXEC-20260712-01/instances/WORKING-P4-PKG14/children/AUTHOR-B1/members/DEL-14-02/simulation/apply/_run_records/TASK_RUN_2026-05-10_2346_dependency-refresh-closeout.md	bd2399e14434a1b3c775dad2dbb46444a0a683c2b7da8c4d21eec33d69caf4f1	4655
execution/_Coordination/AgentRuns/SOW-STAGE2-EXEC-20260712-01/instances/WORKING-P4-PKG14/children/AUTHOR-B1/members/DEL-14-02/simulation/apply/_run_records/TASK_RUN_2026-06-04_authority-refresh-0.7-dag006_DEL-14-02.md	69300629a4ab2707e0fc094ecd116b4ab69e26cc1b89d4da65973bb2e50e0ba7	1702
execution/_Coordination/AgentRuns/SOW-STAGE2-EXEC-20260712-01/instances/WORKING-P4-PKG14/children/AUTHOR-B1/members/DEL-14-02/simulation/apply/_run_records/TASK_RUN_2026-06-06_DEL-14-02_analysis-run-evidence-hardening.md	6595899a470e5b57ad7b55aba32735ae12d9bd60153d02f9ef72cb1b6f07b19b	4394
execution/_Coordination/AgentRuns/SOW-STAGE2-EXEC-20260712-01/instances/WORKING-P4-PKG14/children/AUTHOR-B1/members/DEL-14-02/simulation/apply/_run_records/TASK_RUN_2026-06-07_DEL-14-02_checking-alignment.md	b16fa0b923890d002d6243ac941072e56693075eeab256e7b96d5bc8970e61a1	4283
execution/_Coordination/AgentRuns/SOW-STAGE2-EXEC-20260712-01/instances/WORKING-P4-PKG14/children/AUTHOR-B1/members/DEL-14-02/simulation/apply/_run_records/TASK_RUN_2026-06-16_dependency-semantic-refresh_DEL-14-02.md	b8c7ba0bdc2c1ca4da4cb1740ef38daec9cad732306ab313461eddedded5d77e	1928
execution/_Coordination/AgentRuns/SOW-STAGE2-EXEC-20260712-01/instances/WORKING-P4-PKG14/children/AUTHOR-B1/members/DEL-14-02/simulation/apply/_run_records/WORKING_ITEMS_RUN_2026-06-11_edited_model_solve_binding.md	028c39bc4815e17e01a3f5347a3185326877978861621a70a808720ae14d9449	2120
execution/_Coordination/AgentRuns/SOW-STAGE2-EXEC-20260712-01/instances/WORKING-P4-PKG14/children/AUTHOR-B1/members/DEL-14-02/simulation/apply/_run_records/WORKING_ITEMS_RUN_2026-06-11_persisted_edited_load_solve_regression.md	2d4cdf21fbbfc6681960e1b6caa82f05d97bbc730ea2963544b3cd163455e60d	1829
execution/_Coordination/AgentRuns/SOW-STAGE2-EXEC-20260712-01/instances/WORKING-P4-PKG14/children/AUTHOR-B1/members/DEL-14-02/simulation/apply/_run_records/WORKING_ITEMS_RUN_2026-06-14_TP-C4-APPAGG-001.md	8ba0ef0dae81995d69dd87915e46150a31c84ddc9548e174b365df4c3f6bd339	9689
execution/_Coordination/AgentRuns/SOW-STAGE2-EXEC-20260712-01/instances/WORKING-P4-PKG14/children/AUTHOR-B1/members/DEL-14-02/simulation/apply/_run_records/WORKING_ITEMS_RUN_2026-06-17_TP-UNITS-BTAIL-RUNAUDITUNITS-001.md	2bd1c65a2d59e165782b9d5472b79403f9d210bc116dbd960487eb14c69fce5c	2625
execution/_Coordination/AgentRuns/SOW-STAGE2-EXEC-20260712-01/instances/WORKING-P4-PKG14/children/AUTHOR-B1/members/DEL-14-02/simulation/apply/_run_records/WORKING_ITEMS_RUN_2026-06-18_TP-UNITS-BTAIL-RUNAUDITLINTUNITS-001.md	49f30611a248342b62c5dbd727ccd7ec2d4a71151016958d08a1e0d882e9b667	2173
execution/_Coordination/AgentRuns/SOW-STAGE2-EXEC-20260712-01/instances/WORKING-P4-PKG14/children/AUTHOR-B1/members/DEL-14-02/simulation/apply/_run_records/WORKING_ITEMS_RUN_2026-07-12_D41-R5-T2A-PDU003.md	55c9f19e026e909fed1ed02188fb9aafeb250b299f9c22631588c726df7bb234	1937
execution/_Coordination/AgentRuns/SOW-STAGE2-EXEC-20260712-01/instances/WORKING-P4-PKG14/children/AUTHOR-B1/members/DEL-14-02/simulation/apply/_run_records/WORKING_ITEMS_RUN_2026-07-12_D41-R5-T2B-PDU033-HOLD.md	2416d9cecb6c1ebdcba0a67eeb366ed66e748051ef408b84e5037c2bf026c1ca	553
execution/_Coordination/AgentRuns/SOW-STAGE2-EXEC-20260712-01/instances/WORKING-P4-PKG14/children/AUTHOR-B1/members/DEL-14-02/simulation/apply/_run_records/WORKING_ITEMS_RUN_2026-07-12_D41-R5-T4-PDU012-PDU021-PDU022-PDU040.md	785406df8b4d4c9f4b429c3a3199df1e36ea2f08079a0817c802a8cb3aa90a04	1143
execution/_Coordination/AgentRuns/SOW-STAGE2-EXEC-20260712-01/instances/WORKING-P4-PKG14/children/AUTHOR-B1/members/DEL-14-02/simulation/apply/_run_records/WORKING_ITEMS_RUN_2026-07-12_D41-R5-T7-PDU055-CURRENTNESS.md	9c54b08d925fe53053597329bb53f87534878a77a004715682e2bade631f3a93	983
execution/_Coordination/AgentRuns/SOW-STAGE2-EXEC-20260712-01/instances/WORKING-P4-PKG14/children/AUTHOR-B1/members/DEL-14-02/simulation/rollback/Datasheet.md	15227c01af0ae6c1a561030dcc207a3a375b157a7a1bd3fccf5e3c914ca49357	8575
execution/_Coordination/AgentRuns/SOW-STAGE2-EXEC-20260712-01/instances/WORKING-P4-PKG14/children/AUTHOR-B1/members/DEL-14-02/simulation/rollback/Dependencies.csv	b30266d95aa573c2172b5342f1db6ad5a58270777e9502b8b7702ec63752c260	16163
execution/_Coordination/AgentRuns/SOW-STAGE2-EXEC-20260712-01/instances/WORKING-P4-PKG14/children/AUTHOR-B1/members/DEL-14-02/simulation/rollback/Guidance.md	4a5412b4f3c40c97a55693aa0fbdb65b94d56084bbe4d950f675226c2be5b9db	5456
execution/_Coordination/AgentRuns/SOW-STAGE2-EXEC-20260712-01/instances/WORKING-P4-PKG14/children/AUTHOR-B1/members/DEL-14-02/simulation/rollback/MEMORY.md	a443149d225010599250821db7d6a090ffa2a52c14a397bac6563f486a05ffbf	15013
execution/_Coordination/AgentRuns/SOW-STAGE2-EXEC-20260712-01/instances/WORKING-P4-PKG14/children/AUTHOR-B1/members/DEL-14-02/simulation/rollback/Procedure.md	c09303c5c3d7d743894eb622aba3cb21eb0ce0eee8d75d8ee4ba802c7d2cfd73	5229
execution/_Coordination/AgentRuns/SOW-STAGE2-EXEC-20260712-01/instances/WORKING-P4-PKG14/children/AUTHOR-B1/members/DEL-14-02/simulation/rollback/RUN_2026-05-04_IMPLEMENTATION.md	a743903e7f977e4a63822e4ff096f4b9b8b0cb86b91c19784be225200171ec3d	875
execution/_Coordination/AgentRuns/SOW-STAGE2-EXEC-20260712-01/instances/WORKING-P4-PKG14/children/AUTHOR-B1/members/DEL-14-02/simulation/rollback/Review_Findings.csv	08dd7619787bf7f848ef0d76b718d84eebcb478908dc0fae51c58d3b89ce6130	142
execution/_Coordination/AgentRuns/SOW-STAGE2-EXEC-20260712-01/instances/WORKING-P4-PKG14/children/AUTHOR-B1/members/DEL-14-02/simulation/rollback/Specification.md	30276ef18e51463d64447c9b1440fbcdcd5d4beca4c98d19d4c4562d1782a4a0	8873
execution/_Coordination/AgentRuns/SOW-STAGE2-EXEC-20260712-01/instances/WORKING-P4-PKG14/children/AUTHOR-B1/members/DEL-14-02/simulation/rollback/_CONTEXT.md	7fc80d884877e6ffad0be1c248d38940c1d22eb965870097a3000cc8b7bdcd96	3828
execution/_Coordination/AgentRuns/SOW-STAGE2-EXEC-20260712-01/instances/WORKING-P4-PKG14/children/AUTHOR-B1/members/DEL-14-02/simulation/rollback/_DEPENDENCIES.md	c860a315a8f8c248153d985f5cb2216797d9b72b19750dbd57417eed549c6a8e	3960
execution/_Coordination/AgentRuns/SOW-STAGE2-EXEC-20260712-01/instances/WORKING-P4-PKG14/children/AUTHOR-B1/members/DEL-14-02/simulation/rollback/_REFERENCES.md	1cbe28b9a018b6efae5921ca1d5ef1a352b45410f74622aa1804d1dd655bdfef	1956
execution/_Coordination/AgentRuns/SOW-STAGE2-EXEC-20260712-01/instances/WORKING-P4-PKG14/children/AUTHOR-B1/members/DEL-14-02/simulation/rollback/_REVIEW.md	15c1195ea530a18aeee5b1a1e315f216064ac2b1203035d91239367900538631	4042
execution/_Coordination/AgentRuns/SOW-STAGE2-EXEC-20260712-01/instances/WORKING-P4-PKG14/children/AUTHOR-B1/members/DEL-14-02/simulation/rollback/_SEMANTIC.md	6a75de14c2d0460368cf2c454a589dc1a2ca9a63b9c98a6c7cdfb2b7775685ce	42143
execution/_Coordination/AgentRuns/SOW-STAGE2-EXEC-20260712-01/instances/WORKING-P4-PKG14/children/AUTHOR-B1/members/DEL-14-02/simulation/rollback/_SEMANTIC_LENSING.md	a66127ef014f34ebd34acfeb5e00ec8fc2cae9abb6b074ac9d362671d0392c23	18605
execution/_Coordination/AgentRuns/SOW-STAGE2-EXEC-20260712-01/instances/WORKING-P4-PKG14/children/AUTHOR-B1/members/DEL-14-02/simulation/rollback/_STATUS.md	1057a866d54654cba804adf99a1398f4d4c16b16b404cc38620342d54f3e4d9a	3311
execution/_Coordination/AgentRuns/SOW-STAGE2-EXEC-20260712-01/instances/WORKING-P4-PKG14/children/AUTHOR-B1/members/DEL-14-02/simulation/rollback/_run_records/TASK_RUN_2026-05-10_2346_dependency-refresh-closeout.md	bd2399e14434a1b3c775dad2dbb46444a0a683c2b7da8c4d21eec33d69caf4f1	4655
execution/_Coordination/AgentRuns/SOW-STAGE2-EXEC-20260712-01/instances/WORKING-P4-PKG14/children/AUTHOR-B1/members/DEL-14-02/simulation/rollback/_run_records/TASK_RUN_2026-06-04_authority-refresh-0.7-dag006_DEL-14-02.md	69300629a4ab2707e0fc094ecd116b4ab69e26cc1b89d4da65973bb2e50e0ba7	1702
execution/_Coordination/AgentRuns/SOW-STAGE2-EXEC-20260712-01/instances/WORKING-P4-PKG14/children/AUTHOR-B1/members/DEL-14-02/simulation/rollback/_run_records/TASK_RUN_2026-06-06_DEL-14-02_analysis-run-evidence-hardening.md	6595899a470e5b57ad7b55aba32735ae12d9bd60153d02f9ef72cb1b6f07b19b	4394
execution/_Coordination/AgentRuns/SOW-STAGE2-EXEC-20260712-01/instances/WORKING-P4-PKG14/children/AUTHOR-B1/members/DEL-14-02/simulation/rollback/_run_records/TASK_RUN_2026-06-07_DEL-14-02_checking-alignment.md	b16fa0b923890d002d6243ac941072e56693075eeab256e7b96d5bc8970e61a1	4283
execution/_Coordination/AgentRuns/SOW-STAGE2-EXEC-20260712-01/instances/WORKING-P4-PKG14/children/AUTHOR-B1/members/DEL-14-02/simulation/rollback/_run_records/TASK_RUN_2026-06-16_dependency-semantic-refresh_DEL-14-02.md	b8c7ba0bdc2c1ca4da4cb1740ef38daec9cad732306ab313461eddedded5d77e	1928
execution/_Coordination/AgentRuns/SOW-STAGE2-EXEC-20260712-01/instances/WORKING-P4-PKG14/children/AUTHOR-B1/members/DEL-14-02/simulation/rollback/_run_records/WORKING_ITEMS_RUN_2026-06-11_edited_model_solve_binding.md	028c39bc4815e17e01a3f5347a3185326877978861621a70a808720ae14d9449	2120
execution/_Coordination/AgentRuns/SOW-STAGE2-EXEC-20260712-01/instances/WORKING-P4-PKG14/children/AUTHOR-B1/members/DEL-14-02/simulation/rollback/_run_records/WORKING_ITEMS_RUN_2026-06-11_persisted_edited_load_solve_regression.md	2d4cdf21fbbfc6681960e1b6caa82f05d97bbc730ea2963544b3cd163455e60d	1829
execution/_Coordination/AgentRuns/SOW-STAGE2-EXEC-20260712-01/instances/WORKING-P4-PKG14/children/AUTHOR-B1/members/DEL-14-02/simulation/rollback/_run_records/WORKING_ITEMS_RUN_2026-06-14_TP-C4-APPAGG-001.md	8ba0ef0dae81995d69dd87915e46150a31c84ddc9548e174b365df4c3f6bd339	9689
execution/_Coordination/AgentRuns/SOW-STAGE2-EXEC-20260712-01/instances/WORKING-P4-PKG14/children/AUTHOR-B1/members/DEL-14-02/simulation/rollback/_run_records/WORKING_ITEMS_RUN_2026-06-17_TP-UNITS-BTAIL-RUNAUDITUNITS-001.md	2bd1c65a2d59e165782b9d5472b79403f9d210bc116dbd960487eb14c69fce5c	2625
execution/_Coordination/AgentRuns/SOW-STAGE2-EXEC-20260712-01/instances/WORKING-P4-PKG14/children/AUTHOR-B1/members/DEL-14-02/simulation/rollback/_run_records/WORKING_ITEMS_RUN_2026-06-18_TP-UNITS-BTAIL-RUNAUDITLINTUNITS-001.md	49f30611a248342b62c5dbd727ccd7ec2d4a71151016958d08a1e0d882e9b667	2173
execution/_Coordination/AgentRuns/SOW-STAGE2-EXEC-20260712-01/instances/WORKING-P4-PKG14/children/AUTHOR-B1/members/DEL-14-02/simulation/rollback/_run_records/WORKING_ITEMS_RUN_2026-07-12_D41-R5-T2A-PDU003.md	55c9f19e026e909fed1ed02188fb9aafeb250b299f9c22631588c726df7bb234	1937
execution/_Coordination/AgentRuns/SOW-STAGE2-EXEC-20260712-01/instances/WORKING-P4-PKG14/children/AUTHOR-B1/members/DEL-14-02/simulation/rollback/_run_records/WORKING_ITEMS_RUN_2026-07-12_D41-R5-T2B-PDU033-HOLD.md	2416d9cecb6c1ebdcba0a67eeb366ed66e748051ef408b84e5037c2bf026c1ca	553
execution/_Coordination/AgentRuns/SOW-STAGE2-EXEC-20260712-01/instances/WORKING-P4-PKG14/children/AUTHOR-B1/members/DEL-14-02/simulation/rollback/_run_records/WORKING_ITEMS_RUN_2026-07-12_D41-R5-T4-PDU012-PDU021-PDU022-PDU040.md	785406df8b4d4c9f4b429c3a3199df1e36ea2f08079a0817c802a8cb3aa90a04	1143
execution/_Coordination/AgentRuns/SOW-STAGE2-EXEC-20260712-01/instances/WORKING-P4-PKG14/children/AUTHOR-B1/members/DEL-14-02/simulation/rollback/_run_records/WORKING_ITEMS_RUN_2026-07-12_D41-R5-T7-PDU055-CURRENTNESS.md	9c54b08d925fe53053597329bb53f87534878a77a004715682e2bade631f3a93	983
execution/_Coordination/AgentRuns/SOW-STAGE2-EXEC-20260712-01/instances/WORKING-P4-PKG14/children/AUTHOR-B1/members/DEL-14-02/simulation-apply-validation.json	b3e418b9494949aaa41c24bb4a9a9d1ded7dcf411387f01884f999064f1ef489	276
execution/_Coordination/AgentRuns/SOW-STAGE2-EXEC-20260712-01/instances/WORKING-P4-PKG14/children/AUTHOR-B1/members/DEL-14-02/simulation-apply-validation.stderr	e3b0c44298fc1c149afbf4c8996fb92427ae41e4649b934ca495991b7852b855	0
execution/_Coordination/AgentRuns/SOW-STAGE2-EXEC-20260712-01/instances/WORKING-P4-PKG14/children/AUTHOR-B1/members/DEL-14-02/validation-dual-a.json	a01ceb1c33d0ef14568bf2f27a9fa2792f59f86b69b48f8f6ec9e8b3d7745c50	264
execution/_Coordination/AgentRuns/SOW-STAGE2-EXEC-20260712-01/instances/WORKING-P4-PKG14/children/AUTHOR-B1/members/DEL-14-02/validation-dual-a.stderr	e3b0c44298fc1c149afbf4c8996fb92427ae41e4649b934ca495991b7852b855	0
execution/_Coordination/AgentRuns/SOW-STAGE2-EXEC-20260712-01/instances/WORKING-P4-PKG14/children/AUTHOR-B1/members/DEL-14-02/validation-dual-b.json	ae964543007552277e152f3b971168d4376adcd9a80806e12abb3bc4b7c0680c	264
execution/_Coordination/AgentRuns/SOW-STAGE2-EXEC-20260712-01/instances/WORKING-P4-PKG14/children/AUTHOR-B1/members/DEL-14-02/validation-dual-b.stderr	e3b0c44298fc1c149afbf4c8996fb92427ae41e4649b934ca495991b7852b855	0
execution/_Coordination/AgentRuns/SOW-STAGE2-EXEC-20260712-01/instances/WORKING-P4-PKG14/children/AUTHOR-B1/members/DEL-14-02/validation-sow-v1.json	e9d85ba44ca909a6a8c64b177a14fdf6039f759f61c849cb354466239c324548	242
execution/_Coordination/AgentRuns/SOW-STAGE2-EXEC-20260712-01/instances/WORKING-P4-PKG14/children/AUTHOR-B1/members/DEL-14-02/validation-sow-v1.stderr	e3b0c44298fc1c149afbf4c8996fb92427ae41e4649b934ca495991b7852b855	0
execution/_Coordination/AgentRuns/SOW-STAGE2-EXEC-20260712-01/instances/WORKING-P4-PKG14/children/AUTHOR-B1/members/DEL-14-02/workspace-a/Datasheet.md	15227c01af0ae6c1a561030dcc207a3a375b157a7a1bd3fccf5e3c914ca49357	8575
execution/_Coordination/AgentRuns/SOW-STAGE2-EXEC-20260712-01/instances/WORKING-P4-PKG14/children/AUTHOR-B1/members/DEL-14-02/workspace-a/Dependencies.csv	b30266d95aa573c2172b5342f1db6ad5a58270777e9502b8b7702ec63752c260	16163
execution/_Coordination/AgentRuns/SOW-STAGE2-EXEC-20260712-01/instances/WORKING-P4-PKG14/children/AUTHOR-B1/members/DEL-14-02/workspace-a/Guidance.md	4a5412b4f3c40c97a55693aa0fbdb65b94d56084bbe4d950f675226c2be5b9db	5456
execution/_Coordination/AgentRuns/SOW-STAGE2-EXEC-20260712-01/instances/WORKING-P4-PKG14/children/AUTHOR-B1/members/DEL-14-02/workspace-a/MEMORY.md	a443149d225010599250821db7d6a090ffa2a52c14a397bac6563f486a05ffbf	15013
execution/_Coordination/AgentRuns/SOW-STAGE2-EXEC-20260712-01/instances/WORKING-P4-PKG14/children/AUTHOR-B1/members/DEL-14-02/workspace-a/Procedure.md	c09303c5c3d7d743894eb622aba3cb21eb0ce0eee8d75d8ee4ba802c7d2cfd73	5229
execution/_Coordination/AgentRuns/SOW-STAGE2-EXEC-20260712-01/instances/WORKING-P4-PKG14/children/AUTHOR-B1/members/DEL-14-02/workspace-a/RUN_2026-05-04_IMPLEMENTATION.md	a743903e7f977e4a63822e4ff096f4b9b8b0cb86b91c19784be225200171ec3d	875
execution/_Coordination/AgentRuns/SOW-STAGE2-EXEC-20260712-01/instances/WORKING-P4-PKG14/children/AUTHOR-B1/members/DEL-14-02/workspace-a/Review_Findings.csv	08dd7619787bf7f848ef0d76b718d84eebcb478908dc0fae51c58d3b89ce6130	142
execution/_Coordination/AgentRuns/SOW-STAGE2-EXEC-20260712-01/instances/WORKING-P4-PKG14/children/AUTHOR-B1/members/DEL-14-02/workspace-a/ScopeOfWork.md	61a614d5aa476b4c276416463a7a0008feba4114874fb193d8a395e821f516e3	38127
execution/_Coordination/AgentRuns/SOW-STAGE2-EXEC-20260712-01/instances/WORKING-P4-PKG14/children/AUTHOR-B1/members/DEL-14-02/workspace-a/Specification.md	30276ef18e51463d64447c9b1440fbcdcd5d4beca4c98d19d4c4562d1782a4a0	8873
execution/_Coordination/AgentRuns/SOW-STAGE2-EXEC-20260712-01/instances/WORKING-P4-PKG14/children/AUTHOR-B1/members/DEL-14-02/workspace-a/_CONTEXT.md	7fc80d884877e6ffad0be1c248d38940c1d22eb965870097a3000cc8b7bdcd96	3828
execution/_Coordination/AgentRuns/SOW-STAGE2-EXEC-20260712-01/instances/WORKING-P4-PKG14/children/AUTHOR-B1/members/DEL-14-02/workspace-a/_DEPENDENCIES.md	c860a315a8f8c248153d985f5cb2216797d9b72b19750dbd57417eed549c6a8e	3960
execution/_Coordination/AgentRuns/SOW-STAGE2-EXEC-20260712-01/instances/WORKING-P4-PKG14/children/AUTHOR-B1/members/DEL-14-02/workspace-a/_REFERENCES.md	1cbe28b9a018b6efae5921ca1d5ef1a352b45410f74622aa1804d1dd655bdfef	1956
execution/_Coordination/AgentRuns/SOW-STAGE2-EXEC-20260712-01/instances/WORKING-P4-PKG14/children/AUTHOR-B1/members/DEL-14-02/workspace-a/_REVIEW.md	15c1195ea530a18aeee5b1a1e315f216064ac2b1203035d91239367900538631	4042
execution/_Coordination/AgentRuns/SOW-STAGE2-EXEC-20260712-01/instances/WORKING-P4-PKG14/children/AUTHOR-B1/members/DEL-14-02/workspace-a/_SEMANTIC.md	6a75de14c2d0460368cf2c454a589dc1a2ca9a63b9c98a6c7cdfb2b7775685ce	42143
execution/_Coordination/AgentRuns/SOW-STAGE2-EXEC-20260712-01/instances/WORKING-P4-PKG14/children/AUTHOR-B1/members/DEL-14-02/workspace-a/_SEMANTIC_LENSING.md	a66127ef014f34ebd34acfeb5e00ec8fc2cae9abb6b074ac9d362671d0392c23	18605
execution/_Coordination/AgentRuns/SOW-STAGE2-EXEC-20260712-01/instances/WORKING-P4-PKG14/children/AUTHOR-B1/members/DEL-14-02/workspace-a/_STATUS.md	1057a866d54654cba804adf99a1398f4d4c16b16b404cc38620342d54f3e4d9a	3311
execution/_Coordination/AgentRuns/SOW-STAGE2-EXEC-20260712-01/instances/WORKING-P4-PKG14/children/AUTHOR-B1/members/DEL-14-02/workspace-a/_run_records/TASK_RUN_2026-05-10_2346_dependency-refresh-closeout.md	bd2399e14434a1b3c775dad2dbb46444a0a683c2b7da8c4d21eec33d69caf4f1	4655
execution/_Coordination/AgentRuns/SOW-STAGE2-EXEC-20260712-01/instances/WORKING-P4-PKG14/children/AUTHOR-B1/members/DEL-14-02/workspace-a/_run_records/TASK_RUN_2026-06-04_authority-refresh-0.7-dag006_DEL-14-02.md	69300629a4ab2707e0fc094ecd116b4ab69e26cc1b89d4da65973bb2e50e0ba7	1702
execution/_Coordination/AgentRuns/SOW-STAGE2-EXEC-20260712-01/instances/WORKING-P4-PKG14/children/AUTHOR-B1/members/DEL-14-02/workspace-a/_run_records/TASK_RUN_2026-06-06_DEL-14-02_analysis-run-evidence-hardening.md	6595899a470e5b57ad7b55aba32735ae12d9bd60153d02f9ef72cb1b6f07b19b	4394
execution/_Coordination/AgentRuns/SOW-STAGE2-EXEC-20260712-01/instances/WORKING-P4-PKG14/children/AUTHOR-B1/members/DEL-14-02/workspace-a/_run_records/TASK_RUN_2026-06-07_DEL-14-02_checking-alignment.md	b16fa0b923890d002d6243ac941072e56693075eeab256e7b96d5bc8970e61a1	4283
execution/_Coordination/AgentRuns/SOW-STAGE2-EXEC-20260712-01/instances/WORKING-P4-PKG14/children/AUTHOR-B1/members/DEL-14-02/workspace-a/_run_records/TASK_RUN_2026-06-16_dependency-semantic-refresh_DEL-14-02.md	b8c7ba0bdc2c1ca4da4cb1740ef38daec9cad732306ab313461eddedded5d77e	1928
execution/_Coordination/AgentRuns/SOW-STAGE2-EXEC-20260712-01/instances/WORKING-P4-PKG14/children/AUTHOR-B1/members/DEL-14-02/workspace-a/_run_records/WORKING_ITEMS_RUN_2026-06-11_edited_model_solve_binding.md	028c39bc4815e17e01a3f5347a3185326877978861621a70a808720ae14d9449	2120
execution/_Coordination/AgentRuns/SOW-STAGE2-EXEC-20260712-01/instances/WORKING-P4-PKG14/children/AUTHOR-B1/members/DEL-14-02/workspace-a/_run_records/WORKING_ITEMS_RUN_2026-06-11_persisted_edited_load_solve_regression.md	2d4cdf21fbbfc6681960e1b6caa82f05d97bbc730ea2963544b3cd163455e60d	1829
execution/_Coordination/AgentRuns/SOW-STAGE2-EXEC-20260712-01/instances/WORKING-P4-PKG14/children/AUTHOR-B1/members/DEL-14-02/workspace-a/_run_records/WORKING_ITEMS_RUN_2026-06-14_TP-C4-APPAGG-001.md	8ba0ef0dae81995d69dd87915e46150a31c84ddc9548e174b365df4c3f6bd339	9689
execution/_Coordination/AgentRuns/SOW-STAGE2-EXEC-20260712-01/instances/WORKING-P4-PKG14/children/AUTHOR-B1/members/DEL-14-02/workspace-a/_run_records/WORKING_ITEMS_RUN_2026-06-17_TP-UNITS-BTAIL-RUNAUDITUNITS-001.md	2bd1c65a2d59e165782b9d5472b79403f9d210bc116dbd960487eb14c69fce5c	2625
execution/_Coordination/AgentRuns/SOW-STAGE2-EXEC-20260712-01/instances/WORKING-P4-PKG14/children/AUTHOR-B1/members/DEL-14-02/workspace-a/_run_records/WORKING_ITEMS_RUN_2026-06-18_TP-UNITS-BTAIL-RUNAUDITLINTUNITS-001.md	49f30611a248342b62c5dbd727ccd7ec2d4a71151016958d08a1e0d882e9b667	2173
execution/_Coordination/AgentRuns/SOW-STAGE2-EXEC-20260712-01/instances/WORKING-P4-PKG14/children/AUTHOR-B1/members/DEL-14-02/workspace-a/_run_records/WORKING_ITEMS_RUN_2026-07-12_D41-R5-T2A-PDU003.md	55c9f19e026e909fed1ed02188fb9aafeb250b299f9c22631588c726df7bb234	1937
execution/_Coordination/AgentRuns/SOW-STAGE2-EXEC-20260712-01/instances/WORKING-P4-PKG14/children/AUTHOR-B1/members/DEL-14-02/workspace-a/_run_records/WORKING_ITEMS_RUN_2026-07-12_D41-R5-T2B-PDU033-HOLD.md	2416d9cecb6c1ebdcba0a67eeb366ed66e748051ef408b84e5037c2bf026c1ca	553
execution/_Coordination/AgentRuns/SOW-STAGE2-EXEC-20260712-01/instances/WORKING-P4-PKG14/children/AUTHOR-B1/members/DEL-14-02/workspace-a/_run_records/WORKING_ITEMS_RUN_2026-07-12_D41-R5-T4-PDU012-PDU021-PDU022-PDU040.md	785406df8b4d4c9f4b429c3a3199df1e36ea2f08079a0817c802a8cb3aa90a04	1143
execution/_Coordination/AgentRuns/SOW-STAGE2-EXEC-20260712-01/instances/WORKING-P4-PKG14/children/AUTHOR-B1/members/DEL-14-02/workspace-a/_run_records/WORKING_ITEMS_RUN_2026-07-12_D41-R5-T7-PDU055-CURRENTNESS.md	9c54b08d925fe53053597329bb53f87534878a77a004715682e2bade631f3a93	983
execution/_Coordination/AgentRuns/SOW-STAGE2-EXEC-20260712-01/instances/WORKING-P4-PKG14/children/AUTHOR-B1/members/DEL-14-02/workspace-b/Datasheet.md	15227c01af0ae6c1a561030dcc207a3a375b157a7a1bd3fccf5e3c914ca49357	8575
execution/_Coordination/AgentRuns/SOW-STAGE2-EXEC-20260712-01/instances/WORKING-P4-PKG14/children/AUTHOR-B1/members/DEL-14-02/workspace-b/Dependencies.csv	b30266d95aa573c2172b5342f1db6ad5a58270777e9502b8b7702ec63752c260	16163
execution/_Coordination/AgentRuns/SOW-STAGE2-EXEC-20260712-01/instances/WORKING-P4-PKG14/children/AUTHOR-B1/members/DEL-14-02/workspace-b/Guidance.md	4a5412b4f3c40c97a55693aa0fbdb65b94d56084bbe4d950f675226c2be5b9db	5456
execution/_Coordination/AgentRuns/SOW-STAGE2-EXEC-20260712-01/instances/WORKING-P4-PKG14/children/AUTHOR-B1/members/DEL-14-02/workspace-b/MEMORY.md	a443149d225010599250821db7d6a090ffa2a52c14a397bac6563f486a05ffbf	15013
execution/_Coordination/AgentRuns/SOW-STAGE2-EXEC-20260712-01/instances/WORKING-P4-PKG14/children/AUTHOR-B1/members/DEL-14-02/workspace-b/Procedure.md	c09303c5c3d7d743894eb622aba3cb21eb0ce0eee8d75d8ee4ba802c7d2cfd73	5229
execution/_Coordination/AgentRuns/SOW-STAGE2-EXEC-20260712-01/instances/WORKING-P4-PKG14/children/AUTHOR-B1/members/DEL-14-02/workspace-b/RUN_2026-05-04_IMPLEMENTATION.md	a743903e7f977e4a63822e4ff096f4b9b8b0cb86b91c19784be225200171ec3d	875
execution/_Coordination/AgentRuns/SOW-STAGE2-EXEC-20260712-01/instances/WORKING-P4-PKG14/children/AUTHOR-B1/members/DEL-14-02/workspace-b/Review_Findings.csv	08dd7619787bf7f848ef0d76b718d84eebcb478908dc0fae51c58d3b89ce6130	142
execution/_Coordination/AgentRuns/SOW-STAGE2-EXEC-20260712-01/instances/WORKING-P4-PKG14/children/AUTHOR-B1/members/DEL-14-02/workspace-b/ScopeOfWork.md	61a614d5aa476b4c276416463a7a0008feba4114874fb193d8a395e821f516e3	38127
execution/_Coordination/AgentRuns/SOW-STAGE2-EXEC-20260712-01/instances/WORKING-P4-PKG14/children/AUTHOR-B1/members/DEL-14-02/workspace-b/Specification.md	30276ef18e51463d64447c9b1440fbcdcd5d4beca4c98d19d4c4562d1782a4a0	8873
execution/_Coordination/AgentRuns/SOW-STAGE2-EXEC-20260712-01/instances/WORKING-P4-PKG14/children/AUTHOR-B1/members/DEL-14-02/workspace-b/_CONTEXT.md	7fc80d884877e6ffad0be1c248d38940c1d22eb965870097a3000cc8b7bdcd96	3828
execution/_Coordination/AgentRuns/SOW-STAGE2-EXEC-20260712-01/instances/WORKING-P4-PKG14/children/AUTHOR-B1/members/DEL-14-02/workspace-b/_DEPENDENCIES.md	c860a315a8f8c248153d985f5cb2216797d9b72b19750dbd57417eed549c6a8e	3960
execution/_Coordination/AgentRuns/SOW-STAGE2-EXEC-20260712-01/instances/WORKING-P4-PKG14/children/AUTHOR-B1/members/DEL-14-02/workspace-b/_REFERENCES.md	1cbe28b9a018b6efae5921ca1d5ef1a352b45410f74622aa1804d1dd655bdfef	1956
execution/_Coordination/AgentRuns/SOW-STAGE2-EXEC-20260712-01/instances/WORKING-P4-PKG14/children/AUTHOR-B1/members/DEL-14-02/workspace-b/_REVIEW.md	15c1195ea530a18aeee5b1a1e315f216064ac2b1203035d91239367900538631	4042
execution/_Coordination/AgentRuns/SOW-STAGE2-EXEC-20260712-01/instances/WORKING-P4-PKG14/children/AUTHOR-B1/members/DEL-14-02/workspace-b/_SEMANTIC.md	6a75de14c2d0460368cf2c454a589dc1a2ca9a63b9c98a6c7cdfb2b7775685ce	42143
execution/_Coordination/AgentRuns/SOW-STAGE2-EXEC-20260712-01/instances/WORKING-P4-PKG14/children/AUTHOR-B1/members/DEL-14-02/workspace-b/_SEMANTIC_LENSING.md	a66127ef014f34ebd34acfeb5e00ec8fc2cae9abb6b074ac9d362671d0392c23	18605
execution/_Coordination/AgentRuns/SOW-STAGE2-EXEC-20260712-01/instances/WORKING-P4-PKG14/children/AUTHOR-B1/members/DEL-14-02/workspace-b/_STATUS.md	1057a866d54654cba804adf99a1398f4d4c16b16b404cc38620342d54f3e4d9a	3311
execution/_Coordination/AgentRuns/SOW-STAGE2-EXEC-20260712-01/instances/WORKING-P4-PKG14/children/AUTHOR-B1/members/DEL-14-02/workspace-b/_run_records/TASK_RUN_2026-05-10_2346_dependency-refresh-closeout.md	bd2399e14434a1b3c775dad2dbb46444a0a683c2b7da8c4d21eec33d69caf4f1	4655
execution/_Coordination/AgentRuns/SOW-STAGE2-EXEC-20260712-01/instances/WORKING-P4-PKG14/children/AUTHOR-B1/members/DEL-14-02/workspace-b/_run_records/TASK_RUN_2026-06-04_authority-refresh-0.7-dag006_DEL-14-02.md	69300629a4ab2707e0fc094ecd116b4ab69e26cc1b89d4da65973bb2e50e0ba7	1702
execution/_Coordination/AgentRuns/SOW-STAGE2-EXEC-20260712-01/instances/WORKING-P4-PKG14/children/AUTHOR-B1/members/DEL-14-02/workspace-b/_run_records/TASK_RUN_2026-06-06_DEL-14-02_analysis-run-evidence-hardening.md	6595899a470e5b57ad7b55aba32735ae12d9bd60153d02f9ef72cb1b6f07b19b	4394
execution/_Coordination/AgentRuns/SOW-STAGE2-EXEC-20260712-01/instances/WORKING-P4-PKG14/children/AUTHOR-B1/members/DEL-14-02/workspace-b/_run_records/TASK_RUN_2026-06-07_DEL-14-02_checking-alignment.md	b16fa0b923890d002d6243ac941072e56693075eeab256e7b96d5bc8970e61a1	4283
execution/_Coordination/AgentRuns/SOW-STAGE2-EXEC-20260712-01/instances/WORKING-P4-PKG14/children/AUTHOR-B1/members/DEL-14-02/workspace-b/_run_records/TASK_RUN_2026-06-16_dependency-semantic-refresh_DEL-14-02.md	b8c7ba0bdc2c1ca4da4cb1740ef38daec9cad732306ab313461eddedded5d77e	1928
execution/_Coordination/AgentRuns/SOW-STAGE2-EXEC-20260712-01/instances/WORKING-P4-PKG14/children/AUTHOR-B1/members/DEL-14-02/workspace-b/_run_records/WORKING_ITEMS_RUN_2026-06-11_edited_model_solve_binding.md	028c39bc4815e17e01a3f5347a3185326877978861621a70a808720ae14d9449	2120
execution/_Coordination/AgentRuns/SOW-STAGE2-EXEC-20260712-01/instances/WORKING-P4-PKG14/children/AUTHOR-B1/members/DEL-14-02/workspace-b/_run_records/WORKING_ITEMS_RUN_2026-06-11_persisted_edited_load_solve_regression.md	2d4cdf21fbbfc6681960e1b6caa82f05d97bbc730ea2963544b3cd163455e60d	1829
execution/_Coordination/AgentRuns/SOW-STAGE2-EXEC-20260712-01/instances/WORKING-P4-PKG14/children/AUTHOR-B1/members/DEL-14-02/workspace-b/_run_records/WORKING_ITEMS_RUN_2026-06-14_TP-C4-APPAGG-001.md	8ba0ef0dae81995d69dd87915e46150a31c84ddc9548e174b365df4c3f6bd339	9689
execution/_Coordination/AgentRuns/SOW-STAGE2-EXEC-20260712-01/instances/WORKING-P4-PKG14/children/AUTHOR-B1/members/DEL-14-02/workspace-b/_run_records/WORKING_ITEMS_RUN_2026-06-17_TP-UNITS-BTAIL-RUNAUDITUNITS-001.md	2bd1c65a2d59e165782b9d5472b79403f9d210bc116dbd960487eb14c69fce5c	2625
execution/_Coordination/AgentRuns/SOW-STAGE2-EXEC-20260712-01/instances/WORKING-P4-PKG14/children/AUTHOR-B1/members/DEL-14-02/workspace-b/_run_records/WORKING_ITEMS_RUN_2026-06-18_TP-UNITS-BTAIL-RUNAUDITLINTUNITS-001.md	49f30611a248342b62c5dbd727ccd7ec2d4a71151016958d08a1e0d882e9b667	2173
execution/_Coordination/AgentRuns/SOW-STAGE2-EXEC-20260712-01/instances/WORKING-P4-PKG14/children/AUTHOR-B1/members/DEL-14-02/workspace-b/_run_records/WORKING_ITEMS_RUN_2026-07-12_D41-R5-T2A-PDU003.md	55c9f19e026e909fed1ed02188fb9aafeb250b299f9c22631588c726df7bb234	1937
execution/_Coordination/AgentRuns/SOW-STAGE2-EXEC-20260712-01/instances/WORKING-P4-PKG14/children/AUTHOR-B1/members/DEL-14-02/workspace-b/_run_records/WORKING_ITEMS_RUN_2026-07-12_D41-R5-T2B-PDU033-HOLD.md	2416d9cecb6c1ebdcba0a67eeb366ed66e748051ef408b84e5037c2bf026c1ca	553
execution/_Coordination/AgentRuns/SOW-STAGE2-EXEC-20260712-01/instances/WORKING-P4-PKG14/children/AUTHOR-B1/members/DEL-14-02/workspace-b/_run_records/WORKING_ITEMS_RUN_2026-07-12_D41-R5-T4-PDU012-PDU021-PDU022-PDU040.md	785406df8b4d4c9f4b429c3a3199df1e36ea2f08079a0817c802a8cb3aa90a04	1143
execution/_Coordination/AgentRuns/SOW-STAGE2-EXEC-20260712-01/instances/WORKING-P4-PKG14/children/AUTHOR-B1/members/DEL-14-02/workspace-b/_run_records/WORKING_ITEMS_RUN_2026-07-12_D41-R5-T7-PDU055-CURRENTNESS.md	9c54b08d925fe53053597329bb53f87534878a77a004715682e2bade631f3a93	983
execution/_Coordination/AgentRuns/SOW-STAGE2-EXEC-20260712-01/instances/WORKING-P4-PKG14/children/AUTHOR-B1/members/DEL-14-03/DERIVATIVE_DETERMINISM.tsv	9cfcc50ab7bee63c2733b8f404308bc8bb843c97bc5155bcf6343b5c062ac6d4	626
execution/_Coordination/AgentRuns/SOW-STAGE2-EXEC-20260712-01/instances/WORKING-P4-PKG14/children/AUTHOR-B1/members/DEL-14-03/DETERMINISM.tsv	9e536a3e4d9d5105daee9ee6ee7fc7d53d0ae093bcc931761eca4e1fef0a9e4b	506
execution/_Coordination/AgentRuns/SOW-STAGE2-EXEC-20260712-01/instances/WORKING-P4-PKG14/children/AUTHOR-B1/members/DEL-14-03/FROZEN_ROW.tsv	833e8215ebf312818be2fa39b40748f104064e69002ae31e9f9c5b9ade085e2b	1623
execution/_Coordination/AgentRuns/SOW-STAGE2-EXEC-20260712-01/instances/WORKING-P4-PKG14/children/AUTHOR-B1/members/DEL-14-03/IMMUTABLE_LITERAL_AND_CONTEXT_REVIEW.md	9dd5ff1e8de0c7a2ab877f060cfe148fdd3eb663e4f79ba614bf94602027ddf1	815
execution/_Coordination/AgentRuns/SOW-STAGE2-EXEC-20260712-01/instances/WORKING-P4-PKG14/children/AUTHOR-B1/members/DEL-14-03/MEMBER_SUMMARY.md	ab4962caa693075ac072097cde5d361c39c33451bd3cd4611cd901580a719b80	630
execution/_Coordination/AgentRuns/SOW-STAGE2-EXEC-20260712-01/instances/WORKING-P4-PKG14/children/AUTHOR-B1/members/DEL-14-03/SOURCE_HASHES.tsv	19027feb1ea7eb1c253f7ff898207aa557183a98892c1726a09c842d0fe8f916	1657
execution/_Coordination/AgentRuns/SOW-STAGE2-EXEC-20260712-01/instances/WORKING-P4-PKG14/children/AUTHOR-B1/members/DEL-14-03/ScopeOfWork-a.html	dcdaa9259dbb0bec9d32eded9680cfc3046ba56871405c6fc71bb38942de380c	37975
execution/_Coordination/AgentRuns/SOW-STAGE2-EXEC-20260712-01/instances/WORKING-P4-PKG14/children/AUTHOR-B1/members/DEL-14-03/ScopeOfWork-b.html	dcdaa9259dbb0bec9d32eded9680cfc3046ba56871405c6fc71bb38942de380c	37975
execution/_Coordination/AgentRuns/SOW-STAGE2-EXEC-20260712-01/instances/WORKING-P4-PKG14/children/AUTHOR-B1/members/DEL-14-03/checklist-a.json	3ee7ff913521fc5293c79fa7af2d97590cbf93a9f1fc08c626190c921594e6a7	1873
execution/_Coordination/AgentRuns/SOW-STAGE2-EXEC-20260712-01/instances/WORKING-P4-PKG14/children/AUTHOR-B1/members/DEL-14-03/checklist-a.stderr	e3b0c44298fc1c149afbf4c8996fb92427ae41e4649b934ca495991b7852b855	0
execution/_Coordination/AgentRuns/SOW-STAGE2-EXEC-20260712-01/instances/WORKING-P4-PKG14/children/AUTHOR-B1/members/DEL-14-03/checklist-a.stdout	e3b0c44298fc1c149afbf4c8996fb92427ae41e4649b934ca495991b7852b855	0
execution/_Coordination/AgentRuns/SOW-STAGE2-EXEC-20260712-01/instances/WORKING-P4-PKG14/children/AUTHOR-B1/members/DEL-14-03/checklist-b.json	3ee7ff913521fc5293c79fa7af2d97590cbf93a9f1fc08c626190c921594e6a7	1873
execution/_Coordination/AgentRuns/SOW-STAGE2-EXEC-20260712-01/instances/WORKING-P4-PKG14/children/AUTHOR-B1/members/DEL-14-03/checklist-b.stderr	e3b0c44298fc1c149afbf4c8996fb92427ae41e4649b934ca495991b7852b855	0
execution/_Coordination/AgentRuns/SOW-STAGE2-EXEC-20260712-01/instances/WORKING-P4-PKG14/children/AUTHOR-B1/members/DEL-14-03/checklist-b.stdout	e3b0c44298fc1c149afbf4c8996fb92427ae41e4649b934ca495991b7852b855	0
execution/_Coordination/AgentRuns/SOW-STAGE2-EXEC-20260712-01/instances/WORKING-P4-PKG14/children/AUTHOR-B1/members/DEL-14-03/claim-map-a.csv	793ccc8ce3d8ef3611af7268f2eec496d56aeffe57ae188e37f28c4f7102f6e0	5610
execution/_Coordination/AgentRuns/SOW-STAGE2-EXEC-20260712-01/instances/WORKING-P4-PKG14/children/AUTHOR-B1/members/DEL-14-03/claim-map-a.stderr	e3b0c44298fc1c149afbf4c8996fb92427ae41e4649b934ca495991b7852b855	0
execution/_Coordination/AgentRuns/SOW-STAGE2-EXEC-20260712-01/instances/WORKING-P4-PKG14/children/AUTHOR-B1/members/DEL-14-03/claim-map-a.stdout	2e9e65a24b7c305350ba4babb2474af8fa1c79215ca43a537bf9dfbe2bb34786	207
execution/_Coordination/AgentRuns/SOW-STAGE2-EXEC-20260712-01/instances/WORKING-P4-PKG14/children/AUTHOR-B1/members/DEL-14-03/claim-map-b.csv	793ccc8ce3d8ef3611af7268f2eec496d56aeffe57ae188e37f28c4f7102f6e0	5610
execution/_Coordination/AgentRuns/SOW-STAGE2-EXEC-20260712-01/instances/WORKING-P4-PKG14/children/AUTHOR-B1/members/DEL-14-03/claim-map-b.stderr	e3b0c44298fc1c149afbf4c8996fb92427ae41e4649b934ca495991b7852b855	0
execution/_Coordination/AgentRuns/SOW-STAGE2-EXEC-20260712-01/instances/WORKING-P4-PKG14/children/AUTHOR-B1/members/DEL-14-03/claim-map-b.stdout	624024dad7ecc01f7b18988f430c909cea60a1425fa0402bbe66dccdb68c1180	207
execution/_Coordination/AgentRuns/SOW-STAGE2-EXEC-20260712-01/instances/WORKING-P4-PKG14/children/AUTHOR-B1/members/DEL-14-03/conversion-a.stderr	e3b0c44298fc1c149afbf4c8996fb92427ae41e4649b934ca495991b7852b855	0
execution/_Coordination/AgentRuns/SOW-STAGE2-EXEC-20260712-01/instances/WORKING-P4-PKG14/children/AUTHOR-B1/members/DEL-14-03/conversion-a.stdout	18f5f64dff0c679f3a438a3807935e0c0403e5259610c7ec625dd509cc2e8db8	198
execution/_Coordination/AgentRuns/SOW-STAGE2-EXEC-20260712-01/instances/WORKING-P4-PKG14/children/AUTHOR-B1/members/DEL-14-03/conversion-b.stderr	e3b0c44298fc1c149afbf4c8996fb92427ae41e4649b934ca495991b7852b855	0
execution/_Coordination/AgentRuns/SOW-STAGE2-EXEC-20260712-01/instances/WORKING-P4-PKG14/children/AUTHOR-B1/members/DEL-14-03/conversion-b.stdout	99f7021a3e2992873a328eb14e7e7640d846dfdacbd9df48452d4a7971f13b9a	198
execution/_Coordination/AgentRuns/SOW-STAGE2-EXEC-20260712-01/instances/WORKING-P4-PKG14/children/AUTHOR-B1/members/DEL-14-03/final-a/ScopeOfWork.md	fc9c249c841914c8c8bca7358ec8d90ad69d50877db5f989d3c79bb40d3805fa	29281
execution/_Coordination/AgentRuns/SOW-STAGE2-EXEC-20260712-01/instances/WORKING-P4-PKG14/children/AUTHOR-B1/members/DEL-14-03/final-a/report.json	73d5895771a9bde982a49e72bf091c2e819d77c6517330be0ec9a2ea0a3d53df	11751
execution/_Coordination/AgentRuns/SOW-STAGE2-EXEC-20260712-01/instances/WORKING-P4-PKG14/children/AUTHOR-B1/members/DEL-14-03/final-b/ScopeOfWork.md	fc9c249c841914c8c8bca7358ec8d90ad69d50877db5f989d3c79bb40d3805fa	29281
execution/_Coordination/AgentRuns/SOW-STAGE2-EXEC-20260712-01/instances/WORKING-P4-PKG14/children/AUTHOR-B1/members/DEL-14-03/final-b/report.json	73d5895771a9bde982a49e72bf091c2e819d77c6517330be0ec9a2ea0a3d53df	11751
execution/_Coordination/AgentRuns/SOW-STAGE2-EXEC-20260712-01/instances/WORKING-P4-PKG14/children/AUTHOR-B1/members/DEL-14-03/finalization-a.stderr	e3b0c44298fc1c149afbf4c8996fb92427ae41e4649b934ca495991b7852b855	0
execution/_Coordination/AgentRuns/SOW-STAGE2-EXEC-20260712-01/instances/WORKING-P4-PKG14/children/AUTHOR-B1/members/DEL-14-03/finalization-a.stdout	e94191e7494d6cae1086ac683c9651acb7b30e69168e8314149f44a17584a038	216
execution/_Coordination/AgentRuns/SOW-STAGE2-EXEC-20260712-01/instances/WORKING-P4-PKG14/children/AUTHOR-B1/members/DEL-14-03/finalization-b.stderr	e3b0c44298fc1c149afbf4c8996fb92427ae41e4649b934ca495991b7852b855	0
execution/_Coordination/AgentRuns/SOW-STAGE2-EXEC-20260712-01/instances/WORKING-P4-PKG14/children/AUTHOR-B1/members/DEL-14-03/finalization-b.stdout	969559737c93929c016739daa57a348f99fc41d8a9e3dc0f7916b8c93468c4ca	216
execution/_Coordination/AgentRuns/SOW-STAGE2-EXEC-20260712-01/instances/WORKING-P4-PKG14/children/AUTHOR-B1/members/DEL-14-03/mutated-production/ScopeOfWork.md	c3fda17f8c8778ec32f7de3e3a040b6aee0733c9e327ca1c6578863946b74273	29300
execution/_Coordination/AgentRuns/SOW-STAGE2-EXEC-20260712-01/instances/WORKING-P4-PKG14/children/AUTHOR-B1/members/DEL-14-03/negative-ambiguous-checklist.exit	4355a46b19d348dc2f57c046f8ef63d4538ebb936000f3c9ee954a27460dd865	2
execution/_Coordination/AgentRuns/SOW-STAGE2-EXEC-20260712-01/instances/WORKING-P4-PKG14/children/AUTHOR-B1/members/DEL-14-03/negative-ambiguous-checklist.stderr	b37a0cca9858c0352661b65d064e00020bbe562dbdaab6454812cd6c24f7dd2c	167
execution/_Coordination/AgentRuns/SOW-STAGE2-EXEC-20260712-01/instances/WORKING-P4-PKG14/children/AUTHOR-B1/members/DEL-14-03/negative-ambiguous-checklist.stdout	e3b0c44298fc1c149afbf4c8996fb92427ae41e4649b934ca495991b7852b855	0
execution/_Coordination/AgentRuns/SOW-STAGE2-EXEC-20260712-01/instances/WORKING-P4-PKG14/children/AUTHOR-B1/members/DEL-14-03/negative-evidence-render.exit	4355a46b19d348dc2f57c046f8ef63d4538ebb936000f3c9ee954a27460dd865	2
execution/_Coordination/AgentRuns/SOW-STAGE2-EXEC-20260712-01/instances/WORKING-P4-PKG14/children/AUTHOR-B1/members/DEL-14-03/negative-evidence-render.stderr	cb0da27c60dce6b4cbcfd06282c5b6f1266cc686411a099c3c2ce0fa13f2bc8d	129
execution/_Coordination/AgentRuns/SOW-STAGE2-EXEC-20260712-01/instances/WORKING-P4-PKG14/children/AUTHOR-B1/members/DEL-14-03/negative-evidence-render.stdout	e3b0c44298fc1c149afbf4c8996fb92427ae41e4649b934ca495991b7852b855	0
execution/_Coordination/AgentRuns/SOW-STAGE2-EXEC-20260712-01/instances/WORKING-P4-PKG14/children/AUTHOR-B1/members/DEL-14-03/negative-mutated-map.exit	4355a46b19d348dc2f57c046f8ef63d4538ebb936000f3c9ee954a27460dd865	2
execution/_Coordination/AgentRuns/SOW-STAGE2-EXEC-20260712-01/instances/WORKING-P4-PKG14/children/AUTHOR-B1/members/DEL-14-03/negative-mutated-map.stderr	508e4cba64abbcf0b6795d7878007071f478f6346c8328a87ab00f3b4203657f	97
execution/_Coordination/AgentRuns/SOW-STAGE2-EXEC-20260712-01/instances/WORKING-P4-PKG14/children/AUTHOR-B1/members/DEL-14-03/negative-mutated-map.stdout	e3b0c44298fc1c149afbf4c8996fb92427ae41e4649b934ca495991b7852b855	0
execution/_Coordination/AgentRuns/SOW-STAGE2-EXEC-20260712-01/instances/WORKING-P4-PKG14/children/AUTHOR-B1/members/DEL-14-03/negative-mutated-parity.exit	4355a46b19d348dc2f57c046f8ef63d4538ebb936000f3c9ee954a27460dd865	2
execution/_Coordination/AgentRuns/SOW-STAGE2-EXEC-20260712-01/instances/WORKING-P4-PKG14/children/AUTHOR-B1/members/DEL-14-03/negative-mutated-parity.json	54445ff1091472ff54f4bfae5dc61e6aba8959802034d76ec61c51e1facc8f08	7505
execution/_Coordination/AgentRuns/SOW-STAGE2-EXEC-20260712-01/instances/WORKING-P4-PKG14/children/AUTHOR-B1/members/DEL-14-03/negative-mutated-parity.stderr	e3b0c44298fc1c149afbf4c8996fb92427ae41e4649b934ca495991b7852b855	0
execution/_Coordination/AgentRuns/SOW-STAGE2-EXEC-20260712-01/instances/WORKING-P4-PKG14/children/AUTHOR-B1/members/DEL-14-03/negative-mutated-parity.stdout	601754ac7128294b14999646374ea02fe334b091a907bbd45e1d5eb767d3d0b3	15
execution/_Coordination/AgentRuns/SOW-STAGE2-EXEC-20260712-01/instances/WORKING-P4-PKG14/children/AUTHOR-B1/members/DEL-14-03/negative-partial/Datasheet.md	c8b3a66e91465023bb161b417dfadda888f573b34d4b54a88b5a85dbbc3e372b	6105
execution/_Coordination/AgentRuns/SOW-STAGE2-EXEC-20260712-01/instances/WORKING-P4-PKG14/children/AUTHOR-B1/members/DEL-14-03/negative-partial/_STATUS.md	51ec834dc258367ae74f5ab91e3a694ebf29a3ec1b7d33427843c542d9a4d546	2730
execution/_Coordination/AgentRuns/SOW-STAGE2-EXEC-20260712-01/instances/WORKING-P4-PKG14/children/AUTHOR-B1/members/DEL-14-03/negative-partial-validation.exit	4355a46b19d348dc2f57c046f8ef63d4538ebb936000f3c9ee954a27460dd865	2
execution/_Coordination/AgentRuns/SOW-STAGE2-EXEC-20260712-01/instances/WORKING-P4-PKG14/children/AUTHOR-B1/members/DEL-14-03/negative-partial-validation.stderr	e3b0c44298fc1c149afbf4c8996fb92427ae41e4649b934ca495991b7852b855	0
execution/_Coordination/AgentRuns/SOW-STAGE2-EXEC-20260712-01/instances/WORKING-P4-PKG14/children/AUTHOR-B1/members/DEL-14-03/negative-partial-validation.stdout	4c57f817efbabc91b8b658fc58a04264ac5b1be4c3d957c372f0372797b435e5	387
execution/_Coordination/AgentRuns/SOW-STAGE2-EXEC-20260712-01/instances/WORKING-P4-PKG14/children/AUTHOR-B1/members/DEL-14-03/negative-unauthorized-checklist.exit	4355a46b19d348dc2f57c046f8ef63d4538ebb936000f3c9ee954a27460dd865	2
execution/_Coordination/AgentRuns/SOW-STAGE2-EXEC-20260712-01/instances/WORKING-P4-PKG14/children/AUTHOR-B1/members/DEL-14-03/negative-unauthorized-checklist.stderr	72fbdb46d4b55ceeac9cb009dbd09cf92cf5cd08ccb47758238c60f426fecfc6	249
execution/_Coordination/AgentRuns/SOW-STAGE2-EXEC-20260712-01/instances/WORKING-P4-PKG14/children/AUTHOR-B1/members/DEL-14-03/negative-unauthorized-checklist.stdout	e3b0c44298fc1c149afbf4c8996fb92427ae41e4649b934ca495991b7852b855	0
execution/_Coordination/AgentRuns/SOW-STAGE2-EXEC-20260712-01/instances/WORKING-P4-PKG14/children/AUTHOR-B1/members/DEL-14-03/negative-unauthorized-dual.exit	4355a46b19d348dc2f57c046f8ef63d4538ebb936000f3c9ee954a27460dd865	2
execution/_Coordination/AgentRuns/SOW-STAGE2-EXEC-20260712-01/instances/WORKING-P4-PKG14/children/AUTHOR-B1/members/DEL-14-03/negative-unauthorized-dual.stderr	e3b0c44298fc1c149afbf4c8996fb92427ae41e4649b934ca495991b7852b855	0
execution/_Coordination/AgentRuns/SOW-STAGE2-EXEC-20260712-01/instances/WORKING-P4-PKG14/children/AUTHOR-B1/members/DEL-14-03/negative-unauthorized-dual.stdout	ac91d9fbeac5c2810699403de4034a5ca2adec65417dc2aac05adff252cc9c4e	485
execution/_Coordination/AgentRuns/SOW-STAGE2-EXEC-20260712-01/instances/WORKING-P4-PKG14/children/AUTHOR-B1/members/DEL-14-03/parity-a.json	53765bfcebebf66cf1cb06dadfadab8f87a08481bd3856cf5688cd6320d77ee2	7343
execution/_Coordination/AgentRuns/SOW-STAGE2-EXEC-20260712-01/instances/WORKING-P4-PKG14/children/AUTHOR-B1/members/DEL-14-03/parity-a.md	7eace3039bbe8113be3076e5bcf5ee2054e55ebd0d4168f90c3c56841cafee44	291
execution/_Coordination/AgentRuns/SOW-STAGE2-EXEC-20260712-01/instances/WORKING-P4-PKG14/children/AUTHOR-B1/members/DEL-14-03/parity-a.stderr	e3b0c44298fc1c149afbf4c8996fb92427ae41e4649b934ca495991b7852b855	0
execution/_Coordination/AgentRuns/SOW-STAGE2-EXEC-20260712-01/instances/WORKING-P4-PKG14/children/AUTHOR-B1/members/DEL-14-03/parity-a.stdout	4a4299068846ecfff196e008a62f88cc7486cde2da8634d1995b985767b704ee	15
execution/_Coordination/AgentRuns/SOW-STAGE2-EXEC-20260712-01/instances/WORKING-P4-PKG14/children/AUTHOR-B1/members/DEL-14-03/parity-b.json	53765bfcebebf66cf1cb06dadfadab8f87a08481bd3856cf5688cd6320d77ee2	7343
execution/_Coordination/AgentRuns/SOW-STAGE2-EXEC-20260712-01/instances/WORKING-P4-PKG14/children/AUTHOR-B1/members/DEL-14-03/parity-b.md	7eace3039bbe8113be3076e5bcf5ee2054e55ebd0d4168f90c3c56841cafee44	291
execution/_Coordination/AgentRuns/SOW-STAGE2-EXEC-20260712-01/instances/WORKING-P4-PKG14/children/AUTHOR-B1/members/DEL-14-03/parity-b.stderr	e3b0c44298fc1c149afbf4c8996fb92427ae41e4649b934ca495991b7852b855	0
execution/_Coordination/AgentRuns/SOW-STAGE2-EXEC-20260712-01/instances/WORKING-P4-PKG14/children/AUTHOR-B1/members/DEL-14-03/parity-b.stdout	4a4299068846ecfff196e008a62f88cc7486cde2da8634d1995b985767b704ee	15
execution/_Coordination/AgentRuns/SOW-STAGE2-EXEC-20260712-01/instances/WORKING-P4-PKG14/children/AUTHOR-B1/members/DEL-14-03/render-a.stderr	e3b0c44298fc1c149afbf4c8996fb92427ae41e4649b934ca495991b7852b855	0
execution/_Coordination/AgentRuns/SOW-STAGE2-EXEC-20260712-01/instances/WORKING-P4-PKG14/children/AUTHOR-B1/members/DEL-14-03/render-a.stdout	e3b0c44298fc1c149afbf4c8996fb92427ae41e4649b934ca495991b7852b855	0
execution/_Coordination/AgentRuns/SOW-STAGE2-EXEC-20260712-01/instances/WORKING-P4-PKG14/children/AUTHOR-B1/members/DEL-14-03/render-b.stderr	e3b0c44298fc1c149afbf4c8996fb92427ae41e4649b934ca495991b7852b855	0
execution/_Coordination/AgentRuns/SOW-STAGE2-EXEC-20260712-01/instances/WORKING-P4-PKG14/children/AUTHOR-B1/members/DEL-14-03/render-b.stdout	e3b0c44298fc1c149afbf4c8996fb92427ae41e4649b934ca495991b7852b855	0
execution/_Coordination/AgentRuns/SOW-STAGE2-EXEC-20260712-01/instances/WORKING-P4-PKG14/children/AUTHOR-B1/members/DEL-14-03/simulation/apply/Dependencies.csv	8dab2eda51830d469f588b54a1e66890fbdc63ce1c8c2785139d43325c5a3aa9	17008
execution/_Coordination/AgentRuns/SOW-STAGE2-EXEC-20260712-01/instances/WORKING-P4-PKG14/children/AUTHOR-B1/members/DEL-14-03/simulation/apply/MEMORY.md	20203656fc3f8e6d7e891fedb15d3977813a67155a9f9d388e7b38b1f2b1ba46	6793
execution/_Coordination/AgentRuns/SOW-STAGE2-EXEC-20260712-01/instances/WORKING-P4-PKG14/children/AUTHOR-B1/members/DEL-14-03/simulation/apply/RUN_2026-05-05_IMPLEMENTATION.md	1fd61d10292f9dd3926b63adf2c1442ae26a8ba69fcccfaf0352398eb4091adc	1099
execution/_Coordination/AgentRuns/SOW-STAGE2-EXEC-20260712-01/instances/WORKING-P4-PKG14/children/AUTHOR-B1/members/DEL-14-03/simulation/apply/Review_Findings.csv	68df1b570e80bffa8f49e943900a163c0fdaaa5851e0112b93a66ddcb6a3e072	1530
execution/_Coordination/AgentRuns/SOW-STAGE2-EXEC-20260712-01/instances/WORKING-P4-PKG14/children/AUTHOR-B1/members/DEL-14-03/simulation/apply/ScopeOfWork.md	fc9c249c841914c8c8bca7358ec8d90ad69d50877db5f989d3c79bb40d3805fa	29281
execution/_Coordination/AgentRuns/SOW-STAGE2-EXEC-20260712-01/instances/WORKING-P4-PKG14/children/AUTHOR-B1/members/DEL-14-03/simulation/apply/_CONTEXT.md	e2641156089f5585f9c168113323eb89a5ce00c4b7af951c042d6c299a11162b	3974
execution/_Coordination/AgentRuns/SOW-STAGE2-EXEC-20260712-01/instances/WORKING-P4-PKG14/children/AUTHOR-B1/members/DEL-14-03/simulation/apply/_DEPENDENCIES.md	120e9ade8af714ec8afab052c7d2c328282db8f5ef307636e2d2370a116f2011	4048
execution/_Coordination/AgentRuns/SOW-STAGE2-EXEC-20260712-01/instances/WORKING-P4-PKG14/children/AUTHOR-B1/members/DEL-14-03/simulation/apply/_REFERENCES.md	42af1f74166e8d487a511235c1571cf5c0c63bc85b54d2f67e62c1f84ce33bbb	1974
execution/_Coordination/AgentRuns/SOW-STAGE2-EXEC-20260712-01/instances/WORKING-P4-PKG14/children/AUTHOR-B1/members/DEL-14-03/simulation/apply/_REVIEW.md	5832b1a74a843196fe5efad96ff9e87b4b8c069a6da82c4080df1874d9faa864	9128
execution/_Coordination/AgentRuns/SOW-STAGE2-EXEC-20260712-01/instances/WORKING-P4-PKG14/children/AUTHOR-B1/members/DEL-14-03/simulation/apply/_SEMANTIC.md	133d9672685303f458885df04a3fd03ec59dd92ed83556ee3cdc4225a4accb05	34134
execution/_Coordination/AgentRuns/SOW-STAGE2-EXEC-20260712-01/instances/WORKING-P4-PKG14/children/AUTHOR-B1/members/DEL-14-03/simulation/apply/_SEMANTIC_LENSING.md	62e6a69b16eaa50e61c2a5f5ce0c19cafe901db4c3e14cc27e1f5c50d319eb2a	18908
execution/_Coordination/AgentRuns/SOW-STAGE2-EXEC-20260712-01/instances/WORKING-P4-PKG14/children/AUTHOR-B1/members/DEL-14-03/simulation/apply/_STATUS.md	51ec834dc258367ae74f5ab91e3a694ebf29a3ec1b7d33427843c542d9a4d546	2730
execution/_Coordination/AgentRuns/SOW-STAGE2-EXEC-20260712-01/instances/WORKING-P4-PKG14/children/AUTHOR-B1/members/DEL-14-03/simulation/apply/_run_records/TASK_RUN_2026-05-10_2348_dependency-extract-refresh.md	50621d3fe6350251816ce2107ef74c484edecfaab3c8e48c5ad03310aadd9c2a	3660
execution/_Coordination/AgentRuns/SOW-STAGE2-EXEC-20260712-01/instances/WORKING-P4-PKG14/children/AUTHOR-B1/members/DEL-14-03/simulation/apply/_run_records/TASK_RUN_2026-06-04_authority-refresh-0.7-dag006_DEL-14-03.md	793e4546ec262f6ca4ae51780bf55371b20542bf0235f11d37bddb2381fa1d3c	1748
execution/_Coordination/AgentRuns/SOW-STAGE2-EXEC-20260712-01/instances/WORKING-P4-PKG14/children/AUTHOR-B1/members/DEL-14-03/simulation/apply/_run_records/TASK_RUN_2026-06-07_DEL-14-03_model-state-comparison-evidence-hardening.md	2b3b10b3e1f49433414cd95f531711415c61418715954dbd13c42a936d311370	4186
execution/_Coordination/AgentRuns/SOW-STAGE2-EXEC-20260712-01/instances/WORKING-P4-PKG14/children/AUTHOR-B1/members/DEL-14-03/simulation/apply/_run_records/TASK_RUN_2026-06-16_dependency-semantic-refresh_DEL-14-03.md	8adf7d8851bea6f56194f348df4a2c1878e14463ab5ca9abdbf74b782eae43d2	1964
execution/_Coordination/AgentRuns/SOW-STAGE2-EXEC-20260712-01/instances/WORKING-P4-PKG14/children/AUTHOR-B1/members/DEL-14-03/simulation/apply/_run_records/WORKING_ITEMS_RUN_2026-07-12_D41-R5-T2B-PDU032.md	eb2946e783a3bdb0231e4b1755ab8a0cfac02d0d4398af16792f95639a7f67a3	513
execution/_Coordination/AgentRuns/SOW-STAGE2-EXEC-20260712-01/instances/WORKING-P4-PKG14/children/AUTHOR-B1/members/DEL-14-03/simulation/apply/_run_records/WORKING_ITEMS_RUN_2026-07-12_D41-R5-T7-PDU055-CURRENTNESS.md	639740f9fed1d2f6d5e143b78a8f3d010f4f4b9ae4e2c60abd965bd31b7cb671	983
execution/_Coordination/AgentRuns/SOW-STAGE2-EXEC-20260712-01/instances/WORKING-P4-PKG14/children/AUTHOR-B1/members/DEL-14-03/simulation/rollback/Datasheet.md	c8b3a66e91465023bb161b417dfadda888f573b34d4b54a88b5a85dbbc3e372b	6105
execution/_Coordination/AgentRuns/SOW-STAGE2-EXEC-20260712-01/instances/WORKING-P4-PKG14/children/AUTHOR-B1/members/DEL-14-03/simulation/rollback/Dependencies.csv	8dab2eda51830d469f588b54a1e66890fbdc63ce1c8c2785139d43325c5a3aa9	17008
execution/_Coordination/AgentRuns/SOW-STAGE2-EXEC-20260712-01/instances/WORKING-P4-PKG14/children/AUTHOR-B1/members/DEL-14-03/simulation/rollback/Guidance.md	2414e7aab207799e00e69d91b15465bc10803d87cd54eba55b721a46b2b97abc	6423
execution/_Coordination/AgentRuns/SOW-STAGE2-EXEC-20260712-01/instances/WORKING-P4-PKG14/children/AUTHOR-B1/members/DEL-14-03/simulation/rollback/MEMORY.md	20203656fc3f8e6d7e891fedb15d3977813a67155a9f9d388e7b38b1f2b1ba46	6793
execution/_Coordination/AgentRuns/SOW-STAGE2-EXEC-20260712-01/instances/WORKING-P4-PKG14/children/AUTHOR-B1/members/DEL-14-03/simulation/rollback/Procedure.md	cd57a9d22cbd14a2a64c44bcdb60a6f03a33a06721092f913d89aa7ed7f6e02e	5367
execution/_Coordination/AgentRuns/SOW-STAGE2-EXEC-20260712-01/instances/WORKING-P4-PKG14/children/AUTHOR-B1/members/DEL-14-03/simulation/rollback/RUN_2026-05-05_IMPLEMENTATION.md	1fd61d10292f9dd3926b63adf2c1442ae26a8ba69fcccfaf0352398eb4091adc	1099
execution/_Coordination/AgentRuns/SOW-STAGE2-EXEC-20260712-01/instances/WORKING-P4-PKG14/children/AUTHOR-B1/members/DEL-14-03/simulation/rollback/Review_Findings.csv	68df1b570e80bffa8f49e943900a163c0fdaaa5851e0112b93a66ddcb6a3e072	1530
execution/_Coordination/AgentRuns/SOW-STAGE2-EXEC-20260712-01/instances/WORKING-P4-PKG14/children/AUTHOR-B1/members/DEL-14-03/simulation/rollback/Specification.md	a5e199383e55f69dfbfcd800f9ba26ca0e1be488441ae24fb2b255beb40b2a23	7463
execution/_Coordination/AgentRuns/SOW-STAGE2-EXEC-20260712-01/instances/WORKING-P4-PKG14/children/AUTHOR-B1/members/DEL-14-03/simulation/rollback/_CONTEXT.md	e2641156089f5585f9c168113323eb89a5ce00c4b7af951c042d6c299a11162b	3974
execution/_Coordination/AgentRuns/SOW-STAGE2-EXEC-20260712-01/instances/WORKING-P4-PKG14/children/AUTHOR-B1/members/DEL-14-03/simulation/rollback/_DEPENDENCIES.md	120e9ade8af714ec8afab052c7d2c328282db8f5ef307636e2d2370a116f2011	4048
execution/_Coordination/AgentRuns/SOW-STAGE2-EXEC-20260712-01/instances/WORKING-P4-PKG14/children/AUTHOR-B1/members/DEL-14-03/simulation/rollback/_REFERENCES.md	42af1f74166e8d487a511235c1571cf5c0c63bc85b54d2f67e62c1f84ce33bbb	1974
execution/_Coordination/AgentRuns/SOW-STAGE2-EXEC-20260712-01/instances/WORKING-P4-PKG14/children/AUTHOR-B1/members/DEL-14-03/simulation/rollback/_REVIEW.md	5832b1a74a843196fe5efad96ff9e87b4b8c069a6da82c4080df1874d9faa864	9128
execution/_Coordination/AgentRuns/SOW-STAGE2-EXEC-20260712-01/instances/WORKING-P4-PKG14/children/AUTHOR-B1/members/DEL-14-03/simulation/rollback/_SEMANTIC.md	133d9672685303f458885df04a3fd03ec59dd92ed83556ee3cdc4225a4accb05	34134
execution/_Coordination/AgentRuns/SOW-STAGE2-EXEC-20260712-01/instances/WORKING-P4-PKG14/children/AUTHOR-B1/members/DEL-14-03/simulation/rollback/_SEMANTIC_LENSING.md	62e6a69b16eaa50e61c2a5f5ce0c19cafe901db4c3e14cc27e1f5c50d319eb2a	18908
execution/_Coordination/AgentRuns/SOW-STAGE2-EXEC-20260712-01/instances/WORKING-P4-PKG14/children/AUTHOR-B1/members/DEL-14-03/simulation/rollback/_STATUS.md	51ec834dc258367ae74f5ab91e3a694ebf29a3ec1b7d33427843c542d9a4d546	2730
execution/_Coordination/AgentRuns/SOW-STAGE2-EXEC-20260712-01/instances/WORKING-P4-PKG14/children/AUTHOR-B1/members/DEL-14-03/simulation/rollback/_run_records/TASK_RUN_2026-05-10_2348_dependency-extract-refresh.md	50621d3fe6350251816ce2107ef74c484edecfaab3c8e48c5ad03310aadd9c2a	3660
execution/_Coordination/AgentRuns/SOW-STAGE2-EXEC-20260712-01/instances/WORKING-P4-PKG14/children/AUTHOR-B1/members/DEL-14-03/simulation/rollback/_run_records/TASK_RUN_2026-06-04_authority-refresh-0.7-dag006_DEL-14-03.md	793e4546ec262f6ca4ae51780bf55371b20542bf0235f11d37bddb2381fa1d3c	1748
execution/_Coordination/AgentRuns/SOW-STAGE2-EXEC-20260712-01/instances/WORKING-P4-PKG14/children/AUTHOR-B1/members/DEL-14-03/simulation/rollback/_run_records/TASK_RUN_2026-06-07_DEL-14-03_model-state-comparison-evidence-hardening.md	2b3b10b3e1f49433414cd95f531711415c61418715954dbd13c42a936d311370	4186
execution/_Coordination/AgentRuns/SOW-STAGE2-EXEC-20260712-01/instances/WORKING-P4-PKG14/children/AUTHOR-B1/members/DEL-14-03/simulation/rollback/_run_records/TASK_RUN_2026-06-16_dependency-semantic-refresh_DEL-14-03.md	8adf7d8851bea6f56194f348df4a2c1878e14463ab5ca9abdbf74b782eae43d2	1964
execution/_Coordination/AgentRuns/SOW-STAGE2-EXEC-20260712-01/instances/WORKING-P4-PKG14/children/AUTHOR-B1/members/DEL-14-03/simulation/rollback/_run_records/WORKING_ITEMS_RUN_2026-07-12_D41-R5-T2B-PDU032.md	eb2946e783a3bdb0231e4b1755ab8a0cfac02d0d4398af16792f95639a7f67a3	513
execution/_Coordination/AgentRuns/SOW-STAGE2-EXEC-20260712-01/instances/WORKING-P4-PKG14/children/AUTHOR-B1/members/DEL-14-03/simulation/rollback/_run_records/WORKING_ITEMS_RUN_2026-07-12_D41-R5-T7-PDU055-CURRENTNESS.md	639740f9fed1d2f6d5e143b78a8f3d010f4f4b9ae4e2c60abd965bd31b7cb671	983
execution/_Coordination/AgentRuns/SOW-STAGE2-EXEC-20260712-01/instances/WORKING-P4-PKG14/children/AUTHOR-B1/members/DEL-14-03/simulation-apply-validation.json	56340cac8593daccce640d526436e45d6294c233fe32c28d6a638af9516c0368	276
execution/_Coordination/AgentRuns/SOW-STAGE2-EXEC-20260712-01/instances/WORKING-P4-PKG14/children/AUTHOR-B1/members/DEL-14-03/simulation-apply-validation.stderr	e3b0c44298fc1c149afbf4c8996fb92427ae41e4649b934ca495991b7852b855	0
execution/_Coordination/AgentRuns/SOW-STAGE2-EXEC-20260712-01/instances/WORKING-P4-PKG14/children/AUTHOR-B1/members/DEL-14-03/validation-dual-a.json	b8fab71d2b66cbf36f0199138bc0525fa0459b47b7cc68cde108e82e8deeaa27	264
execution/_Coordination/AgentRuns/SOW-STAGE2-EXEC-20260712-01/instances/WORKING-P4-PKG14/children/AUTHOR-B1/members/DEL-14-03/validation-dual-a.stderr	e3b0c44298fc1c149afbf4c8996fb92427ae41e4649b934ca495991b7852b855	0
execution/_Coordination/AgentRuns/SOW-STAGE2-EXEC-20260712-01/instances/WORKING-P4-PKG14/children/AUTHOR-B1/members/DEL-14-03/validation-dual-b.json	6acdffd535e2251a3af96974ec1e264fdf1e7cf99f2968264df86b72ad7c7215	264
execution/_Coordination/AgentRuns/SOW-STAGE2-EXEC-20260712-01/instances/WORKING-P4-PKG14/children/AUTHOR-B1/members/DEL-14-03/validation-dual-b.stderr	e3b0c44298fc1c149afbf4c8996fb92427ae41e4649b934ca495991b7852b855	0
execution/_Coordination/AgentRuns/SOW-STAGE2-EXEC-20260712-01/instances/WORKING-P4-PKG14/children/AUTHOR-B1/members/DEL-14-03/validation-sow-v1.json	06ab5c767d485b14787c4db6ec90db9b26819da36c5170f8f65c71a2ba0cda4d	242
execution/_Coordination/AgentRuns/SOW-STAGE2-EXEC-20260712-01/instances/WORKING-P4-PKG14/children/AUTHOR-B1/members/DEL-14-03/validation-sow-v1.stderr	e3b0c44298fc1c149afbf4c8996fb92427ae41e4649b934ca495991b7852b855	0
execution/_Coordination/AgentRuns/SOW-STAGE2-EXEC-20260712-01/instances/WORKING-P4-PKG14/children/AUTHOR-B1/members/DEL-14-03/workspace-a/Datasheet.md	c8b3a66e91465023bb161b417dfadda888f573b34d4b54a88b5a85dbbc3e372b	6105
execution/_Coordination/AgentRuns/SOW-STAGE2-EXEC-20260712-01/instances/WORKING-P4-PKG14/children/AUTHOR-B1/members/DEL-14-03/workspace-a/Dependencies.csv	8dab2eda51830d469f588b54a1e66890fbdc63ce1c8c2785139d43325c5a3aa9	17008
execution/_Coordination/AgentRuns/SOW-STAGE2-EXEC-20260712-01/instances/WORKING-P4-PKG14/children/AUTHOR-B1/members/DEL-14-03/workspace-a/Guidance.md	2414e7aab207799e00e69d91b15465bc10803d87cd54eba55b721a46b2b97abc	6423
execution/_Coordination/AgentRuns/SOW-STAGE2-EXEC-20260712-01/instances/WORKING-P4-PKG14/children/AUTHOR-B1/members/DEL-14-03/workspace-a/MEMORY.md	20203656fc3f8e6d7e891fedb15d3977813a67155a9f9d388e7b38b1f2b1ba46	6793
execution/_Coordination/AgentRuns/SOW-STAGE2-EXEC-20260712-01/instances/WORKING-P4-PKG14/children/AUTHOR-B1/members/DEL-14-03/workspace-a/Procedure.md	cd57a9d22cbd14a2a64c44bcdb60a6f03a33a06721092f913d89aa7ed7f6e02e	5367
execution/_Coordination/AgentRuns/SOW-STAGE2-EXEC-20260712-01/instances/WORKING-P4-PKG14/children/AUTHOR-B1/members/DEL-14-03/workspace-a/RUN_2026-05-05_IMPLEMENTATION.md	1fd61d10292f9dd3926b63adf2c1442ae26a8ba69fcccfaf0352398eb4091adc	1099
execution/_Coordination/AgentRuns/SOW-STAGE2-EXEC-20260712-01/instances/WORKING-P4-PKG14/children/AUTHOR-B1/members/DEL-14-03/workspace-a/Review_Findings.csv	68df1b570e80bffa8f49e943900a163c0fdaaa5851e0112b93a66ddcb6a3e072	1530
execution/_Coordination/AgentRuns/SOW-STAGE2-EXEC-20260712-01/instances/WORKING-P4-PKG14/children/AUTHOR-B1/members/DEL-14-03/workspace-a/ScopeOfWork.md	fb47b1182e78fed345a17870cc473a27ec851abcebab599455df5b4d29d290f1	36648
execution/_Coordination/AgentRuns/SOW-STAGE2-EXEC-20260712-01/instances/WORKING-P4-PKG14/children/AUTHOR-B1/members/DEL-14-03/workspace-a/Specification.md	a5e199383e55f69dfbfcd800f9ba26ca0e1be488441ae24fb2b255beb40b2a23	7463
execution/_Coordination/AgentRuns/SOW-STAGE2-EXEC-20260712-01/instances/WORKING-P4-PKG14/children/AUTHOR-B1/members/DEL-14-03/workspace-a/_CONTEXT.md	e2641156089f5585f9c168113323eb89a5ce00c4b7af951c042d6c299a11162b	3974
execution/_Coordination/AgentRuns/SOW-STAGE2-EXEC-20260712-01/instances/WORKING-P4-PKG14/children/AUTHOR-B1/members/DEL-14-03/workspace-a/_DEPENDENCIES.md	120e9ade8af714ec8afab052c7d2c328282db8f5ef307636e2d2370a116f2011	4048
execution/_Coordination/AgentRuns/SOW-STAGE2-EXEC-20260712-01/instances/WORKING-P4-PKG14/children/AUTHOR-B1/members/DEL-14-03/workspace-a/_REFERENCES.md	42af1f74166e8d487a511235c1571cf5c0c63bc85b54d2f67e62c1f84ce33bbb	1974
execution/_Coordination/AgentRuns/SOW-STAGE2-EXEC-20260712-01/instances/WORKING-P4-PKG14/children/AUTHOR-B1/members/DEL-14-03/workspace-a/_REVIEW.md	5832b1a74a843196fe5efad96ff9e87b4b8c069a6da82c4080df1874d9faa864	9128
execution/_Coordination/AgentRuns/SOW-STAGE2-EXEC-20260712-01/instances/WORKING-P4-PKG14/children/AUTHOR-B1/members/DEL-14-03/workspace-a/_SEMANTIC.md	133d9672685303f458885df04a3fd03ec59dd92ed83556ee3cdc4225a4accb05	34134
execution/_Coordination/AgentRuns/SOW-STAGE2-EXEC-20260712-01/instances/WORKING-P4-PKG14/children/AUTHOR-B1/members/DEL-14-03/workspace-a/_SEMANTIC_LENSING.md	62e6a69b16eaa50e61c2a5f5ce0c19cafe901db4c3e14cc27e1f5c50d319eb2a	18908
execution/_Coordination/AgentRuns/SOW-STAGE2-EXEC-20260712-01/instances/WORKING-P4-PKG14/children/AUTHOR-B1/members/DEL-14-03/workspace-a/_STATUS.md	51ec834dc258367ae74f5ab91e3a694ebf29a3ec1b7d33427843c542d9a4d546	2730
execution/_Coordination/AgentRuns/SOW-STAGE2-EXEC-20260712-01/instances/WORKING-P4-PKG14/children/AUTHOR-B1/members/DEL-14-03/workspace-a/_run_records/TASK_RUN_2026-05-10_2348_dependency-extract-refresh.md	50621d3fe6350251816ce2107ef74c484edecfaab3c8e48c5ad03310aadd9c2a	3660
execution/_Coordination/AgentRuns/SOW-STAGE2-EXEC-20260712-01/instances/WORKING-P4-PKG14/children/AUTHOR-B1/members/DEL-14-03/workspace-a/_run_records/TASK_RUN_2026-06-04_authority-refresh-0.7-dag006_DEL-14-03.md	793e4546ec262f6ca4ae51780bf55371b20542bf0235f11d37bddb2381fa1d3c	1748
execution/_Coordination/AgentRuns/SOW-STAGE2-EXEC-20260712-01/instances/WORKING-P4-PKG14/children/AUTHOR-B1/members/DEL-14-03/workspace-a/_run_records/TASK_RUN_2026-06-07_DEL-14-03_model-state-comparison-evidence-hardening.md	2b3b10b3e1f49433414cd95f531711415c61418715954dbd13c42a936d311370	4186
execution/_Coordination/AgentRuns/SOW-STAGE2-EXEC-20260712-01/instances/WORKING-P4-PKG14/children/AUTHOR-B1/members/DEL-14-03/workspace-a/_run_records/TASK_RUN_2026-06-16_dependency-semantic-refresh_DEL-14-03.md	8adf7d8851bea6f56194f348df4a2c1878e14463ab5ca9abdbf74b782eae43d2	1964
execution/_Coordination/AgentRuns/SOW-STAGE2-EXEC-20260712-01/instances/WORKING-P4-PKG14/children/AUTHOR-B1/members/DEL-14-03/workspace-a/_run_records/WORKING_ITEMS_RUN_2026-07-12_D41-R5-T2B-PDU032.md	eb2946e783a3bdb0231e4b1755ab8a0cfac02d0d4398af16792f95639a7f67a3	513
execution/_Coordination/AgentRuns/SOW-STAGE2-EXEC-20260712-01/instances/WORKING-P4-PKG14/children/AUTHOR-B1/members/DEL-14-03/workspace-a/_run_records/WORKING_ITEMS_RUN_2026-07-12_D41-R5-T7-PDU055-CURRENTNESS.md	639740f9fed1d2f6d5e143b78a8f3d010f4f4b9ae4e2c60abd965bd31b7cb671	983
execution/_Coordination/AgentRuns/SOW-STAGE2-EXEC-20260712-01/instances/WORKING-P4-PKG14/children/AUTHOR-B1/members/DEL-14-03/workspace-b/Datasheet.md	c8b3a66e91465023bb161b417dfadda888f573b34d4b54a88b5a85dbbc3e372b	6105
execution/_Coordination/AgentRuns/SOW-STAGE2-EXEC-20260712-01/instances/WORKING-P4-PKG14/children/AUTHOR-B1/members/DEL-14-03/workspace-b/Dependencies.csv	8dab2eda51830d469f588b54a1e66890fbdc63ce1c8c2785139d43325c5a3aa9	17008
execution/_Coordination/AgentRuns/SOW-STAGE2-EXEC-20260712-01/instances/WORKING-P4-PKG14/children/AUTHOR-B1/members/DEL-14-03/workspace-b/Guidance.md	2414e7aab207799e00e69d91b15465bc10803d87cd54eba55b721a46b2b97abc	6423
execution/_Coordination/AgentRuns/SOW-STAGE2-EXEC-20260712-01/instances/WORKING-P4-PKG14/children/AUTHOR-B1/members/DEL-14-03/workspace-b/MEMORY.md	20203656fc3f8e6d7e891fedb15d3977813a67155a9f9d388e7b38b1f2b1ba46	6793
execution/_Coordination/AgentRuns/SOW-STAGE2-EXEC-20260712-01/instances/WORKING-P4-PKG14/children/AUTHOR-B1/members/DEL-14-03/workspace-b/Procedure.md	cd57a9d22cbd14a2a64c44bcdb60a6f03a33a06721092f913d89aa7ed7f6e02e	5367
execution/_Coordination/AgentRuns/SOW-STAGE2-EXEC-20260712-01/instances/WORKING-P4-PKG14/children/AUTHOR-B1/members/DEL-14-03/workspace-b/RUN_2026-05-05_IMPLEMENTATION.md	1fd61d10292f9dd3926b63adf2c1442ae26a8ba69fcccfaf0352398eb4091adc	1099
execution/_Coordination/AgentRuns/SOW-STAGE2-EXEC-20260712-01/instances/WORKING-P4-PKG14/children/AUTHOR-B1/members/DEL-14-03/workspace-b/Review_Findings.csv	68df1b570e80bffa8f49e943900a163c0fdaaa5851e0112b93a66ddcb6a3e072	1530
execution/_Coordination/AgentRuns/SOW-STAGE2-EXEC-20260712-01/instances/WORKING-P4-PKG14/children/AUTHOR-B1/members/DEL-14-03/workspace-b/ScopeOfWork.md	fb47b1182e78fed345a17870cc473a27ec851abcebab599455df5b4d29d290f1	36648
execution/_Coordination/AgentRuns/SOW-STAGE2-EXEC-20260712-01/instances/WORKING-P4-PKG14/children/AUTHOR-B1/members/DEL-14-03/workspace-b/Specification.md	a5e199383e55f69dfbfcd800f9ba26ca0e1be488441ae24fb2b255beb40b2a23	7463
execution/_Coordination/AgentRuns/SOW-STAGE2-EXEC-20260712-01/instances/WORKING-P4-PKG14/children/AUTHOR-B1/members/DEL-14-03/workspace-b/_CONTEXT.md	e2641156089f5585f9c168113323eb89a5ce00c4b7af951c042d6c299a11162b	3974
execution/_Coordination/AgentRuns/SOW-STAGE2-EXEC-20260712-01/instances/WORKING-P4-PKG14/children/AUTHOR-B1/members/DEL-14-03/workspace-b/_DEPENDENCIES.md	120e9ade8af714ec8afab052c7d2c328282db8f5ef307636e2d2370a116f2011	4048
execution/_Coordination/AgentRuns/SOW-STAGE2-EXEC-20260712-01/instances/WORKING-P4-PKG14/children/AUTHOR-B1/members/DEL-14-03/workspace-b/_REFERENCES.md	42af1f74166e8d487a511235c1571cf5c0c63bc85b54d2f67e62c1f84ce33bbb	1974
execution/_Coordination/AgentRuns/SOW-STAGE2-EXEC-20260712-01/instances/WORKING-P4-PKG14/children/AUTHOR-B1/members/DEL-14-03/workspace-b/_REVIEW.md	5832b1a74a843196fe5efad96ff9e87b4b8c069a6da82c4080df1874d9faa864	9128
execution/_Coordination/AgentRuns/SOW-STAGE2-EXEC-20260712-01/instances/WORKING-P4-PKG14/children/AUTHOR-B1/members/DEL-14-03/workspace-b/_SEMANTIC.md	133d9672685303f458885df04a3fd03ec59dd92ed83556ee3cdc4225a4accb05	34134
execution/_Coordination/AgentRuns/SOW-STAGE2-EXEC-20260712-01/instances/WORKING-P4-PKG14/children/AUTHOR-B1/members/DEL-14-03/workspace-b/_SEMANTIC_LENSING.md	62e6a69b16eaa50e61c2a5f5ce0c19cafe901db4c3e14cc27e1f5c50d319eb2a	18908
execution/_Coordination/AgentRuns/SOW-STAGE2-EXEC-20260712-01/instances/WORKING-P4-PKG14/children/AUTHOR-B1/members/DEL-14-03/workspace-b/_STATUS.md	51ec834dc258367ae74f5ab91e3a694ebf29a3ec1b7d33427843c542d9a4d546	2730
execution/_Coordination/AgentRuns/SOW-STAGE2-EXEC-20260712-01/instances/WORKING-P4-PKG14/children/AUTHOR-B1/members/DEL-14-03/workspace-b/_run_records/TASK_RUN_2026-05-10_2348_dependency-extract-refresh.md	50621d3fe6350251816ce2107ef74c484edecfaab3c8e48c5ad03310aadd9c2a	3660
execution/_Coordination/AgentRuns/SOW-STAGE2-EXEC-20260712-01/instances/WORKING-P4-PKG14/children/AUTHOR-B1/members/DEL-14-03/workspace-b/_run_records/TASK_RUN_2026-06-04_authority-refresh-0.7-dag006_DEL-14-03.md	793e4546ec262f6ca4ae51780bf55371b20542bf0235f11d37bddb2381fa1d3c	1748
execution/_Coordination/AgentRuns/SOW-STAGE2-EXEC-20260712-01/instances/WORKING-P4-PKG14/children/AUTHOR-B1/members/DEL-14-03/workspace-b/_run_records/TASK_RUN_2026-06-07_DEL-14-03_model-state-comparison-evidence-hardening.md	2b3b10b3e1f49433414cd95f531711415c61418715954dbd13c42a936d311370	4186
execution/_Coordination/AgentRuns/SOW-STAGE2-EXEC-20260712-01/instances/WORKING-P4-PKG14/children/AUTHOR-B1/members/DEL-14-03/workspace-b/_run_records/TASK_RUN_2026-06-16_dependency-semantic-refresh_DEL-14-03.md	8adf7d8851bea6f56194f348df4a2c1878e14463ab5ca9abdbf74b782eae43d2	1964
execution/_Coordination/AgentRuns/SOW-STAGE2-EXEC-20260712-01/instances/WORKING-P4-PKG14/children/AUTHOR-B1/members/DEL-14-03/workspace-b/_run_records/WORKING_ITEMS_RUN_2026-07-12_D41-R5-T2B-PDU032.md	eb2946e783a3bdb0231e4b1755ab8a0cfac02d0d4398af16792f95639a7f67a3	513
execution/_Coordination/AgentRuns/SOW-STAGE2-EXEC-20260712-01/instances/WORKING-P4-PKG14/children/AUTHOR-B1/members/DEL-14-03/workspace-b/_run_records/WORKING_ITEMS_RUN_2026-07-12_D41-R5-T7-PDU055-CURRENTNESS.md	639740f9fed1d2f6d5e143b78a8f3d010f4f4b9ae4e2c60abd965bd31b7cb671	983
execution/_Coordination/AgentRuns/SOW-STAGE2-EXEC-20260712-01/instances/WORKING-P4-PKG14/children/AUTHOR-B1/members/DEL-14-04/DERIVATIVE_DETERMINISM.tsv	1e688f180aed28b10dc5961b2d092d261dab9bc3876d8fdc3d95676ba8d0c9ad	626
execution/_Coordination/AgentRuns/SOW-STAGE2-EXEC-20260712-01/instances/WORKING-P4-PKG14/children/AUTHOR-B1/members/DEL-14-04/DETERMINISM.tsv	3617a1943843712cff5c6eb17f289c445414a26456232fdc01e8f3326c5635b4	506
execution/_Coordination/AgentRuns/SOW-STAGE2-EXEC-20260712-01/instances/WORKING-P4-PKG14/children/AUTHOR-B1/members/DEL-14-04/FROZEN_ROW.tsv	aaf167f68e970ef5c00553f4fa79c2265cf72d0ea3d2eded24458d17dcfeabee	1624
execution/_Coordination/AgentRuns/SOW-STAGE2-EXEC-20260712-01/instances/WORKING-P4-PKG14/children/AUTHOR-B1/members/DEL-14-04/IMMUTABLE_LITERAL_AND_CONTEXT_REVIEW.md	0b2fa975e4b9d67798e47a2b8f086b0c81349cf14e452a1cbe557986a1692507	816
execution/_Coordination/AgentRuns/SOW-STAGE2-EXEC-20260712-01/instances/WORKING-P4-PKG14/children/AUTHOR-B1/members/DEL-14-04/MEMBER_SUMMARY.md	5b737803646e37b6475351db586805e95b73e7792a839dccee4ca03a67ccc79b	630
execution/_Coordination/AgentRuns/SOW-STAGE2-EXEC-20260712-01/instances/WORKING-P4-PKG14/children/AUTHOR-B1/members/DEL-14-04/SOURCE_HASHES.tsv	c691f9ac103b18efcf7a1efcf48301398f6aab1e1d0da72e10919c2dbaa1c1dd	1657
execution/_Coordination/AgentRuns/SOW-STAGE2-EXEC-20260712-01/instances/WORKING-P4-PKG14/children/AUTHOR-B1/members/DEL-14-04/ScopeOfWork-a.html	5d026a3734056c31a1df5078870c6c2e4c9f07ce73181656ee038623281c8f74	41817
execution/_Coordination/AgentRuns/SOW-STAGE2-EXEC-20260712-01/instances/WORKING-P4-PKG14/children/AUTHOR-B1/members/DEL-14-04/ScopeOfWork-b.html	5d026a3734056c31a1df5078870c6c2e4c9f07ce73181656ee038623281c8f74	41817
execution/_Coordination/AgentRuns/SOW-STAGE2-EXEC-20260712-01/instances/WORKING-P4-PKG14/children/AUTHOR-B1/members/DEL-14-04/checklist-a.json	230a05e2d52e9a6b0b0260472f59a7f58f4aa5b813963f686d0201581852b97c	1891
execution/_Coordination/AgentRuns/SOW-STAGE2-EXEC-20260712-01/instances/WORKING-P4-PKG14/children/AUTHOR-B1/members/DEL-14-04/checklist-a.stderr	e3b0c44298fc1c149afbf4c8996fb92427ae41e4649b934ca495991b7852b855	0
execution/_Coordination/AgentRuns/SOW-STAGE2-EXEC-20260712-01/instances/WORKING-P4-PKG14/children/AUTHOR-B1/members/DEL-14-04/checklist-a.stdout	e3b0c44298fc1c149afbf4c8996fb92427ae41e4649b934ca495991b7852b855	0
execution/_Coordination/AgentRuns/SOW-STAGE2-EXEC-20260712-01/instances/WORKING-P4-PKG14/children/AUTHOR-B1/members/DEL-14-04/checklist-b.json	230a05e2d52e9a6b0b0260472f59a7f58f4aa5b813963f686d0201581852b97c	1891
execution/_Coordination/AgentRuns/SOW-STAGE2-EXEC-20260712-01/instances/WORKING-P4-PKG14/children/AUTHOR-B1/members/DEL-14-04/checklist-b.stderr	e3b0c44298fc1c149afbf4c8996fb92427ae41e4649b934ca495991b7852b855	0
execution/_Coordination/AgentRuns/SOW-STAGE2-EXEC-20260712-01/instances/WORKING-P4-PKG14/children/AUTHOR-B1/members/DEL-14-04/checklist-b.stdout	e3b0c44298fc1c149afbf4c8996fb92427ae41e4649b934ca495991b7852b855	0
execution/_Coordination/AgentRuns/SOW-STAGE2-EXEC-20260712-01/instances/WORKING-P4-PKG14/children/AUTHOR-B1/members/DEL-14-04/claim-map-a.csv	3da29bb2e4a5e94269ace9a7af5bafc0056c758885cfd49d431198f0216648bd	6447
execution/_Coordination/AgentRuns/SOW-STAGE2-EXEC-20260712-01/instances/WORKING-P4-PKG14/children/AUTHOR-B1/members/DEL-14-04/claim-map-a.stderr	e3b0c44298fc1c149afbf4c8996fb92427ae41e4649b934ca495991b7852b855	0
execution/_Coordination/AgentRuns/SOW-STAGE2-EXEC-20260712-01/instances/WORKING-P4-PKG14/children/AUTHOR-B1/members/DEL-14-04/claim-map-a.stdout	8285b420c966ecb580d27213dd93ce846c6a1967dc947b6b8a486404f74b1ee5	207
execution/_Coordination/AgentRuns/SOW-STAGE2-EXEC-20260712-01/instances/WORKING-P4-PKG14/children/AUTHOR-B1/members/DEL-14-04/claim-map-b.csv	3da29bb2e4a5e94269ace9a7af5bafc0056c758885cfd49d431198f0216648bd	6447
execution/_Coordination/AgentRuns/SOW-STAGE2-EXEC-20260712-01/instances/WORKING-P4-PKG14/children/AUTHOR-B1/members/DEL-14-04/claim-map-b.stderr	e3b0c44298fc1c149afbf4c8996fb92427ae41e4649b934ca495991b7852b855	0
execution/_Coordination/AgentRuns/SOW-STAGE2-EXEC-20260712-01/instances/WORKING-P4-PKG14/children/AUTHOR-B1/members/DEL-14-04/claim-map-b.stdout	43aeb6c23233860e89c5458646a230642d3524fab853b381d490e19499061975	207
execution/_Coordination/AgentRuns/SOW-STAGE2-EXEC-20260712-01/instances/WORKING-P4-PKG14/children/AUTHOR-B1/members/DEL-14-04/conversion-a.stderr	e3b0c44298fc1c149afbf4c8996fb92427ae41e4649b934ca495991b7852b855	0
execution/_Coordination/AgentRuns/SOW-STAGE2-EXEC-20260712-01/instances/WORKING-P4-PKG14/children/AUTHOR-B1/members/DEL-14-04/conversion-a.stdout	60536bf32ebd2c14fc2a3ffa36f6c4b471cba8f42f010488f96620cf91f9f1f8	198
execution/_Coordination/AgentRuns/SOW-STAGE2-EXEC-20260712-01/instances/WORKING-P4-PKG14/children/AUTHOR-B1/members/DEL-14-04/conversion-b.stderr	e3b0c44298fc1c149afbf4c8996fb92427ae41e4649b934ca495991b7852b855	0
execution/_Coordination/AgentRuns/SOW-STAGE2-EXEC-20260712-01/instances/WORKING-P4-PKG14/children/AUTHOR-B1/members/DEL-14-04/conversion-b.stdout	a222a0dda66f9a9ac5a757a9ad24f4ca803f6d963e7f0c8ee3ed5233f00d6026	198
execution/_Coordination/AgentRuns/SOW-STAGE2-EXEC-20260712-01/instances/WORKING-P4-PKG14/children/AUTHOR-B1/members/DEL-14-04/final-a/ScopeOfWork.md	76937ef2f68eea7ace73dc15de15eb73428266748409b5fd07957cbf2ebd7266	32735
execution/_Coordination/AgentRuns/SOW-STAGE2-EXEC-20260712-01/instances/WORKING-P4-PKG14/children/AUTHOR-B1/members/DEL-14-04/final-a/report.json	5ba2ce0fffb23ee9a4967331f8d276a33d9941cbf4368d7e7f9c4603cb608422	13463
execution/_Coordination/AgentRuns/SOW-STAGE2-EXEC-20260712-01/instances/WORKING-P4-PKG14/children/AUTHOR-B1/members/DEL-14-04/final-b/ScopeOfWork.md	76937ef2f68eea7ace73dc15de15eb73428266748409b5fd07957cbf2ebd7266	32735
execution/_Coordination/AgentRuns/SOW-STAGE2-EXEC-20260712-01/instances/WORKING-P4-PKG14/children/AUTHOR-B1/members/DEL-14-04/final-b/report.json	5ba2ce0fffb23ee9a4967331f8d276a33d9941cbf4368d7e7f9c4603cb608422	13463
execution/_Coordination/AgentRuns/SOW-STAGE2-EXEC-20260712-01/instances/WORKING-P4-PKG14/children/AUTHOR-B1/members/DEL-14-04/finalization-a.stderr	e3b0c44298fc1c149afbf4c8996fb92427ae41e4649b934ca495991b7852b855	0
execution/_Coordination/AgentRuns/SOW-STAGE2-EXEC-20260712-01/instances/WORKING-P4-PKG14/children/AUTHOR-B1/members/DEL-14-04/finalization-a.stdout	b98e1d61b9dc4f31c327349a074a240c9c59ccd9ab32dfb43ee38d060fc32317	216
execution/_Coordination/AgentRuns/SOW-STAGE2-EXEC-20260712-01/instances/WORKING-P4-PKG14/children/AUTHOR-B1/members/DEL-14-04/finalization-b.stderr	e3b0c44298fc1c149afbf4c8996fb92427ae41e4649b934ca495991b7852b855	0
execution/_Coordination/AgentRuns/SOW-STAGE2-EXEC-20260712-01/instances/WORKING-P4-PKG14/children/AUTHOR-B1/members/DEL-14-04/finalization-b.stdout	39a720044e445a10ec49428b3212b11c72cb1c5c674945a1b77529b1170c5dea	216
execution/_Coordination/AgentRuns/SOW-STAGE2-EXEC-20260712-01/instances/WORKING-P4-PKG14/children/AUTHOR-B1/members/DEL-14-04/mutated-production/ScopeOfWork.md	da6c1f75774347d62ee9f9de97bfa509fb9d7824838d8c78b83b96167184895c	32754
execution/_Coordination/AgentRuns/SOW-STAGE2-EXEC-20260712-01/instances/WORKING-P4-PKG14/children/AUTHOR-B1/members/DEL-14-04/negative-ambiguous-checklist.exit	4355a46b19d348dc2f57c046f8ef63d4538ebb936000f3c9ee954a27460dd865	2
execution/_Coordination/AgentRuns/SOW-STAGE2-EXEC-20260712-01/instances/WORKING-P4-PKG14/children/AUTHOR-B1/members/DEL-14-04/negative-ambiguous-checklist.stderr	b37a0cca9858c0352661b65d064e00020bbe562dbdaab6454812cd6c24f7dd2c	167
execution/_Coordination/AgentRuns/SOW-STAGE2-EXEC-20260712-01/instances/WORKING-P4-PKG14/children/AUTHOR-B1/members/DEL-14-04/negative-ambiguous-checklist.stdout	e3b0c44298fc1c149afbf4c8996fb92427ae41e4649b934ca495991b7852b855	0
execution/_Coordination/AgentRuns/SOW-STAGE2-EXEC-20260712-01/instances/WORKING-P4-PKG14/children/AUTHOR-B1/members/DEL-14-04/negative-evidence-render.exit	4355a46b19d348dc2f57c046f8ef63d4538ebb936000f3c9ee954a27460dd865	2
execution/_Coordination/AgentRuns/SOW-STAGE2-EXEC-20260712-01/instances/WORKING-P4-PKG14/children/AUTHOR-B1/members/DEL-14-04/negative-evidence-render.stderr	cb0da27c60dce6b4cbcfd06282c5b6f1266cc686411a099c3c2ce0fa13f2bc8d	129
execution/_Coordination/AgentRuns/SOW-STAGE2-EXEC-20260712-01/instances/WORKING-P4-PKG14/children/AUTHOR-B1/members/DEL-14-04/negative-evidence-render.stdout	e3b0c44298fc1c149afbf4c8996fb92427ae41e4649b934ca495991b7852b855	0
execution/_Coordination/AgentRuns/SOW-STAGE2-EXEC-20260712-01/instances/WORKING-P4-PKG14/children/AUTHOR-B1/members/DEL-14-04/negative-mutated-map.exit	4355a46b19d348dc2f57c046f8ef63d4538ebb936000f3c9ee954a27460dd865	2
execution/_Coordination/AgentRuns/SOW-STAGE2-EXEC-20260712-01/instances/WORKING-P4-PKG14/children/AUTHOR-B1/members/DEL-14-04/negative-mutated-map.stderr	508e4cba64abbcf0b6795d7878007071f478f6346c8328a87ab00f3b4203657f	97
execution/_Coordination/AgentRuns/SOW-STAGE2-EXEC-20260712-01/instances/WORKING-P4-PKG14/children/AUTHOR-B1/members/DEL-14-04/negative-mutated-map.stdout	e3b0c44298fc1c149afbf4c8996fb92427ae41e4649b934ca495991b7852b855	0
execution/_Coordination/AgentRuns/SOW-STAGE2-EXEC-20260712-01/instances/WORKING-P4-PKG14/children/AUTHOR-B1/members/DEL-14-04/negative-mutated-parity.exit	4355a46b19d348dc2f57c046f8ef63d4538ebb936000f3c9ee954a27460dd865	2
execution/_Coordination/AgentRuns/SOW-STAGE2-EXEC-20260712-01/instances/WORKING-P4-PKG14/children/AUTHOR-B1/members/DEL-14-04/negative-mutated-parity.json	33c2087b3aa4129cbfbad68e613361e4c4b9dacd01f0a80d150dba5fdbdfcc4d	8502
execution/_Coordination/AgentRuns/SOW-STAGE2-EXEC-20260712-01/instances/WORKING-P4-PKG14/children/AUTHOR-B1/members/DEL-14-04/negative-mutated-parity.stderr	e3b0c44298fc1c149afbf4c8996fb92427ae41e4649b934ca495991b7852b855	0
execution/_Coordination/AgentRuns/SOW-STAGE2-EXEC-20260712-01/instances/WORKING-P4-PKG14/children/AUTHOR-B1/members/DEL-14-04/negative-mutated-parity.stdout	408c1d6154341abcd5af695b0aa3ace09a0f3deae5394d1d5414aa9e7cbd3902	15
execution/_Coordination/AgentRuns/SOW-STAGE2-EXEC-20260712-01/instances/WORKING-P4-PKG14/children/AUTHOR-B1/members/DEL-14-04/negative-partial/Datasheet.md	ba71b264dffd5d9fd770b831d743132cc9a838f39e66858a6bcde5bed01c0dbe	7655
execution/_Coordination/AgentRuns/SOW-STAGE2-EXEC-20260712-01/instances/WORKING-P4-PKG14/children/AUTHOR-B1/members/DEL-14-04/negative-partial/_STATUS.md	d9971534e97fd243386c09073d606a9d425c70e2f70f995a1808d18e7505f940	4026
execution/_Coordination/AgentRuns/SOW-STAGE2-EXEC-20260712-01/instances/WORKING-P4-PKG14/children/AUTHOR-B1/members/DEL-14-04/negative-partial-validation.exit	4355a46b19d348dc2f57c046f8ef63d4538ebb936000f3c9ee954a27460dd865	2
execution/_Coordination/AgentRuns/SOW-STAGE2-EXEC-20260712-01/instances/WORKING-P4-PKG14/children/AUTHOR-B1/members/DEL-14-04/negative-partial-validation.stderr	e3b0c44298fc1c149afbf4c8996fb92427ae41e4649b934ca495991b7852b855	0
execution/_Coordination/AgentRuns/SOW-STAGE2-EXEC-20260712-01/instances/WORKING-P4-PKG14/children/AUTHOR-B1/members/DEL-14-04/negative-partial-validation.stdout	e5e41be85e3af7a838d7d51d0ca3bde14baa2345f15d8e46d9b34ad12a7982c0	387
execution/_Coordination/AgentRuns/SOW-STAGE2-EXEC-20260712-01/instances/WORKING-P4-PKG14/children/AUTHOR-B1/members/DEL-14-04/negative-unauthorized-checklist.exit	4355a46b19d348dc2f57c046f8ef63d4538ebb936000f3c9ee954a27460dd865	2
execution/_Coordination/AgentRuns/SOW-STAGE2-EXEC-20260712-01/instances/WORKING-P4-PKG14/children/AUTHOR-B1/members/DEL-14-04/negative-unauthorized-checklist.stderr	72fbdb46d4b55ceeac9cb009dbd09cf92cf5cd08ccb47758238c60f426fecfc6	249
execution/_Coordination/AgentRuns/SOW-STAGE2-EXEC-20260712-01/instances/WORKING-P4-PKG14/children/AUTHOR-B1/members/DEL-14-04/negative-unauthorized-checklist.stdout	e3b0c44298fc1c149afbf4c8996fb92427ae41e4649b934ca495991b7852b855	0
execution/_Coordination/AgentRuns/SOW-STAGE2-EXEC-20260712-01/instances/WORKING-P4-PKG14/children/AUTHOR-B1/members/DEL-14-04/negative-unauthorized-dual.exit	4355a46b19d348dc2f57c046f8ef63d4538ebb936000f3c9ee954a27460dd865	2
execution/_Coordination/AgentRuns/SOW-STAGE2-EXEC-20260712-01/instances/WORKING-P4-PKG14/children/AUTHOR-B1/members/DEL-14-04/negative-unauthorized-dual.stderr	e3b0c44298fc1c149afbf4c8996fb92427ae41e4649b934ca495991b7852b855	0
execution/_Coordination/AgentRuns/SOW-STAGE2-EXEC-20260712-01/instances/WORKING-P4-PKG14/children/AUTHOR-B1/members/DEL-14-04/negative-unauthorized-dual.stdout	518b9e8a06f7126f374ec9a7ed68fa93c7b362b98a608f255595040345122dbe	485
execution/_Coordination/AgentRuns/SOW-STAGE2-EXEC-20260712-01/instances/WORKING-P4-PKG14/children/AUTHOR-B1/members/DEL-14-04/parity-a.json	0186054b79ea85e9b60c27d755fe655804bc17efc6cad60ff9853e2cd47dea71	8340
execution/_Coordination/AgentRuns/SOW-STAGE2-EXEC-20260712-01/instances/WORKING-P4-PKG14/children/AUTHOR-B1/members/DEL-14-04/parity-a.md	4f93de241f97913752cffba5637df0fac44f70bbd344db3c018b4c9a0d210137	291
execution/_Coordination/AgentRuns/SOW-STAGE2-EXEC-20260712-01/instances/WORKING-P4-PKG14/children/AUTHOR-B1/members/DEL-14-04/parity-a.stderr	e3b0c44298fc1c149afbf4c8996fb92427ae41e4649b934ca495991b7852b855	0
execution/_Coordination/AgentRuns/SOW-STAGE2-EXEC-20260712-01/instances/WORKING-P4-PKG14/children/AUTHOR-B1/members/DEL-14-04/parity-a.stdout	4a472cb2d94f8f31d3629361f68cf805760748c81329d3b29215fe61d3794b90	15
execution/_Coordination/AgentRuns/SOW-STAGE2-EXEC-20260712-01/instances/WORKING-P4-PKG14/children/AUTHOR-B1/members/DEL-14-04/parity-b.json	0186054b79ea85e9b60c27d755fe655804bc17efc6cad60ff9853e2cd47dea71	8340
execution/_Coordination/AgentRuns/SOW-STAGE2-EXEC-20260712-01/instances/WORKING-P4-PKG14/children/AUTHOR-B1/members/DEL-14-04/parity-b.md	4f93de241f97913752cffba5637df0fac44f70bbd344db3c018b4c9a0d210137	291
execution/_Coordination/AgentRuns/SOW-STAGE2-EXEC-20260712-01/instances/WORKING-P4-PKG14/children/AUTHOR-B1/members/DEL-14-04/parity-b.stderr	e3b0c44298fc1c149afbf4c8996fb92427ae41e4649b934ca495991b7852b855	0
execution/_Coordination/AgentRuns/SOW-STAGE2-EXEC-20260712-01/instances/WORKING-P4-PKG14/children/AUTHOR-B1/members/DEL-14-04/parity-b.stdout	4a472cb2d94f8f31d3629361f68cf805760748c81329d3b29215fe61d3794b90	15
execution/_Coordination/AgentRuns/SOW-STAGE2-EXEC-20260712-01/instances/WORKING-P4-PKG14/children/AUTHOR-B1/members/DEL-14-04/render-a.stderr	e3b0c44298fc1c149afbf4c8996fb92427ae41e4649b934ca495991b7852b855	0
execution/_Coordination/AgentRuns/SOW-STAGE2-EXEC-20260712-01/instances/WORKING-P4-PKG14/children/AUTHOR-B1/members/DEL-14-04/render-a.stdout	e3b0c44298fc1c149afbf4c8996fb92427ae41e4649b934ca495991b7852b855	0
execution/_Coordination/AgentRuns/SOW-STAGE2-EXEC-20260712-01/instances/WORKING-P4-PKG14/children/AUTHOR-B1/members/DEL-14-04/render-b.stderr	e3b0c44298fc1c149afbf4c8996fb92427ae41e4649b934ca495991b7852b855	0
execution/_Coordination/AgentRuns/SOW-STAGE2-EXEC-20260712-01/instances/WORKING-P4-PKG14/children/AUTHOR-B1/members/DEL-14-04/render-b.stdout	e3b0c44298fc1c149afbf4c8996fb92427ae41e4649b934ca495991b7852b855	0
execution/_Coordination/AgentRuns/SOW-STAGE2-EXEC-20260712-01/instances/WORKING-P4-PKG14/children/AUTHOR-B1/members/DEL-14-04/simulation/apply/Dependencies.csv	fff0fdfa674813ad7a57d4710657eb5d00026a51f1d930845ab83d93d276e7cc	18715
execution/_Coordination/AgentRuns/SOW-STAGE2-EXEC-20260712-01/instances/WORKING-P4-PKG14/children/AUTHOR-B1/members/DEL-14-04/simulation/apply/MEMORY.md	c3dded08e70c2daefbdf18fe092839d1471c0227584e82f3dd30995e2cfd2bfa	15154
execution/_Coordination/AgentRuns/SOW-STAGE2-EXEC-20260712-01/instances/WORKING-P4-PKG14/children/AUTHOR-B1/members/DEL-14-04/simulation/apply/RUN_NOTES.md	2e8310107e2de15e1d2ae7d22a322eafff944d2fb696ff3f52f8c063be71beb1	1229
execution/_Coordination/AgentRuns/SOW-STAGE2-EXEC-20260712-01/instances/WORKING-P4-PKG14/children/AUTHOR-B1/members/DEL-14-04/simulation/apply/Review_Findings.csv	08dd7619787bf7f848ef0d76b718d84eebcb478908dc0fae51c58d3b89ce6130	142
execution/_Coordination/AgentRuns/SOW-STAGE2-EXEC-20260712-01/instances/WORKING-P4-PKG14/children/AUTHOR-B1/members/DEL-14-04/simulation/apply/ScopeOfWork.md	76937ef2f68eea7ace73dc15de15eb73428266748409b5fd07957cbf2ebd7266	32735
execution/_Coordination/AgentRuns/SOW-STAGE2-EXEC-20260712-01/instances/WORKING-P4-PKG14/children/AUTHOR-B1/members/DEL-14-04/simulation/apply/_CONTEXT.md	a3a5fe6a8203ac465074d0148e9f0e9210ef7fcb52fa09e707ac0ff9d449eb28	4014
execution/_Coordination/AgentRuns/SOW-STAGE2-EXEC-20260712-01/instances/WORKING-P4-PKG14/children/AUTHOR-B1/members/DEL-14-04/simulation/apply/_DEPENDENCIES.md	d6771a9cc2584a0f79d6f5e30731d9ccdf9ff1061133b758c7e61bd229fed009	4178
execution/_Coordination/AgentRuns/SOW-STAGE2-EXEC-20260712-01/instances/WORKING-P4-PKG14/children/AUTHOR-B1/members/DEL-14-04/simulation/apply/_REFERENCES.md	cf555601f3f5866fe8fa279a8d89afae0deceb3c021fcad9f0abcceb568b7074	1975
execution/_Coordination/AgentRuns/SOW-STAGE2-EXEC-20260712-01/instances/WORKING-P4-PKG14/children/AUTHOR-B1/members/DEL-14-04/simulation/apply/_REVIEW.md	4bb718874bfbb5e7b2a6c44fab63b2048da2e21c8c496ebe7aeb1d374a570d2f	3826
execution/_Coordination/AgentRuns/SOW-STAGE2-EXEC-20260712-01/instances/WORKING-P4-PKG14/children/AUTHOR-B1/members/DEL-14-04/simulation/apply/_SEMANTIC.md	68ca7ba70aac4073995aa7d252ea04472aa2b0bebcb47344f2109db59697061a	36215
execution/_Coordination/AgentRuns/SOW-STAGE2-EXEC-20260712-01/instances/WORKING-P4-PKG14/children/AUTHOR-B1/members/DEL-14-04/simulation/apply/_SEMANTIC_LENSING.md	b639130f3c30daf62f03e0ab2e176d48ce1d9f6672a2fd0139c52b86e3ec48a9	18184
execution/_Coordination/AgentRuns/SOW-STAGE2-EXEC-20260712-01/instances/WORKING-P4-PKG14/children/AUTHOR-B1/members/DEL-14-04/simulation/apply/_STATUS.md	d9971534e97fd243386c09073d606a9d425c70e2f70f995a1808d18e7505f940	4026
execution/_Coordination/AgentRuns/SOW-STAGE2-EXEC-20260712-01/instances/WORKING-P4-PKG14/children/AUTHOR-B1/members/DEL-14-04/simulation/apply/_run_records/TASK_RUN_2026-05-10_2345.md	2f5e6f50f99b4a41b6d44622f70d403b5354d17270e8dc9438a4b2f3e3de5a18	3203
execution/_Coordination/AgentRuns/SOW-STAGE2-EXEC-20260712-01/instances/WORKING-P4-PKG14/children/AUTHOR-B1/members/DEL-14-04/simulation/apply/_run_records/TASK_RUN_2026-06-04_authority-refresh-0.7-dag006_DEL-14-04.md	8fc763b1d2aa923be980d98de5c3922bafc7fb1d4532511c4eabeed45976a72e	1703
execution/_Coordination/AgentRuns/SOW-STAGE2-EXEC-20260712-01/instances/WORKING-P4-PKG14/children/AUTHOR-B1/members/DEL-14-04/simulation/apply/_run_records/TASK_RUN_2026-06-06_DEL-14-04_analysis-run-comparison-evidence-hardening.md	ee9b1237670c2492fcad499162e6566df709fb8d9ca500b5bce8b5aca35f1948	2609
execution/_Coordination/AgentRuns/SOW-STAGE2-EXEC-20260712-01/instances/WORKING-P4-PKG14/children/AUTHOR-B1/members/DEL-14-04/simulation/apply/_run_records/TASK_RUN_2026-06-07_DEL-14-04_checking-alignment.md	4bd862c8e9d35f645e761f6202c5c4163129211e7b36bafa063c28d120bf2865	4810
execution/_Coordination/AgentRuns/SOW-STAGE2-EXEC-20260712-01/instances/WORKING-P4-PKG14/children/AUTHOR-B1/members/DEL-14-04/simulation/apply/_run_records/TASK_RUN_2026-06-16_dependency-semantic-refresh_DEL-14-04.md	c691df3d9dde3b39beb2ebcd76e450900e7467acbf2f95668b03f9fe71533a08	1968
execution/_Coordination/AgentRuns/SOW-STAGE2-EXEC-20260712-01/instances/WORKING-P4-PKG14/children/AUTHOR-B1/members/DEL-14-04/simulation/apply/_run_records/WORKING_ITEMS_RUN_2026-06-17_TP-UNITS-BTAIL-COMPARISONGUIUNITS-001.md	26305922d27eb2008a7e329e82b83af77a0e04c5e4da33ed3614c14aedac92f1	2727
execution/_Coordination/AgentRuns/SOW-STAGE2-EXEC-20260712-01/instances/WORKING-P4-PKG14/children/AUTHOR-B1/members/DEL-14-04/simulation/apply/_run_records/WORKING_ITEMS_RUN_2026-06-17_TP-UNITS-BTAIL-COMPTOLCORPUS-001.md	f6a3ba95775bea37126c82b831a2de76ce3c16b47ff547c0c1f9d12f40cdd30d	3171
execution/_Coordination/AgentRuns/SOW-STAGE2-EXEC-20260712-01/instances/WORKING-P4-PKG14/children/AUTHOR-B1/members/DEL-14-04/simulation/apply/_run_records/WORKING_ITEMS_RUN_2026-06-17_TP-UNITS-BTAIL-DESIGNWORKSPACEUNITS-001.md	68b7db6a907d1b524c9e928905eb0d4630bf8cabfe230023a90fdf3c41242ee8	1740
execution/_Coordination/AgentRuns/SOW-STAGE2-EXEC-20260712-01/instances/WORKING-P4-PKG14/children/AUTHOR-B1/members/DEL-14-04/simulation/apply/_run_records/WORKING_ITEMS_RUN_2026-06-18_TP-UNITS-BTAIL-COMPARISONLINTUNITS-001.md	c817f574161e000f7248860bc65821febfe729d60d2b48873c4a5825d299351f	2135
execution/_Coordination/AgentRuns/SOW-STAGE2-EXEC-20260712-01/instances/WORKING-P4-PKG14/children/AUTHOR-B1/members/DEL-14-04/simulation/apply/_run_records/WORKING_ITEMS_RUN_2026-07-12_D41-R5-T2B-PDU011-PDU047.md	2d89f5b357d40048bd4f8e0d21d92dee545a69f9fec9d5f2bb4d93f97c65da01	1558
execution/_Coordination/AgentRuns/SOW-STAGE2-EXEC-20260712-01/instances/WORKING-P4-PKG14/children/AUTHOR-B1/members/DEL-14-04/simulation/apply/_run_records/WORKING_ITEMS_RUN_2026-07-12_D41-R5-T2C-PDU030.md	403676f4ae70eaefbcc22630d07de075f0f1ccc909d0f2d27c23f6c0210a74a8	1594
execution/_Coordination/AgentRuns/SOW-STAGE2-EXEC-20260712-01/instances/WORKING-P4-PKG14/children/AUTHOR-B1/members/DEL-14-04/simulation/apply/_run_records/WORKING_ITEMS_RUN_2026-07-12_D41-R5-T4-PDU012-PDU021-PDU022-PDU040.md	679a04b0e53dee74543c9d49a7c48748fa24ff11208b88dd3e7417c5527aa344	1114
execution/_Coordination/AgentRuns/SOW-STAGE2-EXEC-20260712-01/instances/WORKING-P4-PKG14/children/AUTHOR-B1/members/DEL-14-04/simulation/apply/_run_records/WORKING_ITEMS_RUN_2026-07-12_D41-R5-T7-PDU055-CURRENTNESS.md	a755f5c731aedc1c11f2b0b6f7064ef100dff5b14453ee41c000d2af538a62db	983
execution/_Coordination/AgentRuns/SOW-STAGE2-EXEC-20260712-01/instances/WORKING-P4-PKG14/children/AUTHOR-B1/members/DEL-14-04/simulation/rollback/Datasheet.md	ba71b264dffd5d9fd770b831d743132cc9a838f39e66858a6bcde5bed01c0dbe	7655
execution/_Coordination/AgentRuns/SOW-STAGE2-EXEC-20260712-01/instances/WORKING-P4-PKG14/children/AUTHOR-B1/members/DEL-14-04/simulation/rollback/Dependencies.csv	fff0fdfa674813ad7a57d4710657eb5d00026a51f1d930845ab83d93d276e7cc	18715
execution/_Coordination/AgentRuns/SOW-STAGE2-EXEC-20260712-01/instances/WORKING-P4-PKG14/children/AUTHOR-B1/members/DEL-14-04/simulation/rollback/Guidance.md	d960e22f6a758f7ef1e6157b55f6d41e38555b298500e85f7f714b8f504c73ed	6058
execution/_Coordination/AgentRuns/SOW-STAGE2-EXEC-20260712-01/instances/WORKING-P4-PKG14/children/AUTHOR-B1/members/DEL-14-04/simulation/rollback/MEMORY.md	c3dded08e70c2daefbdf18fe092839d1471c0227584e82f3dd30995e2cfd2bfa	15154
execution/_Coordination/AgentRuns/SOW-STAGE2-EXEC-20260712-01/instances/WORKING-P4-PKG14/children/AUTHOR-B1/members/DEL-14-04/simulation/rollback/Procedure.md	a3e118c1934b7f3404d33fc4a3c9c00e3ca9b5963f3d9913b9f34d286c9c1a7c	6362
execution/_Coordination/AgentRuns/SOW-STAGE2-EXEC-20260712-01/instances/WORKING-P4-PKG14/children/AUTHOR-B1/members/DEL-14-04/simulation/rollback/RUN_NOTES.md	2e8310107e2de15e1d2ae7d22a322eafff944d2fb696ff3f52f8c063be71beb1	1229
execution/_Coordination/AgentRuns/SOW-STAGE2-EXEC-20260712-01/instances/WORKING-P4-PKG14/children/AUTHOR-B1/members/DEL-14-04/simulation/rollback/Review_Findings.csv	08dd7619787bf7f848ef0d76b718d84eebcb478908dc0fae51c58d3b89ce6130	142
execution/_Coordination/AgentRuns/SOW-STAGE2-EXEC-20260712-01/instances/WORKING-P4-PKG14/children/AUTHOR-B1/members/DEL-14-04/simulation/rollback/Specification.md	5d13951beb08855b63e118aeb3f6b17759c607dd81f90b9eff5144b9ca05d329	8319
execution/_Coordination/AgentRuns/SOW-STAGE2-EXEC-20260712-01/instances/WORKING-P4-PKG14/children/AUTHOR-B1/members/DEL-14-04/simulation/rollback/_CONTEXT.md	a3a5fe6a8203ac465074d0148e9f0e9210ef7fcb52fa09e707ac0ff9d449eb28	4014
execution/_Coordination/AgentRuns/SOW-STAGE2-EXEC-20260712-01/instances/WORKING-P4-PKG14/children/AUTHOR-B1/members/DEL-14-04/simulation/rollback/_DEPENDENCIES.md	d6771a9cc2584a0f79d6f5e30731d9ccdf9ff1061133b758c7e61bd229fed009	4178
execution/_Coordination/AgentRuns/SOW-STAGE2-EXEC-20260712-01/instances/WORKING-P4-PKG14/children/AUTHOR-B1/members/DEL-14-04/simulation/rollback/_REFERENCES.md	cf555601f3f5866fe8fa279a8d89afae0deceb3c021fcad9f0abcceb568b7074	1975
execution/_Coordination/AgentRuns/SOW-STAGE2-EXEC-20260712-01/instances/WORKING-P4-PKG14/children/AUTHOR-B1/members/DEL-14-04/simulation/rollback/_REVIEW.md	4bb718874bfbb5e7b2a6c44fab63b2048da2e21c8c496ebe7aeb1d374a570d2f	3826
execution/_Coordination/AgentRuns/SOW-STAGE2-EXEC-20260712-01/instances/WORKING-P4-PKG14/children/AUTHOR-B1/members/DEL-14-04/simulation/rollback/_SEMANTIC.md	68ca7ba70aac4073995aa7d252ea04472aa2b0bebcb47344f2109db59697061a	36215
execution/_Coordination/AgentRuns/SOW-STAGE2-EXEC-20260712-01/instances/WORKING-P4-PKG14/children/AUTHOR-B1/members/DEL-14-04/simulation/rollback/_SEMANTIC_LENSING.md	b639130f3c30daf62f03e0ab2e176d48ce1d9f6672a2fd0139c52b86e3ec48a9	18184
execution/_Coordination/AgentRuns/SOW-STAGE2-EXEC-20260712-01/instances/WORKING-P4-PKG14/children/AUTHOR-B1/members/DEL-14-04/simulation/rollback/_STATUS.md	d9971534e97fd243386c09073d606a9d425c70e2f70f995a1808d18e7505f940	4026
execution/_Coordination/AgentRuns/SOW-STAGE2-EXEC-20260712-01/instances/WORKING-P4-PKG14/children/AUTHOR-B1/members/DEL-14-04/simulation/rollback/_run_records/TASK_RUN_2026-05-10_2345.md	2f5e6f50f99b4a41b6d44622f70d403b5354d17270e8dc9438a4b2f3e3de5a18	3203
execution/_Coordination/AgentRuns/SOW-STAGE2-EXEC-20260712-01/instances/WORKING-P4-PKG14/children/AUTHOR-B1/members/DEL-14-04/simulation/rollback/_run_records/TASK_RUN_2026-06-04_authority-refresh-0.7-dag006_DEL-14-04.md	8fc763b1d2aa923be980d98de5c3922bafc7fb1d4532511c4eabeed45976a72e	1703
execution/_Coordination/AgentRuns/SOW-STAGE2-EXEC-20260712-01/instances/WORKING-P4-PKG14/children/AUTHOR-B1/members/DEL-14-04/simulation/rollback/_run_records/TASK_RUN_2026-06-06_DEL-14-04_analysis-run-comparison-evidence-hardening.md	ee9b1237670c2492fcad499162e6566df709fb8d9ca500b5bce8b5aca35f1948	2609
execution/_Coordination/AgentRuns/SOW-STAGE2-EXEC-20260712-01/instances/WORKING-P4-PKG14/children/AUTHOR-B1/members/DEL-14-04/simulation/rollback/_run_records/TASK_RUN_2026-06-07_DEL-14-04_checking-alignment.md	4bd862c8e9d35f645e761f6202c5c4163129211e7b36bafa063c28d120bf2865	4810
execution/_Coordination/AgentRuns/SOW-STAGE2-EXEC-20260712-01/instances/WORKING-P4-PKG14/children/AUTHOR-B1/members/DEL-14-04/simulation/rollback/_run_records/TASK_RUN_2026-06-16_dependency-semantic-refresh_DEL-14-04.md	c691df3d9dde3b39beb2ebcd76e450900e7467acbf2f95668b03f9fe71533a08	1968
execution/_Coordination/AgentRuns/SOW-STAGE2-EXEC-20260712-01/instances/WORKING-P4-PKG14/children/AUTHOR-B1/members/DEL-14-04/simulation/rollback/_run_records/WORKING_ITEMS_RUN_2026-06-17_TP-UNITS-BTAIL-COMPARISONGUIUNITS-001.md	26305922d27eb2008a7e329e82b83af77a0e04c5e4da33ed3614c14aedac92f1	2727
execution/_Coordination/AgentRuns/SOW-STAGE2-EXEC-20260712-01/instances/WORKING-P4-PKG14/children/AUTHOR-B1/members/DEL-14-04/simulation/rollback/_run_records/WORKING_ITEMS_RUN_2026-06-17_TP-UNITS-BTAIL-COMPTOLCORPUS-001.md	f6a3ba95775bea37126c82b831a2de76ce3c16b47ff547c0c1f9d12f40cdd30d	3171
execution/_Coordination/AgentRuns/SOW-STAGE2-EXEC-20260712-01/instances/WORKING-P4-PKG14/children/AUTHOR-B1/members/DEL-14-04/simulation/rollback/_run_records/WORKING_ITEMS_RUN_2026-06-17_TP-UNITS-BTAIL-DESIGNWORKSPACEUNITS-001.md	68b7db6a907d1b524c9e928905eb0d4630bf8cabfe230023a90fdf3c41242ee8	1740
execution/_Coordination/AgentRuns/SOW-STAGE2-EXEC-20260712-01/instances/WORKING-P4-PKG14/children/AUTHOR-B1/members/DEL-14-04/simulation/rollback/_run_records/WORKING_ITEMS_RUN_2026-06-18_TP-UNITS-BTAIL-COMPARISONLINTUNITS-001.md	c817f574161e000f7248860bc65821febfe729d60d2b48873c4a5825d299351f	2135
execution/_Coordination/AgentRuns/SOW-STAGE2-EXEC-20260712-01/instances/WORKING-P4-PKG14/children/AUTHOR-B1/members/DEL-14-04/simulation/rollback/_run_records/WORKING_ITEMS_RUN_2026-07-12_D41-R5-T2B-PDU011-PDU047.md	2d89f5b357d40048bd4f8e0d21d92dee545a69f9fec9d5f2bb4d93f97c65da01	1558
execution/_Coordination/AgentRuns/SOW-STAGE2-EXEC-20260712-01/instances/WORKING-P4-PKG14/children/AUTHOR-B1/members/DEL-14-04/simulation/rollback/_run_records/WORKING_ITEMS_RUN_2026-07-12_D41-R5-T2C-PDU030.md	403676f4ae70eaefbcc22630d07de075f0f1ccc909d0f2d27c23f6c0210a74a8	1594
execution/_Coordination/AgentRuns/SOW-STAGE2-EXEC-20260712-01/instances/WORKING-P4-PKG14/children/AUTHOR-B1/members/DEL-14-04/simulation/rollback/_run_records/WORKING_ITEMS_RUN_2026-07-12_D41-R5-T4-PDU012-PDU021-PDU022-PDU040.md	679a04b0e53dee74543c9d49a7c48748fa24ff11208b88dd3e7417c5527aa344	1114
execution/_Coordination/AgentRuns/SOW-STAGE2-EXEC-20260712-01/instances/WORKING-P4-PKG14/children/AUTHOR-B1/members/DEL-14-04/simulation/rollback/_run_records/WORKING_ITEMS_RUN_2026-07-12_D41-R5-T7-PDU055-CURRENTNESS.md	a755f5c731aedc1c11f2b0b6f7064ef100dff5b14453ee41c000d2af538a62db	983
execution/_Coordination/AgentRuns/SOW-STAGE2-EXEC-20260712-01/instances/WORKING-P4-PKG14/children/AUTHOR-B1/members/DEL-14-04/simulation-apply-validation.json	fa14fa1acfa0f04ebd92774e34e22819c34be9ccac3a22f2d193b5db18daef28	276
execution/_Coordination/AgentRuns/SOW-STAGE2-EXEC-20260712-01/instances/WORKING-P4-PKG14/children/AUTHOR-B1/members/DEL-14-04/simulation-apply-validation.stderr	e3b0c44298fc1c149afbf4c8996fb92427ae41e4649b934ca495991b7852b855	0
execution/_Coordination/AgentRuns/SOW-STAGE2-EXEC-20260712-01/instances/WORKING-P4-PKG14/children/AUTHOR-B1/members/DEL-14-04/validation-dual-a.json	43b5f66aaaefb951dbd07516b7e1b6d4f6b5f0d0b26da7910b1e21b7cc11cfc1	264
execution/_Coordination/AgentRuns/SOW-STAGE2-EXEC-20260712-01/instances/WORKING-P4-PKG14/children/AUTHOR-B1/members/DEL-14-04/validation-dual-a.stderr	e3b0c44298fc1c149afbf4c8996fb92427ae41e4649b934ca495991b7852b855	0
execution/_Coordination/AgentRuns/SOW-STAGE2-EXEC-20260712-01/instances/WORKING-P4-PKG14/children/AUTHOR-B1/members/DEL-14-04/validation-dual-b.json	d27cf1f90f27db0a01781bcf15c280c8fc8e84e79cc363b8ecc2d02d4aa77d7a	264
execution/_Coordination/AgentRuns/SOW-STAGE2-EXEC-20260712-01/instances/WORKING-P4-PKG14/children/AUTHOR-B1/members/DEL-14-04/validation-dual-b.stderr	e3b0c44298fc1c149afbf4c8996fb92427ae41e4649b934ca495991b7852b855	0
execution/_Coordination/AgentRuns/SOW-STAGE2-EXEC-20260712-01/instances/WORKING-P4-PKG14/children/AUTHOR-B1/members/DEL-14-04/validation-sow-v1.json	8eb7a6681d4ce8d03e9c2f113962989dcb5216cd25f4eb0ddf41b4f1699fd13d	242
execution/_Coordination/AgentRuns/SOW-STAGE2-EXEC-20260712-01/instances/WORKING-P4-PKG14/children/AUTHOR-B1/members/DEL-14-04/validation-sow-v1.stderr	e3b0c44298fc1c149afbf4c8996fb92427ae41e4649b934ca495991b7852b855	0
execution/_Coordination/AgentRuns/SOW-STAGE2-EXEC-20260712-01/instances/WORKING-P4-PKG14/children/AUTHOR-B1/members/DEL-14-04/workspace-a/Datasheet.md	ba71b264dffd5d9fd770b831d743132cc9a838f39e66858a6bcde5bed01c0dbe	7655
execution/_Coordination/AgentRuns/SOW-STAGE2-EXEC-20260712-01/instances/WORKING-P4-PKG14/children/AUTHOR-B1/members/DEL-14-04/workspace-a/Dependencies.csv	fff0fdfa674813ad7a57d4710657eb5d00026a51f1d930845ab83d93d276e7cc	18715
execution/_Coordination/AgentRuns/SOW-STAGE2-EXEC-20260712-01/instances/WORKING-P4-PKG14/children/AUTHOR-B1/members/DEL-14-04/workspace-a/Guidance.md	d960e22f6a758f7ef1e6157b55f6d41e38555b298500e85f7f714b8f504c73ed	6058
execution/_Coordination/AgentRuns/SOW-STAGE2-EXEC-20260712-01/instances/WORKING-P4-PKG14/children/AUTHOR-B1/members/DEL-14-04/workspace-a/MEMORY.md	c3dded08e70c2daefbdf18fe092839d1471c0227584e82f3dd30995e2cfd2bfa	15154
execution/_Coordination/AgentRuns/SOW-STAGE2-EXEC-20260712-01/instances/WORKING-P4-PKG14/children/AUTHOR-B1/members/DEL-14-04/workspace-a/Procedure.md	a3e118c1934b7f3404d33fc4a3c9c00e3ca9b5963f3d9913b9f34d286c9c1a7c	6362
execution/_Coordination/AgentRuns/SOW-STAGE2-EXEC-20260712-01/instances/WORKING-P4-PKG14/children/AUTHOR-B1/members/DEL-14-04/workspace-a/RUN_NOTES.md	2e8310107e2de15e1d2ae7d22a322eafff944d2fb696ff3f52f8c063be71beb1	1229
execution/_Coordination/AgentRuns/SOW-STAGE2-EXEC-20260712-01/instances/WORKING-P4-PKG14/children/AUTHOR-B1/members/DEL-14-04/workspace-a/Review_Findings.csv	08dd7619787bf7f848ef0d76b718d84eebcb478908dc0fae51c58d3b89ce6130	142
execution/_Coordination/AgentRuns/SOW-STAGE2-EXEC-20260712-01/instances/WORKING-P4-PKG14/children/AUTHOR-B1/members/DEL-14-04/workspace-a/ScopeOfWork.md	a1532cf10d8979d200817b9cee3086dbf2d8cddd7e21cfd240a79b7ee9cda54c	41173
execution/_Coordination/AgentRuns/SOW-STAGE2-EXEC-20260712-01/instances/WORKING-P4-PKG14/children/AUTHOR-B1/members/DEL-14-04/workspace-a/Specification.md	5d13951beb08855b63e118aeb3f6b17759c607dd81f90b9eff5144b9ca05d329	8319
execution/_Coordination/AgentRuns/SOW-STAGE2-EXEC-20260712-01/instances/WORKING-P4-PKG14/children/AUTHOR-B1/members/DEL-14-04/workspace-a/_CONTEXT.md	a3a5fe6a8203ac465074d0148e9f0e9210ef7fcb52fa09e707ac0ff9d449eb28	4014
execution/_Coordination/AgentRuns/SOW-STAGE2-EXEC-20260712-01/instances/WORKING-P4-PKG14/children/AUTHOR-B1/members/DEL-14-04/workspace-a/_DEPENDENCIES.md	d6771a9cc2584a0f79d6f5e30731d9ccdf9ff1061133b758c7e61bd229fed009	4178
execution/_Coordination/AgentRuns/SOW-STAGE2-EXEC-20260712-01/instances/WORKING-P4-PKG14/children/AUTHOR-B1/members/DEL-14-04/workspace-a/_REFERENCES.md	cf555601f3f5866fe8fa279a8d89afae0deceb3c021fcad9f0abcceb568b7074	1975
execution/_Coordination/AgentRuns/SOW-STAGE2-EXEC-20260712-01/instances/WORKING-P4-PKG14/children/AUTHOR-B1/members/DEL-14-04/workspace-a/_REVIEW.md	4bb718874bfbb5e7b2a6c44fab63b2048da2e21c8c496ebe7aeb1d374a570d2f	3826
execution/_Coordination/AgentRuns/SOW-STAGE2-EXEC-20260712-01/instances/WORKING-P4-PKG14/children/AUTHOR-B1/members/DEL-14-04/workspace-a/_SEMANTIC.md	68ca7ba70aac4073995aa7d252ea04472aa2b0bebcb47344f2109db59697061a	36215
execution/_Coordination/AgentRuns/SOW-STAGE2-EXEC-20260712-01/instances/WORKING-P4-PKG14/children/AUTHOR-B1/members/DEL-14-04/workspace-a/_SEMANTIC_LENSING.md	b639130f3c30daf62f03e0ab2e176d48ce1d9f6672a2fd0139c52b86e3ec48a9	18184
execution/_Coordination/AgentRuns/SOW-STAGE2-EXEC-20260712-01/instances/WORKING-P4-PKG14/children/AUTHOR-B1/members/DEL-14-04/workspace-a/_STATUS.md	d9971534e97fd243386c09073d606a9d425c70e2f70f995a1808d18e7505f940	4026
execution/_Coordination/AgentRuns/SOW-STAGE2-EXEC-20260712-01/instances/WORKING-P4-PKG14/children/AUTHOR-B1/members/DEL-14-04/workspace-a/_run_records/TASK_RUN_2026-05-10_2345.md	2f5e6f50f99b4a41b6d44622f70d403b5354d17270e8dc9438a4b2f3e3de5a18	3203
execution/_Coordination/AgentRuns/SOW-STAGE2-EXEC-20260712-01/instances/WORKING-P4-PKG14/children/AUTHOR-B1/members/DEL-14-04/workspace-a/_run_records/TASK_RUN_2026-06-04_authority-refresh-0.7-dag006_DEL-14-04.md	8fc763b1d2aa923be980d98de5c3922bafc7fb1d4532511c4eabeed45976a72e	1703
execution/_Coordination/AgentRuns/SOW-STAGE2-EXEC-20260712-01/instances/WORKING-P4-PKG14/children/AUTHOR-B1/members/DEL-14-04/workspace-a/_run_records/TASK_RUN_2026-06-06_DEL-14-04_analysis-run-comparison-evidence-hardening.md	ee9b1237670c2492fcad499162e6566df709fb8d9ca500b5bce8b5aca35f1948	2609
execution/_Coordination/AgentRuns/SOW-STAGE2-EXEC-20260712-01/instances/WORKING-P4-PKG14/children/AUTHOR-B1/members/DEL-14-04/workspace-a/_run_records/TASK_RUN_2026-06-07_DEL-14-04_checking-alignment.md	4bd862c8e9d35f645e761f6202c5c4163129211e7b36bafa063c28d120bf2865	4810
execution/_Coordination/AgentRuns/SOW-STAGE2-EXEC-20260712-01/instances/WORKING-P4-PKG14/children/AUTHOR-B1/members/DEL-14-04/workspace-a/_run_records/TASK_RUN_2026-06-16_dependency-semantic-refresh_DEL-14-04.md	c691df3d9dde3b39beb2ebcd76e450900e7467acbf2f95668b03f9fe71533a08	1968
execution/_Coordination/AgentRuns/SOW-STAGE2-EXEC-20260712-01/instances/WORKING-P4-PKG14/children/AUTHOR-B1/members/DEL-14-04/workspace-a/_run_records/WORKING_ITEMS_RUN_2026-06-17_TP-UNITS-BTAIL-COMPARISONGUIUNITS-001.md	26305922d27eb2008a7e329e82b83af77a0e04c5e4da33ed3614c14aedac92f1	2727
execution/_Coordination/AgentRuns/SOW-STAGE2-EXEC-20260712-01/instances/WORKING-P4-PKG14/children/AUTHOR-B1/members/DEL-14-04/workspace-a/_run_records/WORKING_ITEMS_RUN_2026-06-17_TP-UNITS-BTAIL-COMPTOLCORPUS-001.md	f6a3ba95775bea37126c82b831a2de76ce3c16b47ff547c0c1f9d12f40cdd30d	3171
execution/_Coordination/AgentRuns/SOW-STAGE2-EXEC-20260712-01/instances/WORKING-P4-PKG14/children/AUTHOR-B1/members/DEL-14-04/workspace-a/_run_records/WORKING_ITEMS_RUN_2026-06-17_TP-UNITS-BTAIL-DESIGNWORKSPACEUNITS-001.md	68b7db6a907d1b524c9e928905eb0d4630bf8cabfe230023a90fdf3c41242ee8	1740
execution/_Coordination/AgentRuns/SOW-STAGE2-EXEC-20260712-01/instances/WORKING-P4-PKG14/children/AUTHOR-B1/members/DEL-14-04/workspace-a/_run_records/WORKING_ITEMS_RUN_2026-06-18_TP-UNITS-BTAIL-COMPARISONLINTUNITS-001.md	c817f574161e000f7248860bc65821febfe729d60d2b48873c4a5825d299351f	2135
execution/_Coordination/AgentRuns/SOW-STAGE2-EXEC-20260712-01/instances/WORKING-P4-PKG14/children/AUTHOR-B1/members/DEL-14-04/workspace-a/_run_records/WORKING_ITEMS_RUN_2026-07-12_D41-R5-T2B-PDU011-PDU047.md	2d89f5b357d40048bd4f8e0d21d92dee545a69f9fec9d5f2bb4d93f97c65da01	1558
execution/_Coordination/AgentRuns/SOW-STAGE2-EXEC-20260712-01/instances/WORKING-P4-PKG14/children/AUTHOR-B1/members/DEL-14-04/workspace-a/_run_records/WORKING_ITEMS_RUN_2026-07-12_D41-R5-T2C-PDU030.md	403676f4ae70eaefbcc22630d07de075f0f1ccc909d0f2d27c23f6c0210a74a8	1594
execution/_Coordination/AgentRuns/SOW-STAGE2-EXEC-20260712-01/instances/WORKING-P4-PKG14/children/AUTHOR-B1/members/DEL-14-04/workspace-a/_run_records/WORKING_ITEMS_RUN_2026-07-12_D41-R5-T4-PDU012-PDU021-PDU022-PDU040.md	679a04b0e53dee74543c9d49a7c48748fa24ff11208b88dd3e7417c5527aa344	1114
execution/_Coordination/AgentRuns/SOW-STAGE2-EXEC-20260712-01/instances/WORKING-P4-PKG14/children/AUTHOR-B1/members/DEL-14-04/workspace-a/_run_records/WORKING_ITEMS_RUN_2026-07-12_D41-R5-T7-PDU055-CURRENTNESS.md	a755f5c731aedc1c11f2b0b6f7064ef100dff5b14453ee41c000d2af538a62db	983
execution/_Coordination/AgentRuns/SOW-STAGE2-EXEC-20260712-01/instances/WORKING-P4-PKG14/children/AUTHOR-B1/members/DEL-14-04/workspace-b/Datasheet.md	ba71b264dffd5d9fd770b831d743132cc9a838f39e66858a6bcde5bed01c0dbe	7655
execution/_Coordination/AgentRuns/SOW-STAGE2-EXEC-20260712-01/instances/WORKING-P4-PKG14/children/AUTHOR-B1/members/DEL-14-04/workspace-b/Dependencies.csv	fff0fdfa674813ad7a57d4710657eb5d00026a51f1d930845ab83d93d276e7cc	18715
execution/_Coordination/AgentRuns/SOW-STAGE2-EXEC-20260712-01/instances/WORKING-P4-PKG14/children/AUTHOR-B1/members/DEL-14-04/workspace-b/Guidance.md	d960e22f6a758f7ef1e6157b55f6d41e38555b298500e85f7f714b8f504c73ed	6058
execution/_Coordination/AgentRuns/SOW-STAGE2-EXEC-20260712-01/instances/WORKING-P4-PKG14/children/AUTHOR-B1/members/DEL-14-04/workspace-b/MEMORY.md	c3dded08e70c2daefbdf18fe092839d1471c0227584e82f3dd30995e2cfd2bfa	15154
execution/_Coordination/AgentRuns/SOW-STAGE2-EXEC-20260712-01/instances/WORKING-P4-PKG14/children/AUTHOR-B1/members/DEL-14-04/workspace-b/Procedure.md	a3e118c1934b7f3404d33fc4a3c9c00e3ca9b5963f3d9913b9f34d286c9c1a7c	6362
execution/_Coordination/AgentRuns/SOW-STAGE2-EXEC-20260712-01/instances/WORKING-P4-PKG14/children/AUTHOR-B1/members/DEL-14-04/workspace-b/RUN_NOTES.md	2e8310107e2de15e1d2ae7d22a322eafff944d2fb696ff3f52f8c063be71beb1	1229
execution/_Coordination/AgentRuns/SOW-STAGE2-EXEC-20260712-01/instances/WORKING-P4-PKG14/children/AUTHOR-B1/members/DEL-14-04/workspace-b/Review_Findings.csv	08dd7619787bf7f848ef0d76b718d84eebcb478908dc0fae51c58d3b89ce6130	142
execution/_Coordination/AgentRuns/SOW-STAGE2-EXEC-20260712-01/instances/WORKING-P4-PKG14/children/AUTHOR-B1/members/DEL-14-04/workspace-b/ScopeOfWork.md	a1532cf10d8979d200817b9cee3086dbf2d8cddd7e21cfd240a79b7ee9cda54c	41173
execution/_Coordination/AgentRuns/SOW-STAGE2-EXEC-20260712-01/instances/WORKING-P4-PKG14/children/AUTHOR-B1/members/DEL-14-04/workspace-b/Specification.md	5d13951beb08855b63e118aeb3f6b17759c607dd81f90b9eff5144b9ca05d329	8319
execution/_Coordination/AgentRuns/SOW-STAGE2-EXEC-20260712-01/instances/WORKING-P4-PKG14/children/AUTHOR-B1/members/DEL-14-04/workspace-b/_CONTEXT.md	a3a5fe6a8203ac465074d0148e9f0e9210ef7fcb52fa09e707ac0ff9d449eb28	4014
execution/_Coordination/AgentRuns/SOW-STAGE2-EXEC-20260712-01/instances/WORKING-P4-PKG14/children/AUTHOR-B1/members/DEL-14-04/workspace-b/_DEPENDENCIES.md	d6771a9cc2584a0f79d6f5e30731d9ccdf9ff1061133b758c7e61bd229fed009	4178
execution/_Coordination/AgentRuns/SOW-STAGE2-EXEC-20260712-01/instances/WORKING-P4-PKG14/children/AUTHOR-B1/members/DEL-14-04/workspace-b/_REFERENCES.md	cf555601f3f5866fe8fa279a8d89afae0deceb3c021fcad9f0abcceb568b7074	1975
execution/_Coordination/AgentRuns/SOW-STAGE2-EXEC-20260712-01/instances/WORKING-P4-PKG14/children/AUTHOR-B1/members/DEL-14-04/workspace-b/_REVIEW.md	4bb718874bfbb5e7b2a6c44fab63b2048da2e21c8c496ebe7aeb1d374a570d2f	3826
execution/_Coordination/AgentRuns/SOW-STAGE2-EXEC-20260712-01/instances/WORKING-P4-PKG14/children/AUTHOR-B1/members/DEL-14-04/workspace-b/_SEMANTIC.md	68ca7ba70aac4073995aa7d252ea04472aa2b0bebcb47344f2109db59697061a	36215
execution/_Coordination/AgentRuns/SOW-STAGE2-EXEC-20260712-01/instances/WORKING-P4-PKG14/children/AUTHOR-B1/members/DEL-14-04/workspace-b/_SEMANTIC_LENSING.md	b639130f3c30daf62f03e0ab2e176d48ce1d9f6672a2fd0139c52b86e3ec48a9	18184
execution/_Coordination/AgentRuns/SOW-STAGE2-EXEC-20260712-01/instances/WORKING-P4-PKG14/children/AUTHOR-B1/members/DEL-14-04/workspace-b/_STATUS.md	d9971534e97fd243386c09073d606a9d425c70e2f70f995a1808d18e7505f940	4026
execution/_Coordination/AgentRuns/SOW-STAGE2-EXEC-20260712-01/instances/WORKING-P4-PKG14/children/AUTHOR-B1/members/DEL-14-04/workspace-b/_run_records/TASK_RUN_2026-05-10_2345.md	2f5e6f50f99b4a41b6d44622f70d403b5354d17270e8dc9438a4b2f3e3de5a18	3203
execution/_Coordination/AgentRuns/SOW-STAGE2-EXEC-20260712-01/instances/WORKING-P4-PKG14/children/AUTHOR-B1/members/DEL-14-04/workspace-b/_run_records/TASK_RUN_2026-06-04_authority-refresh-0.7-dag006_DEL-14-04.md	8fc763b1d2aa923be980d98de5c3922bafc7fb1d4532511c4eabeed45976a72e	1703
execution/_Coordination/AgentRuns/SOW-STAGE2-EXEC-20260712-01/instances/WORKING-P4-PKG14/children/AUTHOR-B1/members/DEL-14-04/workspace-b/_run_records/TASK_RUN_2026-06-06_DEL-14-04_analysis-run-comparison-evidence-hardening.md	ee9b1237670c2492fcad499162e6566df709fb8d9ca500b5bce8b5aca35f1948	2609
execution/_Coordination/AgentRuns/SOW-STAGE2-EXEC-20260712-01/instances/WORKING-P4-PKG14/children/AUTHOR-B1/members/DEL-14-04/workspace-b/_run_records/TASK_RUN_2026-06-07_DEL-14-04_checking-alignment.md	4bd862c8e9d35f645e761f6202c5c4163129211e7b36bafa063c28d120bf2865	4810
execution/_Coordination/AgentRuns/SOW-STAGE2-EXEC-20260712-01/instances/WORKING-P4-PKG14/children/AUTHOR-B1/members/DEL-14-04/workspace-b/_run_records/TASK_RUN_2026-06-16_dependency-semantic-refresh_DEL-14-04.md	c691df3d9dde3b39beb2ebcd76e450900e7467acbf2f95668b03f9fe71533a08	1968
execution/_Coordination/AgentRuns/SOW-STAGE2-EXEC-20260712-01/instances/WORKING-P4-PKG14/children/AUTHOR-B1/members/DEL-14-04/workspace-b/_run_records/WORKING_ITEMS_RUN_2026-06-17_TP-UNITS-BTAIL-COMPARISONGUIUNITS-001.md	26305922d27eb2008a7e329e82b83af77a0e04c5e4da33ed3614c14aedac92f1	2727
execution/_Coordination/AgentRuns/SOW-STAGE2-EXEC-20260712-01/instances/WORKING-P4-PKG14/children/AUTHOR-B1/members/DEL-14-04/workspace-b/_run_records/WORKING_ITEMS_RUN_2026-06-17_TP-UNITS-BTAIL-COMPTOLCORPUS-001.md	f6a3ba95775bea37126c82b831a2de76ce3c16b47ff547c0c1f9d12f40cdd30d	3171
execution/_Coordination/AgentRuns/SOW-STAGE2-EXEC-20260712-01/instances/WORKING-P4-PKG14/children/AUTHOR-B1/members/DEL-14-04/workspace-b/_run_records/WORKING_ITEMS_RUN_2026-06-17_TP-UNITS-BTAIL-DESIGNWORKSPACEUNITS-001.md	68b7db6a907d1b524c9e928905eb0d4630bf8cabfe230023a90fdf3c41242ee8	1740
execution/_Coordination/AgentRuns/SOW-STAGE2-EXEC-20260712-01/instances/WORKING-P4-PKG14/children/AUTHOR-B1/members/DEL-14-04/workspace-b/_run_records/WORKING_ITEMS_RUN_2026-06-18_TP-UNITS-BTAIL-COMPARISONLINTUNITS-001.md	c817f574161e000f7248860bc65821febfe729d60d2b48873c4a5825d299351f	2135
execution/_Coordination/AgentRuns/SOW-STAGE2-EXEC-20260712-01/instances/WORKING-P4-PKG14/children/AUTHOR-B1/members/DEL-14-04/workspace-b/_run_records/WORKING_ITEMS_RUN_2026-07-12_D41-R5-T2B-PDU011-PDU047.md	2d89f5b357d40048bd4f8e0d21d92dee545a69f9fec9d5f2bb4d93f97c65da01	1558
execution/_Coordination/AgentRuns/SOW-STAGE2-EXEC-20260712-01/instances/WORKING-P4-PKG14/children/AUTHOR-B1/members/DEL-14-04/workspace-b/_run_records/WORKING_ITEMS_RUN_2026-07-12_D41-R5-T2C-PDU030.md	403676f4ae70eaefbcc22630d07de075f0f1ccc909d0f2d27c23f6c0210a74a8	1594
execution/_Coordination/AgentRuns/SOW-STAGE2-EXEC-20260712-01/instances/WORKING-P4-PKG14/children/AUTHOR-B1/members/DEL-14-04/workspace-b/_run_records/WORKING_ITEMS_RUN_2026-07-12_D41-R5-T4-PDU012-PDU021-PDU022-PDU040.md	679a04b0e53dee74543c9d49a7c48748fa24ff11208b88dd3e7417c5527aa344	1114
execution/_Coordination/AgentRuns/SOW-STAGE2-EXEC-20260712-01/instances/WORKING-P4-PKG14/children/AUTHOR-B1/members/DEL-14-04/workspace-b/_run_records/WORKING_ITEMS_RUN_2026-07-12_D41-R5-T7-PDU055-CURRENTNESS.md	a755f5c731aedc1c11f2b0b6f7064ef100dff5b14453ee41c000d2af538a62db	983
execution/_Coordination/AgentRuns/SOW-STAGE2-EXEC-20260712-01/instances/WORKING-P4-PKG14/children/AUTHOR-B1/members/DEL-14-05/DERIVATIVE_DETERMINISM.tsv	a7d2b9c24bd7a57837b930ed644a0de53549f17fa50d6364c234e16b1500ec5a	626
execution/_Coordination/AgentRuns/SOW-STAGE2-EXEC-20260712-01/instances/WORKING-P4-PKG14/children/AUTHOR-B1/members/DEL-14-05/DETERMINISM.tsv	cef74a20f022b12c4e99e5aa23f3ed048074be77fb72ae04e622dc668c07e754	506
execution/_Coordination/AgentRuns/SOW-STAGE2-EXEC-20260712-01/instances/WORKING-P4-PKG14/children/AUTHOR-B1/members/DEL-14-05/FROZEN_ROW.tsv	ff448c8cbd4281ace843900ba450831000c2472fb4f02aba66d292121e1dfa34	1636
execution/_Coordination/AgentRuns/SOW-STAGE2-EXEC-20260712-01/instances/WORKING-P4-PKG14/children/AUTHOR-B1/members/DEL-14-05/IMMUTABLE_LITERAL_AND_CONTEXT_REVIEW.md	cbc38219477842a744d18eddc0a00a27c85c1c8ffbc4e027654937731e7c6b67	828
execution/_Coordination/AgentRuns/SOW-STAGE2-EXEC-20260712-01/instances/WORKING-P4-PKG14/children/AUTHOR-B1/members/DEL-14-05/MEMBER_SUMMARY.md	5dfc2efa093ebedfc2098dd010db96c9ec5434f206aa669d58597c0ac8cea87c	630
execution/_Coordination/AgentRuns/SOW-STAGE2-EXEC-20260712-01/instances/WORKING-P4-PKG14/children/AUTHOR-B1/members/DEL-14-05/SOURCE_HASHES.tsv	ecc879bfc42f032a6cd89c50d6aacde20c506bf1c540e499c2ca5469362072b9	1657
execution/_Coordination/AgentRuns/SOW-STAGE2-EXEC-20260712-01/instances/WORKING-P4-PKG14/children/AUTHOR-B1/members/DEL-14-05/ScopeOfWork-a.html	4d46d8f56beb8a539d689ac55c3baff98656808453a98e67ac535807fbbbddfa	36520
execution/_Coordination/AgentRuns/SOW-STAGE2-EXEC-20260712-01/instances/WORKING-P4-PKG14/children/AUTHOR-B1/members/DEL-14-05/ScopeOfWork-b.html	4d46d8f56beb8a539d689ac55c3baff98656808453a98e67ac535807fbbbddfa	36520
execution/_Coordination/AgentRuns/SOW-STAGE2-EXEC-20260712-01/instances/WORKING-P4-PKG14/children/AUTHOR-B1/members/DEL-14-05/checklist-a.json	9c974300835ad3b169ccd62262d340cee78e0eb5ff7a2c955081acfc4f2600ab	1928
execution/_Coordination/AgentRuns/SOW-STAGE2-EXEC-20260712-01/instances/WORKING-P4-PKG14/children/AUTHOR-B1/members/DEL-14-05/checklist-a.stderr	e3b0c44298fc1c149afbf4c8996fb92427ae41e4649b934ca495991b7852b855	0
execution/_Coordination/AgentRuns/SOW-STAGE2-EXEC-20260712-01/instances/WORKING-P4-PKG14/children/AUTHOR-B1/members/DEL-14-05/checklist-a.stdout	e3b0c44298fc1c149afbf4c8996fb92427ae41e4649b934ca495991b7852b855	0
execution/_Coordination/AgentRuns/SOW-STAGE2-EXEC-20260712-01/instances/WORKING-P4-PKG14/children/AUTHOR-B1/members/DEL-14-05/checklist-b.json	9c974300835ad3b169ccd62262d340cee78e0eb5ff7a2c955081acfc4f2600ab	1928
execution/_Coordination/AgentRuns/SOW-STAGE2-EXEC-20260712-01/instances/WORKING-P4-PKG14/children/AUTHOR-B1/members/DEL-14-05/checklist-b.stderr	e3b0c44298fc1c149afbf4c8996fb92427ae41e4649b934ca495991b7852b855	0
execution/_Coordination/AgentRuns/SOW-STAGE2-EXEC-20260712-01/instances/WORKING-P4-PKG14/children/AUTHOR-B1/members/DEL-14-05/checklist-b.stdout	e3b0c44298fc1c149afbf4c8996fb92427ae41e4649b934ca495991b7852b855	0
execution/_Coordination/AgentRuns/SOW-STAGE2-EXEC-20260712-01/instances/WORKING-P4-PKG14/children/AUTHOR-B1/members/DEL-14-05/claim-map-a.csv	6174e426392aec61afa0975dcbc6a0ceeb51bdd01a8f0b36c7aee9bc054a645a	4939
execution/_Coordination/AgentRuns/SOW-STAGE2-EXEC-20260712-01/instances/WORKING-P4-PKG14/children/AUTHOR-B1/members/DEL-14-05/claim-map-a.stderr	e3b0c44298fc1c149afbf4c8996fb92427ae41e4649b934ca495991b7852b855	0
execution/_Coordination/AgentRuns/SOW-STAGE2-EXEC-20260712-01/instances/WORKING-P4-PKG14/children/AUTHOR-B1/members/DEL-14-05/claim-map-a.stdout	e1bac24a273aa2f3aa7d5cc76f11492945ae8e09fbdff7ab9c71ea882cce373d	207
execution/_Coordination/AgentRuns/SOW-STAGE2-EXEC-20260712-01/instances/WORKING-P4-PKG14/children/AUTHOR-B1/members/DEL-14-05/claim-map-b.csv	6174e426392aec61afa0975dcbc6a0ceeb51bdd01a8f0b36c7aee9bc054a645a	4939
execution/_Coordination/AgentRuns/SOW-STAGE2-EXEC-20260712-01/instances/WORKING-P4-PKG14/children/AUTHOR-B1/members/DEL-14-05/claim-map-b.stderr	e3b0c44298fc1c149afbf4c8996fb92427ae41e4649b934ca495991b7852b855	0
execution/_Coordination/AgentRuns/SOW-STAGE2-EXEC-20260712-01/instances/WORKING-P4-PKG14/children/AUTHOR-B1/members/DEL-14-05/claim-map-b.stdout	1a408d4fa5c6dddbb58ef6ad83df946966fe859b44f30d3fbd9b59aa283fd163	207
execution/_Coordination/AgentRuns/SOW-STAGE2-EXEC-20260712-01/instances/WORKING-P4-PKG14/children/AUTHOR-B1/members/DEL-14-05/conversion-a.stderr	e3b0c44298fc1c149afbf4c8996fb92427ae41e4649b934ca495991b7852b855	0
execution/_Coordination/AgentRuns/SOW-STAGE2-EXEC-20260712-01/instances/WORKING-P4-PKG14/children/AUTHOR-B1/members/DEL-14-05/conversion-a.stdout	247d7101505966eb76182f3283395cbf1a0713cf31e225e9b601d24a1b8d42b1	198
execution/_Coordination/AgentRuns/SOW-STAGE2-EXEC-20260712-01/instances/WORKING-P4-PKG14/children/AUTHOR-B1/members/DEL-14-05/conversion-b.stderr	e3b0c44298fc1c149afbf4c8996fb92427ae41e4649b934ca495991b7852b855	0
execution/_Coordination/AgentRuns/SOW-STAGE2-EXEC-20260712-01/instances/WORKING-P4-PKG14/children/AUTHOR-B1/members/DEL-14-05/conversion-b.stdout	d567b33a1f1ba29161f0fd039b8c4ab5254fd85ff7bd2498bf99eea158691eaf	198
execution/_Coordination/AgentRuns/SOW-STAGE2-EXEC-20260712-01/instances/WORKING-P4-PKG14/children/AUTHOR-B1/members/DEL-14-05/final-a/ScopeOfWork.md	5661376fd7a3691c8e8d6c8300f79cc0d819d03bad4cb5261222f42216ef60e2	28498
execution/_Coordination/AgentRuns/SOW-STAGE2-EXEC-20260712-01/instances/WORKING-P4-PKG14/children/AUTHOR-B1/members/DEL-14-05/final-a/report.json	e750e3d9781f1c42297b8b8e7e2db46a0f850f7077a8401572744fffb6ea7e07	10380
execution/_Coordination/AgentRuns/SOW-STAGE2-EXEC-20260712-01/instances/WORKING-P4-PKG14/children/AUTHOR-B1/members/DEL-14-05/final-b/ScopeOfWork.md	5661376fd7a3691c8e8d6c8300f79cc0d819d03bad4cb5261222f42216ef60e2	28498
execution/_Coordination/AgentRuns/SOW-STAGE2-EXEC-20260712-01/instances/WORKING-P4-PKG14/children/AUTHOR-B1/members/DEL-14-05/final-b/report.json	e750e3d9781f1c42297b8b8e7e2db46a0f850f7077a8401572744fffb6ea7e07	10380
execution/_Coordination/AgentRuns/SOW-STAGE2-EXEC-20260712-01/instances/WORKING-P4-PKG14/children/AUTHOR-B1/members/DEL-14-05/finalization-a.stderr	e3b0c44298fc1c149afbf4c8996fb92427ae41e4649b934ca495991b7852b855	0
execution/_Coordination/AgentRuns/SOW-STAGE2-EXEC-20260712-01/instances/WORKING-P4-PKG14/children/AUTHOR-B1/members/DEL-14-05/finalization-a.stdout	4ee945504cee647e6b6b6bce7209a8a5acf3e9b0690a00e195072a52ff5d0ef9	216
execution/_Coordination/AgentRuns/SOW-STAGE2-EXEC-20260712-01/instances/WORKING-P4-PKG14/children/AUTHOR-B1/members/DEL-14-05/finalization-b.stderr	e3b0c44298fc1c149afbf4c8996fb92427ae41e4649b934ca495991b7852b855	0
execution/_Coordination/AgentRuns/SOW-STAGE2-EXEC-20260712-01/instances/WORKING-P4-PKG14/children/AUTHOR-B1/members/DEL-14-05/finalization-b.stdout	7bd4dab24f3ad5a3cee6fce59e5021a9724d1e7ac7895a872acca87b631f2ed9	216
execution/_Coordination/AgentRuns/SOW-STAGE2-EXEC-20260712-01/instances/WORKING-P4-PKG14/children/AUTHOR-B1/members/DEL-14-05/mutated-production/ScopeOfWork.md	29ce26814480cb30ee8dbf05a6907a7117420dae743d5651f4c8ad1867f49d5a	28517
execution/_Coordination/AgentRuns/SOW-STAGE2-EXEC-20260712-01/instances/WORKING-P4-PKG14/children/AUTHOR-B1/members/DEL-14-05/negative-ambiguous-checklist.exit	4355a46b19d348dc2f57c046f8ef63d4538ebb936000f3c9ee954a27460dd865	2
execution/_Coordination/AgentRuns/SOW-STAGE2-EXEC-20260712-01/instances/WORKING-P4-PKG14/children/AUTHOR-B1/members/DEL-14-05/negative-ambiguous-checklist.stderr	b37a0cca9858c0352661b65d064e00020bbe562dbdaab6454812cd6c24f7dd2c	167
execution/_Coordination/AgentRuns/SOW-STAGE2-EXEC-20260712-01/instances/WORKING-P4-PKG14/children/AUTHOR-B1/members/DEL-14-05/negative-ambiguous-checklist.stdout	e3b0c44298fc1c149afbf4c8996fb92427ae41e4649b934ca495991b7852b855	0
execution/_Coordination/AgentRuns/SOW-STAGE2-EXEC-20260712-01/instances/WORKING-P4-PKG14/children/AUTHOR-B1/members/DEL-14-05/negative-evidence-render.exit	4355a46b19d348dc2f57c046f8ef63d4538ebb936000f3c9ee954a27460dd865	2
execution/_Coordination/AgentRuns/SOW-STAGE2-EXEC-20260712-01/instances/WORKING-P4-PKG14/children/AUTHOR-B1/members/DEL-14-05/negative-evidence-render.stderr	cb0da27c60dce6b4cbcfd06282c5b6f1266cc686411a099c3c2ce0fa13f2bc8d	129
execution/_Coordination/AgentRuns/SOW-STAGE2-EXEC-20260712-01/instances/WORKING-P4-PKG14/children/AUTHOR-B1/members/DEL-14-05/negative-evidence-render.stdout	e3b0c44298fc1c149afbf4c8996fb92427ae41e4649b934ca495991b7852b855	0
execution/_Coordination/AgentRuns/SOW-STAGE2-EXEC-20260712-01/instances/WORKING-P4-PKG14/children/AUTHOR-B1/members/DEL-14-05/negative-mutated-map.exit	4355a46b19d348dc2f57c046f8ef63d4538ebb936000f3c9ee954a27460dd865	2
execution/_Coordination/AgentRuns/SOW-STAGE2-EXEC-20260712-01/instances/WORKING-P4-PKG14/children/AUTHOR-B1/members/DEL-14-05/negative-mutated-map.stderr	508e4cba64abbcf0b6795d7878007071f478f6346c8328a87ab00f3b4203657f	97
execution/_Coordination/AgentRuns/SOW-STAGE2-EXEC-20260712-01/instances/WORKING-P4-PKG14/children/AUTHOR-B1/members/DEL-14-05/negative-mutated-map.stdout	e3b0c44298fc1c149afbf4c8996fb92427ae41e4649b934ca495991b7852b855	0
execution/_Coordination/AgentRuns/SOW-STAGE2-EXEC-20260712-01/instances/WORKING-P4-PKG14/children/AUTHOR-B1/members/DEL-14-05/negative-mutated-parity.exit	4355a46b19d348dc2f57c046f8ef63d4538ebb936000f3c9ee954a27460dd865	2
execution/_Coordination/AgentRuns/SOW-STAGE2-EXEC-20260712-01/instances/WORKING-P4-PKG14/children/AUTHOR-B1/members/DEL-14-05/negative-mutated-parity.json	9305067edbf22ec7838573ed4ca7cef141d228ff5720f0bb5d3ed08998edf551	6706
execution/_Coordination/AgentRuns/SOW-STAGE2-EXEC-20260712-01/instances/WORKING-P4-PKG14/children/AUTHOR-B1/members/DEL-14-05/negative-mutated-parity.stderr	e3b0c44298fc1c149afbf4c8996fb92427ae41e4649b934ca495991b7852b855	0
execution/_Coordination/AgentRuns/SOW-STAGE2-EXEC-20260712-01/instances/WORKING-P4-PKG14/children/AUTHOR-B1/members/DEL-14-05/negative-mutated-parity.stdout	1cb31b8489d6d0bb14ef4d25a9462682d623c634ff95a081af0535246f481b23	15
execution/_Coordination/AgentRuns/SOW-STAGE2-EXEC-20260712-01/instances/WORKING-P4-PKG14/children/AUTHOR-B1/members/DEL-14-05/negative-partial/Datasheet.md	82e6f23caa841419786fae5aee960085210cb9234e44f2212b4873463cdf91d7	6154
execution/_Coordination/AgentRuns/SOW-STAGE2-EXEC-20260712-01/instances/WORKING-P4-PKG14/children/AUTHOR-B1/members/DEL-14-05/negative-partial/_STATUS.md	1a36b73fe8244570aaa0bf9934756e86d2bf0d64217919eced6122083e0707b2	3066
execution/_Coordination/AgentRuns/SOW-STAGE2-EXEC-20260712-01/instances/WORKING-P4-PKG14/children/AUTHOR-B1/members/DEL-14-05/negative-partial-validation.exit	4355a46b19d348dc2f57c046f8ef63d4538ebb936000f3c9ee954a27460dd865	2
execution/_Coordination/AgentRuns/SOW-STAGE2-EXEC-20260712-01/instances/WORKING-P4-PKG14/children/AUTHOR-B1/members/DEL-14-05/negative-partial-validation.stderr	e3b0c44298fc1c149afbf4c8996fb92427ae41e4649b934ca495991b7852b855	0
execution/_Coordination/AgentRuns/SOW-STAGE2-EXEC-20260712-01/instances/WORKING-P4-PKG14/children/AUTHOR-B1/members/DEL-14-05/negative-partial-validation.stdout	ebb4e66a85eff9ddf83f43cf0a07ab8e1ad2e67a60451ee320dbc565161ad6df	387
execution/_Coordination/AgentRuns/SOW-STAGE2-EXEC-20260712-01/instances/WORKING-P4-PKG14/children/AUTHOR-B1/members/DEL-14-05/negative-unauthorized-checklist.exit	4355a46b19d348dc2f57c046f8ef63d4538ebb936000f3c9ee954a27460dd865	2
execution/_Coordination/AgentRuns/SOW-STAGE2-EXEC-20260712-01/instances/WORKING-P4-PKG14/children/AUTHOR-B1/members/DEL-14-05/negative-unauthorized-checklist.stderr	72fbdb46d4b55ceeac9cb009dbd09cf92cf5cd08ccb47758238c60f426fecfc6	249
execution/_Coordination/AgentRuns/SOW-STAGE2-EXEC-20260712-01/instances/WORKING-P4-PKG14/children/AUTHOR-B1/members/DEL-14-05/negative-unauthorized-checklist.stdout	e3b0c44298fc1c149afbf4c8996fb92427ae41e4649b934ca495991b7852b855	0
execution/_Coordination/AgentRuns/SOW-STAGE2-EXEC-20260712-01/instances/WORKING-P4-PKG14/children/AUTHOR-B1/members/DEL-14-05/negative-unauthorized-dual.exit	4355a46b19d348dc2f57c046f8ef63d4538ebb936000f3c9ee954a27460dd865	2
execution/_Coordination/AgentRuns/SOW-STAGE2-EXEC-20260712-01/instances/WORKING-P4-PKG14/children/AUTHOR-B1/members/DEL-14-05/negative-unauthorized-dual.stderr	e3b0c44298fc1c149afbf4c8996fb92427ae41e4649b934ca495991b7852b855	0
execution/_Coordination/AgentRuns/SOW-STAGE2-EXEC-20260712-01/instances/WORKING-P4-PKG14/children/AUTHOR-B1/members/DEL-14-05/negative-unauthorized-dual.stdout	0c8a4a7254c7884b2da159b8a930970a26c58792a6cf5bf009e9807b9c310516	485
execution/_Coordination/AgentRuns/SOW-STAGE2-EXEC-20260712-01/instances/WORKING-P4-PKG14/children/AUTHOR-B1/members/DEL-14-05/parity-a.json	e45197295c839cc7e2058a2e4e46501aa5184a9d91f11dc03c16f1e895c35654	6544
execution/_Coordination/AgentRuns/SOW-STAGE2-EXEC-20260712-01/instances/WORKING-P4-PKG14/children/AUTHOR-B1/members/DEL-14-05/parity-a.md	8fe619c4824f08fdfbe9af1946a16246b5946f1fa382d65f61c0ef8e0116e7b0	291
execution/_Coordination/AgentRuns/SOW-STAGE2-EXEC-20260712-01/instances/WORKING-P4-PKG14/children/AUTHOR-B1/members/DEL-14-05/parity-a.stderr	e3b0c44298fc1c149afbf4c8996fb92427ae41e4649b934ca495991b7852b855	0
execution/_Coordination/AgentRuns/SOW-STAGE2-EXEC-20260712-01/instances/WORKING-P4-PKG14/children/AUTHOR-B1/members/DEL-14-05/parity-a.stdout	f6333522230dca274955d26bfaf6476e440792229289e463a1cf5b076bc6e705	15
execution/_Coordination/AgentRuns/SOW-STAGE2-EXEC-20260712-01/instances/WORKING-P4-PKG14/children/AUTHOR-B1/members/DEL-14-05/parity-b.json	e45197295c839cc7e2058a2e4e46501aa5184a9d91f11dc03c16f1e895c35654	6544
execution/_Coordination/AgentRuns/SOW-STAGE2-EXEC-20260712-01/instances/WORKING-P4-PKG14/children/AUTHOR-B1/members/DEL-14-05/parity-b.md	8fe619c4824f08fdfbe9af1946a16246b5946f1fa382d65f61c0ef8e0116e7b0	291
execution/_Coordination/AgentRuns/SOW-STAGE2-EXEC-20260712-01/instances/WORKING-P4-PKG14/children/AUTHOR-B1/members/DEL-14-05/parity-b.stderr	e3b0c44298fc1c149afbf4c8996fb92427ae41e4649b934ca495991b7852b855	0
execution/_Coordination/AgentRuns/SOW-STAGE2-EXEC-20260712-01/instances/WORKING-P4-PKG14/children/AUTHOR-B1/members/DEL-14-05/parity-b.stdout	f6333522230dca274955d26bfaf6476e440792229289e463a1cf5b076bc6e705	15
execution/_Coordination/AgentRuns/SOW-STAGE2-EXEC-20260712-01/instances/WORKING-P4-PKG14/children/AUTHOR-B1/members/DEL-14-05/render-a.stderr	e3b0c44298fc1c149afbf4c8996fb92427ae41e4649b934ca495991b7852b855	0
execution/_Coordination/AgentRuns/SOW-STAGE2-EXEC-20260712-01/instances/WORKING-P4-PKG14/children/AUTHOR-B1/members/DEL-14-05/render-a.stdout	e3b0c44298fc1c149afbf4c8996fb92427ae41e4649b934ca495991b7852b855	0
execution/_Coordination/AgentRuns/SOW-STAGE2-EXEC-20260712-01/instances/WORKING-P4-PKG14/children/AUTHOR-B1/members/DEL-14-05/render-b.stderr	e3b0c44298fc1c149afbf4c8996fb92427ae41e4649b934ca495991b7852b855	0
execution/_Coordination/AgentRuns/SOW-STAGE2-EXEC-20260712-01/instances/WORKING-P4-PKG14/children/AUTHOR-B1/members/DEL-14-05/render-b.stdout	e3b0c44298fc1c149afbf4c8996fb92427ae41e4649b934ca495991b7852b855	0
execution/_Coordination/AgentRuns/SOW-STAGE2-EXEC-20260712-01/instances/WORKING-P4-PKG14/children/AUTHOR-B1/members/DEL-14-05/simulation/apply/Dependencies.csv	e34677e98b2eb97127d165e2ae7105daa57a2717d5259ac304f146f980c93390	14818
execution/_Coordination/AgentRuns/SOW-STAGE2-EXEC-20260712-01/instances/WORKING-P4-PKG14/children/AUTHOR-B1/members/DEL-14-05/simulation/apply/MEMORY.md	9fab4e33f468c131cbaf17e125b7bcee3976723df1bdbebbc25fba1fab4041a3	11017
execution/_Coordination/AgentRuns/SOW-STAGE2-EXEC-20260712-01/instances/WORKING-P4-PKG14/children/AUTHOR-B1/members/DEL-14-05/simulation/apply/Review_Findings.csv	08dd7619787bf7f848ef0d76b718d84eebcb478908dc0fae51c58d3b89ce6130	142
execution/_Coordination/AgentRuns/SOW-STAGE2-EXEC-20260712-01/instances/WORKING-P4-PKG14/children/AUTHOR-B1/members/DEL-14-05/simulation/apply/ScopeOfWork.md	5661376fd7a3691c8e8d6c8300f79cc0d819d03bad4cb5261222f42216ef60e2	28498
execution/_Coordination/AgentRuns/SOW-STAGE2-EXEC-20260712-01/instances/WORKING-P4-PKG14/children/AUTHOR-B1/members/DEL-14-05/simulation/apply/_CONTEXT.md	3f3b02aeaf685844ffcdb09a49c0657fc83d933b1addb3759fcdec1eaa340d74	3918
execution/_Coordination/AgentRuns/SOW-STAGE2-EXEC-20260712-01/instances/WORKING-P4-PKG14/children/AUTHOR-B1/members/DEL-14-05/simulation/apply/_DEPENDENCIES.md	3181c569117b936d850d1ef17001dec898e21ea5c1876dd4be10ede6f37a6fe0	3881
execution/_Coordination/AgentRuns/SOW-STAGE2-EXEC-20260712-01/instances/WORKING-P4-PKG14/children/AUTHOR-B1/members/DEL-14-05/simulation/apply/_REFERENCES.md	44185d2eb36d63b67edf02f6a8a9cb10b74f387f9eecdcd9d0d108250d9b3a86	1987
execution/_Coordination/AgentRuns/SOW-STAGE2-EXEC-20260712-01/instances/WORKING-P4-PKG14/children/AUTHOR-B1/members/DEL-14-05/simulation/apply/_REVIEW.md	7c6dc41f8faed45c57ced7567bd4b349d6f04a7d1a77a985571e4d2e1d4443c1	3880
execution/_Coordination/AgentRuns/SOW-STAGE2-EXEC-20260712-01/instances/WORKING-P4-PKG14/children/AUTHOR-B1/members/DEL-14-05/simulation/apply/_SEMANTIC.md	e8c1fe9e71c609c45f2eb0aedd081d6a474b38d7803e2c2c38908ab4105abdba	36494
execution/_Coordination/AgentRuns/SOW-STAGE2-EXEC-20260712-01/instances/WORKING-P4-PKG14/children/AUTHOR-B1/members/DEL-14-05/simulation/apply/_SEMANTIC_LENSING.md	202e5b44400d251c1d086155b61186f9d9559a272cb261258d93c9bfd0324153	19566
execution/_Coordination/AgentRuns/SOW-STAGE2-EXEC-20260712-01/instances/WORKING-P4-PKG14/children/AUTHOR-B1/members/DEL-14-05/simulation/apply/_STATUS.md	1a36b73fe8244570aaa0bf9934756e86d2bf0d64217919eced6122083e0707b2	3066
execution/_Coordination/AgentRuns/SOW-STAGE2-EXEC-20260712-01/instances/WORKING-P4-PKG14/children/AUTHOR-B1/members/DEL-14-05/simulation/apply/_run_records/TASK_RUN_2026-05-10_2348_dependency-refresh-closeout.md	3c108bec0fd6caf77bbda0e22523bcff45d61915a4b8e23874ee73ec3bbfb27b	4199
execution/_Coordination/AgentRuns/SOW-STAGE2-EXEC-20260712-01/instances/WORKING-P4-PKG14/children/AUTHOR-B1/members/DEL-14-05/simulation/apply/_run_records/TASK_RUN_2026-06-04_authority-refresh-0.7-dag006_DEL-14-05.md	b8adc54668957096a8105c0f94d849d7b785d74517ebf2da34617a1350e03331	1740
execution/_Coordination/AgentRuns/SOW-STAGE2-EXEC-20260712-01/instances/WORKING-P4-PKG14/children/AUTHOR-B1/members/DEL-14-05/simulation/apply/_run_records/TASK_RUN_2026-06-06_DEL-14-05_comparison-contract-evidence-hardening.md	d716f617cf870caf7fd93bd9374765b1b5aae186ad908f682690f4192718c8fa	5149
execution/_Coordination/AgentRuns/SOW-STAGE2-EXEC-20260712-01/instances/WORKING-P4-PKG14/children/AUTHOR-B1/members/DEL-14-05/simulation/apply/_run_records/TASK_RUN_2026-06-07_DEL-14-05_checking-alignment.md	009c6c9c871c0a4ae3050ab1ca9b2cb0b923d03c4e260b5efad71d0c6c6ab948	5714
execution/_Coordination/AgentRuns/SOW-STAGE2-EXEC-20260712-01/instances/WORKING-P4-PKG14/children/AUTHOR-B1/members/DEL-14-05/simulation/apply/_run_records/TASK_RUN_2026-06-16_dependency-semantic-refresh_DEL-14-05.md	9356aa867c761a2c3158b498be041ce65a6bc2d1138019c8a6c4508c95599e6a	2052
execution/_Coordination/AgentRuns/SOW-STAGE2-EXEC-20260712-01/instances/WORKING-P4-PKG14/children/AUTHOR-B1/members/DEL-14-05/simulation/apply/_run_records/WORKING_ITEMS_RUN_2026-06-17_TP-UNITS-BTAIL-COMPARISONGUIUNITS-001.md	a593a5333e478b580dff56f6af3350b2698a713561abe1e6cef40757cb893e0c	1379
execution/_Coordination/AgentRuns/SOW-STAGE2-EXEC-20260712-01/instances/WORKING-P4-PKG14/children/AUTHOR-B1/members/DEL-14-05/simulation/apply/_run_records/WORKING_ITEMS_RUN_2026-06-17_TP-UNITS-BTAIL-COMPTOLCORPUS-001.md	47fa95deedd4e29bb7513268c1fb65215b741cf1b94cfb8ef76762ffdc1f04f8	1743
execution/_Coordination/AgentRuns/SOW-STAGE2-EXEC-20260712-01/instances/WORKING-P4-PKG14/children/AUTHOR-B1/members/DEL-14-05/simulation/apply/_run_records/WORKING_ITEMS_RUN_2026-07-12_D41-R5-T4-PDU012-PDU021-PDU022-PDU040.md	62df36d3b1c3e0b72716b284f852c56e91e63be558d71ec2ab1019d447cff233	1103
execution/_Coordination/AgentRuns/SOW-STAGE2-EXEC-20260712-01/instances/WORKING-P4-PKG14/children/AUTHOR-B1/members/DEL-14-05/simulation/apply/_run_records/WORKING_ITEMS_RUN_2026-07-12_D41-R5-T6-PDU037.md	379d3a79fc1c6fd0aebb68072a99b8980cd1c1e0630df5cfa1fe3d118c403726	976
execution/_Coordination/AgentRuns/SOW-STAGE2-EXEC-20260712-01/instances/WORKING-P4-PKG14/children/AUTHOR-B1/members/DEL-14-05/simulation/apply/_run_records/WORKING_ITEMS_RUN_2026-07-12_D41-R5-T7-PDU055-CURRENTNESS.md	bdf1d039078b68929886cce8638ff5e68babd83a807de6453264c9f6f0f006bd	983
execution/_Coordination/AgentRuns/SOW-STAGE2-EXEC-20260712-01/instances/WORKING-P4-PKG14/children/AUTHOR-B1/members/DEL-14-05/simulation/rollback/Datasheet.md	82e6f23caa841419786fae5aee960085210cb9234e44f2212b4873463cdf91d7	6154
execution/_Coordination/AgentRuns/SOW-STAGE2-EXEC-20260712-01/instances/WORKING-P4-PKG14/children/AUTHOR-B1/members/DEL-14-05/simulation/rollback/Dependencies.csv	e34677e98b2eb97127d165e2ae7105daa57a2717d5259ac304f146f980c93390	14818
execution/_Coordination/AgentRuns/SOW-STAGE2-EXEC-20260712-01/instances/WORKING-P4-PKG14/children/AUTHOR-B1/members/DEL-14-05/simulation/rollback/Guidance.md	2e9811ea6854ad500eb4de083d5ace42a14c71a6de23f445e47bc949e3dc1fe0	5063
execution/_Coordination/AgentRuns/SOW-STAGE2-EXEC-20260712-01/instances/WORKING-P4-PKG14/children/AUTHOR-B1/members/DEL-14-05/simulation/rollback/MEMORY.md	9fab4e33f468c131cbaf17e125b7bcee3976723df1bdbebbc25fba1fab4041a3	11017
execution/_Coordination/AgentRuns/SOW-STAGE2-EXEC-20260712-01/instances/WORKING-P4-PKG14/children/AUTHOR-B1/members/DEL-14-05/simulation/rollback/Procedure.md	a38cbb4437e6590c2708bfdcd9d5f05776491fbb786d302f2899d5eec6dfd7e4	5387
execution/_Coordination/AgentRuns/SOW-STAGE2-EXEC-20260712-01/instances/WORKING-P4-PKG14/children/AUTHOR-B1/members/DEL-14-05/simulation/rollback/Review_Findings.csv	08dd7619787bf7f848ef0d76b718d84eebcb478908dc0fae51c58d3b89ce6130	142
execution/_Coordination/AgentRuns/SOW-STAGE2-EXEC-20260712-01/instances/WORKING-P4-PKG14/children/AUTHOR-B1/members/DEL-14-05/simulation/rollback/Specification.md	510862132708dc4721169d4efaa6c5f0f63236904fdd989e635f64267627cad5	8090
execution/_Coordination/AgentRuns/SOW-STAGE2-EXEC-20260712-01/instances/WORKING-P4-PKG14/children/AUTHOR-B1/members/DEL-14-05/simulation/rollback/_CONTEXT.md	3f3b02aeaf685844ffcdb09a49c0657fc83d933b1addb3759fcdec1eaa340d74	3918
execution/_Coordination/AgentRuns/SOW-STAGE2-EXEC-20260712-01/instances/WORKING-P4-PKG14/children/AUTHOR-B1/members/DEL-14-05/simulation/rollback/_DEPENDENCIES.md	3181c569117b936d850d1ef17001dec898e21ea5c1876dd4be10ede6f37a6fe0	3881
execution/_Coordination/AgentRuns/SOW-STAGE2-EXEC-20260712-01/instances/WORKING-P4-PKG14/children/AUTHOR-B1/members/DEL-14-05/simulation/rollback/_REFERENCES.md	44185d2eb36d63b67edf02f6a8a9cb10b74f387f9eecdcd9d0d108250d9b3a86	1987
execution/_Coordination/AgentRuns/SOW-STAGE2-EXEC-20260712-01/instances/WORKING-P4-PKG14/children/AUTHOR-B1/members/DEL-14-05/simulation/rollback/_REVIEW.md	7c6dc41f8faed45c57ced7567bd4b349d6f04a7d1a77a985571e4d2e1d4443c1	3880
execution/_Coordination/AgentRuns/SOW-STAGE2-EXEC-20260712-01/instances/WORKING-P4-PKG14/children/AUTHOR-B1/members/DEL-14-05/simulation/rollback/_SEMANTIC.md	e8c1fe9e71c609c45f2eb0aedd081d6a474b38d7803e2c2c38908ab4105abdba	36494
execution/_Coordination/AgentRuns/SOW-STAGE2-EXEC-20260712-01/instances/WORKING-P4-PKG14/children/AUTHOR-B1/members/DEL-14-05/simulation/rollback/_SEMANTIC_LENSING.md	202e5b44400d251c1d086155b61186f9d9559a272cb261258d93c9bfd0324153	19566
execution/_Coordination/AgentRuns/SOW-STAGE2-EXEC-20260712-01/instances/WORKING-P4-PKG14/children/AUTHOR-B1/members/DEL-14-05/simulation/rollback/_STATUS.md	1a36b73fe8244570aaa0bf9934756e86d2bf0d64217919eced6122083e0707b2	3066
execution/_Coordination/AgentRuns/SOW-STAGE2-EXEC-20260712-01/instances/WORKING-P4-PKG14/children/AUTHOR-B1/members/DEL-14-05/simulation/rollback/_run_records/TASK_RUN_2026-05-10_2348_dependency-refresh-closeout.md	3c108bec0fd6caf77bbda0e22523bcff45d61915a4b8e23874ee73ec3bbfb27b	4199
execution/_Coordination/AgentRuns/SOW-STAGE2-EXEC-20260712-01/instances/WORKING-P4-PKG14/children/AUTHOR-B1/members/DEL-14-05/simulation/rollback/_run_records/TASK_RUN_2026-06-04_authority-refresh-0.7-dag006_DEL-14-05.md	b8adc54668957096a8105c0f94d849d7b785d74517ebf2da34617a1350e03331	1740
execution/_Coordination/AgentRuns/SOW-STAGE2-EXEC-20260712-01/instances/WORKING-P4-PKG14/children/AUTHOR-B1/members/DEL-14-05/simulation/rollback/_run_records/TASK_RUN_2026-06-06_DEL-14-05_comparison-contract-evidence-hardening.md	d716f617cf870caf7fd93bd9374765b1b5aae186ad908f682690f4192718c8fa	5149
execution/_Coordination/AgentRuns/SOW-STAGE2-EXEC-20260712-01/instances/WORKING-P4-PKG14/children/AUTHOR-B1/members/DEL-14-05/simulation/rollback/_run_records/TASK_RUN_2026-06-07_DEL-14-05_checking-alignment.md	009c6c9c871c0a4ae3050ab1ca9b2cb0b923d03c4e260b5efad71d0c6c6ab948	5714
execution/_Coordination/AgentRuns/SOW-STAGE2-EXEC-20260712-01/instances/WORKING-P4-PKG14/children/AUTHOR-B1/members/DEL-14-05/simulation/rollback/_run_records/TASK_RUN_2026-06-16_dependency-semantic-refresh_DEL-14-05.md	9356aa867c761a2c3158b498be041ce65a6bc2d1138019c8a6c4508c95599e6a	2052
execution/_Coordination/AgentRuns/SOW-STAGE2-EXEC-20260712-01/instances/WORKING-P4-PKG14/children/AUTHOR-B1/members/DEL-14-05/simulation/rollback/_run_records/WORKING_ITEMS_RUN_2026-06-17_TP-UNITS-BTAIL-COMPARISONGUIUNITS-001.md	a593a5333e478b580dff56f6af3350b2698a713561abe1e6cef40757cb893e0c	1379
execution/_Coordination/AgentRuns/SOW-STAGE2-EXEC-20260712-01/instances/WORKING-P4-PKG14/children/AUTHOR-B1/members/DEL-14-05/simulation/rollback/_run_records/WORKING_ITEMS_RUN_2026-06-17_TP-UNITS-BTAIL-COMPTOLCORPUS-001.md	47fa95deedd4e29bb7513268c1fb65215b741cf1b94cfb8ef76762ffdc1f04f8	1743
execution/_Coordination/AgentRuns/SOW-STAGE2-EXEC-20260712-01/instances/WORKING-P4-PKG14/children/AUTHOR-B1/members/DEL-14-05/simulation/rollback/_run_records/WORKING_ITEMS_RUN_2026-07-12_D41-R5-T4-PDU012-PDU021-PDU022-PDU040.md	62df36d3b1c3e0b72716b284f852c56e91e63be558d71ec2ab1019d447cff233	1103
execution/_Coordination/AgentRuns/SOW-STAGE2-EXEC-20260712-01/instances/WORKING-P4-PKG14/children/AUTHOR-B1/members/DEL-14-05/simulation/rollback/_run_records/WORKING_ITEMS_RUN_2026-07-12_D41-R5-T6-PDU037.md	379d3a79fc1c6fd0aebb68072a99b8980cd1c1e0630df5cfa1fe3d118c403726	976
execution/_Coordination/AgentRuns/SOW-STAGE2-EXEC-20260712-01/instances/WORKING-P4-PKG14/children/AUTHOR-B1/members/DEL-14-05/simulation/rollback/_run_records/WORKING_ITEMS_RUN_2026-07-12_D41-R5-T7-PDU055-CURRENTNESS.md	bdf1d039078b68929886cce8638ff5e68babd83a807de6453264c9f6f0f006bd	983
execution/_Coordination/AgentRuns/SOW-STAGE2-EXEC-20260712-01/instances/WORKING-P4-PKG14/children/AUTHOR-B1/members/DEL-14-05/simulation-apply-validation.json	0998f8a4f1a8f304b20f46189dc6cbcd5b98bce90a242308c9821627253f4d42	276
execution/_Coordination/AgentRuns/SOW-STAGE2-EXEC-20260712-01/instances/WORKING-P4-PKG14/children/AUTHOR-B1/members/DEL-14-05/simulation-apply-validation.stderr	e3b0c44298fc1c149afbf4c8996fb92427ae41e4649b934ca495991b7852b855	0
execution/_Coordination/AgentRuns/SOW-STAGE2-EXEC-20260712-01/instances/WORKING-P4-PKG14/children/AUTHOR-B1/members/DEL-14-05/validation-dual-a.json	949dc6e362d7d407f296e2af20f0cd342303892923f61427346dd036c06beb31	264
execution/_Coordination/AgentRuns/SOW-STAGE2-EXEC-20260712-01/instances/WORKING-P4-PKG14/children/AUTHOR-B1/members/DEL-14-05/validation-dual-a.stderr	e3b0c44298fc1c149afbf4c8996fb92427ae41e4649b934ca495991b7852b855	0
execution/_Coordination/AgentRuns/SOW-STAGE2-EXEC-20260712-01/instances/WORKING-P4-PKG14/children/AUTHOR-B1/members/DEL-14-05/validation-dual-b.json	e18dac3c40f3c620ec8dd2790d8457a49045896e984e10a0fe17561d44a1cda2	264
execution/_Coordination/AgentRuns/SOW-STAGE2-EXEC-20260712-01/instances/WORKING-P4-PKG14/children/AUTHOR-B1/members/DEL-14-05/validation-dual-b.stderr	e3b0c44298fc1c149afbf4c8996fb92427ae41e4649b934ca495991b7852b855	0
execution/_Coordination/AgentRuns/SOW-STAGE2-EXEC-20260712-01/instances/WORKING-P4-PKG14/children/AUTHOR-B1/members/DEL-14-05/validation-sow-v1.json	ed48c70ca17abbf63714d4bfb8add6aac39a73836085d4122da65eefe01c5832	242
execution/_Coordination/AgentRuns/SOW-STAGE2-EXEC-20260712-01/instances/WORKING-P4-PKG14/children/AUTHOR-B1/members/DEL-14-05/validation-sow-v1.stderr	e3b0c44298fc1c149afbf4c8996fb92427ae41e4649b934ca495991b7852b855	0
execution/_Coordination/AgentRuns/SOW-STAGE2-EXEC-20260712-01/instances/WORKING-P4-PKG14/children/AUTHOR-B1/members/DEL-14-05/workspace-a/Datasheet.md	82e6f23caa841419786fae5aee960085210cb9234e44f2212b4873463cdf91d7	6154
execution/_Coordination/AgentRuns/SOW-STAGE2-EXEC-20260712-01/instances/WORKING-P4-PKG14/children/AUTHOR-B1/members/DEL-14-05/workspace-a/Dependencies.csv	e34677e98b2eb97127d165e2ae7105daa57a2717d5259ac304f146f980c93390	14818
execution/_Coordination/AgentRuns/SOW-STAGE2-EXEC-20260712-01/instances/WORKING-P4-PKG14/children/AUTHOR-B1/members/DEL-14-05/workspace-a/Guidance.md	2e9811ea6854ad500eb4de083d5ace42a14c71a6de23f445e47bc949e3dc1fe0	5063
execution/_Coordination/AgentRuns/SOW-STAGE2-EXEC-20260712-01/instances/WORKING-P4-PKG14/children/AUTHOR-B1/members/DEL-14-05/workspace-a/MEMORY.md	9fab4e33f468c131cbaf17e125b7bcee3976723df1bdbebbc25fba1fab4041a3	11017
execution/_Coordination/AgentRuns/SOW-STAGE2-EXEC-20260712-01/instances/WORKING-P4-PKG14/children/AUTHOR-B1/members/DEL-14-05/workspace-a/Procedure.md	a38cbb4437e6590c2708bfdcd9d5f05776491fbb786d302f2899d5eec6dfd7e4	5387
execution/_Coordination/AgentRuns/SOW-STAGE2-EXEC-20260712-01/instances/WORKING-P4-PKG14/children/AUTHOR-B1/members/DEL-14-05/workspace-a/Review_Findings.csv	08dd7619787bf7f848ef0d76b718d84eebcb478908dc0fae51c58d3b89ce6130	142
execution/_Coordination/AgentRuns/SOW-STAGE2-EXEC-20260712-01/instances/WORKING-P4-PKG14/children/AUTHOR-B1/members/DEL-14-05/workspace-a/ScopeOfWork.md	6a2fff2becec5ffaa49121795a6b079f015355595d311558e0b5ed4905be094b	34880
execution/_Coordination/AgentRuns/SOW-STAGE2-EXEC-20260712-01/instances/WORKING-P4-PKG14/children/AUTHOR-B1/members/DEL-14-05/workspace-a/Specification.md	510862132708dc4721169d4efaa6c5f0f63236904fdd989e635f64267627cad5	8090
execution/_Coordination/AgentRuns/SOW-STAGE2-EXEC-20260712-01/instances/WORKING-P4-PKG14/children/AUTHOR-B1/members/DEL-14-05/workspace-a/_CONTEXT.md	3f3b02aeaf685844ffcdb09a49c0657fc83d933b1addb3759fcdec1eaa340d74	3918
execution/_Coordination/AgentRuns/SOW-STAGE2-EXEC-20260712-01/instances/WORKING-P4-PKG14/children/AUTHOR-B1/members/DEL-14-05/workspace-a/_DEPENDENCIES.md	3181c569117b936d850d1ef17001dec898e21ea5c1876dd4be10ede6f37a6fe0	3881
execution/_Coordination/AgentRuns/SOW-STAGE2-EXEC-20260712-01/instances/WORKING-P4-PKG14/children/AUTHOR-B1/members/DEL-14-05/workspace-a/_REFERENCES.md	44185d2eb36d63b67edf02f6a8a9cb10b74f387f9eecdcd9d0d108250d9b3a86	1987
execution/_Coordination/AgentRuns/SOW-STAGE2-EXEC-20260712-01/instances/WORKING-P4-PKG14/children/AUTHOR-B1/members/DEL-14-05/workspace-a/_REVIEW.md	7c6dc41f8faed45c57ced7567bd4b349d6f04a7d1a77a985571e4d2e1d4443c1	3880
execution/_Coordination/AgentRuns/SOW-STAGE2-EXEC-20260712-01/instances/WORKING-P4-PKG14/children/AUTHOR-B1/members/DEL-14-05/workspace-a/_SEMANTIC.md	e8c1fe9e71c609c45f2eb0aedd081d6a474b38d7803e2c2c38908ab4105abdba	36494
execution/_Coordination/AgentRuns/SOW-STAGE2-EXEC-20260712-01/instances/WORKING-P4-PKG14/children/AUTHOR-B1/members/DEL-14-05/workspace-a/_SEMANTIC_LENSING.md	202e5b44400d251c1d086155b61186f9d9559a272cb261258d93c9bfd0324153	19566
execution/_Coordination/AgentRuns/SOW-STAGE2-EXEC-20260712-01/instances/WORKING-P4-PKG14/children/AUTHOR-B1/members/DEL-14-05/workspace-a/_STATUS.md	1a36b73fe8244570aaa0bf9934756e86d2bf0d64217919eced6122083e0707b2	3066
execution/_Coordination/AgentRuns/SOW-STAGE2-EXEC-20260712-01/instances/WORKING-P4-PKG14/children/AUTHOR-B1/members/DEL-14-05/workspace-a/_run_records/TASK_RUN_2026-05-10_2348_dependency-refresh-closeout.md	3c108bec0fd6caf77bbda0e22523bcff45d61915a4b8e23874ee73ec3bbfb27b	4199
execution/_Coordination/AgentRuns/SOW-STAGE2-EXEC-20260712-01/instances/WORKING-P4-PKG14/children/AUTHOR-B1/members/DEL-14-05/workspace-a/_run_records/TASK_RUN_2026-06-04_authority-refresh-0.7-dag006_DEL-14-05.md	b8adc54668957096a8105c0f94d849d7b785d74517ebf2da34617a1350e03331	1740
execution/_Coordination/AgentRuns/SOW-STAGE2-EXEC-20260712-01/instances/WORKING-P4-PKG14/children/AUTHOR-B1/members/DEL-14-05/workspace-a/_run_records/TASK_RUN_2026-06-06_DEL-14-05_comparison-contract-evidence-hardening.md	d716f617cf870caf7fd93bd9374765b1b5aae186ad908f682690f4192718c8fa	5149
execution/_Coordination/AgentRuns/SOW-STAGE2-EXEC-20260712-01/instances/WORKING-P4-PKG14/children/AUTHOR-B1/members/DEL-14-05/workspace-a/_run_records/TASK_RUN_2026-06-07_DEL-14-05_checking-alignment.md	009c6c9c871c0a4ae3050ab1ca9b2cb0b923d03c4e260b5efad71d0c6c6ab948	5714
execution/_Coordination/AgentRuns/SOW-STAGE2-EXEC-20260712-01/instances/WORKING-P4-PKG14/children/AUTHOR-B1/members/DEL-14-05/workspace-a/_run_records/TASK_RUN_2026-06-16_dependency-semantic-refresh_DEL-14-05.md	9356aa867c761a2c3158b498be041ce65a6bc2d1138019c8a6c4508c95599e6a	2052
execution/_Coordination/AgentRuns/SOW-STAGE2-EXEC-20260712-01/instances/WORKING-P4-PKG14/children/AUTHOR-B1/members/DEL-14-05/workspace-a/_run_records/WORKING_ITEMS_RUN_2026-06-17_TP-UNITS-BTAIL-COMPARISONGUIUNITS-001.md	a593a5333e478b580dff56f6af3350b2698a713561abe1e6cef40757cb893e0c	1379
execution/_Coordination/AgentRuns/SOW-STAGE2-EXEC-20260712-01/instances/WORKING-P4-PKG14/children/AUTHOR-B1/members/DEL-14-05/workspace-a/_run_records/WORKING_ITEMS_RUN_2026-06-17_TP-UNITS-BTAIL-COMPTOLCORPUS-001.md	47fa95deedd4e29bb7513268c1fb65215b741cf1b94cfb8ef76762ffdc1f04f8	1743
execution/_Coordination/AgentRuns/SOW-STAGE2-EXEC-20260712-01/instances/WORKING-P4-PKG14/children/AUTHOR-B1/members/DEL-14-05/workspace-a/_run_records/WORKING_ITEMS_RUN_2026-07-12_D41-R5-T4-PDU012-PDU021-PDU022-PDU040.md	62df36d3b1c3e0b72716b284f852c56e91e63be558d71ec2ab1019d447cff233	1103
execution/_Coordination/AgentRuns/SOW-STAGE2-EXEC-20260712-01/instances/WORKING-P4-PKG14/children/AUTHOR-B1/members/DEL-14-05/workspace-a/_run_records/WORKING_ITEMS_RUN_2026-07-12_D41-R5-T6-PDU037.md	379d3a79fc1c6fd0aebb68072a99b8980cd1c1e0630df5cfa1fe3d118c403726	976
execution/_Coordination/AgentRuns/SOW-STAGE2-EXEC-20260712-01/instances/WORKING-P4-PKG14/children/AUTHOR-B1/members/DEL-14-05/workspace-a/_run_records/WORKING_ITEMS_RUN_2026-07-12_D41-R5-T7-PDU055-CURRENTNESS.md	bdf1d039078b68929886cce8638ff5e68babd83a807de6453264c9f6f0f006bd	983
execution/_Coordination/AgentRuns/SOW-STAGE2-EXEC-20260712-01/instances/WORKING-P4-PKG14/children/AUTHOR-B1/members/DEL-14-05/workspace-b/Datasheet.md	82e6f23caa841419786fae5aee960085210cb9234e44f2212b4873463cdf91d7	6154
execution/_Coordination/AgentRuns/SOW-STAGE2-EXEC-20260712-01/instances/WORKING-P4-PKG14/children/AUTHOR-B1/members/DEL-14-05/workspace-b/Dependencies.csv	e34677e98b2eb97127d165e2ae7105daa57a2717d5259ac304f146f980c93390	14818
execution/_Coordination/AgentRuns/SOW-STAGE2-EXEC-20260712-01/instances/WORKING-P4-PKG14/children/AUTHOR-B1/members/DEL-14-05/workspace-b/Guidance.md	2e9811ea6854ad500eb4de083d5ace42a14c71a6de23f445e47bc949e3dc1fe0	5063
execution/_Coordination/AgentRuns/SOW-STAGE2-EXEC-20260712-01/instances/WORKING-P4-PKG14/children/AUTHOR-B1/members/DEL-14-05/workspace-b/MEMORY.md	9fab4e33f468c131cbaf17e125b7bcee3976723df1bdbebbc25fba1fab4041a3	11017
execution/_Coordination/AgentRuns/SOW-STAGE2-EXEC-20260712-01/instances/WORKING-P4-PKG14/children/AUTHOR-B1/members/DEL-14-05/workspace-b/Procedure.md	a38cbb4437e6590c2708bfdcd9d5f05776491fbb786d302f2899d5eec6dfd7e4	5387
execution/_Coordination/AgentRuns/SOW-STAGE2-EXEC-20260712-01/instances/WORKING-P4-PKG14/children/AUTHOR-B1/members/DEL-14-05/workspace-b/Review_Findings.csv	08dd7619787bf7f848ef0d76b718d84eebcb478908dc0fae51c58d3b89ce6130	142
execution/_Coordination/AgentRuns/SOW-STAGE2-EXEC-20260712-01/instances/WORKING-P4-PKG14/children/AUTHOR-B1/members/DEL-14-05/workspace-b/ScopeOfWork.md	6a2fff2becec5ffaa49121795a6b079f015355595d311558e0b5ed4905be094b	34880
execution/_Coordination/AgentRuns/SOW-STAGE2-EXEC-20260712-01/instances/WORKING-P4-PKG14/children/AUTHOR-B1/members/DEL-14-05/workspace-b/Specification.md	510862132708dc4721169d4efaa6c5f0f63236904fdd989e635f64267627cad5	8090
execution/_Coordination/AgentRuns/SOW-STAGE2-EXEC-20260712-01/instances/WORKING-P4-PKG14/children/AUTHOR-B1/members/DEL-14-05/workspace-b/_CONTEXT.md	3f3b02aeaf685844ffcdb09a49c0657fc83d933b1addb3759fcdec1eaa340d74	3918
execution/_Coordination/AgentRuns/SOW-STAGE2-EXEC-20260712-01/instances/WORKING-P4-PKG14/children/AUTHOR-B1/members/DEL-14-05/workspace-b/_DEPENDENCIES.md	3181c569117b936d850d1ef17001dec898e21ea5c1876dd4be10ede6f37a6fe0	3881
execution/_Coordination/AgentRuns/SOW-STAGE2-EXEC-20260712-01/instances/WORKING-P4-PKG14/children/AUTHOR-B1/members/DEL-14-05/workspace-b/_REFERENCES.md	44185d2eb36d63b67edf02f6a8a9cb10b74f387f9eecdcd9d0d108250d9b3a86	1987
execution/_Coordination/AgentRuns/SOW-STAGE2-EXEC-20260712-01/instances/WORKING-P4-PKG14/children/AUTHOR-B1/members/DEL-14-05/workspace-b/_REVIEW.md	7c6dc41f8faed45c57ced7567bd4b349d6f04a7d1a77a985571e4d2e1d4443c1	3880
execution/_Coordination/AgentRuns/SOW-STAGE2-EXEC-20260712-01/instances/WORKING-P4-PKG14/children/AUTHOR-B1/members/DEL-14-05/workspace-b/_SEMANTIC.md	e8c1fe9e71c609c45f2eb0aedd081d6a474b38d7803e2c2c38908ab4105abdba	36494
execution/_Coordination/AgentRuns/SOW-STAGE2-EXEC-20260712-01/instances/WORKING-P4-PKG14/children/AUTHOR-B1/members/DEL-14-05/workspace-b/_SEMANTIC_LENSING.md	202e5b44400d251c1d086155b61186f9d9559a272cb261258d93c9bfd0324153	19566
execution/_Coordination/AgentRuns/SOW-STAGE2-EXEC-20260712-01/instances/WORKING-P4-PKG14/children/AUTHOR-B1/members/DEL-14-05/workspace-b/_STATUS.md	1a36b73fe8244570aaa0bf9934756e86d2bf0d64217919eced6122083e0707b2	3066
execution/_Coordination/AgentRuns/SOW-STAGE2-EXEC-20260712-01/instances/WORKING-P4-PKG14/children/AUTHOR-B1/members/DEL-14-05/workspace-b/_run_records/TASK_RUN_2026-05-10_2348_dependency-refresh-closeout.md	3c108bec0fd6caf77bbda0e22523bcff45d61915a4b8e23874ee73ec3bbfb27b	4199
execution/_Coordination/AgentRuns/SOW-STAGE2-EXEC-20260712-01/instances/WORKING-P4-PKG14/children/AUTHOR-B1/members/DEL-14-05/workspace-b/_run_records/TASK_RUN_2026-06-04_authority-refresh-0.7-dag006_DEL-14-05.md	b8adc54668957096a8105c0f94d849d7b785d74517ebf2da34617a1350e03331	1740
execution/_Coordination/AgentRuns/SOW-STAGE2-EXEC-20260712-01/instances/WORKING-P4-PKG14/children/AUTHOR-B1/members/DEL-14-05/workspace-b/_run_records/TASK_RUN_2026-06-06_DEL-14-05_comparison-contract-evidence-hardening.md	d716f617cf870caf7fd93bd9374765b1b5aae186ad908f682690f4192718c8fa	5149
execution/_Coordination/AgentRuns/SOW-STAGE2-EXEC-20260712-01/instances/WORKING-P4-PKG14/children/AUTHOR-B1/members/DEL-14-05/workspace-b/_run_records/TASK_RUN_2026-06-07_DEL-14-05_checking-alignment.md	009c6c9c871c0a4ae3050ab1ca9b2cb0b923d03c4e260b5efad71d0c6c6ab948	5714
execution/_Coordination/AgentRuns/SOW-STAGE2-EXEC-20260712-01/instances/WORKING-P4-PKG14/children/AUTHOR-B1/members/DEL-14-05/workspace-b/_run_records/TASK_RUN_2026-06-16_dependency-semantic-refresh_DEL-14-05.md	9356aa867c761a2c3158b498be041ce65a6bc2d1138019c8a6c4508c95599e6a	2052
execution/_Coordination/AgentRuns/SOW-STAGE2-EXEC-20260712-01/instances/WORKING-P4-PKG14/children/AUTHOR-B1/members/DEL-14-05/workspace-b/_run_records/WORKING_ITEMS_RUN_2026-06-17_TP-UNITS-BTAIL-COMPARISONGUIUNITS-001.md	a593a5333e478b580dff56f6af3350b2698a713561abe1e6cef40757cb893e0c	1379
execution/_Coordination/AgentRuns/SOW-STAGE2-EXEC-20260712-01/instances/WORKING-P4-PKG14/children/AUTHOR-B1/members/DEL-14-05/workspace-b/_run_records/WORKING_ITEMS_RUN_2026-06-17_TP-UNITS-BTAIL-COMPTOLCORPUS-001.md	47fa95deedd4e29bb7513268c1fb65215b741cf1b94cfb8ef76762ffdc1f04f8	1743
execution/_Coordination/AgentRuns/SOW-STAGE2-EXEC-20260712-01/instances/WORKING-P4-PKG14/children/AUTHOR-B1/members/DEL-14-05/workspace-b/_run_records/WORKING_ITEMS_RUN_2026-07-12_D41-R5-T4-PDU012-PDU021-PDU022-PDU040.md	62df36d3b1c3e0b72716b284f852c56e91e63be558d71ec2ab1019d447cff233	1103
execution/_Coordination/AgentRuns/SOW-STAGE2-EXEC-20260712-01/instances/WORKING-P4-PKG14/children/AUTHOR-B1/members/DEL-14-05/workspace-b/_run_records/WORKING_ITEMS_RUN_2026-07-12_D41-R5-T6-PDU037.md	379d3a79fc1c6fd0aebb68072a99b8980cd1c1e0630df5cfa1fe3d118c403726	976
execution/_Coordination/AgentRuns/SOW-STAGE2-EXEC-20260712-01/instances/WORKING-P4-PKG14/children/AUTHOR-B1/members/DEL-14-05/workspace-b/_run_records/WORKING_ITEMS_RUN_2026-07-12_D41-R5-T7-PDU055-CURRENTNESS.md	bdf1d039078b68929886cce8638ff5e68babd83a807de6453264c9f6f0f006bd	983
execution/_Coordination/AgentRuns/SOW-STAGE2-EXEC-20260712-01/instances/WORKING-P4-PKG14/children/AUTHOR-B1/practitioner-harness-tests.exit	9a271f2a916b0b6ee6cecb2426f0b3206ef074578be55d9bc94f6f3fe3ab86aa	2
execution/_Coordination/AgentRuns/SOW-STAGE2-EXEC-20260712-01/instances/WORKING-P4-PKG14/children/AUTHOR-B1/practitioner-harness-tests.stderr	e3b0c44298fc1c149afbf4c8996fb92427ae41e4649b934ca495991b7852b855	0
execution/_Coordination/AgentRuns/SOW-STAGE2-EXEC-20260712-01/instances/WORKING-P4-PKG14/children/AUTHOR-B1/practitioner-harness-tests.stdout	91c1c6400be92e79643ff38f75781298d0844dd5aa23698ff5819e4f9ff327e4	341
execution/_Coordination/AgentRuns/SOW-STAGE2-EXEC-20260712-01/instances/WORKING-P4-PKG14/children/AUTHOR-B1/practitioner-self-check.exit	9a271f2a916b0b6ee6cecb2426f0b3206ef074578be55d9bc94f6f3fe3ab86aa	2
execution/_Coordination/AgentRuns/SOW-STAGE2-EXEC-20260712-01/instances/WORKING-P4-PKG14/children/AUTHOR-B1/practitioner-self-check.stderr	e3b0c44298fc1c149afbf4c8996fb92427ae41e4649b934ca495991b7852b855	0
execution/_Coordination/AgentRuns/SOW-STAGE2-EXEC-20260712-01/instances/WORKING-P4-PKG14/children/AUTHOR-B1/practitioner-self-check.stdout	6d7d084d0231da93519b4df921840577fb4cb015435ec80c64ec40151cde8b45	25131
execution/_Coordination/AgentRuns/SOW-STAGE2-EXEC-20260712-01/instances/WORKING-P4-PKG14/children/AUTHOR-B1/run_author_pkg14.py	25839033e6f9862569813d4a1216b8aa52fa88e1dc5b2e00138fb9c998d41f32	6141
execution/_Coordination/AgentRuns/SOW-STAGE2-EXEC-20260712-01/instances/WORKING-P4-PKG14/children/AUTHOR-B1/scope-of-work-tests.exit	9a271f2a916b0b6ee6cecb2426f0b3206ef074578be55d9bc94f6f3fe3ab86aa	2
execution/_Coordination/AgentRuns/SOW-STAGE2-EXEC-20260712-01/instances/WORKING-P4-PKG14/children/AUTHOR-B1/scope-of-work-tests.stderr	e3b0c44298fc1c149afbf4c8996fb92427ae41e4649b934ca495991b7852b855	0
execution/_Coordination/AgentRuns/SOW-STAGE2-EXEC-20260712-01/instances/WORKING-P4-PKG14/children/AUTHOR-B1/scope-of-work-tests.stdout	b06f617b31491d3942471968221cbaec11021fa6279b28ab8d412371bff58216	99
execution/_Coordination/AgentRuns/SOW-STAGE2-EXEC-20260712-01/instances/WORKING-P4-PKG14/children/VERIFY-B1/ACCESS_SCOPE_AUDIT.md	1207bdecbdeffaec24662aa9b2a60e531bd53035e63cf86a1c50c9bad8cda5d8	1060
execution/_Coordination/AgentRuns/SOW-STAGE2-EXEC-20260712-01/instances/WORKING-P4-PKG14/children/VERIFY-B1/ATTEMPTS.md	2e2617726389efcc8984450034f7d6a6cbd11a9e074cae6caaec0247f5a05cfb	848
execution/_Coordination/AgentRuns/SOW-STAGE2-EXEC-20260712-01/instances/WORKING-P4-PKG14/children/VERIFY-B1/AUTHOR_EVIDENCE_ASSESSMENT.md	bf03aa9b3c7c31090d36c9a0a0f9e16fb1cb820b29e13d63fa63f3014e1b1368	1015
execution/_Coordination/AgentRuns/SOW-STAGE2-EXEC-20260712-01/instances/WORKING-P4-PKG14/children/VERIFY-B1/BINDING_AUDIT.json	bbb498bd669a18daaf245568dda03facf5ca5bd6a7517fb259623db7dde0e809	10608
execution/_Coordination/AgentRuns/SOW-STAGE2-EXEC-20260712-01/instances/WORKING-P4-PKG14/children/VERIFY-B1/CANDIDATE_HASHES_INITIAL.tsv	00214140d5a60af2de40f872574c38a09ecea66db03c3c09cb3f02c9ce599fb2	2893
execution/_Coordination/AgentRuns/SOW-STAGE2-EXEC-20260712-01/instances/WORKING-P4-PKG14/children/VERIFY-B1/CANDIDATE_HASHES_POST.tsv	00214140d5a60af2de40f872574c38a09ecea66db03c3c09cb3f02c9ce599fb2	2893
execution/_Coordination/AgentRuns/SOW-STAGE2-EXEC-20260712-01/instances/WORKING-P4-PKG14/children/VERIFY-B1/CANDIDATE_MANIFEST_REPRODUCED.tsv	0b82abbe49cda48554fd82d615917d578d53d76d5b46f682e13e7db777c88894	2893
execution/_Coordination/AgentRuns/SOW-STAGE2-EXEC-20260712-01/instances/WORKING-P4-PKG14/children/VERIFY-B1/COMMAND_LEDGER.json	6ccc6111261eb0992bc3a4d238f14ceea5bba325918a89682081dc3cd8ed63ae	151633
execution/_Coordination/AgentRuns/SOW-STAGE2-EXEC-20260712-01/instances/WORKING-P4-PKG14/children/VERIFY-B1/INVERSE_ROWS.tsv	eb5d87739c7d7930319f1c83ca266e1109fa367cdfcedafb73ae85842c925642	5872
execution/_Coordination/AgentRuns/SOW-STAGE2-EXEC-20260712-01/instances/WORKING-P4-PKG14/children/VERIFY-B1/LAUNCH_BRIEF.md	192f07399e6f09a2a2ffa75b036474ce6d896e6a21902bb20fe531b05fd56220	1814
execution/_Coordination/AgentRuns/SOW-STAGE2-EXEC-20260712-01/instances/WORKING-P4-PKG14/children/VERIFY-B1/LIVE_BINDINGS_REPRODUCED.tsv	c826a842d3d6aae5bfff4d53eb7c5f334b4ecdbbeb0d2228f17fd5354c5af483	14202
execution/_Coordination/AgentRuns/SOW-STAGE2-EXEC-20260712-01/instances/WORKING-P4-PKG14/children/VERIFY-B1/MANIFEST.tsv	e735cba96af002a35e60275b0ddb97caa68a6b5687a48f5def0efe91442b76e2	25976
execution/_Coordination/AgentRuns/SOW-STAGE2-EXEC-20260712-01/instances/WORKING-P4-PKG14/children/VERIFY-B1/NEGATIVE_PROBES.tsv	74189b7540ed537b914cda67da4a30b1c71d7568eab2a5b47f62db600eedfa23	1590
execution/_Coordination/AgentRuns/SOW-STAGE2-EXEC-20260712-01/instances/WORKING-P4-PKG14/children/VERIFY-B1/PROJECT_CHECKS.json	40ff98d8ef53d894f18bfd058064e53d12ae2ed8040d6def41f4ffb7efeef4cf	30934
execution/_Coordination/AgentRuns/SOW-STAGE2-EXEC-20260712-01/instances/WORKING-P4-PKG14/children/VERIFY-B1/REPLACEMENT_ROWS.tsv	546ad76ed1ef6048f42a31fd167b6cf03c6237944def58c76adf34998af292d8	5917
execution/_Coordination/AgentRuns/SOW-STAGE2-EXEC-20260712-01/instances/WORKING-P4-PKG14/children/VERIFY-B1/RETURN.md	f0bff84806a61f23697768cc7fc12c0f86bfda36e60d0fbe9cda567b3e7384b1	2019
execution/_Coordination/AgentRuns/SOW-STAGE2-EXEC-20260712-01/instances/WORKING-P4-PKG14/children/VERIFY-B1/SIMULATIONS.json	ef82ffa912855126b1a30425bc4a274ede3d91b2d41ae731ab885552acf7915e	1547
execution/_Coordination/AgentRuns/SOW-STAGE2-EXEC-20260712-01/instances/WORKING-P4-PKG14/children/VERIFY-B1/STATUS.json	ca4f64d8b2da8d3de11360831cc836535ed78cf8816c9f3d8068d12baeafd664	740
execution/_Coordination/AgentRuns/SOW-STAGE2-EXEC-20260712-01/instances/WORKING-P4-PKG14/children/VERIFY-B1/SUMMARY.json	2332cda473b42b31b25351b09c3c5eef1f7a42485ef47e5ac2d300931b167c46	907
execution/_Coordination/AgentRuns/SOW-STAGE2-EXEC-20260712-01/instances/WORKING-P4-PKG14/children/VERIFY-B1/TELEMETRY.md	18cc607e4cb7c89749fe1557ae41882fcfb0bd0553d07dcc6a9a89921edc48ee	1096
execution/_Coordination/AgentRuns/SOW-STAGE2-EXEC-20260712-01/instances/WORKING-P4-PKG14/children/VERIFY-B1/__pycache__/verify_pkg14.cpython-313.pyc	3eee3f4ae5216179441d16ebd88eb37477e01c8719b8c95ad89035fd26c4ae0f	30894
execution/_Coordination/AgentRuns/SOW-STAGE2-EXEC-20260712-01/instances/WORKING-P4-PKG14/children/VERIFY-B1/build_manifest.py	5ab5e8e5c2f4e25a1292610758ab24ad1739608790f63733b51d821021cbd295	528
execution/_Coordination/AgentRuns/SOW-STAGE2-EXEC-20260712-01/instances/WORKING-P4-PKG14/children/VERIFY-B1/members/DEL-14-01/RESULT.json	ee1f6a87e94929e9dc2c108e8727ce7ac9375e15aa32b317d328c392550dea5e	27750
execution/_Coordination/AgentRuns/SOW-STAGE2-EXEC-20260712-01/instances/WORKING-P4-PKG14/children/VERIFY-B1/members/DEL-14-01/checklist-1.json	054b37e3e4d6793270912588ee36cc05cc06397fdb4b40a14d6b4f9f7c64004e	1847
execution/_Coordination/AgentRuns/SOW-STAGE2-EXEC-20260712-01/instances/WORKING-P4-PKG14/children/VERIFY-B1/members/DEL-14-01/checklist-2.json	054b37e3e4d6793270912588ee36cc05cc06397fdb4b40a14d6b4f9f7c64004e	1847
execution/_Coordination/AgentRuns/SOW-STAGE2-EXEC-20260712-01/instances/WORKING-P4-PKG14/children/VERIFY-B1/members/DEL-14-01/claim-map-1.csv	4c6882ca724dac38d23e54719dff100f85361c154fc944f64613be4851e8330c	4939
execution/_Coordination/AgentRuns/SOW-STAGE2-EXEC-20260712-01/instances/WORKING-P4-PKG14/children/VERIFY-B1/members/DEL-14-01/claim-map-2.csv	4c6882ca724dac38d23e54719dff100f85361c154fc944f64613be4851e8330c	4939
execution/_Coordination/AgentRuns/SOW-STAGE2-EXEC-20260712-01/instances/WORKING-P4-PKG14/children/VERIFY-B1/members/DEL-14-01/parity-1.json	7e4178f095f492f7ab9a2ec09daa8ac554197c69532021e99fd34e893d2ac295	6544
execution/_Coordination/AgentRuns/SOW-STAGE2-EXEC-20260712-01/instances/WORKING-P4-PKG14/children/VERIFY-B1/members/DEL-14-01/parity-2.json	7e4178f095f492f7ab9a2ec09daa8ac554197c69532021e99fd34e893d2ac295	6544
execution/_Coordination/AgentRuns/SOW-STAGE2-EXEC-20260712-01/instances/WORKING-P4-PKG14/children/VERIFY-B1/members/DEL-14-01/render-1.html	eed6c582d7da9ae1b60b319f53b2cae8ca38a491dbec0983a073a2164f4f68ef	31833
execution/_Coordination/AgentRuns/SOW-STAGE2-EXEC-20260712-01/instances/WORKING-P4-PKG14/children/VERIFY-B1/members/DEL-14-01/render-2.html	eed6c582d7da9ae1b60b319f53b2cae8ca38a491dbec0983a073a2164f4f68ef	31833
execution/_Coordination/AgentRuns/SOW-STAGE2-EXEC-20260712-01/instances/WORKING-P4-PKG14/children/VERIFY-B1/members/DEL-14-02/RESULT.json	da8921304588b30c8aa7efba3e14f389dfa7272607cbd7b0001631eeee1782ef	27603
execution/_Coordination/AgentRuns/SOW-STAGE2-EXEC-20260712-01/instances/WORKING-P4-PKG14/children/VERIFY-B1/members/DEL-14-02/checklist-1.json	02e10046fbb54efa6563b188b73486fba901f23ccd69a95e91d600c3d9a3f42d	1802
execution/_Coordination/AgentRuns/SOW-STAGE2-EXEC-20260712-01/instances/WORKING-P4-PKG14/children/VERIFY-B1/members/DEL-14-02/checklist-2.json	02e10046fbb54efa6563b188b73486fba901f23ccd69a95e91d600c3d9a3f42d	1802
execution/_Coordination/AgentRuns/SOW-STAGE2-EXEC-20260712-01/instances/WORKING-P4-PKG14/children/VERIFY-B1/members/DEL-14-02/claim-map-1.csv	c6317963894cd4e64e644cad21fbcbd102b8ed0e8ae370b793f03b9c05ab70ed	4939
execution/_Coordination/AgentRuns/SOW-STAGE2-EXEC-20260712-01/instances/WORKING-P4-PKG14/children/VERIFY-B1/members/DEL-14-02/claim-map-2.csv	c6317963894cd4e64e644cad21fbcbd102b8ed0e8ae370b793f03b9c05ab70ed	4939
execution/_Coordination/AgentRuns/SOW-STAGE2-EXEC-20260712-01/instances/WORKING-P4-PKG14/children/VERIFY-B1/members/DEL-14-02/parity-1.json	ed95cd7c556a4555f692074d4967b73028aa79f9b50d2ab9ed923049819cb915	6544
execution/_Coordination/AgentRuns/SOW-STAGE2-EXEC-20260712-01/instances/WORKING-P4-PKG14/children/VERIFY-B1/members/DEL-14-02/parity-2.json	ed95cd7c556a4555f692074d4967b73028aa79f9b50d2ab9ed923049819cb915	6544
execution/_Coordination/AgentRuns/SOW-STAGE2-EXEC-20260712-01/instances/WORKING-P4-PKG14/children/VERIFY-B1/members/DEL-14-02/render-1.html	cd7a538108dcdd7db32ff266f1ca1c5e1915ed42adc7d6146289e5fd42168462	39663
execution/_Coordination/AgentRuns/SOW-STAGE2-EXEC-20260712-01/instances/WORKING-P4-PKG14/children/VERIFY-B1/members/DEL-14-02/render-2.html	cd7a538108dcdd7db32ff266f1ca1c5e1915ed42adc7d6146289e5fd42168462	39663
execution/_Coordination/AgentRuns/SOW-STAGE2-EXEC-20260712-01/instances/WORKING-P4-PKG14/children/VERIFY-B1/members/DEL-14-03/RESULT.json	eb04695a316e31c2feeaf2bde4a1921fe29a52d826d3e04c6cf451e3ed050c49	28773
execution/_Coordination/AgentRuns/SOW-STAGE2-EXEC-20260712-01/instances/WORKING-P4-PKG14/children/VERIFY-B1/members/DEL-14-03/checklist-1.json	3ee7ff913521fc5293c79fa7af2d97590cbf93a9f1fc08c626190c921594e6a7	1873
execution/_Coordination/AgentRuns/SOW-STAGE2-EXEC-20260712-01/instances/WORKING-P4-PKG14/children/VERIFY-B1/members/DEL-14-03/checklist-2.json	3ee7ff913521fc5293c79fa7af2d97590cbf93a9f1fc08c626190c921594e6a7	1873
execution/_Coordination/AgentRuns/SOW-STAGE2-EXEC-20260712-01/instances/WORKING-P4-PKG14/children/VERIFY-B1/members/DEL-14-03/claim-map-1.csv	793ccc8ce3d8ef3611af7268f2eec496d56aeffe57ae188e37f28c4f7102f6e0	5610
execution/_Coordination/AgentRuns/SOW-STAGE2-EXEC-20260712-01/instances/WORKING-P4-PKG14/children/VERIFY-B1/members/DEL-14-03/claim-map-2.csv	793ccc8ce3d8ef3611af7268f2eec496d56aeffe57ae188e37f28c4f7102f6e0	5610
execution/_Coordination/AgentRuns/SOW-STAGE2-EXEC-20260712-01/instances/WORKING-P4-PKG14/children/VERIFY-B1/members/DEL-14-03/parity-1.json	53765bfcebebf66cf1cb06dadfadab8f87a08481bd3856cf5688cd6320d77ee2	7343
execution/_Coordination/AgentRuns/SOW-STAGE2-EXEC-20260712-01/instances/WORKING-P4-PKG14/children/VERIFY-B1/members/DEL-14-03/parity-2.json	53765bfcebebf66cf1cb06dadfadab8f87a08481bd3856cf5688cd6320d77ee2	7343
execution/_Coordination/AgentRuns/SOW-STAGE2-EXEC-20260712-01/instances/WORKING-P4-PKG14/children/VERIFY-B1/members/DEL-14-03/render-1.html	dcdaa9259dbb0bec9d32eded9680cfc3046ba56871405c6fc71bb38942de380c	37975
execution/_Coordination/AgentRuns/SOW-STAGE2-EXEC-20260712-01/instances/WORKING-P4-PKG14/children/VERIFY-B1/members/DEL-14-03/render-2.html	dcdaa9259dbb0bec9d32eded9680cfc3046ba56871405c6fc71bb38942de380c	37975
execution/_Coordination/AgentRuns/SOW-STAGE2-EXEC-20260712-01/instances/WORKING-P4-PKG14/children/VERIFY-B1/members/DEL-14-04/RESULT.json	34c94878873f85f6b65acbda76817c45713410a274d907bde9ac49d01e983124	29971
execution/_Coordination/AgentRuns/SOW-STAGE2-EXEC-20260712-01/instances/WORKING-P4-PKG14/children/VERIFY-B1/members/DEL-14-04/checklist-1.json	230a05e2d52e9a6b0b0260472f59a7f58f4aa5b813963f686d0201581852b97c	1891
execution/_Coordination/AgentRuns/SOW-STAGE2-EXEC-20260712-01/instances/WORKING-P4-PKG14/children/VERIFY-B1/members/DEL-14-04/checklist-2.json	230a05e2d52e9a6b0b0260472f59a7f58f4aa5b813963f686d0201581852b97c	1891
execution/_Coordination/AgentRuns/SOW-STAGE2-EXEC-20260712-01/instances/WORKING-P4-PKG14/children/VERIFY-B1/members/DEL-14-04/claim-map-1.csv	3da29bb2e4a5e94269ace9a7af5bafc0056c758885cfd49d431198f0216648bd	6447
execution/_Coordination/AgentRuns/SOW-STAGE2-EXEC-20260712-01/instances/WORKING-P4-PKG14/children/VERIFY-B1/members/DEL-14-04/claim-map-2.csv	3da29bb2e4a5e94269ace9a7af5bafc0056c758885cfd49d431198f0216648bd	6447
execution/_Coordination/AgentRuns/SOW-STAGE2-EXEC-20260712-01/instances/WORKING-P4-PKG14/children/VERIFY-B1/members/DEL-14-04/parity-1.json	0186054b79ea85e9b60c27d755fe655804bc17efc6cad60ff9853e2cd47dea71	8340
execution/_Coordination/AgentRuns/SOW-STAGE2-EXEC-20260712-01/instances/WORKING-P4-PKG14/children/VERIFY-B1/members/DEL-14-04/parity-2.json	0186054b79ea85e9b60c27d755fe655804bc17efc6cad60ff9853e2cd47dea71	8340
execution/_Coordination/AgentRuns/SOW-STAGE2-EXEC-20260712-01/instances/WORKING-P4-PKG14/children/VERIFY-B1/members/DEL-14-04/render-1.html	5d026a3734056c31a1df5078870c6c2e4c9f07ce73181656ee038623281c8f74	41817
execution/_Coordination/AgentRuns/SOW-STAGE2-EXEC-20260712-01/instances/WORKING-P4-PKG14/children/VERIFY-B1/members/DEL-14-04/render-2.html	5d026a3734056c31a1df5078870c6c2e4c9f07ce73181656ee038623281c8f74	41817
execution/_Coordination/AgentRuns/SOW-STAGE2-EXEC-20260712-01/instances/WORKING-P4-PKG14/children/VERIFY-B1/members/DEL-14-05/RESULT.json	1eb923350c7278df95226b8a58b8e7b6b5da52af2ef21c175f248582aee29775	27961
execution/_Coordination/AgentRuns/SOW-STAGE2-EXEC-20260712-01/instances/WORKING-P4-PKG14/children/VERIFY-B1/members/DEL-14-05/checklist-1.json	9c974300835ad3b169ccd62262d340cee78e0eb5ff7a2c955081acfc4f2600ab	1928
execution/_Coordination/AgentRuns/SOW-STAGE2-EXEC-20260712-01/instances/WORKING-P4-PKG14/children/VERIFY-B1/members/DEL-14-05/checklist-2.json	9c974300835ad3b169ccd62262d340cee78e0eb5ff7a2c955081acfc4f2600ab	1928
execution/_Coordination/AgentRuns/SOW-STAGE2-EXEC-20260712-01/instances/WORKING-P4-PKG14/children/VERIFY-B1/members/DEL-14-05/claim-map-1.csv	6174e426392aec61afa0975dcbc6a0ceeb51bdd01a8f0b36c7aee9bc054a645a	4939
execution/_Coordination/AgentRuns/SOW-STAGE2-EXEC-20260712-01/instances/WORKING-P4-PKG14/children/VERIFY-B1/members/DEL-14-05/claim-map-2.csv	6174e426392aec61afa0975dcbc6a0ceeb51bdd01a8f0b36c7aee9bc054a645a	4939
execution/_Coordination/AgentRuns/SOW-STAGE2-EXEC-20260712-01/instances/WORKING-P4-PKG14/children/VERIFY-B1/members/DEL-14-05/parity-1.json	e45197295c839cc7e2058a2e4e46501aa5184a9d91f11dc03c16f1e895c35654	6544
execution/_Coordination/AgentRuns/SOW-STAGE2-EXEC-20260712-01/instances/WORKING-P4-PKG14/children/VERIFY-B1/members/DEL-14-05/parity-2.json	e45197295c839cc7e2058a2e4e46501aa5184a9d91f11dc03c16f1e895c35654	6544
execution/_Coordination/AgentRuns/SOW-STAGE2-EXEC-20260712-01/instances/WORKING-P4-PKG14/children/VERIFY-B1/members/DEL-14-05/render-1.html	4d46d8f56beb8a539d689ac55c3baff98656808453a98e67ac535807fbbbddfa	36520
execution/_Coordination/AgentRuns/SOW-STAGE2-EXEC-20260712-01/instances/WORKING-P4-PKG14/children/VERIFY-B1/members/DEL-14-05/render-2.html	4d46d8f56beb8a539d689ac55c3baff98656808453a98e67ac535807fbbbddfa	36520
execution/_Coordination/AgentRuns/SOW-STAGE2-EXEC-20260712-01/instances/WORKING-P4-PKG14/children/VERIFY-B1/verify_pkg14.py	bccd144b8a77cc5c55e7f819ab611d7089a6ff8adf055ffebe37149e4a6fe058	19449
execution/_Coordination/AgentRuns/SOW-STAGE2-EXEC-20260712-01/instances/WORKING-P4-PKG14/children/VERIFY-B1/work/DEL-14-01/conversion-1/Datasheet.md	0c67c814cc457c4b96fe936cf3c54004c6be48675d3ce8dfb44456da6bc1e6fe	6155
execution/_Coordination/AgentRuns/SOW-STAGE2-EXEC-20260712-01/instances/WORKING-P4-PKG14/children/VERIFY-B1/work/DEL-14-01/conversion-1/Guidance.md	a407961599fd11eb795f6c1322466f6dbe5857254d650f8de4ba5a2319e4ec7a	4331
execution/_Coordination/AgentRuns/SOW-STAGE2-EXEC-20260712-01/instances/WORKING-P4-PKG14/children/VERIFY-B1/work/DEL-14-01/conversion-1/Procedure.md	e3ddd2c454f190fe94811b6449d185fb8ce25b328fbc5aa3c2c078f5c2614ee9	4557
execution/_Coordination/AgentRuns/SOW-STAGE2-EXEC-20260712-01/instances/WORKING-P4-PKG14/children/VERIFY-B1/work/DEL-14-01/conversion-1/ScopeOfWork.md	e18150ebd7f6cfb192d20d12f1263bf60672567aeeaaaa6a1be3b715bb535f54	31326
execution/_Coordination/AgentRuns/SOW-STAGE2-EXEC-20260712-01/instances/WORKING-P4-PKG14/children/VERIFY-B1/work/DEL-14-01/conversion-1/Specification.md	b40be9734fbfe12fed7a3a750d3a6c9d6792ac9214f53dde49728c9392d1a5a6	6219
execution/_Coordination/AgentRuns/SOW-STAGE2-EXEC-20260712-01/instances/WORKING-P4-PKG14/children/VERIFY-B1/work/DEL-14-01/conversion-1/_STATUS.md	d0eab52dc3fd950d20a04e84bf7487d7dffa491c9da285e276d2125b1a7560d5	3120
execution/_Coordination/AgentRuns/SOW-STAGE2-EXEC-20260712-01/instances/WORKING-P4-PKG14/children/VERIFY-B1/work/DEL-14-01/conversion-2/Datasheet.md	0c67c814cc457c4b96fe936cf3c54004c6be48675d3ce8dfb44456da6bc1e6fe	6155
execution/_Coordination/AgentRuns/SOW-STAGE2-EXEC-20260712-01/instances/WORKING-P4-PKG14/children/VERIFY-B1/work/DEL-14-01/conversion-2/Guidance.md	a407961599fd11eb795f6c1322466f6dbe5857254d650f8de4ba5a2319e4ec7a	4331
execution/_Coordination/AgentRuns/SOW-STAGE2-EXEC-20260712-01/instances/WORKING-P4-PKG14/children/VERIFY-B1/work/DEL-14-01/conversion-2/Procedure.md	e3ddd2c454f190fe94811b6449d185fb8ce25b328fbc5aa3c2c078f5c2614ee9	4557
execution/_Coordination/AgentRuns/SOW-STAGE2-EXEC-20260712-01/instances/WORKING-P4-PKG14/children/VERIFY-B1/work/DEL-14-01/conversion-2/ScopeOfWork.md	e18150ebd7f6cfb192d20d12f1263bf60672567aeeaaaa6a1be3b715bb535f54	31326
execution/_Coordination/AgentRuns/SOW-STAGE2-EXEC-20260712-01/instances/WORKING-P4-PKG14/children/VERIFY-B1/work/DEL-14-01/conversion-2/Specification.md	b40be9734fbfe12fed7a3a750d3a6c9d6792ac9214f53dde49728c9392d1a5a6	6219
execution/_Coordination/AgentRuns/SOW-STAGE2-EXEC-20260712-01/instances/WORKING-P4-PKG14/children/VERIFY-B1/work/DEL-14-01/conversion-2/_STATUS.md	d0eab52dc3fd950d20a04e84bf7487d7dffa491c9da285e276d2125b1a7560d5	3120
execution/_Coordination/AgentRuns/SOW-STAGE2-EXEC-20260712-01/instances/WORKING-P4-PKG14/children/VERIFY-B1/work/DEL-14-01/dual/Datasheet.md	0c67c814cc457c4b96fe936cf3c54004c6be48675d3ce8dfb44456da6bc1e6fe	6155
execution/_Coordination/AgentRuns/SOW-STAGE2-EXEC-20260712-01/instances/WORKING-P4-PKG14/children/VERIFY-B1/work/DEL-14-01/dual/Guidance.md	a407961599fd11eb795f6c1322466f6dbe5857254d650f8de4ba5a2319e4ec7a	4331
execution/_Coordination/AgentRuns/SOW-STAGE2-EXEC-20260712-01/instances/WORKING-P4-PKG14/children/VERIFY-B1/work/DEL-14-01/dual/Procedure.md	e3ddd2c454f190fe94811b6449d185fb8ce25b328fbc5aa3c2c078f5c2614ee9	4557
execution/_Coordination/AgentRuns/SOW-STAGE2-EXEC-20260712-01/instances/WORKING-P4-PKG14/children/VERIFY-B1/work/DEL-14-01/dual/ScopeOfWork.md	e18150ebd7f6cfb192d20d12f1263bf60672567aeeaaaa6a1be3b715bb535f54	31326
execution/_Coordination/AgentRuns/SOW-STAGE2-EXEC-20260712-01/instances/WORKING-P4-PKG14/children/VERIFY-B1/work/DEL-14-01/dual/Specification.md	b40be9734fbfe12fed7a3a750d3a6c9d6792ac9214f53dde49728c9392d1a5a6	6219
execution/_Coordination/AgentRuns/SOW-STAGE2-EXEC-20260712-01/instances/WORKING-P4-PKG14/children/VERIFY-B1/work/DEL-14-01/dual/_STATUS.md	d0eab52dc3fd950d20a04e84bf7487d7dffa491c9da285e276d2125b1a7560d5	3120
execution/_Coordination/AgentRuns/SOW-STAGE2-EXEC-20260712-01/instances/WORKING-P4-PKG14/children/VERIFY-B1/work/DEL-14-01/final-1.json	ec500126a452da35ef570c50fe9dc9ce84aae48a6aaa96ed21e5842617c2c638	10380
execution/_Coordination/AgentRuns/SOW-STAGE2-EXEC-20260712-01/instances/WORKING-P4-PKG14/children/VERIFY-B1/work/DEL-14-01/final-1.md	bee564cb426b331515d2750184bbfbbe17740ad39f09b9263cfdc14317c07a2d	24855
execution/_Coordination/AgentRuns/SOW-STAGE2-EXEC-20260712-01/instances/WORKING-P4-PKG14/children/VERIFY-B1/work/DEL-14-01/final-2.json	ec500126a452da35ef570c50fe9dc9ce84aae48a6aaa96ed21e5842617c2c638	10380
execution/_Coordination/AgentRuns/SOW-STAGE2-EXEC-20260712-01/instances/WORKING-P4-PKG14/children/VERIFY-B1/work/DEL-14-01/final-2.md	bee564cb426b331515d2750184bbfbbe17740ad39f09b9263cfdc14317c07a2d	24855
execution/_Coordination/AgentRuns/SOW-STAGE2-EXEC-20260712-01/instances/WORKING-P4-PKG14/children/VERIFY-B1/work/DEL-14-01/negative/ScopeOfWork.md	c7babdbc709f860ac266eabe85ac7c57c00b321d820fddc181cf150c52322354	24860
execution/_Coordination/AgentRuns/SOW-STAGE2-EXEC-20260712-01/instances/WORKING-P4-PKG14/children/VERIFY-B1/work/DEL-14-01/negative/bad-parity.json	cea980de230479e454f7fb0088824ab18a99c536f9cc3850d2a4679ae2848e73	6772
execution/_Coordination/AgentRuns/SOW-STAGE2-EXEC-20260712-01/instances/WORKING-P4-PKG14/children/VERIFY-B1/work/DEL-14-01/negative/dual-noauth/Datasheet.md	0c67c814cc457c4b96fe936cf3c54004c6be48675d3ce8dfb44456da6bc1e6fe	6155
execution/_Coordination/AgentRuns/SOW-STAGE2-EXEC-20260712-01/instances/WORKING-P4-PKG14/children/VERIFY-B1/work/DEL-14-01/negative/dual-noauth/Guidance.md	a407961599fd11eb795f6c1322466f6dbe5857254d650f8de4ba5a2319e4ec7a	4331
execution/_Coordination/AgentRuns/SOW-STAGE2-EXEC-20260712-01/instances/WORKING-P4-PKG14/children/VERIFY-B1/work/DEL-14-01/negative/dual-noauth/Procedure.md	e3ddd2c454f190fe94811b6449d185fb8ce25b328fbc5aa3c2c078f5c2614ee9	4557
execution/_Coordination/AgentRuns/SOW-STAGE2-EXEC-20260712-01/instances/WORKING-P4-PKG14/children/VERIFY-B1/work/DEL-14-01/negative/dual-noauth/ScopeOfWork.md	e18150ebd7f6cfb192d20d12f1263bf60672567aeeaaaa6a1be3b715bb535f54	31326
execution/_Coordination/AgentRuns/SOW-STAGE2-EXEC-20260712-01/instances/WORKING-P4-PKG14/children/VERIFY-B1/work/DEL-14-01/negative/dual-noauth/Specification.md	b40be9734fbfe12fed7a3a750d3a6c9d6792ac9214f53dde49728c9392d1a5a6	6219
execution/_Coordination/AgentRuns/SOW-STAGE2-EXEC-20260712-01/instances/WORKING-P4-PKG14/children/VERIFY-B1/work/DEL-14-01/negative/dual-noauth/_STATUS.md	d0eab52dc3fd950d20a04e84bf7487d7dffa491c9da285e276d2125b1a7560d5	3120
execution/_Coordination/AgentRuns/SOW-STAGE2-EXEC-20260712-01/instances/WORKING-P4-PKG14/children/VERIFY-B1/work/DEL-14-01/negative/legacy/Datasheet.md	0c67c814cc457c4b96fe936cf3c54004c6be48675d3ce8dfb44456da6bc1e6fe	6155
execution/_Coordination/AgentRuns/SOW-STAGE2-EXEC-20260712-01/instances/WORKING-P4-PKG14/children/VERIFY-B1/work/DEL-14-01/negative/legacy/Guidance.md	a407961599fd11eb795f6c1322466f6dbe5857254d650f8de4ba5a2319e4ec7a	4331
execution/_Coordination/AgentRuns/SOW-STAGE2-EXEC-20260712-01/instances/WORKING-P4-PKG14/children/VERIFY-B1/work/DEL-14-01/negative/legacy/Procedure.md	e3ddd2c454f190fe94811b6449d185fb8ce25b328fbc5aa3c2c078f5c2614ee9	4557
execution/_Coordination/AgentRuns/SOW-STAGE2-EXEC-20260712-01/instances/WORKING-P4-PKG14/children/VERIFY-B1/work/DEL-14-01/negative/legacy/Specification.md	b40be9734fbfe12fed7a3a750d3a6c9d6792ac9214f53dde49728c9392d1a5a6	6219
execution/_Coordination/AgentRuns/SOW-STAGE2-EXEC-20260712-01/instances/WORKING-P4-PKG14/children/VERIFY-B1/work/DEL-14-01/negative/legacy/_STATUS.md	d0eab52dc3fd950d20a04e84bf7487d7dffa491c9da285e276d2125b1a7560d5	3120
execution/_Coordination/AgentRuns/SOW-STAGE2-EXEC-20260712-01/instances/WORKING-P4-PKG14/children/VERIFY-B1/work/DEL-14-02/conversion-1/Datasheet.md	15227c01af0ae6c1a561030dcc207a3a375b157a7a1bd3fccf5e3c914ca49357	8575
execution/_Coordination/AgentRuns/SOW-STAGE2-EXEC-20260712-01/instances/WORKING-P4-PKG14/children/VERIFY-B1/work/DEL-14-02/conversion-1/Guidance.md	4a5412b4f3c40c97a55693aa0fbdb65b94d56084bbe4d950f675226c2be5b9db	5456
execution/_Coordination/AgentRuns/SOW-STAGE2-EXEC-20260712-01/instances/WORKING-P4-PKG14/children/VERIFY-B1/work/DEL-14-02/conversion-1/Procedure.md	c09303c5c3d7d743894eb622aba3cb21eb0ce0eee8d75d8ee4ba802c7d2cfd73	5229
execution/_Coordination/AgentRuns/SOW-STAGE2-EXEC-20260712-01/instances/WORKING-P4-PKG14/children/VERIFY-B1/work/DEL-14-02/conversion-1/ScopeOfWork.md	61a614d5aa476b4c276416463a7a0008feba4114874fb193d8a395e821f516e3	38127
execution/_Coordination/AgentRuns/SOW-STAGE2-EXEC-20260712-01/instances/WORKING-P4-PKG14/children/VERIFY-B1/work/DEL-14-02/conversion-1/Specification.md	30276ef18e51463d64447c9b1440fbcdcd5d4beca4c98d19d4c4562d1782a4a0	8873
execution/_Coordination/AgentRuns/SOW-STAGE2-EXEC-20260712-01/instances/WORKING-P4-PKG14/children/VERIFY-B1/work/DEL-14-02/conversion-1/_STATUS.md	1057a866d54654cba804adf99a1398f4d4c16b16b404cc38620342d54f3e4d9a	3311
execution/_Coordination/AgentRuns/SOW-STAGE2-EXEC-20260712-01/instances/WORKING-P4-PKG14/children/VERIFY-B1/work/DEL-14-02/conversion-2/Datasheet.md	15227c01af0ae6c1a561030dcc207a3a375b157a7a1bd3fccf5e3c914ca49357	8575
execution/_Coordination/AgentRuns/SOW-STAGE2-EXEC-20260712-01/instances/WORKING-P4-PKG14/children/VERIFY-B1/work/DEL-14-02/conversion-2/Guidance.md	4a5412b4f3c40c97a55693aa0fbdb65b94d56084bbe4d950f675226c2be5b9db	5456
execution/_Coordination/AgentRuns/SOW-STAGE2-EXEC-20260712-01/instances/WORKING-P4-PKG14/children/VERIFY-B1/work/DEL-14-02/conversion-2/Procedure.md	c09303c5c3d7d743894eb622aba3cb21eb0ce0eee8d75d8ee4ba802c7d2cfd73	5229
execution/_Coordination/AgentRuns/SOW-STAGE2-EXEC-20260712-01/instances/WORKING-P4-PKG14/children/VERIFY-B1/work/DEL-14-02/conversion-2/ScopeOfWork.md	61a614d5aa476b4c276416463a7a0008feba4114874fb193d8a395e821f516e3	38127
execution/_Coordination/AgentRuns/SOW-STAGE2-EXEC-20260712-01/instances/WORKING-P4-PKG14/children/VERIFY-B1/work/DEL-14-02/conversion-2/Specification.md	30276ef18e51463d64447c9b1440fbcdcd5d4beca4c98d19d4c4562d1782a4a0	8873
execution/_Coordination/AgentRuns/SOW-STAGE2-EXEC-20260712-01/instances/WORKING-P4-PKG14/children/VERIFY-B1/work/DEL-14-02/conversion-2/_STATUS.md	1057a866d54654cba804adf99a1398f4d4c16b16b404cc38620342d54f3e4d9a	3311
execution/_Coordination/AgentRuns/SOW-STAGE2-EXEC-20260712-01/instances/WORKING-P4-PKG14/children/VERIFY-B1/work/DEL-14-02/dual/Datasheet.md	15227c01af0ae6c1a561030dcc207a3a375b157a7a1bd3fccf5e3c914ca49357	8575
execution/_Coordination/AgentRuns/SOW-STAGE2-EXEC-20260712-01/instances/WORKING-P4-PKG14/children/VERIFY-B1/work/DEL-14-02/dual/Guidance.md	4a5412b4f3c40c97a55693aa0fbdb65b94d56084bbe4d950f675226c2be5b9db	5456
execution/_Coordination/AgentRuns/SOW-STAGE2-EXEC-20260712-01/instances/WORKING-P4-PKG14/children/VERIFY-B1/work/DEL-14-02/dual/Procedure.md	c09303c5c3d7d743894eb622aba3cb21eb0ce0eee8d75d8ee4ba802c7d2cfd73	5229
execution/_Coordination/AgentRuns/SOW-STAGE2-EXEC-20260712-01/instances/WORKING-P4-PKG14/children/VERIFY-B1/work/DEL-14-02/dual/ScopeOfWork.md	61a614d5aa476b4c276416463a7a0008feba4114874fb193d8a395e821f516e3	38127
execution/_Coordination/AgentRuns/SOW-STAGE2-EXEC-20260712-01/instances/WORKING-P4-PKG14/children/VERIFY-B1/work/DEL-14-02/dual/Specification.md	30276ef18e51463d64447c9b1440fbcdcd5d4beca4c98d19d4c4562d1782a4a0	8873
execution/_Coordination/AgentRuns/SOW-STAGE2-EXEC-20260712-01/instances/WORKING-P4-PKG14/children/VERIFY-B1/work/DEL-14-02/dual/_STATUS.md	1057a866d54654cba804adf99a1398f4d4c16b16b404cc38620342d54f3e4d9a	3311
execution/_Coordination/AgentRuns/SOW-STAGE2-EXEC-20260712-01/instances/WORKING-P4-PKG14/children/VERIFY-B1/work/DEL-14-02/final-1.json	c51b0c1cecc5a957ae996aadc898011f87b35c3b02b831125826b50e6a487585	10380
execution/_Coordination/AgentRuns/SOW-STAGE2-EXEC-20260712-01/instances/WORKING-P4-PKG14/children/VERIFY-B1/work/DEL-14-02/final-1.md	79efc63f3e76fdd63131ec725420bd17288a542945fcd723926f574cc9e9c4ce	31702
execution/_Coordination/AgentRuns/SOW-STAGE2-EXEC-20260712-01/instances/WORKING-P4-PKG14/children/VERIFY-B1/work/DEL-14-02/final-2.json	c51b0c1cecc5a957ae996aadc898011f87b35c3b02b831125826b50e6a487585	10380
execution/_Coordination/AgentRuns/SOW-STAGE2-EXEC-20260712-01/instances/WORKING-P4-PKG14/children/VERIFY-B1/work/DEL-14-02/final-2.md	79efc63f3e76fdd63131ec725420bd17288a542945fcd723926f574cc9e9c4ce	31702
execution/_Coordination/AgentRuns/SOW-STAGE2-EXEC-20260712-01/instances/WORKING-P4-PKG14/children/VERIFY-B1/work/DEL-14-02/negative/ScopeOfWork.md	ee5392a1e962871c3dfacc458b5de1a6e108aec39249e48c0df6387bc7c8face	31707
execution/_Coordination/AgentRuns/SOW-STAGE2-EXEC-20260712-01/instances/WORKING-P4-PKG14/children/VERIFY-B1/work/DEL-14-02/negative/bad-parity.json	140d8fbd9ee79c4457f4fb9349bc406ad06621f94d48456143f2251a4d85e344	6772
execution/_Coordination/AgentRuns/SOW-STAGE2-EXEC-20260712-01/instances/WORKING-P4-PKG14/children/VERIFY-B1/work/DEL-14-02/negative/dual-noauth/Datasheet.md	15227c01af0ae6c1a561030dcc207a3a375b157a7a1bd3fccf5e3c914ca49357	8575
execution/_Coordination/AgentRuns/SOW-STAGE2-EXEC-20260712-01/instances/WORKING-P4-PKG14/children/VERIFY-B1/work/DEL-14-02/negative/dual-noauth/Guidance.md	4a5412b4f3c40c97a55693aa0fbdb65b94d56084bbe4d950f675226c2be5b9db	5456
execution/_Coordination/AgentRuns/SOW-STAGE2-EXEC-20260712-01/instances/WORKING-P4-PKG14/children/VERIFY-B1/work/DEL-14-02/negative/dual-noauth/Procedure.md	c09303c5c3d7d743894eb622aba3cb21eb0ce0eee8d75d8ee4ba802c7d2cfd73	5229
execution/_Coordination/AgentRuns/SOW-STAGE2-EXEC-20260712-01/instances/WORKING-P4-PKG14/children/VERIFY-B1/work/DEL-14-02/negative/dual-noauth/ScopeOfWork.md	61a614d5aa476b4c276416463a7a0008feba4114874fb193d8a395e821f516e3	38127
execution/_Coordination/AgentRuns/SOW-STAGE2-EXEC-20260712-01/instances/WORKING-P4-PKG14/children/VERIFY-B1/work/DEL-14-02/negative/dual-noauth/Specification.md	30276ef18e51463d64447c9b1440fbcdcd5d4beca4c98d19d4c4562d1782a4a0	8873
execution/_Coordination/AgentRuns/SOW-STAGE2-EXEC-20260712-01/instances/WORKING-P4-PKG14/children/VERIFY-B1/work/DEL-14-02/negative/dual-noauth/_STATUS.md	1057a866d54654cba804adf99a1398f4d4c16b16b404cc38620342d54f3e4d9a	3311
execution/_Coordination/AgentRuns/SOW-STAGE2-EXEC-20260712-01/instances/WORKING-P4-PKG14/children/VERIFY-B1/work/DEL-14-02/negative/legacy/Datasheet.md	15227c01af0ae6c1a561030dcc207a3a375b157a7a1bd3fccf5e3c914ca49357	8575
execution/_Coordination/AgentRuns/SOW-STAGE2-EXEC-20260712-01/instances/WORKING-P4-PKG14/children/VERIFY-B1/work/DEL-14-02/negative/legacy/Guidance.md	4a5412b4f3c40c97a55693aa0fbdb65b94d56084bbe4d950f675226c2be5b9db	5456
execution/_Coordination/AgentRuns/SOW-STAGE2-EXEC-20260712-01/instances/WORKING-P4-PKG14/children/VERIFY-B1/work/DEL-14-02/negative/legacy/Procedure.md	c09303c5c3d7d743894eb622aba3cb21eb0ce0eee8d75d8ee4ba802c7d2cfd73	5229
execution/_Coordination/AgentRuns/SOW-STAGE2-EXEC-20260712-01/instances/WORKING-P4-PKG14/children/VERIFY-B1/work/DEL-14-02/negative/legacy/Specification.md	30276ef18e51463d64447c9b1440fbcdcd5d4beca4c98d19d4c4562d1782a4a0	8873
execution/_Coordination/AgentRuns/SOW-STAGE2-EXEC-20260712-01/instances/WORKING-P4-PKG14/children/VERIFY-B1/work/DEL-14-02/negative/legacy/_STATUS.md	1057a866d54654cba804adf99a1398f4d4c16b16b404cc38620342d54f3e4d9a	3311
execution/_Coordination/AgentRuns/SOW-STAGE2-EXEC-20260712-01/instances/WORKING-P4-PKG14/children/VERIFY-B1/work/DEL-14-03/conversion-1/Datasheet.md	c8b3a66e91465023bb161b417dfadda888f573b34d4b54a88b5a85dbbc3e372b	6105
execution/_Coordination/AgentRuns/SOW-STAGE2-EXEC-20260712-01/instances/WORKING-P4-PKG14/children/VERIFY-B1/work/DEL-14-03/conversion-1/Guidance.md	2414e7aab207799e00e69d91b15465bc10803d87cd54eba55b721a46b2b97abc	6423
execution/_Coordination/AgentRuns/SOW-STAGE2-EXEC-20260712-01/instances/WORKING-P4-PKG14/children/VERIFY-B1/work/DEL-14-03/conversion-1/Procedure.md	cd57a9d22cbd14a2a64c44bcdb60a6f03a33a06721092f913d89aa7ed7f6e02e	5367
execution/_Coordination/AgentRuns/SOW-STAGE2-EXEC-20260712-01/instances/WORKING-P4-PKG14/children/VERIFY-B1/work/DEL-14-03/conversion-1/ScopeOfWork.md	fb47b1182e78fed345a17870cc473a27ec851abcebab599455df5b4d29d290f1	36648
execution/_Coordination/AgentRuns/SOW-STAGE2-EXEC-20260712-01/instances/WORKING-P4-PKG14/children/VERIFY-B1/work/DEL-14-03/conversion-1/Specification.md	a5e199383e55f69dfbfcd800f9ba26ca0e1be488441ae24fb2b255beb40b2a23	7463
execution/_Coordination/AgentRuns/SOW-STAGE2-EXEC-20260712-01/instances/WORKING-P4-PKG14/children/VERIFY-B1/work/DEL-14-03/conversion-1/_STATUS.md	51ec834dc258367ae74f5ab91e3a694ebf29a3ec1b7d33427843c542d9a4d546	2730
execution/_Coordination/AgentRuns/SOW-STAGE2-EXEC-20260712-01/instances/WORKING-P4-PKG14/children/VERIFY-B1/work/DEL-14-03/conversion-2/Datasheet.md	c8b3a66e91465023bb161b417dfadda888f573b34d4b54a88b5a85dbbc3e372b	6105
execution/_Coordination/AgentRuns/SOW-STAGE2-EXEC-20260712-01/instances/WORKING-P4-PKG14/children/VERIFY-B1/work/DEL-14-03/conversion-2/Guidance.md	2414e7aab207799e00e69d91b15465bc10803d87cd54eba55b721a46b2b97abc	6423
execution/_Coordination/AgentRuns/SOW-STAGE2-EXEC-20260712-01/instances/WORKING-P4-PKG14/children/VERIFY-B1/work/DEL-14-03/conversion-2/Procedure.md	cd57a9d22cbd14a2a64c44bcdb60a6f03a33a06721092f913d89aa7ed7f6e02e	5367
execution/_Coordination/AgentRuns/SOW-STAGE2-EXEC-20260712-01/instances/WORKING-P4-PKG14/children/VERIFY-B1/work/DEL-14-03/conversion-2/ScopeOfWork.md	fb47b1182e78fed345a17870cc473a27ec851abcebab599455df5b4d29d290f1	36648
execution/_Coordination/AgentRuns/SOW-STAGE2-EXEC-20260712-01/instances/WORKING-P4-PKG14/children/VERIFY-B1/work/DEL-14-03/conversion-2/Specification.md	a5e199383e55f69dfbfcd800f9ba26ca0e1be488441ae24fb2b255beb40b2a23	7463
execution/_Coordination/AgentRuns/SOW-STAGE2-EXEC-20260712-01/instances/WORKING-P4-PKG14/children/VERIFY-B1/work/DEL-14-03/conversion-2/_STATUS.md	51ec834dc258367ae74f5ab91e3a694ebf29a3ec1b7d33427843c542d9a4d546	2730
execution/_Coordination/AgentRuns/SOW-STAGE2-EXEC-20260712-01/instances/WORKING-P4-PKG14/children/VERIFY-B1/work/DEL-14-03/dual/Datasheet.md	c8b3a66e91465023bb161b417dfadda888f573b34d4b54a88b5a85dbbc3e372b	6105
execution/_Coordination/AgentRuns/SOW-STAGE2-EXEC-20260712-01/instances/WORKING-P4-PKG14/children/VERIFY-B1/work/DEL-14-03/dual/Guidance.md	2414e7aab207799e00e69d91b15465bc10803d87cd54eba55b721a46b2b97abc	6423
execution/_Coordination/AgentRuns/SOW-STAGE2-EXEC-20260712-01/instances/WORKING-P4-PKG14/children/VERIFY-B1/work/DEL-14-03/dual/Procedure.md	cd57a9d22cbd14a2a64c44bcdb60a6f03a33a06721092f913d89aa7ed7f6e02e	5367
execution/_Coordination/AgentRuns/SOW-STAGE2-EXEC-20260712-01/instances/WORKING-P4-PKG14/children/VERIFY-B1/work/DEL-14-03/dual/ScopeOfWork.md	fb47b1182e78fed345a17870cc473a27ec851abcebab599455df5b4d29d290f1	36648
execution/_Coordination/AgentRuns/SOW-STAGE2-EXEC-20260712-01/instances/WORKING-P4-PKG14/children/VERIFY-B1/work/DEL-14-03/dual/Specification.md	a5e199383e55f69dfbfcd800f9ba26ca0e1be488441ae24fb2b255beb40b2a23	7463
execution/_Coordination/AgentRuns/SOW-STAGE2-EXEC-20260712-01/instances/WORKING-P4-PKG14/children/VERIFY-B1/work/DEL-14-03/dual/_STATUS.md	51ec834dc258367ae74f5ab91e3a694ebf29a3ec1b7d33427843c542d9a4d546	2730
execution/_Coordination/AgentRuns/SOW-STAGE2-EXEC-20260712-01/instances/WORKING-P4-PKG14/children/VERIFY-B1/work/DEL-14-03/final-1.json	73d5895771a9bde982a49e72bf091c2e819d77c6517330be0ec9a2ea0a3d53df	11751
execution/_Coordination/AgentRuns/SOW-STAGE2-EXEC-20260712-01/instances/WORKING-P4-PKG14/children/VERIFY-B1/work/DEL-14-03/final-1.md	fc9c249c841914c8c8bca7358ec8d90ad69d50877db5f989d3c79bb40d3805fa	29281
execution/_Coordination/AgentRuns/SOW-STAGE2-EXEC-20260712-01/instances/WORKING-P4-PKG14/children/VERIFY-B1/work/DEL-14-03/final-2.json	73d5895771a9bde982a49e72bf091c2e819d77c6517330be0ec9a2ea0a3d53df	11751
execution/_Coordination/AgentRuns/SOW-STAGE2-EXEC-20260712-01/instances/WORKING-P4-PKG14/children/VERIFY-B1/work/DEL-14-03/final-2.md	fc9c249c841914c8c8bca7358ec8d90ad69d50877db5f989d3c79bb40d3805fa	29281
execution/_Coordination/AgentRuns/SOW-STAGE2-EXEC-20260712-01/instances/WORKING-P4-PKG14/children/VERIFY-B1/work/DEL-14-03/negative/ScopeOfWork.md	c8278841b496b7e6dcfee1bf163b7eb5e432045b3fe9b045efedb3fd2ab2a906	29286
execution/_Coordination/AgentRuns/SOW-STAGE2-EXEC-20260712-01/instances/WORKING-P4-PKG14/children/VERIFY-B1/work/DEL-14-03/negative/bad-parity.json	1678dfe7ecfc2661ea22219cc695af210acba4e2872d9b54c327c822aa97c57a	7571
execution/_Coordination/AgentRuns/SOW-STAGE2-EXEC-20260712-01/instances/WORKING-P4-PKG14/children/VERIFY-B1/work/DEL-14-03/negative/dual-noauth/Datasheet.md	c8b3a66e91465023bb161b417dfadda888f573b34d4b54a88b5a85dbbc3e372b	6105
execution/_Coordination/AgentRuns/SOW-STAGE2-EXEC-20260712-01/instances/WORKING-P4-PKG14/children/VERIFY-B1/work/DEL-14-03/negative/dual-noauth/Guidance.md	2414e7aab207799e00e69d91b15465bc10803d87cd54eba55b721a46b2b97abc	6423
execution/_Coordination/AgentRuns/SOW-STAGE2-EXEC-20260712-01/instances/WORKING-P4-PKG14/children/VERIFY-B1/work/DEL-14-03/negative/dual-noauth/Procedure.md	cd57a9d22cbd14a2a64c44bcdb60a6f03a33a06721092f913d89aa7ed7f6e02e	5367
execution/_Coordination/AgentRuns/SOW-STAGE2-EXEC-20260712-01/instances/WORKING-P4-PKG14/children/VERIFY-B1/work/DEL-14-03/negative/dual-noauth/ScopeOfWork.md	fb47b1182e78fed345a17870cc473a27ec851abcebab599455df5b4d29d290f1	36648
execution/_Coordination/AgentRuns/SOW-STAGE2-EXEC-20260712-01/instances/WORKING-P4-PKG14/children/VERIFY-B1/work/DEL-14-03/negative/dual-noauth/Specification.md	a5e199383e55f69dfbfcd800f9ba26ca0e1be488441ae24fb2b255beb40b2a23	7463
execution/_Coordination/AgentRuns/SOW-STAGE2-EXEC-20260712-01/instances/WORKING-P4-PKG14/children/VERIFY-B1/work/DEL-14-03/negative/dual-noauth/_STATUS.md	51ec834dc258367ae74f5ab91e3a694ebf29a3ec1b7d33427843c542d9a4d546	2730
execution/_Coordination/AgentRuns/SOW-STAGE2-EXEC-20260712-01/instances/WORKING-P4-PKG14/children/VERIFY-B1/work/DEL-14-03/negative/legacy/Datasheet.md	c8b3a66e91465023bb161b417dfadda888f573b34d4b54a88b5a85dbbc3e372b	6105
execution/_Coordination/AgentRuns/SOW-STAGE2-EXEC-20260712-01/instances/WORKING-P4-PKG14/children/VERIFY-B1/work/DEL-14-03/negative/legacy/Guidance.md	2414e7aab207799e00e69d91b15465bc10803d87cd54eba55b721a46b2b97abc	6423
execution/_Coordination/AgentRuns/SOW-STAGE2-EXEC-20260712-01/instances/WORKING-P4-PKG14/children/VERIFY-B1/work/DEL-14-03/negative/legacy/Procedure.md	cd57a9d22cbd14a2a64c44bcdb60a6f03a33a06721092f913d89aa7ed7f6e02e	5367
execution/_Coordination/AgentRuns/SOW-STAGE2-EXEC-20260712-01/instances/WORKING-P4-PKG14/children/VERIFY-B1/work/DEL-14-03/negative/legacy/Specification.md	a5e199383e55f69dfbfcd800f9ba26ca0e1be488441ae24fb2b255beb40b2a23	7463
execution/_Coordination/AgentRuns/SOW-STAGE2-EXEC-20260712-01/instances/WORKING-P4-PKG14/children/VERIFY-B1/work/DEL-14-03/negative/legacy/_STATUS.md	51ec834dc258367ae74f5ab91e3a694ebf29a3ec1b7d33427843c542d9a4d546	2730
execution/_Coordination/AgentRuns/SOW-STAGE2-EXEC-20260712-01/instances/WORKING-P4-PKG14/children/VERIFY-B1/work/DEL-14-04/conversion-1/Datasheet.md	ba71b264dffd5d9fd770b831d743132cc9a838f39e66858a6bcde5bed01c0dbe	7655
execution/_Coordination/AgentRuns/SOW-STAGE2-EXEC-20260712-01/instances/WORKING-P4-PKG14/children/VERIFY-B1/work/DEL-14-04/conversion-1/Guidance.md	d960e22f6a758f7ef1e6157b55f6d41e38555b298500e85f7f714b8f504c73ed	6058
execution/_Coordination/AgentRuns/SOW-STAGE2-EXEC-20260712-01/instances/WORKING-P4-PKG14/children/VERIFY-B1/work/DEL-14-04/conversion-1/Procedure.md	a3e118c1934b7f3404d33fc4a3c9c00e3ca9b5963f3d9913b9f34d286c9c1a7c	6362
execution/_Coordination/AgentRuns/SOW-STAGE2-EXEC-20260712-01/instances/WORKING-P4-PKG14/children/VERIFY-B1/work/DEL-14-04/conversion-1/ScopeOfWork.md	a1532cf10d8979d200817b9cee3086dbf2d8cddd7e21cfd240a79b7ee9cda54c	41173
execution/_Coordination/AgentRuns/SOW-STAGE2-EXEC-20260712-01/instances/WORKING-P4-PKG14/children/VERIFY-B1/work/DEL-14-04/conversion-1/Specification.md	5d13951beb08855b63e118aeb3f6b17759c607dd81f90b9eff5144b9ca05d329	8319
execution/_Coordination/AgentRuns/SOW-STAGE2-EXEC-20260712-01/instances/WORKING-P4-PKG14/children/VERIFY-B1/work/DEL-14-04/conversion-1/_STATUS.md	d9971534e97fd243386c09073d606a9d425c70e2f70f995a1808d18e7505f940	4026
execution/_Coordination/AgentRuns/SOW-STAGE2-EXEC-20260712-01/instances/WORKING-P4-PKG14/children/VERIFY-B1/work/DEL-14-04/conversion-2/Datasheet.md	ba71b264dffd5d9fd770b831d743132cc9a838f39e66858a6bcde5bed01c0dbe	7655
execution/_Coordination/AgentRuns/SOW-STAGE2-EXEC-20260712-01/instances/WORKING-P4-PKG14/children/VERIFY-B1/work/DEL-14-04/conversion-2/Guidance.md	d960e22f6a758f7ef1e6157b55f6d41e38555b298500e85f7f714b8f504c73ed	6058
execution/_Coordination/AgentRuns/SOW-STAGE2-EXEC-20260712-01/instances/WORKING-P4-PKG14/children/VERIFY-B1/work/DEL-14-04/conversion-2/Procedure.md	a3e118c1934b7f3404d33fc4a3c9c00e3ca9b5963f3d9913b9f34d286c9c1a7c	6362
execution/_Coordination/AgentRuns/SOW-STAGE2-EXEC-20260712-01/instances/WORKING-P4-PKG14/children/VERIFY-B1/work/DEL-14-04/conversion-2/ScopeOfWork.md	a1532cf10d8979d200817b9cee3086dbf2d8cddd7e21cfd240a79b7ee9cda54c	41173
execution/_Coordination/AgentRuns/SOW-STAGE2-EXEC-20260712-01/instances/WORKING-P4-PKG14/children/VERIFY-B1/work/DEL-14-04/conversion-2/Specification.md	5d13951beb08855b63e118aeb3f6b17759c607dd81f90b9eff5144b9ca05d329	8319
execution/_Coordination/AgentRuns/SOW-STAGE2-EXEC-20260712-01/instances/WORKING-P4-PKG14/children/VERIFY-B1/work/DEL-14-04/conversion-2/_STATUS.md	d9971534e97fd243386c09073d606a9d425c70e2f70f995a1808d18e7505f940	4026
execution/_Coordination/AgentRuns/SOW-STAGE2-EXEC-20260712-01/instances/WORKING-P4-PKG14/children/VERIFY-B1/work/DEL-14-04/dual/Datasheet.md	ba71b264dffd5d9fd770b831d743132cc9a838f39e66858a6bcde5bed01c0dbe	7655
execution/_Coordination/AgentRuns/SOW-STAGE2-EXEC-20260712-01/instances/WORKING-P4-PKG14/children/VERIFY-B1/work/DEL-14-04/dual/Guidance.md	d960e22f6a758f7ef1e6157b55f6d41e38555b298500e85f7f714b8f504c73ed	6058
execution/_Coordination/AgentRuns/SOW-STAGE2-EXEC-20260712-01/instances/WORKING-P4-PKG14/children/VERIFY-B1/work/DEL-14-04/dual/Procedure.md	a3e118c1934b7f3404d33fc4a3c9c00e3ca9b5963f3d9913b9f34d286c9c1a7c	6362
execution/_Coordination/AgentRuns/SOW-STAGE2-EXEC-20260712-01/instances/WORKING-P4-PKG14/children/VERIFY-B1/work/DEL-14-04/dual/ScopeOfWork.md	a1532cf10d8979d200817b9cee3086dbf2d8cddd7e21cfd240a79b7ee9cda54c	41173
execution/_Coordination/AgentRuns/SOW-STAGE2-EXEC-20260712-01/instances/WORKING-P4-PKG14/children/VERIFY-B1/work/DEL-14-04/dual/Specification.md	5d13951beb08855b63e118aeb3f6b17759c607dd81f90b9eff5144b9ca05d329	8319
execution/_Coordination/AgentRuns/SOW-STAGE2-EXEC-20260712-01/instances/WORKING-P4-PKG14/children/VERIFY-B1/work/DEL-14-04/dual/_STATUS.md	d9971534e97fd243386c09073d606a9d425c70e2f70f995a1808d18e7505f940	4026
execution/_Coordination/AgentRuns/SOW-STAGE2-EXEC-20260712-01/instances/WORKING-P4-PKG14/children/VERIFY-B1/work/DEL-14-04/final-1.json	5ba2ce0fffb23ee9a4967331f8d276a33d9941cbf4368d7e7f9c4603cb608422	13463
execution/_Coordination/AgentRuns/SOW-STAGE2-EXEC-20260712-01/instances/WORKING-P4-PKG14/children/VERIFY-B1/work/DEL-14-04/final-1.md	76937ef2f68eea7ace73dc15de15eb73428266748409b5fd07957cbf2ebd7266	32735
execution/_Coordination/AgentRuns/SOW-STAGE2-EXEC-20260712-01/instances/WORKING-P4-PKG14/children/VERIFY-B1/work/DEL-14-04/final-2.json	5ba2ce0fffb23ee9a4967331f8d276a33d9941cbf4368d7e7f9c4603cb608422	13463
execution/_Coordination/AgentRuns/SOW-STAGE2-EXEC-20260712-01/instances/WORKING-P4-PKG14/children/VERIFY-B1/work/DEL-14-04/final-2.md	76937ef2f68eea7ace73dc15de15eb73428266748409b5fd07957cbf2ebd7266	32735
execution/_Coordination/AgentRuns/SOW-STAGE2-EXEC-20260712-01/instances/WORKING-P4-PKG14/children/VERIFY-B1/work/DEL-14-04/negative/ScopeOfWork.md	f95cc76f343341abf979b2e8c346c858a444daa6bfcfbcb67c3fe9d6709bf08c	32740
execution/_Coordination/AgentRuns/SOW-STAGE2-EXEC-20260712-01/instances/WORKING-P4-PKG14/children/VERIFY-B1/work/DEL-14-04/negative/bad-parity.json	55805af1d2e20212f1050d10b5338b8f6b1bf7042db45a58f543c862c10c8faf	8568
execution/_Coordination/AgentRuns/SOW-STAGE2-EXEC-20260712-01/instances/WORKING-P4-PKG14/children/VERIFY-B1/work/DEL-14-04/negative/dual-noauth/Datasheet.md	ba71b264dffd5d9fd770b831d743132cc9a838f39e66858a6bcde5bed01c0dbe	7655
execution/_Coordination/AgentRuns/SOW-STAGE2-EXEC-20260712-01/instances/WORKING-P4-PKG14/children/VERIFY-B1/work/DEL-14-04/negative/dual-noauth/Guidance.md	d960e22f6a758f7ef1e6157b55f6d41e38555b298500e85f7f714b8f504c73ed	6058
execution/_Coordination/AgentRuns/SOW-STAGE2-EXEC-20260712-01/instances/WORKING-P4-PKG14/children/VERIFY-B1/work/DEL-14-04/negative/dual-noauth/Procedure.md	a3e118c1934b7f3404d33fc4a3c9c00e3ca9b5963f3d9913b9f34d286c9c1a7c	6362
execution/_Coordination/AgentRuns/SOW-STAGE2-EXEC-20260712-01/instances/WORKING-P4-PKG14/children/VERIFY-B1/work/DEL-14-04/negative/dual-noauth/ScopeOfWork.md	a1532cf10d8979d200817b9cee3086dbf2d8cddd7e21cfd240a79b7ee9cda54c	41173
execution/_Coordination/AgentRuns/SOW-STAGE2-EXEC-20260712-01/instances/WORKING-P4-PKG14/children/VERIFY-B1/work/DEL-14-04/negative/dual-noauth/Specification.md	5d13951beb08855b63e118aeb3f6b17759c607dd81f90b9eff5144b9ca05d329	8319
execution/_Coordination/AgentRuns/SOW-STAGE2-EXEC-20260712-01/instances/WORKING-P4-PKG14/children/VERIFY-B1/work/DEL-14-04/negative/dual-noauth/_STATUS.md	d9971534e97fd243386c09073d606a9d425c70e2f70f995a1808d18e7505f940	4026
execution/_Coordination/AgentRuns/SOW-STAGE2-EXEC-20260712-01/instances/WORKING-P4-PKG14/children/VERIFY-B1/work/DEL-14-04/negative/legacy/Datasheet.md	ba71b264dffd5d9fd770b831d743132cc9a838f39e66858a6bcde5bed01c0dbe	7655
execution/_Coordination/AgentRuns/SOW-STAGE2-EXEC-20260712-01/instances/WORKING-P4-PKG14/children/VERIFY-B1/work/DEL-14-04/negative/legacy/Guidance.md	d960e22f6a758f7ef1e6157b55f6d41e38555b298500e85f7f714b8f504c73ed	6058
execution/_Coordination/AgentRuns/SOW-STAGE2-EXEC-20260712-01/instances/WORKING-P4-PKG14/children/VERIFY-B1/work/DEL-14-04/negative/legacy/Procedure.md	a3e118c1934b7f3404d33fc4a3c9c00e3ca9b5963f3d9913b9f34d286c9c1a7c	6362
execution/_Coordination/AgentRuns/SOW-STAGE2-EXEC-20260712-01/instances/WORKING-P4-PKG14/children/VERIFY-B1/work/DEL-14-04/negative/legacy/Specification.md	5d13951beb08855b63e118aeb3f6b17759c607dd81f90b9eff5144b9ca05d329	8319
execution/_Coordination/AgentRuns/SOW-STAGE2-EXEC-20260712-01/instances/WORKING-P4-PKG14/children/VERIFY-B1/work/DEL-14-04/negative/legacy/_STATUS.md	d9971534e97fd243386c09073d606a9d425c70e2f70f995a1808d18e7505f940	4026
execution/_Coordination/AgentRuns/SOW-STAGE2-EXEC-20260712-01/instances/WORKING-P4-PKG14/children/VERIFY-B1/work/DEL-14-05/conversion-1/Datasheet.md	82e6f23caa841419786fae5aee960085210cb9234e44f2212b4873463cdf91d7	6154
execution/_Coordination/AgentRuns/SOW-STAGE2-EXEC-20260712-01/instances/WORKING-P4-PKG14/children/VERIFY-B1/work/DEL-14-05/conversion-1/Guidance.md	2e9811ea6854ad500eb4de083d5ace42a14c71a6de23f445e47bc949e3dc1fe0	5063
execution/_Coordination/AgentRuns/SOW-STAGE2-EXEC-20260712-01/instances/WORKING-P4-PKG14/children/VERIFY-B1/work/DEL-14-05/conversion-1/Procedure.md	a38cbb4437e6590c2708bfdcd9d5f05776491fbb786d302f2899d5eec6dfd7e4	5387
execution/_Coordination/AgentRuns/SOW-STAGE2-EXEC-20260712-01/instances/WORKING-P4-PKG14/children/VERIFY-B1/work/DEL-14-05/conversion-1/ScopeOfWork.md	6a2fff2becec5ffaa49121795a6b079f015355595d311558e0b5ed4905be094b	34880
execution/_Coordination/AgentRuns/SOW-STAGE2-EXEC-20260712-01/instances/WORKING-P4-PKG14/children/VERIFY-B1/work/DEL-14-05/conversion-1/Specification.md	510862132708dc4721169d4efaa6c5f0f63236904fdd989e635f64267627cad5	8090
execution/_Coordination/AgentRuns/SOW-STAGE2-EXEC-20260712-01/instances/WORKING-P4-PKG14/children/VERIFY-B1/work/DEL-14-05/conversion-1/_STATUS.md	1a36b73fe8244570aaa0bf9934756e86d2bf0d64217919eced6122083e0707b2	3066
execution/_Coordination/AgentRuns/SOW-STAGE2-EXEC-20260712-01/instances/WORKING-P4-PKG14/children/VERIFY-B1/work/DEL-14-05/conversion-2/Datasheet.md	82e6f23caa841419786fae5aee960085210cb9234e44f2212b4873463cdf91d7	6154
execution/_Coordination/AgentRuns/SOW-STAGE2-EXEC-20260712-01/instances/WORKING-P4-PKG14/children/VERIFY-B1/work/DEL-14-05/conversion-2/Guidance.md	2e9811ea6854ad500eb4de083d5ace42a14c71a6de23f445e47bc949e3dc1fe0	5063
execution/_Coordination/AgentRuns/SOW-STAGE2-EXEC-20260712-01/instances/WORKING-P4-PKG14/children/VERIFY-B1/work/DEL-14-05/conversion-2/Procedure.md	a38cbb4437e6590c2708bfdcd9d5f05776491fbb786d302f2899d5eec6dfd7e4	5387
execution/_Coordination/AgentRuns/SOW-STAGE2-EXEC-20260712-01/instances/WORKING-P4-PKG14/children/VERIFY-B1/work/DEL-14-05/conversion-2/ScopeOfWork.md	6a2fff2becec5ffaa49121795a6b079f015355595d311558e0b5ed4905be094b	34880
execution/_Coordination/AgentRuns/SOW-STAGE2-EXEC-20260712-01/instances/WORKING-P4-PKG14/children/VERIFY-B1/work/DEL-14-05/conversion-2/Specification.md	510862132708dc4721169d4efaa6c5f0f63236904fdd989e635f64267627cad5	8090
execution/_Coordination/AgentRuns/SOW-STAGE2-EXEC-20260712-01/instances/WORKING-P4-PKG14/children/VERIFY-B1/work/DEL-14-05/conversion-2/_STATUS.md	1a36b73fe8244570aaa0bf9934756e86d2bf0d64217919eced6122083e0707b2	3066
execution/_Coordination/AgentRuns/SOW-STAGE2-EXEC-20260712-01/instances/WORKING-P4-PKG14/children/VERIFY-B1/work/DEL-14-05/dual/Datasheet.md	82e6f23caa841419786fae5aee960085210cb9234e44f2212b4873463cdf91d7	6154
execution/_Coordination/AgentRuns/SOW-STAGE2-EXEC-20260712-01/instances/WORKING-P4-PKG14/children/VERIFY-B1/work/DEL-14-05/dual/Guidance.md	2e9811ea6854ad500eb4de083d5ace42a14c71a6de23f445e47bc949e3dc1fe0	5063
execution/_Coordination/AgentRuns/SOW-STAGE2-EXEC-20260712-01/instances/WORKING-P4-PKG14/children/VERIFY-B1/work/DEL-14-05/dual/Procedure.md	a38cbb4437e6590c2708bfdcd9d5f05776491fbb786d302f2899d5eec6dfd7e4	5387
execution/_Coordination/AgentRuns/SOW-STAGE2-EXEC-20260712-01/instances/WORKING-P4-PKG14/children/VERIFY-B1/work/DEL-14-05/dual/ScopeOfWork.md	6a2fff2becec5ffaa49121795a6b079f015355595d311558e0b5ed4905be094b	34880
execution/_Coordination/AgentRuns/SOW-STAGE2-EXEC-20260712-01/instances/WORKING-P4-PKG14/children/VERIFY-B1/work/DEL-14-05/dual/Specification.md	510862132708dc4721169d4efaa6c5f0f63236904fdd989e635f64267627cad5	8090
execution/_Coordination/AgentRuns/SOW-STAGE2-EXEC-20260712-01/instances/WORKING-P4-PKG14/children/VERIFY-B1/work/DEL-14-05/dual/_STATUS.md	1a36b73fe8244570aaa0bf9934756e86d2bf0d64217919eced6122083e0707b2	3066
execution/_Coordination/AgentRuns/SOW-STAGE2-EXEC-20260712-01/instances/WORKING-P4-PKG14/children/VERIFY-B1/work/DEL-14-05/final-1.json	e750e3d9781f1c42297b8b8e7e2db46a0f850f7077a8401572744fffb6ea7e07	10380
execution/_Coordination/AgentRuns/SOW-STAGE2-EXEC-20260712-01/instances/WORKING-P4-PKG14/children/VERIFY-B1/work/DEL-14-05/final-1.md	5661376fd7a3691c8e8d6c8300f79cc0d819d03bad4cb5261222f42216ef60e2	28498
execution/_Coordination/AgentRuns/SOW-STAGE2-EXEC-20260712-01/instances/WORKING-P4-PKG14/children/VERIFY-B1/work/DEL-14-05/final-2.json	e750e3d9781f1c42297b8b8e7e2db46a0f850f7077a8401572744fffb6ea7e07	10380
execution/_Coordination/AgentRuns/SOW-STAGE2-EXEC-20260712-01/instances/WORKING-P4-PKG14/children/VERIFY-B1/work/DEL-14-05/final-2.md	5661376fd7a3691c8e8d6c8300f79cc0d819d03bad4cb5261222f42216ef60e2	28498
execution/_Coordination/AgentRuns/SOW-STAGE2-EXEC-20260712-01/instances/WORKING-P4-PKG14/children/VERIFY-B1/work/DEL-14-05/negative/ScopeOfWork.md	a4314c576cf8c75bc96de3aeacb1e8cd009c67b471cb5e5662c56281b9550c1e	28503
execution/_Coordination/AgentRuns/SOW-STAGE2-EXEC-20260712-01/instances/WORKING-P4-PKG14/children/VERIFY-B1/work/DEL-14-05/negative/bad-parity.json	463c21c54be27d012ca516a820a2587634ae6bd1f09ef47909c3870a8c141855	6772
execution/_Coordination/AgentRuns/SOW-STAGE2-EXEC-20260712-01/instances/WORKING-P4-PKG14/children/VERIFY-B1/work/DEL-14-05/negative/dual-noauth/Datasheet.md	82e6f23caa841419786fae5aee960085210cb9234e44f2212b4873463cdf91d7	6154
execution/_Coordination/AgentRuns/SOW-STAGE2-EXEC-20260712-01/instances/WORKING-P4-PKG14/children/VERIFY-B1/work/DEL-14-05/negative/dual-noauth/Guidance.md	2e9811ea6854ad500eb4de083d5ace42a14c71a6de23f445e47bc949e3dc1fe0	5063
execution/_Coordination/AgentRuns/SOW-STAGE2-EXEC-20260712-01/instances/WORKING-P4-PKG14/children/VERIFY-B1/work/DEL-14-05/negative/dual-noauth/Procedure.md	a38cbb4437e6590c2708bfdcd9d5f05776491fbb786d302f2899d5eec6dfd7e4	5387
execution/_Coordination/AgentRuns/SOW-STAGE2-EXEC-20260712-01/instances/WORKING-P4-PKG14/children/VERIFY-B1/work/DEL-14-05/negative/dual-noauth/ScopeOfWork.md	6a2fff2becec5ffaa49121795a6b079f015355595d311558e0b5ed4905be094b	34880
execution/_Coordination/AgentRuns/SOW-STAGE2-EXEC-20260712-01/instances/WORKING-P4-PKG14/children/VERIFY-B1/work/DEL-14-05/negative/dual-noauth/Specification.md	510862132708dc4721169d4efaa6c5f0f63236904fdd989e635f64267627cad5	8090
execution/_Coordination/AgentRuns/SOW-STAGE2-EXEC-20260712-01/instances/WORKING-P4-PKG14/children/VERIFY-B1/work/DEL-14-05/negative/dual-noauth/_STATUS.md	1a36b73fe8244570aaa0bf9934756e86d2bf0d64217919eced6122083e0707b2	3066
execution/_Coordination/AgentRuns/SOW-STAGE2-EXEC-20260712-01/instances/WORKING-P4-PKG14/children/VERIFY-B1/work/DEL-14-05/negative/legacy/Datasheet.md	82e6f23caa841419786fae5aee960085210cb9234e44f2212b4873463cdf91d7	6154
execution/_Coordination/AgentRuns/SOW-STAGE2-EXEC-20260712-01/instances/WORKING-P4-PKG14/children/VERIFY-B1/work/DEL-14-05/negative/legacy/Guidance.md	2e9811ea6854ad500eb4de083d5ace42a14c71a6de23f445e47bc949e3dc1fe0	5063
execution/_Coordination/AgentRuns/SOW-STAGE2-EXEC-20260712-01/instances/WORKING-P4-PKG14/children/VERIFY-B1/work/DEL-14-05/negative/legacy/Procedure.md	a38cbb4437e6590c2708bfdcd9d5f05776491fbb786d302f2899d5eec6dfd7e4	5387
execution/_Coordination/AgentRuns/SOW-STAGE2-EXEC-20260712-01/instances/WORKING-P4-PKG14/children/VERIFY-B1/work/DEL-14-05/negative/legacy/Specification.md	510862132708dc4721169d4efaa6c5f0f63236904fdd989e635f64267627cad5	8090
execution/_Coordination/AgentRuns/SOW-STAGE2-EXEC-20260712-01/instances/WORKING-P4-PKG14/children/VERIFY-B1/work/DEL-14-05/negative/legacy/_STATUS.md	1a36b73fe8244570aaa0bf9934756e86d2bf0d64217919eced6122083e0707b2	3066
execution/_Coordination/AgentRuns/SOW-STAGE2-EXEC-20260712-01/instances/WORKING-P4-PKG14/manager_fan_in.py	b68e9365bc9161e1de0c46eed8a193bee570ff86d76d854a354ccf552b87a86f	7973
execution/_Coordination/AgentRuns/SOW-STAGE2-EXEC-20260712-01/instances/WORKING-P4-PKG14/manager_preflight.py	24e84dfe0e1a3688893b991046f119dd13de3e2c2abeaeaa8f44d3dc006dc4fb	3162
